CRASH_RECORD_ID,RD_NO,CRASH_DATE_EST_I,CRASH_DATE,POSTED_SPEED_LIMIT,TRAFFIC_CONTROL_DEVICE,DEVICE_CONDITION,WEATHER_CONDITION,LIGHTING_CONDITION,FIRST_CRASH_TYPE,TRAFFICWAY_TYPE,LANE_CNT,ALIGNMENT,ROADWAY_SURFACE_COND,ROAD_DEFECT,REPORT_TYPE,CRASH_TYPE,INTERSECTION_RELATED_I,NOT_RIGHT_OF_WAY_I,HIT_AND_RUN_I,DAMAGE,DATE_POLICE_NOTIFIED,PRIM_CONTRIBUTORY_CAUSE,SEC_CONTRIBUTORY_CAUSE,STREET_NO,STREET_DIRECTION,STREET_NAME,BEAT_OF_OCCURRENCE,PHOTOS_TAKEN_I,STATEMENTS_TAKEN_I,DOORING_I,WORK_ZONE_I,WORK_ZONE_TYPE,WORKERS_PRESENT_I,NUM_UNITS,MOST_SEVERE_INJURY,INJURIES_TOTAL,INJURIES_FATAL,INJURIES_INCAPACITATING,INJURIES_NON_INCAPACITATING,INJURIES_REPORTED_NOT_EVIDENT,INJURIES_NO_INDICATION,INJURIES_UNKNOWN,CRASH_HOUR,CRASH_DAY_OF_WEEK,CRASH_MONTH,LATITUDE,LONGITUDE,LOCATION
2330ebd857bf9372b8a3043df98841eb160645d30959dbf8049866c85a53f9b93f34c56b5b037c9f8c4611e41e4de26015ae2b2b9c6b718043aa6bacb6f53dcb,JF197877,,3/21/2022 20:30,30,NO CONTROLS,NO CONTROLS,UNKNOWN,DARKNESS,PARKED MOTOR VEHICLE,NOT DIVIDED,,STRAIGHT AND LEVEL,UNKNOWN,UNKNOWN,,NO INJURY / DRIVE AWAY,,,Y,"OVER $1,500",4/5/2022 11:30,UNABLE TO DETERMINE,UNABLE TO DETERMINE,12045,S,JUSTINE ST,524,,,,,,,2,NO INDICATION OF INJURY,0,0,0,0,0,2,0,20,2,3,41.67439827,-87.65992423,POINT (-87.65992423039 41.674398273569)
1742cadcb108730bc9b0aeab0e8d50eef461427b6967de2c5cbc54a42b76eed52418d22fe9085d656680c51af6b7127907706ee91ee9d9182e819bac6795bfd5,JF161624,,3/2/2022 17:05,30,TRAFFIC SIGNAL,FUNCTIONING PROPERLY,CLEAR,DUSK,REAR END,NOT DIVIDED,,STRAIGHT AND LEVEL,DRY,NO DEFECTS,NOT ON SCENE (DESK REPORT),INJURY AND / OR TOW DUE TO CRASH,,,,"OVER $1,500",3/3/2022 7:35,DISTRACTION - FROM INSIDE VEHICLE,UNABLE TO DETERMINE,3827,N,HARLEM AVE,1632,,,,,,,2,"REPORTED, NOT EVIDENT",3,0,0,0,3,2,0,17,4,3,41.94972972,-87.80701433,POINT (-87.807014332821 41.949729723018)
22df5cc17c1104a7f636b8d3bea2ea7ba7a88f008cbcba829f6f1447ae8f478363f30a28c5ad4a11a493eae9d75f54160446cb9b8a409f474568f20d2a9539e9,JF183650,Y,3/18/2022 7:45,25,NO CONTROLS,NO CONTROLS,UNKNOWN,UNKNOWN,PARKED MOTOR VEHICLE,ONE-WAY,,STRAIGHT ON GRADE,UNKNOWN,NO DEFECTS,,NO INJURY / DRIVE AWAY,,,Y,"OVER $1,500",3/23/2022 11:00,UNABLE TO DETERMINE,NOT APPLICABLE,1612,W,BERTEAU AVE,1912,,,,,,,2,NO INDICATION OF INJURY,0,0,0,0,0,1,0,7,6,3,41.95804986,-87.66976467,POINT (-87.669764670268 41.958049861496)
14cdf92b26c9551f5287fe6c45d2590f9786e5c7add417ff6f1309f37439561540aa9cc80b4a9d88dc789ebbe0e9e54e67e8385d91abbc6ca6bcd5cb30d447cc,JF146886,,2/16/2022 22:10,45,NO CONTROLS,NO CONTROLS,RAIN,"DARKNESS, LIGHTED ROAD",OTHER NONCOLLISION,DIVIDED - W/MEDIAN BARRIER,,STRAIGHT AND LEVEL,WET,NO DEFECTS,ON SCENE,INJURY AND / OR TOW DUE TO CRASH,,,,"OVER $1,500",2/16/2022 22:15,UNABLE TO DETERMINE,NOT APPLICABLE,3221,S,LAKE SHORE DR NB,211,,,,,,,1,NO INDICATION OF INJURY,0,0,0,0,0,1,0,22,4,2,41.83561171,-87.60766986,POINT (-87.607669861792 41.83561170913)
14def9cddc2ea79da5ba2869ccb779d5f28745c3d7b7da25428d51ec44a72b26d1aad82cb22c2f8c6438097b999f0dafacac1fd9da106fa043f790fbfa2f3e7f,JF146428,,2/16/2022 14:51,30,NO CONTROLS,NO CONTROLS,CLEAR,DAYLIGHT,SIDESWIPE SAME DIRECTION,DIVIDED - W/MEDIAN BARRIER,,STRAIGHT AND LEVEL,DRY,NO DEFECTS,ON SCENE,NO INJURY / DRIVE AWAY,,,Y,"OVER $1,500",2/16/2022 15:10,IMPROPER OVERTAKING/PASSING,NOT APPLICABLE,9562,S,HALSTED ST,2223,,,,,,,2,NO INDICATION OF INJURY,0,0,0,0,0,2,0,14,4,2,41.71962946,-87.64331137,POINT (-87.643311366317 41.719629462447)
1ef4dfb99ac6127eead83ac314fee9d1d30e3c8fecf9fff1e6b7036722bdd26009d62c353b32b70b8223d59caf2a82c596d43dcfac8363921c9850b21097d372,JF176423,,3/16/2022 21:58,25,NO CONTROLS,NO CONTROLS,CLEAR,DARKNESS,PEDESTRIAN,FOUR WAY,,STRAIGHT AND LEVEL,DRY,NO DEFECTS,ON SCENE,NO INJURY / DRIVE AWAY,Y,,,$500 OR LESS,3/16/2022 22:00,DISREGARDING TRAFFIC SIGNALS,DISREGARDING YIELD SIGN,5545,W,DIVERSEY AVE,2514,,,,,,,2,NO INDICATION OF INJURY,0,0,0,0,0,2,0,21,4,3,41.93117596,-87.76562948,POINT (-87.765629476937 41.931175960946)
1e5abe45b15ca56dc25485764b3089a081c12622c9d294f033ffbaa97f29cc33b272cd7e85640771a14fcd5f3e1875151806f823240439b074cc54d6a1691ee9,JD184073,,3/13/2020 9:56,30,TRAFFIC SIGNAL,FUNCTIONING PROPERLY,CLEAR,DAYLIGHT,ANGLE,FOUR WAY,,STRAIGHT AND LEVEL,DRY,NO DEFECTS,,INJURY AND / OR TOW DUE TO CRASH,Y,,,"OVER $1,500",3/13/2020 9:56,FAILING TO REDUCE SPEED TO AVOID CRASH,UNABLE TO DETERMINE,401,E,PERSHING RD,214,,Y,,,,,2,"REPORTED, NOT EVIDENT",1,0,0,0,1,3,0,9,6,3,41.82372935,-87.61666644,POINT (-87.616666437149 41.823729353424)
262a5cf2fc5f98193c94d52b5b094b1d3ec8d2199b57d5d6efa768aba9402857ac9571ab40f423b139a06673a5f35fdd2a761e155be2b067f84d7cfec19e1267,JC559297,,12/24/2019 20:20,30,TRAFFIC SIGNAL,FUNCTIONING PROPERLY,CLEAR,"DARKNESS, LIGHTED ROAD",SIDESWIPE SAME DIRECTION,DIVIDED - W/MEDIAN (NOT RAISED),,STRAIGHT AND LEVEL,DRY,NO DEFECTS,,NO INJURY / DRIVE AWAY,,,,"OVER $1,500",12/24/2019 20:30,IMPROPER OVERTAKING/PASSING,FAILING TO YIELD RIGHT-OF-WAY,4401,W,OGDEN AVE,1013,,,,,,,2,NO INDICATION OF INJURY,0,0,0,0,0,3,0,20,3,12,41.84757771,-87.73438435,POINT (-87.734384344751 41.847577707741)
163c3f30005069c1b3d05335cf7573e7c68a9072c331d298bbf45271d3092cf84c47d91842abb4b3f04b55b12cb3f6594a3a025ca3f0f333c4a461ca5d23672b,JF155350,,2/16/2022 15:40,30,TRAFFIC SIGNAL,FUNCTIONING PROPERLY,CLEAR,DAYLIGHT,REAR END,NOT DIVIDED,,STRAIGHT AND LEVEL,DRY,NO DEFECTS,NOT ON SCENE (DESK REPORT),NO INJURY / DRIVE AWAY,,,,"OVER $1,500",2/25/2022 8:00,UNABLE TO DETERMINE,NOT APPLICABLE,391,E,111TH ST,531,N,,,,,,2,NO INDICATION OF INJURY,0,0,0,0,0,2,0,15,4,2,41.69262697,-87.61349415,POINT (-87.613494151556 41.692626970861)
16651e7f378516b7cd29262698d40fbe70080345c743e2865a5ce0a8b1b8a23167f30bae336bc031e90884670da111eb5a9ddb0a57cd537b59f3b6ba4352bf84,JF153922,,2/23/2022 17:30,30,NO CONTROLS,NO CONTROLS,CLEAR,"DARKNESS, LIGHTED ROAD",SIDESWIPE SAME DIRECTION,ONE-WAY,,STRAIGHT AND LEVEL,DRY,NO DEFECTS,ON SCENE,NO INJURY / DRIVE AWAY,,,,$500 OR LESS,2/23/2022 17:36,DRIVING SKILLS/KNOWLEDGE/EXPERIENCE,UNABLE TO DETERMINE,5346,S,WELLS ST,935,,,,,,,2,NO INDICATION OF INJURY,0,0,0,0,0,2,0,17,4,2,41.79684878,-87.63203203,POINT (-87.632032031599 41.79684878412)
16b6893f8179f1698fe3b58b172ddf1524126c87bd2ed24cc1e28815f30f0c0c7da41dc92880cc6319c4c5af69830439e36a7b313e64a34af2192e53a958559d,JF154110,,2/23/2022 21:04,30,TRAFFIC SIGNAL,FUNCTIONING PROPERLY,BLOWING SNOW,"DARKNESS, LIGHTED ROAD",TURNING,FOUR WAY,,STRAIGHT AND LEVEL,ICE,UNKNOWN,,INJURY AND / OR TOW DUE TO CRASH,Y,,,"OVER $1,500",2/23/2022 21:04,UNABLE TO DETERMINE,UNABLE TO DETERMINE,3800,N,ORIOLE AVE,1631,,,,,,,4,"REPORTED, NOT EVIDENT",1,0,0,0,1,3,0,21,4,2,41.94922967,-87.81707522,POINT (-87.817075217541 41.949229671418)
1b1766f2197286a6e7775b3cb1750e3a525532688868ae46b5b028d2cd3e8f65714d6086faffb0a7fe886093457955d45930b4d298d7b00021903a004d373167,JF160834,,3/2/2022 11:30,30,NO CONTROLS,NO CONTROLS,CLEAR,DAYLIGHT,SIDESWIPE SAME DIRECTION,ONE-WAY,,STRAIGHT AND LEVEL,DRY,UNKNOWN,NOT ON SCENE (DESK REPORT),INJURY AND / OR TOW DUE TO CRASH,,,,"OVER $1,500",3/2/2022 12:10,FAILING TO YIELD RIGHT-OF-WAY,NOT APPLICABLE,1035,N,HERMITAGE AVE,1213,,,,,,,2,NONINCAPACITATING INJURY,1,0,0,1,0,1,0,11,4,3,41.90068895,-87.67094482,POINT (-87.670944822065 41.900688953282)
1faf839516999da9193e9348eb3d2f556c17372e7782f557bac11a2c06e74536e3489b18b6a21bdfecf75f587e37204a25c2be7094b0ad1bc74c906783c70eb9,JE208407,,4/24/2021 2:50,30,TRAFFIC SIGNAL,FUNCTIONING PROPERLY,CLEAR,"DARKNESS, LIGHTED ROAD",REAR END,DIVIDED - W/MEDIAN (NOT RAISED),,STRAIGHT ON GRADE,DRY,NO DEFECTS,,INJURY AND / OR TOW DUE TO CRASH,Y,,Y,"OVER $1,500",4/24/2021 2:55,UNABLE TO DETERMINE,"OPERATING VEHICLE IN ERRATIC, RECKLESS, CARELESS, NEGLIGENT OR AGGRESSIVE MANNER",3201,W,CHICAGO AVE,1121,Y,Y,,,,,3,NO INDICATION OF INJURY,0,0,0,0,0,8,0,2,7,4,41.89544308,-87.7066155,POINT (-87.706615498674 41.895443076637)
2852e9117f24beabed33f14ad404ed17c7114ead996d9696f4862c54563e2e0943ba20dd8bec8bc44eaf55be1d5664a3c60ae86d00ce9c88971d6dce0bdecdf9,JE351911,,8/27/2021 13:50,35,TRAFFIC SIGNAL,FUNCTIONING PROPERLY,CLEAR,DAYLIGHT,SIDESWIPE OPPOSITE DIRECTION,NOT DIVIDED,,STRAIGHT AND LEVEL,DRY,NO DEFECTS,,NO INJURY / DRIVE AWAY,Y,,,"OVER $1,500",8/27/2021 14:00,FAILING TO YIELD RIGHT-OF-WAY,FAILING TO YIELD RIGHT-OF-WAY,7647,S,KEDZIE AVE,835,,,,,,,4,NO INDICATION OF INJURY,0,0,0,0,0,2,0,13,6,8,41.75388279,-87.70236384,POINT (-87.702363838048 41.753882791769)
1736c00881b002485aae49de963f5deedab63393de09bb8438ba29a2c0d25b442ac882ba82ae691d2519975845dc434d067c9bb3b055057948e5d219f9814979,JF146130,,2/16/2022 11:00,30,NO CONTROLS,NO CONTROLS,CLOUDY/OVERCAST,DAYLIGHT,PARKED MOTOR VEHICLE,NOT DIVIDED,,STRAIGHT AND LEVEL,SNOW OR SLUSH,NO DEFECTS,ON SCENE,NO INJURY / DRIVE AWAY,,,,"$501 - $1,500",2/16/2022 11:02,DRIVING SKILLS/KNOWLEDGE/EXPERIENCE,NOT APPLICABLE,4022,W,16TH ST,1012,,,,,,,2,NO INDICATION OF INJURY,0,0,0,0,0,2,0,11,4,2,41.85896425,-87.72602968,POINT (-87.726029677318 41.858964253852)
173747c0ed4c751e16c78afae2dd7044bd88333495a089f10c9ee1eae645acc8ebd683c5e4c41e9e69928f7d1007ec0bd6e76b573c8d253a081c35797d9c011e,JF146046,,2/16/2022 9:30,45,NO CONTROLS,NO CONTROLS,CLEAR,DAYLIGHT,SIDESWIPE SAME DIRECTION,DIVIDED - W/MEDIAN BARRIER,,STRAIGHT AND LEVEL,UNKNOWN,NO DEFECTS,NOT ON SCENE (DESK REPORT),NO INJURY / DRIVE AWAY,,,Y,"$501 - $1,500",2/16/2022 10:00,UNABLE TO DETERMINE,UNABLE TO DETERMINE,3200,N,LAKE SHORE DR SB,1925,,,,,,,2,NO INDICATION OF INJURY,0,0,0,0,0,2,0,9,4,2,41.9404429,-87.63863354,POINT (-87.638633539238 41.940442902597)
175556de40c46d3c8fd012b6e19301ff3a34275b77deec42e6499420fe3fc0d3010d8882d03a0557f27c9f8b3452dd3a4f46b863c327adaf818bc9ac4a3e2b95,JF153725,,2/23/2022 14:08,30,STOP SIGN/FLASHER,FUNCTIONING PROPERLY,CLEAR,DAYLIGHT,TURNING,FOUR WAY,,STRAIGHT AND LEVEL,DRY,NO DEFECTS,ON SCENE,INJURY AND / OR TOW DUE TO CRASH,Y,,,"OVER $1,500",2/23/2022 15:10,DISTRACTION - FROM OUTSIDE VEHICLE,NOT APPLICABLE,941,W,EXCHANGE AVE,925,,,,,,,2,"REPORTED, NOT EVIDENT",2,0,0,0,2,1,0,14,4,2,41.81857365,-87.65023767,POINT (-87.650237669261 41.818573648786)
173889a52bbe6b7452b73156e4d917b566ac5f1958d8a320437361c02d3767da302fb548ac93e0db48f135ab0165699c44dd73991ce43f6344a0d77d706e02db,JE294182,Y,7/8/2021 5:00,30,TRAFFIC SIGNAL,FUNCTIONING PROPERLY,CLEAR,DAWN,ANGLE,"FIVE POINT, OR MORE",,STRAIGHT AND LEVEL,DRY,NO DEFECTS,,INJURY AND / OR TOW DUE TO CRASH,Y,,N,"OVER $1,500",7/8/2021 5:00,UNABLE TO DETERMINE,UNABLE TO DETERMINE,3400,W,DIVERSEY AVE,1412,,,,,,,2,INCAPACITATING INJURY,1,0,1,0,0,1,0,5,5,7,41.93208775,-87.71238583,POINT (-87.712385829513 41.932087747379)
174a5ace4630866002cc0a7ebe940f087a04da8e4aee61dbea27771cef33bfdc11e7a4462e872a61b44b03e6414eb85fd10d14f811219a1bc959a803a1e7fb8a,JE181288,,3/27/2021 11:58,30,NO CONTROLS,NO CONTROLS,CLEAR,DAYLIGHT,PARKED MOTOR VEHICLE,NOT DIVIDED,,STRAIGHT AND LEVEL,DRY,NO DEFECTS,,NO INJURY / DRIVE AWAY,,,,$500 OR LESS,3/27/2021 12:05,DRIVING SKILLS/KNOWLEDGE/EXPERIENCE,NOT APPLICABLE,3653,W,65TH ST,833,,,,,,,2,NO INDICATION OF INJURY,0,0,0,0,0,1,0,11,7,3,41.77502163,-87.71505619,POINT (-87.715056194204 41.775021631608)
1bb624d400e09041f167b3e238509614e149d62f51d96252dc4ac44b90fb4bc5151dc360ca96941dea90cbf0b643df348a391350480b8c7dce046056dfff696e,JE228740,,5/13/2021 12:09,25,NO CONTROLS,NO CONTROLS,CLEAR,DAYLIGHT,HEAD ON,ONE-WAY,,STRAIGHT AND LEVEL,DRY,NO DEFECTS,,INJURY AND / OR TOW DUE TO CRASH,,,Y,"OVER $1,500",5/13/2021 12:21,"OPERATING VEHICLE IN ERRATIC, RECKLESS, CARELESS, NEGLIGENT OR AGGRESSIVE MANNER",DRIVING ON WRONG SIDE/WRONG WAY,6500,S,LAFLIN ST,725,,,,,,,5,NONINCAPACITATING INJURY,1,0,0,1,0,4,0,12,5,5,41.77577484,-87.66182472,POINT (-87.661824717984 41.775774836178)
28cab66b94ce2f50f39c832ac01313d99c23e7438d3f0c6238d51b9b7899e34dc37ae46befd58022a28cabbc1b87e197d068817242ba7a4c683ca60233dc2e6f,JF182438,,3/22/2022 10:05,30,TRAFFIC SIGNAL,FUNCTIONING PROPERLY,RAIN,DAYLIGHT,TURNING,NOT DIVIDED,,STRAIGHT AND LEVEL,WET,NO DEFECTS,NOT ON SCENE (DESK REPORT),NO INJURY / DRIVE AWAY,,,,"$501 - $1,500",3/22/2022 10:20,FAILING TO YIELD RIGHT-OF-WAY,NOT APPLICABLE,3800,N,CLARK ST,1923,,,,,,,2,NO INDICATION OF INJURY,0,0,0,0,0,3,0,10,3,3,41.95106405,-87.65979513,POINT (-87.659795128028 41.951064053085)
1836995490b4807eddaa4cc4fae9ab94d4c575fe66c62b944762d9d4f9d28e3043c5310ee84c0348c98f159cfe5bf7e38669ff5692e3a4caf28fab07755af4d0,JF155524,,2/16/2022 17:30,30,NO CONTROLS,NO CONTROLS,UNKNOWN,UNKNOWN,ANGLE,NOT DIVIDED,,STRAIGHT AND LEVEL,UNKNOWN,UNKNOWN,NOT ON SCENE (DESK REPORT),NO INJURY / DRIVE AWAY,,,,"OVER $1,500",2/25/2022 11:11,UNABLE TO DETERMINE,UNABLE TO DETERMINE,4131,N,KEDZIE AVE,1724,,,,,,,2,NO INDICATION OF INJURY,0,0,0,0,0,4,0,17,4,2,41.95670265,-87.70795372,POINT (-87.707953723801 41.956702653421)
28cf29ddeb9f2e03eb5a1a11ffa1c1480a977f5a3b7f460d1406b7626894229eb9e6cbde2a05a53e10989e0d514e788edce169dc115b03edb68f508e829f3638,JE321066,,7/28/2021 11:15,30,NO CONTROLS,NO CONTROLS,CLEAR,DAYLIGHT,SIDESWIPE SAME DIRECTION,DIVIDED - W/MEDIAN (NOT RAISED),,STRAIGHT AND LEVEL,DRY,NO DEFECTS,,INJURY AND / OR TOW DUE TO CRASH,,,,"OVER $1,500",7/31/2021 13:40,UNABLE TO DETERMINE,NOT APPLICABLE,100,E,GRAND AVE,1834,,,,,,,2,NO INDICATION OF INJURY,0,0,0,0,0,2,0,11,4,7,41.89182349,-87.62531771,POINT (-87.625317709668 41.891823490173)
1ce1681dbe4be1edef79fe3503feca4d18dca7774fc3e948c84c456865e470628259bb578e6681d3568a4cb006ba2667e7a3a08dbeefecf352a334a681abbbb7,JF161233,,3/2/2022 17:45,30,NO CONTROLS,NO CONTROLS,UNKNOWN,UNKNOWN,SIDESWIPE SAME DIRECTION,NOT DIVIDED,,STRAIGHT AND LEVEL,UNKNOWN,UNKNOWN,NOT ON SCENE (DESK REPORT),NO INJURY / DRIVE AWAY,,,,"OVER $1,500",3/2/2022 18:30,UNABLE TO DETERMINE,NOT APPLICABLE,7920,S,HALSTED ST,621,,,,,,,2,NO INDICATION OF INJURY,0,0,0,0,0,2,0,17,4,3,41.74998303,-87.64417194,POINT (-87.644171935927 41.749983029322)
1d1412cca41c81496c6752b5997663ef843c1464a2d6c359a7cd06a9037519cbf433c87d0859f55bdcb7535fa695f69f25e17f1dbd58e8c4f00ef187a6885fa2,JF160788,,3/2/2022 11:31,20,NO CONTROLS,NO CONTROLS,CLEAR,DAYLIGHT,FIXED OBJECT,NOT DIVIDED,,STRAIGHT AND LEVEL,DRY,NO DEFECTS,ON SCENE,NO INJURY / DRIVE AWAY,,,,"OVER $1,500",3/2/2022 11:31,DISREGARDING OTHER TRAFFIC SIGNS,DRIVING SKILLS/KNOWLEDGE/EXPERIENCE,3557,W,POTOMAC AVE,1422,,,,,,,1,NO INDICATION OF INJURY,0,0,0,0,0,1,0,11,4,3,41.90445469,-87.71632206,POINT (-87.716322063843 41.904454690321)
192a2f51c5518bd6a575f8379dae13e7f4bafd5465091cc8640e153002e6193bf29ef697268d09c85faac728184525b1d1028a6b90e90cb87fe8e833028b06b6,JF146643,,2/16/2022 15:43,30,STOP SIGN/FLASHER,FUNCTIONING PROPERLY,RAIN,DAYLIGHT,TURNING,DIVIDED - W/MEDIAN (NOT RAISED),,STRAIGHT AND LEVEL,WET,NO DEFECTS,NOT ON SCENE (DESK REPORT),NO INJURY / DRIVE AWAY,Y,,,"OVER $1,500",2/16/2022 18:00,FAILING TO YIELD RIGHT-OF-WAY,NOT APPLICABLE,428,W,CHICAGO AVE,1823,,,,,,,2,NO INDICATION OF INJURY,0,0,0,0,0,3,0,15,4,2,41.89662597,-87.63982908,POINT (-87.639829076953 41.89662596489)
18e72ec1f2b304c58137b7ce4149c2a785a03bfe537cf1092f1700709c05ed5681d57924e2ae44912a8251663ef98b9c57783853b6aeb886d157d29141b9df85,JF154097,,2/23/2022 20:10,30,NO CONTROLS,NO CONTROLS,CLEAR,"DARKNESS, LIGHTED ROAD",PARKED MOTOR VEHICLE,NOT DIVIDED,,STRAIGHT AND LEVEL,DRY,WORN SURFACE,ON SCENE,INJURY AND / OR TOW DUE TO CRASH,,,,"OVER $1,500",2/23/2022 20:20,UNABLE TO DETERMINE,UNABLE TO DETERMINE,1510,W,BRYN MAWR AVE,2013,,,,,,,3,NO INDICATION OF INJURY,0,0,0,0,0,1,0,20,4,2,41.98361254,-87.6679661,POINT (-87.667966103944 41.983612534572)
19d54d20304aabf70e44e37611f5b71d6b6abdb64468d701290f68b2752c8ab735b053ec7f930fa76d31438e5a9d2eb316976539c8fd07699b4d01c03d13b4ed,JF153494,,2/23/2022 11:20,35,TRAFFIC SIGNAL,FUNCTIONING PROPERLY,CLEAR,DAYLIGHT,TURNING,NOT DIVIDED,,STRAIGHT AND LEVEL,DRY,NO DEFECTS,NOT ON SCENE (DESK REPORT),NO INJURY / DRIVE AWAY,Y,,,"OVER $1,500",2/23/2022 11:27,FAILING TO YIELD RIGHT-OF-WAY,FAILING TO YIELD RIGHT-OF-WAY,2700,W,CERMAK RD,1023,,,,,,,2,NO INDICATION OF INJURY,0,0,0,0,0,2,0,11,4,2,41.85204392,-87.6930594,POINT (-87.693059394965 41.852043920722)
2c70235a1259b635078b51c0a1cbd448cd83605ca9fef60c796e3030c28782227c504e86241a46869ab1b7484a88b481592c9c3a40edaa9150f6645c5c2a7289,JF182615,,3/22/2022 11:52,20,NO CONTROLS,NO CONTROLS,CLOUDY/OVERCAST,DAYLIGHT,PARKED MOTOR VEHICLE,ONE-WAY,,STRAIGHT AND LEVEL,DRY,NO DEFECTS,ON SCENE,NO INJURY / DRIVE AWAY,,,Y,"OVER $1,500",3/22/2022 11:53,UNABLE TO DETERMINE,NOT APPLICABLE,1047,N,MAYFIELD AVE,1511,,,,,,,2,NO INDICATION OF INJURY,0,0,0,0,0,1,0,11,3,3,41.89978455,-87.77271998,POINT (-87.772719980448 41.899784548117)
1b3573d285bdfc10f1715688509028057c3cc517b2e62eb1e6b850eb29cd3e4e28858ea4f292db211843b9f260a43147b9cdd5c65f4c53b910a4a466c9644191,JF152757,,2/16/2022 19:00,25,NO CONTROLS,NO CONTROLS,UNKNOWN,UNKNOWN,PARKED MOTOR VEHICLE,NOT DIVIDED,,STRAIGHT AND LEVEL,UNKNOWN,UNKNOWN,NOT ON SCENE (DESK REPORT),NO INJURY / DRIVE AWAY,,,,"OVER $1,500",2/22/2022 18:45,UNABLE TO DETERMINE,UNABLE TO DETERMINE,3000,W,GEORGE ST,1411,,,,,,,2,NO INDICATION OF INJURY,0,0,0,0,0,1,0,19,4,2,41.9339961,-87.70263476,POINT (-87.702634763361 41.933996097575)
2d15c62f3dc371fd4abb0bfce6a01016f443c25ad7734ffefcefde5eb2a26d289c28daa918201fd6faaeae058d8147ba24df82be470f59c09e862bc5dd3932d6,JF183014,,3/22/2022 16:30,30,TRAFFIC SIGNAL,FUNCTIONING PROPERLY,CLEAR,DAYLIGHT,REAR END,FOUR WAY,,STRAIGHT AND LEVEL,DRY,NO DEFECTS,NOT ON SCENE (DESK REPORT),NO INJURY / DRIVE AWAY,Y,,,"$501 - $1,500",3/22/2022 17:58,UNABLE TO DETERMINE,UNABLE TO DETERMINE,7600,S,STATE ST,623,,,,,,,3,NO INDICATION OF INJURY,0,0,0,0,0,4,0,16,3,3,41.75640041,-87.62486969,POINT (-87.624869685896 41.756400406673)
1e6d840dcc1079e062e736e4e6a2cf134edfdd4a015f4943a41a9fc07f5f38caf87cb800c4071749d8b391ac2b0019f3492806b3b456e247b733407ea62597fc,JF161253,,3/2/2022 18:16,30,NO CONTROLS,NO CONTROLS,CLEAR,"DARKNESS, LIGHTED ROAD",TURNING,NOT DIVIDED,,STRAIGHT AND LEVEL,DRY,NO DEFECTS,ON SCENE,NO INJURY / DRIVE AWAY,,,,"OVER $1,500",3/2/2022 18:16,UNABLE TO DETERMINE,UNABLE TO DETERMINE,333,W,35TH ST,915,,Y,,,,,2,NO INDICATION OF INJURY,0,0,0,0,0,2,0,18,4,3,41.83078366,-87.63529578,POINT (-87.635295783045 41.830783662283)
1ab77cc0f11211670c320677171a5902f5f5d82c3ea238fa8b93cab77b20cd1f675e736bfc7cd1a31d9e3f0976042fd579df7eaed817cbeb95590f2d67d7bb5b,JF153643,,2/23/2022 13:54,30,TRAFFIC SIGNAL,FUNCTIONING PROPERLY,CLEAR,DAYLIGHT,TURNING,DIVIDED - W/MEDIAN (NOT RAISED),,STRAIGHT AND LEVEL,DRY,OTHER,ON SCENE,INJURY AND / OR TOW DUE TO CRASH,Y,,,"OVER $1,500",2/23/2022 13:54,"OPERATING VEHICLE IN ERRATIC, RECKLESS, CARELESS, NEGLIGENT OR AGGRESSIVE MANNER",IMPROPER LANE USAGE,6258,S,HALSTED ST,712,,,,Y,CONSTRUCTION,Y,3,NONINCAPACITATING INJURY,1,0,0,1,0,2,0,13,4,2,41.77979442,-87.64493419,POINT (-87.644934190393 41.779794416267)
1af4675e1fc205cad44089cb7bd7bb29644c7945927fe2bb9e5e2b946802884b0fc97f84f14879095bfa504173ac7b7e200ebbd569f61dcb8f730249b933771b,JF153750,,2/23/2022 15:00,30,NO CONTROLS,NO CONTROLS,CLEAR,DAYLIGHT,SIDESWIPE SAME DIRECTION,DIVIDED - W/MEDIAN (NOT RAISED),,STRAIGHT AND LEVEL,DRY,NO DEFECTS,NOT ON SCENE (DESK REPORT),NO INJURY / DRIVE AWAY,,,,"$501 - $1,500",2/23/2022 16:21,FOLLOWING TOO CLOSELY,NOT APPLICABLE,5199,S,ARCHER AVE,815,,,,,,,2,NO INDICATION OF INJURY,0,0,0,0,0,2,0,15,4,2,41.79991133,-87.73428715,POINT (-87.734287146287 41.799911331772)
23cdf6ce70bbbf9736fada184fd5456a8325a7daeb04bd3455e1f470328b095de3884ab1bb6ca7e17376d89177cd4739976546d4a7b13890f609213db0c28db0,JF184533,,3/24/2022 2:45,30,TRAFFIC SIGNAL,FUNCTIONING PROPERLY,RAIN,"DARKNESS, LIGHTED ROAD",OTHER NONCOLLISION,T-INTERSECTION,,STRAIGHT AND LEVEL,WET,NO DEFECTS,ON SCENE,INJURY AND / OR TOW DUE TO CRASH,,,,"OVER $1,500",3/24/2022 3:11,UNABLE TO DETERMINE,NOT APPLICABLE,5100,S,PULASKI RD,815,,,,,,,2,NO INDICATION OF INJURY,0,0,0,0,0,2,0,2,5,3,41.8005277,-87.72351928,POINT (-87.723519274799 41.80052770213)
2caf114603473d140e24069a206a859f6d4ad7a1684b12d85fbf46fc20637d907ab02ed6024497a4c5dd47d2e19b4f7c7b448ff3869d21bf4665d9813e849529,JD327355,,8/10/2020 14:15,25,NO CONTROLS,NO CONTROLS,CLEAR,DAYLIGHT,REAR END,NOT DIVIDED,,STRAIGHT AND LEVEL,DRY,NO DEFECTS,,NO INJURY / DRIVE AWAY,,,Y,"OVER $1,500",8/10/2020 15:30,UNABLE TO DETERMINE,UNABLE TO DETERMINE,14,S,SACRAMENTO BLVD,1124,,,,,,,3,NO INDICATION OF INJURY,0,0,0,0,0,5,0,14,2,8,41.88057863,-87.70133977,POINT (-87.701339767445 41.880578634072)