CRASH_RECORD_ID,RD_NO,CRASH_DATE_EST_I,CRASH_DATE,POSTED_SPEED_LIMIT,TRAFFIC_CONTROL_DEVICE,DEVICE_CONDITION,WEATHER_CONDITION,LIGHTING_CONDITION,FIRST_CRASH_TYPE,TRAFFICWAY_TYPE,LANE_CNT,ALIGNMENT,ROADWAY_SURFACE_COND,ROAD_DEFECT,REPORT_TYPE,CRASH_TYPE,INTERSECTION_RELATED_I,NOT_RIGHT_OF_WAY_I,HIT_AND_RUN_I,DAMAGE,DATE_POLICE_NOTIFIED,PRIM_CONTRIBUTORY_CAUSE,SEC_CONTRIBUTORY_CAUSE,STREET_NO,STREET_DIRECTION,STREET_NAME,BEAT_OF_OCCURRENCE,PHOTOS_TAKEN_I,STATEMENTS_TAKEN_I,DOORING_I,WORK_ZONE_I,WORK_ZONE_TYPE,WORKERS_PRESENT_I,NUM_UNITS,MOST_SEVERE_INJURY,INJURIES_TOTAL,INJURIES_FATAL,INJURIES_INCAPACITATING,INJURIES_NON_INCAPACITATING,INJURIES_REPORTED_NOT_EVIDENT,INJURIES_NO_INDICATION,INJURIES_UNKNOWN,CRASH_HOUR,CRASH_DAY_OF_WEEK,CRASH_MONTH,LATITUDE,LONGITUDE,LOCATION
2db282bff502011ac1dda49ca3ab0c9ce7e3d240e9ad823b1cdd78182d3529dc16bd8edd9129545e58497afab2deaf8b4fcabe1c32e48463dacab7d860cfbda2,JF182183,,3/22/2022 2:00,15,NO CONTROLS,NO CONTROLS,CLEAR,"DARKNESS, LIGHTED ROAD",FIXED OBJECT,ONE-WAY,,STRAIGHT AND LEVEL,DRY,NO DEFECTS,ON SCENE,NO INJURY / DRIVE AWAY,,Y,Y,$500 OR LESS,3/22/2022 4:50,"OPERATING VEHICLE IN ERRATIC, RECKLESS, CARELESS, NEGLIGENT OR AGGRESSIVE MANNER","OPERATING VEHICLE IN ERRATIC, RECKLESS, CARELESS, NEGLIGENT OR AGGRESSIVE MANNER",836,W,WELLINGTON AVE,1933,,,,,,,1,NO INDICATION OF INJURY,0,0,0,0,0,1,0,2,3,3,41.93645017,-87.65055245,POINT (-87.650552452041 41.936450167582)
2f0c89dc2cc8be85e7321ce05e6a5de7d721cfed80fc24cad316dc001b1f1d17726dfbb1458e143d96b146e3c017ba78eff541d11f086b148bd37058cf16dc21,JF183006,,3/22/2022 17:25,30,STOP SIGN/FLASHER,FUNCTIONING PROPERLY,RAIN,DAYLIGHT,TURNING,T-INTERSECTION,,STRAIGHT AND LEVEL,WET,NO DEFECTS,ON SCENE,INJURY AND / OR TOW DUE TO CRASH,Y,,,$500 OR LESS,3/22/2022 17:35,UNABLE TO DETERMINE,NOT APPLICABLE,1099,W,VAN BUREN ST,1232,,,,,,,2,"REPORTED, NOT EVIDENT",1,0,0,0,1,1,0,17,3,3,41.87645425,-87.65444606,POINT (-87.654446062498 41.876454254176)
266eb329fd2996f3f5ff44dc63f403f52fe7fd14f58507dcd5f9d13f01e1be3826c0a247473683f0fbc1663e01602dc6bda4f032fa217d029f9269533b280974,JF169303,,3/9/2022 12:00,25,TRAFFIC SIGNAL,FUNCTIONING PROPERLY,CLEAR,DAYLIGHT,ANGLE,NOT DIVIDED,,STRAIGHT AND LEVEL,DRY,NO DEFECTS,NOT ON SCENE (DESK REPORT),NO INJURY / DRIVE AWAY,,,Y,"OVER $1,500",3/10/2022 13:05,DISREGARDING TRAFFIC SIGNALS,NOT APPLICABLE,6900,S,HALSTED ST,733,,,,,,,2,NO INDICATION OF INJURY,0,0,0,0,0,2,0,12,4,3,41.76874434,-87.64465138,POINT (-87.644651378169 41.768744340933)
1d095fe2bd9d1eb0ed2f4c7fe004b385836299b5f9af05498d591cddb9b4bf0e3917c0dc7740e9d773ee7319541a63a2ddd6f01bb77ecf94f40a6bd10b68d16e,JF153234,,2/23/2022 7:50,30,NO CONTROLS,NO CONTROLS,CLEAR,DAYLIGHT,PARKED MOTOR VEHICLE,NOT DIVIDED,,STRAIGHT AND LEVEL,DRY,NO DEFECTS,NOT ON SCENE (DESK REPORT),NO INJURY / DRIVE AWAY,,,,"$501 - $1,500",2/23/2022 8:15,UNABLE TO DETERMINE,UNABLE TO DETERMINE,5528,W,BALMORAL AVE,1623,,,,,,,2,NO INDICATION OF INJURY,0,0,0,0,0,1,0,7,4,2,41.97942755,-87.76712945,POINT (-87.767129447208 41.979427546969)
2dc295b744d044e557e80fa1ffdbccd5185ddb65761b4ba632b206f789319a39ab56841e2a9fc784fe1292134ed6f9bddd0ee943516e216dec78ee9427737788,JE253968,,6/4/2021 19:30,30,NO CONTROLS,NO CONTROLS,CLEAR,DAYLIGHT,ANGLE,PARKING LOT,,STRAIGHT AND LEVEL,DRY,NO DEFECTS,,NO INJURY / DRIVE AWAY,,,,"OVER $1,500",6/4/2021 20:00,UNABLE TO DETERMINE,NOT APPLICABLE,4733,W,76TH ST,833,,,,,,,2,NO INDICATION OF INJURY,0,0,0,0,0,2,0,19,6,6,41.75423733,-87.74051786,POINT (-87.740517860834 41.754237325612)
1d8c574b289251bad70aebfed29707753d40eaf96888571eecdcd935b3c52b4265d1b9e7eed52d9f5a894b9844e30092a1e1bf81cb33cb17eea3e7e4c522b5be,JF146721,,2/16/2022 18:00,35,TRAFFIC SIGNAL,FUNCTIONING PROPERLY,RAIN,"DARKNESS, LIGHTED ROAD",PEDESTRIAN,DIVIDED - W/MEDIAN (NOT RAISED),,STRAIGHT AND LEVEL,WET,NO DEFECTS,ON SCENE,NO INJURY / DRIVE AWAY,Y,,Y,$500 OR LESS,2/16/2022 18:25,FAILING TO YIELD RIGHT-OF-WAY,FAILING TO REDUCE SPEED TO AVOID CRASH,6259,S,CICERO AVE,813,,,,,,,2,NO INDICATION OF INJURY,0,0,0,0,0,2,0,18,4,2,41.77852311,-87.74214897,POINT (-87.742148973621 41.778523112921)
1db5a64d67a5230051398c7da62f149e4221c07b784311033dfe00ce614537aa725c9c98ef702a55d815bcb80426091bb577184d26a10d8fbf9e5522b475faf0,JF146569,,2/16/2022 16:40,25,STOP SIGN/FLASHER,FUNCTIONING PROPERLY,CLEAR,DAYLIGHT,TURNING,DIVIDED - W/MEDIAN (NOT RAISED),,STRAIGHT AND LEVEL,DRY,UNKNOWN,NOT ON SCENE (DESK REPORT),NO INJURY / DRIVE AWAY,Y,,Y,"OVER $1,500",2/16/2022 17:05,UNABLE TO DETERMINE,UNABLE TO DETERMINE,1158,S,KARLOV AVE,1132,,,,,,,2,NO INDICATION OF INJURY,0,0,0,0,0,2,0,16,4,2,41.86617814,-87.72776791,POINT (-87.727767906698 41.866178141533)
1e0ada3f036bd3ab705e4f8aee25164210e8a5d20785ac33258e7105b86ff6ed40376672d284b600d01ed54b3add99e9b7dc49d35296bcd1b73b59b732d057a4,JF146785,,2/16/2022 18:45,30,NO CONTROLS,NO CONTROLS,OTHER,DARKNESS,REAR END,NOT DIVIDED,,STRAIGHT AND LEVEL,WET,NO DEFECTS,NOT ON SCENE (DESK REPORT),NO INJURY / DRIVE AWAY,,,,"$501 - $1,500",2/16/2022 19:45,FOLLOWING TOO CLOSELY,UNABLE TO DETERMINE,7500,S,CALUMET AVE,623,,,,,,,2,NO INDICATION OF INJURY,0,0,0,0,0,2,0,18,4,2,41.75828684,-87.61684907,POINT (-87.616849074068 41.758286841048)
217f97e28ad651b8ae033fcaa463cd0015e5468f7bff889602bdfdd3daa126a995ca6d6bfead1afb1ae1f94b9f0d7bd3df222601163ffc82b44b59789a9037cf,JF160900,,3/2/2022 12:45,30,TRAFFIC SIGNAL,FUNCTIONING PROPERLY,CLEAR,DAYLIGHT,TURNING,DIVIDED - W/MEDIAN (NOT RAISED),,STRAIGHT AND LEVEL,DRY,NO DEFECTS,NOT ON SCENE (DESK REPORT),NO INJURY / DRIVE AWAY,Y,,,"OVER $1,500",3/2/2022 13:30,UNABLE TO DETERMINE,UNABLE TO DETERMINE,6800,W,DIVERSEY AVE,2511,,,,,,,2,NO INDICATION OF INJURY,0,0,0,0,0,2,0,12,4,3,41.93099256,-87.79552886,POINT (-87.795528856684 41.930992557711)
21d35b82d8f06d4167ca803db788ca5e86169f40b60770927f127d05e73b96a96b45e8de0cbcbd7b7573bf02db4ca771b39944ecc62c92f1b08c774399c715a5,JF160880,,3/2/2022 12:55,30,NO CONTROLS,NO CONTROLS,CLEAR,DAYLIGHT,SIDESWIPE SAME DIRECTION,DIVIDED - W/MEDIAN (NOT RAISED),,STRAIGHT AND LEVEL,DRY,UNKNOWN,ON SCENE,NO INJURY / DRIVE AWAY,,,,"$501 - $1,500",3/2/2022 12:58,UNABLE TO DETERMINE,NOT APPLICABLE,900,N,MICHIGAN AVE,1833,,,,,,,2,NO INDICATION OF INJURY,0,0,0,0,0,3,0,12,4,3,41.8992486,-87.62427498,POINT (-87.624274978205 41.899248597036)
1f3218c2d587bce8dde5313569dcce8235f9103204cfd902d260711170a42694d5ea6ca63730a77f21fb55e6e2c939b900e024de9d4435abc8d303ee5ddbfd52,JF146221,,2/16/2022 11:45,30,NO CONTROLS,NO CONTROLS,CLEAR,DAYLIGHT,SIDESWIPE SAME DIRECTION,NOT DIVIDED,,STRAIGHT AND LEVEL,DRY,NO DEFECTS,NOT ON SCENE (DESK REPORT),NO INJURY / DRIVE AWAY,,,,"OVER $1,500",2/16/2022 12:30,IMPROPER LANE USAGE,NOT APPLICABLE,1400,W,NORTH AVE,1433,,,,,,,2,NO INDICATION OF INJURY,0,0,0,0,0,2,0,11,4,2,41.91080682,-87.66310493,POINT (-87.66310493406 41.910806819199)
21eb87493f7b5e9291072b29e15cdbc4045c53585b14c054fed3792bf634589af0de4ec8238707f001b6df227f901c2433c13a09cb48ab977ca5f687aa1ac4b4,JF161268,,3/2/2022 18:25,30,TRAFFIC SIGNAL,UNKNOWN,UNKNOWN,UNKNOWN,SIDESWIPE SAME DIRECTION,FOUR WAY,,STRAIGHT AND LEVEL,UNKNOWN,UNKNOWN,NOT ON SCENE (DESK REPORT),NO INJURY / DRIVE AWAY,Y,,,"$501 - $1,500",3/2/2022 18:45,UNABLE TO DETERMINE,NOT APPLICABLE,1200,W,DEVON AVE,2432,,,,,,,2,NO INDICATION OF INJURY,0,0,0,0,0,2,0,18,4,3,41.99829823,-87.66061166,POINT (-87.660611660635 41.998298227719)
22655c985f5ce6d0b7f25cf87a2ef6cd4e2f7282ac9fa3b8983fbd677c18201a2aa4b43fd0d3bd449076d2e69eaf3366335604a9c90026d623acef8509a59018,JF160899,,3/2/2022 12:47,30,TRAFFIC SIGNAL,FUNCTIONING PROPERLY,CLEAR,DAYLIGHT,TURNING,FOUR WAY,,STRAIGHT AND LEVEL,DRY,NO DEFECTS,ON SCENE,NO INJURY / DRIVE AWAY,Y,,,"OVER $1,500",3/2/2022 12:48,FOLLOWING TOO CLOSELY,NOT APPLICABLE,400,S,STATE ST,113,,,,,,,2,NO INDICATION OF INJURY,0,0,0,0,0,4,0,12,4,3,41.87686253,-87.62779697,POINT (-87.627796970132 41.876862529588)
22da42f423904b8f756d70b1896195f6548e8ff91dd41ec8739c4e94e7f9ccf6f26c670c0a8714c2dcc2e2daa3276ab13e7e3cb53d81fa54b5e16aa16973a75e,JF160921,,3/2/2022 13:20,30,NO CONTROLS,NO CONTROLS,CLEAR,DAYLIGHT,PEDALCYCLIST,DIVIDED - W/MEDIAN (NOT RAISED),,STRAIGHT AND LEVEL,WET,UNKNOWN,ON SCENE,INJURY AND / OR TOW DUE TO CRASH,,,,"OVER $1,500",3/2/2022 13:26,UNABLE TO DETERMINE,NOT APPLICABLE,5721,W,DIVERSEY AVE,2514,,,,,,,2,NONINCAPACITATING INJURY,1,0,0,1,0,1,0,13,4,3,41.93111988,-87.76964519,POINT (-87.769645185269 41.931119879768)
208123bd912855d8331b7e98cf7f093c64bd310751d831063e63a36b23f47cf4d09deed02d27a4ab0ff68ec6996445d84f677d5298ec45043e0a1ee38b6e69c8,JF153836,,2/23/2022 11:30,10,NO CONTROLS,NO CONTROLS,CLEAR,DAYLIGHT,REAR TO FRONT,PARKING LOT,,STRAIGHT AND LEVEL,DRY,NO DEFECTS,NOT ON SCENE (DESK REPORT),NO INJURY / DRIVE AWAY,,Y,Y,"OVER $1,500",2/23/2022 16:30,IMPROPER BACKING,NOT APPLICABLE,6659,S,WENTWORTH AVE,722,,,,,,,2,NO INDICATION OF INJURY,0,0,0,0,0,3,0,11,4,2,41.77280932,-87.62981979,POINT (-87.629819787263 41.772809318114)
237c501efcbd2def7cdca2ae8892ee05b1e627cf84a3362ce41f0ce22b1880bb75f818e68f0aeb28210b13b55419f8d98b28bc947224c735cc6a80536c53ffae,JF161139,,3/2/2022 16:30,30,TRAFFIC SIGNAL,FUNCTIONING PROPERLY,CLEAR,DAYLIGHT,ANGLE,DIVIDED - W/MEDIAN (NOT RAISED),,STRAIGHT AND LEVEL,DRY,UNKNOWN,ON SCENE,INJURY AND / OR TOW DUE TO CRASH,Y,,,"OVER $1,500",3/2/2022 16:34,DISREGARDING TRAFFIC SIGNALS,NOT APPLICABLE,2998,E,92ND ST,423,,,,,,,2,NONINCAPACITATING INJURY,2,0,0,2,0,2,0,16,4,3,41.72835755,-87.55128603,POINT (-87.551286027621 41.728357552449)
28aca2e8a288e96a8adf37e9ae3dc01bc3b4e87361991a607204b7194c1870dee5d4fca4ab568ee294922e8f2a47544bbd58a3a3ac022481f57a2df7be652551,JE432156,,11/3/2021 6:20,30,TRAFFIC SIGNAL,FUNCTIONING PROPERLY,CLEAR,DAWN,TURNING,DIVIDED - W/MEDIAN (NOT RAISED),,STRAIGHT AND LEVEL,DRY,NO DEFECTS,,NO INJURY / DRIVE AWAY,,,,"OVER $1,500",11/3/2021 7:05,TURNING RIGHT ON RED,NOT APPLICABLE,8700,S,VINCENNES AVE,2222,,,,,,,2,NO INDICATION OF INJURY,0,0,0,0,0,2,0,6,4,11,41.73600657,-87.64534182,POINT (-87.64534181898 41.736006564585)
330031564a1ba2bd15369276ec265f18bbd0c41ed56f53156ad36182f19b21989eb968ae14ffc4b55d88d66add4ca7d1cc5f03bf90a93abfe3849fb4bd38ce66,JD261146,,6/11/2020 17:50,30,NO CONTROLS,NO CONTROLS,CLEAR,DAYLIGHT,PARKED MOTOR VEHICLE,NOT DIVIDED,,STRAIGHT AND LEVEL,DRY,NO DEFECTS,,INJURY AND / OR TOW DUE TO CRASH,,,Y,"OVER $1,500",6/11/2020 18:04,UNABLE TO DETERMINE,NOT APPLICABLE,521,N,KEDZIE AVE,1221,,,,,,,4,NO INDICATION OF INJURY,0,0,0,0,0,1,0,17,5,6,41.89098614,-87.70626751,POINT (-87.706267507208 41.890986137651)
2ae383ee453cb582e67a1c421d45d98f23d7bf609a1b1074e4f17fae7d809bc0b56cbc803a7949e5e2496388e6c9c683a18b86c31d8dc04594a5844076cca519,JF167973,,3/9/2022 8:23,30,STOP SIGN/FLASHER,FUNCTIONING PROPERLY,CLEAR,DAYLIGHT,PARKED MOTOR VEHICLE,ONE-WAY,,STRAIGHT AND LEVEL,DRY,NO DEFECTS,ON SCENE,INJURY AND / OR TOW DUE TO CRASH,Y,,,$500 OR LESS,3/9/2022 8:25,UNABLE TO DETERMINE,UNABLE TO DETERMINE,8101,S,COLFAX AVE,422,,,,,,,2,INCAPACITATING INJURY,1,0,1,0,0,1,0,8,4,3,41.74807198,-87.56117553,POINT (-87.561175530265 41.748071983378)
20d039f01d60a6222ad3963b68b2f9822519d978aedfd6e57f81a9731e249904b12df6271f188410557c118c6f3302179dfbffed9a1737213ee0f6fe045e47b1,JF147275,,2/16/2022 13:30,30,TRAFFIC SIGNAL,FUNCTIONING PROPERLY,CLEAR,DAYLIGHT,TURNING,ONE-WAY,,STRAIGHT AND LEVEL,DRY,NO DEFECTS,,NO INJURY / DRIVE AWAY,,,,"OVER $1,500",2/17/2022 11:00,IMPROPER OVERTAKING/PASSING,UNABLE TO DETERMINE,101,W,WASHINGTON ST,122,,,,,,,2,NO INDICATION OF INJURY,0,0,0,0,0,3,0,13,4,2,41.88310098,-87.63098188,POINT (-87.630981878887 41.88310098165)
2120d632b5fbc54ee187aa59000c99a3c949268359cc744cafa0d215423af806b5430bb862c079d548bdb211c4af643a2634b1b818621099cb299d878763f2d6,JF153226,,2/23/2022 6:50,30,TRAFFIC SIGNAL,FUNCTIONING PROPERLY,CLEAR,DAYLIGHT,ANGLE,DIVIDED - W/MEDIAN (NOT RAISED),,STRAIGHT AND LEVEL,DRY,UNKNOWN,ON SCENE,INJURY AND / OR TOW DUE TO CRASH,,,,"OVER $1,500",2/23/2022 7:30,DISREGARDING TRAFFIC SIGNALS,UNABLE TO DETERMINE,859,N,KEDZIE AVE,1211,,,,,,,2,NO INDICATION OF INJURY,0,0,0,0,0,3,0,6,4,2,41.89739644,-87.70646992,POINT (-87.706469915184 41.897396436214)
2123779001b5195a8da487a907c8d29165274f2e7771839c248fae1db8a75f43f3804d2c6c5a496555403d91cec4886781dbc848a403721e1eb43b5594287d4f,JF154598,,2/23/2022 16:10,30,TRAFFIC SIGNAL,FUNCTIONING PROPERLY,CLEAR,DAYLIGHT,REAR END,NOT DIVIDED,,STRAIGHT AND LEVEL,DRY,NO DEFECTS,NOT ON SCENE (DESK REPORT),NO INJURY / DRIVE AWAY,Y,,,"OVER $1,500",2/24/2022 12:14,FOLLOWING TOO CLOSELY,NOT APPLICABLE,798,W,VAN BUREN ST,1232,,,,,,,2,NO INDICATION OF INJURY,0,0,0,0,0,2,0,16,4,2,41.87678205,-87.64716651,POINT (-87.64716651194 41.876782054427)
2595abec942c28a891d67a94719c876c640fe24c90661ddc758baa4da0bb6c7fe47161eea95aea84e4d6d9aeea8676aa1328e586e36ace801d41f0295f95a1ed,JF161261,,3/2/2022 15:30,30,NO CONTROLS,NO CONTROLS,CLEAR,DAYLIGHT,PARKED MOTOR VEHICLE,NOT DIVIDED,,STRAIGHT AND LEVEL,DRY,NO DEFECTS,NOT ON SCENE (DESK REPORT),NO INJURY / DRIVE AWAY,,,,"OVER $1,500",3/2/2022 18:45,NOT APPLICABLE,NOT APPLICABLE,801,S,FINANCIAL PL,123,,,,,,,2,NO INDICATION OF INJURY,0,0,0,0,0,2,0,15,4,3,41.8721023,-87.63279713,POINT (-87.632797133964 41.872102296637)
2238de4f6103d05a7fc9cd49a1af5f1d22b864d43bc18afeccefd97d2dbc8b6ab34c7c54157ae64469ad82e65524ef42316bce9a496e3bf21388dcb870087aab,JF153343,,2/23/2022 7:08,30,NO CONTROLS,NO CONTROLS,CLEAR,DAYLIGHT,ANGLE,NOT DIVIDED,,STRAIGHT AND LEVEL,DRY,NO DEFECTS,NOT ON SCENE (DESK REPORT),NO INJURY / DRIVE AWAY,,,,"$501 - $1,500",2/23/2022 10:00,FAILING TO REDUCE SPEED TO AVOID CRASH,UNABLE TO DETERMINE,808,W,VAN BUREN ST,1232,,,,,,,2,NO INDICATION OF INJURY,0,0,0,0,0,2,0,7,4,2,41.87677516,-87.64761343,POINT (-87.647613428277 41.876775163444)
22dcbba7257026f6bf06eb84830dffb594633be9a3be13397fcd6afed81e8ddd9b443361d83a4f3100047f2cae1fb53c804489aff4e35de2f994b5afc8d00b26,JF154077,,2/23/2022 17:55,30,TRAFFIC SIGNAL,FUNCTIONING PROPERLY,CLEAR,DUSK,TURNING,OTHER,,STRAIGHT AND LEVEL,DRY,NO DEFECTS,NOT ON SCENE (DESK REPORT),NO INJURY / DRIVE AWAY,Y,,Y,"$501 - $1,500",2/23/2022 20:41,IMPROPER LANE USAGE,NOT APPLICABLE,8300,S,LAFAYETTE AVE,622,,,,,,,2,NO INDICATION OF INJURY,0,0,0,0,0,3,0,17,4,2,41.74354185,-87.62577324,POINT (-87.625773241467 41.743541847975)
228c6b8a692ff06fa4dda990c48e706ae604b10e233dd227be6bf5d7a815c3236928be6ead858450dd0f6ed33a7450e6e410cfa5c7317be22cc753ced06e90e2,JF146649,Y,2/16/2022 11:30,30,NO CONTROLS,NO CONTROLS,OTHER,UNKNOWN,PARKED MOTOR VEHICLE,OTHER,,STRAIGHT AND LEVEL,UNKNOWN,NO DEFECTS,NOT ON SCENE (DESK REPORT),NO INJURY / DRIVE AWAY,,Y,Y,"OVER $1,500",2/16/2022 17:58,UNABLE TO DETERMINE,NOT APPLICABLE,6301,S,HALSTED ST,723,,,,,,,2,NO INDICATION OF INJURY,0,0,0,0,0,1,0,11,4,2,41.77966134,-87.64463774,POINT (-87.644637738816 41.779661336899)
22909733319dbcf1326ecc6047c5e971fc2c76f6f14cafb3561b104e72ce117786ace9915f25ca75b1a2bdeee4a404e1de00a0a25e890fa30a71bc6c4e730492,JF146314,,2/16/2022 12:15,35,NO CONTROLS,NO CONTROLS,CLEAR,DAYLIGHT,FIXED OBJECT,DIVIDED - W/MEDIAN BARRIER,,STRAIGHT AND LEVEL,DRY,NO DEFECTS,ON SCENE,INJURY AND / OR TOW DUE TO CRASH,,,Y,"OVER $1,500",2/16/2022 12:20,NOT APPLICABLE,NOT APPLICABLE,12601,S,HALSTED ST,523,,,,,,,1,NO INDICATION OF INJURY,0,0,0,0,0,1,0,12,4,2,41.66497744,-87.64133247,POINT (-87.641332472065 41.664977435641)
2a06008ae8a00ae7bf7ae07d5dbf5e2d57844e56513c259fa4b6fcab6254c581f8aeb42d539fd69ecc63cb18156f5768a1cc39950e21545787f35228e7c4c714,JD151176,,2/14/2020 8:00,30,TRAFFIC SIGNAL,FUNCTIONING PROPERLY,CLEAR,DAYLIGHT,TURNING,NOT DIVIDED,,STRAIGHT AND LEVEL,DRY,NO DEFECTS,,NO INJURY / DRIVE AWAY,Y,,,"OVER $1,500",2/14/2020 8:20,FAILING TO YIELD RIGHT-OF-WAY,UNABLE TO DETERMINE,10300,S,VINCENNES AVE,2212,,,,,,,2,NO INDICATION OF INJURY,0,0,0,0,0,2,0,8,6,2,41.70672358,-87.65619454,POINT (-87.65619454086 41.706723577926)
2e78d0007d2ba054bcbc51208a874217905d9f7ae8953f768eba18103ab43f857a41501acc72cd353cf9ffb593397bf12c415bb850d9f60e4f8521b23f9fe50d,JD245640,,5/28/2020 16:03,30,NO CONTROLS,NO CONTROLS,CLEAR,DAYLIGHT,PEDALCYCLIST,NOT DIVIDED,,STRAIGHT AND LEVEL,DRY,NO DEFECTS,,INJURY AND / OR TOW DUE TO CRASH,,,,$500 OR LESS,5/28/2020 16:03,UNABLE TO DETERMINE,UNABLE TO DETERMINE,817,W,31ST ST,913,,,Y,,,,2,INCAPACITATING INJURY,1,0,1,0,0,0,0,16,5,5,41.83793027,-87.64689589,POINT (-87.64689588696 41.837930268705)
3555b76478c61f2504393d1a3147096b784b395463bb0e2946ecfe2c364b95a8f0c7c82edef2d5c40fb64f1a65b47b2d0858ec543a8565252b47fabeba61657c,JE308705,,7/21/2021 7:45,30,NO CONTROLS,NO CONTROLS,CLEAR,DAYLIGHT,REAR END,NOT DIVIDED,,STRAIGHT AND LEVEL,DRY,NO DEFECTS,,NO INJURY / DRIVE AWAY,,,,"OVER $1,500",7/21/2021 8:27,FAILING TO YIELD RIGHT-OF-WAY,FAILING TO YIELD RIGHT-OF-WAY,3550,W,63RD ST,823,,,,,,,2,NO INDICATION OF INJURY,0,0,0,0,0,2,0,7,4,7,41.77893795,-87.71238429,POINT (-87.712384285985 41.778937949592)
22efb38646cdf8a995f2c1f5088da2c3795c8978136744ec893ae89ed1a7d113dfef57329b44d5ca82a911c71dbf3c71b976c7ba0bb68202e0224e952ef51398,JF153458,,2/23/2022 7:42,30,NO CONTROLS,NO CONTROLS,CLOUDY/OVERCAST,DAYLIGHT,TURNING,NOT DIVIDED,,STRAIGHT AND LEVEL,DRY,NO DEFECTS,NOT ON SCENE (DESK REPORT),NO INJURY / DRIVE AWAY,Y,,,"OVER $1,500",2/23/2022 11:30,DRIVING ON WRONG SIDE/WRONG WAY,DISREGARDING ROAD MARKINGS,740,W,BELMONT AVE,1925,,,,,,,2,NO INDICATION OF INJURY,0,0,0,0,0,2,0,7,4,2,41.94010164,-87.64846887,POINT (-87.648468864775 41.940101641257)
22f00b41a91c8cb15b044fb9dcafc5313e380f85873e9a49a41acd57dce61219995ff0e731a8a3ee752bd4f514c2e77d68d0cfea116f5134d6dde047fb95cc49,JF153777,,2/23/2022 15:56,35,TRAFFIC SIGNAL,UNKNOWN,CLOUDY/OVERCAST,DAYLIGHT,PEDESTRIAN,DIVIDED - W/MEDIAN BARRIER,,STRAIGHT AND LEVEL,DRY,UNKNOWN,ON SCENE,NO INJURY / DRIVE AWAY,,,,"$501 - $1,500",2/23/2022 15:56,DISREGARDING TRAFFIC SIGNALS,NOT APPLICABLE,3910,W,OGDEN AVE,1014,,,,,,,2,NO INDICATION OF INJURY,0,0,0,0,0,3,0,15,4,2,41.85197143,-87.72279321,POINT (-87.72279320757 41.851971434166)
2347570eccd654b1ef5386c91f442ecfecc0df0be3fa6a186ca7f7b9eecb7b94a159651ab79f67e986b2083fe2687213bf49c49d6439aeb1908b1fa93b70121b,JF153990,,2/23/2022 18:43,15,NO CONTROLS,NO CONTROLS,CLEAR,DARKNESS,SIDESWIPE SAME DIRECTION,NOT DIVIDED,,STRAIGHT AND LEVEL,DRY,NO DEFECTS,ON SCENE,NO INJURY / DRIVE AWAY,,,,"OVER $1,500",2/23/2022 19:10,FAILING TO YIELD RIGHT-OF-WAY,FAILING TO YIELD RIGHT-OF-WAY,5599,N,MULLIGAN AVE,1622,,,,,,,2,NO INDICATION OF INJURY,0,0,0,0,0,2,0,18,4,2,,,
27ac7ed75433f44c0803dfa9ed077a4e69b15d42af1b5ec5ff81a99c6173842324371fab34249addbd2a6e753e142545d30bef4b988d0f4cd5f26f78c7ce75bc,JF160596,,3/2/2022 7:50,35,NO CONTROLS,NO CONTROLS,CLEAR,DAYLIGHT,ANGLE,NOT DIVIDED,,STRAIGHT AND LEVEL,DRY,NO DEFECTS,ON SCENE,INJURY AND / OR TOW DUE TO CRASH,,,,"OVER $1,500",3/2/2022 8:05,UNABLE TO DETERMINE,UNABLE TO DETERMINE,3230,W,87TH ST,834,,,,,,,2,NO INDICATION OF INJURY,0,0,0,0,0,2,0,7,4,3,41.73528212,-87.70299438,POINT (-87.702994383079 41.735282120242)
2398335446d3a53ae207333ba921b5e3a1c7ea0242993d49f55255649cb32c1c372db44f8641792f7f4a98b3d4c256fdad3e766f8ca81a0eeb8b58139bd13175,JF154933,,2/23/2022 16:00,30,NO CONTROLS,NO CONTROLS,CLEAR,DAYLIGHT,PARKED MOTOR VEHICLE,NOT DIVIDED,,STRAIGHT AND LEVEL,DRY,NO DEFECTS,NOT ON SCENE (DESK REPORT),NO INJURY / DRIVE AWAY,,,Y,"$501 - $1,500",2/24/2022 17:40,IMPROPER OVERTAKING/PASSING,NOT APPLICABLE,2026,W,TAYLOR ST,1225,,,,,,,2,NO INDICATION OF INJURY,0,0,0,0,0,1,0,16,4,2,41.86920448,-87.67704283,POINT (-87.677042830378 41.869204481203)
23c8833d187a31ed34a242247b6cf750bbd035c04b44298a6ab1b0ebdfed1f1e3182c27b2bc7bd6957052637a84bf628b1e4cb3a5adc9d14560ca69afe987ceb,JF162413,,2/23/2022 13:50,35,TRAFFIC SIGNAL,FUNCTIONING PROPERLY,CLEAR,DAYLIGHT,TURNING,NOT DIVIDED,,STRAIGHT AND LEVEL,DRY,NO DEFECTS,NOT ON SCENE (DESK REPORT),NO INJURY / DRIVE AWAY,,,Y,"OVER $1,500",3/3/2022 20:20,UNABLE TO DETERMINE,NOT APPLICABLE,5101,S,CENTRAL AVE,814,,,,,,,2,NO INDICATION OF INJURY,0,0,0,0,0,2,0,13,4,2,41.79997212,-87.76237941,POINT (-87.762379408163 41.799972120489)