CRASH_RECORD_ID,RD_NO,CRASH_DATE_EST_I,CRASH_DATE,POSTED_SPEED_LIMIT,TRAFFIC_CONTROL_DEVICE,DEVICE_CONDITION,WEATHER_CONDITION,LIGHTING_CONDITION,FIRST_CRASH_TYPE,TRAFFICWAY_TYPE,LANE_CNT,ALIGNMENT,ROADWAY_SURFACE_COND,ROAD_DEFECT,REPORT_TYPE,CRASH_TYPE,INTERSECTION_RELATED_I,NOT_RIGHT_OF_WAY_I,HIT_AND_RUN_I,DAMAGE,DATE_POLICE_NOTIFIED,PRIM_CONTRIBUTORY_CAUSE,SEC_CONTRIBUTORY_CAUSE,STREET_NO,STREET_DIRECTION,STREET_NAME,BEAT_OF_OCCURRENCE,PHOTOS_TAKEN_I,STATEMENTS_TAKEN_I,DOORING_I,WORK_ZONE_I,WORK_ZONE_TYPE,WORKERS_PRESENT_I,NUM_UNITS,MOST_SEVERE_INJURY,INJURIES_TOTAL,INJURIES_FATAL,INJURIES_INCAPACITATING,INJURIES_NON_INCAPACITATING,INJURIES_REPORTED_NOT_EVIDENT,INJURIES_NO_INDICATION,INJURIES_UNKNOWN,CRASH_HOUR,CRASH_DAY_OF_WEEK,CRASH_MONTH,LATITUDE,LONGITUDE,LOCATION
2d2275afcb088e183641fbf34c23274a1979793f7c2a738817ccd34b63ad779cea1c2af05f25d6800ebb1897eed1dffd014bd6ba020e3b6b4e1f1d9fcc4e42a3,JF176397,,3/16/2022 20:32,30,STOP SIGN/FLASHER,NO CONTROLS,CLEAR,"DARKNESS, LIGHTED ROAD",TURNING,DIVIDED - W/MEDIAN (NOT RAISED),,STRAIGHT AND LEVEL,DRY,UNKNOWN,NOT ON SCENE (DESK REPORT),NO INJURY / DRIVE AWAY,Y,,Y,"OVER $1,500",3/16/2022 21:15,IMPROPER OVERTAKING/PASSING,DRIVING ON WRONG SIDE/WRONG WAY,2102,N,MULLIGAN AVE,2512,,,,,,,2,NO INDICATION OF INJURY,0,0,0,0,0,2,0,20,4,3,41.91839925,-87.78421281,POINT (-87.784212814034 41.918399251587)
36d8cb6a83eb53bf4a6b5d160b746356145d8d14a505e0b8122064f2e90a2beb8d96335e9ecae447baab365cf3e4f408121fd31367fcf80d91cc8a3a07423193,JF182888,,3/22/2022 16:15,35,NO CONTROLS,NO CONTROLS,CLOUDY/OVERCAST,DAYLIGHT,TURNING,NOT DIVIDED,,STRAIGHT AND LEVEL,DRY,NO DEFECTS,ON SCENE,INJURY AND / OR TOW DUE TO CRASH,,,,"OVER $1,500",3/22/2022 16:16,UNABLE TO DETERMINE,NOT APPLICABLE,5828,S,PULASKI RD,813,,,,,,,2,NONINCAPACITATING INJURY,1,0,0,1,0,1,0,16,3,3,41.78688937,-87.72313703,POINT (-87.723137026807 41.786889373588)
2460fe757bff78610e84c25d9d1f4515de589aaf47639b8e7fc9587e2ff85498a2adc2995763c30144d6343e6bcb37a39a6435437a1b1dc85db60da1f73b1eba,JF147263,,2/16/2022 21:45,30,NO CONTROLS,NO CONTROLS,RAIN,"DARKNESS, LIGHTED ROAD",PARKED MOTOR VEHICLE,ONE-WAY,,STRAIGHT AND LEVEL,WET,NO DEFECTS,ON SCENE,INJURY AND / OR TOW DUE TO CRASH,,,,"OVER $1,500",2/17/2022 9:12,WEATHER,WEATHER,8355,S,STATE ST,632,,,,,,,2,NO INDICATION OF INJURY,0,0,0,0,0,1,0,21,4,2,41.74203636,-87.62414277,POINT (-87.624142767184 41.742036364465)
24948b3a08f98375c04a0a89f456f4d7b69cb0a7ed9873879147e0ae27e298369424157010878ac058c382b9616962121c5cddd715f620fd08c0b5f6dd61376c,JF146556,Y,2/16/2022 16:15,20,NO CONTROLS,NO CONTROLS,RAIN,"DARKNESS, LIGHTED ROAD",PARKED MOTOR VEHICLE,ONE-WAY,,STRAIGHT AND LEVEL,WET,NO DEFECTS,ON SCENE,NO INJURY / DRIVE AWAY,,,Y,$500 OR LESS,2/16/2022 16:36,UNABLE TO DETERMINE,HAD BEEN DRINKING (USE WHEN ARREST IS NOT MADE),9721,S,GREEN ST,2223,,,,,,,2,NO INDICATION OF INJURY,0,0,0,0,0,1,0,16,4,2,41.71697578,-87.64415973,POINT (-87.644159728401 41.716975783786)
24dcedc0a9fd76ea197e19b590b162122ffe49db4504f202b9220813f24db2f6862a7e1b75fac9c7435412a22a324c1aecf211ad9f4903557a7054da2dec326b,JF146397,,2/16/2022 12:30,30,STOP SIGN/FLASHER,FUNCTIONING PROPERLY,RAIN,DAYLIGHT,REAR TO FRONT,NOT DIVIDED,,STRAIGHT AND LEVEL,WET,NO DEFECTS,ON SCENE,NO INJURY / DRIVE AWAY,,,,"$501 - $1,500",2/16/2022 14:40,IMPROPER BACKING,NOT APPLICABLE,2224,W,27TH ST,1034,,,,,,,2,NO INDICATION OF INJURY,0,0,0,0,0,2,0,12,4,2,41.84359848,-87.68154149,POINT (-87.681541487394 41.843598479688)
28e83c94ceecb3aa53e790489119d9ba4fcfc46aa128c25ad81ef5747a21055c7ba6b8a5a9ce90e8a617eb10812a969e5b0cbca19c1cd460783eea87b82396fb,JF160655,,3/2/2022 9:13,30,NO CONTROLS,NO CONTROLS,CLEAR,DAYLIGHT,PARKED MOTOR VEHICLE,ONE-WAY,,STRAIGHT AND LEVEL,DRY,NO DEFECTS,NOT ON SCENE (DESK REPORT),NO INJURY / DRIVE AWAY,,,Y,$500 OR LESS,3/2/2022 9:15,IMPROPER OVERTAKING/PASSING,IMPROPER OVERTAKING/PASSING,537,W,ALDINE AVE,1925,,,,,,,2,NO INDICATION OF INJURY,0,0,0,0,0,5,0,9,4,3,41.94214275,-87.64348644,POINT (-87.643486436099 41.94214274452)
28cdecd4dd82586bb314b69f89d158b6f52c8f93503c1bd0ec193a6fa04b5dd59e3be72921c6f7f99a010d72aab45a39f77015d01f77016f7bfb4d7378387f0a,JE417130,,10/21/2021 7:20,30,NO CONTROLS,NO CONTROLS,CLOUDY/OVERCAST,DAYLIGHT,ANGLE,NOT DIVIDED,,STRAIGHT AND LEVEL,DRY,NO DEFECTS,,NO INJURY / DRIVE AWAY,,,Y,"$501 - $1,500",10/21/2021 7:22,UNABLE TO DETERMINE,NOT APPLICABLE,5764,N,ELSTON AVE,1622,,,,,,,2,NO INDICATION OF INJURY,0,0,0,0,0,2,0,7,5,10,41.98611031,-87.7706996,POINT (-87.770699600074 41.986110306406)
25ff466adbf8176163726e0d455a8bef15b9d486f4aadd22085e5200f62aef7156784159affdc8ea1768b05e6e7dbc7bd752458f4f3852908026a428c2b59192,JF153298,,2/23/2022 8:56,30,TRAFFIC SIGNAL,FUNCTIONING PROPERLY,CLEAR,DAYLIGHT,PEDESTRIAN,NOT DIVIDED,,STRAIGHT AND LEVEL,DRY,NO DEFECTS,ON SCENE,INJURY AND / OR TOW DUE TO CRASH,Y,,,$500 OR LESS,2/23/2022 8:57,IMPROPER TURNING/NO SIGNAL,FAILING TO YIELD RIGHT-OF-WAY,4400,N,LINDER AVE,1623,,,,,,,2,NONINCAPACITATING INJURY,1,0,0,1,0,1,0,8,4,2,41.96055467,-87.76492642,POINT (-87.764926419878 41.960554668178)
261a9590094fe86fe8aab70e9d5043fcd30a2a9babb00cc397558f57186681c054985e25a5fd8e2416a4596e2cf4fc1ec8f60f4337a47ca09b776d7edc23ebe2,JF146578,,2/16/2022 16:26,30,NO CONTROLS,NO CONTROLS,CLEAR,DAYLIGHT,TURNING,NOT DIVIDED,,STRAIGHT AND LEVEL,DRY,NO DEFECTS,NOT ON SCENE (DESK REPORT),NO INJURY / DRIVE AWAY,,,,"$501 - $1,500",2/16/2022 17:00,FAILING TO YIELD RIGHT-OF-WAY,UNABLE TO DETERMINE,354,S,ASHLAND AVE,1231,,,,,,,2,NO INDICATION OF INJURY,0,0,0,0,0,2,0,16,4,2,41.87638849,-87.66681235,POINT (-87.666812350149 41.876388488923)
30aef64adbf96fe9fbe6bd98e1be9e719e42699e48d0109a07e86e4105cad6067d3dc5fe06481c8eb81003312d7c0f5a7d5ea11dea03b3df6554f59df231c5cc,JF176037,,3/16/2022 15:38,30,NO CONTROLS,UNKNOWN,CLEAR,DAYLIGHT,PARKED MOTOR VEHICLE,DIVIDED - W/MEDIAN (NOT RAISED),,STRAIGHT AND LEVEL,DRY,NO DEFECTS,ON SCENE,NO INJURY / DRIVE AWAY,,,Y,"OVER $1,500",3/16/2022 15:43,UNABLE TO DETERMINE,NOT APPLICABLE,6017,N,CALIFORNIA AVE,2413,,,,,,,3,NO INDICATION OF INJURY,0,0,0,0,0,1,0,15,4,3,41.99096564,-87.69926976,POINT (-87.699269755149 41.990965642724)
387f0464d27d22a68c5bb689c510f05a450e9492b729252066c1187f5d813eda3097fb08f10241a231048377d1f040a9d4c3d1a9a5decff3575cd44b89eaae0c,JD329560,,8/12/2020 10:56,30,NO CONTROLS,NO CONTROLS,CLEAR,DAYLIGHT,TURNING,NOT DIVIDED,,STRAIGHT AND LEVEL,DRY,NO DEFECTS,,INJURY AND / OR TOW DUE TO CRASH,Y,,,"OVER $1,500",8/12/2020 10:56,UNABLE TO DETERMINE,UNABLE TO DETERMINE,5450,W,ROOSEVELT RD,1522,,,,,,,2,NO INDICATION OF INJURY,0,0,0,0,0,2,0,10,4,8,41.86576378,-87.7610123,POINT (-87.761012294776 41.865763777111)
3956bde1e5fbdd5ce6d94d44a7762ac65af69d4a976c41dfc19b3bb7f72ddaee5501d2ca032af6749b3c6ee4bcf92fe53c12161840bbc6b6e6c3be4d3be50a3e,JF183297,,3/22/2022 21:25,25,NO CONTROLS,NO CONTROLS,CLEAR,"DARKNESS, LIGHTED ROAD",PARKED MOTOR VEHICLE,ONE-WAY,,STRAIGHT AND LEVEL,WET,NO DEFECTS,ON SCENE,INJURY AND / OR TOW DUE TO CRASH,,,Y,"OVER $1,500",3/22/2022 21:25,UNABLE TO DETERMINE,UNABLE TO DETERMINE,6627,S,INGLESIDE AVE,321,,,,,,,2,NO INDICATION OF INJURY,0,0,0,0,0,1,0,21,3,3,41.77417421,-87.60199513,POINT (-87.601995128901 41.77417421327)
26a7eaf4f433e2fb7289cc45a3c680f26e6e97689972adc9031919b05630a2423907d0359c4b2ee609d21fb1ae099f9598174206c7fba20d6489f4149d141858,JF146832,,2/16/2022 20:00,30,TRAFFIC SIGNAL,FUNCTIONING PROPERLY,RAIN,DARKNESS,ANGLE,FOUR WAY,,STRAIGHT AND LEVEL,WET,NO DEFECTS,ON SCENE,INJURY AND / OR TOW DUE TO CRASH,Y,,N,"OVER $1,500",2/16/2022 20:16,DRIVING SKILLS/KNOWLEDGE/EXPERIENCE,WEATHER,233,W,GARFIELD BLVD,711,,,,,,,2,NO INDICATION OF INJURY,0,0,0,0,0,2,0,20,4,2,41.79406718,-87.6318366,POINT (-87.631836600921 41.794067181989)
2745bd0bc26e75194b3507b8d595e0c44c198cc871d2bd3bcea1a3aebd4e54f8c4ea3fa0d12cae7564c4773edd3a9605b0a57499f79d380dea1b2fe9addbe4b2,JF153941,,2/23/2022 17:55,30,TRAFFIC SIGNAL,FUNCTIONING PROPERLY,SNOW,"DARKNESS, LIGHTED ROAD",ANGLE,FOUR WAY,,STRAIGHT AND LEVEL,WET,NO DEFECTS,ON SCENE,INJURY AND / OR TOW DUE TO CRASH,Y,,,"OVER $1,500",2/23/2022 17:57,FAILING TO YIELD RIGHT-OF-WAY,NOT APPLICABLE,2401,W,47TH ST,922,,,,,,,2,NO INDICATION OF INJURY,0,0,0,0,0,2,0,17,4,2,41.80832271,-87.68454779,POINT (-87.684547790301 41.808322708364)
2af12854cbb837bcb8a052e0857ce1b0e1b31fc1b77e7193b41825b6d2b54ba28e2464482dbc50b3c68db831589c82b571ee86d2dc0aeb5f6f2f6e69b33261ad,JF160625,,3/2/2022 8:09,30,NO CONTROLS,NO CONTROLS,CLEAR,DAYLIGHT,TURNING,NOT DIVIDED,,STRAIGHT AND LEVEL,DRY,NO DEFECTS,NOT ON SCENE (DESK REPORT),NO INJURY / DRIVE AWAY,,,,"OVER $1,500",3/2/2022 9:09,FAILING TO YIELD RIGHT-OF-WAY,FAILING TO YIELD RIGHT-OF-WAY,5931,S,KEDZIE AVE,824,,,,,,,2,NO INDICATION OF INJURY,0,0,0,0,0,2,0,8,4,3,41.78534019,-87.70317432,POINT (-87.703174323842 41.785340191257)
27115bf95d1555e58d69c9db94ed4537469928384fe95de8fdbacd7c5a300c10c8e689892654f4e562fd508b2315b668511a1c0f9979f1bb16f93c7122549f85,JF146691,,2/16/2022 18:10,30,TRAFFIC SIGNAL,UNKNOWN,RAIN,"DARKNESS, LIGHTED ROAD",ANGLE,NOT DIVIDED,,STRAIGHT AND LEVEL,WET,UNKNOWN,ON SCENE,NO INJURY / DRIVE AWAY,Y,,,"OVER $1,500",2/16/2022 18:25,WEATHER,NOT APPLICABLE,2400,S,WESTERN AVE,1034,,,,,,,2,NO INDICATION OF INJURY,0,0,0,0,0,2,0,18,4,2,41.84835204,-87.68568193,POINT (-87.685681934492 41.848352042192)
2ba8aff234b43c97483876184f50caa020939a2416fcec3796112d853e7caae891167690707ae9e202daaa7f0fde147429b026091c4f9e19aa95b0d517fc9933,JF160689,Y,3/2/2022 10:00,30,NO CONTROLS,NO CONTROLS,CLEAR,DAYLIGHT,ANGLE,PARKING LOT,,STRAIGHT AND LEVEL,DRY,NO DEFECTS,NOT ON SCENE (DESK REPORT),NO INJURY / DRIVE AWAY,,,Y,"$501 - $1,500",3/2/2022 10:11,UNABLE TO DETERMINE,UNABLE TO DETERMINE,600,E,115TH ST,531,,,,,,,2,NO INDICATION OF INJURY,0,0,0,0,0,2,0,10,4,3,41.68558118,-87.60820712,POINT (-87.608207115299 41.685581178306)
399a301474f51ee2a6f6f855e0b27c22aa058d5a392026eac20fc85869d1173a4c6335d8169f2867792594f4436809020ef1f68291fc21371b38b0604f126861,JD235817,,5/18/2020 14:42,30,TRAFFIC SIGNAL,FUNCTIONING PROPERLY,CLEAR,DAYLIGHT,PEDALCYCLIST,NOT DIVIDED,,STRAIGHT AND LEVEL,DRY,UNKNOWN,,NO INJURY / DRIVE AWAY,Y,,,"OVER $1,500",5/18/2020 14:42,IMPROPER OVERTAKING/PASSING,FAILING TO REDUCE SPEED TO AVOID CRASH,2433,W,GRAND AVE,1221,,,,,,,2,NO INDICATION OF INJURY,0,0,0,0,0,2,0,14,2,5,41.89074077,-87.68796954,POINT (-87.687969537206 41.890740771146)
2be6fefb7411f14965791f9e158f33cb69630ea39d552bbd407cbc9a326ac087837fb1f172835dd2175fe4cc7cb7d9363b43401bda9d9b26dc4a6278123bcd2b,JF160731,,3/2/2022 10:30,30,STOP SIGN/FLASHER,FUNCTIONING PROPERLY,CLEAR,DAYLIGHT,ANGLE,T-INTERSECTION,,STRAIGHT AND LEVEL,DRY,NO DEFECTS,ON SCENE,NO INJURY / DRIVE AWAY,Y,,,"OVER $1,500",3/2/2022 10:31,"VISION OBSCURED (SIGNS, TREE LIMBS, BUILDINGS, ETC.)","VISION OBSCURED (SIGNS, TREE LIMBS, BUILDINGS, ETC.)",5100,S,TALMAN AVE,923,,,,,,,2,NO INDICATION OF INJURY,0,0,0,0,0,3,0,10,4,3,41.80095797,-87.69048392,POINT (-87.690483921561 41.800957966947)
2c1ed70a542611cd8fabf6bfbaa1245cc9b1eb8eb1a4c0d809aeab65b449b01efcf6f08dfb47ee12f3e302450d53b9a0d04ad9c1cb08a8d2334f5d65b514b2ea,JF160945,,3/2/2022 13:30,30,STOP SIGN/FLASHER,FUNCTIONING PROPERLY,CLEAR,DAYLIGHT,PARKED MOTOR VEHICLE,ONE-WAY,,STRAIGHT AND LEVEL,DRY,NO DEFECTS,NOT ON SCENE (DESK REPORT),NO INJURY / DRIVE AWAY,Y,,Y,"OVER $1,500",3/2/2022 14:23,IMPROPER OVERTAKING/PASSING,NOT APPLICABLE,20,W,BURTON PL,1824,,,,,,,2,NO INDICATION OF INJURY,0,0,0,0,0,1,0,13,4,3,41.90957539,-87.62972493,POINT (-87.629724930559 41.909575394314)
31fad4e57a724db8800da659b90387d7757835d8f22fdc2bb9725d1b28ee26f08129556045c7520c217b9d4a46064331beac1d84e869babdbd7305e03a215467,JF176408,,3/16/2022 20:50,30,NO CONTROLS,NO CONTROLS,CLEAR,DAWN,REAR TO FRONT,NOT DIVIDED,,STRAIGHT AND LEVEL,DRY,NO DEFECTS,ON SCENE,NO INJURY / DRIVE AWAY,,,,"$501 - $1,500",3/16/2022 21:47,IMPROPER BACKING,NOT APPLICABLE,1325,S,WABASH AVE,131,,,,,,,2,NO INDICATION OF INJURY,0,0,0,0,0,2,0,20,4,3,41.86502569,-87.62562982,POINT (-87.625629824364 41.86502569027)
28778c3e94e732a9d4c0410928daffe227c2c88182dd60ab406c88bf0e41575b18c81fb312dd37dd0a77ad64f21fb1d6cb7aa31d45f0979878347a197600d353,JF153965,,2/23/2022 17:30,30,NO CONTROLS,NO CONTROLS,CLEAR,DUSK,SIDESWIPE SAME DIRECTION,NOT DIVIDED,,STRAIGHT AND LEVEL,DRY,NO DEFECTS,NOT ON SCENE (DESK REPORT),NO INJURY / DRIVE AWAY,,,,"$501 - $1,500",2/23/2022 18:23,UNABLE TO DETERMINE,UNABLE TO DETERMINE,300,E,OHIO ST,1834,,,,,,,2,NO INDICATION OF INJURY,0,0,0,0,0,2,0,17,4,2,41.89271059,-87.62013066,POINT (-87.620130658406 41.892710584594)
3ae71b0ddab21c8acf5bdcbf9d27322b33270028ea13c4fac09cb40ae2d8efe28356ac4c980fc21b5eab2df36a2e8401a3819e729458bd84db3f7efbc28fb93a,JF113836,,1/15/2022 14:40,25,NO CONTROLS,NO CONTROLS,CLEAR,DAYLIGHT,PARKED MOTOR VEHICLE,NOT DIVIDED,,STRAIGHT AND LEVEL,DRY,NO DEFECTS,,INJURY AND / OR TOW DUE TO CRASH,,,,"OVER $1,500",1/15/2022 14:45,UNABLE TO DETERMINE,NOT APPLICABLE,10000,W,OHARE ST,1651,Y,Y,,,,,3,FATAL,1,1,0,0,0,1,0,14,7,1,41.97620114,-87.90530913,POINT (-87.905309125103 41.976201139024)
28426fd675197a0365ce4e48dbecfe9e0eac46b2002085f3cf37dff4f721f5ddd1bd629a1f413ff2ab3f5886673ef52131ffd76d8b3c528cdf8cfa73007fcfd4,JF146333,,2/16/2022 7:25,20,NO CONTROLS,NO CONTROLS,CLEAR,DAYLIGHT,REAR TO SIDE,ALLEY,,STRAIGHT AND LEVEL,WET,NO DEFECTS,NOT ON SCENE (DESK REPORT),NO INJURY / DRIVE AWAY,,,,"OVER $1,500",2/16/2022 14:00,UNABLE TO DETERMINE,NOT APPLICABLE,5441,S,AVERS AVE,822,,,,,,,2,NO INDICATION OF INJURY,0,0,0,0,0,2,0,7,4,2,41.79386682,-87.71935345,POINT (-87.719353448317 41.793866823398)
2886e818b7c05a98c5b070618a466d78a5bdac1250f5f9774f1e21b3416c383e9f39010ffbcac36907c11cc0a956844c31f27584b8321df816d8b6a7ef85cafd,JF153822,,2/23/2022 16:17,30,STOP SIGN/FLASHER,FUNCTIONING PROPERLY,CLEAR,DAYLIGHT,TURNING,NOT DIVIDED,,STRAIGHT AND LEVEL,DRY,NO DEFECTS,ON SCENE,INJURY AND / OR TOW DUE TO CRASH,Y,,,"OVER $1,500",2/23/2022 16:20,FAILING TO YIELD RIGHT-OF-WAY,NOT APPLICABLE,6159,N,HARLEM AVE,1612,,,,,,,2,"REPORTED, NOT EVIDENT",2,0,0,0,2,1,0,16,4,2,41.99349326,-87.80669026,POINT (-87.806690264332 41.993493260301)
2e1cd4fb42886b85625d664aed9689a55c3e79903bc680b17a6f8e6f8cf528d90897d76ef345f15ccd45e007acd8673f31f6a1324e96c8129fe93bbc7db63491,JF161303,,3/2/2022 18:58,20,NO CONTROLS,NO CONTROLS,CLEAR,DUSK,PARKED MOTOR VEHICLE,NOT DIVIDED,,STRAIGHT AND LEVEL,DRY,UNKNOWN,ON SCENE,INJURY AND / OR TOW DUE TO CRASH,,,,"OVER $1,500",3/2/2022 19:02,DRIVING SKILLS/KNOWLEDGE/EXPERIENCE,EQUIPMENT - VEHICLE CONDITION,3121,N,ST LOUIS AVE,1412,,,,,,,4,NO INDICATION OF INJURY,0,0,0,0,0,1,0,18,4,3,41.93808621,-87.71475415,POINT (-87.714754148606 41.938086211443)
293fd1f3644394065b33cde0e2ff6c3294ffda1dc0f4ffc9e8ff111fa744411294e367f6740257e98fe719ac4fa1b066577aa60c9b3f057af56e25a3e2b68e10,JF146180,,2/16/2022 10:45,30,TRAFFIC SIGNAL,FUNCTIONING PROPERLY,CLOUDY/OVERCAST,DAYLIGHT,REAR END,DIVIDED - W/MEDIAN (NOT RAISED),,STRAIGHT AND LEVEL,DRY,UNKNOWN,NOT ON SCENE (DESK REPORT),NO INJURY / DRIVE AWAY,,,Y,$500 OR LESS,2/16/2022 11:25,"OPERATING VEHICLE IN ERRATIC, RECKLESS, CARELESS, NEGLIGENT OR AGGRESSIVE MANNER",NOT APPLICABLE,2651,W,BELMONT AVE,1411,,,,,,,2,NO INDICATION OF INJURY,0,0,0,0,0,3,0,10,4,2,41.93930067,-87.6948753,POINT (-87.694875296953 41.939300664734)
28e3dfbada7587cbdc7cbbddfa88835562b93c4e28e8ec0f255ecb6417a296f117cd199b3952132ed5461db4d47ad8db5d48aa7c5b304ea71955829003adb013,JD198971,,3/31/2020 12:50,30,NO CONTROLS,NO CONTROLS,CLEAR,DAYLIGHT,PARKED MOTOR VEHICLE,DIVIDED - W/MEDIAN (NOT RAISED),,STRAIGHT AND LEVEL,DRY,NO DEFECTS,,INJURY AND / OR TOW DUE TO CRASH,,,Y,"OVER $1,500",3/31/2020 13:13,UNABLE TO DETERMINE,UNABLE TO DETERMINE,3943,W,FULLERTON AVE,2525,,,,,,,3,NO INDICATION OF INJURY,0,0,0,0,0,3,0,12,3,3,41.92438201,-87.72603222,POINT (-87.726032217462 41.924382009171)
291b38141e6ed7c00dc8e047bebcec129a41e82c52c9de0b30ffd74b65136ff4e3c7d895466261030618ba0b26679df3e2964bf8cc30a8548cb296706ae9fe2c,JC449408,,9/26/2019 15:29,30,NO CONTROLS,NO CONTROLS,CLEAR,DAYLIGHT,SIDESWIPE SAME DIRECTION,NOT DIVIDED,,STRAIGHT AND LEVEL,DRY,NO DEFECTS,,NO INJURY / DRIVE AWAY,,,,"$501 - $1,500",9/26/2019 15:29,IMPROPER OVERTAKING/PASSING,IMPROPER LANE USAGE,2304,E,75TH ST,334,,,,,,,2,NO INDICATION OF INJURY,0,0,0,0,0,3,0,15,5,9,41.75907351,-87.56858204,POINT (-87.568582034543 41.759073513805)
29660fce0cabf6051634011bcfd9a22891de1507005df478fd6e8653d44e1573aae3e62d58066ce98bc3a3b8d0fa15a135549baa8f6359b4f29efab1a611c816,JF153694,,2/23/2022 14:46,35,TRAFFIC SIGNAL,FUNCTIONING PROPERLY,CLEAR,DAYLIGHT,ANGLE,FOUR WAY,,STRAIGHT AND LEVEL,DRY,NO DEFECTS,ON SCENE,INJURY AND / OR TOW DUE TO CRASH,Y,,,"OVER $1,500",2/23/2022 14:46,UNABLE TO DETERMINE,NOT APPLICABLE,6198,S,ARCHER AVE,811,,,,,,,2,INCAPACITATING INJURY,1,0,1,0,0,2,0,14,4,2,41.79396112,-87.77451192,POINT (-87.774511919281 41.793961116821)
2ac503b590dc94833b994035d45f3702c78ab24f0c5f9eab4e6e66c77ee533abd182c50bd4389cea1a4cde1525b9be1d91a989a783373f63f0579c73f4ada9b8,JF153236,,2/23/2022 4:20,30,NO CONTROLS,NO CONTROLS,CLEAR,DARKNESS,REAR END,PARKING LOT,,STRAIGHT AND LEVEL,UNKNOWN,UNKNOWN,ON SCENE,NO INJURY / DRIVE AWAY,,,Y,$500 OR LESS,2/23/2022 4:20,NOT APPLICABLE,NOT APPLICABLE,12525,S,CARONDOLET AVE,433,,,,,,,2,NO INDICATION OF INJURY,0,0,0,0,0,4,0,4,4,2,41.66744478,-87.54941823,POINT (-87.549418232998 41.667444774662)
2ae3788ed20ac9ab714fe49b56ee8fd29b331d64b6cc7a80382711d105bf0e68e23a6d0c9090fd6936b6e337f7ce678c76c3b9154531235c0a33a168b1fbaddb,JF153557,,2/23/2022 12:50,30,TRAFFIC SIGNAL,FUNCTIONING PROPERLY,CLEAR,DAYLIGHT,ANGLE,NOT DIVIDED,,STRAIGHT AND LEVEL,DRY,NO DEFECTS,ON SCENE,INJURY AND / OR TOW DUE TO CRASH,Y,,,"OVER $1,500",2/23/2022 12:52,UNABLE TO DETERMINE,UNABLE TO DETERMINE,6900,S,RACINE AVE,734,,,,,,,2,NO INDICATION OF INJURY,0,0,0,0,0,2,0,12,4,2,41.76859881,-87.65435441,POINT (-87.654354404608 41.768598809778)
2bfcf1f9ad8755d9e0f711164fdc53685354bc9269da9cd06a60a9f4e80f6b17c18f88065c7c92671f7eb6c595e8bbb5546c3acb20fbce5ac49eee6231044a0c,JF146794,,2/16/2022 19:40,30,TRAFFIC SIGNAL,FUNCTIONING PROPERLY,RAIN,"DARKNESS, LIGHTED ROAD",ANGLE,DIVIDED - W/MEDIAN (NOT RAISED),,STRAIGHT AND LEVEL,WET,NO DEFECTS,ON SCENE,INJURY AND / OR TOW DUE TO CRASH,Y,,,"OVER $1,500",2/16/2022 20:00,FAILING TO YIELD RIGHT-OF-WAY,WEATHER,4200,N,SHERIDAN RD,1915,,,,,,,2,NO INDICATION OF INJURY,0,0,0,0,0,2,0,19,4,2,41.95849731,-87.65480485,POINT (-87.6548048463 41.958497306122)
2bd57460557d74bc34bb2e9fa70f00f33a172ba92c25270582f10332a9411aa8165321d22f0c0ee9e311d0e8c11ad4eb2722bb5dd0b1c70722e5a45023af7bcb,JF154746,,2/23/2022 3:00,30,UNKNOWN,UNKNOWN,CLEAR,"DARKNESS, LIGHTED ROAD",OTHER NONCOLLISION,NOT DIVIDED,,STRAIGHT AND LEVEL,UNKNOWN,"RUT, HOLES",NOT ON SCENE (DESK REPORT),INJURY AND / OR TOW DUE TO CRASH,,,,"OVER $1,500",2/24/2022 15:11,UNABLE TO DETERMINE,UNABLE TO DETERMINE,600,S,CANAL ST,124,,,,,,,1,NO INDICATION OF INJURY,0,0,0,0,0,1,0,3,4,2,41.87433069,-87.63960074,POINT (-87.639600735438 41.874330690014)
4105a499b9034a0243cb174f641103e6c8e28aac152d1de3c64ac3152299ed77f23d0b1f8ab32b58f4feba53072c8db4dc80e9a0cacb786664ce55eec2159273,JF182498,Y,3/22/2022 7:20,20,NO CONTROLS,NO CONTROLS,CLEAR,DAYLIGHT,PARKED MOTOR VEHICLE,NOT DIVIDED,,STRAIGHT AND LEVEL,DRY,NO DEFECTS,NOT ON SCENE (DESK REPORT),NO INJURY / DRIVE AWAY,,,Y,"$501 - $1,500",3/22/2022 11:08,UNABLE TO DETERMINE,UNABLE TO DETERMINE,5322,S,NATCHEZ AVE,811,,,,,,,2,NO INDICATION OF INJURY,0,0,0,0,0,1,0,7,3,3,41.79529655,-87.78448641,POINT (-87.7844864084 41.795296550286)
2cfb5c8ccc246f54d2f143c9b2ecf4650ddc8bc7fad67f6c5a9785ae726bb13e77b614d3076adc1bc471f4d60b2eb15b4303c77fd62d1407e110ac5bf7962546,JF153823,,2/23/2022 15:22,20,NO CONTROLS,NO CONTROLS,CLEAR,DAYLIGHT,FIXED OBJECT,ONE-WAY,,STRAIGHT AND LEVEL,DRY,UNKNOWN,NOT ON SCENE (DESK REPORT),NO INJURY / DRIVE AWAY,,,,$500 OR LESS,2/23/2022 15:22,IMPROPER BACKING,IMPROPER BACKING,1,W,TERMINAL ST,1651,,,,,,,1,NO INDICATION OF INJURY,0,0,0,0,0,1,0,15,4,2,,,