CRASH_RECORD_ID,RD_NO,CRASH_DATE_EST_I,CRASH_DATE,POSTED_SPEED_LIMIT,TRAFFIC_CONTROL_DEVICE,DEVICE_CONDITION,WEATHER_CONDITION,LIGHTING_CONDITION,FIRST_CRASH_TYPE,TRAFFICWAY_TYPE,LANE_CNT,ALIGNMENT,ROADWAY_SURFACE_COND,ROAD_DEFECT,REPORT_TYPE,CRASH_TYPE,INTERSECTION_RELATED_I,NOT_RIGHT_OF_WAY_I,HIT_AND_RUN_I,DAMAGE,DATE_POLICE_NOTIFIED,PRIM_CONTRIBUTORY_CAUSE,SEC_CONTRIBUTORY_CAUSE,STREET_NO,STREET_DIRECTION,STREET_NAME,BEAT_OF_OCCURRENCE,PHOTOS_TAKEN_I,STATEMENTS_TAKEN_I,DOORING_I,WORK_ZONE_I,WORK_ZONE_TYPE,WORKERS_PRESENT_I,NUM_UNITS,MOST_SEVERE_INJURY,INJURIES_TOTAL,INJURIES_FATAL,INJURIES_INCAPACITATING,INJURIES_NON_INCAPACITATING,INJURIES_REPORTED_NOT_EVIDENT,INJURIES_NO_INDICATION,INJURIES_UNKNOWN,CRASH_HOUR,CRASH_DAY_OF_WEEK,CRASH_MONTH,LATITUDE,LONGITUDE,LOCATION
2dbd7368d425cf5999fa3d8451acb049ec755163f2ec53ffb773354346b957bb06523e693fa17dd03b2ba5ca8a3c4baa57fa494144e2390b4c2ad217daf2e264,JF146577,,2/16/2022 17:00,30,TRAFFIC SIGNAL,UNKNOWN,UNKNOWN,DUSK,REAR END,NOT DIVIDED,,STRAIGHT AND LEVEL,UNKNOWN,UNKNOWN,NOT ON SCENE (DESK REPORT),NO INJURY / DRIVE AWAY,,,Y,"OVER $1,500",2/16/2022 17:15,UNABLE TO DETERMINE,UNABLE TO DETERMINE,6198,W,MONTROSE AVE,1622,,,,,,,2,NO INDICATION OF INJURY,0,0,0,0,0,2,0,17,4,2,41.96039494,-87.78184753,POINT (-87.7818475265 41.960394942809)
37a5f57f25182ed594a743bb36d103461f0cff53d080c06bfbf1d8c23e610de202d09d0774bd7a2611257ece9e0756cd2c0b2916199aba6f7ad0364641ebb4a8,JF168636,,3/9/2022 18:45,30,TRAFFIC SIGNAL,FUNCTIONING PROPERLY,CLEAR,"DARKNESS, LIGHTED ROAD",SIDESWIPE SAME DIRECTION,NOT DIVIDED,,STRAIGHT AND LEVEL,DRY,NO DEFECTS,NOT ON SCENE (DESK REPORT),NO INJURY / DRIVE AWAY,,,,"OVER $1,500",3/9/2022 19:15,UNABLE TO DETERMINE,NOT APPLICABLE,66,W,OAK ST,1824,,,,,,,2,NO INDICATION OF INJURY,0,0,0,0,0,2,0,18,4,3,41.90067029,-87.6308417,POINT (-87.630841695886 41.900670285306)
2e082f78b546c405c7ccb36297421b7699f4387a09b671beb4b11d2418a8168bcfa1b78fb66e91e60cd6e39b178200d7ee5287320ca25d58b37714c94a54f694,JF159844,Y,2/23/2022 11:00,30,NO CONTROLS,NO CONTROLS,CLEAR,DAYLIGHT,PARKED MOTOR VEHICLE,ONE-WAY,,STRAIGHT AND LEVEL,UNKNOWN,UNKNOWN,NOT ON SCENE (DESK REPORT),NO INJURY / DRIVE AWAY,,,Y,"OVER $1,500",3/1/2022 14:30,UNABLE TO DETERMINE,UNABLE TO DETERMINE,3316,W,SUNNYSIDE AVE,1724,,,,,,,2,NO INDICATION OF INJURY,0,0,0,0,0,1,0,11,4,2,41.96308548,-87.71149191,POINT (-87.711491905309 41.963085481423)
37001fdad52d3f68326570a5357d950ab7a0c5596f337bc9d3518bd87c4f5052b5fe7a7775b5808a78118b58ba5db45711291390f3f67968aee42593482e58df,JE473817,,12/11/2021 11:09,30,NO CONTROLS,NO CONTROLS,CLEAR,DAYLIGHT,SIDESWIPE SAME DIRECTION,NOT DIVIDED,,STRAIGHT AND LEVEL,DRY,UNKNOWN,,NO INJURY / DRIVE AWAY,,,,"OVER $1,500",12/11/2021 11:30,UNABLE TO DETERMINE,NOT APPLICABLE,1739,N,PULASKI RD,2535,,,,,,,3,NO INDICATION OF INJURY,0,0,0,0,0,4,0,11,7,12,41.91279064,-87.72627647,POINT (-87.726276469335 41.912790639009)
415d1b654a263270e9a5e3bfd93a979cfeb2f6ef23cac9f9832e84eb1f3a3e39fa025d8f737a7f1531dd9b492a42d51f8a9f0418a11ffb7f5135b389d5afe8ad,JE102946,,1/4/2021 12:08,10,NO CONTROLS,NO CONTROLS,CLEAR,DAYLIGHT,REAR TO SIDE,PARKING LOT,,STRAIGHT AND LEVEL,DRY,NO DEFECTS,,NO INJURY / DRIVE AWAY,,,,"OVER $1,500",1/4/2021 12:13,UNABLE TO DETERMINE,NOT APPLICABLE,10900,S,DOTY AVE E,513,,,,,,,2,NO INDICATION OF INJURY,0,0,0,0,0,2,0,12,2,1,41.69623253,-87.5958062,POINT (-87.59580619714 41.696232527674)
3263b394d18d5af22e9cc5f7433f7f6e5cff3efb503d1649dc2597edd9bc99537ded11405c531ebcc584060d4d8b40ad85342f4a0f4603e1b1ab2e64c8b08160,JF160592,,3/2/2022 7:53,30,STOP SIGN/FLASHER,FUNCTIONING PROPERLY,CLEAR,DAYLIGHT,TURNING,FOUR WAY,,"CURVE, LEVEL",DRY,NO DEFECTS,ON SCENE,INJURY AND / OR TOW DUE TO CRASH,Y,,,"OVER $1,500",3/2/2022 7:54,UNABLE TO DETERMINE,UNABLE TO DETERMINE,5230,W,NORTH AVE,2532,,Y,,,,,2,NO INDICATION OF INJURY,0,0,0,0,0,2,0,7,4,3,41.90959735,-87.75689929,POINT (-87.756899292254 41.90959735249)
3804a313ead155fb57145c25a9b4a6570942519ccb2f5190dac1001b8947315631537b32d8fbb146220f2054304694b533cbf11fd3a151a56fb28baf1801a56c,JF179656,,3/16/2022 18:40,25,TRAFFIC SIGNAL,FUNCTIONING PROPERLY,UNKNOWN,UNKNOWN,PEDESTRIAN,FOUR WAY,,STRAIGHT AND LEVEL,UNKNOWN,NO DEFECTS,NOT ON SCENE (DESK REPORT),NO INJURY / DRIVE AWAY,,,Y,$500 OR LESS,3/19/2022 18:37,UNABLE TO DETERMINE,NOT APPLICABLE,2599,N,LARAMIE AVE,2521,,,,,,,2,NO INDICATION OF INJURY,0,0,0,0,0,2,0,18,4,3,41.92773594,-87.75613346,POINT (-87.756133463578 41.927735938873)
374305ed49d372c501f111769fab406b7a36985839a03f35fc9b9a15a93fa231dd2eb2e0a951a1ea6ddb3c500d3f07e448da72bd189fce1ad4b3759a9f98c5dd,JC375427,,8/2/2019 14:45,30,NO CONTROLS,NO CONTROLS,CLEAR,DAYLIGHT,PEDESTRIAN,ONE-WAY,,STRAIGHT AND LEVEL,DRY,NO DEFECTS,,INJURY AND / OR TOW DUE TO CRASH,Y,,Y,"$501 - $1,500",8/2/2019 14:55,FAILING TO YIELD RIGHT-OF-WAY,UNABLE TO DETERMINE,200,S,SANGAMON ST,1232,,,,,,,2,NONINCAPACITATING INJURY,1,0,0,1,0,1,0,14,6,8,41.87909225,-87.65092628,POINT (-87.650926275186 41.879092246577)
41e12b84aa1609f72b871f93da1b7b777dcc4876efaa843ec71f01e813544d772be456d32db6d4b528d056a46b73165a0d183c38e356d76fe444d13ef174aeba,JC474314,,10/16/2019 1:15,30,TRAFFIC SIGNAL,FUNCTIONING PROPERLY,CLEAR,"DARKNESS, LIGHTED ROAD",TURNING,UNKNOWN,,STRAIGHT AND LEVEL,DRY,NO DEFECTS,,NO INJURY / DRIVE AWAY,Y,,,"OVER $1,500",10/16/2019 1:20,UNABLE TO DETERMINE,NOT APPLICABLE,215,W,ONTARIO ST,1831,,,,,,,2,NO INDICATION OF INJURY,0,0,0,0,0,4,0,1,4,10,41.89306879,-87.63477502,POINT (-87.634775017846 41.893068790687)
3396ddf90cc7030fbc0b55f36753087da8889b16fbb9008b22d05398b59dfe350095bf03daf97dd583699e8064dc409aff4c3dceb3dae8536b5391c51e2ad77f,JF160706,,3/2/2022 10:05,30,TRAFFIC SIGNAL,FUNCTIONING PROPERLY,CLEAR,DAYLIGHT,ANGLE,NOT DIVIDED,,STRAIGHT AND LEVEL,DRY,NO DEFECTS,ON SCENE,NO INJURY / DRIVE AWAY,Y,,Y,"OVER $1,500",3/2/2022 10:07,DISREGARDING TRAFFIC SIGNALS,FAILING TO REDUCE SPEED TO AVOID CRASH,29,N,CALIFORNIA AVE,1222,,,,,,,2,NO INDICATION OF INJURY,0,0,0,0,0,2,0,10,4,3,41.88194988,-87.69616131,POINT (-87.696161304621 41.881949877526)
33d909b20184430229603cc703bfc606164e9d60756918c77d648e3c10f719b52128b44700fbf6a16628ed7647791bb3fa54b60673f85da185a8fe9512bc1981,JF161265,,3/2/2022 18:30,30,NO CONTROLS,NO CONTROLS,RAIN,"DARKNESS, LIGHTED ROAD",TURNING,FOUR WAY,,STRAIGHT AND LEVEL,WET,NO DEFECTS,ON SCENE,INJURY AND / OR TOW DUE TO CRASH,Y,,,"OVER $1,500",3/2/2022 18:41,FOLLOWING TOO CLOSELY,NOT APPLICABLE,1229,W,HOLLYWOOD AVE,2013,Y,,,,,,2,NO INDICATION OF INJURY,0,0,0,0,0,4,0,18,4,3,41.98531166,-87.66131012,POINT (-87.661310114635 41.985311656361)
2f4827c35607a9f77c24f2b05909761172b9b2380b0b3206cf08ee19df287c7b758416307b4625018d9f9ea2c34835cd47a83fba58fe416f8ccfd6ee527ecedc,JF153786,,2/23/2022 11:10,15,NO CONTROLS,NO CONTROLS,UNKNOWN,UNKNOWN,REAR TO SIDE,OTHER,,STRAIGHT AND LEVEL,UNKNOWN,UNKNOWN,NOT ON SCENE (DESK REPORT),NO INJURY / DRIVE AWAY,,Y,Y,"OVER $1,500",2/23/2022 16:00,UNABLE TO DETERMINE,UNABLE TO DETERMINE,3225,W,ADDISON ST,1733,,,,,,,2,NO INDICATION OF INJURY,0,0,0,0,0,2,0,11,4,2,41.94651258,-87.7088883,POINT (-87.708888304499 41.94651257878)
388a17e095b7027b42943799a0f48bfc405aed58542fc0df1ad0998e14eeb9bbfe82377124b7b9caa1b318f6d9d655a7a6c4acbcc771355f00c21dff48a19ef1,JE335267,,8/12/2021 17:19,30,TRAFFIC SIGNAL,FUNCTIONING PROPERLY,CLEAR,DAYLIGHT,TURNING,DIVIDED - W/MEDIAN (NOT RAISED),,STRAIGHT AND LEVEL,DRY,NO DEFECTS,,INJURY AND / OR TOW DUE TO CRASH,Y,,,"OVER $1,500",8/12/2021 17:20,DRIVING SKILLS/KNOWLEDGE/EXPERIENCE,UNABLE TO DETERMINE,3200,W,OGDEN AVE,1022,,,,,,,2,NONINCAPACITATING INJURY,2,0,0,2,0,2,0,17,5,8,41.85805326,-87.70555564,POINT (-87.705555636014 41.858053255297)
4273ac29f112050cc9bee1c164cfbd9f69cf54c118e148b4ce0a26fec90c9bfeebd13a982b30839c72248c28a64e14bdb80fa189604a679f157044e3509dc9fd,JE165732,,3/11/2021 10:14,30,NO CONTROLS,NO CONTROLS,CLEAR,DAYLIGHT,PARKED MOTOR VEHICLE,NOT DIVIDED,,STRAIGHT AND LEVEL,DRY,NO DEFECTS,,INJURY AND / OR TOW DUE TO CRASH,,,N,"OVER $1,500",3/11/2021 10:15,DRIVING ON WRONG SIDE/WRONG WAY,UNABLE TO DETERMINE,1124,N,PULASKI RD,1111,,,,,,,3,NONINCAPACITATING INJURY,2,0,0,2,0,0,0,10,5,3,41.90159242,-87.72641808,POINT (-87.726418076898 41.901592415754)
2fd99dc0f9f11d86fb1da46902e4d72d5a04fc637d96ade2a9dff294dc5ee66d4a9e908841f7dda642ff74c05e553099e780cc46cd8c3141af86920f7b8d6200,JF146581,,2/16/2022 16:55,30,TRAFFIC SIGNAL,FUNCTIONING PROPERLY,RAIN,DUSK,REAR END,NOT DIVIDED,,STRAIGHT AND LEVEL,WET,NO DEFECTS,ON SCENE,INJURY AND / OR TOW DUE TO CRASH,,,,"OVER $1,500",2/16/2022 16:59,FOLLOWING TOO CLOSELY,EQUIPMENT - VEHICLE CONDITION,10134,S,WESTERN AVE,2211,,,,,,,3,"REPORTED, NOT EVIDENT",1,0,0,0,1,4,0,16,4,2,41.70899839,-87.68184681,POINT (-87.681846813603 41.708998386976)
345481087f623430ed71e5853c6643c58cde8cb9029a07539949bfc29ede2f56f9647ec11e8403ec485b8dfe9e1744cb0a1c91de8ae911552b625e5b4860c62d,JF160763,,3/2/2022 9:30,25,TRAFFIC SIGNAL,FUNCTIONING PROPERLY,CLEAR,DAYLIGHT,SIDESWIPE SAME DIRECTION,NOT DIVIDED,,STRAIGHT AND LEVEL,DRY,UNKNOWN,NOT ON SCENE (DESK REPORT),NO INJURY / DRIVE AWAY,,,,"OVER $1,500",3/2/2022 11:15,IMPROPER OVERTAKING/PASSING,IMPROPER OVERTAKING/PASSING,2354,W,DEVON AVE,2412,,,,,,,2,NO INDICATION OF INJURY,0,0,0,0,0,2,0,9,4,3,41.9978448,-87.68965757,POINT (-87.689657568778 41.997844794769)
302f23d1c74603216b9d56cc5b1eca0b524f2db39dbe71a91cbdc09e83f5f272fd6abb44e9fe9adc4a15c6bd90e78dd10e39fcac8bd7405b0595162a11d3b334,JF146939,,2/16/2022 22:30,30,NO CONTROLS,NO CONTROLS,RAIN,"DARKNESS, LIGHTED ROAD",SIDESWIPE SAME DIRECTION,NOT DIVIDED,,STRAIGHT AND LEVEL,WET,NO DEFECTS,ON SCENE,INJURY AND / OR TOW DUE TO CRASH,,,,"OVER $1,500",2/16/2022 23:42,UNABLE TO DETERMINE,NOT APPLICABLE,6673,N,NORTHWEST HWY,1611,,,,,,,2,NO INDICATION OF INJURY,0,0,0,0,0,2,0,22,4,2,42.002242,-87.81507914,POINT (-87.815079139818 42.002241998464)
2fa037703af46f9e6a8794604a3bc4d5abee7d3ba883fcff4641236498e6e8d583be86dbdd0b80697a19620e0269fa6eabe3b1e99360dabf3fa8bdf121c6f7c9,JE436420,,11/6/2021 19:42,30,TRAFFIC SIGNAL,FUNCTIONING PROPERLY,CLEAR,DUSK,SIDESWIPE SAME DIRECTION,FOUR WAY,,STRAIGHT AND LEVEL,DRY,NO DEFECTS,,INJURY AND / OR TOW DUE TO CRASH,Y,,Y,"OVER $1,500",11/6/2021 19:43,IMPROPER OVERTAKING/PASSING,UNABLE TO DETERMINE,6300,S,MORGAN ST,724,,,,,,,2,NONINCAPACITATING INJURY,1,0,0,1,0,1,0,19,7,11,41.77958101,-87.64978713,POINT (-87.649787129108 41.779581012899)
341fe389149b9a1b16663a8e0498974b47ff7e98fff684eff70ed96758bd5737f4588a2bb5dd4b1eab930504e36ff46fb15f611bd8b14ff988ba321df819046f,JD415077,Y,10/30/2020 4:00,30,NO CONTROLS,UNKNOWN,CLEAR,"DARKNESS, LIGHTED ROAD",PARKED MOTOR VEHICLE,NOT DIVIDED,,STRAIGHT AND LEVEL,DRY,NO DEFECTS,,NO INJURY / DRIVE AWAY,,,Y,"$501 - $1,500",10/30/2020 5:06,UNABLE TO DETERMINE,UNABLE TO DETERMINE,1750,E,93RD ST,413,,,,,,,3,NO INDICATION OF INJURY,0,0,0,0,0,1,0,4,6,10,41.72615676,-87.58053992,POINT (-87.580539918761 41.726156763863)
3af0f511d5a9f359fbb26e00ddb4cbfa92db9f1bf9025d07b1b02ea047c2ea2b253173de7a1529c25818dd8e741aa6927d4315f049f80230f03f64f70182f91b,JD144889,,2/8/2020 16:47,35,NO CONTROLS,NO CONTROLS,CLEAR,DUSK,REAR END,ONE-WAY,,STRAIGHT AND LEVEL,SNOW OR SLUSH,NO DEFECTS,,INJURY AND / OR TOW DUE TO CRASH,,,,"OVER $1,500",2/8/2020 16:48,FOLLOWING TOO CLOSELY,FAILING TO REDUCE SPEED TO AVOID CRASH,8145,S,HERMITAGE AVE,614,,,,,,,2,"REPORTED, NOT EVIDENT",1,0,0,0,1,1,0,16,7,2,41.74533447,-87.66680766,POINT (-87.666807661392 41.745334472465)
395751d12457a15474cc0d78f613625d5c8931ad60bc82bcc9a7ed52e54a9f1041984dba4bb23ce420701da1005fb0329ad94f09a3af002222beff158c52775c,JF187168,,3/16/2022 12:10,30,STOP SIGN/FLASHER,FUNCTIONING PROPERLY,CLEAR,DAYLIGHT,SIDESWIPE SAME DIRECTION,DIVIDED - W/MEDIAN (NOT RAISED),,STRAIGHT AND LEVEL,DRY,UNKNOWN,NOT ON SCENE (DESK REPORT),NO INJURY / DRIVE AWAY,,,Y,"OVER $1,500",3/26/2022 11:49,IMPROPER LANE USAGE,NOT APPLICABLE,70,W,LA SALLE DR,1814,,,,,,,2,NO INDICATION OF INJURY,0,0,0,0,0,3,0,12,4,3,41.91349013,-87.63161945,POINT (-87.631619448109 41.91349012866)
312515db71a732c5c9a354604ae6955ebec0039a82a4af5012ca6398841f0836f2a7f70f1c2e0c55e54c8673ab536cf2feebf31e5020cc0abcc7bd50ae906ed4,JF153610,,2/23/2022 12:30,15,NO CONTROLS,NO CONTROLS,CLEAR,DAYLIGHT,ANGLE,PARKING LOT,,STRAIGHT AND LEVEL,DRY,NO DEFECTS,NOT ON SCENE (DESK REPORT),NO INJURY / DRIVE AWAY,,,N,"OVER $1,500",2/23/2022 13:47,IMPROPER BACKING,IMPROPER BACKING,5101,S,CICERO AVE,815,,,,,,,2,NO INDICATION OF INJURY,0,0,0,0,0,2,0,12,4,2,41.8002456,-87.74281052,POINT (-87.742810521987 41.800245594931)
362ae8113b4d957630af3f5c8e3d27a2852111625572f9bb2ed2736e7a920bbb6934ef3cd0123c89878179c4d61ccb4fe3a279ec97773677c1d1a0f752841994,JF160545,,3/2/2022 5:25,30,NO CONTROLS,NO CONTROLS,CLEAR,DAWN,FIXED OBJECT,NOT DIVIDED,,STRAIGHT ON GRADE,DRY,NO DEFECTS,ON SCENE,NO INJURY / DRIVE AWAY,,,,"OVER $1,500",3/2/2022 5:28,DRIVING SKILLS/KNOWLEDGE/EXPERIENCE,DRIVING SKILLS/KNOWLEDGE/EXPERIENCE,3336,S,DAMEN AVE,912,,,,,,,1,NO INDICATION OF INJURY,0,0,0,0,0,2,0,5,4,3,41.83292789,-87.67549093,POINT (-87.675490933625 41.832927891791)
3c3fa507495fff1508e5d3dac9c0e54c026df6419900561a3a6736e359d5689deff9060837aa7271f332a9e3cbbdc7e20b42b493f4b794cfe7884612c09ee010,JF168170,,3/9/2022 11:50,30,NO CONTROLS,NO CONTROLS,CLEAR,DAYLIGHT,SIDESWIPE SAME DIRECTION,NOT DIVIDED,,STRAIGHT ON GRADE,DRY,UNKNOWN,NOT ON SCENE (DESK REPORT),NO INJURY / DRIVE AWAY,,,,"$501 - $1,500",3/9/2022 12:20,UNABLE TO DETERMINE,UNABLE TO DETERMINE,1242,W,HOLLYWOOD AVE,2013,,,,,,,2,NO INDICATION OF INJURY,0,0,0,0,0,2,0,11,4,3,41.9854306,-87.66183554,POINT (-87.661835540111 41.985430596208)
371ec26a8c6de18f606490d76b66efd0d9c38d0ff491fb617bfb7bc6a98c90fe855a7a1bb4b131969e662f07db34ea9b18ba9e5b6ae167d9c686b25b48cf5a4d,JF168222,,3/2/2022 18:30,30,TRAFFIC SIGNAL,UNKNOWN,UNKNOWN,UNKNOWN,REAR END,NOT DIVIDED,,STRAIGHT AND LEVEL,UNKNOWN,UNKNOWN,NOT ON SCENE (DESK REPORT),NO INJURY / DRIVE AWAY,,,,"$501 - $1,500",3/9/2022 13:00,UNABLE TO DETERMINE,NOT APPLICABLE,3199,N,GREENVIEW AVE,1933,,,,,,,2,NO INDICATION OF INJURY,0,0,0,0,0,2,0,18,4,3,41.93968654,-87.66609415,POINT (-87.666094150105 41.939686543239)
3a20a894ecfee2a64f861d9d4aa33e12be2329cc0595f1d91cff2293e8a536bc7a12e88d484bff7705f9c7282dac2564c1a4215800c30cfe2903b5e3b00dc62f,JF175474,,3/16/2022 8:02,30,TRAFFIC SIGNAL,FUNCTIONING PROPERLY,CLEAR,DAYLIGHT,REAR END,FOUR WAY,,STRAIGHT AND LEVEL,DRY,NO DEFECTS,ON SCENE,NO INJURY / DRIVE AWAY,Y,,,"OVER $1,500",3/16/2022 8:04,CELL PHONE USE OTHER THAN TEXTING,NOT APPLICABLE,2532,W,103RD ST,2211,,,,,,,2,NO INDICATION OF INJURY,0,0,0,0,0,2,0,8,4,3,41.70649007,-87.68539639,POINT (-87.685396384868 41.706490070034)
3a4d4623b6150acdd58007a28e9f9d73327b0d2c3b69572dc1958176b6a8ef2f22971722af4dd8f775e1f7110bb0abc6af0f6ce5077320a17119692960d151b4,JF176168,,3/16/2022 17:09,30,NO CONTROLS,NO CONTROLS,CLEAR,DAYLIGHT,TURNING,DIVIDED - W/MEDIAN (NOT RAISED),,STRAIGHT AND LEVEL,DRY,NO DEFECTS,ON SCENE,INJURY AND / OR TOW DUE TO CRASH,,,,"OVER $1,500",3/16/2022 17:18,UNABLE TO DETERMINE,NOT APPLICABLE,5813,W,WASHINGTON BLVD,1513,,,,,,,2,"REPORTED, NOT EVIDENT",3,0,0,0,3,2,0,17,4,3,41.88206134,-87.7704015,POINT (-87.770401497562 41.882061335665)
3215c5d2b12d1f0aba38479f8f47b176eced0ff3dd79088caddb7944b8ab61ce798533c3cede477b1462542d52f8e655844109e30f28d51838667e0e2ad19aad,JF146233,,2/16/2022 11:53,30,STOP SIGN/FLASHER,FUNCTIONING PROPERLY,CLEAR,DAYLIGHT,ANGLE,NOT DIVIDED,,STRAIGHT AND LEVEL,DRY,NO DEFECTS,ON SCENE,INJURY AND / OR TOW DUE TO CRASH,Y,,,"$501 - $1,500",2/16/2022 12:05,UNABLE TO DETERMINE,UNABLE TO DETERMINE,6308,N,CENTRAL AVE,1621,,,,,,,2,NO INDICATION OF INJURY,0,0,0,0,0,2,0,11,4,2,41.9963716,-87.76427704,POINT (-87.764277038221 41.996371597022)
459e16701afcf6b061a25e26198dc2047ccdade06f32e0be7c9357dc671fb189026d9be867bd6ddfd8d510eee38ee0b5d1c97958ff2a5b0ba7f52f4b360cea9d,JF182701,,3/22/2022 13:30,15,NO CONTROLS,NO CONTROLS,CLEAR,DAYLIGHT,FIXED OBJECT,NOT DIVIDED,,STRAIGHT AND LEVEL,DRY,NO DEFECTS,NOT ON SCENE (DESK REPORT),NO INJURY / DRIVE AWAY,,Y,,"OVER $1,500",3/22/2022 14:00,UNABLE TO DETERMINE,NOT APPLICABLE,1013,S,LAFLIN ST,1231,,,,,,,1,NO INDICATION OF INJURY,0,0,0,0,0,2,0,13,3,3,41.86883586,-87.66391573,POINT (-87.663915726238 41.868835862835)
32db2575301930848ce8972f68f478c37506e59e543e8cc4fe60d23674330b13d830ac019d6159f6c39b0670a6ba0bf888feac4c4a11baecfbcae586a88a7100,JF146533,,2/16/2022 16:30,30,UNKNOWN,UNKNOWN,UNKNOWN,UNKNOWN,SIDESWIPE OPPOSITE DIRECTION,UNKNOWN,,STRAIGHT AND LEVEL,UNKNOWN,UNKNOWN,NOT ON SCENE (DESK REPORT),NO INJURY / DRIVE AWAY,,,,"OVER $1,500",2/16/2022 16:44,UNABLE TO DETERMINE,UNABLE TO DETERMINE,5800,S,KEDZIE AVE,822,,,,,,,2,NO INDICATION OF INJURY,0,0,0,0,0,2,0,16,4,2,41.7879702,-87.70354447,POINT (-87.703544465118 41.787970201401)
3e593f2b09207f027d238a5ace3ffcd6d65a0038c18c7010ef16e24d3d38b1e302a988f75f4c8b2a987de776e879d3dacdc8fce93cdb10b578d87a720a474476,JF168627,,3/9/2022 18:45,30,UNKNOWN,UNKNOWN,CLEAR,"DARKNESS, LIGHTED ROAD",ANGLE,UNKNOWN INTERSECTION TYPE,,STRAIGHT AND LEVEL,DRY,UNKNOWN,NOT ON SCENE (DESK REPORT),NO INJURY / DRIVE AWAY,Y,,,"OVER $1,500",3/9/2022 19:13,UNABLE TO DETERMINE,UNABLE TO DETERMINE,5600,N,RAVENSWOOD AVE,2012,,,,,,,2,NO INDICATION OF INJURY,0,0,0,0,0,2,0,18,4,3,41.98339988,-87.67475662,POINT (-87.67475661547 41.983399881187)
462dc7feb9909745936fc6a0e172809acfe14b7384339a5e89bda9c883cabcc9d1da67851b08fa84993afe39833d9144d4bb4126bb65d1191b65bd9745d5e58f,,,3/30/2022 18:00,30,NO CONTROLS,NO CONTROLS,UNKNOWN,DARKNESS,PARKED MOTOR VEHICLE,ONE-WAY,,STRAIGHT AND LEVEL,UNKNOWN,UNKNOWN,,NO INJURY / DRIVE AWAY,,,Y,"OVER $1,500",4/5/2022 21:22,UNABLE TO DETERMINE,UNABLE TO DETERMINE,8139,S,ESSEX AVE,422,,,,,,,2,NO INDICATION OF INJURY,0,0,0,0,0,1,0,18,4,3,41.74696661,-87.56358486,POINT (-87.563584856234 41.746966608882)
46768db7f65e569b11d92587eab63b6ef75806494880eb0914ad1489a814bdbf06c439021d624259ff4e70f4a5f0fc64e4cf63a585d17f4c7591884ed31e8b62,JC467401,,10/10/2019 13:15,30,NO CONTROLS,NO CONTROLS,CLEAR,DAYLIGHT,PARKED MOTOR VEHICLE,NOT DIVIDED,,STRAIGHT AND LEVEL,DRY,NO DEFECTS,,NO INJURY / DRIVE AWAY,,,Y,"OVER $1,500",10/10/2019 13:20,UNABLE TO DETERMINE,UNABLE TO DETERMINE,2004,N,NEW ENGLAND AVE,2512,,,,,,,2,NO INDICATION OF INJURY,0,0,0,0,0,2,0,13,5,10,41.91648365,-87.7975858,POINT (-87.797585798038 41.9164836542)
33544fa9b0adbb1ee034fc965733699f26f193be028377446063c7ef0c43610cf06bb63a8e458bcf7e3b6c67c14fea8d4025f3766ecd87c834e6c432028c9bd0,JF154124,,2/23/2022 21:20,30,NO CONTROLS,NO CONTROLS,CLEAR,"DARKNESS, LIGHTED ROAD",PARKED MOTOR VEHICLE,ONE-WAY,,STRAIGHT AND LEVEL,DRY,NO DEFECTS,ON SCENE,INJURY AND / OR TOW DUE TO CRASH,,,,"OVER $1,500",2/23/2022 21:21,FOLLOWING TOO CLOSELY,UNABLE TO DETERMINE,28,E,85TH ST,632,,,,,,,2,NO INDICATION OF INJURY,0,0,0,0,0,3,0,21,4,2,41.74013273,-87.62310649,POINT (-87.623106489581 41.740132725872)
39c936fa3ebe35b11903e7c1b3177c65b985ea2e2eca1a2b7eb300fe820827455ff1c88f3be95342fddbcfb449faadfca3293950bcb3712eac1996af8aaa3f96,JF161715,,3/2/2022 16:25,40,NO CONTROLS,NO CONTROLS,CLEAR,DAYLIGHT,SIDESWIPE SAME DIRECTION,DIVIDED - W/MEDIAN BARRIER,,STRAIGHT AND LEVEL,DRY,NO DEFECTS,NOT ON SCENE (DESK REPORT),NO INJURY / DRIVE AWAY,,,Y,$500 OR LESS,3/3/2022 9:30,FOLLOWING TOO CLOSELY,NOT APPLICABLE,700,S,LAKE SHORE DR E,114,,,,,,,2,NO INDICATION OF INJURY,0,0,0,0,0,2,0,16,4,3,41.87319361,-87.61722829,POINT (-87.617228294467 41.873193608809)
3c80767f575f2ca0bb16cabdc38014295206b3126ed971a29a99c46a56cd44322edaa0f367ac02221d48f214a7aae7f502bdcf8d0fe4912e8e55127209404c7f,JF175454,,3/16/2022 7:32,30,TRAFFIC SIGNAL,FUNCTIONING PROPERLY,CLEAR,DAYLIGHT,TURNING,DIVIDED - W/MEDIAN (NOT RAISED),,STRAIGHT AND LEVEL,DRY,UNKNOWN,ON SCENE,INJURY AND / OR TOW DUE TO CRASH,Y,,,"OVER $1,500",3/16/2022 7:41,UNABLE TO DETERMINE,UNABLE TO DETERMINE,5555,W,GRAND AVE,2515,,,,,,,2,NONINCAPACITATING INJURY,1,0,0,1,0,3,0,7,4,3,41.91860889,-87.76557448,POINT (-87.765574478976 41.918608891151)