CRASH_RECORD_ID,RD_NO,CRASH_DATE_EST_I,CRASH_DATE,POSTED_SPEED_LIMIT,TRAFFIC_CONTROL_DEVICE,DEVICE_CONDITION,WEATHER_CONDITION,LIGHTING_CONDITION,FIRST_CRASH_TYPE,TRAFFICWAY_TYPE,LANE_CNT,ALIGNMENT,ROADWAY_SURFACE_COND,ROAD_DEFECT,REPORT_TYPE,CRASH_TYPE,INTERSECTION_RELATED_I,NOT_RIGHT_OF_WAY_I,HIT_AND_RUN_I,DAMAGE,DATE_POLICE_NOTIFIED,PRIM_CONTRIBUTORY_CAUSE,SEC_CONTRIBUTORY_CAUSE,STREET_NO,STREET_DIRECTION,STREET_NAME,BEAT_OF_OCCURRENCE,PHOTOS_TAKEN_I,STATEMENTS_TAKEN_I,DOORING_I,WORK_ZONE_I,WORK_ZONE_TYPE,WORKERS_PRESENT_I,NUM_UNITS,MOST_SEVERE_INJURY,INJURIES_TOTAL,INJURIES_FATAL,INJURIES_INCAPACITATING,INJURIES_NON_INCAPACITATING,INJURIES_REPORTED_NOT_EVIDENT,INJURIES_NO_INDICATION,INJURIES_UNKNOWN,CRASH_HOUR,CRASH_DAY_OF_WEEK,CRASH_MONTH,LATITUDE,LONGITUDE,LOCATION
34ef231a86f04e20d19ad0eaf302cb1a47b697badbf03fe010acb0bc2d61e7d5eba2a2cba2c0d4ec376f6eddba5b81a3dce2a6228c08fa9415826bd255682143,JF153333,,2/23/2022 8:00,30,UNKNOWN,UNKNOWN,UNKNOWN,DAYLIGHT,SIDESWIPE SAME DIRECTION,NOT DIVIDED,,STRAIGHT AND LEVEL,UNKNOWN,UNKNOWN,NOT ON SCENE (DESK REPORT),NO INJURY / DRIVE AWAY,,,,"$501 - $1,500",2/23/2022 9:30,UNABLE TO DETERMINE,NOT APPLICABLE,3013,W,PERSHING RD,921,,,,,,,2,NO INDICATION OF INJURY,0,0,0,0,0,4,0,8,4,2,41.82256796,-87.70011617,POINT (-87.700116173046 41.822567962009)
3d46300a56227cbb2628a34fa87f61a4b6338ff3d525cea9b299c92b96abddbe987bd4d02873889eb54215ce47fb5a393722954d9490299bb75bf9695f705ef5,JF175430,,3/16/2022 6:30,30,OTHER,FUNCTIONING PROPERLY,CLEAR,DAYLIGHT,SIDESWIPE SAME DIRECTION,NOT DIVIDED,,STRAIGHT AND LEVEL,DRY,NO DEFECTS,ON SCENE,NO INJURY / DRIVE AWAY,,,,"OVER $1,500",3/16/2022 6:46,UNABLE TO DETERMINE,UNABLE TO DETERMINE,501,N,CICERO AVE,1111,Y,Y,,,,,2,NO INDICATION OF INJURY,0,0,0,0,0,3,0,6,4,3,41.88961744,-87.74547069,POINT (-87.745470688127 41.8896174407)
354cf2c33c8ea3e2ac1a6a704801c27962cdc0994bc19d5c40920277ce59a863ca296e6dd2ab9ddfd2e54d628f33e40894c67e92b75c66c382cd880b541e24d0,JF146015,,2/16/2022 8:45,30,NO CONTROLS,NO CONTROLS,CLEAR,DAYLIGHT,ANGLE,DIVIDED - W/MEDIAN (NOT RAISED),,STRAIGHT AND LEVEL,WET,NO DEFECTS,ON SCENE,INJURY AND / OR TOW DUE TO CRASH,,,,"OVER $1,500",2/16/2022 9:23,FAILING TO YIELD RIGHT-OF-WAY,UNABLE TO DETERMINE,1,W,114TH PL,522,,,,,,,2,"REPORTED, NOT EVIDENT",1,0,0,0,1,5,0,8,4,2,41.68611794,-87.62305012,POINT (-87.623050120813 41.686117936474)
35b3572b27052536e424ef3837d25c72097441a97b46679ef854781d8960bc57ac53995a6c8919f21c0d3aee84f2067d10b5a9088ebf1d1fd27b59c2b543c306,JF154448,,2/23/2022 22:05,30,TRAFFIC SIGNAL,FUNCTIONING PROPERLY,CLEAR,"DARKNESS, LIGHTED ROAD",ANGLE,NOT DIVIDED,,STRAIGHT AND LEVEL,DRY,NO DEFECTS,NOT ON SCENE (DESK REPORT),NO INJURY / DRIVE AWAY,,,,"OVER $1,500",2/24/2022 9:55,UNABLE TO DETERMINE,NOT APPLICABLE,2411,W,ROOSEVELT RD,1023,,,,,,,2,NO INDICATION OF INJURY,0,0,0,0,0,2,0,22,4,2,41.86649825,-87.68638126,POINT (-87.686381258934 41.866498246158)
35c79d6e0cc99a2977a235f486cf1ec1e26c7bf334cb9ffcf48d4c0450454311aaebe0483447b638d17aada7e62b9779ea2f0213d60402c7c960e1aac63f6e10,JF154178,,2/23/2022 23:30,30,NO CONTROLS,NO CONTROLS,CLEAR,"DARKNESS, LIGHTED ROAD",PARKED MOTOR VEHICLE,RAMP,,STRAIGHT AND LEVEL,DRY,NO DEFECTS,ON SCENE,NO INJURY / DRIVE AWAY,,,Y,"$501 - $1,500",2/23/2022 23:31,IMPROPER BACKING,IMPROPER BACKING,930,W,WINONA ST,2024,,,,,,,2,NO INDICATION OF INJURY,0,0,0,0,0,3,0,23,4,2,41.97541079,-87.65383286,POINT (-87.653832856773 41.975410789995)
494f15370706ada6c3e26754508760d7cdb8adc6857f829f9424db1df5a399b3208bb045f55187ad705b0df12be6c375cc6bf01181e0a6352dc8827f9f8e8f4b,JD416905,,10/31/2020 18:00,30,NO CONTROLS,NO CONTROLS,CLEAR,"DARKNESS, LIGHTED ROAD",ANGLE,OTHER,,STRAIGHT AND LEVEL,DRY,NO DEFECTS,,NO INJURY / DRIVE AWAY,Y,,Y,"OVER $1,500",10/31/2020 18:27,FAILING TO YIELD RIGHT-OF-WAY,NOT APPLICABLE,4702,W,LAWRENCE AVE,1712,,,,,,,2,NO INDICATION OF INJURY,0,0,0,0,0,2,0,18,7,10,41.96815797,-87.7457355,POINT (-87.745735503881 41.968157965401)
3c6e3c76465a2451e99afe731ed8d2beb16551d274f21226b8445ac20db94ed0539d39f26db761773ad2396e1edb4f37a5ba65a6865b67655490e603e7f6ba0f,JF161183,,3/2/2022 16:45,10,NO CONTROLS,NO CONTROLS,CLEAR,DAYLIGHT,ANGLE,PARKING LOT,,STRAIGHT AND LEVEL,DRY,UNKNOWN,NOT ON SCENE (DESK REPORT),NO INJURY / DRIVE AWAY,,Y,,"OVER $1,500",3/2/2022 17:15,UNABLE TO DETERMINE,UNABLE TO DETERMINE,1631,W,HARRISON ST,1231,,,,,,,2,NO INDICATION OF INJURY,0,0,0,0,0,2,0,16,4,3,41.87406585,-87.66803101,POINT (-87.668031007717 41.874065851682)
35f15bab2aca1d1c2f5616bbdbb71f2d8d3a35a0fcfb52c586b1e3ed85c7ee7341077ac6f59540b974404d1b2869d416361d9431847e13771e05fc9f093c2e2b,JF147045,Y,2/16/2022 11:53,30,TRAFFIC SIGNAL,FUNCTIONING PROPERLY,RAIN,"DARKNESS, LIGHTED ROAD",PARKED MOTOR VEHICLE,DIVIDED - W/MEDIAN (NOT RAISED),,STRAIGHT AND LEVEL,WET,UNKNOWN,ON SCENE,INJURY AND / OR TOW DUE TO CRASH,,,Y,"OVER $1,500",2/17/2022 7:22,DRIVING SKILLS/KNOWLEDGE/EXPERIENCE,UNABLE TO DETERMINE,4507,W,55TH ST,813,,,,,,,3,NO INDICATION OF INJURY,0,0,0,0,0,1,0,11,4,2,41.792984,-87.73572869,POINT (-87.735728688513 41.792983995088)
3d5022a4fbfb04a8aef281b00bd5f159f49d0254e41c63e647cf137ce4279b9e351cec1ac290722af81be54bbc971255fce66c57298370e2f5b8b77cb8a891be,JF161932,,3/2/2022 19:40,30,NO CONTROLS,NO CONTROLS,UNKNOWN,UNKNOWN,PARKED MOTOR VEHICLE,UNKNOWN,,STRAIGHT AND LEVEL,UNKNOWN,UNKNOWN,NOT ON SCENE (DESK REPORT),NO INJURY / DRIVE AWAY,,,Y,"OVER $1,500",3/3/2022 12:30,UNABLE TO DETERMINE,UNABLE TO DETERMINE,1315,E,80TH ST,411,,,,,,,2,NO INDICATION OF INJURY,0,0,0,0,0,1,0,19,4,3,41.74948703,-87.59235919,POINT (-87.592359192846 41.749487028774)
4a6fa53034bae380dfa2d415a4a19880b8c4954c545dfb4cae24b580699d6f45e62ffe5a23d8e8d68c6689c87ad3863e1ba237d196c91d51d68dcbb2b0a6c193,JD406352,,10/21/2020 10:50,20,NO CONTROLS,NO CONTROLS,CLEAR,DAYLIGHT,TURNING,NOT DIVIDED,,STRAIGHT AND LEVEL,DRY,NO DEFECTS,,NO INJURY / DRIVE AWAY,Y,,,"OVER $1,500",10/21/2020 14:45,FAILING TO YIELD RIGHT-OF-WAY,UNABLE TO DETERMINE,7203,N,WASHTENAW AVE,2411,,,,,,,2,NO INDICATION OF INJURY,0,0,0,0,0,3,0,10,4,10,42.01223074,-87.69720301,POINT (-87.697203009756 42.012230744458)
373fd2a1e3cf7d0362a3c4ceb782d4f9bf90328a96a60915678409351d18beeedc670b2a8fdc2e492bfefeb8af5872f8a37e5d0bcf3d385983d2d332461a0588,JF153240,,2/23/2022 7:50,30,TRAFFIC SIGNAL,FUNCTIONING PROPERLY,CLEAR,DAYLIGHT,ANGLE,FOUR WAY,,STRAIGHT AND LEVEL,DRY,NO DEFECTS,ON SCENE,INJURY AND / OR TOW DUE TO CRASH,Y,,,"OVER $1,500",2/23/2022 7:52,DISREGARDING TRAFFIC SIGNALS,NOT APPLICABLE,300,E,LOWER WACKER DR,114,,,,,,,3,"REPORTED, NOT EVIDENT",2,0,0,0,2,2,0,7,4,2,41.88808207,-87.62050117,POINT (-87.620501170849 41.888082067345)
4c4a9cc2093f45bbb8ff1e09bb1baca86e6058b1d4457538639d0d8b00edb975cb343f6a80640639af880c30461130a3a20ad1cd3456c4f2c64c8ebbaafc23c3,JF182676,,3/22/2022 9:00,30,NO CONTROLS,NO CONTROLS,CLEAR,DAYLIGHT,PARKED MOTOR VEHICLE,NOT DIVIDED,,STRAIGHT AND LEVEL,DRY,NO DEFECTS,NOT ON SCENE (DESK REPORT),NO INJURY / DRIVE AWAY,,,Y,"OVER $1,500",3/22/2022 13:37,UNABLE TO DETERMINE,UNABLE TO DETERMINE,7956,S,PULASKI RD,834,,,,,,,2,NO INDICATION OF INJURY,0,0,0,0,0,1,0,9,3,3,41.74782271,-87.72200083,POINT (-87.722000829389 41.747822712445)
37ba6d99d5172c8d5e78a10ce7cd60570ab62bb866e4f661e1246879b7c4504e27da37cdf76a9a6eb4914a01430e7089dd35da1e9b71bb224a3253a082906e00,JF153805,,2/23/2022 15:16,30,TRAFFIC SIGNAL,FUNCTIONING PROPERLY,CLEAR,DAYLIGHT,TURNING,UNKNOWN INTERSECTION TYPE,,STRAIGHT AND LEVEL,DRY,NO DEFECTS,NOT ON SCENE (DESK REPORT),NO INJURY / DRIVE AWAY,,,,"OVER $1,500",2/23/2022 16:20,DISREGARDING TRAFFIC SIGNALS,UNABLE TO DETERMINE,1555,N,WESTERN AVE,1424,,,,,,,2,NO INDICATION OF INJURY,0,0,0,0,0,3,0,15,4,2,41.91011828,-87.68706777,POINT (-87.687067768326 41.910118278939)
37c2a5643184216b16a61ed59a1fcb753ec7bbacbbadd92127e6a88efddc30985f2b0f80a9a66a9cfa4cfd868029dd25d8e84cfed53b729e3c86812cfb50b164,JF146011,,2/16/2022 9:45,20,NO CONTROLS,NO CONTROLS,CLEAR,DAYLIGHT,ANGLE,ONE-WAY,,STRAIGHT AND LEVEL,WET,NO DEFECTS,ON SCENE,NO INJURY / DRIVE AWAY,,,,"$501 - $1,500",2/16/2022 9:50,IMPROPER OVERTAKING/PASSING,NOT APPLICABLE,3816,W,CONGRESS PKWY,1133,,,,,,,2,NO INDICATION OF INJURY,0,0,0,0,0,2,0,9,4,2,41.87453914,-87.72135451,POINT (-87.721354511474 41.874539136334)
4f0b886abc57ed706c773c48da1a30a561f50ac24f885fb959260ea43c3676ddefe3cfbe4c844282a828d77591e02be667f4ab7955017021973612194b437da9,JF183094,,3/22/2022 10:00,30,NO CONTROLS,NO CONTROLS,RAIN,DAYLIGHT,PARKED MOTOR VEHICLE,ONE-WAY,,STRAIGHT AND LEVEL,WET,UNKNOWN,NOT ON SCENE (DESK REPORT),NO INJURY / DRIVE AWAY,,,,"OVER $1,500",3/22/2022 18:55,UNABLE TO DETERMINE,UNABLE TO DETERMINE,1600,N,TRIPP AVE,2534,,,,,,,2,NO INDICATION OF INJURY,0,0,0,0,0,1,0,10,3,3,41.90989136,-87.73258429,POINT (-87.732584285262 41.909891360984)
427dfe0f191b4e2d951cee95c2da57a0b991e021d27200320e4e54729e7d80c618432f051122b6322d9014101e85169a99c4dc564b6808732f2c83b0bf54deae,JF175462,,3/16/2022 7:45,35,NO CONTROLS,NO CONTROLS,CLEAR,DAYLIGHT,SIDESWIPE SAME DIRECTION,NOT DIVIDED,,STRAIGHT AND LEVEL,DRY,NO DEFECTS,ON SCENE,NO INJURY / DRIVE AWAY,,,,"$501 - $1,500",3/16/2022 7:55,UNABLE TO DETERMINE,UNABLE TO DETERMINE,1433,E,130TH ST,434,,,,,,,2,NO INDICATION OF INJURY,0,0,0,0,0,2,0,7,4,3,41.66028294,-87.58882362,POINT (-87.588823623146 41.660282935391)
4f68e5202a7e5b20e1579c0ebe9a298d68c58fa803633bd20a95ca8a764626183a5dd0323ea97459e75e7f6d2116c28c83eda58fda9cf66e911196083a50a51f,JF183242,,3/22/2022 20:30,30,NO CONTROLS,NO CONTROLS,RAIN,"DARKNESS, LIGHTED ROAD",SIDESWIPE SAME DIRECTION,DIVIDED - W/MEDIAN BARRIER,,STRAIGHT AND LEVEL,WET,NO DEFECTS,NOT ON SCENE (DESK REPORT),NO INJURY / DRIVE AWAY,,,,"OVER $1,500",3/22/2022 22:00,UNABLE TO DETERMINE,UNABLE TO DETERMINE,163,W,NORTH AVE,1821,,,,,,,2,NO INDICATION OF INJURY,0,0,0,0,0,2,0,20,3,3,41.91105193,-87.634194,POINT (-87.634193996604 41.911051934249)
42bbd8845d8b08066030b9ca6b8cc6a48668667255cf18d3ce6ce1b1ed87fd7cd4f8e5e80fff0b61689c6453ee0fafb1217f37f4560a363a451e1362c1518a9a,JF176402,,3/16/2022 21:50,30,NO CONTROLS,NO CONTROLS,CLEAR,DARKNESS,TURNING,ALLEY,,STRAIGHT AND LEVEL,DRY,UNKNOWN,NOT ON SCENE (DESK REPORT),NO INJURY / DRIVE AWAY,,,,"OVER $1,500",3/16/2022 23:30,FAILING TO YIELD RIGHT-OF-WAY,FAILING TO YIELD RIGHT-OF-WAY,8200,S,SOUTH SHORE DR,424,,,,,,,2,NO INDICATION OF INJURY,0,0,0,0,0,2,0,21,4,3,41.74642973,-87.54808714,POINT (-87.548087140457 41.746429729379)
3934620bf7fdfd08af209b869756d51f4ff755553223426706e8394bdf32e56c12e705a571adb75e27d093f1c9a0c0235a5389022f721f167e4d25b52dd40953,JF153656,,2/23/2022 13:35,30,NO CONTROLS,NO CONTROLS,CLEAR,DAYLIGHT,REAR END,NOT DIVIDED,,STRAIGHT AND LEVEL,UNKNOWN,UNKNOWN,NOT ON SCENE (DESK REPORT),NO INJURY / DRIVE AWAY,,,,"$501 - $1,500",2/23/2022 14:14,IMPROPER BACKING,UNABLE TO DETERMINE,3837,N,GREENVIEW AVE,1922,,,,,,,2,NO INDICATION OF INJURY,0,0,0,0,0,2,0,13,4,2,41.95177534,-87.66728652,POINT (-87.667286521227 41.951775344047)
39325c236cdd34bde3cb07c7e713f6242d0cf61f1a9d53a378e5f4756c804643136f39432d338b1d8307ad4ecd0b57df729aa47abfc4270752195587b027717e,JF146492,,2/16/2022 15:39,30,TRAFFIC SIGNAL,FUNCTIONING PROPERLY,RAIN,DUSK,REAR END,DIVIDED - W/MEDIAN BARRIER,,STRAIGHT AND LEVEL,WET,NO DEFECTS,ON SCENE,NO INJURY / DRIVE AWAY,Y,,,"OVER $1,500",2/16/2022 15:39,IMPROPER OVERTAKING/PASSING,FAILING TO REDUCE SPEED TO AVOID CRASH,160,W,CERMAK RD,914,,,,,,,2,NO INDICATION OF INJURY,0,0,0,0,0,2,0,15,4,2,41.8529657,-87.63175599,POINT (-87.631755989104 41.852965703857)
519824af39ee4e448a5d7dc2255559829f2bef784b26f91e3b9587f1cdce8aad7be857b13fa9b95570aa0766821e7ad3a277924407a92e6845e79299b1b8acbb,JF182849,,3/22/2022 15:00,30,TRAFFIC SIGNAL,FUNCTIONING PROPERLY,CLEAR,DAYLIGHT,TURNING,NOT DIVIDED,,STRAIGHT AND LEVEL,DRY,NO DEFECTS,NOT ON SCENE (DESK REPORT),NO INJURY / DRIVE AWAY,,,Y,"OVER $1,500",3/22/2022 15:57,NOT APPLICABLE,NOT APPLICABLE,2110,S,WABASH AVE,131,,,,,,,2,NO INDICATION OF INJURY,0,0,0,0,0,2,0,15,3,3,41.85388799,-87.62566805,POINT (-87.625668049718 41.853887988688)
39948b67a9b95b6b445e5a8a10260d42841878a9580eebd09a88fa43966c3180e2ef2379c7fda6c7b1b8bb640737038a1bc9ec5278ca75ae6468c96e2c3df4a0,JF153716,,2/23/2022 14:42,10,NO CONTROLS,NO CONTROLS,CLEAR,DAYLIGHT,PEDESTRIAN,OTHER,,STRAIGHT AND LEVEL,DRY,NO DEFECTS,ON SCENE,INJURY AND / OR TOW DUE TO CRASH,,Y,,$500 OR LESS,2/23/2022 14:42,FAILING TO YIELD RIGHT-OF-WAY,UNABLE TO DETERMINE,6801,N,WESTERN AVE,2411,,,,,,,2,NONINCAPACITATING INJURY,1,0,0,1,0,1,0,14,4,2,42.00508007,-87.68992475,POINT (-87.689924744509 42.005080073905)
39f245ae5f46ce2f6f12e84b9a196e55da4f21d65222ed1ee055440134618164eba14e4086c69573e47d863879104e185e206fe67cbec80b68a06753f7cdacba,JF153101,,2/23/2022 1:37,30,NO CONTROLS,NO CONTROLS,CLEAR,"DARKNESS, LIGHTED ROAD",PARKED MOTOR VEHICLE,DIVIDED - W/MEDIAN (NOT RAISED),,STRAIGHT AND LEVEL,DRY,NO DEFECTS,ON SCENE,INJURY AND / OR TOW DUE TO CRASH,,,,"OVER $1,500",2/23/2022 1:37,NOT APPLICABLE,"DISTRACTION - OTHER ELECTRONIC DEVICE (NAVIGATION DEVICE, DVD PLAYER, ETC.)",9139,S,ASHLAND AVE,2221,,,,,,,2,NO INDICATION OF INJURY,0,0,0,0,0,1,0,1,4,2,41.72732311,-87.66267504,POINT (-87.662675042351 41.727323109723)
3a0cfdc059670f1b74ac98ce0c1513776a318317afcdb56a0460d907544bf31765e4c909927be86af1957a7af03aa2f71c773285983a8ae2849055fbe5994c0c,JF153407,Y,2/23/2022 8:40,30,NO CONTROLS,NO CONTROLS,OTHER,DAYLIGHT,ANGLE,DIVIDED - W/MEDIAN BARRIER,,STRAIGHT AND LEVEL,DRY,NO DEFECTS,NOT ON SCENE (DESK REPORT),NO INJURY / DRIVE AWAY,,,Y,"$501 - $1,500",2/23/2022 9:30,IMPROPER BACKING,NOT APPLICABLE,4825,S,DREXEL BLVD,222,,,,,,,2,NO INDICATION OF INJURY,0,0,0,0,0,4,0,8,4,2,41.80697839,-87.60369608,POINT (-87.603696081048 41.806978386677)
3a112cd53186a90c3d7810f8124186ae1b0b88b3523a231e6699a2226c2c8882fd16e885487687030bc1216ebd2f32a06955e20b53b50072aec419de6b082d51,JF153382,,2/23/2022 10:10,30,NO CONTROLS,NO CONTROLS,CLEAR,DAYLIGHT,PARKED MOTOR VEHICLE,OTHER,,STRAIGHT AND LEVEL,DRY,NO DEFECTS,NOT ON SCENE (DESK REPORT),NO INJURY / DRIVE AWAY,,,,"$501 - $1,500",2/23/2022 10:30,DRIVING SKILLS/KNOWLEDGE/EXPERIENCE,NOT APPLICABLE,420,E,NORTH WATER ST,1834,,,,,,,2,NO INDICATION OF INJURY,0,0,0,0,0,1,0,10,4,2,41.8896353,-87.61686204,POINT (-87.616862042548 41.889635295746)
407697fabd7598c9d549a840c401b88033f8c8e242a802d525e09f138f307897cbb832d0e5fac961dfb5414105a5c2055f81f5516891a0133ccd112ca6c6d3ee,JF161092,,3/2/2022 15:50,30,TRAFFIC SIGNAL,FUNCTIONING PROPERLY,CLEAR,DAYLIGHT,REAR TO FRONT,ONE-WAY,,STRAIGHT AND LEVEL,DRY,NO DEFECTS,ON SCENE,NO INJURY / DRIVE AWAY,,,,"OVER $1,500",3/2/2022 16:10,UNDER THE INFLUENCE OF ALCOHOL/DRUGS (USE WHEN ARREST IS EFFECTED),NOT APPLICABLE,3920,W,OGDEN AVE,1014,,Y,,,,,2,NO INDICATION OF INJURY,0,0,0,0,0,2,0,15,4,3,41.85181666,-87.72320218,POINT (-87.723202175463 41.851816655566)
4497309d9216241c2f1b1fcbe38a5530cab3cb4582068e9926bc2aadaa9f3b9dd88132195f405589fa11630d17f50092f27023ea640b0241ddd156675340ab4d,JF175374,,3/16/2022 2:35,30,TRAFFIC SIGNAL,FUNCTIONING PROPERLY,CLEAR,"DARKNESS, LIGHTED ROAD",ANGLE,FOUR WAY,,STRAIGHT AND LEVEL,DRY,NO DEFECTS,ON SCENE,INJURY AND / OR TOW DUE TO CRASH,Y,,Y,"OVER $1,500",3/16/2022 2:37,DISREGARDING TRAFFIC SIGNALS,FAILING TO YIELD RIGHT-OF-WAY,6400,W,GRAND AVE,2512,,,,,,,2,NO INDICATION OF INJURY,0,0,0,0,0,2,0,2,4,3,41.92275139,-87.78541631,POINT (-87.785416314329 41.922751389634)
44fc26eba349da58f7add99c0a12e36852f7f3f31b6a111f04bccd37744bb46b29e4ba43cb6c55ed9f34cbd8d2d553aa08b717faec2de791cb2eac23b3e55610,JF175595,,3/16/2022 9:10,30,TRAFFIC SIGNAL,FUNCTIONING PROPERLY,CLOUDY/OVERCAST,DAYLIGHT,TURNING,NOT DIVIDED,,STRAIGHT AND LEVEL,DRY,NO DEFECTS,ON SCENE,NO INJURY / DRIVE AWAY,Y,,,"$501 - $1,500",3/16/2022 9:14,IMPROPER TURNING/NO SIGNAL,FAILING TO YIELD RIGHT-OF-WAY,2401,W,IRVING PARK RD,1921,,,,,,,2,NO INDICATION OF INJURY,0,0,0,0,0,2,0,9,4,3,41.95390121,-87.68858373,POINT (-87.688583730611 41.953901209347)
3af0043758ee1f5f8a6b7ec4feb48b94644212d22f1813c5ffeab2efb4d21a2400f092391f135c01e91cf06e195b83fdb22c6e9f3ee18b0834e8baf3cf31bae2,JF145947,,2/16/2022 8:06,30,TRAFFIC SIGNAL,FUNCTIONING PROPERLY,CLOUDY/OVERCAST,DAYLIGHT,TURNING,DIVIDED - W/MEDIAN (NOT RAISED),,STRAIGHT AND LEVEL,DRY,NO DEFECTS,ON SCENE,INJURY AND / OR TOW DUE TO CRASH,Y,,,"OVER $1,500",2/16/2022 8:08,FAILING TO REDUCE SPEED TO AVOID CRASH,NOT APPLICABLE,8301,S,DR MARTIN LUTHER KING JR DR,632,,,,,,,2,NONINCAPACITATING INJURY,1,0,0,1,0,3,0,8,4,2,41.74373153,-87.61458927,POINT (-87.614589274097 41.743731530644)
3bc464dbe5c0d71c751d921951e8ce19bab83abde6bb2e96681dd9276870988885e348f523636ab1f421384ba7c4cc0ff5c9b90f943be9bf6261695afdd227eb,JF147131,,2/16/2022 16:00,30,NO CONTROLS,NO CONTROLS,UNKNOWN,UNKNOWN,PARKED MOTOR VEHICLE,NOT DIVIDED,,STRAIGHT AND LEVEL,UNKNOWN,UNKNOWN,NOT ON SCENE (DESK REPORT),NO INJURY / DRIVE AWAY,,,Y,"OVER $1,500",2/17/2022 8:50,UNABLE TO DETERMINE,NOT APPLICABLE,6164,N,HAMILTON AVE,2413,,,,,,,2,NO INDICATION OF INJURY,0,0,0,0,0,1,0,16,4,2,41.9937131,-87.68374645,POINT (-87.683746450032 41.993713102015)
455a52d961f9ef67a20c02d90370ad6f243875a3322ca7583514e743a72a3b97f93a5210b30165f8d74fa3835bd3f3fca232b5a776f5a1eed8fb4da9ba2a4ab4,JE395719,,10/2/2021 17:30,30,STOP SIGN/FLASHER,FUNCTIONING PROPERLY,RAIN,DAYLIGHT,ANGLE,UNKNOWN INTERSECTION TYPE,,STRAIGHT AND LEVEL,WET,UNKNOWN,,NO INJURY / DRIVE AWAY,Y,,,"OVER $1,500",10/2/2021 18:30,FAILING TO YIELD RIGHT-OF-WAY,UNABLE TO DETERMINE,5100,S,KEELER AVE,815,,,,,,,2,NO INDICATION OF INJURY,0,0,0,0,0,2,0,17,7,10,41.80039893,-87.72841486,POINT (-87.728414859614 41.800398930524)
5323f519c165d7dbd49abc962cfda628aa0d29bcbb8ecb005245c9fdc35a71bdd3afce83ef1caeedc8b69ea5bb33af436867f0cce55814dff8e1ebe9fe91422a,JD191328,,3/20/2020 14:30,30,NO CONTROLS,NO CONTROLS,CLEAR,DAYLIGHT,PEDALCYCLIST,NOT DIVIDED,,STRAIGHT AND LEVEL,DRY,NO DEFECTS,,INJURY AND / OR TOW DUE TO CRASH,,,Y,"OVER $1,500",3/20/2020 14:55,UNABLE TO DETERMINE,UNABLE TO DETERMINE,4609,N,CLARENDON AVE,1914,,,,,,,2,NONINCAPACITATING INJURY,1,0,0,1,0,1,0,14,6,3,41.96578393,-87.64987789,POINT (-87.649877892579 41.965783929527)
41c3fc8371c2435209d626bacc3fc95bafc63220f4a098839e0e71397f04323a5455c0c37246fd2ce8b61ccff086b132385b9c610dad7738876ebe4c67ba09e2,JF161271,,3/2/2022 18:05,25,NO CONTROLS,NO CONTROLS,CLEAR,"DARKNESS, LIGHTED ROAD",SIDESWIPE SAME DIRECTION,ONE-WAY,,STRAIGHT AND LEVEL,UNKNOWN,UNKNOWN,NOT ON SCENE (DESK REPORT),NO INJURY / DRIVE AWAY,,,,"$501 - $1,500",3/2/2022 19:00,UNABLE TO DETERMINE,UNABLE TO DETERMINE,10000,W,OHARE ST,1651,,,,,,,2,NO INDICATION OF INJURY,0,0,0,0,0,2,0,18,4,3,41.97620114,-87.90530913,POINT (-87.905309125103 41.976201139024)
53ace15f872c3499d9addd893c93119ce6f704b5b52f01fd33070b1a69c22f009542268c5dbc47f3306338d951ff2983f6571366b16033eea2cca2a287ec575f,JF182656,,3/22/2022 12:30,30,NO CONTROLS,NO CONTROLS,CLEAR,DAYLIGHT,REAR END,NOT DIVIDED,,STRAIGHT AND LEVEL,DRY,NO DEFECTS,NOT ON SCENE (DESK REPORT),NO INJURY / DRIVE AWAY,,,,"$501 - $1,500",3/22/2022 13:27,FOLLOWING TOO CLOSELY,NOT APPLICABLE,2333,N,HARLEM AVE,2512,,,,,,,2,NO INDICATION OF INJURY,0,0,0,0,0,2,0,12,3,3,41.92211286,-87.80604772,POINT (-87.806047723217 41.922112857283)
422f774fcc18d49acf6eacc596d2dcb9eaa5887522fce4fb540bab1184c7d4b1c745fbdf5d38f1df709717bda41f40630fa214a94cd8b510b22c793a18d879f9,JF161440,,3/2/2022 22:19,30,STOP SIGN/FLASHER,FUNCTIONING PROPERLY,CLEAR,"DARKNESS, LIGHTED ROAD",REAR END,NOT DIVIDED,,STRAIGHT AND LEVEL,DRY,NO DEFECTS,NOT ON SCENE (DESK REPORT),NO INJURY / DRIVE AWAY,,,,"OVER $1,500",3/2/2022 22:40,UNABLE TO DETERMINE,NOT APPLICABLE,4715,S,CICERO AVE,815,,,,,,,2,NO INDICATION OF INJURY,0,0,0,0,0,2,0,22,4,3,41.80713886,-87.74299402,POINT (-87.742994015857 41.807138861552)
559b4a3ba2a291f1464f89037ad322b203a2a2fa4f8a3ce4ff075e383858d4bbaa26a30adba3933d16b80e2c9811d9f206fdf06da098f1294700c1d10e5e5dd1,JF183271,,3/22/2022 20:00,30,TRAFFIC SIGNAL,FUNCTIONING PROPERLY,CLEAR,"DARKNESS, LIGHTED ROAD",REAR END,NOT DIVIDED,,STRAIGHT AND LEVEL,DRY,NO DEFECTS,NOT ON SCENE (DESK REPORT),NO INJURY / DRIVE AWAY,,,,"$501 - $1,500",3/22/2022 22:00,IMPROPER LANE USAGE,IMPROPER LANE USAGE,1690,W,PETERSON AVE,2433,,,,,,,2,NO INDICATION OF INJURY,0,0,0,0,0,2,0,20,3,3,41.99087657,-87.67169393,POINT (-87.671693932089 41.99087657167)