CRASH_RECORD_ID,RD_NO,CRASH_DATE_EST_I,CRASH_DATE,POSTED_SPEED_LIMIT,TRAFFIC_CONTROL_DEVICE,DEVICE_CONDITION,WEATHER_CONDITION,LIGHTING_CONDITION,FIRST_CRASH_TYPE,TRAFFICWAY_TYPE,LANE_CNT,ALIGNMENT,ROADWAY_SURFACE_COND,ROAD_DEFECT,REPORT_TYPE,CRASH_TYPE,INTERSECTION_RELATED_I,NOT_RIGHT_OF_WAY_I,HIT_AND_RUN_I,DAMAGE,DATE_POLICE_NOTIFIED,PRIM_CONTRIBUTORY_CAUSE,SEC_CONTRIBUTORY_CAUSE,STREET_NO,STREET_DIRECTION,STREET_NAME,BEAT_OF_OCCURRENCE,PHOTOS_TAKEN_I,STATEMENTS_TAKEN_I,DOORING_I,WORK_ZONE_I,WORK_ZONE_TYPE,WORKERS_PRESENT_I,NUM_UNITS,MOST_SEVERE_INJURY,INJURIES_TOTAL,INJURIES_FATAL,INJURIES_INCAPACITATING,INJURIES_NON_INCAPACITATING,INJURIES_REPORTED_NOT_EVIDENT,INJURIES_NO_INDICATION,INJURIES_UNKNOWN,CRASH_HOUR,CRASH_DAY_OF_WEEK,CRASH_MONTH,LATITUDE,LONGITUDE,LOCATION
5594a6546f3f49def95b83bbaa624e95a12fe7f6c43d109e80c080d07fe30c552492b69c13c5f02446269c718ec9e89f4d2e12653f1ecb124e411590d427afa3,JC443684,,9/21/2019 23:30,35,NO CONTROLS,NO CONTROLS,CLEAR,DARKNESS,SIDESWIPE SAME DIRECTION,NOT DIVIDED,,STRAIGHT AND LEVEL,DRY,NO DEFECTS,,NO INJURY / DRIVE AWAY,,,Y,"$501 - $1,500",9/22/2019 10:30,UNABLE TO DETERMINE,UNABLE TO DETERMINE,4230,W,FOSTER AVE,1712,,,,,,,2,NO INDICATION OF INJURY,0,0,0,0,0,2,0,23,7,9,41.97557464,-87.73463839,POINT (-87.734638389987 41.975574642408)
3c9f90cf64489539c873f6bb2f836930b21c91bd2a9d8dfe3a2b54ad911f3dd213c758b166f5c6a9a035543b2dfadcce39bccbca3c260d4b44824ea4833c9ce5,JF154978,,2/23/2022 21:00,30,NO CONTROLS,NO CONTROLS,CLEAR,UNKNOWN,PARKED MOTOR VEHICLE,ONE-WAY,,STRAIGHT AND LEVEL,DRY,NO DEFECTS,NOT ON SCENE (DESK REPORT),NO INJURY / DRIVE AWAY,,Y,Y,"OVER $1,500",2/24/2022 18:10,UNABLE TO DETERMINE,UNABLE TO DETERMINE,1734,W,SUPERIOR ST,1215,,,,,,,2,NO INDICATION OF INJURY,0,0,0,0,0,1,0,21,4,2,41.89520339,-87.67111114,POINT (-87.671111136588 41.895203386413)
3d669a073e7c005f3f350765eb9e94c05d30a4192273c5ce7bcdb103fd51ccb9439e9053ee62009a67d3972c7bfeaab053671b1db5d04d5a5d89212549c1efda,JF145847,,2/16/2022 3:30,20,NO CONTROLS,NO CONTROLS,CLEAR,"DARKNESS, LIGHTED ROAD",PARKED MOTOR VEHICLE,NOT DIVIDED,,STRAIGHT AND LEVEL,ICE,NO DEFECTS,ON SCENE,NO INJURY / DRIVE AWAY,,,,"OVER $1,500",2/16/2022 3:30,UNABLE TO DETERMINE,UNABLE TO DETERMINE,1545,W,ROSEMONT AVE,2433,,,,,,,2,NO INDICATION OF INJURY,0,0,0,0,0,2,0,3,4,2,41.99628676,-87.66956993,POINT (-87.669569929604 41.996286757373)
43e3154dd6f256a96e8b50c952759a09c8f1bc3eca83bddcee1c76931e04f2903cce4b66e6cfa71105f31e0bc20919ae81390e72f2dc7c34bb5d1dd228919d90,JF161399,,3/2/2022 21:10,30,NO CONTROLS,NO CONTROLS,CLEAR,"DARKNESS, LIGHTED ROAD",FIXED OBJECT,ONE-WAY,,STRAIGHT AND LEVEL,DRY,NO DEFECTS,NOT ON SCENE (DESK REPORT),NO INJURY / DRIVE AWAY,,,,$500 OR LESS,3/2/2022 21:30,NOT APPLICABLE,NOT APPLICABLE,4722,S,SHIELDS AVE,935,,,,,,,1,NO INDICATION OF INJURY,0,0,0,0,0,1,0,21,4,3,41.80839598,-87.63471266,POINT (-87.634712661278 41.808395974869)
43e60208a04334f4f6c530aac21cd53d22caf921c4b4514c4b8f31ae65d8df21ce537b691793a22c51a439ecc57a8d66c2d3f5d886f36986e4fd8798d3ee6fe2,JF161062,,3/2/2022 15:40,15,NO CONTROLS,NO CONTROLS,CLEAR,DAYLIGHT,REAR TO FRONT,PARKING LOT,,STRAIGHT AND LEVEL,DRY,NO DEFECTS,ON SCENE,NO INJURY / DRIVE AWAY,,,Y,"OVER $1,500",3/2/2022 15:48,UNABLE TO DETERMINE,UNABLE TO DETERMINE,5614,N,CLARK ST,2012,,,,,,,2,NO INDICATION OF INJURY,0,0,0,0,0,2,0,15,4,3,41.9839522,-87.66900616,POINT (-87.669006163545 41.983952200631)
3df871736510c908a9573f5468d1c62cea9f83cc67981b09ab06eebd779507e08b6eaf2870f6dbcc751ede3a95a87b463d1c9cd706c81d44d394b5aab15eea08,JF146442,,2/16/2022 15:08,30,NO CONTROLS,NO CONTROLS,CLEAR,DAYLIGHT,TURNING,DIVIDED - W/MEDIAN BARRIER,,STRAIGHT AND LEVEL,DRY,NO DEFECTS,ON SCENE,INJURY AND / OR TOW DUE TO CRASH,Y,,,"OVER $1,500",2/16/2022 15:09,IMPROPER TURNING/NO SIGNAL,FAILING TO YIELD RIGHT-OF-WAY,6253,S,HALSTED ST,711,,,,,,,2,NONINCAPACITATING INJURY,2,0,0,1,1,1,0,15,4,2,41.77994349,-87.64464433,POINT (-87.644644327048 41.779943490672)
3e46829dbfb0e87add3f1cc9984c41f46473ead56cc2ccd7fc9424697bef9a07cf84f3bb734d3c4f7a7f10f45b4d290eb229acce13bb4aaeea1d820c12566eee,JF146023,,2/16/2022 8:53,30,NO CONTROLS,NO CONTROLS,CLEAR,DAYLIGHT,REAR END,DIVIDED - W/MEDIAN (NOT RAISED),,STRAIGHT AND LEVEL,DRY,NO DEFECTS,NOT ON SCENE (DESK REPORT),NO INJURY / DRIVE AWAY,,,,"OVER $1,500",2/16/2022 9:45,FOLLOWING TOO CLOSELY,NOT APPLICABLE,8650,S,PULASKI RD,834,,,,,,,2,NO INDICATION OF INJURY,0,0,0,0,0,2,0,8,4,2,41.73513742,-87.72159387,POINT (-87.7215938722 41.735137420588)
3e4614cead322cea7a019836fd59b41e48c49fa234bbe47fe806420434c8e58d579b5c167d4d302c2e9ac0b225989953bf295edd1ceeeeba6b43e9113daa8e52,JF153764,,2/23/2022 15:43,30,TRAFFIC SIGNAL,FUNCTIONING PROPERLY,CLEAR,DAYLIGHT,TURNING,NOT DIVIDED,,STRAIGHT AND LEVEL,DRY,UNKNOWN,ON SCENE,INJURY AND / OR TOW DUE TO CRASH,Y,,,"OVER $1,500",2/23/2022 15:46,IMPROPER TURNING/NO SIGNAL,UNABLE TO DETERMINE,5526,S,STATE ST,225,,,,,,,2,NO INDICATION OF INJURY,0,0,0,0,0,3,0,15,4,2,41.79354447,-87.6258184,POINT (-87.625818401659 41.793544465063)
48f94c862f4953ee90dfa8dd327cb94778244840c5aeec84a8f479bb7deb96036c11a0dce44fc5ce461b14e8109a8ad23eb7d29be5f1a144cac6f249a3219837,JD436226,,11/19/2020 19:47,30,NO CONTROLS,NO CONTROLS,CLEAR,DUSK,ANGLE,FOUR WAY,,STRAIGHT AND LEVEL,DRY,NO DEFECTS,,INJURY AND / OR TOW DUE TO CRASH,,,,"OVER $1,500",11/19/2020 19:47,IMPROPER TURNING/NO SIGNAL,IMPROPER OVERTAKING/PASSING,1399,S,PULASKI RD,1011,,,,,,,2,NO INDICATION OF INJURY,0,0,0,0,0,2,0,19,5,11,41.86261846,-87.72491825,POINT (-87.724918248974 41.862618459245)
575a1d54602488f8e5c567143da095f864640bcda76442fdb416b645ebb13b7cc8ddd07f2f3243df4317e4155e17bdb27229a4ee129137f3a9c9bd8e892fae5c,JC520110,,11/22/2019 10:30,30,TRAFFIC SIGNAL,FUNCTIONING PROPERLY,CLEAR,DAYLIGHT,REAR END,DIVIDED - W/MEDIAN (NOT RAISED),,STRAIGHT AND LEVEL,DRY,NO DEFECTS,,NO INJURY / DRIVE AWAY,,,,"OVER $1,500",11/22/2019 10:39,FOLLOWING TOO CLOSELY,NOT APPLICABLE,6700,S,STATE ST,322,,,,,,,2,NO INDICATION OF INJURY,0,0,0,0,0,2,0,10,6,11,41.77263463,-87.62527215,POINT (-87.62527215003 41.77263462564)
45dbdcaaa2278f2ae9d5c8b9134cae44a17672288a94af87e9b481153be30cd80f0c70e5c22619766aae95b7e51542540e5d38d842a90bab2ae0209edc83c9fd,JF161099,,3/2/2022 15:53,25,OTHER,NO CONTROLS,CLEAR,DAYLIGHT,PARKED MOTOR VEHICLE,ONE-WAY,,STRAIGHT AND LEVEL,DRY,NO DEFECTS,ON SCENE,INJURY AND / OR TOW DUE TO CRASH,Y,,,$500 OR LESS,3/2/2022 16:12,UNABLE TO DETERMINE,UNABLE TO DETERMINE,6252,S,PAULINA ST,714,,,,,,,2,INCAPACITATING INJURY,1,0,1,0,0,0,0,15,4,3,41.77967895,-87.66679528,POINT (-87.666795279313 41.779678945681)
3f9b3e03606407747ffa747e0bcb2e17e476be5b18824230ca2864889e73ff57bfb9a67454dafe0544eb4bf20d74ceca16bb73c93c33214c9c0b6c96bbc953de,JF148607,,2/16/2022 20:15,30,NO CONTROLS,NO CONTROLS,UNKNOWN,"DARKNESS, LIGHTED ROAD",PARKED MOTOR VEHICLE,ONE-WAY,,STRAIGHT AND LEVEL,UNKNOWN,NO DEFECTS,NOT ON SCENE (DESK REPORT),NO INJURY / DRIVE AWAY,,,Y,"OVER $1,500",2/18/2022 14:30,UNABLE TO DETERMINE,UNABLE TO DETERMINE,4916,S,INDIANA AVE,224,,,,,,,2,NO INDICATION OF INJURY,0,0,0,0,0,1,0,20,4,2,41.80512414,-87.62125119,POINT (-87.621251193957 41.805124142462)
3f813bdaf607a28f65a637e808d48de3d15d25783c8286a5bc4c58ba72bff75076a25faa838a1388bbf0d8037d862a59cc6e61c208c5d23852205460040a4ee5,JF153280,,2/23/2022 7:45,30,TRAFFIC SIGNAL,FUNCTIONING PROPERLY,CLEAR,DAYLIGHT,SIDESWIPE SAME DIRECTION,DIVIDED - W/MEDIAN (NOT RAISED),,STRAIGHT AND LEVEL,DRY,NO DEFECTS,NOT ON SCENE (DESK REPORT),NO INJURY / DRIVE AWAY,Y,,,"$501 - $1,500",2/23/2022 8:50,IMPROPER OVERTAKING/PASSING,NOT APPLICABLE,7126,W,NORTH AVE,2513,,,,,,,2,NO INDICATION OF INJURY,0,0,0,0,0,2,0,7,4,2,41.90902615,-87.80310214,POINT (-87.803102136727 41.909026146509)
3fbbdd04aff7a7a7fe3a96e9b9d1732b3c5252ca90fd62444c9c0896d89f893d5ce9788abc25cb267084cd42965a48d2d8048fa0dbf7ce4c20b12261b5c40c7b,JF145975,,2/16/2022 8:15,30,NO CONTROLS,NO CONTROLS,CLEAR,DAYLIGHT,PARKED MOTOR VEHICLE,NOT DIVIDED,,STRAIGHT AND LEVEL,DRY,NO DEFECTS,,NO INJURY / DRIVE AWAY,,,Y,"OVER $1,500",2/16/2022 8:45,UNABLE TO DETERMINE,NOT APPLICABLE,8201,S,DR MARTIN LUTHER KING JR DR,631,,,,,,,2,NO INDICATION OF INJURY,0,0,0,0,0,1,0,8,4,2,41.74554911,-87.61466991,POINT (-87.614669906271 41.745549113377)
46c57b8cd3c9ec61d85bcb099b2c50acc538704bc85a3e83b43a770b5cb9cec359eaaa40251dc7c6aa6f64211e9d1b6a938660608f352160643f97ed51f6d31a,JF161207,,3/2/2022 16:30,30,NO CONTROLS,NO CONTROLS,CLEAR,DAWN,TURNING,DRIVEWAY,,STRAIGHT AND LEVEL,DRY,NO DEFECTS,NOT ON SCENE (DESK REPORT),NO INJURY / DRIVE AWAY,,,,"OVER $1,500",3/2/2022 16:30,UNABLE TO DETERMINE,UNABLE TO DETERMINE,4700,S,KEDZIE AVE,821,,,,,,,2,NO INDICATION OF INJURY,0,0,0,0,0,3,0,16,4,3,41.80804727,-87.70411882,POINT (-87.704118822299 41.80804727165)
5a126bb4e2a2afe4131243b696f98f4417d3f777bbdf40be5207c3c5ca135207f5033f9fadf8d4807cb21900c6d330ab124669aeb051b3d653bf4354ac639c56,JF183290,,3/22/2022 22:00,30,TRAFFIC SIGNAL,FUNCTIONING PROPERLY,CLEAR,"DARKNESS, LIGHTED ROAD",TURNING,TRAFFIC ROUTE,,STRAIGHT AND LEVEL,DRY,NO DEFECTS,NOT ON SCENE (DESK REPORT),NO INJURY / DRIVE AWAY,Y,,,"$501 - $1,500",3/22/2022 22:30,DISREGARDING TRAFFIC SIGNALS,DISREGARDING TRAFFIC SIGNALS,5230,W,LAWRENCE AVE,1623,,,,,,,2,NO INDICATION OF INJURY,0,0,0,0,0,2,0,22,3,3,41.9680019,-87.75884211,POINT (-87.758842107424 41.968001894979)
405bfe1fd18697e6ae333e338dae74dadef8fddd90ab37c5e000cab17b92da4006a45496912d7c7bb255322912f4f51a18db031394b399eae50347c9024c517b,JF146636,,2/16/2022 6:45,30,STOP SIGN/FLASHER,FUNCTIONING PROPERLY,CLEAR,DAYLIGHT,PARKED MOTOR VEHICLE,ONE-WAY,,STRAIGHT AND LEVEL,WET,NO DEFECTS,NOT ON SCENE (DESK REPORT),NO INJURY / DRIVE AWAY,,,,"OVER $1,500",2/16/2022 17:20,DRIVING SKILLS/KNOWLEDGE/EXPERIENCE,UNABLE TO DETERMINE,10340,S,AVENUE O,432,,,,,,,2,NO INDICATION OF INJURY,0,0,0,0,0,1,0,6,4,2,41.70698656,-87.54026978,POINT (-87.540269783009 41.706986561824)
40325c62d92e40b0e411c1e353a87406837ed6d987dfe18c7f273c6f68ab6e4f990a63c773647f4e848531a1e8400000d2d1e87e234dd0d5c4d44b20c78eafb7,JF153756,,2/23/2022 15:00,30,NO CONTROLS,NO CONTROLS,CLEAR,DAYLIGHT,REAR END,NOT DIVIDED,,STRAIGHT AND LEVEL,DRY,NO DEFECTS,NOT ON SCENE (DESK REPORT),NO INJURY / DRIVE AWAY,,,,"OVER $1,500",2/23/2022 15:30,UNABLE TO DETERMINE,NOT APPLICABLE,1800,W,35TH ST,912,,,,,,,2,NO INDICATION OF INJURY,0,0,0,0,0,2,0,15,4,2,41.83055591,-87.6704612,POINT (-87.670461203007 41.830555905797)
4f34a4215d4a9e6b74f95017444a14010afd17064e460350dc90314485b8cab81fce7c97f0b33dc3623815948829674b44512840b261b5dc60eb406d0e40b126,JF168789,,3/9/2022 22:29,30,TRAFFIC SIGNAL,FUNCTIONING PROPERLY,CLEAR,"DARKNESS, LIGHTED ROAD",TURNING,DIVIDED - W/MEDIAN (NOT RAISED),,STRAIGHT AND LEVEL,DRY,NO DEFECTS,ON SCENE,INJURY AND / OR TOW DUE TO CRASH,Y,,Y,"OVER $1,500",3/9/2022 22:29,FAILING TO YIELD RIGHT-OF-WAY,UNABLE TO DETERMINE,6600,S,STONY ISLAND AVE,321,,,,,,,2,"REPORTED, NOT EVIDENT",1,0,0,0,1,2,0,22,4,3,41.77514086,-87.58644197,POINT (-87.586441971694 41.775140857742)
4840ef69db4c22a045aac1c21a7512e82fdb9b21794414591605d0a061fb18b27da2aa06f1aedb1d40eabc1d0b8d30a755bb1df94ea91cf277002b2b0c8788f8,JF161115,,3/2/2022 15:39,30,NO CONTROLS,NO CONTROLS,CLEAR,DAYLIGHT,PARKED MOTOR VEHICLE,NOT DIVIDED,,STRAIGHT AND LEVEL,DRY,UNKNOWN,NOT ON SCENE (DESK REPORT),NO INJURY / DRIVE AWAY,,,Y,"OVER $1,500",3/2/2022 16:30,UNABLE TO DETERMINE,NOT APPLICABLE,3406,W,ROOSEVELT RD,1133,,,,,,,2,NO INDICATION OF INJURY,0,0,0,0,0,2,0,15,4,3,41.86645426,-87.71089442,POINT (-87.710894415385 41.866454261187)
41a96464eee7aa265939cacd8d3c35462d45143234004c6f6b806e95c22e3168a5bf3f5f04e99e768d0139f833cb641da63bfadb24346aeb4ecc4c82d54852e2,JF146383,,2/16/2022 13:30,30,STOP SIGN/FLASHER,NO CONTROLS,CLEAR,DAYLIGHT,FIXED OBJECT,DIVIDED - W/MEDIAN BARRIER,,STRAIGHT AND LEVEL,DRY,NO DEFECTS,ON SCENE,INJURY AND / OR TOW DUE TO CRASH,,,,"OVER $1,500",2/16/2022 14:10,DISREGARDING ROAD MARKINGS,DRIVING SKILLS/KNOWLEDGE/EXPERIENCE,440,W,43RD ST,925,,N,,,,,1,NO INDICATION OF INJURY,0,0,0,0,0,2,0,13,4,2,41.81642995,-87.63764695,POINT (-87.637646945204 41.816429945474)
4842ab35bb36c3ebaa385a3259c6d9e1cb45724bd778149e836940661ac5f01d347d48eef7a4a9eead01565c560400bb42779a008de8af55515ad7f494ab3dfe,JF161134,,3/2/2022 15:40,30,TRAFFIC SIGNAL,FUNCTIONING PROPERLY,CLEAR,DAYLIGHT,SIDESWIPE SAME DIRECTION,FOUR WAY,,STRAIGHT AND LEVEL,DRY,UNKNOWN,NOT ON SCENE (DESK REPORT),NO INJURY / DRIVE AWAY,,,,"OVER $1,500",3/2/2022 16:45,UNABLE TO DETERMINE,UNABLE TO DETERMINE,3001,W,LAKE ST,1222,,,,,,,2,NO INDICATION OF INJURY,0,0,0,0,0,2,0,15,4,3,41.88396818,-87.70141798,POINT (-87.701417978787 41.88396817927)
519715dad972de599b405cd1cbdccdb2046c351818972da181e5c2a64ded580038be9acad8a8547d09c477ca5797b0b3e37d3f0886a985caa7f70c897e4b17b3,JF168832,,3/9/2022 22:15,15,NO CONTROLS,NO CONTROLS,CLEAR,"DARKNESS, LIGHTED ROAD",SIDESWIPE SAME DIRECTION,PARKING LOT,,STRAIGHT AND LEVEL,DRY,NO DEFECTS,ON SCENE,NO INJURY / DRIVE AWAY,,Y,,"OVER $1,500",3/9/2022 22:55,FAILING TO YIELD RIGHT-OF-WAY,NOT APPLICABLE,7550,N,HARLEM AVE,1611,,,,,,,2,NO INDICATION OF INJURY,0,0,0,0,0,3,0,22,4,3,42.01865151,-87.80669988,POINT (-87.806699876241 42.018651513822)
5b7d47ff0657c41a95a2b406bee910de7d8e9c6c74bbec44c636213c36c58d5932cc623aa93b9a33b81e6da52fd4706d6a8e350e379a7b1e1c6005d62c6f9f39,JF182915,,3/22/2022 4:25,30,TRAFFIC SIGNAL,FUNCTIONING PROPERLY,RAIN,DAYLIGHT,TURNING,FOUR WAY,,STRAIGHT AND LEVEL,WET,UNKNOWN,,INJURY AND / OR TOW DUE TO CRASH,Y,,,"OVER $1,500",3/22/2022 4:25,IMPROPER OVERTAKING/PASSING,IMPROPER OVERTAKING/PASSING,6700,S,CORNELL AVE,332,,,,,,,2,NONINCAPACITATING INJURY,1,0,0,1,0,1,0,4,3,3,41.77325149,-87.5852246,POINT (-87.585224599677 41.773251489596)
51d030088fcbb970bd56a150c96231c64bc064cf7b73b48eb724ed94fbddca05a890f0d597e67d4c0f2d4be930099afa14ade72427000af6ced5296778ca0837,JF168452,,3/9/2022 16:00,30,STOP SIGN/FLASHER,NO CONTROLS,CLEAR,DAYLIGHT,ANGLE,NOT DIVIDED,,STRAIGHT AND LEVEL,DRY,NO DEFECTS,NOT ON SCENE (DESK REPORT),INJURY AND / OR TOW DUE TO CRASH,,,,"OVER $1,500",3/9/2022 16:50,FAILING TO YIELD RIGHT-OF-WAY,UNABLE TO DETERMINE,630,W,35TH ST,915,,,,,,,2,NONINCAPACITATING INJURY,1,0,0,1,0,1,0,16,4,3,41.83091118,-87.64239698,POINT (-87.642396982719 41.830911180131)
4210119ad176e5fb1c6d11808d27dce04ca14e6cd3a2ddaf78303b78e441c9781982680bf5ae45a83183546277c4c0d82da0d656fa75187ff2d0175c5f926c93,JF146647,,2/16/2022 17:21,30,NO CONTROLS,NO CONTROLS,RAIN,"DARKNESS, LIGHTED ROAD",PARKED MOTOR VEHICLE,ONE-WAY,,STRAIGHT AND LEVEL,WET,NO DEFECTS,ON SCENE,INJURY AND / OR TOW DUE TO CRASH,,,Y,"OVER $1,500",2/16/2022 17:21,"OPERATING VEHICLE IN ERRATIC, RECKLESS, CARELESS, NEGLIGENT OR AGGRESSIVE MANNER",UNABLE TO DETERMINE,640,E,92ND PL,633,,,,,,,2,NO INDICATION OF INJURY,0,0,0,0,0,1,0,17,4,2,41.72667755,-87.60780389,POINT (-87.607803893824 41.726677554002)
51f60634829589290e42cb611ee250fc235c16cce7d84578c1b853a2ea8de4f0bbc1fbb13e4a3a9dd3fb8c2b8c8603b46f15d3576843dc262528b8aa6a83a417,JF173859,Y,3/9/2022 19:00,30,NO CONTROLS,NO CONTROLS,CLEAR,DARKNESS,OTHER OBJECT,DIVIDED - W/MEDIAN BARRIER,,STRAIGHT AND LEVEL,DRY,"RUT, HOLES",NOT ON SCENE (DESK REPORT),NO INJURY / DRIVE AWAY,,,,"OVER $1,500",3/14/2022 18:10,UNABLE TO DETERMINE,UNABLE TO DETERMINE,875,N,LAKE SHORE DR SB,1833,,,,,,,1,NO INDICATION OF INJURY,0,0,0,0,0,1,0,19,4,3,41.89886928,-87.61790064,POINT (-87.617900643613 41.898869276696)
421127396a046fd2c53d29e42f7a69be6742dd394e96796e4572dcc5d42bc6bb5088f1438220f0cc3ce42c0c93b1219f3381074f4b3bbe3a0b85c774c8e2025e,JF151355,,2/16/2022 16:45,30,NO CONTROLS,NO CONTROLS,RAIN,DAYLIGHT,SIDESWIPE SAME DIRECTION,DIVIDED - W/MEDIAN BARRIER,,STRAIGHT AND LEVEL,WET,NO DEFECTS,NOT ON SCENE (DESK REPORT),NO INJURY / DRIVE AWAY,,,,"OVER $1,500",2/21/2022 12:45,IMPROPER LANE USAGE,UNABLE TO DETERMINE,5420,N,CUMBERLAND AVE,1614,,,,,,,2,NO INDICATION OF INJURY,0,0,0,0,0,2,0,16,4,2,41.97814601,-87.83674079,POINT (-87.836740787879 41.978146011489)
4e0b038be2a34400a029faf660685d65df7c63c334339043f16071948218602a9147cf6da98f20e03eb8437c975db04a6df83bcaaca6edc2e6189b58bf0cd707,JF175482,,3/16/2022 7:57,30,TRAFFIC SIGNAL,FUNCTIONING PROPERLY,CLEAR,DAYLIGHT,TURNING,NOT DIVIDED,,STRAIGHT AND LEVEL,DRY,NO DEFECTS,ON SCENE,INJURY AND / OR TOW DUE TO CRASH,Y,,,"OVER $1,500",3/16/2022 8:03,UNABLE TO DETERMINE,NOT APPLICABLE,3600,W,FOSTER AVE,1712,,,,,,,2,INCAPACITATING INJURY,1,0,1,0,0,1,0,7,4,3,41.97574658,-87.71848663,POINT (-87.718486628497 41.975746580106)
4941b36e2207cd7e18c229a4b2dfe03d5e67aaec31589c87f8e55fac9427286e971787706db709d621f0e77bd6d0c493d3be6db80249efec87c070ffa43e5ab0,JF161356,,3/2/2022 19:20,30,NO CONTROLS,NO CONTROLS,CLEAR,DARKNESS,PARKED MOTOR VEHICLE,NOT DIVIDED,,STRAIGHT AND LEVEL,DRY,NO DEFECTS,NOT ON SCENE (DESK REPORT),NO INJURY / DRIVE AWAY,,,,"OVER $1,500",3/2/2022 20:21,UNABLE TO DETERMINE,NOT APPLICABLE,974,W,35TH PL,915,,,,,,,2,NO INDICATION OF INJURY,0,0,0,0,0,1,0,19,4,3,41.82976433,-87.6506199,POINT (-87.650619898014 41.829764330545)
49652858e14fbedc3d28efffd5dfc596c05b0b1f345976ee8f750f712801978e2ecb8f5cae0c1407d36824d65e7bcf585fac21bfc84950cd9f832b87ad97e269,JF162235,,3/2/2022 23:45,30,NO CONTROLS,NO CONTROLS,CLEAR,"DARKNESS, LIGHTED ROAD",PARKED MOTOR VEHICLE,ONE-WAY,,STRAIGHT AND LEVEL,DRY,NO DEFECTS,NOT ON SCENE (DESK REPORT),NO INJURY / DRIVE AWAY,Y,,Y,"OVER $1,500",3/3/2022 17:50,DRIVING SKILLS/KNOWLEDGE/EXPERIENCE,NOT APPLICABLE,5217,W,WINDSOR AVE,1623,,,,,,,2,NO INDICATION OF INJURY,0,0,0,0,0,1,0,23,4,3,41.9630113,-87.75726508,POINT (-87.757265081466 41.963011298193)
5d5c142091060d6aeab726b2a74b3c1449d05e4fd87b20080d39f78d8caf1fcb565aed85e1e8e01e755b7b456ae7c9e67fd578fea32567453c83db189f89b23c,JF182295,,3/22/2022 7:55,30,NO CONTROLS,NO CONTROLS,RAIN,DAYLIGHT,SIDESWIPE SAME DIRECTION,DIVIDED - W/MEDIAN BARRIER,,STRAIGHT AND LEVEL,WET,NO DEFECTS,ON SCENE,INJURY AND / OR TOW DUE TO CRASH,,,,"OVER $1,500",3/22/2022 7:55,UNABLE TO DETERMINE,UNABLE TO DETERMINE,242,W,CERMAK RD,914,,,,,,,2,NO INDICATION OF INJURY,0,0,0,0,0,2,0,7,3,3,41.85293752,-87.6337607,POINT (-87.633760694798 41.852937515369)
4354acc80ddcaae33e86dc2841ff937c3b908582dfefedc40b542a47a6fed2f3e71ebc24c373b1f2ae38796066120cf7aba57a44851a7deab8147c8fd2815a69,JF145965,,2/16/2022 8:15,35,TRAFFIC SIGNAL,FUNCTIONING PROPERLY,CLEAR,DAYLIGHT,TURNING,FOUR WAY,,STRAIGHT AND LEVEL,DRY,NO DEFECTS,ON SCENE,NO INJURY / DRIVE AWAY,Y,,Y,$500 OR LESS,2/16/2022 8:17,IMPROPER TURNING/NO SIGNAL,NOT APPLICABLE,200,W,GARFIELD BLVD,225,,,,,,,2,NO INDICATION OF INJURY,0,0,0,0,0,2,0,8,4,2,41.79467039,-87.63054748,POINT (-87.630547476056 41.794670384689)
439b3c2d878dc08e6c6e21ea1cb98f072eafa13e2180fac6bb111f439e9afb9d7a137e3f2797f0ec120baa56e6122f25cf438fab87ba0488045bdf38c6fa5080,JF153530,,2/23/2022 12:05,30,TRAFFIC SIGNAL,FUNCTIONING PROPERLY,CLEAR,DAYLIGHT,SIDESWIPE SAME DIRECTION,OTHER,,STRAIGHT AND LEVEL,DRY,NO DEFECTS,NOT ON SCENE (DESK REPORT),NO INJURY / DRIVE AWAY,,,,"OVER $1,500",2/23/2022 12:35,DRIVING SKILLS/KNOWLEDGE/EXPERIENCE,UNABLE TO DETERMINE,30,W,MONROE ST,112,,,,,,,2,NO INDICATION OF INJURY,0,0,0,0,0,3,0,12,4,2,41.88083862,-87.62890194,POINT (-87.628901944452 41.880838615883)
43d71a49750f92d31d5a64f3202959aa704b35acc45b2918204238fb700f0e572ca6c873216ef8ca71d410becd606fa15cdc81d66ce5255222054751e707c4e5,JF146769,,2/16/2022 19:00,30,TRAFFIC SIGNAL,FUNCTIONING PROPERLY,RAIN,"DARKNESS, LIGHTED ROAD",TURNING,FOUR WAY,,STRAIGHT AND LEVEL,WET,NO DEFECTS,ON SCENE,NO INJURY / DRIVE AWAY,Y,,Y,"OVER $1,500",2/16/2022 19:11,UNABLE TO DETERMINE,UNABLE TO DETERMINE,4801,W,LEXINGTON ST,1533,,,,,,,2,NO INDICATION OF INJURY,0,0,0,0,0,3,0,19,4,2,41.87107048,-87.74497391,POINT (-87.744973904635 41.871070483337)