CRASH_RECORD_ID,RD_NO,CRASH_DATE_EST_I,CRASH_DATE,POSTED_SPEED_LIMIT,TRAFFIC_CONTROL_DEVICE,DEVICE_CONDITION,WEATHER_CONDITION,LIGHTING_CONDITION,FIRST_CRASH_TYPE,TRAFFICWAY_TYPE,LANE_CNT,ALIGNMENT,ROADWAY_SURFACE_COND,ROAD_DEFECT,REPORT_TYPE,CRASH_TYPE,INTERSECTION_RELATED_I,NOT_RIGHT_OF_WAY_I,HIT_AND_RUN_I,DAMAGE,DATE_POLICE_NOTIFIED,PRIM_CONTRIBUTORY_CAUSE,SEC_CONTRIBUTORY_CAUSE,STREET_NO,STREET_DIRECTION,STREET_NAME,BEAT_OF_OCCURRENCE,PHOTOS_TAKEN_I,STATEMENTS_TAKEN_I,DOORING_I,WORK_ZONE_I,WORK_ZONE_TYPE,WORKERS_PRESENT_I,NUM_UNITS,MOST_SEVERE_INJURY,INJURIES_TOTAL,INJURIES_FATAL,INJURIES_INCAPACITATING,INJURIES_NON_INCAPACITATING,INJURIES_REPORTED_NOT_EVIDENT,INJURIES_NO_INDICATION,INJURIES_UNKNOWN,CRASH_HOUR,CRASH_DAY_OF_WEEK,CRASH_MONTH,LATITUDE,LONGITUDE,LOCATION
43e25c14a336d43dfe27cab8f251cc7de84cf01a34b17b1001eed437b2eb1febb7d2f6c8401edf8022266224f842da39f8c312b24417a1c4893b3fb6e20deaeb,JF146087,,2/16/2022 8:28,30,NO CONTROLS,NO CONTROLS,CLOUDY/OVERCAST,DAYLIGHT,FIXED OBJECT,NOT DIVIDED,,STRAIGHT AND LEVEL,DRY,NO DEFECTS,ON SCENE,INJURY AND / OR TOW DUE TO CRASH,Y,Y,,"OVER $1,500",2/16/2022 8:30,PHYSICAL CONDITION OF DRIVER,"VISION OBSCURED (SIGNS, TREE LIMBS, BUILDINGS, ETC.)",360,W,31ST ST,914,,,,,,,2,NONINCAPACITATING INJURY,1,0,0,1,0,0,0,8,4,2,41.83828253,-87.63636621,POINT (-87.636366208776 41.838282524846)
446a3f29d8cad53f030643bc79977f089e4e2a9a18e8f2e9c72b577a7ea6c45bb44b285422f94b1be8be68b53e19c1e5e7740fd941adf1c20ecda828802675e3,JF154962,,2/23/2022 18:30,30,UNKNOWN,UNKNOWN,UNKNOWN,UNKNOWN,PARKED MOTOR VEHICLE,PARKING LOT,,STRAIGHT AND LEVEL,UNKNOWN,UNKNOWN,NOT ON SCENE (DESK REPORT),NO INJURY / DRIVE AWAY,,,Y,"$501 - $1,500",2/24/2022 18:20,UNABLE TO DETERMINE,UNABLE TO DETERMINE,2310,W,LOGAN BLVD,1432,,,,,,,2,NO INDICATION OF INJURY,0,0,0,0,0,1,0,18,4,2,41.93029546,-87.68581874,POINT (-87.685818741592 41.930295458606)
451b012d3009622c483cbb18346954704780dd524975c62c5652bdda496d20616980456fcf8db754764d19458f67b523036e8913c0c3ffe515edc95d7b18909b,JF146272,,2/16/2022 12:38,0,NO CONTROLS,NO CONTROLS,CLEAR,DAYLIGHT,REAR TO SIDE,PARKING LOT,,STRAIGHT AND LEVEL,DRY,NO DEFECTS,ON SCENE,NO INJURY / DRIVE AWAY,,,,$500 OR LESS,2/16/2022 12:38,UNABLE TO DETERMINE,NOT APPLICABLE,3000,S,HALSTED ST,913,,,,,,,2,NO INDICATION OF INJURY,0,0,0,0,0,2,0,12,4,2,41.83977195,-87.64646751,POINT (-87.646467511129 41.839771946584)
61f0a72f7b809c56bc874d0d4456623e13f3ed3bea8832f6685596954ba62499dd8752a5f9cc060e0bebd4f28a8afe174863909b7cac5967e56b7e59879e34ed,JF182355,,3/22/2022 8:45,30,STOP SIGN/FLASHER,FUNCTIONING PROPERLY,RAIN,DAYLIGHT,TURNING,T-INTERSECTION,,STRAIGHT AND LEVEL,WET,NO DEFECTS,ON SCENE,INJURY AND / OR TOW DUE TO CRASH,Y,,,"OVER $1,500",3/22/2022 8:48,FAILING TO YIELD RIGHT-OF-WAY,UNABLE TO DETERMINE,732,W,CERMAK RD,1235,,,,,,,2,NO INDICATION OF INJURY,0,0,0,0,0,2,0,8,3,3,41.85276354,-87.64596072,POINT (-87.645960720896 41.852763543548)
4688378659a25620b55ed2ec6e26bb4ab78fc64929769e79346732e94123952485549780fd58242ad66f831bebe57c039074a9e66465ceafe587ae875ce1110e,JF154022,,2/23/2022 18:30,30,NO CONTROLS,NO CONTROLS,CLEAR,"DARKNESS, LIGHTED ROAD",REAR END,RAMP,,STRAIGHT AND LEVEL,DRY,NO DEFECTS,ON SCENE,INJURY AND / OR TOW DUE TO CRASH,,,,"OVER $1,500",2/23/2022 19:00,FOLLOWING TOO CLOSELY,UNABLE TO DETERMINE,4000,N,LAKE SHORE DR NB,1915,,,,,,,2,NO INDICATION OF INJURY,0,0,0,0,0,2,0,18,4,2,41.95468924,-87.64497464,POINT (-87.644974644209 41.954689241342)
62ff4dc45df3be1ce8735b4776e563c9b160b91c1a66b4caf90bc4547f1b28811b1e880a0689a16aa3d857f70bdd751d0c3bcca9d1eb0b1d1b6bc59de5882de2,JF185859,,3/22/2022 6:15,35,NO CONTROLS,NO CONTROLS,CLEAR,DAYLIGHT,OTHER OBJECT,DIVIDED - W/MEDIAN (NOT RAISED),,STRAIGHT AND LEVEL,DRY,"RUT, HOLES",ON SCENE,NO INJURY / DRIVE AWAY,,,,"$501 - $1,500",3/25/2022 9:00,ROAD ENGINEERING/SURFACE/MARKING DEFECTS,ROAD ENGINEERING/SURFACE/MARKING DEFECTS,10226,S,INDIANAPOLIS AVE,432,,,,,,,1,NO INDICATION OF INJURY,0,0,0,0,0,1,0,6,3,3,41.70956904,-87.53196513,POINT (-87.53196513402 41.709569034635)
580f10f07f4ce5d342bfa25e827fa00eb35ec8f2d7064a7b170f564eadf5e2cc168a4ad8c3317a9cb02fb685a91ce47aeaba3ca9d3f9eb0572d674cd3062aba1,JF168101,,3/9/2022 9:20,30,NO CONTROLS,NO CONTROLS,CLEAR,DAYLIGHT,ANGLE,NOT DIVIDED,,STRAIGHT AND LEVEL,DRY,NO DEFECTS,NOT ON SCENE (DESK REPORT),NO INJURY / DRIVE AWAY,,,,"$501 - $1,500",3/9/2022 11:00,UNABLE TO DETERMINE,NOT APPLICABLE,3001,W,AUGUSTA BLVD,1211,,,,,,,2,NO INDICATION OF INJURY,0,0,0,0,0,3,0,9,4,3,41.89912392,-87.70249382,POINT (-87.702493822512 41.899123914643)
632e41bad96330f73c49872a6f58f9b866cd9ff96632e83176b021f956ba1cca901f8e551029c256e40b8c971792c561e6248b3940858fad24a239d92fb814c0,JF182317,,3/22/2022 7:50,30,NO CONTROLS,NO CONTROLS,RAIN,DAYLIGHT,REAR END,NOT DIVIDED,,STRAIGHT AND LEVEL,WET,NO DEFECTS,NOT ON SCENE (DESK REPORT),NO INJURY / DRIVE AWAY,,,Y,"OVER $1,500",3/22/2022 8:30,UNABLE TO DETERMINE,UNABLE TO DETERMINE,3208,N,PULASKI RD,1731,,,,,,,2,NO INDICATION OF INJURY,0,0,0,0,0,2,0,7,3,3,41.93937235,-87.72734067,POINT (-87.72734067212 41.939372351992)
64006d035c3a583abef87f075a7ea103c7cee43b2a26b255db266f5a3337e4d7aa63efc89b1cbfed16bf7028d32d3fcec30dd71a179f05a8b01d16991ad14fa8,JF183020,,3/22/2022 17:28,30,NO CONTROLS,NO CONTROLS,RAIN,DUSK,REAR END,DIVIDED - W/MEDIAN BARRIER,,STRAIGHT AND LEVEL,WET,NO DEFECTS,NOT ON SCENE (DESK REPORT),NO INJURY / DRIVE AWAY,,,,"$501 - $1,500",3/22/2022 18:00,FOLLOWING TOO CLOSELY,WEATHER,5228,S,ASHLAND AVE,932,,,,,,,2,NO INDICATION OF INJURY,0,0,0,0,0,2,0,17,3,3,41.79860982,-87.66485214,POINT (-87.664852137536 41.798609823692)
473edde6dbe4dee25fc096433b82cbb3a36e9ce44e23a5df7d0bbc58a5287b520b56d7a03573f7fcfbdde21d8984ef75bd36a0e03432215dc007dea7967422fa,JF152402,Y,2/16/2022 22:00,5,NO CONTROLS,NO CONTROLS,SNOW,DARKNESS,PARKED MOTOR VEHICLE,PARKING LOT,,STRAIGHT AND LEVEL,SNOW OR SLUSH,NO DEFECTS,NOT ON SCENE (DESK REPORT),NO INJURY / DRIVE AWAY,,Y,,"OVER $1,500",2/22/2022 12:10,UNABLE TO DETERMINE,NOT APPLICABLE,5220,S,DREXEL AVE,233,,,,,,,2,NO INDICATION OF INJURY,0,0,0,0,0,1,0,22,4,2,41.7998359,-87.6040753,POINT (-87.604075303659 41.799835899095)
4778883413e3b450e98b0cbbf2b64d7aec35b6922f9e82131a1025c734c9d1fbab8211baa2e77bb46821e0c63fc61ebcee57f82369c61e4ee6e3701d9c88bef2,JF154100,,2/23/2022 20:55,30,NO CONTROLS,NO CONTROLS,SNOW,"DARKNESS, LIGHTED ROAD",OTHER OBJECT,DIVIDED - W/MEDIAN (NOT RAISED),,STRAIGHT AND LEVEL,WET,UNKNOWN,ON SCENE,INJURY AND / OR TOW DUE TO CRASH,,,,"OVER $1,500",2/23/2022 20:59,UNABLE TO DETERMINE,NOT APPLICABLE,4808,W,55TH ST,814,,,,,,,1,NO INDICATION OF INJURY,0,0,0,0,0,1,0,20,4,2,41.79312722,-87.74322936,POINT (-87.7432293575 41.793127216337)
5a5e7a2abc97c8d5e731a487a2ecbb3f5ec1af2ff1daccaf04b7e1618100de3467c024a6c3faf362161869ade83a1c2509d6fff4fd6062931b385389b7187a90,JE146189,,2/19/2021 16:13,35,NO CONTROLS,NO CONTROLS,CLEAR,DAYLIGHT,REAR END,NOT DIVIDED,,STRAIGHT AND LEVEL,DRY,NO DEFECTS,,NO INJURY / DRIVE AWAY,,,Y,"OVER $1,500",2/19/2021 16:14,UNABLE TO DETERMINE,UNABLE TO DETERMINE,1915,W,103RD ST,2212,,,,,,,5,NO INDICATION OF INJURY,0,0,0,0,0,5,0,16,6,2,41.70646471,-87.66977317,POINT (-87.669773167483 41.706464704546)
64eec1bde07b6404fb03da27f6fb60713b0b6e56cd97a2b9e7c6aa28b5d4fe5a66eb3b1f859f2a33b1b9ebc276b3488bc12dd4ccf962ed20ddd6e2e4eb69b582,JD231628,,5/13/2020 14:00,25,NO CONTROLS,NO CONTROLS,CLEAR,DAYLIGHT,PARKED MOTOR VEHICLE,PARKING LOT,,STRAIGHT AND LEVEL,DRY,NO DEFECTS,,NO INJURY / DRIVE AWAY,,,Y,$500 OR LESS,5/13/2020 18:06,UNABLE TO DETERMINE,UNABLE TO DETERMINE,1910,E,95TH ST,413,,,,,,,2,NO INDICATION OF INJURY,0,0,0,0,0,1,0,14,4,5,41.72255336,-87.57736367,POINT (-87.577363672231 41.722553360727)
47ec4ff1c6073af433af57c59dc500afac847edd2fd3a084e8f41ac00baf2e13e06a330eeee9d454436e15a475401fa39d0a0c81ef967226e719cfe25379dcef,JF146182,,2/16/2022 11:36,25,NO CONTROLS,NO CONTROLS,CLEAR,DAYLIGHT,TURNING,NOT DIVIDED,,STRAIGHT AND LEVEL,DRY,NO DEFECTS,ON SCENE,NO INJURY / DRIVE AWAY,N,,,"$501 - $1,500",2/16/2022 11:36,DRIVING ON WRONG SIDE/WRONG WAY,NOT APPLICABLE,1407,W,72ND PL,734,,,,,,,2,NO INDICATION OF INJURY,0,0,0,0,0,2,0,11,4,2,41.76213957,-87.65921628,POINT (-87.659216277923 41.762139571622)
47f6cbf63a3a82c75c1eb37510eb10fb06b271e9fa50d362b83a5781d87c23ac38b84a7b513c3e40e2650a6582053fa7ce2f60d0b0dba5bad8a01f228e261491,JF146723,,2/16/2022 16:30,15,NO CONTROLS,FUNCTIONING PROPERLY,CLEAR,DAYLIGHT,PARKED MOTOR VEHICLE,PARKING LOT,,STRAIGHT AND LEVEL,DRY,NO DEFECTS,NOT ON SCENE (DESK REPORT),NO INJURY / DRIVE AWAY,,,Y,"$501 - $1,500",2/16/2022 19:00,UNABLE TO DETERMINE,NOT APPLICABLE,6525,W,DIVERSEY AVE,2512,,,,,,,2,NO INDICATION OF INJURY,0,0,0,0,0,1,0,16,4,2,41.93083392,-87.78913379,POINT (-87.789133787544 41.93083391524)
505b58b189ba1f5a17338fb211a63d573dd324a709a9374fd22be74facf60a53c89370758c0f90fe3932a7a60bd3e9a417ff4836ec76c46477b5c13c8d0bf6f7,JF161334,,3/2/2022 11:52,30,TRAFFIC SIGNAL,FUNCTIONING PROPERLY,CLEAR,DAYLIGHT,REAR END,NOT DIVIDED,,STRAIGHT AND LEVEL,DRY,NO DEFECTS,NOT ON SCENE (DESK REPORT),NO INJURY / DRIVE AWAY,,,,"OVER $1,500",3/2/2022 20:00,NOT APPLICABLE,NOT APPLICABLE,804,W,69TH ST,723,,,,,,,2,NO INDICATION OF INJURY,0,0,0,0,0,2,0,11,4,3,41.76894423,-87.64473943,POINT (-87.644739428338 41.768944226428)
47c28abdf7ab3af3005509107bb4fbe23d69ab7215a393d01b008a85b39f7ee08cd0346e5db58030bf4b4d17309e5a54044bf3f336290b6ffb4d614891134f70,JE274227,,6/20/2021 13:19,25,NO CONTROLS,NO CONTROLS,CLEAR,DAYLIGHT,TURNING,ONE-WAY,,STRAIGHT AND LEVEL,DRY,NO DEFECTS,,NO INJURY / DRIVE AWAY,,,,"OVER $1,500",6/21/2021 13:26,UNABLE TO DETERMINE,UNABLE TO DETERMINE,1518,E,71ST ST,332,,,,,,,2,NO INDICATION OF INJURY,0,0,0,0,0,2,0,13,1,6,41.76625127,-87.58793777,POINT (-87.587937769034 41.766251264882)
4f2eeeb52f5c6f0b47cfd79b26eb70d4cc6fdca344233f8f88b7189f2e9fa7e5d3b295a5194c5592b8bbb91c64e370cdce975f568e2375fe584bdf65361a7725,JE163553,,3/9/2021 9:37,30,TRAFFIC SIGNAL,FUNCTIONING PROPERLY,CLEAR,DAYLIGHT,HEAD ON,DIVIDED - W/MEDIAN BARRIER,,STRAIGHT AND LEVEL,DRY,NO DEFECTS,,INJURY AND / OR TOW DUE TO CRASH,,,,"OVER $1,500",3/9/2021 9:38,UNABLE TO DETERMINE,UNABLE TO DETERMINE,6200,S,ARCHER AVE,811,Y,Y,,,,,2,FATAL,2,1,0,0,1,1,0,9,3,3,41.79394205,-87.77463322,POINT (-87.774633214946 41.793942048308)
5a75fa363d2b0fd92e1f2c74eba1d083da72a387f9c1c3551610ec5211d31d935e27f9aa03505ea8467de90770ab305a1d15085f3859066e31bcc0b755ccceee,JF149343,,2/19/2022 9:53,30,TRAFFIC SIGNAL,FUNCTIONING PROPERLY,CLEAR,DAYLIGHT,TURNING,T-INTERSECTION,,STRAIGHT AND LEVEL,UNKNOWN,NO DEFECTS,,INJURY AND / OR TOW DUE TO CRASH,Y,,,"OVER $1,500",2/19/2022 10:05,DISREGARDING TRAFFIC SIGNALS,FAILING TO YIELD RIGHT-OF-WAY,500,W,ROOSEVELT RD,124,,,,,,,3,NONINCAPACITATING INJURY,2,0,0,1,1,1,0,9,7,2,41.86736269,-87.6392932,POINT (-87.639293194642 41.867362692617)
4898a6e028cc031166a96b078f25cecb4f0d753f2bf1cc4156f6cb74c4442250d604eacfe1f5b411fdecc4c31f799a9431fd17ca6e31d8eae7136e55f4a59615,JF153772,,2/23/2022 16:20,35,NO CONTROLS,NO CONTROLS,CLEAR,DAYLIGHT,REAR END,DIVIDED - W/MEDIAN (NOT RAISED),,STRAIGHT AND LEVEL,DRY,NO DEFECTS,ON SCENE,INJURY AND / OR TOW DUE TO CRASH,,,,"OVER $1,500",2/23/2022 17:40,FAILING TO REDUCE SPEED TO AVOID CRASH,FOLLOWING TOO CLOSELY,9420,S,STONY ISLAND AVE,413,,,,,,,2,NO INDICATION OF INJURY,0,0,0,0,0,5,0,16,4,2,41.72346212,-87.58529199,POINT (-87.585291984876 41.72346212059)
5849ed81461984550b32d7bfc12e2557b80ad312280ac87000a17e7e1b0e858717d357e869a4cdc2790f964c01c21691c2c284c9f2aa308a40cefb93842b486d,JF176953,,3/16/2022 20:30,30,TRAFFIC SIGNAL,FUNCTIONING PROPERLY,CLEAR,DAYLIGHT,TURNING,FOUR WAY,,STRAIGHT AND LEVEL,DRY,NO DEFECTS,NOT ON SCENE (DESK REPORT),NO INJURY / DRIVE AWAY,Y,,,"OVER $1,500",3/17/2022 11:00,IMPROPER TURNING/NO SIGNAL,NOT APPLICABLE,6000,S,COTTAGE GROVE AVE,313,,,,,,,2,NO INDICATION OF INJURY,0,0,0,0,0,2,0,20,4,3,41.78578373,-87.6061847,POINT (-87.606184701516 41.785783730894)
5883a8e6e195456c764d4ec4d5205099e792970e7101b93434465959656f815d1d2cc67c30da6dfe36f7abf3251b14896d961eb16688a505c13f592039242665,JF176311,,3/16/2022 18:55,30,STOP SIGN/FLASHER,FUNCTIONING PROPERLY,CLEAR,DUSK,REAR END,FOUR WAY,,STRAIGHT AND LEVEL,DRY,NO DEFECTS,ON SCENE,NO INJURY / DRIVE AWAY,,,Y,"OVER $1,500",3/16/2022 19:09,FAILING TO REDUCE SPEED TO AVOID CRASH,FAILING TO REDUCE SPEED TO AVOID CRASH,6900,S,WINCHESTER AVE,735,,,,,,,2,NO INDICATION OF INJURY,0,0,0,0,0,3,0,18,4,3,41.76837036,-87.67255598,POINT (-87.672555976879 41.768370362258)
59852b03c2d5eaa8200061b12097acac36bd6145929a77ad9ebbc5ebbf90085ba66cc0d1c87da96c21f2e8c69c35cb41b1886031a10a13301ad49a425757fe04,JF175832,,3/16/2022 12:30,25,NO CONTROLS,NO CONTROLS,CLEAR,DAYLIGHT,PARKED MOTOR VEHICLE,NOT DIVIDED,,STRAIGHT AND LEVEL,DRY,NO DEFECTS,NOT ON SCENE (DESK REPORT),NO INJURY / DRIVE AWAY,,,,"$501 - $1,500",3/16/2022 14:03,UNABLE TO DETERMINE,NOT APPLICABLE,917,S,LOOMIS ST,1231,Y,,,,,,2,NO INDICATION OF INJURY,0,0,0,0,0,1,0,12,4,3,41.86975463,-87.66150663,POINT (-87.66150663295 41.869754629012)
52d73484c86b522d1812398517dd0bcd13e8898ceeefa72094f306389c89c5b3efb1a28ceab137b8f0a8a9f0876828291287452b8066af2aefb036c666c5e46d,JF161019,,3/2/2022 14:19,10,NO CONTROLS,NO CONTROLS,CLEAR,DAYLIGHT,PARKED MOTOR VEHICLE,PARKING LOT,,STRAIGHT AND LEVEL,DRY,NO DEFECTS,NOT ON SCENE (DESK REPORT),NO INJURY / DRIVE AWAY,,,Y,"OVER $1,500",3/2/2022 15:22,UNABLE TO DETERMINE,UNABLE TO DETERMINE,6715,S,PAXTON AVE,331,,,,,,,2,NO INDICATION OF INJURY,0,0,0,0,0,1,0,14,4,3,41.77301788,-87.5714508,POINT (-87.571450797381 41.773017884028)
4a4e35bec25079177273c36e2d2af69f5771c320c7fdde1d97e3a213fb967335e994e10d250767f0faeb5eed78d3f6c529b2eadaac57ee57c176ce3c7dcefd0a,JF146584,,2/16/2022 17:00,30,NO CONTROLS,NO CONTROLS,CLEAR,DUSK,REAR END,NOT DIVIDED,,STRAIGHT AND LEVEL,UNKNOWN,NO DEFECTS,ON SCENE,INJURY AND / OR TOW DUE TO CRASH,,,,"OVER $1,500",2/16/2022 17:09,UNABLE TO DETERMINE,UNABLE TO DETERMINE,4500,W,CHICAGO AVE,1111,,,,,,,2,NONINCAPACITATING INJURY,1,0,0,1,0,1,0,17,4,2,41.89524831,-87.73851646,POINT (-87.738516456106 41.895248307451)
5a76fd0cc725c8f5630f5f52ec526a8060b3829fb8d5881944ba30e939f15ba53233378393972282334df932927fdae7f75a059463f4b636992ac0059eb5444f,JF177398,,3/16/2022 21:12,30,TRAFFIC SIGNAL,FUNCTIONING PROPERLY,UNKNOWN,UNKNOWN,TURNING,NOT DIVIDED,,STRAIGHT AND LEVEL,UNKNOWN,UNKNOWN,NOT ON SCENE (DESK REPORT),NO INJURY / DRIVE AWAY,Y,,,$500 OR LESS,3/17/2022 17:20,UNABLE TO DETERMINE,UNABLE TO DETERMINE,7401,N,CLARK ST,2422,,,,,,,2,NO INDICATION OF INJURY,0,0,0,0,0,2,0,21,4,3,42.01592334,-87.67504103,POINT (-87.675041024626 42.015923341742)
67d08aa59c8963fb795282e4d9dfe214bec233b76b9f13af23b09f2ef1015204161b9f7ba69666fe5ee1a86600de790079a58df47959d25c28f8e2a81efc0158,JF182312,,3/22/2022 7:47,30,NO CONTROLS,NO CONTROLS,RAIN,DAYLIGHT,REAR END,NOT DIVIDED,,STRAIGHT AND LEVEL,WET,NO DEFECTS,NOT ON SCENE (DESK REPORT),NO INJURY / DRIVE AWAY,,,,"OVER $1,500",3/22/2022 8:33,FOLLOWING TOO CLOSELY,FOLLOWING TOO CLOSELY,6450,S,WESTERN AVE,825,,,,,,,2,NO INDICATION OF INJURY,0,0,0,0,0,2,0,7,3,3,41.77591439,-87.68370226,POINT (-87.683702260048 41.775914393375)
4a74a63e36d9c6a65cd26a650aaeac1e77ec3b7462740d4474de632f744cf73e345cd25d1138e3d45e100d8b3071ded04baf5a158ed18c2fda3ccb2c4a94c93b,JF146012,,2/16/2022 8:50,30,TRAFFIC SIGNAL,FUNCTIONING PROPERLY,CLEAR,DAYLIGHT,TURNING,DIVIDED - W/MEDIAN (NOT RAISED),,STRAIGHT AND LEVEL,DRY,NO DEFECTS,NOT ON SCENE (DESK REPORT),NO INJURY / DRIVE AWAY,,,,"OVER $1,500",2/16/2022 9:30,UNABLE TO DETERMINE,UNABLE TO DETERMINE,2040,N,ASHLAND AVE,1432,,,,,,,2,NO INDICATION OF INJURY,0,0,0,0,0,2,0,8,4,2,41.91913951,-87.66840262,POINT (-87.668402616784 41.919139514479)
5e72268cde539313d99a06cbbbcc4043f6e07885d81c8c14db424815314dda826dd37e581e73fc327ae2ccee3906780c2c5e26d450a05dcf9c8ec39a1713fd38,JF168072,,3/9/2022 10:15,30,NO CONTROLS,NO CONTROLS,CLEAR,DAYLIGHT,ANIMAL,ONE-WAY,,STRAIGHT AND LEVEL,DRY,NO DEFECTS,ON SCENE,NO INJURY / DRIVE AWAY,,,,$500 OR LESS,3/9/2022 10:20,ANIMAL,ANIMAL,732,E,72ND ST,323,,,,,,,1,NO INDICATION OF INJURY,0,0,0,0,0,1,0,10,4,3,41.76414232,-87.6066939,POINT (-87.606693898176 41.764142318384)
5b3bf986d921021fffce389af92bf8067ff6ff481356a01f73be2b7275c7d8927277987747ab1510b7b7502af9cdbe605bcb5fe1fb4286248d4eb50b0f18f447,JF176223,,3/16/2022 17:50,30,TRAFFIC SIGNAL,FUNCTIONING PROPERLY,CLEAR,DAYLIGHT,TURNING,NOT DIVIDED,,STRAIGHT AND LEVEL,DRY,NO DEFECTS,ON SCENE,INJURY AND / OR TOW DUE TO CRASH,Y,,Y,"OVER $1,500",3/16/2022 17:53,FAILING TO YIELD RIGHT-OF-WAY,NOT APPLICABLE,259,S,CICERO AVE,1113,,,,,,,2,NO INDICATION OF INJURY,0,0,0,0,0,2,0,17,4,3,41.8768543,-87.7450002,POINT (-87.745000196068 41.876854300465)
4a9e35b7e9a1e46424756d5efe883fd45e51eb3af753feed0131143f0a52cba4be8875340506a48429dd9b2f2baf86c280b4107eb959e3c6271987416e1b8b36,JF153857,,2/23/2022 15:36,30,NO CONTROLS,NO CONTROLS,CLEAR,DAYLIGHT,FIXED OBJECT,NOT DIVIDED,,STRAIGHT AND LEVEL,DRY,NO DEFECTS,ON SCENE,INJURY AND / OR TOW DUE TO CRASH,,,,"OVER $1,500",2/23/2022 15:36,NOT APPLICABLE,NOT APPLICABLE,2305,E,74TH ST,334,,,,,,,1,NONINCAPACITATING INJURY,3,0,0,2,1,0,0,15,4,2,41.76067207,-87.56860917,POINT (-87.568609165849 41.760672068508)
5b7bf5447e85b3e9939b5b4d9921ca129aa7a4a0890705dd85c5051d4efc4d386fad783a2912a0054e12855a8a51089b8a715206741f2a6f94333331f486b455,JF175932,,3/16/2022 13:00,30,NO CONTROLS,NO CONTROLS,CLEAR,DAYLIGHT,REAR TO FRONT,NOT DIVIDED,,STRAIGHT AND LEVEL,DRY,NO DEFECTS,NOT ON SCENE (DESK REPORT),NO INJURY / DRIVE AWAY,,,,"$501 - $1,500",3/16/2022 15:00,UNABLE TO DETERMINE,UNABLE TO DETERMINE,1900,N,HAMLIN AVE,2535,,,,,,,2,NO INDICATION OF INJURY,0,0,0,0,0,2,0,13,4,3,41.9154911,-87.72176268,POINT (-87.721762675413 41.915491100512)
68edfe123949f9844964ab46575de3fe99e5e1ca51c19e3b60782a64adf064904a772f32398c919243bdc3fad50bdc7c36a01e49d8499b31dee36666378d6bc3,JF194077,,3/22/2022 15:30,30,NO CONTROLS,NO CONTROLS,CLEAR,DAYLIGHT,SIDESWIPE SAME DIRECTION,NOT DIVIDED,,STRAIGHT AND LEVEL,DRY,NO DEFECTS,NOT ON SCENE (DESK REPORT),NO INJURY / DRIVE AWAY,,,,"OVER $1,500",4/1/2022 19:00,IMPROPER OVERTAKING/PASSING,DRIVING SKILLS/KNOWLEDGE/EXPERIENCE,2600,W,63RD ST,825,,,,,,,2,NO INDICATION OF INJURY,0,0,0,0,0,2,0,15,3,3,41.77929697,-87.68858605,POINT (-87.688586047146 41.7792969745)
537fd6cfaeb1ff2b991c470e4f7eab4b45c50bd743d49f3e8602a74190359f515285f6625f307f2ae4f3fc8aac0bc113c52c6f179a9ad1198ee09d7f5d6fca78,JF161130,,3/2/2022 15:30,20,NO CONTROLS,NO CONTROLS,CLEAR,DAYLIGHT,SIDESWIPE SAME DIRECTION,ALLEY,,STRAIGHT AND LEVEL,DRY,NO DEFECTS,ON SCENE,NO INJURY / DRIVE AWAY,,,Y,$500 OR LESS,3/2/2022 16:43,IMPROPER OVERTAKING/PASSING,UNABLE TO DETERMINE,5620,S,LOWE AVE,711,,,,,,,2,NO INDICATION OF INJURY,0,0,0,0,0,2,0,15,4,3,41.79185102,-87.64159382,POINT (-87.641593818017 41.791851020229)
5fdcee71818ae358913aba1f4aafcffa46c0000991a0c40b4c3ba73cedcf8af396c4e0a3dd3a4db771a05b2d34a99ee25db4596a930bfd7c697e58e63262d9e1,JF169547,,3/9/2022 20:15,30,NO CONTROLS,NO CONTROLS,CLEAR,"DARKNESS, LIGHTED ROAD",PARKED MOTOR VEHICLE,DIVIDED - W/MEDIAN (NOT RAISED),,STRAIGHT AND LEVEL,DRY,NO DEFECTS,NOT ON SCENE (DESK REPORT),NO INJURY / DRIVE AWAY,,,Y,"OVER $1,500",3/10/2022 16:15,UNABLE TO DETERMINE,UNABLE TO DETERMINE,5753,W,NORTH AVE,2531,,,,,,,3,NO INDICATION OF INJURY,0,0,0,0,0,1,0,20,4,3,41.90920737,-87.77040756,POINT (-87.770407556555 41.909207369235)
694069c39f632382c0e57ef6ded1c5ce603d44ab28edfdc5111295330901f5a37e101ad3e4c4191b693e54019e8adf651576cc7300551d64fee46bc0322dc418,JF183291,,3/22/2022 22:32,30,NO CONTROLS,NO CONTROLS,RAIN,"DARKNESS, LIGHTED ROAD",PARKED MOTOR VEHICLE,NOT DIVIDED,,STRAIGHT AND LEVEL,WET,NO DEFECTS,ON SCENE,NO INJURY / DRIVE AWAY,,,,$500 OR LESS,3/22/2022 22:51,UNABLE TO DETERMINE,UNABLE TO DETERMINE,3132,W,DEVON AVE,2412,,,,,,,2,NO INDICATION OF INJURY,0,0,0,0,0,3,0,22,3,3,41.9975183,-87.70822416,POINT (-87.708224163769 41.997518303002)