CRASH_RECORD_ID,RD_NO,CRASH_DATE_EST_I,CRASH_DATE,POSTED_SPEED_LIMIT,TRAFFIC_CONTROL_DEVICE,DEVICE_CONDITION,WEATHER_CONDITION,LIGHTING_CONDITION,FIRST_CRASH_TYPE,TRAFFICWAY_TYPE,LANE_CNT,ALIGNMENT,ROADWAY_SURFACE_COND,ROAD_DEFECT,REPORT_TYPE,CRASH_TYPE,INTERSECTION_RELATED_I,NOT_RIGHT_OF_WAY_I,HIT_AND_RUN_I,DAMAGE,DATE_POLICE_NOTIFIED,PRIM_CONTRIBUTORY_CAUSE,SEC_CONTRIBUTORY_CAUSE,STREET_NO,STREET_DIRECTION,STREET_NAME,BEAT_OF_OCCURRENCE,PHOTOS_TAKEN_I,STATEMENTS_TAKEN_I,DOORING_I,WORK_ZONE_I,WORK_ZONE_TYPE,WORKERS_PRESENT_I,NUM_UNITS,MOST_SEVERE_INJURY,INJURIES_TOTAL,INJURIES_FATAL,INJURIES_INCAPACITATING,INJURIES_NON_INCAPACITATING,INJURIES_REPORTED_NOT_EVIDENT,INJURIES_NO_INDICATION,INJURIES_UNKNOWN,CRASH_HOUR,CRASH_DAY_OF_WEEK,CRASH_MONTH,LATITUDE,LONGITUDE,LOCATION
5396750fd13fed954bdd3133244fb31f55569829e585ed87a11b9f17f72cdb5edf844c3f085c50c4f568c24fa06a67756afa0c8e76fd7df5c77892882f5591a4,JF161180,,3/2/2022 16:30,30,NO CONTROLS,NO CONTROLS,CLEAR,DAYLIGHT,SIDESWIPE SAME DIRECTION,NOT DIVIDED,,STRAIGHT AND LEVEL,DRY,NO DEFECTS,NOT ON SCENE (DESK REPORT),NO INJURY / DRIVE AWAY,,,,"OVER $1,500",3/2/2022 17:30,IMPROPER LANE USAGE,IMPROPER LANE USAGE,7631,S,PULASKI RD,833,,,,,,,2,NO INDICATION OF INJURY,0,0,0,0,0,2,0,16,4,3,41.75409871,-87.72195201,POINT (-87.721952010731 41.754098713081)
54a9f6b9daf1db2277d9df7c7f4b18f5f724625ea1240fdae83c3ba8b3328e82cf8a25a2c460ee069c9b6cd7f666bb48c9c7adf4a938c2bbf369a83cead54b7e,JF160495,,3/2/2022 4:04,30,TRAFFIC SIGNAL,FUNCTIONING PROPERLY,CLEAR,DARKNESS,FIXED OBJECT,DIVIDED - W/MEDIAN (NOT RAISED),,STRAIGHT AND LEVEL,DRY,NO DEFECTS,ON SCENE,INJURY AND / OR TOW DUE TO CRASH,,,,"OVER $1,500",3/2/2022 4:04,UNABLE TO DETERMINE,UNABLE TO DETERMINE,727,E,103RD ST,512,,Y,,,,,1,NONINCAPACITATING INJURY,1,0,0,1,0,0,0,4,4,3,41.70735195,-87.60537804,POINT (-87.605378039904 41.707351945409)
551d02d2b48a1e3a073cbe47209071f4d69b4f70ff76f3dede0b4ed8ec1f212f31c458e98192cc74b51408d270feb2654dd055cb254801fa0688a73d911fd23b,JF161060,,3/2/2022 15:15,30,STOP SIGN/FLASHER,NO CONTROLS,CLEAR,DAYLIGHT,SIDESWIPE SAME DIRECTION,NOT DIVIDED,,STRAIGHT AND LEVEL,DRY,NO DEFECTS,NOT ON SCENE (DESK REPORT),NO INJURY / DRIVE AWAY,,,Y,"OVER $1,500",3/3/2022 0:05,"OPERATING VEHICLE IN ERRATIC, RECKLESS, CARELESS, NEGLIGENT OR AGGRESSIVE MANNER","OPERATING VEHICLE IN ERRATIC, RECKLESS, CARELESS, NEGLIGENT OR AGGRESSIVE MANNER",3303,S,HOYNE AVE,912,,,,,,,2,NO INDICATION OF INJURY,0,0,0,0,0,2,0,15,4,3,41.83384804,-87.67768708,POINT (-87.677687083494 41.833848040932)
5cf85dbefb0e8a991cc22fd1165d303adac066889e4381b05e88cb6a8cf0d194db84f8d1e882db2bb214c9a5500b2816797705693228b969b3a654cba49bcd26,JF175448,,3/16/2022 7:10,30,TRAFFIC SIGNAL,FUNCTIONING PROPERLY,CLEAR,DAYLIGHT,ANGLE,DIVIDED - W/MEDIAN BARRIER,,STRAIGHT AND LEVEL,DRY,NO DEFECTS,ON SCENE,INJURY AND / OR TOW DUE TO CRASH,Y,,,"OVER $1,500",3/16/2022 7:30,FAILING TO YIELD RIGHT-OF-WAY,NOT APPLICABLE,100,E,CONGRESS DR,114,,,,,,,2,NO INDICATION OF INJURY,0,0,0,0,0,4,0,7,4,3,41.87583508,-87.62421289,POINT (-87.624212886292 41.875835081627)
559d67e2198d6ef597a02e1c7fe42b63bc202f5c9d66d4ca5c11b4019d0d41997fd90bdac95a9d8e28627748299cfa36acc7c5ea93415968a5f7a926c910522f,JF161113,,3/2/2022 16:20,30,NO CONTROLS,NO CONTROLS,CLEAR,DAYLIGHT,TURNING,NOT DIVIDED,,STRAIGHT AND LEVEL,DRY,NO DEFECTS,ON SCENE,NO INJURY / DRIVE AWAY,Y,,,"OVER $1,500",3/2/2022 16:22,FAILING TO REDUCE SPEED TO AVOID CRASH,NOT APPLICABLE,5758,W,ROOSEVELT RD,1513,,,,,,,2,NO INDICATION OF INJURY,0,0,0,0,0,3,0,16,4,3,41.86563932,-87.76915499,POINT (-87.769154986532 41.865639322064)
5588d5fc47767638c099e049a72ae44d17e00331f4000f2713d523d35480b19a40b1c40b8cebb39247606f0208175b828dcc08b664067c65c8cb92a2ea49263f,JE409655,,10/14/2021 14:30,30,NO CONTROLS,NO CONTROLS,CLEAR,DAYLIGHT,ANGLE,ALLEY,,STRAIGHT AND LEVEL,DRY,UNKNOWN,,INJURY AND / OR TOW DUE TO CRASH,,,Y,"OVER $1,500",10/14/2021 16:05,UNABLE TO DETERMINE,UNABLE TO DETERMINE,2445,W,58TH ST,824,,,,,,,2,"REPORTED, NOT EVIDENT",1,0,0,0,1,1,0,14,5,10,41.78825063,-87.68571616,POINT (-87.68571616163 41.788250629066)
5cb449c68f04e583964efce6fe4b40058aa7033815af4230721f6fabac680003aa459060531519c40fa2077231d8e940f2e575c6a02df5d301d78ed2fea85075,JE479510,,12/16/2021 10:55,30,NO CONTROLS,NO CONTROLS,CLEAR,DAYLIGHT,PEDESTRIAN,DRIVEWAY,,STRAIGHT AND LEVEL,UNKNOWN,UNKNOWN,,INJURY AND / OR TOW DUE TO CRASH,,Y,,$500 OR LESS,12/16/2021 12:40,UNABLE TO DETERMINE,UNABLE TO DETERMINE,7530,S,STONY ISLAND AVE,411,,,,,,,2,NONINCAPACITATING INJURY,1,0,0,1,0,1,0,10,5,12,41.75780566,-87.58626826,POINT (-87.586268258019 41.757805658543)
5ccf04b5e667c9996e20c04c747e0ccd933af163451f7e0ceec8044358ac5f1126091453982188a043897ee81da540d36a6bde5904a57a3308afc1f71f6c7d17,JD216850,,4/23/2020 17:10,30,NO CONTROLS,NO CONTROLS,CLEAR,DAYLIGHT,ANGLE,NOT DIVIDED,,STRAIGHT AND LEVEL,DRY,NO DEFECTS,,NO INJURY / DRIVE AWAY,,,,"$501 - $1,500",4/25/2020 13:30,IMPROPER TURNING/NO SIGNAL,IMPROPER TURNING/NO SIGNAL,7400,S,COTTAGE GROVE AVE,323,,,,,,,2,NO INDICATION OF INJURY,0,0,0,0,0,2,0,17,5,4,41.76031203,-87.60558889,POINT (-87.605588893368 41.760312026786)
55f42f2961032fbbec27b76b79f4e888c2c2da5a2f949e6ee7819eab0284ef2971e9e0bc490af3da8e963fca23a39d3f6654f018c2d2238a25aec6d3f908c5fe,JF161080,,3/2/2022 15:00,20,TRAFFIC SIGNAL,FUNCTIONING PROPERLY,CLEAR,DAYLIGHT,TURNING,NOT DIVIDED,,STRAIGHT AND LEVEL,DRY,NO DEFECTS,ON SCENE,INJURY AND / OR TOW DUE TO CRASH,,,,"$501 - $1,500",3/2/2022 16:00,FAILING TO REDUCE SPEED TO AVOID CRASH,IMPROPER LANE USAGE,1198,N,OAKLEY BLVD,1212,,,,,,,2,NO INDICATION OF INJURY,0,0,0,0,0,2,0,15,4,3,41.90301163,-87.68472565,POINT (-87.68472564991 41.903011628981)
62325754fe64aff8ae1d6fa4de12374dcd99ee8c7448b07bf4b3339ad818cedad7fee167dfd12463ccbd45bb9d3bbdd47fb09c517586602e2a982d41bf0d12b0,JF168751,,3/9/2022 21:10,30,STOP SIGN/FLASHER,FUNCTIONING PROPERLY,CLEAR,"DARKNESS, LIGHTED ROAD",ANGLE,DIVIDED - W/MEDIAN (NOT RAISED),,STRAIGHT AND LEVEL,DRY,NO DEFECTS,NOT ON SCENE (DESK REPORT),NO INJURY / DRIVE AWAY,Y,,,"$501 - $1,500",3/9/2022 21:48,DISREGARDING STOP SIGN,FAILING TO YIELD RIGHT-OF-WAY,230,S,CICERO AVE,1533,,,,,,,2,NO INDICATION OF INJURY,0,0,0,0,0,5,0,21,4,3,41.87770598,-87.74532535,POINT (-87.745325346413 41.877705984399)
6c06593c9fea3a69a7317bebb812cc3bf04471bc9d037f812f3251a473c250dd345fa97ba847dab8c4eb1180ed2a4caed5f894bb1096408ced1fbb1cc542f18e,JF183046,,3/22/2022 8:45,30,NO CONTROLS,NO CONTROLS,CLEAR,"DARKNESS, LIGHTED ROAD",PARKED MOTOR VEHICLE,ONE-WAY,,STRAIGHT AND LEVEL,DRY,NO DEFECTS,NOT ON SCENE (DESK REPORT),NO INJURY / DRIVE AWAY,,,Y,"OVER $1,500",3/22/2022 18:15,UNABLE TO DETERMINE,UNABLE TO DETERMINE,918,W,31ST PL,913,,,,,,,2,NO INDICATION OF INJURY,0,0,0,0,0,1,0,8,3,3,41.83731625,-87.64949203,POINT (-87.649492025717 41.837316254375)
6c35afe8566e4a56d4177c1082660996b01c3a0451c9fcafde4b0855c6794a42e2410b56db84104062c433973ea470f7a146095adc2b52e578f5c7698f84c3b3,JF183120,,3/22/2022 17:51,25,NO CONTROLS,NO CONTROLS,CLEAR,DAYLIGHT,REAR END,NOT DIVIDED,,STRAIGHT AND LEVEL,DRY,NO DEFECTS,NOT ON SCENE (DESK REPORT),NO INJURY / DRIVE AWAY,,,,"$501 - $1,500",3/22/2022 19:23,NOT APPLICABLE,NOT APPLICABLE,5000,W,MADISON ST,1533,,,,,,,2,NO INDICATION OF INJURY,0,0,0,0,0,2,0,17,3,3,41.88054285,-87.75029823,POINT (-87.750298226061 41.880542854064)
6cea997a08cdd6b6599689dccd5d0d82b5171a498fe15306963fa93e118a9809528a726d66114df8282393183ec092aa2af80eb6bb6b25a019e9a7141bd24a88,JF182626,,3/22/2022 12:34,35,STOP SIGN/FLASHER,OTHER,CLOUDY/OVERCAST,DAYLIGHT,TURNING,NOT DIVIDED,,STRAIGHT AND LEVEL,DRY,NO DEFECTS,ON SCENE,INJURY AND / OR TOW DUE TO CRASH,,,,"OVER $1,500",3/22/2022 12:34,FAILING TO YIELD RIGHT-OF-WAY,NOT APPLICABLE,1899,N,CLYBOURN AVE,1811,,,,,,,2,NONINCAPACITATING INJURY,1,0,0,1,0,2,0,12,3,3,41.91556502,-87.65578891,POINT (-87.655788913997 41.915565018672)
4f129866bf7397a11c951cb1ad046a7ee2036742f68b0a3e9aac8e607e35b806bef249b064d016c188ae91d36f7ad87aac8366c68c8e71c3c0d36c603d8f0d1f,JF153267,,2/23/2022 8:15,30,STOP SIGN/FLASHER,FUNCTIONING PROPERLY,CLEAR,DAYLIGHT,TURNING,NOT DIVIDED,,STRAIGHT AND LEVEL,DRY,NO DEFECTS,NOT ON SCENE (DESK REPORT),NO INJURY / DRIVE AWAY,,,,"OVER $1,500",2/23/2022 8:36,UNABLE TO DETERMINE,NOT APPLICABLE,7130,W,GRAND AVE,2512,,,,,,,2,NO INDICATION OF INJURY,0,0,0,0,0,2,0,8,4,2,41.92374955,-87.80387122,POINT (-87.803871219205 41.923749544597)
4f0513bb17f34d0e0dd7cd733f1a4c8dc90e89fed4310874192818b1694e32590991dd42ea7a58b44a9c392a8daddb9f13a187f3e4e9f00bb9125948a653e6b3,JF146514,,2/16/2022 14:50,20,UNKNOWN,UNKNOWN,CLEAR,DAYLIGHT,REAR END,NOT DIVIDED,,STRAIGHT AND LEVEL,WET,UNKNOWN,ON SCENE,NO INJURY / DRIVE AWAY,,,,"OVER $1,500",2/16/2022 14:53,FAILING TO REDUCE SPEED TO AVOID CRASH,NOT APPLICABLE,7171,W,BLOOMINGDALE AVE,2513,,,,,,,3,NO INDICATION OF INJURY,0,0,0,0,0,3,0,14,4,2,41.91243169,-87.80501148,POINT (-87.805011476346 41.912431690043)
4f7190dca3b0f35746b2b448bd83199e217378747981dea6ceffed007e3e4bf2aba8d5863a946f773e1b03bdbc02bcb1e16314ac66d8e4968a6a9d03eec0986b,JF146925,,2/16/2022 23:21,30,TRAFFIC SIGNAL,FUNCTIONING PROPERLY,RAIN,"DARKNESS, LIGHTED ROAD",TURNING,FOUR WAY,,STRAIGHT AND LEVEL,WET,NO DEFECTS,ON SCENE,NO INJURY / DRIVE AWAY,Y,,Y,"OVER $1,500",2/16/2022 23:22,UNABLE TO DETERMINE,NOT APPLICABLE,1,E,76TH ST,623,,,,,,,2,NO INDICATION OF INJURY,0,0,0,0,0,3,0,23,4,2,41.75632947,-87.62463879,POINT (-87.624638785875 41.756329468765)
5e48e4d6d24791edc76498a8469f0f7057ee482d2b89178469e7b8fe60bb11912f054b976ac341e95e53dedad0e4fc02d0e78ce90f417a67f2e1bd37fa7c742e,JC486542,,10/25/2019 19:30,25,NO CONTROLS,NO CONTROLS,CLEAR,"DARKNESS, LIGHTED ROAD",PARKED MOTOR VEHICLE,ONE-WAY,,STRAIGHT AND LEVEL,DRY,NO DEFECTS,,INJURY AND / OR TOW DUE TO CRASH,,,Y,"OVER $1,500",10/25/2019 21:10,NOT APPLICABLE,NOT APPLICABLE,4003,W,POTOMAC AVE,2534,,,,,,,3,NO INDICATION OF INJURY,0,0,0,0,0,1,0,19,6,10,41.90436,-87.72654689,POINT (-87.726546884943 41.904360003971)
6cf78bbaa602adb6bbd6ca81fa7f8bd40c995e07c918255ffa9eae6a4873b0f5164d86b42485313df18cb685cbd364c7f311b48497fb433da0e34dc2c7b43969,JC463033,,10/4/2019 8:30,30,NO CONTROLS,NO CONTROLS,UNKNOWN,DAYLIGHT,PEDESTRIAN,NOT DIVIDED,,STRAIGHT AND LEVEL,UNKNOWN,UNKNOWN,,INJURY AND / OR TOW DUE TO CRASH,,,,$500 OR LESS,10/7/2019 10:00,UNABLE TO DETERMINE,UNABLE TO DETERMINE,2534,N,CLARK ST,1935,,,,,,,2,NONINCAPACITATING INJURY,1,0,0,1,0,1,0,8,6,10,41.92868792,-87.64248467,POINT (-87.642484671389 41.928687915663)
5fc5e0cb6725b8fb83cb4606cc6ac87997259863ccc6297cac7249b2aae26351151121d75bc19cadf9f24b655acf5114901b5eedc0e8437c414ecd30447e0665,JF175853,,3/16/2022 9:30,15,NO CONTROLS,NO CONTROLS,CLEAR,DAYLIGHT,PARKED MOTOR VEHICLE,PARKING LOT,,STRAIGHT AND LEVEL,DRY,NO DEFECTS,NOT ON SCENE (DESK REPORT),NO INJURY / DRIVE AWAY,,,Y,"$501 - $1,500",3/16/2022 13:45,UNABLE TO DETERMINE,UNABLE TO DETERMINE,232,W,87TH ST,622,,,,,,,2,NO INDICATION OF INJURY,0,0,0,0,0,1,0,9,4,3,41.73615497,-87.62984512,POINT (-87.629845119553 41.73615496893)
6fc45cd1125e9def58f9fcf42518466914d33a57efb14ff3bf6a09bed35dbfd60bd5666e86db3d07b401143b56e3278a6b1641d7fb5ddf9992202193a0714eca,JE182819,,3/22/2022 15:00,30,NO CONTROLS,NO CONTROLS,RAIN,DAYLIGHT,SIDESWIPE SAME DIRECTION,DIVIDED - W/MEDIAN (NOT RAISED),,STRAIGHT ON GRADE,WET,NO DEFECTS,ON SCENE,NO INJURY / DRIVE AWAY,,,,"OVER $1,500",3/22/2022 15:03,DRIVING SKILLS/KNOWLEDGE/EXPERIENCE,UNABLE TO DETERMINE,12959,S,HALSTED ST,523,,,,,,,2,NO INDICATION OF INJURY,0,0,0,0,0,4,0,15,3,3,41.65824764,-87.64110463,POINT (-87.641104626472 41.658247640704)
609f0fccd26c8952d9115f78cbe8773df3c9d815d7dc07b15a44b0ccf49a412d7c896e82cd4dbb9796cdcc8cddf16c6528d68bebb5b02a6979c2b92d944cf118,JF175760,Y,3/16/2022 11:30,30,NO CONTROLS,NO CONTROLS,CLEAR,DAYLIGHT,PARKED MOTOR VEHICLE,DIVIDED - W/MEDIAN (NOT RAISED),,STRAIGHT AND LEVEL,DRY,NO DEFECTS,ON SCENE,INJURY AND / OR TOW DUE TO CRASH,,,,"OVER $1,500",3/16/2022 12:12,DRIVING SKILLS/KNOWLEDGE/EXPERIENCE,DISTRACTION - FROM INSIDE VEHICLE,2300,N,NARRAGANSETT AVE,2512,,,,,,,2,NO INDICATION OF INJURY,0,0,0,0,0,1,0,11,4,3,41.92189868,-87.78553659,POINT (-87.785536589334 41.921898680024)
6fc974f5693fe837daf8397a7e4fc5aaad3d7206f6ecdf7e3c4cb1f00a24055c2c821ce8934464a8145e93fd0980abf7390549a9c5067d7650c1b69378391f58,JC477494,,10/18/2019 13:00,30,TRAFFIC SIGNAL,FUNCTIONING PROPERLY,CLEAR,DAYLIGHT,REAR END,UNKNOWN,,STRAIGHT AND LEVEL,DRY,OTHER,,NO INJURY / DRIVE AWAY,,,Y,"$501 - $1,500",10/18/2019 15:45,UNABLE TO DETERMINE,NOT APPLICABLE,12001,S,HALSTED ST,523,,,,,,,2,NO INDICATION OF INJURY,0,0,0,0,0,2,0,13,6,10,41.67590207,-87.64169805,POINT (-87.641698046282 41.675902066048)
50ea0445b134ec643353d16a1486afbb8b2a294e4cff996680b78e844c26d90fc64a00cf5a9dd8f593bc48913e16ef20bddcd1b2d5462b03f952092e31a4a941,JF146791,,2/16/2022 19:00,30,TRAFFIC SIGNAL,FUNCTIONING PROPERLY,RAIN,"DARKNESS, LIGHTED ROAD",REAR END,NOT DIVIDED,,STRAIGHT AND LEVEL,DRY,NO DEFECTS,NOT ON SCENE (DESK REPORT),NO INJURY / DRIVE AWAY,,,Y,"OVER $1,500",2/16/2022 20:00,UNABLE TO DETERMINE,UNABLE TO DETERMINE,1958,W,47TH ST,924,,,,,,,3,NO INDICATION OF INJURY,0,0,0,0,0,4,0,19,4,2,41.80862046,-87.67462801,POINT (-87.674628012572 41.808620458069)
50d227975cb565603e3d3242dbdc51db4a2f86847e40779f7d0b52cfc585464e84a9544508c11f24c033fb8d034dbe3aeabd022963772a342ba048efe2f2a0f7,JF154163,,2/23/2022 22:40,35,NO CONTROLS,NO CONTROLS,CLEAR,"DARKNESS, LIGHTED ROAD",REAR END,DIVIDED - W/MEDIAN (NOT RAISED),,STRAIGHT ON HILLCREST,DRY,UNKNOWN,ON SCENE,NO INJURY / DRIVE AWAY,,,Y,"OVER $1,500",2/23/2022 23:03,IMPROPER LANE USAGE,UNABLE TO DETERMINE,4000,S,PULASKI RD,815,,,,,,,2,NO INDICATION OF INJURY,0,0,0,0,0,2,0,22,4,2,41.81905247,-87.7241127,POINT (-87.7241127025 41.819052466282)
51219ffbbe6b093c4db755664fccd87000b32c4fa987456625c59af567439d535bc341d1208bc42c081ad1d57abd61f6f99dab0bd9d0ffec52c539cfc4b9257f,JF146458,,2/16/2022 15:20,30,STOP SIGN/FLASHER,FUNCTIONING PROPERLY,CLEAR,DAYLIGHT,ANGLE,T-INTERSECTION,,STRAIGHT AND LEVEL,WET,UNKNOWN,ON SCENE,INJURY AND / OR TOW DUE TO CRASH,Y,,,"$501 - $1,500",2/16/2022 15:20,UNABLE TO DETERMINE,UNABLE TO DETERMINE,6810,S,DR MARTIN LUTHER KING JR DR,322,,,,,,,2,NONINCAPACITATING INJURY,1,0,0,1,0,7,0,15,4,2,41.77095503,-87.61554579,POINT (-87.615545787029 41.770955027204)
50f29ca736e2fa840f0735068b3cfc35c4cba00d4cb8cc47e7841ecd35e2388014f252cd4560830c462cd6dcdfba760f3511a987e7acbd81e2f43c2253fc1000,JF153966,,2/23/2022 18:23,30,NO CONTROLS,NO CONTROLS,CLEAR,"DARKNESS, LIGHTED ROAD",HEAD ON,NOT DIVIDED,,STRAIGHT AND LEVEL,DRY,NO DEFECTS,ON SCENE,INJURY AND / OR TOW DUE TO CRASH,,,,"$501 - $1,500",2/23/2022 18:23,PHYSICAL CONDITION OF DRIVER,NOT APPLICABLE,4821,W,LAKE ST,1532,,,,,,,2,INCAPACITATING INJURY,2,0,1,1,0,0,0,18,4,2,41.88657394,-87.74639503,POINT (-87.746395024734 41.886573940066)
709e8e26c32d3402505a042c991e6b7740caf37831f8598c2bd184037203e129f6b3161c87435b8ae65e2ef374c39dd8263181e37502539c638225c97b408212,JF183289,,3/22/2022 22:15,25,NO CONTROLS,NO CONTROLS,RAIN,"DARKNESS, LIGHTED ROAD",PARKED MOTOR VEHICLE,ONE-WAY,,STRAIGHT AND LEVEL,WET,NO DEFECTS,ON SCENE,INJURY AND / OR TOW DUE TO CRASH,,,,"OVER $1,500",3/22/2022 22:17,UNABLE TO DETERMINE,NOT APPLICABLE,5007,S,KILBOURN AVE,815,,,,,,,5,NO INDICATION OF INJURY,0,0,0,0,0,1,0,22,3,3,41.8019775,-87.73547696,POINT (-87.735476960019 41.801977498633)
515c0d3c658d18d18216e625ec9900baacdca6a4678f238cdd8b124fe20c0daaf1b9385a315de67098ace9ca2156788b1a2b9b384a934044241dd03f12992333,JF153329,,2/23/2022 9:00,30,NO CONTROLS,NO CONTROLS,CLEAR,DAYLIGHT,REAR TO FRONT,ONE-WAY,,STRAIGHT AND LEVEL,ICE,UNKNOWN,ON SCENE,NO INJURY / DRIVE AWAY,,,,"$501 - $1,500",2/23/2022 9:28,IMPROPER BACKING,DRIVING SKILLS/KNOWLEDGE/EXPERIENCE,4050,W,CORTLAND ST,2534,Y,,,,,,2,NO INDICATION OF INJURY,0,0,0,0,0,3,0,9,4,2,41.91542497,-87.72857474,POINT (-87.728574743259 41.915424969427)
71538f13ae85b9bd15ae48c16799505a771491c2cf56abdd268fa37e823336102a3b8442356762148c3067a53380773de3556c0bc557fd31247a39d8bdbf5f59,JF182292,,3/22/2022 7:25,25,STOP SIGN/FLASHER,OTHER,RAIN,DAYLIGHT,ANGLE,FOUR WAY,,STRAIGHT AND LEVEL,WET,NO DEFECTS,ON SCENE,INJURY AND / OR TOW DUE TO CRASH,Y,,,"OVER $1,500",3/22/2022 7:27,DRIVING SKILLS/KNOWLEDGE/EXPERIENCE,UNABLE TO DETERMINE,698,N,NOBLE ST,1215,,Y,,,,,3,NO INDICATION OF INJURY,0,0,0,0,0,3,0,7,3,3,41.8943032,-87.66250041,POINT (-87.662500406084 41.894303196702)
716389f4e54c99d9e17ce715d4d9158c43cf3b32cc53f072263335e018c2bef7ea45aa34032ebf073b3a6e6ec8d94679dc56ed1098bfeb022c748b48d71ccf75,JF182199,,3/22/2022 5:35,30,NO CONTROLS,NO CONTROLS,CLEAR,"DARKNESS, LIGHTED ROAD",SIDESWIPE SAME DIRECTION,NOT DIVIDED,,STRAIGHT AND LEVEL,DRY,NO DEFECTS,ON SCENE,NO INJURY / DRIVE AWAY,,,Y,"OVER $1,500",3/22/2022 5:35,UNABLE TO DETERMINE,NOT APPLICABLE,2360,W,47TH ST,922,,,,,,,2,NO INDICATION OF INJURY,0,0,0,0,0,2,0,5,3,3,41.80852728,-87.68390017,POINT (-87.68390017214 41.808527275574)
51eae7e8228c8c7ea96b8fce63d5bcfecfe4f9e518b5565ad7b8b3cd1c635bb5d1b8a5e7627a562da28ec31bff8dbcbfb0ff6f9a1bea86e09568e15e7b643fc9,JF153921,,2/23/2022 17:30,30,NO CONTROLS,NO CONTROLS,CLEAR,UNKNOWN,PARKED MOTOR VEHICLE,OTHER,,STRAIGHT AND LEVEL,DRY,UNKNOWN,ON SCENE,NO INJURY / DRIVE AWAY,,,Y,"OVER $1,500",2/23/2022 17:30,UNABLE TO DETERMINE,NOT APPLICABLE,7316,S,UNION AVE,732,,,,,,,2,NO INDICATION OF INJURY,0,0,0,0,0,1,0,17,4,2,41.76105711,-87.64201455,POINT (-87.642014545442 41.761057109695)
52072d28f8ce6daaa23d26f48d2db2f0d3cf786037523296e99bb422c7b8a9f0d39f1d8e8cb9514dc344f5b2d62b077c06e2e42332ddf276273c052f2a823891,JF153781,,2/23/2022 9:30,45,NO CONTROLS,NO CONTROLS,CLEAR,DAYLIGHT,SIDESWIPE SAME DIRECTION,DIVIDED - W/MEDIAN BARRIER,,STRAIGHT AND LEVEL,DRY,NO DEFECTS,NOT ON SCENE (DESK REPORT),NO INJURY / DRIVE AWAY,,,Y,"OVER $1,500",2/23/2022 16:00,IMPROPER LANE USAGE,IMPROPER LANE USAGE,2001,S,LAKE SHORE DR W,132,,,,,,,2,NO INDICATION OF INJURY,0,0,0,0,0,2,0,9,4,2,41.85561321,-87.61514926,POINT (-87.61514925993 41.855613214047)
5a8fae6f0d8a1319a6deaad50b7d499c01ce73e52934bf9c480cb16d5ec14642994ad7736e42b7346615d27311c521a1efdd796e2d6d2c4155215677bd6b3a59,JF160775,,3/2/2022 10:30,30,NO CONTROLS,NO CONTROLS,CLEAR,DAYLIGHT,SIDESWIPE SAME DIRECTION,NOT DIVIDED,,STRAIGHT AND LEVEL,DRY,NO DEFECTS,NOT ON SCENE (DESK REPORT),NO INJURY / DRIVE AWAY,,,Y,$500 OR LESS,3/2/2022 11:30,UNABLE TO DETERMINE,UNABLE TO DETERMINE,609,N,CICERO AVE,1111,,,,,,,2,NO INDICATION OF INJURY,0,0,0,0,0,2,0,10,4,3,41.89167504,-87.74554291,POINT (-87.745542906721 41.89167504418)
65bff53c5f579736e954d10b22eafc899c4707d556dc45fb22b2a64d738452d962f323efbd6ee66be7361330eb181d69c9853e8d10bfa22116834980d8d5173c,JF168407,,3/9/2022 14:00,30,NO CONTROLS,NO CONTROLS,CLEAR,DAYLIGHT,PARKED MOTOR VEHICLE,ONE-WAY,,STRAIGHT AND LEVEL,DRY,NO DEFECTS,NOT ON SCENE (DESK REPORT),NO INJURY / DRIVE AWAY,,,,"OVER $1,500",3/9/2022 16:20,UNABLE TO DETERMINE,UNABLE TO DETERMINE,2545,W,65TH ST,832,,,,,,,2,NO INDICATION OF INJURY,0,0,0,0,0,1,0,14,4,3,41.77544427,-87.6877794,POINT (-87.687779397216 41.775444273359)
52cc77939a05c7d466ce5abc47fb883e3f37d72baf4ee6a75e7ec8ac511a6160aeb6d34c6e2160125ca5b58f61716b2eadf533c727f7d12a2328b4ea45ee6d29,JF147287,,2/16/2022 17:30,0,TRAFFIC SIGNAL,UNKNOWN,UNKNOWN,DUSK,PEDESTRIAN,FOUR WAY,,STRAIGHT AND LEVEL,UNKNOWN,UNKNOWN,ON SCENE,INJURY AND / OR TOW DUE TO CRASH,Y,,Y,$500 OR LESS,2/17/2022 10:53,UNABLE TO DETERMINE,UNABLE TO DETERMINE,1000,N,CLARK ST,1824,,,,,,,2,NONINCAPACITATING INJURY,1,0,0,1,0,1,0,17,4,2,41.9006151,-87.63149875,POINT (-87.63149875311 41.900615096028)
5278eca2599b2a1af17b9ac8870c5123c7c1d0326bc0557f5036ad3aae0f8f938ebaad33c719a52011cbaae4ce4254141489781cbc5c53369632d37db21323cc,JF153933,,2/23/2022 17:54,30,NO CONTROLS,NO CONTROLS,CLEAR,"DARKNESS, LIGHTED ROAD",PARKED MOTOR VEHICLE,NOT DIVIDED,,STRAIGHT AND LEVEL,DRY,NO DEFECTS,ON SCENE,INJURY AND / OR TOW DUE TO CRASH,,,,"OVER $1,500",2/23/2022 17:57,UNABLE TO DETERMINE,NOT APPLICABLE,10708,S,TORRENCE AVE,434,,,,,,,2,NONINCAPACITATING INJURY,1,0,0,1,0,0,0,17,4,2,41.70065819,-87.55971671,POINT (-87.559716713437 41.700658184879)