CRASH_RECORD_ID,RD_NO,CRASH_DATE_EST_I,CRASH_DATE,POSTED_SPEED_LIMIT,TRAFFIC_CONTROL_DEVICE,DEVICE_CONDITION,WEATHER_CONDITION,LIGHTING_CONDITION,FIRST_CRASH_TYPE,TRAFFICWAY_TYPE,LANE_CNT,ALIGNMENT,ROADWAY_SURFACE_COND,ROAD_DEFECT,REPORT_TYPE,CRASH_TYPE,INTERSECTION_RELATED_I,NOT_RIGHT_OF_WAY_I,HIT_AND_RUN_I,DAMAGE,DATE_POLICE_NOTIFIED,PRIM_CONTRIBUTORY_CAUSE,SEC_CONTRIBUTORY_CAUSE,STREET_NO,STREET_DIRECTION,STREET_NAME,BEAT_OF_OCCURRENCE,PHOTOS_TAKEN_I,STATEMENTS_TAKEN_I,DOORING_I,WORK_ZONE_I,WORK_ZONE_TYPE,WORKERS_PRESENT_I,NUM_UNITS,MOST_SEVERE_INJURY,INJURIES_TOTAL,INJURIES_FATAL,INJURIES_INCAPACITATING,INJURIES_NON_INCAPACITATING,INJURIES_REPORTED_NOT_EVIDENT,INJURIES_NO_INDICATION,INJURIES_UNKNOWN,CRASH_HOUR,CRASH_DAY_OF_WEEK,CRASH_MONTH,LATITUDE,LONGITUDE,LOCATION
5279ea88c5d590bbaceae5c78fc8e888f49187b9cc542b3d3b5c872f32d78532007926574c328e695e4dcb45227255ab7c3a27bd28f325c7b906e193be1701d1,JF154380,,2/23/2022 20:00,30,TRAFFIC SIGNAL,FUNCTIONING PROPERLY,CLEAR,"DARKNESS, LIGHTED ROAD",REAR END,DIVIDED - W/MEDIAN (NOT RAISED),,STRAIGHT AND LEVEL,DRY,NO DEFECTS,NOT ON SCENE (DESK REPORT),NO INJURY / DRIVE AWAY,,,N,"OVER $1,500",2/24/2022 9:20,"OPERATING VEHICLE IN ERRATIC, RECKLESS, CARELESS, NEGLIGENT OR AGGRESSIVE MANNER",UNABLE TO DETERMINE,6900,S,SOUTH CHICAGO AVE,322,,,,,,,2,NO INDICATION OF INJURY,0,0,0,0,0,2,0,20,4,2,41.76925878,-87.61052286,POINT (-87.610522855327 41.769258781089)
663141e1e383d220810d6630f0c713dd9a437365bf89cd9cb7c65b049142f4bad068f2a91625cb2a199ad6492c62d485e9135f64fdfc5a3d9668b1e75cfdfdb4,JF168093,,3/9/2022 10:30,30,TRAFFIC SIGNAL,FUNCTIONING PROPERLY,CLEAR,DAYLIGHT,PEDESTRIAN,DIVIDED - W/MEDIAN (NOT RAISED),,STRAIGHT AND LEVEL,DRY,NO DEFECTS,ON SCENE,INJURY AND / OR TOW DUE TO CRASH,Y,,,$500 OR LESS,3/9/2022 10:31,UNABLE TO DETERMINE,NOT APPLICABLE,43,E,HARRISON ST,123,,,,,,,2,INCAPACITATING INJURY,1,0,1,0,0,2,0,10,4,3,41.87428689,-87.62655958,POINT (-87.626559580071 41.874286886292)
530e4e6168b2264abe4d82b5decf53718089f274dd59fb34ea518245b915b68749dd36828d6d93c0bfed7a969189ce9062c32bcaec187a6a943cc7078f380b4b,JF153606,,2/23/2022 9:00,20,STOP SIGN/FLASHER,FUNCTIONING PROPERLY,RAIN,DAYLIGHT,PARKED MOTOR VEHICLE,UNKNOWN INTERSECTION TYPE,,STRAIGHT AND LEVEL,WET,UNKNOWN,NOT ON SCENE (DESK REPORT),NO INJURY / DRIVE AWAY,Y,,Y,"OVER $1,500",2/23/2022 13:30,UNABLE TO DETERMINE,NOT APPLICABLE,2200,W,WABANSIA AVE,1434,Y,,,,,,2,NO INDICATION OF INJURY,0,0,0,0,0,1,0,9,4,2,41.91275909,-87.68266067,POINT (-87.682660674243 41.912759086099)
5c3ca92a1ca7b9afa5cb26d1afe7548db30f6639ba154e4f372e7683b98a8889adaf10e81269d1bbbd6698092c0d3b99263df75640a59bbcd7dc85f4e943dd4a,JF160848,Y,3/2/2022 10:00,30,STOP SIGN/FLASHER,UNKNOWN,UNKNOWN,UNKNOWN,PARKED MOTOR VEHICLE,NOT DIVIDED,,STRAIGHT AND LEVEL,UNKNOWN,NO DEFECTS,ON SCENE,NO INJURY / DRIVE AWAY,,,Y,"OVER $1,500",3/2/2022 10:57,UNABLE TO DETERMINE,UNABLE TO DETERMINE,2200,N,SPRINGFIELD AVE,2525,,,,,,,2,NO INDICATION OF INJURY,0,0,0,0,0,1,0,10,4,3,41.92094026,-87.72436915,POINT (-87.724369153623 41.92094026036)
53d5316cbe439062f26c721fcca2f5a1b316ad3e3a2cfbdeafafd10f487aff80120d12278ac2565f6a685fd09fc1204173e3febaa63e9245ba6fc946f7eccb76,JF146561,,2/16/2022 15:57,30,NO CONTROLS,NO CONTROLS,RAIN,DAYLIGHT,REAR END,NOT DIVIDED,,STRAIGHT AND LEVEL,WET,NO DEFECTS,ON SCENE,INJURY AND / OR TOW DUE TO CRASH,,,,"OVER $1,500",2/16/2022 16:07,FOLLOWING TOO CLOSELY,FAILING TO REDUCE SPEED TO AVOID CRASH,5859,W,IRVING PARK RD,1633,,,,,,,2,NO INDICATION OF INJURY,0,0,0,0,0,2,0,15,4,2,41.95297726,-87.77426498,POINT (-87.774264975202 41.952977257066)
629107f85cde664d2bf8faad52622f53c295ebefe442c96dd581cecec80ef589624eb9ae31d9476d3c62486b1fde8d857538907dae4c743c28297afb7f911b0a,JF176044,,3/16/2022 15:50,30,NO CONTROLS,NO CONTROLS,CLEAR,DAYLIGHT,SIDESWIPE SAME DIRECTION,NOT DIVIDED,,STRAIGHT AND LEVEL,DRY,NO DEFECTS,ON SCENE,NO INJURY / DRIVE AWAY,,,,"OVER $1,500",3/16/2022 16:04,FAILING TO REDUCE SPEED TO AVOID CRASH,NOT APPLICABLE,1454,E,HYDE PARK BLVD,222,,,,,,,2,NO INDICATION OF INJURY,0,0,0,0,0,2,0,15,4,3,41.80255795,-87.58965975,POINT (-87.589659749697 41.802557953985)
5d3c0959ef23d2f58d39078cba328a79895953ae87a111349226de18722bc3bf03f2f2ea298f9aed1776f860ce0c8d2f8f92412bf98d978db84e33ab5f41aa6e,JF161429,,3/2/2022 21:40,35,OTHER WARNING SIGN,FUNCTIONING PROPERLY,CLEAR,"DARKNESS, LIGHTED ROAD",TURNING,T-INTERSECTION,,STRAIGHT AND LEVEL,DRY,OTHER,ON SCENE,INJURY AND / OR TOW DUE TO CRASH,,,,"OVER $1,500",3/2/2022 21:43,DRIVING SKILLS/KNOWLEDGE/EXPERIENCE,"VISION OBSCURED (SIGNS, TREE LIMBS, BUILDINGS, ETC.)",3023,W,ARMITAGE AVE,1421,,,,,,,2,"REPORTED, NOT EVIDENT",2,0,0,0,2,0,0,21,4,3,41.91732241,-87.70339904,POINT (-87.703399044341 41.917322407487)
5d641d8eac7c01643782f7ca6c66a5f7939f20e63f74541aaced3e69725b9b3c8c5c542db7931e33d16737f63d45ad45c6f0883ca1f055235b3c22565322ea00,JF161407,,3/2/2022 21:21,30,TRAFFIC SIGNAL,FUNCTIONING PROPERLY,CLEAR,"DARKNESS, LIGHTED ROAD",ANGLE,NOT DIVIDED,,STRAIGHT AND LEVEL,DRY,UNKNOWN,ON SCENE,INJURY AND / OR TOW DUE TO CRASH,,,,"OVER $1,500",3/2/2022 21:41,DISREGARDING OTHER TRAFFIC SIGNS,FAILING TO YIELD RIGHT-OF-WAY,1001,S,DESPLAINES ST,124,,,,,,,2,NO INDICATION OF INJURY,0,0,0,0,0,3,0,21,4,3,41.86966096,-87.64359229,POINT (-87.643592294055 41.869660962978)
547051323988a96917f2013f0ff3a8c33147143c3ccda1e79752f34efdabe0635f148408f44c984708fd8666575b33bff5590692cd5263570881b3c5381a8d95,JF153594,,2/23/2022 12:54,35,TRAFFIC SIGNAL,FUNCTIONING PROPERLY,CLEAR,DAYLIGHT,REAR END,FOUR WAY,,STRAIGHT AND LEVEL,WET,NO DEFECTS,ON SCENE,INJURY AND / OR TOW DUE TO CRASH,Y,,Y,"OVER $1,500",2/23/2022 13:28,UNABLE TO DETERMINE,UNABLE TO DETERMINE,8659,S,KEDZIE AVE,835,,,,,,,2,NO INDICATION OF INJURY,0,0,0,0,0,2,0,12,4,2,41.73526415,-87.70193567,POINT (-87.701935668611 41.73526415296)
54de6f300b089fe94d380872931dffa9b6a59c1d6cd0cf7e08ac34aa5732f00d33c6d66a95be4fb2dbcd7e8b1d3f81fe572a7e073063d99a35d8bb27ba0043b6,JF153348,,2/23/2022 8:44,30,NO CONTROLS,NO CONTROLS,CLEAR,DAYLIGHT,SIDESWIPE SAME DIRECTION,NOT DIVIDED,,STRAIGHT AND LEVEL,DRY,NO DEFECTS,ON SCENE,NO INJURY / DRIVE AWAY,,,,$500 OR LESS,2/23/2022 9:49,NOT APPLICABLE,NOT APPLICABLE,2388,N,HALSTED ST,1812,,,,,,,2,NO INDICATION OF INJURY,0,0,0,0,0,2,0,8,4,2,41.92535959,-87.6489048,POINT (-87.648904798581 41.925359592529)
62ea2810c4ce96ff775dec9a0f1fffa12a123a5e0d826fe9fe61d5c3b18930a25840a038cbede22d0d5c499c5ffce1df976224354b6217bb0d639319faee9365,JE256211,,6/6/2021 18:57,30,NO CONTROLS,NO CONTROLS,CLEAR,DAYLIGHT,PEDESTRIAN,PARKING LOT,,STRAIGHT AND LEVEL,DRY,UNKNOWN,,INJURY AND / OR TOW DUE TO CRASH,,,,$500 OR LESS,6/6/2021 19:04,DISTRACTION - FROM OUTSIDE VEHICLE,DISTRACTION - FROM OUTSIDE VEHICLE,5130,W,JACKSON BLVD,1533,,,,,,,2,NONINCAPACITATING INJURY,1,0,0,1,0,2,0,18,1,6,41.87677136,-87.75477137,POINT (-87.754771364685 41.876771359965)
74c5e7585bf9c06ed8ae85bea2d38565d19b335e622bcd14ea04eaa5f40caeef7096c4fcae96821399bcb38835e41d58ff9ff504aba4964abd3fcc16b29ee09a,JE418839,,10/22/2021 16:21,30,NO CONTROLS,NO CONTROLS,CLEAR,DAYLIGHT,REAR END,NOT DIVIDED,,STRAIGHT AND LEVEL,DRY,NO DEFECTS,,INJURY AND / OR TOW DUE TO CRASH,,,,"OVER $1,500",10/22/2021 16:22,FAILING TO REDUCE SPEED TO AVOID CRASH,FOLLOWING TOO CLOSELY,6955,N,SHERIDAN RD,2431,,,,,,,3,NONINCAPACITATING INJURY,1,0,0,1,0,3,0,16,6,10,42.00836642,-87.66166788,POINT (-87.661667883566 42.008366416618)
5e243809a136a7cf4b043b8d439795d0e3c902041f4b0e49af0c3adc9ecf163922f4772a966fa8f5475725457945e62caca6c942d0713ae572494fa8d57ff1a4,JF160882,,3/2/2022 12:38,30,TRAFFIC SIGNAL,FUNCTIONING PROPERLY,CLEAR,DAYLIGHT,PEDESTRIAN,NOT DIVIDED,,STRAIGHT AND LEVEL,DRY,NO DEFECTS,ON SCENE,NO INJURY / DRIVE AWAY,Y,,,$500 OR LESS,3/2/2022 12:51,FAILING TO YIELD RIGHT-OF-WAY,NOT APPLICABLE,5598,N,CLARK ST,2012,,,,,,,2,NO INDICATION OF INJURY,0,0,0,0,0,2,0,12,4,3,41.98342527,-87.66889261,POINT (-87.668892607339 41.983425266971)
55436c52938d1543ff9ae8310c258dc5db3671ee38a6f5e43ff1e7f08df068a5ef55c08212973a55561a5401d05c552e6607a3e79d16fbe00e9e7a10c958ba9c,JF155889,,2/23/2022 13:00,30,NO CONTROLS,NO CONTROLS,CLEAR,DAYLIGHT,PARKED MOTOR VEHICLE,NOT DIVIDED,,STRAIGHT AND LEVEL,DRY,NO DEFECTS,NOT ON SCENE (DESK REPORT),NO INJURY / DRIVE AWAY,,,Y,"OVER $1,500",2/25/2022 15:30,UNABLE TO DETERMINE,UNABLE TO DETERMINE,5626,S,WABASH AVE,225,,,,,,,2,NO INDICATION OF INJURY,0,0,0,0,0,1,0,13,4,2,41.79204274,-87.62416494,POINT (-87.624164934943 41.792042744344)
5eb3622e06acd28ae29a26828aca9d4a5227226976372c2ee42223d564251b5f8f107904831c5861b92b2d0ff4e346aab390cac624b32805783139ba88987cc7,JF160554,,3/2/2022 7:10,30,FLASHING CONTROL SIGNAL,FUNCTIONING PROPERLY,CLEAR,DAYLIGHT,REAR END,NOT DIVIDED,,STRAIGHT AND LEVEL,DRY,NO DEFECTS,ON SCENE,NO INJURY / DRIVE AWAY,Y,,,"$501 - $1,500",3/2/2022 7:10,RELATED TO BUS STOP,DRIVING SKILLS/KNOWLEDGE/EXPERIENCE,5505,S,PULASKI RD,822,,,,,,,2,NO INDICATION OF INJURY,0,0,0,0,0,2,0,7,4,3,41.79302219,-87.7230052,POINT (-87.72300520254 41.79302219173)
5e20c92c2f6722aad9e0ec57af9c2b44eb53a0fc2ac5c82c717f44cba0774793948ea3c5f04d3f65c58a537643815a188ce50a5bc8d1f947e8ce292d1ba32350,JD291060,,7/8/2020 23:53,30,TRAFFIC SIGNAL,FUNCTIONING PROPERLY,CLEAR,DARKNESS,HEAD ON,NOT DIVIDED,,STRAIGHT AND LEVEL,DRY,NO DEFECTS,,NO INJURY / DRIVE AWAY,N,,,"OVER $1,500",7/9/2020 1:10,UNABLE TO DETERMINE,NOT APPLICABLE,999,W,71ST ST,733,,,,,,,2,NO INDICATION OF INJURY,0,0,0,0,0,6,0,23,4,7,41.76501925,-87.64920295,POINT (-87.649202952606 41.765019253885)
637ca05b799d781de622d8672eb050811c343536784b30f4a3121cde88e59eb95d7722961e24a8972d48b591e50fd3dad71edf47b2a7c8a2aaaf79884f437264,JE250908,,6/2/2021 10:30,35,TRAFFIC SIGNAL,FUNCTIONING PROPERLY,CLEAR,DAYLIGHT,TURNING,DIVIDED - W/MEDIAN (NOT RAISED),,STRAIGHT AND LEVEL,DRY,NO DEFECTS,,INJURY AND / OR TOW DUE TO CRASH,Y,,,"OVER $1,500",6/2/2021 10:35,FAILING TO YIELD RIGHT-OF-WAY,UNABLE TO DETERMINE,800,E,76TH ST,624,,,,,,,2,NO INDICATION OF INJURY,0,0,0,0,0,2,0,10,4,6,41.7568689,-87.60528566,POINT (-87.605285657641 41.75686889637)
637e42d03fae19083e46d6a35723c6b4d431bfe19bc62b81496c45b9353ca98b1ca1ec603d4d82b6da535a63f5fd77c852ce5b21ea9376dbcee785dae40ae0f2,JE494304,,12/31/2021 19:45,30,STOP SIGN/FLASHER,FUNCTIONING PROPERLY,CLEAR,"DARKNESS, LIGHTED ROAD",SIDESWIPE SAME DIRECTION,DIVIDED - W/MEDIAN (NOT RAISED),,STRAIGHT AND LEVEL,DRY,NO DEFECTS,,NO INJURY / DRIVE AWAY,,,,"OVER $1,500",12/31/2021 19:53,UNABLE TO DETERMINE,NOT APPLICABLE,2090,S,INDIANA AVE,132,,,,,,,2,NO INDICATION OF INJURY,0,0,0,0,0,2,0,19,6,12,41.85436744,-87.62240305,POINT (-87.622403046779 41.854367442165)
56ce617f51e7a38b0057e1a66ca348248e2eada44745e972b79ead494886750acdfdbb459ec0e885e7e2ab384eda932606681ee92e1486b7e7be900f3965b32c,JF146193,,2/16/2022 9:00,30,NO CONTROLS,NO CONTROLS,CLEAR,DAYLIGHT,PARKED MOTOR VEHICLE,ONE-WAY,,STRAIGHT AND LEVEL,DRY,NO DEFECTS,NOT ON SCENE (DESK REPORT),NO INJURY / DRIVE AWAY,,,Y,"OVER $1,500",2/16/2022 12:00,UNABLE TO DETERMINE,UNABLE TO DETERMINE,6418,N,RICHMOND ST,2412,,,,,,,2,NO INDICATION OF INJURY,0,0,0,0,0,1,0,9,4,2,41.99809397,-87.70347386,POINT (-87.703473864494 41.998093972974)
5f3b30b8644ea7147ea0a269c61726783292a312c599d3cb0a0861ebb018adb99c4d90a2c4d89312f0a6ec18e627b010cd3e638087ed4d91adf1ef496297142d,JF161835,Y,3/2/2022 20:30,30,NO CONTROLS,NO CONTROLS,UNKNOWN,UNKNOWN,PARKED MOTOR VEHICLE,ONE-WAY,,STRAIGHT AND LEVEL,UNKNOWN,UNKNOWN,NOT ON SCENE (DESK REPORT),NO INJURY / DRIVE AWAY,,,Y,$500 OR LESS,3/3/2022 11:25,UNABLE TO DETERMINE,UNABLE TO DETERMINE,5922,N,CHRISTIANA AVE,1711,,,,,,,2,NO INDICATION OF INJURY,0,0,0,0,0,1,0,20,4,3,41.98920109,-87.71287265,POINT (-87.712872654476 41.989201091204)
5767084162ef6fe88264b7536b41c9327a21070f6ebd335cdc42cf232792358f5e0ed0f8887d9d40b29ae1728987073e6cf54d3528061cd2601acf925c08eacb,JF146563,,2/16/2022 14:40,30,TRAFFIC SIGNAL,FUNCTIONING PROPERLY,CLOUDY/OVERCAST,DAYLIGHT,ANGLE,FOUR WAY,,STRAIGHT AND LEVEL,WET,NO DEFECTS,ON SCENE,INJURY AND / OR TOW DUE TO CRASH,Y,,,"OVER $1,500",2/16/2022 14:45,DISREGARDING TRAFFIC SIGNALS,NOT APPLICABLE,100,N,WESTERN AVE,1222,,,,,,,2,NO INDICATION OF INJURY,0,0,0,0,0,3,0,14,4,2,41.88303658,-87.68663247,POINT (-87.686632468607 41.883036575386)
56a7b6633ff3b28e4ad26db1ae299d51ce244ccf2f7451da206cbd23b3ac4844949ca09b796da7d1f3ac5c1325b3620647a82abacba2aae6245872e6aae06f4b,JF153249,,2/23/2022 7:59,30,STOP SIGN/FLASHER,FUNCTIONING PROPERLY,OTHER,DAYLIGHT,REAR END,NOT DIVIDED,,STRAIGHT AND LEVEL,ICE,UNKNOWN,ON SCENE,INJURY AND / OR TOW DUE TO CRASH,Y,,Y,"OVER $1,500",2/23/2022 8:20,ROAD ENGINEERING/SURFACE/MARKING DEFECTS,WEATHER,4401,W,BELMONT AVE,2523,,,,,,,4,NO INDICATION OF INJURY,0,0,0,0,0,6,0,7,4,2,41.93885091,-87.73709253,POINT (-87.737092526384 41.938850913532)
5efeb70c20305e21adea4a819c0ed01f22489ed70fefb259c653d2df35b697efb47be330750d2040cd146d33a242b0af988e04d68a6f9f8248a47c7c7b2a0695,JE194411,,4/8/2021 14:58,30,NO CONTROLS,NO CONTROLS,RAIN,DAYLIGHT,TURNING,NOT DIVIDED,,STRAIGHT AND LEVEL,WET,UNKNOWN,,NO INJURY / DRIVE AWAY,,,,"$501 - $1,500",4/9/2021 14:58,FAILING TO YIELD RIGHT-OF-WAY,FAILING TO YIELD RIGHT-OF-WAY,2547,S,SAWYER AVE,1024,,,,,,,2,NO INDICATION OF INJURY,0,0,0,0,0,2,0,14,5,4,41.8449308,-87.7061224,POINT (-87.706122401779 41.844930798237)
639d6ade0c0d307f98705cf41e124e7ef82b5a4e353d9aca57bf209c4be24e8291ea1706435acbed77271fc9decce7f2434f71795bbedacc467148f92d9195a9,JE246819,,5/29/2021 13:39,30,NO CONTROLS,NO CONTROLS,CLEAR,DAYLIGHT,PARKED MOTOR VEHICLE,NOT DIVIDED,,STRAIGHT AND LEVEL,DRY,NO DEFECTS,,INJURY AND / OR TOW DUE TO CRASH,Y,,,"OVER $1,500",5/29/2021 14:01,CELL PHONE USE OTHER THAN TEXTING,UNABLE TO DETERMINE,5324,S,COTTAGE GROVE AVE,233,,,,,,,3,NO INDICATION OF INJURY,0,0,0,0,0,1,0,13,7,5,41.7978674,-87.60644831,POINT (-87.606448313738 41.797867395455)
58125c80cf0d301904a755938070dbaa02951ef39a333c0824365ed5c9cc2c8defa834fd1c07d390003008d6efdee3916778483ec0269e4a0a514419bd1ad4a9,JF146797,,2/16/2022 19:30,25,NO CONTROLS,NO CONTROLS,RAIN,"DARKNESS, LIGHTED ROAD",SIDESWIPE SAME DIRECTION,ONE-WAY,,STRAIGHT AND LEVEL,WET,NO DEFECTS,NOT ON SCENE (DESK REPORT),NO INJURY / DRIVE AWAY,,,,"OVER $1,500",2/16/2022 20:00,UNABLE TO DETERMINE,NOT APPLICABLE,1705,N,MOODY AVE,2513,,,,,,,2,NO INDICATION OF INJURY,0,0,0,0,0,4,0,19,4,2,41.91124425,-87.77878785,POINT (-87.778787853106 41.911244254312)
64087019e11df886e169a387eb75ce039d5e393678195c6772ad92f49aa54fc344c3d0bc0cb5649aea44a78078362c293db31251ddea11bcff55b66c69de525e,JD403754,,10/18/2020 22:07,30,TRAFFIC SIGNAL,FUNCTIONING PROPERLY,CLEAR,"DARKNESS, LIGHTED ROAD",REAR END,NOT DIVIDED,,STRAIGHT AND LEVEL,DRY,NO DEFECTS,,NO INJURY / DRIVE AWAY,Y,,Y,"OVER $1,500",10/18/2020 23:00,FOLLOWING TOO CLOSELY,UNABLE TO DETERMINE,4282,S,ARCHER AVE,921,,,,,,,2,NO INDICATION OF INJURY,0,0,0,0,0,2,0,22,1,10,41.81561616,-87.70198943,POINT (-87.701989431932 41.815616163595)
754e4e7cc864ac0cac6ed8a2357122401a52d5dee188952da6466157fc199d8d05cfd1614da93c9e40e1b6cb0754974a852842ce0bb6481d3276e74986c64b79,JE387674,Y,9/26/2021 8:00,30,NO CONTROLS,NO CONTROLS,CLEAR,DAYLIGHT,PARKED MOTOR VEHICLE,DIVIDED - W/MEDIAN (NOT RAISED),,STRAIGHT AND LEVEL,DRY,NO DEFECTS,,NO INJURY / DRIVE AWAY,,,Y,"OVER $1,500",9/26/2021 8:25,UNABLE TO DETERMINE,NOT APPLICABLE,3720,N,HARLEM AVE,1631,,,,,,,3,NO INDICATION OF INJURY,0,0,0,0,0,1,0,8,1,9,41.94739336,-87.80722649,POINT (-87.807226489743 41.947393359084)
764af03057c1e3d17b1c19312edfe23f68770e2e436ed6faa1f9de7ad7982954c4418b40e347b249f893fd723ff06507664d5e17088337383c33fd9aa8601317,JE385727,,9/24/2021 13:00,30,NO CONTROLS,NO CONTROLS,CLEAR,DAYLIGHT,ANGLE,NOT DIVIDED,,STRAIGHT AND LEVEL,DRY,NO DEFECTS,,NO INJURY / DRIVE AWAY,,,,"$501 - $1,500",9/24/2021 14:26,NOT APPLICABLE,NOT APPLICABLE,4900,S,KEDZIE AVE,821,,,,,,,2,NO INDICATION OF INJURY,0,0,0,0,0,2,0,13,6,9,41.80432592,-87.70401264,POINT (-87.704012636283 41.804325921559)
764ebc854743f9b4b03634dae107d2bdd9944b79e783668e112c9d7664397d43cf058df2e4a851bf23a0fee2c243955365325bbc47664551f39f4f1ad77c9e2e,JF182344,,3/22/2022 8:24,30,STOP SIGN/FLASHER,FUNCTIONING PROPERLY,RAIN,DAYLIGHT,HEAD ON,NOT DIVIDED,,STRAIGHT AND LEVEL,WET,UNKNOWN,ON SCENE,INJURY AND / OR TOW DUE TO CRASH,,,,"OVER $1,500",3/22/2022 8:26,UNABLE TO DETERMINE,UNABLE TO DETERMINE,3700,N,RAVENSWOOD AVE,1922,,,,,,,2,NO INDICATION OF INJURY,0,0,0,0,0,2,0,8,3,3,41.94883777,-87.67382787,POINT (-87.673827866736 41.948837768673)
6bac1f0f68cc5a056d0fd1f282ed8e75b765c2409b4adf177868a8569c925003753751d5bcc511121a7022e781cc2ab8793cc13d9b6c8d96659fea5a8fd8c711,JF168182,,3/9/2022 11:00,30,TRAFFIC SIGNAL,FUNCTIONING PROPERLY,CLEAR,DAYLIGHT,REAR END,NOT DIVIDED,,STRAIGHT AND LEVEL,DRY,NO DEFECTS,NOT ON SCENE (DESK REPORT),NO INJURY / DRIVE AWAY,,,Y,"OVER $1,500",3/9/2022 12:35,FOLLOWING TOO CLOSELY,FAILING TO REDUCE SPEED TO AVOID CRASH,1157,N,WESTERN AVE,1212,,,,,,,2,NO INDICATION OF INJURY,0,0,0,0,0,2,0,11,4,3,41.902972,-87.68687855,POINT (-87.686878544526 41.902971997805)
768c2a5f5ad4d2fb7c4564374455f74152986a4d5a39debf3152ed27df66d2b341b5e9103bee26dffa31a254c308d7d95577df52987b7fca7e17be720904011c,JF183802,Y,3/22/2022 6:15,25,NO CONTROLS,NO CONTROLS,CLEAR,DAYLIGHT,PARKED MOTOR VEHICLE,NOT DIVIDED,,STRAIGHT AND LEVEL,DRY,NO DEFECTS,NOT ON SCENE (DESK REPORT),NO INJURY / DRIVE AWAY,,,Y,"OVER $1,500",3/23/2022 13:00,UNABLE TO DETERMINE,UNABLE TO DETERMINE,4048,W,SUNNYSIDE AVE,1722,,,,,,,2,NO INDICATION OF INJURY,0,0,0,0,0,1,0,6,3,3,41.96262158,-87.72978032,POINT (-87.729780317372 41.962621579632)
6c555fcaf454d0f2cd16d530d064d774681b067f3a5027b5a082844a60da6b702d6fae04d66c5dec11a01ad68385711cbd9cdad33da8545d79ad0efba7ece4c9,JF168162,,3/9/2022 12:00,10,NO CONTROLS,NO CONTROLS,CLEAR,"DARKNESS, LIGHTED ROAD",REAR END,PARKING LOT,,STRAIGHT ON GRADE,DRY,NO DEFECTS,NOT ON SCENE (DESK REPORT),NO INJURY / DRIVE AWAY,,,,"OVER $1,500",3/9/2022 12:10,DISTRACTION - FROM INSIDE VEHICLE,UNABLE TO DETERMINE,1620,W,HARRISON ST,1231,,,,,,,2,NO INDICATION OF INJURY,0,0,0,0,0,2,0,12,4,3,41.87429616,-87.66761281,POINT (-87.667612810518 41.8742961615)
662a4ec8b7065d6cb7e377e2265451e1cf50d6e1011818cfa2d1944680256f5b66060d5e58c85d77320e996242431fa1eb4d6421c27fb875169def23954bbe49,JF175584,,3/16/2022 8:35,25,STOP SIGN/FLASHER,FUNCTIONING PROPERLY,CLEAR,DAYLIGHT,REAR END,DIVIDED - W/MEDIAN BARRIER,,STRAIGHT AND LEVEL,DRY,NO DEFECTS,NOT ON SCENE (DESK REPORT),NO INJURY / DRIVE AWAY,Y,,,"OVER $1,500",3/16/2022 9:53,FAILING TO REDUCE SPEED TO AVOID CRASH,FOLLOWING TOO CLOSELY,7458,S,EXCHANGE AVE,334,,,,,,,2,NO INDICATION OF INJURY,0,0,0,0,0,2,0,8,4,3,41.75936915,-87.56073754,POINT (-87.560737542943 41.759369149674)
5965172e902802ce936670326b27ebc5e0d6fe0e20ad5446c0a4ed6e4ce9bb2fc132b219548f24b018c8a4e4502f63533a9c4f3af4aafd3554c30099bc76a426,JF153393,,2/23/2022 10:04,15,NO CONTROLS,NO CONTROLS,CLEAR,DAYLIGHT,PARKED MOTOR VEHICLE,NOT DIVIDED,,STRAIGHT AND LEVEL,DRY,UNKNOWN,ON SCENE,INJURY AND / OR TOW DUE TO CRASH,,,Y,"OVER $1,500",2/23/2022 10:24,FAILING TO REDUCE SPEED TO AVOID CRASH,IMPROPER LANE USAGE,4750,W,LE MOYNE ST,2533,,,,,,,2,NO INDICATION OF INJURY,0,0,0,0,0,1,0,10,4,2,41.90793556,-87.74565906,POINT (-87.745659059842 41.907935558499)
59d117c15ce85977368d31c5fd4989fb73f7d41c56a36e6f7902f07ba060265c1b526375223607b6ba573ff60c4c0caaad71b1d026d7ab8f88a7a05e5946c585,JF146872,,2/16/2022 19:24,30,STOP SIGN/FLASHER,FUNCTIONING PROPERLY,OTHER,DARKNESS,PEDALCYCLIST,DIVIDED - W/MEDIAN (NOT RAISED),,STRAIGHT AND LEVEL,WET,NO DEFECTS,ON SCENE,INJURY AND / OR TOW DUE TO CRASH,Y,,Y,"$501 - $1,500",2/16/2022 21:09,UNABLE TO DETERMINE,NOT APPLICABLE,6151,W,DIVERSEY AVE,2512,,,,,,,2,NONINCAPACITATING INJURY,1,0,0,1,0,1,0,19,4,2,41.93096628,-87.78045231,POINT (-87.780452306093 41.930966279697)
774553b1da57f7fb14d940c1f5ba136a61d01c1e5336bd16b8bc3ee5fe53a28a999687cef9b960b0886a5dc7e8d419760f30d1b9e21967d3c53ae7979dc337f6,JF183090,,3/22/2022 18:30,30,NO CONTROLS,NO CONTROLS,CLEAR,"DARKNESS, LIGHTED ROAD",SIDESWIPE SAME DIRECTION,NOT DIVIDED,,STRAIGHT AND LEVEL,DRY,NO DEFECTS,NOT ON SCENE (DESK REPORT),NO INJURY / DRIVE AWAY,,,,"OVER $1,500",3/22/2022 18:56,IMPROPER LANE USAGE,IMPROPER LANE USAGE,2800,W,79TH ST,835,,,,,,,2,NO INDICATION OF INJURY,0,0,0,0,0,2,0,18,3,3,41.75007115,-87.69390664,POINT (-87.693906641366 41.750071152029)