CRASH_RECORD_ID,RD_NO,CRASH_DATE_EST_I,CRASH_DATE,POSTED_SPEED_LIMIT,TRAFFIC_CONTROL_DEVICE,DEVICE_CONDITION,WEATHER_CONDITION,LIGHTING_CONDITION,FIRST_CRASH_TYPE,TRAFFICWAY_TYPE,LANE_CNT,ALIGNMENT,ROADWAY_SURFACE_COND,ROAD_DEFECT,REPORT_TYPE,CRASH_TYPE,INTERSECTION_RELATED_I,NOT_RIGHT_OF_WAY_I,HIT_AND_RUN_I,DAMAGE,DATE_POLICE_NOTIFIED,PRIM_CONTRIBUTORY_CAUSE,SEC_CONTRIBUTORY_CAUSE,STREET_NO,STREET_DIRECTION,STREET_NAME,BEAT_OF_OCCURRENCE,PHOTOS_TAKEN_I,STATEMENTS_TAKEN_I,DOORING_I,WORK_ZONE_I,WORK_ZONE_TYPE,WORKERS_PRESENT_I,NUM_UNITS,MOST_SEVERE_INJURY,INJURIES_TOTAL,INJURIES_FATAL,INJURIES_INCAPACITATING,INJURIES_NON_INCAPACITATING,INJURIES_REPORTED_NOT_EVIDENT,INJURIES_NO_INDICATION,INJURIES_UNKNOWN,CRASH_HOUR,CRASH_DAY_OF_WEEK,CRASH_MONTH,LATITUDE,LONGITUDE,LOCATION
59cf8d4fe0e3593c4b99aaa398c1438c4dcff809dfb575cdf2b635a3ea0b84fc74e1c5bbf1539d41643c21434494fed31e97eb4bd69c80f4a5906022341b6ac5,JF153171,,2/23/2022 6:35,25,NO CONTROLS,NO CONTROLS,CLEAR,DAYLIGHT,PARKED MOTOR VEHICLE,ONE-WAY,,STRAIGHT AND LEVEL,DRY,NO DEFECTS,ON SCENE,NO INJURY / DRIVE AWAY,,,,$500 OR LESS,2/23/2022 6:58,UNABLE TO DETERMINE,NOT APPLICABLE,2422,W,60TH ST,824,,,,,,,2,NO INDICATION OF INJURY,0,0,0,0,0,12,0,6,4,2,41.78483425,-87.68465881,POINT (-87.684658806202 41.784834248098)
668c420a3f58444bdf4373f9194e24423201c9c138c52a05d4f305a8a4a27a276ae52b9eff555784af7b4a2bfaf59616ab5ec6c4ea14e9ea702e44375d968465,JC486182,,9/29/2019 16:15,30,NO CONTROLS,NO CONTROLS,CLEAR,DAYLIGHT,FIXED OBJECT,ONE-WAY,,STRAIGHT AND LEVEL,DRY,NO DEFECTS,,NO INJURY / DRIVE AWAY,,,,$500 OR LESS,10/25/2019 16:45,NOT APPLICABLE,NOT APPLICABLE,8735,W,SUMMERDALE AVE,1614,,,,,,,1,NO INDICATION OF INJURY,0,0,0,0,0,1,0,16,1,9,41.97586686,-87.8454199,POINT (-87.845419897585 41.975866856116)
77066ed7e8925262030094888a231c700c935cba04f7570a5f85d80aee6c7eb81f4c288c2cbc4ef8cd2eb0c9350220e00c05dc0186bb20fd9d85d51d46428c90,JD258738,,6/8/2020 17:00,30,TRAFFIC SIGNAL,FUNCTIONING PROPERLY,CLEAR,DAYLIGHT,SIDESWIPE SAME DIRECTION,CENTER TURN LANE,,STRAIGHT AND LEVEL,DRY,NO DEFECTS,,NO INJURY / DRIVE AWAY,,,,"$501 - $1,500",6/9/2020 13:20,IMPROPER OVERTAKING/PASSING,UNABLE TO DETERMINE,9831,S,WESTERN AVE,2213,,,,,,,2,NO INDICATION OF INJURY,0,0,0,0,0,3,0,17,2,6,41.71455447,-87.6817206,POINT (-87.681720596489 41.714554470687)
67474a4360060257675edab8a0389b87d7d4a137608b43737288a317df531b72e0ff78e6d24f1e08d0f72a2d726b45cd6dd01fd07b0aae9eb02a3664ebb06b2f,JF175541,,3/16/2022 8:30,35,NO CONTROLS,NO CONTROLS,CLEAR,DAYLIGHT,TURNING,NOT DIVIDED,,STRAIGHT AND LEVEL,DRY,NO DEFECTS,NOT ON SCENE (DESK REPORT),NO INJURY / DRIVE AWAY,,,,"$501 - $1,500",3/16/2022 9:00,UNABLE TO DETERMINE,UNABLE TO DETERMINE,3835,N,ELSTON AVE,1732,,,,,,,2,NO INDICATION OF INJURY,0,0,0,0,0,2,0,8,4,3,41.95108053,-87.71512272,POINT (-87.715122722684 41.951080528312)
674c98f4cb867044e8a16ff09e6190765b90f7c752c52ef6f94c683bef17783d48ec97dca76c27cde5ddc562301594fefed90f82511635a9f424f33e11af25b4,JF175599,,3/16/2022 9:50,35,NO CONTROLS,NO CONTROLS,CLEAR,DAYLIGHT,FIXED OBJECT,DIVIDED - W/MEDIAN (NOT RAISED),,STRAIGHT AND LEVEL,DRY,NO DEFECTS,ON SCENE,INJURY AND / OR TOW DUE TO CRASH,,,,"OVER $1,500",3/16/2022 9:58,IMPROPER OVERTAKING/PASSING,FAILING TO YIELD RIGHT-OF-WAY,300,E,130TH ST,533,,,,,,,2,NONINCAPACITATING INJURY,3,0,0,1,2,2,0,9,4,3,41.65828512,-87.61499576,POINT (-87.614995762182 41.658285115546)
5a04da50333d091e7514d02f4e4c6898a9533eb824c04b95adfcc21668b79c7da1e7ff7dfe46453a7db9f1a3056a18f44c1620988397578055babef7ddfeb442,JF158699,,2/23/2022 19:15,30,TRAFFIC SIGNAL,FUNCTIONING PROPERLY,UNKNOWN,UNKNOWN,TURNING,UNKNOWN INTERSECTION TYPE,,STRAIGHT AND LEVEL,UNKNOWN,UNKNOWN,NOT ON SCENE (DESK REPORT),NO INJURY / DRIVE AWAY,Y,,,"$501 - $1,500",2/28/2022 14:05,FAILING TO REDUCE SPEED TO AVOID CRASH,UNABLE TO DETERMINE,300,W,WACKER DR,122,,,,,,,2,NO INDICATION OF INJURY,0,0,0,0,0,2,0,19,4,2,41.88688546,-87.63562182,POINT (-87.635621824237 41.886885456143)
70028747551ddac15012a606e31d5d085964ba8991c1a0e1f64b6583cc14e7f00a4f05ba3c4d1d1441385300b49980cdd8a5b7b1ca3d8d28d1c6b8c5e3605a85,JF168638,,3/9/2022 18:26,30,NO CONTROLS,NO CONTROLS,CLEAR,DARKNESS,PARKED MOTOR VEHICLE,NOT DIVIDED,,STRAIGHT AND LEVEL,DRY,NO DEFECTS,ON SCENE,NO INJURY / DRIVE AWAY,,,,"OVER $1,500",3/9/2022 18:27,PHYSICAL CONDITION OF DRIVER,FAILING TO REDUCE SPEED TO AVOID CRASH,531,S,HOMAN AVE,1134,,,,,,,2,NO INDICATION OF INJURY,0,0,0,0,0,4,0,18,4,3,41.87428017,-87.71065691,POINT (-87.710656910582 41.874280172128)
70b53eddd0e76e3a46dcfb2a93356d6d4da9eb77be6384179a3c0d2c240f40fd91d4ca8f449dc980e26d3e7ad4646bf8732a286c0a42bddb41128c87eeea07fc,JF168079,,3/9/2022 10:15,35,TRAFFIC SIGNAL,FUNCTIONING PROPERLY,CLEAR,DAYLIGHT,REAR END,FOUR WAY,,STRAIGHT ON GRADE,DRY,UNKNOWN,NOT ON SCENE (DESK REPORT),INJURY AND / OR TOW DUE TO CRASH,Y,,,"OVER $1,500",3/9/2022 10:35,UNABLE TO DETERMINE,UNABLE TO DETERMINE,6550,N,SHERIDAN RD,2432,,,,,,,2,NONINCAPACITATING INJURY,1,0,0,1,0,1,0,10,4,3,42.00162445,-87.66089553,POINT (-87.660895530051 42.001624450693)
6f45d3dc13fce7986a7a566af6df8d4afe07169ed83c10ee8bc3c4aed2ea9b708397890e4abe64c9aebc254f589b35f148204bd647de729a3d72600ae3cf20a9,JE414173,Y,10/18/2021 14:00,30,TRAFFIC SIGNAL,UNKNOWN,UNKNOWN,UNKNOWN,TURNING,UNKNOWN,,STRAIGHT AND LEVEL,UNKNOWN,UNKNOWN,,NO INJURY / DRIVE AWAY,Y,,,"OVER $1,500",10/18/2021 14:05,UNABLE TO DETERMINE,UNABLE TO DETERMINE,8700,S,STATE ST,632,,,,,,,2,NO INDICATION OF INJURY,0,0,0,0,0,2,0,14,2,10,41.73620947,-87.62430552,POINT (-87.624305519124 41.736209469449)
77910c79c1abeafef722172e658a6289a00478941545e86fa12fc97faef47abaa3b62623010eb63376077257697d3e06f21b7dbf20cc1e54e9b9d5da1ebb2548,JD373514,,9/20/2020 8:30,30,NO CONTROLS,NO CONTROLS,CLEAR,DAYLIGHT,PARKED MOTOR VEHICLE,ONE-WAY,,STRAIGHT AND LEVEL,UNKNOWN,UNKNOWN,,NO INJURY / DRIVE AWAY,,,Y,"OVER $1,500",9/20/2020 15:26,IMPROPER OVERTAKING/PASSING,UNABLE TO DETERMINE,544,W,BRIAR PL,1934,,,,,,,4,NO INDICATION OF INJURY,0,0,0,0,0,1,0,8,1,9,41.93880848,-87.64370969,POINT (-87.643709694097 41.938808483858)
5a924148c56bb2a1925ef48ad128f7deabcd4b456205264c9dc1939026be0b940a9d2f3477723c0ee4a73544a8bb55a1425c4f4a0dd8c6fec699f35abb78cc8b,JF146576,Y,2/16/2022 16:54,30,TRAFFIC SIGNAL,FUNCTIONING PROPERLY,CLEAR,"DARKNESS, LIGHTED ROAD",TURNING,UNKNOWN INTERSECTION TYPE,,STRAIGHT AND LEVEL,DRY,NO DEFECTS,ON SCENE,NO INJURY / DRIVE AWAY,Y,,,"$501 - $1,500",2/16/2022 17:03,IMPROPER LANE USAGE,NOT APPLICABLE,5322,W,LAWRENCE AVE,1623,,,,,,,2,NO INDICATION OF INJURY,0,0,0,0,0,3,0,16,4,2,41.96798107,-87.76039998,POINT (-87.760399980257 41.967981069809)
719c7a2db2e359501fdde4c4fe71658e26d3351a4a7bca4d73c453629ae390a7e9b0a905086570adc4291a82e855d983cbbf324458db84e5dbeec949a73bf9af,JF168485,,3/9/2022 16:20,25,UNKNOWN,UNKNOWN,CLEAR,DAYLIGHT,ANGLE,NOT DIVIDED,,STRAIGHT AND LEVEL,UNKNOWN,UNKNOWN,NOT ON SCENE (DESK REPORT),NO INJURY / DRIVE AWAY,,,Y,"OVER $1,500",3/9/2022 17:00,UNABLE TO DETERMINE,UNABLE TO DETERMINE,6431,N,NORTHWEST HWY,1611,,,,,,,2,NO INDICATION OF INJURY,0,0,0,0,0,2,0,16,4,3,41.99766167,-87.80770356,POINT (-87.807703557117 41.99766167206)
5abb8c4aa73bf94c7c8d3f972c5404e4286531adb271d91983febca88efeefa5e39f9f4e9e0640aa41f9ac73dad771784a1f22eba67f7c69dbd914857b0b48dd,JF146916,Y,2/16/2022 4:00,20,UNKNOWN,UNKNOWN,UNKNOWN,UNKNOWN,SIDESWIPE SAME DIRECTION,ONE-WAY,,STRAIGHT AND LEVEL,UNKNOWN,UNKNOWN,NOT ON SCENE (DESK REPORT),INJURY AND / OR TOW DUE TO CRASH,,,,"OVER $1,500",2/16/2022 23:00,UNABLE TO DETERMINE,UNABLE TO DETERMINE,747,N,LAWNDALE AVE,1112,,,,,,,2,NONINCAPACITATING INJURY,4,0,0,4,0,1,0,4,4,2,41.89505277,-87.71859453,POINT (-87.718594530696 41.895052765907)
5b211e08eb7fe76721ae165145f53f401210ef18d3af7ee9e155f59baccd6925628570338e21da63386b2e162a05376086f4f4ecbb5c2002e650516edd24ba57,JF147441,,2/16/2022 14:45,25,NO CONTROLS,NO CONTROLS,CLEAR,DAYLIGHT,PARKED MOTOR VEHICLE,ONE-WAY,,STRAIGHT ON GRADE,DRY,NO DEFECTS,NOT ON SCENE (DESK REPORT),INJURY AND / OR TOW DUE TO CRASH,,,,"OVER $1,500",2/17/2022 13:30,DISTRACTION - FROM INSIDE VEHICLE,NOT APPLICABLE,1923,W,101ST PL,2213,,,,,,,2,NONINCAPACITATING INJURY,1,0,0,1,0,1,0,14,4,2,41.70889106,-87.67093071,POINT (-87.6709307106 41.70889105832)
6393b5935266975d59308f214e4b9b07f6a641c3f7809c803dafcf1e9375d9033430d23832c1a271be65ab145b1bd98037bb52bf348ada7fe0c58d4219f8ed1f,JE380923,,9/18/2021 20:02,30,NO CONTROLS,NO CONTROLS,CLEAR,"DARKNESS, LIGHTED ROAD",PEDALCYCLIST,NOT DIVIDED,,STRAIGHT AND LEVEL,DRY,NO DEFECTS,,INJURY AND / OR TOW DUE TO CRASH,,,Y,$500 OR LESS,9/20/2021 15:20,UNABLE TO DETERMINE,NOT APPLICABLE,45,E,CHICAGO AVE,1833,,,Y,,,,2,"REPORTED, NOT EVIDENT",1,0,0,0,1,1,0,20,7,9,41.89659144,-87.62646711,POINT (-87.626467110625 41.896591441537)
6751d9021676afa384dcf3f391d32ba272ace65f5dc41b050c9aaf714602c0dbd1bc8d2aa5aabc6f249bb9aa210a8f14eb3bb6c7b2ffee25aebe295934ef37c4,JC561116,,12/26/2019 17:51,35,STOP SIGN/FLASHER,FUNCTIONING PROPERLY,CLEAR,"DARKNESS, LIGHTED ROAD",TURNING,NOT DIVIDED,,STRAIGHT AND LEVEL,DRY,NO DEFECTS,,INJURY AND / OR TOW DUE TO CRASH,Y,,Y,"OVER $1,500",12/26/2019 18:05,FAILING TO YIELD RIGHT-OF-WAY,NOT APPLICABLE,13500,S,BRAINARD AVE,433,,,,,,,2,NONINCAPACITATING INJURY,1,0,0,1,0,1,0,17,5,12,41.64934209,-87.54723388,POINT (-87.54723387685 41.649342086124)
5b402073e34eab47f262e0a7353a3ab72a593c552cdc4e7e1b9b32197267f2de1d9077296eb60cb29bddf8f74bd9701b1f87c3e487541fedac2ba13288d8efae,JF146725,,2/16/2022 16:30,30,NO CONTROLS,UNKNOWN,UNKNOWN,DARKNESS,PARKED MOTOR VEHICLE,ONE-WAY,,STRAIGHT AND LEVEL,UNKNOWN,UNKNOWN,NOT ON SCENE (DESK REPORT),NO INJURY / DRIVE AWAY,,,,"OVER $1,500",2/16/2022 19:02,UNABLE TO DETERMINE,UNABLE TO DETERMINE,6108,S,EVANS AVE,313,,,N,,,,2,NO INDICATION OF INJURY,0,0,0,0,0,2,0,16,4,2,41.78371403,-87.60740551,POINT (-87.607405511025 41.783714029258)
6777bb5ef0358885d92345548aa5810a10db8e9dde9b720116f12b1a0ab674e488611b68c330610e4792f91ec7fac11113ed1c46563bfb24dffa0624f921e404,JE260697,,6/10/2021 11:30,30,NO CONTROLS,UNKNOWN,CLEAR,DAYLIGHT,PEDESTRIAN,NOT DIVIDED,,STRAIGHT AND LEVEL,DRY,NO DEFECTS,,INJURY AND / OR TOW DUE TO CRASH,,,Y,"OVER $1,500",6/10/2021 11:38,FAILING TO REDUCE SPEED TO AVOID CRASH,NOT APPLICABLE,9139,S,COMMERCIAL AVE,424,,,,,,,2,FATAL,1,1,0,0,0,1,0,11,5,6,41.7289095,-87.55108091,POINT (-87.551080909756 41.728909499294)
7815ca0d4b10b580a8288af5056021ecd7fd14a813f873d73caaeb33bd8c0d13e2d73fea0672b3e00f9ef3ebbf4db0c3b8f3b1431055701d106ae7e2c5589779,JE275781,,6/22/2021 16:15,30,NO CONTROLS,NO CONTROLS,CLEAR,DAYLIGHT,REAR END,DIVIDED - W/MEDIAN (NOT RAISED),,STRAIGHT AND LEVEL,DRY,NO DEFECTS,,NO INJURY / DRIVE AWAY,,,,"$501 - $1,500",6/22/2021 16:30,DISTRACTION - FROM INSIDE VEHICLE,UNABLE TO DETERMINE,207,W,79TH ST,623,,,,,,,2,NO INDICATION OF INJURY,0,0,0,0,0,2,0,16,3,6,41.75075,-87.62979224,POINT (-87.629792244319 41.750749995985)
5bedbf069fa965c0602056473542e4c4b18e398de53bb107e71671359a44bdf74174ab10734cb4ebe026388692258485399fe0af22a390ccc097f3ae3acca657,JF146931,,2/16/2022 22:23,30,NO CONTROLS,NO CONTROLS,RAIN,"DARKNESS, LIGHTED ROAD",PARKED MOTOR VEHICLE,DIVIDED - W/MEDIAN (NOT RAISED),,STRAIGHT AND LEVEL,WET,NO DEFECTS,NOT ON SCENE (DESK REPORT),NO INJURY / DRIVE AWAY,,,,$500 OR LESS,2/16/2022 23:30,UNABLE TO DETERMINE,NOT APPLICABLE,4023,S,ARCHER AVE,921,,,,,,,2,NO INDICATION OF INJURY,0,0,0,0,0,1,0,22,4,2,41.82058304,-87.69342617,POINT (-87.693426165962 41.820583040659)
684aa1375198ea75c9b0756146789ad3b3e3ddc347de8b4633c61f0373543f2c687156937bc19b07762efeb1a3c443f5c35445c88898ebd6ebce58aa89b937d1,JF175494,,3/16/2022 8:05,30,NO CONTROLS,NO CONTROLS,CLEAR,DAYLIGHT,SIDESWIPE SAME DIRECTION,NOT DIVIDED,,STRAIGHT AND LEVEL,DRY,NO DEFECTS,NOT ON SCENE (DESK REPORT),NO INJURY / DRIVE AWAY,,,Y,"OVER $1,500",3/16/2022 8:45,FAILING TO YIELD RIGHT-OF-WAY,NOT APPLICABLE,655,N,RACINE AVE,1215,,,,,,,2,NO INDICATION OF INJURY,0,0,0,0,0,2,0,8,4,3,41.89380101,-87.65730447,POINT (-87.657304466764 41.893801011275)
5c3ee30b318372a27a5a5a71690b02ffe99a9b02e7cffb9a27e93ddfde36f6ff31bdae678618bc4ff1c9f3900cefb539c24d3fab4a15d6ea320d090553b1b698,JF146284,,2/16/2022 13:02,25,NO CONTROLS,NO CONTROLS,CLEAR,DAYLIGHT,PEDESTRIAN,DIVIDED - W/MEDIAN (NOT RAISED),,STRAIGHT AND LEVEL,WET,NO DEFECTS,ON SCENE,INJURY AND / OR TOW DUE TO CRASH,Y,,,$500 OR LESS,2/16/2022 13:02,UNABLE TO DETERMINE,UNABLE TO DETERMINE,2432,N,SHEFFIELD AVE,1932,,,,,,,2,INCAPACITATING INJURY,1,0,1,0,0,1,0,13,4,2,41.92629115,-87.6537884,POINT (-87.653788401231 41.926291150287)
5be2fe3344b1aa910312e1ca223ade93998bed1ad08de11770bf0aede513631d9835e1cb70b3a684ee673c2113de66f31ba1a00b2ee73dfc2c41e3a3438055e6,JC522130,Y,11/23/2019 21:00,30,NO CONTROLS,FUNCTIONING PROPERLY,CLEAR,"DARKNESS, LIGHTED ROAD",SIDESWIPE SAME DIRECTION,UNKNOWN,,STRAIGHT AND LEVEL,DRY,NO DEFECTS,,NO INJURY / DRIVE AWAY,,,,$500 OR LESS,11/23/2019 21:30,PHYSICAL CONDITION OF DRIVER,IMPROPER OVERTAKING/PASSING,5300,W,MADISON ST,1522,,Y,,,,,2,NO INDICATION OF INJURY,0,0,0,0,0,3,0,21,7,11,41.8804472,-87.75775505,POINT (-87.757755046348 41.880447197368)
5be4e1816a0f03c09102f0886cb644f3e4b18c89445e2d968cda44405f0b00a806a6f6e8af535a9beda6c59694bc6413556137fa212d243b82a89bc51be2e5a1,JE305891,,7/18/2021 17:50,30,STOP SIGN/FLASHER,FUNCTIONING PROPERLY,CLEAR,DAYLIGHT,TURNING,FOUR WAY,,STRAIGHT AND LEVEL,DRY,NO DEFECTS,,INJURY AND / OR TOW DUE TO CRASH,Y,,,"OVER $1,500",7/18/2021 18:15,IMPROPER TURNING/NO SIGNAL,DRIVING SKILLS/KNOWLEDGE/EXPERIENCE,530,S,LOOMIS ST,1231,,,,,,,2,NONINCAPACITATING INJURY,2,0,0,2,0,2,0,17,1,7,41.87431293,-87.66193858,POINT (-87.661938583492 41.874312929471)
68869072df23508d71b4d2a33e42ffc724f6ffad46307810ea118e04585a2a4b635a6287fa8d02fb45510e68b0554e8ba1827e579371be94e6e71ba1081b7984,JF175017,,3/15/2022 17:21,30,NO CONTROLS,NO CONTROLS,CLEAR,DAYLIGHT,TURNING,NOT DIVIDED,,STRAIGHT AND LEVEL,DRY,NO DEFECTS,,NO INJURY / DRIVE AWAY,,,,"OVER $1,500",3/15/2022 17:24,IMPROPER TURNING/NO SIGNAL,NOT APPLICABLE,119,E,79TH ST,623,,,,,,,2,NO INDICATION OF INJURY,0,0,0,0,0,2,0,17,3,3,41.75091157,-87.62048291,POINT (-87.620482907014 41.75091157261)
5caa008b53d26138d4fa5430fb2fe22e51db62a4a1c6bc1c8dbfe4bece2c5516c8e50fccec2a2edaab6f1c0c46747fe78b143588fc2d99389dc2cd09c6da3f00,JF147293,,2/16/2022 14:26,30,TRAFFIC SIGNAL,UNKNOWN,UNKNOWN,DAYLIGHT,REAR END,NOT DIVIDED,,STRAIGHT AND LEVEL,UNKNOWN,UNKNOWN,,NO INJURY / DRIVE AWAY,,,Y,"$501 - $1,500",2/17/2022 11:15,UNABLE TO DETERMINE,NOT APPLICABLE,4555,S,WESTERN BLVD,924,,,,,,,2,NO INDICATION OF INJURY,0,0,0,0,0,3,0,14,4,2,41.81045155,-87.6837744,POINT (-87.683774401323 41.810451546165)
5d0f6c878b0d1c205b3a1ef7477c1e970b1accb980b728ad586aca5f2b33977cb6ac92b888785e38ed956be351dffebe2ef0e77a5af3b29c39ae1340df78dc76,JF146853,,2/16/2022 20:00,15,STOP SIGN/FLASHER,FUNCTIONING PROPERLY,UNKNOWN,"DARKNESS, LIGHTED ROAD",REAR END,ONE-WAY,,STRAIGHT AND LEVEL,WET,NO DEFECTS,NOT ON SCENE (DESK REPORT),NO INJURY / DRIVE AWAY,,,,"OVER $1,500",2/16/2022 21:15,FOLLOWING TOO CLOSELY,UNABLE TO DETERMINE,1651,E,95TH ST,431,,,,,,,2,NO INDICATION OF INJURY,0,0,0,0,0,3,0,20,4,2,41.72226152,-87.58307194,POINT (-87.583071944146 41.722261518618)
5d4cfd1c0ccc433facf05322c6cb7f70d47a2e5cd2aa55b8c2dee9ce48f5db950b6d41d7475b874cc05ad42016433d1e95976c49b8ce28ba92135d8e0421786a,JF146541,,2/16/2022 14:30,30,NO CONTROLS,UNKNOWN,RAIN,DAYLIGHT,SIDESWIPE SAME DIRECTION,NOT DIVIDED,,STRAIGHT AND LEVEL,UNKNOWN,UNKNOWN,ON SCENE,NO INJURY / DRIVE AWAY,,,,"OVER $1,500",2/16/2022 14:45,FAILING TO YIELD RIGHT-OF-WAY,NOT APPLICABLE,4852,W,BELMONT AVE,1634,,,,,,,2,NO INDICATION OF INJURY,0,0,0,0,0,2,0,14,4,2,41.93890966,-87.74898959,POINT (-87.748989589264 41.938909656293)
5d653597c403adc1939c45cbcf36ce648fae0f332c920f501b8975ba032566616f23448f606c9d89f29da338d9adbf0037ed4505d10e0bb59ab739e65e83af28,JF146768,,2/16/2022 18:44,30,NO CONTROLS,NO CONTROLS,CLEAR,DARKNESS,REAR END,NOT DIVIDED,,STRAIGHT AND LEVEL,WET,NO DEFECTS,NOT ON SCENE (DESK REPORT),NO INJURY / DRIVE AWAY,,,,"$501 - $1,500",2/16/2022 19:49,UNABLE TO DETERMINE,NOT APPLICABLE,322,E,73RD ST,323,,,,,,,2,NO INDICATION OF INJURY,0,0,0,0,0,2,0,18,4,2,41.76212818,-87.61738182,POINT (-87.617381815385 41.762128175859)
5d92e85de652da60afc1fc1a43927e022265b1e991bf0904fc97fa00f7dc761a6211c6287511716e3c36b82cbb212ce1a99616eb17039fe954039b2e13a38260,JF146838,,2/16/2022 20:50,30,STOP SIGN/FLASHER,NO CONTROLS,RAIN,"DARKNESS, LIGHTED ROAD",PEDESTRIAN,NOT DIVIDED,,STRAIGHT AND LEVEL,WET,NO DEFECTS,ON SCENE,INJURY AND / OR TOW DUE TO CRASH,Y,,,"OVER $1,500",2/16/2022 20:50,FAILING TO YIELD RIGHT-OF-WAY,WEATHER,4800,S,HERMITAGE AVE,931,,,,,,,2,NONINCAPACITATING INJURY,1,0,0,1,0,1,0,20,4,2,41.80665317,-87.66870997,POINT (-87.66870997255 41.806653174176)
5dc1893cf280dd054cb0179e062a5b6fee8ed8249b402571576f8ac0de76e151f60a903638f3fa31721ab3596bc1691a34fa149fcc295539e6f96528a4e1c3b4,JF153285,,2/23/2022 8:00,15,NO CONTROLS,NO CONTROLS,CLEAR,DAYLIGHT,REAR TO SIDE,PARKING LOT,,STRAIGHT AND LEVEL,DRY,UNKNOWN,NOT ON SCENE (DESK REPORT),NO INJURY / DRIVE AWAY,,,,"$501 - $1,500",2/23/2022 8:32,IMPROPER BACKING,UNABLE TO DETERMINE,1204,E,46TH ST,222,,,,,,,2,NO INDICATION OF INJURY,0,0,0,0,0,2,0,8,4,2,41.81084161,-87.59657627,POINT (-87.596576268217 41.81084160801)
75b4f630daf1433a777e59cb272bddd0a2744f9217e59b8e7ebabff130985b1e020b58c7d91334942e06a58e5958fcee9afdd4ba0189d219326a70ffdb0e9dc1,JF168809,,3/9/2022 22:30,15,NO CONTROLS,UNKNOWN,CLEAR,"DARKNESS, LIGHTED ROAD",SIDESWIPE OPPOSITE DIRECTION,NOT DIVIDED,,STRAIGHT AND LEVEL,DRY,NO DEFECTS,ON SCENE,NO INJURY / DRIVE AWAY,,,,"OVER $1,500",3/9/2022 22:30,"OPERATING VEHICLE IN ERRATIC, RECKLESS, CARELESS, NEGLIGENT OR AGGRESSIVE MANNER",NOT APPLICABLE,4350,N,BROADWAY,1915,,N,,,,,2,NO INDICATION OF INJURY,0,0,0,0,0,2,0,22,4,3,41.96140898,-87.65506276,POINT (-87.65506276435 41.961408984252)
7a4ddb2b53e4a564b0df6b388d4419b77babe35612f6fcdf320b9cf66892b9efb22e1432223ba69c2b42ef738018b5c5b8ed97522308fc1dc265ac3438dcc728,JE223593,,5/8/2021 12:57,25,NO CONTROLS,NO CONTROLS,CLEAR,DAYLIGHT,SIDESWIPE SAME DIRECTION,NOT DIVIDED,,STRAIGHT AND LEVEL,DRY,NO DEFECTS,,NO INJURY / DRIVE AWAY,,,Y,"$501 - $1,500",5/8/2021 13:17,NOT APPLICABLE,NOT APPLICABLE,5300,W,ROOSEVELT RD,1522,,,,,,,2,NO INDICATION OF INJURY,0,0,0,0,0,4,0,12,7,5,41.8658165,-87.75744192,POINT (-87.757441919852 41.865816494524)
6a760569ed9acc3d685641d9e0ed1e2e6d337f8c3ff025ef922c68b7ce41281bb6109722fed2db1daf6e28b2ec6332b0bfc73be29dada2217c6e3dd98e9784fc,JF175918,,3/16/2022 14:20,35,STOP SIGN/FLASHER,FUNCTIONING PROPERLY,CLEAR,DAYLIGHT,ANGLE,NOT DIVIDED,,STRAIGHT AND LEVEL,DRY,NO DEFECTS,NOT ON SCENE (DESK REPORT),NO INJURY / DRIVE AWAY,,,,"OVER $1,500",3/16/2022 14:40,NOT APPLICABLE,NOT APPLICABLE,5300,S,WESTERN AVE,923,,,,,,,2,NO INDICATION OF INJURY,0,0,0,0,0,3,0,14,4,3,41.79739475,-87.68427296,POINT (-87.684272963451 41.797394747543)
7a904c95082493b4ca92465ed242839ecf45fd21217649eaf306a5b97bd88f2eff46b8f18add781a18c470324a29e1f5297888f79b3c8db9e36b750b6a754150,JF183479,Y,3/22/2022 12:30,30,NO CONTROLS,NO CONTROLS,RAIN,DARKNESS,PARKED MOTOR VEHICLE,NOT DIVIDED,,STRAIGHT AND LEVEL,WET,NO DEFECTS,NOT ON SCENE (DESK REPORT),NO INJURY / DRIVE AWAY,,,Y,$500 OR LESS,3/23/2022 8:20,UNABLE TO DETERMINE,UNABLE TO DETERMINE,10738,S,KEDZIE AVE,2211,,,,,,,2,NO INDICATION OF INJURY,0,0,0,0,0,1,0,12,3,3,41.69769938,-87.7011861,POINT (-87.701186095426 41.697699375462)
5f116c167acc5fff6e0b5f113dd5862441c26ad65d7897019343459f9ee9410e5a37371750939f59a44f1fedf2a27b02e68836638ce9ef5e4d6b3a1f922ee4d7,JF147917,Y,2/16/2022 6:00,30,NO CONTROLS,NO CONTROLS,CLEAR,"DARKNESS, LIGHTED ROAD",PARKED MOTOR VEHICLE,NOT DIVIDED,,STRAIGHT AND LEVEL,DRY,NO DEFECTS,NOT ON SCENE (DESK REPORT),NO INJURY / DRIVE AWAY,,,Y,"OVER $1,500",2/17/2022 20:00,UNABLE TO DETERMINE,UNABLE TO DETERMINE,1347,W,CORTEZ ST,1213,,,,,,,2,NO INDICATION OF INJURY,0,0,0,0,0,1,0,6,4,2,41.90119873,-87.6614574,POINT (-87.66145739732 41.90119872911)