CRASH_RECORD_ID,RD_NO,CRASH_DATE_EST_I,CRASH_DATE,POSTED_SPEED_LIMIT,TRAFFIC_CONTROL_DEVICE,DEVICE_CONDITION,WEATHER_CONDITION,LIGHTING_CONDITION,FIRST_CRASH_TYPE,TRAFFICWAY_TYPE,LANE_CNT,ALIGNMENT,ROADWAY_SURFACE_COND,ROAD_DEFECT,REPORT_TYPE,CRASH_TYPE,INTERSECTION_RELATED_I,NOT_RIGHT_OF_WAY_I,HIT_AND_RUN_I,DAMAGE,DATE_POLICE_NOTIFIED,PRIM_CONTRIBUTORY_CAUSE,SEC_CONTRIBUTORY_CAUSE,STREET_NO,STREET_DIRECTION,STREET_NAME,BEAT_OF_OCCURRENCE,PHOTOS_TAKEN_I,STATEMENTS_TAKEN_I,DOORING_I,WORK_ZONE_I,WORK_ZONE_TYPE,WORKERS_PRESENT_I,NUM_UNITS,MOST_SEVERE_INJURY,INJURIES_TOTAL,INJURIES_FATAL,INJURIES_INCAPACITATING,INJURIES_NON_INCAPACITATING,INJURIES_REPORTED_NOT_EVIDENT,INJURIES_NO_INDICATION,INJURIES_UNKNOWN,CRASH_HOUR,CRASH_DAY_OF_WEEK,CRASH_MONTH,LATITUDE,LONGITUDE,LOCATION
6632df475ef0faafc94485a08b91fa59c2ce28c7267b927c40d35ffc0b96bca1eb506eb49a466558ab47012447c07eadd466b0bbe4f2e27a653229f511c424ce,JF176059,,3/16/2022 15:30,30,TRAFFIC SIGNAL,FUNCTIONING PROPERLY,CLEAR,DAYLIGHT,REAR END,DIVIDED - W/MEDIAN BARRIER,,STRAIGHT AND LEVEL,UNKNOWN,UNKNOWN,,NO INJURY / DRIVE AWAY,,,Y,"OVER $1,500",3/16/2022 16:05,IMPROPER LANE USAGE,IMPROPER OVERTAKING/PASSING,100,E,LOWER WACKER DR,114,,,,,,,3,NO INDICATION OF INJURY,0,0,0,0,0,5,0,15,4,3,41.88843209,-87.62442469,POINT (-87.624424686932 41.88843209205)
7b4debd81b0f68677906f115cc661f487d44e73d14fec2c89d3ac2f39e9b3e9de695e2e186242d1b6638a0ea64154b457d556f9aeeab42957a87af75ffe21431,JF182611,,3/22/2022 12:15,35,NO CONTROLS,NO CONTROLS,RAIN,DAYLIGHT,SIDESWIPE SAME DIRECTION,DIVIDED - W/MEDIAN (NOT RAISED),,STRAIGHT AND LEVEL,WET,NO DEFECTS,NOT ON SCENE (DESK REPORT),NO INJURY / DRIVE AWAY,,,,"OVER $1,500",3/22/2022 12:30,FAILING TO YIELD RIGHT-OF-WAY,NOT APPLICABLE,4256,W,63RD ST,813,,,,,,,2,NO INDICATION OF INJURY,0,0,0,0,0,2,0,12,3,3,41.77868232,-87.72993252,POINT (-87.729932519294 41.77868231631)
662e68baaf807fdef9be020a0250e48296822f2a629417388c7bfd9278e51f504e6da99ca0703a231ed42b878560be3d933d994dc949f2d4ca9d5e61ecb27ea5,JF160584,,3/2/2022 7:50,30,TRAFFIC SIGNAL,FUNCTIONING PROPERLY,CLEAR,DAYLIGHT,TURNING,UNKNOWN INTERSECTION TYPE,,STRAIGHT AND LEVEL,DRY,NO DEFECTS,ON SCENE,NO INJURY / DRIVE AWAY,Y,,,"OVER $1,500",3/2/2022 8:00,IMPROPER LANE USAGE,IMPROPER TURNING/NO SIGNAL,3843,S,PULASKI RD,821,,,,,,,2,NO INDICATION OF INJURY,0,0,0,0,0,2,0,7,4,3,41.82297441,-87.72390327,POINT (-87.723903268887 41.822974405155)
664d72f57a869fbea86ede37bc2e617e3458a89f19b4d1336faffd01cf73dab9fa6b2ce51a6e94d10d5d283837075c65c926d01fc6ac83670377e08dbf67cc50,JF163475,,3/2/2022 15:30,30,NO CONTROLS,NO CONTROLS,CLEAR,DAYLIGHT,FIXED OBJECT,NOT DIVIDED,,STRAIGHT AND LEVEL,DRY,"RUT, HOLES",NOT ON SCENE (DESK REPORT),NO INJURY / DRIVE AWAY,,,,"OVER $1,500",3/4/2022 18:30,NOT APPLICABLE,UNABLE TO DETERMINE,503,W,59TH ST,711,,,,,,,1,NO INDICATION OF INJURY,0,0,0,0,0,1,0,15,4,3,41.78703908,-87.63781273,POINT (-87.6378127282 41.787039074742)
5f153cb25e942a0665b271b819630a3aa27020843d2bf63bedb0a3e69059defd07d21cd8103df98559ed3f4a8be8233cf4c40185d5ab3b3d7b4e62915cfa359a,JF153355,,2/23/2022 9:30,30,STOP SIGN/FLASHER,FUNCTIONING PROPERLY,CLEAR,DAYLIGHT,REAR TO FRONT,FOUR WAY,,STRAIGHT AND LEVEL,DRY,NO DEFECTS,NOT ON SCENE (DESK REPORT),NO INJURY / DRIVE AWAY,,,,"OVER $1,500",2/23/2022 10:00,IMPROPER BACKING,NOT APPLICABLE,2400,W,58TH ST,824,,,,,,,2,NO INDICATION OF INJURY,0,0,0,0,0,2,0,9,4,2,41.78847538,-87.68390963,POINT (-87.683909625164 41.788475375959)
6b9b903f2303b0b682bc3a58a58dc4c450b4c17028c186f447a75bd6e4721522d860faf9a49b595cb9aac41686a9e20124023dbdfb58d034d5df30e7e67f4ef4,JF178424,,3/16/2022 14:20,30,NO CONTROLS,NO CONTROLS,CLEAR,DAYLIGHT,TURNING,RAMP,,STRAIGHT AND LEVEL,DRY,NO DEFECTS,NOT ON SCENE (DESK REPORT),NO INJURY / DRIVE AWAY,,Y,,"$501 - $1,500",3/18/2022 15:45,UNABLE TO DETERMINE,UNABLE TO DETERMINE,303,W,OHIO ST,1831,,,,,,,2,NO INDICATION OF INJURY,0,0,0,0,0,2,0,14,4,3,41.89225679,-87.63575413,POINT (-87.635754129243 41.892256789674)
5f5b30436cf5a076bfe07c9be33ca64eafeb7b0022b340ab68663e3b280cae5f9a6b32bcb80cd2c121186c1dbf3e7b7399ffc44d19ef3600896e1ed6ff72db5a,JF155131,,2/23/2022 6:15,30,NO CONTROLS,NO CONTROLS,FREEZING RAIN/DRIZZLE,DAWN,FIXED OBJECT,NOT DIVIDED,,CURVE ON GRADE,ICE,UNKNOWN,NOT ON SCENE (DESK REPORT),INJURY AND / OR TOW DUE TO CRASH,,,,"$501 - $1,500",2/24/2022 21:30,WEATHER,NOT APPLICABLE,4901,S,EAST END AVE,222,,,,,,,1,NO INDICATION OF INJURY,0,0,0,0,0,1,0,6,4,2,41.80579254,-87.58629982,POINT (-87.586299820438 41.805792543584)
6baf2046d7e2b088e98d1379050a67eb4a3f1946ea825a1a53ca949b9a0aa2903765230e5b62f92b7b259c40912db5f7ecef28675e28d550ec9c4e81234e87dd,JF175915,,3/16/2022 13:45,30,STOP SIGN/FLASHER,OTHER,CLEAR,DAYLIGHT,REAR END,ONE-WAY,,STRAIGHT AND LEVEL,DRY,UNKNOWN,NOT ON SCENE (DESK REPORT),NO INJURY / DRIVE AWAY,,,Y,"OVER $1,500",3/16/2022 14:36,FOLLOWING TOO CLOSELY,UNABLE TO DETERMINE,4538,W,HARRISON ST,1131,,,,,,,2,NO INDICATION OF INJURY,0,0,0,0,0,2,0,13,4,3,41.87337908,-87.7391857,POINT (-87.739185700831 41.873379074951)
5fbc9266e07a67948cf4667fc01f0d5dd36e2f7ff4ac739201049c35481e2f51d58edb5846a52d9dad762c17d87e4578bb5a4559d2c0c71732fc28808df93836,JF153599,,2/23/2022 8:09,30,NO CONTROLS,NO CONTROLS,CLEAR,DAYLIGHT,ANGLE,DIVIDED - W/MEDIAN (NOT RAISED),,STRAIGHT AND LEVEL,DRY,NO DEFECTS,NOT ON SCENE (DESK REPORT),NO INJURY / DRIVE AWAY,,,Y,"OVER $1,500",2/23/2022 13:00,FAILING TO YIELD RIGHT-OF-WAY,UNABLE TO DETERMINE,1540,E,54TH ST,234,,,,,,,2,NO INDICATION OF INJURY,0,0,0,0,0,2,0,8,4,2,41.79820342,-87.58757557,POINT (-87.587575572284 41.798203420427)
5fafbf481e5e6ae461f2827da4fe0b0e1a32061a886bcbb91a3ca71611f7bd1373c77af1fa7200cc0a0882e232c03bda3eac2580e941a5e41074aa2d24b6c781,JD287542,,7/5/2020 15:20,30,TRAFFIC SIGNAL,FUNCTIONING PROPERLY,CLEAR,DAYLIGHT,REAR END,NOT DIVIDED,,STRAIGHT AND LEVEL,DRY,NO DEFECTS,,NO INJURY / DRIVE AWAY,,,,"$501 - $1,500",7/5/2020 15:50,FOLLOWING TOO CLOSELY,NOT APPLICABLE,5500,S,WESTERN AVE,824,,,,,,,2,NO INDICATION OF INJURY,0,0,0,0,0,2,0,15,1,7,41.79337055,-87.68417538,POINT (-87.684175376759 41.79337055433)
6025f4e3f8285b3e2587a593e167645b262851666dcc1d786aa7505f313bf84592ca453baac40393556f80ac6d243980dd4db40ba7bc2c59ed2c9e7958b6aa8d,JC388439,,8/11/2019 16:00,15,UNKNOWN,UNKNOWN,UNKNOWN,UNKNOWN,PARKED MOTOR VEHICLE,PARKING LOT,,STRAIGHT AND LEVEL,UNKNOWN,UNKNOWN,,NO INJURY / DRIVE AWAY,,Y,,"$501 - $1,500",8/11/2019 17:56,UNABLE TO DETERMINE,UNABLE TO DETERMINE,1000,N,LA SALLE DR,1824,,,,,,,2,NO INDICATION OF INJURY,0,0,0,0,0,1,0,16,1,8,41.9005848,-87.63298607,POINT (-87.632986070025 41.900584800211)
66b36e2c3240508577e5ebff5aff2b2bd261f6ac266c608406502f543946d7e5fdc678905afa1b53c161d2894b975a8a5b64e2a3e3ef3b780b8a9f1f51162891,JE480803,,12/15/2021 13:30,20,STOP SIGN/FLASHER,FUNCTIONING PROPERLY,CLEAR,DAYLIGHT,ANGLE,FOUR WAY,,STRAIGHT AND LEVEL,DRY,NO DEFECTS,,NO INJURY / DRIVE AWAY,Y,,,"OVER $1,500",12/17/2021 15:30,DISREGARDING STOP SIGN,FAILING TO YIELD RIGHT-OF-WAY,1500,S,TRUMBULL AVE,1021,,,,,,,2,NO INDICATION OF INJURY,0,0,0,0,0,2,0,13,4,12,41.86074955,-87.71174789,POINT (-87.711747884589 41.860749546033)
66d29929454f531e4027165b68511673ac4d8698e5ef476fef9287e1696ecdb7e23102dcb5505235da327f35ef37e97e8bdb1cdfd37601d5272d20898bfadc22,JD255711,,6/6/2020 13:15,30,STOP SIGN/FLASHER,FUNCTIONING PROPERLY,CLEAR,DAYLIGHT,ANGLE,NOT DIVIDED,,STRAIGHT AND LEVEL,DRY,UNKNOWN,,INJURY AND / OR TOW DUE TO CRASH,Y,,,"$501 - $1,500",6/6/2020 13:25,UNABLE TO DETERMINE,UNABLE TO DETERMINE,6400,S,NARRAGANSETT AVE,812,,,,,,,2,NO INDICATION OF INJURY,0,0,0,0,0,6,0,13,7,6,41.77580896,-87.78134027,POINT (-87.781340274205 41.77580895689)
6bc73162bb55f2b5bd2dc6a2cedd87065a09ce28c3f892cb91c0bfffeeeb25e0011e7ab2a694d426decac826a178aa343d77c11bce973a95b5c95fcc25c76597,JF175515,,3/16/2022 8:25,25,STOP SIGN/FLASHER,FUNCTIONING PROPERLY,CLEAR,DAYLIGHT,ANGLE,FOUR WAY,,STRAIGHT AND LEVEL,DRY,NO DEFECTS,ON SCENE,INJURY AND / OR TOW DUE TO CRASH,Y,,,"OVER $1,500",3/16/2022 8:27,FAILING TO YIELD RIGHT-OF-WAY,DRIVING SKILLS/KNOWLEDGE/EXPERIENCE,10700,S,NORMAL AVE,2233,,,,,,,2,NO INDICATION OF INJURY,0,0,0,0,0,2,0,8,4,3,41.69963238,-87.63550883,POINT (-87.635508826273 41.699632376456)
6bc9260df47399b105605928f16afee6ed0bdd0827df4f7ce474219fbbd35e343dd640ca8aa4cc4830e83344c5ac851e4d3d1996e362e08855174543d6aa3212,JF176256,,3/16/2022 17:30,20,TRAFFIC SIGNAL,FUNCTIONING PROPERLY,CLEAR,DAYLIGHT,PARKED MOTOR VEHICLE,NOT DIVIDED,,STRAIGHT AND LEVEL,DRY,NO DEFECTS,NOT ON SCENE (DESK REPORT),NO INJURY / DRIVE AWAY,,,Y,"$501 - $1,500",3/16/2022 18:30,UNABLE TO DETERMINE,UNABLE TO DETERMINE,1844,W,GRACE ST,1922,,,,,,,2,NO INDICATION OF INJURY,0,0,0,0,0,1,0,17,4,3,41.95065902,-87.67578674,POINT (-87.675786739418 41.950659019708)
7a6df61e3c5f9d4ccd8dc399e331c1d50dd147b4beda179ec536b87dc7c28503bb3d6e41093b55a1e2dabe12ae599a3b88d6f775b5dec70aed4b23fac7c95e58,JF170557,,3/9/2022 20:47,30,RAILROAD CROSSING GATE,FUNCTIONING PROPERLY,CLEAR,"DARKNESS, LIGHTED ROAD",REAR END,NOT DIVIDED,,STRAIGHT AND LEVEL,DRY,NO DEFECTS,NOT ON SCENE (DESK REPORT),NO INJURY / DRIVE AWAY,,,,"$501 - $1,500",3/11/2022 14:45,UNABLE TO DETERMINE,UNABLE TO DETERMINE,1599,W,112TH PL,2234,,,,,,,2,NO INDICATION OF INJURY,0,0,0,0,0,2,0,20,4,3,41.68917719,-87.66187889,POINT (-87.661878884703 41.689177190788)
6ce1932188992b728f90586c4a601bb551ff8b72d814b639af67af286e166d97af17db040cff7418ea02487ba8fe73dc16fc308a42f1fb23d858de8fffa763e9,JF176118,,3/16/2022 16:30,30,TRAFFIC SIGNAL,FUNCTIONING PROPERLY,CLEAR,DAYLIGHT,REAR END,ONE-WAY,,STRAIGHT ON GRADE,DRY,NO DEFECTS,NOT ON SCENE (DESK REPORT),NO INJURY / DRIVE AWAY,Y,,,$500 OR LESS,3/16/2022 16:50,DRIVING SKILLS/KNOWLEDGE/EXPERIENCE,NOT APPLICABLE,11248,S,MARSHFIELD AVE,2234,,,,,,,2,NO INDICATION OF INJURY,0,0,0,0,0,2,0,16,4,3,41.68894049,-87.66215535,POINT (-87.662155346319 41.688940491891)
7d1f03f392ca9b866f4be82ff578a4650a6f12c7a7ce5c99c925d1a511eec10286f51143383563eaa1449898f166598ad75c7b9d2650b69ba2a3b0b30dd1873b,JF182340,,3/22/2022 0:30,20,NO CONTROLS,NO CONTROLS,CLEAR,"DARKNESS, LIGHTED ROAD",PARKED MOTOR VEHICLE,ONE-WAY,,STRAIGHT AND LEVEL,DRY,NO DEFECTS,NOT ON SCENE (DESK REPORT),NO INJURY / DRIVE AWAY,,,Y,"OVER $1,500",3/22/2022 8:40,UNABLE TO DETERMINE,UNABLE TO DETERMINE,1614,S,SPAULDING AVE,1021,,,,,,,2,NO INDICATION OF INJURY,0,0,0,0,0,1,0,0,3,3,41.85855897,-87.70802645,POINT (-87.708026449673 41.858558969568)
7ca8c467606c04714185381416f3591bb5f434b805b18820c2c91c6984960a0adad8fa4e9168dd793df445730dc3c72fffd922e218cd9b46d67c07ed8741fcfa,JD262342,,6/12/2020 18:28,30,NO CONTROLS,NO CONTROLS,CLEAR,DAYLIGHT,PARKED MOTOR VEHICLE,ONE-WAY,,STRAIGHT AND LEVEL,DRY,NO DEFECTS,,NO INJURY / DRIVE AWAY,,,Y,$500 OR LESS,6/12/2020 19:40,UNABLE TO DETERMINE,NOT APPLICABLE,4939,W,GLADYS AVE,1533,,,,,,,2,NO INDICATION OF INJURY,0,0,0,0,0,1,0,18,6,6,41.87572385,-87.74878471,POINT (-87.748784705613 41.875723851171)
619d8d6cf7b80648614d84bbb9bf936f5ad184ea4527caf5a41edd46ee1e53ac42bc4a40d5abcf31e3a5cdd1dbbd2ed4345b8c93e61bbacd2c8f7cfccc006e47,JF148201,,2/16/2022 14:35,15,NO CONTROLS,NO CONTROLS,CLEAR,DAYLIGHT,PARKED MOTOR VEHICLE,PARKING LOT,,STRAIGHT AND LEVEL,WET,NO DEFECTS,NOT ON SCENE (DESK REPORT),NO INJURY / DRIVE AWAY,,,Y,"$501 - $1,500",2/18/2022 8:24,UNABLE TO DETERMINE,UNABLE TO DETERMINE,87,W,87TH ST,634,,,,,,,2,NO INDICATION OF INJURY,0,0,0,0,0,1,0,14,4,2,41.73614513,-87.62691784,POINT (-87.626917843973 41.736145128237)
7b63be7fe625adce45bfecf4936d4f5110702e4075d3d392de304fc81b7db20d2d728396072ed53e079f70465a15a09ebfadd227ab96b847c3d6c16a8951d162,JF168596,,3/9/2022 17:45,30,TRAFFIC SIGNAL,FUNCTIONING PROPERLY,CLEAR,DUSK,REAR END,NOT DIVIDED,,STRAIGHT AND LEVEL,DRY,NO DEFECTS,NOT ON SCENE (DESK REPORT),NO INJURY / DRIVE AWAY,,,,"OVER $1,500",3/9/2022 18:20,FAILING TO REDUCE SPEED TO AVOID CRASH,NOT APPLICABLE,1359,S,CENTRAL PARK AVE,1021,,,,,,,2,NO INDICATION OF INJURY,0,0,0,0,0,2,0,17,4,3,41.86242415,-87.71515884,POINT (-87.715158841326 41.862424154447)
c46219b37dcf747c0ee16a9cca3fcdffd8b97fb94deadaf0f81de04f8375a9fa36c82fe39d436896bb4043ec2c26458f0902e0a15cbd53637a70c8e2d22902ff,JF152016,,2/22/2022 0:04,30,NO CONTROLS,NO CONTROLS,CLEAR,"DARKNESS, LIGHTED ROAD",PARKED MOTOR VEHICLE,PARKING LOT,,STRAIGHT AND LEVEL,WET,NO DEFECTS,ON SCENE,NO INJURY / DRIVE AWAY,,,Y,"$501 - $1,500",2/22/2022 0:04,UNABLE TO DETERMINE,UNABLE TO DETERMINE,5229,S,CICERO AVE,815,,,,,,,2,NO INDICATION OF INJURY,0,0,0,0,0,1,0,0,3,2,41.79778129,-87.74275077,POINT (-87.742750766544 41.797781290514)
618ccc715eb5c01fd41af385181adb1dccb999547eeeff0836a1211aa5b807cabc9707d72fe47ad25f4a6b3e0cdfe78e3b05bb8a458393817c5cbb955c9d9fd1,JC551178,,12/18/2019 9:38,30,NO CONTROLS,NO CONTROLS,CLEAR,DAYLIGHT,PARKED MOTOR VEHICLE,DIVIDED - W/MEDIAN (NOT RAISED),,STRAIGHT AND LEVEL,DRY,UNKNOWN,,NO INJURY / DRIVE AWAY,,,,"OVER $1,500",12/18/2019 9:58,NOT APPLICABLE,NOT APPLICABLE,2801,S,WESTERN AVE,1034,,N,,,,,2,NO INDICATION OF INJURY,0,0,0,0,0,1,0,9,4,12,41.84111499,-87.68513204,POINT (-87.685132034759 41.841114991692)
67a8007a0c20d8da98f8d2481be762ae50a8827f4ecaafaedefdb7816ddb87e7a57765a619ae23db7c33ce83c4b20bd1298988f8d71666879d93ce89da0fac98,JE404221,,10/9/2021 19:02,30,TRAFFIC SIGNAL,FUNCTIONING PROPERLY,CLEAR,"DARKNESS, LIGHTED ROAD",SIDESWIPE SAME DIRECTION,DIVIDED - W/MEDIAN (NOT RAISED),,STRAIGHT AND LEVEL,DRY,UNKNOWN,,INJURY AND / OR TOW DUE TO CRASH,N,,,"OVER $1,500",10/9/2021 19:25,UNABLE TO DETERMINE,NOT APPLICABLE,4183,W,IRVING PARK RD,1731,,,,,,,2,NO INDICATION OF INJURY,0,0,0,0,0,3,0,19,7,10,41.95349013,-87.73225074,POINT (-87.732250739648 41.953490129378)
7b152479149c5fd9867193463be82c67e57e14433d2b346148c3f5dbe6f5ef7912dab4d81d66c7e4287e2271deb8c068cac30c3198bef8cad005dc428cbf76e0,JC486893,,10/26/2019 7:35,35,NO CONTROLS,NO CONTROLS,CLEAR,DAWN,SIDESWIPE OPPOSITE DIRECTION,DIVIDED - W/MEDIAN (NOT RAISED),,STRAIGHT AND LEVEL,DRY,UNKNOWN,,INJURY AND / OR TOW DUE TO CRASH,,,,"OVER $1,500",10/26/2019 7:40,UNABLE TO DETERMINE,UNABLE TO DETERMINE,3900,W,COLUMBUS AVE,834,,,,,,,2,NO INDICATION OF INJURY,0,0,0,0,0,2,0,7,7,10,41.73756102,-87.71916759,POINT (-87.71916759275 41.737561016837)
7b64cdd4ffa9048d086dee85dd2d9bf1627a1bc46412f3b416c245c042f6ce372a3252fc22f823d479886b5b0b725b3d18d267dec9fa07ffe206bf38076595f1,JF168061,,3/9/2022 9:42,30,TRAFFIC SIGNAL,FUNCTIONING PROPERLY,CLEAR,DAYLIGHT,REAR END,DIVIDED - W/MEDIAN BARRIER,,STRAIGHT AND LEVEL,DRY,NO DEFECTS,ON SCENE,INJURY AND / OR TOW DUE TO CRASH,Y,,,"OVER $1,500",3/9/2022 9:42,UNABLE TO DETERMINE,UNABLE TO DETERMINE,501,S,HAMLIN BLVD,1133,,,,,,,4,"REPORTED, NOT EVIDENT",2,0,0,0,2,3,0,9,4,3,41.87443931,-87.71965558,POINT (-87.719655575443 41.874439308586)
61060e804c90b33e77eef295b9d116c9ab4a5488d47cdea98b37c6e915ade1d6b39453816c163bd94e8aa6dbd5a2597511d023c2e4ee21f48b0408bb0f1213d5,JF153276,,2/23/2022 8:40,30,NO CONTROLS,NO CONTROLS,CLEAR,DAYLIGHT,SIDESWIPE SAME DIRECTION,NOT DIVIDED,,STRAIGHT AND LEVEL,DRY,NO DEFECTS,NOT ON SCENE (DESK REPORT),NO INJURY / DRIVE AWAY,,,,"OVER $1,500",2/23/2022 8:50,IMPROPER LANE USAGE,UNABLE TO DETERMINE,1903,W,MONTEREY AVE,2212,,,,,,,2,NO INDICATION OF INJURY,0,0,0,0,0,2,0,8,4,2,41.69125784,-87.66871436,POINT (-87.668714360303 41.691257835462)
6d637a80dab8872b25101c049ebc2aca87da781211dc7ada6e72551f686de8978ea2c2175b024c40c405c1c8dc0425f0176ddda0e5925ceddcf5ddf2f3349a6d,JF175500,,3/16/2022 7:45,30,TRAFFIC SIGNAL,FUNCTIONING PROPERLY,CLEAR,DAYLIGHT,TURNING,FOUR WAY,,STRAIGHT AND LEVEL,DRY,UNKNOWN,ON SCENE,INJURY AND / OR TOW DUE TO CRASH,Y,,,"OVER $1,500",3/16/2022 7:55,UNABLE TO DETERMINE,UNABLE TO DETERMINE,4800,W,LAKE ST,1532,,,,,,,2,NO INDICATION OF INJURY,0,0,0,0,0,2,0,7,4,3,41.88674914,-87.74560885,POINT (-87.745608852908 41.886749139662)
61569d38499ecd21582fc33376f5762bba019aa436506263625ce54523596e30b7b55f9d7347da75730b11cb885c0367acbfe42788dfe3f50559b7cbffd6e263,JF153852,,2/23/2022 16:45,30,NO CONTROLS,NOT FUNCTIONING,CLEAR,DAWN,SIDESWIPE SAME DIRECTION,NOT DIVIDED,,STRAIGHT AND LEVEL,DRY,NO DEFECTS,NOT ON SCENE (DESK REPORT),NO INJURY / DRIVE AWAY,,,Y,"OVER $1,500",2/23/2022 17:00,UNABLE TO DETERMINE,UNABLE TO DETERMINE,2214,S,AVERS AVE,1013,,,,,,,2,NO INDICATION OF INJURY,0,0,0,0,0,3,0,16,4,2,41.85113389,-87.72122759,POINT (-87.721227586369 41.851133892142)
615861968a4de5538b1ad84bbe69de8d2320b79e3389389934baa83878ea4ea827b2b033f20f54c6162be4685e1a120519519e5fc80a6a57f0b6d35e90790cf9,JF153963,,2/23/2022 18:04,30,NO CONTROLS,NO CONTROLS,CLEAR,"DARKNESS, LIGHTED ROAD",FIXED OBJECT,DIVIDED - W/MEDIAN BARRIER,,STRAIGHT AND LEVEL,DRY,NO DEFECTS,ON SCENE,INJURY AND / OR TOW DUE TO CRASH,,,,"OVER $1,500",2/23/2022 18:07,PHYSICAL CONDITION OF DRIVER,NOT APPLICABLE,3443,S,WESTERN BLVD,912,,,,,,,1,NONINCAPACITATING INJURY,1,0,0,1,0,0,0,18,4,2,41.83085201,-87.68431582,POINT (-87.684315821534 41.83085201241)
7ca787024d66c10425e92e602556922ab660a7f438521762f198f9210f3b9e7fdbe6f6092ed555f47feae9f634147329472975540f399db51de81d62b0dd5396,JF168034,,3/9/2022 9:15,10,NO CONTROLS,NO CONTROLS,CLEAR,DAYLIGHT,PARKED MOTOR VEHICLE,PARKING LOT,,STRAIGHT AND LEVEL,DRY,NO DEFECTS,NOT ON SCENE (DESK REPORT),NO INJURY / DRIVE AWAY,,Y,,"OVER $1,500",3/9/2022 9:45,EQUIPMENT - VEHICLE CONDITION,NOT APPLICABLE,424,W,DIVISION ST,1821,,,,,,,2,NO INDICATION OF INJURY,0,0,0,0,0,1,0,9,4,3,41.90388396,-87.6394372,POINT (-87.639437201552 41.90388396114)
688cab8e5f1888e2e07756184fd6a06138d92ac2138931b28b20b3ec9799eca5a5ce8c6b5acec5ad0bb63ffe28070a0653011c43c5833db6137cdccb247fe66f,JF161275,,3/2/2022 18:54,30,TRAFFIC SIGNAL,FUNCTIONING PROPERLY,CLEAR,DUSK,TURNING,NOT DIVIDED,,STRAIGHT AND LEVEL,DRY,NO DEFECTS,ON SCENE,INJURY AND / OR TOW DUE TO CRASH,Y,,,"OVER $1,500",3/2/2022 18:54,IMPROPER TURNING/NO SIGNAL,NOT APPLICABLE,1302,W,103RD ST,2232,,,,,,,2,NO INDICATION OF INJURY,0,0,0,0,0,2,0,18,4,3,41.70690689,-87.65517202,POINT (-87.655172022757 41.706906893368)
6189017fad9b8c4da1efbd40dbcbc4d3a04c8f15f753da1a292cc6c4ebe90360e974c27822693e7870361064883c392fbc2e5adda5eab0daf713a022d6ffab39,JF153838,,2/23/2022 14:30,30,TRAFFIC SIGNAL,FUNCTIONING PROPERLY,CLEAR,DAYLIGHT,TURNING,NOT DIVIDED,,STRAIGHT AND LEVEL,DRY,UNKNOWN,NOT ON SCENE (DESK REPORT),NO INJURY / DRIVE AWAY,,,,"OVER $1,500",2/23/2022 16:35,FAILING TO YIELD RIGHT-OF-WAY,UNABLE TO DETERMINE,4699,N,WESTERN AVE,1911,,,,,,,2,NO INDICATION OF INJURY,0,0,0,0,0,3,0,14,4,2,41.96670985,-87.6886997,POINT (-87.688699704492 41.966709847431)
6e5447ed847a528a02a0e38d86b80b9777ea65d90b7212202bee725694adab966e91d0169570182f4c05eccd485d43bf3d75d1e36242b4b3a211fcf2a632cc6b,JF175891,,3/16/2022 14:02,30,TRAFFIC SIGNAL,FUNCTIONING PROPERLY,CLEAR,DAYLIGHT,ANGLE,NOT DIVIDED,,STRAIGHT AND LEVEL,DRY,NO DEFECTS,ON SCENE,INJURY AND / OR TOW DUE TO CRASH,Y,,Y,"OVER $1,500",3/16/2022 14:02,DISREGARDING TRAFFIC SIGNALS,NOT APPLICABLE,5200,W,FLOURNOY ST,1522,,N,,,,,2,NO INDICATION OF INJURY,0,0,0,0,0,2,0,14,4,3,41.87206239,-87.75490425,POINT (-87.754904245759 41.872062391906)
635b9a4e77f980993515ee9d46675e3de67ca3ee833b1e4b4a6ef0c33233bd49b4af71986cebf0b1cb275c3f9e4d12b8df9d822569f9292022efc637d6224c0c,JF146742,,2/16/2022 18:30,30,NO CONTROLS,NO CONTROLS,UNKNOWN,"DARKNESS, LIGHTED ROAD",PARKED MOTOR VEHICLE,OTHER,,STRAIGHT AND LEVEL,UNKNOWN,UNKNOWN,NOT ON SCENE (DESK REPORT),NO INJURY / DRIVE AWAY,,,,"OVER $1,500",2/16/2022 19:15,IMPROPER BACKING,NOT APPLICABLE,60,E,GRAND AVE,1834,,,,,,,2,NO INDICATION OF INJURY,0,0,0,0,0,1,0,18,4,2,41.89181437,-87.62568527,POINT (-87.625685264584 41.891814365281)
6ebbc9dc80d4652bb4690d11b4f767eb64f32bed0ef8e531d16ff5f212ae4dbfd43f546dd068e776e8bb03b976a557385990be8c4f272c838f23da56a4248ef5,JF176070,,3/16/2022 15:00,30,NO CONTROLS,NO CONTROLS,CLEAR,DAYLIGHT,TURNING,NOT DIVIDED,,STRAIGHT AND LEVEL,DRY,NO DEFECTS,NOT ON SCENE (DESK REPORT),NO INJURY / DRIVE AWAY,,,,$500 OR LESS,3/16/2022 16:25,IMPROPER LANE USAGE,IMPROPER TURNING/NO SIGNAL,8700,S,WABASH AVE,632,,,,,,,2,NO INDICATION OF INJURY,0,0,0,0,0,2,0,15,4,3,41.73628175,-87.62274791,POINT (-87.622747907919 41.736281753672)