CRASH_RECORD_ID,RD_NO,CRASH_DATE_EST_I,CRASH_DATE,POSTED_SPEED_LIMIT,TRAFFIC_CONTROL_DEVICE,DEVICE_CONDITION,WEATHER_CONDITION,LIGHTING_CONDITION,FIRST_CRASH_TYPE,TRAFFICWAY_TYPE,LANE_CNT,ALIGNMENT,ROADWAY_SURFACE_COND,ROAD_DEFECT,REPORT_TYPE,CRASH_TYPE,INTERSECTION_RELATED_I,NOT_RIGHT_OF_WAY_I,HIT_AND_RUN_I,DAMAGE,DATE_POLICE_NOTIFIED,PRIM_CONTRIBUTORY_CAUSE,SEC_CONTRIBUTORY_CAUSE,STREET_NO,STREET_DIRECTION,STREET_NAME,BEAT_OF_OCCURRENCE,PHOTOS_TAKEN_I,STATEMENTS_TAKEN_I,DOORING_I,WORK_ZONE_I,WORK_ZONE_TYPE,WORKERS_PRESENT_I,NUM_UNITS,MOST_SEVERE_INJURY,INJURIES_TOTAL,INJURIES_FATAL,INJURIES_INCAPACITATING,INJURIES_NON_INCAPACITATING,INJURIES_REPORTED_NOT_EVIDENT,INJURIES_NO_INDICATION,INJURIES_UNKNOWN,CRASH_HOUR,CRASH_DAY_OF_WEEK,CRASH_MONTH,LATITUDE,LONGITUDE,LOCATION
6940b9df3d3c542f15edfd11b8568b111e2afc5b398c021052df0c5708df67672d2fd2e47d0071a7c69c23507f24ef392e6b0be7a2023c35f57b2aa3d6cee5e8,JF161161,,3/2/2022 15:30,30,NO CONTROLS,NO CONTROLS,CLEAR,DAYLIGHT,TURNING,OTHER,,STRAIGHT AND LEVEL,DRY,NO DEFECTS,NOT ON SCENE (DESK REPORT),NO INJURY / DRIVE AWAY,,,,"OVER $1,500",3/2/2022 17:00,FAILING TO YIELD RIGHT-OF-WAY,DRIVING SKILLS/KNOWLEDGE/EXPERIENCE,4300,S,CICERO AVE,814,,,,,,,2,NO INDICATION OF INJURY,0,0,0,0,0,2,0,15,4,3,41.81483675,-87.74350148,POINT (-87.743501480634 41.81483675036)
68dce79b3a9eed8c3232ae45a119196b0cd261c92550745a4521cb54b7b1782a0f861788c2a91346fe9c43aaebde4bc8dcd3710832ada36e0a83a20afdd50c7d,JE355462,Y,8/30/2021 14:15,30,NO CONTROLS,NO CONTROLS,CLEAR,DAYLIGHT,TURNING,FOUR WAY,,STRAIGHT AND LEVEL,DRY,NO DEFECTS,,INJURY AND / OR TOW DUE TO CRASH,,,,"OVER $1,500",8/30/2021 14:30,FAILING TO YIELD RIGHT-OF-WAY,NOT APPLICABLE,2214,E,95TH ST,413,,,,,,,2,NONINCAPACITATING INJURY,1,0,0,1,0,2,0,14,2,8,41.72264854,-87.56969074,POINT (-87.569690741162 41.722648542405)
6eb2645a376a48ec7146ac39dfd931494b8a3dd831b1c2afeff76d4cec73698f0a08f2afe5ddec3ddc293171d2fd6f3741b2c9f6a70a89311787cc0eeace1047,JE344842,,8/19/2021 15:00,30,NO CONTROLS,NO CONTROLS,UNKNOWN,DAYLIGHT,ANGLE,NOT DIVIDED,,STRAIGHT AND LEVEL,UNKNOWN,UNKNOWN,,NO INJURY / DRIVE AWAY,Y,,,"OVER $1,500",8/21/2021 12:30,FAILING TO YIELD RIGHT-OF-WAY,FAILING TO YIELD RIGHT-OF-WAY,7200,S,DR MARTIN LUTHER KING JR DR,323,,,,,,,2,NO INDICATION OF INJURY,0,0,0,0,0,2,0,15,5,8,41.76379176,-87.61539362,POINT (-87.615393616365 41.763791761446)
69b5fd4eaf6e0c0fb9ce296c4f49c5ba908f4992fc594f5144d6b3f1d601b24bc9a622dea45c30aae381e05368848d3eb1a42d7251dffd1d159b535229f4a34f,JF161203,,3/2/2022 17:35,30,STOP SIGN/FLASHER,FUNCTIONING PROPERLY,CLEAR,DUSK,PARKED MOTOR VEHICLE,T-INTERSECTION,,STRAIGHT AND LEVEL,DRY,NO DEFECTS,ON SCENE,NO INJURY / DRIVE AWAY,,,,$500 OR LESS,3/2/2022 17:35,FOLLOWING TOO CLOSELY,NOT APPLICABLE,1506,N,MILWAUKEE AVE,1424,,,,,,,2,NO INDICATION OF INJURY,0,0,0,0,0,1,0,17,4,3,41.90896025,-87.67547637,POINT (-87.675476371125 41.908960247383)
7f674026e202cf280aae64b38ebaaea0d2ed60d927677da18b41d2233a7685933fd74d7df75cbb4d3b43efb0d47efff89fb823fb454ee87a2fa9e057f47e4b34,JF168017,,3/9/2022 8:10,30,STOP SIGN/FLASHER,FUNCTIONING PROPERLY,CLEAR,DAYLIGHT,TURNING,FOUR WAY,,STRAIGHT AND LEVEL,DRY,NO DEFECTS,NOT ON SCENE (DESK REPORT),NO INJURY / DRIVE AWAY,Y,,,"OVER $1,500",3/9/2022 9:04,FAILING TO YIELD RIGHT-OF-WAY,NOT APPLICABLE,9900,S,THROOP ST,2213,,,,,,,2,NO INDICATION OF INJURY,0,0,0,0,0,2,0,8,4,3,41.71395125,-87.65531356,POINT (-87.655313564169 41.713951249155)
63515521bec2c1690fff96684efe4779de2eb23fe86c319e774efe0ec93e4641fd90debc4cdd0318c995dadad919b46b31c25503f4f224974db8e86701a8e696,JF153693,,2/23/2022 14:30,30,NO CONTROLS,NO CONTROLS,CLEAR,DAYLIGHT,SIDESWIPE SAME DIRECTION,ONE-WAY,,STRAIGHT AND LEVEL,DRY,NO DEFECTS,NOT ON SCENE (DESK REPORT),NO INJURY / DRIVE AWAY,,,,"OVER $1,500",2/23/2022 15:00,FAILING TO YIELD RIGHT-OF-WAY,NOT APPLICABLE,2845,W,BARRY AVE,1411,,,,,,,2,NO INDICATION OF INJURY,0,0,0,0,0,2,0,14,4,2,41.9374484,-87.69956817,POINT (-87.69956817435 41.937448401323)
7078bcab6533fc2e32c6df71100d15c94cab0f27c4994baf247ac9d59e8f30fd54efe5b6ab74b7cad8623e0664b74a2b461089316d22725729ee8d875f43249d,JF175354,,3/16/2022 1:23,30,NO CONTROLS,NO CONTROLS,CLEAR,"DARKNESS, LIGHTED ROAD",ANGLE,NOT DIVIDED,,STRAIGHT AND LEVEL,DRY,UNKNOWN,ON SCENE,INJURY AND / OR TOW DUE TO CRASH,,,Y,"OVER $1,500",3/16/2022 1:24,NOT APPLICABLE,NOT APPLICABLE,7201,S,RACINE AVE,733,,,,,,,2,NO INDICATION OF INJURY,0,0,0,0,0,2,0,1,4,3,41.76319534,-87.65392057,POINT (-87.653920565133 41.763195340866)
7e29a02623d37a5302b281346ae1900227b2ae329dc827f867d671ecb4a303c96d0c2c23f121308a452e8024a6875dab427529afe2bee17cc143b9ec9713fd22,JE453515,,11/22/2021 12:35,10,UNKNOWN,UNKNOWN,CLEAR,DAYLIGHT,SIDESWIPE SAME DIRECTION,NOT DIVIDED,,STRAIGHT AND LEVEL,UNKNOWN,UNKNOWN,,NO INJURY / DRIVE AWAY,,,,"OVER $1,500",11/22/2021 12:45,UNABLE TO DETERMINE,NOT APPLICABLE,1607,W,FULLERTON AVE,1811,,,,,,,2,NO INDICATION OF INJURY,0,0,0,0,0,2,0,12,2,11,41.92503697,-87.66851499,POINT (-87.668514990308 41.925036971007)
722162aa56481b1d45ca93b611ab0f10454dfae0313e42a9701ebc2b6ed48aeab9900b1f11a43213e6b895f1e1f611894878f23d209bd463bbe885d01546d2e4,JF176339,,3/16/2022 18:47,30,TRAFFIC SIGNAL,FUNCTIONING PROPERLY,CLEAR,DAYLIGHT,SIDESWIPE SAME DIRECTION,DIVIDED - W/MEDIAN BARRIER,,STRAIGHT AND LEVEL,DRY,NO DEFECTS,NOT ON SCENE (DESK REPORT),NO INJURY / DRIVE AWAY,Y,,,$500 OR LESS,3/16/2022 20:00,IMPROPER OVERTAKING/PASSING,NOT APPLICABLE,1200,S,ASHLAND AVE,1233,,,,,,,2,NO INDICATION OF INJURY,0,0,0,0,0,2,0,18,4,3,41.86681578,-87.66652926,POINT (-87.666529262922 41.86681578431)
6b918f831d83c967e72998ebacf4ad3bdf74b7ab9acb03a42422ab85728159aa04ed10dc3afdeb2b27c8eeed1a7ce0c503fc83582bac38b710128af83a53c8ac,JF161124,,3/2/2022 16:23,30,NO CONTROLS,NO CONTROLS,CLEAR,DAYLIGHT,REAR END,NOT DIVIDED,,STRAIGHT AND LEVEL,DRY,NO DEFECTS,ON SCENE,NO INJURY / DRIVE AWAY,,,Y,"OVER $1,500",3/2/2022 16:40,UNABLE TO DETERMINE,NOT APPLICABLE,8714,S,EXCHANGE AVE,423,,,,,,,2,NO INDICATION OF INJURY,0,0,0,0,0,3,0,16,4,3,41.73687437,-87.55294976,POINT (-87.552949760053 41.736874367966)
81893285012e12a7b87385873af595e1be9a89ab3382384246245745a9010b9de2c37cd84ca2346031682a62b976c36b3bbac3a1de5d226c4d2c45586f794a71,JF168180,,3/9/2022 12:20,30,TRAFFIC SIGNAL,FUNCTIONING PROPERLY,CLEAR,DAYLIGHT,SIDESWIPE SAME DIRECTION,ONE-WAY,,STRAIGHT AND LEVEL,DRY,NO DEFECTS,NOT ON SCENE (DESK REPORT),NO INJURY / DRIVE AWAY,Y,,,"OVER $1,500",3/9/2022 12:35,IMPROPER LANE USAGE,NOT APPLICABLE,750,N,RUSH ST,1833,,,,,,,2,NO INDICATION OF INJURY,0,0,0,0,0,2,0,12,4,3,41.89645531,-87.62564517,POINT (-87.625645166504 41.896455313367)
725916689c7564fa7a7011175475853d5db0808f09b44f7ae9a65cb77fbbebaf9f1dea01d6b6d04f7f63a92b258b32e45c2b2470a11da64483179b573e9f019c,JD438778,,11/22/2020 14:35,10,NO CONTROLS,NO CONTROLS,CLEAR,DAYLIGHT,PARKED MOTOR VEHICLE,PARKING LOT,,STRAIGHT AND LEVEL,DRY,NO DEFECTS,,NO INJURY / DRIVE AWAY,,,,"OVER $1,500",11/22/2020 14:45,UNABLE TO DETERMINE,NOT APPLICABLE,3320,W,BELMONT AVE,1733,,Y,,,,,2,NO INDICATION OF INJURY,0,0,0,0,0,2,0,14,1,11,41.93940519,-87.71090059,POINT (-87.710900591809 41.939405187888)
7febb9c72c772b60a8850b7d118a94f0e33cc57f029f9a645f75c8639d86e7f51e60226d98b8abb8c2abd429351c797bfa4ae6f2de360c11afc8334d774caca4,JD472146,,12/28/2020 23:45,30,STOP SIGN/FLASHER,NO CONTROLS,CLEAR,"DARKNESS, LIGHTED ROAD",PEDESTRIAN,FOUR WAY,,STRAIGHT AND LEVEL,DRY,NO DEFECTS,,NO INJURY / DRIVE AWAY,,,Y,$500 OR LESS,12/28/2020 23:45,FAILING TO YIELD RIGHT-OF-WAY,NOT APPLICABLE,2200,W,RICE ST,1212,,,,,,,2,NO INDICATION OF INJURY,0,0,0,0,0,3,0,23,2,12,41.89685516,-87.68209953,POINT (-87.682099524569 41.896855157449)
6c0d21a347c58daf67ee56724a3198eae47605e74fc923f6613d0bfc82530a92e7500371d69e23364e5c65d177c7dc3b6710036e2ba97c0b7bbcfb3356dc711c,JF160902,,3/2/2022 12:30,30,TRAFFIC SIGNAL,FUNCTIONING PROPERLY,CLEAR,DAYLIGHT,REAR END,NOT DIVIDED,,STRAIGHT AND LEVEL,DRY,NO DEFECTS,NOT ON SCENE (DESK REPORT),NO INJURY / DRIVE AWAY,,,,"OVER $1,500",3/2/2022 13:25,NOT APPLICABLE,NOT APPLICABLE,230,N,DEARBORN ST,111,,,,,,,2,NO INDICATION OF INJURY,0,0,0,0,0,2,0,12,4,3,41.88652043,-87.62967034,POINT (-87.629670335284 41.886520430076)
749e5c5ec41747731141225fa7cfe1b902fe51f5b90a6c7707c34dd890dde50852baec89db21c45c5419aafba5186ca0380687fa396bb47f3582b6b23b4bd1ee,JF176212,,3/16/2022 17:20,30,TRAFFIC SIGNAL,FUNCTIONING PROPERLY,CLEAR,DAYLIGHT,SIDESWIPE SAME DIRECTION,FOUR WAY,,STRAIGHT AND LEVEL,DRY,NO DEFECTS,NOT ON SCENE (DESK REPORT),NO INJURY / DRIVE AWAY,,,Y,"$501 - $1,500",3/16/2022 18:00,IMPROPER LANE USAGE,IMPROPER LANE USAGE,600,S,CLARK ST,123,,,,,,,2,NO INDICATION OF INJURY,0,0,0,0,0,2,0,17,4,3,41.87446138,-87.63082044,POINT (-87.630820444034 41.874461383541)
64fd1fd05c54f3bd0ad4c802bff58155631d8f51e47419740f4e1d00ab2eca4024b1562c92d5d872af6b0030bdc47e58e14fb09d41238ce543494e80855121fe,JF154744,,2/23/2022 17:40,35,NO CONTROLS,NO CONTROLS,SNOW,DAYLIGHT,SIDESWIPE SAME DIRECTION,NOT DIVIDED,,STRAIGHT AND LEVEL,WET,NO DEFECTS,ON SCENE,NO INJURY / DRIVE AWAY,,,Y,"OVER $1,500",2/23/2022 17:55,FOLLOWING TOO CLOSELY,FOLLOWING TOO CLOSELY,2650,W,PETERSON AVE,2413,,,,,,,2,NO INDICATION OF INJURY,0,0,0,0,0,2,0,17,4,2,41.99056874,-87.69659414,POINT (-87.696594144061 41.99056873792)
806e8789ee06bc029fc27070729b4735d9ca40b412885700f863cbe2cdf24003d54b8fa69ea83c5371063cfcb025def2ea38046f720e46a552d3d1ef2c86e61c,JE229776,,5/14/2021 10:15,30,STOP SIGN/FLASHER,FUNCTIONING PROPERLY,CLEAR,DAYLIGHT,REAR END,NOT DIVIDED,,STRAIGHT AND LEVEL,DRY,NO DEFECTS,,NO INJURY / DRIVE AWAY,,,,"OVER $1,500",5/14/2021 11:30,FOLLOWING TOO CLOSELY,UNABLE TO DETERMINE,700,W,79TH ST,621,,,,,,,2,NO INDICATION OF INJURY,0,0,0,0,0,3,0,10,6,5,41.7507875,-87.64166665,POINT (-87.64166664542 41.750787498481)
651331fd831a4c2c2c07ea11509504100daab057e9dc6bc5b6ba25670d29bd0aab6e4fb674d290c58df18dbf83e950cafa0a11e25743addd4f85d6145700a104,JF153350,,2/23/2022 9:13,30,TRAFFIC SIGNAL,FUNCTIONING PROPERLY,CLEAR,DAYLIGHT,TURNING,DIVIDED - W/MEDIAN (NOT RAISED),,STRAIGHT AND LEVEL,DRY,NO DEFECTS,NOT ON SCENE (DESK REPORT),INJURY AND / OR TOW DUE TO CRASH,,,Y,"OVER $1,500",2/23/2022 10:05,IMPROPER TURNING/NO SIGNAL,IMPROPER TURNING/NO SIGNAL,1200,W,ROOSEVELT RD,1231,,,,,,,2,"REPORTED, NOT EVIDENT",1,0,0,0,1,1,0,9,4,2,41.86710548,-87.65674501,POINT (-87.656745011924 41.867105475026)
660ea1c5dd644edd52d96fd59fecceb89c4a2fb5865afaca202ae15214cb1f7645846de1751532c1a4221979980ffdfbb48f246a75b511ccf3eecfde4188bb5f,JF146171,,2/16/2022 10:30,30,NO CONTROLS,NO CONTROLS,CLOUDY/OVERCAST,DAYLIGHT,TURNING,ONE-WAY,,STRAIGHT AND LEVEL,DRY,UNKNOWN,ON SCENE,INJURY AND / OR TOW DUE TO CRASH,,,,"OVER $1,500",2/16/2022 10:53,IMPROPER LANE USAGE,IMPROPER TURNING/NO SIGNAL,1836,W,WASHINGTON BLVD,1223,,,,,,,2,"REPORTED, NOT EVIDENT",1,0,0,0,1,1,0,10,4,2,41.88330875,-87.67328598,POINT (-87.673285980344 41.883308748327)
65042087730067a06885897bb47a1eca6b461ccfe96d9e95952ce55eddf818aa894c65944009e1f8f71f7e52152b306177f83db138d8b401f0939bf60307196d,JE426596,,10/28/2021 18:40,35,STOP SIGN/FLASHER,FUNCTIONING PROPERLY,RAIN,"DARKNESS, LIGHTED ROAD",TURNING,DIVIDED - W/MEDIAN (NOT RAISED),,STRAIGHT AND LEVEL,WET,NO DEFECTS,,NO INJURY / DRIVE AWAY,Y,,,"OVER $1,500",10/29/2021 14:30,FOLLOWING TOO CLOSELY,UNABLE TO DETERMINE,8300,S,HOLLAND RD,622,,,,,,,2,NO INDICATION OF INJURY,0,0,0,0,0,2,0,18,5,10,41.74342733,-87.63218113,POINT (-87.632181132025 41.743427333057)
6d00cfe1e43b4ecb74adafe85dc9f4b9ea955d30761d45bc62604a6e1d5476595240c34f9d47c6cfcad78a1c618cc02cfecf1aa11394406b38bd67d8fa3665f3,JC470452,,10/12/2019 19:29,30,NO CONTROLS,NO CONTROLS,CLEAR,DARKNESS,REAR END,NOT DIVIDED,,STRAIGHT AND LEVEL,DRY,NO DEFECTS,,NO INJURY / DRIVE AWAY,,,Y,$500 OR LESS,10/12/2019 20:12,UNABLE TO DETERMINE,NOT APPLICABLE,1400,W,NORTH AVE,1433,,,,,,,3,NO INDICATION OF INJURY,0,0,0,0,0,3,0,19,7,10,41.91080682,-87.66310493,POINT (-87.66310493406 41.910806819199)
82d048092ca845b440d2b018f8af2adbebd88b7f6d02a8cc2c3cd1136709203c6dd73e29075776a5a2591aad97985ded50a66cfa49728cd61026f00e1faa8509,JF168758,,3/9/2022 21:00,30,TRAFFIC SIGNAL,FUNCTIONING PROPERLY,CLEAR,"DARKNESS, LIGHTED ROAD",REAR TO FRONT,DIVIDED - W/MEDIAN (NOT RAISED),,STRAIGHT AND LEVEL,DRY,NO DEFECTS,NOT ON SCENE (DESK REPORT),NO INJURY / DRIVE AWAY,Y,,Y,"OVER $1,500",3/9/2022 21:45,IMPROPER BACKING,NOT APPLICABLE,1130,N,CENTRAL PARK AVE,1112,,,,,,,2,NO INDICATION OF INJURY,0,0,0,0,0,2,0,21,4,3,41.90187777,-87.71667869,POINT (-87.716678691056 41.901877773944)
75fe33fc94eeb39606062eb998d7e74abcdaa2400627fabc8a4bc53b4a201d8d533a489b6394717de794e28e616d4ff5a76387a697f5fcab3d04ffef79b2be60,,,3/31/2022 2:27,30,NO CONTROLS,NO CONTROLS,RAIN,"DARKNESS, LIGHTED ROAD",SIDESWIPE SAME DIRECTION,NOT DIVIDED,,STRAIGHT AND LEVEL,WET,NO DEFECTS,ON SCENE,INJURY AND / OR TOW DUE TO CRASH,,,,"OVER $1,500",3/31/2022 2:45,NOT APPLICABLE,NOT APPLICABLE,902,E,75TH ST,323,,,,,,,2,NO INDICATION OF INJURY,0,0,0,0,0,2,0,2,5,3,41.7587209,-87.60279486,POINT (-87.602794863165 41.758720896211)
6dcabb5a42034622654c275045c1c3d9adb1a8fb353a77f2ce159a611574bb37c8705403486aeed404162a5b66f3be2baf5fa38ca88875c5414bd363283eda05,JF175611,,3/5/2022 17:00,30,NO CONTROLS,NO CONTROLS,CLEAR,DAYLIGHT,SIDESWIPE SAME DIRECTION,NOT DIVIDED,,STRAIGHT AND LEVEL,DRY,NO DEFECTS,,NO INJURY / DRIVE AWAY,,,,"OVER $1,500",3/16/2022 10:30,UNABLE TO DETERMINE,NOT APPLICABLE,5714,W,FULLERTON AVE,2515,,,,,,,2,NO INDICATION OF INJURY,0,0,0,0,0,2,0,17,7,3,41.92404171,-87.76912344,POINT (-87.769123441729 41.924041713761)
766dba02e2668dd3d640b58bb7220b6c77eadd552fcd2b540adb7ad9db2b30f98db17e5a188bf048d4a20256eb46e543b2d5002ef6dd529eeac73118ced55cfa,JF175979,,3/16/2022 14:00,15,NO CONTROLS,NO CONTROLS,UNKNOWN,UNKNOWN,PARKED MOTOR VEHICLE,PARKING LOT,,STRAIGHT AND LEVEL,UNKNOWN,UNKNOWN,NOT ON SCENE (DESK REPORT),NO INJURY / DRIVE AWAY,,Y,,$500 OR LESS,3/16/2022 15:25,UNABLE TO DETERMINE,UNABLE TO DETERMINE,1763,W,HOWARD ST,2422,,,,,,,2,NO INDICATION OF INJURY,0,0,0,0,0,1,0,14,4,3,42.01928855,-87.67505851,POINT (-87.675058509388 42.019288550088)
6ead8991e25d765d461b81a9a7068a368cac3032c0ae5777d2f57ce0514196e8697d14ef5260a1062dceeac316d0aa81a978479e6fb2468cf0ba4a174b57c0e1,JF160565,,3/2/2022 7:30,30,NO CONTROLS,NO CONTROLS,CLEAR,DAYLIGHT,REAR TO FRONT,NOT DIVIDED,,STRAIGHT AND LEVEL,DRY,UNKNOWN,NOT ON SCENE (DESK REPORT),NO INJURY / DRIVE AWAY,,,,$500 OR LESS,3/2/2022 7:45,UNABLE TO DETERMINE,UNABLE TO DETERMINE,2600,W,CATALPA AVE,2011,,,,,,,2,NO INDICATION OF INJURY,0,0,0,0,0,3,0,7,4,3,41.98143067,-87.6943599,POINT (-87.694359898121 41.981430674106)
6781b714ebf1b5f597bf0f6836776c30501296aaa0ca389810335c8aca21ef45497f92bd60b2bda3d33d6e85a18a5dea3087fdb977ca95bf840ac39cbf4d58d3,JF146863,,2/16/2022 21:00,30,TRAFFIC SIGNAL,FUNCTIONING PROPERLY,RAIN,"DARKNESS, LIGHTED ROAD",SIDESWIPE SAME DIRECTION,DIVIDED - W/MEDIAN (NOT RAISED),,STRAIGHT AND LEVEL,WET,NO DEFECTS,NOT ON SCENE (DESK REPORT),NO INJURY / DRIVE AWAY,Y,,,"$501 - $1,500",2/16/2022 22:00,IMPROPER TURNING/NO SIGNAL,IMPROPER LANE USAGE,199,N,STATE ST,111,,,,,,,2,NO INDICATION OF INJURY,0,0,0,0,0,2,0,21,4,2,41.88571936,-87.62779246,POINT (-87.627792461951 41.88571936101)
83c13b4b240d11354573a980ac520f5d39120d0851320b4fdc45ab39ea243877679ca955a31c4573d5ac7e3a70258004909c11db4e6bca2c691a95bb2499c3e3,JF182840,,3/22/2022 15:11,30,STOP SIGN/FLASHER,NO CONTROLS,CLEAR,DAYLIGHT,TURNING,DIVIDED - W/MEDIAN (NOT RAISED),,STRAIGHT AND LEVEL,DRY,UNKNOWN,ON SCENE,NO INJURY / DRIVE AWAY,,,,"OVER $1,500",3/22/2022 15:11,UNABLE TO DETERMINE,NOT APPLICABLE,7130,S,STONY ISLAND AVE,324,,,,,,,2,NO INDICATION OF INJURY,0,0,0,0,0,3,0,15,3,3,41.76518227,-87.58645119,POINT (-87.586451193683 41.765182268)
84484f87b544a249e39c95a20dc8af7ada4f53d1bde75730724bc3dddc80fe094888d76c175a797192a1a68b8b7ca71ca5238382bf2b23ea39190cfd5c812b0a,JF167995,,3/9/2022 9:25,30,NO CONTROLS,NO CONTROLS,CLEAR,DAYLIGHT,PARKED MOTOR VEHICLE,NOT DIVIDED,,STRAIGHT AND LEVEL,DRY,UNKNOWN,ON SCENE,INJURY AND / OR TOW DUE TO CRASH,,,,"OVER $1,500",3/9/2022 9:26,EQUIPMENT - VEHICLE CONDITION,UNABLE TO DETERMINE,1336,E,47TH ST,222,,,,,,,2,NO INDICATION OF INJURY,0,0,0,0,0,2,0,9,4,3,41.80978742,-87.59361448,POINT (-87.593614484154 41.809787419119)
6753c82d3f1484b0e7ed0762573c45239467b11376e2d534420cb65baff4e87efd1936cf1ef18604b1f83b49a329764a2e0d947d7c88efd6790073e1c365e69b,JF153752,,2/23/2022 14:00,30,NO CONTROLS,NO CONTROLS,CLEAR,DAYLIGHT,PARKED MOTOR VEHICLE,NOT DIVIDED,,STRAIGHT AND LEVEL,DRY,NO DEFECTS,ON SCENE,INJURY AND / OR TOW DUE TO CRASH,,,,"OVER $1,500",2/23/2022 15:26,UNABLE TO DETERMINE,NOT APPLICABLE,1031,W,WILLOW ST,1811,,,,,,,2,NO INDICATION OF INJURY,0,0,0,0,0,1,0,14,4,2,41.91299953,-87.65424267,POINT (-87.654242667439 41.912999533013)
85459fec7b0c1aa2469939287a73f57e709f758f893542a2244e17e050009eef2dc3a1123353374eb53a8ac2df1198cfb68d50dbeaa4dc25f46e223bfccdce35,JF168465,,3/9/2022 16:20,30,NO CONTROLS,NO CONTROLS,CLEAR,DAYLIGHT,SIDESWIPE SAME DIRECTION,NOT DIVIDED,,STRAIGHT AND LEVEL,DRY,NO DEFECTS,NOT ON SCENE (DESK REPORT),NO INJURY / DRIVE AWAY,,,,"OVER $1,500",3/9/2022 16:45,UNABLE TO DETERMINE,NOT APPLICABLE,1800,W,87TH ST,614,,,,,,,2,NO INDICATION OF INJURY,0,0,0,0,0,2,0,16,4,3,41.7358339,-87.66798786,POINT (-87.667987863621 41.735833895809)
6846809973ceb458ee1b2a1cebd17b254553c71511f0d7a4ba7f091e583e40f42721a6d9c53f041242278f0246c635cef2d4348be941da59fb3f6d3c1fdcb52a,JF146256,,2/16/2022 12:16,35,NO CONTROLS,NO CONTROLS,CLOUDY/OVERCAST,DAYLIGHT,OVERTURNED,OTHER,,STRAIGHT AND LEVEL,DRY,NO DEFECTS,ON SCENE,INJURY AND / OR TOW DUE TO CRASH,,,,"OVER $1,500",2/16/2022 12:16,UNABLE TO DETERMINE,NOT APPLICABLE,12110,S,HALSTED ST,524,,,,,,,1,NO INDICATION OF INJURY,0,0,0,0,0,1,0,12,4,2,41.67374571,-87.64191879,POINT (-87.64191878891 41.673745707401)
86ae76ba14e9d6a25c961a3ab0a17e67e24fe8a38b3a12d43121b5c90ea43802a98bf70544579056f1c85de6be0d5c3e9365492a617aa67ee6bc0a75e54c71c7,JF168829,,3/9/2022 22:35,30,NO CONTROLS,NO CONTROLS,CLEAR,"DARKNESS, LIGHTED ROAD",PARKED MOTOR VEHICLE,ONE-WAY,,STRAIGHT AND LEVEL,DRY,NO DEFECTS,ON SCENE,INJURY AND / OR TOW DUE TO CRASH,,,,"OVER $1,500",3/9/2022 23:14,DISTRACTION - FROM INSIDE VEHICLE,NOT APPLICABLE,2207,W,37TH ST,912,,,,,,,2,NO INDICATION OF INJURY,0,0,0,0,0,1,0,22,4,3,41.82657539,-87.68045366,POINT (-87.680453663431 41.826575388358)
86b027443d8e6aedf57d85ad94e9166d060550d5a5102f00ac15a8b251f40bb2086d9a25a558e28b6a62d02a5e0c0db9a9ec4e56b5d38cd2bbfbd8431b5206f3,JF169517,,3/9/2022 11:10,30,NO CONTROLS,NO CONTROLS,CLEAR,DAYLIGHT,PARKED MOTOR VEHICLE,NOT DIVIDED,,STRAIGHT AND LEVEL,DRY,UNKNOWN,NOT ON SCENE (DESK REPORT),NO INJURY / DRIVE AWAY,,,Y,"OVER $1,500",3/10/2022 16:00,UNABLE TO DETERMINE,UNABLE TO DETERMINE,5946,N,GLENWOOD AVE,2013,,,,,,,2,NO INDICATION OF INJURY,0,0,0,0,0,1,0,11,4,3,41.99043385,-87.66530074,POINT (-87.665300743433 41.990433844621)
840500a7711f6ba432932407c8e167c63da8cb3355edc58fe74fbc36cc09cea94b7349b0e091ec1f297fa4082ec07fe6470db6fe39b4284c1655cc88e2813add,JF183000,,3/22/2022 17:05,30,TRAFFIC SIGNAL,FUNCTIONING PROPERLY,RAIN,DAYLIGHT,ANGLE,FOUR WAY,,STRAIGHT AND LEVEL,WET,NO DEFECTS,ON SCENE,INJURY AND / OR TOW DUE TO CRASH,Y,,,"OVER $1,500",3/22/2022 17:11,DISREGARDING TRAFFIC SIGNALS,DRIVING SKILLS/KNOWLEDGE/EXPERIENCE,601,N,STATE ST,1834,,,,,,,2,NO INDICATION OF INJURY,0,0,0,0,0,3,0,17,3,3,41.89251729,-87.62794972,POINT (-87.627949717658 41.89251729287)
69327c4960348ce0693a29bbe0d2822b6da7fb3e062bad9e4c3696e245f9c3c4a9699c65ee9b979474b0861018f4f20bfc95b6da3c90f11678c821362a2b22ec,JF146607,,2/16/2022 17:00,30,UNKNOWN,UNKNOWN,UNKNOWN,DAYLIGHT,SIDESWIPE SAME DIRECTION,NOT DIVIDED,,STRAIGHT AND LEVEL,UNKNOWN,UNKNOWN,ON SCENE,NO INJURY / DRIVE AWAY,,,Y,"OVER $1,500",2/16/2022 17:05,NOT APPLICABLE,NOT APPLICABLE,3908,W,18TH ST,1014,,,,,,,2,NO INDICATION OF INJURY,0,0,0,0,0,2,0,17,4,2,41.85717961,-87.72282009,POINT (-87.722820085835 41.857179606902)