CRASH_RECORD_ID,RD_NO,CRASH_DATE_EST_I,CRASH_DATE,POSTED_SPEED_LIMIT,TRAFFIC_CONTROL_DEVICE,DEVICE_CONDITION,WEATHER_CONDITION,LIGHTING_CONDITION,FIRST_CRASH_TYPE,TRAFFICWAY_TYPE,LANE_CNT,ALIGNMENT,ROADWAY_SURFACE_COND,ROAD_DEFECT,REPORT_TYPE,CRASH_TYPE,INTERSECTION_RELATED_I,NOT_RIGHT_OF_WAY_I,HIT_AND_RUN_I,DAMAGE,DATE_POLICE_NOTIFIED,PRIM_CONTRIBUTORY_CAUSE,SEC_CONTRIBUTORY_CAUSE,STREET_NO,STREET_DIRECTION,STREET_NAME,BEAT_OF_OCCURRENCE,PHOTOS_TAKEN_I,STATEMENTS_TAKEN_I,DOORING_I,WORK_ZONE_I,WORK_ZONE_TYPE,WORKERS_PRESENT_I,NUM_UNITS,MOST_SEVERE_INJURY,INJURIES_TOTAL,INJURIES_FATAL,INJURIES_INCAPACITATING,INJURIES_NON_INCAPACITATING,INJURIES_REPORTED_NOT_EVIDENT,INJURIES_NO_INDICATION,INJURIES_UNKNOWN,CRASH_HOUR,CRASH_DAY_OF_WEEK,CRASH_MONTH,LATITUDE,LONGITUDE,LOCATION
7025e8f026074be7235ea278cd6f5daf3d241b5b825119cdeff992481b2d9a1f6cbbcea8b12f176de9aeeeb4178ab8dba21eecf2c12d4ca22f79540183e8c1ff,JF161008,,3/2/2022 14:32,15,NO CONTROLS,NO CONTROLS,CLEAR,DAYLIGHT,PEDESTRIAN,PARKING LOT,,STRAIGHT AND LEVEL,DRY,NO DEFECTS,ON SCENE,INJURY AND / OR TOW DUE TO CRASH,,,,$500 OR LESS,3/2/2022 14:50,IMPROPER BACKING,NOT APPLICABLE,8145,S,PULASKI RD,834,,,,,,,2,NONINCAPACITATING INJURY,1,0,0,1,0,1,0,14,4,3,41.74447217,-87.72160213,POINT (-87.721602130824 41.744472165415)
70428831f58b30a39cc07984527b3ab0bd1f40199a9effacb60f73c8a207598ee38814dd0fb0b8fba1c8d35da3e16b4f9691e37f59bc4a73b86e48f4c03d52c0,JF164172,,3/2/2022 15:30,30,NO CONTROLS,NO CONTROLS,CLEAR,DAWN,PARKED MOTOR VEHICLE,OTHER,,STRAIGHT AND LEVEL,DRY,NO DEFECTS,NOT ON SCENE (DESK REPORT),NO INJURY / DRIVE AWAY,,,Y,"OVER $1,500",3/5/2022 13:18,UNABLE TO DETERMINE,UNABLE TO DETERMINE,6900,S,CRANDON AVE,331,,,,,,,2,NO INDICATION OF INJURY,0,0,0,0,0,1,0,15,4,3,41.76977855,-87.5700153,POINT (-87.570015300923 41.76977854545)
78abc952d9ca74923e238d2b3401a55cc175d4119afd121259d30d534e0cc963a40b229be371ef89becd2c9cb3054d1b429c74e3792bfd5ca5af7342dbf56658,JF175649,,3/16/2022 10:39,30,NO CONTROLS,NO CONTROLS,CLEAR,DAYLIGHT,SIDESWIPE SAME DIRECTION,NOT DIVIDED,,STRAIGHT AND LEVEL,DRY,NO DEFECTS,ON SCENE,NO INJURY / DRIVE AWAY,,,,"$501 - $1,500",3/16/2022 10:41,IMPROPER LANE USAGE,NOT APPLICABLE,4530,S,ARCHER AVE,821,,,,,,,2,NO INDICATION OF INJURY,0,0,0,0,0,2,0,10,4,3,41.81077184,-87.70987777,POINT (-87.709877774223 41.810771843918)
686cbaf83c636fed6a167ad60558e3451a9d47541fd97bc1d0d9e1628eef242d27e86a27849013f791086e4e055d297591a785c32e34a5dfbe72ba0cc4058aee,JF153495,,2/23/2022 11:30,30,TRAFFIC SIGNAL,FUNCTIONING PROPERLY,CLEAR,DAYLIGHT,REAR END,DIVIDED - W/MEDIAN (NOT RAISED),,STRAIGHT AND LEVEL,DRY,NO DEFECTS,NOT ON SCENE (DESK REPORT),NO INJURY / DRIVE AWAY,,,,"$501 - $1,500",2/23/2022 12:00,FAILING TO REDUCE SPEED TO AVOID CRASH,UNABLE TO DETERMINE,3758,W,FULLERTON AVE,2524,,,,,,,2,NO INDICATION OF INJURY,0,0,0,0,0,2,0,11,4,2,41.92465294,-87.7218233,POINT (-87.721823299175 41.924652941021)
8827d7874b67e664adca2731e0cc3ad5fbf6e6e43e4d4df79d40c32d297c52bae729c78e13343c6d1d79effbe4dee468ecc96cdc4908f5dfe5990feb57c7c3db,JF168369,,3/9/2022 15:00,15,NO CONTROLS,NO CONTROLS,CLEAR,DAYLIGHT,TURNING,PARKING LOT,,STRAIGHT AND LEVEL,DRY,NO DEFECTS,NOT ON SCENE (DESK REPORT),NO INJURY / DRIVE AWAY,,,,"OVER $1,500",3/9/2022 15:45,DISREGARDING OTHER TRAFFIC SIGNS,FAILING TO YIELD RIGHT-OF-WAY,6701,S,PULASKI RD,833,,,,,,,2,NO INDICATION OF INJURY,0,0,0,0,0,2,0,15,4,3,41.77133047,-87.72242818,POINT (-87.72242817856 41.771330472676)
88fd20dfc82336abf3292834fc31834bb7b21fd03ab4dea62ac19cc4cc0c0068b52a669564dd274b75bce912bce67a094b2b696f43130ed10c192986c9bd9435,JF168632,,3/9/2022 17:45,30,NO CONTROLS,NO CONTROLS,CLEAR,DAYLIGHT,REAR END,ONE-WAY,,STRAIGHT AND LEVEL,DRY,NO DEFECTS,NOT ON SCENE (DESK REPORT),NO INJURY / DRIVE AWAY,,,Y,$500 OR LESS,3/9/2022 19:30,FAILING TO REDUCE SPEED TO AVOID CRASH,UNABLE TO DETERMINE,4700,S,LAKE PARK AVE,222,,,,,,,2,NO INDICATION OF INJURY,0,0,0,0,0,2,0,17,4,3,41.80953478,-87.59245022,POINT (-87.592450223394 41.809534780826)
857d7084ba00b4916cc6ae1e1a50d17c438d978077aa8e8f0a25bbb79a6ce230278b4c798d9133aa2fb0ae8867b3edf30ecb318c9d16fc32895388ac8fa39d0e,JF183037,,3/22/2022 16:30,30,TRAFFIC SIGNAL,FUNCTIONING PROPERLY,CLOUDY/OVERCAST,DAYLIGHT,REAR END,DIVIDED - W/MEDIAN (NOT RAISED),,STRAIGHT AND LEVEL,WET,UNKNOWN,NOT ON SCENE (DESK REPORT),NO INJURY / DRIVE AWAY,,,,"OVER $1,500",3/22/2022 18:05,UNABLE TO DETERMINE,UNABLE TO DETERMINE,1030,W,CHICAGO AVE,1213,,,,,,,2,NO INDICATION OF INJURY,0,0,0,0,0,2,0,16,3,3,41.89640005,-87.65374951,POINT (-87.65374951159 41.896400053928)
85c5e8386269d8867b1df9c8203247b0d0b62c7cfbfd39cac4b77bf948cadd36fa9a4bac7f8d7d2aa8d5e44f65091324e6ba6b1b43f0181c4a690fa88e4c6235,JF182468,,3/22/2022 10:25,40,NO CONTROLS,NO CONTROLS,RAIN,DAYLIGHT,SIDESWIPE SAME DIRECTION,DIVIDED - W/MEDIAN BARRIER,,"CURVE, LEVEL",WET,NO DEFECTS,ON SCENE,NO INJURY / DRIVE AWAY,,,,"OVER $1,500",3/22/2022 10:29,FAILING TO REDUCE SPEED TO AVOID CRASH,WEATHER,1000,N,LAKE SHORE DR SB,1824,,,,,,,2,NO INDICATION OF INJURY,0,0,0,0,0,2,0,10,3,3,41.90095892,-87.61992817,POINT (-87.619928173678 41.900958919109)
89bd837b23fecd77f5fe02c5afae5cf54e671ce8417c482224665b3a4381113d3f3093a5538f43ebda35b73b0253488445b844e221ad7d14247609df8e251a67,JF168205,,3/9/2022 12:30,30,STOP SIGN/FLASHER,NO CONTROLS,CLEAR,DAYLIGHT,REAR END,NOT DIVIDED,,STRAIGHT AND LEVEL,DRY,NO DEFECTS,ON SCENE,NO INJURY / DRIVE AWAY,Y,,,"OVER $1,500",3/9/2022 13:00,DRIVING SKILLS/KNOWLEDGE/EXPERIENCE,DRIVING SKILLS/KNOWLEDGE/EXPERIENCE,2810,E,84TH ST,423,,,,,,,2,NO INDICATION OF INJURY,0,0,0,0,0,2,0,12,4,3,41.74288943,-87.55589951,POINT (-87.555899507646 41.742889427464)
8677ed47061af2bed4a46629eb8202846ff83c1e2da8546bd8a89ddba2f210cf0cf3673c2298e1cea6011f13b7e9835121ae04a91092e2aa588e8890b05de113,JF182189,,3/22/2022 5:30,30,NO CONTROLS,NO CONTROLS,CLEAR,"DARKNESS, LIGHTED ROAD",HEAD ON,FOUR WAY,,STRAIGHT AND LEVEL,DRY,WORN SURFACE,ON SCENE,INJURY AND / OR TOW DUE TO CRASH,Y,,,"OVER $1,500",3/22/2022 5:31,DRIVING SKILLS/KNOWLEDGE/EXPERIENCE,UNABLE TO DETERMINE,1300,W,63RD ST,713,,,,,,,2,NONINCAPACITATING INJURY,1,0,0,1,0,1,0,5,3,3,41.77968322,-87.65709661,POINT (-87.657096605291 41.779683220172)
8a53f91a0ad5afa18e4d83979d261f6447c810a1c94ba2f0b22243b9020ba2c14609a334d6d4366b38af1e124dc6c49246218fd603c4b7145efa762a5f2e117d,JF168501,,3/9/2022 16:55,30,NO CONTROLS,NO CONTROLS,CLEAR,DAYLIGHT,SIDESWIPE SAME DIRECTION,NOT DIVIDED,,STRAIGHT AND LEVEL,DRY,UNKNOWN,NOT ON SCENE (DESK REPORT),NO INJURY / DRIVE AWAY,,,,"$501 - $1,500",3/9/2022 17:15,UNABLE TO DETERMINE,NOT APPLICABLE,9704,S,HALSTED ST,2223,,,,,,,2,NO INDICATION OF INJURY,0,0,0,0,0,3,0,16,4,3,41.71743033,-87.64324867,POINT (-87.643248671189 41.717430332721)
732a47d5cdd9f734ec1d769c14e761cfd3d16d8df107ab5b7918e56bb85a08f860978336400a61c871a3817891dcc3845504edc4530c976325071e72e21f77d8,JF160925,,3/2/2022 8:00,30,NO CONTROLS,NO CONTROLS,CLEAR,DAYLIGHT,SIDESWIPE SAME DIRECTION,NOT DIVIDED,,STRAIGHT AND LEVEL,DRY,NO DEFECTS,NOT ON SCENE (DESK REPORT),NO INJURY / DRIVE AWAY,,,,"$501 - $1,500",3/2/2022 13:45,UNABLE TO DETERMINE,UNABLE TO DETERMINE,2155,S,DAMEN AVE,1234,,,,,,,2,NO INDICATION OF INJURY,0,0,0,0,0,2,0,8,4,3,41.85235223,-87.67569976,POINT (-87.675699761256 41.852352230097)
86b54aff621aa3cff5a4386350af8e98a888aff90cbc2e69b0a80e1fd63f2f12abeb6d0b11ee450041d63421720f4ec6ff39ed59ee40b0d24f3c730888571dc2,JF182572,,3/22/2022 9:00,20,NO CONTROLS,NO CONTROLS,RAIN,DAYLIGHT,SIDESWIPE SAME DIRECTION,DIVIDED - W/MEDIAN (NOT RAISED),,STRAIGHT AND LEVEL,WET,NO DEFECTS,NOT ON SCENE (DESK REPORT),NO INJURY / DRIVE AWAY,,,,"OVER $1,500",3/22/2022 11:48,UNABLE TO DETERMINE,NOT APPLICABLE,3659,N,AUSTIN AVE,1633,,,,,,,2,NO INDICATION OF INJURY,0,0,0,0,0,2,0,9,3,3,41.94754964,-87.77642533,POINT (-87.776425329743 41.947549634557)
8ba6284632c83f904ec247916003ccdb7dc02f6a3d327f8788d1013c703ad693b50e7b8dd0e53766426b5b2dcc10ba14e82f937658ea92db1631a3445ab3d2a8,JF168838,,3/9/2022 23:31,30,TRAFFIC SIGNAL,FUNCTIONING PROPERLY,CLEAR,"DARKNESS, LIGHTED ROAD",ANGLE,T-INTERSECTION,,STRAIGHT AND LEVEL,DRY,NO DEFECTS,ON SCENE,INJURY AND / OR TOW DUE TO CRASH,Y,,,"OVER $1,500",3/9/2022 23:31,FAILING TO YIELD RIGHT-OF-WAY,NOT APPLICABLE,9500,S,COTTAGE GROVE AVE,511,,,,,,,2,NONINCAPACITATING INJURY,1,0,0,1,0,1,0,23,4,3,41.72197047,-87.60334804,POINT (-87.603348040077 41.721970465227)
7490effb1151cf251d34b709e8c9a9284b266359e66dc6d6648ce3786d465dccf427db93e04333361a506176a0d89d29d83a2343e30943cf0621c7fbb3ed9327,JF161078,,3/2/2022 15:47,30,NO CONTROLS,NO CONTROLS,CLEAR,DAYLIGHT,REAR END,NOT DIVIDED,,STRAIGHT AND LEVEL,DRY,NO DEFECTS,ON SCENE,INJURY AND / OR TOW DUE TO CRASH,,,,"OVER $1,500",3/2/2022 16:09,FOLLOWING TOO CLOSELY,UNABLE TO DETERMINE,4346,N,KEDZIE AVE,1724,,,,,,,2,NO INDICATION OF INJURY,0,0,0,0,0,2,0,15,4,3,41.96075359,-87.70838005,POINT (-87.708380054479 41.96075359001)
6c7fa86b7544fd261132b9a9ef09a45bbab7966529af78127eb6226c254886203e9a337fe0f287edba6df469b72d4dd25fcb95f1b976ddcf445ed8a7751f80c6,JF146583,,2/16/2022 15:00,30,NO CONTROLS,NO CONTROLS,CLEAR,DAYLIGHT,SIDESWIPE SAME DIRECTION,DIVIDED - W/MEDIAN (NOT RAISED),,STRAIGHT AND LEVEL,DRY,NO DEFECTS,NOT ON SCENE (DESK REPORT),NO INJURY / DRIVE AWAY,,,,"OVER $1,500",2/16/2022 17:00,UNABLE TO DETERMINE,NOT APPLICABLE,5608,W,BRYN MAWR AVE,1622,,,,,,,2,NO INDICATION OF INJURY,0,0,0,0,0,2,0,15,4,2,41.9830474,-87.76876883,POINT (-87.768768828344 41.983047403677)
73e95389f48e5ae2f0231d677ffb5d29d33833efcbd79addc0bd2636f8418defe6e1328b30ed0fcbb9cce8704a3fab96a16729e4044b6d59661d9e899cf3b80c,JE215178,,4/30/2021 11:30,30,UNKNOWN,UNKNOWN,UNKNOWN,UNKNOWN,SIDESWIPE SAME DIRECTION,UNKNOWN,,STRAIGHT AND LEVEL,UNKNOWN,UNKNOWN,,NO INJURY / DRIVE AWAY,,,Y,"OVER $1,500",4/30/2021 16:45,UNABLE TO DETERMINE,NOT APPLICABLE,7151,W,BELMONT AVE,2511,,,,,,,2,NO INDICATION OF INJURY,0,0,0,0,0,2,0,11,6,4,41.93789439,-87.8061336,POINT (-87.806133594861 41.937894385196)
7b4f1a7b3a21f18eb964cd3e0f5415fdb63faeb81852379d8cf84dd49347d7408318b6d166eb3c07e51f38a57e207a099d0929a82357eeebb7a580b50960bdb0,JE296351,,7/9/2021 23:42,30,TRAFFIC SIGNAL,FUNCTIONING PROPERLY,CLEAR,"DARKNESS, LIGHTED ROAD",REAR END,NOT DIVIDED,,STRAIGHT AND LEVEL,DRY,NO DEFECTS,,NO INJURY / DRIVE AWAY,,,Y,"OVER $1,500",7/10/2021 0:10,FAILING TO REDUCE SPEED TO AVOID CRASH,NOT APPLICABLE,4999,S,ARCHER AVE,821,,,,,,,2,NO INDICATION OF INJURY,0,0,0,0,0,2,0,23,6,7,41.80232967,-87.72317251,POINT (-87.723172511091 41.802329673703)
6c9ad56b282ff58769ef998b6f16a81446ef9a797df40970f76d11a070d3baa56701ec9da6b33c68a2d4a150bf482ebe909aaedee6134907d3620a1128ca0edc,JF146630,,2/16/2022 17:10,30,STOP SIGN/FLASHER,OTHER,RAIN,DAYLIGHT,REAR END,FOUR WAY,,STRAIGHT AND LEVEL,WET,NO DEFECTS,NOT ON SCENE (DESK REPORT),NO INJURY / DRIVE AWAY,Y,,Y,"OVER $1,500",2/16/2022 17:45,IMPROPER BACKING,NOT APPLICABLE,6700,S,CARPENTER ST,724,,,,,,,2,NO INDICATION OF INJURY,0,0,0,0,0,3,0,17,4,2,41.77229265,-87.65081231,POINT (-87.650812307555 41.772292650143)
6be0613d507a84bbad346b9c766a761d587c1896430d632870bb002a5c3ae8d27b62fec9384965472b0208f8133db079f9cbbd96c50d4cdfd6f9d61c20392dee,JF154368,,2/23/2022 18:50,30,TRAFFIC SIGNAL,FUNCTIONING PROPERLY,CLEAR,DARKNESS,TURNING,FOUR WAY,,STRAIGHT AND LEVEL,DRY,NO DEFECTS,NOT ON SCENE (DESK REPORT),NO INJURY / DRIVE AWAY,Y,,,"OVER $1,500",2/24/2022 8:50,DISREGARDING ROAD MARKINGS,DRIVING ON WRONG SIDE/WRONG WAY,2000,E,MARQUETTE DR,331,,,,,,,2,NO INDICATION OF INJURY,0,0,0,0,0,4,0,18,4,2,41.77576988,-87.57634735,POINT (-87.57634735179 41.775769880715)
751e3373dfc0596950390f8968b3027c15b2403e6942599b8216298695336b3bff49b39dd74eed49a58db8ea7e5ae22c247c2e9c27b60ac954dd3b653ab31340,JF161229,,3/2/2022 17:20,30,NO CONTROLS,NO CONTROLS,CLEAR,"DARKNESS, LIGHTED ROAD",ANGLE,DIVIDED - W/MEDIAN (NOT RAISED),,STRAIGHT AND LEVEL,DRY,NO DEFECTS,NOT ON SCENE (DESK REPORT),NO INJURY / DRIVE AWAY,,,,"OVER $1,500",3/2/2022 17:55,UNABLE TO DETERMINE,NOT APPLICABLE,3940,W,WASHINGTON BLVD,1122,,,,,,,2,NO INDICATION OF INJURY,0,0,0,0,0,2,0,17,4,3,41.88196093,-87.724858,POINT (-87.724858000134 41.881960933344)
8cd97a9166bda4afa74357316f20c45d48008a39d71bb75fe2c8c3c7957e8ee886aaf730e9c991c6e1403396cf1ac5975480e20d85da0c0fcaadc4613afecfc1,JF168022,,3/9/2022 8:30,30,TRAFFIC SIGNAL,FUNCTIONING PROPERLY,CLEAR,DAYLIGHT,TURNING,FOUR WAY,,STRAIGHT AND LEVEL,DRY,UNKNOWN,ON SCENE,NO INJURY / DRIVE AWAY,Y,,,"$501 - $1,500",3/9/2022 9:00,UNABLE TO DETERMINE,UNABLE TO DETERMINE,3150,W,CERMAK RD,1022,,,,,,,2,NO INDICATION OF INJURY,0,0,0,0,0,2,0,8,4,3,41.85188092,-87.70483066,POINT (-87.70483065729 41.851880920451)
6e27d9d1e806307dd646c73d0a33e4386b052c6d1051be5736f8dce65a09b7e084f002a04c2582566400990bd2477aca6f6cea1cff66b2d0c3c07cf337ddd155,JF146566,,2/16/2022 16:48,30,TRAFFIC SIGNAL,FUNCTIONING PROPERLY,RAIN,DAYLIGHT,TURNING,NOT DIVIDED,,STRAIGHT AND LEVEL,WET,UNKNOWN,ON SCENE,NO INJURY / DRIVE AWAY,Y,,,"OVER $1,500",2/16/2022 16:51,WEATHER,FAILING TO REDUCE SPEED TO AVOID CRASH,2400,S,CALIFORNIA BLVD,1034,,,,,,,2,NO INDICATION OF INJURY,0,0,0,0,0,2,0,16,4,2,41.84777274,-87.6952184,POINT (-87.695218400487 41.847772735516)
75b7f1ac2ea322e64194c10a195b6a26ba0ef62a464ab68c762fc32fc89036c6a7713f22c71d4cadbd469b318b610ef482bf88e3ad9f312f2c329d18db30d243,JE207450,,4/23/2021 6:30,30,NO CONTROLS,NO CONTROLS,CLEAR,"DARKNESS, LIGHTED ROAD",PARKED MOTOR VEHICLE,NOT DIVIDED,,STRAIGHT AND LEVEL,DRY,NO DEFECTS,,NO INJURY / DRIVE AWAY,,,N,"OVER $1,500",4/23/2021 8:14,UNABLE TO DETERMINE,NOT APPLICABLE,4255,W,59TH ST,813,,,,,,,3,,,,,,,,,6,6,4,41.78575328,-87.73006685,POINT (-87.730066847241 41.785753276819)
7dd7ba69f00dcc65bdcf63f386107886e889d3a87b431e1b232b5cf10206787c7d3273730a0e51e63cb8cb97aefb5f88af0dc67e84d041e84a2ccdd592fda8c6,JD325422,Y,8/8/2020 19:30,30,TRAFFIC SIGNAL,FUNCTIONING PROPERLY,CLEAR,DAWN,TURNING,FOUR WAY,,STRAIGHT AND LEVEL,DRY,NO DEFECTS,,INJURY AND / OR TOW DUE TO CRASH,Y,,,"OVER $1,500",8/8/2020 19:33,FAILING TO REDUCE SPEED TO AVOID CRASH,NOT APPLICABLE,3200,N,CUMBERLAND AVE,1631,,,,,,,2,NO INDICATION OF INJURY,0,0,0,0,0,2,0,19,7,8,41.93763891,-87.83620975,POINT (-87.836209749528 41.937638905337)
75e6f1d2d34158491c81e4abc9732b2e6ebd469cfa3fa2d0382a6aef0a6d889d43f7f8c7e2906ed31bf72358bfcfe33f92aaa8bd5530f1abfd188c5728221744,JF160604,,3/2/2022 7:20,30,STOP SIGN/FLASHER,FUNCTIONING PROPERLY,CLEAR,DAYLIGHT,ANGLE,DIVIDED - W/MEDIAN (NOT RAISED),,STRAIGHT AND LEVEL,DRY,NO DEFECTS,,INJURY AND / OR TOW DUE TO CRASH,Y,,,"OVER $1,500",3/2/2022 8:35,FAILING TO YIELD RIGHT-OF-WAY,FAILING TO REDUCE SPEED TO AVOID CRASH,4098,N,LARAMIE AVE,1624,,,,,,,2,NO INDICATION OF INJURY,0,0,0,0,0,2,0,7,4,3,41.95507385,-87.75735159,POINT (-87.757351590834 41.955073851032)
6e69f04197da3d446e40395216becacfe540ebe3ff5f7038c5a6b5882894593a3f3ac037481b63cb4d58ec54c7f7f21ad9388fda982164fa3d5c177574b983a3,JF146311,,2/16/2022 10:30,30,NO CONTROLS,NO CONTROLS,CLEAR,DAYLIGHT,FIXED OBJECT,DIVIDED - W/MEDIAN BARRIER,,STRAIGHT AND LEVEL,DRY,NO DEFECTS,NOT ON SCENE (DESK REPORT),NO INJURY / DRIVE AWAY,,,,"$501 - $1,500",2/16/2022 13:10,UNABLE TO DETERMINE,UNABLE TO DETERMINE,2109,W,OGDEN AVE,1225,,,,,,,1,NO INDICATION OF INJURY,0,0,0,0,0,1,0,10,4,2,41.87017969,-87.6793063,POINT (-87.679306298549 41.870179690946)
6e911b91b26fa69e52c28a7a6f115d89ece530433ccd9d01227bf786d7eb5b3e8fde6bedf617ea813edda3e85baf6d65f0a0b12d2e5905d410764d8c89602de0,JF146498,,2/16/2022 15:44,30,TRAFFIC SIGNAL,FUNCTIONING PROPERLY,RAIN,DAYLIGHT,PEDESTRIAN,NOT DIVIDED,,STRAIGHT AND LEVEL,WET,NO DEFECTS,ON SCENE,INJURY AND / OR TOW DUE TO CRASH,Y,,,$500 OR LESS,2/16/2022 16:00,FAILING TO YIELD RIGHT-OF-WAY,NOT APPLICABLE,3158,N,HARLEM AVE,2511,,,,,,,2,NONINCAPACITATING INJURY,1,0,0,1,0,1,0,15,4,2,41.93791203,-87.80689111,POINT (-87.806891104951 41.937912034491)
768dfb61347ef120a1a3053a6dce77250f003945e9fea98e2bbe0ee6807a7801292080b553d64b4d96805e0869e71af08a899a5cafa51420184e5e64543cb95b,JF165597,,3/2/2022 12:30,45,NO CONTROLS,NO CONTROLS,UNKNOWN,"DARKNESS, LIGHTED ROAD",SIDESWIPE SAME DIRECTION,DIVIDED - W/MEDIAN BARRIER,,STRAIGHT AND LEVEL,UNKNOWN,UNKNOWN,NOT ON SCENE (DESK REPORT),INJURY AND / OR TOW DUE TO CRASH,,,Y,"OVER $1,500",3/6/2022 22:30,UNABLE TO DETERMINE,UNABLE TO DETERMINE,4400,N,LAKE SHORE DR SB,1914,,,,,,,2,NONINCAPACITATING INJURY,2,0,0,2,0,1,0,12,4,3,41.96202716,-87.64663966,POINT (-87.64663966128 41.962027155537)
7ebc64d1317826c8d4e56c25f910758d3ad88a377f13c03ee143127fde608af07332e517adb3bc599c872384180ed02f53f3e600e78f7fb45f66ce8f8b23cf4f,JF177194,,3/16/2022 22:00,30,NO CONTROLS,NO CONTROLS,CLOUDY/OVERCAST,"DARKNESS, LIGHTED ROAD",PARKED MOTOR VEHICLE,ONE-WAY,,STRAIGHT AND LEVEL,DRY,NO DEFECTS,NOT ON SCENE (DESK REPORT),INJURY AND / OR TOW DUE TO CRASH,,,,"OVER $1,500",3/17/2022 14:55,DISTRACTION - FROM OUTSIDE VEHICLE,UNABLE TO DETERMINE,6531,S,BELL AVE,832,,,,,,,3,NO INDICATION OF INJURY,0,0,0,0,0,1,0,22,4,3,41.77472319,-87.67959447,POINT (-87.679594473653 41.774723188533)
76bcd12d6e970d64b55919fe6b8b591b43a4af59a3bf5d0dc1225988ad9686a8e7b3fcfd7ea1d41b63eb71dfe558a95aad32afdc26c13be93fc1e1770fda272e,JF161174,,3/2/2022 16:30,10,NO CONTROLS,NO CONTROLS,CLEAR,DAYLIGHT,SIDESWIPE OPPOSITE DIRECTION,PARKING LOT,,STRAIGHT AND LEVEL,DRY,NO DEFECTS,NOT ON SCENE (DESK REPORT),NO INJURY / DRIVE AWAY,,,Y,"OVER $1,500",3/2/2022 17:22,NOT APPLICABLE,NOT APPLICABLE,1510,E,55TH ST,234,,,,,,,2,NO INDICATION OF INJURY,0,0,0,0,0,2,0,16,4,3,41.79530484,-87.58859657,POINT (-87.588596566908 41.795304841105)
7f4ba33cd2e6fd682a5fd897f98aac2693da0189354ce49bd047671e51931b8984ac501f265b81b3f839aad2507817f39e998afd535c17c43fef12a712777fbe,JF175800,,3/16/2022 10:45,3,NO CONTROLS,NO CONTROLS,CLEAR,DAYLIGHT,FIXED OBJECT,DIVIDED - W/MEDIAN (NOT RAISED),,STRAIGHT AND LEVEL,DRY,"RUT, HOLES",ON SCENE,INJURY AND / OR TOW DUE TO CRASH,,,,"$501 - $1,500",3/16/2022 12:34,UNABLE TO DETERMINE,UNABLE TO DETERMINE,7519,S,CICERO AVE,833,,,,,,,1,NO INDICATION OF INJURY,0,0,0,0,0,1,0,10,4,3,41.75595601,-87.74143262,POINT (-87.741432620609 41.75595600567)
8ff1cc99410edff899f340d6dfef8c12dc14bd5f0d95ef99161a9368c39ccb18d030201e62bbff357f47b5ab7378ed847d9a66f930a04ac0e96ba0c004f1ff04,JF168355,,3/9/2022 14:30,25,NO CONTROLS,NO CONTROLS,CLEAR,DAYLIGHT,PARKED MOTOR VEHICLE,ONE-WAY,,STRAIGHT AND LEVEL,DRY,SHOULDER DEFECT,NOT ON SCENE (DESK REPORT),NO INJURY / DRIVE AWAY,,,,"$501 - $1,500",3/9/2022 15:26,NOT APPLICABLE,NOT APPLICABLE,2510,S,KILDARE AVE,1013,,,,,,,2,NO INDICATION OF INJURY,0,0,0,0,0,1,0,14,4,3,41.84559878,-87.73122947,POINT (-87.731229464689 41.845598775034)
77cce48e4d7247e3ecb1ffa081020432f0f9795d3df48386cb9c9d3a2689bbc683b505740a6a423a3fe825530d15d91c7afa1b0780198246b8240f3d00286c35,JF160575,,3/2/2022 7:43,20,STOP SIGN/FLASHER,FUNCTIONING PROPERLY,RAIN,DAYLIGHT,REAR END,NOT DIVIDED,,STRAIGHT AND LEVEL,DRY,NO DEFECTS,ON SCENE,INJURY AND / OR TOW DUE TO CRASH,Y,,,"OVER $1,500",3/2/2022 8:00,FOLLOWING TOO CLOSELY,DRIVING SKILLS/KNOWLEDGE/EXPERIENCE,2201,W,HIRSCH ST,1424,,,,,,,2,NONINCAPACITATING INJURY,1,0,0,1,0,4,0,7,4,3,41.90663544,-87.6823044,POINT (-87.682304403972 41.906635441842)
79022638f581c1dea0d6d7a7700fcb23a04d4a21658065281e1d33e09ffcbd87c66af56a8ac0633befa763ce76dbf4e1513851fb724b659fecff3683815a4141,JF162385,,3/2/2022 15:43,25,NO CONTROLS,NO CONTROLS,CLEAR,DAYLIGHT,REAR END,NOT DIVIDED,,STRAIGHT AND LEVEL,DRY,UNKNOWN,NOT ON SCENE (DESK REPORT),NO INJURY / DRIVE AWAY,,,,"$501 - $1,500",3/3/2022 19:30,UNABLE TO DETERMINE,UNABLE TO DETERMINE,2112,W,PETERSON AVE,2413,,,,,,,2,NO INDICATION OF INJURY,0,0,0,0,0,2,0,15,4,3,41.99072922,-87.68297945,POINT (-87.682979453599 41.990729217961)
8b95bd955bda0cc9662cf4130d83b87bdfb118b415ce764c63d6d6493572e23f6e01d631912e71bb593caad7d3e028785e89c38be6d98234efa87ee85a7335fa,JF183142,,3/22/2022 19:15,30,TRAFFIC SIGNAL,FUNCTIONING PROPERLY,CLEAR,"DARKNESS, LIGHTED ROAD",REAR END,NOT DIVIDED,,STRAIGHT AND LEVEL,DRY,NO DEFECTS,ON SCENE,NO INJURY / DRIVE AWAY,,,,$500 OR LESS,3/22/2022 19:24,FOLLOWING TOO CLOSELY,UNABLE TO DETERMINE,118,W,35TH ST,211,,,,,,,2,NO INDICATION OF INJURY,0,0,0,0,0,5,0,19,3,3,41.83107549,-87.62982023,POINT (-87.629820228371 41.831075491904)