CRASH_RECORD_ID,RD_NO,CRASH_DATE_EST_I,CRASH_DATE,POSTED_SPEED_LIMIT,TRAFFIC_CONTROL_DEVICE,DEVICE_CONDITION,WEATHER_CONDITION,LIGHTING_CONDITION,FIRST_CRASH_TYPE,TRAFFICWAY_TYPE,LANE_CNT,ALIGNMENT,ROADWAY_SURFACE_COND,ROAD_DEFECT,REPORT_TYPE,CRASH_TYPE,INTERSECTION_RELATED_I,NOT_RIGHT_OF_WAY_I,HIT_AND_RUN_I,DAMAGE,DATE_POLICE_NOTIFIED,PRIM_CONTRIBUTORY_CAUSE,SEC_CONTRIBUTORY_CAUSE,STREET_NO,STREET_DIRECTION,STREET_NAME,BEAT_OF_OCCURRENCE,PHOTOS_TAKEN_I,STATEMENTS_TAKEN_I,DOORING_I,WORK_ZONE_I,WORK_ZONE_TYPE,WORKERS_PRESENT_I,NUM_UNITS,MOST_SEVERE_INJURY,INJURIES_TOTAL,INJURIES_FATAL,INJURIES_INCAPACITATING,INJURIES_NON_INCAPACITATING,INJURIES_REPORTED_NOT_EVIDENT,INJURIES_NO_INDICATION,INJURIES_UNKNOWN,CRASH_HOUR,CRASH_DAY_OF_WEEK,CRASH_MONTH,LATITUDE,LONGITUDE,LOCATION
8047459cf35d082d773cfec22ada39f83335869e5fe02d66d3a9c7050071ba98a4c964053563f5d9cb91b3cd9597c71bc933060aad6a2664374bc007b386489f,JF176418,,3/16/2022 21:20,30,NO CONTROLS,NO CONTROLS,CLEAR,DARKNESS,SIDESWIPE OPPOSITE DIRECTION,NOT DIVIDED,,STRAIGHT AND LEVEL,DRY,NO DEFECTS,ON SCENE,INJURY AND / OR TOW DUE TO CRASH,,,,"OVER $1,500",3/16/2022 21:20,IMPROPER LANE USAGE,NOT APPLICABLE,5100,S,PAULINA ST,932,,,,,,,2,NO INDICATION OF INJURY,0,0,0,0,0,2,0,21,4,3,41.80120238,-87.66735716,POINT (-87.667357161773 41.801202380212)
8c00ead06d53210872cb4426678fea5daefdce37f98b32138c9bedb8ad9da73d68afcd4a2057197d3398c7b0495a1456b36ea4e26627055b4207cf97d05edd68,JF183197,,3/22/2022 17:40,30,NO CONTROLS,NO CONTROLS,RAIN,"DARKNESS, LIGHTED ROAD",PARKED MOTOR VEHICLE,NOT DIVIDED,,STRAIGHT AND LEVEL,WET,NO DEFECTS,NOT ON SCENE (DESK REPORT),NO INJURY / DRIVE AWAY,,,,"OVER $1,500",3/22/2022 20:40,UNABLE TO DETERMINE,UNABLE TO DETERMINE,1921,S,INDIANA AVE,132,,,,,,,2,NO INDICATION OF INJURY,0,0,0,0,0,1,0,17,3,3,41.85601887,-87.62214256,POINT (-87.62214255489 41.85601886947)
90e0b1363c8a176df0a60b11cc327b4e821f36dc807633382a64613462aed2ea6ed8c66193642b2e64737c128a9e9553933721a9dc1ccf6e491fea85bb8332a1,JF168612,,3/9/2022 17:00,0,NO CONTROLS,NO CONTROLS,CLEAR,DUSK,REAR END,OTHER,,STRAIGHT AND LEVEL,OTHER,NO DEFECTS,NOT ON SCENE (DESK REPORT),NO INJURY / DRIVE AWAY,,Y,,"OVER $1,500",3/9/2022 18:50,FAILING TO YIELD RIGHT-OF-WAY,FOLLOWING TOO CLOSELY,4607,W,FULLERTON AVE,2522,,,,,,,2,NO INDICATION OF INJURY,0,0,0,0,0,2,0,17,4,3,41.92418606,-87.742117,POINT (-87.742116995008 41.924186061161)
8086dde3c777bfc332a8fd91f17cbea34eda1ce3d6ccb994d37f2246055c6be0d3a34f960a0b2245bb5da007af6c5c2999e69e9e1bbe8dfee9dae2efd334ce0f,JF176074,,3/16/2022 11:50,30,UNKNOWN,UNKNOWN,UNKNOWN,UNKNOWN,SIDESWIPE SAME DIRECTION,DIVIDED - W/MEDIAN (NOT RAISED),,STRAIGHT AND LEVEL,UNKNOWN,UNKNOWN,NOT ON SCENE (DESK REPORT),NO INJURY / DRIVE AWAY,,,,"$501 - $1,500",3/16/2022 16:15,UNABLE TO DETERMINE,NOT APPLICABLE,6138,N,CLARK ST,2433,,,,,,,2,NO INDICATION OF INJURY,0,0,0,0,0,3,0,11,4,3,41.99379013,-87.67028889,POINT (-87.670288891451 41.99379013438)
70ffb1cd4702e07ccf22223b3e9b90e12e2a88cbd749f3486e47dbb63fde1ef702b0f8505843f5ac767eeba18c7bc213bf7adddade02f3c5ff760646b7b1e2d0,JF145899,,2/16/2022 7:00,25,NO CONTROLS,NO CONTROLS,CLEAR,DAYLIGHT,SIDESWIPE SAME DIRECTION,ONE-WAY,,STRAIGHT AND LEVEL,DRY,NO DEFECTS,ON SCENE,NO INJURY / DRIVE AWAY,,,Y,"$501 - $1,500",2/16/2022 7:05,IMPROPER LANE USAGE,FAILING TO YIELD RIGHT-OF-WAY,1,W,TERMINAL ST,1651,,,,,,,2,NO INDICATION OF INJURY,0,0,0,0,0,2,0,7,4,2,,,
80cb9e7f9c40cd2564e8e9f6a09abf8408afa9685092041993d8c3af5815f9ab00651a8f9b05eddf4cce2090b2d0a1c05eaf57f247d15b97ad16d7073cf340bc,JF175549,,3/16/2022 8:43,30,NO CONTROLS,NO CONTROLS,CLEAR,DAYLIGHT,SIDESWIPE SAME DIRECTION,NOT DIVIDED,,STRAIGHT AND LEVEL,DRY,NO DEFECTS,NOT ON SCENE (DESK REPORT),NO INJURY / DRIVE AWAY,,,,"OVER $1,500",3/16/2022 9:15,UNABLE TO DETERMINE,NOT APPLICABLE,6446,W,BLOOMINGDALE AVE,2513,,,,,,,2,NO INDICATION OF INJURY,0,0,0,0,0,3,0,8,4,3,41.91286064,-87.78698354,POINT (-87.786983540083 41.912860639039)
700183f4885730f6e7b492b049f372b034210db9fc1db00d3d7b2913099558f07cfec6729b6ddbd3f01718b202227488ea2291d59d68c354e89e974b5042c157,JF154074,,2/23/2022 16:01,30,NO CONTROLS,NO CONTROLS,CLEAR,DAYLIGHT,SIDESWIPE SAME DIRECTION,NOT DIVIDED,,STRAIGHT AND LEVEL,UNKNOWN,UNKNOWN,NOT ON SCENE (DESK REPORT),NO INJURY / DRIVE AWAY,,,Y,"$501 - $1,500",2/23/2022 20:17,UNABLE TO DETERMINE,UNABLE TO DETERMINE,11500,S,PRINCETON AVE,522,,,,,,,2,NO INDICATION OF INJURY,0,0,0,0,0,2,0,16,4,2,41.68513947,-87.63023184,POINT (-87.630231840142 41.685139465489)
719a73e07f0817432673cfd052790527030bae7529f941dd0a472433676985f538ede93d47b6391fd765f13bf7725c9b2b239457ecf959457813a4d2a21a3e17,JF145928,,2/16/2022 7:30,30,STOP SIGN/FLASHER,UNKNOWN,UNKNOWN,UNKNOWN,REAR END,NOT DIVIDED,,STRAIGHT AND LEVEL,UNKNOWN,UNKNOWN,NOT ON SCENE (DESK REPORT),NO INJURY / DRIVE AWAY,,,,"$501 - $1,500",2/16/2022 8:00,UNABLE TO DETERMINE,NOT APPLICABLE,5700,S,NARRAGANSETT AVE,811,,,,,,,2,NO INDICATION OF INJURY,0,0,0,0,0,2,0,7,4,2,41.78858002,-87.78181413,POINT (-87.78181413191 41.788580015024)
817ada72a7f1c447f738c43843c2d6833e516361399fac8e03672add9b7a77c6d9790f11650351a41dbd55cfb7191497db6c4499c798a44854c5c4406bfac87c,JF175645,,3/16/2022 10:20,30,NO CONTROLS,NO CONTROLS,CLEAR,DAYLIGHT,SIDESWIPE SAME DIRECTION,NOT DIVIDED,,STRAIGHT AND LEVEL,DRY,NO DEFECTS,ON SCENE,NO INJURY / DRIVE AWAY,,,,$500 OR LESS,3/16/2022 10:29,IMPROPER OVERTAKING/PASSING,FAILING TO YIELD RIGHT-OF-WAY,4914,W,IRVING PARK RD,1624,,,,,,,2,NO INDICATION OF INJURY,0,0,0,0,0,2,0,10,4,3,41.95348615,-87.75048639,POINT (-87.750486394148 41.953486149906)
7ac77c93b741b59f1a14a36dac41917fd9508bcedadc49e9535c292b198223a3994891acc184819996136bbcfcb5f1b92b82baf53c33d0d283438d1c708ebbfb,JF160795,,3/2/2022 11:30,35,FLASHING CONTROL SIGNAL,FUNCTIONING IMPROPERLY,CLEAR,DAYLIGHT,ANGLE,T-INTERSECTION,,STRAIGHT AND LEVEL,DRY,NO DEFECTS,ON SCENE,INJURY AND / OR TOW DUE TO CRASH,Y,,,"OVER $1,500",3/2/2022 11:32,"VISION OBSCURED (SIGNS, TREE LIMBS, BUILDINGS, ETC.)",ROAD CONSTRUCTION/MAINTENANCE,302,S,ASHLAND AVE,1231,,,,N,,,2,NO INDICATION OF INJURY,0,0,0,0,0,2,0,11,4,3,41.87752408,-87.66683259,POINT (-87.666832593602 41.877524080002)
724bb5d4240ea07e29e4ed993654884e2b14174dd3404044e479f0c5831a027ac7f7deebc4d388029401de6d2dd34c65c45972755a439b609aa2ba331015fa1b,JF146235,,2/16/2022 8:45,25,NO CONTROLS,NO CONTROLS,CLEAR,DAYLIGHT,PARKED MOTOR VEHICLE,OTHER,,STRAIGHT AND LEVEL,OTHER,NO DEFECTS,ON SCENE,NO INJURY / DRIVE AWAY,,,Y,"OVER $1,500",2/16/2022 12:14,DRIVING SKILLS/KNOWLEDGE/EXPERIENCE,IMPROPER TURNING/NO SIGNAL,1999,W,CONGRESS PKWY,1225,,Y,,,,,2,NO INDICATION OF INJURY,0,0,0,0,0,1,0,8,4,2,41.87491308,-87.67634436,POINT (-87.676344354504 41.874913076226)
72989a2cc41dc9a38f9833112bc23fa2232d5cf0ac84841cf8a3ac4c423bfb823c37945e996dc75a19fa102198119407c43291b167d350e0ba66dbf1371c242a,JF146158,,2/16/2022 11:25,30,NO CONTROLS,NO CONTROLS,CLEAR,DAYLIGHT,SIDESWIPE SAME DIRECTION,DIVIDED - W/MEDIAN (NOT RAISED),,STRAIGHT AND LEVEL,DRY,NO DEFECTS,ON SCENE,NO INJURY / DRIVE AWAY,,,,"OVER $1,500",2/16/2022 11:30,UNABLE TO DETERMINE,NOT APPLICABLE,2301,W,FULLERTON AVE,1432,,,,,,,2,NO INDICATION OF INJURY,0,0,0,0,0,2,0,11,4,2,41.92482073,-87.68530194,POINT (-87.685301935013 41.924820733031)
7c33a5463c6f30b501ecfd0b25d4ffff5dcfd288eecb3fe3c4d1ef096ccb904d3fc051f0ddb6d7009f2248e8c40580b6ba4cff7a7d6f67f0fd312b43748f1e3d,JF161059,,3/2/2022 15:45,25,OTHER REG. SIGN,FUNCTIONING IMPROPERLY,CLEAR,DAYLIGHT,SIDESWIPE SAME DIRECTION,OTHER,,STRAIGHT AND LEVEL,DRY,NO DEFECTS,ON SCENE,NO INJURY / DRIVE AWAY,,,,"OVER $1,500",3/2/2022 15:50,NOT APPLICABLE,NOT APPLICABLE,1,W,TERMINAL ST,1651,,,,,,,2,NO INDICATION OF INJURY,0,0,0,0,0,2,0,15,4,3,,,
93ff81241cb387dc5cfad9ebae22f3e4f07ee093b1e43b58a79f7d6c0a9ea5929ebccb7dfc3cd34b949be354351047894b166e2aa1a614064a3b67e0b9624d87,JF168645,,3/9/2022 19:00,30,TRAFFIC SIGNAL,FUNCTIONING PROPERLY,CLEAR,"DARKNESS, LIGHTED ROAD",REAR END,FOUR WAY,,STRAIGHT AND LEVEL,DRY,NO DEFECTS,ON SCENE,NO INJURY / DRIVE AWAY,Y,,N,"$501 - $1,500",3/9/2022 19:05,FOLLOWING TOO CLOSELY,UNDER THE INFLUENCE OF ALCOHOL/DRUGS (USE WHEN ARREST IS EFFECTED),1559,N,LARAMIE AVE,2533,,Y,,,,,2,NO INDICATION OF INJURY,0,0,0,0,0,3,0,19,4,3,41.90939109,-87.75567421,POINT (-87.755674213564 41.909391090565)
734cf3f034e9756b7f3cc5804b13e3d3db76facea8507d2c19ebb59bb5d50e06599643df61f631dd6cafcb136ed868ef47260b9e0b61937493d4cd7663d1257e,JF146978,Y,2/16/2022 22:00,15,NO CONTROLS,NO CONTROLS,RAIN,"DARKNESS, LIGHTED ROAD",PARKED MOTOR VEHICLE,PARKING LOT,,STRAIGHT AND LEVEL,WET,NO DEFECTS,NOT ON SCENE (DESK REPORT),NO INJURY / DRIVE AWAY,,,Y,"OVER $1,500",2/17/2022 2:15,UNABLE TO DETERMINE,UNABLE TO DETERMINE,1130,S,RICHMOND ST,1135,,,,,,,2,NO INDICATION OF INJURY,0,0,0,0,0,1,0,22,4,2,41.8673209,-87.69973879,POINT (-87.699738788545 41.867320900776)
736909107dadd1a91b5da1cec0d35d05ee694967d7c728289b88fb60294af2862a2132c8e51945552c706b0b32c207231d96f996e8cb33ae43bf8cc9f6bc2ec1,JF146864,,2/16/2022 8:00,10,NO CONTROLS,NO CONTROLS,CLEAR,DAYLIGHT,REAR TO FRONT,PARKING LOT,,STRAIGHT AND LEVEL,DRY,NO DEFECTS,NOT ON SCENE (DESK REPORT),NO INJURY / DRIVE AWAY,,,,"$501 - $1,500",2/16/2022 22:00,FAILING TO YIELD RIGHT-OF-WAY,NOT APPLICABLE,1345,N,PULASKI RD,2535,,,,,,,2,NO INDICATION OF INJURY,0,0,0,0,0,2,0,8,4,2,41.90579384,-87.72625114,POINT (-87.726251137072 41.905793840339)
94bb2b15e6212350489fd1117dcac4c5e521fb97d0bca96b44634972485b26791eed561d844adaa5eaa735ab9a752f0c77c098169188e96d4d9f342522e51f38,JF168506,,3/9/2022 16:08,30,TRAFFIC SIGNAL,FUNCTIONING PROPERLY,CLEAR,DAYLIGHT,REAR END,ONE-WAY,,STRAIGHT AND LEVEL,DRY,NO DEFECTS,NOT ON SCENE (DESK REPORT),NO INJURY / DRIVE AWAY,,,,"OVER $1,500",3/9/2022 17:30,FOLLOWING TOO CLOSELY,FAILING TO REDUCE SPEED TO AVOID CRASH,626,N,STATE ST,1832,,,,,,,2,NO INDICATION OF INJURY,0,0,0,0,0,7,0,16,4,3,41.89323548,-87.62826505,POINT (-87.628265053391 41.893235480838)
82de09d171cdfb5c834d6dd9a253c9cea3716b9334b9a6902e378454cfc35cbdd611f451aa507c1949bb02121317055dc4bd7eb3a3ec8588eabfc7029663cacd,JE176410,,3/22/2021 15:10,30,STOP SIGN/FLASHER,UNKNOWN,CLEAR,DAYLIGHT,PEDESTRIAN,ONE-WAY,,STRAIGHT AND LEVEL,DRY,UNKNOWN,,INJURY AND / OR TOW DUE TO CRASH,Y,,Y,$500 OR LESS,3/22/2021 15:32,IMPROPER BACKING,NOT APPLICABLE,2359,N,LOREL AVE,2515,,,,,,,2,NONINCAPACITATING INJURY,1,0,0,1,0,1,0,15,2,3,41.92397095,-87.75968643,POINT (-87.759686428964 41.923970948122)
8ec51e1e1eab7634bae9ffc3005dfc1a396899b6c45daa94b7264ba40e03ce2004ebff0b57d73e6fd01beddbfd9449986f708a5fc3537c352b78b546fe484469,JD384696,,9/29/2020 14:00,30,TRAFFIC SIGNAL,UNKNOWN,CLEAR,DAYLIGHT,REAR END,DIVIDED - W/MEDIAN BARRIER,,STRAIGHT AND LEVEL,DRY,NO DEFECTS,,NO INJURY / DRIVE AWAY,,,,"OVER $1,500",9/30/2020 22:00,FAILING TO YIELD RIGHT-OF-WAY,IMPROPER LANE USAGE,331,W,ONTARIO ST,1831,,,,,,,2,NO INDICATION OF INJURY,0,0,0,0,0,2,0,14,3,9,41.8930372,-87.63700422,POINT (-87.637004223232 41.893037195577)
72983773f1b891091543dac48ce7dc7b807f7896a27d5c9a4cf11e0ff92caa9aa88c5624958298c12bb49a521ecf7c70429dc02ab144f8eefa559184e7c5db04,JF153939,,2/23/2022 12:20,30,TRAFFIC SIGNAL,FUNCTIONING PROPERLY,CLEAR,DAYLIGHT,TURNING,DIVIDED - W/MEDIAN (NOT RAISED),,STRAIGHT AND LEVEL,DRY,NO DEFECTS,NOT ON SCENE (DESK REPORT),NO INJURY / DRIVE AWAY,Y,,,"OVER $1,500",2/23/2022 18:00,UNABLE TO DETERMINE,UNABLE TO DETERMINE,5800,S,KEDZIE AVE,822,,,,,,,2,NO INDICATION OF INJURY,0,0,0,0,0,2,0,12,4,2,41.7879702,-87.70354447,POINT (-87.703544465118 41.787970201401)
743454e34bd5797eeceea80e26c7f59e96394f04a62819cff6a685f770d6e45f7cccd88845fde1a524d06efbdaf387bc77608b63bad104fc7df2b849e6401f66,JF146503,Y,2/16/2022 13:30,30,NO CONTROLS,NO CONTROLS,UNKNOWN,DAYLIGHT,PARKED MOTOR VEHICLE,ONE-WAY,,STRAIGHT AND LEVEL,UNKNOWN,UNKNOWN,NOT ON SCENE (DESK REPORT),NO INJURY / DRIVE AWAY,,,Y,"$501 - $1,500",2/16/2022 16:08,UNABLE TO DETERMINE,UNABLE TO DETERMINE,933,W,FLETCHER ST,1933,,,,,,,2,NO INDICATION OF INJURY,0,0,0,0,0,1,0,13,4,2,41.93885284,-87.65303939,POINT (-87.653039391384 41.938852839095)
740221108e3f950ccbb83fb34e259c04be58bb5bf3eb7641eb524505cf958383a622c4f2541ca1fbeb2a1fce431427ccfd1bbf6ac94fde9500fc9be15c70ca79,JD353463,,9/1/2020 23:45,30,NO CONTROLS,NO CONTROLS,RAIN,DARKNESS,SIDESWIPE SAME DIRECTION,NOT DIVIDED,,STRAIGHT AND LEVEL,WET,NO DEFECTS,,NO INJURY / DRIVE AWAY,,,,"OVER $1,500",9/2/2020 0:15,NOT APPLICABLE,NOT APPLICABLE,6316,S,WESTERN AVE,825,,,,,,,2,NO INDICATION OF INJURY,0,0,0,0,0,3,0,23,3,9,41.77866185,-87.68377203,POINT (-87.683772033406 41.77866184917)
7e3b12334032b5c7e881d974f93524d0d88b6254c0e1b861dfb622ee006f8406cf31766caa0d9dd4969e57470bcd45fa4e067976b6d640a1869c34c9a7402c08,JD264259,,6/14/2020 20:00,25,NO CONTROLS,NO CONTROLS,CLEAR,"DARKNESS, LIGHTED ROAD",SIDESWIPE SAME DIRECTION,DIVIDED - W/MEDIAN (NOT RAISED),,STRAIGHT AND LEVEL,DRY,UNKNOWN,,NO INJURY / DRIVE AWAY,,,Y,"OVER $1,500",6/14/2020 21:40,DRIVING SKILLS/KNOWLEDGE/EXPERIENCE,DRIVING SKILLS/KNOWLEDGE/EXPERIENCE,460,N,CICERO AVE,1532,,,,,,,2,NO INDICATION OF INJURY,0,0,0,0,0,2,0,20,1,6,41.88952204,-87.74576128,POINT (-87.745761281943 41.889522044441)
95e17ead3ce99dfdbe92331e0212b8e2e7e4ab39a252cdf5089f97f6190670854f7f0358f018496a6a874c13da52881262adec09f57bed7d651afca59603d7d7,JD385925,,10/2/2020 2:45,30,TRAFFIC SIGNAL,FUNCTIONING PROPERLY,CLEAR,"DARKNESS, LIGHTED ROAD",ANGLE,DIVIDED - W/MEDIAN BARRIER,,STRAIGHT AND LEVEL,DRY,NO DEFECTS,,INJURY AND / OR TOW DUE TO CRASH,,,,"OVER $1,500",10/2/2020 2:50,FAILING TO REDUCE SPEED TO AVOID CRASH,UNABLE TO DETERMINE,7600,S,STONY ISLAND AVE,411,,,,,,,2,NONINCAPACITATING INJURY,1,0,0,1,0,2,0,2,6,10,41.75689717,-87.58623429,POINT (-87.58623428507 41.756897172602)
95e44eed8dc99eab2136dd55987928bac9118593262500386664fdc7912c22bdda57051e6e75d7d424693b9fe1db0ad0c0f1779382dc572e19fca75e0107230f,JF124430,,1/25/2022 17:50,30,NO CONTROLS,NO CONTROLS,CLEAR,DARKNESS,REAR END,NOT DIVIDED,,STRAIGHT AND LEVEL,WET,NO DEFECTS,,NO INJURY / DRIVE AWAY,,,Y,"OVER $1,500",1/26/2022 9:53,FAILING TO YIELD RIGHT-OF-WAY,FAILING TO YIELD RIGHT-OF-WAY,4901,S,ARCHER AVE,821,,,,,,,3,NO INDICATION OF INJURY,0,0,0,0,0,3,0,17,3,1,41.80408512,-87.72031753,POINT (-87.720317528802 41.804085120378)
910b34e2632e326c0497a53adc628d0c26edf5e58d7b262a9ad1324e63cba45b144ba5fc9f408146520082c56dd303382eda929bfa67c19e8b40d0fe4ff32ddf,JF183249,,3/22/2022 20:40,30,NO CONTROLS,NO CONTROLS,CLEAR,"DARKNESS, LIGHTED ROAD",SIDESWIPE SAME DIRECTION,DIVIDED - W/MEDIAN BARRIER,,STRAIGHT AND LEVEL,DRY,NO DEFECTS,,NO INJURY / DRIVE AWAY,,,,"OVER $1,500",3/22/2022 20:40,IMPROPER LANE USAGE,UNABLE TO DETERMINE,165,W,NORTH AVE,1821,,,,,,,2,NO INDICATION OF INJURY,0,0,0,0,0,2,0,20,3,3,41.91105189,-87.63428175,POINT (-87.634281744621 41.911051884682)
91639e4205eda08db7fa2a27844f1d00441af3524b00e015c8417fe1b43a6525310e22fcc70a12f2742ea7622716d5aa5561a0ed14e5874599127ece51616844,JF182471,,3/22/2022 10:37,30,TRAFFIC SIGNAL,FUNCTIONING PROPERLY,CLOUDY/OVERCAST,DAYLIGHT,SIDESWIPE SAME DIRECTION,DIVIDED - W/MEDIAN (NOT RAISED),,STRAIGHT AND LEVEL,DRY,NO DEFECTS,ON SCENE,NO INJURY / DRIVE AWAY,Y,,,"OVER $1,500",3/22/2022 10:39,FAILING TO YIELD RIGHT-OF-WAY,UNABLE TO DETERMINE,11858,S,HALSTED ST,524,,,,,,,2,NO INDICATION OF INJURY,0,0,0,0,0,3,0,10,3,3,41.6778565,-87.64205627,POINT (-87.64205626828 41.67785649634)
84b097ad1436e28ad99afe77b9a01da47fea0917a794468a5ae721a2223110d18b4237db982d004c4ed8f5a4808a0454aba4b03fdf915217518e983146cbdf68,JF176265,,3/16/2022 18:00,30,NO CONTROLS,NO CONTROLS,CLEAR,DAYLIGHT,PARKED MOTOR VEHICLE,NOT DIVIDED,,STRAIGHT AND LEVEL,DRY,NO DEFECTS,NOT ON SCENE (DESK REPORT),NO INJURY / DRIVE AWAY,,,Y,"OVER $1,500",3/16/2022 18:45,IMPROPER OVERTAKING/PASSING,UNABLE TO DETERMINE,1120,E,HYDE PARK BLVD,222,,,,,,,2,NO INDICATION OF INJURY,0,0,0,0,0,1,0,18,4,3,41.80245902,-87.59829432,POINT (-87.598294320543 41.802459018596)
916c38d960c54cbad81dbf7cc0f47fbb7a17bcb1f5654493e426abdace6b5a6cd855578735f9d4e0f8efc97adc23c4707dbb89bea658dfa80ea12b8bf7a83b32,JF182332,,3/22/2022 8:08,30,NO CONTROLS,NO CONTROLS,RAIN,DAYLIGHT,ANGLE,NOT DIVIDED,,STRAIGHT AND LEVEL,WET,NO DEFECTS,ON SCENE,NO INJURY / DRIVE AWAY,,,,"OVER $1,500",3/22/2022 8:39,FAILING TO YIELD RIGHT-OF-WAY,WEATHER,7319,N,PAULINA ST,2423,,,,,,,2,NO INDICATION OF INJURY,0,0,0,0,0,2,0,8,3,3,42.01444293,-87.67228197,POINT (-87.672281966979 42.014442929013)
75200899da0315a4aa18322208bb3c2fbb189b5a816d456fd2d520e1e35907c79893176fecfe6743c1e427a5329dedf5b17aa7f50897774c732e48e89eb51b85,JF153774,,2/23/2022 15:45,30,NO CONTROLS,UNKNOWN,CLEAR,DAYLIGHT,SIDESWIPE SAME DIRECTION,ONE-WAY,,STRAIGHT AND LEVEL,UNKNOWN,UNKNOWN,NOT ON SCENE (DESK REPORT),NO INJURY / DRIVE AWAY,,,,"$501 - $1,500",2/23/2022 15:59,IMPROPER OVERTAKING/PASSING,IMPROPER OVERTAKING/PASSING,2530,S,HARDING AVE,1013,,,,,,,2,NO INDICATION OF INJURY,0,0,0,0,0,2,0,15,4,2,41.8451579,-87.72349854,POINT (-87.723498538155 41.845157901667)
9737ef2a7fc901d64eeb1d9dec4998fe4948f91476acc715dc8c78e8f391b2205261320f1a87a6daad91c80a22846a51f0b34497fe9252153b34da59501beed2,JF168341,,3/9/2022 12:49,30,TRAFFIC SIGNAL,FUNCTIONING PROPERLY,CLEAR,DAYLIGHT,REAR END,NOT DIVIDED,,STRAIGHT AND LEVEL,DRY,UNKNOWN,NOT ON SCENE (DESK REPORT),NO INJURY / DRIVE AWAY,Y,,,$500 OR LESS,3/9/2022 15:24,UNABLE TO DETERMINE,NOT APPLICABLE,5800,S,LAKE SHORE DR,331,,,,,,,2,NO INDICATION OF INJURY,0,0,0,0,0,2,0,12,4,3,41.78997899,-87.57902025,POINT (-87.579020248594 41.789978993058)
806f7ebcc92699aed24d4e8474474de4cb0d1d2d4e2d70e1eb4728206c29398495c4261bb9a7cf3f8784d8f0be16549ea0023e365f960a5bf07fbc61920f8cd9,JF161435,,3/2/2022 22:08,30,TRAFFIC SIGNAL,FUNCTIONING PROPERLY,CLEAR,"DARKNESS, LIGHTED ROAD",SIDESWIPE OPPOSITE DIRECTION,FOUR WAY,,STRAIGHT AND LEVEL,DRY,NO DEFECTS,NOT ON SCENE (DESK REPORT),INJURY AND / OR TOW DUE TO CRASH,Y,,,"OVER $1,500",3/2/2022 22:14,IMPROPER LANE USAGE,UNABLE TO DETERMINE,600,W,IRVING PARK RD,1915,,,,,,,2,NONINCAPACITATING INJURY,1,0,0,1,0,3,0,22,4,3,41.95474551,-87.6453294,POINT (-87.645329395868 41.954745512967)
97e1fe0adb61afc83835e01ce5b779f6d066acc8fec031921b38aec6f530e1c75d648ca2d8ba41a1f5576937613afcceeccd99803bb2382da8cb8361bdc09535,JF168400,,3/9/2022 11:54,30,TRAFFIC SIGNAL,FUNCTIONING PROPERLY,CLEAR,DAYLIGHT,PEDESTRIAN,NOT DIVIDED,,STRAIGHT AND LEVEL,UNKNOWN,UNKNOWN,NOT ON SCENE (DESK REPORT),INJURY AND / OR TOW DUE TO CRASH,Y,,,$500 OR LESS,3/9/2022 16:07,IMPROPER TURNING/NO SIGNAL,IMPROPER OVERTAKING/PASSING,840,W,BELMONT AVE,1924,,,,,,,2,"REPORTED, NOT EVIDENT",1,0,0,0,1,1,0,11,4,3,41.94006927,-87.65081787,POINT (-87.650817866104 41.940069265133)
985f549b9489816fa5ba6f0bbdc50d707817b11c80f61c3ed18281b3f92679b1cbb909bcfd1d6d6ec640fa4f50b467618e6ee53646c548e54899b87bd20acdad,JF168534,,3/9/2022 17:33,30,NO CONTROLS,NO CONTROLS,CLEAR,DUSK,REAR END,NOT DIVIDED,,STRAIGHT AND LEVEL,DRY,NO DEFECTS,ON SCENE,NO INJURY / DRIVE AWAY,,,Y,"$501 - $1,500",3/9/2022 17:34,UNABLE TO DETERMINE,NOT APPLICABLE,5733,W,WASHINGTON BLVD,1513,,,,,,,2,NO INDICATION OF INJURY,0,0,0,0,0,4,0,17,4,3,41.88206375,-87.7696573,POINT (-87.769657298853 41.882063749666)
8627fa6b54a42411795594b4fedccb51666878c1a2175f3e2ae9ba04803195a48998ae8370909cebe9cb30115af619ceee2b2f8d2efaf7ad53d28d0d72a6b98a,JF176024,,3/16/2022 13:35,30,NO CONTROLS,NO CONTROLS,CLEAR,DAYLIGHT,PARKED MOTOR VEHICLE,NOT DIVIDED,,STRAIGHT AND LEVEL,DRY,NO DEFECTS,ON SCENE,INJURY AND / OR TOW DUE TO CRASH,,,Y,"OVER $1,500",3/16/2022 13:35,UNABLE TO DETERMINE,UNABLE TO DETERMINE,1236,W,OHIO ST,1215,,,,,,,4,NO INDICATION OF INJURY,0,0,0,0,0,1,0,13,4,3,41.89263908,-87.65893612,POINT (-87.658936120365 41.892639077981)
77d5ab1c35998c7ca73316a16a292bb05dd0ee64b19bdb5929cc2c08261308439d6045750bd2049c8e2415d0ab831eb9182d32431d8b4c9049882e10f1cc0c2e,JF146147,,2/16/2022 11:00,30,NO CONTROLS,NO CONTROLS,SNOW,DAYLIGHT,ANGLE,NOT DIVIDED,,STRAIGHT AND LEVEL,WET,NO DEFECTS,ON SCENE,INJURY AND / OR TOW DUE TO CRASH,,,Y,"OVER $1,500",2/16/2022 11:28,UNABLE TO DETERMINE,UNABLE TO DETERMINE,4735,W,HARRISON ST,1131,,,,,,,2,"REPORTED, NOT EVIDENT",1,0,0,0,1,1,0,11,4,2,41.87307094,-87.74396662,POINT (-87.743966620453 41.873070937881)