CRASH_RECORD_ID,RD_NO,CRASH_DATE_EST_I,CRASH_DATE,POSTED_SPEED_LIMIT,TRAFFIC_CONTROL_DEVICE,DEVICE_CONDITION,WEATHER_CONDITION,LIGHTING_CONDITION,FIRST_CRASH_TYPE,TRAFFICWAY_TYPE,LANE_CNT,ALIGNMENT,ROADWAY_SURFACE_COND,ROAD_DEFECT,REPORT_TYPE,CRASH_TYPE,INTERSECTION_RELATED_I,NOT_RIGHT_OF_WAY_I,HIT_AND_RUN_I,DAMAGE,DATE_POLICE_NOTIFIED,PRIM_CONTRIBUTORY_CAUSE,SEC_CONTRIBUTORY_CAUSE,STREET_NO,STREET_DIRECTION,STREET_NAME,BEAT_OF_OCCURRENCE,PHOTOS_TAKEN_I,STATEMENTS_TAKEN_I,DOORING_I,WORK_ZONE_I,WORK_ZONE_TYPE,WORKERS_PRESENT_I,NUM_UNITS,MOST_SEVERE_INJURY,INJURIES_TOTAL,INJURIES_FATAL,INJURIES_INCAPACITATING,INJURIES_NON_INCAPACITATING,INJURIES_REPORTED_NOT_EVIDENT,INJURIES_NO_INDICATION,INJURIES_UNKNOWN,CRASH_HOUR,CRASH_DAY_OF_WEEK,CRASH_MONTH,LATITUDE,LONGITUDE,LOCATION
7889e299cbb049025477d3c278859dfd25ce7a2d4fdf45314ed636b73cf9244896bdc4155280069e18f191209f18df303eaf8d553d187814f409663520b00207,JF155743,,2/16/2022 16:45,35,NO CONTROLS,NO CONTROLS,UNKNOWN,DUSK,SIDESWIPE SAME DIRECTION,DIVIDED - W/MEDIAN BARRIER,,STRAIGHT AND LEVEL,UNKNOWN,NO DEFECTS,NOT ON SCENE (DESK REPORT),NO INJURY / DRIVE AWAY,,,Y,"OVER $1,500",2/25/2022 14:10,IMPROPER LANE USAGE,NOT APPLICABLE,2400,N,LAKE SHORE DR NB,1935,,,,,,,2,NO INDICATION OF INJURY,0,0,0,0,0,2,0,16,4,2,41.92616072,-87.63151467,POINT (-87.631514664826 41.926160719812)
7746b810b4179a6ec5dc264c2dd387d78fe2044cd917c471f48f5dc8212631f61eb2213e8f511711341c0af83a3a06f2efd9d2a0dcfc3b9767d16a24e8554bbe,JE459429,,11/28/2021 15:09,30,NO CONTROLS,NO CONTROLS,CLEAR,DAYLIGHT,SIDESWIPE SAME DIRECTION,NOT DIVIDED,,STRAIGHT AND LEVEL,DRY,NO DEFECTS,,NO INJURY / DRIVE AWAY,,,,"OVER $1,500",11/28/2021 16:00,DRIVING SKILLS/KNOWLEDGE/EXPERIENCE,NOT APPLICABLE,7448,S,STONY ISLAND AVE,324,,,,,,,2,NO INDICATION OF INJURY,0,0,0,0,0,2,0,15,1,11,41.75912382,-87.58629429,POINT (-87.586294285414 41.759123814896)
8221eccfe1146940ca2ab55dc281fb3ea92fc51341bb689b22f1ab95653088c51bb465853ca10a1f030cfa0494718094d06caa81214a51765b91430086383a04,JD419984,,10/31/2020 20:45,30,NO CONTROLS,NO CONTROLS,CLEAR,DAYLIGHT,PARKED MOTOR VEHICLE,NOT DIVIDED,,STRAIGHT AND LEVEL,DRY,NO DEFECTS,,NO INJURY / DRIVE AWAY,,,,"$501 - $1,500",11/3/2020 18:30,UNABLE TO DETERMINE,UNABLE TO DETERMINE,1289,N,MILWAUKEE AVE,1433,,,,,,,2,NO INDICATION OF INJURY,0,0,0,0,0,2,0,20,7,10,41.90523215,-87.66917422,POINT (-87.669174218977 41.905232147882)
949db2cd4ce99939713b5a1c31a1a11c6ed95e6160b8f94f5a0f2ee2c59f14f1cc13a73ea4c62ca72138079c985b7df129f67d117883383b244af4b87650848a,JE288010,,7/3/2021 1:13,30,TRAFFIC SIGNAL,FUNCTIONING PROPERLY,CLEAR,"DARKNESS, LIGHTED ROAD",TURNING,NOT DIVIDED,,STRAIGHT AND LEVEL,DRY,NO DEFECTS,,INJURY AND / OR TOW DUE TO CRASH,Y,,Y,"OVER $1,500",7/3/2021 1:13,"OPERATING VEHICLE IN ERRATIC, RECKLESS, CARELESS, NEGLIGENT OR AGGRESSIVE MANNER",FAILING TO REDUCE SPEED TO AVOID CRASH,5359,W,BELMONT AVE,2514,,,,,,,2,FATAL,1,1,0,0,0,1,0,1,7,7,41.93852924,-87.76147057,POINT (-87.761470573004 41.938529241675)
77c8359e96fea1ff07be99de4594740f8b2bceeec720ce2820682410b114b2cbd6dae334a14fb572db10188b25b662a1d9bd45b306f9629630b8a4db894c6aa5,JF154104,,2/23/2022 21:01,30,NO CONTROLS,NO CONTROLS,CLEAR,"DARKNESS, LIGHTED ROAD",PARKED MOTOR VEHICLE,DIVIDED - W/MEDIAN (NOT RAISED),,STRAIGHT AND LEVEL,DRY,NO DEFECTS,ON SCENE,INJURY AND / OR TOW DUE TO CRASH,,,,"OVER $1,500",2/23/2022 21:05,UNABLE TO DETERMINE,NOT APPLICABLE,1135,E,47TH ST,222,,,,,,,2,NO INDICATION OF INJURY,0,0,0,0,0,1,0,21,4,2,41.80952113,-87.59785788,POINT (-87.597857882697 41.809521127316)
79179a000a0aa150992e2393f58edd2726da521dfda69a7ceac098f60e50aeda5f7050a6471bc8d5c8bd662962b89a76a7e4f07fc3abaab97a68c664a5bea525,JF146800,,2/16/2022 19:25,35,TRAFFIC SIGNAL,FUNCTIONING PROPERLY,RAIN,"DARKNESS, LIGHTED ROAD",REAR END,NOT DIVIDED,,STRAIGHT AND LEVEL,WET,UNKNOWN,NOT ON SCENE (DESK REPORT),NO INJURY / DRIVE AWAY,,,Y,"$501 - $1,500",2/16/2022 20:15,FAILING TO REDUCE SPEED TO AVOID CRASH,NOT APPLICABLE,255,W,MARQUETTE RD,722,,,,,,,2,NO INDICATION OF INJURY,0,0,0,0,0,2,0,19,4,2,41.77256974,-87.63206733,POINT (-87.63206732748 41.772569744362)
9528ebbc007851b9445babcf9391db66a83b55cca09edee784327878623805c8ca53cff71cd5cc72a9c49985b1e49e1872b20f6a0187163f0dd03e0e841cc1c4,JF182256,,3/22/2022 7:00,30,TRAFFIC SIGNAL,FUNCTIONING PROPERLY,RAIN,DAWN,SIDESWIPE SAME DIRECTION,DIVIDED - W/MEDIAN BARRIER,,STRAIGHT AND LEVEL,WET,NO DEFECTS,ON SCENE,NO INJURY / DRIVE AWAY,,,,"OVER $1,500",3/22/2022 7:20,IMPROPER OVERTAKING/PASSING,UNABLE TO DETERMINE,3700,S,PULASKI RD,1031,,,,,,,2,NO INDICATION OF INJURY,0,0,0,0,0,2,0,7,3,3,41.82672819,-87.72428145,POINT (-87.724281449638 41.826728187074)
95a5a877f05921f6baece090375edee8cea1ecbef20eff0a0564a67caf032ce0f6bc0eebf7055fe3f6f7c15c45ec7866965e0e5bb7c74bae0984e0dff65896ff,JF182311,,3/22/2022 8:06,30,TRAFFIC SIGNAL,FUNCTIONING PROPERLY,CLOUDY/OVERCAST,DAYLIGHT,TURNING,Y-INTERSECTION,,STRAIGHT AND LEVEL,WET,OTHER,NOT ON SCENE (DESK REPORT),NO INJURY / DRIVE AWAY,Y,,,"OVER $1,500",3/22/2022 8:50,FOLLOWING TOO CLOSELY,NOT APPLICABLE,500,W,HARRISON ST,124,,,,,,,2,NO INDICATION OF INJURY,0,0,0,0,0,3,0,8,3,3,41.87451601,-87.6395015,POINT (-87.639501495644 41.874516005793)
78612348ea5b53b9e54e6109831e6e9289a685bb75b92fb3dd11fb6c8a49d532e7c637c82cbde055f5e0749d7e2a6bc9087ee6bbf5210a35a23caf6b9f17d31d,JF153385,,2/23/2022 9:55,30,TRAFFIC SIGNAL,NO CONTROLS,CLEAR,DAYLIGHT,REAR END,NOT DIVIDED,,STRAIGHT AND LEVEL,DRY,NO DEFECTS,NOT ON SCENE (DESK REPORT),NO INJURY / DRIVE AWAY,Y,,,"OVER $1,500",2/23/2022 10:00,UNABLE TO DETERMINE,NOT APPLICABLE,2400,E,75TH ST,334,,,,,,,2,NO INDICATION OF INJURY,0,0,0,0,0,2,0,9,4,2,41.7590983,-87.56631499,POINT (-87.566314986034 41.759098297286)
9625c1ea9f484ca58a0783e8808b3b8e45bad7a2434b970bc8f5625c623f41f2156cf3b75ef72c5ab641773cbedb874339f7db56a4d5f2ba7412555cd49ae9cf,JF182815,,3/22/2022 15:28,30,NO CONTROLS,NO CONTROLS,CLOUDY/OVERCAST,DAYLIGHT,REAR END,NOT DIVIDED,,STRAIGHT AND LEVEL,DRY,NO DEFECTS,ON SCENE,INJURY AND / OR TOW DUE TO CRASH,,,,"OVER $1,500",3/22/2022 15:29,FOLLOWING TOO CLOSELY,UNABLE TO DETERMINE,7427,S,ASHLAND AVE,734,,,,,,,2,NONINCAPACITATING INJURY,1,0,0,1,0,2,0,15,3,3,41.75869028,-87.66347895,POINT (-87.663478952021 41.758690279445)
972824dbd26e6d1c5d865b297d7cad25d07d2ef01a10f9c8e1c2b007089106984f60bcafcff5c0c3d2ab7dabf3276e330357343cce3b3ac09464d534562bf72e,JF182383,,3/22/2022 9:15,20,OTHER WARNING SIGN,FUNCTIONING PROPERLY,RAIN,DAYLIGHT,PARKED MOTOR VEHICLE,NOT DIVIDED,,STRAIGHT AND LEVEL,WET,NO DEFECTS,ON SCENE,INJURY AND / OR TOW DUE TO CRASH,,,,"OVER $1,500",3/22/2022 9:18,FOLLOWING TOO CLOSELY,DISTRACTION - FROM OUTSIDE VEHICLE,1517,W,IRVING PARK RD,1922,,,,,,,2,NO INDICATION OF INJURY,0,0,0,0,0,2,0,9,3,3,41.95419054,-87.66828152,POINT (-87.668281521081 41.954190539965)
895fccd0cb88be0221ee8f5c7c0a723480229f0580c4a8bed3cec0f6dc4ca11622789de1f8aece819aac11a74a635553fdd778d63ef3f335a27f8b5136ab4f8c,JF176428,,3/16/2022 21:30,30,TRAFFIC SIGNAL,FUNCTIONING PROPERLY,CLEAR,"DARKNESS, LIGHTED ROAD",TURNING,NOT DIVIDED,,STRAIGHT AND LEVEL,DRY,NO DEFECTS,NOT ON SCENE (DESK REPORT),INJURY AND / OR TOW DUE TO CRASH,N,,,"OVER $1,500",3/16/2022 22:10,UNABLE TO DETERMINE,UNABLE TO DETERMINE,508,S,KOSTNER AVE,1131,,,,,,,2,"REPORTED, NOT EVIDENT",1,0,0,0,1,1,0,21,4,3,41.87389732,-87.73537557,POINT (-87.735375571169 41.873897321577)
9c64993431053d29b7b96f08dc25617330a72aa9ca81533648b39ae9c337839923b59693732c9807a3f9085a2903cf4d783e890d94a5aa58e9615b719e95a03e,JF168777,,3/9/2022 22:19,30,NO CONTROLS,NO CONTROLS,CLEAR,"DARKNESS, LIGHTED ROAD",PARKED MOTOR VEHICLE,NOT DIVIDED,,STRAIGHT AND LEVEL,DRY,NO DEFECTS,ON SCENE,INJURY AND / OR TOW DUE TO CRASH,,,,"OVER $1,500",3/9/2022 22:19,UNABLE TO DETERMINE,NOT APPLICABLE,2817,W,63RD ST,823,,,,,,,2,NO INDICATION OF INJURY,0,0,0,0,0,1,0,22,4,3,41.77899571,-87.69412599,POINT (-87.6941259874 41.778995704985)
9c8a8fc29de507b112e26245b025dd3f1f896cd7797454fe42a080ac4a8af2155af20a1c6d7f03cc980a7a0938730540813ce4ef13fa0bee4a9652d863b8f339,JF168787,,3/9/2022 22:16,30,TRAFFIC SIGNAL,FUNCTIONING PROPERLY,CLEAR,DARKNESS,ANGLE,FOUR WAY,,STRAIGHT AND LEVEL,DRY,UNKNOWN,ON SCENE,INJURY AND / OR TOW DUE TO CRASH,,,,"OVER $1,500",3/9/2022 22:16,DISREGARDING TRAFFIC SIGNALS,NOT APPLICABLE,9300,S,JEFFERY AVE,413,,,,,,,2,"REPORTED, NOT EVIDENT",1,0,0,0,1,1,0,22,4,3,41.72602285,-87.57559028,POINT (-87.575590277239 41.726022850207)
83f644d92fecbc29a7854e224be9b575ee3844c1e06ae0a3daf425239d9663512d958cfc0c8dbe27f01e7c4105e82a366a5c9adb398574f842b43f88bcfd8ccd,JF160603,,3/2/2022 8:00,30,NO CONTROLS,NO CONTROLS,CLEAR,DAYLIGHT,SIDESWIPE SAME DIRECTION,DIVIDED - W/MEDIAN BARRIER,,STRAIGHT AND LEVEL,DRY,NO DEFECTS,ON SCENE,NO INJURY / DRIVE AWAY,,,,$500 OR LESS,3/2/2022 8:00,DRIVING SKILLS/KNOWLEDGE/EXPERIENCE,DRIVING SKILLS/KNOWLEDGE/EXPERIENCE,5051,S,LAKE PARK AVE,222,,,,,,,2,NO INDICATION OF INJURY,0,0,0,0,0,2,0,8,4,3,41.80282623,-87.58783067,POINT (-87.587830672706 41.802826233785)
9cc36d74f9b95d89151ae854bce5a3e14b967be37774f572fab2b91e5a7cff3d2ff249a9c8cb9a988df795a6bc79c78d909c4025dfe50e9e8ae2285e3503322c,JF168044,,3/9/2022 9:00,30,NO CONTROLS,NO CONTROLS,CLEAR,DAYLIGHT,REAR END,ONE-WAY,,STRAIGHT AND LEVEL,DRY,NO DEFECTS,ON SCENE,NO INJURY / DRIVE AWAY,,,,$500 OR LESS,3/9/2022 9:05,FAILING TO YIELD RIGHT-OF-WAY,UNABLE TO DETERMINE,11830,S,HARVARD AVE,522,,N,,,,,2,NO INDICATION OF INJURY,0,0,0,0,0,3,0,9,4,3,41.67880918,-87.6312375,POINT (-87.631237503924 41.67880918363)
98e8636f7aecf4ecd45fa6e0f01e47b3da80e4b0abdd031a0b554769b3884acb5287136c5b11395b81f15871775df52f62cc4284c57264b91c8795155eeaa7e4,JC412345,,8/29/2019 15:34,30,TRAFFIC SIGNAL,FUNCTIONING PROPERLY,CLEAR,DAYLIGHT,PEDALCYCLIST,FOUR WAY,,STRAIGHT AND LEVEL,DRY,UNKNOWN,,INJURY AND / OR TOW DUE TO CRASH,Y,,,$500 OR LESS,8/29/2019 17:00,UNABLE TO DETERMINE,UNABLE TO DETERMINE,1559,W,WILSON AVE,1912,,,,,,,2,INCAPACITATING INJURY,1,0,1,0,0,1,0,15,5,8,41.96512546,-87.66926612,POINT (-87.669266116243 41.965125456127)
7b56db6adfd448b7bd32b39dc641acf4fa92a9129ca44fbce0657a7cbace43e3bb0a776f22eaadff0844f4a1945ba85c55a206c3366626d198b9b9300329a530,JF168502,,3/9/2022 17:00,30,TRAFFIC SIGNAL,FUNCTIONING PROPERLY,CLEAR,DAYLIGHT,TURNING,FOUR WAY,,STRAIGHT AND LEVEL,DRY,UNKNOWN,,NO INJURY / DRIVE AWAY,Y,,,"OVER $1,500",3/9/2022 17:29,IMPROPER OVERTAKING/PASSING,NOT APPLICABLE,679,W,ROOSEVELT RD,1232,,,,,,,2,NO INDICATION OF INJURY,0,0,0,0,0,2,0,17,4,3,41.86706916,-87.64513396,POINT (-87.645133963433 41.867069157962)
999b72394a22ea716e8aa7ac679d06ead30aa5795936c873577dbfdca7e56ff65a6ddab0897054ea81bd56842ffb1cbdaf0abc0d76bf59a9daa08fb5e5309217,JF182782,Y,3/22/2022 5:25,30,NO CONTROLS,NO CONTROLS,RAIN,DARKNESS,PARKED MOTOR VEHICLE,NOT DIVIDED,,STRAIGHT AND LEVEL,WET,NO DEFECTS,NOT ON SCENE (DESK REPORT),NO INJURY / DRIVE AWAY,,,Y,"OVER $1,500",3/22/2022 15:15,IMPROPER OVERTAKING/PASSING,UNABLE TO DETERMINE,4710,S,WELLS ST,935,,,,,,,2,NO INDICATION OF INJURY,0,0,0,0,0,1,0,5,3,3,41.80879945,-87.63276927,POINT (-87.632769273269 41.808799444903)
7b119c5579edcf011577a055bfcdca49ab2ac90e757aec8a6f1a8cdaea53db58e51527515c3f3a993bc08ecb89138e263c780445a33cc9133d643500bb73f4e0,JF146903,,2/16/2022 21:50,30,TRAFFIC SIGNAL,FUNCTIONING PROPERLY,RAIN,"DARKNESS, LIGHTED ROAD",PEDESTRIAN,ONE-WAY,,STRAIGHT AND LEVEL,WET,UNKNOWN,ON SCENE,INJURY AND / OR TOW DUE TO CRASH,,,Y,"OVER $1,500",2/16/2022 21:52,IMPROPER TURNING/NO SIGNAL,DRIVING SKILLS/KNOWLEDGE/EXPERIENCE,1801,W,WARREN BLVD,1223,,,,,,,2,NONINCAPACITATING INJURY,1,0,0,1,0,1,0,21,4,2,41.88219878,-87.67189069,POINT (-87.671890686992 41.882198780437)
7c5d9d9a7b13e05a6a8754588b21016322e4a770634953dfd0b5a52845b3ba8b3b7c4248f82111eb25a19f2ce14732f3eb886fbca1dc7805d48ec66137283047,JF154075,,2/23/2022 18:20,15,STOP SIGN/FLASHER,FUNCTIONING PROPERLY,CLEAR,"DARKNESS, LIGHTED ROAD",REAR TO SIDE,FOUR WAY,,STRAIGHT AND LEVEL,DRY,NO DEFECTS,ON SCENE,INJURY AND / OR TOW DUE TO CRASH,Y,,,"OVER $1,500",2/23/2022 20:15,DISREGARDING STOP SIGN,FAILING TO REDUCE SPEED TO AVOID CRASH,2200,E,72ND ST,333,,,,,,,2,NO INDICATION OF INJURY,0,0,0,0,0,2,0,18,4,2,41.76449471,-87.5712838,POINT (-87.571283798516 41.764494711542)
7c91e1cf16eb16216e47a40a71e1ef8c3f4fdf2c93f7101d020791b199196cc524aa748e5b833b2104ab82bdb53515e00f8bf68a092f67c4ba9c4f0ec257ee41,JF153831,Y,2/23/2022 6:00,30,NO CONTROLS,NO CONTROLS,CLEAR,DARKNESS,PARKED MOTOR VEHICLE,DIVIDED - W/MEDIAN (NOT RAISED),,STRAIGHT AND LEVEL,UNKNOWN,UNKNOWN,NOT ON SCENE (DESK REPORT),NO INJURY / DRIVE AWAY,,,,"OVER $1,500",2/23/2022 16:20,UNABLE TO DETERMINE,UNABLE TO DETERMINE,6500,S,KENNETH AVE,833,,,,,,,2,NO INDICATION OF INJURY,0,0,0,0,0,1,0,6,4,2,41.774794,-87.73378728,POINT (-87.733787277801 41.774793996325)
8ce161b395a175b81c84d61d541f3f77953564335483be7db04466579afff99add76d5a5648e55412556ee6d28cff2e16750fce83330d65b37f08b11878f944a,JF176315,,3/16/2022 18:00,35,NO CONTROLS,NO CONTROLS,CLEAR,"DARKNESS, LIGHTED ROAD",REAR END,NOT DIVIDED,,STRAIGHT AND LEVEL,DRY,NO DEFECTS,NOT ON SCENE (DESK REPORT),NO INJURY / DRIVE AWAY,,,Y,"OVER $1,500",3/16/2022 19:30,NOT APPLICABLE,NOT APPLICABLE,5101,S,CICERO AVE,815,,,,,,,2,NO INDICATION OF INJURY,0,0,0,0,0,2,0,18,4,3,41.8002456,-87.74281052,POINT (-87.742810521987 41.800245594931)
7d107c0ae6aec646c5a3ab4ab150648345c7b33329c51fc902e6eb3d1f417405dfcb05337fb8a6e56e416258f1e0e00cba161b929926dae4298662c214ed852b,JF146854,,2/16/2022 20:45,30,TRAFFIC SIGNAL,FUNCTIONING PROPERLY,RAIN,"DARKNESS, LIGHTED ROAD",SIDESWIPE SAME DIRECTION,DIVIDED - W/MEDIAN (NOT RAISED),,STRAIGHT AND LEVEL,WET,NO DEFECTS,NOT ON SCENE (DESK REPORT),NO INJURY / DRIVE AWAY,Y,,,"$501 - $1,500",2/16/2022 20:45,IMPROPER LANE USAGE,IMPROPER OVERTAKING/PASSING,102,E,WACKER DR,114,,,,,,,2,NO INDICATION OF INJURY,0,0,0,0,0,2,0,20,4,2,41.88840069,-87.62432171,POINT (-87.624321713986 41.88840068568)
7d3851d5d78c6652278c370d9ac5aff0da2ec6622ea1fb1dac9c9bfff84acc9bfdc2711f3cf7d2eae4718ee25b92e49dcd13268f4e8e136b368b90e8ec7d0b3a,JF153307,,2/23/2022 8:43,30,NO CONTROLS,NO CONTROLS,CLEAR,DAYLIGHT,SIDESWIPE SAME DIRECTION,NOT DIVIDED,,STRAIGHT AND LEVEL,DRY,NO DEFECTS,ON SCENE,NO INJURY / DRIVE AWAY,,,Y,"OVER $1,500",2/23/2022 9:15,IMPROPER LANE USAGE,NOT APPLICABLE,6300,N,HARLEM AVE,1612,,,,,,,2,NO INDICATION OF INJURY,0,0,0,0,0,2,0,8,4,2,41.99541208,-87.80696503,POINT (-87.806965026884 41.995412084135)
86abeeb2366d9a410ecb868e4a6eb0a461a3a1301b9de5c16dac2d4665b0de61f2e94c2bdc7e764b2848f1aab01c6aea95f615f29d0456a52a5cbc30d2881ef5,JF161400,,3/2/2022 17:30,30,TRAFFIC SIGNAL,FUNCTIONING PROPERLY,CLEAR,DAYLIGHT,SIDESWIPE OPPOSITE DIRECTION,NOT DIVIDED,,STRAIGHT AND LEVEL,DRY,NO DEFECTS,NOT ON SCENE (DESK REPORT),NO INJURY / DRIVE AWAY,Y,,,"OVER $1,500",3/2/2022 21:30,UNABLE TO DETERMINE,NOT APPLICABLE,3535,N,WESTERN AVE,1921,,,,,,,2,NO INDICATION OF INJURY,0,0,0,0,0,2,0,17,4,3,41.94596833,-87.68809,POINT (-87.68809000326 41.945968328061)
9b975f9505560cf62d04e4d6f6e38ee09baad1aca92021295cd19f98bd5b713d5eb89898ec5dc6c448f0131a7d613512f86419f813231a73178b4c0216488867,JF182774,,3/22/2022 13:55,30,NO CONTROLS,NO CONTROLS,CLEAR,DAYLIGHT,TURNING,NOT DIVIDED,,STRAIGHT AND LEVEL,DRY,NO DEFECTS,NOT ON SCENE (DESK REPORT),NO INJURY / DRIVE AWAY,,,,"OVER $1,500",3/22/2022 15:11,IMPROPER TURNING/NO SIGNAL,NOT APPLICABLE,8630,S,COTTAGE GROVE AVE,632,,,,,,,2,NO INDICATION OF INJURY,0,0,0,0,0,2,0,13,3,3,41.73752513,-87.60499434,POINT (-87.604994334961 41.737525127752)
7e4ec160ccf01966130c0b8e59b13323c2d0e018e92eff7563e66194bb01e6e10bb17c78c6dff2ab1ded8208a7ccf339b46e7a03114a12266ecc5b1ba737a630,JF154229,Y,2/23/2022 21:40,30,TRAFFIC SIGNAL,FUNCTIONING PROPERLY,SNOW,"DARKNESS, LIGHTED ROAD",SIDESWIPE SAME DIRECTION,NOT DIVIDED,,STRAIGHT AND LEVEL,WET,NO DEFECTS,NOT ON SCENE (DESK REPORT),NO INJURY / DRIVE AWAY,,,,$500 OR LESS,2/23/2022 22:08,UNABLE TO DETERMINE,NOT APPLICABLE,300,W,CHICAGO AVE,1823,,,,,,,2,NO INDICATION OF INJURY,0,0,0,0,0,2,0,21,4,2,41.89668592,-87.63577669,POINT (-87.635776690588 41.896685918295)
7e3b2de4df8a4a23cd092b1e0b121cc8facb518678e269cec1f24e3f3924cd4afcc7d54efbde2da679c78e45c84fc98c0af45b2d7541518757b525d3822dd701,JF146680,,2/16/2022 17:00,30,NO CONTROLS,FUNCTIONING PROPERLY,CLEAR,DAYLIGHT,SIDESWIPE SAME DIRECTION,OTHER,,STRAIGHT AND LEVEL,DRY,NO DEFECTS,NOT ON SCENE (DESK REPORT),NO INJURY / DRIVE AWAY,,,,"$501 - $1,500",2/16/2022 18:00,FAILING TO YIELD RIGHT-OF-WAY,NOT APPLICABLE,8431,W,BRYN MAWR AVE,1614,,,,,,,2,NO INDICATION OF INJURY,0,0,0,0,0,2,0,17,4,2,41.98098994,-87.83803586,POINT (-87.838035858567 41.9809899429)
9ca3ce98b5ba0acf77e7584ff55fbf3cc93fc9d0a97fca32ec7f1428f4061d827e0f60b268012be6f1b1d95d8b54666db266341a155f65b02da99ffe9da7a7e6,JF182145,,3/22/2022 2:19,40,NO CONTROLS,NO CONTROLS,CLEAR,"DARKNESS, LIGHTED ROAD",FIXED OBJECT,DIVIDED - W/MEDIAN BARRIER,,STRAIGHT AND LEVEL,DRY,NO DEFECTS,ON SCENE,INJURY AND / OR TOW DUE TO CRASH,,,Y,"OVER $1,500",3/22/2022 2:29,FAILING TO REDUCE SPEED TO AVOID CRASH,FAILING TO REDUCE SPEED TO AVOID CRASH,1500,N,LAKE SHORE DR SB,1824,,,,,,,1,NO INDICATION OF INJURY,0,0,0,0,0,1,0,2,3,3,41.90957987,-87.62608177,POINT (-87.626081768182 41.909579866705)
a20f2669d84d001380b630c529de1b0d2d4c4f7efffab4b7c5df215a9465a2ee7e7a49a171f7de7d7039580ce7a3cd554659825a42725c58f263296e54bbdb21,JF167810,,3/9/2022 0:39,30,STOP SIGN/FLASHER,FUNCTIONING PROPERLY,CLEAR,"DARKNESS, LIGHTED ROAD",TURNING,T-INTERSECTION,,STRAIGHT AND LEVEL,DRY,NO DEFECTS,ON SCENE,NO INJURY / DRIVE AWAY,Y,,,"OVER $1,500",3/9/2022 0:49,IMPROPER TURNING/NO SIGNAL,IMPROPER TURNING/NO SIGNAL,727,N,MILWAUKEE AVE,1214,,,,,,,2,NO INDICATION OF INJURY,0,0,0,0,0,2,0,0,4,3,41.89488883,-87.65309393,POINT (-87.653093927821 41.894888834044)
7f1be5eb91d209441045071a455a7db953a014258b46bcd25ab781f6582af61fb4dba5966a188fe851288a0c89b03754d77eebd4c6409e83dbe11599b68b0cf5,JF153814,,2/23/2022 15:55,30,STOP SIGN/FLASHER,FUNCTIONING PROPERLY,CLEAR,DAYLIGHT,ANGLE,DIVIDED - W/MEDIAN (NOT RAISED),,STRAIGHT AND LEVEL,DRY,NO DEFECTS,ON SCENE,INJURY AND / OR TOW DUE TO CRASH,Y,,,"OVER $1,500",2/23/2022 15:56,FAILING TO YIELD RIGHT-OF-WAY,DISREGARDING STOP SIGN,2629,N,LARAMIE AVE,2521,,,,,,,2,NO INDICATION OF INJURY,0,0,0,0,0,2,0,15,4,2,41.92864056,-87.7561656,POINT (-87.756165604092 41.928640558604)
a227296991bba5c395cbc5d4f0bc1e823d1bf5de287d8671769a0043c5b284a4b9faffbd769adde06d88a87606705523ac70354eb4411b1eaf1634567eb380e8,JF168681,,3/9/2022 19:00,30,NO CONTROLS,NO CONTROLS,CLEAR,"DARKNESS, LIGHTED ROAD",PARKED MOTOR VEHICLE,ONE-WAY,,STRAIGHT AND LEVEL,DRY,NO DEFECTS,NOT ON SCENE (DESK REPORT),NO INJURY / DRIVE AWAY,,,Y,"OVER $1,500",3/9/2022 19:28,DRIVING SKILLS/KNOWLEDGE/EXPERIENCE,UNABLE TO DETERMINE,5345,S,ARTESIAN AVE,923,,,,,,,2,NO INDICATION OF INJURY,0,0,0,0,0,1,0,19,4,3,41.79621352,-87.68517717,POINT (-87.685177165282 41.796213517882)
7fd2a46d05284cdc8809db9bc096f34819dbcc9fb55f3ad24d68fd808e6e64924fa5e22cb2e8d01842e30a4508a595186aea0003ecb373e4405a52c1dcf4d3b8,JF153994,,2/23/2022 18:50,30,NO CONTROLS,NO CONTROLS,CLEAR,"DARKNESS, LIGHTED ROAD",FIXED OBJECT,NOT DIVIDED,,STRAIGHT AND LEVEL,DRY,UNKNOWN,ON SCENE,INJURY AND / OR TOW DUE TO CRASH,N,,,"OVER $1,500",2/23/2022 18:50,"OPERATING VEHICLE IN ERRATIC, RECKLESS, CARELESS, NEGLIGENT OR AGGRESSIVE MANNER",UNABLE TO DETERMINE,3499,W,CHICAGO AVE,1121,,,,,,,1,NO INDICATION OF INJURY,0,0,0,0,0,1,0,18,4,2,41.89537419,-87.71380999,POINT (-87.713809990425 41.895374189818)
87db874bd4e8626dd332a6aeb4e8a924cd6c8f3a5bc8c2a91deb2ef04d498c73921fbd52b21ee6e607b87bf1615ab1afe9c4822730d171d114e9d9a4f2f3917a,JC399024,,8/19/2019 16:05,30,NO CONTROLS,NO CONTROLS,CLEAR,DAYLIGHT,PEDALCYCLIST,T-INTERSECTION,,STRAIGHT AND LEVEL,UNKNOWN,UNKNOWN,,INJURY AND / OR TOW DUE TO CRASH,Y,,Y,$500 OR LESS,8/19/2019 16:45,UNABLE TO DETERMINE,NOT APPLICABLE,3685,S,ARCHER AVE,912,,,,,,,2,NONINCAPACITATING INJURY,1,0,0,1,0,1,0,16,2,8,41.8268122,-87.68323709,POINT (-87.683237086392 41.82681219988)