CRASH_RECORD_ID,RD_NO,CRASH_DATE_EST_I,CRASH_DATE,POSTED_SPEED_LIMIT,TRAFFIC_CONTROL_DEVICE,DEVICE_CONDITION,WEATHER_CONDITION,LIGHTING_CONDITION,FIRST_CRASH_TYPE,TRAFFICWAY_TYPE,LANE_CNT,ALIGNMENT,ROADWAY_SURFACE_COND,ROAD_DEFECT,REPORT_TYPE,CRASH_TYPE,INTERSECTION_RELATED_I,NOT_RIGHT_OF_WAY_I,HIT_AND_RUN_I,DAMAGE,DATE_POLICE_NOTIFIED,PRIM_CONTRIBUTORY_CAUSE,SEC_CONTRIBUTORY_CAUSE,STREET_NO,STREET_DIRECTION,STREET_NAME,BEAT_OF_OCCURRENCE,PHOTOS_TAKEN_I,STATEMENTS_TAKEN_I,DOORING_I,WORK_ZONE_I,WORK_ZONE_TYPE,WORKERS_PRESENT_I,NUM_UNITS,MOST_SEVERE_INJURY,INJURIES_TOTAL,INJURIES_FATAL,INJURIES_INCAPACITATING,INJURIES_NON_INCAPACITATING,INJURIES_REPORTED_NOT_EVIDENT,INJURIES_NO_INDICATION,INJURIES_UNKNOWN,CRASH_HOUR,CRASH_DAY_OF_WEEK,CRASH_MONTH,LATITUDE,LONGITUDE,LOCATION
8e62a0e971fdd4f6904fba241f1c3ef1073deacc2b3f4c72841e29622c7af6a87b504e84a9f5ea003313e8cbc5745ca8a052907d998f0ad6bdabf55c3ff6b922,JE321027,,7/28/2021 19:20,30,TRAFFIC SIGNAL,FUNCTIONING PROPERLY,CLEAR,DAYLIGHT,PEDESTRIAN,NOT DIVIDED,,STRAIGHT AND LEVEL,UNKNOWN,UNKNOWN,,INJURY AND / OR TOW DUE TO CRASH,,,N,"$501 - $1,500",7/31/2021 12:53,IMPROPER TURNING/NO SIGNAL,IMPROPER OVERTAKING/PASSING,400,W,BELMONT AVE,1925,,,,,,,2,"REPORTED, NOT EVIDENT",1,0,0,0,1,2,0,19,4,7,41.94024119,-87.63963911,POINT (-87.639639114276 41.940241193256)
a2d62d376e4df6969c346a20c8d69d1ad46c39f16fdb4f9986bffa186be2d230248a499d6125af633dfb1291154de9fccbe04b4911d6b7c5ff90b385a715babf,JF168746,,3/9/2022 21:30,30,NO CONTROLS,NO CONTROLS,CLEAR,"DARKNESS, LIGHTED ROAD",TURNING,DIVIDED - W/MEDIAN (NOT RAISED),,STRAIGHT AND LEVEL,DRY,NO DEFECTS,ON SCENE,INJURY AND / OR TOW DUE TO CRASH,Y,,Y,"OVER $1,500",3/9/2022 21:34,UNABLE TO DETERMINE,UNABLE TO DETERMINE,4400,W,LAWRENCE AVE,1712,,,,,,,2,NONINCAPACITATING INJURY,1,0,0,1,0,2,0,21,4,3,41.96824277,-87.73796878,POINT (-87.737968778247 41.968242773953)
7fc79a5fb426a4963a7497af6ecb79c64457f82344ce272fc723e2e5d371d9607f440a9707d11baac963457c838fc473c99b8abc0fbfb72f0942c8d5e80666e8,JF146875,Y,2/16/2022 21:38,20,NO CONTROLS,NO CONTROLS,RAIN,"DARKNESS, LIGHTED ROAD",SIDESWIPE SAME DIRECTION,NOT DIVIDED,,STRAIGHT AND LEVEL,WET,NO DEFECTS,ON SCENE,INJURY AND / OR TOW DUE TO CRASH,,,Y,"OVER $1,500",2/16/2022 21:53,IMPROPER OVERTAKING/PASSING,UNABLE TO DETERMINE,7745,S,DR MARTIN LUTHER KING JR DR,624,,,,,,,3,NO INDICATION OF INJURY,0,0,0,0,0,2,0,21,4,2,41.75342989,-87.61486339,POINT (-87.61486338514 41.753429893399)
8f51db13d3334a8863488644efa4d9b0b42674bab26d2d6316109ce74b15cfef2bf1678bec1bb63ce6b7b738773c90a5a98962d063a66e8d2fbe7c400a9a718c,JF176105,,3/16/2022 16:25,35,NO CONTROLS,NO CONTROLS,CLEAR,DAYLIGHT,SIDESWIPE SAME DIRECTION,DIVIDED - W/MEDIAN (NOT RAISED),,STRAIGHT AND LEVEL,DRY,NO DEFECTS,ON SCENE,NO INJURY / DRIVE AWAY,,,,"OVER $1,500",3/16/2022 16:38,IMPROPER OVERTAKING/PASSING,IMPROPER OVERTAKING/PASSING,4400,W,47TH ST,815,,,,,,,2,NO INDICATION OF INJURY,0,0,0,0,0,2,0,16,4,3,41.80785605,-87.73343455,POINT (-87.733434550527 41.807856044504)
9067a0714c8486fb86004842b39e83a604c21f0f31c8733b5f0632fbe51d8764658d0ecfec4ed195c30bc765bc14a34d8372ac340f9775ce8d841bce6fb90a59,JF178234,,3/16/2022 14:00,30,STOP SIGN/FLASHER,FUNCTIONING PROPERLY,CLEAR,DAYLIGHT,TURNING,NOT DIVIDED,,STRAIGHT AND LEVEL,DRY,NO DEFECTS,NOT ON SCENE (DESK REPORT),NO INJURY / DRIVE AWAY,Y,,,"$501 - $1,500",3/18/2022 12:26,UNABLE TO DETERMINE,UNABLE TO DETERMINE,2000,E,70TH ST,331,,,,,,,2,NO INDICATION OF INJURY,0,0,0,0,0,2,0,14,4,3,41.76809151,-87.57628953,POINT (-87.5762895248 41.768091504634)
908285c068bedf292cf6614956c8e3d5a87775b14211bfbe956ff8d5910ed57b237a188fb5a8e93a2c32114931fe3a33cfc0af1cb9111dcb512bfbc3f4d15bfb,JF175910,,3/16/2022 14:30,35,TRAFFIC SIGNAL,FUNCTIONING PROPERLY,CLEAR,DAYLIGHT,REAR END,NOT DIVIDED,,STRAIGHT AND LEVEL,DRY,WORN SURFACE,ON SCENE,NO INJURY / DRIVE AWAY,,,,"$501 - $1,500",3/16/2022 14:30,EQUIPMENT - VEHICLE CONDITION,UNABLE TO DETERMINE,7824,S,HALSTED ST,621,,,,,,,2,NO INDICATION OF INJURY,0,0,0,0,0,3,0,14,4,3,41.75168705,-87.64421524,POINT (-87.644215235418 41.751687051489)
90a7e1864f2c3548c3132fb21220d92e24de8fc65b8071bba401d9b6246e516a6bec2e27eb061a29fc615f2a345bab8e53a34eba465b9cdf5d7fa94b0a77d79e,JF175453,,3/16/2022 7:40,30,NO CONTROLS,NO CONTROLS,CLEAR,DAYLIGHT,SIDESWIPE SAME DIRECTION,NOT DIVIDED,,STRAIGHT AND LEVEL,DRY,NO DEFECTS,ON SCENE,INJURY AND / OR TOW DUE TO CRASH,,,,"OVER $1,500",3/16/2022 7:41,FAILING TO YIELD RIGHT-OF-WAY,NOT APPLICABLE,430,W,BELMONT AVE,1925,,,,,,,2,NO INDICATION OF INJURY,0,0,0,0,0,2,0,7,4,3,41.94020712,-87.64086165,POINT (-87.640861648942 41.940207116521)
8111325d130c80c70dcb6dc664bdd32f8442a5a475e395c21287f4b794caa2a6103f979d67b76fe10011049c1e72801c756300b7d011c991a01930b0fd214f26,JF145887,Y,2/16/2022 6:10,15,NO CONTROLS,NO CONTROLS,CLEAR,"DARKNESS, LIGHTED ROAD",PARKED MOTOR VEHICLE,PARKING LOT,,STRAIGHT AND LEVEL,DRY,NO DEFECTS,ON SCENE,NO INJURY / DRIVE AWAY,,,,"$501 - $1,500",2/16/2022 6:15,IMPROPER BACKING,NOT APPLICABLE,3,W,TERMINAL ST,1653,,,,,,,2,NO INDICATION OF INJURY,0,0,0,0,0,1,0,6,4,2,,,
81c06782a0e9fca9768d1bec4ef6e471c6dffd173ce876876e152a8336d3c1e43c322bad926286e120c29585c87e47c5c61f919397d646c67f2a3aa876bf0685,JF154172,,2/23/2022 22:50,35,NO CONTROLS,NO CONTROLS,SNOW,"DARKNESS, LIGHTED ROAD",REAR END,DIVIDED - W/MEDIAN BARRIER,,STRAIGHT AND LEVEL,SNOW OR SLUSH,NO DEFECTS,ON SCENE,INJURY AND / OR TOW DUE TO CRASH,,,,"OVER $1,500",2/23/2022 23:05,IMPROPER LANE USAGE,IMPROPER LANE USAGE,3759,W,DEVON AVE,1711,,,,,,,2,NO INDICATION OF INJURY,0,0,0,0,0,2,0,22,4,2,41.99714811,-87.72396106,POINT (-87.723961056969 41.997148112235)
a4a0328043261e71ac684fef223cac64d3dafb0a071ef57af45635ff7b27eeb48f8531ab80023d449cbf689f184eba3dadb2840b0ef5d32315b8198baf65f6c7,JF168392,,3/9/2022 15:53,30,TRAFFIC SIGNAL,FUNCTIONING PROPERLY,CLEAR,DAYLIGHT,REAR END,NOT DIVIDED,,STRAIGHT AND LEVEL,DRY,NO DEFECTS,NOT ON SCENE (DESK REPORT),NO INJURY / DRIVE AWAY,,,,$500 OR LESS,3/9/2022 16:00,FAILING TO REDUCE SPEED TO AVOID CRASH,NOT APPLICABLE,1559,N,CICERO AVE,2533,,,,,,,2,NO INDICATION OF INJURY,0,0,0,0,0,2,0,15,4,3,41.90953467,-87.74596768,POINT (-87.745967679057 41.909534669935)
a4bd1bc651dd10097fac95ed6d7a9141f553bb8e70dcbbafd746c1c1b4acd853797859960433ad054a8e5c03cb1278c8ab5b05b5a38a65ba0fd73f9fbb9f34f5,JF168334,,3/9/2022 15:15,30,NO CONTROLS,NO CONTROLS,CLEAR,DAYLIGHT,REAR END,NOT DIVIDED,,STRAIGHT AND LEVEL,DRY,NO DEFECTS,NOT ON SCENE (DESK REPORT),NO INJURY / DRIVE AWAY,,,,"OVER $1,500",3/9/2022 15:20,FOLLOWING TOO CLOSELY,FOLLOWING TOO CLOSELY,2402,E,103RD ST,431,,,,,,,2,NO INDICATION OF INJURY,0,0,0,0,0,2,0,15,4,3,41.70819691,-87.56557135,POINT (-87.565571346466 41.70819690635)
81b36daecdcf4c615f118b1265cd26eb43fb99995d5b60b21a44e2f1fca1b6d9995a129bac3a9e5cca7e706346970fbd34eaf0bcd7e6c069ce2e2d62a8b0cfdb,JD177661,,3/7/2020 18:22,20,NO CONTROLS,NO CONTROLS,CLEAR,"DARKNESS, LIGHTED ROAD",PARKED MOTOR VEHICLE,ONE-WAY,,STRAIGHT AND LEVEL,DRY,NO DEFECTS,,INJURY AND / OR TOW DUE TO CRASH,,,,"OVER $1,500",3/7/2020 18:25,UNABLE TO DETERMINE,NOT APPLICABLE,4312,W,CULLERTON ST,1012,,,,,,,4,NO INDICATION OF INJURY,0,0,0,0,0,1,0,18,7,3,41.85441041,-87.73273241,POINT (-87.732732405591 41.854410406278)
8a82cb75b24d3d5423e027ec3de1e2974f6934a4336abe33daca18556fe7799e32d7fe17c193b7e9d2c571d2376b8986d3d411fa6cc78e7d9e78f9af65af4ed6,JC540832,,12/9/2019 13:10,20,OTHER,UNKNOWN,CLEAR,DAYLIGHT,PARKED MOTOR VEHICLE,PARKING LOT,,STRAIGHT ON GRADE,DRY,UNKNOWN,,NO INJURY / DRIVE AWAY,,Y,Y,"$501 - $1,500",12/9/2019 17:50,IMPROPER BACKING,NOT APPLICABLE,1911,S,INDIANA AVE,132,,,,,,,2,NO INDICATION OF INJURY,0,0,0,0,0,1,0,13,2,12,41.8562988,-87.62214888,POINT (-87.622148880368 41.856298801027)
a48865ebffe84dcc4b889cf921c8ca132b57ad2a47a80feb1c81eb9deb78e1bd94954c10100d10c85c90b90aa0c0acdf5d0208738ab0ae3699ae439ab125af55,JE460374,,11/29/2021 15:09,20,STOP SIGN/FLASHER,NO CONTROLS,CLEAR,DAYLIGHT,PARKED MOTOR VEHICLE,ONE-WAY,,STRAIGHT AND LEVEL,DRY,NO DEFECTS,,NO INJURY / DRIVE AWAY,,,,"OVER $1,500",11/29/2021 15:15,UNABLE TO DETERMINE,UNABLE TO DETERMINE,11141,S,UNION AVE,2233,,,,,,,3,NO INDICATION OF INJURY,0,0,0,0,0,1,0,15,2,11,41.69116794,-87.63977202,POINT (-87.639772018631 41.691167937303)
825c779a35a5faf9e0610f238060816af3116fc49d5b4ab1488062f1bd09e2c08fafac79535f0b0d65ab30aaa89a6fa3bca1430b9c1b0b84230f69b9afeceb6d,JF154569,,2/24/2022 0:00,30,NO CONTROLS,NO CONTROLS,UNKNOWN,UNKNOWN,PARKED MOTOR VEHICLE,NOT DIVIDED,,STRAIGHT AND LEVEL,UNKNOWN,NO DEFECTS,NOT ON SCENE (DESK REPORT),INJURY AND / OR TOW DUE TO CRASH,,,Y,"OVER $1,500",2/24/2022 11:50,UNABLE TO DETERMINE,NOT APPLICABLE,718,E,76TH ST,624,,,,,,,2,NO INDICATION OF INJURY,0,0,0,0,0,1,0,0,5,2,41.7568403,-87.60698454,POINT (-87.606984542574 41.756840300536)
911edf565ddf1e60cd3003e5889c0eeadc3dde30d147a1aa687e18e5d0a70c05f3aca8f9c0d63715d6fc5a7f02dcce7df892b66641cb6a6f0d275f9ae9594878,JF176051,,3/16/2022 15:07,30,NO CONTROLS,NO CONTROLS,CLEAR,DAYLIGHT,TURNING,NOT DIVIDED,,STRAIGHT AND LEVEL,DRY,NO DEFECTS,NOT ON SCENE (DESK REPORT),NO INJURY / DRIVE AWAY,,,,"OVER $1,500",3/16/2022 15:50,FAILING TO YIELD RIGHT-OF-WAY,FAILING TO YIELD RIGHT-OF-WAY,4802,W,WARNER AVE,1624,,,,,,,2,NO INDICATION OF INJURY,0,0,0,0,0,2,0,15,4,3,41.95626306,-87.74762082,POINT (-87.747620817632 41.956263058154)
a063689e7c64bf94d36edf3c9c04b2c9d6a416a755e2ec36a5c4feb9740848382b354d259b14f0aad53c7d0018ad7e73d4470a6d5389d1729f03848201bad1f3,JC395537,,8/16/2019 18:56,25,TRAFFIC SIGNAL,UNKNOWN,CLEAR,UNKNOWN,TURNING,FOUR WAY,,STRAIGHT AND LEVEL,UNKNOWN,UNKNOWN,,NO INJURY / DRIVE AWAY,Y,,,"$501 - $1,500",8/16/2019 22:00,UNABLE TO DETERMINE,NOT APPLICABLE,550,W,ROOSEVELT RD,124,,,,,,,2,NO INDICATION OF INJURY,0,0,0,0,0,2,0,18,6,8,41.86734445,-87.64123828,POINT (-87.641238281435 41.867344452259)
831bfd1b39968cd53268564f040162d23fc4b05946bb6dcbd2f50124cb0855c8094f9042c065d8253a24b5a00bcd76030df6ad45f712fe36dce373db924e2efa,JF153383,Y,2/23/2022 9:50,15,NO CONTROLS,NO CONTROLS,CLEAR,DAYLIGHT,PARKED MOTOR VEHICLE,PARKING LOT,,STRAIGHT AND LEVEL,DRY,NO DEFECTS,ON SCENE,NO INJURY / DRIVE AWAY,,Y,,"$501 - $1,500",2/23/2022 10:08,UNABLE TO DETERMINE,NOT APPLICABLE,225,E,CHICAGO AVE,1833,,,,,,,2,NO INDICATION OF INJURY,0,0,0,0,0,2,0,9,4,2,41.89665988,-87.62175524,POINT (-87.621755235273 41.896659881319)
82fc57f4555fecbf8348f48922e12f650a2ea27a5096d8fa0b47a7491a28b7140ece10c699b9c7ac3930e734ba48ea249d338ff1c08e45d20b4a4ead3364205d,JF146409,,2/16/2022 13:30,30,NO CONTROLS,NO CONTROLS,CLEAR,DAYLIGHT,REAR END,NOT DIVIDED,,STRAIGHT AND LEVEL,DRY,NO DEFECTS,NOT ON SCENE (DESK REPORT),NO INJURY / DRIVE AWAY,Y,,,"OVER $1,500",2/16/2022 14:55,UNABLE TO DETERMINE,NOT APPLICABLE,3235,W,DIVISION ST,1121,,,,,,,3,NO INDICATION OF INJURY,0,0,0,0,0,2,0,13,4,2,41.90270827,-87.70819881,POINT (-87.708198809642 41.90270826666)
8324aa952bb6f538f469106e74bdad8d884998298cb956557d111cdbabf506c50eb44995d6f642a3beb716efa954ebd33743640399badf5f51f40c0c0565d7f1,JF168311,,3/6/2022 1:24,30,NO CONTROLS,NO CONTROLS,CLEAR,DARKNESS,ANGLE,DIVIDED - W/MEDIAN (NOT RAISED),,STRAIGHT AND LEVEL,DRY,NO DEFECTS,,INJURY AND / OR TOW DUE TO CRASH,,,Y,"$501 - $1,500",3/9/2022 15:26,DISREGARDING TRAFFIC SIGNALS,NOT APPLICABLE,1839,W,CERMAK RD,1034,,,,,,,2,NONINCAPACITATING INJURY,1,0,0,1,0,1,0,1,1,3,41.85211464,-87.67250376,POINT (-87.672503759116 41.852114644195)
91c99ac322dd773beccd81a935a85bcded4ddfd91d706b06a94736b2ac6266c1b452990697fc8729fee2816cd67f9a9a4b834e2cafc905a6e21fd794d19da778,JC386244,,8/10/2019 0:37,30,NO CONTROLS,NO CONTROLS,CLEAR,"DARKNESS, LIGHTED ROAD",PEDESTRIAN,NOT DIVIDED,,STRAIGHT AND LEVEL,DRY,NO DEFECTS,,INJURY AND / OR TOW DUE TO CRASH,,,,"OVER $1,500",8/10/2019 0:47,UNABLE TO DETERMINE,UNABLE TO DETERMINE,515,N,HALSTED ST,1214,,,,,,,2,NONINCAPACITATING INJURY,1,0,0,1,0,2,0,0,7,8,41.89169049,-87.6474883,POINT (-87.647488301523 41.891690484974)
a0e8910c08bb4506893ad02ba80d6e207e91573427baacb14853374cebfda30e56d844f54ee83df24a4f118112c4dcfad762d0b57967f76acd7d7a26dd1197fe,JD234184,,5/16/2020 14:55,30,STOP SIGN/FLASHER,FUNCTIONING PROPERLY,CLEAR,DAYLIGHT,PEDALCYCLIST,FOUR WAY,,STRAIGHT AND LEVEL,DRY,NO DEFECTS,,NO INJURY / DRIVE AWAY,Y,,,"OVER $1,500",5/16/2020 14:56,FAILING TO REDUCE SPEED TO AVOID CRASH,FAILING TO YIELD RIGHT-OF-WAY,5400,N,DAMEN AVE,2012,,,,,,,2,NO INDICATION OF INJURY,0,0,0,0,0,2,0,14,7,5,41.97971275,-87.67966343,POINT (-87.679663433548 41.979712751935)
836ee8e9bfda7ea0ab4fa03239ff71ac718a7c5106b62ed7051dcdfef3c295703b469d4d27a8e889048bd7ce70a1fd32958a2e418e2667dc51ff39f1c690beff,JF153807,,2/23/2022 16:10,30,TRAFFIC SIGNAL,UNKNOWN,CLEAR,DAYLIGHT,REAR TO FRONT,NOT DIVIDED,,STRAIGHT AND LEVEL,DRY,UNKNOWN,ON SCENE,NO INJURY / DRIVE AWAY,Y,,,"OVER $1,500",2/23/2022 16:25,UNABLE TO DETERMINE,UNABLE TO DETERMINE,4498,W,ADDISON ST,1731,,,,,,,2,NO INDICATION OF INJURY,0,0,0,0,0,2,0,16,4,2,41.94633227,-87.73915685,POINT (-87.739156849826 41.946332274015)
9346146994aba2bd14951a6d3acfc09531cd2efd8a72bde32d70f7ca248574de1a83a9e393d43ef4f0205b1fb7a22a443997f02d7716c268aaddde6cd632732e,JF175426,,3/16/2022 6:40,45,OTHER,FUNCTIONING PROPERLY,CLEAR,DAWN,SIDESWIPE OPPOSITE DIRECTION,DIVIDED - W/MEDIAN BARRIER,,STRAIGHT AND LEVEL,DRY,NO DEFECTS,ON SCENE,NO INJURY / DRIVE AWAY,,,Y,"$501 - $1,500",3/16/2022 6:41,IMPROPER BACKING,NOT APPLICABLE,8801,S,CHICAGO SKYWAY IB,423,,,,,,,2,NO INDICATION OF INJURY,0,0,0,0,0,2,0,6,4,3,,,
9415cc7039a0a39af246e636c01a6cdf93124ef287a17caff313f9d5dac12777317dbd033f30226d91b438cb83bee01ea36c2b7553e6d3a12eafcb7576632701,JF175523,Y,3/16/2022 8:30,30,NO CONTROLS,NO CONTROLS,CLEAR,DAYLIGHT,SIDESWIPE OPPOSITE DIRECTION,DIVIDED - W/MEDIAN (NOT RAISED),,STRAIGHT AND LEVEL,DRY,NO DEFECTS,ON SCENE,NO INJURY / DRIVE AWAY,,,,"$501 - $1,500",3/16/2022 8:48,DRIVING SKILLS/KNOWLEDGE/EXPERIENCE,FAILING TO YIELD RIGHT-OF-WAY,3018,N,LARAMIE AVE,2514,,,,,,,2,NO INDICATION OF INJURY,0,0,0,0,0,2,0,8,4,3,41.93562293,-87.75672478,POINT (-87.756724775923 41.935622928374)
8382cb83d2451e8396d421f2df1d9749650245e5a405b213add45100c5acc657a1eb3926513cba4407020c9d34831d60ddcfe74e77b484b69049c5a91acde003,JF147182,,2/16/2022 10:39,30,TRAFFIC SIGNAL,FUNCTIONING PROPERLY,CLEAR,DAYLIGHT,SIDESWIPE SAME DIRECTION,DIVIDED - W/MEDIAN (NOT RAISED),,STRAIGHT AND LEVEL,DRY,NO DEFECTS,,NO INJURY / DRIVE AWAY,,,,"OVER $1,500",2/17/2022 9:30,IMPROPER LANE USAGE,IMPROPER LANE USAGE,7151,W,ARCHER AVE,811,,,,,,,2,NO INDICATION OF INJURY,0,0,0,0,0,2,0,10,4,2,41.79183699,-87.80105273,POINT (-87.801052728194 41.791836990174)
92ecb4545ab8e1d5182f1496b8b0fdcb10cebfe0955a0d547b2cebd7eea10ca18dfad1cb10e6d0bac05d1dbeda11c8b5720e5bb154120ddc6100ae943c0f1188,JC487808,,10/26/2019 23:52,30,NO CONTROLS,NO CONTROLS,RAIN,"DARKNESS, LIGHTED ROAD",SIDESWIPE SAME DIRECTION,ONE-WAY,,STRAIGHT AND LEVEL,WET,UNKNOWN,,NO INJURY / DRIVE AWAY,,,Y,"OVER $1,500",10/27/2019 0:09,"OPERATING VEHICLE IN ERRATIC, RECKLESS, CARELESS, NEGLIGENT OR AGGRESSIVE MANNER",UNABLE TO DETERMINE,336,W,ONTARIO ST,1831,,,,,,,3,NO INDICATION OF INJURY,0,0,0,0,0,4,0,23,7,10,41.89325671,-87.6370078,POINT (-87.637007797127 41.893256711085)
a1311a7bfdb7b281edb69d144043d8544e2cb7744fd14af3ea06382b33fd1acab27cd07a651fa649957e37a630997df0ccb96026425684dff3cb700d80127e92,JE350648,,8/24/2021 22:30,30,TRAFFIC SIGNAL,NOT FUNCTIONING,RAIN,"DARKNESS, LIGHTED ROAD",ANGLE,FOUR WAY,,STRAIGHT AND LEVEL,WET,NO DEFECTS,,NO INJURY / DRIVE AWAY,,,Y,"OVER $1,500",8/26/2021 13:10,"OPERATING VEHICLE IN ERRATIC, RECKLESS, CARELESS, NEGLIGENT OR AGGRESSIVE MANNER",NOT APPLICABLE,7100,S,STATE ST,323,,,,,,,2,NO INDICATION OF INJURY,0,0,0,0,0,2,0,22,3,8,41.76539361,-87.62505048,POINT (-87.625050475006 41.765393607783)
83ce0278b132ca920fa0fe8195b68b6b740bda2f96e92f57d44f38386bbc9bc0076dc477927ba3686932ddc1c0e616b39327ae14697ec715a06cce8390039853,JF154014,,2/23/2022 18:55,30,STOP SIGN/FLASHER,FUNCTIONING PROPERLY,CLOUDY/OVERCAST,DAYLIGHT,ANGLE,DIVIDED - W/MEDIAN (NOT RAISED),,STRAIGHT AND LEVEL,SNOW OR SLUSH,NO DEFECTS,NOT ON SCENE (DESK REPORT),NO INJURY / DRIVE AWAY,Y,,,"OVER $1,500",2/23/2022 19:11,DISREGARDING STOP SIGN,UNABLE TO DETERMINE,10700,S,WOOD ST,2212,,,,,,,2,NO INDICATION OF INJURY,0,0,0,0,0,2,0,18,4,2,41.69924298,-87.66703658,POINT (-87.667036576015 41.699242977231)
94854b4111a09808eadebc66fa2dce02751d6deeff5fbb3d4b09cc7223c68d5889f1c29376936e7e9ef41d1643060627bc67c20ff264dd111e249e5f4acdb570,JF176501,,3/16/2022 17:57,30,STOP SIGN/FLASHER,FUNCTIONING PROPERLY,CLEAR,DAYLIGHT,PARKED MOTOR VEHICLE,NOT DIVIDED,,STRAIGHT AND LEVEL,DRY,NO DEFECTS,NOT ON SCENE (DESK REPORT),INJURY AND / OR TOW DUE TO CRASH,,,,"OVER $1,500",3/17/2022 0:30,EQUIPMENT - VEHICLE CONDITION,UNABLE TO DETERMINE,1002,S,OAKLEY BLVD,1225,,,,,,,2,NONINCAPACITATING INJURY,1,0,0,1,0,0,0,17,4,3,41.86890609,-87.68379827,POINT (-87.683798265588 41.868906093707)
900c88031ee35e0b71922369b9cfb32489df7d4cb0c618e4c85c0f0602c557aebf6b1b4207da49772865b0ff80b58144a6e95a630f46db49219fc3853a6d7ab2,JF176267,,3/16/2022 18:30,30,NO CONTROLS,NO CONTROLS,CLEAR,DAYLIGHT,ANGLE,NOT DIVIDED,,STRAIGHT AND LEVEL,DRY,NO DEFECTS,,INJURY AND / OR TOW DUE TO CRASH,,,,"OVER $1,500",3/16/2022 18:32,FAILING TO YIELD RIGHT-OF-WAY,UNABLE TO DETERMINE,2230,S,WOOD ST,1034,,,,,,,2,NO INDICATION OF INJURY,0,0,0,0,0,3,0,18,4,3,41.85136989,-87.67105962,POINT (-87.671059616903 41.851369887933)
84503c22400175c86fea3615376ce361c6541c3d4f4d02a7c82b96538eef7fc01e310aad33074e0b9acffbe9f15b7c714d75b16f5944ee332200d47512c3a3d1,JF146842,,2/16/2022 10:30,30,TRAFFIC SIGNAL,FUNCTIONING PROPERLY,CLEAR,DAYLIGHT,REAR END,DIVIDED - W/MEDIAN (NOT RAISED),,STRAIGHT AND LEVEL,WET,NO DEFECTS,NOT ON SCENE (DESK REPORT),NO INJURY / DRIVE AWAY,,,N,"$501 - $1,500",2/16/2022 21:00,UNABLE TO DETERMINE,NOT APPLICABLE,8300,S,LAKE SHORE DR,424,,,,,,,2,NO INDICATION OF INJURY,0,0,0,0,0,2,0,10,4,2,41.74468949,-87.54056648,POINT (-87.54056648255 41.744689492493)
85af0b10b87a10b966020583225902df42a3ff8da7b98a2dfcc1d5b7fcf75f97ce8c76af18df142bcaa67747beff9229a25c25ca62d4d8bfa217cb43ba99b0fa,JF146475,,2/16/2022 15:09,30,TRAFFIC SIGNAL,FUNCTIONING PROPERLY,RAIN,DAYLIGHT,TURNING,FOUR WAY,,STRAIGHT AND LEVEL,WET,NO DEFECTS,ON SCENE,INJURY AND / OR TOW DUE TO CRASH,Y,,N,"OVER $1,500",2/16/2022 15:38,IMPROPER TURNING/NO SIGNAL,NOT APPLICABLE,3500,S,WESTERN AVE,911,,,,,,,2,"REPORTED, NOT EVIDENT",1,0,0,0,1,1,0,15,4,2,41.83018726,-87.68517793,POINT (-87.685177925102 41.830187255269)
a3a823d2a57984b1df727128579faddc07385a5fe39506364c7acfd99db4652fc006b1646ed294eddb87cf1c19f0f7adaa10bdf9c7f72c90e42b103b191abfea,JF182291,,3/22/2022 7:50,35,TRAFFIC SIGNAL,FUNCTIONING PROPERLY,RAIN,DAYLIGHT,PEDESTRIAN,DIVIDED - W/MEDIAN (NOT RAISED),,STRAIGHT AND LEVEL,WET,NO DEFECTS,ON SCENE,INJURY AND / OR TOW DUE TO CRASH,,,Y,$500 OR LESS,3/22/2022 8:00,FAILING TO YIELD RIGHT-OF-WAY,NOT APPLICABLE,3900,W,103RD ST,2211,,,,,,,2,"REPORTED, NOT EVIDENT",1,0,0,0,1,1,0,7,3,3,41.70604297,-87.71854993,POINT (-87.718549926993 41.706042966498)
96f2115f35cdeeb4d86e858636cc12d1f7a99cef9eb0053a7a20b3d5e433431b6ab620458be53ff49f18f7274b988c9ce87f02800d2d2108fe4790d043996bce,JF175447,,3/16/2022 6:12,30,STOP SIGN/FLASHER,FUNCTIONING PROPERLY,CLEAR,DAYLIGHT,ANGLE,FOUR WAY,,STRAIGHT AND LEVEL,DRY,UNKNOWN,ON SCENE,INJURY AND / OR TOW DUE TO CRASH,Y,,,"$501 - $1,500",3/16/2022 7:16,UNABLE TO DETERMINE,UNABLE TO DETERMINE,3800,S,VINCENNES AVE,212,,,,,,,2,NONINCAPACITATING INJURY,1,0,0,1,0,1,0,6,4,3,41.82570093,-87.61228386,POINT (-87.61228386033 41.825700930413)
a2bf0bfcf398fb88e1256db3259b40e96d896bca35203469c453d9441e2b825a870de2f5d562fa4ff1ee676b1718d14804bd28b22330439c24055d5900334620,JE305052,,7/17/2021 23:00,35,NO CONTROLS,NO CONTROLS,CLEAR,"DARKNESS, LIGHTED ROAD",REAR TO SIDE,NOT DIVIDED,,STRAIGHT AND LEVEL,DRY,NO DEFECTS,,INJURY AND / OR TOW DUE TO CRASH,,,N,"OVER $1,500",7/17/2021 23:05,UNABLE TO DETERMINE,UNABLE TO DETERMINE,7200,S,CONSTANCE AVE,324,,,,,,,6,NO INDICATION OF INJURY,0,0,0,0,0,2,0,23,7,7,41.76423868,-87.58069907,POINT (-87.580699067741 41.764238679054)