CRASH_RECORD_ID,RD_NO,CRASH_DATE_EST_I,CRASH_DATE,POSTED_SPEED_LIMIT,TRAFFIC_CONTROL_DEVICE,DEVICE_CONDITION,WEATHER_CONDITION,LIGHTING_CONDITION,FIRST_CRASH_TYPE,TRAFFICWAY_TYPE,LANE_CNT,ALIGNMENT,ROADWAY_SURFACE_COND,ROAD_DEFECT,REPORT_TYPE,CRASH_TYPE,INTERSECTION_RELATED_I,NOT_RIGHT_OF_WAY_I,HIT_AND_RUN_I,DAMAGE,DATE_POLICE_NOTIFIED,PRIM_CONTRIBUTORY_CAUSE,SEC_CONTRIBUTORY_CAUSE,STREET_NO,STREET_DIRECTION,STREET_NAME,BEAT_OF_OCCURRENCE,PHOTOS_TAKEN_I,STATEMENTS_TAKEN_I,DOORING_I,WORK_ZONE_I,WORK_ZONE_TYPE,WORKERS_PRESENT_I,NUM_UNITS,MOST_SEVERE_INJURY,INJURIES_TOTAL,INJURIES_FATAL,INJURIES_INCAPACITATING,INJURIES_NON_INCAPACITATING,INJURIES_REPORTED_NOT_EVIDENT,INJURIES_NO_INDICATION,INJURIES_UNKNOWN,CRASH_HOUR,CRASH_DAY_OF_WEEK,CRASH_MONTH,LATITUDE,LONGITUDE,LOCATION
86060a9f97a6218e4ffc675cd02a6faddeb79c3eb1be1d48cc13abb839f28afc85ecdda81e4030f39dcae2c94249a8845026d33efbd4391d9842ad4108ca6da0,JF146127,,2/16/2022 11:00,30,STOP SIGN/FLASHER,FUNCTIONING PROPERLY,CLEAR,DAYLIGHT,ANGLE,TRAFFIC ROUTE,,STRAIGHT AND LEVEL,DRY,NO DEFECTS,ON SCENE,NO INJURY / DRIVE AWAY,Y,,,"OVER $1,500",2/16/2022 11:00,UNABLE TO DETERMINE,NOT APPLICABLE,3100,E,92ND ST,424,,,,,,,2,NO INDICATION OF INJURY,0,0,0,0,0,2,0,11,4,2,41.72838808,-87.54837617,POINT (-87.548376164624 41.728388077066)
97fb39ed29fd023dbfecbfe53610349a569c936554e4727f83e7000b9beb8b7769abbe2f36170c1d71e3c98c392e9aea96bbc472d6b10107049a4bf67a9a1f15,JF176466,,3/16/2022 23:19,30,TRAFFIC SIGNAL,FUNCTIONING PROPERLY,CLEAR,"DARKNESS, LIGHTED ROAD",PEDALCYCLIST,T-INTERSECTION,,STRAIGHT AND LEVEL,DRY,NO DEFECTS,ON SCENE,INJURY AND / OR TOW DUE TO CRASH,Y,,Y,"OVER $1,500",3/16/2022 23:20,"OPERATING VEHICLE IN ERRATIC, RECKLESS, CARELESS, NEGLIGENT OR AGGRESSIVE MANNER",DISREGARDING TRAFFIC SIGNALS,1055,W,ROOSEVELT RD,1232,,Y,,,,,2,INCAPACITATING INJURY,1,0,1,0,0,1,0,23,4,3,41.86694555,-87.65310356,POINT (-87.653103556102 41.866945549424)
af18f815737804e3e7e33165299c965455ddfa620af199e294b8840b1fc98b24c3aa6f1589027a6311a861160189ff0d458413c0bdeecd5e7b18493d790f2809,JF167851,,3/9/2022 0:30,30,UNKNOWN,UNKNOWN,CLEAR,DUSK,TURNING,NOT DIVIDED,,STRAIGHT AND LEVEL,DRY,UNKNOWN,,NO INJURY / DRIVE AWAY,Y,,,"$501 - $1,500",3/9/2022 2:00,UNABLE TO DETERMINE,NOT APPLICABLE,2358,W,VAN BUREN ST,1225,,,,,,,2,NO INDICATION OF INJURY,0,0,0,0,0,4,0,0,4,3,41.87619808,-87.68615535,POINT (-87.686155352745 41.876198079481)
870719ccd34402e36507df728475814575052925f5f86cec108305404e5316384372e4d8e05586f6e7478365237ae24def5a467b029ed78759027982e36b0088,JF153428,,2/23/2022 7:45,30,TRAFFIC SIGNAL,FUNCTIONING PROPERLY,CLEAR,DAYLIGHT,REAR END,DIVIDED - W/MEDIAN (NOT RAISED),,STRAIGHT AND LEVEL,DRY,NO DEFECTS,,NO INJURY / DRIVE AWAY,,,,"$501 - $1,500",2/23/2022 11:10,FOLLOWING TOO CLOSELY,FOLLOWING TOO CLOSELY,1301,S,WESTERN AVE,1233,,,,,,,2,NO INDICATION OF INJURY,0,0,0,0,0,2,0,7,4,2,41.86474507,-87.68584046,POINT (-87.685840454681 41.864745069282)
86c422e7b086771bef779a440f28ddf14f25ecde82441027fe52f7685fd51a892c3d81d74a9a57459db4e1feecb55d434caf9551883fd3f6d15eb77d4b3e0ed6,JF146302,,2/16/2022 13:00,30,NO CONTROLS,NO CONTROLS,CLEAR,DAYLIGHT,REAR TO SIDE,FOUR WAY,,STRAIGHT AND LEVEL,DRY,NO DEFECTS,ON SCENE,NO INJURY / DRIVE AWAY,Y,,Y,"$501 - $1,500",2/16/2022 13:13,DISREGARDING STOP SIGN,DISREGARDING STOP SIGN,2527,W,WABANSIA AVE,1434,,,,,,,2,NO INDICATION OF INJURY,0,0,0,0,0,3,0,13,4,2,41.91199431,-87.69078992,POINT (-87.690789915625 41.911994309564)
8756933f342e7877b76fbe15a3ef9be5bb81acc8777a4e267edf2f221d4a99e2d6c648755f274f0600284ecbbcfe357c3d6b5ef4e16bf591a5ff887b113c5b04,JF145927,,2/16/2022 7:24,20,STOP SIGN/FLASHER,FUNCTIONING PROPERLY,SNOW,DAYLIGHT,SIDESWIPE SAME DIRECTION,ONE-WAY,,STRAIGHT AND LEVEL,WET,NO DEFECTS,ON SCENE,NO INJURY / DRIVE AWAY,,,Y,"OVER $1,500",2/16/2022 7:25,IMPROPER OVERTAKING/PASSING,IMPROPER LANE USAGE,2404,W,59TH ST,824,,,,,,,2,NO INDICATION OF INJURY,0,0,0,0,0,11,0,7,4,2,41.78666291,-87.6840701,POINT (-87.684070095531 41.786662914265)
876d3e1c5018a814129b09c50377ab88ea911c8403e9768ea6edab1030247c8ee5b2a12cc9f7f1c2e9d989836a08e6e237f06fe5b6d6cbc393326275a6e69c7f,JF153797,,2/23/2022 15:50,30,TRAFFIC SIGNAL,UNKNOWN,CLEAR,DAYLIGHT,REAR END,NOT DIVIDED,,STRAIGHT AND LEVEL,DRY,NO DEFECTS,ON SCENE,NO INJURY / DRIVE AWAY,Y,,,$500 OR LESS,2/23/2022 15:51,FOLLOWING TOO CLOSELY,DRIVING SKILLS/KNOWLEDGE/EXPERIENCE,2584,S,ARCHER AVE,913,,,,,,,2,NO INDICATION OF INJURY,0,0,0,0,0,2,0,15,4,2,41.84559804,-87.6500772,POINT (-87.650077195377 41.84559803518)
8766314943ed90798100487a69b0a620bff7c584248bbbfdf675845f7907f28d17e33aab80f68b6336aa9d2877274282a0e79c4d617dcc2be061cd53ba47300d,JF146056,,2/16/2022 7:50,10,NO CONTROLS,NO CONTROLS,UNKNOWN,DAYLIGHT,SIDESWIPE SAME DIRECTION,DIVIDED - W/MEDIAN BARRIER,,STRAIGHT AND LEVEL,UNKNOWN,NO DEFECTS,NOT ON SCENE (DESK REPORT),NO INJURY / DRIVE AWAY,,,,"OVER $1,500",2/16/2022 10:00,WEATHER,NOT APPLICABLE,5702,S,MARYLAND AVE,235,,,,,,,2,NO INDICATION OF INJURY,0,0,0,0,0,3,0,7,4,2,41.79120385,-87.60508521,POINT (-87.60508521316 41.791203852924)
8789602b6483200e9c5f2b5b0dee02a1e469c97933cbab89a06dfbdd12c36ca789b9f914d1ccc66e8677bc9cf7b9e968f47f3561ce25029af2c880bbcda87b1a,JE304499,,7/17/2021 12:00,30,NO CONTROLS,NO CONTROLS,CLEAR,DAYLIGHT,TURNING,ONE-WAY,,STRAIGHT AND LEVEL,DRY,NO DEFECTS,,NO INJURY / DRIVE AWAY,,,,"$501 - $1,500",7/17/2021 12:15,FAILING TO YIELD RIGHT-OF-WAY,NOT APPLICABLE,3956,N,KENNEDY EXPRESS RL,1732,,,,,,,2,NO INDICATION OF INJURY,0,0,0,0,0,3,0,12,7,7,41.95339292,-87.73044221,POINT (-87.730442211959 41.953392918689)
87aaf5f7a7bf407f9126a527cb37217d3e223226412e0e1de05bed1bbd3f3e81d79e4782c7782bcf7320b6f377827fa612c74e5d073bf643abb44ec661920a83,JD352396,Y,9/1/2020 3:14,30,NO CONTROLS,NO CONTROLS,CLEAR,"DARKNESS, LIGHTED ROAD",FIXED OBJECT,DIVIDED - W/MEDIAN (NOT RAISED),,STRAIGHT AND LEVEL,DRY,NO DEFECTS,,INJURY AND / OR TOW DUE TO CRASH,,,Y,"OVER $1,500",9/1/2020 3:14,UNABLE TO DETERMINE,FAILING TO REDUCE SPEED TO AVOID CRASH,1210,W,ROOSEVELT RD,1231,,,,,,,1,NO INDICATION OF INJURY,0,0,0,0,0,1,0,3,3,9,41.8670988,-87.65716723,POINT (-87.65716723358 41.867098799986)
93bca1d83e19a5f0d79d3e48902645704689a43bae5a37d3e674b1555dc1312c8486af7053ecc1cc88f0bdeeb7db98b3ba39d501726599a5040208d0846f2539,JE466548,,12/4/2021 22:19,30,TRAFFIC SIGNAL,FUNCTIONING PROPERLY,CLEAR,"DARKNESS, LIGHTED ROAD",TURNING,FOUR WAY,,STRAIGHT AND LEVEL,DRY,NO DEFECTS,,INJURY AND / OR TOW DUE TO CRASH,,,Y,"OVER $1,500",12/4/2021 22:19,UNABLE TO DETERMINE,NOT APPLICABLE,2010,S,CANALPORT AVE,1235,,,,,,,2,NONINCAPACITATING INJURY,1,0,0,1,0,3,0,22,7,12,41.85559233,-87.64494115,POINT (-87.644941152166 41.855592325647)
8857d3480b265a94c3fbe022e566a9e953c2ed5bca351b5faad32c950ca747452f4bad9ef418d5516caa85889c7510e73631f6349b6318b649f88bdf4da26405,JF146582,,2/16/2022 16:45,30,TRAFFIC SIGNAL,FUNCTIONING PROPERLY,RAIN,DAWN,REAR END,DIVIDED - W/MEDIAN (NOT RAISED),,STRAIGHT AND LEVEL,WET,NO DEFECTS,ON SCENE,INJURY AND / OR TOW DUE TO CRASH,,,Y,"OVER $1,500",2/16/2022 16:50,NOT APPLICABLE,NOT APPLICABLE,2306,W,LAKE ST,1223,,,,,,,2,NO INDICATION OF INJURY,0,0,0,0,0,2,0,16,4,2,41.88480705,-87.68442217,POINT (-87.68442216998 41.884807052143)
88c933c8c29edad98e45790b965afa213c96e45077484741bb75d724abd9e6577a39c11029a3d4ad747218c93185a73fd17470c061797abca8525b851ce09b24,JF147408,Y,2/16/2022 21:00,30,NO CONTROLS,NO CONTROLS,RAIN,"DARKNESS, LIGHTED ROAD",PARKED MOTOR VEHICLE,NOT DIVIDED,,STRAIGHT AND LEVEL,WET,NO DEFECTS,NOT ON SCENE (DESK REPORT),NO INJURY / DRIVE AWAY,,,Y,"OVER $1,500",2/17/2022 13:40,IMPROPER OVERTAKING/PASSING,NOT APPLICABLE,1345,N,LARRABEE ST,1821,,,,,,,2,NO INDICATION OF INJURY,0,0,0,0,0,1,0,21,4,2,41.90637911,-87.64314989,POINT (-87.643149890569 41.906379109827)
b11c5fbe7e138ac5b2e894625dd294a15a2c7fe00f9869bc57382e8048c02544ca70a698bd176f6cca5f8e7804faaace2d34414336fc778fbb8f9fcad7033254,JF169479,,3/9/2022 18:00,30,NO CONTROLS,NO CONTROLS,CLEAR,DARKNESS,PARKED MOTOR VEHICLE,PARKING LOT,,STRAIGHT AND LEVEL,DRY,NO DEFECTS,NOT ON SCENE (DESK REPORT),NO INJURY / DRIVE AWAY,,,Y,"OVER $1,500",3/10/2022 15:15,UNABLE TO DETERMINE,UNABLE TO DETERMINE,11730,S,MARSHFIELD AVE,2234,,,,,,,2,NO INDICATION OF INJURY,0,0,0,0,0,1,0,18,4,3,41.68033221,-87.66258468,POINT (-87.662584678739 41.680332205335)
b12ffff13f8399e41e99e2534eb8be15df2ec1fdd90bb187b252b4a0da89fbee31abc9a694b110162ea9bb6f66e404c69bbb6d144e282e0de314ad04648b9d8a,JF168194,,3/9/2022 9:10,30,NO CONTROLS,NO CONTROLS,CLEAR,DAYLIGHT,SIDESWIPE SAME DIRECTION,NOT DIVIDED,,STRAIGHT AND LEVEL,DRY,NO DEFECTS,NOT ON SCENE (DESK REPORT),NO INJURY / DRIVE AWAY,,,,"OVER $1,500",3/9/2022 9:15,IMPROPER OVERTAKING/PASSING,DISTRACTION - FROM INSIDE VEHICLE,7657,W,DEVON AVE,1612,,,,,,,2,NO INDICATION OF INJURY,0,0,0,0,0,2,0,9,4,3,41.99681237,-87.81881823,POINT (-87.818818230812 41.996812366915)
9976c8e4d0c10a0719dbd8e01c0f7df43323b5b494e2887d3ad64f5a70126659ffb3adc60f749ee93032d6fed1ed6400dd903954293d624b720f04c957c200f0,JF175365,,3/16/2022 2:02,30,NO CONTROLS,NO CONTROLS,CLEAR,"DARKNESS, LIGHTED ROAD",PARKED MOTOR VEHICLE,NOT DIVIDED,,STRAIGHT AND LEVEL,DRY,UNKNOWN,ON SCENE,NO INJURY / DRIVE AWAY,,,,$500 OR LESS,3/16/2022 2:07,UNABLE TO DETERMINE,UNABLE TO DETERMINE,2807,W,23RD ST,1033,,,,,,,2,NO INDICATION OF INJURY,0,0,0,0,0,1,0,2,4,3,41.84996452,-87.69581853,POINT (-87.695818530056 41.849964516236)
a640cfd96782b67c296b94aadf9665a7b7c3001ed593e41ff3587a92acdbd03bdf48f6ab34f33ede7a800db9571b6115e0515be1d21c8308cf6cf99fd73bfa0e,JF182806,,3/22/2022 14:45,30,TRAFFIC SIGNAL,FUNCTIONING PROPERLY,CLEAR,DAYLIGHT,TURNING,FOUR WAY,,STRAIGHT AND LEVEL,DRY,NO DEFECTS,ON SCENE,INJURY AND / OR TOW DUE TO CRASH,Y,Y,,"OVER $1,500",3/22/2022 14:45,FAILING TO YIELD RIGHT-OF-WAY,NOT APPLICABLE,8253,S,DAMEN AVE,614,,,,,,,2,NONINCAPACITATING INJURY,2,0,0,2,0,0,0,14,3,3,41.74317379,-87.67282326,POINT (-87.672823262487 41.743173794022)
a6973705f3400ebb3ee29daa3ca0ff92acde74ab2843367ea9033d09f6376c005bc80af2b1087a4fa0abde45dc423c763858ebb1a2a0353edb072cd4fd4fe6bf,JF182844,,3/22/2022 15:35,55,NO CONTROLS,NO CONTROLS,CLOUDY/OVERCAST,DAYLIGHT,REAR END,DIVIDED - W/MEDIAN BARRIER,,STRAIGHT ON GRADE,WET,NO DEFECTS,ON SCENE,INJURY AND / OR TOW DUE TO CRASH,,,,"OVER $1,500",3/22/2022 15:45,FOLLOWING TOO CLOSELY,DISTRACTION - FROM INSIDE VEHICLE,9750,S,CHICAGO SKYWAY OB,432,,,,,,,2,NONINCAPACITATING INJURY,1,0,0,1,0,1,0,15,3,3,,,
b206ac5cada1e73887bca5aed99bc8b0fc875c20ddd992a4d15314ff51cb47b3af9e40c2af9770045bde90f812fb56e50ab23408c9120774844b59d3d96b9e81,JF168546,,3/9/2022 17:30,30,NO CONTROLS,NO CONTROLS,CLEAR,DAYLIGHT,PARKED MOTOR VEHICLE,NOT DIVIDED,,STRAIGHT AND LEVEL,DRY,NO DEFECTS,NOT ON SCENE (DESK REPORT),NO INJURY / DRIVE AWAY,,,Y,"$501 - $1,500",3/9/2022 18:00,UNABLE TO DETERMINE,UNABLE TO DETERMINE,2100,S,CHRISTIANA AVE,1024,,,,,,,2,NO INDICATION OF INJURY,0,0,0,0,0,1,0,17,4,3,41.85350286,-87.7091042,POINT (-87.709104198191 41.85350285755)
a70b5198a7dddd8ca056aac0e3174a97f37bf99bfd33d92eec6d673f2549d0f354e041069474346cf0f05b49c661c19f2aa2913d2b2ebcf075c7d078a3347f68,JF183181,,3/22/2022 18:30,30,STOP SIGN/FLASHER,FUNCTIONING PROPERLY,CLEAR,DAWN,TURNING,NOT DIVIDED,,STRAIGHT AND LEVEL,WET,NO DEFECTS,ON SCENE,NO INJURY / DRIVE AWAY,,,,"$501 - $1,500",3/22/2022 18:38,UNABLE TO DETERMINE,UNABLE TO DETERMINE,4398,W,LELAND AVE,1722,,,,,,,2,NO INDICATION OF INJURY,0,0,0,0,0,2,0,18,3,3,41.96641056,-87.73867028,POINT (-87.738670282454 41.966410564399)
9a0b8c7d2e638c333ae4f2a72a2aef68c9768bf61bb642d90cce88b05f21b6be42a56d104c0ae2a2693c3a3931b480270990a370412d0ab424ea4968b50d8318,JF176350,,3/16/2022 20:00,35,TRAFFIC SIGNAL,FUNCTIONING PROPERLY,CLEAR,"DARKNESS, LIGHTED ROAD",REAR END,NOT DIVIDED,,STRAIGHT AND LEVEL,DRY,NO DEFECTS,NOT ON SCENE (DESK REPORT),NO INJURY / DRIVE AWAY,,,,"OVER $1,500",3/16/2022 20:15,NOT APPLICABLE,NOT APPLICABLE,2400,W,PERSHING RD,911,,,,,,,2,NO INDICATION OF INJURY,0,0,0,0,0,2,0,20,4,3,41.82309676,-87.68501895,POINT (-87.685018950616 41.823096760166)
b265293366554082eb190ffcfe4a5fab8528f756320558dcc13dc52f8791ebab49a9661366c44931b31b6ea7b54eb5381625c6835278b17955a1c1771f7e42e3,JF168344,,3/9/2022 7:30,30,NO CONTROLS,NO CONTROLS,CLEAR,DAYLIGHT,TURNING,ALLEY,,STRAIGHT AND LEVEL,DRY,NO DEFECTS,NOT ON SCENE (DESK REPORT),NO INJURY / DRIVE AWAY,,,,"$501 - $1,500",3/9/2022 15:15,IMPROPER LANE USAGE,NOT APPLICABLE,333,S,ASHLAND AVE,1231,,,,,,,2,NO INDICATION OF INJURY,0,0,0,0,0,2,0,7,4,3,41.87662506,-87.6665228,POINT (-87.666522798706 41.87662505558)
a7a72e1df2856c5f83808ac3729de1c50b211d4dd307187ceab011bfcb61397341870cde94d8a4c5e76a08dc0efd771167aac168229560f8238d07462bae5d71,JF182582,,3/22/2022 11:45,25,NO CONTROLS,NO CONTROLS,RAIN,DAYLIGHT,PARKED MOTOR VEHICLE,NOT DIVIDED,,STRAIGHT AND LEVEL,WET,NO DEFECTS,NOT ON SCENE (DESK REPORT),NO INJURY / DRIVE AWAY,,,Y,"$501 - $1,500",3/22/2022 12:10,UNABLE TO DETERMINE,UNABLE TO DETERMINE,1347,W,ESTES AVE,2423,,,,,,,2,NO INDICATION OF INJURY,0,0,0,0,0,1,0,11,3,3,42.01147379,-87.66470215,POINT (-87.664702147402 42.011473786305)
8adfd1b228bb8bf2a54847ba78c6f81b7ea92368805c47a0ffff971e72e4f514f7236a2fc29e25261248620842a8a2a25cdd86b5a16557f9454ac0bec084e2a3,JF154192,,2/23/2022 22:15,30,TRAFFIC SIGNAL,FUNCTIONING PROPERLY,CLEAR,"DARKNESS, LIGHTED ROAD",REAR END,NOT DIVIDED,,STRAIGHT AND LEVEL,DRY,NO DEFECTS,NOT ON SCENE (DESK REPORT),NO INJURY / DRIVE AWAY,,,,"$501 - $1,500",2/23/2022 23:30,UNABLE TO DETERMINE,UNABLE TO DETERMINE,7100,S,SOUTH SHORE DR,334,,,,,,,2,NO INDICATION OF INJURY,0,0,0,0,0,2,0,22,4,2,41.7661952,-87.56290818,POINT (-87.562908182042 41.76619520231)
a8e8fb7e4f258b5f09fc1e9a5745620425cf6a60f1afb7f34e80ac6a791fac4eb9fb8a9c70832360820afef4385beee4550a8836f51eb23946d77d2bad607bcb,JF183325,,3/22/2022 17:00,30,NO CONTROLS,NO CONTROLS,RAIN,"DARKNESS, LIGHTED ROAD",PARKED MOTOR VEHICLE,NOT DIVIDED,,STRAIGHT AND LEVEL,WET,NO DEFECTS,NOT ON SCENE (DESK REPORT),NO INJURY / DRIVE AWAY,,,Y,$500 OR LESS,3/23/2022 0:15,UNABLE TO DETERMINE,UNABLE TO DETERMINE,4800,W,ADDISON ST,1634,,,,,,,2,NO INDICATION OF INJURY,0,0,0,0,0,1,0,17,3,3,41.94623183,-87.74719769,POINT (-87.747197692752 41.946231828075)
b31a09fcc000b7bfe9a981dbf6088f3a4d9faedfb7a987836796394790da7e58f20445c5c5adb18db3468c697594c03a58a68abea07ae36d9827597fb8f82618,JF168653,,3/9/2022 17:16,30,TRAFFIC SIGNAL,FUNCTIONING PROPERLY,CLEAR,DAYLIGHT,TURNING,FOUR WAY,,STRAIGHT AND LEVEL,DRY,NO DEFECTS,NOT ON SCENE (DESK REPORT),NO INJURY / DRIVE AWAY,Y,,,"OVER $1,500",3/9/2022 19:30,UNABLE TO DETERMINE,NOT APPLICABLE,4800,W,CHICAGO AVE,1531,,,,,,,2,NO INDICATION OF INJURY,0,0,0,0,0,2,0,17,4,3,41.89511222,-87.74593243,POINT (-87.745932427015 41.895112218578)
8c70c962d01cb0187ee984b78e3e4800d7f6d5cf2d7965396201ba0a190e156c18ad075b3344b5a7b093b189bc675d4b880f3281e67f2d681fcf79d13f0637cc,JF153156,,2/23/2022 5:43,30,NO CONTROLS,NO CONTROLS,SNOW,DAWN,PARKED MOTOR VEHICLE,DIVIDED - W/MEDIAN (NOT RAISED),,STRAIGHT AND LEVEL,WET,NO DEFECTS,ON SCENE,INJURY AND / OR TOW DUE TO CRASH,,,,"OVER $1,500",2/23/2022 5:44,FAILING TO REDUCE SPEED TO AVOID CRASH,UNABLE TO DETERMINE,4625,N,KEDZIE AVE,1713,,,,,,,3,NO INDICATION OF INJURY,0,0,0,0,0,1,0,5,4,2,41.96548117,-87.7082353,POINT (-87.708235299512 41.965481169489)
9adb1dc154a7c933ad19e03f651222289705ef58c5a75ceb2c217da3505e910eb2e962eea25b3e1aab3705e000a45e724c1f2f7197b249c5d04dc833b1300b21,JF177212,,3/16/2022 19:30,30,TRAFFIC SIGNAL,UNKNOWN,UNKNOWN,DARKNESS,REAR END,NOT DIVIDED,,STRAIGHT AND LEVEL,UNKNOWN,UNKNOWN,NOT ON SCENE (DESK REPORT),NO INJURY / DRIVE AWAY,,,,"OVER $1,500",3/17/2022 15:15,UNABLE TO DETERMINE,UNABLE TO DETERMINE,4800,W,BELMONT AVE,1634,,,,,,,2,NO INDICATION OF INJURY,0,0,0,0,0,2,0,19,4,3,41.93893395,-87.74699869,POINT (-87.746998688735 41.938933949963)
9af3ff7f66079c3057ae7a9715d00d0a8da15e64a37272e2a48653cee64b516a671799a0e42d0c5fff2ee09f6d8a8144ca4eaa415bf6dab839371b6bb69f25bc,JF175476,,3/16/2022 7:42,30,TRAFFIC SIGNAL,FUNCTIONING PROPERLY,CLEAR,DAYLIGHT,TURNING,T-INTERSECTION,,STRAIGHT ON GRADE,WET,NO DEFECTS,ON SCENE,INJURY AND / OR TOW DUE TO CRASH,Y,,,"OVER $1,500",3/16/2022 7:43,FAILING TO REDUCE SPEED TO AVOID CRASH,FAILING TO YIELD RIGHT-OF-WAY,2001,W,95TH ST,2213,,,,,,,2,NO INDICATION OF INJURY,0,0,0,0,0,2,0,7,4,3,41.72096821,-87.67238118,POINT (-87.672381182696 41.720968206911)
9b07aa668c162e25d339eed6d9902e846504554baa4a7654a1c4fc85e02e683896d8f5edca1227412d0769270cfb17f69f680fc65b007a34f127880a097a0441,JF175630,,3/16/2022 10:13,30,STOP SIGN/FLASHER,FUNCTIONING PROPERLY,CLEAR,DAYLIGHT,TURNING,NOT DIVIDED,,STRAIGHT AND LEVEL,DRY,NO DEFECTS,ON SCENE,NO INJURY / DRIVE AWAY,,,,"OVER $1,500",3/16/2022 10:17,IMPROPER OVERTAKING/PASSING,IMPROPER LANE USAGE,4500,W,PALMER ST,2522,,,,,,,2,NO INDICATION OF INJURY,0,0,0,0,0,2,0,10,4,3,41.92078573,-87.73902681,POINT (-87.73902681136 41.920785731111)
9b3e8b0fd3718f4b150bfd13c1194c68ff3b531c3d2e14117fa88b815cffce43ef527a556f9e6df1c8d43ef2e87a0bcae8b75b0b3ced6e11b3ffd0d96bd7b5ec,JF175730,,3/16/2022 10:45,30,NO CONTROLS,NO CONTROLS,CLEAR,DAYLIGHT,SIDESWIPE OPPOSITE DIRECTION,NOT DIVIDED,,STRAIGHT AND LEVEL,UNKNOWN,UNKNOWN,NOT ON SCENE (DESK REPORT),NO INJURY / DRIVE AWAY,,,,"OVER $1,500",3/16/2022 11:55,UNABLE TO DETERMINE,UNABLE TO DETERMINE,2702,S,PRAIRIE AVE,133,,,,,,,2,NO INDICATION OF INJURY,0,0,0,0,0,2,0,10,4,3,41.8442325,-87.62058922,POINT (-87.6205892219 41.844232495679)
b452f673c2b643e571ae40baac8b26c2e0d04b389ecbae9c5c110cad3861f869310a9efac68181dd7303224d5aa84e1d1349bd59dbb335fc8c6dfd4b61cfd9ce,JF168646,,3/9/2022 19:05,30,TRAFFIC SIGNAL,FUNCTIONING PROPERLY,CLEAR,DUSK,REAR END,NOT DIVIDED,,STRAIGHT AND LEVEL,DRY,NO DEFECTS,ON SCENE,NO INJURY / DRIVE AWAY,,,,$500 OR LESS,3/9/2022 19:13,UNABLE TO DETERMINE,UNABLE TO DETERMINE,2009,W,NORTH AVE,1424,,,,,,,2,NO INDICATION OF INJURY,0,0,0,0,0,2,0,19,4,3,41.91036386,-87.67799069,POINT (-87.677990686084 41.910363864158)
9baeebaa9ac4728aab344fb31d7f876d9bb3098be761066778ab47b385afe355762b7291ac6e9b2fb2061dc01796cee31613676b7c11e27b83e116bb398af1d4,JF175567,,3/16/2022 7:30,30,STOP SIGN/FLASHER,FUNCTIONING PROPERLY,CLEAR,DAYLIGHT,REAR END,NOT DIVIDED,,STRAIGHT AND LEVEL,DRY,UNKNOWN,NOT ON SCENE (DESK REPORT),NO INJURY / DRIVE AWAY,Y,,,"OVER $1,500",3/16/2022 9:30,FOLLOWING TOO CLOSELY,FOLLOWING TOO CLOSELY,1600,S,WESTERN AVE,1023,,,,,,,2,NO INDICATION OF INJURY,0,0,0,0,0,2,0,7,4,3,41.85931623,-87.68597944,POINT (-87.685979440959 41.859316225746)
9be1facf1dc9d52990443453b08bdfe21d8222c9aaa2d45141910c567e3f6ab7d572796a6809de31f7ea91dcef1bbeb17befbdb97f54cd3bf83f7886dfc43866,JF176036,,3/16/2022 15:00,5,NO CONTROLS,NO CONTROLS,CLEAR,DAYLIGHT,PARKED MOTOR VEHICLE,OTHER,,STRAIGHT AND LEVEL,UNKNOWN,UNKNOWN,NOT ON SCENE (DESK REPORT),NO INJURY / DRIVE AWAY,,N,,"OVER $1,500",3/16/2022 16:10,UNABLE TO DETERMINE,UNABLE TO DETERMINE,4339,W,MADISON ST,1115,,,,,,,2,NO INDICATION OF INJURY,0,0,0,0,0,4,0,15,4,3,41.88051094,-87.73459072,POINT (-87.734590720635 41.880510935421)
8cffac43220fcb4e5d26546b683582b734dbd1691584e37d588bf32a327dbed83123eac6e4c97632d45bfadd652c61095e296f2f0098645029c2737cf5f39a08,JF147995,,2/16/2022 14:00,30,NO CONTROLS,NO CONTROLS,CLEAR,DAYLIGHT,ANIMAL,DIVIDED - W/MEDIAN (NOT RAISED),,STRAIGHT AND LEVEL,UNKNOWN,NO DEFECTS,NOT ON SCENE (DESK REPORT),NO INJURY / DRIVE AWAY,,,Y,$500 OR LESS,2/17/2022 20:45,UNABLE TO DETERMINE,UNABLE TO DETERMINE,2211,N,MILWAUKEE AVE,1431,,,,,,,1,NO INDICATION OF INJURY,0,0,0,0,0,1,0,14,4,2,41.92107616,-87.69413786,POINT (-87.694137859093 41.921076157561)
9be7e0c52a0df03ffb36378adbed4c5693dce38b2c5f645d0129ccc2be59aacffda2f61959a52e874a63b61f9863f69e2614860bd6dda561b50e221f85cd9bc8,JF176807,,3/16/2022 23:00,30,NO CONTROLS,NO CONTROLS,CLEAR,DARKNESS,PARKED MOTOR VEHICLE,ONE-WAY,,STRAIGHT AND LEVEL,DRY,NO DEFECTS,NOT ON SCENE (DESK REPORT),NO INJURY / DRIVE AWAY,,,Y,"OVER $1,500",3/17/2022 10:00,UNABLE TO DETERMINE,UNABLE TO DETERMINE,11422,S,PRINCETON AVE,522,,,,,,,2,NO INDICATION OF INJURY,0,0,0,0,0,1,0,23,4,3,41.68633809,-87.63027146,POINT (-87.630271457023 41.686338093031)