CRASH_RECORD_ID,RD_NO,CRASH_DATE_EST_I,CRASH_DATE,POSTED_SPEED_LIMIT,TRAFFIC_CONTROL_DEVICE,DEVICE_CONDITION,WEATHER_CONDITION,LIGHTING_CONDITION,FIRST_CRASH_TYPE,TRAFFICWAY_TYPE,LANE_CNT,ALIGNMENT,ROADWAY_SURFACE_COND,ROAD_DEFECT,REPORT_TYPE,CRASH_TYPE,INTERSECTION_RELATED_I,NOT_RIGHT_OF_WAY_I,HIT_AND_RUN_I,DAMAGE,DATE_POLICE_NOTIFIED,PRIM_CONTRIBUTORY_CAUSE,SEC_CONTRIBUTORY_CAUSE,STREET_NO,STREET_DIRECTION,STREET_NAME,BEAT_OF_OCCURRENCE,PHOTOS_TAKEN_I,STATEMENTS_TAKEN_I,DOORING_I,WORK_ZONE_I,WORK_ZONE_TYPE,WORKERS_PRESENT_I,NUM_UNITS,MOST_SEVERE_INJURY,INJURIES_TOTAL,INJURIES_FATAL,INJURIES_INCAPACITATING,INJURIES_NON_INCAPACITATING,INJURIES_REPORTED_NOT_EVIDENT,INJURIES_NO_INDICATION,INJURIES_UNKNOWN,CRASH_HOUR,CRASH_DAY_OF_WEEK,CRASH_MONTH,LATITUDE,LONGITUDE,LOCATION
b5081cfcc557b7e7e896ef72effae008eb2e02db448492262b0e0c0ee7486caa4b852169d5cdff0e399dbf311f09726401cc45c7a4663c51c933f3e60976a655,JF168081,,3/9/2022 10:17,30,STOP SIGN/FLASHER,FUNCTIONING PROPERLY,CLEAR,DAYLIGHT,SIDESWIPE SAME DIRECTION,T-INTERSECTION,,STRAIGHT AND LEVEL,DRY,NO DEFECTS,ON SCENE,NO INJURY / DRIVE AWAY,Y,,,"$501 - $1,500",3/9/2022 10:17,DISREGARDING STOP SIGN,DISREGARDING STOP SIGN,9700,S,MICHIGAN AVE,511,,,,,,,2,NO INDICATION OF INJURY,0,0,0,0,0,2,0,10,4,3,41.7180493,-87.62065325,POINT (-87.620653250148 41.718049304286)
995eb2f6e61deae83163be3b61ad7090174305ac409178e2ee258ab62bc9bf7be5b55ce3811939da68416345b486ea2ec6e08de15c40ae803607b2e3a0421659,JF175130,,3/7/2022 10:00,30,STOP SIGN/FLASHER,NO CONTROLS,CLEAR,DAYLIGHT,SIDESWIPE SAME DIRECTION,NOT DIVIDED,,STRAIGHT AND LEVEL,SNOW OR SLUSH,UNKNOWN,,NO INJURY / DRIVE AWAY,,,,"OVER $1,500",3/15/2022 19:00,IMPROPER LANE USAGE,NOT APPLICABLE,8700,S,DORCHESTER AVE,412,,,,,,,2,NO INDICATION OF INJURY,0,0,0,0,0,3,0,10,2,3,41.73675547,-87.59071029,POINT (-87.590710286811 41.736755469714)
ac93411753e89d0eaece73252ebdd6a5f711797f669a5b2113c7c9e39b2e77c1e9566bc6b22970882b49da801735664de29ac639d85726e768705c97945eef59,JF183005,,3/22/2022 16:50,30,NO CONTROLS,NO CONTROLS,CLOUDY/OVERCAST,DAYLIGHT,REAR END,NOT DIVIDED,,STRAIGHT AND LEVEL,DRY,NO DEFECTS,NOT ON SCENE (DESK REPORT),NO INJURY / DRIVE AWAY,,,,$500 OR LESS,3/22/2022 17:45,FOLLOWING TOO CLOSELY,UNABLE TO DETERMINE,1032,W,HOLLYWOOD AVE,2022,,,,,,,2,NO INDICATION OF INJURY,0,0,0,0,0,2,0,16,3,3,41.98561799,-87.65660402,POINT (-87.656604019285 41.985617985017)
8e3f22e8600e6f828598f7284b3654ca2bf1e6bd6643fc337a22878f393bd083c8502f43bd90b627765323e147977b23a54d727597df242ba58a6038b000712f,JF153978,,2/23/2022 17:40,25,TRAFFIC SIGNAL,FUNCTIONING PROPERLY,UNKNOWN,UNKNOWN,TURNING,ONE-WAY,,STRAIGHT AND LEVEL,UNKNOWN,NO DEFECTS,NOT ON SCENE (DESK REPORT),NO INJURY / DRIVE AWAY,,,,"$501 - $1,500",2/23/2022 18:40,UNABLE TO DETERMINE,NOT APPLICABLE,3152,N,OSCEOLA AVE,2511,,,,,,,2,NO INDICATION OF INJURY,0,0,0,0,0,3,0,17,4,2,41.93771952,-87.81299065,POINT (-87.812990653179 41.93771952171)
ad02d76a607d3ba5e2d86595055280b9722fbe357cf88d05843f35e3dab179fd60b021394fee16a17f60d2d1bd86ff71d6d5a05ff7faf46002c20d2938364dfd,JF184731,,3/22/2022 15:55,35,NO CONTROLS,NO CONTROLS,CLEAR,DAYLIGHT,REAR END,NOT DIVIDED,,STRAIGHT AND LEVEL,DRY,NO DEFECTS,NOT ON SCENE (DESK REPORT),NO INJURY / DRIVE AWAY,,,,"$501 - $1,500",3/24/2022 9:20,UNABLE TO DETERMINE,UNABLE TO DETERMINE,5979,N,CLARK ST,2013,,,,,,,2,NO INDICATION OF INJURY,0,0,0,0,0,3,0,15,3,3,41.99075625,-87.66987572,POINT (-87.669875714727 41.990756249729)
9c93ee4ed98ed4d230d986d7a987ec1e08554de6e6d6e278938196baca0ebc9bfabe31c83a9625e1589e93a2ab4bf36bb3ccb184641a113673a0cf238c3fb965,JF175705,,3/16/2022 11:20,20,NO CONTROLS,NO CONTROLS,CLEAR,DAYLIGHT,REAR TO SIDE,ALLEY,,STRAIGHT AND LEVEL,DRY,NO DEFECTS,ON SCENE,NO INJURY / DRIVE AWAY,,,,$500 OR LESS,3/16/2022 11:23,FAILING TO YIELD RIGHT-OF-WAY,UNABLE TO DETERMINE,1441,N,ELK GROVE AVE,1424,,,,,,,2,NO INDICATION OF INJURY,0,0,0,0,0,3,0,11,4,3,41.90932533,-87.67378982,POINT (-87.673789819531 41.909325334194)
9ccf59e911e753cbfe882e66ed7e1b70cf28b76fad4705ed5e703470c0d40496417bf248c273a18131640081f379d44adccbecd7a3cf9940ca2528dbe00a6d3d,JF175561,,3/16/2022 8:10,30,STOP SIGN/FLASHER,FUNCTIONING PROPERLY,CLEAR,DAYLIGHT,TURNING,DIVIDED - W/MEDIAN (NOT RAISED),,STRAIGHT AND LEVEL,DRY,NO DEFECTS,ON SCENE,INJURY AND / OR TOW DUE TO CRASH,,,,"OVER $1,500",3/16/2022 9:17,DISTRACTION - FROM INSIDE VEHICLE,NOT APPLICABLE,1126,W,LAKE ST,1214,,,,,,,2,NO INDICATION OF INJURY,0,0,0,0,0,2,0,8,4,3,41.88563524,-87.65558648,POINT (-87.655586483423 41.885635237638)
8e724f2648e12d4e39fdba684c7320a0555042c6308c53efee6d6ff6e0ab003c636f00d92f70c5ff7c4cfedaa77b17586cf2c4b840e6ef3747a2a1cbbc25489d,JF153972,,2/23/2022 18:30,30,NO CONTROLS,NO CONTROLS,CLEAR,DARKNESS,HEAD ON,NOT DIVIDED,,STRAIGHT AND LEVEL,DRY,NO DEFECTS,ON SCENE,INJURY AND / OR TOW DUE TO CRASH,,,,"OVER $1,500",2/23/2022 18:37,UNABLE TO DETERMINE,UNABLE TO DETERMINE,402,E,63RD ST,313,,,,,,,2,NONINCAPACITATING INJURY,1,0,0,1,0,1,0,18,4,2,41.78035148,-87.61548147,POINT (-87.615481470625 41.780351479791)
ad4d1e700c7ba676323e4a87b791717d6bdea1c5a1d2b06a86152044fa6380882937bc423755836f1f9d5bca56d9cbddd4e71e4a38f3459de88b3b9b5db3c3f7,JF182696,,3/22/2022 13:41,30,NO CONTROLS,NO CONTROLS,CLOUDY/OVERCAST,DAYLIGHT,PARKED MOTOR VEHICLE,ONE-WAY,,STRAIGHT AND LEVEL,DRY,NO DEFECTS,ON SCENE,NO INJURY / DRIVE AWAY,,,,$500 OR LESS,3/22/2022 13:41,FAILING TO YIELD RIGHT-OF-WAY,NOT APPLICABLE,7639,S,COLFAX AVE,421,,,,,,,2,NO INDICATION OF INJURY,0,0,0,0,0,6,0,13,3,3,41.75607614,-87.56131878,POINT (-87.561318776827 41.756076135668)
b5405a03f7ebd6dac8790ca5f7e118cc0afabd2731d9c2fd18e382b5a4f3abbbdf26cd902bdbe26e0bedf37df478395bc3435a4a1b798cbd3ee31fae0cc25f81,JF168766,,3/9/2022 21:55,30,STOP SIGN/FLASHER,FUNCTIONING PROPERLY,CLEAR,"DARKNESS, LIGHTED ROAD",SIDESWIPE OPPOSITE DIRECTION,NOT DIVIDED,,STRAIGHT AND LEVEL,DRY,NO DEFECTS,ON SCENE,NO INJURY / DRIVE AWAY,,,Y,"OVER $1,500",3/9/2022 22:05,DISREGARDING STOP SIGN,UNABLE TO DETERMINE,11800,S,MORGAN ST,524,,,,,,,2,NO INDICATION OF INJURY,0,0,0,0,0,2,0,21,4,3,41.67947071,-87.6469813,POINT (-87.64698130124 41.679470712274)
9dadfe3fb6c4a20f95c1065036b3e15170b498cb704b470621de154627bae62b1602b5ce7d36ed59ebd294fb2a966f26572e295bfd41afab0ebf78a70a1b8466,JF176086,,3/16/2022 15:45,30,UNKNOWN,FUNCTIONING PROPERLY,CLEAR,DAYLIGHT,SIDESWIPE SAME DIRECTION,ONE-WAY,,STRAIGHT AND LEVEL,DRY,UNKNOWN,NOT ON SCENE (DESK REPORT),NO INJURY / DRIVE AWAY,,,Y,"OVER $1,500",3/16/2022 16:30,UNABLE TO DETERMINE,DRIVING SKILLS/KNOWLEDGE/EXPERIENCE,100,W,RANDOLPH ST,122,,,,,,,2,NO INDICATION OF INJURY,0,0,0,0,0,2,0,15,4,3,41.88458627,-87.63101045,POINT (-87.631010445886 41.884586267155)
ae06e6663c7e64356932eb6927b68e7f4900cb1a50a4ccc0f31c09874e15c86e9c4dd8d87b7f35b578ed4f09a0783e727b4e35000a530f7c22c0809cc79f9ac4,JF183105,,3/22/2022 18:20,30,NO CONTROLS,NO CONTROLS,CLEAR,DUSK,REAR END,NOT DIVIDED,,STRAIGHT AND LEVEL,DRY,NO DEFECTS,NOT ON SCENE (DESK REPORT),NO INJURY / DRIVE AWAY,,,,"$501 - $1,500",3/22/2022 19:57,FOLLOWING TOO CLOSELY,FAILING TO REDUCE SPEED TO AVOID CRASH,2856,N,LARAMIE AVE,2514,,,,,,,2,NO INDICATION OF INJURY,0,0,0,0,0,3,0,18,3,3,41.93311916,-87.75663019,POINT (-87.756630191838 41.933119154777)
8f4e78f26ecd5cacc0835674a14030d7939e14463688ff57e1518a4df48508666f0f811fb0e2d31e166ac1cc59741ff3b10ece44df1df09da58118ae0e4af280,JF153582,,2/23/2022 8:07,20,NO CONTROLS,NO CONTROLS,CLEAR,DAYLIGHT,PARKED MOTOR VEHICLE,ONE-WAY,,STRAIGHT AND LEVEL,DRY,NO DEFECTS,NOT ON SCENE (DESK REPORT),NO INJURY / DRIVE AWAY,,,Y,"OVER $1,500",2/23/2022 13:20,"OPERATING VEHICLE IN ERRATIC, RECKLESS, CARELESS, NEGLIGENT OR AGGRESSIVE MANNER",NOT APPLICABLE,6156,S,VERNON AVE,313,,,,,,,2,NO INDICATION OF INJURY,0,0,0,0,0,1,0,8,4,2,41.78223221,-87.61460716,POINT (-87.614607156608 41.782232211055)
8f46d5a218a338da4c89be42a17e7fe437c37117dd554884df8f60e49bde4d353a8f812c024e188fbc6821126fc98f35ee64ea7cf271e289ff76950195ef7c61,JF146516,,2/16/2022 15:45,30,TRAFFIC SIGNAL,FUNCTIONING PROPERLY,CLEAR,DAYLIGHT,ANGLE,T-INTERSECTION,,STRAIGHT AND LEVEL,DRY,NO DEFECTS,ON SCENE,INJURY AND / OR TOW DUE TO CRASH,Y,,Y,"OVER $1,500",2/16/2022 15:52,DISREGARDING TRAFFIC SIGNALS,NOT APPLICABLE,3200,W,WASHINGTON BLVD,1123,,,,,,,2,NONINCAPACITATING INJURY,2,0,0,1,1,1,0,15,4,2,41.88290224,-87.70630288,POINT (-87.706302881219 41.882902239693)
8ff0bc86e5a7bb0567744212d9d0e2fd67099fc75531f6d73e8de3cda08b186c77da3e93bc1b6be1d0c1de4378bd45b5e36720316ec402ad0efbcb682b69b73c,JF154127,,2/23/2022 20:34,15,NO CONTROLS,NO CONTROLS,CLEAR,"DARKNESS, LIGHTED ROAD",ANGLE,ALLEY,,STRAIGHT AND LEVEL,DRY,UNKNOWN,NOT ON SCENE (DESK REPORT),NO INJURY / DRIVE AWAY,,,Y,"OVER $1,500",2/23/2022 21:51,UNABLE TO DETERMINE,FAILING TO REDUCE SPEED TO AVOID CRASH,1917,W,47TH ST,931,,,,,,,2,NO INDICATION OF INJURY,0,0,0,0,0,3,0,20,4,2,41.80841389,-87.67304473,POINT (-87.67304472635 41.808413889015)
9bdfce26980a6e4d9ebbab9ea37b462c62fe5f57405271d54042b4241cc5944a38c8c958ccbd0ba601a0b8f74855debf03d80cbea8ea9725e66d2d90cec7c5d3,JF161336,,3/2/2022 19:20,25,NO CONTROLS,NO CONTROLS,CLEAR,"DARKNESS, LIGHTED ROAD",FIXED OBJECT,OTHER,,STRAIGHT AND LEVEL,UNKNOWN,NO DEFECTS,ON SCENE,NO INJURY / DRIVE AWAY,,,,"$501 - $1,500",3/2/2022 19:30,UNABLE TO DETERMINE,UNABLE TO DETERMINE,10000,W,OHARE ST,1651,,,,,,,1,NO INDICATION OF INJURY,0,0,0,0,0,1,0,19,4,3,41.97620114,-87.90530913,POINT (-87.905309125103 41.976201139024)
90e61623d9bf0a9317ca20499eb5937dbd2969e6e26f14df2bdb313c2d7e94f4c7c90885405afc19ef42fba658d0d682deecab9506906ad433c8c6cd9acbf955,JF153462,,2/16/2022 15:30,5,NO CONTROLS,NO CONTROLS,CLEAR,DAYLIGHT,PARKED MOTOR VEHICLE,PARKING LOT,,STRAIGHT AND LEVEL,DRY,NO DEFECTS,NOT ON SCENE (DESK REPORT),NO INJURY / DRIVE AWAY,,,Y,"$501 - $1,500",2/23/2022 11:12,UNABLE TO DETERMINE,UNABLE TO DETERMINE,1840,N,CLYBOURN AVE,1811,,,,,,,2,NO INDICATION OF INJURY,0,0,0,0,0,1,0,15,4,2,41.91442371,-87.65462784,POINT (-87.65462784303 41.91442371409)
911c6444c8463f7399645456032008b9b98fe11692b9b09f80201d5599795800d64a994084708bc7e143dded815b054092d1e758a1c238af84c83798a2861a8e,JD102735,,1/2/2020 14:20,30,NO CONTROLS,NO CONTROLS,CLEAR,DAYLIGHT,PARKED MOTOR VEHICLE,NOT DIVIDED,,STRAIGHT AND LEVEL,DRY,NO DEFECTS,,NO INJURY / DRIVE AWAY,,,Y,"OVER $1,500",1/3/2020 11:22,UNABLE TO DETERMINE,NOT APPLICABLE,2001,N,ORCHARD ST,1812,,,,,,,2,NO INDICATION OF INJURY,0,0,0,0,0,1,0,14,5,1,41.91830362,-87.64597389,POINT (-87.645973887671 41.918303615426)
9bee088f8f4ff7a34679c26fe479f1d93a78b3e7a90dc71a4d4b2df23e908f5d40c44fb8b560b1f48061475b4bdf9b4cb255c0b92f8c94f43f3ddd1787dcffba,JE115496,,1/17/2021 13:35,30,TRAFFIC SIGNAL,FUNCTIONING PROPERLY,SNOW,DAYLIGHT,ANGLE,FOUR WAY,,STRAIGHT AND LEVEL,WET,NO DEFECTS,,INJURY AND / OR TOW DUE TO CRASH,Y,,,"OVER $1,500",1/17/2021 13:39,UNABLE TO DETERMINE,WEATHER,198,W,GARFIELD BLVD,225,,,,,,,2,"REPORTED, NOT EVIDENT",4,0,0,0,4,0,0,13,1,1,41.794677,-87.63048785,POINT (-87.630487850767 41.79467700255)
b71c1e84b36028e252363e516e961815deb6b39da9fde27356417836a598d857f9c1eb015e07f1e7eb43e9d23f730b89369af9144d8dd47039cf96c23f843864,JB239490,,4/26/2018 22:40,30,NO CONTROLS,NO CONTROLS,CLEAR,"DARKNESS, LIGHTED ROAD",TURNING,NOT DIVIDED,1,STRAIGHT AND LEVEL,DRY,NO DEFECTS,,INJURY AND / OR TOW DUE TO CRASH,Y,,Y,"OVER $1,500",4/26/2018 22:42,FAILING TO YIELD RIGHT-OF-WAY,IMPROPER TURNING/NO SIGNAL,3332,W,111TH ST,2211,,,,,,,2,INCAPACITATING INJURY,1,0,1,0,0,1,0,22,5,4,41.6916194,-87.70465103,POINT (-87.704651034214 41.691619398996)
b72d579fa21d30571dcae8843a9705ff6a6309969327bc715d5c4b2559ebd6b6df48e7bf9c9a69aef28431af4a0d0b55008754caf46a481a069ca5ad5b4ec24c,JD229175,,5/10/2020 19:10,20,NO CONTROLS,NO CONTROLS,RAIN,DAYLIGHT,PARKED MOTOR VEHICLE,ONE-WAY,,STRAIGHT AND LEVEL,WET,NO DEFECTS,,INJURY AND / OR TOW DUE TO CRASH,,N,,"OVER $1,500",5/10/2020 19:12,UNABLE TO DETERMINE,UNABLE TO DETERMINE,435,N,LAWLER AVE,1532,,,,,,,2,NONINCAPACITATING INJURY,1,0,0,1,0,0,0,19,1,5,41.88888237,-87.75156071,POINT (-87.751560711386 41.888882373309)
921fa77e569a5071600dfd7675430d4cf69edc4a529252d7b8846f230040f35ce16a337b365c418efac3f42189048a31065fa051bd7f9f4cecbfc6e311a40260,JF153653,,2/23/2022 13:40,30,NO CONTROLS,NO CONTROLS,CLEAR,DAYLIGHT,REAR TO REAR,NOT DIVIDED,,STRAIGHT AND LEVEL,DRY,NO DEFECTS,NOT ON SCENE (DESK REPORT),NO INJURY / DRIVE AWAY,,,,"OVER $1,500",2/23/2022 14:16,UNABLE TO DETERMINE,NOT APPLICABLE,5606,W,MONTROSE AVE,1622,,,,,,,2,NO INDICATION OF INJURY,0,0,0,0,0,2,0,13,4,2,41.96059098,-87.76754304,POINT (-87.767543043678 41.960590977973)
9375785fd9f10b3e464ac2b96fcb0344702b75885486d3cbbd37c32b02f0caca4a2cf6a0f7a6814be80471b3d616bb337bb9acb78edb92ad443f331281d4405e,JF153088,,2/23/2022 0:57,30,STOP SIGN/FLASHER,UNKNOWN,UNKNOWN,"DARKNESS, LIGHTED ROAD",ANGLE,NOT DIVIDED,,STRAIGHT AND LEVEL,UNKNOWN,UNKNOWN,ON SCENE,INJURY AND / OR TOW DUE TO CRASH,Y,,,"OVER $1,500",2/23/2022 0:57,UNABLE TO DETERMINE,UNABLE TO DETERMINE,499,N,LEAVITT ST,1221,,,,,,,2,NO INDICATION OF INJURY,0,0,0,0,0,2,0,0,4,2,41.89072458,-87.68165612,POINT (-87.681656124361 41.89072457708)
936177b30ac4e93f5468c8139c832f701dc54e9892a320c38b076ba38cf7fec93c96560672dca4a294855c9174a32a723be4986f7bb42aa1b6b7d6ba85abebff,JF147915,,2/16/2022 20:30,30,NO CONTROLS,NO CONTROLS,CLEAR,"DARKNESS, LIGHTED ROAD",PARKED MOTOR VEHICLE,NOT DIVIDED,,STRAIGHT AND LEVEL,DRY,NO DEFECTS,NOT ON SCENE (DESK REPORT),NO INJURY / DRIVE AWAY,,,,"$501 - $1,500",2/17/2022 19:45,UNABLE TO DETERMINE,UNABLE TO DETERMINE,856,W,NELSON ST,1933,,,,,,,2,NO INDICATION OF INJURY,0,0,0,0,0,2,0,20,4,2,41.9373472,-87.65150732,POINT (-87.651507316549 41.937347203622)
09a9932f3dd3eb420bd131dd360dcc5bf6efede7fb4d5c97e506e470a82ce9b5b1425c3ea576cd8962b8ba62347f03f47b756c01b947178c0d749ec0b1ad8f7c,JF185215,,3/24/2022 16:05,30,NO CONTROLS,NO CONTROLS,RAIN,DAYLIGHT,REAR END,NOT DIVIDED,,STRAIGHT AND LEVEL,WET,NO DEFECTS,NOT ON SCENE (DESK REPORT),NO INJURY / DRIVE AWAY,,,,"$501 - $1,500",3/24/2022 16:15,FAILING TO REDUCE SPEED TO AVOID CRASH,NOT APPLICABLE,4116,N,DAMEN AVE,1911,,,,,,,2,NO INDICATION OF INJURY,0,0,0,0,0,2,0,16,5,3,41.95653024,-87.67897432,POINT (-87.678974322757 41.956530243626)
0755fa8d4866063edf10655536f8d4c61cbe2a154fff5b4ae5571cf4011e37868396e222d093a27f0100c827723d588b9dfba7a3554d517d510f74727f0bb42d,JF185647,,3/25/2022 0:25,35,TRAFFIC SIGNAL,FUNCTIONING PROPERLY,RAIN,"DARKNESS, LIGHTED ROAD",FIXED OBJECT,DIVIDED - W/MEDIAN BARRIER,,STRAIGHT AND LEVEL,WET,NO DEFECTS,ON SCENE,INJURY AND / OR TOW DUE TO CRASH,,,,"OVER $1,500",3/25/2022 0:28,WEATHER,NOT APPLICABLE,21,N,MICHIGAN AVE,114,,,,,,,1,NO INDICATION OF INJURY,0,0,0,0,0,2,0,0,6,3,41.88259076,-87.62423959,POINT (-87.624239591887 41.882590762285)
927da309e6851fb03b6a7d13f87e7968b28b178c30c57b3b6d7e6529e9e480f57d2392cf6bb48f0955fab1bce2a4f5a7720013850f802537c8debff51242ca2b,JE285672,,7/1/2021 8:19,30,NO CONTROLS,NO CONTROLS,CLEAR,DAYLIGHT,REAR END,NOT DIVIDED,,STRAIGHT AND LEVEL,DRY,NO DEFECTS,,INJURY AND / OR TOW DUE TO CRASH,,,Y,"OVER $1,500",7/1/2021 8:19,FOLLOWING TOO CLOSELY,NOT APPLICABLE,2640,W,TOUHY AVE,2411,,,,,,,2,"REPORTED, NOT EVIDENT",1,0,0,0,1,1,0,8,5,7,42.01224972,-87.69662872,POINT (-87.696628720317 42.012249720325)
9e63951adc6e3e3f6b15ce91c71b2725de0bb3d428c7d5e44d6e1a442adc4075e2d03a70125e6c468c248dc9e664ddf43a0923739fb3f1be7ea21973fc156fa6,HZ532579,,11/28/2016 19:30,30,TRAFFIC SIGNAL,FUNCTIONING PROPERLY,RAIN,DAYLIGHT,ANGLE,DIVIDED - W/MEDIAN (NOT RAISED),2,STRAIGHT AND LEVEL,WET,NO DEFECTS,,NO INJURY / DRIVE AWAY,Y,,,"$501 - $1,500",11/28/2016 19:50,WEATHER,FAILING TO REDUCE SPEED TO AVOID CRASH,6399,N,GLENWOOD AVE,2433,,,,,,,2,NO INDICATION OF INJURY,0,0,0,0,0,3,0,19,2,11,41.99810233,-87.6652548,POINT (-87.665254795709 41.998102329243)
93dc172088050701c9749f28fcf2d00fea0284c18359ad250bfcf600c082ea3045096a4d063449c5e9aa3e2c4a71e19488716753060b6c26ff7750f0afe076a7,JF153662,,2/23/2022 14:15,10,NO CONTROLS,NO CONTROLS,CLEAR,DAYLIGHT,PARKED MOTOR VEHICLE,ONE-WAY,,STRAIGHT AND LEVEL,DRY,NO DEFECTS,ON SCENE,NO INJURY / DRIVE AWAY,,,,$500 OR LESS,2/23/2022 14:15,FOLLOWING TOO CLOSELY,NOT APPLICABLE,6338,N,MOZART ST,2413,,,,,,,2,NO INDICATION OF INJURY,0,0,0,0,0,1,0,14,4,2,41.99689222,-87.700978,POINT (-87.700977997332 41.996892220378)
93decf4ff0467df5cbaeb080c2d7564185259de15659033afe3c80dc6b0b60eb4af7d75a7beccbce9481c8089509fe389c33bfda6e1d32c4c89656d79db9e4b7,JF153951,,2/23/2022 16:00,30,STOP SIGN/FLASHER,FUNCTIONING PROPERLY,CLEAR,DAYLIGHT,ANGLE,NOT DIVIDED,,STRAIGHT AND LEVEL,DRY,NO DEFECTS,NOT ON SCENE (DESK REPORT),NO INJURY / DRIVE AWAY,,,Y,"OVER $1,500",2/23/2022 17:50,UNABLE TO DETERMINE,UNABLE TO DETERMINE,300,W,115TH ST,522,,,,,,,2,NO INDICATION OF INJURY,0,0,0,0,0,4,0,16,4,2,41.68534251,-87.63015072,POINT (-87.630150722926 41.685342510888)
0ba677150672ae2a05b843fdafc3a429f0a5a700d50f10064adb107ead717bc5ffb6082585ead4db6cd28eab289651301783d13a04da4c69f9a3da4db49f294c,JF185083,,3/24/2022 14:30,30,STOP SIGN/FLASHER,FUNCTIONING PROPERLY,CLEAR,DAYLIGHT,SIDESWIPE SAME DIRECTION,NOT DIVIDED,,STRAIGHT AND LEVEL,DRY,NO DEFECTS,NOT ON SCENE (DESK REPORT),NO INJURY / DRIVE AWAY,,,,"OVER $1,500",3/24/2022 14:40,FAILING TO YIELD RIGHT-OF-WAY,NOT APPLICABLE,3448,W,59TH ST,822,,,,,,,2,NO INDICATION OF INJURY,0,0,0,0,0,3,0,14,5,3,41.78624963,-87.71025117,POINT (-87.710251169111 41.786249627219)
9ea6a774c0b05a33502147a05dd19a7b330a012cbe03129acc491329c4963868c4998725410be7a90c93695758b407fee29890cb3710ed01ee944bbd27ee0857,JE442866,,11/12/2021 15:00,30,NO CONTROLS,NO CONTROLS,SNOW,DAYLIGHT,REAR END,NOT DIVIDED,,STRAIGHT AND LEVEL,WET,NO DEFECTS,,NO INJURY / DRIVE AWAY,,,,"$501 - $1,500",11/12/2021 15:56,UNABLE TO DETERMINE,UNABLE TO DETERMINE,362,W,CHICAGO AVE,1823,,,,,,,2,NO INDICATION OF INJURY,0,0,0,0,0,2,0,15,6,11,41.89664742,-87.63820412,POINT (-87.638204121229 41.89664741692)
a0a965066797f3e97fe618608ae408f899a4e062d19e9d0c2362f2e5200ce3f4cdef02d6d4d73e21824bfc2a891a2e0b44ad237cb559c2ddfc48628cf20b6798,JC526241,,11/26/2019 21:30,30,TRAFFIC SIGNAL,FUNCTIONING PROPERLY,UNKNOWN,UNKNOWN,SIDESWIPE SAME DIRECTION,UNKNOWN,,STRAIGHT AND LEVEL,UNKNOWN,UNKNOWN,,NO INJURY / DRIVE AWAY,,,,"$501 - $1,500",11/27/2019 10:00,IMPROPER LANE USAGE,UNABLE TO DETERMINE,1200,W,HARRISON ST,1231,,,,,,,2,NO INDICATION OF INJURY,0,0,0,0,0,3,0,21,3,11,41.87438864,-87.65695889,POINT (-87.656958888781 41.8743886435)
a13c915cdfb2523c9256dee81120ecf01e010f2533f66077cf3c540f932c3b93061979be9af2dc59b1404b7332985fc1189b4b0ce7c671e28076f5461daee993,JF175720,,3/16/2022 11:15,30,NO CONTROLS,NO CONTROLS,CLEAR,DAYLIGHT,PARKED MOTOR VEHICLE,NOT DIVIDED,,STRAIGHT AND LEVEL,DRY,NO DEFECTS,NOT ON SCENE (DESK REPORT),NO INJURY / DRIVE AWAY,,,Y,"$501 - $1,500",3/16/2022 11:35,UNABLE TO DETERMINE,UNABLE TO DETERMINE,1737,W,18TH ST,1234,,,,,,,2,NO INDICATION OF INJURY,0,0,0,0,0,2,0,11,4,3,41.85762701,-87.67020682,POINT (-87.670206815903 41.857627010942)
946932528159baed5253453a304c5f60c71289a36527a8b1f4735681df632e2cc8226d20e16eec6e442218cf7e7f5245a127c438599d1cc0f39b249addc3869f,JF146906,,2/16/2022 22:53,30,STOP SIGN/FLASHER,FUNCTIONING PROPERLY,RAIN,"DARKNESS, LIGHTED ROAD",REAR END,T-INTERSECTION,,STRAIGHT AND LEVEL,WET,NO DEFECTS,ON SCENE,NO INJURY / DRIVE AWAY,,,Y,"OVER $1,500",2/16/2022 23:05,FAILING TO REDUCE SPEED TO AVOID CRASH,FOLLOWING TOO CLOSELY,10300,S,CORLISS AVE,512,,,,,,,2,NO INDICATION OF INJURY,0,0,0,0,0,2,0,22,4,2,41.70743645,-87.60416001,POINT (-87.604160009748 41.707436449917)
b816f4a4c2351fc4713e35a629afaa81677c1af85c4e12e26ed99eab0368dab557dc75466ecffbfd41b886a236eb1355bfa2fcf4d45322b3b2dee5dfe8cdff84,JF167991,,3/9/2022 8:40,30,STOP SIGN/FLASHER,FUNCTIONING PROPERLY,CLEAR,DAYLIGHT,ANGLE,TRAFFIC ROUTE,,STRAIGHT AND LEVEL,DRY,NO DEFECTS,ON SCENE,INJURY AND / OR TOW DUE TO CRASH,Y,,Y,"OVER $1,500",3/9/2022 8:47,DISREGARDING STOP SIGN,NOT APPLICABLE,8734,S,COTTAGE GROVE AVE,632,,,,,,,2,NONINCAPACITATING INJURY,1,0,0,1,0,2,0,8,4,3,41.73562693,-87.60494351,POINT (-87.604943513016 41.735626926501)