CRASH_RECORD_ID,RD_NO,CRASH_DATE_EST_I,CRASH_DATE,POSTED_SPEED_LIMIT,TRAFFIC_CONTROL_DEVICE,DEVICE_CONDITION,WEATHER_CONDITION,LIGHTING_CONDITION,FIRST_CRASH_TYPE,TRAFFICWAY_TYPE,LANE_CNT,ALIGNMENT,ROADWAY_SURFACE_COND,ROAD_DEFECT,REPORT_TYPE,CRASH_TYPE,INTERSECTION_RELATED_I,NOT_RIGHT_OF_WAY_I,HIT_AND_RUN_I,DAMAGE,DATE_POLICE_NOTIFIED,PRIM_CONTRIBUTORY_CAUSE,SEC_CONTRIBUTORY_CAUSE,STREET_NO,STREET_DIRECTION,STREET_NAME,BEAT_OF_OCCURRENCE,PHOTOS_TAKEN_I,STATEMENTS_TAKEN_I,DOORING_I,WORK_ZONE_I,WORK_ZONE_TYPE,WORKERS_PRESENT_I,NUM_UNITS,MOST_SEVERE_INJURY,INJURIES_TOTAL,INJURIES_FATAL,INJURIES_INCAPACITATING,INJURIES_NON_INCAPACITATING,INJURIES_REPORTED_NOT_EVIDENT,INJURIES_NO_INDICATION,INJURIES_UNKNOWN,CRASH_HOUR,CRASH_DAY_OF_WEEK,CRASH_MONTH,LATITUDE,LONGITUDE,LOCATION
a1e7701e52109e95a6f91f8a07bc3ca5c757648277bb65be8eee39db77f2add75e29429d5c4a8909a87f97c9aac31a93752ee4f6f76a0e2020838c733cea17b2,JF175997,,3/16/2022 15:34,30,STOP SIGN/FLASHER,FUNCTIONING PROPERLY,CLEAR,DAYLIGHT,TURNING,NOT DIVIDED,,STRAIGHT AND LEVEL,DRY,NO DEFECTS,ON SCENE,INJURY AND / OR TOW DUE TO CRASH,Y,,,"OVER $1,500",3/16/2022 15:34,IMPROPER TURNING/NO SIGNAL,NOT APPLICABLE,300,E,47TH ST,215,,,,,,,2,"REPORTED, NOT EVIDENT",1,0,0,0,1,1,0,15,4,3,41.80944685,-87.61952409,POINT (-87.619524087226 41.809446853655)
a251ffd66ea77acf5bb446a6b895cb9903a7ba9434e610cb00fff25b115d0330c5e2000d477fb3cffc9dc2893e7232eda29fc96f42b4f3e4f551d6145cfc7775,JF176156,,3/16/2022 17:03,30,TRAFFIC SIGNAL,FUNCTIONING PROPERLY,CLEAR,DAYLIGHT,ANGLE,NOT DIVIDED,,STRAIGHT AND LEVEL,DRY,NO DEFECTS,ON SCENE,INJURY AND / OR TOW DUE TO CRASH,Y,,,"OVER $1,500",3/16/2022 17:03,FAILING TO YIELD RIGHT-OF-WAY,UNABLE TO DETERMINE,499,W,59TH ST,711,,,,,,,2,NONINCAPACITATING INJURY,2,0,0,2,0,0,0,17,4,3,41.78704274,-87.63759914,POINT (-87.637599141542 41.787042743951)
95231f3292eef9a3d1efcadea0b33957f5c3ddcbe348e26fba842d142ce1e467906c66897ea744a208f7ea0f9d5f41738a84de7c0b06b9da731e97b46b6f28a6,JF146419,Y,2/16/2022 14:46,30,STOP SIGN/FLASHER,FUNCTIONING PROPERLY,CLOUDY/OVERCAST,DAYLIGHT,ANGLE,FOUR WAY,,STRAIGHT AND LEVEL,WET,NO DEFECTS,ON SCENE,NO INJURY / DRIVE AWAY,Y,,,"OVER $1,500",2/16/2022 14:46,FAILING TO YIELD RIGHT-OF-WAY,UNABLE TO DETERMINE,400,E,74TH ST,323,,,,,,,2,NO INDICATION OF INJURY,0,0,0,0,0,2,0,14,4,2,41.76034485,-87.61510594,POINT (-87.615105936212 41.760344845073)
9574e524255ab4ace95dfd7d0503db1ef9ebe03acf0e4350ea37baf2c232b70cce66e9bcdc0d874d2729736e384903e190be3a790c698ae9202dc32d50e8a495,JF150345,,2/16/2022 18:00,20,NO CONTROLS,NO CONTROLS,RAIN,DARKNESS,OTHER OBJECT,DIVIDED - W/MEDIAN (NOT RAISED),,STRAIGHT AND LEVEL,WET,"RUT, HOLES",NOT ON SCENE (DESK REPORT),INJURY AND / OR TOW DUE TO CRASH,,,,$500 OR LESS,2/20/2022 12:00,WEATHER,NOT APPLICABLE,2400,N,LAKE SHORE DR SB,1935,,,,,,,1,NO INDICATION OF INJURY,0,0,0,0,0,1,0,18,4,2,41.92616072,-87.63151467,POINT (-87.631514664826 41.926160719812)
b2a29f9a82e58816660c2b7f2f5db75dcc613ca8640dedf964154d4303556c6637330942b9a228a6a032d85de86f52a04e5219e6e47de3d24079f8ae8add0a21,JF182714,,3/22/2022 13:17,30,TRAFFIC SIGNAL,FUNCTIONING PROPERLY,CLEAR,DAYLIGHT,REAR END,NOT DIVIDED,,STRAIGHT AND LEVEL,DRY,NO DEFECTS,NOT ON SCENE (DESK REPORT),NO INJURY / DRIVE AWAY,,,,"OVER $1,500",3/22/2022 14:00,FOLLOWING TOO CLOSELY,UNABLE TO DETERMINE,9480,S,EWING AVE,432,,,,,,,2,NO INDICATION OF INJURY,0,0,0,0,0,2,0,13,3,3,41.72303512,-87.53679204,POINT (-87.536792034976 41.723035123693)
a29a9729f12d605777709f4b7164a6360c2d28747e452bf2dc1cb848f0df749980daa89682bbfed34d226260294f22512796fac8ace89f58313b9ff170f1165e,JF176048,N,3/16/2022 11:55,30,NO CONTROLS,NO CONTROLS,CLEAR,DAYLIGHT,SIDESWIPE SAME DIRECTION,DIVIDED - W/MEDIAN (NOT RAISED),,STRAIGHT AND LEVEL,UNKNOWN,UNKNOWN,,NO INJURY / DRIVE AWAY,N,,Y,"OVER $1,500",3/16/2022 14:48,UNABLE TO DETERMINE,NOT APPLICABLE,5201,N,SHERIDAN RD,2023,,N,,,,,3,NO INDICATION OF INJURY,0,0,0,0,0,3,0,11,4,3,41.97648167,-87.65483978,POINT (-87.654839777167 41.976481667612)
a393ad7cd561199c215b841be0735e094ab7fec94d1565fcb93b7fb4df2262693bca49e8970cd734bc48d85efe24afaccdde8380dfd76971b3f231462ddb7f24,JF175628,,3/16/2022 10:15,30,TRAFFIC SIGNAL,FUNCTIONING PROPERLY,CLEAR,DAYLIGHT,TURNING,NOT DIVIDED,,STRAIGHT AND LEVEL,DRY,NO DEFECTS,ON SCENE,NO INJURY / DRIVE AWAY,,,,$500 OR LESS,3/16/2022 10:19,UNABLE TO DETERMINE,NOT APPLICABLE,5662,S,ARCHER AVE,814,,,,,,,2,NO INDICATION OF INJURY,0,0,0,0,0,2,0,10,4,3,41.79733147,-87.75260859,POINT (-87.752608585606 41.797331470714)
9622a555d529aff56e107e2f8e1a301ee1de8645163dac605fa8cfd4e9d6c3c1361ef30e1af9c4950bbca7faeb0ab03194994b1fc5804d2e3b67f7806c07ccfa,JF146080,,2/16/2022 10:09,30,NO CONTROLS,NO CONTROLS,CLEAR,DAYLIGHT,PARKED MOTOR VEHICLE,NOT DIVIDED,,STRAIGHT AND LEVEL,DRY,NO DEFECTS,NOT ON SCENE (DESK REPORT),NO INJURY / DRIVE AWAY,,,,"$501 - $1,500",2/16/2022 10:30,IMPROPER LANE USAGE,NOT APPLICABLE,4700,N,MARINE DR,1914,,,,,,,2,NO INDICATION OF INJURY,0,0,0,0,0,1,0,10,4,2,41.96738832,-87.64928809,POINT (-87.649288085972 41.967388322949)
b9463306736ef74191277383189315dc9128c6d15b125cb2893ca8e3972a5eda04be923e2c7b257c794a5a2c146d9408f88d45026ee14dc0dedc75d932fde0b9,JF168337,,3/9/2022 14:54,35,NO CONTROLS,NO CONTROLS,CLEAR,DAYLIGHT,REAR END,OTHER,,STRAIGHT AND LEVEL,DRY,NO DEFECTS,ON SCENE,NO INJURY / DRIVE AWAY,,Y,,"OVER $1,500",3/9/2022 15:07,UNABLE TO DETERMINE,UNABLE TO DETERMINE,6111,N,WESTERN AVE,2413,,,,,,,2,NO INDICATION OF INJURY,0,0,0,0,0,3,0,14,4,3,41.99264931,-87.68956981,POINT (-87.689569810437 41.992649307138)
96a0d43363983081ed7bbaed385b1164ae113c07d590fde5ef448e94a9b09de4c8996889df99aecb1f30ab2e89a92b5206d2dd76b861e573dd06000187f3448a,JF168428,,2/23/2022 21:00,30,TRAFFIC SIGNAL,FUNCTIONING PROPERLY,CLEAR,DARKNESS,OTHER OBJECT,NOT DIVIDED,,STRAIGHT AND LEVEL,DRY,"RUT, HOLES",NOT ON SCENE (DESK REPORT),NO INJURY / DRIVE AWAY,Y,,,"OVER $1,500",3/9/2022 16:00,UNABLE TO DETERMINE,UNABLE TO DETERMINE,9513,S,STONY ISLAND AVE,431,,,,,,,1,NO INDICATION OF INJURY,0,0,0,0,0,1,0,21,4,2,41.7218548,-87.58492534,POINT (-87.584925337235 41.721854802891)
a4124f4f38ecc98aeb0f39ffc26f8919b11797b1e4284e92d6ff3b2431cf05f11b82e9d1178cb82e9fb39b5db40c1828314ad58fd8465428d1009bc86b296e81,JF175622,,3/16/2022 9:05,30,NO CONTROLS,NO CONTROLS,CLEAR,DAYLIGHT,SIDESWIPE SAME DIRECTION,ONE-WAY,,STRAIGHT AND LEVEL,DRY,NO DEFECTS,NOT ON SCENE (DESK REPORT),NO INJURY / DRIVE AWAY,,,,"OVER $1,500",3/16/2022 10:00,FAILING TO YIELD RIGHT-OF-WAY,NOT APPLICABLE,28,N,FRANKLIN ST,122,Y,,,,,,2,NO INDICATION OF INJURY,0,0,0,0,0,3,0,9,4,3,41.88264999,-87.63547347,POINT (-87.635473470153 41.882649993217)
96d392f2298d54e44e306782319af3570ca09c0e6cfe8cd62d3e6426da4f8403570d8d66a660a1ed667ac775c7636c9034ccadee26e80c974a597145523f9995,JE176489,,3/22/2021 15:00,30,NO CONTROLS,NO CONTROLS,CLEAR,DAYLIGHT,TURNING,NOT DIVIDED,,STRAIGHT AND LEVEL,DRY,NO DEFECTS,,INJURY AND / OR TOW DUE TO CRASH,,,,"OVER $1,500",3/22/2021 15:03,IMPROPER TURNING/NO SIGNAL,UNABLE TO DETERMINE,4530,W,72ND ST,833,,,,,,,2,NO INDICATION OF INJURY,0,0,0,0,0,2,0,15,2,3,41.76233468,-87.7367101,POINT (-87.7367100982 41.762334680927)
96f88eb01bae6aac5e21bdd8ecbb409679a585bdcc785a04ed1e2f636e6a44686a4af78bfd36f9488aa966b9879f1b7d67b2b3e200f378f7f6ddc08488b65a2e,JC542025,,12/10/2019 15:35,20,SCHOOL ZONE,NO CONTROLS,CLEAR,DAYLIGHT,PEDESTRIAN,ONE-WAY,,STRAIGHT AND LEVEL,DRY,NO DEFECTS,,INJURY AND / OR TOW DUE TO CRASH,,,Y,"$501 - $1,500",12/10/2019 16:33,FAILING TO YIELD RIGHT-OF-WAY,NOT APPLICABLE,6029,W,GEORGE ST,2511,,,,,,,2,"REPORTED, NOT EVIDENT",1,0,0,0,1,1,0,15,3,12,41.93284052,-87.77717836,POINT (-87.777178359087 41.932840515829)
97cd487b382e4707c1cf0768a7c16f44013738a9c61deeb020481d46329020d645e477baf0d172133fcbf8ec2f8bd2ba6f285894790e865bb63b29f9d54b2f9c,JF147279,,2/16/2022 18:05,25,STOP SIGN/FLASHER,FUNCTIONING PROPERLY,CLEAR,DARKNESS,PEDESTRIAN,NOT DIVIDED,,STRAIGHT AND LEVEL,UNKNOWN,UNKNOWN,,INJURY AND / OR TOW DUE TO CRASH,,,Y,$500 OR LESS,2/17/2022 11:00,FAILING TO YIELD RIGHT-OF-WAY,FAILING TO YIELD RIGHT-OF-WAY,1068,W,SHERIDAN RD,2432,,,,,,,2,NONINCAPACITATING INJURY,1,0,0,1,0,1,0,18,4,2,41.99831751,-87.65873959,POINT (-87.658739585052 41.998317513758)
980a633096b057408a21d6144f33a560c2d2125abcea3f3b0b2665531417e26a228db77aecd999606e6c066fe813a68c0a71ff3c05b553131dc54a154a942bea,JF153952,,2/23/2022 17:10,35,NO CONTROLS,NO CONTROLS,SNOW,DAYLIGHT,SIDESWIPE SAME DIRECTION,DIVIDED - W/MEDIAN (NOT RAISED),,STRAIGHT AND LEVEL,DRY,NO DEFECTS,ON SCENE,NO INJURY / DRIVE AWAY,Y,,Y,$500 OR LESS,2/23/2022 17:55,FOLLOWING TOO CLOSELY,FOLLOWING TOO CLOSELY,2650,W,PETERSON AVE,2413,,,,,,,3,NO INDICATION OF INJURY,0,0,0,0,0,3,0,17,4,2,41.99056874,-87.69659414,POINT (-87.696594144061 41.99056873792)
a49645663ef981d9b03920b44f34e23220e384cbf9bf6d899516e601417021373fde1451adddb37e5542b459051d1469b26d05d27824ebdbc2f78331e9c7ca87,JF175411,,3/16/2022 5:50,35,NO CONTROLS,NO CONTROLS,CLEAR,"DARKNESS, LIGHTED ROAD",PEDESTRIAN,NOT DIVIDED,,STRAIGHT AND LEVEL,DRY,NO DEFECTS,ON SCENE,INJURY AND / OR TOW DUE TO CRASH,Y,,Y,"OVER $1,500",3/16/2022 6:07,UNABLE TO DETERMINE,NOT APPLICABLE,3300,W,FOSTER AVE,1712,,,,,,,2,NONINCAPACITATING INJURY,1,0,0,1,0,1,0,5,4,3,41.97582984,-87.71118215,POINT (-87.711182148704 41.975829838361)
9876fd9138aa5ea8406a2760a91207711a1d71db1f6a68edf6f2202a0db9fff4d1bec62f0a876a3379eb22f88d903706afb35aa7a288ed460d0a911a2e743e5d,JF146020,,2/16/2022 9:10,30,STOP SIGN/FLASHER,FUNCTIONING PROPERLY,CLEAR,DAYLIGHT,SIDESWIPE SAME DIRECTION,NOT DIVIDED,,STRAIGHT AND LEVEL,DRY,NO DEFECTS,ON SCENE,NO INJURY / DRIVE AWAY,,,,"$501 - $1,500",2/16/2022 9:20,IMPROPER OVERTAKING/PASSING,NOT APPLICABLE,259,E,115TH ST,532,,,,,,,2,NO INDICATION OF INJURY,0,0,0,0,0,2,0,9,4,2,41.68528937,-87.61565278,POINT (-87.615652784069 41.685289367657)
a47be4e95812ffe47604a9327e30e8eae7987df60300415bc7e7de1f9eca5acf949dbd3fbfb3a05a22c4cdc204dfd2d407a040674d5df11e474f1d3b0d99b334,JE114354,Y,1/16/2021 9:50,30,STOP SIGN/FLASHER,FUNCTIONING IMPROPERLY,SNOW,DAYLIGHT,PEDALCYCLIST,FOUR WAY,,STRAIGHT AND LEVEL,SNOW OR SLUSH,"RUT, HOLES",,INJURY AND / OR TOW DUE TO CRASH,Y,,,"$501 - $1,500",1/16/2021 10:00,DISREGARDING STOP SIGN,WEATHER,5600,W,GEORGE ST,2514,,,,,,,2,NONINCAPACITATING INJURY,1,0,0,1,0,1,0,9,7,1,41.93320945,-87.76637223,POINT (-87.766372234441 41.933209447504)
b3495242ffaa5de99e686d10d884820aaf8c64ca9d2beae974449953c36753cbd069bddb5b8475583f51f13c9cf3bdc6ca9640dbc09723e789682cc3cc5966f8,JD287699,,7/6/2020 6:15,30,TRAFFIC SIGNAL,FUNCTIONING PROPERLY,CLEAR,DAYLIGHT,TURNING,FOUR WAY,,STRAIGHT AND LEVEL,DRY,NO DEFECTS,,NO INJURY / DRIVE AWAY,Y,,,"OVER $1,500",7/6/2020 7:55,IMPROPER LANE USAGE,NOT APPLICABLE,6300,S,WENTWORTH AVE,312,,,,,,,2,NO INDICATION OF INJURY,0,0,0,0,0,3,0,6,2,7,41.77990261,-87.63029381,POINT (-87.630293805556 41.779902613439)
a4eeb09ccd020a7d94713f72bac3f30036983031d2b233dea419aef1dc3dc28d4bb7ae6b71bb7b53391d766543d495ac43e5685a7c3017af1e5d81524b2b48ea,JF176038,,3/16/2022 15:15,30,TRAFFIC SIGNAL,FUNCTIONING PROPERLY,CLEAR,DAYLIGHT,TURNING,DIVIDED - W/MEDIAN BARRIER,,STRAIGHT AND LEVEL,DRY,NO DEFECTS,NOT ON SCENE (DESK REPORT),NO INJURY / DRIVE AWAY,,,Y,"$501 - $1,500",3/16/2022 15:50,DISREGARDING TRAFFIC SIGNALS,FAILING TO REDUCE SPEED TO AVOID CRASH,311,S,LOWER WACKER DR,122,,,,,,,2,NO INDICATION OF INJURY,0,0,0,0,0,2,0,15,4,3,41.87779016,-87.63648759,POINT (-87.636487589354 41.877790161619)
b3e6a11f1583aaf147a0f8c4f758bf59869279e9c89dac83aaba97ecaead5c50f64085de2993e17d4a7744ff84f2a8dd341966d3801a315ec76535c736186610,JF183200,,3/22/2022 20:26,30,TRAFFIC SIGNAL,FUNCTIONING PROPERLY,CLEAR,"DARKNESS, LIGHTED ROAD",ANGLE,NOT DIVIDED,,STRAIGHT AND LEVEL,WET,NO DEFECTS,NOT ON SCENE (DESK REPORT),INJURY AND / OR TOW DUE TO CRASH,Y,,Y,"OVER $1,500",3/22/2022 20:27,DISREGARDING TRAFFIC SIGNALS,UNABLE TO DETERMINE,7008,N,CLARK ST,2424,,Y,,,,,2,INCAPACITATING INJURY,1,0,1,0,0,1,0,20,3,3,42.00927651,-87.67417783,POINT (-87.674177827774 42.009276508868)
bb7112ce150b2b3003ebb687e49d81aa2d989ea923a7ad3a46a30149bfae0c7bcb0735bbcce2a66c6216f61f835583a7f47d7b63d0bcd259e200f7f69c9a8079,JF168541,,3/9/2022 16:45,30,STOP SIGN/FLASHER,FUNCTIONING PROPERLY,CLEAR,DAYLIGHT,SIDESWIPE SAME DIRECTION,NOT DIVIDED,,STRAIGHT AND LEVEL,UNKNOWN,UNKNOWN,NOT ON SCENE (DESK REPORT),NO INJURY / DRIVE AWAY,,,,"$501 - $1,500",3/9/2022 17:42,IMPROPER LANE USAGE,IMPROPER OVERTAKING/PASSING,3300,N,HALSTED ST,1924,,,,,,,2,NO INDICATION OF INJURY,0,0,0,0,0,4,0,16,4,3,41.94183828,-87.64947571,POINT (-87.649475713797 41.941838281218)
995f085f102ec57b9d91e7d22bd497e0ec15ca94a2ab668e85c26c1dc78b8cc7834310235e088c1a4f3229c0fc650173dbc06a1ecf74307498b1553b8efbbcda,JF146678,,2/16/2022 18:05,30,TRAFFIC SIGNAL,UNKNOWN,RAIN,"DARKNESS, LIGHTED ROAD",REAR END,ONE-WAY,,STRAIGHT AND LEVEL,WET,UNKNOWN,ON SCENE,NO INJURY / DRIVE AWAY,,,,$500 OR LESS,2/16/2022 18:10,FOLLOWING TOO CLOSELY,NOT APPLICABLE,173,N,BESSIE COLEMAN DR,1654,,,,,,,2,NO INDICATION OF INJURY,0,0,0,0,0,2,0,18,4,2,,,
a40e3ae52dac15c04d8ea207ffc5d8965393b7f4a097899deba2de9bd5ad8e713745e3aa1cef0c0f2e327dc0baba521861492f7737a12df4b54cf08e47d032d6,JF160822,,3/2/2022 11:30,30,NO CONTROLS,NO CONTROLS,CLEAR,DAYLIGHT,TURNING,NOT DIVIDED,,STRAIGHT AND LEVEL,DRY,NO DEFECTS,NOT ON SCENE (DESK REPORT),NO INJURY / DRIVE AWAY,,,,"OVER $1,500",3/2/2022 12:00,UNABLE TO DETERMINE,UNABLE TO DETERMINE,1438,W,79TH ST,612,,,,,,,2,NO INDICATION OF INJURY,0,0,0,0,0,2,0,11,4,3,41.75051241,-87.66018856,POINT (-87.66018855951 41.750512410263)
b4a3802b01e37217b35da6c21d8beceb62fd15307954a540d7b2bb17c0d142d58e2349b3759d85c43e7468879ea9ecfb128bd0775443125876dc110934a0c89a,JF182831,,3/22/2022 14:30,30,TRAFFIC SIGNAL,FUNCTIONING PROPERLY,CLOUDY/OVERCAST,DAYLIGHT,SIDESWIPE SAME DIRECTION,CENTER TURN LANE,,STRAIGHT AND LEVEL,DRY,UNKNOWN,ON SCENE,NO INJURY / DRIVE AWAY,Y,,Y,"OVER $1,500",3/22/2022 15:05,UNABLE TO DETERMINE,NOT APPLICABLE,4357,N,NARRAGANSETT AVE,1624,,,,,,,2,NO INDICATION OF INJURY,0,0,0,0,0,3,0,14,3,3,41.96007788,-87.7866533,POINT (-87.786653298794 41.960077875528)
a608505a6f699d41df77d4997d92a03a9263727549d93f4d0f56a05b6508b63494b8394d2af7bbed8792bb5c38dd4f1044ee3ae831e3c82aa8e22bed811a4c9f,JF176307,,3/16/2022 19:15,30,STOP SIGN/FLASHER,FUNCTIONING PROPERLY,CLEAR,"DARKNESS, LIGHTED ROAD",REAR END,NOT DIVIDED,,STRAIGHT AND LEVEL,DRY,NO DEFECTS,NOT ON SCENE (DESK REPORT),NO INJURY / DRIVE AWAY,,,,"OVER $1,500",3/16/2022 19:30,FOLLOWING TOO CLOSELY,FOLLOWING TOO CLOSELY,3200,W,65TH ST,823,,,,,,,2,NO INDICATION OF INJURY,0,0,0,0,0,2,0,19,4,3,41.77543082,-87.70317527,POINT (-87.703175264606 41.775430819218)
bcfb9bc671c3094eebb98926c37f3d1a512194a82a08c9885d5c59dc08f8b17f7b0d5830a5d02da1ef172f64d3a5f854a7fe9b47e6d2dd14eea9e78749dfe2e5,JF168463,,3/9/2022 16:30,35,OTHER,FUNCTIONING PROPERLY,CLEAR,DAYLIGHT,ANGLE,DIVIDED - W/MEDIAN (NOT RAISED),,STRAIGHT AND LEVEL,DRY,NO DEFECTS,NOT ON SCENE (DESK REPORT),NO INJURY / DRIVE AWAY,,,,"$501 - $1,500",3/9/2022 17:01,FAILING TO YIELD RIGHT-OF-WAY,UNABLE TO DETERMINE,522,W,ROOSEVELT RD,124,,,,,,,2,NO INDICATION OF INJURY,0,0,0,0,0,2,0,16,4,3,41.86735618,-87.64022664,POINT (-87.640226640564 41.867356182227)
a51ce429d53b7ddc90dbeebcbe9d3d96e3388b4b6d73b07594c35d9733fbfee1946e481372e552b49b0a16932d8cb52f07f75cb3a73b46449fe2e7c2502fc692,JF161003,,3/2/2022 13:20,30,NO CONTROLS,NO CONTROLS,CLEAR,DAYLIGHT,SIDESWIPE SAME DIRECTION,NOT DIVIDED,,STRAIGHT AND LEVEL,DRY,NO DEFECTS,NOT ON SCENE (DESK REPORT),NO INJURY / DRIVE AWAY,,,Y,"OVER $1,500",3/2/2022 15:00,FAILING TO REDUCE SPEED TO AVOID CRASH,DRIVING SKILLS/KNOWLEDGE/EXPERIENCE,3900,S,PULASKI RD,815,,,,,,,2,NO INDICATION OF INJURY,0,0,0,0,0,2,0,13,4,3,41.82256384,-87.72418748,POINT (-87.724187479133 41.822563835982)
a710c66941f1f9fea2e5cc4283bec89a4e9da555a96d53a796230c464a4d6740ec87e0548fafd698309bf766972bd7c2f12a909bffc39d9ba3ddb7a551d66bbc,JF176268,,3/16/2022 17:40,30,STOP SIGN/FLASHER,UNKNOWN,UNKNOWN,UNKNOWN,TURNING,FOUR WAY,,STRAIGHT AND LEVEL,UNKNOWN,UNKNOWN,NOT ON SCENE (DESK REPORT),NO INJURY / DRIVE AWAY,Y,,,"$501 - $1,500",3/16/2022 18:40,UNABLE TO DETERMINE,NOT APPLICABLE,6900,N,RIDGE BLVD,2411,,,,,,,2,NO INDICATION OF INJURY,0,0,0,0,0,5,0,17,4,3,42.00644537,-87.68089832,POINT (-87.680898317429 42.006445367007)
9a5e78f4fb91ad34be6f01da374996aaef9cc5793426f36e6f49ec3757fd8ac2d2c7bcefd6f6757d0049a66d9682760e31b91ab8b285490f49d4a932e39ec0f0,JF154081,Y,2/23/2022 20:30,40,TRAFFIC SIGNAL,FUNCTIONING PROPERLY,CLEAR,"DARKNESS, LIGHTED ROAD",TURNING,CENTER TURN LANE,,STRAIGHT AND LEVEL,DRY,NO DEFECTS,ON SCENE,INJURY AND / OR TOW DUE TO CRASH,Y,,Y,"OVER $1,500",2/23/2022 20:30,FAILING TO YIELD RIGHT-OF-WAY,NOT APPLICABLE,5200,S,CICERO AVE,814,,,,,,,2,NO INDICATION OF INJURY,0,0,0,0,0,2,0,20,4,2,41.79855828,-87.74307187,POINT (-87.743071866164 41.798558278193)
9ad4c02f71384a1762527b8814f242343215e438f2afdf309b86902175996c7aa4ba8f8efe57f0352a69358d0e6a4b46084a8c41ebbb42de84229806a836b928,JF146677,,2/16/2022 15:30,30,NO CONTROLS,NO CONTROLS,CLEAR,DAYLIGHT,REAR END,OTHER,,STRAIGHT AND LEVEL,WET,NO DEFECTS,NOT ON SCENE (DESK REPORT),NO INJURY / DRIVE AWAY,,,Y,"$501 - $1,500",2/16/2022 18:00,UNABLE TO DETERMINE,NOT APPLICABLE,4130,S,WESTERN AVE,921,,,,,,,2,NO INDICATION OF INJURY,0,0,0,0,0,2,0,15,4,2,41.81836991,-87.68484193,POINT (-87.684841926062 41.818369906166)
a80cd8a118f2e14e2510373749806a9cd88c726fed9d4ab8ec64553e77e55b5f731667de0091b35609aa49d656c1a739f632a5972e4d85c16fc3cbcb6bfebd42,JF175533,,3/16/2022 8:30,30,NO CONTROLS,FUNCTIONING PROPERLY,CLEAR,DAYLIGHT,REAR END,DIVIDED - W/MEDIAN (NOT RAISED),,STRAIGHT AND LEVEL,DRY,NO DEFECTS,NOT ON SCENE (DESK REPORT),NO INJURY / DRIVE AWAY,,,,"$501 - $1,500",3/16/2022 9:30,UNABLE TO DETERMINE,UNABLE TO DETERMINE,1400,E,130TH ST,434,,,,,,,2,NO INDICATION OF INJURY,0,0,0,0,0,2,0,8,4,3,41.66050151,-87.58898338,POINT (-87.588983383849 41.660501509043)
9b546db1dd41d37d53ef7529a7fe062278504d3702177c59e67232b6c0a0083341a77f150bd6b79d18626decc0e1b2d80dfd887e2c525631b16e53af550c28c2,JF146867,,2/16/2022 21:38,30,TRAFFIC SIGNAL,FUNCTIONING PROPERLY,RAIN,"DARKNESS, LIGHTED ROAD",TURNING,NOT DIVIDED,,STRAIGHT AND LEVEL,WET,NO DEFECTS,ON SCENE,NO INJURY / DRIVE AWAY,,,Y,"OVER $1,500",2/16/2022 21:41,IMPROPER LANE USAGE,NOT APPLICABLE,1198,S,LARAMIE AVE,1522,,,,,,,2,NO INDICATION OF INJURY,0,0,0,0,0,2,0,21,4,2,,,
9b80f83922575d8365ca91f1eda0aac019c6685514800f26e8d9735eb09b45adf55afdf0599952d836a8efceb392b4b05b86c39862535ffc9d5f6cf5c863edad,JF146682,,2/16/2022 17:42,30,TRAFFIC SIGNAL,FUNCTIONING PROPERLY,RAIN,DUSK,TURNING,FOUR WAY,,STRAIGHT AND LEVEL,WET,NO DEFECTS,ON SCENE,NO INJURY / DRIVE AWAY,Y,,,"$501 - $1,500",2/16/2022 17:51,UNABLE TO DETERMINE,UNABLE TO DETERMINE,4000,W,31ST ST,1031,,,,,,,2,NO INDICATION OF INJURY,0,0,0,0,0,3,0,17,4,2,41.83699117,-87.72441415,POINT (-87.724414147595 41.836991173994)
a9704c7dd60588065faa7316a5b1b9cf8d34f7783ce3fa004b9d105bc19ad468ed958f57192538f27d32fd5bd4d51106999d336d37bc9071abd2cd176c15b236,JE432275,,11/2/2021 8:30,30,TRAFFIC SIGNAL,FUNCTIONING PROPERLY,CLEAR,DAYLIGHT,TURNING,NOT DIVIDED,,STRAIGHT AND LEVEL,DRY,NO DEFECTS,,NO INJURY / DRIVE AWAY,Y,,,"OVER $1,500",11/3/2021 9:19,IMPROPER OVERTAKING/PASSING,NOT APPLICABLE,10,W,87TH ST,622,,,,,,,2,NO INDICATION OF INJURY,0,0,0,0,0,2,0,8,3,11,41.73640012,-87.6245544,POINT (-87.62455439851 41.736400117497)
b5f00ce49d08b071eaa7ecf3bb581b539349a4178aea4db723d6c5fafe09a4cfcddf7a617d16e6d0bae98b590158a03cb9eac268a694d611fe8fffb592c7d2e3,JD465781,,12/20/2020 19:20,30,TRAFFIC SIGNAL,FUNCTIONING PROPERLY,CLEAR,"DARKNESS, LIGHTED ROAD",REAR END,DIVIDED - W/MEDIAN (NOT RAISED),,STRAIGHT AND LEVEL,DRY,UNKNOWN,,NO INJURY / DRIVE AWAY,,,Y,"OVER $1,500",12/21/2020 20:45,NOT APPLICABLE,NOT APPLICABLE,4601,N,PULASKI RD,1723,,,,,,,2,NO INDICATION OF INJURY,0,0,0,0,0,2,0,19,1,12,41.9646487,-87.72778246,POINT (-87.727782463168 41.964648700419)