CRASH_RECORD_ID,RD_NO,CRASH_DATE_EST_I,CRASH_DATE,POSTED_SPEED_LIMIT,TRAFFIC_CONTROL_DEVICE,DEVICE_CONDITION,WEATHER_CONDITION,LIGHTING_CONDITION,FIRST_CRASH_TYPE,TRAFFICWAY_TYPE,LANE_CNT,ALIGNMENT,ROADWAY_SURFACE_COND,ROAD_DEFECT,REPORT_TYPE,CRASH_TYPE,INTERSECTION_RELATED_I,NOT_RIGHT_OF_WAY_I,HIT_AND_RUN_I,DAMAGE,DATE_POLICE_NOTIFIED,PRIM_CONTRIBUTORY_CAUSE,SEC_CONTRIBUTORY_CAUSE,STREET_NO,STREET_DIRECTION,STREET_NAME,BEAT_OF_OCCURRENCE,PHOTOS_TAKEN_I,STATEMENTS_TAKEN_I,DOORING_I,WORK_ZONE_I,WORK_ZONE_TYPE,WORKERS_PRESENT_I,NUM_UNITS,MOST_SEVERE_INJURY,INJURIES_TOTAL,INJURIES_FATAL,INJURIES_INCAPACITATING,INJURIES_NON_INCAPACITATING,INJURIES_REPORTED_NOT_EVIDENT,INJURIES_NO_INDICATION,INJURIES_UNKNOWN,CRASH_HOUR,CRASH_DAY_OF_WEEK,CRASH_MONTH,LATITUDE,LONGITUDE,LOCATION
9c50c7339555a564852fc3df183331906f8fc8218bfe4b5a8f43a75d9191bbc9e4a30047e1839957faa944e8a100e127460ebf1a73427917018f7a4a7a502ed7,JF145858,,2/16/2022 4:35,30,NO CONTROLS,NO CONTROLS,CLEAR,"DARKNESS, LIGHTED ROAD",PARKED MOTOR VEHICLE,ONE-WAY,,STRAIGHT AND LEVEL,DRY,UNKNOWN,ON SCENE,NO INJURY / DRIVE AWAY,,,Y,"OVER $1,500",2/16/2022 4:36,IMPROPER BACKING,UNABLE TO DETERMINE,8036,S,HARPER AVE,411,,,,,,,2,NO INDICATION OF INJURY,0,0,0,0,0,2,0,4,4,2,41.74853902,-87.58727205,POINT (-87.587272050846 41.748539019945)
a80223a8249583a8376e3ac342cd4f5a0f1fde6e6a769361faac519f89a48d10a600f73fd3dd434a8363f3f430840fa058740715249d34de8dea660483fc0456,JF161392,,3/2/2022 18:05,15,NO CONTROLS,NO CONTROLS,CLEAR,DARKNESS,FIXED OBJECT,ALLEY,,STRAIGHT AND LEVEL,DRY,NO DEFECTS,ON SCENE,NO INJURY / DRIVE AWAY,,Y,Y,"OVER $1,500",3/2/2022 18:15,UNABLE TO DETERMINE,UNABLE TO DETERMINE,315,E,68TH ST,322,,,,,,,3,NO INDICATION OF INJURY,0,0,0,0,0,1,0,18,4,3,41.77099783,-87.61797553,POINT (-87.617975531613 41.770997828603)
9c95a7dfd1b16a2f28e303ad83711980e0da51b1b0ff275749e80c22abfd10ce5db1b5176d641846171d3a8cda9d82001155427a49e1fb266233599243d45363,JF146053,,2/16/2022 9:00,30,NO CONTROLS,NO CONTROLS,CLEAR,DAYLIGHT,ANGLE,NOT DIVIDED,,STRAIGHT AND LEVEL,DRY,UNKNOWN,NOT ON SCENE (DESK REPORT),NO INJURY / DRIVE AWAY,,,,$500 OR LESS,2/16/2022 10:20,UNABLE TO DETERMINE,NOT APPLICABLE,13017,S,ELLIS AVE,533,,,,,,,2,NO INDICATION OF INJURY,0,0,0,0,0,2,0,9,4,2,41.65853675,-87.59748419,POINT (-87.597484191509 41.658536745514)
9c9060dcaced7ce4dfb708c3745e342c7928d314fdf676922cf3a4fd64fbd735a25d65aaaf7167c253c335e791d03c175cca10deba5c8be10ffcb0dd1408b5d3,JF153812,,2/23/2022 15:21,30,TRAFFIC SIGNAL,FUNCTIONING PROPERLY,CLEAR,DAYLIGHT,TURNING,DIVIDED - W/MEDIAN (NOT RAISED),,STRAIGHT AND LEVEL,DRY,NO DEFECTS,ON SCENE,INJURY AND / OR TOW DUE TO CRASH,,,Y,"OVER $1,500",2/23/2022 16:21,IMPROPER LANE USAGE,UNABLE TO DETERMINE,2367,W,LOGAN BLVD,1432,,,,,,,2,NO INDICATION OF INJURY,0,0,0,0,0,2,0,15,4,2,41.92899969,-87.68702434,POINT (-87.687024335923 41.928999687057)
a7fea7fa760aff9c1a65a03e16b0477bbb44fe9d01721808a08a478d4b41867570d0e33ffe8f2cdfa63524236c77417df6830fbaf1c38726d2c1696063bfd40f,JC374130,,8/1/2019 11:45,30,NO CONTROLS,NO CONTROLS,CLEAR,DAYLIGHT,PARKED MOTOR VEHICLE,PARKING LOT,,STRAIGHT AND LEVEL,DRY,NO DEFECTS,,NO INJURY / DRIVE AWAY,,,Y,"$501 - $1,500",8/1/2019 16:25,UNABLE TO DETERMINE,UNABLE TO DETERMINE,431,N,AUSTIN BLVD,1512,,,,,,,2,NO INDICATION OF INJURY,0,0,0,0,0,1,0,11,5,8,41.88799311,-87.77476283,POINT (-87.774762831621 41.887993114473)
aa928abd3839dd075f869e1de32b0722826585eb958eac87092c5eedcfa5ccc43acc5e7a55c5c1996f6c4837717cdc63c23d9e56761b7a43e2adb31822fc504a,JE384327,,9/23/2021 11:21,30,NO CONTROLS,NO CONTROLS,CLEAR,DAYLIGHT,REAR TO FRONT,NOT DIVIDED,,STRAIGHT AND LEVEL,DRY,NO DEFECTS,,INJURY AND / OR TOW DUE TO CRASH,,,Y,"OVER $1,500",9/23/2021 12:45,IMPROPER BACKING,UNABLE TO DETERMINE,1217,W,90TH ST,2222,,,,,,,2,NONINCAPACITATING INJURY,1,0,0,1,0,2,0,11,5,9,41.73034585,-87.65396818,POINT (-87.6539681755 41.730345854305)
aaa334f3be391109cdd3571ec6f9309b4f874a2b8dc8f09471b8912fdb824ec72716986e607ad3b1347bcf233e032871ebeb88e001ff81e89201a8d24f5a0f9a,JC428751,Y,9/7/2019 19:40,20,STOP SIGN/FLASHER,NO CONTROLS,CLEAR,DUSK,SIDESWIPE SAME DIRECTION,NOT DIVIDED,,STRAIGHT AND LEVEL,DRY,NO DEFECTS,,INJURY AND / OR TOW DUE TO CRASH,,,Y,"OVER $1,500",9/11/2019 11:30,UNABLE TO DETERMINE,UNABLE TO DETERMINE,1232,W,ROSEMONT AVE,2433,,,,,,,2,NONINCAPACITATING INJURY,1,0,0,1,0,1,0,19,7,9,41.99647254,-87.66188238,POINT (-87.661882383786 41.9964725402)
9d58b7a20ae86f0131ebe1ba9cec0cf5e05c44e941346054ace3a61f69631a7f312b9b6cada817a97a7b82fb917ba948befde8ac2d5ebdd06cab01c0f68a2a80,JF146423,,2/16/2022 14:44,30,TRAFFIC SIGNAL,FUNCTIONING PROPERLY,CLOUDY/OVERCAST,DAYLIGHT,SIDESWIPE SAME DIRECTION,DIVIDED - W/MEDIAN (NOT RAISED),,STRAIGHT AND LEVEL,DRY,UNKNOWN,ON SCENE,NO INJURY / DRIVE AWAY,,,Y,"$501 - $1,500",2/16/2022 14:50,IMPROPER OVERTAKING/PASSING,"OPERATING VEHICLE IN ERRATIC, RECKLESS, CARELESS, NEGLIGENT OR AGGRESSIVE MANNER",4000,W,ADDISON ST,1732,,,,,,,2,NO INDICATION OF INJURY,0,0,0,0,0,3,0,14,4,2,41.94648178,-87.72749488,POINT (-87.727494880967 41.946481778729)
9dd8ba9935054c950c372912a8e3786e2efec8be507fac71fe29d6b6d0c8ef40d8ceaf20f72bcd49833013fb81326e2b71761ae51149500c3624f6befb6d6db8,JF153182,,2/23/2022 6:52,30,TRAFFIC SIGNAL,FUNCTIONING PROPERLY,CLEAR,DAYLIGHT,REAR END,NOT DIVIDED,,STRAIGHT AND LEVEL,DRY,NO DEFECTS,NOT ON SCENE (DESK REPORT),NO INJURY / DRIVE AWAY,,,,"OVER $1,500",2/23/2022 7:00,UNABLE TO DETERMINE,NOT APPLICABLE,4805,W,FOSTER AVE,1621,,,,,,,2,NO INDICATION OF INJURY,0,0,0,0,0,2,0,6,4,2,41.97522809,-87.74823152,POINT (-87.748231516872 41.975228092886)
9ddded0c39e9d4cd90d1e37b8fab79c2840b4b06c508e314ac472adc3e7d51d58b5e761cde39167092b9c9c7baa0741e5c2e25265289f99b1042c03590441676,JF153439,,2/23/2022 11:08,30,NO CONTROLS,NO CONTROLS,CLEAR,DAYLIGHT,REAR END,DIVIDED - W/MEDIAN (NOT RAISED),,STRAIGHT AND LEVEL,DRY,NO DEFECTS,ON SCENE,NO INJURY / DRIVE AWAY,,,Y,$500 OR LESS,2/23/2022 11:10,UNABLE TO DETERMINE,UNABLE TO DETERMINE,4808,N,CICERO AVE,1623,,,,,,,2,NO INDICATION OF INJURY,0,0,0,0,0,3,0,11,4,2,41.96834545,-87.74783359,POINT (-87.747833590668 41.968345452683)
9d3618baddcc723595165fbf233df5a63fc3d02a03860f76044a824ff90fa9ab53b53faeb74c02790f4d61d56c34ab08f92fb06bcc54024921d2a35c2c75d24a,JC470294,,10/12/2019 17:43,30,TRAFFIC SIGNAL,FUNCTIONING PROPERLY,CLEAR,DAYLIGHT,ANGLE,FOUR WAY,,STRAIGHT AND LEVEL,DRY,NO DEFECTS,,INJURY AND / OR TOW DUE TO CRASH,Y,,,"OVER $1,500",10/12/2019 17:43,UNABLE TO DETERMINE,UNABLE TO DETERMINE,3900,S,STATE ST,213,,,,,,,2,NO INDICATION OF INJURY,0,0,0,0,0,2,0,17,7,10,41.82362966,-87.62657307,POINT (-87.626573071207 41.823629662422)
a92ebc2359bca4151849325e1374fd5ec0506c8339d98aeb15424e51a0ef4dbb48ebe770340de2b6d6a2791a46c0efe76cb0a6fc1544b795b35948d7168708e3,JD353313,,9/1/2020 11:45,30,STOP SIGN/FLASHER,NO CONTROLS,CLEAR,DAYLIGHT,SIDESWIPE SAME DIRECTION,NOT DIVIDED,,STRAIGHT AND LEVEL,DRY,NO DEFECTS,,NO INJURY / DRIVE AWAY,,,,"OVER $1,500",9/1/2020 11:45,IMPROPER OVERTAKING/PASSING,IMPROPER OVERTAKING/PASSING,1950,W,GARFIELD BLVD,932,,,,,,,2,NO INDICATION OF INJURY,0,0,0,0,0,4,0,11,3,9,41.79403,-87.67394171,POINT (-87.673941707649 41.794029995071)
bfedb8196858fef2cee2e90fe76f4c805597c147854ce7f6dcee06cd3cde2d529742ac9c3b5384dd3009af2d90339c09648f44c1e03370117df3d1f4567413d0,JC557106,,12/22/2019 23:20,30,TRAFFIC SIGNAL,FUNCTIONING PROPERLY,CLEAR,"DARKNESS, LIGHTED ROAD",SIDESWIPE SAME DIRECTION,DIVIDED - W/MEDIAN (NOT RAISED),,STRAIGHT AND LEVEL,DRY,NO DEFECTS,,NO INJURY / DRIVE AWAY,,,Y,"$501 - $1,500",12/22/2019 23:50,UNABLE TO DETERMINE,NOT APPLICABLE,800,E,87TH ST,632,,,,,,,2,NO INDICATION OF INJURY,0,0,0,0,0,2,0,23,1,12,41.73675996,-87.60476457,POINT (-87.604764567582 41.736759957791)
aa1f1aa138fd0d946518dde6258dcb2abcdfb07acdb2d0ad4bf36b951bb978bdfd11992cf4994406e184b088d834b8e0cb6b3cb4c7e6e4eaa5b89d5908fd289d,JF160485,,3/2/2022 2:45,30,NO CONTROLS,NO CONTROLS,CLEAR,"DARKNESS, LIGHTED ROAD",PARKED MOTOR VEHICLE,NOT DIVIDED,,STRAIGHT AND LEVEL,DRY,NO DEFECTS,ON SCENE,INJURY AND / OR TOW DUE TO CRASH,,,Y,"OVER $1,500",3/2/2022 2:50,UNABLE TO DETERMINE,UNABLE TO DETERMINE,6319,N,MILWAUKEE AVE,1611,,,,,,,2,NO INDICATION OF INJURY,0,0,0,0,0,1,0,2,4,3,41.99569342,-87.78613002,POINT (-87.786130021508 41.995693419195)
aa08ed1351b3741b9121d1af5d14c89abb946fef4cf7fe4da57b1a2e6b3721a23f45e234777d624d6a18df18308178b903141afbb022e2dc5252e06600735653,JE217306,,5/2/2021 16:00,25,STOP SIGN/FLASHER,FUNCTIONING PROPERLY,CLEAR,DAYLIGHT,REAR END,NOT DIVIDED,,STRAIGHT AND LEVEL,DRY,NO DEFECTS,,INJURY AND / OR TOW DUE TO CRASH,Y,,,"$501 - $1,500",5/2/2021 16:30,UNABLE TO DETERMINE,UNABLE TO DETERMINE,6399,N,WESTERN AVE,2413,,,,,,,2,NONINCAPACITATING INJURY,1,0,0,1,0,2,0,16,1,5,41.99764156,-87.68973289,POINT (-87.689732887783 41.997641558143)
aaa4b2d55c8f79a64d107dfa67be25bb17eaec89f6dcdc0762cddf542c24386943959e76d35bd25e71b62afe892414c4a372553cd8a665eea05f5cf6613fa520,JD427835,,11/11/2020 1:48,30,NO CONTROLS,NO CONTROLS,CLEAR,"DARKNESS, LIGHTED ROAD",FIXED OBJECT,DIVIDED - W/MEDIAN (NOT RAISED),,"CURVE, LEVEL",DRY,NO DEFECTS,,INJURY AND / OR TOW DUE TO CRASH,,,,"OVER $1,500",11/11/2020 1:49,UNABLE TO DETERMINE,NOT APPLICABLE,5983,W,JACKSON BLVD,1513,,,,,,,1,INCAPACITATING INJURY,1,0,1,0,0,0,0,1,4,11,41.87637407,-87.77393008,POINT (-87.773930082419 41.876374071208)
bff177f66742e50d284b686f31a2565c355929e97ed9e4afb2314c95e1843d960266ae95b5c88de4a6cba6fd2e54d94da44d1149e30c8779e1d67d1664b4bf45,JD247317,,5/30/2020 8:00,30,NO CONTROLS,NO CONTROLS,CLEAR,DAYLIGHT,SIDESWIPE SAME DIRECTION,NOT DIVIDED,,STRAIGHT AND LEVEL,DRY,NO DEFECTS,,INJURY AND / OR TOW DUE TO CRASH,,,,"OVER $1,500",5/30/2020 8:20,UNABLE TO DETERMINE,NOT APPLICABLE,2502,W,FULLERTON AVE,1431,,,,,,,2,"REPORTED, NOT EVIDENT",1,0,0,0,1,1,0,8,7,5,41.92498576,-87.6902314,POINT (-87.69023139714 41.924985760747)
0438fefb674a667c21d92f8d0467baeff772f79c2f012d65876cc79c6c90c1ca763480a89ed66fb9731f58062258e8d57bbee9a66c8e6734ab7b5d4d62585a66,,Y,4/6/2022 12:30,30,TRAFFIC SIGNAL,FUNCTIONING PROPERLY,CLEAR,DAYLIGHT,REAR END,NOT DIVIDED,,STRAIGHT AND LEVEL,DRY,NO DEFECTS,ON SCENE,NO INJURY / DRIVE AWAY,,,Y,"OVER $1,500",4/6/2022 12:31,FAILING TO REDUCE SPEED TO AVOID CRASH,FAILING TO REDUCE SPEED TO AVOID CRASH,4660,N,ELSTON AVE,1722,,,,,,,2,NO INDICATION OF INJURY,0,0,0,0,0,2,0,12,4,4,41.9656683,-87.73680646,POINT (-87.736806461867 41.965668295843)
aab4d7f255b1fe22ad0fa8e586c0a0a1d887392bd6acafb80fa929f7f6fc76ae0eb602981de1f1abadcc21f3cc84b367009754bd43b28e91d986788d9caff728,JE291304,,7/5/2021 6:10,30,TRAFFIC SIGNAL,UNKNOWN,CLEAR,DAYLIGHT,TURNING,T-INTERSECTION,,STRAIGHT AND LEVEL,DRY,UNKNOWN,,NO INJURY / DRIVE AWAY,Y,,,"OVER $1,500",7/5/2021 19:20,IMPROPER TURNING/NO SIGNAL,IMPROPER LANE USAGE,500,E,ILLINOIS ST,1834,,,,,,,2,NO INDICATION OF INJURY,0,0,0,0,0,3,0,6,2,7,41.89120784,-87.6151303,POINT (-87.615130302871 41.891207840971)
ab2945fb8afd6407377e5ef707074eecc942c258699e97c7bd55341c19767ec60f5925772d231711bdddc8d5bfcdbb45236359e258856eda526a8c9b91b44283,JF175623,,3/16/2022 10:00,30,NO CONTROLS,NO CONTROLS,CLEAR,DAYLIGHT,SIDESWIPE SAME DIRECTION,DIVIDED - W/MEDIAN BARRIER,,STRAIGHT AND LEVEL,DRY,NO DEFECTS,ON SCENE,NO INJURY / DRIVE AWAY,,,,"$501 - $1,500",3/16/2022 10:05,FAILING TO YIELD RIGHT-OF-WAY,NOT APPLICABLE,2637,N,ASHLAND AVE,1932,,,,,,,3,NO INDICATION OF INJURY,0,0,0,0,0,5,0,10,4,3,41.92982489,-87.66816122,POINT (-87.668161220985 41.929824886661)
abd95d2dc1cdc2bb752a0f2dc52978ab3a044e623ed7d52452a8a4f9b2fda20cb7fcf36a94f570fb806b6d45a920234d90d04aa5af1c55b654e7ec3c5291733f,JF164192,,3/2/2022 11:00,30,NO CONTROLS,NO CONTROLS,UNKNOWN,UNKNOWN,PARKED MOTOR VEHICLE,ONE-WAY,,STRAIGHT AND LEVEL,UNKNOWN,UNKNOWN,ON SCENE,NO INJURY / DRIVE AWAY,,,Y,"OVER $1,500",3/5/2022 13:30,UNABLE TO DETERMINE,NOT APPLICABLE,7909,S,LANGLEY AVE,624,,,,,,,2,NO INDICATION OF INJURY,0,0,0,0,0,1,0,11,4,3,41.75092737,-87.60750343,POINT (-87.607503429827 41.750927367336)
9f2f7e098069f0f3eb176f44772c36978f8ed8a1ab227909c72e822b675a7efc597937ec385a50363cec4bb0b2b6246c09841a40199cc1c03526aed90e0ada36,JF153628,,2/23/2022 13:30,30,NO CONTROLS,NO CONTROLS,CLEAR,DAYLIGHT,TURNING,DIVIDED - W/MEDIAN (NOT RAISED),,STRAIGHT AND LEVEL,DRY,NO DEFECTS,ON SCENE,INJURY AND / OR TOW DUE TO CRASH,,,,"OVER $1,500",2/23/2022 13:35,IMPROPER TURNING/NO SIGNAL,IMPROPER LANE USAGE,600,W,CERMAK RD,1235,,,,,,,2,NONINCAPACITATING INJURY,1,0,0,1,0,1,0,13,4,2,41.85280953,-87.64189093,POINT (-87.641890932045 41.852809530581)
9fa6fe5220a150fdbbf948df28723ba31ca6e9e3a1afbd19ec9109687b4aeb1e49405527be8bf34d0901edb47bf7784bd88d9c1dd071a43f86a70d99a2f505ea,JF146420,N,2/16/2022 13:30,30,TRAFFIC SIGNAL,FUNCTIONING PROPERLY,RAIN,DAYLIGHT,SIDESWIPE SAME DIRECTION,NOT DIVIDED,,STRAIGHT AND LEVEL,WET,UNKNOWN,ON SCENE,NO INJURY / DRIVE AWAY,Y,,,"$501 - $1,500",2/16/2022 13:39,UNABLE TO DETERMINE,UNABLE TO DETERMINE,2,N,CICERO AVE,1533,,,,,,,2,NO INDICATION OF INJURY,0,0,0,0,0,2,0,13,4,2,41.88056088,-87.74542684,POINT (-87.745426843318 41.880560880395)
9fd28d031eac3a6af6197126d4c4541b91174d2e6d6612e6f182fc69353392c374cf918f56aa699646b91a6be8b09ed1328599faf04421d91083498a7840c824,JF153375,,2/23/2022 10:30,30,NO CONTROLS,NO CONTROLS,CLEAR,DAYLIGHT,TURNING,NOT DIVIDED,,STRAIGHT AND LEVEL,DRY,NO DEFECTS,NOT ON SCENE (DESK REPORT),NO INJURY / DRIVE AWAY,,,,"$501 - $1,500",2/23/2022 10:30,UNABLE TO DETERMINE,UNABLE TO DETERMINE,760,W,TAYLOR ST,1232,,,,,,,2,NO INDICATION OF INJURY,0,0,0,0,0,2,0,10,4,2,41.86974903,-87.64625638,POINT (-87.646256378235 41.869749033511)
9f6c7ff7628e495eb0a1c43b0822d0e955d08005fb2e5b771e950a7e2327c433f3c00dbe5bebdef58c0dee2d3b1cf5d949431f7fc876bf6d927b0780741f8a41,JD114854,,1/14/2020 1:03,30,TRAFFIC SIGNAL,FUNCTIONING PROPERLY,CLEAR,"DARKNESS, LIGHTED ROAD",ANGLE,NOT DIVIDED,,STRAIGHT AND LEVEL,DRY,NO DEFECTS,,NO INJURY / DRIVE AWAY,Y,,,"OVER $1,500",1/14/2020 1:48,DISREGARDING TRAFFIC SIGNALS,NOT APPLICABLE,1,E,ADAMS ST,113,,,,,,,2,NO INDICATION OF INJURY,0,0,0,0,0,3,0,1,3,1,41.87938225,-87.62764014,POINT (-87.627640139839 41.879382254052)
ac29087b44c27cb7e715c25160a4dd7246462eacecd14d0ebceaa0cf56a8572e38c7a23104ff3b03a8738d00d094d9cea5c84d281d620ee20c73343133eb5d72,JE263825,,6/12/2021 22:15,30,TRAFFIC SIGNAL,FUNCTIONING PROPERLY,CLEAR,"DARKNESS, LIGHTED ROAD",REAR END,DIVIDED - W/MEDIAN (NOT RAISED),,STRAIGHT AND LEVEL,DRY,NO DEFECTS,,NO INJURY / DRIVE AWAY,Y,,,"OVER $1,500",6/12/2021 22:20,FOLLOWING TOO CLOSELY,NOT APPLICABLE,524,N,STATE ST,1831,,,,,,,2,NO INDICATION OF INJURY,0,0,0,0,0,2,0,22,7,6,41.89163106,-87.62821585,POINT (-87.628215845305 41.891631055727)
c29b71251eb9b06cb01ed5a60b83af9de891a75376986aeac1d5e5f5b5cd2581b6e8c881ba4eac4543ba1593ce4f032b35d71e1af7c26ca6b31045b007dcecf7,JC418284,,8/29/2019 18:40,30,STOP SIGN/FLASHER,FUNCTIONING PROPERLY,CLEAR,DAYLIGHT,PEDESTRIAN,NOT DIVIDED,,STRAIGHT AND LEVEL,DRY,NO DEFECTS,,NO INJURY / DRIVE AWAY,N,,,"OVER $1,500",9/3/2019 11:51,"DISTRACTION - OTHER ELECTRONIC DEVICE (NAVIGATION DEVICE, DVD PLAYER, ETC.)",NOT APPLICABLE,399,N,JEFFERSON ST,1214,,,,,,,2,NO INDICATION OF INJURY,0,0,0,0,0,2,0,18,5,8,41.88900814,-87.64272724,POINT (-87.642727236115 41.889008134586)
ad97ecaef99c3bc8aca057865a065892b4886c28e4a67abcc964a8225948e568f720a13088843932bb9537267c9b57dac603cf0083e4e17556a8be14c11c9b37,JF160676,,3/2/2022 9:30,30,NO CONTROLS,NO CONTROLS,CLEAR,DAYLIGHT,PARKED MOTOR VEHICLE,DIVIDED - W/MEDIAN (NOT RAISED),,STRAIGHT AND LEVEL,DRY,NO DEFECTS,ON SCENE,INJURY AND / OR TOW DUE TO CRASH,,,,"OVER $1,500",3/2/2022 9:32,FAILING TO YIELD RIGHT-OF-WAY,NOT APPLICABLE,7848,S,COTTAGE GROVE AVE,624,,,,,,,2,NO INDICATION OF INJURY,0,0,0,0,0,1,0,9,4,3,41.7516579,-87.60536201,POINT (-87.605362007712 41.751657898722)
ad9425a7f3f433285f2528cf3bc5501ef4e86eba4ff8dbdce4bce40757ac73e09431be424abc03c35fe2fd585e5409e51172fdd9985adbc146267ad3c604b5bf,JF175848,,3/16/2022 9:00,30,NO CONTROLS,NO CONTROLS,CLEAR,DAYLIGHT,PARKED MOTOR VEHICLE,ONE-WAY,,STRAIGHT AND LEVEL,DRY,NO DEFECTS,NOT ON SCENE (DESK REPORT),NO INJURY / DRIVE AWAY,,,Y,"OVER $1,500",3/16/2022 13:35,"OPERATING VEHICLE IN ERRATIC, RECKLESS, CARELESS, NEGLIGENT OR AGGRESSIVE MANNER",NOT APPLICABLE,7401,S,EXCHANGE AVE,334,,,,,,,2,NO INDICATION OF INJURY,0,0,0,0,0,1,0,9,4,3,41.76093529,-87.56152886,POINT (-87.561528859575 41.760935288944)
b7feeb918b4f2fcc3af33c22621da46c5918577cebb1144ad8e3c73c105a0f349a216af6847859e8b1e0c420e190f04f40e26d42073b0a6315a1adbe607da528,JF183224,,3/22/2022 19:24,30,NO CONTROLS,NO CONTROLS,RAIN,DUSK,SIDESWIPE SAME DIRECTION,NOT DIVIDED,,STRAIGHT AND LEVEL,WET,NO DEFECTS,ON SCENE,NO INJURY / DRIVE AWAY,,,,"OVER $1,500",3/22/2022 20:13,UNABLE TO DETERMINE,UNABLE TO DETERMINE,5419,S,CORNELL AVE,234,,,,,,,2,NO INDICATION OF INJURY,0,0,0,0,0,3,0,19,3,3,41.79756114,-87.58532043,POINT (-87.585320428659 41.797561136696)
a11d02bddede59452849a2e74da2d8ae70426353242ebff846abe77b95ae882ca467ff999f9f40df069786e3697158479d502d1ca6a3520953ba0f5bfc3d66eb,JF153992,,2/23/2022 18:15,30,TRAFFIC SIGNAL,FUNCTIONING PROPERLY,CLEAR,"DARKNESS, LIGHTED ROAD",TURNING,ONE-WAY,,"CURVE, LEVEL",DRY,NO DEFECTS,NOT ON SCENE (DESK REPORT),NO INJURY / DRIVE AWAY,Y,,,"OVER $1,500",2/23/2022 19:30,IMPROPER OVERTAKING/PASSING,NOT APPLICABLE,580,E,ILLINOIS ST,1834,,,,,,,2,NO INDICATION OF INJURY,0,0,0,0,0,2,0,18,4,2,41.89125054,-87.61168123,POINT (-87.611681225862 41.891250543746)
a27593eca10d981cb31ece2db589eece4851976f5c9f4a0246d52685e3633de68f192846d60517c9374bcab8685c3059279f2d35ea9f3dcb1c1532e2198c0586,JF146500,,2/16/2022 14:57,30,STOP SIGN/FLASHER,FUNCTIONING PROPERLY,CLOUDY/OVERCAST,DAYLIGHT,TURNING,NOT DIVIDED,,STRAIGHT AND LEVEL,DRY,NO DEFECTS,NOT ON SCENE (DESK REPORT),NO INJURY / DRIVE AWAY,Y,,,"OVER $1,500",2/16/2022 16:00,UNABLE TO DETERMINE,NOT APPLICABLE,2930,N,CLARK ST,1934,,,,,,,2,NO INDICATION OF INJURY,0,0,0,0,0,3,0,14,4,2,41.9356039,-87.64732947,POINT (-87.647329465104 41.935603896729)
b048b8a38fb9e9fdb21f789054f1af86528b95ae5e5f22afa71beae455c88aea7947372520bbcadaa7f874858d0a9a87c01ade7d1ccffefb555ba8ec95dd14c9,JF176520,,3/16/2022 23:20,30,NO CONTROLS,NO CONTROLS,CLEAR,DARKNESS,REAR END,NOT DIVIDED,,STRAIGHT AND LEVEL,DRY,NO DEFECTS,NOT ON SCENE (DESK REPORT),NO INJURY / DRIVE AWAY,,,Y,"OVER $1,500",3/17/2022 0:45,FOLLOWING TOO CLOSELY,FOLLOWING TOO CLOSELY,12600,S,TORRENCE AVE,433,,,,,,,2,NO INDICATION OF INJURY,0,0,0,0,0,2,0,23,4,3,41.66611299,-87.55900308,POINT (-87.559003080261 41.666112991211)
b05a5b97721ea67d8814ac235dce9575d32c4f11f9a48c40c0aebd4210dffc8f056d1e3a1b9cc060e77b0470d9acecc7d8cccc63c763e65573d310db3d6cde7c,JF175714,,3/16/2022 11:20,25,TRAFFIC SIGNAL,FUNCTIONING PROPERLY,CLEAR,DAYLIGHT,ANGLE,FOUR WAY,,STRAIGHT AND LEVEL,DRY,NO DEFECTS,ON SCENE,INJURY AND / OR TOW DUE TO CRASH,Y,,,"OVER $1,500",3/16/2022 11:20,DISREGARDING TRAFFIC SIGNALS,NOT APPLICABLE,11230,S,HAMLET AVE,2234,,,,,,,2,"REPORTED, NOT EVIDENT",1,0,0,0,1,1,0,11,4,3,41.68937445,-87.66090913,POINT (-87.660909125179 41.689374453403)
a2b949cd8ae55b896bbc9711312100da33c5e3a209b5238edb87bac4ca7d8d157dc487d8e25974ac762b5a085f403b03f6551503f13fe6ce663df7a8dcd01528,JF147191,Y,2/16/2022 2:00,30,NO CONTROLS,NO CONTROLS,CLEAR,"DARKNESS, LIGHTED ROAD",PARKED MOTOR VEHICLE,NOT DIVIDED,,STRAIGHT AND LEVEL,DRY,NO DEFECTS,NOT ON SCENE (DESK REPORT),NO INJURY / DRIVE AWAY,,,Y,"$501 - $1,500",2/17/2022 9:30,IMPROPER LANE USAGE,IMPROPER LANE USAGE,171,N,ABERDEEN ST,1224,,,,,,,2,NO INDICATION OF INJURY,0,0,0,0,0,1,0,2,4,2,41.88514499,-87.65431537,POINT (-87.654315367173 41.885144989352)
a25b8b95daf9119a33456c66a310ff4396865b705bee6eac2720ba1def9764f197c5b40bbddd2cd79cec7d3f7852d3b632f48c4b532957b7d045f372cfa9d2b0,JF154155,,2/23/2022 21:30,30,UNKNOWN,UNKNOWN,SNOW,DUSK,PARKED MOTOR VEHICLE,NOT DIVIDED,,STRAIGHT AND LEVEL,WET,UNKNOWN,NOT ON SCENE (DESK REPORT),NO INJURY / DRIVE AWAY,N,,Y,"$501 - $1,500",2/23/2022 23:30,UNABLE TO DETERMINE,NOT APPLICABLE,1510,W,18TH ST,1233,,,,,,,2,NO INDICATION OF INJURY,0,0,0,0,0,1,0,21,4,2,41.85793794,-87.66425364,POINT (-87.664253639424 41.857937938254)