CRASH_RECORD_ID,RD_NO,CRASH_DATE_EST_I,CRASH_DATE,POSTED_SPEED_LIMIT,TRAFFIC_CONTROL_DEVICE,DEVICE_CONDITION,WEATHER_CONDITION,LIGHTING_CONDITION,FIRST_CRASH_TYPE,TRAFFICWAY_TYPE,LANE_CNT,ALIGNMENT,ROADWAY_SURFACE_COND,ROAD_DEFECT,REPORT_TYPE,CRASH_TYPE,INTERSECTION_RELATED_I,NOT_RIGHT_OF_WAY_I,HIT_AND_RUN_I,DAMAGE,DATE_POLICE_NOTIFIED,PRIM_CONTRIBUTORY_CAUSE,SEC_CONTRIBUTORY_CAUSE,STREET_NO,STREET_DIRECTION,STREET_NAME,BEAT_OF_OCCURRENCE,PHOTOS_TAKEN_I,STATEMENTS_TAKEN_I,DOORING_I,WORK_ZONE_I,WORK_ZONE_TYPE,WORKERS_PRESENT_I,NUM_UNITS,MOST_SEVERE_INJURY,INJURIES_TOTAL,INJURIES_FATAL,INJURIES_INCAPACITATING,INJURIES_NON_INCAPACITATING,INJURIES_REPORTED_NOT_EVIDENT,INJURIES_NO_INDICATION,INJURIES_UNKNOWN,CRASH_HOUR,CRASH_DAY_OF_WEEK,CRASH_MONTH,LATITUDE,LONGITUDE,LOCATION
a2e9a6a6334f3bcf6a81c72294a14d7a9607804dde1d89e746bfaa7dc17c7ed6d7b47703cf3b56d549bd99d37058c86be5736386550c6ab9f80e1104a3382a64,JF153975,,2/23/2022 18:31,30,STOP SIGN/FLASHER,FUNCTIONING PROPERLY,CLEAR,"DARKNESS, LIGHTED ROAD",ANGLE,DIVIDED - W/MEDIAN (NOT RAISED),,STRAIGHT AND LEVEL,DRY,NO DEFECTS,ON SCENE,INJURY AND / OR TOW DUE TO CRASH,Y,,,"OVER $1,500",2/23/2022 18:40,FAILING TO YIELD RIGHT-OF-WAY,UNABLE TO DETERMINE,4499,N,CLARK ST,1913,,,,,,,2,NO INDICATION OF INJURY,0,0,0,0,0,2,0,18,4,2,41.96337659,-87.66618302,POINT (-87.666183022589 41.963376585975)
a437f8938aaf6449dfa4e8b18cca5220caa664e26478a3ecd96439d457a50ca5d341b39516a28fbfaf0687e1c53f93100a06e2c008947a180e9ed30c85386c60,JF146731,,2/16/2022 18:30,30,TRAFFIC SIGNAL,FUNCTIONING PROPERLY,UNKNOWN,UNKNOWN,TURNING,NOT DIVIDED,,STRAIGHT AND LEVEL,UNKNOWN,UNKNOWN,NOT ON SCENE (DESK REPORT),NO INJURY / DRIVE AWAY,Y,,,"OVER $1,500",2/16/2022 19:00,UNABLE TO DETERMINE,UNABLE TO DETERMINE,6401,N,CLARK ST,2432,,,,,,,2,NO INDICATION OF INJURY,0,0,0,0,0,2,0,18,4,2,41.99814572,-87.67046302,POINT (-87.670463023676 41.998145724489)
a3f22944fd5003f621ae1686bc40fc96de73b7401d1a410384d1c7988ce0abbaa3b47f82cc157dcf5f32d6e562bd89719d0fe73c2b2a2bcb6a41c93c266de6f1,JD389697,,10/5/2020 14:30,30,UNKNOWN,UNKNOWN,CLEAR,DAYLIGHT,SIDESWIPE SAME DIRECTION,UNKNOWN,,STRAIGHT AND LEVEL,DRY,NO DEFECTS,,NO INJURY / DRIVE AWAY,,,Y,"OVER $1,500",10/5/2020 17:00,UNABLE TO DETERMINE,UNABLE TO DETERMINE,999,W,37TH ST,915,,,,,,,2,NO INDICATION OF INJURY,0,0,0,0,0,2,0,14,2,10,41.82746501,-87.65085228,POINT (-87.650852281873 41.827465004969)
b057e687fb137d402b72411ed1728d093f87e229f62a91e8b11b8cbf63b4be33f7df4f03cbcade60a1f660f2bba9df9220dc334c7749535d3e084a5353e73d7f,JC339411,,7/8/2019 3:46,30,TRAFFIC SIGNAL,FUNCTIONING PROPERLY,CLEAR,"DARKNESS, LIGHTED ROAD",ANGLE,FOUR WAY,,STRAIGHT AND LEVEL,DRY,NO DEFECTS,,INJURY AND / OR TOW DUE TO CRASH,Y,,,"OVER $1,500",7/8/2019 3:47,DISREGARDING TRAFFIC SIGNALS,UNABLE TO DETERMINE,1558,N,ASHLAND AVE,1433,N,Y,,,,,3,INCAPACITATING INJURY,3,0,2,1,0,0,0,3,2,7,41.91059004,-87.66783759,POINT (-87.667837591828 41.910590042189)
c68906441b8e93fa666d8a8f7e5cc61ff49d041e0dfb11d9d96e5ba4ec1da4f16ab7e29da3e67b96b4501dc9dcd9211ff023ce0f4f2ab26d9cb26f97b18b026d,JD341074,,8/22/2020 9:00,30,STOP SIGN/FLASHER,FUNCTIONING PROPERLY,CLEAR,DAYLIGHT,TURNING,DIVIDED - W/MEDIAN (NOT RAISED),,STRAIGHT AND LEVEL,DRY,NO DEFECTS,,NO INJURY / DRIVE AWAY,Y,,,"OVER $1,500",8/22/2020 9:08,FAILING TO YIELD RIGHT-OF-WAY,NOT APPLICABLE,3460,W,CERMAK RD,1024,,,,,,,2,NO INDICATION OF INJURY,0,0,0,0,0,2,0,9,7,8,41.85184175,-87.71232736,POINT (-87.712327363187 41.851841751966)
c69b1d4f08ca43a76aa3d9aa853093f4fa65c52a1244cbcf00e37b3999001590dfaf83088ab37400b5256948e462a238a4f53d8a21f22d3b42a4ab6d08993091,JF168362,,3/9/2022 14:32,30,TRAFFIC SIGNAL,FUNCTIONING PROPERLY,CLEAR,DAYLIGHT,REAR END,FOUR WAY,,STRAIGHT AND LEVEL,DRY,NO DEFECTS,ON SCENE,INJURY AND / OR TOW DUE TO CRASH,Y,,Y,"OVER $1,500",3/9/2022 15:05,FOLLOWING TOO CLOSELY,UNABLE TO DETERMINE,1099,N,PULASKI RD,1112,,Y,,,,,3,"REPORTED, NOT EVIDENT",1,0,0,0,1,4,0,14,4,3,41.90075792,-87.72609944,POINT (-87.726099437523 41.900757919215)
b10a5a24871bd6a8917a484f11ec2755602cb4929729f374eb22b2cd8397d15205294292cfddc8e73b5d2625dbeaa45e9e9e4aed62320fd95352385dc30353e1,JF160827,,3/2/2022 11:37,30,UNKNOWN,UNKNOWN,CLEAR,DAYLIGHT,REAR END,NOT DIVIDED,,STRAIGHT AND LEVEL,DRY,NO DEFECTS,ON SCENE,INJURY AND / OR TOW DUE TO CRASH,,,,"OVER $1,500",3/2/2022 11:47,UNABLE TO DETERMINE,UNABLE TO DETERMINE,4159,W,NORTH AVE,2534,,,,,,,2,NO INDICATION OF INJURY,0,0,0,0,0,2,0,11,4,3,41.90970892,-87.73131272,POINT (-87.731312722027 41.909708921922)
a479c9dbe3bdff6aa4564eb14c302081317f4ebc533d58514a81910cc22fc419c78bd8243b8843aca07848f0e35c5cadf16351fcfd6c3bf19daf092cd7d50871,JF153284,,2/23/2022 8:23,30,NO CONTROLS,NO CONTROLS,CLEAR,DAYLIGHT,REAR END,ONE-WAY,,STRAIGHT AND LEVEL,DRY,UNKNOWN,NOT ON SCENE (DESK REPORT),NO INJURY / DRIVE AWAY,,,Y,"$501 - $1,500",2/23/2022 9:00,UNABLE TO DETERMINE,NOT APPLICABLE,2458,S,SACRAMENTO AVE,1033,,,,,,,2,NO INDICATION OF INJURY,0,0,0,0,0,4,0,8,4,2,41.84648339,-87.70034533,POINT (-87.700345333019 41.84648338501)
ba8b0c7d09c353f6a6e7a5cb37abeba182ab0078c15c36a67cd2945c9dad946e6c872d876ac892087099f33e5a00bc66a5ba739022810276f657af0aae6e00e3,JF183230,,3/22/2022 21:05,35,TRAFFIC SIGNAL,FUNCTIONING PROPERLY,CLEAR,"DARKNESS, LIGHTED ROAD",TURNING,T-INTERSECTION,,STRAIGHT AND LEVEL,DRY,NO DEFECTS,ON SCENE,NO INJURY / DRIVE AWAY,Y,,Y,$500 OR LESS,3/22/2022 21:05,IMPROPER TURNING/NO SIGNAL,NOT APPLICABLE,6500,N,MANNHEIM RD,1654,,,,,,,2,NO INDICATION OF INJURY,0,0,0,0,0,2,0,21,3,3,,,
b2620849981f1b078f71924df254663a8214fff7f5a209e4b3c849581899fa84c3354133a6df363c83dd31fa8a7f633c8dee78a6b77934e4c02877e603ea604a,JF175951,,3/16/2022 13:20,30,NO CONTROLS,NO CONTROLS,CLEAR,DAYLIGHT,FIXED OBJECT,DIVIDED - W/MEDIAN BARRIER,,STRAIGHT AND LEVEL,DRY,NO DEFECTS,ON SCENE,INJURY AND / OR TOW DUE TO CRASH,,,,"OVER $1,500",3/16/2022 13:22,FAILING TO REDUCE SPEED TO AVOID CRASH,NOT APPLICABLE,400,W,ROOT ST,925,,,,,,,1,NO INDICATION OF INJURY,0,0,0,0,0,1,0,13,4,3,41.81916247,-87.63615525,POINT (-87.636155251302 41.819162466403)
a53b47c9dc73b7d4d0c10fc603783d886f2d92ef7ff09cc25aed95a6615cf25db12a7a5e5f4862334bb1ed04fffbeb1d79a6385cf69c51a10800f2581b9d7846,JF149626,,2/16/2022 11:00,30,NO CONTROLS,NO CONTROLS,CLEAR,DAYLIGHT,PARKED MOTOR VEHICLE,ONE-WAY,,STRAIGHT AND LEVEL,SNOW OR SLUSH,NO DEFECTS,NOT ON SCENE (DESK REPORT),NO INJURY / DRIVE AWAY,,,Y,"OVER $1,500",2/19/2022 15:10,UNABLE TO DETERMINE,UNABLE TO DETERMINE,124,E,42ND ST,213,,,,,,,2,NO INDICATION OF INJURY,0,0,0,0,0,1,0,11,4,2,41.81846907,-87.6219056,POINT (-87.621905597953 41.818469071294)
bb2ea47001daa8f90fbe10178c000629f7ad94d07f1a5e84722e29cd59ba83550674ebf79db7b55490896cda428ee2886378ba3e4ca3538d76c450f6a1fbfe73,JF182409,,3/22/2022 8:50,30,NO PASSING,FUNCTIONING PROPERLY,RAIN,DAYLIGHT,PARKED MOTOR VEHICLE,ONE-WAY,,STRAIGHT AND LEVEL,WET,NO DEFECTS,NOT ON SCENE (DESK REPORT),NO INJURY / DRIVE AWAY,,,,"$501 - $1,500",3/22/2022 10:00,IMPROPER BACKING,NOT APPLICABLE,90,E,RANDOLPH ST,111,,,,,,,2,NO INDICATION OF INJURY,0,0,0,0,0,1,0,8,3,3,41.88460914,-87.62470538,POINT (-87.62470537879 41.884609141954)
a591ffc4bdb4c9130548038a68f522bb20c4be1a0037d170f50dc0f7091956307afff4b64d6c88aed78e6e1709f4cd6fa6fee9b193b3a95304384b3873a2da29,JF146466,,2/16/2022 8:00,30,NO CONTROLS,UNKNOWN,UNKNOWN,UNKNOWN,PARKED MOTOR VEHICLE,ONE-WAY,,STRAIGHT AND LEVEL,UNKNOWN,UNKNOWN,NOT ON SCENE (DESK REPORT),NO INJURY / DRIVE AWAY,,,Y,"OVER $1,500",2/16/2022 13:50,UNABLE TO DETERMINE,NOT APPLICABLE,4752,S,INDIANA AVE,224,,,,,,,2,NO INDICATION OF INJURY,0,0,0,0,0,1,0,8,4,2,41.80774944,-87.6213194,POINT (-87.6213194001 41.807749442392)
bceb4dde4c710cb3d46651e20ae415310ed100abe5e17c6d26ae5de318809569e098023a048f78db9fa5d91256b827e4813ee6090cd07a7216c73bbeef39a21b,JF183029,,3/22/2022 17:17,30,NO CONTROLS,NO CONTROLS,RAIN,DAWN,SIDESWIPE SAME DIRECTION,ONE-WAY,,STRAIGHT AND LEVEL,WET,NO DEFECTS,ON SCENE,NO INJURY / DRIVE AWAY,,,,"OVER $1,500",3/22/2022 17:22,UNABLE TO DETERMINE,UNABLE TO DETERMINE,321,S,DEARBORN ST,113,,,,,,,2,NO INDICATION OF INJURY,0,0,0,0,0,2,0,17,3,3,41.87764956,-87.62913628,POINT (-87.629136275256 41.877649558367)
a666783ef3016129618a81c498015767a7a7871e5f55034d5f0d9155922ec3d9f29e00b05f00a36a15915ced8dc8a0b4e1f01fe0c71744f67971cf43730c4a43,JF154012,,2/23/2022 16:00,30,NO CONTROLS,NO CONTROLS,CLEAR,DAYLIGHT,SIDESWIPE SAME DIRECTION,NOT DIVIDED,,STRAIGHT AND LEVEL,DRY,NO DEFECTS,NOT ON SCENE (DESK REPORT),NO INJURY / DRIVE AWAY,,,,"OVER $1,500",2/23/2022 19:15,DRIVING SKILLS/KNOWLEDGE/EXPERIENCE,NOT APPLICABLE,3400,S,ARCHER AVE,912,,,,,,,2,NO INDICATION OF INJURY,0,0,0,0,0,2,0,16,4,2,41.83223358,-87.67487117,POINT (-87.674871164632 41.832233575624)
a69141825434e3a9ddfdece7b07ffe8bc3c61d86dd38fd15d344e3fcafa2e30bc7795cf1b35a1e6a22c9a62b3821a08da6c9050038212d23768f2ceb9bfd4a08,JF153263,,2/23/2022 7:55,30,TRAFFIC SIGNAL,FUNCTIONING PROPERLY,CLEAR,DAYLIGHT,SIDESWIPE SAME DIRECTION,DIVIDED - W/MEDIAN (NOT RAISED),,STRAIGHT AND LEVEL,DRY,NO DEFECTS,NOT ON SCENE (DESK REPORT),NO INJURY / DRIVE AWAY,,,,"OVER $1,500",2/23/2022 8:40,UNABLE TO DETERMINE,UNABLE TO DETERMINE,3850,S,KEDZIE AVE,911,,,,,,,2,NO INDICATION OF INJURY,0,0,0,0,0,3,0,7,4,2,41.82283487,-87.70455153,POINT (-87.704551526163 41.822834866274)
a629b4a00441c9b6beffb617f98de793c1183e9f8a2d3be3edb776e0665ce4a2200933dd33293122b888670032fcd6f4113ba99dbe81208c5672545c73c38350,JE356989,,8/31/2021 14:15,30,TRAFFIC SIGNAL,FUNCTIONING PROPERLY,CLEAR,DAYLIGHT,SIDESWIPE SAME DIRECTION,NOT DIVIDED,,STRAIGHT AND LEVEL,DRY,NO DEFECTS,,NO INJURY / DRIVE AWAY,,,,"$501 - $1,500",8/31/2021 17:30,IMPROPER OVERTAKING/PASSING,UNABLE TO DETERMINE,10909,S,WESTERN AVE,2212,,,,,,,2,NO INDICATION OF INJURY,0,0,0,0,0,2,0,14,3,8,41.69511298,-87.68111545,POINT (-87.68111544788 41.695112981253)
a63e5dc793f929704843fd9cfe2e296cc90f481e9f5ef22ef0b99a07b42d5b52c240e6c9f4451e655d058b77afc86f9746873689da7d7b9cfb9750b318ae068e,JE199525,Y,4/14/2021 17:00,0,NO CONTROLS,NO CONTROLS,CLOUDY/OVERCAST,DAYLIGHT,PEDESTRIAN,PARKING LOT,,STRAIGHT AND LEVEL,DRY,UNKNOWN,,INJURY AND / OR TOW DUE TO CRASH,,,Y,$500 OR LESS,4/14/2021 17:46,DRIVING SKILLS/KNOWLEDGE/EXPERIENCE,UNABLE TO DETERMINE,3000,W,NORTH AVE,1421,,,,,,,2,NONINCAPACITATING INJURY,1,0,0,1,0,1,0,17,4,4,41.91028226,-87.70227396,POINT (-87.70227395792 41.910282254788)
c9c9f12fa698a836c09a8b00f294038969a517e901690a4adf4e3138e0c7905cb7c73b9a5dfba8031b1b36e6b2de10832b5e690418c7442018cc1e89136057e3,JF168476,,3/9/2022 16:40,30,NO CONTROLS,NO CONTROLS,CLEAR,DAYLIGHT,ANGLE,NOT DIVIDED,,STRAIGHT AND LEVEL,DRY,UNKNOWN,ON SCENE,NO INJURY / DRIVE AWAY,Y,,,"OVER $1,500",3/9/2022 16:45,FAILING TO YIELD RIGHT-OF-WAY,NOT APPLICABLE,800,N,SPRINGFIELD AVE,1112,,,,,,,2,NO INDICATION OF INJURY,0,0,0,0,0,3,0,16,4,3,41.89548018,-87.72378569,POINT (-87.723785686526 41.895480176597)
be1829dd216cf9f7cac2e4080110ec6398e9f9bda4fabe7146a797db1133771016d7f41881f4eb763f22e49ef82cc8f9415e298fa3d990eb4541b5145111cde4,JF182228,,3/22/2022 6:33,35,NO CONTROLS,NO CONTROLS,RAIN,DAWN,PARKED MOTOR VEHICLE,DIVIDED - W/MEDIAN (NOT RAISED),,STRAIGHT AND LEVEL,WET,NO DEFECTS,ON SCENE,NO INJURY / DRIVE AWAY,,,,"OVER $1,500",3/22/2022 6:34,NOT APPLICABLE,NOT APPLICABLE,6828,W,FOSTER AVE,1613,,,,,,,3,NO INDICATION OF INJURY,0,0,0,0,0,1,0,6,3,3,41.97567118,-87.79872034,POINT (-87.798720341437 41.975671175924)
b2eec81d0ff4d0eada25a8a80c86f617371ef8670300ec50fdcfb4151f5a5e47522aea3290cb9fc612b607a3da81934925cff9cc7b13dda1a97d356cebfd84ab,JF161872,,3/2/2022 18:00,10,NO CONTROLS,NO CONTROLS,CLEAR,DAYLIGHT,PARKED MOTOR VEHICLE,PARKING LOT,,STRAIGHT AND LEVEL,DRY,NO DEFECTS,NOT ON SCENE (DESK REPORT),NO INJURY / DRIVE AWAY,,,Y,"OVER $1,500",3/3/2022 11:45,UNABLE TO DETERMINE,UNABLE TO DETERMINE,4445,N,SHERIDAN RD,1914,,,,,,,2,NO INDICATION OF INJURY,0,0,0,0,0,1,0,18,4,3,41.9630773,-87.65461382,POINT (-87.654613814894 41.963077303365)
be4a4eaf1c0fc891b86651a9bd5dc5a57a21029ee2991f5c017e79db6c73c9a22caf37320215df787c1b8ba985b105e6fb466086961f44fbaa621714858487c5,JF182376,,3/22/2022 9:00,25,TRAFFIC SIGNAL,FUNCTIONING PROPERLY,RAIN,DAYLIGHT,SIDESWIPE SAME DIRECTION,FOUR WAY,,STRAIGHT AND LEVEL,WET,NO DEFECTS,NOT ON SCENE (DESK REPORT),NO INJURY / DRIVE AWAY,Y,,,"$501 - $1,500",3/22/2022 9:30,IMPROPER OVERTAKING/PASSING,UNABLE TO DETERMINE,655,N,MICHIGAN AVE,1834,,,,,,,2,NO INDICATION OF INJURY,0,0,0,0,0,2,0,9,3,3,41.89409702,-87.62408976,POINT (-87.624089758746 41.894097019689)
ca1b719a6b23ac2b8ff4796d6114e15f1ab77db27772f86c2bce0bde2dbe47466bf0a6dfa4c18d824bb774adc3cc04845ebd204fccd6355418a8501e2f6dbf18,JF168471,,3/9/2022 16:15,30,STOP SIGN/FLASHER,FUNCTIONING PROPERLY,CLEAR,DAYLIGHT,TURNING,FOUR WAY,,STRAIGHT AND LEVEL,DRY,NO DEFECTS,ON SCENE,INJURY AND / OR TOW DUE TO CRASH,Y,,,"OVER $1,500",3/9/2022 16:22,FAILING TO YIELD RIGHT-OF-WAY,FAILING TO REDUCE SPEED TO AVOID CRASH,2901,W,TAYLOR ST,1135,,,,,,,2,NO INDICATION OF INJURY,0,0,0,0,0,4,0,16,4,3,41.8691074,-87.69854733,POINT (-87.698547329602 41.869107400397)
a949a9c9e0520e77a189c6388f5da6837ed8525c010dc35e7140af6733a020dedb7df25010875f2183707158783928cce681cf69b90486faf6520c27ba9547a9,JF146922,,2/16/2022 23:10,30,NO CONTROLS,NO CONTROLS,RAIN,"DARKNESS, LIGHTED ROAD",PARKED MOTOR VEHICLE,ONE-WAY,,STRAIGHT AND LEVEL,WET,NO DEFECTS,ON SCENE,INJURY AND / OR TOW DUE TO CRASH,,,,"OVER $1,500",2/16/2022 23:12,DISTRACTION - FROM INSIDE VEHICLE,NOT APPLICABLE,1375,W,77TH ST,612,,,,,,,3,NO INDICATION OF INJURY,0,0,0,0,0,1,0,23,4,2,41.75395924,-87.65836866,POINT (-87.658368662007 41.753959242164)
a96a409a5c8cf33ace4fdf62b69fb9f45171efcf3d01813cf7c3c5e52f430975cbc6dc5dc27bc8ff0413ea68770363c80739ffdec28886a66d5d60d2d4a3af31,JF146817,,2/16/2022 19:53,30,NO CONTROLS,NO CONTROLS,RAIN,"DARKNESS, LIGHTED ROAD",TURNING,PARKING LOT,,STRAIGHT AND LEVEL,WET,NO DEFECTS,NOT ON SCENE (DESK REPORT),NO INJURY / DRIVE AWAY,,,N,"OVER $1,500",2/16/2022 20:30,UNABLE TO DETERMINE,UNABLE TO DETERMINE,1611,E,95TH ST,431,,,,,,,2,NO INDICATION OF INJURY,0,0,0,0,0,2,0,19,4,2,41.72223496,-87.58461147,POINT (-87.584611469545 41.722234960447)
a9751db7d6f29bfb7030d51cbe76bbe283f35bf5d6bfac6da758d93ff27f3238d374ff9c81ac6bcae3252ef33ec9a0bd63fc2343f880a2cc4cb08a9f6675846b,JF146777,,2/16/2022 19:30,30,NO CONTROLS,NO CONTROLS,RAIN,"DARKNESS, LIGHTED ROAD",SIDESWIPE SAME DIRECTION,NOT DIVIDED,,STRAIGHT AND LEVEL,WET,NO DEFECTS,NOT ON SCENE (DESK REPORT),NO INJURY / DRIVE AWAY,,,,"OVER $1,500",2/16/2022 19:45,UNABLE TO DETERMINE,UNABLE TO DETERMINE,200,S,MORGAN ST,1232,,,,,,,2,NO INDICATION OF INJURY,0,0,0,0,0,3,0,19,4,2,41.87910493,-87.65209589,POINT (-87.652095891833 41.879104934481)
a87c6bbea8c7bf381b455a59d83a510a9a1b52c33039ad7cb4f359a4b275f056b66308495dd142a3e63aecd797de53e25757cb72abe177bef6598e2dd1f17f4a,JE244287,,5/26/2021 21:30,30,NO CONTROLS,NO CONTROLS,CLEAR,"DARKNESS, LIGHTED ROAD",PARKED MOTOR VEHICLE,DIVIDED - W/MEDIAN (NOT RAISED),,STRAIGHT AND LEVEL,DRY,NO DEFECTS,,NO INJURY / DRIVE AWAY,,,Y,"OVER $1,500",5/27/2021 2:50,UNABLE TO DETERMINE,UNABLE TO DETERMINE,6134,N,MILWAUKEE AVE,1611,,,,,,,2,NO INDICATION OF INJURY,0,0,0,0,0,1,0,21,4,5,41.99297451,-87.78395123,POINT (-87.783951230924 41.992974509438)
b36fd7337b3477a4bcebf636d48347aac34de794c8948215822213dd19df272c8f28f94bc75bcd1e8b3a4591fb61f1945951a98ec9f25ec8e44806c215779e49,JD388415,,10/4/2020 12:34,30,NO CONTROLS,NO CONTROLS,CLEAR,DAYLIGHT,PARKED MOTOR VEHICLE,NOT DIVIDED,,STRAIGHT AND LEVEL,DRY,NO DEFECTS,,NO INJURY / DRIVE AWAY,,,,"$501 - $1,500",10/4/2020 13:13,NOT APPLICABLE,NOT APPLICABLE,3314,W,55TH ST,822,,,,,,,2,NO INDICATION OF INJURY,0,0,0,0,0,1,0,12,1,10,41.79357839,-87.7067128,POINT (-87.706712803347 41.793578394043)
b37f92233f469072b010f4fc8560327baf6dc2275b34e49a4dc778c796d238271488f9ad9b0c18325749d2f9af8297fe693d93d9f38c87887eabbf3330314b03,JE342997,,8/19/2021 18:35,30,TRAFFIC SIGNAL,UNKNOWN,CLEAR,DUSK,REAR END,NOT DIVIDED,,STRAIGHT AND LEVEL,DRY,UNKNOWN,,INJURY AND / OR TOW DUE TO CRASH,,,Y,"OVER $1,500",8/19/2021 18:39,UNABLE TO DETERMINE,UNABLE TO DETERMINE,460,N,HAMLIN AVE,1122,,,,,,,2,NONINCAPACITATING INJURY,1,0,0,1,0,1,0,18,5,8,41.88965996,-87.721174,POINT (-87.721174001689 41.889659963529)
a914d8728f1dade238fc6601f6f96462f5c332fa2dd178d963bb3db05d87ce745f5fa9f79d1eee187a8debac7bd5b58e4c1777e5154d4a3c34fcef4d31401f5f,JF154359,,2/23/2022 17:00,35,NO CONTROLS,NO CONTROLS,CLEAR,DAYLIGHT,TURNING,NOT DIVIDED,,STRAIGHT AND LEVEL,DRY,NO DEFECTS,NOT ON SCENE (DESK REPORT),NO INJURY / DRIVE AWAY,,,,"$501 - $1,500",2/24/2022 8:45,FAILING TO YIELD RIGHT-OF-WAY,IMPROPER TURNING/NO SIGNAL,2211,W,DIVERSEY PKWY,1432,,,,,,,2,NO INDICATION OF INJURY,0,0,0,0,0,2,0,17,4,2,41.93210986,-87.68361585,POINT (-87.683615852498 41.932109855102)
cb99e2152ceb8537866893630e45a807cf72cb37e69f09c7060514a4f2bea96abe043b9a1cec8d2310b4ac1db160a6223c8a1e8a4f3477775545ba507c177527,JF168188,,3/9/2022 7:30,45,NO CONTROLS,NO CONTROLS,CLEAR,DAYLIGHT,REAR END,NOT DIVIDED,,STRAIGHT AND LEVEL,DRY,NO DEFECTS,NOT ON SCENE (DESK REPORT),NO INJURY / DRIVE AWAY,,,Y,$500 OR LESS,3/9/2022 12:54,UNABLE TO DETERMINE,UNABLE TO DETERMINE,1700,S,LAKE SHORE DR E,132,,,,,,,3,NO INDICATION OF INJURY,0,0,0,0,0,3,0,7,4,3,41.85900353,-87.61713079,POINT (-87.61713079399 41.859003526246)
aa08fc7d75d35df941498a37c68ed8e53246d7713c6abc70e61567a79c36006cd80644873dc41e3536fba98d0e9c438b46d76d9744be76559f1af67d1e489ca4,JF153416,,2/23/2022 7:50,30,NO CONTROLS,NO CONTROLS,CLEAR,DAYLIGHT,SIDESWIPE SAME DIRECTION,NOT DIVIDED,,STRAIGHT AND LEVEL,DRY,NO DEFECTS,NOT ON SCENE (DESK REPORT),NO INJURY / DRIVE AWAY,,,Y,"OVER $1,500",2/23/2022 11:00,IMPROPER LANE USAGE,NOT APPLICABLE,6200,N,SHERIDAN RD,2433,,,,,,,2,NO INDICATION OF INJURY,0,0,0,0,0,3,0,7,4,2,41.9946871,-87.65567455,POINT (-87.655674552491 41.994687098576)
c0902cbb97bef744773b35a6378e81e1f2adb045f15cccefc493fa8088404ab9d8064bed5743723ed8db809732e75259c9d60382ee8c6af4d85d8820093c25e1,JF182712,,3/22/2022 12:57,30,OTHER,FUNCTIONING PROPERLY,RAIN,DAYLIGHT,SIDESWIPE SAME DIRECTION,NOT DIVIDED,,STRAIGHT AND LEVEL,WET,NO DEFECTS,ON SCENE,INJURY AND / OR TOW DUE TO CRASH,N,,,"OVER $1,500",3/22/2022 13:40,UNABLE TO DETERMINE,NOT APPLICABLE,97,E,CONGRESS PKWY,123,,,,,,,2,NO INDICATION OF INJURY,0,0,0,0,0,2,0,12,3,3,41.87561297,-87.62434394,POINT (-87.624343942054 41.875612969826)
ccab5633f68e0a7491df173acb0f75831bb84bb455da387b0703526d0a25cdb9f4b125f5d0288aa8b8dc476c763bf1b770b73902dff995404389d530b1d9080a,JF168335,,3/9/2022 13:55,30,NO CONTROLS,NO CONTROLS,CLEAR,DAYLIGHT,REAR END,DIVIDED - W/MEDIAN BARRIER,,STRAIGHT AND LEVEL,DRY,NO DEFECTS,ON SCENE,INJURY AND / OR TOW DUE TO CRASH,,,,"OVER $1,500",3/9/2022 15:00,FAILING TO REDUCE SPEED TO AVOID CRASH,NOT APPLICABLE,546,W,95TH ST,2223,,,,,,,2,"REPORTED, NOT EVIDENT",2,0,0,0,2,1,0,13,4,3,41.72164414,-87.63780332,POINT (-87.637803321081 41.721644139692)
aabf09d8f3b68d64fda5e8e00e2afc824e9fef6f7bc113e549e32e3cd9740caa4d82b4c61c54d8ae1e17b582e20096c4c264b4bb91b2a54c6352197f92719e09,JF153152,,2/23/2022 5:00,30,TRAFFIC SIGNAL,FUNCTIONING PROPERLY,SNOW,"DARKNESS, LIGHTED ROAD",SIDESWIPE SAME DIRECTION,NOT DIVIDED,,STRAIGHT AND LEVEL,SNOW OR SLUSH,NO DEFECTS,NOT ON SCENE (DESK REPORT),NO INJURY / DRIVE AWAY,,,,"$501 - $1,500",2/23/2022 5:40,WEATHER,NOT APPLICABLE,4797,W,BELMONT AVE,2521,,,,,,,2,NO INDICATION OF INJURY,0,0,0,0,0,2,0,5,4,2,41.93871648,-87.74680814,POINT (-87.74680814154 41.938716484238)
b659bb4c27a5535e695e0d322a6b77d86482daaf0710e5a6e10fe8864518084386795248e6b5dbaeca6b152bb951e8e69fcb2ed013ab12c218e43edec09a8bda,JF175818,,3/16/2022 12:37,35,STOP SIGN/FLASHER,FUNCTIONING PROPERLY,CLEAR,DAYLIGHT,REAR END,NOT DIVIDED,,STRAIGHT AND LEVEL,DRY,NO DEFECTS,NOT ON SCENE (DESK REPORT),NO INJURY / DRIVE AWAY,,,Y,"OVER $1,500",3/16/2022 13:15,NOT APPLICABLE,NOT APPLICABLE,6600,S,WESTERN AVE,832,,,,,,,2,NO INDICATION OF INJURY,0,0,0,0,0,3,0,12,4,3,41.77369018,-87.68363757,POINT (-87.683637571484 41.773690180724)