CRASH_RECORD_ID,RD_NO,CRASH_DATE_EST_I,CRASH_DATE,POSTED_SPEED_LIMIT,TRAFFIC_CONTROL_DEVICE,DEVICE_CONDITION,WEATHER_CONDITION,LIGHTING_CONDITION,FIRST_CRASH_TYPE,TRAFFICWAY_TYPE,LANE_CNT,ALIGNMENT,ROADWAY_SURFACE_COND,ROAD_DEFECT,REPORT_TYPE,CRASH_TYPE,INTERSECTION_RELATED_I,NOT_RIGHT_OF_WAY_I,HIT_AND_RUN_I,DAMAGE,DATE_POLICE_NOTIFIED,PRIM_CONTRIBUTORY_CAUSE,SEC_CONTRIBUTORY_CAUSE,STREET_NO,STREET_DIRECTION,STREET_NAME,BEAT_OF_OCCURRENCE,PHOTOS_TAKEN_I,STATEMENTS_TAKEN_I,DOORING_I,WORK_ZONE_I,WORK_ZONE_TYPE,WORKERS_PRESENT_I,NUM_UNITS,MOST_SEVERE_INJURY,INJURIES_TOTAL,INJURIES_FATAL,INJURIES_INCAPACITATING,INJURIES_NON_INCAPACITATING,INJURIES_REPORTED_NOT_EVIDENT,INJURIES_NO_INDICATION,INJURIES_UNKNOWN,CRASH_HOUR,CRASH_DAY_OF_WEEK,CRASH_MONTH,LATITUDE,LONGITUDE,LOCATION
c23af5c7ee3e441cc93ab9c0b879fbedb4071c72c0f0e9b88e72c42242718df2b38bc4c94f08fc3ff704972cb5730400fe35bacc50bc384cc73f2eb911c225ed,JF183159,,3/22/2022 9:30,30,TRAFFIC SIGNAL,FUNCTIONING PROPERLY,RAIN,DAYLIGHT,REAR END,NOT DIVIDED,,STRAIGHT ON GRADE,WET,NO DEFECTS,NOT ON SCENE (DESK REPORT),NO INJURY / DRIVE AWAY,Y,,,$500 OR LESS,3/22/2022 20:00,FAILING TO REDUCE SPEED TO AVOID CRASH,NOT APPLICABLE,800,E,55TH ST,233,,,,,,,2,NO INDICATION OF INJURY,0,0,0,0,0,2,0,9,3,3,41.79507521,-87.60609661,POINT (-87.606096609283 41.795075206809)
abf88b88074a2b77c5a47ba6d801cc6dac7eb39fafa8ba09e3e5a4e89cf7512759b62b59ea6a98b05e9027023ed0750b2079868df983fa2c7bcf06f947407554,JF146038,,2/16/2022 9:05,30,NO CONTROLS,NO CONTROLS,CLEAR,DAYLIGHT,PARKED MOTOR VEHICLE,NOT DIVIDED,,STRAIGHT AND LEVEL,DRY,NO DEFECTS,NOT ON SCENE (DESK REPORT),NO INJURY / DRIVE AWAY,,,Y,"OVER $1,500",2/16/2022 10:00,UNABLE TO DETERMINE,UNABLE TO DETERMINE,2755,N,LARAMIE AVE,2521,,,,,,,2,NO INDICATION OF INJURY,0,0,0,0,0,1,0,9,4,2,41.93124076,-87.75626739,POINT (-87.756267392007 41.931240762883)
ce773db9a6e44e941b01c3e8d9af9936126dd4ce096dc0e18d447273803940d986895ff79bc3e69e2fbc22597bae05c1d657309ee6a9b0912c858a95209c71ed,JF168472,,3/9/2022 16:50,30,TRAFFIC SIGNAL,UNKNOWN,CLEAR,DAYLIGHT,ANGLE,NOT DIVIDED,,STRAIGHT AND LEVEL,UNKNOWN,UNKNOWN,ON SCENE,INJURY AND / OR TOW DUE TO CRASH,Y,,,"OVER $1,500",3/9/2022 16:55,DISREGARDING TRAFFIC SIGNALS,FAILING TO YIELD RIGHT-OF-WAY,1499,W,DIVERSEY PKWY,1932,,,,,,,2,INCAPACITATING INJURY,1,0,1,0,0,1,0,16,4,3,41.93233266,-87.66592106,POINT (-87.665921063353 41.932332661292)
ce8cd0373cb6cdead1f8408a3407cdb66d7c1174dbda375e8826efffe2005c510426050fc3236499e736ecb71ed442987c1153bb666710a5208504c13dae0642,JF168565,,3/9/2022 17:50,30,TRAFFIC SIGNAL,FUNCTIONING PROPERLY,CLEAR,DAYLIGHT,PEDESTRIAN,FOUR WAY,,STRAIGHT AND LEVEL,DRY,NO DEFECTS,ON SCENE,INJURY AND / OR TOW DUE TO CRASH,Y,,,"OVER $1,500",3/9/2022 17:51,FAILING TO REDUCE SPEED TO AVOID CRASH,FAILING TO YIELD RIGHT-OF-WAY,9900,S,EWING AVE,432,,,,,,,2,INCAPACITATING INJURY,1,0,1,0,0,2,0,17,4,3,41.7157227,-87.53542294,POINT (-87.535422937589 41.715722702087)
c301af6885fb8ee0984d6bf56e1896adc966e6b5741abf6b25e9fe0ddd52ef68a40a6b00f070a18b7d9aeaa355dd1ef7e00c615dfd9351a5d1a18cc6152f89b8,JF182946,,3/22/2022 13:30,25,NO CONTROLS,NO CONTROLS,CLEAR,DAYLIGHT,PARKED MOTOR VEHICLE,NOT DIVIDED,,STRAIGHT AND LEVEL,DRY,NO DEFECTS,NOT ON SCENE (DESK REPORT),NO INJURY / DRIVE AWAY,,,Y,"OVER $1,500",3/22/2022 17:00,FAILING TO YIELD RIGHT-OF-WAY,FAILING TO REDUCE SPEED TO AVOID CRASH,232,E,47TH ST,215,,,,,,,2,NO INDICATION OF INJURY,0,0,0,0,0,4,0,13,3,3,41.80944434,-87.61967706,POINT (-87.619677059338 41.80944433866)
abd47c6c89fbbb4e2315b3a24889074a4e4e918a8439a0065bce74bd646fe4d19e2918ff2bf3a79e1c9fc4b30eaf0ae5c600a7b05527ed09d35535f94885c13a,JF153729,,2/23/2022 14:35,10,NO CONTROLS,NO CONTROLS,CLEAR,DAYLIGHT,REAR TO REAR,PARKING LOT,,STRAIGHT AND LEVEL,DRY,NO DEFECTS,ON SCENE,NO INJURY / DRIVE AWAY,,,,"OVER $1,500",2/23/2022 14:48,UNABLE TO DETERMINE,NOT APPLICABLE,8333,S,CICERO AVE,834,,,,,,,2,NO INDICATION OF INJURY,0,0,0,0,0,3,0,14,4,2,41.74091107,-87.74092286,POINT (-87.740922859385 41.740911065365)
d04792d144da8bb53941d4bf6727efc8e4c46658ce5a6a07a0c9fa68d3f85cea5d464888622b39a40d7805175a6732f41028ae05b826eaed54b316f02bcd3f50,JF168539,,3/9/2022 17:14,30,TRAFFIC SIGNAL,FUNCTIONING PROPERLY,CLEAR,DAYLIGHT,REAR END,DIVIDED - W/MEDIAN (NOT RAISED),,STRAIGHT AND LEVEL,DRY,NO DEFECTS,ON SCENE,NO INJURY / DRIVE AWAY,Y,,,"OVER $1,500",3/9/2022 17:30,FAILING TO REDUCE SPEED TO AVOID CRASH,NOT APPLICABLE,2601,W,63RD ST,825,,,,,,,2,NO INDICATION OF INJURY,0,0,0,0,0,2,0,17,4,3,41.77907746,-87.68858187,POINT (-87.688581868866 41.779077459399)
ad91cc798a1f8628c0dbac7f72d2cd8440bda2f06b0c32a2b415dd16cceaaa75a53a8dd88f0d00283c0b0111cd23ccfd4fd8540f170d2c0ddc2519806054c2a9,JF146861,,2/16/2022 18:00,30,STOP SIGN/FLASHER,NO CONTROLS,RAIN,"DARKNESS, LIGHTED ROAD",REAR TO FRONT,ONE-WAY,,STRAIGHT AND LEVEL,WET,NO DEFECTS,NOT ON SCENE (DESK REPORT),NO INJURY / DRIVE AWAY,,,,$500 OR LESS,2/16/2022 21:20,IMPROPER BACKING,UNABLE TO DETERMINE,9963,S,CRANDON AVE,431,,,,,,,2,NO INDICATION OF INJURY,0,0,0,0,0,2,0,18,4,2,41.71358549,-87.56686136,POINT (-87.566861364314 41.713585491663)
d08d8a4cd8dab7912bddeaea328025eb926c7d31f6ffc9984b7e9c299dd36b5dfbf3e750ba7e427beb93b3e27399ee183579214177a507951de1633512e7f643,JF168289,,3/9/2022 11:00,30,STOP SIGN/FLASHER,FUNCTIONING PROPERLY,CLEAR,DAYLIGHT,ANGLE,FOUR WAY,,STRAIGHT AND LEVEL,DRY,NO DEFECTS,NOT ON SCENE (DESK REPORT),NO INJURY / DRIVE AWAY,Y,,,"$501 - $1,500",3/9/2022 14:15,FAILING TO YIELD RIGHT-OF-WAY,UNABLE TO DETERMINE,100,W,FULLERTON DR,1935,,,,,,,2,NO INDICATION OF INJURY,0,0,0,0,0,2,0,11,4,3,41.9262128,-87.63140532,POINT (-87.631405321446 41.926212796177)
ad2520ed452b0917fb91336ee26da18b6a913f2a051ea9cd6e9f5f8eb03cd9ba43772cfbdca4411eb2931e66ce8d7eba02fb75848899d2eca3748b78bc7926df,JF153874,,2/23/2022 8:20,30,TRAFFIC SIGNAL,FUNCTIONING PROPERLY,CLEAR,DAYLIGHT,TURNING,NOT DIVIDED,,STRAIGHT AND LEVEL,DRY,NO DEFECTS,NOT ON SCENE (DESK REPORT),NO INJURY / DRIVE AWAY,,,,"$501 - $1,500",2/23/2022 17:19,IMPROPER TURNING/NO SIGNAL,FAILING TO REDUCE SPEED TO AVOID CRASH,2400,N,LARAMIE AVE,2515,,,,,,,2,NO INDICATION OF INJURY,0,0,0,0,0,3,0,8,4,2,41.92415187,-87.75629466,POINT (-87.75629466175 41.924151874253)
adcfa2d2148b51a4580534c7cc0ea34cfc24f9ebeacc0e17b13d88bd83e99674f4841ee9336e32f0baa23a246d958b29a419bcb7774a157dfce097820d983bab,JF145983,,2/16/2022 8:30,30,TRAFFIC SIGNAL,FUNCTIONING PROPERLY,CLEAR,DAYLIGHT,REAR END,NOT DIVIDED,,STRAIGHT AND LEVEL,DRY,NO DEFECTS,NOT ON SCENE (DESK REPORT),NO INJURY / DRIVE AWAY,Y,,,"OVER $1,500",2/16/2022 8:50,FOLLOWING TOO CLOSELY,UNABLE TO DETERMINE,1400,S,CALIFORNIA BLVD,1022,,,,,,,2,NO INDICATION OF INJURY,0,0,0,0,0,2,0,8,4,2,41.86251501,-87.69593815,POINT (-87.695938146652 41.86251501152)
b844d4765c406a18128cdc18fbaa19a8e572a281a1cf60d43be7b2b15394c2e904698df29f49a990a4f749c055442e0468c609df145d5e42141375ea2a46f631,JE104309,,1/5/2021 17:30,30,TRAFFIC SIGNAL,NO CONTROLS,CLEAR,"DARKNESS, LIGHTED ROAD",TURNING,NOT DIVIDED,,STRAIGHT AND LEVEL,DRY,UNKNOWN,,INJURY AND / OR TOW DUE TO CRASH,Y,,,"OVER $1,500",1/5/2021 17:35,UNABLE TO DETERMINE,UNABLE TO DETERMINE,5523,W,DEVON AVE,1621,,,,,,,3,NONINCAPACITATING INJURY,1,0,0,1,0,4,0,17,3,1,41.99719615,-87.76663285,POINT (-87.766632847015 41.997196147514)
b847124b11350bdd37fdd0866eeb8a3100bc2deddf6f3edfaec5b9adac539b23e107fc8c4d6a1e1425313f439d5a0d7f111426545a2237b652bc2a8afa215304,JD426285,,11/9/2020 16:30,30,NO CONTROLS,NO CONTROLS,CLEAR,DUSK,REAR END,DIVIDED - W/MEDIAN BARRIER,,STRAIGHT AND LEVEL,DRY,NO DEFECTS,,INJURY AND / OR TOW DUE TO CRASH,,,,"$501 - $1,500",11/9/2020 16:30,UNABLE TO DETERMINE,UNABLE TO DETERMINE,1530,S,DAMEN AVE,1233,,,,,,,3,NO INDICATION OF INJURY,0,0,0,0,0,3,0,16,2,11,41.8603915,-87.67622593,POINT (-87.676225933423 41.860391499455)
ad56d10eb3067b75de4bee24752dd87b71ec2ac6f2fd80d984da56d881c5407512885c22fa9c9089d4c747a8161167ae0a675127c218a43a9949e7e7767566ac,JF154151,,2/23/2022 21:58,30,TRAFFIC SIGNAL,FUNCTIONING PROPERLY,CLEAR,"DARKNESS, LIGHTED ROAD",REAR END,DIVIDED - W/MEDIAN BARRIER,,STRAIGHT AND LEVEL,DRY,NO DEFECTS,NOT ON SCENE (DESK REPORT),NO INJURY / DRIVE AWAY,,,Y,"$501 - $1,500",2/23/2022 22:20,UNABLE TO DETERMINE,UNABLE TO DETERMINE,1,W,63RD ST,312,,,,,,,2,NO INDICATION OF INJURY,0,0,0,0,0,5,0,21,4,2,41.77994815,-87.62542709,POINT (-87.625427084647 41.779948151941)
d231a732ccecb57412ea208dec846b6b8f3091efc137e2c58166909ba8dc37077458df9c24e38cf56bbdb776fde7387a4b238d6c1efda6397fe161c8d58b3177,JF167948,,3/9/2022 7:30,30,TRAFFIC SIGNAL,NO CONTROLS,CLEAR,DAYLIGHT,SIDESWIPE SAME DIRECTION,NOT DIVIDED,,STRAIGHT AND LEVEL,DRY,NO DEFECTS,NOT ON SCENE (DESK REPORT),NO INJURY / DRIVE AWAY,,,Y,"OVER $1,500",3/9/2022 8:10,IMPROPER LANE USAGE,IMPROPER LANE USAGE,6156,N,WESTERN AVE,2413,,,,,,,2,NO INDICATION OF INJURY,0,0,0,0,0,2,0,7,4,3,41.9939428,-87.68990643,POINT (-87.689906431284 41.993942799403)
b8485ae2a66179a18aff15fac76eaff8b5a16d4c0300c5a3951a953eeb8204677dbefeafd0ed8231a38cd7785ca73ef3fc197215649f9c6e3757d93c1f13b5fc,JE189012,,4/4/2021 9:01,30,NO CONTROLS,NO CONTROLS,CLEAR,DAYLIGHT,PARKED MOTOR VEHICLE,NOT DIVIDED,,STRAIGHT AND LEVEL,DRY,UNKNOWN,,INJURY AND / OR TOW DUE TO CRASH,,,Y,"OVER $1,500",4/4/2021 9:06,UNABLE TO DETERMINE,UNABLE TO DETERMINE,7849,S,HAMLIN AVE,833,,,,,,,2,NO INDICATION OF INJURY,0,0,0,0,0,1,0,9,1,4,41.75002163,-87.71809665,POINT (-87.718096651547 41.750021629566)
c33a8611b09a27598f01c87091a9f8bf783cf74bd10bc020928c504fce4d222e3269dda14ec5d198151524c8b52be193680dd8c6f95e01600e77fa4f524f03d4,JF157207,,2/26/2022 22:15,30,TRAFFIC SIGNAL,FUNCTIONING PROPERLY,CLEAR,"DARKNESS, LIGHTED ROAD",REAR END,DIVIDED - W/MEDIAN BARRIER,,STRAIGHT AND LEVEL,DRY,NO DEFECTS,,INJURY AND / OR TOW DUE TO CRASH,Y,,Y,"OVER $1,500",2/26/2022 22:45,UNABLE TO DETERMINE,UNABLE TO DETERMINE,432,N,LA SALLE DR,1831,,,,,,,2,NONINCAPACITATING INJURY,1,0,0,1,0,4,0,22,7,2,41.89011433,-87.63269573,POINT (-87.632695724719 41.89011432723)
b9339a4815c8de18faee8e6e1230c94996058889a87d1d9e9285382e101c523d31d5bd90c1e2c3fc1a18475a5a9d8ba3ee6085bcd17d1a54283352a129a3d7fe,JF175947,,3/16/2022 15:00,30,NO CONTROLS,NO CONTROLS,CLEAR,DAYLIGHT,SIDESWIPE SAME DIRECTION,NOT DIVIDED,,STRAIGHT AND LEVEL,DRY,UNKNOWN,NOT ON SCENE (DESK REPORT),NO INJURY / DRIVE AWAY,,,Y,"$501 - $1,500",3/16/2022 15:10,IMPROPER LANE USAGE,UNABLE TO DETERMINE,2247,E,103RD ST,434,,,,,,,2,NO INDICATION OF INJURY,0,0,0,0,0,2,0,15,4,3,41.70792844,-87.56866302,POINT (-87.568663018051 41.707928443882)
af156d8f4cb86c8c8a10f69340e004fbe7f6f9c73fbfefc66396267e10ff10599e48d81a999fc308aee7dfae59f978fe18286295637de1e6d6499726e68f6834,JF146807,,2/16/2022 20:11,30,TRAFFIC SIGNAL,FUNCTIONING PROPERLY,RAIN,DARKNESS,HEAD ON,NOT DIVIDED,,STRAIGHT AND LEVEL,WET,NO DEFECTS,ON SCENE,INJURY AND / OR TOW DUE TO CRASH,Y,,,"OVER $1,500",2/16/2022 20:12,WEATHER,NOT APPLICABLE,5954,W,NORTH AVE,2531,,,,,,,2,NO INDICATION OF INJURY,0,0,0,0,0,2,0,20,4,2,41.9093686,-87.7751793,POINT (-87.775179296227 41.909368599452)
ae91ef5e1ec6a4202ed9116d7af65ace98fecfd43a98635b309eb1a6cf48bd23e0b3220b910a1b08d6a2eef86efef3745912bb40d931302affcf25644d219508,JF154115,,2/23/2022 20:54,30,STOP SIGN/FLASHER,FUNCTIONING PROPERLY,CLEAR,"DARKNESS, LIGHTED ROAD",SIDESWIPE SAME DIRECTION,ONE-WAY,,STRAIGHT AND LEVEL,DRY,NO DEFECTS,ON SCENE,INJURY AND / OR TOW DUE TO CRASH,,,,"OVER $1,500",2/23/2022 20:54,UNABLE TO DETERMINE,UNABLE TO DETERMINE,4402,W,LEXINGTON ST,1131,,,,,,,2,NO INDICATION OF INJURY,0,0,0,0,0,2,0,20,4,2,41.87166087,-87.73531531,POINT (-87.73531530741 41.871660872272)
b95c6a58f17e214683f0af5ab08afb8013a3b46c603f260964eceef185c4720b1cf2f02bac17778b7de9fea6e09dae7e2512cbd6f31ee234e7a52df7017b3340,JF175564,,3/16/2022 9:15,35,NO CONTROLS,NO CONTROLS,CLEAR,DAYLIGHT,SIDESWIPE SAME DIRECTION,DIVIDED - W/MEDIAN (NOT RAISED),,STRAIGHT AND LEVEL,DRY,UNKNOWN,ON SCENE,NO INJURY / DRIVE AWAY,,,,"$501 - $1,500",3/16/2022 9:20,UNABLE TO DETERMINE,UNABLE TO DETERMINE,5158,W,CHICAGO AVE,1531,,Y,,,,,2,NO INDICATION OF INJURY,0,0,0,0,0,2,0,9,4,3,41.89504738,-87.75554301,POINT (-87.755543010623 41.895047383085)
d39029df7752789d7a2e20708dd318bb25e9fe0acb477c58f27b6390198924cb52d5f038ede2b1d5bc5b5d80a3be275ead5d5d80fd9bb19bf02fb1a1ffd17df6,JF168154,,3/9/2022 11:48,15,NO CONTROLS,NO CONTROLS,CLEAR,DAYLIGHT,REAR TO FRONT,NOT DIVIDED,,STRAIGHT AND LEVEL,DRY,NO DEFECTS,ON SCENE,NO INJURY / DRIVE AWAY,,,,$500 OR LESS,3/9/2022 11:50,DISTRACTION - FROM INSIDE VEHICLE,NOT APPLICABLE,1,W,30TH ST,133,,,,,,,2,NO INDICATION OF INJURY,0,0,0,0,0,2,0,11,4,3,41.83943597,-87.62686308,POINT (-87.626863079159 41.839435974385)
afd8edab145a072674aca6e030cbac0be121dcfd423ad83f644a50d6797d48e62e7644131e08cadba704268677314bd1442b1cf870cc8b3bbea990e1a9ea5537,JF146536,,2/16/2022 16:00,30,TRAFFIC SIGNAL,FUNCTIONING PROPERLY,CLEAR,DUSK,REAR END,NOT DIVIDED,,STRAIGHT AND LEVEL,WET,NO DEFECTS,NOT ON SCENE (DESK REPORT),NO INJURY / DRIVE AWAY,,,Y,"OVER $1,500",2/16/2022 16:30,FOLLOWING TOO CLOSELY,NOT APPLICABLE,740,W,MARQUETTE RD,723,,,,,,,2,NO INDICATION OF INJURY,0,0,0,0,0,2,0,16,4,2,41.77258861,-87.64423218,POINT (-87.644232183672 41.772588608366)
d4157ecf93ca6dae20dfd22d769d8629862bc729c992df3feed1fcd7a19dd49437b00bdf4661bdb2e624e1302a5046f6a08b7cc23335f97e9c26e39d1b89852c,JF168688,,3/9/2022 18:30,30,TRAFFIC SIGNAL,FUNCTIONING PROPERLY,CLEAR,DARKNESS,REAR END,NOT DIVIDED,,STRAIGHT AND LEVEL,DRY,NO DEFECTS,NOT ON SCENE (DESK REPORT),NO INJURY / DRIVE AWAY,,,,"$501 - $1,500",3/9/2022 20:13,NOT APPLICABLE,NOT APPLICABLE,6301,S,OAK PARK AVE,812,,,,,,,2,NO INDICATION OF INJURY,0,0,0,0,0,3,0,18,4,3,41.77747528,-87.79087739,POINT (-87.790877387744 41.777475279928)
c4cfd8fe7633ee86d0fdcaec26166c22ffdfb71b3155b5125eb15999fcb359b866b0a50f7dcd779e745a2bef4a379c4ae534602700d8d112b3f2c52297b1712a,JF182756,,3/22/2022 14:00,30,NO CONTROLS,NO CONTROLS,CLEAR,DAYLIGHT,PARKED MOTOR VEHICLE,PARKING LOT,,STRAIGHT AND LEVEL,DRY,NO DEFECTS,NOT ON SCENE (DESK REPORT),NO INJURY / DRIVE AWAY,,,,"OVER $1,500",3/22/2022 15:10,IMPROPER BACKING,IMPROPER BACKING,6718,S,RACINE AVE,724,,,,,,,2,NO INDICATION OF INJURY,0,0,0,0,0,1,0,14,3,3,41.77173175,-87.65444208,POINT (-87.654442080273 41.7717317496)
b0608580d21f515a5fbdf251ac77056ffa9a431be68de1373deae98a6bd0da525dd4bc9478cf011cbad69d0af1b504cc3b3dba3a12e0d4c63ca08a59653450ed,JF146656,,2/16/2022 17:10,30,TRAFFIC SIGNAL,FUNCTIONING PROPERLY,RAIN,"DARKNESS, LIGHTED ROAD",REAR END,DIVIDED - W/MEDIAN (NOT RAISED),,STRAIGHT AND LEVEL,WET,NO DEFECTS,NOT ON SCENE (DESK REPORT),NO INJURY / DRIVE AWAY,,,Y,"OVER $1,500",2/16/2022 18:00,WEATHER,UNABLE TO DETERMINE,10300,S,TORRENCE AVE,434,,,,,,,2,NO INDICATION OF INJURY,0,0,0,0,0,2,0,17,4,2,41.70807743,-87.55980687,POINT (-87.559806871332 41.708077429042)
b9782f482bf9502df50828dcf3d8381b4f708b9929e3bcf92a621904fc2a7d994b88a3330950c1999745172b8354b080dcc567c58975186c8525d1c59c79b8a1,JD333698,,8/8/2020 22:00,30,NO CONTROLS,NO CONTROLS,UNKNOWN,UNKNOWN,PARKED MOTOR VEHICLE,NOT DIVIDED,,STRAIGHT AND LEVEL,UNKNOWN,UNKNOWN,,NO INJURY / DRIVE AWAY,,,Y,"OVER $1,500",8/15/2020 18:00,UNABLE TO DETERMINE,NOT APPLICABLE,7641,N,ASHLAND AVE,2422,,,,,,,2,NO INDICATION OF INJURY,0,0,0,0,0,1,0,22,7,8,42.02096152,-87.67057458,POINT (-87.670574582783 42.020961516535)
c47073bd9a5df17d9ac0b7d1932889b6947928d3e84c913cf5b852d4eb367b5925e84f7c200d07e22c25e7cc50d5671637383f0397db2de75768f8c3ab915a53,JD299577,,7/16/2020 16:40,20,STOP SIGN/FLASHER,OTHER,CLEAR,DAYLIGHT,REAR END,NOT DIVIDED,,STRAIGHT AND LEVEL,DRY,NO DEFECTS,,INJURY AND / OR TOW DUE TO CRASH,,,Y,$500 OR LESS,7/16/2020 16:42,FOLLOWING TOO CLOSELY,DISREGARDING STOP SIGN,132,N,HOYNE AVE,1223,,,,,,,2,NONINCAPACITATING INJURY,1,0,0,1,0,1,0,16,5,7,41.88414892,-87.6793065,POINT (-87.679306501693 41.88414891919)
afe018f9db3c621fc582cf0450b5bb3fbf76ef0b110b048ca2498deef6a1e1544d2500a5037c897719ddde360a6f7db7696c694f89531389913af679cdbe0b8f,JF153877,,2/23/2022 16:28,35,NO CONTROLS,NO CONTROLS,UNKNOWN,UNKNOWN,TURNING,NOT DIVIDED,,STRAIGHT AND LEVEL,UNKNOWN,UNKNOWN,ON SCENE,INJURY AND / OR TOW DUE TO CRASH,,,,"OVER $1,500",2/23/2022 16:28,UNABLE TO DETERMINE,UNABLE TO DETERMINE,5010,N,CUMBERLAND AVE,1614,,,,,,,2,NO INDICATION OF INJURY,0,0,0,0,0,2,0,16,4,2,41.9703934,-87.83679718,POINT (-87.836797180586 41.970393398506)
d4f206e8a9dc62499e997758a2a9c99528b04c194363c98c241efec30e93a80cebefde4f9fe681eb88efefbf0ad1f0da36093c0455ececadbb3e8be5a013a689,JF168575,,3/9/2022 17:15,30,NO CONTROLS,NO CONTROLS,CLEAR,DUSK,PARKED MOTOR VEHICLE,DIVIDED - W/MEDIAN (NOT RAISED),,STRAIGHT AND LEVEL,DRY,NO DEFECTS,NOT ON SCENE (DESK REPORT),NO INJURY / DRIVE AWAY,,,,"OVER $1,500",3/9/2022 18:00,UNABLE TO DETERMINE,UNABLE TO DETERMINE,3025,W,LAWRENCE AVE,1713,,,,,,,2,NO INDICATION OF INJURY,0,0,0,0,0,1,0,17,4,3,41.96837724,-87.70459176,POINT (-87.7045917588 41.968377242535)
b0e9a92644c7f51df066c7587326edc6106af013257442afd71ae79f76035a071a47e589767c440f543b91288d93716d4ca3f475e2973abceef8fb6072dc1d5b,JF146227,,2/16/2022 11:10,30,NO CONTROLS,NO CONTROLS,CLEAR,DAYLIGHT,REAR END,NOT DIVIDED,,STRAIGHT AND LEVEL,DRY,UNKNOWN,NOT ON SCENE (DESK REPORT),NO INJURY / DRIVE AWAY,,,,"$501 - $1,500",2/16/2022 12:00,UNABLE TO DETERMINE,UNABLE TO DETERMINE,1655,E,95TH ST,431,,,,,,,2,NO INDICATION OF INJURY,0,0,0,0,0,3,0,11,4,2,41.7222632,-87.58291764,POINT (-87.582917634619 41.722263198134)
d53d35b133f36abdf67978ffc87609030067380ef748ff6841685fe518aa7b70b220421f3c7b1568ba6fdbc6baa5126eb9c487190b6a95cb845e6b47f5f88630,JF168807,,3/9/2022 21:22,30,NO CONTROLS,NO CONTROLS,CLEAR,"DARKNESS, LIGHTED ROAD",PARKED MOTOR VEHICLE,DIVIDED - W/MEDIAN (NOT RAISED),,STRAIGHT AND LEVEL,DRY,NO DEFECTS,ON SCENE,NO INJURY / DRIVE AWAY,,,Y,"OVER $1,500",3/9/2022 22:51,UNABLE TO DETERMINE,UNABLE TO DETERMINE,4318,N,CALIFORNIA AVE,1724,Y,,,,,,2,NO INDICATION OF INJURY,0,0,0,0,0,1,0,21,4,3,41.96001317,-87.69857297,POINT (-87.698572973884 41.960013174096)
b0807cdeb277e80a567e84ad4b10b66e6523b37e66f6aa721693fce9c890435ee185d6bb7991498d6925093c5809e5b808bd0a0c7727ef5f8cf88ab375318b97,JF153811,,2/23/2022 16:00,20,NO CONTROLS,NO CONTROLS,CLEAR,DAYLIGHT,REAR TO FRONT,PARKING LOT,,STRAIGHT AND LEVEL,DRY,NO DEFECTS,NOT ON SCENE (DESK REPORT),NO INJURY / DRIVE AWAY,,,,$500 OR LESS,2/23/2022 16:20,UNABLE TO DETERMINE,NOT APPLICABLE,4200,S,ASHLAND AVE,924,,,,,,,2,NO INDICATION OF INJURY,0,0,0,0,0,2,0,16,4,2,41.81768012,-87.66533363,POINT (-87.665333633124 41.81768011732)
d58d117f334538f88e97a045553eb93afcbfafaebbfa7d76057f821a7f01a9963b49590155d27562139873fbc3a0be68b753547e46b2b6ac7a0703be513e7652,JF168042,,3/9/2022 9:50,30,TRAFFIC SIGNAL,FUNCTIONING PROPERLY,CLEAR,DAYLIGHT,SIDESWIPE SAME DIRECTION,NOT DIVIDED,,STRAIGHT AND LEVEL,DRY,NO DEFECTS,NOT ON SCENE (DESK REPORT),NO INJURY / DRIVE AWAY,,,,"OVER $1,500",3/9/2022 10:04,IMPROPER OVERTAKING/PASSING,NOT APPLICABLE,38,E,ROOSEVELT RD,123,,,,,,,2,NO INDICATION OF INJURY,0,0,0,0,0,2,0,9,4,3,41.86754128,-87.62587332,POINT (-87.62587331546 41.867541284114)
ba9eaadd9f666d40baba256d6eb65edd126b7bc4ab086ee9cd90181fd6f228138b986d61717f7410621447195514995399d64173ddad0356b0aee8b2b39f4555,JF175597,,3/16/2022 9:05,30,OTHER,FUNCTIONING PROPERLY,CLEAR,DAYLIGHT,SIDESWIPE SAME DIRECTION,NOT DIVIDED,,STRAIGHT AND LEVEL,DRY,NO DEFECTS,ON SCENE,NO INJURY / DRIVE AWAY,,,,"OVER $1,500",3/16/2022 9:45,IMPROPER OVERTAKING/PASSING,IMPROPER OVERTAKING/PASSING,305,N,CICERO AVE,1113,,,,,,,2,NO INDICATION OF INJURY,0,0,0,0,0,2,0,9,4,3,41.88555253,-87.74531278,POINT (-87.745312777075 41.885552527599)
c5ca344b9eef06017ff597c23c95dfc5d9678b1970c8e0dec045db1dbeacfed3cdcd4135d741284b75349ae6c4638805ca1abd0c1b86cfaa955afbf48b5371c7,JF183670,,3/22/2022 1:55,30,TRAFFIC SIGNAL,FUNCTIONING PROPERLY,CLEAR,"DARKNESS, LIGHTED ROAD",REAR END,ONE-WAY,,STRAIGHT AND LEVEL,DRY,NO DEFECTS,ON SCENE,INJURY AND / OR TOW DUE TO CRASH,Y,,,"OVER $1,500",3/23/2022 11:10,FAILING TO REDUCE SPEED TO AVOID CRASH,FAILING TO REDUCE SPEED TO AVOID CRASH,7457,S,LAFAYETTE AVE,731,,,,,,,2,NONINCAPACITATING INJURY,1,0,0,1,0,1,0,1,3,3,41.758306,-87.62623033,POINT (-87.626230326043 41.758306004291)