CRASH_RECORD_ID,RD_NO,CRASH_DATE_EST_I,CRASH_DATE,POSTED_SPEED_LIMIT,TRAFFIC_CONTROL_DEVICE,DEVICE_CONDITION,WEATHER_CONDITION,LIGHTING_CONDITION,FIRST_CRASH_TYPE,TRAFFICWAY_TYPE,LANE_CNT,ALIGNMENT,ROADWAY_SURFACE_COND,ROAD_DEFECT,REPORT_TYPE,CRASH_TYPE,INTERSECTION_RELATED_I,NOT_RIGHT_OF_WAY_I,HIT_AND_RUN_I,DAMAGE,DATE_POLICE_NOTIFIED,PRIM_CONTRIBUTORY_CAUSE,SEC_CONTRIBUTORY_CAUSE,STREET_NO,STREET_DIRECTION,STREET_NAME,BEAT_OF_OCCURRENCE,PHOTOS_TAKEN_I,STATEMENTS_TAKEN_I,DOORING_I,WORK_ZONE_I,WORK_ZONE_TYPE,WORKERS_PRESENT_I,NUM_UNITS,MOST_SEVERE_INJURY,INJURIES_TOTAL,INJURIES_FATAL,INJURIES_INCAPACITATING,INJURIES_NON_INCAPACITATING,INJURIES_REPORTED_NOT_EVIDENT,INJURIES_NO_INDICATION,INJURIES_UNKNOWN,CRASH_HOUR,CRASH_DAY_OF_WEEK,CRASH_MONTH,LATITUDE,LONGITUDE,LOCATION
ba68884c9c9192fe0c6ee626da29451fbc070358f9bf0fb3d6cc695c259219af27775cac35b991a100cbf648c3c014e99704f738bc2b31968b5bc7170b80af0e,JF160967,,3/2/2022 13:50,30,NO CONTROLS,NO CONTROLS,CLEAR,DAYLIGHT,ANGLE,PARKING LOT,,STRAIGHT AND LEVEL,DRY,NO DEFECTS,NOT ON SCENE (DESK REPORT),NO INJURY / DRIVE AWAY,,Y,,"OVER $1,500",3/2/2022 14:30,IMPROPER BACKING,DRIVING SKILLS/KNOWLEDGE/EXPERIENCE,2900,W,87TH ST,835,,,,,,,2,NO INDICATION OF INJURY,0,0,0,0,0,2,0,13,4,3,41.73542821,-87.6947815,POINT (-87.694781494905 41.735428209584)
c60edc2533bb95d96fb1173aac18a1f0949c6b446871e145d662ed8ec2aa6cb1531b2f6b8b509ad6d74903c56349c8fce7d8b0c1c8c7539f792199d31390eb62,JF182307,,3/22/2022 7:50,30,NO CONTROLS,NO CONTROLS,CLEAR,DAYLIGHT,SIDESWIPE SAME DIRECTION,DIVIDED - W/MEDIAN (NOT RAISED),,STRAIGHT AND LEVEL,DRY,NO DEFECTS,NOT ON SCENE (DESK REPORT),NO INJURY / DRIVE AWAY,,,,"$501 - $1,500",3/22/2022 8:15,FAILING TO YIELD RIGHT-OF-WAY,UNABLE TO DETERMINE,3925,N,CENTRAL AVE,1633,,,,,,,2,NO INDICATION OF INJURY,0,0,0,0,0,2,0,7,3,3,41.95207839,-87.76681651,POINT (-87.766816505548 41.952078393287)
d69466ec3fc84b97d192d6b5dc782556fe9d5e074f6e99f752fee48cf075d677e6f03252091f6b3b57ac91bec30f0d2467f260106d393f45b5f28fd45c05d039,JF168779,,3/9/2022 7:50,30,NO CONTROLS,NO CONTROLS,CLEAR,DAYLIGHT,REAR TO FRONT,NOT DIVIDED,,STRAIGHT AND LEVEL,DRY,NO DEFECTS,NOT ON SCENE (DESK REPORT),NO INJURY / DRIVE AWAY,,,,"$501 - $1,500",3/9/2022 22:20,IMPROPER BACKING,NOT APPLICABLE,6420,W,ADDISON ST,1632,,,,,,,2,NO INDICATION OF INJURY,0,0,0,0,0,2,0,7,4,3,41.9457575,-87.78718928,POINT (-87.787189275585 41.945757501764)
b2228044dc673272becc40fb6777909b8c1143fb3376678d65b39b0ce9a4f636cfc0fd5bf84ab7a94d2b164ebf08d721c000521021956b1816aeeaca068d3716,JE153100,,2/23/2022 1:30,30,STOP SIGN/FLASHER,FUNCTIONING PROPERLY,CLEAR,"DARKNESS, LIGHTED ROAD",OTHER OBJECT,NOT DIVIDED,,STRAIGHT AND LEVEL,DRY,NO DEFECTS,ON SCENE,INJURY AND / OR TOW DUE TO CRASH,,,Y,"OVER $1,500",2/23/2022 1:38,UNABLE TO DETERMINE,NOT APPLICABLE,2928,W,87TH ST,835,,,,,,,1,NO INDICATION OF INJURY,0,0,0,0,0,1,0,1,4,2,41.73540991,-87.6958108,POINT (-87.695810803334 41.735409907963)
d83799a46247132b81d4a408ac7cfea7fad87022185078b0129a26d10d8502cfbe28e27438b02965c46a65245f6386928e700a32c257ddbb0a03f9b274a2fcba,JF167885,,3/9/2022 5:15,30,TRAFFIC SIGNAL,FUNCTIONING PROPERLY,CLEAR,"DARKNESS, LIGHTED ROAD",ANGLE,FOUR WAY,,STRAIGHT AND LEVEL,DRY,NO DEFECTS,ON SCENE,INJURY AND / OR TOW DUE TO CRASH,Y,,Y,"OVER $1,500",3/9/2022 5:17,UNABLE TO DETERMINE,UNABLE TO DETERMINE,2399,W,59TH ST,825,,,,,,,2,NONINCAPACITATING INJURY,1,0,0,1,0,1,0,5,4,3,41.78641161,-87.6837871,POINT (-87.683787097403 41.786411607967)
bbbfcd44225af5520432d645a10c36c686cef13011bdd8e93e9e4586f9585c85ef0814243fff960825602c96116a774248c8d3fbfbf8da45f269e59d29d34c9e,JF161396,,3/2/2022 21:05,30,STOP SIGN/FLASHER,FUNCTIONING PROPERLY,CLEAR,DARKNESS,PARKED MOTOR VEHICLE,ONE-WAY,,STRAIGHT AND LEVEL,DRY,NO DEFECTS,ON SCENE,INJURY AND / OR TOW DUE TO CRASH,,,Y,"OVER $1,500",3/2/2022 21:08,UNABLE TO DETERMINE,UNABLE TO DETERMINE,8432,S,PAULINA ST,614,,,,,,,4,NO INDICATION OF INJURY,0,0,0,0,0,1,0,21,4,3,41.74022265,-87.66575736,POINT (-87.665757362022 41.740222653359)
d83df764e822a810d88cd576ad31948f275efdb080ac7b1956288a104a6b7add8867d6e6373fbba15a944b55bc745e62b7b5d35111b8db051ec54e4b23e1cc94,JF167994,,3/9/2022 8:45,25,NO CONTROLS,NO CONTROLS,CLEAR,DAYLIGHT,SIDESWIPE SAME DIRECTION,NOT DIVIDED,,STRAIGHT AND LEVEL,DRY,NO DEFECTS,ON SCENE,NO INJURY / DRIVE AWAY,,,,"$501 - $1,500",3/9/2022 8:55,NOT APPLICABLE,NOT APPLICABLE,3236,N,MENARD AVE,1633,,,,,,,2,NO INDICATION OF INJURY,0,0,0,0,0,2,0,8,4,3,41.93964508,-87.77154527,POINT (-87.771545264757 41.939645081289)
b2b4d38e77689653ab94269e8dab27fc4337642a2db40cf82c21d569da2bb8887e62eced71f13672b6c84c5ea2515ce3fc720ca9b61ad548ffa18ac44aeef3ba,JF155885,,2/23/2022 8:30,30,TRAFFIC SIGNAL,FUNCTIONING PROPERLY,CLEAR,DAYLIGHT,REAR END,"FIVE POINT, OR MORE",,STRAIGHT AND LEVEL,DRY,NO DEFECTS,NOT ON SCENE (DESK REPORT),INJURY AND / OR TOW DUE TO CRASH,,,Y,"OVER $1,500",2/25/2022 16:39,FOLLOWING TOO CLOSELY,NOT APPLICABLE,7900,S,STONY ISLAND AVE,411,,,,,,,2,NONINCAPACITATING INJURY,1,0,0,1,0,1,0,8,4,2,41.7514606,-87.58597199,POINT (-87.585971992965 41.751460603167)
bcb0a2a98428e7d093b4c437ca4754c221b8701e22c24d0231fd7e951586539ce06157a60ac1488274252e2941cdd5e759b1945df8769ce20ef597442ee4be13,JF175977,,3/16/2022 15:00,30,TRAFFIC SIGNAL,FUNCTIONING PROPERLY,CLEAR,DAYLIGHT,SIDESWIPE SAME DIRECTION,NOT DIVIDED,,STRAIGHT AND LEVEL,DRY,NO DEFECTS,NOT ON SCENE (DESK REPORT),NO INJURY / DRIVE AWAY,,,N,"OVER $1,500",3/16/2022 15:20,DRIVING SKILLS/KNOWLEDGE/EXPERIENCE,NOT APPLICABLE,800,E,71ST ST,321,,,,,,,2,NO INDICATION OF INJURY,0,0,0,0,0,2,0,15,4,3,41.7659789,-87.60546387,POINT (-87.605463868765 41.765978898721)
d8bb45c370ed82fa609bc99f37e2f4b7fca7a937028eaeee8083c280119e7ec3699491f98409a9a2189a8eb888eda972b5b402365a701ef9a3bb41c656791105,JF168249,,3/9/2022 13:17,45,NO CONTROLS,NO CONTROLS,CLEAR,DAYLIGHT,FIXED OBJECT,ONE-WAY,,STRAIGHT AND LEVEL,DRY,"RUT, HOLES",ON SCENE,NO INJURY / DRIVE AWAY,,,,"OVER $1,500",3/9/2022 13:45,NOT APPLICABLE,NOT APPLICABLE,1398,N,LAKE SHORE DR SB,1824,,,,,,,1,NO INDICATION OF INJURY,0,0,0,0,0,1,0,13,4,3,41.907727,-87.62569731,POINT (-87.625697310445 41.907727002038)
bc1a1cd773e1a2da6c38b3d0098cd36c04c5cbdb575dd8e81e00dff7574502dc10764022f6abf422c8911c5486c3a140a3bce94a8e49d4d5991dbb85cd97d91d,JE377280,,9/10/2021 5:00,30,UNKNOWN,UNKNOWN,UNKNOWN,UNKNOWN,PARKED MOTOR VEHICLE,UNKNOWN,,STRAIGHT AND LEVEL,UNKNOWN,UNKNOWN,,NO INJURY / DRIVE AWAY,,,,$500 OR LESS,9/17/2021 15:44,NOT APPLICABLE,NOT APPLICABLE,5436,S,KEDZIE AVE,822,,,,,,,2,NO INDICATION OF INJURY,0,0,0,0,0,1,0,5,6,9,41.7942025,-87.7037251,POINT (-87.703725100499 41.794202496881)
c7ad978684ec3a1bf1380188260991a515e45760bd99c8bee378642b67680e6909e741cd970b78ca55ce3006ec05fa36bfa6652a84464e365469c1f4628dcc48,JE424720,,10/27/2021 14:30,35,NO CONTROLS,NO CONTROLS,CLEAR,DAYLIGHT,PARKED MOTOR VEHICLE,PARKING LOT,,STRAIGHT AND LEVEL,UNKNOWN,UNKNOWN,,NO INJURY / DRIVE AWAY,,,Y,"$501 - $1,500",10/27/2021 20:00,UNABLE TO DETERMINE,NOT APPLICABLE,5100,S,CALUMET AVE,231,,,,,,,2,NO INDICATION OF INJURY,0,0,0,0,0,1,0,14,4,10,41.80198381,-87.61789128,POINT (-87.617891280487 41.801983810143)
b2f45eb79793ab4dea6d71851926ad6ff3cce75e1b36cafccba3f7282dad82bcd2dbea01f2ff6daae042a68073c4fb7111290313fe24de185fb50c0f8a0763e7,JF153326,,2/23/2022 8:15,30,TRAFFIC SIGNAL,FUNCTIONING PROPERLY,CLEAR,DAYLIGHT,TURNING,NOT DIVIDED,,STRAIGHT AND LEVEL,DRY,NO DEFECTS,NOT ON SCENE (DESK REPORT),NO INJURY / DRIVE AWAY,Y,,Y,"OVER $1,500",2/23/2022 9:30,IMPROPER OVERTAKING/PASSING,UNABLE TO DETERMINE,3858,S,KEDZIE AVE,911,,,,,,,3,NO INDICATION OF INJURY,0,0,0,0,0,3,0,8,4,2,41.82266449,-87.70456343,POINT (-87.704563429119 41.822664485221)
bd5ff8eb9bcbba21fc9e78c607ef2caa076706bf6e9ad125af1dc819716daf8daeb810fc31033f2bef0dfdb11a58183650a384fac0b5b9de1c9bbecdabedd285,JF176215,,3/16/2022 17:40,35,TRAFFIC SIGNAL,FUNCTIONING PROPERLY,CLEAR,DAYLIGHT,TURNING,DIVIDED - W/MEDIAN (NOT RAISED),,STRAIGHT AND LEVEL,DRY,NO DEFECTS,ON SCENE,INJURY AND / OR TOW DUE TO CRASH,Y,,,"OVER $1,500",3/16/2022 17:42,FAILING TO YIELD RIGHT-OF-WAY,NOT APPLICABLE,5509,N,CUMBERLAND AVE,1614,,,,,,,2,NO INDICATION OF INJURY,0,0,0,0,0,2,0,17,4,3,41.97962409,-87.8364345,POINT (-87.836434500568 41.979624084686)
b3bcd9e0be352d372d41c00378cef4966c6302ded5b50bba830b4b09635b224c679efec32079a5d0843e1dbb23b82e986c6026cf73e23a777e005e683d0b807e,JF149517,,2/16/2022 11:00,15,NO CONTROLS,NO CONTROLS,SNOW,DAYLIGHT,PARKED MOTOR VEHICLE,PARKING LOT,,STRAIGHT AND LEVEL,SNOW OR SLUSH,NO DEFECTS,NOT ON SCENE (DESK REPORT),NO INJURY / DRIVE AWAY,,Y,Y,"$501 - $1,500",2/19/2022 13:20,UNABLE TO DETERMINE,UNABLE TO DETERMINE,10500,S,WOODLAWN AVE,512,,,,,,,2,NO INDICATION OF INJURY,0,0,0,0,0,1,0,11,4,2,41.70371817,-87.59435614,POINT (-87.594356135652 41.70371817243)
d9dcd31bb309b1d0ac64ebb9a8070a0fe69ab837df2d588dd837c0ed449d9bb9d040b304057c616f917d68d8679adc65f449c342b70fc8ac7cfc62ffdcded28b,JF167944,,3/9/2022 7:00,30,NO CONTROLS,NO CONTROLS,CLEAR,DAYLIGHT,TURNING,FOUR WAY,,STRAIGHT AND LEVEL,DRY,UNKNOWN,NOT ON SCENE (DESK REPORT),NO INJURY / DRIVE AWAY,Y,,Y,"OVER $1,500",3/9/2022 8:00,IMPROPER TURNING/NO SIGNAL,IMPROPER TURNING/NO SIGNAL,3832,W,DIVERSEY AVE,2523,,,,,,,2,NO INDICATION OF INJURY,0,0,0,0,0,2,0,7,4,3,41.93194601,-87.72344452,POINT (-87.723444520415 41.931946009148)
b38b55aab40e6180f21d083531331404b8c47c4cf0799af51dd63f1953ad87b17ff8d2dfa1775e65d2d8fd983619b84b9df7451e16c61b1fda7cb777cebe8f64,JF153317,,2/23/2022 9:15,30,NO CONTROLS,NO CONTROLS,CLEAR,DAYLIGHT,PARKED MOTOR VEHICLE,DIVIDED - W/MEDIAN (NOT RAISED),,STRAIGHT AND LEVEL,DRY,NO DEFECTS,ON SCENE,NO INJURY / DRIVE AWAY,,,,"OVER $1,500",2/23/2022 9:20,DRIVING SKILLS/KNOWLEDGE/EXPERIENCE,DRIVING SKILLS/KNOWLEDGE/EXPERIENCE,2115,N,CLARK ST,1814,,,,,,,2,NO INDICATION OF INJURY,0,0,0,0,0,1,0,9,4,2,41.92065674,-87.63733281,POINT (-87.637332804522 41.920656741976)
b47f2303fb9c356a5af7d3d69134647de46df896ba9cdcce0c8f0ce2186dbc90d39410825a3ee10a0c6ff5ed626d95b5d5277e7dce1e7fe093ecc1d36a88390f,JF146123,Y,2/16/2022 8:30,30,NO CONTROLS,NO CONTROLS,CLOUDY/OVERCAST,DAYLIGHT,PARKED MOTOR VEHICLE,NOT DIVIDED,,STRAIGHT AND LEVEL,DRY,NO DEFECTS,NOT ON SCENE (DESK REPORT),NO INJURY / DRIVE AWAY,,,,"OVER $1,500",2/16/2022 11:00,IMPROPER OVERTAKING/PASSING,DRIVING SKILLS/KNOWLEDGE/EXPERIENCE,1538,W,46TH ST,924,,,,,,,2,NO INDICATION OF INJURY,0,0,0,0,0,1,0,8,4,2,41.81054373,-87.66414155,POINT (-87.664141549384 41.810543726755)
be84d07f7726fab59197b156c4a1506ccf106336d73e67abb3482160594b2dbdceb7cf36eaa89321041b4a528cdbd5dc8dbfdb7022ec01f92beefcdc682f46e6,JF176297,,3/16/2022 19:01,30,NO CONTROLS,NO CONTROLS,CLEAR,DAWN,TURNING,DIVIDED - W/MEDIAN (NOT RAISED),,STRAIGHT AND LEVEL,DRY,UNKNOWN,ON SCENE,INJURY AND / OR TOW DUE TO CRASH,,,,"OVER $1,500",3/16/2022 19:05,FAILING TO YIELD RIGHT-OF-WAY,NOT APPLICABLE,4609,W,FULLERTON AVE,2522,,,,,,,2,"REPORTED, NOT EVIDENT",1,0,0,0,1,3,0,19,4,3,41.92418473,-87.74219816,POINT (-87.742198161948 41.924184728133)
ca8ec40871d205406c81a0f526ae93aa18649ad3913b3485cfee3d3ebb687b58033af9647a85b2b08d2790722fb09adf4b5b89296b2f7cfe559dc549ace86e04,JF182319,,3/22/2022 8:20,30,NO CONTROLS,NO CONTROLS,RAIN,DAYLIGHT,SIDESWIPE SAME DIRECTION,NOT DIVIDED,,STRAIGHT AND LEVEL,WET,NO DEFECTS,ON SCENE,NO INJURY / DRIVE AWAY,,N,,"$501 - $1,500",3/22/2022 8:32,FAILING TO YIELD RIGHT-OF-WAY,FAILING TO YIELD RIGHT-OF-WAY,13,E,MARQUETTE RD,322,,,,,,,2,NO INDICATION OF INJURY,0,0,0,0,0,3,0,8,3,3,41.77263925,-87.6245535,POINT (-87.624553498881 41.772639252639)
b51829890916060751258c790caf01823b3145faab43ca6bdeac316e9642e8b4ade573cea6ad24c222555af77c180dc45a6f35e1aeb19d1bac10eeed356e5acb,JF146865,,2/16/2022 1:08,30,TRAFFIC SIGNAL,FUNCTIONING PROPERLY,CLEAR,"DARKNESS, LIGHTED ROAD",REAR END,DIVIDED - W/MEDIAN (NOT RAISED),,STRAIGHT AND LEVEL,DRY,NO DEFECTS,NOT ON SCENE (DESK REPORT),INJURY AND / OR TOW DUE TO CRASH,Y,,,"OVER $1,500",2/16/2022 21:30,FOLLOWING TOO CLOSELY,DISTRACTION - FROM INSIDE VEHICLE,140,W,35TH ST,915,,,,,,,2,"REPORTED, NOT EVIDENT",1,0,0,0,1,1,0,1,4,2,41.83106304,-87.63066076,POINT (-87.63066075743 41.831063035314)
dac0ed5f8948a0b10a15172ab6d26bb8edcaa6af2dfc4af05a27f4ddba6c5182bf384fb973aa31d25da66354a6914f1b999bb40f03caafdab76f8f2d4cb04371,JF168038,,3/9/2022 8:56,30,OTHER WARNING SIGN,FUNCTIONING PROPERLY,CLEAR,DAYLIGHT,SIDESWIPE SAME DIRECTION,OTHER,,STRAIGHT AND LEVEL,UNKNOWN,UNKNOWN,ON SCENE,NO INJURY / DRIVE AWAY,Y,,,"OVER $1,500",3/9/2022 8:56,UNABLE TO DETERMINE,UNABLE TO DETERMINE,5500,S,INDIANA AVE,231,,,,Y,UNKNOWN,,2,NO INDICATION OF INJURY,0,0,0,0,0,5,0,8,4,3,41.79436896,-87.62098331,POINT (-87.620983312554 41.794368962316)
bf44714d60b94e8df9e1a9421718ea4b2906b8267ebdfb396b0e3e04b5f29b6d6fd57c49927579bc71128ff174662ca33a690de9d1c3cce3cd23063ffae51ee6,JF175766,,3/16/2022 12:15,30,TRAFFIC SIGNAL,FUNCTIONING PROPERLY,CLEAR,DAYLIGHT,TURNING,DIVIDED - W/MEDIAN BARRIER,,STRAIGHT AND LEVEL,DRY,NO DEFECTS,ON SCENE,NO INJURY / DRIVE AWAY,Y,,,"$501 - $1,500",3/16/2022 12:17,EQUIPMENT - VEHICLE CONDITION,NOT APPLICABLE,7100,S,PULASKI RD,833,,,,,,,2,NO INDICATION OF INJURY,0,0,0,0,0,2,0,12,4,3,41.76400775,-87.72249911,POINT (-87.722499107707 41.764007749308)
b4f0382fcab92a55d8db35cfccc0540d3c135ea24165e6f91ca3c5fc6ac6befdac40e50fb5d59c4652af645927e1af008bd00ce86350b69316df3bb1b3fd9ff9,JF153856,,2/23/2022 16:23,30,STOP SIGN/FLASHER,FUNCTIONING PROPERLY,CLEAR,DAYLIGHT,ANGLE,FOUR WAY,,STRAIGHT AND LEVEL,DRY,UNKNOWN,ON SCENE,NO INJURY / DRIVE AWAY,Y,,,"OVER $1,500",2/23/2022 16:34,UNABLE TO DETERMINE,UNABLE TO DETERMINE,5926,W,FULLERTON AVE,2515,,,,,,,2,NO INDICATION OF INJURY,0,0,0,0,0,3,0,16,4,2,41.92395714,-87.77444354,POINT (-87.774443539724 41.923957137601)
b4f0aadda6ddd701666ccc6a3cb5fda55a428566c7f0f3e73c9c84d01dd1ceae614775e857e8da09492a51e50df852be65529130958749be41cb52aa081787d7,JF153824,,2/23/2022 15:57,30,NO CONTROLS,NO CONTROLS,CLEAR,DAYLIGHT,SIDESWIPE SAME DIRECTION,NOT DIVIDED,,STRAIGHT AND LEVEL,DRY,NO DEFECTS,ON SCENE,INJURY AND / OR TOW DUE TO CRASH,,,,"OVER $1,500",2/23/2022 15:57,NOT APPLICABLE,NOT APPLICABLE,4920,W,AUGUSTA BLVD,1531,,,,,,,2,NO INDICATION OF INJURY,0,0,0,0,0,2,0,15,4,2,41.89875638,-87.74922563,POINT (-87.749225632268 41.8987563756)
cc28d4f93314ad908575a94ab1029363bac5748c6151637381114197db8050a70cb79a099a5f8972d72f5b97430dece81ae85d68bc49bc85e8969382e31bfdbc,JF182184,,3/22/2022 4:45,15,NO CONTROLS,OTHER,CLEAR,DARKNESS,FIXED OBJECT,OTHER,,STRAIGHT AND LEVEL,DRY,NO DEFECTS,ON SCENE,NO INJURY / DRIVE AWAY,,,,"OVER $1,500",3/22/2022 5:06,UNABLE TO DETERMINE,IMPROPER BACKING,157,E,OHIO ST,1834,,,,,,,1,NO INDICATION OF INJURY,0,0,0,0,0,1,0,4,3,3,41.89244202,-87.62314748,POINT (-87.623147475251 41.892442022929)
b60de2943407f38b4a88ebfb6bf1e6a457304a0767d995b847873151234b779838d137c86943052f93bbd8fa414113af36d831bec2e854efca880a90f6c9a91f,JF146640,,2/16/2022 17:05,30,TRAFFIC SIGNAL,FUNCTIONING PROPERLY,RAIN,"DARKNESS, LIGHTED ROAD",REAR END,NOT DIVIDED,,STRAIGHT AND LEVEL,WET,NO DEFECTS,ON SCENE,NO INJURY / DRIVE AWAY,Y,,,"$501 - $1,500",2/16/2022 17:46,FOLLOWING TOO CLOSELY,NOT APPLICABLE,1601,E,75TH ST,411,,,,,,,2,NO INDICATION OF INJURY,0,0,0,0,0,2,0,17,4,2,41.75865822,-87.58567938,POINT (-87.585679384328 41.758658217701)
c0c4fb208f54cb7ca33ab1d6476bd2ca74047d1a6ba82b812bf1762666a98216e2e1d3454066e6786568c883816618da42c7dde9ecf7638a7eafedb6b4cd6a31,JF175708,,3/16/2022 10:30,25,NO CONTROLS,NO CONTROLS,CLEAR,DAYLIGHT,ANGLE,ONE-WAY,,STRAIGHT AND LEVEL,DRY,NO DEFECTS,ON SCENE,NO INJURY / DRIVE AWAY,,,,"OVER $1,500",3/16/2022 10:54,FAILING TO YIELD RIGHT-OF-WAY,DRIVING SKILLS/KNOWLEDGE/EXPERIENCE,2933,W,CORTEZ ST,1211,,Y,,,,,2,NO INDICATION OF INJURY,0,0,0,0,0,2,0,10,4,3,41.90035391,-87.70064213,POINT (-87.700642133271 41.900353910216)
c1bc421bdc479ba0ddeb320fc5768a33ae5754db19efa770e7f3f0ce6c134b42c403c07d442078bc2eff22bc4a4739ab5e0a8610e1d96541156266f6beca59ac,JF176422,,3/16/2022 21:40,30,TRAFFIC SIGNAL,FUNCTIONING PROPERLY,CLEAR,"DARKNESS, LIGHTED ROAD",SIDESWIPE SAME DIRECTION,FOUR WAY,,STRAIGHT AND LEVEL,DRY,NO DEFECTS,NOT ON SCENE (DESK REPORT),NO INJURY / DRIVE AWAY,,,Y,"OVER $1,500",3/16/2022 22:00,IMPROPER OVERTAKING/PASSING,IMPROPER OVERTAKING/PASSING,11103,S,WESTERN AVE,2212,,,,,,,2,NO INDICATION OF INJURY,0,0,0,0,0,3,0,21,4,3,41.69166869,-87.68100545,POINT (-87.681005450917 41.691668688323)
b6cd1b09e3791e28336d18830233789e6b463a6d881dd2590224a70a231dc5efe000d239fe99bb4f36d72edf44e0500ed520b84382b8efeabead7e586f94a4d8,JF145997,,2/16/2022 8:05,30,NO CONTROLS,NO CONTROLS,CLEAR,DAYLIGHT,REAR END,NOT DIVIDED,,STRAIGHT AND LEVEL,DRY,UNKNOWN,NOT ON SCENE (DESK REPORT),NO INJURY / DRIVE AWAY,,,,"OVER $1,500",2/16/2022 8:43,UNABLE TO DETERMINE,UNABLE TO DETERMINE,4200,W,115TH ST,2211,,,,,,,3,NO INDICATION OF INJURY,0,0,0,0,0,3,0,8,4,2,41.68399182,-87.72501728,POINT (-87.725017275758 41.683991815644)
b6e37f99f22aeb51595545555ad8684e3e945a5bc2f4b515aa01f78cce0416021d3140fc40af9a6b6433424123a352534cbdcb3fa6b7541452afdd39b56cd571,JF154883,,2/16/2022 5:30,10,NO CONTROLS,NO CONTROLS,CLEAR,DAYLIGHT,PARKED MOTOR VEHICLE,PARKING LOT,,STRAIGHT AND LEVEL,DRY,NO DEFECTS,NOT ON SCENE (DESK REPORT),NO INJURY / DRIVE AWAY,,Y,,"OVER $1,500",2/24/2022 16:55,FAILING TO REDUCE SPEED TO AVOID CRASH,DRIVING SKILLS/KNOWLEDGE/EXPERIENCE,720,E,111TH ST,513,,,,,,,2,NO INDICATION OF INJURY,0,0,0,0,0,1,0,5,4,2,41.69294383,-87.60441244,POINT (-87.60441244343 41.692943832819)
b5ef46a451f410b8d713d8b5e3e57f389d80a0f031e91a58acd03f6bf211407232d7376b90f437921d8aeb702fc3c91ba207c7dad9eff0f67c37283b06ac0757,JF153667,Y,2/23/2022 13:00,30,NO CONTROLS,NO CONTROLS,UNKNOWN,UNKNOWN,PARKED MOTOR VEHICLE,NOT DIVIDED,,STRAIGHT AND LEVEL,UNKNOWN,UNKNOWN,NOT ON SCENE (DESK REPORT),NO INJURY / DRIVE AWAY,,,Y,"OVER $1,500",2/23/2022 14:30,UNABLE TO DETERMINE,UNABLE TO DETERMINE,3017,W,FIFTH AVE,1124,,,,,,,2,NO INDICATION OF INJURY,0,0,0,0,0,1,0,13,4,2,41.87942114,-87.70183226,POINT (-87.701832255488 41.879421138306)
c1587aaad30af670180cc467623ba0f82b4630ac235100331d8bc493e03ee886c62236712aa9b5691e4306721f67ec2ea2b282fef28fa109b7164f7d8ba93aef,JD421687,,11/5/2020 12:00,35,TRAFFIC SIGNAL,FUNCTIONING PROPERLY,CLEAR,DAYLIGHT,REAR END,ONE-WAY,,STRAIGHT AND LEVEL,DRY,UNKNOWN,,INJURY AND / OR TOW DUE TO CRASH,Y,,,"OVER $1,500",11/5/2020 12:30,FOLLOWING TOO CLOSELY,NOT APPLICABLE,7500,S,STATE ST,623,,,,,,,2,NONINCAPACITATING INJURY,2,0,0,2,0,1,0,12,5,11,41.75809218,-87.62490223,POINT (-87.624902228247 41.758092176383)
cd471937b5a852977a6c7d293105bb86a3700db8216c42f0ec01aa68054e8c3d45d667a68ef39092742578973e124204b0536cb0ca1405d0ac94bf6e2e6e52d4,JE237265,,5/13/2021 11:15,30,NO CONTROLS,NO CONTROLS,CLEAR,DAYLIGHT,REAR END,DRIVEWAY,,STRAIGHT AND LEVEL,DRY,UNKNOWN,,NO INJURY / DRIVE AWAY,,,,"OVER $1,500",5/21/2021 9:25,FOLLOWING TOO CLOSELY,FAILING TO REDUCE SPEED TO AVOID CRASH,2828,N,CLARK ST,1934,,,,,,,2,NO INDICATION OF INJURY,0,0,0,0,0,2,0,11,5,5,41.93347404,-87.64559929,POINT (-87.645599291661 41.933474039451)
cd89498b09fb4285cc0a4d45ea955880917838cd932740d79280422fced9c205d9ccb7bb0e0ab44e04972e7b6b7883fcb9fd5c40c2b44a7a79ab46f936e8c34b,JF182528,Y,3/22/2022 11:10,30,NO CONTROLS,NO CONTROLS,CLEAR,DAYLIGHT,SIDESWIPE SAME DIRECTION,PARKING LOT,,STRAIGHT AND LEVEL,WET,UNKNOWN,ON SCENE,NO INJURY / DRIVE AWAY,,,,"$501 - $1,500",3/22/2022 11:18,DRIVING SKILLS/KNOWLEDGE/EXPERIENCE,DRIVING SKILLS/KNOWLEDGE/EXPERIENCE,1711,W,CERMAK RD,1034,,,,,,,2,NO INDICATION OF INJURY,0,0,0,0,0,2,0,11,3,3,41.85216786,-87.66897504,POINT (-87.668975040664 41.852167863628)