CRASH_RECORD_ID,RD_NO,CRASH_DATE_EST_I,CRASH_DATE,POSTED_SPEED_LIMIT,TRAFFIC_CONTROL_DEVICE,DEVICE_CONDITION,WEATHER_CONDITION,LIGHTING_CONDITION,FIRST_CRASH_TYPE,TRAFFICWAY_TYPE,LANE_CNT,ALIGNMENT,ROADWAY_SURFACE_COND,ROAD_DEFECT,REPORT_TYPE,CRASH_TYPE,INTERSECTION_RELATED_I,NOT_RIGHT_OF_WAY_I,HIT_AND_RUN_I,DAMAGE,DATE_POLICE_NOTIFIED,PRIM_CONTRIBUTORY_CAUSE,SEC_CONTRIBUTORY_CAUSE,STREET_NO,STREET_DIRECTION,STREET_NAME,BEAT_OF_OCCURRENCE,PHOTOS_TAKEN_I,STATEMENTS_TAKEN_I,DOORING_I,WORK_ZONE_I,WORK_ZONE_TYPE,WORKERS_PRESENT_I,NUM_UNITS,MOST_SEVERE_INJURY,INJURIES_TOTAL,INJURIES_FATAL,INJURIES_INCAPACITATING,INJURIES_NON_INCAPACITATING,INJURIES_REPORTED_NOT_EVIDENT,INJURIES_NO_INDICATION,INJURIES_UNKNOWN,CRASH_HOUR,CRASH_DAY_OF_WEEK,CRASH_MONTH,LATITUDE,LONGITUDE,LOCATION
b7556c6fbfcda07f2607a22cc79141ebdb1614f8b75208962c2d3b5909430dedbde8ef9b9f401c0b3484b835c2740c85e83334f9dd7fdd7dd7efa72b9739f4a7,JF145917,,2/16/2022 7:30,30,NO CONTROLS,NO CONTROLS,CLEAR,DAYLIGHT,SIDESWIPE SAME DIRECTION,ONE-WAY,,STRAIGHT AND LEVEL,DRY,NO DEFECTS,NOT ON SCENE (DESK REPORT),NO INJURY / DRIVE AWAY,,,,"OVER $1,500",2/16/2022 7:50,FAILING TO YIELD RIGHT-OF-WAY,UNABLE TO DETERMINE,2217,N,NATCHEZ AVE,2512,,,,,,,2,NO INDICATION OF INJURY,0,0,0,0,0,2,0,7,4,2,41.92056606,-87.78765105,POINT (-87.787651053259 41.920566063249)
ddced78de650d11f6204634090f80cebc0c905cdbc629888543044a62a10debe6ca2aa8455f3b46cecf12f435d8039f097ba28113720eeb82874eb882920e9e2,JF168003,,3/9/2022 6:00,20,NO CONTROLS,NO CONTROLS,CLEAR,UNKNOWN,PARKED MOTOR VEHICLE,NOT DIVIDED,,STRAIGHT AND LEVEL,UNKNOWN,UNKNOWN,ON SCENE,NO INJURY / DRIVE AWAY,,,Y,"OVER $1,500",3/9/2022 6:56,UNABLE TO DETERMINE,UNABLE TO DETERMINE,8559,S,MAY ST,613,,,,,,,2,NO INDICATION OF INJURY,0,0,0,0,0,1,0,6,4,3,41.73786591,-87.6520339,POINT (-87.652033895125 41.73786591258)
b71ae177cc2633771a63d2ec3b02d804eaa2f0a4ada1e492b44ced92ec1c733b0ef36c6217b88fd2c42ec20c5f2163b0409257c1ee96bdea364fac08ff8547f5,JF153801,,2/23/2022 15:06,30,NO CONTROLS,NO CONTROLS,CLEAR,DAYLIGHT,TURNING,DIVIDED - W/MEDIAN (NOT RAISED),,STRAIGHT AND LEVEL,WET,NO DEFECTS,ON SCENE,INJURY AND / OR TOW DUE TO CRASH,Y,,,"OVER $1,500",2/23/2022 16:10,FAILING TO YIELD RIGHT-OF-WAY,NOT APPLICABLE,7101,W,GRAND AVE,2512,,,,,,,2,NO INDICATION OF INJURY,0,0,0,0,0,2,0,15,4,2,41.92343174,-87.80266517,POINT (-87.80266516945 41.923431743638)
c27e17144eceec750507d9dfe76b34adff8e2b97a3f08b2682121cde8ea93bdae38ddb4a6e7b2c11904b99d01eac1aa035dda63207c1b86469e59cdb9e232ada,JD162102,Y,2/23/2020 0:00,30,NO CONTROLS,NO CONTROLS,UNKNOWN,UNKNOWN,PARKED MOTOR VEHICLE,ONE-WAY,,STRAIGHT AND LEVEL,UNKNOWN,NO DEFECTS,,NO INJURY / DRIVE AWAY,,,Y,"OVER $1,500",2/23/2020 13:50,UNABLE TO DETERMINE,FAILING TO REDUCE SPEED TO AVOID CRASH,3045,W,40TH PL,921,,,,,,,2,NO INDICATION OF INJURY,0,0,0,0,0,1,0,0,1,2,41.81983679,-87.70130483,POINT (-87.701304824517 41.819836790577)
cdb75ca64dc25e802a6608ff1ad8d8feb18b49df0002f5318a499854366dc6a9bda5ad23e8f277128985392aae377f1e93c52ef2fc6a14b3e4d6a181b571fcb2,JC553318,,12/19/2019 21:52,25,NO CONTROLS,NO CONTROLS,CLEAR,"DARKNESS, LIGHTED ROAD",REAR END,OTHER,,STRAIGHT AND LEVEL,DRY,NO DEFECTS,,INJURY AND / OR TOW DUE TO CRASH,,,,"OVER $1,500",12/19/2019 22:10,FOLLOWING TOO CLOSELY,NOT APPLICABLE,2098,S,MARSHALL BLVD,1022,,,,,,,2,NO INDICATION OF INJURY,0,0,0,0,0,4,0,21,5,12,41.85372665,-87.69929767,POINT (-87.699297665374 41.853726651196)
b785a30628c18ca0021de6f4b4dc9300bf2b4be921145920dec30a28bc3581dd1fca7a27bff310c96222d9a3c6cca55bf77d62673ea7edcf37d7263ed5bdd7b3,JE215041,,4/30/2021 14:00,30,TRAFFIC SIGNAL,FUNCTIONING PROPERLY,CLEAR,DAYLIGHT,REAR END,OTHER,,STRAIGHT AND LEVEL,DRY,NO DEFECTS,,NO INJURY / DRIVE AWAY,,,,"OVER $1,500",4/30/2021 14:40,UNABLE TO DETERMINE,NOT APPLICABLE,4400,W,47TH ST,815,,,,,,,2,NO INDICATION OF INJURY,0,0,0,0,0,2,0,14,6,4,41.80785605,-87.73343455,POINT (-87.733434550527 41.807856044504)
c3094b3c2a83c85ed637ff99d67b62fd267100116daa4b9638c42a8104982be2e1c76dab6d6f0ed41e89857947b9860322ba3f1e9ab22b37f5247802592b5e24,JD303371,,7/20/2020 0:45,30,NO CONTROLS,NO CONTROLS,CLEAR,"DARKNESS, LIGHTED ROAD",PARKED MOTOR VEHICLE,ONE-WAY,,STRAIGHT AND LEVEL,DRY,NO DEFECTS,,NO INJURY / DRIVE AWAY,N,,N,$500 OR LESS,7/20/2020 1:02,DRIVING SKILLS/KNOWLEDGE/EXPERIENCE,FAILING TO REDUCE SPEED TO AVOID CRASH,629,E,78TH ST,624,,,,,,,2,NO INDICATION OF INJURY,0,0,0,0,0,1,0,0,2,7,41.7529335,-87.60897321,POINT (-87.608973206058 41.752933502985)
de52960a1de1af39bdcd6893fe41b783a963c0d70a19f11867f93eac87de79dd3b3c7ceca4446e83c4e4234ac6800b897c5b6f36de712d97e2031493fd0c51d4,JD134452,,1/30/2020 20:20,40,NO CONTROLS,NO CONTROLS,CLEAR,"DARKNESS, LIGHTED ROAD",REAR END,DIVIDED - W/MEDIAN BARRIER,,STRAIGHT AND LEVEL,DRY,UNKNOWN,,INJURY AND / OR TOW DUE TO CRASH,,,,"OVER $1,500",1/30/2020 20:21,IMPROPER OVERTAKING/PASSING,DRIVING SKILLS/KNOWLEDGE/EXPERIENCE,2100,N,LAKE SHORE DR NB,1814,,,,,,,3,NONINCAPACITATING INJURY,2,0,0,2,0,2,0,20,5,1,41.92033631,-87.62977542,POINT (-87.629775417361 41.920336313419)
de531ccdee400ca758fb22a9854ab2adc5f14d9afb5bcf3c17022ab4346368d282849ee286894e597c8738abb8b85a71d10cc81fac1008dcf4b97f4c8d2225ee,JB232286,,4/21/2018 10:05,30,TRAFFIC SIGNAL,FUNCTIONING PROPERLY,CLEAR,DAYLIGHT,REAR END,NOT DIVIDED,2,STRAIGHT AND LEVEL,DRY,NO DEFECTS,,NO INJURY / DRIVE AWAY,,,,"OVER $1,500",4/21/2018 10:15,FOLLOWING TOO CLOSELY,IMPROPER OVERTAKING/PASSING,1600,E,MARQUETTE DR,331,,,,,,,3,NO INDICATION OF INJURY,0,0,0,0,0,3,0,10,7,4,41.77528611,-87.58622347,POINT (-87.586223465209 41.775286111575)
ce0956244699bb738ccfaca3a0b7e21c641f711b0170e382aa2ad0ba80f4df8d98e8ebd61a658c96744a6cf2b562dfddddc9773868fc20b93af5bee9620a6fc4,JF182198,,3/22/2022 6:09,30,TRAFFIC SIGNAL,FUNCTIONING PROPERLY,RAIN,"DARKNESS, LIGHTED ROAD",PEDESTRIAN,NOT DIVIDED,,STRAIGHT AND LEVEL,WET,NO DEFECTS,ON SCENE,INJURY AND / OR TOW DUE TO CRASH,Y,,,$500 OR LESS,3/22/2022 6:09,FAILING TO YIELD RIGHT-OF-WAY,NOT APPLICABLE,7901,S,CICERO AVE,834,,,,,,,2,"REPORTED, NOT EVIDENT",1,0,0,0,1,1,0,6,3,3,41.74906506,-87.7412039,POINT (-87.741203904025 41.749065056465)
b8805739a207484e420161bf28ea440a166c9900caa80f2f9aa94b16cb6afc52fd66569cfcb32f7434d4d4112409f93aa7095b8f756cee2d4ba8914349bbc2fe,JF153522,,2/23/2022 12:15,30,STOP SIGN/FLASHER,FUNCTIONING PROPERLY,CLEAR,DAYLIGHT,REAR END,NOT DIVIDED,,STRAIGHT AND LEVEL,DRY,NO DEFECTS,ON SCENE,NO INJURY / DRIVE AWAY,,,Y,"$501 - $1,500",2/23/2022 12:15,IMPROPER OVERTAKING/PASSING,NOT APPLICABLE,358,E,115TH ST,531,,,,,,,2,NO INDICATION OF INJURY,0,0,0,0,0,2,0,12,4,2,41.68553552,-87.61321361,POINT (-87.613213612541 41.685535522572)
b8f9eb48520e0ed6f5c249f1408a8a376641bbfaf3d924f69cc79efa8a2f38991dadf5457270974bf50506fe817d1d6b5b6db4bb21222c6a40d3b36fce32783b,JF154057,,2/23/2022 19:49,30,NO CONTROLS,NO CONTROLS,CLEAR,DARKNESS,ANGLE,DIVIDED - W/MEDIAN (NOT RAISED),,STRAIGHT AND LEVEL,DRY,NO DEFECTS,NOT ON SCENE (DESK REPORT),NO INJURY / DRIVE AWAY,,,Y,"$501 - $1,500",2/23/2022 20:27,FAILING TO YIELD RIGHT-OF-WAY,NOT APPLICABLE,5700,S,PULASKI RD,813,,,,,,,2,NO INDICATION OF INJURY,0,0,0,0,0,2,0,19,4,2,41.78953063,-87.72320717,POINT (-87.723207174023 41.789530633118)
ba27ba70593722afb46ace04d5690a6b5e6a00401790971c986e289711f52aec7491773415bbf81cf61ce7b745136d3b8425d38c07e1240e483a7a869a368b01,JF145977,,2/16/2022 8:29,30,NO CONTROLS,NO CONTROLS,CLEAR,DAYLIGHT,TURNING,NOT DIVIDED,,STRAIGHT AND LEVEL,WET,NO DEFECTS,ON SCENE,NO INJURY / DRIVE AWAY,Y,,,"OVER $1,500",2/16/2022 8:33,IMPROPER TURNING/NO SIGNAL,NOT APPLICABLE,7130,W,GUNNISON ST,1613,,,,,,,2,NO INDICATION OF INJURY,0,0,0,0,0,2,0,8,4,2,41.96838766,-87.80596721,POINT (-87.805967207367 41.968387655327)
b97d0557fe41b226c4c152a9532d353cc9cd62cd18d65c48b03987ce3d01166006c8d2b70a25f80ad9e35806843985152af2f86c80b27c2bc20b82dadd76ae35,JF153627,Y,2/23/2022 13:00,30,NO CONTROLS,NO CONTROLS,CLEAR,DAYLIGHT,PARKED MOTOR VEHICLE,PARKING LOT,,STRAIGHT AND LEVEL,DRY,NO DEFECTS,ON SCENE,NO INJURY / DRIVE AWAY,,,Y,"$501 - $1,500",2/23/2022 13:45,UNABLE TO DETERMINE,UNABLE TO DETERMINE,6100,W,LELAND AVE,1622,,,,,,,2,NO INDICATION OF INJURY,0,0,0,0,0,1,0,13,4,2,41.96577269,-87.78018189,POINT (-87.780181884599 41.965772694214)
ba8467f224f25d233c8ee301deec91d4f8a6e68381bb646285fd2b594218690329e5c24798ecb823f40f6f7d7f8539da4721465416eca2d99bb5be55a015b310,JF146634,,2/16/2022 17:37,30,NO CONTROLS,NO CONTROLS,RAIN,"DARKNESS, LIGHTED ROAD",PARKED MOTOR VEHICLE,NOT DIVIDED,,STRAIGHT AND LEVEL,WET,NO DEFECTS,ON SCENE,NO INJURY / DRIVE AWAY,,,Y,$500 OR LESS,2/16/2022 17:37,UNABLE TO DETERMINE,UNABLE TO DETERMINE,5901,N,SHERIDAN RD,2022,,,,,,,2,NO INDICATION OF INJURY,0,0,0,0,0,1,0,17,4,2,41.9892552,-87.65521256,POINT (-87.655212560586 41.989255198914)
e020a65ee46e0a2dfc1cf3259bcdaa4bb673a7ce21e4904ca814b38f4db090a6bdc0a419c679367ab93a0797730415f4dcd8f48bb58b2af99ff4cd975a2f0fa2,JF168773,Y,3/9/2022 20:35,30,TRAFFIC SIGNAL,FUNCTIONING PROPERLY,CLEAR,"DARKNESS, LIGHTED ROAD",TURNING,NOT DIVIDED,,STRAIGHT AND LEVEL,DRY,NO DEFECTS,NOT ON SCENE (DESK REPORT),NO INJURY / DRIVE AWAY,Y,,,"OVER $1,500",3/9/2022 21:58,IMPROPER TURNING/NO SIGNAL,UNABLE TO DETERMINE,1606,E,79TH ST,411,,,,,,,2,NO INDICATION OF INJURY,0,0,0,0,0,4,0,20,4,3,41.75161085,-87.58536755,POINT (-87.585367544712 41.751610849697)
d06de015a5874883e673aec531953ab87fabc85d47e6c98dd3023798be4e7a3ae7689f062ba81a374fc58163eb2a80ff12d71c198e174e6be5bd0a85c9a74110,JE163461,,3/9/2021 6:06,30,TRAFFIC SIGNAL,FUNCTIONING PROPERLY,CLEAR,DAYLIGHT,ANGLE,FOUR WAY,,STRAIGHT AND LEVEL,DRY,NO DEFECTS,,INJURY AND / OR TOW DUE TO CRASH,Y,,,"OVER $1,500",3/9/2021 6:10,UNABLE TO DETERMINE,NOT APPLICABLE,340,N,CICERO AVE,1532,,Y,,,,,2,"REPORTED, NOT EVIDENT",2,0,0,0,2,0,0,6,3,3,41.88658961,-87.74564416,POINT (-87.745644158533 41.886589609947)
e0b77e058b31768b7c45d0340952167f72b96439ce12e207417ed5b7648399638619631012903ee73c29464020b678bf682d84c709bd6943dff5d145eb473a4d,JF169110,,3/9/2022 23:35,30,TRAFFIC SIGNAL,FUNCTIONING PROPERLY,CLEAR,"DARKNESS, LIGHTED ROAD",SIDESWIPE SAME DIRECTION,DIVIDED - W/MEDIAN (NOT RAISED),,STRAIGHT AND LEVEL,DRY,NO DEFECTS,NOT ON SCENE (DESK REPORT),NO INJURY / DRIVE AWAY,,,Y,"OVER $1,500",3/10/2022 10:10,UNABLE TO DETERMINE,UNABLE TO DETERMINE,3700,S,WESTERN AVE,911,,,,,,,2,NO INDICATION OF INJURY,0,0,0,0,0,2,0,23,4,3,41.8264369,-87.68506685,POINT (-87.685066849015 41.826436901538)
d1bb84b05b54e53ce23a6f01bed3de4c05dfa05e515308fe1f01182897352c5e2c75167044d8d75288651e14730dab8ae42536522119493aeb0c711e898fd053,JF182699,,3/22/2022 13:25,30,NO CONTROLS,NO CONTROLS,CLOUDY/OVERCAST,DAYLIGHT,SIDESWIPE SAME DIRECTION,NOT DIVIDED,,STRAIGHT AND LEVEL,DRY,NO DEFECTS,ON SCENE,INJURY AND / OR TOW DUE TO CRASH,,,,"OVER $1,500",3/22/2022 13:25,NOT APPLICABLE,NOT APPLICABLE,3202,W,FULTON BLVD,1123,,,,,,,2,NO INDICATION OF INJURY,0,0,0,0,0,2,0,13,3,3,41.88652368,-87.70648452,POINT (-87.706484521275 41.88652367982)
c585c70517b87e6f27afba175342ec9e4dcf7ec5c61cbc91e2f5ec155cf0e94405da02c7b7535969d43d3994758aae9b75b42be127018cbe2840a2a215ace867,JF176107,Y,3/16/2022 16:05,30,STOP SIGN/FLASHER,FUNCTIONING PROPERLY,CLEAR,DAYLIGHT,ANGLE,NOT DIVIDED,,STRAIGHT AND LEVEL,DRY,NO DEFECTS,ON SCENE,INJURY AND / OR TOW DUE TO CRASH,,,,"OVER $1,500",3/16/2022 16:25,UNABLE TO DETERMINE,UNABLE TO DETERMINE,220,S,CICERO AVE,1533,,,,,,,2,INCAPACITATING INJURY,2,0,1,1,0,0,0,16,4,3,41.87791548,-87.74533574,POINT (-87.745335735591 41.877915477853)
c4b111146372eba7df146acf09dab4171dafa2d0f45dea67a2ac64bd3c9291757c4e017932619e3274f5af67b985039c3946028d6ed8888d2af94eecf4fd3b68,JC438912,,9/18/2019 18:05,20,NO CONTROLS,NO CONTROLS,CLEAR,DAYLIGHT,PEDESTRIAN,NOT DIVIDED,,STRAIGHT AND LEVEL,DRY,NO DEFECTS,,INJURY AND / OR TOW DUE TO CRASH,,,,$500 OR LESS,9/18/2019 18:05,NOT APPLICABLE,NOT APPLICABLE,12151,S,ADA ST,524,,,,,,,2,NONINCAPACITATING INJURY,1,0,0,1,0,1,0,18,4,9,41.67239428,-87.6549823,POINT (-87.654982296424 41.672394280596)
d106e98c683746ab63591e1b247db505c3cb151a0bd861ec6a7c343eb09b3cdd3c8dd5e97df18e9a1a691cc2385593e1a484906202eab94ea6b416e405262be3,JE182013,,3/28/2021 5:04,15,NO CONTROLS,NO CONTROLS,CLEAR,"DARKNESS, LIGHTED ROAD",PARKED MOTOR VEHICLE,ONE-WAY,,STRAIGHT AND LEVEL,DRY,NO DEFECTS,,INJURY AND / OR TOW DUE TO CRASH,,,Y,"OVER $1,500",3/28/2021 5:04,UNABLE TO DETERMINE,NOT APPLICABLE,3218,N,HAMLIN AVE,1732,,,,,,,3,NO INDICATION OF INJURY,0,0,0,0,0,1,0,5,1,3,41.93975246,-87.72245892,POINT (-87.722458916444 41.939752457628)
d23e08463e66c294eff1c9700895d4f348d2288bfc8610918335242e06b20eccda5cac4bf27c72ee514e4b6b1aac2526306743f9fd9c11d2bf05ecb2d1c75d88,JF182557,,3/22/2022 11:50,30,NO CONTROLS,NO CONTROLS,CLOUDY/OVERCAST,DAYLIGHT,SIDESWIPE SAME DIRECTION,DIVIDED - W/MEDIAN BARRIER,,STRAIGHT AND LEVEL,DRY,NO DEFECTS,ON SCENE,NO INJURY / DRIVE AWAY,,,,"$501 - $1,500",3/22/2022 11:50,IMPROPER OVERTAKING/PASSING,NOT APPLICABLE,9247,S,STONY ISLAND AVE,413,,,,,,,2,NO INDICATION OF INJURY,0,0,0,0,0,2,0,11,3,3,41.72642097,-87.58483323,POINT (-87.584833227501 41.726420972602)
c5e5aae80bec5734ca039e24d6317e3dd030f8d5d4a0b2faa1f92ef2929e04a19747e0b2529306a217b0edad8bcba050bb7cfbf9e2defd53e9aa9db0a27e2b64,JF176838,Y,3/16/2022 8:00,20,UNKNOWN,UNKNOWN,UNKNOWN,UNKNOWN,PARKED MOTOR VEHICLE,UNKNOWN,,STRAIGHT AND LEVEL,UNKNOWN,UNKNOWN,NOT ON SCENE (DESK REPORT),NO INJURY / DRIVE AWAY,,,Y,"OVER $1,500",3/17/2022 10:15,UNABLE TO DETERMINE,NOT APPLICABLE,2914,E,91ST ST,423,,,,,,,3,NO INDICATION OF INJURY,0,0,0,0,0,1,0,8,4,3,41.73015966,-87.55333192,POINT (-87.553331917169 41.730159655467)
c5fbd63c4ff60b0be9bdf1225c65b5208a3108e50f5f44945b2ff8c2ef85dc08a53f13cba0b9df5e2f0a546af045fbee08ee7f5da961fcdb943865fa6b251f03,JF176454,Y,3/16/2022 22:50,30,NO CONTROLS,NO CONTROLS,CLEAR,"DARKNESS, LIGHTED ROAD",HEAD ON,DIVIDED - W/MEDIAN (NOT RAISED),,STRAIGHT AND LEVEL,DRY,NO DEFECTS,ON SCENE,NO INJURY / DRIVE AWAY,,,Y,"OVER $1,500",3/16/2022 22:59,DRIVING ON WRONG SIDE/WRONG WAY,DISREGARDING ROAD MARKINGS,527,E,47TH ST,223,,,,,,,2,NO INDICATION OF INJURY,0,0,0,0,0,4,0,22,4,3,41.80933014,-87.61280322,POINT (-87.6128032179 41.809330140265)
bb949de9f4250c03e91c5ae35928e3e6f623c49584eebe2d193c4a0c021698c3ffd947ce025afdff96129b88a32c707ad328dadee891119246e05ecefd337b49,JF151656,Y,2/16/2022 19:30,20,STOP SIGN/FLASHER,FUNCTIONING PROPERLY,CLEAR,"DARKNESS, LIGHTED ROAD",TURNING,ONE-WAY,,STRAIGHT AND LEVEL,DRY,NO DEFECTS,NOT ON SCENE (DESK REPORT),NO INJURY / DRIVE AWAY,,,,"OVER $1,500",2/21/2022 16:42,FAILING TO YIELD RIGHT-OF-WAY,FAILING TO YIELD RIGHT-OF-WAY,4432,N,MANOR AVE,1724,,,,,,,2,NO INDICATION OF INJURY,0,0,0,0,0,2,0,19,4,2,41.96227274,-87.6974203,POINT (-87.697420302583 41.962272741391)
bab65a368f6afbca535507852ba2c66a7b38cb2b4275cdf3da7edbf2bc74a85e937b697dbc87c00f8a30aa1f7fddac78422c38faa44cdae92fbc935e0cb80680,JF153559,,2/23/2022 12:45,30,NO CONTROLS,NO CONTROLS,CLEAR,DAYLIGHT,ANGLE,NOT DIVIDED,,STRAIGHT AND LEVEL,DRY,NO DEFECTS,ON SCENE,INJURY AND / OR TOW DUE TO CRASH,,,,"OVER $1,500",2/23/2022 12:50,FAILING TO YIELD RIGHT-OF-WAY,NOT APPLICABLE,8701,W,FOSTER AVE,1614,,,,,,,3,NO INDICATION OF INJURY,0,0,0,0,0,2,0,12,4,2,41.97363154,-87.84404173,POINT (-87.844041725868 41.973631544493)
e20d2ba8d9955ad9e975d321dca146dbdab88d89e18e8530cdd8ee2c9583c6f83328849c3a8f805a9d573c9f9832a309630c997eede4acba4ba7c3f9ce23843c,JF168813,,3/9/2022 16:00,15,NO CONTROLS,NO CONTROLS,CLEAR,DAYLIGHT,FIXED OBJECT,ONE-WAY,,STRAIGHT AND LEVEL,DRY,NO DEFECTS,ON SCENE,NO INJURY / DRIVE AWAY,,,,$500 OR LESS,3/9/2022 16:00,UNABLE TO DETERMINE,NOT APPLICABLE,222,E,69TH PL,322,,,,,,,1,NO INDICATION OF INJURY,0,0,0,0,0,2,0,16,4,3,41.76847488,-87.61920682,POINT (-87.619206819593 41.768474880889)
c65f3cd37d11565eefd2c4bb3c1f91f3de4d218fb86d9f76141ca1bd658367e6c97ef5b035a2d27da16e547a63ecb72feb572fd200b060873569f827c353c5a3,JF176877,Y,3/16/2022 20:00,30,NO CONTROLS,NO CONTROLS,CLEAR,DAYLIGHT,PARKED MOTOR VEHICLE,ONE-WAY,,STRAIGHT AND LEVEL,DRY,NO DEFECTS,NOT ON SCENE (DESK REPORT),NO INJURY / DRIVE AWAY,,,Y,"OVER $1,500",3/17/2022 11:10,UNABLE TO DETERMINE,NOT APPLICABLE,4018,W,JACKSON BLVD,1115,,,,,,,2,NO INDICATION OF INJURY,0,0,0,0,0,1,0,20,4,3,41.87718686,-87.72635587,POINT (-87.726355871573 41.877186858773)
d2abf6137bbb7b8ce50538a125da56b212e0b6f77e19fbbe0eb6017710e548bc65b4c8a0e1f1902e16586e693a9a16fd6d96758de81c2bce794d6d340a53428d,JF182627,,3/22/2022 12:29,30,TRAFFIC SIGNAL,FUNCTIONING PROPERLY,CLEAR,DAYLIGHT,TURNING,T-INTERSECTION,,STRAIGHT AND LEVEL,DRY,NO DEFECTS,ON SCENE,NO INJURY / DRIVE AWAY,Y,,,"OVER $1,500",3/22/2022 12:34,UNABLE TO DETERMINE,UNABLE TO DETERMINE,3200,N,KEDZIE AVE,1733,,,,,,,2,NO INDICATION OF INJURY,0,0,0,0,0,3,0,12,3,3,41.93935173,-87.70784659,POINT (-87.707846593598 41.93935173031)
c721ca41db4814301913983a11ac97a80fbad1a54bec72bd18dc0a4d3b60f6fe26eb9af02fb3866cae0b9ffddc66a8e142d9da3ab219cb950457f178bc9eac61,JF160816,,3/2/2022 11:06,30,NO CONTROLS,NO CONTROLS,CLEAR,DAYLIGHT,TURNING,ONE-WAY,,STRAIGHT AND LEVEL,DRY,NO DEFECTS,NOT ON SCENE (DESK REPORT),NO INJURY / DRIVE AWAY,,,Y,"OVER $1,500",3/2/2022 12:00,DRIVING SKILLS/KNOWLEDGE/EXPERIENCE,DRIVING SKILLS/KNOWLEDGE/EXPERIENCE,7750,S,SOUTH SHORE DR,421,,,,,,,2,NO INDICATION OF INJURY,0,0,0,0,0,3,0,11,4,3,41.75584938,-87.55238474,POINT (-87.552384739055 41.755849375901)
bc7238773002a4a923901923d308d4e4ec020ab2e8e57c47bc987977a3003f7dcb34af18ef710acbc226bb71565cd7cdd99de4a72ce65a712c2655f4f58a4ad6,JF145952,,2/16/2022 8:10,25,STOP SIGN/FLASHER,FUNCTIONING PROPERLY,SNOW,DAYLIGHT,ANGLE,FOUR WAY,,STRAIGHT AND LEVEL,SNOW OR SLUSH,NO DEFECTS,ON SCENE,NO INJURY / DRIVE AWAY,Y,,,"OVER $1,500",2/16/2022 8:11,UNABLE TO DETERMINE,NOT APPLICABLE,1200,W,LAKE ST,1215,,,,,,,2,NO INDICATION OF INJURY,0,0,0,0,0,2,0,8,4,2,41.88561136,-87.65690639,POINT (-87.65690638872 41.885611363563)
bcf7306b68affa15e6f2ce519b535e61778c5a05d84944a14e6e1b1f6ac5cfca2027b65bc9b65303338d03484630ef92ce24613e0a59491747ad2a47fd09d0ce,JF146568,,2/16/2022 15:45,30,TRAFFIC SIGNAL,FUNCTIONING PROPERLY,CLEAR,DAYLIGHT,REAR END,NOT DIVIDED,,STRAIGHT AND LEVEL,DRY,NO DEFECTS,NOT ON SCENE (DESK REPORT),NO INJURY / DRIVE AWAY,,,,"OVER $1,500",2/16/2022 17:05,DRIVING SKILLS/KNOWLEDGE/EXPERIENCE,NOT APPLICABLE,2400,S,CALIFORNIA AVE,1033,,,,,,,2,NO INDICATION OF INJURY,0,0,0,0,0,2,0,15,4,2,41.8482428,-87.69549086,POINT (-87.695490863877 41.848242798978)
c644a5eca066c07c765eee665662f51941dfda0a01346be28f72b9868fdec1f97026bb8e496e6a72579bd461970fb4a721033ffa8eeda5c71c30ce8b6a3d2b6a,JD411580,,10/25/2020 20:50,30,STOP SIGN/FLASHER,FUNCTIONING PROPERLY,CLEAR,DARKNESS,ANGLE,NOT DIVIDED,,STRAIGHT AND LEVEL,DRY,NO DEFECTS,,NO INJURY / DRIVE AWAY,Y,,,"OVER $1,500",10/26/2020 14:15,UNABLE TO DETERMINE,UNABLE TO DETERMINE,1141,N,DEARBORN ST,1824,,,,,,,2,NO INDICATION OF INJURY,0,0,0,0,0,2,0,20,1,10,41.90309237,-87.62981403,POINT (-87.629814028104 41.903092366693)
d2f5bc26daddfbb615b4e9f8abf45c6f61781ce03fe89a332decef78ca5509539a1f8471ea032d1023190661f4789ee692e31d4a17ad278627a82600c56d3ebb,JC303443,,6/12/2019 15:15,30,STOP SIGN/FLASHER,FUNCTIONING PROPERLY,CLOUDY/OVERCAST,DAYLIGHT,PEDALCYCLIST,ONE-WAY,,STRAIGHT AND LEVEL,DRY,NO DEFECTS,,INJURY AND / OR TOW DUE TO CRASH,,,Y,"$501 - $1,500",6/12/2019 15:24,FAILING TO YIELD RIGHT-OF-WAY,NOT APPLICABLE,7000,S,STATE ST,322,,,,,,,2,"REPORTED, NOT EVIDENT",1,0,0,0,1,1,0,15,4,6,41.76725309,-87.62505876,POINT (-87.625058757105 41.767253086954)
bd3d3d4c17190a1e502bbbce7f0d9f757d92ddf71c145915c15a2bc497d202c40dd74bdea11f7ed31ef19bd8e24238d8a77206c2f6174542496bf10288915975,JF146711,,2/16/2022 18:07,30,NO CONTROLS,NO CONTROLS,RAIN,"DARKNESS, LIGHTED ROAD",PARKED MOTOR VEHICLE,DIVIDED - W/MEDIAN (NOT RAISED),,STRAIGHT AND LEVEL,WET,NO DEFECTS,ON SCENE,INJURY AND / OR TOW DUE TO CRASH,,,,"OVER $1,500",2/16/2022 18:08,IMPROPER LANE USAGE,IMPROPER LANE USAGE,114,W,83RD ST,622,,,,,,,2,NO INDICATION OF INJURY,0,0,0,0,0,1,0,18,4,2,41.74371635,-87.62753948,POINT (-87.62753948163 41.743716350906)
bd69845f28674413cbc443a142aaad7d46b74f3dad0f80271f50226f7d0518b59425cb6b85bbfa536bbe048fc605ebe3dfdaedcaff6dfcca167a0472f49e02f2,JF146710,,2/16/2022 17:35,35,TRAFFIC SIGNAL,FUNCTIONING PROPERLY,RAIN,DAYLIGHT,SIDESWIPE SAME DIRECTION,ONE-WAY,,STRAIGHT AND LEVEL,WET,NO DEFECTS,ON SCENE,NO INJURY / DRIVE AWAY,,,,$500 OR LESS,2/16/2022 17:37,UNABLE TO DETERMINE,DRIVING SKILLS/KNOWLEDGE/EXPERIENCE,1,N,CLINTON ST,121,,,,,,,2,NO INDICATION OF INJURY,0,0,0,0,0,2,0,17,4,2,41.88192843,-87.64104807,POINT (-87.641048070427 41.881928426393)