CRASH_RECORD_ID,RD_NO,CRASH_DATE_EST_I,CRASH_DATE,POSTED_SPEED_LIMIT,TRAFFIC_CONTROL_DEVICE,DEVICE_CONDITION,WEATHER_CONDITION,LIGHTING_CONDITION,FIRST_CRASH_TYPE,TRAFFICWAY_TYPE,LANE_CNT,ALIGNMENT,ROADWAY_SURFACE_COND,ROAD_DEFECT,REPORT_TYPE,CRASH_TYPE,INTERSECTION_RELATED_I,NOT_RIGHT_OF_WAY_I,HIT_AND_RUN_I,DAMAGE,DATE_POLICE_NOTIFIED,PRIM_CONTRIBUTORY_CAUSE,SEC_CONTRIBUTORY_CAUSE,STREET_NO,STREET_DIRECTION,STREET_NAME,BEAT_OF_OCCURRENCE,PHOTOS_TAKEN_I,STATEMENTS_TAKEN_I,DOORING_I,WORK_ZONE_I,WORK_ZONE_TYPE,WORKERS_PRESENT_I,NUM_UNITS,MOST_SEVERE_INJURY,INJURIES_TOTAL,INJURIES_FATAL,INJURIES_INCAPACITATING,INJURIES_NON_INCAPACITATING,INJURIES_REPORTED_NOT_EVIDENT,INJURIES_NO_INDICATION,INJURIES_UNKNOWN,CRASH_HOUR,CRASH_DAY_OF_WEEK,CRASH_MONTH,LATITUDE,LONGITUDE,LOCATION
e2f8689395c864dc20675f0bedc6d3d9850c12cff9f50478194af0a7e4cf35a55e08ff2b3cd3c0086fe5adc5330fc8cb9b274f7224753b361738e1bd01a56974,JF168240,,3/9/2022 13:33,15,UNKNOWN,UNKNOWN,CLEAR,DAYLIGHT,PARKED MOTOR VEHICLE,NOT DIVIDED,,STRAIGHT AND LEVEL,DRY,UNKNOWN,ON SCENE,NO INJURY / DRIVE AWAY,,,,"OVER $1,500",3/9/2022 13:33,DRIVING ON WRONG SIDE/WRONG WAY,DRIVING ON WRONG SIDE/WRONG WAY,1224,S,SPRINGFIELD AVE,1011,,,,,,,2,NO INDICATION OF INJURY,0,0,0,0,0,1,0,13,4,3,41.86540571,-87.72285744,POINT (-87.722857443663 41.865405711529)
c6c8ff69e7fcad40610365c3a167642c9b868d497a4e33f384fef8c115a2f4eba74eba5a8d2a3c0cf1eecd17676327bb140cc980d14c6fa3f12d53322e05854d,JD184098,,3/13/2020 10:15,40,TRAFFIC SIGNAL,FUNCTIONING PROPERLY,CLEAR,DAYLIGHT,REAR END,DIVIDED - W/MEDIAN BARRIER,,STRAIGHT AND LEVEL,DRY,NO DEFECTS,,NO INJURY / DRIVE AWAY,,,,"$501 - $1,500",3/13/2020 10:20,FOLLOWING TOO CLOSELY,NOT APPLICABLE,799,N,LAKE SHORE DR NB,1833,,,,,,,2,NO INDICATION OF INJURY,0,0,0,0,0,2,0,10,6,3,41.89682661,-87.61650404,POINT (-87.616504038799 41.896826606292)
d38269bb3ce5d8d7ec7692e8ebd7a44f25ff89b11984b7392ed7c9f836d3fb489d4458639c5bac6cd0af2325b44ba2637da49800eee995a4abbc109982aab565,JD197018,,3/27/2020 17:05,30,NO CONTROLS,NO CONTROLS,CLEAR,DAYLIGHT,SIDESWIPE OPPOSITE DIRECTION,NOT DIVIDED,,STRAIGHT AND LEVEL,WET,NO DEFECTS,,NO INJURY / DRIVE AWAY,Y,,Y,"$501 - $1,500",3/28/2020 17:25,IMPROPER BACKING,NOT APPLICABLE,1800,N,LA CROSSE AVE,2533,,,,,,,2,NO INDICATION OF INJURY,0,0,0,0,0,2,0,17,6,3,41.91331632,-87.74826337,POINT (-87.7482633667 41.913316323182)
d3a9598c80f11a91494e2df46ce8e7de220c0af311905e078db6740df7d2b0741f8e248dc4a8e8dc5fd904dc53ab4d781aec3e3623e0677bef12083842fc916f,JE428487,,10/31/2021 1:16,30,TRAFFIC SIGNAL,FUNCTIONING PROPERLY,CLEAR,"DARKNESS, LIGHTED ROAD",REAR END,NOT DIVIDED,,STRAIGHT AND LEVEL,DRY,NO DEFECTS,,NO INJURY / DRIVE AWAY,Y,,,"OVER $1,500",10/31/2021 1:20,FOLLOWING TOO CLOSELY,NOT APPLICABLE,4000,W,FOSTER AVE,1712,,,,,,,2,NO INDICATION OF INJURY,0,0,0,0,0,2,0,1,1,10,41.97564062,-87.72833547,POINT (-87.728335469266 41.975640616232)
c8b7d81c1f7c6ba991e3ce1979ed3f7f15a511f93ef876b3c1073497cd611458d39a926c67c2fb7a3dd36bca737f3c71f84be507fe94c8b092c74ccb0ff10bf4,JF161058,Y,3/2/2022 15:51,30,TRAFFIC SIGNAL,UNKNOWN,CLEAR,DAYLIGHT,TURNING,NOT DIVIDED,,STRAIGHT AND LEVEL,DRY,UNKNOWN,ON SCENE,NO INJURY / DRIVE AWAY,,,N,"$501 - $1,500",3/2/2022 16:02,UNABLE TO DETERMINE,UNABLE TO DETERMINE,11100,S,WESTERN AVE,2212,,,,,,,2,NO INDICATION OF INJURY,0,0,0,0,0,2,0,15,4,3,41.69172739,-87.68130013,POINT (-87.681300128278 41.691727387818)
e47ec89612ca25e53bf1b0bc8717e3efe9676d0f329ae87a6979109b6f6fb14803a0297591aa9285586304740da9911e14586e4c97b3c01c385228d8c5010105,JF168505,,3/9/2022 16:10,30,NO CONTROLS,NO CONTROLS,CLEAR,DAYLIGHT,PARKED MOTOR VEHICLE,PARKING LOT,,STRAIGHT AND LEVEL,DRY,UNKNOWN,NOT ON SCENE (DESK REPORT),NO INJURY / DRIVE AWAY,,Y,,$500 OR LESS,3/9/2022 17:15,UNABLE TO DETERMINE,UNABLE TO DETERMINE,3401,W,47TH ST,821,,,,,,,2,NO INDICATION OF INJURY,0,0,0,0,0,1,0,16,4,3,41.80794657,-87.70893872,POINT (-87.708938715334 41.807946565584)
c7fb2fa1aebffd243401bcc42cb6c0ae2b7cc6873872cb210449ad4151ea666a2e4159969450d3ede9544fe51cc5dbff5be8219022ef8bd4acff7b2c9df362c7,JF175469,,3/16/2022 7:55,30,NO CONTROLS,NO CONTROLS,CLEAR,DAYLIGHT,REAR END,NOT DIVIDED,,STRAIGHT AND LEVEL,DRY,NO DEFECTS,ON SCENE,NO INJURY / DRIVE AWAY,,,,"OVER $1,500",3/16/2022 7:56,UNABLE TO DETERMINE,NOT APPLICABLE,734,W,DIVERSEY PKWY,1934,,,,,,,3,NO INDICATION OF INJURY,0,0,0,0,0,3,0,7,4,3,41.93285231,-87.64791046,POINT (-87.647910459316 41.932852308757)
c96f75a6ada8297308df577ad427a1cef704d0591da1d097f74470dfcdd3e689d230d3cd714f94f6f5b5172254a293d3864f1e8e5015f1c89908e79073cafd4d,JF161472,,3/2/2022 18:45,30,TRAFFIC SIGNAL,FUNCTIONING PROPERLY,CLEAR,"DARKNESS, LIGHTED ROAD",REAR END,FOUR WAY,,STRAIGHT AND LEVEL,DRY,UNKNOWN,NOT ON SCENE (DESK REPORT),NO INJURY / DRIVE AWAY,Y,,,"$501 - $1,500",3/3/2022 0:05,UNABLE TO DETERMINE,UNABLE TO DETERMINE,111,W,GARFIELD BLVD,225,,,,,,,2,NO INDICATION OF INJURY,0,0,0,0,0,2,0,18,4,3,41.79413913,-87.62823962,POINT (-87.628239620088 41.794139130857)
c81d721afaae8e2e627c757cdffc143dde395b0e105a0098dcd33a051704a251dba0eccfb409854e7339d227bcaf7c28ccfbeff263383dff0bf994c6e26f7fbe,JF176094,,3/16/2022 15:31,25,NO CONTROLS,NO CONTROLS,CLEAR,DAYLIGHT,SIDESWIPE SAME DIRECTION,NOT DIVIDED,,STRAIGHT AND LEVEL,DRY,NO DEFECTS,ON SCENE,NO INJURY / DRIVE AWAY,,,N,"OVER $1,500",3/16/2022 15:45,DISTRACTION - FROM OUTSIDE VEHICLE,NOT APPLICABLE,5704,S,WINCHESTER AVE,715,,,,,,,2,NO INDICATION OF INJURY,0,0,0,0,0,4,0,15,4,3,41.79008244,-87.67312622,POINT (-87.673126217791 41.790082441332)
e580420eaf40fe19cf95312eb73715ee7ae529b63b29dd5fb4d11f579636f7e3ec9ab883da5f04cb7b92fe746682e8a681df2ed1d51a2bdf92c9ba169a4e045f,JF168067,,3/9/2022 9:44,30,TRAFFIC SIGNAL,FUNCTIONING PROPERLY,CLEAR,DAYLIGHT,REAR END,DIVIDED - W/MEDIAN (NOT RAISED),,STRAIGHT AND LEVEL,DRY,NO DEFECTS,NOT ON SCENE (DESK REPORT),NO INJURY / DRIVE AWAY,,,Y,"OVER $1,500",3/9/2022 10:30,FOLLOWING TOO CLOSELY,FAILING TO REDUCE SPEED TO AVOID CRASH,5358,W,MONTROSE AVE,1623,,,,,,,2,NO INDICATION OF INJURY,0,0,0,0,0,2,0,9,4,3,41.96065342,-87.76219484,POINT (-87.762194835191 41.960653414952)
bddf76c18d699756b6ddcc18441e73189f0f382d17ff80a91e29280db32483af0eeccc10dc6863bd20ef699e92f148a63391577dca8844609f7fb5306a85175e,JF153684,,2/23/2022 13:06,30,NO CONTROLS,NO CONTROLS,CLEAR,DAYLIGHT,PARKED MOTOR VEHICLE,DRIVEWAY,,STRAIGHT AND LEVEL,DRY,NO DEFECTS,NOT ON SCENE (DESK REPORT),NO INJURY / DRIVE AWAY,,Y,,"$501 - $1,500",2/23/2022 14:50,UNABLE TO DETERMINE,NOT APPLICABLE,1725,W,HARRISON ST,1231,,,,,,,2,NO INDICATION OF INJURY,0,0,0,0,0,1,0,13,4,2,41.87401634,-87.67026083,POINT (-87.670260828397 41.874016335282)
bf279afe5ecbbd201081b3d3a4ee2c81581919631d9f02ea2084218ec444929156e1fdcadc50d40dd6d5041cbb7c0681d2fcc786251e7d0638e0f017f10766b0,JF146850,,2/16/2022 21:09,30,OTHER,FUNCTIONING PROPERLY,RAIN,DARKNESS,FIXED OBJECT,NOT DIVIDED,,STRAIGHT AND LEVEL,WET,NO DEFECTS,ON SCENE,INJURY AND / OR TOW DUE TO CRASH,,,,"OVER $1,500",2/16/2022 21:11,UNABLE TO DETERMINE,NOT APPLICABLE,4650,S,RACINE AVE,924,,,,,,,1,NO INDICATION OF INJURY,0,0,0,0,0,1,0,21,4,2,41.8090985,-87.65539926,POINT (-87.655399258374 41.809098504211)
cae5d625db470a1d7da9b87223d0fe00d3dd046111251d0ad913585d7993e7d8cd1787def9064dfb72c35d8164fade8a76c9eb9a3e37e84694a0dd1eda781c26,JF160634,,3/2/2022 8:21,30,NO CONTROLS,NO CONTROLS,CLEAR,DAYLIGHT,REAR END,DIVIDED - W/MEDIAN BARRIER,,STRAIGHT AND LEVEL,DRY,NO DEFECTS,NOT ON SCENE (DESK REPORT),NO INJURY / DRIVE AWAY,,,,"$501 - $1,500",3/2/2022 9:00,FOLLOWING TOO CLOSELY,FOLLOWING TOO CLOSELY,2548,N,LAKE SHORE DR SB,1935,,,,,,,2,NO INDICATION OF INJURY,0,0,0,0,0,2,0,8,4,3,41.92933447,-87.6322889,POINT (-87.632288903312 41.929334467557)
bf2d4db905ef5cbd42b69a0ea5e126c8995d128044be78c84428d01202d01c3ec19af9590afa88f77e5425ff9271c08f506355dee7722ced1700923c9466f909,JF146626,,2/16/2022 17:30,25,TRAFFIC SIGNAL,FUNCTIONING PROPERLY,RAIN,"DARKNESS, LIGHTED ROAD",TURNING,DIVIDED - W/MEDIAN (NOT RAISED),,STRAIGHT AND LEVEL,WET,UNKNOWN,NOT ON SCENE (DESK REPORT),INJURY AND / OR TOW DUE TO CRASH,Y,,Y,"OVER $1,500",2/16/2022 17:32,UNABLE TO DETERMINE,NOT APPLICABLE,300,S,PULASKI RD,1132,,,,,,,2,NONINCAPACITATING INJURY,1,0,0,1,0,1,0,17,4,2,41.87703924,-87.72569136,POINT (-87.725691358578 41.877039243763)
bf5c11fa02b5e67e1be49dd4a405cee84abbc0d8eed5607e22ff8d56bab0d23d734577ebf4b65690b54901c56fd89a33e6d354e71f625f932e60077dae044d6f,JF146249,,2/16/2022 12:13,30,NO CONTROLS,NO CONTROLS,CLEAR,DAYLIGHT,TURNING,DIVIDED - W/MEDIAN (NOT RAISED),,STRAIGHT AND LEVEL,DRY,NO DEFECTS,ON SCENE,INJURY AND / OR TOW DUE TO CRASH,,,Y,"OVER $1,500",2/16/2022 12:30,FAILING TO YIELD RIGHT-OF-WAY,UNABLE TO DETERMINE,5244,S,ARCHER AVE,815,,,,,,,2,NO INDICATION OF INJURY,0,0,0,0,0,2,0,12,4,2,41.79975352,-87.73678782,POINT (-87.736787816678 41.799753519548)
bf7b726392b461466acd1a496e5057561dad8744179a72ff686aec094cb0d33a4b6271b18a7eccb940217f9b224695767fd2e619afa617530d181c2487433de5,JF146141,,2/16/2022 10:58,30,TRAFFIC SIGNAL,FUNCTIONING PROPERLY,CLEAR,DAYLIGHT,TURNING,NOT DIVIDED,,STRAIGHT AND LEVEL,DRY,NO DEFECTS,NOT ON SCENE (DESK REPORT),NO INJURY / DRIVE AWAY,Y,,,"OVER $1,500",2/16/2022 11:30,FAILING TO YIELD RIGHT-OF-WAY,IMPROPER TURNING/NO SIGNAL,1200,W,42ND ST,924,,,,,,,2,NO INDICATION OF INJURY,0,0,0,0,0,2,0,10,4,2,41.81869676,-87.65557532,POINT (-87.655575317949 41.818696764364)
cabce1d313a8800cc56f085359568094a10804afc84f7735c1113a32eed9648b7be555a7ab13755fd9e83e1608c1ee56e271d396d34f09ff1e443ad92d2bfc40,JD380335,,9/26/2020 17:34,30,NO CONTROLS,NO CONTROLS,CLEAR,DAYLIGHT,PARKED MOTOR VEHICLE,NOT DIVIDED,,STRAIGHT AND LEVEL,DRY,UNKNOWN,,NO INJURY / DRIVE AWAY,,,Y,"$501 - $1,500",9/26/2020 18:45,UNABLE TO DETERMINE,NOT APPLICABLE,1321,S,HOMAN AVE,1021,,,,,,,2,NO INDICATION OF INJURY,0,0,0,0,0,1,0,17,7,9,41.8638283,-87.71031876,POINT (-87.710318764073 41.863828302735)
e5c19f5b96519f52ee7b663907e883aaf5017d839034ff65ddf365eaef724616e79a8f7fa7376b4b065a44686ab264857828100aed5f48bbfa6babab365b91fe,JD241114,,5/24/2020 5:58,45,TRAFFIC SIGNAL,FUNCTIONING PROPERLY,CLEAR,DAYLIGHT,TURNING,T-INTERSECTION,,STRAIGHT AND LEVEL,DRY,NO DEFECTS,,INJURY AND / OR TOW DUE TO CRASH,Y,,,"OVER $1,500",5/24/2020 6:01,DISREGARDING TRAFFIC SIGNALS,DRIVING SKILLS/KNOWLEDGE/EXPERIENCE,11500,W,IRVING PARK RD,1654,,,,,,,2,NONINCAPACITATING INJURY,12,0,0,1,11,1,0,5,1,5,0,0,POINT (0 0)
c82e5f01288e4ed65a610a4f8e7523822214e03272545084f48ac718b9926822a424f03782bf3001be8bd5108a6ab1c3e63e96e701c77b144684ecf6db21aa8c,JF175472,,3/16/2022 7:50,30,TRAFFIC SIGNAL,FUNCTIONING PROPERLY,CLEAR,DAYLIGHT,REAR END,NOT DIVIDED,,STRAIGHT AND LEVEL,DRY,NO DEFECTS,NOT ON SCENE (DESK REPORT),NO INJURY / DRIVE AWAY,,,,"OVER $1,500",3/16/2022 8:20,FOLLOWING TOO CLOSELY,UNABLE TO DETERMINE,2323,W,111TH ST,2212,,,,,,,2,NO INDICATION OF INJURY,0,0,0,0,0,2,0,7,4,3,41.6916792,-87.67977917,POINT (-87.679779172526 41.691679204031)
be6c95db4a5d7ea03ed5ad7f6fedea3f2ed058163309e5e2baab98ad010ec6f5c845a7b94641532217ec27d8cce0f1c32969194a0600f94cc2594b44fbda175b,JF153936,,2/23/2022 16:50,30,NO CONTROLS,NO CONTROLS,CLEAR,DAYLIGHT,PARKED MOTOR VEHICLE,FOUR WAY,,STRAIGHT AND LEVEL,DRY,NO DEFECTS,NOT ON SCENE (DESK REPORT),NO INJURY / DRIVE AWAY,Y,,,$500 OR LESS,2/23/2022 18:00,UNABLE TO DETERMINE,NOT APPLICABLE,4746,W,MONTROSE AVE,1722,,,,,,,2,NO INDICATION OF INJURY,0,0,0,0,0,1,0,16,4,2,41.96083895,-87.74704816,POINT (-87.747048161437 41.960838950319)
be9f92d617b4835099b7f2a72748017a294b5c6ccb0ecd0d703d1135035f2575b0527b0d0f0a8ca3605a973d6e4d224309770ae8f66be83d13217d73f44131ba,JF154020,,2/23/2022 19:00,30,NO CONTROLS,NO CONTROLS,CLEAR,"DARKNESS, LIGHTED ROAD",SIDESWIPE SAME DIRECTION,NOT DIVIDED,,STRAIGHT AND LEVEL,DRY,NO DEFECTS,ON SCENE,INJURY AND / OR TOW DUE TO CRASH,,,Y,"OVER $1,500",2/23/2022 19:14,UNABLE TO DETERMINE,NOT APPLICABLE,510,E,47TH ST,221,,,,,,,2,NO INDICATION OF INJURY,0,0,0,0,0,2,0,19,4,2,41.8095415,-87.613416,POINT (-87.613415997728 41.80954149794)
c873ded8854e068463c44289c711f2b7bbcc57175b13db1d38e19007ab8c3b05ceaca589f1c424f0ffad7e36be1bc1e3ab041b8a014fd5c32d6dc3404756b92f,JF175473,,3/16/2022 7:40,30,NO CONTROLS,NO CONTROLS,CLEAR,DAYLIGHT,REAR END,NOT DIVIDED,,STRAIGHT AND LEVEL,DRY,NO DEFECTS,ON SCENE,INJURY AND / OR TOW DUE TO CRASH,,,,"OVER $1,500",3/16/2022 7:44,UNABLE TO DETERMINE,NOT APPLICABLE,3700,W,56TH PL,822,,,,,,,2,NO INDICATION OF INJURY,0,0,0,0,0,4,0,7,4,3,41.79070609,-87.71586413,POINT (-87.715864130936 41.790706084573)
c885f0702d3ba9538328760a763bf80c5919c22a614f1e265146b8a39fa464779868ec2507d24cb5a65d6357e38dae120bcfef4d43bec8ed91a3d55edb1850b7,JF175501,,3/16/2022 7:30,30,TRAFFIC SIGNAL,NO CONTROLS,CLEAR,DAYLIGHT,TURNING,NOT DIVIDED,,STRAIGHT AND LEVEL,DRY,NO DEFECTS,NOT ON SCENE (DESK REPORT),NO INJURY / DRIVE AWAY,,,,$500 OR LESS,3/16/2022 8:40,FAILING TO YIELD RIGHT-OF-WAY,UNABLE TO DETERMINE,5300,S,CENTRAL AVE,811,,,,,,,2,NO INDICATION OF INJURY,0,0,0,0,0,2,0,7,4,3,41.79639689,-87.76257721,POINT (-87.762577213996 41.796396888788)
bfd417bf5992cd54de1a875014b91090a1f131c10949a978c2d358e752ef3eec59bf11aee0e17fbb6980960952e7b69296406c6f2f9735ca74ce8ed013b19ecf,JF146099,,2/16/2022 10:44,30,STOP SIGN/FLASHER,FUNCTIONING PROPERLY,CLEAR,DAYLIGHT,TURNING,NOT DIVIDED,,STRAIGHT AND LEVEL,DRY,NO DEFECTS,ON SCENE,NO INJURY / DRIVE AWAY,,,,"OVER $1,500",2/16/2022 10:46,IMPROPER TURNING/NO SIGNAL,UNABLE TO DETERMINE,3322,W,47TH ST,821,,Y,,,,,2,NO INDICATION OF INJURY,0,0,0,0,0,7,0,10,4,2,41.80818631,-87.70743369,POINT (-87.707433690546 41.808186307541)
d5fa493d9a0924f4980d32cb0c874ac26f86ed1e6e73eec685e36afec76ef8f13dd4bcef8938e7c3d13df5885dcd1f79e28bd73a0282ca0255544864fb66c085,JF183054,,3/22/2022 17:11,15,NO CONTROLS,NO CONTROLS,CLEAR,DUSK,FIXED OBJECT,ALLEY,,STRAIGHT AND LEVEL,DRY,NO DEFECTS,ON SCENE,INJURY AND / OR TOW DUE TO CRASH,,,,"OVER $1,500",3/22/2022 18:14,UNABLE TO DETERMINE,NOT APPLICABLE,5231,W,CONGRESS PKWY,1522,,,,,,,1,"REPORTED, NOT EVIDENT",1,0,0,0,1,0,0,17,3,3,41.87381968,-87.75609907,POINT (-87.756099071598 41.873819677641)
c04388502b4cd9a38006b7a62a46a05d641843295f3bba8c294896447d8cca8ebea57207a2936ae2cafd92d823b8ecd0565d96c6996b5293ce3dbd44a1b25cec,JF145834,,2/16/2022 3:00,30,TRAFFIC SIGNAL,FUNCTIONING PROPERLY,CLEAR,"DARKNESS, LIGHTED ROAD",ANGLE,DIVIDED - W/MEDIAN BARRIER,,STRAIGHT AND LEVEL,DRY,NO DEFECTS,ON SCENE,INJURY AND / OR TOW DUE TO CRASH,Y,,Y,"OVER $1,500",2/16/2022 3:00,DISREGARDING OTHER TRAFFIC SIGNS,NOT APPLICABLE,8700,S,HALSTED ST,2223,Y,Y,,,,,2,NONINCAPACITATING INJURY,1,0,0,1,0,1,0,3,4,2,41.73578527,-87.64375883,POINT (-87.643758829628 41.735785266472)
c9a96d14d03597fa1387aa50372f3b0ef6cd659b9935cf05ab6aaa62842aabf0b7de19096cea05b91096bd6246a56a6efd9ee77553980bf6ec90d4e5de4af3f4,JF175647,,3/16/2022 3:30,0,NO CONTROLS,NO CONTROLS,CLEAR,"DARKNESS, LIGHTED ROAD",PARKED MOTOR VEHICLE,DIVIDED - W/MEDIAN (NOT RAISED),,STRAIGHT AND LEVEL,DRY,NO DEFECTS,NOT ON SCENE (DESK REPORT),NO INJURY / DRIVE AWAY,,,Y,"OVER $1,500",3/16/2022 10:45,UNABLE TO DETERMINE,NOT APPLICABLE,2701,E,75TH PL,421,,,,,,,2,NO INDICATION OF INJURY,0,0,0,0,0,1,0,3,4,3,41.7580256,-87.55876287,POINT (-87.558762873406 41.758025601149)
c183ba8c38adf921445d43a272ee58068bcab0cca6e90ca5a67b8f1d798e7333f5c57018c0f37d0a0eb1b857618eb54b4fd9120a45a5b982d05697ce9d0306db,JF146078,,2/16/2022 10:04,30,STOP SIGN/FLASHER,FUNCTIONING PROPERLY,CLEAR,DAYLIGHT,ANGLE,FOUR WAY,,STRAIGHT AND LEVEL,SNOW OR SLUSH,NO DEFECTS,ON SCENE,INJURY AND / OR TOW DUE TO CRASH,Y,,,"OVER $1,500",2/16/2022 10:04,DISREGARDING STOP SIGN,NOT APPLICABLE,4600,S,INDIANA AVE,215,,,,,,,2,NO INDICATION OF INJURY,0,0,0,0,0,3,0,10,4,2,41.81103208,-87.62140462,POINT (-87.62140462327 41.811032083875)
c01f405cb9cc38aba61673787218c57406eb8311c6fd69b2d3b1cdf315896347bcad13220b18c47411e7b3489849e7e528f3fb01127c379fb5ad80fe7881146a,JF153804,,2/23/2022 16:00,15,NO CONTROLS,NO CONTROLS,CLEAR,DAYLIGHT,PARKED MOTOR VEHICLE,PARKING LOT,,STRAIGHT AND LEVEL,DRY,NO DEFECTS,NOT ON SCENE (DESK REPORT),NO INJURY / DRIVE AWAY,,,Y,"OVER $1,500",2/23/2022 16:24,IMPROPER BACKING,IMPROPER BACKING,5953,W,63RD ST,812,,,,,,,2,NO INDICATION OF INJURY,0,0,0,0,0,2,0,16,4,2,41.77775754,-87.77119397,POINT (-87.7711939682 41.777757538723)
c09f8bfa8be706b7e11699904e5d164ee739714137e630432c223778e891d1e6f79b158d3acc618a35c682712e82da3b9081cc1d930774175be2effa7453167d,JF154160,N,2/23/2022 22:30,30,NO CONTROLS,NO CONTROLS,UNKNOWN,UNKNOWN,PARKED MOTOR VEHICLE,ONE-WAY,,STRAIGHT AND LEVEL,UNKNOWN,UNKNOWN,NOT ON SCENE (DESK REPORT),NO INJURY / DRIVE AWAY,,,Y,"OVER $1,500",2/23/2022 23:00,UNABLE TO DETERMINE,UNABLE TO DETERMINE,6047,S,ARTESIAN AVE,825,,,,,,,2,NO INDICATION OF INJURY,0,0,0,0,0,1,0,22,4,2,41.78332623,-87.68482445,POINT (-87.684824446839 41.783326230379)
c919ca25726519ee49fbeb00464a5ca2fcc9919ba4fddf0912f8dd2e223e3ccb7b9766cdcb4bc34ba9197bf70c6dc9912b68d2c3dcdb32df5f5da061d99982b1,JE270931,,6/18/2021 18:00,30,TRAFFIC SIGNAL,FUNCTIONING PROPERLY,CLEAR,DAYLIGHT,ANGLE,DIVIDED - W/MEDIAN (NOT RAISED),,STRAIGHT AND LEVEL,DRY,UNKNOWN,,NO INJURY / DRIVE AWAY,Y,,Y,"OVER $1,500",6/18/2021 18:30,FAILING TO REDUCE SPEED TO AVOID CRASH,NOT APPLICABLE,500,S,CENTRAL AVE,1513,,,,,,,3,NO INDICATION OF INJURY,0,0,0,0,0,3,0,18,6,6,41.87377325,-87.7647697,POINT (-87.764769704361 41.873773251493)
c955b81c526d4b588025379d14cb466264f8beb783187ae5e023fd01a74ac5d03ee12cd8297bc90e4670dc8fb91047d730048b27788dc82f9efec18bdad9824d,JD430158,,11/13/2020 10:57,30,NO CONTROLS,NO CONTROLS,CLEAR,DAYLIGHT,REAR TO REAR,PARKING LOT,,STRAIGHT AND LEVEL,DRY,NO DEFECTS,,NO INJURY / DRIVE AWAY,,Y,,$500 OR LESS,11/13/2020 12:19,NOT APPLICABLE,NOT APPLICABLE,1630,E,95TH ST,413,,,,,,,2,NO INDICATION OF INJURY,0,0,0,0,0,2,0,10,6,11,41.72247238,-87.58384784,POINT (-87.583847839136 41.722472384159)
cdd874e6f7da15d68d04cf557343bb3914cf661456229d1f3e4e2bd35cf0221afa8184eb09aa80dda239a7ddb3fc3fa3cee0ff21ee2490149349d52d36925696,JC488461,,10/27/2019 13:05,30,TRAFFIC SIGNAL,FUNCTIONING PROPERLY,CLEAR,DAYLIGHT,TURNING,NOT DIVIDED,,STRAIGHT AND LEVEL,DRY,NO DEFECTS,,NO INJURY / DRIVE AWAY,Y,,,"$501 - $1,500",10/27/2019 15:13,UNABLE TO DETERMINE,UNABLE TO DETERMINE,299,W,ONTARIO ST,1831,,,,,,,2,NO INDICATION OF INJURY,0,0,0,0,0,2,0,13,1,10,41.89305843,-87.63553769,POINT (-87.635537690767 41.893058429733)
c0d2c63ae112820ddaa4705f0badaba9d78f37dfc4251cfe6c76b5036726c1846d684d33f6a8fd5a058f2ef944383ea0789c37faf6a8716a18dae11cc1802fdb,JE491358,,12/28/2021 19:25,30,STOP SIGN/FLASHER,FUNCTIONING PROPERLY,CLEAR,DAYLIGHT,TURNING,NOT DIVIDED,,STRAIGHT AND LEVEL,SNOW OR SLUSH,UNKNOWN,,NO INJURY / DRIVE AWAY,,,,"OVER $1,500",12/28/2021 19:25,UNABLE TO DETERMINE,NOT APPLICABLE,7061,N,KEDZIE AVE,2411,,,,,,,2,NO INDICATION OF INJURY,0,0,0,0,0,2,0,19,3,12,42.01001866,-87.70905655,POINT (-87.709056551967 42.010018660983)
c263c8e2c2318821b0165b117f654359e85d5b4cad89eb4b2445b6d9fd9541fbedf0bff8457acd48c85e73950558013331e14ee0ec8a907671924e80249bac9e,JE250235,,6/1/2021 15:30,25,NO CONTROLS,NO CONTROLS,CLEAR,DAYLIGHT,REAR END,NOT DIVIDED,,STRAIGHT AND LEVEL,DRY,NO DEFECTS,,NO INJURY / DRIVE AWAY,,,Y,"$501 - $1,500",6/1/2021 17:24,NOT APPLICABLE,NOT APPLICABLE,1000,N,KOSTNER AVE,1111,,,,,,,2,NO INDICATION OF INJURY,0,0,0,0,0,3,0,15,3,6,41.89889384,-87.73619044,POINT (-87.736190439427 41.898893834837)
ce6e2c7a7dd84135c6c01b4c7cb26b31a0880121b9dc0afa863b9db3d63da27ba312fcbae288b649fc4ea62d66d6f877fda6c88ccc3691c87d2e7480061f4525,JE385702,,9/24/2021 13:30,35,NO CONTROLS,NO CONTROLS,CLEAR,DAYLIGHT,REAR END,NOT DIVIDED,,STRAIGHT AND LEVEL,DRY,NO DEFECTS,,INJURY AND / OR TOW DUE TO CRASH,,,Y,"$501 - $1,500",9/24/2021 13:41,FOLLOWING TOO CLOSELY,UNABLE TO DETERMINE,10300,S,MICHIGAN AVE,512,,Y,,,,,2,NO INDICATION OF INJURY,0,0,0,0,0,2,0,13,6,9,41.70718218,-87.62036149,POINT (-87.620361492183 41.707182175387)