CRASH_RECORD_ID,RD_NO,CRASH_DATE_EST_I,CRASH_DATE,POSTED_SPEED_LIMIT,TRAFFIC_CONTROL_DEVICE,DEVICE_CONDITION,WEATHER_CONDITION,LIGHTING_CONDITION,FIRST_CRASH_TYPE,TRAFFICWAY_TYPE,LANE_CNT,ALIGNMENT,ROADWAY_SURFACE_COND,ROAD_DEFECT,REPORT_TYPE,CRASH_TYPE,INTERSECTION_RELATED_I,NOT_RIGHT_OF_WAY_I,HIT_AND_RUN_I,DAMAGE,DATE_POLICE_NOTIFIED,PRIM_CONTRIBUTORY_CAUSE,SEC_CONTRIBUTORY_CAUSE,STREET_NO,STREET_DIRECTION,STREET_NAME,BEAT_OF_OCCURRENCE,PHOTOS_TAKEN_I,STATEMENTS_TAKEN_I,DOORING_I,WORK_ZONE_I,WORK_ZONE_TYPE,WORKERS_PRESENT_I,NUM_UNITS,MOST_SEVERE_INJURY,INJURIES_TOTAL,INJURIES_FATAL,INJURIES_INCAPACITATING,INJURIES_NON_INCAPACITATING,INJURIES_REPORTED_NOT_EVIDENT,INJURIES_NO_INDICATION,INJURIES_UNKNOWN,CRASH_HOUR,CRASH_DAY_OF_WEEK,CRASH_MONTH,LATITUDE,LONGITUDE,LOCATION
cea4ff7ae43a0056405416014019ddda78c56e5d587a5d77d91e7126d7ea914eed5e70b1ed32f7d2eb91a720106e67e0096601aead6c3d10bad111ec680f6b66,JD274186,Y,6/23/2020 23:00,30,TRAFFIC SIGNAL,FUNCTIONING PROPERLY,UNKNOWN,"DARKNESS, LIGHTED ROAD",SIDESWIPE SAME DIRECTION,T-INTERSECTION,,STRAIGHT AND LEVEL,UNKNOWN,UNKNOWN,,NO INJURY / DRIVE AWAY,Y,,,"OVER $1,500",6/23/2020 23:40,UNABLE TO DETERMINE,UNABLE TO DETERMINE,3300,N,SACRAMENTO AVE,1733,,,,,,,2,NO INDICATION OF INJURY,0,0,0,0,0,2,0,23,3,6,41.94112711,-87.70292212,POINT (-87.702922116808 41.941127108824)
c1b54aa0f7d64e55da357721ea95542a496cd614c09e393e7de089d3e744c35ee8e55590666b6814bbe6c8ec92cb408db2cd9a6fae869e3ebec40294e501c780,JC543339,,12/11/2019 17:30,30,TRAFFIC SIGNAL,FUNCTIONING PROPERLY,CLEAR,DAWN,REAR END,NOT DIVIDED,,STRAIGHT AND LEVEL,DRY,NO DEFECTS,,INJURY AND / OR TOW DUE TO CRASH,Y,,,"$501 - $1,500",12/11/2019 18:10,DISREGARDING TRAFFIC SIGNALS,DISREGARDING TRAFFIC SIGNALS,3400,W,DOUGLAS BLVD,1021,,,,,,,2,NONINCAPACITATING INJURY,4,0,0,3,1,1,0,17,4,12,41.86301568,-87.71056628,POINT (-87.710566277072 41.863015682088)
cf2af90b4ced57a620920328275f13087d22098ba35a3c462b4ca4a60ed26e3853bac717ca7d15e2fcdbb728b2a1f8e5f85d63dcce25cfc8cedd51bd58f0f298,JE273210,,6/19/2021 20:58,30,TRAFFIC SIGNAL,FUNCTIONING PROPERLY,CLEAR,"DARKNESS, LIGHTED ROAD",REAR END,NOT DIVIDED,,STRAIGHT AND LEVEL,DRY,UNKNOWN,,NO INJURY / DRIVE AWAY,Y,,Y,"OVER $1,500",6/20/2021 14:30,DISREGARDING TRAFFIC SIGNALS,FAILING TO REDUCE SPEED TO AVOID CRASH,3158,W,AUGUSTA BLVD,1211,,,,,,,3,NO INDICATION OF INJURY,0,0,0,0,0,5,0,20,7,6,41.89930733,-87.70649476,POINT (-87.706494763408 41.899307334061)
e71b84b4c397ebdb6aab66b906a786a16dcaa1e19a1577ec534d857f3a6b32f7c505d07496a7bb7a84ef0f8186dfc5a6a3e42551cad67e20bc8014c3dfd4ad5d,JE154696,,2/28/2021 2:58,25,NO CONTROLS,NO CONTROLS,CLEAR,"DARKNESS, LIGHTED ROAD",FIXED OBJECT,NOT DIVIDED,,STRAIGHT AND LEVEL,DRY,NO DEFECTS,,INJURY AND / OR TOW DUE TO CRASH,,,,"OVER $1,500",2/28/2021 2:58,DRIVING SKILLS/KNOWLEDGE/EXPERIENCE,DRIVING SKILLS/KNOWLEDGE/EXPERIENCE,12900,S,INDIANA AVE,532,,,,,,,1,NO INDICATION OF INJURY,0,0,0,0,0,6,0,2,1,2,41.66043136,-87.61832389,POINT (-87.618323885191 41.660431363794)
e72c71f3a415673a99acb29ede6e17f4c94917a07c03052b93e3b2843d2b01376538aab6173e636145dfc9636ff692640a0e4745a4918f03c961560f67e8012a,JD305309,,7/21/2020 17:17,30,TRAFFIC SIGNAL,FUNCTIONING PROPERLY,CLOUDY/OVERCAST,DAYLIGHT,TURNING,FOUR WAY,,STRAIGHT AND LEVEL,DRY,NO DEFECTS,,INJURY AND / OR TOW DUE TO CRASH,Y,,,"OVER $1,500",7/21/2020 17:17,FAILING TO YIELD RIGHT-OF-WAY,NOT APPLICABLE,8700,S,INDIANA AVE,632,,,,,,,2,NONINCAPACITATING INJURY,2,0,0,2,0,1,0,17,3,7,41.73633731,-87.61951863,POINT (-87.619518631015 41.736337306233)
c2bd63926f180984ca77e5f701136591bf640fb6847464b41a5dc31b3f452c3618c87ad51b0dd7efd1549cbc17703ff024a35020e679cc98cbcaf0749acacbbc,JF153225,,2/23/2022 7:58,30,TRAFFIC SIGNAL,FUNCTIONING PROPERLY,CLEAR,DAYLIGHT,SIDESWIPE SAME DIRECTION,NOT DIVIDED,,STRAIGHT AND LEVEL,DRY,NO DEFECTS,ON SCENE,INJURY AND / OR TOW DUE TO CRASH,,,,"OVER $1,500",2/23/2022 8:00,UNABLE TO DETERMINE,NOT APPLICABLE,4002,W,DIVISION ST,2534,,,,,,,2,NO INDICATION OF INJURY,0,0,0,0,0,4,0,7,4,2,41.90277744,-87.726461,POINT (-87.726460996864 41.902777434688)
c3ca1b981ecaadf75ddd4f69b7e4e9e2804679dac69e02a9af67fd1b733f5f360aa9500d2002778cc5f883cebb0fffce49ad719b125236f4bdc056089242083a,JF146879,,2/16/2022 21:15,30,STOP SIGN/FLASHER,FUNCTIONING PROPERLY,RAIN,"DARKNESS, LIGHTED ROAD",PEDESTRIAN,NOT DIVIDED,,STRAIGHT AND LEVEL,WET,NO DEFECTS,ON SCENE,NO INJURY / DRIVE AWAY,Y,,Y,$500 OR LESS,2/16/2022 21:55,FAILING TO YIELD RIGHT-OF-WAY,NOT APPLICABLE,4359,W,DRUMMOND PL,2524,,,,,,,2,NO INDICATION OF INJURY,0,0,0,0,0,2,0,21,4,2,41.92881854,-87.7366171,POINT (-87.736617104168 41.928818537775)
e7b6f071df7e60b5595a2f3ee08ff03a7479f78c53476058c807097563cb254a9dea14137a91b7cf7f1decb8937722cabc7d4cdbea6a14a206dee55d64c2fb12,JF168090,,3/9/2022 10:32,30,TRAFFIC SIGNAL,FUNCTIONING PROPERLY,CLEAR,DAYLIGHT,SIDESWIPE SAME DIRECTION,FOUR WAY,,STRAIGHT ON GRADE,DRY,NO DEFECTS,ON SCENE,INJURY AND / OR TOW DUE TO CRASH,Y,,,"OVER $1,500",3/9/2022 10:37,FAILING TO REDUCE SPEED TO AVOID CRASH,IMPROPER LANE USAGE,10301,S,WESTERN AVE,2212,,,,,,,2,NONINCAPACITATING INJURY,1,0,0,1,0,2,0,10,4,3,41.70628812,-87.68147073,POINT (-87.681470730043 41.706288116534)
cf826354ea7d0ba6785eb772b9820ca51ef198d4a88cbadb08f269b8dc2f741438f89b328a4e561809dad31bd99e47ad0b9938cb585d46041c20764211778fb8,JC382901,,8/7/2019 17:00,30,TRAFFIC SIGNAL,FUNCTIONING PROPERLY,CLEAR,DAYLIGHT,PEDESTRIAN,FOUR WAY,,STRAIGHT AND LEVEL,DRY,NO DEFECTS,,INJURY AND / OR TOW DUE TO CRASH,N,,,$500 OR LESS,8/7/2019 17:11,FAILING TO YIELD RIGHT-OF-WAY,UNABLE TO DETERMINE,4300,S,CALIFORNIA AVE,922,,,,,,,2,FATAL,1,1,0,0,0,1,0,17,4,8,41.81544961,-87.6945694,POINT (-87.694569400937 41.815449611067)
e794aabba6d84766009015c10350f24f3c38c1d85ddee73ef2c5ffcb68d47d36acbb41543bf73884e006d9103cc3868b9bd05fc5f2618d10113b127d7e3eff7d,JF130583,,2/1/2022 9:15,30,TRAFFIC SIGNAL,FUNCTIONING PROPERLY,CLEAR,DAYLIGHT,ANGLE,T-INTERSECTION,,STRAIGHT AND LEVEL,DRY,NO DEFECTS,,NO INJURY / DRIVE AWAY,Y,,,"OVER $1,500",2/1/2022 10:03,DISREGARDING OTHER TRAFFIC SIGNS,UNABLE TO DETERMINE,5500,S,INDIANA AVE,231,,,,,,,2,NO INDICATION OF INJURY,0,0,0,0,0,2,0,9,3,2,41.79436896,-87.62098331,POINT (-87.620983312554 41.794368962316)
e7a5f2ab80b76a85ca08915b0c4e82bac7b09698cc8a41d12b75deb7b270308553b1abaa75fbeeacbba957bc8cfbd7e39f77c68aa010002b3aedde7aa10e9d95,JD270718,,6/20/2020 16:48,30,NO CONTROLS,NO CONTROLS,CLEAR,DAYLIGHT,HEAD ON,NOT DIVIDED,,STRAIGHT AND LEVEL,DRY,UNKNOWN,,INJURY AND / OR TOW DUE TO CRASH,,,,"$501 - $1,500",6/20/2020 19:31,UNABLE TO DETERMINE,UNABLE TO DETERMINE,4750,W,JACKSON BLVD,1113,,,,,,,2,NONINCAPACITATING INJURY,1,0,0,1,0,3,0,16,7,6,41.87694841,-87.74472981,POINT (-87.744729808668 41.876948411626)
ca992b02b81d30a0a544f47dfe89281c2ab8afe2275aef2d49f3bfc1ccc6cd0ba5cd6ac7e014dd81f0aff50a187298f14782c680fdf5316196ceeef49a88172b,JF176049,,3/16/2022 15:14,30,YIELD,NO CONTROLS,CLEAR,DAYLIGHT,REAR END,DIVIDED - W/MEDIAN (NOT RAISED),,STRAIGHT AND LEVEL,DRY,NO DEFECTS,ON SCENE,INJURY AND / OR TOW DUE TO CRASH,,,,"$501 - $1,500",3/16/2022 15:45,FAILING TO REDUCE SPEED TO AVOID CRASH,NOT APPLICABLE,2713,N,MILWAUKEE AVE,1412,,,,,,,2,"REPORTED, NOT EVIDENT",1,0,0,0,1,1,0,15,4,3,41.93056875,-87.70962972,POINT (-87.709629717297 41.930568747966)
c4a3585669b06e835bf2eda25e8ee9bd79b1ea6bd4410a09b40de842c1d9fc37cbd203c711f5a10045bff3c8159dd8cdb193883561a249081a0326a2788b1584,JF146450,,2/16/2022 13:35,30,NO CONTROLS,NO CONTROLS,CLEAR,DAYLIGHT,REAR END,OTHER,,STRAIGHT ON GRADE,DRY,WORN SURFACE,ON SCENE,INJURY AND / OR TOW DUE TO CRASH,,,Y,"OVER $1,500",2/16/2022 14:50,UNABLE TO DETERMINE,NOT APPLICABLE,1600,S,ASHLAND AVE,1234,,,,,,,2,NONINCAPACITATING INJURY,2,0,0,2,0,1,0,13,4,2,41.85955978,-87.66634385,POINT (-87.666343850368 41.859559781969)
ca2ecd4b4ebc762fad3d9a686e776dca7f59a5058d9ea9ed7bff3d446c5960044b642baaad76845d70b4f594af96d7868926764916014eaa4d731378268e1767,JE140115,,2/12/2021 18:10,30,NO CONTROLS,NO CONTROLS,CLEAR,DARKNESS,SIDESWIPE SAME DIRECTION,DIVIDED - W/MEDIAN (NOT RAISED),,STRAIGHT AND LEVEL,DRY,NO DEFECTS,,INJURY AND / OR TOW DUE TO CRASH,Y,,,"OVER $1,500",2/12/2021 18:10,IMPROPER LANE USAGE,FAILING TO REDUCE SPEED TO AVOID CRASH,676,N,MICHIGAN AVE,1834,,,,,,,2,"REPORTED, NOT EVIDENT",1,0,0,0,1,2,0,18,6,2,41.89482685,-87.62439616,POINT (-87.624396157156 41.894826852574)
d702d30fd30f5eec610f39f4614e5b9bd07db5ad54eefc254226e8cfb0962bf5dc07e733f2e619cd4569953afc91caec60a9a89a65388f15bfe206902a666376,JD333756,,8/15/2020 19:30,30,OTHER,FUNCTIONING PROPERLY,CLEAR,DUSK,SIDESWIPE SAME DIRECTION,DIVIDED - W/MEDIAN BARRIER,,STRAIGHT AND LEVEL,DRY,NO DEFECTS,,INJURY AND / OR TOW DUE TO CRASH,,,Y,"OVER $1,500",8/15/2020 19:31,UNABLE TO DETERMINE,UNABLE TO DETERMINE,3699,E,101ST ST,432,,,,,,,3,NONINCAPACITATING INJURY,3,0,0,3,0,1,0,19,7,8,41.71186932,-87.53442142,POINT (-87.534421417845 41.71186932074)
d5855542a4c7060495a486d835a03ed66081337d7732178e0f498d50bf3ca9d70b3a3a357dd7d817d2ca4db344e25d913b91107bca2c2fbc2f6c6afeca09ae2d,JF161088,,3/2/2022 16:05,30,TRAFFIC SIGNAL,FUNCTIONING PROPERLY,CLEAR,DAYLIGHT,REAR END,NOT DIVIDED,,STRAIGHT AND LEVEL,DRY,NO DEFECTS,ON SCENE,NO INJURY / DRIVE AWAY,,,,"$501 - $1,500",3/2/2022 16:05,FOLLOWING TOO CLOSELY,NOT APPLICABLE,2199,S,WENTWORTH AVE,914,,,,,,,2,NO INDICATION OF INJURY,0,0,0,0,0,2,0,16,4,3,41.85292421,-87.63163261,POINT (-87.631632606121 41.85292421433)
c397f63cf29b20b247efdce7eb758b707852bc8b4e88c6ceb206a84d5ee1c6109d55ae97363774f75731efc6bcdc1293358e97d6136268e26dc01fbab3b6b195,JE281913,,6/27/2021 23:00,35,TRAFFIC SIGNAL,FUNCTIONING PROPERLY,CLEAR,"DARKNESS, LIGHTED ROAD",REAR END,DIVIDED - W/MEDIAN (NOT RAISED),,STRAIGHT AND LEVEL,DRY,NO DEFECTS,,INJURY AND / OR TOW DUE TO CRASH,,,Y,"$501 - $1,500",6/28/2021 0:50,UNABLE TO DETERMINE,UNABLE TO DETERMINE,4710,S,ARCHER AVE,821,,N,,,,,2,"REPORTED, NOT EVIDENT",1,0,0,0,1,1,0,23,1,6,41.80801301,-87.71437962,POINT (-87.714379623416 41.808013005188)
d485e64035aa24b2930881614df26f1ada705cb91dc9951f37df14cb951366c933f94766498143d3c1152f771eaf1c8db00183e84764d685cb1508ca1bd23172,JF165872,,3/7/2022 8:20,30,NO CONTROLS,NO CONTROLS,SLEET/HAIL,DAYLIGHT,ANGLE,NOT DIVIDED,,STRAIGHT AND LEVEL,SNOW OR SLUSH,NO DEFECTS,,NO INJURY / DRIVE AWAY,,,,"OVER $1,500",3/7/2022 9:30,UNABLE TO DETERMINE,NOT APPLICABLE,7751,S,SOUTH SHORE DR,421,,,,,,,2,NO INDICATION OF INJURY,0,0,0,0,0,2,0,8,2,3,41.75598736,-87.5521567,POINT (-87.552156697364 41.755987355423)
e8b46cb7346ad66acb6ce2282e6b5e4d5851b38130ce597e3c29a8dee275942462e6b9c87b1d905728f34c7e313229e0731bec3c8214f8256ce3dbe0dd1600af,JE425200,,10/28/2021 9:15,30,NO CONTROLS,NO CONTROLS,CLOUDY/OVERCAST,DAYLIGHT,REAR END,NOT DIVIDED,,STRAIGHT AND LEVEL,DRY,NO DEFECTS,,NO INJURY / DRIVE AWAY,,,,"OVER $1,500",10/28/2021 10:00,IMPROPER TURNING/NO SIGNAL,FOLLOWING TOO CLOSELY,5621,N,NAGLE AVE,1622,,,,,,,2,NO INDICATION OF INJURY,0,0,0,0,0,2,0,9,5,10,41.98360512,-87.78757479,POINT (-87.787574788736 41.983605118475)
d5a36f4c52fd39652f6e583a28d6e141ec7be09a80fd41c83b6cbbf5a0eba4158db4db4679b43f194d83988605baa9485fb0c87b7f24260c486fe864f8409459,JF160791,,3/2/2022 11:05,10,NO CONTROLS,NO CONTROLS,CLEAR,DAYLIGHT,PARKED MOTOR VEHICLE,PARKING LOT,,STRAIGHT AND LEVEL,DRY,"RUT, HOLES",ON SCENE,NO INJURY / DRIVE AWAY,,Y,,"$501 - $1,500",3/2/2022 11:35,UNABLE TO DETERMINE,NOT APPLICABLE,1111,N,CHERRY AVE,1822,,,,,,,2,,,,,,,,,11,4,3,41.90157163,-87.65229669,POINT (-87.652296687385 41.901571624898)
c49d0d241b76beac02b929f2958b4e7d2b08f40c52ddcc26485934896fd3bb3fa52e95a8cca00ee69426310930eb4222c741642584a482173a584a344dde9787,JF153981,,2/23/2022 18:15,35,TRAFFIC SIGNAL,FUNCTIONING PROPERLY,SNOW,"DARKNESS, LIGHTED ROAD",REAR END,DIVIDED - W/MEDIAN BARRIER,,STRAIGHT AND LEVEL,DRY,NO DEFECTS,NOT ON SCENE (DESK REPORT),NO INJURY / DRIVE AWAY,Y,,,$500 OR LESS,2/23/2022 18:15,FOLLOWING TOO CLOSELY,UNABLE TO DETERMINE,2629,E,130TH ST,434,,,,,,,2,NO INDICATION OF INJURY,0,0,0,0,0,2,0,18,4,2,41.65907608,-87.5593648,POINT (-87.559364801272 41.659076074599)
d8f65120d7c59f9d79bb428b68ec3991f1fd98726cfe5b4594fecae6bc66f271cb4b57001120a9d6a6293edef8015b72c5507d7a6f6a9dcbcc6e1c167c1b8e0e,JF182680,,3/22/2022 13:00,10,NO CONTROLS,NO CONTROLS,CLEAR,DAYLIGHT,PARKED MOTOR VEHICLE,PARKING LOT,,STRAIGHT AND LEVEL,DRY,NO DEFECTS,NOT ON SCENE (DESK REPORT),NO INJURY / DRIVE AWAY,,Y,,"$501 - $1,500",3/22/2022 13:57,NOT APPLICABLE,NOT APPLICABLE,2555,N,NORMANDY AVE,2512,,,,,,,2,NO INDICATION OF INJURY,0,0,0,0,0,1,0,13,3,3,41.92692481,-87.79275105,POINT (-87.792751048065 41.926924805601)
d904f93bf9fc583ce0de0b48d2f6d38386cbcf7662d98710b8c3e262f19a10c4ca46c15baa5770e1b169aaa0e39ee9f2818f3bc195cb542dc6b8495f8d6f274a,JF182900,,3/22/2022 16:00,30,TRAFFIC SIGNAL,FUNCTIONING PROPERLY,CLEAR,DAYLIGHT,SIDESWIPE SAME DIRECTION,DIVIDED - W/MEDIAN (NOT RAISED),,STRAIGHT AND LEVEL,DRY,NO DEFECTS,ON SCENE,NO INJURY / DRIVE AWAY,,,Y,"OVER $1,500",3/22/2022 16:30,UNABLE TO DETERMINE,UNABLE TO DETERMINE,9121,S,WESTERN AVE,2221,,,,,,,2,NO INDICATION OF INJURY,0,0,0,0,0,4,0,16,3,3,41.7276098,-87.68212343,POINT (-87.682123432 41.727609802377)
cbc6fb9f2b67e93953bfbf28dae1066edd6f07fe10d38c834606393735c24c4618e85b20ba2454f98b0505bb0405e9157cdb6ef5291c7bcbc6f32a301949c5d7,,,3/30/2022 9:30,20,STOP SIGN/FLASHER,UNKNOWN,RAIN,DAYLIGHT,ANGLE,T-INTERSECTION,,STRAIGHT AND LEVEL,WET,UNKNOWN,,INJURY AND / OR TOW DUE TO CRASH,Y,,,"OVER $1,500",3/30/2022 9:34,FAILING TO YIELD RIGHT-OF-WAY,"OPERATING VEHICLE IN ERRATIC, RECKLESS, CARELESS, NEGLIGENT OR AGGRESSIVE MANNER",400,W,EVERGREEN AVE,1821,,Y,,,,,2,INCAPACITATING INJURY,2,0,1,0,1,1,0,9,4,3,41.90662836,-87.6385162,POINT (-87.638516204239 41.90662835907)
d9edc7cfcb020230bf9991660597ab76e5d6345d07fbebc940d6e59f0b58e458153e8765c7a863a7cd84ee3ccf2cc0fe61fde6a2730fac91bdd62ef4767f40e7,JF182110,,3/22/2022 0:47,30,NO CONTROLS,NO CONTROLS,CLEAR,"DARKNESS, LIGHTED ROAD",REAR TO FRONT,NOT DIVIDED,,STRAIGHT AND LEVEL,DRY,NO DEFECTS,ON SCENE,INJURY AND / OR TOW DUE TO CRASH,,,Y,"OVER $1,500",3/22/2022 0:48,IMPROPER BACKING,NOT APPLICABLE,840,E,76TH ST,624,,,,,,,2,NO INDICATION OF INJURY,0,0,0,0,0,2,0,0,3,3,41.75688671,-87.60370782,POINT (-87.603707822218 41.756886711975)
cc29653b24af2f7abb3fd2c5b6184cce592af4e794f918ba49ccfef0ccdbc55200ca673ea979c7f71b2f78edecd80f620d4158ff40147dc3de207b4470411345,JF176545,,3/16/2022 15:15,30,TRAFFIC SIGNAL,FUNCTIONING PROPERLY,CLEAR,DAYLIGHT,SIDESWIPE SAME DIRECTION,DIVIDED - W/MEDIAN (NOT RAISED),,STRAIGHT AND LEVEL,DRY,NO DEFECTS,NOT ON SCENE (DESK REPORT),NO INJURY / DRIVE AWAY,,,Y,$500 OR LESS,3/17/2022 2:15,UNABLE TO DETERMINE,UNABLE TO DETERMINE,2748,W,47TH ST,922,,,,,,,2,NO INDICATION OF INJURY,0,0,0,0,0,2,0,15,4,3,41.80839876,-87.69372431,POINT (-87.693724305198 41.808398760406)
cc45cbfe027e7734534347b8bc73db37c754e3e002226f0dd651d111674b6dfbabe67de30d64bff07192355267072d693be304fcc863418c86d5d6956be1f2ab,JF176150,,3/16/2022 16:56,30,NO CONTROLS,NO CONTROLS,CLEAR,DAYLIGHT,PARKED MOTOR VEHICLE,DIVIDED - W/MEDIAN BARRIER,,STRAIGHT AND LEVEL,DRY,NO DEFECTS,ON SCENE,INJURY AND / OR TOW DUE TO CRASH,,,,"OVER $1,500",3/16/2022 17:10,UNABLE TO DETERMINE,UNABLE TO DETERMINE,4100,N,ASHLAND AVE,1912,,,,,,,3,NO INDICATION OF INJURY,0,0,0,0,0,1,0,16,4,3,41.95621667,-87.6692491,POINT (-87.669249101648 41.956216671811)
c582168e1ba8047a3898ac201dd9dd5e56239ac89582227562ca51ded47677ac61c52a5068f43b9c0f06cb606c166777ff8b2fc9a0dbe4951f2794a2b5a910d5,JF154015,,2/23/2022 13:00,30,NO CONTROLS,NO CONTROLS,CLEAR,DAYLIGHT,PARKED MOTOR VEHICLE,PARKING LOT,,STRAIGHT AND LEVEL,DRY,NO DEFECTS,NOT ON SCENE (DESK REPORT),NO INJURY / DRIVE AWAY,,,,"$501 - $1,500",2/23/2022 19:27,UNABLE TO DETERMINE,NOT APPLICABLE,4720,S,COTTAGE GROVE AVE,223,,,,,,,2,NO INDICATION OF INJURY,0,0,0,0,0,1,0,13,4,2,41.80890166,-87.60669697,POINT (-87.606696966181 41.808901663696)
c589a00c298a63017eed821a0fc708dd707f5b73fce9d2911a44b6f6c95b28713f8d69f0b2c0ed86e75213136dae514fe24a62dc8dc0f63818e3e10994e74c8e,JF156199,,2/23/2022 7:50,20,NO CONTROLS,NO CONTROLS,CLEAR,DAYLIGHT,REAR END,ONE-WAY,,STRAIGHT AND LEVEL,DRY,NO DEFECTS,NOT ON SCENE (DESK REPORT),NO INJURY / DRIVE AWAY,,,,"OVER $1,500",2/25/2022 22:41,FOLLOWING TOO CLOSELY,UNABLE TO DETERMINE,4712,S,HOYNE AVE,931,,,,,,,2,NO INDICATION OF INJURY,0,0,0,0,0,5,0,7,4,2,41.80806456,-87.67725179,POINT (-87.677251791432 41.808064564191)
c5c8820b406cecf42430f05d582663aa4a74657f7720d65d03259a0f5f1e71bad1b398e2dd75858cb75c2490c62a50e090948235e573cc8dc2e2667e66fb2738,JF153723,,2/23/2022 10:20,30,NO CONTROLS,NO CONTROLS,CLEAR,DAYLIGHT,REAR END,DIVIDED - W/MEDIAN (NOT RAISED),,STRAIGHT AND LEVEL,UNKNOWN,UNKNOWN,NOT ON SCENE (DESK REPORT),NO INJURY / DRIVE AWAY,,,,"OVER $1,500",2/23/2022 15:15,UNABLE TO DETERMINE,UNABLE TO DETERMINE,4413,W,BELMONT AVE,2523,,,,,,,2,NO INDICATION OF INJURY,0,0,0,0,0,2,0,10,4,2,41.93884464,-87.73760477,POINT (-87.737604768378 41.93884463765)
cc5e4fe28f6accbe74ffa5ebde6f86be250f77b2df69d9ef627050fe1a923ce30de959cd4ec66512087c42c3ce61e1c0edcd27d67bda260d5c70ec25f9d58a36,JD200643,,4/2/2020 19:15,30,NO CONTROLS,NO CONTROLS,CLEAR,DAYLIGHT,TURNING,DIVIDED - W/MEDIAN (NOT RAISED),,STRAIGHT AND LEVEL,DRY,NO DEFECTS,,NO INJURY / DRIVE AWAY,,,,"$501 - $1,500",4/2/2020 19:17,IMPROPER TURNING/NO SIGNAL,NOT APPLICABLE,1838,N,DAMEN AVE,1434,,,,,,,2,NO INDICATION OF INJURY,0,0,0,0,0,2,0,19,5,4,41.91493798,-87.67770563,POINT (-87.67770562779 41.914937982756)
cc6c5eba17e3ea346d58cba6ae1202ce3f046ec2ce51cd63221d800b95e652e9815a1d131e04b50c9cdd6368899cec1591100a0dfd99f0318bd43fcdca93e2a6,JE308723,,7/21/2021 8:00,30,NO CONTROLS,NO CONTROLS,CLEAR,DAYLIGHT,REAR TO SIDE,NOT DIVIDED,,STRAIGHT AND LEVEL,DRY,UNKNOWN,,NO INJURY / DRIVE AWAY,,,,"$501 - $1,500",7/21/2021 8:30,UNABLE TO DETERMINE,UNABLE TO DETERMINE,5534,S,ST LOUIS AVE,822,,,,,,,2,NO INDICATION OF INJURY,0,0,0,0,0,6,0,8,4,7,41.79235177,-87.71102417,POINT (-87.711024169163 41.792351773241)
da87e6faeb4d0d7ffc8151eb6e443b23565c11c3032f7910755f129b65dab63694294e18040c0b07bdb80acd5fc2107b45897dfa8ef5f465f2d548bb1b8c0503,JE100198,,1/1/2021 3:30,30,NO CONTROLS,NO CONTROLS,CLEAR,"DARKNESS, LIGHTED ROAD",PARKED MOTOR VEHICLE,NOT DIVIDED,,STRAIGHT AND LEVEL,WET,NO DEFECTS,,INJURY AND / OR TOW DUE TO CRASH,,,,"OVER $1,500",1/1/2021 3:30,UNABLE TO DETERMINE,NOT APPLICABLE,605,E,83RD ST,632,,,,,,,3,NO INDICATION OF INJURY,0,0,0,0,0,1,0,3,6,1,41.74378255,-87.60968612,POINT (-87.609686122299 41.743782550987)
ea84689b7ab0b996234c677e7e02786d13954ce72020c8b57a9041e57ad6e1f9d9aa6ccfa249cb0889c6814b26303f19f19daf6f25f07658ca376bf946326c31,JF167847,,3/9/2022 1:23,30,TRAFFIC SIGNAL,FUNCTIONING PROPERLY,CLEAR,"DARKNESS, LIGHTED ROAD",TURNING,FOUR WAY,,STRAIGHT AND LEVEL,DRY,NO DEFECTS,,INJURY AND / OR TOW DUE TO CRASH,,,Y,"OVER $1,500",3/9/2022 1:24,DISREGARDING TRAFFIC SIGNALS,NOT APPLICABLE,200,W,71ST ST,731,,,,,,,2,NO INDICATION OF INJURY,0,0,0,0,0,3,0,1,4,3,41.76554364,-87.62983591,POINT (-87.629835905218 41.765543643386)
d7da545b4fcf910eef5bb9334a27c5402ab46f4f0e4c1882f717b371ada6be35e51f4ceb81bbac6580b927e56a22070f559c4dc9f21d4d90374780abfccc9031,JF160616,Y,3/2/2022 8:00,30,NO CONTROLS,NO CONTROLS,CLEAR,DAYLIGHT,SIDESWIPE SAME DIRECTION,NOT DIVIDED,,STRAIGHT AND LEVEL,DRY,NO DEFECTS,NOT ON SCENE (DESK REPORT),NO INJURY / DRIVE AWAY,,,Y,"$501 - $1,500",3/2/2022 8:44,UNABLE TO DETERMINE,UNABLE TO DETERMINE,336,E,130TH ST,532,,,,,,,2,NO INDICATION OF INJURY,0,0,0,0,0,2,0,8,4,3,41.65922567,-87.61402178,POINT (-87.614021782179 41.659225665502)
c65a48450dc58d8611d1ae214473542be82bbb35ff62f7d6006851e2e3919ba064c95053240b761e14f777adeaa9cb150b1624bf095b095dbb2cc35a2bb93b03,JF154030,,2/23/2022 19:23,35,TRAFFIC SIGNAL,FUNCTIONING PROPERLY,SNOW,"DARKNESS, LIGHTED ROAD",ANGLE,FOUR WAY,,STRAIGHT AND LEVEL,WET,NO DEFECTS,ON SCENE,INJURY AND / OR TOW DUE TO CRASH,Y,,,"OVER $1,500",2/23/2022 19:24,DISREGARDING TRAFFIC SIGNALS,NOT APPLICABLE,324,S,WESTERN AVE,1125,,,,,,,4,NONINCAPACITATING INJURY,2,0,0,2,0,2,0,19,4,2,41.87674909,-87.68646715,POINT (-87.686467148193 41.876749092715)