CRASH_RECORD_ID,RD_NO,CRASH_DATE_EST_I,CRASH_DATE,POSTED_SPEED_LIMIT,TRAFFIC_CONTROL_DEVICE,DEVICE_CONDITION,WEATHER_CONDITION,LIGHTING_CONDITION,FIRST_CRASH_TYPE,TRAFFICWAY_TYPE,LANE_CNT,ALIGNMENT,ROADWAY_SURFACE_COND,ROAD_DEFECT,REPORT_TYPE,CRASH_TYPE,INTERSECTION_RELATED_I,NOT_RIGHT_OF_WAY_I,HIT_AND_RUN_I,DAMAGE,DATE_POLICE_NOTIFIED,PRIM_CONTRIBUTORY_CAUSE,SEC_CONTRIBUTORY_CAUSE,STREET_NO,STREET_DIRECTION,STREET_NAME,BEAT_OF_OCCURRENCE,PHOTOS_TAKEN_I,STATEMENTS_TAKEN_I,DOORING_I,WORK_ZONE_I,WORK_ZONE_TYPE,WORKERS_PRESENT_I,NUM_UNITS,MOST_SEVERE_INJURY,INJURIES_TOTAL,INJURIES_FATAL,INJURIES_INCAPACITATING,INJURIES_NON_INCAPACITATING,INJURIES_REPORTED_NOT_EVIDENT,INJURIES_NO_INDICATION,INJURIES_UNKNOWN,CRASH_HOUR,CRASH_DAY_OF_WEEK,CRASH_MONTH,LATITUDE,LONGITUDE,LOCATION
ccb14068c3fcfd5f5bb1da7063b10c9a6a639e4cf7b418f9baf2b1766f768d663a0e822a7a8731787e791928432d28a7fef03da4a1b3fdccb94e0936738db738,JF176491,,3/16/2022 23:51,30,NO CONTROLS,NO CONTROLS,CLEAR,"DARKNESS, LIGHTED ROAD",TURNING,ONE-WAY,,STRAIGHT AND LEVEL,DRY,NO DEFECTS,ON SCENE,NO INJURY / DRIVE AWAY,,,,"$501 - $1,500",3/16/2022 23:58,UNABLE TO DETERMINE,NOT APPLICABLE,4815,W,CORNELIA AVE,1634,,,,,,,2,NO INDICATION OF INJURY,0,0,0,0,0,2,0,23,4,3,41.94418218,-87.74764784,POINT (-87.747647841728 41.944182183009)
ccc1f0b41737ca6b98fa10d26a70092651adc36994aa2637963348b682e375634615a25648ad3d50d7cd8cd51e33e5da1fc9f591eb63582d26baa173e7dd3852,JF176174,,3/16/2022 17:00,30,NO CONTROLS,NO CONTROLS,CLEAR,DAYLIGHT,SIDESWIPE SAME DIRECTION,NOT DIVIDED,,STRAIGHT AND LEVEL,DRY,NO DEFECTS,NOT ON SCENE (DESK REPORT),NO INJURY / DRIVE AWAY,,,,"$501 - $1,500",3/16/2022 17:26,NOT APPLICABLE,NOT APPLICABLE,5300,S,CENTRAL AVE,811,,,,,,,2,NO INDICATION OF INJURY,0,0,0,0,0,2,0,17,4,3,41.79639689,-87.76257721,POINT (-87.762577213996 41.796396888788)
d8cad407be31fb07ce2d0ed12765dc9aa07d9a02269e2bd6e845f027e462a8f4c80d3527bac32ec56d3d930416d195c96c294402afad9e41143172ea892b989d,JF162133,,3/2/2022 16:15,30,TRAFFIC SIGNAL,FUNCTIONING PROPERLY,CLEAR,DAYLIGHT,TURNING,DIVIDED - W/MEDIAN (NOT RAISED),,STRAIGHT AND LEVEL,DRY,NO DEFECTS,NOT ON SCENE (DESK REPORT),NO INJURY / DRIVE AWAY,Y,,,"OVER $1,500",3/3/2022 16:00,NOT APPLICABLE,NOT APPLICABLE,3357,W,LAKE ST,1123,,,,,,,2,NO INDICATION OF INJURY,0,0,0,0,0,2,0,16,4,3,41.88451547,-87.71094374,POINT (-87.710943739772 41.884515465966)
cdc42eea6414fb59693c9878bac59b88d8eb30e9674588265a3dc2493cd4aaf0d5a768d356be42119638200d2c173db6e7fd896bc344cc186b6ed7cec8dc21ff,JF176403,,3/16/2022 16:50,35,TRAFFIC SIGNAL,FUNCTIONING PROPERLY,CLEAR,DAYLIGHT,REAR END,FOUR WAY,,STRAIGHT AND LEVEL,DRY,NO DEFECTS,NOT ON SCENE (DESK REPORT),NO INJURY / DRIVE AWAY,Y,,Y,"OVER $1,500",3/16/2022 21:30,UNABLE TO DETERMINE,NOT APPLICABLE,599,W,CHICAGO AVE,1831,,,,,,,2,NO INDICATION OF INJURY,0,0,0,0,0,2,0,16,4,3,41.8963673,-87.64286725,POINT (-87.642867250054 41.896367298379)
da7f611f2a2f8987bc809e296284d054ae425661d146e0750a00a28d85817795d0fd22db6158af07bcf98f518864e0a4cffc55b00cebe0ed34ad05d865ef39ba,JF161383,,3/2/2022 14:50,30,TRAFFIC SIGNAL,FUNCTIONING PROPERLY,CLEAR,DAYLIGHT,TURNING,NOT DIVIDED,,STRAIGHT AND LEVEL,DRY,UNKNOWN,NOT ON SCENE (DESK REPORT),INJURY AND / OR TOW DUE TO CRASH,,,,"OVER $1,500",3/2/2022 21:30,UNABLE TO DETERMINE,UNABLE TO DETERMINE,1960,W,59TH ST,715,,,,,,,2,NO INDICATION OF INJURY,0,0,0,0,0,3,0,14,4,3,41.78673744,-87.67403978,POINT (-87.674039783769 41.786737443357)
cde3ca9024e1b20b9f026524996f034ac617d8f7d946f504d69bedfc7deae5f4703f41964eea4a16a6da9b06d166305d26da98e63d50bb3a4756fa46683f7687,JC353425,,7/17/2019 21:30,30,STOP SIGN/FLASHER,FUNCTIONING PROPERLY,CLEAR,"DARKNESS, LIGHTED ROAD",PEDALCYCLIST,DIVIDED - W/MEDIAN (NOT RAISED),,STRAIGHT AND LEVEL,DRY,UNKNOWN,,INJURY AND / OR TOW DUE TO CRASH,Y,,,$500 OR LESS,7/17/2019 21:42,DISREGARDING STOP SIGN,UNABLE TO DETERMINE,5032,N,DAMEN AVE,2032,,,,,,,2,"REPORTED, NOT EVIDENT",1,0,0,0,1,2,0,21,4,7,41.97337356,-87.67947154,POINT (-87.679471536662 41.973373557562)
cdfc0ac0e6128b4fd4483f9fe112c222bc59ea220b958649d70eb4bf9719933d65e18b515e81739e8d21d592fb4d2042b19ccc8a51efd370d93cbb24787bdee3,JE419313,,10/23/2021 1:14,30,TRAFFIC SIGNAL,FUNCTIONING PROPERLY,CLEAR,"DARKNESS, LIGHTED ROAD",TURNING,FOUR WAY,,STRAIGHT AND LEVEL,DRY,NO DEFECTS,,INJURY AND / OR TOW DUE TO CRASH,Y,,,"OVER $1,500",10/23/2021 1:40,FAILING TO YIELD RIGHT-OF-WAY,DISREGARDING TRAFFIC SIGNALS,700,S,CICERO AVE,1533,,,,,,,2,NONINCAPACITATING INJURY,6,0,0,6,0,0,0,1,7,10,41.87205805,-87.74507934,POINT (-87.745079343101 41.872058050459)
c768c68008e8891bd802b97dcdb2f67a3ccd7f441f2f52909b241bc8a44e89fc7aedba6e34f79aa25bbfdf7efd8fe7257a831ef5e53ad56abe9d44043a78ff97,JF153696,,2/23/2022 14:30,30,TRAFFIC SIGNAL,FUNCTIONING PROPERLY,CLEAR,DAYLIGHT,REAR END,DIVIDED - W/MEDIAN (NOT RAISED),,STRAIGHT AND LEVEL,DRY,NO DEFECTS,NOT ON SCENE (DESK REPORT),NO INJURY / DRIVE AWAY,Y,,,"OVER $1,500",2/23/2022 15:00,FOLLOWING TOO CLOSELY,NOT APPLICABLE,4200,S,ASHLAND AVE,924,,,,,,,2,NO INDICATION OF INJURY,0,0,0,0,0,3,0,14,4,2,41.81768012,-87.66533363,POINT (-87.665333633124 41.81768011732)
c90c5e05b531142f0fec298330ae435c3f2fdca56fe66f5b85ba23ac59c9aedea9d4e08eadde68abec00d1176c6de2c7af6859dbe84cc1491597bb042493d3f6,JF146923,,2/16/2022 23:10,30,TRAFFIC SIGNAL,FUNCTIONING PROPERLY,RAIN,"DARKNESS, LIGHTED ROAD",ANGLE,FOUR WAY,,STRAIGHT AND LEVEL,WET,NO DEFECTS,ON SCENE,INJURY AND / OR TOW DUE TO CRASH,Y,,,"OVER $1,500",2/16/2022 23:12,WEATHER,UNABLE TO DETERMINE,3015,W,DIVISION ST,1211,,,,,,,2,NO INDICATION OF INJURY,0,0,0,0,0,2,0,23,4,2,41.90276794,-87.70224443,POINT (-87.702244427784 41.902767934755)
c9171762b85cdcd691941e344e37b2978741010575a584ea1915e114d5ea80925cd19c7766aa7dc1b9ca2dcefe34b92f54d528cc06f3267a8c3b8de970afa24a,JF146590,,2/16/2022 17:00,30,NO CONTROLS,NO CONTROLS,RAIN,"DARKNESS, LIGHTED ROAD",PEDESTRIAN,OTHER,,STRAIGHT AND LEVEL,WET,NO DEFECTS,ON SCENE,INJURY AND / OR TOW DUE TO CRASH,,,Y,"OVER $1,500",2/16/2022 17:00,FAILING TO YIELD RIGHT-OF-WAY,UNABLE TO DETERMINE,2000,W,MARQUETTE RD,726,,,,,,,2,NONINCAPACITATING INJURY,1,0,0,1,0,3,0,17,4,2,41.77218557,-87.67377607,POINT (-87.673776072457 41.772185569439)
db07cbb6914b0edcfda345268f128064f10c04bec69c849a578eaed93445f8707d4ca0c389055991816ea62a36e15363ab2103b74807eb4e358cbef41b586a7f,JF183113,,3/22/2022 18:48,30,TRAFFIC SIGNAL,FUNCTIONING PROPERLY,CLEAR,"DARKNESS, LIGHTED ROAD",REAR END,DIVIDED - W/MEDIAN (NOT RAISED),,STRAIGHT AND LEVEL,DRY,NO DEFECTS,ON SCENE,NO INJURY / DRIVE AWAY,,,Y,"OVER $1,500",3/22/2022 18:50,UNABLE TO DETERMINE,UNABLE TO DETERMINE,2600,E,95TH ST,423,,,,,,,2,NO INDICATION OF INJURY,0,0,0,0,0,5,0,18,3,3,41.72275951,-87.56068373,POINT (-87.560683728383 41.722759507721)
ce4bfeacdfd44cb47ac5fc2d382d0d9eb4e00c675dbebc64db447e35ecce5ae82dbdd643cbd252d00a67484eb3b85439c55b120d9a4e53a5f8c84c2740008420,JF176323,,3/16/2022 19:10,30,NO CONTROLS,NO CONTROLS,CLEAR,"DARKNESS, LIGHTED ROAD",TURNING,DIVIDED - W/MEDIAN (NOT RAISED),,STRAIGHT AND LEVEL,DRY,NO DEFECTS,ON SCENE,INJURY AND / OR TOW DUE TO CRASH,,,,"OVER $1,500",3/16/2022 19:10,FAILING TO YIELD RIGHT-OF-WAY,FAILING TO REDUCE SPEED TO AVOID CRASH,8516,S,COTTAGE GROVE AVE,632,,,,,,,2,NO INDICATION OF INJURY,0,0,0,0,0,3,0,19,4,3,41.7397433,-87.60505677,POINT (-87.605056767075 41.739743301545)
cea75b2b9a22e17d668a00e2088460d9323a466c16d3d787e0c048b50f4bda3aae7a41d4731ed9597fdc35047d7b89a55acbcbf09ed4b1c0673818bc1a4b157f,JF175438,,3/16/2022 4:30,30,UNKNOWN,UNKNOWN,CLEAR,"DARKNESS, LIGHTED ROAD",PARKED MOTOR VEHICLE,UNKNOWN,,STRAIGHT AND LEVEL,DRY,NO DEFECTS,NOT ON SCENE (DESK REPORT),NO INJURY / DRIVE AWAY,,,Y,"OVER $1,500",3/16/2022 7:28,UNABLE TO DETERMINE,NOT APPLICABLE,6868,W,MEDILL AVE,2512,,,,,,,3,NO INDICATION OF INJURY,0,0,0,0,0,1,0,4,4,3,41.92246888,-87.7978788,POINT (-87.797878795059 41.922468880061)
c97b2f41bc62456b466c5bb9b08923510ec2b57677c82819f4bf82ab218e99ed82fb75cbed256b95598433e7e18bd7196f4cfaff2923e370699941987e69a63e,JF146291,,2/16/2022 13:15,30,NO CONTROLS,NO CONTROLS,CLEAR,DAYLIGHT,TURNING,NOT DIVIDED,,STRAIGHT AND LEVEL,DRY,NO DEFECTS,ON SCENE,NO INJURY / DRIVE AWAY,,,,"OVER $1,500",2/16/2022 13:15,FOLLOWING TOO CLOSELY,UNABLE TO DETERMINE,3200,N,LAKE SHORE DR,1925,,,,,,,2,NO INDICATION OF INJURY,0,0,0,0,0,2,0,13,4,2,41.94090916,-87.63936916,POINT (-87.639369159955 41.940909163268)
ce0ed45ba142fff0e8c61ae1e65096b5ee29bbf59cd91a3cbf0a5678f7ef1fe6e78d26a8c8e1c283763f10ab43af2c9b3859be7a8bae33b1a1372fb73631a3d1,JD249694,,5/31/2020 20:15,20,NO CONTROLS,NO CONTROLS,CLEAR,DAYLIGHT,ANGLE,ONE-WAY,,STRAIGHT AND LEVEL,DRY,NO DEFECTS,,NO INJURY / DRIVE AWAY,,,,"$501 - $1,500",6/1/2020 11:10,UNABLE TO DETERMINE,NOT APPLICABLE,1000,N,MASON AVE,1511,,,,,,,2,NO INDICATION OF INJURY,0,0,0,0,0,5,0,20,1,5,41.89846171,-87.7741857,POINT (-87.774185698937 41.898461712089)
db64dd24b87b60ca940d0aa15e3cc2b50f4d788b86f4db05a600e3a497a07b492fe756c61d65efe473b7e69691eaade34e29a399aa38a9c07190acec621896bb,JE192520,,4/7/2021 15:20,35,TRAFFIC SIGNAL,NO CONTROLS,CLEAR,DAYLIGHT,TURNING,DIVIDED - W/MEDIAN (NOT RAISED),,STRAIGHT AND LEVEL,DRY,NO DEFECTS,,NO INJURY / DRIVE AWAY,Y,,,"OVER $1,500",4/7/2021 16:10,IMPROPER TURNING/NO SIGNAL,UNABLE TO DETERMINE,7900,S,CHAMPLAIN AVE,624,,,,,,,2,NO INDICATION OF INJURY,0,0,0,0,0,3,0,15,4,4,41.75112747,-87.60901537,POINT (-87.609015366565 41.751127471847)
ec90c1556db62ea0715214afe0d9240f07e01e711f891be2b16903eee88966cc09d8fb7f3df7f5decbb1179c5ed32f14c5804ba9a91cca8965bb4ee97516bd82,JB104994,,1/5/2018 5:57,30,TRAFFIC SIGNAL,FUNCTIONING PROPERLY,CLEAR,DAWN,REAR END,NOT DIVIDED,4,STRAIGHT AND LEVEL,DRY,NO DEFECTS,,NO INJURY / DRIVE AWAY,,,,"$501 - $1,500",1/5/2018 7:21,FOLLOWING TOO CLOSELY,UNABLE TO DETERMINE,7400,N,WESTERN AVE,2411,,,,,,,2,NO INDICATION OF INJURY,0,0,0,0,0,2,0,5,6,1,42.01585949,-87.69006748,POINT (-87.690067481222 42.015859491773)
c924ac8fdb31135d7ff4ef1e052d85eebaa06f49bfe2c5063798a02b87b1606a2263d84812cb25ccf48e0a4e26a1e78629cf93629ceba1201dd2e8e2b4233567,JF153798,,2/23/2022 15:36,30,NO CONTROLS,NO CONTROLS,CLEAR,DAYLIGHT,SIDESWIPE SAME DIRECTION,NOT DIVIDED,,STRAIGHT AND LEVEL,DRY,NO DEFECTS,,NO INJURY / DRIVE AWAY,,,,"OVER $1,500",2/23/2022 16:20,DRIVING SKILLS/KNOWLEDGE/EXPERIENCE,NOT APPLICABLE,6400,S,LINDER AVE,813,,,,,,,2,NO INDICATION OF INJURY,0,0,0,0,0,2,0,15,4,2,41.77624059,-87.75936897,POINT (-87.759368970826 41.776240591525)
dc562b4648cc1b0e33b3f507954b66910576c0ffb84e27744a13afb50a251a2e9e4664af60a750599f1d7a6d0c566baf30f4754125f2a52f388f84ac1123c106,JF182671,,3/22/2022 11:00,30,STOP SIGN/FLASHER,FUNCTIONING PROPERLY,RAIN,DAYLIGHT,TURNING,T-INTERSECTION,,STRAIGHT AND LEVEL,WET,NO DEFECTS,,NO INJURY / DRIVE AWAY,Y,,,"OVER $1,500",3/22/2022 13:30,UNABLE TO DETERMINE,UNABLE TO DETERMINE,4000,W,ROSCOE ST,1731,,,,,,,2,NO INDICATION OF INJURY,0,0,0,0,0,2,0,11,3,3,41.94327714,-87.72739991,POINT (-87.727399909965 41.943277136333)
cffb36fca9bef9e128d24371a9b763ccc7204dccbfdd9a4c92762a81c58e57bf2ae997b3a399e6765c7e8c169d975fcd5c5eb48c3bf148cac954681d0010fc90,JF175736,,3/16/2022 0:30,30,NO CONTROLS,NO CONTROLS,UNKNOWN,"DARKNESS, LIGHTED ROAD",PARKED MOTOR VEHICLE,DIVIDED - W/MEDIAN (NOT RAISED),,STRAIGHT AND LEVEL,UNKNOWN,UNKNOWN,NOT ON SCENE (DESK REPORT),NO INJURY / DRIVE AWAY,,,Y,"OVER $1,500",3/16/2022 12:00,UNABLE TO DETERMINE,UNABLE TO DETERMINE,7051,S,RACINE AVE,733,,,,,,,2,NO INDICATION OF INJURY,0,0,0,0,0,1,0,0,4,3,41.76537531,-87.65397739,POINT (-87.653977392666 41.765375312339)
cb0ceeb59452e51886cf875c5def3cafbe58fa66e85a969cfed64762bda697571a9af4887f72e66ad79164c6a38d5be57aa07c1e68047152148c494d2f0d812b,JF146855,Y,2/16/2022 21:00,35,TRAFFIC SIGNAL,FUNCTIONING PROPERLY,RAIN,"DARKNESS, LIGHTED ROAD",ANGLE,FOUR WAY,,STRAIGHT AND LEVEL,WET,NO DEFECTS,ON SCENE,INJURY AND / OR TOW DUE TO CRASH,Y,,Y,"OVER $1,500",2/16/2022 21:00,DISREGARDING TRAFFIC SIGNALS,FAILING TO REDUCE SPEED TO AVOID CRASH,1,E,87TH ST,632,,,,,,,2,NO INDICATION OF INJURY,0,0,0,0,0,2,0,21,4,2,41.73619152,-87.62407807,POINT (-87.624078066975 41.736191517717)
cb0ee73bbc8a1342922f4bce8ba1f6e653a3f22f8ac4b0330821fb5f8e0937d574b63f5621b4ca6a7d681f6d546bf0da77dcc8a93a6f5ec19c08bbe7d1dbd83b,JF148590,,2/16/2022 18:00,30,STOP SIGN/FLASHER,FUNCTIONING PROPERLY,CLEAR,DARKNESS,REAR END,NOT DIVIDED,,STRAIGHT AND LEVEL,DRY,NO DEFECTS,NOT ON SCENE (DESK REPORT),NO INJURY / DRIVE AWAY,,,Y,"OVER $1,500",2/18/2022 14:30,FOLLOWING TOO CLOSELY,FOLLOWING TOO CLOSELY,8100,S,ELLIS AVE,631,,,,,,,2,NO INDICATION OF INJURY,0,0,0,0,0,2,0,18,4,2,41.74758644,-87.60037778,POINT (-87.600377779793 41.747586438161)
dbd272259f6ad5080763688c4ea74852b0fd16a675d8a770e9e176429e46b7468ba3e8babfaf9ffcf926af7d7b83fcae5e8ec5b13db5980ac6846b230a810877,JE396386,,9/22/2021 6:55,30,TRAFFIC SIGNAL,FUNCTIONING PROPERLY,RAIN,"DARKNESS, LIGHTED ROAD",REAR END,FOUR WAY,,STRAIGHT AND LEVEL,WET,UNKNOWN,,NO INJURY / DRIVE AWAY,Y,,,"$501 - $1,500",10/3/2021 11:00,UNABLE TO DETERMINE,TEXTING,4158,W,ADDISON ST,1731,,,,,,,2,NO INDICATION OF INJURY,0,0,0,0,0,2,0,6,4,9,41.94643077,-87.73140785,POINT (-87.731407846541 41.946430765311)
cb19898b2ee45069c0481a700d453879eddc72d9cbbe246c60eaa8fcc04f373d2b52e793c28cc987f24b9c9a745e22043b9ff2b6912a7c386534aee59dfc849f,JF146605,,2/16/2022 14:00,30,NO CONTROLS,NO CONTROLS,CLEAR,DAYLIGHT,SIDESWIPE SAME DIRECTION,NOT DIVIDED,,STRAIGHT AND LEVEL,DRY,NO DEFECTS,NOT ON SCENE (DESK REPORT),NO INJURY / DRIVE AWAY,,,,"OVER $1,500",2/16/2022 17:14,UNABLE TO DETERMINE,NOT APPLICABLE,7971,S,CICERO AVE,834,,,,,,,2,NO INDICATION OF INJURY,0,0,0,0,0,3,0,14,4,2,41.747682,-87.74115727,POINT (-87.741157266283 41.74768199829)
ca005b05c984c237ba7047b4096379366e800c84352f788bce7448373411b44dceacb6752c0aaa241c24fcd002730c4d9b6bd64639cfff601cd185670e421c42,JF153248,,2/23/2022 8:00,30,NO CONTROLS,NO CONTROLS,CLEAR,DAYLIGHT,SIDESWIPE SAME DIRECTION,NOT DIVIDED,,STRAIGHT AND LEVEL,DRY,NO DEFECTS,NOT ON SCENE (DESK REPORT),NO INJURY / DRIVE AWAY,,,,"OVER $1,500",2/23/2022 8:30,IMPROPER OVERTAKING/PASSING,NOT APPLICABLE,5750,S,KEDZIE AVE,822,,,,,,,2,NO INDICATION OF INJURY,0,0,0,0,0,2,0,8,4,2,41.78837862,-87.70355879,POINT (-87.703558791951 41.78837861891)
cb2d3b51665c9e2c6605033be20e547260c7b801ed720240de19d26de032395be23e48613fc6f6582057f6168a4f90556b592deb68e9d641bd91788515c3f67f,JF146511,,2/16/2022 14:30,30,NO CONTROLS,NO CONTROLS,CLEAR,DAYLIGHT,PARKED MOTOR VEHICLE,DIVIDED - W/MEDIAN (NOT RAISED),,STRAIGHT AND LEVEL,DRY,NO DEFECTS,NOT ON SCENE (DESK REPORT),NO INJURY / DRIVE AWAY,,,Y,"OVER $1,500",2/16/2022 16:00,UNABLE TO DETERMINE,NOT APPLICABLE,5847,W,FULLERTON AVE,2515,,,,,,,2,NO INDICATION OF INJURY,0,0,0,0,0,1,0,14,4,2,41.9237648,-87.77275233,POINT (-87.772752324613 41.923764802298)
dd328190990e68d3ca7f282ec8fea3c007ece1aa3b94a3134d9ab5c16e1947851fc4a1e3b29b87fed95f367dadb5f09f25ff3790e2446edf450cf999e0ec950f,JF182945,,3/22/2022 16:00,30,NO CONTROLS,NO CONTROLS,RAIN,DAYLIGHT,SIDESWIPE SAME DIRECTION,NOT DIVIDED,,STRAIGHT AND LEVEL,WET,UNKNOWN,NOT ON SCENE (DESK REPORT),NO INJURY / DRIVE AWAY,,,Y,"$501 - $1,500",3/22/2022 17:00,IMPROPER LANE USAGE,UNABLE TO DETERMINE,2200,E,95TH ST,413,,,,,,,2,NO INDICATION OF INJURY,0,0,0,0,0,2,0,16,3,3,41.72263897,-87.57046911,POINT (-87.570469114121 41.72263897072)
edad5ce4c767cec94e359b485ba75cc1630fa6b908bfa2e85d227fb1171f30926a42283bcf90016211cff91a683f105a7941041e9461bc8dcaaeec6757c20b35,JF168644,,3/9/2022 18:46,30,NO CONTROLS,NO CONTROLS,CLEAR,"DARKNESS, LIGHTED ROAD",FIXED OBJECT,NOT DIVIDED,,STRAIGHT AND LEVEL,DRY,NO DEFECTS,ON SCENE,NO INJURY / DRIVE AWAY,N,,N,"OVER $1,500",3/9/2022 18:48,IMPROPER LANE USAGE,NOT APPLICABLE,2357,N,DAMEN AVE,1432,,,,,,,1,NO INDICATION OF INJURY,0,0,0,0,0,1,0,18,4,3,41.92443221,-87.677719,POINT (-87.677719001927 41.924432207209)
cc03e502a961e41d1413df087b4c8fe592d061c2e024133aa667a7a91b2d707bfa5565362f669f814645b09633a5fcd51b1e07ce38edbb5f66097dfdaa2abfbc,JF153885,Y,2/23/2022 17:21,35,TRAFFIC SIGNAL,FUNCTIONING PROPERLY,CLEAR,DAYLIGHT,REAR END,DIVIDED - W/MEDIAN (NOT RAISED),,STRAIGHT AND LEVEL,DRY,NO DEFECTS,ON SCENE,NO INJURY / DRIVE AWAY,,,,$500 OR LESS,2/23/2022 17:21,FOLLOWING TOO CLOSELY,UNABLE TO DETERMINE,8610,S,COTTAGE GROVE AVE,632,,,,,,,2,NO INDICATION OF INJURY,0,0,0,0,0,2,0,17,4,2,41.73808851,-87.60501184,POINT (-87.605011834764 41.738088511818)
dcc616a8d073a03c2d0dcdb9536bf85d2bea47f44bc7bece0c4cf8617b974961796e0a202a371a9d1d744839af7f8e7da901e41283595429c457bda5cc928c2f,JE367271,,9/8/2021 19:45,30,NO CONTROLS,NO CONTROLS,CLEAR,DARKNESS,PARKED MOTOR VEHICLE,DIVIDED - W/MEDIAN (NOT RAISED),,STRAIGHT AND LEVEL,DRY,NO DEFECTS,,NO INJURY / DRIVE AWAY,,,Y,"$501 - $1,500",9/9/2021 13:50,UNABLE TO DETERMINE,NOT APPLICABLE,6637,S,SPAULDING AVE,831,,,,,,,3,NO INDICATION OF INJURY,0,0,0,0,0,1,0,19,4,9,41.77242246,-87.7052559,POINT (-87.705255898528 41.772422461175)
eddd6c461af9221b327e0afddd613d02f7bdc57b44dd0dd245bb4628fbefb625a64684fd23a0c916391b85629d3f63e0cef13770535ed00ed9a111bdd3ad81eb,JF168118,,3/9/2022 10:30,30,NO CONTROLS,NO CONTROLS,CLEAR,DAYLIGHT,TURNING,DIVIDED - W/MEDIAN (NOT RAISED),,STRAIGHT AND LEVEL,DRY,NO DEFECTS,ON SCENE,NO INJURY / DRIVE AWAY,,,,"OVER $1,500",3/9/2022 10:54,IMPROPER OVERTAKING/PASSING,NOT APPLICABLE,1921,E,130TH ST,434,,Y,,,,,2,NO INDICATION OF INJURY,0,0,0,0,0,3,0,10,4,3,41.65908472,-87.57785978,POINT (-87.57785977951 41.659084722236)
de7770be7dd0d641ad651fc05a9a0928985ee33aa7f34db428b81a40eb320998a68544bdf96f9f3ae084bf35ea68b4f2feb93d9af1d10fd28383062004cc58cc,JF182177,,3/22/2022 4:41,30,NO CONTROLS,NO CONTROLS,CLEAR,"DARKNESS, LIGHTED ROAD",TURNING,NOT DIVIDED,,STRAIGHT AND LEVEL,DRY,NO DEFECTS,ON SCENE,INJURY AND / OR TOW DUE TO CRASH,,,,"OVER $1,500",3/22/2022 4:41,UNABLE TO DETERMINE,UNABLE TO DETERMINE,1301,N,AUSTIN BLVD,2531,,,,,,,2,NONINCAPACITATING INJURY,1,0,0,1,0,2,0,4,3,3,41.90390462,-87.77527816,POINT (-87.775278157323 41.903904617896)
d2a5ee380cf87106da8e695b9291abe54d132975760df4a0e749481db63ba86232ca784b99b99f7ca630b55a690127fb5c1b785cae3b365b2d2afb0fb512b1ce,JF176144,Y,3/16/2022 16:57,30,TRAFFIC SIGNAL,FUNCTIONING PROPERLY,CLEAR,DAYLIGHT,TURNING,NOT DIVIDED,,STRAIGHT AND LEVEL,DRY,UNKNOWN,ON SCENE,INJURY AND / OR TOW DUE TO CRASH,,,,"OVER $1,500",3/16/2022 17:01,IMPROPER TURNING/NO SIGNAL,IMPROPER OVERTAKING/PASSING,799,N,FAIRBANKS CT,1833,,,,,,,2,NO INDICATION OF INJURY,0,0,0,0,0,7,0,16,4,3,41.89673792,-87.62022135,POINT (-87.620221354034 41.896737923045)
cc971e1963350197ea041bbc6dd318d8baafd8ebb41eb40a5aa6b7045f8341fcbff60d9a1dc12718400f245c7b62abd1579267a4cc986630a67ea3427f6c5f06,JF153745,N,2/23/2022 10:00,25,NO CONTROLS,NO CONTROLS,CLEAR,DAYLIGHT,PARKED MOTOR VEHICLE,NOT DIVIDED,,STRAIGHT AND LEVEL,DRY,NO DEFECTS,ON SCENE,NO INJURY / DRIVE AWAY,,,Y,$500 OR LESS,2/23/2022 15:21,UNABLE TO DETERMINE,NOT APPLICABLE,7050,S,NORMAL BLVD,732,,,,,,,2,NO INDICATION OF INJURY,0,0,0,0,0,1,0,10,4,2,41.76562976,-87.63730226,POINT (-87.637302263218 41.765629762646)
cc95e46093f8c561d84a8f5af7b09677ce5c02990a4351ebc034f7b6b465b49aa876abad3777667ac646e84b7a79257963874a22d224b9105c6cb00c088d0040,JF146705,,2/16/2022 17:20,30,NO CONTROLS,NO CONTROLS,CLEAR,"DARKNESS, LIGHTED ROAD",REAR END,DIVIDED - W/MEDIAN (NOT RAISED),,STRAIGHT AND LEVEL,WET,NO DEFECTS,ON SCENE,NO INJURY / DRIVE AWAY,,,N,"OVER $1,500",2/16/2022 18:30,FOLLOWING TOO CLOSELY,FOLLOWING TOO CLOSELY,5924,N,LINCOLN AVE,2011,,,,,,,2,NO INDICATION OF INJURY,0,0,0,0,0,3,0,17,4,2,41.98871482,-87.70480293,POINT (-87.704802931217 41.988714814726)
d2c7f0c2d255329a0060d7ca0a878cabcd8d037eac912f553784b89eafddb9e5aa5b6627867c9893abfa6419a66bb356454f4784e681ba3232a1fc0c28d717b6,JF175783,,3/16/2022 12:00,30,NO CONTROLS,NO CONTROLS,CLEAR,DAYLIGHT,TURNING,NOT DIVIDED,,STRAIGHT AND LEVEL,DRY,NO DEFECTS,NOT ON SCENE (DESK REPORT),NO INJURY / DRIVE AWAY,,,,"OVER $1,500",3/16/2022 12:40,IMPROPER TURNING/NO SIGNAL,FAILING TO YIELD RIGHT-OF-WAY,3943,N,NORA AVE,1632,,,,,,,2,NO INDICATION OF INJURY,0,0,0,0,0,2,0,12,4,3,41.95206036,-87.80219734,POINT (-87.802197343984 41.952060356386)