CRASH_RECORD_ID,RD_NO,CRASH_DATE_EST_I,CRASH_DATE,POSTED_SPEED_LIMIT,TRAFFIC_CONTROL_DEVICE,DEVICE_CONDITION,WEATHER_CONDITION,LIGHTING_CONDITION,FIRST_CRASH_TYPE,TRAFFICWAY_TYPE,LANE_CNT,ALIGNMENT,ROADWAY_SURFACE_COND,ROAD_DEFECT,REPORT_TYPE,CRASH_TYPE,INTERSECTION_RELATED_I,NOT_RIGHT_OF_WAY_I,HIT_AND_RUN_I,DAMAGE,DATE_POLICE_NOTIFIED,PRIM_CONTRIBUTORY_CAUSE,SEC_CONTRIBUTORY_CAUSE,STREET_NO,STREET_DIRECTION,STREET_NAME,BEAT_OF_OCCURRENCE,PHOTOS_TAKEN_I,STATEMENTS_TAKEN_I,DOORING_I,WORK_ZONE_I,WORK_ZONE_TYPE,WORKERS_PRESENT_I,NUM_UNITS,MOST_SEVERE_INJURY,INJURIES_TOTAL,INJURIES_FATAL,INJURIES_INCAPACITATING,INJURIES_NON_INCAPACITATING,INJURIES_REPORTED_NOT_EVIDENT,INJURIES_NO_INDICATION,INJURIES_UNKNOWN,CRASH_HOUR,CRASH_DAY_OF_WEEK,CRASH_MONTH,LATITUDE,LONGITUDE,LOCATION
eef6a92db329660778977e8704dacf9d729116af63ef43e2a91e08036c32c67e2a928a8aeb28ed90d3426c62276fb9bd1336e1ff401913d5f7a1a22cf265f409,JF168066,,3/9/2022 9:40,30,TRAFFIC SIGNAL,FUNCTIONING PROPERLY,CLEAR,DAYLIGHT,TURNING,DIVIDED - W/MEDIAN (NOT RAISED),,STRAIGHT AND LEVEL,DRY,NO DEFECTS,NOT ON SCENE (DESK REPORT),NO INJURY / DRIVE AWAY,,,,"OVER $1,500",3/9/2022 10:13,UNABLE TO DETERMINE,PHYSICAL CONDITION OF DRIVER,2738,N,WESTERN AVE,1411,,,,,,,2,NO INDICATION OF INJURY,0,0,0,0,0,3,0,9,4,3,41.93151707,-87.6880308,POINT (-87.688030798252 41.931517074315)
ccdfe8319e2c8c4e980cea0dcc753ca8769bc5970a7aa819b42c575bf3349f25f7fb5abde1e7a1ddf1a5c632a866758261f0f885c7724c6a06cd2cecddc99083,JF154161,,2/23/2022 14:55,30,NO CONTROLS,NO CONTROLS,CLEAR,DAYLIGHT,SIDESWIPE SAME DIRECTION,NOT DIVIDED,,STRAIGHT AND LEVEL,DRY,UNKNOWN,NOT ON SCENE (DESK REPORT),NO INJURY / DRIVE AWAY,,,,"$501 - $1,500",2/23/2022 23:00,UNABLE TO DETERMINE,UNABLE TO DETERMINE,5331,N,ASHLAND AVE,2012,,,,,,,2,NO INDICATION OF INJURY,0,0,0,0,0,2,0,14,4,2,41.97886686,-87.66954168,POINT (-87.66954167794 41.978866860286)
df352567f71b90c82eb3954a23da0a44615c1d1eba4b17596335336240caaee148128bd6add64b093c8a000f4ced5cf3ca666f9671f6c79fc79151b59e9ab790,JF163496,,3/2/2022 14:45,25,NO CONTROLS,NO CONTROLS,CLEAR,DARKNESS,PARKED MOTOR VEHICLE,ONE-WAY,,STRAIGHT AND LEVEL,DRY,NO DEFECTS,NOT ON SCENE (DESK REPORT),NO INJURY / DRIVE AWAY,,,Y,"$501 - $1,500",3/4/2022 18:45,NOT APPLICABLE,NOT APPLICABLE,4027,W,GRENSHAW ST,1132,,,,,,,2,NO INDICATION OF INJURY,0,0,0,0,0,2,0,14,4,3,41.86695871,-87.72631742,POINT (-87.726317419873 41.866958712202)
d398b24b5d1bcecb87eb35eaea009f5f7ffa6dfe82fcf7d6d9734dee3e742da4888040352e1e12c4cb4c5225dcd65801870e7349bd8f90288369fbe9cda1d8fa,JF176227,,3/16/2022 7:30,30,NO CONTROLS,NO CONTROLS,CLEAR,DAYLIGHT,SIDESWIPE SAME DIRECTION,DIVIDED - W/MEDIAN (NOT RAISED),,STRAIGHT AND LEVEL,DRY,UNKNOWN,NOT ON SCENE (DESK REPORT),NO INJURY / DRIVE AWAY,,,,"OVER $1,500",3/16/2022 19:14,UNABLE TO DETERMINE,NOT APPLICABLE,4900,N,KEDZIE AVE,1713,,,,,,,2,NO INDICATION OF INJURY,0,0,0,0,0,3,0,7,4,3,41.97036095,-87.70867746,POINT (-87.708677455927 41.970360950999)
d34bd4310b7bf315f015ea55fe38ce51df2761eaf5808c97767c466585e05df1f9bc87274e162e452c9c31a4ca8c07675781278e2bcdb4aa55f1dc14b2ec0982,JE215070,,4/30/2021 13:40,30,NO CONTROLS,NO CONTROLS,CLEAR,DAYLIGHT,SIDESWIPE SAME DIRECTION,DIVIDED - W/MEDIAN BARRIER,,STRAIGHT AND LEVEL,DRY,UNKNOWN,,NO INJURY / DRIVE AWAY,,,,"OVER $1,500",4/30/2021 15:16,UNABLE TO DETERMINE,UNABLE TO DETERMINE,4237,N,CICERO AVE,1722,,,,,,,2,NO INDICATION OF INJURY,0,0,0,0,0,2,0,13,6,4,41.95813385,-87.7473042,POINT (-87.747304199479 41.958133852244)
cd806043cf6a9408c86bc0f7010486b817e1017ff9782ab62be401c044921d3dcafaa3ad352301c7c25513d4e293da05fdf3526abed1410ab9cb19d7c222bd3e,JF145872,Y,2/16/2022 5:30,30,NO CONTROLS,NO CONTROLS,CLEAR,"DARKNESS, LIGHTED ROAD",FIXED OBJECT,NOT DIVIDED,,STRAIGHT AND LEVEL,DRY,NO DEFECTS,ON SCENE,INJURY AND / OR TOW DUE TO CRASH,,,,"OVER $1,500",2/16/2022 5:30,UNABLE TO DETERMINE,UNABLE TO DETERMINE,8640,W,FOREST PRESERVE AVE,1631,,,,,,,1,NONINCAPACITATING INJURY,1,0,0,1,0,0,0,5,4,2,41.93935599,-87.84070432,POINT (-87.840704318398 41.939355991261)
f03860dc34739f2764af3d44a793b865c01579f71d67750957f2b4af612889c6a513ae8698caab02004647d8df8246503ccb524722ddb897ab82751b295c3be3,JF168470,,3/9/2022 16:45,30,NO CONTROLS,NO CONTROLS,CLEAR,DAYLIGHT,TURNING,NOT DIVIDED,,STRAIGHT AND LEVEL,DRY,NO DEFECTS,NOT ON SCENE (DESK REPORT),NO INJURY / DRIVE AWAY,,,,"$501 - $1,500",3/9/2022 17:00,IMPROPER OVERTAKING/PASSING,NOT APPLICABLE,5417,W,CARMEN AVE,1623,,,,,,,2,NO INDICATION OF INJURY,0,0,0,0,0,2,0,16,4,3,41.97322863,-87.76337475,POINT (-87.763374748337 41.973228634299)
cdc22d1546770e9f72de9204148decbd0071cf59a4644cce30cd372264fd2a85300a59c2c11e3632b2f62db359601abb4c8944c6c2b6a6c97d2e4d20b8698eca,JF146613,N,2/16/2022 7:00,30,NO CONTROLS,NO CONTROLS,CLEAR,DAYLIGHT,PARKED MOTOR VEHICLE,DIVIDED - W/MEDIAN (NOT RAISED),,STRAIGHT AND LEVEL,UNKNOWN,UNKNOWN,NOT ON SCENE (DESK REPORT),NO INJURY / DRIVE AWAY,,,Y,"OVER $1,500",2/16/2022 17:30,UNABLE TO DETERMINE,NOT APPLICABLE,3679,N,ELSTON AVE,1733,,,,,,,2,NO INDICATION OF INJURY,0,0,0,0,0,1,0,7,4,2,41.94825651,-87.71101042,POINT (-87.711010422327 41.948256512184)
ce0e17f06a983b0a372c0fdad3612d29203cea7268b6f99ce1b890ddb41f782a8e32ab2d74edbae295e92fc6f0b4ae5677560d78bfa473b8d1e6d6dabe8d7df3,JF145942,,2/16/2022 7:03,20,NO CONTROLS,NO CONTROLS,CLEAR,DAYLIGHT,SIDESWIPE OPPOSITE DIRECTION,ONE-WAY,,STRAIGHT AND LEVEL,DRY,NO DEFECTS,ON SCENE,NO INJURY / DRIVE AWAY,,,,$500 OR LESS,2/16/2022 7:48,DRIVING ON WRONG SIDE/WRONG WAY,NOT APPLICABLE,1047,S,MAYFIELD AVE,1513,,,,,,,2,NO INDICATION OF INJURY,0,0,0,0,0,3,0,7,4,2,41.86775824,-87.77160741,POINT (-87.771607409882 41.867758235646)
cea29e0ea9c898e3349b3883a9ba9c182b9e909365e1fac53bb40b87925039174ad58ea817bbf3d6bed3a268ef9febbfe7f2e6702b439c59a5bbb2964667d7ba,JF154140,,2/23/2022 20:30,30,NO CONTROLS,NO CONTROLS,CLEAR,"DARKNESS, LIGHTED ROAD",PARKED MOTOR VEHICLE,NOT DIVIDED,,STRAIGHT AND LEVEL,DRY,NO DEFECTS,NOT ON SCENE (DESK REPORT),NO INJURY / DRIVE AWAY,,,Y,"$501 - $1,500",2/23/2022 22:37,UNABLE TO DETERMINE,NOT APPLICABLE,742,N,CENTRAL AVE,1511,,,,,,,2,NO INDICATION OF INJURY,0,0,0,0,0,1,0,20,4,2,41.89423406,-87.76551716,POINT (-87.765517158285 41.89423406368)
cef25d631321b5730fe71e060a44ca32e3dc11019f2b948c9c14f7485c6d6b0f8dc544a135aef0ba8b67d3ff8767babc99c1b1a08c70e0f2c604ee0776785123,JF153327,,2/23/2022 9:00,30,STOP SIGN/FLASHER,UNKNOWN,UNKNOWN,UNKNOWN,TURNING,NOT DIVIDED,,STRAIGHT AND LEVEL,UNKNOWN,UNKNOWN,NOT ON SCENE (DESK REPORT),NO INJURY / DRIVE AWAY,Y,,,"$501 - $1,500",2/23/2022 9:45,UNABLE TO DETERMINE,UNABLE TO DETERMINE,7299,S,LAWNDALE AVE,833,,,,,,,2,NO INDICATION OF INJURY,0,0,0,0,0,2,0,9,4,2,41.76067632,-87.71479135,POINT (-87.714791347375 41.760676321526)
ce1d0f8ca68971ca1ae1b1c678f43c7e1f6ef979dcc3dcf1d6d21368822c38a35aa790cbb94943ee73967ce04e8c61a3dc1433d0f35adbf383c7b860f6702f17,JC526212,,11/27/2019 9:00,30,TRAFFIC SIGNAL,FUNCTIONING PROPERLY,CLOUDY/OVERCAST,DAYLIGHT,REAR END,TRAFFIC ROUTE,,STRAIGHT AND LEVEL,DRY,NO DEFECTS,,NO INJURY / DRIVE AWAY,,,Y,"OVER $1,500",11/27/2019 9:30,FOLLOWING TOO CLOSELY,NOT APPLICABLE,6701,S,CICERO AVE,833,,,,,,,2,NO INDICATION OF INJURY,0,0,0,0,0,2,0,9,4,11,41.7710448,-87.74190563,POINT (-87.741905631651 41.771044801146)
dff7040bff270dd31180cab64f2e090298025b1a0dc15f65a3ae71e7422223fd67aad1062dcad70efde42e37129b43409f74b6f0883702a32cbe9105e3cddedc,JE213339,,4/28/2021 20:15,25,NO CONTROLS,NO CONTROLS,CLEAR,"DARKNESS, LIGHTED ROAD",PARKED MOTOR VEHICLE,NOT DIVIDED,,STRAIGHT AND LEVEL,DRY,NO DEFECTS,,NO INJURY / DRIVE AWAY,,,,"$501 - $1,500",4/28/2021 20:30,UNABLE TO DETERMINE,UNABLE TO DETERMINE,2835,W,HOWARD ST,2411,,,,,,,3,NO INDICATION OF INJURY,0,0,0,0,0,1,0,20,4,4,42.01918608,-87.70094535,POINT (-87.700945350731 42.019186077084)
f0bc9972f44535f92a2c360a2b381a7cb9be5e7c3aa264e51cdc695b0763e7d6944eb306af72b3f35b11ac044f10649484f0ca730a9930624f2543e7d70b0027,JE305650,,7/18/2021 13:10,30,NO CONTROLS,NO CONTROLS,CLEAR,DAYLIGHT,SIDESWIPE SAME DIRECTION,NOT DIVIDED,,STRAIGHT AND LEVEL,DRY,UNKNOWN,,INJURY AND / OR TOW DUE TO CRASH,,,,"OVER $1,500",7/18/2021 13:50,UNABLE TO DETERMINE,NOT APPLICABLE,3937,W,31ST ST,1031,,,,,,,2,NO INDICATION OF INJURY,0,0,0,0,0,5,0,13,1,7,41.83678848,-87.72335686,POINT (-87.723356854789 41.83678848302)
d4825cdc4d48a75852dcfd1c75e6b8493cb5d8146fc95d8a6be7aa02e29f9c0b31ba42a968be0846ae0b6572eaa556e80e039c1bec993be5986f2a683f877bcf,JF176526,,3/16/2022 17:50,30,NO CONTROLS,NO CONTROLS,CLEAR,DAYLIGHT,REAR TO FRONT,NOT DIVIDED,,STRAIGHT AND LEVEL,DRY,NO DEFECTS,NOT ON SCENE (DESK REPORT),NO INJURY / DRIVE AWAY,,,Y,"OVER $1,500",3/17/2022 1:20,UNABLE TO DETERMINE,NOT APPLICABLE,4200,S,CICERO AVE,814,,,,,,,2,NO INDICATION OF INJURY,0,0,0,0,0,2,0,17,4,3,41.81672939,-87.74353671,POINT (-87.743536712476 41.816729386747)
e08a1a4b2787d9b0a194dfa5b34491cf2312d0e98051210dbfca5d1a65a33cf5863b473da840f88ed0d2a2fffa6b5c3404689a61fe15ca57f8ffe0c7a0cc46b9,JF160615,,3/2/2022 8:15,30,STOP SIGN/FLASHER,UNKNOWN,CLEAR,DAYLIGHT,TURNING,FOUR WAY,,STRAIGHT AND LEVEL,UNKNOWN,UNKNOWN,NOT ON SCENE (DESK REPORT),NO INJURY / DRIVE AWAY,Y,,,"OVER $1,500",3/2/2022 8:50,UNABLE TO DETERMINE,UNABLE TO DETERMINE,6300,S,LOWE AVE,723,,,,,,,2,NO INDICATION OF INJURY,0,0,0,0,0,2,0,8,4,3,41.77976286,-87.64101609,POINT (-87.641016090831 41.779762861762)
d50cbb42f29c3f2e6501b2086bb760d2e9b2d7caeed9cc1ebd36ba69495e8e453c5a08802de2f70460f950afad4793c9ea77fa7ce1857c1129b179747b77cb1e,JF176131,,3/16/2022 16:59,30,NO CONTROLS,NO CONTROLS,CLEAR,DUSK,PEDALCYCLIST,NOT DIVIDED,,STRAIGHT AND LEVEL,DRY,UNKNOWN,ON SCENE,INJURY AND / OR TOW DUE TO CRASH,,,,"OVER $1,500",3/16/2022 17:02,FAILING TO YIELD RIGHT-OF-WAY,UNABLE TO DETERMINE,701,W,WILSON DR,1914,,,,,,,2,NONINCAPACITATING INJURY,1,0,0,1,0,2,0,16,4,3,41.96547856,-87.64785472,POINT (-87.647854715538 41.965478557872)
f0fb5e59a3ec6c80c2f3edaca0be2225f0479a45a8455430ae54ebfe694b1e9459d3a270c766c397cb6745ab034f0eb57f9d7fb861d0df9d8644e1e28c167698,JF168439,,3/9/2022 15:55,30,NO CONTROLS,NO CONTROLS,CLEAR,DAYLIGHT,SIDESWIPE SAME DIRECTION,NOT DIVIDED,,STRAIGHT AND LEVEL,DRY,NO DEFECTS,NOT ON SCENE (DESK REPORT),NO INJURY / DRIVE AWAY,,,,"OVER $1,500",3/9/2022 16:40,IMPROPER LANE USAGE,IMPROPER LANE USAGE,10311,S,WESTERN AVE,2212,,,,,,,2,NO INDICATION OF INJURY,0,0,0,0,0,2,0,15,4,3,41.70600496,-87.68146102,POINT (-87.681461020749 41.706004960954)
e0df470d38a37b795691c55c4c70add6bb7f4f837c711045044fa21fe1b7c4b4c1d39bcd5029243b955f242b121f7dfb3d77b0fe2a18050603434e3c3f4c17f8,JF161030,,3/2/2022 11:00,30,TRAFFIC SIGNAL,FUNCTIONING PROPERLY,CLEAR,DAYLIGHT,TURNING,FOUR WAY,,STRAIGHT AND LEVEL,DRY,NO DEFECTS,NOT ON SCENE (DESK REPORT),NO INJURY / DRIVE AWAY,Y,,,"$501 - $1,500",3/2/2022 15:30,UNABLE TO DETERMINE,NOT APPLICABLE,701,S,CICERO AVE,1131,,,,,,,3,NO INDICATION OF INJURY,0,0,0,0,0,4,0,11,4,3,41.87205936,-87.74478562,POINT (-87.744785624327 41.872059359507)
cf48fcc1e3412e744478e689a750a1bce3cb1e4193a26247ad0644dffb8b9b23cfedf09e9c94b3815bc2001d19dd6f6f1907d5ab1fad012133dfa6d8f0a4f255,JF145950,,2/16/2022 7:34,30,NO CONTROLS,NO CONTROLS,CLEAR,DAYLIGHT,FIXED OBJECT,DIVIDED - W/MEDIAN (NOT RAISED),,STRAIGHT AND LEVEL,DRY,NO DEFECTS,ON SCENE,INJURY AND / OR TOW DUE TO CRASH,,,,"OVER $1,500",2/16/2022 7:46,PHYSICAL CONDITION OF DRIVER,DISTRACTION - FROM INSIDE VEHICLE,3349,N,LARAMIE AVE,1634,,,,,,,1,NONINCAPACITATING INJURY,2,0,0,2,0,1,0,7,4,2,41.94201431,-87.7566509,POINT (-87.756650904478 41.942014308645)
df806980bc93f0520d122408dccd64cdb0f0d2d512f861aafebc554c21758618304e3e2e5fa2f40bd564750e7316aa086489facd6e728dac98295405b1a59707,JE314578,,7/25/2021 14:30,45,NO CONTROLS,NO CONTROLS,CLEAR,DAYLIGHT,SIDESWIPE SAME DIRECTION,NOT DIVIDED,,STRAIGHT AND LEVEL,DRY,NO DEFECTS,,NO INJURY / DRIVE AWAY,,,,"OVER $1,500",7/26/2021 10:55,NOT APPLICABLE,NOT APPLICABLE,500,N,LAKE SHORE DR,1834,,,,,,,2,NO INDICATION OF INJURY,0,0,0,0,0,3,0,14,1,7,41.89111833,-87.61438469,POINT (-87.614384684631 41.891118332732)
cfa1549d89b30f893de6d1fac5349525d861411d3008e9df1c5cdedee7dde6870ba29bd41cd009346d63c00c2d85fe41977d33794f2fec28708a9e893a9a1287,JF153706,,2/23/2022 15:00,25,TRAFFIC SIGNAL,UNKNOWN,CLEAR,DAYLIGHT,SIDESWIPE SAME DIRECTION,CENTER TURN LANE,,STRAIGHT AND LEVEL,UNKNOWN,UNKNOWN,NOT ON SCENE (DESK REPORT),NO INJURY / DRIVE AWAY,,,,"OVER $1,500",2/23/2022 15:10,IMPROPER OVERTAKING/PASSING,UNABLE TO DETERMINE,4800,N,MILWAUKEE AVE,1623,,,,,,,2,NO INDICATION OF INJURY,0,0,0,0,0,2,0,15,4,2,41.9678444,-87.76089754,POINT (-87.760897541125 41.967844398521)
cfafb5fdb501da787ce0ed9c00cb0d4fccff6162a1c1890f31746609e32b27317e19f0b8453a6b4a9f25531d53f784cac7696c81cfeb3187c68e8ac5d2aba0a2,JF146684,,2/16/2022 17:30,25,NO CONTROLS,NO CONTROLS,RAIN,DUSK,REAR END,NOT DIVIDED,,STRAIGHT AND LEVEL,WET,NO DEFECTS,NOT ON SCENE (DESK REPORT),NO INJURY / DRIVE AWAY,,,,"OVER $1,500",2/16/2022 18:30,NOT APPLICABLE,NOT APPLICABLE,1111,W,DIVERSEY PKWY,1935,,,,,,,2,NO INDICATION OF INJURY,0,0,0,0,0,2,0,17,4,2,41.93248598,-87.65640246,POINT (-87.656402456975 41.932485976768)
d04f0a4b0360c0eb9fbadbc038518c071e652b2e5dee674034da6d7ab9caa9ebfc10732bbc1f9330fc1a6f4456c2caa4d22472e5be37613e87f2dc8c2f01797b,JF153389,,2/23/2022 10:33,35,NO CONTROLS,NO CONTROLS,CLEAR,DAYLIGHT,PARKED MOTOR VEHICLE,DIVIDED - W/MEDIAN (NOT RAISED),,STRAIGHT AND LEVEL,DRY,NO DEFECTS,ON SCENE,NO INJURY / DRIVE AWAY,,,,"$501 - $1,500",2/23/2022 10:33,UNABLE TO DETERMINE,UNABLE TO DETERMINE,4759,W,47TH ST,815,,,,,,,2,NO INDICATION OF INJURY,0,0,0,0,0,1,0,10,4,2,41.80751911,-87.74307479,POINT (-87.74307478502 41.807519111261)
d05d8046543f10d8fa505cb63e2aabc7be3f7eb9f8c09c740374c4936ce2c616be8c7fd4cc00e9568575136529210b7f0eef3c7fd2d2b1843c28abe3e384cc1c,JF153271,,2/23/2022 8:18,30,STOP SIGN/FLASHER,FUNCTIONING PROPERLY,CLEAR,DAYLIGHT,PARKED MOTOR VEHICLE,FOUR WAY,,STRAIGHT AND LEVEL,DRY,NO DEFECTS,ON SCENE,NO INJURY / DRIVE AWAY,Y,,,"OVER $1,500",2/23/2022 8:20,IMPROPER LANE USAGE,DRIVING SKILLS/KNOWLEDGE/EXPERIENCE,3801,S,ST LOUIS AVE,911,,,,,,,2,NO INDICATION OF INJURY,0,0,0,0,0,1,0,8,4,2,41.82424939,-87.71165666,POINT (-87.711656656496 41.824249384566)
e1f744c2a1944db194b3690c26e5afc2d0b68359401b798c9b11e1b20fc3aa4aff94db7292840a759ae7ddcf535dafd2be5306e47bde75ba9d44e4337fa420b1,JF160599,,3/2/2022 8:14,30,TRAFFIC SIGNAL,FUNCTIONING PROPERLY,CLEAR,DAYLIGHT,PEDALCYCLIST,DIVIDED - W/MEDIAN (NOT RAISED),,STRAIGHT AND LEVEL,DRY,NO DEFECTS,ON SCENE,INJURY AND / OR TOW DUE TO CRASH,,,Y,"OVER $1,500",3/2/2022 8:23,IMPROPER TURNING/NO SIGNAL,NOT APPLICABLE,1440,N,HALSTED ST,1822,,,,,,,2,NONINCAPACITATING INJURY,1,0,0,1,0,1,0,8,4,3,41.90758629,-87.64833594,POINT (-87.648335938772 41.907586291261)
d5f9a38f293879b3d8b548f03259f86ac3a635554c2462ef2abd96eb9d94690edb0ed719ecdd5353a498177d11b96c8297ac06312eebea9eaf50cff6a23fb0d3,JF175550,Y,3/16/2022 9:00,25,NO CONTROLS,NO CONTROLS,CLEAR,DAYLIGHT,PARKED MOTOR VEHICLE,NOT DIVIDED,,STRAIGHT AND LEVEL,DRY,NO DEFECTS,ON SCENE,NO INJURY / DRIVE AWAY,,,Y,"$501 - $1,500",3/16/2022 9:29,UNABLE TO DETERMINE,NOT APPLICABLE,231,W,75TH ST,623,,,,,,,3,NO INDICATION OF INJURY,0,0,0,0,0,1,0,9,4,3,41.7580223,-87.63110122,POINT (-87.631101214605 41.758022297258)
d0aaba8cf3fc77ecc6558c3a6d07dd087b1cb45e73fb03261d7508828fcfe92c8d3464dca149909631b365a8bf8b2aa29e50b45d436dacc76e5ce5a915d96f8e,JF146560,,2/16/2022 16:20,25,NO CONTROLS,NO CONTROLS,CLEAR,DAYLIGHT,ANGLE,PARKING LOT,,STRAIGHT AND LEVEL,UNKNOWN,NO DEFECTS,NOT ON SCENE (DESK REPORT),NO INJURY / DRIVE AWAY,,,,"$501 - $1,500",2/16/2022 16:55,UNABLE TO DETERMINE,NOT APPLICABLE,4645,W,DIVERSEY AVE,2521,,,,,,,2,NO INDICATION OF INJURY,0,0,0,0,0,2,0,16,4,2,41.93146094,-87.74371731,POINT (-87.743717307031 41.931460938215)
e110e053aa9544577948bb36efe176e0a8ae49360fa40133e9a53a1e9877ddd8acfdca41d709f215d88f78f167d21e8cebe913035ff4ca2e576026429e093395,JE457470,,11/26/2021 14:14,20,NO CONTROLS,NO CONTROLS,CLEAR,DAYLIGHT,REAR TO FRONT,NOT DIVIDED,,STRAIGHT AND LEVEL,DRY,NO DEFECTS,,NO INJURY / DRIVE AWAY,,,,"OVER $1,500",11/26/2021 14:14,IMPROPER BACKING,NOT APPLICABLE,6301,S,MARYLAND AVE,312,,,,,,,2,NO INDICATION OF INJURY,0,0,0,0,0,2,0,14,6,11,41.78038452,-87.60450028,POINT (-87.604500282615 41.780384516405)
d149bc9e435829b305862676e5e901bd8e0f7eba7196271429c4b7d9a1fc11110aa487e67fd5b7fb84e9fa0526f356667ec6a5b5f6a26588d577c66ecb31583a,JF146730,,2/16/2022 18:10,30,TRAFFIC SIGNAL,FUNCTIONING PROPERLY,CLEAR,"DARKNESS, LIGHTED ROAD",TURNING,NOT DIVIDED,,STRAIGHT AND LEVEL,DRY,NO DEFECTS,NOT ON SCENE (DESK REPORT),NO INJURY / DRIVE AWAY,,,Y,"OVER $1,500",2/16/2022 19:05,FAILING TO YIELD RIGHT-OF-WAY,FAILING TO YIELD RIGHT-OF-WAY,2600,S,WESTERN AVE,1034,,,,,,,2,NO INDICATION OF INJURY,0,0,0,0,0,2,0,18,4,2,41.84482038,-87.68559311,POINT (-87.685593114094 41.84482037639)
d0f382389330f42078bc926692ec588364897171c2bf219f57a6e87b773880528bd22d880dd666902d50e74fa341324cf63f968f0ac89b5dd57eee95ea3f5002,JE283763,,6/29/2021 14:35,10,NO CONTROLS,NO CONTROLS,CLEAR,DAYLIGHT,REAR TO FRONT,PARKING LOT,,STRAIGHT AND LEVEL,DRY,NO DEFECTS,,NO INJURY / DRIVE AWAY,,Y,,"OVER $1,500",6/29/2021 15:36,IMPROPER BACKING,NOT APPLICABLE,1401,N,CICERO AVE,2533,,,,,,,2,NO INDICATION OF INJURY,0,0,0,0,0,2,0,14,3,6,41.90608046,-87.74589088,POINT (-87.745890878556 41.906080460151)
d1e4acbfc83c72851a846d74428753453b469a7a8ed6cfe3783a03c5707d96f302120805ce442fb4084d986d340c883acef765905015265fc33a3dd7caa73ad2,JD400747,,10/15/2020 16:55,30,STOP SIGN/FLASHER,NO CONTROLS,CLEAR,DAYLIGHT,REAR END,DIVIDED - W/MEDIAN (NOT RAISED),,STRAIGHT AND LEVEL,DRY,NO DEFECTS,,NO INJURY / DRIVE AWAY,,,,$500 OR LESS,10/15/2020 16:55,FOLLOWING TOO CLOSELY,NOT APPLICABLE,2458,W,DIVISION ST,1423,,,,,,,2,NO INDICATION OF INJURY,0,0,0,0,0,3,0,16,5,10,41.90310359,-87.68934332,POINT (-87.689343322668 41.903103594167)
e239626ad4d2a7e1a7bff8aa10e8d2872c3e52e3fe7ad01da347038b25108093f1decc9561e10cbaf627517b1127fc375d75c9ab6a51b3ec57f62305b45d6b9c,JD177409,Y,3/7/2020 14:15,30,STOP SIGN/FLASHER,FUNCTIONING PROPERLY,CLEAR,DAYLIGHT,TURNING,NOT DIVIDED,,STRAIGHT AND LEVEL,DRY,NO DEFECTS,,NO INJURY / DRIVE AWAY,,,,"$501 - $1,500",3/7/2020 14:45,FAILING TO YIELD RIGHT-OF-WAY,NOT APPLICABLE,2701,W,TOUHY AVE,2411,,,,,,,2,NO INDICATION OF INJURY,0,0,0,0,0,2,0,14,7,3,42.01201017,-87.69746379,POINT (-87.697463794319 42.01201017232)
d31c79bc691ea6c089f964a7bd6667fa3743eacbd5ae6cbe1e33857555dff52315f66cc9ae7417bc6a70f41e9c20ada478cd21e7fdfad70a4924af42a9fda87e,JF153473,,2/23/2022 9:00,30,STOP SIGN/FLASHER,NO CONTROLS,CLEAR,DAYLIGHT,ANGLE,ONE-WAY,,STRAIGHT AND LEVEL,DRY,NO DEFECTS,NOT ON SCENE (DESK REPORT),NO INJURY / DRIVE AWAY,Y,,,"OVER $1,500",2/23/2022 11:47,UNABLE TO DETERMINE,NOT APPLICABLE,7600,S,CORNELL AVE,411,,,,,,,2,NO INDICATION OF INJURY,0,0,0,0,0,2,0,9,4,2,41.75686837,-87.58468654,POINT (-87.584686538118 41.756868367996)
d279f74d6cf271437e6fe019a63daf386264af2faf4f72673df0765c420cf3d141190bd4cd80f86c98e250492e983c312f658ed70a59fb0a41525c1bff3bcf7d,JF146425,,2/16/2022 14:15,30,NO CONTROLS,NO CONTROLS,CLOUDY/OVERCAST,DAYLIGHT,REAR END,DIVIDED - W/MEDIAN BARRIER,,STRAIGHT AND LEVEL,WET,NO DEFECTS,ON SCENE,INJURY AND / OR TOW DUE TO CRASH,Y,,,"OVER $1,500",2/16/2022 14:55,FOLLOWING TOO CLOSELY,UNABLE TO DETERMINE,854,W,95TH ST,2223,,,,,,,2,NO INDICATION OF INJURY,0,0,0,0,0,2,0,14,4,2,41.72154107,-87.6454158,POINT (-87.645415804236 41.721541070374)
d413a52f08e214ba628c5e633d937ba83345596694b9c2b5c1b1dc175b19c6e983c2f00ada44acc261c356e5de59de900892e9eae23ab48a6ccf304209253fa6,JF154029,,2/23/2022 19:00,20,NO CONTROLS,NO CONTROLS,CLEAR,"DARKNESS, LIGHTED ROAD",REAR TO SIDE,PARKING LOT,,STRAIGHT AND LEVEL,DRY,NO DEFECTS,NOT ON SCENE (DESK REPORT),NO INJURY / DRIVE AWAY,,,,"OVER $1,500",2/23/2022 19:30,UNABLE TO DETERMINE,NOT APPLICABLE,4700,S,DAMEN AVE,931,,,,,,,2,NO INDICATION OF INJURY,0,0,0,0,0,2,0,19,4,2,41.80841675,-87.67483107,POINT (-87.67483107178 41.808416744713)