CRASH_RECORD_ID,RD_NO,CRASH_DATE_EST_I,CRASH_DATE,POSTED_SPEED_LIMIT,TRAFFIC_CONTROL_DEVICE,DEVICE_CONDITION,WEATHER_CONDITION,LIGHTING_CONDITION,FIRST_CRASH_TYPE,TRAFFICWAY_TYPE,LANE_CNT,ALIGNMENT,ROADWAY_SURFACE_COND,ROAD_DEFECT,REPORT_TYPE,CRASH_TYPE,INTERSECTION_RELATED_I,NOT_RIGHT_OF_WAY_I,HIT_AND_RUN_I,DAMAGE,DATE_POLICE_NOTIFIED,PRIM_CONTRIBUTORY_CAUSE,SEC_CONTRIBUTORY_CAUSE,STREET_NO,STREET_DIRECTION,STREET_NAME,BEAT_OF_OCCURRENCE,PHOTOS_TAKEN_I,STATEMENTS_TAKEN_I,DOORING_I,WORK_ZONE_I,WORK_ZONE_TYPE,WORKERS_PRESENT_I,NUM_UNITS,MOST_SEVERE_INJURY,INJURIES_TOTAL,INJURIES_FATAL,INJURIES_INCAPACITATING,INJURIES_NON_INCAPACITATING,INJURIES_REPORTED_NOT_EVIDENT,INJURIES_NO_INDICATION,INJURIES_UNKNOWN,CRASH_HOUR,CRASH_DAY_OF_WEEK,CRASH_MONTH,LATITUDE,LONGITUDE,LOCATION
d2f338a155176956b23ac7cda411c130f189c8df2def07a3e8ff65ad10e4e4931a1a87919eea7323286e7f099b95dd62a46cb2a62c3432f55f99d66ab27e2742,JF146432,,2/16/2022 13:00,30,STOP SIGN/FLASHER,UNKNOWN,CLEAR,DAYLIGHT,ANGLE,NOT DIVIDED,,STRAIGHT AND LEVEL,UNKNOWN,UNKNOWN,NOT ON SCENE (DESK REPORT),NO INJURY / DRIVE AWAY,,,,"OVER $1,500",2/16/2022 15:15,DISREGARDING STOP SIGN,UNABLE TO DETERMINE,5729,W,BELLE PLAINE AVE,1624,,,,,,,2,NO INDICATION OF INJURY,0,0,0,0,0,2,0,13,4,2,41.95485076,-87.77066623,POINT (-87.770666225605 41.954850758702)
d2fa04001d8ad3c7c48d191e6777b77ab4d1595f06e8c7fbc15d5d54399769b3e45c9f984ebf4997219b38338abe5cfacb3705882a5ef93429a3cc0a8f796f89,JF146921,,2/16/2022 22:56,30,TRAFFIC SIGNAL,FUNCTIONING PROPERLY,RAIN,"DARKNESS, LIGHTED ROAD",TURNING,FOUR WAY,,STRAIGHT AND LEVEL,WET,NO DEFECTS,ON SCENE,NO INJURY / DRIVE AWAY,Y,,,"$501 - $1,500",2/16/2022 23:02,IMPROPER TURNING/NO SIGNAL,IMPROPER TURNING/NO SIGNAL,6300,S,YALE AVE,722,,,,,,,2,NO INDICATION OF INJURY,0,0,0,0,0,2,0,22,4,2,41.77992652,-87.63197933,POINT (-87.631979325574 41.779926517686)
d41741c917e22cbbec15d105a9b69692fe6574a5500ebff4d8cb0607b23ce65c08d665ccf2761ceb023457eb19c12c8245ce767cbbfa90de7a8a3cba0c8ddb32,JD413639,,10/28/2020 16:15,30,NO CONTROLS,NO CONTROLS,CLOUDY/OVERCAST,DAYLIGHT,TURNING,DIVIDED - W/MEDIAN BARRIER,,STRAIGHT AND LEVEL,DRY,NO DEFECTS,,NO INJURY / DRIVE AWAY,,,,$500 OR LESS,10/28/2020 16:21,IMPROPER TURNING/NO SIGNAL,UNABLE TO DETERMINE,8700,S,STONY ISLAND AVE,412,,,,,,,2,NO INDICATION OF INJURY,0,0,0,0,0,2,0,16,4,10,41.73682263,-87.58578342,POINT (-87.585783420329 41.736822630157)
e438d741c710580b26a493690c00b243a1800e1b9bbf569d1fbb682581eee22e82ac3e03fd849de050a6d3a390c96cb85eac63b7aa07f407f9733293fbea631a,JD209858,,4/15/2020 22:00,30,TRAFFIC SIGNAL,FUNCTIONING PROPERLY,CLEAR,"DARKNESS, LIGHTED ROAD",REAR END,DIVIDED - W/MEDIAN BARRIER,,STRAIGHT AND LEVEL,DRY,NO DEFECTS,,INJURY AND / OR TOW DUE TO CRASH,Y,,Y,"OVER $1,500",4/15/2020 22:02,UNABLE TO DETERMINE,FOLLOWING TOO CLOSELY,11050,S,HALSTED ST,2233,,,,,,,3,"REPORTED, NOT EVIDENT",1,0,0,0,1,4,0,22,4,4,41.69267124,-87.64253262,POINT (-87.642532623355 41.69267123975)
f3c46819264fbf69f8a96d6f591213a4a600d31d2bf3251efef2770d99f81a1b7388d2a099f09af9d323df31e6753d27e42e71e11fc7587216d78cf51aff73cc,JC453853,,9/30/2019 8:19,30,STOP SIGN/FLASHER,FUNCTIONING PROPERLY,CLEAR,DAYLIGHT,ANGLE,DIVIDED - W/MEDIAN (NOT RAISED),,STRAIGHT AND LEVEL,DRY,NO DEFECTS,,INJURY AND / OR TOW DUE TO CRASH,Y,,,"OVER $1,500",9/30/2019 8:20,FAILING TO YIELD RIGHT-OF-WAY,FAILING TO YIELD RIGHT-OF-WAY,8800,S,ST LAWRENCE AVE,632,,,,,,,2,NO INDICATION OF INJURY,0,0,0,0,0,2,0,8,2,9,41.73470478,-87.6097719,POINT (-87.609771902037 41.734704776901)
e1c244dd7edce68e069191b076f802ad502512a8d9a7fe921a6b7570b1ef887203f2ab3090623936ba710cd824f5eaad08a8366764b5bfc26fa7fcc4c327757f,JF182941,,3/22/2022 16:15,30,NO CONTROLS,NO CONTROLS,CLEAR,DAYLIGHT,SIDESWIPE SAME DIRECTION,NOT DIVIDED,,STRAIGHT AND LEVEL,DRY,NO DEFECTS,NOT ON SCENE (DESK REPORT),NO INJURY / DRIVE AWAY,,,,"OVER $1,500",3/22/2022 17:00,IMPROPER LANE USAGE,IMPROPER LANE USAGE,4659,S,CICERO AVE,815,,,,,,,2,NO INDICATION OF INJURY,0,0,0,0,0,2,0,16,3,3,41.80771577,-87.74300685,POINT (-87.743006844919 41.807715767819)
e525e1dc3133c061489fed6a67e8501b1d5fc7159b5f621928594b4f625a3470b1ba9c12d66582dd84c5b0d486a33067c61a1e11532e05e897347d3eeaa8489d,JF160493,,3/2/2022 3:52,25,NO CONTROLS,NO CONTROLS,CLEAR,"DARKNESS, LIGHTED ROAD",PARKED MOTOR VEHICLE,ONE-WAY,,STRAIGHT AND LEVEL,DRY,NO DEFECTS,ON SCENE,INJURY AND / OR TOW DUE TO CRASH,,,Y,"OVER $1,500",3/2/2022 3:52,UNABLE TO DETERMINE,UNABLE TO DETERMINE,9147,S,HARPER AVE,413,,,,,,,4,NO INDICATION OF INJURY,0,0,0,0,0,1,0,3,4,3,41.72817764,-87.58657722,POINT (-87.586577223685 41.72817764057)
e563efac4a339182700459eeee9e4306d954dd8425923e2d1e6a744e981561715a3d7796094350efb98eaf41322755f0515d53ba02ceffb5f9814d25315903dd,JF175936,,3/2/2022 14:30,30,TRAFFIC SIGNAL,UNKNOWN,UNKNOWN,UNKNOWN,REAR END,NOT DIVIDED,,STRAIGHT AND LEVEL,UNKNOWN,UNKNOWN,NOT ON SCENE (DESK REPORT),NO INJURY / DRIVE AWAY,,,,"$501 - $1,500",3/16/2022 15:00,FAILING TO REDUCE SPEED TO AVOID CRASH,UNABLE TO DETERMINE,441,W,31ST ST,915,,,,,,,2,NO INDICATION OF INJURY,0,0,0,0,0,3,0,14,4,3,41.83804711,-87.63769404,POINT (-87.637694042678 41.83804711107)
d48db4502be8572461c13aab345b003135d04c6a5aa36e6a110d655a18d012bb8d8a2ff4f5ad0f502d47e74eeb258e1a611cea0e983bfd108f695fbad22ffaec,JF145825,,2/16/2022 2:22,30,NO CONTROLS,NO CONTROLS,CLEAR,"DARKNESS, LIGHTED ROAD",REAR END,DIVIDED - W/MEDIAN (NOT RAISED),,STRAIGHT AND LEVEL,DRY,NO DEFECTS,ON SCENE,INJURY AND / OR TOW DUE TO CRASH,,,,"OVER $1,500",2/16/2022 2:22,IMPROPER OVERTAKING/PASSING,FAILING TO REDUCE SPEED TO AVOID CRASH,6338,W,MONTROSE AVE,1622,,,,,,,4,NO INDICATION OF INJURY,0,0,0,0,0,2,0,2,4,2,41.96034124,-87.78589922,POINT (-87.785899224303 41.960341236356)
f4b25484f43ec8e61363e5bdc157ba35f8cf362f9928f358ce5a52433cb973f68eeee7931e09ba53a6dd63d16ce607e8037ec0af334f1b94975e98ad9552c1b7,JF168529,,3/9/2022 16:26,30,NO CONTROLS,NO CONTROLS,CLEAR,DAYLIGHT,REAR TO SIDE,PARKING LOT,,STRAIGHT AND LEVEL,UNKNOWN,UNKNOWN,NOT ON SCENE (DESK REPORT),NO INJURY / DRIVE AWAY,,Y,,$500 OR LESS,3/9/2022 17:35,IMPROPER BACKING,IMPROPER BACKING,2959,W,FULTON ST,1222,,,,,,,2,NO INDICATION OF INJURY,0,0,0,0,0,3,0,16,4,3,41.88637323,-87.70123431,POINT (-87.701234306969 41.886373230918)
e5b4dd4f59dc63835995dfbaf27abfa6791f24d24ef9d2abc439ee3f43917bdb3dc8f5c731c2a454178e31bda2ac42fb54fc7027a49c31331e50d1c2d4680eb1,JF161258,,3/2/2022 16:50,30,STOP SIGN/FLASHER,FUNCTIONING PROPERLY,CLEAR,DAYLIGHT,REAR END,DIVIDED - W/MEDIAN (NOT RAISED),,STRAIGHT AND LEVEL,DRY,NO DEFECTS,NOT ON SCENE (DESK REPORT),INJURY AND / OR TOW DUE TO CRASH,Y,,,"OVER $1,500",3/2/2022 18:50,FAILING TO REDUCE SPEED TO AVOID CRASH,FOLLOWING TOO CLOSELY,2437,W,DIVISION ST,1212,,,,,,,3,"REPORTED, NOT EVIDENT",1,0,0,0,1,3,0,16,4,3,41.90289133,-87.68855479,POINT (-87.688554787567 41.902891330884)
d4f0c765fc49f1bd01c4ac4eecc243bf514ef3abd04d5273c9f0832f0c2bc49198ce8fad88cda7e1ae3e96ee61c0e3615503a66265eb485a11bceca812ca0862,JF147221,Y,2/16/2022 11:00,20,NO CONTROLS,NO CONTROLS,CLEAR,DAYLIGHT,PARKED MOTOR VEHICLE,NOT DIVIDED,,STRAIGHT AND LEVEL,WET,NO DEFECTS,NOT ON SCENE (DESK REPORT),NO INJURY / DRIVE AWAY,,,Y,"$501 - $1,500",2/17/2022 10:00,UNABLE TO DETERMINE,UNABLE TO DETERMINE,901,E,91ST ST,413,,,,,,,2,NO INDICATION OF INJURY,0,0,0,0,0,1,0,11,4,2,41.72928611,-87.60187411,POINT (-87.601874114262 41.729286106573)
d6587f0297e1ac14a0e11a695990d4470355e462d552945359b9ea4b98cb90d5b016a452eb9faccd19ffd054c23f71360e85a2fa4720e440bc7fc988e05c5dd2,JF165454,,2/23/2022 9:00,30,NO CONTROLS,NO CONTROLS,CLEAR,DAYLIGHT,PARKED MOTOR VEHICLE,NOT DIVIDED,,STRAIGHT AND LEVEL,DRY,NO DEFECTS,NOT ON SCENE (DESK REPORT),NO INJURY / DRIVE AWAY,,,Y,"OVER $1,500",3/6/2022 18:36,IMPROPER OVERTAKING/PASSING,IMPROPER OVERTAKING/PASSING,444,W,ELM ST,1823,,,,,,,2,NO INDICATION OF INJURY,0,0,0,0,0,1,0,9,4,2,41.90281623,-87.64002216,POINT (-87.640022157041 41.902816228607)
d53a7a7f3c80d2d661204ab680168ac23790b65c9e5534657351b635544e56efd98cbb88e8154b7c9c6546c937b538685c1bc41b8ad1ed0859474a877f1d8e3e,JF146204,,2/16/2022 10:57,30,TRAFFIC SIGNAL,FUNCTIONING PROPERLY,CLEAR,DAYLIGHT,TURNING,FOUR WAY,,STRAIGHT AND LEVEL,DRY,NO DEFECTS,NOT ON SCENE (DESK REPORT),INJURY AND / OR TOW DUE TO CRASH,Y,,,"$501 - $1,500",2/16/2022 11:30,"VISION OBSCURED (SIGNS, TREE LIMBS, BUILDINGS, ETC.)",UNABLE TO DETERMINE,1800,E,87TH ST,412,,,,,,,2,"REPORTED, NOT EVIDENT",1,0,0,0,1,1,0,10,4,2,41.73709762,-87.58051484,POINT (-87.580514838428 41.737097621659)
e64550a32b82437beb12e8ad6adcbdb098fefb72f7730298cb664cdf138d6b576e91379caf2b20cfb62cba5280a3fbd933f97d1e87fd636a5f18582f6e2629d0,JF161370,,3/2/2022 20:10,35,NO CONTROLS,NO CONTROLS,RAIN,"DARKNESS, LIGHTED ROAD",HEAD ON,NOT DIVIDED,,STRAIGHT AND LEVEL,WET,NO DEFECTS,ON SCENE,INJURY AND / OR TOW DUE TO CRASH,,,,"OVER $1,500",3/2/2022 20:28,IMPROPER OVERTAKING/PASSING,IMPROPER OVERTAKING/PASSING,6301,N,KEDZIE AVE,2413,,,,,,,3,NO INDICATION OF INJURY,0,0,0,0,0,2,0,20,4,3,41.99571561,-87.70915343,POINT (-87.709153432722 41.995715604596)
d85e6c7f218a5a1c58f1c4b5468bb0c1b06f4b52fb4f5b3602e3b05087740fb9a0991678101cc9199cca693f03431d0f87697fd4b69df5ae555290d2f1bcc3f0,,,3/31/2022 0:40,30,NO CONTROLS,NO CONTROLS,RAIN,"DARKNESS, LIGHTED ROAD",PARKED MOTOR VEHICLE,ONE-WAY,,STRAIGHT AND LEVEL,WET,NO DEFECTS,ON SCENE,INJURY AND / OR TOW DUE TO CRASH,,,,"OVER $1,500",3/31/2022 0:53,WEATHER,UNABLE TO DETERMINE,6904,S,VERNON AVE,322,,,,,,,3,NO INDICATION OF INJURY,0,0,0,0,0,3,0,0,5,3,41.76916057,-87.61428555,POINT (-87.614285546119 41.769160572464)
d85e2f4fccf0f60370511e70c6779ce7d40b6639955a0ab70516df1676ba2320e148a9a94cb1347bd8f7bbb7120432e49959e6d7699d8b4a0f2099df264bb64d,JF175452,Y,3/16/2022 7:10,30,OTHER,NO CONTROLS,CLEAR,DAYLIGHT,SIDESWIPE SAME DIRECTION,DIVIDED - W/MEDIAN (NOT RAISED),,STRAIGHT AND LEVEL,DRY,NO DEFECTS,,NO INJURY / DRIVE AWAY,,,,"OVER $1,500",3/16/2022 7:26,UNABLE TO DETERMINE,UNABLE TO DETERMINE,3213,N,KIMBALL AVE,1733,,,,,,,2,NO INDICATION OF INJURY,0,0,0,0,0,2,0,7,4,3,41.93968035,-87.71236991,POINT (-87.712369909496 41.939680347789)
e2a7cc94c9785fbc0fdfe14ab65221539a467453b05c431138d9b05e55170258776e328882b6fbdfb8b0e52df1104a61c61bcc0e7131cea5698226a4c2dd6902,JC522969,,11/24/2019 15:40,30,NO CONTROLS,NO CONTROLS,CLEAR,DAYLIGHT,REAR TO FRONT,NOT DIVIDED,,STRAIGHT AND LEVEL,DRY,NO DEFECTS,,NO INJURY / DRIVE AWAY,,,Y,"$501 - $1,500",11/24/2019 15:45,IMPROPER BACKING,NOT APPLICABLE,345,E,WACKER DR,114,,,,,,,2,NO INDICATION OF INJURY,0,0,0,0,0,4,0,15,1,11,41.88749493,-87.61867271,POINT (-87.618672709476 41.887494931177)
d6dc351080624471d3b0a191e87d93dee43a6e2ec68c873b1411b294ead7304f596586165c3aefd039b7a2d035fdfb6d45d2f8836c6f08ba446a572a0e4b078d,JF154050,,2/23/2022 19:40,35,NO CONTROLS,NO CONTROLS,CLEAR,"DARKNESS, LIGHTED ROAD",TURNING,NOT DIVIDED,,STRAIGHT AND LEVEL,DRY,NO DEFECTS,ON SCENE,INJURY AND / OR TOW DUE TO CRASH,Y,,,"OVER $1,500",2/23/2022 19:42,UNABLE TO DETERMINE,NOT APPLICABLE,1472,N,MILWAUKEE AVE,1424,,,,,,,2,NO INDICATION OF INJURY,0,0,0,0,0,3,0,19,4,2,41.9085605,-87.67485378,POINT (-87.674853780519 41.908560496775)
e6a59a46af1692003f899d452efb43391db57d5d2deb141268cc5ac541ff28dbb682fa3ee496e3df69a263be66fc307e055e77884effb9d0e21209d2226bd9ee,JF161101,,3/2/2022 16:00,30,NO CONTROLS,NO CONTROLS,CLEAR,DAYLIGHT,PARKED MOTOR VEHICLE,ONE-WAY,,STRAIGHT AND LEVEL,DRY,NO DEFECTS,ON SCENE,NO INJURY / DRIVE AWAY,,,,"OVER $1,500",3/2/2022 16:05,UNABLE TO DETERMINE,UNABLE TO DETERMINE,3711,W,DOUGLAS BLVD,1011,Y,,,,,,2,NO INDICATION OF INJURY,0,0,0,0,0,15,0,16,4,3,41.86225473,-87.71825927,POINT (-87.718259268187 41.862254728383)
e6f979ef3003a442733401c7e9178bf01cf394217c5ad9a5ba26ed78009fa186b3efffc1a951d5c7ab06e1990dc308ee1f20ce6c738ef8003023d476231792d4,JF161470,,3/2/2022 23:41,30,TRAFFIC SIGNAL,FUNCTIONING PROPERLY,CLEAR,"DARKNESS, LIGHTED ROAD",REAR END,FOUR WAY,,STRAIGHT AND LEVEL,UNKNOWN,UNKNOWN,ON SCENE,NO INJURY / DRIVE AWAY,,,Y,"$501 - $1,500",3/2/2022 23:47,UNABLE TO DETERMINE,NOT APPLICABLE,2001,W,MONTROSE AVE,1911,,,,,,,2,NO INDICATION OF INJURY,0,0,0,0,0,3,0,23,4,3,41.9613473,-87.67903807,POINT (-87.679038067864 41.961347299293)
e3398032a276c83670ea6ebb51ccb8300332a2390a992376af3b9f98ae0211e47c13e7c736181768ce97279f6facffe3262535ec18c7d7a7d2ce94638eb747bd,JF183055,,3/22/2022 16:00,30,UNKNOWN,UNKNOWN,CLEAR,DAYLIGHT,PEDALCYCLIST,UNKNOWN,,STRAIGHT AND LEVEL,DRY,NO DEFECTS,NOT ON SCENE (DESK REPORT),INJURY AND / OR TOW DUE TO CRASH,,,,$500 OR LESS,3/22/2022 18:00,UNABLE TO DETERMINE,UNABLE TO DETERMINE,6100,S,DR MARTIN LUTHER KING JR DR,311,,,,,,,2,NONINCAPACITATING INJURY,1,0,0,1,0,1,0,16,3,3,41.78379147,-87.61585767,POINT (-87.615857665732 41.783791474078)
d8e4ab77e9b07009fa4f0471a646845e66f0b5f33ce3593a14caa9dfd9270e39790e8bb9a14c1b340352d1e522de7b38fc8a860a2a336473ce0db1d5be98aa56,JF176218,,3/16/2022 17:45,30,NO CONTROLS,OTHER,CLEAR,DAYLIGHT,REAR END,NOT DIVIDED,,STRAIGHT AND LEVEL,DRY,UNKNOWN,ON SCENE,INJURY AND / OR TOW DUE TO CRASH,,,,"OVER $1,500",3/16/2022 17:50,UNABLE TO DETERMINE,UNABLE TO DETERMINE,7210,N,SHERIDAN RD,2423,,,,,,,3,NO INDICATION OF INJURY,0,0,0,0,0,3,0,17,4,3,42.01309521,-87.66375599,POINT (-87.663755992091 42.013095214234)
d7a7eae2829a925a7b9587cfb1859fdec6ee62b751aa36ec6aefa679466baf98ec9d46892e053717b7f4f6ef0694f7b472504a2eedba27694bea2b7e5493ffff,JF153601,,2/23/2022 13:00,30,NO CONTROLS,NO CONTROLS,CLEAR,DAYLIGHT,PARKED MOTOR VEHICLE,NOT DIVIDED,,STRAIGHT AND LEVEL,DRY,NO DEFECTS,ON SCENE,NO INJURY / DRIVE AWAY,,,Y,"$501 - $1,500",2/23/2022 13:10,FAILING TO REDUCE SPEED TO AVOID CRASH,NOT APPLICABLE,11001,S,KEDZIE AVE,2211,,,,,,,2,NO INDICATION OF INJURY,0,0,0,0,0,1,0,13,4,2,41.69330482,-87.70074205,POINT (-87.700742048604 41.693304824074)
d93665f860d6e03220e107056e8b879e4b288fce4e871e49635566d87ae152c51a1c0e7a7df53e2b4258670b4d764db3497671fe69000601b60db7d0c2340304,JF176414,,3/16/2022 17:00,30,NO CONTROLS,NO CONTROLS,CLEAR,DAYLIGHT,PARKED MOTOR VEHICLE,PARKING LOT,,STRAIGHT AND LEVEL,DRY,NO DEFECTS,NOT ON SCENE (DESK REPORT),NO INJURY / DRIVE AWAY,,Y,,"OVER $1,500",3/16/2022 21:45,"OPERATING VEHICLE IN ERRATIC, RECKLESS, CARELESS, NEGLIGENT OR AGGRESSIVE MANNER","OPERATING VEHICLE IN ERRATIC, RECKLESS, CARELESS, NEGLIGENT OR AGGRESSIVE MANNER",6456,W,IRVING PARK RD,1632,,,,,,,2,NO INDICATION OF INJURY,0,0,0,0,0,1,0,17,4,3,41.95299356,-87.78859492,POINT (-87.788594920811 41.952993554644)
d8e50f338262d63878aa8c74a3bdfd81afc9304a175ea555537f22dcfb6a52f355b88ae1b107cea92c41dbf369840386983b56c927797ab9b8c7623229ec1a8d,JF153701,,2/23/2022 13:10,25,NO CONTROLS,NO CONTROLS,CLEAR,DAYLIGHT,TURNING,NOT DIVIDED,,STRAIGHT AND LEVEL,UNKNOWN,NO DEFECTS,NOT ON SCENE (DESK REPORT),NO INJURY / DRIVE AWAY,,,,"$501 - $1,500",2/23/2022 15:10,UNABLE TO DETERMINE,NOT APPLICABLE,1440,N,KOSTNER AVE,2533,,,,,,,2,NO INDICATION OF INJURY,0,0,0,0,0,2,0,13,4,2,41.90737693,-87.73641912,POINT (-87.736419121286 41.907376930275)
d96e97e90c6b53de8a2b8f5e20b2ebd7e69c76ad32c305a9b71eb7b942a45cc7c268a95a092787f94d1f86c833f52514b71d79f89bf3fb3c5e7bb1fe36ce52a7,JF153220,,2/23/2022 7:10,30,TRAFFIC SIGNAL,UNKNOWN,UNKNOWN,UNKNOWN,REAR END,NOT DIVIDED,,STRAIGHT AND LEVEL,OTHER,UNKNOWN,NOT ON SCENE (DESK REPORT),NO INJURY / DRIVE AWAY,,,,"$501 - $1,500",2/23/2022 7:58,UNABLE TO DETERMINE,NOT APPLICABLE,4001,W,45TH ST,815,,,,,,,2,NO INDICATION OF INJURY,0,0,0,0,0,3,0,7,4,2,41.81142849,-87.72377517,POINT (-87.723775171719 41.811428486864)
d9b43c6bc60a6ea8120970439ce7fef3cccb2d6a303e701c91ff9a69615327b8a91b52faa4810ffdde10c43f9b6e1ad8a36ddb4414f9048f7d8cbc90d0cd0a32,JF176294,,3/16/2022 7:00,30,NO CONTROLS,NO CONTROLS,CLEAR,DAYLIGHT,SIDESWIPE SAME DIRECTION,NOT DIVIDED,,STRAIGHT AND LEVEL,DRY,OTHER,NOT ON SCENE (DESK REPORT),NO INJURY / DRIVE AWAY,,,,"$501 - $1,500",3/16/2022 19:12,IMPROPER OVERTAKING/PASSING,UNABLE TO DETERMINE,9165,S,LAKE SHORE DR,424,,,,,,,2,NO INDICATION OF INJURY,0,0,0,0,0,2,0,7,4,3,41.72897837,-87.54212259,POINT (-87.542122592269 41.728978367602)
d6d7d8a3c642fc16629c5da9eeebeb2f3e97a01f7a0eddf7975d176423c67ccdebab61e119d88998c7427a4bd214b0e20d0c9c5ed0cfb15a9122909f5e34ec63,JF146474,,2/16/2022 14:55,30,NO CONTROLS,NO CONTROLS,CLOUDY/OVERCAST,DAYLIGHT,SIDESWIPE SAME DIRECTION,DIVIDED - W/MEDIAN (NOT RAISED),,STRAIGHT AND LEVEL,WET,NO DEFECTS,ON SCENE,INJURY AND / OR TOW DUE TO CRASH,Y,,,"OVER $1,500",2/16/2022 15:33,IMPROPER LANE USAGE,NOT APPLICABLE,7631,S,STONY ISLAND AVE,411,,,,,,,2,NONINCAPACITATING INJURY,1,0,0,1,0,1,0,14,4,2,41.75600419,-87.58552224,POINT (-87.585522234911 41.756004193954)
d745d5641aa570ec5d6abc27212f4dbf983c6853e10d95c74859cd8ac98ae0d6efa1d8fc2a9e0f2a526e4c5328e0209ebeca88d6bf55347e64c39b65f049ca5c,JF146665,,2/16/2022 17:59,30,UNKNOWN,UNKNOWN,RAIN,"DARKNESS, LIGHTED ROAD",FIXED OBJECT,NOT DIVIDED,,STRAIGHT AND LEVEL,WET,UNKNOWN,ON SCENE,NO INJURY / DRIVE AWAY,,,,"OVER $1,500",2/16/2022 18:02,UNABLE TO DETERMINE,UNABLE TO DETERMINE,3100,S,KEDZIE AVE,1032,,,,,,,1,NO INDICATION OF INJURY,0,0,0,0,0,1,0,17,4,2,41.83713267,-87.70496712,POINT (-87.704967114787 41.837132671422)
d9bf581898df658460f029c3a2f2aa09ca9935c7a6d9c4720d6d6b372cfd10bcfcd5392d01cc99969c776ad31b2b0b2a4f659107002ad6d08f7b87b6913b5336,JD179145,,3/9/2020 7:00,30,NO CONTROLS,NO CONTROLS,RAIN,DAYLIGHT,SIDESWIPE SAME DIRECTION,DIVIDED - W/MEDIAN (NOT RAISED),,STRAIGHT AND LEVEL,WET,NO DEFECTS,,NO INJURY / DRIVE AWAY,,,Y,"OVER $1,500",3/9/2020 8:00,UNABLE TO DETERMINE,NOT APPLICABLE,1321,S,WESTERN AVE,1233,,,,,,,2,NO INDICATION OF INJURY,0,0,0,0,0,2,0,7,2,3,41.86418853,-87.68582154,POINT (-87.685821534796 41.864188530408)
da0f9006624661bb9699e704ab6e950348e2b9f7f1a6f58433a865460193333f97d49e24113056f59bde9c2c7203780569939248b0e4a1a77c8427a8ee2dea30,JE123169,,1/25/2021 17:00,30,NO CONTROLS,NO CONTROLS,CLEAR,DAYLIGHT,SIDESWIPE SAME DIRECTION,NOT DIVIDED,,STRAIGHT AND LEVEL,WET,NO DEFECTS,,NO INJURY / DRIVE AWAY,,,Y,"OVER $1,500",1/25/2021 18:10,UNABLE TO DETERMINE,UNABLE TO DETERMINE,756,N,HALSTED ST,1214,,,,,,,2,NO INDICATION OF INJURY,0,0,0,0,0,4,0,17,2,1,41.8962674,-87.64788679,POINT (-87.647886787421 41.89626740325)
da5364a173d607c44b2f2a87d25f46f22ddcb10d7ce9e23fc13c974504b87e7d23acb6b5e61eed4d709d28772771f527af6d2f16f98be213ccf3d7d1fe61cf83,JF175600,,3/16/2022 9:03,30,STOP SIGN/FLASHER,FUNCTIONING PROPERLY,CLEAR,DAYLIGHT,ANGLE,DIVIDED - W/MEDIAN (NOT RAISED),,STRAIGHT AND LEVEL,DRY,NO DEFECTS,ON SCENE,INJURY AND / OR TOW DUE TO CRASH,,,,"OVER $1,500",3/16/2022 9:56,IMPROPER OVERTAKING/PASSING,UNABLE TO DETERMINE,3199,N,FRANCISCO AVE,1411,,,,,,,2,NO INDICATION OF INJURY,0,0,0,0,0,2,0,9,4,3,41.93933303,-87.7001293,POINT (-87.700129295564 41.939333024832)
d81f75380f798ef086615e07a66207432c49f48fd6ceb29c12518e9f36dc963f5439f8141754d226ec4b221b749836b587019ba3787efba2c00d9bf2ffd2cbc4,JF146299,,2/16/2022 12:43,30,STOP SIGN/FLASHER,OTHER,CLEAR,DAYLIGHT,PEDESTRIAN,T-INTERSECTION,,STRAIGHT AND LEVEL,WET,NO DEFECTS,ON SCENE,INJURY AND / OR TOW DUE TO CRASH,Y,,,$500 OR LESS,2/16/2022 12:53,FAILING TO YIELD RIGHT-OF-WAY,UNABLE TO DETERMINE,2700,S,KOSTNER AVE,1031,,,,,,,2,"REPORTED, NOT EVIDENT",1,0,0,0,1,1,0,12,4,2,41.84219416,-87.73437265,POINT (-87.734372651881 41.842194161296)
da303c8d910e55ecd591655ea2c30c64b2e9325e0230a2ac95464fbde019246b6cc27a95a82f674e8d3f1b9406cd67162bcd972459d9b3d522a1f126bab8ca8a,JE130643,,2/2/2021 18:15,30,TRAFFIC SIGNAL,FUNCTIONING PROPERLY,CLEAR,"DARKNESS, LIGHTED ROAD",ANGLE,ONE-WAY,,STRAIGHT AND LEVEL,WET,NO DEFECTS,,INJURY AND / OR TOW DUE TO CRASH,Y,N,,"OVER $1,500",2/2/2021 18:40,UNABLE TO DETERMINE,NOT APPLICABLE,603,S,INDEPENDENCE BLVD,1133,,,,,,,2,NO INDICATION OF INJURY,0,0,0,0,0,2,0,18,3,2,41.87341203,-87.71960233,POINT (-87.719602324613 41.873412032853)