CRASH_RECORD_ID,RD_NO,CRASH_DATE_EST_I,CRASH_DATE,POSTED_SPEED_LIMIT,TRAFFIC_CONTROL_DEVICE,DEVICE_CONDITION,WEATHER_CONDITION,LIGHTING_CONDITION,FIRST_CRASH_TYPE,TRAFFICWAY_TYPE,LANE_CNT,ALIGNMENT,ROADWAY_SURFACE_COND,ROAD_DEFECT,REPORT_TYPE,CRASH_TYPE,INTERSECTION_RELATED_I,NOT_RIGHT_OF_WAY_I,HIT_AND_RUN_I,DAMAGE,DATE_POLICE_NOTIFIED,PRIM_CONTRIBUTORY_CAUSE,SEC_CONTRIBUTORY_CAUSE,STREET_NO,STREET_DIRECTION,STREET_NAME,BEAT_OF_OCCURRENCE,PHOTOS_TAKEN_I,STATEMENTS_TAKEN_I,DOORING_I,WORK_ZONE_I,WORK_ZONE_TYPE,WORKERS_PRESENT_I,NUM_UNITS,MOST_SEVERE_INJURY,INJURIES_TOTAL,INJURIES_FATAL,INJURIES_INCAPACITATING,INJURIES_NON_INCAPACITATING,INJURIES_REPORTED_NOT_EVIDENT,INJURIES_NO_INDICATION,INJURIES_UNKNOWN,CRASH_HOUR,CRASH_DAY_OF_WEEK,CRASH_MONTH,LATITUDE,LONGITUDE,LOCATION
da5ff010ece3327af65dd7a0a1ecbb839791c6c78a471a968350087073f232250e3869b2be0709ab919d1333c07744162eff0f18f21199c154c67f3aff0cf9a1,JC334993,,7/4/2019 22:33,45,NO CONTROLS,NO CONTROLS,CLEAR,"DARKNESS, LIGHTED ROAD",REAR END,DIVIDED - W/MEDIAN BARRIER,,STRAIGHT AND LEVEL,DRY,NO DEFECTS,,NO INJURY / DRIVE AWAY,,,,"OVER $1,500",7/4/2019 23:05,FOLLOWING TOO CLOSELY,NOT APPLICABLE,300,N,LAKE SHORE DR SB,114,,,,,,,2,NO INDICATION OF INJURY,0,0,0,0,0,3,0,22,5,7,41.88614049,-87.61427411,POINT (-87.614274106164 41.8861404879)
e37c9d9c015f0b82720644d4d48b4092b8e96b0af99fc1b5db100d8079c250825a5606e87fd7331d7f20c869438ff02511f368ef5ecd4cf881cb93eeed00d416,JD377101,,9/23/2020 19:57,30,NO CONTROLS,NO CONTROLS,CLEAR,"DARKNESS, LIGHTED ROAD",SIDESWIPE SAME DIRECTION,NOT DIVIDED,,STRAIGHT AND LEVEL,DRY,NO DEFECTS,,INJURY AND / OR TOW DUE TO CRASH,,,,"OVER $1,500",9/23/2020 19:57,IMPROPER OVERTAKING/PASSING,NOT APPLICABLE,2033,W,NORTH AVE,1424,,,,,,,6,NONINCAPACITATING INJURY,3,0,0,3,0,5,0,19,4,9,41.91034991,-87.67885054,POINT (-87.678850542532 41.91034990832)
d9086b5a317433baf757ae38f556b7d91dca02202b726cb4a7d671c0a154a76a0999bde82a46cf0f7ba8f679f0da144a86d6315202ab208c6452c4b9bef1175f,JF146082,,2/16/2022 10:20,30,NO CONTROLS,NO CONTROLS,CLOUDY/OVERCAST,DAYLIGHT,PARKED MOTOR VEHICLE,DIVIDED - W/MEDIAN BARRIER,,STRAIGHT AND LEVEL,WET,NO DEFECTS,ON SCENE,INJURY AND / OR TOW DUE TO CRASH,,,,"$501 - $1,500",2/16/2022 10:23,UNABLE TO DETERMINE,UNABLE TO DETERMINE,7122,S,ASHLAND AVE,735,,,,,,,2,"REPORTED, NOT EVIDENT",1,0,0,0,1,1,0,10,4,2,41.76426039,-87.6639063,POINT (-87.663906301439 41.764260392941)
d97f081b4c8c3d5760acdc0d9ad5f864f1c5caeecce8ce8299413222558dec8e33b8e118b32803315da82b527fa18b27cf5e6ce7e0b4c777e376aaceab90b1b1,JF146112,,2/16/2022 8:15,20,STOP SIGN/FLASHER,FUNCTIONING PROPERLY,SNOW,DAYLIGHT,FIXED OBJECT,NOT DIVIDED,,STRAIGHT AND LEVEL,WET,WORN SURFACE,NOT ON SCENE (DESK REPORT),NO INJURY / DRIVE AWAY,N,N,,"OVER $1,500",2/16/2022 9:38,UNABLE TO DETERMINE,NOT APPLICABLE,3132,W,56TH ST,824,,,,,,,1,NO INDICATION OF INJURY,0,0,0,0,0,1,0,8,4,2,41.79182844,-87.70234891,POINT (-87.70234890633 41.791828436534)
dac85a0374ba971157feb62e26c1a6541530f52e63e2bab9731e2b3bfad078f0b3f692b38386718e898d67855e7b1b330c0615c428a4acd967821dda391bf19b,JF175506,,3/16/2022 8:24,30,NO CONTROLS,NO CONTROLS,CLEAR,DAYLIGHT,REAR END,NOT DIVIDED,,STRAIGHT AND LEVEL,DRY,NO DEFECTS,ON SCENE,NO INJURY / DRIVE AWAY,,,Y,$500 OR LESS,3/16/2022 8:25,UNABLE TO DETERMINE,UNABLE TO DETERMINE,1327,N,CICERO AVE,2533,,,,,,,2,NO INDICATION OF INJURY,0,0,0,0,0,2,0,8,4,3,41.90497775,-87.74587682,POINT (-87.745876823038 41.904977751471)
da72daab17687146a4ae37383159703e37f817d3b7a687824620aa85c32c1b7fbf59507395dfd8bbfeb305ac0500c3dec6c14d20f8bda096ac2c2d8166964e4d,JF147754,,2/16/2022 20:00,30,TRAFFIC SIGNAL,FUNCTIONING PROPERLY,RAIN,"DARKNESS, LIGHTED ROAD",REAR END,NOT DIVIDED,,STRAIGHT AND LEVEL,WET,NO DEFECTS,NOT ON SCENE (DESK REPORT),NO INJURY / DRIVE AWAY,,,,"$501 - $1,500",2/17/2022 17:30,UNABLE TO DETERMINE,UNABLE TO DETERMINE,450,W,ROOSEVELT RD,124,,,,,,,2,NO INDICATION OF INJURY,0,0,0,0,0,2,0,20,4,2,41.86736349,-87.63913709,POINT (-87.63913708847 41.867363493083)
f8464838475a781f740595fe441a0b543f4cdcd2de0bff453f7a7567dd9feea460388498a9fb6739ca0a981f23bb4099bf97e38209722e468864ed20ff8bec7d,JF168432,,3/9/2022 14:26,30,NO CONTROLS,NO CONTROLS,CLEAR,DAYLIGHT,PARKED MOTOR VEHICLE,NOT DIVIDED,,STRAIGHT AND LEVEL,UNKNOWN,UNKNOWN,NOT ON SCENE (DESK REPORT),NO INJURY / DRIVE AWAY,,,Y,"$501 - $1,500",3/9/2022 16:38,IMPROPER OVERTAKING/PASSING,IMPROPER OVERTAKING/PASSING,3042,W,CERMAK RD,1022,,,,,,,2,NO INDICATION OF INJURY,0,0,0,0,0,2,0,14,4,3,41.85191862,-87.70209096,POINT (-87.702090958554 41.851918618603)
e520d2008fbf7b49d4b7baed36c6291a9340b2b6655c4d21b236853413f81cdeda77cb554f24a9f85171596f9511588a6c344570dedaf3a7b0bc6cf43cfcc102,JF183045,,3/22/2022 18:00,30,TRAFFIC SIGNAL,FUNCTIONING PROPERLY,CLOUDY/OVERCAST,DAYLIGHT,REAR END,NOT DIVIDED,,STRAIGHT AND LEVEL,WET,UNKNOWN,NOT ON SCENE (DESK REPORT),NO INJURY / DRIVE AWAY,Y,,,$500 OR LESS,3/22/2022 18:15,UNABLE TO DETERMINE,NOT APPLICABLE,4200,N,CLARK ST,1912,,,,,,,2,NO INDICATION OF INJURY,0,0,0,0,0,2,0,18,3,3,41.95803522,-87.66466518,POINT (-87.664665175592 41.958035219573)
db6e2a358d4a5213dfa520e7955bf9c2ed92a663153c2fbc9b2f58105c7742e18bdd859103b873d88960962a236410a2571eb06f474b4db5d2861214874c8a8a,JF176359,,3/16/2022 19:30,30,TRAFFIC SIGNAL,FUNCTIONING PROPERLY,UNKNOWN,UNKNOWN,REAR END,FOUR WAY,,STRAIGHT AND LEVEL,UNKNOWN,UNKNOWN,NOT ON SCENE (DESK REPORT),NO INJURY / DRIVE AWAY,Y,,Y,"OVER $1,500",3/16/2022 20:30,UNABLE TO DETERMINE,NOT APPLICABLE,400,E,79TH ST,624,,,,,,,2,NO INDICATION OF INJURY,0,0,0,0,0,2,0,19,4,3,41.75122409,-87.61489696,POINT (-87.614896961253 41.751224094299)
e524c501d1d74123cb3b6354766002ee7409625eea5f7fcbdfade77f0d0cfd2e433bfb17c5e8104456201d3b78cef3534fc60a2a2c0756dd501f7b5a083ae20b,JF182313,,3/22/2022 8:24,30,TRAFFIC SIGNAL,FUNCTIONING PROPERLY,RAIN,DAYLIGHT,TURNING,NOT DIVIDED,,STRAIGHT AND LEVEL,WET,NO DEFECTS,ON SCENE,NO INJURY / DRIVE AWAY,,,,"OVER $1,500",3/22/2022 8:24,UNABLE TO DETERMINE,UNABLE TO DETERMINE,2201,N,LARAMIE AVE,2522,,,,,,,2,NO INDICATION OF INJURY,0,0,0,0,0,3,0,8,3,3,41.9205511,-87.75589799,POINT (-87.755897991672 41.920551101526)
dc43f5a131645a9d620dbcd194a0ebace198366e0c7bd12d0473306711c6595787a222dbe78e32b3125a781bc553c728783f73fb239da8b37865319b60422fc3,JF153699,Y,2/23/2022 14:35,30,TRAFFIC SIGNAL,FUNCTIONING PROPERLY,CLEAR,DAYLIGHT,TURNING,UNKNOWN INTERSECTION TYPE,,STRAIGHT AND LEVEL,DRY,NO DEFECTS,,INJURY AND / OR TOW DUE TO CRASH,Y,,,"OVER $1,500",2/23/2022 14:49,DRIVING SKILLS/KNOWLEDGE/EXPERIENCE,NOT APPLICABLE,6398,N,CALDWELL AVE,1621,,,,,,,2,INCAPACITATING INJURY,1,0,1,0,0,1,0,14,4,2,41.99717967,-87.76671088,POINT (-87.766710883361 41.997179672449)
dc79589fb17b39b709ef93d78efa9c5712909d939739926c4fd9c7fd3c9931be675247985731ff09f20e011926dfc4c8acb373b518c4eaafe47b0c5f7ac8d304,JF153339,,2/23/2022 7:30,30,NO CONTROLS,NO CONTROLS,CLEAR,DAYLIGHT,PARKED MOTOR VEHICLE,NOT DIVIDED,,STRAIGHT AND LEVEL,DRY,UNKNOWN,NOT ON SCENE (DESK REPORT),NO INJURY / DRIVE AWAY,,,Y,"$501 - $1,500",2/23/2022 9:50,UNABLE TO DETERMINE,UNABLE TO DETERMINE,8928,S,EGGLESTON AVE,2223,,,,,,,2,NO INDICATION OF INJURY,0,0,0,0,0,1,0,7,4,2,41.73175955,-87.63513391,POINT (-87.635133913844 41.731759547955)
db57769e69bb93e04cb502b682f68ca45e9c0ceb7c7455140a8b66c53946826805eaa783d162a63526f8b62938bf9584352cb867ec1842a136540e8500d67979,JF145941,,2/16/2022 8:04,35,STOP SIGN/FLASHER,NO CONTROLS,CLEAR,DAYLIGHT,TURNING,NOT DIVIDED,,STRAIGHT AND LEVEL,DRY,NO DEFECTS,ON SCENE,INJURY AND / OR TOW DUE TO CRASH,,,Y,"OVER $1,500",2/16/2022 8:09,FAILING TO YIELD RIGHT-OF-WAY,NOT APPLICABLE,1400,W,HURON ST,1215,,,,,,,2,NO INDICATION OF INJURY,0,0,0,0,0,2,0,8,4,2,41.89443665,-87.66243847,POINT (-87.662438467054 41.894436650156)
db6d7495f448c66e8e11fadcdc78deec6877989ad078e4a89076d8d5656ce2c8fe4367fe7d8a0c88f862bf4acf3272909d2ca6dd787e355111aabe1bd844bbc9,JF145889,,2/16/2022 6:00,30,NO CONTROLS,NO CONTROLS,CLEAR,DAYLIGHT,TURNING,DIVIDED - W/MEDIAN (NOT RAISED),,STRAIGHT AND LEVEL,DRY,NO DEFECTS,NOT ON SCENE (DESK REPORT),NO INJURY / DRIVE AWAY,,,,$500 OR LESS,2/16/2022 6:45,FAILING TO YIELD RIGHT-OF-WAY,NOT APPLICABLE,2661,N,HARLEM AVE,2512,,,,,,,2,NO INDICATION OF INJURY,0,0,0,0,0,3,0,6,4,2,41.92888333,-87.80628007,POINT (-87.806280071214 41.92888332655)
dc5af5aabe8b3ed91b236daf82bde894ad68bef1b0132fa2e9dca65dfd0ecaf4b2cbd3908d12138bda35c78285d20465eb2a94a4d03d590b25d2d9824265b549,JF175820,Y,3/16/2022 13:03,30,STOP SIGN/FLASHER,FUNCTIONING PROPERLY,CLEAR,DAYLIGHT,PARKED MOTOR VEHICLE,T-INTERSECTION,,STRAIGHT AND LEVEL,DRY,NO DEFECTS,ON SCENE,NO INJURY / DRIVE AWAY,Y,,,$500 OR LESS,3/16/2022 13:10,DISTRACTION - FROM INSIDE VEHICLE,UNABLE TO DETERMINE,500,W,119TH ST,524,,,,,,,2,NO INDICATION OF INJURY,0,0,0,0,0,4,0,13,4,3,41.67800251,-87.63474382,POINT (-87.634743814858 41.678002507604)
f934e6158591c78b344d0f7d55dfec0d33d954ff9be0611dca8cecce43b3e4ce343cebd3186c7f06ef1d5ae4b20c3058dbf90453d96b0d9ce3c76d116e8196de,JF168327,,3/9/2022 14:30,30,NO CONTROLS,NO CONTROLS,CLEAR,DAYLIGHT,SIDESWIPE SAME DIRECTION,NOT DIVIDED,,STRAIGHT AND LEVEL,DRY,NO DEFECTS,NOT ON SCENE (DESK REPORT),NO INJURY / DRIVE AWAY,,,,"OVER $1,500",3/9/2022 15:00,FAILING TO YIELD RIGHT-OF-WAY,FAILING TO YIELD RIGHT-OF-WAY,5210,S,PULASKI RD,815,,,,,,,2,NO INDICATION OF INJURY,0,0,0,0,0,2,0,14,4,3,41.7982485,-87.72345111,POINT (-87.723451113716 41.798248502629)
f95f08a159b9fd6e59048f5e03a836ed9135da60f560024842e2c7e3fd5be95c5dd74c571fc65b2d1b6796875b7b00802a8ce231883552626aa638a6b76a0ca3,JF168551,,3/9/2022 17:40,30,NO CONTROLS,NO CONTROLS,CLEAR,DAYLIGHT,FIXED OBJECT,NOT DIVIDED,,STRAIGHT AND LEVEL,DRY,NO DEFECTS,,NO INJURY / DRIVE AWAY,,,,"$501 - $1,500",3/9/2022 17:40,IMPROPER TURNING/NO SIGNAL,NOT APPLICABLE,3531,N,KIMBALL AVE,1733,,,,,,,1,NO INDICATION OF INJURY,0,0,0,0,0,1,0,17,4,3,41.94568332,-87.71253578,POINT (-87.712535783052 41.945683319159)
f973b3bc6551e07cc2165ad6effc80b7c0efa42263f3cfdd8d71e46e03c3fce75ed9b360ac509da92528e34197a8f89aa484df33d7177473bd2ca43f12b7513b,JF168224,,3/9/2022 12:30,15,NO CONTROLS,NOT FUNCTIONING,CLEAR,DAYLIGHT,REAR END,PARKING LOT,,STRAIGHT AND LEVEL,UNKNOWN,UNKNOWN,NOT ON SCENE (DESK REPORT),NO INJURY / DRIVE AWAY,,,,"$501 - $1,500",3/9/2022 13:00,DRIVING SKILLS/KNOWLEDGE/EXPERIENCE,NOT APPLICABLE,9147,S,JEFFERY AVE,413,,,,,,,2,NO INDICATION OF INJURY,0,0,0,0,0,3,0,12,4,3,41.72837138,-87.57535666,POINT (-87.575356661783 41.728371377097)
f986c7b10c48391b09a15079c6fbbda575ea65c9c4b55f282c20336b92325d9cc7f8862354eb695de4b9f4c7705bfced8dfe65a73e8f32e400672d4a1a8c6084,JF168695,,3/9/2022 20:05,30,NO CONTROLS,NO CONTROLS,CLEAR,DARKNESS,PARKED MOTOR VEHICLE,DIVIDED - W/MEDIAN BARRIER,,STRAIGHT AND LEVEL,UNKNOWN,UNKNOWN,ON SCENE,INJURY AND / OR TOW DUE TO CRASH,,,,"OVER $1,500",3/9/2022 20:05,DRIVING SKILLS/KNOWLEDGE/EXPERIENCE,WEATHER,5906,W,MIDWAY PARK,1512,,,,,,,2,INCAPACITATING INJURY,2,0,1,0,1,0,0,20,4,3,41.88908853,-87.7724583,POINT (-87.772458304286 41.889088526197)
e6bf2ca0ec8b5af0f3c308ca57eca5ec7cc38cc425998a337decf2625d260c717990f60eaa6e4000ffaacc7ecbbc1ad45461c6b3092a0b3cd522c7402eea5246,JF183018,,3/22/2022 17:50,35,TRAFFIC SIGNAL,FUNCTIONING PROPERLY,RAIN,DAYLIGHT,REAR END,CENTER TURN LANE,,STRAIGHT AND LEVEL,WET,NO DEFECTS,ON SCENE,NO INJURY / DRIVE AWAY,,,,$500 OR LESS,3/22/2022 17:50,UNABLE TO DETERMINE,NOT APPLICABLE,7150,W,ARCHER AVE,811,,,,,,,2,NO INDICATION OF INJURY,0,0,0,0,0,2,0,17,3,3,41.79205648,-87.80105899,POINT (-87.801058993326 41.792056479464)
dc8068c73291cbc821d4c015e125edbc132119825fbbe3ccbe58406fe3df826b9797e6e0d176d34a022f2e67bebad156a77775c47408fb176d1f31d288184a8f,JF146064,,2/16/2022 9:55,30,TRAFFIC SIGNAL,FUNCTIONING PROPERLY,CLEAR,DAYLIGHT,SIDESWIPE SAME DIRECTION,NOT DIVIDED,,STRAIGHT AND LEVEL,DRY,NO DEFECTS,NOT ON SCENE (DESK REPORT),NO INJURY / DRIVE AWAY,,,,"OVER $1,500",2/16/2022 10:15,IMPROPER LANE USAGE,FAILING TO YIELD RIGHT-OF-WAY,1204,N,HALSTED ST,1822,,,,,,,2,NO INDICATION OF INJURY,0,0,0,0,0,2,0,9,4,2,41.90369831,-87.64824535,POINT (-87.648245350626 41.90369830765)
dcfe23ed4472550811f6b87d0d2705eee75114623bf0c9daedb1abda61a7ab18fe5da8ede326c2a965040168203e4252597d2efd8320f6c345850dea4c345de2,JF145934,,2/16/2022 5:00,25,NO CONTROLS,NO CONTROLS,CLEAR,DAWN,FIXED OBJECT,DIVIDED - W/MEDIAN BARRIER,,CURVE ON HILLCREST,OTHER,OTHER,ON SCENE,NO INJURY / DRIVE AWAY,,,,"OVER $1,500",2/16/2022 8:23,ROAD ENGINEERING/SURFACE/MARKING DEFECTS,UNABLE TO DETERMINE,400,N,SACRAMENTO BLVD,1221,,Y,,,,,1,NO INDICATION OF INJURY,0,0,0,0,0,1,0,5,4,2,41.88850333,-87.70156666,POINT (-87.701566656444 41.888503326833)
dc5ef6cec1aa54fc75cb429634560ecf684b22a18c97dab5fd5555fe01f72b06164e5ccd426e71ea6e40b77bf8381750b7a37756c6a9f881c6afb5c09f53bbfb,JE328717,,8/6/2021 17:20,30,STOP SIGN/FLASHER,NO CONTROLS,CLEAR,DAYLIGHT,ANGLE,DIVIDED - W/MEDIAN (NOT RAISED),,STRAIGHT AND LEVEL,DRY,NO DEFECTS,,INJURY AND / OR TOW DUE TO CRASH,Y,,,"$501 - $1,500",8/6/2021 19:47,UNABLE TO DETERMINE,NOT APPLICABLE,7200,S,STONY ISLAND AVE,324,,,,,,,2,NO INDICATION OF INJURY,0,0,0,0,0,2,0,17,6,8,41.7641858,-87.58642639,POINT (-87.586426389081 41.764185795037)
dca42a696cc8406f3ec2f7a7a444e04311425dae1a9a0d904bb8886bb6d2c85b2bc27979c88a2d60d70b63c7dc83b91259b2d5f02ac0a6ee8be95ce32c33756a,JE138381,,2/10/2021 21:50,30,NO CONTROLS,NO CONTROLS,SNOW,"DARKNESS, LIGHTED ROAD",ANGLE,ONE-WAY,,STRAIGHT AND LEVEL,SNOW OR SLUSH,NO DEFECTS,,NO INJURY / DRIVE AWAY,,,Y,"OVER $1,500",2/10/2021 21:56,UNABLE TO DETERMINE,NOT APPLICABLE,6000,S,FAIRFIELD AVE,825,,,,,,,3,NO INDICATION OF INJURY,0,0,0,0,0,5,0,21,4,2,41.78450789,-87.69246739,POINT (-87.692467384998 41.78450789247)
df3827a892abff4516f1581771237d3e2416b8cba205e929017d8f3bea4209e3e68b6edbb1a5ab539eba47204e51f1efc4648ea744e8381494829e4adca57b21,JF153895,,2/23/2022 17:18,30,NO CONTROLS,NO CONTROLS,CLOUDY/OVERCAST,DUSK,SIDESWIPE SAME DIRECTION,ONE-WAY,,STRAIGHT AND LEVEL,WET,NO DEFECTS,ON SCENE,NO INJURY / DRIVE AWAY,,,Y,"OVER $1,500",2/23/2022 17:20,UNABLE TO DETERMINE,UNABLE TO DETERMINE,5430,S,WELLS ST,935,,,,,,,2,NO INDICATION OF INJURY,0,0,0,0,0,2,0,17,4,2,41.79540609,-87.6319944,POINT (-87.631994403554 41.795406093794)
e7542348f11d1e3e4c171d60fc61708b98f9b66ff9163ba75bd663728502bc909bdc905e17811dd23daeb3fc449752e0624e2626dc09b5a5fbd76d69d8152ea5,JF182275,,3/22/2022 7:30,30,NO CONTROLS,NO CONTROLS,RAIN,DAYLIGHT,SIDESWIPE SAME DIRECTION,NOT DIVIDED,,STRAIGHT AND LEVEL,WET,NO DEFECTS,ON SCENE,NO INJURY / DRIVE AWAY,,,,"OVER $1,500",3/22/2022 7:57,DRIVING SKILLS/KNOWLEDGE/EXPERIENCE,NOT APPLICABLE,2001,N,AUSTIN AVE,2515,,,,,,,3,NO INDICATION OF INJURY,0,0,0,0,0,2,0,7,3,3,41.91661746,-87.77532474,POINT (-87.775324739088 41.916617462902)
de87f298105b2bdedd45374e2ffde28f89f0afaf896de635305f7067f45ebff9aa68eb2e0eb791a26dc64a0aa5a2578f2dda5d15d6294ee22e46af68f58c7a6f,JF176204,,3/16/2022 17:12,30,TRAFFIC SIGNAL,FUNCTIONING PROPERLY,CLEAR,DAYLIGHT,TURNING,NOT DIVIDED,,STRAIGHT AND LEVEL,DRY,NO DEFECTS,ON SCENE,NO INJURY / DRIVE AWAY,,,,"OVER $1,500",3/16/2022 17:12,UNABLE TO DETERMINE,UNABLE TO DETERMINE,356,N,DESPLAINES ST,1214,,,,,,,2,NO INDICATION OF INJURY,0,0,0,0,0,2,0,17,4,3,41.88848518,-87.64446654,POINT (-87.644466540582 41.888485179363)
ec4d71f3866cfd15f12786d3b25c9bb5684eb6c86f941e11e9bed071dbfd29bc71f5b2882a328866503850965e24a6f40372ace80e2ce373a5bdf4aa7b3a35d4,JF161035,,3/2/2022 14:45,30,NO CONTROLS,NO CONTROLS,UNKNOWN,UNKNOWN,PARKED MOTOR VEHICLE,ONE-WAY,,STRAIGHT AND LEVEL,UNKNOWN,UNKNOWN,NOT ON SCENE (DESK REPORT),NO INJURY / DRIVE AWAY,,,Y,"OVER $1,500",3/2/2022 15:30,UNABLE TO DETERMINE,NOT APPLICABLE,7801,S,SANGAMON ST,621,,,,,,,2,NO INDICATION OF INJURY,0,0,0,0,0,1,0,14,4,3,41.75231881,-87.64757854,POINT (-87.647578538603 41.752318810927)
e7aa17a102811dfc7634c5e3b24732da36dab3c620511abe3ad26900cb663858048af0525ddc3d8ccdfebbc8e896af6d4931eee8e15374f7ff9ddedf58aca3da,JF182230,,3/22/2022 5:51,35,TRAFFIC SIGNAL,FUNCTIONING PROPERLY,RAIN,DAWN,TURNING,FOUR WAY,,STRAIGHT AND LEVEL,WET,NO DEFECTS,ON SCENE,INJURY AND / OR TOW DUE TO CRASH,Y,,,"OVER $1,500",3/22/2022 6:42,WEATHER,UNABLE TO DETERMINE,4701,S,CICERO AVE,815,,,,,,,2,NO INDICATION OF INJURY,0,0,0,0,0,3,0,5,3,3,41.80753346,-87.74300342,POINT (-87.743003421203 41.807533457298)
deabcad9a5f2b80c08ba8ae8c3651fd2d4b2aa4d3b909dc787548838e8905698865d1cece015cd76cfa0cdcf61d892f5eaa41964062d8afb2cefab63ed208630,JF175817,,3/16/2022 11:00,30,OTHER,FUNCTIONING PROPERLY,CLEAR,DAYLIGHT,PARKED MOTOR VEHICLE,PARKING LOT,,STRAIGHT AND LEVEL,DRY,NO DEFECTS,NOT ON SCENE (DESK REPORT),NO INJURY / DRIVE AWAY,,Y,Y,"OVER $1,500",3/16/2022 13:07,DRIVING SKILLS/KNOWLEDGE/EXPERIENCE,UNABLE TO DETERMINE,1232,W,NORTH AVE,1433,,,,,,,2,NO INDICATION OF INJURY,0,0,0,0,0,1,0,11,4,3,41.91087554,-87.65827824,POINT (-87.658278239858 41.910875543991)
fb5ba77d39aca5c845d752752aaf886983b3ee12c0f26962854e052a2344c54ccc4bc3f7ed11b190de78c77e52600b3253aff60092f32aaff15e63d67464f451,JF168647,,3/9/2022 18:00,30,UNKNOWN,UNKNOWN,CLEAR,DARKNESS,OTHER OBJECT,DIVIDED - W/MEDIAN (NOT RAISED),,STRAIGHT AND LEVEL,DRY,UNKNOWN,ON SCENE,INJURY AND / OR TOW DUE TO CRASH,,,,"$501 - $1,500",3/9/2022 18:45,NOT APPLICABLE,NOT APPLICABLE,12900,S,TORRENCE AVE,433,,,,,,,1,NONINCAPACITATING INJURY,1,0,0,1,0,0,0,18,4,3,41.66096618,-87.55912969,POINT (-87.559129691968 41.660966175762)
dda838245baba0502ef657437eac80f373b2d3b6ecc3c2cdb35d69aa8ce0b9c6de4ed4e4dd482abeba28ddaa04f5b9862483adbb8e106c74e6245b50e13693e4,JF146098,,2/16/2022 10:15,30,TRAFFIC SIGNAL,FUNCTIONING PROPERLY,CLEAR,DAYLIGHT,TURNING,DIVIDED - W/MEDIAN BARRIER,,STRAIGHT AND LEVEL,DRY,NO DEFECTS,NOT ON SCENE (DESK REPORT),NO INJURY / DRIVE AWAY,,,Y,"$501 - $1,500",2/16/2022 10:40,IMPROPER TURNING/NO SIGNAL,UNABLE TO DETERMINE,1500,E,103RD ST,511,,,,,,,2,NO INDICATION OF INJURY,0,0,0,0,0,3,0,10,4,2,41.70785772,-87.58724166,POINT (-87.587241657552 41.707857721423)
df02d6d41602be86828f89e33d188b1daf4d911bebeca95a62c657746be57225989e10ece12a05e7aabc47d90c1cf5048508ab219f627e5b7f2db7303a4e68d7,JF175986,Y,3/16/2022 14:20,20,NO CONTROLS,NO CONTROLS,CLEAR,DAYLIGHT,REAR END,ONE-WAY,,STRAIGHT AND LEVEL,WET,NO DEFECTS,ON SCENE,NO INJURY / DRIVE AWAY,,Y,,"$501 - $1,500",3/16/2022 14:50,DRIVING SKILLS/KNOWLEDGE/EXPERIENCE,NOT APPLICABLE,5949,N,RIDGE AVE,2012,,,,,,,3,NO INDICATION OF INJURY,0,0,0,0,0,3,0,14,4,3,41.98990057,-87.67012661,POINT (-87.670126604708 41.989900564957)
dfad5e4cd1799a42457ee2696ebd60af58119da6764790e27dfd01684c71c2bd561bb5b7f7bd7515c92f7a79c5f9d45765e91a35c4a3bb0b851d3b85eab0a1b4,JF155374,,2/23/2022 23:40,30,TRAFFIC SIGNAL,FUNCTIONING PROPERLY,CLEAR,"DARKNESS, LIGHTED ROAD",REAR END,NOT DIVIDED,,STRAIGHT AND LEVEL,UNKNOWN,UNKNOWN,NOT ON SCENE (DESK REPORT),NO INJURY / DRIVE AWAY,Y,,,"OVER $1,500",2/25/2022 8:20,FOLLOWING TOO CLOSELY,FOLLOWING TOO CLOSELY,2020,N,ASHLAND AVE,1432,,,,,,,2,NO INDICATION OF INJURY,0,0,0,0,0,3,0,23,4,2,41.91859017,-87.66825471,POINT (-87.668254713857 41.91859016695)
de1564e4b9e08a51494f862ab9e38424c2c47396216eb48c24ce7825f8e994f38e404c2f2a9dc4c5d65414246f12fb0f66fa64fd189786dc537f59a2018b434e,JF146694,,2/16/2022 18:00,25,STOP SIGN/FLASHER,FUNCTIONING PROPERLY,RAIN,"DARKNESS, LIGHTED ROAD",ANGLE,FOUR WAY,,STRAIGHT AND LEVEL,WET,NO DEFECTS,ON SCENE,INJURY AND / OR TOW DUE TO CRASH,Y,,,"OVER $1,500",2/16/2022 18:01,DISREGARDING STOP SIGN,NOT APPLICABLE,4200,W,50TH ST,815,,,,,,,2,NO INDICATION OF INJURY,0,0,0,0,0,2,0,18,4,2,41.80243278,-87.72838567,POINT (-87.72838566503 41.802432779978)
df28f90c1a3bcbf7d0ceb66e3fead72cbd0af63127f2f027b8b1172fe4e586bb39f20642e697a4a9ff5eabba70818d4bd11cdb8e59f813ef2e5c782f13c34b12,JF175395,,3/16/2022 3:10,30,NO CONTROLS,NO CONTROLS,CLEAR,"DARKNESS, LIGHTED ROAD",FIXED OBJECT,ONE-WAY,,STRAIGHT AND LEVEL,DRY,UNKNOWN,ON SCENE,INJURY AND / OR TOW DUE TO CRASH,,Y,,"OVER $1,500",3/16/2022 3:11,NOT APPLICABLE,NOT APPLICABLE,11942,S,LAFAYETTE AVE,522,Y,N,,,,,1,FATAL,1,1,0,0,0,0,0,3,4,3,41.67672731,-87.62400225,POINT (-87.624002244517 41.67672730885)
df4930a3228839ab2a2d7336f38b7ded42df826257883026a8098c31b52b7a848a2454bc490f5b1558f2de06d69e727b21e67587d7807909ca4cc3570d3b4279,,,3/31/2022 0:04,30,UNKNOWN,UNKNOWN,RAIN,"DARKNESS, LIGHTED ROAD",HEAD ON,DIVIDED - W/MEDIAN (NOT RAISED),,STRAIGHT AND LEVEL,WET,UNKNOWN,ON SCENE,INJURY AND / OR TOW DUE TO CRASH,,Y,Y,"OVER $1,500",3/31/2022 0:43,UNABLE TO DETERMINE,UNABLE TO DETERMINE,2000,W,79TH PL,611,,,,,,,2,NO INDICATION OF INJURY,0,0,0,0,0,2,0,0,5,3,41.74943249,-87.6732332,POINT (-87.67323320017 41.749432485895)