CRASH_RECORD_ID,RD_NO,CRASH_DATE_EST_I,CRASH_DATE,POSTED_SPEED_LIMIT,TRAFFIC_CONTROL_DEVICE,DEVICE_CONDITION,WEATHER_CONDITION,LIGHTING_CONDITION,FIRST_CRASH_TYPE,TRAFFICWAY_TYPE,LANE_CNT,ALIGNMENT,ROADWAY_SURFACE_COND,ROAD_DEFECT,REPORT_TYPE,CRASH_TYPE,INTERSECTION_RELATED_I,NOT_RIGHT_OF_WAY_I,HIT_AND_RUN_I,DAMAGE,DATE_POLICE_NOTIFIED,PRIM_CONTRIBUTORY_CAUSE,SEC_CONTRIBUTORY_CAUSE,STREET_NO,STREET_DIRECTION,STREET_NAME,BEAT_OF_OCCURRENCE,PHOTOS_TAKEN_I,STATEMENTS_TAKEN_I,DOORING_I,WORK_ZONE_I,WORK_ZONE_TYPE,WORKERS_PRESENT_I,NUM_UNITS,MOST_SEVERE_INJURY,INJURIES_TOTAL,INJURIES_FATAL,INJURIES_INCAPACITATING,INJURIES_NON_INCAPACITATING,INJURIES_REPORTED_NOT_EVIDENT,INJURIES_NO_INDICATION,INJURIES_UNKNOWN,CRASH_HOUR,CRASH_DAY_OF_WEEK,CRASH_MONTH,LATITUDE,LONGITUDE,LOCATION
ed828af60229cb9db37f8f338255497442b3ada8376976c98afe9b8dbf09debd25e270a1011e159f350afe6c045805a0e9a89c6d5c09b71778fd1acab428169f,JF161791,,3/2/2022 21:00,30,NO CONTROLS,NO CONTROLS,CLEAR,DARKNESS,PARKED MOTOR VEHICLE,ONE-WAY,,STRAIGHT AND LEVEL,DRY,NO DEFECTS,NOT ON SCENE (DESK REPORT),NO INJURY / DRIVE AWAY,,,Y,"OVER $1,500",3/3/2022 10:50,UNABLE TO DETERMINE,NOT APPLICABLE,8516,S,PAULINA ST,614,,,,,,,2,NO INDICATION OF INJURY,0,0,0,0,0,1,0,21,4,3,41.73885598,-87.66571563,POINT (-87.665715629883 41.738855976573)
fd118a775ce1515f3dd554e4f447f836a50b9ff4783600a68f1219f86f68904af9aa8f656d939308c632125ade9a8a02eadde4c49c48750e7096441d81ff7d62,JF168273,,3/9/2022 13:40,30,NO CONTROLS,NO CONTROLS,CLEAR,DAYLIGHT,SIDESWIPE SAME DIRECTION,NOT DIVIDED,,STRAIGHT AND LEVEL,DRY,NO DEFECTS,ON SCENE,NO INJURY / DRIVE AWAY,,,,"$501 - $1,500",3/9/2022 13:44,UNABLE TO DETERMINE,UNABLE TO DETERMINE,2551,W,24TH ST,1034,,,,,,,2,NO INDICATION OF INJURY,0,0,0,0,0,2,0,13,4,3,41.84822764,-87.68997091,POINT (-87.689970905698 41.848227641875)
c4c71afd15f6ca1f071310439aa00ae0708a82e792db48df11dbebb587976a358a36827478d5326e28a1daf9e54f4ea9dc99c4fbed1832b10d8d2698637b9311,JE164202,,3/9/2021 19:15,30,TRAFFIC SIGNAL,FUNCTIONING PROPERLY,CLEAR,"DARKNESS, LIGHTED ROAD",TURNING,FOUR WAY,,STRAIGHT AND LEVEL,DRY,NO DEFECTS,,NO INJURY / DRIVE AWAY,Y,,Y,"OVER $1,500",3/9/2021 19:16,FAILING TO YIELD RIGHT-OF-WAY,UNABLE TO DETERMINE,2000,W,CHICAGO AVE,1212,,,,,,,2,NO INDICATION OF INJURY,0,0,0,0,0,2,0,19,3,3,41.89601896,-87.67717862,POINT (-87.677178615507 41.896018960386)
c4ce1941bc380e7bf1ff6a381a3017bbe9734db898e79ea48528b594b9024e953a96a03a786fdca3b372f5479128c9e277944e26299dd63cfa857bc43e909bf3,JD388021,,10/4/2020 1:43,30,TRAFFIC SIGNAL,FUNCTIONING PROPERLY,RAIN,"DARKNESS, LIGHTED ROAD",REAR END,DIVIDED - W/MEDIAN (NOT RAISED),,STRAIGHT AND LEVEL,WET,UNKNOWN,,INJURY AND / OR TOW DUE TO CRASH,,,,"OVER $1,500",10/4/2020 1:43,FOLLOWING TOO CLOSELY,NOT APPLICABLE,454,W,DIVISION ST,1821,,,,,,,3,NO INDICATION OF INJURY,0,0,0,0,0,3,0,1,1,10,41.90386962,-87.64038776,POINT (-87.640387755092 41.903869621035)
df8ac6b4e8299086540b8be5698b28c8c683243114359a4f0ae5fd8e8b571ae695fa7c10990f163aa7c597758248cf929b00eb65a3c76d3de94c79fa0c25eecf,JD275175,,6/23/2020 18:30,30,NO CONTROLS,NO CONTROLS,CLEAR,DAYLIGHT,OTHER OBJECT,NOT DIVIDED,,STRAIGHT AND LEVEL,DRY,UNKNOWN,,NO INJURY / DRIVE AWAY,,,,"$501 - $1,500",6/24/2020 19:30,FAILING TO YIELD RIGHT-OF-WAY,NOT APPLICABLE,520,W,BELMONT AVE,1925,,,,,,,3,NO INDICATION OF INJURY,0,0,0,0,0,2,0,18,3,6,41.94018194,-87.64272532,POINT (-87.642725317734 41.940181944446)
e0dd5ccd1b81f0736f2c62b762a1d1fdf95888087ee8728553560a8a0de0a1846cc7b01472c4736a3259d676277897b54cd49fbeb9ba21e436e5949c3974cd41,JE167520,,3/13/2021 2:30,30,TRAFFIC SIGNAL,FUNCTIONING PROPERLY,CLEAR,"DARKNESS, LIGHTED ROAD",REAR END,OTHER,,STRAIGHT AND LEVEL,DRY,WORN SURFACE,,INJURY AND / OR TOW DUE TO CRASH,,,Y,"OVER $1,500",3/13/2021 2:30,"OPERATING VEHICLE IN ERRATIC, RECKLESS, CARELESS, NEGLIGENT OR AGGRESSIVE MANNER","OPERATING VEHICLE IN ERRATIC, RECKLESS, CARELESS, NEGLIGENT OR AGGRESSIVE MANNER",1200,W,71ST ST,734,,,,,,,2,NO INDICATION OF INJURY,0,0,0,0,0,4,0,2,7,3,41.76516596,-87.6541792,POINT (-87.654179199896 41.765165958332)
dfa73a97dd9922e93b0e0c473d13358c9cebe1561e9460ec9deec858cc358e304a4b02d88c61ce786ea7e25d601c1fe3460db65a323438c84cbccdcfb6fb4735,JF175665,,3/16/2022 10:15,30,NO CONTROLS,NO CONTROLS,CLEAR,DAYLIGHT,PARKED MOTOR VEHICLE,NOT DIVIDED,,STRAIGHT AND LEVEL,DRY,NO DEFECTS,ON SCENE,INJURY AND / OR TOW DUE TO CRASH,,,,"OVER $1,500",3/16/2022 10:17,UNABLE TO DETERMINE,NOT APPLICABLE,10130,S,WENTWORTH AVE,511,,,,,,,2,NO INDICATION OF INJURY,0,0,0,0,0,1,0,10,4,3,41.7098111,-87.62853016,POINT (-87.628530162163 41.709811104272)
e041748eeab7c82e6bae384d1daaa9b47659cc57e29c29186f265e4d19d5d8d33b68d6d6cf45d98c8f5e597f93b31a5a915d7e91400223fe650f891422234c9b,JF146716,,2/16/2022 17:58,30,UNKNOWN,UNKNOWN,CLEAR,DAYLIGHT,SIDESWIPE SAME DIRECTION,UNKNOWN,,STRAIGHT AND LEVEL,DRY,NO DEFECTS,NOT ON SCENE (DESK REPORT),NO INJURY / DRIVE AWAY,,,Y,"OVER $1,500",2/16/2022 19:00,UNABLE TO DETERMINE,UNABLE TO DETERMINE,169,E,63RD ST,312,,,,,,,2,NO INDICATION OF INJURY,0,0,0,0,0,2,0,17,4,2,41.77997798,-87.62053796,POINT (-87.620537963594 41.779977976508)
dffa87c5a852bbe6449d0e0abdd8ea7941a6584dfeb3fdc579cf3ff88f3f94fcf4ec6144cd44ff4e4cc09cfef03ea13a0523f92f16034a81438ce1bbb0d64198,JF175466,,3/16/2022 7:40,20,NO CONTROLS,NO CONTROLS,CLEAR,DAYLIGHT,PARKED MOTOR VEHICLE,ONE-WAY,,STRAIGHT AND LEVEL,DRY,NO DEFECTS,ON SCENE,NO INJURY / DRIVE AWAY,,,,$500 OR LESS,3/16/2022 7:45,UNABLE TO DETERMINE,NOT APPLICABLE,7130,W,64TH PL,812,,,,,,,2,NO INDICATION OF INJURY,0,0,0,0,0,1,0,7,4,3,41.77476952,-87.79959868,POINT (-87.799598684406 41.774769517439)
e89cb16f5f20cd0d6b98fb591cf28a2d22d65f8bc1cc0dc439e83f3ec54f1d4c68e15cf88421609c7272c4759af72c5c823ef459abe6492735e14ac053dc6526,JF182765,,3/22/2022 14:45,30,TRAFFIC SIGNAL,FUNCTIONING PROPERLY,CLEAR,DAYLIGHT,REAR END,DIVIDED - W/MEDIAN (NOT RAISED),,STRAIGHT AND LEVEL,DRY,NO DEFECTS,NOT ON SCENE (DESK REPORT),NO INJURY / DRIVE AWAY,,,,"$501 - $1,500",3/22/2022 15:00,FOLLOWING TOO CLOSELY,NOT APPLICABLE,200,S,RACINE AVE,1231,,,,,,,2,NO INDICATION OF INJURY,0,0,0,0,0,3,0,14,3,3,41.87901072,-87.65720059,POINT (-87.657200591996 41.879010723339)
e123b77d189168aa74707deb6e77c8fdd0f0235df2a9eb9a1110aeba12459c59d79d1f3ad87167b79f1ea3d3f170a260cc63ab573087f9834d67559bebfbbef9,JF153076,,2/23/2022 0:15,35,TRAFFIC SIGNAL,FUNCTIONING PROPERLY,CLEAR,"DARKNESS, LIGHTED ROAD",REAR END,ONE-WAY,,STRAIGHT AND LEVEL,DRY,NO DEFECTS,ON SCENE,INJURY AND / OR TOW DUE TO CRASH,,,Y,"OVER $1,500",2/23/2022 0:15,UNABLE TO DETERMINE,NOT APPLICABLE,300,S,DEARBORN ST,113,,,,,,,2,"REPORTED, NOT EVIDENT",1,0,0,0,1,1,0,0,4,2,41.87810112,-87.62944389,POINT (-87.629443885475 41.878101118568)
df8b6c7ccf61e812ad4ea3e2bd470c7676e80eaacbc71514a7fb47f2108a9dec01c3f126f9686fcb611c92c924b1f0be4ac5cb7b66ece90bb1dd94cdaa8fa6d2,JD252843,,6/3/2020 20:16,30,TRAFFIC SIGNAL,UNKNOWN,CLEAR,"DARKNESS, LIGHTED ROAD",SIDESWIPE SAME DIRECTION,DIVIDED - W/MEDIAN BARRIER,,STRAIGHT AND LEVEL,DRY,UNKNOWN,,NO INJURY / DRIVE AWAY,,,,"OVER $1,500",6/3/2020 20:16,FAILING TO REDUCE SPEED TO AVOID CRASH,IMPROPER LANE USAGE,10703,S,HALSTED ST,2233,,,,,,,2,NO INDICATION OF INJURY,0,0,0,0,0,3,0,20,4,6,41.6994954,-87.64245746,POINT (-87.642457460001 41.69949539549)
e873c858c4a3256fcdc4ef8fdd49e043699ba6fd1825bcf3aa90fc60cb81aedd5ca91d7069df22680781ac1cd86d6d10de7688159ffd1f6305488ce49f48f850,JE181662,,3/27/2021 13:00,30,NO CONTROLS,NO CONTROLS,CLEAR,DAYLIGHT,PARKED MOTOR VEHICLE,ONE-WAY,,STRAIGHT AND LEVEL,DRY,NO DEFECTS,,NO INJURY / DRIVE AWAY,,,Y,"OVER $1,500",3/27/2021 19:00,UNABLE TO DETERMINE,UNABLE TO DETERMINE,2425,N,MANGO AVE,2515,,,,,,,2,NO INDICATION OF INJURY,0,0,0,0,0,1,0,13,7,3,41.92469668,-87.76951763,POINT (-87.769517630227 41.924696675713)
ef081f90c28fbd24bcafc245882d9bf39c7f8114925070c996301238d3ab64e16e1f6beb7020b671b2b328f9f21bee8fcae224470e9a9d2ab0d2e617ef5d26a6,JF161273,,3/2/2022 18:34,30,STOP SIGN/FLASHER,FUNCTIONING PROPERLY,CLEAR,"DARKNESS, LIGHTED ROAD",ANGLE,NOT DIVIDED,,STRAIGHT AND LEVEL,DRY,NO DEFECTS,ON SCENE,INJURY AND / OR TOW DUE TO CRASH,Y,,,"OVER $1,500",3/2/2022 18:34,FAILING TO YIELD RIGHT-OF-WAY,UNABLE TO DETERMINE,200,W,101ST ST,511,,,,,,,2,INCAPACITATING INJURY,4,0,1,0,3,5,0,18,4,3,41.71085978,-87.62846844,POINT (-87.628468437997 41.710859780955)
e0f5d10fb84eebbe34dc6151dd7168ca9cb4325c1d8822e56c61d970e4c5021b9923343531ef1cdd474e8dcbfc637c25a0f4cea19ade30116753eddc2391d144,JF145999,,2/16/2022 7:00,30,STOP SIGN/FLASHER,NO CONTROLS,CLOUDY/OVERCAST,DAYLIGHT,ANGLE,TRAFFIC ROUTE,,STRAIGHT AND LEVEL,DRY,NO DEFECTS,NOT ON SCENE (DESK REPORT),NO INJURY / DRIVE AWAY,Y,,Y,"OVER $1,500",2/16/2022 9:14,DISREGARDING STOP SIGN,FAILING TO YIELD RIGHT-OF-WAY,28,N,WASHTENAW AVE,1222,,,,,,,3,NO INDICATION OF INJURY,0,0,0,0,0,4,0,7,4,2,41.88196739,-87.69408536,POINT (-87.694085363502 41.881967394264)
e0724088d1b078e6548cd11c67eb00954d4cd99c9c3f19e84cb88faf0ced6f0d6b40e1a80ad0b724239cafea016de66fdd8365a622e0bc99cb6d7cca0edf703f,JF176130,Y,3/16/2022 15:00,20,NO CONTROLS,NO CONTROLS,UNKNOWN,UNKNOWN,PARKED MOTOR VEHICLE,ONE-WAY,,STRAIGHT AND LEVEL,UNKNOWN,UNKNOWN,NOT ON SCENE (DESK REPORT),NO INJURY / DRIVE AWAY,,,Y,"OVER $1,500",3/16/2022 17:00,UNABLE TO DETERMINE,NOT APPLICABLE,5001,W,WRIGHTWOOD AVE,2521,,,,,,,2,NO INDICATION OF INJURY,0,0,0,0,0,1,0,15,4,3,41.92773501,-87.7514814,POINT (-87.751481400401 41.927735008417)
e0b923573a76b27cce47344974c16eaa4ec87e268850621ce528817c8b37e10d9b654bdd8af6ca2bef1f042531fd3d9c86dd6d442988f7728b500eb1edb0be64,JF175809,,3/16/2022 9:15,30,TRAFFIC SIGNAL,UNKNOWN,UNKNOWN,DAYLIGHT,SIDESWIPE SAME DIRECTION,NOT DIVIDED,,STRAIGHT AND LEVEL,UNKNOWN,UNKNOWN,NOT ON SCENE (DESK REPORT),NO INJURY / DRIVE AWAY,,,,"OVER $1,500",3/16/2022 13:10,DRIVING SKILLS/KNOWLEDGE/EXPERIENCE,UNABLE TO DETERMINE,554,W,PERSHING RD,915,,,,,,,2,NO INDICATION OF INJURY,0,0,0,0,0,2,0,9,4,3,41.823636,-87.64082112,POINT (-87.640821117877 41.823635998196)
e10646277f5e1dcc9f6689414d07e17d0d13289668e8e1a4dc345579c8e0a1eceb330a611a27bd665f957ecb6a34de800dbf7ee50b7b4debc3f15dea1beae405,JF175816,,3/16/2022 13:00,30,STOP SIGN/FLASHER,FUNCTIONING PROPERLY,CLEAR,DAYLIGHT,REAR TO SIDE,NOT DIVIDED,,STRAIGHT AND LEVEL,DRY,UNKNOWN,NOT ON SCENE (DESK REPORT),INJURY AND / OR TOW DUE TO CRASH,Y,,,"OVER $1,500",3/16/2022 13:10,UNABLE TO DETERMINE,UNABLE TO DETERMINE,3859,W,69TH PL,833,,,,,,,2,NO INDICATION OF INJURY,0,0,0,0,0,2,0,13,4,3,41.76675234,-87.71988759,POINT (-87.719887589614 41.766752340432)
e196cdc75a6635db1be7f045b3b75e2ab6eb986c2b295a94835278ea70eb345d4f6e859634b086e952b58b5cb4131dcca680691e5a0fb7b97568a605fd302c9f,JF123662,,1/25/2022 13:22,30,STOP SIGN/FLASHER,NO CONTROLS,SNOW,DAYLIGHT,REAR END,NOT DIVIDED,,STRAIGHT AND LEVEL,WET,NO DEFECTS,,NO INJURY / DRIVE AWAY,,,,"OVER $1,500",1/25/2022 14:00,UNABLE TO DETERMINE,NOT APPLICABLE,815,S,INDEPENDENCE BLVD,1133,,,,,,,2,NO INDICATION OF INJURY,0,0,0,0,0,2,0,13,3,1,41.87028139,-87.71951242,POINT (-87.719512421361 41.870281388421)
e1ecfec984279a49e5f9389be1f445f6803935d18eb353d0104f72be05b90e965852452481d0044c27b5ebe1aa0951d93c096aecc7e35536b4613615dd6c7168,JC461546,,10/5/2019 20:20,30,NO CONTROLS,NO CONTROLS,CLEAR,"DARKNESS, LIGHTED ROAD",ANGLE,NOT DIVIDED,,STRAIGHT AND LEVEL,WET,NO DEFECTS,,INJURY AND / OR TOW DUE TO CRASH,,,,"OVER $1,500",10/5/2019 21:41,FAILING TO YIELD RIGHT-OF-WAY,FAILING TO YIELD RIGHT-OF-WAY,4430,S,KEDZIE AVE,821,,,,,,,3,NO INDICATION OF INJURY,0,0,0,0,0,3,0,20,7,10,41.81266526,-87.70430069,POINT (-87.704300691133 41.81266526261)
f0351700b65390fb9f71778dc603257a061c0df0e5654310fa3202949576b96cbfed236966eefccf6f5c48f693599fea3a134ac0988a838d67c2900e9e6eb102,JE254186,,6/5/2021 0:15,30,TRAFFIC SIGNAL,UNKNOWN,CLEAR,"DARKNESS, LIGHTED ROAD",REAR END,NOT DIVIDED,,STRAIGHT AND LEVEL,DRY,UNKNOWN,,NO INJURY / DRIVE AWAY,Y,,,"OVER $1,500",6/5/2021 0:30,FOLLOWING TOO CLOSELY,FOLLOWING TOO CLOSELY,1000,S,HALSTED ST,1232,,,,,,,2,NO INDICATION OF INJURY,0,0,0,0,0,2,0,0,7,6,41.86956088,-87.64710658,POINT (-87.647106583884 41.869560875398)
f06a8a6690d268fd68993e74a34914b2a7ea62acb200d06fb08a8468f8b4567f1baa680fa0a6f72c5049eb938f2a7355dc990200813da00e4d7d12f446861e3c,JD244702,,5/27/2020 17:17,20,NO CONTROLS,NO CONTROLS,CLEAR,DAYLIGHT,PEDESTRIAN,NOT DIVIDED,,STRAIGHT AND LEVEL,DRY,UNKNOWN,,INJURY AND / OR TOW DUE TO CRASH,,,Y,"OVER $1,500",5/27/2020 17:17,"OPERATING VEHICLE IN ERRATIC, RECKLESS, CARELESS, NEGLIGENT OR AGGRESSIVE MANNER","OPERATING VEHICLE IN ERRATIC, RECKLESS, CARELESS, NEGLIGENT OR AGGRESSIVE MANNER",11736,S,PERRY AVE,522,,Y,,,,,3,INCAPACITATING INJURY,1,0,1,0,0,2,0,17,4,5,41.68052598,-87.62534088,POINT (-87.625340874812 41.680525978518)
fe566190532bdfb363311e6aec4add5a282d7d1e8328a4fc29f6f037636bd247f4e6c0cb1a836ea80487aeb76137ef1c2593f8fa40c78b5960153847df91ce31,JF168352,,3/9/2022 13:30,30,NO CONTROLS,NO CONTROLS,CLEAR,DAYLIGHT,PARKED MOTOR VEHICLE,ONE-WAY,,STRAIGHT AND LEVEL,UNKNOWN,UNKNOWN,NOT ON SCENE (DESK REPORT),NO INJURY / DRIVE AWAY,,,Y,"$501 - $1,500",3/9/2022 15:19,UNABLE TO DETERMINE,UNABLE TO DETERMINE,847,W,SUNNYSIDE AVE,1914,,,,,,,2,NO INDICATION OF INJURY,0,0,0,0,0,1,0,13,4,3,41.9635354,-87.65179619,POINT (-87.651796190778 41.963535399421)
e97ee7b9dafc1f91d9cb7914f8da6e29044f8752ba4a1393cebc2b68056ec622629f152fd5cac0163f828e0fbbf3531828c1975d1620042743c9732afb6bba2f,JF182990,,3/22/2022 16:39,30,TRAFFIC SIGNAL,FUNCTIONING PROPERLY,CLEAR,"DARKNESS, LIGHTED ROAD",SIDESWIPE SAME DIRECTION,NOT DIVIDED,,STRAIGHT AND LEVEL,DRY,NO DEFECTS,NOT ON SCENE (DESK REPORT),NO INJURY / DRIVE AWAY,Y,,,"OVER $1,500",3/22/2022 17:40,IMPROPER OVERTAKING/PASSING,NOT APPLICABLE,811,W,CHICAGO AVE,1214,,,,,,,2,NO INDICATION OF INJURY,0,0,0,0,0,2,0,16,3,3,41.89629288,-87.64830317,POINT (-87.648303169427 41.896292882034)
e2c51733cf2b595533201ea23e6811a5590d0d0cea1c0b26cb6e0baf4e7885b5fc72f723856b4bb7055eec35eb670e4887586dacf2b2b389d61b7d3f825c033e,JF154027,,2/23/2022 17:30,10,NO CONTROLS,NO CONTROLS,CLEAR,DAWN,PARKED MOTOR VEHICLE,PARKING LOT,,STRAIGHT AND LEVEL,DRY,NO DEFECTS,ON SCENE,NO INJURY / DRIVE AWAY,,Y,,"$501 - $1,500",2/23/2022 19:20,UNABLE TO DETERMINE,PHYSICAL CONDITION OF DRIVER,2357,S,WOOD ST,1034,,,,,,,2,NO INDICATION OF INJURY,0,0,0,0,0,1,0,17,4,2,41.84874983,-87.67068661,POINT (-87.670686612902 41.848749827939)
e23f4081a7474d8fa123c3f6a93886c343e6123d4095cb96e25c322b3dba0c5a5141a1b9551d4a457e6d7d382379c06f8359c3409322f8759615708b56a7d103,JF146836,,2/16/2022 20:12,30,STOP SIGN/FLASHER,FUNCTIONING PROPERLY,RAIN,"DARKNESS, LIGHTED ROAD",ANGLE,FOUR WAY,,STRAIGHT AND LEVEL,WET,NO DEFECTS,ON SCENE,NO INJURY / DRIVE AWAY,Y,,Y,"OVER $1,500",2/16/2022 20:48,UNABLE TO DETERMINE,UNABLE TO DETERMINE,3200,S,LOWE AVE,915,,,,,,,2,NO INDICATION OF INJURY,0,0,0,0,0,2,0,20,4,2,41.83617635,-87.64272584,POINT (-87.642725839617 41.836176354242)
e25458a7d2a6b35ae3797a6a8fa64ccfe4b110792517c8034c3a023c8e8dda05986a25853c0ce3612706c9bb561c0092b2b260a87092806802a6d054e77a04fb,JF146618,,2/16/2022 17:10,30,NO CONTROLS,NO CONTROLS,RAIN,DUSK,TURNING,DIVIDED - W/MEDIAN (NOT RAISED),,STRAIGHT AND LEVEL,WET,NO DEFECTS,ON SCENE,INJURY AND / OR TOW DUE TO CRASH,,,,"OVER $1,500",2/16/2022 17:11,FAILING TO REDUCE SPEED TO AVOID CRASH,UNABLE TO DETERMINE,5321,N,HARLEM AVE,1613,,,,,,,2,NONINCAPACITATING INJURY,1,0,0,1,0,2,0,17,4,2,41.97783313,-87.80685397,POINT (-87.806853972525 41.977833126995)
e1d0bcf204e16958cb2c1759cb00f247934098362e66d798dfb2e939c2e39edd93ede5d6d0a38558cddad0410a614bae3d87e5b8b7ec1413199b9b7c2de27b99,JF175465,,3/16/2022 7:45,30,NO CONTROLS,NO CONTROLS,CLEAR,DAYLIGHT,REAR END,NOT DIVIDED,,STRAIGHT AND LEVEL,DRY,NO DEFECTS,NOT ON SCENE (DESK REPORT),NO INJURY / DRIVE AWAY,,,,"OVER $1,500",3/16/2022 7:58,FOLLOWING TOO CLOSELY,NOT APPLICABLE,416,N,LARAMIE AVE,1523,,,,,,,2,NO INDICATION OF INJURY,0,0,0,0,0,2,0,7,4,3,41.88825179,-87.75550107,POINT (-87.755501070753 41.888251786153)
e1ebb018bba6e0b201aec89857461575c567beee60ca25c418febbe1868d8c005bfb0f7876ee8b0541f8defb4d5888d8e0318f9409d3e4738c01d9e4df3bcd33,JF176004,,3/16/2022 15:32,30,NO CONTROLS,NO CONTROLS,CLEAR,DAYLIGHT,TURNING,T-INTERSECTION,,STRAIGHT AND LEVEL,DRY,NO DEFECTS,ON SCENE,INJURY AND / OR TOW DUE TO CRASH,,,,"OVER $1,500",3/16/2022 15:32,IMPROPER TURNING/NO SIGNAL,IMPROPER OVERTAKING/PASSING,440,E,MARQUETTE RD,312,,,,,,,2,NONINCAPACITATING INJURY,1,0,0,1,0,2,0,15,4,3,41.77310753,-87.61386335,POINT (-87.6138633516 41.773107529456)
f1afbd701b6bb7c5911bb4561810bda28f4452632d9cb7c5c7c1f604d1343239693e3db97b422ee8dbcf107fa61a665d21c7f76cb5ab024a513ac8111a1a4d06,JF161034,,3/2/2022 15:13,15,NO CONTROLS,NO CONTROLS,CLEAR,DAYLIGHT,PARKED MOTOR VEHICLE,NOT DIVIDED,,STRAIGHT AND LEVEL,DRY,UNKNOWN,ON SCENE,NO INJURY / DRIVE AWAY,,,,"OVER $1,500",3/2/2022 15:13,DRIVING SKILLS/KNOWLEDGE/EXPERIENCE,UNABLE TO DETERMINE,6001,N,KILPATRICK AVE,1711,,,,,,,2,NO INDICATION OF INJURY,0,0,0,0,0,12,0,15,4,3,41.99001696,-87.74574975,POINT (-87.745749746395 41.99001696142)
e2f26bc425e4e61d92f6f18c7a989ad134095350e186a0a6b18dd269780fedc1361418441c602a01059352ee827152b97f27e655f9a15ab0277ded6288299048,JF175876,,3/16/2022 13:30,30,TRAFFIC SIGNAL,FUNCTIONING PROPERLY,CLEAR,DAYLIGHT,REAR END,DIVIDED - W/MEDIAN (NOT RAISED),,STRAIGHT AND LEVEL,DRY,NO DEFECTS,NOT ON SCENE (DESK REPORT),NO INJURY / DRIVE AWAY,,,,"OVER $1,500",3/16/2022 14:00,UNABLE TO DETERMINE,UNABLE TO DETERMINE,4700,W,GRAND AVE,2533,,,,,,,2,NO INDICATION OF INJURY,0,0,0,0,0,2,0,13,4,3,41.91307957,-87.74356218,POINT (-87.743562176581 41.913079571952)
e3180c84576c53959a488d56ff43d6a06a0a76cbc119d8d33c361c1611a1e3363f209bb2e688f175d9cce1b5404190fa1d26e79c8161944e1d9ee6cecf5b586b,JF146798,,2/16/2022 19:30,30,NO CONTROLS,NO CONTROLS,RAIN,"DARKNESS, LIGHTED ROAD",TURNING,NOT DIVIDED,,STRAIGHT AND LEVEL,WET,NO DEFECTS,NOT ON SCENE (DESK REPORT),NO INJURY / DRIVE AWAY,Y,,,"OVER $1,500",2/16/2022 20:00,UNABLE TO DETERMINE,NOT APPLICABLE,7132,W,DIVERSEY AVE,2511,,,,,,,2,NO INDICATION OF INJURY,0,0,0,0,0,5,0,19,4,2,41.93087727,-87.80521374,POINT (-87.805213735046 41.930877265357)
eb06163186da580c82870c4aa8ce8e1b068aaf68483b5e9db5c3a631aa3d334c41f9a70d33070002979611de00bb4227a3dd506bdb6baa9e8b627a6d2512ffb2,JF183171,,3/22/2022 19:57,30,NO CONTROLS,NO CONTROLS,CLEAR,"DARKNESS, LIGHTED ROAD",REAR END,DIVIDED - W/MEDIAN (NOT RAISED),,STRAIGHT AND LEVEL,DRY,NO DEFECTS,ON SCENE,NO INJURY / DRIVE AWAY,,,,"OVER $1,500",3/22/2022 20:15,FOLLOWING TOO CLOSELY,UNABLE TO DETERMINE,831,W,BELMONT AVE,1933,,,,,,,2,NO INDICATION OF INJURY,0,0,0,0,0,7,0,19,3,3,41.93985208,-87.65065333,POINT (-87.650653328786 41.93985208124)
e48bb4f603d88041d68437f3430ea21336b200ec22ca7d4ac3f728d04328e0a916619bc90b6eede350e7f70f985c766776703f368ccca10af56963657139f9e2,JF153442,,2/23/2022 10:15,30,TRAFFIC SIGNAL,FUNCTIONING PROPERLY,CLEAR,DAYLIGHT,TURNING,NOT DIVIDED,,STRAIGHT AND LEVEL,DRY,NO DEFECTS,ON SCENE,NO INJURY / DRIVE AWAY,,,,"OVER $1,500",2/23/2022 10:32,UNABLE TO DETERMINE,NOT APPLICABLE,3520,S,KEDZIE AVE,911,,,,,,,2,NO INDICATION OF INJURY,0,0,0,0,0,2,0,10,4,2,41.82909344,-87.70472356,POINT (-87.704723556041 41.829093437173)
e4959f5b658e23ef7105094520c92b6b735b5c14c7ec23dc0ee3ed01a91fda742360cf8c921fcaec331bd2d8d5571579a72784fa3ef9e57dfd875ad412c64d58,JF175492,,3/16/2022 7:55,30,NO CONTROLS,FUNCTIONING PROPERLY,CLEAR,DAYLIGHT,TURNING,ONE-WAY,,STRAIGHT AND LEVEL,DRY,NO DEFECTS,NOT ON SCENE (DESK REPORT),INJURY AND / OR TOW DUE TO CRASH,,,,"OVER $1,500",3/16/2022 8:30,IMPROPER TURNING/NO SIGNAL,NOT APPLICABLE,111,N,WELLS ST,122,,,,,,,2,NONINCAPACITATING INJURY,1,0,0,1,0,2,0,7,4,3,41.88350473,-87.63371856,POINT (-87.633718562841 41.883504725703)