CRASH_RECORD_ID,RD_NO,CRASH_DATE_EST_I,CRASH_DATE,POSTED_SPEED_LIMIT,TRAFFIC_CONTROL_DEVICE,DEVICE_CONDITION,WEATHER_CONDITION,LIGHTING_CONDITION,FIRST_CRASH_TYPE,TRAFFICWAY_TYPE,LANE_CNT,ALIGNMENT,ROADWAY_SURFACE_COND,ROAD_DEFECT,REPORT_TYPE,CRASH_TYPE,INTERSECTION_RELATED_I,NOT_RIGHT_OF_WAY_I,HIT_AND_RUN_I,DAMAGE,DATE_POLICE_NOTIFIED,PRIM_CONTRIBUTORY_CAUSE,SEC_CONTRIBUTORY_CAUSE,STREET_NO,STREET_DIRECTION,STREET_NAME,BEAT_OF_OCCURRENCE,PHOTOS_TAKEN_I,STATEMENTS_TAKEN_I,DOORING_I,WORK_ZONE_I,WORK_ZONE_TYPE,WORKERS_PRESENT_I,NUM_UNITS,MOST_SEVERE_INJURY,INJURIES_TOTAL,INJURIES_FATAL,INJURIES_INCAPACITATING,INJURIES_NON_INCAPACITATING,INJURIES_REPORTED_NOT_EVIDENT,INJURIES_NO_INDICATION,INJURIES_UNKNOWN,CRASH_HOUR,CRASH_DAY_OF_WEEK,CRASH_MONTH,LATITUDE,LONGITUDE,LOCATION
ebb2ef0944b18d0d28c167c39babb41860cfd99edba0adf7e0063c583e28dca8d63fd371493bafc9153ff9deac2185b5b565db0befa2cf9565884e96ef281da4,JF183179,,3/22/2022 20:00,35,STOP SIGN/FLASHER,NO CONTROLS,CLEAR,"DARKNESS, LIGHTED ROAD",SIDESWIPE SAME DIRECTION,NOT DIVIDED,,STRAIGHT AND LEVEL,DRY,UNKNOWN,ON SCENE,NO INJURY / DRIVE AWAY,,,N,"OVER $1,500",3/22/2022 20:06,IMPROPER BACKING,IMPROPER BACKING,799,E,103RD ST,512,,,,,,,2,NO INDICATION OF INJURY,0,0,0,0,0,2,0,20,3,3,41.70737397,-87.60413696,POINT (-87.604136960254 41.707373972304)
e4f7eed2913a56ae361fcabe220f4e73887edf67161443b1f1c0d38867eb66e7dfdb8c7632ab3c84827899cb0f0f4239699178dd527ee739b72901244ab5f670,JF176145,,3/16/2022 15:57,30,NO CONTROLS,NO CONTROLS,CLEAR,DAYLIGHT,ANGLE,PARKING LOT,,STRAIGHT AND LEVEL,DRY,NO DEFECTS,ON SCENE,NO INJURY / DRIVE AWAY,,Y,,"OVER $1,500",3/16/2022 16:44,UNABLE TO DETERMINE,UNABLE TO DETERMINE,5066,N,ELSTON AVE,1623,,,,,,,2,NO INDICATION OF INJURY,0,0,0,0,0,2,0,15,4,3,41.97294741,-87.74825048,POINT (-87.748250481128 41.972947407941)
e5893d7bde5bc93407d660aa3c47c92a9f1b34c6724f245c846d4923e4b02af02e00551e7327426f9e521123702bc49287517bc1888be7176116dfad69b8c7c4,JF176260,,3/16/2022 18:00,30,TRAFFIC SIGNAL,FUNCTIONING PROPERLY,CLEAR,DAYLIGHT,REAR END,NOT DIVIDED,,STRAIGHT AND LEVEL,DRY,NO DEFECTS,NOT ON SCENE (DESK REPORT),NO INJURY / DRIVE AWAY,,,Y,"OVER $1,500",3/16/2022 18:40,FOLLOWING TOO CLOSELY,UNABLE TO DETERMINE,1158,N,SACRAMENTO AVE,1211,,,,,,,3,NO INDICATION OF INJURY,0,0,0,0,0,5,0,18,4,3,41.90278678,-87.70196362,POINT (-87.701963616914 41.902786781239)
e479dacc0ca6dc5d561df02c23d7fef6fa2050c94b0d449ff20faa8397bf54684bc027d9c71d3c7be1075c53cd7be25bdcf9eb939a34510afc1a9a4aeaf89e62,JC384774,,8/8/2019 22:50,30,NO CONTROLS,NO CONTROLS,CLEAR,"DARKNESS, LIGHTED ROAD",SIDESWIPE SAME DIRECTION,ONE-WAY,,STRAIGHT AND LEVEL,DRY,NO DEFECTS,,NO INJURY / DRIVE AWAY,,,,"$501 - $1,500",8/8/2019 22:52,DRIVING SKILLS/KNOWLEDGE/EXPERIENCE,NOT APPLICABLE,220,S,CANAL ST,121,,,,,,,2,NO INDICATION OF INJURY,0,0,0,0,0,4,0,22,5,8,41.87867652,-87.63972521,POINT (-87.639725204585 41.878676517397)
eb9ac19395a8120992cdccb4b2ba2fad3eb49b7dd97faf578f12d7c8914dafe90a8e0c0393e9ac9f6a3cf15ae3f3542cdd64af1f7214f9af9cfb56211bc79ce3,JE216368,,5/1/2021 14:47,15,NO CONTROLS,NO CONTROLS,CLEAR,DAYLIGHT,FIXED OBJECT,ALLEY,,STRAIGHT AND LEVEL,DRY,NO DEFECTS,,NO INJURY / DRIVE AWAY,,Y,Y,"OVER $1,500",5/1/2021 14:47,IMPROPER BACKING,NOT APPLICABLE,4726,N,BERNARD ST,1723,,,,,,,1,NO INDICATION OF INJURY,0,0,0,0,0,1,0,14,7,5,41.96739125,-87.71470163,POINT (-87.714701626096 41.967391250821)
e63843dd83d7f190226ce7a482322ed40140ab6580c219a05a93a3ddc9f02ec6cce29c849a43bf94e4629c352543f1d8fcc44ed2dd32e102178c23099831e05c,JF153230,,2/23/2022 7:20,30,STOP SIGN/FLASHER,FUNCTIONING PROPERLY,CLEAR,DAYLIGHT,TURNING,FOUR WAY,,STRAIGHT AND LEVEL,DRY,NO DEFECTS,NOT ON SCENE (DESK REPORT),NO INJURY / DRIVE AWAY,Y,,,$500 OR LESS,2/23/2022 8:20,UNABLE TO DETERMINE,UNABLE TO DETERMINE,3600,E,106TH ST,432,,,,,,,2,NO INDICATION OF INJURY,0,0,0,0,0,2,0,7,4,2,41.70284846,-87.53643115,POINT (-87.536431148655 41.702848458652)
e66fbe2630cf95d1d48531ea6ebe23040b11ca1bbd0b720c77b1fd42bb7a12f464975371d9e712261659221087809cc9d212d22518533ba6aa44c647f613d94a,JF154123,,2/23/2022 21:35,30,TRAFFIC SIGNAL,FUNCTIONING PROPERLY,CLEAR,"DARKNESS, LIGHTED ROAD",SIDESWIPE SAME DIRECTION,DIVIDED - W/MEDIAN BARRIER,,STRAIGHT AND LEVEL,OTHER,NO DEFECTS,ON SCENE,NO INJURY / DRIVE AWAY,,,Y,"OVER $1,500",2/23/2022 21:53,UNABLE TO DETERMINE,NOT APPLICABLE,11101,S,HALSTED ST,2233,,,,,,,2,NO INDICATION OF INJURY,0,0,0,0,0,2,0,21,4,2,41.69226709,-87.64222983,POINT (-87.642229834104 41.692267088937)
04487a0ce416ee959c2f04752eb8fb8cb644e3d5444d3bc2ee3f30ea1a85eda883a31541016d54f368175346101e88274897508035094137c41996ed99757500,JE492308,,12/29/2021 18:58,30,TRAFFIC SIGNAL,FUNCTIONING PROPERLY,CLEAR,"DARKNESS, LIGHTED ROAD",TURNING,FOUR WAY,,STRAIGHT AND LEVEL,DRY,NO DEFECTS,,INJURY AND / OR TOW DUE TO CRASH,Y,,,"OVER $1,500",12/29/2021 19:01,FAILING TO YIELD RIGHT-OF-WAY,FAILING TO REDUCE SPEED TO AVOID CRASH,8698,S,STONY ISLAND AVE,412,,,,,,,2,NO INDICATION OF INJURY,0,0,0,0,0,3,0,18,4,12,41.7369592,-87.58578299,POINT (-87.585782994337 41.736959197529)
0449249daab77580a9f60db40f0d46d4ea7bfda9634cba866ab8b7244ea7695ef1efb713665028e8a1a663e4864e7eaf82b31948fd3547cd497ecc6a9f5eee7c,JE385625,,9/24/2021 11:15,30,STOP SIGN/FLASHER,FUNCTIONING PROPERLY,CLEAR,DAYLIGHT,TURNING,NOT DIVIDED,,STRAIGHT AND LEVEL,DRY,NO DEFECTS,,NO INJURY / DRIVE AWAY,Y,,,"$501 - $1,500",9/24/2021 11:15,UNABLE TO DETERMINE,NOT APPLICABLE,1000,N,STATE ST,1824,Y,,,,,,2,NO INDICATION OF INJURY,0,0,0,0,0,2,0,11,6,9,41.90059786,-87.62845987,POINT (-87.628459869002 41.900597856491)
e629e5e0476d5a514d7b249bf28366145c50ec0dd534b2bb8bec55b803cdb6096ed8b9b3e045ba73b4af97a89b71cd45085470f5e756edd7ceaa76c6d5586034,JF176459,,3/16/2022 21:50,30,NO CONTROLS,NO CONTROLS,CLEAR,"DARKNESS, LIGHTED ROAD",FIXED OBJECT,NOT DIVIDED,,STRAIGHT AND LEVEL,DRY,NO DEFECTS,NOT ON SCENE (DESK REPORT),NO INJURY / DRIVE AWAY,,,,"OVER $1,500",3/16/2022 23:19,UNABLE TO DETERMINE,NOT APPLICABLE,7100,S,PULASKI RD,833,,,,,,,1,NO INDICATION OF INJURY,0,0,0,0,0,2,0,21,4,3,41.76400775,-87.72249911,POINT (-87.722499107707 41.764007749308)
e6cc591cf23cb26616b11daa39679e1fec1bd35f59da4f5e8f8cc82c48c21b3f43b1ae2e051d938694c294458b2291893e5f8b0b02c19b4199e77a9cb41e50ce,JF153431,,2/23/2022 10:45,30,STOP SIGN/FLASHER,FUNCTIONING PROPERLY,CLEAR,DAYLIGHT,ANGLE,NOT DIVIDED,,STRAIGHT AND LEVEL,DRY,NO DEFECTS,NOT ON SCENE (DESK REPORT),NO INJURY / DRIVE AWAY,Y,,,"OVER $1,500",2/23/2022 11:10,UNABLE TO DETERMINE,UNABLE TO DETERMINE,5000,N,CICERO AVE,1623,,,,,,,2,NO INDICATION OF INJURY,0,0,0,0,0,2,0,10,4,2,41.97172215,-87.7480465,POINT (-87.748046497649 41.971722144746)
e682168249a11662f8c9848b912573c0b3a32a0217b9a787546369c22bb1ad58ce1dab26c34137a1f07fb68ecec2bc00d49051bbb944f59d8431e3eb57cbdb12,JF175621,Y,3/16/2022 10:05,30,NO CONTROLS,NO CONTROLS,CLEAR,DAYLIGHT,PARKED MOTOR VEHICLE,PARKING LOT,,STRAIGHT AND LEVEL,DRY,UNKNOWN,ON SCENE,NO INJURY / DRIVE AWAY,,,,"OVER $1,500",3/16/2022 10:15,DRIVING SKILLS/KNOWLEDGE/EXPERIENCE,DRIVING SKILLS/KNOWLEDGE/EXPERIENCE,2500,S,ASHLAND AVE,1034,,,,,,,2,NO INDICATION OF INJURY,0,0,0,0,0,1,0,10,4,3,41.84651932,-87.66606048,POINT (-87.666060484215 41.846519321236)
e6c5cca25491ef5e98d02ddf50b39bd124ed9663b1f55717bc0c7138604448ff0c3e2c138606e54104d0afad5685e6b38ecdcddca2a85f0844f8b273cc5676df,JF175654,Y,3/16/2022 9:50,20,TRAFFIC SIGNAL,FUNCTIONING PROPERLY,CLEAR,DAYLIGHT,REAR END,DIVIDED - W/MEDIAN (NOT RAISED),,STRAIGHT AND LEVEL,DRY,NO DEFECTS,NOT ON SCENE (DESK REPORT),NO INJURY / DRIVE AWAY,,,,"$501 - $1,500",3/16/2022 10:30,UNABLE TO DETERMINE,NOT APPLICABLE,508,N,CENTRAL AVE,1512,,,,,,,2,NO INDICATION OF INJURY,0,0,0,0,0,2,0,9,4,3,41.88960201,-87.76533916,POINT (-87.765339161889 41.889602011427)
e7618f281a2c499a4a8cde289e46efa03a82c3f8366028d16c126faaa60762ccdb7b6de406ebd322953ceb7229047bcd91993a29cddc3588c347e47ecc839057,JF175458,,3/16/2022 7:39,30,NO CONTROLS,NO CONTROLS,CLEAR,DAYLIGHT,SIDESWIPE SAME DIRECTION,NOT DIVIDED,,STRAIGHT AND LEVEL,DRY,NO DEFECTS,NOT ON SCENE (DESK REPORT),INJURY AND / OR TOW DUE TO CRASH,,,Y,"OVER $1,500",3/16/2022 7:39,IMPROPER OVERTAKING/PASSING,FAILING TO YIELD RIGHT-OF-WAY,1156,W,64TH ST,724,,,,,,,3,NO INDICATION OF INJURY,0,0,0,0,0,3,0,7,4,3,41.77790521,-87.65431166,POINT (-87.654311659486 41.777905211808)
e79488058b68130f754c8de05a18ade190ecf38eafc430a6d26c64e378e233baa9317fd3be0f08b8f049d1dec50dee84b2da7fe34da734f3e8ae1bb35e67b32c,JF154191,,2/23/2022 23:37,30,NO CONTROLS,NO CONTROLS,CLEAR,"DARKNESS, LIGHTED ROAD",PARKED MOTOR VEHICLE,NOT DIVIDED,,STRAIGHT AND LEVEL,DRY,UNKNOWN,ON SCENE,NO INJURY / DRIVE AWAY,,,Y,$500 OR LESS,2/23/2022 23:49,UNABLE TO DETERMINE,UNABLE TO DETERMINE,7444,N,WESTERN AVE,2411,Y,Y,,,,,2,NO INDICATION OF INJURY,0,0,0,0,0,1,0,23,4,2,42.01718375,-87.69034593,POINT (-87.690345927645 42.017183749913)
f597cc90dbaab9f11517140f123fabf27a3667581ee65fa4a093a9690ee09ba188af83c54b4ea65d075dc288af782b58fd231f9cc6b17a912d0c0b943367b4b5,JF160819,,3/2/2022 9:35,30,NO CONTROLS,NO CONTROLS,CLEAR,DAYLIGHT,REAR END,RAMP,,STRAIGHT AND LEVEL,DRY,UNKNOWN,NOT ON SCENE (DESK REPORT),NO INJURY / DRIVE AWAY,,,,"$501 - $1,500",3/2/2022 9:35,UNABLE TO DETERMINE,UNABLE TO DETERMINE,1032,W,SHERIDAN RD,2432,,,,,,,2,NO INDICATION OF INJURY,0,0,0,0,0,2,0,9,4,3,41.99833096,-87.65760103,POINT (-87.657601028331 41.998330957076)
e74d9ebdd25f56e3c47e1c3de8d7df680721ba476d8c10cf46d01e1b5a60f0c1972afb5aab9ae5c154341a7fd03db714f1456f8aa9ef8fce521270c9cd86efc5,JF146712,,2/16/2022 18:24,30,TRAFFIC SIGNAL,FUNCTIONING PROPERLY,RAIN,"DARKNESS, LIGHTED ROAD",REAR END,FOUR WAY,,STRAIGHT AND LEVEL,WET,NO DEFECTS,NOT ON SCENE (DESK REPORT),NO INJURY / DRIVE AWAY,Y,,Y,"OVER $1,500",2/16/2022 18:40,FOLLOWING TOO CLOSELY,NOT APPLICABLE,3201,W,111TH ST,2211,,,,,,,2,NO INDICATION OF INJURY,0,0,0,0,0,2,0,18,4,2,41.69145739,-87.70088791,POINT (-87.700887911575 41.691457392875)
ede2ce65a63ddd916615e33bee88e195be1fb5680b82f92d086fbf3adea8f73351c69aea0cf7c1b33f1532249fc674f362ff1b14554a809a8b8b4fa44eedc296,JF182975,,3/22/2022 17:05,30,TRAFFIC SIGNAL,UNKNOWN,CLEAR,DAYLIGHT,SIDESWIPE SAME DIRECTION,NOT DIVIDED,,STRAIGHT AND LEVEL,UNKNOWN,UNKNOWN,NOT ON SCENE (DESK REPORT),NO INJURY / DRIVE AWAY,,,Y,"OVER $1,500",3/22/2022 17:20,UNABLE TO DETERMINE,UNABLE TO DETERMINE,5401,N,ELSTON AVE,1621,,,,,,,2,NO INDICATION OF INJURY,0,0,0,0,0,2,0,17,3,3,41.97959355,-87.75858927,POINT (-87.758589271767 41.979593550153)
ee4891e1daa136d505f18fcd4094bc1e981845dd2094380543fc47efbc4c1c89a4ca4ae5b2a6445045382fd4bdd5899be3498d437a62108d009d8708d461c7bd,JF182423,,3/22/2022 9:50,30,NO CONTROLS,NO CONTROLS,RAIN,DAYLIGHT,SIDESWIPE SAME DIRECTION,NOT DIVIDED,,STRAIGHT AND LEVEL,WET,NO DEFECTS,ON SCENE,INJURY AND / OR TOW DUE TO CRASH,,,,"OVER $1,500",3/22/2022 9:50,IMPROPER LANE USAGE,NOT APPLICABLE,4823,W,IRVING PARK RD,1634,,,,,,,2,NO INDICATION OF INJURY,0,0,0,0,0,2,0,9,3,3,41.95329416,-87.74822295,POINT (-87.748222953525 41.953294154953)
f6aee349bfd9ebd481e7ec1ebe0cdf76d8ee2b96ab21a116a799f95b8bea9540665ae2024fe6e658c27a9b69a04f8269a10f147c0bcf8920256fac0522939e16,JF161408,,3/2/2022 20:45,35,TRAFFIC SIGNAL,FUNCTIONING PROPERLY,RAIN,"DARKNESS, LIGHTED ROAD",SIDESWIPE SAME DIRECTION,DIVIDED - W/MEDIAN BARRIER,,STRAIGHT ON GRADE,WET,UNKNOWN,ON SCENE,INJURY AND / OR TOW DUE TO CRASH,,,Y,"OVER $1,500",3/2/2022 20:52,UNABLE TO DETERMINE,UNABLE TO DETERMINE,1138,S,LAKE SHORE DR E,114,,,,,,,2,NONINCAPACITATING INJURY,1,0,0,1,0,1,0,20,4,3,41.86819211,-87.6182075,POINT (-87.618207498647 41.868192106904)
e975272c0ae663b272ae673d206b81ab56769e936eaba825d1d8946ac5b57622acb80f13c953817d8752f6791840874d59981dab90dcc243d62d54052e1b68bc,JF175643,,3/16/2022 9:42,30,NO CONTROLS,NO CONTROLS,CLEAR,DAYLIGHT,TURNING,NOT DIVIDED,,STRAIGHT AND LEVEL,DRY,NO DEFECTS,ON SCENE,INJURY AND / OR TOW DUE TO CRASH,,,,"OVER $1,500",3/16/2022 10:31,FAILING TO YIELD RIGHT-OF-WAY,NOT APPLICABLE,1515,W,47TH ST,933,,,,,,,4,NONINCAPACITATING INJURY,1,0,0,1,0,4,0,9,4,3,41.8085174,-87.66323317,POINT (-87.663233165769 41.808517404436)
e8ea9457a70aa7cd2172efe99d057c5a31f1bc5d98f994bf316791622a02b57609455c633d9d8bc62fa070af65dee781bbaf1c6cf7811d710ad78bdd2ef0f7c6,JF146893,N,2/16/2022 21:45,30,TRAFFIC SIGNAL,FUNCTIONING PROPERLY,RAIN,"DARKNESS, LIGHTED ROAD",ANGLE,TRAFFIC ROUTE,,STRAIGHT AND LEVEL,WET,NO DEFECTS,NOT ON SCENE (DESK REPORT),NO INJURY / DRIVE AWAY,Y,,,"OVER $1,500",2/16/2022 22:55,DISREGARDING TRAFFIC SIGNALS,UNABLE TO DETERMINE,236,W,47TH ST,925,,,,,,,2,NO INDICATION OF INJURY,0,0,0,0,0,2,0,21,4,2,41.80921288,-87.63255818,POINT (-87.632558181606 41.809212878704)
e8e35066e01217706f6f57093b22a0d87309353d48b868ee4e99a26ccb16e8826f11ebc9d8406dec5a9b06cd24d3598ee7ee3f1eec04199744b65d5cfdce2bb4,JE136652,,2/9/2021 8:50,30,TRAFFIC SIGNAL,FUNCTIONING PROPERLY,CLEAR,DAYLIGHT,REAR END,OTHER,,STRAIGHT AND LEVEL,SNOW OR SLUSH,NO DEFECTS,,INJURY AND / OR TOW DUE TO CRASH,,,Y,"OVER $1,500",2/9/2021 9:15,UNABLE TO DETERMINE,NOT APPLICABLE,1233,S,ASHLAND AVE,1233,,,,,,,2,"REPORTED, NOT EVIDENT",2,0,0,0,2,1,0,8,3,2,41.86594625,-87.66622024,POINT (-87.666220239472 41.865946250508)
e992beef97a225433c9fb868dc2a0e75ac6d226b263afde6ba6b58e858673d1c55d248d3ba7ed8c83e80d3d403b34510b6047e915444937657aedaf4a2177810,JE342635,,8/19/2021 13:05,30,STOP SIGN/FLASHER,UNKNOWN,CLEAR,DAYLIGHT,ANGLE,FOUR WAY,,STRAIGHT AND LEVEL,DRY,UNKNOWN,,INJURY AND / OR TOW DUE TO CRASH,Y,,,"OVER $1,500",8/19/2021 13:11,FAILING TO YIELD RIGHT-OF-WAY,UNABLE TO DETERMINE,1,W,59TH ST,232,,,,,,,2,NONINCAPACITATING INJURY,1,0,0,1,0,2,0,13,5,8,41.78725154,-87.6255638,POINT (-87.625563803432 41.787251535986)
f7dfdeefe7b69b58d022dc3ed317c910bc470d03e854c396abfd82ab3225078064814cf4da7e71fdab18b0f32deac533d6451052bc5d3f75d2c47db8026fc383,JD301790,,7/17/2020 15:00,35,NO CONTROLS,NO CONTROLS,CLEAR,DAYLIGHT,SIDESWIPE OPPOSITE DIRECTION,ONE-WAY,,STRAIGHT AND LEVEL,DRY,NO DEFECTS,,NO INJURY / DRIVE AWAY,,,N,"OVER $1,500",7/17/2020 15:05,DRIVING ON WRONG SIDE/WRONG WAY,NOT APPLICABLE,4800,S,DORCHESTER AVE,222,,,,,,,2,NO INDICATION OF INJURY,0,0,0,0,0,2,0,15,6,7,41.80778312,-87.59209331,POINT (-87.592093306818 41.807783123588)
e9774ebc16a48a7f5318a042d701bb49309e33f67d100223ef2544508ed823861137495037978c6180f6922024c8eb8a53cf2f32df095d311858b318255777a6,JF146493,,2/16/2022 9:30,15,NO CONTROLS,UNKNOWN,CLEAR,DAYLIGHT,PARKED MOTOR VEHICLE,PARKING LOT,,STRAIGHT AND LEVEL,DRY,UNKNOWN,NOT ON SCENE (DESK REPORT),NO INJURY / DRIVE AWAY,,,Y,"OVER $1,500",2/16/2022 16:03,UNABLE TO DETERMINE,UNABLE TO DETERMINE,1426,W,WASHINGTON BLVD,1224,,,,,,,2,NO INDICATION OF INJURY,0,0,0,0,0,1,0,9,4,2,41.88299158,-87.66342149,POINT (-87.663421488892 41.882991577404)
f05766163d1d22c35713219dfa1d5996fd167f64439032d33dc8ccd3eb60a0b56785102320c92aa739830b3c2027ca4f2ea1b7d892010d1cdd11f60298700997,JF182881,,3/22/2022 15:59,35,NO CONTROLS,NO CONTROLS,CLEAR,DAYLIGHT,PARKED MOTOR VEHICLE,NOT DIVIDED,,STRAIGHT AND LEVEL,WET,NO DEFECTS,ON SCENE,NO INJURY / DRIVE AWAY,,,Y,"$501 - $1,500",3/22/2022 16:04,IMPROPER OVERTAKING/PASSING,IMPROPER OVERTAKING/PASSING,7099,S,ELIZABETH ST,734,,,,,,,2,NO INDICATION OF INJURY,0,0,0,0,0,1,0,15,3,3,41.7651284,-87.65518387,POINT (-87.655183865225 41.765128396198)
ea9c84f7a4999265d581dddf0053cd34403d66add1354e6b024b0fef690399c90aec69570a84b930d7e5cdcffdb4533231b9ce0e4106e587673ac15b080846f6,JF176188,,3/16/2022 16:20,35,TRAFFIC SIGNAL,FUNCTIONING PROPERLY,CLEAR,DAYLIGHT,REAR END,NOT DIVIDED,,STRAIGHT AND LEVEL,DRY,NO DEFECTS,NOT ON SCENE (DESK REPORT),NO INJURY / DRIVE AWAY,,,Y,"OVER $1,500",3/16/2022 17:40,NOT APPLICABLE,NOT APPLICABLE,7701,S,KEDZIE AVE,835,,,,,,,2,NO INDICATION OF INJURY,0,0,0,0,0,3,0,16,4,3,41.75336215,-87.70234945,POINT (-87.702349450859 41.753362148643)
e9bc000cc8c0d7fcb21dc16763bebffec37b3187b48b7a833c91587b2c7c56739b239bd810bb4aaca169f15312110138c202df29ce31819069283e85d4b2951f,JF146847,,2/16/2022 20:40,30,NO CONTROLS,NO CONTROLS,RAIN,"DARKNESS, LIGHTED ROAD",TURNING,NOT DIVIDED,,STRAIGHT AND LEVEL,WET,NO DEFECTS,ON SCENE,INJURY AND / OR TOW DUE TO CRASH,,,,"OVER $1,500",2/16/2022 20:43,FAILING TO YIELD RIGHT-OF-WAY,UNABLE TO DETERMINE,5521,S,PULASKI RD,822,,,,,,,2,"REPORTED, NOT EVIDENT",1,0,0,0,1,1,0,20,4,2,41.79246861,-87.72298991,POINT (-87.722989907651 41.792468608899)
f86679eb5e60298e0d51a67c3097ebf7ada697488a947780039c5b9bd19f4bea6b0811452772830c45f37e02e4cfee91b16da1fd2e3b2db2216ddf24dbb33691,JF161260,,3/2/2022 18:30,30,NO CONTROLS,NO CONTROLS,CLEAR,"DARKNESS, LIGHTED ROAD",REAR END,NOT DIVIDED,,STRAIGHT AND LEVEL,WET,NO DEFECTS,ON SCENE,NO INJURY / DRIVE AWAY,,,Y,"$501 - $1,500",3/2/2022 18:32,FOLLOWING TOO CLOSELY,UNABLE TO DETERMINE,145,W,79TH ST,623,,,,,,,2,NO INDICATION OF INJURY,0,0,0,0,0,3,0,18,4,3,41.75076667,-87.62881496,POINT (-87.628814955276 41.750766669346)
ea24d88342c6c1360b1c9caabeaa3224da5fe89d6e3fc77af2c5d2a3f44744d0cb3c4e9c6772e0264785b29f689a9cea3f4c84f143edcf7d9d42e8bb82141dc6,JF145987,,2/16/2022 8:35,30,NO CONTROLS,NO CONTROLS,CLEAR,DAYLIGHT,FIXED OBJECT,DIVIDED - W/MEDIAN BARRIER,,STRAIGHT AND LEVEL,DRY,NO DEFECTS,ON SCENE,NO INJURY / DRIVE AWAY,,,,"OVER $1,500",2/16/2022 8:44,DRIVING SKILLS/KNOWLEDGE/EXPERIENCE,NOT APPLICABLE,329,W,35TH ST,915,,,,,,,1,NO INDICATION OF INJURY,0,0,0,0,0,1,0,8,4,2,41.83078644,-87.6350878,POINT (-87.635087801192 41.830786442888)
ea26761fd2dd06fb8d15ca3dfd1091ad5e5f5bf3880274114a2fa3c78ecb5c307cc26aba5fb38fd7f8455710632fd80697e0c34d5a7e28912166983ca883f4cd,JF145936,,2/16/2022 7:07,30,NO CONTROLS,NO CONTROLS,CLEAR,DAYLIGHT,TURNING,UNKNOWN,,STRAIGHT AND LEVEL,DRY,NO DEFECTS,ON SCENE,INJURY AND / OR TOW DUE TO CRASH,,,,"OVER $1,500",2/16/2022 7:07,FAILING TO YIELD RIGHT-OF-WAY,FAILING TO YIELD RIGHT-OF-WAY,5100,S,INDIANA AVE,231,,,,,,,2,NO INDICATION OF INJURY,0,0,0,0,0,5,0,7,4,2,41.80193189,-87.62117126,POINT (-87.621171264382 41.801931892323)
eafeeb385e06171636e6069b84fd1fd45a6a6eb696b0e44487387860667cdef1008bec5549e0c3f460e4749970d9bb2c19b92188c8ecd9b514c4ebddc244485a,JF176764,,3/16/2022 21:20,30,NO CONTROLS,NO CONTROLS,CLEAR,"DARKNESS, LIGHTED ROAD",PARKED MOTOR VEHICLE,NOT DIVIDED,,STRAIGHT AND LEVEL,DRY,NO DEFECTS,NOT ON SCENE (DESK REPORT),NO INJURY / DRIVE AWAY,,,,"OVER $1,500",3/17/2022 9:30,UNABLE TO DETERMINE,UNABLE TO DETERMINE,2654,N,HALSTED ST,1935,,,,,,,2,NO INDICATION OF INJURY,0,0,0,0,0,2,0,21,4,3,41.93059713,-87.64908715,POINT (-87.649087153975 41.930597124908)
f95128c94df96a29658e6cb213c9f06087f2b99ecb486cfcef6719c83bd334c3245de69a5fb41a4813dffcbed23f5f02d801770841ac558fce8504a382554192,JF161267,,3/2/2022 18:51,40,NO CONTROLS,NO CONTROLS,CLEAR,"DARKNESS, LIGHTED ROAD",REAR END,DIVIDED - W/MEDIAN BARRIER,,STRAIGHT AND LEVEL,WET,NO DEFECTS,ON SCENE,INJURY AND / OR TOW DUE TO CRASH,,,,"OVER $1,500",3/2/2022 18:51,FOLLOWING TOO CLOSELY,NOT APPLICABLE,153,N,LAKE SHORE DR NB,114,,,,,,,2,NO INDICATION OF INJURY,0,0,0,0,0,2,0,18,4,3,41.88447427,-87.61356137,POINT (-87.613561367179 41.88447427434)
f13c4787e5510a6776130dcabe2c1cdc0c3fb56ff8c0f185452dddce38f9cfb9367f7a0aa75e809c4234fb0eb7c8f76c7f5f6829f7ab29dd3cf3d7edfaeb8e1c,JF184058,,3/22/2022 16:15,25,TRAFFIC SIGNAL,FUNCTIONING PROPERLY,RAIN,DAYLIGHT,PEDESTRIAN,FOUR WAY,,STRAIGHT AND LEVEL,WET,NO DEFECTS,ON SCENE,INJURY AND / OR TOW DUE TO CRASH,,,Y,$500 OR LESS,3/23/2022 16:17,UNABLE TO DETERMINE,UNABLE TO DETERMINE,5028,N,CLARK ST,2032,,,,,,,2,NONINCAPACITATING INJURY,1,0,0,1,0,1,0,16,3,3,41.97335908,-87.6682238,POINT (-87.668223795595 41.973359079658)
ebd3563b08ff31f9be182e73d34ade4081be704c0ec8ce0af20e9cb8628b9b854d00c09e2f970a6d1f7df1a452dc9816295c797c11d55b98084f424a7e06918a,,,3/30/2022 16:30,30,NO CONTROLS,NO CONTROLS,RAIN,DAYLIGHT,SIDESWIPE SAME DIRECTION,NOT DIVIDED,,STRAIGHT AND LEVEL,WET,NO DEFECTS,,NO INJURY / DRIVE AWAY,,,Y,"$501 - $1,500",3/30/2022 16:42,IMPROPER OVERTAKING/PASSING,UNABLE TO DETERMINE,1151,E,47TH ST,222,,,,,,,2,NO INDICATION OF INJURY,0,0,0,0,0,2,0,16,4,3,41.80952765,-87.59725399,POINT (-87.597253993088 41.809527645318)