CRASH_RECORD_ID,RD_NO,CRASH_DATE_EST_I,CRASH_DATE,POSTED_SPEED_LIMIT,TRAFFIC_CONTROL_DEVICE,DEVICE_CONDITION,WEATHER_CONDITION,LIGHTING_CONDITION,FIRST_CRASH_TYPE,TRAFFICWAY_TYPE,LANE_CNT,ALIGNMENT,ROADWAY_SURFACE_COND,ROAD_DEFECT,REPORT_TYPE,CRASH_TYPE,INTERSECTION_RELATED_I,NOT_RIGHT_OF_WAY_I,HIT_AND_RUN_I,DAMAGE,DATE_POLICE_NOTIFIED,PRIM_CONTRIBUTORY_CAUSE,SEC_CONTRIBUTORY_CAUSE,STREET_NO,STREET_DIRECTION,STREET_NAME,BEAT_OF_OCCURRENCE,PHOTOS_TAKEN_I,STATEMENTS_TAKEN_I,DOORING_I,WORK_ZONE_I,WORK_ZONE_TYPE,WORKERS_PRESENT_I,NUM_UNITS,MOST_SEVERE_INJURY,INJURIES_TOTAL,INJURIES_FATAL,INJURIES_INCAPACITATING,INJURIES_NON_INCAPACITATING,INJURIES_REPORTED_NOT_EVIDENT,INJURIES_NO_INDICATION,INJURIES_UNKNOWN,CRASH_HOUR,CRASH_DAY_OF_WEEK,CRASH_MONTH,LATITUDE,LONGITUDE,LOCATION
eb285d00b439dc1e4d5dd7a947621c7dbee1206893413cfe90985f208ae80c4d84992941daa13f64e0ba7380599eea63e4638e9f67147457d2e9f84c939ce4e8,JF146750,,2/16/2022 18:35,30,TRAFFIC SIGNAL,FUNCTIONING PROPERLY,RAIN,"DARKNESS, LIGHTED ROAD",TURNING,NOT DIVIDED,,STRAIGHT AND LEVEL,WET,NO DEFECTS,NOT ON SCENE (DESK REPORT),NO INJURY / DRIVE AWAY,,,Y,"OVER $1,500",2/16/2022 19:30,UNABLE TO DETERMINE,NOT APPLICABLE,5900,S,YALE AVE,711,,,,,,,2,NO INDICATION OF INJURY,0,0,0,0,0,2,0,18,4,2,41.78717517,-87.63209554,POINT (-87.632095536704 41.787175172589)
0a261ebd600a2f9d587f4063b18ec437fa3a5348227fc2a92f680e23ffbc5d29b2170f3f0316691c9c8fdee77bb145641c1426121845160feb229a5cc522886b,JC445240,,9/23/2019 14:05,15,NO CONTROLS,NO CONTROLS,CLEAR,DAYLIGHT,TURNING,PARKING LOT,,STRAIGHT AND LEVEL,DRY,NO DEFECTS,,NO INJURY / DRIVE AWAY,,,,"$501 - $1,500",9/23/2019 14:09,FAILING TO YIELD RIGHT-OF-WAY,NOT APPLICABLE,4355,N,SHERIDAN RD,1915,,,,,,,2,NO INDICATION OF INJURY,0,0,0,0,0,2,0,14,2,9,41.96139778,-87.65459298,POINT (-87.654592974847 41.961397779903)
ebb3859323bb21c9f185f4f173eedfeba0403a8607d2e88b250e38d47510ea0801f86ce8636f4ab2859bc71ee4b356ef77b767f93989a75c928bf5517cce867d,JD451768,,12/7/2020 4:33,30,NO CONTROLS,NO CONTROLS,CLEAR,"DARKNESS, LIGHTED ROAD",PARKED MOTOR VEHICLE,NOT DIVIDED,,STRAIGHT AND LEVEL,DRY,NO DEFECTS,,INJURY AND / OR TOW DUE TO CRASH,,,Y,"OVER $1,500",12/7/2020 4:45,UNABLE TO DETERMINE,NOT APPLICABLE,7421,S,JEFFERY BLVD,333,,,,,,,3,NO INDICATION OF INJURY,0,0,0,0,0,1,0,4,2,12,41.76006551,-87.57602105,POINT (-87.57602105236 41.760065512132)
f1d2207231f1d5a1617b8ae2f1fa61ceb4eb899c7be908842b4a9f54a336d25b68b515d062e552e590e9577e215ee664ac2175712c17bb38c4723cf97fa316e5,JC396369,,8/17/2019 14:49,20,NO CONTROLS,NO CONTROLS,RAIN,DAYLIGHT,REAR TO SIDE,NOT DIVIDED,,STRAIGHT AND LEVEL,WET,NO DEFECTS,,NO INJURY / DRIVE AWAY,,,,"OVER $1,500",8/17/2019 15:00,IMPROPER BACKING,NOT APPLICABLE,814,N,FRANKLIN ST,1823,,,,,,,2,NO INDICATION OF INJURY,0,0,0,0,0,2,0,14,7,8,41.89713667,-87.63584983,POINT (-87.635849825141 41.897136672026)
ed26edb065dbbf50390bb9ef3564d71e57e27d260be082907a5af02e119ecd3e42b2f36b0e0c27a6f6f1358ffc01149a917e0263b5ed7d0c84a579174940a613,JF176334,,3/16/2022 18:52,20,NO CONTROLS,NO CONTROLS,CLEAR,DUSK,SIDESWIPE SAME DIRECTION,ONE-WAY,,STRAIGHT AND LEVEL,DRY,NO DEFECTS,ON SCENE,NO INJURY / DRIVE AWAY,,,,"OVER $1,500",3/16/2022 18:52,DRIVING SKILLS/KNOWLEDGE/EXPERIENCE,DRIVING SKILLS/KNOWLEDGE/EXPERIENCE,251,E,ERIE ST,1834,,,,,,,2,NO INDICATION OF INJURY,0,0,0,0,0,2,0,18,4,3,41.89407622,-87.62071374,POINT (-87.620713735021 41.89407622035)
ed047a85238d85e107f9526cb2753c3fd9c50370a53c6679b425d2ff0be67b6b21005730d886bf8b7c8f3f2ed571aa765d50156f27e9e8bec270495a83f1dd7a,JB425386,,9/6/2018 17:00,35,NO CONTROLS,OTHER,CLEAR,DAYLIGHT,PARKED MOTOR VEHICLE,NOT DIVIDED,,STRAIGHT AND LEVEL,DRY,NO DEFECTS,,NO INJURY / DRIVE AWAY,,,Y,$500 OR LESS,9/6/2018 21:50,UNABLE TO DETERMINE,UNABLE TO DETERMINE,2100,E,73RD ST,333,,,,,,,2,NO INDICATION OF INJURY,0,0,0,0,0,1,0,17,5,9,41.76265334,-87.57367534,POINT (-87.573675342008 41.762653340742)
f1fbb25c1d8a8297aaae5824285152bafdcc51bf441e29c8fdbff7f449464245e89fb53b58f2caa7c726410fe8d43108e668f3f6cb157f3a0709e9756d26d2f4,JD231223,,5/11/2020 14:27,20,NO CONTROLS,NO CONTROLS,CLEAR,DAYLIGHT,PARKED MOTOR VEHICLE,ONE-WAY,,STRAIGHT AND LEVEL,DRY,WORN SURFACE,,NO INJURY / DRIVE AWAY,,,N,"OVER $1,500",5/13/2020 11:45,DRIVING SKILLS/KNOWLEDGE/EXPERIENCE,UNABLE TO DETERMINE,1015,W,ROSEMONT AVE,2433,,,,,,,2,NO INDICATION OF INJURY,0,0,0,0,0,1,0,14,2,5,41.99630711,-87.65625006,POINT (-87.65625006304 41.996307111398)
f224974be194fbc7168b68df96f73ef8c8937ae00c33d6fcacf34fcc4928e716143013a65a8bc316b82400c4e2956022815ef87f76e696421caef3f43c4fd1a0,JC496069,,11/2/2019 15:36,10,NO CONTROLS,NO CONTROLS,CLOUDY/OVERCAST,DAYLIGHT,PARKED MOTOR VEHICLE,PARKING LOT,,STRAIGHT AND LEVEL,DRY,NO DEFECTS,,NO INJURY / DRIVE AWAY,,Y,Y,"$501 - $1,500",11/2/2019 16:17,IMPROPER BACKING,NOT APPLICABLE,10300,S,MICHIGAN AVE,512,,,,,,,2,NO INDICATION OF INJURY,0,0,0,0,0,1,0,15,7,11,41.70718218,-87.62036149,POINT (-87.620361492183 41.707182175387)
edf309d929eb447257ce14455d5f5effc6f206e830d31d413d662822a72208f557ec502a973820fcccd33c99c3f3e0b51892b53ccf9d78a953c33af9e9cd48bb,JF176063,,3/16/2022 14:45,30,NO CONTROLS,NO CONTROLS,CLEAR,DAYLIGHT,REAR END,ONE-WAY,,STRAIGHT ON GRADE,DRY,NO DEFECTS,ON SCENE,INJURY AND / OR TOW DUE TO CRASH,,,,"$501 - $1,500",3/16/2022 14:47,UNABLE TO DETERMINE,NOT APPLICABLE,1926,S,RUBLE ST,1235,,,,,,,3,NO INDICATION OF INJURY,0,0,0,0,0,3,0,14,4,3,41.85595346,-87.64389232,POINT (-87.643892320422 41.855953459038)
ee30ba0c5fb75adda161f578f07ccab01de13dfb28878e0d2e866ebe47310f52b4457b2f57cc5d4718735f5004428c9bbd8b4100906ecd09a358cb27a89e0768,JF175917,,3/16/2022 14:00,10,NO CONTROLS,NO CONTROLS,CLEAR,DAYLIGHT,FIXED OBJECT,PARKING LOT,,STRAIGHT AND LEVEL,DRY,NO DEFECTS,ON SCENE,NO INJURY / DRIVE AWAY,,Y,,"$501 - $1,500",3/16/2022 14:13,UNABLE TO DETERMINE,NOT APPLICABLE,10255,W,ZEMKE RD,1654,,,,,,,1,NO INDICATION OF INJURY,0,0,0,0,0,1,0,14,4,3,41.99479339,-87.88270766,POINT (-87.882707659516 41.994793386112)
ee61733b0c224df227dc72e7d19bc7745725a36c36cd4bef30be32b2fd0f3d6dca0cd9a99b42475e94fcb7f7450f177f98504ef16490ce7350ece50c62b7e58c,JF176041,,3/16/2022 14:40,30,NO CONTROLS,NO CONTROLS,CLEAR,DAYLIGHT,REAR END,NOT DIVIDED,,STRAIGHT AND LEVEL,DRY,NO DEFECTS,NOT ON SCENE (DESK REPORT),INJURY AND / OR TOW DUE TO CRASH,,,,"$501 - $1,500",3/16/2022 16:18,NOT APPLICABLE,NOT APPLICABLE,5398,S,ARCHER AVE,815,,,,,,,2,NONINCAPACITATING INJURY,1,0,0,1,0,1,0,14,4,3,41.79877804,-87.74289903,POINT (-87.742899031077 41.7987780375)
f2bf7848bfd34a5e7ba9d043b0ddad9651a6e4c88a7dc6922a2bea8b9a59a8a38914f10f8028f53b5854c4022498d9794f1ed34e0c0e5bb66378cf67d80f93d8,JD365139,,9/11/2020 15:55,30,NO CONTROLS,NO CONTROLS,CLEAR,DAYLIGHT,REAR END,NOT DIVIDED,,STRAIGHT AND LEVEL,UNKNOWN,UNKNOWN,,NO INJURY / DRIVE AWAY,,,,"$501 - $1,500",9/12/2020 17:20,FOLLOWING TOO CLOSELY,NOT APPLICABLE,7467,N,SHERIDAN RD,2422,,,,,,,2,NO INDICATION OF INJURY,0,0,0,0,0,2,0,15,6,9,42.01817807,-87.66556831,POINT (-87.665568305554 42.0181780707)
f31028324f5659eb352a333c726497b6a862c646cc21cbaed261ce6bce3bd0973fe63d3f75181921c4ce683c4afbd0b6d027e401207616f121914426d3c7de25,JF182869,,3/22/2022 15:44,35,NO CONTROLS,NO CONTROLS,RAIN,DAYLIGHT,TURNING,NOT DIVIDED,,STRAIGHT AND LEVEL,WET,UNKNOWN,ON SCENE,NO INJURY / DRIVE AWAY,N,,,"OVER $1,500",3/22/2022 15:44,FAILING TO YIELD RIGHT-OF-WAY,FAILING TO YIELD RIGHT-OF-WAY,3244,S,WOOD ST,912,,,,,,,2,NO INDICATION OF INJURY,0,0,0,0,0,3,0,15,3,3,41.83482667,-87.67065113,POINT (-87.670651130111 41.83482666907)
ed6adb34ddf96f3d8fa5cbb7649fd81318b8092cd919822e5a66cc6bad82ddb157f1d67ecf3358cdfd7f53231523b2289a4fd1655cbac80a96a09143c0a2a5d6,JF145908,,2/16/2022 3:30,15,NO CONTROLS,NO CONTROLS,CLEAR,DAYLIGHT,PARKED MOTOR VEHICLE,NOT DIVIDED,,STRAIGHT AND LEVEL,WET,NO DEFECTS,ON SCENE,INJURY AND / OR TOW DUE TO CRASH,,,Y,"$501 - $1,500",2/16/2022 7:22,UNABLE TO DETERMINE,UNABLE TO DETERMINE,4433,N,LOWELL AVE,1722,,,,,,,3,NO INDICATION OF INJURY,0,0,0,0,0,1,0,3,4,2,41.96184391,-87.73689102,POINT (-87.736891016835 41.961843909353)
ef0c341dcb3aadaaa8a336487b8b6c72c5d79d3e14eb1d59618dec36f5b8fabc9fcc7ebb949be4e438a2c779039eb67e8565c1af87da882eda4b83adc31c31e3,JF176818,,3/16/2022 16:10,30,NO CONTROLS,NO CONTROLS,CLEAR,"DARKNESS, LIGHTED ROAD",SIDESWIPE SAME DIRECTION,NOT DIVIDED,,STRAIGHT AND LEVEL,DRY,NO DEFECTS,NOT ON SCENE (DESK REPORT),NO INJURY / DRIVE AWAY,,,,"OVER $1,500",3/17/2022 10:15,FAILING TO YIELD RIGHT-OF-WAY,IMPROPER LANE USAGE,1010,W,CHICAGO AVE,1213,,,,,,,2,NO INDICATION OF INJURY,0,0,0,0,0,2,0,16,4,3,41.89640908,-87.65317168,POINT (-87.653171679591 41.896409081521)
eda7e9433e87958128439129f87eea53298dc0ac753b0004e2ec4b5a3e4b8bf738f51bde07d26cc435ba5891be21718a1fc88b6c03e358b04dad792b42d32b72,JF146639,,2/16/2022 17:00,30,TRAFFIC SIGNAL,FUNCTIONING PROPERLY,CLEAR,DAYLIGHT,REAR END,NOT DIVIDED,,STRAIGHT AND LEVEL,UNKNOWN,UNKNOWN,NOT ON SCENE (DESK REPORT),NO INJURY / DRIVE AWAY,,,,"$501 - $1,500",2/16/2022 17:43,FOLLOWING TOO CLOSELY,UNABLE TO DETERMINE,1547,N,ASHLAND AVE,1433,,,,,,,2,NO INDICATION OF INJURY,0,0,0,0,0,4,0,17,4,2,41.91021895,-87.66753454,POINT (-87.667534537484 41.910218952345)
fdd688604e784a50bd9195cf861d73f536e88224d2ee1e0643a0d1556b34ae64fc34f4b073177590e103d4cad14c6b84ba89aa5badc8fdcd7340e9e8c424dd01,JF160970,,3/2/2022 14:00,30,NO CONTROLS,NO CONTROLS,CLEAR,DAYLIGHT,SIDESWIPE SAME DIRECTION,NOT DIVIDED,,STRAIGHT AND LEVEL,DRY,NO DEFECTS,NOT ON SCENE (DESK REPORT),NO INJURY / DRIVE AWAY,,,,"OVER $1,500",3/2/2022 14:38,IMPROPER OVERTAKING/PASSING,NOT APPLICABLE,2501,E,71ST ST,334,,,,,,,2,NO INDICATION OF INJURY,0,0,0,0,0,2,0,14,4,3,,,
ef521c0e81c2ffa606789ce335c8e9736fc1d143d7f627e989c4cfbd7d1ce38bad472e09f204b3ad1c2fa686fc26d955fe492268541d6452eeae558a7760a90e,JF175663,,3/16/2022 10:20,30,NO CONTROLS,NO CONTROLS,CLEAR,DAYLIGHT,REAR END,NOT DIVIDED,,STRAIGHT AND LEVEL,DRY,NO DEFECTS,NOT ON SCENE (DESK REPORT),NO INJURY / DRIVE AWAY,,,,"OVER $1,500",3/16/2022 11:10,UNABLE TO DETERMINE,UNABLE TO DETERMINE,1038,W,LAWRENCE AVE,2024,,,,,,,2,NO INDICATION OF INJURY,0,0,0,0,0,2,0,10,4,3,41.96917806,-87.65637247,POINT (-87.656372468845 41.969178062385)
fe22ecbc9c1c04c427f46c1c1fc2ad760175405aa5e593f37e5cbc6dd22196b46c8424867aa6966e82f4a638410677246ea0a33fc2b81c5a2b4903fe4ac165de,JF161227,,3/2/2022 17:30,30,NO CONTROLS,NO CONTROLS,CLEAR,"DARKNESS, LIGHTED ROAD",SIDESWIPE SAME DIRECTION,NOT DIVIDED,,STRAIGHT AND LEVEL,UNKNOWN,UNKNOWN,NOT ON SCENE (DESK REPORT),NO INJURY / DRIVE AWAY,,,,"$501 - $1,500",3/2/2022 17:45,DRIVING SKILLS/KNOWLEDGE/EXPERIENCE,DRIVING SKILLS/KNOWLEDGE/EXPERIENCE,7600,S,STONY ISLAND AVE,411,,,,,,,2,NO INDICATION OF INJURY,0,0,0,0,0,5,0,17,4,3,41.75689717,-87.58623429,POINT (-87.58623428507 41.756897172602)
ef6fc17989864d75ade8686d5c80ba4b6273f52dc586e20b6b7cf23597fb8f685309453d670f401c5743da2860946c851330b136924346f89576c6b0db2033a7,JF176113,,3/16/2022 16:30,30,TRAFFIC SIGNAL,FUNCTIONING PROPERLY,CLEAR,DAYLIGHT,TURNING,FOUR WAY,,STRAIGHT AND LEVEL,DRY,NO DEFECTS,NOT ON SCENE (DESK REPORT),NO INJURY / DRIVE AWAY,,,,"$501 - $1,500",3/16/2022 17:06,FOLLOWING TOO CLOSELY,IMPROPER OVERTAKING/PASSING,11100,S,MICHIGAN AVE,531,,,,,,,2,NO INDICATION OF INJURY,0,0,0,0,0,3,0,16,4,3,41.69255976,-87.6211937,POINT (-87.621193695398 41.692559762592)
f4253df25a3a84c003d0aa821144228640a48204f974e8badc1b5cd3ad0fba2a3de5bf30f809270067db23fe4ddbd3d49a4e5ba3b47c0946348a6a871f55560a,JF182937,,3/22/2022 16:31,30,NO CONTROLS,NO CONTROLS,CLEAR,DAYLIGHT,PARKED MOTOR VEHICLE,DIVIDED - W/MEDIAN (NOT RAISED),,STRAIGHT AND LEVEL,DRY,NO DEFECTS,ON SCENE,INJURY AND / OR TOW DUE TO CRASH,,,,"OVER $1,500",3/22/2022 16:45,UNABLE TO DETERMINE,UNABLE TO DETERMINE,4551,N,CLARK ST,1913,,,,,,,2,NO INDICATION OF INJURY,0,0,0,0,0,1,0,16,3,3,41.96497026,-87.66652395,POINT (-87.666523951668 41.964970262661)
ee21aa869b5b4fa6dd9df8c8768c3dd74412cac29cd4043891640c84c20112822022e64e5013f4104b14ad580b0e9fb0e18b92d2e279c218777d88ea38ee42d2,JF146036,,2/16/2022 8:08,30,TRAFFIC SIGNAL,NO CONTROLS,CLEAR,DAYLIGHT,REAR END,ONE-WAY,,STRAIGHT AND LEVEL,WET,NO DEFECTS,NOT ON SCENE (DESK REPORT),NO INJURY / DRIVE AWAY,,,Y,"$501 - $1,500",2/16/2022 9:50,FOLLOWING TOO CLOSELY,UNABLE TO DETERMINE,3202,W,28TH ST,1032,,,,,,,2,NO INDICATION OF INJURY,0,0,0,0,0,2,0,8,4,2,41.84098398,-87.70508585,POINT (-87.705085848582 41.840983975931)
efd9a448a82eca897dc7925e3b1d5df9f0838866a3708d6cc18855eee1a83742c178eec50e2362e7ce0efef65c4247f757fcdbe7521d8602f52debdfe84bd663,JF153253,,2/23/2022 7:10,30,NO CONTROLS,NO CONTROLS,CLEAR,DAYLIGHT,SIDESWIPE SAME DIRECTION,NOT DIVIDED,,STRAIGHT AND LEVEL,DRY,NO DEFECTS,ON SCENE,NO INJURY / DRIVE AWAY,,,,"$501 - $1,500",2/23/2022 7:50,IMPROPER OVERTAKING/PASSING,NOT APPLICABLE,5545,W,BELMONT AVE,2514,,,,,,,2,NO INDICATION OF INJURY,0,0,0,0,0,2,0,7,4,2,41.93847197,-87.76588104,POINT (-87.765881041015 41.938471966683)
f467ec20ddf404a892786dc18cf06a83b13c6c00cd1718b57e02175c4daf18b57b0cc50a7ddacbf3babd8d74c7fcef99815b162bed909d2998018ef48ff4f891,JF182273,,3/22/2022 7:05,30,TRAFFIC SIGNAL,FUNCTIONING PROPERLY,RAIN,DAYLIGHT,TURNING,DIVIDED - W/MEDIAN (NOT RAISED),,STRAIGHT AND LEVEL,WET,NO DEFECTS,ON SCENE,INJURY AND / OR TOW DUE TO CRASH,Y,,,"OVER $1,500",3/22/2022 7:15,UNABLE TO DETERMINE,UNABLE TO DETERMINE,6358,W,GUNNISON ST,1622,,,,,,,2,NO INDICATION OF INJURY,0,0,0,0,0,2,0,7,3,3,41.96852041,-87.7879515,POINT (-87.787951500862 41.968520411965)
efb9faf238d6c10ca1bbc2122e061f466c10f9138c020ac8229fc149a74e0ab4e55d19141ef362bca174f44c4c0021932d7cfc32b070946e04197ac5cc0e5399,JF176991,,3/16/2022 15:35,30,TRAFFIC SIGNAL,FUNCTIONING PROPERLY,CLEAR,DAYLIGHT,TURNING,ONE-WAY,,STRAIGHT AND LEVEL,DRY,NO DEFECTS,NOT ON SCENE (DESK REPORT),NO INJURY / DRIVE AWAY,,,,"OVER $1,500",3/17/2022 12:25,IMPROPER LANE USAGE,NOT APPLICABLE,20,E,RANDOLPH ST,111,,,,,,,2,NO INDICATION OF INJURY,0,0,0,0,0,2,0,15,4,3,41.88460286,-87.62718694,POINT (-87.627186940196 41.884602854888)
efcab892542867b9ddbbc95c93ef7d6dd6f03e7810115422021df221d5f499e834f97228b032fcfbd91a03dd4c6b1adbb62fa755d4f60468ecf99859862c6917,JF176058,,3/16/2022 16:06,30,NO CONTROLS,NO CONTROLS,CLEAR,DAYLIGHT,PEDESTRIAN,DIVIDED - W/MEDIAN (NOT RAISED),,STRAIGHT AND LEVEL,DRY,NO DEFECTS,ON SCENE,INJURY AND / OR TOW DUE TO CRASH,,,Y,"OVER $1,500",3/16/2022 16:06,FAILING TO YIELD RIGHT-OF-WAY,UNABLE TO DETERMINE,1450,N,CICERO AVE,2533,Y,N,,,,,2,INCAPACITATING INJURY,1,0,1,0,0,1,0,16,4,3,41.90748816,-87.74620489,POINT (-87.746204886363 41.907488159553)
f04bc944d75387f2f065d3700934f5344006df82d181757610c82b09c8119d5dd46e8023fa6ae90dcca7d0da2ce3614ecaa447b9d79a2bd0a3166392711bad54,JA153652,,2/23/2022 13:20,30,NO CONTROLS,NO CONTROLS,CLEAR,DAYLIGHT,SIDESWIPE SAME DIRECTION,NOT DIVIDED,,STRAIGHT AND LEVEL,DRY,NO DEFECTS,NOT ON SCENE (DESK REPORT),NO INJURY / DRIVE AWAY,,,,$500 OR LESS,2/23/2022 14:18,UNABLE TO DETERMINE,UNABLE TO DETERMINE,2619,W,LAWRENCE AVE,1911,,,,,,,2,NO INDICATION OF INJURY,0,0,0,0,0,2,0,13,4,2,41.96845445,-87.69461992,POINT (-87.694619915099 41.968454448637)
ef56cfd97fe4236046f4253212032ece56ac3060a0fb9a9cd423ac02fee6f12dbf9db0d514d93988b244d0682fcb634b7c8802228c7ffb71a7e3b66c89ee8081,JF146386,Y,2/16/2022 3:30,30,NO CONTROLS,NO CONTROLS,CLEAR,UNKNOWN,PARKED MOTOR VEHICLE,DIVIDED - W/MEDIAN (NOT RAISED),,STRAIGHT AND LEVEL,DRY,NO DEFECTS,NOT ON SCENE (DESK REPORT),NO INJURY / DRIVE AWAY,,,Y,"$501 - $1,500",2/16/2022 14:15,UNABLE TO DETERMINE,UNABLE TO DETERMINE,8411,S,SEELEY AVE,614,,,,,,,2,NO INDICATION OF INJURY,0,0,0,0,0,1,0,3,4,2,41.74073405,-87.67397919,POINT (-87.673979190487 41.740734049467)
f10d0d4fe22dfc6ba24fce2b9daabe9488bafdddd15a0d7a503578df30d5b5d8f8b8d8292088938106e254700bac16fdb5ee4d80dbbae1736d09199d6ac312aa,JF176286,Y,3/16/2022 18:35,30,NO CONTROLS,NO CONTROLS,CLEAR,DUSK,REAR END,ONE-WAY,,STRAIGHT AND LEVEL,DRY,NO DEFECTS,ON SCENE,INJURY AND / OR TOW DUE TO CRASH,,,,"OVER $1,500",3/16/2022 18:36,"OPERATING VEHICLE IN ERRATIC, RECKLESS, CARELESS, NEGLIGENT OR AGGRESSIVE MANNER",FOLLOWING TOO CLOSELY,4446,W,MONROE ST,1113,,,,,,,4,"REPORTED, NOT EVIDENT",1,0,0,0,1,1,0,18,4,3,41.87973245,-87.7373175,POINT (-87.737317501946 41.879732450114)
ffcf1e80377d781a6e8d4e21820aff2e3bdbe0d6f064c0edff0821d1f40d3970c599d26bce439aedf9a43b70be639bbde4a12f1420194577fa8e5a74f03e1f4e,JF161413,,3/2/2022 21:26,30,NO CONTROLS,NO CONTROLS,CLEAR,"DARKNESS, LIGHTED ROAD",PARKED MOTOR VEHICLE,T-INTERSECTION,,STRAIGHT AND LEVEL,DRY,NO DEFECTS,ON SCENE,NO INJURY / DRIVE AWAY,,,Y,$500 OR LESS,3/2/2022 21:46,UNABLE TO DETERMINE,NOT APPLICABLE,5504,N,KEDZIE AVE,1712,,,,,,,2,NO INDICATION OF INJURY,0,0,0,0,0,1,0,21,4,3,41.9814602,-87.70896886,POINT (-87.708968855682 41.981460197134)
f5697bcdb25d8ad13de1ee23f4beaf934faa626efc7c570f7a75e3368960163334e7aa10f6932e7c59451baec0d1bc66822a56748dbf823bd3404ad54c657a4b,JF182591,,3/22/2022 12:30,30,NO CONTROLS,NO CONTROLS,CLOUDY/OVERCAST,DAYLIGHT,SIDESWIPE SAME DIRECTION,NOT DIVIDED,,STRAIGHT AND LEVEL,WET,NO DEFECTS,ON SCENE,INJURY AND / OR TOW DUE TO CRASH,,,Y,"OVER $1,500",3/22/2022 12:35,NOT APPLICABLE,NOT APPLICABLE,3140,W,DEVON AVE,2412,,,,,,,2,NO INDICATION OF INJURY,0,0,0,0,0,2,0,12,3,3,41.99751263,-87.70855192,POINT (-87.708551916367 41.997512634432)
f57bc9c5614aeee583b7cce44a62667e8a8b2e0d5b1fc668923599dad019a119ce597a756c7fb00c0cbfcc36f7548d84468d55df56b26662abb355013b802fcc,JF184260,,3/22/2022 21:15,35,TRAFFIC SIGNAL,FUNCTIONING PROPERLY,CLEAR,"DARKNESS, LIGHTED ROAD",REAR END,DIVIDED - W/MEDIAN (NOT RAISED),,STRAIGHT AND LEVEL,DRY,NO DEFECTS,NOT ON SCENE (DESK REPORT),NO INJURY / DRIVE AWAY,Y,,Y,"OVER $1,500",3/23/2022 19:00,FOLLOWING TOO CLOSELY,FOLLOWING TOO CLOSELY,13000,S,TORRENCE AVE,434,,,,,,,2,NO INDICATION OF INJURY,0,0,0,0,0,2,0,21,3,3,41.65912619,-87.55943274,POINT (-87.559432741943 41.659126189932)
f1a1e152b995d8d2f380cf70d671de64050d660c9560151b4b99693dce1dfb9817266542579553a8fa5ce9bd022ecbb5c015ad5e4c0eaef1c1e211ab33d7434f,JF176194,,3/16/2022 16:54,30,TRAFFIC SIGNAL,FUNCTIONING PROPERLY,CLEAR,DAYLIGHT,TURNING,ONE-WAY,,STRAIGHT AND LEVEL,DRY,NO DEFECTS,ON SCENE,INJURY AND / OR TOW DUE TO CRASH,Y,,Y,"OVER $1,500",3/16/2022 17:31,IMPROPER LANE USAGE,FAILING TO YIELD RIGHT-OF-WAY,4300,S,WENTWORTH AVE,925,,,,,,,2,NO INDICATION OF INJURY,0,0,0,0,0,2,0,16,4,3,41.81639453,-87.63134009,POINT (-87.631340089793 41.816394533729)
f1d79188f059f97c5e7c3333c849c21f82173ec7ac9a8581e348c52123ef37fe2151305f98067ebb38386b0283dcbf7f1fed35cca81dce213e3ce8c26de73080,JF176121,,3/16/2022 16:15,35,NO CONTROLS,NO CONTROLS,CLEAR,DAYLIGHT,TURNING,NOT DIVIDED,,STRAIGHT AND LEVEL,DRY,NO DEFECTS,ON SCENE,NO INJURY / DRIVE AWAY,Y,,,"$501 - $1,500",3/16/2022 16:26,UNABLE TO DETERMINE,UNABLE TO DETERMINE,4128,N,CICERO AVE,1624,,,,,,,2,NO INDICATION OF INJURY,0,0,0,0,0,2,0,16,4,3,41.95611939,-87.74753051,POINT (-87.747530508087 41.956119393578)
f176a293c4d37c160ac906ba6259f4d744f98f96aac347a07a1a95bc8eb59531c728333b1685932ffc2bc821bbf124f51b4b01dc2dacdc3accdeaab718d65814,JF154166,,2/23/2022 22:45,30,NO CONTROLS,NO CONTROLS,CLEAR,"DARKNESS, LIGHTED ROAD",TURNING,DIVIDED - W/MEDIAN (NOT RAISED),,STRAIGHT AND LEVEL,DRY,NO DEFECTS,ON SCENE,NO INJURY / DRIVE AWAY,,,Y,$500 OR LESS,2/23/2022 23:15,UNABLE TO DETERMINE,NOT APPLICABLE,6031,W,GRAND AVE,2512,,,,,,,2,NO INDICATION OF INJURY,0,0,0,0,0,2,0,22,4,2,41.92070169,-87.77699509,POINT (-87.776995085503 41.920701691782)
f1b96735e147eb5537f043bcbcce9fa97be308c360e068b2e0a6bc33a826762c9c69f96fb1034960073541e9ffdc86f9bb0570715ce412b0d4cb17dc143e5429,JF153887,,2/23/2022 17:10,30,NO CONTROLS,NO CONTROLS,CLEAR,DUSK,SIDESWIPE SAME DIRECTION,NOT DIVIDED,,STRAIGHT ON GRADE,DRY,NO DEFECTS,ON SCENE,NO INJURY / DRIVE AWAY,,,,"OVER $1,500",2/23/2022 17:15,UNABLE TO DETERMINE,UNABLE TO DETERMINE,745,W,111TH ST,2233,,,,,,,2,NO INDICATION OF INJURY,0,0,0,0,0,2,0,17,4,2,41.69225187,-87.6417284,POINT (-87.641728395241 41.692251866044)