CRASH_RECORD_ID,RD_NO,CRASH_DATE_EST_I,CRASH_DATE,POSTED_SPEED_LIMIT,TRAFFIC_CONTROL_DEVICE,DEVICE_CONDITION,WEATHER_CONDITION,LIGHTING_CONDITION,FIRST_CRASH_TYPE,TRAFFICWAY_TYPE,LANE_CNT,ALIGNMENT,ROADWAY_SURFACE_COND,ROAD_DEFECT,REPORT_TYPE,CRASH_TYPE,INTERSECTION_RELATED_I,NOT_RIGHT_OF_WAY_I,HIT_AND_RUN_I,DAMAGE,DATE_POLICE_NOTIFIED,PRIM_CONTRIBUTORY_CAUSE,SEC_CONTRIBUTORY_CAUSE,STREET_NO,STREET_DIRECTION,STREET_NAME,BEAT_OF_OCCURRENCE,PHOTOS_TAKEN_I,STATEMENTS_TAKEN_I,DOORING_I,WORK_ZONE_I,WORK_ZONE_TYPE,WORKERS_PRESENT_I,NUM_UNITS,MOST_SEVERE_INJURY,INJURIES_TOTAL,INJURIES_FATAL,INJURIES_INCAPACITATING,INJURIES_NON_INCAPACITATING,INJURIES_REPORTED_NOT_EVIDENT,INJURIES_NO_INDICATION,INJURIES_UNKNOWN,CRASH_HOUR,CRASH_DAY_OF_WEEK,CRASH_MONTH,LATITUDE,LONGITUDE,LOCATION
f837469faf7c3d99303ba9183b4d5f86a48c94dee7f44726242759bcb272c1f09925d1dcebd401cbd2e9f35f96a21ea3aa144dbe09c44b17ba10dbedfc5e607d,JF182834,,3/22/2022 14:59,30,NO CONTROLS,NO CONTROLS,CLEAR,DAYLIGHT,REAR END,NOT DIVIDED,,STRAIGHT AND LEVEL,DRY,NO DEFECTS,NOT ON SCENE (DESK REPORT),NO INJURY / DRIVE AWAY,,,,"OVER $1,500",3/22/2022 16:09,DRIVING SKILLS/KNOWLEDGE/EXPERIENCE,NOT APPLICABLE,8059,S,STONY ISLAND AVE,411,,,,,,,2,NO INDICATION OF INJURY,0,0,0,0,0,2,0,14,3,3,41.74812001,-87.5853093,POINT (-87.585309303259 41.748120008663)
f8420625c6231fa4a79e7381fcd9e56d4b7cacff92423e9742eb6cf2eb53eb46ca21b407087de7cebf986e56bc23b826ab1c6f56d321965f82c77e467de39a4d,JF193758,,3/22/2022 9:45,30,NO CONTROLS,NO CONTROLS,RAIN,DAYLIGHT,PARKED MOTOR VEHICLE,ONE-WAY,,STRAIGHT AND LEVEL,WET,NO DEFECTS,NOT ON SCENE (DESK REPORT),NO INJURY / DRIVE AWAY,,,,$500 OR LESS,3/23/2022 12:35,IMPROPER BACKING,NOT APPLICABLE,5,E,RANDOLPH ST,111,,,,,,,2,NO INDICATION OF INJURY,0,0,0,0,0,1,0,9,3,3,41.88438213,-87.62768411,POINT (-87.627684107794 41.884382131071)
f85249a8cab2c5cb1fe44db3bea7793cb308442feed60aa930e65dc7f5f39139d76e43c95c8a8f700f5a014bcf04f2b83c450e3097d2e54597b2d3ee1087dd5d,JF182661,,3/22/2022 11:00,30,NO CONTROLS,NO CONTROLS,RAIN,DAYLIGHT,REAR END,PARKING LOT,,STRAIGHT AND LEVEL,DRY,UNKNOWN,NOT ON SCENE (DESK REPORT),NO INJURY / DRIVE AWAY,,Y,Y,"$501 - $1,500",3/22/2022 13:00,IMPROPER BACKING,IMPROPER BACKING,6700,S,JEFFERY BLVD,332,,,,,,,2,NO INDICATION OF INJURY,0,0,0,0,0,2,0,11,3,3,41.77336841,-87.57663855,POINT (-87.576638552177 41.773368408547)
f864bf99719cef6346effc74d5eb1eea7734642069284e1a098aaca1b8ec5cdeef698863c5238b22df4e5f10174c6c61e79155c7f43c6235ff0e87e5ca53c713,JF182971,,3/22/2022 17:00,30,STOP SIGN/FLASHER,FUNCTIONING PROPERLY,CLEAR,DAYLIGHT,TURNING,DIVIDED - W/MEDIAN (NOT RAISED),,STRAIGHT AND LEVEL,DRY,NO DEFECTS,ON SCENE,NO INJURY / DRIVE AWAY,,,Y,"$501 - $1,500",3/22/2022 17:07,"OPERATING VEHICLE IN ERRATIC, RECKLESS, CARELESS, NEGLIGENT OR AGGRESSIVE MANNER",NOT APPLICABLE,4700,S,LAWNDALE AVE,821,,,,,,,2,NO INDICATION OF INJURY,0,0,0,0,0,2,0,17,3,3,41.80790245,-87.71637597,POINT (-87.716375968062 41.807902449705)
f7c41119608d28aea254acdf7dfa7fe72ae820c50b9c294c0effe9025e4fb2da85465a0d7f01be9248b1d38155bea74603a8494eb62251c6c0463b9f55f91850,JE189414,,4/4/2021 14:00,35,NO CONTROLS,NO CONTROLS,CLEAR,DAYLIGHT,PARKED MOTOR VEHICLE,ONE-WAY,,STRAIGHT AND LEVEL,DRY,NO DEFECTS,,INJURY AND / OR TOW DUE TO CRASH,,,,"OVER $1,500",4/4/2021 14:05,PHYSICAL CONDITION OF DRIVER,NOT APPLICABLE,11558,S,LA SALLE ST,522,,,,,,,2,NONINCAPACITATING INJURY,1,0,0,1,0,0,0,14,1,4,41.68359299,-87.62660943,POINT (-87.6266094254 41.683592991004)
f9c885b58583bc75a44618c4242e943a55a1ba70d914ddfc00db0c7de8f51f78d9c414d2772cedf622e9485ebc3d4151f0920dc59af398598b82bc2986b3a479,JF182938,,3/22/2022 16:00,30,NO CONTROLS,NO CONTROLS,CLEAR,DAYLIGHT,SIDESWIPE SAME DIRECTION,DIVIDED - W/MEDIAN (NOT RAISED),,STRAIGHT AND LEVEL,DRY,NO DEFECTS,NOT ON SCENE (DESK REPORT),NO INJURY / DRIVE AWAY,,,,"OVER $1,500",3/22/2022 17:00,FAILING TO YIELD RIGHT-OF-WAY,UNABLE TO DETERMINE,3030,W,MONTROSE AVE,1724,,,,,,,2,NO INDICATION OF INJURY,0,0,0,0,0,3,0,16,3,3,41.96132183,-87.70464704,POINT (-87.704647035257 41.961321831309)
f498d7642447bcdf2ceaea229f7b24a3fc3bdf4962698a5a5c11a875b7d93e62d0aa040fe005b93b95d11d93cd45d04e7a0227bdeb8acf6dba08e4ca639f01ed,JF176027,,3/16/2022 15:45,35,STOP SIGN/FLASHER,FUNCTIONING PROPERLY,CLEAR,DAYLIGHT,SIDESWIPE SAME DIRECTION,NOT DIVIDED,,STRAIGHT AND LEVEL,DRY,NO DEFECTS,ON SCENE,NO INJURY / DRIVE AWAY,,,Y,$500 OR LESS,3/16/2022 15:45,IMPROPER OVERTAKING/PASSING,DRIVING SKILLS/KNOWLEDGE/EXPERIENCE,9800,S,EWING AVE,432,,,,,,,2,NO INDICATION OF INJURY,0,0,0,0,0,3,0,15,4,3,41.71765108,-87.53542786,POINT (-87.535427860344 41.717651077265)
f51a79e09c07201046c1093bf62fc3567ace1a2286effc4a034e336b015db55162a7030d53b4a0169d165c460837aeaece2330903e0fa8efd3788b77ec20be8a,JF175487,,3/16/2022 8:00,30,NO CONTROLS,NO CONTROLS,CLEAR,UNKNOWN,PARKED MOTOR VEHICLE,ONE-WAY,,STRAIGHT AND LEVEL,UNKNOWN,UNKNOWN,NOT ON SCENE (DESK REPORT),NO INJURY / DRIVE AWAY,,,Y,"OVER $1,500",3/16/2022 8:30,IMPROPER BACKING,IMPROPER BACKING,6659,S,WABASH AVE,322,,,,,,,2,NO INDICATION OF INJURY,0,0,0,0,0,1,0,8,4,3,41.77319844,-87.62378894,POINT (-87.623788940059 41.773198442104)
f51d4a1a46e077fa0a400bf507b1ae530d64333ca1ba47272705074fb0daf0a0d73b2434c4f33cb9a6ed45c9ddd32d8280310eac66f22e150985d861b500c8f1,JF175682,,3/16/2022 10:27,30,NO CONTROLS,NO CONTROLS,CLEAR,DAYLIGHT,SIDESWIPE OPPOSITE DIRECTION,NOT DIVIDED,,STRAIGHT AND LEVEL,DRY,UNKNOWN,ON SCENE,NO INJURY / DRIVE AWAY,,,,"$501 - $1,500",3/16/2022 10:27,UNABLE TO DETERMINE,UNABLE TO DETERMINE,5155,W,LAKE ST,1532,,,,,,,2,NO INDICATION OF INJURY,0,0,0,0,0,2,0,10,4,3,41.88707333,-87.75507677,POINT (-87.755076772381 41.887073327179)
f2995a431382858cb6772244e7e7c6242b124c22bcbc3d06c0790f0102d1e6c0cf8cb09805d3bfa251809c7d4d913dbd43d1b7313eccafa2793260240e787231,JE146672,,2/16/2022 16:00,30,TRAFFIC SIGNAL,FUNCTIONING PROPERLY,CLEAR,DAYLIGHT,PEDESTRIAN,NOT DIVIDED,,STRAIGHT AND LEVEL,DRY,NO DEFECTS,ON SCENE,INJURY AND / OR TOW DUE TO CRASH,Y,,Y,$500 OR LESS,2/16/2022 17:30,FAILING TO YIELD RIGHT-OF-WAY,UNABLE TO DETERMINE,5900,S,PULASKI RD,813,,,,,,,2,"REPORTED, NOT EVIDENT",1,0,0,0,1,1,0,16,4,2,41.78588849,-87.72310659,POINT (-87.72310659145 41.785888494434)
f37d442cbbf324b336d592a41c1f0f49aae78a2862918ab3f65cf8693a5d2a3a45b58112e2eeb28e53bde5ca08f6a5bfe94ba8054ba047f1743792c352537119,JF154087,,2/23/2022 20:40,30,TRAFFIC SIGNAL,FUNCTIONING PROPERLY,CLEAR,"DARKNESS, LIGHTED ROAD",PARKED MOTOR VEHICLE,NOT DIVIDED,,STRAIGHT AND LEVEL,DRY,NO DEFECTS,ON SCENE,NO INJURY / DRIVE AWAY,,,Y,"OVER $1,500",2/23/2022 20:45,IMPROPER OVERTAKING/PASSING,UNABLE TO DETERMINE,1101,W,BRYN MAWR AVE,2023,,,,,,,2,NO INDICATION OF INJURY,0,0,0,0,0,1,0,20,4,2,41.983547,-87.65810609,POINT (-87.658106088246 41.983546994513)
f2ba37301106bca45861045e9d4b76d92de62bb308bbb3ed6fa5e169149b69de04b78c7570b43e525e62c505af75167b313fc30b3cc0f7bf0953c5c46c614a02,JF146600,,2/16/2022 16:00,30,UNKNOWN,UNKNOWN,UNKNOWN,UNKNOWN,SIDESWIPE OPPOSITE DIRECTION,UNKNOWN,,STRAIGHT AND LEVEL,UNKNOWN,UNKNOWN,,NO INJURY / DRIVE AWAY,,,,"OVER $1,500",2/16/2022 17:33,UNABLE TO DETERMINE,UNABLE TO DETERMINE,8400,S,PULASKI RD,834,,,,,,,2,NO INDICATION OF INJURY,0,0,0,0,0,2,0,16,4,2,41.74029939,-87.72176392,POINT (-87.721763924152 41.740299384869)
f5e1057aed4993ae6cbdf58d60d19869f56632ba1bf67d76ef3eb6d178021e1290d967160ddd5065f5a8fe28d2b01970cc5e02170ce3c6718331ff8d7b826ea5,JF175693,Y,3/16/2022 9:30,30,TRAFFIC SIGNAL,FUNCTIONING PROPERLY,CLEAR,DAYLIGHT,TURNING,FOUR WAY,,STRAIGHT AND LEVEL,DRY,NO DEFECTS,ON SCENE,NO INJURY / DRIVE AWAY,Y,,Y,$500 OR LESS,3/16/2022 11:02,FAILING TO YIELD RIGHT-OF-WAY,UNABLE TO DETERMINE,3200,W,GRAND AVE,1121,,,,,,,2,NO INDICATION OF INJURY,0,0,0,0,0,3,0,9,4,3,41.89842312,-87.70661641,POINT (-87.706616405026 41.898423122275)
f3e1b4ce30c64b499b8d01b6c2b39d93694aad461c7a8bb4ece3a0c48acb2100281915b8a8820158910c507160eb05d4a79a405ca445c223c6d7fcaf2a1a77ea,JF156966,,2/23/2022 14:40,30,NO CONTROLS,NO CONTROLS,CLEAR,DAYLIGHT,SIDESWIPE SAME DIRECTION,NOT DIVIDED,,STRAIGHT AND LEVEL,DRY,NO DEFECTS,NOT ON SCENE (DESK REPORT),NO INJURY / DRIVE AWAY,,,,"$501 - $1,500",2/26/2022 17:22,FAILING TO YIELD RIGHT-OF-WAY,FAILING TO REDUCE SPEED TO AVOID CRASH,2730,N,CICERO AVE,2521,,,,,,,2,NO INDICATION OF INJURY,0,0,0,0,0,3,0,14,4,2,41.93057165,-87.74670177,POINT (-87.746701772699 41.930571644943)
f653c38c9b315fdf4db8e3b1df47cb51b5893b881a9851ccc1165fce8826d94312cdb844fc4c92b7bf7ee096c96407674f6f1ca936213d0739bd1e198d81d232,JF175673,,3/16/2022 10:48,30,NO CONTROLS,NO CONTROLS,CLEAR,DAYLIGHT,HEAD ON,NOT DIVIDED,,STRAIGHT AND LEVEL,DRY,NO DEFECTS,ON SCENE,INJURY AND / OR TOW DUE TO CRASH,,,,"OVER $1,500",3/16/2022 10:48,PHYSICAL CONDITION OF DRIVER,NOT APPLICABLE,6720,W,ARCHER AVE,811,,,,,,,2,INCAPACITATING INJURY,2,0,2,0,0,0,0,10,4,3,41.7922934,-87.79011271,POINT (-87.790112708861 41.7922933994)
f70d4e8602d8de770648c7d8f27309c2f9aa5bfa8a330711726604476980462d9c9ca2aacb0d41477e20cf503d22f23cd4decdacd91326b154a1de083de0135c,JF176248,,3/16/2022 18:09,30,STOP SIGN/FLASHER,FUNCTIONING PROPERLY,CLEAR,DAYLIGHT,ANGLE,FOUR WAY,,STRAIGHT AND LEVEL,DRY,NO DEFECTS,ON SCENE,NO INJURY / DRIVE AWAY,,,,"OVER $1,500",3/16/2022 18:10,UNABLE TO DETERMINE,UNABLE TO DETERMINE,7201,S,DR MARTIN LUTHER KING JR DR,323,,,,,,,2,NO INDICATION OF INJURY,0,0,0,0,0,4,0,18,4,3,41.76379467,-87.61510042,POINT (-87.615100416673 41.763794671493)
fae60dea703b7ef799ef4452d34ba30b0519212e3a10eb0cf7c55e6d3b769037083a720aeb141b7a046cf885f418b933783cffe69fd9ea3f232ca46f99fba40c,JE376976,,9/17/2021 11:31,30,TRAFFIC SIGNAL,FUNCTIONING PROPERLY,CLEAR,DAYLIGHT,TURNING,NOT DIVIDED,,STRAIGHT AND LEVEL,DRY,NO DEFECTS,,NO INJURY / DRIVE AWAY,Y,,,$500 OR LESS,9/17/2021 11:33,UNABLE TO DETERMINE,UNABLE TO DETERMINE,5673,N,RIDGE AVE,2013,,,,,,,2,NO INDICATION OF INJURY,0,0,0,0,0,3,0,11,6,9,41.98514163,-87.66231374,POINT (-87.662313743497 41.985141632309)
f4384dc9be4a18245709fe52dd5907a4fb71cb4d946cee3fbdb9284c3cef9c448ce2f3ae51959f5a34625b90a81673d0207338c0ce53fb0e663f153e9f093df2,JF146482,,2/16/2022 15:30,30,NO CONTROLS,NO CONTROLS,CLEAR,DAYLIGHT,REAR END,NOT DIVIDED,,STRAIGHT AND LEVEL,WET,UNKNOWN,NOT ON SCENE (DESK REPORT),NO INJURY / DRIVE AWAY,,,Y,"$501 - $1,500",2/16/2022 15:50,FOLLOWING TOO CLOSELY,UNABLE TO DETERMINE,9250,S,JEFFERY AVE,413,,,,,,,2,NO INDICATION OF INJURY,0,0,0,0,0,2,0,15,4,2,41.72643098,-87.57560054,POINT (-87.575600534745 41.726430982914)
f87752f724b87d7d53c1177f2e63368709bf958121e709bdf51587d1f8f450f1386c636f8880f5dd172f716ab9826124483dbdbbf60bb00ac11ef6cae1c26698,JF175436,,3/16/2022 6:53,25,STOP SIGN/FLASHER,OTHER,CLEAR,DAYLIGHT,TURNING,NOT DIVIDED,,STRAIGHT AND LEVEL,DRY,NO DEFECTS,ON SCENE,INJURY AND / OR TOW DUE TO CRASH,Y,,Y,"OVER $1,500",3/16/2022 7:08,FAILING TO YIELD RIGHT-OF-WAY,DRIVING SKILLS/KNOWLEDGE/EXPERIENCE,400,S,LEAMINGTON AVE,1533,,,,,,,2,NO INDICATION OF INJURY,0,0,0,0,0,2,0,6,4,3,41.87482038,-87.7534939,POINT (-87.753493904341 41.874820380312)
f9a88d27903cc711b3fbc8c943a873e0bfc228b19e516e3b46b9367e990fc0bd45732c675c259696e06375c5614129da2315dceda0db40873f3711180b24d707,JF176380,,3/16/2022 20:23,30,TRAFFIC SIGNAL,FUNCTIONING PROPERLY,CLEAR,"DARKNESS, LIGHTED ROAD",ANGLE,NOT DIVIDED,,STRAIGHT AND LEVEL,DRY,UNKNOWN,ON SCENE,INJURY AND / OR TOW DUE TO CRASH,Y,,,"OVER $1,500",3/16/2022 20:24,DISREGARDING OTHER TRAFFIC SIGNS,NOT APPLICABLE,10000,S,DR MARTIN LUTHER KING JR DR,511,,,,,,,3,NONINCAPACITATING INJURY,2,0,0,2,0,4,0,20,4,3,41.71242201,-87.61406725,POINT (-87.614067252063 41.712422005001)
fa165cb427c37083de8b6e21204b85e3d066f4895f18ec826f079a083bac80617a0f1afbd70bd9e3683303b3de23820fd87e52d74f2773b428ffb312ced9477a,JF175712,,3/16/2022 10:25,30,NO CONTROLS,NO CONTROLS,CLEAR,DAYLIGHT,REAR END,NOT DIVIDED,,STRAIGHT AND LEVEL,DRY,NO DEFECTS,NOT ON SCENE (DESK REPORT),NO INJURY / DRIVE AWAY,,,,"OVER $1,500",3/16/2022 11:30,UNABLE TO DETERMINE,NOT APPLICABLE,4856,W,DEMING PL,2521,,,,,,,2,NO INDICATION OF INJURY,0,0,0,0,0,2,0,10,4,3,41.92708465,-87.748684,POINT (-87.748684000617 41.9270846466)
f616201eaf95898ae5757c310e38124b495d976480bbf9268f98686c02c7c0dc9050741fdfa734d0d07ee3de290c705e66ad4a448e5184177bd9d0a4f5d43075,JF153783,,2/23/2022 6:40,30,NO CONTROLS,NO CONTROLS,CLEAR,DAYLIGHT,OTHER OBJECT,NOT DIVIDED,,STRAIGHT AND LEVEL,DRY,NO DEFECTS,NOT ON SCENE (DESK REPORT),NO INJURY / DRIVE AWAY,,,,"$501 - $1,500",2/23/2022 16:05,UNABLE TO DETERMINE,NOT APPLICABLE,4200,W,IRVING PARK RD,1722,,,,,,,1,NO INDICATION OF INJURY,0,0,0,0,0,1,0,6,4,2,41.95370551,-87.73255098,POINT (-87.732550981181 41.953705509686)
f647f02e3fcaaea62863b10ef615373fe0faeb7774b846c87e36f3aeefbea9c32c24c5040849a8e474a342a35423eaac23272c6a8bdd9f1c55b5884ef76c83f1,JF153945,,2/23/2022 8:30,15,NO CONTROLS,NO CONTROLS,CLEAR,DAYLIGHT,SIDESWIPE SAME DIRECTION,OTHER,,STRAIGHT AND LEVEL,DRY,NO DEFECTS,NOT ON SCENE (DESK REPORT),NO INJURY / DRIVE AWAY,,Y,Y,"OVER $1,500",2/23/2022 18:00,UNABLE TO DETERMINE,NOT APPLICABLE,5153,W,CHICAGO AVE,1531,,,,,,,2,NO INDICATION OF INJURY,0,0,0,0,0,2,0,8,4,2,41.89483366,-87.75530107,POINT (-87.755301064659 41.894833661618)
fa29423dd788ad9775c8cdfb6811db6e9385f7f4463d81f63b6028356959a5af2743e5efb56856484f3bb46a7d50e89b427b90d604705115809b57e35fe7d812,JF175670,,3/16/2022 9:00,30,TRAFFIC SIGNAL,FUNCTIONING PROPERLY,CLEAR,DAYLIGHT,SIDESWIPE SAME DIRECTION,NOT DIVIDED,,STRAIGHT AND LEVEL,DRY,NO DEFECTS,NOT ON SCENE (DESK REPORT),NO INJURY / DRIVE AWAY,,,Y,"OVER $1,500",3/16/2022 11:08,IMPROPER TURNING/NO SIGNAL,IMPROPER LANE USAGE,5509,N,HARLEM AVE,1613,,,,,,,2,NO INDICATION OF INJURY,0,0,0,0,0,2,0,9,4,3,41.98139132,-87.80679539,POINT (-87.806795390421 41.981391320426)
fa2e8f35cf2fab381d13ea7b252640ba8acf67ec9f1549cc623e688a07095db2d644292eec629f818aa150d7fd1f98eec3dd1d131d477df52ce64c5927e96c02,JF176462,,3/16/2022 22:20,30,NO CONTROLS,NO CONTROLS,CLEAR,"DARKNESS, LIGHTED ROAD",PEDESTRIAN,ONE-WAY,,STRAIGHT AND LEVEL,DRY,NO DEFECTS,ON SCENE,INJURY AND / OR TOW DUE TO CRASH,,,Y,$500 OR LESS,3/16/2022 22:30,"OPERATING VEHICLE IN ERRATIC, RECKLESS, CARELESS, NEGLIGENT OR AGGRESSIVE MANNER",NOT APPLICABLE,1428,S,KEELER AVE,1011,Y,,,,,,2,NONINCAPACITATING INJURY,1,0,0,1,0,1,0,22,4,3,41.86156473,-87.7300726,POINT (-87.730072597812 41.861564728159)
f979e64f86bad7d841a35c0c6af460cee0edf14e9119956d15a842757157589cff736ef1494d98f18b802543b22a7625cf95ee493bd18adcef27f8e1bd4a1a2e,JE230096,,5/14/2021 15:23,15,NO CONTROLS,NO CONTROLS,CLEAR,DAYLIGHT,REAR TO REAR,PARKING LOT,,STRAIGHT AND LEVEL,DRY,NO DEFECTS,,NO INJURY / DRIVE AWAY,,Y,,"$501 - $1,500",5/14/2021 16:40,FAILING TO REDUCE SPEED TO AVOID CRASH,NOT APPLICABLE,2555,N,NORMANDY AVE,2512,,,,,,,2,NO INDICATION OF INJURY,0,0,0,0,0,4,0,15,6,5,41.92692481,-87.79275105,POINT (-87.792751048065 41.926924805601)
f595ad95f4e9f42856830c105f936737fe68e6f1074dc5c9b788b3a0f0af52707cf80162e8dfce56918c81036080c77831d3ae58fd8327029cc98187672c8b38,JF149529,,2/16/2022 14:00,30,NO CONTROLS,NO CONTROLS,UNKNOWN,UNKNOWN,REAR END,NOT DIVIDED,,STRAIGHT AND LEVEL,UNKNOWN,UNKNOWN,NOT ON SCENE (DESK REPORT),NO INJURY / DRIVE AWAY,,,,"OVER $1,500",2/19/2022 13:50,UNABLE TO DETERMINE,NOT APPLICABLE,2113,W,NORTH AVE,1424,,,,,,,2,NO INDICATION OF INJURY,0,0,0,0,0,3,0,14,4,2,41.91031869,-87.68053968,POINT (-87.680539681789 41.910318684679)
c4fcc4fdfa2b0a9bd744bb9cab0fcef18e02f3b9d7ce9a0b11c0b5d4841b281e62bf1ddb7123b5b014b7e57bd1f7e909af9c1f4bbb87d6ba1b2ccc0a1170a4b6,JF152949,,2/22/2022 19:00,30,STOP SIGN/FLASHER,FUNCTIONING PROPERLY,RAIN,DARKNESS,ANGLE,FOUR WAY,,STRAIGHT AND LEVEL,WET,NO DEFECTS,NOT ON SCENE (DESK REPORT),NO INJURY / DRIVE AWAY,,,,"OVER $1,500",2/22/2022 19:30,FAILING TO YIELD RIGHT-OF-WAY,UNABLE TO DETERMINE,11056,S,AVENUE O,433,,,,,,,2,NO INDICATION OF INJURY,0,0,0,0,0,2,0,19,3,2,41.69382438,-87.54025679,POINT (-87.540256788049 41.693824378953)
c54545c7940f479ff9128bd148470802dea0cd2c848d0ab56bff970ee32e58c8894a2228917f4bd3c91030c5d5fe641988fecdc771deb97bfd16bdeab24283d3,JF154128,,2/22/2022 19:30,30,UNKNOWN,UNKNOWN,SNOW,UNKNOWN,PARKED MOTOR VEHICLE,UNKNOWN,,STRAIGHT AND LEVEL,UNKNOWN,UNKNOWN,NOT ON SCENE (DESK REPORT),NO INJURY / DRIVE AWAY,,,Y,"OVER $1,500",2/23/2022 22:01,UNABLE TO DETERMINE,NOT APPLICABLE,2946,N,PINE GROVE AVE,1934,,,,,,,2,NO INDICATION OF INJURY,0,0,0,0,0,1,0,19,3,2,41.93566425,-87.64197442,POINT (-87.641974421954 41.935664248624)
fe0b47e6a9cce251279f7bc929767635be11ba8f873c135e8bc58b22d850cea831915e545966596b3362597e4dcf9817a4d37dc4885502cfbe1012e75ea1becf,JF182446,,3/22/2022 10:20,30,TRAFFIC SIGNAL,FUNCTIONING PROPERLY,RAIN,DAYLIGHT,TURNING,NOT DIVIDED,,STRAIGHT ON GRADE,WET,NO DEFECTS,NOT ON SCENE (DESK REPORT),NO INJURY / DRIVE AWAY,Y,,,"OVER $1,500",3/22/2022 10:30,UNABLE TO DETERMINE,NOT APPLICABLE,840,W,BELMONT AVE,1924,,,,,,,2,NO INDICATION OF INJURY,0,0,0,0,0,2,0,10,3,3,41.94006927,-87.65081787,POINT (-87.650817866104 41.940069265133)
f6bc986fce826b8068b64fd9ab993abc6fc804cd702c0d216577f4c1098fcb39dcd9c7a20c82cf5a55d72f200ca80067d70edb8f03edd6eb14ebf91703ec18b6,JF146674,,2/16/2022 18:13,30,NO CONTROLS,NO CONTROLS,RAIN,DARKNESS,REAR END,DIVIDED - W/MEDIAN (NOT RAISED),,STRAIGHT AND LEVEL,WET,NO DEFECTS,ON SCENE,NO INJURY / DRIVE AWAY,,,,"OVER $1,500",2/16/2022 18:20,UNABLE TO DETERMINE,NOT APPLICABLE,4251,N,KIMBALL AVE,1724,,,,,,,2,NO INDICATION OF INJURY,0,0,0,0,0,2,0,18,4,2,41.95904281,-87.71292903,POINT (-87.712929026486 41.959042809158)
fba552faac02522ac5e4c56d6869fc9b5f5f7e3981f06b51d569cd4ed056305cbac07c1473b9aa1f894a7efb3c64214ffb9c4f0b1e3525257ee7c2556546acae,JF175535,,3/16/2022 9:00,30,NO CONTROLS,NO CONTROLS,CLEAR,DAYLIGHT,FIXED OBJECT,RAMP,,STRAIGHT ON GRADE,DRY,NO DEFECTS,ON SCENE,INJURY AND / OR TOW DUE TO CRASH,,,,"OVER $1,500",3/16/2022 9:00,DRIVING SKILLS/KNOWLEDGE/EXPERIENCE,NOT APPLICABLE,2399,N,LAKE SHORE DR SB,1814,,,,,,,1,NO INDICATION OF INJURY,0,0,0,0,0,1,0,9,4,3,41.92608753,-87.63099255,POINT (-87.630992552046 41.926087529895)
f758813232f93b4822a193aaef7f82413ce5666c3923180df0e8cca4b20db7a63669b246ea3e6028aa11b8a28426a6ddcabc10a742f618b3b7d00f54e05c5fe3,JF153351,,2/23/2022 8:00,30,NO CONTROLS,NO CONTROLS,CLEAR,DAYLIGHT,FIXED OBJECT,DIVIDED - W/MEDIAN (NOT RAISED),,STRAIGHT AND LEVEL,DRY,UNKNOWN,NOT ON SCENE (DESK REPORT),NO INJURY / DRIVE AWAY,,,,$500 OR LESS,2/23/2022 10:00,UNABLE TO DETERMINE,UNABLE TO DETERMINE,1516,E,53RD ST,234,,,,,,,1,NO INDICATION OF INJURY,0,0,0,0,0,1,0,8,4,2,41.79965929,-87.58842108,POINT (-87.588421083962 41.799659287056)
fceb2b895b68c6a564aa19450d543ebfb0b3cb123e9dbc32d3ae870fb0583e36f314748f15f175711f1a17370b666c3ff96c5e8799f607bcf20d1427d5767eaf,JF176342,,3/16/2022 19:52,30,TRAFFIC SIGNAL,FUNCTIONING PROPERLY,CLEAR,"DARKNESS, LIGHTED ROAD",TURNING,"FIVE POINT, OR MORE",,STRAIGHT AND LEVEL,DRY,NO DEFECTS,ON SCENE,INJURY AND / OR TOW DUE TO CRASH,Y,,,"OVER $1,500",3/16/2022 19:54,FAILING TO YIELD RIGHT-OF-WAY,DRIVING SKILLS/KNOWLEDGE/EXPERIENCE,3441,N,CLARK ST,1924,,,,,,,2,INCAPACITATING INJURY,1,0,1,0,0,3,0,19,4,3,41.94458734,-87.65418457,POINT (-87.65418457289 41.944587340963)
ff32190ab40d1c0944aab07347b0edd6658379e086f44cc68ea38385a24f1b5ed88be1015dfcc372a71147e27c384a9ebca8bb9a7726b23d4142ace61bc02b0a,JF182593,,3/22/2022 12:00,30,NO CONTROLS,NO CONTROLS,CLEAR,DAYLIGHT,PARKED MOTOR VEHICLE,NOT DIVIDED,,STRAIGHT AND LEVEL,DRY,NO DEFECTS,NOT ON SCENE (DESK REPORT),NO INJURY / DRIVE AWAY,,,Y,"$501 - $1,500",3/22/2022 12:30,NOT APPLICABLE,UNABLE TO DETERMINE,240,E,51ST ST,224,,,,,,,2,NO INDICATION OF INJURY,0,0,0,0,0,1,0,12,3,3,41.80216153,-87.61949099,POINT (-87.61949099311 41.802161530158)
f7cc1a59a37f412e95cf42758ff7842d4337c0ccb3c6192d05e2c74cb66d559e4a6978a51f168ec80524cad36252a13e6167abc3f4d7dbdd892204ba37c083dc,JF146076,,2/16/2022 10:19,30,NO CONTROLS,NO CONTROLS,CLEAR,DAYLIGHT,PARKED MOTOR VEHICLE,DIVIDED - W/MEDIAN (NOT RAISED),,STRAIGHT AND LEVEL,DRY,NO DEFECTS,ON SCENE,NO INJURY / DRIVE AWAY,,,Y,"$501 - $1,500",2/16/2022 10:29,IMPROPER LANE USAGE,NOT APPLICABLE,3916,W,LAWRENCE AVE,1712,,,,,,,2,NO INDICATION OF INJURY,0,0,0,0,0,1,0,10,4,2,41.96836716,-87.72633239,POINT (-87.726332392657 41.968367157685)