CRASH_RECORD_ID,RD_NO,CRASH_DATE_EST_I,CRASH_DATE,POSTED_SPEED_LIMIT,TRAFFIC_CONTROL_DEVICE,DEVICE_CONDITION,WEATHER_CONDITION,LIGHTING_CONDITION,FIRST_CRASH_TYPE,TRAFFICWAY_TYPE,LANE_CNT,ALIGNMENT,ROADWAY_SURFACE_COND,ROAD_DEFECT,REPORT_TYPE,CRASH_TYPE,INTERSECTION_RELATED_I,NOT_RIGHT_OF_WAY_I,HIT_AND_RUN_I,DAMAGE,DATE_POLICE_NOTIFIED,PRIM_CONTRIBUTORY_CAUSE,SEC_CONTRIBUTORY_CAUSE,STREET_NO,STREET_DIRECTION,STREET_NAME,BEAT_OF_OCCURRENCE,PHOTOS_TAKEN_I,STATEMENTS_TAKEN_I,DOORING_I,WORK_ZONE_I,WORK_ZONE_TYPE,WORKERS_PRESENT_I,NUM_UNITS,MOST_SEVERE_INJURY,INJURIES_TOTAL,INJURIES_FATAL,INJURIES_INCAPACITATING,INJURIES_NON_INCAPACITATING,INJURIES_REPORTED_NOT_EVIDENT,INJURIES_NO_INDICATION,INJURIES_UNKNOWN,CRASH_HOUR,CRASH_DAY_OF_WEEK,CRASH_MONTH,LATITUDE,LONGITUDE,LOCATION
fff471af1b1394b945e295fec93887d52ca4ef01b6564c33402b7f307c7950ac3572eeeed18c94ae36269ee35afe793893e4386eb497e17a45c470f9c3c1885f,JF182224,,3/22/2022 6:40,30,TRAFFIC SIGNAL,FUNCTIONING PROPERLY,RAIN,DUSK,TURNING,FOUR WAY,,STRAIGHT AND LEVEL,WET,NO DEFECTS,ON SCENE,NO INJURY / DRIVE AWAY,Y,,,"$501 - $1,500",3/22/2022 6:41,DISREGARDING TRAFFIC SIGNALS,NOT APPLICABLE,2800,W,63RD ST,823,,,,,,,2,NO INDICATION OF INJURY,0,0,0,0,0,2,0,6,3,3,41.77922453,-87.69345644,POINT (-87.693456441033 41.779224532387)
f80e0b48407acd320c0dc9a3905bce3bd268045472fde3bd542532ad0ee8cda00878c01e1920214e98adfbcceea609e29baf4f25b2a995060904fd67c61593ac,JF153185,,2/23/2022 5:40,30,UNKNOWN,UNKNOWN,CLEAR,"DARKNESS, LIGHTED ROAD",REAR END,DIVIDED - W/MEDIAN BARRIER,,STRAIGHT AND LEVEL,UNKNOWN,UNKNOWN,NOT ON SCENE (DESK REPORT),NO INJURY / DRIVE AWAY,,,,"OVER $1,500",2/23/2022 7:40,UNABLE TO DETERMINE,UNABLE TO DETERMINE,2633,E,130TH ST,433,,,,,,,2,NO INDICATION OF INJURY,0,0,0,0,0,2,0,5,4,2,41.6590823,-87.55921725,POINT (-87.5592172515 41.659082301499)
00aa496fc5a12fc3feeb610857cab1c2751d384ffbefbb04ee78ea66986eb58d8cc7eb1f5ebb9bcbfb22ca007626f7ddff1f25d7910b0904f18c01cce4cc3a56,JD354631,,9/3/2020 4:15,20,NO CONTROLS,NO CONTROLS,CLEAR,"DARKNESS, LIGHTED ROAD",PEDESTRIAN,OTHER,,STRAIGHT AND LEVEL,DRY,NO DEFECTS,,INJURY AND / OR TOW DUE TO CRASH,,,Y,$500 OR LESS,9/3/2020 4:28,IMPROPER OVERTAKING/PASSING,NOT APPLICABLE,524,W,OHARE ST,1654,,,,,,,2,NONINCAPACITATING INJURY,1,0,0,1,0,1,0,4,5,9,,,
025c0248a6cd20e9b5a7cfcb013147b16489d92c1f27419427ac1b5304c443809d4ccf974951767d6389846b7d13f1e68f47f19602899bdfce71e7d22b0ac504,JD316091,Y,7/30/2020 21:00,30,NO CONTROLS,NO CONTROLS,UNKNOWN,UNKNOWN,PARKED MOTOR VEHICLE,NOT DIVIDED,,STRAIGHT AND LEVEL,DRY,NO DEFECTS,,INJURY AND / OR TOW DUE TO CRASH,,,Y,"OVER $1,500",7/31/2020 10:53,UNABLE TO DETERMINE,UNABLE TO DETERMINE,6525,N,NASHVILLE AVE,1611,,,,,,,2,NO INDICATION OF INJURY,0,0,0,0,0,1,0,21,5,7,41.99970236,-87.79071543,POINT (-87.790715426773 41.999702356886)
fd4b2330a49cb79eb0d8fffe2917c27b8a9630a0ea4a7f6c713291b257af2bdc59f62f92883c08017e6736d4129885c9f7284d0f06ae9bc7f8099af956465b74,JF176245,,3/16/2022 18:00,40,TRAFFIC SIGNAL,FUNCTIONING PROPERLY,CLEAR,DAYLIGHT,REAR END,DIVIDED - W/MEDIAN BARRIER,,STRAIGHT AND LEVEL,DRY,NO DEFECTS,NOT ON SCENE (DESK REPORT),NO INJURY / DRIVE AWAY,Y,,,"$501 - $1,500",3/16/2022 18:40,FAILING TO REDUCE SPEED TO AVOID CRASH,UNABLE TO DETERMINE,6000,S,LAKE SHORE DR,331,,,,,,,2,NO INDICATION OF INJURY,0,0,0,0,0,2,0,18,4,3,41.78600962,-87.5776347,POINT (-87.577634700088 41.786009621225)
fd979fefc09e7b9af2ab3667a8d9d347854b8cca903fb396caefdb572eb5ba155869273fcae16b6406877ca15c98e1db916536c3ef501f816775f1538c4b2253,JF175719,,3/16/2022 11:30,20,STOP SIGN/FLASHER,FUNCTIONING PROPERLY,CLEAR,DAYLIGHT,ANGLE,FOUR WAY,,STRAIGHT AND LEVEL,DRY,NO DEFECTS,ON SCENE,NO INJURY / DRIVE AWAY,Y,,Y,"$501 - $1,500",3/16/2022 11:30,DISREGARDING STOP SIGN,FAILING TO YIELD RIGHT-OF-WAY,8100,S,DREXEL AVE,631,,,,,,,2,NO INDICATION OF INJURY,0,0,0,0,0,3,0,11,4,3,41.74755912,-87.60279634,POINT (-87.602796334936 41.747559117853)
fef4428780b89a842c52c6636f2ef8c7830f8b60be00a6d8c085e878e026ab71d67b4e46fcbad47f55028ed8352d075285e436958ba911b62f1790cde0de68c2,JF176270,,3/16/2022 17:00,30,NO CONTROLS,NO CONTROLS,CLEAR,DUSK,REAR END,NOT DIVIDED,,STRAIGHT AND LEVEL,DRY,NO DEFECTS,NOT ON SCENE (DESK REPORT),NO INJURY / DRIVE AWAY,,,,"$501 - $1,500",3/16/2022 18:45,UNABLE TO DETERMINE,UNABLE TO DETERMINE,2000,N,LARAMIE AVE,2515,,,,,,,2,NO INDICATION OF INJURY,0,0,0,0,0,2,0,17,4,3,41.91701737,-87.75608734,POINT (-87.756087339467 41.917017366937)
fa8207f316f4173a946c39aa42385906bdb3e206335c996fe4ae43164062f5ce27444784bea61e6bc46bac4c9095abcbd0be35054acb5f63d5f456a7ed58b071,JF153869,,2/23/2022 16:06,30,NO CONTROLS,NO CONTROLS,CLEAR,DAYLIGHT,REAR END,NOT DIVIDED,,STRAIGHT AND LEVEL,DRY,NO DEFECTS,NOT ON SCENE (DESK REPORT),NO INJURY / DRIVE AWAY,,,,"OVER $1,500",2/23/2022 17:00,FOLLOWING TOO CLOSELY,FOLLOWING TOO CLOSELY,1,W,ROOSEVELT RD,131,,,,,,,2,NO INDICATION OF INJURY,0,0,0,0,0,2,0,16,4,2,41.86730244,-87.62751761,POINT (-87.627517611691 41.867302441194)
fb12885c24e044f96bf2aff1dd387786282883f2e5bd384ec56073d65194d0982a6ec2fdf0e7138fd9c1eec7518b4fce3f64505c28faa1f1cfa108d8bb5c40e8,JF146693,,2/16/2022 17:30,30,NO CONTROLS,NO CONTROLS,RAIN,DARKNESS,FIXED OBJECT,NOT DIVIDED,,STRAIGHT AND LEVEL,WET,NO DEFECTS,ON SCENE,INJURY AND / OR TOW DUE TO CRASH,,,,"OVER $1,500",2/16/2022 17:32,UNABLE TO DETERMINE,NOT APPLICABLE,4453,W,LAKE ST,1113,,,,,,,1,NO INDICATION OF INJURY,0,0,0,0,0,2,0,17,4,2,41.88603823,-87.73776752,POINT (-87.737767516744 41.886038228737)
fb174a87ba94b6e3d321ae74132b0867c2772011bd42083ed021ea05dc820d9095d6319221f3fd27672f437f83913740bc97e13b140c9089f4acb5835983e811,JF146790,,2/16/2022 19:45,30,TRAFFIC SIGNAL,FUNCTIONING PROPERLY,CLEAR,DARKNESS,SIDESWIPE SAME DIRECTION,NOT DIVIDED,,STRAIGHT AND LEVEL,UNKNOWN,UNKNOWN,NOT ON SCENE (DESK REPORT),NO INJURY / DRIVE AWAY,,,Y,"$501 - $1,500",2/16/2022 20:00,IMPROPER OVERTAKING/PASSING,IMPROPER OVERTAKING/PASSING,5701,N,BROADWAY,2022,,,,,,,2,NO INDICATION OF INJURY,0,0,0,0,0,2,0,19,4,2,41.98547919,-87.65997884,POINT (-87.659978842493 41.985479187915)
fb9dab14d135ce61e0da001f8cd550480f70d4d72021e090709015406800dd61f398c93d73a0f05a65dfb399be5459db2552c790dec447db3165137ea61f6f9b,JF153590,,2/23/2022 12:30,30,NO CONTROLS,NO CONTROLS,CLEAR,DAYLIGHT,SIDESWIPE SAME DIRECTION,NOT DIVIDED,,STRAIGHT AND LEVEL,DRY,NO DEFECTS,NOT ON SCENE (DESK REPORT),NO INJURY / DRIVE AWAY,,,,"OVER $1,500",2/23/2022 13:20,UNABLE TO DETERMINE,NOT APPLICABLE,5900,S,KEDZIE AVE,822,,,,,,,2,NO INDICATION OF INJURY,0,0,0,0,0,2,0,12,4,2,41.78615531,-87.70349314,POINT (-87.703493140571 41.786155307863)
fbf39a44596c0a17168e84765fe24950080672e40b195ad81a31f03f34e4fe40819d0349cabfc8fb5e1cc21522879c42dd9a3ebf6dc9cbedeb37dcbb9772b877,JF147315,,2/16/2022 15:40,30,NO CONTROLS,NO CONTROLS,CLEAR,DAYLIGHT,PEDESTRIAN,NOT DIVIDED,,STRAIGHT AND LEVEL,DRY,UNKNOWN,NOT ON SCENE (DESK REPORT),INJURY AND / OR TOW DUE TO CRASH,,,,"$501 - $1,500",2/17/2022 11:45,UNABLE TO DETERMINE,UNABLE TO DETERMINE,5101,W,HARRISON ST,1533,,,,,,,2,NONINCAPACITATING INJURY,1,0,0,1,0,1,0,15,4,2,41.87285714,-87.75335467,POINT (-87.753354672737 41.872857140409)
fcb9d8fb9ee6e0e31230f00ea9a6f6c6cec7b1e03286173fdc1efaf3217767a5a6684d7813604738da1bb067a6ce190ec794fe533004741031a254d53e1db3ca,JF146520,,2/16/2022 15:50,30,TRAFFIC SIGNAL,FUNCTIONING PROPERLY,RAIN,DAYLIGHT,REAR END,NOT DIVIDED,,STRAIGHT AND LEVEL,WET,NO DEFECTS,NOT ON SCENE (DESK REPORT),NO INJURY / DRIVE AWAY,,,,"OVER $1,500",2/16/2022 16:25,FOLLOWING TOO CLOSELY,NOT APPLICABLE,6000,S,COTTAGE GROVE AVE,313,,,,,,,2,NO INDICATION OF INJURY,0,0,0,0,0,2,0,15,4,2,41.78578373,-87.6061847,POINT (-87.606184701516 41.785783730894)
fd5f25d537d449d8258fc249a6b11a6de803df3eb0859918980bc8dda1eeb9d4316735224e7308a8db40c1589652e038f094b228903601f68d429df54a571b9c,JF153414,,2/23/2022 9:31,30,STOP SIGN/FLASHER,UNKNOWN,UNKNOWN,DAYLIGHT,SIDESWIPE SAME DIRECTION,FOUR WAY,,STRAIGHT AND LEVEL,UNKNOWN,UNKNOWN,NOT ON SCENE (DESK REPORT),NO INJURY / DRIVE AWAY,,,Y,"OVER $1,500",2/23/2022 11:00,IMPROPER OVERTAKING/PASSING,NOT APPLICABLE,1656,W,79TH ST,611,,,,,,,2,NO INDICATION OF INJURY,0,0,0,0,0,5,0,9,4,2,41.7504351,-87.66571954,POINT (-87.665719543897 41.750435096267)
fdf2681d0f6d5a7cd782c6780ab6d9d4630d01bb7b7961d95be9da3dbd59fe872c5044769526edc2373cc05fc4020606af3b89ddebd920bddb183b6043544045,JF145916,,2/16/2022 7:30,30,OTHER,NO CONTROLS,CLEAR,DAYLIGHT,SIDESWIPE SAME DIRECTION,NOT DIVIDED,,STRAIGHT AND LEVEL,DRY,NO DEFECTS,ON SCENE,NO INJURY / DRIVE AWAY,,,Y,"$501 - $1,500",2/16/2022 7:40,UNABLE TO DETERMINE,UNABLE TO DETERMINE,5455,W,BELMONT AVE,2514,,,,,,,2,NO INDICATION OF INJURY,0,0,0,0,0,2,0,7,4,2,41.93850044,-87.76382633,POINT (-87.763826329247 41.938500437505)
ff824af1204f7fbe581c12f0b9141476f2fd7bc33d09442b1046264bbaf8b69be048c0570a1baf82905ffe53eb01e6e07dad1b9b5f20900ed1c95095956a5e05,JF153708,,2/23/2022 14:00,15,NO CONTROLS,NO CONTROLS,CLEAR,DAYLIGHT,PARKED MOTOR VEHICLE,PARKING LOT,,STRAIGHT AND LEVEL,DRY,NO DEFECTS,NOT ON SCENE (DESK REPORT),NO INJURY / DRIVE AWAY,,,Y,"OVER $1,500",2/23/2022 15:00,UNABLE TO DETERMINE,UNABLE TO DETERMINE,4445,N,PULASKI RD,1723,,,,,,,2,NO INDICATION OF INJURY,0,0,0,0,0,1,0,14,4,2,41.96223481,-87.72771372,POINT (-87.727713718165 41.962234811627)
545a1172dec197bd23fd17794efa9e519b7281b8f03d5d699e2b3a4e01b57bc513aad0dd286503f533293fc29956dc538fea36a7dc5953ef3fb56cf9becf95df,,,4/6/2022 13:57,30,TRAFFIC SIGNAL,FUNCTIONING PROPERLY,CLOUDY/OVERCAST,DAYLIGHT,REAR END,DIVIDED - W/MEDIAN (NOT RAISED),,STRAIGHT AND LEVEL,UNKNOWN,UNKNOWN,NOT ON SCENE (DESK REPORT),NO INJURY / DRIVE AWAY,,,Y,"OVER $1,500",4/6/2022 15:10,UNABLE TO DETERMINE,UNABLE TO DETERMINE,2975,W,PRATT BLVD,2412,,,,,,,2,NO INDICATION OF INJURY,0,0,0,0,0,2,0,13,4,4,42.00464626,-87.70453761,POINT (-87.704537610278 42.004646262799)
512a3bf0b2bbd8233c71961b3521aca7422f43e03ce1bcbf7b6673918811a05c2514f42c084819742790a7d0542f7bf85f97db5af7e6662340e84732a030469d,,,4/6/2022 11:00,30,NO CONTROLS,NO CONTROLS,CLEAR,DAYLIGHT,PARKED MOTOR VEHICLE,ONE-WAY,,STRAIGHT AND LEVEL,DRY,NO DEFECTS,ON SCENE,NO INJURY / DRIVE AWAY,,,,$500 OR LESS,4/6/2022 11:02,DRIVING SKILLS/KNOWLEDGE/EXPERIENCE,NOT APPLICABLE,70,E,WALTON ST,1833,,,,,,,2,NO INDICATION OF INJURY,0,0,0,0,0,1,0,11,4,4,41.90009095,-87.62572033,POINT (-87.625720329161 41.900090945142)
54ccea959ae83775f4e27e1788749eca642e09f73eec4d8355eb40b8be41b30225c3e85b379af6b3da5e7c9eb40a27f00f55f474a6fcfab4d2da14573742abee,,,4/6/2022 17:11,30,TRAFFIC SIGNAL,FUNCTIONING PROPERLY,RAIN,DAYLIGHT,PEDALCYCLIST,NOT DIVIDED,,STRAIGHT AND LEVEL,WET,UNKNOWN,ON SCENE,INJURY AND / OR TOW DUE TO CRASH,,,,$500 OR LESS,4/6/2022 17:11,UNABLE TO DETERMINE,UNABLE TO DETERMINE,3100,S,LA SALLE ST,211,,,,,,,2,NONINCAPACITATING INJURY,1,0,0,1,0,1,0,17,4,4,41.83822701,-87.63017264,POINT (-87.630172640708 41.838227006243)
0e5e6373f40d430763143afde21b571bdf43925a85f9ac37bf0d8d92a84206fc5ccb0809fb2ea9a8a04b080b2567f3bc84465b72915fdfdcb3f746e525f1f723,JE457036,,11/25/2021 23:00,15,UNKNOWN,UNKNOWN,CLEAR,DARKNESS,PEDESTRIAN,NOT DIVIDED,,STRAIGHT AND LEVEL,DRY,NO DEFECTS,,INJURY AND / OR TOW DUE TO CRASH,Y,,Y,"OVER $1,500",11/25/2021 23:45,NOT APPLICABLE,NOT APPLICABLE,3200,N,KEATING AVE,1731,,,,,,,2,NONINCAPACITATING INJURY,1,0,0,1,0,1,0,23,5,11,41.93893855,-87.7453525,POINT (-87.745352500872 41.938938550451)
0e63623a934efd69c9da43036bc72daa49667bff63dbe350d33687b343f6f04ba4e367c42051160ef7d61ee8c577120d71340be19fdf99fd071dc63b03d76027,JC494497,,11/1/2019 11:45,30,NO CONTROLS,NO CONTROLS,CLEAR,DAYLIGHT,SIDESWIPE SAME DIRECTION,NOT DIVIDED,,STRAIGHT AND LEVEL,DRY,NO DEFECTS,,NO INJURY / DRIVE AWAY,,,,"OVER $1,500",11/1/2019 12:00,IMPROPER OVERTAKING/PASSING,NOT APPLICABLE,8430,W,BRYN MAWR AVE,1614,,,,,,,2,NO INDICATION OF INJURY,0,0,0,0,0,3,0,11,6,11,41.98121021,-87.83801332,POINT (-87.838013315423 41.981210209824)
636d9c45b5857981a8dad4a6ecb5c33170c2e04b77dc92168d35447c9421a27d03c39d35b1f8dc847d403d3356061a443bcc40d494a359a21f7aa5bacefee067,,,4/6/2022 15:45,35,NO CONTROLS,NO CONTROLS,CLEAR,DAYLIGHT,SIDESWIPE SAME DIRECTION,NOT DIVIDED,,STRAIGHT AND LEVEL,DRY,UNKNOWN,ON SCENE,NO INJURY / DRIVE AWAY,,,Y,$500 OR LESS,4/6/2022 16:24,UNABLE TO DETERMINE,NOT APPLICABLE,13000,S,BRAINARD AVE,433,,,,,,,2,NO INDICATION OF INJURY,0,0,0,0,0,2,0,15,4,4,,,
1058029886fece557d81d8463a8f7e9e99ac1c20eebb58ed9c1b37cc9e23f283cabdf96bd9157b7c4e3823e83c897897c5c51b5ffddc39477e737465b2c23814,JE257730,,6/7/2021 22:48,30,STOP SIGN/FLASHER,FUNCTIONING PROPERLY,CLEAR,"DARKNESS, LIGHTED ROAD",PEDALCYCLIST,NOT DIVIDED,,STRAIGHT AND LEVEL,DRY,NO DEFECTS,,INJURY AND / OR TOW DUE TO CRASH,Y,,,"OVER $1,500",6/7/2021 22:48,UNABLE TO DETERMINE,UNABLE TO DETERMINE,5498,N,CENTRAL AVE,1622,,,N,,,,4,INCAPACITATING INJURY,1,0,1,0,0,1,0,22,2,6,41.98102989,-87.76852441,POINT (-87.768524406242 41.981029886616)
1087d59a78c9612f0e23e9153d397762f72867cf89788578e6ba5543cca30ae23db26113304178c01b4e3718c902a37108b5922fe8270d8116a6cf999b959bea,JE487850,,12/23/2021 17:00,10,NO CONTROLS,NO CONTROLS,CLEAR,DARKNESS,FIXED OBJECT,PARKING LOT,,STRAIGHT AND LEVEL,DRY,NO DEFECTS,,INJURY AND / OR TOW DUE TO CRASH,,Y,,"$501 - $1,500",12/24/2021 14:18,"VISION OBSCURED (SIGNS, TREE LIMBS, BUILDINGS, ETC.)",UNABLE TO DETERMINE,5430,W,CHICAGO AVE,1524,,,,,,,1,NO INDICATION OF INJURY,0,0,0,0,0,1,0,17,5,12,41.89498951,-87.76190289,POINT (-87.761902884992 41.894989504972)
108e25b8e04c32b7daca9bc721a716d40469680ffbf0abe7fbfed05efdac79b433ead87393cc96b2eb7d69b6ed786e43577ae85ac092e645c5ee7a2ef3e53314,JE143124,,2/16/2021 14:30,30,NO CONTROLS,NO CONTROLS,SNOW,DAYLIGHT,REAR END,NOT DIVIDED,,STRAIGHT AND LEVEL,SNOW OR SLUSH,OTHER,,INJURY AND / OR TOW DUE TO CRASH,,,Y,"$501 - $1,500",2/16/2021 15:00,UNABLE TO DETERMINE,UNABLE TO DETERMINE,2435,E,99TH ST,431,,,,,,,2,"REPORTED, NOT EVIDENT",3,0,0,0,3,2,0,14,3,2,41.7152489,-87.56446433,POINT (-87.564464328159 41.71524890364)
4edc2e2ef044fab60b0389d842fa970812e4b69ed132c9258e346c566a05b7e63b1e07704f23b43a0d51a291d2af9606c45956e37e14379b3c9b3461538cb1d9,JF175624,,3/16/2022 9:25,30,NO CONTROLS,NO CONTROLS,CLEAR,DAYLIGHT,PARKED MOTOR VEHICLE,NOT DIVIDED,,STRAIGHT AND LEVEL,DRY,NO DEFECTS,ON SCENE,NO INJURY / DRIVE AWAY,,,,"OVER $1,500",3/16/2022 9:30,UNABLE TO DETERMINE,UNABLE TO DETERMINE,317,E,44TH ST,215,,,,,,,2,NO INDICATION OF INJURY,0,0,0,0,0,1,0,9,4,3,41.81467868,-87.61897672,POINT (-87.61897671825 41.814678679713)
19141f2598a861ce726cacf7ab7d16c454f8b7a86d3fd7ce81668605a758cf546de4adad009b623e22ca0bc9036abc4b967c4a0254876859ff734ac778981bf6,JE246642,,5/29/2021 10:30,30,NO CONTROLS,NO CONTROLS,CLEAR,DAYLIGHT,SIDESWIPE SAME DIRECTION,DIVIDED - W/MEDIAN BARRIER,,STRAIGHT AND LEVEL,DRY,NO DEFECTS,,INJURY AND / OR TOW DUE TO CRASH,,,,"OVER $1,500",5/29/2021 10:30,UNABLE TO DETERMINE,UNABLE TO DETERMINE,51,E,95TH ST,511,,,,,,,2,NO INDICATION OF INJURY,0,0,0,0,0,3,0,10,7,5,41.72165358,-87.62168005,POINT (-87.621680050414 41.721653582879)
194a58d4f8e41bdafd3248991538606b23829220486e4c47fecac87c391886c88fdb3ae23beb4835d0f9794ed04a93d84105b202cf3a6317e67f4f4c33ad44bf,JD439809,,11/23/2020 16:20,30,NO CONTROLS,NO CONTROLS,CLEAR,DUSK,SIDESWIPE SAME DIRECTION,NOT DIVIDED,,STRAIGHT AND LEVEL,DRY,UNKNOWN,,NO INJURY / DRIVE AWAY,,,,"OVER $1,500",11/23/2020 17:42,UNABLE TO DETERMINE,UNABLE TO DETERMINE,3300,W,111TH ST,2211,,,,,,,2,NO INDICATION OF INJURY,0,0,0,0,0,2,0,16,2,11,41.6916388,-87.70338637,POINT (-87.703386366783 41.691638801388)
25f669e2318f1a3271c3ff3c4614572830a5c128ce7b966fce21af25d8de33fc0ec14ae7aee185bfb221ef31eae92c01f4a00bff395c81b5edeba1b595d3af5e,JD243818,Y,5/26/2020 7:00,30,NO CONTROLS,NO CONTROLS,CLEAR,UNKNOWN,PARKED MOTOR VEHICLE,NOT DIVIDED,,STRAIGHT AND LEVEL,DRY,NO DEFECTS,,NO INJURY / DRIVE AWAY,,,Y,"OVER $1,500",5/26/2020 20:15,FAILING TO REDUCE SPEED TO AVOID CRASH,DRIVING SKILLS/KNOWLEDGE/EXPERIENCE,6600,S,WHIPPLE ST,831,,,,,,,2,NO INDICATION OF INJURY,0,0,0,0,0,1,0,7,3,5,41.77346534,-87.69948524,POINT (-87.699485236487 41.773465340647)
261a0af3b5a89d609b9dc395ec0e6ef68a6803e4557a7e10af383704230d013d61d2c9e273572fb3bfbe9c3c66ebdbad0e5e5a362216df946357c00e21c14505,JE207655,,4/23/2021 11:30,30,TRAFFIC SIGNAL,FUNCTIONING PROPERLY,CLEAR,DAYLIGHT,REAR END,DIVIDED - W/MEDIAN (NOT RAISED),,STRAIGHT AND LEVEL,DRY,NO DEFECTS,,INJURY AND / OR TOW DUE TO CRASH,,,Y,"OVER $1,500",4/23/2021 11:32,NOT APPLICABLE,NOT APPLICABLE,3857,S,ASHLAND AVE,912,,,,,,,2,NO INDICATION OF INJURY,0,0,0,0,0,2,0,11,6,4,41.82327548,-87.66517432,POINT (-87.665174322444 41.823275476061)
3f89cda10ee6702ad80341a3b1da1ae1f952c0895aeb7333bf45b21e466cabc474f92d1073ce10f4abade8578e247a23d20c1bb36a715cd9a377e598678c8b8e,JF162878,,3/1/2022 21:23,25,NO CONTROLS,NO CONTROLS,CLEAR,"DARKNESS, LIGHTED ROAD",FIXED OBJECT,ONE-WAY,,STRAIGHT AND LEVEL,DRY,NO DEFECTS,ON SCENE,NO INJURY / DRIVE AWAY,,Y,Y,"OVER $1,500",3/4/2022 10:30,UNABLE TO DETERMINE,UNABLE TO DETERMINE,3217,W,HARRISON ST,1134,,,,,,,1,NO INDICATION OF INJURY,0,0,0,0,0,1,0,21,3,3,41.87357086,-87.70663954,POINT (-87.706639539697 41.873570856308)
60a0cbe2309d1ff75afa430b5d825863d969c1ec103ea6b51fde7e1ec05f880346d5ee34f676e80b2b7b1ca95cc010507ee2bebb511e17d45d1618d2e5dae0a5,JF161389,,3/2/2022 20:30,25,NO CONTROLS,NO CONTROLS,CLEAR,"DARKNESS, LIGHTED ROAD",SIDESWIPE SAME DIRECTION,ONE-WAY,,STRAIGHT AND LEVEL,DRY,UNKNOWN,ON SCENE,NO INJURY / DRIVE AWAY,,,,"OVER $1,500",3/2/2022 21:15,UNABLE TO DETERMINE,NOT APPLICABLE,5,W,TERMINAL ST,1655,,,,,,,2,NO INDICATION OF INJURY,0,0,0,0,0,2,0,20,4,3,,,
4410ca23a5462ac850cf30504f26f0e3197756accc66f93a79ad4f4edcdf5e56e024caa395d4b50e5b0a95be088ad096eb3fb1ac5ef5bbb70b5236cca39b870d,JD330562,,8/13/2020 5:30,35,TRAFFIC SIGNAL,FUNCTIONING PROPERLY,CLEAR,DUSK,REAR END,NOT DIVIDED,,STRAIGHT AND LEVEL,DRY,NO DEFECTS,,NO INJURY / DRIVE AWAY,,,,"$501 - $1,500",8/13/2020 5:33,UNABLE TO DETERMINE,UNABLE TO DETERMINE,1,S,STATE ST,112,,,,,,,2,NO INDICATION OF INJURY,0,0,0,0,0,3,0,5,5,8,41.8819952,-87.62764725,POINT (-87.62764724523 41.881995197635)
54bd5734b9f47d849533f5eab84880877287590c01411a4fe47a7ac809fb42a44ed7eba0f5d3face3b82221603aa70c86215d2df27ee7bad82fb0df810095e1a,JE487477,,12/24/2021 2:39,30,NO CONTROLS,NO CONTROLS,CLEAR,"DARKNESS, LIGHTED ROAD",PARKED MOTOR VEHICLE,NOT DIVIDED,,STRAIGHT AND LEVEL,DRY,NO DEFECTS,,INJURY AND / OR TOW DUE TO CRASH,,,Y,"OVER $1,500",12/24/2021 3:04,UNABLE TO DETERMINE,UNABLE TO DETERMINE,6311,N,CALIFORNIA AVE,2413,,,,,,,3,NO INDICATION OF INJURY,0,0,0,0,0,2,0,2,6,12,41.99613997,-87.69944308,POINT (-87.699443082479 41.996139968172)
54c8128a32185783414a0648c995c1ab36c7c9d51ecf2f66980c956dd1a4e6a2717ea07d0a67ffd31b3da1b1dd16f0c32b4edf1be0946932090f033e2b83dafc,JE185047,,3/31/2021 9:05,30,NO CONTROLS,NO CONTROLS,CLEAR,DAYLIGHT,ANGLE,NOT DIVIDED,,STRAIGHT AND LEVEL,DRY,NO DEFECTS,,INJURY AND / OR TOW DUE TO CRASH,,,,"$501 - $1,500",3/31/2021 9:11,FAILING TO YIELD RIGHT-OF-WAY,FAILING TO YIELD RIGHT-OF-WAY,851,W,ARGYLE ST,2024,,,,,,,2,"REPORTED, NOT EVIDENT",1,0,0,0,1,2,0,9,4,3,41.97324111,-87.65216653,POINT (-87.652166526395 41.973241113651)
6eb694d41e49388e4e8d40f750c81543d0dafe7cea1e784c261c07bc63112b1a83581e35c0c64783f2c722a212c789eed991756657704668d5c240e97b01511c,JD151264,,2/14/2020 8:45,30,TRAFFIC SIGNAL,FUNCTIONING PROPERLY,CLEAR,DAYLIGHT,SIDESWIPE SAME DIRECTION,DIVIDED - W/MEDIAN (NOT RAISED),,STRAIGHT AND LEVEL,DRY,NO DEFECTS,,NO INJURY / DRIVE AWAY,,,Y,"$501 - $1,500",2/14/2020 9:28,UNABLE TO DETERMINE,UNABLE TO DETERMINE,5598,W,IRVING PARK RD,1624,,,,,,,2,NO INDICATION OF INJURY,0,0,0,0,0,3,0,8,6,2,41.9532972,-87.76688134,POINT (-87.766881337666 41.953297198059)
6eeabec7b27938233bad7897b11622ff1dcac703341a1d69eac3c2d27fe20350b2374dd52c36f8aaea71012434f55b7d6bf9ebae7948b1dcfa7e5231cfa10a0f,JD179126,,3/9/2020 6:35,30,NO CONTROLS,FUNCTIONING PROPERLY,RAIN,DARKNESS,PEDESTRIAN,T-INTERSECTION,,STRAIGHT AND LEVEL,WET,NO DEFECTS,,INJURY AND / OR TOW DUE TO CRASH,,,,$500 OR LESS,3/9/2020 7:10,DISTRACTION - FROM OUTSIDE VEHICLE,NOT APPLICABLE,5800,S,COTTAGE GROVE AVE,233,,,,,,,2,"REPORTED, NOT EVIDENT",1,0,0,0,1,1,0,6,2,3,41.78942072,-87.60626259,POINT (-87.606262588229 41.789420717811)