CRASH_RECORD_ID,RD_NO,CRASH_DATE_EST_I,CRASH_DATE,POSTED_SPEED_LIMIT,TRAFFIC_CONTROL_DEVICE,DEVICE_CONDITION,WEATHER_CONDITION,LIGHTING_CONDITION,FIRST_CRASH_TYPE,TRAFFICWAY_TYPE,LANE_CNT,ALIGNMENT,ROADWAY_SURFACE_COND,ROAD_DEFECT,REPORT_TYPE,CRASH_TYPE,INTERSECTION_RELATED_I,NOT_RIGHT_OF_WAY_I,HIT_AND_RUN_I,DAMAGE,DATE_POLICE_NOTIFIED,PRIM_CONTRIBUTORY_CAUSE,SEC_CONTRIBUTORY_CAUSE,STREET_NO,STREET_DIRECTION,STREET_NAME,BEAT_OF_OCCURRENCE,PHOTOS_TAKEN_I,STATEMENTS_TAKEN_I,DOORING_I,WORK_ZONE_I,WORK_ZONE_TYPE,WORKERS_PRESENT_I,NUM_UNITS,MOST_SEVERE_INJURY,INJURIES_TOTAL,INJURIES_FATAL,INJURIES_INCAPACITATING,INJURIES_NON_INCAPACITATING,INJURIES_REPORTED_NOT_EVIDENT,INJURIES_NO_INDICATION,INJURIES_UNKNOWN,CRASH_HOUR,CRASH_DAY_OF_WEEK,CRASH_MONTH,LATITUDE,LONGITUDE,LOCATION
6b7d6c7b2e5fd9d56ee8711ee3fb4fc034cb440f42938716f39e7686162f1d96370d6f854a753bd4a1d0561d9daa853a2c417ace67a0ebcab6019914d2cabb6b,JE134699,,2/6/2021 21:34,30,TRAFFIC SIGNAL,FUNCTIONING PROPERLY,SNOW,"DARKNESS, LIGHTED ROAD",TURNING,CENTER TURN LANE,,STRAIGHT AND LEVEL,SNOW OR SLUSH,NO DEFECTS,,INJURY AND / OR TOW DUE TO CRASH,,,,"OVER $1,500",2/6/2021 22:02,IMPROPER TURNING/NO SIGNAL,FAILING TO REDUCE SPEED TO AVOID CRASH,2031,E,MARQUETTE DR,331,,,,,,,2,NONINCAPACITATING INJURY,1,0,0,1,0,3,0,21,7,2,41.77528969,-87.57522361,POINT (-87.575223606428 41.77528969185)
6b815b6774de119d55073ebe5f2ea97b31dc06ab0f85b1c81b1d3d5b876c75f26730b8eb8759f74c7a689af60a26c73aa243149f39d85f3feff81628919044a4,JD339454,,8/20/2020 18:40,30,TRAFFIC SIGNAL,FUNCTIONING PROPERLY,CLEAR,DUSK,TURNING,NOT DIVIDED,,STRAIGHT AND LEVEL,DRY,UNKNOWN,,INJURY AND / OR TOW DUE TO CRASH,Y,,,"OVER $1,500",8/20/2020 19:10,FAILING TO YIELD RIGHT-OF-WAY,UNABLE TO DETERMINE,6599,W,DIVERSEY AVE,2512,,,,,,,2,NO INDICATION OF INJURY,0,0,0,0,0,2,0,18,5,8,41.93083331,-87.79056906,POINT (-87.790569058375 41.930833314218)
6b82d7dde725b10f761617f92171cc7821f93bf6fd0e172d34d00b354d7327f575bf176f558194a5674f9e1ba096a22e7bad485a32e84ad32f3390f40d71b383,JC562184,,12/27/2019 17:18,30,TRAFFIC SIGNAL,FUNCTIONING PROPERLY,CLEAR,"DARKNESS, LIGHTED ROAD",REAR END,DIVIDED - W/MEDIAN (NOT RAISED),,STRAIGHT AND LEVEL,DRY,NO DEFECTS,,NO INJURY / DRIVE AWAY,Y,,Y,"$501 - $1,500",12/27/2019 17:30,FAILING TO REDUCE SPEED TO AVOID CRASH,UNABLE TO DETERMINE,8700,S,ASHLAND AVE,2221,,,,,,,2,NO INDICATION OF INJURY,0,0,0,0,0,2,0,17,6,12,41.73569699,-87.66320954,POINT (-87.663209544457 41.735696988636)
5e744b84913fbcec5b72a85a8343c6f3b8b16bb62f9914a7fd1c5d1b608b7176e705dd40a8f4865cf85b9eb6d4223616c1c06f7c398871648e0c9ff8b0320acd,JD206978,,4/7/2020 17:30,30,NO CONTROLS,NO CONTROLS,CLEAR,DAWN,REAR END,DIVIDED - W/MEDIAN (NOT RAISED),,STRAIGHT AND LEVEL,DRY,UNKNOWN,,NO INJURY / DRIVE AWAY,,,,"OVER $1,500",4/11/2020 15:15,FAILING TO REDUCE SPEED TO AVOID CRASH,NOT APPLICABLE,1999,N,NARRAGANSETT AVE,2512,,,,,,,2,NO INDICATION OF INJURY,0,0,0,0,0,2,0,17,3,4,41.91662996,-87.78508428,POINT (-87.785084276563 41.91662995818)
6f154c87d2910cef9b41b37b0b3c3580c7b1fc33373d5307361a3ddc2e5647ff70ac2f149fbf6f30a6856d701e3af7ceb0f31b4c074932a2ddd07cd51ab4a63a,JF129319,,1/31/2022 8:00,20,STOP SIGN/FLASHER,NO CONTROLS,CLEAR,DAYLIGHT,TURNING,ONE-WAY,,STRAIGHT AND LEVEL,DRY,NO DEFECTS,,NO INJURY / DRIVE AWAY,,,N,"OVER $1,500",1/31/2022 8:10,UNABLE TO DETERMINE,UNABLE TO DETERMINE,3223,W,FRANKLIN BLVD,1123,,,,,,,2,NO INDICATION OF INJURY,0,0,0,0,0,3,0,8,2,1,41.88994963,-87.70734353,POINT (-87.707343528604 41.889949633113)
6f1f69f67325d38f58fa05e23cc6b09c82c50bb7a0aa135bf89362707f39eba1808c289d66fd8fe9747eab652ff4f087134ad23780509a309eb18105ae879c42,JE157196,,3/2/2021 17:35,30,STOP SIGN/FLASHER,FUNCTIONING PROPERLY,CLEAR,DAYLIGHT,REAR END,ONE-WAY,,STRAIGHT AND LEVEL,DRY,NO DEFECTS,,INJURY AND / OR TOW DUE TO CRASH,Y,,,"$501 - $1,500",3/2/2021 17:45,FOLLOWING TOO CLOSELY,NOT APPLICABLE,5201,W,CRYSTAL ST,2532,,,,,,,2,"REPORTED, NOT EVIDENT",1,0,0,0,1,2,0,17,3,3,41.90304387,-87.75591636,POINT (-87.755916359775 41.903043868673)
6f2669994c21f7fbfd073f96fb72db065a82577966d2d258fd48c5baf94778e0cc40c277f7c0ea1a41d6e71c32e25326254db729dd2dd9d23b6ec6dbae581a98,JD469251,,12/25/2020 14:12,35,TRAFFIC SIGNAL,FUNCTIONING PROPERLY,CLEAR,DAYLIGHT,TURNING,FOUR WAY,,STRAIGHT AND LEVEL,DRY,NO DEFECTS,,NO INJURY / DRIVE AWAY,Y,,,"$501 - $1,500",12/25/2020 14:50,FAILING TO YIELD RIGHT-OF-WAY,UNABLE TO DETERMINE,1800,S,STATE ST,131,,,,,,,2,NO INDICATION OF INJURY,0,0,0,0,0,2,0,14,6,12,41.85774485,-87.62734138,POINT (-87.627341378293 41.857744853451)
b8c8140b6010a3c84bf557061abca83b61b714ed9637a5e301b968c2bd2b1f2dd14735824a624b6bcc4c5299ee8e6d0e6edc5106d3ee932ef55174c0e9fbcacb,,,3/31/2022 14:40,25,NO CONTROLS,NO CONTROLS,CLOUDY/OVERCAST,DAYLIGHT,PARKED MOTOR VEHICLE,NOT DIVIDED,,STRAIGHT AND LEVEL,WET,UNKNOWN,ON SCENE,NO INJURY / DRIVE AWAY,,,,$500 OR LESS,3/31/2022 14:40,UNABLE TO DETERMINE,UNABLE TO DETERMINE,3138,N,CAMBRIDGE AVE,1934,,,,,,,2,NO INDICATION OF INJURY,0,0,0,0,0,1,0,14,5,3,41.93882988,-87.64329567,POINT (-87.643295669914 41.938829882738)
9df62b6ef22691bea535df46e34065c76a2b1e534e72774368523cc1dd28ea626e003907c5049231d20fa8aa602bc26d089512ffc2f3fce49966b7aa5fb2decb,JF175778,,3/15/2022 17:50,15,NO CONTROLS,NO CONTROLS,CLEAR,DAYLIGHT,ANGLE,ONE-WAY,,STRAIGHT AND LEVEL,DRY,UNKNOWN,NOT ON SCENE (DESK REPORT),NO INJURY / DRIVE AWAY,,,,"$501 - $1,500",3/16/2022 12:30,UNABLE TO DETERMINE,UNABLE TO DETERMINE,1,W,PARKING LOT D ST,1654,,,,,,,2,NO INDICATION OF INJURY,0,0,0,0,0,2,0,17,3,3,,,
bf5ecc62b7bc9ff81497519c58d0b95828073dbd0f2c35fec764e1f71618780d8b09cf2382f0387150221e1120537b84f015c5edfde93f5bdecb8c0d41ede78c,JF175434,,3/16/2022 6:50,15,NO CONTROLS,NO CONTROLS,CLEAR,DAYLIGHT,ANGLE,OTHER,,STRAIGHT AND LEVEL,DRY,NO DEFECTS,ON SCENE,NO INJURY / DRIVE AWAY,,,,"OVER $1,500",3/16/2022 7:15,UNABLE TO DETERMINE,NOT APPLICABLE,3,W,TERMINAL ST,1653,,,,,,,2,NO INDICATION OF INJURY,0,0,0,0,0,2,0,6,4,3,,,
d158c34534690cf1dceb40e202b6f734bef8f95bafdd661ba20f73d59d2829bfe3020f3d40d850f42cb3606cf63475929531f64310ba68b45a9658318f79cf1d,JF184856,,3/24/2022 7:30,30,UNKNOWN,UNKNOWN,UNKNOWN,DAYLIGHT,REAR END,NOT DIVIDED,,STRAIGHT AND LEVEL,UNKNOWN,UNKNOWN,NOT ON SCENE (DESK REPORT),NO INJURY / DRIVE AWAY,,,,"OVER $1,500",3/24/2022 11:31,UNABLE TO DETERMINE,UNABLE TO DETERMINE,10001,S,VINCENNES AVE,2232,,,,,,,2,NO INDICATION OF INJURY,0,0,0,0,0,2,0,7,5,3,,,
86ae261cc72b79519c9572847a95dd03cc20b1e63c62d7db1149e5261cf0f743c545cbae9e297f344c959c3d59145b8fdaeb039fdb8c76aa22f33a2cf0bc7d41,JF160690,,3/2/2022 10:00,35,NO CONTROLS,NO CONTROLS,CLEAR,DAYLIGHT,SIDESWIPE SAME DIRECTION,DIVIDED - W/MEDIAN BARRIER,,CURVE ON GRADE,DRY,NO DEFECTS,ON SCENE,NO INJURY / DRIVE AWAY,,,,"$501 - $1,500",3/2/2022 10:10,IMPROPER LANE USAGE,IMPROPER OVERTAKING/PASSING,521,W,OHARE ST,1654,,,,,,,2,NO INDICATION OF INJURY,0,0,0,0,0,3,0,10,4,3,,,
c6c86d55feaaef109e69944ca48c2816e7427e8d13565c0b9eac05db6c739ccd2f6a10a701371d84575437f41e8af6348cbbb0deba96e0daa7a1aba54653333d,JE408683,,10/13/2021 15:23,35,STOP SIGN/FLASHER,NO CONTROLS,RAIN,DAYLIGHT,ANGLE,DIVIDED - W/MEDIAN (NOT RAISED),,STRAIGHT AND LEVEL,WET,UNKNOWN,,INJURY AND / OR TOW DUE TO CRASH,Y,,,"OVER $1,500",10/13/2021 16:00,FAILING TO YIELD RIGHT-OF-WAY,WEATHER,8700,S,WABASH AVE,632,,,,,,,2,NONINCAPACITATING INJURY,1,0,0,1,0,1,0,15,4,10,41.73628175,-87.62274791,POINT (-87.622747907919 41.736281753672)
c6d1e9e43d6f82f13fba20cddc2e6e6ed5048d2fba100cd9c9bfcea071e3562674869a50e3a29e419f3b875f9e892c56af9ee37ad6eba855be512e8be99bca88,JD189486,,3/18/2020 12:25,30,TRAFFIC SIGNAL,FUNCTIONING PROPERLY,RAIN,DAYLIGHT,ANGLE,Y-INTERSECTION,,STRAIGHT AND LEVEL,WET,NO DEFECTS,,NO INJURY / DRIVE AWAY,Y,,,"OVER $1,500",3/18/2020 12:47,UNABLE TO DETERMINE,UNABLE TO DETERMINE,2543,N,WESTERN AVE,1432,,,,,,,2,NO INDICATION OF INJURY,0,0,0,0,0,3,0,12,4,3,41.92807483,-87.68760624,POINT (-87.687606235905 41.9280748246)
df36f9e74dd60ed281a8f557ca685ebfaa49562313c59473b8be6de67c7db38ef379a85db47ae3e086b78f6d90c3f48e293d07151370ce976046fb661b02948f,JD311198,,7/26/2020 22:35,30,TRAFFIC SIGNAL,FUNCTIONING PROPERLY,CLEAR,"DARKNESS, LIGHTED ROAD",ANGLE,ONE-WAY,,STRAIGHT AND LEVEL,DRY,NO DEFECTS,,INJURY AND / OR TOW DUE TO CRASH,Y,,,"OVER $1,500",7/27/2020 0:43,DISREGARDING TRAFFIC SIGNALS,NOT APPLICABLE,201,W,GARFIELD BLVD,225,,,,,,,2,INCAPACITATING INJURY,1,0,1,0,0,1,0,22,1,7,41.79409045,-87.63052733,POINT (-87.630527331008 41.794090445987)
c8a5fc48828d2316e7806c03af132aaa863128f6f1ebc6157b461b59e79352120b448479f6a6a2ce19a5e42a821cd18bc3943deb3871d8eb24af824a19aacad5,JF152195,,2/22/2022 9:08,25,NO CONTROLS,NO CONTROLS,RAIN,DAYLIGHT,HEAD ON,NOT DIVIDED,,STRAIGHT AND LEVEL,WET,NO DEFECTS,ON SCENE,INJURY AND / OR TOW DUE TO CRASH,,,,"OVER $1,500",2/22/2022 9:08,DRIVING SKILLS/KNOWLEDGE/EXPERIENCE,DRIVING SKILLS/KNOWLEDGE/EXPERIENCE,220,S,CENTRAL AVE,1513,,,,,,,3,NO INDICATION OF INJURY,0,0,0,0,0,2,0,9,3,2,41.87739128,-87.76490608,POINT (-87.764906082851 41.877391281715)
f40a27a10bb6dea7ad664bb45a5b994291f2622ebb71af2fdfacb57dd198d11e676c71076aa8674de46fa4221bb8c4abc0a1d78e76a41a5855abf380d22fbbc1,JC293348,,6/5/2019 14:45,30,STOP SIGN/FLASHER,FUNCTIONING PROPERLY,CLEAR,DAYLIGHT,PARKED MOTOR VEHICLE,T-INTERSECTION,,STRAIGHT AND LEVEL,DRY,NO DEFECTS,NOT ON SCENE (DESK REPORT),NO INJURY / DRIVE AWAY,Y,,,"$501 - $1,500",6/5/2019 15:00,IMPROPER TURNING/NO SIGNAL,UNABLE TO DETERMINE,7428,N,WESTERN AVE,2411,,,,,,,2,NO INDICATION OF INJURY,0,0,0,0,0,3,0,14,4,6,42.01664992,-87.69005955,POINT (-87.690059553211 42.016649924255)
e002c78728a34dad6ccb2b72d5d4767f589048c573a123850095ec529700622150d44e7d3f34335acd3a666c82c72beccd8170789c673aa22c6ef8db781da7ab,JD383022,,9/29/2020 10:50,30,NO CONTROLS,NO CONTROLS,CLEAR,DAYLIGHT,REAR END,NOT DIVIDED,,STRAIGHT AND LEVEL,DRY,NO DEFECTS,NOT ON SCENE (DESK REPORT),NO INJURY / DRIVE AWAY,,,Y,"$501 - $1,500",9/29/2020 11:30,UNABLE TO DETERMINE,NOT APPLICABLE,7400,N,WESTERN AVE,2411,,,,,,,2,NO INDICATION OF INJURY,0,0,0,0,0,2,0,10,3,9,42.01585949,-87.69006748,POINT (-87.690067481222 42.015859491773)
caafe0a77572bb8c8f04095e9a36113363b6ca1ac5bcb66cc6ef74f3b50d674adb1d71a3933409ba9a1579804a11cb65489aff7fe65ffc97a6c5e17d8add1020,JD429317,,11/12/2020 12:00,10,NO CONTROLS,NO CONTROLS,UNKNOWN,DAYLIGHT,PARKED MOTOR VEHICLE,PARKING LOT,,STRAIGHT AND LEVEL,UNKNOWN,UNKNOWN,NOT ON SCENE (DESK REPORT),NO INJURY / DRIVE AWAY,,Y,,"$501 - $1,500",11/12/2020 16:00,UNABLE TO DETERMINE,UNABLE TO DETERMINE,7424,N,WESTERN AVE,2411,,,,,,,2,NO INDICATION OF INJURY,0,0,0,0,0,1,0,12,5,11,42.01540263,-87.69006945,POINT (-87.690069453096 42.015402628573)
78a3c33ba4c52e0811dabfab73a041e3546ac5351bc6a07e2de188238673ee097cc87f2a105c576bd6d24a7ae3264ac5cfb6320860f80d2048c9f4440a19f3a5,JD312967,Y,7/28/2020 14:05,30,NO CONTROLS,NO CONTROLS,CLEAR,DAYLIGHT,SIDESWIPE SAME DIRECTION,NOT DIVIDED,,STRAIGHT AND LEVEL,DRY,NO DEFECTS,NOT ON SCENE (DESK REPORT),NO INJURY / DRIVE AWAY,,,,"$501 - $1,500",7/28/2020 15:30,FAILING TO YIELD RIGHT-OF-WAY,NOT APPLICABLE,7426,N,WESTERN AVE,2411,,,,,,,2,NO INDICATION OF INJURY,0,0,0,0,0,2,0,14,3,7,42.01664992,-87.69005955,POINT (-87.690059553211 42.016649924255)
4e9154eea3271ec07267d627ced0f2a3aa28f68222054f208e65816f558eebb2ec47f6ae3dd4c5cad4095f4fa331058de332b9ae9053d5fe519800c4cfb3c7c3,HY421675,,9/12/2015 4:00,35,NO CONTROLS,NO CONTROLS,RAIN,"DARKNESS, LIGHTED ROAD",SIDESWIPE SAME DIRECTION,NOT DIVIDED,4,STRAIGHT AND LEVEL,WET,NO DEFECTS,NOT ON SCENE (DESK REPORT),NO INJURY / DRIVE AWAY,,,,"$501 - $1,500",9/13/2015 14:01,IMPROPER LANE USAGE,WEATHER,7410,N,WESTERN AVE,2411,,,,,,,2,NO INDICATION OF INJURY,0,0,0,0,0,3,0,4,7,9,42.01584444,-87.69006565,POINT (-87.690065645035 42.015844434565)
046fce3a99c18f50b8357685237dbd880af55c192d032cea75b2316841ba95209d249a14a133e21cb66417db800af8a764f998039f2c34315957e61209879b52,JF185533,,3/24/2022 20:22,30,TRAFFIC SIGNAL,UNKNOWN,RAIN,"DARKNESS, LIGHTED ROAD",PEDESTRIAN,ONE-WAY,,STRAIGHT ON HILLCREST,WET,UNKNOWN,ON SCENE,INJURY AND / OR TOW DUE TO CRASH,Y,,,"OVER $1,500",3/24/2022 20:23,UNABLE TO DETERMINE,UNABLE TO DETERMINE,240,N,LA SALLE ST,122,,,,,,,2,NONINCAPACITATING INJURY,1,0,0,1,0,1,0,20,5,3,41.88678441,-87.63262706,POINT (-87.632627059079 41.886784406868)
103761f99a0984fe37a05c3cb81fa83295d9b801c59906dccef53152c47f75d88484c338caea028269143e4ece490627b77f55a426228e15b52ea7ecbbfa3d78,JF185084,,3/24/2022 14:15,30,NO CONTROLS,NO CONTROLS,CLOUDY/OVERCAST,DAYLIGHT,FIXED OBJECT,DIVIDED - W/MEDIAN (NOT RAISED),,STRAIGHT AND LEVEL,DRY,NO DEFECTS,NOT ON SCENE (DESK REPORT),NO INJURY / DRIVE AWAY,,,,$500 OR LESS,3/24/2022 14:30,UNABLE TO DETERMINE,NOT APPLICABLE,851,S,AUSTIN BLVD,1513,,,,,,,1,NO INDICATION OF INJURY,0,0,0,0,0,1,0,14,5,3,,,
2ddba65b7851ee15db0cace7b969617c95135b779ed36c0ddd9707f600b634faeb3f7de3b4b328b72659ac2b2e6ecfacc630074d0a460a7f0c27069da2bcc68d,JE408866,,10/13/2021 21:24,30,TRAFFIC SIGNAL,FUNCTIONING PROPERLY,CLEAR,"DARKNESS, LIGHTED ROAD",REAR END,CENTER TURN LANE,,STRAIGHT AND LEVEL,DRY,NO DEFECTS,ON SCENE,NO INJURY / DRIVE AWAY,Y,,Y,$500 OR LESS,10/13/2021 21:26,FAILING TO REDUCE SPEED TO AVOID CRASH,UNABLE TO DETERMINE,7402,N,WESTERN AVE,2411,,,,,,,3,NO INDICATION OF INJURY,0,0,0,0,0,4,0,21,4,10,42.01579638,-87.69006866,POINT (-87.690068658752 42.015796381438)
a1ad79a650466da7d556fe097ad5b3cb8f026c159e9654c7bd00278ea56d28a16e7acde399798144d049810077e92e65b428185919a6f38e60c9e012c534897a,JA482803,,10/23/2017 16:00,30,NO CONTROLS,NO CONTROLS,RAIN,DAYLIGHT,SIDESWIPE SAME DIRECTION,NOT DIVIDED,4,STRAIGHT AND LEVEL,WET,UNKNOWN,ON SCENE,INJURY AND / OR TOW DUE TO CRASH,,,,"$501 - $1,500",10/23/2017 16:03,FAILING TO YIELD RIGHT-OF-WAY,NOT APPLICABLE,7426,N,WESTERN AVE,2411,,,,,,,2,NO INDICATION OF INJURY,0,0,0,0,0,5,0,16,2,10,42.01664992,-87.69005955,POINT (-87.690059553211 42.016649924255)
88ffd10ed4535c5d08c609667987a288c267b492591b03d318c72c61b3ef13aa5f673fa827a712e0f7b926374bd9e9310acc40953c4bfa40eda6350dde90db72,JE181670,,3/27/2021 17:50,30,NO CONTROLS,NO CONTROLS,CLEAR,DAYLIGHT,SIDESWIPE SAME DIRECTION,NOT DIVIDED,,STRAIGHT AND LEVEL,DRY,NO DEFECTS,NOT ON SCENE (DESK REPORT),NO INJURY / DRIVE AWAY,,,,"$501 - $1,500",3/27/2021 19:17,UNABLE TO DETERMINE,NOT APPLICABLE,7433,N,WESTERN AVE,2411,,,,,,,2,NO INDICATION OF INJURY,0,0,0,0,0,3,0,17,7,3,42.01544349,-87.69036349,POINT (-87.6903634882 42.015443486172)
095d1870ca85d2c1e369a898fa0b2024a6988722446ecaae2abd2d2dbccd3924166a76cf50fccbe258bb8e449d5e5f693e4d0fd488c9950d8bd86e128862810d,JE262342,,6/11/2021 16:53,30,NO CONTROLS,NO CONTROLS,CLEAR,DAYLIGHT,TURNING,NOT DIVIDED,,STRAIGHT AND LEVEL,DRY,NO DEFECTS,ON SCENE,INJURY AND / OR TOW DUE TO CRASH,,,,"OVER $1,500",6/11/2021 17:00,FAILING TO YIELD RIGHT-OF-WAY,NOT APPLICABLE,7428,N,WESTERN AVE,2411,,,,,,,2,NO INDICATION OF INJURY,0,0,0,0,0,2,0,16,6,6,42.01664992,-87.69005955,POINT (-87.690059553211 42.016649924255)
067a29bf84d27f9f80e70693e03bbfc234894334062fad22276bd9830ae657ef04eaa29a992bcc6d49b784aa912268f9e3ff5517bfa92e903c0a62b989cebf2e,JF184634,,3/24/2022 7:10,30,TRAFFIC SIGNAL,FUNCTIONING PROPERLY,CLEAR,DAYLIGHT,REAR END,NOT DIVIDED,,STRAIGHT AND LEVEL,DRY,NO DEFECTS,NOT ON SCENE (DESK REPORT),NO INJURY / DRIVE AWAY,,,,"OVER $1,500",3/24/2022 8:00,UNABLE TO DETERMINE,UNABLE TO DETERMINE,151,W,31ST ST,915,,,,,,,2,NO INDICATION OF INJURY,0,0,0,0,0,2,0,7,5,3,41.83814571,-87.63042233,POINT (-87.630422325572 41.838145705009)
538a3d11e36516b77ae81986e2d269854cd13213d6c61188699dea3725faea707808294e2139db39849f2f3b1d153d84c79192c38a60618c3f6691133ca82d4e,JC260814,,5/13/2019 6:50,30,NO CONTROLS,NO CONTROLS,CLEAR,DAYLIGHT,REAR END,NOT DIVIDED,,STRAIGHT AND LEVEL,DRY,UNKNOWN,ON SCENE,INJURY AND / OR TOW DUE TO CRASH,,,,"$501 - $1,500",5/13/2019 6:55,DRIVING SKILLS/KNOWLEDGE/EXPERIENCE,NOT APPLICABLE,7435,N,WESTERN AVE,2411,,,,,,,2,NO INDICATION OF INJURY,0,0,0,0,0,2,0,6,2,5,42.01670489,-87.69035274,POINT (-87.690352741252 42.016704893034)
c580b5aff74c61d9d1a626b03a519da45b3ed7439d7aa0aaae8c067a1afb3858770471bddfff3274a1d4ce92515bd441e6aacdce3c7f3466dc738471768024c8,JE400511,,10/4/2021 12:45,30,UNKNOWN,UNKNOWN,UNKNOWN,UNKNOWN,SIDESWIPE SAME DIRECTION,DIVIDED - W/MEDIAN (NOT RAISED),,STRAIGHT AND LEVEL,UNKNOWN,UNKNOWN,NOT ON SCENE (DESK REPORT),NO INJURY / DRIVE AWAY,,,,"$501 - $1,500",10/6/2021 17:40,UNABLE TO DETERMINE,NOT APPLICABLE,7400,N,WESTERN AVE,2411,,,,,,,2,NO INDICATION OF INJURY,0,0,0,0,0,2,0,12,2,10,42.01585949,-87.69006748,POINT (-87.690067481222 42.015859491773)
2081162b2b1ccc504fb9ea65ca717d9db4a99e80d5a9bdf7af23afb38439c17a676308cebcf74e70678773061f705e4ef167c0f92bc2845d8c6777e013bd5753,JC269083,,5/19/2019 4:13,30,NO CONTROLS,NO CONTROLS,RAIN,"DARKNESS, LIGHTED ROAD",REAR END,NOT DIVIDED,,STRAIGHT AND LEVEL,WET,NO DEFECTS,ON SCENE,NO INJURY / DRIVE AWAY,Y,,,"OVER $1,500",5/19/2019 4:13,FOLLOWING TOO CLOSELY,UNDER THE INFLUENCE OF ALCOHOL/DRUGS (USE WHEN ARREST IS EFFECTED),7435,N,WESTERN AVE,2411,,,,,,,2,NO INDICATION OF INJURY,0,0,0,0,0,2,0,4,1,5,42.01670489,-87.69035274,POINT (-87.690352741252 42.016704893034)
0dc7c4ff6a72783b6fe98d453d091d9a6284910a07e8a2a146ccc0155a5f3d9033d9a725f2413c08fcc32c17b64901ea92934fbd2fc689464519f7e451b83792,,,4/6/2022 16:00,30,NO CONTROLS,NO CONTROLS,CLEAR,DAYLIGHT,SIDESWIPE SAME DIRECTION,ONE-WAY,,STRAIGHT AND LEVEL,DRY,NO DEFECTS,NOT ON SCENE (DESK REPORT),NO INJURY / DRIVE AWAY,,,Y,"OVER $1,500",4/6/2022 16:50,DRIVING SKILLS/KNOWLEDGE/EXPERIENCE,NOT APPLICABLE,4425,W,55TH ST,813,,,,,,,2,NO INDICATION OF INJURY,0,0,0,0,0,2,0,16,4,4,41.79300179,-87.73404346,POINT (-87.73404345626 41.793001788998)
00837fb2e7eb6ae2d1dbc5a6419d44daf5b4a3096b5bdf8c3f19f0d802f29f01d9ad05f17a24de2b44cdfc442fba648d8ec6bc683b5b9b09f3fde6318e835b1a,JF184745,,3/24/2022 7:20,25,NO CONTROLS,NO CONTROLS,RAIN,DAYLIGHT,TURNING,ONE-WAY,,STRAIGHT AND LEVEL,WET,NO DEFECTS,NOT ON SCENE (DESK REPORT),NO INJURY / DRIVE AWAY,,,,$500 OR LESS,3/24/2022 9:30,FAILING TO YIELD RIGHT-OF-WAY,UNABLE TO DETERMINE,1039,W,WINONA ST,2024,,,,,,,2,NO INDICATION OF INJURY,0,0,0,0,0,2,0,7,5,3,41.97514874,-87.65653088,POINT (-87.656530882768 41.975148741865)
0189ae2699573bc717fbdce470e73daa67dcaff235a3a1f7682162c4ea8a9b888b1a8124da29a5010ec216df11fa3ceedd1ad7362fdb0547c63767b74a13c121,JC144005,,2/7/2019 18:05,30,NO CONTROLS,NO CONTROLS,SLEET/HAIL,"DARKNESS, LIGHTED ROAD",ANGLE,NOT DIVIDED,,STRAIGHT AND LEVEL,WET,NO DEFECTS,ON SCENE,INJURY AND / OR TOW DUE TO CRASH,,,,"OVER $1,500",2/7/2019 18:06,IMPROPER LANE USAGE,UNABLE TO DETERMINE,7413,N,WESTERN AVE,2411,,,,,,,2,NO INDICATION OF INJURY,0,0,0,0,0,2,0,18,5,2,42.0159563,-87.69035907,POINT (-87.690359070476 42.01595629672)
049bd8bff38aae638e2c00da76711566b7bf1adb8cb1f3da2340fe2fd28980b08899ead35a71da53f5dd4f780ef43af83b5c837a82350d959f0e7183d43d015b,JF183586,,3/22/2022 7:48,25,STOP SIGN/FLASHER,FUNCTIONING PROPERLY,RAIN,DAYLIGHT,ANGLE,NOT REPORTED,,STRAIGHT AND LEVEL,WET,NO DEFECTS,NOT ON SCENE (DESK REPORT),INJURY AND / OR TOW DUE TO CRASH,Y,,,"OVER $1,500",3/23/2022 10:05,DISREGARDING STOP SIGN,UNABLE TO DETERMINE,6457,N,BOSWORTH AVE,2432,,,,,,,2,NONINCAPACITATING INJURY,1,0,0,1,0,1,0,7,3,3,41.99981452,-87.66907275,POINT (-87.669072747676 41.999814524034)
a3391758f9b5b4c30f4d091f7c5b6a17bf105ae71118992bd585fd924b6a28a51269985dfb896e29b9df163f55ebec2c8883f5ee73b1593560e5ecca486b45b3,JB305173,,6/13/2018 12:37,30,NO CONTROLS,NO CONTROLS,CLEAR,DAYLIGHT,SIDESWIPE SAME DIRECTION,NOT DIVIDED,4,STRAIGHT AND LEVEL,DRY,NO DEFECTS,ON SCENE,NO INJURY / DRIVE AWAY,,,,"OVER $1,500",6/13/2018 13:00,DRIVING SKILLS/KNOWLEDGE/EXPERIENCE,FAILING TO YIELD RIGHT-OF-WAY,7418,N,WESTERN AVE,2411,,,,,,,2,NO INDICATION OF INJURY,0,0,0,0,0,3,0,12,4,6,42.01559197,-87.69006782,POINT (-87.690067821081 42.015591974003)