CRASH_RECORD_ID,RD_NO,CRASH_DATE_EST_I,CRASH_DATE,POSTED_SPEED_LIMIT,TRAFFIC_CONTROL_DEVICE,DEVICE_CONDITION,WEATHER_CONDITION,LIGHTING_CONDITION,FIRST_CRASH_TYPE,TRAFFICWAY_TYPE,LANE_CNT,ALIGNMENT,ROADWAY_SURFACE_COND,ROAD_DEFECT,REPORT_TYPE,CRASH_TYPE,INTERSECTION_RELATED_I,NOT_RIGHT_OF_WAY_I,HIT_AND_RUN_I,DAMAGE,DATE_POLICE_NOTIFIED,PRIM_CONTRIBUTORY_CAUSE,SEC_CONTRIBUTORY_CAUSE,STREET_NO,STREET_DIRECTION,STREET_NAME,BEAT_OF_OCCURRENCE,PHOTOS_TAKEN_I,STATEMENTS_TAKEN_I,DOORING_I,WORK_ZONE_I,WORK_ZONE_TYPE,WORKERS_PRESENT_I,NUM_UNITS,MOST_SEVERE_INJURY,INJURIES_TOTAL,INJURIES_FATAL,INJURIES_INCAPACITATING,INJURIES_NON_INCAPACITATING,INJURIES_REPORTED_NOT_EVIDENT,INJURIES_NO_INDICATION,INJURIES_UNKNOWN,CRASH_HOUR,CRASH_DAY_OF_WEEK,CRASH_MONTH,LATITUDE,LONGITUDE,LOCATION
81c64e30de441bac8ebae5a34b72b14d1f56a8fdf046699190254311b469fd8b6a084a3b9831925bdcf9daf731a3e48ec1f4d07652b19e8aef30a599b81241f5,HZ161378,Y,2/22/2016 17:30,30,NO CONTROLS,NO CONTROLS,CLEAR,DAYLIGHT,TURNING,NOT DIVIDED,,STRAIGHT AND LEVEL,DRY,NO DEFECTS,NOT ON SCENE (DESK REPORT),NO INJURY / DRIVE AWAY,,,,"$501 - $1,500",2/22/2016 18:14,FAILING TO YIELD RIGHT-OF-WAY,NOT APPLICABLE,7437,N,WESTERN AVE,2411,,,,,,,2,NO INDICATION OF INJURY,0,0,0,0,0,2,0,17,2,2,42.01665362,-87.6903539,POINT (-87.690353898291 42.016653618189)
9092fdce60bea3ce016ff20a3447300f0fcfd231d57d8fd8d8918780e590364f1b1fa4303b6cbd9fd331d6806642734221690fe105c8cc7b4e127367047421a4,JC556407,,12/22/2019 11:40,30,TRAFFIC SIGNAL,FUNCTIONING PROPERLY,CLEAR,DAYLIGHT,REAR END,NOT DIVIDED,,STRAIGHT AND LEVEL,DRY,NO DEFECTS,ON SCENE,NO INJURY / DRIVE AWAY,Y,,,"OVER $1,500",12/22/2019 11:43,FOLLOWING TOO CLOSELY,UNABLE TO DETERMINE,7402,N,WESTERN AVE,2411,,,,,,,2,NO INDICATION OF INJURY,0,0,0,0,0,2,0,11,1,12,42.01579638,-87.69006866,POINT (-87.690068658752 42.015796381438)
1846ebc381785068aafdb3d6781f5932ae6a44af9e18e83e34084c1af1b4c21ae7611a212a15c68e38c9a1b7e8b35ad84735b95eccfac5a93eb9b80286ab349e,JC103144,,12/24/2018 10:11,35,TRAFFIC SIGNAL,FUNCTIONING PROPERLY,CLEAR,DAYLIGHT,REAR END,DIVIDED - W/MEDIAN (NOT RAISED),4,STRAIGHT AND LEVEL,DRY,NO DEFECTS,NOT ON SCENE (DESK REPORT),NO INJURY / DRIVE AWAY,Y,,,"$501 - $1,500",1/3/2019 14:00,FOLLOWING TOO CLOSELY,FOLLOWING TOO CLOSELY,7400,N,WESTERN AVE,2411,,,,,,,2,NO INDICATION OF INJURY,0,0,0,0,0,4,0,10,2,12,42.01585949,-87.69006748,POINT (-87.690067481222 42.015859491773)
0e3de9090fc947136bab16fcab11f128a66f0cd57449d5051ca949c6aec803d156d9a1934124136a14f5b588d497d26f05b8c11bcc7825adcef13deb6ce3312d,JF180976,,3/21/2022 3:34,40,OTHER WARNING SIGN,FUNCTIONING PROPERLY,CLEAR,"DARKNESS, LIGHTED ROAD",SIDESWIPE SAME DIRECTION,ONE-WAY,,STRAIGHT AND LEVEL,DRY,UNKNOWN,ON SCENE,NO INJURY / DRIVE AWAY,,,,"$501 - $1,500",3/21/2022 3:34,UNABLE TO DETERMINE,UNABLE TO DETERMINE,4600,S,LAKE SHORE DR NB,222,,,,,,,2,NO INDICATION OF INJURY,0,0,0,0,0,2,0,3,2,3,41.81306812,-87.59152857,POINT (-87.591528570871 41.813068123934)
06b627c4e55986b4c97b8d8f1d9ba81ac04a0242dd8fe4f657e3c995aab60c60dddbd334a9a41c72cef1d725c2fa3c8d5bb762556034682630a8e0501315f178,JF184979,,3/24/2022 6:45,30,UNKNOWN,UNKNOWN,UNKNOWN,DAWN,ANGLE,NOT DIVIDED,,STRAIGHT AND LEVEL,UNKNOWN,UNKNOWN,NOT ON SCENE (DESK REPORT),NO INJURY / DRIVE AWAY,,,,"OVER $1,500",3/24/2022 13:05,UNABLE TO DETERMINE,UNABLE TO DETERMINE,3034,N,PULASKI RD,2523,,,,,,,2,NO INDICATION OF INJURY,0,0,0,0,0,2,0,6,5,3,41.93645758,-87.72725654,POINT (-87.727256534862 41.936457578192)
8e498581449d0335c45e84c02e70b67af589e87977991af801fce56dfa16d64c83a256428442244c7e73b74352a20da2ce36b5b2c6e8415bc756a85de0e79cbe,JB102016,,1/2/2018 15:25,20,TRAFFIC SIGNAL,FUNCTIONING PROPERLY,CLEAR,DAYLIGHT,REAR END,DIVIDED - W/MEDIAN (NOT RAISED),4,STRAIGHT AND LEVEL,DRY,UNKNOWN,NOT ON SCENE (DESK REPORT),NO INJURY / DRIVE AWAY,,,,"$501 - $1,500",1/2/2018 17:30,FOLLOWING TOO CLOSELY,FOLLOWING TOO CLOSELY,7400,N,WESTERN AVE,2411,,,,,,,2,NO INDICATION OF INJURY,0,0,0,0,0,2,0,15,3,1,42.01585949,-87.69006748,POINT (-87.690067481222 42.015859491773)
0639bec5241a079595438ac5889826683712c89fc62f1c2c4fe9da156cc9ef097c336e5ab3634e6b3782245df71a98d826df842659dfc86a61d793e4552dea2b,,,4/1/2022 10:45,25,NO CONTROLS,UNKNOWN,UNKNOWN,UNKNOWN,PARKED MOTOR VEHICLE,NOT DIVIDED,,STRAIGHT AND LEVEL,UNKNOWN,UNKNOWN,NOT ON SCENE (DESK REPORT),NO INJURY / DRIVE AWAY,,,Y,"OVER $1,500",4/7/2022 0:43,UNABLE TO DETERMINE,UNABLE TO DETERMINE,6734,W,60TH ST,812,,,,,,,2,NO INDICATION OF INJURY,0,0,0,0,0,1,0,10,6,4,41.78315136,-87.79012943,POINT (-87.790129425898 41.783151364048)
0a1e5337071667a2aaac4e9bb350d83aae2e1a77b929d2f988e717b63cc8882c185da2983bc3d33ece1bf8299a01b1b60fc65a61e0936258856f5265db63368a,,,4/6/2022 18:21,30,NO CONTROLS,NO CONTROLS,CLEAR,DAYLIGHT,FIXED OBJECT,NOT DIVIDED,,STRAIGHT AND LEVEL,DRY,NO DEFECTS,ON SCENE,NO INJURY / DRIVE AWAY,,,,"OVER $1,500",4/6/2022 18:21,DRIVING SKILLS/KNOWLEDGE/EXPERIENCE,UNABLE TO DETERMINE,5003,S,CALIFORNIA AVE,923,,,,,,,1,NO INDICATION OF INJURY,0,0,0,0,0,2,0,18,4,4,41.80266125,-87.69389873,POINT (-87.693898726053 41.802661247965)
b4b863c13df3ee2f8ee62ec6d3eb30708be390c023c338b6105e0f3274d557b29c4b5d23955d8bdf84067def9d303f45d67591760b166a536b6f94d9359ad863,JD443076,,11/24/2020 16:00,30,NO CONTROLS,NO CONTROLS,CLEAR,DAYLIGHT,PARKED MOTOR VEHICLE,DIVIDED - W/MEDIAN (NOT RAISED),,STRAIGHT AND LEVEL,DRY,NO DEFECTS,NOT ON SCENE (DESK REPORT),NO INJURY / DRIVE AWAY,,,,"OVER $1,500",11/27/2020 12:00,NOT APPLICABLE,NOT APPLICABLE,7400,N,WESTERN AVE,2411,,,,,,,2,NO INDICATION OF INJURY,0,0,0,0,0,3,0,16,3,11,42.01585949,-87.69006748,POINT (-87.690067481222 42.015859491773)
0e065a6135f94e05c8e73389e9c7da72d0192b7a01de64431f44e3d2fadec2cd98d411bb2f12139a6c2aa1fedd9c87c64f08473fa7b594b0d3dd9ac3b5447ace,JF185054,Y,3/18/2022 12:00,30,NO CONTROLS,NO CONTROLS,CLEAR,DAYLIGHT,PARKED MOTOR VEHICLE,NOT DIVIDED,,STRAIGHT AND LEVEL,DRY,NO DEFECTS,NOT ON SCENE (DESK REPORT),NO INJURY / DRIVE AWAY,,,,$500 OR LESS,3/24/2022 14:00,UNABLE TO DETERMINE,UNABLE TO DETERMINE,11248,S,MICHIGAN AVE,531,,,,,,,2,NO INDICATION OF INJURY,0,0,0,0,0,1,0,12,6,3,41.68934157,-87.62115636,POINT (-87.621156358731 41.689341571748)
c2c7ec5d2bc47a757ebd7e60f6a2ccccf3cf966926b389747ae03ed3fca08551f629c159d03b29f7628b94304ca0a1f59c7345fd66e8bce5d57695fe07093d0e,JD147738,,2/9/2020 13:25,30,NO CONTROLS,NO CONTROLS,CLEAR,DAYLIGHT,SIDESWIPE SAME DIRECTION,NOT DIVIDED,,STRAIGHT AND LEVEL,DRY,NO DEFECTS,NOT ON SCENE (DESK REPORT),NO INJURY / DRIVE AWAY,,,Y,$500 OR LESS,2/11/2020 10:30,UNABLE TO DETERMINE,NOT APPLICABLE,7400,N,WESTERN AVE,2411,,,,,,,2,NO INDICATION OF INJURY,0,0,0,0,0,2,0,13,1,2,42.01585949,-87.69006748,POINT (-87.690067481222 42.015859491773)
0a2c218fe80da928466e056de7359e0a08ae803dde0f09d6635a926b3eb19399202846b8b8558610c5b9d1fa1f521ec4eea64b81d3f0bc802ea6b529d24bd0d0,JF183333,Y,3/23/2022 0:50,30,TRAFFIC SIGNAL,FUNCTIONING PROPERLY,RAIN,"DARKNESS, LIGHTED ROAD",ANGLE,FOUR WAY,,STRAIGHT AND LEVEL,WET,NO DEFECTS,,INJURY AND / OR TOW DUE TO CRASH,Y,,,"OVER $1,500",3/23/2022 0:50,DISREGARDING TRAFFIC SIGNALS,FAILING TO REDUCE SPEED TO AVOID CRASH,400,S,MORGAN ST,1232,,,,,,,3,NONINCAPACITATING INJURY,1,0,0,1,0,3,0,0,4,3,41.87656877,-87.65201972,POINT (-87.652019717096 41.876568769918)
115f5697557624ab04738e229365139659e0ad2c437200ce473f998eac2a4181d9ef02a960453133cadd29866cc9c470fafa82efb547dfa39679331a10311c25,JF173907,Y,3/13/2022 18:00,30,NO CONTROLS,NO CONTROLS,CLEAR,"DARKNESS, LIGHTED ROAD",PARKED MOTOR VEHICLE,UNKNOWN,,STRAIGHT AND LEVEL,DRY,NO DEFECTS,NOT ON SCENE (DESK REPORT),NO INJURY / DRIVE AWAY,,,Y,"OVER $1,500",3/14/2022 19:00,UNABLE TO DETERMINE,UNABLE TO DETERMINE,4132,S,ALBANY AVE,921,,,,,,,2,NO INDICATION OF INJURY,0,0,0,0,0,1,0,18,1,3,41.81802741,-87.70204079,POINT (-87.702040787997 41.818027412539)
01e81073f028242fbefc8facb85ee4ac02688d5d7b77bd02bd45740f3d4dca847e949e1b6d62f46f5401398d961f7f5c428760bf8cfcb6b5f7481e3a312d5695,,,4/6/2022 23:20,25,STOP SIGN/FLASHER,OTHER,CLOUDY/OVERCAST,"DARKNESS, LIGHTED ROAD",PEDESTRIAN,TRAFFIC ROUTE,,STRAIGHT AND LEVEL,DRY,WORN SURFACE,ON SCENE,INJURY AND / OR TOW DUE TO CRASH,Y,,,$500 OR LESS,4/6/2022 23:44,"VISION OBSCURED (SIGNS, TREE LIMBS, BUILDINGS, ETC.)",DRIVING SKILLS/KNOWLEDGE/EXPERIENCE,2231,W,DEVON AVE,2413,,,,,,,2,NONINCAPACITATING INJURY,1,0,0,1,0,1,0,23,4,4,41.99768544,-87.68616466,POINT (-87.686164656784 41.997685441624)
75bb3de464f1577c5e7ad65dfb6e3e555a2b0124163bce2c8a4494ec8705bc05ae4d9c32b1ed1d4215d388b8188704775188ed43c188d5022e8bfb7e3c9ff8ef,JB461935,,10/4/2018 7:40,35,NO CONTROLS,NO CONTROLS,CLEAR,DAYLIGHT,REAR END,NOT DIVIDED,2,STRAIGHT AND LEVEL,DRY,NO DEFECTS,NOT ON SCENE (DESK REPORT),NO INJURY / DRIVE AWAY,,,,"$501 - $1,500",10/4/2018 7:55,FOLLOWING TOO CLOSELY,NOT APPLICABLE,7410,N,WESTERN AVE,2411,,,,,,,2,NO INDICATION OF INJURY,0,0,0,0,0,3,0,7,5,10,42.01584444,-87.69006565,POINT (-87.690065645035 42.015844434565)
ed51962b8eff4bd882bc4607f1d9e8a16ca2b405e9c1165eca0ac1bd0ea283d369ab6f39b33cf89f8477ef27db67d96c9c8d6a9ad3950590dc2eca6c68f6c4b2,JC177808,N,3/8/2019 10:00,30,TRAFFIC SIGNAL,FUNCTIONING PROPERLY,CLEAR,DAYLIGHT,REAR END,NOT DIVIDED,3,STRAIGHT AND LEVEL,DRY,NO DEFECTS,NOT ON SCENE (DESK REPORT),NO INJURY / DRIVE AWAY,,,,"$501 - $1,500",3/8/2019 10:45,UNABLE TO DETERMINE,UNABLE TO DETERMINE,7400,N,WESTERN AVE,2411,,,,,,,2,NO INDICATION OF INJURY,0,0,0,0,0,2,0,10,6,3,42.01585949,-87.69006748,POINT (-87.690067481222 42.015859491773)
10a71d2ee588e2f16e564526dc0f2f9ed55e6a8fe2b5aa962fbe3376bef8b1c3ee55bef01ac5f74567655368f8a0f2b4adf31dccc0f611ce5e8642a73617965e,JC520663,Y,11/21/2019 17:30,10,NO CONTROLS,NO CONTROLS,UNKNOWN,UNKNOWN,PARKED MOTOR VEHICLE,PARKING LOT,,STRAIGHT AND LEVEL,UNKNOWN,UNKNOWN,NOT ON SCENE (DESK REPORT),NO INJURY / DRIVE AWAY,,Y,Y,"OVER $1,500",11/22/2019 17:15,UNABLE TO DETERMINE,UNABLE TO DETERMINE,7409,N,WESTERN AVE,2411,,,,,,,2,NO INDICATION OF INJURY,0,0,0,0,0,1,0,17,5,11,42.01575999,-87.69036375,POINT (-87.690363748862 42.015759991302)
0534e2cf0ea0e0ab09d153a686d275cb847be1585c7f906745421d0d2ed12f427577e891fb12659c4ffdf83966ddb7f60a2a750404fcb427e589421861f0d39a,,,4/6/2022 10:50,30,NO CONTROLS,NO CONTROLS,CLEAR,DAYLIGHT,SIDESWIPE SAME DIRECTION,NOT DIVIDED,,STRAIGHT AND LEVEL,DRY,NO DEFECTS,ON SCENE,NO INJURY / DRIVE AWAY,,,,"OVER $1,500",4/6/2022 11:30,FAILING TO YIELD RIGHT-OF-WAY,UNABLE TO DETERMINE,1934,W,FOSTER AVE,2012,,,,,,,2,NO INDICATION OF INJURY,0,0,0,0,0,2,0,10,4,4,41.97616482,-87.67781283,POINT (-87.677812824947 41.976164818339)
0743b3f1aa38ce9e0b4d6b71cddda377953aa44d145fb4c72c40348b1efd132155eaf4d8da0f713f517ccf999eafadddfbefdfb52c62acb0298eee8c6204df7d,JF185226,,3/24/2022 15:48,25,NO CONTROLS,NO CONTROLS,RAIN,DAYLIGHT,SIDESWIPE SAME DIRECTION,NOT DIVIDED,,STRAIGHT AND LEVEL,WET,NO DEFECTS,ON SCENE,NO INJURY / DRIVE AWAY,,,,$500 OR LESS,3/24/2022 16:20,UNABLE TO DETERMINE,UNABLE TO DETERMINE,3948,N,SHERIDAN RD,1923,,,,,,,2,NO INDICATION OF INJURY,0,0,0,0,0,2,0,15,5,3,41.95416858,-87.65468311,POINT (-87.654683109776 41.954168583039)
0e692e6dc32be948750c4ae7684ed293891293b0c89424c9f0b6224446bb8b1a1c876f39aac2586fec7d9f80a6462c506adb24532cf11904c92e43d49f718b66,JF185400,,3/24/2022 16:30,35,NO CONTROLS,NO CONTROLS,RAIN,DAYLIGHT,REAR END,DIVIDED - W/MEDIAN (NOT RAISED),,STRAIGHT AND LEVEL,WET,NO DEFECTS,ON SCENE,INJURY AND / OR TOW DUE TO CRASH,,,Y,"OVER $1,500",3/24/2022 16:40,UNABLE TO DETERMINE,UNABLE TO DETERMINE,3700,S,PULASKI RD,1031,,,,,,,3,NO INDICATION OF INJURY,0,0,0,0,0,3,0,16,5,3,41.82672819,-87.72428145,POINT (-87.724281449638 41.826728187074)
078a923cf981855247e5850367d4fa1ece80e21df149e62e7f41b1eb2761aff113c52a9819cad33621e3548587978bb8e08b67a09461085489f96df3e5fbe875,,,4/5/2022 12:50,15,NO CONTROLS,NO CONTROLS,CLEAR,DAYLIGHT,PARKED MOTOR VEHICLE,PARKING LOT,,STRAIGHT AND LEVEL,DRY,NO DEFECTS,ON SCENE,NO INJURY / DRIVE AWAY,,Y,,"OVER $1,500",4/5/2022 12:51,FAILING TO YIELD RIGHT-OF-WAY,UNABLE TO DETERMINE,440,W,BARRY AVE,1934,,,,,,,2,NO INDICATION OF INJURY,0,0,0,0,0,1,0,12,3,4,41.93782198,-87.64099388,POINT (-87.640993884491 41.937821984041)
0f9c66c175ae76a996be5a0d670a3f110daa66a5ad10a52cab8f34dfcabb1bd40f33b25fa0d021f617e57e68669f524d2d947134307e6764a7ffbdd1f37ca42b,JA136250,,1/31/2017 8:40,30,TRAFFIC SIGNAL,FUNCTIONING PROPERLY,RAIN,DAYLIGHT,REAR END,DIVIDED - W/MEDIAN (NOT RAISED),2,STRAIGHT AND LEVEL,WET,UNKNOWN,NOT ON SCENE (DESK REPORT),NO INJURY / DRIVE AWAY,Y,,,"$501 - $1,500",1/31/2017 9:10,UNABLE TO DETERMINE,UNABLE TO DETERMINE,7400,N,WESTERN AVE,2411,,,,,,,2,NO INDICATION OF INJURY,0,0,0,0,0,2,0,8,3,1,42.01585949,-87.69006748,POINT (-87.690067481222 42.015859491773)
2ee0a140b272613e396032b8a3095a559184270fa0af6845eefc509599c8df3bcc0b8b1526311afd4d16402ef2b9afdf7f4c2a6bcc67f553115966134a2570ce,JA560720,,12/23/2017 13:35,30,TRAFFIC SIGNAL,FUNCTIONING PROPERLY,CLEAR,DAYLIGHT,REAR END,DIVIDED - W/MEDIAN (NOT RAISED),4,STRAIGHT AND LEVEL,DRY,NO DEFECTS,NOT ON SCENE (DESK REPORT),NO INJURY / DRIVE AWAY,Y,,,$500 OR LESS,12/23/2017 13:50,IMPROPER BACKING,NOT APPLICABLE,7400,N,WESTERN AVE,2411,,,,,,,2,NO INDICATION OF INJURY,0,0,0,0,0,2,0,13,7,12,42.01585949,-87.69006748,POINT (-87.690067481222 42.015859491773)
0d06b9caf83ecb26246de44390d529df870ed689ee5541db140cbad311e57cfab66cf30fdeddd5263d8f3d0b985d3b9f79d2ebe38afcbffbb6711b81a4c181c3,,,4/6/2022 8:00,35,UNKNOWN,UNKNOWN,UNKNOWN,UNKNOWN,PARKED MOTOR VEHICLE,NOT DIVIDED,,STRAIGHT AND LEVEL,UNKNOWN,UNKNOWN,ON SCENE,NO INJURY / DRIVE AWAY,,,Y,$500 OR LESS,4/6/2022 11:16,UNABLE TO DETERMINE,UNABLE TO DETERMINE,11728,S,PERRY AVE,522,,,,,,,3,NO INDICATION OF INJURY,0,0,0,0,0,1,0,8,4,4,41.68075073,-87.62534697,POINT (-87.625346971493 41.680750724506)
0ce7d4ffff0abe94909c32b1a36e0395cf37f9ed827d3a295dfc340737e34b6c1dd9479ea13a39fabfc077479c8978303c7b7cee7cbc3cb3fa48f653b3ff57d7,,,4/6/2022 15:10,30,NO CONTROLS,NO CONTROLS,CLEAR,DUSK,REAR END,NOT DIVIDED,,STRAIGHT AND LEVEL,DRY,NO DEFECTS,NOT ON SCENE (DESK REPORT),NO INJURY / DRIVE AWAY,,,Y,"OVER $1,500",4/6/2022 15:30,FOLLOWING TOO CLOSELY,NOT APPLICABLE,7200,S,WENTWORTH AVE,731,,,,,,,2,NO INDICATION OF INJURY,0,0,0,0,0,2,0,15,4,4,41.76351932,-87.62987307,POINT (-87.629873071249 41.763519320311)
1c2054a4dd04e269b08732d8c88ded2f41a21775b3ea308e91ad4f42500907986e3ea2eeeae584a3497e8695d39a5a7c0ba9cd7b24c2d2f9ff29d70760d5a60e,JC516887,,11/19/2019 18:30,30,NO CONTROLS,NO CONTROLS,UNKNOWN,UNKNOWN,PARKED MOTOR VEHICLE,NOT DIVIDED,,STRAIGHT AND LEVEL,UNKNOWN,UNKNOWN,NOT ON SCENE (DESK REPORT),NO INJURY / DRIVE AWAY,,,,$500 OR LESS,11/19/2019 19:30,UNABLE TO DETERMINE,UNABLE TO DETERMINE,7426,N,WESTERN AVE,2411,,,,,,,2,NO INDICATION OF INJURY,0,0,0,0,0,1,0,18,3,11,42.01664992,-87.69005955,POINT (-87.690059553211 42.016649924255)
a18c795daf06a51bbc7388dab9ced53dc591014fc5d1ee092be6387c15b25478b029f9510eb35adec629b34dbedd904a09864d8161cf8527ab9795b6059aa4d9,JE457569,,11/26/2021 14:30,20,UNKNOWN,UNKNOWN,UNKNOWN,UNKNOWN,REAR END,ALLEY,,STRAIGHT AND LEVEL,UNKNOWN,UNKNOWN,NOT ON SCENE (DESK REPORT),NO INJURY / DRIVE AWAY,,,Y,"$501 - $1,500",11/26/2021 15:50,UNABLE TO DETERMINE,NOT APPLICABLE,7419,N,WESTERN AVE,2411,,,,,,,2,NO INDICATION OF INJURY,0,0,0,0,0,2,0,14,6,11,42.01580245,-87.6903604,POINT (-87.690360395806 42.01580245356)
49041ff597c61b411e45ed0d4fc4ad48e0de14ed93fc9bfce8295bbd7e45ee5b334cc91651ec30af368fee66082b566202b6f2134a8102cd65ad0fb54f7d8166,JE278275,,6/24/2021 17:16,35,TRAFFIC SIGNAL,FUNCTIONING PROPERLY,RAIN,DAYLIGHT,ANGLE,NOT DIVIDED,,STRAIGHT AND LEVEL,WET,NO DEFECTS,ON SCENE,INJURY AND / OR TOW DUE TO CRASH,Y,,Y,"$501 - $1,500",6/24/2021 17:26,UNABLE TO DETERMINE,NOT APPLICABLE,7404,N,WESTERN AVE,2411,,,,,,,2,NO INDICATION OF INJURY,0,0,0,0,0,2,0,17,5,6,42.01603378,-87.69006401,POINT (-87.690064012981 42.01603377998)
0dfdb94bf5b16766f0a081dce166a978f0df8a73df8fb686675b864409d4abf506e31104ac7134bd067a10bc3db616bf69f3f23cdf5b374acc22b51a2d867531,,,4/6/2022 22:09,30,TRAFFIC SIGNAL,UNKNOWN,UNKNOWN,UNKNOWN,REAR END,DIVIDED - W/MEDIAN (NOT RAISED),,STRAIGHT AND LEVEL,UNKNOWN,UNKNOWN,NOT ON SCENE (DESK REPORT),NO INJURY / DRIVE AWAY,Y,,,"$501 - $1,500",4/6/2022 23:24,UNABLE TO DETERMINE,NOT APPLICABLE,4648,S,CICERO AVE,814,,,,,,,2,NO INDICATION OF INJURY,0,0,0,0,0,2,0,22,4,4,41.80799554,-87.74330556,POINT (-87.743305558616 41.80799553591)
04b553fb85d87cf658af88dfe3731d8e637b471a54915f31459b3f26c8ac7b28293351430b79f897460d95ae9e3af86d35905593b44831151b891ba0d428ec6a,JF185024,,3/24/2022 13:30,30,TRAFFIC SIGNAL,FUNCTIONING PROPERLY,RAIN,DAYLIGHT,REAR END,DIVIDED - W/MEDIAN (NOT RAISED),,STRAIGHT AND LEVEL,WET,NO DEFECTS,ON SCENE,NO INJURY / DRIVE AWAY,,,,"$501 - $1,500",3/24/2022 13:45,DISTRACTION - FROM INSIDE VEHICLE,DISTRACTION - FROM INSIDE VEHICLE,4312,W,NORTH AVE,2534,,,,,,,2,NO INDICATION OF INJURY,0,0,0,0,0,2,0,13,5,3,41.90989121,-87.73430273,POINT (-87.734302729436 41.909891207502)
0a1b1ebc3ef178919215581c9139bf1062c959e62411e45c5463f608364b672ad84f77cda1c1d7959f6a9994a5c9edc1514e2baac65ccdbb6774c692b508ebf8,,Y,4/5/2022 5:00,30,NO CONTROLS,NO CONTROLS,CLEAR,"DARKNESS, LIGHTED ROAD",PARKED MOTOR VEHICLE,FOUR WAY,,STRAIGHT AND LEVEL,DRY,NO DEFECTS,ON SCENE,NO INJURY / DRIVE AWAY,,,Y,"$501 - $1,500",4/5/2022 12:30,UNABLE TO DETERMINE,UNABLE TO DETERMINE,2028,W,50TH ST,931,,,,,,,2,NO INDICATION OF INJURY,0,0,0,0,0,1,0,5,3,4,41.80315321,-87.67571217,POINT (-87.675712171448 41.803153208022)
ee3e5a43ee9965f85c46fb44d44736d5eabcb54a914fae4dfabb554a2eb095e6c4c42c73b3b3275a738dde703677d648c8120e444789db6fe53c6b96e6de62fb,JC565106,,12/30/2019 10:35,30,TRAFFIC SIGNAL,FUNCTIONING PROPERLY,CLOUDY/OVERCAST,DAYLIGHT,SIDESWIPE SAME DIRECTION,NOT DIVIDED,,STRAIGHT AND LEVEL,WET,UNKNOWN,ON SCENE,NO INJURY / DRIVE AWAY,,,N,$500 OR LESS,12/30/2019 10:57,IMPROPER LANE USAGE,NOT APPLICABLE,7402,N,WESTERN AVE,2411,,,,,,,2,NO INDICATION OF INJURY,0,0,0,0,0,2,0,10,2,12,42.01579638,-87.69006866,POINT (-87.690068658752 42.015796381438)
01e773e168030bb8b5044a5217a4dacb8ef20a5274394b3ce3cf6340c9521f450b1544b8571014216e12a4fac973ce0e0073a75aa20cd22ae7a8de6d181f729a,,,4/6/2022 8:53,30,NO CONTROLS,NO CONTROLS,RAIN,DAYLIGHT,TURNING,ONE-WAY,,STRAIGHT AND LEVEL,WET,NO DEFECTS,ON SCENE,NO INJURY / DRIVE AWAY,,,,"OVER $1,500",4/6/2022 8:59,FAILING TO REDUCE SPEED TO AVOID CRASH,UNABLE TO DETERMINE,5448,S,WELLS ST,935,,,,,,,2,NO INDICATION OF INJURY,0,0,0,0,0,2,0,8,4,4,41.79486949,-87.63193707,POINT (-87.631937064523 41.794869491572)
08340fce4f9625b508bcba5e9393941a96e3bcddee62b7671c8ee850a545760645720ad3525b58dddb83ff19cd276c66201bd5529e46de9597f002ca4b672593,,,4/6/2022 15:50,30,NO CONTROLS,NO CONTROLS,CLEAR,DAYLIGHT,OTHER OBJECT,ALLEY,,STRAIGHT AND LEVEL,DRY,UNKNOWN,ON SCENE,NO INJURY / DRIVE AWAY,,,,"OVER $1,500",4/6/2022 15:57,NOT APPLICABLE,NOT APPLICABLE,3336,W,LAWRENCE AVE,1713,,,,,,,1,NO INDICATION OF INJURY,0,0,0,0,0,3,0,15,4,4,41.96852201,-87.71237951,POINT (-87.712379504973 41.968522006933)
0dce1028b6a616f80008a6bb7c2768e96ecab7bf182bac675dc893e6f6afa5a58341b79eea88c9f93440da50d8d6189542d59f85bb97d328df6a1af7ae4f60c4,JF185276,,3/24/2022 16:40,15,NO CONTROLS,NO CONTROLS,RAIN,DAYLIGHT,SIDESWIPE SAME DIRECTION,ONE-WAY,,STRAIGHT AND LEVEL,WET,NO DEFECTS,ON SCENE,NO INJURY / DRIVE AWAY,,,,"OVER $1,500",3/24/2022 16:41,FAILING TO YIELD RIGHT-OF-WAY,UNABLE TO DETERMINE,6350,N,CLAREMONT AVE,2413,,,,,,,3,NO INDICATION OF INJURY,0,0,0,0,0,4,0,16,5,3,41.99743112,-87.68880006,POINT (-87.688800058138 41.997431116246)
eabc5f5142fe0897d5b89f9f5dfb54a957182ef27220d3a4bc96c50bb4a2a814cd7bc88ddd884253563008516dea493223fb4b5f5951826609c712b3097603aa,HZ469788,,10/11/2016 11:40,30,NO CONTROLS,NO CONTROLS,CLEAR,DAYLIGHT,PARKED MOTOR VEHICLE,NOT DIVIDED,2,STRAIGHT AND LEVEL,DRY,NO DEFECTS,NOT ON SCENE (DESK REPORT),NO INJURY / DRIVE AWAY,,,,$500 OR LESS,10/11/2016 12:50,UNABLE TO DETERMINE,UNABLE TO DETERMINE,7416,N,WESTERN AVE,2411,,,,,,,2,NO INDICATION OF INJURY,0,0,0,0,0,1,0,11,3,10,42.01565509,-87.69006728,POINT (-87.690067277072 42.015655089144)