CRASH_RECORD_ID,RD_NO,CRASH_DATE_EST_I,CRASH_DATE,POSTED_SPEED_LIMIT,TRAFFIC_CONTROL_DEVICE,DEVICE_CONDITION,WEATHER_CONDITION,LIGHTING_CONDITION,FIRST_CRASH_TYPE,TRAFFICWAY_TYPE,LANE_CNT,ALIGNMENT,ROADWAY_SURFACE_COND,ROAD_DEFECT,REPORT_TYPE,CRASH_TYPE,INTERSECTION_RELATED_I,NOT_RIGHT_OF_WAY_I,HIT_AND_RUN_I,DAMAGE,DATE_POLICE_NOTIFIED,PRIM_CONTRIBUTORY_CAUSE,SEC_CONTRIBUTORY_CAUSE,STREET_NO,STREET_DIRECTION,STREET_NAME,BEAT_OF_OCCURRENCE,PHOTOS_TAKEN_I,STATEMENTS_TAKEN_I,DOORING_I,WORK_ZONE_I,WORK_ZONE_TYPE,WORKERS_PRESENT_I,NUM_UNITS,MOST_SEVERE_INJURY,INJURIES_TOTAL,INJURIES_FATAL,INJURIES_INCAPACITATING,INJURIES_NON_INCAPACITATING,INJURIES_REPORTED_NOT_EVIDENT,INJURIES_NO_INDICATION,INJURIES_UNKNOWN,CRASH_HOUR,CRASH_DAY_OF_WEEK,CRASH_MONTH,LATITUDE,LONGITUDE,LOCATION
367c84caf3198d2517cfd6b25288e554389abf051a27e43bfceca0ac84a544d9f67c71ae2fc01dae94c08845a7f9ef15951d4e8726a9dd39aae62bce94377b6d,JB464960,,10/6/2018 13:30,0,NO CONTROLS,NO CONTROLS,RAIN,DAYLIGHT,ANGLE,DIVIDED - W/MEDIAN (NOT RAISED),4,STRAIGHT AND LEVEL,WET,NO DEFECTS,,NO INJURY / DRIVE AWAY,,,,"$501 - $1,500",10/6/2018 14:30,WEATHER,FAILING TO YIELD RIGHT-OF-WAY,7428,N,WESTERN AVE,2411,,,,,,,2,NO INDICATION OF INJURY,0,0,0,0,0,2,0,13,7,10,42.01664992,-87.69005955,POINT (-87.690059553211 42.016649924255)
032cd7bfa5d647104f44890c74009e0acceb1c5581490702cab323ba7f9f102af646d265c7232e33df83f49fb957759f6ed4f084c615b358a7a599fd96863cb7,JF183706,,3/18/2022 17:30,30,TRAFFIC SIGNAL,FUNCTIONING PROPERLY,UNKNOWN,DAYLIGHT,SIDESWIPE SAME DIRECTION,DIVIDED - W/MEDIAN (NOT RAISED),,STRAIGHT AND LEVEL,UNKNOWN,WORN SURFACE,NOT ON SCENE (DESK REPORT),NO INJURY / DRIVE AWAY,,,Y,"OVER $1,500",3/23/2022 11:45,UNABLE TO DETERMINE,UNABLE TO DETERMINE,4701,S,HALSTED ST,935,,,,,,,2,NO INDICATION OF INJURY,0,0,0,0,0,2,0,17,6,3,41.80882096,-87.64538963,POINT (-87.64538962825 41.808820963534)
4358a455c69c41f5f8b20401dd40e4373f5a6020a07092edc1be0732549590e05ad18f82712eae46bde541ea50f6c8ae870c19f1f3073f02c842c8cb7747fbeb,JE360741,,9/3/2021 20:00,30,NO CONTROLS,NO CONTROLS,CLEAR,"DARKNESS, LIGHTED ROAD",SIDESWIPE SAME DIRECTION,DIVIDED - W/MEDIAN (NOT RAISED),,STRAIGHT AND LEVEL,DRY,NO DEFECTS,ON SCENE,INJURY AND / OR TOW DUE TO CRASH,,,,"OVER $1,500",9/3/2021 20:30,UNABLE TO DETERMINE,UNABLE TO DETERMINE,7412,N,WESTERN AVE,2411,,,,,,,2,NO INDICATION OF INJURY,0,0,0,0,0,2,0,20,6,9,42.01578132,-87.69006619,POINT (-87.690066189049 42.015781319426)
22583aac2dc76de91b1c9ff60e9636f4100a62f5bc4ee1df5288eed0905bb8c458a8fe2b098e70d6e1e69c710c544f3049e264fa27350e628e14ac2bf0481121,HZ462892,,10/5/2016 23:25,30,NO CONTROLS,NO CONTROLS,CLEAR,"DARKNESS, LIGHTED ROAD",REAR END,DIVIDED - W/MEDIAN (NOT RAISED),4,STRAIGHT AND LEVEL,DRY,OTHER,ON SCENE,NO INJURY / DRIVE AWAY,,,Y,"$501 - $1,500",10/5/2016 23:35,ROAD CONSTRUCTION/MAINTENANCE,FAILING TO REDUCE SPEED TO AVOID CRASH,7412,N,WESTERN AVE,2411,,,,Y,UNKNOWN,,2,NO INDICATION OF INJURY,0,0,0,0,0,2,0,23,4,10,42.01578132,-87.69006619,POINT (-87.690066189049 42.015781319426)
385cf63e823b1eff5e48fa7bcdf63d657a493b598e57846609f8229c2e7e718168595b13e948039f5e8ecb2b38b2a3368635874a082e46c8211c886a4944639b,JA195661,,3/21/2017 17:00,30,NO CONTROLS,NO CONTROLS,CLEAR,DAYLIGHT,TURNING,ALLEY,1,STRAIGHT AND LEVEL,DRY,NO DEFECTS,NOT ON SCENE (DESK REPORT),NO INJURY / DRIVE AWAY,,,,"$501 - $1,500",3/21/2017 21:30,DRIVING SKILLS/KNOWLEDGE/EXPERIENCE,UNABLE TO DETERMINE,7411,N,WESTERN AVE,2411,,,,,,,2,NO INDICATION OF INJURY,0,0,0,0,0,2,0,17,3,3,42.01600758,-87.69035863,POINT (-87.690358628696 42.016007577772)
94a371d8f4f1d54bb7ebea4012dacf408673e223979cfccf65390042166cfe393930c58dda4eb5ed961eb04b9380420815ef209b1356454115757c6906510469,JC178527,,3/8/2019 19:34,35,TRAFFIC SIGNAL,FUNCTIONING PROPERLY,OTHER,"DARKNESS, LIGHTED ROAD",TURNING,NOT DIVIDED,4,STRAIGHT AND LEVEL,DRY,NO DEFECTS,ON SCENE,INJURY AND / OR TOW DUE TO CRASH,Y,,,"OVER $1,500",3/8/2019 19:50,DISREGARDING TRAFFIC SIGNALS,FAILING TO YIELD RIGHT-OF-WAY,7400,N,WESTERN AVE,2411,,,,,,,2,NO INDICATION OF INJURY,0,0,0,0,0,3,0,19,6,3,42.01585949,-87.69006748,POINT (-87.690067481222 42.015859491773)
1830668d793b230f981deffa28b30404fd63e36ed6db10db6d85849ad10a1bf6a548dd8e97c3e86cf1906402c0c5a7d9c02cbcdc01acf5ab0276d63ee23ad8c5,HZ287379,,5/31/2016 13:30,35,NO CONTROLS,NO CONTROLS,CLEAR,DAYLIGHT,TURNING,NOT DIVIDED,4,STRAIGHT AND LEVEL,DRY,NO DEFECTS,NOT ON SCENE (DESK REPORT),NO INJURY / DRIVE AWAY,,,Y,"$501 - $1,500",5/31/2016 14:11,IMPROPER TURNING/NO SIGNAL,UNABLE TO DETERMINE,7437,N,WESTERN AVE,2411,,,,,,,2,NO INDICATION OF INJURY,0,0,0,0,0,2,0,13,3,5,42.01665362,-87.6903539,POINT (-87.690353898291 42.016653618189)
39efc947717439c281940bb99d89f62968682c20a915f0a11292f65a1e1d90541a7f19dbfb83513b01e1decb37754c52769512259105c954f036b8c062474767,JD401133,,10/16/2020 10:30,30,TRAFFIC SIGNAL,FUNCTIONING PROPERLY,CLOUDY/OVERCAST,DAYLIGHT,SIDESWIPE SAME DIRECTION,NOT DIVIDED,,STRAIGHT AND LEVEL,DRY,NO DEFECTS,NOT ON SCENE (DESK REPORT),NO INJURY / DRIVE AWAY,,,,"OVER $1,500",10/16/2020 11:00,FOLLOWING TOO CLOSELY,NOT APPLICABLE,7400,N,WESTERN AVE,2411,,,,Y,CONSTRUCTION,Y,2,NO INDICATION OF INJURY,0,0,0,0,0,2,0,10,6,10,42.01585949,-87.69006748,POINT (-87.690067481222 42.015859491773)
3769ea018ce5095353271e7555eaf9380e49421c709c95075f5f58b35adec17d2b623c1bd842a6ebca624feeb086a3cfec7d197ae3cf47ffa7637fbb29f59031,JE235532,,5/19/2021 16:15,25,NO CONTROLS,NO CONTROLS,CLEAR,DAYLIGHT,SIDESWIPE SAME DIRECTION,NOT DIVIDED,,STRAIGHT AND LEVEL,DRY,NO DEFECTS,NOT ON SCENE (DESK REPORT),NO INJURY / DRIVE AWAY,,,Y,"$501 - $1,500",5/19/2021 17:20,UNABLE TO DETERMINE,UNABLE TO DETERMINE,7420,N,WESTERN AVE,2411,,,,,,,2,NO INDICATION OF INJURY,0,0,0,0,0,2,0,16,4,5,42.01552886,-87.69006837,POINT (-87.690068365088 42.01552885886)
e3f4d08535bbca7e547d2f938454c00b64687cc5f565a6252f24d6e7e0038452140dcbcdc1afea8d7a747b5e9455e6673a903bbd9d789e01a4509a4264851624,JD269258,,6/19/2020 14:15,20,NO CONTROLS,NO CONTROLS,CLEAR,DAYLIGHT,SIDESWIPE SAME DIRECTION,ONE-WAY,,STRAIGHT AND LEVEL,DRY,NO DEFECTS,,NO INJURY / DRIVE AWAY,,,,"$501 - $1,500",6/19/2020 14:15,NOT APPLICABLE,NOT APPLICABLE,4949,N,DRAKE AVE,1712,,,,,,,2,NO INDICATION OF INJURY,0,0,0,0,0,2,0,14,6,6,41.9716352,-87.71697859,POINT (-87.716978586231 41.97163519575)
053fc60af645ce773df699d9d4182a07f3f5ea07f249e77e35a56a3f3e5e7f6f11359a346d56e459c0c4c503761aed2be65d415fe7fa41e048f600a6b610019d,,Y,4/6/2022 6:00,25,NO CONTROLS,NO CONTROLS,RAIN,DAYLIGHT,PARKED MOTOR VEHICLE,ONE-WAY,,STRAIGHT AND LEVEL,WET,NO DEFECTS,ON SCENE,NO INJURY / DRIVE AWAY,,,Y,"$501 - $1,500",4/6/2022 7:20,NOT APPLICABLE,NOT APPLICABLE,7557,S,UNION AVE,621,,,,,,,2,NO INDICATION OF INJURY,0,0,0,0,0,1,0,6,4,4,41.75627926,-87.64159771,POINT (-87.641597706148 41.756279255689)
75a770d882565b8245c60153135d5dd8c689cc030c0a6390f30970cc01cbfd36dbad65c766ec100c26ac7ebf7983e5fd47714d4eef620cc674c60ff40a339393,JD111660,,1/10/2020 23:56,30,NO CONTROLS,NO CONTROLS,RAIN,"DARKNESS, LIGHTED ROAD",REAR END,NOT DIVIDED,,STRAIGHT AND LEVEL,WET,NO DEFECTS,ON SCENE,INJURY AND / OR TOW DUE TO CRASH,,,,"OVER $1,500",1/10/2020 23:58,FOLLOWING TOO CLOSELY,WEATHER,7421,N,WESTERN AVE,2411,N,N,,,,,2,NO INDICATION OF INJURY,0,0,0,0,0,2,0,23,6,1,42.01575117,-87.69036084,POINT (-87.69036083758 42.015751172506)
9502c328e675d54169142f5a8ebf1b9a6881975628f985febeb65011dec8378708ff7a62841bc95c1be5ccfdb6a47ebfc4d23192b6b9b0e7e1abe40aa827035a,JD402199,,10/17/2020 10:25,15,NO CONTROLS,NO CONTROLS,CLOUDY/OVERCAST,DAYLIGHT,ANGLE,ALLEY,,STRAIGHT AND LEVEL,DRY,NO DEFECTS,NOT ON SCENE (DESK REPORT),NO INJURY / DRIVE AWAY,,,,"$501 - $1,500",10/17/2020 11:30,DRIVING SKILLS/KNOWLEDGE/EXPERIENCE,UNABLE TO DETERMINE,7420,N,WESTERN AVE,2411,,,,,,,2,NO INDICATION OF INJURY,0,0,0,0,0,2,0,10,7,10,42.01552886,-87.69006837,POINT (-87.690068365088 42.01552885886)
0fc4312ee0a99367b49f83520919648bbd496540c4019ef6693f7e1a66fd94671d30eaf70545ad187e788b85bb5f7d21a0e425a47d51d139f23d8bb51e427321,JF184932,,2/25/2022 11:27,10,NO CONTROLS,NO CONTROLS,UNKNOWN,UNKNOWN,PARKED MOTOR VEHICLE,PARKING LOT,,STRAIGHT AND LEVEL,SNOW OR SLUSH,UNKNOWN,NOT ON SCENE (DESK REPORT),NO INJURY / DRIVE AWAY,,,Y,"$501 - $1,500",3/24/2022 12:33,DRIVING SKILLS/KNOWLEDGE/EXPERIENCE,UNABLE TO DETERMINE,2345,W,NORTH AVE,1424,,,,,,,2,NO INDICATION OF INJURY,0,0,0,0,0,1,0,11,6,2,41.91022154,-87.68656369,POINT (-87.686563684577 41.910221538262)
0f21a613f4d58f2ae05111092d6233a47e16e8c7b302b612f90afad475490e1f2c386b06e4c83d93b95c83ee9d16ac5d1f042ca1eb5f69558dc3f3cd2eda30c4,,N,3/30/2022 17:00,10,NO CONTROLS,NO CONTROLS,CLEAR,UNKNOWN,PARKED MOTOR VEHICLE,PARKING LOT,,STRAIGHT AND LEVEL,DRY,NO DEFECTS,NOT ON SCENE (DESK REPORT),NO INJURY / DRIVE AWAY,,,Y,"$501 - $1,500",4/6/2022 14:45,UNABLE TO DETERMINE,NOT APPLICABLE,4555,S,WESTERN AVE,922,,,,,,,2,NO INDICATION OF INJURY,0,0,0,0,0,1,0,17,4,3,41.81042922,-87.68435067,POINT (-87.684350669745 41.810429214618)
0bbde864b312b3e3889912d0054ed3c740823ac2e61254c5ba35f03eb6ec780ecd02a15dbbb1204faa3145fd248d8c94566db9bd61406d50eb7c47f2f6d03c2f,,,4/5/2022 9:00,30,NO CONTROLS,NO CONTROLS,UNKNOWN,UNKNOWN,PARKED MOTOR VEHICLE,ONE-WAY,,STRAIGHT AND LEVEL,UNKNOWN,UNKNOWN,NOT ON SCENE (DESK REPORT),NO INJURY / DRIVE AWAY,,,Y,"OVER $1,500",4/6/2022 10:30,NOT APPLICABLE,NOT APPLICABLE,2800,N,MAJOR AVE,2514,,,,,,,2,NO INDICATION OF INJURY,0,0,0,0,0,1,0,9,3,4,41.93133274,-87.76882592,POINT (-87.768825922424 41.931332737669)
0be2a68b3610bd0b184f97f7e134145579b0a375ac430e5f953f07a97618361bbb2672f07b3e6e53e744d41c75dba277550489c47aa30dbcd0e6163e924f1914,JF183408,Y,3/23/2022 6:24,30,FLASHING CONTROL SIGNAL,OTHER,RAIN,DAWN,ANGLE,FOUR WAY,,STRAIGHT AND LEVEL,WET,NO DEFECTS,ON SCENE,INJURY AND / OR TOW DUE TO CRASH,Y,,,"OVER $1,500",3/23/2022 6:25,FAILING TO YIELD RIGHT-OF-WAY,FAILING TO REDUCE SPEED TO AVOID CRASH,1200,S,HALSTED ST,1232,,,,,,,2,NONINCAPACITATING INJURY,1,0,0,1,0,1,0,6,4,3,41.86712525,-87.64706481,POINT (-87.647064808299 41.867125250673)
05fcd609d2b236dbd2989ba1485417ca7e0082459263b879809c10dfeeb3d822c75f52b29ea6e78e8abfe577f7cd4389c734752ddc08bb178f2a24a111e4cc52,JF185356,,3/24/2022 15:40,30,NO CONTROLS,NO CONTROLS,RAIN,DAYLIGHT,SIDESWIPE SAME DIRECTION,NOT DIVIDED,,STRAIGHT AND LEVEL,WET,NO DEFECTS,NOT ON SCENE (DESK REPORT),NO INJURY / DRIVE AWAY,,,,"$501 - $1,500",3/24/2022 18:00,UNABLE TO DETERMINE,UNABLE TO DETERMINE,3400,W,GRAND AVE,1121,,,,,,,2,NO INDICATION OF INJURY,0,0,0,0,0,2,0,15,5,3,41.89982195,-87.71143866,POINT (-87.711438657065 41.899821947712)
032288f559361984e9e1f5c349964fe35d26d001bf0c7b72d35eb7f84a5ee97c4e9e62049747e59fcb2a0a8de264b6975e8e0406dae429187dab0b62ba1b689e,,,4/5/2022 15:00,15,NO CONTROLS,NO CONTROLS,CLEAR,DAYLIGHT,SIDESWIPE SAME DIRECTION,DIVIDED - W/MEDIAN BARRIER,,STRAIGHT AND LEVEL,DRY,NO DEFECTS,ON SCENE,NO INJURY / DRIVE AWAY,,,,"$501 - $1,500",4/5/2022 15:20,UNABLE TO DETERMINE,UNABLE TO DETERMINE,3,W,TERMINAL ST,1653,,,,,,,2,NO INDICATION OF INJURY,0,0,0,0,0,2,0,15,3,4,,,
4770512c70bae27ff59d2144d2211a58129f0c01e74b67981604ae412d1575852dc7bf9680557d0909bbccca896168a7806ffaf50dbb870b98631bf1067d428a,JE443000,,11/8/2021 18:15,30,TRAFFIC SIGNAL,FUNCTIONING PROPERLY,CLEAR,DARKNESS,SIDESWIPE SAME DIRECTION,NOT DIVIDED,,STRAIGHT AND LEVEL,DRY,UNKNOWN,NOT ON SCENE (DESK REPORT),NO INJURY / DRIVE AWAY,,,,"$501 - $1,500",11/12/2021 17:30,IMPROPER LANE USAGE,UNABLE TO DETERMINE,7400,N,WESTERN AVE,2411,,,,,,,2,NO INDICATION OF INJURY,0,0,0,0,0,2,0,18,2,11,42.01585949,-87.69006748,POINT (-87.690067481222 42.015859491773)
0a14cfa1d37387e3eddb3d63587b19a62376db02fcc895b40023eaa33fe630d86433468ec0c400d661ae5c7d3d5f8c470b4dc7abf5bf63ff98f85de470b22ed4,,,4/4/2022 22:00,30,NO CONTROLS,NO CONTROLS,CLEAR,"DARKNESS, LIGHTED ROAD",SIDESWIPE SAME DIRECTION,DIVIDED - W/MEDIAN (NOT RAISED),,STRAIGHT AND LEVEL,DRY,NO DEFECTS,NOT ON SCENE (DESK REPORT),NO INJURY / DRIVE AWAY,,,,$500 OR LESS,4/5/2022 22:00,IMPROPER LANE USAGE,FAILING TO REDUCE SPEED TO AVOID CRASH,6536,S,KEDZIE AVE,831,,,,,,,2,NO INDICATION OF INJURY,0,0,0,0,0,2,0,22,2,4,41.77424421,-87.70317482,POINT (-87.703174822309 41.774244210349)
e66bd35a9da8e8d932c67ed9f26809fd3dcb452977a0daa096caa50c0bf54963bc11ca99d1836dcabed0bcc150ecf3d2d87ee018cde0c63d7c2d9551359dee3f,JD330822,,8/13/2020 10:30,30,TRAFFIC SIGNAL,FUNCTIONING PROPERLY,CLEAR,DAYLIGHT,REAR END,NOT DIVIDED,,STRAIGHT AND LEVEL,WET,UNKNOWN,ON SCENE,INJURY AND / OR TOW DUE TO CRASH,N,,,"OVER $1,500",8/13/2020 10:40,FOLLOWING TOO CLOSELY,NOT APPLICABLE,7400,N,WESTERN AVE,2411,,,,,,,2,NO INDICATION OF INJURY,0,0,0,0,0,2,0,10,5,8,42.01585949,-87.69006748,POINT (-87.690067481222 42.015859491773)
f1af32c8139942d9ac8d0e3998f044f86c95d2f04d93517f5ed06787c1b1452af1864c7fd72c7a751722942df4cbbd001694a686e43e789f6a0477452e16a395,JB516251,,11/14/2018 20:45,30,TRAFFIC SIGNAL,FUNCTIONING PROPERLY,CLEAR,"DARKNESS, LIGHTED ROAD",REAR END,DIVIDED - W/MEDIAN (NOT RAISED),4,STRAIGHT AND LEVEL,UNKNOWN,UNKNOWN,NOT ON SCENE (DESK REPORT),NO INJURY / DRIVE AWAY,Y,,Y,"$501 - $1,500",11/14/2018 22:15,IMPROPER BACKING,IMPROPER BACKING,7400,N,WESTERN AVE,2411,,,,,,,2,NO INDICATION OF INJURY,0,0,0,0,0,2,0,20,4,11,42.01585949,-87.69006748,POINT (-87.690067481222 42.015859491773)
98ad7bbac735ce31a9c21101574420cc9abc09bbf50b7f98c62cb9fdbf86dfb56c9628c3e8039e7d10fcf3883bb3ef64cac10e5e55222d0d04af1ed82f0c4f0b,HY524764,Y,12/4/2015 15:30,30,NO CONTROLS,NO CONTROLS,CLEAR,DAYLIGHT,SIDESWIPE SAME DIRECTION,NOT DIVIDED,2,STRAIGHT AND LEVEL,DRY,NO DEFECTS,NOT ON SCENE (DESK REPORT),NO INJURY / DRIVE AWAY,,,,$500 OR LESS,12/4/2015 15:50,IMPROPER OVERTAKING/PASSING,IMPROPER OVERTAKING/PASSING,7400,N,WESTERN AVE,2411,,,,,,,2,NO INDICATION OF INJURY,0,0,0,0,0,2,0,15,6,12,42.01585949,-87.69006748,POINT (-87.690067481222 42.015859491773)
01a042be55833d0b9fd64ed0841226679a3d0ba7f5cd9ac7d63fb6ccf81317245e865272ad0a2fb43f5123d8c00236a081ff89ecf5a435b9b2dd26d5ecc8b5c3,JF184805,,3/24/2022 5:55,30,STOP SIGN/FLASHER,NO CONTROLS,CLEAR,DAYLIGHT,TURNING,NOT DIVIDED,,STRAIGHT AND LEVEL,DRY,NO DEFECTS,NOT ON SCENE (DESK REPORT),NO INJURY / DRIVE AWAY,Y,,,"OVER $1,500",3/24/2022 10:15,IMPROPER TURNING/NO SIGNAL,FAILING TO YIELD RIGHT-OF-WAY,4801,W,LE MOYNE ST,2533,,,,,,,2,NO INDICATION OF INJURY,0,0,0,0,0,2,0,5,5,3,41.9076908,-87.74617733,POINT (-87.746177330468 41.907690794634)
0e6189d5a8814412cbddc27510b960fac03340be021d9857e44bcf358ae2d794f21798d49ce72c0f1199dcb181e3324c79bd503966ae2bd581d6903330146a01,JE328564,,8/4/2021 18:00,30,TRAFFIC SIGNAL,FUNCTIONING PROPERLY,CLEAR,DAWN,REAR END,NOT DIVIDED,,STRAIGHT AND LEVEL,DRY,UNKNOWN,NOT ON SCENE (DESK REPORT),NO INJURY / DRIVE AWAY,,,,"OVER $1,500",8/6/2021 17:00,FOLLOWING TOO CLOSELY,UNABLE TO DETERMINE,7419,N,WESTERN AVE,2411,,,,,,,2,NO INDICATION OF INJURY,0,0,0,0,0,2,0,18,4,8,42.01580245,-87.6903604,POINT (-87.690360395806 42.01580245356)
89e776fbf4e87403ab41315439b6db0a5c158238405ee2289e1ab5d43f8962fa663474fbcc22624dabf82614370414e88876beea044418769c1bab4571d5164f,JF183756,,3/22/2022 14:30,30,NO CONTROLS,NO CONTROLS,CLEAR,DAYLIGHT,PARKED MOTOR VEHICLE,OTHER,,STRAIGHT AND LEVEL,UNKNOWN,UNKNOWN,NOT ON SCENE (DESK REPORT),INJURY AND / OR TOW DUE TO CRASH,,,,"$501 - $1,500",3/23/2022 12:00,IMPROPER BACKING,IMPROPER BACKING,5800,S,ASHLAND AVE,715,,,,,,,2,NONINCAPACITATING INJURY,1,0,0,1,0,1,0,14,3,3,41.78852386,-87.664587,POINT (-87.664587002828 41.788523860512)
ca17b7b4d5087280a11286243a07349be6ef22ffc799c5af9454773e2a1306b0ea6d041d8a51907b4acb4f42229493db317313e5ac708bafc37a7ae88b9ef282,HY485875,,10/30/2015 18:00,30,NO CONTROLS,NO CONTROLS,UNKNOWN,DAYLIGHT,SIDESWIPE OPPOSITE DIRECTION,DIVIDED - W/MEDIAN (NOT RAISED),,STRAIGHT AND LEVEL,UNKNOWN,UNKNOWN,NOT ON SCENE (DESK REPORT),NO INJURY / DRIVE AWAY,,,,"$501 - $1,500",11/2/2015 10:00,IMPROPER LANE USAGE,NOT APPLICABLE,7431,N,WESTERN AVE,2411,,,,,,,2,NO INDICATION OF INJURY,0,0,0,0,0,2,0,18,6,10,42.01549477,-87.69036305,POINT (-87.690363046433 42.015494767229)
0e448fd36c390174186b5eb6b73d2bc478fac4d8afb481bc7754112d6331899a51c434e670750489ae8c7a9e349f701f0bbd6c6ddcb0c357111be91db123dfb8,JE304648,,7/16/2021 15:05,30,TRAFFIC SIGNAL,FUNCTIONING PROPERLY,CLEAR,DAYLIGHT,REAR END,NOT DIVIDED,,STRAIGHT AND LEVEL,DRY,NO DEFECTS,NOT ON SCENE (DESK REPORT),NO INJURY / DRIVE AWAY,Y,,Y,"OVER $1,500",7/17/2021 15:30,FOLLOWING TOO CLOSELY,NOT APPLICABLE,7408,N,WESTERN AVE,2411,,,,,,,2,NO INDICATION OF INJURY,0,0,0,0,0,2,0,15,6,7,42.01590755,-87.6900651,POINT (-87.690065101018 42.015907549704)
0be45cc80197bc86f0cb44a93171a18e4a42bacedd6940aedaae84c5635ea898c569726e6a656760a00fe6cc10a4d2027169e884ec1f597b1c5ca8142f443af4,JF184181,,3/23/2022 16:30,30,TRAFFIC SIGNAL,FUNCTIONING PROPERLY,RAIN,DAWN,SIDESWIPE SAME DIRECTION,NOT DIVIDED,,STRAIGHT AND LEVEL,WET,NO DEFECTS,NOT ON SCENE (DESK REPORT),NO INJURY / DRIVE AWAY,,,,"$501 - $1,500",3/23/2022 18:10,IMPROPER OVERTAKING/PASSING,IMPROPER OVERTAKING/PASSING,100,E,127TH ST,532,,,,,,,2,NO INDICATION OF INJURY,0,0,0,0,0,3,0,16,4,3,41.66358598,-87.61988918,POINT (-87.61988918223 41.663585975856)
f2476bf787e0ae09500691a8b22c7fa1501ed3f0b7f1da5a60936ecff98a8e17503eae4892088c9873b613fb9706c8107ea21c40f7b6547f1e4d920370a52783,JF185360,,3/23/2022 5:55,30,NO CONTROLS,NO CONTROLS,RAIN,DAYLIGHT,REAR TO FRONT,OTHER,,STRAIGHT AND LEVEL,WET,NO DEFECTS,NOT ON SCENE (DESK REPORT),NO INJURY / DRIVE AWAY,,,Y,"$501 - $1,500",3/24/2022 18:00,IMPROPER BACKING,UNABLE TO DETERMINE,2001,E,122ND ST,434,,,,,,,2,NO INDICATION OF INJURY,0,0,0,0,0,2,0,5,4,3,41.67356882,-87.57352788,POINT (-87.573527876359 41.673568823529)
0809074da85b4c237a63a4e85bf0d7668b62cdf39a87b65e8658ce245629dc341ccd41bd8009367e35cd774ab6f0207dc1a5f985e63ac054b8c40783c80f3d21,JF185469,,3/24/2022 18:30,30,UNKNOWN,UNKNOWN,RAIN,DAYLIGHT,SIDESWIPE SAME DIRECTION,NOT DIVIDED,,STRAIGHT AND LEVEL,WET,UNKNOWN,NOT ON SCENE (DESK REPORT),NO INJURY / DRIVE AWAY,,,Y,"OVER $1,500",3/24/2022 19:15,UNABLE TO DETERMINE,UNABLE TO DETERMINE,6141,N,CICERO AVE,1711,,,,,,,2,NO INDICATION OF INJURY,0,0,0,0,0,2,0,18,5,3,41.99249555,-87.74818287,POINT (-87.748182864873 41.992495547425)
1d2e268727d672ef2b433147876df2ad230804c1ecc12cd367f4bb0ec2ca2a1aace505e0ec736ede173d985d176f36f8159ee2faa671d25f460fe4b43812dbef,JF185189,,3/24/2022 15:45,30,TRAFFIC SIGNAL,FUNCTIONING PROPERLY,RAIN,DAYLIGHT,TURNING,T-INTERSECTION,,STRAIGHT AND LEVEL,WET,NO DEFECTS,ON SCENE,NO INJURY / DRIVE AWAY,Y,,,"$501 - $1,500",3/24/2022 15:50,DISTRACTION - FROM INSIDE VEHICLE,WEATHER,400,W,DIVISION ST,1821,,,,,,,2,NO INDICATION OF INJURY,0,0,0,0,0,5,0,15,5,3,41.90390274,-87.63837089,POINT (-87.63837088624 41.903902742747)
efe505b459b49cadf8b15160379b502a2a38c5faf19e78bf9082cc9a6c09e2341da8696060aeaa5e96a0fd3ce8e038293f8da803f48358b2e02327546f443f37,JF185422,,3/24/2022 17:45,30,STOP SIGN/FLASHER,FUNCTIONING PROPERLY,RAIN,DUSK,SIDESWIPE SAME DIRECTION,NOT DIVIDED,,STRAIGHT AND LEVEL,WET,NO DEFECTS,NOT ON SCENE (DESK REPORT),NO INJURY / DRIVE AWAY,,,,"$501 - $1,500",3/24/2022 18:40,UNABLE TO DETERMINE,UNABLE TO DETERMINE,1452,W,MONROE ST,1224,,,,,,,2,NO INDICATION OF INJURY,0,0,0,0,0,4,0,17,5,3,41.88032828,-87.66404128,POINT (-87.664041277959 41.880328275986)
6fd3599e3d1fd1cdb04ae6a183d2644e5f7768901ae52d07b4eba307659b0184ef31cf69dcb831ba32f62c504134baefc4096aba75c8038b81d1424ee1ef0bec,JF184718,,3/23/2022 9:20,25,NO CONTROLS,NO CONTROLS,RAIN,DAYLIGHT,SIDESWIPE OPPOSITE DIRECTION,NOT DIVIDED,,STRAIGHT AND LEVEL,WET,UNKNOWN,NOT ON SCENE (DESK REPORT),NO INJURY / DRIVE AWAY,,,,$500 OR LESS,3/24/2022 9:00,FOLLOWING TOO CLOSELY,FAILING TO REDUCE SPEED TO AVOID CRASH,849,W,BUENA AVE,1915,,,,,,,2,NO INDICATION OF INJURY,0,0,0,0,0,2,0,9,4,3,41.95835278,-87.65180597,POINT (-87.651805973694 41.958352783158)
b9e67ce6e69b4e98ecdb72e1e680974fc08b33f035c5547ab6c73167580e077d08bf142a7906b322856481732342f62934cd948e21bc3163010b7e05c3cc1b6a,JF181158,,3/21/2022 8:45,30,NO CONTROLS,NO CONTROLS,CLEAR,DAYLIGHT,SIDESWIPE SAME DIRECTION,DIVIDED - W/MEDIAN BARRIER,,STRAIGHT AND LEVEL,DRY,NO DEFECTS,ON SCENE,NO INJURY / DRIVE AWAY,,,Y,"$501 - $1,500",3/21/2022 8:46,"OPERATING VEHICLE IN ERRATIC, RECKLESS, CARELESS, NEGLIGENT OR AGGRESSIVE MANNER","OPERATING VEHICLE IN ERRATIC, RECKLESS, CARELESS, NEGLIGENT OR AGGRESSIVE MANNER",799,W,124TH ST,523,,,,,,,2,NO INDICATION OF INJURY,0,0,0,0,0,3,0,8,2,3,41.66860572,-87.64154201,POINT (-87.641542008568 41.668605718475)