CRASH_RECORD_ID,RD_NO,CRASH_DATE_EST_I,CRASH_DATE,POSTED_SPEED_LIMIT,TRAFFIC_CONTROL_DEVICE,DEVICE_CONDITION,WEATHER_CONDITION,LIGHTING_CONDITION,FIRST_CRASH_TYPE,TRAFFICWAY_TYPE,LANE_CNT,ALIGNMENT,ROADWAY_SURFACE_COND,ROAD_DEFECT,REPORT_TYPE,CRASH_TYPE,INTERSECTION_RELATED_I,NOT_RIGHT_OF_WAY_I,HIT_AND_RUN_I,DAMAGE,DATE_POLICE_NOTIFIED,PRIM_CONTRIBUTORY_CAUSE,SEC_CONTRIBUTORY_CAUSE,STREET_NO,STREET_DIRECTION,STREET_NAME,BEAT_OF_OCCURRENCE,PHOTOS_TAKEN_I,STATEMENTS_TAKEN_I,DOORING_I,WORK_ZONE_I,WORK_ZONE_TYPE,WORKERS_PRESENT_I,NUM_UNITS,MOST_SEVERE_INJURY,INJURIES_TOTAL,INJURIES_FATAL,INJURIES_INCAPACITATING,INJURIES_NON_INCAPACITATING,INJURIES_REPORTED_NOT_EVIDENT,INJURIES_NO_INDICATION,INJURIES_UNKNOWN,CRASH_HOUR,CRASH_DAY_OF_WEEK,CRASH_MONTH,LATITUDE,LONGITUDE,LOCATION
4b5c612f6d569702803c355dbb21aaaa506f85612bddbd68010bd84ca7fd30aab340ec4a521a074f4d90df162ac45b9378bd633f25cfa471b1ef3cbaa9ce2dd3,JF185594,,3/24/2022 22:06,30,TRAFFIC SIGNAL,FUNCTIONING PROPERLY,RAIN,DUSK,PEDALCYCLIST,FOUR WAY,,STRAIGHT AND LEVEL,WET,NO DEFECTS,ON SCENE,INJURY AND / OR TOW DUE TO CRASH,Y,,,"OVER $1,500",3/24/2022 22:06,DISREGARDING TRAFFIC SIGNALS,NOT APPLICABLE,7464,N,SHERIDAN RD,2422,,,,,,,2,NONINCAPACITATING INJURY,1,0,0,1,0,1,0,22,5,3,42.01807519,-87.66583922,POINT (-87.665839218168 42.018075189137)
90a26f3e96a318a088e94c88323dc07a6a8baba03310d0356094ccf432087f774c6c0b83fb63a1b2124103723434b0068245f75b5fe6486ea099097695bfd9a2,JF185244,,3/24/2022 15:25,40,TRAFFIC SIGNAL,FUNCTIONING PROPERLY,RAIN,DAYLIGHT,SIDESWIPE SAME DIRECTION,DIVIDED - W/MEDIAN (NOT RAISED),,STRAIGHT AND LEVEL,WET,NO DEFECTS,NOT ON SCENE (DESK REPORT),NO INJURY / DRIVE AWAY,,,Y,"OVER $1,500",3/24/2022 16:00,IMPROPER OVERTAKING/PASSING,IMPROPER OVERTAKING/PASSING,8700,S,STONY ISLAND AVE,412,,,,,,,2,NO INDICATION OF INJURY,0,0,0,0,0,3,0,15,5,3,41.73682263,-87.58578342,POINT (-87.585783420329 41.736822630157)
815032b7649b09b368248f407f51b647429873859b177f24d30215f8ef1c1404b5b0bea08ea9bdb786d209a4a215093c413ecf064208fd04b31b71d54c00bf30,JF183522,,3/23/2022 8:57,35,NO CONTROLS,NO CONTROLS,CLEAR,DAYLIGHT,SIDESWIPE SAME DIRECTION,DIVIDED - W/MEDIAN (NOT RAISED),,STRAIGHT AND LEVEL,WET,NO DEFECTS,ON SCENE,NO INJURY / DRIVE AWAY,,,,"$501 - $1,500",3/23/2022 8:57,FAILING TO YIELD RIGHT-OF-WAY,NOT APPLICABLE,2415,S,ASHLAND AVE,1235,,,,,,,2,NO INDICATION OF INJURY,0,0,0,0,0,2,0,8,4,3,41.84801118,-87.66581479,POINT (-87.665814792129 41.848011181958)
385d347e28427174b306bd9e9b6133f75d3b62e1509253e0d7e59d0ee698e305f6534ab4664fe591cfe6bd499b19b18f48ffe7992c387b4729b4ba6aa8b05f53,JF185488,,3/24/2022 15:00,10,NO CONTROLS,NO CONTROLS,UNKNOWN,UNKNOWN,PARKED MOTOR VEHICLE,OTHER,,STRAIGHT AND LEVEL,UNKNOWN,UNKNOWN,NOT ON SCENE (DESK REPORT),NO INJURY / DRIVE AWAY,,Y,Y,"OVER $1,500",3/24/2022 19:45,UNABLE TO DETERMINE,NOT APPLICABLE,4716,S,FORRESTVILLE AVE,223,,,,,,,2,NO INDICATION OF INJURY,0,0,0,0,0,1,0,15,5,3,41.808898,-87.61280502,POINT (-87.612805020275 41.808897998046)
3a0bec33cb58ba0f9b93083464a881216174fd7785ca1259e70ae1f7e169a76c40d1f267557693f95a8ce7f84690d15f7c51676d2c0bc0b6670fa3533865564f,JF185163,,3/24/2022 15:10,30,TRAFFIC SIGNAL,UNKNOWN,UNKNOWN,DAYLIGHT,REAR END,NOT DIVIDED,,STRAIGHT AND LEVEL,UNKNOWN,UNKNOWN,NOT ON SCENE (DESK REPORT),NO INJURY / DRIVE AWAY,,,,"OVER $1,500",3/24/2022 15:40,UNABLE TO DETERMINE,UNABLE TO DETERMINE,5699,N,AVONDALE AVE,1622,,,,,,,2,NO INDICATION OF INJURY,0,0,0,0,0,2,0,15,5,3,41.9850309,-87.7875516,POINT (-87.787551594662 41.985030902778)
3dba42d20b4ad055aad3a74a09c9e9f71d54471afc02d40c625a7cbed456c903c91930f6d9b2eb1d8417fe5112211418233ae038ba6afe37116a1e1bc0f3e8c4,JF185278,,3/24/2022 15:30,30,TRAFFIC SIGNAL,FUNCTIONING PROPERLY,RAIN,DAYLIGHT,SIDESWIPE SAME DIRECTION,DIVIDED - W/MEDIAN (NOT RAISED),,STRAIGHT AND LEVEL,WET,NO DEFECTS,NOT ON SCENE (DESK REPORT),NO INJURY / DRIVE AWAY,,,Y,"OVER $1,500",3/24/2022 16:00,FOLLOWING TOO CLOSELY,UNABLE TO DETERMINE,1600,W,43RD ST,924,,,,,,,2,NO INDICATION OF INJURY,0,0,0,0,0,5,0,15,5,3,41.81597982,-87.66521192,POINT (-87.665211917584 41.815979818564)
13f33ae5c10981b48727c01c98cd45a41642bd433164d7479ddb76fda8f373bdf8d37c785140731f894268cfccd056c06c2b701cc9ac160ef022d9e849288535,JF183767,,3/23/2022 11:45,30,TRAFFIC SIGNAL,UNKNOWN,RAIN,DAYLIGHT,SIDESWIPE SAME DIRECTION,NOT DIVIDED,,STRAIGHT AND LEVEL,WET,UNKNOWN,ON SCENE,NO INJURY / DRIVE AWAY,,,Y,"$501 - $1,500",3/23/2022 12:11,IMPROPER LANE USAGE,FAILING TO REDUCE SPEED TO AVOID CRASH,3411,S,DAMEN AVE,912,,,,,,,2,NO INDICATION OF INJURY,0,0,0,0,0,2,0,11,4,3,41.83184161,-87.6751684,POINT (-87.675168403983 41.831841613756)
4085b5fb3578998f54b0f6c44ab0a7e178e7ed1063fcf503eb88f7f614c0cc1d2c4b979c16057ab39832a4461c8c00b20e41c81514b801a523125f7a4025f6eb,JF185424,,3/24/2022 17:00,35,OTHER,FUNCTIONING PROPERLY,CLEAR,"DARKNESS, LIGHTED ROAD",SIDESWIPE SAME DIRECTION,ONE-WAY,,STRAIGHT AND LEVEL,WET,NO DEFECTS,NOT ON SCENE (DESK REPORT),NO INJURY / DRIVE AWAY,,,Y,"$501 - $1,500",3/24/2022 18:50,IMPROPER OVERTAKING/PASSING,UNABLE TO DETERMINE,76,E,MONROE ST,112,,,,,,,2,NO INDICATION OF INJURY,0,0,0,0,0,2,0,17,5,3,41.88092404,-87.6249342,POINT (-87.624934199852 41.880924035095)
47f68b4de2f36251552b5c92e188b3711424e3c3716e2d0917a0a8127f15334c485e6569fdaa9bbadfc77eeac78a6256547fb80a31d917c58548f3cd62fe0259,JF185249,,3/24/2022 15:23,30,UNKNOWN,UNKNOWN,UNKNOWN,UNKNOWN,SIDESWIPE SAME DIRECTION,NOT DIVIDED,,STRAIGHT AND LEVEL,UNKNOWN,UNKNOWN,NOT ON SCENE (DESK REPORT),NO INJURY / DRIVE AWAY,,,Y,"$501 - $1,500",3/24/2022 16:40,IMPROPER OVERTAKING/PASSING,IMPROPER LANE USAGE,2247,W,CHICAGO AVE,1221,,,,,,,2,NO INDICATION OF INJURY,0,0,0,0,0,3,0,15,5,3,41.89568537,-87.68381526,POINT (-87.683815255836 41.895685373512)
55696a2b78571e443bff545b351b5747cb85511676671131cd8b9932c92f27bd7edccfae8aadc3b8ebeb5f2ee83bb9e07fdfb60ef3f32b62ad63e6188b4b5330,JF184627,,3/24/2022 7:14,30,NO CONTROLS,NO CONTROLS,RAIN,DAYLIGHT,PARKED MOTOR VEHICLE,DIVIDED - W/MEDIAN (NOT RAISED),,STRAIGHT AND LEVEL,WET,NO DEFECTS,ON SCENE,INJURY AND / OR TOW DUE TO CRASH,,,,"OVER $1,500",3/24/2022 7:15,WEATHER,NOT APPLICABLE,3615,N,HARLEM AVE,1632,,,,,,,3,NONINCAPACITATING INJURY,1,0,0,1,0,0,0,7,5,3,41.94574256,-87.8068759,POINT (-87.806875898633 41.945742560213)
6665e4b064ff48a08a4dcf7227f59838789d52dd2ec8ec302a514c884faeac2b92df76043b59498f907fc3875a7e5b02023f8a0bb581fa8534287e707757d63d,JF185390,,3/24/2022 7:30,10,NO CONTROLS,NO CONTROLS,CLEAR,DAYLIGHT,SIDESWIPE OPPOSITE DIRECTION,OTHER,,STRAIGHT AND LEVEL,DRY,NO DEFECTS,NOT ON SCENE (DESK REPORT),NO INJURY / DRIVE AWAY,,,,$500 OR LESS,3/24/2022 18:00,UNABLE TO DETERMINE,UNABLE TO DETERMINE,235,W,VAN BUREN ST,122,,,,,,,2,NO INDICATION OF INJURY,0,0,0,0,0,2,0,7,5,3,41.87672216,-87.63471047,POINT (-87.634710470258 41.876722160511)
17fcf92ea3a4013a479c9013dd3f1b53491b867719bdc18fe685c356aeb0d8550d96e7d019cf635f1ac6650d68f64f23aa10e420cc381943efe5960b65a5f75a,JF184408,,3/23/2022 20:44,30,TRAFFIC SIGNAL,FUNCTIONING PROPERLY,RAIN,"DARKNESS, LIGHTED ROAD",ANGLE,NOT DIVIDED,,STRAIGHT AND LEVEL,WET,NO DEFECTS,ON SCENE,INJURY AND / OR TOW DUE TO CRASH,Y,,,"$501 - $1,500",3/23/2022 21:26,FAILING TO YIELD RIGHT-OF-WAY,NOT APPLICABLE,2560,N,CICERO AVE,2521,,,,,,,2,NONINCAPACITATING INJURY,2,0,0,2,0,1,0,20,4,3,41.92787104,-87.74659078,POINT (-87.746590782995 41.927871041312)
553f6f6e449794e9be5f3536ffbdb2f55d4e14f4eded9e959efeb38b6b82c08079bb6963d1ad06477331bd8235dc69e1f95b5ccd799657ad2367b3a994126851,JF184824,,3/24/2022 10:15,30,TRAFFIC SIGNAL,FUNCTIONING PROPERLY,CLOUDY/OVERCAST,DAYLIGHT,TURNING,FOUR WAY,,STRAIGHT AND LEVEL,WET,UNKNOWN,ON SCENE,INJURY AND / OR TOW DUE TO CRASH,Y,,,"OVER $1,500",3/24/2022 10:38,UNABLE TO DETERMINE,UNABLE TO DETERMINE,700,S,CICERO AVE,1533,,,,,,,2,NO INDICATION OF INJURY,0,0,0,0,0,2,0,10,5,3,41.87205805,-87.74507934,POINT (-87.745079343101 41.872058050459)
76fa8421de29130b87dbd37901d61db73461bb71dbfb259388b3f4aae1a3c82f3788129c33b37c319469f32e9655972a8a9d192b7bdedb6cbc73b71ab72252ab,JF185376,,3/24/2022 18:00,25,UNKNOWN,UNKNOWN,RAIN,DAYLIGHT,SIDESWIPE SAME DIRECTION,NOT DIVIDED,,STRAIGHT AND LEVEL,WET,NO DEFECTS,NOT ON SCENE (DESK REPORT),NO INJURY / DRIVE AWAY,,,,"$501 - $1,500",3/24/2022 18:08,UNABLE TO DETERMINE,NOT APPLICABLE,5000,W,MONTROSE AVE,1623,,,,,,,2,NO INDICATION OF INJURY,0,0,0,0,0,2,0,18,5,3,41.96076416,-87.75252267,POINT (-87.752522667879 41.960764161487)
975204531fac40c1b2ad7b3351de536049ee48003015f6aa2d8f25242196ce287ae082383d9f5663156b985aec74c2da913270f55c133d0d28b59b8ddbf5251a,JF185257,,3/24/2022 15:18,15,NO CONTROLS,NO CONTROLS,RAIN,DAYLIGHT,SIDESWIPE SAME DIRECTION,PARKING LOT,,STRAIGHT AND LEVEL,WET,NO DEFECTS,NOT ON SCENE (DESK REPORT),NO INJURY / DRIVE AWAY,,Y,,"$501 - $1,500",3/24/2022 16:50,UNABLE TO DETERMINE,UNABLE TO DETERMINE,2245,N,MC VICKER AVE,2512,,,,,,,2,NO INDICATION OF INJURY,0,0,0,0,0,2,0,15,5,3,41.92167549,-87.77671136,POINT (-87.776711356936 41.921675488911)
97b3e0d89ad2694a9f59552166a398b22c816c05ea7b7c8e68af322df3b948941bd2ad320f4b031309a06df9a15ab850dd9dad2a9cb3d02927dc6b6421b3d5aa,JF185618,,3/24/2022 21:35,30,TRAFFIC SIGNAL,UNKNOWN,RAIN,UNKNOWN,TURNING,FOUR WAY,,STRAIGHT AND LEVEL,WET,UNKNOWN,NOT ON SCENE (DESK REPORT),NO INJURY / DRIVE AWAY,Y,,Y,"$501 - $1,500",3/24/2022 23:00,FAILING TO YIELD RIGHT-OF-WAY,WEATHER,499,N,RUSH ST,1834,,,,,,,2,NO INDICATION OF INJURY,0,0,0,0,0,3,0,21,5,3,41.89087833,-87.62519855,POINT (-87.625198547203 41.890878326733)
b2021c000435c6620aa7efbfeb0449cd81ef2a44870a45883029d2744696ea064f874d30d68672b6ad9f47427ce63c0288b8461f629acb662df029f9f00a0c78,JF184620,,3/24/2022 7:40,30,STOP SIGN/FLASHER,FUNCTIONING PROPERLY,CLEAR,DAYLIGHT,ANGLE,NOT DIVIDED,,STRAIGHT AND LEVEL,DRY,NO DEFECTS,NOT ON SCENE (DESK REPORT),INJURY AND / OR TOW DUE TO CRASH,Y,,,$500 OR LESS,3/24/2022 7:44,UNABLE TO DETERMINE,UNABLE TO DETERMINE,2332,W,65TH ST,825,,,,,,,2,NO INDICATION OF INJURY,0,0,0,0,0,6,0,7,5,3,41.7757049,-87.68226058,POINT (-87.682260574926 41.775704901925)
e3f179e8725012a90877aeb865a2dda2eb0016797006a7652b618dc40d07d61d9d57ff5968b57cb3709d21d9f2d07b8f85b66505ea62916f6bbfbd14525056d9,JF185485,Y,3/24/2022 16:30,30,NO CONTROLS,NO CONTROLS,UNKNOWN,UNKNOWN,PARKED MOTOR VEHICLE,NOT DIVIDED,,STRAIGHT AND LEVEL,UNKNOWN,NO DEFECTS,ON SCENE,INJURY AND / OR TOW DUE TO CRASH,,,Y,"OVER $1,500",3/24/2022 19:25,NOT APPLICABLE,NOT APPLICABLE,2434,W,WABANSIA AVE,1434,,,,,,,2,NO INDICATION OF INJURY,0,0,0,0,0,1,0,16,5,3,41.91223143,-87.68870452,POINT (-87.688704515508 41.912231432058)
7a41c38d3313438c16815723d2891c3591163227c8e4332234d2015fb4b21bdc3696953ac5dd38d3c07a061fcb201c9d074b7ddbab8800f60e1426f7c6412cbb,JF182976,,3/22/2022 17:11,30,NO CONTROLS,NO CONTROLS,CLEAR,DAYLIGHT,PARKED MOTOR VEHICLE,DIVIDED - W/MEDIAN (NOT RAISED),,STRAIGHT AND LEVEL,DRY,NO DEFECTS,ON SCENE,NO INJURY / DRIVE AWAY,,,,"OVER $1,500",3/22/2022 17:20,IMPROPER BACKING,UNABLE TO DETERMINE,4500,N,WINCHESTER AVE,1912,,,,,,,2,NO INDICATION OF INJURY,0,0,0,0,0,1,0,17,3,3,41.96333911,-87.67768911,POINT (-87.677689108415 41.963339106846)
cf8da1ee0ef64e527331ab3d835e16f19357f66c2799814cbe8bb30c2dbfc2593a58498a814d10f3cc46b0fec0820504d346174a8a647968c29c7487913d9af7,JF185231,,3/3/2022 20:00,25,NO CONTROLS,NO CONTROLS,UNKNOWN,DUSK,PARKED MOTOR VEHICLE,OTHER,,STRAIGHT AND LEVEL,UNKNOWN,UNKNOWN,NOT ON SCENE (DESK REPORT),NO INJURY / DRIVE AWAY,,,Y,"OVER $1,500",3/24/2022 16:20,UNABLE TO DETERMINE,UNABLE TO DETERMINE,1240,W,GLENLAKE AVE,2433,,,,,,,2,NO INDICATION OF INJURY,0,0,0,0,0,1,0,20,5,3,41.99281644,-87.6619487,POINT (-87.661948698133 41.992816442997)
ca9a3ff0b2605437aca5ce3aa95347674be7cc47622599d7d4aea51bf30862ed22be74065dca7a99a7b678dece83571d15d7556737d085cdb1c5b0c5c2afaa20,JF184381,,3/23/2022 21:10,30,NO CONTROLS,UNKNOWN,RAIN,"DARKNESS, LIGHTED ROAD",PARKED MOTOR VEHICLE,NOT DIVIDED,,STRAIGHT AND LEVEL,WET,NO DEFECTS,ON SCENE,NO INJURY / DRIVE AWAY,,,Y,"OVER $1,500",3/23/2022 21:11,UNABLE TO DETERMINE,NOT APPLICABLE,3650,W,LE MOYNE ST,2535,,,,,,,2,NO INDICATION OF INJURY,0,0,0,0,0,1,0,21,4,3,41.90827177,-87.71876452,POINT (-87.71876452261 41.908271766728)
1dd4c481f09f9095aa92921ca163d4828f15d0637f1a0ed97cb97e16b33549c11db8e965958a5767082639ab00dc4c997e94bb0dfe7afd5c8d86d599bfe7895e,JF185264,,3/24/2022 16:00,30,NO CONTROLS,NO CONTROLS,RAIN,DAYLIGHT,PARKED MOTOR VEHICLE,NOT DIVIDED,,STRAIGHT AND LEVEL,WET,NO DEFECTS,ON SCENE,INJURY AND / OR TOW DUE TO CRASH,,,Y,"OVER $1,500",3/24/2022 16:15,UNABLE TO DETERMINE,NOT APPLICABLE,600,S,WELLS ST,123,,,,,,,2,NO INDICATION OF INJURY,0,0,0,0,0,1,0,16,5,3,41.87442086,-87.63377432,POINT (-87.633774323904 41.874420856833)
21527bf25860c955c8333c723444fefacb6c781d983cd0888df81fa3715d05251d6ac9182df251d4b678cc209e387329f0eb0a92bb61942ae7ecff1b32a3c25c,JF185380,,3/24/2022 18:05,30,NO CONTROLS,NO CONTROLS,RAIN,DAYLIGHT,PARKED MOTOR VEHICLE,NOT DIVIDED,,STRAIGHT AND LEVEL,WET,NO DEFECTS,ON SCENE,NO INJURY / DRIVE AWAY,,,,"OVER $1,500",3/24/2022 18:05,NOT APPLICABLE,NOT APPLICABLE,2231,S,MICHIGAN AVE,132,,,,,,,2,NO INDICATION OF INJURY,0,0,0,0,0,2,0,18,5,3,41.85196464,-87.62363359,POINT (-87.623633588964 41.851964639615)
44354f3be5a7f384c51a2f9f20cfcd58ca0fe33b429b859125b1889b6930276103cc3dcea24e5e5ea3060d8604ac3d2922088cb5a024a98c937be0f492732ee7,JF185662,,3/25/2022 0:53,35,TRAFFIC SIGNAL,FUNCTIONING PROPERLY,RAIN,"DARKNESS, LIGHTED ROAD",TURNING,FOUR WAY,,STRAIGHT AND LEVEL,WET,NO DEFECTS,ON SCENE,NO INJURY / DRIVE AWAY,Y,,Y,"OVER $1,500",3/25/2022 0:55,FAILING TO YIELD RIGHT-OF-WAY,NOT APPLICABLE,8700,S,ASHLAND AVE,2221,,,,,,,2,NO INDICATION OF INJURY,0,0,0,0,0,2,0,0,6,3,41.73569699,-87.66320954,POINT (-87.663209544457 41.735696988636)
086642461ffffe092ca447ad2c203cd966fb1250cf72d3acef954fb61c9357d50487018f7a1e6091bf9f34f8f2e2d13bf4a8dcf5e18a9854d7b019bc6a7f2ef2,,,4/2/2022 16:00,30,NO CONTROLS,NO CONTROLS,UNKNOWN,UNKNOWN,PARKED MOTOR VEHICLE,DIVIDED - W/MEDIAN (NOT RAISED),,STRAIGHT AND LEVEL,UNKNOWN,NO DEFECTS,NOT ON SCENE (DESK REPORT),NO INJURY / DRIVE AWAY,,,Y,"$501 - $1,500",4/6/2022 12:15,DRIVING SKILLS/KNOWLEDGE/EXPERIENCE,NOT APPLICABLE,2934,S,MICHIGAN AVE,133,,,,,,,2,NO INDICATION OF INJURY,0,0,0,0,0,1,0,16,7,4,41.84094103,-87.62366621,POINT (-87.623666209156 41.840941032557)
39a7085c3879f7e5602c14d9181fc0ccdaae0be8cf7d7242732bec82922c783634a5d5a97aa09408292f8d3fc6731e0b6bd233244fd573858fc02caf38fcc972,JF185060,,3/6/2022 15:00,25,NO CONTROLS,NO CONTROLS,UNKNOWN,DAYLIGHT,PARKED MOTOR VEHICLE,DIVIDED - W/MEDIAN (NOT RAISED),,STRAIGHT AND LEVEL,UNKNOWN,UNKNOWN,NOT ON SCENE (DESK REPORT),NO INJURY / DRIVE AWAY,,,Y,"OVER $1,500",3/24/2022 14:10,UNABLE TO DETERMINE,UNABLE TO DETERMINE,616,S,LAWNDALE AVE,1133,,,,,,,2,NO INDICATION OF INJURY,0,0,0,0,0,1,0,15,1,3,41.87293648,-87.71821807,POINT (-87.718218065627 41.872936479501)
940b3e22ed40b81b51a14e6452afa21fd87892d6a29953033207a4b4b4686a4212eb45a9d095fe11449b890aa7340d84f1911c451e7e041c045b925f6c7132e5,JF184804,Y,3/20/2022 23:00,30,NO CONTROLS,NO CONTROLS,UNKNOWN,UNKNOWN,PARKED MOTOR VEHICLE,NOT DIVIDED,,STRAIGHT AND LEVEL,UNKNOWN,UNKNOWN,NOT ON SCENE (DESK REPORT),NO INJURY / DRIVE AWAY,,,Y,"OVER $1,500",3/24/2022 10:33,UNABLE TO DETERMINE,UNABLE TO DETERMINE,5869,N,NAGLE AVE,1622,,,,,,,2,NO INDICATION OF INJURY,0,0,0,0,0,1,0,23,1,3,41.98803584,-87.78749145,POINT (-87.787491447668 41.98803584391)
49febf9184901e729a1a461bad721a7bd2df36a90d4173adc6909ec8cc7bb740c1ad69238bc7a31d5bdf9cc6a4858e0bfc1360c3819d22ac45690689ea0b56ba,JF183715,,3/23/2022 11:00,30,TRAFFIC SIGNAL,FUNCTIONING PROPERLY,RAIN,DAYLIGHT,REAR END,DIVIDED - W/MEDIAN (NOT RAISED),,STRAIGHT AND LEVEL,WET,NO DEFECTS,NOT ON SCENE (DESK REPORT),NO INJURY / DRIVE AWAY,,,,"$501 - $1,500",3/23/2022 11:45,WEATHER,UNABLE TO DETERMINE,1958,W,MONTROSE AVE,1912,,,,,,,2,NO INDICATION OF INJURY,0,0,0,0,0,2,0,11,4,3,41.96157456,-87.67835706,POINT (-87.678357057145 41.961574563056)
246c91cfc3088e0b8732d164583384641aaf446b28e55374e7e2b1b1831f04765c645cd4dd6cea537e423c1d0d441e42b84ecf775a7867001b452c16fc632a3e,JF184821,,3/20/2022 19:00,35,UNKNOWN,NO CONTROLS,UNKNOWN,UNKNOWN,REAR TO SIDE,UNKNOWN,,STRAIGHT AND LEVEL,UNKNOWN,UNKNOWN,NOT ON SCENE (DESK REPORT),NO INJURY / DRIVE AWAY,,,,"$501 - $1,500",3/24/2022 10:40,UNABLE TO DETERMINE,UNABLE TO DETERMINE,4710,S,GREENWOOD AVE,222,,,,,,,2,NO INDICATION OF INJURY,0,0,0,0,0,2,0,19,1,3,41.80923969,-87.5994054,POINT (-87.599405402473 41.809239690614)
25f767eaa6870c1edbfae016427bc2a3931b22b9cce8993be0ab7c846baaf542074b9dc86f84cd46ce7815cc0a66654a98695439cd6fc27c2d102301fa65add3,JF184988,,3/24/2022 13:05,30,TRAFFIC SIGNAL,FUNCTIONING PROPERLY,RAIN,DAYLIGHT,REAR END,FOUR WAY,,STRAIGHT AND LEVEL,WET,UNKNOWN,ON SCENE,INJURY AND / OR TOW DUE TO CRASH,Y,,,"OVER $1,500",3/24/2022 13:07,FOLLOWING TOO CLOSELY,DRIVING SKILLS/KNOWLEDGE/EXPERIENCE,10300,S,WOODLAWN AVE,512,,,,,,,2,INCAPACITATING INJURY,1,0,1,0,0,1,0,13,5,3,41.70755033,-87.5943407,POINT (-87.594340702015 41.707550333282)
4157b91ef01fa1754b1d74e495324af5f216de3c83e0b5490f6649868cdd24585655010fc4b2f94e438dbdd5ebf887013f77cec49858197c81ff10ccfa404581,JF185248,,3/24/2022 16:00,30,NO CONTROLS,NO CONTROLS,CLEAR,DAYLIGHT,ANGLE,NOT DIVIDED,,STRAIGHT AND LEVEL,WET,NO DEFECTS,NOT ON SCENE (DESK REPORT),NO INJURY / DRIVE AWAY,,,Y,"OVER $1,500",3/24/2022 17:30,UNABLE TO DETERMINE,UNABLE TO DETERMINE,6838,S,SOUTH CHICAGO AVE,322,,,,,,,2,NO INDICATION OF INJURY,0,0,0,0,0,2,0,16,5,3,41.77006935,-87.61165199,POINT (-87.611651990029 41.770069354279)
0f9fb5f95b1ebaa4cd035aecbe3f6e66d60c5c53654c3636130ab71ab812adaf52614f2325cfd8896defbba9cc2863b7a261bbeb9ec545ded6d6433a8141db30,,,3/31/2022 8:05,30,NO CONTROLS,NO CONTROLS,RAIN,DAYLIGHT,PEDESTRIAN,NOT DIVIDED,,STRAIGHT AND LEVEL,WET,NO DEFECTS,ON SCENE,INJURY AND / OR TOW DUE TO CRASH,,,,$500 OR LESS,3/31/2022 8:10,WEATHER,NOT APPLICABLE,7422,N,RIDGE BLVD,2411,,,,,,,2,"REPORTED, NOT EVIDENT",1,0,0,0,1,2,0,8,5,3,42.01665909,-87.68446324,POINT (-87.684463241322 42.016659092716)
66538ff4d504cb633b428f3be3579c0f5b2e16f959106664b86d95d956ce453fdcf322efbf0b64703638d36a7739ad44aab448c373db3b8544b0c1a33954d23c,JF185173,,3/24/2022 15:31,30,STOP SIGN/FLASHER,FUNCTIONING PROPERLY,RAIN,DAYLIGHT,ANGLE,DIVIDED - W/MEDIAN (NOT RAISED),,STRAIGHT AND LEVEL,WET,NO DEFECTS,ON SCENE,INJURY AND / OR TOW DUE TO CRASH,,,,"OVER $1,500",3/24/2022 15:40,"VISION OBSCURED (SIGNS, TREE LIMBS, BUILDINGS, ETC.)",WEATHER,2626,N,LAKEVIEW AVE,1935,,,,,,,2,NONINCAPACITATING INJURY,1,0,0,1,0,2,0,15,5,3,41.93044819,-87.63944206,POINT (-87.639442061621 41.930448194195)
427502a3aa94dac1158f57cbdf07d0fa6ac39856feffbaf8ca22076d7f965bd33407b1e56be74c9d070906be1bd4f53339faed6ecb20cf75b9bb0e00e6638a5b,JF184997,,3/23/2022 17:55,30,NO CONTROLS,NO CONTROLS,CLEAR,DAYLIGHT,TURNING,PARKING LOT,,STRAIGHT AND LEVEL,WET,NO DEFECTS,NOT ON SCENE (DESK REPORT),NO INJURY / DRIVE AWAY,,Y,,"OVER $1,500",3/24/2022 13:00,UNABLE TO DETERMINE,NOT APPLICABLE,1951,N,WESTERN AVE,1434,,,,,,,2,NO INDICATION OF INJURY,0,0,0,0,0,2,0,17,4,3,41.91710363,-87.68724877,POINT (-87.687248767006 41.917103631009)
40513a7a403a55f03c0ba7fc2e67e31c076982c142b58d8da331db64dc959abc69458a29861c2ae92a1428ac03543df1a2b3f050091b48be79c1c10bdf9fff5e,JF185636,,3/24/2022 21:00,25,NO CONTROLS,NO CONTROLS,CLEAR,"DARKNESS, LIGHTED ROAD",SIDESWIPE SAME DIRECTION,NOT DIVIDED,,STRAIGHT AND LEVEL,WET,NO DEFECTS,NOT ON SCENE (DESK REPORT),INJURY AND / OR TOW DUE TO CRASH,,,,"$501 - $1,500",3/24/2022 23:30,IMPROPER OVERTAKING/PASSING,UNABLE TO DETERMINE,2242,W,DEVON AVE,2412,,,,,,,2,NO INDICATION OF INJURY,0,0,0,0,0,2,0,21,5,3,41.99789572,-87.68665868,POINT (-87.68665868063 41.997895714584)