CRASH_RECORD_ID,RD_NO,CRASH_DATE_EST_I,CRASH_DATE,POSTED_SPEED_LIMIT,TRAFFIC_CONTROL_DEVICE,DEVICE_CONDITION,WEATHER_CONDITION,LIGHTING_CONDITION,FIRST_CRASH_TYPE,TRAFFICWAY_TYPE,LANE_CNT,ALIGNMENT,ROADWAY_SURFACE_COND,ROAD_DEFECT,REPORT_TYPE,CRASH_TYPE,INTERSECTION_RELATED_I,NOT_RIGHT_OF_WAY_I,HIT_AND_RUN_I,DAMAGE,DATE_POLICE_NOTIFIED,PRIM_CONTRIBUTORY_CAUSE,SEC_CONTRIBUTORY_CAUSE,STREET_NO,STREET_DIRECTION,STREET_NAME,BEAT_OF_OCCURRENCE,PHOTOS_TAKEN_I,STATEMENTS_TAKEN_I,DOORING_I,WORK_ZONE_I,WORK_ZONE_TYPE,WORKERS_PRESENT_I,NUM_UNITS,MOST_SEVERE_INJURY,INJURIES_TOTAL,INJURIES_FATAL,INJURIES_INCAPACITATING,INJURIES_NON_INCAPACITATING,INJURIES_REPORTED_NOT_EVIDENT,INJURIES_NO_INDICATION,INJURIES_UNKNOWN,CRASH_HOUR,CRASH_DAY_OF_WEEK,CRASH_MONTH,LATITUDE,LONGITUDE,LOCATION
47ad55e8a497b3e42df409a391731f5fe68092b7692242b9662fbde494b3f3c3843c18d4940b03d7f04e60aa0ec696eb1b18782f2971efa1aca7f90abb8b0890,JF184692,,3/24/2022 8:14,30,TRAFFIC SIGNAL,FUNCTIONING PROPERLY,CLOUDY/OVERCAST,DAYLIGHT,REAR END,NOT DIVIDED,,STRAIGHT AND LEVEL,WET,NO DEFECTS,NOT ON SCENE (DESK REPORT),NO INJURY / DRIVE AWAY,,,,"OVER $1,500",3/24/2022 9:00,FOLLOWING TOO CLOSELY,WEATHER,1,S,WESTERN AVE,1223,,,,,,,2,NO INDICATION OF INJURY,0,0,0,0,0,2,0,8,5,3,41.88111828,-87.68628334,POINT (-87.686283338873 41.881118278834)
164e54b896ece8e69dfa4e46afb5518400454f4f25445f853f8885ee5834e0a196128a3ef5be18dd418b0958cbd188ac9c59828e8b5455897681843c6cb55efa,JF185532,,3/24/2022 20:05,30,NO CONTROLS,NO CONTROLS,RAIN,"DARKNESS, LIGHTED ROAD",REAR END,NOT DIVIDED,,STRAIGHT AND LEVEL,WET,NO DEFECTS,NOT ON SCENE (DESK REPORT),INJURY AND / OR TOW DUE TO CRASH,,,Y,"OVER $1,500",3/24/2022 20:15,UNABLE TO DETERMINE,NOT APPLICABLE,1429,W,FULLERTON AVE,1811,,,,,,,3,NO INDICATION OF INJURY,0,0,0,0,0,3,0,20,5,3,41.92509162,-87.66450903,POINT (-87.664509028956 41.925091624374)
fae5eaa80791c8984608f05c711b5fef70c5002856c7f2b8c254d180a1f78ea2ff889e2de6ccf323bbf2fd56ed4b812115abfd3f8ee1ce9d981ffeea4ffacec1,JF184920,Y,3/18/2022 13:00,20,NO CONTROLS,NO CONTROLS,UNKNOWN,UNKNOWN,PARKED MOTOR VEHICLE,PARKING LOT,,STRAIGHT AND LEVEL,UNKNOWN,UNKNOWN,NOT ON SCENE (DESK REPORT),NO INJURY / DRIVE AWAY,,,Y,"OVER $1,500",3/24/2022 12:00,UNABLE TO DETERMINE,NOT APPLICABLE,100,N,BESSIE COLEMAN DR,1654,,,,,,,2,NO INDICATION OF INJURY,0,0,0,0,0,1,0,13,6,3,,,
464153365c0ef59f3c0bbbfef270ea729525f1ba230fbcead23b34dfe255a91cc4df969903c0ef1b18f4e7e69028a4520faa6c68bcda6438ed092f230096ddfb,JF184202,,3/23/2022 17:45,30,STOP SIGN/FLASHER,FUNCTIONING PROPERLY,RAIN,DAYLIGHT,ANGLE,DIVIDED - W/MEDIAN (NOT RAISED),,STRAIGHT AND LEVEL,WET,NO DEFECTS,ON SCENE,NO INJURY / DRIVE AWAY,,,,"$501 - $1,500",3/23/2022 18:00,FAILING TO YIELD RIGHT-OF-WAY,WEATHER,3499,N,LINCOLN AVE,1922,,,,,,,2,NO INDICATION OF INJURY,0,0,0,0,0,2,0,17,4,3,41.9451184,-87.67229467,POINT (-87.67229466845 41.945118397253)
af2fd7368941036acfa08da001b5b616031a79c4d5e85db61a7b0408b664e298cb072547517533242c382d533993a1ac7ef5a5a4a756eb9278374f058351fce3,JF180737,,3/20/2022 19:39,35,NO CONTROLS,NO CONTROLS,CLEAR,"DARKNESS, LIGHTED ROAD",SIDESWIPE SAME DIRECTION,DIVIDED - W/MEDIAN (NOT RAISED),,STRAIGHT AND LEVEL,DRY,NO DEFECTS,ON SCENE,NO INJURY / DRIVE AWAY,,,Y,"$501 - $1,500",3/20/2022 19:39,FAILING TO YIELD RIGHT-OF-WAY,UNABLE TO DETERMINE,1251,S,HALSTED ST,1232,,,,,,,2,NO INDICATION OF INJURY,0,0,0,0,0,5,0,19,1,3,41.86566498,-87.64672598,POINT (-87.64672597712 41.865664978871)
30873904c1143351c257297855b397f18deaf6d6e5f29b485d5e0c4ffa8976b9a871a6c1ba47f9718a7028990a685188dfd2b584c75d7db020ad4a0ff33deeaf,JF185290,,3/24/2022 16:45,25,NO CONTROLS,FUNCTIONING PROPERLY,RAIN,DAYLIGHT,ANGLE,NOT DIVIDED,,STRAIGHT AND LEVEL,WET,NO DEFECTS,NOT ON SCENE (DESK REPORT),NO INJURY / DRIVE AWAY,,,,$500 OR LESS,3/24/2022 17:30,FAILING TO YIELD RIGHT-OF-WAY,NOT APPLICABLE,5200,W,PALMER ST,2515,,,,,,,2,NO INDICATION OF INJURY,0,0,0,0,0,2,0,16,5,3,41.92056645,-87.7561061,POINT (-87.756106104356 41.920566446571)
5bb8f19631daf3560593592f6e6acce0d16b46a9a82e2e43e0bcf7ebf337b6a140296ecd912b422a071c2df121f33819225cafcf2f427506ae3d78307b0a50ca,JF185475,,3/24/2022 7:00,30,STOP SIGN/FLASHER,FUNCTIONING PROPERLY,UNKNOWN,UNKNOWN,PARKED MOTOR VEHICLE,ONE-WAY,,STRAIGHT AND LEVEL,WET,NO DEFECTS,NOT ON SCENE (DESK REPORT),NO INJURY / DRIVE AWAY,,,Y,"OVER $1,500",3/24/2022 19:10,UNABLE TO DETERMINE,UNABLE TO DETERMINE,10505,S,INDIANA AVE,512,,,,,,,2,NO INDICATION OF INJURY,0,0,0,0,0,1,0,7,5,3,41.70333979,-87.61839034,POINT (-87.618390344247 41.703339794272)
5dec5b41512975f8025734247b088c80a7dc4e9ee61ccf650730a3eb5b7d9d0de3f913c19184af850abccd855d3d78b9a49d9d282e443280283fcea2c9c6286e,JF185338,,3/24/2022 16:50,35,OTHER,FUNCTIONING PROPERLY,RAIN,DUSK,REAR END,DIVIDED - W/MEDIAN (NOT RAISED),,STRAIGHT AND LEVEL,WET,NO DEFECTS,NOT ON SCENE (DESK REPORT),NO INJURY / DRIVE AWAY,,,,"$501 - $1,500",3/24/2022 17:40,FAILING TO REDUCE SPEED TO AVOID CRASH,UNABLE TO DETERMINE,400,N,COLUMBUS DR,1834,,,,,,,2,NO INDICATION OF INJURY,0,0,0,0,0,2,0,16,5,3,41.88864777,-87.62068421,POINT (-87.620684210541 41.888647771265)
5127e753ec75284a5868dfa8fda21629967daefe44e2bb14ddd2e2deaea47c3ea8d043d9e5b94fe1cae967782f0c7fac04ca8d6abcdc8250ae77c8e8284f988e,JF183803,Y,3/22/2022 23:00,30,NO CONTROLS,NO CONTROLS,RAIN,DAYLIGHT,PARKED MOTOR VEHICLE,ONE-WAY,,STRAIGHT AND LEVEL,WET,NO DEFECTS,ON SCENE,NO INJURY / DRIVE AWAY,,,Y,"OVER $1,500",3/23/2022 12:34,UNABLE TO DETERMINE,UNABLE TO DETERMINE,2805,W,ARGYLE ST,2031,,,,,,,2,NO INDICATION OF INJURY,0,0,0,0,0,1,0,23,3,3,41.97206543,-87.69903825,POINT (-87.699038250339 41.972065434353)
20223bc894ff5c5cdf97035b27ef0f3fe6d1b72831b2c0cb3629f5afc0da45c129fb7dcb5b3e396320f0308ea297fb3f5ec91103b185e41d8a390a7ece40d0ce,JF183579,,3/23/2022 9:15,30,NO CONTROLS,NO CONTROLS,CLOUDY/OVERCAST,DAYLIGHT,REAR END,ONE-WAY,,STRAIGHT AND LEVEL,WET,NO DEFECTS,NOT ON SCENE (DESK REPORT),NO INJURY / DRIVE AWAY,,,,$500 OR LESS,3/23/2022 9:23,IMPROPER BACKING,NOT APPLICABLE,6915,S,DANTE AVE,332,,,,,,,2,NO INDICATION OF INJURY,0,0,0,0,0,2,0,9,4,3,41.76917774,-87.58938192,POINT (-87.589381923263 41.769177735331)
ce093ae120bdb5d2169ee01eedb228e42c4cc81285ce44437ede24ea26275c1fd520be4f272e18a3d7519e8d27db4ffec06bf3e5b60b44e2d42aea43fd3c13a3,JF178227,,3/18/2022 12:30,20,NO CONTROLS,NO CONTROLS,RAIN,DAYLIGHT,REAR TO REAR,PARKING LOT,,STRAIGHT AND LEVEL,WET,NO DEFECTS,ON SCENE,NO INJURY / DRIVE AWAY,,,,"OVER $1,500",3/18/2022 12:40,UNABLE TO DETERMINE,UNABLE TO DETERMINE,3000,N,CLARK ST,1934,,,,,,,2,NO INDICATION OF INJURY,0,0,0,0,0,2,0,12,6,3,41.93644033,-87.64800621,POINT (-87.64800621163 41.936440325368)
39ef0230e1e52a9971c3058a44fbb7019093752dd90eec07ad7c2c9374d90d6f18e296620037214c75c96fc7579bf11900776d64f31222539631e9b88c05f994,JF185486,,3/24/2022 19:27,10,NO CONTROLS,NO CONTROLS,RAIN,DARKNESS,REAR END,PARKING LOT,,STRAIGHT ON GRADE,WET,UNKNOWN,ON SCENE,NO INJURY / DRIVE AWAY,,Y,Y,$500 OR LESS,3/24/2022 19:30,UNABLE TO DETERMINE,UNABLE TO DETERMINE,1998,W,LAWRENCE AVE,2032,,,,,,,2,NO INDICATION OF INJURY,0,0,0,0,0,2,0,19,5,3,41.9688669,-87.6791137,POINT (-87.679113700273 41.968866898343)
411aceba47474a2c5bc74358b19cdc6d26a1f8b69b843e2523965aaa17dc5d28c8263ecd3697395e5e9a928713df43a8693155470f73909a2b906f5f31da3b2a,JF184725,,3/24/2022 9:15,30,TRAFFIC SIGNAL,OTHER,RAIN,DAYLIGHT,TURNING,NOT DIVIDED,,STRAIGHT AND LEVEL,WET,NO DEFECTS,ON SCENE,NO INJURY / DRIVE AWAY,Y,,,"$501 - $1,500",3/24/2022 9:15,FAILING TO YIELD RIGHT-OF-WAY,NOT APPLICABLE,4400,W,MONTROSE AVE,1722,,,,,,,2,NO INDICATION OF INJURY,0,0,0,0,0,2,0,9,5,3,41.96093771,-87.73849688,POINT (-87.738496884005 41.960937710781)
487b031858602332032f006d8b1ec508e324db8e693df4543be5d8d891d055609abcefb3405e8f2bf8f275f1ae9e45e071119c0ecb77ab60a34266e76ecfedaf,JF185025,,3/24/2022 13:30,30,NO CONTROLS,NO CONTROLS,RAIN,DAYLIGHT,FIXED OBJECT,NOT DIVIDED,,STRAIGHT AND LEVEL,WET,NO DEFECTS,ON SCENE,NO INJURY / DRIVE AWAY,,,,"OVER $1,500",3/24/2022 13:35,PHYSICAL CONDITION OF DRIVER,NOT APPLICABLE,9819,S,PROSPECT AVE,2213,,,,,,,1,NO INDICATION OF INJURY,0,0,0,0,0,1,0,13,5,3,41.71539293,-87.66361946,POINT (-87.663619455721 41.715392931715)
18c0771b4bcf1bdaaec23235a1079618383c0d9c3ceacd3b6cd9b04267779f91e0d132eb6f25d24d001711acd560aa687a1293188314a50c2ccfe79b823419e1,JF183286,,3/22/2022 16:20,35,TRAFFIC SIGNAL,FUNCTIONING PROPERLY,RAIN,DAYLIGHT,TURNING,NOT DIVIDED,,STRAIGHT AND LEVEL,WET,NO DEFECTS,NOT ON SCENE (DESK REPORT),NO INJURY / DRIVE AWAY,Y,,,"OVER $1,500",3/22/2022 22:45,IMPROPER LANE USAGE,IMPROPER LANE USAGE,40,W,RANDOLPH ST,111,,,,,,,2,NO INDICATION OF INJURY,0,0,0,0,0,2,0,16,3,3,41.88459127,-87.62937873,POINT (-87.629378726528 41.884591274157)
24b39706ec4046b1035d2fa5ac1829e4620826fcd6a7f1ffbb10b2ab42f0132b5efdf2cd3ec8d378c11ab94025e3f5a7cdbdef619c97edf0c5383e3dd24c47ee,JF183840,,3/23/2022 12:30,10,NO CONTROLS,NO CONTROLS,FREEZING RAIN/DRIZZLE,DAYLIGHT,PARKED MOTOR VEHICLE,PARKING LOT,,STRAIGHT AND LEVEL,WET,NO DEFECTS,ON SCENE,NO INJURY / DRIVE AWAY,,Y,,"OVER $1,500",3/23/2022 13:15,IMPROPER BACKING,"VISION OBSCURED (SIGNS, TREE LIMBS, BUILDINGS, ETC.)",4201,S,ASHLAND AVE,924,,,,,,,2,NO INDICATION OF INJURY,0,0,0,0,0,1,0,12,4,3,41.81768373,-87.6650402,POINT (-87.665040200043 41.817683733038)
271a0d170abd02038adbf90528aadd15bc3e0f6e930f668b6f62c70a459154c3c18ba27294b0aec7397046422c3f1b7b5dd385c8feaa0308473aaa18eb3ad52e,JF184938,,3/24/2022 12:15,30,NO CONTROLS,NO CONTROLS,RAIN,DAYLIGHT,SIDESWIPE SAME DIRECTION,DIVIDED - W/MEDIAN (NOT RAISED),,STRAIGHT AND LEVEL,WET,NO DEFECTS,ON SCENE,NO INJURY / DRIVE AWAY,,,,"$501 - $1,500",3/24/2022 12:20,UNABLE TO DETERMINE,UNABLE TO DETERMINE,4910,W,MONTROSE AVE,1623,,,,,,,2,NO INDICATION OF INJURY,0,0,0,0,0,2,0,12,5,3,41.96079872,-87.75040731,POINT (-87.750407310236 41.960798719818)
3233f2dc29bd2f2abedb4ef883c547f4de037aaf26d3c3a700be8cf8599a86a5cd1e67cc681ec033046b0495ef03434cffee89d2d2f3a208aa64c1f1a9509236,JF184878,,3/24/2022 10:30,30,TRAFFIC SIGNAL,FUNCTIONING PROPERLY,CLEAR,DAYLIGHT,REAR END,NOT DIVIDED,,STRAIGHT AND LEVEL,DRY,NO DEFECTS,NOT ON SCENE (DESK REPORT),NO INJURY / DRIVE AWAY,,,Y,"$501 - $1,500",3/24/2022 11:40,UNABLE TO DETERMINE,NOT APPLICABLE,3300,S,CALIFORNIA AVE,911,,,,,,,2,NO INDICATION OF INJURY,0,0,0,0,0,2,0,10,5,3,41.83366786,-87.69507235,POINT (-87.69507234811 41.833667854852)
5883cfbb1c3907152bb6736a071afb4d722b2508928e0b8186139531749d69c80c0887275a6f00940ffe3e60459ea375acee76a0248e4468eed643cb9c949b8f,JF184609,,3/24/2022 6:15,30,TRAFFIC SIGNAL,FUNCTIONING PROPERLY,CLEAR,DAYLIGHT,TURNING,Y-INTERSECTION,,STRAIGHT AND LEVEL,DRY,NO DEFECTS,ON SCENE,INJURY AND / OR TOW DUE TO CRASH,,,,"OVER $1,500",3/24/2022 6:25,UNABLE TO DETERMINE,NOT APPLICABLE,1000,W,CERMAK RD,1235,,,,,,,2,NO INDICATION OF INJURY,0,0,0,0,0,2,0,6,5,3,41.85268538,-87.65149237,POINT (-87.651492366773 41.852685383496)
664b7d056e6b3116ea28b64059ccc889303081c7e4c1a7ee0f4d3fd8d9aa6d5e15ba59118c4b9508679626c5bec3bfdd82bae7fa352a9ec7b0bbd82436d7c922,JF185220,,3/24/2022 16:03,30,TRAFFIC SIGNAL,FUNCTIONING PROPERLY,RAIN,DAYLIGHT,TURNING,ONE-WAY,,STRAIGHT AND LEVEL,WET,UNKNOWN,ON SCENE,INJURY AND / OR TOW DUE TO CRASH,,,Y,"OVER $1,500",3/24/2022 16:10,IMPROPER TURNING/NO SIGNAL,IMPROPER LANE USAGE,2228,W,FULLERTON AVE,1432,,,,,,,2,NO INDICATION OF INJURY,0,0,0,0,0,3,0,16,5,3,41.9250585,-87.68416791,POINT (-87.684167914202 41.925058495708)
e0b5f10d95cce0c057456f087976ff349c2514781e48db44d5ca0c98fb258fe7e7dfd00906ee64cbba39afd1881e9980fe657b13c83e407c1de23f664dea0ba9,JF184644,,3/1/2022 7:57,20,NO CONTROLS,NO CONTROLS,UNKNOWN,DAYLIGHT,FIXED OBJECT,ALLEY,,STRAIGHT AND LEVEL,UNKNOWN,UNKNOWN,NOT ON SCENE (DESK REPORT),NO INJURY / DRIVE AWAY,,Y,Y,"OVER $1,500",3/24/2022 8:20,UNABLE TO DETERMINE,NOT APPLICABLE,1650,W,DIVISION ST,1424,,,,,,,1,NO INDICATION OF INJURY,0,0,0,0,0,1,0,7,3,3,41.90342324,-87.66947342,POINT (-87.669473415696 41.903423243723)
0ab926a7378ddf796488f60d74d45db59dab7fdd044dc9e04681889695e22bb6b21ca3bcc72f72ae321318cdacf1f184ea41b9b48deb2260a0a838c6e17f5c31,,,4/5/2022 13:31,20,NO CONTROLS,NO CONTROLS,CLOUDY/OVERCAST,DAYLIGHT,PARKED MOTOR VEHICLE,ONE-WAY,,STRAIGHT AND LEVEL,DRY,NO DEFECTS,ON SCENE,INJURY AND / OR TOW DUE TO CRASH,,,Y,"OVER $1,500",4/5/2022 14:06,UNABLE TO DETERMINE,UNABLE TO DETERMINE,6732,S,EVANS AVE,321,,,,,,,2,"REPORTED, NOT EVIDENT",2,0,0,0,2,1,0,13,3,4,41.77212296,-87.60715001,POINT (-87.607150014102 41.772122964096)
a2b625c78b4f7897b2a2f6b9b3940d663560282d94e3dc8b9ceb8b9b3bda79ef578f9a20a0b7151622e5b514c51da636281dca8eefcef6e2d24efcd5889a5b9e,JF183373,,3/23/2022 2:31,30,NO CONTROLS,NO CONTROLS,RAIN,"DARKNESS, LIGHTED ROAD",PARKED MOTOR VEHICLE,DIVIDED - W/MEDIAN (NOT RAISED),,STRAIGHT AND LEVEL,WET,NO DEFECTS,ON SCENE,INJURY AND / OR TOW DUE TO CRASH,,,,"OVER $1,500",3/23/2022 2:31,FAILING TO REDUCE SPEED TO AVOID CRASH,UNABLE TO DETERMINE,3518,N,CICERO AVE,1634,,,,,,,2,NO INDICATION OF INJURY,0,0,0,0,0,1,0,2,4,3,41.94493483,-87.74717877,POINT (-87.747178773716 41.944934832276)
429bbce09d50407d3bbb37f3c013504b7400c49ea572f2ddf63c049d0a02341604cf6e73a938bc1ebc152b398bfae228ad09df4a821349470323cd608cf55cab,JF184876,,3/15/2022 6:00,25,NO CONTROLS,NO CONTROLS,CLEAR,"DARKNESS, LIGHTED ROAD",PARKED MOTOR VEHICLE,ONE-WAY,,STRAIGHT AND LEVEL,DRY,NO DEFECTS,NOT ON SCENE (DESK REPORT),NO INJURY / DRIVE AWAY,,,Y,"OVER $1,500",3/24/2022 11:45,UNABLE TO DETERMINE,UNABLE TO DETERMINE,7328,S,BELL AVE,835,,,,,,,2,NO INDICATION OF INJURY,0,0,0,0,0,1,0,6,3,3,41.76021042,-87.67949731,POINT (-87.679497308546 41.760210420025)
44d16600a0ba5cfedf8f1cc408d0f745da5a8ad610edd37d15bc404be1386df935029b143723f47807e3950a9285848ec3b42c8a3048c19ebc97146c1276252c,JF185502,,3/24/2022 19:48,45,TRAFFIC SIGNAL,UNKNOWN,RAIN,"DARKNESS, LIGHTED ROAD",REAR END,DIVIDED - W/MEDIAN BARRIER,,STRAIGHT AND LEVEL,WET,UNKNOWN,ON SCENE,INJURY AND / OR TOW DUE TO CRASH,,,Y,"OVER $1,500",3/24/2022 20:01,UNABLE TO DETERMINE,NOT APPLICABLE,5600,S,LAKE SHORE DR NB,331,,,,,,,2,NO INDICATION OF INJURY,0,0,0,0,0,2,0,19,5,3,41.79345625,-87.58031854,POINT (-87.580318541655 41.793456251099)
5e13535cda75e57a423c593f343ddb46ac21af3d70f2b99e966403cb44d26bbf5c0108d6e1b2e2792a5b03b67efe18ec6a3bd1f116fd7e3a5425f32865ffa3d3,JF185029,,3/24/2022 11:20,30,NO CONTROLS,NO CONTROLS,CLEAR,DAYLIGHT,REAR END,NOT DIVIDED,,STRAIGHT AND LEVEL,DRY,OTHER,ON SCENE,INJURY AND / OR TOW DUE TO CRASH,,,,"OVER $1,500",3/24/2022 13:30,FAILING TO REDUCE SPEED TO AVOID CRASH,EQUIPMENT - VEHICLE CONDITION,1232,N,PULASKI RD,2534,,,,,,,2,NO INDICATION OF INJURY,0,0,0,0,0,2,0,11,5,3,41.90362083,-87.72647565,POINT (-87.726475647096 41.90362083266)
62a78b0281ac282ceb89d3132ac5ba7e5e3ccb3bac534777cc3ffd1abed32815411eeb2b866220f0a31d5af069aef993cc20685c9792fe47adbb857168d3ea59,JF184569,,3/24/2022 5:29,30,TRAFFIC SIGNAL,FUNCTIONING PROPERLY,RAIN,"DARKNESS, LIGHTED ROAD",TURNING,FOUR WAY,,STRAIGHT AND LEVEL,WET,UNKNOWN,ON SCENE,INJURY AND / OR TOW DUE TO CRASH,Y,,,"OVER $1,500",3/24/2022 5:32,DISREGARDING TRAFFIC SIGNALS,NOT APPLICABLE,721,S,CICERO AVE,1131,,,,,,,4,NO INDICATION OF INJURY,0,0,0,0,0,5,0,5,5,3,41.87142865,-87.74478059,POINT (-87.744780593808 41.871428651893)
220da6ce8befbb95fbeb18d106ecefde34031055ba76c7f135851eff909ff8c77f01db9c938c499fdec9095f0b6dedbca56aa14564608146ec9edab39aefd703,JF183281,Y,3/22/2022 22:30,15,NO CONTROLS,NO CONTROLS,RAIN,"DARKNESS, LIGHTED ROAD",PARKED MOTOR VEHICLE,OTHER,,STRAIGHT AND LEVEL,WET,UNKNOWN,ON SCENE,NO INJURY / DRIVE AWAY,,Y,,"$501 - $1,500",3/22/2022 22:30,UNABLE TO DETERMINE,UNABLE TO DETERMINE,117,N,LAVERGNE AVE,1532,,,,,,,2,NO INDICATION OF INJURY,0,0,0,0,0,1,0,22,3,3,41.88234677,-87.7500969,POINT (-87.750096897506 41.882346769017)
fc9887dae90a9a93be2cefe4d4e04205cc6692a77abf241926afc79742cadf3cbd6d10cbc39dd81ee1462bad7a6bc5e71c6047413fa219b3c010bbe574f7f29e,JF185068,,3/23/2022 13:15,30,NO CONTROLS,NO CONTROLS,RAIN,DAYLIGHT,PARKED MOTOR VEHICLE,OTHER,,STRAIGHT AND LEVEL,WET,UNKNOWN,NOT ON SCENE (DESK REPORT),NO INJURY / DRIVE AWAY,,,,"OVER $1,500",3/24/2022 14:35,UNABLE TO DETERMINE,UNABLE TO DETERMINE,3401,W,DEVON AVE,1711,,,,,,,2,NO INDICATION OF INJURY,0,0,0,0,0,1,0,13,4,3,41.9971984,-87.71434623,POINT (-87.714346233033 41.997198398678)
160e9093ec9ea7b01d75d72447f4d3145f3c199031149e3a0bbc2e40d92db4b7401894d9411ac7f4a06e295967afb0811d481f58fb58570f2a4a02080748cfe7,JF185332,,3/24/2022 17:15,30,NO CONTROLS,NO CONTROLS,RAIN,DAYLIGHT,SIDESWIPE SAME DIRECTION,NOT DIVIDED,,STRAIGHT AND LEVEL,DRY,NO DEFECTS,NOT ON SCENE (DESK REPORT),NO INJURY / DRIVE AWAY,,,,"OVER $1,500",3/24/2022 17:40,UNABLE TO DETERMINE,UNABLE TO DETERMINE,5315,W,WASHINGTON BLVD,1522,,,,,,,2,NO INDICATION OF INJURY,0,0,0,0,0,2,0,17,5,3,41.88222171,-87.75828313,POINT (-87.758283130482 41.882221708719)
30052435154160dcf98edc70706516c928913a6d5a2f80b8d80e98c1a1084706a8018ceb336d09c709822287e5e40e3258d6259aae153421ece3c56d491e2a50,JF185216,,3/24/2022 15:45,30,TRAFFIC SIGNAL,FUNCTIONING PROPERLY,RAIN,DAYLIGHT,SIDESWIPE SAME DIRECTION,ONE-WAY,,STRAIGHT AND LEVEL,WET,UNKNOWN,NOT ON SCENE (DESK REPORT),NO INJURY / DRIVE AWAY,Y,,Y,"OVER $1,500",3/24/2022 16:00,UNABLE TO DETERMINE,NOT APPLICABLE,3900,S,WENTWORTH AVE,925,,,,,,,2,NO INDICATION OF INJURY,0,0,0,0,0,2,0,15,5,3,41.82365433,-87.63148767,POINT (-87.631487674469 41.823654330426)
b4e649df34fbd6bdd3ec0ba4b8f90c422ac577cae04b902a9da4ef1327c26c41c4fc383dfae4a2448dc0ca7230094dbc7c4eb8ba116efd73e0f7291bdc112955,JF184455,,3/23/2022 23:22,10,NO CONTROLS,NO CONTROLS,CLEAR,"DARKNESS, LIGHTED ROAD",REAR END,PARKING LOT,,STRAIGHT AND LEVEL,DRY,NO DEFECTS,NOT ON SCENE (DESK REPORT),NO INJURY / DRIVE AWAY,,,Y,$500 OR LESS,3/23/2022 23:25,FOLLOWING TOO CLOSELY,FOLLOWING TOO CLOSELY,5498,N,HARLEM AVE,1613,,,,,,,2,NO INDICATION OF INJURY,0,0,0,0,0,2,0,23,4,3,41.98102038,-87.80711173,POINT (-87.807111727871 41.981020382487)
23c608084d667d0990fefb4b7dfe2ee51c5f05da55e56022ca1261ac09a13ebdf37197251b03c726a80808d1b0e2ec40bc2ceaaea5dac7ae22cbc44588c965aa,JF185333,,3/24/2022 17:10,35,NO CONTROLS,NO CONTROLS,RAIN,DAWN,TURNING,NOT DIVIDED,,STRAIGHT AND LEVEL,WET,UNKNOWN,ON SCENE,INJURY AND / OR TOW DUE TO CRASH,,,,"OVER $1,500",3/24/2022 17:18,UNABLE TO DETERMINE,NOT APPLICABLE,799,W,111TH ST,2233,,,,,,,2,NONINCAPACITATING INJURY,1,0,0,1,0,4,0,17,5,3,41.69224682,-87.64231622,POINT (-87.642316223683 41.692246814917)
3df52564880224eff24c3996be0db3fc36acd3354bb31ceca66b0d3beb2fd400b9dd755a0452592635431789c0b5dfb3afd915331bce2ed10eb4be81f772a365,JF184598,,3/24/2022 7:06,30,NO CONTROLS,NO CONTROLS,RAIN,DAYLIGHT,REAR END,DIVIDED - W/MEDIAN BARRIER,,STRAIGHT AND LEVEL,WET,NO DEFECTS,ON SCENE,NO INJURY / DRIVE AWAY,,,Y,"$501 - $1,500",3/24/2022 7:09,FOLLOWING TOO CLOSELY,WEATHER,45,W,111TH ST,522,,,,,,,2,NO INDICATION OF INJURY,0,0,0,0,0,2,0,7,5,3,41.69245292,-87.62487642,POINT (-87.624876419346 41.692452920668)
ba04bf2f0fae3590890045641ca12a2462520992ee8cd98557a750851f8e5d5e67c11a00821809f8979380617125be4714e94df2897c32c743cb34383a91eb93,JF184975,,2/17/2022 21:30,30,NO CONTROLS,NO CONTROLS,CLEAR,DARKNESS,FIXED OBJECT,DIVIDED - W/MEDIAN (NOT RAISED),,STRAIGHT AND LEVEL,DRY,"RUT, HOLES",NOT ON SCENE (DESK REPORT),NO INJURY / DRIVE AWAY,,,,$500 OR LESS,3/24/2022 13:10,ROAD ENGINEERING/SURFACE/MARKING DEFECTS,NOT APPLICABLE,2004,W,59TH ST,715,,,,,,,1,NO INDICATION OF INJURY,0,0,0,0,0,1,0,21,5,2,41.78673589,-87.67432245,POINT (-87.674322445722 41.786735892169)
05a4030e28ef5b0edca591d070d5af95f6a549bbee2b0e9d3ebc1d5d073e5909ae789e0ca3fbc8f6ae090ae742434f8c00f47a102235a3c2a2ccbd48f686ce71,,,4/6/2022 22:10,15,TRAFFIC SIGNAL,NO CONTROLS,CLEAR,"DARKNESS, LIGHTED ROAD",SIDESWIPE SAME DIRECTION,ONE-WAY,,STRAIGHT AND LEVEL,DRY,NO DEFECTS,NOT ON SCENE (DESK REPORT),NO INJURY / DRIVE AWAY,,,,"$501 - $1,500",4/6/2022 23:10,NOT APPLICABLE,NOT APPLICABLE,3148,W,WASHINGTON BLVD,1222,,,,,,,2,NO INDICATION OF INJURY,0,0,0,0,0,2,0,22,4,4,41.8829095,-87.70566819,POINT (-87.705668192819 41.882909501356)