CRASH_RECORD_ID,RD_NO,CRASH_DATE_EST_I,CRASH_DATE,POSTED_SPEED_LIMIT,TRAFFIC_CONTROL_DEVICE,DEVICE_CONDITION,WEATHER_CONDITION,LIGHTING_CONDITION,FIRST_CRASH_TYPE,TRAFFICWAY_TYPE,LANE_CNT,ALIGNMENT,ROADWAY_SURFACE_COND,ROAD_DEFECT,REPORT_TYPE,CRASH_TYPE,INTERSECTION_RELATED_I,NOT_RIGHT_OF_WAY_I,HIT_AND_RUN_I,DAMAGE,DATE_POLICE_NOTIFIED,PRIM_CONTRIBUTORY_CAUSE,SEC_CONTRIBUTORY_CAUSE,STREET_NO,STREET_DIRECTION,STREET_NAME,BEAT_OF_OCCURRENCE,PHOTOS_TAKEN_I,STATEMENTS_TAKEN_I,DOORING_I,WORK_ZONE_I,WORK_ZONE_TYPE,WORKERS_PRESENT_I,NUM_UNITS,MOST_SEVERE_INJURY,INJURIES_TOTAL,INJURIES_FATAL,INJURIES_INCAPACITATING,INJURIES_NON_INCAPACITATING,INJURIES_REPORTED_NOT_EVIDENT,INJURIES_NO_INDICATION,INJURIES_UNKNOWN,CRASH_HOUR,CRASH_DAY_OF_WEEK,CRASH_MONTH,LATITUDE,LONGITUDE,LOCATION
f435b3465517cb6cb27252a77ce95d3efe3f175f7bf39bd0e83f8749be5a124b32370c5da2d094d0d0d9f9ce67b94929a298c304703f33864c916d7aedd74dc6,JF185266,,3/15/2022 16:30,30,TRAFFIC SIGNAL,FUNCTIONING PROPERLY,CLEAR,DAYLIGHT,REAR END,NOT DIVIDED,,STRAIGHT AND LEVEL,DRY,NO DEFECTS,NOT ON SCENE (DESK REPORT),NO INJURY / DRIVE AWAY,,,Y,"$501 - $1,500",3/24/2022 16:30,UNABLE TO DETERMINE,NOT APPLICABLE,195,N,SACRAMENTO BLVD,1222,,,,,,,3,NO INDICATION OF INJURY,0,0,0,0,0,3,0,16,3,3,41.88401648,-87.70114276,POINT (-87.701142757538 41.884016475152)
0d4f47464ad08af3e34b3333e52d7a7f5e3648481de849866b95a33bd9adf75b386b54f87b8b3b6ed1f5e3bcc45a5700f2f1562db0d1012602da1d6c867c945d,,,4/1/2022 18:15,30,NO CONTROLS,NO CONTROLS,CLEAR,DAYLIGHT,TURNING,DIVIDED - W/MEDIAN (NOT RAISED),,STRAIGHT AND LEVEL,DRY,NO DEFECTS,NOT ON SCENE (DESK REPORT),NO INJURY / DRIVE AWAY,Y,,,"OVER $1,500",4/1/2022 19:20,FAILING TO YIELD RIGHT-OF-WAY,UNABLE TO DETERMINE,1900,W,87TH ST,614,,,,,,,2,NO INDICATION OF INJURY,0,0,0,0,0,3,0,18,6,4,41.73580294,-87.67038948,POINT (-87.67038948148 41.735802944318)
1c1c6066746bfb7f6d880991c87b6b2241803d4972adda85238a8584faf7e446e0b8d1173c5b7b4ccc34f120040496ce3711c0348920a96bea63d36b53a90e89,JF184241,,3/23/2022 17:57,30,TRAFFIC SIGNAL,FUNCTIONING PROPERLY,CLEAR,DAYLIGHT,TURNING,FOUR WAY,,STRAIGHT AND LEVEL,DRY,NO DEFECTS,NOT ON SCENE (DESK REPORT),NO INJURY / DRIVE AWAY,Y,,Y,$500 OR LESS,3/23/2022 18:30,UNABLE TO DETERMINE,UNABLE TO DETERMINE,1400,W,71ST ST,734,,,,,,,2,NO INDICATION OF INJURY,0,0,0,0,0,2,0,17,4,3,41.76508944,-87.65903155,POINT (-87.659031547879 41.76508943991)
7230a651797686fcdb51df77bdb2f1890422c814196e1152d3597dc5767b54c9a07491328af456f6044f24bdf6538725fec1266bac425d8762ec4de4119b2b70,JF181312,,3/21/2022 9:16,30,NO CONTROLS,NO CONTROLS,CLEAR,DAYLIGHT,SIDESWIPE SAME DIRECTION,ONE-WAY,,STRAIGHT AND LEVEL,DRY,NO DEFECTS,ON SCENE,INJURY AND / OR TOW DUE TO CRASH,,,Y,"OVER $1,500",3/21/2022 9:18,IMPROPER OVERTAKING/PASSING,NOT APPLICABLE,3926,W,CONGRESS PKWY,1132,,,,,,,4,NONINCAPACITATING INJURY,1,0,0,1,0,1,0,9,2,3,41.87448387,-87.72411353,POINT (-87.724113531307 41.87448387019)
35b6fd9a661bdd9b34fca172855cb1d09dca6405d8d6f349bef6b5f598adfd3e9549bc9564c0657afed9b3a646bd1ca299a5af4304ac661052acd19311c91bb0,JF184717,,3/24/2022 8:30,30,NO CONTROLS,NO CONTROLS,RAIN,DAYLIGHT,REAR END,NOT DIVIDED,,STRAIGHT AND LEVEL,WET,NO DEFECTS,NOT ON SCENE (DESK REPORT),NO INJURY / DRIVE AWAY,,,,"OVER $1,500",3/24/2022 9:00,FOLLOWING TOO CLOSELY,FAILING TO REDUCE SPEED TO AVOID CRASH,5301,W,MONTROSE AVE,1624,,,,,,,2,NO INDICATION OF INJURY,0,0,0,0,0,2,0,8,5,3,41.96045969,-87.75997244,POINT (-87.759972439535 41.960459687577)
39f99626ff4f0c91fe9198321f7cde59d1e58f0c915465af8f3ee6f245dcb5e79f4d52b6b7413c8dcba032b20058c1b8834a9802f40c9d2bf31eb5d8f0b29fd7,JF185128,,3/24/2022 15:00,30,STOP SIGN/FLASHER,FUNCTIONING PROPERLY,RAIN,DAYLIGHT,ANGLE,FOUR WAY,,STRAIGHT AND LEVEL,WET,NO DEFECTS,NOT ON SCENE (DESK REPORT),NO INJURY / DRIVE AWAY,Y,,,"OVER $1,500",3/24/2022 15:15,FAILING TO YIELD RIGHT-OF-WAY,UNABLE TO DETERMINE,3500,S,LOWE AVE,915,,,,,,,2,NO INDICATION OF INJURY,0,0,0,0,0,2,0,15,5,3,41.83078055,-87.64260049,POINT (-87.642600491728 41.830780550145)
45b4b45ba2c0a0a0b3c3f3914826832ee43c320fc1c02855d1575bb85c14ec3c67ada76e4e5641964c29fb9548c9086e0dffef012132ff26a58ce7ab4abf2b72,JF184724,,3/24/2022 8:40,30,NO CONTROLS,NO CONTROLS,RAIN,DAYLIGHT,PARKED MOTOR VEHICLE,NOT DIVIDED,,STRAIGHT AND LEVEL,WET,NO DEFECTS,ON SCENE,NO INJURY / DRIVE AWAY,,,,"OVER $1,500",3/24/2022 8:41,UNABLE TO DETERMINE,NOT APPLICABLE,3550,N,ROCKWELL ST,1921,,,,,,,2,NO INDICATION OF INJURY,0,0,0,0,0,1,0,8,5,3,41.94629988,-87.69427529,POINT (-87.694275287979 41.946299877748)
663d4f44477fe375a6da265c610670a6f66fc54f297f266780a02b7a307da46640c50d58c571ea619167cd36b322a17c873fd2869e4c825d1c3441395728d1fb,JF184996,,3/24/2022 12:40,30,NO CONTROLS,NO CONTROLS,RAIN,DAYLIGHT,SIDESWIPE SAME DIRECTION,NOT DIVIDED,,STRAIGHT AND LEVEL,WET,NO DEFECTS,NOT ON SCENE (DESK REPORT),NO INJURY / DRIVE AWAY,,,,"OVER $1,500",3/24/2022 13:27,FAILING TO REDUCE SPEED TO AVOID CRASH,NOT APPLICABLE,4700,S,ROCKWELL ST,922,,,,,,,2,NO INDICATION OF INJURY,0,0,0,0,0,3,0,12,5,3,41.80826898,-87.6894681,POINT (-87.6894680996 41.808268982399)
766cf56e7b3b983fa1a56fb7d23feb90d909e4ff399e965a9242c2bd2e3a8c334059ca377a5024b0586bde2303b60dcb26df2497559198d0ec8fa0f9eb161ef2,JF183863,,3/23/2022 13:18,30,NO CONTROLS,NO CONTROLS,RAIN,DAYLIGHT,ANGLE,T-INTERSECTION,,STRAIGHT AND LEVEL,WET,NO DEFECTS,ON SCENE,INJURY AND / OR TOW DUE TO CRASH,Y,,,"OVER $1,500",3/23/2022 13:20,UNABLE TO DETERMINE,NOT APPLICABLE,7100,W,HIGHLAND AVE,1611,,,,,,,2,NO INDICATION OF INJURY,0,0,0,0,0,2,0,13,4,3,41.99703934,-87.80499528,POINT (-87.804995283971 41.997039335619)
c8e0d41ac33d12d73a7af5c143bdcd9278da3217aeb72a120607db70d6ee21020f5580b2c3b9b3f94dc218fc824c67a863e19c84e1d2bf8f74414b6aa41acb86,JF184355,,3/20/2022 10:00,30,NO CONTROLS,NO CONTROLS,CLEAR,DAYLIGHT,PARKED MOTOR VEHICLE,DIVIDED - W/MEDIAN (NOT RAISED),,STRAIGHT AND LEVEL,DRY,NO DEFECTS,NOT ON SCENE (DESK REPORT),NO INJURY / DRIVE AWAY,,,Y,"$501 - $1,500",3/23/2022 20:30,UNABLE TO DETERMINE,NOT APPLICABLE,2300,W,ADAMS ST,1223,,,,,,,2,NO INDICATION OF INJURY,0,0,0,0,0,1,0,10,1,3,41.87873178,-87.68402713,POINT (-87.684027132841 41.878731779317)
158d758794aba676ffb1e8451cadc2ff3f374a97e64820b689bb11be1b38d719db4dbd9a2a0bc832f3c6528299a5197f2194e7a57fffa5e337ef917815d1677c,JF185168,,3/24/2022 15:25,25,NO CONTROLS,NO CONTROLS,RAIN,DAYLIGHT,REAR END,ONE-WAY,,STRAIGHT AND LEVEL,WET,NO DEFECTS,ON SCENE,NO INJURY / DRIVE AWAY,,,Y,$500 OR LESS,3/24/2022 15:25,UNABLE TO DETERMINE,UNABLE TO DETERMINE,5731,N,KENMORE AVE,2022,,,,,,,2,NO INDICATION OF INJURY,0,0,0,0,0,5,0,15,5,3,41.98644992,-87.65655406,POINT (-87.656554060998 41.986449922067)
d24241577842d566533a262971a251a20f75d6bfa4fe6572be1719fb15e1ff8a719c62ed5ac26c4f028aa1aed62d8124dd2cc868141f66984b5a29e1d1a589a3,JF183255,N,3/22/2022 19:35,30,UNKNOWN,UNKNOWN,UNKNOWN,UNKNOWN,PARKED MOTOR VEHICLE,UNKNOWN,,STRAIGHT AND LEVEL,UNKNOWN,UNKNOWN,NOT ON SCENE (DESK REPORT),NO INJURY / DRIVE AWAY,,,Y,"OVER $1,500",3/22/2022 21:05,IMPROPER BACKING,UNABLE TO DETERMINE,564,W,RANDOLPH ST,121,,,,,,,2,NO INDICATION OF INJURY,0,0,0,0,0,2,0,19,3,3,41.8845434,-87.64233139,POINT (-87.642331386727 41.884543397738)
ad257b9e2c270ccefac3ae2f322eb69bad67878756f223bb6942e3bb2611a6c6f6f2158f89e3ccdbfd81773cdcc6318266ce711abbe1bd30295798ff0e448127,JF183418,,3/23/2022 6:05,20,STOP SIGN/FLASHER,FUNCTIONING PROPERLY,RAIN,"DARKNESS, LIGHTED ROAD",ANGLE,FOUR WAY,,STRAIGHT AND LEVEL,WET,NO DEFECTS,NOT ON SCENE (DESK REPORT),NO INJURY / DRIVE AWAY,,,Y,"$501 - $1,500",3/23/2022 7:00,FAILING TO YIELD RIGHT-OF-WAY,WEATHER,3600,W,27TH ST,1032,,,,,,,2,NO INDICATION OF INJURY,0,0,0,0,0,2,0,6,4,3,41.84265997,-87.71480394,POINT (-87.714803937758 41.842659965206)
8c301b7ead1e0192a8d4bbb40b6372c002b7dff2d1d3838e5d93903b7602d75eff9b53bc689790371014b48bd54710bcc6a710a3e1abb607e75fdafb2b86a7c6,JF184361,,3/19/2022 17:40,35,UNKNOWN,UNKNOWN,UNKNOWN,UNKNOWN,HEAD ON,UNKNOWN,,STRAIGHT AND LEVEL,UNKNOWN,UNKNOWN,NOT ON SCENE (DESK REPORT),NO INJURY / DRIVE AWAY,,,,"OVER $1,500",3/23/2022 20:35,UNABLE TO DETERMINE,UNABLE TO DETERMINE,6901,S,CICERO AVE,833,,,,,,,2,NO INDICATION OF INJURY,0,0,0,0,0,2,0,17,7,3,41.7675731,-87.74182501,POINT (-87.741825011909 41.767573099349)
4372b114c3a58aae1ee61b7bf0cab9bb44e56d604819161d16a79e5c5d052ad32b84c8840df9d3199104457da834eec0f64737969cfd94d4497f5e627377d87e,JF185391,,3/24/2022 18:08,30,UNKNOWN,UNKNOWN,RAIN,DAYLIGHT,TURNING,OTHER,,STRAIGHT AND LEVEL,WET,UNKNOWN,ON SCENE,NO INJURY / DRIVE AWAY,,,,"$501 - $1,500",3/24/2022 18:08,UNABLE TO DETERMINE,NOT APPLICABLE,2317,N,CICERO AVE,2522,,,,,,,2,NO INDICATION OF INJURY,0,0,0,0,0,2,0,18,5,3,41.92293104,-87.74611948,POINT (-87.746119477943 41.922931042554)
457d11e76e9477dfec8b64c9749fadefa536a23a445515d6ec73c25d1d5dd1fb5b47f97cc9eeddc1194d79128cd09c227a2aba153d3d8c6eb7612ea5a79e07e2,JF185583,,3/24/2022 21:35,45,NO CONTROLS,NO CONTROLS,RAIN,"DARKNESS, LIGHTED ROAD",FIXED OBJECT,ONE-WAY,,"CURVE, LEVEL",WET,NO DEFECTS,ON SCENE,INJURY AND / OR TOW DUE TO CRASH,,,,"OVER $1,500",3/24/2022 21:36,DRIVING SKILLS/KNOWLEDGE/EXPERIENCE,DRIVING SKILLS/KNOWLEDGE/EXPERIENCE,1000,N,LAKE SHORE DR,1824,,,,,,,1,NO INDICATION OF INJURY,0,0,0,0,0,1,0,21,5,3,41.90075297,-87.624235,POINT (-87.62423499978 41.900752974042)
7faab0fc0f02ad7927a931f0ba58f707dcfe05ba235e6a7d35b390b7fcb98beb0d88dd862ee34317daa2c84389792561c8330f54174872f53dfebb10b3335d1e,JF184144,,3/23/2022 17:00,35,UNKNOWN,UNKNOWN,UNKNOWN,DAYLIGHT,REAR END,NOT DIVIDED,,STRAIGHT AND LEVEL,WET,UNKNOWN,NOT ON SCENE (DESK REPORT),NO INJURY / DRIVE AWAY,,,,"$501 - $1,500",3/23/2022 17:10,UNABLE TO DETERMINE,NOT APPLICABLE,5521,W,DEVON AVE,1621,,,,,,,2,NO INDICATION OF INJURY,0,0,0,0,0,2,0,17,4,3,41.99719615,-87.76663285,POINT (-87.766632847015 41.997196147514)
25333e200da93ae8c2e3ff79b153cc5088bfba97898c9bed01302359c778c6c28ae8dbb91b99513cebdd4bc4c23314954622850ec5ad78e32cb8fc3974678c12,JF185336,,3/24/2022 13:00,30,NO CONTROLS,NO CONTROLS,UNKNOWN,UNKNOWN,PARKED MOTOR VEHICLE,ONE-WAY,,STRAIGHT AND LEVEL,UNKNOWN,UNKNOWN,NOT ON SCENE (DESK REPORT),NO INJURY / DRIVE AWAY,,,,"OVER $1,500",3/24/2022 17:46,DRIVING SKILLS/KNOWLEDGE/EXPERIENCE,NOT APPLICABLE,2008,N,LAPORTE AVE,2522,,,,,,,2,NO INDICATION OF INJURY,0,0,0,0,0,1,0,13,5,3,41.91720025,-87.74996982,POINT (-87.749969818795 41.917200246197)
2c8fd49b9b6623bec119951db1aaec5e4059c09664c73eb48da738f844c8f4846ec2f3880330922ebc55388427a76531a2d2205e5fdb6727fd99a02e0cb86c4c,JF184673,,3/24/2022 7:56,35,NO CONTROLS,NO CONTROLS,CLOUDY/OVERCAST,DAYLIGHT,SIDESWIPE SAME DIRECTION,DIVIDED - W/MEDIAN (NOT RAISED),,STRAIGHT AND LEVEL,WET,NO DEFECTS,ON SCENE,NO INJURY / DRIVE AWAY,,,,"OVER $1,500",3/24/2022 7:56,"VISION OBSCURED (SIGNS, TREE LIMBS, BUILDINGS, ETC.)",UNABLE TO DETERMINE,5100,S,PULASKI RD,815,,,,,,,2,NO INDICATION OF INJURY,0,0,0,0,0,2,0,7,5,3,41.8005277,-87.72351928,POINT (-87.723519274799 41.80052770213)
6f29274ce0dfc444d9deb22cd44791fce239602402b6f669e4d7d34f810ce422788dbd88d4697787ceaae8e63f49b3561472b9c8bb4911b45937bb4ec08f361e,JF185519,,3/24/2022 19:33,30,STOP SIGN/FLASHER,FUNCTIONING PROPERLY,RAIN,DARKNESS,ANGLE,T-INTERSECTION,,STRAIGHT AND LEVEL,WET,NO DEFECTS,ON SCENE,INJURY AND / OR TOW DUE TO CRASH,Y,,Y,"OVER $1,500",3/24/2022 20:00,DISREGARDING STOP SIGN,WEATHER,98,E,83RD ST,631,,,,,,,2,NO INDICATION OF INJURY,0,0,0,0,0,2,0,19,5,3,41.7438148,-87.62126905,POINT (-87.621269050797 41.743814801214)
03034bfd2bfe0a76ac6f8e02dc4c935f18a47a36d178334029547c5803eef8d81abe68e49d4605b75c755ebcc67159b6b779d1dba1eb99c541dbae76b35ab1c9,,,4/3/2022 14:15,15,NO CONTROLS,NO CONTROLS,CLEAR,DAYLIGHT,REAR TO REAR,PARKING LOT,,STRAIGHT AND LEVEL,DRY,NO DEFECTS,NOT ON SCENE (DESK REPORT),NO INJURY / DRIVE AWAY,,,,"$501 - $1,500",4/5/2022 10:45,FAILING TO YIELD RIGHT-OF-WAY,UNABLE TO DETERMINE,4120,S,PULASKI RD,815,,,,,,,2,NO INDICATION OF INJURY,0,0,0,0,0,2,0,14,1,4,41.81783167,-87.72407715,POINT (-87.724077152023 41.817831666459)
0b3360695ffe953b5002bb2a732747b12078d29c89c538f8fa1ff6d981002ed8cc96b2b3f9cc0e5b388b4aadfc55dfcfd769ebab7c4c5114ae13ccfe447bba2c,,,4/6/2022 4:24,30,TRAFFIC SIGNAL,FUNCTIONING PROPERLY,RAIN,"DARKNESS, LIGHTED ROAD",ANGLE,FOUR WAY,,STRAIGHT AND LEVEL,WET,NO DEFECTS,ON SCENE,INJURY AND / OR TOW DUE TO CRASH,Y,,,"OVER $1,500",4/6/2022 4:25,DISREGARDING TRAFFIC SIGNALS,NOT APPLICABLE,399,W,79TH ST,623,,,,,,,2,NO INDICATION OF INJURY,0,0,0,0,0,2,0,4,4,4,41.75067417,-87.6341684,POINT (-87.634168395998 41.750674170171)
08b079fd2f320fe3ff31d412b686e917c821bba75b6a807eabbae263a271433d3cf368337d9c7cd250cbbcffb3ff985cb541a206cbd4749b367e03db78e4f048,,,4/1/2022 17:00,30,NO CONTROLS,NO CONTROLS,UNKNOWN,UNKNOWN,FIXED OBJECT,DIVIDED - W/MEDIAN (NOT RAISED),,STRAIGHT AND LEVEL,UNKNOWN,UNKNOWN,NOT ON SCENE (DESK REPORT),NO INJURY / DRIVE AWAY,,,,"OVER $1,500",4/6/2022 20:00,ROAD ENGINEERING/SURFACE/MARKING DEFECTS,UNABLE TO DETERMINE,7230,N,SHERIDAN RD,2423,,,,,,,1,NO INDICATION OF INJURY,0,0,0,0,0,1,0,17,6,4,42.01359604,-87.66404055,POINT (-87.664040553297 42.013596041091)
8d8eeeff6bf269326be6bc74835f53a1b78ab5cd4dc62a4084e8984ff751205e83e1912985e103f9a7d6d3a68d3d3f93c7ca574ae744817f865111d37a22e77c,,Y,4/5/2022 12:00,30,NO CONTROLS,NO CONTROLS,CLEAR,DAYLIGHT,PARKED MOTOR VEHICLE,ONE-WAY,,STRAIGHT AND LEVEL,DRY,NO DEFECTS,NOT ON SCENE (DESK REPORT),INJURY AND / OR TOW DUE TO CRASH,,,Y,"OVER $1,500",4/5/2022 18:00,UNABLE TO DETERMINE,UNABLE TO DETERMINE,2410,W,VAN BUREN ST,1125,,,,,,,2,NO INDICATION OF INJURY,0,0,0,0,0,1,0,12,3,4,41.87618378,-87.68672288,POINT (-87.686722881324 41.876183777346)
2a907ab606ba63a46d200894da6d86c49dad25dbe9b02bc2eeb35a63357bfd051ad99266ef7b09f43a5f9db9ce91f87081ee61f3148187bf1068ab7dfb600849,,,4/6/2022 11:20,30,NO CONTROLS,NO CONTROLS,CLEAR,DAYLIGHT,REAR END,NOT DIVIDED,,STRAIGHT AND LEVEL,DRY,NO DEFECTS,ON SCENE,INJURY AND / OR TOW DUE TO CRASH,,,,"$501 - $1,500",4/6/2022 11:25,FOLLOWING TOO CLOSELY,NOT APPLICABLE,6441,S,PULASKI RD,823,,,,,,,2,NO INDICATION OF INJURY,0,0,0,0,0,2,0,11,4,4,41.77562028,-87.72253456,POINT (-87.722534557922 41.775620284366)
e3d3f384ac52d70029c2b3394a08d0b57f296f97780eda9964fc6a844233fb9d6c600f7039340a85478592532e07f530534db550ec75779650251c66210ddd84,,N,4/5/2022 17:20,30,NO CONTROLS,NO CONTROLS,CLEAR,DAYLIGHT,PARKED MOTOR VEHICLE,PARKING LOT,,STRAIGHT AND LEVEL,DRY,NO DEFECTS,NOT ON SCENE (DESK REPORT),NO INJURY / DRIVE AWAY,,,Y,"OVER $1,500",4/5/2022 18:45,UNABLE TO DETERMINE,NOT APPLICABLE,5434,S,PULASKI RD,815,,,,,,,2,NO INDICATION OF INJURY,0,0,0,0,0,1,0,17,3,4,41.79398242,-87.7233278,POINT (-87.72332780176 41.793982416864)
1a375163b817294bcff6cf4a74832e9766e17c9e97cbee20d2ff59566795d28102f249a6d52475add79a02caf430393bfb9b4b6fd8e554ea8148efce3be22bd7,,,4/6/2022 4:30,30,NO CONTROLS,NO CONTROLS,CLEAR,DARKNESS,PARKED MOTOR VEHICLE,NOT DIVIDED,,STRAIGHT AND LEVEL,UNKNOWN,NO DEFECTS,NOT ON SCENE (DESK REPORT),NO INJURY / DRIVE AWAY,,,Y,"OVER $1,500",4/6/2022 18:00,UNABLE TO DETERMINE,UNABLE TO DETERMINE,506,W,BELMONT AVE,1925,,,,,,,2,NO INDICATION OF INJURY,0,0,0,0,0,1,0,4,4,4,41.94018864,-87.6422482,POINT (-87.642248197183 41.940188637243)
fe47131b6b4b8cfe4e9afe4f4cf2739446cb8f50c401539c4167af974429bae5de9a4fb2484f8be74111e0cc95529df97b8f2019e41a85ac82d433e9f00e5387,,,4/5/2022 13:30,30,NO CONTROLS,NO CONTROLS,CLEAR,DAYLIGHT,FIXED OBJECT,NOT DIVIDED,,STRAIGHT AND LEVEL,OTHER,"RUT, HOLES",NOT ON SCENE (DESK REPORT),NO INJURY / DRIVE AWAY,,,,"$501 - $1,500",4/6/2022 14:28,ROAD CONSTRUCTION/MAINTENANCE,ROAD CONSTRUCTION/MAINTENANCE,2255,W,ADDISON ST,1921,,,,,,,1,NO INDICATION OF INJURY,0,0,0,0,0,1,0,13,3,4,41.94666081,-87.68560036,POINT (-87.685600362222 41.946660809336)
e387a68fc064f2271c2849a94a59d0fae99f07c9a49c7f5ae5a428c666fc91ceef0b80271ff901cd3216a764582d34d0e5963014041cfb1dadb660b7e90b0ca5,,,4/6/2022 9:50,30,TRAFFIC SIGNAL,FUNCTIONING PROPERLY,CLOUDY/OVERCAST,DAYLIGHT,REAR END,NOT DIVIDED,,STRAIGHT AND LEVEL,WET,NO DEFECTS,NOT ON SCENE (DESK REPORT),NO INJURY / DRIVE AWAY,,,,$500 OR LESS,4/6/2022 10:00,FOLLOWING TOO CLOSELY,FOLLOWING TOO CLOSELY,10700,S,VINCENNES AVE,2212,,,,,,,2,NO INDICATION OF INJURY,0,0,0,0,0,3,0,9,4,4,41.69938874,-87.65891336,POINT (-87.658913357315 41.699388741856)
9d61cd58790ddc2b38ebfbebc46616c540f784b5377350f4522fa4918ad39c053d5fa510aa7c6ac2498271375e1c092669736ee32274a91125ddde55e17114f0,,,4/6/2022 15:40,30,STOP SIGN/FLASHER,FUNCTIONING PROPERLY,CLEAR,DAYLIGHT,TURNING,FOUR WAY,,STRAIGHT AND LEVEL,DRY,UNKNOWN,NOT ON SCENE (DESK REPORT),NO INJURY / DRIVE AWAY,Y,,,"OVER $1,500",4/6/2022 16:40,UNABLE TO DETERMINE,NOT APPLICABLE,2300,S,LAWNDALE AVE,1013,,,,,,,2,NO INDICATION OF INJURY,0,0,0,0,0,4,0,15,4,4,41.84971518,-87.71752803,POINT (-87.717528030925 41.84971517635)
6edf62a6232a8b3358fa349dbdb4b42b553798bee0d4ff1c9a65cdf0422bff4d1d810071df922984e4ba6e45cbe67ea30f7edee0d63782774affb3483a08bfb2,,,4/4/2022 13:10,10,NO CONTROLS,NO CONTROLS,CLEAR,DAYLIGHT,FIXED OBJECT,OTHER,,STRAIGHT AND LEVEL,UNKNOWN,UNKNOWN,NOT ON SCENE (DESK REPORT),NO INJURY / DRIVE AWAY,,,,"$501 - $1,500",4/5/2022 18:27,DRIVING SKILLS/KNOWLEDGE/EXPERIENCE,UNABLE TO DETERMINE,340,N,LOWER LA SALLE ST,1831,,,,,,,1,NO INDICATION OF INJURY,0,0,0,0,0,1,0,13,2,4,41.88886982,-87.63260476,POINT (-87.632604762939 41.888869815697)
c398e5a6acc8348ef6404b8ef1d57bd9de5fd2c15a0f54468df387cb2962c226d8498c7199fd20bb8e9ba92d3f4855e3192d52eea63be0565c66ff07fa880d71,,,4/4/2022 13:40,30,STOP SIGN/FLASHER,FUNCTIONING PROPERLY,CLEAR,DAYLIGHT,REAR END,DIVIDED - W/MEDIAN (NOT RAISED),,STRAIGHT AND LEVEL,DRY,UNKNOWN,NOT ON SCENE (DESK REPORT),NO INJURY / DRIVE AWAY,,,Y,"OVER $1,500",4/6/2022 17:35,UNABLE TO DETERMINE,UNABLE TO DETERMINE,1300,W,NORTH AVE,1433,,,,,,,2,NO INDICATION OF INJURY,0,0,0,0,0,2,0,13,2,4,41.91085036,-87.66044504,POINT (-87.66044504039 41.910850361976)
2077ae8a6913563d83aee75aa4bd66794285d888b6b786c2e859883662fe7f20ab197d7187cdc95ba51564508901263e650791b35bbc4f6821ce2ba903daffbe,,,4/6/2022 22:00,30,NO CONTROLS,NO CONTROLS,CLEAR,"DARKNESS, LIGHTED ROAD",PARKED MOTOR VEHICLE,NOT DIVIDED,,STRAIGHT AND LEVEL,DRY,NO DEFECTS,ON SCENE,NO INJURY / DRIVE AWAY,,,,"$501 - $1,500",4/6/2022 22:01,IMPROPER LANE USAGE,DRIVING SKILLS/KNOWLEDGE/EXPERIENCE,817,W,LAKE ST,1224,,,,,,,2,NO INDICATION OF INJURY,0,0,0,0,0,1,0,22,4,4,41.88554185,-87.64822896,POINT (-87.648228957828 41.885541849448)
71cdeb876517532264c6bc42b82c9ba90492f5b20370d414581a5f9d61eb93eb378fb271188b096ee2d2ae670d6733ef901106082f4b456f9e26d7649c93e5cc,,,4/6/2022 19:43,35,NO CONTROLS,NO CONTROLS,CLEAR,DAWN,PARKED MOTOR VEHICLE,NOT DIVIDED,,STRAIGHT AND LEVEL,DRY,NO DEFECTS,ON SCENE,NO INJURY / DRIVE AWAY,,,,"OVER $1,500",4/6/2022 19:43,UNABLE TO DETERMINE,UNABLE TO DETERMINE,5610,S,INDIANA AVE,231,,,,,,,5,NO INDICATION OF INJURY,0,0,0,0,0,1,0,19,4,4,41.79254592,-87.62093751,POINT (-87.620937510855 41.792545916972)
570845b50e8cfd6665aee7efa575476fc5a67254f612ce39b025e94b738db52fff4d2a80d381fa7bdc7ce8ea384ee5dccf86848bb6836f56bbad8d24911c9529,,,4/4/2022 20:15,30,STOP SIGN/FLASHER,FUNCTIONING PROPERLY,CLEAR,"DARKNESS, LIGHTED ROAD",PEDALCYCLIST,NOT DIVIDED,,STRAIGHT AND LEVEL,DRY,NO DEFECTS,NOT ON SCENE (DESK REPORT),INJURY AND / OR TOW DUE TO CRASH,,,,"OVER $1,500",4/6/2022 16:50,FAILING TO YIELD RIGHT-OF-WAY,FAILING TO YIELD RIGHT-OF-WAY,6900,S,PULASKI RD,833,,,,,,,2,NONINCAPACITATING INJURY,1,0,0,1,0,1,0,20,2,4,41.76768773,-87.72263085,POINT (-87.72263084508 41.767687732304)
b177238d0dfc86f53c90bd112af6adfadd92d989d45409f4630591c9bf4b490bf0b778f7ea461afd35605c93ebba6dc48a794d070c1303432c6043fe46adab15,,,4/5/2022 21:20,30,STOP SIGN/FLASHER,FUNCTIONING PROPERLY,CLEAR,"DARKNESS, LIGHTED ROAD",REAR END,NOT DIVIDED,,STRAIGHT AND LEVEL,DRY,NO DEFECTS,NOT ON SCENE (DESK REPORT),NO INJURY / DRIVE AWAY,,,,"OVER $1,500",4/5/2022 21:50,UNABLE TO DETERMINE,UNABLE TO DETERMINE,800,N,MICHIGAN AVE,1833,,,,,,,2,NO INDICATION OF INJURY,0,0,0,0,0,3,0,21,3,4,41.89679057,-87.62438066,POINT (-87.624380655444 41.896790572039)