CRASH_RECORD_ID,RD_NO,CRASH_DATE_EST_I,CRASH_DATE,POSTED_SPEED_LIMIT,TRAFFIC_CONTROL_DEVICE,DEVICE_CONDITION,WEATHER_CONDITION,LIGHTING_CONDITION,FIRST_CRASH_TYPE,TRAFFICWAY_TYPE,LANE_CNT,ALIGNMENT,ROADWAY_SURFACE_COND,ROAD_DEFECT,REPORT_TYPE,CRASH_TYPE,INTERSECTION_RELATED_I,NOT_RIGHT_OF_WAY_I,HIT_AND_RUN_I,DAMAGE,DATE_POLICE_NOTIFIED,PRIM_CONTRIBUTORY_CAUSE,SEC_CONTRIBUTORY_CAUSE,STREET_NO,STREET_DIRECTION,STREET_NAME,BEAT_OF_OCCURRENCE,PHOTOS_TAKEN_I,STATEMENTS_TAKEN_I,DOORING_I,WORK_ZONE_I,WORK_ZONE_TYPE,WORKERS_PRESENT_I,NUM_UNITS,MOST_SEVERE_INJURY,INJURIES_TOTAL,INJURIES_FATAL,INJURIES_INCAPACITATING,INJURIES_NON_INCAPACITATING,INJURIES_REPORTED_NOT_EVIDENT,INJURIES_NO_INDICATION,INJURIES_UNKNOWN,CRASH_HOUR,CRASH_DAY_OF_WEEK,CRASH_MONTH,LATITUDE,LONGITUDE,LOCATION
8e9c33b4d477196476438a1f72716b06f28539f61cd3e893a1549d1ddc4c0db0e3db93e0313a2776275f1e3812bbcf6a2236cba44f5913057a6c9908aff8def2,,,4/5/2022 8:15,30,TRAFFIC SIGNAL,FUNCTIONING PROPERLY,CLEAR,DAYLIGHT,REAR END,NOT DIVIDED,,STRAIGHT AND LEVEL,DRY,NO DEFECTS,NOT ON SCENE (DESK REPORT),NO INJURY / DRIVE AWAY,Y,,,"$501 - $1,500",4/5/2022 8:15,UNABLE TO DETERMINE,UNABLE TO DETERMINE,7101,S,COTTAGE GROVE AVE,323,,,,,,,2,NO INDICATION OF INJURY,0,0,0,0,0,3,0,8,3,4,41.76581205,-87.60543631,POINT (-87.605436309586 41.765812053238)
f3f413599ee27d50a1cf65ae7af6797e74dd1ea1b264e91060395f3334d7e5e79336fb300456495804b2dad564934da66d8193a624608442d832f3ebd8754c88,,,4/6/2022 18:52,30,NO CONTROLS,NO CONTROLS,CLEAR,DAYLIGHT,FIXED OBJECT,NOT DIVIDED,,STRAIGHT AND LEVEL,DRY,NO DEFECTS,ON SCENE,INJURY AND / OR TOW DUE TO CRASH,,,,"OVER $1,500",4/6/2022 18:55,UNDER THE INFLUENCE OF ALCOHOL/DRUGS (USE WHEN ARREST IS EFFECTED),PHYSICAL CONDITION OF DRIVER,2169,S,ALLPORT ST,1235,,,,,,,1,NO INDICATION OF INJURY,0,0,0,0,0,1,0,18,4,4,41.85256875,-87.65734607,POINT (-87.657346073364 41.852568747082)
d6eb58b7c673b97a2e802731771d51ee02f0962974f5d64a34832043a6c5745310baf4896f8cdded04c79a40926d2bd725d8c3387e4650e2f4c2138c3a9e25d8,,,4/3/2022 13:20,30,NO CONTROLS,NO CONTROLS,CLEAR,DAYLIGHT,FIXED OBJECT,PARKING LOT,,STRAIGHT AND LEVEL,DRY,NO DEFECTS,ON SCENE,NO INJURY / DRIVE AWAY,,Y,,"OVER $1,500",4/3/2022 13:21,UNABLE TO DETERMINE,UNABLE TO DETERMINE,1952,W,GARFIELD BLVD,932,,,,,,,1,NO INDICATION OF INJURY,0,0,0,0,0,1,0,13,1,4,41.79402873,-87.67404177,POINT (-87.674041766486 41.794028729927)
bc8d3b51b4b59811b3235611e2c8ad90ded9d20315e08de34723a30f701915ee8842eccf7d21afc63278bd84c97834a66c65f66d5973f5e0ffefb9752ff03a0f,,,4/4/2022 13:00,30,NO CONTROLS,NO CONTROLS,CLEAR,DAYLIGHT,SIDESWIPE SAME DIRECTION,NOT DIVIDED,,STRAIGHT AND LEVEL,DRY,NO DEFECTS,ON SCENE,NO INJURY / DRIVE AWAY,,,,"OVER $1,500",4/4/2022 13:10,NOT APPLICABLE,NOT APPLICABLE,7300,N,RIDGE BLVD,2411,,,,,,,2,NO INDICATION OF INJURY,0,0,0,0,0,3,0,13,2,4,42.0140635,-87.68384983,POINT (-87.683849828533 42.01406349887)
3aed6dfbb2d3417e185f5f05f27e706e3aa8f4cd046cc6b2063357b0b0c4c71bbb6a915fecaece9262626fa593d0b9c44b087e6ed726932a02d383e2fadfd441,,,4/6/2022 8:50,30,TRAFFIC SIGNAL,FUNCTIONING PROPERLY,OTHER,"DARKNESS, LIGHTED ROAD",REAR END,DIVIDED - W/MEDIAN BARRIER,,"CURVE, LEVEL",WET,NO DEFECTS,ON SCENE,INJURY AND / OR TOW DUE TO CRASH,Y,,,"OVER $1,500",4/6/2022 9:05,FOLLOWING TOO CLOSELY,NOT APPLICABLE,330,W,LOWER WACKER DR,122,,,,,,,3,NONINCAPACITATING INJURY,1,0,0,1,0,2,0,8,4,4,41.88631073,-87.63657315,POINT (-87.636573147472 41.886310730539)
e4af00dabed53cdb367b6d1bc4e005200256eaa254554fac34d3bb1ce705694e4be398c094901f2a81f80ce472dab0ca0850c39b1eb3a2aed90f2e0f165dd679,,,4/6/2022 10:20,30,NO CONTROLS,NO CONTROLS,RAIN,DAYLIGHT,SIDESWIPE SAME DIRECTION,NOT DIVIDED,,STRAIGHT AND LEVEL,WET,NO DEFECTS,NOT ON SCENE (DESK REPORT),NO INJURY / DRIVE AWAY,,,,"OVER $1,500",4/6/2022 12:47,IMPROPER LANE USAGE,NOT APPLICABLE,500,N,MICHIGAN AVE,1834,,,,,,,2,NO INDICATION OF INJURY,0,0,0,0,0,2,0,10,4,4,41.89097123,-87.62427695,POINT (-87.624276945562 41.890971229645)
dbc4880590c7370fbbf4ce6dbb018d658fde1c8602c3a3603672341435ebb597be9205b00a6ff9f09da05d327d5c4f061b14593388172e14796e71fc8923d958,,,4/6/2022 11:40,10,NO CONTROLS,NO CONTROLS,CLOUDY/OVERCAST,DAYLIGHT,PARKED MOTOR VEHICLE,PARKING LOT,,STRAIGHT AND LEVEL,UNKNOWN,UNKNOWN,NOT ON SCENE (DESK REPORT),NO INJURY / DRIVE AWAY,,,,"$501 - $1,500",4/6/2022 12:27,IMPROPER BACKING,UNABLE TO DETERMINE,2834,N,ASHLAND AVE,1931,,,,,,,2,NO INDICATION OF INJURY,0,0,0,0,0,1,0,11,4,4,41.93340488,-87.66858033,POINT (-87.668580330908 41.93340487466)
40c8907aaf5c0e8ef4433d44c9ad63cbca6722eae0b668e6b6c3a73798d21554e67706601e007f084df918c360dd62c516fe9aeb65d25a6b12e1eb47ef845a75,,,4/6/2022 13:00,30,TRAFFIC SIGNAL,FUNCTIONING PROPERLY,CLEAR,DAYLIGHT,REAR END,NOT DIVIDED,,STRAIGHT AND LEVEL,DRY,NO DEFECTS,NOT ON SCENE (DESK REPORT),NO INJURY / DRIVE AWAY,Y,,,"OVER $1,500",4/6/2022 14:45,UNABLE TO DETERMINE,NOT APPLICABLE,3648,W,GRAND AVE,2535,,,,,,,2,NO INDICATION OF INJURY,0,0,0,0,0,2,0,13,4,4,41.90301418,-87.71817969,POINT (-87.718179689906 41.903014175166)
4054813a80a84dde524799ee4f74663f2069e5236de5e4e54ac0c2620c3d3993a59071c1831b30288956bb4dfeb357a77094f0cebdc64bcc9fbe954aaa72d244,,,4/6/2022 21:30,30,NO CONTROLS,NO CONTROLS,CLEAR,"DARKNESS, LIGHTED ROAD",ANGLE,NOT DIVIDED,,STRAIGHT AND LEVEL,DRY,UNKNOWN,NOT ON SCENE (DESK REPORT),NO INJURY / DRIVE AWAY,,,Y,"OVER $1,500",4/6/2022 23:35,FAILING TO YIELD RIGHT-OF-WAY,UNABLE TO DETERMINE,2400,S,ALBANY AVE,1033,,,,,,,2,NO INDICATION OF INJURY,0,0,0,0,0,2,0,21,4,4,41.84807869,-87.70283991,POINT (-87.702839911868 41.848078684517)
faedd5dea2452bf1954527d683c27ae59d623bdccc3c479a5ff674a8957df0e08625ae49e75d3ae3305318a39129e571da7b7ce18967158ab8f24cb54595c67a,,,4/5/2022 7:00,30,TRAFFIC SIGNAL,NO CONTROLS,CLEAR,DAYLIGHT,REAR END,NOT DIVIDED,,STRAIGHT AND LEVEL,DRY,UNKNOWN,NOT ON SCENE (DESK REPORT),NO INJURY / DRIVE AWAY,,,,"OVER $1,500",4/5/2022 12:45,NOT APPLICABLE,FOLLOWING TOO CLOSELY,5900,S,CICERO AVE,813,,,,,,,2,NO INDICATION OF INJURY,0,0,0,0,0,3,0,7,3,4,41.78564332,-87.74148578,POINT (-87.741485778405 41.785643323876)
d3f31c5477132ced62fc3261ca62f399f5b5abc8e3a957bd07dfe6c25aa78e38aad55763dd6f80f43e1042abbe3883e8c6ae028ee39585d097693ac898b1fa21,,,4/6/2022 9:30,20,NO CONTROLS,NO CONTROLS,RAIN,DAYLIGHT,PARKED MOTOR VEHICLE,NOT DIVIDED,,STRAIGHT AND LEVEL,WET,NO DEFECTS,ON SCENE,NO INJURY / DRIVE AWAY,,,,"$501 - $1,500",4/6/2022 9:45,EQUIPMENT - VEHICLE CONDITION,UNABLE TO DETERMINE,10244,S,YATES AVE,431,,,,,,,2,NO INDICATION OF INJURY,0,0,0,0,0,1,0,9,4,4,41.70858096,-87.56466459,POINT (-87.564664585853 41.708580956089)
d1e714451d3915cb8215e126ba9c13f33065e000d53d6c8ca026817faebb49d90e90aec18709547fb3cccea4686dd325ee9e1038becf191c987f777a684b4b48,,,4/2/2022 14:50,30,STOP SIGN/FLASHER,FUNCTIONING PROPERLY,RAIN,DAYLIGHT,REAR END,DIVIDED - W/MEDIAN (NOT RAISED),,STRAIGHT AND LEVEL,WET,UNKNOWN,,NO INJURY / DRIVE AWAY,,,,"OVER $1,500",4/2/2022 15:30,UNABLE TO DETERMINE,UNABLE TO DETERMINE,4159,N,AUSTIN AVE,1624,,,,,,,2,NO INDICATION OF INJURY,0,0,0,0,0,2,0,14,7,4,41.9566136,-87.7767502,POINT (-87.776750195849 41.956613603337)
81c9556a1f3cf27069a9626f6e0efebcb2b52181aa92074378e74a250aa5585e675c481f830b21e700fa54c1081808f8a81a79fdc62eff6706ca830458850003,,,4/6/2022 17:00,30,TRAFFIC SIGNAL,FUNCTIONING PROPERLY,CLEAR,DAYLIGHT,SIDESWIPE SAME DIRECTION,FOUR WAY,,STRAIGHT AND LEVEL,DRY,NO DEFECTS,NOT ON SCENE (DESK REPORT),NO INJURY / DRIVE AWAY,Y,,,"OVER $1,500",4/6/2022 18:30,UNABLE TO DETERMINE,NOT APPLICABLE,10300,S,HALSTED ST,2232,,,,,,,2,NO INDICATION OF INJURY,0,0,0,0,0,2,0,17,4,4,41.70682334,-87.64297747,POINT (-87.642977469284 41.706823336585)
86353ab9060fc66d6fd2076161efd4887016a97e7c758cbaf986f396bc07f8bab6a9f32673922d5df3b5e2bed0ae02899a4379d1eb615e2de3ca08aa87639a3b,,,4/6/2022 21:19,35,TRAFFIC SIGNAL,FUNCTIONING PROPERLY,CLEAR,"DARKNESS, LIGHTED ROAD",TURNING,CENTER TURN LANE,,STRAIGHT AND LEVEL,DRY,NO DEFECTS,NOT ON SCENE (DESK REPORT),INJURY AND / OR TOW DUE TO CRASH,Y,,,"OVER $1,500",4/6/2022 22:15,FAILING TO YIELD RIGHT-OF-WAY,IMPROPER TURNING/NO SIGNAL,2200,S,WESTERN AVE,1034,,,,,,,2,"REPORTED, NOT EVIDENT",1,0,0,0,1,1,0,21,4,4,41.85198384,-87.6857857,POINT (-87.685785704205 41.851983839573)
ad5e766ffb68a1615a93819c074b7c1ac841cac8674ed488d52b41dd3ea1876c92db06f56b2857554af0270fc83097031b1ef009b922d48a619d0ad651067549,,,4/6/2022 18:20,30,TRAFFIC SIGNAL,FUNCTIONING PROPERLY,CLEAR,DUSK,TURNING,FOUR WAY,,STRAIGHT AND LEVEL,DRY,NO DEFECTS,ON SCENE,INJURY AND / OR TOW DUE TO CRASH,Y,,,"OVER $1,500",4/6/2022 18:20,UNABLE TO DETERMINE,UNABLE TO DETERMINE,600,S,SACRAMENTO BLVD,1134,,,,,,,2,NONINCAPACITATING INJURY,1,0,0,1,0,1,0,18,4,4,41.87369846,-87.70115825,POINT (-87.701158249705 41.873698455701)
f151a08d2905ea8ae6022b40bae8ba1c4095d23496b4b14efac091cdf3f13fc8a049cf7af55d6f1015734b9c3a664caa6772cab3fa3809cfe88eb31fb6500eba,,,4/6/2022 10:15,30,NO CONTROLS,NO CONTROLS,CLEAR,DAYLIGHT,REAR END,NOT DIVIDED,,STRAIGHT AND LEVEL,DRY,NO DEFECTS,NOT ON SCENE (DESK REPORT),NO INJURY / DRIVE AWAY,,,,"$501 - $1,500",4/6/2022 10:30,UNABLE TO DETERMINE,NOT APPLICABLE,2928,N,CALIFORNIA AVE,1411,,,,,,,2,NO INDICATION OF INJURY,0,0,0,0,0,2,0,10,4,4,41.9348492,-87.69784672,POINT (-87.697846718372 41.934849199839)
1394328578610e2375049d6f3f5c8be377e42211eb49e672ddeb90ee24b1bbde0c03f7acc64075ee9126335b7ca775d9c2760ffc0da5678cad51b16dbfdb6302,,Y,4/6/2022 7:00,20,NO CONTROLS,NO CONTROLS,CLEAR,"DARKNESS, LIGHTED ROAD",PARKED MOTOR VEHICLE,NOT DIVIDED,,STRAIGHT AND LEVEL,DRY,NO DEFECTS,NOT ON SCENE (DESK REPORT),NO INJURY / DRIVE AWAY,,,Y,"OVER $1,500",4/6/2022 8:15,FOLLOWING TOO CLOSELY,NOT APPLICABLE,6434,S,KENNETH AVE,813,,,,,,,3,NO INDICATION OF INJURY,0,0,0,0,0,1,0,7,4,4,41.77565439,-87.73380895,POINT (-87.733808946935 41.775654385004)
d48baf21c796fc9c7c6b7d06fd3c4759401635ea9c8f4e2466b108b00a0a80789bfe2c97883b254031871218465eb27ed21cf72a183b6038de37a36eea775dbf,,,4/4/2022 14:53,30,TRAFFIC SIGNAL,FUNCTIONING PROPERLY,CLOUDY/OVERCAST,DAYLIGHT,SIDESWIPE SAME DIRECTION,T-INTERSECTION,,STRAIGHT AND LEVEL,DRY,NO DEFECTS,ON SCENE,NO INJURY / DRIVE AWAY,N,,,"$501 - $1,500",4/4/2022 15:20,UNABLE TO DETERMINE,UNABLE TO DETERMINE,1800,S,WESTERN AVE,1023,,,,,,,2,NO INDICATION OF INJURY,0,0,0,0,0,3,0,14,2,4,41.85747437,-87.68596861,POINT (-87.685968604685 41.857474370968)
a9c53128aaf7359114418a28734d700d12738f2a10c8bcd804b9d1b7170c17d1f9fa4b1c119a136267aef0cff1c50b8bb69d2982b8752dfde57dd0cf00519928,,,4/6/2022 6:15,30,TRAFFIC SIGNAL,FUNCTIONING PROPERLY,RAIN,"DARKNESS, LIGHTED ROAD",PEDESTRIAN,OTHER,,STRAIGHT AND LEVEL,WET,NO DEFECTS,ON SCENE,INJURY AND / OR TOW DUE TO CRASH,Y,,,$500 OR LESS,4/6/2022 6:20,WEATHER,UNABLE TO DETERMINE,54,E,OHIO ST,1834,,,,,,,2,INCAPACITATING INJURY,1,0,1,0,0,1,0,6,4,4,41.89262091,-87.62598628,POINT (-87.625986282981 41.89262090705)
5fe4c1818fdddb15bbcc085f859ec2ae1c59918d7b223adf1f55983f58671a0331fc692db144f37d9431fb2fcdce1b6ce2c0041ba39ce3bbfcc252e437f09661,,,4/6/2022 8:05,35,TRAFFIC SIGNAL,FUNCTIONING PROPERLY,CLOUDY/OVERCAST,DAYLIGHT,TURNING,FOUR WAY,,STRAIGHT AND LEVEL,WET,NO DEFECTS,ON SCENE,INJURY AND / OR TOW DUE TO CRASH,Y,,,"OVER $1,500",4/6/2022 8:11,FAILING TO YIELD RIGHT-OF-WAY,IMPROPER LANE USAGE,600,S,ASHLAND AVE,1231,,,,,,,2,NO INDICATION OF INJURY,0,0,0,0,0,4,0,8,4,4,41.87413327,-87.66674408,POINT (-87.66674408286 41.874133273384)
ba189309581fb55b0cd54c135f174527fdeace3387df9527497ff80c53b09fbd586954173e687e651a067190e48475f9ef6c7a07968138764092c3cfe48e7ddf,,,4/6/2022 7:40,15,NO CONTROLS,NO CONTROLS,RAIN,DAYLIGHT,PARKED MOTOR VEHICLE,PARKING LOT,,STRAIGHT AND LEVEL,WET,NO DEFECTS,ON SCENE,NO INJURY / DRIVE AWAY,,Y,,"$501 - $1,500",4/6/2022 7:58,IMPROPER BACKING,NOT APPLICABLE,1500,S,FAIRFIELD AVE,1023,,,,,,,2,NO INDICATION OF INJURY,0,0,0,0,0,1,0,7,4,4,41.86105521,-87.69455963,POINT (-87.694559633925 41.861055211286)
aee15cdada9fb86b586e9365c6dd3409a5008a559b27546250a4be613b140b8b749f5ecd008c78d7ff82ba353d62e17da8f51d98f19e772ae5e4139282270abc,,,4/6/2022 10:55,30,NO CONTROLS,NO CONTROLS,CLEAR,DAYLIGHT,SIDESWIPE SAME DIRECTION,NOT DIVIDED,,STRAIGHT AND LEVEL,DRY,NO DEFECTS,ON SCENE,NO INJURY / DRIVE AWAY,,,Y,"$501 - $1,500",4/6/2022 11:00,IMPROPER LANE USAGE,IMPROPER OVERTAKING/PASSING,1640,W,ARMITAGE AVE,1432,,,,,,,2,NO INDICATION OF INJURY,0,0,0,0,0,2,0,10,4,4,41.91802396,-87.66930457,POINT (-87.669304572906 41.91802395678)
9f0aa3802a3564c47582b4dabfdada2003b51b7ce7dbf5620e899014cd643274fe792b6e226b52f08693a53c38e7c2425476f32c7629c17277a1ac9b1593ddbd,,,4/6/2022 8:30,30,TRAFFIC SIGNAL,FUNCTIONING PROPERLY,UNKNOWN,DAYLIGHT,REAR END,NOT DIVIDED,,STRAIGHT AND LEVEL,UNKNOWN,UNKNOWN,NOT ON SCENE (DESK REPORT),NO INJURY / DRIVE AWAY,,,,"OVER $1,500",4/6/2022 8:38,UNABLE TO DETERMINE,UNABLE TO DETERMINE,330,N,WESTERN AVE,1222,,,,,,,2,NO INDICATION OF INJURY,0,0,0,0,0,2,0,8,4,4,41.88759893,-87.6867391,POINT (-87.686739101779 41.887598931268)
90e416d99a487033e8dc26216def4c02ac6ba02b23416c5eaf738729b8dfa688bdc1308940a44aa5f2358f5e4bcca2c701bcdbcb96de2166155aeb580d3bdfe3,,,4/6/2022 13:50,30,NO CONTROLS,NO CONTROLS,CLEAR,DAYLIGHT,SIDESWIPE SAME DIRECTION,DIVIDED - W/MEDIAN (NOT RAISED),,STRAIGHT AND LEVEL,DRY,NO DEFECTS,NOT ON SCENE (DESK REPORT),NO INJURY / DRIVE AWAY,,,,"OVER $1,500",4/6/2022 14:50,UNABLE TO DETERMINE,NOT APPLICABLE,6867,W,GRAND AVE,2512,,,,,,,2,NO INDICATION OF INJURY,0,0,0,0,0,2,0,13,4,4,41.92346942,-87.79777742,POINT (-87.797777418467 41.923469418807)
44c5a3aa8a88051eff47e2144db05f4a8119a208f623272e388aad7dc63f7ddcf574fd052100aa1eab75e7a0c3b4c5c2f2834e03cc042e32a0141714fcb0c8e4,,,4/6/2022 16:44,30,STOP SIGN/FLASHER,FUNCTIONING PROPERLY,CLEAR,DAYLIGHT,REAR END,NOT DIVIDED,,STRAIGHT AND LEVEL,DRY,NO DEFECTS,NOT ON SCENE (DESK REPORT),NO INJURY / DRIVE AWAY,,,,"$501 - $1,500",4/6/2022 17:33,UNABLE TO DETERMINE,NOT APPLICABLE,700,S,ASHLAND AVE,1231,,,,,,,2,NO INDICATION OF INJURY,0,0,0,0,0,2,0,16,4,4,41.87283454,-87.66671607,POINT (-87.666716069722 41.872834540669)
f7af668d5f347333e3bf6a2aafc703c3dd90948d0cd4da8c29cf1ee157aa2f6886686048a21e894fd7f548f4928ff0ea48876547eae0d71fb7f2a0f51d5c03f0,,Y,4/5/2022 8:00,15,NO CONTROLS,NO CONTROLS,CLEAR,DAYLIGHT,PARKED MOTOR VEHICLE,PARKING LOT,,STRAIGHT AND LEVEL,DRY,NO DEFECTS,NOT ON SCENE (DESK REPORT),NO INJURY / DRIVE AWAY,,Y,Y,"$501 - $1,500",4/5/2022 18:05,UNABLE TO DETERMINE,UNABLE TO DETERMINE,1949,W,LAKE ST,1223,,,,,,,2,NO INDICATION OF INJURY,0,0,0,0,0,1,0,8,3,4,41.88489026,-87.67623047,POINT (-87.676230469313 41.884890258859)
34eb4e073484024fdcf166588921982672d7ce738570cdecf92f66063a82b3f02b8c772061cf3b89816d19572d4cdae14b1e283e4041c208ece4aa9e761a5e1a,,,4/5/2022 16:40,30,TRAFFIC SIGNAL,FUNCTIONING PROPERLY,CLOUDY/OVERCAST,DAYLIGHT,REAR END,DIVIDED - W/MEDIAN (NOT RAISED),,STRAIGHT AND LEVEL,DRY,NO DEFECTS,NOT ON SCENE (DESK REPORT),NO INJURY / DRIVE AWAY,Y,,,"OVER $1,500",4/6/2022 15:15,FAILING TO REDUCE SPEED TO AVOID CRASH,UNABLE TO DETERMINE,7600,S,VINCENNES AVE,623,,,,,,,2,NO INDICATION OF INJURY,0,0,0,0,0,4,0,16,3,4,41.7562857,-87.63240666,POINT (-87.632406662789 41.756285700818)
846fda65180c3454e567979a6db2d99d327182b9948ddc1b04a1f9d9af3c7a5979bcd8c5c348f4bd5b681a5d111cbd227fe24023b104010284a4c87191c4dd9c,,,4/6/2022 14:53,30,NO CONTROLS,NO CONTROLS,CLEAR,DAYLIGHT,TURNING,NOT DIVIDED,,STRAIGHT AND LEVEL,DRY,UNKNOWN,ON SCENE,INJURY AND / OR TOW DUE TO CRASH,,,,"OVER $1,500",4/6/2022 15:49,IMPROPER TURNING/NO SIGNAL,IMPROPER TURNING/NO SIGNAL,2899,W,DIVISION ST,1211,,,,,,,2,NO INDICATION OF INJURY,0,0,0,0,0,2,0,14,4,4,41.90279408,-87.69929094,POINT (-87.699290935056 41.902794077053)
a3fd7eee53f30be1600d12d585435844b07cf62a2713a647225fda2cd8c8d8c232d8867aa849349a607c5d04961b4c80a35a1073061105982a61a6b7c7559567,,,4/6/2022 16:23,30,STOP SIGN/FLASHER,FUNCTIONING PROPERLY,CLOUDY/OVERCAST,DAYLIGHT,ANGLE,NOT DIVIDED,,STRAIGHT AND LEVEL,DRY,UNKNOWN,ON SCENE,INJURY AND / OR TOW DUE TO CRASH,Y,,Y,"OVER $1,500",4/6/2022 16:28,DISREGARDING TRAFFIC SIGNALS,UNABLE TO DETERMINE,1000,W,57TH ST,712,,N,,,,,2,"REPORTED, NOT EVIDENT",1,0,0,0,1,2,0,16,4,4,41.7907056,-87.6499874,POINT (-87.649987403913 41.790705602273)
7b96f7a3284ee75fe4cb06259f2e0978b1c1f57932bf226e412c41dc1bd73111947f8291791183fa375c929b249e421a6009e96336bed8ff23867d33b695aeea,,,4/4/2022 14:30,30,NO CONTROLS,NO CONTROLS,CLEAR,DAYLIGHT,REAR END,NOT DIVIDED,,STRAIGHT AND LEVEL,DRY,NO DEFECTS,NOT ON SCENE (DESK REPORT),NO INJURY / DRIVE AWAY,,,Y,"$501 - $1,500",4/5/2022 9:46,UNABLE TO DETERMINE,UNABLE TO DETERMINE,8720,S,COMMERCIAL AVE,423,,,,,,,2,NO INDICATION OF INJURY,0,0,0,0,0,2,0,14,2,4,41.73672036,-87.55156242,POINT (-87.551562422814 41.736720357729)
179e447d112c1d8d8378f55d5711a14310d33e831019244cc80e1f940788686d73ca145e4bc604d3454be5c2548d655838d326380b08f5c9f241081788dac527,,,4/6/2022 5:45,30,UNKNOWN,UNKNOWN,UNKNOWN,DARKNESS,PARKED MOTOR VEHICLE,ONE-WAY,,STRAIGHT AND LEVEL,UNKNOWN,UNKNOWN,NOT ON SCENE (DESK REPORT),NO INJURY / DRIVE AWAY,,,,"OVER $1,500",4/6/2022 6:44,UNABLE TO DETERMINE,UNABLE TO DETERMINE,9515,S,SANGAMON ST,2223,,,,,,,2,NO INDICATION OF INJURY,0,0,0,0,0,1,0,5,4,4,41.72080372,-87.64669235,POINT (-87.646692353698 41.720803714686)
ee5ff945a5ef069a495aac003354f3c97671b3d905f346e66e04f34e8885aac5237b62db0c5d9c0b957d42d4b8fd58660beb936b3453bb702e8180d5ff0b24be,,,4/6/2022 11:00,30,STOP SIGN/FLASHER,FUNCTIONING PROPERLY,CLEAR,DAYLIGHT,ANGLE,T-INTERSECTION,,STRAIGHT AND LEVEL,DRY,NO DEFECTS,ON SCENE,INJURY AND / OR TOW DUE TO CRASH,Y,,,"OVER $1,500",4/6/2022 11:05,FAILING TO YIELD RIGHT-OF-WAY,UNABLE TO DETERMINE,1333,W,FULLERTON AVE,1811,,,,,,,2,"REPORTED, NOT EVIDENT",1,0,0,0,1,3,0,11,4,4,41.92512903,-87.66195628,POINT (-87.661956284266 41.92512902761)
22b635156774577f0a27abbe47acdeb43fdafdfd2b5cbaa6a6b95b5d0fa2ad795a9468e93af36938ffd53e78831b6321430e672667bdc9ea7caecf58cfb3b78d,,,4/5/2022 13:20,25,NO CONTROLS,NO CONTROLS,CLEAR,DAYLIGHT,PARKED MOTOR VEHICLE,ONE-WAY,,STRAIGHT AND LEVEL,DRY,NO DEFECTS,ON SCENE,NO INJURY / DRIVE AWAY,,,,"OVER $1,500",4/5/2022 13:30,UNABLE TO DETERMINE,UNABLE TO DETERMINE,5900,W,BYRON ST,1633,,,,,,,2,NO INDICATION OF INJURY,0,0,0,0,0,1,0,13,3,4,41.95134999,-87.77439081,POINT (-87.774390807752 41.951349992074)
c7525497f6bd48377b29e4c46cec64811c2d460fcb9a431a3b214b6769de388718cd25edc75a61852ee1b96cbd304be727bcf3275c39f4234a3d047a386af616,,,4/6/2022 15:03,30,TRAFFIC SIGNAL,FUNCTIONING PROPERLY,CLEAR,DAYLIGHT,TURNING,NOT DIVIDED,,STRAIGHT AND LEVEL,DRY,NO DEFECTS,ON SCENE,NO INJURY / DRIVE AWAY,Y,,Y,$500 OR LESS,4/6/2022 15:03,FAILING TO REDUCE SPEED TO AVOID CRASH,UNABLE TO DETERMINE,6900,S,CALIFORNIA AVE,831,,,,,,,2,NO INDICATION OF INJURY,0,0,0,0,0,12,0,15,4,4,41.7680842,-87.69326464,POINT (-87.693264641648 41.768084200953)
afd42ae3c1c420056abc78c55d6db87b70226472b3ae9adf47971bd6de8bc33022ba2ee7e3995e15f0a0ebddce6e0067f92d03b0e8d0067240438c5e07a2b994,,,4/6/2022 19:00,30,STOP SIGN/FLASHER,UNKNOWN,CLEAR,DUSK,REAR TO FRONT,T-INTERSECTION,,STRAIGHT AND LEVEL,UNKNOWN,UNKNOWN,NOT ON SCENE (DESK REPORT),NO INJURY / DRIVE AWAY,Y,,,"$501 - $1,500",4/6/2022 20:30,IMPROPER BACKING,IMPROPER BACKING,3602,N,FRANCISCO AVE,1733,,,,,,,2,NO INDICATION OF INJURY,0,0,0,0,0,2,0,19,4,4,41.94681024,-87.70063029,POINT (-87.700630286269 41.946810241793)
94c982bae24855bf5b4ad4c0851ff3ddd34235c470567f09895f1914bf029a5e6e57da538c5af5b4ebf7e39773d8e0aa6825a1b12fd90e0fd01c2a40c3e56aae,,,4/6/2022 16:00,25,NO CONTROLS,NO CONTROLS,CLEAR,DAYLIGHT,PARKED MOTOR VEHICLE,NOT DIVIDED,,STRAIGHT AND LEVEL,DRY,NO DEFECTS,NOT ON SCENE (DESK REPORT),NO INJURY / DRIVE AWAY,,,Y,$500 OR LESS,4/6/2022 16:20,FOLLOWING TOO CLOSELY,NOT APPLICABLE,2345,W,103RD ST,2212,,,,,,,2,NO INDICATION OF INJURY,0,0,0,0,0,1,0,16,4,4,41.70626826,-87.68097506,POINT (-87.680975058614 41.706268261714)
d60fcaa6720bf912d15c5521eed5409331812950b2d90b755549e316e75df192f796e2c79f06a87ad61807e9f5f22a15c28af2527b6e5d69a65fcc4c20d88f71,,,4/5/2022 11:43,30,NO CONTROLS,NO CONTROLS,CLEAR,DAYLIGHT,REAR END,DIVIDED - W/MEDIAN BARRIER,,STRAIGHT AND LEVEL,DRY,NO DEFECTS,NOT ON SCENE (DESK REPORT),NO INJURY / DRIVE AWAY,,,Y,$500 OR LESS,4/5/2022 12:30,DRIVING SKILLS/KNOWLEDGE/EXPERIENCE,NOT APPLICABLE,800,N,LAKE SHORE DR SB,1833,,,,,,,2,NO INDICATION OF INJURY,0,0,0,0,0,3,0,11,3,4,41.89680497,-87.61702742,POINT (-87.617027423234 41.896804972416)