CRASH_RECORD_ID,RD_NO,CRASH_DATE_EST_I,CRASH_DATE,POSTED_SPEED_LIMIT,TRAFFIC_CONTROL_DEVICE,DEVICE_CONDITION,WEATHER_CONDITION,LIGHTING_CONDITION,FIRST_CRASH_TYPE,TRAFFICWAY_TYPE,LANE_CNT,ALIGNMENT,ROADWAY_SURFACE_COND,ROAD_DEFECT,REPORT_TYPE,CRASH_TYPE,INTERSECTION_RELATED_I,NOT_RIGHT_OF_WAY_I,HIT_AND_RUN_I,DAMAGE,DATE_POLICE_NOTIFIED,PRIM_CONTRIBUTORY_CAUSE,SEC_CONTRIBUTORY_CAUSE,STREET_NO,STREET_DIRECTION,STREET_NAME,BEAT_OF_OCCURRENCE,PHOTOS_TAKEN_I,STATEMENTS_TAKEN_I,DOORING_I,WORK_ZONE_I,WORK_ZONE_TYPE,WORKERS_PRESENT_I,NUM_UNITS,MOST_SEVERE_INJURY,INJURIES_TOTAL,INJURIES_FATAL,INJURIES_INCAPACITATING,INJURIES_NON_INCAPACITATING,INJURIES_REPORTED_NOT_EVIDENT,INJURIES_NO_INDICATION,INJURIES_UNKNOWN,CRASH_HOUR,CRASH_DAY_OF_WEEK,CRASH_MONTH,LATITUDE,LONGITUDE,LOCATION
dc68b207d5a4969fa9b588255e367df3e208515907652f7e2a4ec2fe171cc6f4215608db7dc13f616e8aa0c2406e0d04e38c8ef2a9f87bccf8c64778cc48c60a,,,4/6/2022 12:16,30,NO CONTROLS,UNKNOWN,CLEAR,DAYLIGHT,PARKED MOTOR VEHICLE,FOUR WAY,,STRAIGHT AND LEVEL,DRY,NO DEFECTS,ON SCENE,INJURY AND / OR TOW DUE TO CRASH,,Y,,"OVER $1,500",4/6/2022 12:16,"OPERATING VEHICLE IN ERRATIC, RECKLESS, CARELESS, NEGLIGENT OR AGGRESSIVE MANNER",NOT APPLICABLE,6600,S,EVANS AVE,321,,N,,,,,2,INCAPACITATING INJURY,2,0,2,0,0,0,0,12,4,4,41.77484643,-87.60720896,POINT (-87.607208962186 41.774846424904)
663dce2ed96c7c1ff1b1fb9bf661005a14f8a708ebe898d377835cbba946e565e939c6970a2113c87d45e79cd5be1026d28b6540b86724a63afda975f4dbe261,,,4/5/2022 12:30,30,NO CONTROLS,NO CONTROLS,UNKNOWN,UNKNOWN,PARKED MOTOR VEHICLE,NOT DIVIDED,,STRAIGHT AND LEVEL,UNKNOWN,UNKNOWN,NOT ON SCENE (DESK REPORT),NO INJURY / DRIVE AWAY,,,,"$501 - $1,500",4/5/2022 12:55,UNABLE TO DETERMINE,UNABLE TO DETERMINE,5730,S,CALIFORNIA AVE,824,,,,,,,2,NO INDICATION OF INJURY,0,0,0,0,0,1,0,12,3,4,41.78910837,-87.69381718,POINT (-87.693817183747 41.789108366372)
93e17862b0786a9397a6ed1995a5698cd149e2aa2cde7b6a773d787efaab1a2c75aaefad98c2d420acc3aabcf17d3985c480a3bcbb81062ff78065ae83b5916f,,,4/6/2022 9:39,30,TRAFFIC SIGNAL,FUNCTIONING PROPERLY,CLOUDY/OVERCAST,DAYLIGHT,TURNING,NOT DIVIDED,,STRAIGHT AND LEVEL,DRY,NO DEFECTS,NOT ON SCENE (DESK REPORT),NO INJURY / DRIVE AWAY,Y,,,"$501 - $1,500",4/6/2022 10:11,TURNING RIGHT ON RED,FAILING TO YIELD RIGHT-OF-WAY,7198,W,DEVON AVE,1611,,,,,,,2,NO INDICATION OF INJURY,0,0,0,0,0,2,0,9,4,4,41.99788221,-87.80670083,POINT (-87.806700827802 41.997882211792)
5fd2ac35ad3e49bb6d43923b5f9fdb1ab2c2e36da6cbb9556dbbc410b71cad6b9bcf7855552a6fdd383030b00004bdd9f2769ede9d362d8bc711301da020a1e8,,N,4/6/2022 16:20,35,NO CONTROLS,NO CONTROLS,CLEAR,DAYLIGHT,SIDESWIPE SAME DIRECTION,DIVIDED - W/MEDIAN (NOT RAISED),,STRAIGHT AND LEVEL,DRY,UNKNOWN,ON SCENE,NO INJURY / DRIVE AWAY,,,Y,"OVER $1,500",4/6/2022 16:43,UNABLE TO DETERMINE,NOT APPLICABLE,3900,S,CICERO AVE,1031,,,,,,,2,NO INDICATION OF INJURY,0,0,0,0,0,2,0,16,4,4,41.82194483,-87.7436766,POINT (-87.743676596199 41.821944833083)
b62a1aafce7456abb784d48fe8090044cbd6fb3b39ba235e40288769b60f06e1e2e6bdf9b29c90364cb89afa5aa2ed1e77f3c375c81af3fe1d8c47506fb71714,,,4/6/2022 9:05,30,NO CONTROLS,NO CONTROLS,CLEAR,DAYLIGHT,SIDESWIPE SAME DIRECTION,NOT DIVIDED,,STRAIGHT AND LEVEL,DRY,NO DEFECTS,ON SCENE,NO INJURY / DRIVE AWAY,,,,"OVER $1,500",4/6/2022 9:08,UNABLE TO DETERMINE,UNABLE TO DETERMINE,7500,N,HARLEM AVE,1611,,Y,,,,,2,NO INDICATION OF INJURY,0,0,0,0,0,2,0,9,4,4,42.01718481,-87.80671848,POINT (-87.806718478524 42.017184809936)
8a78205ff92bdc9ba661882789eeb32886f9d103209349eebd7531faa020768a877925f1c36c8f0595927861427e0b305674f392a2c78b7cb98d5cb92ea39582,,,4/6/2022 15:38,30,NO CONTROLS,NO CONTROLS,CLEAR,DAYLIGHT,PARKED MOTOR VEHICLE,NOT DIVIDED,,STRAIGHT AND LEVEL,DRY,NO DEFECTS,NOT ON SCENE (DESK REPORT),NO INJURY / DRIVE AWAY,,,,"OVER $1,500",4/6/2022 16:51,UNABLE TO DETERMINE,UNABLE TO DETERMINE,259,E,ERIE ST,1834,,,,,,,2,NO INDICATION OF INJURY,0,0,0,0,0,1,0,15,4,4,41.89408538,-87.62040431,POINT (-87.620404310022 41.894085380663)
6c47a103c27928cd3c0103bf541815eac4ef97c96fe6e68bba6e038527ffe8293b79b0903c9f2eddf0b381a7a9e2811818cdab88ccc45ac3adb5b501fba94c40,,N,4/6/2022 21:59,30,NO CONTROLS,NO CONTROLS,CLEAR,"DARKNESS, LIGHTED ROAD",FIXED OBJECT,NOT DIVIDED,,STRAIGHT AND LEVEL,DRY,NO DEFECTS,ON SCENE,INJURY AND / OR TOW DUE TO CRASH,,Y,,"OVER $1,500",4/6/2022 21:59,"OPERATING VEHICLE IN ERRATIC, RECKLESS, CARELESS, NEGLIGENT OR AGGRESSIVE MANNER",NOT APPLICABLE,8112,S,VINCENNES AVE,622,,,,,,,1,"REPORTED, NOT EVIDENT",2,0,0,0,2,0,0,21,4,4,41.74673356,-87.63542067,POINT (-87.635420666841 41.746733555855)
bee4153657dd8a412c3541064db2c4e5d8919be9751be66112338acd36783a92df3143b4ba4f06cbef5e384bdf316b8bfa98277158e06812c5458681d803bf7b,,,4/5/2022 8:00,45,NO CONTROLS,NO CONTROLS,CLEAR,DAYLIGHT,OTHER OBJECT,DIVIDED - W/MEDIAN BARRIER,,STRAIGHT AND LEVEL,DRY,"RUT, HOLES",NOT ON SCENE (DESK REPORT),NO INJURY / DRIVE AWAY,,,,$500 OR LESS,4/6/2022 16:10,NOT APPLICABLE,NOT APPLICABLE,5600,N,LAKE SHORE DR SB,2022,,,,,,,1,NO INDICATION OF INJURY,0,0,0,0,0,1,0,8,3,4,41.98395195,-87.65321511,POINT (-87.653215108266 41.983951946132)
fce5a0221934b4ade6890910a1d05e683fecd766bf2abb8966d10a32a5f869bcda1e9e60fd51b12efe1c0e2ac42078e978ab510e2fc9b481c9c62a6bfbe1c5a0,,,4/5/2022 7:49,30,NO CONTROLS,NO CONTROLS,CLEAR,DAYLIGHT,SIDESWIPE SAME DIRECTION,NOT DIVIDED,,STRAIGHT AND LEVEL,DRY,NO DEFECTS,ON SCENE,NO INJURY / DRIVE AWAY,,,,"$501 - $1,500",4/5/2022 7:56,IMPROPER LANE USAGE,NOT APPLICABLE,6500,S,WESTERN AVE,832,,,,,,,2,NO INDICATION OF INJURY,0,0,0,0,0,2,0,7,3,4,41.77550576,-87.68369146,POINT (-87.683691462002 41.775505758518)
a7f6b39401f72f87b5a49be30c4feb78924e4963b078b3e7ccb4378c907d28dd1843dd31d09aee8995e6a75b674c13bc413a3c9d34b3243bce404a8277512a26,,,4/6/2022 15:20,30,NO CONTROLS,NO CONTROLS,RAIN,DAYLIGHT,PARKED MOTOR VEHICLE,OTHER,,STRAIGHT AND LEVEL,WET,NO DEFECTS,ON SCENE,NO INJURY / DRIVE AWAY,,,,"OVER $1,500",4/6/2022 15:22,IMPROPER OVERTAKING/PASSING,IMPROPER LANE USAGE,1524,W,THORNDALE AVE,2013,,,,,,,2,NO INDICATION OF INJURY,0,0,0,0,0,1,0,15,4,4,41.99004083,-87.6685669,POINT (-87.668566901789 41.990040832394)
36d46f635c48526102f71430600387fd84db2eaf66e2a5cfd04b2449de8ae893e1eb933e13ce5126d44f47e6088444c13fba6522d4014aee65a3bc2f4bd0dd94,,,4/6/2022 7:20,30,NO CONTROLS,NO CONTROLS,UNKNOWN,UNKNOWN,REAR END,NOT DIVIDED,,STRAIGHT AND LEVEL,UNKNOWN,UNKNOWN,NOT ON SCENE (DESK REPORT),NO INJURY / DRIVE AWAY,,,Y,"$501 - $1,500",4/6/2022 8:10,FOLLOWING TOO CLOSELY,UNABLE TO DETERMINE,5341,S,KEDZIE AVE,923,,,,,,,2,NO INDICATION OF INJURY,0,0,0,0,0,2,0,7,4,4,41.7959567,-87.7034796,POINT (-87.703479604334 41.795956694699)
74da6f8a28cba77e0bd43b92a91f6c1262be73364a4acd32bdd7b65861f2e8db58bac50b543f98a400b9cf27b25f150d5a67d2830291f70eafaaeaa50fcb764a,,,4/5/2022 12:47,30,STOP SIGN/FLASHER,FUNCTIONING PROPERLY,CLOUDY/OVERCAST,DAYLIGHT,ANGLE,FOUR WAY,,STRAIGHT AND LEVEL,DRY,NO DEFECTS,ON SCENE,INJURY AND / OR TOW DUE TO CRASH,Y,,,"OVER $1,500",4/5/2022 12:48,UNABLE TO DETERMINE,UNABLE TO DETERMINE,3900,W,JACKSON BLVD,1122,,,,,,,2,NO INDICATION OF INJURY,0,0,0,0,0,2,0,12,3,4,41.87722641,-87.72323068,POINT (-87.723230679316 41.877226407364)
7e66eb8b0bca5ad0e424269cd306798fae10ba953af345231799cbd53809eab481b4116a946bdf87d468ac0e451bd2801ed5dc45c29a7e9a961d60bfeeba9169,,,4/6/2022 16:34,30,TRAFFIC SIGNAL,FUNCTIONING PROPERLY,CLEAR,DAYLIGHT,TURNING,DIVIDED - W/MEDIAN (NOT RAISED),,STRAIGHT AND LEVEL,DRY,NO DEFECTS,NOT ON SCENE (DESK REPORT),NO INJURY / DRIVE AWAY,,,,$500 OR LESS,4/6/2022 20:20,UNABLE TO DETERMINE,UNABLE TO DETERMINE,4002,N,CICERO AVE,1624,,,,,,,2,NO INDICATION OF INJURY,0,0,0,0,0,2,0,16,4,4,41.95353061,-87.74745102,POINT (-87.7474510241 41.9535306064)
1b177823182820d658c8d12d9d746053c4748f28f8d571300f6df1c36d155e2fdcd7a85aec9112afb80107c5835fe3c016b5ba04e1b4ab0a124611f36e4c574f,,,4/5/2022 17:00,10,NO CONTROLS,NO CONTROLS,CLEAR,DAYLIGHT,PARKED MOTOR VEHICLE,PARKING LOT,,STRAIGHT AND LEVEL,WET,NO DEFECTS,NOT ON SCENE (DESK REPORT),NO INJURY / DRIVE AWAY,,,Y,"OVER $1,500",4/6/2022 14:15,UNABLE TO DETERMINE,UNABLE TO DETERMINE,6351,S,COTTAGE GROVE AVE,312,,,,,,,2,NO INDICATION OF INJURY,0,0,0,0,0,1,0,17,3,4,41.77891251,-87.60575072,POINT (-87.605750718955 41.778912511902)
caa27f4d0375198a017af665267bc9058d5fccce2ecb3426030790fc34a925178d211468cb2aea17d51aa44735781a586011e7644960cb5e7f2c3df2d5391f90,,,4/6/2022 12:30,15,NO CONTROLS,NO CONTROLS,CLEAR,DAYLIGHT,PARKED MOTOR VEHICLE,NOT DIVIDED,,STRAIGHT AND LEVEL,UNKNOWN,UNKNOWN,NOT ON SCENE (DESK REPORT),NO INJURY / DRIVE AWAY,,,,"OVER $1,500",4/6/2022 13:04,FOLLOWING TOO CLOSELY,NOT APPLICABLE,4500,N,BROADWAY,1913,,,,,,,2,NO INDICATION OF INJURY,0,0,0,0,0,2,0,12,4,4,41.96378896,-87.65660649,POINT (-87.656606492376 41.963788964252)
211f7bb49a6be968ef221cbbf95575d4e0cb4c000c3b7f6ebabf4d77eea899221d46d5922af500db7fab6e2e413212392e2075ed8cb7a21cc194e1e971d5b59a,,,4/2/2022 0:28,40,NO CONTROLS,NO CONTROLS,CLEAR,"DARKNESS, LIGHTED ROAD",REAR TO SIDE,ONE-WAY,,STRAIGHT AND LEVEL,DRY,UNKNOWN,ON SCENE,INJURY AND / OR TOW DUE TO CRASH,,,,"OVER $1,500",4/2/2022 0:30,NOT APPLICABLE,NOT APPLICABLE,2000,S,LAKE SHORE DR E,132,,,,,,,2,NONINCAPACITATING INJURY,1,0,0,1,0,2,0,0,7,4,41.85554157,-87.61542683,POINT (-87.615426825899 41.855541567282)
dd35e56666891436ff66088d4fc38fbb9e904d2ac0971c3a65ea4776f26d4aff98dd158e8908fede921010b8844a09effc9dd61ac03a50cd5572feae6ad0d18f,,,4/6/2022 1:39,30,TRAFFIC SIGNAL,FUNCTIONING PROPERLY,RAIN,"DARKNESS, LIGHTED ROAD",FIXED OBJECT,NOT DIVIDED,,STRAIGHT AND LEVEL,WET,NO DEFECTS,ON SCENE,INJURY AND / OR TOW DUE TO CRASH,Y,,,"OVER $1,500",4/6/2022 1:39,WEATHER,UNABLE TO DETERMINE,10300,S,VINCENNES AVE,2212,,,,,,,1,NONINCAPACITATING INJURY,1,0,0,1,0,0,0,1,4,4,41.70672358,-87.65619454,POINT (-87.65619454086 41.706723577926)
4d30f3b1af950175bfc0531e4c5f1078a36034c0146739d15f1d37cae34f5e0fda67258a9ec09165cdb1d14e29fea91ddb31280cd821c45a670bcb6699e68730,,,4/1/2022 16:00,30,TRAFFIC SIGNAL,FUNCTIONING PROPERLY,CLEAR,DAYLIGHT,REAR END,FOUR WAY,,STRAIGHT ON HILLCREST,DRY,NO DEFECTS,NOT ON SCENE (DESK REPORT),NO INJURY / DRIVE AWAY,,,,"OVER $1,500",4/3/2022 12:15,FOLLOWING TOO CLOSELY,NOT APPLICABLE,10000,W,OHARE ST,1651,,,,,,,2,NO INDICATION OF INJURY,0,0,0,0,0,2,0,16,6,4,41.97620114,-87.90530913,POINT (-87.905309125103 41.976201139024)
b4c4e3258375c6a58e8e639e572b15afa1dd66fd9d2482ec5f3e25b276e38954e9f424a7f579bf85dd6390dd1a5aba02fdd18f06580de98a8c16fb1e1b921001,,,4/4/2022 2:00,30,NO CONTROLS,NO CONTROLS,CLEAR,DAYLIGHT,SIDESWIPE SAME DIRECTION,NOT DIVIDED,,STRAIGHT AND LEVEL,WET,NO DEFECTS,NOT ON SCENE (DESK REPORT),NO INJURY / DRIVE AWAY,,,Y,"OVER $1,500",4/6/2022 13:35,"OPERATING VEHICLE IN ERRATIC, RECKLESS, CARELESS, NEGLIGENT OR AGGRESSIVE MANNER",NOT APPLICABLE,800,E,63RD ST,313,,,,,,,2,NO INDICATION OF INJURY,0,0,0,0,0,2,0,2,2,4,41.78052103,-87.6058695,POINT (-87.605869499248 41.780521024744)
9ac65af95d3963a133de4b66d41692f23f6fa50146761365a48266730bd5d01603baf0ab7ebfebc63058ed488c9df0c1806a1e8d1c831f3407a761a9bb2c7d73,,,4/6/2022 11:10,25,STOP SIGN/FLASHER,FUNCTIONING PROPERLY,CLEAR,DAYLIGHT,ANGLE,FOUR WAY,,STRAIGHT AND LEVEL,WET,NO DEFECTS,ON SCENE,NO INJURY / DRIVE AWAY,Y,,,"OVER $1,500",4/6/2022 11:13,DISREGARDING STOP SIGN,DRIVING SKILLS/KNOWLEDGE/EXPERIENCE,6200,S,KOSTNER AVE,813,,,,,,,2,NO INDICATION OF INJURY,0,0,0,0,0,2,0,11,4,4,41.78027178,-87.73272144,POINT (-87.732721440535 41.78027177542)
f530f0566b237229ab214b5ec8932415d9815f21b528da8042236a16d4f2b93a5b15e1c47f52715638327f14138b0c68bbecb5b11bef61266be838df4a41c26e,,,4/6/2022 14:10,30,NO CONTROLS,NO CONTROLS,CLEAR,DAYLIGHT,TURNING,DIVIDED - W/MEDIAN (NOT RAISED),,STRAIGHT AND LEVEL,DRY,NO DEFECTS,NOT ON SCENE (DESK REPORT),NO INJURY / DRIVE AWAY,,,Y,"$501 - $1,500",4/6/2022 15:45,UNABLE TO DETERMINE,UNABLE TO DETERMINE,3665,N,MILWAUKEE AVE,1731,,,,,,,2,NO INDICATION OF INJURY,0,0,0,0,0,2,0,14,4,4,41.94747661,-87.73737727,POINT (-87.737377269384 41.947476609798)
8fd5a404fcd19092556bc54f1c08be66ba9206d9f79dfd727cfb4f93fadca832cee5c9a1492712cf2969c226296224b5aef431c56c6b830af2ec801415365a67,,,4/6/2022 14:50,30,NO CONTROLS,NO CONTROLS,CLEAR,DAYLIGHT,SIDESWIPE SAME DIRECTION,ONE-WAY,,STRAIGHT AND LEVEL,DRY,NO DEFECTS,NOT ON SCENE (DESK REPORT),NO INJURY / DRIVE AWAY,,,,"$501 - $1,500",4/6/2022 16:10,DRIVING SKILLS/KNOWLEDGE/EXPERIENCE,UNABLE TO DETERMINE,4700,S,WOOD ST,931,,,,,,,2,NO INDICATION OF INJURY,0,0,0,0,0,7,0,14,4,4,41.80846432,-87.66997199,POINT (-87.669971993627 41.808464321319)
4b6ad65b5ab0c7376c02be41e8260a1b281fe6b92ec4d55586241c44fd309103ecc9e55e90031c42d5ed1d0a1833190b9d4fbdac220687030d4250f14fc67d7d,,,4/5/2022 16:49,10,NO CONTROLS,NO CONTROLS,CLEAR,DAYLIGHT,FIXED OBJECT,OTHER,,STRAIGHT AND LEVEL,DRY,NO DEFECTS,ON SCENE,NO INJURY / DRIVE AWAY,,,,$500 OR LESS,4/5/2022 17:15,NOT APPLICABLE,NOT APPLICABLE,300,E,OHIO ST,1834,,,,,,,1,NO INDICATION OF INJURY,0,0,0,0,0,1,0,16,3,4,41.89271059,-87.62013066,POINT (-87.620130658406 41.892710584594)
cd99bf33fa4658ba5be5f582a6c570258493e56f297a9e450e0c0d213a8f5f80ce9ba1ea30743b81e910cc8c95f88f20aa9325182449ba7a36f3ab97598a7e83,,N,4/6/2022 15:37,30,TRAFFIC SIGNAL,FUNCTIONING PROPERLY,CLEAR,DAYLIGHT,REAR END,NOT DIVIDED,,STRAIGHT AND LEVEL,WET,NO DEFECTS,ON SCENE,INJURY AND / OR TOW DUE TO CRASH,Y,,,"OVER $1,500",4/6/2022 20:43,FAILING TO REDUCE SPEED TO AVOID CRASH,NOT APPLICABLE,2158,S,WESTERN AVE,1023,,,,,,,2,NONINCAPACITATING INJURY,1,0,0,1,0,1,0,15,4,4,41.85207557,-87.6857884,POINT (-87.685788395698 41.852075565734)
5cc4d4e8cac7187f492fb0dd0bfa3cb848a69a85ad73b0d8bd6cfc4a3919fb55affda75b79587b8b6bad2860445984cc9770b6e6bff3ffb49b958c27d92c967e,,,4/6/2022 8:30,30,TRAFFIC SIGNAL,FUNCTIONING PROPERLY,RAIN,DAYLIGHT,TURNING,NOT DIVIDED,,STRAIGHT AND LEVEL,WET,NO DEFECTS,ON SCENE,INJURY AND / OR TOW DUE TO CRASH,Y,,,"OVER $1,500",4/6/2022 8:41,UNABLE TO DETERMINE,NOT APPLICABLE,3500,W,51ST ST,821,,,,,,,2,NONINCAPACITATING INJURY,1,0,0,1,0,1,0,8,4,4,41.80082421,-87.71124763,POINT (-87.711247626634 41.800824204805)
bce7cca60dcb044b2cfc2515f8af71bb822448f41e88c69ce253c82c63c2fba8b0f0a73f3a3de0202e01b97ec247215c7bc7f94d4a21f2f1d7fcf9faa0cb8130,,,4/5/2022 18:18,30,NO CONTROLS,NO CONTROLS,CLEAR,DAYLIGHT,REAR END,DIVIDED - W/MEDIAN (NOT RAISED),,STRAIGHT AND LEVEL,DRY,NO DEFECTS,ON SCENE,NO INJURY / DRIVE AWAY,,,Y,"OVER $1,500",4/5/2022 18:45,FOLLOWING TOO CLOSELY,UNABLE TO DETERMINE,2399,W,WILSON AVE,1911,,,,,,,2,NO INDICATION OF INJURY,0,0,0,0,0,2,0,18,3,4,41.96475985,-87.6887247,POINT (-87.688724694575 41.964759854325)
e7f254022e76985ae69b2e260185f7d8e59c4c1db2951bb557b07af23b5a14b7a6bf2d2ba173691559e984320fc4d7de2c293a620596b4ef67a283275779a9e6,,,4/6/2022 8:45,30,TRAFFIC SIGNAL,FUNCTIONING PROPERLY,RAIN,DAYLIGHT,TURNING,DIVIDED - W/MEDIAN BARRIER,,STRAIGHT AND LEVEL,WET,UNKNOWN,,NO INJURY / DRIVE AWAY,,,Y,"OVER $1,500",4/6/2022 8:54,UNABLE TO DETERMINE,NOT APPLICABLE,50,E,CERMAK RD,131,,,,,,,2,NO INDICATION OF INJURY,0,0,0,0,0,3,0,8,4,4,41.85296514,-87.62509694,POINT (-87.625096935093 41.852965143768)
d735b366cddbda7bd4b9745c83b511e2d1e6702c6db7751c16059781e1525bc1538a388c6db5c94fde2c1fc61d3fb7e66e0a5e93519b748b7fc3c9f7cbfa095a,,Y,4/6/2022 15:35,30,NO CONTROLS,NO CONTROLS,CLEAR,DAYLIGHT,PARKED MOTOR VEHICLE,NOT DIVIDED,,STRAIGHT AND LEVEL,DRY,NO DEFECTS,ON SCENE,NO INJURY / DRIVE AWAY,Y,,,"OVER $1,500",4/6/2022 15:36,DRIVING SKILLS/KNOWLEDGE/EXPERIENCE,NOT APPLICABLE,2400,W,ARTHINGTON ST,1135,,,,,,,2,NO INDICATION OF INJURY,0,0,0,0,0,1,0,15,4,4,41.87035797,-87.68626337,POINT (-87.686263374012 41.870357970161)
7e2767cbebc9026d18aa4bf739392f01805d1f3b888db8a7480304ccaef0d222e310efebeda8cbafa71637279ef26a2e9e0c3610b2d335238388129848b2a5dd,,,4/7/2022 0:15,30,TRAFFIC SIGNAL,FUNCTIONING PROPERLY,CLEAR,DAYLIGHT,REAR END,NOT DIVIDED,,STRAIGHT AND LEVEL,DRY,NO DEFECTS,ON SCENE,INJURY AND / OR TOW DUE TO CRASH,,,,"OVER $1,500",4/7/2022 0:28,FAILING TO REDUCE SPEED TO AVOID CRASH,NOT APPLICABLE,4856,W,NORTH AVE,2533,,,,,,,2,NO INDICATION OF INJURY,0,0,0,0,0,2,0,0,5,4,41.90970955,-87.74808818,POINT (-87.748088177215 41.909709553661)
ff4281c610f5eafaf1927945f7f62a4f310e78f9d49012b070518eb11a8b4caca19a180af46bf94d89f92fe56a131dc7aa9a29262eb7a85fcab899f4a425af09,,,4/6/2022 16:00,30,NO CONTROLS,NO CONTROLS,CLEAR,DAYLIGHT,SIDESWIPE SAME DIRECTION,DIVIDED - W/MEDIAN (NOT RAISED),,STRAIGHT AND LEVEL,DRY,NO DEFECTS,ON SCENE,INJURY AND / OR TOW DUE TO CRASH,,,Y,"OVER $1,500",4/6/2022 16:30,IMPROPER OVERTAKING/PASSING,UNABLE TO DETERMINE,3614,N,LEAVITT ST,1921,,,,,,,3,NO INDICATION OF INJURY,0,0,0,0,0,2,0,16,4,4,41.94728474,-87.68356638,POINT (-87.68356638242 41.947284742188)
3cc66bc3fd8890aaa2561dcf3ff6657aa09df256ec6af2e7fd9ab96682a4bf841cf8d0f14e9140e68ba4e25fb9d9da92ac54ca1db7bdea3ac90aa28a92838f57,,,4/6/2022 6:30,25,TRAFFIC SIGNAL,FUNCTIONING PROPERLY,RAIN,DUSK,ANGLE,NOT DIVIDED,,STRAIGHT AND LEVEL,WET,NO DEFECTS,ON SCENE,INJURY AND / OR TOW DUE TO CRASH,Y,,,"OVER $1,500",4/6/2022 6:39,FAILING TO YIELD RIGHT-OF-WAY,NOT APPLICABLE,2410,N,ELSTON AVE,1432,,,,,,,2,NO INDICATION OF INJURY,0,0,0,0,0,2,0,6,4,4,41.92526566,-87.67799558,POINT (-87.677995579148 41.92526566289)
3db856f4d9b3a563d5c8ac1cb303103adbb7e793ae34e02558b88ced0f377f35a358a165d0639d55b252b73182674f84fb39f0a7d33983cabab57f57ba998980,,Y,4/6/2022 8:54,30,YIELD,FUNCTIONING PROPERLY,RAIN,DAYLIGHT,ANGLE,DIVIDED - W/MEDIAN BARRIER,,STRAIGHT AND LEVEL,WET,NO DEFECTS,ON SCENE,NO INJURY / DRIVE AWAY,Y,,Y,$500 OR LESS,4/6/2022 9:13,FAILING TO YIELD RIGHT-OF-WAY,FAILING TO REDUCE SPEED TO AVOID CRASH,7100,S,CLYDE AVE,333,,,,,,,2,NO INDICATION OF INJURY,0,0,0,0,0,2,0,8,4,4,41.76600497,-87.57399075,POINT (-87.573990745164 41.766004968087)
aa037002fcadfa570089d1285195fbd40b073ac2412aaf3c5c7b1d84b09b50316e8fc1fbb46122bcb66f23f792c73c4582eb232a94e819e6cfa3b3db6b2e2359,,,4/5/2022 9:03,30,UNKNOWN,UNKNOWN,CLEAR,DAYLIGHT,FIXED OBJECT,T-INTERSECTION,,STRAIGHT AND LEVEL,DRY,UNKNOWN,NOT ON SCENE (DESK REPORT),NO INJURY / DRIVE AWAY,Y,,Y,"OVER $1,500",4/5/2022 10:16,"OPERATING VEHICLE IN ERRATIC, RECKLESS, CARELESS, NEGLIGENT OR AGGRESSIVE MANNER",NOT APPLICABLE,73,E,LAKE ST,111,,,,,,,1,NO INDICATION OF INJURY,0,0,0,0,0,1,0,9,3,4,41.8856235,-87.62537382,POINT (-87.62537382137 41.88562349782)
2cde0a10ad0c1a43619b89111cda75cc9f50b3627378270eda12d7f266cde8e71c0538da26519818adc8202cb98fa3c79d11a158a807747c3a468df8e44b277e,,,4/5/2022 17:04,35,STOP SIGN/FLASHER,NO CONTROLS,CLEAR,DAYLIGHT,TURNING,T-INTERSECTION,,STRAIGHT AND LEVEL,DRY,NO DEFECTS,ON SCENE,INJURY AND / OR TOW DUE TO CRASH,Y,,,"OVER $1,500",4/5/2022 17:06,FAILING TO YIELD RIGHT-OF-WAY,UNABLE TO DETERMINE,5431,N,EAST RIVER RD,1614,,,,,,,2,NO INDICATION OF INJURY,0,0,0,0,0,2,0,17,3,4,41.97795547,-87.84631989,POINT (-87.846319888343 41.977955465241)
81ef4eef33dc1ad5fb76bb607a37e39b28c97d1b0956f5c33c5c35bc8d14da723c2b167d787287ca486905c507e53e13e9be76361e41da6ced6ecb1529e31961,,,4/6/2022 16:30,30,OTHER,OTHER,CLEAR,DAYLIGHT,FIXED OBJECT,ONE-WAY,,STRAIGHT AND LEVEL,DRY,"RUT, HOLES",NOT ON SCENE (DESK REPORT),NO INJURY / DRIVE AWAY,,,,"OVER $1,500",4/6/2022 17:45,UNABLE TO DETERMINE,UNABLE TO DETERMINE,2557,W,CONGRESS PKWY,1135,,,,,,,1,NO INDICATION OF INJURY,0,0,0,0,0,1,0,16,4,4,41.87483722,-87.69086901,POINT (-87.690869004564 41.874837224191)
f45460d98cce429ff14888b1eb8cc33e6996aaa5a50f6bfa93ed35231118561cc75277fd9bd24a9ffd0a601985542a4086259172898466e72aa078d56d0d5071,,,4/6/2022 15:10,15,NO CONTROLS,NO CONTROLS,CLEAR,DAYLIGHT,PARKED MOTOR VEHICLE,PARKING LOT,,STRAIGHT AND LEVEL,DRY,NO DEFECTS,ON SCENE,NO INJURY / DRIVE AWAY,,,,"OVER $1,500",4/6/2022 15:16,UNABLE TO DETERMINE,NOT APPLICABLE,9400,S,ASHLAND AVE,2221,,,,,,,3,NO INDICATION OF INJURY,0,0,0,0,0,1,0,15,4,4,41.72294122,-87.66286287,POINT (-87.662862871273 41.72294121821)