CRASH_RECORD_ID,RD_NO,CRASH_DATE_EST_I,CRASH_DATE,POSTED_SPEED_LIMIT,TRAFFIC_CONTROL_DEVICE,DEVICE_CONDITION,WEATHER_CONDITION,LIGHTING_CONDITION,FIRST_CRASH_TYPE,TRAFFICWAY_TYPE,LANE_CNT,ALIGNMENT,ROADWAY_SURFACE_COND,ROAD_DEFECT,REPORT_TYPE,CRASH_TYPE,INTERSECTION_RELATED_I,NOT_RIGHT_OF_WAY_I,HIT_AND_RUN_I,DAMAGE,DATE_POLICE_NOTIFIED,PRIM_CONTRIBUTORY_CAUSE,SEC_CONTRIBUTORY_CAUSE,STREET_NO,STREET_DIRECTION,STREET_NAME,BEAT_OF_OCCURRENCE,PHOTOS_TAKEN_I,STATEMENTS_TAKEN_I,DOORING_I,WORK_ZONE_I,WORK_ZONE_TYPE,WORKERS_PRESENT_I,NUM_UNITS,MOST_SEVERE_INJURY,INJURIES_TOTAL,INJURIES_FATAL,INJURIES_INCAPACITATING,INJURIES_NON_INCAPACITATING,INJURIES_REPORTED_NOT_EVIDENT,INJURIES_NO_INDICATION,INJURIES_UNKNOWN,CRASH_HOUR,CRASH_DAY_OF_WEEK,CRASH_MONTH,LATITUDE,LONGITUDE,LOCATION
9dd376998ca6a38e18680c2efaf0dcdc8a08b54b7f310fe2575ae3f4b8072704d53af84674b724837717685f8a2d363c0bdf012d07d8c6fc71ec432f2ed6e2be,,,4/5/2022 13:20,30,TRAFFIC SIGNAL,FUNCTIONING PROPERLY,CLEAR,DAYLIGHT,TURNING,NOT DIVIDED,,STRAIGHT AND LEVEL,UNKNOWN,UNKNOWN,NOT ON SCENE (DESK REPORT),INJURY AND / OR TOW DUE TO CRASH,,,,"OVER $1,500",4/5/2022 16:41,IMPROPER TURNING/NO SIGNAL,IMPROPER OVERTAKING/PASSING,6340,N,BROADWAY,2433,,,,,,,2,NO INDICATION OF INJURY,0,0,0,0,0,2,0,13,3,4,41.99759056,-87.66063912,POINT (-87.660639122729 41.997590557921)
1c36a207c11028976b5c3cf3206339a92c0ef4b78723e7a4e722f3ccc1280e8c65d2afad2153b236d529590c195a659fa227fd68d45ff6fbcda928515282e476,,,4/6/2022 10:09,10,NO CONTROLS,NO CONTROLS,CLEAR,DAYLIGHT,FIXED OBJECT,PARKING LOT,,STRAIGHT AND LEVEL,DRY,NO DEFECTS,ON SCENE,NO INJURY / DRIVE AWAY,,Y,,"OVER $1,500",4/6/2022 10:10,UNABLE TO DETERMINE,UNABLE TO DETERMINE,6445,N,CLARK ST,2432,,,,,,,1,NO INDICATION OF INJURY,0,0,0,0,0,1,0,10,4,4,41.99935762,-87.67090291,POINT (-87.670902909213 41.999357623968)
478a31919d7ca8ca3a7abd5511eb3d8552a35486f1a8e68b6319dc58d51d4cf91e0bd71ebdb5fe0044c64abdaaedad44377902402fd36d797eaa23d5320e5ef5,,,4/6/2022 15:27,30,NO CONTROLS,NO CONTROLS,CLEAR,DAYLIGHT,SIDESWIPE SAME DIRECTION,NOT DIVIDED,,STRAIGHT AND LEVEL,DRY,NO DEFECTS,ON SCENE,NO INJURY / DRIVE AWAY,,,,"$501 - $1,500",4/6/2022 17:27,DRIVING SKILLS/KNOWLEDGE/EXPERIENCE,DRIVING SKILLS/KNOWLEDGE/EXPERIENCE,4133,W,76TH ST,833,,,,,,,2,NO INDICATION OF INJURY,0,0,0,0,0,4,0,15,4,4,41.75492339,-87.72556412,POINT (-87.725564120664 41.75492339284)
69bc3d9a045409b164371798c579aac36bc07905f86e990c4bbc673e2ca6be0f6f15b60639cce86ecdf10e4c57a5931f52168c623cd2f8d57c16e55ad1cfa14c,,,4/3/2022 13:15,30,NO CONTROLS,NO CONTROLS,CLOUDY/OVERCAST,DAYLIGHT,PARKED MOTOR VEHICLE,NOT DIVIDED,,STRAIGHT AND LEVEL,UNKNOWN,UNKNOWN,NOT ON SCENE (DESK REPORT),NO INJURY / DRIVE AWAY,,,,"OVER $1,500",4/5/2022 12:00,UNABLE TO DETERMINE,NOT APPLICABLE,6341,N,BROADWAY,2433,,,,,,,2,NO INDICATION OF INJURY,0,0,0,0,0,1,0,13,1,4,41.99759419,-87.66034487,POINT (-87.660344865002 41.997594186195)
555fa6b7c838ef2a67ec6cfee3cfa04229106ca545cff78cc7a2b2453347c56f4725cfcae84cdf5580c2cba2d5caf5f5cfecc8af0ee99c859b45043a072eae19,,,4/6/2022 21:40,30,TRAFFIC SIGNAL,FUNCTIONING IMPROPERLY,CLEAR,"DARKNESS, LIGHTED ROAD",REAR END,FOUR WAY,,STRAIGHT AND LEVEL,DRY,NO DEFECTS,ON SCENE,INJURY AND / OR TOW DUE TO CRASH,,,,"OVER $1,500",4/6/2022 21:46,FOLLOWING TOO CLOSELY,NOT APPLICABLE,2358,W,OGDEN AVE,1233,,,,,,,2,NONINCAPACITATING INJURY,2,0,0,2,0,5,0,21,4,4,41.86532044,-87.68552476,POINT (-87.685524755713 41.86532043636)
d4c0269d72f87a7154ded4db9fdd5b768b7c1c95b4d942e69df6ed77589bd08ac5c25b297e9abe9a26e32b40baaad2e76c471999e97957689e401cc4eceaf9bc,,,4/4/2022 15:24,10,NO CONTROLS,NO CONTROLS,CLEAR,DAYLIGHT,PARKED MOTOR VEHICLE,PARKING LOT,,STRAIGHT AND LEVEL,DRY,NO DEFECTS,NOT ON SCENE (DESK REPORT),NO INJURY / DRIVE AWAY,,Y,,"OVER $1,500",4/6/2022 15:11,UNABLE TO DETERMINE,UNABLE TO DETERMINE,102,W,DIVISION ST,1821,,,,,,,2,NO INDICATION OF INJURY,0,0,0,0,0,1,0,15,2,4,41.90400775,-87.63161085,POINT (-87.631610844945 41.904007749058)
8ed6f035020c5fb40bc164be34f60c72d60c9390fbb18349977c14d53eaf101c30bfa7a88a558cef3ba0b66f885573044bdb8a4eb49574f87150491f77354d51,,Y,4/6/2022 12:00,30,NO CONTROLS,NO CONTROLS,CLEAR,DAYLIGHT,TURNING,NOT DIVIDED,,STRAIGHT AND LEVEL,DRY,UNKNOWN,ON SCENE,NO INJURY / DRIVE AWAY,,,,"OVER $1,500",4/6/2022 12:10,DRIVING SKILLS/KNOWLEDGE/EXPERIENCE,DRIVING SKILLS/KNOWLEDGE/EXPERIENCE,2605,S,KEDZIE AVE,1033,,,,,,,2,NO INDICATION OF INJURY,0,0,0,0,0,2,0,12,4,4,41.84431528,-87.70488955,POINT (-87.704889553329 41.84431528136)
bc4b180c34034230f3a3a5771270713f23c5b71a7c24cb7f2218838dbd11a45ef35388140e3c925b0f120782ca09054fe1bf751c78f129f2c3165be32ca04353,,Y,4/6/2022 18:00,30,NO CONTROLS,NO CONTROLS,UNKNOWN,UNKNOWN,PARKED MOTOR VEHICLE,NOT DIVIDED,,STRAIGHT AND LEVEL,UNKNOWN,UNKNOWN,ON SCENE,NO INJURY / DRIVE AWAY,,,Y,"OVER $1,500",4/6/2022 18:24,UNABLE TO DETERMINE,NOT APPLICABLE,701,E,36TH ST,212,,,,,,,2,NO INDICATION OF INJURY,0,0,0,0,0,1,0,18,4,4,41.82904757,-87.60942797,POINT (-87.609427969721 41.829047569647)
2411ee21391b619eb06226b5b472cf0e4fb7b0caae77cc6cfb0fb0f7b4569836eb78ecc9d8cedc26bc64849aacfadaade2c2d4681f60a3b93b6957d47bd967bd,,,4/6/2022 8:20,30,TRAFFIC SIGNAL,FUNCTIONING PROPERLY,RAIN,DAYLIGHT,REAR END,NOT DIVIDED,,STRAIGHT AND LEVEL,WET,NO DEFECTS,NOT ON SCENE (DESK REPORT),NO INJURY / DRIVE AWAY,,,Y,"$501 - $1,500",4/6/2022 8:35,FOLLOWING TOO CLOSELY,NOT APPLICABLE,4658,S,WESTERN AVE,922,,,,,,,2,NO INDICATION OF INJURY,0,0,0,0,0,2,0,8,4,4,41.80846974,-87.6845734,POINT (-87.684573398567 41.808469736745)
ad8c0d658267f9be383acaa237ba7cd104d1e629493cd90a2111ce2a9a5b281db7a44ae057c2ad702896679e4fcf0f3b2b543c50efa3bcfc09523666b1a56668,,,4/7/2022 3:29,30,TRAFFIC SIGNAL,UNKNOWN,CLEAR,"DARKNESS, LIGHTED ROAD",SIDESWIPE SAME DIRECTION,NOT DIVIDED,,STRAIGHT AND LEVEL,DRY,UNKNOWN,NOT ON SCENE (DESK REPORT),NO INJURY / DRIVE AWAY,,,Y,"OVER $1,500",4/7/2022 3:29,"OPERATING VEHICLE IN ERRATIC, RECKLESS, CARELESS, NEGLIGENT OR AGGRESSIVE MANNER",NOT APPLICABLE,3400,W,IRVING PARK RD,1723,,,,,,,2,NO INDICATION OF INJURY,0,0,0,0,0,2,0,3,5,4,41.95396568,-87.71296876,POINT (-87.712968763225 41.953965677765)
e5fd1def549cb3cc2fa9d7c386e3d5eaca78d2e5dc275811d7175b990d61d4d211e067015b033ade76111917733427df790ef625a7bb69a73c629cf61481012e,,,4/4/2022 14:40,30,TRAFFIC SIGNAL,FUNCTIONING PROPERLY,CLEAR,DAYLIGHT,SIDESWIPE SAME DIRECTION,DIVIDED - W/MEDIAN BARRIER,,STRAIGHT AND LEVEL,DRY,WORN SURFACE,ON SCENE,INJURY AND / OR TOW DUE TO CRASH,,,Y,"OVER $1,500",4/4/2022 15:00,UNABLE TO DETERMINE,NOT APPLICABLE,1759,S,WESTERN AVE,1233,,,,,,,2,NO INDICATION OF INJURY,0,0,0,0,0,2,0,14,2,4,41.8575186,-87.68567867,POINT (-87.685678671522 41.85751859918)
c4ddd3ec24c4346d8a8c226e175ae78021a34eab539bf81a4b7badb7c492147bb816ab3e70a16eeed4e828bac0d26e655233a846dc48dce52a5da1d03a5f4e78,,,4/5/2022 17:00,15,NO CONTROLS,NO CONTROLS,UNKNOWN,DAYLIGHT,FIXED OBJECT,PARKING LOT,,STRAIGHT AND LEVEL,UNKNOWN,UNKNOWN,NOT ON SCENE (DESK REPORT),NO INJURY / DRIVE AWAY,,Y,,$500 OR LESS,4/6/2022 10:30,IMPROPER BACKING,NOT APPLICABLE,8431,S,STEWART AVE,622,,,,,,,1,NO INDICATION OF INJURY,0,0,0,0,0,1,0,17,3,4,41.74085923,-87.6338919,POINT (-87.633891897117 41.740859227702)
9285628a43089590aa90bd71f1326233400d60b9452abe7fc678001861282e02a67d90eea4875b8599f8db367e6c1541611b1eca60e54ee3ce823dfffd4f2eb8,,,4/6/2022 5:55,30,TRAFFIC SIGNAL,FUNCTIONING PROPERLY,RAIN,"DARKNESS, LIGHTED ROAD",TURNING,FOUR WAY,,STRAIGHT AND LEVEL,WET,NO DEFECTS,ON SCENE,NO INJURY / DRIVE AWAY,,,Y,"OVER $1,500",4/6/2022 6:10,UNABLE TO DETERMINE,UNABLE TO DETERMINE,4831,S,KEDZIE AVE,922,,,,,,,2,NO INDICATION OF INJURY,0,0,0,0,0,2,0,5,4,4,41.80526768,-87.70374678,POINT (-87.703746777228 41.805267682044)
eb9bbfb3068ba3dd0f7a0f777b85589cb716b1545adcd3bf0f506bc5a328ca58d02f26f8d738670933235773cf14b75e4a24991d7bdc157ade12e226addbd31b,,,4/3/2022 11:15,30,TRAFFIC SIGNAL,FUNCTIONING PROPERLY,CLEAR,DAYLIGHT,SIDESWIPE SAME DIRECTION,DIVIDED - W/MEDIAN (NOT RAISED),,STRAIGHT AND LEVEL,DRY,NO DEFECTS,NOT ON SCENE (DESK REPORT),NO INJURY / DRIVE AWAY,Y,,Y,"OVER $1,500",4/6/2022 17:00,UNABLE TO DETERMINE,NOT APPLICABLE,804,N,PULASKI RD,1111,,,,,,,2,NO INDICATION OF INJURY,0,0,0,0,0,2,0,11,1,4,41.89557073,-87.72623446,POINT (-87.726234458864 41.895570732469)
a7d642e9a0ea8858705f766ce989ed24380d6651b9d23298dc11e65ca0b7ecf22d8549faed245e9a099cd6e17d8df2f67e641018c44d3f26f87ca96a12d0f7bc,,,4/6/2022 5:45,30,STOP SIGN/FLASHER,FUNCTIONING PROPERLY,RAIN,DAWN,ANGLE,ONE-WAY,,STRAIGHT AND LEVEL,WET,NO DEFECTS,NOT ON SCENE (DESK REPORT),NO INJURY / DRIVE AWAY,Y,,,"OVER $1,500",4/6/2022 7:00,DISREGARDING STOP SIGN,NOT APPLICABLE,3500,N,PANAMA AVE,1631,,,,,,,2,NO INDICATION OF INJURY,0,0,0,0,0,2,0,5,4,4,41.94301993,-87.82913336,POINT (-87.829133357041 41.943019930112)
ba5bb8eeb65f408da4671eca6840b8355d849c413bfad968cebf67695f29933620f04398fb1555c830023f7c64f1ba677de51c21d5cfa9e21b514d7034faabc1,,,4/5/2022 16:00,10,NO CONTROLS,NO CONTROLS,CLEAR,DAYLIGHT,ANGLE,PARKING LOT,,STRAIGHT AND LEVEL,UNKNOWN,UNKNOWN,NOT ON SCENE (DESK REPORT),NO INJURY / DRIVE AWAY,,Y,,"OVER $1,500",4/6/2022 16:45,FAILING TO YIELD RIGHT-OF-WAY,UNABLE TO DETERMINE,2001,N,ORCHARD ST,1812,,,,,,,2,NO INDICATION OF INJURY,0,0,0,0,0,2,0,16,3,4,41.91830362,-87.64597389,POINT (-87.645973887671 41.918303615426)
ef69f6205fb16b6182038ecd27f9c5a0bcb130d9067bfb15730b9ba00ea7076b3cb3f8a6e3fae4d5dc910eec6f6064d16f799a57141cd835303c9eb690401b37,,,4/5/2022 5:18,30,TRAFFIC SIGNAL,FUNCTIONING PROPERLY,CLEAR,"DARKNESS, LIGHTED ROAD",PEDESTRIAN,NOT DIVIDED,,STRAIGHT AND LEVEL,DRY,NO DEFECTS,ON SCENE,NO INJURY / DRIVE AWAY,,,,$500 OR LESS,4/5/2022 5:23,UNABLE TO DETERMINE,UNABLE TO DETERMINE,5901,S,KEDZIE AVE,824,,,,,,,2,NO INDICATION OF INJURY,0,0,0,0,0,2,0,5,3,4,41.78615933,-87.70319986,POINT (-87.703199859408 41.78615932619)
6f358c08cee7bf29a8657957c131f9e20d69e8a9c7094879895c412b393340296821945396531004173384ce220f128297ea0d91ba155661f6e910d0770c77cd,,,4/6/2022 23:20,30,STOP SIGN/FLASHER,NO CONTROLS,CLEAR,"DARKNESS, LIGHTED ROAD",HEAD ON,NOT DIVIDED,,STRAIGHT AND LEVEL,DRY,NO DEFECTS,NOT ON SCENE (DESK REPORT),NO INJURY / DRIVE AWAY,,,,"$501 - $1,500",4/7/2022 0:30,IMPROPER OVERTAKING/PASSING,NOT APPLICABLE,3022,N,LONG AVE,2514,,,,,,,2,NO INDICATION OF INJURY,0,0,0,0,0,2,0,23,4,4,41.935678,-87.76163657,POINT (-87.761636574433 41.935677995703)
da7c579cb37ca9d256fe3ba9198f87a36d501883dd749eb52e88842572de754fc4c94ea09cec9b4afb4f75023f321437a845fabd9c8212b99714f2f11c7c8e0b,,Y,4/6/2022 4:39,30,TRAFFIC SIGNAL,FUNCTIONING PROPERLY,RAIN,"DARKNESS, LIGHTED ROAD",FIXED OBJECT,T-INTERSECTION,,STRAIGHT AND LEVEL,WET,NO DEFECTS,ON SCENE,INJURY AND / OR TOW DUE TO CRASH,Y,Y,,"OVER $1,500",4/6/2022 4:39,FAILING TO REDUCE SPEED TO AVOID CRASH,UNABLE TO DETERMINE,1040,W,ROOSEVELT RD,1232,,,,,,,1,FATAL,1,1,0,0,0,0,0,4,4,4,41.86717155,-87.65272014,POINT (-87.652720143771 41.867171547805)
74631b5793e6eea1139f536afc91d50ddd146d3d07b967c51769dfd7136923b65f71384778e30297e78cee9af40d2fccc2e808819b909361142742a2e52f2876,,Y,4/6/2022 14:00,30,STOP SIGN/FLASHER,FUNCTIONING PROPERLY,CLEAR,DAYLIGHT,REAR END,NOT DIVIDED,,STRAIGHT AND LEVEL,DRY,NO DEFECTS,NOT ON SCENE (DESK REPORT),NO INJURY / DRIVE AWAY,,,,$500 OR LESS,4/6/2022 15:00,FOLLOWING TOO CLOSELY,NOT APPLICABLE,409,S,CENTRAL AVE,1522,,,,,,,2,NO INDICATION OF INJURY,0,0,0,0,0,3,0,14,4,4,41.87441553,-87.76450038,POINT (-87.764500384261 41.87441553263)
43a59900d5fa4e40c65630d622594e835d17758773bfa37cfda1a76c9aea757367a96b5abac3f1a1738c398b58d464c81b39da29416e3e9fd0fc6036c9b41fca,,,4/6/2022 14:20,30,TRAFFIC SIGNAL,FUNCTIONING PROPERLY,CLEAR,DAYLIGHT,REAR END,DIVIDED - W/MEDIAN (NOT RAISED),,STRAIGHT AND LEVEL,WET,NO DEFECTS,ON SCENE,NO INJURY / DRIVE AWAY,,,Y,"$501 - $1,500",4/6/2022 14:23,CELL PHONE USE OTHER THAN TEXTING,NOT APPLICABLE,6800,N,WESTERN AVE,2411,,,,,,,2,NO INDICATION OF INJURY,0,0,0,0,0,5,0,14,4,4,42.00507612,-87.69021903,POINT (-87.690219030222 42.005076122723)
8d23afdf73c5c9765c93172bbe3a6166c525d2f1e4314c75aaa6a0e937914fdba80860c090621879ad2f5b97f7b50921cec45e86e90739ebe969a69da8fb2338,,,4/5/2022 13:15,30,NO CONTROLS,NO CONTROLS,CLEAR,DAYLIGHT,TURNING,NOT DIVIDED,,STRAIGHT AND LEVEL,DRY,UNKNOWN,ON SCENE,INJURY AND / OR TOW DUE TO CRASH,,,Y,"OVER $1,500",4/5/2022 13:36,IMPROPER TURNING/NO SIGNAL,UNABLE TO DETERMINE,5747,W,FULLERTON AVE,2515,,,,,,,2,NONINCAPACITATING INJURY,1,0,0,1,0,1,0,13,3,4,41.92380455,-87.77032086,POINT (-87.770320860771 41.923804552741)
dca83211e409a08eb1db8c53888d178fe9f8f76c5d72c70a2d9b2b9fdd6f09f0e7a5caadcbe1ed3b25ebbdb1ae2d3d45ddd3ae4ee7999f8e6c6ea942a29d474c,,,4/4/2022 6:50,30,TRAFFIC SIGNAL,FUNCTIONING PROPERLY,CLEAR,DAYLIGHT,REAR END,CENTER TURN LANE,,STRAIGHT AND LEVEL,WET,NO DEFECTS,ON SCENE,NO INJURY / DRIVE AWAY,,,,$500 OR LESS,4/4/2022 6:55,FOLLOWING TOO CLOSELY,NOT APPLICABLE,5800,N,CUMBERLAND AVE,1614,,,,,,,2,NO INDICATION OF INJURY,0,0,0,0,0,2,0,6,2,4,41.9845299,-87.8367282,POINT (-87.836728202353 41.984529900475)
21b9ddad9c1e0cd375846207335c0a5a1b9dccb4cf9e62d28db9cc5c7d20dd002d45ffc6e7e96dbe2b9c63fd9beccfa7ab5adfc29a33dcd70b11b64f70dcc148,,,4/6/2022 9:30,30,NO CONTROLS,NO CONTROLS,RAIN,DAYLIGHT,REAR END,NOT DIVIDED,,STRAIGHT AND LEVEL,WET,UNKNOWN,NOT ON SCENE (DESK REPORT),NO INJURY / DRIVE AWAY,,,Y,"OVER $1,500",4/6/2022 11:00,UNABLE TO DETERMINE,UNABLE TO DETERMINE,3162,E,83RD ST,424,,,,,,,2,NO INDICATION OF INJURY,0,0,0,0,0,2,0,9,4,4,41.74482746,-87.5467486,POINT (-87.546748600805 41.744827463868)
bcb86abd7df0be46cd651b19f94c7e0db65a0141ede1f49fce058443b1a5455e150ab228074d1da73a59a79bb7ed6b13209826d04cd71db995d3c83fd8b38800,,,4/5/2022 9:00,30,NO CONTROLS,NO CONTROLS,CLEAR,DAYLIGHT,PARKED MOTOR VEHICLE,ONE-WAY,,STRAIGHT AND LEVEL,DRY,NO DEFECTS,ON SCENE,NO INJURY / DRIVE AWAY,,,Y,$500 OR LESS,4/6/2022 15:25,DRIVING SKILLS/KNOWLEDGE/EXPERIENCE,DRIVING SKILLS/KNOWLEDGE/EXPERIENCE,2623,W,65TH ST,831,,,,,,,2,NO INDICATION OF INJURY,0,0,0,0,0,1,0,9,3,4,41.77537127,-87.68948737,POINT (-87.689487371217 41.775371268652)
1374776c629c046bc2b1d9f3b2637b54defbe429fccc3b01db13f7fb7bf76e69d7bb5a65114ee07a880c990f726cd3bdc1a7ccd8fd46e87f8945f8d3ee4dfa21,,,4/6/2022 2:03,35,NO CONTROLS,NO CONTROLS,RAIN,"DARKNESS, LIGHTED ROAD",PARKED MOTOR VEHICLE,NOT DIVIDED,,STRAIGHT AND LEVEL,WET,NO DEFECTS,ON SCENE,INJURY AND / OR TOW DUE TO CRASH,,,,"OVER $1,500",4/6/2022 2:03,IMPROPER LANE USAGE,WEATHER,3323,W,47TH ST,821,,,,,,,2,NONINCAPACITATING INJURY,1,0,0,1,0,1,0,2,4,4,41.80796672,-87.70743584,POINT (-87.707435837461 41.807966722383)
e9090d86ea613b62bc8ad365539689d25df938e27a5701ece9e76c856cc8b8c0e0cbba6fa4a74535bc6f5317fff25b9dee103bfc7e61dea9f33cb99b527a0d01,,,4/6/2022 6:45,30,NO CONTROLS,NO CONTROLS,CLEAR,DAYLIGHT,REAR END,NOT DIVIDED,,STRAIGHT AND LEVEL,WET,NO DEFECTS,NOT ON SCENE (DESK REPORT),NO INJURY / DRIVE AWAY,,,,"$501 - $1,500",4/6/2022 7:05,UNABLE TO DETERMINE,NOT APPLICABLE,4835,W,BELMONT AVE,2521,,,,,,,2,NO INDICATION OF INJURY,0,0,0,0,0,2,0,6,4,4,41.9386983,-87.74829567,POINT (-87.748295673512 41.938698298159)
bb7abcfaf5ee5cf4e13c5382d0fc442e1fc8af5f8bf7460f7e3d738079a08791937d438334ab9530383d1bc10e116bf2eb9c62a0930f57d9729a554d0d70abe6,,,4/5/2022 19:05,30,TRAFFIC SIGNAL,FUNCTIONING PROPERLY,CLEAR,"DARKNESS, LIGHTED ROAD",REAR END,NOT DIVIDED,,STRAIGHT AND LEVEL,DRY,NO DEFECTS,NOT ON SCENE (DESK REPORT),NO INJURY / DRIVE AWAY,,,Y,"OVER $1,500",4/5/2022 19:08,UNABLE TO DETERMINE,NOT APPLICABLE,1200,S,CALIFORNIA BLVD,1022,,,,,,,2,NO INDICATION OF INJURY,0,0,0,0,0,2,0,19,3,4,41.86646529,-87.69605344,POINT (-87.69605343947 41.866465287034)
f9e8ff3f1e2918deb152b777fe8c649339908920a25c44d2acaa0c5091ede6b88b05707e1759e128f2fef1abd6e479a3fdf3669eb65a01e42cc13cd83012c2f6,,,4/6/2022 15:00,30,NO CONTROLS,NO CONTROLS,CLEAR,DAYLIGHT,SIDESWIPE SAME DIRECTION,ONE-WAY,,STRAIGHT ON GRADE,DRY,NO DEFECTS,ON SCENE,NO INJURY / DRIVE AWAY,,,,"OVER $1,500",4/6/2022 15:04,UNABLE TO DETERMINE,UNABLE TO DETERMINE,831,W,99TH ST,2232,,,,,,,2,NO INDICATION OF INJURY,0,0,0,0,0,2,0,15,4,4,41.71409538,-87.64417465,POINT (-87.644174645216 41.714095380358)
932eef91cd2e82bef4ade43dc8bc815e4a6eb37df7d56aa665c7ee154047c9780ed21b1bb74edbdff5c710a2b6737bb9d5e9776083a17ec8596370c21153f676,,,4/6/2022 17:15,30,NO CONTROLS,NO CONTROLS,CLEAR,DAYLIGHT,TURNING,NOT DIVIDED,,STRAIGHT AND LEVEL,DRY,UNKNOWN,NOT ON SCENE (DESK REPORT),NO INJURY / DRIVE AWAY,,,,"OVER $1,500",4/6/2022 17:55,UNABLE TO DETERMINE,NOT APPLICABLE,3333,W,26TH ST,1032,,,,,,,2,NO INDICATION OF INJURY,0,0,0,0,0,2,0,17,4,4,41.84435627,-87.70874699,POINT (-87.708746993088 41.844356265154)
48ef4d68161b5b5e3a4e16147d2fef7b4c684ded691e4a37334af704f5da4281fa5b0adaad37731dc04e90ac3a34798d64d92a8f025a0c17a75d7c67c51f082a,,,4/6/2022 4:40,30,TRAFFIC SIGNAL,FUNCTIONING PROPERLY,RAIN,"DARKNESS, LIGHTED ROAD",SIDESWIPE SAME DIRECTION,Y-INTERSECTION,,STRAIGHT AND LEVEL,WET,NO DEFECTS,ON SCENE,NO INJURY / DRIVE AWAY,,,,"OVER $1,500",4/6/2022 4:41,IMPROPER TURNING/NO SIGNAL,UNABLE TO DETERMINE,7101,S,EXCHANGE AVE,334,,,,,,,2,NO INDICATION OF INJURY,0,0,0,0,0,2,0,4,4,4,41.76622187,-87.56628921,POINT (-87.566289206784 41.766221869852)
c814f513f2a206ceb5acec0f6ae7a747dc559af6b0595b45b64643ba6e073b863352f311351c486205d09e65519b469d12f1c730b3a7c298bc82231c021e3c8c,,,4/5/2022 17:45,30,NO CONTROLS,NO CONTROLS,CLEAR,DAYLIGHT,PARKED MOTOR VEHICLE,DIVIDED - W/MEDIAN (NOT RAISED),,STRAIGHT AND LEVEL,DRY,NO DEFECTS,NOT ON SCENE (DESK REPORT),NO INJURY / DRIVE AWAY,,,Y,$500 OR LESS,4/5/2022 20:24,UNABLE TO DETERMINE,UNABLE TO DETERMINE,3035,W,FOSTER AVE,1713,,,,,,,2,NO INDICATION OF INJURY,0,0,0,0,0,1,0,17,3,4,41.97566434,-87.70489095,POINT (-87.704890946491 41.975664336885)
b792ef178114c785a85901d1f06f01779e6ca99378f509a460c3d5b6ce5faf158fbe28086a305cf9f9a1365b3631cde34f34f75294cfc970d07ecc0ddcb8866c,,,3/27/2022 16:30,30,NO CONTROLS,NO CONTROLS,UNKNOWN,DAYLIGHT,PARKED MOTOR VEHICLE,NOT DIVIDED,,STRAIGHT AND LEVEL,UNKNOWN,UNKNOWN,NOT ON SCENE (DESK REPORT),NO INJURY / DRIVE AWAY,,,Y,"OVER $1,500",3/27/2022 16:36,UNABLE TO DETERMINE,NOT APPLICABLE,907,W,BELMONT AVE,1933,,,,,,,2,NO INDICATION OF INJURY,0,0,0,0,0,1,0,16,1,3,41.93983429,-87.65188242,POINT (-87.651882421883 41.939834292931)
dd4d69aa8b276336aa4343c935394c5c90208f61d957765ebb6a4cc66bfada22b992c18745e45f704c9dadbfe35d4ab66afa759f16171f2fd0e7b2a4c8117f8b,,,4/6/2022 14:55,30,NO CONTROLS,NO CONTROLS,CLOUDY/OVERCAST,DAYLIGHT,PARKED MOTOR VEHICLE,ONE-WAY,,STRAIGHT AND LEVEL,UNKNOWN,UNKNOWN,NOT ON SCENE (DESK REPORT),NO INJURY / DRIVE AWAY,,,,"$501 - $1,500",4/6/2022 15:04,IMPROPER BACKING,IMPROPER BACKING,3630,N,FREMONT ST,1923,,,,,,,2,NO INDICATION OF INJURY,0,0,0,0,0,2,0,14,4,4,41.94820781,-87.65208368,POINT (-87.65208368135 41.948207813512)
bf921ee9a0bbd8f572133f2534f1e26c5802f1d7e6cca0c1bf8d6ea395ff0f44aaf60c0b0abe91efcf8b24c700087f5abaec7dd12120a39d27159dbd7188e168,,,4/4/2022 14:30,20,TRAFFIC SIGNAL,FUNCTIONING PROPERLY,CLEAR,DAYLIGHT,SIDESWIPE SAME DIRECTION,DIVIDED - W/MEDIAN (NOT RAISED),,STRAIGHT AND LEVEL,DRY,NO DEFECTS,ON SCENE,NO INJURY / DRIVE AWAY,,,Y,"OVER $1,500",4/4/2022 15:00,IMPROPER OVERTAKING/PASSING,DRIVING SKILLS/KNOWLEDGE/EXPERIENCE,1901,S,RUBLE ST,1235,,,,,,,2,NO INDICATION OF INJURY,0,0,0,0,0,2,0,14,2,4,41.85684818,-87.64360496,POINT (-87.643604962601 41.856848178056)
6f8cbaca1cc73b43b3c925ccb0b50a5361b4185039b3ed2b95dc8a38df5b2560dcb64016ad1b607da012b8dd73190ac87318dd5e6c36644bcb7f3ec6a93b1257,,,4/6/2022 13:20,10,NO CONTROLS,NO CONTROLS,CLEAR,DAYLIGHT,TURNING,PARKING LOT,,STRAIGHT AND LEVEL,DRY,UNKNOWN,NOT ON SCENE (DESK REPORT),NO INJURY / DRIVE AWAY,,Y,Y,"OVER $1,500",4/6/2022 16:40,DRIVING SKILLS/KNOWLEDGE/EXPERIENCE,UNABLE TO DETERMINE,4700,S,CALIFORNIA AVE,922,,,,,,,2,NO INDICATION OF INJURY,0,0,0,0,0,2,0,13,4,4,41.80821705,-87.69435004,POINT (-87.694350034906 41.808217051245)
88cd2f18b3a69f3c6c110020a165b655fd4d41cd9b3f4d177fc4a7212f85599dc64508a28bbce2a46a14377ca7d296a91f272c244b469ba899f6d03d18a39b68,,,4/6/2022 14:50,30,NO CONTROLS,NO CONTROLS,CLEAR,DAYLIGHT,REAR END,NOT DIVIDED,,STRAIGHT AND LEVEL,DRY,NO DEFECTS,NOT ON SCENE (DESK REPORT),NO INJURY / DRIVE AWAY,,,,"$501 - $1,500",4/6/2022 16:48,UNABLE TO DETERMINE,UNABLE TO DETERMINE,1223,W,DIVISION ST,1213,,,,,,,2,NO INDICATION OF INJURY,0,0,0,0,0,2,0,14,4,4,41.90338788,-87.65830905,POINT (-87.658309051604 41.903387876415)