CRASH_RECORD_ID,RD_NO,CRASH_DATE_EST_I,CRASH_DATE,POSTED_SPEED_LIMIT,TRAFFIC_CONTROL_DEVICE,DEVICE_CONDITION,WEATHER_CONDITION,LIGHTING_CONDITION,FIRST_CRASH_TYPE,TRAFFICWAY_TYPE,LANE_CNT,ALIGNMENT,ROADWAY_SURFACE_COND,ROAD_DEFECT,REPORT_TYPE,CRASH_TYPE,INTERSECTION_RELATED_I,NOT_RIGHT_OF_WAY_I,HIT_AND_RUN_I,DAMAGE,DATE_POLICE_NOTIFIED,PRIM_CONTRIBUTORY_CAUSE,SEC_CONTRIBUTORY_CAUSE,STREET_NO,STREET_DIRECTION,STREET_NAME,BEAT_OF_OCCURRENCE,PHOTOS_TAKEN_I,STATEMENTS_TAKEN_I,DOORING_I,WORK_ZONE_I,WORK_ZONE_TYPE,WORKERS_PRESENT_I,NUM_UNITS,MOST_SEVERE_INJURY,INJURIES_TOTAL,INJURIES_FATAL,INJURIES_INCAPACITATING,INJURIES_NON_INCAPACITATING,INJURIES_REPORTED_NOT_EVIDENT,INJURIES_NO_INDICATION,INJURIES_UNKNOWN,CRASH_HOUR,CRASH_DAY_OF_WEEK,CRASH_MONTH,LATITUDE,LONGITUDE,LOCATION
ecd496cb07d0e086dc08adf67905fb2931d290a941756447cee1ad645e3a89d7d188278fa8bf978f0b7a2179403a4c28950f8019a7faaf233d947c75b7bddbca,,,4/5/2022 18:00,30,NO CONTROLS,FUNCTIONING PROPERLY,CLEAR,DUSK,ANGLE,DIVIDED - W/MEDIAN (NOT RAISED),,STRAIGHT AND LEVEL,DRY,NO DEFECTS,NOT ON SCENE (DESK REPORT),INJURY AND / OR TOW DUE TO CRASH,,,,"$501 - $1,500",4/6/2022 11:15,FAILING TO YIELD RIGHT-OF-WAY,UNABLE TO DETERMINE,1040,N,CICERO AVE,1531,,,,,,,2,"REPORTED, NOT EVIDENT",1,0,0,0,1,2,0,18,3,4,41.899936,-87.74606609,POINT (-87.74606608624 41.899936004178)
d1294171323fa5a05e18659b265735c8879af6179af635534717e2a831486ba79e61c4eb276c5826bdb1900b117a6c3db8f17dc9b9e4112d6be92ae00faa098d,,Y,4/6/2022 14:10,20,NO CONTROLS,NO CONTROLS,CLEAR,DAYLIGHT,PARKED MOTOR VEHICLE,ONE-WAY,,STRAIGHT AND LEVEL,DRY,NO DEFECTS,ON SCENE,NO INJURY / DRIVE AWAY,,,,"$501 - $1,500",4/6/2022 14:15,DRIVING ON WRONG SIDE/WRONG WAY,NOT APPLICABLE,5203,W,AGATITE AVE,1623,,,,,,,2,NO INDICATION OF INJURY,0,0,0,0,0,1,0,14,4,4,41.96140054,-87.75761285,POINT (-87.757612846073 41.961400534925)
34e2f6d14d592d96b78b209f83335db240b3900b92ff80d5b4cb890154ea83c676347a39e7cb6951f2ee6cc5318a2857a0355e74104357b29ab7dd26f51879bd,,,4/6/2022 14:00,10,NO CONTROLS,NO CONTROLS,CLEAR,DAYLIGHT,PARKED MOTOR VEHICLE,OTHER,,STRAIGHT AND LEVEL,DRY,NO DEFECTS,NOT ON SCENE (DESK REPORT),NO INJURY / DRIVE AWAY,,,Y,"$501 - $1,500",4/6/2022 18:00,UNABLE TO DETERMINE,UNABLE TO DETERMINE,10,S,WACKER DR,122,,,,,,,2,NO INDICATION OF INJURY,0,0,0,0,0,1,0,14,4,4,41.88172246,-87.63716362,POINT (-87.637163618201 41.881722456809)
7476dff9fd0e2b83a717ba03a18d8130ba25291988571fdaef6b3c9f49b5922718f0d66772686fc08b6cbb860c0bdcc0708dc0ffa05fefe531784c9fd18a5d79,,,4/6/2022 17:45,30,UNKNOWN,UNKNOWN,CLEAR,DAYLIGHT,SIDESWIPE SAME DIRECTION,DIVIDED - W/MEDIAN BARRIER,,STRAIGHT AND LEVEL,DRY,UNKNOWN,NOT ON SCENE (DESK REPORT),NO INJURY / DRIVE AWAY,,,,"OVER $1,500",4/6/2022 18:45,UNABLE TO DETERMINE,UNABLE TO DETERMINE,10252,S,HALSTED ST,2232,Y,,,,,,2,NO INDICATION OF INJURY,0,0,0,0,0,2,0,17,4,4,41.70717486,-87.64298882,POINT (-87.642988818415 41.707174859819)
14db659bafc3129e329dafe1a2066956c446fec91d920cf11c535b6fe130265cd97423f281a29b71a5c09a2348bff99493d3cfe2312092381f3e2d3d1142d831,,,4/6/2022 12:45,30,NO CONTROLS,NO CONTROLS,CLEAR,DAYLIGHT,SIDESWIPE SAME DIRECTION,NOT DIVIDED,,STRAIGHT AND LEVEL,DRY,NO DEFECTS,NOT ON SCENE (DESK REPORT),NO INJURY / DRIVE AWAY,,,,"OVER $1,500",4/6/2022 15:45,DRIVING SKILLS/KNOWLEDGE/EXPERIENCE,NOT APPLICABLE,1600,E,76TH ST,411,,,,,,,2,NO INDICATION OF INJURY,0,0,0,0,0,2,0,12,4,4,41.75705939,-87.58563502,POINT (-87.585635023779 41.757059392156)
23833f31511bc70f49ff7da52fdd5433c5e50d04e3f4032286e4a01ba087fc2dbf19dadda72bebed0f28c071748056ead11b7f62ba94f0a9d35f1a50db7cb81d,,,4/6/2022 17:45,30,NO CONTROLS,NO CONTROLS,CLEAR,DAYLIGHT,PARKED MOTOR VEHICLE,ONE-WAY,,STRAIGHT AND LEVEL,DRY,NO DEFECTS,NOT ON SCENE (DESK REPORT),NO INJURY / DRIVE AWAY,,,,"$501 - $1,500",4/6/2022 21:30,DRIVING SKILLS/KNOWLEDGE/EXPERIENCE,NOT APPLICABLE,3958,N,OAKLEY AVE,1921,,,,,,,2,NO INDICATION OF INJURY,0,0,0,0,0,2,0,17,4,4,41.95395543,-87.68618591,POINT (-87.686185906563 41.953955428454)
6be872d5dec9b9da1949e276f8be213871ef0f0c19337b5440df96c627e525c21f491ba7872319de6ea648ff4fbd520fff28c4b7ac8eb9cf243fc89b73ddec67,,N,4/6/2022 15:38,30,STOP SIGN/FLASHER,FUNCTIONING PROPERLY,CLEAR,DAYLIGHT,REAR END,ONE-WAY,,STRAIGHT AND LEVEL,DRY,NO DEFECTS,NOT ON SCENE (DESK REPORT),NO INJURY / DRIVE AWAY,,,Y,"OVER $1,500",4/6/2022 16:00,UNABLE TO DETERMINE,UNABLE TO DETERMINE,2398,W,CORNELIA AVE,1921,,,,,,,2,NO INDICATION OF INJURY,0,0,0,0,0,4,0,15,4,4,41.9450294,-87.68814787,POINT (-87.6881478718 41.945029403109)
4d43824e8f50397b69636c8949ea16c158e29d1b1b68cbab9510917e640a0215e90e444babc16038e35c5b283b1ff702f721211ca73cf7197e8c8c3040496c30,,,4/6/2022 8:25,30,NO CONTROLS,NO CONTROLS,CLEAR,DAYLIGHT,SIDESWIPE SAME DIRECTION,NOT DIVIDED,,STRAIGHT AND LEVEL,DRY,NO DEFECTS,NOT ON SCENE (DESK REPORT),NO INJURY / DRIVE AWAY,,,,"$501 - $1,500",4/6/2022 17:38,UNABLE TO DETERMINE,UNABLE TO DETERMINE,344,N,OGDEN AVE,1215,,,,,,,2,NO INDICATION OF INJURY,0,0,0,0,0,2,0,8,4,4,41.88778386,-87.66153025,POINT (-87.661530252337 41.887783860428)
97846b55b3a367976d383b9947b0995c126353b6f36df8f850267ac60cc4b0d997e45043a57d00e6c38bc18817d607704e9acb4951b6632e1fc965c30a27da1b,,,4/2/2022 23:50,30,NO CONTROLS,NO CONTROLS,CLEAR,"DARKNESS, LIGHTED ROAD",REAR END,NOT DIVIDED,,STRAIGHT AND LEVEL,UNKNOWN,UNKNOWN,NOT ON SCENE (DESK REPORT),NO INJURY / DRIVE AWAY,,,,"$501 - $1,500",4/6/2022 18:50,UNABLE TO DETERMINE,UNABLE TO DETERMINE,4836,N,WESTERN AVE,2031,,,,,,,2,NO INDICATION OF INJURY,0,0,0,0,0,2,0,23,7,4,41.96975014,-87.68908934,POINT (-87.689089335239 41.96975013715)
f554fc1820e2b572d0d3843339b158c144a27d40617d3f5065b6911a695f3c80c3f2e8dfa96eeceac2e0d2785e2acaafd74f5c4bb2de45b00ef4c4e8e9aed44e,,,4/5/2022 16:55,25,NO CONTROLS,NO CONTROLS,CLEAR,DAYLIGHT,SIDESWIPE SAME DIRECTION,NOT DIVIDED,,STRAIGHT AND LEVEL,DRY,NO DEFECTS,NOT ON SCENE (DESK REPORT),NO INJURY / DRIVE AWAY,,,,"$501 - $1,500",4/6/2022 10:20,FAILING TO YIELD RIGHT-OF-WAY,NOT APPLICABLE,2300,W,CHICAGO AVE,1212,,,,,,,2,NO INDICATION OF INJURY,0,0,0,0,0,2,0,16,3,4,41.89589286,-87.68452231,POINT (-87.68452231445 41.895892859757)
9f1f5ea6fbef9bc0c32d93d0409d768dce1e5d24790f246f518401ec3b4fc06ef481ba226579edb026e4125eff44fb5a487bbc943d34764f6acc30873b36ec97,,,4/6/2022 10:06,10,NO CONTROLS,NO CONTROLS,CLEAR,DAYLIGHT,REAR END,PARKING LOT,,STRAIGHT AND LEVEL,WET,NO DEFECTS,NOT ON SCENE (DESK REPORT),NO INJURY / DRIVE AWAY,,,,"OVER $1,500",4/6/2022 10:06,UNABLE TO DETERMINE,NOT APPLICABLE,1380,W,LAKE ST,1215,,,,,,,2,NO INDICATION OF INJURY,0,0,0,0,0,4,0,10,4,4,41.88553521,-87.66189725,POINT (-87.66189724784 41.885535211997)
5da97640b375f351751376d81c421d469547cea6d21bcbaa39479880d8e425a1647110d89f873bde6ac75bfbabaa5f1c1e273be100df58334f1fb4ff28b89479,,,4/3/2022 17:00,25,NO CONTROLS,NO CONTROLS,CLEAR,DAYLIGHT,SIDESWIPE OPPOSITE DIRECTION,NOT DIVIDED,,STRAIGHT AND LEVEL,DRY,NO DEFECTS,NOT ON SCENE (DESK REPORT),NO INJURY / DRIVE AWAY,,,N,"OVER $1,500",4/6/2022 15:30,UNABLE TO DETERMINE,UNABLE TO DETERMINE,300,S,KILPATRICK AVE,1131,,,,,,,2,NO INDICATION OF INJURY,0,0,0,0,0,2,0,17,1,4,41.87682767,-87.74284297,POINT (-87.742842966843 41.876827664712)
6a27f9228bd4ce842b99b04e2b8d4644852ab9f9578c9e3c7e28e26e6cde83c414b7b087a3644f5cf7c1f47ac8bfda1ca53a6bc3f8f4e564d47d3422749f7e09,,,4/6/2022 7:45,30,NO CONTROLS,NO CONTROLS,RAIN,DAYLIGHT,REAR END,NOT DIVIDED,,STRAIGHT AND LEVEL,WET,NO DEFECTS,NOT ON SCENE (DESK REPORT),NO INJURY / DRIVE AWAY,,,,"OVER $1,500",4/6/2022 8:42,FAILING TO YIELD RIGHT-OF-WAY,FOLLOWING TOO CLOSELY,2844,W,47TH ST,922,,,,,,,2,NO INDICATION OF INJURY,0,0,0,0,0,2,0,7,4,4,41.8083588,-87.69600055,POINT (-87.696000547872 41.808358800968)
cb1dcb70b8f538bbaf3b0258e8230a88c61e59cc05bb072c947c3a86a90a39fce03e9a50855f068264546312cadae4a8c48ee14e31d4557237be0b104f54007b,,,4/6/2022 11:15,30,TRAFFIC SIGNAL,FUNCTIONING PROPERLY,CLEAR,DAYLIGHT,TURNING,NOT DIVIDED,,STRAIGHT AND LEVEL,DRY,NO DEFECTS,ON SCENE,NO INJURY / DRIVE AWAY,Y,,,"OVER $1,500",4/6/2022 11:18,UNABLE TO DETERMINE,UNABLE TO DETERMINE,1300,W,IRVING PARK RD,1912,,,,,,,2,NO INDICATION OF INJURY,0,0,0,0,0,2,0,11,4,4,41.95448757,-87.6622935,POINT (-87.662293495857 41.95448756688)
b43aebc1d67d970c9da15e9d997211ac12edd08a6e62d2852b58dea455dc666ae277967ee94351bf7e568ab5583f116ab287eecdfc2f0a5966fee37d2fec57c8,,,4/6/2022 14:25,30,STOP SIGN/FLASHER,FUNCTIONING PROPERLY,CLEAR,DAYLIGHT,PEDESTRIAN,DIVIDED - W/MEDIAN (NOT RAISED),,STRAIGHT AND LEVEL,DRY,UNKNOWN,ON SCENE,INJURY AND / OR TOW DUE TO CRASH,,,Y,"OVER $1,500",4/6/2022 14:30,FAILING TO YIELD RIGHT-OF-WAY,NOT APPLICABLE,4140,N,MARINE DR,1915,,,,,,,2,NONINCAPACITATING INJURY,1,0,0,1,0,1,0,14,4,4,41.95680712,-87.6461175,POINT (-87.646117502244 41.956807122603)
d6221c66f979b9af4954f60ff428cd1fc525856f55bce20c9f232e5e5a16449422d73b7a52e33d443292b8071555ce27740bd34a81f78c416212984d051b963e,,,4/5/2022 10:45,30,NO CONTROLS,NO CONTROLS,CLEAR,DAYLIGHT,PARKED MOTOR VEHICLE,ONE-WAY,,STRAIGHT AND LEVEL,DRY,NO DEFECTS,NOT ON SCENE (DESK REPORT),NO INJURY / DRIVE AWAY,,,Y,"OVER $1,500",4/5/2022 12:20,UNABLE TO DETERMINE,UNABLE TO DETERMINE,931,N,SPRINGFIELD AVE,1112,,,,,,,3,NO INDICATION OF INJURY,0,0,0,0,0,1,0,10,3,4,41.89823462,-87.72357942,POINT (-87.723579423604 41.898234618676)
e346230d9b43a86943dd23b515387cf1c089cef83f0a1838833b3cfbf57f29146b367b1c0b00bb6f9410322848b9f7120081dbedab89534a1362b3d2e0b3dc48,,,4/5/2022 12:10,30,TRAFFIC SIGNAL,FUNCTIONING PROPERLY,CLEAR,DAYLIGHT,ANGLE,FOUR WAY,,STRAIGHT AND LEVEL,DRY,NO DEFECTS,ON SCENE,INJURY AND / OR TOW DUE TO CRASH,Y,,,"OVER $1,500",4/5/2022 12:12,FAILING TO YIELD RIGHT-OF-WAY,FAILING TO YIELD RIGHT-OF-WAY,2759,N,AUSTIN AVE,2514,,,,,,,2,"REPORTED, NOT EVIDENT",1,0,0,0,1,4,0,12,3,4,41.93111865,-87.77581836,POINT (-87.775818358538 41.931118645296)
36234dc19d627aca4531027cf84469fc6984e10fa20008baaf769514609b2b2b0ca2046928888381edb796c2487baa1219a7defe6b79178c46b389109c6085a1,,,4/6/2022 8:35,30,TRAFFIC SIGNAL,UNKNOWN,RAIN,DAYLIGHT,FIXED OBJECT,FOUR WAY,,STRAIGHT AND LEVEL,WET,NO DEFECTS,ON SCENE,INJURY AND / OR TOW DUE TO CRASH,Y,N,,"OVER $1,500",4/6/2022 8:38,UNABLE TO DETERMINE,FAILING TO REDUCE SPEED TO AVOID CRASH,2600,N,PULASKI RD,2524,,,,,,,1,NO INDICATION OF INJURY,0,0,0,0,0,1,0,8,4,4,41.92822191,-87.72702494,POINT (-87.727024942983 41.928221906766)
d56198e867a89d551aaf541b8c99e5ab9fc0449c7b6ba6b260b9c25c34ec5989d8561a56cbdc530e0ca2e44698e03619483cd3a59ad2a5c5ddc95574ed4fcdf9,,,4/4/2022 14:42,30,NO CONTROLS,NO CONTROLS,CLEAR,DAYLIGHT,FIXED OBJECT,DIVIDED - W/MEDIAN BARRIER,,STRAIGHT AND LEVEL,DRY,"RUT, HOLES",NOT ON SCENE (DESK REPORT),NO INJURY / DRIVE AWAY,,,,"OVER $1,500",4/6/2022 17:10,ROAD ENGINEERING/SURFACE/MARKING DEFECTS,UNABLE TO DETERMINE,4401,N,LAKE SHORE DR NB,1914,,,,,,,1,NO INDICATION OF INJURY,0,0,0,0,0,1,0,14,2,4,41.96208438,-87.64609752,POINT (-87.646097517875 41.962084376838)
dcdebce87d7f668c5d61e91d8bc55dde5cd25b11037bbb9e97e079968b1ee4084528d7531f9d29c4286a4205a191497a8d55d363b924edf9f78cbe7ddf8c1f69,,,4/6/2022 22:15,15,NO CONTROLS,NO CONTROLS,UNKNOWN,"DARKNESS, LIGHTED ROAD",REAR END,PARKING LOT,,STRAIGHT AND LEVEL,UNKNOWN,UNKNOWN,NOT ON SCENE (DESK REPORT),NO INJURY / DRIVE AWAY,,,Y,"OVER $1,500",4/6/2022 23:00,FOLLOWING TOO CLOSELY,FOLLOWING TOO CLOSELY,2138,S,INDIANA AVE,132,,,,,,,2,NO INDICATION OF INJURY,0,0,0,0,0,2,0,22,4,4,41.853078,-87.6223843,POINT (-87.622384296603 41.853078001272)
6927f03fab28fbb1eb22fc65be3f344bbddc4445298feaa3cf66332ead09cc17232dbf78f08462e1869d7e1e3dc259d649bec2ef7c62813e7728415629a66133,,,4/5/2022 5:50,20,NO CONTROLS,NO CONTROLS,UNKNOWN,UNKNOWN,PARKED MOTOR VEHICLE,PARKING LOT,,STRAIGHT AND LEVEL,UNKNOWN,UNKNOWN,ON SCENE,NO INJURY / DRIVE AWAY,,,Y,$500 OR LESS,4/5/2022 6:00,UNABLE TO DETERMINE,NOT APPLICABLE,850,W,OHARE ST,1654,,,,,,,2,NO INDICATION OF INJURY,0,0,0,0,0,1,0,5,3,4,,,
aaec213592185b614169b0e5a1b22d46fd16e2f31399635e929077f44787d9841677782b3e283f2f77507ad8a74f98feeac83c54c30347ca0378293ffa471c87,,,4/6/2022 12:10,30,NO CONTROLS,NO CONTROLS,CLEAR,DAYLIGHT,PARKED MOTOR VEHICLE,NOT DIVIDED,,STRAIGHT AND LEVEL,DRY,NO DEFECTS,NOT ON SCENE (DESK REPORT),NO INJURY / DRIVE AWAY,,,,"$501 - $1,500",4/6/2022 12:25,IMPROPER BACKING,IMPROPER BACKING,1832,S,STATE ST,131,,,,,,,2,NO INDICATION OF INJURY,0,0,0,0,0,2,0,12,4,4,41.85709847,-87.627325,POINT (-87.627324998106 41.85709847048)
5106d842094fd3a2b101c8e32fd2e44327d0a96a066e980e3d4652c07b2018ef19b65d11c1c6dfcc6735bec1f8abfa6e0daed7d46541050bbb657e3541fb19f6,,,4/7/2022 0:03,25,NO CONTROLS,NO CONTROLS,CLEAR,DARKNESS,SIDESWIPE SAME DIRECTION,NOT DIVIDED,,STRAIGHT AND LEVEL,DRY,NO DEFECTS,ON SCENE,INJURY AND / OR TOW DUE TO CRASH,,,,"OVER $1,500",4/7/2022 0:05,IMPROPER OVERTAKING/PASSING,IMPROPER LANE USAGE,1135,S,HOMAN AVE,1134,,,,,,,2,NO INDICATION OF INJURY,0,0,0,0,0,2,0,0,5,4,41.86719189,-87.71041931,POINT (-87.710419305965 41.867191890056)
8ef441ea631b826df0988a5e7b79d343b08db5323077a3adf5dbf53ac3b35e495e917e6c689b4639fe247c3609aaada6203dca0835387d19aa05b62820c32070,,,4/5/2022 20:15,35,NO CONTROLS,NO CONTROLS,CLEAR,"DARKNESS, LIGHTED ROAD",REAR END,NOT DIVIDED,,STRAIGHT AND LEVEL,DRY,NO DEFECTS,ON SCENE,INJURY AND / OR TOW DUE TO CRASH,,,Y,"OVER $1,500",4/5/2022 20:20,UNABLE TO DETERMINE,UNABLE TO DETERMINE,6751,W,HIGGINS AVE,1613,,,,,,,2,NONINCAPACITATING INJURY,1,0,0,1,0,1,0,20,3,4,41.97887715,-87.79709477,POINT (-87.797094765692 41.978877147961)
b5749b22aa8c5fb2cf971b00744dd5d528edd1ae5c12690aee47078b1609299ab11f6f87326e00333be3ac5bf29a5f66a3ce16d68bca4594f851f93c36bb22ff,,,4/6/2022 8:20,30,NO CONTROLS,NO CONTROLS,RAIN,DAYLIGHT,FIXED OBJECT,NOT DIVIDED,,STRAIGHT AND LEVEL,WET,NO DEFECTS,ON SCENE,NO INJURY / DRIVE AWAY,,Y,,"OVER $1,500",4/6/2022 8:27,DRIVING SKILLS/KNOWLEDGE/EXPERIENCE,UNABLE TO DETERMINE,358,W,43RD ST,925,,,,,,,1,NO INDICATION OF INJURY,0,0,0,0,0,1,0,8,4,4,41.81646108,-87.63586185,POINT (-87.635861848667 41.816461079552)
e611d35401dc63e542b206eb0314879584f874e3ca2025be6b30c9794eac9ae0b34192f3d8f02aebcac71959cf6d41de44e031173b9ac9c665f66abbcb9ee1ad,,,4/4/2022 1:00,30,TRAFFIC SIGNAL,FUNCTIONING PROPERLY,CLEAR,"DARKNESS, LIGHTED ROAD",OTHER NONCOLLISION,DIVIDED - W/MEDIAN (NOT RAISED),,STRAIGHT AND LEVEL,OTHER,"RUT, HOLES",NOT ON SCENE (DESK REPORT),NO INJURY / DRIVE AWAY,,,,"$501 - $1,500",4/6/2022 13:15,UNABLE TO DETERMINE,ROAD ENGINEERING/SURFACE/MARKING DEFECTS,2500,W,BELMONT AVE,1921,,,,,,,1,NO INDICATION OF INJURY,0,0,0,0,0,1,0,1,2,4,41.93954784,-87.69069901,POINT (-87.690699013504 41.93954784173)
5e4cb5079a54ca96e81933fe1e55c936440d492fd8d687f792b53ee7eca71901e14af838c941f8cc79f0b202422f760bef89231d5d5a8ff1c2964c3111acb224,,,3/31/2022 23:30,30,NO CONTROLS,NO CONTROLS,UNKNOWN,"DARKNESS, LIGHTED ROAD",PARKED MOTOR VEHICLE,ONE-WAY,,STRAIGHT AND LEVEL,UNKNOWN,NO DEFECTS,NOT ON SCENE (DESK REPORT),NO INJURY / DRIVE AWAY,,,,"OVER $1,500",4/6/2022 21:30,UNABLE TO DETERMINE,UNABLE TO DETERMINE,6406,S,DREXEL AVE,312,,,,,,,2,NO INDICATION OF INJURY,0,0,0,0,0,1,0,23,5,3,41.77836539,-87.60298723,POINT (-87.602987233433 41.778365387546)
472e6939f29fd8e5d16078102237347b95b2236a3477b2a8b77ad333aa08e5a86fb2fead9256d50d781a9fc18ba34b3630692280547436024f35aa1ff3c43a17,,,4/6/2022 9:40,30,NO CONTROLS,NO CONTROLS,CLEAR,DAYLIGHT,SIDESWIPE SAME DIRECTION,ONE-WAY,,STRAIGHT AND LEVEL,DRY,NO DEFECTS,NOT ON SCENE (DESK REPORT),INJURY AND / OR TOW DUE TO CRASH,,,Y,"$501 - $1,500",4/6/2022 12:05,IMPROPER LANE USAGE,NOT APPLICABLE,1616,E,56TH ST,235,,,,,,,2,"REPORTED, NOT EVIDENT",1,0,0,0,1,1,0,9,4,4,41.79350627,-87.58575578,POINT (-87.585755781205 41.793506270328)
3e41f83e306e2e0faa1ae5af702ac4fc8e2c0d51c49c110e70b1b8cb7e027d9c84f7fd5cb7aae440d3868edac94df296bdb0bb9b0c1fba4097c5d1fbe30ef477,,,4/5/2022 22:07,35,NO CONTROLS,NO CONTROLS,CLEAR,DARKNESS,ANGLE,NOT DIVIDED,,STRAIGHT AND LEVEL,DRY,UNKNOWN,ON SCENE,NO INJURY / DRIVE AWAY,,,,"$501 - $1,500",4/5/2022 22:22,IMPROPER LANE USAGE,IMPROPER LANE USAGE,3215,N,HARLEM AVE,1632,,,,,,,2,NO INDICATION OF INJURY,0,0,0,0,0,3,0,22,3,4,41.93848471,-87.80661665,POINT (-87.806616649533 41.938484704579)
7f6db27e554e1e6263c181fff1384ca99a706635c515c782e7145d0aee51ff9bd22ec2472abf896f7749e008169172cd6e748692a9dc18f55d191656881ffc67,,,4/6/2022 7:58,30,TRAFFIC SIGNAL,FUNCTIONING PROPERLY,CLOUDY/OVERCAST,DAYLIGHT,TURNING,DIVIDED - W/MEDIAN (NOT RAISED),,STRAIGHT AND LEVEL,WET,NO DEFECTS,NOT ON SCENE (DESK REPORT),NO INJURY / DRIVE AWAY,,,,"$501 - $1,500",4/6/2022 8:25,UNABLE TO DETERMINE,UNABLE TO DETERMINE,2958,N,DAMEN AVE,1931,,,,,,,2,NO INDICATION OF INJURY,0,0,0,0,0,4,0,7,4,4,41.93588203,-87.67838273,POINT (-87.678382724531 41.935882033137)
9ac90245a37b8cc36b1bdb91062974e36432fc26f419cb45b174ba745a25849326b0a30157d95ff1a09bdccd3f68e9a8f7577d6b659f20e32e5843db2b30b8e2,,,4/7/2022 6:45,30,TRAFFIC SIGNAL,FUNCTIONING PROPERLY,CLEAR,DAWN,REAR END,NOT DIVIDED,,STRAIGHT AND LEVEL,DRY,NO DEFECTS,NOT ON SCENE (DESK REPORT),NO INJURY / DRIVE AWAY,,,,"OVER $1,500",4/7/2022 7:20,FAILING TO REDUCE SPEED TO AVOID CRASH,NOT APPLICABLE,8100,W,FOREST PRESERVE AVE,1631,,,,,,,2,NO INDICATION OF INJURY,0,0,0,0,0,2,0,6,5,4,41.94345118,-87.8291801,POINT (-87.829180103277 41.943451179435)
f3b18762c72241fcc324d1768c7469b74c9f8a197c27e0d4390985164f8a9b96bbd9dc7673c8ded01b3bcda86d0de9881807b14743fabff07f24f5b9130ad0a0,,,4/6/2022 9:50,30,NO CONTROLS,NO CONTROLS,CLEAR,DAYLIGHT,PARKED MOTOR VEHICLE,DIVIDED - W/MEDIAN BARRIER,,STRAIGHT AND LEVEL,WET,NO DEFECTS,ON SCENE,NO INJURY / DRIVE AWAY,,,,"OVER $1,500",4/6/2022 10:10,UNABLE TO DETERMINE,UNABLE TO DETERMINE,167,W,NORTH AVE,1821,,,,,,,2,NO INDICATION OF INJURY,0,0,0,0,0,1,0,9,4,4,41.91105184,-87.63436949,POINT (-87.634369492639 41.911051835048)
c959e6fef3cfbb7ba1df7af3b7d1ea67e56a06fb69e404f00b4a4c8284cfb383dbf4054c44a65352dad2015a5936fde77e51f49b587757b24946fe9cc36f7e4a,,Y,4/4/2022 14:38,20,NO CONTROLS,NO CONTROLS,CLEAR,DAYLIGHT,REAR END,DIVIDED - W/MEDIAN (NOT RAISED),,STRAIGHT AND LEVEL,DRY,NO DEFECTS,NOT ON SCENE (DESK REPORT),NO INJURY / DRIVE AWAY,,,,"OVER $1,500",4/5/2022 11:00,UNABLE TO DETERMINE,NOT APPLICABLE,350,N,LAKE SHORE DR SB,114,,,,,,,3,NO INDICATION OF INJURY,0,0,0,0,0,3,0,14,2,4,41.88810202,-87.61430701,POINT (-87.61430701123 41.888102022383)
1d5df26ddea27f3c5d3c5b4c8afca96baf9c2cde9a02c126e1074cca48eee628f56bafc008a8cb970327ec16ca3c4559b62310c9ed526c9e31a7075c592f0f6b,,,4/6/2022 9:29,30,NO CONTROLS,NO CONTROLS,RAIN,DAYLIGHT,ANGLE,NOT DIVIDED,,STRAIGHT AND LEVEL,WET,NO DEFECTS,ON SCENE,NO INJURY / DRIVE AWAY,Y,,,"OVER $1,500",4/6/2022 9:35,FAILING TO YIELD RIGHT-OF-WAY,NOT APPLICABLE,2200,E,79TH ST,414,,,,,,,2,NO INDICATION OF INJURY,0,0,0,0,0,2,0,9,4,4,41.75177889,-87.57104769,POINT (-87.571047692452 41.751778884699)
c73092d9ec7f8b3fb946489eb8bc61d1cdf7483d85a1392741be474641b47e99ba9d297d694cc6b76cfdbc047772843baf62f761ef7e074a28219b68a7d3c043,,,4/4/2022 15:20,10,NO CONTROLS,NO CONTROLS,CLEAR,DAYLIGHT,ANGLE,PARKING LOT,,STRAIGHT AND LEVEL,DRY,NO DEFECTS,ON SCENE,NO INJURY / DRIVE AWAY,,,,"OVER $1,500",4/4/2022 15:25,UNABLE TO DETERMINE,UNABLE TO DETERMINE,1,W,PARKING LOT E ST,1654,,,,,,,2,NO INDICATION OF INJURY,0,0,0,0,0,2,0,15,2,4,,,
555afab90cffb31c13026c7f065b22417366aa80e93884f2dc435dc86cd1625275e2cdfe3e50cd5b650095298c16c162212c414b4e22246ec5c1b6cf78654336,,,4/5/2022 12:57,30,NO CONTROLS,NO CONTROLS,CLEAR,DAYLIGHT,TURNING,NOT DIVIDED,,STRAIGHT AND LEVEL,DRY,UNKNOWN,ON SCENE,INJURY AND / OR TOW DUE TO CRASH,,,,"OVER $1,500",4/5/2022 13:18,IMPROPER LANE USAGE,NOT APPLICABLE,1201,N,CENTRAL AVE,2532,,,,,,,2,NO INDICATION OF INJURY,0,0,0,0,0,2,0,12,3,4,41.90219105,-87.76550766,POINT (-87.76550765714 41.902191050333)