CRASH_RECORD_ID,RD_NO,CRASH_DATE_EST_I,CRASH_DATE,POSTED_SPEED_LIMIT,TRAFFIC_CONTROL_DEVICE,DEVICE_CONDITION,WEATHER_CONDITION,LIGHTING_CONDITION,FIRST_CRASH_TYPE,TRAFFICWAY_TYPE,LANE_CNT,ALIGNMENT,ROADWAY_SURFACE_COND,ROAD_DEFECT,REPORT_TYPE,CRASH_TYPE,INTERSECTION_RELATED_I,NOT_RIGHT_OF_WAY_I,HIT_AND_RUN_I,DAMAGE,DATE_POLICE_NOTIFIED,PRIM_CONTRIBUTORY_CAUSE,SEC_CONTRIBUTORY_CAUSE,STREET_NO,STREET_DIRECTION,STREET_NAME,BEAT_OF_OCCURRENCE,PHOTOS_TAKEN_I,STATEMENTS_TAKEN_I,DOORING_I,WORK_ZONE_I,WORK_ZONE_TYPE,WORKERS_PRESENT_I,NUM_UNITS,MOST_SEVERE_INJURY,INJURIES_TOTAL,INJURIES_FATAL,INJURIES_INCAPACITATING,INJURIES_NON_INCAPACITATING,INJURIES_REPORTED_NOT_EVIDENT,INJURIES_NO_INDICATION,INJURIES_UNKNOWN,CRASH_HOUR,CRASH_DAY_OF_WEEK,CRASH_MONTH,LATITUDE,LONGITUDE,LOCATION
70ae169b3d7e8089357be4ee75aeb50760891d12426054e638f04eb9d29096caec1731a42b83fad22f0c965b7bf532ed669354c8c7e6048a2f5e1b00898990c6,,Y,4/4/2022 12:00,10,NO CONTROLS,NO CONTROLS,CLEAR,DAYLIGHT,PARKED MOTOR VEHICLE,PARKING LOT,,STRAIGHT AND LEVEL,DRY,NO DEFECTS,ON SCENE,NO INJURY / DRIVE AWAY,,,Y,"$501 - $1,500",4/5/2022 17:44,UNABLE TO DETERMINE,UNABLE TO DETERMINE,2014,S,RACINE AVE,1235,,,,,,,2,NO INDICATION OF INJURY,0,0,0,0,0,1,0,12,2,4,41.85469028,-87.65647821,POINT (-87.656478208432 41.854690278731)
973df6c7d850993505e6c44ca5cc59b24c4374bbcc5cacccdac3e662a005ef96aa1513e0fc1f1b7e8db145ff60b4daf9219f8bd17e78b7d02c30a72e37c4e1b0,,,4/6/2022 9:33,30,TRAFFIC SIGNAL,FUNCTIONING PROPERLY,RAIN,DAYLIGHT,TURNING,NOT DIVIDED,,STRAIGHT AND LEVEL,WET,NO DEFECTS,ON SCENE,INJURY AND / OR TOW DUE TO CRASH,Y,,,"OVER $1,500",4/6/2022 10:00,FAILING TO YIELD RIGHT-OF-WAY,DRIVING SKILLS/KNOWLEDGE/EXPERIENCE,1500,E,79TH ST,411,,,,,,,2,NO INDICATION OF INJURY,0,0,0,0,0,2,0,9,4,4,41.75157544,-87.58848012,POINT (-87.588480123473 41.751575438411)
62ca157dee45c14fbbcb8dadeae12dcbe1ed568e5d956dad8045ea6205e6e692a144ec4969e86441c5bc1745ef386b25f2a7bcf77e110422d612ad1ddc12cfdc,,,4/6/2022 17:15,30,NO CONTROLS,NO CONTROLS,CLOUDY/OVERCAST,DAYLIGHT,ANGLE,ONE-WAY,,STRAIGHT AND LEVEL,DRY,NO DEFECTS,NOT ON SCENE (DESK REPORT),INJURY AND / OR TOW DUE TO CRASH,,,,"OVER $1,500",4/6/2022 18:02,FAILING TO YIELD RIGHT-OF-WAY,UNABLE TO DETERMINE,7800,S,VERNON AVE,624,,,,,,,2,NO INDICATION OF INJURY,0,0,0,0,0,2,0,17,4,4,41.75286823,-87.61390253,POINT (-87.613902533424 41.752868227958)
f49af38e762f5c7a26f222dfc62d28e7573e22c0239855921474fa5229480368315f8dd6c655d4b0c6710cfe0c5775b933a324ed096cc5128972b4fb3421aa02,,,4/6/2022 7:50,30,NO CONTROLS,NO CONTROLS,RAIN,DAYLIGHT,PARKED MOTOR VEHICLE,DIVIDED - W/MEDIAN (NOT RAISED),,STRAIGHT AND LEVEL,WET,NO DEFECTS,ON SCENE,NO INJURY / DRIVE AWAY,,,Y,"OVER $1,500",4/6/2022 8:00,DRIVING SKILLS/KNOWLEDGE/EXPERIENCE,IMPROPER LANE USAGE,1811,S,CANAL ST,1235,,,,,,,2,NO INDICATION OF INJURY,0,0,0,0,0,1,0,7,4,4,41.85730188,-87.63877549,POINT (-87.638775484605 41.857301882221)
3785c2dfb0fbcc667ab89a712f6728064e65a075fa63e4bec14704ea975c045331513367d31111e00db3fc1ca6775ed6e1a3a704de6d3b18278d15865c66be28,,,4/2/2022 13:35,30,NO CONTROLS,NO CONTROLS,UNKNOWN,"DARKNESS, LIGHTED ROAD",SIDESWIPE SAME DIRECTION,ONE-WAY,,STRAIGHT AND LEVEL,UNKNOWN,UNKNOWN,NOT ON SCENE (DESK REPORT),NO INJURY / DRIVE AWAY,,,,"OVER $1,500",4/6/2022 20:25,FAILING TO YIELD RIGHT-OF-WAY,NOT APPLICABLE,8,W,OHIO ST,1832,,,,,,,2,NO INDICATION OF INJURY,0,0,0,0,0,2,0,13,7,4,41.89257422,-87.62842558,POINT (-87.628425584301 41.892574218075)
b7c8dc4e7ffecf7239f03f86cb67ba08ed0c27e92f3839ed0f55a2799663ad9dce73d23301d12406d3911bf15b7f985de6f354cc8515c7b4770152bb81a4b5fa,,,4/6/2022 16:23,30,NO CONTROLS,NO CONTROLS,CLEAR,DAYLIGHT,TURNING,NOT DIVIDED,,STRAIGHT AND LEVEL,DRY,NO DEFECTS,NOT ON SCENE (DESK REPORT),NO INJURY / DRIVE AWAY,,,,"OVER $1,500",4/6/2022 17:40,FAILING TO YIELD RIGHT-OF-WAY,UNABLE TO DETERMINE,1200,W,ROOSEVELT RD,1231,,,,,,,2,NO INDICATION OF INJURY,0,0,0,0,0,2,0,16,4,4,41.86710548,-87.65674501,POINT (-87.656745011924 41.867105475026)
277f753c2d6b1f4ef777185bde2222275864a8d43dedd8cd7eaa25396c76dc9c9d745ea7f427129600e68408b8e522efabdce921668a5eb91efb98dbe836629f,,,4/5/2022 17:45,30,NO CONTROLS,NO CONTROLS,CLEAR,DAYLIGHT,REAR END,NOT DIVIDED,,STRAIGHT AND LEVEL,DRY,UNKNOWN,NOT ON SCENE (DESK REPORT),NO INJURY / DRIVE AWAY,,,,"$501 - $1,500",4/5/2022 19:40,FOLLOWING TOO CLOSELY,UNABLE TO DETERMINE,300,N,COLUMBUS DR,114,,,,,,,2,NO INDICATION OF INJURY,0,0,0,0,0,2,0,17,3,4,41.8869732,-87.62084833,POINT (-87.620848332588 41.886973200874)
dc40440ded7d84e8f3bbe156fb838db57b75015b5b2a49d5286e6fe31608a521f301626f321c253d811c52b2f8930c5bd6fd24687411b67ad518a9826a721d57,,,4/6/2022 9:00,30,TRAFFIC SIGNAL,FUNCTIONING PROPERLY,RAIN,DAYLIGHT,REAR END,NOT DIVIDED,,STRAIGHT AND LEVEL,WET,NO DEFECTS,NOT ON SCENE (DESK REPORT),NO INJURY / DRIVE AWAY,,,,"OVER $1,500",4/6/2022 9:28,NOT APPLICABLE,NOT APPLICABLE,601,E,79TH ST,624,,,,,,,3,NO INDICATION OF INJURY,0,0,0,0,0,2,0,9,4,4,41.75109065,-87.61001848,POINT (-87.610018477001 41.75109065365)
434ced58fe534097de9a5b98526a0fa270f5701172be85b8138631c150458b13fa7919fc1c447b774666ad7feb65d41488cb0f3bc0f8edf1810cd6ac5cf30e70,,,4/7/2022 2:55,30,NO CONTROLS,NO CONTROLS,CLEAR,"DARKNESS, LIGHTED ROAD",FIXED OBJECT,ONE-WAY,,STRAIGHT AND LEVEL,DRY,NO DEFECTS,ON SCENE,INJURY AND / OR TOW DUE TO CRASH,,,Y,"OVER $1,500",4/7/2022 2:55,UNABLE TO DETERMINE,UNABLE TO DETERMINE,2019,S,UNION AVE,1235,,,,,,,1,NO INDICATION OF INJURY,0,0,0,0,0,1,0,2,5,4,41.85508795,-87.64380181,POINT (-87.643801807833 41.855087949649)
8bb8299f6a18675b55695e2b6e8af6fb50d88c8e1baa79f2ee1b4f4e26faffdc7a8eee1f68ed2a0e9d9497277280f9df067ec490b09422dde4b21461821c391d,,,4/5/2022 13:00,30,NO CONTROLS,NO CONTROLS,CLEAR,DAYLIGHT,REAR END,NOT DIVIDED,,STRAIGHT AND LEVEL,DRY,NO DEFECTS,ON SCENE,INJURY AND / OR TOW DUE TO CRASH,,,,"OVER $1,500",4/5/2022 13:08,UNABLE TO DETERMINE,NOT APPLICABLE,4700,S,CICERO AVE,814,,,,,,,2,NONINCAPACITATING INJURY,1,0,0,1,0,2,0,13,3,4,41.80753037,-87.74329682,POINT (-87.743296821242 41.807530372894)
1975ad43860d78bf0feeb58db5dea134f32c08cde288e18672a40325156392be39519f2eeaaf3292397e1c4d4f6f4b5edc0a16bd25d89444ef703996aeeda04d,,,4/5/2022 21:00,30,TRAFFIC SIGNAL,FUNCTIONING PROPERLY,UNKNOWN,"DARKNESS, LIGHTED ROAD",TURNING,DIVIDED - W/MEDIAN (NOT RAISED),,STRAIGHT AND LEVEL,UNKNOWN,UNKNOWN,NOT ON SCENE (DESK REPORT),NO INJURY / DRIVE AWAY,,,Y,"OVER $1,500",4/6/2022 18:00,UNABLE TO DETERMINE,UNABLE TO DETERMINE,4801,W,BELMONT AVE,2521,,,,,,,2,NO INDICATION OF INJURY,0,0,0,0,0,2,0,21,3,4,41.93871444,-87.74699437,POINT (-87.746994368137 41.938714441036)
2e12cdc7e7c5a7bc96221d5c5e771cc60deb7dc45f6f57f2e5516f7c7ebff813c71f20e7379479d3bcbc12f3a7ac68e8736127187aea1fcafaf663ae0e405b37,,,4/6/2022 11:39,30,NO CONTROLS,NO CONTROLS,CLEAR,DAYLIGHT,PARKED MOTOR VEHICLE,NOT DIVIDED,,STRAIGHT AND LEVEL,WET,NO DEFECTS,ON SCENE,NO INJURY / DRIVE AWAY,,,,"OVER $1,500",4/6/2022 11:40,UNABLE TO DETERMINE,NOT APPLICABLE,1640,E,67TH ST,331,,,,,,,2,NO INDICATION OF INJURY,0,0,0,0,0,2,0,11,4,4,41.77346062,-87.58468492,POINT (-87.584684916732 41.773460616729)
a78bd79c851c267673b0e81a6a652c7324710f17b60bd50d78a103fe88dd711444494b928e3ede26cf93d014642e0774a4614c30a41a0a5b29f3b97106b2356b,,,4/6/2022 9:15,30,NO CONTROLS,NO CONTROLS,CLEAR,DAYLIGHT,ANGLE,DIVIDED - W/MEDIAN (NOT RAISED),,STRAIGHT AND LEVEL,WET,NO DEFECTS,NOT ON SCENE (DESK REPORT),NO INJURY / DRIVE AWAY,Y,,,"OVER $1,500",4/6/2022 9:40,FAILING TO YIELD RIGHT-OF-WAY,NOT APPLICABLE,4345,N,AUSTIN AVE,1624,,,,,,,2,NO INDICATION OF INJURY,0,0,0,0,0,3,0,9,4,4,41.95986705,-87.77685698,POINT (-87.776856981526 41.959867051653)
7da3ed70f09fb6fb0127e406c836f52440e377b601a9a96a70d0dbbb55ef5e445ceaa6be95a198b378752d1f2a7c2591d41da0a4ac4504ca5a7349978089b843,,Y,4/6/2022 6:00,20,NO CONTROLS,NO CONTROLS,RAIN,DAYLIGHT,PARKED MOTOR VEHICLE,NOT DIVIDED,,STRAIGHT AND LEVEL,WET,NO DEFECTS,NOT ON SCENE (DESK REPORT),NO INJURY / DRIVE AWAY,,,Y,"OVER $1,500",4/6/2022 13:10,UNABLE TO DETERMINE,UNABLE TO DETERMINE,2700,W,ALTGELD ST,1431,,,,,,,2,NO INDICATION OF INJURY,0,0,0,0,0,1,0,6,4,4,41.92676209,-87.69506604,POINT (-87.695066041165 41.92676209048)
c5cc2efb2c1daeac0a74aae97a506a302105a3f2c71a3d24fe8e2925d41a977681834102f2eb86af26057e5f6baa6124c47f8fc5f73ebc54a93a4e6c700ab59f,JF169710,Y,3/10/2022 17:30,30,NO CONTROLS,NO CONTROLS,CLEAR,DAYLIGHT,FIXED OBJECT,DIVIDED - W/MEDIAN BARRIER,,STRAIGHT AND LEVEL,DRY,NO DEFECTS,ON SCENE,INJURY AND / OR TOW DUE TO CRASH,,,,"OVER $1,500",3/10/2022 17:35,UNABLE TO DETERMINE,NOT APPLICABLE,9504,S,STONY ISLAND AVE,511,,,,,,,1,NO INDICATION OF INJURY,0,0,0,0,0,1,0,17,5,3,41.72215308,-87.5852783,POINT (-87.585278297304 41.722153081116)
b2fb9d43f46b15004b94683f54830c39cb13fb550c393d3b2c8b5f8bcf9d8410c0f6eed835d18d9b394cc079c6dab662df6aed6e143576ed692f2fad116a3261,,,4/6/2022 12:56,30,STOP SIGN/FLASHER,FUNCTIONING PROPERLY,CLEAR,DAYLIGHT,ANGLE,FOUR WAY,,STRAIGHT AND LEVEL,DRY,NO DEFECTS,ON SCENE,INJURY AND / OR TOW DUE TO CRASH,Y,,Y,"OVER $1,500",4/6/2022 13:02,DISREGARDING STOP SIGN,NOT APPLICABLE,3800,W,MARQUETTE RD,833,,,,,,,2,NO INDICATION OF INJURY,0,0,0,0,0,2,0,12,4,4,41.77155776,-87.7177987,POINT (-87.717798696372 41.771557756749)
4d912fdde79dfb949be9dfa4add2bb2e065361126944374e9dbfde2f9e7b480a9d45ad9372c7faef003260f7e6a7da51adca30ccef1ce1753f969257451cc62d,,,4/6/2022 19:00,20,STOP SIGN/FLASHER,FUNCTIONING PROPERLY,CLEAR,DUSK,PARKED MOTOR VEHICLE,NOT DIVIDED,,STRAIGHT AND LEVEL,DRY,NO DEFECTS,ON SCENE,NO INJURY / DRIVE AWAY,,,Y,"OVER $1,500",4/6/2022 19:27,UNABLE TO DETERMINE,UNABLE TO DETERMINE,6200,S,PARK SHORE EAST CT,314,,,,,,,2,NO INDICATION OF INJURY,0,0,0,0,0,1,0,19,4,4,41.7827788,-87.58803172,POINT (-87.588031721344 41.782778796115)
f6a8f56b919082e49103e1bbac1f1d0797249204443f9f794d588730590160f1e50db4cde7036b48a65284d97d49f67221e6bfa1a622feb0e65715e3f4102991,,,4/6/2022 12:31,30,NO CONTROLS,NO CONTROLS,CLEAR,DAYLIGHT,PARKED MOTOR VEHICLE,ONE-WAY,,STRAIGHT AND LEVEL,DRY,NO DEFECTS,ON SCENE,NO INJURY / DRIVE AWAY,,,,"$501 - $1,500",4/6/2022 12:36,IMPROPER OVERTAKING/PASSING,UNABLE TO DETERMINE,1516,W,THORNDALE AVE,2013,,,,,,,2,NO INDICATION OF INJURY,0,0,0,0,0,8,0,12,4,4,41.99004492,-87.66827611,POINT (-87.668276106439 41.990044923106)
feffdab05baab33523892d8f42f5cb4de1b6b355125d5f10ee0ffaa02a5facb663f2c2f97779290296daad5e9571c3022034b41c8eedf8829181da14bff776ef,JC460140,,10/4/2019 17:08,30,NO CONTROLS,NO CONTROLS,CLEAR,DAYLIGHT,SIDESWIPE SAME DIRECTION,DIVIDED - W/MEDIAN (NOT RAISED),,STRAIGHT AND LEVEL,DRY,NO DEFECTS,,NO INJURY / DRIVE AWAY,,,,"OVER $1,500",10/4/2019 17:30,UNABLE TO DETERMINE,NOT APPLICABLE,6018,N,LINCOLN AVE,2413,,,,,,,2,NO INDICATION OF INJURY,0,0,0,0,0,2,0,17,6,10,41.99093931,-87.70850551,POINT (-87.70850551112 41.990939306531)
4ab42cff0c5bddf48a70be7a22ab0054cf4b2cb8a08c2eeaaf20f086f72c87b81e5f0428a90b3ff50369a58ff2e8ddbe72ef2b8e7c8a1c7625b8647b5f023844,,,4/6/2022 12:18,30,STOP SIGN/FLASHER,FUNCTIONING PROPERLY,CLEAR,DAYLIGHT,REAR TO FRONT,NOT DIVIDED,,STRAIGHT AND LEVEL,DRY,NO DEFECTS,ON SCENE,NO INJURY / DRIVE AWAY,,,,"OVER $1,500",4/6/2022 12:45,FOLLOWING TOO CLOSELY,FOLLOWING TOO CLOSELY,1655,E,95TH ST,431,,,,,,,2,NO INDICATION OF INJURY,0,0,0,0,0,3,0,12,4,4,41.7222632,-87.58291764,POINT (-87.582917634619 41.722263198134)
02d491db8c0d2a8b01368dbbbedd2fb4d57b96cb038a152a3ee7e000a1a35d4426f18bfbb6edc47f65896ec27b8588c5313fe9c6c3507072ed0cfb20052a24c8,,Y,3/31/2022 5:00,20,NO CONTROLS,NO CONTROLS,RAIN,DAYLIGHT,PARKED MOTOR VEHICLE,ONE-WAY,,STRAIGHT AND LEVEL,WET,NO DEFECTS,ON SCENE,NO INJURY / DRIVE AWAY,,,Y,"OVER $1,500",3/31/2022 7:50,UNABLE TO DETERMINE,NOT APPLICABLE,931,N,LAWLER AVE,1531,,,,,,,2,NO INDICATION OF INJURY,0,0,0,0,0,1,0,5,5,3,41.89773143,-87.75184898,POINT (-87.751848975774 41.897731434206)
cfcefcce206cbdd9a4910d880b66ce852838384235a3aa5ed42c25958d46e36ac728ea7dd298705bf3616a34778b09da3262441ff451e1ab701791503070db74,,,4/6/2022 12:38,30,STOP SIGN/FLASHER,FUNCTIONING PROPERLY,CLEAR,DAYLIGHT,ANGLE,NOT DIVIDED,,STRAIGHT AND LEVEL,DRY,NO DEFECTS,ON SCENE,INJURY AND / OR TOW DUE TO CRASH,Y,,,"OVER $1,500",4/6/2022 12:42,DISREGARDING ROAD MARKINGS,NOT APPLICABLE,3134,W,63RD ST,823,,,,,,,3,NO INDICATION OF INJURY,0,0,0,0,0,6,0,12,4,4,41.77909821,-87.70206712,POINT (-87.702067123231 41.77909820666)
d9247a4a2a143c479a700dcc5d771acf129a033dc25f68cd84d968f5ff67129e6bc27e57da705ee86d71b8be37bce3ee9485960e263840052046f378a8ca457b,,,4/6/2022 8:44,30,STOP SIGN/FLASHER,FUNCTIONING PROPERLY,CLEAR,DAYLIGHT,ANGLE,NOT DIVIDED,,STRAIGHT AND LEVEL,WET,NO DEFECTS,ON SCENE,INJURY AND / OR TOW DUE TO CRASH,,,,"OVER $1,500",4/6/2022 8:44,DRIVING SKILLS/KNOWLEDGE/EXPERIENCE,DRIVING SKILLS/KNOWLEDGE/EXPERIENCE,1199,W,70TH ST,733,,,,,,,2,NONINCAPACITATING INJURY,3,0,0,3,0,0,0,8,4,4,41.76676342,-87.65409929,POINT (-87.654099288885 41.766763417437)
bfa595082bbf0a67d6ee824032611bbdd256c277fb345cd1928c4ffc2406d6033d41c9a382e583a261d1b0f66017a492230ac1c0c708c5ff2f52d0a2d7ba24c5,,,4/6/2022 10:15,30,TRAFFIC SIGNAL,FUNCTIONING PROPERLY,CLEAR,DAYLIGHT,REAR END,NOT DIVIDED,,STRAIGHT AND LEVEL,DRY,NO DEFECTS,ON SCENE,INJURY AND / OR TOW DUE TO CRASH,,,,"OVER $1,500",4/6/2022 10:16,FOLLOWING TOO CLOSELY,UNABLE TO DETERMINE,2154,W,FOSTER AVE,2012,,,,,,,2,NO INDICATION OF INJURY,0,0,0,0,0,2,0,10,4,4,41.97607436,-87.68401864,POINT (-87.684018639822 41.976074362348)
86f5f1851109ad0e10bd8da2a6b2fac9ed63a58474c6e84aeaf5c69be1d4a4e0fce544440b79c52e6003318f3a0a6566fcff3f06e27eaf9ffc0288c3c8b6541f,,,4/6/2022 15:45,30,NO CONTROLS,NO CONTROLS,CLOUDY/OVERCAST,DAYLIGHT,REAR END,DIVIDED - W/MEDIAN (NOT RAISED),,STRAIGHT AND LEVEL,UNKNOWN,NO DEFECTS,NOT ON SCENE (DESK REPORT),NO INJURY / DRIVE AWAY,,,,"OVER $1,500",4/6/2022 16:00,UNABLE TO DETERMINE,UNABLE TO DETERMINE,2199,W,TOUHY AVE,2411,,,,,,,2,NO INDICATION OF INJURY,0,0,0,0,0,2,0,15,4,4,42.01212947,-87.68620884,POINT (-87.686208841772 42.012129470583)
f8a82a5cbbca19a270e6f9748018a09da57988898b9045e360b1717d862b2ebda115aa4ff0d8595200dc2609b57bfb4572a7466ef65810fcb2571806d5aa97a1,,,4/6/2022 11:00,25,TRAFFIC SIGNAL,FUNCTIONING PROPERLY,CLEAR,DAYLIGHT,PARKED MOTOR VEHICLE,NOT DIVIDED,,STRAIGHT AND LEVEL,DRY,NO DEFECTS,NOT ON SCENE (DESK REPORT),NO INJURY / DRIVE AWAY,,,Y,"OVER $1,500",4/6/2022 14:30,UNABLE TO DETERMINE,UNABLE TO DETERMINE,4400,W,FIFTH AVE,1131,,,,,,,2,NO INDICATION OF INJURY,0,0,0,0,0,1,0,11,4,4,41.87038633,-87.73522858,POINT (-87.73522857587 41.870386328135)
6aaab7e52ae2fc5e300c4245f0babd8616b691578495d34eeab35beb05c77cee10b58104f4b435f119c436bc3f81ea0a47597259b31a1ec97ff1a796671fd172,,,4/6/2022 9:30,30,NO CONTROLS,NO CONTROLS,RAIN,DAYLIGHT,FIXED OBJECT,PARKING LOT,,STRAIGHT AND LEVEL,WET,NO DEFECTS,ON SCENE,NO INJURY / DRIVE AWAY,,Y,,$500 OR LESS,4/6/2022 9:33,UNABLE TO DETERMINE,UNABLE TO DETERMINE,4759,S,CICERO AVE,815,,,,,,,1,NO INDICATION OF INJURY,0,0,0,0,0,1,0,9,4,4,41.80589241,-87.7429617,POINT (-87.742961702353 41.805892406451)
e32eeb4b87bfe1a966a3ee09ff50263c8edcdf3a3032cfb5b72d9d8b3cc70d6425dd95ecd4e4ae4938ba8dd6970df86c43386d1053be47bf1f68f1c7c5630bd9,,,4/6/2022 15:05,30,TRAFFIC SIGNAL,FUNCTIONING PROPERLY,CLEAR,DAYLIGHT,REAR END,FOUR WAY,,STRAIGHT AND LEVEL,DRY,NO DEFECTS,ON SCENE,INJURY AND / OR TOW DUE TO CRASH,Y,,,"OVER $1,500",4/6/2022 15:07,UNABLE TO DETERMINE,UNABLE TO DETERMINE,4802,N,ASHLAND AVE,2032,,,,,,,2,NO INDICATION OF INJURY,0,0,0,0,0,2,0,15,4,4,41.9690781,-87.66959201,POINT (-87.669592011758 41.969078095854)
9f0e8dc3eea56cdac100d1bb0f43fef7f93496cb8f8a5ecf4ab26d1ceec43b3cbcfe8af895f9e5b19811fce577a57dbbfac33305b70dbfd5dadc3979b214229c,,,4/6/2022 9:15,30,NO CONTROLS,NO CONTROLS,CLEAR,DAYLIGHT,TURNING,NOT DIVIDED,,STRAIGHT AND LEVEL,DRY,NO DEFECTS,NOT ON SCENE (DESK REPORT),NO INJURY / DRIVE AWAY,,,,"OVER $1,500",4/6/2022 17:11,UNABLE TO DETERMINE,UNABLE TO DETERMINE,200,N,CANAL ST,121,,,,,,,2,NO INDICATION OF INJURY,0,0,0,0,0,2,0,9,4,4,41.88577844,-87.63999823,POINT (-87.639998228566 41.885778440976)
05f27d56775a1812c37f5f580178d9294ea0c818fed0b0d935aaecf9cd502e21d9adf8f8cb7ed5782114c15473b5fd8a61b900c0d147ca2a0e05260e8791db2e,,,3/31/2022 22:20,30,NO CONTROLS,NO CONTROLS,CLEAR,"DARKNESS, LIGHTED ROAD",PARKED MOTOR VEHICLE,DIVIDED - W/MEDIAN (NOT RAISED),,STRAIGHT AND LEVEL,DRY,NO DEFECTS,NOT ON SCENE (DESK REPORT),INJURY AND / OR TOW DUE TO CRASH,,,,"OVER $1,500",3/31/2022 22:22,NOT APPLICABLE,NOT APPLICABLE,4840,N,SHERIDAN RD,2024,,,,,,,2,NO INDICATION OF INJURY,0,0,0,0,0,1,0,22,5,3,41.97032918,-87.65499999,POINT (-87.654999991753 41.970329175128)
0e18291cdc7488a30d2e7275cf223aa46e29b28d1c2e0ab82527f4659431d86cb36c83524916fc5588db59eff4904a8e79316254d9229bc2fdebbed8a0ca99ab,,,3/31/2022 10:15,30,STOP SIGN/FLASHER,FUNCTIONING PROPERLY,RAIN,DAYLIGHT,ANGLE,FOUR WAY,,STRAIGHT AND LEVEL,WET,NO DEFECTS,NOT ON SCENE (DESK REPORT),NO INJURY / DRIVE AWAY,Y,,,"OVER $1,500",3/31/2022 10:55,UNABLE TO DETERMINE,UNABLE TO DETERMINE,10401,S,WESTERN AVE,2212,,,,,,,2,NO INDICATION OF INJURY,0,0,0,0,0,2,0,10,5,3,41.70446536,-87.68141545,POINT (-87.681415454267 41.704465355446)
142050fbdb6044db6ce0121e201bff62facac56cc775926d227643a4c26d81d24980a50948fc54be819547af7780aa4066abe0354f7d4db74d0dfb381491b18f,,Y,4/6/2022 9:00,20,NO CONTROLS,NO CONTROLS,CLEAR,"DARKNESS, LIGHTED ROAD",PARKED MOTOR VEHICLE,NOT DIVIDED,,STRAIGHT AND LEVEL,DRY,NO DEFECTS,NOT ON SCENE (DESK REPORT),NO INJURY / DRIVE AWAY,,,Y,"OVER $1,500",4/6/2022 9:45,IMPROPER OVERTAKING/PASSING,NOT APPLICABLE,4205,W,64TH ST,813,,,,,,,2,NO INDICATION OF INJURY,0,0,0,0,0,1,0,9,4,4,41.77666492,-87.72783712,POINT (-87.727837114841 41.77666491638)
2166dc20e48f40d34b3c0d1e462e41932d1fa6765bf3ec23cf69f96c992b9dfd8e1345e036e6412af42ba6dfe7221261d1261ebdf21e91f3acb68abd825ca3de,,,4/4/2022 13:58,30,STOP SIGN/FLASHER,NO CONTROLS,CLEAR,DAYLIGHT,ANGLE,NOT DIVIDED,,STRAIGHT AND LEVEL,DRY,NO DEFECTS,NOT ON SCENE (DESK REPORT),NO INJURY / DRIVE AWAY,,,,"OVER $1,500",4/5/2022 11:40,UNABLE TO DETERMINE,NOT APPLICABLE,1643,W,CORTLAND ST,1433,,,,,,,2,NO INDICATION OF INJURY,0,0,0,0,0,2,0,13,2,4,41.91597586,-87.66953712,POINT (-87.669537119984 41.915975855419)
6b9d5a7f1f4efdad9fa133c3615dc050d012d1b20bd44d528318466b154cad0814f717e66583548a8bac7f75a85bcbea01cd78b9d8b05216a2c462cd22e96b97,,,4/6/2022 18:24,30,STOP SIGN/FLASHER,UNKNOWN,CLEAR,DAYLIGHT,SIDESWIPE SAME DIRECTION,NOT DIVIDED,,STRAIGHT AND LEVEL,DRY,NO DEFECTS,ON SCENE,INJURY AND / OR TOW DUE TO CRASH,,,Y,"OVER $1,500",4/6/2022 18:46,"OPERATING VEHICLE IN ERRATIC, RECKLESS, CARELESS, NEGLIGENT OR AGGRESSIVE MANNER",IMPROPER OVERTAKING/PASSING,222,S,CAMPBELL AVE,1125,,,,,,,2,NO INDICATION OF INJURY,0,0,0,0,0,3,0,18,4,4,41.87763288,-87.68891516,POINT (-87.688915161661 41.877632880323)
df18060dc4219d58e9648a79c959b385556aa91d927fa0682acf7c94015c04ee201afb2e6ebd416afaa9ac22817ba20609cf9c564cac0f08321240933a60d3ac,,,4/6/2022 17:30,30,NO CONTROLS,NO CONTROLS,CLEAR,DAYLIGHT,ANGLE,NOT DIVIDED,,STRAIGHT AND LEVEL,DRY,NO DEFECTS,NOT ON SCENE (DESK REPORT),NO INJURY / DRIVE AWAY,,,Y,"$501 - $1,500",4/6/2022 18:30,FAILING TO YIELD RIGHT-OF-WAY,FAILING TO REDUCE SPEED TO AVOID CRASH,5729,W,GRAND AVE,2515,,,,,,,2,NO INDICATION OF INJURY,0,0,0,0,0,4,0,17,4,4,41.91931347,-87.76944631,POINT (-87.769446313417 41.919313465984)
01f853ed821059c1dc5727f2cac9b4a99cd6537e5242ee9cd7abc57a015040b6e9c7be4d9f01abc56d05e75e368103eb315c9a067d36fb8bee6d47a33c16df42,,,3/31/2022 19:05,30,NO CONTROLS,NO CONTROLS,CLEAR,"DARKNESS, LIGHTED ROAD",SIDESWIPE SAME DIRECTION,NOT DIVIDED,,STRAIGHT AND LEVEL,DRY,NO DEFECTS,NOT ON SCENE (DESK REPORT),NO INJURY / DRIVE AWAY,,,Y,"OVER $1,500",3/31/2022 20:38,FOLLOWING TOO CLOSELY,UNABLE TO DETERMINE,2200,S,MICHIGAN AVE,131,,,,,,,2,NO INDICATION OF INJURY,0,0,0,0,0,2,0,19,5,3,41.85277372,-87.62395241,POINT (-87.62395241303 41.852773715173)
d63c0568ada4a52cfc2cf04e1c9c1d9c76b544e1f2f1f2ba152bfd4579cd04edf2df557bd9c493360961bf682c798f523d31292413f81f9d2566f8fd49bd35d2,,,4/6/2022 15:55,25,STOP SIGN/FLASHER,FUNCTIONING PROPERLY,CLEAR,DAYLIGHT,ANGLE,NOT DIVIDED,,STRAIGHT AND LEVEL,DRY,NO DEFECTS,ON SCENE,INJURY AND / OR TOW DUE TO CRASH,N,,Y,"OVER $1,500",4/6/2022 15:57,DISREGARDING STOP SIGN,NOT APPLICABLE,6400,W,60TH ST,812,,,,,,,2,NONINCAPACITATING INJURY,2,0,0,2,0,1,0,15,4,4,41.78328539,-87.78153302,POINT (-87.781533016964 41.783285388619)