CRASH_RECORD_ID,RD_NO,CRASH_DATE_EST_I,CRASH_DATE,POSTED_SPEED_LIMIT,TRAFFIC_CONTROL_DEVICE,DEVICE_CONDITION,WEATHER_CONDITION,LIGHTING_CONDITION,FIRST_CRASH_TYPE,TRAFFICWAY_TYPE,LANE_CNT,ALIGNMENT,ROADWAY_SURFACE_COND,ROAD_DEFECT,REPORT_TYPE,CRASH_TYPE,INTERSECTION_RELATED_I,NOT_RIGHT_OF_WAY_I,HIT_AND_RUN_I,DAMAGE,DATE_POLICE_NOTIFIED,PRIM_CONTRIBUTORY_CAUSE,SEC_CONTRIBUTORY_CAUSE,STREET_NO,STREET_DIRECTION,STREET_NAME,BEAT_OF_OCCURRENCE,PHOTOS_TAKEN_I,STATEMENTS_TAKEN_I,DOORING_I,WORK_ZONE_I,WORK_ZONE_TYPE,WORKERS_PRESENT_I,NUM_UNITS,MOST_SEVERE_INJURY,INJURIES_TOTAL,INJURIES_FATAL,INJURIES_INCAPACITATING,INJURIES_NON_INCAPACITATING,INJURIES_REPORTED_NOT_EVIDENT,INJURIES_NO_INDICATION,INJURIES_UNKNOWN,CRASH_HOUR,CRASH_DAY_OF_WEEK,CRASH_MONTH,LATITUDE,LONGITUDE,LOCATION
5f21396da6e3028873aa6fb03f26c5182d583c989b80e1c2457647b1d1f6621b7bf704664af34936a3e910c2dfa34527838552d6864a795e77880d5ad75c6a31,,,4/6/2022 3:34,30,TRAFFIC SIGNAL,FUNCTIONING PROPERLY,RAIN,"DARKNESS, LIGHTED ROAD",TURNING,FOUR WAY,,STRAIGHT AND LEVEL,WET,UNKNOWN,ON SCENE,INJURY AND / OR TOW DUE TO CRASH,Y,,N,"OVER $1,500",4/6/2022 3:34,UNABLE TO DETERMINE,UNABLE TO DETERMINE,11500,S,MICHIGAN AVE,532,,,,,,,2,NO INDICATION OF INJURY,0,0,0,0,0,2,0,3,4,4,41.68527122,-87.62094716,POINT (-87.620947158386 41.685271222904)
bcab06dcd5a563aae9b8fe9cf242a3a10cd5c7ff0ecc743f08623311326ec34c9c6c6800d738a1539981f8d481a22f4fff9556dd49ee1fe715a9e2a5265073c3,,,4/6/2022 5:45,30,TRAFFIC SIGNAL,FUNCTIONING IMPROPERLY,RAIN,"DARKNESS, LIGHTED ROAD",ANGLE,FOUR WAY,,STRAIGHT AND LEVEL,WET,NO DEFECTS,ON SCENE,NO INJURY / DRIVE AWAY,Y,,,"OVER $1,500",4/6/2022 5:45,FAILING TO YIELD RIGHT-OF-WAY,NOT APPLICABLE,2600,S,CALIFORNIA AVE,1033,,,,,,,2,NO INDICATION OF INJURY,0,0,0,0,0,2,0,5,4,4,41.8445843,-87.69535984,POINT (-87.695359843215 41.844584300311)
5797e83b2b75ee467c835d84f89b68182dd68e96b0ec8bae0fb213e31917c1d7c0c455f0e11da3bc518afbc89a1fafd4ed68a864a9aaf138319a96d0aef6fcd6,,Y,4/5/2022 21:50,30,TRAFFIC SIGNAL,FUNCTIONING PROPERLY,CLEAR,"DARKNESS, LIGHTED ROAD",REAR END,FOUR WAY,,STRAIGHT ON GRADE,DRY,NO DEFECTS,ON SCENE,NO INJURY / DRIVE AWAY,Y,,Y,"$501 - $1,500",4/5/2022 21:50,FOLLOWING TOO CLOSELY,"OPERATING VEHICLE IN ERRATIC, RECKLESS, CARELESS, NEGLIGENT OR AGGRESSIVE MANNER",2368,W,LOGAN BLVD,1432,,,,,,,2,NO INDICATION OF INJURY,0,0,0,0,0,2,0,21,3,4,41.92909365,-87.68730922,POINT (-87.68730921702 41.929093646218)
33439dbeb2c18f6c6e26afd34dfc2aa37b73c39f57fa3591af3e7c98144642f30dfab0db5c08ed3457e92326eb0b9a44b59cd229b7dfa7e8429c8559798e115d,,,4/6/2022 1:38,30,STOP SIGN/FLASHER,NO CONTROLS,RAIN,"DARKNESS, LIGHTED ROAD",ANGLE,FOUR WAY,,STRAIGHT AND LEVEL,WET,NO DEFECTS,ON SCENE,INJURY AND / OR TOW DUE TO CRASH,Y,,,"OVER $1,500",4/6/2022 1:38,FAILING TO YIELD RIGHT-OF-WAY,DISREGARDING STOP SIGN,7201,S,VINCENNES AVE,731,,,,,,,2,INCAPACITATING INJURY,2,0,1,1,0,2,0,1,4,4,41.76349946,-87.62869204,POINT (-87.628692044384 41.763499460032)
033e21454da211d8877a717395d0bfac0e2382d0dc5d2d7127a2a9e7a171c6d83b755d39e034beeaa7112b35f9f618d135fca202f616e844cf51e35a4c534f8c,,,3/31/2022 15:50,35,TRAFFIC SIGNAL,FUNCTIONING PROPERLY,RAIN,DAYLIGHT,REAR END,DIVIDED - W/MEDIAN BARRIER,,STRAIGHT AND LEVEL,WET,NO DEFECTS,ON SCENE,NO INJURY / DRIVE AWAY,,,Y,"$501 - $1,500",3/31/2022 15:54,UNABLE TO DETERMINE,NOT APPLICABLE,9230,S,STONY ISLAND AVE,413,,,,,,,3,NO INDICATION OF INJURY,0,0,0,0,0,8,0,15,5,3,41.7268973,-87.58558104,POINT (-87.585581036751 41.726897304301)
071847fa61fad233ded8179197f45d4e15ceb3c77dfeeb950a9185936a416de4f3204dfabd17a9353582530bd04544cb158907adc206ec8286c0cfc0903bba22,,,3/31/2022 18:23,30,UNKNOWN,UNKNOWN,UNKNOWN,UNKNOWN,PARKED MOTOR VEHICLE,ONE-WAY,,STRAIGHT AND LEVEL,UNKNOWN,UNKNOWN,NOT ON SCENE (DESK REPORT),NO INJURY / DRIVE AWAY,,,,"OVER $1,500",3/31/2022 20:20,UNABLE TO DETERMINE,UNABLE TO DETERMINE,444,W,ROSLYN PL,1935,,,,,,,2,NO INDICATION OF INJURY,0,0,0,0,0,1,0,18,5,3,41.92767812,-87.64086618,POINT (-87.640866180704 41.927678117122)
15fe14eb8616dd3d1d3a89d4548d1be240c84bd8615f5b638f53ba354577a9a844051fefc40d49ec86281403970c4c95db77d106a15bbf033b4cc74f691ad078,JF177649,,3/17/2022 19:53,25,TRAFFIC SIGNAL,FUNCTIONING PROPERLY,CLEAR,DAYLIGHT,PARKED MOTOR VEHICLE,NOT DIVIDED,,STRAIGHT AND LEVEL,DRY,NO DEFECTS,ON SCENE,NO INJURY / DRIVE AWAY,,,Y,$500 OR LESS,3/17/2022 21:25,UNABLE TO DETERMINE,UNABLE TO DETERMINE,812,N,DAMEN AVE,1212,,,,,,,2,NO INDICATION OF INJURY,0,0,0,0,0,1,0,19,5,3,41.89636525,-87.67721212,POINT (-87.67721212324 41.896365253574)
01ce1548d959c0744c33229aef3558be1b8acc6e2879aa4620b82b85c13019d5c63b7fa787dd31d763352dcdc96673bad0a2aad953acb091be2596c0a88554de,JF176193,,3/16/2022 17:09,30,NO CONTROLS,NO CONTROLS,CLEAR,DAYLIGHT,TURNING,NOT DIVIDED,,STRAIGHT AND LEVEL,DRY,UNKNOWN,ON SCENE,NO INJURY / DRIVE AWAY,,,,"OVER $1,500",3/16/2022 17:13,UNABLE TO DETERMINE,NOT APPLICABLE,65,N,WESTERN AVE,1223,,,,,,,2,NO INDICATION OF INJURY,0,0,0,0,0,2,0,17,4,3,41.88295267,-87.68633659,POINT (-87.686336585698 41.882952670853)
05f8031624e89642d85ba4cc060effc50e57b6210bc5cd2350b71a8fd103777c6fa30f086a1fc3d5e3d62da45090d470643d43535ee73fc855575d669dcc342d,JF177437,,3/16/2022 17:30,30,TRAFFIC SIGNAL,FUNCTIONING PROPERLY,CLEAR,DAYLIGHT,REAR END,NOT DIVIDED,,STRAIGHT ON GRADE,DRY,NO DEFECTS,NOT ON SCENE (DESK REPORT),NO INJURY / DRIVE AWAY,,,,"OVER $1,500",3/17/2022 17:30,FOLLOWING TOO CLOSELY,UNABLE TO DETERMINE,7550,S,SOUTH CHICAGO AVE,411,,,,,,,2,NO INDICATION OF INJURY,0,0,0,0,0,2,0,17,4,3,41.75716524,-87.59366602,POINT (-87.593666015432 41.757165244212)
8214295211ab3dd8384162b502a377a40f2407f6e1087ff2fc304f3d5f47b04c6eb0f5c850e4f2639aa8bbfb44d4361168c3ad1c6122487dcb1220b8cedb5f8c,,,4/6/2022 17:30,30,STOP SIGN/FLASHER,FUNCTIONING PROPERLY,CLEAR,DAYLIGHT,SIDESWIPE SAME DIRECTION,NOT DIVIDED,,STRAIGHT AND LEVEL,DRY,NO DEFECTS,NOT ON SCENE (DESK REPORT),NO INJURY / DRIVE AWAY,Y,,Y,"OVER $1,500",4/6/2022 17:45,IMPROPER OVERTAKING/PASSING,UNABLE TO DETERMINE,8500,S,VINCENNES AVE,622,,,,,,,2,NO INDICATION OF INJURY,0,0,0,0,0,2,0,17,4,4,41.73993499,-87.63969116,POINT (-87.639691155913 41.739934989149)
131e2a9f2caea7f4cb8eb8d6fe0f1cbf57c6a3283f6c9fe31d2d8c128da1dbeea3ad2d8ad2e5dae31a235ca27bef272f924d80d7a09b18315b717009595d49c0,,,4/6/2022 4:49,30,TRAFFIC SIGNAL,FUNCTIONING PROPERLY,RAIN,"DARKNESS, LIGHTED ROAD",REAR END,FOUR WAY,,STRAIGHT AND LEVEL,WET,UNKNOWN,ON SCENE,NO INJURY / DRIVE AWAY,Y,,Y,"$501 - $1,500",4/6/2022 4:49,UNABLE TO DETERMINE,NOT APPLICABLE,13000,S,TORRENCE AVE,434,,,,,,,2,NO INDICATION OF INJURY,0,0,0,0,0,2,0,4,4,4,41.65912619,-87.55943274,POINT (-87.559432741943 41.659126189932)
9df525af241aa242e53f702608dcb183a7f07e6b869c3d4dec793b5c1e4b123c8a5319a221833dcafbdb144e55596260b0f3d9a6ef01b615d6d7ffb9d5178503,,,4/6/2022 7:45,30,NO CONTROLS,NO CONTROLS,CLEAR,DAYLIGHT,SIDESWIPE OPPOSITE DIRECTION,DIVIDED - W/MEDIAN (NOT RAISED),,STRAIGHT AND LEVEL,DRY,NO DEFECTS,NOT ON SCENE (DESK REPORT),NO INJURY / DRIVE AWAY,,,Y,"$501 - $1,500",4/6/2022 11:45,NOT APPLICABLE,NOT APPLICABLE,1940,N,PULASKI RD,2534,,,,,,,2,NO INDICATION OF INJURY,0,0,0,0,0,2,0,7,4,4,41.91656384,-87.72668538,POINT (-87.72668538179 41.916563840005)
ee99f8e46970b0e74cc25a6142ab8e562465ed53e9257bd7c5fecbc294df9114bc8a79810ef5386fe28056bc929f6c71af1d812c5653569881ab004fa72c815d,,N,4/6/2022 21:32,30,TRAFFIC SIGNAL,FUNCTIONING PROPERLY,CLEAR,"DARKNESS, LIGHTED ROAD",FIXED OBJECT,FOUR WAY,,STRAIGHT AND LEVEL,DRY,NO DEFECTS,ON SCENE,INJURY AND / OR TOW DUE TO CRASH,N,,,"OVER $1,500",4/6/2022 21:46,UNABLE TO DETERMINE,NOT APPLICABLE,1300,W,NORTH AVE,1433,,,,,,,1,NONINCAPACITATING INJURY,2,0,0,2,0,0,0,21,4,4,41.91085036,-87.66044504,POINT (-87.66044504039 41.910850361976)
cc3cae8e97cbba27cafa24fc2ef22b19bd733c89148b5317d06f76bb678da1eab3480ac7ea1359fb51c9cdffc7369f7e62968f0c4d7d345036f0b683bb823301,,Y,4/5/2022 10:00,30,NO CONTROLS,NO CONTROLS,CLEAR,DAYLIGHT,PARKED MOTOR VEHICLE,NOT DIVIDED,,STRAIGHT AND LEVEL,DRY,NO DEFECTS,NOT ON SCENE (DESK REPORT),NO INJURY / DRIVE AWAY,,,,"OVER $1,500",4/6/2022 11:35,UNABLE TO DETERMINE,UNABLE TO DETERMINE,1125,W,GRACE ST,1923,,,,,,,2,NO INDICATION OF INJURY,0,0,0,0,0,1,0,10,3,4,41.95095865,-87.65788039,POINT (-87.657880386048 41.950958650806)
2317179f5327a73ea33a45ddd33dfb4217ab4f8c094e099b1c5e4c32f912bdc02b4b527d1541aa520bb0c6e9a60e6cb52884e21a7bd94dc8352e75f0ddec1727,,,4/2/2022 14:52,35,NO CONTROLS,NO CONTROLS,RAIN,DAYLIGHT,SIDESWIPE SAME DIRECTION,NOT DIVIDED,,STRAIGHT AND LEVEL,WET,NO DEFECTS,ON SCENE,INJURY AND / OR TOW DUE TO CRASH,,,,"OVER $1,500",4/2/2022 16:07,FAILING TO YIELD RIGHT-OF-WAY,NOT APPLICABLE,1720,W,18TH ST,1234,,,,,,,2,NO INDICATION OF INJURY,0,0,0,0,0,2,0,14,7,4,41.85785374,-87.66963565,POINT (-87.669635647705 41.857853736097)
b9ba79aada4c58c013a47829ea5181dd2d0765d25467c2d3a24452ffcf00c48440fca4ca2d73e8c03f5ea746dde1aca1a0b580e9ff1d3de38ff1bd32f7915992,,,4/7/2022 3:23,30,UNKNOWN,OTHER,UNKNOWN,"DARKNESS, LIGHTED ROAD",SIDESWIPE SAME DIRECTION,UNKNOWN,,STRAIGHT AND LEVEL,OTHER,UNKNOWN,NOT ON SCENE (DESK REPORT),NO INJURY / DRIVE AWAY,,,Y,"$501 - $1,500",4/7/2022 3:24,NOT APPLICABLE,NOT APPLICABLE,3434,W,IRVING PARK RD,1723,,,,,,,2,NO INDICATION OF INJURY,0,0,0,0,0,2,0,3,5,4,41.95394592,-87.7143485,POINT (-87.714348496346 41.953945923474)
9cd0c83cc9fb4870cf24fbddf533857091c585536385858daecdc81f8e71b5d1f07afccd7d38f715b200d3c6b0991649ae180f141b04a832f21e6011b6133508,,,4/6/2022 8:15,35,NO CONTROLS,NO CONTROLS,RAIN,DAYLIGHT,REAR END,DIVIDED - W/MEDIAN BARRIER,,STRAIGHT AND LEVEL,WET,NO DEFECTS,ON SCENE,NO INJURY / DRIVE AWAY,,,Y,"$501 - $1,500",4/6/2022 8:20,FOLLOWING TOO CLOSELY,FAILING TO REDUCE SPEED TO AVOID CRASH,9500,S,GREEN ST,2223,,,,,,,2,NO INDICATION OF INJURY,0,0,0,0,0,2,0,8,4,4,41.72133604,-87.64457047,POINT (-87.644570465027 41.721336040877)
6ec3c03a52f4dfb4f5adeb8f71701778c40dde09629097a257f4409a56b981ec4f9e4dbefabe18877ae2454a2bbfabef313e1dcdaf65457900b8afd1efd500be,,,4/5/2022 13:30,30,NO CONTROLS,NO CONTROLS,CLEAR,DAYLIGHT,PARKED MOTOR VEHICLE,DIVIDED - W/MEDIAN (NOT RAISED),,STRAIGHT AND LEVEL,DRY,UNKNOWN,NOT ON SCENE (DESK REPORT),NO INJURY / DRIVE AWAY,,,Y,"OVER $1,500",4/6/2022 13:00,UNABLE TO DETERMINE,UNABLE TO DETERMINE,6250,W,NORTH AVE,2513,,,,,,,2,NO INDICATION OF INJURY,0,0,0,0,0,1,0,13,3,4,41.90928628,-87.78218103,POINT (-87.782181025011 41.909286279843)
0d724af786ee7732847731564ffbeec3e5abd9cf5ac363e62a5492e5f186992942beb56945ffc278ca7ccf502f4c5e23e256b1783a65fd4ffe17dae667976535,JD177431,,3/17/2022 17:00,15,NO CONTROLS,NO CONTROLS,CLEAR,DAYLIGHT,PARKED MOTOR VEHICLE,NOT DIVIDED,,STRAIGHT AND LEVEL,DRY,NO DEFECTS,NOT ON SCENE (DESK REPORT),NO INJURY / DRIVE AWAY,,Y,Y,$500 OR LESS,3/17/2022 17:45,UNABLE TO DETERMINE,UNABLE TO DETERMINE,6016,W,NORTH AVE,2513,,,,,,,2,NO INDICATION OF INJURY,0,0,0,0,0,1,0,17,5,3,41.9093585,-87.77598653,POINT (-87.775986533627 41.909358501371)
121353fe3efa3f32240dbcf8d646e0ae5c8f736e30f982465186bfc65e9abaf43e9b6010304e8124209c8808606eadaab5e24bea26a783d8155ad432e2516e14,JF177391,,3/17/2022 16:45,30,NO CONTROLS,NO CONTROLS,CLEAR,DAYLIGHT,PARKED MOTOR VEHICLE,NOT DIVIDED,,STRAIGHT AND LEVEL,DRY,NO DEFECTS,ON SCENE,INJURY AND / OR TOW DUE TO CRASH,,,Y,"OVER $1,500",3/17/2022 16:55,IMPROPER LANE USAGE,UNABLE TO DETERMINE,2917,W,HOWARD ST,2411,,,,,,,2,NO INDICATION OF INJURY,0,0,0,0,0,1,0,16,5,3,42.01915321,-87.70264452,POINT (-87.702644515585 42.019153211513)
f377b225307b4d2e45fdb45c2361e57f28204b2d5f149c91be81200ba9f1d235efac98b1236d7eaea3f11387c382c4a32fb525aff24b7de39f9e4c19875ea82d,,,4/6/2022 12:46,30,NO CONTROLS,NO CONTROLS,CLEAR,DAYLIGHT,REAR END,NOT DIVIDED,,STRAIGHT AND LEVEL,DRY,NO DEFECTS,NOT ON SCENE (DESK REPORT),NO INJURY / DRIVE AWAY,,,Y,"OVER $1,500",4/6/2022 14:35,"OPERATING VEHICLE IN ERRATIC, RECKLESS, CARELESS, NEGLIGENT OR AGGRESSIVE MANNER",FOLLOWING TOO CLOSELY,7600,S,DR MARTIN LUTHER KING JR DR,623,,,,,,,2,NO INDICATION OF INJURY,0,0,0,0,0,3,0,12,4,4,41.75649015,-87.61522679,POINT (-87.61522679361 41.756490149368)
c9bff2d309d3f12452979833f6692e793959c39c76b4e2b30d766301adca8a1507eecc4b59d411931c5e7a64731d88ce46bd82fade57099d57dc097de38d3621,,,4/6/2022 2:58,30,TRAFFIC SIGNAL,FUNCTIONING PROPERLY,RAIN,"DARKNESS, LIGHTED ROAD",TURNING,DIVIDED - W/MEDIAN (NOT RAISED),,STRAIGHT AND LEVEL,WET,UNKNOWN,ON SCENE,INJURY AND / OR TOW DUE TO CRASH,Y,,,"OVER $1,500",4/6/2022 2:59,UNABLE TO DETERMINE,WEATHER,535,W,POLK ST,124,,,,,,,2,NONINCAPACITATING INJURY,1,0,0,1,0,1,0,2,4,4,41.87189943,-87.64079783,POINT (-87.640797832425 41.871899426339)
0613b62d339a7b2265ca7f244bf125378a99ada6c4affb335e04db2d311fc3ab000deb3caf31c8c764c1ae740197ab328642804b6a39b806032a3abcb301cada,JF174713,,3/15/2022 13:40,30,NO CONTROLS,NO CONTROLS,CLEAR,DAYLIGHT,SIDESWIPE OPPOSITE DIRECTION,DIVIDED - W/MEDIAN (NOT RAISED),,STRAIGHT AND LEVEL,DRY,NO DEFECTS,ON SCENE,NO INJURY / DRIVE AWAY,,,Y,$500 OR LESS,3/15/2022 13:45,UNABLE TO DETERMINE,UNABLE TO DETERMINE,4039,W,MADISON ST,1115,,,,,,,2,NO INDICATION OF INJURY,0,0,0,0,0,5,0,13,3,3,41.88059727,-87.72723461,POINT (-87.727234606263 41.88059727192)
00afa5de1ab8930476f6b7ee945f12535c77e5c6f3630808310156b92bbbca2d750e3ab7e4d5cba016332f5194051407f523b65dec90a215cdb55b9908235810,JF177318,N,3/17/2022 16:00,35,STOP SIGN/FLASHER,NO CONTROLS,CLEAR,DAYLIGHT,REAR TO SIDE,NOT DIVIDED,,STRAIGHT AND LEVEL,DRY,NO DEFECTS,ON SCENE,NO INJURY / DRIVE AWAY,,,,"OVER $1,500",3/17/2022 16:15,UNABLE TO DETERMINE,UNABLE TO DETERMINE,11059,S,FAIRFIELD AVE,2212,,,,,,,2,NO INDICATION OF INJURY,0,0,0,0,0,2,0,16,5,3,41.69179386,-87.68961827,POINT (-87.689618270712 41.691793864314)
020862d0f3c268da9249ed00b05f9d1a3df4e79674a8c819ec2f6c7147d081493247773e357b7e64d9560431496eab471ddc3b53ef5df5296ce1cf33cb746f63,JF176647,,3/17/2022 6:20,30,NO CONTROLS,NO CONTROLS,CLEAR,DAYLIGHT,ANGLE,NOT DIVIDED,,STRAIGHT AND LEVEL,DRY,NO DEFECTS,ON SCENE,NO INJURY / DRIVE AWAY,,,,"OVER $1,500",3/17/2022 6:26,FAILING TO YIELD RIGHT-OF-WAY,FAILING TO REDUCE SPEED TO AVOID CRASH,2411,W,103RD ST,2211,,,,,,,2,NO INDICATION OF INJURY,0,0,0,0,0,2,0,6,5,3,41.70626691,-87.68212692,POINT (-87.682126923346 41.706266909406)
0d9c43a753524ddfccfdce9a3cd2eff939bcd4e40480a4169c9b4f56ea48b49a28ac82f59ad48008fd4ca1cec914c0ae7489d3def4d64e323b2605b6accf763c,JF192536,,3/26/2022 18:30,30,NO CONTROLS,NO CONTROLS,CLEAR,DAYLIGHT,SIDESWIPE SAME DIRECTION,NOT DIVIDED,,STRAIGHT AND LEVEL,DRY,NO DEFECTS,NOT ON SCENE (DESK REPORT),NO INJURY / DRIVE AWAY,,,,"$501 - $1,500",3/31/2022 13:20,IMPROPER LANE USAGE,IMPROPER LANE USAGE,10000,W,OHARE ST,1651,,,,,,,2,NO INDICATION OF INJURY,0,0,0,0,0,2,0,18,7,3,41.97620114,-87.90530913,POINT (-87.905309125103 41.976201139024)
07a8562a2300b99e24ba12b3ca5642e2aeab7d81c279b4980bbd93620c8ebcd01f49ed7df6f338d6ef0404e689bdd10003cd3fe914d534f24d1bda7c453e3dbe,,,3/30/2022 21:00,30,NO CONTROLS,NO CONTROLS,RAIN,"DARKNESS, LIGHTED ROAD",REAR END,NOT DIVIDED,,STRAIGHT AND LEVEL,WET,NO DEFECTS,,INJURY AND / OR TOW DUE TO CRASH,,,,"$501 - $1,500",3/30/2022 21:40,WEATHER,NOT APPLICABLE,11,E,CHICAGO AVE,1833,,,,,,,2,NONINCAPACITATING INJURY,2,0,0,2,0,1,0,21,4,3,41.89657458,-87.62769538,POINT (-87.627695377578 41.896574580523)
dd345d59e564e64880cef889248786ae1c0a1cd3a0b5b06327cbf8d5b06d9fc73d1d45221939d3cee6c45fd3cd15c22592b4e7b6107be6226edbcc3bbab6f505,,,4/6/2022 23:45,30,TRAFFIC SIGNAL,FUNCTIONING PROPERLY,CLEAR,"DARKNESS, LIGHTED ROAD",FIXED OBJECT,DIVIDED - W/MEDIAN (NOT RAISED),,"CURVE, LEVEL",DRY,NO DEFECTS,ON SCENE,NO INJURY / DRIVE AWAY,N,Y,,"OVER $1,500",4/6/2022 23:48,FAILING TO REDUCE SPEED TO AVOID CRASH,UNABLE TO DETERMINE,10400,W,ZEMKE RD,1654,,,,,,,1,NO INDICATION OF INJURY,0,0,0,0,0,1,0,23,4,4,41.99502233,-87.88461289,POINT (-87.884612888742 41.995022330494)
42e7e3e2497682225a6d3594923bd827ef43233759bc5bc19cdb62e44ab1de28a4215a2ea628c2515f4ce67a163d7d8b6875126b59f3332bf9f15081fab36c9d,,,4/6/2022 8:38,45,NO CONTROLS,NO CONTROLS,RAIN,DAYLIGHT,REAR END,DIVIDED - W/MEDIAN BARRIER,,STRAIGHT AND LEVEL,WET,NO DEFECTS,NOT ON SCENE (DESK REPORT),INJURY AND / OR TOW DUE TO CRASH,,,,"$501 - $1,500",4/6/2022 9:30,UNABLE TO DETERMINE,UNABLE TO DETERMINE,99,S,LAKE SHORE DR SB,114,,,,,,,2,"REPORTED, NOT EVIDENT",1,0,0,0,1,1,0,8,4,4,41.88098221,-87.61710465,POINT (-87.617104651185 41.88098220772)
8e0273eec4a133785656107856c47e1fd5349b6bf17e88dc1b0d9d43ff47eada25042777b630c956fc347d616fadf7896454249281d42d3f85f531ec5545456c,,,4/6/2022 11:28,30,NO CONTROLS,NO CONTROLS,CLEAR,DAYLIGHT,TURNING,ALLEY,,STRAIGHT AND LEVEL,DRY,NO DEFECTS,ON SCENE,NO INJURY / DRIVE AWAY,,,,"OVER $1,500",4/6/2022 11:28,UNABLE TO DETERMINE,UNABLE TO DETERMINE,5969,N,ARTESIAN AVE,2011,,,,,,,2,NO INDICATION OF INJURY,0,0,0,0,0,2,0,11,4,4,41.99040011,-87.69073319,POINT (-87.690733185709 41.990400108786)
03af0dc208be87d874ad5dabdce5699c9d66a6ee0bf02301a85b11b125ce5786754daf2e8913405e9b2eff183a9ab428c185f47afcc94c84e0f865d4502a21e9,,,3/31/2022 17:45,30,NO CONTROLS,FUNCTIONING PROPERLY,CLEAR,DAYLIGHT,PARKED MOTOR VEHICLE,DIVIDED - W/MEDIAN (NOT RAISED),,STRAIGHT AND LEVEL,WET,NO DEFECTS,NOT ON SCENE (DESK REPORT),NO INJURY / DRIVE AWAY,,,Y,"OVER $1,500",3/31/2022 18:25,DRIVING SKILLS/KNOWLEDGE/EXPERIENCE,UNABLE TO DETERMINE,9500,S,PERRY AVE,511,,,,,,,2,NO INDICATION OF INJURY,0,0,0,0,0,1,0,17,5,3,41.72159812,-87.62638208,POINT (-87.626382078193 41.721598114764)
d39f22f551a0dd29914b3b8e6dc9730497e7fd0adbee8a5c6a205a79f4755a0b90c4d86952629d87c33768886469060bb51371f7ee0a78776932340d2ca6b720,,Y,4/5/2022 20:00,25,NO CONTROLS,NO CONTROLS,CLEAR,DARKNESS,PARKED MOTOR VEHICLE,ONE-WAY,,STRAIGHT AND LEVEL,DRY,NO DEFECTS,ON SCENE,NO INJURY / DRIVE AWAY,,,Y,"$501 - $1,500",4/6/2022 20:48,UNABLE TO DETERMINE,NOT APPLICABLE,3402,S,ABERDEEN ST,913,,,,,,,2,NO INDICATION OF INJURY,0,0,0,0,0,1,0,20,3,4,41.83256493,-87.65359433,POINT (-87.653594332411 41.832564934276)
e3bc3d91b49eff38e986a769a613c20cf17d1261858c70f93565efc091711b6ff7c80463738cc68cf2d411d396e2a9fe824ad1016f1c3116d5ce521fc84be5bb,,,4/2/2022 21:51,15,NO CONTROLS,NO CONTROLS,CLEAR,"DARKNESS, LIGHTED ROAD",REAR END,PARKING LOT,,STRAIGHT AND LEVEL,DRY,NO DEFECTS,ON SCENE,NO INJURY / DRIVE AWAY,,Y,,$500 OR LESS,4/2/2022 21:51,DISTRACTION - FROM INSIDE VEHICLE,NOT APPLICABLE,1831,W,WARREN BLVD,1223,,,,,,,2,NO INDICATION OF INJURY,0,0,0,0,0,2,0,21,7,4,41.88218071,-87.67302615,POINT (-87.673026144758 41.882180706945)
bc94cbf5cd4c7baa71e13b954a2ebdd1c5f54893e8cf942649114e824618e68907966f7f1c1760b208c8fc910d4fae77d15c9c169ac2a87a45669fbe2456e05a,,,4/6/2022 7:50,30,TRAFFIC SIGNAL,FUNCTIONING PROPERLY,CLOUDY/OVERCAST,DAYLIGHT,TURNING,DIVIDED - W/MEDIAN (NOT RAISED),,STRAIGHT AND LEVEL,WET,NO DEFECTS,ON SCENE,NO INJURY / DRIVE AWAY,,,,"$501 - $1,500",4/6/2022 8:20,FOLLOWING TOO CLOSELY,IMPROPER LANE USAGE,1000,N,WELLS ST,1823,,,,,,,2,NO INDICATION OF INJURY,0,0,0,0,0,3,0,7,4,4,41.90057823,-87.63450237,POINT (-87.634502372759 41.900578225469)
e4574102c92b0db8aaaa8512a078563dbbe2fc8e95ba000569c90e0c795ca21cca203e90958162ad18e0b174443c7b7782f8dafc77df2196a98ccebcb4491ae0,,,4/5/2022 8:00,15,NO CONTROLS,NO CONTROLS,RAIN,DAYLIGHT,OTHER OBJECT,ALLEY,,STRAIGHT AND LEVEL,WET,NO DEFECTS,NOT ON SCENE (DESK REPORT),NO INJURY / DRIVE AWAY,,Y,Y,"OVER $1,500",4/6/2022 14:00,UNABLE TO DETERMINE,UNABLE TO DETERMINE,1741,N,SPAULDING AVE,1422,,,,,,,1,NO INDICATION OF INJURY,0,0,0,0,0,1,0,8,3,4,41.91306252,-87.71001442,POINT (-87.710014416663 41.913062523627)
fddc38b04dbc7d8261d06c625e2e91b9074476a7ea0c1983ab3b8a79eb6f18462fb49a25a3d71f575c5ac15d429c7d289d8ccba709a7296496b882ead518b38e,,,4/5/2022 17:30,10,NO CONTROLS,NO CONTROLS,CLOUDY/OVERCAST,DAYLIGHT,PARKED MOTOR VEHICLE,PARKING LOT,,STRAIGHT AND LEVEL,DRY,NO DEFECTS,NOT ON SCENE (DESK REPORT),NO INJURY / DRIVE AWAY,,,Y,"OVER $1,500",4/6/2022 14:10,UNABLE TO DETERMINE,NOT APPLICABLE,8431,S,STEWART AVE,622,,,,,,,2,NO INDICATION OF INJURY,0,0,0,0,0,1,0,17,3,4,41.74085923,-87.6338919,POINT (-87.633891897117 41.740859227702)