CRASH_RECORD_ID,RD_NO,CRASH_DATE_EST_I,CRASH_DATE,POSTED_SPEED_LIMIT,TRAFFIC_CONTROL_DEVICE,DEVICE_CONDITION,WEATHER_CONDITION,LIGHTING_CONDITION,FIRST_CRASH_TYPE,TRAFFICWAY_TYPE,LANE_CNT,ALIGNMENT,ROADWAY_SURFACE_COND,ROAD_DEFECT,REPORT_TYPE,CRASH_TYPE,INTERSECTION_RELATED_I,NOT_RIGHT_OF_WAY_I,HIT_AND_RUN_I,DAMAGE,DATE_POLICE_NOTIFIED,PRIM_CONTRIBUTORY_CAUSE,SEC_CONTRIBUTORY_CAUSE,STREET_NO,STREET_DIRECTION,STREET_NAME,BEAT_OF_OCCURRENCE,PHOTOS_TAKEN_I,STATEMENTS_TAKEN_I,DOORING_I,WORK_ZONE_I,WORK_ZONE_TYPE,WORKERS_PRESENT_I,NUM_UNITS,MOST_SEVERE_INJURY,INJURIES_TOTAL,INJURIES_FATAL,INJURIES_INCAPACITATING,INJURIES_NON_INCAPACITATING,INJURIES_REPORTED_NOT_EVIDENT,INJURIES_NO_INDICATION,INJURIES_UNKNOWN,CRASH_HOUR,CRASH_DAY_OF_WEEK,CRASH_MONTH,LATITUDE,LONGITUDE,LOCATION
ac81a9a164382c4bcb15cb7c0b1c21fd933133fa4243f49e04425c10fd63b4bffa237b338dda9f138a7b5da2f55fb538be377420cb23170a9a5d8d4df5b7d93c,,,4/6/2022 20:45,30,UNKNOWN,UNKNOWN,UNKNOWN,UNKNOWN,FIXED OBJECT,NOT DIVIDED,,STRAIGHT AND LEVEL,UNKNOWN,"RUT, HOLES",NOT ON SCENE (DESK REPORT),NO INJURY / DRIVE AWAY,,,,"$501 - $1,500",4/6/2022 22:00,NOT APPLICABLE,NOT APPLICABLE,2259,W,ADDISON ST,1921,,,,,,,1,NO INDICATION OF INJURY,0,0,0,0,0,1,0,20,4,4,41.94665851,-87.6857683,POINT (-87.685768303909 41.946658513176)
10c1087134b0d74ea85d1303897a83d643d3084c01440b027bdfd6bf9f4dbd00ce1c2612578532e15ebc23ebfb02a321456eb8d15f0d141306d35f3aae1ee2ca,JF176837,,3/17/2022 7:45,10,NO CONTROLS,NO CONTROLS,CLEAR,DAYLIGHT,PARKED MOTOR VEHICLE,PARKING LOT,,STRAIGHT AND LEVEL,DRY,NO DEFECTS,ON SCENE,NO INJURY / DRIVE AWAY,,,,"OVER $1,500",3/17/2022 10:14,UNABLE TO DETERMINE,NOT APPLICABLE,902,E,133RD PL,533,,,,,,,2,NO INDICATION OF INJURY,0,0,0,0,0,1,0,7,5,3,41.6538936,-87.59953971,POINT (-87.599539707864 41.653893602464)
1134f5669c924efe266ee621d9353df4c4609d814be3d17953038321dd3402c0fc7eebf52efeb189dde5293b0db5a82e87ab4ce7c472f30741d6758e7a918e74,JF177097,,3/17/2022 7:30,30,NO CONTROLS,NO CONTROLS,CLEAR,DAYLIGHT,PARKED MOTOR VEHICLE,NOT DIVIDED,,STRAIGHT AND LEVEL,DRY,NO DEFECTS,NOT ON SCENE (DESK REPORT),NO INJURY / DRIVE AWAY,,,Y,"OVER $1,500",3/17/2022 13:30,UNABLE TO DETERMINE,UNABLE TO DETERMINE,417,E,62ND ST,313,,,,,,,2,NO INDICATION OF INJURY,0,0,0,0,0,1,0,7,5,3,41.78197445,-87.61493527,POINT (-87.614935270506 41.781974444788)
13020e5370d3c10b91e1585516901e507ea2672c3d852a9ecec6d1b95a2ad1c91b808180612251a3721c17c30db76fbd853d4bb776f4dd8dce72e51582cf7154,JF176752,,3/17/2022 8:00,30,NO CONTROLS,NO CONTROLS,CLEAR,DAYLIGHT,TURNING,NOT DIVIDED,,STRAIGHT AND LEVEL,DRY,NO DEFECTS,NOT ON SCENE (DESK REPORT),NO INJURY / DRIVE AWAY,Y,,,"OVER $1,500",3/17/2022 9:00,IMPROPER OVERTAKING/PASSING,FAILING TO YIELD RIGHT-OF-WAY,4101,W,FULLERTON AVE,2525,,,,,,,2,NO INDICATION OF INJURY,0,0,0,0,0,3,0,8,5,3,41.92434753,-87.72927975,POINT (-87.729279753723 41.924347528955)
02cdc9829f1f55fde2bd637dfcd0ce8316ec37134173b949087d8dd36901d093e8cb15866ce72cc8ff110f6ef66d68daf63be4ea88eb3fe7b08594d6902155a1,,,3/30/2022 7:16,30,STOP SIGN/FLASHER,NO CONTROLS,CLEAR,DAYLIGHT,ANGLE,FOUR WAY,,STRAIGHT ON GRADE,DRY,NO DEFECTS,ON SCENE,INJURY AND / OR TOW DUE TO CRASH,Y,,,"OVER $1,500",3/30/2022 7:17,DISREGARDING STOP SIGN,DRIVING SKILLS/KNOWLEDGE/EXPERIENCE,4301,S,PRAIRIE AVE,215,,,,,,,2,NO INDICATION OF INJURY,0,0,0,0,0,2,0,7,4,3,41.81649908,-87.61964177,POINT (-87.619641764854 41.816499084202)
e47824d55aba4b18eb2df7a3a284030e6e3395846f8799f3cf7a6ea5e5f52c578ef1061422bbea60e97a89a0c9b9ac2415c1dacafad66f9624e57e5c805cd092,,,4/6/2022 19:12,30,NO CONTROLS,NO CONTROLS,CLEAR,DUSK,PARKED MOTOR VEHICLE,NOT DIVIDED,,STRAIGHT AND LEVEL,DRY,NO DEFECTS,NOT ON SCENE (DESK REPORT),INJURY AND / OR TOW DUE TO CRASH,,,,"OVER $1,500",4/6/2022 20:30,FAILING TO YIELD RIGHT-OF-WAY,UNABLE TO DETERMINE,339,E,47TH ST,224,,,,,,,2,NO INDICATION OF INJURY,0,0,0,0,0,2,0,19,4,4,41.80924985,-87.61808502,POINT (-87.618085019389 41.809249844771)
28659f78bb56be62c991701931759f3964612fd1755ada95fcf01db9018917fbd415f132809b57c366ed8ce670042ff365f2b7b893812017df59897b433a3dd4,,,4/5/2022 21:09,30,NO CONTROLS,NO CONTROLS,CLEAR,DAYLIGHT,FIXED OBJECT,NOT DIVIDED,,STRAIGHT AND LEVEL,DRY,UNKNOWN,ON SCENE,INJURY AND / OR TOW DUE TO CRASH,,,,"OVER $1,500",4/5/2022 21:11,UNABLE TO DETERMINE,NOT APPLICABLE,1455,W,63RD ST,725,,,,,,,1,NONINCAPACITATING INJURY,1,0,0,1,0,1,0,21,3,4,41.7794019,-87.66155231,POINT (-87.661552313977 41.779401903879)
0d2eef331a4896decee2804dfc68627a148e3cd4ed8f826049b8ad92667263db030a4eba7a30294505c9928eaf528bad4bdccb440e38413a3e0265585f6efd26,,,3/30/2022 20:32,30,TRAFFIC SIGNAL,FUNCTIONING PROPERLY,RAIN,DAYLIGHT,REAR END,NOT DIVIDED,,STRAIGHT AND LEVEL,WET,NO DEFECTS,NOT ON SCENE (DESK REPORT),NO INJURY / DRIVE AWAY,,,Y,"$501 - $1,500",3/31/2022 16:51,FOLLOWING TOO CLOSELY,FOLLOWING TOO CLOSELY,8700,S,DR MARTIN LUTHER KING JR DR,632,,,,,,,2,NO INDICATION OF INJURY,0,0,0,0,0,2,0,20,4,3,41.73645505,-87.61467291,POINT (-87.614672912717 41.736455045812)
c322329fb2467abeb74600fdc5723d6fd605aa0465d41e061353e79e9499ec88134b1e2518b7a248fa10abceb587b5c26b52895467ae6a91b3274a7e2aa7b3f9,,,4/6/2022 18:35,20,NO PASSING,UNKNOWN,UNKNOWN,DAYLIGHT,PEDESTRIAN,ONE-WAY,,STRAIGHT AND LEVEL,UNKNOWN,UNKNOWN,NOT ON SCENE (DESK REPORT),INJURY AND / OR TOW DUE TO CRASH,,,Y,$500 OR LESS,4/6/2022 21:15,FAILING TO YIELD RIGHT-OF-WAY,UNABLE TO DETERMINE,6800,N,WHIPPLE ST,2411,N,,,,,,2,NONINCAPACITATING INJURY,1,0,0,1,0,1,0,18,4,4,42.00475309,-87.70632938,POINT (-87.706329379069 42.004753091299)
a96c64187120c7010396c4e334cb58d0692725961fac8f8e2eada7c47dbed668f5b2487b095053977d0e62d90b0ceba21779c79424186f4e17d92a4792346d16,,,3/27/2022 19:00,30,STOP SIGN/FLASHER,OTHER,CLEAR,"DARKNESS, LIGHTED ROAD",PARKED MOTOR VEHICLE,PARKING LOT,,STRAIGHT AND LEVEL,DRY,NO DEFECTS,NOT ON SCENE (DESK REPORT),NO INJURY / DRIVE AWAY,,Y,Y,"$501 - $1,500",4/5/2022 19:45,UNABLE TO DETERMINE,UNABLE TO DETERMINE,3500,N,KIMBALL AVE,1732,,,,,,,2,NO INDICATION OF INJURY,0,0,0,0,0,1,0,19,1,3,41.94488107,-87.71280509,POINT (-87.712805088759 41.944881073845)
32dd2dafc91b4bf2af44d75261a7e85177cba26241328b03019bd290429d43086c510f2ea79fc355db3700cc2c865101f4901c78b53a87a8aaf98cd4cbafc5e6,,,4/6/2022 10:20,35,NO CONTROLS,NO CONTROLS,CLOUDY/OVERCAST,DAYLIGHT,PARKED MOTOR VEHICLE,DIVIDED - W/MEDIAN (NOT RAISED),,STRAIGHT AND LEVEL,DRY,NO DEFECTS,ON SCENE,NO INJURY / DRIVE AWAY,,,,$500 OR LESS,4/6/2022 10:24,DISREGARDING ROAD MARKINGS,NOT APPLICABLE,5116,N,CICERO AVE,1621,,,,,,,2,NO INDICATION OF INJURY,0,0,0,0,0,1,0,10,4,4,41.97409294,-87.7481092,POINT (-87.748109199333 41.974092942325)
80624fc3635242ea5867d1656912bebefe84e6b100bbe5604d7a4e62ba2ceae1eccd6cb0c42e4d0730639a73e9672f1aa79304c5127ba9882cdb48192121715e,,,4/1/2022 16:15,15,NO CONTROLS,NO CONTROLS,CLEAR,DAYLIGHT,REAR END,PARKING LOT,,STRAIGHT AND LEVEL,DRY,NO DEFECTS,NOT ON SCENE (DESK REPORT),NO INJURY / DRIVE AWAY,,,,"$501 - $1,500",4/6/2022 21:50,UNABLE TO DETERMINE,NOT APPLICABLE,5200,S,LAKE PARK AVE,234,,,,,,,2,NO INDICATION OF INJURY,0,0,0,0,0,2,0,16,6,4,41.80094198,-87.58763679,POINT (-87.587636792157 41.800941975966)
9f05dbd440cc168aecd1b6d6af10d8263f4136023d5174a781af03e92fd9841849bb9ec3985c98e0657ec6663af7a23ba6a1795d852019550714c42794f83864,,,4/6/2022 12:50,30,TRAFFIC SIGNAL,FUNCTIONING PROPERLY,CLEAR,DAYLIGHT,SIDESWIPE SAME DIRECTION,DIVIDED - W/MEDIAN BARRIER,,STRAIGHT AND LEVEL,DRY,UNKNOWN,ON SCENE,NO INJURY / DRIVE AWAY,,,,"OVER $1,500",4/6/2022 12:55,FAILING TO YIELD RIGHT-OF-WAY,NOT APPLICABLE,99,E,ROOSEVELT RD,131,,,,,,,2,NO INDICATION OF INJURY,0,0,0,0,0,2,0,12,4,4,41.8673464,-87.62421547,POINT (-87.624215467554 41.867346399243)
0900d0069f19749f55f6e3d9c291dfef69b5bd908c3f65177729138ff2c4be44f2272cd83cde6df20a9357dd917411845b37887b69ea744b1bbdeb57fe2d0eb4,,,3/31/2022 20:00,30,STOP SIGN/FLASHER,FUNCTIONING PROPERLY,SNOW,"DARKNESS, LIGHTED ROAD",ANGLE,NOT DIVIDED,,STRAIGHT AND LEVEL,WET,UNKNOWN,ON SCENE,INJURY AND / OR TOW DUE TO CRASH,Y,,N,"OVER $1,500",3/31/2022 20:24,FAILING TO YIELD RIGHT-OF-WAY,NOT APPLICABLE,4300,W,59TH ST,813,,,,,,,2,NO INDICATION OF INJURY,0,0,0,0,0,2,0,20,5,3,41.78597164,-87.7303609,POINT (-87.730360895839 41.785971635777)
dbceb322cc8c02888e5e1ce8dc731218c3046ad8f16d482a106a30983a743afb794bf9d539ec78b16411fffc60e6694c2f89c11f0ce791555bb81fd01b073e83,,,4/6/2022 14:15,30,NO CONTROLS,NO CONTROLS,CLOUDY/OVERCAST,DAYLIGHT,PARKED MOTOR VEHICLE,DIVIDED - W/MEDIAN (NOT RAISED),,STRAIGHT AND LEVEL,UNKNOWN,UNKNOWN,NOT ON SCENE (DESK REPORT),NO INJURY / DRIVE AWAY,,,Y,"OVER $1,500",4/6/2022 17:00,UNABLE TO DETERMINE,UNABLE TO DETERMINE,4887,N,BROADWAY,2033,,,,,,,2,NO INDICATION OF INJURY,0,0,0,0,0,2,0,14,4,4,41.97135474,-87.65958573,POINT (-87.659585731797 41.971354739359)
07402fcb02cf4d12315a3acecb05c4366cecb3c0dc3d5bb098465e572c7dc49425f22ea0fbe8e1bad9b16c1560fdb5faebd81d4cb2dd515b53f8af8b42ee3ca4,JF176884,,3/17/2022 10:05,30,TRAFFIC SIGNAL,FUNCTIONING PROPERLY,CLEAR,DAYLIGHT,TURNING,NOT DIVIDED,,STRAIGHT AND LEVEL,DRY,NO DEFECTS,ON SCENE,NO INJURY / DRIVE AWAY,Y,,,"$501 - $1,500",3/17/2022 10:05,IMPROPER TURNING/NO SIGNAL,NOT APPLICABLE,700,S,CICERO AVE,1533,,,,,,,2,NO INDICATION OF INJURY,0,0,0,0,0,3,0,10,5,3,41.87205805,-87.74507934,POINT (-87.745079343101 41.872058050459)
0d2a62d6d469e96caeff3845f38c5b63ac941bded6b12651ced756d1e575fa65cc086d09295f6613b1cd2275bcd7c7c43c3d1a1e6d71fe294378d3b106880ef1,JF176500,,3/17/2022 0:15,30,NO CONTROLS,NO CONTROLS,CLEAR,"DARKNESS, LIGHTED ROAD",PARKED MOTOR VEHICLE,NOT DIVIDED,,STRAIGHT AND LEVEL,DRY,NO DEFECTS,ON SCENE,INJURY AND / OR TOW DUE TO CRASH,,,,"OVER $1,500",3/17/2022 0:21,NOT APPLICABLE,NOT APPLICABLE,5710,S,WESTERN AVE,824,,,,,,,2,NONINCAPACITATING INJURY,1,0,0,1,0,0,0,0,5,3,41.78983019,-87.68407376,POINT (-87.684073756833 41.789830187847)
1d6282b81172e7ef1ee2900abe5373bfdc0374cbb85df2f30ed21004390c174b99fcc6cd0e7e6e0a02e4ce0fa56ae1fb6906bcd66943ff355db0d3f8d47c140f,,,4/5/2022 16:45,30,TRAFFIC SIGNAL,NO CONTROLS,CLEAR,DUSK,REAR END,Y-INTERSECTION,,STRAIGHT AND LEVEL,DRY,NO DEFECTS,NOT ON SCENE (DESK REPORT),NO INJURY / DRIVE AWAY,,,,"OVER $1,500",4/6/2022 16:30,UNABLE TO DETERMINE,NOT APPLICABLE,7900,S,STONY ISLAND AVE,411,,,,,,,2,NO INDICATION OF INJURY,0,0,0,0,0,2,0,16,3,4,41.7514606,-87.58597199,POINT (-87.585971992965 41.751460603167)
d474ca53fa6e4d35d1acd4ded3c4e1b3ff11e08497ed3b03a002f013ac24a8eee3982e61442e709e9c05bf0d5198cf1174e8202df6398abd7141da6c7d34b319,,,4/6/2022 7:54,30,TRAFFIC SIGNAL,FUNCTIONING PROPERLY,RAIN,DAYLIGHT,ANGLE,FOUR WAY,,STRAIGHT AND LEVEL,WET,NO DEFECTS,ON SCENE,INJURY AND / OR TOW DUE TO CRASH,Y,,,"OVER $1,500",4/6/2022 7:54,DISREGARDING TRAFFIC SIGNALS,FAILING TO REDUCE SPEED TO AVOID CRASH,4201,W,ROOSEVELT RD,1011,,,,,,,2,"REPORTED, NOT EVIDENT",1,0,0,0,1,2,0,7,4,4,41.86599114,-87.73012233,POINT (-87.730122328328 41.865991141105)
469aa8029143439413c109611807174b703f85e29b6b261a51da054acea6397b8ab1fa85a3eca590aa540c9a8114803af7ca136e10e2cb48d35cf162eac0b34b,,,4/1/2022 19:51,0,NO CONTROLS,NO CONTROLS,RAIN,"DARKNESS, LIGHTED ROAD",TURNING,NOT DIVIDED,,STRAIGHT AND LEVEL,WET,NO DEFECTS,NOT ON SCENE (DESK REPORT),NO INJURY / DRIVE AWAY,,,,"$501 - $1,500",4/6/2022 9:32,FAILING TO YIELD RIGHT-OF-WAY,NOT APPLICABLE,1651,N,WELLS ST,1814,,,,,,,2,NO INDICATION OF INJURY,0,0,0,0,0,2,0,19,6,4,41.91262714,-87.63460884,POINT (-87.634608844045 41.912627141782)
0e465e65e3e5e7b6803dc2c31da1220b59d4759442f68c19f8c72f5591d74b3d5fcf958aece8dbbd0c2374cc114bd0466cf6e4efce08c77997c82ea2d017e20a,,,3/30/2022 15:35,30,TRAFFIC SIGNAL,FUNCTIONING PROPERLY,RAIN,DAYLIGHT,ANGLE,FOUR WAY,,STRAIGHT AND LEVEL,WET,NO DEFECTS,NOT ON SCENE (DESK REPORT),NO INJURY / DRIVE AWAY,Y,,,"OVER $1,500",3/31/2022 17:20,UNABLE TO DETERMINE,UNABLE TO DETERMINE,4022,N,KEELER AVE,1722,,,,,,,2,NO INDICATION OF INJURY,0,0,0,0,0,2,0,15,4,3,41.95422242,-87.7326388,POINT (-87.732638795405 41.954222423425)
70dbbd00ab823b1a10de9c82beb1b108ad85d1e593a6062b5b15e4b03a4e899f4fa69fd8ad4894ac3bd9e9304ea2724ae4a9a892cf8216bdcb2fd790cc5c71ac,,Y,4/6/2022 11:30,30,NO CONTROLS,NO CONTROLS,CLEAR,DAYLIGHT,PARKED MOTOR VEHICLE,ONE-WAY,,STRAIGHT AND LEVEL,DRY,NO DEFECTS,ON SCENE,NO INJURY / DRIVE AWAY,,,Y,"$501 - $1,500",4/6/2022 14:57,NOT APPLICABLE,NOT APPLICABLE,522,N,ELIZABETH ST,1215,,,,,,,2,NO INDICATION OF INJURY,0,0,0,0,0,1,0,11,4,4,41.89176093,-87.6596478,POINT (-87.659647800473 41.891760929842)
04b83ccba0373ad91f2e61789817d25bc71b0c261c280829e7516c2cfde245599f7ca1c0859d19784a75f962a3691a9a1a640e3eac63893cd0c09b28d6ca629b,,,3/31/2022 16:50,30,NO CONTROLS,NO CONTROLS,RAIN,DAYLIGHT,PARKED MOTOR VEHICLE,ONE-WAY,,STRAIGHT AND LEVEL,WET,NO DEFECTS,ON SCENE,NO INJURY / DRIVE AWAY,,,Y,"OVER $1,500",3/31/2022 17:05,UNABLE TO DETERMINE,UNABLE TO DETERMINE,8503,S,KINGSTON AVE,423,,,,,,,2,NO INDICATION OF INJURY,0,0,0,0,0,1,0,16,5,3,41.7407303,-87.56226994,POINT (-87.562269943102 41.74073029954)
50d99b570b8482574ae39f0d0a66bc7945cb671bad3bca3c663666e3d6ca3c25a15fde78bebdcea24ec08b85f916cf0aaa95dbeb897228f1a98e0c161a02c82b,,,4/6/2022 9:00,30,TRAFFIC SIGNAL,FUNCTIONING PROPERLY,UNKNOWN,UNKNOWN,REAR END,NOT DIVIDED,,STRAIGHT AND LEVEL,UNKNOWN,UNKNOWN,NOT ON SCENE (DESK REPORT),NO INJURY / DRIVE AWAY,Y,,Y,"OVER $1,500",4/6/2022 9:30,UNABLE TO DETERMINE,UNABLE TO DETERMINE,859,N,KEDZIE AVE,1211,,,,,,,2,NO INDICATION OF INJURY,0,0,0,0,0,2,0,9,4,4,41.89739644,-87.70646992,POINT (-87.706469915184 41.897396436214)
60d80534ec0fd00f054e1a85443db92f2e764a4de8bc42bae6e411d0beb8fc214a603cc0c56a814fc0e279dca824e72e97fb62cea053e592c655dd51acc9b5aa,,,4/4/2022 11:40,30,NO CONTROLS,NO CONTROLS,CLEAR,DAYLIGHT,FIXED OBJECT,PARKING LOT,,STRAIGHT AND LEVEL,DRY,NO DEFECTS,ON SCENE,INJURY AND / OR TOW DUE TO CRASH,,Y,,"OVER $1,500",4/4/2022 12:14,DRIVING SKILLS/KNOWLEDGE/EXPERIENCE,FAILING TO REDUCE SPEED TO AVOID CRASH,11833,S,WESTERN AVE,2212,,,,,,,3,NO INDICATION OF INJURY,0,0,0,0,0,4,0,11,2,4,41.67798852,-87.68057984,POINT (-87.680579838983 41.677988522501)
d46b5caeb5a6aa1796559205fba32c913796e95b7e87e1df7531749670a4c53b6d40fa3874f2e5cb804e5c67b1dab8b5d5f0863e88fc9c2bcdd06c9c3bb3ece8,,,4/5/2022 23:00,30,TRAFFIC SIGNAL,FUNCTIONING PROPERLY,RAIN,"DARKNESS, LIGHTED ROAD",TURNING,T-INTERSECTION,,STRAIGHT AND LEVEL,WET,NO DEFECTS,ON SCENE,INJURY AND / OR TOW DUE TO CRASH,Y,,,"OVER $1,500",4/5/2022 23:00,UNABLE TO DETERMINE,UNABLE TO DETERMINE,4230,S,CICERO AVE,814,,,,,,,2,NO INDICATION OF INJURY,0,0,0,0,0,2,0,23,3,4,41.81579414,-87.74351084,POINT (-87.743510836176 41.815794143256)
02eef7c967f7765f44c9dbd0efd22a3a36230670e1511800a4213d85d40333dc2dc40081ec37323a3d004f3f454bac3fb889256cab17c0bd2a4b7c8218e14d9c,JF177110,,3/17/2022 12:50,40,NO CONTROLS,NO CONTROLS,CLEAR,DAYLIGHT,SIDESWIPE SAME DIRECTION,DIVIDED - W/MEDIAN BARRIER,,STRAIGHT AND LEVEL,DRY,UNKNOWN,NOT ON SCENE (DESK REPORT),NO INJURY / DRIVE AWAY,,,Y,"$501 - $1,500",3/17/2022 14:00,DRIVING SKILLS/KNOWLEDGE/EXPERIENCE,UNABLE TO DETERMINE,1545,N,LAKE SHORE DR NB,1824,,,,,,,2,NO INDICATION OF INJURY,0,0,0,0,0,2,0,12,5,3,41.91084626,-87.62558602,POINT (-87.625586022433 41.910846257278)
1024da68040381b676547c627a3072676acf697cebc3ad8d609682e0b6201a1028287e3e38024c3d85d0510f6aa8421195065cf48d5de436b8228300cb4251fb,JF173318,,3/14/2022 9:58,30,OTHER,FUNCTIONING PROPERLY,CLEAR,DAYLIGHT,PARKED MOTOR VEHICLE,ONE-WAY,,STRAIGHT AND LEVEL,DRY,NO DEFECTS,NOT ON SCENE (DESK REPORT),NO INJURY / DRIVE AWAY,,,,"$501 - $1,500",3/14/2022 10:12,IMPROPER BACKING,NOT APPLICABLE,78,E,WASHINGTON ST,111,,,,,,,2,NO INDICATION OF INJURY,0,0,0,0,0,1,0,9,2,3,41.88333428,-87.62505014,POINT (-87.625050135114 41.883334279294)
11a21ef42383a5d084092a33f14556ac56433865e96b9d0db36d89f5d60723789636079507e70130a12cfd6599cf314da85d5ba9ddec289cf9a446731a774ac8,JF177090,,3/17/2022 12:55,30,NO CONTROLS,NO CONTROLS,CLEAR,DAYLIGHT,REAR END,DIVIDED - W/MEDIAN (NOT RAISED),,STRAIGHT AND LEVEL,DRY,NO DEFECTS,NOT ON SCENE (DESK REPORT),NO INJURY / DRIVE AWAY,Y,,,"OVER $1,500",3/17/2022 13:45,UNABLE TO DETERMINE,UNABLE TO DETERMINE,6300,W,GRAND AVE,2512,,,,,,,2,NO INDICATION OF INJURY,0,0,0,0,0,2,0,12,5,3,41.92203017,-87.7829841,POINT (-87.782984096067 41.922030170819)
13fb195ed35e4acc2d3c2de2e40eec6c91e47a16f6e02c8c9e44d5612a6908614095d33488602a30a0c8ff75ede0f9abc306250eca2ae1e7292225cca9dfc342,JF177526,,3/17/2022 16:40,30,NO CONTROLS,NO CONTROLS,CLEAR,DAYLIGHT,REAR END,NOT DIVIDED,,STRAIGHT AND LEVEL,DRY,NO DEFECTS,NOT ON SCENE (DESK REPORT),NO INJURY / DRIVE AWAY,,,Y,"$501 - $1,500",3/17/2022 18:20,UNABLE TO DETERMINE,NOT APPLICABLE,100,W,103RD ST,511,,,,,,,2,NO INDICATION OF INJURY,0,0,0,0,0,2,0,16,5,3,41.70724018,-87.62611154,POINT (-87.626111537521 41.707240174556)
7d2689ffb920901c8c68aca9e3faed78a7fdebf8c9dad4aba2ebae9e499380f863b975a4bc35ad0679ecacf06aaf16f8aaf280ec7a5e315d06aab7d8943e61c7,,,4/6/2022 17:48,30,TRAFFIC SIGNAL,FUNCTIONING PROPERLY,CLEAR,DAYLIGHT,REAR END,FOUR WAY,,STRAIGHT AND LEVEL,DRY,NO DEFECTS,ON SCENE,INJURY AND / OR TOW DUE TO CRASH,Y,,,"OVER $1,500",4/6/2022 17:49,FAILING TO REDUCE SPEED TO AVOID CRASH,FAILING TO REDUCE SPEED TO AVOID CRASH,6499,W,IRVING PARK RD,1632,,,,,,,2,"REPORTED, NOT EVIDENT",1,0,0,0,1,2,0,17,4,4,41.95276855,-87.78886019,POINT (-87.788860194059 41.952768552629)
0cae9c80a1e79003ac953988bc6b1fbb47b26f76d1ffe1e77562f900b3c1cc051ccaeca3024bf9746af6870055b5a4abb47c145a0874c9b2017809fec1e5b5c2,JF177444,,3/16/2022 18:00,25,NO CONTROLS,NO CONTROLS,CLEAR,DAYLIGHT,SIDESWIPE SAME DIRECTION,DIVIDED - W/MEDIAN (NOT RAISED),,STRAIGHT AND LEVEL,DRY,NO DEFECTS,NOT ON SCENE (DESK REPORT),NO INJURY / DRIVE AWAY,,,Y,"OVER $1,500",3/17/2022 17:45,UNABLE TO DETERMINE,NOT APPLICABLE,4335,S,GREENWOOD AVE,222,,,,,,,2,NO INDICATION OF INJURY,0,0,0,0,0,2,0,18,4,3,41.81587855,-87.59924756,POINT (-87.599247557989 41.815878549404)
37bace0b713d60f590c9444bfb2ab1828270c9e8b90ffec9c34173d87d9501fcc6c311e4a5e1a44506e1250d19d0d1c50edd71ddadb90fe0b032b137ac88fcda,,,4/5/2022 17:45,30,NO CONTROLS,NO CONTROLS,CLEAR,UNKNOWN,FIXED OBJECT,DIVIDED - W/MEDIAN BARRIER,,STRAIGHT AND LEVEL,UNKNOWN,UNKNOWN,ON SCENE,INJURY AND / OR TOW DUE TO CRASH,,,Y,"OVER $1,500",4/5/2022 21:40,UNABLE TO DETERMINE,UNABLE TO DETERMINE,100,E,LOWER WACKER DR,114,,,,,,,1,NONINCAPACITATING INJURY,1,0,0,1,0,1,0,17,3,4,41.88843209,-87.62442469,POINT (-87.624424686932 41.88843209205)
fc083e76dce56059944c887ed61b7deda4aa732c051b23075bdc03a58863ccbbd9e72428c6afc7db50c234bddadd19545a9816b26572882cfe222348bc2536fc,,,4/6/2022 7:50,30,STOP SIGN/FLASHER,UNKNOWN,RAIN,DAYLIGHT,ANGLE,NOT DIVIDED,,STRAIGHT AND LEVEL,WET,NO DEFECTS,ON SCENE,NO INJURY / DRIVE AWAY,Y,,,"$501 - $1,500",4/6/2022 8:05,FAILING TO YIELD RIGHT-OF-WAY,FAILING TO YIELD RIGHT-OF-WAY,5200,N,MULLIGAN AVE,1622,,,,,,,2,NO INDICATION OF INJURY,0,0,0,0,0,2,0,7,4,4,41.975669,-87.78681,POINT (-87.786809997311 41.975668999698)
4019a97278a17f70c149bc34f2693f2eae11c509f05f3697120df858d557962f78141846a904c2c38ef5b6d6b79e73e76b0648d75a7ccef5913daedfc2710261,,,4/6/2022 10:40,30,STOP SIGN/FLASHER,FUNCTIONING PROPERLY,CLEAR,DAYLIGHT,TURNING,ONE-WAY,,STRAIGHT AND LEVEL,DRY,NO DEFECTS,NOT ON SCENE (DESK REPORT),NO INJURY / DRIVE AWAY,,,,"OVER $1,500",4/6/2022 15:31,IMPROPER TURNING/NO SIGNAL,IMPROPER OVERTAKING/PASSING,3500,S,RHODES AVE,212,,,,,,,2,NO INDICATION OF INJURY,0,0,0,0,0,2,0,10,4,4,41.83112703,-87.61463065,POINT (-87.61463065044 41.831127029369)
19a96c42a8f46fcccf058cf69a04fe7d8f2fb112fea05627e13589ca075b51a9f1429d28e3ce03c06bee062c53115d96f6ae9983e480314a50e16575d6753156,,,4/5/2022 11:18,35,TRAFFIC SIGNAL,FUNCTIONING PROPERLY,CLEAR,DAYLIGHT,REAR END,NOT DIVIDED,,STRAIGHT AND LEVEL,DRY,NO DEFECTS,ON SCENE,INJURY AND / OR TOW DUE TO CRASH,,,,"$501 - $1,500",4/5/2022 11:20,FOLLOWING TOO CLOSELY,FOLLOWING TOO CLOSELY,6503,S,DR MARTIN LUTHER KING JR DR,312,,,,,,,2,"REPORTED, NOT EVIDENT",1,0,0,0,1,1,0,11,3,4,41.77645868,-87.6153851,POINT (-87.615385100589 41.776458675579)