CRASH_RECORD_ID,RD_NO,CRASH_DATE_EST_I,CRASH_DATE,POSTED_SPEED_LIMIT,TRAFFIC_CONTROL_DEVICE,DEVICE_CONDITION,WEATHER_CONDITION,LIGHTING_CONDITION,FIRST_CRASH_TYPE,TRAFFICWAY_TYPE,LANE_CNT,ALIGNMENT,ROADWAY_SURFACE_COND,ROAD_DEFECT,REPORT_TYPE,CRASH_TYPE,INTERSECTION_RELATED_I,NOT_RIGHT_OF_WAY_I,HIT_AND_RUN_I,DAMAGE,DATE_POLICE_NOTIFIED,PRIM_CONTRIBUTORY_CAUSE,SEC_CONTRIBUTORY_CAUSE,STREET_NO,STREET_DIRECTION,STREET_NAME,BEAT_OF_OCCURRENCE,PHOTOS_TAKEN_I,STATEMENTS_TAKEN_I,DOORING_I,WORK_ZONE_I,WORK_ZONE_TYPE,WORKERS_PRESENT_I,NUM_UNITS,MOST_SEVERE_INJURY,INJURIES_TOTAL,INJURIES_FATAL,INJURIES_INCAPACITATING,INJURIES_NON_INCAPACITATING,INJURIES_REPORTED_NOT_EVIDENT,INJURIES_NO_INDICATION,INJURIES_UNKNOWN,CRASH_HOUR,CRASH_DAY_OF_WEEK,CRASH_MONTH,LATITUDE,LONGITUDE,LOCATION
9604e5c9c7c88a5a4528ea1e3b3102d8cbbec36bf91fa8b23589f8aa1a8989b16a040297284e9f60d14c1fecb3cf1327cd11e74984c53d8eb7843c60fc3016a1,,,4/6/2022 19:04,10,NO CONTROLS,NO CONTROLS,CLEAR,"DARKNESS, LIGHTED ROAD",PARKED MOTOR VEHICLE,PARKING LOT,,STRAIGHT AND LEVEL,DRY,NO DEFECTS,NOT ON SCENE (DESK REPORT),NO INJURY / DRIVE AWAY,,,,"OVER $1,500",4/6/2022 20:00,UNABLE TO DETERMINE,UNABLE TO DETERMINE,1615,S,CLARK ST,131,,,,,,,2,NO INDICATION OF INJURY,0,0,0,0,0,3,0,19,4,4,41.85962968,-87.6301249,POINT (-87.630124899277 41.859629677313)
022b63622c4a11cf582007359ddd6e7fb947bca0e1dc20d24ec8b26670d5d4cc6138240292dc2308265d3533408769e2e2525f1967393ef44a5bd84b69c2d36d,,,3/31/2022 23:10,30,TRAFFIC SIGNAL,FUNCTIONING PROPERLY,RAIN,"DARKNESS, LIGHTED ROAD",REAR END,NOT DIVIDED,,STRAIGHT AND LEVEL,WET,NO DEFECTS,NOT ON SCENE (DESK REPORT),NO INJURY / DRIVE AWAY,,,,"OVER $1,500",4/1/2022 0:15,FOLLOWING TOO CLOSELY,UNABLE TO DETERMINE,100,N,DEARBORN ST,111,,,,,,,2,NO INDICATION OF INJURY,0,0,0,0,0,2,0,23,5,3,41.88325032,-87.62958083,POINT (-87.629580825892 41.883250316068)
f4b85cf2c73d4209a10091e09752279d381e424c76045b1ab2c78c347d94e0c302373ad357219cc3fcf9dbf6d69e4c75ff0598a9f9a87e43b15229b1b0f91a24,,,4/6/2022 14:30,30,NO CONTROLS,NO CONTROLS,CLEAR,DAYLIGHT,PARKED MOTOR VEHICLE,NOT DIVIDED,,STRAIGHT AND LEVEL,DRY,NO DEFECTS,ON SCENE,NO INJURY / DRIVE AWAY,,,Y,"OVER $1,500",4/6/2022 14:53,UNABLE TO DETERMINE,UNABLE TO DETERMINE,4934,W,BELMONT AVE,1634,,,,,,,2,NO INDICATION OF INJURY,0,0,0,0,0,1,0,14,4,4,41.93888534,-87.75082751,POINT (-87.750827507298 41.938885341888)
a7195282895693df4cc6c454de429c5ac482bdc01278df5fae4342fc1b19578f3c19854131a70d85a3e0b1a2d978fbb7883eb5727e087418a9413426460e8abb,,,4/5/2022 14:59,30,TRAFFIC SIGNAL,FUNCTIONING PROPERLY,CLEAR,DAYLIGHT,SIDESWIPE SAME DIRECTION,DIVIDED - W/MEDIAN (NOT RAISED),,STRAIGHT AND LEVEL,DRY,NO DEFECTS,NOT ON SCENE (DESK REPORT),NO INJURY / DRIVE AWAY,,,,"$501 - $1,500",4/5/2022 15:30,FAILING TO YIELD RIGHT-OF-WAY,NOT APPLICABLE,1357,W,18TH ST,1233,,,,,,,2,NO INDICATION OF INJURY,0,0,0,0,0,6,0,14,3,4,41.85777042,-87.66106498,POINT (-87.661064981221 41.857770421372)
018eff4bb1b771f682e1c39ebb4047ecc5a058020b81aacacd9e7ac8eeeb0c9984a1009976d69a08cb0442e4a9df956620d8075e7c80a9ca80c0f3283face983,JF176889,,3/17/2022 10:40,30,NO CONTROLS,NO CONTROLS,CLEAR,DAYLIGHT,TURNING,NOT DIVIDED,,STRAIGHT AND LEVEL,DRY,NO DEFECTS,ON SCENE,INJURY AND / OR TOW DUE TO CRASH,,,,"OVER $1,500",3/17/2022 10:43,FAILING TO YIELD RIGHT-OF-WAY,DISREGARDING ROAD MARKINGS,2301,S,ASHLAND AVE,1235,,,,,,,2,NO INDICATION OF INJURY,0,0,0,0,0,2,0,10,5,3,41.8502353,-87.66586416,POINT (-87.665864156849 41.850235296181)
148c5f594283371b9cf4489f24947a5da8367f8790d2b6f761773c2fd27a35ddbe2626467f681650a345df1f1769de436eb9775dda79e275eb9b898a264493dd,JF177181,,3/12/2022 10:00,30,TRAFFIC SIGNAL,FUNCTIONING PROPERLY,CLEAR,DAYLIGHT,SIDESWIPE SAME DIRECTION,ONE-WAY,,STRAIGHT AND LEVEL,DRY,NO DEFECTS,NOT ON SCENE (DESK REPORT),NO INJURY / DRIVE AWAY,,,,"$501 - $1,500",3/17/2022 14:24,UNABLE TO DETERMINE,UNABLE TO DETERMINE,300,E,OHIO ST,1834,,,,,,,2,NO INDICATION OF INJURY,0,0,0,0,0,2,0,10,7,3,41.89271059,-87.62013066,POINT (-87.620130658406 41.892710584594)
085f792fc74b92a0ecc09f252f74df8f0e1f4607c6e4d13773ce6cff44ded671bd54337438ff84cf2cd9da2deea5bebd96bdcb4f7cd8cd50ab6f96bd055b1f52,JF177310,,3/17/2022 15:43,25,NO CONTROLS,NO CONTROLS,CLEAR,DAYLIGHT,SIDESWIPE SAME DIRECTION,NOT DIVIDED,,STRAIGHT AND LEVEL,DRY,NO DEFECTS,ON SCENE,NO INJURY / DRIVE AWAY,,,,"OVER $1,500",3/17/2022 16:17,NOT APPLICABLE,NOT APPLICABLE,3502,W,WABANSIA AVE,1422,,,,,,,2,NO INDICATION OF INJURY,0,0,0,0,0,3,0,15,5,3,41.91196347,-87.7135289,POINT (-87.713528898719 41.91196346546)
d8ebc2dcc2d7ed9d70ad2f6093b9b098eb5acfa9c5ff77fcd53bcb91c59bc5b3b863231ed02d6dcfc92a0072fe64c8714836f470b06d9eb19f55058f09c6d21b,,,4/6/2022 19:32,30,NO CONTROLS,NO CONTROLS,CLEAR,"DARKNESS, LIGHTED ROAD",TURNING,ONE-WAY,,STRAIGHT AND LEVEL,DRY,NO DEFECTS,ON SCENE,NO INJURY / DRIVE AWAY,,,,"OVER $1,500",4/6/2022 19:33,FAILING TO YIELD RIGHT-OF-WAY,UNABLE TO DETERMINE,8624,S,LAFAYETTE AVE,622,,,,,,,2,NO INDICATION OF INJURY,0,0,0,0,0,2,0,19,4,4,41.73732435,-87.62562038,POINT (-87.62562038254 41.737324350545)
5c69cd9b88be8d5097c87b5e3a82d23d95f02e414932ea43f34afc01eb6d5f02ec93911c81115c79df224d8da94cd36ba214b29c6601d338adf0b93ffa35ef06,JF174498,,3/15/2022 10:00,30,NO CONTROLS,NO CONTROLS,CLEAR,DAYLIGHT,SIDESWIPE SAME DIRECTION,DIVIDED - W/MEDIAN (NOT RAISED),,STRAIGHT AND LEVEL,DRY,UNKNOWN,ON SCENE,NO INJURY / DRIVE AWAY,,,,"OVER $1,500",3/15/2022 10:00,DRIVING SKILLS/KNOWLEDGE/EXPERIENCE,UNABLE TO DETERMINE,1924,W,CHICAGO AVE,1212,,,,,,,3,NO INDICATION OF INJURY,0,0,0,0,0,2,0,10,3,3,41.89604363,-87.67568937,POINT (-87.675689366302 41.896043627115)
d5e5c6cd3475460ab7fd10255b1bb63ed10b68af3ca282ec5f915b78667745061380a106783696c82a181216109cd16acbadbb495de583dde8c86d54ed7468b7,,,4/5/2022 20:06,30,STOP SIGN/FLASHER,FUNCTIONING PROPERLY,CLEAR,"DARKNESS, LIGHTED ROAD",ANGLE,FOUR WAY,,STRAIGHT AND LEVEL,DRY,NO DEFECTS,ON SCENE,NO INJURY / DRIVE AWAY,Y,,Y,"OVER $1,500",4/5/2022 20:07,UNABLE TO DETERMINE,NOT APPLICABLE,399,N,LOCKWOOD AVE,1523,,,,,,,2,NO INDICATION OF INJURY,0,0,0,0,0,4,0,20,3,4,41.8877721,-87.75763636,POINT (-87.757636359097 41.887772102827)
8a9bcbbab8123e8df420afbc327603f7e044ab53ccf6ba61abb09c0c2843ee4c29c5cebd7b98f04eb6d09fdb73bef710358e1f3a626012a9e6058d490218e80b,,,4/6/2022 17:36,30,NO CONTROLS,NO CONTROLS,CLEAR,DAYLIGHT,REAR END,NOT DIVIDED,,STRAIGHT AND LEVEL,DRY,NO DEFECTS,NOT ON SCENE (DESK REPORT),INJURY AND / OR TOW DUE TO CRASH,,,,"OVER $1,500",4/6/2022 17:56,UNABLE TO DETERMINE,NOT APPLICABLE,700,W,83RD ST,622,,,,,,,2,"REPORTED, NOT EVIDENT",1,0,0,0,1,1,0,17,4,4,41.74350139,-87.64187955,POINT (-87.641879548276 41.743501393885)
67f7294be31bb7082d847796a7c916f5bcd05bd81202a3a1e4c744f4a0c54d72c9a66d5faea7613dd5d67cdb134c5af2b1fad5e285e0429f45b53de0171e383c,,,4/6/2022 12:15,30,UNKNOWN,UNKNOWN,CLEAR,DAYLIGHT,ANGLE,NOT DIVIDED,,STRAIGHT AND LEVEL,UNKNOWN,UNKNOWN,NOT ON SCENE (DESK REPORT),NO INJURY / DRIVE AWAY,,,,"OVER $1,500",4/6/2022 15:50,UNABLE TO DETERMINE,UNABLE TO DETERMINE,2401,W,LAWRENCE AVE,1911,,,,,,,2,NO INDICATION OF INJURY,0,0,0,0,0,2,0,12,4,4,41.96850483,-87.68896654,POINT (-87.688966537776 41.968504824734)
09f658ae3266d7f1985ed7206d99c6c28e911dd116a8da96d56afa08724d62fba3a11dcf986aa2dc40980bc298f069eb732dba7c2cc71aac99924fbafbc02e06,,,3/29/2022 15:00,30,STOP SIGN/FLASHER,FUNCTIONING PROPERLY,CLEAR,DAYLIGHT,ANGLE,NOT DIVIDED,,STRAIGHT AND LEVEL,DRY,NO DEFECTS,NOT ON SCENE (DESK REPORT),NO INJURY / DRIVE AWAY,,,,"$501 - $1,500",3/31/2022 20:00,FAILING TO YIELD RIGHT-OF-WAY,FAILING TO REDUCE SPEED TO AVOID CRASH,2629,N,LARAMIE AVE,2521,,,,,,,2,NO INDICATION OF INJURY,0,0,0,0,0,3,0,15,3,3,41.92864056,-87.7561656,POINT (-87.756165604092 41.928640558604)
86fc85683ddcc9ea1df6284527133501620072fcb257dbbfa67d1c859b7363cbaf46e9154bec7e5d6a418a5a7bf4cbaed68c78674f9ac093697a7f08a74a5026,,,3/31/2022 19:23,30,NO CONTROLS,NO CONTROLS,RAIN,"DARKNESS, LIGHTED ROAD",PARKED MOTOR VEHICLE,NOT DIVIDED,,STRAIGHT AND LEVEL,WET,NO DEFECTS,ON SCENE,INJURY AND / OR TOW DUE TO CRASH,,,,"OVER $1,500",3/31/2022 19:38,IMPROPER OVERTAKING/PASSING,IMPROPER LANE USAGE,60,E,76TH ST,623,,,,,,,3,NO INDICATION OF INJURY,0,0,0,0,0,2,0,19,5,3,41.75656497,-87.62234734,POINT (-87.622347339905 41.756564968208)
2629b1258df23e7af16b6cd6d5e303e86177d52d6bbb66ee9ab7d3b0fe33caddcbd31c192d39f97ecbeceaac7e357520d9365c6db64e4a09545b6eec2ada94db,,Y,3/31/2022 9:00,30,NO CONTROLS,NO CONTROLS,CLEAR,DAYLIGHT,REAR END,NOT DIVIDED,,STRAIGHT AND LEVEL,WET,NO DEFECTS,NOT ON SCENE (DESK REPORT),NO INJURY / DRIVE AWAY,,,,"$501 - $1,500",3/31/2022 9:30,UNABLE TO DETERMINE,UNABLE TO DETERMINE,853,E,111TH ST,531,,,,,,,2,NO INDICATION OF INJURY,0,0,0,0,0,2,0,9,5,3,41.69276088,-87.60081499,POINT (-87.600814986335 41.692760875781)
e6ae7e4823dcb51067c80b09c4207cabfe4086abd68b25bc2482b9992edf21271f9e6da4b5689f9044cfd142b6315bdfc0efc02fe814d07d33316ea9147a2273,,,3/30/2022 12:54,30,NO CONTROLS,NO CONTROLS,RAIN,DAYLIGHT,REAR END,DIVIDED - W/MEDIAN (NOT RAISED),,STRAIGHT AND LEVEL,WET,NO DEFECTS,ON SCENE,INJURY AND / OR TOW DUE TO CRASH,,,,"OVER $1,500",3/30/2022 13:12,FOLLOWING TOO CLOSELY,WEATHER,8530,S,PULASKI RD,834,,,,,,,4,INCAPACITATING INJURY,1,0,1,0,0,3,0,12,4,3,41.73755744,-87.72167338,POINT (-87.721673381612 41.737557439138)
00e82640580f3663ef59929e466c4623aa9ef77767a9b6f60b75fc7ffa6ec3012f0797bcd2141f5e51d5b33d669895194bcd04aa10eea5cbd56dad8b1a0e0353,JF177255,,3/17/2022 15:52,30,STOP SIGN/FLASHER,FUNCTIONING PROPERLY,CLEAR,DAYLIGHT,SIDESWIPE SAME DIRECTION,ONE-WAY,,STRAIGHT AND LEVEL,DRY,NO DEFECTS,ON SCENE,NO INJURY / DRIVE AWAY,,,Y,$500 OR LESS,3/17/2022 15:52,DRIVING ON WRONG SIDE/WRONG WAY,DRIVING ON WRONG SIDE/WRONG WAY,250,E,ERIE ST,1834,,,,,,,3,NO INDICATION OF INJURY,0,0,0,0,0,3,0,15,5,3,41.89429568,-87.62072132,POINT (-87.620721315953 41.89429567855)
05c0c5c55c487d579e5b33ee6f82c652d65392079c59591ed92dcc41faa5167c0ca29332567799bdd75a8f8f6e947d549c4cd72db9745d6fa9729e42efa1ee69,JF177518,,3/17/2022 18:07,25,NO CONTROLS,NO CONTROLS,CLEAR,DUSK,PARKED MOTOR VEHICLE,ONE-WAY,,STRAIGHT AND LEVEL,DRY,NO DEFECTS,NOT ON SCENE (DESK REPORT),NO INJURY / DRIVE AWAY,,,Y,"OVER $1,500",3/17/2022 18:45,UNABLE TO DETERMINE,NOT APPLICABLE,748,N,LATROBE AVE,1524,,,,,,,2,NO INDICATION OF INJURY,0,0,0,0,0,1,0,18,5,3,41.89442841,-87.75695435,POINT (-87.756954352721 41.894428404552)
0d9992ff606c07365098c79803c8d5f8698e371544fdfb9112b10145b5a919c067522ef5029fddebf3bca8f93cdc489a95dcfaeb9e45d833f00e22dae45e3035,JF176728,,3/17/2022 8:40,25,NO CONTROLS,NO CONTROLS,CLEAR,DAYLIGHT,SIDESWIPE SAME DIRECTION,NOT DIVIDED,,STRAIGHT AND LEVEL,DRY,NO DEFECTS,ON SCENE,NO INJURY / DRIVE AWAY,,,Y,$500 OR LESS,3/17/2022 8:50,UNABLE TO DETERMINE,UNABLE TO DETERMINE,1964,E,92ND ST,413,,,,,,,2,NO INDICATION OF INJURY,0,0,0,0,0,5,0,8,5,3,41.72804808,-87.57555494,POINT (-87.575554938944 41.728048077498)
11a76298533c81d64afe2c8df75f8e0e7468e1ff8e06f51f7934e283dd016af59031b76db9713a8f06d44e91dfc089cf31994ffe3f05b3aa7b58ef083ebd797b,JF177747,,3/18/2022 0:01,30,NO CONTROLS,NO CONTROLS,CLEAR,DARKNESS,PARKED MOTOR VEHICLE,NOT DIVIDED,,STRAIGHT AND LEVEL,DRY,NO DEFECTS,NOT ON SCENE (DESK REPORT),NO INJURY / DRIVE AWAY,,,Y,"OVER $1,500",3/18/2022 1:20,UNABLE TO DETERMINE,NOT APPLICABLE,745,W,43RD ST,925,,,,,,,3,NO INDICATION OF INJURY,0,0,0,0,0,1,0,0,6,3,41.81608357,-87.64507561,POINT (-87.645075607638 41.816083573884)
2bbd2d938dbb9c1c2c6000f60e0408fcd9f316022ba099cb297d2b483ef36cd5c09b36aacbe7d862d353bd336bb003449fef8338c9ef14004dbbf588ff3e33b3,JF176372,,3/16/2022 20:03,30,TRAFFIC SIGNAL,FUNCTIONING PROPERLY,CLEAR,"DARKNESS, LIGHTED ROAD",TURNING,DIVIDED - W/MEDIAN (NOT RAISED),,STRAIGHT AND LEVEL,DRY,NO DEFECTS,NOT ON SCENE (DESK REPORT),NO INJURY / DRIVE AWAY,Y,,Y,"OVER $1,500",3/16/2022 20:45,UNABLE TO DETERMINE,UNABLE TO DETERMINE,4758,W,LAKE ST,1113,,,,,,,2,NO INDICATION OF INJURY,0,0,0,0,0,2,0,20,4,3,41.88671843,-87.74535162,POINT (-87.745351623453 41.886718429607)
150e13606948e5020158a637e02634570cdbd1cc453a007e7ff2e432ad4b350fd396617c1b7fe5f2319daa823e3cdf2e5122b97d621d7b6d22849bcef438cef7,,,3/30/2022 17:50,30,NO CONTROLS,NO CONTROLS,RAIN,DAYLIGHT,PARKED MOTOR VEHICLE,ONE-WAY,,STRAIGHT AND LEVEL,WET,UNKNOWN,ON SCENE,NO INJURY / DRIVE AWAY,,,Y,"OVER $1,500",3/30/2022 17:54,UNABLE TO DETERMINE,UNABLE TO DETERMINE,4857,N,DRAKE AVE,1712,,,,,,,2,NO INDICATION OF INJURY,0,0,0,0,0,1,0,17,4,3,41.97003765,-87.71693013,POINT (-87.716930134446 41.97003765007)
e5bb99817745ad4af4833c4ce14cd93e80a96fe8e443f81565bc138e4dbd521d0d6f85f3032df5051b43860b8540b4f36e172d20ecd59e5ea557772343d6469e,,,3/31/2022 7:56,30,TRAFFIC SIGNAL,FUNCTIONING PROPERLY,RAIN,DAYLIGHT,REAR END,NOT DIVIDED,,STRAIGHT AND LEVEL,WET,UNKNOWN,NOT ON SCENE (DESK REPORT),NO INJURY / DRIVE AWAY,Y,,,"$501 - $1,500",3/31/2022 7:56,DRIVING SKILLS/KNOWLEDGE/EXPERIENCE,NOT APPLICABLE,5500,S,DAMEN AVE,715,,,,,,,2,NO INDICATION OF INJURY,0,0,0,0,0,2,0,7,5,3,41.79347836,-87.67442622,POINT (-87.674426220934 41.7934783622)
9c20f00191436d3fa22fe931d7fd9904fb3ee7e7d22b8a3c55cf3606387ea46b9db75d4e769703724d4d9e5f6e900fb5579f7f4b53b3a2c97982a8a04f71f7a3,,,3/31/2022 9:45,20,NO CONTROLS,NO CONTROLS,RAIN,DAYLIGHT,PARKED MOTOR VEHICLE,NOT DIVIDED,,STRAIGHT AND LEVEL,WET,NO DEFECTS,ON SCENE,NO INJURY / DRIVE AWAY,,,,$500 OR LESS,3/31/2022 10:30,UNABLE TO DETERMINE,UNABLE TO DETERMINE,1550,W,91ST ST,2221,,,,,,,2,NO INDICATION OF INJURY,0,0,0,0,0,1,0,9,5,3,41.72863184,-87.66252337,POINT (-87.662523370638 41.728631843274)
356e1db0491e6a08da28859f865e14a7d902f8a5a1498fc08893b50d9779d5fb2bcfa024fd7549c8252d62ffd092493ffc7e545172bf5399373c26d002d4f7ce,,,4/7/2022 2:37,30,NO CONTROLS,NO CONTROLS,CLEAR,"DARKNESS, LIGHTED ROAD",OTHER OBJECT,DIVIDED - W/MEDIAN (NOT RAISED),,STRAIGHT AND LEVEL,DRY,NO DEFECTS,ON SCENE,INJURY AND / OR TOW DUE TO CRASH,,,,"OVER $1,500",4/7/2022 2:47,UNDER THE INFLUENCE OF ALCOHOL/DRUGS (USE WHEN ARREST IS EFFECTED),PHYSICAL CONDITION OF DRIVER,7599,N,SHERIDAN RD,2422,,,,,,,1,NO INDICATION OF INJURY,0,0,0,0,0,1,0,2,5,4,42.01922122,-87.66587906,POINT (-87.66587905939 42.019221223901)
7936f3a459f52b3facac41d2c0737d409f16fc003923550f1277cc420a26a15ad270453540cd3d9557b4c19bca9e484e791a8520b2a31e70fb62e12d93576e47,,,4/6/2022 4:10,30,TRAFFIC SIGNAL,FUNCTIONING PROPERLY,RAIN,"DARKNESS, LIGHTED ROAD",ANGLE,FOUR WAY,,STRAIGHT AND LEVEL,WET,NO DEFECTS,NOT ON SCENE (DESK REPORT),NO INJURY / DRIVE AWAY,,,Y,"$501 - $1,500",4/6/2022 4:50,FAILING TO YIELD RIGHT-OF-WAY,UNABLE TO DETERMINE,2800,N,OAK PARK AVE,2511,,,,,,,2,NO INDICATION OF INJURY,0,0,0,0,0,2,0,4,4,4,41.93097194,-87.79561442,POINT (-87.795614414553 41.930971938428)
69a609d614477f45966cb04337f115b620e306c5c1c8628f7cbf353fb6a9c3d4fa3daf6cf8a5fdbc924f2175a0bb08784c807523b5376c3bb86356a7f0268f43,,,3/31/2022 15:31,30,STOP SIGN/FLASHER,FUNCTIONING PROPERLY,CLEAR,DAYLIGHT,TURNING,T-INTERSECTION,,STRAIGHT AND LEVEL,DRY,NO DEFECTS,ON SCENE,NO INJURY / DRIVE AWAY,Y,,Y,"OVER $1,500",3/31/2022 15:54,FAILING TO YIELD RIGHT-OF-WAY,NOT APPLICABLE,2717,N,CENTRAL AVE,2514,,,,,,,2,NO INDICATION OF INJURY,0,0,0,0,0,2,0,15,5,3,41.92997031,-87.76605278,POINT (-87.766052783836 41.929970307694)
13afde667f885b10bca184866a723b0c8564c61dd2796b0f61e24388a86859bee323e7208ecb5868e7bd0af926f2407930f70c29334d46a61cf2bb0aea64128c,,,4/6/2022 15:38,40,NO CONTROLS,NO CONTROLS,CLEAR,DAYLIGHT,SIDESWIPE SAME DIRECTION,DIVIDED - W/MEDIAN BARRIER,,STRAIGHT AND LEVEL,DRY,NO DEFECTS,ON SCENE,NO INJURY / DRIVE AWAY,,,Y,"OVER $1,500",4/6/2022 16:15,IMPROPER OVERTAKING/PASSING,UNABLE TO DETERMINE,4646,N,LAKE SHORE DR SB,1914,,,,,,,2,NO INDICATION OF INJURY,0,0,0,0,0,2,0,15,4,4,41.96680299,-87.64773469,POINT (-87.647734686472 41.966802989262)
22f2b47e842bccaf5964447fdded3b74e0a230a6f26c843127f6f9345217e86c68aa2b252d2b35d67826351d9936bc4900a06b736d43e26472014af549a8cc24,,,4/4/2022 23:40,20,UNKNOWN,NO CONTROLS,CLEAR,"DARKNESS, LIGHTED ROAD",PARKED MOTOR VEHICLE,NOT DIVIDED,,STRAIGHT AND LEVEL,DRY,NO DEFECTS,ON SCENE,INJURY AND / OR TOW DUE TO CRASH,,,Y,"OVER $1,500",4/4/2022 23:44,UNABLE TO DETERMINE,UNABLE TO DETERMINE,5701,S,LOWE AVE,711,,,,,,,2,NO INDICATION OF INJURY,0,0,0,0,0,1,0,23,2,4,41.79064234,-87.64126535,POINT (-87.641265349247 41.790642341545)
4de8a413b9f1297c9e947b26931d002f4afd8e186bb6646987c98fae391f3b9c8ece3c73c5e437d753d7f250308974e10efb7f81c2816c945ecdab71c6972c86,,,4/6/2022 9:00,30,RR CROSSING SIGN,FUNCTIONING PROPERLY,UNKNOWN,DAYLIGHT,TURNING,NOT DIVIDED,,STRAIGHT AND LEVEL,DRY,NO DEFECTS,,NO INJURY / DRIVE AWAY,,,N,"OVER $1,500",4/6/2022 9:45,IMPROPER LANE USAGE,NOT APPLICABLE,7900,S,CENTRAL PARK AVE,834,,,,,,,2,NO INDICATION OF INJURY,0,0,0,0,0,3,0,9,4,4,41.74955218,-87.71203736,POINT (-87.712037360606 41.749552179402)
f8a020f45dcc1c8a5b6fe18b55c0a9fa86e4695bc85dfaa2fef4cacebe37731b85b265f4228f408f585352fc4a249cf1bc1250af27417a040521dc6cdd91c97a,,,4/6/2022 6:51,10,NO CONTROLS,NO CONTROLS,RAIN,DAWN,FIXED OBJECT,PARKING LOT,,STRAIGHT AND LEVEL,WET,NO DEFECTS,ON SCENE,NO INJURY / DRIVE AWAY,,Y,,"$501 - $1,500",4/6/2022 7:10,UNABLE TO DETERMINE,NOT APPLICABLE,1156,W,WASHINGTON BLVD,1224,,,,,,,1,NO INDICATION OF INJURY,0,0,0,0,0,1,0,6,4,4,41.88309379,-87.65664773,POINT (-87.656647731958 41.883093787384)
94a8767bcda0a4d3ed9ce4bd811b6952d6cc52ab78c62afa500f12fff1bcc5d92780dd1dcadbe92d2644564c5e2e30d21fb689ee1d3fa260db4cb4639fab688b,,,4/6/2022 17:30,30,STOP SIGN/FLASHER,OTHER,CLEAR,DUSK,TURNING,T-INTERSECTION,,STRAIGHT AND LEVEL,DRY,UNKNOWN,NOT ON SCENE (DESK REPORT),NO INJURY / DRIVE AWAY,Y,,,"$501 - $1,500",4/6/2022 19:10,UNABLE TO DETERMINE,FAILING TO YIELD RIGHT-OF-WAY,3696,N,MILWAUKEE AVE,1731,,,,,,,2,NO INDICATION OF INJURY,0,0,0,0,0,2,0,17,4,4,41.94786241,-87.73847143,POINT (-87.738471427817 41.947862405249)
0b78e88beafd5ee40a9906d9ddebf20d2bf8dcefe9c023f6603689b915222a267ceda24e2f2643fda3e34b74d51f2bcf3abd787e538d7a507351b301c2beb56d,JF177517,,3/17/2022 17:40,30,NO CONTROLS,NO CONTROLS,CLEAR,DAYLIGHT,TURNING,DIVIDED - W/MEDIAN (NOT RAISED),,STRAIGHT AND LEVEL,DRY,NO DEFECTS,ON SCENE,NO INJURY / DRIVE AWAY,,,,"OVER $1,500",3/17/2022 18:45,IMPROPER TURNING/NO SIGNAL,NOT APPLICABLE,5950,S,ARCHER AVE,811,,,,,,,2,NO INDICATION OF INJURY,0,0,0,0,0,2,0,17,5,3,41.79546502,-87.76472625,POINT (-87.76472624941 41.795465021342)
f711b20c59df96e5af4cd48e6132d79068644aef67865bf4eada934ee22ecd1e44715c5fd48fa8a3c70a35dbbbf9ce273b8b98a5781b99f547b54ec3b8a6de5d,,,4/4/2022 20:30,25,TRAFFIC SIGNAL,FUNCTIONING PROPERLY,CLEAR,"DARKNESS, LIGHTED ROAD",TURNING,FOUR WAY,,STRAIGHT AND LEVEL,DRY,NO DEFECTS,NOT ON SCENE (DESK REPORT),NO INJURY / DRIVE AWAY,Y,,Y,"OVER $1,500",4/6/2022 15:00,UNABLE TO DETERMINE,NOT APPLICABLE,314,S,WACKER DR,122,,,,,,,2,NO INDICATION OF INJURY,0,0,0,0,0,2,0,20,2,4,41.87767946,-87.63701605,POINT (-87.637016046534 41.877679464)
5f9eebd3597e9dbe712e0a56f48167bd0f3b14568e5b00e344d4bf492090cfbad2c6cf39861a4c1c758b7a3c23b12ef7924f52999381523fc1b1942071b84552,,,4/5/2022 13:30,30,TRAFFIC SIGNAL,FUNCTIONING PROPERLY,CLEAR,DAYLIGHT,TURNING,FOUR WAY,,STRAIGHT AND LEVEL,DRY,NO DEFECTS,ON SCENE,INJURY AND / OR TOW DUE TO CRASH,Y,,,"OVER $1,500",4/5/2022 13:45,FAILING TO YIELD RIGHT-OF-WAY,DISREGARDING TRAFFIC SIGNALS,6432,W,FOSTER AVE,1613,,,,,,,2,NONINCAPACITATING INJURY,1,0,0,1,0,1,0,13,3,4,41.97575181,-87.78914637,POINT (-87.789146373147 41.975751806906)
b604f2bf98a13a2b02c0c115c60908f00fd5baa3c06a3e11f20497922a5e92d4bbd9ef82c35d20ce296f4f66b26bc550702b329a06d6f5a0fef9260e7a8e0db5,,,4/6/2022 6:45,20,NO CONTROLS,NO CONTROLS,RAIN,DAYLIGHT,PARKED MOTOR VEHICLE,NOT DIVIDED,,STRAIGHT AND LEVEL,WET,NO DEFECTS,ON SCENE,NO INJURY / DRIVE AWAY,N,,,"$501 - $1,500",4/6/2022 6:58,IMPROPER BACKING,WEATHER,6330,S,ST LOUIS AVE,823,,,,,,,2,NO INDICATION OF INJURY,0,0,0,0,0,1,0,6,4,4,41.77797317,-87.71053341,POINT (-87.710533408927 41.777973167624)