CRASH_RECORD_ID,RD_NO,CRASH_DATE_EST_I,CRASH_DATE,POSTED_SPEED_LIMIT,TRAFFIC_CONTROL_DEVICE,DEVICE_CONDITION,WEATHER_CONDITION,LIGHTING_CONDITION,FIRST_CRASH_TYPE,TRAFFICWAY_TYPE,LANE_CNT,ALIGNMENT,ROADWAY_SURFACE_COND,ROAD_DEFECT,REPORT_TYPE,CRASH_TYPE,INTERSECTION_RELATED_I,NOT_RIGHT_OF_WAY_I,HIT_AND_RUN_I,DAMAGE,DATE_POLICE_NOTIFIED,PRIM_CONTRIBUTORY_CAUSE,SEC_CONTRIBUTORY_CAUSE,STREET_NO,STREET_DIRECTION,STREET_NAME,BEAT_OF_OCCURRENCE,PHOTOS_TAKEN_I,STATEMENTS_TAKEN_I,DOORING_I,WORK_ZONE_I,WORK_ZONE_TYPE,WORKERS_PRESENT_I,NUM_UNITS,MOST_SEVERE_INJURY,INJURIES_TOTAL,INJURIES_FATAL,INJURIES_INCAPACITATING,INJURIES_NON_INCAPACITATING,INJURIES_REPORTED_NOT_EVIDENT,INJURIES_NO_INDICATION,INJURIES_UNKNOWN,CRASH_HOUR,CRASH_DAY_OF_WEEK,CRASH_MONTH,LATITUDE,LONGITUDE,LOCATION
afb091b30d0e0c096cef62953789b7cd6822d23b610ac63d550afdb306c64d9dc4ecc05ce283ef8c9f4503606a6326adcd5e417b13ed7bda9fe5588248e17ae8,JF175540,,3/16/2022 8:50,30,NO CONTROLS,NO CONTROLS,CLEAR,DAYLIGHT,SIDESWIPE SAME DIRECTION,DIVIDED - W/MEDIAN (NOT RAISED),,STRAIGHT AND LEVEL,DRY,UNKNOWN,ON SCENE,NO INJURY / DRIVE AWAY,,,Y,$500 OR LESS,3/16/2022 8:56,FAILING TO YIELD RIGHT-OF-WAY,DRIVING SKILLS/KNOWLEDGE/EXPERIENCE,2340,N,CENTRAL PARK AVE,2525,,,,,,,2,NO INDICATION OF INJURY,0,0,0,0,0,2,0,8,4,3,41.92402717,-87.71712361,POINT (-87.717123609793 41.924027168864)
4b66e0da1b68daaf9db683e587c9426ee84ee14c1a7a936d6f25615023592f7cb0010db35f5e88904eede4cd59e57421172dd78b52ee74f569ea666252c7b713,,,4/6/2022 17:15,10,NO CONTROLS,NO CONTROLS,CLEAR,DAYLIGHT,PARKED MOTOR VEHICLE,PARKING LOT,,STRAIGHT AND LEVEL,DRY,UNKNOWN,NOT ON SCENE (DESK REPORT),NO INJURY / DRIVE AWAY,,Y,,"OVER $1,500",4/6/2022 18:25,UNABLE TO DETERMINE,UNABLE TO DETERMINE,4437,S,CICERO AVE,815,,,,,,,2,NO INDICATION OF INJURY,0,0,0,0,0,1,0,17,4,4,41.8119896,-87.74312825,POINT (-87.743128248354 41.811989599987)
cfb1cb3a61f1f52e9a4a33de42b03848f59dca1c86f1e90955d270d001245714446b8df7cae25a58948e4abdb320c89ec674e5d513a18bedac15bb87b5c317c8,,N,4/6/2022 15:00,30,NO CONTROLS,NO CONTROLS,CLEAR,DAYLIGHT,PARKED MOTOR VEHICLE,DIVIDED - W/MEDIAN (NOT RAISED),,STRAIGHT AND LEVEL,DRY,NO DEFECTS,NOT ON SCENE (DESK REPORT),NO INJURY / DRIVE AWAY,,,Y,"OVER $1,500",4/6/2022 16:30,UNABLE TO DETERMINE,UNABLE TO DETERMINE,11850,S,GREEN ST,524,,,,,,,2,NO INDICATION OF INJURY,0,0,0,0,0,1,0,15,4,4,41.67862962,-87.64247012,POINT (-87.64247012056 41.678629616205)
70e1b1b1369537181f93ceb167414f4c1a52752442c27a6a8355dceeffedc5df76b003fde0abd90e20fd537b08b514bb2305114fc0bbb5f19b8931f8373c3a0b,JF177357,,3/17/2022 16:30,30,TRAFFIC SIGNAL,FUNCTIONING PROPERLY,CLEAR,DAYLIGHT,REAR END,NOT DIVIDED,,STRAIGHT AND LEVEL,DRY,NO DEFECTS,NOT ON SCENE (DESK REPORT),NO INJURY / DRIVE AWAY,,,,"OVER $1,500",3/17/2022 16:58,FAILING TO REDUCE SPEED TO AVOID CRASH,DRIVING SKILLS/KNOWLEDGE/EXPERIENCE,5500,S,KILBOURN AVE,813,,,,,,,3,NO INDICATION OF INJURY,0,0,0,0,0,3,0,16,5,3,41.79300357,-87.73555861,POINT (-87.735558606914 41.793003567859)
373e5cb5b46957bf3aa921cd1fd600e2a793f6cc5e8b4dc85756b36321ba794d7cdbf32e927036277eba10bb36868bfd8247a91094e5100277f825087b6f16c1,JF176733,,1/31/2022 8:20,40,NO CONTROLS,NO CONTROLS,CLEAR,DAYLIGHT,REAR END,DIVIDED - W/MEDIAN (NOT RAISED),,STRAIGHT AND LEVEL,DRY,NO DEFECTS,NOT ON SCENE (DESK REPORT),NO INJURY / DRIVE AWAY,,,,"OVER $1,500",3/17/2022 9:00,NOT APPLICABLE,UNABLE TO DETERMINE,2400,N,LAKE SHORE DR SB,1935,,,,,,,2,NO INDICATION OF INJURY,0,0,0,0,0,2,0,8,2,1,41.92616072,-87.63151467,POINT (-87.631514664826 41.926160719812)
7b064a368edf62590d7299692621696101959d374c0a1556d2d3f06a5c4a66f393db0c99dfe601151342fbeed9b0898e049498db87473a49f1169031100d6ef8,JF177573,,3/17/2022 19:40,35,NO CONTROLS,NO CONTROLS,CLEAR,"DARKNESS, LIGHTED ROAD",REAR END,NOT DIVIDED,,STRAIGHT AND LEVEL,DRY,NO DEFECTS,NOT ON SCENE (DESK REPORT),NO INJURY / DRIVE AWAY,,,,"OVER $1,500",3/17/2022 19:55,NOT APPLICABLE,NOT APPLICABLE,6200,S,PULASKI RD,813,,,,,,,2,NO INDICATION OF INJURY,0,0,0,0,0,2,0,19,5,3,41.7804238,-87.72295662,POINT (-87.722956624315 41.780423794511)
39b7b8045a22ad3f915712cde050215e3df9900b4de29fbe44bc84864d156ba932e1eaf1f757667e5baaa3b5787cb0dc748b1ace512ef54a3574a1ed8e04dec2,JF177443,,3/13/2022 14:30,35,TRAFFIC SIGNAL,FUNCTIONING PROPERLY,CLEAR,DAYLIGHT,ANGLE,NOT DIVIDED,,STRAIGHT AND LEVEL,DRY,NO DEFECTS,NOT ON SCENE (DESK REPORT),NO INJURY / DRIVE AWAY,Y,,Y,"OVER $1,500",3/17/2022 18:00,FAILING TO YIELD RIGHT-OF-WAY,NOT APPLICABLE,11100,S,LONGWOOD DR,2212,,,,,,,2,NO INDICATION OF INJURY,0,0,0,0,0,2,0,14,1,3,41.69193661,-87.67204745,POINT (-87.672047447541 41.691936608788)
1ecd3e07906577f4b99cca70fc2360cd28ebe0e67d90a87a1c4bc578b03a6111f3990585250cae29c879c9e518faae1be30ec01d4ba0838a6164d6488e31d0e4,JF173614,,3/14/2022 14:05,30,NO CONTROLS,FUNCTIONING PROPERLY,CLEAR,DAYLIGHT,OTHER OBJECT,NOT DIVIDED,,STRAIGHT AND LEVEL,DRY,NO DEFECTS,ON SCENE,INJURY AND / OR TOW DUE TO CRASH,,,,"OVER $1,500",3/14/2022 14:08,PHYSICAL CONDITION OF DRIVER,NOT APPLICABLE,6522,S,COTTAGE GROVE AVE,321,,,,,,,1,NONINCAPACITATING INJURY,1,0,0,1,0,0,0,14,2,3,41.77606468,-87.60597937,POINT (-87.605979372651 41.776064678568)
800243e3127fe24a0162bf9452d6d6392e1adb9d35977086dfc9258c649ae1ae980542d015767ea08b435ad6d8276eb001597ae74dba62b265224af8faf1c1bd,JF177368,,3/17/2022 16:25,30,STOP SIGN/FLASHER,FUNCTIONING PROPERLY,CLEAR,DAYLIGHT,TURNING,NOT DIVIDED,,STRAIGHT AND LEVEL,DRY,NO DEFECTS,NOT ON SCENE (DESK REPORT),NO INJURY / DRIVE AWAY,,,,"$501 - $1,500",3/17/2022 17:07,NOT APPLICABLE,NOT APPLICABLE,5100,S,ALBANY AVE,923,,,,,,,2,NO INDICATION OF INJURY,0,0,0,0,0,2,0,16,5,3,41.80076988,-87.70146979,POINT (-87.701469789715 41.800769881167)
c114a639c6c320f0464a08c200b21eaf2b7782e29afb2f16a2ac69f6b689284948e2d85a7e319a86e7172304f86816c944ca7e73bbbec68e0bf1c3840312f72b,JF177435,,3/17/2022 17:20,30,NO CONTROLS,NO CONTROLS,CLEAR,DAYLIGHT,REAR END,NOT DIVIDED,,STRAIGHT AND LEVEL,DRY,NO DEFECTS,ON SCENE,INJURY AND / OR TOW DUE TO CRASH,,,,"OVER $1,500",3/17/2022 17:35,FOLLOWING TOO CLOSELY,NOT APPLICABLE,2723,W,FULLERTON AVE,1431,,,,,,,4,"REPORTED, NOT EVIDENT",1,0,0,0,1,7,0,17,5,3,41.92471281,-87.69589613,POINT (-87.69589612978 41.924712810763)
6ab186f7951d48ce24173844f0987f8dd59aca95a4a0a47c83e5c7a989b52b6d1aab9581221c90570dc79131402ead400b832654d2b148c30ddf292996ffeb34,,,4/4/2022 7:00,30,UNKNOWN,UNKNOWN,UNKNOWN,UNKNOWN,PARKED MOTOR VEHICLE,ONE-WAY,,STRAIGHT AND LEVEL,UNKNOWN,UNKNOWN,NOT ON SCENE (DESK REPORT),NO INJURY / DRIVE AWAY,,,Y,"OVER $1,500",4/6/2022 11:30,UNABLE TO DETERMINE,UNABLE TO DETERMINE,1912,N,WASHTENAW AVE,1421,,,,,,,2,NO INDICATION OF INJURY,0,0,0,0,0,1,0,7,2,4,41.91608566,-87.69486143,POINT (-87.694861427651 41.916085661267)
ad81f54cb6c62faf8d9acb4908457099d0775bdd0468946812ffcc0d9384a9566d4d33c18ce0208cf420f29245b19f4aac008b6f884dfcb385124d0f133b7fcf,JF176869,Y,3/16/2022 15:00,30,TRAFFIC SIGNAL,FUNCTIONING PROPERLY,CLEAR,DAYLIGHT,REAR END,DIVIDED - W/MEDIAN (NOT RAISED),,STRAIGHT AND LEVEL,DRY,NO DEFECTS,NOT ON SCENE (DESK REPORT),NO INJURY / DRIVE AWAY,,,,"$501 - $1,500",3/17/2022 10:55,FAILING TO REDUCE SPEED TO AVOID CRASH,UNABLE TO DETERMINE,959,N,KEDZIE AVE,1211,,,,,,,2,NO INDICATION OF INJURY,0,0,0,0,0,2,0,15,4,3,41.89915405,-87.70652603,POINT (-87.706526027499 41.899154052118)
ee6e5d059cac6365d207fa8e9802527948471aeb8136ff6e90916263a01007f05b169f660492a27c9f40a54083c498cbdc820b584d22ed222620a96dce466601,,Y,3/31/2022 9:00,30,NO CONTROLS,NO CONTROLS,UNKNOWN,DAYLIGHT,PARKED MOTOR VEHICLE,PARKING LOT,,STRAIGHT AND LEVEL,DRY,NO DEFECTS,NOT ON SCENE (DESK REPORT),NO INJURY / DRIVE AWAY,,,,"$501 - $1,500",4/6/2022 10:05,IMPROPER LANE USAGE,NOT APPLICABLE,3660,N,LAKE SHORE DR,1925,,,,,,,2,NO INDICATION OF INJURY,0,0,0,0,0,1,0,9,5,3,41.95017257,-87.64454816,POINT (-87.644548158155 41.950172564626)
cd5ed5a3a465c9d92095df0555fa26e22dadea41cdcf295550e30e604cbc2cc3a9d569790950d675357cc0ce38af29f2d0d2753fd81c554a443c68a7daf46fd1,,,4/6/2022 15:15,30,NO CONTROLS,NO CONTROLS,CLEAR,DAYLIGHT,REAR END,NOT DIVIDED,,STRAIGHT AND LEVEL,DRY,NO DEFECTS,ON SCENE,NO INJURY / DRIVE AWAY,Y,,,"OVER $1,500",4/6/2022 15:38,UNABLE TO DETERMINE,NOT APPLICABLE,7000,S,WENTWORTH AVE,731,,,,,,,2,NO INDICATION OF INJURY,0,0,0,0,0,2,0,15,4,4,41.76716051,-87.62996368,POINT (-87.629963681097 41.767160506075)
b0388a257c7bc009b31b167815020291f1263b5cd21052630195963c4766daff9804fca7385f96ce784c8d5066e29ad7d4860915d09c101363486bc377b53108,,,4/6/2022 13:26,30,NO CONTROLS,NO CONTROLS,CLEAR,DAYLIGHT,ANGLE,DIVIDED - W/MEDIAN (NOT RAISED),,STRAIGHT AND LEVEL,DRY,NO DEFECTS,ON SCENE,INJURY AND / OR TOW DUE TO CRASH,,,,"OVER $1,500",4/6/2022 13:26,UNABLE TO DETERMINE,UNABLE TO DETERMINE,2541,W,CERMAK RD,1034,,,,,,,2,NO INDICATION OF INJURY,0,0,0,0,0,3,0,13,4,4,41.8518739,-87.68966145,POINT (-87.689661451393 41.851873898614)
e00f2c9472fe85d3c786626c2bb0709009fd75919388d8724e47ea8861b43c4735b845facfa4b4cfb453210133a060319787d0fbda99f6f60ddbcfdf6b87ea0b,,,4/4/2022 8:40,30,TRAFFIC SIGNAL,FUNCTIONING PROPERLY,CLEAR,DAYLIGHT,REAR END,NOT DIVIDED,,STRAIGHT AND LEVEL,DRY,NO DEFECTS,NOT ON SCENE (DESK REPORT),NO INJURY / DRIVE AWAY,,,Y,"$501 - $1,500",4/6/2022 14:30,FOLLOWING TOO CLOSELY,FOLLOWING TOO CLOSELY,2758,W,35TH ST,911,,,,,,,2,NO INDICATION OF INJURY,0,0,0,0,0,2,0,8,2,4,41.83019199,-87.69468468,POINT (-87.694684677637 41.830191992449)
b1d9c49a0a237efc0f5e67dc34ba0d74fbc2aaf40f9bf175fffc068fec131f03f4af677ec35e2593e955f5ce1fee038ce421a8bbcb32db1d9b73ce649105a176,,,4/6/2022 12:30,10,NO CONTROLS,NO CONTROLS,CLEAR,DAYLIGHT,SIDESWIPE OPPOSITE DIRECTION,PARKING LOT,,STRAIGHT AND LEVEL,DRY,NO DEFECTS,NOT ON SCENE (DESK REPORT),NO INJURY / DRIVE AWAY,,,,"OVER $1,500",4/6/2022 13:00,IMPROPER BACKING,NOT APPLICABLE,10900,S,DOTY AVE E,513,,,,,,,2,NO INDICATION OF INJURY,0,0,0,0,0,2,0,12,4,4,41.69623253,-87.5958062,POINT (-87.59580619714 41.696232527674)
8dd17fecb3e6cbe0e6a14b9cd53d724cb7c2e9937f1fa705c5f4ee7182b116da26118ad1094c6a5787c447f3363e8209d1a551c9704126d3b34bfea607e318f9,,,4/6/2022 15:00,30,NO CONTROLS,NO CONTROLS,UNKNOWN,DAYLIGHT,PARKED MOTOR VEHICLE,NOT DIVIDED,,STRAIGHT AND LEVEL,WET,UNKNOWN,NOT ON SCENE (DESK REPORT),NO INJURY / DRIVE AWAY,,,Y,"$501 - $1,500",4/6/2022 16:20,UNABLE TO DETERMINE,UNABLE TO DETERMINE,10425,S,SANGAMON ST,2232,,,,,,,2,NO INDICATION OF INJURY,0,0,0,0,0,1,0,15,4,4,41.70427199,-87.64625345,POINT (-87.646253454356 41.704271993701)
9ecbf3b5fdc9a9dd983bf024c53277f75d62750bd3c80c0faeac932e708f31b635f37261fbe3f9679e5d6059bf92037a6ca5042d933f8674c694a0d5e3dddbf0,,,4/6/2022 9:50,30,NO CONTROLS,NO CONTROLS,RAIN,DAYLIGHT,TURNING,NOT DIVIDED,,STRAIGHT AND LEVEL,WET,NO DEFECTS,ON SCENE,INJURY AND / OR TOW DUE TO CRASH,Y,,,"OVER $1,500",4/6/2022 9:53,FAILING TO YIELD RIGHT-OF-WAY,IMPROPER TURNING/NO SIGNAL,11100,S,EDBROOKE AVE,531,,,,,,,2,NONINCAPACITATING INJURY,1,0,0,1,0,1,0,9,4,4,41.69253614,-87.61978104,POINT (-87.619781043535 41.692536142268)
180377aaf062f976e45716fc6c0071d5abb9d3772f1c0da3a885b97a9a7dc0b853195aace11e9eb28bc9f30abb293d10e33aeb403a3cb818deb90bf0659073b7,JF177658,,3/17/2022 16:50,30,TRAFFIC SIGNAL,FUNCTIONING PROPERLY,CLEAR,DAYLIGHT,SIDESWIPE SAME DIRECTION,ONE-WAY,,STRAIGHT AND LEVEL,DRY,UNKNOWN,NOT ON SCENE (DESK REPORT),NO INJURY / DRIVE AWAY,,,Y,"OVER $1,500",3/17/2022 22:00,UNABLE TO DETERMINE,UNABLE TO DETERMINE,4254,S,WENTWORTH AVE,925,,,,,,,2,NO INDICATION OF INJURY,0,0,0,0,0,4,0,16,5,3,41.81662038,-87.63134065,POINT (-87.631340647654 41.816620381658)
4a2ef08fef04f40d53133cba325926d2be4d1005228fc743bb85b5aa70f0f5d459b3b93d92660da17a108b89fcc671614b25045eeb014d2edacd1d91b4e7fe8d,JF174509,,3/5/2022 19:59,10,NO CONTROLS,NO CONTROLS,UNKNOWN,UNKNOWN,OTHER OBJECT,OTHER,,STRAIGHT AND LEVEL,UNKNOWN,NO DEFECTS,NOT ON SCENE (DESK REPORT),NO INJURY / DRIVE AWAY,,Y,N,"$501 - $1,500",3/15/2022 10:40,UNABLE TO DETERMINE,NOT APPLICABLE,1221,S,WABASH AVE,131,,,,,,,1,NO INDICATION OF INJURY,0,0,0,0,0,1,0,19,7,3,41.86683145,-87.62566961,POINT (-87.625669608957 41.866831454439)
381f9bff1540dd5cd27a823ef6ef6d039100d070f87cc05a9aba40ab9c73d61f95e066d2e2250a09f6a5a62efc02cefd0727be1dd972a3021c85c17280ea7fb0,JF177305,,3/17/2022 11:35,30,TRAFFIC SIGNAL,FUNCTIONING PROPERLY,CLEAR,DAYLIGHT,REAR END,DIVIDED - W/MEDIAN (NOT RAISED),,STRAIGHT AND LEVEL,DRY,NO DEFECTS,NOT ON SCENE (DESK REPORT),NO INJURY / DRIVE AWAY,,,Y,"OVER $1,500",3/17/2022 16:30,NOT APPLICABLE,NOT APPLICABLE,1600,W,71ST ST,735,,,,,,,2,NO INDICATION OF INJURY,0,0,0,0,0,2,0,11,5,3,41.76501831,-87.66385923,POINT (-87.663859230126 41.765018305558)
58e49e03e5e15ae037123f9bf698c54429e66aeffa27e9839a62684ef12d329c3065f6de1fdbba8efbfa53b6ab2aba222d22dd2b75981fa04270e0780dafc052,JF176554,,3/17/2022 2:33,30,TRAFFIC SIGNAL,NO CONTROLS,CLEAR,"DARKNESS, LIGHTED ROAD",ANGLE,FOUR WAY,,STRAIGHT AND LEVEL,DRY,NO DEFECTS,ON SCENE,INJURY AND / OR TOW DUE TO CRASH,Y,,,"OVER $1,500",3/17/2022 2:33,UNABLE TO DETERMINE,NOT APPLICABLE,2400,E,76TH ST,421,,,,,,,2,NO INDICATION OF INJURY,0,0,0,0,0,2,0,2,5,3,41.75726982,-87.56628234,POINT (-87.56628233482 41.757269814932)
e2cc42ba6c4c0d8764b5c8983920cd111d12a15580cdb69749d3cef04b7f62ecf5cf931a3b8a8623a42c39925a588c892a105bb00d80f58abf20c2bedfec7441,,,4/6/2022 7:45,30,UNKNOWN,UNKNOWN,UNKNOWN,UNKNOWN,REAR END,NOT DIVIDED,,STRAIGHT AND LEVEL,UNKNOWN,UNKNOWN,NOT ON SCENE (DESK REPORT),NO INJURY / DRIVE AWAY,,,N,"OVER $1,500",4/6/2022 8:05,UNABLE TO DETERMINE,UNABLE TO DETERMINE,1801,N,HUMBOLDT BLVD,1421,,,,,,,2,NO INDICATION OF INJURY,0,0,0,0,0,2,0,7,4,4,41.91393071,-87.70183382,POINT (-87.701833821319 41.913930705815)
8efa74f722636b2813770888fc7ba02077844d938395113bdee1a467f609480171589789e7e4eaf134036e0eed4f1fc655259265330992b6bd35717fbf346313,,,4/6/2022 9:40,30,NO CONTROLS,NO CONTROLS,RAIN,DAYLIGHT,SIDESWIPE SAME DIRECTION,ONE-WAY,,STRAIGHT AND LEVEL,WET,NO DEFECTS,NOT ON SCENE (DESK REPORT),NO INJURY / DRIVE AWAY,Y,,,"OVER $1,500",4/6/2022 10:00,IMPROPER LANE USAGE,NOT APPLICABLE,300,N,CANAL ST,1214,,,,,,,2,NO INDICATION OF INJURY,0,0,0,0,0,2,0,9,4,4,41.88684102,-87.64004348,POINT (-87.640043477341 41.886841014717)
3332913abe24493ea00907fafe011304df6562f2fa6f08cd4e0901d8727aa78ea033428f6b5294abf2c96c8ea92be5527a853a91256a9bb6eb12dc13799578f2,,,4/6/2022 10:15,30,TRAFFIC SIGNAL,NO CONTROLS,CLEAR,DAYLIGHT,REAR END,NOT DIVIDED,,STRAIGHT AND LEVEL,DRY,NO DEFECTS,NOT ON SCENE (DESK REPORT),NO INJURY / DRIVE AWAY,,,,"OVER $1,500",4/6/2022 10:45,NOT APPLICABLE,NOT APPLICABLE,8700,S,RACINE AVE,2222,,,,,,,2,NO INDICATION OF INJURY,0,0,0,0,0,2,0,10,4,4,41.73584164,-87.65348395,POINT (-87.653483949803 41.735841643319)
12da289be286d1875a7dc52762a216f399c73edc42f622524cba7d2b5215a7a2acc524c1e3d1a6f89211036d7e1d7b3e1c8f1f581374b30946c37a9067917a51,,,4/6/2022 8:00,30,STOP SIGN/FLASHER,FUNCTIONING PROPERLY,RAIN,DAYLIGHT,ANGLE,DIVIDED - W/MEDIAN (NOT RAISED),,STRAIGHT AND LEVEL,WET,NO DEFECTS,ON SCENE,INJURY AND / OR TOW DUE TO CRASH,Y,,,"OVER $1,500",4/6/2022 8:05,DISREGARDING STOP SIGN,NOT APPLICABLE,1500,E,MARQUETTE RD,321,,,,,,,2,"REPORTED, NOT EVIDENT",2,0,0,0,2,4,0,8,4,4,41.7752632,-87.58871544,POINT (-87.588715436679 41.775263198805)
bd45eacb0cba29078590cc8ba8a55074d49b7977766bc144e5174dceac8340d8d0474bd8d4083ea2d938be998a90f1efdb2d4a2e6875514edc76465acdcb1614,,,4/6/2022 8:55,30,TRAFFIC SIGNAL,FUNCTIONING PROPERLY,CLEAR,DAYLIGHT,REAR END,DIVIDED - W/MEDIAN (NOT RAISED),,STRAIGHT AND LEVEL,DRY,NO DEFECTS,NOT ON SCENE (DESK REPORT),NO INJURY / DRIVE AWAY,,,N,"OVER $1,500",4/6/2022 9:10,FOLLOWING TOO CLOSELY,NOT APPLICABLE,7301,S,CICERO AVE,833,,,,,,,2,NO INDICATION OF INJURY,0,0,0,0,0,2,0,8,4,4,41.76038824,-87.74162717,POINT (-87.741627168712 41.76038823931)
215e1758f424f264345a02ed47354525833adadef9651bf49a4df6cce5010a7bd686dca7e6b3f0bf4a18ee131c717a15dbb42276294efcd3099ee65e4921b8f9,,,4/6/2022 17:41,30,UNKNOWN,UNKNOWN,CLOUDY/OVERCAST,DAYLIGHT,REAR END,ONE-WAY,,STRAIGHT AND LEVEL,DRY,UNKNOWN,NOT ON SCENE (DESK REPORT),NO INJURY / DRIVE AWAY,,,,"$501 - $1,500",4/6/2022 18:30,UNABLE TO DETERMINE,UNABLE TO DETERMINE,7502,S,LAFAYETTE AVE,623,,,,,,,2,NO INDICATION OF INJURY,0,0,0,0,0,3,0,17,4,4,41.75801269,-87.62651543,POINT (-87.626515428249 41.758012684753)
be95695c3a20d1f819ab6ce5c011b5ad50878779f24f52ee413172dda9ea590a9a8a3f428475a9363957619c48edf5f00c36c9e1195c70b87ea3820622d3e45a,,,4/6/2022 7:55,30,NO CONTROLS,NO CONTROLS,RAIN,DAYLIGHT,REAR END,NOT DIVIDED,,STRAIGHT AND LEVEL,WET,NO DEFECTS,NOT ON SCENE (DESK REPORT),INJURY AND / OR TOW DUE TO CRASH,,,Y,"OVER $1,500",4/6/2022 9:47,FAILING TO YIELD RIGHT-OF-WAY,NOT APPLICABLE,932,W,CHICAGO AVE,1213,,,,,,,2,NO INDICATION OF INJURY,0,0,0,0,0,2,0,7,4,4,41.8964456,-87.65116234,POINT (-87.651162336557 41.896445601593)
2209c492f9a0a43c0f280a41b9ebf8520907190e07e643f133a073a833fa489e6acc91a7b0ed431e259f4160f9c5dc2258a0ca18867eaeb826e8f2f828ad727e,JF175754,N,3/16/2022 10:50,20,NO CONTROLS,NO CONTROLS,CLEAR,DAYLIGHT,PARKED MOTOR VEHICLE,ONE-WAY,,STRAIGHT AND LEVEL,DRY,NO DEFECTS,ON SCENE,NO INJURY / DRIVE AWAY,,,Y,"OVER $1,500",3/16/2022 11:28,IMPROPER BACKING,DRIVING SKILLS/KNOWLEDGE/EXPERIENCE,526,W,HAWTHORNE PL,1925,,,,,,,2,NO INDICATION OF INJURY,0,0,0,0,0,1,0,10,4,3,41.94473254,-87.64247672,POINT (-87.642476718515 41.944732536818)
e783fe2aee818d461414ccba5970458aec69f735f73c5734eb19c88e8ca2208500262e4a8615e4b6d616681653e8c94df0024eecb45c73e77edbee24a8362df4,,,4/6/2022 9:15,30,NO CONTROLS,NO CONTROLS,RAIN,DAYLIGHT,REAR END,NOT DIVIDED,,STRAIGHT AND LEVEL,WET,NO DEFECTS,NOT ON SCENE (DESK REPORT),NO INJURY / DRIVE AWAY,,,,"OVER $1,500",4/6/2022 9:39,FOLLOWING TOO CLOSELY,UNABLE TO DETERMINE,2932,W,59TH ST,824,,,,,,,2,NO INDICATION OF INJURY,0,0,0,0,0,2,0,9,4,4,41.78645606,-87.69731796,POINT (-87.697317957166 41.78645605761)
6d800b0d2459be27bec32b2eb74e0cc6c9b8f6d751804b9ff4c160bfb2546c23127603a8ac91842dcbc726e14ba9a9570fd92432a2c5ef3bab6234f208ab05a5,,,4/6/2022 13:45,30,TRAFFIC SIGNAL,FUNCTIONING PROPERLY,CLOUDY/OVERCAST,DAYLIGHT,FIXED OBJECT,NOT DIVIDED,,STRAIGHT AND LEVEL,OTHER,"RUT, HOLES",NOT ON SCENE (DESK REPORT),NO INJURY / DRIVE AWAY,,,,$500 OR LESS,4/6/2022 15:20,ROAD CONSTRUCTION/MAINTENANCE,UNABLE TO DETERMINE,835,N,MICHIGAN AVE,1833,,,,,,,1,NO INDICATION OF INJURY,0,0,0,0,0,2,0,13,4,4,41.89774086,-87.62396132,POINT (-87.623961315982 41.897740856253)
cfe41feb07c5c921b7cf07412b045c3da434e650636a51ce3d1bc1d38a65e61a168e7667fa511e3faedb2459a789eff8f4e2bc8cd763d644975efb7408513501,JF175336,Y,3/15/2022 11:40,30,NO CONTROLS,NO CONTROLS,CLEAR,"DARKNESS, LIGHTED ROAD",PARKED MOTOR VEHICLE,ONE-WAY,,STRAIGHT AND LEVEL,DRY,NO DEFECTS,ON SCENE,NO INJURY / DRIVE AWAY,,,Y,"OVER $1,500",3/16/2022 0:23,NOT APPLICABLE,NOT APPLICABLE,1725,S,RUBLE ST,1235,,,,,,,2,NO INDICATION OF INJURY,0,0,0,0,0,1,0,11,3,3,41.85839723,-87.64366468,POINT (-87.643664675796 41.858397232376)
1a603c21b8449c553b333110a07a796199a013eec4403d90706dfd7d38f31f3a6cb1172f2381b974e9f5ca80866423a6aa9c99e60f1d9852802897e25b00f1bb,JF177138,,3/17/2022 13:00,30,NO CONTROLS,NO CONTROLS,CLEAR,DAYLIGHT,PARKED MOTOR VEHICLE,DIVIDED - W/MEDIAN (NOT RAISED),,STRAIGHT AND LEVEL,UNKNOWN,UNKNOWN,NOT ON SCENE (DESK REPORT),NO INJURY / DRIVE AWAY,,,,$500 OR LESS,3/17/2022 14:06,IMPROPER OVERTAKING/PASSING,DRIVING SKILLS/KNOWLEDGE/EXPERIENCE,4305,N,ASHLAND AVE,1912,,,,,,,2,NO INDICATION OF INJURY,0,0,0,0,0,1,0,13,5,3,41.95997518,-87.66906361,POINT (-87.669063607556 41.959975182317)
3dafd806b8570227309267cf17884fa9f679033f13c95d2b75ea659756ad7b4a016eec862c32eab8e6c3e5e285e6dc6248906e1bd27cb26bb58c601bbe7a6e52,JF176735,,3/17/2022 8:12,30,YIELD,FUNCTIONING PROPERLY,CLEAR,DAYLIGHT,SIDESWIPE SAME DIRECTION,DIVIDED - W/MEDIAN BARRIER,,STRAIGHT AND LEVEL,DRY,NO DEFECTS,ON SCENE,NO INJURY / DRIVE AWAY,,,,"OVER $1,500",3/17/2022 8:12,RELATED TO BUS STOP,DRIVING SKILLS/KNOWLEDGE/EXPERIENCE,70,E,95TH ST,634,,,,,,,2,NO INDICATION OF INJURY,0,0,0,0,0,2,0,8,5,3,41.72188415,-87.62101401,POINT (-87.621014007054 41.721884144734)