CRASH_RECORD_ID,RD_NO,CRASH_DATE_EST_I,CRASH_DATE,POSTED_SPEED_LIMIT,TRAFFIC_CONTROL_DEVICE,DEVICE_CONDITION,WEATHER_CONDITION,LIGHTING_CONDITION,FIRST_CRASH_TYPE,TRAFFICWAY_TYPE,LANE_CNT,ALIGNMENT,ROADWAY_SURFACE_COND,ROAD_DEFECT,REPORT_TYPE,CRASH_TYPE,INTERSECTION_RELATED_I,NOT_RIGHT_OF_WAY_I,HIT_AND_RUN_I,DAMAGE,DATE_POLICE_NOTIFIED,PRIM_CONTRIBUTORY_CAUSE,SEC_CONTRIBUTORY_CAUSE,STREET_NO,STREET_DIRECTION,STREET_NAME,BEAT_OF_OCCURRENCE,PHOTOS_TAKEN_I,STATEMENTS_TAKEN_I,DOORING_I,WORK_ZONE_I,WORK_ZONE_TYPE,WORKERS_PRESENT_I,NUM_UNITS,MOST_SEVERE_INJURY,INJURIES_TOTAL,INJURIES_FATAL,INJURIES_INCAPACITATING,INJURIES_NON_INCAPACITATING,INJURIES_REPORTED_NOT_EVIDENT,INJURIES_NO_INDICATION,INJURIES_UNKNOWN,CRASH_HOUR,CRASH_DAY_OF_WEEK,CRASH_MONTH,LATITUDE,LONGITUDE,LOCATION
fd663ba87012efbec9bc90341bdb004270f0515b3ee81593ce06595f1212f192c67c99ab341663b045108169331efd776b698ee52266bb39de2d58e67cfc54f6,JF199008,,3/16/2022 15:30,30,STOP SIGN/FLASHER,FUNCTIONING PROPERLY,CLEAR,DAYLIGHT,TURNING,FOUR WAY,,STRAIGHT AND LEVEL,DRY,NO DEFECTS,NOT ON SCENE (DESK REPORT),INJURY AND / OR TOW DUE TO CRASH,Y,,,"OVER $1,500",4/6/2022 10:00,UNABLE TO DETERMINE,NOT APPLICABLE,5600,S,WABASH AVE,225,,,,,,,2,"REPORTED, NOT EVIDENT",1,0,0,0,1,1,0,15,4,3,41.79278004,-87.624184,POINT (-87.624184000384 41.792780036175)
9cccd0001a49a30c0694550c3d2bb506ce0e8c2dc2bfc6601debcae0bae711aecc401ef91b8a632ba6a72661f58e2f9c4b5c98ee5178cbb790ed47f7da223a65,JF175526,,3/16/2022 8:30,30,STOP SIGN/FLASHER,FUNCTIONING PROPERLY,CLEAR,DAYLIGHT,ANGLE,FOUR WAY,,STRAIGHT AND LEVEL,DRY,NO DEFECTS,ON SCENE,INJURY AND / OR TOW DUE TO CRASH,Y,,,"OVER $1,500",3/16/2022 8:31,FAILING TO YIELD RIGHT-OF-WAY,FAILING TO YIELD RIGHT-OF-WAY,4600,S,MICHIGAN AVE,215,,,,,,,4,NONINCAPACITATING INJURY,2,0,0,2,0,1,0,8,4,3,41.81100705,-87.62302911,POINT (-87.623029109238 41.811007046873)
ac1228cc61f80271d5e19b52b3980cf1117b31099eaa1eb28a5767cf4761a2181b2653030217fc681038f9bbd1d93179172fec9d24b8080a345e95dc17430ec0,,,4/6/2022 9:18,25,TRAFFIC SIGNAL,FUNCTIONING PROPERLY,CLEAR,DAYLIGHT,REAR END,NOT DIVIDED,,STRAIGHT AND LEVEL,WET,NO DEFECTS,ON SCENE,NO INJURY / DRIVE AWAY,,,,$500 OR LESS,4/6/2022 9:22,FOLLOWING TOO CLOSELY,NOT APPLICABLE,7900,S,WOOD ST,611,,,,,,,2,NO INDICATION OF INJURY,0,0,0,0,0,2,0,9,4,4,41.75020012,-87.6684359,POINT (-87.66843589987 41.750200118353)
28a3309d058e5d85504994f442980ce1bc1adeb9c8e401b704f5f1b8ad4a4b94744fdf4c90142420a8f80017c54afbee4aa884e9365581ce8b1a2374cbb91122,,,4/6/2022 16:30,20,NO CONTROLS,NO CONTROLS,CLEAR,DAYLIGHT,PARKED MOTOR VEHICLE,NOT DIVIDED,,STRAIGHT AND LEVEL,DRY,NO DEFECTS,ON SCENE,NO INJURY / DRIVE AWAY,,,,"OVER $1,500",4/6/2022 16:32,DRIVING SKILLS/KNOWLEDGE/EXPERIENCE,UNABLE TO DETERMINE,2544,W,ESTES AVE,2411,,,,,,,2,NO INDICATION OF INJURY,0,0,0,0,0,3,0,16,4,4,42.01048984,-87.69433539,POINT (-87.694335384951 42.010489841334)
a890205cc95d2b516cf7b4d5c736c4c182953c2cb6b461686d1615156b28898323fce72a0a52198432caebb1056b36cd88f24595e41a1571bbc33f3af6827db1,,,4/5/2022 11:30,30,UNKNOWN,UNKNOWN,CLEAR,DAYLIGHT,PEDESTRIAN,NOT DIVIDED,,STRAIGHT AND LEVEL,DRY,UNKNOWN,ON SCENE,INJURY AND / OR TOW DUE TO CRASH,,,Y,"$501 - $1,500",4/5/2022 14:45,IMPROPER OVERTAKING/PASSING,UNABLE TO DETERMINE,532,E,35TH ST,211,,,,,,,2,NONINCAPACITATING INJURY,1,0,0,1,0,1,0,11,3,4,41.83132343,-87.61164655,POINT (-87.61164654586 41.831323424964)
838f8f35c1b49dd71cbb87f425654503db3a2a02b3293a83827140ac2eaf51ee0ab77b9833585df88a7898c50409d9e8a058d20cfe33699ab2833a81972826ef,,,4/5/2022 19:57,30,TRAFFIC SIGNAL,FUNCTIONING PROPERLY,CLEAR,"DARKNESS, LIGHTED ROAD",ANGLE,UNKNOWN INTERSECTION TYPE,,STRAIGHT AND LEVEL,DRY,NO DEFECTS,ON SCENE,INJURY AND / OR TOW DUE TO CRASH,Y,,,"OVER $1,500",4/5/2022 19:59,DISREGARDING TRAFFIC SIGNALS,NOT APPLICABLE,7500,S,LAFAYETTE AVE,623,,,,,,,2,NONINCAPACITATING INJURY,1,0,0,1,0,1,0,19,3,4,41.75806853,-87.62651698,POINT (-87.626516982328 41.75806853202)
187daf90d522b9a1e5347035c09aa9cccd25a0a269aab8a31948e9991c5a226bbaeb9b8dcfe41fcc50bd25b86c29e4f13ac713eb649da99ef97513662cc28bd1,,,3/31/2022 16:00,30,STOP SIGN/FLASHER,FUNCTIONING PROPERLY,CLOUDY/OVERCAST,DAYLIGHT,ANGLE,FOUR WAY,,STRAIGHT AND LEVEL,WET,NO DEFECTS,ON SCENE,INJURY AND / OR TOW DUE TO CRASH,Y,,,"OVER $1,500",3/31/2022 16:06,DISREGARDING STOP SIGN,FAILING TO YIELD RIGHT-OF-WAY,8500,S,PHILLIPS AVE,423,,,,,,,2,NO INDICATION OF INJURY,0,0,0,0,0,2,0,16,5,3,41.74075078,-87.56500052,POINT (-87.56500051818 41.740750783696)
587128ab32005b74e5873cf9c0689a9dd80778364c99605c685c7408a828d89339f72b3d45dd49f4630b80c57ee12be3e9d7d05950f6040efc337d14473fd2c3,JF177217,,3/17/2022 15:10,30,STOP SIGN/FLASHER,FUNCTIONING PROPERLY,CLEAR,DAYLIGHT,ANGLE,NOT DIVIDED,,STRAIGHT AND LEVEL,DRY,NO DEFECTS,ON SCENE,INJURY AND / OR TOW DUE TO CRASH,Y,,,"OVER $1,500",3/17/2022 15:10,DISREGARDING STOP SIGN,UNABLE TO DETERMINE,620,W,59TH ST,711,,,,,,,4,NONINCAPACITATING INJURY,2,0,0,2,0,3,0,15,5,3,41.7872013,-87.6410687,POINT (-87.641068696411 41.787201303508)
5bd54164c2db63636aed6eab30b49667e2092cf87490c3d38ad2f0086981f11eb05ea541a5ac609a0b5b8384bed34ab7286a0459170b7081e6e7534440e075d7,JF176770,,3/17/2022 8:00,45,NO CONTROLS,UNKNOWN,CLEAR,DAYLIGHT,REAR END,DIVIDED - W/MEDIAN (NOT RAISED),,STRAIGHT AND LEVEL,DRY,UNKNOWN,NOT ON SCENE (DESK REPORT),NO INJURY / DRIVE AWAY,,,Y,"OVER $1,500",3/17/2022 9:30,UNABLE TO DETERMINE,FOLLOWING TOO CLOSELY,9100,S,STONY ISLAND AVE,413,,,,,,,2,NO INDICATION OF INJURY,0,0,0,0,0,2,0,8,5,3,41.72951813,-87.58563641,POINT (-87.585636408538 41.729518128388)
e459cbd9ee3dcfbc06595d00ff73abf01e3a2c0b9bd17d56c76705a4f67f73f7afc022b69a73a44cadcf3991e109813f8b25e1954093c74990c32a069f7957cc,JF176839,Y,3/15/2022 0:00,30,NO CONTROLS,NO CONTROLS,UNKNOWN,UNKNOWN,PARKED MOTOR VEHICLE,ONE-WAY,,STRAIGHT AND LEVEL,UNKNOWN,UNKNOWN,NOT ON SCENE (DESK REPORT),NO INJURY / DRIVE AWAY,,,Y,"OVER $1,500",3/17/2022 9:00,UNABLE TO DETERMINE,UNABLE TO DETERMINE,129,N,KILDARE AVE,1114,,,,,,,2,NO INDICATION OF INJURY,0,0,0,0,0,1,0,0,3,3,41.88300218,-87.732951,POINT (-87.73295100129 41.883002182953)
741d35daf6b2321344c5755c8f94d2225071fb98b57014aa7c0339de801dc276928b866761c4ab82b8005faec56dc182d08dcab542fbbe6130da805117ffcc62,JF175790,,3/16/2022 12:15,30,TRAFFIC SIGNAL,FUNCTIONING PROPERLY,CLEAR,DAYLIGHT,TURNING,T-INTERSECTION,,STRAIGHT AND LEVEL,DRY,NO DEFECTS,ON SCENE,NO INJURY / DRIVE AWAY,Y,,,"OVER $1,500",3/16/2022 12:35,UNABLE TO DETERMINE,NOT APPLICABLE,3001,W,CHICAGO AVE,1221,,,,,,,2,NO INDICATION OF INJURY,0,0,0,0,0,2,0,12,4,3,41.89548501,-87.70221481,POINT (-87.702214807237 41.89548500924)
bcb2f4e091b5dc7f675650aa3d57123e9e0c61e0883be654aa7d4f745aafa4f851fa76558b07cd61bf5ffdbf3ea957cb8742f2b5436e907f20af67d5eccd0a58,JF177056,,3/15/2022 18:00,20,STOP SIGN/FLASHER,FUNCTIONING PROPERLY,UNKNOWN,UNKNOWN,ANGLE,FOUR WAY,,STRAIGHT AND LEVEL,UNKNOWN,UNKNOWN,NOT ON SCENE (DESK REPORT),INJURY AND / OR TOW DUE TO CRASH,Y,,Y,"OVER $1,500",3/17/2022 13:20,DISREGARDING STOP SIGN,FAILING TO YIELD RIGHT-OF-WAY,6000,S,NORMAL BLVD,711,,,,,,,2,"REPORTED, NOT EVIDENT",1,0,0,0,1,3,0,18,3,3,41.78522446,-87.63776117,POINT (-87.637761165072 41.785224459158)
1bf06852f51bfd31211ac0fbdf1084bc267eca00c3d6b1817ee20a2c5795bb0f7959aab097109bc68ed3a44a8673f404045a8ec67589756daf2ec9ba3e0542c4,JF177314,,3/17/2022 16:15,30,STOP SIGN/FLASHER,FUNCTIONING PROPERLY,CLEAR,DAYLIGHT,TURNING,ONE-WAY,,STRAIGHT AND LEVEL,DRY,NO DEFECTS,NOT ON SCENE (DESK REPORT),NO INJURY / DRIVE AWAY,,,,"$501 - $1,500",3/17/2022 16:30,FOLLOWING TOO CLOSELY,FOLLOWING TOO CLOSELY,5001,N,WESTERN AVE,2031,,,,,,,2,NO INDICATION OF INJURY,0,0,0,0,0,2,0,16,5,3,41.97229032,-87.68888387,POINT (-87.688883864654 41.97229032058)
35b96c0b43f4a0d6c55c7ab68a8a33b56a7de941a2b49380b356f4400859c9437ab851db0e71c37a08066595bbba38ac57dfc39da409ebb64797663b537155aa,JF176690,,3/17/2022 8:00,30,NO CONTROLS,NO CONTROLS,CLEAR,DAYLIGHT,PEDALCYCLIST,NOT DIVIDED,,STRAIGHT ON GRADE,DRY,NO DEFECTS,ON SCENE,INJURY AND / OR TOW DUE TO CRASH,Y,,,"$501 - $1,500",3/17/2022 8:05,FAILING TO YIELD RIGHT-OF-WAY,NOT APPLICABLE,4038,N,LINCOLN AVE,1911,,,,,,,2,NONINCAPACITATING INJURY,1,0,0,1,0,1,0,8,5,3,41.95513709,-87.67960826,POINT (-87.679608262916 41.95513708846)
43ae0c6b14669b18712a66c96d0292674dbb60508d62ce8e912ee80a4114e8eb49c5473bcf852db0a958e6e5fbc7ff6c378482523ece8f05402c7cd229abcffc,JF176974,,3/17/2022 8:00,30,NO CONTROLS,NO CONTROLS,CLEAR,DAYLIGHT,SIDESWIPE SAME DIRECTION,CENTER TURN LANE,,STRAIGHT AND LEVEL,DRY,NO DEFECTS,NOT ON SCENE (DESK REPORT),NO INJURY / DRIVE AWAY,,,,"OVER $1,500",3/17/2022 12:00,UNABLE TO DETERMINE,NOT APPLICABLE,9601,S,STONY ISLAND AVE,431,,,,,,,2,NO INDICATION OF INJURY,0,0,0,0,0,2,0,8,5,3,41.72017545,-87.58479942,POINT (-87.584799417864 41.720175452587)
50ec2cc218a2678cbc6d4e4c8a0f5c122cd24b7a2b59e4d3992ba52824c4f5e209290f190ec6ae24946f6c063665f958f9fb82241f5ef15f58e3e277441a3691,JF177424,,3/17/2022 15:30,35,NO CONTROLS,NO CONTROLS,CLEAR,DAYLIGHT,REAR END,OTHER,,STRAIGHT AND LEVEL,DRY,UNKNOWN,ON SCENE,NO INJURY / DRIVE AWAY,,,Y,"OVER $1,500",3/17/2022 16:57,FOLLOWING TOO CLOSELY,UNABLE TO DETERMINE,6501,S,STATE ST,312,,,,,,,2,NO INDICATION OF INJURY,0,0,0,0,0,2,0,15,5,3,41.77636363,-87.62507566,POINT (-87.625075660852 41.776363627858)
5fcb295558abd5481162428c36588b6d79d0946372440f1898ca96d8103065616687444766be09c5462886b32f850e795c03c644e6517b693cdc7671baff72d6,JF177313,,3/17/2022 16:00,30,NO CONTROLS,NO CONTROLS,CLEAR,DAYLIGHT,REAR TO SIDE,PARKING LOT,,STRAIGHT AND LEVEL,DRY,UNKNOWN,NOT ON SCENE (DESK REPORT),NO INJURY / DRIVE AWAY,,,,"OVER $1,500",3/17/2022 16:30,FAILING TO YIELD RIGHT-OF-WAY,UNABLE TO DETERMINE,5836,N,PULASKI RD,1711,,,,,,,2,NO INDICATION OF INJURY,0,0,0,0,0,2,0,16,5,3,41.9872112,-87.72869581,POINT (-87.728695813612 41.98721119819)
85e18a3b278c867f006a4213b15f44aa098018b74a9e1653846eb23e85d42c3578e10807370e8ba438ca980caf19cab324952d49a291a06854a5d3108348a2ad,JF177219,,3/17/2022 14:58,30,STOP SIGN/FLASHER,FUNCTIONING PROPERLY,CLEAR,DAYLIGHT,ANGLE,NOT DIVIDED,,STRAIGHT AND LEVEL,DRY,NO DEFECTS,ON SCENE,INJURY AND / OR TOW DUE TO CRASH,Y,,,"OVER $1,500",3/17/2022 14:59,FAILING TO YIELD RIGHT-OF-WAY,NOT APPLICABLE,141,N,CICERO AVE,1113,,,,,,,2,NONINCAPACITATING INJURY,1,0,0,1,0,2,0,14,5,3,41.88306738,-87.7452265,POINT (-87.745226503578 41.883067382335)
9d1ed10ec98d0f6ccb9a5b915c9a7c50780d1c18ded16f3f66c292bd953eea6cb2b8b3a954961a8e5bd6acf077aeae9009e1590b05d632d6c30347f7cc83992b,JF177343,,3/17/2022 15:00,30,TRAFFIC SIGNAL,FUNCTIONING PROPERLY,CLEAR,DUSK,PEDALCYCLIST,NOT DIVIDED,,STRAIGHT AND LEVEL,DRY,NO DEFECTS,ON SCENE,INJURY AND / OR TOW DUE TO CRASH,Y,,Y,"OVER $1,500",3/17/2022 15:45,FAILING TO YIELD RIGHT-OF-WAY,UNABLE TO DETERMINE,3600,N,ELSTON AVE,1733,,,,,,,2,"REPORTED, NOT EVIDENT",1,0,0,0,1,1,0,15,5,3,41.94654917,-87.70895263,POINT (-87.708952626035 41.946549164806)
41915e7a9e207e51abceaf97a4ab199ea3722e3e568ba7891b893c66d28f9fc630bb87d5fc71aab8cd79b8d09a1f62b78d1cba62ba114ba90da428502808e61d,JF175586,,3/16/2022 9:26,30,TRAFFIC SIGNAL,FUNCTIONING PROPERLY,CLEAR,DAYLIGHT,TURNING,FOUR WAY,,STRAIGHT AND LEVEL,DRY,NO DEFECTS,ON SCENE,NO INJURY / DRIVE AWAY,Y,,Y,"OVER $1,500",3/16/2022 9:28,DISTRACTION - FROM INSIDE VEHICLE,UNABLE TO DETERMINE,2398,E,75TH ST,334,,,,,,,2,NO INDICATION OF INJURY,0,0,0,0,0,2,0,9,4,3,41.7590969,-87.56643628,POINT (-87.566436275029 41.759096898246)
606dc8926ddf8ce0b4ed4051a15662a5c0d3e6091a9285113a76b7e746170373fbd07387b0e819eeaacc79d846b2a1541c14d06d8c28a9159ef8a59b652e0667,JF176366,,3/16/2022 18:20,30,UNKNOWN,UNKNOWN,UNKNOWN,UNKNOWN,SIDESWIPE SAME DIRECTION,NOT DIVIDED,,STRAIGHT AND LEVEL,UNKNOWN,UNKNOWN,NOT ON SCENE (DESK REPORT),NO INJURY / DRIVE AWAY,,,,$500 OR LESS,3/16/2022 20:40,UNABLE TO DETERMINE,UNABLE TO DETERMINE,5949,N,RIDGE AVE,2012,,,,,,,2,NO INDICATION OF INJURY,0,0,0,0,0,2,0,18,4,3,41.98990057,-87.67012661,POINT (-87.670126604708 41.989900564957)
2bd9ef7f6de99664a05ddc19761f673b8613a4bd08ed18fe291ccf22101136cc930b7f9280d32476e7ef65cfeb92e543d44db579c5efea884a7cc36da66a8bab,JF177266,,3/17/2022 10:40,15,NO CONTROLS,FUNCTIONING PROPERLY,CLEAR,DAYLIGHT,TURNING,ALLEY,,STRAIGHT AND LEVEL,DRY,NO DEFECTS,NOT ON SCENE (DESK REPORT),NO INJURY / DRIVE AWAY,,,,"$501 - $1,500",3/17/2022 16:00,IMPROPER BACKING,NOT APPLICABLE,3040,N,LUNA AVE,2514,,,,,,,2,NO INDICATION OF INJURY,0,0,0,0,0,2,0,10,5,3,41.93616507,-87.76533385,POINT (-87.765333848321 41.936165069876)
df5bcc400cf1aabbead023823236cf61f1e7ee3d15aad064a3d7e7c435420bfd8a25f9fe93a104fd5c94b3640294f676b937769ef761e4260f26438015b2b3a4,JF117119,,3/14/2022 14:51,5,NO CONTROLS,NO CONTROLS,CLEAR,DAYLIGHT,PARKED MOTOR VEHICLE,ALLEY,,STRAIGHT AND LEVEL,DRY,OTHER,NOT ON SCENE (DESK REPORT),NO INJURY / DRIVE AWAY,,,,"OVER $1,500",3/17/2022 13:50,IMPROPER BACKING,NOT APPLICABLE,2119,S,STATE ST,131,,,,,,,2,NO INDICATION OF INJURY,0,0,0,0,0,1,0,14,2,3,41.85364983,-87.62695609,POINT (-87.626956088993 41.853649827274)
378232b73dc4f390adafaf595627df139be663dc358ade6aaec3af5a6381b1e58d74bcb2b257157f932d89081aac71505b73b7d5e015fac16ce848a913c5a061,JF176615,,3/17/2022 5:50,35,NO CONTROLS,NO CONTROLS,CLEAR,"DARKNESS, LIGHTED ROAD",REAR END,NOT DIVIDED,,STRAIGHT AND LEVEL,DRY,NO DEFECTS,NOT ON SCENE (DESK REPORT),NO INJURY / DRIVE AWAY,,,,"OVER $1,500",3/17/2022 6:35,UNABLE TO DETERMINE,UNABLE TO DETERMINE,400,E,130TH ST,532,,,,,,,2,NO INDICATION OF INJURY,0,0,0,0,0,2,0,5,5,3,41.65923539,-87.61237052,POINT (-87.612370519749 41.659235388459)
37c16fd4a326de7c71f8d036df8ac1e2265fa2581cc41e96ea93128eb349b1ef1267037f50f29e4e1a4bea515ae59cdf8c4ff12f415867900e5bef13b72845e5,JF177528,,3/17/2022 18:55,30,NO CONTROLS,NO CONTROLS,CLEAR,DAYLIGHT,REAR END,DIVIDED - W/MEDIAN BARRIER,,STRAIGHT AND LEVEL,DRY,NO DEFECTS,ON SCENE,INJURY AND / OR TOW DUE TO CRASH,,,,"OVER $1,500",3/17/2022 19:25,UNABLE TO DETERMINE,UNABLE TO DETERMINE,3610,W,IRVING PARK RD,1723,,,,,,,2,NO INDICATION OF INJURY,0,0,0,0,0,3,0,18,5,3,41.95387363,-87.71832618,POINT (-87.718326179956 41.953873625891)
a732a36d151a0dc38e7c02898eb0c91962d390622e585646ce31072848e70e0521352a55b323aa1992d82a96dc865200bfbaba25416a2971a7c8cc6848e66cfa,JF177758,N,3/18/2022 1:30,35,NO CONTROLS,NO CONTROLS,CLEAR,"DARKNESS, LIGHTED ROAD",REAR TO FRONT,DIVIDED - W/MEDIAN (NOT RAISED),,STRAIGHT AND LEVEL,DRY,NO DEFECTS,ON SCENE,NO INJURY / DRIVE AWAY,,,Y,"OVER $1,500",3/18/2022 1:31,IMPROPER BACKING,NOT APPLICABLE,3421,N,CLARK ST,1924,,,,,,,2,NO INDICATION OF INJURY,0,0,0,0,0,2,0,1,6,3,41.94415691,-87.6538835,POINT (-87.653883496558 41.944156908415)
ef040f878e0834ce07c292a4086aa8d7e22f0abe0043d1e9e77b96b8c6b7d8cf090ac1fcabef8eb5a5ca8b0eb678ab916d5b3409b8ae96a53ba2b82919b0a263,JF175577,,3/16/2022 9:25,30,TRAFFIC SIGNAL,FUNCTIONING PROPERLY,CLEAR,DAYLIGHT,ANGLE,DIVIDED - W/MEDIAN (NOT RAISED),,STRAIGHT AND LEVEL,DRY,UNKNOWN,ON SCENE,INJURY AND / OR TOW DUE TO CRASH,Y,,,"OVER $1,500",3/16/2022 9:35,UNABLE TO DETERMINE,NOT APPLICABLE,8701,S,VINCENNES AVE,2223,,,,,,,2,NONINCAPACITATING INJURY,1,0,0,1,0,2,0,9,4,3,41.73594639,-87.64505995,POINT (-87.645059946216 41.735946384518)
29f1cd316e96558ea34cd7827c8eb57bca6d3e8a9ccd6b73637d42b05d2651cf05f1c2c3e62ea06ecb2825faccd1664bd5fa808094662ac884750034c51ea3d7,JF177545,,3/17/2022 19:09,30,STOP SIGN/FLASHER,FUNCTIONING PROPERLY,CLEAR,"DARKNESS, LIGHTED ROAD",REAR END,DIVIDED - W/MEDIAN (NOT RAISED),,STRAIGHT AND LEVEL,DRY,NO DEFECTS,,NO INJURY / DRIVE AWAY,,,,"OVER $1,500",3/17/2022 19:15,UNDER THE INFLUENCE OF ALCOHOL/DRUGS (USE WHEN ARREST IS EFFECTED),UNABLE TO DETERMINE,1901,W,LAWRENCE AVE,1912,,,,,,,2,NO INDICATION OF INJURY,0,0,0,0,0,2,0,19,5,3,41.96868409,-87.6762767,POINT (-87.676276700603 41.968684090266)
419c969d7d92d491fa7c881902533d16351a7875934e072653717e0d5650d45bd910557abbc264ab969b5872550ae4528e41eeb47adfd5b9c029bf6608041b1d,JF177366,,3/16/2022 15:10,30,NO CONTROLS,NO CONTROLS,CLEAR,DAYLIGHT,PEDESTRIAN,DIVIDED - W/MEDIAN (NOT RAISED),,STRAIGHT AND LEVEL,DRY,NO DEFECTS,NOT ON SCENE (DESK REPORT),INJURY AND / OR TOW DUE TO CRASH,,,Y,$500 OR LESS,3/17/2022 16:55,UNABLE TO DETERMINE,NOT APPLICABLE,5101,W,HARRISON ST,1533,,,,,,,2,"REPORTED, NOT EVIDENT",1,0,0,0,1,1,0,15,4,3,41.87285714,-87.75335467,POINT (-87.753354672737 41.872857140409)
208a2df2f0def31160d194705e3724009b7daed908b761bd45f59162bd093accd431721c7096597357a9837299a383c84052b934b227ea788e1335780c5daf45,JF176741,,3/17/2022 8:30,40,NO CONTROLS,NO CONTROLS,CLEAR,DAYLIGHT,SIDESWIPE SAME DIRECTION,DIVIDED - W/MEDIAN BARRIER,,STRAIGHT AND LEVEL,DRY,NO DEFECTS,NOT ON SCENE (DESK REPORT),NO INJURY / DRIVE AWAY,,,,"OVER $1,500",3/17/2022 9:15,UNABLE TO DETERMINE,NOT APPLICABLE,2401,N,LAKE SHORE DR SB,1935,,,,,,,2,NO INDICATION OF INJURY,0,0,0,0,0,2,0,8,5,3,41.92625161,-87.63104491,POINT (-87.631044912171 41.926251609692)
ba010d7625082a21520832ea2811719646273bd3f46b5ac55719657706253b83cdb38c0f33c4baab4798fb168392fb45473b52e905588b775d866cb1a9e70f9f,JF172650,,3/13/2022 13:30,25,NO CONTROLS,NO CONTROLS,CLEAR,DAYLIGHT,SIDESWIPE SAME DIRECTION,ONE-WAY,,STRAIGHT AND LEVEL,DRY,NO DEFECTS,NOT ON SCENE (DESK REPORT),NO INJURY / DRIVE AWAY,,,,$500 OR LESS,3/13/2022 15:35,UNABLE TO DETERMINE,NOT APPLICABLE,1056,N,HOYNE AVE,1212,,,,,,,2,NO INDICATION OF INJURY,0,0,0,0,0,2,0,13,1,3,41.90121546,-87.67979469,POINT (-87.679794694263 41.90121546275)
17e10d1763879e7b51458f4bd4ff9b00c9171a0f3fa2cee7d16d5b310c29e80dd047bd0bf6699941fea93a57f1977699743cf8daf69aa611dd6dde1d7a842d30,JF177241,,3/15/2022 15:45,30,NO CONTROLS,NO CONTROLS,CLEAR,DAYLIGHT,PARKED MOTOR VEHICLE,NOT DIVIDED,,STRAIGHT AND LEVEL,DRY,NO DEFECTS,NOT ON SCENE (DESK REPORT),NO INJURY / DRIVE AWAY,,,,"OVER $1,500",3/17/2022 15:42,DRIVING SKILLS/KNOWLEDGE/EXPERIENCE,NOT APPLICABLE,3519,W,26TH ST,1032,,,,,,,2,NO INDICATION OF INJURY,0,0,0,0,0,1,0,15,3,3,41.84429435,-87.71323173,POINT (-87.713231730497 41.844294346767)
3d965a3fdcc7e992838380157d39907966808cc256881279123af6f1466d41c2aca38052745ea3dc67577586a34953cd53f21ee1268604f57e2a603bc82eb8b3,JF177510,,3/17/2022 7:15,30,NO CONTROLS,NO CONTROLS,CLEAR,DAYLIGHT,SIDESWIPE SAME DIRECTION,DIVIDED - W/MEDIAN BARRIER,,STRAIGHT AND LEVEL,DRY,UNKNOWN,ON SCENE,NO INJURY / DRIVE AWAY,,,Y,"$501 - $1,500",3/17/2022 18:45,UNABLE TO DETERMINE,UNABLE TO DETERMINE,40,W,CONGRESS PKWY,113,,,,,,,2,NO INDICATION OF INJURY,0,0,0,0,0,2,0,7,5,3,41.87573685,-87.62913259,POINT (-87.629132586444 41.875736845513)
4913cf1390c7146bd885b580db2adc818dbc80116817aae6f18c4885f0e85680afffeae46be5bff3b4471e494a88c80c2c5b0aad8a77dfdb7f8f27c33a0dc14f,JF177422,,3/17/2022 17:25,30,TRAFFIC SIGNAL,FUNCTIONING PROPERLY,CLEAR,DAYLIGHT,REAR END,DIVIDED - W/MEDIAN (NOT RAISED),,STRAIGHT AND LEVEL,DRY,NO DEFECTS,NOT ON SCENE (DESK REPORT),NO INJURY / DRIVE AWAY,Y,,,"OVER $1,500",3/17/2022 17:25,UNABLE TO DETERMINE,UNABLE TO DETERMINE,1003,N,AUSTIN BLVD,1511,,,,,,,2,NO INDICATION OF INJURY,0,0,0,0,0,2,0,17,5,3,41.89850571,-87.77510469,POINT (-87.775104693754 41.89850570923)
90f1d0943befa1cc0e38faf152a6a24a83fd391a6620f21b6fbe17a533566e5f82d2d47b896541428c98d8adb6bba5f912ef9795b0b625a64e80d8ee584a0276,JF177384,,3/17/2022 15:40,35,UNKNOWN,UNKNOWN,CLEAR,DAYLIGHT,REAR END,NOT DIVIDED,,STRAIGHT AND LEVEL,DRY,NO DEFECTS,NOT ON SCENE (DESK REPORT),NO INJURY / DRIVE AWAY,,,,"OVER $1,500",3/17/2022 17:10,NOT APPLICABLE,NOT APPLICABLE,6999,W,ARCHER AVE,811,,,,,,,2,NO INDICATION OF INJURY,0,0,0,0,0,2,0,15,5,3,41.79195443,-87.79639283,POINT (-87.796392827856 41.791954433544)
30b9c84956ba8edeccadf44ac28b33de9880f9065d3af9ab6cd9e1a62b0b4a3972b01814b29ee6f3e0649e3c989b71b5556918f296ee69c3a108f5dc0b896a34,JF176387,,3/16/2022 20:35,30,STOP SIGN/FLASHER,FUNCTIONING PROPERLY,CLEAR,"DARKNESS, LIGHTED ROAD",PARKED MOTOR VEHICLE,NOT DIVIDED,,STRAIGHT AND LEVEL,DRY,UNKNOWN,ON SCENE,INJURY AND / OR TOW DUE TO CRASH,,,,"OVER $1,500",3/16/2022 21:01,DRIVING SKILLS/KNOWLEDGE/EXPERIENCE,NOT APPLICABLE,2727,W,CHICAGO AVE,1221,,,,,,,2,NO INDICATION OF INJURY,0,0,0,0,0,1,0,20,4,3,41.8955502,-87.69519683,POINT (-87.695196831202 41.895550195744)