CRASH_RECORD_ID,RD_NO,CRASH_DATE_EST_I,CRASH_DATE,POSTED_SPEED_LIMIT,TRAFFIC_CONTROL_DEVICE,DEVICE_CONDITION,WEATHER_CONDITION,LIGHTING_CONDITION,FIRST_CRASH_TYPE,TRAFFICWAY_TYPE,LANE_CNT,ALIGNMENT,ROADWAY_SURFACE_COND,ROAD_DEFECT,REPORT_TYPE,CRASH_TYPE,INTERSECTION_RELATED_I,NOT_RIGHT_OF_WAY_I,HIT_AND_RUN_I,DAMAGE,DATE_POLICE_NOTIFIED,PRIM_CONTRIBUTORY_CAUSE,SEC_CONTRIBUTORY_CAUSE,STREET_NO,STREET_DIRECTION,STREET_NAME,BEAT_OF_OCCURRENCE,PHOTOS_TAKEN_I,STATEMENTS_TAKEN_I,DOORING_I,WORK_ZONE_I,WORK_ZONE_TYPE,WORKERS_PRESENT_I,NUM_UNITS,MOST_SEVERE_INJURY,INJURIES_TOTAL,INJURIES_FATAL,INJURIES_INCAPACITATING,INJURIES_NON_INCAPACITATING,INJURIES_REPORTED_NOT_EVIDENT,INJURIES_NO_INDICATION,INJURIES_UNKNOWN,CRASH_HOUR,CRASH_DAY_OF_WEEK,CRASH_MONTH,LATITUDE,LONGITUDE,LOCATION
81cf33d0fa45483236300e33fcdd38fdaf256cf988d5c60b3804559fc69ed7849bc793e0ae2af541dd13d997e07705b4dd1a16595dc8976d470b6673604b94e9,JF176417,Y,3/16/2022 20:00,30,NO CONTROLS,NO CONTROLS,CLEAR,"DARKNESS, LIGHTED ROAD",PARKED MOTOR VEHICLE,NOT DIVIDED,,STRAIGHT AND LEVEL,UNKNOWN,NO DEFECTS,ON SCENE,NO INJURY / DRIVE AWAY,,,Y,"OVER $1,500",3/16/2022 21:53,UNABLE TO DETERMINE,NOT APPLICABLE,915,W,14TH PL,1232,,,,,,,2,NO INDICATION OF INJURY,0,0,0,0,0,1,0,20,4,3,41.86219482,-87.64953629,POINT (-87.649536288109 41.862194823776)
b5fe4034ffe5913441db23ecb74c29c7605b134a3d150461bdcfebcda9b00c9e9e14e383ca30045159e1995384ebd517b4328552923ab40cb474b6f17442de1c,JF176102,,3/16/2022 16:35,25,STOP SIGN/FLASHER,FUNCTIONING PROPERLY,CLEAR,DAYLIGHT,TURNING,NOT DIVIDED,,STRAIGHT AND LEVEL,DRY,NO DEFECTS,ON SCENE,INJURY AND / OR TOW DUE TO CRASH,Y,,,"OVER $1,500",3/16/2022 16:35,FAILING TO YIELD RIGHT-OF-WAY,UNABLE TO DETERMINE,745,N,MILWAUKEE AVE,1214,,,,,,,2,NONINCAPACITATING INJURY,1,0,0,1,0,3,0,16,4,3,41.89532723,-87.65376037,POINT (-87.65376037253 41.895327233068)
45ee3b156bbe3a971a3d340dfde4a5f1fee448d49e2712659335100f5a73a7d7cfe1ba80f61aedf8ad7c0e8a6c6f1f1cb399ce669989802fca97c2cd68dc84c2,JF177372,,3/17/2022 4:00,20,NO CONTROLS,NO CONTROLS,CLEAR,"DARKNESS, LIGHTED ROAD",PARKED MOTOR VEHICLE,ONE-WAY,,STRAIGHT AND LEVEL,DRY,NO DEFECTS,NOT ON SCENE (DESK REPORT),NO INJURY / DRIVE AWAY,,,Y,"OVER $1,500",3/17/2022 17:00,"OPERATING VEHICLE IN ERRATIC, RECKLESS, CARELESS, NEGLIGENT OR AGGRESSIVE MANNER",NOT APPLICABLE,9346,S,PARNELL AVE,2223,,,,,,,2,NO INDICATION OF INJURY,0,0,0,0,0,1,0,4,5,3,41.72379661,-87.63736552,POINT (-87.637365520444 41.723796608288)
1a58d7ce86a3320052ead8c40c6fc54b072e0fdf33b277109718012375abfcada53920c0e141b0e04fc6834eeca1d7e73ce7e91eb97e7f7e64e0d9fb77de43b1,JF171803,,3/12/2022 17:00,30,NO CONTROLS,NO CONTROLS,CLEAR,DAYLIGHT,TURNING,NOT DIVIDED,,STRAIGHT AND LEVEL,DRY,NO DEFECTS,ON SCENE,NO INJURY / DRIVE AWAY,,,Y,"$501 - $1,500",3/12/2022 17:06,UNABLE TO DETERMINE,UNABLE TO DETERMINE,3117,W,26TH ST,1033,,,,,,,2,NO INDICATION OF INJURY,0,0,0,0,0,10,0,17,7,3,41.84442752,-87.70332182,POINT (-87.703321820673 41.84442752357)
760b158db3fbb48a22855d1643c216f75d54d6b1ee4ef3d2f9e0f52a423d7abfa9e1ffd1a6d6dd0364bea1833ce200c28cd80719d9d23cfd02c2f85aa2a7814d,JF177099,,3/17/2022 13:15,30,NO CONTROLS,NO CONTROLS,CLEAR,DAYLIGHT,REAR END,NOT DIVIDED,,STRAIGHT AND LEVEL,DRY,NO DEFECTS,NOT ON SCENE (DESK REPORT),NO INJURY / DRIVE AWAY,,,,"OVER $1,500",3/17/2022 13:45,FOLLOWING TOO CLOSELY,NOT APPLICABLE,735,S,HALSTED ST,1232,Y,Y,,,,,3,NO INDICATION OF INJURY,0,0,0,0,0,3,0,13,5,3,41.8724597,-87.64689822,POINT (-87.646898224419 41.872459698852)
7d57db4f603b766945f31dabd0b28dfed6d685df49b1f86f0c4026bb5e3703398e876bf304a9911af08a7fa02a6d91ce2d738a02c1882d777def30e9a7699c12,JF177674,,3/17/2022 22:00,40,NO CONTROLS,NO CONTROLS,CLEAR,"DARKNESS, LIGHTED ROAD",SIDESWIPE SAME DIRECTION,DIVIDED - W/MEDIAN BARRIER,,STRAIGHT AND LEVEL,DRY,NO DEFECTS,ON SCENE,INJURY AND / OR TOW DUE TO CRASH,,,Y,"OVER $1,500",3/17/2022 22:10,"OPERATING VEHICLE IN ERRATIC, RECKLESS, CARELESS, NEGLIGENT OR AGGRESSIVE MANNER",IMPROPER LANE USAGE,4700,S,LAKE SHORE DR NB,222,,,,,,,2,NONINCAPACITATING INJURY,1,0,0,1,0,1,0,22,5,3,41.8105925,-87.58937111,POINT (-87.589371111902 41.810592498867)
5d374d56c13a139dc959a9e6a059f8e62221819e25f7a76d4001c3b8690576b2f2427b0d61301ccb49b3a3135edd77b48aaf4827b1de5febdbd1dc977fdf9e0d,JF176295,,3/16/2022 7:00,30,TRAFFIC SIGNAL,FUNCTIONING IMPROPERLY,CLEAR,DAYLIGHT,REAR END,NOT DIVIDED,,STRAIGHT AND LEVEL,DRY,NO DEFECTS,NOT ON SCENE (DESK REPORT),NO INJURY / DRIVE AWAY,Y,,,"OVER $1,500",3/16/2022 19:00,FOLLOWING TOO CLOSELY,FOLLOWING TOO CLOSELY,700,W,GARFIELD BLVD,935,,,,,,,2,NO INDICATION OF INJURY,0,0,0,0,0,2,0,7,4,3,41.79445339,-87.64285424,POINT (-87.642854236249 41.794453385018)
533a02f2a4e61b51d0b96eb0d8da63f7a579c0814efdfc6093848e15eb893c17cbdc242a4db60abf7d59009ab59396416dad542b1f35fc378a509a508c7bf554,JF177317,,3/17/2022 14:30,30,TRAFFIC SIGNAL,FUNCTIONING PROPERLY,CLEAR,DAYLIGHT,SIDESWIPE SAME DIRECTION,ONE-WAY,,STRAIGHT AND LEVEL,DRY,NO DEFECTS,NOT ON SCENE (DESK REPORT),NO INJURY / DRIVE AWAY,,,Y,$500 OR LESS,3/17/2022 16:30,IMPROPER LANE USAGE,IMPROPER LANE USAGE,151,N,DEARBORN ST,111,,,,,,,2,NO INDICATION OF INJURY,0,0,0,0,0,2,0,14,5,3,41.88451795,-87.6293121,POINT (-87.629312098674 41.884517946057)
9d0b93fe30ad9fcbe21d898842ebd436287bafd21ad77c940de8d7dcd8f0e9039fbcbab877c3e575de135d85375736d2b55aa9da9be9035f6e22a84cf72fa8bb,JF177512,,3/17/2022 18:30,30,TRAFFIC SIGNAL,FUNCTIONING PROPERLY,CLEAR,DAYLIGHT,REAR END,NOT DIVIDED,,STRAIGHT AND LEVEL,DRY,UNKNOWN,ON SCENE,INJURY AND / OR TOW DUE TO CRASH,Y,,Y,"OVER $1,500",3/17/2022 18:40,FOLLOWING TOO CLOSELY,UNABLE TO DETERMINE,6014,N,KIMBALL AVE,1711,,,,,,,2,"REPORTED, NOT EVIDENT",1,0,0,0,1,1,0,18,5,3,41.99079252,-87.7141448,POINT (-87.714144798263 41.990792522946)
b1bc58296a5a17ca1227df6770382703a850c67d69cd07e46349acae79df0331edb6af18ed6232b4a13671a6d80fee7e571e12751f81fa16d74223c174843248,JF176994,,3/17/2022 11:20,30,NO CONTROLS,NO CONTROLS,CLEAR,DAYLIGHT,SIDESWIPE SAME DIRECTION,NOT DIVIDED,,STRAIGHT AND LEVEL,DRY,NO DEFECTS,ON SCENE,INJURY AND / OR TOW DUE TO CRASH,,,,"OVER $1,500",3/17/2022 11:30,UNABLE TO DETERMINE,UNABLE TO DETERMINE,2734,N,SEMINARY AVE,1935,,,,,,,2,NO INDICATION OF INJURY,0,0,0,0,0,2,0,11,5,3,41.93158197,-87.65595953,POINT (-87.655959533563 41.931581965835)
c7ca879d3ad997a1fc098268d76a514da9cc806b18f8c523465e582c9ebafa529c937e58011e5b740dacb4f531c68658c4f29eec08c87bead60aa87f6df67a43,JF177522,,3/17/2022 18:33,35,NO CONTROLS,NO CONTROLS,CLEAR,DAYLIGHT,REAR END,DIVIDED - W/MEDIAN (NOT RAISED),,STRAIGHT AND LEVEL,DRY,NO DEFECTS,ON SCENE,NO INJURY / DRIVE AWAY,Y,,,"OVER $1,500",3/17/2022 18:33,FOLLOWING TOO CLOSELY,FOLLOWING TOO CLOSELY,6300,S,CICERO AVE,813,,,,,,,2,NO INDICATION OF INJURY,0,0,0,0,0,2,0,18,5,3,41.77833539,-87.74243649,POINT (-87.74243649416 41.778335390453)
d3b5686cd158f859321993137307806c5242ebc58f40921140cb822912356e8387187690b4025616b1d78042b1a9ee877867d35a703043a92e2003806bba86d3,JF176674,,3/17/2022 7:56,20,NO CONTROLS,OTHER,CLEAR,DAYLIGHT,PARKED MOTOR VEHICLE,NOT DIVIDED,,STRAIGHT AND LEVEL,DRY,NO DEFECTS,ON SCENE,NO INJURY / DRIVE AWAY,,,Y,"OVER $1,500",3/17/2022 7:56,UNABLE TO DETERMINE,NOT APPLICABLE,7244,S,ELLIS AVE,324,,,,,,,2,NO INDICATION OF INJURY,0,0,0,0,0,1,0,7,5,3,41.76276936,-87.60076698,POINT (-87.600766976111 41.762769361801)
5c21cf72f309563b36913c66a9fe2ae4dac5e0f367d79ba8a728ebe872b9051a870cc8362259969769e2f9dbb50faf76449b6d16b0f7498c56ddf010a25591be,JF176964,,2/13/2022 13:30,15,NO CONTROLS,NO CONTROLS,UNKNOWN,DAYLIGHT,PEDESTRIAN,ALLEY,,STRAIGHT AND LEVEL,UNKNOWN,NO DEFECTS,NOT ON SCENE (DESK REPORT),INJURY AND / OR TOW DUE TO CRASH,,,Y,"OVER $1,500",3/17/2022 11:30,UNABLE TO DETERMINE,NOT APPLICABLE,5220,W,SCHUBERT AVE,2514,,,,,,,2,"REPORTED, NOT EVIDENT",1,0,0,0,1,1,0,13,1,2,41.92968743,-87.75723912,POINT (-87.757239122028 41.929687434344)
880a3ff43a3710838eca5317d30e8755f4df2804336b72317f95724168324966563aa08e2e632654845ae2ead7751846043933413f79bb476b0773017d50129c,JF176401,,3/16/2022 20:15,30,TRAFFIC SIGNAL,FUNCTIONING PROPERLY,CLEAR,"DARKNESS, LIGHTED ROAD",REAR END,DIVIDED - W/MEDIAN BARRIER,,STRAIGHT AND LEVEL,DRY,NO DEFECTS,NOT ON SCENE (DESK REPORT),NO INJURY / DRIVE AWAY,,,Y,"OVER $1,500",3/16/2022 21:20,UNABLE TO DETERMINE,UNABLE TO DETERMINE,8149,S,CICERO AVE,834,,,,,,,2,NO INDICATION OF INJURY,0,0,0,0,0,2,0,20,4,3,41.74432767,-87.74104847,POINT (-87.741048472748 41.744327668263)
1cc8a3eda7ffa9108b0fa4ac344c401da0af730293f5d481d8a8e6636114401a8d56e4d303f423436e8d25746fbe0cfd01001a7ad3fb3b151b8876903ca5d7a2,JF176750,,3/17/2022 8:52,30,STOP SIGN/FLASHER,FUNCTIONING PROPERLY,CLEAR,DAYLIGHT,ANGLE,NOT DIVIDED,,STRAIGHT AND LEVEL,DRY,NO DEFECTS,ON SCENE,INJURY AND / OR TOW DUE TO CRASH,Y,,,"OVER $1,500",3/17/2022 8:54,UNABLE TO DETERMINE,IMPROPER OVERTAKING/PASSING,100,S,HOMAN AVE,1123,,,,,,,2,"REPORTED, NOT EVIDENT",5,0,0,0,5,0,0,8,5,3,41.87952566,-87.71110998,POINT (-87.71110997717 41.879525656069)
9db443ea1ec279dfa60d7d47dcd705be54f81da709898746f79ab35de27ee048eaa5b0fff965a1e868415520dd7c1ffa56847cfbbd4d99fbcfb8cf454cf2bbc7,JF177731,,3/18/2022 0:09,30,TRAFFIC SIGNAL,FUNCTIONING PROPERLY,CLEAR,"DARKNESS, LIGHTED ROAD",ANGLE,DIVIDED - W/MEDIAN (NOT RAISED),,STRAIGHT AND LEVEL,DRY,UNKNOWN,ON SCENE,INJURY AND / OR TOW DUE TO CRASH,Y,,,"OVER $1,500",3/18/2022 0:09,DISREGARDING TRAFFIC SIGNALS,FAILING TO REDUCE SPEED TO AVOID CRASH,3600,W,ROOSEVELT RD,1133,,,,,,,2,NONINCAPACITATING INJURY,2,0,0,2,0,1,0,0,6,3,41.86639889,-87.71548368,POINT (-87.715483678285 41.866398891809)
4d0e1172f633ce1772622294c541c2e17289609487260abafdc999a35420fc60a20190f2d2aa57f9d261d8d4ea3036b87175b6185fc88634b9255b461c14d1e0,JF175902,,3/16/2022 14:00,30,TRAFFIC SIGNAL,FUNCTIONING PROPERLY,CLEAR,DAYLIGHT,TURNING,FOUR WAY,,STRAIGHT AND LEVEL,DRY,NO DEFECTS,ON SCENE,NO INJURY / DRIVE AWAY,Y,,,"OVER $1,500",3/16/2022 14:01,FAILING TO YIELD RIGHT-OF-WAY,IMPROPER TURNING/NO SIGNAL,5065,N,CICERO AVE,1712,,,,,,,2,NO INDICATION OF INJURY,0,0,0,0,0,4,0,14,4,3,41.97355375,-87.74779883,POINT (-87.747798827504 41.973553749872)
1a81284659c26d49af04f69e1500d540720a0201d5b57884a7e2dc7bec79373042d24313e936b6c16200f16362dae89c18d920b4f54b84d23cfa120598259e8f,JF177128,,3/17/2022 14:05,30,TRAFFIC SIGNAL,FUNCTIONING PROPERLY,CLEAR,DAYLIGHT,SIDESWIPE SAME DIRECTION,DIVIDED - W/MEDIAN (NOT RAISED),,STRAIGHT AND LEVEL,DRY,NO DEFECTS,ON SCENE,INJURY AND / OR TOW DUE TO CRASH,,,,"$501 - $1,500",3/17/2022 14:05,DRIVING SKILLS/KNOWLEDGE/EXPERIENCE,DRIVING SKILLS/KNOWLEDGE/EXPERIENCE,801,N,CICERO AVE,1111,,,,,,,2,NONINCAPACITATING INJURY,1,0,0,1,0,1,0,14,5,3,41.89505399,-87.74566176,POINT (-87.745661761541 41.895053985434)
2aae9af0c0efded099b6c649414af356ac6f9910785bb82ac0266899aed4ba4db0d69acb95ddc4a852d33c41593b189fd65cc8aebee0c5fb5d36fc5824690ff1,JF176834,,3/17/2022 10:23,30,NO CONTROLS,NO CONTROLS,CLEAR,DAYLIGHT,TURNING,ALLEY,,STRAIGHT AND LEVEL,DRY,NO DEFECTS,ON SCENE,NO INJURY / DRIVE AWAY,,,,"OVER $1,500",3/17/2022 10:23,DRIVING SKILLS/KNOWLEDGE/EXPERIENCE,NOT APPLICABLE,4344,N,SPRINGFIELD AVE,1723,,,,,,,2,NO INDICATION OF INJURY,0,0,0,0,0,2,0,10,5,3,41.96048873,-87.72551427,POINT (-87.725514270108 41.960488730977)
5d5c979fde0a25397262cdccb35db9e932c3cac3d095ec4c2e9bf64bef58263167b4ad76b5151f3ae17c7c7b344fb7463079f9f62c922537bd0a97b054221757,JF177474,Y,3/16/2022 18:00,30,TRAFFIC SIGNAL,FUNCTIONING PROPERLY,CLEAR,DAYLIGHT,REAR END,DIVIDED - W/MEDIAN (NOT RAISED),,STRAIGHT AND LEVEL,DRY,NO DEFECTS,NOT ON SCENE (DESK REPORT),NO INJURY / DRIVE AWAY,Y,,,"OVER $1,500",3/17/2022 18:20,UNABLE TO DETERMINE,UNABLE TO DETERMINE,335,N,AUSTIN BLVD,1512,,,,,,,2,NO INDICATION OF INJURY,0,0,0,0,0,2,0,18,4,3,41.88658689,-87.77471806,POINT (-87.774718062079 41.886586886906)
42646d952f4e3c33a28ef6dbfc2298316bc19a466db747dd896549954c4a9a3a3ef34bf00bf17add2a2a68cda35471750dc13360dd1a55ebc3acffa01f3efe91,JF177015,,3/17/2022 12:37,15,NO CONTROLS,NO CONTROLS,CLEAR,DAYLIGHT,OTHER OBJECT,ALLEY,,STRAIGHT AND LEVEL,DRY,NO DEFECTS,ON SCENE,NO INJURY / DRIVE AWAY,,,,"$501 - $1,500",3/17/2022 12:38,UNABLE TO DETERMINE,NOT APPLICABLE,4450,W,LELAND AVE,1722,,,,,,,1,NO INDICATION OF INJURY,0,0,0,0,0,1,0,12,5,3,41.96638944,-87.7406186,POINT (-87.740618601653 41.966389437871)
466d28d1c9841fba00ef64300750f54a37190b2290ef6cb965c0554125925278f6c8d526186d495c2815e29f39e76dd59fb7dee4c8d2b6addd89c76fb89f8830,JF176795,,3/17/2022 9:35,30,TRAFFIC SIGNAL,FUNCTIONING PROPERLY,CLEAR,DAYLIGHT,FIXED OBJECT,DIVIDED - W/MEDIAN BARRIER,,STRAIGHT AND LEVEL,DRY,NO DEFECTS,NOT ON SCENE (DESK REPORT),NO INJURY / DRIVE AWAY,Y,,,"OVER $1,500",3/17/2022 10:25,UNABLE TO DETERMINE,NOT APPLICABLE,300,E,LOWER RANDOLPH ST,114,,,,,,,1,NO INDICATION OF INJURY,0,0,0,0,0,1,0,9,5,3,41.88452957,-87.62052732,POINT (-87.620527320212 41.884529565628)
6c14e8c2c1aba2962b9f3c16940d66a5883c7cf1964a54e64708d84e4ff0810e180833fecbd91dd5c7c76868bc5265b5c19b2499bd57f4db155ef4b392a0c497,JF177491,,3/17/2022 18:18,30,TRAFFIC SIGNAL,FUNCTIONING PROPERLY,CLEAR,DAYLIGHT,SIDESWIPE SAME DIRECTION,DIVIDED - W/MEDIAN (NOT RAISED),,STRAIGHT AND LEVEL,DRY,NO DEFECTS,ON SCENE,NO INJURY / DRIVE AWAY,Y,,,"OVER $1,500",3/17/2022 18:20,IMPROPER LANE USAGE,NOT APPLICABLE,3600,N,KIMBALL AVE,1732,,,,,,,2,NO INDICATION OF INJURY,0,0,0,0,0,2,0,18,5,3,41.94665523,-87.71286325,POINT (-87.712863252017 41.946655226909)
71519793fc2d25be93b85426be4be7c69d03b45e30fe0ca05beaee167086b20b067fedf2cf4e4f5635e7abfadecadb58467bddbc9b5f4183cdb944436e38f527,JF176650,,3/16/2022 16:40,30,TRAFFIC SIGNAL,FUNCTIONING PROPERLY,CLEAR,DAYLIGHT,SIDESWIPE SAME DIRECTION,NOT DIVIDED,,STRAIGHT AND LEVEL,DRY,NO DEFECTS,NOT ON SCENE (DESK REPORT),NO INJURY / DRIVE AWAY,,,Y,"OVER $1,500",3/17/2022 7:20,IMPROPER OVERTAKING/PASSING,UNABLE TO DETERMINE,651,S,CICERO AVE,1131,,,,,,,2,NO INDICATION OF INJURY,0,0,0,0,0,2,0,16,4,3,41.87208345,-87.74478582,POINT (-87.744785816519 41.87208344809)
357cb4c02112e7133f1468cdc41d84e5b95fc4293e12cecd5e1326057ef2ef4f608cb5874cce8914642fbba4945daf830ab273c5e4a85243c64c0ac4efb2ff20,JF175206,,3/15/2022 20:21,30,NO CONTROLS,NO CONTROLS,CLEAR,DARKNESS,PARKED MOTOR VEHICLE,ONE-WAY,,STRAIGHT AND LEVEL,DRY,NO DEFECTS,ON SCENE,INJURY AND / OR TOW DUE TO CRASH,,,,"OVER $1,500",3/15/2022 20:29,FAILING TO REDUCE SPEED TO AVOID CRASH,NOT APPLICABLE,4671,S,MICHIGAN AVE,215,,,,,,,4,NO INDICATION OF INJURY,0,0,0,0,0,2,0,20,3,3,41.80938059,-87.62269197,POINT (-87.622691971646 41.809380586729)
19794ad62395e900289b578b0b9950ee7e050e9f5b1fd392491c76391cdb9d67cd90cedbbe775db499864c8ea576740bb2d579e3daff33aa334be81f73742834,JF177261,,3/17/2022 15:30,30,TRAFFIC SIGNAL,FUNCTIONING PROPERLY,CLEAR,DAYLIGHT,SIDESWIPE SAME DIRECTION,NOT DIVIDED,,STRAIGHT AND LEVEL,DRY,NO DEFECTS,NOT ON SCENE (DESK REPORT),NO INJURY / DRIVE AWAY,,,N,"OVER $1,500",3/17/2022 15:55,UNABLE TO DETERMINE,NOT APPLICABLE,3202,N,KEDZIE AVE,1733,,,,,,,2,NO INDICATION OF INJURY,0,0,0,0,0,2,0,15,5,3,41.93940576,-87.70785074,POINT (-87.707850739525 41.939405762869)
1fd6e47ff6b69f9137cda4e5ef57ee739e6f9fbe3ec1b488e913784a6d20bad59704b0e3fb4fbf6387a9ca318fbfe702e927032f2d697975191495b11a3df768,JF177037,,3/17/2022 12:21,30,NO CONTROLS,NO CONTROLS,CLEAR,DAYLIGHT,SIDESWIPE SAME DIRECTION,NOT DIVIDED,,STRAIGHT AND LEVEL,DRY,NO DEFECTS,NOT ON SCENE (DESK REPORT),NO INJURY / DRIVE AWAY,,,,"$501 - $1,500",3/17/2022 13:15,IMPROPER LANE USAGE,DRIVING SKILLS/KNOWLEDGE/EXPERIENCE,6002,N,WESTERN AVE,2413,,,,,,,2,NO INDICATION OF INJURY,0,0,0,0,0,2,0,12,5,3,41.99063923,-87.68982417,POINT (-87.689824169564 41.990639232657)
02a0679209185da6c2b22630d64b8be059037109c2563d3cf6f3c768aa97083b18aef4acc7fc14513dc9bf5b096fcf6ca0dd1afc8665e08b190593fc6f06dbbc,JF145352,,2/15/2022 15:26,30,NO CONTROLS,NO CONTROLS,CLEAR,DAYLIGHT,PARKED MOTOR VEHICLE,NOT DIVIDED,,STRAIGHT AND LEVEL,DRY,UNKNOWN,,INJURY AND / OR TOW DUE TO CRASH,,,Y,"OVER $1,500",2/15/2022 15:27,UNABLE TO DETERMINE,NOT APPLICABLE,360,W,BELDEN AVE,1814,,,,,,,2,NONINCAPACITATING INJURY,1,0,0,1,0,3,0,15,3,2,41.92388949,-87.63881691,POINT (-87.638816909562 41.923889487092)
301159d36592bd906a3213cd1b563e16753dbebb6a968a9fcc6940da74246ace148a64334886d0d159db5bd2f0358705bef48afcfc5998ed32d3ca0df44f8346,JF176852,,3/16/2022 18:00,30,NO CONTROLS,NO CONTROLS,CLEAR,DAYLIGHT,ANGLE,OTHER,,STRAIGHT AND LEVEL,DRY,NO DEFECTS,NOT ON SCENE (DESK REPORT),NO INJURY / DRIVE AWAY,,,,"OVER $1,500",3/17/2022 10:45,FAILING TO YIELD RIGHT-OF-WAY,NOT APPLICABLE,601,S,FINANCIAL PL,123,,,,,,,2,NO INDICATION OF INJURY,0,0,0,0,0,2,0,18,4,3,41.8744366,-87.63247048,POINT (-87.632470477826 41.874436596321)
93d1c56dc5e42396680352a5cc2aae009361408ecd590d30ac6e45e22861f7b6d67ab6fabe8072d9f1a96e0755cf00df65013f4f80d14c76887cd10244cc4d31,JF177292,,3/16/2022 16:15,30,TRAFFIC SIGNAL,FUNCTIONING PROPERLY,CLEAR,DAYLIGHT,REAR END,NOT DIVIDED,,STRAIGHT AND LEVEL,DRY,NO DEFECTS,NOT ON SCENE (DESK REPORT),NO INJURY / DRIVE AWAY,,,,"$501 - $1,500",3/17/2022 16:00,UNABLE TO DETERMINE,NOT APPLICABLE,6500,S,WESTERN AVE,832,,,,,,,2,NO INDICATION OF INJURY,0,0,0,0,0,2,0,16,4,3,41.77550576,-87.68369146,POINT (-87.683691462002 41.775505758518)
23883c868c44b9a1c799f7c0fdb183cdf2eb887b416463b357c687243194fccf30b5d74af2c84fdfbb83b9b8b282f66f2935a76b4774ea9929966146663f8d46,JF177265,,3/17/2022 15:00,30,TRAFFIC SIGNAL,FUNCTIONING PROPERLY,CLEAR,DAYLIGHT,TURNING,NOT DIVIDED,,STRAIGHT AND LEVEL,DRY,NO DEFECTS,NOT ON SCENE (DESK REPORT),NO INJURY / DRIVE AWAY,Y,,,"OVER $1,500",3/17/2022 16:00,FAILING TO YIELD RIGHT-OF-WAY,UNABLE TO DETERMINE,3159,W,NORTH AVE,1423,,,,,,,2,NO INDICATION OF INJURY,0,0,0,0,0,2,0,15,5,3,41.91000573,-87.70689504,POINT (-87.706895043031 41.91000573099)
3a0d6039cc8df00fb4aa3cd4fa9fa8bacb768e8bf124944b8c43f9a95135489c390540931c1e03702cba649e8f5cb6d9c2d978f1c0c8b34f7869d4776cd6eee2,JF177503,,3/17/2022 15:00,30,TRAFFIC SIGNAL,FUNCTIONING PROPERLY,CLEAR,DAYLIGHT,ANGLE,NOT DIVIDED,,STRAIGHT AND LEVEL,DRY,NO DEFECTS,NOT ON SCENE (DESK REPORT),NO INJURY / DRIVE AWAY,Y,,Y,"OVER $1,500",3/17/2022 16:00,FAILING TO YIELD RIGHT-OF-WAY,FAILING TO YIELD RIGHT-OF-WAY,5100,S,HYDE PARK BLVD,234,,,,,,,2,NO INDICATION OF INJURY,0,0,0,0,0,2,0,15,5,3,41.80244981,-87.58535529,POINT (-87.585355286102 41.80244980916)
7990f5743d2bc4877b8232b6be33ed2051d6f96d6f53a3c03bf6b548f5b0b8d90936c3cfc304c0311d0b3f69bdfe12d0179e273f2b6b0c702c8171173c55804d,JF177281,,3/17/2022 14:30,30,TRAFFIC SIGNAL,FUNCTIONING PROPERLY,CLEAR,DAYLIGHT,SIDESWIPE SAME DIRECTION,NOT DIVIDED,,STRAIGHT AND LEVEL,DRY,NO DEFECTS,NOT ON SCENE (DESK REPORT),NO INJURY / DRIVE AWAY,,,Y,"OVER $1,500",3/17/2022 16:10,IMPROPER OVERTAKING/PASSING,UNABLE TO DETERMINE,2232,E,103RD ST,431,,,,,,,2,NO INDICATION OF INJURY,0,0,0,0,0,2,0,14,5,3,41.70813992,-87.56921807,POINT (-87.569218066661 41.708139916076)
1cceba37ab8c9f59a8a45a83c4512e081d45a88bd2950158013ac31ea2384f16efd74c375f49c535f606606b088f166de52da46d9a1c78cae29efeadae0160d0,JF175721,,3/16/2022 11:10,30,NO CONTROLS,NO CONTROLS,CLEAR,DAYLIGHT,ANGLE,NOT DIVIDED,,STRAIGHT AND LEVEL,DRY,NO DEFECTS,NOT ON SCENE (DESK REPORT),NO INJURY / DRIVE AWAY,,,,"OVER $1,500",3/16/2022 11:45,UNABLE TO DETERMINE,UNABLE TO DETERMINE,1900,W,BELMONT AVE,1922,,,,,,,2,NO INDICATION OF INJURY,0,0,0,0,0,2,0,11,4,3,41.93971005,-87.67605455,POINT (-87.676054552776 41.93971005362)
2cca2321e86af167e265f5f369da1256bacbc994e348f428a0edf4a1a6dccfc6d73d282ce4ea318b7bd8d4f170f37f187d7152f583a7ccd66a284211e4178abb,JF177425,,3/17/2022 17:15,25,NO CONTROLS,NO CONTROLS,CLEAR,DAYLIGHT,SIDESWIPE SAME DIRECTION,NOT DIVIDED,,STRAIGHT AND LEVEL,DRY,NO DEFECTS,NOT ON SCENE (DESK REPORT),NO INJURY / DRIVE AWAY,,,,"OVER $1,500",3/17/2022 17:45,IMPROPER LANE USAGE,NOT APPLICABLE,1220,W,99TH ST,2213,,,,,,,2,NO INDICATION OF INJURY,0,0,0,0,0,2,0,17,5,3,41.71418705,-87.653644,POINT (-87.653644002321 41.714187049006)
886187481dd7018394a976da47294419a52002f5b4971b78ad37411ce72d70dbc5c2ad1a66710cd072bade2e40397894238cfa587359e3c66b3d1e0a96e2cefb,JF177467,,3/17/2022 14:40,30,NO CONTROLS,NO CONTROLS,CLEAR,DAYLIGHT,PARKED MOTOR VEHICLE,DIVIDED - W/MEDIAN (NOT RAISED),,STRAIGHT AND LEVEL,DRY,NO DEFECTS,NOT ON SCENE (DESK REPORT),NO INJURY / DRIVE AWAY,,,Y,"$501 - $1,500",3/17/2022 18:00,UNABLE TO DETERMINE,UNABLE TO DETERMINE,7030,N,SACRAMENTO AVE,2411,,,,,,,2,NO INDICATION OF INJURY,0,0,0,0,0,2,0,14,5,3,42.00930696,-87.70465502,POINT (-87.70465502159 42.009306960737)