CRASH_RECORD_ID,RD_NO,CRASH_DATE_EST_I,CRASH_DATE,POSTED_SPEED_LIMIT,TRAFFIC_CONTROL_DEVICE,DEVICE_CONDITION,WEATHER_CONDITION,LIGHTING_CONDITION,FIRST_CRASH_TYPE,TRAFFICWAY_TYPE,LANE_CNT,ALIGNMENT,ROADWAY_SURFACE_COND,ROAD_DEFECT,REPORT_TYPE,CRASH_TYPE,INTERSECTION_RELATED_I,NOT_RIGHT_OF_WAY_I,HIT_AND_RUN_I,DAMAGE,DATE_POLICE_NOTIFIED,PRIM_CONTRIBUTORY_CAUSE,SEC_CONTRIBUTORY_CAUSE,STREET_NO,STREET_DIRECTION,STREET_NAME,BEAT_OF_OCCURRENCE,PHOTOS_TAKEN_I,STATEMENTS_TAKEN_I,DOORING_I,WORK_ZONE_I,WORK_ZONE_TYPE,WORKERS_PRESENT_I,NUM_UNITS,MOST_SEVERE_INJURY,INJURIES_TOTAL,INJURIES_FATAL,INJURIES_INCAPACITATING,INJURIES_NON_INCAPACITATING,INJURIES_REPORTED_NOT_EVIDENT,INJURIES_NO_INDICATION,INJURIES_UNKNOWN,CRASH_HOUR,CRASH_DAY_OF_WEEK,CRASH_MONTH,LATITUDE,LONGITUDE,LOCATION
cf34521db4fbbb96769c7480b37bf416999814d05dba9448033bfcd8c0b3468f3e355cdd570c2baad9724df01c56171229e42960dfc1800178bce26a6097c92b,JF176589,,3/17/2022 4:50,35,NO CONTROLS,NO CONTROLS,CLEAR,"DARKNESS, LIGHTED ROAD",TURNING,NOT DIVIDED,,STRAIGHT AND LEVEL,DRY,UNKNOWN,ON SCENE,INJURY AND / OR TOW DUE TO CRASH,Y,,,"$501 - $1,500",3/17/2022 5:00,UNABLE TO DETERMINE,NOT APPLICABLE,3400,W,79TH ST,835,,,,,,,2,NO INDICATION OF INJURY,0,0,0,0,0,2,0,4,5,3,41.74990324,-87.70734839,POINT (-87.707348392008 41.749903241984)
36a25ef363eec1799bdd0687d11f884a7202cdaf119635daa1a2f1f5bc79b22e9a7d4db007cc502a1cf80d4bfabfe5f9084c592367fd9d7a190665a8bd09be9b,JF176191,,3/16/2022 15:31,30,NO CONTROLS,UNKNOWN,CLEAR,DAYLIGHT,PARKED MOTOR VEHICLE,NOT DIVIDED,,STRAIGHT AND LEVEL,DRY,NO DEFECTS,ON SCENE,NO INJURY / DRIVE AWAY,,,Y,"$501 - $1,500",3/16/2022 17:20,DRIVING SKILLS/KNOWLEDGE/EXPERIENCE,UNABLE TO DETERMINE,26,S,STATE ST,112,,,,,,,2,NO INDICATION OF INJURY,0,0,0,0,0,1,0,15,4,3,41.88138972,-87.62789646,POINT (-87.627896455838 41.881389714577)
5944116c45f5ef9f300c673a155b58c60cd1798920b1109a94cd66a75a13ad58d9af18e42923850adbad914c0d1f5e55a77361a559ee6a27a27a0b0983452c8f,JF176931,,3/16/2022 12:15,30,TRAFFIC SIGNAL,FUNCTIONING PROPERLY,CLEAR,"DARKNESS, LIGHTED ROAD",REAR END,NOT DIVIDED,,STRAIGHT AND LEVEL,DRY,NO DEFECTS,NOT ON SCENE (DESK REPORT),NO INJURY / DRIVE AWAY,,,,"OVER $1,500",3/17/2022 11:45,UNABLE TO DETERMINE,UNABLE TO DETERMINE,2100,N,AUSTIN AVE,2512,,,,,,,2,NO INDICATION OF INJURY,0,0,0,0,0,2,0,12,4,3,41.91801573,-87.77566564,POINT (-87.775665643777 41.918015728249)
40a9731d91cefca715afb2b8b9637b495649ecd62ceb25ff0b432a06b3075f425a1d2fb2c09b2b661ed7e3735f68707ae84af241c350a06b3d3cc6e35fd97982,JF176353,,3/15/2022 16:45,30,NO CONTROLS,NO CONTROLS,CLEAR,DUSK,SIDESWIPE SAME DIRECTION,NOT DIVIDED,,STRAIGHT AND LEVEL,DRY,NO DEFECTS,NOT ON SCENE (DESK REPORT),NO INJURY / DRIVE AWAY,,,,"$501 - $1,500",3/16/2022 20:20,UNABLE TO DETERMINE,UNABLE TO DETERMINE,425,S,LOWER WACKER DR,122,,,,,,,2,NO INDICATION OF INJURY,0,0,0,0,0,2,0,16,3,3,41.87637019,-87.63629854,POINT (-87.636298537345 41.876370190394)
1b2631c52bcd8baefdc6b4dfe20d6901e464cc15624ceed150acbe3fe7ed40b16d2883bd0d41af57c26198b365b1793660c75a60f8a3c98198145a52f728701f,JF177657,,3/17/2022 21:15,30,TRAFFIC SIGNAL,FUNCTIONING PROPERLY,CLEAR,"DARKNESS, LIGHTED ROAD",ANGLE,FOUR WAY,,STRAIGHT AND LEVEL,DRY,NO DEFECTS,NOT ON SCENE (DESK REPORT),NO INJURY / DRIVE AWAY,Y,,,"OVER $1,500",3/17/2022 21:45,"OPERATING VEHICLE IN ERRATIC, RECKLESS, CARELESS, NEGLIGENT OR AGGRESSIVE MANNER",IMPROPER BACKING,1152,W,RANDOLPH ST,1224,,,,,,,2,NO INDICATION OF INJURY,0,0,0,0,0,2,0,21,5,3,41.88435738,-87.65644927,POINT (-87.656449266285 41.884357377443)
37fdb6bd0af007ea2c0de0fd3ad779ae2c148bc1b5df0e158036fa7e7b6a01b5bca2e8be2508dc3a7c9b69da39fd4db9d22e9f0de5f0ee5f4e5cda248d91785d,JF177640,,3/17/2022 20:00,30,NO CONTROLS,NO CONTROLS,CLEAR,"DARKNESS, LIGHTED ROAD",SIDESWIPE SAME DIRECTION,ONE-WAY,,STRAIGHT AND LEVEL,DRY,NO DEFECTS,NOT ON SCENE (DESK REPORT),NO INJURY / DRIVE AWAY,,,,$500 OR LESS,3/17/2022 21:35,UNABLE TO DETERMINE,NOT APPLICABLE,7450,N,GREENVIEW AVE,2422,,,,,,,2,NO INDICATION OF INJURY,0,0,0,0,0,2,0,20,5,3,42.01752161,-87.66833628,POINT (-87.668336275869 42.017521609964)
1902c111a9778704b44d687e92cc96ebebbad632591aad8a68dea1ff2df0797e3ff31cb2865a97c8a922fbe4f27036422d001d183f5a0024e984b76898bdfa1e,JF177185,,3/16/2022 15:15,20,NO CONTROLS,NO CONTROLS,CLEAR,DAYLIGHT,PARKED MOTOR VEHICLE,DIVIDED - W/MEDIAN (NOT RAISED),,STRAIGHT AND LEVEL,UNKNOWN,UNKNOWN,NOT ON SCENE (DESK REPORT),NO INJURY / DRIVE AWAY,,,Y,"$501 - $1,500",3/17/2022 14:55,UNABLE TO DETERMINE,UNABLE TO DETERMINE,730,E,63RD ST,313,,,,,,,2,NO INDICATION OF INJURY,0,0,0,0,0,1,0,15,4,3,41.78049996,-87.60725207,POINT (-87.607252066342 41.780499956032)
83106522f58b38de32e643306ffed13737c70b63be3bd54ef39ec685a4213ae3021c3c998f3fe269470558feab7588d453926bdf5ad7f9588d276f0b8cc4532a,JF175679,,3/16/2022 11:20,30,TRAFFIC SIGNAL,FUNCTIONING PROPERLY,CLEAR,DAYLIGHT,TURNING,FOUR WAY,,STRAIGHT AND LEVEL,DRY,NO DEFECTS,ON SCENE,INJURY AND / OR TOW DUE TO CRASH,Y,,,"OVER $1,500",3/16/2022 11:23,UNABLE TO DETERMINE,UNABLE TO DETERMINE,1600,E,95TH ST,413,,,,,,,2,"REPORTED, NOT EVIDENT",2,0,0,0,2,1,0,11,4,3,41.72244946,-87.58500357,POINT (-87.585003569109 41.722449457011)
46baab217747232c2c1f10053e6deec7afd0e71cc833036fdff46a5fd5090d6f34869959fb356c61310e77e63516a13288fd17a7a389546231197b3e115150ff,JF176815,,3/17/2022 10:00,35,TRAFFIC SIGNAL,FUNCTIONING PROPERLY,CLEAR,DUSK,REAR END,DIVIDED - W/MEDIAN (NOT RAISED),,STRAIGHT AND LEVEL,DRY,NO DEFECTS,ON SCENE,NO INJURY / DRIVE AWAY,,,,$500 OR LESS,3/17/2022 10:05,FOLLOWING TOO CLOSELY,NOT APPLICABLE,10333,S,HALSTED ST,2232,,,,,,,2,NO INDICATION OF INJURY,0,0,0,0,0,2,0,10,5,3,41.70592373,-87.64265706,POINT (-87.642657062437 41.705923729912)
e09a1e4d8fbf19d0a0078f63889b4b56f1d7190fd932a0009707c235b942cb66691c43cc96fc6732ec22fc2e1d0407bd9e737ecd358362597add119752816ae4,JF171397,,3/12/2022 11:40,5,NO CONTROLS,NO CONTROLS,CLEAR,DAYLIGHT,HEAD ON,RAMP,,STRAIGHT ON GRADE,DRY,NO DEFECTS,NOT ON SCENE (DESK REPORT),NO INJURY / DRIVE AWAY,,Y,,"OVER $1,500",3/12/2022 12:00,FAILING TO YIELD RIGHT-OF-WAY,UNABLE TO DETERMINE,21,E,HURON ST,1834,,,,,,,2,NO INDICATION OF INJURY,0,0,0,0,0,2,0,11,7,3,41.89478018,-87.62721724,POINT (-87.627217241169 41.894780179819)
4a9930f379ffb0d44b2ca5584a5f53090a96eeaf1c7f6f431b9fedba785369cf7e8e0ddfd768e2ac008adb15ba2319aca14b2bcf3178716974a6ebb5ea80cf3a,JF177412,,3/17/2022 13:23,30,NO CONTROLS,NO CONTROLS,CLEAR,DAYLIGHT,TURNING,NOT DIVIDED,,STRAIGHT AND LEVEL,DRY,UNKNOWN,ON SCENE,NO INJURY / DRIVE AWAY,,,,"$501 - $1,500",3/17/2022 17:30,IMPROPER TURNING/NO SIGNAL,IMPROPER TURNING/NO SIGNAL,7120,S,YATES BLVD,334,,,,,,,2,NO INDICATION OF INJURY,0,0,0,0,0,2,0,13,5,3,41.76550927,-87.56665106,POINT (-87.56665105758 41.765509265744)
504e609f210283f80b608bf9dd584028941ec1f6925d1793e4094fc576916b1e0af4b419934d46255f71e08bcce4bbfeb6f85d0b62fd56a76c0ffa3aa8bcaed1,JF177290,,3/17/2022 15:48,30,TRAFFIC SIGNAL,UNKNOWN,CLEAR,DAYLIGHT,PEDALCYCLIST,NOT DIVIDED,,STRAIGHT AND LEVEL,UNKNOWN,UNKNOWN,ON SCENE,INJURY AND / OR TOW DUE TO CRASH,Y,,,"OVER $1,500",3/17/2022 15:50,UNABLE TO DETERMINE,UNABLE TO DETERMINE,1200,N,CLARK ST,1821,,,,,,,2,"REPORTED, NOT EVIDENT",1,0,0,0,1,1,0,15,5,3,41.90399233,-87.6315949,POINT (-87.631594895269 41.903992332756)
5c1f906ba12b4fcecbade3233929476d228368ef3f115d9a0e6f6c1768aa90fa614cb07518405f294f4768f15fd2600cc2dad54c6c2fdb063383744e0bdfb93c,JF176993,,3/17/2022 12:20,30,NO CONTROLS,NO CONTROLS,CLEAR,DAYLIGHT,PARKED MOTOR VEHICLE,NOT DIVIDED,,STRAIGHT AND LEVEL,DRY,NO DEFECTS,ON SCENE,NO INJURY / DRIVE AWAY,,,,"OVER $1,500",3/17/2022 12:21,IMPROPER TURNING/NO SIGNAL,IMPROPER TURNING/NO SIGNAL,3955,W,MADISON ST,1122,,,,,,,2,NO INDICATION OF INJURY,0,0,0,0,0,1,0,12,5,3,41.88063087,-87.72467724,POINT (-87.724677234981 41.880630872159)
42dbb82283df359b79f10eaa36b102f7e6172d6b3b3db320a524bd0d9f5f285872fb83df7c5f002ac1f38a6cafdba568d87289e36020a78c7ddf70e03228f744,JF176014,,3/16/2022 14:05,30,TRAFFIC SIGNAL,FUNCTIONING PROPERLY,CLEAR,DAYLIGHT,REAR END,DIVIDED - W/MEDIAN BARRIER,,STRAIGHT AND LEVEL,DRY,NO DEFECTS,ON SCENE,INJURY AND / OR TOW DUE TO CRASH,,,,"$501 - $1,500",3/16/2022 14:16,DISTRACTION - FROM INSIDE VEHICLE,FOLLOWING TOO CLOSELY,7858,S,ASHLAND AVE,611,,,,,,,2,NONINCAPACITATING INJURY,2,0,0,2,0,0,0,14,4,3,41.75044455,-87.6635876,POINT (-87.663587602693 41.750444546457)
57b4f0936037995f07fcc16ff179d14ba90b56633590bc82cf23fe2d027053b3203cc6a8c9abf04f1daad7787228950290912f08b580716066685724466bd269,JF177193,,3/17/2022 14:20,30,NO CONTROLS,NO CONTROLS,CLEAR,DAYLIGHT,REAR END,DIVIDED - W/MEDIAN BARRIER,,STRAIGHT AND LEVEL,DRY,NO DEFECTS,NOT ON SCENE (DESK REPORT),NO INJURY / DRIVE AWAY,,,,"OVER $1,500",3/17/2022 15:00,UNABLE TO DETERMINE,UNABLE TO DETERMINE,300,N,CENTRAL AVE,1512,,,,,,,2,NO INDICATION OF INJURY,0,0,0,0,0,3,0,14,5,3,41.88579153,-87.76520617,POINT (-87.765206168337 41.88579152541)
af456d01d37f92893becb6842448b758fdfbbdb5b644dae20d0216c6d5405adef7c5d44e4b0a3313e241f03a8d0bf6d2cd983f9bc145b57d7ccacaed27535b3c,JF174416,,3/15/2022 8:52,30,STOP SIGN/FLASHER,FUNCTIONING PROPERLY,CLEAR,DAYLIGHT,ANGLE,FOUR WAY,,STRAIGHT AND LEVEL,DRY,NO DEFECTS,ON SCENE,INJURY AND / OR TOW DUE TO CRASH,Y,,,"OVER $1,500",3/15/2022 8:56,FAILING TO YIELD RIGHT-OF-WAY,UNABLE TO DETERMINE,5000,S,INDIANA AVE,224,,,,,,,2,NONINCAPACITATING INJURY,1,0,0,1,0,2,0,8,3,3,41.80375452,-87.62121706,POINT (-87.621217056525 41.803754521177)
5e70fd343c08412007c6beeebc95e2ad4fecb8ca00433f3cd8dee3f52446ae772a388b1ce5e26c480e4d131efb544eef957655a31fc3c0436c175c9c0738e0d0,JF177225,,3/17/2022 15:00,30,NO CONTROLS,NO CONTROLS,CLEAR,DAYLIGHT,PARKED MOTOR VEHICLE,DIVIDED - W/MEDIAN BARRIER,,STRAIGHT AND LEVEL,DRY,NO DEFECTS,ON SCENE,NO INJURY / DRIVE AWAY,,,,"$501 - $1,500",3/17/2022 15:15,UNABLE TO DETERMINE,NOT APPLICABLE,4346,W,CERMAK RD,1012,,,,,,,2,NO INDICATION OF INJURY,0,0,0,0,0,2,0,15,5,3,41.85151622,-87.73400023,POINT (-87.734000229854 41.851516217024)
d545785c48958adf9ef042831942535b601d09845aaad49ad74f30c6713007fd1583c595fd635ec62be0960efdeefe4d8469d72550557556932d8d489fad1d7c,JF176736,,3/17/2022 8:25,25,STOP SIGN/FLASHER,FUNCTIONING PROPERLY,CLEAR,DAYLIGHT,ANGLE,FOUR WAY,,STRAIGHT AND LEVEL,DRY,NO DEFECTS,ON SCENE,INJURY AND / OR TOW DUE TO CRASH,Y,,,"OVER $1,500",3/17/2022 8:26,UNABLE TO DETERMINE,UNABLE TO DETERMINE,11300,S,EMERALD AVE,2233,,,,,,,2,"REPORTED, NOT EVIDENT",1,0,0,0,1,1,0,8,5,3,41.68864132,-87.64119858,POINT (-87.641198582543 41.688641323647)
bc324d21c6f3c8097889608cbbebef0757150cb2191b23dad574b7d3d01ac0969e3c11100b00b2833a95687c30ff091297621d511945f975c0ae594e5d5dff33,JF175606,,3/16/2022 9:45,25,NO CONTROLS,NO CONTROLS,CLEAR,DAYLIGHT,TURNING,NOT DIVIDED,,STRAIGHT AND LEVEL,DRY,NO DEFECTS,ON SCENE,INJURY AND / OR TOW DUE TO CRASH,,,,"$501 - $1,500",3/16/2022 10:17,IMPROPER TURNING/NO SIGNAL,UNABLE TO DETERMINE,7716,S,COTTAGE GROVE AVE,624,,,,,,,2,NO INDICATION OF INJURY,0,0,0,0,0,2,0,9,4,3,41.75438654,-87.60542806,POINT (-87.605428057254 41.754386541307)
6d0d7810a7f6387054b8896d09aba1bd12d4edbca472684bf0e2c531bb04126b8617b3c3a946946b124ecee74f7fd25878fc3aa6c236fa8a35d8a75842cc8615,,,3/30/2022 17:30,30,NO CONTROLS,NO CONTROLS,RAIN,DAYLIGHT,ANGLE,NOT DIVIDED,,STRAIGHT AND LEVEL,WET,UNKNOWN,NOT ON SCENE (DESK REPORT),NO INJURY / DRIVE AWAY,,,,"OVER $1,500",3/31/2022 14:10,FAILING TO YIELD RIGHT-OF-WAY,FAILING TO YIELD RIGHT-OF-WAY,800,N,ROCKWELL ST,1211,,,,,,,2,NO INDICATION OF INJURY,0,0,0,0,0,2,0,17,4,3,41.89574509,-87.69192072,POINT (-87.691920718617 41.895745089851)
1fabf3db05743663627166742126ff976bbb0d13bfb965b666c0f6b024ddd03542fa379fde4d768fe9c8b0ab24ee78ef360bba59baf3a17b5b6ab715b5bfb597,JF176719,,3/17/2022 8:20,20,NO CONTROLS,NO CONTROLS,CLEAR,DAYLIGHT,SIDESWIPE SAME DIRECTION,ONE-WAY,,STRAIGHT AND LEVEL,DRY,NO DEFECTS,NOT ON SCENE (DESK REPORT),NO INJURY / DRIVE AWAY,,,Y,$500 OR LESS,3/17/2022 8:50,FAILING TO YIELD RIGHT-OF-WAY,UNABLE TO DETERMINE,5130,W,GRACE ST,1634,,,,,,,2,NO INDICATION OF INJURY,0,0,0,0,0,2,0,8,5,3,41.94977035,-87.7558543,POINT (-87.755854301181 41.949770350366)
4dc667bb0bafdb98f4891deb10f776cc222c9a650995109da9370d61d5699a9fb692776e1fe6096b67679b2b53d3d5b62e1a655f134941e910fbd7a7963061e5,,,3/31/2022 16:01,30,NO CONTROLS,NO CONTROLS,CLEAR,DAYLIGHT,PEDESTRIAN,DIVIDED - W/MEDIAN (NOT RAISED),,STRAIGHT AND LEVEL,DRY,NO DEFECTS,ON SCENE,INJURY AND / OR TOW DUE TO CRASH,,,Y,$500 OR LESS,3/31/2022 16:12,IMPROPER OVERTAKING/PASSING,IMPROPER OVERTAKING/PASSING,3857,W,ROOSEVELT RD,1011,,,,,,,2,NONINCAPACITATING INJURY,1,0,0,1,0,1,0,16,5,3,41.86609916,-87.72248889,POINT (-87.722488885715 41.866099155882)
d970a889c9a4b74570ae72d514f474bb560bfe2fcab2720793170a5c220f5c9ed84868b3427d58bf53603375c850e0447bfc070e9ef7f19889b47e873ad24194,,,3/31/2022 8:35,20,NO CONTROLS,NO CONTROLS,RAIN,DAYLIGHT,ANGLE,NOT DIVIDED,,STRAIGHT AND LEVEL,WET,NO DEFECTS,ON SCENE,NO INJURY / DRIVE AWAY,,,,"OVER $1,500",3/31/2022 8:45,UNABLE TO DETERMINE,UNABLE TO DETERMINE,5542,W,64TH PL,813,,,,,,,2,NO INDICATION OF INJURY,0,0,0,0,0,2,0,8,5,3,41.775454,-87.76089734,POINT (-87.760897340634 41.775454000971)
373eccf2d3de87708e7035210c87307d90a074241d4a53810050adc9642788166ec16d39afb6762dabf048ccfc080526b3965a31e0b83b9048fbced6b093ac15,,,3/31/2022 8:58,30,TRAFFIC SIGNAL,FUNCTIONING PROPERLY,RAIN,DAYLIGHT,REAR END,NOT DIVIDED,,STRAIGHT AND LEVEL,WET,NO DEFECTS,ON SCENE,INJURY AND / OR TOW DUE TO CRASH,,,,"OVER $1,500",3/31/2022 9:02,FOLLOWING TOO CLOSELY,WEATHER,4001,W,DIVISION ST,1111,,,,,,,2,NO INDICATION OF INJURY,0,0,0,0,0,2,0,8,5,3,41.90256025,-87.72635947,POINT (-87.726359466751 41.902560253776)
67261e7ae7adca08d62c561640aac8befb338e4ab8156209cda242c194c2dc00232dc4b197888dd5b4d4d6d31b70ee6b0386e2411cd95bfe6ef8567046934cdf,,,3/31/2022 7:22,30,NO CONTROLS,NO CONTROLS,RAIN,DAYLIGHT,FIXED OBJECT,DIVIDED - W/MEDIAN (NOT RAISED),,STRAIGHT AND LEVEL,WET,NO DEFECTS,NOT ON SCENE (DESK REPORT),NO INJURY / DRIVE AWAY,,,Y,"OVER $1,500",3/31/2022 9:00,DRIVING SKILLS/KNOWLEDGE/EXPERIENCE,UNABLE TO DETERMINE,4901,S,WESTERN AVE,922,,,,,,,2,NO INDICATION OF INJURY,0,0,0,0,0,2,0,7,5,3,41.80464547,-87.68422355,POINT (-87.684223545624 41.804645465232)
ea4d8abb8a4d30e48b845d0cb80bdf3a4add5b59bdb7dded5cfd06024666e7ae1868ad3b647051167973e61374fb785f0c2bc0fa8d858d1a0a3b0a3595c9982b,,,3/27/2022 16:00,30,NO CONTROLS,NO CONTROLS,UNKNOWN,DAYLIGHT,REAR TO REAR,PARKING LOT,,STRAIGHT AND LEVEL,UNKNOWN,UNKNOWN,NOT ON SCENE (DESK REPORT),NO INJURY / DRIVE AWAY,,,,"OVER $1,500",3/31/2022 18:20,UNABLE TO DETERMINE,UNABLE TO DETERMINE,5033,N,ELSTON AVE,1712,,,,,,,2,NO INDICATION OF INJURY,0,0,0,0,0,2,0,16,1,3,41.97234928,-87.74682509,POINT (-87.746825085785 41.97234928256)
db6a46b4c792f3a08d52309a3605314d83f7b80c178ea02573886c3060a2758dafd99cb4fe8d40e3618216f188c84cf786f6a1084c08f34daa4549a7c76610cc,,Y,3/31/2022 1:20,30,NO CONTROLS,NO CONTROLS,RAIN,"DARKNESS, LIGHTED ROAD",PARKED MOTOR VEHICLE,ONE-WAY,,STRAIGHT AND LEVEL,WET,NO DEFECTS,ON SCENE,NO INJURY / DRIVE AWAY,,,Y,"OVER $1,500",3/31/2022 2:34,UNABLE TO DETERMINE,NOT APPLICABLE,10402,S,MARYLAND AVE,512,,,,,,,5,NO INDICATION OF INJURY,0,0,0,0,0,1,0,1,5,3,41.70550245,-87.60289945,POINT (-87.602899454437 41.705502451993)
3b7b0fefb6de0bbab3db296f28a8b578af6f3f0001bcbfc789565d64fc022c3a7ca7caedcb0f17e537753fd456ede5968be434a882888a13a406b263a33ec156,,,3/31/2022 13:30,30,NO CONTROLS,NO CONTROLS,CLEAR,DAYLIGHT,ANGLE,NOT DIVIDED,,STRAIGHT AND LEVEL,WET,NO DEFECTS,NOT ON SCENE (DESK REPORT),INJURY AND / OR TOW DUE TO CRASH,,,,"OVER $1,500",3/31/2022 16:00,FAILING TO YIELD RIGHT-OF-WAY,NOT APPLICABLE,3143,W,DIVISION ST,1211,,,,,,,2,"REPORTED, NOT EVIDENT",1,0,0,0,1,3,0,13,5,3,41.90272939,-87.70611379,POINT (-87.706113788904 41.902729393049)
3ad7709c0bb009086612b9e1cfdf0bbcd3b6b819f41e29515dc9ad3e5f1ae103fbd4c7972ca1025050c6b7e2a8bfdbb71cd1d666e4545e3e8fc57358b87b9b93,,,3/31/2022 3:04,30,TRAFFIC SIGNAL,FUNCTIONING PROPERLY,RAIN,"DARKNESS, LIGHTED ROAD",REAR END,DIVIDED - W/MEDIAN (NOT RAISED),,STRAIGHT AND LEVEL,WET,NO DEFECTS,ON SCENE,INJURY AND / OR TOW DUE TO CRASH,Y,Y,Y,"OVER $1,500",3/31/2022 3:04,"OPERATING VEHICLE IN ERRATIC, RECKLESS, CARELESS, NEGLIGENT OR AGGRESSIVE MANNER",DISREGARDING TRAFFIC SIGNALS,4725,N,WESTERN AVE,1911,,,,,,,2,"REPORTED, NOT EVIDENT",2,0,0,0,2,2,0,3,5,3,41.96752136,-87.68872157,POINT (-87.688721573944 41.967521359307)
d19ab4c1c64c4e3107a207385fb1cb375b3385d4c21eddbaa0b9524001d685cc930e15f528cbc9b50f12443669bb70b46d166f36e84b712270d6300cf5302bf4,,,3/31/2022 2:00,35,NO CONTROLS,NO CONTROLS,RAIN,"DARKNESS, LIGHTED ROAD",FIXED OBJECT,DIVIDED - W/MEDIAN BARRIER,,STRAIGHT AND LEVEL,WET,NO DEFECTS,ON SCENE,NO INJURY / DRIVE AWAY,,,,"OVER $1,500",3/31/2022 2:00,WEATHER,IMPROPER TURNING/NO SIGNAL,3401,S,CALIFORNIA AVE,911,,,,,,,1,NO INDICATION OF INJURY,0,0,0,0,0,1,0,2,5,3,41.8321338,-87.69472806,POINT (-87.694728059276 41.83213380291)
cef38c60035460132adafe10a2090a5cfc1c3b0ded6288e87b5f1f1a6b2acb87462b56ddd8a96222d6b0b0ce6883bbe84c210a9c5457a2a0d11e3176a3ef9864,,,3/31/2022 15:00,25,NO CONTROLS,NO CONTROLS,CLEAR,DAYLIGHT,PARKED MOTOR VEHICLE,ONE-WAY,,STRAIGHT AND LEVEL,DRY,UNKNOWN,NOT ON SCENE (DESK REPORT),NO INJURY / DRIVE AWAY,,,,"OVER $1,500",3/31/2022 17:35,UNABLE TO DETERMINE,UNABLE TO DETERMINE,2831,S,RIDGEWAY AVE,1031,,,,,,,2,NO INDICATION OF INJURY,0,0,0,0,0,1,0,15,5,3,41.83971886,-87.71818157,POINT (-87.718181569492 41.839718857693)
7ad470089d7c698d961fce3a41dc8662d354e9f54d150b3677f1a388555286bb667f0657a71623526bf8333eff00c9d59b88fe9139292b8d979325985c44d2ee,,,3/31/2022 17:30,20,NO CONTROLS,NO CONTROLS,CLEAR,DAYLIGHT,PARKED MOTOR VEHICLE,ONE-WAY,,STRAIGHT AND LEVEL,DRY,NO DEFECTS,NOT ON SCENE (DESK REPORT),NO INJURY / DRIVE AWAY,,,Y,"OVER $1,500",3/31/2022 19:22,"OPERATING VEHICLE IN ERRATIC, RECKLESS, CARELESS, NEGLIGENT OR AGGRESSIVE MANNER",NOT APPLICABLE,7211,S,INDIANA AVE,323,,,,,,,2,NO INDICATION OF INJURY,0,0,0,0,0,1,0,17,5,3,41.76341826,-87.61988843,POINT (-87.619888434427 41.763418259457)
7dbde68ee5eca4eb55398bb047cfd8cbd802b40db8e151ff7942f7993eecf33e7efaa4c6b5f043dc5f6dd9ede3787f68a362de07662d34ea7e607d8d0b5a902e,,,3/30/2022 19:46,30,NO CONTROLS,NO CONTROLS,RAIN,"DARKNESS, LIGHTED ROAD",PARKED MOTOR VEHICLE,ONE-WAY,,STRAIGHT AND LEVEL,WET,NO DEFECTS,ON SCENE,INJURY AND / OR TOW DUE TO CRASH,,,,"OVER $1,500",3/30/2022 19:47,PHYSICAL CONDITION OF DRIVER,NOT APPLICABLE,3711,S,MICHIGAN AVE,212,,,,,,,2,NONINCAPACITATING INJURY,1,0,0,1,0,0,0,19,4,3,41.82711916,-87.62301315,POINT (-87.623013148577 41.827119162182)
f71faf5eac6ce61ae20749f05de5096f7d6309c1ada855230776913c0ded0a507457a15f6e989777f859ec0094bd76eddf2f621173463d6139413cdc0415b403,,Y,3/28/2022 4:45,30,NO CONTROLS,NO CONTROLS,UNKNOWN,UNKNOWN,PARKED MOTOR VEHICLE,ONE-WAY,,STRAIGHT AND LEVEL,UNKNOWN,UNKNOWN,NOT ON SCENE (DESK REPORT),NO INJURY / DRIVE AWAY,,,Y,"OVER $1,500",3/31/2022 18:10,UNABLE TO DETERMINE,UNABLE TO DETERMINE,836,W,SUNNYSIDE AVE,1914,,,,,,,2,NO INDICATION OF INJURY,0,0,0,0,0,1,0,4,2,3,41.96375967,-87.65142885,POINT (-87.651428851647 41.963759673796)
d47a522a9be17d0ea562af7dd6ceca6555645d8f7d03fc6eb6753de4390c2dbdc5656946eb1eb2222987cf3e0e5f443ee3a2970218f479c6cec4675ee770d754,,Y,3/31/2022 16:20,15,NO CONTROLS,NO CONTROLS,CLEAR,DAYLIGHT,REAR END,PARKING LOT,,STRAIGHT AND LEVEL,DRY,NO DEFECTS,ON SCENE,NO INJURY / DRIVE AWAY,,Y,Y,"$501 - $1,500",3/31/2022 16:49,FOLLOWING TOO CLOSELY,FOLLOWING TOO CLOSELY,5810,S,MARYLAND AVE,235,,N,,,,,2,NO INDICATION OF INJURY,0,0,0,0,0,2,0,16,5,3,41.78915265,-87.60510871,POINT (-87.60510870528 41.789152652265)