CRASH_RECORD_ID,RD_NO,CRASH_DATE_EST_I,CRASH_DATE,POSTED_SPEED_LIMIT,TRAFFIC_CONTROL_DEVICE,DEVICE_CONDITION,WEATHER_CONDITION,LIGHTING_CONDITION,FIRST_CRASH_TYPE,TRAFFICWAY_TYPE,LANE_CNT,ALIGNMENT,ROADWAY_SURFACE_COND,ROAD_DEFECT,REPORT_TYPE,CRASH_TYPE,INTERSECTION_RELATED_I,NOT_RIGHT_OF_WAY_I,HIT_AND_RUN_I,DAMAGE,DATE_POLICE_NOTIFIED,PRIM_CONTRIBUTORY_CAUSE,SEC_CONTRIBUTORY_CAUSE,STREET_NO,STREET_DIRECTION,STREET_NAME,BEAT_OF_OCCURRENCE,PHOTOS_TAKEN_I,STATEMENTS_TAKEN_I,DOORING_I,WORK_ZONE_I,WORK_ZONE_TYPE,WORKERS_PRESENT_I,NUM_UNITS,MOST_SEVERE_INJURY,INJURIES_TOTAL,INJURIES_FATAL,INJURIES_INCAPACITATING,INJURIES_NON_INCAPACITATING,INJURIES_REPORTED_NOT_EVIDENT,INJURIES_NO_INDICATION,INJURIES_UNKNOWN,CRASH_HOUR,CRASH_DAY_OF_WEEK,CRASH_MONTH,LATITUDE,LONGITUDE,LOCATION
4b7452899e75f936f6b92a1e13504f85a6180db06518bab1482e9ec1ebc6339354186a88f73bd50997af7d1d324f5d85cc9e6be42b495291001540b9a189063b,,,3/31/2022 22:25,30,NO CONTROLS,NO CONTROLS,CLEAR,"DARKNESS, LIGHTED ROAD",REAR END,NOT DIVIDED,,STRAIGHT AND LEVEL,WET,NO DEFECTS,NOT ON SCENE (DESK REPORT),NO INJURY / DRIVE AWAY,,,,"OVER $1,500",3/31/2022 23:15,UNABLE TO DETERMINE,UNABLE TO DETERMINE,1900,W,WARREN BLVD,1223,,,,,,,2,NO INDICATION OF INJURY,0,0,0,0,0,5,0,22,5,3,41.88237924,-87.67433648,POINT (-87.674336476684 41.882379240671)
5675c07f1fa5187bd4b5714b22008415d020640deb64c8cd986e4c6cba444446f0fca199b947ff15d53cffab054a1a875bf79ae88dbeab1c81ea7dc0125c78c0,,Y,3/31/2022 17:41,30,NO CONTROLS,NO CONTROLS,CLOUDY/OVERCAST,DAYLIGHT,PARKED MOTOR VEHICLE,NOT DIVIDED,,STRAIGHT AND LEVEL,DRY,NO DEFECTS,NOT ON SCENE (DESK REPORT),NO INJURY / DRIVE AWAY,,,Y,"OVER $1,500",3/31/2022 19:45,IMPROPER LANE USAGE,NOT APPLICABLE,6161,N,HOYNE AVE,2413,,,,,,,2,NO INDICATION OF INJURY,0,0,0,0,0,1,0,17,5,3,41.99363668,-87.68222401,POINT (-87.682224004558 41.993636679359)
bf7016d18c328d2b7668704f02c0b8784b05bbfb120692991b53d915fefab132e3d805142dba871dee2e18fc73e2db29d02ac1e75865dd32c6d22f7eb23da801,,,3/31/2022 18:45,30,NO CONTROLS,NO CONTROLS,CLEAR,DAYLIGHT,PARKED MOTOR VEHICLE,NOT DIVIDED,,STRAIGHT AND LEVEL,WET,UNKNOWN,NOT ON SCENE (DESK REPORT),NO INJURY / DRIVE AWAY,,,Y,"$501 - $1,500",3/31/2022 19:10,UNABLE TO DETERMINE,UNABLE TO DETERMINE,9710,S,EWING AVE,432,,,,,,,2,NO INDICATION OF INJURY,0,0,0,0,0,1,0,18,5,3,41.71917944,-87.53543348,POINT (-87.535433479736 41.719179437895)
b93aee162e8f690c9fc71e12cf16b9d7847eb1f9bfd22c165c3ace7689e5ee32a04e390cd9b4c575f5695609a01d3a9d88e12f6db010b4db692fa728cd252b03,,,3/31/2022 9:35,30,NO CONTROLS,NO CONTROLS,CLOUDY/OVERCAST,DAYLIGHT,SIDESWIPE OPPOSITE DIRECTION,DIVIDED - W/MEDIAN (NOT RAISED),,STRAIGHT AND LEVEL,OTHER,NO DEFECTS,ON SCENE,INJURY AND / OR TOW DUE TO CRASH,,,,"OVER $1,500",3/31/2022 9:37,IMPROPER LANE USAGE,IMPROPER LANE USAGE,2350,W,79TH ST,835,,,,,,,3,NONINCAPACITATING INJURY,3,0,0,1,2,1,0,9,5,3,41.75020753,-87.68241054,POINT (-87.682410541546 41.750207525594)
6429e205efe306451ad2282a7c53b2d631b9888fc8201f0ef2084a84e340c8430df07e3da60e46426245aee4c1dce5910cc0667080197d907a1abefe6137ce8b,,,3/29/2022 13:30,25,NO CONTROLS,NO CONTROLS,CLEAR,DAYLIGHT,TURNING,FOUR WAY,,STRAIGHT AND LEVEL,DRY,NO DEFECTS,NOT ON SCENE (DESK REPORT),NO INJURY / DRIVE AWAY,Y,,,"OVER $1,500",3/31/2022 13:40,IMPROPER TURNING/NO SIGNAL,NOT APPLICABLE,1800,W,103RD ST,2213,,,,,,,2,NO INDICATION OF INJURY,0,0,0,0,0,2,0,13,3,3,41.70672356,-87.66718271,POINT (-87.667182707166 41.706723554535)
a30284e5b2e21a0f452c4aaff594f3d4c5583ce492b387c07b0b0ab83075cdc2a2f3107a5b91a98df51b36e6a435bab59007889e31f4874d636616e54b9c5247,,,3/31/2022 18:10,30,TRAFFIC SIGNAL,FUNCTIONING PROPERLY,CLEAR,DAYLIGHT,TURNING,NOT DIVIDED,,STRAIGHT AND LEVEL,DRY,NO DEFECTS,NOT ON SCENE (DESK REPORT),NO INJURY / DRIVE AWAY,Y,,,"$501 - $1,500",3/31/2022 18:40,UNABLE TO DETERMINE,UNABLE TO DETERMINE,330,W,BELMONT AVE,1925,,,,,,,2,NO INDICATION OF INJURY,0,0,0,0,0,3,0,18,5,3,41.94035291,-87.63884918,POINT (-87.63884917492 41.94035290762)
8be384ac9f6552e7658b0381ccdf42119706057b2b505b60ce0cdb507bee9ef7522bb41b42e9278f4be1ae884ee4bd6b1501395647591590a86ebccd3eddc62f,,,3/30/2022 20:21,30,NO CONTROLS,NO CONTROLS,RAIN,"DARKNESS, LIGHTED ROAD",PARKED MOTOR VEHICLE,ONE-WAY,,STRAIGHT AND LEVEL,WET,UNKNOWN,ON SCENE,NO INJURY / DRIVE AWAY,,,Y,"OVER $1,500",3/30/2022 20:40,UNABLE TO DETERMINE,UNABLE TO DETERMINE,7242,S,BENNETT AVE,324,,,,,,,2,NO INDICATION OF INJURY,0,0,0,0,0,1,0,20,4,3,41.76302289,-87.57944533,POINT (-87.579445328342 41.763022887266)
3f51260a38b27276ca93b82e3f684365d005f3af44953a4941417ec8fe91b0916d255908136accaf42682b11a380ab9b92beaa93e97a942b1a4cf8f6c2dd03a4,,,3/31/2022 13:30,35,NO CONTROLS,NO CONTROLS,CLOUDY/OVERCAST,DAYLIGHT,REAR END,DIVIDED - W/MEDIAN BARRIER,,STRAIGHT AND LEVEL,DRY,NO DEFECTS,NOT ON SCENE (DESK REPORT),NO INJURY / DRIVE AWAY,,,,"OVER $1,500",3/31/2022 15:27,FOLLOWING TOO CLOSELY,UNABLE TO DETERMINE,3349,W,79TH ST,834,,,,,,,2,NO INDICATION OF INJURY,0,0,0,0,0,2,0,13,5,3,41.74956332,-87.70678838,POINT (-87.706788379033 41.749563324269)
ffe472f839a9879207a555d8109db3dab429d1f43c33ffed014108e1adf9dc0d629461a0b51f3ac9e8189fedf3632b985277c897c08e9c8d7bad69eca75117fa,,,3/31/2022 15:30,30,NO CONTROLS,NO CONTROLS,CLEAR,DAYLIGHT,SIDESWIPE SAME DIRECTION,NOT DIVIDED,,STRAIGHT AND LEVEL,DRY,NO DEFECTS,NOT ON SCENE (DESK REPORT),NO INJURY / DRIVE AWAY,,,,"OVER $1,500",3/31/2022 15:45,FAILING TO YIELD RIGHT-OF-WAY,NOT APPLICABLE,5649,W,CHICAGO AVE,1511,,,,,,,2,NO INDICATION OF INJURY,0,0,0,0,0,5,0,15,5,3,41.89471708,-87.76727145,POINT (-87.767271449392 41.894717076932)
2ee5cae37900a64ef5e66e5bd059a0da2fec3ba28a6b8e07bc14898d1976802da4462053d5dace5fc9d0516bff1c267006c9a654f447e90c5594e7f1dbc062ec,,,3/30/2022 14:09,35,NO CONTROLS,UNKNOWN,RAIN,DAYLIGHT,TURNING,NOT DIVIDED,,STRAIGHT AND LEVEL,WET,NO DEFECTS,ON SCENE,NO INJURY / DRIVE AWAY,,,Y,$500 OR LESS,3/30/2022 14:11,"OPERATING VEHICLE IN ERRATIC, RECKLESS, CARELESS, NEGLIGENT OR AGGRESSIVE MANNER",NOT APPLICABLE,3500,S,RHODES AVE,212,,,,,,,2,NO INDICATION OF INJURY,0,0,0,0,0,2,0,14,4,3,41.83112703,-87.61463065,POINT (-87.61463065044 41.831127029369)
7dac18a3286fcde2f6c23ef6f0f56b52ea280d79f010b8f68d70d6f3b583012cdca40664a1cd398d0c153df346962dd780c70e30a079efcc92492c40d74f8b10,,,3/31/2022 10:20,45,NO CONTROLS,NO CONTROLS,CLEAR,DAYLIGHT,SIDESWIPE SAME DIRECTION,OTHER,,"CURVE, LEVEL",WET,UNKNOWN,NOT ON SCENE (DESK REPORT),NO INJURY / DRIVE AWAY,,,,"$501 - $1,500",3/31/2022 11:15,IMPROPER LANE USAGE,IMPROPER LANE USAGE,1001,N,LAKE SHORE DR,1824,,,,,,,2,NO INDICATION OF INJURY,0,0,0,0,0,2,0,10,5,3,41.90090767,-87.6240265,POINT (-87.624026501262 41.900907670855)
a72c4bfa9c90d2e791e49bea19870268588f03c5b77b006bb86541efb8adb279a702319612c16ba19781182db4bfd40742f5f010b33c3771eaa318d7d6392d70,,,3/29/2022 15:56,30,NO CONTROLS,NO CONTROLS,CLEAR,DAYLIGHT,SIDESWIPE SAME DIRECTION,NOT DIVIDED,,STRAIGHT AND LEVEL,DRY,NO DEFECTS,NOT ON SCENE (DESK REPORT),NO INJURY / DRIVE AWAY,,,,"$501 - $1,500",3/31/2022 18:53,FAILING TO YIELD RIGHT-OF-WAY,NOT APPLICABLE,3959,W,WRIGHTWOOD AVE,2524,,,,,,,2,NO INDICATION OF INJURY,0,0,0,0,0,2,0,15,3,3,41.92802627,-87.72680209,POINT (-87.726802087719 41.928026265841)
7375516d0ea3f1335f5818e3531b72950581a0d875a4a016ffb85d92c6d820cf1e7389766ff617895f67efc970f78890b5a9b48b779b4894aa698e39d3063541,,,3/31/2022 12:15,35,TRAFFIC SIGNAL,FUNCTIONING PROPERLY,RAIN,DAYLIGHT,REAR END,DIVIDED - W/MEDIAN BARRIER,,STRAIGHT AND LEVEL,WET,NO DEFECTS,ON SCENE,INJURY AND / OR TOW DUE TO CRASH,Y,,,$500 OR LESS,3/31/2022 12:30,UNABLE TO DETERMINE,UNABLE TO DETERMINE,532,W,95TH ST,2223,,,,,,,2,"REPORTED, NOT EVIDENT",1,0,0,0,1,1,0,12,5,3,41.72165072,-87.63721721,POINT (-87.637217213351 41.721650718156)
10ecb15cd883305693ccf961209f45731a7de364ee283a68f1123478472e1e3dbac3b00c1f21c4e53ee6849178f794719d2e62c7174e708a7efa73f59c847855,,,3/31/2022 12:15,25,NO CONTROLS,NO CONTROLS,CLEAR,DAYLIGHT,REAR END,NOT DIVIDED,,STRAIGHT AND LEVEL,UNKNOWN,UNKNOWN,NOT ON SCENE (DESK REPORT),NO INJURY / DRIVE AWAY,,,Y,"$501 - $1,500",3/31/2022 13:45,UNABLE TO DETERMINE,NOT APPLICABLE,5834,W,FULLERTON AVE,2515,,,,,,,2,NO INDICATION OF INJURY,0,0,0,0,0,3,0,12,5,3,41.92399183,-87.77228911,POINT (-87.772289106738 41.923991826552)
f07013803c3ee44182816cf73211a3a73788afddcb0ffe8effcb7c8aba63602aa17aee022d328fca99e73e062806750e732203ed1109bc83153f6924b2541823,,,3/31/2022 11:27,10,NO CONTROLS,NO CONTROLS,RAIN,DAYLIGHT,PARKED MOTOR VEHICLE,OTHER,,STRAIGHT AND LEVEL,WET,NO DEFECTS,ON SCENE,NO INJURY / DRIVE AWAY,,,,$500 OR LESS,3/31/2022 11:27,UNABLE TO DETERMINE,UNABLE TO DETERMINE,4211,W,FERDINAND ST,1111,,,,,,,2,NO INDICATION OF INJURY,0,0,0,0,0,3,0,11,5,3,41.89004366,-87.73129827,POINT (-87.731298273911 41.890043661724)
1f344a824c07bdc3b78f720990a70a7824be3cb357fdbf3f7548bd2d2d09640c4f903a3621f383f6bdc75cbd386a9138955def1e563f949aa224dff0e9b755a8,,,3/31/2022 8:00,30,NO CONTROLS,NO CONTROLS,RAIN,DAYLIGHT,PARKED MOTOR VEHICLE,ONE-WAY,,STRAIGHT AND LEVEL,WET,NO DEFECTS,NOT ON SCENE (DESK REPORT),NO INJURY / DRIVE AWAY,,,Y,"OVER $1,500",3/31/2022 10:53,UNABLE TO DETERMINE,RELATED TO BUS STOP,7832,S,HOYNE AVE,611,,,,,,,2,NO INDICATION OF INJURY,0,0,0,0,0,1,0,8,5,3,41.75102551,-87.67573779,POINT (-87.675737792591 41.751025504889)
ba8dff126afac7a6d401350febdb2c277bbb903dc1c70adb47e54b510dac45cf5400d8038ecd234c09fe727f1254edfbe17c9e5528d0b2561ca93edbb34b451b,,,3/31/2022 16:55,30,NO CONTROLS,NO CONTROLS,CLEAR,DAYLIGHT,SIDESWIPE SAME DIRECTION,NOT DIVIDED,,STRAIGHT AND LEVEL,DRY,UNKNOWN,ON SCENE,INJURY AND / OR TOW DUE TO CRASH,,,,"OVER $1,500",3/31/2022 16:59,UNABLE TO DETERMINE,UNABLE TO DETERMINE,3111,W,CERMAK RD,1033,,,N,,,,2,NO INDICATION OF INJURY,0,0,0,0,0,2,0,16,5,3,41.85168193,-87.703329,POINT (-87.703328996028 41.85168192948)
94bcff0638d4679b1f480ff720abb44bbacfb7f141032fe11a10f21cc20204bcff84c8e911f6140779b9c7bf3d19bee59705993518fcf79dee8b70d2190533f1,,,3/31/2022 0:57,30,STOP SIGN/FLASHER,FUNCTIONING PROPERLY,RAIN,"DARKNESS, LIGHTED ROAD",ANGLE,FOUR WAY,,STRAIGHT AND LEVEL,WET,UNKNOWN,ON SCENE,INJURY AND / OR TOW DUE TO CRASH,Y,,Y,"OVER $1,500",3/31/2022 0:59,DISREGARDING STOP SIGN,NOT APPLICABLE,4858,W,WALTON ST,1531,,,,,,,2,NO INDICATION OF INJURY,0,0,0,0,0,2,0,0,5,3,41.89783459,-87.74819878,POINT (-87.748198784046 41.897834594344)
d7a57a3921053ae1c3c9d295509cc4cc3c03401925bbf0fd8fdf7c5235c0b84db563ebecddb3473154a7cf513611f8b7297e8e0992cf1434b1306dbd06e5c09d,,,3/30/2022 20:49,35,NO CONTROLS,NO CONTROLS,UNKNOWN,"DARKNESS, LIGHTED ROAD",FIXED OBJECT,DIVIDED - W/MEDIAN BARRIER,,STRAIGHT AND LEVEL,UNKNOWN,"RUT, HOLES",NOT ON SCENE (DESK REPORT),NO INJURY / DRIVE AWAY,,,,$500 OR LESS,3/31/2022 10:30,UNABLE TO DETERMINE,NOT APPLICABLE,6211,S,CORNELL DR,331,,,,,,,1,NO INDICATION OF INJURY,0,0,0,0,0,1,0,20,4,3,41.78202864,-87.58424138,POINT (-87.584241382988 41.782028637764)
5756444d27cdc5c62697fbc016afb1acdd6785514278da0697fb6a67bb9187a09d034c4443fc3c791958d591d0affa0ddec4977c5ba0eac8eaa9b48541a0771c,,,3/30/2022 17:15,30,TRAFFIC SIGNAL,FUNCTIONING PROPERLY,RAIN,"DARKNESS, LIGHTED ROAD",SIDESWIPE SAME DIRECTION,DIVIDED - W/MEDIAN (NOT RAISED),,STRAIGHT AND LEVEL,WET,NO DEFECTS,NOT ON SCENE (DESK REPORT),NO INJURY / DRIVE AWAY,,,,"OVER $1,500",3/31/2022 10:15,FAILING TO YIELD RIGHT-OF-WAY,WEATHER,3555,N,CENTRAL AVE,1633,,,,,,,2,NO INDICATION OF INJURY,0,0,0,0,0,2,0,17,4,3,41.94571656,-87.7666033,POINT (-87.766603297611 41.945716563052)
8d907f0e699926182a0b4e6adf4b2e5de4e5e97c468be2ac63b0c52963b5c245ba8081e7c9a17675b8909ff39a1712e20aebcaca79b0a5b2b875024567d3df74,,,3/30/2022 13:15,30,TRAFFIC SIGNAL,FUNCTIONING PROPERLY,RAIN,DAYLIGHT,TURNING,DIVIDED - W/MEDIAN (NOT RAISED),,STRAIGHT AND LEVEL,WET,NO DEFECTS,ON SCENE,NO INJURY / DRIVE AWAY,Y,,,"OVER $1,500",3/30/2022 13:15,IMPROPER TURNING/NO SIGNAL,FAILING TO REDUCE SPEED TO AVOID CRASH,4699,S,WENTWORTH AVE,925,,,,,,,2,NO INDICATION OF INJURY,0,0,0,0,0,4,0,13,4,3,41.80911044,-87.63241986,POINT (-87.632419861164 41.809110441978)
55dac6743228de6147016a79d66c6b752e1acd6fffb3fa3c3383186dab61176b5c5ad0d55c348b100a9f8dc6f6b74a53cec0de8f60410e14cf00a6ef3cc7a401,,,3/30/2022 15:19,30,NO CONTROLS,NO CONTROLS,RAIN,"DARKNESS, LIGHTED ROAD",FIXED OBJECT,NOT DIVIDED,,STRAIGHT AND LEVEL,WET,NO DEFECTS,ON SCENE,NO INJURY / DRIVE AWAY,,,Y,"OVER $1,500",3/30/2022 16:17,UNABLE TO DETERMINE,UNABLE TO DETERMINE,3543,W,CHICAGO AVE,1121,,,,,,,1,NO INDICATION OF INJURY,0,0,0,0,0,1,0,15,4,3,41.89535898,-87.71557516,POINT (-87.715575157578 41.895358975289)
be804d9fb1deca4fede17a18a57682c8e9a29c0bb2255fdcf1d30c013a64de133037d44296ac28f44d17309b80c2bd1add046bf0a1385dc02ae7d277087400c5,,,3/30/2022 7:45,30,TRAFFIC SIGNAL,FUNCTIONING PROPERLY,CLOUDY/OVERCAST,DAYLIGHT,REAR END,NOT DIVIDED,,STRAIGHT AND LEVEL,DRY,NO DEFECTS,NOT ON SCENE (DESK REPORT),NO INJURY / DRIVE AWAY,,,,"OVER $1,500",3/30/2022 8:35,IMPROPER LANE USAGE,UNABLE TO DETERMINE,514,S,SACRAMENTO BLVD,1134,,,,,,,2,NO INDICATION OF INJURY,0,0,0,0,0,8,0,7,4,3,,,
7f4be631ce6257d29ea75a9eedb3d24a34f2419f4e4f30e49552ba72857ee418c981e4b3c09adc220ec7c6306ee42d2040cda9a6296d690411dbfd061fe1d996,,,3/31/2022 11:45,30,TRAFFIC SIGNAL,FUNCTIONING PROPERLY,RAIN,DAYLIGHT,ANGLE,FOUR WAY,,STRAIGHT AND LEVEL,WET,NO DEFECTS,ON SCENE,INJURY AND / OR TOW DUE TO CRASH,Y,,,"OVER $1,500",3/31/2022 12:08,DISREGARDING TRAFFIC SIGNALS,UNABLE TO DETERMINE,2000,W,AUGUSTA BLVD,1212,,,,,,,2,NO INDICATION OF INJURY,0,0,0,0,0,2,0,11,5,3,41.89965937,-87.67728077,POINT (-87.677280766683 41.899659371997)
e34037ef334b9ce382c53a86bf505a83caaeebd9fe492174f1298cd6af2a0d92db3edd290d9bf463f793b9329bb59314f49dad61aa2f76245c7f1e578fd7c6da,,,3/31/2022 15:19,30,NO CONTROLS,NO CONTROLS,CLEAR,DAYLIGHT,REAR END,NOT DIVIDED,,STRAIGHT AND LEVEL,DRY,NO DEFECTS,NOT ON SCENE (DESK REPORT),NO INJURY / DRIVE AWAY,,,,"OVER $1,500",3/31/2022 16:05,FOLLOWING TOO CLOSELY,NOT APPLICABLE,7900,S,COTTAGE GROVE AVE,624,,,,,,,2,NO INDICATION OF INJURY,0,0,0,0,0,2,0,15,5,3,41.75119434,-87.60536733,POINT (-87.60536732633 41.751194338222)
67ecfb691dce46755f8308a68d164cf506ee0fc5a15c452dd532f472813251f84571e8244fb232e2ebe6afa1c95a3fc8a5cf0cd99961150ed63d45927fe44828,,,3/31/2022 22:16,5,NO CONTROLS,NO CONTROLS,CLEAR,"DARKNESS, LIGHTED ROAD",SIDESWIPE SAME DIRECTION,PARKING LOT,,STRAIGHT AND LEVEL,DRY,NO DEFECTS,NOT ON SCENE (DESK REPORT),NO INJURY / DRIVE AWAY,,,Y,$500 OR LESS,3/31/2022 22:45,UNABLE TO DETERMINE,NOT APPLICABLE,2000,W,MADISON ST,1223,Y,,,,,,2,NO INDICATION OF INJURY,0,0,0,0,0,4,0,22,5,3,41.88142259,-87.67670648,POINT (-87.676706477276 41.881422591003)
aebbb0844315e3567259091ac3c5f9db8abc5f557e785d97bb794d56a936a0aa3e51f74256dcae6f366a4951e77f7e4c28db288c06c8383218034e97d8ae170a,,,3/30/2022 23:00,30,NO CONTROLS,NO CONTROLS,CLEAR,DARKNESS,ANGLE,NOT DIVIDED,,STRAIGHT AND LEVEL,WET,NO DEFECTS,NOT ON SCENE (DESK REPORT),NO INJURY / DRIVE AWAY,,,Y,"$501 - $1,500",3/31/2022 17:27,UNABLE TO DETERMINE,UNABLE TO DETERMINE,1360,N,ASHLAND AVE,1433,,,,,,,2,NO INDICATION OF INJURY,0,0,0,0,0,2,0,23,4,3,41.90679511,-87.66773167,POINT (-87.667731670063 41.906795109844)
32a2dfd3187bdacf366251f45f62ffd0036ca8fac56db70133d2d6a516a57f12d09cf169730aa4f559df3232990722a17966c36b61205f8098484d89b6cd5602,,,3/31/2022 8:55,30,NO CONTROLS,NO CONTROLS,RAIN,DAYLIGHT,TURNING,NOT DIVIDED,,STRAIGHT AND LEVEL,WET,NO DEFECTS,ON SCENE,INJURY AND / OR TOW DUE TO CRASH,,,,"OVER $1,500",3/31/2022 9:00,UNABLE TO DETERMINE,UNABLE TO DETERMINE,6720,W,ARCHER AVE,811,,,,,,,2,"REPORTED, NOT EVIDENT",1,0,0,0,1,3,0,8,5,3,41.7922934,-87.79011271,POINT (-87.790112708861 41.7922933994)
71e266b6edb7d00d5d7a98fb727584b1cc8d97756ee8ba314d0c5286afa3272f2cbf400ff931e9cbb1d9ffa2f5b9215baa0428e3bc4886f39f5b46b6c517c4d9,,,4/1/2022 0:02,30,OTHER REG. SIGN,FUNCTIONING PROPERLY,FREEZING RAIN/DRIZZLE,"DARKNESS, LIGHTED ROAD",ANGLE,FOUR WAY,,STRAIGHT AND LEVEL,WET,NO DEFECTS,ON SCENE,INJURY AND / OR TOW DUE TO CRASH,Y,,,"OVER $1,500",4/1/2022 0:03,DISREGARDING STOP SIGN,UNABLE TO DETERMINE,1800,W,18TH ST,1234,,,,,,,3,NO INDICATION OF INJURY,0,0,0,0,0,2,0,0,6,4,41.85783044,-87.67122511,POINT (-87.67122511424 41.857830441155)
78370b2bccfdc87cdee425e6631c6a5c8c2663ad8413352e2acfecb0ed9d5f62253e37ee5e9c8f3ad94602b048935562b928f132f8108aac848b45371f3bece9,,,3/31/2022 8:30,30,NO CONTROLS,NO CONTROLS,RAIN,DAYLIGHT,TURNING,Y-INTERSECTION,,STRAIGHT AND LEVEL,WET,NO DEFECTS,NOT ON SCENE (DESK REPORT),NO INJURY / DRIVE AWAY,Y,,Y,"OVER $1,500",3/31/2022 9:50,FAILING TO YIELD RIGHT-OF-WAY,DISREGARDING STOP SIGN,8800,S,KINGSTON AVE,423,Y,,,,,,2,NO INDICATION OF INJURY,0,0,0,0,0,5,0,8,5,3,41.73542735,-87.56250332,POINT (-87.562503314723 41.735427352518)
15ddefed610d20537969d264a347cfa4e7133fc08168f6e562183dfae61f766e4e217b3d83674ac4dad1e8ad62f64ca156b9d61fa721aa5cbb49ac4509671734,,,3/31/2022 18:44,30,TRAFFIC SIGNAL,UNKNOWN,SNOW,DAWN,ANGLE,FOUR WAY,,STRAIGHT AND LEVEL,WET,UNKNOWN,ON SCENE,INJURY AND / OR TOW DUE TO CRASH,Y,,,"OVER $1,500",3/31/2022 18:45,DISREGARDING TRAFFIC SIGNALS,NOT APPLICABLE,1600,W,GREENLEAF AVE,2423,,,,,,,2,"REPORTED, NOT EVIDENT",1,0,0,0,1,1,0,18,5,3,42.01038255,-87.67022779,POINT (-87.670227793946 42.010382552345)
c6cf196bdf1dd78fbce7d8beecdcfa270161b602a7aa80ecd09955473704daa999c91da3d3011d521cc0d264dac4467fe43c3bba51b963306bd00c357be268a5,,,3/30/2022 9:02,20,TRAFFIC SIGNAL,FUNCTIONING PROPERLY,CLOUDY/OVERCAST,DAYLIGHT,PEDALCYCLIST,NOT DIVIDED,,STRAIGHT AND LEVEL,DRY,NO DEFECTS,ON SCENE,INJURY AND / OR TOW DUE TO CRASH,Y,,,$500 OR LESS,3/30/2022 9:05,"EVASIVE ACTION DUE TO ANIMAL, OBJECT, NONMOTORIST",UNABLE TO DETERMINE,158,W,MARQUETTE RD,722,,,,,,,3,NONINCAPACITATING INJURY,1,0,0,1,0,2,0,9,4,3,41.77282243,-87.62972821,POINT (-87.629728206947 41.772822433806)
1950290d9cc2e6f62c693a5a4c0637a9d6583b70d007c4cd1132b1d3cb300455f1b05bc60c5e7e12128d7600263b90424770b92282e18db5813c2686c24e0c93,,,3/30/2022 12:35,30,TRAFFIC SIGNAL,FUNCTIONING PROPERLY,RAIN,DAYLIGHT,TURNING,T-INTERSECTION,,STRAIGHT AND LEVEL,WET,NO DEFECTS,ON SCENE,INJURY AND / OR TOW DUE TO CRASH,Y,,,"OVER $1,500",3/30/2022 12:40,FAILING TO YIELD RIGHT-OF-WAY,IMPROPER TURNING/NO SIGNAL,732,S,STATE ST,123,,,,,,,2,NONINCAPACITATING INJURY,1,0,0,1,0,1,0,12,4,3,41.8722754,-87.62768648,POINT (-87.627686475171 41.872275398026)
e009b43ffa24b821b49bf42e95b764932bd21b82207ebcd0b5798bd17be1b90083a3fc6df1f3788a9b92a573f0cbc90b4aa28f6f5f18cb84540d5993ebac471c,,,3/29/2022 21:40,20,NO CONTROLS,NO CONTROLS,CLEAR,"DARKNESS, LIGHTED ROAD",REAR END,OTHER,,STRAIGHT AND LEVEL,DRY,NO DEFECTS,NOT ON SCENE (DESK REPORT),NO INJURY / DRIVE AWAY,,,,"OVER $1,500",3/31/2022 10:45,UNABLE TO DETERMINE,NOT APPLICABLE,10000,W,OHARE ST,1651,,,,,,,2,NO INDICATION OF INJURY,0,0,0,0,0,2,0,21,3,3,41.97620114,-87.90530913,POINT (-87.905309125103 41.976201139024)
45274a87d88dcb561023c0121dd05efac392ce41b06302552cfc78cb535896f8043a54b3fb3f42c9f432a7456e9d2d83c9bb4b03960de7463c4a25d3b0dadf41,,,3/31/2022 9:30,30,NO CONTROLS,NO CONTROLS,RAIN,DAYLIGHT,REAR END,NOT DIVIDED,,STRAIGHT AND LEVEL,UNKNOWN,UNKNOWN,NOT ON SCENE (DESK REPORT),NO INJURY / DRIVE AWAY,,,Y,$500 OR LESS,3/31/2022 11:10,UNABLE TO DETERMINE,UNABLE TO DETERMINE,4048,W,CHICAGO AVE,1111,,,,,,,2,NO INDICATION OF INJURY,0,0,0,0,0,2,0,9,5,3,41.89544131,-87.72802873,POINT (-87.728028733147 41.895441308057)
bda295f1d7ecd02b3e167299a091188a5347d3fe16b08eeec6c3463535f23558249e705e4b51719dab7a3fb2441b09a779eb962d14abff0755c594dc2940e2fc,,,3/30/2022 17:23,30,NO CONTROLS,NO CONTROLS,RAIN,DAYLIGHT,REAR END,DIVIDED - W/MEDIAN BARRIER,,STRAIGHT AND LEVEL,WET,NO DEFECTS,ON SCENE,NO INJURY / DRIVE AWAY,,,,"OVER $1,500",3/30/2022 17:45,FAILING TO YIELD RIGHT-OF-WAY,UNABLE TO DETERMINE,1926,W,IRVING PARK RD,1912,,,,,,,2,NO INDICATION OF INJURY,0,0,0,0,0,2,0,17,4,3,41.95428379,-87.67743103,POINT (-87.677431034116 41.954283784641)
97219c5ec709833ea72e261a6e893d16ea839f038dd68030277f73959946bfc412e6fa1868e1dd54c369389bffaa39c9b6e9721562962c51f8e9af9e6fa306bc,,,3/30/2022 17:05,30,NO CONTROLS,NO CONTROLS,RAIN,DAYLIGHT,REAR END,NOT DIVIDED,,STRAIGHT AND LEVEL,WET,NO DEFECTS,NOT ON SCENE (DESK REPORT),NO INJURY / DRIVE AWAY,,,,"$501 - $1,500",3/31/2022 13:21,UNABLE TO DETERMINE,UNABLE TO DETERMINE,630,N,STATE ST,1832,,,,,,,2,NO INDICATION OF INJURY,0,0,0,0,0,2,0,17,4,3,41.89331564,-87.6282612,POINT (-87.628261201725 41.893315638228)