CRASH_RECORD_ID,RD_NO,CRASH_DATE_EST_I,CRASH_DATE,POSTED_SPEED_LIMIT,TRAFFIC_CONTROL_DEVICE,DEVICE_CONDITION,WEATHER_CONDITION,LIGHTING_CONDITION,FIRST_CRASH_TYPE,TRAFFICWAY_TYPE,LANE_CNT,ALIGNMENT,ROADWAY_SURFACE_COND,ROAD_DEFECT,REPORT_TYPE,CRASH_TYPE,INTERSECTION_RELATED_I,NOT_RIGHT_OF_WAY_I,HIT_AND_RUN_I,DAMAGE,DATE_POLICE_NOTIFIED,PRIM_CONTRIBUTORY_CAUSE,SEC_CONTRIBUTORY_CAUSE,STREET_NO,STREET_DIRECTION,STREET_NAME,BEAT_OF_OCCURRENCE,PHOTOS_TAKEN_I,STATEMENTS_TAKEN_I,DOORING_I,WORK_ZONE_I,WORK_ZONE_TYPE,WORKERS_PRESENT_I,NUM_UNITS,MOST_SEVERE_INJURY,INJURIES_TOTAL,INJURIES_FATAL,INJURIES_INCAPACITATING,INJURIES_NON_INCAPACITATING,INJURIES_REPORTED_NOT_EVIDENT,INJURIES_NO_INDICATION,INJURIES_UNKNOWN,CRASH_HOUR,CRASH_DAY_OF_WEEK,CRASH_MONTH,LATITUDE,LONGITUDE,LOCATION
8a8b265b206c2cb8675b92b4844a277f0328107c3bd6476c6eaa7b412c6c2c4858516c554b62082e55b317cc78bd8d2eed1ccf71423850d14d230c4c9d6223ea,,,3/31/2022 16:30,30,TRAFFIC SIGNAL,FUNCTIONING PROPERLY,CLOUDY/OVERCAST,DAYLIGHT,SIDESWIPE SAME DIRECTION,DIVIDED - W/MEDIAN (NOT RAISED),,STRAIGHT AND LEVEL,WET,NO DEFECTS,NOT ON SCENE (DESK REPORT),NO INJURY / DRIVE AWAY,Y,,Y,"$501 - $1,500",3/31/2022 17:14,UNABLE TO DETERMINE,IMPROPER LANE USAGE,1213,W,79TH ST,612,,,,,,,2,NO INDICATION OF INJURY,0,0,0,0,0,3,0,16,5,3,41.75038047,-87.65429993,POINT (-87.654299926585 41.750380470264)
429a3df68af3ff400e05136581a30acf9fb8bd6ef363335ea10f64805f232c09d464eed06e039f6ef612a1cd0d96adb597bec352a2fc243636c8fa0cdb25f579,,,3/31/2022 8:50,30,NO CONTROLS,NO CONTROLS,RAIN,DAYLIGHT,PARKED MOTOR VEHICLE,NOT DIVIDED,,STRAIGHT AND LEVEL,WET,NO DEFECTS,ON SCENE,INJURY AND / OR TOW DUE TO CRASH,,,,"OVER $1,500",3/31/2022 8:52,FAILING TO REDUCE SPEED TO AVOID CRASH,NOT APPLICABLE,6100,N,PULASKI RD,1711,,,,,,,2,NO INDICATION OF INJURY,0,0,0,0,0,1,0,8,5,3,41.99200579,-87.72901683,POINT (-87.729016829304 41.99200578874)
cc4c7d281d79b412e13f6e55e0a49349bcc26cfa48d93a59eab1666ede9a4267a0277bc13f8cc92197ccdba0666123b3091c8c6a08ea2a264a515b99f88abd18,,,3/31/2022 22:01,30,TRAFFIC SIGNAL,FUNCTIONING PROPERLY,SLEET/HAIL,DARKNESS,PEDALCYCLIST,FOUR WAY,,STRAIGHT AND LEVEL,WET,NO DEFECTS,NOT ON SCENE (DESK REPORT),INJURY AND / OR TOW DUE TO CRASH,Y,,,"OVER $1,500",3/31/2022 22:01,FAILING TO YIELD RIGHT-OF-WAY,NOT APPLICABLE,322,W,HUBBARD ST,1831,,,,,,,2,NONINCAPACITATING INJURY,1,0,0,1,0,1,0,22,5,3,41.89006072,-87.63646183,POINT (-87.636461833108 41.890060722783)
5325200fb690874ff4ae3185a868de60bad95c181685800cf498f2daa858c176563aa2e44022886d6b2ebcefabe31a605bbc0e3ffca9d39d2b24a1eea77474f7,,,3/29/2022 7:30,20,NO CONTROLS,NO CONTROLS,UNKNOWN,DAYLIGHT,REAR TO FRONT,NOT DIVIDED,,STRAIGHT AND LEVEL,UNKNOWN,UNKNOWN,NOT ON SCENE (DESK REPORT),NO INJURY / DRIVE AWAY,,,N,$500 OR LESS,3/31/2022 9:20,IMPROPER BACKING,NOT APPLICABLE,10011,S,DAUPHIN AVE,511,,,,,,,2,NO INDICATION OF INJURY,0,0,0,0,0,2,0,7,3,3,41.71256908,-87.60613993,POINT (-87.606139934366 41.712569081337)
5b27fe4ea779785e6fbef4c05af1892075524e4aef67798199b0a68dbceb96ff74cc8a2b1984e3eb22297a4d88f1779f1d51a0efaad061bce75cdc7863bd36cf,,,3/30/2022 13:40,30,NO CONTROLS,NO CONTROLS,RAIN,DAYLIGHT,SIDESWIPE SAME DIRECTION,NOT DIVIDED,,STRAIGHT AND LEVEL,WET,NO DEFECTS,ON SCENE,INJURY AND / OR TOW DUE TO CRASH,,,Y,"OVER $1,500",3/30/2022 13:45,IMPROPER OVERTAKING/PASSING,UNABLE TO DETERMINE,1351,W,79TH ST,612,,,,,,,3,NO INDICATION OF INJURY,0,0,0,0,0,3,0,13,4,3,41.75032112,-87.65818905,POINT (-87.658189052916 41.750321120572)
eeb0861f00a4d2e03c637869d157314c9377c19f6631ec854ebe74cbc30a4c3be13fae0e343d9f2cdcf3a3d7b7a5813df62b3b8bc0c630db71134e9f16157094,,,3/29/2022 16:30,30,NO CONTROLS,NO CONTROLS,CLEAR,DAYLIGHT,TURNING,DIVIDED - W/MEDIAN (NOT RAISED),,STRAIGHT AND LEVEL,DRY,NO DEFECTS,ON SCENE,NO INJURY / DRIVE AWAY,,,,"OVER $1,500",3/30/2022 12:30,UNABLE TO DETERMINE,UNABLE TO DETERMINE,6100,S,CENTRAL AVE,812,,,,,,,2,NO INDICATION OF INJURY,0,0,0,0,0,2,0,16,3,3,41.78162671,-87.76201557,POINT (-87.762015567 41.781626708966)
d97f6f851799e00e67f9f3eebcd61db1ce3a69d864b9787270cf349450cea4a7c5a5ed5e4a2e78e86aa1bf4e739cf45c7f407c0b7416389ee06d4d65cfcb4b74,,,3/28/2022 6:30,30,TRAFFIC SIGNAL,FUNCTIONING PROPERLY,RAIN,DAYLIGHT,SIDESWIPE SAME DIRECTION,DIVIDED - W/MEDIAN (NOT RAISED),,STRAIGHT AND LEVEL,WET,NO DEFECTS,,NO INJURY / DRIVE AWAY,Y,,Y,"$501 - $1,500",3/31/2022 16:34,IMPROPER OVERTAKING/PASSING,UNABLE TO DETERMINE,7900,S,CENTRAL PARK AVE,834,,,,,,,2,NO INDICATION OF INJURY,0,0,0,0,0,2,0,6,2,3,41.74955218,-87.71203736,POINT (-87.712037360606 41.749552179402)
75023790076501a9bd2ff189a729e53906df8b3a85747e7e0356b2712d52865105e79a14b4536921e6457844a4303497990202e9a621fae6ee5e21ce6c356c6e,,,3/31/2022 14:00,25,NO CONTROLS,NO CONTROLS,UNKNOWN,DAYLIGHT,REAR END,NOT DIVIDED,,STRAIGHT AND LEVEL,UNKNOWN,NO DEFECTS,NOT ON SCENE (DESK REPORT),NO INJURY / DRIVE AWAY,,,,"$501 - $1,500",3/31/2022 16:00,UNABLE TO DETERMINE,NOT APPLICABLE,7100,W,NORTH AVE,2513,,,,,,,2,NO INDICATION OF INJURY,0,0,0,0,0,2,0,14,5,3,41.90904382,-87.80220572,POINT (-87.802205717408 41.9090438157)
386507d6ebe6cc6a8f5e5f9f403c342e49925573d31336a31ac4ca3e0eea30acf55d1518a2e9fe15e33f924be3e25aa306a1e96c1b6d59b37b66e02b6fc52fce,,Y,3/28/2022 20:40,30,STOP SIGN/FLASHER,UNKNOWN,UNKNOWN,"DARKNESS, LIGHTED ROAD",ANGLE,NOT DIVIDED,,STRAIGHT AND LEVEL,UNKNOWN,UNKNOWN,ON SCENE,INJURY AND / OR TOW DUE TO CRASH,Y,,Y,"OVER $1,500",3/29/2022 8:57,FAILING TO YIELD RIGHT-OF-WAY,NOT APPLICABLE,3828,W,CHICAGO AVE,1112,,,,,,,5,NO INDICATION OF INJURY,0,0,0,0,0,2,0,20,2,3,41.89551161,-87.72235214,POINT (-87.722352142193 41.895511608534)
65be6b62fcf9e68f2974bddeb41b708288d44587399dea62c789d8464eef5340a94e420a4f0ee191fe2c424e212f0e8de9a325e5fe2b8a8a0fe02584d994e2dc,,,3/31/2022 23:14,30,NO CONTROLS,NO CONTROLS,RAIN,"DARKNESS, LIGHTED ROAD",FIXED OBJECT,NOT DIVIDED,,STRAIGHT AND LEVEL,WET,UNKNOWN,ON SCENE,INJURY AND / OR TOW DUE TO CRASH,N,N,,"OVER $1,500",3/31/2022 23:14,"OPERATING VEHICLE IN ERRATIC, RECKLESS, CARELESS, NEGLIGENT OR AGGRESSIVE MANNER",FAILING TO REDUCE SPEED TO AVOID CRASH,2846,W,NORTH AVE,1421,,,,,,,1,NO INDICATION OF INJURY,0,0,0,0,0,1,0,23,5,3,41.91030967,-87.69893302,POINT (-87.698933020388 41.910309670163)
3903f113682594cb503d48025986a21d756a07ea22e4ed9897d1dbabc5006389bcac9e9161c8eff45ad6c919ff3bc098504830d7043fcce874fec8febd24f810,,,3/31/2022 7:55,30,TRAFFIC SIGNAL,FUNCTIONING PROPERLY,RAIN,DAYLIGHT,SIDESWIPE SAME DIRECTION,DIVIDED - W/MEDIAN (NOT RAISED),,STRAIGHT AND LEVEL,WET,NO DEFECTS,ON SCENE,NO INJURY / DRIVE AWAY,Y,,,$500 OR LESS,3/31/2022 7:58,IMPROPER OVERTAKING/PASSING,WEATHER,3600,W,115TH ST,2211,,,,,,,2,NO INDICATION OF INJURY,0,0,0,0,0,2,0,7,5,3,41.6842203,-87.71035288,POINT (-87.710352876184 41.684220303012)
b0b0cfb559bb1d352bcc79628daec4c00fda47b661e25a9e7af8840304daa23780619687308507024e969991efad0624146d5ffc1c0f8ab92e8d976bf4042fc1,,,3/31/2022 13:00,30,TRAFFIC SIGNAL,FUNCTIONING PROPERLY,RAIN,DAYLIGHT,TURNING,CENTER TURN LANE,,STRAIGHT AND LEVEL,WET,NO DEFECTS,ON SCENE,INJURY AND / OR TOW DUE TO CRASH,Y,,,"OVER $1,500",3/31/2022 13:04,DISREGARDING TRAFFIC SIGNALS,NOT APPLICABLE,2600,S,MICHIGAN AVE,133,,,,,,,2,NO INDICATION OF INJURY,0,0,0,0,0,3,0,13,5,3,41.84556816,-87.62378129,POINT (-87.623781285937 41.845568155896)
262b2b1ddb6f636c1deee4ef69266eb8a433a401c1bb17b9e6545377a7c820284aa904e9bbabc422075e0044a1bea963feecd8c6a4ad910bc7e47f582b6b96a3,,,3/31/2022 19:01,30,NO CONTROLS,FUNCTIONING PROPERLY,SNOW,DAWN,TURNING,NOT DIVIDED,,STRAIGHT AND LEVEL,SNOW OR SLUSH,NO DEFECTS,ON SCENE,NO INJURY / DRIVE AWAY,,,,"$501 - $1,500",3/31/2022 19:02,"VISION OBSCURED (SIGNS, TREE LIMBS, BUILDINGS, ETC.)",WEATHER,653,W,ROOSEVELT RD,1232,,,,,,,2,NO INDICATION OF INJURY,0,0,0,0,0,3,0,19,5,3,41.86708028,-87.64432525,POINT (-87.644325248556 41.867080279085)
7b6dcaf591f09bea00aa7c50cf3e5c6f73f6916bfda2451ee7c05f2ba731f05f74639dafc02be3bc40d449afa6966690a15ef675d9fc49f5fd8c370e235d49a1,,,3/31/2022 13:30,30,TRAFFIC SIGNAL,FUNCTIONING PROPERLY,CLEAR,DAYLIGHT,ANGLE,DIVIDED - W/MEDIAN (NOT RAISED),,STRAIGHT AND LEVEL,DRY,UNKNOWN,NOT ON SCENE (DESK REPORT),NO INJURY / DRIVE AWAY,Y,,,"OVER $1,500",3/31/2022 20:00,DISREGARDING TRAFFIC SIGNALS,UNABLE TO DETERMINE,2000,W,PRATT BLVD,2411,,,,,,,2,NO INDICATION OF INJURY,0,0,0,0,0,3,0,13,5,3,42.0053135,-87.68025242,POINT (-87.680252420158 42.00531349642)
f8bc28f4198d3d115437225698c294ec36442c793b8187ab64962d019a952e7bb339e530f5283ed5d602d614bac48ff75e78d7a2ee6f79ef7defc41d50872c64,,,3/31/2022 23:32,30,NO CONTROLS,NO CONTROLS,SNOW,DARKNESS,PARKED MOTOR VEHICLE,NOT DIVIDED,,STRAIGHT AND LEVEL,SNOW OR SLUSH,NO DEFECTS,ON SCENE,NO INJURY / DRIVE AWAY,,,,"OVER $1,500",3/31/2022 23:32,UNABLE TO DETERMINE,FAILING TO REDUCE SPEED TO AVOID CRASH,1948,N,PULASKI RD,2534,,,,,,,2,NO INDICATION OF INJURY,0,0,0,0,0,1,0,23,5,3,41.91679008,-87.72669159,POINT (-87.726691594472 41.916790076743)
9c4b39cca0f7a43da423b04e9aa81aaf3b0122423bd55f696d0fb144f13b7af0e12fcaecd2be8ef593bc32499fa02731cd92e0ef7a62e505653c5d6fcbb9a558,,,3/30/2022 11:40,30,NO CONTROLS,NO CONTROLS,RAIN,DAYLIGHT,PARKED MOTOR VEHICLE,NOT DIVIDED,,STRAIGHT AND LEVEL,WET,NO DEFECTS,NOT ON SCENE (DESK REPORT),NO INJURY / DRIVE AWAY,,,Y,"$501 - $1,500",3/30/2022 12:22,UNABLE TO DETERMINE,UNABLE TO DETERMINE,2940,N,ASHLAND AVE,1931,,,,,,,2,NO INDICATION OF INJURY,0,0,0,0,0,2,0,11,4,3,41.93547203,-87.66865454,POINT (-87.668654543143 41.935472032732)
163519803afce83be8319014e383f4a613f8d1fa4706c188af5d31cfac4b35e3ab23a316564f56b1e256927fc2670218fbf5152a752b253660eb56a419541ef0,,Y,3/30/2022 16:00,10,NO CONTROLS,NO CONTROLS,UNKNOWN,DAWN,PARKED MOTOR VEHICLE,PARKING LOT,,STRAIGHT AND LEVEL,UNKNOWN,NO DEFECTS,NOT ON SCENE (DESK REPORT),NO INJURY / DRIVE AWAY,,,Y,"OVER $1,500",3/31/2022 14:00,UNABLE TO DETERMINE,UNABLE TO DETERMINE,808,W,87TH ST,613,,,,,,,3,NO INDICATION OF INJURY,0,0,0,0,0,1,0,16,4,3,41.73617771,-87.64406635,POINT (-87.644066348654 41.736177707595)
40c13be04ba542654388cf44678648a85aa595f9dc4000f5755b4b95a1e9a7327e6403f9aaf2b71723783d200b44f765315657649cf7ead74ea97f6dae0be180,,,3/31/2022 9:40,30,TRAFFIC SIGNAL,FUNCTIONING PROPERLY,RAIN,DAYLIGHT,REAR END,NOT DIVIDED,,STRAIGHT AND LEVEL,WET,NO DEFECTS,ON SCENE,NO INJURY / DRIVE AWAY,Y,,,"OVER $1,500",3/31/2022 9:42,DRIVING SKILLS/KNOWLEDGE/EXPERIENCE,UNABLE TO DETERMINE,4002,N,AUSTIN AVE,1624,,,,,,,2,NO INDICATION OF INJURY,0,0,0,0,0,3,0,9,5,3,41.95320058,-87.77692745,POINT (-87.776927452279 41.953200576426)
59ececfeda69ac41eb8e602a6cd467634cac6dac2b7f2ceee977b231d0d31e981a94dd3b63dde7c5538752f60ef1cf8bc69b4db8de6fc393fdd7fe78be8a0a3c,,,3/31/2022 15:15,30,TRAFFIC SIGNAL,FUNCTIONING PROPERLY,CLEAR,DAYLIGHT,REAR END,DIVIDED - W/MEDIAN (NOT RAISED),,STRAIGHT AND LEVEL,DRY,UNKNOWN,NOT ON SCENE (DESK REPORT),NO INJURY / DRIVE AWAY,,,,"OVER $1,500",3/31/2022 16:00,FOLLOWING TOO CLOSELY,UNABLE TO DETERMINE,6245,N,SHERIDAN RD,2433,,,,,,,3,NO INDICATION OF INJURY,0,0,0,0,0,3,0,15,5,3,41.99593834,-87.6554193,POINT (-87.655419298572 41.995938334649)
4d384ad486aa83764496b684d4826e55a4351217370f5a835396ed56f5de9cfc0df7a7fea3ad278da285b53476325633313484d0edac04b39677b6d4a97c287c,,,3/30/2022 12:07,30,YIELD,FUNCTIONING PROPERLY,RAIN,DAYLIGHT,REAR END,DIVIDED - W/MEDIAN (NOT RAISED),,STRAIGHT AND LEVEL,WET,UNKNOWN,ON SCENE,NO INJURY / DRIVE AWAY,,,Y,"OVER $1,500",3/30/2022 12:07,UNABLE TO DETERMINE,UNABLE TO DETERMINE,3752,W,DIVISION ST,2535,,,,,,,2,NO INDICATION OF INJURY,0,0,0,0,0,3,0,12,4,3,41.90282499,-87.72113723,POINT (-87.721137228804 41.902824984533)
d560909b321b21043edaf3d11dd209a2b06e8ffee73abb5d0455082b5f11fa3af6e44beacd632b095c5c36290b7a2200cdc49e502025f507516875fe9dea8948,,,3/30/2022 11:30,30,NO CONTROLS,NO CONTROLS,RAIN,DAYLIGHT,SIDESWIPE SAME DIRECTION,DIVIDED - W/MEDIAN (NOT RAISED),,STRAIGHT AND LEVEL,WET,NO DEFECTS,ON SCENE,NO INJURY / DRIVE AWAY,,,,"OVER $1,500",3/30/2022 11:38,WEATHER,FAILING TO YIELD RIGHT-OF-WAY,2210,N,ELSTON AVE,1432,,,,,,,2,NO INDICATION OF INJURY,0,0,0,0,0,2,0,11,4,3,41.92157536,-87.67266221,POINT (-87.672662205789 41.92157536437)
5df72546896d0fdb617acfbc4f0c39b8ed28aa9baed603a800ed76a49f2194c3fa6b850f12c798189e098c94171bfcbe12d10977bada034e15a57f825a45a626,,,3/31/2022 14:00,30,NO CONTROLS,NO CONTROLS,CLEAR,DAYLIGHT,PEDALCYCLIST,OTHER,,STRAIGHT AND LEVEL,DRY,NO DEFECTS,ON SCENE,NO INJURY / DRIVE AWAY,,,,$500 OR LESS,3/31/2022 14:20,UNABLE TO DETERMINE,UNABLE TO DETERMINE,4020,N,NARRAGANSETT AVE,1632,,,,,,,2,NO INDICATION OF INJURY,0,0,0,0,0,2,0,14,5,3,41.95359417,-87.78673181,POINT (-87.78673180848 41.953594170549)
8965f141d1170023575efba0a72cb1ff7d00a3558dfed444a67075417e149d22bb419bd98b95bed8e578e9fa2789c153997efc998f29630eabe048959e752aca,,,3/31/2022 19:38,30,NO CONTROLS,NO CONTROLS,SNOW,"DARKNESS, LIGHTED ROAD",PEDALCYCLIST,FOUR WAY,,STRAIGHT AND LEVEL,WET,NO DEFECTS,ON SCENE,INJURY AND / OR TOW DUE TO CRASH,,,,"$501 - $1,500",3/31/2022 19:40,FAILING TO YIELD RIGHT-OF-WAY,NOT APPLICABLE,3502,W,BRYN MAWR AVE,1711,,,,,,,2,NONINCAPACITATING INJURY,1,0,0,1,0,1,0,19,5,3,41.98308072,-87.71631634,POINT (-87.71631633526 41.983080715735)
c6247d6669276f73ad6d09b2406543d0d10fc0d8b2b308fc32b0f9fa174b224a4fd0a6a2af2c62ff9764aee065feccff6d31f264afbe7b1af2c235baad8cd7d3,,,3/30/2022 12:05,30,TRAFFIC SIGNAL,FUNCTIONING PROPERLY,RAIN,DAYLIGHT,REAR END,NOT DIVIDED,,STRAIGHT AND LEVEL,WET,NO DEFECTS,NOT ON SCENE (DESK REPORT),NO INJURY / DRIVE AWAY,,,,"OVER $1,500",3/30/2022 12:15,FOLLOWING TOO CLOSELY,NOT APPLICABLE,3000,W,63RD ST,823,,,,,,,2,NO INDICATION OF INJURY,0,0,0,0,0,2,0,12,4,3,41.77915245,-87.69833062,POINT (-87.698330615168 41.779152450501)
21b1d00cf528a2673da6d6361c1cdf069af95328a493da89a597786f28a7f657251f50139ce14276ec63085621ad55dbb1daa64497f5cdb9ea7eea6dc942c2c3,,,3/31/2022 16:45,30,TRAFFIC SIGNAL,FUNCTIONING PROPERLY,CLEAR,DAYLIGHT,ANGLE,FOUR WAY,,STRAIGHT AND LEVEL,WET,UNKNOWN,ON SCENE,INJURY AND / OR TOW DUE TO CRASH,Y,,,"OVER $1,500",3/31/2022 16:50,DISREGARDING TRAFFIC SIGNALS,UNABLE TO DETERMINE,3100,S,LA SALLE ST,211,,,,,,,2,NO INDICATION OF INJURY,0,0,0,0,0,2,0,16,5,3,41.83822701,-87.63017264,POINT (-87.630172640708 41.838227006243)
b8e032c19b8b34458046a33c5fc316af65dacba9f8f1e220a13fcef8f1faf0e2bb0ac225c40e5889ae84871d6335186129014ba17e4ec4a603f71f72faa1f938,,,3/30/2022 12:20,30,TRAFFIC SIGNAL,FUNCTIONING PROPERLY,RAIN,DAYLIGHT,SIDESWIPE SAME DIRECTION,DIVIDED - W/MEDIAN BARRIER,,STRAIGHT AND LEVEL,WET,NO DEFECTS,ON SCENE,NO INJURY / DRIVE AWAY,,,,"OVER $1,500",3/30/2022 12:25,IMPROPER LANE USAGE,UNABLE TO DETERMINE,6305,S,HARLEM AVE,812,,,,,,,2,NO INDICATION OF INJURY,0,0,0,0,0,2,0,12,4,3,41.77716154,-87.80074177,POINT (-87.80074176599 41.777161538724)
ebec5622075fac739dd5cad9e860ab673b41e1971e1b117a50cc49b46895a36e6e67bd18c53bc16e6d1678db3a93f44d3eaceb945414965a02cca0643b9ed676,,,3/31/2022 12:32,30,NO CONTROLS,NO CONTROLS,RAIN,DAYLIGHT,ANGLE,NOT DIVIDED,,STRAIGHT AND LEVEL,WET,NO DEFECTS,ON SCENE,NO INJURY / DRIVE AWAY,,,,"$501 - $1,500",3/31/2022 12:44,FAILING TO REDUCE SPEED TO AVOID CRASH,FAILING TO YIELD RIGHT-OF-WAY,2100,S,KILBOURN AVE,1012,,,,,,,2,NO INDICATION OF INJURY,0,0,0,0,0,2,0,12,5,3,41.85312696,-87.73714968,POINT (-87.737149681524 41.853126957884)
63a98ae83cf556dc322953f23684221b15c98de6fdd8a8edd99c4a318059aed774924db40569b8987e5867e7b6fc4bd0b3f86527934db7e4e4488538c7e08a7a,,,3/31/2022 16:05,30,STOP SIGN/FLASHER,FUNCTIONING PROPERLY,CLOUDY/OVERCAST,DAYLIGHT,TURNING,ONE-WAY,,STRAIGHT ON GRADE,DRY,UNKNOWN,ON SCENE,INJURY AND / OR TOW DUE TO CRASH,Y,,,"OVER $1,500",3/31/2022 16:08,DRIVING SKILLS/KNOWLEDGE/EXPERIENCE,UNABLE TO DETERMINE,199,E,56TH ST,231,,,,,,,2,NONINCAPACITATING INJURY,1,0,0,1,0,3,0,16,5,3,41.79281676,-87.62088711,POINT (-87.620887110199 41.79281676253)
8c2aa9acbf11b847b10142e438723e320bddea681add3912ee32ba5596aa97cf79a4a55b91dd9679a611ddb61fd86393f97c1a76e504e6262614c84dc7b5bd7f,,,3/30/2022 17:00,35,TRAFFIC SIGNAL,FUNCTIONING PROPERLY,RAIN,DAYLIGHT,SIDESWIPE SAME DIRECTION,NOT DIVIDED,,STRAIGHT AND LEVEL,WET,NO DEFECTS,NOT ON SCENE (DESK REPORT),NO INJURY / DRIVE AWAY,,,Y,"OVER $1,500",3/31/2022 19:00,"EVASIVE ACTION DUE TO ANIMAL, OBJECT, NONMOTORIST",DRIVING SKILLS/KNOWLEDGE/EXPERIENCE,1198,N,ELSTON AVE,1213,,,,,,,2,NO INDICATION OF INJURY,0,0,0,0,0,2,0,17,4,3,41.90333116,-87.65835727,POINT (-87.658357270674 41.903331156676)
efe7e169842385ffa12077e3617872675233bdcbe3e341b7f233aa06c87829279e267d394e55176a1b9ce7aab1cb054fbc7ee5e30e4231afe648ea97539c5c20,,,3/31/2022 9:22,30,NO CONTROLS,NO CONTROLS,RAIN,DAYLIGHT,PARKED MOTOR VEHICLE,ONE-WAY,,STRAIGHT AND LEVEL,WET,UNKNOWN,NOT ON SCENE (DESK REPORT),NO INJURY / DRIVE AWAY,,,Y,"OVER $1,500",3/31/2022 10:00,UNABLE TO DETERMINE,UNABLE TO DETERMINE,4333,W,GLADYS AVE,1131,,,,,,,2,NO INDICATION OF INJURY,0,0,0,0,0,2,0,9,5,3,41.87596063,-87.73420324,POINT (-87.734203236061 41.875960628842)
aeb3d7e20ab91f728cc51bbbd4b617dd0be87a95b97201e8e428871f35d7eba07877ce0a7a45e63c4155224810eca972169bbb280436b4d98c8f131f6eac9f5b,,,3/30/2022 12:12,15,NO CONTROLS,NO CONTROLS,RAIN,DAYLIGHT,PEDESTRIAN,ALLEY,,STRAIGHT AND LEVEL,WET,"RUT, HOLES",NOT ON SCENE (DESK REPORT),INJURY AND / OR TOW DUE TO CRASH,,,,$500 OR LESS,3/30/2022 12:12,NOT APPLICABLE,NOT APPLICABLE,7337,S,DANTE AVE,324,,,,,,,2,NONINCAPACITATING INJURY,1,0,0,1,0,1,0,12,4,3,41.76127444,-87.58950605,POINT (-87.589506051694 41.761274435917)
c03af7b7735192b148ded2a5b813c6ddac6049a74b6f39e67c8a1f383ed7a7e40159e17eca30beb5c12ab3db689f1d0a0fdfa96384f46202f7fb430ccf1096ec,,,3/31/2022 16:26,30,NO CONTROLS,NO CONTROLS,CLEAR,DAYLIGHT,REAR END,DIVIDED - W/MEDIAN (NOT RAISED),,STRAIGHT AND LEVEL,DRY,NO DEFECTS,NOT ON SCENE (DESK REPORT),NO INJURY / DRIVE AWAY,,,,"OVER $1,500",3/31/2022 17:50,FOLLOWING TOO CLOSELY,NOT APPLICABLE,4916,N,ELSTON AVE,1712,,,,,,,2,NO INDICATION OF INJURY,0,0,0,0,0,3,0,16,5,3,41.96983225,-87.74319313,POINT (-87.743193132208 41.969832249394)
003679495357f71ca1bf3627ad7272ca5630d84540bcaea8ce1f1f4a9c8c602dcda90452f2b8a2715e4be958ef55f80912bc8c45669d8b55e05aca490be9ec0e,JF161652,,3/3/2022 8:10,30,TRAFFIC SIGNAL,FUNCTIONING PROPERLY,CLEAR,DAYLIGHT,SIDESWIPE SAME DIRECTION,DIVIDED - W/MEDIAN (NOT RAISED),,STRAIGHT AND LEVEL,DRY,WORN SURFACE,ON SCENE,NO INJURY / DRIVE AWAY,Y,,,"OVER $1,500",3/3/2022 8:15,DRIVING SKILLS/KNOWLEDGE/EXPERIENCE,UNABLE TO DETERMINE,6401,N,SHERIDAN RD,2432,,,,,,,2,NO INDICATION OF INJURY,0,0,0,0,0,2,0,8,5,3,41.99830881,-87.65969638,POINT (-87.659696383256 41.99830880639)
f5dfb6655c15187b74e2655847b5451fa0a95e8d095e423c9937eeb173e14be24588eeb6d55c299ced059e04583228ec74e1bf1236098c00212c3466f24e9414,,Y,3/30/2022 10:45,15,NO CONTROLS,NO CONTROLS,RAIN,DAYLIGHT,REAR TO REAR,PARKING LOT,,STRAIGHT AND LEVEL,WET,NO DEFECTS,NOT ON SCENE (DESK REPORT),NO INJURY / DRIVE AWAY,,Y,,"OVER $1,500",3/30/2022 11:00,IMPROPER BACKING,IMPROPER BACKING,3019,W,PETERSON AVE,2011,,,,,,,2,NO INDICATION OF INJURY,0,0,0,0,0,2,0,10,4,3,41.99029969,-87.70513321,POINT (-87.705133213892 41.990299688692)
6b9fccb7f4f68856283e7d1df3824b6978af8f70bf14826b8791ea0deb4871edd686f009c4787a62ecec4e72c141fcec8947cafbac83fd99b97f6da4d665886b,,,3/31/2022 13:40,10,OTHER,OTHER,CLEAR,DAYLIGHT,REAR TO SIDE,PARKING LOT,,STRAIGHT AND LEVEL,WET,NO DEFECTS,NOT ON SCENE (DESK REPORT),NO INJURY / DRIVE AWAY,,,,"$501 - $1,500",3/31/2022 15:00,IMPROPER BACKING,UNABLE TO DETERMINE,3222,N,MILWAUKEE AVE,1732,,,,,,,2,NO INDICATION OF INJURY,0,0,0,0,0,2,0,13,5,3,41.93953549,-87.72480654,POINT (-87.724806540695 41.939535494268)
daeae6ff944465dc73d77f4a7750e453812b715eb694ec92ba43801dbaa44263b1707432b17d98cfcf6139daf74f4c17c7c8389719f2a3868393b26ff66efe45,,,3/31/2022 14:00,30,NO CONTROLS,NO CONTROLS,RAIN,DAYLIGHT,SIDESWIPE SAME DIRECTION,NOT DIVIDED,,STRAIGHT AND LEVEL,WET,NO DEFECTS,NOT ON SCENE (DESK REPORT),NO INJURY / DRIVE AWAY,,,Y,"$501 - $1,500",3/31/2022 17:00,IMPROPER OVERTAKING/PASSING,IMPROPER OVERTAKING/PASSING,7400,S,YATES BLVD,334,,,,,,,2,NO INDICATION OF INJURY,0,0,0,0,0,2,0,14,5,3,41.76071026,-87.56655643,POINT (-87.566556432659 41.760710264389)