CRASH_RECORD_ID,RD_NO,CRASH_DATE_EST_I,CRASH_DATE,POSTED_SPEED_LIMIT,TRAFFIC_CONTROL_DEVICE,DEVICE_CONDITION,WEATHER_CONDITION,LIGHTING_CONDITION,FIRST_CRASH_TYPE,TRAFFICWAY_TYPE,LANE_CNT,ALIGNMENT,ROADWAY_SURFACE_COND,ROAD_DEFECT,REPORT_TYPE,CRASH_TYPE,INTERSECTION_RELATED_I,NOT_RIGHT_OF_WAY_I,HIT_AND_RUN_I,DAMAGE,DATE_POLICE_NOTIFIED,PRIM_CONTRIBUTORY_CAUSE,SEC_CONTRIBUTORY_CAUSE,STREET_NO,STREET_DIRECTION,STREET_NAME,BEAT_OF_OCCURRENCE,PHOTOS_TAKEN_I,STATEMENTS_TAKEN_I,DOORING_I,WORK_ZONE_I,WORK_ZONE_TYPE,WORKERS_PRESENT_I,NUM_UNITS,MOST_SEVERE_INJURY,INJURIES_TOTAL,INJURIES_FATAL,INJURIES_INCAPACITATING,INJURIES_NON_INCAPACITATING,INJURIES_REPORTED_NOT_EVIDENT,INJURIES_NO_INDICATION,INJURIES_UNKNOWN,CRASH_HOUR,CRASH_DAY_OF_WEEK,CRASH_MONTH,LATITUDE,LONGITUDE,LOCATION
7083689b2ea33b40d8661121ed3264f4b18bacc0caafafe4ecf44ed6b7e8b5e429acb0a356a4b9354e3636a057656229007bd4d08f06223fa3e45557429ce8ce,,,3/31/2022 16:04,30,NO CONTROLS,NO CONTROLS,CLEAR,DAYLIGHT,REAR TO FRONT,NOT DIVIDED,,STRAIGHT AND LEVEL,WET,NO DEFECTS,NOT ON SCENE (DESK REPORT),NO INJURY / DRIVE AWAY,,,,"OVER $1,500",3/31/2022 17:10,DRIVING SKILLS/KNOWLEDGE/EXPERIENCE,NOT APPLICABLE,7708,S,ESSEX AVE,421,,,,,,,2,NO INDICATION OF INJURY,0,0,0,0,0,2,0,16,5,3,41.75507413,-87.56401752,POINT (-87.564017517597 41.755074129107)
4907978f0f79a1177aeaf821230dc852302f2d6e689724f20858cc7e894ec64d2d35d32032ee26dbc26b893871fb7dc9e96d2d302e81795d12179ce1e1f2e34b,,,3/31/2022 20:11,30,STOP SIGN/FLASHER,NO CONTROLS,SNOW,"DARKNESS, LIGHTED ROAD",REAR END,NOT DIVIDED,,STRAIGHT AND LEVEL,DRY,NO DEFECTS,NOT ON SCENE (DESK REPORT),NO INJURY / DRIVE AWAY,,,,"OVER $1,500",3/31/2022 20:30,FOLLOWING TOO CLOSELY,NOT APPLICABLE,3310,N,CLARK ST,1924,,,,,,,2,NO INDICATION OF INJURY,0,0,0,0,0,2,0,20,5,3,41.94197906,-87.65248694,POINT (-87.652486936038 41.94197905627)
3f17b75a7864fd3d2b2cfb3615774e276cb7388d29af0e265033a5e8a37f9d5984ca41e631445edca41c2144d83e5291a33d579f6155ffbdb1752a22f8e36bc2,,,3/31/2022 15:35,30,NO CONTROLS,NO CONTROLS,RAIN,DAYLIGHT,ANGLE,FOUR WAY,,STRAIGHT AND LEVEL,WET,NO DEFECTS,ON SCENE,INJURY AND / OR TOW DUE TO CRASH,,,,"OVER $1,500",3/31/2022 15:36,FAILING TO YIELD RIGHT-OF-WAY,"VISION OBSCURED (SIGNS, TREE LIMBS, BUILDINGS, ETC.)",3601,S,WESTERN BLVD,912,,,,,,,2,NONINCAPACITATING INJURY,1,0,0,1,0,3,0,15,5,3,41.82840746,-87.68425711,POINT (-87.684257109515 41.828407462065)
86bbfcd32b5cb5ee40282717b57b2beba4b6c38d6030f6a4a57e48a871cfe43036b0906a5eea72471e7b0b7217d162f496476a16692d00c091817446c6af8d19,,,3/28/2022 18:40,30,UNKNOWN,UNKNOWN,CLEAR,DAWN,SIDESWIPE SAME DIRECTION,DIVIDED - W/MEDIAN (NOT RAISED),,STRAIGHT AND LEVEL,UNKNOWN,UNKNOWN,NOT ON SCENE (DESK REPORT),NO INJURY / DRIVE AWAY,,,Y,"OVER $1,500",3/28/2022 21:25,IMPROPER OVERTAKING/PASSING,NOT APPLICABLE,4300,S,WESTERN BLVD,922,,,,,,,2,NO INDICATION OF INJURY,0,0,0,0,0,2,0,18,2,3,41.81560495,-87.68421592,POINT (-87.684215916118 41.815604951255)
ded2f01802d36f9e303f50c9f8fd9f029d9e32e8758c676758800670d518418488eec230f0815fc971dcc94499c1c6d5f00f74386f17d257e9234fed9f327dd1,,,3/31/2022 13:30,35,TRAFFIC SIGNAL,FUNCTIONING PROPERLY,RAIN,DAYLIGHT,TURNING,DIVIDED - W/MEDIAN (NOT RAISED),,STRAIGHT AND LEVEL,WET,NO DEFECTS,ON SCENE,NO INJURY / DRIVE AWAY,Y,,,"OVER $1,500",3/31/2022 13:35,UNABLE TO DETERMINE,UNABLE TO DETERMINE,8400,W,IRVING PARK RD,1614,,,,,,,2,NO INDICATION OF INJURY,0,0,0,0,0,2,0,13,5,3,41.95216886,-87.8367752,POINT (-87.836775197982 41.952168856321)
1ecc5299c6a0b23450c65ccc9aa80ece5bca702ed2a909c2f20c489041a8dbe75d3a56e49147857411881c75c818a622056723ac5cde6dfb8bff7f284d4c0941,,,3/31/2022 15:05,35,TRAFFIC SIGNAL,FUNCTIONING PROPERLY,CLOUDY/OVERCAST,DAYLIGHT,REAR END,FOUR WAY,,STRAIGHT AND LEVEL,DRY,NO DEFECTS,NOT ON SCENE (DESK REPORT),NO INJURY / DRIVE AWAY,Y,,Y,"OVER $1,500",3/31/2022 16:15,FOLLOWING TOO CLOSELY,NOT APPLICABLE,9831,S,WESTERN AVE,2213,,,,,,,2,NO INDICATION OF INJURY,0,0,0,0,0,2,0,15,5,3,41.71455447,-87.6817206,POINT (-87.681720596489 41.714554470687)
570f8eff60838c6e9110308b621b9184a4af3efb966a7aa32f561ee2220329c010790142004f8d83d7293231c1c3e8b1b9e245fa22560654a7304d4b383e57f0,,,3/31/2022 1:00,25,STOP SIGN/FLASHER,FUNCTIONING PROPERLY,RAIN,"DARKNESS, LIGHTED ROAD",PARKED MOTOR VEHICLE,NOT DIVIDED,,STRAIGHT AND LEVEL,WET,NO DEFECTS,ON SCENE,INJURY AND / OR TOW DUE TO CRASH,,,Y,"$501 - $1,500",3/31/2022 10:52,DRIVING SKILLS/KNOWLEDGE/EXPERIENCE,UNABLE TO DETERMINE,4127,W,62ND ST,813,,,,,,,3,NO INDICATION OF INJURY,0,0,0,0,0,1,0,1,5,3,41.78032495,-87.72641063,POINT (-87.726410628996 41.780324948666)
ef00a57090c2da602cb542f893135f67968dc38a4ff94897ede16c25df5378e20a47811f3a3f1a5224e70c761ad57623fee686f0d0e24567f776d1074169bbc5,,,3/31/2022 14:30,35,TRAFFIC SIGNAL,FUNCTIONING PROPERLY,RAIN,DAYLIGHT,ANGLE,FOUR WAY,,STRAIGHT AND LEVEL,WET,UNKNOWN,ON SCENE,INJURY AND / OR TOW DUE TO CRASH,Y,,Y,"$501 - $1,500",3/31/2022 14:35,DISREGARDING OTHER TRAFFIC SIGNS,NOT APPLICABLE,3500,S,WESTERN BLVD,911,,,,,,,2,NO INDICATION OF INJURY,0,0,0,0,0,2,0,14,5,3,41.83023678,-87.68460476,POINT (-87.684604757265 41.830236775648)
c3f0e223d993d0e44486f408b1d638ea73c3e9761f5971fc055383234cc7d6ed6d622113412d375b166890c57eb067ab9ae475e4604cee7c8716d4d13189139c,,,3/31/2022 12:50,30,NO CONTROLS,NO CONTROLS,FREEZING RAIN/DRIZZLE,DAYLIGHT,REAR END,DIVIDED - W/MEDIAN (NOT RAISED),,STRAIGHT AND LEVEL,WET,NO DEFECTS,NOT ON SCENE (DESK REPORT),NO INJURY / DRIVE AWAY,,,,"$501 - $1,500",3/31/2022 13:50,WEATHER,UNABLE TO DETERMINE,5300,W,DEVON AVE,1621,,,,,,,2,NO INDICATION OF INJURY,0,0,0,0,0,2,0,12,5,3,41.99743776,-87.76083192,POINT (-87.760831923212 41.997437764059)
8d66ce6aea8950ac70fbbfd9dc1c7b9de5f929c7d21fe9ddbca05e78935a31d9c7e739ca469384f6f68da0bff57c7dd72505ab91d765e9b09c0e66961f658383,,,3/31/2022 6:00,30,NO CONTROLS,NO CONTROLS,RAIN,DAYLIGHT,PARKED MOTOR VEHICLE,ONE-WAY,,STRAIGHT AND LEVEL,WET,NO DEFECTS,NOT ON SCENE (DESK REPORT),INJURY AND / OR TOW DUE TO CRASH,,,Y,"OVER $1,500",3/31/2022 13:25,UNABLE TO DETERMINE,UNABLE TO DETERMINE,7484,S,RHODES AVE,323,,,,,,,2,NO INDICATION OF INJURY,0,0,0,0,0,1,0,6,5,3,41.75856432,-87.61161525,POINT (-87.611615249333 41.758564323735)
bef076e5ea9ee6d8152a1b0345ab50fa2b54b814e32e2d5a8f93580be16bac1793badd087dc0352afcd4a8b8725e242b567edcab051a95cfb76481a8b45c1f18,,,3/31/2022 18:05,30,STOP SIGN/FLASHER,FUNCTIONING PROPERLY,FREEZING RAIN/DRIZZLE,DAYLIGHT,ANGLE,FOUR WAY,,STRAIGHT AND LEVEL,WET,NO DEFECTS,ON SCENE,INJURY AND / OR TOW DUE TO CRASH,Y,,,"$501 - $1,500",3/31/2022 18:08,DISTRACTION - FROM INSIDE VEHICLE,NOT APPLICABLE,2329,W,MARQUETTE RD,832,,,,,,,2,"REPORTED, NOT EVIDENT",1,0,0,0,1,1,0,18,5,3,41.77186957,-87.68204416,POINT (-87.682044158652 41.77186957107)
0170e0133213239b2753a9578526769f0a63fa74431ac4d8ef8cbdcf110407db92efcd510ddf295165978377fc49db97e6933c83154d8a1207f4a634902c9a53,JF162167,,3/3/2022 14:44,30,STOP SIGN/FLASHER,FUNCTIONING PROPERLY,CLEAR,DAYLIGHT,TURNING,NOT DIVIDED,,STRAIGHT AND LEVEL,DRY,NO DEFECTS,NOT ON SCENE (DESK REPORT),INJURY AND / OR TOW DUE TO CRASH,Y,,,"OVER $1,500",3/3/2022 14:44,IMPROPER TURNING/NO SIGNAL,NOT APPLICABLE,2326,E,103RD ST,431,,,,,,,3,"REPORTED, NOT EVIDENT",1,0,0,0,1,4,0,14,5,3,41.70817442,-87.56699034,POINT (-87.566990336926 41.708174419983)
e08e03e7d662960ef28fa2c2ccb8c825c9dabbb4c21fda427fd786521435db4b47e4b13301783e6e440638e57f0f3d58aa3fb83e56372a8bfcd85eaeccb2a299,,,3/31/2022 18:35,30,TRAFFIC SIGNAL,FUNCTIONING PROPERLY,SNOW,DAYLIGHT,ANGLE,UNKNOWN INTERSECTION TYPE,,STRAIGHT AND LEVEL,WET,UNKNOWN,ON SCENE,INJURY AND / OR TOW DUE TO CRASH,N,,,"OVER $1,500",3/31/2022 18:40,UNABLE TO DETERMINE,UNABLE TO DETERMINE,699,W,GARFIELD BLVD,711,,,,,,,2,"REPORTED, NOT EVIDENT",1,0,0,0,1,8,0,18,5,3,41.79387964,-87.64265433,POINT (-87.642654332018 41.793879642949)
6c6d7f9f4486586e9f3c1178ef9c061f682d05495e2a5cf919838adeead8ac0ca1689cb5822a35c09b09f6c9235bfeff0a4f85bab496b94d4c299463c8666639,,,3/31/2022 18:20,30,NO CONTROLS,NO CONTROLS,CLEAR,DAYLIGHT,TURNING,DIVIDED - W/MEDIAN (NOT RAISED),,STRAIGHT AND LEVEL,DRY,NO DEFECTS,ON SCENE,INJURY AND / OR TOW DUE TO CRASH,,,,"OVER $1,500",3/31/2022 18:20,FAILING TO YIELD RIGHT-OF-WAY,UNABLE TO DETERMINE,3212,W,63RD ST,823,,,,,,,2,NONINCAPACITATING INJURY,1,0,0,1,0,2,0,18,5,3,41.77907386,-87.70371194,POINT (-87.703711938631 41.779073859695)
7e1a4b08a67d7e961a1debd1de4d830322a6ba54362bb5b1d47abf334e8b10bdda7db4df4a9395b9bec0ee8c5bcaf495ac41b6c6700eb89cc8db23dd55214dd7,,,3/31/2022 16:30,30,NO CONTROLS,NO CONTROLS,CLOUDY/OVERCAST,DAYLIGHT,ANGLE,NOT DIVIDED,,STRAIGHT AND LEVEL,UNKNOWN,UNKNOWN,NOT ON SCENE (DESK REPORT),NO INJURY / DRIVE AWAY,,,,"OVER $1,500",3/31/2022 17:15,UNABLE TO DETERMINE,UNABLE TO DETERMINE,725,W,MONTROSE AVE,1915,,,,,,,2,NO INDICATION OF INJURY,0,0,0,0,0,2,0,16,5,3,41.9617548,-87.64854373,POINT (-87.648543724977 41.961754803528)
f06c746c1f342a9affa0efaefb34fef1655bc6ab2920c2727fb2e6b5481447c6f65d88aac015ecabbc74f2b659c3f55ed07f668618fd7b5870084f2cb1562323,,,3/31/2022 10:48,25,NO CONTROLS,NO CONTROLS,RAIN,DAYLIGHT,SIDESWIPE SAME DIRECTION,NOT DIVIDED,,STRAIGHT AND LEVEL,WET,NO DEFECTS,ON SCENE,NO INJURY / DRIVE AWAY,,,Y,"$501 - $1,500",3/31/2022 11:31,IMPROPER OVERTAKING/PASSING,DRIVING SKILLS/KNOWLEDGE/EXPERIENCE,232,S,CENTRAL AVE,1513,,,,,,,2,NO INDICATION OF INJURY,0,0,0,0,0,2,0,10,5,3,41.87698522,-87.76489104,POINT (-87.764891037714 41.876985223547)
2df634eee355148709b6ec7255877defbd295b46734a6235c0e9d9caadd9611739ae8cef09d7a9b2a990711f0313acc78aa0dd2bf876255109c8d4090beec691,,,3/31/2022 9:00,30,NO CONTROLS,NO CONTROLS,RAIN,DAYLIGHT,ANGLE,NOT DIVIDED,,STRAIGHT AND LEVEL,WET,UNKNOWN,NOT ON SCENE (DESK REPORT),NO INJURY / DRIVE AWAY,,,,"OVER $1,500",3/31/2022 9:10,UNABLE TO DETERMINE,NOT APPLICABLE,1005,W,DIVERSEY PKWY,1935,,,,,,,2,NO INDICATION OF INJURY,0,0,0,0,0,2,0,9,5,3,41.93252376,-87.65409159,POINT (-87.654091594328 41.932523762885)
708e85108b6305ae43d41c969df9471ba9aa988a02a800d600957fe45a8a5dc8c46fc691139adc82cfe415ae2463a683d8ff4b01af44857a7ebff6ea8c1e133e,,,3/31/2022 18:30,30,TRAFFIC SIGNAL,FUNCTIONING PROPERLY,CLEAR,"DARKNESS, LIGHTED ROAD",SIDESWIPE SAME DIRECTION,T-INTERSECTION,,STRAIGHT AND LEVEL,DRY,NO DEFECTS,NOT ON SCENE (DESK REPORT),NO INJURY / DRIVE AWAY,Y,,,$500 OR LESS,3/31/2022 19:00,IMPROPER TURNING/NO SIGNAL,IMPROPER TURNING/NO SIGNAL,1541,N,AUSTIN BLVD,2531,,,,,,,2,NO INDICATION OF INJURY,0,0,0,0,0,3,0,18,5,3,41.90865888,-87.77543611,POINT (-87.775436112736 41.908658881649)
10ac91b1fbc5c21621a76b1d81975ac805e14d40d8373341cb41de38ce19d2c21dd83ce837633928fd0201655e641e55c677d61f2f2f655188cbae808d90ead6,,,3/30/2022 10:48,35,TRAFFIC SIGNAL,FUNCTIONING PROPERLY,RAIN,DAYLIGHT,REAR END,NOT DIVIDED,,STRAIGHT AND LEVEL,WET,NO DEFECTS,ON SCENE,INJURY AND / OR TOW DUE TO CRASH,,,,"OVER $1,500",3/30/2022 11:34,UNABLE TO DETERMINE,UNABLE TO DETERMINE,7701,S,CICERO AVE,834,,,,,,,3,NO INDICATION OF INJURY,0,0,0,0,0,5,0,10,4,3,41.75282202,-87.74135449,POINT (-87.741354493194 41.752822020767)
22e4e7f977f2a8ba83633faf1480db268c6224fae49e966babdea5f8475a3763076569875f87d0f08fb4da46b1afbb7821681a4d32c2b341b20065077fba6bd0,JF169243,,3/10/2022 11:45,30,NO CONTROLS,NO CONTROLS,CLEAR,DAYLIGHT,PARKED MOTOR VEHICLE,NOT DIVIDED,,STRAIGHT AND LEVEL,DRY,NO DEFECTS,NOT ON SCENE (DESK REPORT),NO INJURY / DRIVE AWAY,,,,$500 OR LESS,3/10/2022 12:15,UNABLE TO DETERMINE,UNABLE TO DETERMINE,3942,N,CALIFORNIA AVE,1733,,,,,,,2,NO INDICATION OF INJURY,0,0,0,0,0,1,0,11,5,3,41.95342879,-87.69837116,POINT (-87.698371155271 41.953428792713)
216b62474635eca4a979aa6cf50ba13bc17c782c9cda66aed1a829241e713af1740ab31668620f855bfa13da13d8d86206f29168dfde09138aa757231d956e0a,,,3/31/2022 9:58,30,TRAFFIC SIGNAL,FUNCTIONING PROPERLY,RAIN,DAYLIGHT,TURNING,DIVIDED - W/MEDIAN BARRIER,,STRAIGHT AND LEVEL,WET,NO DEFECTS,ON SCENE,NO INJURY / DRIVE AWAY,Y,,,"OVER $1,500",3/31/2022 9:58,FAILING TO YIELD RIGHT-OF-WAY,NOT APPLICABLE,148,N,MICHIGAN AVE,111,,,,,,,2,NO INDICATION OF INJURY,0,0,0,0,0,2,0,9,5,3,41.88440613,-87.62459604,POINT (-87.624596044441 41.884406129114)
479bd9b4e07ddc185091276b395ce2f68e9d16ef03a92396baa05c8ce25d09924fad4bcfa22444f51950c4fc0f5c8c6ff11fbdd8bf9e0b9a1a3153ad60556e23,,,3/30/2022 14:20,20,NO CONTROLS,NO CONTROLS,RAIN,DAYLIGHT,PARKED MOTOR VEHICLE,ONE-WAY,,STRAIGHT AND LEVEL,WET,NO DEFECTS,ON SCENE,INJURY AND / OR TOW DUE TO CRASH,,,Y,"$501 - $1,500",3/30/2022 14:22,UNABLE TO DETERMINE,NOT APPLICABLE,4408,W,WILCOX ST,1113,,,,,,,2,NO INDICATION OF INJURY,0,0,0,0,0,1,0,14,4,3,41.87885636,-87.73584087,POINT (-87.735840872713 41.87885636425)
9702d4b7b8a61b950de9f20270bc765f2bfc482b123f1dfe00ea897a227ba4cfdd2c08284be5c1109c317535a93cec83e2e8180be8ab27939a595c8c4868c95d,,,3/31/2022 21:35,30,NO CONTROLS,NOT FUNCTIONING,SNOW,"DARKNESS, LIGHTED ROAD",ANGLE,NOT DIVIDED,,STRAIGHT AND LEVEL,WET,UNKNOWN,ON SCENE,INJURY AND / OR TOW DUE TO CRASH,,,,"OVER $1,500",3/31/2022 23:04,UNABLE TO DETERMINE,NOT APPLICABLE,1465,E,130TH ST,434,,,,,,,2,NO INDICATION OF INJURY,0,0,0,0,0,3,0,21,5,3,41.66028389,-87.58866624,POINT (-87.58866623998 41.660283893596)
fbe4577373619ad243eb601832f9ffc3963b4fd47dd8935a2a61652d83464a5939e9673370fcf97f130d7835f292b6491aa46f2a1e3f6aa5ea2b88bfe1c7927c,,N,3/31/2022 19:50,30,NO CONTROLS,NO CONTROLS,CLEAR,"DARKNESS, LIGHTED ROAD",REAR END,NOT DIVIDED,,STRAIGHT AND LEVEL,DRY,NO DEFECTS,ON SCENE,NO INJURY / DRIVE AWAY,,,,"OVER $1,500",3/31/2022 20:01,UNABLE TO DETERMINE,UNABLE TO DETERMINE,5000,N,BROADWAY,2033,,,,,,,3,NO INDICATION OF INJURY,0,0,0,0,0,3,0,19,5,3,41.97270252,-87.65991573,POINT (-87.659915730223 41.972702521692)
a656854fb0a691278c11730b3a990b0abe91adc87be459f5355928c2ca857265352fb5ea225c06db2cf79a320b0138795de416143a86a3db9ed8b63c61b983fc,,,3/30/2022 21:05,30,TRAFFIC SIGNAL,FUNCTIONING PROPERLY,RAIN,"DARKNESS, LIGHTED ROAD",PEDESTRIAN,FOUR WAY,,STRAIGHT AND LEVEL,WET,NO DEFECTS,ON SCENE,INJURY AND / OR TOW DUE TO CRASH,Y,,,$500 OR LESS,3/31/2022 18:24,UNABLE TO DETERMINE,UNABLE TO DETERMINE,5201,N,CLARK ST,2013,,,,,,,2,NONINCAPACITATING INJURY,1,0,0,1,0,1,0,21,4,3,41.97624222,-87.66827341,POINT (-87.66827340646 41.976242219069)
53e7fa3b4f1f2f237f1987c6b455217d0ab28d2b9e8879e833737df7cd60887ad2b3c4c1780f80833d1b14b834f9ac3f14d341b322e0a3679c264df43b98a109,,,3/31/2022 10:00,20,NO CONTROLS,NO CONTROLS,RAIN,DAYLIGHT,HEAD ON,NOT DIVIDED,,STRAIGHT AND LEVEL,WET,WORN SURFACE,ON SCENE,NO INJURY / DRIVE AWAY,,,,"OVER $1,500",3/31/2022 10:30,FAILING TO YIELD RIGHT-OF-WAY,NOT APPLICABLE,1923,W,NORTH AVE,1424,,,,,,,2,NO INDICATION OF INJURY,0,0,0,0,0,2,0,10,5,3,41.91039968,-87.67601119,POINT (-87.676011188478 41.910399681656)
5a3377e54e309d7aecb364e2e9235675bec3cd56a6380a3a5349143dbd0d6f839466c5fc9083b690b7306f4d279b3ff139e737758bd18f8ce00fd2e103e015bf,,Y,3/31/2022 13:00,25,NO CONTROLS,UNKNOWN,UNKNOWN,UNKNOWN,PARKED MOTOR VEHICLE,NOT DIVIDED,,STRAIGHT AND LEVEL,UNKNOWN,NO DEFECTS,ON SCENE,NO INJURY / DRIVE AWAY,,,Y,"$501 - $1,500",3/31/2022 13:10,UNABLE TO DETERMINE,NOT APPLICABLE,5302,N,LEAVITT ST,2012,,,,,,,2,NO INDICATION OF INJURY,0,0,0,0,0,1,0,13,5,3,41.97788631,-87.68450084,POINT (-87.68450084198 41.977886307534)
5eb961653101c37f5e7d33d9dd78009ee47e7f4e41cc721f335419dc0d95d66548c5dc18454028eca89e929586be0ff25bb024cf6d56da92801dd5ff9b8741e1,,,3/31/2022 15:43,30,NO CONTROLS,NO CONTROLS,RAIN,DAYLIGHT,SIDESWIPE SAME DIRECTION,DIVIDED - W/MEDIAN (NOT RAISED),,STRAIGHT AND LEVEL,WET,NO DEFECTS,ON SCENE,NO INJURY / DRIVE AWAY,,,Y,"OVER $1,500",3/31/2022 15:45,IMPROPER LANE USAGE,NOT APPLICABLE,3341,N,ELSTON AVE,1733,,,,,,,2,NO INDICATION OF INJURY,0,0,0,0,0,5,0,15,5,3,41.94223539,-87.70224002,POINT (-87.702240022807 41.942235384784)
c7699c04b9ea731cbb2646256ad9c9f04234a909b688b3201212645adc2e0eb979131906b9317dff9dab5c360cf116e8fe1312149ef22d5b683a3e3cc8b8592b,,,3/31/2022 9:53,30,TRAFFIC SIGNAL,FUNCTIONING PROPERLY,RAIN,DAYLIGHT,TURNING,FOUR WAY,,STRAIGHT AND LEVEL,WET,NO DEFECTS,NOT ON SCENE (DESK REPORT),NO INJURY / DRIVE AWAY,Y,,,"OVER $1,500",3/31/2022 10:15,IMPROPER TURNING/NO SIGNAL,IMPROPER LANE USAGE,599,S,SACRAMENTO BLVD,1135,,,,,,,2,NO INDICATION OF INJURY,0,0,0,0,0,2,0,9,5,3,41.8737801,-87.70086724,POINT (-87.700867238592 41.873780096215)
bc8b4663f8789184d917940b444801e35e8f9f4536c618504829f93b6b6beb7ad21d04a1c071c4861c2ffb87d7a2399c238290f6e3fb383c01f82647a77f50e5,,,3/31/2022 14:45,30,NO CONTROLS,NO CONTROLS,CLEAR,DAYLIGHT,REAR END,NOT DIVIDED,,STRAIGHT AND LEVEL,DRY,NO DEFECTS,ON SCENE,NO INJURY / DRIVE AWAY,,,,"OVER $1,500",3/31/2022 14:48,FAILING TO REDUCE SPEED TO AVOID CRASH,UNABLE TO DETERMINE,5104,W,BELMONT AVE,1634,,,,,,,3,NO INDICATION OF INJURY,0,0,0,0,0,4,0,14,5,3,41.93883817,-87.75451982,POINT (-87.754519817975 41.938838170007)
d80f0dfa300f4461141a4d5e48714ebb4ef0e598e6bd25b9851051c1c792c0755618a86edf44a2e69445981c2ed0a5dc8e079ce07b5eb96c6df6f6a0c6e2e872,,,3/30/2022 7:02,30,NO CONTROLS,NO CONTROLS,RAIN,DAYLIGHT,PARKED MOTOR VEHICLE,DIVIDED - W/MEDIAN BARRIER,,STRAIGHT AND LEVEL,WET,NO DEFECTS,NOT ON SCENE (DESK REPORT),NO INJURY / DRIVE AWAY,,,,"OVER $1,500",3/31/2022 11:11,DRIVING SKILLS/KNOWLEDGE/EXPERIENCE,NOT APPLICABLE,1,N,WACKER DR,122,,,,,,,2,NO INDICATION OF INJURY,0,0,0,0,0,2,0,7,4,3,41.88195188,-87.63662035,POINT (-87.636620349402 41.881951876486)
67fbdde69cc08f3d01606ed9b2ba84647d534c91f7f047164b3fc2ce5c55c60b656a206083e9c073757461afac30ff3961b544e8d5bf04ddc34bcd9a2cc36d72,,,3/31/2022 18:00,30,NO CONTROLS,NO CONTROLS,CLEAR,DAYLIGHT,PARKED MOTOR VEHICLE,PARKING LOT,,STRAIGHT AND LEVEL,WET,NO DEFECTS,NOT ON SCENE (DESK REPORT),NO INJURY / DRIVE AWAY,,,,"OVER $1,500",3/31/2022 18:30,UNABLE TO DETERMINE,UNABLE TO DETERMINE,1065,S,PARK TER,123,,,,,,,2,NO INDICATION OF INJURY,0,0,0,0,0,1,0,18,5,3,41.86966888,-87.6300149,POINT (-87.630014895779 41.869668875646)
e3ce50282ff54909ad92c3dc7a8ea5cdc52deb3e987a78e677934ff15e742a04d04c30818f739a4fc85e5815b5c25f6707d09b8f99877c600fc05fc272129037,,,3/31/2022 7:45,30,STOP SIGN/FLASHER,FUNCTIONING PROPERLY,SNOW,DAYLIGHT,ANGLE,NOT DIVIDED,,STRAIGHT AND LEVEL,WET,NO DEFECTS,ON SCENE,INJURY AND / OR TOW DUE TO CRASH,Y,,,"OVER $1,500",3/31/2022 7:49,UNABLE TO DETERMINE,WEATHER,3800,W,OHIO ST,1122,,,,,,,2,"REPORTED, NOT EVIDENT",3,0,0,0,3,0,0,7,5,3,41.89185438,-87.7211377,POINT (-87.721137698643 41.891854382356)
045ecf3a1379e43f66e17a04ff8c60030751f1c9bea065360c90378eecb3819413af4b9992fcd3ad59715d3d84a41393b0dfee32bd2d94b596bb0c4c787d8559,JF162266,,3/3/2022 17:20,25,OTHER,UNKNOWN,CLEAR,DAYLIGHT,SIDESWIPE SAME DIRECTION,NOT DIVIDED,,STRAIGHT AND LEVEL,DRY,UNKNOWN,ON SCENE,NO INJURY / DRIVE AWAY,,,,"OVER $1,500",3/3/2022 17:22,UNABLE TO DETERMINE,UNABLE TO DETERMINE,1398,N,PULASKI RD,2534,,,,,,,2,NO INDICATION OF INJURY,0,0,0,0,0,2,0,17,5,3,41.90612788,-87.72655403,POINT (-87.726554030886 41.906127875249)
323e0bd558b95cfc0fd267dda0a35444e025a6c73acb26e7b52a479e50c34f254ada5229c5616a51a7a225a4ce05b0da20b259d082ac0d2603d47352da41a3ed,,,3/31/2022 10:33,30,NO CONTROLS,NO CONTROLS,RAIN,DAYLIGHT,ANGLE,NOT DIVIDED,,STRAIGHT AND LEVEL,WET,NO DEFECTS,ON SCENE,INJURY AND / OR TOW DUE TO CRASH,,,Y,"OVER $1,500",3/31/2022 10:40,FAILING TO YIELD RIGHT-OF-WAY,DRIVING SKILLS/KNOWLEDGE/EXPERIENCE,7801,S,SOUTH SHORE DR,421,,,,,,,2,NONINCAPACITATING INJURY,1,0,0,1,0,4,0,10,5,3,41.75525268,-87.55136582,POINT (-87.551365820472 41.755252674674)
d58d0ea12bd61be38b4091b203a56d05950fe7dc4cfee82cebc00c693ab6b91088951147d4ee150965afdc5e3cd9027245a3a76b58d12a1ed1e385f975d36387,,,3/31/2022 17:15,30,NO CONTROLS,NO CONTROLS,CLOUDY/OVERCAST,DAYLIGHT,TURNING,NOT DIVIDED,,STRAIGHT AND LEVEL,UNKNOWN,UNKNOWN,NOT ON SCENE (DESK REPORT),NO INJURY / DRIVE AWAY,,,Y,"$501 - $1,500",3/31/2022 17:15,FAILING TO YIELD RIGHT-OF-WAY,UNABLE TO DETERMINE,757,W,115TH ST,524,,,,,,,2,NO INDICATION OF INJURY,0,0,0,0,0,2,0,17,5,3,41.68497448,-87.64200433,POINT (-87.642004328336 41.684974478865)