CRASH_RECORD_ID,RD_NO,CRASH_DATE_EST_I,CRASH_DATE,POSTED_SPEED_LIMIT,TRAFFIC_CONTROL_DEVICE,DEVICE_CONDITION,WEATHER_CONDITION,LIGHTING_CONDITION,FIRST_CRASH_TYPE,TRAFFICWAY_TYPE,LANE_CNT,ALIGNMENT,ROADWAY_SURFACE_COND,ROAD_DEFECT,REPORT_TYPE,CRASH_TYPE,INTERSECTION_RELATED_I,NOT_RIGHT_OF_WAY_I,HIT_AND_RUN_I,DAMAGE,DATE_POLICE_NOTIFIED,PRIM_CONTRIBUTORY_CAUSE,SEC_CONTRIBUTORY_CAUSE,STREET_NO,STREET_DIRECTION,STREET_NAME,BEAT_OF_OCCURRENCE,PHOTOS_TAKEN_I,STATEMENTS_TAKEN_I,DOORING_I,WORK_ZONE_I,WORK_ZONE_TYPE,WORKERS_PRESENT_I,NUM_UNITS,MOST_SEVERE_INJURY,INJURIES_TOTAL,INJURIES_FATAL,INJURIES_INCAPACITATING,INJURIES_NON_INCAPACITATING,INJURIES_REPORTED_NOT_EVIDENT,INJURIES_NO_INDICATION,INJURIES_UNKNOWN,CRASH_HOUR,CRASH_DAY_OF_WEEK,CRASH_MONTH,LATITUDE,LONGITUDE,LOCATION
def4498b3bdae350d6d400fd56b64ebf9c7d3cd34107abd01654b2b567a29f367b69e80fc9439f6deda255912df47a1a4f707883927126a9037f9a55173a6a39,,,3/31/2022 16:15,45,NO CONTROLS,NO CONTROLS,RAIN,DAYLIGHT,SIDESWIPE SAME DIRECTION,DIVIDED - W/MEDIAN (NOT RAISED),,STRAIGHT AND LEVEL,WET,NO DEFECTS,NOT ON SCENE (DESK REPORT),NO INJURY / DRIVE AWAY,,,Y,"OVER $1,500",3/31/2022 18:30,UNABLE TO DETERMINE,UNABLE TO DETERMINE,6232,S,LAKE SHORE DR,331,,,,,,,2,NO INDICATION OF INJURY,0,0,0,0,0,3,0,16,5,3,41.78132031,-87.57507937,POINT (-87.575079365418 41.781320311894)
59cfdf47a60479404b7b6ff2a4c7131343741f89963a9b12891ed248dc67e2d4ee8b860aeea88cb0a5fbbe09618de86ac923cfb4191d99bcee1eed33fbf4c957,,,3/31/2022 13:00,30,NO CONTROLS,NO CONTROLS,CLEAR,DAYLIGHT,PARKED MOTOR VEHICLE,ONE-WAY,,STRAIGHT AND LEVEL,DRY,NO DEFECTS,NOT ON SCENE (DESK REPORT),NO INJURY / DRIVE AWAY,,,Y,"OVER $1,500",3/31/2022 15:45,UNABLE TO DETERMINE,NOT APPLICABLE,3201,N,LAWNDALE AVE,1732,,,,,,,2,NO INDICATION OF INJURY,0,0,0,0,0,1,0,13,5,3,41.93927939,-87.71970335,POINT (-87.719703352143 41.939279391554)
b4a41110a4a0f56b9a57f561cbc5417aa8a5227e93cc39b942dd166b23d7b0d1bfe7eef71bbcdad168a9e92f737ced7d200012918404898fbc618b184a74a6c4,,,3/31/2022 9:05,30,TRAFFIC SIGNAL,FUNCTIONING PROPERLY,RAIN,DAYLIGHT,ANGLE,NOT DIVIDED,,STRAIGHT AND LEVEL,WET,NO DEFECTS,ON SCENE,INJURY AND / OR TOW DUE TO CRASH,Y,,,"OVER $1,500",3/31/2022 9:10,UNABLE TO DETERMINE,UNABLE TO DETERMINE,4600,N,CLARK ST,1912,,,,,,,2,NO INDICATION OF INJURY,0,0,0,0,0,2,0,9,5,3,41.96534532,-87.6668974,POINT (-87.66689740065 41.965345314732)
48d6420703983a3245261563a5a181932a245a683a7f49f56da294300f0ccc6f79186e9886f88c3f1dc6e2176dc60f1f32b15bf9d22dff6b84633d402249e0e6,,,3/31/2022 17:00,35,NO CONTROLS,NO CONTROLS,RAIN,DAYLIGHT,OTHER OBJECT,NOT DIVIDED,,STRAIGHT AND LEVEL,WET,OTHER,ON SCENE,INJURY AND / OR TOW DUE TO CRASH,Y,,,"$501 - $1,500",3/31/2022 18:10,UNABLE TO DETERMINE,UNABLE TO DETERMINE,200,N,WESTERN AVE,1222,,,,,,,1,NO INDICATION OF INJURY,0,0,0,0,0,1,0,17,5,3,41.88468637,-87.68667666,POINT (-87.68667666091 41.884686371563)
8a6714d930ca3d930ba1dde66c3a21a9702cf889d9d46c07f9b2013808f0b2367df32395c670d88acf1dd64170aa300a1bfc6310e64168a475b65c26378e9993,,,3/31/2022 21:30,25,STOP SIGN/FLASHER,FUNCTIONING PROPERLY,UNKNOWN,UNKNOWN,ANGLE,NOT DIVIDED,,STRAIGHT AND LEVEL,UNKNOWN,UNKNOWN,NOT ON SCENE (DESK REPORT),NO INJURY / DRIVE AWAY,,,,"OVER $1,500",3/31/2022 21:40,NOT APPLICABLE,NOT APPLICABLE,13400,S,BALTIMORE AVE,433,,,,,,,2,NO INDICATION OF INJURY,0,0,0,0,0,2,0,21,5,3,41.65176364,-87.54730536,POINT (-87.547305358166 41.651763637011)
edfd803de2a0afd25bcf8e2ca0da2b47179b4fc5ff91e31dbd61a1a64786c9b6c2ada5c90edeccfa14f15337fb5a0ed6c2f6e62f7e9da02e955de19e1e8e2289,,,3/31/2022 13:30,30,NO CONTROLS,NO CONTROLS,CLOUDY/OVERCAST,DAYLIGHT,REAR END,DIVIDED - W/MEDIAN (NOT RAISED),,STRAIGHT AND LEVEL,DRY,NO DEFECTS,NOT ON SCENE (DESK REPORT),NO INJURY / DRIVE AWAY,,,Y,$500 OR LESS,3/31/2022 16:07,UNABLE TO DETERMINE,UNABLE TO DETERMINE,331,W,79TH ST,623,,,,,,,2,NO INDICATION OF INJURY,0,0,0,0,0,2,0,13,5,3,41.75069363,-87.63302632,POINT (-87.633026319923 41.750693625537)
54a003133805dcb7a6b476c2fcf96ac18c5324e582878b78ddb7e02cb6030423369c34e8724e3f5ff12c851cb54867c24c14c48e37931e56a9bd8251f9297ddd,,,3/30/2022 13:15,30,OTHER,OTHER,RAIN,DAYLIGHT,FIXED OBJECT,NOT DIVIDED,,STRAIGHT AND LEVEL,WET,NO DEFECTS,ON SCENE,INJURY AND / OR TOW DUE TO CRASH,,,,"OVER $1,500",3/30/2022 13:23,EQUIPMENT - VEHICLE CONDITION,WEATHER,1958,E,92ND ST,413,,,,,,,1,NO INDICATION OF INJURY,0,0,0,0,0,1,0,13,4,3,41.72804808,-87.57555494,POINT (-87.575554938944 41.728048077498)
3fe8b4a5ebf81178c1c6ba88dc37802acd263128778f74eae8223b8578d3e9279c0249b9399ba27b1c78f345fc77c061e4365a0a0619a65ba57c0281bfbb5185,,,3/30/2022 16:00,30,TRAFFIC SIGNAL,FUNCTIONING PROPERLY,RAIN,DAYLIGHT,REAR END,ONE-WAY,,STRAIGHT AND LEVEL,WET,NO DEFECTS,NOT ON SCENE (DESK REPORT),NO INJURY / DRIVE AWAY,,,,"OVER $1,500",3/31/2022 17:20,FOLLOWING TOO CLOSELY,WEATHER,1300,S,COLUMBUS DR,132,,,,,,,2,NO INDICATION OF INJURY,0,0,0,0,0,2,0,16,4,3,41.8657137,-87.61989133,POINT (-87.619891330891 41.86571369964)
696982833172354ca8064052ef878698b5ee7b855b6c966c3045c9cec2240315989695dd0b440d059e155eebd263fa05355173ea43e39b6dbfde6b7ecf1fff7e,,,3/31/2022 18:17,35,NO CONTROLS,NO CONTROLS,CLEAR,DUSK,SIDESWIPE SAME DIRECTION,NOT DIVIDED,,STRAIGHT AND LEVEL,DRY,NO DEFECTS,ON SCENE,NO INJURY / DRIVE AWAY,,,,"OVER $1,500",3/31/2022 18:17,FAILING TO YIELD RIGHT-OF-WAY,NOT APPLICABLE,5100,S,HARPER AVE,234,,,,,,,2,NO INDICATION OF INJURY,0,0,0,0,0,3,0,18,5,3,41.80238154,-87.58929994,POINT (-87.58929994136 41.802381542467)
39524af00e4a8d887719a0252cd0db2e5dcdda6c6da774e5efa5d5930117d9730a392577c1df8bf503b6bf364586a4a9afa4ddb779399209e0044444187b116f,,,3/31/2022 11:15,40,NO CONTROLS,NO CONTROLS,RAIN,DAYLIGHT,FIXED OBJECT,DIVIDED - W/MEDIAN BARRIER,,STRAIGHT AND LEVEL,WET,UNKNOWN,ON SCENE,INJURY AND / OR TOW DUE TO CRASH,,,,"OVER $1,500",3/31/2022 11:30,DRIVING SKILLS/KNOWLEDGE/EXPERIENCE,WEATHER,1000,N,LAKE SHORE DR SB,1824,,,,,,,1,NO INDICATION OF INJURY,0,0,0,0,0,1,0,11,5,3,41.90095892,-87.61992817,POINT (-87.619928173678 41.900958919109)
78cdfb16a45a07115c7ec1ca0b6700e19c8cefc296f5f15d0ab76f12f156f304e62bb8968dd972d7369a27245305476e17cbdc9a2d739fef9ea9efd672c3efa2,,,3/31/2022 12:40,30,NO CONTROLS,NO CONTROLS,RAIN,DAYLIGHT,FIXED OBJECT,DIVIDED - W/MEDIAN BARRIER,,STRAIGHT AND LEVEL,WET,NO DEFECTS,ON SCENE,INJURY AND / OR TOW DUE TO CRASH,,,,"OVER $1,500",3/31/2022 12:40,DISREGARDING OTHER TRAFFIC SIGNS,NOT APPLICABLE,457,W,35TH ST,915,,,,,,,1,NO INDICATION OF INJURY,0,0,0,0,0,1,0,12,5,3,41.83073993,-87.63860708,POINT (-87.63860708351 41.83073992828)
97a9fc2a02aacf4a2fec1be38e351d30ebf0f665ba0adb4489f92e7337b82d7597641a854cb34381b1da36100717d4bd934b1d75ed57d2b430ca1b0b46fa2e85,,,3/31/2022 6:02,10,STOP SIGN/FLASHER,FUNCTIONING PROPERLY,RAIN,DAYLIGHT,TURNING,PARKING LOT,,STRAIGHT AND LEVEL,WET,NO DEFECTS,,NO INJURY / DRIVE AWAY,,,,"$501 - $1,500",3/31/2022 7:25,UNABLE TO DETERMINE,UNABLE TO DETERMINE,11600,W,IRVING PARK RD,1654,,,,,,,2,NO INDICATION OF INJURY,0,0,0,0,0,2,0,6,5,3,41.95376608,-87.91419707,POINT (-87.914197072743 41.953766077129)
17a848b33fd791c4df05d0cf6ecdb2260e3cf2123213d11cab71ecdf11948538361796d386ea510937001888d5e5f74989f2595526613cfc3358c7333da40afc,,,3/31/2022 15:35,20,STOP SIGN/FLASHER,NO CONTROLS,CLEAR,DAYLIGHT,REAR TO SIDE,ONE-WAY,,STRAIGHT AND LEVEL,DRY,NO DEFECTS,ON SCENE,NO INJURY / DRIVE AWAY,Y,,Y,"OVER $1,500",3/31/2022 15:43,NOT APPLICABLE,NOT APPLICABLE,4500,S,WASHTENAW AVE,922,,,,,,,2,NO INDICATION OF INJURY,0,0,0,0,0,2,0,15,5,3,41.81185596,-87.6920148,POINT (-87.692014797823 41.811855958282)
4bba300bf85e9b17b4e8470e3095198944a23c1883a33f2da0f500ae0bb6fb4edfe50985c42c8936ebe2f8cd92172a133a251ed507a55d5f6a1575cd3c5fd66a,,,3/30/2022 20:22,30,TRAFFIC SIGNAL,FUNCTIONING PROPERLY,RAIN,"DARKNESS, LIGHTED ROAD",PEDESTRIAN,DIVIDED - W/MEDIAN BARRIER,,STRAIGHT AND LEVEL,WET,NO DEFECTS,ON SCENE,INJURY AND / OR TOW DUE TO CRASH,Y,,,"OVER $1,500",3/30/2022 20:23,FAILING TO REDUCE SPEED TO AVOID CRASH,FAILING TO YIELD RIGHT-OF-WAY,2,W,9TH ST,123,,,,,,,2,NONINCAPACITATING INJURY,1,0,0,1,0,1,0,20,4,3,41.87064427,-87.62754428,POINT (-87.627544281582 41.870644267082)
6cc89e891badd93512c3d0b4afbbd5e235194448d763d5eaed5c49654dc0a14e59be6f65c8e152a9b51c82f480e59799f7bd2c2f8973c110712f9fcdf789b1eb,,Y,3/31/2022 21:30,30,TRAFFIC SIGNAL,UNKNOWN,CLEAR,"DARKNESS, LIGHTED ROAD",ANGLE,DIVIDED - W/MEDIAN (NOT RAISED),,STRAIGHT AND LEVEL,UNKNOWN,NO DEFECTS,ON SCENE,INJURY AND / OR TOW DUE TO CRASH,Y,,,"OVER $1,500",3/31/2022 21:35,UNABLE TO DETERMINE,NOT APPLICABLE,99,N,OAKLEY BLVD,1223,,,,,,,2,"REPORTED, NOT EVIDENT",3,0,0,0,3,1,0,21,5,3,41.88298625,-87.68386389,POINT (-87.68386388981 41.882986249811)
967ac10bce648e109ee491e8c2f8962e02f874692462bc0463740b3fb220edf11246c264cb64c873a1a98e51fde3591d16df5dab8cd5ebd803c8f078891b6d35,,,3/30/2022 13:30,30,NO CONTROLS,NO CONTROLS,RAIN,DAYLIGHT,REAR TO FRONT,PARKING LOT,,STRAIGHT AND LEVEL,WET,NO DEFECTS,NOT ON SCENE (DESK REPORT),NO INJURY / DRIVE AWAY,N,Y,,$500 OR LESS,3/30/2022 14:25,IMPROPER BACKING,IMPROPER BACKING,7741,S,SOUTH SHORE DR,421,,,,,,,2,NO INDICATION OF INJURY,0,0,0,0,0,2,0,13,4,3,41.75620051,-87.55238673,POINT (-87.552386725444 41.756200510279)
05d0846f1ff72c132a93615d67fee4d441fdef1c4d2d9dd94a2acbda7aa75e3502a7b959e7a67b2c35b1d5df2286dda7ae273d3ba4687edd6f974bea27176794,JF162151,,3/3/2022 15:00,25,NO CONTROLS,NO CONTROLS,CLEAR,DAYLIGHT,PARKED MOTOR VEHICLE,ONE-WAY,,STRAIGHT AND LEVEL,DRY,NO DEFECTS,NOT ON SCENE (DESK REPORT),NO INJURY / DRIVE AWAY,,,Y,$500 OR LESS,3/3/2022 16:15,UNABLE TO DETERMINE,UNABLE TO DETERMINE,1200,W,FARWELL AVE,2431,,,,,,,2,NO INDICATION OF INJURY,0,0,0,0,0,1,0,15,5,3,42.00687599,-87.66133456,POINT (-87.661334554681 42.006875990813)
569aeebbcf74102383a422cfad4d066fd6e59cb0e8f07f5514448ea6b4dd35e521e80df52a007f0d77220c76b445f58e39f888721e4906869344504bd1ff4934,,,3/31/2022 22:24,10,NO CONTROLS,NO CONTROLS,CLEAR,"DARKNESS, LIGHTED ROAD",TURNING,OTHER,,STRAIGHT AND LEVEL,DRY,UNKNOWN,NOT ON SCENE (DESK REPORT),NO INJURY / DRIVE AWAY,,N,,"OVER $1,500",3/31/2022 23:20,UNABLE TO DETERMINE,NOT APPLICABLE,1756,W,HARRISON ST,1231,,,,,,,2,NO INDICATION OF INJURY,0,0,0,0,0,4,0,22,5,3,41.874233,-87.6713404,POINT (-87.671340399027 41.874233002047)
0613642dab2660ba54a6aa39ad6615be074c991760675b9a04371aba9cff4b888f3b52367901df5823ea50bf8355e721b1a28594b2deeecd6ddd9db2c479619c,JF161900,,3/3/2022 11:48,30,TRAFFIC SIGNAL,FUNCTIONING PROPERLY,CLEAR,DAYLIGHT,ANGLE,"FIVE POINT, OR MORE",,STRAIGHT AND LEVEL,DRY,NO DEFECTS,NOT ON SCENE (DESK REPORT),NO INJURY / DRIVE AWAY,Y,,,"OVER $1,500",3/3/2022 12:40,FAILING TO YIELD RIGHT-OF-WAY,DISREGARDING TRAFFIC SIGNALS,2400,W,26TH ST,1034,,,,,,,2,NO INDICATION OF INJURY,0,0,0,0,0,2,0,11,5,3,41.84493463,-87.68553152,POINT (-87.68553151932 41.844934632259)
f8c8649b4a21952d97a2e0ce1a73eb25bad0e1bcd377e8dcd99f2c2db91a771585f1b470611818a3ff8cbbc886ad988e039b15e28e9f139a108990d46403709d,,,3/29/2022 15:34,30,NO CONTROLS,NO CONTROLS,CLOUDY/OVERCAST,DAYLIGHT,TURNING,NOT DIVIDED,,STRAIGHT AND LEVEL,WET,NO DEFECTS,NOT ON SCENE (DESK REPORT),NO INJURY / DRIVE AWAY,,,,"OVER $1,500",3/31/2022 14:30,UNABLE TO DETERMINE,NOT APPLICABLE,6259,N,SHERIDAN RD,2433,,,,,,,2,NO INDICATION OF INJURY,0,0,0,0,0,2,0,15,3,3,41.9963351,-87.65543104,POINT (-87.65543104323 41.996335101284)
34aebe8e6e419128b24d900209897b396c8d39452f4163e5d663ae087fb423df3fa05866c0596f152b3d3ac95a570a905ec6e32e1188846c08be8e6cf5351729,,,3/29/2022 21:45,30,NO CONTROLS,NO CONTROLS,CLEAR,DAYLIGHT,PARKED MOTOR VEHICLE,ONE-WAY,,STRAIGHT AND LEVEL,DRY,NO DEFECTS,NOT ON SCENE (DESK REPORT),NO INJURY / DRIVE AWAY,,,Y,"OVER $1,500",3/31/2022 13:59,UNABLE TO DETERMINE,UNABLE TO DETERMINE,7412,S,ST LAWRENCE AVE,323,,,,,,,2,NO INDICATION OF INJURY,0,0,0,0,0,1,0,21,3,3,41.75988575,-87.61043577,POINT (-87.610435773797 41.759885751253)
bf13f0ab5a8eede9f07a6cc8167c2a0f964431ab0c1f460b2f6f9577c9d065714a3c2b9b86f7a011d1135949e16fbbf09a08524de27e6d966917c80dc6ea4f57,,,3/30/2022 20:00,10,NO CONTROLS,NO CONTROLS,RAIN,"DARKNESS, LIGHTED ROAD",PARKED MOTOR VEHICLE,OTHER,,STRAIGHT AND LEVEL,WET,NO DEFECTS,NOT ON SCENE (DESK REPORT),NO INJURY / DRIVE AWAY,,Y,,"$501 - $1,500",3/30/2022 20:20,IMPROPER BACKING,IMPROPER BACKING,3611,E,106TH ST,432,,,,,,,2,NO INDICATION OF INJURY,0,0,0,0,0,2,0,20,4,3,41.70262669,-87.53601472,POINT (-87.53601472432 41.702626690343)
636844fc39026c37e9e423521fbe8b0f735bc5a7a56498d7eac18ab4c625f8d8b30bf9912ae952131213b66710ed15afc52131d6c41d565cac2446997d75211c,,,3/31/2022 18:43,30,NO CONTROLS,NO CONTROLS,RAIN,"DARKNESS, LIGHTED ROAD",SIDESWIPE SAME DIRECTION,DIVIDED - W/MEDIAN (NOT RAISED),,STRAIGHT AND LEVEL,WET,NO DEFECTS,ON SCENE,NO INJURY / DRIVE AWAY,,,Y,"$501 - $1,500",3/31/2022 19:04,FAILING TO YIELD RIGHT-OF-WAY,IMPROPER LANE USAGE,338,E,CHICAGO AVE,1833,,,,,,,2,NO INDICATION OF INJURY,0,0,0,0,0,2,0,18,5,3,41.89692283,-87.61878638,POINT (-87.618786374555 41.896922827479)
271e0143939f088356479ee85d4fe32148cb5e07e7c26bdeea44ec67c8ae58f737cb4b77779e3d7ff2be9d684cf197f8de9794552b37f4ace4bd22548c951ddc,JF169624,,3/10/2022 16:00,30,UNKNOWN,UNKNOWN,CLEAR,DAYLIGHT,SIDESWIPE SAME DIRECTION,ONE-WAY,,STRAIGHT AND LEVEL,UNKNOWN,UNKNOWN,NOT ON SCENE (DESK REPORT),NO INJURY / DRIVE AWAY,,,Y,"OVER $1,500",3/10/2022 17:15,UNABLE TO DETERMINE,UNABLE TO DETERMINE,1645,W,JACKSON BLVD,1231,,,,,,,2,NO INDICATION OF INJURY,0,0,0,0,0,2,0,16,5,3,41.87748554,-87.66852104,POINT (-87.668521042337 41.877485534694)
de0f4547fb95cd719fbb8fe0eeb5808fa80f9b162de712d5da8d10eb744de19e6bdfa0fbcb375f7ca53f369d2427b3e41e46e814be39d1c50df3005152e078e1,,,3/31/2022 17:50,30,TRAFFIC SIGNAL,FUNCTIONING PROPERLY,RAIN,DAYLIGHT,REAR END,DIVIDED - W/MEDIAN BARRIER,,STRAIGHT AND LEVEL,WET,NO DEFECTS,NOT ON SCENE (DESK REPORT),NO INJURY / DRIVE AWAY,,,,"OVER $1,500",3/31/2022 19:00,UNABLE TO DETERMINE,UNABLE TO DETERMINE,7100,S,STONY ISLAND AVE,324,,,,,,,2,NO INDICATION OF INJURY,0,0,0,0,0,3,0,17,5,3,41.76592819,-87.58647008,POINT (-87.586470077922 41.76592819222)
3e850348516962850d41104699f8099da31423b677aa76221a828d49e1decbb9df988eebbf19e15d3968971aa13cb25e988a9ac8cc04759e416df542a2858031,,,3/31/2022 9:50,30,STOP SIGN/FLASHER,FUNCTIONING PROPERLY,RAIN,DAYLIGHT,REAR END,NOT DIVIDED,,STRAIGHT AND LEVEL,WET,NO DEFECTS,NOT ON SCENE (DESK REPORT),NO INJURY / DRIVE AWAY,,,,"OVER $1,500",3/31/2022 10:38,FOLLOWING TOO CLOSELY,UNABLE TO DETERMINE,4100,W,GRAND AVE,2534,,,,,,,2,NO INDICATION OF INJURY,0,0,0,0,0,2,0,9,5,3,41.9072623,-87.72886623,POINT (-87.728866229465 41.907262296658)
82d4db42af18e221b76fd820b06f51d9024e23ac1ab8fe3191c3394e01ba6acc514b94b44f38a635a5628661b6c0fe69b4456cadb20895e0134c66daa626f1f5,,,3/30/2022 8:30,30,TRAFFIC SIGNAL,FUNCTIONING PROPERLY,RAIN,DAYLIGHT,TURNING,NOT DIVIDED,,STRAIGHT AND LEVEL,UNKNOWN,UNKNOWN,NOT ON SCENE (DESK REPORT),NO INJURY / DRIVE AWAY,Y,,,"OVER $1,500",3/30/2022 10:45,UNABLE TO DETERMINE,UNABLE TO DETERMINE,750,N,KEDZIE AVE,1121,,,,,,,2,NO INDICATION OF INJURY,0,0,0,0,0,3,0,8,4,3,41.89523253,-87.70669332,POINT (-87.706693315754 41.895232526871)
11462471a4fd7da915bbd1586b287f905c0a5cce6a153d9551a88ea3a3d7093b0841a47f75b5bec029e6a811d00af238b0965159564f59677373a639bd5bd6c2,,N,3/31/2022 16:25,30,NO CONTROLS,NO CONTROLS,CLEAR,DAYLIGHT,REAR END,DIVIDED - W/MEDIAN (NOT RAISED),,STRAIGHT AND LEVEL,DRY,NO DEFECTS,ON SCENE,INJURY AND / OR TOW DUE TO CRASH,,,,"OVER $1,500",3/31/2022 16:39,UNABLE TO DETERMINE,NOT APPLICABLE,4901,W,63RD ST,813,,,,,,,2,NO INDICATION OF INJURY,0,0,0,0,0,2,0,16,5,3,41.778273,-87.7447738,POINT (-87.744773800395 41.778272996148)
27f2a40929b0a9f1ea58ada79d4e1d7ade7eb0fcc8f07e27de7d37622ffc322916475e8855227c932e86653a0a238ca64f1521bbe4d3bf0a547d1b1122404e44,JF169635,,3/10/2022 13:15,30,TRAFFIC SIGNAL,NO CONTROLS,CLEAR,DAYLIGHT,REAR END,NOT DIVIDED,,STRAIGHT AND LEVEL,DRY,NO DEFECTS,NOT ON SCENE (DESK REPORT),NO INJURY / DRIVE AWAY,,,,"OVER $1,500",3/10/2022 17:20,UNABLE TO DETERMINE,UNABLE TO DETERMINE,3501,W,63RD ST,823,,,,,,,2,NO INDICATION OF INJURY,0,0,0,0,0,2,0,13,5,3,41.77874211,-87.71052301,POINT (-87.710523012264 41.778742106034)
277c4967da39ebfec32c6e958a59e8fe4cab27f51ead3607c1809169b60fe490e400be6904a7eb8f4ef1959292e1a8a2abdb8d4d0c32871d8233ec91d14e35bd,,,3/31/2022 12:00,30,NO CONTROLS,NO CONTROLS,CLEAR,DAYLIGHT,SIDESWIPE SAME DIRECTION,NOT DIVIDED,,STRAIGHT AND LEVEL,DRY,NO DEFECTS,NOT ON SCENE (DESK REPORT),NO INJURY / DRIVE AWAY,,,Y,"OVER $1,500",3/31/2022 13:03,FAILING TO YIELD RIGHT-OF-WAY,FAILING TO YIELD RIGHT-OF-WAY,7032,W,ARCHER AVE,811,,,,,,,2,NO INDICATION OF INJURY,0,0,0,0,0,2,0,12,5,3,41.79213555,-87.79779538,POINT (-87.797795381928 41.79213554521)
aa9809850779685008ce47270de49fbaf894ac052d9caffff48f85da840c44e140fdf80ad9344b667b2fbed524b8fd4b0077c4c82fe68f152035a3a2a0c2cdc6,,,3/30/2022 17:45,30,TRAFFIC SIGNAL,FUNCTIONING PROPERLY,RAIN,DAYLIGHT,ANGLE,DIVIDED - W/MEDIAN (NOT RAISED),,STRAIGHT AND LEVEL,WET,NO DEFECTS,NOT ON SCENE (DESK REPORT),NO INJURY / DRIVE AWAY,Y,,Y,"OVER $1,500",3/31/2022 15:00,UNABLE TO DETERMINE,UNABLE TO DETERMINE,1400,S,RACINE AVE,1233,,,,,,,2,NO INDICATION OF INJURY,0,0,0,0,0,2,0,17,4,3,41.86340896,-87.65672628,POINT (-87.65672627658 41.863408957737)
74270661b5621fcdc26200bdbdf468503c3d08cff0df2d8993ae52bcb025905b80310f6bbebafefa879ec58d4755a9ab06448bafbd94e840fa6fce84dcbb7bcd,,,3/31/2022 7:40,30,TRAFFIC SIGNAL,UNKNOWN,RAIN,DAYLIGHT,TURNING,DIVIDED - W/MEDIAN (NOT RAISED),,STRAIGHT AND LEVEL,WET,UNKNOWN,ON SCENE,NO INJURY / DRIVE AWAY,Y,,Y,"$501 - $1,500",3/31/2022 7:42,IMPROPER OVERTAKING/PASSING,WEATHER,201,S,MICHIGAN AVE,114,,,,,,,2,NO INDICATION OF INJURY,0,0,0,0,0,4,0,7,5,3,41.87949176,-87.62420439,POINT (-87.624204388826 41.87949176069)
bb6368ea006e0597014ef408bf7dfa36bc3868f12b409bcd713534e9f9e0ce77bc09c835664791f95c02c3f590e6771ff1259dffb9d71d8e2ae9470e7a65ef1e,,,3/31/2022 12:40,30,NO CONTROLS,NO CONTROLS,RAIN,DAYLIGHT,SIDESWIPE SAME DIRECTION,NOT DIVIDED,,STRAIGHT AND LEVEL,WET,NO DEFECTS,ON SCENE,INJURY AND / OR TOW DUE TO CRASH,,,Y,"OVER $1,500",3/31/2022 12:44,UNABLE TO DETERMINE,UNABLE TO DETERMINE,374,N,CICERO AVE,1532,,,,,,,2,"REPORTED, NOT EVIDENT",2,0,0,0,2,1,0,12,5,3,41.88736624,-87.74567895,POINT (-87.745678954092 41.887366242491)
47d954ac7efaad8fdd9bfb763c6d77539a2c848f32647f94891a950b15b6fb8ad027da3b5f33e6fd1b61dda77e6bcaf28897600b479f2ba2cba06e246b3bbfc3,,,3/30/2022 10:20,30,TRAFFIC SIGNAL,FUNCTIONING PROPERLY,RAIN,DAYLIGHT,PEDESTRIAN,DIVIDED - W/MEDIAN (NOT RAISED),,STRAIGHT AND LEVEL,WET,NO DEFECTS,ON SCENE,INJURY AND / OR TOW DUE TO CRASH,,,Y,$500 OR LESS,3/30/2022 18:45,FAILING TO YIELD RIGHT-OF-WAY,UNABLE TO DETERMINE,540,N,CLINTON ST,1214,,,,,,,2,NONINCAPACITATING INJURY,1,0,0,1,0,1,0,10,4,3,,,
fc4621464f38773d762fd33667558543ee530a145e96812be8fc753799332f1bd1da439df7bb2e778f233bf27545e49569be0f60396239959700978a43207fc0,,,3/31/2022 17:40,30,NO CONTROLS,NO CONTROLS,CLEAR,DAYLIGHT,PARKED MOTOR VEHICLE,NOT DIVIDED,,STRAIGHT AND LEVEL,DRY,NO DEFECTS,NOT ON SCENE (DESK REPORT),NO INJURY / DRIVE AWAY,,,Y,"OVER $1,500",3/31/2022 18:30,IMPROPER OVERTAKING/PASSING,IMPROPER OVERTAKING/PASSING,6123,S,LOOMIS BLVD,713,,,,,,,2,NO INDICATION OF INJURY,0,0,0,0,0,1,0,17,5,3,41.78246746,-87.6592864,POINT (-87.659286399975 41.782467456054)
073ac7e469ad2ed36e578b094fd120350bb8a6faaaac7c14f4fbfe4220c3a99a58e158318e9a0299b2a7566124b51b0f668c9acbf9d75d397d9ecec9c877548b,JF163361,,3/3/2022 16:50,30,TRAFFIC SIGNAL,FUNCTIONING PROPERLY,CLEAR,DAYLIGHT,TURNING,FOUR WAY,,STRAIGHT AND LEVEL,DRY,NO DEFECTS,NOT ON SCENE (DESK REPORT),INJURY AND / OR TOW DUE TO CRASH,,,Y,"OVER $1,500",3/4/2022 16:51,UNABLE TO DETERMINE,UNABLE TO DETERMINE,8900,S,STONY ISLAND AVE,413,,,,,,,2,NO INDICATION OF INJURY,0,0,0,0,0,2,0,16,5,3,41.73318797,-87.5857127,POINT (-87.585712697936 41.733187965898)