CRASH_RECORD_ID,RD_NO,CRASH_DATE_EST_I,CRASH_DATE,POSTED_SPEED_LIMIT,TRAFFIC_CONTROL_DEVICE,DEVICE_CONDITION,WEATHER_CONDITION,LIGHTING_CONDITION,FIRST_CRASH_TYPE,TRAFFICWAY_TYPE,LANE_CNT,ALIGNMENT,ROADWAY_SURFACE_COND,ROAD_DEFECT,REPORT_TYPE,CRASH_TYPE,INTERSECTION_RELATED_I,NOT_RIGHT_OF_WAY_I,HIT_AND_RUN_I,DAMAGE,DATE_POLICE_NOTIFIED,PRIM_CONTRIBUTORY_CAUSE,SEC_CONTRIBUTORY_CAUSE,STREET_NO,STREET_DIRECTION,STREET_NAME,BEAT_OF_OCCURRENCE,PHOTOS_TAKEN_I,STATEMENTS_TAKEN_I,DOORING_I,WORK_ZONE_I,WORK_ZONE_TYPE,WORKERS_PRESENT_I,NUM_UNITS,MOST_SEVERE_INJURY,INJURIES_TOTAL,INJURIES_FATAL,INJURIES_INCAPACITATING,INJURIES_NON_INCAPACITATING,INJURIES_REPORTED_NOT_EVIDENT,INJURIES_NO_INDICATION,INJURIES_UNKNOWN,CRASH_HOUR,CRASH_DAY_OF_WEEK,CRASH_MONTH,LATITUDE,LONGITUDE,LOCATION
412aefc34dbc69cffbb78040e4d0a34c67899fdec5eb6df42d67c667fa5df176e89647516aa312567913750af379f9929ae4d9f4d1ee3a82ac968ee0d4d84b24,,,3/31/2022 17:35,30,NO CONTROLS,NO CONTROLS,CLOUDY/OVERCAST,DAYLIGHT,PEDESTRIAN,ONE-WAY,,STRAIGHT AND LEVEL,WET,NO DEFECTS,ON SCENE,INJURY AND / OR TOW DUE TO CRASH,Y,N,,"OVER $1,500",3/31/2022 17:38,FAILING TO YIELD RIGHT-OF-WAY,FAILING TO REDUCE SPEED TO AVOID CRASH,835,N,RUSH ST,1833,,,,,,,2,NONINCAPACITATING INJURY,1,0,0,1,0,1,0,17,5,3,41.89769101,-87.62588684,POINT (-87.625886836369 41.897691005832)
077de0e30569c92f631f27ba72a61f3310a655beeeacf2fb147ad614669ad4c6fc44b829bf9b7361b3b5d175555b609f62ad9ececd8b97e820bfeacd64584b68,JF162428,,3/3/2022 19:53,30,NO CONTROLS,NO CONTROLS,CLEAR,"DARKNESS, LIGHTED ROAD",REAR END,DIVIDED - W/MEDIAN (NOT RAISED),,STRAIGHT AND LEVEL,DRY,NO DEFECTS,ON SCENE,INJURY AND / OR TOW DUE TO CRASH,,,,"$501 - $1,500",3/3/2022 20:24,UNABLE TO DETERMINE,UNABLE TO DETERMINE,57,E,87TH ST,632,,,,,,,2,NO INDICATION OF INJURY,0,0,0,0,0,3,0,19,5,3,41.73628163,-87.62197486,POINT (-87.621974858456 41.73628163141)
ce1295ce05a9b4ec5b1c6d98cc2e42989ab5c54f3527dc69a86fe492ac51bb4abd39785475d5fd46a8b0184c4fb6c763dcb0cc43ab10f45846652e41182de4d3,,,3/31/2022 16:20,25,NO CONTROLS,NO CONTROLS,CLOUDY/OVERCAST,DAYLIGHT,PARKED MOTOR VEHICLE,ONE-WAY,,STRAIGHT AND LEVEL,DRY,NO DEFECTS,NOT ON SCENE (DESK REPORT),NO INJURY / DRIVE AWAY,,,,"$501 - $1,500",3/31/2022 17:00,IMPROPER OVERTAKING/PASSING,DRIVING SKILLS/KNOWLEDGE/EXPERIENCE,6239,N,LEAVITT ST,2413,,,,,,,2,NO INDICATION OF INJURY,0,0,0,0,0,2,0,16,5,3,41.99536777,-87.68475636,POINT (-87.684756363128 41.995367765144)
6574019c81a5928e1094c9ca1027d52065530fe05c9983d1946aa3ab191c5e76ada580c21ce8b932d965d8cbdeb5c7bd328f19c13e310cc5b7d5183df2a8140e,,,3/31/2022 11:00,30,TRAFFIC SIGNAL,FUNCTIONING PROPERLY,RAIN,DAYLIGHT,ANGLE,FOUR WAY,,STRAIGHT AND LEVEL,WET,NO DEFECTS,NOT ON SCENE (DESK REPORT),NO INJURY / DRIVE AWAY,Y,,Y,"OVER $1,500",3/31/2022 13:00,FAILING TO YIELD RIGHT-OF-WAY,NOT APPLICABLE,600,W,26TH ST,914,,,,,,,2,NO INDICATION OF INJURY,0,0,0,0,0,2,0,11,5,3,41.84550155,-87.64164406,POINT (-87.641644062442 41.845501551586)
5fd35dec706ac0d1dbe81d90953cc7da7785ae851c0579da748f7270cf9796f0e101b6ca1c6651b9840c02863e074a8c88876e4f8895f4e0429c46ba3924c45e,,,3/31/2022 10:54,30,NO CONTROLS,NO CONTROLS,CLEAR,DAYLIGHT,TURNING,NOT DIVIDED,,STRAIGHT AND LEVEL,DRY,NO DEFECTS,NOT ON SCENE (DESK REPORT),NO INJURY / DRIVE AWAY,,,,"OVER $1,500",3/31/2022 11:55,FAILING TO YIELD RIGHT-OF-WAY,FAILING TO YIELD RIGHT-OF-WAY,3150,W,71ST ST,831,,,,,,,2,NO INDICATION OF INJURY,0,0,0,0,0,2,0,10,5,3,41.76450463,-87.70241629,POINT (-87.702416292563 41.76450463328)
da1a3b70dac0326fb5f3418c596bf3aaad07a1eaac4d8e3b93cd639ffe6543e1feaca39242688e652a9f6cf3b928effc329cc722132d2c96e6851706b6a28480,,,3/30/2022 16:30,30,TRAFFIC SIGNAL,FUNCTIONING PROPERLY,RAIN,DAYLIGHT,REAR END,UNKNOWN INTERSECTION TYPE,,STRAIGHT AND LEVEL,WET,NO DEFECTS,ON SCENE,NO INJURY / DRIVE AWAY,Y,,,"OVER $1,500",3/31/2022 9:48,UNABLE TO DETERMINE,NOT APPLICABLE,5400,S,HALSTED ST,934,,,,,,,2,NO INDICATION OF INJURY,0,0,0,0,0,2,0,16,4,3,41.79599727,-87.64534767,POINT (-87.645347673872 41.795997271195)
7dd7db79c20006c0075647b4c94032ba49162d137b502aef209a1e114b13d5aa39c3857ae8aa8dec22d6f1acce0a2fb4fb3eb9f4acfd1ff2604691e74b2c0c7a,,,3/30/2022 23:50,30,NO CONTROLS,NO CONTROLS,RAIN,"DARKNESS, LIGHTED ROAD",PARKED MOTOR VEHICLE,NOT DIVIDED,,STRAIGHT AND LEVEL,WET,NO DEFECTS,ON SCENE,NO INJURY / DRIVE AWAY,,,Y,"OVER $1,500",3/31/2022 0:35,UNABLE TO DETERMINE,UNABLE TO DETERMINE,4729,S,ROCKWELL ST,922,,,,,,,2,NO INDICATION OF INJURY,0,0,0,0,0,1,0,23,4,3,41.80750096,-87.68915311,POINT (-87.689153109453 41.807500961935)
5a91d2e68bfd9b54ec70283c9b400e650c3603e347a1d9132748d8bba54e0440cb90af9b17c8600a5f27c6b7df06b77eb8e112068911a114d91297789f3df435,,,3/27/2022 0:28,35,TRAFFIC SIGNAL,UNKNOWN,CLEAR,"DARKNESS, LIGHTED ROAD",ANGLE,FOUR WAY,,STRAIGHT AND LEVEL,DRY,UNKNOWN,ON SCENE,NO INJURY / DRIVE AWAY,Y,,,"OVER $1,500",3/27/2022 0:31,FAILING TO REDUCE SPEED TO AVOID CRASH,NOT APPLICABLE,2404,N,WESTERN AVE,1431,,,,,,,2,NO INDICATION OF INJURY,0,0,0,0,0,3,0,0,1,3,41.92507379,-87.68779535,POINT (-87.687795351766 41.925073790423)
a34ef92a3d6d09f0a2230fb23a338e70b0e9908f0bc89deacab05967aabc7d5f53462087010605667925958b7b7490db65e9f062d9c5587e58faa3cbd98c9310,,,3/30/2022 20:14,30,NO CONTROLS,NO CONTROLS,RAIN,"DARKNESS, LIGHTED ROAD",SIDESWIPE SAME DIRECTION,DIVIDED - W/MEDIAN (NOT RAISED),,STRAIGHT AND LEVEL,WET,NO DEFECTS,ON SCENE,INJURY AND / OR TOW DUE TO CRASH,,,,"$501 - $1,500",3/30/2022 21:25,IMPROPER OVERTAKING/PASSING,IMPROPER OVERTAKING/PASSING,7704,S,STONY ISLAND AVE,411,,,,,,,2,NO INDICATION OF INJURY,0,0,0,0,0,2,0,20,4,3,41.75492635,-87.58626691,POINT (-87.586266913465 41.754926353451)
2fb2723524141022ab724f4525ec29555d18f630170a2c01455b924ddad8034220337e46d0dae7bd0d1250fbe36d7325894bdc9f601bd6a00fe13a646ef46778,,,3/31/2022 9:55,30,TRAFFIC SIGNAL,FUNCTIONING IMPROPERLY,RAIN,DAYLIGHT,ANGLE,FOUR WAY,,STRAIGHT AND LEVEL,WET,NO DEFECTS,ON SCENE,INJURY AND / OR TOW DUE TO CRASH,Y,,,"OVER $1,500",3/31/2022 9:58,FAILING TO REDUCE SPEED TO AVOID CRASH,DRIVING SKILLS/KNOWLEDGE/EXPERIENCE,5600,W,FULLERTON AVE,2515,,,,,,,2,NO INDICATION OF INJURY,0,0,0,0,0,2,0,9,5,3,41.9240902,-87.76605353,POINT (-87.766053530161 41.924090198835)
1ecace25bf30011cb02aab0f74df8607139209a7968323bb05fbd025f59308180cd0abf8184f185a1ad60199d2f877e4d47e0326c5c70e93dada7521df636a73,,,3/31/2022 14:25,30,TRAFFIC SIGNAL,FUNCTIONING PROPERLY,CLEAR,DAYLIGHT,TURNING,DIVIDED - W/MEDIAN (NOT RAISED),,STRAIGHT AND LEVEL,WET,NO DEFECTS,ON SCENE,INJURY AND / OR TOW DUE TO CRASH,Y,,,"OVER $1,500",3/31/2022 14:59,IMPROPER TURNING/NO SIGNAL,UNABLE TO DETERMINE,3100,W,PETERSON AVE,2413,,,,,,,2,NONINCAPACITATING INJURY,1,0,0,1,0,2,0,14,5,3,41.99050816,-87.70671868,POINT (-87.706718678176 41.9905081606)
e10003bfb02a1df5feca8123dcf67a146bf7a0513ad6b1cdf1398e8c95053e44c17743fbbfeaf313ceb50275dac133cb0a1fb36ca966779dc291ca25297c84ff,,,3/31/2022 3:00,20,TRAFFIC SIGNAL,FUNCTIONING PROPERLY,RAIN,"DARKNESS, LIGHTED ROAD",TURNING,DIVIDED - W/MEDIAN (NOT RAISED),,STRAIGHT AND LEVEL,WET,NO DEFECTS,NOT ON SCENE (DESK REPORT),NO INJURY / DRIVE AWAY,,,Y,"OVER $1,500",3/31/2022 9:25,UNABLE TO DETERMINE,NOT APPLICABLE,258,S,CICERO AVE,1533,,,,,,,2,NO INDICATION OF INJURY,0,0,0,0,0,2,0,3,5,3,41.87685023,-87.74529389,POINT (-87.745293891422 41.876850225901)
d928bc040c566289dff58109e51d01f687843c942a4fe96351ef4420278e1c563340afa5da584a58ea7e475db0fafd00518530cb2d99b599521ddff55023312e,,,3/31/2022 19:45,30,STOP SIGN/FLASHER,FUNCTIONING PROPERLY,RAIN,"DARKNESS, LIGHTED ROAD",REAR END,DIVIDED - W/MEDIAN (NOT RAISED),,STRAIGHT AND LEVEL,WET,NO DEFECTS,NOT ON SCENE (DESK REPORT),NO INJURY / DRIVE AWAY,,,,"OVER $1,500",3/31/2022 19:56,UNABLE TO DETERMINE,UNABLE TO DETERMINE,4033,W,LAWRENCE AVE,1722,,,,,,,2,NO INDICATION OF INJURY,0,0,0,0,0,3,0,19,5,3,41.96811679,-87.72939753,POINT (-87.729397532499 41.968116788757)
2998b21e47c51fec2188a5ecaa2494e07b20874c8bd3e7269aea544fa418b31eca217ddf5d69596f5f4839424a0232d70e3e02cd939a4bf63e48870a897a0181,JF175065,,3/10/2022 19:00,30,NO CONTROLS,NO CONTROLS,CLEAR,DUSK,FIXED OBJECT,NOT DIVIDED,,STRAIGHT AND LEVEL,DRY,"RUT, HOLES",NOT ON SCENE (DESK REPORT),NO INJURY / DRIVE AWAY,,,,"OVER $1,500",3/15/2022 18:00,UNABLE TO DETERMINE,UNABLE TO DETERMINE,1410,S,MUSEUM CAMPUS DR,132,,,,,,,1,NO INDICATION OF INJURY,0,0,0,0,0,1,0,19,5,3,41.86262829,-87.61503109,POINT (-87.615031094113 41.862628294038)
54baab69504fb9b3a5bf87600de319f79d45aef99f093a4795b23bc33b62b70f5389eca2143f6464b531443222b8af827e0fe8bc192d9b2d5621bc978051c335,,,3/31/2022 10:00,30,NO CONTROLS,NO CONTROLS,RAIN,DAYLIGHT,TURNING,NOT DIVIDED,,STRAIGHT AND LEVEL,WET,NO DEFECTS,NOT ON SCENE (DESK REPORT),NO INJURY / DRIVE AWAY,,,,"OVER $1,500",3/31/2022 11:30,DRIVING ON WRONG SIDE/WRONG WAY,NOT APPLICABLE,4406,N,CICERO AVE,1623,,,,,,,2,NO INDICATION OF INJURY,0,0,0,0,0,2,0,10,5,3,41.96095306,-87.74770519,POINT (-87.747705192474 41.960953060458)
4fce5b63bccc9d5b3d9ff544556677925a7ec67291e8f664d55e0d2f59476bd8120433f3d0e4aaa2f39a5c93c38fabce50d7836b4774fce8c5e44b9e2ddd3c26,,,3/31/2022 14:30,30,NO CONTROLS,NO CONTROLS,CLEAR,DAYLIGHT,REAR END,DIVIDED - W/MEDIAN (NOT RAISED),,STRAIGHT AND LEVEL,DRY,NO DEFECTS,,NO INJURY / DRIVE AWAY,,,,"$501 - $1,500",3/31/2022 15:00,UNABLE TO DETERMINE,UNABLE TO DETERMINE,6450,N,RIDGE BLVD,2412,,,,,,,2,NO INDICATION OF INJURY,0,0,0,0,0,2,0,14,5,3,41.99930759,-87.67761046,POINT (-87.677610464241 41.99930759346)
6736dc7922299a80a4e39098652430b6729980299258a2d4816b7b185296a3b28fd64f502c562bd62b498887b72d6162f766819764fc50db337d6b6eb9427202,,,3/31/2022 19:36,30,TRAFFIC SIGNAL,FUNCTIONING PROPERLY,RAIN,"DARKNESS, LIGHTED ROAD",TURNING,FOUR WAY,,STRAIGHT AND LEVEL,WET,NO DEFECTS,ON SCENE,NO INJURY / DRIVE AWAY,Y,,,"OVER $1,500",3/31/2022 19:38,IMPROPER TURNING/NO SIGNAL,IMPROPER LANE USAGE,898,N,MICHIGAN AVE,1833,,,,,,,2,NO INDICATION OF INJURY,0,0,0,0,0,3,0,19,5,3,41.89916756,-87.62427366,POINT (-87.624273657334 41.899167562535)
2ce7bebc0d04c275075d2dfc9102e189db01033258415a07745c9bcb5720dbfdba6ccda0a2ceb6dcde631f46687644a60367e73cd251c3d4be8b48f67765386c,,,3/31/2022 15:45,15,NO CONTROLS,NO CONTROLS,CLEAR,DAYLIGHT,FIXED OBJECT,ONE-WAY,,STRAIGHT AND LEVEL,DRY,NO DEFECTS,ON SCENE,NO INJURY / DRIVE AWAY,,Y,,$500 OR LESS,3/31/2022 16:00,IMPROPER BACKING,NOT APPLICABLE,1457,N,HALSTED ST,1822,,,,,,,1,NO INDICATION OF INJURY,0,0,0,0,0,1,0,15,5,3,41.90800296,-87.64805062,POINT (-87.648050617433 41.908002954608)
7bc59cb135183e6abaabe9d16951d9e98bb816421a9894c31bce5250fc5cafaae1394a49de4e90a5e01f953adeeeae0ba63803ea2c739bc23bfcaa199bf4dc07,,,3/31/2022 15:45,30,TRAFFIC SIGNAL,FUNCTIONING PROPERLY,CLEAR,DAYLIGHT,REAR END,NOT DIVIDED,,STRAIGHT AND LEVEL,WET,NO DEFECTS,NOT ON SCENE (DESK REPORT),NO INJURY / DRIVE AWAY,,,,"$501 - $1,500",3/31/2022 16:10,UNABLE TO DETERMINE,NOT APPLICABLE,4631,W,FOSTER AVE,1712,,,,,,,2,NO INDICATION OF INJURY,0,0,0,0,0,2,0,15,5,3,41.97525989,-87.74421368,POINT (-87.744213677351 41.975259889615)
9cb8fb97a58d9f9111ff256144560756d00f01847b4599b69911d12d1f4ab078d0b8490b90414d5417c2a448fc17e761321334c579375b59b362b63b69613594,,,3/31/2022 7:30,30,STOP SIGN/FLASHER,FUNCTIONING PROPERLY,RAIN,DAYLIGHT,ANGLE,NOT DIVIDED,,STRAIGHT AND LEVEL,WET,NO DEFECTS,NOT ON SCENE (DESK REPORT),NO INJURY / DRIVE AWAY,,,,"OVER $1,500",3/31/2022 8:20,UNABLE TO DETERMINE,NOT APPLICABLE,4634,N,KILDARE AVE,1722,,,,,,,2,NO INDICATION OF INJURY,0,0,0,0,0,3,0,7,5,3,41.80849434,-87.73125912,POINT (-87.731259120435 41.808494338018)
f3ad49cd87e487bad992ce563a0203fd774b66f5ef01fd411f0eaec4f44eb52126f682a4f20d924d2019908b46e61c16c7453512e4fd29247bed78ed1d2a3c95,,,3/30/2022 10:00,10,NO CONTROLS,NO CONTROLS,CLEAR,DAYLIGHT,OTHER OBJECT,PARKING LOT,,STRAIGHT AND LEVEL,DRY,NO DEFECTS,NOT ON SCENE (DESK REPORT),NO INJURY / DRIVE AWAY,,Y,,"$501 - $1,500",3/30/2022 12:23,NOT APPLICABLE,NOT APPLICABLE,3206,W,61ST ST,823,,,,,,,1,NO INDICATION OF INJURY,0,0,0,0,0,1,0,10,4,3,41.78271415,-87.70358279,POINT (-87.703582786526 41.782714152843)
ca8771598666310ed9eb51c61b4b8dba0f1cc13b6914632b7b0d957f62186be3f0ebd2460ec76e0c357c5375fc2c241f7b3ffed97e33c5b357ec96e4b1894b75,,,3/31/2022 13:00,30,NO CONTROLS,NO CONTROLS,CLEAR,DAYLIGHT,PARKED MOTOR VEHICLE,DIVIDED - W/MEDIAN BARRIER,,STRAIGHT AND LEVEL,DRY,NO DEFECTS,NOT ON SCENE (DESK REPORT),NO INJURY / DRIVE AWAY,,,,"OVER $1,500",3/31/2022 14:00,UNABLE TO DETERMINE,UNABLE TO DETERMINE,9705,S,HALSTED ST,2223,,,,,,,2,NO INDICATION OF INJURY,0,0,0,0,0,1,0,13,5,3,41.71754196,-87.64295867,POINT (-87.642958666289 41.717541962365)
2100d3731d7d1e6d00f30dd4bcce19f6ecc655c3fb3327022fd4ef41d9905759b35761b6a98e8f42bd509187ff63075597b3033edef3685d4ca5390194dcdf63,,,3/30/2022 18:04,30,NO CONTROLS,NO CONTROLS,RAIN,DAYLIGHT,ANGLE,DIVIDED - W/MEDIAN (NOT RAISED),,STRAIGHT AND LEVEL,WET,NO DEFECTS,ON SCENE,NO INJURY / DRIVE AWAY,,,,"OVER $1,500",3/30/2022 18:10,FAILING TO YIELD RIGHT-OF-WAY,UNABLE TO DETERMINE,1599,W,SCHOOL ST,1922,,,,,,,2,NO INDICATION OF INJURY,0,0,0,0,0,2,0,18,4,3,41.94141557,-87.66858791,POINT (-87.668587906153 41.941415573347)
bf43aafd32ad0724da7f0fdcd160289840e54149881db3c12a1345624fb639a4f882ba9259f9ecaaf0b91e3895ea93995ae0b7e36d3a9878776a6fc34b310b47,,,3/31/2022 22:30,30,UNKNOWN,UNKNOWN,CLEAR,"DARKNESS, LIGHTED ROAD",SIDESWIPE OPPOSITE DIRECTION,DIVIDED - W/MEDIAN (NOT RAISED),,STRAIGHT ON GRADE,DRY,SHOULDER DEFECT,ON SCENE,INJURY AND / OR TOW DUE TO CRASH,,,,"OVER $1,500",3/31/2022 23:10,UNABLE TO DETERMINE,UNABLE TO DETERMINE,2871,W,71ST ST,831,,,,,,,3,NONINCAPACITATING INJURY,1,0,0,1,0,3,0,22,5,3,41.76438908,-87.69541022,POINT (-87.695410224128 41.764389083629)
981e88e9c301596764a927bc3ab568950c590502b3ed1cceb3e9c08a77f0a11d564f6d19e43e4de673320d9d1c39d1a995c0cee0359b0620c239809355de4023,,,3/30/2022 10:48,30,NO CONTROLS,NO CONTROLS,RAIN,DAYLIGHT,PARKED MOTOR VEHICLE,ONE-WAY,,STRAIGHT AND LEVEL,WET,NO DEFECTS,ON SCENE,NO INJURY / DRIVE AWAY,,,,"$501 - $1,500",3/30/2022 10:56,DRIVING SKILLS/KNOWLEDGE/EXPERIENCE,FOLLOWING TOO CLOSELY,2302,W,MOFFAT ST,1434,,,,,,,2,NO INDICATION OF INJURY,0,0,0,0,0,1,0,10,4,3,41.91522362,-87.68515188,POINT (-87.685151880122 41.915223623573)
f75dc7c8045a9023e098d1b870118450e6e4d89112c521115376a5f5d7dd82298b06a358b8faf457d9b4f2ea37f38c1f810c0ec120d303c3a5b455ebce1428cf,,,3/31/2022 17:55,30,NO CONTROLS,NO CONTROLS,CLEAR,DAYLIGHT,SIDESWIPE SAME DIRECTION,DIVIDED - W/MEDIAN (NOT RAISED),,STRAIGHT AND LEVEL,DRY,NO DEFECTS,ON SCENE,NO INJURY / DRIVE AWAY,,,Y,"OVER $1,500",3/31/2022 18:30,IMPROPER OVERTAKING/PASSING,UNABLE TO DETERMINE,2000,W,ADDISON ST,1921,,,,,,,2,NO INDICATION OF INJURY,0,0,0,0,0,2,0,17,5,3,41.94697311,-87.6786162,POINT (-87.678616199126 41.946973108926)
df4fa63beea5041daa3a6c84b7fc9cc240f59f448f88a7a23be5082bb9e79a08f884774685dc611dd0a850377f7b02127e6d25bf3321e260279f134fdfa24943,,N,3/31/2022 11:55,30,NO CONTROLS,NO CONTROLS,SNOW,DARKNESS,ANGLE,DIVIDED - W/MEDIAN (NOT RAISED),,STRAIGHT AND LEVEL,WET,NO DEFECTS,ON SCENE,NO INJURY / DRIVE AWAY,,,,"OVER $1,500",4/1/2022 0:01,UNABLE TO DETERMINE,UNABLE TO DETERMINE,518,E,35TH ST,211,,,,,,,2,NO INDICATION OF INJURY,0,0,0,0,0,2,0,11,5,3,41.83131721,-87.61233257,POINT (-87.612332567977 41.831317207644)
8904aeffc4db47cb668b683ec4b3a8abf9efe7e59a3d2c4894554cf42a52d88de717addfc22263cb8f64a19eccf63fcc877287a46407e9f9ab97f0076a0ed936,,,3/31/2022 7:50,30,NO CONTROLS,NO CONTROLS,RAIN,DAYLIGHT,SIDESWIPE SAME DIRECTION,NOT DIVIDED,,STRAIGHT AND LEVEL,WET,NO DEFECTS,ON SCENE,NO INJURY / DRIVE AWAY,,,,"OVER $1,500",3/31/2022 7:55,UNABLE TO DETERMINE,UNABLE TO DETERMINE,2601,S,CALIFORNIA AVE,1034,,,,,,,2,NO INDICATION OF INJURY,0,0,0,0,0,2,0,7,5,3,,,
e616ca0094b6de567d17f0e25081ecc92f1a62c2bcf6166ac179693459401046d8c169a48afd7ee55d22745ba43598d696e17e9793102ab104f190095b7b317d,,,3/30/2022 18:30,30,NO CONTROLS,NO CONTROLS,CLEAR,DAYLIGHT,SIDESWIPE SAME DIRECTION,NOT DIVIDED,,STRAIGHT AND LEVEL,DRY,NO DEFECTS,NOT ON SCENE (DESK REPORT),NO INJURY / DRIVE AWAY,,,,"$501 - $1,500",3/31/2022 17:00,FAILING TO YIELD RIGHT-OF-WAY,NOT APPLICABLE,4330,W,FULLERTON AVE,2524,,,,,,,2,NO INDICATION OF INJURY,0,0,0,0,0,2,0,18,4,3,41.92448927,-87.73540408,POINT (-87.735404080446 41.924489268626)
e96a5ec4f7561cd779f79dd77f80384705f2cc49e86799689e73df289153c10c1474ca76806ee0f071cd4216e80dab27b86d164284f5735b7a10b6bf512de38b,,,3/30/2022 13:00,30,STOP SIGN/FLASHER,FUNCTIONING PROPERLY,RAIN,DAYLIGHT,TURNING,DIVIDED - W/MEDIAN (NOT RAISED),,STRAIGHT AND LEVEL,WET,NO DEFECTS,ON SCENE,INJURY AND / OR TOW DUE TO CRASH,,,N,"OVER $1,500",3/30/2022 13:21,FAILING TO YIELD RIGHT-OF-WAY,WEATHER,7200,S,WESTERN AVE,832,,,,,,,2,NO INDICATION OF INJURY,0,0,0,0,0,2,0,13,4,3,41.76278384,-87.68333691,POINT (-87.683336906075 41.762783841947)
097d4168d67de46b3337cc355e6bc937ce3b2e25c2fb472433dc7bba5e6af1866b3807ebb461ddc838dad33e5bebe6efaa0aba7c7b403cebfd231d466ac8e5c7,JF162132,,3/3/2022 15:37,30,TRAFFIC SIGNAL,FUNCTIONING PROPERLY,CLEAR,DAYLIGHT,PEDESTRIAN,FOUR WAY,,STRAIGHT AND LEVEL,DRY,NO DEFECTS,ON SCENE,INJURY AND / OR TOW DUE TO CRASH,Y,,,$500 OR LESS,3/3/2022 15:39,UNABLE TO DETERMINE,UNABLE TO DETERMINE,501,W,MADISON ST,121,,,,,,,2,"REPORTED, NOT EVIDENT",1,0,0,0,1,1,0,15,5,3,41.88177482,-87.63976165,POINT (-87.639761653384 41.881774817164)
b81caa4a1a1221afdf7212ef6c463309d9b0b810aed8faf6ebccc6ec556bbc97f4fcf394b8b46a395933fbaeb9ea6fd64b3ff178aa52460a25940991550bbbaa,,,3/31/2022 14:30,30,NO CONTROLS,NO CONTROLS,CLOUDY/OVERCAST,DAYLIGHT,TURNING,NOT DIVIDED,,STRAIGHT AND LEVEL,DRY,NO DEFECTS,NOT ON SCENE (DESK REPORT),NO INJURY / DRIVE AWAY,,,,"OVER $1,500",3/31/2022 15:40,IMPROPER TURNING/NO SIGNAL,NOT APPLICABLE,3511,W,DEVON AVE,1711,,,,,,,2,NO INDICATION OF INJURY,0,0,0,0,0,2,0,14,5,3,41.99717782,-87.71716703,POINT (-87.71716703291 41.99717782208)
2c4440015fd58bc04665a9aea885617bbc48f8839ff44cbf4c4620a9476fd2dbd1e0d6becc2759f96c7c6466ef5015b90bf7c33267bf458764efe20f13bbc462,JF170967,,3/10/2022 21:25,30,TRAFFIC SIGNAL,FUNCTIONING PROPERLY,SNOW,"DARKNESS, LIGHTED ROAD",TURNING,UNKNOWN INTERSECTION TYPE,,STRAIGHT AND LEVEL,SNOW OR SLUSH,NO DEFECTS,NOT ON SCENE (DESK REPORT),NO INJURY / DRIVE AWAY,Y,,,"OVER $1,500",3/11/2022 23:30,UNABLE TO DETERMINE,UNABLE TO DETERMINE,149,W,MADISON ST,122,,,,,,,2,NO INDICATION OF INJURY,0,0,0,0,0,2,0,21,5,3,41.88185186,-87.63228383,POINT (-87.632283828911 41.881851862465)
ea4b9b7a8545e867eb311b2e40adf545a06a14b15512d41314a696ed73505b1badd0b7ad83f9dfa9cac049fffc3369b879076b0e541a9a465e897fad17ab7716,,,3/31/2022 9:00,30,NO CONTROLS,NO CONTROLS,RAIN,DAYLIGHT,ANGLE,CENTER TURN LANE,,STRAIGHT AND LEVEL,WET,UNKNOWN,NOT ON SCENE (DESK REPORT),NO INJURY / DRIVE AWAY,,,,"OVER $1,500",3/31/2022 9:15,UNABLE TO DETERMINE,UNABLE TO DETERMINE,5343,N,BROADWAY,2023,,,,,,,2,NO INDICATION OF INJURY,0,0,0,0,0,2,0,9,5,3,41.97942826,-87.65980586,POINT (-87.659805854713 41.979428254922)
242e0c05662f9ec1f0507eca9c2c22a15ecbc75c272626cc68dbe8f31d922e4694fb6b259efae4b7845803b66b88e760447e5fc1797fe4232a79b25c1bfda18f,,,3/31/2022 18:49,30,TRAFFIC SIGNAL,FUNCTIONING PROPERLY,RAIN,DAYLIGHT,REAR END,DIVIDED - W/MEDIAN (NOT RAISED),,STRAIGHT AND LEVEL,WET,NO DEFECTS,NOT ON SCENE (DESK REPORT),NO INJURY / DRIVE AWAY,,,,"OVER $1,500",3/31/2022 19:15,FOLLOWING TOO CLOSELY,FOLLOWING TOO CLOSELY,1001,W,LAWRENCE AVE,1914,,,,,,,2,NO INDICATION OF INJURY,0,0,0,0,0,2,0,18,5,3,41.96897964,-87.65488944,POINT (-87.654889438661 41.968979640692)
af32d17ea3f5c325d5056d75094d32aa5042618c4d48bc2e369d32952596d0a10ef6cab07a78a47bbf382b697d3cfd310010bfa1752e06995ba55c04d51a4e62,,,3/31/2022 16:39,30,NO CONTROLS,NO CONTROLS,CLEAR,DAYLIGHT,PARKED MOTOR VEHICLE,PARKING LOT,,STRAIGHT AND LEVEL,DRY,NO DEFECTS,ON SCENE,NO INJURY / DRIVE AWAY,,,,$500 OR LESS,3/31/2022 16:40,UNABLE TO DETERMINE,UNABLE TO DETERMINE,1801,W,JACKSON BLVD,1225,,,,,,,2,NO INDICATION OF INJURY,0,0,0,0,0,1,0,16,5,3,41.87743205,-87.67176794,POINT (-87.671767938912 41.877432047168)