CRASH_RECORD_ID,RD_NO,CRASH_DATE_EST_I,CRASH_DATE,POSTED_SPEED_LIMIT,TRAFFIC_CONTROL_DEVICE,DEVICE_CONDITION,WEATHER_CONDITION,LIGHTING_CONDITION,FIRST_CRASH_TYPE,TRAFFICWAY_TYPE,LANE_CNT,ALIGNMENT,ROADWAY_SURFACE_COND,ROAD_DEFECT,REPORT_TYPE,CRASH_TYPE,INTERSECTION_RELATED_I,NOT_RIGHT_OF_WAY_I,HIT_AND_RUN_I,DAMAGE,DATE_POLICE_NOTIFIED,PRIM_CONTRIBUTORY_CAUSE,SEC_CONTRIBUTORY_CAUSE,STREET_NO,STREET_DIRECTION,STREET_NAME,BEAT_OF_OCCURRENCE,PHOTOS_TAKEN_I,STATEMENTS_TAKEN_I,DOORING_I,WORK_ZONE_I,WORK_ZONE_TYPE,WORKERS_PRESENT_I,NUM_UNITS,MOST_SEVERE_INJURY,INJURIES_TOTAL,INJURIES_FATAL,INJURIES_INCAPACITATING,INJURIES_NON_INCAPACITATING,INJURIES_REPORTED_NOT_EVIDENT,INJURIES_NO_INDICATION,INJURIES_UNKNOWN,CRASH_HOUR,CRASH_DAY_OF_WEEK,CRASH_MONTH,LATITUDE,LONGITUDE,LOCATION
285415ab32998a224f22a4f9d32d1b3cc95b351164d8e5d76eeacffdfca7f626d1e543982697cedb5c5f33acc5f14cd03dfac19e91e6efe0f1c22eefe06f99b9,,,3/31/2022 10:00,25,UNKNOWN,UNKNOWN,UNKNOWN,DAYLIGHT,REAR END,ONE-WAY,,STRAIGHT AND LEVEL,UNKNOWN,UNKNOWN,NOT ON SCENE (DESK REPORT),NO INJURY / DRIVE AWAY,,,Y,"$501 - $1,500",3/31/2022 14:45,UNABLE TO DETERMINE,NOT APPLICABLE,2200,N,MANGO AVE,2515,,,,,,,2,NO INDICATION OF INJURY,0,0,0,0,0,3,0,10,5,3,41.92036458,-87.76965464,POINT (-87.769654635637 41.920364580533)
dd3f59811633958070e545f5ab79a24de9d38d9253376a6b24c784610e37b533da2868d4eac93e0eef13b5ca3d501ccec1daa4a4d9b64970d5659fd613265c3f,,,3/31/2022 7:30,30,NO CONTROLS,NO CONTROLS,RAIN,DAYLIGHT,FIXED OBJECT,DIVIDED - W/MEDIAN (NOT RAISED),,STRAIGHT AND LEVEL,WET,"RUT, HOLES",NOT ON SCENE (DESK REPORT),NO INJURY / DRIVE AWAY,,,,$500 OR LESS,3/31/2022 16:45,NOT APPLICABLE,NOT APPLICABLE,6700,S,RIDGELAND AVE,332,,,,,,,1,NO INDICATION OF INJURY,0,0,0,0,0,2,0,7,5,3,41.77328139,-87.58279308,POINT (-87.582793079078 41.773281388481)
17fb011adfef5f67724c454b719aef948ef3c7e2323ed783a5f31e920dd3618129b42a4a70d3e2735f8a042bb7aa6d0f3af8749b1727ef2fe8842437a1ed9a8f,,,3/31/2022 6:55,30,TRAFFIC SIGNAL,FUNCTIONING PROPERLY,RAIN,DAYLIGHT,ANGLE,T-INTERSECTION,,STRAIGHT AND LEVEL,WET,NO DEFECTS,ON SCENE,NO INJURY / DRIVE AWAY,Y,,Y,"OVER $1,500",3/31/2022 7:00,UNABLE TO DETERMINE,UNABLE TO DETERMINE,5432,S,AUSTIN AVE,811,,,,,,,2,NO INDICATION OF INJURY,0,0,0,0,0,2,0,6,5,3,41.79320493,-87.77223267,POINT (-87.772232664788 41.793204926214)
d3965707c45ab8b29ada90c121fd662fc858db4c300adc60b9ea829ef76b72d7f5b1ccca30920aebabf5819719104815803a945e8c0e8bf3fb1aece6654d9f52,,,3/31/2022 5:45,25,TRAFFIC SIGNAL,FUNCTIONING PROPERLY,RAIN,DAWN,TURNING,Y-INTERSECTION,,STRAIGHT AND LEVEL,WET,NO DEFECTS,NOT ON SCENE (DESK REPORT),NO INJURY / DRIVE AWAY,Y,,Y,"OVER $1,500",3/31/2022 6:30,FAILING TO YIELD RIGHT-OF-WAY,NOT APPLICABLE,6376,N,MILWAUKEE AVE,1611,,,,,,,2,NO INDICATION OF INJURY,0,0,0,0,0,2,0,5,5,3,41.99691437,-87.78764216,POINT (-87.787642161726 41.996914366524)
3fa5c89861933c0e493665fb6f9e422b9f4b375fabe121ee2f4407f090597c855adefffe4f7da45f92f9481697005aeaf0bd91869354e240d403880b6c6a8546,,Y,3/30/2022 1:20,10,NO CONTROLS,NO CONTROLS,UNKNOWN,"DARKNESS, LIGHTED ROAD",PARKED MOTOR VEHICLE,PARKING LOT,,STRAIGHT AND LEVEL,DRY,UNKNOWN,NOT ON SCENE (DESK REPORT),NO INJURY / DRIVE AWAY,,Y,Y,"OVER $1,500",3/31/2022 18:30,IMPROPER OVERTAKING/PASSING,NOT APPLICABLE,545,N,MC CLURG CT,1834,,,,,,,2,NO INDICATION OF INJURY,0,0,0,0,0,1,0,1,4,3,41.8923895,-87.6175608,POINT (-87.617560803385 41.892389499173)
6cdff193b6d809f36ef97f0093cbc2ab297e094ed876622e1129fff7f9ab5434a0be66456814f7624fc15cce214c47c44f6db7c33daec136bf8b02564872a73e,,,3/31/2022 20:00,30,NO CONTROLS,NO CONTROLS,CLEAR,"DARKNESS, LIGHTED ROAD",REAR END,NOT DIVIDED,,STRAIGHT AND LEVEL,DRY,NO DEFECTS,ON SCENE,INJURY AND / OR TOW DUE TO CRASH,,,,"OVER $1,500",3/31/2022 20:30,UNABLE TO DETERMINE,UNABLE TO DETERMINE,946,E,131ST ST,533,,,,,,,3,"REPORTED, NOT EVIDENT",1,0,0,0,1,3,0,20,5,3,41.65743284,-87.59900568,POINT (-87.599005681435 41.657432840087)
799dddc673c5919bbd3b651cfe2ccc613ffb10abbd3e1256058e0a4bf1bd3e01970707be2b88780f388dd92a5ad99d7e933cd691ddd5c8616906948949954be0,JF186932,,3/26/2022 5:31,30,NO CONTROLS,NO CONTROLS,CLEAR,"DARKNESS, LIGHTED ROAD",PARKED MOTOR VEHICLE,NOT DIVIDED,,STRAIGHT AND LEVEL,DRY,UNKNOWN,ON SCENE,INJURY AND / OR TOW DUE TO CRASH,,,,"OVER $1,500",3/26/2022 5:31,UNABLE TO DETERMINE,UNABLE TO DETERMINE,514,W,72ND ST,732,,,,,,,2,NO INDICATION OF INJURY,0,0,0,0,0,1,0,5,7,3,41.76359217,-87.63775915,POINT (-87.637759150177 41.763592167896)
48c754a0f34b058bfb1840c84e07387cf58ae04d07f189c8de12438dfc8240bb3f6f83fa425e2cb94789f437b1f30bc0c1b74bf1466e6a3c018cef9bf3aacec1,,,3/31/2022 12:30,30,NO CONTROLS,NO CONTROLS,CLEAR,DAYLIGHT,SIDESWIPE SAME DIRECTION,DIVIDED - W/MEDIAN BARRIER,,STRAIGHT AND LEVEL,DRY,NO DEFECTS,NOT ON SCENE (DESK REPORT),NO INJURY / DRIVE AWAY,,,,$500 OR LESS,3/31/2022 13:00,FAILING TO YIELD RIGHT-OF-WAY,UNABLE TO DETERMINE,706,W,95TH ST,2223,,,,,,,2,NO INDICATION OF INJURY,0,0,0,0,0,2,0,12,5,3,41.72159806,-87.64112427,POINT (-87.641124272233 41.721598059702)
569912f90af3c9483edc492e9c4a9b313e8880e58034aac2ff1c5f688429903c0def6427988211ad881c4452478bb7894aca370f31122b511c859fd9ab2f0a62,,,3/31/2022 6:00,30,TRAFFIC SIGNAL,FUNCTIONING PROPERLY,RAIN,"DARKNESS, LIGHTED ROAD",TURNING,FOUR WAY,,STRAIGHT AND LEVEL,WET,WORN SURFACE,ON SCENE,INJURY AND / OR TOW DUE TO CRASH,Y,,,"OVER $1,500",3/31/2022 6:05,WEATHER,IMPROPER LANE USAGE,801,W,GARFIELD BLVD,712,,,,,,,2,NO INDICATION OF INJURY,0,0,0,0,0,2,0,6,5,3,41.79383347,-87.64520728,POINT (-87.645207274947 41.793833474309)
d1e9de2e711308d7d3bc13d194d81effc1775930f33b7e2c6e66854d8aa305981ac0c6d6baa4903586010b1239f492ae3fdfba3905964b322ee33859ce7f1e38,,,3/30/2022 19:30,30,TRAFFIC SIGNAL,FUNCTIONING PROPERLY,RAIN,"DARKNESS, LIGHTED ROAD",TURNING,ONE-WAY,,STRAIGHT AND LEVEL,WET,NO DEFECTS,NOT ON SCENE (DESK REPORT),NO INJURY / DRIVE AWAY,,,Y,"OVER $1,500",3/30/2022 20:10,UNABLE TO DETERMINE,UNABLE TO DETERMINE,3300,S,INDIANA AVE,211,,,,,,,2,NO INDICATION OF INJURY,0,0,0,0,0,2,0,19,4,3,41.83462545,-87.62198444,POINT (-87.621984435181 41.834625449983)
73eb38854c355d9f3fe4d866ca2139fbdaa5bbe672b1ec57308514139c5464ec53c5aae7f6bf9f491f753dade0fe9f679704cefbb6cacee58f4517e94f429295,,,3/30/2022 5:00,30,NO CONTROLS,NO CONTROLS,CLEAR,"DARKNESS, LIGHTED ROAD",PEDESTRIAN,DIVIDED - W/MEDIAN (NOT RAISED),,STRAIGHT AND LEVEL,DRY,NO DEFECTS,NOT ON SCENE (DESK REPORT),NO INJURY / DRIVE AWAY,,,Y,$500 OR LESS,4/1/2022 1:30,UNABLE TO DETERMINE,NOT APPLICABLE,7300,S,KEDZIE AVE,835,,,,,,,2,NO INDICATION OF INJURY,0,0,0,0,0,2,0,5,4,3,41.76066858,-87.7028548,POINT (-87.702854797154 41.760668583144)
36e4d8bb6c2bd66c6c35000825f777c9f2fa284944ae8e855d4b21f9c7e6575a28dc17b5a4f6535d972873cf8bb2fb743216063f292e4cb953f04fea89d0474c,,,3/31/2022 11:00,30,TRAFFIC SIGNAL,UNKNOWN,RAIN,DAYLIGHT,REAR END,NOT DIVIDED,,STRAIGHT AND LEVEL,WET,UNKNOWN,NOT ON SCENE (DESK REPORT),NO INJURY / DRIVE AWAY,,,Y,"OVER $1,500",3/31/2022 11:05,UNABLE TO DETERMINE,UNABLE TO DETERMINE,325,N,AUSTIN BLVD,1512,,,,,,,2,NO INDICATION OF INJURY,0,0,0,0,0,2,0,11,5,3,41.88631241,-87.77470932,POINT (-87.774709324046 41.886312410845)
0c5cf27c11cf03e4ecab8a939d20c02cb259f149ac3827c0d0a51930fb994af51a211f44b7d7ad64472387dbff08eefb28b2bd1458b0b78b03a08515754c21ae,JF162530,,3/3/2022 22:30,30,UNKNOWN,UNKNOWN,CLEAR,DUSK,SIDESWIPE SAME DIRECTION,NOT DIVIDED,,STRAIGHT AND LEVEL,DRY,UNKNOWN,NOT ON SCENE (DESK REPORT),NO INJURY / DRIVE AWAY,,,Y,"$501 - $1,500",3/3/2022 23:30,UNABLE TO DETERMINE,NOT APPLICABLE,298,S,WOOD ST,1225,,,,,,,2,NO INDICATION OF INJURY,0,0,0,0,0,2,0,22,5,3,41.87757704,-87.67179633,POINT (-87.671796324646 41.877577037088)
0c5cf65ee80843ea3e528f1c99e47c2d2aef63acd6e6980432ed38b61b79c4ce2f15d4a7cb2604d69c0ef42690dc9c4b6afae469f5fc0044611f9d4c02d4bbe0,JF162200,,3/3/2022 15:30,30,NO CONTROLS,NO CONTROLS,CLEAR,DAYLIGHT,PARKED MOTOR VEHICLE,ONE-WAY,,STRAIGHT AND LEVEL,UNKNOWN,UNKNOWN,NOT ON SCENE (DESK REPORT),NO INJURY / DRIVE AWAY,,,Y,"$501 - $1,500",3/3/2022 16:47,IMPROPER OVERTAKING/PASSING,IMPROPER OVERTAKING/PASSING,3044,S,KEELER AVE,1031,,,,,,,2,NO INDICATION OF INJURY,0,0,0,0,0,2,0,15,5,3,41.83731642,-87.72936976,POINT (-87.729369761252 41.837316423459)
633d811571fa4eec38f6dd67c3ebba687d2179a556f842cfdddb1f6cfc3974869e52a5bb59557217a9d39fd80626e0bbedea13f650eabaff7d9477814d81f701,,,3/31/2022 13:05,30,TRAFFIC SIGNAL,FUNCTIONING PROPERLY,RAIN,DAYLIGHT,TURNING,"FIVE POINT, OR MORE",,STRAIGHT AND LEVEL,WET,NO DEFECTS,NOT ON SCENE (DESK REPORT),NO INJURY / DRIVE AWAY,Y,,,"$501 - $1,500",3/31/2022 13:35,DRIVING SKILLS/KNOWLEDGE/EXPERIENCE,IMPROPER TURNING/NO SIGNAL,2777,N,DAMEN AVE,1931,,,,,,,2,NO INDICATION OF INJURY,0,0,0,0,0,2,0,13,5,3,41.93179687,-87.67799497,POINT (-87.677994966518 41.931796864822)
39fd32f621f0adb9d8c81a0cd47d71913a04ecc16ae3e28eef79536039a92f1b244103a147b6ea725164a61391d7bff63bd17f5aeb39808d97862f5a3d67eff5,,,3/31/2022 9:40,30,NO CONTROLS,NO CONTROLS,RAIN,DAYLIGHT,REAR END,NOT DIVIDED,,STRAIGHT AND LEVEL,WET,NO DEFECTS,ON SCENE,INJURY AND / OR TOW DUE TO CRASH,,,,"OVER $1,500",3/31/2022 10:25,UNABLE TO DETERMINE,UNABLE TO DETERMINE,3250,S,KEDZIE AVE,1032,,,,,,,2,NO INDICATION OF INJURY,0,0,0,0,0,2,0,9,5,3,41.83379053,-87.70486987,POINT (-87.704869868674 41.833790525054)
11b4b3e4b5fce175dc5702575bf87448b7b6c80e86178dafc6b3f6b4c9365aa501365c815a8e2357d2046d0c5a70ecfbf18c088dd3864963f23dd597a72c8752,,,3/30/2022 13:28,30,TRAFFIC SIGNAL,FUNCTIONING PROPERLY,RAIN,DAYLIGHT,TURNING,DIVIDED - W/MEDIAN (NOT RAISED),,STRAIGHT AND LEVEL,WET,NO DEFECTS,ON SCENE,NO INJURY / DRIVE AWAY,Y,,Y,"OVER $1,500",3/30/2022 13:31,FAILING TO YIELD RIGHT-OF-WAY,WEATHER,2140,S,WABASH AVE,131,,,,,,,2,NO INDICATION OF INJURY,0,0,0,0,0,2,0,13,4,3,41.85298026,-87.62564847,POINT (-87.625648472423 41.852980264092)
963830150fe8eb2d254cceadb1c20c57b15540c9062944256254125fc7f59e5cc33457771bbfa6c0ae045a0280db9955820c21ccb6bff93210640b1e050d97e2,,,3/31/2022 16:50,30,STOP SIGN/FLASHER,NO CONTROLS,CLEAR,DAYLIGHT,REAR END,NOT DIVIDED,,STRAIGHT AND LEVEL,DRY,NO DEFECTS,ON SCENE,INJURY AND / OR TOW DUE TO CRASH,,,Y,"OVER $1,500",3/31/2022 16:55,UNABLE TO DETERMINE,UNABLE TO DETERMINE,2101,W,DIVISION ST,1212,,,,,,,2,NONINCAPACITATING INJURY,1,0,0,1,0,1,0,16,5,3,41.90303503,-87.67981869,POINT (-87.679818690623 41.903035033911)
fa95a5e2e7cb0836363152d67b04dc29527d086395a00f2017dfc389c7c384c4945a6886a8f8e0024d70aef48040536de67a7b524850efff72b0d79a763f6f55,,,3/30/2022 12:00,30,NO CONTROLS,NO CONTROLS,RAIN,DAYLIGHT,TURNING,NOT DIVIDED,,STRAIGHT ON GRADE,WET,NO DEFECTS,NOT ON SCENE (DESK REPORT),NO INJURY / DRIVE AWAY,,,,$500 OR LESS,3/30/2022 12:34,UNABLE TO DETERMINE,UNABLE TO DETERMINE,6225,S,PULASKI RD,823,,,,,,,2,NO INDICATION OF INJURY,0,0,0,0,0,3,0,12,4,3,41.77959486,-87.72263995,POINT (-87.722639952776 41.779594858245)
d99260b768797abce29a5e24738d3379f9ae33921a60b7687affc330fb247ff92596a371532b27398c09a4db0c080b5954ffefb8e35a0505b114e36af4552e18,,,4/1/2022 0:55,30,NO CONTROLS,NO CONTROLS,RAIN,"DARKNESS, LIGHTED ROAD",PARKED MOTOR VEHICLE,NOT DIVIDED,,STRAIGHT AND LEVEL,WET,NO DEFECTS,ON SCENE,NO INJURY / DRIVE AWAY,,,Y,"OVER $1,500",4/1/2022 0:55,UNABLE TO DETERMINE,UNABLE TO DETERMINE,2113,N,CLARK ST,1814,,,,,,,3,NO INDICATION OF INJURY,0,0,0,0,0,1,0,0,6,4,41.92060614,-87.63730214,POINT (-87.637302134644 41.920606139856)
6249e72b5d49d2b0b828620ecf7b9af36a77712542408ef736b23d9231c76ddeddf2bb0b9bf2cdc1e98c25cd3d1912b314bb386b6cd81f8fa022d666aa71aa81,,,3/29/2022 16:30,30,TRAFFIC SIGNAL,FUNCTIONING PROPERLY,CLEAR,DAYLIGHT,REAR END,NOT DIVIDED,,STRAIGHT AND LEVEL,DRY,NO DEFECTS,NOT ON SCENE (DESK REPORT),NO INJURY / DRIVE AWAY,,,,"OVER $1,500",3/31/2022 9:30,UNABLE TO DETERMINE,NOT APPLICABLE,2445,N,CLYBOURN AVE,1931,,,,,,,3,NO INDICATION OF INJURY,0,0,0,0,0,4,0,16,3,3,41.92619891,-87.67057693,POINT (-87.67057693069 41.926198908287)
0d6947297c571b89941cb7e6c44f6f7fe29082a382278aca584dee630830dec873639ceedd7a02c5b43df5c6e083f8e8078be55d407e05f4e971e578d9906dc3,JF162321,,3/3/2022 18:00,15,NO CONTROLS,NO CONTROLS,CLEAR,DAYLIGHT,OTHER OBJECT,ALLEY,,STRAIGHT AND LEVEL,DRY,NO DEFECTS,ON SCENE,NO INJURY / DRIVE AWAY,,,Y,"OVER $1,500",3/3/2022 18:12,UNABLE TO DETERMINE,NOT APPLICABLE,1600,W,CHICAGO AVE,1213,,,,,,,1,NO INDICATION OF INJURY,0,0,0,0,0,1,0,18,5,3,41.89618232,-87.66735606,POINT (-87.667356064232 41.896182324222)
5268e2ceeab4315a3a423a6c024c07f3a494b01ec034a0fc5a67b1f26b36a9e88c8c3377de20ecc79e2256dafa6fe7f1f51628bdbe44e07cb8a8c9e2f48d41e1,,,3/31/2022 11:55,30,NO CONTROLS,NO CONTROLS,RAIN,DAYLIGHT,ANGLE,DIVIDED - W/MEDIAN (NOT RAISED),,STRAIGHT AND LEVEL,WET,NO DEFECTS,ON SCENE,NO INJURY / DRIVE AWAY,,,,"OVER $1,500",3/31/2022 11:56,UNABLE TO DETERMINE,UNABLE TO DETERMINE,6021,S,WESTERN AVE,825,,,,,,,2,NO INDICATION OF INJURY,0,0,0,0,0,2,0,11,5,3,41.78407904,-87.68362559,POINT (-87.683625593533 41.784079041986)
d706d8828dec4e569efb0cd8bdcdb3c3078a9e2a3c8feb2b89c3f0ea97759540bb694379c0e4ecaf97761a9c484021b39983bd42cce3303072b85781cbe69cc1,,,3/31/2022 23:55,30,NO CONTROLS,NO CONTROLS,RAIN,"DARKNESS, LIGHTED ROAD",TURNING,DIVIDED - W/MEDIAN (NOT RAISED),,STRAIGHT AND LEVEL,WET,NO DEFECTS,ON SCENE,NO INJURY / DRIVE AWAY,,,,"OVER $1,500",4/1/2022 0:00,WEATHER,NOT APPLICABLE,6638,W,GRAND AVE,2512,,,,,,,2,NO INDICATION OF INJURY,0,0,0,0,0,3,0,23,5,3,41.92373433,-87.79198535,POINT (-87.791985349835 41.923734326742)
4bb148821b30d441c04ab1cca07ee784f009765b91a2d95f9c722b236075f7741395f2d395fc242c209a6ab1b3c5aec4fc248eba2ac4240dda91bea489b477ba,,,3/31/2022 10:10,30,NO CONTROLS,NO CONTROLS,RAIN,DAYLIGHT,TURNING,NOT DIVIDED,,STRAIGHT AND LEVEL,WET,NO DEFECTS,ON SCENE,INJURY AND / OR TOW DUE TO CRASH,,,,"OVER $1,500",3/31/2022 10:45,FAILING TO YIELD RIGHT-OF-WAY,DRIVING SKILLS/KNOWLEDGE/EXPERIENCE,3453,W,47TH ST,821,,,,,,,2,NO INDICATION OF INJURY,0,0,0,0,0,2,0,10,5,3,41.80792436,-87.71092398,POINT (-87.710923983116 41.807924356581)
825c02575b3e5c1b634b1a9e34127b89c8b0075f4f93244d66ae4d8eb314f6b1a1697f9e5cfb814729eedc884909eec100233cd76dae3d144efdb787d35a295f,,,3/31/2022 11:40,40,NO CONTROLS,NO CONTROLS,CLOUDY/OVERCAST,DAYLIGHT,REAR END,DIVIDED - W/MEDIAN BARRIER,,STRAIGHT AND LEVEL,WET,NO DEFECTS,NOT ON SCENE (DESK REPORT),NO INJURY / DRIVE AWAY,,,,$500 OR LESS,3/31/2022 12:20,DRIVING SKILLS/KNOWLEDGE/EXPERIENCE,NOT APPLICABLE,1000,N,LAKE SHORE DR SB,1824,,,,,,,2,NO INDICATION OF INJURY,0,0,0,0,0,2,0,11,5,3,41.90095892,-87.61992817,POINT (-87.619928173678 41.900958919109)
583bb4bf026ecff302366076f5216c177c8e7cd6bce54a9e0a5f1374ec6ee2618f1b2ca5e41a64255859faac4c372b835fc80c30be5501267e199fdb69153033,,,3/30/2022 17:30,30,TRAFFIC SIGNAL,FUNCTIONING PROPERLY,RAIN,"DARKNESS, LIGHTED ROAD",TURNING,NOT DIVIDED,,STRAIGHT AND LEVEL,WET,NO DEFECTS,NOT ON SCENE (DESK REPORT),NO INJURY / DRIVE AWAY,,,Y,"$501 - $1,500",3/31/2022 13:35,UNABLE TO DETERMINE,NOT APPLICABLE,4016,N,NARRAGANSETT AVE,1632,,,,,,,2,NO INDICATION OF INJURY,0,0,0,0,0,2,0,17,4,3,41.95346669,-87.78672862,POINT (-87.786728620499 41.953466686216)
2f9ba57143fd477dc48ff7450b45c00b6662275792fc3f82799a8a185e19a9f506cc81bc97677c56c89a1fbb744fefe7c8b4f9133850411f4407d9768eb2f906,,,3/31/2022 18:23,30,NO CONTROLS,NO CONTROLS,RAIN,DAYLIGHT,HEAD ON,NOT DIVIDED,,STRAIGHT AND LEVEL,WET,UNKNOWN,ON SCENE,INJURY AND / OR TOW DUE TO CRASH,,,Y,"OVER $1,500",3/31/2022 18:23,UNABLE TO DETERMINE,UNABLE TO DETERMINE,1999,E,86TH ST,412,,,,,,,2,"REPORTED, NOT EVIDENT",1,0,0,0,1,3,0,18,5,3,41.7387648,-87.57580769,POINT (-87.57580768512 41.738764799903)
7208066fc679972a790c94dee8f9394568ba9e1ee632004d77b3796890b896ca0ef12b83220fefe261f5465fe285341345e7aae162ae6fa91cb01d7b66d2bf1c,,,3/30/2022 22:25,30,NO CONTROLS,NO CONTROLS,RAIN,"DARKNESS, LIGHTED ROAD",FIXED OBJECT,NOT DIVIDED,,STRAIGHT AND LEVEL,WET,NO DEFECTS,ON SCENE,NO INJURY / DRIVE AWAY,,,,"OVER $1,500",3/30/2022 22:25,UNABLE TO DETERMINE,NOT APPLICABLE,1439,W,47TH ST,933,,,,,,,1,NO INDICATION OF INJURY,0,0,0,0,0,1,0,22,4,3,41.80853878,-87.66162987,POINT (-87.661629871837 41.808538775704)
20d868301666fd4ae865185e8136c7eb6e4288757b0d27f10c6e9facaeddd7c8db0d37ba0685572282d05492ff3002bba0c4ba9258520d35cde3949d0aac13a2,,,3/31/2022 18:14,30,TRAFFIC SIGNAL,FUNCTIONING PROPERLY,CLEAR,DAYLIGHT,TURNING,NOT DIVIDED,,STRAIGHT AND LEVEL,DRY,NO DEFECTS,ON SCENE,INJURY AND / OR TOW DUE TO CRASH,N,,Y,"OVER $1,500",3/31/2022 18:14,DISREGARDING ROAD MARKINGS,IMPROPER TURNING/NO SIGNAL,7601,S,RACINE AVE,612,,,,,,,2,NO INDICATION OF INJURY,0,0,0,0,0,5,0,18,5,3,41.75593516,-87.65373224,POINT (-87.653732236746 41.755935158598)
64d07448dbf6973f3d376242da2cfd24930b3286be63b430a9caddbefd0a67fded09a2a15e3c2023ce8863eb0039a133f93722d001f08235429df079d96b7e12,,,3/30/2022 11:32,30,UNKNOWN,UNKNOWN,RAIN,DAYLIGHT,REAR END,ONE-WAY,,STRAIGHT AND LEVEL,WET,UNKNOWN,ON SCENE,INJURY AND / OR TOW DUE TO CRASH,,,,"OVER $1,500",3/30/2022 11:52,"OPERATING VEHICLE IN ERRATIC, RECKLESS, CARELESS, NEGLIGENT OR AGGRESSIVE MANNER",UNABLE TO DETERMINE,2837,E,80TH ST,422,,,,,,,2,NONINCAPACITATING INJURY,1,0,0,1,0,1,0,11,4,3,41.74995506,-87.55505689,POINT (-87.555056892599 41.749955059012)
0e1a0aa7b85c8045fd6504fb7612c1784685e10a09b2936d61dd9ec0153c416d55173cb83ad6af1f5fb07bfe7806ae33eea81fb0e0731da14f01bb43350baddd,JF161524,,3/3/2022 2:00,30,TRAFFIC SIGNAL,FUNCTIONING PROPERLY,CLEAR,"DARKNESS, LIGHTED ROAD",ANGLE,NOT DIVIDED,,STRAIGHT AND LEVEL,DRY,NO DEFECTS,ON SCENE,INJURY AND / OR TOW DUE TO CRASH,Y,,Y,"OVER $1,500",3/3/2022 2:00,DISREGARDING TRAFFIC SIGNALS,NOT APPLICABLE,300,N,PULASKI RD,1114,,,,,,,2,NO INDICATION OF INJURY,0,0,0,0,0,3,0,2,5,3,41.88553355,-87.72595291,POINT (-87.725952906768 41.885533551021)
0e41cba9eb884a4b3bc374b2f68a4c39761be8e759212589830baf5985502806700d84c6bcecbd64b3c2acb8a6dfbbf0c7dfbff869d51a2ba384df88e546a1a7,JE338465,,8/15/2021 16:15,30,TRAFFIC SIGNAL,UNKNOWN,CLEAR,DAYLIGHT,REAR END,NOT DIVIDED,,STRAIGHT AND LEVEL,DRY,UNKNOWN,,NO INJURY / DRIVE AWAY,,,N,"OVER $1,500",8/15/2021 17:35,FOLLOWING TOO CLOSELY,NOT APPLICABLE,2207,W,CERMAK RD,1034,,,,,,,3,NO INDICATION OF INJURY,0,0,0,0,0,4,0,16,1,8,41.85198426,-87.681078,POINT (-87.681077997704 41.851984258763)
304f4c47d281df96f4770ad74fe22b14b03e9c3084f485f723f2a9f4244e01690d2718212a928258d58006ed1a08d1640ed561bf0f08069c1615b10d75611764,JD128569,,1/25/2020 17:40,30,STOP SIGN/FLASHER,FUNCTIONING PROPERLY,RAIN,"DARKNESS, LIGHTED ROAD",TURNING,FOUR WAY,,STRAIGHT AND LEVEL,WET,NO DEFECTS,,INJURY AND / OR TOW DUE TO CRASH,Y,,,"OVER $1,500",1/25/2020 17:40,UNABLE TO DETERMINE,NOT APPLICABLE,5100,N,ASHLAND AVE,2032,,,,,,,5,"REPORTED, NOT EVIDENT",3,0,0,0,3,0,0,17,7,1,41.97438417,-87.66972428,POINT (-87.669724281976 41.974384166927)
309798036ed87b95ae5df3304112b60203ae4903595f4b62dfd4ea79de1a570c265b185075d5b65c1b12617a9c10e75a125dd5f63d6a5ec3dec3745b13505ffd,JD317990,,8/1/2020 23:00,30,NO CONTROLS,NO CONTROLS,RAIN,"DARKNESS, LIGHTED ROAD",HEAD ON,DIVIDED - W/MEDIAN (NOT RAISED),,STRAIGHT AND LEVEL,WET,NO DEFECTS,,INJURY AND / OR TOW DUE TO CRASH,,,Y,"OVER $1,500",8/1/2020 23:05,FAILING TO YIELD RIGHT-OF-WAY,NOT APPLICABLE,10000,S,ESCANABA AVE,431,,,,,,,3,NO INDICATION OF INJURY,0,0,0,0,0,2,0,23,7,8,41.71329615,-87.55384749,POINT (-87.553847492704 41.7132961515)
30a40dbd6673e03506a527e63b2022cc3b085f075246d571abac4c958c5584d730f3d54f730e3f0001e1417ef9d24094aa0d202abd575c52a6ff4e780e810847,JD227516,,5/8/2020 17:09,30,STOP SIGN/FLASHER,FUNCTIONING PROPERLY,CLEAR,DAYLIGHT,TURNING,FOUR WAY,,STRAIGHT AND LEVEL,DRY,NO DEFECTS,,NO INJURY / DRIVE AWAY,Y,,,"OVER $1,500",5/8/2020 17:09,UNABLE TO DETERMINE,UNABLE TO DETERMINE,4429,W,GEORGE ST,2523,,,,,,,2,NO INDICATION OF INJURY,0,0,0,0,0,2,0,17,6,5,41.93336257,-87.73802032,POINT (-87.738020322095 41.933362567375)
482ae5cb031329c58ebea81ebf1b988c05af12e24e500d510748affa64c095d91db49cb91447d3f6585d68f2d116032ce32966814157606912e71b390ea158ba,,,3/31/2022 17:09,30,STOP SIGN/FLASHER,FUNCTIONING PROPERLY,CLOUDY/OVERCAST,DAYLIGHT,TURNING,FOUR WAY,,STRAIGHT AND LEVEL,WET,NO DEFECTS,ON SCENE,NO INJURY / DRIVE AWAY,Y,,,"OVER $1,500",3/31/2022 17:12,FAILING TO YIELD RIGHT-OF-WAY,NOT APPLICABLE,1000,S,ASHLAND AVE,1231,,,,,,,2,NO INDICATION OF INJURY,0,0,0,0,0,3,0,17,5,3,41.86922016,-87.66660668,POINT (-87.666606676226 41.869220163861)