CRASH_RECORD_ID,RD_NO,CRASH_DATE_EST_I,CRASH_DATE,POSTED_SPEED_LIMIT,TRAFFIC_CONTROL_DEVICE,DEVICE_CONDITION,WEATHER_CONDITION,LIGHTING_CONDITION,FIRST_CRASH_TYPE,TRAFFICWAY_TYPE,LANE_CNT,ALIGNMENT,ROADWAY_SURFACE_COND,ROAD_DEFECT,REPORT_TYPE,CRASH_TYPE,INTERSECTION_RELATED_I,NOT_RIGHT_OF_WAY_I,HIT_AND_RUN_I,DAMAGE,DATE_POLICE_NOTIFIED,PRIM_CONTRIBUTORY_CAUSE,SEC_CONTRIBUTORY_CAUSE,STREET_NO,STREET_DIRECTION,STREET_NAME,BEAT_OF_OCCURRENCE,PHOTOS_TAKEN_I,STATEMENTS_TAKEN_I,DOORING_I,WORK_ZONE_I,WORK_ZONE_TYPE,WORKERS_PRESENT_I,NUM_UNITS,MOST_SEVERE_INJURY,INJURIES_TOTAL,INJURIES_FATAL,INJURIES_INCAPACITATING,INJURIES_NON_INCAPACITATING,INJURIES_REPORTED_NOT_EVIDENT,INJURIES_NO_INDICATION,INJURIES_UNKNOWN,CRASH_HOUR,CRASH_DAY_OF_WEEK,CRASH_MONTH,LATITUDE,LONGITUDE,LOCATION
93ed702a8bca4c904ad51bd6d5dcc518da004522341b4d3098de0d2b59cd00eef3898059d057561e4199b5e97bb90257c94e0c6a39360d91474ddf7df9f46536,,,3/30/2022 12:00,20,NO CONTROLS,NO CONTROLS,UNKNOWN,DAYLIGHT,PARKED MOTOR VEHICLE,NOT DIVIDED,,STRAIGHT AND LEVEL,UNKNOWN,UNKNOWN,NOT ON SCENE (DESK REPORT),NO INJURY / DRIVE AWAY,,,Y,"OVER $1,500",3/31/2022 15:50,UNABLE TO DETERMINE,UNABLE TO DETERMINE,1328,N,HAMLIN AVE,2535,,,,,,,2,NO INDICATION OF INJURY,0,0,0,0,0,1,0,12,4,3,41.90523492,-87.72165761,POINT (-87.721657609431 41.905234918352)
fcb45812d8e788e3ab22d9e24ef9b967ecbcac9c3c5834db64e901f971fe2b91ba445b808edcea8a506a12e1b436b6a19381583f5bcad56fa2785d4145e79353,,,3/30/2022 21:00,10,NO CONTROLS,NO CONTROLS,RAIN,DARKNESS,PARKED MOTOR VEHICLE,PARKING LOT,,STRAIGHT AND LEVEL,WET,NO DEFECTS,NOT ON SCENE (DESK REPORT),NO INJURY / DRIVE AWAY,,Y,Y,"OVER $1,500",3/31/2022 16:55,UNABLE TO DETERMINE,UNABLE TO DETERMINE,811,N,LARRABEE ST,1823,,,,,,,2,NO INDICATION OF INJURY,0,0,0,0,0,1,0,21,4,3,41.89682121,-87.64278711,POINT (-87.642787112714 41.896821209828)
54c1bedf3fbdd2dae797e379b1c64fa9658d0f003a4f5977acfe9e2d0da894c930c88c9561aa3c8e56d858b7ed707bc2978e5c3da8118233bd79c6498fad8816,,,3/31/2022 14:07,30,TRAFFIC SIGNAL,FUNCTIONING PROPERLY,CLOUDY/OVERCAST,DAYLIGHT,ANGLE,NOT DIVIDED,,STRAIGHT AND LEVEL,DRY,NO DEFECTS,ON SCENE,INJURY AND / OR TOW DUE TO CRASH,Y,,Y,"OVER $1,500",3/31/2022 14:58,DISREGARDING TRAFFIC SIGNALS,NOT APPLICABLE,4401,W,MADISON ST,1113,,,,,,,3,NONINCAPACITATING INJURY,1,0,0,1,0,3,0,14,5,3,41.88049945,-87.73559596,POINT (-87.735595960982 41.880499450757)
be06b9fc189c1f9f3abe9edbd73b163bea073c113e2d3e47337be4b2b309a7c7d0880cf19db60c05afdbf4bb7a7f4b612e3870fec1489c193611e2bb687c2ccf,,Y,3/31/2022 11:07,30,NO CONTROLS,NO CONTROLS,SNOW,"DARKNESS, LIGHTED ROAD",HEAD ON,NOT DIVIDED,,STRAIGHT AND LEVEL,WET,NO DEFECTS,NOT ON SCENE (DESK REPORT),NO INJURY / DRIVE AWAY,Y,,Y,"OVER $1,500",3/31/2022 23:30,DISREGARDING ROAD MARKINGS,IMPROPER LANE USAGE,1700,W,51ST ST,931,,,,,,,2,NO INDICATION OF INJURY,0,0,0,0,0,2,0,11,5,3,41.80140457,-87.66727566,POINT (-87.667275655737 41.801404568978)
41808cd6091a1fa68b70338919dcc47851ef29c152561eb97fc684865b30cb5fcbbc2132f2c56c93e3b6d466248641f69bbf0e7046ab964c88c3ef3b32eee678,,,3/30/2022 17:15,10,NO CONTROLS,NO CONTROLS,RAIN,DAYLIGHT,REAR END,DRIVEWAY,,STRAIGHT AND LEVEL,WET,NO DEFECTS,NOT ON SCENE (DESK REPORT),NO INJURY / DRIVE AWAY,,,,"OVER $1,500",3/31/2022 14:57,UNABLE TO DETERMINE,UNABLE TO DETERMINE,8732,S,STONY ISLAND AVE,412,,,,,,,2,NO INDICATION OF INJURY,0,0,0,0,0,2,0,17,4,3,41.73591611,-87.58577278,POINT (-87.585772778809 41.735916108606)
cd9fb163158625089ac699bc71d5961bfe7a6594cfb5a06f3197e3c7fdc9e4ca42d9f14745ab9dac04a64afb37b3968ebc6af267980b6517fbb75fd449742a9f,,,3/31/2022 16:30,30,NO CONTROLS,NO CONTROLS,CLEAR,DAYLIGHT,SIDESWIPE SAME DIRECTION,ONE-WAY,,STRAIGHT AND LEVEL,DRY,NO DEFECTS,NOT ON SCENE (DESK REPORT),NO INJURY / DRIVE AWAY,,,Y,"$501 - $1,500",3/31/2022 18:14,UNABLE TO DETERMINE,UNABLE TO DETERMINE,110,E,OHIO ST,1834,,,,,,,2,NO INDICATION OF INJURY,0,0,0,0,0,2,0,16,5,3,41.89264819,-87.6247928,POINT (-87.624792803254 41.892648184864)
5b2227b1f28f27ff697d25c756dacc584e7efb684e134ff2aaa9ceaf779674f09cd6a3fe666fa9c5fdee9e8d9ec3eb64d286eae731bbb3ea0b919926fd9edf62,,Y,3/30/2022 10:30,30,NO CONTROLS,NO CONTROLS,CLEAR,UNKNOWN,PARKED MOTOR VEHICLE,ONE-WAY,,STRAIGHT AND LEVEL,DRY,NO DEFECTS,ON SCENE,NO INJURY / DRIVE AWAY,,,Y,"OVER $1,500",3/30/2022 14:55,IMPROPER BACKING,NOT APPLICABLE,12200,S,ABERDEEN ST,524,,,,,,,2,NO INDICATION OF INJURY,0,0,0,0,0,1,0,10,4,3,41.67215717,-87.64917916,POINT (-87.649179163135 41.672157173574)
f17393da4dd2b7adf142fcb7669d87e5ff28a986fffc92458c393011297f0ea049a2ab274196f0240812bc7c695139542bd05a9e7945209e13a451c0aa2ca938,,,3/31/2022 13:15,30,STOP SIGN/FLASHER,FUNCTIONING PROPERLY,RAIN,DAYLIGHT,REAR END,NOT DIVIDED,,STRAIGHT AND LEVEL,WET,NO DEFECTS,NOT ON SCENE (DESK REPORT),NO INJURY / DRIVE AWAY,,,Y,"OVER $1,500",3/31/2022 14:30,UNABLE TO DETERMINE,UNABLE TO DETERMINE,8301,S,ANTHONY AVE,412,,,,,,,2,NO INDICATION OF INJURY,0,0,0,0,0,2,0,13,5,3,41.74435517,-87.5785855,POINT (-87.578585501549 41.74435517435)
cb021be4969239323ef5d6651bae27b4d0462318446d74149a71d415e649d3bf0f3ef786d3e43b6ac375fdf64d02864c041004e26c56acb4d18b1e7c2979d3ac,,,3/30/2022 18:00,30,NO CONTROLS,NO CONTROLS,RAIN,DAYLIGHT,SIDESWIPE SAME DIRECTION,DIVIDED - W/MEDIAN BARRIER,,STRAIGHT AND LEVEL,WET,UNKNOWN,NOT ON SCENE (DESK REPORT),NO INJURY / DRIVE AWAY,,,,"$501 - $1,500",3/30/2022 18:30,IMPROPER LANE USAGE,UNABLE TO DETERMINE,8849,S,STONY ISLAND AVE,412,,,,,,,2,NO INDICATION OF INJURY,0,0,0,0,0,3,0,18,4,3,41.73369956,-87.58498772,POINT (-87.584987715895 41.733699561007)
e328332100f482b8d3dc1ac298279f392cd9ceef59ca4284479ebe042cad3e5554b0e8ce601f1b18854fd6a1440c05d5714e26d389c6369fc304eb2082910836,,,3/30/2022 20:53,5,OTHER,UNKNOWN,RAIN,"DARKNESS, LIGHTED ROAD",PEDESTRIAN,PARKING LOT,,STRAIGHT AND LEVEL,WET,NO DEFECTS,ON SCENE,INJURY AND / OR TOW DUE TO CRASH,,,Y,"OVER $1,500",3/30/2022 20:53,FAILING TO YIELD RIGHT-OF-WAY,FAILING TO YIELD RIGHT-OF-WAY,2609,S,KEDZIE AVE,1033,,,,,,,2,NONINCAPACITATING INJURY,1,0,0,1,0,1,0,20,4,3,41.84420224,-87.70488699,POINT (-87.704886994392 41.844202240983)
bb3396529a3c0d75bc567ce62022d932e3853f6e1ca853d3d08be714822fe533464c42f1d01f9e131af882c9678372d685ba1de08b228b2f045163f1c470891c,,,3/29/2022 19:30,30,NO CONTROLS,NO CONTROLS,CLEAR,"DARKNESS, LIGHTED ROAD",PARKED MOTOR VEHICLE,NOT DIVIDED,,STRAIGHT AND LEVEL,DRY,NO DEFECTS,ON SCENE,NO INJURY / DRIVE AWAY,,,,"$501 - $1,500",3/29/2022 19:36,DRIVING SKILLS/KNOWLEDGE/EXPERIENCE,UNABLE TO DETERMINE,5236,W,ADDISON ST,1634,,,,,,,2,NO INDICATION OF INJURY,0,0,0,0,0,1,0,19,3,3,41.946092,-87.75841761,POINT (-87.758417606293 41.946091998995)
1099fab5eb867956f05e0b68ff0d3b191e73665e2b4109b9264d6d56ccd1a28f4d3d955058460d9c4c90bd18dfdad479eaba1205d8794ae384aa4f7f3ab11b2b,JF162071,,3/3/2022 14:20,35,UNKNOWN,UNKNOWN,CLEAR,DAYLIGHT,PARKED MOTOR VEHICLE,NOT DIVIDED,,STRAIGHT AND LEVEL,DRY,UNKNOWN,ON SCENE,INJURY AND / OR TOW DUE TO CRASH,,,,"OVER $1,500",3/3/2022 15:00,UNABLE TO DETERMINE,UNABLE TO DETERMINE,2200,N,PULASKI RD,2525,,,,,,,3,NONINCAPACITATING INJURY,1,0,0,1,0,0,0,14,5,3,41.92091598,-87.72681717,POINT (-87.726817165711 41.920915978434)
a09ae36de5675faf09eb261749c365bd2952081827f2968d79cc227fc95377f0f14a5c62993f702bd8734ef1aac6d09318cc3bc7d36c449440cbb615491662a8,,,3/30/2022 13:00,20,NO CONTROLS,NO CONTROLS,RAIN,DAYLIGHT,PEDESTRIAN,NOT DIVIDED,,STRAIGHT AND LEVEL,WET,NO DEFECTS,ON SCENE,NO INJURY / DRIVE AWAY,,,,$500 OR LESS,3/30/2022 13:15,WEATHER,UNABLE TO DETERMINE,4642,W,DIVERSEY AVE,2521,,,,,,,2,NO INDICATION OF INJURY,0,0,0,0,0,2,0,13,4,3,41.93168136,-87.74364346,POINT (-87.743643456776 41.931681355526)
8a6dd9f5e979efbda4b25c749eff140b3b4235a8034366f99f0ebd7c34bdabe029749311f281a176add17a737896b62770b3b5cad4523bf7e44f78d2f02a1aeb,,,3/31/2022 15:00,30,TRAFFIC SIGNAL,FUNCTIONING PROPERLY,CLEAR,DAYLIGHT,SIDESWIPE SAME DIRECTION,DIVIDED - W/MEDIAN (NOT RAISED),,STRAIGHT AND LEVEL,DRY,NO DEFECTS,NOT ON SCENE (DESK REPORT),NO INJURY / DRIVE AWAY,Y,,Y,"OVER $1,500",3/31/2022 15:54,IMPROPER OVERTAKING/PASSING,NOT APPLICABLE,4003,W,DIVERSEY AVE,2524,,,,,,,2,NO INDICATION OF INJURY,0,0,0,0,0,2,0,15,5,3,41.93167679,-87.72717347,POINT (-87.72717347028 41.931676794242)
677a81684ff56319a32764f1a7c6423e82671d0c4187ddf8e828ba4e64c567b7c2378b4a6adb40f8fd145284031057965a3a95e6e6805d2e8d9b300ca5c2263c,,,4/1/2022 0:33,30,TRAFFIC SIGNAL,FUNCTIONING PROPERLY,RAIN,"DARKNESS, LIGHTED ROAD",REAR END,NOT DIVIDED,,STRAIGHT AND LEVEL,WET,NO DEFECTS,ON SCENE,NO INJURY / DRIVE AWAY,Y,,,"OVER $1,500",4/1/2022 0:34,UNABLE TO DETERMINE,NOT APPLICABLE,2702,N,WESTERN AVE,1411,,,,,,,2,NO INDICATION OF INJURY,0,0,0,0,0,3,0,0,6,4,41.93049652,-87.68799323,POINT (-87.687993228246 41.930496517233)
2bdf7b9e3e078bef4cff94923927e0b1cca10a22a6940cc1b67b6a0bd0e21ed1a2f6b8c138be4c2554bf1164331a0a824a85e1b74827ad88b8ae3e0df0e8be3b,,,3/31/2022 20:13,30,NO CONTROLS,FUNCTIONING PROPERLY,CLEAR,"DARKNESS, LIGHTED ROAD",TURNING,FOUR WAY,,STRAIGHT AND LEVEL,DRY,NO DEFECTS,ON SCENE,INJURY AND / OR TOW DUE TO CRASH,Y,,,"OVER $1,500",3/31/2022 20:38,IMPROPER OVERTAKING/PASSING,IMPROPER LANE USAGE,1700,W,59TH ST,715,,,,,,,2,"REPORTED, NOT EVIDENT",1,0,0,0,1,1,0,20,5,3,41.78682716,-87.66688363,POINT (-87.666883633847 41.786827159916)
1bbfebbca953de90d2f54fe66cc6c6f0839c961a5884776fe61794a3ea27f0a44748ecf528020d20dcb6f971d092189fd5713b6b0f47389d79cd3804a87f2d89,,,3/31/2022 12:00,30,TRAFFIC SIGNAL,FUNCTIONING PROPERLY,CLOUDY/OVERCAST,DAYLIGHT,SIDESWIPE SAME DIRECTION,NOT DIVIDED,,STRAIGHT AND LEVEL,DRY,NO DEFECTS,NOT ON SCENE (DESK REPORT),NO INJURY / DRIVE AWAY,,,,"$501 - $1,500",3/31/2022 12:05,UNABLE TO DETERMINE,NOT APPLICABLE,5602,W,FOSTER AVE,1622,,,,,,,2,NO INDICATION OF INJURY,0,0,0,0,0,2,0,12,5,3,41.97579195,-87.76861783,POINT (-87.768617826948 41.975791948961)
e354ae6365d74b7b501dbdc57d2bdc09fcd6a9a073e1f6b5945a7a593e9abdeb9d16dcbf8a898df5ba3e5ea9c1a70f46ee7e39826c1ad3d0117d88c1761b68df,,,3/31/2022 13:35,30,TRAFFIC SIGNAL,FUNCTIONING PROPERLY,RAIN,DAYLIGHT,TURNING,DIVIDED - W/MEDIAN (NOT RAISED),,STRAIGHT AND LEVEL,WET,NO DEFECTS,,INJURY AND / OR TOW DUE TO CRASH,Y,,,"OVER $1,500",3/31/2022 14:16,DRIVING SKILLS/KNOWLEDGE/EXPERIENCE,DISTRACTION - FROM INSIDE VEHICLE,11900,S,HALSTED ST,524,,,,,,,4,"REPORTED, NOT EVIDENT",2,0,0,0,2,2,0,13,5,3,41.67772083,-87.64205185,POINT (-87.642051844982 41.677720829248)
874d394b6920dd8cfc31cb623deb3a3ea6d60689112dc497e0811ef4a7c5e4be9fde5584908115e2c7ea674daa4bd783fb67058e97a6432208d2ee39b8033a43,JF186236,,3/25/2022 13:29,30,TRAFFIC SIGNAL,UNKNOWN,CLEAR,DAYLIGHT,TURNING,NOT DIVIDED,,STRAIGHT AND LEVEL,DRY,NO DEFECTS,NOT ON SCENE (DESK REPORT),NO INJURY / DRIVE AWAY,Y,,,"OVER $1,500",3/25/2022 14:00,FOLLOWING TOO CLOSELY,NOT APPLICABLE,800,N,LAKE SHORE DR NB,1833,,,,,,,2,NO INDICATION OF INJURY,0,0,0,0,0,2,0,13,6,3,41.89680497,-87.61702742,POINT (-87.617027423234 41.896804972416)
0d1cf3236e3d365e6e5b23933de1b8e8756de57a7143a78ab09984892bea242e9f34307f71844f6dfa02c3d30171d7a38967584b31815640364e51b3be19d4f5,JD295936,,7/13/2020 12:30,30,DELINEATORS,OTHER,CLEAR,DAYLIGHT,TURNING,DIVIDED - W/MEDIAN (NOT RAISED),,STRAIGHT AND LEVEL,DRY,NO DEFECTS,,NO INJURY / DRIVE AWAY,,,,"OVER $1,500",7/13/2020 13:45,FAILING TO YIELD RIGHT-OF-WAY,DISREGARDING ROAD MARKINGS,522,W,ROOSEVELT RD,124,,,,,,,2,NO INDICATION OF INJURY,0,0,0,0,0,2,0,12,2,7,41.86735618,-87.64022664,POINT (-87.640226640564 41.867356182227)
ee3efe4154380dce5a3e4819953ba8cdb3d16efa02f61d550e485c0483517869883faf1f904c8d61ab77736022321fbcaa9b6f3fd7d47f09b03de432dc5255da,,,3/31/2022 11:51,30,TRAFFIC SIGNAL,FUNCTIONING PROPERLY,CLEAR,DAYLIGHT,REAR END,NOT DIVIDED,,STRAIGHT AND LEVEL,WET,NO DEFECTS,ON SCENE,INJURY AND / OR TOW DUE TO CRASH,Y,,,"OVER $1,500",3/31/2022 11:51,FOLLOWING TOO CLOSELY,NOT APPLICABLE,508,E,115TH ST,531,,,,,,,2,NO INDICATION OF INJURY,0,0,0,0,0,3,0,11,5,3,41.68555589,-87.61100289,POINT (-87.611002890933 41.685555886447)
b6fc449eaf933e1f46baaabbaac40a3216dc9818d72635144e1e251c4975f2e5428c0a2afa8d9dd0cf2b785532fcaedaeca3982ac6535472f4b34a9daba58e71,,,3/31/2022 9:35,30,NO CONTROLS,NO CONTROLS,RAIN,DAYLIGHT,PARKED MOTOR VEHICLE,NOT DIVIDED,,STRAIGHT AND LEVEL,WET,UNKNOWN,ON SCENE,NO INJURY / DRIVE AWAY,,,Y,"OVER $1,500",3/31/2022 9:40,IMPROPER BACKING,NOT APPLICABLE,3940,W,GRAND AVE,2535,,Y,,,,,2,NO INDICATION OF INJURY,0,0,0,0,0,1,0,9,5,3,41.90581578,-87.72524865,POINT (-87.72524865372 41.905815774646)
2536a15dd70de486a985f29882bfe24bd05fe4236e259a5e894d2a675185a2e204766411ec4c3231cec2633c28edde069ff11e1167797b5f401bf804f69ccb62,,Y,3/31/2022 1:00,30,NO CONTROLS,NO CONTROLS,RAIN,"DARKNESS, LIGHTED ROAD",PARKED MOTOR VEHICLE,DIVIDED - W/MEDIAN (NOT RAISED),,STRAIGHT AND LEVEL,WET,NO DEFECTS,NOT ON SCENE (DESK REPORT),NO INJURY / DRIVE AWAY,,,Y,"OVER $1,500",3/31/2022 9:15,UNABLE TO DETERMINE,NOT APPLICABLE,3726,W,ARTHINGTON ST,1133,,,,,,,2,NO INDICATION OF INJURY,0,0,0,0,0,1,0,1,5,3,41.87000416,-87.71913773,POINT (-87.719137728064 41.870004154571)
aef687fde97928f9e10c49c93324f4416d06a01e3d4cd9877d4a48fb77603007d8388257758a415f312e9690968cacb480dbb68f838e11bf5adf53ddedbdf4fe,,,3/31/2022 16:49,30,NO CONTROLS,NO CONTROLS,CLEAR,DAYLIGHT,SIDESWIPE OPPOSITE DIRECTION,DIVIDED - W/MEDIAN (NOT RAISED),,STRAIGHT AND LEVEL,DRY,NO DEFECTS,ON SCENE,NO INJURY / DRIVE AWAY,,,,"OVER $1,500",3/31/2022 16:55,IMPROPER BACKING,UNABLE TO DETERMINE,3339,N,SHEFFIELD AVE,1924,,,,,,,2,NO INDICATION OF INJURY,0,0,0,0,0,4,0,16,5,3,41.94291371,-87.65405178,POINT (-87.654051783542 41.942913707168)
7c41d4aca814f37c9d3b1edce86b5f48e3f04d4daa08c737a2a5d15f7a5ba3717ecbf9264553de86bdf752065c5c28627c4db6644ab30831bc3f1399a1d85d94,,,3/29/2022 21:00,30,NO CONTROLS,NO CONTROLS,CLEAR,DARKNESS,PARKED MOTOR VEHICLE,NOT DIVIDED,,STRAIGHT AND LEVEL,DRY,NO DEFECTS,NOT ON SCENE (DESK REPORT),NO INJURY / DRIVE AWAY,,,,"OVER $1,500",3/31/2022 13:40,IMPROPER BACKING,IMPROPER BACKING,7114,S,ST LAWRENCE AVE,323,,,,,,,2,NO INDICATION OF INJURY,0,0,0,0,0,1,0,21,3,3,41.76530426,-87.61056172,POINT (-87.61056171617 41.765304259989)
11dff23360fa37420c3751242010a5b8a676f14c643b97daf2b441523fe8b3bfcbe2b6c951bca40a3c0ac7842cde252a56042799d0acd66814ec643e0b4c196d,JF161930,,3/3/2022 12:40,30,TRAFFIC SIGNAL,FUNCTIONING PROPERLY,CLEAR,DAYLIGHT,ANGLE,FOUR WAY,,STRAIGHT AND LEVEL,DRY,NO DEFECTS,ON SCENE,INJURY AND / OR TOW DUE TO CRASH,Y,,,"OVER $1,500",3/3/2022 12:40,DISREGARDING TRAFFIC SIGNALS,DISREGARDING TRAFFIC SIGNALS,5500,S,DR MARTIN LUTHER KING JR DR,231,,,,,,,3,NONINCAPACITATING INJURY,4,0,0,4,0,0,0,12,5,3,41.79445668,-87.61611883,POINT (-87.616118829535 41.794456675068)
10c2e65214b1803f8ac5cef2db8118f12ca016bb279efc514de02c5306a581c1768ef399183a738d970644103f8a5dfe9cc555b99be11889383df967e15a15f7,JC508748,,11/12/2019 13:37,30,TRAFFIC SIGNAL,FUNCTIONING PROPERLY,CLEAR,DAYLIGHT,REAR END,NOT DIVIDED,,STRAIGHT AND LEVEL,UNKNOWN,NO DEFECTS,,INJURY AND / OR TOW DUE TO CRASH,,,Y,"$501 - $1,500",11/13/2019 10:15,FOLLOWING TOO CLOSELY,FOLLOWING TOO CLOSELY,3700,N,KIMBALL AVE,1732,,,,,,,2,NONINCAPACITATING INJURY,1,0,0,1,0,1,0,13,3,11,41.94843625,-87.71291527,POINT (-87.712915274113 41.948436250628)
10d58d8d4328bcd6fd7352d8c01f637bfb8357acb0b7973dc742fefc7e4514971b190d1fe9c627c2e39037718317a8db053d0acb7aad8ca372c78cf40dcb935c,JE265877,,6/13/2021 18:10,25,NO CONTROLS,NO CONTROLS,CLEAR,DAYLIGHT,PEDALCYCLIST,ONE-WAY,,STRAIGHT AND LEVEL,DRY,NO DEFECTS,,INJURY AND / OR TOW DUE TO CRASH,,,Y,$500 OR LESS,6/14/2021 16:30,IMPROPER TURNING/NO SIGNAL,FAILING TO YIELD RIGHT-OF-WAY,5214,W,DRUMMOND PL,2514,,,,,,,2,"REPORTED, NOT EVIDENT",1,0,0,0,1,1,0,18,1,6,41.92878523,-87.75697399,POINT (-87.756973989705 41.928785230547)
13a04f288ffa2412e836bf210688955aa71de6f6d3c024bc01049196b8e024812d5156c6a6af7567206ff0a7b3e8d275f8785c233d92c36a08e3e04a38ea95ff,JE102554,,1/3/2021 23:00,35,TRAFFIC SIGNAL,FUNCTIONING PROPERLY,UNKNOWN,UNKNOWN,REAR END,FOUR WAY,,STRAIGHT AND LEVEL,UNKNOWN,UNKNOWN,,NO INJURY / DRIVE AWAY,Y,,Y,"OVER $1,500",1/3/2021 23:30,UNABLE TO DETERMINE,UNABLE TO DETERMINE,1600,E,75TH ST,324,,,,,,,2,NO INDICATION OF INJURY,0,0,0,0,0,4,0,23,1,1,41.75887774,-87.58568244,POINT (-87.585682440932 41.758877741252)
35d5655c854d414b3763b51783863d49ba5f25119f4fd9b7254f19430a178d68f012fd7ef528674249fd5c0b55efd284052cd2fad7f7622845b6e8080d210eda,JD445800,,11/30/2020 11:33,30,NO CONTROLS,NO CONTROLS,CLEAR,DAYLIGHT,SIDESWIPE SAME DIRECTION,NOT DIVIDED,,STRAIGHT AND LEVEL,DRY,NO DEFECTS,,NO INJURY / DRIVE AWAY,,,,"OVER $1,500",11/30/2020 14:58,IMPROPER LANE USAGE,"OPERATING VEHICLE IN ERRATIC, RECKLESS, CARELESS, NEGLIGENT OR AGGRESSIVE MANNER",4102,S,COTTAGE GROVE AVE,214,,,,,,,2,NO INDICATION OF INJURY,0,0,0,0,0,2,0,11,2,11,41.82026694,-87.60695026,POINT (-87.606950257287 41.820266941997)
37a084658c82c2e6c9bab6d9f1fce6018b8a1b486bfd3faa77fc8e21992c62d94a3ac40c50eb869984215f84cf1e0b58024a90fd38b216d6ce81a075a7cde179,JF170890,,3/10/2022 8:04,30,TRAFFIC SIGNAL,FUNCTIONING PROPERLY,CLEAR,DAYLIGHT,REAR END,NOT DIVIDED,,STRAIGHT AND LEVEL,DRY,NO DEFECTS,NOT ON SCENE (DESK REPORT),NO INJURY / DRIVE AWAY,,,,"$501 - $1,500",3/11/2022 20:30,FOLLOWING TOO CLOSELY,FAILING TO REDUCE SPEED TO AVOID CRASH,5559,N,NAGLE AVE,1622,,,,,,,2,NO INDICATION OF INJURY,0,0,0,0,0,2,0,8,5,3,41.9826026,-87.78759382,POINT (-87.787593816926 41.982602595923)
179c78675a0c8c94d41236faafed0904e8d7063bf96cf00b2fe2aa486eeb7f3b0acbbe98fa2b124ce3e99db6344685c95de30ca46186eeb43b11deda8239a35b,JF161632,,3/3/2022 7:17,30,STOP SIGN/FLASHER,FUNCTIONING PROPERLY,CLEAR,DAYLIGHT,TURNING,T-INTERSECTION,,STRAIGHT AND LEVEL,DRY,NO DEFECTS,ON SCENE,INJURY AND / OR TOW DUE TO CRASH,Y,,,"OVER $1,500",3/3/2022 7:20,FAILING TO YIELD RIGHT-OF-WAY,NOT APPLICABLE,3837,N,OAK PARK AVE,1632,,,,,,,4,NONINCAPACITATING INJURY,1,0,0,1,0,3,0,7,5,3,41.9501892,-87.79602617,POINT (-87.796026170188 41.950189196566)
3b138e35c49e1426da9b5e16a8d817595952a4f92eff6e1eee86fc9ac57d30853144ec6cb88c9bee7a72a572bf581537c8d65461176100e37c0111b8f9cf402c,JF169590,,3/10/2022 16:28,30,STOP SIGN/FLASHER,FUNCTIONING PROPERLY,CLEAR,DAYLIGHT,TURNING,NOT DIVIDED,,STRAIGHT AND LEVEL,DRY,NO DEFECTS,ON SCENE,INJURY AND / OR TOW DUE TO CRASH,Y,,Y,"OVER $1,500",3/10/2022 16:38,DISREGARDING STOP SIGN,DISREGARDING STOP SIGN,2901,N,CLYBOURN AVE,1931,,,,,,,3,NONINCAPACITATING INJURY,1,0,0,1,0,3,0,16,5,3,41.93424905,-87.68064643,POINT (-87.680646430672 41.934249050534)
19bb662500cee54d31f50089858e269b02d297e1087d2482c2ccaaf2f1920d124e0a429bd60be54002e15ea9a1228289d218382ce81590e1c730211d310e3458,JF161992,,3/3/2022 13:30,35,TRAFFIC SIGNAL,FUNCTIONING PROPERLY,CLEAR,DAYLIGHT,SIDESWIPE SAME DIRECTION,NOT DIVIDED,,STRAIGHT AND LEVEL,DRY,NO DEFECTS,NOT ON SCENE (DESK REPORT),NO INJURY / DRIVE AWAY,,,,"OVER $1,500",3/3/2022 13:50,DRIVING SKILLS/KNOWLEDGE/EXPERIENCE,NOT APPLICABLE,5100,S,CARPENTER ST,934,,,,,,,2,NO INDICATION OF INJURY,0,0,0,0,0,2,0,13,5,3,41.80140789,-87.65156056,POINT (-87.651560563577 41.801407886431)
038f1d5498af9fcb5dc47b4fb72bdb1761c3e50ecaf3c295d8da4ca21055a98a3b1789fdf75bb458523511390f8a82b1c21c7cc3b14a9ee84a072faae7fc4d17,JF168156,,3/9/2022 11:40,30,TRAFFIC SIGNAL,FUNCTIONING PROPERLY,CLEAR,DAYLIGHT,TURNING,DIVIDED - W/MEDIAN (NOT RAISED),,STRAIGHT AND LEVEL,DRY,NO DEFECTS,ON SCENE,NO INJURY / DRIVE AWAY,,,Y,"OVER $1,500",3/9/2022 11:44,"VISION OBSCURED (SIGNS, TREE LIMBS, BUILDINGS, ETC.)",DRIVING SKILLS/KNOWLEDGE/EXPERIENCE,3958,W,ADDISON ST,1732,,,,,,,2,NO INDICATION OF INJURY,0,0,0,0,0,2,0,11,4,3,41.94648369,-87.72734189,POINT (-87.727341886952 41.946483690762)
1a9dd92229396fc273f5ac4ab2a8f6132ac5027dfbb9c043b3e44fc3185b86aa465288deabbb6447df90f76a60a88723d25a2e32e54664eec6ccd3ac0a481311,JF161822,,3/3/2022 10:45,30,NO CONTROLS,NO CONTROLS,CLEAR,DAYLIGHT,SIDESWIPE SAME DIRECTION,T-INTERSECTION,,STRAIGHT AND LEVEL,DRY,NO DEFECTS,NOT ON SCENE (DESK REPORT),NO INJURY / DRIVE AWAY,,,Y,"OVER $1,500",3/3/2022 11:30,IMPROPER TURNING/NO SIGNAL,NOT APPLICABLE,70,E,103RD ST,511,,,,,,,2,NO INDICATION OF INJURY,0,0,0,0,0,2,0,10,5,3,41.70731437,-87.62083412,POINT (-87.620834121911 41.707314365656)