CRASH_RECORD_ID,RD_NO,CRASH_DATE_EST_I,CRASH_DATE,POSTED_SPEED_LIMIT,TRAFFIC_CONTROL_DEVICE,DEVICE_CONDITION,WEATHER_CONDITION,LIGHTING_CONDITION,FIRST_CRASH_TYPE,TRAFFICWAY_TYPE,LANE_CNT,ALIGNMENT,ROADWAY_SURFACE_COND,ROAD_DEFECT,REPORT_TYPE,CRASH_TYPE,INTERSECTION_RELATED_I,NOT_RIGHT_OF_WAY_I,HIT_AND_RUN_I,DAMAGE,DATE_POLICE_NOTIFIED,PRIM_CONTRIBUTORY_CAUSE,SEC_CONTRIBUTORY_CAUSE,STREET_NO,STREET_DIRECTION,STREET_NAME,BEAT_OF_OCCURRENCE,PHOTOS_TAKEN_I,STATEMENTS_TAKEN_I,DOORING_I,WORK_ZONE_I,WORK_ZONE_TYPE,WORKERS_PRESENT_I,NUM_UNITS,MOST_SEVERE_INJURY,INJURIES_TOTAL,INJURIES_FATAL,INJURIES_INCAPACITATING,INJURIES_NON_INCAPACITATING,INJURIES_REPORTED_NOT_EVIDENT,INJURIES_NO_INDICATION,INJURIES_UNKNOWN,CRASH_HOUR,CRASH_DAY_OF_WEEK,CRASH_MONTH,LATITUDE,LONGITUDE,LOCATION
025215121f4664355865f03edafa6287101fc42821375285d4b3beca3adffa96dff3713e6ff6955f3c81d33669dca0dc5b713e8782657984b3f1b12df7407f61,JF169503,,3/10/2022 15:20,20,NO CONTROLS,NO CONTROLS,CLEAR,DAYLIGHT,PARKED MOTOR VEHICLE,NOT DIVIDED,,STRAIGHT AND LEVEL,DRY,NO DEFECTS,ON SCENE,NO INJURY / DRIVE AWAY,,,,$500 OR LESS,3/10/2022 16:23,IMPROPER BACKING,NOT APPLICABLE,1940,E,76TH ST,414,,,,,,,2,NO INDICATION OF INJURY,0,0,0,0,0,2,0,15,5,3,41.75716022,-87.57692939,POINT (-87.576929393435 41.757160214862)
0833dafc1278e465262fba91273127397cbd04349405916bcefd98d985a2f9399395d008b1731aab6a5735969fec6e275f7d2ac2ecc3824b3116aa89c4460f88,JF169480,,3/10/2022 14:52,30,NO CONTROLS,NO CONTROLS,CLEAR,DAWN,PARKED MOTOR VEHICLE,OTHER,,STRAIGHT AND LEVEL,DRY,"RUT, HOLES",NOT ON SCENE (DESK REPORT),NO INJURY / DRIVE AWAY,,,,"OVER $1,500",3/10/2022 15:35,NOT APPLICABLE,NOT APPLICABLE,7812,S,CORNELL AVE,411,,,,,,,2,NO INDICATION OF INJURY,0,0,0,0,0,1,0,14,5,3,41.75288676,-87.58458629,POINT (-87.584586284688 41.752886762626)
109b146c581506239b86c1a2088125c00c770f6c8f7f65046415f28df6afc44e77ab7ec224fe1bd5e501e1ee8138120a6560c9d8176fd90330b8e3bf7e33efa2,JF169539,,3/10/2022 15:30,30,STOP SIGN/FLASHER,FUNCTIONING PROPERLY,CLEAR,DAYLIGHT,ANGLE,FOUR WAY,,STRAIGHT AND LEVEL,DRY,UNKNOWN,NOT ON SCENE (DESK REPORT),NO INJURY / DRIVE AWAY,,,N,$500 OR LESS,3/10/2022 16:15,DISREGARDING STOP SIGN,UNABLE TO DETERMINE,10600,S,AVENUE H,432,,,,,,,2,NO INDICATION OF INJURY,0,0,0,0,0,2,0,15,5,3,41.70263015,-87.53301324,POINT (-87.533013236825 41.702630150318)
062b1d67baf066b672b5bd8fe6af9ad5d39bed1eac6aeb4c0bc74ca9d6d7fecef75c01883556dc71b6f48a89fd709c4283665daaaf55cfe7ca318d4f9db70f6a,JF169425,,3/10/2022 7:32,30,NO CONTROLS,NO CONTROLS,CLEAR,DAYLIGHT,OTHER NONCOLLISION,NOT DIVIDED,,STRAIGHT AND LEVEL,DRY,NO DEFECTS,NOT ON SCENE (DESK REPORT),INJURY AND / OR TOW DUE TO CRASH,,,Y,"OVER $1,500",3/10/2022 14:15,"OPERATING VEHICLE IN ERRATIC, RECKLESS, CARELESS, NEGLIGENT OR AGGRESSIVE MANNER","OPERATING VEHICLE IN ERRATIC, RECKLESS, CARELESS, NEGLIGENT OR AGGRESSIVE MANNER",3632,W,CHICAGO AVE,1112,,,,,,,2,NO INDICATION OF INJURY,0,0,0,0,0,3,0,7,5,3,41.89555964,-87.71747391,POINT (-87.717473907118 41.895559635632)
0992fc7b2256aba8deedbbeacd6724a142b84fa040cf72693e5f3c77d350f0573754abbf942814de1a9c2e12f3b8d465e93f5f7ba4a46b67beaa01a0c491edb7,JF169020,,3/10/2022 7:38,30,NO CONTROLS,NO CONTROLS,CLEAR,DAYLIGHT,SIDESWIPE SAME DIRECTION,DIVIDED - W/MEDIAN (NOT RAISED),,STRAIGHT AND LEVEL,DRY,NO DEFECTS,ON SCENE,NO INJURY / DRIVE AWAY,,,,"OVER $1,500",3/10/2022 7:58,UNABLE TO DETERMINE,UNABLE TO DETERMINE,2244,S,BLUE ISLAND AVE,1034,,,,,,,2,NO INDICATION OF INJURY,0,0,0,0,0,2,0,7,5,3,41.85148635,-87.66841689,POINT (-87.668416886473 41.851486349111)
015e3c84a834bec9e4dde701f42ed5b59f2f08debc5d8d28d626cdf24cbc8e0076d4c1f87d6c353c45ffe903da92cc4958db2c07e8b5e729067f97bd6be3217c,JF169715,,3/10/2022 13:10,30,STOP SIGN/FLASHER,NO CONTROLS,CLEAR,DAYLIGHT,REAR END,NOT DIVIDED,,STRAIGHT AND LEVEL,DRY,NO DEFECTS,NOT ON SCENE (DESK REPORT),NO INJURY / DRIVE AWAY,,,,"OVER $1,500",3/10/2022 18:45,FOLLOWING TOO CLOSELY,FOLLOWING TOO CLOSELY,4401,S,CALIFORNIA AVE,922,,,,,,,2,NO INDICATION OF INJURY,0,0,0,0,0,2,0,13,5,3,41.81364765,-87.69422119,POINT (-87.694221190253 41.813647644933)
0a5165da673d432d88bacf0672c47732bdd3b0c22a596a82e9745e3d6c1208712d61a71671c25419027e7ac2b92a7fb79fde1223255b6b6db945fc9d5eb09d2e,JF169096,,3/10/2022 8:30,30,TRAFFIC SIGNAL,FUNCTIONING PROPERLY,CLEAR,DAYLIGHT,REAR END,NOT DIVIDED,,STRAIGHT AND LEVEL,DRY,NO DEFECTS,ON SCENE,INJURY AND / OR TOW DUE TO CRASH,,,,"$501 - $1,500",3/10/2022 10:02,UNABLE TO DETERMINE,UNABLE TO DETERMINE,3057,S,CALIFORNIA AVE,1034,,,,,,,2,NONINCAPACITATING INJURY,2,0,0,2,0,2,0,8,5,3,41.83747377,-87.69488458,POINT (-87.694884583217 41.837473770763)
13fcdd4a9cf21c36d3c00704e9b604a04bf4e5b69817cf4236789be78396a068d366e465071fa1e9ad8e93fcab4bcb7ad7a8b925e46d968996620b58a2c25707,JF169819,,3/10/2022 20:25,30,STOP SIGN/FLASHER,UNKNOWN,UNKNOWN,"DARKNESS, LIGHTED ROAD",ANGLE,FOUR WAY,,STRAIGHT AND LEVEL,UNKNOWN,UNKNOWN,NOT ON SCENE (DESK REPORT),NO INJURY / DRIVE AWAY,Y,,,"OVER $1,500",3/10/2022 20:45,UNABLE TO DETERMINE,UNABLE TO DETERMINE,999,W,ARMITAGE AVE,1813,,,,,,,2,NO INDICATION OF INJURY,0,0,0,0,0,2,0,20,5,3,41.91799621,-87.65330352,POINT (-87.653303515831 41.917996209488)
14f4d3d9b776ebe0e31718a4cc4b1d18880b064e4c4d8551923cddd5e8ae454a2f58442e085bdd87108ce7e50200ed6bff9e27f83f5c615c704becbb516dd3b4,JF169671,,3/10/2022 17:45,35,NO CONTROLS,NO CONTROLS,CLEAR,"DARKNESS, LIGHTED ROAD",PEDALCYCLIST,ALLEY,,STRAIGHT AND LEVEL,DRY,NO DEFECTS,NOT ON SCENE (DESK REPORT),INJURY AND / OR TOW DUE TO CRASH,,,,"$501 - $1,500",3/10/2022 18:00,UNABLE TO DETERMINE,UNABLE TO DETERMINE,140,S,DEARBORN ST,112,,,N,,,,2,"REPORTED, NOT EVIDENT",1,0,0,0,1,1,0,17,5,3,41.87967604,-87.62950228,POINT (-87.629502282668 41.879676040117)
1591dc05c7514364c02f53eb0916533e15e9066614917544dc60ff46c06ed63e4329ebe077c7925c87cc22df25dd43f611d649bb56909f25b5bbace73f5467d7,JF169062,,3/10/2022 7:25,30,STOP SIGN/FLASHER,FUNCTIONING PROPERLY,CLEAR,DAYLIGHT,REAR END,NOT DIVIDED,,STRAIGHT AND LEVEL,DRY,NO DEFECTS,ON SCENE,NO INJURY / DRIVE AWAY,Y,,Y,"OVER $1,500",3/10/2022 7:35,FAILING TO REDUCE SPEED TO AVOID CRASH,UNABLE TO DETERMINE,1200,N,CENTRAL PARK AVE,2535,,,,,,,2,NO INDICATION OF INJURY,0,0,0,0,0,4,0,7,5,3,41.90284281,-87.71671138,POINT (-87.716711376801 41.902842810544)
1071f25892e61cc5288f0362c2ef1a67d898369bc34c43d6c2fe36381ada202362af97fbca38b27bab56b609ab8ca9ed77b82339080861c70fe1fbd9fc228ff1,JF164543,Y,3/5/2022 18:50,30,TRAFFIC SIGNAL,FUNCTIONING PROPERLY,CLEAR,"DARKNESS, LIGHTED ROAD",PEDALCYCLIST,T-INTERSECTION,,STRAIGHT AND LEVEL,DRY,NO DEFECTS,ON SCENE,INJURY AND / OR TOW DUE TO CRASH,Y,,Y,"OVER $1,500",3/5/2022 19:32,FAILING TO YIELD RIGHT-OF-WAY,UNABLE TO DETERMINE,3458,W,MARQUETTE RD,831,,,,,,,2,NONINCAPACITATING INJURY,1,0,0,1,0,1,0,18,7,3,41.77167007,-87.71011986,POINT (-87.710119859114 41.771670068353)
1ce690a94e8e94fb407e2f37756d2b24763100a0908e25af718308454fe1d7b40936ab0f659a27202d58812a8acba467f996a3dc465f87cfe0cf9cfdb831d97d,JE442004,,11/11/2021 18:55,30,TRAFFIC SIGNAL,FUNCTIONING PROPERLY,CLEAR,"DARKNESS, LIGHTED ROAD",TURNING,FOUR WAY,,STRAIGHT AND LEVEL,DRY,NO DEFECTS,,INJURY AND / OR TOW DUE TO CRASH,Y,,,"OVER $1,500",11/11/2021 18:57,UNABLE TO DETERMINE,UNABLE TO DETERMINE,1201,W,DEVON AVE,2433,,,,,,,2,NO INDICATION OF INJURY,0,0,0,0,0,2,0,18,5,11,41.99807872,-87.66060728,POINT (-87.660607278891 41.998078723705)
068b158470eb4674f58227115f465a97dbe433eb018cd149582987383f8e03829143e16b38b951e6b028df04b48247f20d85f1d9b5b9b23ac5c8a63591de138c,JF169708,,3/10/2022 18:30,35,TRAFFIC SIGNAL,FUNCTIONING PROPERLY,SNOW,"DARKNESS, LIGHTED ROAD",REAR END,NOT DIVIDED,,STRAIGHT AND LEVEL,WET,UNKNOWN,ON SCENE,NO INJURY / DRIVE AWAY,,,,"OVER $1,500",3/10/2022 18:34,FOLLOWING TOO CLOSELY,UNABLE TO DETERMINE,3710,S,WESTERN AVE,911,,,,,,,3,NO INDICATION OF INJURY,0,0,0,0,0,4,0,18,5,3,41.82613931,-87.68505671,POINT (-87.685056712063 41.826139308522)
3e353afa91b1016607924830a283e0fd1214f0fe1fae1e13b86bd65c9f914c1db229e69a2d93b67a182a4393712fc60b20f4359f43ade88f2314abcd1659d7d9,JF185693,,3/25/2022 2:50,30,NO CONTROLS,NO CONTROLS,RAIN,"DARKNESS, LIGHTED ROAD",FIXED OBJECT,NOT DIVIDED,,STRAIGHT AND LEVEL,WET,NO DEFECTS,ON SCENE,INJURY AND / OR TOW DUE TO CRASH,,Y,,"OVER $1,500",3/25/2022 2:50,FAILING TO REDUCE SPEED TO AVOID CRASH,UNABLE TO DETERMINE,11102,S,PULASKI RD,2211,,,,,,,1,NO INDICATION OF INJURY,0,0,0,0,0,1,0,2,6,3,41.69105266,-87.72045374,POINT (-87.720453742212 41.691052662019)
03631609db1f0db8276a86b7d61e1b55cab32e4a3fc61724119da6c187ce1b61cc4bd5ba0befe7f2d8ab08fea00eca5031e935b7c556d9d8a9fc5312a5e76a64,JF169606,,3/10/2022 16:43,30,NO CONTROLS,NO CONTROLS,CLEAR,"DARKNESS, LIGHTED ROAD",PARKED MOTOR VEHICLE,NOT DIVIDED,,STRAIGHT AND LEVEL,DRY,NO DEFECTS,ON SCENE,NO INJURY / DRIVE AWAY,,,,"$501 - $1,500",3/10/2022 16:45,DRIVING SKILLS/KNOWLEDGE/EXPERIENCE,UNABLE TO DETERMINE,5812,N,BROADWAY,2013,,,,,,,2,NO INDICATION OF INJURY,0,0,0,0,0,1,0,16,5,3,41.98746481,-87.66033437,POINT (-87.660334373354 41.987464806695)
103ce2626b5f9d7f54d68a3e8860c48e4412187276805d444cfecd8543de8e12afc0848f81788b80e6bd405b198a5c6cd437d1870fdd1a780d0f7a15dcae815d,JF169276,Y,3/10/2022 11:30,30,NO CONTROLS,NO CONTROLS,CLEAR,DAYLIGHT,PEDALCYCLIST,DRIVEWAY,,STRAIGHT AND LEVEL,DRY,NO DEFECTS,ON SCENE,INJURY AND / OR TOW DUE TO CRASH,,,Y,$500 OR LESS,3/10/2022 12:34,UNABLE TO DETERMINE,UNABLE TO DETERMINE,4738,N,PULASKI RD,1722,,,,,,,2,NONINCAPACITATING INJURY,1,0,0,1,0,1,0,11,5,3,41.96754633,-87.72815467,POINT (-87.728154665296 41.967546330174)
1303ddc0004503db73f9756e833e6bcaf271843dbb41e075d3645eef99fcc90ec91846178e3014462ab04800da1216aefeeca19473ca385de35456c287e203cf,JF155653,,2/25/2022 10:00,30,TRAFFIC SIGNAL,FUNCTIONING PROPERLY,SNOW,DAYLIGHT,TURNING,DIVIDED - W/MEDIAN (NOT RAISED),,STRAIGHT AND LEVEL,WET,NO DEFECTS,,NO INJURY / DRIVE AWAY,,,,"OVER $1,500",2/25/2022 11:00,UNABLE TO DETERMINE,UNABLE TO DETERMINE,1150,S,KOSTNER AVE,1131,,,,,,,2,NO INDICATION OF INJURY,0,0,0,0,0,2,0,10,6,2,41.86634727,-87.73512241,POINT (-87.735122411848 41.866347269155)
10a10caa2fbdf1edaa9415807190f619a9862909a9f4553e4bb9397d91dc4458a7b7132601c6d328541c6178367aa6ead291409bd7bc98ca47f145e7160f48da,JF169133,,1/19/2022 19:20,30,TRAFFIC SIGNAL,FUNCTIONING PROPERLY,UNKNOWN,"DARKNESS, LIGHTED ROAD",REAR END,FOUR WAY,,STRAIGHT AND LEVEL,UNKNOWN,UNKNOWN,NOT ON SCENE (DESK REPORT),NO INJURY / DRIVE AWAY,,,,$500 OR LESS,3/10/2022 9:30,UNABLE TO DETERMINE,UNABLE TO DETERMINE,10,E,35TH ST,211,,,,,,,2,NO INDICATION OF INJURY,0,0,0,0,0,2,0,19,4,1,41.83124597,-87.62612597,POINT (-87.626125965522 41.831245965312)
18b51960b2f4da467bb0b3bc5bb7d78fbf021393d73583d4a0dcc3c8b74e2e9b4455d9643de5adf698abceb331ba968a9d684c9e5f3deac5a70455fe185c9844,JF169982,,3/11/2022 0:30,30,NO CONTROLS,NO CONTROLS,SNOW,"DARKNESS, LIGHTED ROAD",PARKED MOTOR VEHICLE,ONE-WAY,,STRAIGHT AND LEVEL,SNOW OR SLUSH,NO DEFECTS,ON SCENE,INJURY AND / OR TOW DUE TO CRASH,,,Y,"OVER $1,500",3/11/2022 0:31,FAILING TO REDUCE SPEED TO AVOID CRASH,WEATHER,7207,S,EXCHANGE AVE,334,,,,,,,2,NO INDICATION OF INJURY,0,0,0,0,0,1,0,0,6,3,41.76437125,-87.56461522,POINT (-87.564615219042 41.764371252925)
0716eb8da09d8304c6953ef908888a486b8f0d83417b8d10be893bf88d91df7a8679d25fae630fdccce69061868447c9ca14b5751118f7844e511b03f22fafa1,JF165787,Y,3/7/2022 1:00,25,NO CONTROLS,NO CONTROLS,UNKNOWN,"DARKNESS, LIGHTED ROAD",PARKED MOTOR VEHICLE,NOT DIVIDED,,STRAIGHT AND LEVEL,OTHER,NO DEFECTS,ON SCENE,INJURY AND / OR TOW DUE TO CRASH,,,Y,"OVER $1,500",3/7/2022 7:56,UNABLE TO DETERMINE,FAILING TO REDUCE SPEED TO AVOID CRASH,5623,W,WASHINGTON BLVD,1513,,,,,,,2,NO INDICATION OF INJURY,0,0,0,0,0,1,0,1,2,3,41.88211806,-87.76591135,POINT (-87.765911353009 41.882118059328)
0a9dd4b81250edf8fb13276101375e34f99687b93f51a1625ffe66ed8dc22119513db6dfa401561fd2d185fd14718e75bfb26eeac4dbc9a4a5a78823c6107a7c,JF169067,,3/8/2022 20:45,10,NO CONTROLS,NO CONTROLS,CLEAR,"DARKNESS, LIGHTED ROAD",PARKED MOTOR VEHICLE,PARKING LOT,,STRAIGHT AND LEVEL,DRY,NO DEFECTS,NOT ON SCENE (DESK REPORT),NO INJURY / DRIVE AWAY,,,Y,"$501 - $1,500",3/10/2022 9:15,UNABLE TO DETERMINE,UNABLE TO DETERMINE,2101,E,71ST ST,333,,,,,,,2,NO INDICATION OF INJURY,0,0,0,0,0,1,0,20,3,3,41.76599,-87.57378734,POINT (-87.573787336654 41.765990001141)
03166e50c5fc26361fea57469eb165fcc49d0719ddc26fd47176832416239a8ddaa6eee788860b059c844c93297f0e605587efb4245cb73f0b86c49dab425e71,JD132626,,1/29/2020 11:21,30,TRAFFIC SIGNAL,FUNCTIONING PROPERLY,CLEAR,DAYLIGHT,ANGLE,FOUR WAY,,STRAIGHT AND LEVEL,DRY,NO DEFECTS,,INJURY AND / OR TOW DUE TO CRASH,Y,,,"OVER $1,500",1/29/2020 11:21,DISREGARDING TRAFFIC SIGNALS,UNABLE TO DETERMINE,1600,W,CONGRESS PKWY,1231,,,,,,,2,NO INDICATION OF INJURY,0,0,0,0,0,4,0,11,4,1,41.8752842,-87.6667549,POINT (-87.666754901693 41.875284201202)
032c01ca4e105183baebb81dce60d2c8230325c5eeb1d5b8d41eb23e73508a98433b835b3069c71c3223932103a42b2caf0cb169b6d013bdae2e28a1656f49e8,JC406224,,8/25/2019 2:55,30,TRAFFIC SIGNAL,FUNCTIONING PROPERLY,CLEAR,"DARKNESS, LIGHTED ROAD",PEDESTRIAN,NOT DIVIDED,,STRAIGHT AND LEVEL,DRY,NO DEFECTS,,INJURY AND / OR TOW DUE TO CRASH,,,Y,"OVER $1,500",8/25/2019 3:06,FAILING TO YIELD RIGHT-OF-WAY,UNABLE TO DETERMINE,2015,W,ARMITAGE AVE,1434,,,,,,,2,NONINCAPACITATING INJURY,1,0,0,1,0,1,0,2,1,8,41.91763486,-87.67826094,POINT (-87.678260936848 41.917634854852)
0324396afa5e2049f646862d591182550b02650d1bf2e82217ee276d9243e868e9c10aeebc6f11d13bd35f8abf02a66f3c3fa904f7f87b0ab91ccc5f81c463de,JF168640,,3/9/2022 18:28,30,NO CONTROLS,NO CONTROLS,CLEAR,"DARKNESS, LIGHTED ROAD",PARKED MOTOR VEHICLE,NOT DIVIDED,,STRAIGHT AND LEVEL,DRY,NO DEFECTS,NOT ON SCENE (DESK REPORT),NO INJURY / DRIVE AWAY,,,,"$501 - $1,500",3/9/2022 19:10,FAILING TO YIELD RIGHT-OF-WAY,UNABLE TO DETERMINE,113,E,51ST ST,231,,,,,,,2,NO INDICATION OF INJURY,0,0,0,0,0,2,0,18,4,3,41.80190047,-87.62201756,POINT (-87.622017555195 41.801900473841)
127190a5af8d80beccc1c6cf08653cefeb380e02bc0441c6b58ec1a0652f82c881054e19dff79857bc31ed7efd9b967a3f4ac1b48e1f3828e7b6cc779e115301,JF167896,,3/9/2022 5:24,30,NO CONTROLS,OTHER,CLEAR,"DARKNESS, LIGHTED ROAD",HEAD ON,DIVIDED - W/MEDIAN BARRIER,,STRAIGHT AND LEVEL,DRY,NO DEFECTS,ON SCENE,INJURY AND / OR TOW DUE TO CRASH,N,,,"OVER $1,500",3/9/2022 5:26,EQUIPMENT - VEHICLE CONDITION,NOT APPLICABLE,2856,N,CICERO AVE,2521,,,,,,,2,NONINCAPACITATING INJURY,1,0,0,1,0,2,0,5,4,3,41.93324787,-87.74681002,POINT (-87.746810019508 41.933247872744)
100edc9e48026b09aeebad213685d3f772d610cc2b874027a4bd00d501354e4070b4f2f8ec22c71ef42a38453674b5ab3ce609ee114e28574855e6443804e06b,JF169684,,3/10/2022 16:03,30,NO CONTROLS,NO CONTROLS,CLOUDY/OVERCAST,DAYLIGHT,ANGLE,FOUR WAY,,STRAIGHT AND LEVEL,DRY,NO DEFECTS,ON SCENE,INJURY AND / OR TOW DUE TO CRASH,Y,,Y,"OVER $1,500",3/10/2022 16:07,FAILING TO YIELD RIGHT-OF-WAY,NOT APPLICABLE,7329,S,LOOMIS BLVD,734,,,,,,,2,NONINCAPACITATING INJURY,1,0,0,1,0,3,0,16,5,3,41.76048201,-87.65870308,POINT (-87.65870308398 41.760482012168)
3fecd8d2decb45f48edebf147b6f27fa5a81d51b02b4e62e6dffa055aaefc4dd3a11b3c9748e14a57ee13811fcaf8241ee080ea522bf2ba262d2df33b443f06e,JF170186,,3/10/2022 15:40,30,NO CONTROLS,NO CONTROLS,CLEAR,DAYLIGHT,REAR END,NOT DIVIDED,,STRAIGHT AND LEVEL,DRY,NO DEFECTS,NOT ON SCENE (DESK REPORT),NO INJURY / DRIVE AWAY,,,,"$501 - $1,500",3/11/2022 9:49,UNABLE TO DETERMINE,NOT APPLICABLE,5200,N,NORTHWEST HWY,1623,,,,,,,2,NO INDICATION OF INJURY,0,0,0,0,0,2,0,15,5,3,41.97515372,-87.76862036,POINT (-87.76862036015 41.975153718867)
033221e3445a0761071987b90c3ee93cbecb44653e710b01d46622167cd4a92d3325751a093d2d5af0023c99ad0afa495e21e5930a2e031a0931623f0a3edbc7,JD466021,,12/22/2020 8:00,20,NO CONTROLS,NO CONTROLS,CLEAR,DAYLIGHT,PARKED MOTOR VEHICLE,ONE-WAY,,STRAIGHT AND LEVEL,DRY,NO DEFECTS,,INJURY AND / OR TOW DUE TO CRASH,,,Y,"$501 - $1,500",12/22/2020 8:10,UNABLE TO DETERMINE,NOT APPLICABLE,4515,N,ALBANY AVE,1724,,,,,,,3,NO INDICATION OF INJURY,0,0,0,0,0,1,0,8,3,12,41.96351114,-87.70572633,POINT (-87.705726326697 41.963511142371)
0366fd069f44dd57b5db8cd1e93d18e5e7ad022a27a546c6545e2366ec2542646575b76cabbb455f6289341809a700dd75770e59cb9cd53c448b7e2e7d19ab3e,JE462150,,12/1/2021 8:56,35,NO CONTROLS,NO CONTROLS,CLEAR,DAYLIGHT,TURNING,TRAFFIC ROUTE,,STRAIGHT AND LEVEL,DRY,NO DEFECTS,,INJURY AND / OR TOW DUE TO CRASH,Y,,,"OVER $1,500",12/1/2021 8:56,UNABLE TO DETERMINE,UNABLE TO DETERMINE,7200,S,STONY ISLAND AVE,324,,,,,,,2,NONINCAPACITATING INJURY,1,0,0,1,0,2,0,8,4,12,41.7641858,-87.58642639,POINT (-87.586426389081 41.764185795037)
3f6a79f3b61da76a5480caf778f7af004a722dafca5637b443372a37261a10e8f614bcdaf91adeb76fa612cb543607b90c0448c98236698951184866ecbbf1f4,JD468673,,12/24/2020 15:30,10,NO CONTROLS,NO CONTROLS,CLEAR,DAYLIGHT,PEDESTRIAN,PARKING LOT,,STRAIGHT AND LEVEL,DRY,NO DEFECTS,,INJURY AND / OR TOW DUE TO CRASH,,,Y,"OVER $1,500",12/24/2020 16:10,UNABLE TO DETERMINE,NOT APPLICABLE,3934,W,DIVERSEY AVE,2523,,,,,,,2,NONINCAPACITATING INJURY,1,0,0,1,0,1,0,15,5,12,41.93191327,-87.72598057,POINT (-87.725980567289 41.931913273072)
9de8321e0fe82cc091f84fbe2c4039d7bcca5c589a1ad04e7ac9dc37261bff52e3342e3871e953f22f7f3b4c9569b4e1772fe62f2b3b244a09a4dd6e94bfda02,JF168029,,3/9/2022 7:05,30,NO CONTROLS,NO CONTROLS,CLEAR,DAYLIGHT,PARKED MOTOR VEHICLE,NOT DIVIDED,,STRAIGHT AND LEVEL,UNKNOWN,UNKNOWN,NOT ON SCENE (DESK REPORT),NO INJURY / DRIVE AWAY,,,Y,"OVER $1,500",3/9/2022 9:56,UNABLE TO DETERMINE,NOT APPLICABLE,9915,S,CHARLES ST,2213,,,,,,,2,NO INDICATION OF INJURY,0,0,0,0,0,2,0,7,4,3,41.7135166,-87.66125132,POINT (-87.661251318819 41.713516595865)
fdc7ecb95f490d89a4fcdc18117e5d013d2e8f21a941a206470db189833e6498792c842e0fdb6423b66e1e5309761b64c72c407ddd3687aa9b2daf7d9a535d2e,JF169091,,3/9/2022 12:00,30,TRAFFIC SIGNAL,UNKNOWN,CLEAR,DAYLIGHT,TURNING,NOT DIVIDED,,STRAIGHT AND LEVEL,UNKNOWN,UNKNOWN,NOT ON SCENE (DESK REPORT),NO INJURY / DRIVE AWAY,Y,,,"OVER $1,500",3/10/2022 10:08,UNABLE TO DETERMINE,UNABLE TO DETERMINE,3799,S,KEDZIE AVE,911,,,,,,,2,NO INDICATION OF INJURY,0,0,0,0,0,2,0,12,4,3,41.82445178,-87.7043028,POINT (-87.704302797051 41.824451777357)
262e3aecc219c37686a72d00b3edd56fe2c3cfbb21a868a35249181e86871d3e8e09f5f069b9554bb6b671d0a4ee1121a544dcfc99684166e13125970e0bd1e1,JF169718,,3/10/2022 18:40,30,TRAFFIC SIGNAL,UNKNOWN,UNKNOWN,DARKNESS,REAR END,NOT DIVIDED,,STRAIGHT AND LEVEL,UNKNOWN,UNKNOWN,NOT ON SCENE (DESK REPORT),NO INJURY / DRIVE AWAY,,,,"OVER $1,500",3/10/2022 18:50,UNABLE TO DETERMINE,UNABLE TO DETERMINE,4800,W,FOSTER AVE,1621,,,,,,,2,NO INDICATION OF INJURY,0,0,0,0,0,2,0,18,5,3,41.97544976,-87.74805929,POINT (-87.748059286079 41.97544976223)
31afc58025f2181a324ae1cb834695dde59aef5a7a35c020f9e139c0c56f9fdab6e6f60b2c9a613ef8dc5d25fb02e7a53f09d54dafa0798e35cd66ef597d5dcd,JF169401,,3/10/2022 13:46,10,NO CONTROLS,UNKNOWN,CLEAR,DAYLIGHT,PARKED MOTOR VEHICLE,PARKING LOT,,STRAIGHT AND LEVEL,OTHER,UNKNOWN,NOT ON SCENE (DESK REPORT),NO INJURY / DRIVE AWAY,,Y,,$500 OR LESS,3/10/2022 14:25,UNABLE TO DETERMINE,UNABLE TO DETERMINE,303,W,DIVISION ST,1823,,,,,,,2,NO INDICATION OF INJURY,0,0,0,0,0,1,0,13,5,3,41.90371812,-87.63620862,POINT (-87.636208619109 41.90371812032)
2332e7048e2816821eee0150906dd3805124a5cb9d53f9e241a91e26271f4b91b6234796abc91052259be7d5724646f450ab0a163eb83c113fe1ced2349672bc,JF165132,,3/6/2022 12:15,30,TRAFFIC SIGNAL,UNKNOWN,CLEAR,DAYLIGHT,ANGLE,NOT DIVIDED,,STRAIGHT AND LEVEL,UNKNOWN,UNKNOWN,NOT ON SCENE (DESK REPORT),NO INJURY / DRIVE AWAY,Y,,,"OVER $1,500",3/6/2022 12:55,UNABLE TO DETERMINE,UNABLE TO DETERMINE,3400,N,AUSTIN AVE,1633,,,,,,,2,NO INDICATION OF INJURY,0,0,0,0,0,2,0,12,1,3,41.94215439,-87.77650575,POINT (-87.776505753197 41.942154386263)
5b0743640af1cdfdfae1d435058d86114bc067132bd3ec9a8f43f3f4329d8c6ff4a2aaa9782361372858b06f8fa716bd65fe41eda207e0ac02eec80562ae174c,JF168058,,3/9/2022 9:40,30,NO CONTROLS,NO CONTROLS,CLEAR,DAYLIGHT,ANGLE,DRIVEWAY,,STRAIGHT AND LEVEL,DRY,NO DEFECTS,NOT ON SCENE (DESK REPORT),NO INJURY / DRIVE AWAY,,,,"$501 - $1,500",3/9/2022 10:15,IMPROPER BACKING,UNABLE TO DETERMINE,1220,S,WOOD ST,1233,,,,,,,2,NO INDICATION OF INJURY,0,0,0,0,0,2,0,9,4,3,41.86595908,-87.67147019,POINT (-87.6714701939 41.865959077934)