CRASH_RECORD_ID,RD_NO,CRASH_DATE_EST_I,CRASH_DATE,POSTED_SPEED_LIMIT,TRAFFIC_CONTROL_DEVICE,DEVICE_CONDITION,WEATHER_CONDITION,LIGHTING_CONDITION,FIRST_CRASH_TYPE,TRAFFICWAY_TYPE,LANE_CNT,ALIGNMENT,ROADWAY_SURFACE_COND,ROAD_DEFECT,REPORT_TYPE,CRASH_TYPE,INTERSECTION_RELATED_I,NOT_RIGHT_OF_WAY_I,HIT_AND_RUN_I,DAMAGE,DATE_POLICE_NOTIFIED,PRIM_CONTRIBUTORY_CAUSE,SEC_CONTRIBUTORY_CAUSE,STREET_NO,STREET_DIRECTION,STREET_NAME,BEAT_OF_OCCURRENCE,PHOTOS_TAKEN_I,STATEMENTS_TAKEN_I,DOORING_I,WORK_ZONE_I,WORK_ZONE_TYPE,WORKERS_PRESENT_I,NUM_UNITS,MOST_SEVERE_INJURY,INJURIES_TOTAL,INJURIES_FATAL,INJURIES_INCAPACITATING,INJURIES_NON_INCAPACITATING,INJURIES_REPORTED_NOT_EVIDENT,INJURIES_NO_INDICATION,INJURIES_UNKNOWN,CRASH_HOUR,CRASH_DAY_OF_WEEK,CRASH_MONTH,LATITUDE,LONGITUDE,LOCATION
1b7ad1d42a62b99cabf5cd1911a7ea239291edb9e910efc5e95a657ad6b32b25fdd374578408c7b1ab8dc6f87b035df245c076e03ac5cdb0ea05862f26f9b5df,JF169559,,3/10/2022 16:13,30,UNKNOWN,UNKNOWN,CLEAR,DAYLIGHT,REAR END,NOT DIVIDED,,STRAIGHT AND LEVEL,DRY,UNKNOWN,ON SCENE,NO INJURY / DRIVE AWAY,,,,"OVER $1,500",3/10/2022 16:25,UNABLE TO DETERMINE,NOT APPLICABLE,8240,S,PULASKI RD,834,,,,,,,2,NO INDICATION OF INJURY,0,0,0,0,0,2,0,16,5,3,41.74279281,-87.72184444,POINT (-87.721844437609 41.742792807719)
a44bf257147de0b59a0fa471159a74381340a3e0352bc0b45050b6fffbbca2848a6f8dcf91e302908d3a971ee3df87f5c0ce1e53dc0743d08fc12e931ab584ac,JF163600,,3/4/2022 20:10,40,NO CONTROLS,NO CONTROLS,CLEAR,"DARKNESS, LIGHTED ROAD",OTHER NONCOLLISION,DIVIDED - W/MEDIAN BARRIER,,STRAIGHT ON GRADE,DRY,OTHER,ON SCENE,NO INJURY / DRIVE AWAY,,,,$500 OR LESS,3/4/2022 20:14,UNABLE TO DETERMINE,UNABLE TO DETERMINE,1523,N,LAKE SHORE DR SB,1824,,,,,,,1,NO INDICATION OF INJURY,0,0,0,0,0,1,0,20,6,3,41.9102339,-87.6255716,POINT (-87.625571595724 41.910233895954)
8f6554a21f52ae315e696ac991a18200b7c044a7e90cd244ca0902c368bf0ab1e2a575c42161ab89dd3db47286b65fa32635542232509056baec54eddf627c3b,JF169622,Y,3/8/2022 18:00,30,NO CONTROLS,NO CONTROLS,UNKNOWN,UNKNOWN,PARKED MOTOR VEHICLE,NOT DIVIDED,,STRAIGHT AND LEVEL,UNKNOWN,NO DEFECTS,ON SCENE,NO INJURY / DRIVE AWAY,,,,"OVER $1,500",3/10/2022 17:15,UNABLE TO DETERMINE,UNABLE TO DETERMINE,725,N,STATE ST,1834,,,,,,,2,NO INDICATION OF INJURY,0,0,0,0,0,1,0,18,3,3,41.89564106,-87.62802656,POINT (-87.628026564148 41.895641064499)
476046f651ef0b94fe1532622259de246bb02aa8c1c79bb34a856367efe8e6473d5982aaea667202e71cf5731350ac8dfc2d9c67c8e4932c67e9f12af8eecd60,JF169407,,3/10/2022 12:57,25,NO CONTROLS,NO CONTROLS,CLEAR,DAYLIGHT,TURNING,NOT DIVIDED,,STRAIGHT AND LEVEL,DRY,NO DEFECTS,NOT ON SCENE (DESK REPORT),NO INJURY / DRIVE AWAY,,,,"OVER $1,500",3/10/2022 14:00,FAILING TO YIELD RIGHT-OF-WAY,IMPROPER LANE USAGE,7383,N,ROGERS AVE,2424,,,,,,,2,NO INDICATION OF INJURY,0,0,0,0,0,2,0,12,5,3,42.01550898,-87.67609642,POINT (-87.676096422287 42.015508980015)
479da3e79ec6e8f0ae9cb8aa7d37166f9c29423ecd68e0c5ecc705defd1ce661d941cb2ecd58c445a34e9f352dc2b534185ddcbc256031c6a23977b16bec8b82,JF169936,,3/10/2022 23:55,45,NO CONTROLS,NO CONTROLS,SNOW,"DARKNESS, LIGHTED ROAD",REAR END,OTHER,,STRAIGHT AND LEVEL,SNOW OR SLUSH,NO DEFECTS,NOT ON SCENE (DESK REPORT),NO INJURY / DRIVE AWAY,,,,"OVER $1,500",3/10/2022 23:55,UNABLE TO DETERMINE,UNABLE TO DETERMINE,1030,N,LAKE SHORE DR,1824,,,,,,,2,NO INDICATION OF INJURY,0,0,0,0,0,2,0,23,5,3,41.90166777,-87.62441837,POINT (-87.624418366625 41.901667773476)
9694c6adcc0bb7d367336fd51f0ff36e4c683ab9b9654dbd6f6ebb428e3070d8c44759f38405bdaa4b693656bd22720f28a4729b392a655743040a644b733c06,JF169023,,3/10/2022 8:20,20,STOP SIGN/FLASHER,FUNCTIONING PROPERLY,CLEAR,DAYLIGHT,SIDESWIPE SAME DIRECTION,ONE-WAY,,STRAIGHT AND LEVEL,DRY,NO DEFECTS,ON SCENE,NO INJURY / DRIVE AWAY,,,,"OVER $1,500",3/10/2022 8:22,IMPROPER OVERTAKING/PASSING,UNABLE TO DETERMINE,6204,S,HAMLIN AVE,823,,,,,,,2,NO INDICATION OF INJURY,0,0,0,0,0,2,0,8,5,3,41.78037106,-87.71804631,POINT (-87.718046306059 41.780371058216)
eb9813eb8a511d63e308bdfa970b677d455014daa354b80487dfdff118529bc4f176254db87ab302c1486f14053401b10d264d74b00fc501962bd48aaffe46fa,JF169946,,3/11/2022 0:37,30,TRAFFIC SIGNAL,FUNCTIONING PROPERLY,SNOW,"DARKNESS, LIGHTED ROAD",ANGLE,CENTER TURN LANE,,STRAIGHT AND LEVEL,SNOW OR SLUSH,NO DEFECTS,ON SCENE,INJURY AND / OR TOW DUE TO CRASH,Y,,,"OVER $1,500",3/11/2022 0:39,DISREGARDING TRAFFIC SIGNALS,NOT APPLICABLE,149,N,STATE ST,111,,,,,,,2,"REPORTED, NOT EVIDENT",1,0,0,0,1,1,0,0,6,3,41.88446083,-87.62776308,POINT (-87.627763075207 41.884460831407)
046097f547bca4e71ae3f1ae183ef663c1b9893c19ec2f3254caaf8e7b0a0973b54a79361dc6135c35f1ea7a5ca96299cde879708a5344999f3523d070099bb6,JE478956,,12/16/2021 1:11,30,NO CONTROLS,NO CONTROLS,CLEAR,"DARKNESS, LIGHTED ROAD",SIDESWIPE OPPOSITE DIRECTION,NOT DIVIDED,,STRAIGHT AND LEVEL,DRY,NO DEFECTS,,INJURY AND / OR TOW DUE TO CRASH,,,,"OVER $1,500",12/16/2021 1:13,NOT APPLICABLE,NOT APPLICABLE,3941,W,JACKSON BLVD,1132,,,,,,,2,NO INDICATION OF INJURY,0,0,0,0,0,3,0,1,5,12,41.87698848,-87.7247398,POINT (-87.72473979702 41.876988484258)
cebeacb6414be4691aea7c0f1281b529a34f39c49f231bb44a181c6e078b0d297f5ec4a05276be3cfa2a62a155d66a2cab0497dfce326f8e8b7c84e9c5dc714b,JF168115,,3/9/2022 7:50,20,STOP SIGN/FLASHER,FUNCTIONING PROPERLY,CLEAR,DAYLIGHT,SIDESWIPE SAME DIRECTION,ONE-WAY,,STRAIGHT AND LEVEL,DRY,NO DEFECTS,NOT ON SCENE (DESK REPORT),NO INJURY / DRIVE AWAY,,,Y,"OVER $1,500",3/9/2022 11:00,IMPROPER LANE USAGE,UNABLE TO DETERMINE,5900,N,WINTHROP AVE,2022,,,,,,,2,NO INDICATION OF INJURY,0,0,0,0,0,2,0,7,4,3,41.98915734,-87.65833342,POINT (-87.658333421617 41.989157342388)
bbe37243a925e2872230b86ce4ab112a0c14e6cabe02374009f3ac35f159ed6d7718afcafb4da03d69dece574e3b08c8d308239a6c216a00b0241e3a3291ab6d,JF169595,,1/5/2022 10:00,30,NO CONTROLS,NO CONTROLS,CLEAR,DAYLIGHT,PARKED MOTOR VEHICLE,PARKING LOT,,STRAIGHT AND LEVEL,DRY,NO DEFECTS,NOT ON SCENE (DESK REPORT),NO INJURY / DRIVE AWAY,,,,"OVER $1,500",3/10/2022 16:55,DRIVING SKILLS/KNOWLEDGE/EXPERIENCE,NOT APPLICABLE,9500,S,STONY ISLAND AVE,511,,,,,,,2,NO INDICATION OF INJURY,0,0,0,0,0,2,0,10,4,1,41.72225727,-87.58527557,POINT (-87.585275565077 41.722257273006)
1f6504d92b0e2609adc2632bec35ed40bf789fb8e8b0b68a7c50f69b62ca615685b4b08c86f20a5f8e51aaac840a8b3deac2dfa310b15058f66ad3cf2f97ccc2,JF169431,,3/10/2022 14:15,30,TRAFFIC SIGNAL,FUNCTIONING PROPERLY,CLEAR,DAYLIGHT,ANGLE,FOUR WAY,,STRAIGHT AND LEVEL,DRY,UNKNOWN,ON SCENE,NO INJURY / DRIVE AWAY,Y,,,"OVER $1,500",3/10/2022 14:45,DISREGARDING TRAFFIC SIGNALS,NOT APPLICABLE,5500,S,KILPATRICK AVE,813,,,,,,,2,NO INDICATION OF INJURY,0,0,0,0,0,3,0,14,5,3,41.79295611,-87.74046174,POINT (-87.740461742821 41.792956107689)
38cd5057c78d14eb0cf7a9ab284f50b3bf4397399fabb5f4e75c1da5f01b2830f0877ef02f7363d02cf464be02ff9e6fb9d76d93ce9093435964eb17064ee2ca,JF164713,,3/6/2022 0:06,30,NO CONTROLS,NO CONTROLS,RAIN,"DARKNESS, LIGHTED ROAD",SIDESWIPE OPPOSITE DIRECTION,NOT DIVIDED,,STRAIGHT ON HILLCREST,WET,NO DEFECTS,ON SCENE,INJURY AND / OR TOW DUE TO CRASH,,,,"OVER $1,500",3/6/2022 0:09,UNABLE TO DETERMINE,UNABLE TO DETERMINE,2533,E,130TH ST,434,,,,,,,3,"REPORTED, NOT EVIDENT",2,0,0,0,2,1,0,0,1,3,41.65905653,-87.56206472,POINT (-87.562064719755 41.659056528958)
6abfa3ae7b8de76fe7be6af9861b6a5734e085d7ac6285fbc7adae23145cdffd018b3a5dc84bb126c4890772cd4576c99c8e181b3ebd7637f36454dfdb52bc0d,JF170005,,3/11/2022 4:27,45,NO CONTROLS,NO CONTROLS,SNOW,"DARKNESS, LIGHTED ROAD",FIXED OBJECT,DIVIDED - W/MEDIAN BARRIER,,STRAIGHT AND LEVEL,SNOW OR SLUSH,UNKNOWN,ON SCENE,INJURY AND / OR TOW DUE TO CRASH,,,,"OVER $1,500",3/11/2022 4:31,WEATHER,NOT APPLICABLE,5417,S,LAKE SHORE DR NB,234,,,,,,,1,NO INDICATION OF INJURY,0,0,0,0,0,1,0,4,6,3,41.79767786,-87.5801555,POINT (-87.580155495614 41.797677862716)
ecf4cd39e473d5b7d035c679b06bb2b889a8ba2b35150f73400fc5fc9dc61010dfeaa9ce8359cf9d8b0fa819ef4262304adec5f7cc8bcfd538a0f001fbef263b,JF168111,,3/9/2022 7:45,30,NO CONTROLS,NO CONTROLS,CLEAR,DAYLIGHT,PARKED MOTOR VEHICLE,OTHER,,STRAIGHT AND LEVEL,DRY,NO DEFECTS,ON SCENE,NO INJURY / DRIVE AWAY,,,,"OVER $1,500",3/9/2022 10:55,UNABLE TO DETERMINE,NOT APPLICABLE,120,N,ELIZABETH ST,1224,,,,,,,2,NO INDICATION OF INJURY,0,0,0,0,0,1,0,7,4,3,41.88352333,-87.65895869,POINT (-87.658958693727 41.883523328973)
3d6a32edae9bf8f64e2a108f0254fa0efa91526c79a01c4e7594ee9b00d54a809b75199a98ac7abd784787e2b6c0a2a66bdd65e71d8ba4cbeff132b762910611,JF169655,,3/10/2022 18:30,30,NO CONTROLS,NO CONTROLS,CLEAR,DAYLIGHT,PARKED MOTOR VEHICLE,DIVIDED - W/MEDIAN (NOT RAISED),,STRAIGHT AND LEVEL,DRY,NO DEFECTS,NOT ON SCENE (DESK REPORT),NO INJURY / DRIVE AWAY,,,,"$501 - $1,500",3/10/2022 18:30,IMPROPER BACKING,NOT APPLICABLE,7900,S,WESTERN AVE,835,,,,,,,2,NO INDICATION OF INJURY,0,0,0,0,0,1,0,18,5,3,41.75005493,-87.6829922,POINT (-87.682992202902 41.75005493365)
6a71b2149caf569922828b5b499cf3ef206e000b52530a545f7c73d3596acca3ad4f97d844b04736ebc557304c9af208bc9b870b16231467abd2c8d7a7908596,JF169184,,3/10/2022 10:58,30,NO CONTROLS,NO CONTROLS,CLEAR,DAYLIGHT,TURNING,NOT DIVIDED,,STRAIGHT AND LEVEL,DRY,NO DEFECTS,NOT ON SCENE (DESK REPORT),NO INJURY / DRIVE AWAY,,,,"OVER $1,500",3/10/2022 11:25,IMPROPER OVERTAKING/PASSING,NOT APPLICABLE,2951,S,FEDERAL ST,133,,,,,,,2,NO INDICATION OF INJURY,0,0,0,0,0,2,0,10,5,3,41.84076677,-87.62894985,POINT (-87.628949846234 41.840766766585)
8714db0e9e0583bcf731892ae79cf25dd0ecd3677df2d03451fb2936ca2b7fe35a2e2eaaa3e693c33bc2ef29df9b14b83e311a913158686bb39c4e311d287d42,JF169979,,3/11/2022 2:10,30,UNKNOWN,UNKNOWN,SNOW,DUSK,SIDESWIPE SAME DIRECTION,FOUR WAY,,STRAIGHT AND LEVEL,SNOW OR SLUSH,UNKNOWN,ON SCENE,NO INJURY / DRIVE AWAY,,,,$500 OR LESS,3/11/2022 2:20,UNABLE TO DETERMINE,NOT APPLICABLE,6281,S,DR MARTIN LUTHER KING JR DR,313,,,,,,,2,NO INDICATION OF INJURY,0,0,0,0,0,2,0,2,6,3,41.78033298,-87.61547807,POINT (-87.615478071493 41.780332983015)
22ef815109cd50a71df4b78e7ddc38516fde88c8a23bed594f773dcc59ea568e9e7123c434c999208be4b923b011ae7f1769e014231e2b57ab225a8d9d2f4c71,JF185167,,3/23/2022 14:48,15,NO CONTROLS,NO CONTROLS,RAIN,DAYLIGHT,SIDESWIPE SAME DIRECTION,NOT DIVIDED,,STRAIGHT AND LEVEL,WET,NO DEFECTS,NOT ON SCENE (DESK REPORT),NO INJURY / DRIVE AWAY,,,Y,"OVER $1,500",3/24/2022 15:30,IMPROPER OVERTAKING/PASSING,UNABLE TO DETERMINE,3526,W,POTOMAC AVE,1422,,,,,,,2,NO INDICATION OF INJURY,0,0,0,0,0,2,0,14,4,3,41.90468345,-87.71538658,POINT (-87.715386582308 41.904683453743)
236ff6a53b54b0055b25bd3271f3ef661f160b0c3b2e8d4e0469fa2ac9e7896ad1c1cc11beddebaf985c3341d3e220a3eab28b9ace9b78eca5394789f6df679c,JF168686,,3/9/2022 19:50,30,TRAFFIC SIGNAL,FUNCTIONING PROPERLY,CLEAR,"DARKNESS, LIGHTED ROAD",REAR END,NOT DIVIDED,,STRAIGHT AND LEVEL,DRY,NO DEFECTS,ON SCENE,INJURY AND / OR TOW DUE TO CRASH,,,,"OVER $1,500",3/9/2022 19:55,UNABLE TO DETERMINE,UNABLE TO DETERMINE,5510,N,BROADWAY,2013,,,,,,,2,NONINCAPACITATING INJURY,2,0,0,2,0,1,0,19,4,3,41.98216983,-87.660175,POINT (-87.660174996349 41.982169831035)
40dedea89e429eaef1d96b234417a34e810f73c895d76a1fcf3320265565c1bc61a7a3bf709baed354f5915ace70e1c9998909ce6b680991316b10e0a2455600,JF169061,,3/10/2022 7:50,25,STOP SIGN/FLASHER,FUNCTIONING PROPERLY,CLEAR,DAYLIGHT,SIDESWIPE SAME DIRECTION,"FIVE POINT, OR MORE",,STRAIGHT AND LEVEL,DRY,NO DEFECTS,NOT ON SCENE (DESK REPORT),NO INJURY / DRIVE AWAY,Y,,,"OVER $1,500",3/10/2022 7:50,FAILING TO YIELD RIGHT-OF-WAY,FAILING TO REDUCE SPEED TO AVOID CRASH,1557,E,76TH ST,411,,,,,,,2,NO INDICATION OF INJURY,0,0,0,0,0,2,0,7,5,3,41.7568337,-87.58619807,POINT (-87.586198073731 41.756833695478)
d5b0e93ca81d3196a53eba44a6f1a87dc1b548c98b59a9032d991dba15b0223960ea60b4da5930a54b11d34ce0867bdb4c82dfd7b0c0ee74a2e6697cc5377c46,JF169989,,3/11/2022 3:00,30,NO CONTROLS,NO CONTROLS,SNOW,"DARKNESS, LIGHTED ROAD",TURNING,NOT DIVIDED,,STRAIGHT AND LEVEL,WET,NO DEFECTS,ON SCENE,NO INJURY / DRIVE AWAY,,,Y,"OVER $1,500",3/11/2022 3:01,UNABLE TO DETERMINE,UNABLE TO DETERMINE,1535,S,WESTERN AVE,1233,,,,,,,2,NO INDICATION OF INJURY,0,0,0,0,0,2,0,3,6,3,41.86009945,-87.68570716,POINT (-87.685707160987 41.86009945229)
71468458000e765e47bf51c1c8204fcc0569f3835d60715dbe6acb9aac889cd374161cf13ec84833b5cb6ecc1fcba39aeeed32795288e54f9d87c7c62f296e35,JF168104,,3/9/2022 10:03,30,NO CONTROLS,NO CONTROLS,CLEAR,DAYLIGHT,REAR END,DIVIDED - W/MEDIAN (NOT RAISED),,STRAIGHT AND LEVEL,DRY,NO DEFECTS,NOT ON SCENE (DESK REPORT),NO INJURY / DRIVE AWAY,,,Y,"OVER $1,500",3/9/2022 11:15,FOLLOWING TOO CLOSELY,FAILING TO REDUCE SPEED TO AVOID CRASH,4442,N,MILWAUKEE AVE,1623,,,,,,,2,NO INDICATION OF INJURY,0,0,0,0,0,2,0,10,4,3,41.96168071,-87.75556296,POINT (-87.755562962363 41.961680706942)
908541f53ff388bb252f7771d3f717e868085478432fc60c6ad8014bc068b0160d252b0d060274ea27ad9fced01ae2425ea16560a125fadd7f400659c6e89793,JF169504,,3/9/2022 14:35,30,NO CONTROLS,NO CONTROLS,CLEAR,DAYLIGHT,SIDESWIPE SAME DIRECTION,NOT DIVIDED,,STRAIGHT AND LEVEL,DRY,NO DEFECTS,NOT ON SCENE (DESK REPORT),NO INJURY / DRIVE AWAY,,,Y,"OVER $1,500",3/10/2022 15:50,IMPROPER OVERTAKING/PASSING,UNABLE TO DETERMINE,4941,S,CALIFORNIA AVE,923,,,,,,,2,NO INDICATION OF INJURY,0,0,0,0,0,2,0,14,4,3,41.80335929,-87.69392335,POINT (-87.69392335263 41.80335928553)
23f1cdcabf79f81954e4d278a5be5a3e871b2d0080a5bc16e16efa0224bcba8a05ec1285e8312c066bae1073f1a184699dca3dbb4731a92f5cea86b4ee7aceec,JF183871,,3/23/2022 13:02,30,PEDESTRIAN CROSSING SIGN,FUNCTIONING PROPERLY,RAIN,DAYLIGHT,REAR END,NOT DIVIDED,,STRAIGHT AND LEVEL,WET,UNKNOWN,ON SCENE,NO INJURY / DRIVE AWAY,,,,"OVER $1,500",3/23/2022 13:56,FOLLOWING TOO CLOSELY,UNABLE TO DETERMINE,822,W,18TH ST,1235,,,,,,,2,NO INDICATION OF INJURY,0,0,0,0,0,2,0,13,4,3,41.85818524,-87.64757612,POINT (-87.647576122046 41.858185242081)
31d385a70a11d3401c4ec34bf771db9f6e5ad3b82c1e918e22722edb3d5c5a1f97f25f85701f12b12c6180c8f2919f26e73901964dca49f815dd02f70a3c6c5e,JF169416,,3/10/2022 13:00,30,NO CONTROLS,NO CONTROLS,CLEAR,DAYLIGHT,TURNING,DIVIDED - W/MEDIAN (NOT RAISED),,STRAIGHT AND LEVEL,DRY,NO DEFECTS,NOT ON SCENE (DESK REPORT),NO INJURY / DRIVE AWAY,,,,$500 OR LESS,3/10/2022 14:15,UNABLE TO DETERMINE,NOT APPLICABLE,2400,W,24TH ST,1034,,,,,,,2,NO INDICATION OF INJURY,0,0,0,0,0,4,0,13,5,3,41.84850773,-87.68565185,POINT (-87.685651849503 41.848507726792)
243d2f968a62e93910ca702aa63212d2eae12c36b2b174bc758921b028167e55d607ac34fd7c90b38ccdf1076047545dac1d516f856d40810821a1caded8b5c6,JF169669,,3/7/2022 19:30,30,TRAFFIC SIGNAL,FUNCTIONING PROPERLY,CLEAR,"DARKNESS, LIGHTED ROAD",REAR END,NOT DIVIDED,,STRAIGHT AND LEVEL,DRY,NO DEFECTS,NOT ON SCENE (DESK REPORT),NO INJURY / DRIVE AWAY,,,Y,"$501 - $1,500",3/10/2022 18:00,FOLLOWING TOO CLOSELY,UNABLE TO DETERMINE,4000,W,ADDISON ST,1732,,,,,,,2,NO INDICATION OF INJURY,0,0,0,0,0,2,0,19,2,3,41.94648178,-87.72749488,POINT (-87.727494880967 41.946481778729)
5cf16037cb12070cf8bea5d0af7752ca6cfc2d13c2ced0ffb11a97d4f01cf9f79acd9af5abad0bc89c8d4a03b63da3a3ba0a224b14bcb738679b9e0ecbb87728,JF169976,,3/11/2022 1:35,30,TRAFFIC SIGNAL,FUNCTIONING PROPERLY,SNOW,"DARKNESS, LIGHTED ROAD",FIXED OBJECT,CENTER TURN LANE,,STRAIGHT AND LEVEL,WET,NO DEFECTS,ON SCENE,NO INJURY / DRIVE AWAY,Y,,,"OVER $1,500",3/11/2022 1:43,WEATHER,UNABLE TO DETERMINE,2400,N,SHEFFIELD AVE,1932,,,,,,,1,NO INDICATION OF INJURY,0,0,0,0,0,1,0,1,6,3,41.92542239,-87.65376057,POINT (-87.65376056935 41.925422392375)
a59d294b69fe9976c5bed306c02225c7bbed06425142223ff0480a42497f1575fafd2a4a27c44bdae79da49675c0e17b70ac4080c2d8cb721d17f22e581c95a6,JE320312,,7/30/2021 19:50,35,TRAFFIC SIGNAL,FUNCTIONING PROPERLY,CLEAR,DARKNESS,PEDESTRIAN,NOT DIVIDED,,STRAIGHT AND LEVEL,DRY,NO DEFECTS,ON SCENE,NO INJURY / DRIVE AWAY,,,Y,"OVER $1,500",7/30/2021 20:15,NOT APPLICABLE,NOT APPLICABLE,5600,N,NAGLE AVE,1612,,,,,,,2,NO INDICATION OF INJURY,0,0,0,0,0,2,0,19,6,7,41.98300434,-87.78787997,POINT (-87.787879971407 41.983004344013)
ce80fd5799e636106981e3136eb3769d9914959bbb40372e36b0e6d0d878d2a57ac9f2029f825eb9dcc2d89e255ebfed8debb8e7fc8137acd9df9d36bf391aaa,JF169393,,3/9/2022 15:20,30,TRAFFIC SIGNAL,FUNCTIONING PROPERLY,CLEAR,DAYLIGHT,REAR END,NOT DIVIDED,,STRAIGHT AND LEVEL,DRY,NO DEFECTS,NOT ON SCENE (DESK REPORT),INJURY AND / OR TOW DUE TO CRASH,,,,"OVER $1,500",3/10/2022 14:40,UNABLE TO DETERMINE,UNABLE TO DETERMINE,1949,E,95TH ST,431,,,,,,,2,"REPORTED, NOT EVIDENT",1,0,0,0,1,1,0,15,4,3,41.72235302,-87.57586927,POINT (-87.575869269994 41.722353018571)
c5f68ca640b3b67ec86a620de77341bd5be55ddfb150d924ba8a48018d9fa8dddd30bdbdeec996ee46cee1e06eae9089459f72924cbec0a01e032bc01f8b3e53,JF158426,,2/27/2022 18:00,30,NO CONTROLS,NO CONTROLS,CLEAR,"DARKNESS, LIGHTED ROAD",PARKED MOTOR VEHICLE,NOT DIVIDED,,STRAIGHT AND LEVEL,DRY,NO DEFECTS,,NO INJURY / DRIVE AWAY,,,Y,"OVER $1,500",2/28/2022 9:40,UNABLE TO DETERMINE,NOT APPLICABLE,6210,N,MILWAUKEE AVE,1611,,,,,,,2,NO INDICATION OF INJURY,0,0,0,0,0,1,0,18,1,2,41.99400656,-87.78487614,POINT (-87.784876143366 41.994006560185)
2cb1791d0272f33dcec3885fe15a87a327147f9153c9a67e6c2e2f6bd2b72754f105c4ede31128fa5e3a983c23eac9a29991373f14710fb0f58255088aa11959,JF169530,,3/10/2022 15:05,30,UNKNOWN,UNKNOWN,UNKNOWN,UNKNOWN,SIDESWIPE SAME DIRECTION,NOT DIVIDED,,STRAIGHT AND LEVEL,UNKNOWN,UNKNOWN,NOT ON SCENE (DESK REPORT),NO INJURY / DRIVE AWAY,Y,,,"OVER $1,500",3/10/2022 16:00,UNABLE TO DETERMINE,UNABLE TO DETERMINE,3531,W,PETERSON AVE,1711,,,,,,,2,NO INDICATION OF INJURY,0,0,0,0,0,2,0,15,5,3,41.9901674,-87.71770107,POINT (-87.717701067398 41.990167394566)
85769dc45a17c7862c5585a16f29ba4ec512728aa6a345e97060f0f85a60b27702fd50d55159411700c216b00d774bc4c68bea91056d550118b93d9c6f881b0c,JF169967,,3/11/2022 1:20,30,NO CONTROLS,NO CONTROLS,SNOW,"DARKNESS, LIGHTED ROAD",REAR TO FRONT,NOT DIVIDED,,STRAIGHT AND LEVEL,WET,NO DEFECTS,ON SCENE,INJURY AND / OR TOW DUE TO CRASH,,,Y,"OVER $1,500",3/11/2022 1:29,NOT APPLICABLE,NOT APPLICABLE,6259,S,STATE ST,311,,,,,,,2,NO INDICATION OF INJURY,0,0,0,0,0,2,0,1,6,3,41.78025386,-87.62522429,POINT (-87.625224286343 41.780253860679)
f1b4a5dff5a9a8e6bf814cba4a84d03192df149f765ee7c3795df8e17b71f516ef09f3aa88ba95ac2b239136e4456238b3fb8b285f929bdf839a516e73d332fd,JD169948,,3/11/2022 0:55,30,NO CONTROLS,NO CONTROLS,SNOW,"DARKNESS, LIGHTED ROAD",FIXED OBJECT,DIVIDED - W/MEDIAN BARRIER,,STRAIGHT AND LEVEL,WET,NO DEFECTS,ON SCENE,INJURY AND / OR TOW DUE TO CRASH,,,,"OVER $1,500",3/11/2022 0:56,UNABLE TO DETERMINE,NOT APPLICABLE,8601,S,STONY ISLAND AVE,412,,,,,,,1,NO INDICATION OF INJURY,0,0,0,0,0,1,0,0,6,3,41.738691,-87.58510331,POINT (-87.585103307313 41.738691003801)
08427763624bd394d8b60c6b226dd0c8a83359ed37bbecac562ffd5046303a19988365f21dbbce603687172827a0f5e58d1efd95caa6a4e9d714a4d0ef8e124d,JC539261,,12/7/2019 22:00,30,NO CONTROLS,NO CONTROLS,UNKNOWN,UNKNOWN,PARKED MOTOR VEHICLE,ONE-WAY,,STRAIGHT AND LEVEL,UNKNOWN,NO DEFECTS,,INJURY AND / OR TOW DUE TO CRASH,,,Y,"OVER $1,500",12/8/2019 12:21,NOT APPLICABLE,NOT APPLICABLE,1930,W,POTOMAC AVE,1424,,,,,,,2,NO INDICATION OF INJURY,0,0,0,0,0,1,0,22,7,12,41.90513127,-87.67610021,POINT (-87.676100209014 41.905131271453)
27eb04f64d511f697915747010894b14a03aa056b9f511f7a2be64f83f48d6bd95c84e8f20d920119ad547e3a3308c4d69391012d0bc28849ca7f993d5a69118,JF167799,,3/8/2022 22:00,30,TRAFFIC SIGNAL,FUNCTIONING PROPERLY,CLEAR,"DARKNESS, LIGHTED ROAD",REAR END,DIVIDED - W/MEDIAN (NOT RAISED),,STRAIGHT AND LEVEL,DRY,NO DEFECTS,,INJURY AND / OR TOW DUE TO CRASH,Y,,Y,"OVER $1,500",3/8/2022 23:45,FOLLOWING TOO CLOSELY,UNABLE TO DETERMINE,8700,S,STONY ISLAND AVE,412,,,,,,,2,INCAPACITATING INJURY,2,0,2,0,0,2,0,22,3,3,41.73682263,-87.58578342,POINT (-87.585783420329 41.736822630157)