CRASH_RECORD_ID,RD_NO,CRASH_DATE_EST_I,CRASH_DATE,POSTED_SPEED_LIMIT,TRAFFIC_CONTROL_DEVICE,DEVICE_CONDITION,WEATHER_CONDITION,LIGHTING_CONDITION,FIRST_CRASH_TYPE,TRAFFICWAY_TYPE,LANE_CNT,ALIGNMENT,ROADWAY_SURFACE_COND,ROAD_DEFECT,REPORT_TYPE,CRASH_TYPE,INTERSECTION_RELATED_I,NOT_RIGHT_OF_WAY_I,HIT_AND_RUN_I,DAMAGE,DATE_POLICE_NOTIFIED,PRIM_CONTRIBUTORY_CAUSE,SEC_CONTRIBUTORY_CAUSE,STREET_NO,STREET_DIRECTION,STREET_NAME,BEAT_OF_OCCURRENCE,PHOTOS_TAKEN_I,STATEMENTS_TAKEN_I,DOORING_I,WORK_ZONE_I,WORK_ZONE_TYPE,WORKERS_PRESENT_I,NUM_UNITS,MOST_SEVERE_INJURY,INJURIES_TOTAL,INJURIES_FATAL,INJURIES_INCAPACITATING,INJURIES_NON_INCAPACITATING,INJURIES_REPORTED_NOT_EVIDENT,INJURIES_NO_INDICATION,INJURIES_UNKNOWN,CRASH_HOUR,CRASH_DAY_OF_WEEK,CRASH_MONTH,LATITUDE,LONGITUDE,LOCATION
1eccce0c6e569bfd1f095115fa48328094576fc838f8d84d3ade2d8278cf0577da1a28bededd2c85cef0fdad0144a4d0cef964fa249e055a01e5db7a6b98c53c,JF168279,,3/9/2022 13:45,30,STOP SIGN/FLASHER,FUNCTIONING PROPERLY,CLEAR,DAYLIGHT,ANGLE,NOT DIVIDED,,STRAIGHT AND LEVEL,DRY,NO DEFECTS,ON SCENE,INJURY AND / OR TOW DUE TO CRASH,Y,,,"OVER $1,500",3/9/2022 13:58,FAILING TO YIELD RIGHT-OF-WAY,FAILING TO YIELD RIGHT-OF-WAY,4708,N,CUMBERLAND AVE,1614,,,,,,,3,NONINCAPACITATING INJURY,3,0,0,2,1,1,0,13,4,3,41.96515429,-87.83683412,POINT (-87.836834120058 41.965154292567)
52f06ddf9db20fe253bf38b93d3d4a69d11e25cf394fad80bb72f3b4baf1c13e3b4a0d1f3da9a91e6a2969ec80d6527037e8a7ace700d3f6435ef69e95dd9a03,JF169591,,3/10/2022 16:00,30,NO CONTROLS,NO CONTROLS,CLEAR,DAYLIGHT,PARKED MOTOR VEHICLE,DIVIDED - W/MEDIAN (NOT RAISED),,STRAIGHT AND LEVEL,DRY,NO DEFECTS,NOT ON SCENE (DESK REPORT),INJURY AND / OR TOW DUE TO CRASH,,,Y,$500 OR LESS,3/10/2022 16:45,UNABLE TO DETERMINE,NOT APPLICABLE,1645,W,JACKSON BLVD,1231,,,,,,,2,"REPORTED, NOT EVIDENT",1,0,0,0,1,2,0,16,5,3,41.87748554,-87.66852104,POINT (-87.668521042337 41.877485534694)
6c7cd57134a2dd4a4e238467478e75c5bd6fbc1baebca038ff8be42a3cc425c44e1a6deecaaa57d682c757eee5ffe30bd455749909383e7009ebe426d9dc4793,JF169625,,3/10/2022 17:10,30,NO CONTROLS,NO CONTROLS,SNOW,DUSK,SIDESWIPE SAME DIRECTION,NOT DIVIDED,,STRAIGHT AND LEVEL,WET,NO DEFECTS,ON SCENE,INJURY AND / OR TOW DUE TO CRASH,,,,"OVER $1,500",3/10/2022 17:17,IMPROPER TURNING/NO SIGNAL,FAILING TO REDUCE SPEED TO AVOID CRASH,3329,S,ASHLAND AVE,912,,,,,,,2,"REPORTED, NOT EVIDENT",1,0,0,0,1,1,0,17,5,3,41.83330917,-87.665482,POINT (-87.665482002859 41.83330916877)
8059f4202fa6318894a3fd9f7672a16678885eddc99dd76b089e971412cbb8e7bf162d544e82e44aa4a5fa6bd539bdee2277554271b21dcd2d157b032998d1ca,JF169109,,3/10/2022 9:30,25,NO CONTROLS,NO CONTROLS,CLEAR,DAYLIGHT,PARKED MOTOR VEHICLE,ONE-WAY,,STRAIGHT AND LEVEL,DRY,UNKNOWN,ON SCENE,NO INJURY / DRIVE AWAY,,,,"$501 - $1,500",3/10/2022 9:32,UNABLE TO DETERMINE,UNABLE TO DETERMINE,3149,W,WAVELAND AVE,1733,,,,,,,2,NO INDICATION OF INJURY,0,0,0,0,0,1,0,9,5,3,41.94834855,-87.70741382,POINT (-87.707413817709 41.948348547479)
98d3ad41b2de3ad5cee2d963c3bfea55353c8578440316339c9ef3b9a724d67c9fd14558c4fe7a3ff57bb1454b783799edd86d72d977b0e1c1df112c7c7dab6d,JF168978,,3/10/2022 7:15,30,NO CONTROLS,NO CONTROLS,CLEAR,DAYLIGHT,SIDESWIPE SAME DIRECTION,NOT DIVIDED,,STRAIGHT AND LEVEL,DRY,NO DEFECTS,NOT ON SCENE (DESK REPORT),NO INJURY / DRIVE AWAY,N,,,"$501 - $1,500",3/10/2022 7:35,UNABLE TO DETERMINE,UNABLE TO DETERMINE,2702,W,FULTON ST,1222,,,,,,,2,NO INDICATION OF INJURY,0,0,0,0,0,2,0,7,5,3,41.88666916,-87.69411002,POINT (-87.694110015001 41.886669157044)
6454bb846a003f40be5a20838443f11a8345778366c421669709a801f687d469ead338ec0d7754bdf9e9a71ee2e71999c5fd2c022a79e0555ac1034cd7751547,JF169694,,3/10/2022 17:20,30,NO CONTROLS,NO CONTROLS,CLEAR,"DARKNESS, LIGHTED ROAD",REAR END,NOT DIVIDED,,STRAIGHT AND LEVEL,DRY,NO DEFECTS,NOT ON SCENE (DESK REPORT),NO INJURY / DRIVE AWAY,,,Y,"OVER $1,500",3/10/2022 18:30,FOLLOWING TOO CLOSELY,FOLLOWING TOO CLOSELY,8300,S,KEDZIE AVE,834,,,,,,,2,NO INDICATION OF INJURY,0,0,0,0,0,2,0,17,5,3,41.74247144,-87.70234438,POINT (-87.702344382642 41.742471437585)
736ecdd589802e6c5c0953ad19af9a7671febe9c4cc9e842d125056ed4099b63a1db3a7c8b290e5a3c462dd6c4759979fc993378547724148ff4180bd8cccd99,JF169011,,3/10/2022 7:40,30,NO CONTROLS,NO CONTROLS,CLEAR,DAYLIGHT,SIDESWIPE SAME DIRECTION,NOT DIVIDED,,STRAIGHT AND LEVEL,DRY,NO DEFECTS,NOT ON SCENE (DESK REPORT),NO INJURY / DRIVE AWAY,,,,"$501 - $1,500",3/10/2022 8:15,IMPROPER OVERTAKING/PASSING,NOT APPLICABLE,3131,W,LOGAN BLVD,1414,,,,,,,2,NO INDICATION OF INJURY,0,0,0,0,0,3,0,7,5,3,41.92786404,-87.70622519,POINT (-87.706225186624 41.927864037184)
bcba0eb05227779a192e5be7a3f7dde283d7371b7da7b469855e9add0849cd18262a9f682f8210a679e992fcd5481b768a803c8288a638966dca1ce9e827911a,JF169036,,3/10/2022 8:30,30,TRAFFIC SIGNAL,FUNCTIONING PROPERLY,CLEAR,DAYLIGHT,SIDESWIPE SAME DIRECTION,UNKNOWN,,STRAIGHT AND LEVEL,DRY,NO DEFECTS,ON SCENE,NO INJURY / DRIVE AWAY,,,Y,"$501 - $1,500",3/10/2022 8:33,IMPROPER OVERTAKING/PASSING,IMPROPER OVERTAKING/PASSING,601,S,CICERO AVE,1131,,,,,,,2,NO INDICATION OF INJURY,0,0,0,0,0,3,0,8,5,3,41.87310015,-87.74485023,POINT (-87.744850226374 41.873100153311)
d427d63f8af50e5aa1efdc38c18830908780286d97a173bc75c6df497a57c575c093c92585dca7b499e31e16cc6367f3f1ada0ed804487377e292e831643d2b2,JF169361,,3/10/2022 13:00,20,NO CONTROLS,NO CONTROLS,CLEAR,DAYLIGHT,PARKED MOTOR VEHICLE,ONE-WAY,,STRAIGHT AND LEVEL,DRY,NO DEFECTS,NOT ON SCENE (DESK REPORT),NO INJURY / DRIVE AWAY,,,,"OVER $1,500",3/10/2022 13:45,UNABLE TO DETERMINE,UNABLE TO DETERMINE,2405,N,LECLAIRE AVE,2521,,,,,,,2,NO INDICATION OF INJURY,0,0,0,0,0,1,0,13,5,3,41.92433322,-87.75354074,POINT (-87.753540734755 41.924333222315)
d9e26b33db83ba3fafb813ea2e483836b0383876afc621bddbaccd0d6ca2d9a1ad8552b9683ba225e04dbdb50f9bcfa4a2c09e1171ca896bf3fc550bce680ef7,JF169058,,3/10/2022 8:15,30,NO CONTROLS,NO CONTROLS,CLOUDY/OVERCAST,DAYLIGHT,PARKED MOTOR VEHICLE,NOT DIVIDED,,STRAIGHT AND LEVEL,DRY,NO DEFECTS,ON SCENE,NO INJURY / DRIVE AWAY,,,Y,"$501 - $1,500",3/10/2022 8:42,FAILING TO REDUCE SPEED TO AVOID CRASH,NOT APPLICABLE,9703,S,THROOP ST,2213,,,,,,,2,NO INDICATION OF INJURY,0,0,0,0,0,1,0,8,5,3,41.71797792,-87.65514679,POINT (-87.655146791939 41.717977915715)
25eee2e034beaac5ddf62aa7b6f52499d3697f9bd9de158135d5c528b11d35024cd7614db3f9771a0acceb3e9afd02ddb348d00d9249111d9737a9d3da87f0c4,JE341681,,8/18/2021 14:57,20,NO CONTROLS,NO CONTROLS,CLEAR,DAYLIGHT,REAR TO FRONT,ONE-WAY,,STRAIGHT AND LEVEL,DRY,NO DEFECTS,,NO INJURY / DRIVE AWAY,,,,"$501 - $1,500",8/18/2021 15:35,IMPROPER BACKING,NOT APPLICABLE,355,E,ERIE ST,1834,,,,,,,2,NO INDICATION OF INJURY,0,0,0,0,0,2,0,14,4,8,41.8941336,-87.61817915,POINT (-87.61817914958 41.894133600184)
25d31c9f9918c9084ecda70e63397257d26d908d680a99cd3e03590f9a417461e99aa1266267e170530b1f5a8b9681d1c60ba8d9fab201d7167a41a221f6cf47,JF168674,,3/9/2022 19:05,30,NO CONTROLS,NO CONTROLS,CLEAR,"DARKNESS, LIGHTED ROAD",SIDESWIPE SAME DIRECTION,ONE-WAY,,STRAIGHT AND LEVEL,DRY,NO DEFECTS,ON SCENE,NO INJURY / DRIVE AWAY,,,,"OVER $1,500",3/9/2022 20:00,IMPROPER OVERTAKING/PASSING,NOT APPLICABLE,63,W,GRAND AVE,1831,,,,,,,2,NO INDICATION OF INJURY,0,0,0,0,0,2,0,19,4,3,41.89152462,-87.63051883,POINT (-87.63051882543 41.89152462422)
4a41a4a8212e630a157aa14e724df8af7510ff4ae634d0f13047f985f1916da2da8fa43fe29928975571fb1b8ae6be918f48274ed50f66fb3b839b97faded4eb,JF168843,,3/9/2022 23:18,30,NO CONTROLS,NO CONTROLS,CLEAR,"DARKNESS, LIGHTED ROAD",PARKED MOTOR VEHICLE,DIVIDED - W/MEDIAN BARRIER,,STRAIGHT AND LEVEL,DRY,UNKNOWN,ON SCENE,INJURY AND / OR TOW DUE TO CRASH,,,,"OVER $1,500",3/9/2022 23:20,UNABLE TO DETERMINE,UNABLE TO DETERMINE,6303,N,CLARK ST,2433,,,,,,,3,NO INDICATION OF INJURY,0,0,0,0,0,1,0,23,4,3,41.99649432,-87.67008389,POINT (-87.670083885951 41.996494314901)
43c09e799aeb688528f2d8f0e83f1cb5cfecf7b0c9d9db758f47809452f411c269a3c9f7d94562a8d5b3f3d3ca2bbf51d9fc4dd5df225146b854949e1fe5515b,JF169066,,3/10/2022 8:45,30,UNKNOWN,UNKNOWN,CLEAR,DAYLIGHT,TURNING,FOUR WAY,,STRAIGHT AND LEVEL,DRY,UNKNOWN,ON SCENE,NO INJURY / DRIVE AWAY,,,,"$501 - $1,500",3/10/2022 9:15,FAILING TO YIELD RIGHT-OF-WAY,FAILING TO YIELD RIGHT-OF-WAY,3202,N,ELSTON AVE,1733,,,,,,,2,NO INDICATION OF INJURY,0,0,0,0,0,2,0,8,5,3,41.939396,-87.69854835,POINT (-87.698548345998 41.939395996426)
5bf80da18c882dc6bee643d6d4244f081fe91ccf6aa3f7c22bca64d5f74fe40bb86cc1d76c58cdb445b9603e23df9faf9862a6f21827dbd3999c4e2809c742c2,JF169404,,3/10/2022 14:05,30,TRAFFIC SIGNAL,FUNCTIONING PROPERLY,CLEAR,DAYLIGHT,REAR END,DIVIDED - W/MEDIAN (NOT RAISED),,STRAIGHT AND LEVEL,DRY,NO DEFECTS,NOT ON SCENE (DESK REPORT),NO INJURY / DRIVE AWAY,Y,,Y,"OVER $1,500",3/10/2022 14:15,UNABLE TO DETERMINE,UNABLE TO DETERMINE,5201,W,MADISON ST,1522,,,,,,,2,NO INDICATION OF INJURY,0,0,0,0,0,4,0,14,5,3,41.88026125,-87.75512498,POINT (-87.755124979873 41.880261254492)
8cfc3138b0f5e3fdfc1a93b876cd938e6fe74925194ea5e7331821c2836551c4dd3e6008f6232a915dc26bb63a0688d66e487d99f1a1f7ce2dd8dc0c1045b40a,JF168970,,3/10/2022 6:30,30,TRAFFIC SIGNAL,FUNCTIONING PROPERLY,CLEAR,DAYLIGHT,SIDESWIPE SAME DIRECTION,NOT DIVIDED,,STRAIGHT AND LEVEL,DRY,NO DEFECTS,NOT ON SCENE (DESK REPORT),NO INJURY / DRIVE AWAY,,,,"$501 - $1,500",3/10/2022 7:00,IMPROPER OVERTAKING/PASSING,UNABLE TO DETERMINE,3900,S,VINCENNES AVE,214,,,,,,,2,NO INDICATION OF INJURY,0,0,0,0,0,2,0,6,5,3,41.82384964,-87.61278314,POINT (-87.61278314307 41.823849643736)
a5d9f5345e07cd20a4aeae92c1d1efb35adc99efd689375b7c341f668c47f37b4f5c03ffa9e85ebcf4cd36c4b1c8d6d6ec4b23f63cec597733e26c395e64497d,JF169583,,3/10/2022 14:58,30,TRAFFIC SIGNAL,FUNCTIONING PROPERLY,CLEAR,DAYLIGHT,REAR END,T-INTERSECTION,,STRAIGHT AND LEVEL,DRY,NO DEFECTS,ON SCENE,INJURY AND / OR TOW DUE TO CRASH,Y,,,"$501 - $1,500",3/10/2022 15:45,UNABLE TO DETERMINE,NOT APPLICABLE,4448,W,CHICAGO AVE,1111,,,,,,,2,"REPORTED, NOT EVIDENT",1,0,0,0,1,2,0,14,5,3,41.89525941,-87.73791011,POINT (-87.73791011427 41.895259414028)
b1c0730c8d2ea058a2f525fa31bfab613914b076f9633f620d02aeed7d1db7895dd0962f85a44f89b3427bd445519ca3283b577fe832c8c1497351ce4601ae6e,JF169102,,3/10/2022 5:00,30,NO CONTROLS,NO CONTROLS,CLEAR,"DARKNESS, LIGHTED ROAD",SIDESWIPE SAME DIRECTION,DIVIDED - W/MEDIAN (NOT RAISED),,STRAIGHT AND LEVEL,UNKNOWN,UNKNOWN,NOT ON SCENE (DESK REPORT),INJURY AND / OR TOW DUE TO CRASH,,,Y,"OVER $1,500",3/10/2022 9:47,UNABLE TO DETERMINE,UNABLE TO DETERMINE,11301,S,TORRENCE AVE,434,,,,,,,2,NONINCAPACITATING INJURY,1,0,0,1,0,1,0,5,5,3,41.68998111,-87.55929299,POINT (-87.559292992932 41.6899811123)
215fdb558780c566509bdd49784ebdde0fac2b794395e7fb401f976a6c265ceb6700843d500193f1f6fffbc4c63b6758c624c603196364a5581f2cccbf26ca46,JF168225,,3/9/2022 13:00,30,NO CONTROLS,NO CONTROLS,CLEAR,DAYLIGHT,PARKED MOTOR VEHICLE,NOT DIVIDED,,STRAIGHT AND LEVEL,DRY,NO DEFECTS,ON SCENE,INJURY AND / OR TOW DUE TO CRASH,,,,"OVER $1,500",3/9/2022 13:00,UNABLE TO DETERMINE,UNABLE TO DETERMINE,5430,N,BROADWAY,2013,,,,,,,2,INCAPACITATING INJURY,1,0,1,0,0,0,0,13,4,3,41.98091054,-87.66014121,POINT (-87.660141213937 41.980910542929)
2d6cab355e4043d1b7dfc133dac572d8e940df800e513c3146480f1533c31d4338748f918c6eea085a7bf5eba651c312b2a365415a8b34efbe34cb9a34746941,JF169814,,3/10/2022 19:30,30,NO CONTROLS,NO CONTROLS,UNKNOWN,UNKNOWN,PARKED MOTOR VEHICLE,DIVIDED - W/MEDIAN (NOT RAISED),,STRAIGHT AND LEVEL,UNKNOWN,UNKNOWN,NOT ON SCENE (DESK REPORT),NO INJURY / DRIVE AWAY,,,Y,"OVER $1,500",3/10/2022 20:30,UNABLE TO DETERMINE,UNABLE TO DETERMINE,6324,W,DIVERSEY AVE,2511,,,,,,,2,NO INDICATION OF INJURY,0,0,0,0,0,1,0,19,5,3,41.93113106,-87.78425926,POINT (-87.784259259823 41.931131058079)
332dcd9ce649fb2d61643eeffa9956d3430b804371984da7cc45d08c0aa04cd29e426a8e5f96d5fe5dcfb0e85cf06f2254a163384650938ad7c0cda03bac7610,JF169654,,3/10/2022 17:27,30,TRAFFIC SIGNAL,FUNCTIONING PROPERLY,CLEAR,DAYLIGHT,REAR END,ONE-WAY,,STRAIGHT AND LEVEL,WET,NO DEFECTS,ON SCENE,NO INJURY / DRIVE AWAY,Y,,,$500 OR LESS,3/10/2022 17:29,UNABLE TO DETERMINE,NOT APPLICABLE,142,E,ONTARIO ST,1834,,,,,,,2,NO INDICATION OF INJURY,0,0,0,0,0,2,0,17,5,3,41.89345042,-87.62385391,POINT (-87.623853909642 41.893450416324)
3ddd99fb79d2c8c43266253f870aa10fbfa8f074edc3b6d10147f6769e6f7fc41485ed23103da6b0fe46a6916b1c0e93ca83a187714a1b9bb065124995ce049b,JF169169,,3/10/2022 10:55,30,NO CONTROLS,NO CONTROLS,CLEAR,DAYLIGHT,PARKED MOTOR VEHICLE,DIVIDED - W/MEDIAN (NOT RAISED),,STRAIGHT AND LEVEL,DRY,NO DEFECTS,ON SCENE,NO INJURY / DRIVE AWAY,,,Y,"OVER $1,500",3/10/2022 11:01,UNABLE TO DETERMINE,UNABLE TO DETERMINE,2324,W,DIVERSEY AVE,1432,,,,,,,2,NO INDICATION OF INJURY,0,0,0,0,0,1,0,10,5,3,41.93229462,-87.68648739,POINT (-87.686487390865 41.932294616717)
02d40dfe50df5904529ea28ad9595e5fdee23029c13298277cc948436ca9173a6eca9fc46f9f099bf101347e5b603f93aa11d8b4233549534b430305b3eddecd,JF162004,,3/3/2022 8:35,30,STOP SIGN/FLASHER,FUNCTIONING PROPERLY,CLEAR,DAYLIGHT,ANGLE,NOT DIVIDED,,STRAIGHT AND LEVEL,DRY,NO DEFECTS,NOT ON SCENE (DESK REPORT),NO INJURY / DRIVE AWAY,Y,,,"OVER $1,500",3/3/2022 13:45,UNABLE TO DETERMINE,UNABLE TO DETERMINE,4900,W,DIVISION ST,2533,,,,,,,2,NO INDICATION OF INJURY,0,0,0,0,0,2,0,8,5,3,41.90243492,-87.74854487,POINT (-87.748544871871 41.902434921793)
4dc76b8cb180c132278c9fc19752d9a27aaeb4cb0d3b5699e92efe0fb0bf2662c713a5ff025913f2f614f2367c6f7738e0f071f6fc2d880feaba7ef641abf382,JF169057,,3/10/2022 8:10,20,NO CONTROLS,NO CONTROLS,CLEAR,DAYLIGHT,PARKED MOTOR VEHICLE,ONE-WAY,,STRAIGHT AND LEVEL,DRY,NO DEFECTS,ON SCENE,NO INJURY / DRIVE AWAY,,,,"OVER $1,500",3/10/2022 8:37,NOT APPLICABLE,NOT APPLICABLE,740,N,WILLARD CT,1215,,,,,,,2,NO INDICATION OF INJURY,0,0,0,0,0,1,0,8,5,3,41.89555729,-87.65864097,POINT (-87.658640973002 41.895557288541)
dd245c22c5e086aaa5cb9a75874a1e525911f906c6676b0935b7751e3bcf9d25f1b880f59574216b621ec8eca634bb10bf25c660e3cade59b6c4d946c326c364,JF169487,Y,3/10/2022 7:00,25,NO CONTROLS,NO CONTROLS,CLEAR,UNKNOWN,PARKED MOTOR VEHICLE,ONE-WAY,,STRAIGHT AND LEVEL,DRY,NO DEFECTS,NOT ON SCENE (DESK REPORT),NO INJURY / DRIVE AWAY,,,Y,"OVER $1,500",3/10/2022 14:55,UNABLE TO DETERMINE,UNABLE TO DETERMINE,307,S,LAVERGNE AVE,1533,,,,,,,2,NO INDICATION OF INJURY,0,0,0,0,0,1,0,7,5,3,41.8764872,-87.74912456,POINT (-87.749124556395 41.876487198047)
1d869f50db4708525b251f7bafb501d125b90592d3d4f632c4852fb1dfb2bc9d3fa0346d032a6a0284aef1344a916eba0662eec0aaa31370b02f3d2466022ded,JF169014,,3/10/2022 7:50,30,TRAFFIC SIGNAL,FUNCTIONING PROPERLY,CLEAR,DAYLIGHT,PARKED MOTOR VEHICLE,ONE-WAY,,STRAIGHT AND LEVEL,DRY,NO DEFECTS,ON SCENE,NO INJURY / DRIVE AWAY,Y,,,"$501 - $1,500",3/10/2022 8:01,UNABLE TO DETERMINE,UNABLE TO DETERMINE,3354,W,HIRSCH ST,1422,,,,,,,2,NO INDICATION OF INJURY,0,0,0,0,0,1,0,7,5,3,41.9065318,-87.71152261,POINT (-87.711522607982 41.906531802584)
5e42ad365e94994fde7ce267a9cfeaf72b209bfa336ba1b572e29b669321d13dd6593102899274fd001c577444734e725bd9d3bb741d05e46da2fa03d2cac1d0,JF169956,,3/11/2022 0:40,30,NO CONTROLS,NO CONTROLS,SNOW,"DARKNESS, LIGHTED ROAD",HEAD ON,NOT DIVIDED,,STRAIGHT AND LEVEL,SNOW OR SLUSH,NO DEFECTS,ON SCENE,NO INJURY / DRIVE AWAY,N,,Y,"OVER $1,500",3/11/2022 0:44,IMPROPER LANE USAGE,NOT APPLICABLE,5848,S,LAWNDALE AVE,822,,,,,,,2,NO INDICATION OF INJURY,0,0,0,0,0,3,0,0,6,3,41.7864102,-87.71576565,POINT (-87.715765645624 41.786410195714)
e4e56634e737601a2ba90fc5be78133975e01de986d3053946ac32b45bbc5a140a305e22023ec373d0588d1fa56a2550eb6f54a0d2bec7a215372f20c1b3455d,JF169931,,3/11/2022 0:18,30,NO CONTROLS,NO CONTROLS,SNOW,"DARKNESS, LIGHTED ROAD",SIDESWIPE SAME DIRECTION,NOT DIVIDED,,STRAIGHT AND LEVEL,WET,NO DEFECTS,ON SCENE,NO INJURY / DRIVE AWAY,,,,"OVER $1,500",3/11/2022 0:18,UNABLE TO DETERMINE,UNABLE TO DETERMINE,2338,W,DEVON AVE,2412,,,,,,,2,NO INDICATION OF INJURY,0,0,0,0,0,4,0,0,6,3,41.99785494,-87.68898036,POINT (-87.688980359267 41.99785494008)
29c49ee3ee11173334d94c2e25aefea02ee606c60fe8dc153268f1e06530ee5911af1f3219d5246704c46dc79d21369ca59a8bdc5ea7e13dbd8a690a5a47c70d,JE229868,,5/13/2021 18:20,30,NO CONTROLS,NO CONTROLS,CLEAR,DAYLIGHT,TURNING,PARKING LOT,,STRAIGHT AND LEVEL,DRY,NO DEFECTS,,NO INJURY / DRIVE AWAY,,,,$500 OR LESS,5/14/2021 13:20,PHYSICAL CONDITION OF DRIVER,NOT APPLICABLE,1220,S,ASHLAND AVE,1233,,,,,,,2,NO INDICATION OF INJURY,0,0,0,0,0,2,0,18,5,5,41.86625418,-87.66652414,POINT (-87.666524140131 41.866254176143)
7b04ee52b535188e3a7bd58559b51c81628c736c467c529aed4c2005492dfb569ece3a9b0d47090d62ec25f8026ed57430f815e1beb1ea205c209f02978f7c28,JF168387,,3/9/2022 15:27,30,NO CONTROLS,NO CONTROLS,CLEAR,DAYLIGHT,FIXED OBJECT,DIVIDED - W/MEDIAN BARRIER,,STRAIGHT AND LEVEL,DRY,NO DEFECTS,ON SCENE,INJURY AND / OR TOW DUE TO CRASH,Y,,,"OVER $1,500",3/9/2022 15:28,IMPROPER TURNING/NO SIGNAL,NOT APPLICABLE,631,N,WESTERN AVE,1221,,,,,,,1,NO INDICATION OF INJURY,0,0,0,0,0,1,0,15,4,3,41.8929765,-87.68661527,POINT (-87.686615267049 41.89297649954)
f4852428bc1037e9643e7e496d8a966fe53c3475efb94ee8de227d81984b7b7af82f6f621dd4078db2cb487b47179e90995d460e70dd1eeb3799d26867bfb2eb,JF168478,,3/9/2022 16:50,30,TRAFFIC SIGNAL,FUNCTIONING PROPERLY,CLEAR,DAYLIGHT,PEDESTRIAN,FOUR WAY,,STRAIGHT AND LEVEL,DRY,NO DEFECTS,ON SCENE,INJURY AND / OR TOW DUE TO CRASH,Y,,,$500 OR LESS,3/9/2022 16:54,FAILING TO YIELD RIGHT-OF-WAY,NOT APPLICABLE,800,S,DAMEN AVE,1225,,,,,,,2,NONINCAPACITATING INJURY,1,0,0,1,0,2,0,16,4,3,41.87141156,-87.67652878,POINT (-87.676528776401 41.871411554798)
29cacaf4cf52db0068a1fe853c2de498de20cdd04212a4034051e0fa7bbf10fa16f3b54ae8f8f86515b72a3b91661d60a8c2cf418e00e7d0a7ab967f779d6db5,JF169030,,3/10/2022 8:15,30,TRAFFIC SIGNAL,FUNCTIONING PROPERLY,CLEAR,DAYLIGHT,REAR END,CENTER TURN LANE,,STRAIGHT AND LEVEL,DRY,UNKNOWN,NOT ON SCENE (DESK REPORT),INJURY AND / OR TOW DUE TO CRASH,,,,"OVER $1,500",3/10/2022 8:15,UNABLE TO DETERMINE,NOT APPLICABLE,5601,W,NORTH AVE,2531,,,,,,,2,NO INDICATION OF INJURY,0,0,0,0,0,2,0,8,5,3,41.90926844,-87.76577287,POINT (-87.765772868538 41.909268442926)
0ec6611ffd8d28a6738860a3ac6d5d8b612d81439ab776e608c5a515778cb86aeb2d1ab5c19c5170a0883d5482ff18c87beed845666c9a90099c52652930777f,JF177132,,3/17/2022 13:05,15,NO CONTROLS,NO CONTROLS,UNKNOWN,UNKNOWN,REAR TO SIDE,PARKING LOT,,STRAIGHT AND LEVEL,UNKNOWN,UNKNOWN,NOT ON SCENE (DESK REPORT),NO INJURY / DRIVE AWAY,,,,"OVER $1,500",3/17/2022 14:00,UNABLE TO DETERMINE,UNABLE TO DETERMINE,2700,S,KEDZIE AVE,1032,,,,,,,2,NO INDICATION OF INJURY,0,0,0,0,0,2,0,13,5,3,41.84260253,-87.70512781,POINT (-87.705127810739 41.842602526365)
9188e836b795ada62592a0cb2a543c3cffa7e17195dadd1eb7eb5e7b60c0004d855a925fb75770740fb141ae3ce10df059eaf908017644d188dd35c8c0204349,JF169076,Y,3/10/2022 9:26,30,TRAFFIC SIGNAL,UNKNOWN,CLEAR,DAYLIGHT,ANGLE,NOT DIVIDED,,STRAIGHT AND LEVEL,DRY,UNKNOWN,ON SCENE,NO INJURY / DRIVE AWAY,,,,"OVER $1,500",3/10/2022 9:26,FAILING TO YIELD RIGHT-OF-WAY,FAILING TO YIELD RIGHT-OF-WAY,3401,W,ROOSEVELT RD,1021,,,,,,,2,NO INDICATION OF INJURY,0,0,0,0,0,2,0,9,5,3,41.86623777,-87.71066213,POINT (-87.710662128796 41.866237768795)
b25d8ce844edcfd6255575ef55dc19155909a9e9c1e03078abb02a905c0bacf1671dc27e553a10d1bb61a1c7c570e927574a3255db97e6949580c10d00a4ddf3,JF169273,,3/10/2022 12:15,30,NO CONTROLS,NO CONTROLS,CLEAR,DAYLIGHT,SIDESWIPE SAME DIRECTION,NOT DIVIDED,,STRAIGHT AND LEVEL,DRY,NO DEFECTS,ON SCENE,NO INJURY / DRIVE AWAY,,,Y,"OVER $1,500",3/10/2022 12:25,FAILING TO YIELD RIGHT-OF-WAY,NOT APPLICABLE,3445,W,LAWRENCE AVE,1723,,,,,,,2,NO INDICATION OF INJURY,0,0,0,0,0,2,0,12,5,3,41.96827221,-87.71519597,POINT (-87.715195966903 41.968272208158)
3715bbdd4da0fbebac0bc03497e8ac2dd1d530f7bd2eac8347faeef1c44cbeb96d8fb9a061314227fd29a59716f1b22bdf3810e770fdb5be9cd18ce90cea93e2,JF169952,,3/11/2022 1:00,30,NO CONTROLS,NO CONTROLS,SNOW,DARKNESS,PARKED MOTOR VEHICLE,NOT DIVIDED,,STRAIGHT AND LEVEL,WET,NO DEFECTS,ON SCENE,INJURY AND / OR TOW DUE TO CRASH,,,,"OVER $1,500",3/11/2022 1:01,NOT APPLICABLE,NOT APPLICABLE,341,E,63RD ST,312,,,,,,,2,NO INDICATION OF INJURY,0,0,0,0,0,1,0,1,6,3,41.78010042,-87.61721915,POINT (-87.617219149531 41.780100419041)