CRASH_RECORD_ID,RD_NO,CRASH_DATE_EST_I,CRASH_DATE,POSTED_SPEED_LIMIT,TRAFFIC_CONTROL_DEVICE,DEVICE_CONDITION,WEATHER_CONDITION,LIGHTING_CONDITION,FIRST_CRASH_TYPE,TRAFFICWAY_TYPE,LANE_CNT,ALIGNMENT,ROADWAY_SURFACE_COND,ROAD_DEFECT,REPORT_TYPE,CRASH_TYPE,INTERSECTION_RELATED_I,NOT_RIGHT_OF_WAY_I,HIT_AND_RUN_I,DAMAGE,DATE_POLICE_NOTIFIED,PRIM_CONTRIBUTORY_CAUSE,SEC_CONTRIBUTORY_CAUSE,STREET_NO,STREET_DIRECTION,STREET_NAME,BEAT_OF_OCCURRENCE,PHOTOS_TAKEN_I,STATEMENTS_TAKEN_I,DOORING_I,WORK_ZONE_I,WORK_ZONE_TYPE,WORKERS_PRESENT_I,NUM_UNITS,MOST_SEVERE_INJURY,INJURIES_TOTAL,INJURIES_FATAL,INJURIES_INCAPACITATING,INJURIES_NON_INCAPACITATING,INJURIES_REPORTED_NOT_EVIDENT,INJURIES_NO_INDICATION,INJURIES_UNKNOWN,CRASH_HOUR,CRASH_DAY_OF_WEEK,CRASH_MONTH,LATITUDE,LONGITUDE,LOCATION
8d2175fa316069a6ce8ad46efb9e74364e0b92d20ba69de2051cf98cae24ac08a36b2fc8d45658dba82d9ffad1e95fb5768d5f71191f7dfc70e74d9b19721545,JF168802,,3/9/2022 22:40,40,NO CONTROLS,NO CONTROLS,CLEAR,"DARKNESS, LIGHTED ROAD",SIDESWIPE SAME DIRECTION,DIVIDED - W/MEDIAN BARRIER,,STRAIGHT AND LEVEL,DRY,NO DEFECTS,ON SCENE,INJURY AND / OR TOW DUE TO CRASH,,,,"$501 - $1,500",3/9/2022 22:42,IMPROPER LANE USAGE,FAILING TO REDUCE SPEED TO AVOID CRASH,601,S,LAKE SHORE DR NB,114,,,,,,,2,NONINCAPACITATING INJURY,1,0,0,1,0,2,0,22,4,3,41.87447496,-87.61696164,POINT (-87.61696164393 41.874474960153)
a2d4a241f16bbc6fcc37f63d9d0bf37d5598c183965d8a98e875f249dbd93e4bf2993abda72ad67b735eb0d6b226800f7fe0fda79a055b652f864c89540b785d,JF168718,,3/9/2022 20:17,10,NO CONTROLS,UNKNOWN,CLEAR,DARKNESS,PARKED MOTOR VEHICLE,PARKING LOT,,STRAIGHT AND LEVEL,DRY,NO DEFECTS,ON SCENE,NO INJURY / DRIVE AWAY,,,,$500 OR LESS,3/9/2022 20:46,UNABLE TO DETERMINE,NOT APPLICABLE,3542,W,BELMONT AVE,1732,,Y,,,,,2,NO INDICATION OF INJURY,0,0,0,0,0,1,0,20,4,3,41.93933414,-87.71671161,POINT (-87.716711614164 41.939334143139)
3039f103e6efbdd3368a7b927c78ca11026eb39ff8f05a6a99bda9b5d887782b05dcbca2ed46f4c41287242b8c88f3c7109c430b39efadbeb232aff40daf9358,JF169721,,3/10/2022 16:02,25,NO CONTROLS,NO CONTROLS,CLEAR,"DARKNESS, LIGHTED ROAD",ANGLE,NOT DIVIDED,,STRAIGHT AND LEVEL,DRY,NO DEFECTS,NOT ON SCENE (DESK REPORT),NO INJURY / DRIVE AWAY,,,,"OVER $1,500",3/10/2022 18:45,FAILING TO YIELD RIGHT-OF-WAY,FAILING TO YIELD RIGHT-OF-WAY,5300,S,PULASKI RD,815,,,,,,,2,NO INDICATION OF INJURY,0,0,0,0,0,2,0,16,5,3,41.79675457,-87.72340922,POINT (-87.7234092203 41.796754571853)
33ddda0946088eddbfa4127507f299c61f3bff3bd225dfac663c2c4e64120c059c81d2f5ff483b69e87f81dedc7f84d5e47c902c7a9da5486e74048054364759,JF169371,N,3/10/2022 13:40,30,STOP SIGN/FLASHER,FUNCTIONING PROPERLY,CLEAR,DAYLIGHT,ANGLE,FOUR WAY,,STRAIGHT AND LEVEL,DRY,NO DEFECTS,ON SCENE,INJURY AND / OR TOW DUE TO CRASH,Y,,,"OVER $1,500",3/10/2022 13:44,FAILING TO YIELD RIGHT-OF-WAY,NOT APPLICABLE,1850,W,CONGRESS PKWY,1225,,,,,,,2,NO INDICATION OF INJURY,0,0,0,0,0,2,0,13,5,3,41.87517436,-87.67356672,POINT (-87.673566720064 41.87517435823)
260145f69eaceb61c767761497a5246437787b0ee616ae29f2e0e2b4550d818ce91efed2aab41876d50180123a65c03e1dfe98d982c141848b390bd06027ef8b,JF168138,,3/9/2022 11:13,30,NO CONTROLS,NO CONTROLS,CLEAR,DAYLIGHT,PARKED MOTOR VEHICLE,NOT DIVIDED,,STRAIGHT AND LEVEL,DRY,NO DEFECTS,ON SCENE,NO INJURY / DRIVE AWAY,,,,"OVER $1,500",3/9/2022 11:30,UNABLE TO DETERMINE,NOT APPLICABLE,2405,W,LUNT AVE,2411,,,,,,,2,NO INDICATION OF INJURY,0,0,0,0,0,1,0,11,4,3,42.00854105,-87.69042587,POINT (-87.690425867797 42.008541045162)
2e235c5b0dd17a2e7a160588cfde363d5039ea42d38e2ab23dc9b93ac8ff166024e56ef806d2db036f53e94cbe76c2d1d4fed4ef002ad78eecca89bef04c254a,JF185129,,3/23/2022 13:00,25,NO CONTROLS,NO CONTROLS,UNKNOWN,UNKNOWN,PARKED MOTOR VEHICLE,ONE-WAY,,STRAIGHT AND LEVEL,UNKNOWN,NO DEFECTS,NOT ON SCENE (DESK REPORT),NO INJURY / DRIVE AWAY,,,Y,"$501 - $1,500",3/24/2022 15:15,UNABLE TO DETERMINE,NOT APPLICABLE,2955,N,NEW ENGLAND AVE,2511,,,,,,,2,NO INDICATION OF INJURY,0,0,0,0,0,1,0,13,4,3,41.93428979,-87.79788022,POINT (-87.79788022384 41.934289789045)
57eba0954ae5db4d8016a5eb5047eff201e676cc9c384fa57f59dce4e47f0bd49c9dce724e0077829acd618742f2487da81033298614609d46ce92b50aad47c6,JF169845,,2/18/2022 17:55,45,NO CONTROLS,NO CONTROLS,CLEAR,DAYLIGHT,REAR END,OTHER,,STRAIGHT AND LEVEL,DRY,NO DEFECTS,NOT ON SCENE (DESK REPORT),NO INJURY / DRIVE AWAY,,,,"OVER $1,500",3/10/2022 21:00,IMPROPER LANE USAGE,UNABLE TO DETERMINE,3100,N,LAKE SHORE DR,1934,,,,,,,2,NO INDICATION OF INJURY,0,0,0,0,0,2,0,17,6,2,41.93777126,-87.63745598,POINT (-87.637455975797 41.937771263338)
830650b857391a8ca03858c559e9c3f9d50f1756425ee23ec9d41888dac06c1175f8a12d47b54eea443e7a5639df60a3d2ed8ff4dac1b8eb0e04d95360f10875,JF168113,,3/9/2022 11:00,30,TRAFFIC SIGNAL,FUNCTIONING PROPERLY,CLEAR,DAYLIGHT,ANGLE,NOT DIVIDED,,STRAIGHT AND LEVEL,DRY,NO DEFECTS,NOT ON SCENE (DESK REPORT),NO INJURY / DRIVE AWAY,Y,,,"$501 - $1,500",3/9/2022 11:15,UNABLE TO DETERMINE,UNABLE TO DETERMINE,500,S,ASHLAND AVE,1231,,,,,,,2,NO INDICATION OF INJURY,0,0,0,0,0,2,0,11,4,3,41.8751259,-87.66677177,POINT (-87.666771774482 41.875125894617)
04db562b9d199a20ae74be748bfe2fe80f66668b0d21490d190465eb2e4c7d9af6c17d49fac3ceae8c67a5fbc7d80749021aa7664730fb313067364366843b23,JF162470,,3/3/2022 21:00,30,NO CONTROLS,NO CONTROLS,CLEAR,"DARKNESS, LIGHTED ROAD",PARKED MOTOR VEHICLE,NOT DIVIDED,,STRAIGHT AND LEVEL,DRY,NO DEFECTS,NOT ON SCENE (DESK REPORT),NO INJURY / DRIVE AWAY,,,Y,"OVER $1,500",3/3/2022 22:45,UNABLE TO DETERMINE,UNABLE TO DETERMINE,4601,N,SPRINGFIELD AVE,1723,,,,,,,2,NO INDICATION OF INJURY,0,0,0,0,0,1,0,21,5,3,41.96471572,-87.7253381,POINT (-87.725338101521 41.964715717645)
0d72f1075409960cc753433499b1d7c2a7f138f6abb98d3facdb4d9adfc73a1e213dabfb0a3539da197db4a68fbcc156053fe23421980b60c88ea15dc8696d3a,JF151218,,2/21/2022 10:10,30,TRAFFIC SIGNAL,FUNCTIONING PROPERLY,SNOW,DAYLIGHT,ANGLE,TRAFFIC ROUTE,,STRAIGHT AND LEVEL,WET,NO DEFECTS,ON SCENE,INJURY AND / OR TOW DUE TO CRASH,Y,,,"OVER $1,500",2/21/2022 10:11,DISREGARDING YIELD SIGN,FAILING TO YIELD RIGHT-OF-WAY,200,S,STATE ST,113,,,,,,,2,NONINCAPACITATING INJURY,4,0,0,4,0,0,0,10,2,2,41.87942705,-87.62785649,POINT (-87.627856485786 41.879427045001)
6ad2fc038862efaf329f22a56b809326e7c557c5072e646beb68cc12d760f787dde3a9b3290ac8e189fd1b9bcc43021d74cd93e85883ea04bd4e1cea3905cc50,JF169849,,3/10/2022 21:14,30,NO CONTROLS,NO CONTROLS,FREEZING RAIN/DRIZZLE,"DARKNESS, LIGHTED ROAD",TURNING,NOT DIVIDED,,STRAIGHT AND LEVEL,WET,UNKNOWN,ON SCENE,INJURY AND / OR TOW DUE TO CRASH,,,,"OVER $1,500",3/10/2022 21:14,UNABLE TO DETERMINE,UNABLE TO DETERMINE,737,N,LARAMIE AVE,1531,,,,,,,2,NO INDICATION OF INJURY,0,0,0,0,0,2,0,21,5,3,41.89411159,-87.75542314,POINT (-87.755423143134 41.894111589872)
e0d422d742790df911cf4c246d0d0fa4cbdcdbaf51553750a5327df81d04f21ad8ee411c6c4e47f9ed2d8b74631155c9a326ac86840882b9d4ce33221dacc3a2,JF169942,,3/11/2022 0:40,30,NO CONTROLS,NO CONTROLS,SNOW,"DARKNESS, LIGHTED ROAD",FIXED OBJECT,DIVIDED - W/MEDIAN BARRIER,,STRAIGHT AND LEVEL,SNOW OR SLUSH,NO DEFECTS,ON SCENE,INJURY AND / OR TOW DUE TO CRASH,,,,"$501 - $1,500",3/11/2022 0:44,UNABLE TO DETERMINE,NOT APPLICABLE,3548,W,87TH ST,834,,,,,,,1,NO INDICATION OF INJURY,0,0,0,0,0,1,0,0,6,3,41.73515489,-87.71120047,POINT (-87.711200472474 41.735154891649)
5eccb3dd392ca93fe81ea097fbc7a411f4c6382193c5a0b48ebf405d4cd6a6c7596f47c341bd2b6801ae75536c789a4ccf02f1dc04c6cc25e6a0a7ba4d931d3b,JF167959,,3/9/2022 7:40,30,NO CONTROLS,NO CONTROLS,CLEAR,DAYLIGHT,TURNING,NOT DIVIDED,,STRAIGHT AND LEVEL,DRY,NO DEFECTS,ON SCENE,NO INJURY / DRIVE AWAY,,,,"OVER $1,500",3/9/2022 7:50,FAILING TO YIELD RIGHT-OF-WAY,NOT APPLICABLE,1527,W,99TH ST,2213,,,,,,,2,NO INDICATION OF INJURY,0,0,0,0,0,6,0,7,4,3,41.71387642,-87.66136833,POINT (-87.661368330016 41.713876422296)
9a0ad0eb6a1c681b4979d13f232cd96f87a9fda60164246beebfae056b4a82ff7c123e1e01e5715b956cdac4a98a1309cd10fb06bfc22dbcefab976382d47992,JF168398,,3/9/2022 15:40,35,NO CONTROLS,NO CONTROLS,CLEAR,DAYLIGHT,SIDESWIPE SAME DIRECTION,NOT DIVIDED,,STRAIGHT AND LEVEL,DRY,NO DEFECTS,NOT ON SCENE (DESK REPORT),NO INJURY / DRIVE AWAY,,,,"$501 - $1,500",3/9/2022 16:00,IMPROPER LANE USAGE,FAILING TO YIELD RIGHT-OF-WAY,250,E,111TH ST,513,,,,,,,2,NO INDICATION OF INJURY,0,0,0,0,0,2,0,15,4,3,41.69278956,-87.61638144,POINT (-87.616381438115 41.692789557542)
e8a1f78591757f234a618d0ae2b715d130c0b11c06af9179065bb68ea813532cdeecb5cf57c120d73b66e32b8d87e08589e43f9c43e5c4d6353a6dc1f218e83e,JF168804,,3/9/2022 16:37,30,TRAFFIC SIGNAL,FUNCTIONING PROPERLY,CLEAR,DUSK,PEDESTRIAN,UNKNOWN INTERSECTION TYPE,,STRAIGHT AND LEVEL,DRY,NO DEFECTS,NOT ON SCENE (DESK REPORT),INJURY AND / OR TOW DUE TO CRASH,Y,,Y,"OVER $1,500",3/9/2022 22:45,UNABLE TO DETERMINE,UNABLE TO DETERMINE,1400,S,MICHIGAN AVE,131,,,,,,,2,"REPORTED, NOT EVIDENT",1,0,0,0,1,1,0,16,4,3,41.86400154,-87.62422573,POINT (-87.62422572914 41.86400154355)
8b35792033ac8e1107eb8a097e92f3657f238ac05731291a39921ad056ed528c1cbc95b070a445703d6fac2a0f25447259f213bd7b2b8d946183f39b27c3028b,JF169534,,3/4/2022 16:14,30,STOP SIGN/FLASHER,NO CONTROLS,CLEAR,DAYLIGHT,REAR END,FOUR WAY,,STRAIGHT AND LEVEL,DRY,NO DEFECTS,NOT ON SCENE (DESK REPORT),NO INJURY / DRIVE AWAY,Y,,,"OVER $1,500",3/10/2022 16:16,DRIVING SKILLS/KNOWLEDGE/EXPERIENCE,NOT APPLICABLE,7100,S,MICHIGAN AVE,323,,,,,,,2,NO INDICATION OF INJURY,0,0,0,0,0,2,0,16,6,3,41.76548541,-87.62183435,POINT (-87.621834351116 41.765485411808)
bd2aa326581d0e86b73a10df6f51b2064a11316b2f631e3f270e08401b8e4b30478a5eb0ab011e60031bc588b8615ffb7c90c5303408837a12571e4a6b1c7ed4,JF165468,,3/6/2022 18:11,30,TRAFFIC SIGNAL,FUNCTIONING PROPERLY,CLEAR,"DARKNESS, LIGHTED ROAD",ANGLE,FOUR WAY,,STRAIGHT AND LEVEL,DRY,NO DEFECTS,ON SCENE,INJURY AND / OR TOW DUE TO CRASH,Y,,,"OVER $1,500",3/6/2022 18:22,DISREGARDING TRAFFIC SIGNALS,NOT APPLICABLE,1190,N,LARAMIE AVE,1524,,,,,,,2,NONINCAPACITATING INJURY,1,0,0,1,0,2,0,18,1,3,41.90215561,-87.75591885,POINT (-87.755918845957 41.902155611435)
22335441b2f45930432cd468701b4686b185b3d9cef768d59de1d26dc698c2f146274555d31e119b8712df8e29be85376644c45fc5186a783600fb3056bff8c3,JF169955,,3/11/2022 1:00,30,TRAFFIC SIGNAL,FUNCTIONING PROPERLY,SNOW,"DARKNESS, LIGHTED ROAD",TURNING,NOT DIVIDED,,STRAIGHT AND LEVEL,WET,NO DEFECTS,ON SCENE,NO INJURY / DRIVE AWAY,Y,,,$500 OR LESS,3/11/2022 1:05,UNABLE TO DETERMINE,NOT APPLICABLE,4790,W,ADDISON ST,1731,,,,,,,2,NO INDICATION OF INJURY,0,0,0,0,0,2,0,1,6,3,41.94623542,-87.74698517,POINT (-87.746985164691 41.946235419168)
3f6b71fb85b17728f2028d88ee55f775e07ec54bc4f76ca37831b7e7e8376cac5e4ed0cec299d2eb7eb10a4c25b8a54649e8e42331b1268219aa37c116e42b8b,JF169950,,3/11/2022 0:35,35,STOP SIGN/FLASHER,FUNCTIONING PROPERLY,SNOW,"DARKNESS, LIGHTED ROAD",REAR END,CENTER TURN LANE,,STRAIGHT AND LEVEL,WET,NO DEFECTS,NOT ON SCENE (DESK REPORT),NO INJURY / DRIVE AWAY,,,,"OVER $1,500",3/11/2022 1:05,FOLLOWING TOO CLOSELY,UNABLE TO DETERMINE,2358,W,63RD ST,825,,,,,,,2,NO INDICATION OF INJURY,0,0,0,0,0,2,0,0,6,3,41.77931613,-87.68354983,POINT (-87.683549834072 41.779316126235)
10ee74ca96aef4d385260ed58fda8c59aa4993fe57d1ab0739018b7f8adfc4c2331249819ce3c5c0baeb213ada0638866029d7918d8fc08bda5f218819fb14d0,JF143962,,2/14/2022 11:00,30,TRAFFIC SIGNAL,FUNCTIONING PROPERLY,CLEAR,DAYLIGHT,REAR END,NOT DIVIDED,,STRAIGHT AND LEVEL,DRY,NO DEFECTS,,NO INJURY / DRIVE AWAY,Y,,,"OVER $1,500",2/14/2022 11:20,UNABLE TO DETERMINE,NOT APPLICABLE,1579,E,83RD ST,412,,,,,,,2,NO INDICATION OF INJURY,0,0,0,0,0,2,0,11,2,2,41.74409504,-87.58539342,POINT (-87.585393419172 41.744095042017)
2eb3b1dd5dfee379baa49ea9f9cca5ed84e15c2ea441a60a8bfc5a0c547a90e0296149f342ecf6cacdbdd054aff3012668809adbda387d33a682ed00bee8b955,JD442726,,11/26/2020 23:03,30,TRAFFIC SIGNAL,FUNCTIONING PROPERLY,CLEAR,"DARKNESS, LIGHTED ROAD",ANGLE,FOUR WAY,,STRAIGHT AND LEVEL,DRY,NO DEFECTS,,INJURY AND / OR TOW DUE TO CRASH,Y,,Y,"OVER $1,500",11/26/2020 23:27,FAILING TO YIELD RIGHT-OF-WAY,NOT APPLICABLE,8700,S,COTTAGE GROVE AVE,632,,,,,,,3,FATAL,1,1,0,0,0,3,0,23,5,11,41.73660156,-87.6049681,POINT (-87.604968100168 41.736601558476)
1beb32c5722cbb6d75bf33dd48d51fef17154766bee7da7a9b25bc5e489302e3dbae44982d70d2b90dfd1ca1bb06bb7affed17966bd856e585ea93534e35ad8e,JF168562,,3/9/2022 15:30,30,UNKNOWN,UNKNOWN,CLEAR,DAYLIGHT,SIDESWIPE SAME DIRECTION,ONE-WAY,,STRAIGHT AND LEVEL,UNKNOWN,UNKNOWN,ON SCENE,INJURY AND / OR TOW DUE TO CRASH,,,,"OVER $1,500",3/9/2022 17:29,IMPROPER OVERTAKING/PASSING,DRIVING SKILLS/KNOWLEDGE/EXPERIENCE,3332,W,VAN BUREN ST,1134,,,,,,,2,NONINCAPACITATING INJURY,1,0,0,1,0,1,0,15,4,3,41.87557322,-87.70976074,POINT (-87.709760737792 41.875573215172)
55b520da0dbb7c1ac67c13cd59481639a13564b6352eaf5d56af861f979c3533d682b1db7902ef351cd37e9c93795710312be58e95af2dbb182a6e2018b8a78f,JF168219,,3/9/2022 13:25,30,TRAFFIC SIGNAL,FUNCTIONING PROPERLY,CLEAR,DAYLIGHT,TURNING,FOUR WAY,,STRAIGHT AND LEVEL,DRY,"RUT, HOLES",ON SCENE,NO INJURY / DRIVE AWAY,Y,,,"OVER $1,500",3/9/2022 13:25,IMPROPER TURNING/NO SIGNAL,IMPROPER TURNING/NO SIGNAL,6458,S,DR MARTIN LUTHER KING JR DR,312,,,,,,,2,NO INDICATION OF INJURY,0,0,0,0,0,2,0,13,4,3,41.77669246,-87.61568481,POINT (-87.615684813313 41.776692461252)
8731f508ac3ca3e1b8739da9486cf246af9c91e520f00c8151e94d63b60b027bbc68730c5f275c93c6da67bce050f1ef8a260c0aa6a320437e9d0128de1aab13,JF169896,,3/10/2022 22:30,30,NO CONTROLS,NO CONTROLS,SNOW,"DARKNESS, LIGHTED ROAD",SIDESWIPE OPPOSITE DIRECTION,NOT DIVIDED,,STRAIGHT AND LEVEL,SNOW OR SLUSH,NO DEFECTS,ON SCENE,INJURY AND / OR TOW DUE TO CRASH,,,,"$501 - $1,500",3/10/2022 22:58,IMPROPER TURNING/NO SIGNAL,WEATHER,1240,W,74TH ST,734,,,,,,,2,NONINCAPACITATING INJURY,2,0,0,2,0,0,0,22,5,3,41.75967877,-87.65559287,POINT (-87.655592873576 41.759678772301)
ac02044e0eef7a9c1451b945e63482200402f37cda781048d092b1c87e2082155d5f1e92d3fdfc51719911553ff33cdaeb06c77c749905a0d7d30cc3331ef0ce,JF169320,,3/10/2022 9:55,30,NO CONTROLS,NO CONTROLS,CLEAR,DAYLIGHT,PARKED MOTOR VEHICLE,ONE-WAY,,STRAIGHT AND LEVEL,DRY,NO DEFECTS,NOT ON SCENE (DESK REPORT),NO INJURY / DRIVE AWAY,,,Y,"OVER $1,500",3/10/2022 13:00,UNABLE TO DETERMINE,UNABLE TO DETERMINE,8255,S,DANTE AVE,411,,,,,,,2,NO INDICATION OF INJURY,0,0,0,0,0,1,0,9,5,3,41.74436077,-87.5891693,POINT (-87.589169296141 41.74436076538)
0c72f46268209c2229637efb0b5d0d604b838b7d771c046b21cb155ba5fe7397add6f77ea5c7c790fbe4e1a4d3f0748a17ad056d708555e9172dbd22e6139354,JF162161,,3/3/2022 15:49,30,TRAFFIC SIGNAL,FUNCTIONING PROPERLY,CLEAR,DAYLIGHT,ANGLE,FOUR WAY,,STRAIGHT AND LEVEL,DRY,NO DEFECTS,ON SCENE,INJURY AND / OR TOW DUE TO CRASH,Y,,,"OVER $1,500",3/3/2022 15:58,DISREGARDING TRAFFIC SIGNALS,FAILING TO REDUCE SPEED TO AVOID CRASH,600,S,CALIFORNIA AVE,1135,,,,,,,2,NONINCAPACITATING INJURY,3,0,0,3,0,1,0,15,5,3,41.87374488,-87.69624599,POINT (-87.696245988037 41.873744880509)
67f317954719227c7697c115618d93a98ee8976f0fefd848389ef7ebdf44971aedc7687ac963a0c59a6eae02ca49283b9df01dfb19d08181e4fc9d1be2edce25,JF167026,,3/4/2022 16:00,30,NO CONTROLS,NO CONTROLS,CLEAR,DAYLIGHT,PARKED MOTOR VEHICLE,NOT DIVIDED,,STRAIGHT AND LEVEL,DRY,NO DEFECTS,ON SCENE,NO INJURY / DRIVE AWAY,,,,"$501 - $1,500",3/8/2022 11:00,IMPROPER BACKING,NOT APPLICABLE,7558,N,OAKLEY AVE,2411,,,,,,,2,NO INDICATION OF INJURY,0,0,0,0,0,1,0,16,6,3,42.01913361,-87.68788315,POINT (-87.687883151324 42.019133605195)
3a336cfce29e3d07655dd1d5b1f6116a9cae85bf0c2e5bbe1cc8919cf0f0186bf261f91c1e58872b79fa65fa0c9ea6dd08f5e80c265525c0da8b3b31bd7aa2af,JF169121,,3/6/2022 18:15,20,NO CONTROLS,NO CONTROLS,UNKNOWN,"DARKNESS, LIGHTED ROAD",PARKED MOTOR VEHICLE,ONE-WAY,,STRAIGHT AND LEVEL,DRY,NO DEFECTS,NOT ON SCENE (DESK REPORT),NO INJURY / DRIVE AWAY,,,Y,"OVER $1,500",3/10/2022 10:20,UNABLE TO DETERMINE,UNABLE TO DETERMINE,1832,S,TROY ST,1022,,,,,,,2,NO INDICATION OF INJURY,0,0,0,0,0,1,0,18,1,3,41.85623032,-87.70431535,POINT (-87.704315348279 41.856230317508)
28347ef8bff5accc96350f441f16646ceb667837f414447a3b2bed22990354adb5801202833f0f13b3daa2e7d0b7b1ee5c0a57800d9ebbdeaf6a5b39881c4b49,JF169548,,3/8/2022 7:25,30,NO CONTROLS,NO CONTROLS,CLEAR,DAYLIGHT,ANGLE,NOT DIVIDED,,STRAIGHT AND LEVEL,DRY,NO DEFECTS,NOT ON SCENE (DESK REPORT),NO INJURY / DRIVE AWAY,,,,"OVER $1,500",3/10/2022 16:20,FAILING TO YIELD RIGHT-OF-WAY,FAILING TO YIELD RIGHT-OF-WAY,4720,W,44TH ST,815,,,,,,,2,NO INDICATION OF INJURY,0,0,0,0,0,2,0,7,3,3,41.81322242,-87.74184899,POINT (-87.74184898957 41.813222423649)
2f4ce4973b73588b36ec71cfb029620a5db832488bec3622d6a5f9468997fcb6955fc1d408523b06e9ad1ba98d20d7d0dbd9a1c1c38beed85cb44d505a424aa4,JD236949,,5/19/2020 17:50,15,NO CONTROLS,NO CONTROLS,CLEAR,DAYLIGHT,PARKED MOTOR VEHICLE,ONE-WAY,,STRAIGHT AND LEVEL,DRY,NO DEFECTS,,NO INJURY / DRIVE AWAY,,,Y,"OVER $1,500",5/19/2020 17:58,DRIVING ON WRONG SIDE/WRONG WAY,UNABLE TO DETERMINE,7905,S,WABASH AVE,623,,,,,,,2,NO INDICATION OF INJURY,0,0,0,0,0,1,0,17,3,5,41.75077819,-87.62284158,POINT (-87.622841581758 41.750778188995)
d2f2e4166491066ce4811aa0e0024e8232d34be1651b4f9073abfb2affa37e879421be5893c944e8b640462e2e2c9bfcae665436ebff08190213566d4b25c592,JF167892,,3/9/2022 5:23,30,TRAFFIC SIGNAL,FUNCTIONING PROPERLY,CLEAR,"DARKNESS, LIGHTED ROAD",REAR END,FOUR WAY,,STRAIGHT AND LEVEL,DRY,NO DEFECTS,ON SCENE,INJURY AND / OR TOW DUE TO CRASH,,,,"OVER $1,500",3/9/2022 5:23,FOLLOWING TOO CLOSELY,FOLLOWING TOO CLOSELY,5700,N,SHERIDAN RD,2022,,,,,,,2,NO INDICATION OF INJURY,0,0,0,0,0,2,0,5,4,3,41.9856411,-87.65538854,POINT (-87.655388544127 41.985641095429)
da3f328f892cade90a29c2c52c171eeb8cf43a09d97f8e527e650df5b24339475f93b51a998061bc7a6f491199870afeabd7684ee05ced9cf4a15d0d1583cf23,JF168780,,3/9/2022 22:08,30,TRAFFIC SIGNAL,FUNCTIONING PROPERLY,CLEAR,"DARKNESS, LIGHTED ROAD",OTHER OBJECT,NOT DIVIDED,,STRAIGHT AND LEVEL,DRY,NO DEFECTS,ON SCENE,INJURY AND / OR TOW DUE TO CRASH,Y,,,"OVER $1,500",3/9/2022 22:19,UNABLE TO DETERMINE,NOT APPLICABLE,3900,S,ROCKWELL ST,921,,,,,,,2,NONINCAPACITATING INJURY,1,0,0,1,0,1,0,22,4,3,41.82283813,-87.68987401,POINT (-87.689874005475 41.822838128263)
348299719f930a5b599888c6c2e6e72181b416b043ecfb4a78d9eafc031c6948fa4365ddc9625d90b68bf699dee4ead9f26cf225a5ccf8f612a592a0b4564595,JF169048,,3/10/2022 8:30,30,NO CONTROLS,UNKNOWN,CLEAR,DAYLIGHT,REAR END,NOT DIVIDED,,STRAIGHT AND LEVEL,DRY,UNKNOWN,ON SCENE,NO INJURY / DRIVE AWAY,,,Y,$500 OR LESS,3/10/2022 8:47,UNABLE TO DETERMINE,NOT APPLICABLE,3278,W,FULLERTON AVE,1413,,,,,,,2,NO INDICATION OF INJURY,0,0,0,0,0,2,0,8,5,3,41.92478951,-87.71049647,POINT (-87.710496466003 41.924789512585)
b663996e79b2194f7366c81c7db60f917a69958638c2d4f016b911e683b745e4926e27a188427b82a17c630a0cc888bae395459967910ab1c4dbc5d6dccfb767,JF138128,,2/8/2022 15:30,30,TRAFFIC SIGNAL,UNKNOWN,CLEAR,DAYLIGHT,ANGLE,NOT DIVIDED,,STRAIGHT AND LEVEL,UNKNOWN,UNKNOWN,NOT ON SCENE (DESK REPORT),NO INJURY / DRIVE AWAY,,,Y,"OVER $1,500",2/8/2022 17:30,UNABLE TO DETERMINE,UNABLE TO DETERMINE,4000,N,MILWAUKEE AVE,1624,,,,,,,2,NO INDICATION OF INJURY,0,0,0,0,0,2,0,15,3,2,41.9533872,-87.74749235,POINT (-87.747492349728 41.953387201581)
093ac6d9a27e39b1aeb12bd849d3f5ee6b92ffe30393de56feff944a50bf07d12a81beab3a061bd562855988ed49ddf2404071c764b9c824f35576021d927cb5,JF161969,,3/3/2022 13:10,30,NO CONTROLS,NO CONTROLS,CLEAR,DAYLIGHT,REAR END,ONE-WAY,,STRAIGHT AND LEVEL,DRY,UNKNOWN,ON SCENE,NO INJURY / DRIVE AWAY,,,Y,"$501 - $1,500",3/3/2022 13:10,IMPROPER BACKING,NOT APPLICABLE,658,N,ST CLAIR ST,1834,,,,,,,2,NO INDICATION OF INJURY,0,0,0,0,0,2,0,13,5,3,41.89419568,-87.62288123,POINT (-87.622881230092 41.894195680678)
271a23018595ee5e3e0023ed1a7a22938c3060ceb1cbbf5314d11c723d2a76bce6b0a33e4d4c476438edf673f97cbe519b415063676c5f0444cf1b213702d0d1,JF169482,,3/10/2022 15:00,30,NO CONTROLS,NO CONTROLS,CLEAR,DAYLIGHT,REAR END,ONE-WAY,,STRAIGHT AND LEVEL,DRY,NO DEFECTS,NOT ON SCENE (DESK REPORT),NO INJURY / DRIVE AWAY,,,,"$501 - $1,500",3/10/2022 15:29,NOT APPLICABLE,NOT APPLICABLE,4229,S,FRANCISCO AVE,921,,,,,,,2,NO INDICATION OF INJURY,0,0,0,0,0,3,0,15,5,3,41.81649895,-87.6967607,POINT (-87.696760703976 41.816498944798)