CRASH_RECORD_ID,RD_NO,CRASH_DATE_EST_I,CRASH_DATE,POSTED_SPEED_LIMIT,TRAFFIC_CONTROL_DEVICE,DEVICE_CONDITION,WEATHER_CONDITION,LIGHTING_CONDITION,FIRST_CRASH_TYPE,TRAFFICWAY_TYPE,LANE_CNT,ALIGNMENT,ROADWAY_SURFACE_COND,ROAD_DEFECT,REPORT_TYPE,CRASH_TYPE,INTERSECTION_RELATED_I,NOT_RIGHT_OF_WAY_I,HIT_AND_RUN_I,DAMAGE,DATE_POLICE_NOTIFIED,PRIM_CONTRIBUTORY_CAUSE,SEC_CONTRIBUTORY_CAUSE,STREET_NO,STREET_DIRECTION,STREET_NAME,BEAT_OF_OCCURRENCE,PHOTOS_TAKEN_I,STATEMENTS_TAKEN_I,DOORING_I,WORK_ZONE_I,WORK_ZONE_TYPE,WORKERS_PRESENT_I,NUM_UNITS,MOST_SEVERE_INJURY,INJURIES_TOTAL,INJURIES_FATAL,INJURIES_INCAPACITATING,INJURIES_NON_INCAPACITATING,INJURIES_REPORTED_NOT_EVIDENT,INJURIES_NO_INDICATION,INJURIES_UNKNOWN,CRASH_HOUR,CRASH_DAY_OF_WEEK,CRASH_MONTH,LATITUDE,LONGITUDE,LOCATION
42e2522ff9802ce23b4fa04b7be6c44cf4eabb95d6ebfdcbb50e9cfb64f5376caf0e72536a2195efd5c913b71bd314f00c9f60e7edf9bb43d05ef5d0ba35a9e3,JF169579,,3/10/2022 16:20,30,TRAFFIC SIGNAL,FUNCTIONING PROPERLY,CLEAR,DAYLIGHT,TURNING,DIVIDED - W/MEDIAN (NOT RAISED),,STRAIGHT AND LEVEL,DRY,NO DEFECTS,ON SCENE,NO INJURY / DRIVE AWAY,,,Y,"OVER $1,500",3/10/2022 16:30,IMPROPER TURNING/NO SIGNAL,UNABLE TO DETERMINE,2100,W,BELLE PLAINE AVE,1911,,,,,,,2,NO INDICATION OF INJURY,0,0,0,0,0,2,0,16,5,3,41.9560557,-87.68135708,POINT (-87.68135707836 41.956055703447)
0c897e0fd2eebe6129e8d573bf4ac87d90182ac568dac98e8a3c7b606d387d3d9de8a5d39fa89aa49de12ffcebbdaa1e5aceb447734a0d4d1d2805bf0ea4aeb1,JF161676,,3/3/2022 8:45,30,NO CONTROLS,NO CONTROLS,CLEAR,DAYLIGHT,TURNING,T-INTERSECTION,,STRAIGHT AND LEVEL,DRY,NO DEFECTS,ON SCENE,INJURY AND / OR TOW DUE TO CRASH,Y,,,"OVER $1,500",3/3/2022 8:55,FAILING TO YIELD RIGHT-OF-WAY,NOT APPLICABLE,3051,W,TOUHY AVE,2411,,,,,,,2,NO INDICATION OF INJURY,0,0,0,0,0,3,0,8,5,3,42.01180771,-87.70640685,POINT (-87.706406847373 42.011807708799)
3ce37351770b944860d01cdcd9304385cb05cf29736c0059b7a591a23cd285a5026d935ae471c3eb5c50b407568574aee9262c0778676fd7b2f62509161717bf,JF161736,,3/3/2022 9:34,25,STOP SIGN/FLASHER,FUNCTIONING PROPERLY,CLEAR,DAYLIGHT,REAR END,NOT DIVIDED,,STRAIGHT AND LEVEL,DRY,NO DEFECTS,ON SCENE,INJURY AND / OR TOW DUE TO CRASH,,,,"OVER $1,500",3/3/2022 9:37,UNABLE TO DETERMINE,NOT APPLICABLE,432,W,76TH ST,621,,,,,,,2,"REPORTED, NOT EVIDENT",2,0,0,0,2,1,0,9,5,3,41.75634394,-87.63571946,POINT (-87.635719462129 41.756343935896)
7f0be217e406a67729d56c1fdedf2be67212560fa2630dcfaab5dca40b88ca0534227d2207b55b7383379e511039f3c07b74e104b6ae09d12f92fa36195ab4f6,JF162318,,3/3/2022 18:11,40,NO CONTROLS,NO CONTROLS,CLEAR,"DARKNESS, LIGHTED ROAD",REAR END,DIVIDED - W/MEDIAN BARRIER,,STRAIGHT AND LEVEL,DRY,NO DEFECTS,ON SCENE,INJURY AND / OR TOW DUE TO CRASH,,,Y,"OVER $1,500",3/3/2022 18:11,UNABLE TO DETERMINE,UNABLE TO DETERMINE,10001,N,LAKE SHORE DR NB,1824,,,,,,,2,NONINCAPACITATING INJURY,1,0,0,1,0,2,0,18,5,3,,,
81b0722aa2d65b48b39fa880e842d777d27eddf9c88d9f025bb0f8e0643cb9181f05b6d0148e26d53bb15a4dfe6791b2f9d123e6a719ace0b208221e5de9e3d7,JF162054,,3/3/2022 13:45,35,NO CONTROLS,NO CONTROLS,CLEAR,DAYLIGHT,PARKED MOTOR VEHICLE,NOT DIVIDED,,STRAIGHT AND LEVEL,DRY,NO DEFECTS,NOT ON SCENE (DESK REPORT),NO INJURY / DRIVE AWAY,,,Y,"$501 - $1,500",3/3/2022 14:50,DRIVING SKILLS/KNOWLEDGE/EXPERIENCE,NOT APPLICABLE,7333,S,WESTERN AVE,835,,,,,,,2,NO INDICATION OF INJURY,0,0,0,0,0,1,0,13,5,3,41.76006026,-87.68297915,POINT (-87.682979153629 41.76006025869)
128d4741e2902b98e388d42e9b1b3086cfd83d53c7b7b54c452f4e49355cb686e9ec69dec25cfa2bf29ca00b497ea6d89ad883aa032515e1e856ce4013fd0c8c,JE128196,,1/31/2021 8:15,5,NO CONTROLS,NO CONTROLS,SNOW,DAYLIGHT,REAR TO FRONT,PARKING LOT,,STRAIGHT AND LEVEL,SNOW OR SLUSH,NO DEFECTS,,NO INJURY / DRIVE AWAY,,Y,,"OVER $1,500",1/31/2021 8:45,WEATHER,WEATHER,200,W,87TH ST,622,,,,,,,2,NO INDICATION OF INJURY,0,0,0,0,0,2,0,8,1,1,41.7362617,-87.62906472,POINT (-87.629064716425 41.736261699376)
30c828aefbf45a83ab56b46ef67a0b6714310f417d6bea02634d94aa3fa1ea7ccd8fc1c96473b0acde3898bdb4208ba7b157de5419fc56c2bcad433f72b27191,JD470001,,12/26/2020 12:00,30,TRAFFIC SIGNAL,FUNCTIONING PROPERLY,CLEAR,DAYLIGHT,ANGLE,T-INTERSECTION,,STRAIGHT AND LEVEL,DRY,NO DEFECTS,,INJURY AND / OR TOW DUE TO CRASH,Y,,Y,"OVER $1,500",12/26/2020 15:00,DISREGARDING TRAFFIC SIGNALS,UNABLE TO DETERMINE,3706,W,79TH ST,833,,,,,,,2,NO INDICATION OF INJURY,0,0,0,0,0,2,0,12,7,12,41.74979595,-87.71446463,POINT (-87.714464630918 41.749795951196)
e880b1b432505c7abd7de8f56845cb80ac4591720cfb7540bde89eab1d911fa3b5c36295e1a5c622f9022f5a3f39204e652af3300bece36be0aee1c06d8f48e5,JF161645,,3/2/2022 15:20,30,UNKNOWN,UNKNOWN,UNKNOWN,UNKNOWN,REAR END,NOT DIVIDED,,STRAIGHT AND LEVEL,UNKNOWN,UNKNOWN,NOT ON SCENE (DESK REPORT),NO INJURY / DRIVE AWAY,,,,"OVER $1,500",3/3/2022 8:15,UNABLE TO DETERMINE,UNABLE TO DETERMINE,3804,N,OAK PARK AVE,1632,,,,,,,2,NO INDICATION OF INJURY,0,0,0,0,0,2,0,15,4,3,41.94924934,-87.79628617,POINT (-87.796286169655 41.949249338321)
4316cdf5caecb66f3beeef1da5383d634276ddf16d6039e9a0af35a4a38704d4950ceac1dd75bdd959eda107fad61b1b1b49589735e4465202c381cf26bc84b1,JF169465,,3/10/2022 14:32,30,TRAFFIC SIGNAL,FUNCTIONING PROPERLY,CLEAR,DAYLIGHT,TURNING,FOUR WAY,,STRAIGHT AND LEVEL,DRY,UNKNOWN,ON SCENE,NO INJURY / DRIVE AWAY,,,,"OVER $1,500",3/10/2022 14:45,UNABLE TO DETERMINE,UNABLE TO DETERMINE,651,W,TAYLOR ST,124,,,,,,,2,NO INDICATION OF INJURY,0,0,0,0,0,3,0,14,5,3,41.8695874,-87.64366396,POINT (-87.643663960591 41.869587395081)
b42c0d6de46c6b0e7235a9d100365a705808e671c1be4a66d580896ead14cce316477699a1742cd0d6f0aaafd9d3beb106b735d28afe1d1a0c48a82ddc889acd,JF160755,,3/2/2022 11:08,30,NO CONTROLS,NO CONTROLS,CLEAR,DAYLIGHT,PARKED MOTOR VEHICLE,ONE-WAY,,STRAIGHT AND LEVEL,DRY,NO DEFECTS,ON SCENE,NO INJURY / DRIVE AWAY,,,,"$501 - $1,500",3/2/2022 11:10,UNABLE TO DETERMINE,NOT APPLICABLE,556,N,LOCKWOOD AVE,1523,,,,,,,2,NO INDICATION OF INJURY,0,0,0,0,0,1,0,11,4,3,41.89060002,-87.75803783,POINT (-87.758037826696 41.890600016176)
ad7c587b68af3ca7bbb00f3dfbd230fa170495111f3a2a52dc2a506d796b879cbc9820b99b1757866f7315e008306cd6f1a4a1cfc234c10e6dc0009095bdcb6f,JF162558,,3/4/2022 0:05,25,NO CONTROLS,FUNCTIONING PROPERLY,CLEAR,"DARKNESS, LIGHTED ROAD",TURNING,DIVIDED - W/MEDIAN (NOT RAISED),,STRAIGHT AND LEVEL,DRY,NO DEFECTS,NOT ON SCENE (DESK REPORT),INJURY AND / OR TOW DUE TO CRASH,,,,"$501 - $1,500",3/4/2022 0:30,IMPROPER TURNING/NO SIGNAL,FAILING TO YIELD RIGHT-OF-WAY,4510,W,WASHINGTON BLVD,1113,,,,,,,2,NONINCAPACITATING INJURY,1,0,0,1,0,1,0,0,6,3,41.88200392,-87.73847316,POINT (-87.738473162434 41.88200391683)
3167e2fc6a87a1ec3694dd7ab04fb85453c2e33168680f599e87a32cbf32f10b180fc2043597b0ce5bc335fc70077c56d8ffcdb3c27505225c2b6fa5609538e4,JC542870,,12/11/2019 11:40,30,TRAFFIC SIGNAL,FUNCTIONING PROPERLY,CLEAR,DAWN,TURNING,NOT DIVIDED,,STRAIGHT AND LEVEL,DRY,NO DEFECTS,,NO INJURY / DRIVE AWAY,Y,,,"OVER $1,500",12/11/2019 12:08,UNABLE TO DETERMINE,UNABLE TO DETERMINE,5900,S,CICERO AVE,813,,,,,,,2,NO INDICATION OF INJURY,0,0,0,0,0,2,0,11,4,12,41.78564332,-87.74148578,POINT (-87.741485778405 41.785643323876)
3294f7f60b9361302da603d79bf52156543d4e181e162d2541edf2f4d90f25a398e5dcd37f98949926f4701f7692c68398166ce513250eeacadd5bf85385bbb8,JF184052,,3/23/2022 15:34,30,NO CONTROLS,NO CONTROLS,CLEAR,DAYLIGHT,ANGLE,NOT DIVIDED,,STRAIGHT AND LEVEL,DRY,NO DEFECTS,NOT ON SCENE (DESK REPORT),NO INJURY / DRIVE AWAY,,,,"$501 - $1,500",3/23/2022 18:00,FAILING TO YIELD RIGHT-OF-WAY,FAILING TO REDUCE SPEED TO AVOID CRASH,4628,W,DIVERSEY AVE,2521,,,,,,,2,NO INDICATION OF INJURY,0,0,0,0,0,2,0,15,4,3,41.93168773,-87.74309449,POINT (-87.743094491353 41.931687731297)
32ae550df12d78cdfbefaa2a39f709b9d65ae7f6ca1f85582be845169fe071dfcbd3d067c127a49570a1ea1efa9c3928733ab141387a33f10556d2b2e33ca5f6,JF183831,,3/23/2022 13:21,30,TRAFFIC SIGNAL,FUNCTIONING PROPERLY,CLEAR,DAYLIGHT,TURNING,CENTER TURN LANE,,STRAIGHT AND LEVEL,WET,UNKNOWN,ON SCENE,NO INJURY / DRIVE AWAY,Y,,,"OVER $1,500",3/23/2022 13:21,UNABLE TO DETERMINE,NOT APPLICABLE,6900,S,ASHLAND AVE,735,,,,,,,2,NO INDICATION OF INJURY,0,0,0,0,0,3,0,13,4,3,41.76845491,-87.66403843,POINT (-87.664038433009 41.768454909931)
8b213ca9f5e31dc325aefd50ccd029bf66401d48b27385d3ba5c4875b65ec94c4d984e9b44a2478639cc0459c0d89a651016d70978e2dc07b2f1f0b4e54d3e75,JF162215,,2/15/2022 20:00,30,NO CONTROLS,NO CONTROLS,CLEAR,DUSK,PARKED MOTOR VEHICLE,DIVIDED - W/MEDIAN (NOT RAISED),,STRAIGHT AND LEVEL,DRY,NO DEFECTS,NOT ON SCENE (DESK REPORT),NO INJURY / DRIVE AWAY,,,Y,"OVER $1,500",3/3/2022 15:00,UNABLE TO DETERMINE,NOT APPLICABLE,333,E,ONTARIO ST,1834,,,,,,,2,NO INDICATION OF INJURY,0,0,0,0,0,1,0,20,3,2,41.89332119,-87.61896719,POINT (-87.618967188858 41.893321188673)
30008de28cd2b71a45ff904e08b0f5e108b3cd6518449373768b99c37d0e557529ac3bef6a017d570c93c5c40c14de04d30ee984ef28b27899a828d73c88ffe3,JF162491,,3/3/2022 20:30,25,NO CONTROLS,NO CONTROLS,CLEAR,DARKNESS,SIDESWIPE SAME DIRECTION,DIVIDED - W/MEDIAN (NOT RAISED),,STRAIGHT AND LEVEL,DRY,UNKNOWN,NOT ON SCENE (DESK REPORT),NO INJURY / DRIVE AWAY,,,,"OVER $1,500",3/3/2022 22:18,IMPROPER LANE USAGE,NOT APPLICABLE,2320,N,ASHLAND AVE,1811,,,,,,,2,NO INDICATION OF INJURY,0,0,0,0,0,2,0,20,5,3,41.92396957,-87.66827087,POINT (-87.668270864838 41.923969568641)
2ad2d2c8739a5c4c97c9326ebe1fabf0de08bafc617779bb258a98dbc2c76148dd41422937e8718f8f0fe0864543306291324a5eb50f3e6c39918f08a00b60f2,JF162431,,3/3/2022 20:15,30,NO CONTROLS,NO CONTROLS,CLEAR,DARKNESS,ANGLE,FOUR WAY,,STRAIGHT AND LEVEL,DRY,NO DEFECTS,ON SCENE,INJURY AND / OR TOW DUE TO CRASH,Y,,,"OVER $1,500",3/3/2022 20:16,UNABLE TO DETERMINE,FAILING TO YIELD RIGHT-OF-WAY,700,S,KEDZIE AVE,1134,,,,,,,2,NONINCAPACITATING INJURY,2,0,0,2,0,1,0,20,5,3,41.87273012,-87.70603229,POINT (-87.706032288891 41.872730121965)
cc6dcc7fe1efacd335a2b018343579e331aaccc487393fbcfff5574be23abea570e8d7cbfd4a17c715b68a877c23c986747bb9a10d0152407376dfb328c7037a,JF169461,,3/8/2022 2:00,30,NO CONTROLS,UNKNOWN,UNKNOWN,DARKNESS,PARKED MOTOR VEHICLE,NOT DIVIDED,,STRAIGHT AND LEVEL,UNKNOWN,UNKNOWN,NOT ON SCENE (DESK REPORT),NO INJURY / DRIVE AWAY,,,Y,"OVER $1,500",3/10/2022 15:00,UNABLE TO DETERMINE,NOT APPLICABLE,5022,N,LOCKWOOD AVE,1623,,,,,,,2,NO INDICATION OF INJURY,0,0,0,0,0,1,0,2,3,3,41.97228711,-87.76029963,POINT (-87.760299624842 41.972287105904)
183bf065c57572b3d0c5e0b3b3f437c2ab438708fc6a68bf29122a4787ca9c0d72266dfd0fd3ac4dedffef870f23bd89a18ad1153deb1f640e14ead381d22e9a,JF139700,,2/10/2022 6:50,20,STOP SIGN/FLASHER,NO CONTROLS,CLEAR,DAWN,REAR TO SIDE,FOUR WAY,,STRAIGHT AND LEVEL,UNKNOWN,UNKNOWN,,NO INJURY / DRIVE AWAY,Y,,,"OVER $1,500",2/10/2022 7:00,UNABLE TO DETERMINE,UNABLE TO DETERMINE,8500,S,LOOMIS BLVD,614,,,,,,,3,NO INDICATION OF INJURY,0,0,0,0,0,2,0,6,5,2,41.73941082,-87.65844452,POINT (-87.658444515392 41.739410814832)
342143ee0a4883c99ea0399b964f5a7f03c2106be74f754ce2fec08fbbb2b18aa65f3bfa1a4a36152a11d9e4bf3b3218559caa782e45353403adee59c48d6dd8,JD304961,,7/21/2020 12:55,35,NO CONTROLS,NO CONTROLS,RAIN,DAYLIGHT,SIDESWIPE SAME DIRECTION,NOT DIVIDED,,STRAIGHT AND LEVEL,WET,NO DEFECTS,,NO INJURY / DRIVE AWAY,,,Y,$500 OR LESS,7/21/2020 13:00,FAILING TO YIELD RIGHT-OF-WAY,DRIVING SKILLS/KNOWLEDGE/EXPERIENCE,5210,S,CICERO AVE,814,,,,,,,2,NO INDICATION OF INJURY,0,0,0,0,0,3,0,12,3,7,41.79830998,-87.74306223,POINT (-87.743062232619 41.79830997844)
3082a6bf214ead3c3e8c094f1d3d8f1897dbffa939322b4b3bc61e424d5a1de8c995c21fb990b7c74bb5172901d76d80bdfda2d7b625aaf81cc3b5f4a6669369,JF169542,,3/10/2022 16:00,30,NO CONTROLS,NO CONTROLS,CLOUDY/OVERCAST,DAYLIGHT,REAR END,NOT DIVIDED,,STRAIGHT AND LEVEL,DRY,NO DEFECTS,ON SCENE,INJURY AND / OR TOW DUE TO CRASH,N,,Y,$500 OR LESS,3/10/2022 16:07,FOLLOWING TOO CLOSELY,NOT APPLICABLE,7328,S,ASHLAND AVE,735,,,,,,,2,NO INDICATION OF INJURY,0,0,0,0,0,7,0,16,5,3,41.76040356,-87.66381408,POINT (-87.663814080163 41.760403556149)
48c8e28bfae1680314582c9b223bc09b5b2b8d19148b313e86ce4dbd22e5bc4f21e56210328917bf4aa206f186a038ff02ad5efc1d6c06cce42599717e549017,JF169598,,3/10/2022 16:15,30,NO CONTROLS,NO CONTROLS,RAIN,DAWN,SIDESWIPE SAME DIRECTION,NOT DIVIDED,,STRAIGHT AND LEVEL,DRY,NO DEFECTS,NOT ON SCENE (DESK REPORT),NO INJURY / DRIVE AWAY,,,,"OVER $1,500",3/10/2022 16:57,IMPROPER OVERTAKING/PASSING,IMPROPER OVERTAKING/PASSING,1817,W,87TH ST,2221,,,,,,,2,NO INDICATION OF INJURY,0,0,0,0,0,2,0,16,5,3,41.73560576,-87.66865604,POINT (-87.668656037095 41.735605757581)
c582244a6f096b6d4d92084130049145bb5912a84bdf44cf0b77d6576221b8db435f1f044f3373c1aa9d77677a71d14f131c438a2aa4d40ccca45033cf9de2d3,JF161326,,3/2/2022 19:40,30,STOP SIGN/FLASHER,FUNCTIONING PROPERLY,CLEAR,"DARKNESS, LIGHTED ROAD",TURNING,NOT DIVIDED,,STRAIGHT AND LEVEL,DRY,NO DEFECTS,ON SCENE,INJURY AND / OR TOW DUE TO CRASH,Y,,,"OVER $1,500",3/2/2022 19:41,FAILING TO YIELD RIGHT-OF-WAY,FAILING TO YIELD RIGHT-OF-WAY,5299,S,WESTERN AVE,923,,,,,,,2,NO INDICATION OF INJURY,0,0,0,0,0,3,0,19,4,3,41.79760335,-87.68398451,POINT (-87.683984508624 41.797603349166)
48f669a45feb94189312f04f853494e622c75f17c0b3dc346e5d027edbaf4cded629ef0bf0f353a603934c9f4646b403042c56715f2322dcc1b807c540e73c26,JF169740,Y,3/10/2022 18:00,30,TRAFFIC SIGNAL,FUNCTIONING PROPERLY,UNKNOWN,"DARKNESS, LIGHTED ROAD",ANGLE,DIVIDED - W/MEDIAN (NOT RAISED),,STRAIGHT AND LEVEL,UNKNOWN,UNKNOWN,ON SCENE,INJURY AND / OR TOW DUE TO CRASH,Y,,Y,"OVER $1,500",3/10/2022 18:05,UNABLE TO DETERMINE,NOT APPLICABLE,3000,W,FIFTH AVE,1124,,,,,,,2,NONINCAPACITATING INJURY,1,0,0,1,0,1,0,18,5,3,41.87981032,-87.7012612,POINT (-87.701261194834 41.879810322054)
22aa0006eb5d52ea22346e26611985f413830fd134a5280020f66b8aa5e048af4acc83332eed61268a4c70238a72893ea92fce4b7b22094fe3f47d2e3813266d,JF135959,,2/6/2022 19:17,10,NO CONTROLS,NO CONTROLS,CLEAR,DARKNESS,PARKED MOTOR VEHICLE,OTHER,,STRAIGHT AND LEVEL,DRY,UNKNOWN,ON SCENE,NO INJURY / DRIVE AWAY,,,Y,"OVER $1,500",2/6/2022 20:00,NOT APPLICABLE,NOT APPLICABLE,4716,N,MILWAUKEE AVE,1623,,,,,,,2,NO INDICATION OF INJURY,0,0,0,0,0,1,0,19,1,2,41.96597189,-87.75928158,POINT (-87.759281578283 41.965971894072)
35262b72167bb8bacb33578b8b67093d15960d52e910dc8956cfb0391b06d76ffd3bc69f843beb9b76eb549fd513e268abe6983a54ac3622a64d2c58857f294c,JF183561,,3/23/2022 9:30,20,NO CONTROLS,NO CONTROLS,RAIN,DAYLIGHT,TURNING,NOT DIVIDED,,STRAIGHT AND LEVEL,WET,NO DEFECTS,ON SCENE,NO INJURY / DRIVE AWAY,,,,"OVER $1,500",3/23/2022 9:30,"VISION OBSCURED (SIGNS, TREE LIMBS, BUILDINGS, ETC.)",UNABLE TO DETERMINE,3321,W,CORTLAND ST,1422,,,,,,,4,NO INDICATION OF INJURY,0,0,0,0,0,3,0,9,4,3,41.91542249,-87.71112771,POINT (-87.711127708006 41.915422487133)
493703728b5268800bc84b594be36cdedd4ff3cfc0917366445bedf7e982242f83cd057acf2d0f5320eea0a2a7bfd57c74192454b8f87c3c402471c261418b72,JF169017,,3/10/2022 8:16,30,NO CONTROLS,NO CONTROLS,CLEAR,DAYLIGHT,PARKED MOTOR VEHICLE,ONE-WAY,,STRAIGHT AND LEVEL,DRY,NO DEFECTS,ON SCENE,INJURY AND / OR TOW DUE TO CRASH,,,Y,"OVER $1,500",3/10/2022 8:17,UNABLE TO DETERMINE,UNABLE TO DETERMINE,3859,N,HAMLIN AVE,1732,,,,,,,5,NO INDICATION OF INJURY,0,0,0,0,0,4,0,8,5,3,41.95181291,-87.72250699,POINT (-87.722506990973 41.951812908293)
43c3c02e86a87679bd0f5c5a67f0dc2d5304eb0afc161546853c25d8eaecb287d2fc60372a201779a097f34ff68bc0e729d7fb06a4a33f3fae3ea686ee6dc6dc,JF162588,Y,3/4/2022 1:30,30,NO CONTROLS,NO CONTROLS,CLEAR,"DARKNESS, LIGHTED ROAD",PARKED MOTOR VEHICLE,NOT DIVIDED,,STRAIGHT AND LEVEL,DRY,NO DEFECTS,ON SCENE,NO INJURY / DRIVE AWAY,,,Y,"OVER $1,500",3/4/2022 1:30,UNABLE TO DETERMINE,NOT APPLICABLE,5539,W,BLOOMINGDALE AVE,2532,,,,,,,2,NO INDICATION OF INJURY,0,0,0,0,0,1,0,1,6,3,41.91293201,-87.76474213,POINT (-87.764742130055 41.912932009813)
49597b040426a7514e86e05b62517e27cd1df0a8bfddef97c9e9d53d17aeb2611218a342aa5b55ce0a2acefa7621df06a398c37a89355877d0febde677973df0,JF169757,,3/10/2022 19:10,30,NO CONTROLS,NO CONTROLS,SNOW,DARKNESS,REAR END,NOT DIVIDED,,STRAIGHT AND LEVEL,WET,NO DEFECTS,NOT ON SCENE (DESK REPORT),NO INJURY / DRIVE AWAY,,,,"$501 - $1,500",3/10/2022 19:20,NOT APPLICABLE,NOT APPLICABLE,4205,W,63RD ST,813,,,,,,,3,NO INDICATION OF INJURY,0,0,0,0,0,3,0,19,5,3,41.77848614,-87.72788606,POINT (-87.727886061622 41.778486136925)
2c4813fd61bb73f0dbfdfc28fc89f9f8c90abf36909f561dbbbc69860af05c12c8f0aedad679451a62ea4cf0a0042a309799bb7de600098bc8e70af094fab146,JF160640,,3/2/2022 8:57,30,TRAFFIC SIGNAL,FUNCTIONING PROPERLY,CLEAR,DAYLIGHT,REAR END,FOUR WAY,,STRAIGHT AND LEVEL,DRY,NO DEFECTS,ON SCENE,NO INJURY / DRIVE AWAY,Y,,,"OVER $1,500",3/2/2022 8:58,FOLLOWING TOO CLOSELY,DRIVING SKILLS/KNOWLEDGE/EXPERIENCE,4132,W,PETERSON AVE,1711,,Y,,,,,2,NO INDICATION OF INJURY,0,0,0,0,0,2,0,8,4,3,41.99019459,-87.73257419,POINT (-87.732574190316 41.990194593434)
50614954291895c39b27b14c0598abfb37f87a4062f651557a55e330ac68822b592ad6aae8f6fcfe21c8e3d09d1e46dfc727955110e2c8c35845a22a0aa25273,JF161864,Y,2/5/2022 21:30,30,NO CONTROLS,NO CONTROLS,UNKNOWN,UNKNOWN,PARKED MOTOR VEHICLE,NOT DIVIDED,,STRAIGHT AND LEVEL,UNKNOWN,NO DEFECTS,NOT ON SCENE (DESK REPORT),NO INJURY / DRIVE AWAY,,,,"OVER $1,500",3/3/2022 11:00,UNABLE TO DETERMINE,NOT APPLICABLE,4248,S,VINCENNES AVE,214,,,,,,,2,NO INDICATION OF INJURY,0,0,0,0,0,1,0,21,7,2,41.81711791,-87.61417595,POINT (-87.614175950562 41.817117906122)
1b41d2e5e946812efb05b98deebe32ee20ade260e7964d7181fdd2f23f8bfc902b22c65857291729d8d7f94637ffdcdb556459eadaf59763e4b0479cad6fd7d6,JE319058,,7/29/2021 19:35,30,NO CONTROLS,NO CONTROLS,CLEAR,DAYLIGHT,PEDALCYCLIST,DIVIDED - W/MEDIAN (NOT RAISED),,STRAIGHT AND LEVEL,DRY,NO DEFECTS,,INJURY AND / OR TOW DUE TO CRASH,,,Y,$500 OR LESS,7/29/2021 19:35,UNABLE TO DETERMINE,UNABLE TO DETERMINE,3511,N,CLARK ST,1924,,,,,,,2,NONINCAPACITATING INJURY,1,0,0,1,0,1,0,19,5,7,41.94615313,-87.65550003,POINT (-87.655500028016 41.946153129909)
35a968d4a12fca083d3e78d1b47bebb18776fc04b1fc1ea10a7cbe188f5ce9949a3012706b003859dea15a8aa60acca8880d5b1b5280f3340f6cd5231f108f39,JC441816,,9/20/2019 1:15,30,NO CONTROLS,NO CONTROLS,CLEAR,DARKNESS,SIDESWIPE SAME DIRECTION,DIVIDED - W/MEDIAN (NOT RAISED),,STRAIGHT AND LEVEL,DRY,NO DEFECTS,,NO INJURY / DRIVE AWAY,,,Y,"$501 - $1,500",9/20/2019 19:40,FOLLOWING TOO CLOSELY,NOT APPLICABLE,4400,W,79TH ST,834,,,,,,,2,NO INDICATION OF INJURY,0,0,0,0,0,2,0,1,6,9,41.74950189,-87.73169687,POINT (-87.731696869903 41.749501892433)
49bf74315850bbee85d133b2402e602ad0974ab6bb41921ecf4a30c0181e71b2f0a4a1ea637f32034cbb2a76ac54732d6a92719bcafdd394aaa525d5b44d4220,JF169648,,3/10/2022 17:20,15,STOP SIGN/FLASHER,FUNCTIONING PROPERLY,CLEAR,DAYLIGHT,ANGLE,UNKNOWN INTERSECTION TYPE,,STRAIGHT AND LEVEL,DRY,NO DEFECTS,,INJURY AND / OR TOW DUE TO CRASH,Y,,,"OVER $1,500",3/10/2022 17:28,FAILING TO REDUCE SPEED TO AVOID CRASH,NOT APPLICABLE,6400,S,RICHMOND ST,823,,,,,,,2,NONINCAPACITATING INJURY,1,0,0,1,0,2,0,17,5,3,41.77714413,-87.69714625,POINT (-87.697146254081 41.777144126519)
1becc02b907daf715c3bc829a55689bff61badf924673782bb6ea7d58884a86c9e059565db117b4c98e3c96644977ae257c846a9a6c61afe173da498f0bbb0f8,JF176932,,3/17/2022 11:49,30,NO CONTROLS,NO CONTROLS,CLEAR,DAYLIGHT,SIDESWIPE SAME DIRECTION,ONE-WAY,,STRAIGHT AND LEVEL,DRY,NO DEFECTS,ON SCENE,NO INJURY / DRIVE AWAY,,,,"OVER $1,500",3/17/2022 11:51,DRIVING SKILLS/KNOWLEDGE/EXPERIENCE,DRIVING SKILLS/KNOWLEDGE/EXPERIENCE,940,W,GORDON TER,1915,,,,,,,2,NO INDICATION OF INJURY,0,0,0,0,0,1,0,11,5,3,41.95746492,-87.65413203,POINT (-87.654132024919 41.957464917856)
360b1c5450db57c9e9a8360f8e1c2c38310eb1e397609ef9340265f7768900a188c0f4e495640413a96d827c72bdbb981a22ccf4a68ff3348d3dd2dbfdf47a2b,JF184470,,3/23/2022 23:31,10,NO CONTROLS,NO CONTROLS,CLEAR,"DARKNESS, LIGHTED ROAD",REAR END,ONE-WAY,,STRAIGHT AND LEVEL,DRY,NO DEFECTS,ON SCENE,NO INJURY / DRIVE AWAY,,,,"OVER $1,500",3/23/2022 23:31,IMPROPER OVERTAKING/PASSING,NOT APPLICABLE,2,W,TERMINAL ST,1652,,,,,,,2,NO INDICATION OF INJURY,0,0,0,0,0,2,0,23,4,3,,,
62982d4dddaa55acd594242e8bdeb277e836bc81dfa3a05c364995dcc0f1dd4d47b03f4ff5e9c1ed080745c3731302f5a550ebc74d6adc47b1b416a230187efc,JF160806,,3/2/2022 11:48,20,NO CONTROLS,NO CONTROLS,CLEAR,DAYLIGHT,PARKED MOTOR VEHICLE,NOT DIVIDED,,STRAIGHT AND LEVEL,DRY,NO DEFECTS,ON SCENE,NO INJURY / DRIVE AWAY,,,,"OVER $1,500",3/2/2022 11:49,UNABLE TO DETERMINE,NOT APPLICABLE,3057,N,SEMINARY AVE,1933,,,,,,,2,NO INDICATION OF INJURY,0,0,0,0,0,1,0,11,4,3,41.93790951,-87.65632298,POINT (-87.656322974644 41.937909514287)