CRASH_RECORD_ID,RD_NO,CRASH_DATE_EST_I,CRASH_DATE,POSTED_SPEED_LIMIT,TRAFFIC_CONTROL_DEVICE,DEVICE_CONDITION,WEATHER_CONDITION,LIGHTING_CONDITION,FIRST_CRASH_TYPE,TRAFFICWAY_TYPE,LANE_CNT,ALIGNMENT,ROADWAY_SURFACE_COND,ROAD_DEFECT,REPORT_TYPE,CRASH_TYPE,INTERSECTION_RELATED_I,NOT_RIGHT_OF_WAY_I,HIT_AND_RUN_I,DAMAGE,DATE_POLICE_NOTIFIED,PRIM_CONTRIBUTORY_CAUSE,SEC_CONTRIBUTORY_CAUSE,STREET_NO,STREET_DIRECTION,STREET_NAME,BEAT_OF_OCCURRENCE,PHOTOS_TAKEN_I,STATEMENTS_TAKEN_I,DOORING_I,WORK_ZONE_I,WORK_ZONE_TYPE,WORKERS_PRESENT_I,NUM_UNITS,MOST_SEVERE_INJURY,INJURIES_TOTAL,INJURIES_FATAL,INJURIES_INCAPACITATING,INJURIES_NON_INCAPACITATING,INJURIES_REPORTED_NOT_EVIDENT,INJURIES_NO_INDICATION,INJURIES_UNKNOWN,CRASH_HOUR,CRASH_DAY_OF_WEEK,CRASH_MONTH,LATITUDE,LONGITUDE,LOCATION
259c5a9454708edf89d268e6c50aa1d54b136670159a56cc668295d5a4eeb1a876b3228a535ecb4f3f386f1b2b65c26fafd488c620999e2d25e8b9e7b6ba2684,JF162072,,3/3/2022 14:00,30,NO CONTROLS,NO CONTROLS,CLEAR,DAYLIGHT,SIDESWIPE SAME DIRECTION,NOT DIVIDED,,STRAIGHT AND LEVEL,DRY,NO DEFECTS,NOT ON SCENE (DESK REPORT),NO INJURY / DRIVE AWAY,,,,"OVER $1,500",3/3/2022 15:13,DRIVING SKILLS/KNOWLEDGE/EXPERIENCE,NOT APPLICABLE,7230,S,JEFFERY BLVD,333,,,,,,,2,NO INDICATION OF INJURY,0,0,0,0,0,2,0,14,5,3,41.76347642,-87.57638918,POINT (-87.576389178959 41.76347641523)
400c239a804db9c79d27862b990fca97ad6e62cae7b9f1bc4a73c886a567d72815cdbd60e7c7852cefd5f1dbd0fb96373dbc74a17d1fa4c5d18aabce6ec65324,JF162359,,3/3/2022 18:45,30,TRAFFIC SIGNAL,FUNCTIONING PROPERLY,CLEAR,"DARKNESS, LIGHTED ROAD",REAR END,NOT DIVIDED,,STRAIGHT AND LEVEL,DRY,NO DEFECTS,NOT ON SCENE (DESK REPORT),NO INJURY / DRIVE AWAY,,,Y,"$501 - $1,500",3/3/2022 19:30,FOLLOWING TOO CLOSELY,FAILING TO REDUCE SPEED TO AVOID CRASH,101,N,CICERO AVE,1113,,,,,,,2,NO INDICATION OF INJURY,0,0,0,0,0,2,0,18,5,3,41.88188426,-87.74519554,POINT (-87.74519554146 41.881884261775)
573333c027296d10c62cd01e63c4a89e806694c38a33ffcb4631a6e4046fab1a65ace65b71611cd1ead2fc6a9641b59b1bf98a6d76c07710283d323424b38dcb,JF162336,,3/3/2022 8:25,30,NO CONTROLS,NO CONTROLS,CLEAR,DAYLIGHT,SIDESWIPE SAME DIRECTION,NOT DIVIDED,,STRAIGHT AND LEVEL,DRY,NO DEFECTS,NOT ON SCENE (DESK REPORT),NO INJURY / DRIVE AWAY,,,,"$501 - $1,500",3/3/2022 18:55,FAILING TO YIELD RIGHT-OF-WAY,NOT APPLICABLE,6233,W,BELMONT AVE,2511,,,,,,,2,NO INDICATION OF INJURY,0,0,0,0,0,3,0,8,5,3,41.93825823,-87.78240004,POINT (-87.782400038634 41.938258231472)
89f3021d016aefdcb50b31b4e654479d8fe81081bc601e6a36ae11135a9ee747cfdbab1ba52c5d938d567cd3398a4a7a994d43f30e4a08be10643753fd67be7a,JF161820,,3/3/2022 11:10,40,DELINEATORS,FUNCTIONING PROPERLY,CLEAR,DAYLIGHT,FIXED OBJECT,DIVIDED - W/MEDIAN BARRIER,,STRAIGHT AND LEVEL,DRY,NO DEFECTS,ON SCENE,INJURY AND / OR TOW DUE TO CRASH,,,,"OVER $1,500",3/3/2022 11:10,DRIVING SKILLS/KNOWLEDGE/EXPERIENCE,UNABLE TO DETERMINE,1400,N,LAKE SHORE DR SB,1824,,,,,,,1,NO INDICATION OF INJURY,0,0,0,0,0,2,0,11,5,3,41.90790993,-87.62574109,POINT (-87.625741088327 41.90790992609)
b7810480f8966587c8530eb498de32cea0ab32245d8ee8b1384042282160eb78e9d3bf2c5fa006942015d9d89720b0abd8c0f51c67f46bd60e339a143ea9c2bf,JF161642,,3/3/2022 7:25,30,NO CONTROLS,NO CONTROLS,CLEAR,DAYLIGHT,SIDESWIPE SAME DIRECTION,NOT DIVIDED,,STRAIGHT AND LEVEL,DRY,NO DEFECTS,NOT ON SCENE (DESK REPORT),NO INJURY / DRIVE AWAY,,,,"OVER $1,500",3/3/2022 8:20,FAILING TO YIELD RIGHT-OF-WAY,UNABLE TO DETERMINE,5853,S,MAPLEWOOD AVE,824,,,,,,,2,NO INDICATION OF INJURY,0,0,0,0,0,2,0,7,5,3,41.78676729,-87.68736051,POINT (-87.687360513893 41.786767284559)
31b96c86f7d29b5c01a0425857ccb693d5eec26a90f1588fb2a4a6e4cf60dddbdb9afc4f5e6716764d0a3f76c6eaa2565bfd2bebf2e6dfe7230f72cee021b37a,JF160807,,3/2/2022 10:45,30,NO CONTROLS,NO CONTROLS,CLEAR,DAYLIGHT,TURNING,T-INTERSECTION,,STRAIGHT AND LEVEL,DRY,NO DEFECTS,ON SCENE,INJURY AND / OR TOW DUE TO CRASH,Y,,,"OVER $1,500",3/2/2022 11:40,IMPROPER TURNING/NO SIGNAL,FAILING TO REDUCE SPEED TO AVOID CRASH,3053,S,ARCHER AVE,913,,,,,,,2,"REPORTED, NOT EVIDENT",1,0,0,0,1,2,0,10,4,3,41.83908964,-87.66299038,POINT (-87.662990381106 41.839089635895)
e03cdb342f2fafb57a674a4721d1fc19c7128e1340f8176c1f1ff563b2c3ab27da5873796064df5d1c81cf4b75118ac6000c83aade1589b859d36bbbdedbcfe2,JF157612,Y,2/26/2022 22:00,20,STOP SIGN/FLASHER,UNKNOWN,UNKNOWN,UNKNOWN,PARKED MOTOR VEHICLE,ONE-WAY,,STRAIGHT AND LEVEL,UNKNOWN,NO DEFECTS,ON SCENE,NO INJURY / DRIVE AWAY,,,Y,"OVER $1,500",2/27/2022 12:00,FOLLOWING TOO CLOSELY,NOT APPLICABLE,4526,W,THOMAS ST,1111,,,,,,,2,NO INDICATION OF INJURY,0,0,0,0,0,1,0,22,7,2,41.90074406,-87.73962676,POINT (-87.739626764007 41.900744062731)
933d4573a4495a12f883702c4583cbf004d0650ef7a9e144e7d45456b1986a1e51760417c08c41397f3d649f7307cb3c94cd20498efbfe62e6607491bd8f9c4b,JF162080,,2/27/2022 16:50,15,NO CONTROLS,NO CONTROLS,CLEAR,DAYLIGHT,FIXED OBJECT,OTHER,,STRAIGHT AND LEVEL,UNKNOWN,UNKNOWN,NOT ON SCENE (DESK REPORT),NO INJURY / DRIVE AWAY,,Y,,"OVER $1,500",3/3/2022 15:15,UNABLE TO DETERMINE,UNABLE TO DETERMINE,1400,N,CICERO AVE,2533,,,,,,,1,NO INDICATION OF INJURY,0,0,0,0,0,1,0,16,1,2,41.90607716,-87.74618473,POINT (-87.746184725268 41.906077159957)
7a7dd3cb1738b09f696368c323ce6731a291da9ffb86454892aca935ac622222eada2a85612b6ae8f65b58cd4bd76eeb26eabd20f363ffc887aa565849f7fa48,JF160842,,2/28/2022 5:55,30,TRAFFIC SIGNAL,FUNCTIONING PROPERLY,CLEAR,DAWN,OTHER OBJECT,NOT DIVIDED,,STRAIGHT AND LEVEL,DRY,"RUT, HOLES",NOT ON SCENE (DESK REPORT),NO INJURY / DRIVE AWAY,,,,"$501 - $1,500",3/2/2022 12:15,NOT APPLICABLE,NOT APPLICABLE,2006,W,OGDEN AVE,1225,,,,,,,1,NO INDICATION OF INJURY,0,0,0,0,0,1,0,5,2,2,41.87268093,-87.67670729,POINT (-87.676707290309 41.872680932457)
1c45cf5b7bc7a487ed25347905a61348cea6ce474df5b0a66dc3d4701e20ddbb31a8011b951408e2c89d2ffcc1800d303e6e12ff29b5eaa2c8d00c6f2de4a272,JE293948,,7/7/2021 21:15,20,NO CONTROLS,NO CONTROLS,CLEAR,"DARKNESS, LIGHTED ROAD",PARKED MOTOR VEHICLE,NOT DIVIDED,,STRAIGHT ON GRADE,DRY,NO DEFECTS,,INJURY AND / OR TOW DUE TO CRASH,,,Y,"OVER $1,500",7/7/2021 21:20,UNABLE TO DETERMINE,UNABLE TO DETERMINE,11256,S,SANGAMON ST,2234,,,,,,,4,NO INDICATION OF INJURY,0,0,0,0,0,1,0,21,4,7,41.68911283,-87.64600106,POINT (-87.646001064243 41.689112826263)
1c45e9ef2f503533f04e3d20867fa33f625dd442f1dcf687027208ab1f20917abedfe9519d4ddd397f950fa29e2449eae112581caf4d36aa13f933fc039a945f,JE482752,,12/19/2021 13:15,30,TRAFFIC SIGNAL,UNKNOWN,CLEAR,DAYLIGHT,TURNING,NOT DIVIDED,,STRAIGHT AND LEVEL,UNKNOWN,UNKNOWN,,INJURY AND / OR TOW DUE TO CRASH,Y,,Y,"OVER $1,500",12/19/2021 14:35,DISREGARDING OTHER TRAFFIC SIGNS,DISREGARDING OTHER TRAFFIC SIGNS,364,N,LOWER MICHIGAN AVE,111,,,,,,,2,NO INDICATION OF INJURY,0,0,0,0,0,3,0,13,1,12,41.88837271,-87.62467967,POINT (-87.624679671566 41.888372707646)
34315b9d7069aa5cb541b14f98d2c7d549610666fc896dae8a90cd5cdea2452c9a4717385aea1d06659b8fa9bf9c40ecf6843960251c0158ce7208bc773041c2,JF161893,,3/2/2022 10:00,30,NO CONTROLS,NO CONTROLS,CLEAR,DAYLIGHT,FIXED OBJECT,DIVIDED - W/MEDIAN BARRIER,,STRAIGHT AND LEVEL,DRY,NO DEFECTS,NOT ON SCENE (DESK REPORT),NO INJURY / DRIVE AWAY,,,,"OVER $1,500",3/3/2022 12:08,UNABLE TO DETERMINE,DRIVING SKILLS/KNOWLEDGE/EXPERIENCE,4520,S,CICERO AVE,814,,,,,,,1,NO INDICATION OF INJURY,0,0,0,0,0,2,0,10,4,3,41.81061287,-87.74338206,POINT (-87.743382057067 41.810612870948)
d009314779e35350d2f533a9abc853ac9b6e936f20384ec7eb849b1d8ddafe9a8458d7e5bf959a782f1f95234162cefebe7ef401c2a087328f86ded1cb789063,JF142490,Y,2/12/2022 16:09,30,NO CONTROLS,NO CONTROLS,CLEAR,DAYLIGHT,PARKED MOTOR VEHICLE,ONE-WAY,,STRAIGHT AND LEVEL,DRY,NO DEFECTS,ON SCENE,INJURY AND / OR TOW DUE TO CRASH,,,Y,"$501 - $1,500",2/12/2022 18:49,UNABLE TO DETERMINE,UNABLE TO DETERMINE,4938,S,MICHIGAN AVE,224,,,,,,,4,NO INDICATION OF INJURY,0,0,0,0,0,1,0,16,7,2,41.80447547,-87.62285776,POINT (-87.622857761085 41.804475473486)
415eea3088aab2d776fe503d2cec8fddc4d3dbb3984f19643f3f9e29ce9bffeb288bd608fd79059bb1f5783850434f880739b49352a7b1b3e70f6438eab7e730,JF161966,,2/28/2022 23:30,10,NO CONTROLS,NO CONTROLS,CLEAR,DARKNESS,PARKED MOTOR VEHICLE,PARKING LOT,,STRAIGHT AND LEVEL,DRY,UNKNOWN,NOT ON SCENE (DESK REPORT),NO INJURY / DRIVE AWAY,,,Y,"OVER $1,500",3/3/2022 13:20,UNABLE TO DETERMINE,UNABLE TO DETERMINE,5654,S,DAMEN AVE,715,,,,,,,2,NO INDICATION OF INJURY,0,0,0,0,0,1,0,23,2,2,41.79047451,-87.67434889,POINT (-87.674348889658 41.790474509351)
1c6c33722112519cb5c54c29aca04be1d2cf676c7b2642a10be629c73dad33bc3b5e2b8031a4b0392d9a5e259946816679092a06ffca01f059b499546a532945,JE393232,,9/30/2021 17:40,30,TRAFFIC SIGNAL,FUNCTIONING PROPERLY,CLEAR,DAYLIGHT,SIDESWIPE OPPOSITE DIRECTION,NOT DIVIDED,,STRAIGHT AND LEVEL,DRY,NO DEFECTS,,NO INJURY / DRIVE AWAY,,,Y,"$501 - $1,500",9/30/2021 18:10,IMPROPER LANE USAGE,NOT APPLICABLE,5940,W,DIVERSEY AVE,2514,,,,,,,2,NO INDICATION OF INJURY,0,0,0,0,0,3,0,17,5,9,41.93125972,-87.77520288,POINT (-87.775202875987 41.931259718745)
1c73e425b6f3cfc341900b9e823af1cdb21d1c2fe1e0edcef33fc60e533e49a521d9c8c5bcad8ea649c94ce4311a4bb3d490af74089bf3a06b8169f9fe3fdb95,JE240798,Y,5/21/2021 18:00,20,NO CONTROLS,NO CONTROLS,CLEAR,DAYLIGHT,PARKED MOTOR VEHICLE,NOT DIVIDED,,STRAIGHT AND LEVEL,DRY,NO DEFECTS,,NO INJURY / DRIVE AWAY,,,Y,"OVER $1,500",5/24/2021 9:46,UNABLE TO DETERMINE,NOT APPLICABLE,1845,W,21ST PL,1234,,,,,,,2,NO INDICATION OF INJURY,0,0,0,0,0,1,0,18,6,5,41.85302491,-87.67275879,POINT (-87.672758785299 41.853024911935)
1c93d306ef1d782480a4386a2f8457c0bd3b35c54fb36448ba7206410cc2b5737467e531deaa92d9d6aee83a10cd3e24404604c11a4c86f4a76f3c927db68166,JF132841,,2/3/2022 15:40,15,NO CONTROLS,NO CONTROLS,CLEAR,DAYLIGHT,SIDESWIPE OPPOSITE DIRECTION,NOT DIVIDED,,"CURVE, LEVEL",WET,NO DEFECTS,,NO INJURY / DRIVE AWAY,,Y,,"$501 - $1,500",2/3/2022 15:45,UNABLE TO DETERMINE,DRIVING SKILLS/KNOWLEDGE/EXPERIENCE,10100,S,CENTRAL PARK AVE,2211,,,,,,,2,NO INDICATION OF INJURY,0,0,0,0,0,2,0,15,5,2,41.7095765,-87.71138195,POINT (-87.711381950713 41.709576500623)
4c98394ffe623e4b6655275dea391c71891a1040917b0627fa5dc626d611689647becd39c63d1047188aa73fe17e7a097847fd7e70c438dc6911ead92e5a363b,JF169876,,3/10/2022 19:00,30,NO CONTROLS,NO CONTROLS,SNOW,"DARKNESS, LIGHTED ROAD",SIDESWIPE SAME DIRECTION,NOT DIVIDED,,STRAIGHT AND LEVEL,SNOW OR SLUSH,NO DEFECTS,NOT ON SCENE (DESK REPORT),NO INJURY / DRIVE AWAY,,,,"$501 - $1,500",3/10/2022 22:15,NOT APPLICABLE,NOT APPLICABLE,1021,W,ARMITAGE AVE,1811,,,,,,,2,NO INDICATION OF INJURY,0,0,0,0,0,2,0,19,5,3,41.91798129,-87.65434085,POINT (-87.654340851729 41.917981293152)
66f97b79d1811c38614ad471d5574b15f5773b3efd3b2093fc20cf5ae79d1235869977b7b4726f0964e8298f0770068d1e1d80afe43101e2d1ed76c74f3f271d,JF160580,,3/2/2022 7:45,10,NO CONTROLS,NO CONTROLS,CLEAR,DAYLIGHT,PARKED MOTOR VEHICLE,PARKING LOT,,STRAIGHT AND LEVEL,DRY,NO DEFECTS,ON SCENE,NO INJURY / DRIVE AWAY,,Y,Y,"$501 - $1,500",3/2/2022 8:00,IMPROPER TURNING/NO SIGNAL,IMPROPER TURNING/NO SIGNAL,3615,W,IRVING PARK RD,1732,,,,,,,2,NO INDICATION OF INJURY,0,0,0,0,0,1,0,7,4,3,41.95364665,-87.71848491,POINT (-87.71848490505 41.953646651916)
ec775d90e6182a8bce547bae8f020de90877667350fa2c812f1e41f3c8ad2af37bef9a264cacd04184bf3f644ca73ee2b583b72d8faf2c77e5098affb73d468c,JF162386,,3/2/2022 20:30,30,NO CONTROLS,NO CONTROLS,CLEAR,"DARKNESS, LIGHTED ROAD",REAR END,DIVIDED - W/MEDIAN (NOT RAISED),,STRAIGHT AND LEVEL,DRY,NO DEFECTS,NOT ON SCENE (DESK REPORT),NO INJURY / DRIVE AWAY,,,Y,"OVER $1,500",3/3/2022 19:45,UNABLE TO DETERMINE,UNABLE TO DETERMINE,140,N,CICERO AVE,1532,,,,,,,2,NO INDICATION OF INJURY,0,0,0,0,0,2,0,20,4,3,41.88306145,-87.74552017,POINT (-87.745520170566 41.88306144597)
28800bd21fd1883aad6dfd722c4ff1978b4195661f310dc970a615cd1b99a09acb9606ce3ebee3418aec0c97cf67e4d45323ba267dd16eec99b71e0474533e8a,JF161928,,3/3/2022 8:00,20,NO CONTROLS,NO CONTROLS,CLEAR,DAYLIGHT,FIXED OBJECT,ALLEY,,STRAIGHT AND LEVEL,DRY,NO DEFECTS,NOT ON SCENE (DESK REPORT),NO INJURY / DRIVE AWAY,,Y,Y,"OVER $1,500",3/3/2022 12:30,UNABLE TO DETERMINE,IMPROPER OVERTAKING/PASSING,5654,S,KOLMAR AVE,813,,,,,,,1,NO INDICATION OF INJURY,0,0,0,0,0,1,0,8,5,3,41.78964413,-87.73668145,POINT (-87.736681453331 41.789644130232)
4c210e116c98271ae29772ce6ac78fde0a63e74ea84b71180530a9a36bceec95e5619c64e50b656c51e27e5430afe8e55b688adf7295ee726744d7bda937dec1,JF162204,,3/3/2022 14:04,30,NO CONTROLS,NO CONTROLS,CLEAR,DAYLIGHT,SIDESWIPE SAME DIRECTION,T-INTERSECTION,,STRAIGHT AND LEVEL,DRY,UNKNOWN,ON SCENE,NO INJURY / DRIVE AWAY,,,,"$501 - $1,500",3/3/2022 14:09,UNABLE TO DETERMINE,NOT APPLICABLE,4100,W,26TH ST,1013,,,,,,,2,NO INDICATION OF INJURY,0,0,0,0,0,2,0,14,5,3,41.84431884,-87.72781583,POINT (-87.727815832128 41.844318841466)
5a91b7c6e034db424fa91eadf5d53754ed0245d800b86d73978cc3e1f7f2b89e8b8e0075ab04e23fa6660abefe701aad0a05f9f661c56c77bf765bb25828ffb9,JF162037,,3/3/2022 7:00,20,NO CONTROLS,NO CONTROLS,CLEAR,DAYLIGHT,PARKED MOTOR VEHICLE,ONE-WAY,,STRAIGHT AND LEVEL,DRY,NO DEFECTS,NOT ON SCENE (DESK REPORT),NO INJURY / DRIVE AWAY,,,Y,"OVER $1,500",3/3/2022 14:30,UNABLE TO DETERMINE,UNABLE TO DETERMINE,3326,W,CRYSTAL ST,1422,,,,,,,2,NO INDICATION OF INJURY,0,0,0,0,0,1,0,7,5,3,41.9038285,-87.71037146,POINT (-87.710371464371 41.903828496626)
1d095b9fa431ee5c617162dda77229de1ef0ccd06023e86025673747d6bacc5ada8eac2e77fa6c4c6cbe29a445a05b30c4c9abc8482130fd83c61a16b474e1ae,JE400514,,10/6/2021 17:45,30,TRAFFIC SIGNAL,FUNCTIONING PROPERLY,CLEAR,DAYLIGHT,ANGLE,FOUR WAY,,STRAIGHT AND LEVEL,DRY,NO DEFECTS,,INJURY AND / OR TOW DUE TO CRASH,Y,,,"OVER $1,500",10/6/2021 17:50,DISREGARDING TRAFFIC SIGNALS,NOT APPLICABLE,7835,S,KEDZIE AVE,835,,,,,,,2,NO INDICATION OF INJURY,0,0,0,0,0,3,0,17,4,10,41.75053917,-87.70228243,POINT (-87.702282426376 41.750539173028)
365835000e72621052f5673510ffb4d2ee0aff245b098a15d47d4ff4ba042884768430c3d57a2c80278f0b3bd8c2a2bf98329655ea80440e7bc664f1a70896b3,JD224481,,5/5/2020 2:16,30,NO CONTROLS,NO CONTROLS,CLEAR,"DARKNESS, LIGHTED ROAD",PARKED MOTOR VEHICLE,NOT DIVIDED,,STRAIGHT AND LEVEL,UNKNOWN,UNKNOWN,,INJURY AND / OR TOW DUE TO CRASH,,,,"OVER $1,500",5/5/2020 2:16,PHYSICAL CONDITION OF DRIVER,FAILING TO REDUCE SPEED TO AVOID CRASH,3457,W,IRVING PARK RD,1732,,,,,,,5,NONINCAPACITATING INJURY,2,0,0,2,0,1,0,2,3,5,41.9537139,-87.71521783,POINT (-87.715217830444 41.953713896455)
461e4d0f0748345368fcbbd68995102582908e48e865bc018b69b03ba0f8daea2653c4ffa95906c7ea58e42d81ae57812aa0a185e202e8da62469783808c9360,JF162186,,3/2/2022 20:50,30,NO CONTROLS,NO CONTROLS,CLEAR,"DARKNESS, LIGHTED ROAD",FIXED OBJECT,NOT DIVIDED,,STRAIGHT AND LEVEL,DRY,NO DEFECTS,NOT ON SCENE (DESK REPORT),NO INJURY / DRIVE AWAY,,,,"$501 - $1,500",3/3/2022 17:00,ROAD CONSTRUCTION/MAINTENANCE,NOT APPLICABLE,7495,N,ROGERS AVE,2422,,,,,,,1,NO INDICATION OF INJURY,0,0,0,0,0,2,0,20,4,3,42.01792133,-87.67100045,POINT (-87.671000447357 42.017921333876)
339c9fb66f3498a1afa2ec0f2131ff5de411ec0e68fb4788de2808729abfa823c92056365f3354775530fd922149494de4b2c268b7c3e4c87e979076257fbbc1,JF162452,,3/3/2022 20:40,30,NO CONTROLS,NO CONTROLS,CLEAR,DARKNESS,PARKED MOTOR VEHICLE,NOT DIVIDED,,STRAIGHT AND LEVEL,DRY,UNKNOWN,ON SCENE,INJURY AND / OR TOW DUE TO CRASH,,,,"OVER $1,500",3/3/2022 21:18,UNABLE TO DETERMINE,NOT APPLICABLE,10431,S,DR MARTIN LUTHER KING JR DR,512,,,,,,,3,NO INDICATION OF INJURY,0,0,0,0,0,2,0,20,5,3,41.70455027,-87.6135483,POINT (-87.613548303294 41.704550271799)
63c539e8241853bc9759526ddeff31350114b449dba0263c751ab52a81120476dd78369b4490ea109edd23e461f5c2c211f2c46b9f0bc48259d93c768974b3ec,JF161967,,3/3/2022 0:05,35,NO CONTROLS,NO CONTROLS,CLEAR,"DARKNESS, LIGHTED ROAD",PARKED MOTOR VEHICLE,NOT DIVIDED,,STRAIGHT AND LEVEL,DRY,NO DEFECTS,NOT ON SCENE (DESK REPORT),NO INJURY / DRIVE AWAY,,,Y,"OVER $1,500",3/3/2022 13:20,UNABLE TO DETERMINE,NOT APPLICABLE,6021,S,ARCHER AVE,811,,,,,,,2,NO INDICATION OF INJURY,0,0,0,0,0,1,0,0,5,3,41.79484996,-87.76728036,POINT (-87.767280356289 41.794849958048)
743c4f19fc2be1dc6e2df0d1bd1b9b38109ff5b376ddaacb2115b19fc5759b61bab4b4bad856e7f540494024644fd4c8120038d389e0b40da5b924b4a5e35cd9,JF162447,,3/3/2022 20:52,30,NO CONTROLS,NO CONTROLS,CLEAR,"DARKNESS, LIGHTED ROAD",PARKED MOTOR VEHICLE,DIVIDED - W/MEDIAN (NOT RAISED),,STRAIGHT AND LEVEL,UNKNOWN,UNKNOWN,ON SCENE,INJURY AND / OR TOW DUE TO CRASH,,,,"$501 - $1,500",3/3/2022 20:59,UNABLE TO DETERMINE,NOT APPLICABLE,6153,N,BROADWAY,2433,,,,,,,2,NO INDICATION OF INJURY,0,0,0,0,0,1,0,20,5,3,41.99385358,-87.66023864,POINT (-87.660238635638 41.993853574894)
8249d151f56cca5bf8097366b72f4da2b564e696707b292e0f3d9f48c604e0a43eb71e5a2aa0f9e51f90385c7f52850b3ca5b222da4a77acc088fa40d4089b0c,JF162526,,3/3/2022 22:50,30,STOP SIGN/FLASHER,FUNCTIONING PROPERLY,CLEAR,"DARKNESS, LIGHTED ROAD",REAR END,NOT DIVIDED,,STRAIGHT AND LEVEL,DRY,NO DEFECTS,ON SCENE,INJURY AND / OR TOW DUE TO CRASH,Y,,Y,"OVER $1,500",3/3/2022 23:07,FOLLOWING TOO CLOSELY,NOT APPLICABLE,1097,W,LAWRENCE AVE,1914,,,,,,,2,NONINCAPACITATING INJURY,3,0,0,2,1,1,0,22,5,3,41.96894376,-87.6575513,POINT (-87.657551297381 41.968943762137)
dd9ac2851b4d0b7a707f7a76964eccb529c9c55ac53fccd4078463818b2e9165c7ec94042368621ff38fd6f3bc525ca617842fc3069267b5e7394aa92bd7baab,JF162608,,3/4/2022 3:00,30,NO CONTROLS,NO CONTROLS,CLEAR,"DARKNESS, LIGHTED ROAD",PARKED MOTOR VEHICLE,NOT DIVIDED,,STRAIGHT AND LEVEL,DRY,NO DEFECTS,ON SCENE,INJURY AND / OR TOW DUE TO CRASH,,,,"OVER $1,500",3/4/2022 3:05,UNABLE TO DETERMINE,UNABLE TO DETERMINE,10018,S,WESTERN AVE,2211,,,,,,,2,NONINCAPACITATING INJURY,1,0,0,1,0,0,0,3,6,3,41.71127569,-87.68191389,POINT (-87.681913888138 41.71127568855)
3c707a8699f4eeb3a8159e99ca3dd867fd9187a2b8487fb13836c952ff1a74fc83ca47a9132769e881190ed3a962b549a5ab5242f3de916a9dffc88476c7cb2d,JF162251,,3/2/2022 12:35,30,STOP SIGN/FLASHER,FUNCTIONING PROPERLY,CLEAR,DAYLIGHT,REAR TO FRONT,ONE-WAY,,STRAIGHT AND LEVEL,UNKNOWN,UNKNOWN,NOT ON SCENE (DESK REPORT),NO INJURY / DRIVE AWAY,Y,,,"OVER $1,500",3/3/2022 16:50,UNABLE TO DETERMINE,NOT APPLICABLE,1900,W,CONGRESS PKWY,1225,,,,,,,2,NO INDICATION OF INJURY,0,0,0,0,0,2,0,12,4,3,41.87516579,-87.67417708,POINT (-87.674177082984 41.875165792803)
42ea5068f0c12e202c6b36d9d034cb6ea6f41a6c45ba3571c9692728f2ddd8ec547eb39797fefd16b7bbc58e0026c7fde526137f7efbcb4e801b42d255c6d998,JF160557,,3/2/2022 6:50,25,NO CONTROLS,NO CONTROLS,CLEAR,DAYLIGHT,SIDESWIPE SAME DIRECTION,ONE-WAY,,STRAIGHT AND LEVEL,DRY,NO DEFECTS,ON SCENE,NO INJURY / DRIVE AWAY,,,,"OVER $1,500",3/2/2022 6:56,IMPROPER LANE USAGE,DRIVING SKILLS/KNOWLEDGE/EXPERIENCE,3,W,TERMINAL ST,1653,,,,,,,2,NO INDICATION OF INJURY,0,0,0,0,0,4,0,6,4,3,,,
c28718e4e482795f0c631c10c64bfa621d7de0f8266db6e4fd7e9ed62692d652cd93da82a88c753426764a09725bcc2b6ed0f417357f80f4d753fae5d580b8ae,JF161614,,3/2/2022 14:00,30,TRAFFIC SIGNAL,FUNCTIONING PROPERLY,CLEAR,DAYLIGHT,SIDESWIPE SAME DIRECTION,NOT DIVIDED,,STRAIGHT AND LEVEL,DRY,NO DEFECTS,NOT ON SCENE (DESK REPORT),NO INJURY / DRIVE AWAY,,,Y,"OVER $1,500",3/3/2022 7:15,UNABLE TO DETERMINE,UNABLE TO DETERMINE,4757,N,PULASKI RD,1723,,,,,,,2,NO INDICATION OF INJURY,0,0,0,0,0,2,0,14,4,3,41.96815335,-87.72787766,POINT (-87.727877660172 41.968153346193)
317705cc2766922b5e684981ab7ff7508ed8b97c55d1509493cc175d8fd6a850a03720203d34697a58d6077e669595e7380b70420ef682bf82e6802820921dd4,JF162412,,3/3/2022 20:00,30,NO CONTROLS,NO CONTROLS,CLEAR,"DARKNESS, LIGHTED ROAD",PARKED MOTOR VEHICLE,NOT DIVIDED,,STRAIGHT AND LEVEL,DRY,UNKNOWN,ON SCENE,INJURY AND / OR TOW DUE TO CRASH,,,Y,"OVER $1,500",3/3/2022 20:02,UNABLE TO DETERMINE,UNABLE TO DETERMINE,850,W,SUPERIOR ST,1214,,,,,,,2,NO INDICATION OF INJURY,0,0,0,0,0,1,0,20,5,3,41.89563208,-87.64978957,POINT (-87.649789569227 41.895632083432)
a41ccc1b5388614e491940d2348fcf22d8028d19ce0b4b2dbbae6823fde3085e8c04c017274ac8d0d8814d91c1d5a854ad00583c10caa8e618ce9aa4feaa326f,JF157698,,2/28/2022 7:32,25,TRAFFIC SIGNAL,FUNCTIONING PROPERLY,CLEAR,DAYLIGHT,ANGLE,FOUR WAY,,STRAIGHT AND LEVEL,DRY,NO DEFECTS,ON SCENE,INJURY AND / OR TOW DUE TO CRASH,Y,,,"OVER $1,500",2/28/2022 7:35,DISREGARDING TRAFFIC SIGNALS,NOT APPLICABLE,1559,S,HOMAN AVE,1021,,,,,,,2,NONINCAPACITATING INJURY,1,0,0,1,0,5,0,7,2,2,41.85911974,-87.71018922,POINT (-87.710189224463 41.85911973673)