CRASH_RECORD_ID,RD_NO,CRASH_DATE_EST_I,CRASH_DATE,POSTED_SPEED_LIMIT,TRAFFIC_CONTROL_DEVICE,DEVICE_CONDITION,WEATHER_CONDITION,LIGHTING_CONDITION,FIRST_CRASH_TYPE,TRAFFICWAY_TYPE,LANE_CNT,ALIGNMENT,ROADWAY_SURFACE_COND,ROAD_DEFECT,REPORT_TYPE,CRASH_TYPE,INTERSECTION_RELATED_I,NOT_RIGHT_OF_WAY_I,HIT_AND_RUN_I,DAMAGE,DATE_POLICE_NOTIFIED,PRIM_CONTRIBUTORY_CAUSE,SEC_CONTRIBUTORY_CAUSE,STREET_NO,STREET_DIRECTION,STREET_NAME,BEAT_OF_OCCURRENCE,PHOTOS_TAKEN_I,STATEMENTS_TAKEN_I,DOORING_I,WORK_ZONE_I,WORK_ZONE_TYPE,WORKERS_PRESENT_I,NUM_UNITS,MOST_SEVERE_INJURY,INJURIES_TOTAL,INJURIES_FATAL,INJURIES_INCAPACITATING,INJURIES_NON_INCAPACITATING,INJURIES_REPORTED_NOT_EVIDENT,INJURIES_NO_INDICATION,INJURIES_UNKNOWN,CRASH_HOUR,CRASH_DAY_OF_WEEK,CRASH_MONTH,LATITUDE,LONGITUDE,LOCATION
9342525d42c0a2cb6ad56e81111061398a5096f4c61b17bd79603c3e6c0894e2f68d1ffe23de1499c82364d9e60826fb8b8638c88c5b82bf3d8ad3be4546fe1a,JF162208,,3/3/2022 13:40,30,NO CONTROLS,NO CONTROLS,CLEAR,DAYLIGHT,SIDESWIPE SAME DIRECTION,DIVIDED - W/MEDIAN (NOT RAISED),,STRAIGHT AND LEVEL,DRY,UNKNOWN,NOT ON SCENE (DESK REPORT),NO INJURY / DRIVE AWAY,,,,"OVER $1,500",3/3/2022 16:30,UNABLE TO DETERMINE,UNABLE TO DETERMINE,752,N,CENTRAL AVE,1511,,,,,,,2,NO INDICATION OF INJURY,0,0,0,0,0,2,0,13,5,3,41.89452216,-87.7655296,POINT (-87.765529595202 41.894522158285)
cd377cee9e7ae46bc32d9e6dffc1f2a2d461cb43f9301f424c8646a0e6340a04a3ba2e78d346a73bc17cecaa858b43ef075680e0ff5a673aed149c30e0f363e7,JF161688,,3/3/2022 8:39,30,TRAFFIC SIGNAL,FUNCTIONING PROPERLY,CLEAR,DAYLIGHT,TURNING,FOUR WAY,,STRAIGHT ON GRADE,DRY,NO DEFECTS,ON SCENE,INJURY AND / OR TOW DUE TO CRASH,Y,,,"OVER $1,500",3/3/2022 8:44,IMPROPER OVERTAKING/PASSING,FAILING TO REDUCE SPEED TO AVOID CRASH,800,W,103RD ST,2232,,,,,,,2,NONINCAPACITATING INJURY,1,0,0,1,0,2,0,8,5,3,41.70702632,-87.64289601,POINT (-87.642896007418 41.707026319812)
1dd0a9fd201293ae038975140799b336cec21af96c0aa9ba8e3e696ddf13ce4fd4b8cc79392b71a7580becf8f40837354f552c683e54ee761b72eed34ca4a4f3,JC501512,,11/7/2019 6:10,30,STOP SIGN/FLASHER,FUNCTIONING PROPERLY,CLEAR,"DARKNESS, LIGHTED ROAD",ANGLE,FOUR WAY,,STRAIGHT AND LEVEL,DRY,"RUT, HOLES",,INJURY AND / OR TOW DUE TO CRASH,Y,,,"OVER $1,500",11/7/2019 6:15,UNABLE TO DETERMINE,UNABLE TO DETERMINE,5700,S,MASSASOIT AVE,811,,,,,,,2,INCAPACITATING INJURY,1,0,1,0,0,1,0,6,5,11,41.78890236,-87.76596631,POINT (-87.765966311222 41.788902354661)
227edcea214cab2a556b4e8e5ea2c6c746febbe36fab4159126e12423332d43a3558d1bb0bc5e432de9ce255e55dccda366fe22c8f140061d3e0d463ec13d2c3,JF162375,,3/3/2022 19:25,30,STOP SIGN/FLASHER,FUNCTIONING PROPERLY,CLEAR,"DARKNESS, LIGHTED ROAD",PEDESTRIAN,FOUR WAY,,STRAIGHT AND LEVEL,DRY,NO DEFECTS,ON SCENE,INJURY AND / OR TOW DUE TO CRASH,Y,,,"OVER $1,500",3/3/2022 19:29,FAILING TO YIELD RIGHT-OF-WAY,UNABLE TO DETERMINE,2432,W,PETERSON AVE,2413,,,,,,,2,NONINCAPACITATING INJURY,1,0,0,1,0,1,0,19,5,3,41.9906008,-87.691017,POINT (-87.691017003206 41.990600801036)
4e84559f54319b3602a646b1515c960a45a4adf87173f61fdc541a24abd9ce95b01c1a21b6919ca43487bbd5d092a56d0923dee5ef6369083f4726c381f7b9b7,JF185393,,3/24/2022 17:30,30,STOP SIGN/FLASHER,FUNCTIONING PROPERLY,UNKNOWN,UNKNOWN,TURNING,OTHER,,STRAIGHT AND LEVEL,UNKNOWN,UNKNOWN,,NO INJURY / DRIVE AWAY,Y,,,"OVER $1,500",3/24/2022 18:00,UNABLE TO DETERMINE,UNABLE TO DETERMINE,7000,N,RAVENSWOOD AVE,2424,,,,,,,2,NO INDICATION OF INJURY,0,0,0,0,0,2,0,17,5,3,42.00902987,-87.67547003,POINT (-87.675470033878 42.009029873092)
2336cb485cd79bab2e7a8d639f2e51fd366779a9cb5144ab999b0866f55b3912755d64bd121c039e14bc939d032bffbef03a814f579dbc8654ed1f85c8029cdf,JF162399,,3/3/2022 19:20,30,TRAFFIC SIGNAL,FUNCTIONING PROPERLY,CLEAR,DAWN,TURNING,FOUR WAY,,STRAIGHT AND LEVEL,DRY,NO DEFECTS,NOT ON SCENE (DESK REPORT),NO INJURY / DRIVE AWAY,,,,"OVER $1,500",3/3/2022 20:10,FOLLOWING TOO CLOSELY,FOLLOWING TOO CLOSELY,3954,W,63RD ST,823,,,,,,,2,NO INDICATION OF INJURY,0,0,0,0,0,2,0,19,5,3,41.77877072,-87.72248715,POINT (-87.722487154323 41.778770720438)
50adffb49a4d32d2ef1b06ddcad24acc8f0083ae74deabee57378b74ab4ad8676207e0b7a556a8c996a24a89e45d857496eae1aee62db8521c02f2d6dbdf1f1a,JF169929,,3/10/2022 22:30,30,NO CONTROLS,NO CONTROLS,SNOW,"DARKNESS, LIGHTED ROAD",PARKED MOTOR VEHICLE,NOT DIVIDED,,STRAIGHT AND LEVEL,SNOW OR SLUSH,NO DEFECTS,ON SCENE,INJURY AND / OR TOW DUE TO CRASH,,,Y,"OVER $1,500",3/10/2022 22:36,UNABLE TO DETERMINE,UNABLE TO DETERMINE,11338,S,AVENUE O,433,,,,,,,2,NO INDICATION OF INJURY,0,0,0,0,0,1,0,22,5,3,41.68888144,-87.54024593,POINT (-87.540245934352 41.688881437092)
1fda6d4c38a4bb68c4e6547d438ab81c3e381d00fcc2b8d2c93272b7d3b3da18b4ad6ec8dfa11eaac0bc52bffd209fd1e8f8b1c509e4c5418159349e60493c4b,JF177459,,3/17/2022 17:57,30,TRAFFIC SIGNAL,FUNCTIONING PROPERLY,CLEAR,DAYLIGHT,TURNING,FOUR WAY,,STRAIGHT AND LEVEL,DRY,NO DEFECTS,ON SCENE,NO INJURY / DRIVE AWAY,Y,,,"OVER $1,500",3/17/2022 17:57,FOLLOWING TOO CLOSELY,NOT APPLICABLE,30,W,79TH ST,623,,,,,,,2,NO INDICATION OF INJURY,0,0,0,0,0,4,0,17,5,3,41.7510366,-87.62580715,POINT (-87.625807147846 41.751036600941)
239ae94f05269ca37f985e02495763dfc73427b338cd6a9d9effc7e154cb8d13910cf661914091062dfccfc43b3c565ecd1e9a83339d5c35f3fe9e61b006666e,JF162471,,3/3/2022 20:20,30,UNKNOWN,UNKNOWN,CLEAR,"DARKNESS, LIGHTED ROAD",TURNING,FOUR WAY,,STRAIGHT AND LEVEL,DRY,UNKNOWN,NOT ON SCENE (DESK REPORT),NO INJURY / DRIVE AWAY,,,Y,"OVER $1,500",3/3/2022 21:20,DISREGARDING TRAFFIC SIGNALS,NOT APPLICABLE,9500,S,STONY ISLAND AVE,511,,,,,,,2,NO INDICATION OF INJURY,0,0,0,0,0,2,0,20,5,3,41.72225727,-87.58527557,POINT (-87.585275565077 41.722257273006)
23a2521fa21569148eff1bb4485d2a9d72af8e0a32783ceb5e1513d5b001f14602ea82625aa56d09187c7b6e0a1c46f012f00de05d92bca075800f1eaea413f0,JF162508,,3/3/2022 20:45,30,TRAFFIC SIGNAL,FUNCTIONING PROPERLY,CLEAR,"DARKNESS, LIGHTED ROAD",TURNING,NOT DIVIDED,,STRAIGHT AND LEVEL,DRY,NO DEFECTS,NOT ON SCENE (DESK REPORT),NO INJURY / DRIVE AWAY,Y,,,"OVER $1,500",3/3/2022 22:30,IMPROPER TURNING/NO SIGNAL,UNABLE TO DETERMINE,4700,S,ASHLAND AVE,931,,,,,,,2,NO INDICATION OF INJURY,0,0,0,0,0,2,0,20,5,3,41.8085116,-87.66511729,POINT (-87.665117291733 41.808511597247)
3af171b70f9ae5fb716c426654a20fd9cd6afdb58ac8e7a9fac2d31f8d0f0afd638ec0135905720cd533353039f7f2ef6fa98732efe7e6bbc69a3f469a3f8148,JF183721,,3/23/2022 10:40,30,NO CONTROLS,NO CONTROLS,CLEAR,DAYLIGHT,TURNING,NOT DIVIDED,,STRAIGHT AND LEVEL,DRY,NO DEFECTS,ON SCENE,NO INJURY / DRIVE AWAY,,,,"OVER $1,500",3/23/2022 11:45,UNABLE TO DETERMINE,NOT APPLICABLE,3863,W,COLUMBUS AVE,834,,,,,,,2,NO INDICATION OF INJURY,0,0,0,0,0,2,0,10,4,3,41.73798401,-87.71822708,POINT (-87.718227079775 41.737984006194)
3b847de04a9b0e81360009cc82075c4634822d845d9fdafcd470b249287e923f177bcde57ac27b58b4991f0289d631fdaeb42f5c936ecfb5be0ef515524205d0,JF183654,,3/23/2022 10:40,30,TRAFFIC SIGNAL,FUNCTIONING PROPERLY,RAIN,DAYLIGHT,SIDESWIPE SAME DIRECTION,NOT DIVIDED,,STRAIGHT AND LEVEL,WET,NO DEFECTS,NOT ON SCENE (DESK REPORT),NO INJURY / DRIVE AWAY,,,,"OVER $1,500",3/23/2022 11:10,IMPROPER LANE USAGE,DRIVING SKILLS/KNOWLEDGE/EXPERIENCE,557,W,TAYLOR ST,124,,,,,,,2,NO INDICATION OF INJURY,0,0,0,0,0,2,0,10,4,3,41.86961772,-87.64157833,POINT (-87.641578334419 41.869617719863)
3c298987dca2de7a678ebe471d2f0cb655a1137f43f18e1a9d8f425c7eec84fa1219f3edce4ec0465e52992112dba013b97b428cc7033e919a50ee491b868e57,JF183376,N,3/23/2022 2:05,35,NO CONTROLS,NO CONTROLS,RAIN,"DARKNESS, LIGHTED ROAD",FIXED OBJECT,NOT DIVIDED,,STRAIGHT AND LEVEL,WET,NO DEFECTS,ON SCENE,INJURY AND / OR TOW DUE TO CRASH,,,Y,"OVER $1,500",3/23/2022 2:06,DISTRACTION - FROM OUTSIDE VEHICLE,"EVASIVE ACTION DUE TO ANIMAL, OBJECT, NONMOTORIST",4801,N,TRIPP AVE,1712,,,,,,,1,NO INDICATION OF INJURY,0,0,0,0,0,1,0,2,4,3,41.96826765,-87.73405725,POINT (-87.734057247598 41.968267647901)
26c213d4b18c33d0b9d93690927bbca8244ac5c90318325e67a11fddfb94dd79005996c72cdfd4fb50e54447feba3e0d52c8935896502a127c73f07924c58681,JE219938,,5/4/2021 22:56,30,NO CONTROLS,NO CONTROLS,CLEAR,"DARKNESS, LIGHTED ROAD",FIXED OBJECT,NOT DIVIDED,,STRAIGHT AND LEVEL,DRY,NO DEFECTS,,INJURY AND / OR TOW DUE TO CRASH,,,N,"OVER $1,500",5/4/2021 23:03,IMPROPER LANE USAGE,NOT APPLICABLE,5024,N,MONTICELLO AVE,1712,,,,,,,1,NO INDICATION OF INJURY,0,0,0,0,0,1,0,22,3,5,41.97268954,-87.71974172,POINT (-87.719741722095 41.972689539271)
5372142b6e28ca31a691305400641f91dd3babd41c474aaa9f586b0e2e9b6ad547886d47443237d94f74b533ae8354b853b5a48c4eaa427fb917d7125506d39e,JF127463,,1/29/2022 2:31,30,TRAFFIC SIGNAL,FUNCTIONING PROPERLY,CLEAR,"DARKNESS, LIGHTED ROAD",REAR END,DIVIDED - W/MEDIAN BARRIER,,STRAIGHT AND LEVEL,UNKNOWN,UNKNOWN,,NO INJURY / DRIVE AWAY,,,,"$501 - $1,500",1/29/2022 2:37,FAILING TO REDUCE SPEED TO AVOID CRASH,UNABLE TO DETERMINE,8301,S,STONY ISLAND AVE,412,,,,,,,2,NO INDICATION OF INJURY,0,0,0,0,0,2,0,2,7,1,41.74416023,-87.58522849,POINT (-87.585228487235 41.744160230994)
6e3863d550c16999a73058e8c14b88b843b404ff67aa8f5982fabdd3eb0198304305f4cf515d61122d43cf38adbf89baa9c6bf034af7ef93a9b384e15ae98475,JF158383,,2/28/2022 8:50,30,TRAFFIC SIGNAL,FUNCTIONING PROPERLY,CLEAR,DAYLIGHT,TURNING,FOUR WAY,,STRAIGHT AND LEVEL,DRY,NO DEFECTS,,NO INJURY / DRIVE AWAY,Y,,,"OVER $1,500",2/28/2022 9:15,IMPROPER TURNING/NO SIGNAL,IMPROPER LANE USAGE,600,W,WASHINGTON BLVD,121,,,,,,,2,NO INDICATION OF INJURY,0,0,0,0,0,4,0,8,2,2,41.88328163,-87.64277376,POINT (-87.642773758485 41.883281625972)
6e46708b9510544ab65a09b8994530666a3cf4299160c5ba767e7ac410d020046ed8ac80811e9a0ad9451df4aca5f575b5324dde69666bb247dcd098e6f79bb9,JE311638,,7/23/2021 16:50,30,TRAFFIC SIGNAL,FUNCTIONING PROPERLY,CLEAR,DAYLIGHT,REAR END,DIVIDED - W/MEDIAN BARRIER,,STRAIGHT AND LEVEL,DRY,UNKNOWN,,NO INJURY / DRIVE AWAY,,,,"OVER $1,500",7/23/2021 17:09,DISTRACTION - FROM OUTSIDE VEHICLE,NOT APPLICABLE,4999,S,ASHLAND AVE,933,,,,,,,3,NO INDICATION OF INJURY,0,0,0,0,0,3,0,16,6,7,41.80322359,-87.66468047,POINT (-87.664680465135 41.803223589814)
54018ca52ef54ec2cb1ef403e09b63bd5cd9614a806175cfbdbc231741a64dd9ec1747164f74688555a3e3253bd0f3b3559c6c20c12d4bf87a352f948c93f828,JF169732,,3/10/2022 16:27,30,NO CONTROLS,NO CONTROLS,CLEAR,DAYLIGHT,TURNING,NOT DIVIDED,,STRAIGHT AND LEVEL,DRY,NO DEFECTS,NOT ON SCENE (DESK REPORT),NO INJURY / DRIVE AWAY,,,,"$501 - $1,500",3/10/2022 18:44,UNABLE TO DETERMINE,UNABLE TO DETERMINE,520,S,MICHIGAN AVE,123,,,,,,,2,NO INDICATION OF INJURY,0,0,0,0,0,3,0,16,5,3,41.87525983,-87.62439667,POINT (-87.624396673836 41.875259825819)
3c3c18af9a799a2a8c6de761270f24f537c6d182f1d5b5f89f5d25656e0c1e5b7d1288e8c62c08d532e80dffe8d25d564dd495a5f08a39f699b4dcc77fc54dab,JF184035,,3/23/2022 10:30,30,TRAFFIC SIGNAL,FUNCTIONING PROPERLY,CLEAR,DAYLIGHT,SIDESWIPE SAME DIRECTION,DIVIDED - W/MEDIAN BARRIER,,STRAIGHT AND LEVEL,DRY,NO DEFECTS,NOT ON SCENE (DESK REPORT),NO INJURY / DRIVE AWAY,,,,"OVER $1,500",3/23/2022 16:00,UNABLE TO DETERMINE,UNABLE TO DETERMINE,4657,S,DREXEL BLVD,222,,,,,,,2,NO INDICATION OF INJURY,0,0,0,0,0,2,0,10,4,3,41.80971394,-87.60375337,POINT (-87.603753368258 41.80971393858)
3ce32171a97d2b6839348eaef577cff2ce2f68a9c2bfd79b3e2604e29642638571145fcdb299df2e80335f9b04e7fe361644a31388909fa5d41a0564b6eede3d,JF183977,,3/23/2022 13:20,25,NO CONTROLS,NO CONTROLS,RAIN,DAYLIGHT,REAR END,NOT DIVIDED,,STRAIGHT AND LEVEL,WET,NO DEFECTS,NOT ON SCENE (DESK REPORT),NO INJURY / DRIVE AWAY,,,Y,"$501 - $1,500",3/23/2022 15:32,NOT APPLICABLE,NOT APPLICABLE,321,N,CENTRAL PARK AVE,1123,,,,,,,2,NO INDICATION OF INJURY,0,0,0,0,0,2,0,13,4,3,41.8870044,-87.71592781,POINT (-87.715927809661 41.887004397965)
21fdeb98b983f3d5d03f51aa8f07183b654b190c37be4af60e5f111c5cd631aad418e7ab247b3040a9d7dd518cb9909f4cbc6a531ee0038edeb03a20ce0b9218,,,3/30/2022 17:58,30,STOP SIGN/FLASHER,UNKNOWN,UNKNOWN,UNKNOWN,TURNING,NOT DIVIDED,,STRAIGHT AND LEVEL,UNKNOWN,UNKNOWN,,NO INJURY / DRIVE AWAY,Y,,N,"OVER $1,500",3/31/2022 15:25,UNABLE TO DETERMINE,NOT APPLICABLE,2600,W,OGDEN AVE,1023,,,,,,,2,NO INDICATION OF INJURY,0,0,0,0,0,2,0,17,4,3,41.86311984,-87.69098933,POINT (-87.690989329699 41.863119835485)
3c368897413f768b4a661121a691f4e2f13340d1fa790d8079d00f556d8731b3d946b8a5cceeb45b27afcb6980ead000ee130ffb99b829a48b7f79f2ce1b0d70,JC477732,,10/18/2019 18:41,15,NO CONTROLS,NO CONTROLS,CLEAR,DARKNESS,PARKED MOTOR VEHICLE,PARKING LOT,,STRAIGHT AND LEVEL,DRY,NO DEFECTS,,INJURY AND / OR TOW DUE TO CRASH,,,,"$501 - $1,500",10/18/2019 18:42,IMPROPER BACKING,NOT APPLICABLE,3000,N,CLARK ST,1934,,,,,,,2,"REPORTED, NOT EVIDENT",1,0,0,0,1,3,0,18,6,10,41.93644033,-87.64800621,POINT (-87.64800621163 41.936440325368)
0060ea6cb27e466462cd49a455a80389db460cd2da308bbffa032a8c60aa31932e068ae0268573fee7ade698463f63bdd731c3f5aa111a2721c835bd4a7cd522,JE173885,,3/19/2021 23:09,30,NO CONTROLS,NO CONTROLS,CLEAR,"DARKNESS, LIGHTED ROAD",FIXED OBJECT,NOT DIVIDED,,STRAIGHT AND LEVEL,DRY,UNKNOWN,,INJURY AND / OR TOW DUE TO CRASH,,Y,,"OVER $1,500",3/19/2021 23:09,UNABLE TO DETERMINE,UNABLE TO DETERMINE,614,W,MARQUETTE RD,723,,,,,,,3,FATAL,4,1,0,3,0,0,0,23,6,3,41.77265417,-87.64031944,POINT (-87.64031943724 41.772654170033)
282d86964c135d77093b394181698882e6ed3a7c2aca97875a69b3a8c502d8b56a0da1436532ca98e2789955d27b543c67d823472236ce7e41a6228500bef48c,JD167111,,2/27/2020 18:00,30,NO CONTROLS,NO CONTROLS,CLEAR,DAYLIGHT,TURNING,DIVIDED - W/MEDIAN (NOT RAISED),,STRAIGHT AND LEVEL,DRY,NO DEFECTS,,INJURY AND / OR TOW DUE TO CRASH,Y,,,"OVER $1,500",2/27/2020 18:01,FAILING TO YIELD RIGHT-OF-WAY,UNABLE TO DETERMINE,6429,W,ARCHER AVE,811,,,,,,,2,NO INDICATION OF INJURY,0,0,0,0,0,2,0,18,5,2,41.7922108,-87.78296061,POINT (-87.782960609848 41.792210801235)
2832cfe6eaed21c26e23412075c742bb0927880fad9e054ef0ce6f153cb3bc3f6e5a9e35353a3609618c738ff2791b319da6eefdc308f6490250efa61826e02e,JE492215,,12/18/2021 23:10,30,NO CONTROLS,NO CONTROLS,CLEAR,"DARKNESS, LIGHTED ROAD",FIXED OBJECT,DIVIDED - W/MEDIAN (NOT RAISED),,STRAIGHT ON GRADE,DRY,NO DEFECTS,,INJURY AND / OR TOW DUE TO CRASH,,,,"OVER $1,500",12/18/2021 23:12,NOT APPLICABLE,NOT APPLICABLE,2715,S,ARCHER AVE,913,,,,,,,1,NONINCAPACITATING INJURY,1,0,0,1,0,0,0,23,7,12,41.84421702,-87.65238324,POINT (-87.652383241862 41.844217021865)
ca1a987f16205a8f3210d3e9b1142331b7832f37423a5744b770c9bc40b2a93811eb95682c94704c3ab159f37982b27fcdb94a128bdaef6a2bb2d5a3844936d8,JD210824,,4/17/2020 10:40,30,TRAFFIC SIGNAL,FUNCTIONING PROPERLY,SNOW,DAYLIGHT,REAR END,NOT DIVIDED,,STRAIGHT AND LEVEL,WET,NO DEFECTS,,INJURY AND / OR TOW DUE TO CRASH,,,Y,"$501 - $1,500",4/17/2020 10:40,FOLLOWING TOO CLOSELY,"OPERATING VEHICLE IN ERRATIC, RECKLESS, CARELESS, NEGLIGENT OR AGGRESSIVE MANNER",8220,S,ASHLAND AVE,614,,,,,,,2,NONINCAPACITATING INJURY,4,0,0,1,3,3,0,10,6,4,41.74423686,-87.66343158,POINT (-87.66343158424 41.744236862071)
55761821e132b67c4fe177ff87b9168a99e10de95c99f3e68e64145677afd1dad20b9206e454eeb91de287f81c12742b509ac90c1879ac8635981ed2c10eebf6,JF169529,,3/10/2022 15:39,30,NO CONTROLS,NO CONTROLS,CLOUDY/OVERCAST,DAYLIGHT,SIDESWIPE SAME DIRECTION,NOT DIVIDED,,STRAIGHT AND LEVEL,DRY,NO DEFECTS,ON SCENE,NO INJURY / DRIVE AWAY,,,,"$501 - $1,500",3/10/2022 15:46,IMPROPER OVERTAKING/PASSING,UNABLE TO DETERMINE,5700,W,DIVERSEY AVE,2514,,,,,,,2,NO INDICATION OF INJURY,0,0,0,0,0,3,0,15,5,3,41.93135287,-87.76874011,POINT (-87.768740112349 41.931352870657)
22266c23a54db11ebd1b381be34e3d2b2a417bc09313294b1e473ce1ec43812288e06c6ad1960be1b7c8133d8218adc5f03802d98f9750f1372090beccd52283,JE139039,,2/4/2021 19:00,10,NO CONTROLS,NO CONTROLS,CLEAR,"DARKNESS, LIGHTED ROAD",PARKED MOTOR VEHICLE,DRIVEWAY,,STRAIGHT AND LEVEL,UNKNOWN,NO DEFECTS,,NO INJURY / DRIVE AWAY,,Y,,"OVER $1,500",2/11/2021 16:30,UNABLE TO DETERMINE,UNABLE TO DETERMINE,1210,S,INDIANA AVE,132,,,,,,,2,NO INDICATION OF INJURY,0,0,0,0,0,2,0,19,5,2,41.86713652,-87.62269374,POINT (-87.622693740064 41.867136518732)
3d0ddff684d1d4a71bf93e1c83a2e1d9accb0460f8cddf86d11eb21c687c2de852ab52ab9abdeeaa8c81d6e2165e0e81fe1c7a7a311f86440d393e1198532e15,JD339473,,8/20/2020 18:30,30,TRAFFIC SIGNAL,FUNCTIONING PROPERLY,CLEAR,DUSK,TURNING,CENTER TURN LANE,,STRAIGHT AND LEVEL,DRY,NO DEFECTS,,NO INJURY / DRIVE AWAY,Y,,,$500 OR LESS,8/20/2020 19:20,IMPROPER OVERTAKING/PASSING,UNABLE TO DETERMINE,7900,S,WESTERN AVE,835,,,,,,,2,NO INDICATION OF INJURY,0,0,0,0,0,2,0,18,5,8,41.75005493,-87.6829922,POINT (-87.682992202902 41.75005493365)
3d58587e4ecb9c321db5fc5ae7ddfd06cb2962321bf2b096126a0bb0137698586461d812db6e5319e68c3f45420ff2860d6a4665739a2d66e3c55f49fcc81d4c,JE101569,,1/2/2021 18:00,30,NO CONTROLS,NO CONTROLS,CLEAR,"DARKNESS, LIGHTED ROAD",SIDESWIPE SAME DIRECTION,NOT DIVIDED,,STRAIGHT AND LEVEL,WET,NO DEFECTS,,NO INJURY / DRIVE AWAY,,,N,"OVER $1,500",1/2/2021 18:39,IMPROPER LANE USAGE,IMPROPER LANE USAGE,6741,S,PULASKI RD,833,,,,,,,2,NO INDICATION OF INJURY,0,0,0,0,0,2,0,18,7,1,41.77016513,-87.7223977,POINT (-87.722397697998 41.770165129293)
011199035d5da7b53965b2d4c313b9cf5ca83c4373b0db6c6fb884d1b1e80568267613a77bc22b9decee05b5b813718bf63b192d8a165c8ffdb608f37d9ce06a,JF147817,,2/17/2022 18:00,15,NO CONTROLS,NO CONTROLS,SNOW,DARKNESS,PARKED MOTOR VEHICLE,PARKING LOT,,STRAIGHT ON GRADE,ICE,WORN SURFACE,NOT ON SCENE (DESK REPORT),NO INJURY / DRIVE AWAY,,,,$500 OR LESS,2/17/2022 18:10,WEATHER,NOT APPLICABLE,3151,W,HARRISON ST,1134,,,,,,,2,NO INDICATION OF INJURY,0,0,0,0,0,1,0,18,5,2,41.87358229,-87.70548813,POINT (-87.705488125953 41.873582288348)
016adff891fac9cf8c00533dc3155e5ff989723091ce4787a6a3ea47116d046b8c784f085bf697ad20a8325a2692e67b9b609fab9ec792b70b0dec4ee837d7d3,JF155027,,2/24/2022 18:01,30,NO CONTROLS,NO CONTROLS,SNOW,"DARKNESS, LIGHTED ROAD",ANGLE,NOT DIVIDED,,STRAIGHT AND LEVEL,SNOW OR SLUSH,NO DEFECTS,ON SCENE,NO INJURY / DRIVE AWAY,,,,"OVER $1,500",2/24/2022 18:43,FAILING TO YIELD RIGHT-OF-WAY,UNABLE TO DETERMINE,19,E,21ST ST,131,,,,,,,2,NO INDICATION OF INJURY,0,0,0,0,0,2,0,18,5,2,41.85414552,-87.62620596,POINT (-87.626205954702 41.854145524288)
01813bc15ae2659c795f21ba9c078a49287b85b2285285fab19c2881803d20647cc13a666563298a5e53081e68ec09350baf0eeb50a959941394ace971db4042,JF147617,,2/17/2022 15:00,30,STOP SIGN/FLASHER,FUNCTIONING PROPERLY,SNOW,DAYLIGHT,REAR END,NOT DIVIDED,,STRAIGHT AND LEVEL,SNOW OR SLUSH,NO DEFECTS,NOT ON SCENE (DESK REPORT),NO INJURY / DRIVE AWAY,,,Y,"OVER $1,500",2/17/2022 16:05,"OPERATING VEHICLE IN ERRATIC, RECKLESS, CARELESS, NEGLIGENT OR AGGRESSIVE MANNER",NOT APPLICABLE,6500,S,WENTWORTH AVE,722,,,,,,,2,NO INDICATION OF INJURY,0,0,0,0,0,2,0,15,5,2,41.77659014,-87.6302172,POINT (-87.630217198102 41.776590140893)
0188c17be14a2d854fba485c688e742ca556a3e5273422d69351a30dd1cf27cef619f09d1a8fe7d6392be451c66006ef536eb22ca34bcea3742620102d218b72,JF147573,,2/17/2022 15:45,30,TRAFFIC SIGNAL,FUNCTIONING PROPERLY,SNOW,DAYLIGHT,SIDESWIPE SAME DIRECTION,NOT DIVIDED,,STRAIGHT AND LEVEL,SNOW OR SLUSH,NO DEFECTS,NOT ON SCENE (DESK REPORT),NO INJURY / DRIVE AWAY,,,Y,$500 OR LESS,2/17/2022 16:00,WEATHER,NOT APPLICABLE,6659,S,WENTWORTH AVE,722,,,,,,,2,NO INDICATION OF INJURY,0,0,0,0,0,2,0,15,5,2,41.77280932,-87.62981979,POINT (-87.629819787263 41.772809318114)
016eaf0b25d64bf0917f77ad2c7468196178eaea750a5fc2a729adde6fc6325f1f252a20dc46f6ed40746b961a7645cb2d3a0391777f2363214f9f54639ac611,JE287447,,7/2/2021 15:40,20,NO CONTROLS,NO CONTROLS,CLEAR,DAYLIGHT,SIDESWIPE SAME DIRECTION,NOT DIVIDED,,STRAIGHT AND LEVEL,DRY,NO DEFECTS,,NO INJURY / DRIVE AWAY,,,,"OVER $1,500",7/2/2021 15:45,FAILING TO YIELD RIGHT-OF-WAY,IMPROPER OVERTAKING/PASSING,4760,W,76TH ST,833,,,,,,,2,NO INDICATION OF INJURY,0,0,0,0,0,2,0,15,6,7,,,