CRASH_RECORD_ID,RD_NO,CRASH_DATE_EST_I,CRASH_DATE,POSTED_SPEED_LIMIT,TRAFFIC_CONTROL_DEVICE,DEVICE_CONDITION,WEATHER_CONDITION,LIGHTING_CONDITION,FIRST_CRASH_TYPE,TRAFFICWAY_TYPE,LANE_CNT,ALIGNMENT,ROADWAY_SURFACE_COND,ROAD_DEFECT,REPORT_TYPE,CRASH_TYPE,INTERSECTION_RELATED_I,NOT_RIGHT_OF_WAY_I,HIT_AND_RUN_I,DAMAGE,DATE_POLICE_NOTIFIED,PRIM_CONTRIBUTORY_CAUSE,SEC_CONTRIBUTORY_CAUSE,STREET_NO,STREET_DIRECTION,STREET_NAME,BEAT_OF_OCCURRENCE,PHOTOS_TAKEN_I,STATEMENTS_TAKEN_I,DOORING_I,WORK_ZONE_I,WORK_ZONE_TYPE,WORKERS_PRESENT_I,NUM_UNITS,MOST_SEVERE_INJURY,INJURIES_TOTAL,INJURIES_FATAL,INJURIES_INCAPACITATING,INJURIES_NON_INCAPACITATING,INJURIES_REPORTED_NOT_EVIDENT,INJURIES_NO_INDICATION,INJURIES_UNKNOWN,CRASH_HOUR,CRASH_DAY_OF_WEEK,CRASH_MONTH,LATITUDE,LONGITUDE,LOCATION
01de2634dba6a36b64f7b1e5c9a631f4c59763b781e5ba39dd594bf3c84108efb91439b630b8cf39f4eb13f258fa7294b06d51f303859decfe3cfa807b37c63e,JF156957,,2/17/2022 15:00,30,TRAFFIC SIGNAL,UNKNOWN,UNKNOWN,UNKNOWN,REAR END,FOUR WAY,,STRAIGHT AND LEVEL,UNKNOWN,UNKNOWN,NOT ON SCENE (DESK REPORT),NO INJURY / DRIVE AWAY,Y,,,"OVER $1,500",2/26/2022 17:00,UNABLE TO DETERMINE,UNABLE TO DETERMINE,2029,N,ASHLAND AVE,1432,,,,,,,2,NO INDICATION OF INJURY,0,0,0,0,0,2,0,15,5,2,41.91883193,-87.66802181,POINT (-87.668021807378 41.918831931088)
01e1ca0dc907fac8ef29100a4f18b3bf5b0e1965b77bafdc41e04885a8003a858f7c4cf17ae3e6ab38a892636197c06908fb5e5b44119d085d6413bab5b3c26a,JF147855,,2/17/2022 17:23,30,UNKNOWN,FUNCTIONING PROPERLY,BLOWING SNOW,"DARKNESS, LIGHTED ROAD",FIXED OBJECT,FOUR WAY,,STRAIGHT AND LEVEL,SNOW OR SLUSH,NO DEFECTS,ON SCENE,NO INJURY / DRIVE AWAY,,,,"OVER $1,500",2/17/2022 17:23,UNABLE TO DETERMINE,UNABLE TO DETERMINE,7300,S,STONY ISLAND AVE,324,,,,,,,1,NO INDICATION OF INJURY,0,0,0,0,0,1,0,17,5,2,41.76236192,-87.58637724,POINT (-87.586377234748 41.762361918371)
2433fbaecccd821bccaf862095273973db1703ff2034083792d5c5d3efff28c4f4c8a920e7fc0fc3b37fbce3d5f9760a96b427a82101710a3f9174d3e62c94c9,JE324823,,8/3/2021 16:00,30,UNKNOWN,UNKNOWN,CLEAR,DAYLIGHT,PARKED MOTOR VEHICLE,NOT DIVIDED,,STRAIGHT AND LEVEL,UNKNOWN,UNKNOWN,,INJURY AND / OR TOW DUE TO CRASH,,,,"OVER $1,500",8/3/2021 17:00,UNABLE TO DETERMINE,UNABLE TO DETERMINE,2103,W,BELMONT AVE,1931,,,,,,,3,NO INDICATION OF INJURY,0,0,0,0,0,1,0,16,3,8,41.93943166,-87.68097435,POINT (-87.680974353764 41.939431661794)
3da37750906d01759bf55fc08c55f5f0d5703b86717cc841a2fab9eb2617d2e64d1ba4483573d2d243ea3899a85d985b2ba03879c9a7eeb5d8726cd6e173a140,JC405038,,8/24/2019 7:41,30,TRAFFIC SIGNAL,FUNCTIONING PROPERLY,CLEAR,DAYLIGHT,REAR END,DIVIDED - W/MEDIAN (NOT RAISED),,STRAIGHT AND LEVEL,DRY,NO DEFECTS,,INJURY AND / OR TOW DUE TO CRASH,,,Y,"OVER $1,500",8/24/2019 7:44,UNABLE TO DETERMINE,UNABLE TO DETERMINE,542,W,47TH ST,925,,,,,,,2,NO INDICATION OF INJURY,0,0,0,0,0,2,0,7,7,8,41.80907565,-87.63995363,POINT (-87.639953626182 41.809075644684)
3dc9e3e34edba3756eab275cbe819c469e2513a5da7c17c7c712b659f59ccfe60dfb1db8c791aa0d0ba6576294c09801f319dbdc165ccadbf56b0a4263e50b72,JC538575,N,12/7/2019 18:15,45,NO CONTROLS,NO CONTROLS,CLEAR,"DARKNESS, LIGHTED ROAD",REAR END,DIVIDED - W/MEDIAN BARRIER,,STRAIGHT AND LEVEL,DRY,NO DEFECTS,,NO INJURY / DRIVE AWAY,,,Y,$500 OR LESS,12/7/2019 18:30,FOLLOWING TOO CLOSELY,NOT APPLICABLE,2420,N,LAKE SHORE DR NB,1935,,,,,,,2,NO INDICATION OF INJURY,0,0,0,0,0,3,0,18,7,12,41.9266321,-87.63166509,POINT (-87.631665092132 41.926632096681)
027ffe9c4304ad5aba0af99ca1615a22ed60c9f46e0e3abca034bd979dc6a50e8ae952abedf0d6746cf4865edb6a2fcfa731ab5a1ff4aa530eb1605fd0441607,JF152793,,2/17/2022 16:15,30,NO CONTROLS,NO CONTROLS,SNOW,DAYLIGHT,PARKED MOTOR VEHICLE,NOT DIVIDED,,STRAIGHT AND LEVEL,SNOW OR SLUSH,UNKNOWN,NOT ON SCENE (DESK REPORT),NO INJURY / DRIVE AWAY,,,,"$501 - $1,500",2/22/2022 17:55,WEATHER,IMPROPER TURNING/NO SIGNAL,2806,W,25TH ST,1033,,,,,,,2,NO INDICATION OF INJURY,0,0,0,0,0,1,0,16,5,2,41.84655577,-87.69562859,POINT (-87.695628592125 41.846555770814)
02ce7ad12cd5ed40b28074a56bfb5ea87101fd02a628b5e04bebf68b843e40e2b504476ce57007cb8646cc760d29aef531de272a12d600e3c139823bb252b309,JF154806,,2/24/2022 14:30,35,TRAFFIC SIGNAL,FUNCTIONING PROPERLY,SNOW,DAYLIGHT,TURNING,T-INTERSECTION,,STRAIGHT AND LEVEL,SNOW OR SLUSH,UNKNOWN,ON SCENE,NO INJURY / DRIVE AWAY,Y,,,"$501 - $1,500",2/24/2022 15:28,IMPROPER TURNING/NO SIGNAL,NOT APPLICABLE,1600,W,115TH ST,2234,,,,,,,2,NO INDICATION OF INJURY,0,0,0,0,0,4,0,14,5,2,41.68492729,-87.66177923,POINT (-87.661779225549 41.684927289624)
02a3922eb0a37de5d43d1223fc38d86c4ca52b3ec9e51b6aa832a3866fdd6c899256b55a8d7bf5571c5e1634828e8717fc47bccd46df53da943e99977c0855f7,JF147612,,2/17/2022 15:20,30,STOP SIGN/FLASHER,FUNCTIONING PROPERLY,SNOW,DAYLIGHT,TURNING,ONE-WAY,,STRAIGHT AND LEVEL,SNOW OR SLUSH,NO DEFECTS,NOT ON SCENE (DESK REPORT),NO INJURY / DRIVE AWAY,,,Y,"OVER $1,500",2/17/2022 16:00,WEATHER,UNABLE TO DETERMINE,11730,S,MARSHFIELD AVE,2234,,,,,,,2,NO INDICATION OF INJURY,0,0,0,0,0,3,0,15,5,2,41.68033221,-87.66258468,POINT (-87.662584678739 41.680332205335)
3ebade397dcfb1d675bf2fb1975e0427eda16ad0fe52c5d359554f278f41281b6fd5e9db6c2b2428142c3cb6b3ded710747fdaa835e4babbeb3193fcbd38661e,JF184295,,3/23/2022 19:00,25,STOP SIGN/FLASHER,FUNCTIONING PROPERLY,RAIN,"DARKNESS, LIGHTED ROAD",PARKED MOTOR VEHICLE,FOUR WAY,,STRAIGHT AND LEVEL,WET,NO DEFECTS,ON SCENE,NO INJURY / DRIVE AWAY,,,,"$501 - $1,500",3/23/2022 19:24,UNABLE TO DETERMINE,UNABLE TO DETERMINE,3400,S,HOYNE AVE,912,,,,,,,2,NO INDICATION OF INJURY,0,0,0,0,0,1,0,19,4,3,41.83213627,-87.67792576,POINT (-87.677925755369 41.832136266098)
2b931e001197186e923768eddf4ec9e44eaf5d3324d08d36228fadd5728c448fc194a62cb6bffe14e72802cd5f72cb7c492c5933995d6b7f62f42e4a25cfe011,JF163495,,3/3/2022 20:30,30,UNKNOWN,UNKNOWN,CLEAR,DARKNESS,PARKED MOTOR VEHICLE,NOT DIVIDED,,STRAIGHT ON GRADE,DRY,UNKNOWN,NOT ON SCENE (DESK REPORT),NO INJURY / DRIVE AWAY,,,Y,"$501 - $1,500",3/4/2022 18:45,UNABLE TO DETERMINE,NOT APPLICABLE,4525,S,PRAIRIE AVE,215,,,,,,,2,NO INDICATION OF INJURY,0,0,0,0,0,1,0,20,5,3,41.81220102,-87.6195258,POINT (-87.619525799926 41.81220101864)
02c4a479e0e965cc4b2abdc445c8066dd84ce891dc7dec8a9d648736771e3c8db4bc4131cd8917762ac24cf3aad864ce85db1901a9d84870cf9f95988046ffed,JF148688,,2/17/2022 15:45,25,NO CONTROLS,NO CONTROLS,SNOW,DAYLIGHT,SIDESWIPE OPPOSITE DIRECTION,NOT DIVIDED,,STRAIGHT AND LEVEL,SNOW OR SLUSH,NO DEFECTS,NOT ON SCENE (DESK REPORT),NO INJURY / DRIVE AWAY,,,Y,"$501 - $1,500",2/18/2022 15:40,NOT APPLICABLE,NOT APPLICABLE,3400,W,LAKE ST,1123,,,,,,,2,NO INDICATION OF INJURY,0,0,0,0,0,2,0,15,5,2,41.88475368,-87.71122979,POINT (-87.711229788593 41.884753676395)
037e69da5e8e49c66e60c728f112b84dc6104ff90d4231944687fabcf78ebfe08319530e58a9999f81b61cd43b6a807f985365afb84f619f58edfac42cfb84bd,JF148449,,2/17/2022 18:20,25,NO CONTROLS,NO CONTROLS,SNOW,DUSK,REAR END,NOT DIVIDED,,STRAIGHT AND LEVEL,SNOW OR SLUSH,NO DEFECTS,NOT ON SCENE (DESK REPORT),NO INJURY / DRIVE AWAY,,,,"$501 - $1,500",2/18/2022 12:30,FOLLOWING TOO CLOSELY,WEATHER,1214,S,HALSTED ST,1232,,,,,,,2,NO INDICATION OF INJURY,0,0,0,0,0,2,0,18,5,2,41.86668696,-87.64705514,POINT (-87.647055136532 41.866686961309)
041cb4b225de763759cac8bcc477280079ca02576a8b4b788bdcbd59b2ab1aa69ceb49cf24e8b6ab06747b58f8642426b582ccc0c72f872d7d89a82a17b03517,JF154852,,2/24/2022 14:50,30,UNKNOWN,UNKNOWN,SNOW,DAYLIGHT,SIDESWIPE SAME DIRECTION,UNKNOWN,,STRAIGHT AND LEVEL,SNOW OR SLUSH,UNKNOWN,NOT ON SCENE (DESK REPORT),NO INJURY / DRIVE AWAY,,,,"OVER $1,500",2/24/2022 16:00,UNABLE TO DETERMINE,UNABLE TO DETERMINE,12747,S,HALSTED ST,523,,,,,,,2,NO INDICATION OF INJURY,0,0,0,0,0,2,0,14,5,2,41.66188846,-87.64122912,POINT (-87.641229122617 41.661888460213)
03ea1a825190ee4ea5f08b3f45e03842741d3273f71d37b2826181771786eb7cd85491e7fd30356a885a7cf50ec30d4e67071d9614896daa1c78afd95879c460,JF152175,,2/17/2022 16:20,30,TRAFFIC SIGNAL,FUNCTIONING PROPERLY,SNOW,DAYLIGHT,ANGLE,FOUR WAY,,STRAIGHT AND LEVEL,SNOW OR SLUSH,NO DEFECTS,NOT ON SCENE (DESK REPORT),INJURY AND / OR TOW DUE TO CRASH,Y,,,"OVER $1,500",2/22/2022 8:40,UNABLE TO DETERMINE,NOT APPLICABLE,1200,W,51ST ST,933,,,,,,,2,"REPORTED, NOT EVIDENT",1,0,0,0,1,2,0,16,5,2,41.80156118,-87.65512179,POINT (-87.655121786516 41.801561178361)
2d2e5504af3bda0742cf1d70be9e1110dc8e4a13b3a1db4a65646e86c934d43896cf196887c8bf4057af079e6330200d942e486492396637ab2a214f454e0fd0,JF162567,,3/3/2022 20:40,30,UNKNOWN,UNKNOWN,CLEAR,UNKNOWN,HEAD ON,UNKNOWN,,STRAIGHT AND LEVEL,DRY,UNKNOWN,ON SCENE,INJURY AND / OR TOW DUE TO CRASH,,,Y,"OVER $1,500",3/4/2022 0:03,DRIVING ON WRONG SIDE/WRONG WAY,UNABLE TO DETERMINE,6950,S,VINCENNES AVE,731,,,,,,,2,NONINCAPACITATING INJURY,1,0,0,1,0,1,0,20,5,3,41.76766105,-87.62710082,POINT (-87.627100822462 41.767661046046)
5a56a1e46bffe18372f5b33bf54761f68fd7077a720e48a1fb96a9ce7230af45f205dba2c2c56016bd1fa44d81a9b2c84691837e011d38cf70e07ac6c2c6577c,JF169319,,3/10/2022 12:55,30,NO CONTROLS,NO CONTROLS,CLEAR,DAYLIGHT,SIDESWIPE SAME DIRECTION,NOT DIVIDED,,STRAIGHT AND LEVEL,DRY,NO DEFECTS,NOT ON SCENE (DESK REPORT),NO INJURY / DRIVE AWAY,,,,"OVER $1,500",3/10/2022 13:15,IMPROPER LANE USAGE,IMPROPER LANE USAGE,7031,S,PULASKI RD,833,,,,,,,2,NO INDICATION OF INJURY,0,0,0,0,0,2,0,12,5,3,41.76505721,-87.72227379,POINT (-87.722273793679 41.7650572103)
280111feaf80c8950f5fd490a9c77963606cc2f0e1d926ab276e01635c7197c0d3342fa717d1a8425b8c5f98639d57cbbdbc23430d35640ebe229ade99ec5566,JD400508,,10/15/2020 16:05,30,NO CONTROLS,NO CONTROLS,CLEAR,DAYLIGHT,TURNING,DIVIDED - W/MEDIAN (NOT RAISED),,STRAIGHT AND LEVEL,DRY,NO DEFECTS,,INJURY AND / OR TOW DUE TO CRASH,,,,"OVER $1,500",10/15/2020 16:12,FAILING TO YIELD RIGHT-OF-WAY,FAILING TO REDUCE SPEED TO AVOID CRASH,3260,W,BELMONT AVE,1733,,,,,,,2,NO INDICATION OF INJURY,0,0,0,0,0,2,0,16,5,10,41.93941738,-87.70992512,POINT (-87.709925116462 41.939417381759)
2839289a0f04b19fffeb876c4674ad5a7a1507fbe91237b9d285117ad33e648872a98b254d6e28ec2f91c2236324a1e71bbb766d3baf2581fa2604c39d46c4b0,JE167730,,3/13/2021 10:40,30,TRAFFIC SIGNAL,FUNCTIONING PROPERLY,CLEAR,DAYLIGHT,REAR END,DIVIDED - W/MEDIAN (NOT RAISED),,STRAIGHT AND LEVEL,DRY,NO DEFECTS,,NO INJURY / DRIVE AWAY,Y,,,"OVER $1,500",3/13/2021 10:50,FOLLOWING TOO CLOSELY,NOT APPLICABLE,2400,W,ARMITAGE AVE,1431,,,,,,,2,NO INDICATION OF INJURY,0,0,0,0,0,3,0,10,7,3,41.91767733,-87.68746988,POINT (-87.687469877205 41.917677328541)
3f2a5c2ca872f039fe7f16c235b688e732273f4251a93bc800f666298ca2c9030b3f63cb5ee649540da6e876256570637e280c59ab33f67b3251598942fe82c0,JD435877,Y,11/19/2020 13:50,35,NO CONTROLS,NO CONTROLS,CLEAR,DAYLIGHT,TURNING,NOT DIVIDED,,STRAIGHT AND LEVEL,DRY,NO DEFECTS,,NO INJURY / DRIVE AWAY,,,N,"OVER $1,500",11/19/2020 13:51,FAILING TO YIELD RIGHT-OF-WAY,"OPERATING VEHICLE IN ERRATIC, RECKLESS, CARELESS, NEGLIGENT OR AGGRESSIVE MANNER",6901,S,PULASKI RD,833,,,,,,,2,NO INDICATION OF INJURY,0,0,0,0,0,2,0,13,5,11,41.76769188,-87.72233765,POINT (-87.72233765074 41.767691882839)
04e58f8631ea99aee5d7420bef5940ae6b4fa9d3621ac57f8e53658b0779fac0158e321ffcdb85853cae11f6bf3d794ddcbb946e45e7dcfb1692624d7c31fe78,JF147692,,2/17/2022 16:29,30,NO CONTROLS,NO CONTROLS,SNOW,DAYLIGHT,HEAD ON,NOT DIVIDED,,STRAIGHT AND LEVEL,SNOW OR SLUSH,NO DEFECTS,ON SCENE,INJURY AND / OR TOW DUE TO CRASH,,,,"OVER $1,500",2/17/2022 16:38,WEATHER,NOT APPLICABLE,5300,N,PULASKI RD,1712,,,,,,,2,"REPORTED, NOT EVIDENT",1,0,0,0,1,1,0,16,5,2,41.97744304,-87.72843273,POINT (-87.728432729456 41.977443039389)
04fe887c8fbe40f4b211a66004adcbafa74ae2c1d691d7dcc37b88dcb9e05487c7652748211102bfd2a43fc309c62764f87e6e1af7e58542bc014b31cbe10f8d,JF155142,,2/24/2022 9:30,25,TRAFFIC SIGNAL,FUNCTIONING PROPERLY,SNOW,"DARKNESS, LIGHTED ROAD",REAR END,NOT DIVIDED,,STRAIGHT AND LEVEL,SNOW OR SLUSH,NO DEFECTS,NOT ON SCENE (DESK REPORT),NO INJURY / DRIVE AWAY,Y,,,"$501 - $1,500",2/24/2022 9:35,FOLLOWING TOO CLOSELY,WEATHER,1258,W,63RD ST,713,,,,,,,2,NO INDICATION OF INJURY,0,0,0,0,0,2,0,9,5,2,41.77968658,-87.65687388,POINT (-87.656873882001 41.779686581288)
5bce74aa737f9c6e54bc2d6e0378b4cd26e7b1c8c24b5fab4d5500a68dfa226aab9400b211f95d254a52474c5381be85b474d068583081791d5ac00ce08462ef,JF169310,,3/10/2022 9:00,30,TRAFFIC SIGNAL,FUNCTIONING PROPERLY,UNKNOWN,DAYLIGHT,SIDESWIPE SAME DIRECTION,NOT DIVIDED,,STRAIGHT AND LEVEL,UNKNOWN,UNKNOWN,NOT ON SCENE (DESK REPORT),NO INJURY / DRIVE AWAY,,,,$500 OR LESS,3/10/2022 13:10,EQUIPMENT - VEHICLE CONDITION,NOT APPLICABLE,1201,W,83RD ST,613,,,,,,,2,NO INDICATION OF INJURY,0,0,0,0,0,2,0,9,5,3,41.74310506,-87.65359502,POINT (-87.65359501713 41.743105061664)
40fb339c1432977f833b054b88c9726722ccc3c5706d7d46f3f2af885b767d517dd65feb52f65aacc00b6495d7e40881a8a3797b0d7aa8cd4cc4a492720aee24,JF185003,,3/23/2022 19:20,30,STOP SIGN/FLASHER,FUNCTIONING PROPERLY,CLEAR,DAYLIGHT,ANGLE,DIVIDED - W/MEDIAN (NOT RAISED),,STRAIGHT AND LEVEL,WET,NO DEFECTS,NOT ON SCENE (DESK REPORT),NO INJURY / DRIVE AWAY,,,,"OVER $1,500",3/24/2022 13:15,UNABLE TO DETERMINE,NOT APPLICABLE,9800,S,VAN VLISSINGEN RD,431,,,,,,,2,NO INDICATION OF INJURY,0,0,0,0,0,3,0,19,4,3,41.71698051,-87.57576145,POINT (-87.575761451573 41.71698050746)
062d52bea80fa70cc07c670326a75d982a87c491f5966304df78cf26c26306f518bf1633c401b925ffdb3290854fa8eb83efb64c1c94525cf25c02f80b28525a,JF148687,,2/17/2022 18:30,5,NO CONTROLS,NO CONTROLS,CLEAR,DAYLIGHT,PARKED MOTOR VEHICLE,PARKING LOT,,STRAIGHT AND LEVEL,SNOW OR SLUSH,NO DEFECTS,NOT ON SCENE (DESK REPORT),NO INJURY / DRIVE AWAY,,Y,,"OVER $1,500",2/18/2022 16:00,IMPROPER BACKING,IMPROPER BACKING,1734,E,71ST ST,332,,,,,,,2,NO INDICATION OF INJURY,0,0,0,0,0,1,0,18,5,2,41.76628981,-87.58231129,POINT (-87.582311289947 41.76628980462)
5d89c8f4910eff734525a7edb6cf7389391684db8a502c145e0fb4b3214ef90888a6cb9f80e8514d900e388dec8281369b947023ae0ff7c98a5e80e20f3af5a9,JF169025,,3/10/2022 7:55,35,TRAFFIC SIGNAL,FUNCTIONING PROPERLY,CLEAR,DAYLIGHT,SIDESWIPE SAME DIRECTION,NOT DIVIDED,,STRAIGHT AND LEVEL,DRY,UNKNOWN,ON SCENE,NO INJURY / DRIVE AWAY,Y,,,"$501 - $1,500",3/10/2022 8:17,IMPROPER LANE USAGE,NOT APPLICABLE,801,W,NORTH AVE,1822,,,,,,,2,NO INDICATION OF INJURY,0,0,0,0,0,2,0,7,5,3,41.91080902,-87.64833033,POINT (-87.648330325234 41.910809016625)
0713051dc05aa698351cb4b3f100f087ff33d968b575d025dc3d7bd9018e0d2d225eefdc0c9cd2c4fb4a2a34ceba849a77b326625c313b9aa8218cf5af595e72,JF154653,,2/24/2022 12:40,35,TRAFFIC SIGNAL,FUNCTIONING PROPERLY,CLEAR,DAYLIGHT,ANGLE,NOT DIVIDED,,STRAIGHT AND LEVEL,DRY,NO DEFECTS,ON SCENE,INJURY AND / OR TOW DUE TO CRASH,Y,,,"$501 - $1,500",2/24/2022 12:41,FAILING TO YIELD RIGHT-OF-WAY,NOT APPLICABLE,800,N,LA SALLE DR,1832,,,,,,,2,"REPORTED, NOT EVIDENT",1,0,0,0,1,1,0,12,5,2,41.89667888,-87.63285766,POINT (-87.632857660493 41.896678875257)
5dddd6b8ff4629adeed1f22497f811a139e902b9f53889056a416b3f670ec95cd4de2c236624a7dd7ed261665992d7e5c7b0fac723f986b32898ff65dbc1ea33,JF169411,,3/10/2022 7:30,30,NO CONTROLS,NO CONTROLS,CLEAR,DAYLIGHT,PARKED MOTOR VEHICLE,ONE-WAY,,STRAIGHT AND LEVEL,DRY,NO DEFECTS,ON SCENE,NO INJURY / DRIVE AWAY,,,Y,"OVER $1,500",3/10/2022 13:45,FAILING TO YIELD RIGHT-OF-WAY,NOT APPLICABLE,8365,S,BALTIMORE AVE,423,,,,,,,4,NO INDICATION OF INJURY,0,0,0,0,0,1,0,7,5,3,41.74358604,-87.55369864,POINT (-87.55369864236 41.743586038921)
2a34e71e620888ee7f86a9e76ee8325502b1734debe5a097a250319750cde073d6f994d7cead89aa8dafaf5a2299d1ca6d602cb86909a51d1a9604bd1fe6221d,JF177579,,3/17/2022 14:23,30,NO CONTROLS,NO CONTROLS,UNKNOWN,UNKNOWN,ANGLE,ONE-WAY,,STRAIGHT AND LEVEL,UNKNOWN,UNKNOWN,NOT ON SCENE (DESK REPORT),INJURY AND / OR TOW DUE TO CRASH,,,,"OVER $1,500",3/17/2022 20:15,UNABLE TO DETERMINE,NOT APPLICABLE,10523,S,MICHIGAN AVE,512,,,,,,,2,NO INDICATION OF INJURY,0,0,0,0,0,2,0,14,5,3,41.7028074,-87.62056748,POINT (-87.620567480193 41.702807401874)
0715be2a39ca90d8a4ad8773bde2b8197a64cc2cbeeb8a047d9a8f48dae4bc802f59475629d89cac38e43418bd89db1cd45206695b0192342b6c2e1bccf64aca,JF147565,,2/17/2022 15:00,30,TRAFFIC SIGNAL,FUNCTIONING PROPERLY,SNOW,DUSK,REAR END,NOT DIVIDED,,STRAIGHT AND LEVEL,SNOW OR SLUSH,NO DEFECTS,NOT ON SCENE (DESK REPORT),NO INJURY / DRIVE AWAY,,,,"OVER $1,500",2/17/2022 15:55,UNABLE TO DETERMINE,NOT APPLICABLE,800,W,GARFIELD BLVD,934,,,,,,,2,NO INDICATION OF INJURY,0,0,0,0,0,2,0,15,5,2,41.79441011,-87.64528468,POINT (-87.645284674705 41.794410114413)
0800b5f59577108bb16a730c6f6e437453be3fe43e256dc91b0e8b9acedc9df078c1c1324a8ce87827a04170de5d34e7c4479fc687b0beb3e14a502383e64c7f,JF147125,,2/17/2022 8:07,20,NO CONTROLS,NO CONTROLS,CLEAR,DAYLIGHT,PARKED MOTOR VEHICLE,ONE-WAY,,STRAIGHT AND LEVEL,DRY,NO DEFECTS,NOT ON SCENE (DESK REPORT),NO INJURY / DRIVE AWAY,,,,"OVER $1,500",2/17/2022 8:30,UNABLE TO DETERMINE,NOT APPLICABLE,5231,S,SPAULDING AVE,822,,,,,,,2,NO INDICATION OF INJURY,0,0,0,0,0,1,0,8,5,2,41.79802184,-87.70598721,POINT (-87.705987213946 41.798021841089)
2b3f1f874a7fa8d2ebbc4dbbd4dc74c55012c886093a917b99b37155da911fa23c4cc98d9b11926c0e219014af893f63a1ffc3d69bcd560a76e9adf7604362dd,JF177654,,3/17/2022 21:10,30,NO CONTROLS,NO CONTROLS,CLEAR,"DARKNESS, LIGHTED ROAD",PARKED MOTOR VEHICLE,NOT DIVIDED,,STRAIGHT AND LEVEL,DRY,NO DEFECTS,,NO INJURY / DRIVE AWAY,,,,"OVER $1,500",3/17/2022 21:13,IMPROPER LANE USAGE,NOT APPLICABLE,13,W,HUBBARD ST,1831,,,,,,,2,NO INDICATION OF INJURY,0,0,0,0,0,3,0,21,5,3,41.88994724,-87.62851738,POINT (-87.628517382184 41.889947239281)
5f4bfa16f6e933f184e5ce7c12eda2e574d3e32095aeff6a182beb6963d2ee17901936b696ad71eeb80b723e1216080e025ce1d2d9ddc5d5b9cd22069e548ed0,JF170290,,3/10/2022 23:30,30,TRAFFIC SIGNAL,FUNCTIONING PROPERLY,CLEAR,DAYLIGHT,REAR END,OTHER,,STRAIGHT AND LEVEL,DRY,UNKNOWN,NOT ON SCENE (DESK REPORT),INJURY AND / OR TOW DUE TO CRASH,Y,,,"$501 - $1,500",3/11/2022 11:05,"OPERATING VEHICLE IN ERRATIC, RECKLESS, CARELESS, NEGLIGENT OR AGGRESSIVE MANNER",NOT APPLICABLE,5500,S,LAFAYETTE AVE,225,,,,,,,2,NO INDICATION OF INJURY,0,0,0,0,0,2,0,23,5,3,41.79419508,-87.62693076,POINT (-87.626930758373 41.79419508128)
32aafd53173c68176b36c3a2c9f353b78d46062866613772634a9d6301b346e328b896e51f9734340d482c85ba9f2e37113e6b7b7a516ca5d04267ea55e9b2e8,JF162050,,3/3/2022 13:40,20,TRAFFIC SIGNAL,FUNCTIONING PROPERLY,CLEAR,DAYLIGHT,REAR END,NOT DIVIDED,,STRAIGHT AND LEVEL,WET,NO DEFECTS,NOT ON SCENE (DESK REPORT),NO INJURY / DRIVE AWAY,Y,,,$500 OR LESS,3/3/2022 14:30,FOLLOWING TOO CLOSELY,NOT APPLICABLE,2600,N,SACRAMENTO AVE,1411,,Y,,,,,2,NO INDICATION OF INJURY,0,0,0,0,0,2,0,13,5,3,41.92874408,-87.7025753,POINT (-87.702575302053 41.928744078365)
08428df43e9fca25a2c42f357270e40cad9ccaf3fcbb1a8c9e2a6c36bf7d852f7fdc47c31bfe2ab44e612a45f3fdbf222bab150543291de5f65498b1938d5abf,JF154537,,2/24/2022 10:41,30,NO CONTROLS,NO CONTROLS,CLEAR,DAYLIGHT,ANGLE,NOT DIVIDED,,STRAIGHT AND LEVEL,DRY,NO DEFECTS,ON SCENE,INJURY AND / OR TOW DUE TO CRASH,,,,"OVER $1,500",2/24/2022 11:08,UNABLE TO DETERMINE,UNABLE TO DETERMINE,800,W,HUBBARD ST,1214,,,,,,,2,NO INDICATION OF INJURY,0,0,0,0,0,2,0,10,5,2,41.89019488,-87.6476687,POINT (-87.647668699131 41.890194882661)
086b816ff6d3adac51dc726786dc367aaed2b1012eeb7bcbc3ff6a8c14f86a1cae449f6e3a74f7d3ca06480de02a2a7df2d3fb65d32bb99e4dca16dd3ccdd08a,JF156842,,2/24/2022 23:00,25,NO CONTROLS,NO CONTROLS,CLEAR,DAYLIGHT,FIXED OBJECT,ONE-WAY,,STRAIGHT AND LEVEL,UNKNOWN,"RUT, HOLES",NOT ON SCENE (DESK REPORT),INJURY AND / OR TOW DUE TO CRASH,,,,"OVER $1,500",2/26/2022 15:15,ROAD ENGINEERING/SURFACE/MARKING DEFECTS,NOT APPLICABLE,1202,S,UNION AVE,1232,,,,,,,1,NO INDICATION OF INJURY,0,0,0,0,0,1,0,23,5,2,41.86705963,-87.64525942,POINT (-87.645259415918 41.867059628321)
086a9d586a595969ac141f401107f9d27b480af2069cac40b56d2fb5ffca4e9e59cbd51ade6c612c0a848a0910f304254cfac75c3beb386968e70a10e4f1b829,JF147610,,2/17/2022 15:30,30,NO CONTROLS,NO CONTROLS,SNOW,DAYLIGHT,TURNING,NOT DIVIDED,,STRAIGHT AND LEVEL,SNOW OR SLUSH,NO DEFECTS,NOT ON SCENE (DESK REPORT),NO INJURY / DRIVE AWAY,,,,"$501 - $1,500",2/17/2022 16:15,FAILING TO YIELD RIGHT-OF-WAY,UNABLE TO DETERMINE,845,W,WELLINGTON AVE,1933,,,,,,,2,NO INDICATION OF INJURY,0,0,0,0,0,2,0,15,5,2,41.93622204,-87.65095487,POINT (-87.650954872984 41.936222042833)