CRASH_RECORD_ID,RD_NO,CRASH_DATE_EST_I,CRASH_DATE,POSTED_SPEED_LIMIT,TRAFFIC_CONTROL_DEVICE,DEVICE_CONDITION,WEATHER_CONDITION,LIGHTING_CONDITION,FIRST_CRASH_TYPE,TRAFFICWAY_TYPE,LANE_CNT,ALIGNMENT,ROADWAY_SURFACE_COND,ROAD_DEFECT,REPORT_TYPE,CRASH_TYPE,INTERSECTION_RELATED_I,NOT_RIGHT_OF_WAY_I,HIT_AND_RUN_I,DAMAGE,DATE_POLICE_NOTIFIED,PRIM_CONTRIBUTORY_CAUSE,SEC_CONTRIBUTORY_CAUSE,STREET_NO,STREET_DIRECTION,STREET_NAME,BEAT_OF_OCCURRENCE,PHOTOS_TAKEN_I,STATEMENTS_TAKEN_I,DOORING_I,WORK_ZONE_I,WORK_ZONE_TYPE,WORKERS_PRESENT_I,NUM_UNITS,MOST_SEVERE_INJURY,INJURIES_TOTAL,INJURIES_FATAL,INJURIES_INCAPACITATING,INJURIES_NON_INCAPACITATING,INJURIES_REPORTED_NOT_EVIDENT,INJURIES_NO_INDICATION,INJURIES_UNKNOWN,CRASH_HOUR,CRASH_DAY_OF_WEEK,CRASH_MONTH,LATITUDE,LONGITUDE,LOCATION
2ba7e3501d04e1084b255696d6d697db3bb8c2177686542e2527df56c2ec2fe0e489f586b0219c2a3e2f8ac99bb708c2fa89b3240939ead0e91d0f1b4cb4ee43,JF177392,,3/17/2022 16:56,30,NO CONTROLS,NO CONTROLS,CLEAR,DAYLIGHT,REAR END,NOT DIVIDED,,STRAIGHT AND LEVEL,DRY,NO DEFECTS,ON SCENE,NO INJURY / DRIVE AWAY,,,Y,"OVER $1,500",3/17/2022 16:56,FOLLOWING TOO CLOSELY,NOT APPLICABLE,7000,S,HALSTED ST,733,,,,,,,3,NO INDICATION OF INJURY,0,0,0,0,0,3,0,16,5,3,41.76692244,-87.64460245,POINT (-87.644602447367 41.766922435101)
0893bc54163f2fc8ecb825c5819bf14f8a639c0c8b7e10e64f7ec2d9014c2a7e6cfc53f39ad98e9a5ca528c599a10245f088ddb83d5adbb857d61521d89edb04,JF148313,,2/17/2022 17:20,30,STOP SIGN/FLASHER,FUNCTIONING PROPERLY,SNOW,"DARKNESS, LIGHTED ROAD",REAR END,NOT DIVIDED,,STRAIGHT AND LEVEL,SNOW OR SLUSH,UNKNOWN,NOT ON SCENE (DESK REPORT),NO INJURY / DRIVE AWAY,,,,"OVER $1,500",2/18/2022 10:00,WEATHER,WEATHER,2254,N,CENTRAL PARK AVE,2525,,,,,,,2,NO INDICATION OF INJURY,0,0,0,0,0,3,0,17,5,2,41.9226081,-87.71708048,POINT (-87.717080475563 41.922608101046)
2c1c66f72f1e46a8cf268b683aca96259ee0bdd86a8f2a28b8d701f00437cd49624d1b066ca5c17507af19a0b5c97b3fb78e57d1d842fce1e17723ed4f43d69a,JF177378,,3/17/2022 16:17,30,NO CONTROLS,NO CONTROLS,CLEAR,DAYLIGHT,PARKED MOTOR VEHICLE,NOT DIVIDED,,STRAIGHT AND LEVEL,DRY,NO DEFECTS,ON SCENE,NO INJURY / DRIVE AWAY,,,,"OVER $1,500",3/17/2022 16:40,FAILING TO REDUCE SPEED TO AVOID CRASH,NOT APPLICABLE,536,N,HAMLIN AVE,1122,,,,,,,2,NO INDICATION OF INJURY,0,0,0,0,0,1,0,16,5,3,41.89102084,-87.72121335,POINT (-87.72121335175 41.891020843677)
089b2270b6a90458476219caee240e273c93d28ff541e302c7097523ff3fd8aea4605e76ed7ecb726fe7b24a91651638bd37033798d6ac888d88bd1456b82fad,JF155124,,2/24/2022 20:45,30,TRAFFIC SIGNAL,FUNCTIONING PROPERLY,SNOW,"DARKNESS, LIGHTED ROAD",TURNING,OTHER,,STRAIGHT AND LEVEL,WET,NO DEFECTS,NOT ON SCENE (DESK REPORT),NO INJURY / DRIVE AWAY,Y,,,"$501 - $1,500",2/24/2022 20:58,IMPROPER LANE USAGE,DRIVING SKILLS/KNOWLEDGE/EXPERIENCE,6400,W,GREGORY ST,1613,,,,,,,2,NO INDICATION OF INJURY,0,0,0,0,0,2,0,20,5,2,41.9821708,-87.78777518,POINT (-87.787775175977 41.982170804265)
08a3650998548a3b6be0c49b474d6c4af832d2a155e3b1eee96be85972d1cd2df66b7b5b9dc569e22ace81f96ea441555e6753dfc8e22ae2fd3fd60783c1d2c8,JF148223,,2/17/2022 14:00,30,NO CONTROLS,UNKNOWN,UNKNOWN,UNKNOWN,PARKED MOTOR VEHICLE,ONE-WAY,,STRAIGHT AND LEVEL,UNKNOWN,UNKNOWN,NOT ON SCENE (DESK REPORT),NO INJURY / DRIVE AWAY,,,,"OVER $1,500",2/18/2022 8:40,UNABLE TO DETERMINE,UNABLE TO DETERMINE,1345,N,KARLOV AVE,2534,,,,,,,2,NO INDICATION OF INJURY,0,0,0,0,0,1,0,14,5,2,41.9057624,-87.72870619,POINT (-87.728706190508 41.905762402343)
091b963b579b520e7bc3276ecf3bf4c18cce5003bc0ea623bc2efc6de6341f772127daac806560d2359833780bfa4cb1d758f29765bff41bf4977acae9b767e1,JF154398,,2/24/2022 8:50,10,NO CONTROLS,NO CONTROLS,CLEAR,DAYLIGHT,ANGLE,OTHER,,STRAIGHT AND LEVEL,DRY,NO DEFECTS,ON SCENE,NO INJURY / DRIVE AWAY,,,,"$501 - $1,500",2/24/2022 9:20,UNABLE TO DETERMINE,UNABLE TO DETERMINE,2986,S,ARCHER AVE,913,,,,,,,2,NO INDICATION OF INJURY,0,0,0,0,0,2,0,8,5,2,41.84045224,-87.66069964,POINT (-87.660699642205 41.840452241923)
2e49d38f6b533fa6627f40aa4fc272478473d8e8f4c3f9d629c2071526241846f2f863ce37a06e4f713459e6de0c61ad40e639dbb9886b2936a4c7e377ec3522,JF176827,,3/17/2022 8:55,30,NO CONTROLS,NO CONTROLS,CLEAR,DAYLIGHT,TURNING,NOT DIVIDED,,STRAIGHT AND LEVEL,DRY,NO DEFECTS,ON SCENE,NO INJURY / DRIVE AWAY,Y,,Y,"$501 - $1,500",3/17/2022 8:55,FAILING TO YIELD RIGHT-OF-WAY,NOT APPLICABLE,1232,E,79TH ST,411,,,,,,,2,NO INDICATION OF INJURY,0,0,0,0,0,3,0,8,5,3,41.75151067,-87.59421419,POINT (-87.594214187514 41.751510674422)
095af5301b60974807609ba6328884a60218e74a447b83d4bfd2a8d0a6aa93e6be797c688208fc9155c2de1adde9730e3ca394e425df4936671ff0604231e8a5,JF154847,,2/24/2022 16:10,25,STOP SIGN/FLASHER,FUNCTIONING PROPERLY,SNOW,DAYLIGHT,FIXED OBJECT,FOUR WAY,,STRAIGHT AND LEVEL,SNOW OR SLUSH,UNKNOWN,ON SCENE,INJURY AND / OR TOW DUE TO CRASH,Y,,,"OVER $1,500",2/24/2022 16:20,"EVASIVE ACTION DUE TO ANIMAL, OBJECT, NONMOTORIST",UNABLE TO DETERMINE,3500,W,GLENLAKE AVE,1711,,,,,,,1,NO INDICATION OF INJURY,0,0,0,0,0,1,0,16,5,2,41.99212131,-87.71653856,POINT (-87.716538554663 41.99212131177)
33909bcca8891e7be3e3ad91b54c41ef4d9f1829ed36de6627526fe94436fa63436cc2673afc9029907330f422f03fc80b126f614932aced68ad2ea4d9f50aae,JF162075,,3/3/2022 14:00,35,TRAFFIC SIGNAL,FUNCTIONING PROPERLY,CLEAR,DAYLIGHT,REAR END,NOT DIVIDED,,STRAIGHT AND LEVEL,DRY,NO DEFECTS,NOT ON SCENE (DESK REPORT),NO INJURY / DRIVE AWAY,,,,"$501 - $1,500",3/3/2022 15:00,FOLLOWING TOO CLOSELY,FOLLOWING TOO CLOSELY,211,W,HARRISON ST,123,,,,,,,2,NO INDICATION OF INJURY,0,0,0,0,0,2,0,14,5,3,41.87437239,-87.63397885,POINT (-87.633978853168 41.874372384622)
0a446e48088004f3e3b93a01e915e04fa44bcaff28adf069a250f3cbc18a8561f0881e8be102f1442809d05d3cc651d6681136c5b57ae25bbbcda49f0b7dbd20,JF147377,,2/17/2022 11:50,30,NO CONTROLS,NO CONTROLS,CLEAR,DAYLIGHT,REAR END,UNKNOWN,,STRAIGHT AND LEVEL,DRY,UNKNOWN,NOT ON SCENE (DESK REPORT),NO INJURY / DRIVE AWAY,,,,"$501 - $1,500",2/17/2022 13:00,UNABLE TO DETERMINE,NOT APPLICABLE,2449,W,LAWRENCE AVE,1911,,,,,,,2,NO INDICATION OF INJURY,0,0,0,0,0,2,0,11,5,2,41.96848652,-87.69084636,POINT (-87.690846358207 41.968486523199)
2ec4f6215e70b1f753b8152c0e82a0565bf1963d50cc02e7b5083bd91085e864db29d7c0e629f63c9c15a64e4daa596085067aea04015d9791ef3cf931369272,JE150899,,2/24/2021 12:47,30,NO CONTROLS,NO CONTROLS,CLEAR,DAYLIGHT,TURNING,DIVIDED - W/MEDIAN (NOT RAISED),,STRAIGHT AND LEVEL,DRY,UNKNOWN,,INJURY AND / OR TOW DUE TO CRASH,,,,"OVER $1,500",2/24/2021 12:47,IMPROPER TURNING/NO SIGNAL,IMPROPER TURNING/NO SIGNAL,5699,W,LAKE ST,1512,,,,,,,4,NO INDICATION OF INJURY,0,0,0,0,0,2,0,12,4,2,41.8876944,-87.76763577,POINT (-87.767635771333 41.887694403138)
0aac093e1b190678146b1e2fcb96828e1ee4a0bdeeb0e86727d2627fd27958d5886f969b2f6960b628c66e0b5fc85171a52c9af132683ca6706bd72af0cc006f,JF155108,,2/24/2022 20:35,30,NO CONTROLS,NO CONTROLS,SNOW,"DARKNESS, LIGHTED ROAD",SIDESWIPE SAME DIRECTION,NOT DIVIDED,,STRAIGHT AND LEVEL,SNOW OR SLUSH,NO DEFECTS,NOT ON SCENE (DESK REPORT),NO INJURY / DRIVE AWAY,,,Y,"$501 - $1,500",2/24/2022 20:50,FAILING TO YIELD RIGHT-OF-WAY,NOT APPLICABLE,4365,W,IRVING PARK RD,1731,,,,,,,2,NO INDICATION OF INJURY,0,0,0,0,0,2,0,20,5,2,41.95342091,-87.73799691,POINT (-87.737996905121 41.953420907104)
0bde1cf5a2c2bb5e877151f3f612d9f8a3214f0196102e9251d897bafafbd1b042951e9e4e03a4c564bd21710ca544028f947b88f4017998000bc727e74add6b,JF149407,,2/17/2022 20:00,30,TRAFFIC SIGNAL,FUNCTIONING PROPERLY,CLEAR,DAYLIGHT,REAR END,NOT DIVIDED,,STRAIGHT AND LEVEL,UNKNOWN,UNKNOWN,NOT ON SCENE (DESK REPORT),NO INJURY / DRIVE AWAY,,,,"OVER $1,500",2/19/2022 11:15,UNABLE TO DETERMINE,NOT APPLICABLE,7001,W,DIVERSEY AVE,2512,,,,,,,2,NO INDICATION OF INJURY,0,0,0,0,0,2,0,20,5,2,41.93070784,-87.80106867,POINT (-87.801068671721 41.930707838916)
369be37a78d9dd1777426416b453e6233ec585ade3c36b47983ee8711fcf1d03c808dd6579d64d1194f8363871bca8800eda41a4f6974475921cc292261d90e3,JF162091,,3/3/2022 7:00,30,TRAFFIC SIGNAL,FUNCTIONING PROPERLY,CLEAR,DARKNESS,SIDESWIPE SAME DIRECTION,NOT DIVIDED,,STRAIGHT AND LEVEL,DRY,NO DEFECTS,NOT ON SCENE (DESK REPORT),NO INJURY / DRIVE AWAY,,,Y,"OVER $1,500",3/3/2022 15:30,UNABLE TO DETERMINE,NOT APPLICABLE,10400,S,INDIANA AVE,512,,,,,,,2,NO INDICATION OF INJURY,0,0,0,0,0,2,0,7,5,3,41.70535761,-87.61873831,POINT (-87.618738305022 41.705357614122)
0c36354bb3c6dd3c9748f5b65c26ad72d963995ee9c13b0bba562c99f7133cb6f430059ff663b0b6ebf368418a9fb5f539d26aa57f74cbc75bc463f37f6b44f5,JF154386,,2/24/2022 8:45,35,STOP SIGN/FLASHER,NO CONTROLS,CLEAR,DAYLIGHT,TURNING,UNKNOWN,,STRAIGHT AND LEVEL,DRY,UNKNOWN,NOT ON SCENE (DESK REPORT),NO INJURY / DRIVE AWAY,Y,,,"OVER $1,500",2/24/2022 9:30,UNABLE TO DETERMINE,UNABLE TO DETERMINE,4700,S,GREENWOOD AVE,222,,,,,,,2,NO INDICATION OF INJURY,0,0,0,0,0,2,0,8,5,2,41.80952205,-87.59941065,POINT (-87.599410648045 41.809522052561)
0c5434b5a5c84dbdf9b14ce2522ef023c76ba66692e2c5fb946ed935cfe8c8235a581565653fcfd8665d48e791653d4a216625d98ce4ac18ad83316a88f96a7f,JF155460,,2/24/2022 23:15,30,NO CONTROLS,NO CONTROLS,SNOW,DARKNESS,REAR END,NOT DIVIDED,,STRAIGHT AND LEVEL,SNOW OR SLUSH,NO DEFECTS,NOT ON SCENE (DESK REPORT),NO INJURY / DRIVE AWAY,,,,"OVER $1,500",2/25/2022 10:05,FOLLOWING TOO CLOSELY,NOT APPLICABLE,7100,S,WENTWORTH AVE,731,,,,,,,2,NO INDICATION OF INJURY,0,0,0,0,0,2,0,23,5,2,41.76534136,-87.62991458,POINT (-87.629914574932 41.7653413584)
499da9ade169ff03cfccfaad04eab5d7cc7c70214de4173384c42c7075dece3d90070eaaef29cf91cf6e603a680b052fa63ffa4761a362900ac0e2d07a22f93d,JF183685,,3/23/2022 10:30,30,NO CONTROLS,NO CONTROLS,RAIN,DAYLIGHT,PEDESTRIAN,NOT DIVIDED,,STRAIGHT AND LEVEL,WET,NO DEFECTS,ON SCENE,INJURY AND / OR TOW DUE TO CRASH,,,,"$501 - $1,500",3/23/2022 10:45,UNABLE TO DETERMINE,UNABLE TO DETERMINE,3612,W,NORTH AVE,2535,,,,,,,2,NONINCAPACITATING INJURY,1,0,0,1,0,1,0,10,4,3,41.91009811,-87.71716587,POINT (-87.71716586812 41.910098112824)
0d64c39cecb0893a6952d2e8417f53603532d63c8acfed9979c1c915db8a5212ccd32e16894a07830f8bd6cdecf9bffd33b531364e8f8bb934d4b133704c3f60,JF147876,,2/17/2022 14:45,30,NO CONTROLS,FUNCTIONING PROPERLY,SNOW,DAYLIGHT,TURNING,DIVIDED - W/MEDIAN (NOT RAISED),,STRAIGHT AND LEVEL,SNOW OR SLUSH,NO DEFECTS,NOT ON SCENE (DESK REPORT),NO INJURY / DRIVE AWAY,Y,,,"OVER $1,500",2/17/2022 19:00,WEATHER,UNABLE TO DETERMINE,10600,S,KEDZIE AVE,2211,,,,,,,2,NO INDICATION OF INJURY,0,0,0,0,0,2,0,14,5,2,41.70056912,-87.70129094,POINT (-87.701290937411 41.700569116027)
0d6b9fee91ecf427c7a301b565149cd91f0da75b1c5915edf6956b9f1285f1b62f8a7c69181645fb879e608fb670a47febccd47d5bd608bfdfaa8f864675db12,JF148875,,2/17/2022 17:20,30,TRAFFIC SIGNAL,FUNCTIONING PROPERLY,SNOW,"DARKNESS, LIGHTED ROAD",REAR END,ONE-WAY,,STRAIGHT AND LEVEL,SNOW OR SLUSH,UNKNOWN,NOT ON SCENE (DESK REPORT),NO INJURY / DRIVE AWAY,Y,,,"OVER $1,500",2/18/2022 18:15,UNABLE TO DETERMINE,UNABLE TO DETERMINE,5559,W,FLOURNOY ST,1522,,,,,,,2,NO INDICATION OF INJURY,0,0,0,0,0,2,0,17,5,2,41.87173041,-87.76388245,POINT (-87.763882445125 41.871730412404)
4a1eaaf8ed29dfcce8d9190215295d9c736fe19be3a56e8905f681a53708296dffbbc1ebc97d2dce26bc7d896fd5df349d6e4fcb5c9e113edf94c602cd440956,JF184174,,3/23/2022 17:20,30,STOP SIGN/FLASHER,FUNCTIONING PROPERLY,RAIN,DAYLIGHT,ANGLE,NOT DIVIDED,,STRAIGHT AND LEVEL,WET,NO DEFECTS,NOT ON SCENE (DESK REPORT),NO INJURY / DRIVE AWAY,Y,,,"$501 - $1,500",3/23/2022 17:45,FAILING TO YIELD RIGHT-OF-WAY,NOT APPLICABLE,6800,W,SCHUBERT AVE,2512,,,,,,,2,NO INDICATION OF INJURY,0,0,0,0,0,2,0,17,4,3,41.92917087,-87.79547293,POINT (-87.795472934288 41.929170865388)
0e27dd1b7c3b51f0d4c50c4bfed64a839a942481bf5d380011cb362231b0c9073a7be879c16cba89c91e3b1e0515e381f78507f90ccac8a1323be35a36fbd274,JF147627,Y,2/17/2022 16:00,20,NO CONTROLS,NO CONTROLS,SNOW,DUSK,SIDESWIPE SAME DIRECTION,NOT DIVIDED,,STRAIGHT AND LEVEL,SNOW OR SLUSH,UNKNOWN,NOT ON SCENE (DESK REPORT),NO INJURY / DRIVE AWAY,,,Y,"$501 - $1,500",2/17/2022 16:29,UNABLE TO DETERMINE,UNABLE TO DETERMINE,1350,W,76TH ST,612,,,,,,,2,NO INDICATION OF INJURY,0,0,0,0,0,2,0,16,5,2,41.75599898,-87.65834155,POINT (-87.658341553687 41.755998976714)
0e1d722529eb18e0456382ae3d9b786f27350dd6d40a045c69e93768c1a6e2fd294aa827cb14812c7d6e3a2d7b7f2cd6301b0d33185aae7de9ba8db93986e3b9,JF156626,,2/24/2022 14:45,30,TRAFFIC SIGNAL,FUNCTIONING PROPERLY,CLEAR,DAYLIGHT,REAR END,DIVIDED - W/MEDIAN BARRIER,,STRAIGHT AND LEVEL,SNOW OR SLUSH,UNKNOWN,NOT ON SCENE (DESK REPORT),NO INJURY / DRIVE AWAY,,,,"OVER $1,500",2/26/2022 11:30,FOLLOWING TOO CLOSELY,FAILING TO REDUCE SPEED TO AVOID CRASH,653,N,FAIRBANKS CT,1834,,,,,,,2,NO INDICATION OF INJURY,0,0,0,0,0,3,0,14,5,2,41.89416428,-87.62014473,POINT (-87.620144729206 41.89416428252)
39937df5718ec894a6b9ed87b24bfcb84d7caf1931a279214f25969d955dd9615d1fcf40004bb6df4267e86c36e958bcd5f6d89eb45570ca295998c6497c5269,JF162460,,3/3/2022 20:56,30,TRAFFIC SIGNAL,FUNCTIONING PROPERLY,CLEAR,"DARKNESS, LIGHTED ROAD",REAR END,DIVIDED - W/MEDIAN (NOT RAISED),,STRAIGHT AND LEVEL,DRY,NO DEFECTS,ON SCENE,NO INJURY / DRIVE AWAY,Y,,,"$501 - $1,500",3/3/2022 21:16,UNABLE TO DETERMINE,NOT APPLICABLE,1605,W,47TH ST,931,,,,,,,2,NO INDICATION OF INJURY,0,0,0,0,0,4,0,20,5,3,41.80849142,-87.665198,POINT (-87.665198002914 41.808491415183)
39b3126dcd49cdea4fb87429e15643b540992345bcce10df93e26fce30145ed460a6283a2cb7d3c63f8eb78cdcff696b0549b6cc9050a3d09bdad5ed11c2006c,JF162275,Y,3/3/2022 15:15,30,NO CONTROLS,NO CONTROLS,CLEAR,DAYLIGHT,PARKED MOTOR VEHICLE,ONE-WAY,,STRAIGHT AND LEVEL,DRY,NO DEFECTS,ON SCENE,NO INJURY / DRIVE AWAY,,,Y,"OVER $1,500",3/3/2022 17:12,UNABLE TO DETERMINE,UNABLE TO DETERMINE,2243,N,HOYNE AVE,1432,,,,,,,2,NO INDICATION OF INJURY,0,0,0,0,0,1,0,15,5,3,41.92264846,-87.68012514,POINT (-87.680125138735 41.922648462735)
0f448b7c68323700c632bad0a86e076876d8cb8c3d71bac434f8968e2471fb6ed5aad4822d0e9177e695f20647df1b576a6e1b29181a21f701d2decb94c7c97c,JF147645,,2/17/2022 15:30,30,UNKNOWN,UNKNOWN,SNOW,DAYLIGHT,REAR END,UNKNOWN,,STRAIGHT AND LEVEL,SNOW OR SLUSH,UNKNOWN,,NO INJURY / DRIVE AWAY,Y,,,"OVER $1,500",2/17/2022 16:25,UNABLE TO DETERMINE,UNABLE TO DETERMINE,3500,S,MICHIGAN AVE,213,,,,,,,2,NO INDICATION OF INJURY,0,0,0,0,0,3,0,15,5,2,41.83097013,-87.62340212,POINT (-87.623402122211 41.830970129402)
39fd2bdabe601d1541499c3f10891724f4cc0e1b8ad3f30c9c26175fa2d0be23591041ae7f16849b5f0ee65e6ab8114ff1e689b8488bd9c47c6b64b39f4c6db2,JF167448,,3/3/2022 15:30,30,NO CONTROLS,NO CONTROLS,CLEAR,DAYLIGHT,PARKED MOTOR VEHICLE,NOT DIVIDED,,STRAIGHT AND LEVEL,DRY,NO DEFECTS,NOT ON SCENE (DESK REPORT),NO INJURY / DRIVE AWAY,,,Y,"OVER $1,500",3/8/2022 16:45,UNABLE TO DETERMINE,UNABLE TO DETERMINE,2649,N,CANNON DR,1935,,,,,,,2,NO INDICATION OF INJURY,0,0,0,0,0,1,0,15,5,3,41.93086814,-87.63676928,POINT (-87.636769276647 41.930868134542)
4b6c6e2cae2df4999124f3424e06ce5d5cca29a3b9b2c09a9e5a2ffc2984d796211c541b9846f85df837c4efdb257fb01da614f4df3933a28f623f05fbe21282,JE323506,,8/2/2021 15:28,30,TRAFFIC SIGNAL,FUNCTIONING PROPERLY,CLEAR,DAYLIGHT,REAR END,NOT DIVIDED,,STRAIGHT AND LEVEL,DRY,NO DEFECTS,,INJURY AND / OR TOW DUE TO CRASH,,,Y,"$501 - $1,500",8/2/2021 15:40,UNABLE TO DETERMINE,UNABLE TO DETERMINE,1801,W,71ST ST,735,,,,,,,3,NONINCAPACITATING INJURY,1,0,0,1,0,2,0,15,2,8,41.76474581,-87.66873491,POINT (-87.668734909757 41.764745813419)
65d2a117f43c25a155c671bd1bd7e02a32ed199ffec926d178450ff7835e0c0a9def3284cd7572c8a749ecc499b756eee2c612cbee3febeb8713036a28fc3eb4,JF168987,,3/10/2022 7:00,25,NO CONTROLS,NO CONTROLS,CLEAR,DAYLIGHT,PARKED MOTOR VEHICLE,NOT DIVIDED,,STRAIGHT AND LEVEL,DRY,NO DEFECTS,ON SCENE,NO INJURY / DRIVE AWAY,,,Y,"$501 - $1,500",3/10/2022 7:10,IMPROPER LANE USAGE,NOT APPLICABLE,9523,S,CHARLES ST,2213,,,,,,,2,NO INDICATION OF INJURY,0,0,0,0,0,1,0,7,5,3,41.72055442,-87.6638465,POINT (-87.663846498309 41.720554423526)
4caeff361700d8f7c1bb2a7b425bd1e1d5f4be53087a4f75368fb6ab9f9f14425003a6106329754bd34c7d07825d8d047d51d0d3f1ca00a8cce7fad08944ef83,JF184091,,3/23/2022 16:00,35,UNKNOWN,UNKNOWN,OTHER,UNKNOWN,REAR END,UNKNOWN,,STRAIGHT AND LEVEL,UNKNOWN,UNKNOWN,NOT ON SCENE (DESK REPORT),NO INJURY / DRIVE AWAY,,,,"OVER $1,500",3/23/2022 16:05,UNABLE TO DETERMINE,UNABLE TO DETERMINE,6100,S,AUSTIN AVE,812,,,,,,,2,NO INDICATION OF INJURY,0,0,0,0,0,2,0,16,4,3,41.78143736,-87.77177777,POINT (-87.771777773659 41.781437357606)
0ff4f45856e66dda7e14e4d782edada36aae26e0e00652c9deabb686965e6aabdff307442dce6b69a23fda03d3ac402dfdf25bfd6138b47e4f7c19443b96e6e0,JF156702,,2/24/2022 16:45,30,TRAFFIC SIGNAL,FUNCTIONING PROPERLY,SNOW,DAYLIGHT,REAR END,NOT DIVIDED,,STRAIGHT AND LEVEL,SNOW OR SLUSH,NO DEFECTS,NOT ON SCENE (DESK REPORT),NO INJURY / DRIVE AWAY,,,Y,"OVER $1,500",2/26/2022 13:00,UNABLE TO DETERMINE,UNABLE TO DETERMINE,4000,W,CONGRESS PKWY,1132,,,,,,,3,NO INDICATION OF INJURY,0,0,0,0,0,3,0,16,5,2,41.87446701,-87.7255684,POINT (-87.725568395397 41.874467006872)
108f781f7a0aac742b1f2a827390831a96d3f4a22a56322a1cab31b65aae0f3610f8caf3f7ba84c0103e3f1c08155a169c6ada56bac8dbc06a14b8bef434360d,JF147299,,2/17/2022 11:00,30,NO CONTROLS,NO CONTROLS,CLEAR,DAYLIGHT,OTHER OBJECT,NOT DIVIDED,,STRAIGHT AND LEVEL,DRY,NO DEFECTS,ON SCENE,INJURY AND / OR TOW DUE TO CRASH,,,,"$501 - $1,500",2/17/2022 11:02,UNABLE TO DETERMINE,NOT APPLICABLE,239,N,KENTON AVE,1113,,,,,,,1,INCAPACITATING INJURY,1,0,1,0,0,0,0,11,5,2,41.88445165,-87.74007149,POINT (-87.740071492323 41.88445164637)
361093bbdd9d1fe3a5116faa26ac108cb698f533d4a54944685b93c23cffa195d7fa41e90b4fdf4a456926efefc45a22fa08b56f6bb28e179b2bf838a8a3f5ef,JF177594,,3/17/2022 20:00,30,TRAFFIC SIGNAL,FUNCTIONING PROPERLY,CLEAR,"DARKNESS, LIGHTED ROAD",SIDESWIPE SAME DIRECTION,DIVIDED - W/MEDIAN BARRIER,,STRAIGHT AND LEVEL,DRY,NO DEFECTS,NOT ON SCENE (DESK REPORT),NO INJURY / DRIVE AWAY,,,Y,"$501 - $1,500",3/17/2022 20:20,IMPROPER LANE USAGE,IMPROPER LANE USAGE,225,N,MICHIGAN AVE,114,,,,,,,2,NO INDICATION OF INJURY,0,0,0,0,0,2,0,20,5,3,41.88637741,-87.62438167,POINT (-87.62438167044 41.886377406208)
6803f885eb42c84991a60712b3e181f791a8ec5a38d96fb4cf67859713be42625f20784fcd5a2e5145531fcb9f2a6b68d6a1487e2432d1bc042a70e65073583a,JF169447,,3/10/2022 14:39,30,NO CONTROLS,NO CONTROLS,CLEAR,DAYLIGHT,TURNING,NOT DIVIDED,,STRAIGHT AND LEVEL,DRY,NO DEFECTS,ON SCENE,INJURY AND / OR TOW DUE TO CRASH,,,,"OVER $1,500",3/10/2022 15:28,NOT APPLICABLE,NOT APPLICABLE,5701,W,MADISON ST,1513,,,,,,,2,"REPORTED, NOT EVIDENT",2,0,0,0,2,0,0,14,5,3,41.88008346,-87.76819989,POINT (-87.768199889011 41.880083461427)
3c0ce7c246458b608c84c6b882704086b4a439452b4395d9a9fd60cd02497f2d28f4fb67dd2d63822cbd419973549cf50630b7b3854890e9266c5c90baa31399,JF161958,,3/3/2022 11:45,30,NO CONTROLS,NO CONTROLS,CLEAR,DAYLIGHT,PARKED MOTOR VEHICLE,NOT DIVIDED,,STRAIGHT AND LEVEL,DRY,NO DEFECTS,ON SCENE,NO INJURY / DRIVE AWAY,,,,"OVER $1,500",3/3/2022 12:50,UNABLE TO DETERMINE,UNABLE TO DETERMINE,5314,N,CLARK ST,2012,,,,,,,2,NO INDICATION OF INJURY,0,0,0,0,0,2,0,11,5,3,41.97854777,-87.66847404,POINT (-87.668474044147 41.978547768731)
4e15f24d953de77648974319f695362417d707b499cf13b1948256c23d1e43940550b328345db555c21ec80c480b272a7a29d46e140a43ae4594349b0c31c633,JF184079,,3/23/2022 16:25,30,NO CONTROLS,NO CONTROLS,RAIN,DAYLIGHT,PARKED MOTOR VEHICLE,NOT DIVIDED,,STRAIGHT AND LEVEL,WET,NO DEFECTS,ON SCENE,NO INJURY / DRIVE AWAY,,,Y,"OVER $1,500",3/23/2022 16:35,IMPROPER BACKING,IMPROPER LANE USAGE,935,W,35TH PL,915,,,,,,,2,NO INDICATION OF INJURY,0,0,0,0,0,1,0,16,4,3,41.82956247,-87.64915982,POINT (-87.649159823533 41.829562468584)
11e186628ca86517a725e5047ee878a0dc6ba183d49f906315fcc5b5bc7afde92188eb106d978353178bd117803e3c3dcaa999cd420f8b205867018a26e8ceba,JF147844,,2/17/2022 15:35,30,NO CONTROLS,NO CONTROLS,SNOW,UNKNOWN,PARKED MOTOR VEHICLE,NOT DIVIDED,,STRAIGHT AND LEVEL,SNOW OR SLUSH,UNKNOWN,ON SCENE,INJURY AND / OR TOW DUE TO CRASH,,,Y,"OVER $1,500",2/17/2022 18:05,FAILING TO REDUCE SPEED TO AVOID CRASH,NOT APPLICABLE,1804,W,21ST PL,1234,,,,,,,3,NO INDICATION OF INJURY,0,0,0,0,0,1,0,15,5,2,41.85326758,-87.67124706,POINT (-87.671247058526 41.853267579962)