CRASH_RECORD_ID,RD_NO,CRASH_DATE_EST_I,CRASH_DATE,POSTED_SPEED_LIMIT,TRAFFIC_CONTROL_DEVICE,DEVICE_CONDITION,WEATHER_CONDITION,LIGHTING_CONDITION,FIRST_CRASH_TYPE,TRAFFICWAY_TYPE,LANE_CNT,ALIGNMENT,ROADWAY_SURFACE_COND,ROAD_DEFECT,REPORT_TYPE,CRASH_TYPE,INTERSECTION_RELATED_I,NOT_RIGHT_OF_WAY_I,HIT_AND_RUN_I,DAMAGE,DATE_POLICE_NOTIFIED,PRIM_CONTRIBUTORY_CAUSE,SEC_CONTRIBUTORY_CAUSE,STREET_NO,STREET_DIRECTION,STREET_NAME,BEAT_OF_OCCURRENCE,PHOTOS_TAKEN_I,STATEMENTS_TAKEN_I,DOORING_I,WORK_ZONE_I,WORK_ZONE_TYPE,WORKERS_PRESENT_I,NUM_UNITS,MOST_SEVERE_INJURY,INJURIES_TOTAL,INJURIES_FATAL,INJURIES_INCAPACITATING,INJURIES_NON_INCAPACITATING,INJURIES_REPORTED_NOT_EVIDENT,INJURIES_NO_INDICATION,INJURIES_UNKNOWN,CRASH_HOUR,CRASH_DAY_OF_WEEK,CRASH_MONTH,LATITUDE,LONGITUDE,LOCATION
37201913681778552f4567bd31e3546a6d9ca5409d418eba62bfe0ff28a138af5228e92a0e8374321e485a1eb6afc1ac544bb5b1f5bd6879d30561dfe23104cb,JD379239,,9/25/2020 17:30,30,NO CONTROLS,NO CONTROLS,CLEAR,DAYLIGHT,TURNING,NOT DIVIDED,,STRAIGHT AND LEVEL,DRY,NO DEFECTS,,NO INJURY / DRIVE AWAY,,,,"$501 - $1,500",9/25/2020 19:00,NOT APPLICABLE,NOT APPLICABLE,7300,S,KEDZIE AVE,835,,,,,,,2,NO INDICATION OF INJURY,0,0,0,0,0,2,0,17,6,9,41.76066858,-87.7028548,POINT (-87.702854797154 41.760668583144)
4e5e1077bc41ce4745a3fe8e0fd3bb15b4a45e994dbb0b61f06eea4c4a02364f4ce44b337422d970959a4462cfadbf2e9301a97832806c230030e5db3824181b,JD436396,,11/20/2020 0:08,30,TRAFFIC SIGNAL,FUNCTIONING PROPERLY,CLEAR,"DARKNESS, LIGHTED ROAD",ANGLE,NOT DIVIDED,,STRAIGHT AND LEVEL,DRY,NO DEFECTS,,INJURY AND / OR TOW DUE TO CRASH,Y,,N,"OVER $1,500",11/20/2020 0:08,FAILING TO REDUCE SPEED TO AVOID CRASH,FAILING TO YIELD RIGHT-OF-WAY,2000,W,BELMONT AVE,1921,,,,,,,3,NONINCAPACITATING INJURY,1,0,0,1,0,2,0,0,6,11,41.93968119,-87.67847877,POINT (-87.678478772739 41.939681194318)
4e95f36a7a180c30b587b140241cab45092b114b2669b64a0d348b56f95a8467b1a831ddda8f58e63b39bee951c414e422d53253cde9761f01adfe632716694b,JE397756,,10/4/2021 12:15,30,TRAFFIC SIGNAL,FUNCTIONING PROPERLY,RAIN,DAYLIGHT,REAR END,DIVIDED - W/MEDIAN (NOT RAISED),,STRAIGHT AND LEVEL,DRY,NO DEFECTS,,INJURY AND / OR TOW DUE TO CRASH,Y,,,"OVER $1,500",10/4/2021 13:51,FOLLOWING TOO CLOSELY,WEATHER,805,W,127TH ST,523,,,,,,,3,"REPORTED, NOT EVIDENT",1,0,0,0,1,3,0,12,2,10,41.66313208,-87.64166442,POINT (-87.641664418102 41.663132083239)
11e6be37654b83949a0b0ee775ddf4b927cf9248ceb2af8039b900271fb38931d1506c10178fb6924adcbfed257fab20cdbec7a69f06318b7c311504ed91ff9c,JF147880,,2/17/2022 18:35,30,NO CONTROLS,NO CONTROLS,SNOW,"DARKNESS, LIGHTED ROAD",ANGLE,ALLEY,,STRAIGHT AND LEVEL,SNOW OR SLUSH,UNKNOWN,ON SCENE,NO INJURY / DRIVE AWAY,,,,"OVER $1,500",2/17/2022 18:39,FAILING TO YIELD RIGHT-OF-WAY,WEATHER,716,N,PAULINA ST,1215,,,,,,,2,NO INDICATION OF INJURY,0,0,0,0,0,2,0,18,5,2,41.8948002,-87.66983188,POINT (-87.669831875078 41.894800199519)
3d7b4e5ff610896247787edf2331146e8fc6704cdd844651e4e1dcc41b0ce6eba1e8181c6848aa9bd02cc8c16f2923a2e61d200b889e06a0b437f75412e75cfd,JF161700,,3/3/2022 9:10,35,NO CONTROLS,NO CONTROLS,CLEAR,DAYLIGHT,TURNING,DIVIDED - W/MEDIAN (NOT RAISED),,STRAIGHT AND LEVEL,DRY,NO DEFECTS,ON SCENE,INJURY AND / OR TOW DUE TO CRASH,,,,"OVER $1,500",3/3/2022 9:10,IMPROPER OVERTAKING/PASSING,NOT APPLICABLE,1625,S,KEDZIE AVE,1022,,,,,,,2,NO INDICATION OF INJURY,0,0,0,0,0,3,0,9,5,3,41.85831042,-87.70529074,POINT (-87.705290738216 41.858310419587)
37f254448b3fe9dab636c7b1874a3402c7419793d66d90187e42e6a3fcee52ac32016ebbd4b0b03dc8672a36862a6473d0880a44585b3e5d3aff7842d5034f6f,JF176653,,3/17/2022 7:10,25,NO CONTROLS,NO CONTROLS,CLEAR,DAWN,TURNING,OTHER,,STRAIGHT AND LEVEL,DRY,NO DEFECTS,ON SCENE,INJURY AND / OR TOW DUE TO CRASH,,,,"OVER $1,500",3/17/2022 7:15,UNABLE TO DETERMINE,"VISION OBSCURED (SIGNS, TREE LIMBS, BUILDINGS, ETC.)",2010,N,SHEFFIELD AVE,1811,,,,,,,2,NO INDICATION OF INJURY,0,0,0,0,0,2,0,7,5,3,41.91847496,-87.65352812,POINT (-87.653528118444 41.918474960769)
124d088a625dda0bc584932b2b48866b446456e2a319784b0f74f56bcf66fdd91df3f725803774d1fe34cffb5100334647dd94203173e4fd70dce8c6c7dea30d,JF154255,,2/24/2022 3:07,30,OTHER,OTHER,CLEAR,"DARKNESS, LIGHTED ROAD",FIXED OBJECT,DIVIDED - W/MEDIAN (NOT RAISED),,STRAIGHT AND LEVEL,DRY,NO DEFECTS,ON SCENE,NO INJURY / DRIVE AWAY,,,Y,"OVER $1,500",2/24/2022 3:19,UNABLE TO DETERMINE,NOT APPLICABLE,4,S,DAMEN AVE,1223,,,,,,,1,NO INDICATION OF INJURY,0,0,0,0,0,1,0,3,5,2,41.88118605,-87.67678696,POINT (-87.676786961571 41.881186046189)
129b0c527f4540296591d4e81f98dbb68c24c37add13b7ab30e6ecef9bbdd74e4496feb6322126c4dcb430d28bf4472dfe1eef51727e7772c146497bb657148a,JF154274,,2/24/2022 5:25,20,NO CONTROLS,NO CONTROLS,CLEAR,"DARKNESS, LIGHTED ROAD",SIDESWIPE SAME DIRECTION,OTHER,,STRAIGHT AND LEVEL,WET,NO DEFECTS,ON SCENE,NO INJURY / DRIVE AWAY,,,Y,"OVER $1,500",2/24/2022 5:29,DISTRACTION - FROM INSIDE VEHICLE,NOT APPLICABLE,1,W,TERMINAL ST,1651,,,,,,,2,NO INDICATION OF INJURY,0,0,0,0,0,2,0,5,5,2,,,
12fc7b92eeddad45e9d8318ab00d76729b9126496aca08acc096460f1069e0e0ee9f26a90ecd0c0dd5aca123f965c140a5590bcbec3ce14626292daf7c44ae44,JF148029,,2/17/2022 21:00,35,NO CONTROLS,NO CONTROLS,SNOW,"DARKNESS, LIGHTED ROAD",FIXED OBJECT,DIVIDED - W/MEDIAN (NOT RAISED),,"CURVE, LEVEL",SNOW OR SLUSH,"RUT, HOLES",NOT ON SCENE (DESK REPORT),NO INJURY / DRIVE AWAY,,,,$500 OR LESS,2/17/2022 23:00,ROAD ENGINEERING/SURFACE/MARKING DEFECTS,UNABLE TO DETERMINE,1600,W,PETERSON AVE,2433,,,,,,,1,NO INDICATION OF INJURY,0,0,0,0,0,1,0,21,5,2,41.99090632,-87.67011449,POINT (-87.670114492663 41.99090631734)
38df704373d517cb223b029a761596c4cb25940152d7fda70b8b1107cd2678dda812fd797d60a04a462f0d67e683f8ac6d017022555dfaa8aa8df4a1db64f11b,JE232083,,5/16/2021 15:30,30,UNKNOWN,UNKNOWN,CLEAR,DAYLIGHT,PARKED MOTOR VEHICLE,PARKING LOT,,STRAIGHT AND LEVEL,DRY,NO DEFECTS,,NO INJURY / DRIVE AWAY,,,,"$501 - $1,500",5/16/2021 16:15,UNABLE TO DETERMINE,UNABLE TO DETERMINE,5530,S,PAYNE DR,233,,,,,,,2,NO INDICATION OF INJURY,0,0,0,0,0,1,0,15,1,5,41.79385985,-87.60814138,POINT (-87.608141375959 41.793859845828)
5182ba809000ac8d73359868050e0b84b862bd96b766e6b60552a06b14d7d484f6ffabdedf9dd570fa8387a37fc7ccd116615cbf81457fe2b1c108884a9e1950,JE418548,,10/22/2021 11:15,30,TRAFFIC SIGNAL,FUNCTIONING PROPERLY,CLEAR,DAYLIGHT,REAR END,ONE-WAY,,STRAIGHT AND LEVEL,DRY,NO DEFECTS,,INJURY AND / OR TOW DUE TO CRASH,,,,"OVER $1,500",10/22/2021 11:54,FOLLOWING TOO CLOSELY,NOT APPLICABLE,8654,S,LAFAYETTE AVE,622,,,,,,,2,"REPORTED, NOT EVIDENT",1,0,0,0,1,2,0,11,6,10,41.73647336,-87.62559617,POINT (-87.625596169969 41.736473364258)
51836c8e5570b17896051b7fb6fd6a3e74c53e9d2a5983e49496409d982ead04c70d81786cc3d65ed9bb633fe083eb291d7d05d2b9abdbe7444d9a94b7bf134c,JF101319,,1/2/2022 14:10,35,TRAFFIC SIGNAL,FUNCTIONING PROPERLY,SNOW,DAYLIGHT,ANGLE,NOT DIVIDED,,STRAIGHT AND LEVEL,SNOW OR SLUSH,NO DEFECTS,,INJURY AND / OR TOW DUE TO CRASH,Y,,,"OVER $1,500",1/2/2022 14:40,DISREGARDING TRAFFIC SIGNALS,UNABLE TO DETERMINE,6700,S,SOUTH CHICAGO AVE,322,,Y,,,,,3,INCAPACITATING INJURY,5,0,2,3,0,1,0,14,1,1,41.7728015,-87.61542908,POINT (-87.615429082211 41.772801501491)
5223e48c7ab56fd5b32a9a7cdef6c58fd5a079168acaca762a3bce58ca81720c4b95e164a3f3c46c885f084355db48f9b970dffb63d62ef6f5ef5d6b0fa6a4dd,JF183481,,3/23/2022 8:16,25,NO CONTROLS,NO CONTROLS,RAIN,DAYLIGHT,TURNING,ONE-WAY,,STRAIGHT AND LEVEL,WET,NO DEFECTS,ON SCENE,INJURY AND / OR TOW DUE TO CRASH,Y,,,"OVER $1,500",3/23/2022 8:27,FAILING TO YIELD RIGHT-OF-WAY,UNABLE TO DETERMINE,700,W,87TH ST,622,,,,,,,2,NONINCAPACITATING INJURY,2,0,0,2,0,0,0,8,4,3,41.73625827,-87.64124661,POINT (-87.64124661077 41.736258266954)
1385ff15e0fbeedf0de7a60911d1c4a646b6a06be46bc85cd64a60edb8f14fa39cf66645125e4e6e5d89603f8f18012dea651c4efbc173e38bc3e043ab817373,JF147594,Y,2/17/2022 16:05,30,STOP SIGN/FLASHER,OTHER,SNOW,DAYLIGHT,FIXED OBJECT,NOT DIVIDED,,STRAIGHT ON GRADE,SNOW OR SLUSH,UNKNOWN,ON SCENE,INJURY AND / OR TOW DUE TO CRASH,Y,,,"OVER $1,500",2/17/2022 16:05,FAILING TO REDUCE SPEED TO AVOID CRASH,UNABLE TO DETERMINE,3759,W,69TH ST,833,,,,,,,1,NO INDICATION OF INJURY,0,0,0,0,0,2,0,16,5,2,41.76769906,-87.71746094,POINT (-87.717460939568 41.767699059022)
6d35dba8309864f7413f9819ba4b82620d1d16cec634dd74ffe0fa0b82f9fdb3da918942ed0654a66ec37e2afa3794e2d433d88ac6ed5560a4e616efd611fb49,JF169698,,3/10/2022 18:17,30,NO CONTROLS,NO CONTROLS,CLEAR,"DARKNESS, LIGHTED ROAD",FIXED OBJECT,NOT DIVIDED,,STRAIGHT AND LEVEL,DRY,NO DEFECTS,ON SCENE,NO INJURY / DRIVE AWAY,Y,,,"OVER $1,500",3/10/2022 18:22,NOT APPLICABLE,UNABLE TO DETERMINE,6600,S,CHAMPLAIN AVE,321,,Y,,,,,1,NO INDICATION OF INJURY,0,0,0,0,0,1,0,18,5,3,41.77480407,-87.60960026,POINT (-87.609600262982 41.774804070689)
3a442fc7fe608a5af96f964fed1a0dffbce8c9f867dd9cd818a1c758b46ee4149865357d592efbdeca846e8482d270529d83589748efcefdabcd89f3eb406259,JD108338,,1/8/2020 11:05,30,TRAFFIC SIGNAL,FUNCTIONING PROPERLY,CLEAR,DAYLIGHT,TURNING,ONE-WAY,,STRAIGHT AND LEVEL,DRY,NO DEFECTS,,INJURY AND / OR TOW DUE TO CRASH,Y,,,"OVER $1,500",1/8/2020 11:10,IMPROPER TURNING/NO SIGNAL,NOT APPLICABLE,65,E,OHIO ST,1834,,,,,,,2,NO INDICATION OF INJURY,0,0,0,0,0,2,0,11,4,1,41.89241349,-87.62545339,POINT (-87.625453386562 41.89241348727)
52120a0243ffce10d7aa22fad22f3083e863cdbab2dabd2a4da0cecd884ac6f3a1321c9157546efddeb25c59ccf57fcd5013109c8aa4e44988f33c2d5c724622,JC470570,,10/12/2019 21:35,30,TRAFFIC SIGNAL,FUNCTIONING PROPERLY,CLEAR,"DARKNESS, LIGHTED ROAD",TURNING,NOT DIVIDED,,STRAIGHT AND LEVEL,DRY,UNKNOWN,,INJURY AND / OR TOW DUE TO CRASH,Y,,,"OVER $1,500",10/12/2019 21:35,UNABLE TO DETERMINE,UNABLE TO DETERMINE,4800,W,PETERSON AVE,1621,,,,,,,3,NONINCAPACITATING INJURY,3,0,0,3,0,1,0,21,7,10,41.99000801,-87.74837695,POINT (-87.74837695119 41.990008007299)
5261026637ecfcaa1397aef55efae0884547dcd3b3aa2a507acfa4d9e55b5f8a3a77788292e4d2a60937efdbe27376d9f4763adca5289768f803967575aa86c6,JF183876,,3/23/2022 13:25,30,NO CONTROLS,NO CONTROLS,CLEAR,DAYLIGHT,PARKED MOTOR VEHICLE,NOT DIVIDED,,STRAIGHT AND LEVEL,WET,NO DEFECTS,NOT ON SCENE (DESK REPORT),NO INJURY / DRIVE AWAY,,,,"OVER $1,500",3/23/2022 14:05,DRIVING SKILLS/KNOWLEDGE/EXPERIENCE,NOT APPLICABLE,1300,E,57TH ST,235,,,,,,,2,NO INDICATION OF INJURY,0,0,0,0,0,2,0,13,4,3,41.79157359,-87.59475929,POINT (-87.594759285615 41.791573589466)
1424e5aa2661800c87a918ff60a6de7826e7957a61929e3e6f70f31f772d39d1334969d48170f7dc9cb2b5278cff5a8e1ded33cf2f4333c14475da85aeabc26f,JF147757,,2/17/2022 17:05,30,NO CONTROLS,NO CONTROLS,BLOWING SNOW,DUSK,FIXED OBJECT,NOT DIVIDED,,STRAIGHT ON GRADE,SNOW OR SLUSH,WORN SURFACE,ON SCENE,NO INJURY / DRIVE AWAY,,,Y,"$501 - $1,500",2/17/2022 17:10,NOT APPLICABLE,NOT APPLICABLE,648,W,59TH ST,711,,,,,,,2,NO INDICATION OF INJURY,0,0,0,0,0,2,0,17,5,2,41.78718609,-87.6420449,POINT (-87.642044904112 41.787186093331)
143ff52eb38393dec6113cb49b45376eb14d8627cb27137ec3d769b1adf09abde428d56e218bc4ed9bdf8f31c886d2b2e90948813cca8c0571160baca29f597c,JF146977,,2/17/2022 2:00,30,NO CONTROLS,NO CONTROLS,RAIN,"DARKNESS, LIGHTED ROAD",FIXED OBJECT,NOT DIVIDED,,STRAIGHT AND LEVEL,WET,UNKNOWN,ON SCENE,INJURY AND / OR TOW DUE TO CRASH,,,,"OVER $1,500",2/17/2022 2:06,UNABLE TO DETERMINE,UNABLE TO DETERMINE,4524,W,MARQUETTE RD,833,,,,,,,3,NO INDICATION OF INJURY,0,0,0,0,0,1,0,2,5,2,41.77132849,-87.7357636,POINT (-87.735763594554 41.771328485133)
3b2548917855d6e0a4bda861e7999c7b27d0c3c0ee3beaf6436ca577efd4579e10e5def0fccd156bd0b444a1392edf114c1814142ad4470a7ae545a50b4a3f47,JF183751,,3/17/2022 10:30,30,TRAFFIC SIGNAL,FUNCTIONING PROPERLY,CLEAR,DAYLIGHT,REAR END,NOT DIVIDED,,STRAIGHT AND LEVEL,DRY,NO DEFECTS,NOT ON SCENE (DESK REPORT),NO INJURY / DRIVE AWAY,,,,"OVER $1,500",3/23/2022 12:15,NOT APPLICABLE,NOT APPLICABLE,6400,W,DEVON AVE,1611,,,,,,,2,NO INDICATION OF INJURY,0,0,0,0,0,2,0,10,5,3,41.99746398,-87.78761024,POINT (-87.787610243414 41.997463981029)
3b7e1ebb13c33a0cb38fa183058a2613dceb666307fbb9d6cadd6a08a7e888038bef4ac6181dc3b31bdab8c4c989ecb6c7184f3c8d4c80a026f9820faf49960b,JF177635,,3/17/2022 20:30,15,STOP SIGN/FLASHER,FUNCTIONING PROPERLY,CLEAR,"DARKNESS, LIGHTED ROAD",ANGLE,FOUR WAY,,STRAIGHT AND LEVEL,DRY,NO DEFECTS,NOT ON SCENE (DESK REPORT),INJURY AND / OR TOW DUE TO CRASH,Y,,,"OVER $1,500",3/17/2022 21:10,UNABLE TO DETERMINE,UNABLE TO DETERMINE,8129,W,BYRON ST,1631,,,,,,,2,NO INDICATION OF INJURY,0,0,0,0,0,2,0,20,5,3,41.95026857,-87.83044044,POINT (-87.830440437046 41.950268565073)
14ccbc3c90572b7c32c547e154750aebf578bedca46587c386d3797a6e77debef4fb8b5c36bd6981abf4636ae3dc305f35341abadea02cdf46f54b72a9653331,JF155400,N,2/24/2022 23:59,30,UNKNOWN,UNKNOWN,SNOW,"DARKNESS, LIGHTED ROAD",PARKED MOTOR VEHICLE,DIVIDED - W/MEDIAN (NOT RAISED),,STRAIGHT AND LEVEL,WET,UNKNOWN,ON SCENE,INJURY AND / OR TOW DUE TO CRASH,,,Y,"OVER $1,500",2/25/2022 8:39,NOT APPLICABLE,NOT APPLICABLE,3210,W,LAWRENCE AVE,1713,,,,,,,2,NO INDICATION OF INJURY,0,0,0,0,0,1,0,23,5,2,41.9685543,-87.708957,POINT (-87.708956997048 41.968554303925)
14cf4aafcea3ac06aa7f2d83a12124c54353a79e7696e72e828f6b4be1d90c2fc88067257d03505526797929b91cd57259e0da1ca1c5efe28e4abcf4ce31d1f0,JF148013,,2/17/2022 20:45,30,NO CONTROLS,NO CONTROLS,SNOW,"DARKNESS, LIGHTED ROAD",SIDESWIPE SAME DIRECTION,ONE-WAY,,STRAIGHT AND LEVEL,SNOW OR SLUSH,NO DEFECTS,NOT ON SCENE (DESK REPORT),NO INJURY / DRIVE AWAY,,,Y,"OVER $1,500",2/17/2022 22:00,UNABLE TO DETERMINE,UNABLE TO DETERMINE,1000,W,WASHINGTON BLVD,1224,,,,,,,2,NO INDICATION OF INJURY,0,0,0,0,0,2,0,20,5,2,41.88317184,-87.6521331,POINT (-87.652133100382 41.883171834849)
5515ab6eccfe39b5437be21f4e91cfa217371d4fb237dc4b5282effbfc9151d76209ff005357e55ae24a4119dbc0493abcd6f78ceeeaa39afdc5858bf8b3c79c,JF183961,,3/23/2022 13:38,30,NO CONTROLS,NO CONTROLS,RAIN,DAYLIGHT,PARKED MOTOR VEHICLE,NOT DIVIDED,,STRAIGHT AND LEVEL,WET,NO DEFECTS,NOT ON SCENE (DESK REPORT),NO INJURY / DRIVE AWAY,,,,"$501 - $1,500",3/23/2022 15:00,DRIVING SKILLS/KNOWLEDGE/EXPERIENCE,NOT APPLICABLE,6564,N,SHERIDAN RD,2432,,,,,,,2,NO INDICATION OF INJURY,0,0,0,0,0,2,0,13,4,3,42.00192978,-87.66090578,POINT (-87.660905775672 42.001929775492)
548e9bb7de1a11e7fe1447471a59c8d39e4aa6cdcf7f6a87390781faef2e19a07281395bd4d7d2d7cf860de1dd8784f6143a306197257e965768fb14bf6c53f3,JD219770,,4/29/2020 10:50,5,NO CONTROLS,NO CONTROLS,RAIN,DAYLIGHT,TURNING,PARKING LOT,,STRAIGHT AND LEVEL,WET,NO DEFECTS,,INJURY AND / OR TOW DUE TO CRASH,,,,"OVER $1,500",4/29/2020 10:53,UNABLE TO DETERMINE,UNABLE TO DETERMINE,210,W,87TH ST,622,,,,,,,2,NO INDICATION OF INJURY,0,0,0,0,0,2,0,10,4,4,41.73621796,-87.62931044,POINT (-87.629310436538 41.736217960782)
7398e9b08224955679703450da7a01a21cd9ac811236f28d888b6f86f4886dca660f464fb06979efb4726601364789bc741cb7f04aa4ab7cfad86e12bebca938,JF169779,,3/10/2022 19:00,30,TRAFFIC SIGNAL,FUNCTIONING PROPERLY,CLEAR,DAYLIGHT,TURNING,DIVIDED - W/MEDIAN (NOT RAISED),,STRAIGHT AND LEVEL,SNOW OR SLUSH,NO DEFECTS,NOT ON SCENE (DESK REPORT),NO INJURY / DRIVE AWAY,,,,"$501 - $1,500",3/10/2022 19:45,IMPROPER OVERTAKING/PASSING,NOT APPLICABLE,2100,W,CONGRESS PKWY,1225,,,,,,,2,NO INDICATION OF INJURY,0,0,0,0,0,9,0,19,5,3,41.87508791,-87.67905321,POINT (-87.679053213195 41.875087913575)
73ca345826ff3244dd5d60ef0602d00253973a5a58de4c3717d76810ee7c6cd94251fdd51d6acb6ae7b0e0dedde621efc331ab5e50501a683b3cc4da2613df84,JF169468,,3/10/2022 15:15,30,NO CONTROLS,NO CONTROLS,CLOUDY/OVERCAST,DAYLIGHT,PARKED MOTOR VEHICLE,ONE-WAY,,STRAIGHT AND LEVEL,DRY,NO DEFECTS,ON SCENE,NO INJURY / DRIVE AWAY,,,,"OVER $1,500",3/10/2022 15:18,DRIVING ON WRONG SIDE/WRONG WAY,UNABLE TO DETERMINE,4601,S,INDIANA AVE,215,,,,,,,2,NO INDICATION OF INJURY,0,0,0,0,0,1,0,15,5,3,41.81103652,-87.62111124,POINT (-87.621111242086 41.811036517401)
16fa708760cf351297d6c01c15b3e5ee6a86b38537c6d6c8d4649e037b48f1bda2e9c167995134848f126b634b1976321e301d9fd331dc557d6daa8db8349e6c,JF154861,,2/24/2022 16:15,30,NO CONTROLS,NO CONTROLS,SNOW,DAYLIGHT,REAR END,NOT DIVIDED,,STRAIGHT AND LEVEL,SNOW OR SLUSH,NO DEFECTS,ON SCENE,NO INJURY / DRIVE AWAY,,,,"$501 - $1,500",2/24/2022 16:30,WEATHER,FOLLOWING TOO CLOSELY,2235,N,HALSTED ST,1812,,,,,,,2,NO INDICATION OF INJURY,0,0,0,0,0,3,0,16,5,2,41.92286734,-87.64852339,POINT (-87.648523391853 41.922867338135)
73f657c6b9fae9b20ae2e7a8b8722bff0958ad0efa41e9abad73da5e840dadc1f1d2348b5caa3463466e06efeaf06295d359db402411ad0317f5ec8a5df7d4ac,JF169198,,3/10/2022 10:25,30,NO CONTROLS,NO CONTROLS,CLEAR,DAYLIGHT,PARKED MOTOR VEHICLE,NOT DIVIDED,,STRAIGHT AND LEVEL,DRY,NO DEFECTS,NOT ON SCENE (DESK REPORT),NO INJURY / DRIVE AWAY,,,,"OVER $1,500",3/10/2022 11:00,UNABLE TO DETERMINE,UNABLE TO DETERMINE,1920,N,MILWAUKEE AVE,1434,,,,,,,2,NO INDICATION OF INJURY,0,0,0,0,0,1,0,10,5,3,41.91629913,-87.68682686,POINT (-87.686826859961 41.916299124747)
172a98617d054d976fc12c13e84c0594024ebb7a6511b512340d7e9959bea1d954a142b125ae4f24b72a9da968f06318aa1ac8ce983400896adc3bfaef5d4160,JE154966,,2/24/2022 13:45,30,NO CONTROLS,NO CONTROLS,CLEAR,DAYLIGHT,PARKED MOTOR VEHICLE,NOT DIVIDED,,STRAIGHT AND LEVEL,WET,NO DEFECTS,NOT ON SCENE (DESK REPORT),NO INJURY / DRIVE AWAY,,,,"OVER $1,500",2/24/2022 16:00,PHYSICAL CONDITION OF DRIVER,UNABLE TO DETERMINE,9038,S,COLFAX AVE,423,,,,,,,2,NO INDICATION OF INJURY,0,0,0,0,0,1,0,13,5,2,41.7305551,-87.56110997,POINT (-87.561109974288 41.730555101828)
4370f31e15f70f69d0c653041b63b36efc99d1334bf1d4426c8f2a92573ac4948a114471e5d93d8469f1487cf3b35edec2fc82b1ebf58d7ab6c5d878864522fa,JF161814,Y,3/3/2022 1:00,25,NO CONTROLS,NO CONTROLS,CLEAR,"DARKNESS, LIGHTED ROAD",PARKED MOTOR VEHICLE,ONE-WAY,,STRAIGHT AND LEVEL,DRY,NO DEFECTS,,NO INJURY / DRIVE AWAY,,,Y,"OVER $1,500",3/3/2022 10:55,UNABLE TO DETERMINE,NOT APPLICABLE,1547,N,LEAMINGTON AVE,2533,,,,,,,2,NO INDICATION OF INJURY,0,0,0,0,0,1,0,1,5,3,41.90908772,-87.7545611,POINT (-87.75456110214 41.909087722005)
559fd1f65c60835b19b8c803c04a19652b905b414af7982055d6701edf89455b9670bfbced7ea604f9514ba822b23710bed418587d8a8d66302905a8a7672c91,JE118814,,1/21/2021 9:34,30,TRAFFIC SIGNAL,FUNCTIONING PROPERLY,CLEAR,DAYLIGHT,PEDESTRIAN,DIVIDED - W/MEDIAN (NOT RAISED),,STRAIGHT ON GRADE,WET,UNKNOWN,,INJURY AND / OR TOW DUE TO CRASH,Y,,N,$500 OR LESS,1/21/2021 9:35,FAILING TO YIELD RIGHT-OF-WAY,CELL PHONE USE OTHER THAN TEXTING,1558,W,95TH ST,2221,,,,,,,2,NONINCAPACITATING INJURY,1,0,0,1,0,1,0,9,5,1,41.72132575,-87.6626251,POINT (-87.662625097876 41.721325750833)
17d079b2382c71b721fd7dbc1ee923268c3da5a1b5dc455c82cd2c6244641be3ea3efebb91c0b10ba693aa9b4f70cc12a3ed86ed3f4dedd44c38071fff1ae6cc,JF154324,,2/24/2022 7:45,30,TRAFFIC SIGNAL,FUNCTIONING PROPERLY,CLEAR,DAYLIGHT,SIDESWIPE SAME DIRECTION,NOT DIVIDED,,STRAIGHT AND LEVEL,DRY,NO DEFECTS,NOT ON SCENE (DESK REPORT),NO INJURY / DRIVE AWAY,,,Y,"OVER $1,500",2/24/2022 8:30,FOLLOWING TOO CLOSELY,IMPROPER LANE USAGE,1011,W,DIVISION ST,1822,,,,,,,2,NO INDICATION OF INJURY,0,0,0,0,0,4,0,7,5,2,41.9034596,-87.65303583,POINT (-87.653035833619 41.903459595962)
443a7742f352b55cbd5d0aabb8f38d91e5e6ff969ad863a1ff0a2060f4f948d4d5951b055d32ca6f6e64e6cc555da667792eadd083f3917b2c386b8229bf2a15,JF162550,,3/3/2022 23:52,20,NO CONTROLS,NO CONTROLS,CLEAR,"DARKNESS, LIGHTED ROAD",PARKED MOTOR VEHICLE,ONE-WAY,,STRAIGHT AND LEVEL,DRY,NO DEFECTS,ON SCENE,NO INJURY / DRIVE AWAY,,,Y,"OVER $1,500",3/3/2022 23:55,DRIVING SKILLS/KNOWLEDGE/EXPERIENCE,FAILING TO REDUCE SPEED TO AVOID CRASH,8752,S,LOOMIS ST,2222,,,,,,,2,NO INDICATION OF INJURY,0,0,0,0,0,1,0,23,5,3,41.73429843,-87.65830423,POINT (-87.658304230763 41.734298434108)
17fe868e3b9c840ac983caecffda1111bc48935f1adafdb29378972acad5c35c2cba282a782b2b662e25374045244caa6bcfc9dd01e136a9fc15831cc2441f11,JF147729,,2/17/2022 16:40,30,TRAFFIC SIGNAL,FUNCTIONING PROPERLY,SNOW,DUSK,TURNING,NOT DIVIDED,,STRAIGHT AND LEVEL,SNOW OR SLUSH,NO DEFECTS,NOT ON SCENE (DESK REPORT),NO INJURY / DRIVE AWAY,,,Y,"OVER $1,500",2/17/2022 17:15,UNABLE TO DETERMINE,UNABLE TO DETERMINE,9900,S,DR MARTIN LUTHER KING JR DR,511,,,,,,,2,NO INDICATION OF INJURY,0,0,0,0,0,2,0,16,5,2,41.71458064,-87.6141234,POINT (-87.614123395176 41.714580637087)