CRASH_RECORD_ID,RD_NO,CRASH_DATE_EST_I,CRASH_DATE,POSTED_SPEED_LIMIT,TRAFFIC_CONTROL_DEVICE,DEVICE_CONDITION,WEATHER_CONDITION,LIGHTING_CONDITION,FIRST_CRASH_TYPE,TRAFFICWAY_TYPE,LANE_CNT,ALIGNMENT,ROADWAY_SURFACE_COND,ROAD_DEFECT,REPORT_TYPE,CRASH_TYPE,INTERSECTION_RELATED_I,NOT_RIGHT_OF_WAY_I,HIT_AND_RUN_I,DAMAGE,DATE_POLICE_NOTIFIED,PRIM_CONTRIBUTORY_CAUSE,SEC_CONTRIBUTORY_CAUSE,STREET_NO,STREET_DIRECTION,STREET_NAME,BEAT_OF_OCCURRENCE,PHOTOS_TAKEN_I,STATEMENTS_TAKEN_I,DOORING_I,WORK_ZONE_I,WORK_ZONE_TYPE,WORKERS_PRESENT_I,NUM_UNITS,MOST_SEVERE_INJURY,INJURIES_TOTAL,INJURIES_FATAL,INJURIES_INCAPACITATING,INJURIES_NON_INCAPACITATING,INJURIES_REPORTED_NOT_EVIDENT,INJURIES_NO_INDICATION,INJURIES_UNKNOWN,CRASH_HOUR,CRASH_DAY_OF_WEEK,CRASH_MONTH,LATITUDE,LONGITUDE,LOCATION
43b4d8c5ba3b1c03df9cf41bd6fd2a243724f9763f78530ef168f25c6bf5c0f2e9c80a2178cd612753e764aef31cecfc81ab9bb81e565a41fcda8bce19692c28,JE459169,,11/28/2021 10:20,30,TRAFFIC SIGNAL,FUNCTIONING PROPERLY,CLEAR,DAYLIGHT,REAR END,FOUR WAY,,STRAIGHT AND LEVEL,DRY,NO DEFECTS,,NO INJURY / DRIVE AWAY,Y,,Y,"OVER $1,500",11/28/2021 10:21,UNABLE TO DETERMINE,NOT APPLICABLE,1001,N,CALIFORNIA AVE,1211,,,,,,,2,NO INDICATION OF INJURY,0,0,0,0,0,3,0,10,1,11,41.89933092,-87.69664493,POINT (-87.696644924737 41.899330918472)
74bab5cd626d04288f4c3b885d22ca1b724022fefd23c0e3783b12251198b7b089ceb73b135b4cfb4a3874b2b5b8c0de18ef68b7b58edc800818308febe6ddd2,JE353020,,8/28/2021 12:30,35,TRAFFIC SIGNAL,FUNCTIONING PROPERLY,CLEAR,DAYLIGHT,ANGLE,DIVIDED - W/MEDIAN (NOT RAISED),,STRAIGHT AND LEVEL,DRY,NO DEFECTS,,NO INJURY / DRIVE AWAY,,,Y,"OVER $1,500",8/28/2021 13:15,FAILING TO YIELD RIGHT-OF-WAY,FAILING TO YIELD RIGHT-OF-WAY,8100,S,RACINE AVE,613,,,,,,,2,NO INDICATION OF INJURY,0,0,0,0,0,5,0,12,7,8,41.74676554,-87.65378557,POINT (-87.653785564942 41.746765536142)
74d5712e79b882137a245e3816deef53a43e9b6f7d306edc3f15db527ffaac8cd8ca96c1e1048218a69731adc7a262b5ddc12e5275ee6e4e6f478d6a07bebf7f,JE304738,,7/17/2021 16:42,30,TRAFFIC SIGNAL,FUNCTIONING PROPERLY,CLEAR,DAYLIGHT,REAR END,NOT DIVIDED,,STRAIGHT AND LEVEL,DRY,NO DEFECTS,,INJURY AND / OR TOW DUE TO CRASH,,,,"OVER $1,500",7/17/2021 16:52,UNABLE TO DETERMINE,NOT APPLICABLE,4152,W,LAKE ST,1114,,,,,,,3,"REPORTED, NOT EVIDENT",1,0,0,0,1,2,0,16,7,7,41.88583137,-87.73036214,POINT (-87.730362142016 41.885831365461)
75265e74d105cfd786e6fae92af9f3ef56a7cbc15bd59f1c6d2b740ddf2c7ecee13c49b33683bb4411318326baaf440917d56c5e43e617e87ee74a0cebe355ca,JF169674,,3/10/2022 17:30,30,NO CONTROLS,NO CONTROLS,CLEAR,"DARKNESS, LIGHTED ROAD",PEDESTRIAN,NOT DIVIDED,,STRAIGHT AND LEVEL,DRY,NO DEFECTS,ON SCENE,INJURY AND / OR TOW DUE TO CRASH,,,Y,$500 OR LESS,3/10/2022 17:46,UNABLE TO DETERMINE,UNABLE TO DETERMINE,400,E,43RD ST,214,,,,,,,2,"REPORTED, NOT EVIDENT",1,0,0,0,1,1,0,17,5,3,41.81674857,-87.61646799,POINT (-87.616467992662 41.816748565662)
185d665f22f614fa14274692fe44c343a8a5273569f258ae62b8a164216938a6d8a04b9d90ee9bc5ee337ca6d96a29705b9ed51fa721430a1195d5f6fc7c7978,JF147607,,2/17/2022 15:30,30,NO CONTROLS,NO CONTROLS,SNOW,DAYLIGHT,ANGLE,DIVIDED - W/MEDIAN (NOT RAISED),,STRAIGHT AND LEVEL,DRY,NO DEFECTS,NOT ON SCENE (DESK REPORT),NO INJURY / DRIVE AWAY,Y,,,"$501 - $1,500",2/17/2022 16:18,UNABLE TO DETERMINE,NOT APPLICABLE,532,E,87TH ST,632,,,,,,,2,NO INDICATION OF INJURY,0,0,0,0,0,4,0,15,5,2,41.73666987,-87.61074799,POINT (-87.610747984625 41.736669866503)
18b86385515ad133f90d29c9887c6fbf72356ac44c900ab044388aca9338ca43677b0ae2c88939b0a696c06a59d69d2ac540cddc944fb7af74134512e8b59988,JF147383,Y,2/17/2022 18:00,30,NO CONTROLS,NO CONTROLS,SNOW,"DARKNESS, LIGHTED ROAD",REAR END,NOT DIVIDED,,STRAIGHT AND LEVEL,SNOW OR SLUSH,UNKNOWN,ON SCENE,INJURY AND / OR TOW DUE TO CRASH,,,,"OVER $1,500",2/17/2022 18:04,WEATHER,DRIVING SKILLS/KNOWLEDGE/EXPERIENCE,5168,N,MILWAUKEE AVE,1623,,,,,,,2,NO INDICATION OF INJURY,0,0,0,0,0,4,0,18,5,2,41.97439119,-87.76677075,POINT (-87.766770745788 41.974391194046)
46493619ee410466c297e3819e896bfb8d2c3f9eca2691d6320a15ca75bee91dd20e2ed89983d79af89da2bca3a06c7d525e28cd706bbaf45e4d14d3d0e79ac5,JF162267,Y,3/3/2022 12:00,20,NO CONTROLS,NO CONTROLS,CLEAR,UNKNOWN,PARKED MOTOR VEHICLE,ONE-WAY,,STRAIGHT AND LEVEL,DRY,NO DEFECTS,NOT ON SCENE (DESK REPORT),NO INJURY / DRIVE AWAY,,,Y,"OVER $1,500",3/3/2022 17:40,UNABLE TO DETERMINE,UNABLE TO DETERMINE,1637,N,KEATING AVE,2533,,,,,,,2,NO INDICATION OF INJURY,0,0,0,0,0,1,0,12,5,3,41.91079463,-87.74454191,POINT (-87.744541910001 41.91079462889)
194cf2a0d394fc6912ea7723fed16e2be84640d2996315f5f48189ff541efccd7d0f6fe31caf4629a7a469309bc1a719e49563ae0d642bcf4abd6c12fb4a56b0,JF147992,,2/17/2022 15:30,30,NO CONTROLS,NO CONTROLS,SNOW,DAYLIGHT,PARKED MOTOR VEHICLE,ONE-WAY,,STRAIGHT AND LEVEL,SNOW OR SLUSH,NO DEFECTS,NOT ON SCENE (DESK REPORT),NO INJURY / DRIVE AWAY,,,,"OVER $1,500",2/17/2022 21:35,UNABLE TO DETERMINE,IMPROPER OVERTAKING/PASSING,8210,S,LAFAYETTE AVE,622,,,,,,,2,NO INDICATION OF INJURY,0,0,0,0,0,1,0,15,5,2,41.74503928,-87.62580922,POINT (-87.625809219014 41.745039276614)
19634f1ddd93f6805c835d24dbdda20abfc81de30aeb733a5a0e86574a392cb73a1387f5464c9ed89d14e7f747cfb7340170e5e978d620b6abb0a2a14a743026,JE147795,,2/17/2022 17:00,30,NO CONTROLS,NO CONTROLS,SNOW,DAYLIGHT,REAR END,NOT DIVIDED,,STRAIGHT AND LEVEL,SNOW OR SLUSH,UNKNOWN,NOT ON SCENE (DESK REPORT),INJURY AND / OR TOW DUE TO CRASH,,,,"OVER $1,500",2/17/2022 18:00,FOLLOWING TOO CLOSELY,NOT APPLICABLE,4058,N,SHERIDAN RD,1915,,,,,,,2,NO INDICATION OF INJURY,0,0,0,0,0,2,0,17,5,2,41.95616188,-87.65473914,POINT (-87.654739140655 41.956161878589)
19e8eac1383b80cc79db524052fdf9018bb3997fb7f3d3528804002614e66c09b531d9fa2496a6ad86f3913aa98636f5e51dd234cae366f3f163edbe483ae638,JF155049,,2/24/2022 18:15,30,TRAFFIC SIGNAL,FUNCTIONING PROPERLY,SNOW,"DARKNESS, LIGHTED ROAD",FIXED OBJECT,NOT DIVIDED,,STRAIGHT AND LEVEL,SNOW OR SLUSH,NO DEFECTS,ON SCENE,INJURY AND / OR TOW DUE TO CRASH,Y,,,"OVER $1,500",2/24/2022 19:26,WEATHER,UNABLE TO DETERMINE,4456,W,LAKE ST,1113,,,,,,,1,NO INDICATION OF INJURY,0,0,0,0,0,1,0,18,5,2,41.8862658,-87.73789833,POINT (-87.737898332519 41.886265797055)
467d4b19bca177ba4e15e993be01e5a1e6e84a547a808f9cf0f491aa8e144e2b91785934ad6444b646e44b955e184c2abc985243d82508f85f0ed047df07a3a2,JF161662,Y,3/3/2022 8:17,30,TRAFFIC SIGNAL,FUNCTIONING IMPROPERLY,CLEAR,DAYLIGHT,REAR END,NOT DIVIDED,,STRAIGHT AND LEVEL,DRY,NO DEFECTS,ON SCENE,INJURY AND / OR TOW DUE TO CRASH,N,,,"OVER $1,500",3/3/2022 8:19,UNABLE TO DETERMINE,UNABLE TO DETERMINE,400,W,71ST ST,732,,,,,,,3,NO INDICATION OF INJURY,0,0,0,0,0,3,0,8,5,3,41.76546476,-87.63473028,POINT (-87.634730277199 41.765464763036)
19cdbc4f44d25c344815e835b12ea49b1bfe41df21c026257679eed1c73135c0233256e4bc15d505a112f2d78c992700b45acad884a4d44806203e5e3ec8ad19,JF147689,,2/17/2022 15:17,30,STOP SIGN/FLASHER,FUNCTIONING PROPERLY,SNOW,DAYLIGHT,TURNING,OTHER,,STRAIGHT AND LEVEL,WET,NO DEFECTS,NOT ON SCENE (DESK REPORT),NO INJURY / DRIVE AWAY,,,,"$501 - $1,500",2/17/2022 16:50,NOT APPLICABLE,NOT APPLICABLE,7900,S,SOUTH CHICAGO AVE,411,,,,,,,2,NO INDICATION OF INJURY,0,0,0,0,0,2,0,15,5,2,41.75133971,-87.58563227,POINT (-87.585632265652 41.751339704589)
19ec5a925606da80c2c61b7759db0a7da65ce2c2920399f0586a5b056eec48977cf8321efcccf2250d93a42aaf756962c7339e5c3f18356a8ec0cd6cf85275a7,JF147688,,2/17/2022 16:40,30,TRAFFIC SIGNAL,UNKNOWN,SNOW,DUSK,REAR END,NOT DIVIDED,,STRAIGHT AND LEVEL,SNOW OR SLUSH,UNKNOWN,ON SCENE,NO INJURY / DRIVE AWAY,,,Y,"OVER $1,500",2/17/2022 16:46,FOLLOWING TOO CLOSELY,UNABLE TO DETERMINE,266,S,CICERO AVE,1533,,,,,,,2,NO INDICATION OF INJURY,0,0,0,0,0,2,0,16,5,2,41.87685023,-87.74529389,POINT (-87.745293891422 41.876850225901)
76eefe407ebe8cb74389131e50691dc16d9d206d4403b4aa65335a4516066620a55da4430a3300ba06e651abb872457ac7f72eb15c2fb0f65d69e0f43b232188,JF169019,,3/10/2022 7:30,30,NO CONTROLS,NO CONTROLS,CLEAR,DAYLIGHT,PARKED MOTOR VEHICLE,NOT DIVIDED,,STRAIGHT AND LEVEL,DRY,NO DEFECTS,NOT ON SCENE (DESK REPORT),NO INJURY / DRIVE AWAY,,,Y,"OVER $1,500",3/10/2022 8:35,IMPROPER LANE USAGE,UNABLE TO DETERMINE,6326,S,LAMON AVE,813,,,,,,,2,NO INDICATION OF INJURY,0,0,0,0,0,1,0,7,5,3,41.77755391,-87.74483918,POINT (-87.744839176081 41.777553905664)
3e8ce1caf3b66f2836d1efa87e599b3cad57f266828c62a447704723845c66e56ac411076df8642ba155a7e8447df446dd00bd19082b9dc19c0dcba3fd116ba7,JE339592,,8/16/2021 16:10,30,NO CONTROLS,NO CONTROLS,CLEAR,DAYLIGHT,HEAD ON,DIVIDED - W/MEDIAN (NOT RAISED),,STRAIGHT AND LEVEL,DRY,NO DEFECTS,,NO INJURY / DRIVE AWAY,,,,"$501 - $1,500",8/16/2021 17:32,FOLLOWING TOO CLOSELY,NOT APPLICABLE,6025,S,WESTERN AVE,825,,,,,,,2,NO INDICATION OF INJURY,0,0,0,0,0,2,0,16,2,8,41.78396584,-87.68362338,POINT (-87.683623377758 41.783965842276)
57265cc829b1cbab0782aace529de9a3b8e2a87a781051f2fe4f6d846a36d713e859cb37afaa95cc687e4141dab78d17770882071b5d76f94d38888d6b3e2e75,JE264394,,6/13/2021 12:35,30,TRAFFIC SIGNAL,FUNCTIONING PROPERLY,CLEAR,DAYLIGHT,TURNING,DIVIDED - W/MEDIAN BARRIER,,STRAIGHT AND LEVEL,DRY,NO DEFECTS,,NO INJURY / DRIVE AWAY,Y,,,"$501 - $1,500",6/13/2021 12:45,IMPROPER TURNING/NO SIGNAL,IMPROPER LANE USAGE,120,W,LA SALLE DR,1814,,,,,,,2,NO INDICATION OF INJURY,0,0,0,0,0,3,0,12,1,6,41.91322503,-87.63282919,POINT (-87.632829187684 41.913225026781)
1b494843e7ab8c543e52335134163ab9e896111a60024efdd2ce42aeec5a4706b5da2ab4dca8c9b931924cc9f40ae8d9182ac02a2206488fbe7b1f6450025173,JF155452,,2/24/2022 20:00,20,NO CONTROLS,NO CONTROLS,SNOW,"DARKNESS, LIGHTED ROAD",FIXED OBJECT,ONE-WAY,,STRAIGHT AND LEVEL,SNOW OR SLUSH,NO DEFECTS,NOT ON SCENE (DESK REPORT),NO INJURY / DRIVE AWAY,,,,"OVER $1,500",2/25/2022 9:40,WEATHER,WEATHER,9126,S,ADA ST,2222,,,,,,,1,NO INDICATION OF INJURY,0,0,0,0,0,1,0,20,5,2,41.72776493,-87.65689989,POINT (-87.656899892977 41.727764925098)
1b5e1d3331223ce03d952eb0ceeccfe73acfd14461004325b9b73b4c4380e0060f3a74183e1d51a9331154510ba09f908d0ef80d22fb22403bd82c419a2a3b25,JF155074,,2/24/2022 19:54,30,TRAFFIC SIGNAL,FUNCTIONING PROPERLY,SNOW,"DARKNESS, LIGHTED ROAD",TURNING,DIVIDED - W/MEDIAN (NOT RAISED),,STRAIGHT AND LEVEL,SNOW OR SLUSH,NO DEFECTS,ON SCENE,NO INJURY / DRIVE AWAY,,,,"OVER $1,500",2/24/2022 19:56,WEATHER,NOT APPLICABLE,3158,W,TOUHY AVE,2411,,,,,,,2,NO INDICATION OF INJURY,0,0,0,0,0,5,0,19,5,2,42.0119723,-87.7089477,POINT (-87.708947698816 42.011972300941)
1bb367a10df61704252a5dbd00066a4f27dfca4a0c07c3455544fc47f0efee31aa182410080311e5e37610348b19d9afc4c6319b1b488b0c6cb860db0584ebec,JF154970,,2/24/2022 17:47,30,STOP SIGN/FLASHER,FUNCTIONING PROPERLY,SNOW,"DARKNESS, LIGHTED ROAD",REAR TO SIDE,ONE-WAY,,STRAIGHT AND LEVEL,SNOW OR SLUSH,NO DEFECTS,ON SCENE,INJURY AND / OR TOW DUE TO CRASH,Y,,,"OVER $1,500",2/24/2022 17:47,DRIVING ON WRONG SIDE/WRONG WAY,DRIVING SKILLS/KNOWLEDGE/EXPERIENCE,3299,N,RAVENSWOOD AVE,1922,,,,,,,2,NONINCAPACITATING INJURY,1,0,0,1,0,4,0,17,5,2,41.9414111,-87.67336699,POINT (-87.673366988722 41.941411102769)
1b9c0605a1bf58b0cbaf6ece158240823dee8f9be65f41b4c11cc23a56e752f7f3f2fac8f3abd3af668e936764589d0952e6465edcc1b2d664504d0c219721bf,JF146991,,2/17/2022 2:45,25,NO CONTROLS,NO CONTROLS,RAIN,"DARKNESS, LIGHTED ROAD",SIDESWIPE SAME DIRECTION,FOUR WAY,,STRAIGHT AND LEVEL,WET,NO DEFECTS,ON SCENE,NO INJURY / DRIVE AWAY,Y,,Y,"OVER $1,500",2/17/2022 2:49,UNABLE TO DETERMINE,UNABLE TO DETERMINE,1232,W,60TH ST,713,,,,,,,2,NO INDICATION OF INJURY,0,0,0,0,0,2,0,2,5,2,41.78515814,-87.65591947,POINT (-87.655919467102 41.785158139604)
1cafb32bde5b821ea30159bfab0879880ed16127bf2ed53b5b6280289b1e88c81843701eb2f5296c458d41a478c2ea903fc767e783b282ba12e853b7ef113581,JF156123,,2/24/2022 16:45,25,UNKNOWN,UNKNOWN,BLOWING SNOW,DAYLIGHT,REAR END,NOT DIVIDED,,STRAIGHT AND LEVEL,SNOW OR SLUSH,NO DEFECTS,ON SCENE,NO INJURY / DRIVE AWAY,,,Y,"OVER $1,500",2/25/2022 20:51,UNABLE TO DETERMINE,UNABLE TO DETERMINE,2200,N,LARAMIE AVE,2515,,,,,,,2,NO INDICATION OF INJURY,0,0,0,0,0,2,0,16,5,2,41.92054614,-87.75619186,POINT (-87.756191863247 41.920546141917)
590ebde77bd682c2cc2a3cd0faf705702a018a7f16b71bd603b8e4dc563896bbbe5d16ddedd99c4f0477fa507ed68ff52ad115e55ef883575e9f2b5ec7b48b2b,JE310754,,7/22/2021 21:15,30,STOP SIGN/FLASHER,FUNCTIONING PROPERLY,CLEAR,"DARKNESS, LIGHTED ROAD",ANGLE,FOUR WAY,,STRAIGHT AND LEVEL,DRY,NO DEFECTS,,INJURY AND / OR TOW DUE TO CRASH,Y,,,"OVER $1,500",7/22/2021 21:52,DISREGARDING STOP SIGN,FAILING TO YIELD RIGHT-OF-WAY,5048,W,CONGRESS PKWY,1533,,,,,,,2,NONINCAPACITATING INJURY,1,0,0,1,0,1,0,21,5,7,41.87410197,-87.75121424,POINT (-87.75121424367 41.874101971847)
7896153627d134c820a9ab26866c910e9b4f30dc1f6970ffd8ae036e62ff5f584c528a0f5b6afc2e782c68b78563f5f06845c5a2909eb125ab056647ed323837,JE493137,,12/30/2021 16:10,35,NO CONTROLS,NO CONTROLS,CLEAR,DUSK,TURNING,NOT DIVIDED,,STRAIGHT AND LEVEL,DRY,UNKNOWN,,INJURY AND / OR TOW DUE TO CRASH,,,,"OVER $1,500",12/30/2021 16:16,FAILING TO YIELD RIGHT-OF-WAY,FAILING TO REDUCE SPEED TO AVOID CRASH,4700,S,KEDZIE AVE,821,,,,,,,2,NO INDICATION OF INJURY,0,0,0,0,0,2,0,16,5,12,41.80804727,-87.70411882,POINT (-87.704118822299 41.80804727165)
48ec5c6783dba7a0cf004da325dcfc4ad4a57e30f5554fa87ec3655f177163c3c6365a33f3586400f2d612c8aca72ad8f7394039004f8560da40c0d553a50f2c,JF161734,,3/3/2022 8:10,30,NO CONTROLS,NO CONTROLS,CLEAR,DAYLIGHT,TURNING,NOT DIVIDED,,STRAIGHT AND LEVEL,DRY,NO DEFECTS,NOT ON SCENE (DESK REPORT),NO INJURY / DRIVE AWAY,,,,"OVER $1,500",3/3/2022 9:30,UNABLE TO DETERMINE,NOT APPLICABLE,2200,W,PERSHING RD,912,,,,,,,2,NO INDICATION OF INJURY,0,0,0,0,0,2,0,8,5,3,41.82315726,-87.68016565,POINT (-87.680165649472 41.823157261122)
5988a259d13df19bc7b5a6414b4507de6d5cc09bcb7fd5fb4971f53fe2463b7e2b559d740c95e08fa37a9b0e42a2a848b108f1cc8643f23d7d52161d8d38f02c,JF183557,,3/23/2022 8:15,25,TRAFFIC SIGNAL,FUNCTIONING PROPERLY,CLEAR,DAYLIGHT,TURNING,DIVIDED - W/MEDIAN (NOT RAISED),,STRAIGHT AND LEVEL,WET,NO DEFECTS,NOT ON SCENE (DESK REPORT),NO INJURY / DRIVE AWAY,,,,"OVER $1,500",3/23/2022 9:40,IMPROPER TURNING/NO SIGNAL,NOT APPLICABLE,5606,W,LAWRENCE AVE,1622,,,,,,,2,NO INDICATION OF INJURY,0,0,0,0,0,2,0,8,4,3,41.96788771,-87.7678218,POINT (-87.767821801261 41.967887714397)
4904f4d2d2ed0cb19fcd6d6548b41da529f3d93a29f9799a4b75ad9def5e7295dab92fdff5087aad143e7397c357ecc9f1c081f2338b9b62ed6610d57db6d926,JF161610,,3/3/2022 6:44,30,TRAFFIC SIGNAL,FUNCTIONING PROPERLY,CLEAR,DAYLIGHT,TURNING,NOT DIVIDED,,STRAIGHT AND LEVEL,DRY,NO DEFECTS,ON SCENE,INJURY AND / OR TOW DUE TO CRASH,Y,,,"OVER $1,500",3/3/2022 7:55,IMPROPER TURNING/NO SIGNAL,FAILING TO YIELD RIGHT-OF-WAY,400,S,ASHLAND AVE,1231,,,,,,,2,NO INDICATION OF INJURY,0,0,0,0,0,2,0,6,5,3,41.87633286,-87.66681112,POINT (-87.666811117572 41.87633285922)
59c113f0dbe6d60b373e93791fa63bf53525dd083f43cc82d43167bc9e5118fc11c84c8b979a8350042232cc00f06e6fccc9aeeb36b4e77562ccb1917f07a098,JF183493,,3/23/2022 8:10,15,NO CONTROLS,NO CONTROLS,CLEAR,DAYLIGHT,PARKED MOTOR VEHICLE,RAMP,,STRAIGHT AND LEVEL,WET,NO DEFECTS,ON SCENE,NO INJURY / DRIVE AWAY,,,,"$501 - $1,500",3/23/2022 8:20,UNABLE TO DETERMINE,NOT APPLICABLE,850,W,OHARE ST,1654,,,,,,,2,NO INDICATION OF INJURY,0,0,0,0,0,1,0,8,4,3,,,
1d78b65180214cd9e8af12d480f13aa68398a7c326b00640aa806bb7b68efc006a5fdda3b4008006445a9586c4ae082dd353d87c3c9c647a46283e7b2dfd4cff,JF154593,,2/24/2022 12:09,30,NO CONTROLS,NO CONTROLS,CLEAR,DAYLIGHT,PARKED MOTOR VEHICLE,ONE-WAY,,STRAIGHT AND LEVEL,DRY,NO DEFECTS,ON SCENE,NO INJURY / DRIVE AWAY,,,,"OVER $1,500",2/24/2022 12:09,UNABLE TO DETERMINE,NOT APPLICABLE,1650,S,ST LOUIS AVE,1021,,,,,,,2,NO INDICATION OF INJURY,0,0,0,0,0,2,0,12,5,2,41.85748899,-87.71287591,POINT (-87.712875911182 41.857488986363)
40dcbd7b7a7b56212eb04b02e953cc29817b310160a464193e3be01f38d57a65c86dd848535d1c8f011089e26ecff20e38492e3bfc041d52b11e623513a72ee1,JF176822,,3/17/2022 8:35,30,TRAFFIC SIGNAL,FUNCTIONING PROPERLY,CLEAR,DAYLIGHT,REAR END,FOUR WAY,,STRAIGHT AND LEVEL,DRY,NO DEFECTS,NOT ON SCENE (DESK REPORT),NO INJURY / DRIVE AWAY,,,,"$501 - $1,500",3/17/2022 10:00,FOLLOWING TOO CLOSELY,NOT APPLICABLE,2457,S,KEDZIE AVE,1033,,,,,,,2,NO INDICATION OF INJURY,0,0,0,0,0,2,0,8,5,3,41.84648284,-87.70495143,POINT (-87.704951425494 41.846482841342)
1d63930252a0c9ca5e6261d2fecb30fb55a36448a9db129ffe63305a2d96f5d8a2c8d335d949c69e09a499d6525144bee4c07eb52e0f9ce2547f1187d8951bc4,JF147790,,2/17/2022 17:32,35,TRAFFIC SIGNAL,UNKNOWN,BLOWING SNOW,DARKNESS,HEAD ON,FOUR WAY,,STRAIGHT AND LEVEL,SNOW OR SLUSH,NO DEFECTS,ON SCENE,INJURY AND / OR TOW DUE TO CRASH,Y,,,"OVER $1,500",2/17/2022 17:36,UNABLE TO DETERMINE,WEATHER,6300,N,CENTRAL AVE,1621,,,,,,,2,NONINCAPACITATING INJURY,1,0,0,1,0,1,0,17,5,2,41.99622779,-87.76433185,POINT (-87.764331848111 41.996227791444)
1d8493c8d2817bca5a1952acbe45841f9a291ff7f4eb8d38964f2ee96723ea24855591bc054cbfba6fe935b5138affdd13ae17e34e89f611f1874ef35c22cc5e,JF151429,,2/17/2022 12:30,30,NO CONTROLS,NO CONTROLS,CLEAR,DAYLIGHT,PARKED MOTOR VEHICLE,PARKING LOT,,STRAIGHT AND LEVEL,DRY,NO DEFECTS,NOT ON SCENE (DESK REPORT),NO INJURY / DRIVE AWAY,,Y,Y,"OVER $1,500",2/21/2022 13:55,FAILING TO REDUCE SPEED TO AVOID CRASH,DRIVING SKILLS/KNOWLEDGE/EXPERIENCE,4300,S,PULASKI RD,815,,,,,,,2,,,,,,,,,12,5,2,41.81510102,-87.72400523,POINT (-87.724005233406 41.815101021137)
1da4c409f91862fb125820f46314167ed8d20bceba87ca13c8ffb61d34a0e916be57e2e7db97197f6ed1ac067b1c7ff8c7cb86d4273ea9b47df1f4ee7b11fbb7,JF154786,,2/24/2022 8:25,35,NO CONTROLS,NO CONTROLS,CLEAR,DAYLIGHT,PARKED MOTOR VEHICLE,NOT DIVIDED,,STRAIGHT AND LEVEL,DRY,NO DEFECTS,NOT ON SCENE (DESK REPORT),NO INJURY / DRIVE AWAY,,,Y,"OVER $1,500",2/24/2022 15:55,IMPROPER TURNING/NO SIGNAL,IMPROPER TURNING/NO SIGNAL,1175,E,55TH ST,235,,,,,,,2,NO INDICATION OF INJURY,0,0,0,0,0,1,0,8,5,2,41.79495593,-87.59659767,POINT (-87.59659766947 41.794955934271)
7a93c19c2015c61b22963b1576ab2caebff5176d4c57ba63de66613a3f777817c8fb27ffe451e3e9760482e68ac48de29801cb0fc32cadceab54ab2c6020fea2,JF168895,,3/10/2022 3:25,30,NO CONTROLS,NO CONTROLS,CLEAR,"DARKNESS, LIGHTED ROAD",PARKED MOTOR VEHICLE,NOT DIVIDED,,STRAIGHT AND LEVEL,DRY,NO DEFECTS,ON SCENE,INJURY AND / OR TOW DUE TO CRASH,,,Y,"OVER $1,500",3/10/2022 3:29,UNABLE TO DETERMINE,UNABLE TO DETERMINE,3043,W,55TH ST,824,,,,,,,2,NO INDICATION OF INJURY,0,0,0,0,0,1,0,3,5,3,41.79346311,-87.70037711,POINT (-87.700377113674 41.79346311004)
7b3015d663487b2978217532fbc2ba0a70ba98c8ce69f6f19bfbd88f05d966e142c41c50d43ec346fe32148cbd2767846de5d02b61ac754b6a2c6415a2a5718d,JF169692,,3/10/2022 18:15,25,UNKNOWN,UNKNOWN,CLEAR,"DARKNESS, LIGHTED ROAD",REAR END,NOT DIVIDED,,STRAIGHT AND LEVEL,DRY,UNKNOWN,ON SCENE,INJURY AND / OR TOW DUE TO CRASH,,,,"OVER $1,500",3/10/2022 18:17,UNABLE TO DETERMINE,UNABLE TO DETERMINE,5800,W,FULLERTON AVE,2515,,,,,,,2,"REPORTED, NOT EVIDENT",1,0,0,0,1,1,0,18,5,3,41.92401403,-87.77091794,POINT (-87.770917936754 41.924014028964)
1e2e2782313666d74553b0a758a2e2fe362e49ec90b5178ece2bce2b838fe32de82bc47434c889d194b302354a78da36bad99730c1aa706eb79b741c64f60884,JF151855,,2/17/2022 15:15,30,NO CONTROLS,NO CONTROLS,SNOW,DAYLIGHT,REAR END,NOT DIVIDED,,STRAIGHT AND LEVEL,SNOW OR SLUSH,NO DEFECTS,NOT ON SCENE (DESK REPORT),NO INJURY / DRIVE AWAY,,,,"$501 - $1,500",2/21/2022 19:43,NOT APPLICABLE,NOT APPLICABLE,5749,S,HARLEM AVE,811,,,,,,,2,NO INDICATION OF INJURY,0,0,0,0,0,2,0,15,5,2,41.78687015,-87.80116331,POINT (-87.801163304692 41.786870148773)
5a801ceea0ee1a9c39c8b0e4d4654a4c86eec522fcd71d379a441654ba43e670935605429995a3e70ed8c89f0e6ceb18c9acfc1286278016aa7cd7ab9c16e801,JF184034,,3/23/2022 15:55,30,STOP SIGN/FLASHER,FUNCTIONING PROPERLY,RAIN,DAYLIGHT,SIDESWIPE SAME DIRECTION,ONE-WAY,,STRAIGHT AND LEVEL,WET,NO DEFECTS,ON SCENE,NO INJURY / DRIVE AWAY,Y,,,"OVER $1,500",3/23/2022 16:14,UNABLE TO DETERMINE,UNABLE TO DETERMINE,3000,W,SUNNYSIDE AVE,1724,,,,,,,2,NO INDICATION OF INJURY,0,0,0,0,0,2,0,15,4,3,41.96315486,-87.7034745,POINT (-87.703474497128 41.963154861741)
1eed4f96484668af7efc18443d8ae21fa385342666c85a0a66b17af3499920828c3f86bdb921096c81cabc2141e5a016fc52eb4fb862c38703aee069e6ec8a83,JF148610,,2/17/2022 17:55,30,NO CONTROLS,NO CONTROLS,SNOW,DAYLIGHT,PARKED MOTOR VEHICLE,DIVIDED - W/MEDIAN (NOT RAISED),,STRAIGHT AND LEVEL,SNOW OR SLUSH,UNKNOWN,NOT ON SCENE (DESK REPORT),NO INJURY / DRIVE AWAY,,,,"OVER $1,500",2/18/2022 14:30,UNABLE TO DETERMINE,NOT APPLICABLE,4455,N,ELSTON AVE,1722,,,,,,,2,NO INDICATION OF INJURY,0,0,0,0,0,2,0,17,5,2,41.96206174,-87.73112429,POINT (-87.731124290252 41.962061738216)