CRASH_RECORD_ID,RD_NO,CRASH_DATE_EST_I,CRASH_DATE,POSTED_SPEED_LIMIT,TRAFFIC_CONTROL_DEVICE,DEVICE_CONDITION,WEATHER_CONDITION,LIGHTING_CONDITION,FIRST_CRASH_TYPE,TRAFFICWAY_TYPE,LANE_CNT,ALIGNMENT,ROADWAY_SURFACE_COND,ROAD_DEFECT,REPORT_TYPE,CRASH_TYPE,INTERSECTION_RELATED_I,NOT_RIGHT_OF_WAY_I,HIT_AND_RUN_I,DAMAGE,DATE_POLICE_NOTIFIED,PRIM_CONTRIBUTORY_CAUSE,SEC_CONTRIBUTORY_CAUSE,STREET_NO,STREET_DIRECTION,STREET_NAME,BEAT_OF_OCCURRENCE,PHOTOS_TAKEN_I,STATEMENTS_TAKEN_I,DOORING_I,WORK_ZONE_I,WORK_ZONE_TYPE,WORKERS_PRESENT_I,NUM_UNITS,MOST_SEVERE_INJURY,INJURIES_TOTAL,INJURIES_FATAL,INJURIES_INCAPACITATING,INJURIES_NON_INCAPACITATING,INJURIES_REPORTED_NOT_EVIDENT,INJURIES_NO_INDICATION,INJURIES_UNKNOWN,CRASH_HOUR,CRASH_DAY_OF_WEEK,CRASH_MONTH,LATITUDE,LONGITUDE,LOCATION
1f180452528953eef0b8b0c4efce11e1d1da1ae98b58f30b8797bb53c48190fa9879af8eb44e7569153720de319637b9d56013a2c4cffca9412376459b1a3632,JF154510,,2/24/2022 10:40,30,STOP SIGN/FLASHER,NO CONTROLS,CLEAR,DAYLIGHT,ANGLE,NOT DIVIDED,,STRAIGHT AND LEVEL,DRY,NO DEFECTS,NOT ON SCENE (DESK REPORT),NO INJURY / DRIVE AWAY,Y,,,"$501 - $1,500",2/24/2022 11:00,UNABLE TO DETERMINE,UNABLE TO DETERMINE,1500,S,THROOP ST,1233,,,,,,,2,NO INDICATION OF INJURY,0,0,0,0,0,2,0,10,5,2,41.86153365,-87.65912079,POINT (-87.659120793641 41.861533653263)
1f41bff8cfc8e062b696c28b13f56f18e2340379cf610b1d6f15699c6894b203fa2ec903a205392bbd70fb18bbbd156d8d521e80433d669a50949d65c5dbc2fa,JF155182,,2/24/2022 22:58,35,NO CONTROLS,NO CONTROLS,SNOW,"DARKNESS, LIGHTED ROAD",SIDESWIPE OPPOSITE DIRECTION,NOT DIVIDED,,STRAIGHT AND LEVEL,SNOW OR SLUSH,NO DEFECTS,ON SCENE,INJURY AND / OR TOW DUE TO CRASH,,,,"OVER $1,500",2/24/2022 22:58,WEATHER,NOT APPLICABLE,2451,W,TOUHY AVE,2411,,,,,,,3,NO INDICATION OF INJURY,0,0,0,0,0,2,0,22,5,2,42.01212839,-87.69220233,POINT (-87.692202325901 42.012128386362)
7ce181526406d6119ecc6fe27148ded6733a1f9f6ae56ac7f22f2b456752184c072429223ba49493965249105473defb03f15c7d0aa6d94e728af5d2cf80f801,JF107102,,3/10/2022 23:00,30,NO CONTROLS,NO CONTROLS,SNOW,DARKNESS,PARKED MOTOR VEHICLE,DIVIDED - W/MEDIAN (NOT RAISED),,STRAIGHT AND LEVEL,SNOW OR SLUSH,NO DEFECTS,NOT ON SCENE (DESK REPORT),NO INJURY / DRIVE AWAY,,,Y,"OVER $1,500",3/11/2022 8:26,UNABLE TO DETERMINE,NOT APPLICABLE,1042,W,87TH ST,613,,,,,,,2,NO INDICATION OF INJURY,0,0,0,0,0,1,0,23,5,3,41.73608979,-87.65018687,POINT (-87.650186874066 41.736089790277)
1f8dcafc12ba893ba1da9a65e53026f288d747bc7a65caeaf8b249a78997921a9d0ae98cb995006bb19111aa6ae2860b37548a456d16165d31718618a044b7d4,JF147051,Y,2/17/2022 5:00,30,NO CONTROLS,NO CONTROLS,RAIN,DAYLIGHT,OTHER OBJECT,NOT DIVIDED,,STRAIGHT AND LEVEL,WET,NO DEFECTS,ON SCENE,INJURY AND / OR TOW DUE TO CRASH,,,,"OVER $1,500",2/17/2022 6:28,WEATHER,WEATHER,2745,N,AVERS AVE,2524,,,,,,,1,,,,,,,,,5,5,2,41.93136196,-87.72315142,POINT (-87.723151419178 41.931361960917)
7d10154927513d4da1e519dca371338d5993a2cec36d46345bcce63478c712dc42017214a2af1864210472aaae982ed7c82be68617e0bc42d5a58e40bbfce29e,JF169415,,3/10/2022 13:30,30,NO CONTROLS,NO CONTROLS,CLEAR,DAYLIGHT,SIDESWIPE SAME DIRECTION,ONE-WAY,,STRAIGHT AND LEVEL,DRY,NO DEFECTS,ON SCENE,INJURY AND / OR TOW DUE TO CRASH,,,,"OVER $1,500",3/10/2022 13:35,FAILING TO YIELD RIGHT-OF-WAY,NOT APPLICABLE,2126,W,VAN BUREN ST,1225,,,,,,,2,NO INDICATION OF INJURY,0,0,0,0,0,2,0,13,5,3,41.87628085,-87.68006627,POINT (-87.680066273252 41.876280852644)
1fc61968acdb6236c40199807af8af56cff5779e093addc5e8869965a2ae899f663ad86c763da27271829f0027503e261bbd9f2a24e0ca2cf66bf87071b6f3b5,JF147800,,2/17/2022 17:39,30,NO CONTROLS,NO CONTROLS,SNOW,"DARKNESS, LIGHTED ROAD",FIXED OBJECT,NOT DIVIDED,,STRAIGHT AND LEVEL,SNOW OR SLUSH,NO DEFECTS,ON SCENE,NO INJURY / DRIVE AWAY,,,,"OVER $1,500",2/17/2022 17:39,WEATHER,UNABLE TO DETERMINE,3839,N,NARRAGANSETT AVE,1633,,,,,,,2,NO INDICATION OF INJURY,0,0,0,0,0,3,0,17,5,2,41.95047921,-87.78630554,POINT (-87.786305541679 41.950479204791)
5bf931887c939e24361206b16781d6518eb6bb1c5313912bc888fed2686cc8340b644dff9ea550b4030875187c1ec98c48dc5096291d34f0127f5bdd09539d31,JF184417,,3/23/2022 21:49,30,TRAFFIC SIGNAL,FUNCTIONING PROPERLY,RAIN,"DARKNESS, LIGHTED ROAD",REAR END,NOT DIVIDED,,STRAIGHT AND LEVEL,WET,UNKNOWN,NOT ON SCENE (DESK REPORT),INJURY AND / OR TOW DUE TO CRASH,,,,"OVER $1,500",3/23/2022 22:15,UNABLE TO DETERMINE,UNABLE TO DETERMINE,1600,W,69TH ST,725,,,,,,,2,NO INDICATION OF INJURY,0,0,0,0,0,2,0,21,4,3,41.76866055,-87.66396288,POINT (-87.663962876119 41.768660553306)
2062ac3b159fc01a32ce0aa031385814a2104a71741dc188f3ff11e2fcbccb535052acfc79d9b675e21e0577e3835f2e2e6cc1e094bdfcfb89fa1dcf90b787f5,JF154872,,2/24/2022 15:50,30,NO CONTROLS,NO CONTROLS,SNOW,DAYLIGHT,SIDESWIPE OPPOSITE DIRECTION,ONE-WAY,,STRAIGHT AND LEVEL,SNOW OR SLUSH,UNKNOWN,ON SCENE,NO INJURY / DRIVE AWAY,,,Y,$500 OR LESS,2/24/2022 16:36,UNABLE TO DETERMINE,NOT APPLICABLE,1159,W,LOYOLA AVE,2432,,,,,,,2,NO INDICATION OF INJURY,0,0,0,0,0,2,0,15,5,2,42.00142406,-87.66063471,POINT (-87.660634712098 42.001424062196)
5ce9efe5559e8d853f9a2483f01388f8ec9806b1adfbe3643506e976f5742f608fe43631cc53edc1d496cbb01ca855a09196476008e95e9a558c6fc452fcefe6,JF183498,,3/23/2022 7:35,30,NO CONTROLS,NO CONTROLS,CLEAR,DAYLIGHT,SIDESWIPE SAME DIRECTION,NOT DIVIDED,,STRAIGHT AND LEVEL,WET,NO DEFECTS,NOT ON SCENE (DESK REPORT),NO INJURY / DRIVE AWAY,,,,"OVER $1,500",3/23/2022 8:20,FAILING TO YIELD RIGHT-OF-WAY,DRIVING SKILLS/KNOWLEDGE/EXPERIENCE,730,N,PULASKI RD,1111,,,,,,,2,NO INDICATION OF INJURY,0,0,0,0,0,10,0,7,4,3,41.89444828,-87.72620305,POINT (-87.726203047904 41.894448278337)
4d620106da1c81170cc95eda9553cd6256ed52ee0cd477766cb70eb8e179584d351353aa4c1b8713282f5b9d76ee5b11003b6eeee22cbdd7dce99901edfb0018,JF162166,,3/3/2022 14:56,30,STOP SIGN/FLASHER,FUNCTIONING PROPERLY,CLEAR,DAYLIGHT,ANGLE,FOUR WAY,,STRAIGHT AND LEVEL,DRY,UNKNOWN,ON SCENE,NO INJURY / DRIVE AWAY,Y,,Y,"OVER $1,500",3/3/2022 16:04,FAILING TO YIELD RIGHT-OF-WAY,UNABLE TO DETERMINE,5132,W,47TH ST,814,,,,,,,2,NO INDICATION OF INJURY,0,0,0,0,0,2,0,14,5,3,41.80761793,-87.75178655,POINT (-87.751786549188 41.807617928576)
7fdc1de62febbc7be96dd1859fb341ef49bb2866c81637b997cea70219860f9ee5f56bf12b0602e4b742cf5522c3ba970c5bee493d52601e64f3de50ca64927a,JF168967,,3/10/2022 6:10,30,NO CONTROLS,NO CONTROLS,CLEAR,"DARKNESS, LIGHTED ROAD",SIDESWIPE SAME DIRECTION,ONE-WAY,,STRAIGHT AND LEVEL,DRY,NO DEFECTS,ON SCENE,NO INJURY / DRIVE AWAY,,,,"OVER $1,500",3/10/2022 6:34,UNABLE TO DETERMINE,NOT APPLICABLE,9031,S,STATE ST,634,,,,,,,2,NO INDICATION OF INJURY,0,0,0,0,0,2,0,6,5,3,41.72993574,-87.62388415,POINT (-87.623884148489 41.729935737386)
2103e0da3c46ae88e5ea87dc993f7aed2e72a31e760682a3abdae49977c4913e492e5f580ba4052d97fc4721d0d77db04804487767aac361147001f7f8814dad,JF147956,Y,2/17/2022 19:30,30,NO CONTROLS,NO CONTROLS,SNOW,"DARKNESS, LIGHTED ROAD",REAR END,DIVIDED - W/MEDIAN (NOT RAISED),,STRAIGHT AND LEVEL,SNOW OR SLUSH,NO DEFECTS,ON SCENE,INJURY AND / OR TOW DUE TO CRASH,,,Y,"OVER $1,500",2/17/2022 20:15,WEATHER,WEATHER,3650,S,PULASKI RD,1031,,,,,,,3,NO INDICATION OF INJURY,0,0,0,0,0,4,0,19,5,2,41.82714145,-87.72429011,POINT (-87.724290105168 41.82714144826)
2128abd98407269318b06bd775a863316789a9abbda25b8877dcb38d888fe58893e5767b10088a2bab2124c41bba80290fa6102ed9433c5df70dad667a4d8c07,JF154752,,2/24/2022 14:05,30,TRAFFIC SIGNAL,FUNCTIONING PROPERLY,SNOW,DAYLIGHT,PARKED MOTOR VEHICLE,NOT DIVIDED,,STRAIGHT AND LEVEL,SNOW OR SLUSH,NO DEFECTS,ON SCENE,NO INJURY / DRIVE AWAY,Y,,,"$501 - $1,500",2/24/2022 15:09,FOLLOWING TOO CLOSELY,NOT APPLICABLE,1167,S,AUSTIN BLVD,1513,,,,,,,2,NO INDICATION OF INJURY,0,0,0,0,0,4,0,14,5,2,41.86555068,-87.773992,POINT (-87.773992001201 41.865550683635)
212648f43f3eac99a9e27fabfd91939ff273850e2b2938459173ab71888d2112792eac63b93724bdca886aa1e70b9816f3c8061da8ccd3f732b4bd1f9a8e037b,JF147615,,2/17/2022 15:50,20,STOP SIGN/FLASHER,NO CONTROLS,SNOW,DAYLIGHT,ANGLE,FOUR WAY,,STRAIGHT AND LEVEL,SNOW OR SLUSH,OTHER,ON SCENE,INJURY AND / OR TOW DUE TO CRASH,Y,,,"OVER $1,500",2/17/2022 16:04,WEATHER,UNABLE TO DETERMINE,10000,S,LUELLA AVE,431,,,,,,,3,"REPORTED, NOT EVIDENT",2,0,0,0,2,1,0,15,5,2,41.7133837,-87.56835997,POINT (-87.568359974216 41.713383702766)
21a64b0af146c68641b75c591cad55e122fbddf1bb89a33cf8783a525926a202e4d7e5bed53a72d43da326f9b6c5813d61f066db3a0143018a7db11c3eae0f5c,JF159708,Y,2/24/2022 17:00,30,NO CONTROLS,NO CONTROLS,CLEAR,DAYLIGHT,PARKED MOTOR VEHICLE,NOT DIVIDED,,STRAIGHT AND LEVEL,DRY,NO DEFECTS,NOT ON SCENE (DESK REPORT),NO INJURY / DRIVE AWAY,,,Y,"OVER $1,500",3/1/2022 12:00,UNABLE TO DETERMINE,NOT APPLICABLE,300,N,CANAL ST,1214,,,,,,,2,NO INDICATION OF INJURY,0,0,0,0,0,1,0,17,5,2,41.88684102,-87.64004348,POINT (-87.640043477341 41.886841014717)
22550a7eabca50b6573203df2eb9dbcd5006c06e383fa4982be51de0fe9125960b044f28ddcbb18c9c61ecf08d92f6cd764d3abe3a0b580ab143d6f3c97c9f30,JF147176,,2/17/2022 9:07,30,TRAFFIC SIGNAL,FUNCTIONING PROPERLY,CLEAR,DUSK,REAR END,DIVIDED - W/MEDIAN (NOT RAISED),,STRAIGHT AND LEVEL,DRY,NO DEFECTS,ON SCENE,NO INJURY / DRIVE AWAY,,,Y,"$501 - $1,500",2/17/2022 9:19,UNABLE TO DETERMINE,NOT APPLICABLE,6254,S,WESTERN AVE,825,,,,,,,2,NO INDICATION OF INJURY,0,0,0,0,0,2,0,9,5,2,41.77941995,-87.68379218,POINT (-87.683792179867 41.779419954269)
2226de2a81d6f053eec4481ff6643c9452ee44a0ed0a8a8a1dfb7f9fc0309684e4297fa9cb89434c33e07974c5fcd58a2e7b339589f7e22a11d1d2d56dc6c0f2,JF154673,,2/24/2022 12:30,30,NO CONTROLS,NO CONTROLS,CLEAR,DAYLIGHT,SIDESWIPE SAME DIRECTION,NOT DIVIDED,,STRAIGHT AND LEVEL,DRY,NO DEFECTS,ON SCENE,NO INJURY / DRIVE AWAY,,,,"OVER $1,500",2/24/2022 12:40,IMPROPER LANE USAGE,NOT APPLICABLE,10945,S,HALSTED ST,2233,,,,,,,2,NO INDICATION OF INJURY,0,0,0,0,0,3,0,12,5,2,41.69466614,-87.64230549,POINT (-87.642305492308 41.69466613952)
227e74734aa9d95af1e6f0f15aba74dc1a6db07f0278f2988173145c5c0a4eb058f1186fce38dd74c26634c458d53e677092b9ca257a1ad9939f5fd029e3049e,JF154630,,2/24/2022 12:08,30,TRAFFIC SIGNAL,FUNCTIONING PROPERLY,CLOUDY/OVERCAST,DAYLIGHT,PEDESTRIAN,OTHER,,STRAIGHT AND LEVEL,DRY,NO DEFECTS,ON SCENE,INJURY AND / OR TOW DUE TO CRASH,Y,,,"OVER $1,500",2/24/2022 12:28,IMPROPER BACKING,NOT APPLICABLE,55,E,GRAND AVE,1834,,,,,,,2,"REPORTED, NOT EVIDENT",1,0,0,0,1,1,0,12,5,2,41.89159074,-87.62586714,POINT (-87.625867137245 41.891590741084)
22e0567d7dd164342823234d1ac229d699966dedad2b675bea1ae7c5a5f454d9c00de11e1005b52ea70f36d9c5b787e30c23aaaae457da75844d1e7e46e5f218,JF149877,,2/17/2022 15:00,25,STOP SIGN/FLASHER,FUNCTIONING PROPERLY,BLOWING SNOW,DAYLIGHT,REAR TO FRONT,DIVIDED - W/MEDIAN (NOT RAISED),,STRAIGHT AND LEVEL,SNOW OR SLUSH,UNKNOWN,NOT ON SCENE (DESK REPORT),NO INJURY / DRIVE AWAY,,,,"$501 - $1,500",2/19/2022 20:00,WEATHER,FAILING TO REDUCE SPEED TO AVOID CRASH,873,W,69TH ST,733,,,,,,,2,NO INDICATION OF INJURY,0,0,0,0,0,2,0,15,5,2,41.76869273,-87.64687004,POINT (-87.646870037248 41.768692731821)
225c44164c518ff6625a4dfe902ff36673684360a5d1abd9fa1ba24ed9097b2beaffea6f65fea1f93e801ad0760ae20e44b84a249d9fef3b876559092a019433,JD180649,,3/10/2020 11:20,30,NO CONTROLS,NO CONTROLS,CLEAR,DAYLIGHT,SIDESWIPE SAME DIRECTION,ONE-WAY,,STRAIGHT AND LEVEL,DRY,NO DEFECTS,,NO INJURY / DRIVE AWAY,,,,$500 OR LESS,3/10/2020 12:20,DRIVING SKILLS/KNOWLEDGE/EXPERIENCE,NOT APPLICABLE,1,E,OHIO ST,1834,,,,,,,2,NO INDICATION OF INJURY,0,0,0,0,0,2,0,11,3,3,41.89236061,-87.6280216,POINT (-87.628021603066 41.892360612585)
225cd4f0bde5a53543f6034f7951ac28b3cc5e1710d4c87da86bbf05262ed9c90c4d8aea8c3ecae6541c05bfab23b586af753f810e6713c6bbf476e1522bb5e4,JD193617,,3/23/2020 21:45,30,NO CONTROLS,NO CONTROLS,CLEAR,"DARKNESS, LIGHTED ROAD",SIDESWIPE SAME DIRECTION,NOT DIVIDED,,STRAIGHT AND LEVEL,DRY,NO DEFECTS,,NO INJURY / DRIVE AWAY,N,,,"$501 - $1,500",3/23/2020 22:00,FAILING TO YIELD RIGHT-OF-WAY,UNABLE TO DETERMINE,45,E,75TH ST,623,,,,,,,2,NO INDICATION OF INJURY,0,0,0,0,0,2,0,21,2,3,41.75815701,-87.62291115,POINT (-87.62291115295 41.758157010794)
4edca135308662021e73a92ea7084a8b1d104ab23c774c57033b6b39da7c68cc45c8c39fe7e8bd09fb20bb9182b5955e36bddcf04ad88eec1aa3f8f2e4187c74,JF118840,,1/20/2022 13:00,30,NO CONTROLS,NO CONTROLS,CLEAR,DAYLIGHT,SIDESWIPE SAME DIRECTION,NOT DIVIDED,,STRAIGHT AND LEVEL,DRY,NO DEFECTS,,NO INJURY / DRIVE AWAY,,,,"OVER $1,500",1/20/2022 13:54,IMPROPER LANE USAGE,IMPROPER LANE USAGE,6100,S,AUSTIN AVE,812,,,,,,,2,NO INDICATION OF INJURY,0,0,0,0,0,2,0,13,5,1,41.78143736,-87.77177777,POINT (-87.771777773659 41.781437357606)
229b03ba717e8bd6b280090d75c40e307f380aedf056acbc82da490f760d76246aa0ba0b9e3a873ac40415784fca2ac1e9787aaa213d6c1372e7feea58df0326,JF155038,,2/24/2022 16:30,30,NO CONTROLS,NO CONTROLS,RAIN,DAYLIGHT,REAR END,NOT DIVIDED,,STRAIGHT AND LEVEL,SNOW OR SLUSH,NO DEFECTS,NOT ON SCENE (DESK REPORT),NO INJURY / DRIVE AWAY,,,,"OVER $1,500",2/24/2022 19:15,UNABLE TO DETERMINE,NOT APPLICABLE,5399,N,AVONDALE AVE,1622,,,,,,,2,NO INDICATION OF INJURY,0,0,0,0,0,2,0,16,5,2,41.97940335,-87.77928298,POINT (-87.779282979973 41.979403351172)
23983250e5296b0b8d467fe90c941ae9910bf169d142597ed98c799730f62d5d07e92ddf68f719f5c95d0f4aea32bd9a56dbf7c92e5ea3e714f1d99b0e592a32,JF147611,,2/17/2022 15:31,30,OTHER,NO CONTROLS,SNOW,DAYLIGHT,FIXED OBJECT,NOT DIVIDED,,STRAIGHT AND LEVEL,SNOW OR SLUSH,NO DEFECTS,ON SCENE,NO INJURY / DRIVE AWAY,,,,"OVER $1,500",2/17/2022 15:43,WEATHER,"VISION OBSCURED (SIGNS, TREE LIMBS, BUILDINGS, ETC.)",1548,W,33RD ST,912,,,,,,,1,NO INDICATION OF INJURY,0,0,0,0,0,1,0,15,5,2,41.83430441,-87.66517818,POINT (-87.665178177121 41.834304405259)
23a249234c84a523c1a5f700918be99e74fc55a8c611e5999668e5cbca9dc08a6b53c470edbb299ac38a6ee9c4d86516e29d782fb2b4f9771e4ce911440cdfc2,JF148390,,2/17/2022 17:15,30,TRAFFIC SIGNAL,FUNCTIONING PROPERLY,BLOWING SNOW,DUSK,REAR END,DIVIDED - W/MEDIAN (NOT RAISED),,STRAIGHT AND LEVEL,SNOW OR SLUSH,NO DEFECTS,NOT ON SCENE (DESK REPORT),NO INJURY / DRIVE AWAY,,,,"OVER $1,500",2/18/2022 11:15,UNABLE TO DETERMINE,UNABLE TO DETERMINE,3000,N,ASHLAND AVE,1931,,,,,,,2,NO INDICATION OF INJURY,0,0,0,0,0,3,0,17,5,2,41.93609112,-87.66867815,POINT (-87.668678153513 41.936091121625)
2290d3d95e49e2ced5c42b4d67f14d8c764bc2da310dcae73622e7ed7fbff5a8f7dce310c7b8b823fce7fb280fd549a1aee594645a35fee76a77200393a59bfe,JE258465,,6/8/2021 13:47,30,STOP SIGN/FLASHER,FUNCTIONING PROPERLY,CLEAR,DAYLIGHT,ANGLE,FOUR WAY,,STRAIGHT AND LEVEL,DRY,NO DEFECTS,,INJURY AND / OR TOW DUE TO CRASH,Y,,,"OVER $1,500",6/8/2021 15:13,DISREGARDING STOP SIGN,NOT APPLICABLE,400,E,86TH ST,632,,,,,,,3,NONINCAPACITATING INJURY,1,0,0,1,0,5,0,13,3,6,41.73844215,-87.61449857,POINT (-87.614498571766 41.73844215364)
231e261787eef0bce8eb95ce836df0e510952cb1764166b6d4d30c1aedbd1cfcdf3481a82ff779b0e4783e0e37872518fbef5c78e243c0cc6c8914f15d477f4e,JD378253,,9/24/2020 21:20,30,TRAFFIC SIGNAL,FUNCTIONING PROPERLY,CLEAR,"DARKNESS, LIGHTED ROAD",TURNING,FOUR WAY,,STRAIGHT AND LEVEL,DRY,NO DEFECTS,,NO INJURY / DRIVE AWAY,Y,,,"OVER $1,500",9/24/2020 21:45,UNABLE TO DETERMINE,NOT APPLICABLE,2807,W,MONTROSE AVE,1724,,,,,,,2,NO INDICATION OF INJURY,0,0,0,0,0,2,0,21,5,9,41.96113789,-87.69881339,POINT (-87.698813392569 41.961137892681)
ca71bf45d00e22775995550b55d9e9a51f83b9572b9383f15e57791eddc6325b2ab454ec4a1ef3e258131385dc9052d76e438bbbef773edf1d4fe5b829460b00,JE244216,,5/27/2021 0:02,30,NO CONTROLS,NO CONTROLS,CLEAR,"DARKNESS, LIGHTED ROAD",REAR END,DIVIDED - W/MEDIAN BARRIER,,STRAIGHT AND LEVEL,DRY,NO DEFECTS,,INJURY AND / OR TOW DUE TO CRASH,,,Y,"OVER $1,500",5/27/2021 0:05,FAILING TO REDUCE SPEED TO AVOID CRASH,UNABLE TO DETERMINE,325,S,WESTERN AVE,1225,N,,,,,,7,FATAL,6,1,0,5,0,1,0,0,5,5,41.87676371,-87.68617406,POINT (-87.686174055897 41.87676370496)
22a65af830d50b7f7684bdb14864c014e4cdbd3b74b6a49d40cd073706c1d27b5009aa1220e24ee6aca5e200c1ef141d7252a38a3f0921c39cd4aadf76921eb5,JF154784,,2/24/2022 14:01,30,NO CONTROLS,NO CONTROLS,SNOW,DAYLIGHT,REAR END,NOT DIVIDED,,STRAIGHT AND LEVEL,WET,NO DEFECTS,NOT ON SCENE (DESK REPORT),NO INJURY / DRIVE AWAY,,,Y,"OVER $1,500",2/24/2022 15:30,UNABLE TO DETERMINE,NOT APPLICABLE,2040,N,NARRAGANSETT AVE,2512,,,,,,,2,NO INDICATION OF INJURY,0,0,0,0,0,2,0,14,5,2,41.91770174,-87.78540962,POINT (-87.785409616127 41.917701738667)
22efbd71ff083b99a5fd36ef5706d871e5cad824e80583048025998b33808c58ce6f5e83b2cce8cedf353d691aab8b8916557d9409e6367de0fe120c1606b172,JF154858,,2/24/2022 16:16,30,STOP SIGN/FLASHER,FUNCTIONING PROPERLY,SNOW,DAYLIGHT,SIDESWIPE SAME DIRECTION,NOT DIVIDED,,STRAIGHT AND LEVEL,SNOW OR SLUSH,UNKNOWN,ON SCENE,NO INJURY / DRIVE AWAY,N,,,"$501 - $1,500",2/24/2022 16:27,UNABLE TO DETERMINE,NOT APPLICABLE,1601,W,IRVING PARK RD,1922,,,,,,,2,NO INDICATION OF INJURY,0,0,0,0,0,2,0,16,5,2,41.95417981,-87.66910774,POINT (-87.669107744315 41.954179806757)
2448afc4ba3084d77e1c7dfea6541ace41f3c1d5fc166783946efc12d2d65e94389a5bda157881773f6f47c46e29cb41573ceeeb222b42f12de4a05b1b75e27a,JF147202,,2/17/2022 9:30,5,NO CONTROLS,NO CONTROLS,CLEAR,DAYLIGHT,PEDESTRIAN,PARKING LOT,,STRAIGHT AND LEVEL,DRY,NO DEFECTS,ON SCENE,INJURY AND / OR TOW DUE TO CRASH,,N,Y,$500 OR LESS,2/17/2022 9:42,FAILING TO YIELD RIGHT-OF-WAY,NOT APPLICABLE,1809,W,LAWRENCE AVE,1912,,,,,,,2,NONINCAPACITATING INJURY,1,0,0,1,0,2,0,9,5,2,41.9687003,-87.6751091,POINT (-87.675109097517 41.968700296617)
24a442c75e38f521e9ae80c9202a1631b2d3d62f81a4483cc81d0d05500e8cbab805743a97e06dae176d15c2e1b996a3066bbf4b60669e8a5e9a7e50bd7fe00f,JF147116,,2/17/2022 7:00,30,NO CONTROLS,NO CONTROLS,CLEAR,DAYLIGHT,PARKED MOTOR VEHICLE,DIVIDED - W/MEDIAN (NOT RAISED),,STRAIGHT AND LEVEL,DRY,NO DEFECTS,ON SCENE,NO INJURY / DRIVE AWAY,,,Y,"OVER $1,500",2/17/2022 8:00,NOT APPLICABLE,NOT APPLICABLE,2150,W,HUBBARD ST,1221,,,,,,,2,NO INDICATION OF INJURY,0,0,0,0,0,1,0,7,5,2,41.8897586,-87.68134494,POINT (-87.681344944177 41.889758600204)
505468a3b9c652cbfc4f19bebb9c84993a8ee613e1936772e5218565270af43ca1564d21a0d55bab25402d86512f5320ffccbe2fdafd9c52d5af36c9ebbd96c2,JF162185,,3/3/2022 16:40,10,NO CONTROLS,NO CONTROLS,CLEAR,DAYLIGHT,PARKED MOTOR VEHICLE,NOT DIVIDED,,STRAIGHT AND LEVEL,DRY,NO DEFECTS,ON SCENE,NO INJURY / DRIVE AWAY,,Y,Y,"OVER $1,500",3/3/2022 16:40,IMPROPER TURNING/NO SIGNAL,NOT APPLICABLE,5701,S,CICERO AVE,813,,,,,,,2,NO INDICATION OF INJURY,0,0,0,0,0,1,0,16,5,3,41.78933864,-87.74135256,POINT (-87.741352562622 41.789338641753)
47c2427dd62119914b566b1fe0eda640c658979b66936a6502e45048f1c7244b9163ccd4ce8c59f08ac11d4d5df78d703b774fb1c1d068c82d03e8b9ec524688,JC559098,,12/24/2019 16:30,15,NO CONTROLS,NO CONTROLS,CLEAR,DARKNESS,PARKED MOTOR VEHICLE,PARKING LOT,,STRAIGHT AND LEVEL,DRY,NO DEFECTS,,NO INJURY / DRIVE AWAY,,,Y,"OVER $1,500",12/24/2019 16:50,UNABLE TO DETERMINE,UNABLE TO DETERMINE,5109,N,HARLEM AVE,1613,,,,,,,2,NO INDICATION OF INJURY,0,0,0,0,0,1,0,16,3,12,41.97400764,-87.80691987,POINT (-87.806919871289 41.974007634604)
50afae228037586ef9c7d18ecb380047a04f81641eec8f2f6c480185521395740855b8fff534a0dee1b0dfece7871e9fe6b410eaf41ee3de17a4eb2d6b8f7664,JF162388,,3/3/2022 18:19,30,TRAFFIC SIGNAL,NO CONTROLS,CLEAR,"DARKNESS, LIGHTED ROAD",REAR END,NOT DIVIDED,,STRAIGHT AND LEVEL,DRY,NO DEFECTS,NOT ON SCENE (DESK REPORT),NO INJURY / DRIVE AWAY,,,,"OVER $1,500",3/3/2022 19:50,FOLLOWING TOO CLOSELY,NOT APPLICABLE,8401,W,HIGGINS RD,1614,,,,,,,2,NO INDICATION OF INJURY,0,0,0,0,0,2,0,18,5,3,41.98634263,-87.83710395,POINT (-87.837103949785 41.986342628794)
482d779a438b9e3ce4f4b12f3775bfede93e8bd08d914a333f5e6d55a46e71d413cddd6a7bcf07eefd2dda4e5301bd35694d6b19f47176bb372b521e4ca43f24,JF177040,,3/17/2022 12:50,30,NO CONTROLS,NO CONTROLS,CLEAR,DAYLIGHT,SIDESWIPE SAME DIRECTION,NOT DIVIDED,,STRAIGHT AND LEVEL,DRY,NO DEFECTS,ON SCENE,NO INJURY / DRIVE AWAY,,,,$500 OR LESS,3/17/2022 12:55,FAILING TO REDUCE SPEED TO AVOID CRASH,NOT APPLICABLE,648,W,59TH ST,711,,,,,,,2,NO INDICATION OF INJURY,0,0,0,0,0,2,0,12,5,3,41.78718609,-87.6420449,POINT (-87.642044904112 41.787186093331)