CRASH_RECORD_ID,RD_NO,CRASH_DATE_EST_I,CRASH_DATE,POSTED_SPEED_LIMIT,TRAFFIC_CONTROL_DEVICE,DEVICE_CONDITION,WEATHER_CONDITION,LIGHTING_CONDITION,FIRST_CRASH_TYPE,TRAFFICWAY_TYPE,LANE_CNT,ALIGNMENT,ROADWAY_SURFACE_COND,ROAD_DEFECT,REPORT_TYPE,CRASH_TYPE,INTERSECTION_RELATED_I,NOT_RIGHT_OF_WAY_I,HIT_AND_RUN_I,DAMAGE,DATE_POLICE_NOTIFIED,PRIM_CONTRIBUTORY_CAUSE,SEC_CONTRIBUTORY_CAUSE,STREET_NO,STREET_DIRECTION,STREET_NAME,BEAT_OF_OCCURRENCE,PHOTOS_TAKEN_I,STATEMENTS_TAKEN_I,DOORING_I,WORK_ZONE_I,WORK_ZONE_TYPE,WORKERS_PRESENT_I,NUM_UNITS,MOST_SEVERE_INJURY,INJURIES_TOTAL,INJURIES_FATAL,INJURIES_INCAPACITATING,INJURIES_NON_INCAPACITATING,INJURIES_REPORTED_NOT_EVIDENT,INJURIES_NO_INDICATION,INJURIES_UNKNOWN,CRASH_HOUR,CRASH_DAY_OF_WEEK,CRASH_MONTH,LATITUDE,LONGITUDE,LOCATION
2375d57c86c99f435cb4045ef5dad198f9d92198b2a59915aac9584d642adfcdc32fcc8f3b368d66002291c08512fd04e109aaeeb77c63b42a45078414a7e108,JF154771,,2/24/2022 15:16,25,STOP SIGN/FLASHER,FUNCTIONING PROPERLY,SNOW,DAYLIGHT,PARKED MOTOR VEHICLE,ONE-WAY,,STRAIGHT AND LEVEL,SNOW OR SLUSH,NO DEFECTS,ON SCENE,NO INJURY / DRIVE AWAY,Y,,,"OVER $1,500",2/24/2022 15:25,NOT APPLICABLE,NOT APPLICABLE,3301,N,SPRINGFIELD AVE,1732,,,,,,,2,NO INDICATION OF INJURY,0,0,0,0,0,7,0,15,5,2,41.94103953,-87.72464936,POINT (-87.72464936045 41.941039531393)
239a62e8683875436b51015bb5c0376ca59a653ca9be97be26bda5557cbb68f1dc18f2f88c2a559d427b0f71a595360760a4927d8f5b2322715e36ac3b17f17b,JF155353,,2/24/2022 16:00,30,UNKNOWN,UNKNOWN,UNKNOWN,UNKNOWN,PARKED MOTOR VEHICLE,UNKNOWN,,STRAIGHT AND LEVEL,UNKNOWN,UNKNOWN,NOT ON SCENE (DESK REPORT),NO INJURY / DRIVE AWAY,,,Y,"OVER $1,500",2/25/2022 7:55,UNABLE TO DETERMINE,UNABLE TO DETERMINE,6741,S,MICHIGAN AVE,322,,,,,,,2,NO INDICATION OF INJURY,0,0,0,0,0,1,0,16,5,2,41.77163474,-87.62170972,POINT (-87.621709723722 41.771634736782)
2443b3f97d95a683d1e3779b501950ff8b57737c7645b938051eed27c4b851e87f6e83dcc04d7adc86cf30d52c30675111cd5fd933093541e7fab7ec88f9951b,JF155178,,2/24/2022 22:41,30,NO CONTROLS,NO CONTROLS,SNOW,"DARKNESS, LIGHTED ROAD",PARKED MOTOR VEHICLE,ONE-WAY,,STRAIGHT AND LEVEL,SNOW OR SLUSH,UNKNOWN,ON SCENE,INJURY AND / OR TOW DUE TO CRASH,,,,"OVER $1,500",2/24/2022 22:45,UNDER THE INFLUENCE OF ALCOHOL/DRUGS (USE WHEN ARREST IS EFFECTED),DRIVING ON WRONG SIDE/WRONG WAY,5428,W,DAKIN ST,1633,,N,,,,,6,NO INDICATION OF INJURY,0,0,0,0,0,1,0,22,5,2,41.95245125,-87.76324181,POINT (-87.763241813199 41.952451248801)
263677afd5611fa27d04d6e4d0192846af02d4dab54adb6f7ad4b44f0d55f91b339aea6cc741d6935fc979f840c7e796b166bc4a399076c7f3dcd068650c90b4,JF147470,,2/17/2022 13:29,30,STOP SIGN/FLASHER,FUNCTIONING PROPERLY,CLEAR,DAYLIGHT,TURNING,FOUR WAY,,STRAIGHT AND LEVEL,DRY,NO DEFECTS,NOT ON SCENE (DESK REPORT),NO INJURY / DRIVE AWAY,Y,,,"OVER $1,500",2/17/2022 14:22,DISREGARDING STOP SIGN,NOT APPLICABLE,7000,S,DR MARTIN LUTHER KING JR DR,322,,,,,,,2,NO INDICATION OF INJURY,0,0,0,0,0,2,0,13,5,2,41.76747718,-87.61545181,POINT (-87.615451810109 41.767477176487)
6170cc6210b8f9692cfe951ff1d9f8235200a8d613c3a9261b3d231b699dcf353acd84001804694c45cbe276e757a59b26d79030bc9dade6d59068d57f6776fb,JF184080,,3/23/2022 14:33,30,TRAFFIC SIGNAL,FUNCTIONING PROPERLY,RAIN,DAYLIGHT,PARKED MOTOR VEHICLE,NOT DIVIDED,,STRAIGHT AND LEVEL,WET,UNKNOWN,ON SCENE,NO INJURY / DRIVE AWAY,,,Y,"OVER $1,500",3/23/2022 16:29,UNABLE TO DETERMINE,WEATHER,159,W,95TH ST,511,,,,,,,2,NO INDICATION OF INJURY,0,0,0,0,0,1,0,14,4,3,41.72155083,-87.62860243,POINT (-87.628602424555 41.721550830769)
61882eed754cb3b00c6ee2bed1886fcf004111ec462ac5fe8ab738c487dcf8f72a0fefc1aebfc3aedd99c20f9f7dae2cdd796f2c24799cf963d4a348bd03de42,JF183925,,3/23/2022 13:40,30,TRAFFIC SIGNAL,FUNCTIONING PROPERLY,RAIN,DAWN,REAR END,NOT DIVIDED,,STRAIGHT AND LEVEL,WET,NO DEFECTS,ON SCENE,NO INJURY / DRIVE AWAY,,,,$500 OR LESS,3/23/2022 14:31,DISTRACTION - FROM INSIDE VEHICLE,NOT APPLICABLE,1159,S,CANAL ST,124,,,,,,,2,NO INDICATION OF INJURY,0,0,0,0,0,2,0,13,4,3,41.86731941,-87.63905675,POINT (-87.63905674603 41.867319405339)
26ad142c6c2c1eeedbd89d2e69e969165cc42a6084eb0a508aea249e10da1f2ea9d794bfcb304c6c22c6763119d850a4f899768351945fdea00f2af3e77ad443,JF148077,,2/17/2022 23:00,10,NO CONTROLS,NO CONTROLS,SNOW,"DARKNESS, LIGHTED ROAD",SIDESWIPE OPPOSITE DIRECTION,PARKING LOT,,STRAIGHT AND LEVEL,SNOW OR SLUSH,NO DEFECTS,ON SCENE,NO INJURY / DRIVE AWAY,,,,"OVER $1,500",2/18/2022 0:37,UNABLE TO DETERMINE,NOT APPLICABLE,3001,S,DR MARTIN LUTHER KING JR DR,133,,,,,,,2,NO INDICATION OF INJURY,0,0,0,0,0,2,0,23,5,2,41.84018461,-87.61700654,POINT (-87.617006543002 41.84018461325)
61d460492df45bd00f4eaebdacf673656970a9113bc34ad370e9f26c12eab2e66a9426e21044a73de413c36a5ad5530c6adef4e8da8666d35d7195232b21aa4c,JF184131,,3/23/2022 16:45,30,TRAFFIC SIGNAL,FUNCTIONING PROPERLY,CLEAR,DAYLIGHT,REAR END,NOT DIVIDED,,STRAIGHT AND LEVEL,WET,NO DEFECTS,NOT ON SCENE (DESK REPORT),NO INJURY / DRIVE AWAY,,,Y,"OVER $1,500",3/23/2022 16:53,FAILING TO REDUCE SPEED TO AVOID CRASH,NOT APPLICABLE,7754,S,COTTAGE GROVE AVE,624,,,,,,,2,NO INDICATION OF INJURY,0,0,0,0,0,2,0,16,4,3,41.75330873,-87.60540384,POINT (-87.605403844083 41.753308727)
275faf96155756c464b8b183772bf61d666b937eda32fb914a2ccada79f7c685c32705954c72a70d7ee2590395536268c7a7168ad0bc5d39ccd13253bf61c872,JF147735,,2/17/2022 15:56,30,NO CONTROLS,NO CONTROLS,SNOW,DAYLIGHT,PARKED MOTOR VEHICLE,DIVIDED - W/MEDIAN (NOT RAISED),,STRAIGHT AND LEVEL,SNOW OR SLUSH,NO DEFECTS,NOT ON SCENE (DESK REPORT),NO INJURY / DRIVE AWAY,,,,"$501 - $1,500",2/17/2022 17:26,UNABLE TO DETERMINE,NOT APPLICABLE,8455,S,COTTAGE GROVE AVE,632,,,,,,,2,NO INDICATION OF INJURY,0,0,0,0,0,1,0,15,5,2,41.74043531,-87.60478517,POINT (-87.604785169797 41.740435308719)
53922d261d63a26eaef4f653f01495d690b05fd3425fc959b69c4ffc8b2e92523d8ad85388d45107ca4759a42996ecf4d255488a48c00769f925060a04401eec,JF162214,,3/3/2022 16:00,35,UNKNOWN,UNKNOWN,UNKNOWN,DAYLIGHT,SIDESWIPE SAME DIRECTION,ONE-WAY,,STRAIGHT AND LEVEL,DRY,UNKNOWN,ON SCENE,NO INJURY / DRIVE AWAY,,,,"OVER $1,500",3/3/2022 16:46,UNABLE TO DETERMINE,DRIVING SKILLS/KNOWLEDGE/EXPERIENCE,30,W,RANDOLPH ST,111,,,,,,,2,NO INDICATION OF INJURY,0,0,0,0,0,2,0,16,5,3,41.88459387,-87.62901628,POINT (-87.629016276311 41.884593870814)
63fe4e15771a618bda7de9af688d838e80d2488153d6f49f132afb5894743a5d99e0b75792f8cb63bfabafa39e0fd0cffe7fc3413b4dc02366491e4d11c2b568,JF183527,,3/23/2022 9:00,30,NO CONTROLS,NO CONTROLS,CLOUDY/OVERCAST,DAYLIGHT,REAR END,ONE-WAY,,STRAIGHT AND LEVEL,WET,NO DEFECTS,ON SCENE,NO INJURY / DRIVE AWAY,,,Y,"OVER $1,500",3/23/2022 9:03,FOLLOWING TOO CLOSELY,FAILING TO REDUCE SPEED TO AVOID CRASH,7630,S,LAFAYETTE AVE,623,,,,,,,2,NO INDICATION OF INJURY,0,0,0,0,0,2,0,9,4,3,41.75540392,-87.62644722,POINT (-87.626447223827 41.75540391472)
854900015e9de7563358970d7f1aba9789a34fa0d247ff1c54076b2e80896c897f1f2b0c10208f341cd40903873f009991f5dd2b9f22355adab92cbeba29bf72,JF169491,,3/10/2022 11:24,20,TRAFFIC SIGNAL,FUNCTIONING PROPERLY,CLEAR,DAYLIGHT,REAR END,NOT DIVIDED,,STRAIGHT AND LEVEL,DRY,NO DEFECTS,NOT ON SCENE (DESK REPORT),NO INJURY / DRIVE AWAY,Y,,Y,$500 OR LESS,3/10/2022 15:30,FOLLOWING TOO CLOSELY,NOT APPLICABLE,2758,N,KIMBALL AVE,1412,,,,,,,2,NO INDICATION OF INJURY,0,0,0,0,0,2,0,11,5,3,41.93196945,-87.71241151,POINT (-87.71241151183 41.93196944727)
85c36539ebf4b8c77a2823125323743fbdc29cd04c796a02c42d3f01c44b2ccc0d58c349bf1688e9aec965beb2b78e18188aa42c0642d2668ec4474538aaaeb6,JF170819,,3/10/2022 18:30,30,TRAFFIC SIGNAL,FUNCTIONING PROPERLY,CLEAR,"DARKNESS, LIGHTED ROAD",REAR END,DIVIDED - W/MEDIAN (NOT RAISED),,STRAIGHT AND LEVEL,DRY,NO DEFECTS,NOT ON SCENE (DESK REPORT),NO INJURY / DRIVE AWAY,,,,"OVER $1,500",3/11/2022 18:50,UNABLE TO DETERMINE,UNABLE TO DETERMINE,5950,W,ROOSEVELT RD,1513,,,,,,,2,NO INDICATION OF INJURY,0,0,0,0,0,2,0,18,5,3,41.86557388,-87.77373626,POINT (-87.773736263267 41.865573880815)
4c964096bf69edaedf288f97ea21df6905fc2ac6dd11ecf159a327569d5149a14d43e94b20f0484ed6dac2769eb2109173dc8253ad7ea44c331afd932d4522cc,JF177546,,3/17/2022 7:25,15,NO CONTROLS,NO CONTROLS,CLEAR,DAYLIGHT,REAR TO REAR,PARKING LOT,,STRAIGHT AND LEVEL,DRY,UNKNOWN,NOT ON SCENE (DESK REPORT),NO INJURY / DRIVE AWAY,,,,$500 OR LESS,3/17/2022 19:30,UNABLE TO DETERMINE,NOT APPLICABLE,6332,N,NORTHWEST HWY,1612,,,,,,,2,NO INDICATION OF INJURY,0,0,0,0,0,2,0,7,5,3,41.99639727,-87.80605785,POINT (-87.806057849245 41.996397270108)
87a9211dc924906a5b61c4cad0f28efb7fecb80d19b8d125973007d0c10dd8ab7aa0f35ebac1766e991eb61e5cc0512b799eba7e11d86503659cfad3e90796ab,JF169549,,3/10/2022 16:04,30,NO CONTROLS,NO CONTROLS,CLEAR,DAYLIGHT,SIDESWIPE SAME DIRECTION,DIVIDED - W/MEDIAN BARRIER,,STRAIGHT AND LEVEL,DRY,NO DEFECTS,ON SCENE,NO INJURY / DRIVE AWAY,,,,"OVER $1,500",3/10/2022 16:06,IMPROPER LANE USAGE,NOT APPLICABLE,1598,E,71ST ST,332,,,,,,,2,NO INDICATION OF INJURY,0,0,0,0,0,5,0,16,5,3,41.76626057,-87.5859446,POINT (-87.585944594972 41.766260574066)
4d359ffb6988cc518f02b38fe81ed220b4380aae438cd7e0fa30db319cebb1655ab5c0017f0b9d7b1afee710a6d8db134b43dbff7ac9789ed6b143fed3bcaf2c,JE366193,,9/8/2021 15:07,30,UNKNOWN,UNKNOWN,CLEAR,DAYLIGHT,PARKED MOTOR VEHICLE,ONE-WAY,,STRAIGHT AND LEVEL,DRY,UNKNOWN,,NO INJURY / DRIVE AWAY,,,,"OVER $1,500",9/8/2021 16:00,UNABLE TO DETERMINE,NOT APPLICABLE,1700,W,CONGRESS PKWY,1231,,,,,,,2,NO INDICATION OF INJURY,0,0,0,0,0,2,0,15,4,9,41.87525052,-87.66913875,POINT (-87.669138749605 41.875250523204)
64d9af56414d378377cb3845b1a3c41e5ee061c142db41c21154497316b97bb823a9759a223f3501578dd01f2a676cac95dc9356cf9d455a3757bbace7e54d47,JC439858,,9/19/2019 11:30,0,NO CONTROLS,NO CONTROLS,CLEAR,DAYLIGHT,PARKED MOTOR VEHICLE,PARKING LOT,,STRAIGHT AND LEVEL,DRY,NO DEFECTS,,INJURY AND / OR TOW DUE TO CRASH,,Y,Y,"OVER $1,500",9/19/2019 13:15,DISTRACTION - FROM INSIDE VEHICLE,NOT APPLICABLE,10006,W,BRYN MAWR AVE,1654,,,,,,,2,"REPORTED, NOT EVIDENT",1,0,0,0,1,1,0,11,5,9,41.97506731,-87.87615665,POINT (-87.876156649435 41.975067305004)
64e7a060339c18e7bbe1449118061d0fda43cbe72bfd8f0f1268303caaeba590b947b739fdec882337790dd024e557a1901fff446a3a1723a2e6bff638ff198d,JC457788,,10/2/2019 20:34,30,TRAFFIC SIGNAL,FUNCTIONING PROPERLY,RAIN,"DARKNESS, LIGHTED ROAD",REAR END,DIVIDED - W/MEDIAN (NOT RAISED),,STRAIGHT AND LEVEL,WET,NO DEFECTS,,INJURY AND / OR TOW DUE TO CRASH,Y,,N,"OVER $1,500",10/2/2019 20:36,FAILING TO REDUCE SPEED TO AVOID CRASH,FAILING TO REDUCE SPEED TO AVOID CRASH,1909,S,STATE ST,131,,,,,,,4,NONINCAPACITATING INJURY,4,0,0,4,0,1,0,20,4,10,41.85627579,-87.62702061,POINT (-87.627020606103 41.856275784627)
55fa60ecb5559b816ff557c32ed4e1bce611d41cd994c50b1640c8cb38995b74a20fc1f8a58a18c89b59291abd2f016856ffa682a1c690cd07a9057b2d7cbb94,JF162009,,3/3/2022 13:53,30,STOP SIGN/FLASHER,FUNCTIONING PROPERLY,CLEAR,DAYLIGHT,REAR END,FOUR WAY,,STRAIGHT AND LEVEL,DRY,NO DEFECTS,NOT ON SCENE (DESK REPORT),NO INJURY / DRIVE AWAY,Y,,,"$501 - $1,500",3/3/2022 14:04,FOLLOWING TOO CLOSELY,FAILING TO REDUCE SPEED TO AVOID CRASH,160,W,87TH ST,622,,,,,,,2,NO INDICATION OF INJURY,0,0,0,0,0,2,0,13,5,3,41.73633471,-87.62864522,POINT (-87.62864522161 41.736334713231)
297d9196e36da11d229d5564d367c9b67c0142dbb2cd8fa59a4ee8539bf08d6536cda6fda729cd7fcd5c1b621dfbe25745380d7d8183dff7d68eaacfa6935bc0,JF147339,,2/17/2022 11:50,30,NO CONTROLS,NO CONTROLS,CLEAR,DAYLIGHT,TURNING,NOT DIVIDED,,STRAIGHT AND LEVEL,DRY,NO DEFECTS,ON SCENE,INJURY AND / OR TOW DUE TO CRASH,,,,"OVER $1,500",2/17/2022 12:00,IMPROPER TURNING/NO SIGNAL,DRIVING SKILLS/KNOWLEDGE/EXPERIENCE,2902,W,COLUMBUS AVE,835,,,,,,,2,NO INDICATION OF INJURY,0,0,0,0,0,2,0,11,5,2,41.75372698,-87.69546017,POINT (-87.695460172962 41.753726977067)
29b4fc8b0f11dc071fc92a8386081807734b564e971948725f3612272bf4f9cb0aa0730ba3424d11be7c0fe51a1b99369191dabc84c235fd7f237a7d8fe912ad,JF148239,,2/17/2022 15:30,30,TRAFFIC SIGNAL,FUNCTIONING PROPERLY,BLOWING SNOW,DAYLIGHT,ANGLE,FOUR WAY,,STRAIGHT AND LEVEL,SNOW OR SLUSH,UNKNOWN,NOT ON SCENE (DESK REPORT),NO INJURY / DRIVE AWAY,Y,,,"OVER $1,500",2/18/2022 9:00,UNABLE TO DETERMINE,WEATHER,1632,E,HAYES DR,331,,,,,,,2,NO INDICATION OF INJURY,0,0,0,0,0,2,0,15,5,2,41.78074323,-87.58465401,POINT (-87.584654013631 41.780743230431)
4d65cc3e250e78bdc682e0efce6451bff3c549bd102579dc25edae0b348f7f3fdde95078eaf07ca8d279dcffab4f664cf2096e98bff95b326e0dc32f4d652387,JE345587,,8/22/2021 0:03,40,TRAFFIC SIGNAL,FUNCTIONING PROPERLY,CLEAR,"DARKNESS, LIGHTED ROAD",SIDESWIPE SAME DIRECTION,DIVIDED - W/MEDIAN BARRIER,,STRAIGHT AND LEVEL,DRY,NO DEFECTS,,NO INJURY / DRIVE AWAY,Y,,,"$501 - $1,500",8/22/2021 0:30,UNABLE TO DETERMINE,FOLLOWING TOO CLOSELY,400,E,MC FETRIDGE DR,132,,,,,,,2,NO INDICATION OF INJURY,0,0,0,0,0,3,0,0,1,8,41.86510625,-87.61819714,POINT (-87.618197138307 41.865106252263)
4f0aa2f06dec2d1d2e9441223387fc338d57f58af568e829afa111d546a84dcca3e387db8fd0b80c45193cc0d3bb3d2e876e18a07c860dc658747e91fbc3ccd3,JF177406,,3/17/2022 15:40,30,TRAFFIC SIGNAL,FUNCTIONING PROPERLY,CLEAR,DAYLIGHT,REAR END,NOT DIVIDED,,STRAIGHT AND LEVEL,DRY,NO DEFECTS,NOT ON SCENE (DESK REPORT),NO INJURY / DRIVE AWAY,Y,,,"$501 - $1,500",3/17/2022 17:23,CELL PHONE USE OTHER THAN TEXTING,CELL PHONE USE OTHER THAN TEXTING,1050,W,GRAND AVE,1214,,,,,,,2,NO INDICATION OF INJURY,0,0,0,0,0,3,0,15,5,3,41.89122193,-87.65431039,POINT (-87.65431039008 41.891221924659)
298374fbc103f96bcc3ddf7b01db3c31dc705ba0ad507f47f0db249ebb6e08b3b28c7a830e206d18102f9f7b93d02e6e4706d85b9800f572e35ee19535fcc58b,JF154904,,2/24/2022 16:56,30,NO CONTROLS,NO CONTROLS,SNOW,DAYLIGHT,REAR END,NOT DIVIDED,,STRAIGHT AND LEVEL,SNOW OR SLUSH,NO DEFECTS,ON SCENE,NO INJURY / DRIVE AWAY,,,,"OVER $1,500",2/24/2022 16:58,FAILING TO REDUCE SPEED TO AVOID CRASH,NOT APPLICABLE,453,S,KOSTNER AVE,1131,,,,,,,2,NO INDICATION OF INJURY,0,0,0,0,0,2,0,16,5,2,41.87428073,-87.73509672,POINT (-87.735096723816 41.874280733946)
656c7d26c5a91170b66d19cc3fb08689334197880f57f215d4d19620b9579f31b9c51ab6093bd95ef49b136219ad7564569ee99e94917dcab35622446a570e68,JF184257,,3/23/2022 16:50,30,UNKNOWN,UNKNOWN,UNKNOWN,UNKNOWN,SIDESWIPE SAME DIRECTION,DIVIDED - W/MEDIAN (NOT RAISED),,STRAIGHT AND LEVEL,UNKNOWN,UNKNOWN,NOT ON SCENE (DESK REPORT),NO INJURY / DRIVE AWAY,Y,,,"$501 - $1,500",3/23/2022 18:30,UNABLE TO DETERMINE,NOT APPLICABLE,2332,W,PETERSON AVE,2413,,,,,,,2,NO INDICATION OF INJURY,0,0,0,0,0,4,0,16,4,3,41.99062768,-87.68850087,POINT (-87.688500867933 41.990627674818)
4f7f1ca94fe11b77bb4df17f3362d6481df10b3330d29ea0056d7fe29b6920acad8965b863b930273150cb230a93db8d6cfce97f368694ce50fa0e83180cf798,JF177222,,3/17/2022 14:50,30,TRAFFIC SIGNAL,FUNCTIONING PROPERLY,CLEAR,DAYLIGHT,TURNING,NOT DIVIDED,,STRAIGHT AND LEVEL,UNKNOWN,UNKNOWN,NOT ON SCENE (DESK REPORT),NO INJURY / DRIVE AWAY,,,,"$501 - $1,500",3/17/2022 15:20,IMPROPER TURNING/NO SIGNAL,IMPROPER OVERTAKING/PASSING,6477,N,SHERIDAN RD,2432,,,,,,,2,NO INDICATION OF INJURY,0,0,0,0,0,2,0,14,5,3,42.000205,-87.66055513,POINT (-87.660555129794 42.000205001453)
2a736f1287a4abb0ab2a4b0e02b3711e591c12862edaa7759f0d1424a7428f9f5a0cca77785ed8d2468bfcf0b24be0e80b7cf8c349a856368184468af6dc7245,JF147895,,2/17/2022 18:35,30,NO CONTROLS,NO CONTROLS,SNOW,"DARKNESS, LIGHTED ROAD",SIDESWIPE SAME DIRECTION,NOT DIVIDED,,STRAIGHT AND LEVEL,SNOW OR SLUSH,NO DEFECTS,NOT ON SCENE (DESK REPORT),NO INJURY / DRIVE AWAY,,,Y,"$501 - $1,500",2/17/2022 19:30,UNABLE TO DETERMINE,UNABLE TO DETERMINE,4839,N,DAMEN AVE,2032,,,,,,,2,NO INDICATION OF INJURY,0,0,0,0,0,3,0,18,5,2,41.96992105,-87.67907166,POINT (-87.679071663913 41.969921047443)
29f439c6d3e7c88fcb80d9738b0bf7370f3eb840cf4c9273921822e7660be2af0bf380454a3badc7f9334e39b5ffe56d9e343ac83d6b10d237dcd134123934d9,JF155144,,2/24/2022 20:23,30,NO CONTROLS,NO CONTROLS,SNOW,DARKNESS,SIDESWIPE SAME DIRECTION,DIVIDED - W/MEDIAN (NOT RAISED),,STRAIGHT AND LEVEL,SNOW OR SLUSH,NO DEFECTS,NOT ON SCENE (DESK REPORT),NO INJURY / DRIVE AWAY,,,,"OVER $1,500",2/24/2022 21:50,FAILING TO YIELD RIGHT-OF-WAY,WEATHER,8353,W,IRVING PARK RD,1631,,,,,,,2,NO INDICATION OF INJURY,0,0,0,0,0,3,0,20,5,2,41.95193947,-87.8363592,POINT (-87.836359197355 41.951939466214)
586825ea1915c24a9e177d0daeba16e47ea65f8aa988b720489d8428de37931351fa6b9e1262ee937b559ba03c3e3921206178bf1a5849c3e165f7cad786bc60,JF161886,,3/3/2022 11:42,30,NO CONTROLS,NO CONTROLS,CLEAR,DAYLIGHT,REAR END,NOT DIVIDED,,STRAIGHT AND LEVEL,DRY,NO DEFECTS,ON SCENE,INJURY AND / OR TOW DUE TO CRASH,,,,"OVER $1,500",3/3/2022 11:43,UNABLE TO DETERMINE,UNABLE TO DETERMINE,7426,S,ASHLAND AVE,735,,,,,,,2,NO INDICATION OF INJURY,0,0,0,0,0,2,0,11,5,3,41.758687,-87.66377212,POINT (-87.663772123245 41.758687002541)
590ce834b6e226d7206e07e11588c97a0faf1a96e6da7207ffa357b740eaafb7007ce3050e6b5e9efca5d744785fb888ad9e22faaa16e4c768f82c8cc9ac7c2f,JF162978,,3/3/2022 16:17,30,NO CONTROLS,NO CONTROLS,CLEAR,DAYLIGHT,PARKED MOTOR VEHICLE,PARKING LOT,,STRAIGHT AND LEVEL,DRY,UNKNOWN,NOT ON SCENE (DESK REPORT),NO INJURY / DRIVE AWAY,,,,"$501 - $1,500",3/4/2022 11:30,IMPROPER BACKING,IMPROPER BACKING,5015,S,BLACKSTONE AVE,222,,,,,,,2,NO INDICATION OF INJURY,0,0,0,0,0,1,0,16,5,3,41.80375479,-87.59038395,POINT (-87.590383945444 41.803754790702)
2c258ed661a52736c84810d5c944fbe3ea4eb86cb7421bc08ae0e118ba0da93ecca84e74adae70c1db1d09b7c969e3b493c69915d175b74ca28c6ef03231fbd3,JF146952,,2/17/2022 0:03,30,UNKNOWN,UNKNOWN,RAIN,"DARKNESS, LIGHTED ROAD",REAR END,NOT DIVIDED,,STRAIGHT AND LEVEL,WET,UNKNOWN,ON SCENE,INJURY AND / OR TOW DUE TO CRASH,,,,"OVER $1,500",2/17/2022 0:04,PHYSICAL CONDITION OF DRIVER,NOT APPLICABLE,11152,S,TORRENCE AVE,434,,,,,,,2,NO INDICATION OF INJURY,0,0,0,0,0,2,0,0,5,2,41.69219236,-87.55961541,POINT (-87.559615408564 41.692192355685)
2c398c65a35d2c929a46187ae2b58526f45a955f272dce3a9779054190689d5977f59bfdbc7873509305d2302e1d0225a72b7ac82de23e597bf732bc4026c2a6,JF147518,,2/17/2022 15:00,30,STOP SIGN/FLASHER,FUNCTIONING PROPERLY,SNOW,DAYLIGHT,REAR END,NOT DIVIDED,,STRAIGHT AND LEVEL,SNOW OR SLUSH,NO DEFECTS,NOT ON SCENE (DESK REPORT),NO INJURY / DRIVE AWAY,,,,$500 OR LESS,2/17/2022 15:00,WEATHER,WEATHER,6400,W,DIVERSEY AVE,2511,,,,,,,2,NO INDICATION OF INJURY,0,0,0,0,0,2,0,15,5,2,41.93111052,-87.78575317,POINT (-87.785753168537 41.931110522613)
2ac09d87ede8fdf58333642ec9a33dc332f2a6ff73197584c6d16fd67ca35b01a69765bf7e144aa44df32e4acbba70b82a37991f5f4d26c97aaf1cf0e3a1bc5d,JF154407,,2/24/2022 8:50,30,NO CONTROLS,NO CONTROLS,CLEAR,DAYLIGHT,SIDESWIPE SAME DIRECTION,NOT DIVIDED,,STRAIGHT AND LEVEL,DRY,UNKNOWN,NOT ON SCENE (DESK REPORT),INJURY AND / OR TOW DUE TO CRASH,,,,"OVER $1,500",2/24/2022 8:50,UNABLE TO DETERMINE,NOT APPLICABLE,4408,W,DIVISION ST,2533,,,,,,,3,NO INDICATION OF INJURY,0,0,0,0,0,6,0,8,5,2,41.9026135,-87.73656623,POINT (-87.73656622617 41.902613494559)
2c9a8a689e758973d6a67652010cf3dbca64b74cd18083099d4990b6d0130a1ed828cae1c5a57ddfa09d9bf8639cd1747f6f7a71923c380e530adfa02fb3b890,JF147828,,2/17/2022 17:30,35,NO CONTROLS,NO CONTROLS,SNOW,DARKNESS,ANGLE,NOT DIVIDED,,STRAIGHT AND LEVEL,SNOW OR SLUSH,UNKNOWN,NOT ON SCENE (DESK REPORT),NO INJURY / DRIVE AWAY,,,,"OVER $1,500",2/17/2022 18:10,FAILING TO YIELD RIGHT-OF-WAY,NOT APPLICABLE,2610,W,LELAND AVE,1911,,,,,,,2,NO INDICATION OF INJURY,0,0,0,0,0,3,0,17,5,2,41.96685118,-87.69420075,POINT (-87.694200750105 41.966851178824)
2c998a2affff47992e65cc19b5851044c5d42c7d9d1b476d2cdb4b05b48dc1531225c2c5be51f204a03c982a0968d3fcd3417121dfab7c4f874b1017740e3caf,JC563424,,12/28/2019 17:00,15,NO CONTROLS,FUNCTIONING PROPERLY,CLEAR,DARKNESS,PARKED MOTOR VEHICLE,ONE-WAY,,STRAIGHT AND LEVEL,DRY,NO DEFECTS,,NO INJURY / DRIVE AWAY,,,Y,"$501 - $1,500",12/28/2019 19:36,IMPROPER BACKING,NOT APPLICABLE,5114,W,DEMING PL,2521,,,,,,,2,NO INDICATION OF INJURY,0,0,0,0,0,1,0,17,7,12,41.92700619,-87.7544454,POINT (-87.754445402297 41.927006184685)