CRASH_RECORD_ID,RD_NO,CRASH_DATE_EST_I,CRASH_DATE,POSTED_SPEED_LIMIT,TRAFFIC_CONTROL_DEVICE,DEVICE_CONDITION,WEATHER_CONDITION,LIGHTING_CONDITION,FIRST_CRASH_TYPE,TRAFFICWAY_TYPE,LANE_CNT,ALIGNMENT,ROADWAY_SURFACE_COND,ROAD_DEFECT,REPORT_TYPE,CRASH_TYPE,INTERSECTION_RELATED_I,NOT_RIGHT_OF_WAY_I,HIT_AND_RUN_I,DAMAGE,DATE_POLICE_NOTIFIED,PRIM_CONTRIBUTORY_CAUSE,SEC_CONTRIBUTORY_CAUSE,STREET_NO,STREET_DIRECTION,STREET_NAME,BEAT_OF_OCCURRENCE,PHOTOS_TAKEN_I,STATEMENTS_TAKEN_I,DOORING_I,WORK_ZONE_I,WORK_ZONE_TYPE,WORKERS_PRESENT_I,NUM_UNITS,MOST_SEVERE_INJURY,INJURIES_TOTAL,INJURIES_FATAL,INJURIES_INCAPACITATING,INJURIES_NON_INCAPACITATING,INJURIES_REPORTED_NOT_EVIDENT,INJURIES_NO_INDICATION,INJURIES_UNKNOWN,CRASH_HOUR,CRASH_DAY_OF_WEEK,CRASH_MONTH,LATITUDE,LONGITUDE,LOCATION
592d3fb7ddaf1f5884b65a6b001135c102ca75b881258a3be93fd533573d2b45e249501a9fc108270ebe60ed3b7205b49bfad6e8a361c997f44f0c4e8c9237d0,JE395923,,10/2/2021 21:50,30,TRAFFIC SIGNAL,FUNCTIONING PROPERLY,FREEZING RAIN/DRIZZLE,"DARKNESS, LIGHTED ROAD",REAR TO FRONT,DIVIDED - W/MEDIAN (NOT RAISED),,STRAIGHT AND LEVEL,WET,NO DEFECTS,,NO INJURY / DRIVE AWAY,,,,"OVER $1,500",10/2/2021 22:35,UNABLE TO DETERMINE,UNABLE TO DETERMINE,9233,S,WESTERN AVE,2221,,,,,,,2,NO INDICATION OF INJURY,0,0,0,0,0,4,0,21,7,10,41.72532676,-87.68205465,POINT (-87.682054644529 41.725326759071)
5930a07b01d86554f23f55adfa570ab5debc6a53831fa0a28c3a5ba052bd524824f5738f119bacc76e82098610527bef893e4ad08173e2c2d1e63758d2abcd4c,JD176221,,3/6/2020 14:21,30,UNKNOWN,NO CONTROLS,CLEAR,DAYLIGHT,SIDESWIPE SAME DIRECTION,UNKNOWN,,STRAIGHT AND LEVEL,DRY,NO DEFECTS,,NO INJURY / DRIVE AWAY,,,Y,"OVER $1,500",3/6/2020 14:25,FOLLOWING TOO CLOSELY,UNABLE TO DETERMINE,6501,S,WESTERN AVE,832,,,,,,,2,NO INDICATION OF INJURY,0,0,0,0,0,3,0,14,6,3,41.77551136,-87.68339828,POINT (-87.683398276477 41.775511364011)
5951f1b229c697e17744bfe4b1a197242542d2f1d9a6856da63cbd02dd7464b39b3421f0ffb26d7913584cb31026659b6941fad2b87a7ff163cccd77b5ebe0e4,JF167575,,3/8/2022 18:18,30,NO CONTROLS,UNKNOWN,CLEAR,"DARKNESS, LIGHTED ROAD",TURNING,NOT DIVIDED,,STRAIGHT AND LEVEL,UNKNOWN,UNKNOWN,,INJURY AND / OR TOW DUE TO CRASH,,,,"OVER $1,500",3/8/2022 18:20,UNABLE TO DETERMINE,UNABLE TO DETERMINE,1830,N,LARAMIE AVE,2532,,,,,,,2,NO INDICATION OF INJURY,0,0,0,0,0,3,0,18,3,3,41.91389751,-87.75597141,POINT (-87.75597140988 41.913897508021)
66d7e2ccd12b7af822c5330095f10fcde85949133c979e4b71b8e32e2a5ab85e28042476cf200a7a996ee575733235052ae78b7c62406a7ab7feea770592fff6,JF184298,,3/23/2022 18:51,35,OTHER,OTHER,CLEAR,"DARKNESS, LIGHTED ROAD",REAR END,ONE-WAY,,STRAIGHT AND LEVEL,WET,NO DEFECTS,NOT ON SCENE (DESK REPORT),NO INJURY / DRIVE AWAY,,,,"$501 - $1,500",3/23/2022 19:20,FOLLOWING TOO CLOSELY,UNABLE TO DETERMINE,2247,S,WENTWORTH AVE,914,,,,,,,2,NO INDICATION OF INJURY,0,0,0,0,0,2,0,18,4,3,41.851541,-87.63183606,POINT (-87.631836057399 41.851540996134)
2e27637194f032782596eab69f9a910554a126695d86b9b47f6ec1d83e8bcaab1f3155367ebf960edc2dba5096e24826ae528926a609f54e7e761cad498409b5,JF148892,,2/17/2022 16:30,30,NO CONTROLS,NO CONTROLS,SNOW,DARKNESS,OTHER NONCOLLISION,NOT DIVIDED,,STRAIGHT AND LEVEL,SNOW OR SLUSH,NO DEFECTS,NOT ON SCENE (DESK REPORT),NO INJURY / DRIVE AWAY,,,,"OVER $1,500",2/18/2022 18:42,NOT APPLICABLE,NOT APPLICABLE,3300,W,79TH ST,835,,,,,,,1,NO INDICATION OF INJURY,0,0,0,0,0,1,0,16,5,2,41.74993918,-87.70488864,POINT (-87.704888643323 41.749939180684)
2e2f5be0d54b03c76fbcb5347008c19cc53e0b9019ebefc5611db401b619fb9fa786b1905b42250955d4199af300cfd006ed4a6ae92ff2eb317c35fe36b14393,JF147831,,2/17/2022 16:45,25,TRAFFIC SIGNAL,FUNCTIONING PROPERLY,SNOW,DAYLIGHT,REAR END,NOT DIVIDED,,STRAIGHT AND LEVEL,SNOW OR SLUSH,NO DEFECTS,NOT ON SCENE (DESK REPORT),NO INJURY / DRIVE AWAY,,,,"$501 - $1,500",2/17/2022 18:15,UNABLE TO DETERMINE,NOT APPLICABLE,3210,N,LARAMIE AVE,1634,,,,,,,2,NO INDICATION OF INJURY,0,0,0,0,0,2,0,16,5,2,41.93905744,-87.75685213,POINT (-87.756852130733 41.93905743752)
8ac47fee1262d87f0db189902ca5bd9b08761d7f0dbb3dc7031c959f70cc5753a5dbcd14de5acb40b63cef0312c35df1ae1746c30c2e06978636dd17c60aa747,JF169295,,3/10/2022 12:45,30,UNKNOWN,UNKNOWN,CLOUDY/OVERCAST,DAYLIGHT,TURNING,NOT DIVIDED,,STRAIGHT AND LEVEL,UNKNOWN,UNKNOWN,NOT ON SCENE (DESK REPORT),NO INJURY / DRIVE AWAY,,,,"OVER $1,500",3/10/2022 13:30,UNABLE TO DETERMINE,NOT APPLICABLE,3900,N,DAMEN AVE,1921,,,,,,,2,NO INDICATION OF INJURY,0,0,0,0,0,2,0,12,5,3,41.95242046,-87.67885306,POINT (-87.678853061129 41.952420455825)
675b140c63b8294331fe8807e4dc9dc941f46a8fbd2a54cee4997e202b658bfecdc0af8fbcf04a2032f1783156ea86a19ee8ee0d4cb2a30ff04824f7cc9b2eb0,JF189465,,3/23/2022 20:15,35,NO CONTROLS,NO CONTROLS,CLEAR,"DARKNESS, LIGHTED ROAD",FIXED OBJECT,DIVIDED - W/MEDIAN BARRIER,,STRAIGHT AND LEVEL,DRY,"RUT, HOLES",NOT ON SCENE (DESK REPORT),NO INJURY / DRIVE AWAY,,,,"OVER $1,500",3/28/2022 16:36,UNABLE TO DETERMINE,UNABLE TO DETERMINE,5100,N,LAKE SHORE DR SB,2024,,,,,,,1,NO INDICATION OF INJURY,0,0,0,0,0,1,0,20,4,3,41.97582602,-87.65041978,POINT (-87.650419778017 41.975826016449)
59f2d51d96b6baf7f2bc675003dd407881780ba4dd1835dee59437a2a9beb1579e1f8128d39a56cb3d8384b375cb14a0cd40615e99b440d695acb83a2575b3b5,JF162025,,3/3/2022 13:38,25,TRAFFIC SIGNAL,FUNCTIONING PROPERLY,CLEAR,DAYLIGHT,REAR END,NOT DIVIDED,,STRAIGHT AND LEVEL,DRY,NO DEFECTS,NOT ON SCENE (DESK REPORT),NO INJURY / DRIVE AWAY,,,,"OVER $1,500",3/3/2022 14:10,FOLLOWING TOO CLOSELY,NOT APPLICABLE,6300,S,MORGAN ST,724,,,,,,,2,NO INDICATION OF INJURY,0,0,0,0,0,2,0,13,5,3,41.77958101,-87.64978713,POINT (-87.649787129108 41.779581012899)
68c42f0f94077501f20cf7e506ed14f81b4baa4cb3ca7cd81f581c63a23c506c3155f67db2c989564b062349ce3fe8a0b361b739a8f68b27ab6a7fdfe7cfb10c,JF191555,,3/23/2022 15:15,20,NO CONTROLS,NO CONTROLS,RAIN,DAYLIGHT,REAR END,DIVIDED - W/MEDIAN (NOT RAISED),,STRAIGHT AND LEVEL,WET,NO DEFECTS,ON SCENE,NO INJURY / DRIVE AWAY,,,,"$501 - $1,500",3/30/2022 15:25,FOLLOWING TOO CLOSELY,NOT APPLICABLE,3812,W,111TH ST,2211,,,,,,,2,NO INDICATION OF INJURY,0,0,0,0,0,2,0,15,4,3,41.69144037,-87.7160202,POINT (-87.716020196548 41.691440370473)
8c185bb9903f9b159c0245b4a4de22ff274693690a6618b97351448a6ac6816797a4ba1fa03f19730592123886e17d2a2a4ab09b50552e5d9afc02c4c9a4e38c,JF169052,,3/10/2022 8:34,30,NO CONTROLS,NO CONTROLS,CLEAR,DAYLIGHT,HEAD ON,DIVIDED - W/MEDIAN (NOT RAISED),,STRAIGHT AND LEVEL,DRY,UNKNOWN,ON SCENE,INJURY AND / OR TOW DUE TO CRASH,,N,,"OVER $1,500",3/10/2022 8:35,NOT APPLICABLE,NOT APPLICABLE,4011,W,ROOSEVELT RD,1011,,,,,,,4,NONINCAPACITATING INJURY,1,0,0,1,0,3,0,8,5,3,41.86605495,-87.7256854,POINT (-87.725685403783 41.866054948336)
8c75817796718620a7ae596dcba6f41d055b30d0d31692c1bd508b60008c63d153525bb234fe89ef651afd87c8ac58d79eb77399650544860a02d2fb0799ffd6,JF169375,,3/10/2022 13:30,20,NO CONTROLS,NO CONTROLS,CLEAR,DAYLIGHT,FIXED OBJECT,NOT DIVIDED,,STRAIGHT AND LEVEL,DRY,NO DEFECTS,ON SCENE,NO INJURY / DRIVE AWAY,,,,$500 OR LESS,3/10/2022 13:36,UNABLE TO DETERMINE,IMPROPER LANE USAGE,2024,W,BALMORAL AVE,2012,,,,,,,1,NO INDICATION OF INJURY,0,0,0,0,0,1,0,13,5,3,41.97976244,-87.68055174,POINT (-87.680551740495 41.979762437167)
5b2a5f5d4abd085fce52b791e791f1359570a04b361a9b5e6d757d341b4521ba154a3d48d7c4c646d257760440354d0fc01379ff03a353f66db1867e0b4a8a0b,JF162509,,3/3/2022 22:45,30,TRAFFIC SIGNAL,FUNCTIONING PROPERLY,CLEAR,"DARKNESS, LIGHTED ROAD",SIDESWIPE SAME DIRECTION,DIVIDED - W/MEDIAN BARRIER,,STRAIGHT AND LEVEL,DRY,NO DEFECTS,ON SCENE,NO INJURY / DRIVE AWAY,Y,,,"$501 - $1,500",3/3/2022 22:48,IMPROPER LANE USAGE,UNABLE TO DETERMINE,140,S,DAMEN AVE,1223,,,,,,,2,NO INDICATION OF INJURY,0,0,0,0,0,3,0,22,5,3,41.87880741,-87.67672813,POINT (-87.676728133399 41.878807411274)
8ce691dadb97b8e8ef5882ce90edcc88c5b3720919e3cdda2c4e97d5891869dd9539d7e6ac6af45a9940882b92c9cab48cd3c8d08c3ba96f5ab99aee42132ec6,JF175710,,3/10/2022 18:00,30,TRAFFIC SIGNAL,FUNCTIONING PROPERLY,SNOW,DAYLIGHT,REAR END,DIVIDED - W/MEDIAN (NOT RAISED),,STRAIGHT AND LEVEL,SNOW OR SLUSH,NO DEFECTS,NOT ON SCENE (DESK REPORT),NO INJURY / DRIVE AWAY,,,,"OVER $1,500",3/16/2022 11:40,FOLLOWING TOO CLOSELY,FAILING TO REDUCE SPEED TO AVOID CRASH,5730,W,FOSTER AVE,1622,,,,,,,2,NO INDICATION OF INJURY,0,0,0,0,0,3,0,18,5,3,41.97578729,-87.7723444,POINT (-87.772344396305 41.975787290543)
3028ec79c26b625a76ab163e6e6f58f6f5655f799e31c6a76fe4b5551dc9c5b4172ec3eb902b3ac1b415a0834f336fe48fb68c62a356a6f12d563f510c07a838,JF147047,,2/17/2022 7:05,30,NO CONTROLS,NO CONTROLS,CLEAR,DAYLIGHT,REAR END,T-INTERSECTION,,STRAIGHT AND LEVEL,WET,NO DEFECTS,ON SCENE,INJURY AND / OR TOW DUE TO CRASH,Y,,,"OVER $1,500",2/17/2022 7:06,FAILING TO REDUCE SPEED TO AVOID CRASH,FAILING TO REDUCE SPEED TO AVOID CRASH,4157,S,ARCHER AVE,921,,,,,,,2,NO INDICATION OF INJURY,0,0,0,0,0,2,0,7,5,2,41.81788556,-87.69781788,POINT (-87.697817877773 41.817885555974)
3042cad641b3f2629cfc368a601ed638b81e16e0d5d73e04cf6cc003745d82c7cb61d8ac079b510ada4fa98ec662b9599c6823abbcc06a30be9bd11e01df0704,JF148531,,2/17/2022 14:55,30,TRAFFIC SIGNAL,FUNCTIONING PROPERLY,SNOW,DAYLIGHT,REAR END,NOT DIVIDED,,STRAIGHT AND LEVEL,SNOW OR SLUSH,NO DEFECTS,NOT ON SCENE (DESK REPORT),NO INJURY / DRIVE AWAY,,,Y,"$501 - $1,500",2/18/2022 13:00,ROAD ENGINEERING/SURFACE/MARKING DEFECTS,WEATHER,2202,N,LINCOLN AVE,1812,,,,,,,2,NO INDICATION OF INJURY,0,0,0,0,0,2,0,14,5,2,41.921939,-87.64407251,POINT (-87.644072509547 41.921938998879)
2ed8abd1f492981886b025632baef74f3f529ea188b5d5cf64a9c37e2ce7c81599cae27b537dcf1d8b703116d42c4e79f5b7996fc2478e17c34a4edc7f3198ea,JF154824,,2/24/2022 15:00,35,STOP SIGN/FLASHER,NO CONTROLS,SNOW,DAYLIGHT,PARKED MOTOR VEHICLE,FOUR WAY,,STRAIGHT AND LEVEL,WET,NO DEFECTS,ON SCENE,INJURY AND / OR TOW DUE TO CRASH,Y,,,"OVER $1,500",2/24/2022 15:18,FAILING TO YIELD RIGHT-OF-WAY,FOLLOWING TOO CLOSELY,2800,W,GLENLAKE AVE,2413,,N,,,,,2,NO INDICATION OF INJURY,0,0,0,0,0,1,0,15,5,2,41.99229763,-87.69952039,POINT (-87.699520390603 41.992297632192)
5b9c29e80f30e492065eb26d60caf9b92022d077fbd5b7e25e15d87270fcc5b33f3dda4c915bc6f4a95dfdeffeeb13a69bdbd6fe4467bc23cc2bd8ba359edfc8,JF162174,Y,3/3/2022 14:40,15,NO CONTROLS,NO CONTROLS,CLEAR,DAYLIGHT,FIXED OBJECT,ALLEY,,STRAIGHT AND LEVEL,DRY,NO DEFECTS,ON SCENE,NO INJURY / DRIVE AWAY,,Y,Y,"OVER $1,500",3/3/2022 16:30,IMPROPER BACKING,UNABLE TO DETERMINE,6620,S,BELL AVE,832,,,,,,,1,NO INDICATION OF INJURY,0,0,0,0,0,1,0,14,5,3,41.77310254,-87.67984463,POINT (-87.679844630237 41.773102534826)
5bc939fb95055f74932a0d4f88bcc7e13741bfc7b20b69e89cbd4a8acff7d033733f931154773cfae39e609cde90f747be4359281e2be4bb172d45427eeef060,JF161924,,3/3/2022 12:20,30,NO CONTROLS,NO CONTROLS,CLEAR,DAYLIGHT,FIXED OBJECT,PARKING LOT,,STRAIGHT AND LEVEL,DRY,NO DEFECTS,ON SCENE,NO INJURY / DRIVE AWAY,,,,"OVER $1,500",3/3/2022 12:25,UNABLE TO DETERMINE,UNABLE TO DETERMINE,2333,W,JACKSON BLVD,1225,,,,,,,1,NO INDICATION OF INJURY,0,0,0,0,0,1,0,12,5,3,41.8774529,-87.68514089,POINT (-87.685140887208 41.877452898243)
8d315d7565062106ae08869a3b956e0c18e3330cdfcc502e97d9874e7021b199c337e69bb3456f255072f589dc41a90f4ea006921a32cf928d7ef73d50e72618,JF177521,,3/10/2022 17:00,30,NO CONTROLS,NO CONTROLS,UNKNOWN,UNKNOWN,PARKED MOTOR VEHICLE,NOT DIVIDED,,STRAIGHT AND LEVEL,UNKNOWN,UNKNOWN,NOT ON SCENE (DESK REPORT),NO INJURY / DRIVE AWAY,,,Y,"OVER $1,500",3/17/2022 19:00,DRIVING SKILLS/KNOWLEDGE/EXPERIENCE,UNABLE TO DETERMINE,3418,S,WOOD ST,912,,,,,,,2,NO INDICATION OF INJURY,0,0,0,0,0,1,0,17,5,3,41.831661,-87.67057397,POINT (-87.670573974093 41.831661002655)
2f167c90790b03675cb4752c9831d60d8c1b2e94bf30aa9723799ed3ffe3e10e459209903a1984c3e867519609561f68e25a560b43cb1eead3980161f346b413,JF155161,,2/24/2022 21:00,25,STOP SIGN/FLASHER,FUNCTIONING PROPERLY,SNOW,"DARKNESS, LIGHTED ROAD",TURNING,NOT DIVIDED,,STRAIGHT AND LEVEL,WET,NO DEFECTS,NOT ON SCENE (DESK REPORT),NO INJURY / DRIVE AWAY,,,,"OVER $1,500",2/24/2022 22:33,UNABLE TO DETERMINE,NOT APPLICABLE,5400,S,LARAMIE AVE,814,,,,,,,2,NO INDICATION OF INJURY,0,0,0,0,0,2,0,21,5,2,41.79459747,-87.75270041,POINT (-87.752700406659 41.794597469219)
30ca0f89323280bdbfb8367be63c2f8f62f068734c52fa844f386b0f037b25483dc9c678a99b578305493de1031af7872eafa63872e0d6b561b473f85aeb6886,JF147537,,2/17/2022 15:09,30,NO CONTROLS,NO CONTROLS,SNOW,DAYLIGHT,SIDESWIPE SAME DIRECTION,NOT DIVIDED,,STRAIGHT AND LEVEL,SNOW OR SLUSH,NO DEFECTS,ON SCENE,NO INJURY / DRIVE AWAY,,,,"$501 - $1,500",2/17/2022 15:21,IMPROPER LANE USAGE,WEATHER,743,E,103RD ST,512,,,,,,,2,NO INDICATION OF INJURY,0,0,0,0,0,3,0,15,5,2,41.70736384,-87.60475828,POINT (-87.604758281419 41.707363843067)
55053287791b6bf9c4377465e1b9a09291ca06674c7958c2207ebf9981764e4b0924d2d60261ebd3a02b2ce8be5d9a135b1b05529cfec18c5c57edcc5fd7bc4a,JF176767,,3/17/2022 8:45,30,TRAFFIC SIGNAL,FUNCTIONING PROPERLY,CLEAR,DAYLIGHT,ANGLE,DIVIDED - W/MEDIAN BARRIER,,STRAIGHT AND LEVEL,DRY,NO DEFECTS,ON SCENE,NO INJURY / DRIVE AWAY,Y,,,"OVER $1,500",3/17/2022 8:57,NOT APPLICABLE,NOT APPLICABLE,1365,N,LARRABEE ST,1821,,,,,,,2,NO INDICATION OF INJURY,0,0,0,0,0,6,0,8,5,3,41.90637911,-87.64314989,POINT (-87.643149890569 41.906379109827)
6ccd7bcdfbf9151f17cfb47e422e36889c6e31d744cdc18ac636fd95f7b8a9527f5fa7c4200f35deb8d5226e3b195c69d80b53b60663c6d057f082ece6c08c5d,JF184307,,3/23/2022 19:32,30,TRAFFIC SIGNAL,FUNCTIONING PROPERLY,CLOUDY/OVERCAST,"DARKNESS, LIGHTED ROAD",TURNING,FOUR WAY,,STRAIGHT AND LEVEL,WET,NO DEFECTS,ON SCENE,INJURY AND / OR TOW DUE TO CRASH,Y,,Y,"OVER $1,500",3/23/2022 19:34,"OPERATING VEHICLE IN ERRATIC, RECKLESS, CARELESS, NEGLIGENT OR AGGRESSIVE MANNER",FAILING TO REDUCE SPEED TO AVOID CRASH,400,N,OAKLEY BLVD,1221,,,,,,,2,NO INDICATION OF INJURY,0,0,0,0,0,3,0,19,4,3,41.88862187,-87.68433123,POINT (-87.68433122793 41.888621864838)
6af6a6a2cba737ae9fd598da8da4194e142c0558e2930cd322913b91e4eb440614806b84d8ddfc5ddf08b38bfc10e226804be5af55882e567d955bd3f9fcdd3d,JC564152,Y,12/29/2019 11:22,20,NO CONTROLS,NO CONTROLS,CLEAR,DAYLIGHT,PARKED MOTOR VEHICLE,ONE-WAY,,STRAIGHT AND LEVEL,DRY,NO DEFECTS,,NO INJURY / DRIVE AWAY,,,Y,"$501 - $1,500",12/29/2019 13:22,UNABLE TO DETERMINE,UNABLE TO DETERMINE,1510,E,HARPER CT,234,,,,,,,2,NO INDICATION OF INJURY,0,0,0,0,0,1,0,11,1,12,41.80041098,-87.58865845,POINT (-87.588658454385 41.800410975618)
5cac42f08d72d591679c2e56e62df18da9db1cc03b42d09400c33f2a92e63290147b8d23816172a218b288c29423818d6175a8e059c4c53066111ffb8ac3027c,JF162180,,3/3/2022 12:00,35,NO CONTROLS,NO CONTROLS,CLEAR,DAYLIGHT,PARKED MOTOR VEHICLE,NOT DIVIDED,,STRAIGHT AND LEVEL,DRY,NO DEFECTS,NOT ON SCENE (DESK REPORT),NO INJURY / DRIVE AWAY,,,Y,"$501 - $1,500",3/3/2022 16:40,DRIVING SKILLS/KNOWLEDGE/EXPERIENCE,NOT APPLICABLE,3703,W,57TH ST,822,,,,,,,2,NO INDICATION OF INJURY,0,0,0,0,0,1,0,12,5,3,41.78957641,-87.71590787,POINT (-87.715907865349 41.789576410868)
5cb3056da4990439685c1f9cfbb9b8b57ecb32a0185840c03da3ac53a65857d61a474046f3545e950c1947e28c59e62da65d93b8426716c48022e5c8223b4684,JF162225,,3/3/2022 15:23,30,NO CONTROLS,NO CONTROLS,CLEAR,DAYLIGHT,PARKED MOTOR VEHICLE,ONE-WAY,,STRAIGHT AND LEVEL,DRY,NO DEFECTS,NOT ON SCENE (DESK REPORT),NO INJURY / DRIVE AWAY,,,Y,"$501 - $1,500",3/3/2022 16:50,UNABLE TO DETERMINE,UNABLE TO DETERMINE,10747,S,NORMAL AVE,2233,,,,,,,2,NO INDICATION OF INJURY,0,0,0,0,0,1,0,15,5,3,41.69833858,-87.63517692,POINT (-87.635176917622 41.698338576257)
3022e6f987bbe260a7dc740852f18a40d45227f9254693d8e30b49ac0ffd55d4757258ef9ae67b8a48e040750f93fc445d317601e0eb1f915e86e408d64ed8f4,JF154719,,2/24/2022 14:24,30,NO CONTROLS,NO CONTROLS,CLEAR,DAYLIGHT,PARKED MOTOR VEHICLE,DIVIDED - W/MEDIAN (NOT RAISED),,STRAIGHT AND LEVEL,DRY,NO DEFECTS,ON SCENE,INJURY AND / OR TOW DUE TO CRASH,,,Y,"OVER $1,500",2/24/2022 14:24,IMPROPER OVERTAKING/PASSING,IMPROPER OVERTAKING/PASSING,9030,S,COLFAX AVE,423,,,,,,,3,NO INDICATION OF INJURY,0,0,0,0,0,1,0,14,5,2,41.73076691,-87.56111682,POINT (-87.561116818631 41.730766912421)
8f652397463d6dcef8544b74cf28482950b196a16fb51d5608181555bbc766ac253d6b6cd8573522695567cefdac5d56aee49aa7e137feba98d687d1c1b64b14,JF168989,,3/10/2022 7:15,30,STOP SIGN/FLASHER,OTHER,CLEAR,DAYLIGHT,ANGLE,OTHER,,STRAIGHT AND LEVEL,DRY,NO DEFECTS,ON SCENE,INJURY AND / OR TOW DUE TO CRASH,,,,"$501 - $1,500",3/10/2022 7:30,FAILING TO YIELD RIGHT-OF-WAY,FAILING TO YIELD RIGHT-OF-WAY,6156,W,BELMONT AVE,1633,,,,,,,3,NO INDICATION OF INJURY,0,0,0,0,0,4,0,7,5,3,41.93849726,-87.78087839,POINT (-87.780878389257 41.938497261164)
568353f4da641c2f9f4d3af991d6036e55819d0118e7507cc5e4c5722afb5f5d554c937e0c58d3b973f99bb2b75cc2758b332641790ab2688feb18afd58706b0,JF178822,Y,3/17/2022 22:00,30,NO CONTROLS,NO CONTROLS,CLEAR,"DARKNESS, LIGHTED ROAD",PARKED MOTOR VEHICLE,NOT DIVIDED,,STRAIGHT AND LEVEL,DRY,NO DEFECTS,NOT ON SCENE (DESK REPORT),NO INJURY / DRIVE AWAY,,,Y,"$501 - $1,500",3/18/2022 23:00,UNABLE TO DETERMINE,NOT APPLICABLE,1535,W,GRANVILLE AVE,2433,,,,,,,2,NO INDICATION OF INJURY,0,0,0,0,0,1,0,22,5,3,41.99433971,-87.66912062,POINT (-87.669120616111 41.994339706246)
6e74d401fbe05bd288036b7ae2313066fe5fa007ff29e796f82dc90c4bd2fbbbf73a94afe46f5fef6966050c824de9a36b8d56b638997712cd7d4b68c220379d,JF183537,,3/23/2022 8:50,30,NO CONTROLS,UNKNOWN,RAIN,DAYLIGHT,TURNING,FOUR WAY,,STRAIGHT AND LEVEL,WET,NO DEFECTS,ON SCENE,NO INJURY / DRIVE AWAY,,,,"$501 - $1,500",3/23/2022 8:52,NOT APPLICABLE,NOT APPLICABLE,4000,W,24TH PL,1013,,,,,,,2,NO INDICATION OF INJURY,0,0,0,0,0,2,0,8,4,3,41.84710359,-87.72471969,POINT (-87.724719684886 41.847103585396)
325524dcae59b2113ae5a7e5fb1de15234f8fcafc8e0722412b3f2346f0af6b0645b67128961d3934d53e4bd657f27439627c2db70405d239c7587b58078d13c,JF154957,,2/17/2022 22:30,30,NO CONTROLS,NO CONTROLS,CLEAR,"DARKNESS, LIGHTED ROAD",PARKED MOTOR VEHICLE,NOT DIVIDED,,STRAIGHT AND LEVEL,DRY,NO DEFECTS,NOT ON SCENE (DESK REPORT),NO INJURY / DRIVE AWAY,,,,"OVER $1,500",2/24/2022 18:00,UNABLE TO DETERMINE,NOT APPLICABLE,4127,N,LOCKWOOD AVE,1624,,,,,,,2,NO INDICATION OF INJURY,0,0,0,0,0,1,0,22,5,2,41.95596414,-87.75955352,POINT (-87.759553518043 41.955964138254)
7206c9883d1cb57b85d00fa7852122fe8348fcf6d5149f20286b312852964c8dab6c806f16d08b664e57d2835ed5b5c8861eb3d5ef2de1120e2ba84bbce9f66c,JF184027,,3/23/2022 15:37,30,TRAFFIC SIGNAL,FUNCTIONING PROPERLY,RAIN,DAYLIGHT,TURNING,NOT DIVIDED,,STRAIGHT AND LEVEL,DRY,NO DEFECTS,NOT ON SCENE (DESK REPORT),NO INJURY / DRIVE AWAY,,,,"$501 - $1,500",3/23/2022 16:00,UNABLE TO DETERMINE,NOT APPLICABLE,1147,W,MONROE ST,1232,,,,,,,2,NO INDICATION OF INJURY,0,0,0,0,0,2,0,15,4,3,41.88022939,-87.65652017,POINT (-87.656520165645 41.880229389384)
5f3574081f3dcae2b2c803ffebf6b4dec6e3585c3720468c7e65035c89825fac1847236fad97b5e0dc837977e575798eb13fa6188601abb0f48ee91a6be75ee8,JF161526,,3/3/2022 2:00,25,NO CONTROLS,NO CONTROLS,UNKNOWN,UNKNOWN,PARKED MOTOR VEHICLE,PARKING LOT,,STRAIGHT AND LEVEL,UNKNOWN,UNKNOWN,NOT ON SCENE (DESK REPORT),NO INJURY / DRIVE AWAY,,Y,Y,"OVER $1,500",3/3/2022 2:15,NOT APPLICABLE,NOT APPLICABLE,9100,S,STONY ISLAND AVE,413,,,,,,,2,NO INDICATION OF INJURY,0,0,0,0,0,1,0,2,5,3,41.72951813,-87.58563641,POINT (-87.585636408538 41.729518128388)
31d537a5c3c0f4fc8f5c170ef50b231c1e7d8fd7083c8ad0f800ce1bca0a72341d3536a44010efaaa44ca30aa04081e57f61551fdd424c0d2fdd34a7a6bb3972,JF154998,,2/24/2022 18:20,30,NO CONTROLS,NO CONTROLS,CLEAR,DAYLIGHT,TURNING,NOT DIVIDED,,STRAIGHT AND LEVEL,SNOW OR SLUSH,NO DEFECTS,NOT ON SCENE (DESK REPORT),NO INJURY / DRIVE AWAY,,,,"OVER $1,500",2/24/2022 18:47,IMPROPER OVERTAKING/PASSING,DRIVING SKILLS/KNOWLEDGE/EXPERIENCE,6300,S,CALIFORNIA AVE,823,,,,,,,2,NO INDICATION OF INJURY,0,0,0,0,0,2,0,18,5,2,41.77901991,-87.69353548,POINT (-87.69353548242 41.779019909594)
5a0f1f0ac06e2e0b8b344ec318c86fae190dc5f188c273975aa4f81399b7205155363a39ec036d26343f882f010c2b4a02997db2220a555693efc66f40015440,JD340817,,8/22/2020 0:01,30,UNKNOWN,UNKNOWN,CLEAR,"DARKNESS, LIGHTED ROAD",ANGLE,ONE-WAY,,STRAIGHT AND LEVEL,DRY,UNKNOWN,,INJURY AND / OR TOW DUE TO CRASH,,,,"OVER $1,500",8/22/2020 0:10,UNABLE TO DETERMINE,NOT APPLICABLE,8357,S,PEORIA ST,613,,,,,,,2,INCAPACITATING INJURY,1,0,1,0,0,2,0,0,7,8,41.7416418,-87.64611722,POINT (-87.646117223704 41.741641803083)