CRASH_RECORD_ID,RD_NO,CRASH_DATE_EST_I,CRASH_DATE,POSTED_SPEED_LIMIT,TRAFFIC_CONTROL_DEVICE,DEVICE_CONDITION,WEATHER_CONDITION,LIGHTING_CONDITION,FIRST_CRASH_TYPE,TRAFFICWAY_TYPE,LANE_CNT,ALIGNMENT,ROADWAY_SURFACE_COND,ROAD_DEFECT,REPORT_TYPE,CRASH_TYPE,INTERSECTION_RELATED_I,NOT_RIGHT_OF_WAY_I,HIT_AND_RUN_I,DAMAGE,DATE_POLICE_NOTIFIED,PRIM_CONTRIBUTORY_CAUSE,SEC_CONTRIBUTORY_CAUSE,STREET_NO,STREET_DIRECTION,STREET_NAME,BEAT_OF_OCCURRENCE,PHOTOS_TAKEN_I,STATEMENTS_TAKEN_I,DOORING_I,WORK_ZONE_I,WORK_ZONE_TYPE,WORKERS_PRESENT_I,NUM_UNITS,MOST_SEVERE_INJURY,INJURIES_TOTAL,INJURIES_FATAL,INJURIES_INCAPACITATING,INJURIES_NON_INCAPACITATING,INJURIES_REPORTED_NOT_EVIDENT,INJURIES_NO_INDICATION,INJURIES_UNKNOWN,CRASH_HOUR,CRASH_DAY_OF_WEEK,CRASH_MONTH,LATITUDE,LONGITUDE,LOCATION
72c64a520595bd8dbdf22c0054b52ed429974afc0fab315f5b018f7d907cfee348f20d803eb16707c067bf8d33a0f24dc6835dd9d5dbd2ff69222ff4f297ee0c,JD337155,,8/18/2020 12:30,30,STOP SIGN/FLASHER,NO CONTROLS,CLEAR,DAYLIGHT,TURNING,ONE-WAY,,STRAIGHT AND LEVEL,DRY,NO DEFECTS,,INJURY AND / OR TOW DUE TO CRASH,Y,,,"$501 - $1,500",8/18/2020 19:28,UNABLE TO DETERMINE,NOT APPLICABLE,634,E,62ND ST,313,,,,,,,2,NONINCAPACITATING INJURY,3,0,0,3,0,1,0,12,3,8,41.78227978,-87.60948169,POINT (-87.609481686311 41.782279774604)
72e588024ded2c2c916f9a1d77f20fdc159d790fef60d3ad382ecde3ed15e3abd7a7c1e079ad137f2258abe0a70420634b032d92165c9ebcf50f5588b3fb597b,JE284897,,6/30/2021 13:37,30,TRAFFIC SIGNAL,FUNCTIONING PROPERLY,CLEAR,DAYLIGHT,SIDESWIPE OPPOSITE DIRECTION,FOUR WAY,,STRAIGHT AND LEVEL,DRY,UNKNOWN,,INJURY AND / OR TOW DUE TO CRASH,,,Y,"OVER $1,500",6/30/2021 13:53,IMPROPER TURNING/NO SIGNAL,DRIVING SKILLS/KNOWLEDGE/EXPERIENCE,700,S,COLUMBUS DR,114,,,,,,,2,"REPORTED, NOT EVIDENT",1,0,0,0,1,1,0,13,4,6,41.87314833,-87.62073886,POINT (-87.620738859591 41.873148327225)
342d39552857f53a834e62ed8d14b12bdc3571a720d3b4f7c32107d79747ffd4e3161a237079a6c9919dfde63d0048bdf94dd2fc58eb739b43e721e8ad472292,JF147908,,2/17/2022 18:09,30,NO CONTROLS,NO CONTROLS,SNOW,"DARKNESS, LIGHTED ROAD",FIXED OBJECT,ONE-WAY,,STRAIGHT AND LEVEL,SNOW OR SLUSH,UNKNOWN,NOT ON SCENE (DESK REPORT),NO INJURY / DRIVE AWAY,,,,"OVER $1,500",2/17/2022 19:50,WEATHER,NOT APPLICABLE,1540,W,GRAND AVE,1215,,,,,,,1,NO INDICATION OF INJURY,0,0,0,0,0,1,0,18,5,2,41.89108723,-87.66706144,POINT (-87.667061441493 41.891087230228)
346bdf1d61542e243a5f871d582e93dcf3218f1ca9bc90c085c03c8719a3f21cb4c24739de0f3e7b939d95c4f4dc943662617de873a038cc38c1da89039b7451,JF147974,,2/17/2022 21:00,35,STOP SIGN/FLASHER,FUNCTIONING PROPERLY,SNOW,"DARKNESS, LIGHTED ROAD",ANGLE,FOUR WAY,,STRAIGHT AND LEVEL,SNOW OR SLUSH,NO DEFECTS,ON SCENE,NO INJURY / DRIVE AWAY,Y,,,"OVER $1,500",2/17/2022 21:20,WEATHER,UNABLE TO DETERMINE,7590,N,OTTAWA AVE,1611,,,,,,,2,NO INDICATION OF INJURY,0,0,0,0,0,2,0,21,5,2,42.01863525,-87.81769209,POINT (-87.817692093443 42.018635249394)
740aa6e705cfd2cb3b94b0f9fe730c7cb68f3c0470697fabdb870273ca657c313bdc343c1bd89e4a6953f902891b9b3de9834f90a7f4d91c8f6ae610d845195d,JF183657,,3/23/2022 9:18,30,NO CONTROLS,NO CONTROLS,CLEAR,DAYLIGHT,PEDESTRIAN,NOT DIVIDED,,STRAIGHT AND LEVEL,WET,NO DEFECTS,ON SCENE,INJURY AND / OR TOW DUE TO CRASH,,,Y,$500 OR LESS,3/23/2022 9:48,UNABLE TO DETERMINE,NOT APPLICABLE,530,E,79TH ST,624,,,,,,,2,NONINCAPACITATING INJURY,1,0,0,1,0,1,0,9,4,3,41.75128829,-87.61135643,POINT (-87.611356431386 41.751288290816)
35224311d9cb83335b7cf87a0aa8b1a9d23116039155d9988d4aac601627ceb064d9691d5380c70ac63879f43a043608de662d287c05bf3334a0b79f355faea6,JF155469,,2/17/2022 14:55,30,STOP SIGN/FLASHER,FUNCTIONING PROPERLY,SNOW,DAYLIGHT,REAR END,NOT DIVIDED,,STRAIGHT AND LEVEL,SNOW OR SLUSH,UNKNOWN,NOT ON SCENE (DESK REPORT),NO INJURY / DRIVE AWAY,Y,,,"$501 - $1,500",2/25/2022 10:28,FOLLOWING TOO CLOSELY,NOT APPLICABLE,2200,N,LINCOLN AVE,1812,,,,,,,2,NO INDICATION OF INJURY,0,0,0,0,0,2,0,14,5,2,41.921897,-87.64401335,POINT (-87.644013345947 41.921896999083)
5a3ca3588a63c273ecd23d8e23c8e45ca799ccc9cd4c8baccb1eff82e6c00aef115ce92f0c1058ee5c765df375ddc0cf38da98e66cbcb6cbec8f5db9a9491484,JC359563,,7/22/2019 12:22,30,TRAFFIC SIGNAL,FUNCTIONING PROPERLY,CLEAR,DAYLIGHT,TURNING,FOUR WAY,,STRAIGHT AND LEVEL,DRY,NO DEFECTS,,INJURY AND / OR TOW DUE TO CRASH,Y,,,"OVER $1,500",7/22/2019 12:24,UNABLE TO DETERMINE,NOT APPLICABLE,501,W,18TH ST,1235,,,,,,,2,INCAPACITATING INJURY,1,0,1,0,0,1,0,12,2,7,41.85755492,-87.63898418,POINT (-87.638984179032 41.857554919296)
5a4a21145af561eed7ddf0970792255a7006c7f4ecfa0312820a4e1d37b59db81404fb951bd51554a129cacd8468085a45fcdd26892025379da69d6146d83b25,JE201686,,4/17/2021 0:40,30,NO CONTROLS,NO CONTROLS,CLEAR,"DARKNESS, LIGHTED ROAD",PEDALCYCLIST,NOT DIVIDED,,STRAIGHT AND LEVEL,DRY,NO DEFECTS,,INJURY AND / OR TOW DUE TO CRASH,,,Y,"OVER $1,500",4/17/2021 0:45,FAILING TO YIELD RIGHT-OF-WAY,UNABLE TO DETERMINE,402,S,KEDZIE AVE,1134,,,,,,,2,INCAPACITATING INJURY,1,0,1,0,0,1,0,0,7,4,41.87547952,-87.70611577,POINT (-87.706115770872 41.875479516163)
73bf8197b4aaf365890424c633dd370ba5d2252a7078fad57de0ed9bead9ee254c3c0e433e8d9da370c02b53012732d0efde75294d0c0ece78f7e6dc482ef611,JD384317,,9/30/2020 15:20,40,NO CONTROLS,NO CONTROLS,CLEAR,DAYLIGHT,SIDESWIPE SAME DIRECTION,DIVIDED - W/MEDIAN BARRIER,,"CURVE, LEVEL",DRY,NO DEFECTS,,INJURY AND / OR TOW DUE TO CRASH,,,,"OVER $1,500",9/30/2020 15:36,IMPROPER OVERTAKING/PASSING,FOLLOWING TOO CLOSELY,2200,N,LAKE SHORE DR SB,1814,,,,,,,2,INCAPACITATING INJURY,1,0,1,0,0,1,0,15,4,9,41.9221208,-87.63024326,POINT (-87.630243260328 41.922120796559)
6146a9055e0adc0925e6a9dc05a5ed710d34905b99fd3e05d4b859cf4088a13db9bc3761fec4535c304327ceb433e43a9bf5ec2999fb90f6f1dc7c3fd4f01cfd,JF162312,,3/3/2022 17:47,10,NO CONTROLS,NO CONTROLS,CLEAR,"DARKNESS, LIGHTED ROAD",ANGLE,PARKING LOT,,STRAIGHT AND LEVEL,DRY,NO DEFECTS,NOT ON SCENE (DESK REPORT),NO INJURY / DRIVE AWAY,,Y,,"$501 - $1,500",3/3/2022 18:20,IMPROPER BACKING,DRIVING SKILLS/KNOWLEDGE/EXPERIENCE,7523,N,CLARK ST,2422,,,,,,,2,NO INDICATION OF INJURY,0,0,0,0,0,3,0,17,5,3,42.01849499,-87.67578803,POINT (-87.675788025164 42.018494990194)
747df2452ae78a476cefba30430327f41b57dfea0cd36b3061804006eb48cd01c920bde900179c12a0a4e31412d56e0c96d9b934280127f79d57bf05b7123955,JF183463,,3/23/2022 7:54,30,TRAFFIC SIGNAL,FUNCTIONING PROPERLY,RAIN,DAYLIGHT,TURNING,FOUR WAY,,STRAIGHT AND LEVEL,WET,UNKNOWN,ON SCENE,INJURY AND / OR TOW DUE TO CRASH,Y,,,"$501 - $1,500",3/23/2022 7:54,UNABLE TO DETERMINE,NOT APPLICABLE,3958,W,CERMAK RD,1014,,,,,,,2,"REPORTED, NOT EVIDENT",1,0,0,0,1,1,0,7,4,3,41.85165861,-87.7246175,POINT (-87.724617500889 41.851658605222)
616683e8430485ca884b4c8a91dfc5b27e2b88c41218eeff9f9a66abadce39163cabf2ec1303a48e8227f832b50642a2f1d9a84fb6becb9db61f7841b01521b7,JF163000,,3/3/2022 16:20,30,TRAFFIC SIGNAL,FUNCTIONING PROPERLY,CLEAR,DAYLIGHT,SIDESWIPE SAME DIRECTION,NOT DIVIDED,,STRAIGHT AND LEVEL,DRY,NO DEFECTS,NOT ON SCENE (DESK REPORT),NO INJURY / DRIVE AWAY,Y,,,"OVER $1,500",3/4/2022 12:00,UNABLE TO DETERMINE,UNABLE TO DETERMINE,2201,W,DIVERSEY PKWY,1432,,,,,,,2,NO INDICATION OF INJURY,0,0,0,0,0,2,0,16,5,3,41.93211805,-87.68289306,POINT (-87.682893064041 41.932118052286)
3587da6c1f8adfdef0741b5d31b1a85e9ed74cb7bb2b2b3a40a5765a21354e3776a3c278101f13487186906843179a53fdb2be6a026529c286339d8157cc48c5,JF147799,,2/17/2022 17:10,30,NO CONTROLS,NO CONTROLS,SNOW,"DARKNESS, LIGHTED ROAD",REAR TO FRONT,ONE-WAY,,STRAIGHT AND LEVEL,SNOW OR SLUSH,UNKNOWN,NOT ON SCENE (DESK REPORT),NO INJURY / DRIVE AWAY,,,Y,"$501 - $1,500",2/17/2022 18:00,UNABLE TO DETERMINE,UNABLE TO DETERMINE,5005,N,SPAULDING AVE,1713,,,,,,,2,NO INDICATION OF INJURY,0,0,0,0,0,3,0,17,5,2,41.97224926,-87.71088075,POINT (-87.710880747771 41.972249263576)
9468b5cee9389abda5bc0fc9e36c80bb7d2ffb7e020f5a9543b965cfdd51891683fac07ddcf8bc01981b80be4e70defdd6b0762f0a47588701dec286b70ce039,JF168894,,3/10/2022 3:00,45,NO CONTROLS,NO CONTROLS,CLEAR,"DARKNESS, LIGHTED ROAD",FIXED OBJECT,DIVIDED - W/MEDIAN (NOT RAISED),,"CURVE, LEVEL",DRY,NO DEFECTS,ON SCENE,INJURY AND / OR TOW DUE TO CRASH,,,,"OVER $1,500",3/10/2022 3:01,FAILING TO REDUCE SPEED TO AVOID CRASH,DRIVING SKILLS/KNOWLEDGE/EXPERIENCE,5026,S,LAKE SHORE DR SB,222,Y,,,,,,1,FATAL,2,1,1,0,0,0,0,3,5,3,41.80357874,-87.58211308,POINT (-87.582113083872 41.803578735078)
94dbdcf0658eafec084ab4c8074ddcffa1a8e59353f3022d9792be41cbab37b1f917e797613914af8b746e56a00ef6464d484137a0ee649a502d188e24f79093,JF169264,,3/10/2022 8:00,30,NO CONTROLS,NO CONTROLS,CLEAR,DAYLIGHT,PARKED MOTOR VEHICLE,NOT DIVIDED,,STRAIGHT AND LEVEL,UNKNOWN,UNKNOWN,NOT ON SCENE (DESK REPORT),NO INJURY / DRIVE AWAY,,,Y,$500 OR LESS,3/10/2022 12:27,IMPROPER OVERTAKING/PASSING,UNABLE TO DETERMINE,3816,N,SHEFFIELD AVE,1923,,,,,,,2,NO INDICATION OF INJURY,0,0,0,0,0,1,0,8,5,3,41.95166506,-87.65460672,POINT (-87.654606723612 41.951665057087)
748783fe198f09eb17f9edd064f8729ede7f6bdc3acfe30db733a1ac09f5fe645c15607b57033cea0d381b0a24c5934310143ad062474d4780d8d82ad8d2abf2,JE190693,,4/5/2021 23:03,30,TRAFFIC SIGNAL,FUNCTIONING PROPERLY,CLEAR,"DARKNESS, LIGHTED ROAD",ANGLE,NOT DIVIDED,,STRAIGHT AND LEVEL,DRY,NO DEFECTS,,INJURY AND / OR TOW DUE TO CRASH,Y,,,"OVER $1,500",4/5/2021 23:03,FAILING TO REDUCE SPEED TO AVOID CRASH,NOT APPLICABLE,1200,N,CENTRAL AVE,2531,,,,,,,2,NO INDICATION OF INJURY,0,0,0,0,0,8,0,23,2,4,41.90218831,-87.7658015,POINT (-87.765801496951 41.902188313458)
938407f5022d8a2fd33bb7a39e2f5096b34ca40c2cd70aa95f84d44d3a749de7e52b534d50ead2f5fd605ca33338d9225720e9fa84574746d7a254a20c7cc391,JE356975,,8/20/2021 17:00,30,STOP SIGN/FLASHER,FUNCTIONING PROPERLY,CLEAR,DAYLIGHT,TURNING,NOT DIVIDED,,STRAIGHT AND LEVEL,DRY,NO DEFECTS,,NO INJURY / DRIVE AWAY,,,,"$501 - $1,500",8/31/2021 17:21,NOT APPLICABLE,NOT APPLICABLE,2600,S,CALIFORNIA BLVD,1034,,,,,,,2,NO INDICATION OF INJURY,0,0,0,0,0,2,0,17,6,8,41.84460752,-87.69480464,POINT (-87.694804642033 41.844607514956)
61f9d5abeebb78a715e0b1238ef466cd3aa1fc74436149c444d0b9ac11dc5744d2edb7f7348f1b3ba181f8cc38a8ce7af6bc4ad71b9c5a19085db0ccc8de1012,JF161720,,3/3/2022 7:45,30,NO CONTROLS,NO CONTROLS,CLEAR,DAYLIGHT,PARKED MOTOR VEHICLE,NOT DIVIDED,,STRAIGHT AND LEVEL,DRY,NO DEFECTS,NOT ON SCENE (DESK REPORT),NO INJURY / DRIVE AWAY,,,Y,"OVER $1,500",3/3/2022 9:35,UNABLE TO DETERMINE,UNABLE TO DETERMINE,5946,W,CORTLAND ST,2531,,,,,,,2,NO INDICATION OF INJURY,0,0,0,0,0,1,0,7,5,3,41.91435719,-87.77480466,POINT (-87.774804662307 41.914357184613)
9501bc7116c7e0ee27c79cc8610c9ec6a74e429570aaa73738b0de41bf69296056bdd89346d5b480c979e14d07226e6d1adac05e8f87692d06580cb8a32e2f4c,JF169801,,3/10/2022 19:30,30,TRAFFIC SIGNAL,FUNCTIONING PROPERLY,SNOW,"DARKNESS, LIGHTED ROAD",SIDESWIPE SAME DIRECTION,NOT DIVIDED,,STRAIGHT AND LEVEL,SNOW OR SLUSH,NO DEFECTS,NOT ON SCENE (DESK REPORT),NO INJURY / DRIVE AWAY,,,,"$501 - $1,500",3/10/2022 20:00,FAILING TO YIELD RIGHT-OF-WAY,FAILING TO REDUCE SPEED TO AVOID CRASH,2759,N,CENTRAL AVE,2514,,,,,,,2,NO INDICATION OF INJURY,0,0,0,0,0,3,0,19,5,3,41.93123455,-87.76609783,POINT (-87.76609782463 41.931234552822)
343cc564164fe7416c6ec92fe31f45b77a5cbf11c4b68898078023667f4f7ccf496a4f7eecc963fa264c46310a6a945576880c388dfe4b1c985b8ccd4ecc58f4,JF154567,,2/24/2022 11:25,30,TRAFFIC SIGNAL,FUNCTIONING PROPERLY,CLEAR,DAYLIGHT,ANGLE,NOT DIVIDED,,STRAIGHT AND LEVEL,DRY,NO DEFECTS,NOT ON SCENE (DESK REPORT),NO INJURY / DRIVE AWAY,,,,"OVER $1,500",2/24/2022 11:35,FAILING TO YIELD RIGHT-OF-WAY,NOT APPLICABLE,810,W,31ST ST,913,,,,,,,2,NO INDICATION OF INJURY,0,0,0,0,0,2,0,11,5,2,41.83815175,-87.64667921,POINT (-87.646679205005 41.838151744949)
5b45ccc30752c8f4a0a7d842c8b2bd052d27d2579923c6d875656d584b06967eb2d7d4b4b28f5dee072aeab1a29e82d0062af198677ccd987c4a482c0af74529,JD422129,,11/5/2020 12:30,30,NO CONTROLS,NO CONTROLS,CLEAR,DAYLIGHT,PARKED MOTOR VEHICLE,PARKING LOT,,STRAIGHT AND LEVEL,DRY,NO DEFECTS,,NO INJURY / DRIVE AWAY,,,Y,"$501 - $1,500",11/5/2020 18:35,UNABLE TO DETERMINE,NOT APPLICABLE,2000,W,DIVERSEY PKWY,1931,,,,,,,2,NO INDICATION OF INJURY,0,0,0,0,0,1,0,12,5,11,41.93239416,-87.67817303,POINT (-87.678173030878 41.932394164037)
76014a1d6f67879a82107bab88321d0914a7e8d14f1681db73faabe007ce5cf1d97a8eb29a63ec8c5b2fa4822a68a1e1a0861cf2fd1ea59f18eece67847001c6,JF184425,,3/23/2022 21:55,30,TRAFFIC SIGNAL,FUNCTIONING PROPERLY,RAIN,"DARKNESS, LIGHTED ROAD",REAR END,NOT DIVIDED,,STRAIGHT AND LEVEL,WET,NO DEFECTS,NOT ON SCENE (DESK REPORT),NO INJURY / DRIVE AWAY,,,,"OVER $1,500",3/23/2022 22:15,FAILING TO REDUCE SPEED TO AVOID CRASH,UNABLE TO DETERMINE,1542,W,79TH ST,612,,,,,,,2,NO INDICATION OF INJURY,0,0,0,0,0,2,0,21,4,3,41.75047909,-87.66270727,POINT (-87.662707266713 41.75047908951)
375230b983adebd7835253d84f8a8a34978d64d617c563518351f89876620dc23e1fed30428dcb23221c71deccb026d3fef2cf08df6f027a550ff9ac04633978,JF147391,,2/17/2022 11:30,10,NO CONTROLS,NO CONTROLS,CLEAR,DAYLIGHT,PEDESTRIAN,PARKING LOT,,STRAIGHT AND LEVEL,DRY,NO DEFECTS,NOT ON SCENE (DESK REPORT),INJURY AND / OR TOW DUE TO CRASH,,Y,Y,"$501 - $1,500",2/17/2022 13:00,UNABLE TO DETERMINE,UNABLE TO DETERMINE,2007,W,ADAMS ST,1225,,,,,,,2,NONINCAPACITATING INJURY,1,0,0,1,0,1,0,11,5,2,41.87863718,-87.67689216,POINT (-87.676892157652 41.878637180016)
96faa48f7ae20c3c800de04056e8c7078d770cd490cc185f93290931c461ce9263849a5b1e6a8dbc592bca30ad3d394b0cc340a0e22253537c2c0260d1bdb005,JF169047,,3/10/2022 8:35,30,OTHER REG. SIGN,FUNCTIONING PROPERLY,CLEAR,DAYLIGHT,SIDESWIPE SAME DIRECTION,NOT DIVIDED,,STRAIGHT AND LEVEL,DRY,UNKNOWN,ON SCENE,NO INJURY / DRIVE AWAY,,,Y,"OVER $1,500",3/10/2022 8:50,UNABLE TO DETERMINE,UNABLE TO DETERMINE,820,E,HYDE PARK BLVD,223,,,,,,,2,NO INDICATION OF INJURY,0,0,0,0,0,3,0,8,5,3,41.8023793,-87.60547275,POINT (-87.605472745862 41.802379299309)
ca95138edc10968cd6883b563580adb5a780c76abb7c7b4c1fd8a1ccba5b123af86eba0bbff314a2a08154104ac664e7b14e41eb9605cdb168e1a5e9751a163e,JF152912,,2/22/2022 19:19,30,NO CONTROLS,NO CONTROLS,CLEAR,DUSK,TURNING,T-INTERSECTION,,STRAIGHT AND LEVEL,DRY,NO DEFECTS,ON SCENE,NO INJURY / DRIVE AWAY,Y,,,"OVER $1,500",2/22/2022 19:27,FOLLOWING TOO CLOSELY,NOT APPLICABLE,4544,W,63RD ST,813,,,,,,,2,NO INDICATION OF INJURY,0,0,0,0,0,2,0,19,3,2,41.778604,-87.73676254,POINT (-87.736762535304 41.778604003196)
5c9c9d836bb029d42dc03c09dc9e3be0e3eb2837eb5f3b73b266cc12d98762b622f591237a1293684d8660635e39951007e09e1d34b4b4d046b67f2b0392b875,JF177206,,3/17/2022 14:45,30,NO CONTROLS,NO CONTROLS,CLEAR,DAYLIGHT,ANGLE,NOT DIVIDED,,STRAIGHT AND LEVEL,DRY,NO DEFECTS,NOT ON SCENE (DESK REPORT),INJURY AND / OR TOW DUE TO CRASH,,,,"OVER $1,500",3/17/2022 14:47,FAILING TO YIELD RIGHT-OF-WAY,"VISION OBSCURED (SIGNS, TREE LIMBS, BUILDINGS, ETC.)",3108,S,HALSTED ST,913,,,,,,,2,NONINCAPACITATING INJURY,1,0,0,1,0,2,0,14,5,3,41.83773646,-87.64641676,POINT (-87.646416763692 41.837736458648)
37c498c2fd572e5f272c38c084a29969cdc6bf4bc68854ba2b691c9d3ca87e2ba5b7adec82cd791935affcd35a593c7ffee12c9a8941d44a59cd233db12f3db0,JF147854,,2/17/2022 18:00,20,TRAFFIC SIGNAL,FUNCTIONING PROPERLY,SNOW,DARKNESS,OTHER OBJECT,FOUR WAY,,STRAIGHT AND LEVEL,SNOW OR SLUSH,UNKNOWN,ON SCENE,INJURY AND / OR TOW DUE TO CRASH,Y,,,"OVER $1,500",2/17/2022 18:17,DISREGARDING OTHER TRAFFIC SIGNS,NOT APPLICABLE,500,S,WELLS ST,123,,,,,,,2,NONINCAPACITATING INJURY,1,0,0,1,0,2,0,18,5,2,41.87553265,-87.63380389,POINT (-87.633803891217 41.875532652069)
5d7cff6f28bfe52de7a0ca9686feba0cd391811c61fb5c116afcc76be18863cc7e3b43cfe5a1470863a2737285d1033c148aad26c64742f6e313a7d90bc05490,JF176676,,3/17/2022 7:47,30,NO CONTROLS,UNKNOWN,CLEAR,DAYLIGHT,PARKED MOTOR VEHICLE,NOT DIVIDED,,STRAIGHT ON GRADE,UNKNOWN,UNKNOWN,ON SCENE,NO INJURY / DRIVE AWAY,,,,"OVER $1,500",3/17/2022 7:50,IMPROPER LANE USAGE,NOT APPLICABLE,13300,S,LANGLEY AVE,533,,,,,,,2,NO INDICATION OF INJURY,0,0,0,0,0,4,0,7,5,3,41.6536366,-87.60507067,POINT (-87.605070670623 41.653636600266)
37fa82feda2d4ba617513843db88484737b7c1f32a42c818bb51db9833ffde5b217426c39cb888ed1afd3e34b3a4cb7d99040a9ea6e2bb67dfd96127b6dfb8ee,JF147616,,2/17/2022 15:30,30,NO CONTROLS,NO CONTROLS,BLOWING SNOW,DAYLIGHT,REAR END,DIVIDED - W/MEDIAN BARRIER,,STRAIGHT AND LEVEL,SNOW OR SLUSH,NO DEFECTS,NOT ON SCENE (DESK REPORT),NO INJURY / DRIVE AWAY,,,,$500 OR LESS,2/17/2022 15:45,WEATHER,NOT APPLICABLE,7303,S,STONY ISLAND AVE,324,,,,,,,2,NO INDICATION OF INJURY,0,0,0,0,0,4,0,15,5,2,41.76231173,-87.58568369,POINT (-87.585683689291 41.762311726153)
37fd22f9d99855425a33b9beff14b01a7c383ed58b2cecbd5f6c97ca4aac5fe5c52c35aa76da8eb6ae0261b337d04a792a27e0c4c79aaf2fdf0282995248cfb8,JF147530,,2/17/2022 14:50,30,NO CONTROLS,NO CONTROLS,SNOW,DAYLIGHT,REAR END,NOT DIVIDED,,STRAIGHT AND LEVEL,SNOW OR SLUSH,NO DEFECTS,NOT ON SCENE (DESK REPORT),NO INJURY / DRIVE AWAY,,,Y,"OVER $1,500",2/17/2022 15:36,FOLLOWING TOO CLOSELY,NOT APPLICABLE,8936,S,JEFFERY BLVD,413,,,,,,,2,NO INDICATION OF INJURY,0,0,0,0,0,2,0,14,5,2,41.73229655,-87.57574995,POINT (-87.575749950268 41.732296554412)
3827575080bb3c29f18b307eec42084ba1c1483f18843459e8f1c069d851890d8d21a85022d605e411c69f435b962190f119b4fe7c2d7e4db360d40e597c1e22,JE147837,,2/17/2022 16:30,30,NO CONTROLS,NO CONTROLS,SNOW,DAYLIGHT,PARKED MOTOR VEHICLE,NOT DIVIDED,,STRAIGHT AND LEVEL,SNOW OR SLUSH,UNKNOWN,NOT ON SCENE (DESK REPORT),INJURY AND / OR TOW DUE TO CRASH,,,,"OVER $1,500",2/17/2022 18:10,IMPROPER OVERTAKING/PASSING,NOT APPLICABLE,3232,N,ROCKWELL ST,1921,,,,,,,2,NO INDICATION OF INJURY,0,0,0,0,0,1,0,16,5,2,41.94066442,-87.69288878,POINT (-87.692888775509 41.940664419393)
3602c78f38a5fbf5d84acd0aa70ca6e095c832617c734fb98b31e9b1bf389bb2fa64d15ac42f3def97f32137f71d9931b1ca97edb0a2a90476ab7389928cc4c3,JF160012,,2/24/2022 17:30,30,UNKNOWN,UNKNOWN,UNKNOWN,UNKNOWN,SIDESWIPE SAME DIRECTION,DIVIDED - W/MEDIAN BARRIER,,STRAIGHT AND LEVEL,UNKNOWN,UNKNOWN,NOT ON SCENE (DESK REPORT),NO INJURY / DRIVE AWAY,,,,"OVER $1,500",3/1/2022 17:30,UNABLE TO DETERMINE,UNABLE TO DETERMINE,3130,N,LAKE SHORE DR,1934,,,,,,,2,NO INDICATION OF INJURY,0,0,0,0,0,3,0,17,5,2,41.93857932,-87.63790313,POINT (-87.637903130862 41.938579324284)
383b0cc91c3b041b0577632ad2b39f761f72382c09eb02f6f058b517e40c5d43719a7085a00140e23ac134e14ce6c3764f9af55548a1ef82658b851f0bcc003f,JF148308,,2/17/2022 15:20,30,NO CONTROLS,NO CONTROLS,SNOW,DAYLIGHT,PARKED MOTOR VEHICLE,NOT DIVIDED,,STRAIGHT AND LEVEL,SNOW OR SLUSH,NO DEFECTS,NOT ON SCENE (DESK REPORT),NO INJURY / DRIVE AWAY,,,,"$501 - $1,500",2/18/2022 10:10,IMPROPER BACKING,FAILING TO REDUCE SPEED TO AVOID CRASH,3603,N,MELVINA AVE,1633,,,,,,,2,NO INDICATION OF INJURY,0,0,0,0,0,1,0,15,5,2,41.94582843,-87.7812306,POINT (-87.781230603597 41.945828430478)
386ad7ed7c790fe15ec70419885ed1720e9bb7848ea1004442be72a40a22b25abb091ffddade408605a44512f6bb1fc5b9247924edef5b920b4123c18f5fa01d,JF147858,,2/17/2022 18:04,30,STOP SIGN/FLASHER,FUNCTIONING PROPERLY,SNOW,"DARKNESS, LIGHTED ROAD",REAR END,NOT DIVIDED,,STRAIGHT AND LEVEL,SNOW OR SLUSH,UNKNOWN,NOT ON SCENE (DESK REPORT),NO INJURY / DRIVE AWAY,Y,,,"$501 - $1,500",2/17/2022 18:45,WEATHER,UNABLE TO DETERMINE,3220,N,SOUTHPORT AVE,1922,,,,,,,2,NO INDICATION OF INJURY,0,0,0,0,0,3,0,18,5,2,41.94043519,-87.66398442,POINT (-87.663984421221 41.940435188704)
35eae11a6264e3eb13735f6078e9f290af1df518c6508f423093f4905d5aea6689408f8c4df30b2290aceb35d1b85d70a5969ad6109e52d7ee5f8b04e68d9d2e,JD461470,,12/17/2020 7:00,30,NO CONTROLS,NO CONTROLS,SNOW,DAYLIGHT,TURNING,NOT DIVIDED,,STRAIGHT AND LEVEL,WET,NO DEFECTS,,NO INJURY / DRIVE AWAY,Y,,Y,"OVER $1,500",12/17/2020 10:15,IMPROPER TURNING/NO SIGNAL,NOT APPLICABLE,5100,N,KOSTNER AVE,1712,,,,,,,2,NO INDICATION OF INJURY,0,0,0,0,0,2,0,7,5,12,41.97368712,-87.73820211,POINT (-87.738202112737 41.97368711988)
5dcb0511097e85bf75d1695a13f6df555eb9cae055973b109e82317c26cec1bbf948823be1e88a9c4dabec5e7ee7f313a9438012fe8dd8b144cef96cb89a7c0f,JE194351,,4/9/2021 12:45,25,TRAFFIC SIGNAL,FUNCTIONING PROPERLY,CLEAR,DAYLIGHT,FIXED OBJECT,T-INTERSECTION,,STRAIGHT AND LEVEL,DRY,NO DEFECTS,,NO INJURY / DRIVE AWAY,Y,,,"OVER $1,500",4/9/2021 13:00,UNABLE TO DETERMINE,"VISION OBSCURED (SIGNS, TREE LIMBS, BUILDINGS, ETC.)",2751,W,DIVERSEY AVE,1411,,,,,,,1,NO INDICATION OF INJURY,0,0,0,0,0,1,0,12,6,4,41.93198616,-87.69728319,POINT (-87.697283185854 41.931986160294)