CRASH_RECORD_ID,RD_NO,CRASH_DATE_EST_I,CRASH_DATE,POSTED_SPEED_LIMIT,TRAFFIC_CONTROL_DEVICE,DEVICE_CONDITION,WEATHER_CONDITION,LIGHTING_CONDITION,FIRST_CRASH_TYPE,TRAFFICWAY_TYPE,LANE_CNT,ALIGNMENT,ROADWAY_SURFACE_COND,ROAD_DEFECT,REPORT_TYPE,CRASH_TYPE,INTERSECTION_RELATED_I,NOT_RIGHT_OF_WAY_I,HIT_AND_RUN_I,DAMAGE,DATE_POLICE_NOTIFIED,PRIM_CONTRIBUTORY_CAUSE,SEC_CONTRIBUTORY_CAUSE,STREET_NO,STREET_DIRECTION,STREET_NAME,BEAT_OF_OCCURRENCE,PHOTOS_TAKEN_I,STATEMENTS_TAKEN_I,DOORING_I,WORK_ZONE_I,WORK_ZONE_TYPE,WORKERS_PRESENT_I,NUM_UNITS,MOST_SEVERE_INJURY,INJURIES_TOTAL,INJURIES_FATAL,INJURIES_INCAPACITATING,INJURIES_NON_INCAPACITATING,INJURIES_REPORTED_NOT_EVIDENT,INJURIES_NO_INDICATION,INJURIES_UNKNOWN,CRASH_HOUR,CRASH_DAY_OF_WEEK,CRASH_MONTH,LATITUDE,LONGITUDE,LOCATION
38c64c0a0bbb9d78cc7dbeaa6f2abfbb7fdb5404f363ef994825699266250a52eb2808bff9d89c251ecced260a31d8445df8d36f820e0ee033a7b90aba98b9a8,JF147784,,2/17/2022 17:03,30,NO CONTROLS,NO CONTROLS,SNOW,"DARKNESS, LIGHTED ROAD",REAR END,DIVIDED - W/MEDIAN (NOT RAISED),,STRAIGHT AND LEVEL,SNOW OR SLUSH,NO DEFECTS,ON SCENE,INJURY AND / OR TOW DUE TO CRASH,,,Y,"OVER $1,500",2/17/2022 17:45,WEATHER,UNABLE TO DETERMINE,4028,N,SHERIDAN RD,1915,,,,,,,2,NO INDICATION OF INJURY,0,0,0,0,0,2,0,17,5,2,41.95531455,-87.65471482,POINT (-87.654714817871 41.955314551902)
5dcf50e4b65accd3670abbfb36c6a2f2d738a76408415d433ad6ac9b1b009ec4237446b927b8abbc7d496cdcfa0bec49fa9ff214ba23725173019cbaba569017,JF176772,,3/17/2022 9:12,30,TRAFFIC SIGNAL,FUNCTIONING PROPERLY,CLEAR,DAYLIGHT,ANGLE,FOUR WAY,,STRAIGHT AND LEVEL,DRY,NO DEFECTS,ON SCENE,NO INJURY / DRIVE AWAY,Y,,Y,$500 OR LESS,3/17/2022 9:15,DISREGARDING TRAFFIC SIGNALS,NOT APPLICABLE,1600,W,51ST ST,931,,,,,,,2,NO INDICATION OF INJURY,0,0,0,0,0,3,0,9,5,3,41.80142703,-87.66484075,POINT (-87.664840745091 41.801427026617)
39c2442c1308d71baa28ebc2951905493cbc608543dde3593a6e571d2e352ab1aed36a6259d74d8400320089ed7a29e91484c52d7fd9403827e1431e89b4c98b,JF148768,,2/17/2022 17:00,30,NO CONTROLS,NO CONTROLS,SNOW,DUSK,TURNING,PARKING LOT,,STRAIGHT AND LEVEL,SNOW OR SLUSH,NO DEFECTS,NOT ON SCENE (DESK REPORT),NO INJURY / DRIVE AWAY,,,,"OVER $1,500",2/18/2022 16:40,IMPROPER BACKING,WEATHER,9300,S,STONY ISLAND AVE,413,,,,,,,2,NO INDICATION OF INJURY,0,0,0,0,0,2,0,17,5,2,41.7258881,-87.58555879,POINT (-87.585558785787 41.725888099989)
99ecdc279ef99e7b7d2ffd83163c8832fbabc32a888d917a76ba57182370466928148c5fce141326d68fa5257098e33bbbd0d2e7c4760f8deb82229a1b72bf70,JF169365,,3/10/2022 13:00,30,TRAFFIC SIGNAL,FUNCTIONING PROPERLY,CLEAR,DAYLIGHT,REAR END,NOT DIVIDED,,STRAIGHT AND LEVEL,DRY,NO DEFECTS,NOT ON SCENE (DESK REPORT),NO INJURY / DRIVE AWAY,,,,"OVER $1,500",3/10/2022 13:58,FOLLOWING TOO CLOSELY,FOLLOWING TOO CLOSELY,4700,S,PULASKI RD,815,,,,,,,2,NO INDICATION OF INJURY,0,0,0,0,0,2,0,13,5,3,41.80778877,-87.72373033,POINT (-87.72373033158 41.807788769095)
5f502ac9614ce893e3a2534e042bbe3a5c3d44691fb347ab29589c64fd4932cb30ac0700c2935f758eaf83aa205b1b76b7062240f2750b8d7fdf31bce8a70fc0,JE246695,,5/27/2021 22:00,30,NO CONTROLS,NO CONTROLS,CLEAR,DARKNESS,TURNING,NOT DIVIDED,,STRAIGHT AND LEVEL,DRY,NO DEFECTS,,NO INJURY / DRIVE AWAY,,,,"$501 - $1,500",5/29/2021 11:39,UNABLE TO DETERMINE,NOT APPLICABLE,1591,W,NORTH AVE,1433,,,,,,,2,NO INDICATION OF INJURY,0,0,0,0,0,2,0,22,5,5,41.91052143,-87.667629,POINT (-87.667629001071 41.910521431783)
788f65eb09ca9fb36d5be3add175223417231851aaf7a7e269df480e3dcfc4b18cdbd1617379e6911120cf21691390ac528ba40f24b98f0047494ae4495ba804,JC272984,,5/21/2019 20:08,40,NO CONTROLS,NO CONTROLS,CLEAR,"DARKNESS, LIGHTED ROAD",REAR END,RAMP,,STRAIGHT ON GRADE,DRY,NO DEFECTS,,NO INJURY / DRIVE AWAY,,,Y,"OVER $1,500",5/21/2019 22:30,UNABLE TO DETERMINE,UNABLE TO DETERMINE,4000,N,LAKE SHORE DR SB,1915,,,,,,,2,NO INDICATION OF INJURY,0,0,0,0,0,6,0,20,3,5,41.95468924,-87.64497464,POINT (-87.644974644209 41.954689241342)
78de53187ec73ca02e16fc1c3a487977e8cb84ae858ef6f4be4329d889bdfe3518f5bcd133d0c3a476d2f3834fe0b9daa3eb9b362a3b11e971c83cba1af27f9a,JD349898,,8/29/2020 21:30,30,STOP SIGN/FLASHER,FUNCTIONING PROPERLY,CLEAR,"DARKNESS, LIGHTED ROAD",SIDESWIPE SAME DIRECTION,NOT DIVIDED,,STRAIGHT AND LEVEL,DRY,UNKNOWN,,NO INJURY / DRIVE AWAY,,,,$500 OR LESS,8/29/2020 22:00,FOLLOWING TOO CLOSELY,FAILING TO YIELD RIGHT-OF-WAY,1501,N,CENTRAL AVE,2532,,,,,,,2,NO INDICATION OF INJURY,0,0,0,0,0,6,0,21,7,8,41.90766029,-87.76570418,POINT (-87.765704178248 41.907660293667)
3b4a3e55a4e270b3a29393358b36e7e0fbd1912cbbf0334462718091486e11f587d6c5d453b59b15e0a1a57b218880aeea6c7f5844641b0b5ac95f4020a62464,JF152334,,2/17/2022 20:45,30,NO CONTROLS,NO CONTROLS,SNOW,"DARKNESS, LIGHTED ROAD",REAR END,NOT DIVIDED,,STRAIGHT AND LEVEL,SNOW OR SLUSH,NO DEFECTS,NOT ON SCENE (DESK REPORT),NO INJURY / DRIVE AWAY,,,,"OVER $1,500",2/22/2022 11:15,UNABLE TO DETERMINE,UNABLE TO DETERMINE,12452,S,AVENUE O,433,,,,,,,2,NO INDICATION OF INJURY,0,0,0,0,0,4,0,20,5,2,41.66814495,-87.53902051,POINT (-87.539020507348 41.668144952607)
395b9906a5211815c393725b5990465594a5a0ceeb4788ef89e027e5b660e3a39ee41083e074c882187d16dff695e3ac894918d9450cfacf080db25a933bee7a,JF154317,,2/24/2022 7:30,30,NO CONTROLS,NO CONTROLS,CLEAR,DAYLIGHT,SIDESWIPE SAME DIRECTION,NOT DIVIDED,,STRAIGHT AND LEVEL,DRY,NO DEFECTS,ON SCENE,INJURY AND / OR TOW DUE TO CRASH,,,,"OVER $1,500",2/24/2022 8:30,UNABLE TO DETERMINE,UNABLE TO DETERMINE,1690,N,ELSTON AVE,1433,,,,,,,2,NO INDICATION OF INJURY,0,0,0,0,0,2,0,7,5,2,41.91290391,-87.66394498,POINT (-87.663944975982 41.912903911859)
3b9a09a5b69d80ce1009b110d2e4a5ec44285e4430d852325a088eba384be779c39c0891d044e18bb844668330fa22d945c761db8332d90d62d8311ec1bdb88d,JF147590,,2/17/2022 15:30,30,STOP SIGN/FLASHER,UNKNOWN,SNOW,DAYLIGHT,REAR END,OTHER,,STRAIGHT AND LEVEL,SNOW OR SLUSH,UNKNOWN,NOT ON SCENE (DESK REPORT),NO INJURY / DRIVE AWAY,,,Y,"OVER $1,500",2/17/2022 16:05,UNABLE TO DETERMINE,UNABLE TO DETERMINE,5150,W,CORNELIA AVE,1634,,,,,,,2,NO INDICATION OF INJURY,0,0,0,0,0,2,0,15,5,2,41.94429032,-87.75646505,POINT (-87.756465045209 41.944290317731)
671103baabfcdfb467c1599484697c1d1838fb0a8e3610947781e1d7f09694498610f6a27d68f3de96a4242b59d37009dc39c087ad7bec722e8974a19cc9b28d,JF161509,,3/3/2022 1:07,30,NO CONTROLS,UNKNOWN,CLEAR,DUSK,FIXED OBJECT,DIVIDED - W/MEDIAN BARRIER,,STRAIGHT AND LEVEL,DRY,NO DEFECTS,ON SCENE,INJURY AND / OR TOW DUE TO CRASH,,,Y,"OVER $1,500",3/3/2022 1:08,UNABLE TO DETERMINE,NOT APPLICABLE,7022,S,STONY ISLAND AVE,332,,,,,,,2,NO INDICATION OF INJURY,0,0,0,0,0,1,0,1,5,3,41.76720031,-87.58650396,POINT (-87.586503958607 41.767200313735)
39e61f96850453c00dc1dca714bfe1bd1814b7464e9af52ba9173d58f16665fd3290a53288e12b66430a7d05d246faef5de3889b973ad1bf6e73cf837e952986,JF156629,,2/24/2022 16:00,30,STOP SIGN/FLASHER,NO CONTROLS,SNOW,DAYLIGHT,REAR END,FOUR WAY,,STRAIGHT AND LEVEL,SNOW OR SLUSH,NO DEFECTS,NOT ON SCENE (DESK REPORT),NO INJURY / DRIVE AWAY,,,,"OVER $1,500",2/26/2022 11:40,FOLLOWING TOO CLOSELY,WEATHER,225,N,WOOD ST,1215,,,,,,,2,NO INDICATION OF INJURY,0,0,0,0,0,3,0,16,5,2,41.88600385,-87.67172925,POINT (-87.671729247067 41.886003852874)
6766b2319e55a07fdc9cdc4d3ee6c70fe422fc2b05b7f56ad20d327f4c234d5512b0f905d5deb74ada015f6d6089a16dcdcb3656ee4062cba56d1aa278c037d3,JF162403,,3/3/2022 19:30,35,TRAFFIC SIGNAL,FUNCTIONING PROPERLY,CLEAR,"DARKNESS, LIGHTED ROAD",FIXED OBJECT,DIVIDED - W/MEDIAN BARRIER,,STRAIGHT AND LEVEL,DRY,NO DEFECTS,ON SCENE,INJURY AND / OR TOW DUE TO CRASH,,,,"OVER $1,500",3/3/2022 19:36,UNABLE TO DETERMINE,UNABLE TO DETERMINE,130,W,35TH ST,915,,,,,,,1,NO INDICATION OF INJURY,0,0,0,0,0,1,0,19,5,3,41.8310686,-87.63023449,POINT (-87.630234490183 41.831068599555)
3c299d5526402890a3d674670602e172624586681d701af31ebd9ddf285bc12844b8b6a722614c1585c30e7450e335c14c6997ece9e38eede8815bad56569986,JF147190,,2/17/2022 9:00,35,NO CONTROLS,NO CONTROLS,RAIN,DAYLIGHT,TURNING,NOT DIVIDED,,STRAIGHT AND LEVEL,WET,NO DEFECTS,ON SCENE,NO INJURY / DRIVE AWAY,,,,"OVER $1,500",2/17/2022 9:10,UNABLE TO DETERMINE,UNABLE TO DETERMINE,6699,S,PULASKI RD,833,,,,,,,2,NO INDICATION OF INJURY,0,0,0,0,0,3,0,9,5,2,41.77142146,-87.72243073,POINT (-87.722430729769 41.771421463229)
7bed4a5f63f7c7d3d4adb3294e04fe1f25179470e7f3bbd4dcc48650ce901b777e9cdfa0b30e14e9f254261cc12c29a997de71e9663c2b59dfd785ccb160ba29,JF183976,,3/23/2022 14:50,30,TRAFFIC SIGNAL,FUNCTIONING PROPERLY,RAIN,DAYLIGHT,PARKED MOTOR VEHICLE,FOUR WAY,,STRAIGHT AND LEVEL,WET,NO DEFECTS,NOT ON SCENE (DESK REPORT),NO INJURY / DRIVE AWAY,,,,"$501 - $1,500",3/23/2022 15:40,IMPROPER OVERTAKING/PASSING,UNABLE TO DETERMINE,1340,W,IRVING PARK RD,1912,,,,,,,2,NO INDICATION OF INJURY,0,0,0,0,0,2,0,14,4,3,41.95446846,-87.66392828,POINT (-87.663928284133 41.954468456542)
3a97442284f5da51325e45460b42278b3e64f1c58aa35d77163bc0376427fc26b828e89f4353e7e47c96ecc12002e35770f84384b1964d807847c74d0c8b25bc,JF154284,,2/24/2022 6:30,20,NO CONTROLS,NO CONTROLS,CLEAR,"DARKNESS, LIGHTED ROAD",SIDESWIPE SAME DIRECTION,NOT DIVIDED,,STRAIGHT AND LEVEL,DRY,NO DEFECTS,NOT ON SCENE (DESK REPORT),NO INJURY / DRIVE AWAY,,,,$500 OR LESS,2/24/2022 6:40,FAILING TO YIELD RIGHT-OF-WAY,IMPROPER OVERTAKING/PASSING,5516,S,MAPLEWOOD AVE,824,,,,,,,2,NO INDICATION OF INJURY,0,0,0,0,0,2,0,6,5,2,41.79325514,-87.68783576,POINT (-87.687835758942 41.79325514186)
3adb1affac9ee33b7919ed3f1311c4ebdb80087488810beaffdeea4cef3bc4df5e2840bb4ec08bdfd595f82621167ac876aca60af95a7783007d9f7d85ae4b40,JF154462,,2/24/2022 10:00,30,NO CONTROLS,NO CONTROLS,CLEAR,DAYLIGHT,TURNING,DIVIDED - W/MEDIAN (NOT RAISED),,STRAIGHT AND LEVEL,DRY,UNKNOWN,ON SCENE,INJURY AND / OR TOW DUE TO CRASH,,,,"OVER $1,500",2/24/2022 10:10,IMPROPER TURNING/NO SIGNAL,NOT APPLICABLE,5618,S,DR MARTIN LUTHER KING JR DR,231,,,,,,,2,NO INDICATION OF INJURY,0,0,0,0,0,2,0,10,5,2,41.79239695,-87.6160664,POINT (-87.616066396564 41.792396944534)
9d3fec02e1db3b00a42ec47873405f4e98f50c42d369ebffe157d71c4ac7a6627e01f6b030b753891189726a148fd148de10aac7c67e6f1c4cfcb0765d783b94,JF169083,,3/10/2022 8:38,30,TRAFFIC SIGNAL,FUNCTIONING PROPERLY,CLEAR,DAYLIGHT,TURNING,FOUR WAY,,STRAIGHT AND LEVEL,DRY,NO DEFECTS,NOT ON SCENE (DESK REPORT),NO INJURY / DRIVE AWAY,Y,,Y,$500 OR LESS,3/10/2022 9:38,UNABLE TO DETERMINE,UNABLE TO DETERMINE,4300,S,ASHLAND AVE,924,,,,,,,2,NO INDICATION OF INJURY,0,0,0,0,0,2,0,8,5,3,41.81577843,-87.66529289,POINT (-87.665292890367 41.815778426908)
3d0eaaf9361b51101ce11a08018ced8839379c161d754c5ecb3dc054e865350008a6741dc8e81f63a01a25f7c98740555df858d6fa76af3999dc9ad93ff0f5ed,JF149200,,2/17/2022 15:15,30,NO CONTROLS,NO CONTROLS,SNOW,DAYLIGHT,REAR END,T-INTERSECTION,,STRAIGHT AND LEVEL,SNOW OR SLUSH,NO DEFECTS,NOT ON SCENE (DESK REPORT),NO INJURY / DRIVE AWAY,N,,,"OVER $1,500",2/18/2022 10:00,FOLLOWING TOO CLOSELY,WEATHER,900,W,63RD ST,712,,,,,,,2,NO INDICATION OF INJURY,0,0,0,0,0,2,0,15,5,2,41.77981945,-87.64727683,POINT (-87.647276834282 41.779819448545)
3d407a3dfe4b5be3699473a1229d833ee86807f11274bdaf786d85798f9e639d21829090610ab9e113365ce369f34b50cb88b3fe32ed60a9a63de425b8c7f9ea,JF148028,,2/17/2022 22:00,30,NO CONTROLS,NO CONTROLS,CLEAR,"DARKNESS, LIGHTED ROAD",PARKED MOTOR VEHICLE,NOT DIVIDED,,STRAIGHT AND LEVEL,WET,NO DEFECTS,ON SCENE,INJURY AND / OR TOW DUE TO CRASH,,,,"OVER $1,500",2/17/2022 22:10,"OPERATING VEHICLE IN ERRATIC, RECKLESS, CARELESS, NEGLIGENT OR AGGRESSIVE MANNER",UNABLE TO DETERMINE,5535,S,AUSTIN AVE,811,,,,,,,2,NONINCAPACITATING INJURY,1,0,0,1,0,1,0,22,5,2,41.79148639,-87.77187933,POINT (-87.771879330698 41.791486389199)
3d6e9e2d43ce936ffc08292847780485ac9c523f9c565dc26165fb7cce8bc1d16446e7e39ddbb78c3f925aa63664ffd06c6fcc6248a85abef8b82d1a02741155,JF147638,,2/17/2022 16:14,30,STOP SIGN/FLASHER,FUNCTIONING PROPERLY,SNOW,DAYLIGHT,REAR END,FOUR WAY,,STRAIGHT AND LEVEL,SNOW OR SLUSH,UNKNOWN,ON SCENE,NO INJURY / DRIVE AWAY,N,,,$500 OR LESS,2/17/2022 16:18,WEATHER,WEATHER,1451,W,CHICAGO AVE,1215,,,,,,,2,NO INDICATION OF INJURY,0,0,0,0,0,2,0,16,5,2,41.89601012,-87.66430717,POINT (-87.66430716796 41.896010115498)
3ca70371d24c24da0f98b4a4044ec30da4ad84b5909677a31c1a722f05b0affb680bf28b6960be17ddfeff4e2be593823aeaba39b4573e8c6297cd68ad80e123,JC421418,,9/5/2019 16:58,30,TRAFFIC SIGNAL,FUNCTIONING PROPERLY,CLEAR,DAYLIGHT,TURNING,NOT DIVIDED,,STRAIGHT AND LEVEL,DRY,NO DEFECTS,,INJURY AND / OR TOW DUE TO CRASH,,,,"OVER $1,500",9/5/2019 17:02,FAILING TO YIELD RIGHT-OF-WAY,NOT APPLICABLE,1600,S,KOSTNER AVE,1012,,,,,,,2,NO INDICATION OF INJURY,0,0,0,0,0,2,0,16,5,9,41.85868185,-87.73488064,POINT (-87.734880642816 41.858681848973)
67b5cd21a26e2c86b737e885f72855b9d7f70cb51a32d0ddc96672d056e887768d910d7f20d6c4f56d7027017d64aa112c955194da1217fb004f49185c8e0940,JD377120,Y,9/23/2020 20:00,45,NO CONTROLS,NO CONTROLS,CLEAR,DARKNESS,PEDESTRIAN,NOT DIVIDED,,"CURVE, LEVEL",DRY,NO DEFECTS,,INJURY AND / OR TOW DUE TO CRASH,,,Y,"OVER $1,500",9/23/2020 20:13,NOT APPLICABLE,UNABLE TO DETERMINE,8538,W,BELMONT AVE,1631,,,,,,,2,INCAPACITATING INJURY,1,0,1,0,0,1,0,20,4,9,41.93761597,-87.83871369,POINT (-87.838713684875 41.937615968013)
9da0668bf351ac321235a1ef73f2b990aa9008351c7b93715cb2771cf5128c770a0a7fd84177b33110a8b721ec363e5a362f216bcbadcaa3827b42d555e7981b,JF116858,,1/18/2022 14:50,20,NO CONTROLS,NO CONTROLS,CLEAR,DAYLIGHT,PARKED MOTOR VEHICLE,NOT DIVIDED,,STRAIGHT AND LEVEL,DRY,NO DEFECTS,,NO INJURY / DRIVE AWAY,,,Y,"OVER $1,500",1/18/2022 16:22,IMPROPER LANE USAGE,IMPROPER LANE USAGE,5329,S,OAK PARK AVE,811,,,,,,,2,NO INDICATION OF INJURY,0,0,0,0,0,2,0,14,3,1,41.79503029,-87.79150778,POINT (-87.791507784059 41.795030294127)
3d715728ecc77645e050b8e6ea42ad8d1fced2f13729c6b2a9c87f3e292e47ba60cf6bc5232856eeb565f694c90c3d4111b393d36659fada0980bca00639e73e,JF147554,,2/17/2022 15:00,30,NO CONTROLS,NO CONTROLS,SNOW,DAYLIGHT,REAR END,DIVIDED - W/MEDIAN (NOT RAISED),,STRAIGHT AND LEVEL,SNOW OR SLUSH,UNKNOWN,NOT ON SCENE (DESK REPORT),NO INJURY / DRIVE AWAY,,,,"OVER $1,500",2/17/2022 15:30,UNABLE TO DETERMINE,UNABLE TO DETERMINE,2134,S,PULASKI RD,1012,,,,,,,3,NO INDICATION OF INJURY,0,0,0,0,0,3,0,15,5,2,41.85253366,-87.72493279,POINT (-87.724932794016 41.852533662803)
9df7aed947582922618db669d49acd6513ce86a4a34acc970d391ac781110314dec35a7c36d4841b80023beb0766c2db78b5de992c4a773b9010ee55a043362a,JF169879,,3/10/2022 21:50,30,TRAFFIC SIGNAL,FUNCTIONING PROPERLY,SNOW,"DARKNESS, LIGHTED ROAD",REAR TO FRONT,ONE-WAY,,STRAIGHT AND LEVEL,WET,NO DEFECTS,ON SCENE,INJURY AND / OR TOW DUE TO CRASH,Y,,Y,"OVER $1,500",3/10/2022 21:54,NOT APPLICABLE,NOT APPLICABLE,5455,S,WELLS ST,935,,,,,,,2,"REPORTED, NOT EVIDENT",2,0,0,0,2,1,0,21,5,3,41.79468799,-87.63163746,POINT (-87.631637464353 41.794687992921)
7da5fb4170e2fae489eddea47dd2734916ff960eb8c37ba64bd5b910dc419361d13a6897716d65f55c6e7d1054262a0bb29552ecd63e2b1e8e6e55a2df4cd2be,JF184097,,3/23/2022 13:40,30,NO CONTROLS,NO CONTROLS,CLEAR,DAYLIGHT,PARKED MOTOR VEHICLE,NOT DIVIDED,,STRAIGHT AND LEVEL,WET,NO DEFECTS,NOT ON SCENE (DESK REPORT),NO INJURY / DRIVE AWAY,,,Y,"OVER $1,500",3/23/2022 16:53,IMPROPER OVERTAKING/PASSING,IMPROPER OVERTAKING/PASSING,133,E,MARQUETTE RD,322,,,,,,,2,NO INDICATION OF INJURY,0,0,0,0,0,1,0,13,4,3,41.77276872,-87.62042565,POINT (-87.620425652597 41.772768719588)
3dce4d7e5a364292fcf8cf8232630065cdd0744ba73c89a5b2564a27852b1cbe3155732866ffa4db198dd6956992b034cdf9913238d2d317b02086239c60533b,JF147719,,2/17/2022 15:15,30,STOP SIGN/FLASHER,UNKNOWN,SNOW,DAYLIGHT,ANGLE,DIVIDED - W/MEDIAN (NOT RAISED),,STRAIGHT AND LEVEL,SNOW OR SLUSH,UNKNOWN,,NO INJURY / DRIVE AWAY,Y,,,"OVER $1,500",2/17/2022 17:00,FAILING TO REDUCE SPEED TO AVOID CRASH,NOT APPLICABLE,4900,N,ELSTON AVE,1712,,,,,,,2,NO INDICATION OF INJURY,0,0,0,0,0,2,0,15,5,2,41.969542,-87.74271944,POINT (-87.742719439213 41.96954199706)
3dff785e3bd42e09f6fc5acd5522101b4bf303117ea921b7bb4518923829d51e0388914ec0011930ef366ad1b0283ee2ee4ab3c8f2b5323875402cd4cbf1efac,JF147715,,2/17/2022 14:58,35,OTHER RAILROAD CROSSING,NO CONTROLS,SNOW,DAYLIGHT,REAR END,NOT DIVIDED,,STRAIGHT AND LEVEL,SNOW OR SLUSH,NO DEFECTS,NOT ON SCENE (DESK REPORT),NO INJURY / DRIVE AWAY,,,,"OVER $1,500",2/17/2022 17:00,WEATHER,FOLLOWING TOO CLOSELY,1081,W,95TH ST,2223,,,,,,,2,NO INDICATION OF INJURY,0,0,0,0,0,2,0,14,5,2,41.72125995,-87.65061505,POINT (-87.650615054229 41.721259949135)
3e0ab3b0a379a8e5dce92db33756ad59b1659c9ff165480f73b6969fcc2dcf22258a90acacaa00132953ca5dcd03c18337d3b7585269cb54217ad05df0cde47f,JF147605,,2/17/2022 15:50,30,STOP SIGN/FLASHER,FUNCTIONING PROPERLY,SNOW,DAYLIGHT,PARKED MOTOR VEHICLE,FOUR WAY,,STRAIGHT AND LEVEL,SNOW OR SLUSH,UNKNOWN,ON SCENE,NO INJURY / DRIVE AWAY,Y,,,"OVER $1,500",2/17/2022 15:53,WEATHER,WEATHER,2004,W,BERWYN AVE,2012,,,,,,,2,NO INDICATION OF INJURY,0,0,0,0,0,1,0,15,5,2,41.97795419,-87.67973643,POINT (-87.679736432288 41.977954187389)
64130fe2cc89c37ee2587d63a334dade428c6286b5fd6848e72cce2f5600dbd5e27c91bf416b83c1341f773c0fe16c1b0e64d782657f9f0d3fa298fa6846d1db,JF176826,,3/17/2022 8:53,30,NO CONTROLS,NO CONTROLS,CLEAR,DAYLIGHT,FIXED OBJECT,NOT DIVIDED,,STRAIGHT AND LEVEL,DRY,NO DEFECTS,ON SCENE,INJURY AND / OR TOW DUE TO CRASH,,,,"OVER $1,500",3/17/2022 10:00,"OPERATING VEHICLE IN ERRATIC, RECKLESS, CARELESS, NEGLIGENT OR AGGRESSIVE MANNER",UNABLE TO DETERMINE,1100,E,82ND ST,411,,,,,,,4,NO INDICATION OF INJURY,0,0,0,0,0,3,0,8,5,3,41.74597731,-87.59820023,POINT (-87.598200228065 41.745977308691)
3b630547f010026567e6041108bdfe4808362f23649fe0697b81fcb9d5050cbd981f2bcdef46842c7850cc7c30fdb74673f9f0e082bb205aab085f19c9a5b4b3,JF155153,,2/24/2022 21:50,30,TRAFFIC SIGNAL,FUNCTIONING PROPERLY,SNOW,"DARKNESS, LIGHTED ROAD",SIDESWIPE SAME DIRECTION,DIVIDED - W/MEDIAN BARRIER,,STRAIGHT AND LEVEL,SNOW OR SLUSH,UNKNOWN,ON SCENE,INJURY AND / OR TOW DUE TO CRASH,,,Y,"OVER $1,500",2/24/2022 21:50,IMPROPER OVERTAKING/PASSING,IMPROPER OVERTAKING/PASSING,801,S,INDEPENDENCE BLVD,1133,,,,,,,2,INCAPACITATING INJURY,1,0,1,0,0,3,0,21,5,2,41.87076147,-87.71952858,POINT (-87.719528578627 41.870761472451)
3e7f3ab10442f6dd175ddc35c501e390547b5d04b07263a4bde5472c8769b7aeeb8799e0f4a47368029b29969b2f8772676d84e5bd5c40d8e2b30bfebabf5363,JF148840,,2/17/2022 3:45,20,NO CONTROLS,NO CONTROLS,CLEAR,DARKNESS,OTHER NONCOLLISION,ALLEY,,STRAIGHT AND LEVEL,"SAND, MUD, DIRT","RUT, HOLES",NOT ON SCENE (DESK REPORT),NO INJURY / DRIVE AWAY,,,,"OVER $1,500",2/18/2022 17:59,UNABLE TO DETERMINE,NOT APPLICABLE,2928,W,ARMITAGE AVE,1414,,,,,,,1,NO INDICATION OF INJURY,0,0,0,0,0,2,0,3,5,2,41.91756682,-87.70052369,POINT (-87.700523685217 41.917566824309)
64367deb8bdd7cf6cd2bbbf76da0dc4f1189344069b5c7c98c1da6ce8a2ad09c43d09b72bd4d91a7a8980663357b260cf8f135b3f4842ea465ac562c12cfa3a7,JF177478,,3/17/2022 18:00,30,NO CONTROLS,NO CONTROLS,CLEAR,DAYLIGHT,FIXED OBJECT,DIVIDED - W/MEDIAN (NOT RAISED),,STRAIGHT AND LEVEL,DRY,NO DEFECTS,ON SCENE,INJURY AND / OR TOW DUE TO CRASH,,,,"OVER $1,500",3/17/2022 18:10,IMPROPER LANE USAGE,NOT APPLICABLE,6051,S,HARLEM AVE,812,,,,,,,1,NO INDICATION OF INJURY,0,0,0,0,0,2,0,18,5,3,41.78124518,-87.80092312,POINT (-87.800923119418 41.781245184226)
3eb3550519b618eb1bda0fd91e6750ef7e11d5d6bfd374e343c0fd7161cda60b502cd6ba433f2efc4cc35b9c640f12e14f26878df60430fb303d96d3f7cd9aba,JF147245,,2/17/2022 10:17,20,STOP SIGN/FLASHER,FUNCTIONING PROPERLY,CLEAR,DAYLIGHT,ANGLE,FOUR WAY,,STRAIGHT AND LEVEL,DRY,NO DEFECTS,ON SCENE,NO INJURY / DRIVE AWAY,Y,,,"$501 - $1,500",2/17/2022 10:17,IMPROPER TURNING/NO SIGNAL,DISREGARDING STOP SIGN,9700,S,WENTWORTH AVE,511,,,,,,,2,NO INDICATION OF INJURY,0,0,0,0,0,3,0,10,5,2,41.71792935,-87.62872069,POINT (-87.628720685766 41.717929348122)
3ec1034c2275428f01070c5c6ebf268a34a4482f4e8783663b503cb3cb8088663953e1447c8d1393d5f793e226ef9bc693b684ab6a8a955d12c2e7d33b2feab8,JF147533,,2/17/2022 14:50,30,NO CONTROLS,NO CONTROLS,SNOW,DAYLIGHT,PARKED MOTOR VEHICLE,ONE-WAY,,STRAIGHT AND LEVEL,SNOW OR SLUSH,NO DEFECTS,ON SCENE,NO INJURY / DRIVE AWAY,,,,"$501 - $1,500",2/17/2022 15:10,WEATHER,NOT APPLICABLE,799,S,CLAREMONT AVE,1225,,,,,,,2,NO INDICATION OF INJURY,0,0,0,0,0,2,0,14,5,2,41.87143388,-87.68479944,POINT (-87.684799437718 41.871433877673)