CRASH_RECORD_ID,RD_NO,CRASH_DATE_EST_I,CRASH_DATE,POSTED_SPEED_LIMIT,TRAFFIC_CONTROL_DEVICE,DEVICE_CONDITION,WEATHER_CONDITION,LIGHTING_CONDITION,FIRST_CRASH_TYPE,TRAFFICWAY_TYPE,LANE_CNT,ALIGNMENT,ROADWAY_SURFACE_COND,ROAD_DEFECT,REPORT_TYPE,CRASH_TYPE,INTERSECTION_RELATED_I,NOT_RIGHT_OF_WAY_I,HIT_AND_RUN_I,DAMAGE,DATE_POLICE_NOTIFIED,PRIM_CONTRIBUTORY_CAUSE,SEC_CONTRIBUTORY_CAUSE,STREET_NO,STREET_DIRECTION,STREET_NAME,BEAT_OF_OCCURRENCE,PHOTOS_TAKEN_I,STATEMENTS_TAKEN_I,DOORING_I,WORK_ZONE_I,WORK_ZONE_TYPE,WORKERS_PRESENT_I,NUM_UNITS,MOST_SEVERE_INJURY,INJURIES_TOTAL,INJURIES_FATAL,INJURIES_INCAPACITATING,INJURIES_NON_INCAPACITATING,INJURIES_REPORTED_NOT_EVIDENT,INJURIES_NO_INDICATION,INJURIES_UNKNOWN,CRASH_HOUR,CRASH_DAY_OF_WEEK,CRASH_MONTH,LATITUDE,LONGITUDE,LOCATION
6457c8ea8d136db47673be5f3e0d5ecdf95db4f722571009d8c919661d511e0d29be91fb05d73483dd2cfa6b2ad6b300ea2342f8a2d7e66d2081900ed881bc59,JE229005,,5/13/2021 15:59,30,STOP SIGN/FLASHER,FUNCTIONING PROPERLY,CLEAR,DAYLIGHT,TURNING,DIVIDED - W/MEDIAN BARRIER,,STRAIGHT AND LEVEL,DRY,NO DEFECTS,,INJURY AND / OR TOW DUE TO CRASH,,,Y,"OVER $1,500",5/13/2021 16:22,UNABLE TO DETERMINE,UNABLE TO DETERMINE,9242,S,STONY ISLAND AVE,413,,,,,,,4,NONINCAPACITATING INJURY,6,0,0,6,0,2,0,15,5,5,41.72656482,-87.58555762,POINT (-87.585557624244 41.726564815051)
7df83ffa3af053c43f0a7c22557ca5c240dc71dc3a6b0a0f0a4e7d9af883ad8127635b7982d25668300162c668cdea76c2f83f9a04aef0354b5c39a501e722f0,JF114597,,1/16/2022 10:30,20,NO CONTROLS,NO CONTROLS,CLEAR,DAYLIGHT,TURNING,DIVIDED - W/MEDIAN BARRIER,,STRAIGHT AND LEVEL,DRY,NO DEFECTS,,NO INJURY / DRIVE AWAY,,,Y,"$501 - $1,500",1/16/2022 11:30,FOLLOWING TOO CLOSELY,NOT APPLICABLE,1800,N,WESTERN AVE,1434,,,,,,,2,NO INDICATION OF INJURY,0,0,0,0,0,2,0,10,1,1,41.91402911,-87.68746326,POINT (-87.687463255905 41.914029106308)
3f25b3b2c821d7ba610ebcc3a974c6d16b3bedcdf279ac81e3d02d1259ba2b787d2287e9bc99f3706d1dd06a5bdc83709ed313e843ca946058a81281b3092946,JF147679,,2/17/2022 15:21,30,NO CONTROLS,NO CONTROLS,CLEAR,DAYLIGHT,ANGLE,ONE-WAY,,STRAIGHT AND LEVEL,ICE,NO DEFECTS,NOT ON SCENE (DESK REPORT),NO INJURY / DRIVE AWAY,,,Y,"OVER $1,500",2/17/2022 17:45,UNABLE TO DETERMINE,NOT APPLICABLE,3061,N,MILWAUKEE AVE,2523,,,,,,,2,NO INDICATION OF INJURY,0,0,0,0,0,2,0,15,5,2,41.93683803,-87.71991275,POINT (-87.719912745142 41.936838029725)
69ed16e505fbc1867d800b5521675c3f9af56210c63b5c55c7c3b22f910f6101e99b76abc4e05be553c750f9913d13b9d992479e368198ffa37283dacce46209,JF161747,,3/3/2022 8:30,30,TRAFFIC SIGNAL,FUNCTIONING PROPERLY,CLEAR,DAYLIGHT,REAR END,NOT DIVIDED,,STRAIGHT AND LEVEL,DRY,NO DEFECTS,NOT ON SCENE (DESK REPORT),NO INJURY / DRIVE AWAY,,,Y,"OVER $1,500",3/3/2022 10:10,DRIVING SKILLS/KNOWLEDGE/EXPERIENCE,NOT APPLICABLE,1300,W,DIVISION ST,1433,,,,,,,2,NO INDICATION OF INJURY,0,0,0,0,0,2,0,8,5,3,41.90356174,-87.66068899,POINT (-87.660688992137 41.903561736471)
3c4d0f77e8cbf4a42dbb75524977713e0f412b61ccd7af704f687709dc57cc5334c7e44405936773455eca497668cca4f4ddd1eb46597b6c197552e6e5164873,JF155009,,2/24/2022 15:00,30,NO CONTROLS,NO CONTROLS,SNOW,DUSK,PARKED MOTOR VEHICLE,ALLEY,,STRAIGHT AND LEVEL,SNOW OR SLUSH,UNKNOWN,NOT ON SCENE (DESK REPORT),NO INJURY / DRIVE AWAY,,,,"$501 - $1,500",2/24/2022 18:45,UNABLE TO DETERMINE,UNABLE TO DETERMINE,30,E,BALBO AVE,123,,,,,,,2,NO INDICATION OF INJURY,0,0,0,0,0,1,0,15,5,2,41.87322166,-87.62650283,POINT (-87.626502826363 41.873221664003)
3c116ef500ba849dec74c58ca15490ef2f5256e331fc22cf4df552d4802cd75a0db0534c2fdd7bc4fa62d973857ddd985a5e362008c21aa943936d866a2fe7f2,JC508679,,11/13/2019 8:05,15,NO CONTROLS,NO CONTROLS,CLEAR,DAYLIGHT,PARKED MOTOR VEHICLE,OTHER,,STRAIGHT AND LEVEL,ICE,UNKNOWN,,INJURY AND / OR TOW DUE TO CRASH,,Y,N,"OVER $1,500",11/13/2019 9:06,UNABLE TO DETERMINE,UNABLE TO DETERMINE,8256,S,PULASKI RD,834,,,,,,,2,NO INDICATION OF INJURY,0,0,0,0,0,1,0,8,4,11,41.74228583,-87.72182952,POINT (-87.721829523349 41.742285829664)
69776073209a8a7bc4451a119513c74ca6bcab255478b451e8b5ba726ab0a5fcf9ca8b15d3a8f09bfc7fb48768cc19801e893e8c5005eb25e27f57da7bee635d,JF116893,,1/18/2022 15:45,30,TRAFFIC SIGNAL,FUNCTIONING PROPERLY,CLEAR,DAYLIGHT,SIDESWIPE SAME DIRECTION,OTHER,,STRAIGHT AND LEVEL,DRY,NO DEFECTS,,NO INJURY / DRIVE AWAY,,,,"OVER $1,500",1/18/2022 16:40,IMPROPER OVERTAKING/PASSING,IMPROPER OVERTAKING/PASSING,9900,S,HALSTED ST,2232,,,,Y,CONSTRUCTION,,2,NO INDICATION OF INJURY,0,0,0,0,0,2,0,15,3,1,41.71411887,-87.64314541,POINT (-87.643145408182 41.71411886809)
9efab75d2ea50201a68fbea92fd6b6c43ea9867d712f66d8d3a7f2d2ea366e9e3ed839047385be70eb7e18761037c8b070f88276d09fff6c853a03ee140f4431,JE466459,,12/4/2021 22:20,30,TRAFFIC SIGNAL,FUNCTIONING PROPERLY,CLEAR,"DARKNESS, LIGHTED ROAD",TURNING,ONE-WAY,,STRAIGHT AND LEVEL,DRY,NO DEFECTS,,INJURY AND / OR TOW DUE TO CRASH,,,,"$501 - $1,500",12/5/2021 0:20,IMPROPER TURNING/NO SIGNAL,NOT APPLICABLE,2000,S,EMERALD AVE,1235,,,,,,,2,INCAPACITATING INJURY,1,0,1,0,0,1,0,22,7,12,41.85536735,-87.64530221,POINT (-87.645302211975 41.85536735314)
7e73e37165c064f86685815adc1f693bd431c3e4eadb8f96b43eb4dc862cf591dfec53fa24e57d43cc5e7efde75bee521d4dc5965e23e90de4905ffe5bb325c1,JF184154,,3/23/2022 15:40,30,NO CONTROLS,NO CONTROLS,RAIN,DAYLIGHT,PEDALCYCLIST,OTHER,,STRAIGHT AND LEVEL,WET,SHOULDER DEFECT,NOT ON SCENE (DESK REPORT),NO INJURY / DRIVE AWAY,Y,,Y,"OVER $1,500",3/23/2022 17:25,DRIVING SKILLS/KNOWLEDGE/EXPERIENCE,UNABLE TO DETERMINE,6530,S,SPRINGFIELD AVE,833,,,,,,,2,NO INDICATION OF INJURY,0,0,0,0,0,2,0,15,4,3,41.77418459,-87.72033883,POINT (-87.720338824779 41.77418458867)
401936154e07ce18247a8b07d7b38a3ed9910f58bb116250e8d6f75b438ce961333753b0f1ff269f34dd6d5dffa8f1040ae599acda6568049d86e9f364a3d91e,JF147333,,2/17/2022 11:00,30,TRAFFIC SIGNAL,FUNCTIONING PROPERLY,CLEAR,DAYLIGHT,TURNING,FOUR WAY,,STRAIGHT AND LEVEL,WET,NO DEFECTS,ON SCENE,INJURY AND / OR TOW DUE TO CRASH,Y,,,"OVER $1,500",2/17/2022 11:34,FAILING TO YIELD RIGHT-OF-WAY,UNABLE TO DETERMINE,7300,S,STONY ISLAND AVE,324,,,,,,,2,NONINCAPACITATING INJURY,1,0,0,1,0,1,0,11,5,2,41.76236192,-87.58637724,POINT (-87.586377234748 41.762361918371)
7f939e5d764be8e96416e9c9d8cd68e7b25b63c17d403ef5e56402e08c25714e6b2ae9d04c098536adef3ff736150cce88e46a113c7b0fdaaca550e09b989678,JF183716,,3/23/2022 11:40,30,STOP SIGN/FLASHER,FUNCTIONING PROPERLY,RAIN,DAYLIGHT,ANGLE,NOT DIVIDED,,STRAIGHT AND LEVEL,WET,NO DEFECTS,ON SCENE,INJURY AND / OR TOW DUE TO CRASH,Y,,Y,"$501 - $1,500",3/23/2022 11:43,FAILING TO YIELD RIGHT-OF-WAY,NOT APPLICABLE,335,E,71ST ST,323,,,,,,,2,"REPORTED, NOT EVIDENT",1,0,0,0,1,1,0,11,4,3,41.76556638,-87.61694412,POINT (-87.616944119992 41.765566376657)
804ba74ffeb54550a0c2ca075a9a19ab7ea691a0c467407e3e641375f066f6bd2024c2c2265453e456913aa9f38e47643f0f8ba63ea822ecfffed5d2ed77d8c2,JF183432,,3/23/2022 7:05,30,NO CONTROLS,NO CONTROLS,RAIN,DAWN,SIDESWIPE SAME DIRECTION,NOT DIVIDED,,STRAIGHT AND LEVEL,WET,NO DEFECTS,NOT ON SCENE (DESK REPORT),NO INJURY / DRIVE AWAY,,,Y,"OVER $1,500",3/23/2022 7:20,IMPROPER OVERTAKING/PASSING,FAILING TO YIELD RIGHT-OF-WAY,7201,W,HIGGINS AVE,1613,,,,,,,2,NO INDICATION OF INJURY,0,0,0,0,0,2,0,7,4,3,41.98102763,-87.80708076,POINT (-87.807080762271 41.981027631859)
80a042ac6fc3f807846f7566adb3faa73b63bab7d7eb49a570969888c03670fd134c9aa611396529dc77b361b8006cc09c1e7cec5ae367bddf067f4d02e31b81,JF184061,,3/23/2022 16:03,30,TRAFFIC SIGNAL,FUNCTIONING PROPERLY,RAIN,DAYLIGHT,REAR END,DIVIDED - W/MEDIAN (NOT RAISED),,STRAIGHT AND LEVEL,WET,NO DEFECTS,ON SCENE,INJURY AND / OR TOW DUE TO CRASH,Y,,,"OVER $1,500",3/23/2022 16:03,FOLLOWING TOO CLOSELY,WEATHER,1746,W,51ST ST,931,,,,,,,2,NO INDICATION OF INJURY,0,0,0,0,0,3,0,16,4,3,41.80139043,-87.6690794,POINT (-87.669079398288 41.801390432295)
812ca42e98d5d1d070ff1d3e2b216c342b310e29c5896843a5961f4f1c84307c62edee61527240a52f69ee2fe671205b6a4393401cc58af82acf23da68592ba4,JF183755,,3/23/2022 11:59,30,NO CONTROLS,NO CONTROLS,CLOUDY/OVERCAST,DAYLIGHT,SIDESWIPE SAME DIRECTION,NOT DIVIDED,,STRAIGHT AND LEVEL,WET,NO DEFECTS,ON SCENE,NO INJURY / DRIVE AWAY,,,,"OVER $1,500",3/23/2022 11:59,DRIVING SKILLS/KNOWLEDGE/EXPERIENCE,FAILING TO YIELD RIGHT-OF-WAY,5407,W,WASHINGTON BLVD,1522,,,,,,,6,NO INDICATION OF INJURY,0,0,0,0,0,2,0,11,4,3,41.88219305,-87.76051427,POINT (-87.760514267829 41.882193047283)
414ace6ebfab0479ad707d847a398e372c4323b831ccc955474f19482079c28a32c21f057fbb4f17e457a58f37b00a668f8e6f1de12cfd280b5659a74cc2fb9b,JF147370,,2/17/2022 5:30,25,NO CONTROLS,NO CONTROLS,CLEAR,"DARKNESS, LIGHTED ROAD",PARKED MOTOR VEHICLE,ONE-WAY,,STRAIGHT AND LEVEL,WET,NO DEFECTS,NOT ON SCENE (DESK REPORT),NO INJURY / DRIVE AWAY,,,,"$501 - $1,500",2/17/2022 12:40,DISTRACTION - FROM INSIDE VEHICLE,NOT APPLICABLE,3647,N,GREENVIEW AVE,1922,,,,,,,2,NO INDICATION OF INJURY,0,0,0,0,0,1,0,5,5,2,41.9484235,-87.66632736,POINT (-87.66632736018 41.948423498379)
6698da0a0bdcd5aa30352cb8ca51cd8497ed4165d8c2f2b4853d19c95dde6ab6b8aa33939d57d9a470fb294677dffbf59048b6656c7faf3c1209cd8d869a405e,JF177390,,3/17/2022 14:30,30,NO CONTROLS,NO CONTROLS,CLEAR,DAYLIGHT,FIXED OBJECT,PARKING LOT,,STRAIGHT AND LEVEL,DRY,NO DEFECTS,ON SCENE,NO INJURY / DRIVE AWAY,,Y,Y,"OVER $1,500",3/17/2022 14:34,UNABLE TO DETERMINE,NOT APPLICABLE,2559,W,51ST ST,923,,,,,,,1,NO INDICATION OF INJURY,0,0,0,0,0,3,0,14,5,3,41.8009642,-87.68905583,POINT (-87.689055833949 41.800964200195)
3e7489e1d6347210adb879ad9ce87ef2559e3b9ff31c89e982f5a8fb578e32f7e09edad06fb2daaad0b87d646191e4c4d27ba0b1623aacdad77ba90c730f5a36,JF154876,,2/24/2022 16:40,30,NO CONTROLS,NO CONTROLS,SNOW,DAYLIGHT,ANGLE,NOT DIVIDED,,STRAIGHT AND LEVEL,WET,NO DEFECTS,ON SCENE,NO INJURY / DRIVE AWAY,,,,"OVER $1,500",2/24/2022 16:45,DRIVING SKILLS/KNOWLEDGE/EXPERIENCE,DRIVING SKILLS/KNOWLEDGE/EXPERIENCE,8800,S,COMMERCIAL AVE,423,,,,,,,2,NO INDICATION OF INJURY,0,0,0,0,0,2,0,16,5,2,41.7354649,-87.55153423,POINT (-87.551534230738 41.735464895229)
66a0e11751220ab627beff44c90e5f15ce024208045eeabbf5a46516ddd0bfad45d03fb74325765475abcd18831326f1e7a06dc9410867f2a19b7a48eff86aab,JF177337,,3/17/2022 14:45,30,STOP SIGN/FLASHER,NO CONTROLS,CLEAR,DAYLIGHT,TURNING,NOT DIVIDED,,STRAIGHT AND LEVEL,DRY,NO DEFECTS,NOT ON SCENE (DESK REPORT),NO INJURY / DRIVE AWAY,Y,,Y,"$501 - $1,500",3/17/2022 16:35,FAILING TO YIELD RIGHT-OF-WAY,NOT APPLICABLE,1500,W,JONQUIL TER,2422,,,,,,,2,NO INDICATION OF INJURY,0,0,0,0,0,3,0,14,5,3,42.0212449,-87.66829653,POINT (-87.66829652482 42.021244900392)
675925c09f38789884d1d1ba3b941a83d883753842ff2b644e614df80fa170b90b39dd595c7a6d3debed847391e93c1dd2c97d928e34cf42950dcbfdda82be07,JF177439,,3/17/2022 14:20,30,NO CONTROLS,NO CONTROLS,CLEAR,DAYLIGHT,ANGLE,NOT DIVIDED,,STRAIGHT AND LEVEL,UNKNOWN,UNKNOWN,NOT ON SCENE (DESK REPORT),INJURY AND / OR TOW DUE TO CRASH,,,Y,"OVER $1,500",3/17/2022 17:40,UNABLE TO DETERMINE,UNABLE TO DETERMINE,6245,W,FOSTER AVE,1622,,,,,,,2,NO INDICATION OF INJURY,0,0,0,0,0,2,0,14,5,3,41.97554862,-87.78481676,POINT (-87.784816760464 41.975548623557)
6913c3ef02bf02baa9775f1d9b96149ce8186b8eca30b236576c6df87bfddb38b5580f98123bb43c1eb031afded768fbaf0c096ea059d6198b061d8a64787a6a,JF176746,,3/17/2022 8:47,30,TRAFFIC SIGNAL,FUNCTIONING PROPERLY,CLEAR,DAYLIGHT,REAR END,NOT DIVIDED,,STRAIGHT AND LEVEL,DRY,NO DEFECTS,ON SCENE,NO INJURY / DRIVE AWAY,,,,"OVER $1,500",3/17/2022 9:00,UNABLE TO DETERMINE,UNABLE TO DETERMINE,3109,W,CERMAK RD,1033,,,,,,,3,NO INDICATION OF INJURY,0,0,0,0,0,5,0,8,5,3,41.8516835,-87.70323729,POINT (-87.703237289735 41.851683498001)
42c9a5a626b2528ccdf7e6ae5a77442c7acbb709a4df703a398be7cc7d27bc2a45fdb39b9754a1723138e1ae9fb46ce88f2fb83b89704d5aeef4f6b3cb9f8cc1,JF147260,,2/17/2022 10:15,30,NO CONTROLS,NO CONTROLS,CLEAR,DAYLIGHT,SIDESWIPE SAME DIRECTION,NOT DIVIDED,,STRAIGHT AND LEVEL,DRY,NO DEFECTS,ON SCENE,INJURY AND / OR TOW DUE TO CRASH,,,,"$501 - $1,500",2/17/2022 10:30,UNABLE TO DETERMINE,UNABLE TO DETERMINE,6300,W,IRVING PARK RD,1624,,,,,,,3,NO INDICATION OF INJURY,0,0,0,0,0,3,0,10,5,2,41.95305612,-87.78423715,POINT (-87.784237154195 41.953056123616)
40854468d3225571f78232744e5348c202c4dca21923a240b8089b5a64964a0154878648405031148a4a7648a0cac4579d6e774a0a656d611433b5636667006d,JF154887,Y,2/24/2022 16:42,30,TRAFFIC SIGNAL,FUNCTIONING PROPERLY,SNOW,DAYLIGHT,ANGLE,T-INTERSECTION,,STRAIGHT ON GRADE,SNOW OR SLUSH,NO DEFECTS,ON SCENE,INJURY AND / OR TOW DUE TO CRASH,,,,"OVER $1,500",2/24/2022 16:45,DISREGARDING TRAFFIC SIGNALS,UNABLE TO DETERMINE,1200,W,BALMORAL AVE,2013,,,,,,,2,"REPORTED, NOT EVIDENT",1,0,0,0,1,2,0,16,5,2,41.98008006,-87.66003455,POINT (-87.660034547715 41.980080063423)
43464324cb1cf303e3ba00228cc829a0be5f3fbcdc45610d8758e0a09ed8539ba6ccf355fcac91749bf3f6a2587a54b9fe1651c75d15ee809bc3b1cb5b3feee9,JF147142,,2/17/2022 8:30,30,TRAFFIC SIGNAL,FUNCTIONING PROPERLY,CLOUDY/OVERCAST,DAYLIGHT,TURNING,NOT DIVIDED,,STRAIGHT AND LEVEL,UNKNOWN,UNKNOWN,ON SCENE,NO INJURY / DRIVE AWAY,Y,,Y,$500 OR LESS,2/17/2022 8:52,IMPROPER OVERTAKING/PASSING,FAILING TO YIELD RIGHT-OF-WAY,4300,S,WESTERN BLVD,922,,,,,,,2,NO INDICATION OF INJURY,0,0,0,0,0,2,0,8,5,2,41.81560495,-87.68421592,POINT (-87.684215916118 41.815604951255)
43e07e2f3fe18b620bfeb43669a8adc7733bc5fb693e050b0d9b0ab3bd488ce0ae5e05565dead1e8c0b46bc603f1cba80b0f1113248c78045b487012521e58d8,JF147652,,2/17/2022 15:20,30,NO CONTROLS,NO CONTROLS,SNOW,"DARKNESS, LIGHTED ROAD",TURNING,NOT DIVIDED,,STRAIGHT AND LEVEL,SNOW OR SLUSH,NO DEFECTS,NOT ON SCENE (DESK REPORT),NO INJURY / DRIVE AWAY,,,,"OVER $1,500",2/17/2022 15:50,FAILING TO REDUCE SPEED TO AVOID CRASH,NOT APPLICABLE,2531,E,79TH ST,422,,,,,,,2,NO INDICATION OF INJURY,0,0,0,0,0,2,0,15,5,2,41.75166837,-87.56265512,POINT (-87.562655120263 41.751668365135)
409c47edc49ab603ec6b7fd1e7fc52f62df823e02eaafd0781a056d44927ad9b1bdf6a88be65e1c6f2b0af80029f0f4a38a00e668b0b98c339fff4f3ebcf1370,JF103515,,1/4/2022 16:00,30,NO CONTROLS,NO CONTROLS,CLEAR,DAYLIGHT,REAR TO SIDE,NOT DIVIDED,,STRAIGHT AND LEVEL,DRY,NO DEFECTS,,NO INJURY / DRIVE AWAY,,,,"$501 - $1,500",1/4/2022 19:20,IMPROPER BACKING,NOT APPLICABLE,2015,W,GRACE ST,1921,,,,,,,2,NO INDICATION OF INJURY,0,0,0,0,0,2,0,16,3,1,41.95039235,-87.67929918,POINT (-87.679299179437 41.950392348785)
6dbe77c6ac751e4fa3404edc142e5f55e9f8cbb97b460fe508bf6bfe4147ebfe489b68bbd2fee1cf2cf073381066d02565b749b7045c550e7fcada0204cccb5f,JD374778,,9/21/2020 17:41,25,NO CONTROLS,NO CONTROLS,CLEAR,DAYLIGHT,PARKED MOTOR VEHICLE,ONE-WAY,,STRAIGHT AND LEVEL,DRY,NO DEFECTS,,INJURY AND / OR TOW DUE TO CRASH,,,,"OVER $1,500",9/21/2020 17:41,DISTRACTION - FROM OUTSIDE VEHICLE,NOT APPLICABLE,4240,W,CONGRESS PKWY,1132,,,,,,,3,"REPORTED, NOT EVIDENT",1,0,0,0,1,0,0,17,2,9,41.87438604,-87.73198974,POINT (-87.731989739075 41.874386039495)
a2424ed33a790c3b16e297a751a05b959fe69419de9468b99558007968f1d197617c93e5c269f1357331f53332c17599cea2ea20efaf2bf93ccbfb53c774649d,JE376625,,9/17/2021 3:36,25,TRAFFIC SIGNAL,FUNCTIONING PROPERLY,CLEAR,"DARKNESS, LIGHTED ROAD",SIDESWIPE SAME DIRECTION,ONE-WAY,,STRAIGHT AND LEVEL,DRY,NO DEFECTS,,NO INJURY / DRIVE AWAY,,,,"$501 - $1,500",9/17/2021 3:39,DRIVING SKILLS/KNOWLEDGE/EXPERIENCE,UNABLE TO DETERMINE,628,N,ORLEANS ST,1831,,Y,,,,,2,NO INDICATION OF INJURY,0,0,0,0,0,3,0,3,6,9,41.89318392,-87.6372274,POINT (-87.637227397038 41.893183922173)
6a2c49935478af6b42ecc91997443c2ef2b1def753a22d53415581c8e43730f9c5d56bbeb31453ff5c879f0f182fc3967dcc73cc08ecff00918ebfaa52b675e5,JF176566,,3/17/2022 3:32,30,STOP SIGN/FLASHER,FUNCTIONING PROPERLY,CLEAR,"DARKNESS, LIGHTED ROAD",FIXED OBJECT,T-INTERSECTION,,STRAIGHT AND LEVEL,DRY,NO DEFECTS,ON SCENE,INJURY AND / OR TOW DUE TO CRASH,,,,"OVER $1,500",3/17/2022 3:39,FAILING TO REDUCE SPEED TO AVOID CRASH,NOT APPLICABLE,8401,S,STATE ST,632,,,,,,,1,NO INDICATION OF INJURY,0,0,0,0,0,1,0,3,5,3,41.74174059,-87.62413553,POINT (-87.624135525621 41.741740586327)
a2dad511c85f4872d02a0a6c29e967ca810db603cb0f7fa165a7f9846ba36faa614ee02f9028c64a9a9388354ed22ef9b68df8bc82f80c4b2182f8961ef00aa4,JF172519,,3/10/2022 15:50,30,NO CONTROLS,NO CONTROLS,CLEAR,DAYLIGHT,TURNING,NOT DIVIDED,,STRAIGHT AND LEVEL,DRY,NO DEFECTS,NOT ON SCENE (DESK REPORT),NO INJURY / DRIVE AWAY,,,,"$501 - $1,500",3/13/2022 13:38,IMPROPER TURNING/NO SIGNAL,NOT APPLICABLE,2400,W,POPE JOHN PAUL II DR,921,,,,,,,2,NO INDICATION OF INJURY,0,0,0,0,0,2,0,15,5,3,41.81580521,-87.68469361,POINT (-87.684693608664 41.815805206998)
44d903ff4254232411887ba28adde0009cf5c2cfd01ff087477f8a86d8097acb85137f52d2f142ee0de46e48d2d3cf4ebdd20e9cf9950366faeeb500e771e571,JF151148,Y,2/17/2022 23:59,20,NO CONTROLS,NO CONTROLS,CLEAR,DAYLIGHT,PARKED MOTOR VEHICLE,PARKING LOT,,STRAIGHT AND LEVEL,DRY,NO DEFECTS,NOT ON SCENE (DESK REPORT),NO INJURY / DRIVE AWAY,,,Y,"$501 - $1,500",2/21/2022 9:15,DRIVING SKILLS/KNOWLEDGE/EXPERIENCE,UNABLE TO DETERMINE,2222,W,DIVISION ST,1424,,,,,,,2,NO INDICATION OF INJURY,0,0,0,0,0,1,0,23,5,2,41.90319856,-87.68312414,POINT (-87.683124136212 41.903198561266)
44e090337baa31f7609e3827168a6666433b6d1cb74a29b9d56b4c6f5210f582b60f80d577e016574bcd976f4514e98a9f8c8b7b120b132e0f98d0eae983e6dc,JF150885,,2/17/2022 10:30,30,NO CONTROLS,NO CONTROLS,UNKNOWN,DAYLIGHT,OTHER OBJECT,ALLEY,,STRAIGHT AND LEVEL,UNKNOWN,UNKNOWN,NOT ON SCENE (DESK REPORT),NO INJURY / DRIVE AWAY,,,,"OVER $1,500",2/20/2022 23:15,UNABLE TO DETERMINE,UNABLE TO DETERMINE,7518,S,COTTAGE GROVE AVE,624,,,,,,,1,NO INDICATION OF INJURY,0,0,0,0,0,1,0,10,5,2,41.75799533,-87.60552087,POINT (-87.605520874067 41.757995325046)
6b5614edb86d93e1399aa97b20e7a110a65289df0422ac308524fa426113fa8dec80739cec21073f9cd507b0e9ec942a34688f3206bebec3fe2f42801a3dd021,JF177355,,3/17/2022 15:45,25,STOP SIGN/FLASHER,NO CONTROLS,CLEAR,DAYLIGHT,REAR END,UNKNOWN,,STRAIGHT AND LEVEL,DRY,NO DEFECTS,ON SCENE,INJURY AND / OR TOW DUE TO CRASH,,,,"OVER $1,500",3/17/2022 16:30,UNABLE TO DETERMINE,UNABLE TO DETERMINE,3833,W,GRAND AVE,2535,,,,,,,2,NONINCAPACITATING INJURY,1,0,0,1,0,1,0,15,5,3,41.90456671,-87.72271681,POINT (-87.722716808837 41.90456670674)
a3bde23ce318dc0f0219391fd4cda76bbda4e3368d4215d68b2c269e4dac3318be4a1c5feabf770208f1f5d56158dba197024b1aa7795f8f050a2011c234eb2e,JF169376,,3/10/2022 13:10,30,TRAFFIC SIGNAL,FUNCTIONING PROPERLY,CLEAR,DAYLIGHT,TURNING,FOUR WAY,,STRAIGHT AND LEVEL,DRY,NO DEFECTS,ON SCENE,INJURY AND / OR TOW DUE TO CRASH,Y,,,"$501 - $1,500",3/10/2022 13:50,UNABLE TO DETERMINE,UNABLE TO DETERMINE,1000,W,71ST ST,733,,,,,,,2,NO INDICATION OF INJURY,0,0,0,0,0,2,0,13,5,3,41.76523653,-87.64933103,POINT (-87.649331027564 41.765236524931)
425e9e7065cbbbb0d83d95e7bc0133fbde545bca874375afed49de4ed0bf959d6df30ff3b1b1957c6db13b7721a5175bd8a51ed4a0de2c3636f7f28438c8ed88,JF155126,,2/24/2022 20:32,30,STOP SIGN/FLASHER,NO CONTROLS,SNOW,"DARKNESS, LIGHTED ROAD",REAR END,FOUR WAY,,STRAIGHT AND LEVEL,ICE,UNKNOWN,NOT ON SCENE (DESK REPORT),NO INJURY / DRIVE AWAY,Y,,,"OVER $1,500",2/24/2022 21:00,WEATHER,UNABLE TO DETERMINE,7600,S,SAGINAW AVE,421,,,,,,,2,NO INDICATION OF INJURY,0,0,0,0,0,2,0,20,5,2,41.75716255,-87.56016614,POINT (-87.560166141276 41.757162551174)
6b83354d14d366ea343cb9c1ac4b012f931fa8452b0c95e692cf2948af5f8b3108b54d52bf9bd16e78e1ed31a4d22e1cce1bf2454bb681ea380ea9973c6c6393,JE400571,,10/6/2021 17:30,20,UNKNOWN,UNKNOWN,CLEAR,DAYLIGHT,SIDESWIPE SAME DIRECTION,NOT DIVIDED,,STRAIGHT AND LEVEL,DRY,NO DEFECTS,,NO INJURY / DRIVE AWAY,,,,"$501 - $1,500",10/6/2021 18:35,UNABLE TO DETERMINE,NOT APPLICABLE,2401,W,26TH ST,1034,,,,,,,2,NO INDICATION OF INJURY,0,0,0,0,0,2,0,17,4,10,41.84472338,-87.68545165,POINT (-87.685451646621 41.844723377514)
84ab7d75100ed131c587bc98fdc473a7ade2257a9c9bb5fb9968f345a594894a749ddec91b274d272768d034c64873a1c22a6b086d3d9036c2b59880811db7b5,JD421107,,11/4/2020 19:15,30,NO CONTROLS,NO CONTROLS,CLEAR,DARKNESS,PARKED MOTOR VEHICLE,NOT DIVIDED,,STRAIGHT AND LEVEL,DRY,UNKNOWN,,NO INJURY / DRIVE AWAY,,,,"$501 - $1,500",11/4/2020 19:50,UNABLE TO DETERMINE,NOT APPLICABLE,5200,W,DIVERSEY AVE,2514,,,,,,,2,NO INDICATION OF INJURY,0,0,0,0,0,1,0,19,4,11,41.93150748,-87.75654565,POINT (-87.756545646123 41.931507482859)