CRASH_RECORD_ID,RD_NO,CRASH_DATE_EST_I,CRASH_DATE,POSTED_SPEED_LIMIT,TRAFFIC_CONTROL_DEVICE,DEVICE_CONDITION,WEATHER_CONDITION,LIGHTING_CONDITION,FIRST_CRASH_TYPE,TRAFFICWAY_TYPE,LANE_CNT,ALIGNMENT,ROADWAY_SURFACE_COND,ROAD_DEFECT,REPORT_TYPE,CRASH_TYPE,INTERSECTION_RELATED_I,NOT_RIGHT_OF_WAY_I,HIT_AND_RUN_I,DAMAGE,DATE_POLICE_NOTIFIED,PRIM_CONTRIBUTORY_CAUSE,SEC_CONTRIBUTORY_CAUSE,STREET_NO,STREET_DIRECTION,STREET_NAME,BEAT_OF_OCCURRENCE,PHOTOS_TAKEN_I,STATEMENTS_TAKEN_I,DOORING_I,WORK_ZONE_I,WORK_ZONE_TYPE,WORKERS_PRESENT_I,NUM_UNITS,MOST_SEVERE_INJURY,INJURIES_TOTAL,INJURIES_FATAL,INJURIES_INCAPACITATING,INJURIES_NON_INCAPACITATING,INJURIES_REPORTED_NOT_EVIDENT,INJURIES_NO_INDICATION,INJURIES_UNKNOWN,CRASH_HOUR,CRASH_DAY_OF_WEEK,CRASH_MONTH,LATITUDE,LONGITUDE,LOCATION
45e97a761eecd1425612af3fb4b6301a2b2e8695e6af655c3d83cd7f3f85ae11933ef305a9fbc06b633c1a2245ee72652bfd7ba37220cc5abafba20dcf189f42,JF147566,,2/17/2022 15:20,25,NO CONTROLS,NO CONTROLS,SNOW,DAYLIGHT,FIXED OBJECT,NOT DIVIDED,,STRAIGHT AND LEVEL,SNOW OR SLUSH,NO DEFECTS,NOT ON SCENE (DESK REPORT),NO INJURY / DRIVE AWAY,,,,"$501 - $1,500",2/17/2022 15:20,UNABLE TO DETERMINE,NOT APPLICABLE,5555,W,GRAND AVE,2515,,,,,,,1,NO INDICATION OF INJURY,0,0,0,0,0,1,0,15,5,2,41.91860889,-87.76557448,POINT (-87.765574478976 41.918608891151)
46154bffdf12202edae66fb58256102a92fae1061b96022fd059039af669888827ccc4a9f2c2b63ff427bf3319378c22d25e05ef70612fec310da2f84635c750,JF147351,,2/17/2022 12:00,10,NO CONTROLS,NO CONTROLS,UNKNOWN,UNKNOWN,PARKED MOTOR VEHICLE,OTHER,,STRAIGHT AND LEVEL,UNKNOWN,UNKNOWN,NOT ON SCENE (DESK REPORT),NO INJURY / DRIVE AWAY,,Y,Y,"OVER $1,500",2/17/2022 12:25,UNABLE TO DETERMINE,NOT APPLICABLE,3030,N,BROADWAY,1934,,,,,,,2,NO INDICATION OF INJURY,0,0,0,0,0,1,0,12,5,2,41.93733844,-87.64445647,POINT (-87.644456471505 41.937338437309)
4629b5245aba8a224b0d001731c2f8211b3c7e186917c7f7c55dde28bb0c0a833b719174079eaccb44b7d14746b016d5cae2a3cf1e24493a0ebb35c9cbd0c2a0,JF147493,,2/17/2022 11:00,30,STOP SIGN/FLASHER,FUNCTIONING PROPERLY,CLEAR,DAYLIGHT,SIDESWIPE SAME DIRECTION,NOT DIVIDED,,STRAIGHT AND LEVEL,DRY,NO DEFECTS,NOT ON SCENE (DESK REPORT),NO INJURY / DRIVE AWAY,,,,"OVER $1,500",2/17/2022 15:00,IMPROPER LANE USAGE,IMPROPER LANE USAGE,3400,W,38TH ST,911,,,,,,,2,NO INDICATION OF INJURY,0,0,0,0,0,2,0,11,5,2,41.82443863,-87.70947842,POINT (-87.709478418779 41.824438626215)
6bb7f530b588440dc67f95e4c3959f3ea7768362803d899d6de05a16e9331dc9745e146f07200b4e6726f35eaaae6fd09bdb0be61b27b412129b01d448478ef9,JE133157,Y,2/4/2021 13:00,10,NO CONTROLS,NO CONTROLS,SNOW,UNKNOWN,PARKED MOTOR VEHICLE,NOT DIVIDED,,STRAIGHT AND LEVEL,SNOW OR SLUSH,NO DEFECTS,,NO INJURY / DRIVE AWAY,,Y,Y,"OVER $1,500",2/5/2021 11:55,NOT APPLICABLE,NOT APPLICABLE,811,S,LYTLE ST,1231,,,,,,,2,NO INDICATION OF INJURY,0,0,0,0,0,1,0,13,5,2,41.87132162,-87.65789141,POINT (-87.657891407555 41.871321622987)
6c161fd5ab68be145a8005740a765b3ddb18cd55a821a930b2ddabf7341956724c8cb70226987d555a6c1b985f82f2d5e07c12d3e1244b64ec1868e2627bf5b3,JF112853,,1/14/2022 15:55,30,TRAFFIC SIGNAL,FUNCTIONING PROPERLY,FREEZING RAIN/DRIZZLE,DAYLIGHT,REAR END,NOT DIVIDED,,STRAIGHT AND LEVEL,WET,NO DEFECTS,,INJURY AND / OR TOW DUE TO CRASH,Y,,,"OVER $1,500",1/14/2022 15:57,FAILING TO REDUCE SPEED TO AVOID CRASH,WEATHER,9012,S,JEFFERY BLVD,413,,,,,,,3,NONINCAPACITATING INJURY,2,0,0,1,1,2,0,15,6,1,41.73115152,-87.5757217,POINT (-87.57572169886 41.731151516375)
850f33ce94cce2dd94552c864e969fc29a0f44386b93c2e0b2c9f8a2c7b8a762a5ae059a4e3afba57742e64a67d51aa7ea16dd2cbdab014c26589f5fc6e6aaf2,JE342982,,8/19/2021 18:00,30,TRAFFIC SIGNAL,FUNCTIONING PROPERLY,CLEAR,DAYLIGHT,TURNING,ONE-WAY,,STRAIGHT AND LEVEL,DRY,NO DEFECTS,,NO INJURY / DRIVE AWAY,Y,,,"$501 - $1,500",8/19/2021 18:20,FAILING TO YIELD RIGHT-OF-WAY,FAILING TO YIELD RIGHT-OF-WAY,200,N,SANGAMON ST,1214,,,,,,,2,NO INDICATION OF INJURY,0,0,0,0,0,2,0,18,5,8,41.88565996,-87.65112328,POINT (-87.651123277952 41.885659957425)
71027ff93c2e137e8b3a0c2fd6334134a819d1204eb2bc509b829be73e3ee57c3c04505889fd85878fc1d0b48af4346e7afe7972540d4773152ed3a054e6b2b9,JF176383,,3/16/2022 20:41,25,STOP SIGN/FLASHER,FUNCTIONING PROPERLY,CLEAR,"DARKNESS, LIGHTED ROAD",TURNING,NOT DIVIDED,,STRAIGHT AND LEVEL,DRY,NO DEFECTS,,NO INJURY / DRIVE AWAY,Y,,,"OVER $1,500",3/16/2022 20:44,FAILING TO YIELD RIGHT-OF-WAY,NOT APPLICABLE,2600,S,TROY ST,1033,,,,,,,2,NO INDICATION OF INJURY,0,0,0,0,0,5,0,20,4,3,41.8444389,-87.70395599,POINT (-87.7039559912 41.844438903475)
46bd8ec53451f9f2c3c738a82194aaea2fc6aadafca799c2ea5b97644b1bf6a4d523ccaedaa440acdc3a1a69051f980d97401acea9b5e6ce95720da98427dd27,JF146997,,2/17/2022 2:55,30,NO CONTROLS,UNKNOWN,RAIN,"DARKNESS, LIGHTED ROAD",FIXED OBJECT,NOT DIVIDED,,STRAIGHT AND LEVEL,WET,NO DEFECTS,ON SCENE,INJURY AND / OR TOW DUE TO CRASH,,,,"OVER $1,500",2/17/2022 2:55,UNABLE TO DETERMINE,NOT APPLICABLE,5640,S,STATE ST,225,,,,,,,1,NO INDICATION OF INJURY,0,0,0,0,0,1,0,2,5,2,41.79160819,-87.62576765,POINT (-87.62576764811 41.791608186018)
4393a9bec91e3685a630cb509d89083413fd64b7d956b85fe42dc8610d136f10ad3d0b8a5fe5b96b481e018bb8214417a4570ed2ddfc3396cbb7a99571e91965,JE155204,,2/24/2022 23:55,30,NO CONTROLS,NO CONTROLS,SNOW,"DARKNESS, LIGHTED ROAD",PARKED MOTOR VEHICLE,PARKING LOT,,STRAIGHT AND LEVEL,SNOW OR SLUSH,NO DEFECTS,ON SCENE,NO INJURY / DRIVE AWAY,,,,$500 OR LESS,2/24/2022 23:56,FAILING TO REDUCE SPEED TO AVOID CRASH,NOT APPLICABLE,7913,S,HALSTED ST,621,,,,,,,2,NO INDICATION OF INJURY,0,0,0,0,0,1,0,23,5,2,41.75021435,-87.64388574,POINT (-87.643885741516 41.750214345729)
6c3467fac9c1beffa576016c285c47ab3be86ae3165236ca2732d53920d017648d10aa2ff537b7883b5f94516c7fe5b518daeea3649d95b4b4df9281a5201350,JE141275,Y,2/14/2021 4:30,30,TRAFFIC SIGNAL,FUNCTIONING PROPERLY,SNOW,"DARKNESS, LIGHTED ROAD",ANGLE,FOUR WAY,,STRAIGHT AND LEVEL,SNOW OR SLUSH,NO DEFECTS,,INJURY AND / OR TOW DUE TO CRASH,Y,,,"OVER $1,500",2/14/2021 4:32,FAILING TO YIELD RIGHT-OF-WAY,IMPROPER OVERTAKING/PASSING,2800,W,VAN BUREN ST,1124,,,,,,,2,NO INDICATION OF INJURY,0,0,0,0,0,2,0,4,1,2,41.87608974,-87.69621712,POINT (-87.696217119172 41.876089738142)
72528bf203e1a9195061b004623b49368a6e2b9a515364be29fed0134e1d257af8805d0073184a6f01d163054c84fddccc1f369976972b48ad88d30ba2139877,JF162098,,3/3/2022 14:54,30,STOP SIGN/FLASHER,FUNCTIONING PROPERLY,CLEAR,DAYLIGHT,TURNING,UNKNOWN INTERSECTION TYPE,,STRAIGHT AND LEVEL,DRY,NO DEFECTS,ON SCENE,NO INJURY / DRIVE AWAY,Y,,Y,"OVER $1,500",3/3/2022 15:17,DISREGARDING STOP SIGN,FAILING TO YIELD RIGHT-OF-WAY,134,N,ASHLAND AVE,1224,,,,,,,2,NO INDICATION OF INJURY,0,0,0,0,0,4,0,14,5,3,41.88432334,-87.66703836,POINT (-87.667038357778 41.884323343296)
a5f21a837ffa7507b361082c65cb4f68dc52569547452cb3111cbabecea6ab77575c6eb1d6567439e631c39ec730623d33ab3609352f1e9b297bd5fe0a283a08,JF177256,,3/10/2022 6:30,30,NO CONTROLS,NO CONTROLS,CLEAR,DAYLIGHT,PARKED MOTOR VEHICLE,PARKING LOT,,STRAIGHT AND LEVEL,DRY,NO DEFECTS,NOT ON SCENE (DESK REPORT),NO INJURY / DRIVE AWAY,,Y,,"$501 - $1,500",3/17/2022 15:37,NOT APPLICABLE,NOT APPLICABLE,7200,S,KOSTNER AVE,833,,,,,,,2,NO INDICATION OF INJURY,0,0,0,0,0,1,0,6,5,3,41.76212576,-87.7327764,POINT (-87.732776402767 41.762125763096)
44c9dbeaee07143dcab6a47fdae120ab87c155bafd893765360bb5910b7efca37e49259d5645b2b8f30a0438f705e6567a57628a7508355c6d605bb32dca6075,JF154999,,2/24/2022 17:00,30,UNKNOWN,UNKNOWN,SNOW,DAYLIGHT,SIDESWIPE SAME DIRECTION,UNKNOWN,,STRAIGHT AND LEVEL,SNOW OR SLUSH,UNKNOWN,NOT ON SCENE (DESK REPORT),NO INJURY / DRIVE AWAY,,,,"OVER $1,500",2/24/2022 18:45,UNABLE TO DETERMINE,UNABLE TO DETERMINE,5110,N,DAMEN AVE,2032,,,,,,,2,NO INDICATION OF INJURY,0,0,0,0,0,2,0,17,5,2,41.97507922,-87.67952139,POINT (-87.679521390853 41.97507921515)
4794f452cf8f0c5b7df110a5660907a9ad71cf4a00280e24d3c20747d3515dd792479cfe0751761af549a1d7b55691cb9a022b23af8905696e89596a6378b20f,JF148052,,2/17/2022 21:05,30,STOP SIGN/FLASHER,FUNCTIONING PROPERLY,SNOW,"DARKNESS, LIGHTED ROAD",PARKED MOTOR VEHICLE,T-INTERSECTION,,STRAIGHT AND LEVEL,SNOW OR SLUSH,NO DEFECTS,NOT ON SCENE (DESK REPORT),INJURY AND / OR TOW DUE TO CRASH,,,Y,"OVER $1,500",2/17/2022 22:47,UNABLE TO DETERMINE,UNABLE TO DETERMINE,3901,N,PACIFIC AVE,1631,,,,,,,2,NO INDICATION OF INJURY,0,0,0,0,0,1,0,21,5,2,41.95056561,-87.82677193,POINT (-87.826771926174 41.95056560644)
6f2e8d33b089da35b353a147b60b0d3a37f4d73657049ebbf6e97ad915d6b77d62daddaa0b4086a5b29e68d2cec0a7e96659aacdae24000466710d4f3c4c29a7,JF177490,,3/17/2022 18:15,30,NO CONTROLS,NO CONTROLS,CLEAR,DAYLIGHT,SIDESWIPE SAME DIRECTION,NOT DIVIDED,,STRAIGHT AND LEVEL,DRY,NO DEFECTS,ON SCENE,NO INJURY / DRIVE AWAY,,,,"$501 - $1,500",3/17/2022 18:20,UNABLE TO DETERMINE,UNABLE TO DETERMINE,920,W,ARGYLE ST,2024,,,,,,,2,NO INDICATION OF INJURY,0,0,0,0,0,2,0,18,5,3,41.97344423,-87.65339962,POINT (-87.653399618659 41.97344423284)
6f3d218a4ef23d6b8b002912cc21447a1743062d0a56c8d0c1c0be091340caccfa831e6448fa4d1395bbeb9434b029b7c3842460c5f81b53f248814932600cbe,JF179298,,3/17/2022 17:45,30,STOP SIGN/FLASHER,FUNCTIONING PROPERLY,CLEAR,DUSK,REAR END,NOT DIVIDED,,STRAIGHT AND LEVEL,DRY,NO DEFECTS,NOT ON SCENE (DESK REPORT),NO INJURY / DRIVE AWAY,,,,"$501 - $1,500",3/19/2022 12:45,FAILING TO REDUCE SPEED TO AVOID CRASH,DRIVING SKILLS/KNOWLEDGE/EXPERIENCE,337,N,ADA ST,1215,,,,,,,2,NO INDICATION OF INJURY,0,0,0,0,0,2,0,17,5,3,41.88768732,-87.66067394,POINT (-87.660673938476 41.887687322495)
4546cfdff0973e9255d3e7817deac92c9a02c89843d74ae63f90fe2024e4752d43d6de57df46217e6429ca44ed121f1707a873e69a7972a34fcdcdbe8f25ad4a,JF155736,,2/24/2022 15:30,30,TRAFFIC SIGNAL,FUNCTIONING PROPERLY,CLEAR,DAYLIGHT,REAR TO FRONT,ONE-WAY,,STRAIGHT AND LEVEL,DRY,NO DEFECTS,NOT ON SCENE (DESK REPORT),NO INJURY / DRIVE AWAY,Y,,Y,"$501 - $1,500",2/25/2022 13:45,FAILING TO YIELD RIGHT-OF-WAY,UNABLE TO DETERMINE,7826,S,LAFAYETTE AVE,623,,,,,,,2,NO INDICATION OF INJURY,0,0,0,0,0,2,0,15,5,2,41.75194065,-87.62600059,POINT (-87.626000584959 41.75194065067)
73a48bd6265bc3995899bac3fbacbce26334f93d45812084d4c625ee357ad0e89759a382e35ce5a0ef63fa84161d6ad7e31586cc8ba883263a0833e08499b569,JF161863,,3/3/2022 11:00,30,TRAFFIC SIGNAL,FUNCTIONING PROPERLY,CLEAR,DAYLIGHT,ANGLE,UNKNOWN INTERSECTION TYPE,,STRAIGHT AND LEVEL,DRY,NO DEFECTS,ON SCENE,INJURY AND / OR TOW DUE TO CRASH,Y,,,"OVER $1,500",3/3/2022 11:16,UNABLE TO DETERMINE,NOT APPLICABLE,4100,N,CICERO AVE,1624,,,,,,,2,NO INDICATION OF INJURY,0,0,0,0,0,2,0,11,5,3,41.95525028,-87.74750161,POINT (-87.747501604523 41.955250283297)
4817264578c6ae5231f1bf01c0adcba6a053e654d5ceb3924a327b8ef006e5a54292339321ddb972c9062e5250a7f69e2194b75162db02927507e2e7367bfd54,JF147641,,2/17/2022 16:00,30,STOP SIGN/FLASHER,FUNCTIONING PROPERLY,SNOW,DAYLIGHT,SIDESWIPE OPPOSITE DIRECTION,NOT DIVIDED,,STRAIGHT AND LEVEL,SNOW OR SLUSH,NO DEFECTS,NOT ON SCENE (DESK REPORT),NO INJURY / DRIVE AWAY,Y,,,"$501 - $1,500",2/17/2022 16:20,WEATHER,WEATHER,3555,N,OAK PARK AVE,1632,,,,,,,2,NO INDICATION OF INJURY,0,0,0,0,0,2,0,16,5,2,41.94527688,-87.79583094,POINT (-87.795830938238 41.945276876679)
6e9ecadf48bae2edf46ca91663ad9b00bcbcc119cf4b4b01f1cbcf8d5845b93f09d2744bc998b4b6ff1a4bd4d2eae464e821a36482102be87d7c189409021bc0,JE385894,,9/24/2021 15:44,30,TRAFFIC SIGNAL,FUNCTIONING PROPERLY,CLEAR,DAYLIGHT,REAR END,NOT DIVIDED,,STRAIGHT AND LEVEL,DRY,NO DEFECTS,,INJURY AND / OR TOW DUE TO CRASH,Y,,,"$501 - $1,500",9/24/2021 16:15,FOLLOWING TOO CLOSELY,NOT APPLICABLE,1415,N,KOSTNER AVE,2534,,,,,,,3,"REPORTED, NOT EVIDENT",1,0,0,0,1,3,0,15,6,9,41.90662029,-87.73610598,POINT (-87.736105977427 41.906620288164)
a711e6390be81149b4543ff180ce0324f61038e2bae738f1787f8aeb75d328ce300f60793e234998b635f8019dce1b720edc84f59f90b9bb2c8e29b4efd30be8,JE270990,N,6/18/2021 16:30,15,NO CONTROLS,NO CONTROLS,CLEAR,DAYLIGHT,REAR TO FRONT,ALLEY,,STRAIGHT AND LEVEL,DRY,NO DEFECTS,,NO INJURY / DRIVE AWAY,,,,"OVER $1,500",6/18/2021 19:30,IMPROPER BACKING,UNABLE TO DETERMINE,1544,N,HARDING AVE,2535,,,,,,,2,NO INDICATION OF INJURY,0,0,0,0,0,4,0,16,6,6,41.90945709,-87.72543572,POINT (-87.725435715786 41.909457087495)
4564b6c9dbf5cb96ad358e37eabc3b991f666979ab29e7e9bb671f4ee508cba9f0b6c9f736cb5a4fa68975f403683a446d1c43efd97c3cf99fcb5069bd4935fb,JF155502,,2/24/2022 15:10,30,TRAFFIC SIGNAL,FUNCTIONING PROPERLY,SNOW,DAYLIGHT,PEDESTRIAN,NOT DIVIDED,,STRAIGHT AND LEVEL,SNOW OR SLUSH,NO DEFECTS,NOT ON SCENE (DESK REPORT),INJURY AND / OR TOW DUE TO CRASH,,,Y,"OVER $1,500",2/25/2022 10:45,FAILING TO YIELD RIGHT-OF-WAY,FAILING TO REDUCE SPEED TO AVOID CRASH,3199,N,HARLEM AVE,2511,,,,,,,2,NONINCAPACITATING INJURY,1,0,0,1,0,1,0,15,5,2,41.9379174,-87.80659717,POINT (-87.806597164974 41.937917397564)
a741dbfed3236395b0f983c8ca2c489f84e63e34afa4bdd91fa719b25e10f5a2a640b0fc5a3d51ed3989811153f67bf06ebb759d42e077d728f411bf29b9407d,JF169839,,3/10/2022 21:08,30,TRAFFIC SIGNAL,FUNCTIONING PROPERLY,SNOW,"DARKNESS, LIGHTED ROAD",ANGLE,NOT DIVIDED,,STRAIGHT AND LEVEL,WET,UNKNOWN,ON SCENE,NO INJURY / DRIVE AWAY,Y,,Y,"OVER $1,500",3/10/2022 21:08,DISREGARDING TRAFFIC SIGNALS,UNABLE TO DETERMINE,2359,W,PERSHING RD,921,,,,,,,2,NO INDICATION OF INJURY,0,0,0,0,0,2,0,21,5,3,41.82288427,-87.68490015,POINT (-87.684900146152 41.822884269504)
743663c49cd37e5259732587836f94d77d09752dce387cb6f07b38bea5574b49e38c589644d97b0820bc00e925c98ce57582462dbbecb5d2704fb4d98a78cad3,JF162517,,3/3/2022 18:00,30,NO CONTROLS,NO CONTROLS,CLEAR,"DARKNESS, LIGHTED ROAD",PARKED MOTOR VEHICLE,UNKNOWN,,STRAIGHT AND LEVEL,DRY,NO DEFECTS,NOT ON SCENE (DESK REPORT),NO INJURY / DRIVE AWAY,,,Y,"OVER $1,500",3/3/2022 23:00,UNABLE TO DETERMINE,UNABLE TO DETERMINE,1448,W,CHESTNUT ST,1213,,,,,,,2,NO INDICATION OF INJURY,0,0,0,0,0,1,0,18,5,3,41.89804799,-87.66435723,POINT (-87.664357234432 41.898047988385)
458d1b8b3a24bba42f97189982f565e4d8f841d9db256fe4b3caa4d98e30d284d4a403e8f4a1124b905b1bfa51b3b5cfbafc6621685bde9623898881224a9e49,JF154606,,2/24/2022 11:15,30,TRAFFIC SIGNAL,UNKNOWN,UNKNOWN,UNKNOWN,REAR END,NOT DIVIDED,,STRAIGHT AND LEVEL,UNKNOWN,UNKNOWN,NOT ON SCENE (DESK REPORT),NO INJURY / DRIVE AWAY,Y,,,"$501 - $1,500",2/24/2022 12:30,FOLLOWING TOO CLOSELY,UNABLE TO DETERMINE,6301,S,HARLEM AVE,812,,,,,,,2,NO INDICATION OF INJURY,0,0,0,0,0,2,0,11,5,2,41.77726177,-87.80074963,POINT (-87.800749629191 41.77726177253)
45a0ff586009689981e2d1f82b85eaa62e1e47cfc2a65892764c957590bc6b9c5b03da27aa11b19fca7a39b623d7b1603c50f65f2314df7d0ef4a9488f7cad47,JF155935,,2/24/2022 7:30,30,TRAFFIC SIGNAL,FUNCTIONING PROPERLY,CLEAR,DAYLIGHT,REAR END,Y-INTERSECTION,,STRAIGHT AND LEVEL,DRY,NO DEFECTS,NOT ON SCENE (DESK REPORT),NO INJURY / DRIVE AWAY,,,,"OVER $1,500",2/25/2022 16:55,EQUIPMENT - VEHICLE CONDITION,WEATHER,8501,S,HALSTED ST,622,,,,,,,2,NO INDICATION OF INJURY,0,0,0,0,0,2,0,7,5,2,41.73966504,-87.64357788,POINT (-87.643577874916 41.739665040705)
48729813bf9edc11d3b731410340af77bed6c11ea6e102ad5d30167f02a02d00ffeedb7d91268e368f921ada31536d502fdb287d9d8c4337c0f592e7d5526aa9,JF147583,,2/17/2022 15:11,30,TRAFFIC SIGNAL,FUNCTIONING PROPERLY,SNOW,DAYLIGHT,REAR END,DIVIDED - W/MEDIAN (NOT RAISED),,STRAIGHT AND LEVEL,SNOW OR SLUSH,UNKNOWN,NOT ON SCENE (DESK REPORT),NO INJURY / DRIVE AWAY,,,Y,"OVER $1,500",2/17/2022 15:40,UNABLE TO DETERMINE,UNABLE TO DETERMINE,2158,W,OGDEN AVE,1225,,,,,,,3,NO INDICATION OF INJURY,0,0,0,0,0,4,0,15,5,2,41.86941423,-87.68061966,POINT (-87.680619659968 41.869414228618)
a76385e87d4c72f9b82fb95e0759005d45d39b9b4dda3655f161028cecbc23f28aeea991952ca10c85205d794bce6ffd01aa6cf6af89cc1b39d852a8bee95d5d,JF169704,,3/10/2022 18:24,30,STOP SIGN/FLASHER,FUNCTIONING PROPERLY,SNOW,"DARKNESS, LIGHTED ROAD",ANGLE,NOT DIVIDED,,STRAIGHT AND LEVEL,WET,NO DEFECTS,ON SCENE,INJURY AND / OR TOW DUE TO CRASH,Y,,,"OVER $1,500",3/10/2022 18:25,FAILING TO YIELD RIGHT-OF-WAY,NOT APPLICABLE,4659,W,MADISON ST,1113,,,,,,,2,NONINCAPACITATING INJURY,2,0,0,2,0,2,0,18,5,3,41.8804176,-87.74271644,POINT (-87.742716435109 41.880417602363)
87fc735685c30d1e4d8a661a4429b33e2fec1f27ed1195079c59fe67e96c296b4dfd3ec62ea5152547f8a41115e12b5b25381f94a017e7e3c4ed4a6611f53a59,JF183903,,3/23/2022 13:15,30,NO CONTROLS,NO CONTROLS,RAIN,DAYLIGHT,TURNING,NOT DIVIDED,,STRAIGHT AND LEVEL,WET,NO DEFECTS,ON SCENE,INJURY AND / OR TOW DUE TO CRASH,,,,"OVER $1,500",3/23/2022 13:18,IMPROPER TURNING/NO SIGNAL,WEATHER,5642,S,RACINE AVE,713,,,,,,,3,NO INDICATION OF INJURY,0,0,0,0,0,2,0,13,4,3,41.79106458,-87.6549412,POINT (-87.654941200563 41.791064582268)
a82eda22307c97b2e8e476ee45e75076b495f39ca463f32d1e605ed7f6bede4b4cc890bca4dda5cfdaceeebccfd06bd9d5aec12b8dbdb3ca575d278103863e6f,JF169385,,3/10/2022 13:35,25,NO CONTROLS,NO CONTROLS,CLEAR,DAYLIGHT,REAR TO FRONT,ONE-WAY,,STRAIGHT AND LEVEL,DRY,NO DEFECTS,NOT ON SCENE (DESK REPORT),NO INJURY / DRIVE AWAY,,,,"OVER $1,500",3/10/2022 13:55,UNABLE TO DETERMINE,UNABLE TO DETERMINE,625,S,KILPATRICK AVE,1131,,,,,,,2,NO INDICATION OF INJURY,0,0,0,0,0,2,0,13,5,3,41.87235642,-87.74238782,POINT (-87.742387816683 41.872356422898)
7538e09a5e90a2ffd670bb929afda156934ff69134c1d6be46c8f6c140bf1dbd9436d65dc23fa1c7242fb2533cf7b326a7b9438cffb0add0a76a9250ca8fc2a6,JF161758,,3/3/2022 8:30,30,NO CONTROLS,NO CONTROLS,CLEAR,DAYLIGHT,REAR END,NOT DIVIDED,,STRAIGHT AND LEVEL,DRY,NO DEFECTS,NOT ON SCENE (DESK REPORT),NO INJURY / DRIVE AWAY,,,,$500 OR LESS,3/3/2022 10:25,FOLLOWING TOO CLOSELY,UNABLE TO DETERMINE,632,W,87TH ST,622,,,,,,,2,NO INDICATION OF INJURY,0,0,0,0,0,2,0,8,5,3,41.73626561,-87.64003272,POINT (-87.640032719881 41.736265607334)
46a8fd1b7d5e4e73c3b001c86e79c388b321d949e1d61b8a02075eed07dfe335906c21b41e9e82f46de419535fcb556258ceb5420e189bd3ee872709d01d4323,JF155121,,2/24/2022 20:56,30,STOP SIGN/FLASHER,FUNCTIONING PROPERLY,SNOW,"DARKNESS, LIGHTED ROAD",ANGLE,FOUR WAY,,STRAIGHT AND LEVEL,SNOW OR SLUSH,NO DEFECTS,ON SCENE,INJURY AND / OR TOW DUE TO CRASH,Y,,,"OVER $1,500",2/24/2022 20:56,DISREGARDING STOP SIGN,WEATHER,29,W,HARRISON ST,123,,,,,,,2,NO INDICATION OF INJURY,0,0,0,0,0,2,0,20,5,2,41.87443511,-87.62870937,POINT (-87.628709370856 41.874435106324)
704fc7a69a1de96a342860d45042831e571d14c6c1c9d139b1ee96bfa3707811496f0b67377aa95989d2e94387cbb17c3d4009cbbb7eca9f6c54189cbe0978a9,JF177403,,3/17/2022 17:00,30,TRAFFIC SIGNAL,FUNCTIONING PROPERLY,CLEAR,DAYLIGHT,REAR END,NOT DIVIDED,,STRAIGHT AND LEVEL,DRY,NO DEFECTS,NOT ON SCENE (DESK REPORT),NO INJURY / DRIVE AWAY,,,Y,"OVER $1,500",3/17/2022 17:25,UNABLE TO DETERMINE,NOT APPLICABLE,3119,N,KEDZIE AVE,1411,,,,,,,4,NO INDICATION OF INJURY,0,0,0,0,0,4,0,17,5,3,41.93809248,-87.70745756,POINT (-87.707457557192 41.938092480514)
7062ca1f674413495439fa77e44fa4446cdf9e867b3d318c99d885cd10074375e52efcb2dae16afee78c54a103b2d33306829922f54aa6626c30eade0fdcf6a5,JF176657,,3/17/2022 7:18,30,STOP SIGN/FLASHER,FUNCTIONING PROPERLY,CLEAR,DAYLIGHT,PEDALCYCLIST,T-INTERSECTION,,STRAIGHT AND LEVEL,DRY,NO DEFECTS,ON SCENE,INJURY AND / OR TOW DUE TO CRASH,Y,,,"OVER $1,500",3/17/2022 7:20,FAILING TO YIELD RIGHT-OF-WAY,UNABLE TO DETERMINE,5501,S,ALBANY AVE,824,,,,,,,2,NONINCAPACITATING INJURY,1,0,0,1,0,1,0,7,5,3,41.79346992,-87.70096978,POINT (-87.700969777741 41.793469922756)
a93698c6d5e003966a97868100ac94702c6544a6d49d30e227435df48b343338a94843317c8e1a0f164cb418d3c5c741ca8f218f9a6d0629d644d5bc41d06bb1,JF169701,N,3/10/2022 17:30,30,STOP SIGN/FLASHER,FUNCTIONING PROPERLY,CLEAR,"DARKNESS, LIGHTED ROAD",ANGLE,FOUR WAY,,STRAIGHT AND LEVEL,DRY,NO DEFECTS,ON SCENE,NO INJURY / DRIVE AWAY,Y,,Y,"$501 - $1,500",3/10/2022 18:22,UNABLE TO DETERMINE,UNABLE TO DETERMINE,4400,W,MAYPOLE AVE,1113,,,,,,,2,NO INDICATION OF INJURY,0,0,0,0,0,2,0,17,5,3,41.88467431,-87.73566785,POINT (-87.735667845301 41.884674305515)