CRASH_RECORD_ID,RD_NO,CRASH_DATE_EST_I,CRASH_DATE,POSTED_SPEED_LIMIT,TRAFFIC_CONTROL_DEVICE,DEVICE_CONDITION,WEATHER_CONDITION,LIGHTING_CONDITION,FIRST_CRASH_TYPE,TRAFFICWAY_TYPE,LANE_CNT,ALIGNMENT,ROADWAY_SURFACE_COND,ROAD_DEFECT,REPORT_TYPE,CRASH_TYPE,INTERSECTION_RELATED_I,NOT_RIGHT_OF_WAY_I,HIT_AND_RUN_I,DAMAGE,DATE_POLICE_NOTIFIED,PRIM_CONTRIBUTORY_CAUSE,SEC_CONTRIBUTORY_CAUSE,STREET_NO,STREET_DIRECTION,STREET_NAME,BEAT_OF_OCCURRENCE,PHOTOS_TAKEN_I,STATEMENTS_TAKEN_I,DOORING_I,WORK_ZONE_I,WORK_ZONE_TYPE,WORKERS_PRESENT_I,NUM_UNITS,MOST_SEVERE_INJURY,INJURIES_TOTAL,INJURIES_FATAL,INJURIES_INCAPACITATING,INJURIES_NON_INCAPACITATING,INJURIES_REPORTED_NOT_EVIDENT,INJURIES_NO_INDICATION,INJURIES_UNKNOWN,CRASH_HOUR,CRASH_DAY_OF_WEEK,CRASH_MONTH,LATITUDE,LONGITUDE,LOCATION
7c9a5212b0352c7ecf6140235a882e9c08e491fb3b6e077b5c4294732f4890ac64bf39eda7944aeacf2f123ec8bc4629c324ba9e6f3986c8db823f17bfbc60af,JF162485,,3/3/2022 21:30,35,TRAFFIC SIGNAL,UNKNOWN,CLEAR,"DARKNESS, LIGHTED ROAD",REAR END,DIVIDED - W/MEDIAN (NOT RAISED),,STRAIGHT AND LEVEL,DRY,NO DEFECTS,NOT ON SCENE (DESK REPORT),NO INJURY / DRIVE AWAY,,,,"OVER $1,500",3/3/2022 22:15,UNABLE TO DETERMINE,NOT APPLICABLE,4015,W,LAWRENCE AVE,1722,,,,,,,2,NO INDICATION OF INJURY,0,0,0,0,0,2,0,21,5,3,41.96812477,-87.72868482,POINT (-87.728684823839 41.968124768854)
9080c61e8681d5bbfd4661334f12497486befdf72017d7de4b5c3d19c9a649fba0b98b602a33414579cf25988b8b2f519dbd5772b2379a71f8c1972c4d632d7f,JF183326,,3/23/2022 0:14,30,NO CONTROLS,NO CONTROLS,RAIN,"DARKNESS, LIGHTED ROAD",PARKED MOTOR VEHICLE,NOT DIVIDED,,STRAIGHT AND LEVEL,WET,UNKNOWN,ON SCENE,INJURY AND / OR TOW DUE TO CRASH,,,,"OVER $1,500",3/23/2022 0:14,EQUIPMENT - VEHICLE CONDITION,NOT APPLICABLE,1330,W,76TH ST,612,,,,,,,3,NO INDICATION OF INJURY,0,0,0,0,0,1,0,0,4,3,41.7560185,-87.65765257,POINT (-87.65765256948 41.756018503121)
b0f32a90948f9da7883f36d1bd1a75746ee57e035363f0ea7286f8812c8dd1504a6247543811a8e24923a8bc698a33a76210e22030cbb50d05ecc5e369ca09ee,JF185691,,3/25/2022 2:35,30,UNKNOWN,UNKNOWN,CLEAR,DARKNESS,REAR END,NOT DIVIDED,,STRAIGHT AND LEVEL,WET,NO DEFECTS,ON SCENE,INJURY AND / OR TOW DUE TO CRASH,,,,"OVER $1,500",3/25/2022 2:42,DISREGARDING TRAFFIC SIGNALS,NOT APPLICABLE,3401,W,LAWRENCE AVE,1723,,,,,,,2,NO INDICATION OF INJURY,0,0,0,0,0,2,0,2,6,3,41.96829062,-87.71342283,POINT (-87.713422828481 41.968290622554)
512f7e1b41ddf9cb095665387250b2966438c656ffa77d4c004bcec0009a0c6f5b079a297a70f0612960fa8580f9b9c8822dee2016abfaa59ea74afa50a537f7,JF152520,,2/17/2022 16:30,30,TRAFFIC SIGNAL,UNKNOWN,SNOW,DAWN,REAR END,NOT DIVIDED,,STRAIGHT AND LEVEL,SNOW OR SLUSH,UNKNOWN,NOT ON SCENE (DESK REPORT),NO INJURY / DRIVE AWAY,Y,,,"OVER $1,500",2/22/2022 14:22,UNABLE TO DETERMINE,UNABLE TO DETERMINE,630,W,RANDOLPH ST,121,,,,,,,2,NO INDICATION OF INJURY,0,0,0,0,0,6,0,16,5,2,41.88453804,-87.64413275,POINT (-87.644132746185 41.884538042597)
514ab8501a58496845f5468100064d887ebbf6d71c169fade676eaea138f7f7044ea7c137a0f75273e03af50fa3a1251770ab77995baba740b8613143e748f67,JF148457,,2/17/2022 15:00,30,NO CONTROLS,NO CONTROLS,SNOW,DAYLIGHT,PARKED MOTOR VEHICLE,ONE-WAY,,STRAIGHT AND LEVEL,SNOW OR SLUSH,NO DEFECTS,NOT ON SCENE (DESK REPORT),NO INJURY / DRIVE AWAY,,,Y,"OVER $1,500",2/18/2022 12:20,UNABLE TO DETERMINE,UNABLE TO DETERMINE,6254,N,BELL AVE,2413,,,,,,,2,NO INDICATION OF INJURY,0,0,0,0,0,1,0,15,5,2,41.99580913,-87.68629611,POINT (-87.686296109357 41.995809124594)
515663a1055b6b977b7bb056cc7bbe2f0ddcdb923aad98defb2fa596e76c65e46a550529a6642cbded4759a16fd4ab31581ead7b33a91df5244cd8aeb6b66faa,JF147624,,2/17/2022 15:57,30,TRAFFIC SIGNAL,FUNCTIONING PROPERLY,SNOW,DUSK,TURNING,NOT DIVIDED,,STRAIGHT AND LEVEL,SNOW OR SLUSH,UNKNOWN,ON SCENE,INJURY AND / OR TOW DUE TO CRASH,,,,"$501 - $1,500",2/17/2022 16:02,WEATHER,NOT APPLICABLE,600,S,FINANCIAL PL,123,,,,,,,2,NO INDICATION OF INJURY,0,0,0,0,0,2,0,15,5,2,41.87443286,-87.63276417,POINT (-87.632764166628 41.874432863358)
90d525953c8ab804bfde7562b1c46c35e5bb3e54369ca5a64dd5d0ffd65b496f990756584a1557ff171dfff2410ce61dc7c6606b2a787789947e7c8a71e6038f,JF184456,,3/23/2022 22:45,10,NO CONTROLS,NO CONTROLS,CLEAR,"DARKNESS, LIGHTED ROAD",PEDESTRIAN,DRIVEWAY,,STRAIGHT AND LEVEL,WET,NO DEFECTS,ON SCENE,INJURY AND / OR TOW DUE TO CRASH,,,Y,$500 OR LESS,3/23/2022 22:51,IMPROPER BACKING,UNABLE TO DETERMINE,220,E,ILLINOIS ST,1834,,,,,,,2,NONINCAPACITATING INJURY,1,0,0,1,0,1,0,22,4,3,41.89108594,-87.62170381,POINT (-87.621703811899 41.891085941719)
51ca2ec1f9ee1e9ce8d4251c4f3c7ad85a3ff9fcdb706082d9ec482d5f19cf4f2f0663d6f44839be10c00b4ae84fa88a7ce050fb81e998c092852c640d8f278d,JF147599,,2/17/2022 15:42,30,TRAFFIC SIGNAL,FUNCTIONING PROPERLY,SNOW,DAYLIGHT,REAR END,ONE-WAY,,STRAIGHT AND LEVEL,SNOW OR SLUSH,NO DEFECTS,ON SCENE,NO INJURY / DRIVE AWAY,Y,,Y,"OVER $1,500",2/17/2022 16:02,FAILING TO REDUCE SPEED TO AVOID CRASH,NOT APPLICABLE,5700,S,WENTWORTH AVE,232,,,,,,,2,NO INDICATION OF INJURY,0,0,0,0,0,2,0,15,5,2,,,
9138caa28c61db3d06e21488f794c6b3f8a5ef6d767e5d6ff9c9fb34a7375e69fdcaa472d37d36af4a0ccbf61dd54a639824e11eb1633c93304f79db54adeb5e,JF183461,,3/23/2022 7:40,30,NO CONTROLS,NO CONTROLS,RAIN,DAYLIGHT,PARKED MOTOR VEHICLE,ONE-WAY,,STRAIGHT AND LEVEL,WET,NO DEFECTS,ON SCENE,NO INJURY / DRIVE AWAY,,,,$500 OR LESS,3/23/2022 7:45,NOT APPLICABLE,NOT APPLICABLE,3340,N,MARSHFIELD AVE,1922,,,,,,,2,NO INDICATION OF INJURY,0,0,0,0,0,1,0,7,4,3,41.94264218,-87.67011063,POINT (-87.670110633949 41.942642181682)
5250f1211325353cc4b8fe13d33c153697738e704b9b04e16579937f61ccb9545beb7101e2af3fee4518b50a8cadfb2c174c2536cf6059d808f7b2a46d8dd7f2,JF148248,,2/17/2022 13:00,30,NO CONTROLS,NO CONTROLS,SNOW,DAYLIGHT,PARKED MOTOR VEHICLE,NOT DIVIDED,,STRAIGHT AND LEVEL,DRY,NO DEFECTS,NOT ON SCENE (DESK REPORT),NO INJURY / DRIVE AWAY,,Y,,"$501 - $1,500",2/18/2022 9:03,IMPROPER BACKING,NOT APPLICABLE,1711,S,NEWBERRY AVE,1235,,,,,,,2,NO INDICATION OF INJURY,0,0,0,0,0,1,0,13,5,2,41.85869108,-87.64749329,POINT (-87.647493291705 41.858691077992)
525ebd816f125c70cabcf1b90be0db3f74e8fa9f614104715b0a20535ef613528a19c317613fdef9c21952ae720a1eb5f44c092146b9d02975ae3ec17f94cee8,JF147666,,2/17/2022 15:45,30,STOP SIGN/FLASHER,FUNCTIONING PROPERLY,SNOW,DAYLIGHT,TURNING,FOUR WAY,,STRAIGHT AND LEVEL,WET,NO DEFECTS,ON SCENE,INJURY AND / OR TOW DUE TO CRASH,Y,,,"OVER $1,500",2/17/2022 16:18,FAILING TO YIELD RIGHT-OF-WAY,WEATHER,3330,W,47TH ST,821,,,,,,,2,"REPORTED, NOT EVIDENT",1,0,0,0,1,1,0,15,5,2,41.80818324,-87.70770843,POINT (-87.707708432816 41.808183239004)
527f88ff69a2e59c425e97a30845111d5730a71fda5fa98df58f6b7d4ba320dc1f1d3089ddbfa566844d0cac3b2aa7e228b23b156904615fe0d49b36057565ad,JF147806,,2/17/2022 8:15,30,NO CONTROLS,NO CONTROLS,CLEAR,DAYLIGHT,TURNING,NOT DIVIDED,,STRAIGHT AND LEVEL,DRY,NO DEFECTS,NOT ON SCENE (DESK REPORT),NO INJURY / DRIVE AWAY,,,,"$501 - $1,500",2/17/2022 18:02,NOT APPLICABLE,NOT APPLICABLE,4000,W,MARQUETTE RD,833,,,,,,,2,NO INDICATION OF INJURY,0,0,0,0,0,3,0,8,5,2,41.77148278,-87.72263984,POINT (-87.722639835183 41.771482784393)
4db496254067d4270e972804251c93a0abd23d16627b4737f02e557a5ecd34bd29ef5c6393e8d078578bbf69557866ca75d24d1e92bddaedfb6d4effcbf35413,JF155989,,2/24/2022 10:00,30,STOP SIGN/FLASHER,OTHER,CLEAR,DAYLIGHT,REAR END,NOT DIVIDED,,STRAIGHT AND LEVEL,DRY,NO DEFECTS,NOT ON SCENE (DESK REPORT),NO INJURY / DRIVE AWAY,,,,"$501 - $1,500",2/25/2022 17:50,UNABLE TO DETERMINE,NOT APPLICABLE,1126,W,LAKE ST,1214,,,,,,,2,NO INDICATION OF INJURY,0,0,0,0,0,2,0,10,5,2,41.88563524,-87.65558648,POINT (-87.655586483423 41.885635237638)
7c132cd66d07d8aadbb7a388a489cd6f2fb48d1e7a3780ef2bbc5a4f85ad6c361b7cb85af4e0751e6ac2f1b723f6e5da482e9ded4416c35d8e09ba46510431df,JE463763,Y,12/2/2021 15:00,30,STOP SIGN/FLASHER,FUNCTIONING PROPERLY,CLEAR,DAYLIGHT,ANGLE,FOUR WAY,,STRAIGHT AND LEVEL,DRY,NO DEFECTS,,INJURY AND / OR TOW DUE TO CRASH,Y,,,"OVER $1,500",12/2/2021 16:00,FAILING TO YIELD RIGHT-OF-WAY,NOT APPLICABLE,200,N,CICERO AVE,1532,,,,,,,2,NO INDICATION OF INJURY,0,0,0,0,0,2,0,15,5,12,41.8844735,-87.74557079,POINT (-87.745570786944 41.884473499553)
7c206c573c6357b0613448d0f40f5dc3988be43d63fbb15987449991f23a533891b3708983037485404c3a9d526ffb9d1ea96ad7e6d33ccc6249ec8a54be353f,JF165688,,3/7/2022 1:50,35,NO CONTROLS,NO CONTROLS,FREEZING RAIN/DRIZZLE,"DARKNESS, LIGHTED ROAD",FIXED OBJECT,ONE-WAY,,STRAIGHT AND LEVEL,WET,NO DEFECTS,,INJURY AND / OR TOW DUE TO CRASH,,,,"OVER $1,500",3/7/2022 1:55,FAILING TO REDUCE SPEED TO AVOID CRASH,NOT APPLICABLE,8640,S,LAFAYETTE AVE,622,N,,,,,,2,NONINCAPACITATING INJURY,1,0,0,1,0,0,0,1,2,3,41.73687017,-87.62560729,POINT (-87.62560729062 41.736870166364)
7f0f216a5b87f53ec3aeb1bd524113b4d1a60c297222d2d69b32c434dab325b51aa76c5153e7bc51089094c4e93f69ae10b57d1ed7cfc3b7b05058508e9f56c4,JF162349,,3/3/2022 18:41,30,TRAFFIC SIGNAL,FUNCTIONING PROPERLY,CLEAR,DARKNESS,TURNING,NOT DIVIDED,,STRAIGHT AND LEVEL,DRY,NO DEFECTS,ON SCENE,NO INJURY / DRIVE AWAY,Y,,,"$501 - $1,500",3/3/2022 18:59,FAILING TO YIELD RIGHT-OF-WAY,NOT APPLICABLE,6201,N,SHERIDAN RD,2433,,,,,,,2,NO INDICATION OF INJURY,0,0,0,0,0,2,0,18,5,3,41.99469169,-87.65538033,POINT (-87.655380332415 41.994691687667)
4ec383c70ea733dc96778a436a7757ec5d20e9f3b1316ef70db2875d7df5e78440b3161a636afb5e063b09108c9967d6fcf74d74bfe298a48b04f2a783d590b1,JF155135,,2/24/2022 16:52,30,STOP SIGN/FLASHER,FUNCTIONING PROPERLY,SNOW,"DARKNESS, LIGHTED ROAD",REAR END,NOT DIVIDED,,STRAIGHT AND LEVEL,SNOW OR SLUSH,NO DEFECTS,NOT ON SCENE (DESK REPORT),NO INJURY / DRIVE AWAY,Y,,,"$501 - $1,500",2/24/2022 21:20,FOLLOWING TOO CLOSELY,NOT APPLICABLE,5909,N,KIMBALL AVE,1711,,,,,,,2,NO INDICATION OF INJURY,0,0,0,0,0,2,0,16,5,2,41.98878495,-87.71378669,POINT (-87.713786691882 41.988784953866)
4ec4e0e1358558a498747a44dbcf547e270eb0d9722f07b9d782777ff87de6e6241d5aa78491c27f806a818dc7d8a1850e56e17fa2f34fc5a23bb7d16ee85762,JF155746,,2/24/2022 19:45,35,UNKNOWN,UNKNOWN,CLEAR,DAYLIGHT,REAR END,NOT DIVIDED,,STRAIGHT AND LEVEL,DRY,NO DEFECTS,NOT ON SCENE (DESK REPORT),NO INJURY / DRIVE AWAY,,,,"$501 - $1,500",2/25/2022 14:20,UNABLE TO DETERMINE,NOT APPLICABLE,4240,S,WENTWORTH AVE,925,,,,,,,2,NO INDICATION OF INJURY,0,0,0,0,0,2,0,19,5,2,41.8170421,-87.63136993,POINT (-87.631369930642 41.817042094932)
7ffc06ddaeae627111e78af626c6648ab65d477c8a062acc81e354361e30834134b3a38b479e5a72203a839a817f59f6452e3a113690fbcbd0445aef0b3c1e49,JF161626,,3/3/2022 7:39,30,NO CONTROLS,NO CONTROLS,CLEAR,DAYLIGHT,PARKED MOTOR VEHICLE,NOT DIVIDED,,STRAIGHT AND LEVEL,DRY,NO DEFECTS,ON SCENE,NO INJURY / DRIVE AWAY,,,,"$501 - $1,500",3/3/2022 7:39,UNABLE TO DETERMINE,UNABLE TO DETERMINE,7359,S,ASHLAND AVE,734,,,,,,,2,NO INDICATION OF INJURY,0,0,0,0,0,4,0,7,5,3,41.75950025,-87.66349421,POINT (-87.663494214476 41.759500245093)
4f08f39b6e7462404ea39cc2c0c8f134ee28ab91e2d2b726a8dd4290b1f5778ed221eaf7e231a2c9a67a0f8b095f5ad2dbf62041c1198c1b26823247a38beb3f,JF154820,,2/24/2022 15:31,30,TRAFFIC SIGNAL,FUNCTIONING PROPERLY,SNOW,DAYLIGHT,SIDESWIPE SAME DIRECTION,NOT DIVIDED,,STRAIGHT AND LEVEL,SNOW OR SLUSH,NO DEFECTS,NOT ON SCENE (DESK REPORT),NO INJURY / DRIVE AWAY,,,Y,"$501 - $1,500",2/24/2022 16:10,UNABLE TO DETERMINE,NOT APPLICABLE,8401,W,BRYN MAWR AVE,1614,,,,,,,2,NO INDICATION OF INJURY,0,0,0,0,0,3,0,15,5,2,41.97943132,-87.83663579,POINT (-87.83663578865 41.979431319308)
91bc693697783b71c6a20b98752bdf93abfbf7084f088902e16eca21b13fdda95f10375e03de2e4656adedaef1109c4c2530d20903cfbd84a1f708344050798d,JF185207,,3/23/2022 17:05,15,NO CONTROLS,NO CONTROLS,RAIN,DAYLIGHT,FIXED OBJECT,RAMP,,CURVE ON GRADE,WET,NO DEFECTS,ON SCENE,NO INJURY / DRIVE AWAY,,,Y,"OVER $1,500",3/23/2022 17:20,UNABLE TO DETERMINE,UNABLE TO DETERMINE,845,N,MICHIGAN AVE,1833,,,,,,,1,NO INDICATION OF INJURY,0,0,0,0,0,1,0,17,4,3,41.89807992,-87.62394571,POINT (-87.623945705662 41.898079920503)
b2f3752ee4e4a66b502cf185d16f263a7ccce1cf9ae26067724d179844f0a3ab140d2293bf4d2ab7eab700065dbe1f913f1392b443adc4f6359e8ca48f36b1be,JF169651,,3/10/2022 17:49,30,STOP SIGN/FLASHER,FUNCTIONING PROPERLY,SNOW,DAYLIGHT,HEAD ON,ONE-WAY,,STRAIGHT AND LEVEL,SNOW OR SLUSH,NO DEFECTS,ON SCENE,INJURY AND / OR TOW DUE TO CRASH,,,Y,"OVER $1,500",3/10/2022 17:55,DRIVING SKILLS/KNOWLEDGE/EXPERIENCE,DRIVING SKILLS/KNOWLEDGE/EXPERIENCE,1729,E,77TH ST,414,,,,,,,2,NO INDICATION OF INJURY,0,0,0,0,0,2,0,17,5,3,41.75505745,-87.58223443,POINT (-87.582234432628 41.755057453503)
7cc7dc43f14da12d76ba0baf9d54493c43b64de8c84cd259050758778390a5b435f1d703c6c752f705af79a595113f5b6b3f3434ef6678f353d968967645ace8,JF177418,,3/17/2022 16:22,30,TRAFFIC SIGNAL,FUNCTIONING PROPERLY,CLEAR,DAYLIGHT,SIDESWIPE SAME DIRECTION,DIVIDED - W/MEDIAN BARRIER,,STRAIGHT AND LEVEL,DRY,NO DEFECTS,NOT ON SCENE (DESK REPORT),NO INJURY / DRIVE AWAY,,,,"OVER $1,500",3/17/2022 16:30,UNABLE TO DETERMINE,UNABLE TO DETERMINE,6700,S,STONY ISLAND AVE,332,,,,,,,2,NO INDICATION OF INJURY,0,0,0,0,0,5,0,16,5,3,41.7732929,-87.58644237,POINT (-87.586442368314 41.773292895851)
8089f87e6b17eafd57f709b83e14c8b92dd6b5689ec12ff9281d92a70321f941d3e0b78c30c68924e71e70b39ceae9374eadba94f39f7c443a2b2475204e1c72,JF168148,Y,3/3/2022 15:30,30,NO CONTROLS,NO CONTROLS,CLEAR,DAWN,PARKED MOTOR VEHICLE,PARKING LOT,,STRAIGHT AND LEVEL,DRY,NO DEFECTS,NOT ON SCENE (DESK REPORT),NO INJURY / DRIVE AWAY,,,,$500 OR LESS,3/9/2022 11:50,UNABLE TO DETERMINE,UNABLE TO DETERMINE,10909,S,COTTAGE GROVE AVE,513,,,,,,,2,NO INDICATION OF INJURY,0,0,0,0,0,1,0,15,5,3,41.69608665,-87.60894533,POINT (-87.6089453328 41.696086647178)
5382199f159dfcb463086902c4ba0962def56a4cc1626515f0c41adf2b9a3979ea7946e779731a298fab4de70db86e674684e2234f170af63bb03a4d00cb8028,JF148002,,2/17/2022 20:05,30,NO CONTROLS,NO CONTROLS,SNOW,"DARKNESS, LIGHTED ROAD",TURNING,OTHER,,STRAIGHT AND LEVEL,SNOW OR SLUSH,NO DEFECTS,NOT ON SCENE (DESK REPORT),NO INJURY / DRIVE AWAY,,,,"OVER $1,500",2/17/2022 21:15,UNABLE TO DETERMINE,NOT APPLICABLE,8405,W,LAWRENCE AVE,1614,,,,,,,2,NO INDICATION OF INJURY,0,0,0,0,0,2,0,20,5,2,41.96648329,-87.83690231,POINT (-87.83690230854 41.966483293864)
5045ef56d007d7f8b7683046e1c73b253da399edf5ccd206827d992c9d702233273c93f4ee7142d0f14e62e69bb47e5c0350883a742fb7326b55cbe90b3e1101,JF155020,,2/24/2022 18:30,30,STOP SIGN/FLASHER,FUNCTIONING PROPERLY,CLEAR,"DARKNESS, LIGHTED ROAD",TURNING,ONE-WAY,,STRAIGHT AND LEVEL,ICE,NO DEFECTS,NOT ON SCENE (DESK REPORT),NO INJURY / DRIVE AWAY,,,Y,"OVER $1,500",2/24/2022 19:00,UNABLE TO DETERMINE,UNABLE TO DETERMINE,148,S,KENTON AVE,1113,,,,,,,2,NO INDICATION OF INJURY,0,0,0,0,0,2,0,18,5,2,41.8781257,-87.74067262,POINT (-87.74067262143 41.878125698833)
5458ae0de25da086d4edb768695433af3b2cc58d5760e2838a8fb0575c5dd8b2ce25aa75d6a0b906947342584e51605442e875b17dacb6eb6e0ab50db2a8e37d,JF147557,,2/17/2022 15:30,30,STOP SIGN/FLASHER,FUNCTIONING PROPERLY,SNOW,DAYLIGHT,ANGLE,NOT DIVIDED,,STRAIGHT AND LEVEL,SNOW OR SLUSH,NO DEFECTS,NOT ON SCENE (DESK REPORT),NO INJURY / DRIVE AWAY,Y,,,"OVER $1,500",2/17/2022 15:45,UNABLE TO DETERMINE,UNABLE TO DETERMINE,10400,S,AVENUE M,432,,,,,,,2,NO INDICATION OF INJURY,0,0,0,0,0,2,0,15,5,2,41.70630322,-87.53785252,POINT (-87.537852520792 41.706303220965)
80a585db84ab4943226b345fa653470ce30615180b93782c3d812057d4bd5430a3afb8bddbf9c8a66a837a90e48bbfc247f5b499b92812d64d1142dbf967648c,JF162441,,3/3/2022 19:30,30,NO CONTROLS,NO CONTROLS,CLEAR,DAYLIGHT,PARKED MOTOR VEHICLE,NOT DIVIDED,,STRAIGHT AND LEVEL,DRY,NO DEFECTS,NOT ON SCENE (DESK REPORT),NO INJURY / DRIVE AWAY,,,Y,"$501 - $1,500",3/3/2022 21:00,FOLLOWING TOO CLOSELY,FOLLOWING TOO CLOSELY,6313,W,MONTROSE AVE,1624,,,,,,,2,NO INDICATION OF INJURY,0,0,0,0,0,1,0,19,5,3,41.96013398,-87.78496663,POINT (-87.784966631192 41.960133980342)
5491faad00ae7be8bdf95dcc90cc450840ac199f73d5cc08a677284d23bbb3865496f6d6e4428b579a453b48ba4ef07f7e4c8ffb8ac28deeb25171c6bee37cf2,JF147448,,2/17/2022 13:45,50,NO CONTROLS,NO CONTROLS,SNOW,DAYLIGHT,REAR END,DIVIDED - W/MEDIAN BARRIER,,STRAIGHT AND LEVEL,SNOW OR SLUSH,NO DEFECTS,ON SCENE,INJURY AND / OR TOW DUE TO CRASH,,,,"OVER $1,500",2/17/2022 13:50,FOLLOWING TOO CLOSELY,WEATHER,11400,W,IRVING PARK RD,1654,,,,,,,2,NO INDICATION OF INJURY,0,0,0,0,0,2,0,13,5,2,41.95215542,-87.90865339,POINT (-87.908653388378 41.952155414962)
54974fecf1469c76507c02028e0e57c5ada2752824e8524836c51c23124431493ebcde59852fa4eec553b4afb5196e4ec3601ef34eb70cccde29f56ee8691572,JF146982,,2/17/2022 2:25,30,NO CONTROLS,NO CONTROLS,RAIN,"DARKNESS, LIGHTED ROAD",PARKED MOTOR VEHICLE,DIVIDED - W/MEDIAN BARRIER,,STRAIGHT AND LEVEL,WET,NO DEFECTS,,INJURY AND / OR TOW DUE TO CRASH,,,,"OVER $1,500",2/17/2022 2:27,EQUIPMENT - VEHICLE CONDITION,WEATHER,1628,W,IRVING PARK RD,1912,,,,,,,3,NO INDICATION OF INJURY,0,0,0,0,0,1,0,2,5,2,41.95438339,-87.67021962,POINT (-87.670219624409 41.954383391382)
7ceb20e9113a42ddacc2744b60772b328c3993a71118cabac0d756e050fb73cf86f6335820ce5c7fd5a7096e724dec0f33f0a8a44520f39a4c4d61c7873f3a8d,JE334138,,8/11/2021 17:15,30,NO CONTROLS,NO CONTROLS,CLEAR,DAYLIGHT,TURNING,NOT DIVIDED,,STRAIGHT AND LEVEL,DRY,NO DEFECTS,,NO INJURY / DRIVE AWAY,,,,"OVER $1,500",8/11/2021 17:19,IMPROPER TURNING/NO SIGNAL,NOT APPLICABLE,931,W,76TH ST,621,,,,,,,3,NO INDICATION OF INJURY,0,0,0,0,0,6,0,17,4,8,41.75593857,-87.647756,POINT (-87.647755997323 41.755938565799)
926875374f21f70a632de87cd2a8bc43d7f4abad30d51a50a4998dac13a3b93b39c354b0f9d9a184a24815089eaaa6883dd4cfbbdcb195be7c2b31c885701f78,JE279906,,6/26/2021 5:48,30,TRAFFIC SIGNAL,FUNCTIONING PROPERLY,RAIN,DAYLIGHT,REAR END,DIVIDED - W/MEDIAN (NOT RAISED),,STRAIGHT AND LEVEL,WET,NO DEFECTS,,INJURY AND / OR TOW DUE TO CRASH,,,,"OVER $1,500",6/26/2021 8:30,FOLLOWING TOO CLOSELY,UNABLE TO DETERMINE,134,N,CICERO AVE,1532,,,,,,,3,"REPORTED, NOT EVIDENT",2,0,0,0,2,2,0,5,7,6,41.88299576,-87.74551779,POINT (-87.745517786886 41.882995754616)
5510dbeb033f5e6edefaf3c78c44fcedcb532c5c7c6723a7c94ee92bcd49ea4c869f795e177fe3a72a1b820c68402f785a666265afb1b3cf4fc9c4e563d31e4b,JF147538,,2/17/2022 15:05,30,TRAFFIC SIGNAL,FUNCTIONING PROPERLY,SNOW,DAYLIGHT,REAR END,DIVIDED - W/MEDIAN (NOT RAISED),,STRAIGHT AND LEVEL,SNOW OR SLUSH,NO DEFECTS,NOT ON SCENE (DESK REPORT),NO INJURY / DRIVE AWAY,,,Y,"OVER $1,500",2/17/2022 15:25,FOLLOWING TOO CLOSELY,UNABLE TO DETERMINE,10909,S,WESTERN AVE,2212,,,,,,,2,NO INDICATION OF INJURY,0,0,0,0,0,3,0,15,5,2,41.69511298,-87.68111545,POINT (-87.68111544788 41.695112981253)
7e43d38b5740421f3c36ff0f76cfa864a5fa4c9c74479e0da228b83b0f8a0da6170aa9414f3d69b69599a1daecb1bff35bb372332ee8e456aaf9ce19c1d6e831,JF177296,,3/17/2022 15:50,30,TRAFFIC SIGNAL,FUNCTIONING PROPERLY,CLEAR,DAYLIGHT,SIDESWIPE SAME DIRECTION,NOT DIVIDED,,STRAIGHT AND LEVEL,DRY,NO DEFECTS,ON SCENE,INJURY AND / OR TOW DUE TO CRASH,,,,"OVER $1,500",3/17/2022 15:53,FAILING TO REDUCE SPEED TO AVOID CRASH,FAILING TO REDUCE SPEED TO AVOID CRASH,1000,W,HOLLYWOOD AVE,2022,,,,,,,4,NO INDICATION OF INJURY,0,0,0,0,0,5,0,15,5,3,41.9856498,-87.65533581,POINT (-87.655335806551 41.985649798593)
553494028397bfd10d698c4ebee6b07180c16b4da2ecf0dd09da9a707eedb2e8a55a8cf8c3e0c699fe89f2772cdd16cfb34274a98a8c4a7da3d915eba8a86eee,JF148414,,2/17/2022 16:00,30,NO CONTROLS,NO CONTROLS,SNOW,DAYLIGHT,PARKED MOTOR VEHICLE,NOT DIVIDED,,STRAIGHT AND LEVEL,SNOW OR SLUSH,NO DEFECTS,NOT ON SCENE (DESK REPORT),NO INJURY / DRIVE AWAY,,,,"OVER $1,500",2/18/2022 11:40,WEATHER,UNABLE TO DETERMINE,3925,W,NORTH AVE,2535,,,,,,,2,NO INDICATION OF INJURY,0,0,0,0,0,3,0,16,5,2,41.9097909,-87.72520294,POINT (-87.725202934612 41.909790902388)
557f0c0816e778e323458559b38b6f9087e4807dec8513e6a7568cf387b9db668e2f7ad0af6e1646d003afd848c8394279a3916f3b276f593e5352be4d69586b,JF147596,,2/17/2022 15:05,30,STOP SIGN/FLASHER,OTHER,SNOW,DAYLIGHT,ANGLE,OTHER,,STRAIGHT AND LEVEL,SNOW OR SLUSH,NO DEFECTS,ON SCENE,INJURY AND / OR TOW DUE TO CRASH,,,,"OVER $1,500",2/17/2022 15:41,UNABLE TO DETERMINE,NOT APPLICABLE,4800,W,BYRON ST,1634,,,,,,,2,NO INDICATION OF INJURY,0,0,0,0,0,2,0,15,5,2,41.95168061,-87.74739449,POINT (-87.747394493293 41.951680611949)