CRASH_RECORD_ID,RD_NO,CRASH_DATE_EST_I,CRASH_DATE,POSTED_SPEED_LIMIT,TRAFFIC_CONTROL_DEVICE,DEVICE_CONDITION,WEATHER_CONDITION,LIGHTING_CONDITION,FIRST_CRASH_TYPE,TRAFFICWAY_TYPE,LANE_CNT,ALIGNMENT,ROADWAY_SURFACE_COND,ROAD_DEFECT,REPORT_TYPE,CRASH_TYPE,INTERSECTION_RELATED_I,NOT_RIGHT_OF_WAY_I,HIT_AND_RUN_I,DAMAGE,DATE_POLICE_NOTIFIED,PRIM_CONTRIBUTORY_CAUSE,SEC_CONTRIBUTORY_CAUSE,STREET_NO,STREET_DIRECTION,STREET_NAME,BEAT_OF_OCCURRENCE,PHOTOS_TAKEN_I,STATEMENTS_TAKEN_I,DOORING_I,WORK_ZONE_I,WORK_ZONE_TYPE,WORKERS_PRESENT_I,NUM_UNITS,MOST_SEVERE_INJURY,INJURIES_TOTAL,INJURIES_FATAL,INJURIES_INCAPACITATING,INJURIES_NON_INCAPACITATING,INJURIES_REPORTED_NOT_EVIDENT,INJURIES_NO_INDICATION,INJURIES_UNKNOWN,CRASH_HOUR,CRASH_DAY_OF_WEEK,CRASH_MONTH,LATITUDE,LONGITUDE,LOCATION
55a33233b9fdaf2e4b2b8f1854cb387fdb48c17f94e07f053daee87639ba60721d39f538364aa6a80b3c305286f0d06b7684b242d57182768480dd914d9bf356,JF147762,,2/17/2022 17:15,30,NO CONTROLS,NO CONTROLS,SNOW,"DARKNESS, LIGHTED ROAD",REAR END,ONE-WAY,,STRAIGHT AND LEVEL,SNOW OR SLUSH,UNKNOWN,ON SCENE,NO INJURY / DRIVE AWAY,,,,"$501 - $1,500",2/17/2022 17:15,WEATHER,NOT APPLICABLE,176,N,BESSIE COLEMAN DR,1654,,,,,,,2,NO INDICATION OF INJURY,0,0,0,0,0,2,0,17,5,2,,,
5142dcfffa10158c78819a3155638dd2d46730e1b87fa4f5fcf384cad6ad8f59ac935ae96bd84b638b3b8546b56e0bad7cb5812264e05c8a7a83be310378e7e0,JF155364,,2/24/2022 18:00,30,STOP SIGN/FLASHER,FUNCTIONING PROPERLY,SNOW,"DARKNESS, LIGHTED ROAD",TURNING,DIVIDED - W/MEDIAN (NOT RAISED),,STRAIGHT AND LEVEL,SNOW OR SLUSH,NO DEFECTS,NOT ON SCENE (DESK REPORT),NO INJURY / DRIVE AWAY,,,Y,$500 OR LESS,2/25/2022 8:30,UNABLE TO DETERMINE,UNABLE TO DETERMINE,6300,W,BELMONT AVE,1633,,,,,,,2,NO INDICATION OF INJURY,0,0,0,0,0,4,0,18,5,2,41.93846231,-87.78363439,POINT (-87.783634389401 41.938462307273)
5178508e78bfdce75f890f53cc1a642da7f6d3b493201d3f036b03cd3f06225a278d4c06eb646bf711864fe3933462cc4e31a080d252319e73d0a38f083d4071,JF154568,,2/24/2022 11:00,30,NO CONTROLS,NO CONTROLS,CLEAR,DAYLIGHT,PARKED MOTOR VEHICLE,NOT DIVIDED,,STRAIGHT AND LEVEL,DRY,NO DEFECTS,NOT ON SCENE (DESK REPORT),NO INJURY / DRIVE AWAY,,,,"$501 - $1,500",2/24/2022 11:40,IMPROPER LANE USAGE,NOT APPLICABLE,1220,W,ARGYLE ST,2033,,,,,,,2,NO INDICATION OF INJURY,0,0,0,0,0,1,0,11,5,2,41.97277053,-87.66066326,POINT (-87.660663262791 41.972770531859)
56067f6b603d6c31436580febe1955bc6eda848d2988032ed9536ee8f2fa6799cb926d341eb9a5e25d9a906bcaec88670580a567ed8043b1178565d9aab42d47,JF147766,,2/17/2022 17:16,30,NO CONTROLS,NO CONTROLS,SNOW,"DARKNESS, LIGHTED ROAD",REAR END,DIVIDED - W/MEDIAN (NOT RAISED),,STRAIGHT AND LEVEL,SNOW OR SLUSH,UNKNOWN,ON SCENE,NO INJURY / DRIVE AWAY,,,,"OVER $1,500",2/17/2022 17:36,UNABLE TO DETERMINE,UNABLE TO DETERMINE,5549,W,MONTROSE AVE,1624,,,,,,,2,NO INDICATION OF INJURY,0,0,0,0,0,2,0,17,5,2,41.96038017,-87.76673483,POINT (-87.766734831031 41.96038017301)
81eecafcfd2f0c63a3ae7aa7f3bae3aaf94de86e3702571ddf2ff06f6c10f4fb394d2fdf1a605cf4291df43062efbdd788350239e7e6bd04b701d2f6b95afb85,JF161907,,3/3/2022 11:43,30,NO CONTROLS,NO CONTROLS,CLEAR,DAYLIGHT,PEDESTRIAN,PARKING LOT,,STRAIGHT AND LEVEL,DRY,NO DEFECTS,NOT ON SCENE (DESK REPORT),NO INJURY / DRIVE AWAY,,,Y,$500 OR LESS,3/3/2022 12:00,NOT APPLICABLE,NOT APPLICABLE,800,W,NORTH AVE,1813,,,,,,,2,NO INDICATION OF INJURY,0,0,0,0,0,2,0,11,5,3,41.91102851,-87.64833581,POINT (-87.64833580602 41.911028509812)
561436ba941d2b33dbe5b83eba6cc30b21eb5575b465258591b49f609e6190ad52a9fd99c5e5f799ce942ccaf703cf9cab1cdd4f88b9dc7c1051764d3aad62db,JF147637,,2/17/2022 14:05,30,TRAFFIC SIGNAL,FUNCTIONING PROPERLY,SNOW,DAYLIGHT,ANGLE,NOT DIVIDED,,STRAIGHT AND LEVEL,SNOW OR SLUSH,NO DEFECTS,NOT ON SCENE (DESK REPORT),NO INJURY / DRIVE AWAY,,,Y,"OVER $1,500",2/17/2022 16:30,DISREGARDING TRAFFIC SIGNALS,DISREGARDING TRAFFIC SIGNALS,1400,W,63RD ST,713,,,,,,,2,NO INDICATION OF INJURY,0,0,0,0,0,2,0,14,5,2,41.77965209,-87.65942423,POINT (-87.659424229248 41.77965209155)
51441d192f85062f8f49c955aa4abce80831b1638e2cc874a6068c2096a00125ffd869ae7d9a520f5f2f3abefb5f8678c8f2bdb8dff42ad3a4745c129a1d4055,JE325761,,8/4/2021 11:13,30,STOP SIGN/FLASHER,FUNCTIONING PROPERLY,CLEAR,DAYLIGHT,SIDESWIPE SAME DIRECTION,ONE-WAY,,STRAIGHT AND LEVEL,DRY,NO DEFECTS,,NO INJURY / DRIVE AWAY,,,Y,"$501 - $1,500",8/4/2021 12:00,UNABLE TO DETERMINE,UNABLE TO DETERMINE,10,S,CANAL ST,121,,,,,,,2,NO INDICATION OF INJURY,0,0,0,0,0,4,0,11,4,8,41.88158163,-87.63982439,POINT (-87.639824389389 41.88158163053)
9302787a39683cd26570704c2b7bb4796cc366fc60b1f2f09e54d4e6f3b61b1f641d0b07144355245b255e1c76f921b0bf8ebe028fc43d7b2ca844d41e8c9b64,JD114689,,1/13/2020 20:30,30,TRAFFIC SIGNAL,FUNCTIONING PROPERLY,CLEAR,"DARKNESS, LIGHTED ROAD",REAR END,DIVIDED - W/MEDIAN (NOT RAISED),,STRAIGHT AND LEVEL,DRY,NO DEFECTS,,INJURY AND / OR TOW DUE TO CRASH,,,Y,"OVER $1,500",1/13/2020 20:30,UNABLE TO DETERMINE,FOLLOWING TOO CLOSELY,2806,N,CLARK ST,1934,,,,,,,3,INCAPACITATING INJURY,1,0,1,0,0,3,0,20,2,1,41.93296711,-87.64519165,POINT (-87.645191646022 41.93296711063)
7e57503aa885352102f238c2cf2e99a12064e6056ba32ba2c62fe8baa740f0bd4c548798bbbc4b8bb0a9542d8ee73a75774f682add63134e5133ba81edb4e5e3,JF184190,,3/17/2022 15:30,30,UNKNOWN,UNKNOWN,UNKNOWN,DAYLIGHT,TURNING,DIVIDED - W/MEDIAN (NOT RAISED),,STRAIGHT AND LEVEL,UNKNOWN,OTHER,NOT ON SCENE (DESK REPORT),NO INJURY / DRIVE AWAY,,,Y,$500 OR LESS,3/23/2022 17:30,UNABLE TO DETERMINE,UNABLE TO DETERMINE,28,E,87TH ST,632,,,,,,,2,NO INDICATION OF INJURY,0,0,0,0,0,2,0,15,5,3,41.73646911,-87.62302412,POINT (-87.623024124225 41.736469113027)
569479f92e4df3fe7b7ebd3b943fd1a28191c3e5e6912dad580aa4fa8d2aab967e4ad072beb6435e503e28fe2e1da615962683ecc3389b32b4f4f2fa5ffab205,JF147382,,2/17/2022 12:41,30,TRAFFIC SIGNAL,FUNCTIONING PROPERLY,CLEAR,DAYLIGHT,SIDESWIPE SAME DIRECTION,NOT DIVIDED,,STRAIGHT AND LEVEL,DRY,NO DEFECTS,NOT ON SCENE (DESK REPORT),NO INJURY / DRIVE AWAY,,,,"OVER $1,500",2/17/2022 13:00,IMPROPER OVERTAKING/PASSING,NOT APPLICABLE,601,W,ROOSEVELT RD,124,,,,,,,2,NO INDICATION OF INJURY,0,0,0,0,0,2,0,12,5,2,41.8671089,-87.6422588,POINT (-87.642258801375 41.867108896215)
822e00681923bd2087a95942535a14e0867530bafcce687b1d2b246a7cb49c05c322b3508a284741f851d3c0a4ab6bf3c8c076f30378510753d98172de69d05d,JF161679,,3/3/2022 7:40,25,STOP SIGN/FLASHER,FUNCTIONING IMPROPERLY,CLEAR,DAYLIGHT,TURNING,ONE-WAY,,STRAIGHT AND LEVEL,DRY,NO DEFECTS,ON SCENE,NO INJURY / DRIVE AWAY,Y,,,"$501 - $1,500",3/3/2022 7:41,IMPROPER OVERTAKING/PASSING,NOT APPLICABLE,10301,S,DAUPHIN AVE,512,,,,,,,2,NO INDICATION OF INJURY,0,0,0,0,0,4,0,7,5,3,41.70734813,-87.60733553,POINT (-87.607335534078 41.707348132024)
56a75ae01e560fb7bad236fd146e611ff694fd4a5a9c032305f6774458d75f6b4b4afcf8778a11f6a97ef736c4bd9aae198eb924d1beff92cf30840d017179c0,JF147886,,2/17/2022 17:43,30,NO CONTROLS,NO CONTROLS,CLEAR,DAYLIGHT,REAR END,NOT DIVIDED,,STRAIGHT AND LEVEL,DRY,NO DEFECTS,NOT ON SCENE (DESK REPORT),NO INJURY / DRIVE AWAY,,,,"OVER $1,500",2/17/2022 19:18,UNABLE TO DETERMINE,NOT APPLICABLE,5874,S,ARCHER AVE,814,,,,,,,2,NO INDICATION OF INJURY,0,0,0,0,0,2,0,17,5,2,41.79591839,-87.76178079,POINT (-87.761780789101 41.795918387995)
7ea3ca2dcec44611884847a3297ca812adddf9f6cb01892edb1eb231a83244796b7ba0e3dd0be27d6dd2968b1b0864f11086b2caad28469a458f0dfe2b68f2dd,JF177660,,3/17/2022 21:45,30,TRAFFIC SIGNAL,FUNCTIONING PROPERLY,CLEAR,"DARKNESS, LIGHTED ROAD",ANGLE,FOUR WAY,,STRAIGHT AND LEVEL,DRY,NO DEFECTS,ON SCENE,INJURY AND / OR TOW DUE TO CRASH,Y,,,"OVER $1,500",3/17/2022 21:50,FAILING TO YIELD RIGHT-OF-WAY,NOT APPLICABLE,5500,S,WABASH AVE,225,,,,,,,2,NONINCAPACITATING INJURY,1,0,0,1,0,4,0,21,5,3,41.79426034,-87.62422442,POINT (-87.624224419257 41.794260343739)
56eb930babc62a11a19f0fb36fdb0ec4e18787e38539a0a852c8731b7dc220aa4715607e578d059ba81802d0225cc94c1efa29258d34b1a5e972800f7956e190,JF147718,,2/17/2022 16:40,30,NO CONTROLS,NO CONTROLS,SNOW,"DARKNESS, LIGHTED ROAD",REAR END,NOT DIVIDED,,STRAIGHT AND LEVEL,SNOW OR SLUSH,NO DEFECTS,ON SCENE,INJURY AND / OR TOW DUE TO CRASH,,,,"OVER $1,500",2/17/2022 16:49,WEATHER,UNABLE TO DETERMINE,9001,S,HALSTED ST,2223,,,,,,,2,NO INDICATION OF INJURY,0,0,0,0,0,2,0,16,5,2,41.73074512,-87.64331924,POINT (-87.643319243734 41.730745123752)
8247ae409105cab9fa8895551fbd94c500f970a2922574d73e1e597f0c02ec237b774d1b581125d5dd7fb3946a8a0b7196cf637e21d6b100513bf3cffd7c195d,JF162425,Y,3/3/2022 19:00,30,TRAFFIC SIGNAL,FUNCTIONING PROPERLY,CLEAR,"DARKNESS, LIGHTED ROAD",REAR END,T-INTERSECTION,,STRAIGHT AND LEVEL,DRY,NO DEFECTS,NOT ON SCENE (DESK REPORT),NO INJURY / DRIVE AWAY,,,,"OVER $1,500",3/3/2022 20:45,UNABLE TO DETERMINE,UNABLE TO DETERMINE,3900,S,LA SALLE ST,213,,,,,,,2,NO INDICATION OF INJURY,0,0,0,0,0,3,0,19,5,3,41.82364234,-87.62978732,POINT (-87.629787316104 41.823642334896)
5292f9e39b23d20b3eef2c00b39bd051e8ea0e1b416fcdd2bde22cb72b1444b5251e750f732330356ac96c5736f664d0c40573d4919e764e3e53d7a2604ff1da,JF157694,,2/24/2022 14:00,30,UNKNOWN,UNKNOWN,UNKNOWN,UNKNOWN,PARKED MOTOR VEHICLE,NOT DIVIDED,,STRAIGHT AND LEVEL,UNKNOWN,UNKNOWN,NOT ON SCENE (DESK REPORT),NO INJURY / DRIVE AWAY,,,,"OVER $1,500",2/27/2022 13:50,UNABLE TO DETERMINE,UNABLE TO DETERMINE,1122,N,STATE ST,1824,,,,,,,2,NO INDICATION OF INJURY,0,0,0,0,0,1,0,14,5,2,41.9023842,-87.62847755,POINT (-87.628477548678 41.902384194978)
7f36188052eb2933ca74595142a9c0455de473fa25ad755b0e376d2624c4f98e7b93b5ef43e36e806e3a608f49817d8bb7a9503c162a1451cb5043ca2b590d36,JF177488,,3/17/2022 17:55,30,TRAFFIC SIGNAL,FUNCTIONING PROPERLY,CLEAR,DAYLIGHT,REAR END,NOT DIVIDED,,STRAIGHT AND LEVEL,DRY,NO DEFECTS,ON SCENE,NO INJURY / DRIVE AWAY,,,Y,"OVER $1,500",3/17/2022 18:03,UNABLE TO DETERMINE,NOT APPLICABLE,1602,S,PULASKI RD,1012,,,,,,,2,NO INDICATION OF INJURY,0,0,0,0,0,3,0,17,5,3,41.85871859,-87.72509819,POINT (-87.725098185824 41.858718588823)
940a3438a844389dbdab09e161cfccd4645936d458edf0b00a7fc0dbad8fa66cc5eedb01774efa1c414d4f3d61d3e959702a5f825cf87c885a9cb8d41654e788,JF183790,,3/23/2022 12:45,30,NO CONTROLS,NO CONTROLS,CLEAR,DAYLIGHT,SIDESWIPE SAME DIRECTION,DIVIDED - W/MEDIAN BARRIER,,STRAIGHT AND LEVEL,DRY,NO DEFECTS,ON SCENE,NO INJURY / DRIVE AWAY,,,,"OVER $1,500",3/23/2022 12:50,IMPROPER LANE USAGE,IMPROPER OVERTAKING/PASSING,198,S,LOWER WACKER DR,122,,,,,,,2,NO INDICATION OF INJURY,0,0,0,0,0,2,0,12,4,3,41.87941032,-87.63714067,POINT (-87.637140669981 41.879410321111)
b5042d5d2e8d3d88028a4da0c323678928c5891101d439bc80895cac5b767b2742bb03fd49a5bbdfb4f6409e91616298cd2357d4a2690a52ee756f33dbd3a617,JF168920,,3/10/2022 5:45,25,NO CONTROLS,NO CONTROLS,CLEAR,DAYLIGHT,PARKED MOTOR VEHICLE,NOT DIVIDED,,STRAIGHT AND LEVEL,DRY,NO DEFECTS,ON SCENE,INJURY AND / OR TOW DUE TO CRASH,,,Y,"OVER $1,500",3/10/2022 5:45,NOT APPLICABLE,UNABLE TO DETERMINE,2503,S,KILDARE AVE,1013,,,,,,,4,,,,,,,,,5,5,3,41.84587728,-87.73094401,POINT (-87.730944007209 41.845877277386)
80085644886aba72ec9c01f94097d7224ebe3a344faacb1a401778a860586b7819e946263a81a6b32f0298bd6f0e7763e73aa0801251185231d57a3d3c286ec7,JF176571,N,3/17/2022 3:00,30,NO CONTROLS,NO CONTROLS,CLEAR,"DARKNESS, LIGHTED ROAD",REAR END,DIVIDED - W/MEDIAN (NOT RAISED),,STRAIGHT AND LEVEL,DRY,NO DEFECTS,ON SCENE,INJURY AND / OR TOW DUE TO CRASH,,,Y,"OVER $1,500",3/17/2022 3:06,UNABLE TO DETERMINE,NOT APPLICABLE,2958,W,111TH ST,2212,,,,,,,2,NO INDICATION OF INJURY,0,0,0,0,0,2,0,3,5,3,41.69173588,-87.69579992,POINT (-87.69579992016 41.691735877327)
58a5a656ab561a6e831656243006f3b7e98d34a8694c81bf746f6a8d593bd74312905f2dc7816b85f6aad4bb8372a130fb08bab7e3011ae4cfb368d2e525f8d6,JF148059,,2/17/2022 21:15,20,NO CONTROLS,NO CONTROLS,SNOW,"DARKNESS, LIGHTED ROAD",PARKED MOTOR VEHICLE,NOT DIVIDED,,STRAIGHT AND LEVEL,SNOW OR SLUSH,NO DEFECTS,ON SCENE,NO INJURY / DRIVE AWAY,Y,,Y,"OVER $1,500",2/17/2022 21:52,UNABLE TO DETERMINE,NOT APPLICABLE,3243,W,CORTLAND ST,1422,,,,,,,2,NO INDICATION OF INJURY,0,0,0,0,0,1,0,21,5,2,41.91545214,-87.70869057,POINT (-87.708690568291 41.915452140784)
532c15a50516a7d3ab025b8dd32c98a77166b219e8b02ddff54b07c51c8fb247516608ca2dad9824a1c4d325b4284c0cd204130e3de263264a68af6ea7af943b,JF154785,,2/24/2022 15:07,30,STOP SIGN/FLASHER,NO CONTROLS,SNOW,DAYLIGHT,TURNING,NOT DIVIDED,,STRAIGHT AND LEVEL,SNOW OR SLUSH,NO DEFECTS,NOT ON SCENE (DESK REPORT),NO INJURY / DRIVE AWAY,Y,,,$500 OR LESS,2/24/2022 15:30,WEATHER,WEATHER,6600,S,RACINE AVE,724,,,,,,,2,NO INDICATION OF INJURY,0,0,0,0,0,4,0,15,5,2,41.77406045,-87.65449868,POINT (-87.654498678008 41.774060449928)
9579d0ad3b0d116731fff4f8a91dfe90ff0f895f7886c7e015e909d574e0097f090dd06377b5baee46a9ab550085978c1596bb6ba22cf9149a2de40acb5f4910,JF184118,,3/23/2022 16:45,20,TRAFFIC SIGNAL,FUNCTIONING PROPERLY,RAIN,DAYLIGHT,SIDESWIPE SAME DIRECTION,NOT DIVIDED,,STRAIGHT AND LEVEL,WET,NO DEFECTS,NOT ON SCENE (DESK REPORT),NO INJURY / DRIVE AWAY,,,Y,"OVER $1,500",3/23/2022 16:55,IMPROPER LANE USAGE,NOT APPLICABLE,6300,S,RACINE AVE,724,,,,,,,2,NO INDICATION OF INJURY,0,0,0,0,0,2,0,16,4,3,41.77951604,-87.65464687,POINT (-87.654646873699 41.779516037968)
b67e76a29a667bd890d413acd1d02e1d66f5b95b1e6cd1432d5c70e058d46aa28b536e45841285a81a99f7fd4f783c7aab6851aad9ebb62f735b26f5148afa4b,JF169597,Y,3/10/2022 16:35,35,TRAFFIC SIGNAL,FUNCTIONING PROPERLY,CLEAR,DAYLIGHT,TURNING,DIVIDED - W/MEDIAN (NOT RAISED),,STRAIGHT AND LEVEL,DRY,NO DEFECTS,ON SCENE,INJURY AND / OR TOW DUE TO CRASH,,,,"OVER $1,500",3/10/2022 16:41,FAILING TO YIELD RIGHT-OF-WAY,IMPROPER LANE USAGE,11440,S,PULASKI RD,2211,,,,,,,2,NONINCAPACITATING INJURY,1,0,0,1,0,1,0,16,5,3,41.6846041,-87.72023532,POINT (-87.720235317561 41.68460409843)
53d40d7f11d67eaed98704132a2f2c54db6884ba7ba281c423d071408a374c5bc1121583e6412942ae562ebe29a8c4a3de5ca1c8af70ad960fb2574c10a2baaa,JF154808,,2/24/2022 15:23,35,NO CONTROLS,NO CONTROLS,SNOW,DAYLIGHT,TURNING,NOT DIVIDED,,STRAIGHT AND LEVEL,WET,NO DEFECTS,ON SCENE,NO INJURY / DRIVE AWAY,Y,,Y,"OVER $1,500",2/24/2022 15:24,UNABLE TO DETERMINE,NOT APPLICABLE,7130,W,ARCHER AVE,811,,,,,,,2,NO INDICATION OF INJURY,0,0,0,0,0,2,0,15,5,2,41.79206721,-87.80019889,POINT (-87.800198887183 41.792067214057)
53f828626b9b37c5cbae41206442d0fbe267e6e792fdc6f282f2c3682aa12901619e16e1cbac0b80430559da06f2e9a446124736d9ba86420afe979eccebe473,JF155177,,2/24/2022 20:30,30,UNKNOWN,UNKNOWN,UNKNOWN,UNKNOWN,REAR END,FOUR WAY,,STRAIGHT AND LEVEL,UNKNOWN,UNKNOWN,ON SCENE,NO INJURY / DRIVE AWAY,,,Y,"OVER $1,500",2/24/2022 22:00,NOT APPLICABLE,NOT APPLICABLE,4600,N,CLARK ST,1912,,,,,,,3,NO INDICATION OF INJURY,0,0,0,0,0,2,0,20,5,2,41.96534532,-87.6668974,POINT (-87.66689740065 41.965345314732)
540389d915e624525d3a63b958ee08a3289806c82efac95d6871f91b5c8e6bc6880abc276e1e5b3a6147a77b2c943a0228a43f5a812184cd250b0a25ccc9015f,JF154797,,2/24/2022 15:34,30,TRAFFIC SIGNAL,FUNCTIONING PROPERLY,SNOW,DAYLIGHT,ANGLE,FOUR WAY,,STRAIGHT AND LEVEL,SNOW OR SLUSH,NO DEFECTS,ON SCENE,NO INJURY / DRIVE AWAY,Y,,,"OVER $1,500",2/24/2022 15:48,DISREGARDING TRAFFIC SIGNALS,DRIVING SKILLS/KNOWLEDGE/EXPERIENCE,7100,S,HALSTED ST,733,,,,,,,2,NO INDICATION OF INJURY,0,0,0,0,0,2,0,15,5,2,41.76510943,-87.64455695,POINT (-87.644556951763 41.765109431911)
80b10f89d9f434142373363fcfeb94b94d0b40457f056055c52f06853d8ee7c8c5c1c5f60cceb7cb041a50e8829e7edff43536df7f09611ffa239c146b091079,JD378452,,9/25/2020 5:18,35,NO CONTROLS,NO CONTROLS,CLEAR,DAWN,PARKED MOTOR VEHICLE,NOT DIVIDED,,STRAIGHT AND LEVEL,DRY,NO DEFECTS,,INJURY AND / OR TOW DUE TO CRASH,,,,"OVER $1,500",9/25/2020 5:47,DISTRACTION - FROM OUTSIDE VEHICLE,NOT APPLICABLE,5733,N,JERSEY AVE,1711,,,,,,,4,NO INDICATION OF INJURY,0,0,0,0,0,1,0,5,6,9,41.98594406,-87.7095511,POINT (-87.709551096184 41.985944063963)
80d13434dc35d1c2cd0daaa241ac616c5bb24a3852b56eecd5069bed896ceaa538e3444075a15740d42ca92ac13b28dc898c6e4759ed8cabc8f7180e554fe560,JC268662,,5/18/2019 19:14,30,TRAFFIC SIGNAL,FUNCTIONING PROPERLY,RAIN,DAYLIGHT,HEAD ON,DIVIDED - W/MEDIAN (NOT RAISED),,STRAIGHT AND LEVEL,WET,NO DEFECTS,,INJURY AND / OR TOW DUE TO CRASH,Y,,,"OVER $1,500",5/18/2019 19:18,DISREGARDING TRAFFIC SIGNALS,WEATHER,8711,S,ASHLAND AVE,2221,,,,,,,2,NONINCAPACITATING INJURY,1,0,0,1,0,1,0,19,7,5,41.7354087,-87.66290968,POINT (-87.662909684243 41.735408702583)
80e36a32196cbdd7db9fb79eb441085fc6427f231bf0f6f0b7d09a711ef9671b456f126a5c17748c68406f035f6d5f72f055b63b61e39cdd03e4053d72c8c982,JE327686,,8/5/2021 21:25,30,NO CONTROLS,NO CONTROLS,CLEAR,DARKNESS,PARKED MOTOR VEHICLE,ONE-WAY,,STRAIGHT AND LEVEL,DRY,NO DEFECTS,,INJURY AND / OR TOW DUE TO CRASH,,,,"OVER $1,500",8/5/2021 21:35,UNABLE TO DETERMINE,UNABLE TO DETERMINE,3957,W,AINSLIE ST,1712,,,,,,,2,NO INDICATION OF INJURY,0,0,0,0,0,1,0,21,5,8,41.96995595,-87.72793931,POINT (-87.727939314144 41.969955945589)
5475cbb81be1e892a17ac640a72bac7a815d992b77c51a865f9625ba4fdb9f64ae390aac784231c4d05fb2eccb5e566c416eb24aafb6dfb9cad5d010776415db,JF154843,,2/24/2022 15:59,30,STOP SIGN/FLASHER,FUNCTIONING PROPERLY,SNOW,DAYLIGHT,TURNING,T-INTERSECTION,,STRAIGHT AND LEVEL,SNOW OR SLUSH,NO DEFECTS,ON SCENE,INJURY AND / OR TOW DUE TO CRASH,Y,,,"OVER $1,500",2/24/2022 16:00,FAILING TO REDUCE SPEED TO AVOID CRASH,NOT APPLICABLE,773,N,OGDEN AVE,1214,,,,,,,3,NO INDICATION OF INJURY,0,0,0,0,0,3,0,15,5,2,41.89613657,-87.65456122,POINT (-87.654561223792 41.896136569908)
5a0a0f66d111360d9ca8fd15f7554e46df709926c07dade94bffb95535eee60153bcdf02d0fa7c18e3d90cfbf77f27fcbf21dc0955f2483df6ac74187c287124,JF147636,,2/17/2022 16:00,30,NO CONTROLS,NO CONTROLS,SNOW,DAYLIGHT,SIDESWIPE SAME DIRECTION,NOT DIVIDED,,STRAIGHT AND LEVEL,WET,NO DEFECTS,NOT ON SCENE (DESK REPORT),NO INJURY / DRIVE AWAY,,,,"$501 - $1,500",2/17/2022 16:22,NOT APPLICABLE,NOT APPLICABLE,4200,W,MARQUETTE RD,833,,,,,,,2,NO INDICATION OF INJURY,0,0,0,0,0,2,0,16,5,2,41.7714258,-87.72751588,POINT (-87.727515880858 41.771425801915)
5a2f412bffec829c526ae743c118cebbdf62bc49139c5e76bce14a769df75695c9c0c7f21b697391155ecea74c6fdeeb7c4b07939755c34c4ae73bb7a676b034,JF147264,,2/17/2022 10:30,30,NO CONTROLS,NO CONTROLS,CLOUDY/OVERCAST,DAYLIGHT,PARKED MOTOR VEHICLE,DIVIDED - W/MEDIAN (NOT RAISED),,STRAIGHT AND LEVEL,DRY,NO DEFECTS,ON SCENE,NO INJURY / DRIVE AWAY,,,,$500 OR LESS,2/17/2022 10:37,IMPROPER OVERTAKING/PASSING,NOT APPLICABLE,8213,S,COTTAGE GROVE AVE,631,,,,,,,2,NO INDICATION OF INJURY,0,0,0,0,0,1,0,10,5,2,41.7453686,-87.60492504,POINT (-87.604925041257 41.745368600696)
548ae050b676f5757cbd505d8ccb027b8bd67f058b88562256ace4a3e95c6363c5bd83a240a53531c9117df5adbeaa5036ddc024270d794a73ef786e61d0f332,JE281762,N,6/27/2021 17:00,15,NO CONTROLS,NO CONTROLS,CLEAR,DAYLIGHT,FIXED OBJECT,ALLEY,,STRAIGHT AND LEVEL,UNKNOWN,NO DEFECTS,,NO INJURY / DRIVE AWAY,,N,Y,"OVER $1,500",6/27/2021 21:10,UNABLE TO DETERMINE,UNABLE TO DETERMINE,3723,S,HERMITAGE AVE,912,,,,,,,1,NO INDICATION OF INJURY,0,0,0,0,0,1,0,17,1,6,41.82609453,-87.66891848,POINT (-87.668918482279 41.826094533258)
83b9342ea243719c809df500da63c36f6601fb868e4608ca09a958a3c7ec839a0ba583d51cb2f423766547080bb2e277c5eb40158247b4e2ef67bde5a02a87f4,JD436548,,11/20/2020 9:28,25,TRAFFIC SIGNAL,UNKNOWN,CLEAR,DAYLIGHT,ANGLE,T-INTERSECTION,,STRAIGHT AND LEVEL,DRY,NO DEFECTS,,INJURY AND / OR TOW DUE TO CRASH,Y,,,"OVER $1,500",11/20/2020 9:30,DISREGARDING TRAFFIC SIGNALS,UNABLE TO DETERMINE,400,N,OGDEN AVE,1215,,,,,,,2,NO INDICATION OF INJURY,0,0,0,0,0,2,0,9,6,11,41.8889401,-87.66078761,POINT (-87.660787606957 41.888940099428)
b71987681493ef39e1a384ec4f38e1194ba7a6e05fdd6179f05a7caefc69cf510d7ee18c6749762d93a33d06dac27118ad02d0fb230dd5527171aa46d278870c,JC483474,,10/23/2019 12:48,35,NO CONTROLS,NO CONTROLS,CLEAR,DAYLIGHT,SIDESWIPE SAME DIRECTION,NOT DIVIDED,,STRAIGHT AND LEVEL,DRY,NO DEFECTS,,NO INJURY / DRIVE AWAY,,,Y,"$501 - $1,500",10/23/2019 13:45,UNABLE TO DETERMINE,UNABLE TO DETERMINE,3622,W,ADDISON ST,1732,,,,,,,2,NO INDICATION OF INJURY,0,0,0,0,0,4,0,12,4,10,41.94659923,-87.71868123,POINT (-87.718681234159 41.946599228721)
5a54f562daf575dd7d213cc66ebabcd11e40badd4f14a3b5ddd2049bc8da6af662c275c3fe542e2bf510770a38e0226f603f2a397bfe1f1c0fa890bbb296a3cf,JF147801,,2/17/2022 16:30,30,TRAFFIC SIGNAL,FUNCTIONING PROPERLY,SNOW,DAYLIGHT,TURNING,NOT DIVIDED,,STRAIGHT AND LEVEL,SNOW OR SLUSH,NO DEFECTS,NOT ON SCENE (DESK REPORT),NO INJURY / DRIVE AWAY,Y,,Y,"OVER $1,500",2/17/2022 18:00,UNABLE TO DETERMINE,UNABLE TO DETERMINE,9500,S,PAXTON AVE,431,,,,,,,2,NO INDICATION OF INJURY,0,0,0,0,0,2,0,16,5,2,41.72245497,-87.57067381,POINT (-87.570673805878 41.722454974015)