CRASH_RECORD_ID,RD_NO,CRASH_DATE_EST_I,CRASH_DATE,POSTED_SPEED_LIMIT,TRAFFIC_CONTROL_DEVICE,DEVICE_CONDITION,WEATHER_CONDITION,LIGHTING_CONDITION,FIRST_CRASH_TYPE,TRAFFICWAY_TYPE,LANE_CNT,ALIGNMENT,ROADWAY_SURFACE_COND,ROAD_DEFECT,REPORT_TYPE,CRASH_TYPE,INTERSECTION_RELATED_I,NOT_RIGHT_OF_WAY_I,HIT_AND_RUN_I,DAMAGE,DATE_POLICE_NOTIFIED,PRIM_CONTRIBUTORY_CAUSE,SEC_CONTRIBUTORY_CAUSE,STREET_NO,STREET_DIRECTION,STREET_NAME,BEAT_OF_OCCURRENCE,PHOTOS_TAKEN_I,STATEMENTS_TAKEN_I,DOORING_I,WORK_ZONE_I,WORK_ZONE_TYPE,WORKERS_PRESENT_I,NUM_UNITS,MOST_SEVERE_INJURY,INJURIES_TOTAL,INJURIES_FATAL,INJURIES_INCAPACITATING,INJURIES_NON_INCAPACITATING,INJURIES_REPORTED_NOT_EVIDENT,INJURIES_NO_INDICATION,INJURIES_UNKNOWN,CRASH_HOUR,CRASH_DAY_OF_WEEK,CRASH_MONTH,LATITUDE,LONGITUDE,LOCATION
55319d351f125b839e99d5eee8ea0bae57c5303e67a4a178df68738ff49d68a14e842e6172b47cb94d61cf4094dd4b69595950adb1024b1226c61bdc614d340c,JF154886,,2/24/2022 16:50,30,TRAFFIC SIGNAL,FUNCTIONING PROPERLY,SNOW,DAYLIGHT,REAR END,NOT DIVIDED,,STRAIGHT AND LEVEL,SNOW OR SLUSH,UNKNOWN,ON SCENE,INJURY AND / OR TOW DUE TO CRASH,,,,"OVER $1,500",2/24/2022 16:51,FAILING TO REDUCE SPEED TO AVOID CRASH,UNABLE TO DETERMINE,2031,S,STATE ST,131,,,,,,,3,"REPORTED, NOT EVIDENT",2,0,0,0,2,1,0,16,5,2,41.85453821,-87.62697413,POINT (-87.626974129495 41.854538207577)
b7e0bd284f370f86a0fd39fccd9e8b6b861cc7a3c91baed4e41db5ed830106473ef463ebf463206d888f557d329698f757a4750087a802994f6ec1b8b38f3510,JF171399,,3/10/2022 16:55,30,STOP SIGN/FLASHER,FUNCTIONING PROPERLY,UNKNOWN,DAYLIGHT,SIDESWIPE SAME DIRECTION,DIVIDED - W/MEDIAN (NOT RAISED),,STRAIGHT AND LEVEL,UNKNOWN,UNKNOWN,NOT ON SCENE (DESK REPORT),NO INJURY / DRIVE AWAY,Y,,,"OVER $1,500",3/12/2022 12:00,IMPROPER LANE USAGE,NOT APPLICABLE,3100,N,KIMBALL AVE,1412,,,,,,,2,NO INDICATION OF INJURY,0,0,0,0,0,2,0,16,5,3,41.93755113,-87.71258015,POINT (-87.712580146794 41.937551133208)
841f6fbdda8bd7ad85e405cdde4e494df8a6650ee53e8c852095bbfffa9191cd6009b6d077ae12b12c500744daa49b41646cab98a37f2002e5fbbc1ae8840e95,JF161657,,3/3/2022 12:34,30,NO CONTROLS,NO CONTROLS,CLEAR,DAYLIGHT,TURNING,NOT DIVIDED,,STRAIGHT AND LEVEL,DRY,NO DEFECTS,ON SCENE,INJURY AND / OR TOW DUE TO CRASH,,,,"$501 - $1,500",3/3/2022 12:34,UNABLE TO DETERMINE,UNABLE TO DETERMINE,3241,N,PULASKI RD,1732,,,,,,,2,NONINCAPACITATING INJURY,1,0,0,1,0,1,0,12,5,3,41.94029777,-87.72706944,POINT (-87.727069443064 41.940297765775)
976937b35a3c6fcd7f34bdddbe9d49d7b71d85437ca5721fbb453312b0c40fc55eda583cc03c88ac7326460989471e3e5d06ede5afec92a0dccdf773337a8e71,JF183732,,3/23/2022 11:59,30,TRAFFIC SIGNAL,FUNCTIONING PROPERLY,CLEAR,DAYLIGHT,REAR END,DIVIDED - W/MEDIAN (NOT RAISED),,STRAIGHT AND LEVEL,DRY,NO DEFECTS,ON SCENE,NO INJURY / DRIVE AWAY,,,,$500 OR LESS,3/23/2022 11:59,FOLLOWING TOO CLOSELY,FOLLOWING TOO CLOSELY,37,W,MARQUETTE RD,722,,,,,,,2,NO INDICATION OF INJURY,0,0,0,0,0,2,0,11,4,3,41.7725763,-87.62674036,POINT (-87.626740364026 41.772576301797)
966c1ef688be09a889846ae9fb9380110ef49107cd9123eef98bfcafb3c100ab4e8d05cbdbd95cb1d7baba9c6cd7562e9f6bbd9a91fa299de65ebae8252c58d8,JD422793,,11/5/2020 21:39,30,NO CONTROLS,NO CONTROLS,CLEAR,DARKNESS,FIXED OBJECT,PARKING LOT,,STRAIGHT AND LEVEL,DRY,NO DEFECTS,,NO INJURY / DRIVE AWAY,,Y,Y,"OVER $1,500",11/6/2020 12:26,UNABLE TO DETERMINE,UNABLE TO DETERMINE,3514,W,LAWRENCE AVE,1712,,,,,,,1,NO INDICATION OF INJURY,0,0,0,0,0,1,0,21,5,11,41.96847919,-87.71651444,POINT (-87.716514440365 41.968479187925)
8437cd7d033460b0d1b50eb1b2aef72c365680c33c04ea5a5191a82bb97a63a3966592a031d0287f5d9b5a2593da17b8b58354537597a523d1af87a9984b0d39,JF162062,,3/3/2022 14:36,30,TRAFFIC SIGNAL,FUNCTIONING PROPERLY,CLEAR,DAYLIGHT,SIDESWIPE SAME DIRECTION,DIVIDED - W/MEDIAN BARRIER,,STRAIGHT AND LEVEL,DRY,NO DEFECTS,ON SCENE,NO INJURY / DRIVE AWAY,,,,"$501 - $1,500",3/3/2022 14:46,IMPROPER LANE USAGE,NOT APPLICABLE,2402,N,ASHLAND AVE,1931,,,,,,,2,NO INDICATION OF INJURY,0,0,0,0,0,2,0,14,5,3,41.92525653,-87.6682966,POINT (-87.66829660442 41.925256531758)
8267a7737ade0d76f79ecf7054d0facdd23aff1f5139f7290976e07c32a5c188af809ebce21eae2e51fbbea22a79a0182478c627fb4da4dd77b5ea3182d03a05,JF177475,,3/17/2022 18:12,25,STOP SIGN/FLASHER,FUNCTIONING PROPERLY,CLEAR,DAYLIGHT,ANGLE,FOUR WAY,,STRAIGHT AND LEVEL,DRY,NO DEFECTS,ON SCENE,INJURY AND / OR TOW DUE TO CRASH,Y,,Y,"OVER $1,500",3/17/2022 18:12,DISREGARDING STOP SIGN,UNABLE TO DETERMINE,729,E,MARQUETTE RD,321,,,,,,,2,NONINCAPACITATING INJURY,1,0,0,1,0,1,0,18,5,3,41.77482785,-87.60712012,POINT (-87.607120114962 41.774827850342)
98207b655a28fa119f880d07b6a2d9911bcac6c8d12980a868da74fe00c2a396b919e6c923f6b74fc13c34e40b09668f22784ab8d28603c6a728d7f738766f55,JF183821,,3/23/2022 13:05,30,TRAFFIC SIGNAL,FUNCTIONING PROPERLY,CLOUDY/OVERCAST,DAYLIGHT,TURNING,DIVIDED - W/MEDIAN (NOT RAISED),,STRAIGHT AND LEVEL,DRY,NO DEFECTS,ON SCENE,INJURY AND / OR TOW DUE TO CRASH,Y,,,"OVER $1,500",3/23/2022 13:08,FAILING TO YIELD RIGHT-OF-WAY,NOT APPLICABLE,6403,W,IRVING PARK RD,1632,,,,,,,2,NO INDICATION OF INJURY,0,0,0,0,0,3,0,13,4,3,41.95280431,-87.78675363,POINT (-87.786753628206 41.95280431363)
b8470c7fde659a4496bd64137514793fbbcc94dc31b961f62d3b5a63880b8c3a101fd4b3ed75a9066f49065b306a05709b88738e957f124f42134aec0b487ecd,JF177231,,3/10/2022 18:00,5,NO CONTROLS,NO CONTROLS,CLEAR,DAYLIGHT,TURNING,ALLEY,,STRAIGHT AND LEVEL,DRY,NO DEFECTS,NOT ON SCENE (DESK REPORT),NO INJURY / DRIVE AWAY,,,,"$501 - $1,500",3/17/2022 15:41,UNABLE TO DETERMINE,NOT APPLICABLE,1215,S,SAWYER AVE,1022,,,,,,,2,NO INDICATION OF INJURY,0,0,0,0,0,2,0,18,5,3,41.86589024,-87.7067225,POINT (-87.706722496832 41.865890243203)
5b5fafe855310e6214086c41780cdcfd2a9d4205a101058c63face600ad4d91960c2d443b869be294ececce28a1a12dbc9c3e68bf06575906df3d46e4ba274b9,JF147512,,2/17/2022 14:46,30,NO CONTROLS,NO CONTROLS,SNOW,DUSK,FIXED OBJECT,RAMP,,STRAIGHT AND LEVEL,SNOW OR SLUSH,UNKNOWN,ON SCENE,INJURY AND / OR TOW DUE TO CRASH,,,,"OVER $1,500",2/17/2022 14:46,WEATHER,NOT APPLICABLE,199,W,27TH ST,914,,,,,,,1,NONINCAPACITATING INJURY,2,0,0,2,0,0,0,14,5,2,41.84416895,-87.63062603,POINT (-87.630626029216 41.84416895219)
5bc0dd023d1ff92f526e81dcb7b4ca25a47fc33b5a69adff18c796bfcea1f9fb53b192cb7c96eddd3bd6f2272422e800dbdeed85ed706048f2755c0150ac3e62,JF147691,,2/17/2022 16:01,30,NO CONTROLS,NO CONTROLS,SNOW,DAYLIGHT,REAR END,NOT DIVIDED,,STRAIGHT AND LEVEL,SNOW OR SLUSH,NO DEFECTS,NOT ON SCENE (DESK REPORT),NO INJURY / DRIVE AWAY,,,,"OVER $1,500",2/17/2022 16:54,WEATHER,WEATHER,4431,W,55TH ST,813,,,,,,,2,NO INDICATION OF INJURY,0,0,0,0,0,2,0,16,5,2,41.79300102,-87.73412809,POINT (-87.734128087826 41.793001014644)
568c1110e063d6175db59458d32186064226a6cae98011ee0c1488d84901dee23c49c57ba0a2dde036d63b940c796c212108188dd9200ede91ba76c933c56aa4,JF155137,,2/24/2022 20:50,30,STOP SIGN/FLASHER,UNKNOWN,SNOW,"DARKNESS, LIGHTED ROAD",ANGLE,NOT DIVIDED,,STRAIGHT AND LEVEL,SNOW OR SLUSH,UNKNOWN,NOT ON SCENE (DESK REPORT),NO INJURY / DRIVE AWAY,Y,,Y,"OVER $1,500",2/24/2022 21:05,UNABLE TO DETERMINE,UNABLE TO DETERMINE,1900,S,THROOP ST,1235,,,,,,,2,NO INDICATION OF INJURY,0,0,0,0,0,3,0,20,5,2,41.85604548,-87.65895739,POINT (-87.658957389686 41.856045482633)
5c698a6d510adb546b2e55a40071241b882e50c48c04b5e0760e5d222ee07c8eddb37d8c5e7d3b38074e9da0844892cfb4963920ab7a5d3236431512732feec9,JF148261,Y,2/17/2022 18:30,30,NO CONTROLS,NO CONTROLS,SNOW,"DARKNESS, LIGHTED ROAD",PARKED MOTOR VEHICLE,NOT DIVIDED,,STRAIGHT AND LEVEL,WET,UNKNOWN,NOT ON SCENE (DESK REPORT),NO INJURY / DRIVE AWAY,,,Y,"OVER $1,500",2/18/2022 9:05,UNABLE TO DETERMINE,WEATHER,1914,W,DIVISION ST,1424,,,,,,,2,NO INDICATION OF INJURY,0,0,0,0,0,1,0,18,5,2,41.90333103,-87.67543392,POINT (-87.675433918003 41.903331032064)
5c8a7a22adaf6ff6cb2fd7a9b3f9dd1c851e2fb9a94086504af022c4d4c2ce8c3e33c11e0881fc919030f8b038700bb13ae3a047ec28648179d556941af8c27b,JF148668,,2/17/2022 16:09,35,NO CONTROLS,NO CONTROLS,SNOW,DAYLIGHT,SIDESWIPE SAME DIRECTION,ONE-WAY,,STRAIGHT AND LEVEL,SNOW OR SLUSH,NO DEFECTS,NOT ON SCENE (DESK REPORT),NO INJURY / DRIVE AWAY,,,,"$501 - $1,500",2/18/2022 15:44,WEATHER,WEATHER,1750,S,UNION AVE,1235,,,,,,,2,NO INDICATION OF INJURY,0,0,0,0,0,2,0,16,5,2,41.85759725,-87.64492977,POINT (-87.64492977334 41.857597249989)
5c904b6c15729152a622b4564b3fe48be0bd883fec829e5648bf7861ccd6b950ab6acee48a08653b8ef6aaa5ea71abff5c69140a2ca4081ed5b30f6a1bf97401,JF147677,Y,2/17/2022 15:54,30,NO CONTROLS,NO CONTROLS,SNOW,DAYLIGHT,TURNING,DIVIDED - W/MEDIAN (NOT RAISED),,STRAIGHT AND LEVEL,SNOW OR SLUSH,NO DEFECTS,ON SCENE,NO INJURY / DRIVE AWAY,,,Y,"OVER $1,500",2/17/2022 16:00,IMPROPER TURNING/NO SIGNAL,NOT APPLICABLE,6831,S,JEFFERY BLVD,331,,,,,,,2,NO INDICATION OF INJURY,0,0,0,0,0,2,0,15,5,2,41.77068875,-87.57627633,POINT (-87.576276333027 41.77068875201)
5d737eb9f4eff651c9135da47f846ef3ca984741d072e35355c6717583b0526f4d8b27329ca8c13d9ca2a1b48b34e7c941ef9955fec2661d6cf6c12a6e7ffea9,JF147708,Y,2/17/2022 14:50,30,NO CONTROLS,NO CONTROLS,SNOW,DAYLIGHT,REAR END,NOT DIVIDED,,STRAIGHT AND LEVEL,SNOW OR SLUSH,NO DEFECTS,NOT ON SCENE (DESK REPORT),NO INJURY / DRIVE AWAY,,,Y,$500 OR LESS,2/17/2022 16:48,IMPROPER LANE USAGE,FAILING TO YIELD RIGHT-OF-WAY,1645,N,MILWAUKEE AVE,1434,,,,,,,3,NO INDICATION OF INJURY,0,0,0,0,0,2,0,14,5,2,41.91136181,-87.67876152,POINT (-87.678761518108 41.911361807281)
5839174c0a371d395f3b3ab127695405fc459bdf59b13fae977dab9303fb79f9ebe33abafe2e21cc9bbd92102facea6dc92aac3c2a71d67ead2f82113fb64e7d,JC362783,Y,7/24/2019 15:36,30,NO CONTROLS,NO CONTROLS,CLEAR,DAWN,SIDESWIPE SAME DIRECTION,NOT DIVIDED,,STRAIGHT AND LEVEL,DRY,UNKNOWN,,INJURY AND / OR TOW DUE TO CRASH,,,Y,"OVER $1,500",7/24/2019 15:46,IMPROPER OVERTAKING/PASSING,"OPERATING VEHICLE IN ERRATIC, RECKLESS, CARELESS, NEGLIGENT OR AGGRESSIVE MANNER",6151,W,BRYN MAWR AVE,1622,,,,,,,2,NONINCAPACITATING INJURY,1,0,0,1,0,1,0,15,4,7,41.98279488,-87.78244777,POINT (-87.782447767967 41.982794878635)
584686f2a2ba6216a5303f21bba6bc01729003342b8acdaa13ec8dcd497e45e2c9837622602bcac840697b331542d44918eba925a44b3835fa41b55d13bc49bf,JF112714,Y,1/14/2022 13:50,30,STOP SIGN/FLASHER,FUNCTIONING PROPERLY,CLEAR,DAYLIGHT,TURNING,NOT DIVIDED,,STRAIGHT AND LEVEL,DRY,NO DEFECTS,,NO INJURY / DRIVE AWAY,Y,,,"$501 - $1,500",1/14/2022 14:00,FAILING TO YIELD RIGHT-OF-WAY,FAILING TO YIELD RIGHT-OF-WAY,2705,N,HALSTED ST,1935,,,,,,,2,NO INDICATION OF INJURY,0,0,0,0,0,3,0,13,6,1,41.93170102,-87.64882883,POINT (-87.648828830538 41.931701015792)
8661268548ac079ae160e5e482cb63f5ec0b869f40edab1a42e2cef8c29dc671965b294a1559f2caee0612e031eafd93233ae54062192a1c3d17de1ca6aade24,JC486557,,10/25/2019 21:05,30,TRAFFIC SIGNAL,FUNCTIONING PROPERLY,CLEAR,DARKNESS,REAR END,DIVIDED - W/MEDIAN (NOT RAISED),,STRAIGHT AND LEVEL,DRY,NO DEFECTS,,INJURY AND / OR TOW DUE TO CRASH,N,,,"OVER $1,500",10/25/2019 21:07,FAILING TO REDUCE SPEED TO AVOID CRASH,UNABLE TO DETERMINE,100,W,83RD ST,622,,,,,,,2,NO INDICATION OF INJURY,0,0,0,0,0,2,0,21,6,10,41.74372559,-87.62690236,POINT (-87.626902361999 41.743725593719)
994ce0fffbe4d5cd871f7aca63f727043ae3b736f083ff1bdd654b6592a1972e5a4de7ba10b01a20dbce03e0719636d274e501c4bfbef2d56bcf1b1865b9d382,JF184651,,3/23/2022 11:00,15,NO CONTROLS,NO CONTROLS,RAIN,DAYLIGHT,OTHER OBJECT,PARKING LOT,,STRAIGHT AND LEVEL,WET,NO DEFECTS,NOT ON SCENE (DESK REPORT),NO INJURY / DRIVE AWAY,,,,"$501 - $1,500",3/24/2022 8:20,IMPROPER BACKING,UNABLE TO DETERMINE,2300,S,ROCKWELL ST,1034,,,,,,,1,NO INDICATION OF INJURY,0,0,0,0,0,1,0,11,4,3,41.85009695,-87.69063727,POINT (-87.690637265682 41.850096951913)
86eb718f18358ac5c97accfa647178460127b273dbd12f50132f4bf5fc692a5ae61e1054380e63e5b26e3df7664e629503265c1cc94f9a2d3927853cae51a436,JF161749,,3/3/2022 3:00,30,NO CONTROLS,NO CONTROLS,CLEAR,DAYLIGHT,REAR END,NOT DIVIDED,,STRAIGHT AND LEVEL,DRY,UNKNOWN,NOT ON SCENE (DESK REPORT),NO INJURY / DRIVE AWAY,,,Y,"$501 - $1,500",3/3/2022 9:45,UNABLE TO DETERMINE,UNABLE TO DETERMINE,1556,E,103RD ST,431,,,,,,,3,NO INDICATION OF INJURY,0,0,0,0,0,3,0,3,5,3,41.70788617,-87.58561337,POINT (-87.585613365387 41.707886171989)
99997c483b4c735f5c770410142d015aee1747501a3a0fb6e5df85098fefb895b0ef4538c4b0459bb376952689d95267b82707f688a92eea917c38fc0bd62a23,JF183781,,3/23/2022 12:25,30,NO CONTROLS,NO CONTROLS,RAIN,DAYLIGHT,ANGLE,DIVIDED - W/MEDIAN (NOT RAISED),,STRAIGHT AND LEVEL,WET,NO DEFECTS,ON SCENE,NO INJURY / DRIVE AWAY,,,,"OVER $1,500",3/23/2022 12:32,FAILING TO YIELD RIGHT-OF-WAY,NOT APPLICABLE,2308,N,MILWAUKEE AVE,1414,,,,,,,2,NO INDICATION OF INJURY,0,0,0,0,0,2,0,12,4,3,41.92299776,-87.69773035,POINT (-87.697730352225 41.922997760419)
5e268d53a4fb90bc575e37bdaec8b654dab551201d85d8e84c91366d63d9a39b639a093c660d34ae5b9054bfce2395d963502cc6abcd65ae7dd4e80ea8031981,JF151603,,2/17/2022 8:45,30,UNKNOWN,UNKNOWN,UNKNOWN,DAYLIGHT,SIDESWIPE SAME DIRECTION,NOT DIVIDED,,STRAIGHT AND LEVEL,UNKNOWN,UNKNOWN,NOT ON SCENE (DESK REPORT),INJURY AND / OR TOW DUE TO CRASH,,,Y,"$501 - $1,500",2/21/2022 16:18,IMPROPER OVERTAKING/PASSING,IMPROPER OVERTAKING/PASSING,3001,S,KEDZIE AVE,1033,,,,,,,2,NONINCAPACITATING INJURY,1,0,0,1,0,2,0,8,5,2,41.83896822,-87.70472442,POINT (-87.704724423511 41.838968219323)
5e3491b431eaa5d0bde477e256bcf8281a23242a4b95c523d4fa5ae4a6f5f6ebbfdff51b0af083a5f5f9d0161eda5644394e506cbb4eeec9e41f4b4970aeb379,JF147827,,2/17/2022 18:06,30,TRAFFIC SIGNAL,FUNCTIONING PROPERLY,SNOW,DUSK,REAR END,DIVIDED - W/MEDIAN (NOT RAISED),,STRAIGHT AND LEVEL,SNOW OR SLUSH,OTHER,ON SCENE,NO INJURY / DRIVE AWAY,Y,,,"$501 - $1,500",2/17/2022 18:06,WEATHER,FAILING TO REDUCE SPEED TO AVOID CRASH,3600,S,PULASKI RD,1031,,,,,,,2,NO INDICATION OF INJURY,0,0,0,0,0,2,0,18,5,2,41.82871806,-87.72432061,POINT (-87.724320604623 41.828718064452)
8350f6f02da644f4d6c215f14b3a9dd08bd681952847da4ae9041faec2079866a7826e8a87061bb29814b34ac49ae4259bbcc9ef2283daad1cb1dd3b7a7ac94d,JF177464,,3/17/2022 17:50,30,UNKNOWN,UNKNOWN,UNKNOWN,DAYLIGHT,REAR TO FRONT,NOT DIVIDED,,STRAIGHT AND LEVEL,UNKNOWN,UNKNOWN,NOT ON SCENE (DESK REPORT),NO INJURY / DRIVE AWAY,,,Y,"OVER $1,500",3/17/2022 18:10,UNABLE TO DETERMINE,NOT APPLICABLE,2215,W,MELROSE ST,1921,,,,,,,2,NO INDICATION OF INJURY,0,0,0,0,0,3,0,17,5,3,41.94030624,-87.68387027,POINT (-87.683870265599 41.94030624445)
5e9a98ed0b4446aa9b3a9be29867553d19ac93500d5981631984e094ce497435cd878e01e218b8ed267d0abdca3b4be7b0830d2fbda8bfdc7b079fca6a650600,JF147959,,2/17/2022 18:30,30,NO CONTROLS,NO CONTROLS,SNOW,"DARKNESS, LIGHTED ROAD",SIDESWIPE SAME DIRECTION,ONE-WAY,,STRAIGHT AND LEVEL,SNOW OR SLUSH,UNKNOWN,ON SCENE,NO INJURY / DRIVE AWAY,Y,,Y,"OVER $1,500",2/17/2022 20:03,"OPERATING VEHICLE IN ERRATIC, RECKLESS, CARELESS, NEGLIGENT OR AGGRESSIVE MANNER",WEATHER,6448,S,STONY ISLAND AVE,314,,,,,,,2,NO INDICATION OF INJURY,0,0,0,0,0,2,0,18,5,2,41.7773425,-87.58649657,POINT (-87.586496573625 41.777342495378)
836d738f8db3d4277854788af7182298b5e3122e40bfea8cb506e2d10057dd4a61c3e122c32f508fd570d9a148be5f4742cbeeb1835ce75f6f545d4016a0bded,JF176849,,3/17/2022 10:20,30,TRAFFIC SIGNAL,FUNCTIONING PROPERLY,CLEAR,DAYLIGHT,TURNING,NOT DIVIDED,,STRAIGHT AND LEVEL,DRY,SHOULDER DEFECT,ON SCENE,INJURY AND / OR TOW DUE TO CRASH,Y,,Y,"OVER $1,500",3/17/2022 10:30,FAILING TO YIELD RIGHT-OF-WAY,UNABLE TO DETERMINE,5901,S,DAMEN AVE,714,,,,,,,2,NO INDICATION OF INJURY,0,0,0,0,0,3,0,10,5,3,41.78653947,-87.67394993,POINT (-87.673949929222 41.786539473747)
064e68e57992705eee351a7e4722fbe3dfcf10f066f351a29238be4f972188cc05cdea24af7da44144225a62ab74ae1069843cc118965d3f537fa3db677bdcb8,JF185820,,3/25/2022 7:39,10,NO CONTROLS,NO CONTROLS,RAIN,DAYLIGHT,PARKED MOTOR VEHICLE,PARKING LOT,,STRAIGHT AND LEVEL,WET,UNKNOWN,NOT ON SCENE (DESK REPORT),NO INJURY / DRIVE AWAY,,Y,,"$501 - $1,500",3/25/2022 8:29,UNABLE TO DETERMINE,NOT APPLICABLE,1250,W,ERIE ST,1215,,,,,,,2,NO INDICATION OF INJURY,0,0,0,0,0,1,0,7,6,3,41.8935757,-87.65936676,POINT (-87.659366756018 41.893575701814)
074906bfde73003e93504d0c94f63029b61dab2e0746c917b442c79f89913d62cd5b4e31e5905468cb2d2175e2c41cfc60a520c8974a9613e4be52aadf6c5e70,JF186519,,3/25/2022 17:35,30,STOP SIGN/FLASHER,FUNCTIONING PROPERLY,CLEAR,DAYLIGHT,TURNING,NOT DIVIDED,,STRAIGHT AND LEVEL,DRY,NO DEFECTS,ON SCENE,NO INJURY / DRIVE AWAY,,,Y,"OVER $1,500",3/25/2022 17:56,UNABLE TO DETERMINE,NOT APPLICABLE,7900,S,LAWNDALE AVE,834,,,,,,,2,NO INDICATION OF INJURY,0,0,0,0,0,2,0,17,6,3,41.74950686,-87.7147359,POINT (-87.714735902882 41.749506859012)
07a81fd02eee917065bf6bce65b8deb4f11036c77782162f40d97fce33842fe96b8b05bc370413919ba1530714671c4c694bd66a323f47a79ddd3c9baa45b34a,JF186409,,3/25/2022 10:00,30,NO CONTROLS,NO CONTROLS,RAIN,DAYLIGHT,PARKED MOTOR VEHICLE,NOT DIVIDED,,STRAIGHT AND LEVEL,DRY,NO DEFECTS,NOT ON SCENE (DESK REPORT),NO INJURY / DRIVE AWAY,,,Y,"$501 - $1,500",3/25/2022 16:29,NOT APPLICABLE,NOT APPLICABLE,6242,S,MULLIGAN AVE,812,,,,,,,2,NO INDICATION OF INJURY,0,0,0,0,0,1,0,10,6,3,41.77824196,-87.78021058,POINT (-87.780210582385 41.778241963693)
5f48642fe9ee3fc276094f8c672b2b3b98c80141ff53f5221d89a88c01bab3a74b05ab62ae29f626bcf9dd7456d7924ce1f7bd8bcbce24af219f723803ee7de3,JF147521,,2/17/2022 14:54,25,STOP SIGN/FLASHER,FUNCTIONING PROPERLY,SNOW,DAYLIGHT,REAR END,NOT DIVIDED,,STRAIGHT AND LEVEL,SNOW OR SLUSH,NO DEFECTS,ON SCENE,INJURY AND / OR TOW DUE TO CRASH,Y,,,"OVER $1,500",2/17/2022 14:55,WEATHER,WEATHER,6501,S,LOOMIS BLVD,724,,,,,,,2,NO INDICATION OF INJURY,0,0,0,0,0,2,0,14,5,2,41.77581309,-87.6591146,POINT (-87.659114598189 41.775813087177)
882f36c75536ffaf5f1b5b5cc0a08c0d2c4e0dd6111ea78312a97691439c3601aa8a6b15945c22b7ef1ea766fb800247692a7fc2f53c980b6390da7513b2ba9e,JF161544,,3/3/2022 2:27,30,NO CONTROLS,NO CONTROLS,CLEAR,"DARKNESS, LIGHTED ROAD",PARKED MOTOR VEHICLE,ONE-WAY,,STRAIGHT AND LEVEL,DRY,NO DEFECTS,ON SCENE,NO INJURY / DRIVE AWAY,,,,"$501 - $1,500",3/3/2022 2:45,FOLLOWING TOO CLOSELY,UNABLE TO DETERMINE,3130,N,LAKE SHORE DR,1934,,,,,,,2,NO INDICATION OF INJURY,0,0,0,0,0,2,0,2,5,3,41.93857932,-87.63790313,POINT (-87.637903130862 41.938579324284)
5f55c69d2bba836fcbde94b13052d42533837db3fbac289300dfe58cda75ebe18ecd8f92d95927d75c24a905eba654607ed95537dfadb9133731a39bcb207390,JF146985,,2/17/2022 2:20,30,NO CONTROLS,NO CONTROLS,RAIN,DARKNESS,FIXED OBJECT,PARKING LOT,,STRAIGHT AND LEVEL,UNKNOWN,WORN SURFACE,ON SCENE,INJURY AND / OR TOW DUE TO CRASH,,Y,,"$501 - $1,500",2/17/2022 2:30,PHYSICAL CONDITION OF DRIVER,UNABLE TO DETERMINE,7151,S,WESTERN AVE,832,,,,,,,1,NO INDICATION OF INJURY,0,0,0,0,0,1,0,2,5,2,41.7631971,-87.6830526,POINT (-87.683052599752 41.763197094674)
5ff032890d4d317f996b6dcb6072d34e55e2eee984f3534f660cf61d75a3be04290a9f16487838ff72cca65efea94749689635d9a21ed7fec71be84186128a83,JF147021,,2/17/2022 5:12,40,NO CONTROLS,NO CONTROLS,RAIN,DARKNESS,PARKED MOTOR VEHICLE,NOT DIVIDED,,STRAIGHT AND LEVEL,WET,NO DEFECTS,ON SCENE,INJURY AND / OR TOW DUE TO CRASH,,,,"OVER $1,500",2/17/2022 5:14,"EVASIVE ACTION DUE TO ANIMAL, OBJECT, NONMOTORIST",UNABLE TO DETERMINE,13239,S,TORRENCE AVE,433,,,,,,,2,"REPORTED, NOT EVIDENT",1,0,0,0,1,0,0,5,5,2,41.65439444,-87.55915183,POINT (-87.559151833489 41.654394436315)
5ffee9a25d414958fbd67470b1681781f64b71d1c04eb6ed25328911cd9d83872f7b470925484fe240576ddb536da41375609eab7b519a68f8b9be149862825d,JF147456,Y,2/17/2022 13:30,30,NO CONTROLS,NO CONTROLS,SNOW,UNKNOWN,PARKED MOTOR VEHICLE,PARKING LOT,,STRAIGHT AND LEVEL,SNOW OR SLUSH,NO DEFECTS,,NO INJURY / DRIVE AWAY,,Y,Y,"OVER $1,500",2/17/2022 13:40,NOT APPLICABLE,NOT APPLICABLE,3301,W,ARTHINGTON ST,1134,,,,,,,2,NO INDICATION OF INJURY,0,0,0,0,0,1,0,13,5,2,41.86992196,-87.70833407,POINT (-87.708334066912 41.869921964079)