CRASH_RECORD_ID,RD_NO,CRASH_DATE_EST_I,CRASH_DATE,POSTED_SPEED_LIMIT,TRAFFIC_CONTROL_DEVICE,DEVICE_CONDITION,WEATHER_CONDITION,LIGHTING_CONDITION,FIRST_CRASH_TYPE,TRAFFICWAY_TYPE,LANE_CNT,ALIGNMENT,ROADWAY_SURFACE_COND,ROAD_DEFECT,REPORT_TYPE,CRASH_TYPE,INTERSECTION_RELATED_I,NOT_RIGHT_OF_WAY_I,HIT_AND_RUN_I,DAMAGE,DATE_POLICE_NOTIFIED,PRIM_CONTRIBUTORY_CAUSE,SEC_CONTRIBUTORY_CAUSE,STREET_NO,STREET_DIRECTION,STREET_NAME,BEAT_OF_OCCURRENCE,PHOTOS_TAKEN_I,STATEMENTS_TAKEN_I,DOORING_I,WORK_ZONE_I,WORK_ZONE_TYPE,WORKERS_PRESENT_I,NUM_UNITS,MOST_SEVERE_INJURY,INJURIES_TOTAL,INJURIES_FATAL,INJURIES_INCAPACITATING,INJURIES_NON_INCAPACITATING,INJURIES_REPORTED_NOT_EVIDENT,INJURIES_NO_INDICATION,INJURIES_UNKNOWN,CRASH_HOUR,CRASH_DAY_OF_WEEK,CRASH_MONTH,LATITUDE,LONGITUDE,LOCATION
84377a98ace10c72ece86d4ee1d650e51c5330699a1b6d7599fc791c43c89df1d1396c008fdfdccc109f78860ebcfb9295bc4c087b9274656b3bcb8f705e3e74,JF177484,,3/17/2022 16:49,30,TRAFFIC SIGNAL,FUNCTIONING PROPERLY,CLEAR,DAYLIGHT,SIDESWIPE SAME DIRECTION,NOT DIVIDED,,STRAIGHT AND LEVEL,DRY,NO DEFECTS,NOT ON SCENE (DESK REPORT),NO INJURY / DRIVE AWAY,,,,"$501 - $1,500",3/17/2022 18:15,UNABLE TO DETERMINE,UNABLE TO DETERMINE,200,W,ONTARIO ST,1831,,,,,,,2,NO INDICATION OF INJURY,0,0,0,0,0,2,0,16,5,3,41.89329744,-87.63418828,POINT (-87.634188275005 41.893297436503)
5b26a2ff5dbcfb075db189d98542850e75f3b14c69248be2a3dbea74c7b09167ca58f90653970e9bbbe711e7b3930f99811b38cd165c2b530fbecbc909f3db20,JF154346,,2/24/2022 1:49,30,NO CONTROLS,NO CONTROLS,CLEAR,DAYLIGHT,PARKED MOTOR VEHICLE,NOT DIVIDED,,STRAIGHT AND LEVEL,DRY,UNKNOWN,NOT ON SCENE (DESK REPORT),NO INJURY / DRIVE AWAY,,,Y,"OVER $1,500",2/24/2022 8:45,UNABLE TO DETERMINE,UNABLE TO DETERMINE,4502,S,CALIFORNIA AVE,922,,,,,,,2,NO INDICATION OF INJURY,0,0,0,0,0,1,0,1,5,2,41.81176207,-87.69445671,POINT (-87.694456707122 41.811762069088)
84434294d47c640442e5df313086cefe7435661476ad5ca7d570d8f4fa6dd05e54713f365175ecbcdb7fe67e690b930e3534833d865e440c6780d63ec9baad98,JF176769,,3/17/2022 7:15,30,STOP SIGN/FLASHER,FUNCTIONING PROPERLY,CLEAR,DAYLIGHT,ANGLE,DIVIDED - W/MEDIAN (NOT RAISED),,STRAIGHT AND LEVEL,DRY,NO DEFECTS,NOT ON SCENE (DESK REPORT),NO INJURY / DRIVE AWAY,,,,"$501 - $1,500",3/17/2022 9:00,FAILING TO YIELD RIGHT-OF-WAY,"VISION OBSCURED (SIGNS, TREE LIMBS, BUILDINGS, ETC.)",900,N,PULASKI RD,1111,,,,,,,2,NO INDICATION OF INJURY,0,0,0,0,0,2,0,7,5,3,41.89728886,-87.72629048,POINT (-87.726290477551 41.897288859731)
840784d0ba52d3b09adffd4e970e96a44c41b75bf3c00b37e9929e2c267ada82a37297afe24bd2f5eff0a6541a432bf9f943d922dda71c09e2a59344bf33c97f,JF125011,,1/26/2022 17:40,30,NO CONTROLS,NO CONTROLS,CLEAR,"DARKNESS, LIGHTED ROAD",FIXED OBJECT,DIVIDED - W/MEDIAN BARRIER,,STRAIGHT AND LEVEL,WET,NO DEFECTS,,INJURY AND / OR TOW DUE TO CRASH,,,,"OVER $1,500",1/26/2022 17:49,UNABLE TO DETERMINE,UNABLE TO DETERMINE,8824,S,STONY ISLAND AVE,412,,,,,,,1,NO INDICATION OF INJURY,0,0,0,0,0,1,0,17,4,1,41.73432488,-87.58573798,POINT (-87.585737974737 41.73432487951)
8411d6f546ef7110cd8e5885f7f96b36fb677b93a8af30adafcda8c9db05f957429723aecc5a570a17bfc806775911f782ad8687d763bc2755dda2cdb3f28592,JD182410,,3/11/2020 18:45,30,STOP SIGN/FLASHER,NOT FUNCTIONING,CLEAR,"DARKNESS, LIGHTED ROAD",TURNING,OTHER,,STRAIGHT AND LEVEL,DRY,UNKNOWN,,NO INJURY / DRIVE AWAY,,Y,Y,"OVER $1,500",3/11/2020 19:25,"OPERATING VEHICLE IN ERRATIC, RECKLESS, CARELESS, NEGLIGENT OR AGGRESSIVE MANNER",FAILING TO YIELD RIGHT-OF-WAY,6700,S,WESTERN AVE,832,Y,,,,,,2,NO INDICATION OF INJURY,0,0,0,0,0,2,0,18,4,3,41.77188403,-87.6835884,POINT (-87.683588402063 41.771884027712)
84270b512246f249250848b1c7d5dc059a41ac4248dd2255368f4c239678afcfb312f98470f7f88bcb497aefe027c08fcae490756a0dcb151732ee49f7ec3450,JD362845,,9/9/2020 15:00,30,NO CONTROLS,NO CONTROLS,UNKNOWN,DAYLIGHT,PARKED MOTOR VEHICLE,NOT DIVIDED,,STRAIGHT AND LEVEL,UNKNOWN,NO DEFECTS,,NO INJURY / DRIVE AWAY,,,Y,"OVER $1,500",9/10/2020 15:37,UNABLE TO DETERMINE,UNABLE TO DETERMINE,8333,S,DR MARTIN LUTHER KING JR DR,632,,,,,,,2,NO INDICATION OF INJURY,0,0,0,0,0,1,0,15,4,9,41.74281582,-87.61455198,POINT (-87.614551978497 41.742815822708)
60e9b3d78a024fd30d3ee6e6ffe83e0a54fd9c21b866a301a31037072f097c51ad395d805d5f5f36611b36dea2dcb4824c0f8bdab492ceb3f32b04fc97fb3665,JF147780,,2/17/2022 17:27,30,TRAFFIC SIGNAL,FUNCTIONING PROPERLY,SNOW,"DARKNESS, LIGHTED ROAD",SIDESWIPE SAME DIRECTION,FOUR WAY,,STRAIGHT ON GRADE,SNOW OR SLUSH,UNKNOWN,ON SCENE,NO INJURY / DRIVE AWAY,,,,"OVER $1,500",2/17/2022 17:27,WEATHER,FAILING TO REDUCE SPEED TO AVOID CRASH,2158,S,CANAL ST,914,,,,,,,2,NO INDICATION OF INJURY,0,0,0,0,0,4,0,17,5,2,41.85282869,-87.63867987,POINT (-87.63867987077 41.852828692108)
60fb080815ede726e3dbe13615ed6bf1b5d13c8ca60fa259862c130d7929aacc10df62117ce2e59dfffcdb12320cca29a3c937fc3775547dfe08e3b324032ad3,JF147603,Y,2/17/2022 15:30,30,TRAFFIC SIGNAL,FUNCTIONING PROPERLY,BLOWING SNOW,DAYLIGHT,FIXED OBJECT,NOT DIVIDED,,"CURVE, LEVEL",SNOW OR SLUSH,WORN SURFACE,ON SCENE,INJURY AND / OR TOW DUE TO CRASH,Y,,,"OVER $1,500",2/17/2022 15:56,WEATHER,FAILING TO YIELD RIGHT-OF-WAY,6700,S,DR MARTIN LUTHER KING JR DR,322,,,,,,,1,NONINCAPACITATING INJURY,1,0,0,1,0,1,0,15,5,2,41.77291003,-87.61559471,POINT (-87.615594705433 41.772910033936)
615cc1df22d3ab2db6ec4aba6fed48285ee618438f8295d7832e2dcdb24a77b1374169238e396e56ff6ac22f652cc023011578501f3bc87262de70414e152fd4,JF148557,,2/17/2022 17:30,30,TRAFFIC SIGNAL,FUNCTIONING PROPERLY,SNOW,DAYLIGHT,REAR END,FOUR WAY,,STRAIGHT AND LEVEL,SNOW OR SLUSH,UNKNOWN,NOT ON SCENE (DESK REPORT),NO INJURY / DRIVE AWAY,,,,"$501 - $1,500",2/18/2022 15:40,FOLLOWING TOO CLOSELY,NOT APPLICABLE,2812,N,ASHLAND AVE,1931,,,,,,,2,NO INDICATION OF INJURY,0,0,0,0,0,2,0,17,5,2,41.93282166,-87.66855846,POINT (-87.668558463456 41.932821659614)
5c3dca4966085b1abfbbd1014b03b4bd68cdaff3aedf2b3edf2d67fcc3e566f292ee297aeb3db97c8655112cd3728c7dfd5c962d0f0ae92299662c91b73e31cf,JD365106,,9/12/2020 16:36,30,TRAFFIC SIGNAL,UNKNOWN,RAIN,DUSK,REAR TO SIDE,NOT DIVIDED,,STRAIGHT AND LEVEL,WET,UNKNOWN,,INJURY AND / OR TOW DUE TO CRASH,Y,,,"OVER $1,500",9/12/2020 16:43,EQUIPMENT - VEHICLE CONDITION,EQUIPMENT - VEHICLE CONDITION,6300,S,WENTWORTH AVE,312,,,,,,,2,NO INDICATION OF INJURY,0,0,0,0,0,3,0,16,7,9,41.77990261,-87.63029381,POINT (-87.630293805556 41.779902613439)
6173b609d4756e0667a02808f21100fc98d1e4f6e9022bafe9b9ff2660c3f1ea881ea18667c1521075a907d75e3e9d3daecdfe2afa380cf7e0cb4c5d5e63bf62,JE441552,,11/11/2021 11:53,30,TRAFFIC SIGNAL,NOT FUNCTIONING,RAIN,DAYLIGHT,TURNING,T-INTERSECTION,,STRAIGHT AND LEVEL,WET,NO DEFECTS,,NO INJURY / DRIVE AWAY,,,,"OVER $1,500",11/11/2021 12:25,FAILING TO YIELD RIGHT-OF-WAY,FAILING TO YIELD RIGHT-OF-WAY,1000,S,DAMEN AVE,1225,,,,,,,2,NO INDICATION OF INJURY,0,0,0,0,0,4,0,11,5,11,41.86904509,-87.67646103,POINT (-87.676461033512 41.869045088257)
8a8f5fd2bc200046e5d04219a87875042acebed92af01c1b339ba50c7be72133a8b11c2cc829134d0bda8a70359420ee159e46123245af6a236386dbdcfb04ea,JE315169,,7/26/2021 17:15,35,TRAFFIC SIGNAL,FUNCTIONING PROPERLY,CLEAR,DAYLIGHT,REAR END,NOT DIVIDED,,STRAIGHT AND LEVEL,DRY,NO DEFECTS,,NO INJURY / DRIVE AWAY,,,,"OVER $1,500",7/26/2021 18:05,NOT APPLICABLE,NOT APPLICABLE,5500,S,WESTERN AVE,824,,,,,,,2,NO INDICATION OF INJURY,0,0,0,0,0,2,0,17,2,7,41.79337055,-87.68417538,POINT (-87.684175376759 41.79337055433)
cb08ebf353811a8b7d0ede37902275d6c231f45f59d7137b7194003dd91b463cf4cfc7bf7a8adb7509aa4bf78e68f73a1f2d21f37fdd8d2d501637eeea4e1bbf,JE180774,,3/26/2021 19:10,15,NO CONTROLS,NO CONTROLS,CLEAR,"DARKNESS, LIGHTED ROAD",REAR END,NOT DIVIDED,,STRAIGHT AND LEVEL,DRY,NO DEFECTS,,INJURY AND / OR TOW DUE TO CRASH,,,,"OVER $1,500",3/26/2021 20:28,FAILING TO REDUCE SPEED TO AVOID CRASH,UNABLE TO DETERMINE,9537,S,YALE AVE,511,,,,,,,5,NONINCAPACITATING INJURY,1,0,0,1,0,1,0,19,6,3,41.72053693,-87.62972116,POINT (-87.629721156332 41.720536924899)
8ae9113523b46840f1aab474c63ee12f6b815e699936c089137ec875fea2eb2a99a01c10815243deaf41e04c9d27928c2484802dfe77105a708fcfa9353b137e,JF162343,N,3/3/2022 18:50,30,OTHER,NO CONTROLS,CLEAR,DUSK,PEDESTRIAN,DIVIDED - W/MEDIAN (NOT RAISED),,STRAIGHT AND LEVEL,DRY,UNKNOWN,ON SCENE,INJURY AND / OR TOW DUE TO CRASH,Y,,,$500 OR LESS,3/3/2022 19:00,EQUIPMENT - VEHICLE CONDITION,EQUIPMENT - VEHICLE CONDITION,3245,W,NORTH AVE,1422,,,,,,,2,INCAPACITATING INJURY,2,0,1,1,0,0,0,18,5,3,41.90997981,-87.70882568,POINT (-87.708825675533 41.909979805809)
62ad5381c4a43c6dc52c5d4a7f9d67b087c9350476ca092656f38c656b8edf22aa26a9e75c385f0d724d156ed51d210eeeef7f828cae0d3bb8d8ac9321d2eeb5,JF150367,Y,2/17/2022 21:30,30,NO CONTROLS,NO CONTROLS,SNOW,UNKNOWN,PARKED MOTOR VEHICLE,NOT DIVIDED,,STRAIGHT AND LEVEL,SNOW OR SLUSH,NO DEFECTS,ON SCENE,INJURY AND / OR TOW DUE TO CRASH,,,Y,"$501 - $1,500",2/20/2022 12:45,UNABLE TO DETERMINE,UNABLE TO DETERMINE,5477,S,HYDE PARK BLVD,234,,,,,,,2,NO INDICATION OF INJURY,0,0,0,0,0,1,0,21,5,2,41.79596489,-87.5838209,POINT (-87.583820897983 41.795964892151)
8c12c2d48470f5387c67a61afc7f949b14fec2cc5f23261ece4a37c75f5b68aaf0063d5349c4593bf78dd53c8755d3438ce667502da1685d5d3233edb0441ffd,JF161704,,3/3/2022 9:00,30,NO CONTROLS,NO CONTROLS,CLEAR,DAYLIGHT,REAR END,OTHER,,STRAIGHT AND LEVEL,DRY,NO DEFECTS,ON SCENE,NO INJURY / DRIVE AWAY,,,,"OVER $1,500",3/3/2022 9:10,ROAD CONSTRUCTION/MAINTENANCE,NOT APPLICABLE,643,W,GARFIELD BLVD,711,,,,,,,2,NO INDICATION OF INJURY,0,0,0,0,0,2,0,9,5,3,41.79389251,-87.64198145,POINT (-87.641981444953 41.793892508472)
5c9610c89a525db49aac89bb7b739cc44d8d40e2730a6c7ebf0e2d380a416104d9c866dc3241facd092dd469b0d9e908efe0ea20d10944d6436b3f8d25286012,JF154198,,2/24/2022 0:15,30,TRAFFIC SIGNAL,FUNCTIONING PROPERLY,SNOW,"DARKNESS, LIGHTED ROAD",SIDESWIPE SAME DIRECTION,NOT DIVIDED,,STRAIGHT AND LEVEL,SNOW OR SLUSH,NO DEFECTS,NOT ON SCENE (DESK REPORT),NO INJURY / DRIVE AWAY,,,,"OVER $1,500",2/24/2022 0:40,IMPROPER LANE USAGE,UNABLE TO DETERMINE,3400,W,FOSTER AVE,1712,,,,,,,2,NO INDICATION OF INJURY,0,0,0,0,0,2,0,0,5,2,41.97579827,-87.71362075,POINT (-87.713620746098 41.975798273754)
62d5d91d9bb78ded60659ded89ea840184e12568b5ae7702c4cc992f005b81b2842c6106367c1df8b6ca8c76992266b73839a8c4eba71a97c7a2e0d34bce9faa,JF147168,,2/17/2022 8:30,30,NO CONTROLS,NO CONTROLS,CLOUDY/OVERCAST,DAYLIGHT,PARKED MOTOR VEHICLE,NOT DIVIDED,,STRAIGHT AND LEVEL,DRY,NO DEFECTS,ON SCENE,NO INJURY / DRIVE AWAY,,,Y,"$501 - $1,500",2/17/2022 8:31,DRIVING SKILLS/KNOWLEDGE/EXPERIENCE,UNABLE TO DETERMINE,3853,S,LA SALLE ST,213,,,,,,,2,NO INDICATION OF INJURY,0,0,0,0,0,2,0,8,5,2,41.82401396,-87.6294975,POINT (-87.62949749607 41.8240139638)
5ca8cc692701c5279352311074db020c5206be8677eca3bcb416c04da9aa38fe4fa2c398e337d60d8995c5ec8418977d18c989c4a75f736f8fe69ad2f4d88c76,JF154306,,2/24/2022 7:10,30,NO CONTROLS,NO CONTROLS,CLEAR,DAYLIGHT,REAR TO FRONT,ONE-WAY,,STRAIGHT AND LEVEL,DRY,NO DEFECTS,ON SCENE,NO INJURY / DRIVE AWAY,,,,"OVER $1,500",2/24/2022 7:40,IMPROPER BACKING,FAILING TO REDUCE SPEED TO AVOID CRASH,3821,W,58TH PL,822,,,,,,,2,NO INDICATION OF INJURY,0,0,0,0,0,2,0,7,5,2,41.78679985,-87.7189622,POINT (-87.718962195103 41.786799846575)
bc739ff02ec8e1411705b1dda3986eafa683c8ef7ac94ff6e532919ca3aaa92d92b0a0021888980d4f35270b75b4956b2af600236519985a8a91b3c54e1c2f12,JF169803,,3/10/2022 19:35,30,TRAFFIC SIGNAL,FUNCTIONING PROPERLY,SNOW,"DARKNESS, LIGHTED ROAD",ANGLE,DIVIDED - W/MEDIAN (NOT RAISED),,STRAIGHT AND LEVEL,SNOW OR SLUSH,NO DEFECTS,ON SCENE,NO INJURY / DRIVE AWAY,,,,$500 OR LESS,3/10/2022 19:41,IMPROPER BACKING,WEATHER,1223,S,JEFFERSON ST,124,,,,,,,2,NO INDICATION OF INJURY,0,0,0,0,0,2,0,19,5,3,41.86654567,-87.64201905,POINT (-87.642019046605 41.866545669158)
637f86927b566964ca3b0e9d9f458ff67221ad1502fecc391db6544d9c2a5e69fb6b173be4cfbe43ce5efe00ed3231c291153e5ba5e8db4728d989706e04e1ea,JF147732,,2/17/2022 15:25,15,STOP SIGN/FLASHER,FUNCTIONING PROPERLY,SNOW,DAYLIGHT,TURNING,NOT DIVIDED,,STRAIGHT AND LEVEL,SNOW OR SLUSH,UNKNOWN,NOT ON SCENE (DESK REPORT),NO INJURY / DRIVE AWAY,,,Y,"OVER $1,500",2/17/2022 17:15,WEATHER,UNABLE TO DETERMINE,2729,W,45TH ST,922,,,,,,,2,NO INDICATION OF INJURY,0,0,0,0,0,2,0,15,5,2,41.81182158,-87.69302969,POINT (-87.6930296897 41.811821576931)
bd010f9c4e04df4ee1d530607d6f631d74d467ff74d8d42c9989bd8b7027559158b5c1f09fbb4e9dfd142deb7e27ce7c20a3419f8ddbf477a3bb1c83e306fa65,JF168886,,3/10/2022 1:53,10,NO CONTROLS,NO CONTROLS,CLEAR,"DARKNESS, LIGHTED ROAD",FIXED OBJECT,OTHER,,STRAIGHT AND LEVEL,DRY,NO DEFECTS,ON SCENE,INJURY AND / OR TOW DUE TO CRASH,,Y,N,"OVER $1,500",3/10/2022 2:03,UNABLE TO DETERMINE,NOT APPLICABLE,5501,S,ASHLAND AVE,713,,,,,,,1,NO INDICATION OF INJURY,0,0,0,0,0,1,0,1,5,3,41.79359129,-87.66442764,POINT (-87.664427637221 41.793591294116)
868c216b87ded96353a7385cc32d7aa9e781f0250ace7008b1af557c867a29e44c85fea30f691b30f775226cccaa65570cb08eb467d3410235873b5d066632bc,JE337081,,8/14/2021 12:18,35,NO CONTROLS,NO CONTROLS,CLEAR,DAYLIGHT,PARKED MOTOR VEHICLE,DIVIDED - W/MEDIAN (NOT RAISED),,STRAIGHT AND LEVEL,DRY,NO DEFECTS,,INJURY AND / OR TOW DUE TO CRASH,,,Y,"$501 - $1,500",8/14/2021 12:18,UNABLE TO DETERMINE,UNABLE TO DETERMINE,741,E,MARQUETTE RD,321,,,,,,,3,INCAPACITATING INJURY,1,0,1,0,0,1,0,12,7,8,41.77483635,-87.60664998,POINT (-87.606649979234 41.774836347191)
868e779022aff3b1fe5ba93417ead9d4924a92697c08d1624f87d68fc9ee3884dff980aefc9e729ff26624b01408ed60f099d1183b2f23767c73609d6278fb47,JE135228,,2/7/2021 15:27,30,TRAFFIC SIGNAL,UNKNOWN,BLOWING SNOW,DAYLIGHT,TURNING,DIVIDED - W/MEDIAN BARRIER,,STRAIGHT AND LEVEL,SNOW OR SLUSH,UNKNOWN,,INJURY AND / OR TOW DUE TO CRASH,,,,"OVER $1,500",2/7/2021 15:31,FAILING TO REDUCE SPEED TO AVOID CRASH,NOT APPLICABLE,3555,W,OGDEN AVE,1024,,,,,,,2,NONINCAPACITATING INJURY,1,0,0,1,0,1,0,15,1,2,41.85457036,-87.71436088,POINT (-87.714360877955 41.854570358503)
868f299a65f32f95ffa587d021b9ea8f9a92396213f86af6f1af03b5c82f2f21528fd78a61b118b9bb26f38100d8baaee39bb8bda7fe1a297cb448606c7d8999,JF151455,,2/21/2022 13:40,30,STOP SIGN/FLASHER,FUNCTIONING PROPERLY,UNKNOWN,UNKNOWN,ANGLE,ONE-WAY,,STRAIGHT AND LEVEL,UNKNOWN,UNKNOWN,,NO INJURY / DRIVE AWAY,,,Y,"OVER $1,500",2/21/2022 14:15,UNABLE TO DETERMINE,NOT APPLICABLE,1336,W,80TH ST,612,,,,,,,2,NO INDICATION OF INJURY,0,0,0,0,0,2,0,13,2,2,41.74873129,-87.65755858,POINT (-87.657558576895 41.74873129179)
63a9f5dd627bf439576917d0a435aad25d652dfac0c57b9b516bed4cb20b14b9e4b2b650424899fdf969b22e7cab6a3f83738b86fdf663a413c31637ef4c316c,JF148004,,2/17/2022 20:18,30,NO CONTROLS,NO CONTROLS,SNOW,"DARKNESS, LIGHTED ROAD",PARKED MOTOR VEHICLE,ONE-WAY,,STRAIGHT AND LEVEL,SNOW OR SLUSH,NO DEFECTS,NOT ON SCENE (DESK REPORT),NO INJURY / DRIVE AWAY,,,,"OVER $1,500",2/17/2022 22:20,UNABLE TO DETERMINE,UNABLE TO DETERMINE,3015,W,64TH ST,823,,,,,,,2,NO INDICATION OF INJURY,0,0,0,0,0,2,0,20,5,2,41.7771011,-87.69890997,POINT (-87.698909966409 41.777101099809)
8cf09699195c72fbde4c56cf65049dc2d49a2ca906f2a9c069e13e8f7490c0aa86389236044399ae8822e7774e5d0acfa07f0add40c76270650d2c9c81de3ba1,JF162750,,3/3/2022 19:45,30,TRAFFIC SIGNAL,FUNCTIONING PROPERLY,CLEAR,"DARKNESS, LIGHTED ROAD",ANGLE,ONE-WAY,,STRAIGHT AND LEVEL,DRY,NO DEFECTS,NOT ON SCENE (DESK REPORT),INJURY AND / OR TOW DUE TO CRASH,N,,Y,"OVER $1,500",3/4/2022 9:00,IMPROPER OVERTAKING/PASSING,NOT APPLICABLE,7918,S,LAFAYETTE AVE,623,,,,,,,2,NO INDICATION OF INJURY,0,0,0,0,0,2,0,19,5,3,41.75023038,-87.62594676,POINT (-87.625946755165 41.750230384144)
876c584f5ac4b9389ba9f8dd033abcb2991509f11d5963d209e4cb572e483d6372eb8d9a4abe7db4edb998199eb711104f7d12d74d17b4b3f301d6f3592eca35,JF176773,,3/17/2022 7:00,30,STOP SIGN/FLASHER,FUNCTIONING PROPERLY,CLEAR,DAYLIGHT,ANGLE,UNKNOWN INTERSECTION TYPE,,STRAIGHT AND LEVEL,DRY,NO DEFECTS,NOT ON SCENE (DESK REPORT),NO INJURY / DRIVE AWAY,Y,,,"OVER $1,500",3/17/2022 7:30,FAILING TO YIELD RIGHT-OF-WAY,FAILING TO YIELD RIGHT-OF-WAY,4000,W,IOWA ST,1111,,,,,,,2,NO INDICATION OF INJURY,0,0,0,0,0,2,0,7,5,3,41.89731185,-87.72619753,POINT (-87.726197528555 41.897311845037)
8d1e171124864940287ce2b1d12a397af9b31aeaabe54cf039f8efa9df3d21d9a0c20a5c62bc3133f7fcc99d3423b891dcf9159285f10df370aae6c79b6caa4c,JF162307,,3/3/2022 17:56,30,NO CONTROLS,NO CONTROLS,CLEAR,"DARKNESS, LIGHTED ROAD",PARKED MOTOR VEHICLE,NOT DIVIDED,,STRAIGHT AND LEVEL,DRY,NO DEFECTS,ON SCENE,INJURY AND / OR TOW DUE TO CRASH,,,,"OVER $1,500",3/3/2022 17:57,UNABLE TO DETERMINE,NOT APPLICABLE,40,W,OAK ST,1824,,,,,,,2,NO INDICATION OF INJURY,0,0,0,0,0,1,0,17,5,3,41.90068347,-87.62981295,POINT (-87.629812946175 41.900683468082)
bdea46b45a574126b2c4536d76a6026f2a25ec0d35add9a01b841b5dd3cf3f2d9ade120f0624d8fa541fd8bcab56e95e1b6f7ef76d0262c072c66d5368832cb7,JF169659,,3/10/2022 17:02,25,NO CONTROLS,NO CONTROLS,CLEAR,DAYLIGHT,TURNING,FOUR WAY,,STRAIGHT AND LEVEL,DRY,NO DEFECTS,NOT ON SCENE (DESK REPORT),NO INJURY / DRIVE AWAY,Y,,Y,"OVER $1,500",3/10/2022 17:45,IMPROPER OVERTAKING/PASSING,NOT APPLICABLE,10601,S,KEDZIE AVE,2211,,,,,,,2,NO INDICATION OF INJURY,0,0,0,0,0,2,0,17,5,3,41.7005752,-87.70099811,POINT (-87.700998109136 41.700575204422)
9d83f0ca78bf32a4cf690bbaf99f129e22c65246daef49eb07f611b1934bdfffc33bc057aa9ebc47d9b87a5c602d66504371c971844d719fbb3f759a5b100a0c,JF184364,,3/23/2022 20:40,30,STOP SIGN/FLASHER,FUNCTIONING PROPERLY,RAIN,"DARKNESS, LIGHTED ROAD",TURNING,DIVIDED - W/MEDIAN (NOT RAISED),,STRAIGHT AND LEVEL,WET,NO DEFECTS,ON SCENE,NO INJURY / DRIVE AWAY,Y,,,"OVER $1,500",3/23/2022 20:41,FAILING TO YIELD RIGHT-OF-WAY,NOT APPLICABLE,300,E,83RD ST,631,,,,,,,2,NO INDICATION OF INJURY,0,0,0,0,0,3,0,20,4,3,41.7438699,-87.61787568,POINT (-87.617875679485 41.743869900188)
60d57481e8d3e23670d5315b030d9a1486d4abf9d0d32685bdd98df44ca5737c6e518f06bb37c428001ea2b78e36445134c1646a99f200d56dee6efd2721048b,JF155449,,2/24/2022 16:15,30,TRAFFIC SIGNAL,FUNCTIONING PROPERLY,SNOW,DAYLIGHT,ANGLE,DIVIDED - W/MEDIAN (NOT RAISED),,STRAIGHT AND LEVEL,SNOW OR SLUSH,NO DEFECTS,NOT ON SCENE (DESK REPORT),NO INJURY / DRIVE AWAY,Y,,,"OVER $1,500",2/25/2022 9:50,IMPROPER LANE USAGE,FAILING TO REDUCE SPEED TO AVOID CRASH,2798,N,NARRAGANSETT AVE,2512,,,,,,,2,NO INDICATION OF INJURY,0,0,0,0,0,2,0,16,5,2,41.9309076,-87.78583346,POINT (-87.785833463057 41.930907604483)
8ed9784444a795c126c4238b71087f4093ab41e78890f0e49cae619900aa633893ba84b9ddf06cd3a3e64f3d8a98c5f34cb7e720e3a3aa226e0b5b92e784cfa8,JF162520,,3/3/2022 21:30,30,NO CONTROLS,NO CONTROLS,CLEAR,"DARKNESS, LIGHTED ROAD",PARKED MOTOR VEHICLE,NOT DIVIDED,,STRAIGHT AND LEVEL,DRY,NO DEFECTS,ON SCENE,NO INJURY / DRIVE AWAY,,,,"OVER $1,500",3/3/2022 22:32,UNABLE TO DETERMINE,UNABLE TO DETERMINE,951,W,LELAND AVE,1914,,,,,,,2,NO INDICATION OF INJURY,0,0,0,0,0,1,0,21,5,3,41.96717417,-87.65450998,POINT (-87.654509976259 41.96717417268)
be977e963bd0c7bfc352d1a25bc24ec928aa12454c8aca1f8cba0eb81d10d636d0d933c2becef3450992b3b5a41b562ef32c26275c1d005110108716d65b1088,JF184973,,3/24/2022 12:35,30,NO CONTROLS,NO CONTROLS,RAIN,DAYLIGHT,PARKED MOTOR VEHICLE,PARKING LOT,,STRAIGHT AND LEVEL,WET,UNKNOWN,,NO INJURY / DRIVE AWAY,,,Y,"$501 - $1,500",3/24/2022 13:00,IMPROPER OVERTAKING/PASSING,IMPROPER OVERTAKING/PASSING,2526,W,CERMAK RD,1023,,,,,,,2,NO INDICATION OF INJURY,0,0,0,0,0,1,0,12,5,3,41.85210065,-87.68905111,POINT (-87.689051110607 41.85210065324)
608b74cbdded53aa1033881743db9b0fdafd65ffdcd72f901844bc9ad779e45beed0dff3f4eaf7ecccf52c0ad4156391525acd4e72fdc97b3a1cecfd81ba177b,JD366210,,9/23/2020 15:58,30,NO CONTROLS,NO CONTROLS,CLEAR,DAYLIGHT,PARKED MOTOR VEHICLE,RAMP,,STRAIGHT AND LEVEL,DRY,NO DEFECTS,,NO INJURY / DRIVE AWAY,,,Y,"OVER $1,500",9/23/2020 16:02,UNABLE TO DETERMINE,NOT APPLICABLE,6105,S,BISHOP ST,713,N,,,,,,4,NO INDICATION OF INJURY,0,0,0,0,0,1,0,15,4,9,41.78295891,-87.66050699,POINT (-87.660506986774 41.782958911487)
87d7e372cbcb51574a53ae1e0755311783b3523581fab2013dcda888002e574d639e5f3dc9d9194d8390eb2701a9b7fa180037071d2fe59456b8dab6f71e6551,JC566348,,12/31/2019 10:45,30,STOP SIGN/FLASHER,FUNCTIONING PROPERLY,SNOW,DAYLIGHT,ANGLE,DIVIDED - W/MEDIAN (NOT RAISED),,STRAIGHT AND LEVEL,DRY,NO DEFECTS,,NO INJURY / DRIVE AWAY,,,Y,"OVER $1,500",12/31/2019 11:20,FAILING TO YIELD RIGHT-OF-WAY,FAILING TO YIELD RIGHT-OF-WAY,900,W,MONROE ST,1232,,,,,,,2,NO INDICATION OF INJURY,0,0,0,0,0,3,0,10,3,12,41.88055877,-87.64972024,POINT (-87.649720243891 41.880558765496)