CRASH_RECORD_ID,RD_NO,CRASH_DATE_EST_I,CRASH_DATE,POSTED_SPEED_LIMIT,TRAFFIC_CONTROL_DEVICE,DEVICE_CONDITION,WEATHER_CONDITION,LIGHTING_CONDITION,FIRST_CRASH_TYPE,TRAFFICWAY_TYPE,LANE_CNT,ALIGNMENT,ROADWAY_SURFACE_COND,ROAD_DEFECT,REPORT_TYPE,CRASH_TYPE,INTERSECTION_RELATED_I,NOT_RIGHT_OF_WAY_I,HIT_AND_RUN_I,DAMAGE,DATE_POLICE_NOTIFIED,PRIM_CONTRIBUTORY_CAUSE,SEC_CONTRIBUTORY_CAUSE,STREET_NO,STREET_DIRECTION,STREET_NAME,BEAT_OF_OCCURRENCE,PHOTOS_TAKEN_I,STATEMENTS_TAKEN_I,DOORING_I,WORK_ZONE_I,WORK_ZONE_TYPE,WORKERS_PRESENT_I,NUM_UNITS,MOST_SEVERE_INJURY,INJURIES_TOTAL,INJURIES_FATAL,INJURIES_INCAPACITATING,INJURIES_NON_INCAPACITATING,INJURIES_REPORTED_NOT_EVIDENT,INJURIES_NO_INDICATION,INJURIES_UNKNOWN,CRASH_HOUR,CRASH_DAY_OF_WEEK,CRASH_MONTH,LATITUDE,LONGITUDE,LOCATION
886d773d941106a65667a7b20bc746af8f975f9a322ee0dc14398cd562afc171476464efa313949d21fd6939ce8ac002ae8b82c3a49eba597c881f9dd6614e2e,JD177127,,3/17/2022 13:45,30,NO CONTROLS,NO CONTROLS,CLEAR,DAYLIGHT,REAR END,NOT DIVIDED,,STRAIGHT AND LEVEL,DRY,NO DEFECTS,,NO INJURY / DRIVE AWAY,,,,"$501 - $1,500",3/17/2022 14:00,UNABLE TO DETERMINE,UNABLE TO DETERMINE,2039,N,LOCKWOOD AVE,2515,,,,,,,2,NO INDICATION OF INJURY,0,0,0,0,0,2,0,13,5,3,41.91784921,-87.75826891,POINT (-87.758268908121 41.917849209486)
61195ed8bae0c689aab8d15fd1ede7717c91f7804e00f0e05e2b30120e3dfad1e59de04fe3fe939af1707134acf2ad3097ac5e3dd75eb1d2ed434feec09d2113,JF154400,,2/24/2022 9:00,30,TRAFFIC SIGNAL,FUNCTIONING PROPERLY,CLOUDY/OVERCAST,DAYLIGHT,TURNING,DIVIDED - W/MEDIAN (NOT RAISED),,STRAIGHT AND LEVEL,DRY,NO DEFECTS,NOT ON SCENE (DESK REPORT),NO INJURY / DRIVE AWAY,,,,$500 OR LESS,2/24/2022 9:50,UNABLE TO DETERMINE,UNABLE TO DETERMINE,3214,N,KIMBALL AVE,1732,,,,,,,2,NO INDICATION OF INJURY,0,0,0,0,0,2,0,9,5,2,41.93973175,-87.71266538,POINT (-87.712665377938 41.939731753033)
6593e74d56aaa009133e79f3f3b18f555e10de5a5fed6ba99524f95685a5ae3c46ab4baad8898c3042183cd9ac165eb65e4b16e76981349b4ecbc7d804156791,JF147651,,2/17/2022 16:12,30,NO CONTROLS,NO CONTROLS,SNOW,DAYLIGHT,PARKED MOTOR VEHICLE,NOT DIVIDED,,STRAIGHT AND LEVEL,SNOW OR SLUSH,UNKNOWN,ON SCENE,NO INJURY / DRIVE AWAY,,,Y,"OVER $1,500",2/17/2022 16:13,UNABLE TO DETERMINE,UNABLE TO DETERMINE,5811,W,DIVERSEY AVE,2514,,,,,,,2,NO INDICATION OF INJURY,0,0,0,0,0,1,0,16,5,2,41.93109088,-87.77161863,POINT (-87.771618631859 41.931090877363)
65c51b6f37b1801ca3993a9b0fa5dd32ea49d700b578b4f9bbd884aefb9d1faede01fda36e84c9ceb4475de15b4e550cc12bb29122d227fc03d10b656070d66e,JF147669,,2/17/2022 16:15,30,NO CONTROLS,NO CONTROLS,SNOW,DAYLIGHT,ANGLE,DIVIDED - W/MEDIAN (NOT RAISED),,STRAIGHT AND LEVEL,SNOW OR SLUSH,NO DEFECTS,ON SCENE,INJURY AND / OR TOW DUE TO CRASH,,,,"OVER $1,500",2/17/2022 16:31,FAILING TO YIELD RIGHT-OF-WAY,WEATHER,1900,W,HENDERSON ST,1922,,,,,,,3,NO INDICATION OF INJURY,0,0,0,0,0,2,0,16,5,2,41.94244262,-87.67612825,POINT (-87.676128253591 41.942442618567)
65d79a1476886d2f4e44be8f8434e8dec0575c8d8cbe9cca013427c7aa9dbcfc9987cc32753325704466f74c8144e0de262b5d5aaca650a238c053c7c39756e7,JF148654,,2/17/2022 15:00,30,STOP SIGN/FLASHER,FUNCTIONING PROPERLY,SNOW,DAYLIGHT,ANGLE,ONE-WAY,,STRAIGHT AND LEVEL,SNOW OR SLUSH,NO DEFECTS,NOT ON SCENE (DESK REPORT),NO INJURY / DRIVE AWAY,Y,,,"OVER $1,500",2/18/2022 15:20,UNABLE TO DETERMINE,NOT APPLICABLE,3700,W,ALTGELD ST,2524,,,,,,,2,NO INDICATION OF INJURY,0,0,0,0,0,2,0,15,5,2,41.92649347,-87.71954732,POINT (-87.719547324455 41.926493469724)
612f6cb814cc72c5abe9e00b3e2f072358949d99ce8ccbbdd2af68c8eaa034710fd18c810366819f0ef07b93619d863057cc521f469e6e1b5fb0b5aa0f496692,JF155174,,2/24/2022 22:19,30,NO CONTROLS,NO CONTROLS,SNOW,"DARKNESS, LIGHTED ROAD",SIDESWIPE OPPOSITE DIRECTION,DIVIDED - W/MEDIAN (NOT RAISED),,STRAIGHT AND LEVEL,SNOW OR SLUSH,NO DEFECTS,ON SCENE,INJURY AND / OR TOW DUE TO CRASH,,,,"OVER $1,500",2/24/2022 22:20,WEATHER,WEATHER,1847,S,SACRAMENTO DR,1022,,,,,,,2,NO INDICATION OF INJURY,0,0,0,0,0,2,0,22,5,2,41.85644283,-87.7001744,POINT (-87.700174401573 41.856442832964)
8918eb629bb2fd11d963b06c8b3421dfe5bc77e4490de70b5ec1d8b3bf8308acb03ba9d673850602dff379c576a8ee152ba523a3c7d5acdebff7a1b4a2322692,JF177592,,3/17/2022 14:10,30,NO CONTROLS,NO CONTROLS,CLEAR,DAYLIGHT,PARKED MOTOR VEHICLE,NOT DIVIDED,,STRAIGHT AND LEVEL,DRY,NO DEFECTS,NOT ON SCENE (DESK REPORT),NO INJURY / DRIVE AWAY,,,Y,"$501 - $1,500",3/17/2022 20:21,NOT APPLICABLE,NOT APPLICABLE,3404,W,72ND PL,831,,,,,,,2,NO INDICATION OF INJURY,0,0,0,0,0,1,0,14,5,3,41.76168161,-87.70789417,POINT (-87.707894172887 41.761681609736)
894881c111f8b28f4faf28f5118673a200a374e2e5c6edd3e320aaf9c3a63063cd6876c052878c9808cd7633e6712e5e62e28800dd4ce29199e03739c1b46d08,,N,3/31/2022 8:30,35,STOP SIGN/FLASHER,FUNCTIONING PROPERLY,RAIN,DAYLIGHT,ANGLE,FOUR WAY,,STRAIGHT AND LEVEL,DRY,UNKNOWN,,NO INJURY / DRIVE AWAY,Y,,,"OVER $1,500",3/31/2022 8:35,FAILING TO YIELD RIGHT-OF-WAY,UNABLE TO DETERMINE,7800,S,ASHLAND AVE,611,,,,,,,2,NO INDICATION OF INJURY,0,0,0,0,0,2,0,8,5,3,41.7520812,-87.66362444,POINT (-87.663624436866 41.752081197063)
6277d05b95b23437b88ebba6041155a9973dcc1e87ef9970855af70ec15e50f48e55b5defee722bd19cddc66025ed50a5bc48387a8c2bb688600a715d4865c1f,JF154879,,2/24/2022 15:33,15,NO CONTROLS,NO CONTROLS,SNOW,DAYLIGHT,PARKED MOTOR VEHICLE,NOT DIVIDED,,STRAIGHT AND LEVEL,DRY,NO DEFECTS,ON SCENE,NO INJURY / DRIVE AWAY,,,,"OVER $1,500",2/24/2022 15:45,UNABLE TO DETERMINE,UNABLE TO DETERMINE,1372,E,57TH ST,235,,,,,,,2,NO INDICATION OF INJURY,0,0,0,0,0,1,0,15,5,2,41.79160299,-87.59200316,POINT (-87.592003156788 41.791602988233)
c0b530ab393fd0b48f9cd88303d2948effd4f3dfb4cafc91bbb4fd355cc148c3df8ee04974cd1d6a7a1290bec067aa5a5316ed6e7a8161e1fb8e7eedd5bfa25c,JF169240,Y,3/10/2022 8:00,30,NO CONTROLS,NO CONTROLS,CLOUDY/OVERCAST,DAYLIGHT,PARKED MOTOR VEHICLE,ONE-WAY,,STRAIGHT AND LEVEL,DRY,NO DEFECTS,ON SCENE,NO INJURY / DRIVE AWAY,,,Y,"OVER $1,500",3/10/2022 12:05,UNABLE TO DETERMINE,UNABLE TO DETERMINE,7008,W,HIGGINS AVE,1613,,,,,,,2,NO INDICATION OF INJURY,0,0,0,0,0,1,0,8,5,3,41.98030578,-87.80271556,POINT (-87.802715560442 41.980305775294)
9e308cfc2647468ac46c98020f8b48585aef275b0155e5df8731449a973bd5a3db52b36a9090d9fd449ec72347aab62670df45bbc2bf2644fb45327efa4de1ac,JE417174,,10/21/2021 3:00,30,NO CONTROLS,NO CONTROLS,CLEAR,DAWN,PARKED MOTOR VEHICLE,PARKING LOT,,STRAIGHT AND LEVEL,DRY,NO DEFECTS,,INJURY AND / OR TOW DUE TO CRASH,,Y,Y,"OVER $1,500",10/21/2021 9:00,NOT APPLICABLE,NOT APPLICABLE,500,E,33RD ST,211,,,,,,,3,NO INDICATION OF INJURY,0,0,0,0,0,1,0,3,5,10,41.83484292,-87.61339001,POINT (-87.613390014497 41.834842917384)
672f2775fd69e462fa9d510b0215e617dd3d98f66e0bc7cb327e779d8508ebd1714a3670fb93e939693ddc07f69db87115b855d4f35457f49edf06f58ee1dd8d,JF147644,,2/17/2022 15:15,30,STOP SIGN/FLASHER,FUNCTIONING PROPERLY,SNOW,DAYLIGHT,TURNING,NOT DIVIDED,,STRAIGHT AND LEVEL,SNOW OR SLUSH,UNKNOWN,NOT ON SCENE (DESK REPORT),NO INJURY / DRIVE AWAY,Y,,,"OVER $1,500",2/17/2022 16:34,UNABLE TO DETERMINE,NOT APPLICABLE,2600,S,CALIFORNIA BLVD,1034,,,,,,,2,NO INDICATION OF INJURY,0,0,0,0,0,2,0,15,5,2,41.84460752,-87.69480464,POINT (-87.694804642033 41.844607514956)
6286bdf3b40abae47d1d1402c80397f09f6024e899db11fd63f524479fd244e0f5e748f654cd4f10bea479747a5a93302e536626582f2ee2e0157a0f80f16587,JF155167,,2/24/2022 22:00,30,NO CONTROLS,NO CONTROLS,SNOW,"DARKNESS, LIGHTED ROAD",TURNING,NOT DIVIDED,,STRAIGHT AND LEVEL,WET,NO DEFECTS,NOT ON SCENE (DESK REPORT),NO INJURY / DRIVE AWAY,,,Y,"OVER $1,500",2/24/2022 22:40,UNABLE TO DETERMINE,NOT APPLICABLE,6700,S,MARSHFIELD AVE,725,,,,,,,2,NO INDICATION OF INJURY,0,0,0,0,0,2,0,22,5,2,41.77208572,-87.66537241,POINT (-87.665372404802 41.772085721419)
67950769d3adfa09ad781fed6acb19f8cb97ea1816a438e1819e838b692fa54c8161979a610b6853636226d1fd00dbf3159d191fa3d6f99ca1a9d2d7d3ebbbce,JF147797,,2/17/2022 17:12,30,TRAFFIC SIGNAL,FUNCTIONING PROPERLY,SNOW,DUSK,SIDESWIPE SAME DIRECTION,NOT DIVIDED,,STRAIGHT AND LEVEL,SNOW OR SLUSH,UNKNOWN,ON SCENE,NO INJURY / DRIVE AWAY,,,Y,"OVER $1,500",2/17/2022 17:23,UNABLE TO DETERMINE,NOT APPLICABLE,7900,S,STONY ISLAND AVE,411,,,,,,,2,NO INDICATION OF INJURY,0,0,0,0,0,2,0,17,5,2,41.7514606,-87.58597199,POINT (-87.585971992965 41.751460603167)
62c3f7b21c84f099b52eb4190849a0ae746fb8aa0c0af6fa9826114831acfa0a8fa0c04e1d9f55c3aa90ddc2e2791509d1f507049abeb62769811046f665c678,JC251110,,5/5/2019 18:31,30,NO CONTROLS,NO CONTROLS,CLEAR,DAYLIGHT,ANGLE,NOT DIVIDED,,STRAIGHT AND LEVEL,DRY,NO DEFECTS,,INJURY AND / OR TOW DUE TO CRASH,Y,,Y,"OVER $1,500",5/5/2019 18:31,"OPERATING VEHICLE IN ERRATIC, RECKLESS, CARELESS, NEGLIGENT OR AGGRESSIVE MANNER",DRIVING ON WRONG SIDE/WRONG WAY,4298,W,DIVISION ST,2534,,,,,,,2,"REPORTED, NOT EVIDENT",1,0,0,0,1,2,0,18,1,5,41.90266507,-87.73356316,POINT (-87.733563164343 41.902665069955)
670c8e09ac017a9f79f1520041fdd1cb1ef9ce69c4ec0b64964c3dde451f495d03a32df1af309bd1d1eb6af8199d57d815bc79c6dfa7b8cb9a284d5985a64420,JD221454,Y,4/27/2020 9:00,10,NO CONTROLS,NO CONTROLS,CLEAR,UNKNOWN,PARKED MOTOR VEHICLE,PARKING LOT,,STRAIGHT AND LEVEL,DRY,NO DEFECTS,,NO INJURY / DRIVE AWAY,,,Y,"$501 - $1,500",5/1/2020 14:11,UNABLE TO DETERMINE,UNABLE TO DETERMINE,1323,W,MORSE AVE,2431,,,,,,,2,NO INDICATION OF INJURY,0,0,0,0,0,1,0,9,2,4,42.00782052,-87.66471558,POINT (-87.664715577378 42.007820515693)
cb1d7817231420f20514a968531ac09fe92a78c4948e513e6b091f01a92d056d59791aaa70c61a9064d657176fb970403c634da785be45b4c968ca52a9ffb3bc,JE113006,,1/14/2021 20:50,30,NO CONTROLS,FUNCTIONING PROPERLY,RAIN,DARKNESS,REAR END,FOUR WAY,,STRAIGHT AND LEVEL,WET,NO DEFECTS,,INJURY AND / OR TOW DUE TO CRASH,,,,"OVER $1,500",1/14/2021 21:17,IMPROPER OVERTAKING/PASSING,WEATHER,1951,W,87TH ST,2221,,,,,,,2,NO INDICATION OF INJURY,0,0,0,0,0,3,0,20,5,1,41.73554652,-87.6724246,POINT (-87.672424600268 41.735546514533)
8b18e7d25039bc241f858af0b7b2f0d20f0835d936dde1968e80725fddd646eeaf4ae732c912dce5b904190d574024ba5a353514207fecaf2352371d8f773a49,JF176583,,3/17/2022 4:06,30,NO CONTROLS,NO CONTROLS,CLEAR,"DARKNESS, LIGHTED ROAD",PARKED MOTOR VEHICLE,NOT DIVIDED,,STRAIGHT AND LEVEL,DRY,NO DEFECTS,,INJURY AND / OR TOW DUE TO CRASH,,,,"OVER $1,500",3/17/2022 4:06,UNDER THE INFLUENCE OF ALCOHOL/DRUGS (USE WHEN ARREST IS EFFECTED),FAILING TO REDUCE SPEED TO AVOID CRASH,2608,W,BELMONT AVE,1733,,,,,,,4,INCAPACITATING INJURY,1,0,1,0,0,1,0,4,5,3,41.93952848,-87.6934036,POINT (-87.693403598121 41.939528477813)
8b83c7d743579e1aee2e4335070f49adc5edd7697b0a9f7c55a3d383402089226e0cadc2a10ef35524f19ee4ee1bb7f64e3ddf95219ce6587b64e309469722ba,JF176648,,3/17/2022 6:33,30,TRAFFIC SIGNAL,FUNCTIONING PROPERLY,CLEAR,DAYLIGHT,ANGLE,FOUR WAY,,STRAIGHT AND LEVEL,DRY,NO DEFECTS,ON SCENE,INJURY AND / OR TOW DUE TO CRASH,Y,,N,"OVER $1,500",3/17/2022 6:35,DISREGARDING TRAFFIC SIGNALS,DISTRACTION - FROM INSIDE VEHICLE,4000,W,31ST ST,1031,,,,,,,2,"REPORTED, NOT EVIDENT",1,0,0,0,1,1,0,6,5,3,41.83699117,-87.72441415,POINT (-87.724414147595 41.836991173994)
9164dfe42cfd96ca5c09790e15c291096fd316d9f4c544c8a0272cca25148d076f548bba9955dd73e8a3ac40f2e47cf48def0f27ee16751f019e854110fede5b,JF167550,,3/3/2022 19:00,30,TRAFFIC SIGNAL,FUNCTIONING PROPERLY,CLEAR,"DARKNESS, LIGHTED ROAD",REAR END,NOT DIVIDED,,STRAIGHT AND LEVEL,DRY,NO DEFECTS,NOT ON SCENE (DESK REPORT),NO INJURY / DRIVE AWAY,,,,"$501 - $1,500",3/8/2022 18:15,FOLLOWING TOO CLOSELY,UNABLE TO DETERMINE,1800,W,IRVING PARK RD,1912,,,,,,,2,NO INDICATION OF INJURY,0,0,0,0,0,3,0,19,5,3,41.95432384,-87.67432084,POINT (-87.674320836882 41.954323837944)
8bba8ff512ad4e11b3827d9397016e02d5bfc8fd25551613162a9987c59971956c9dbce114194c4d48047f8f743e257a399549130b7a2d73538cb8d1b68aa77d,JF176680,,3/17/2022 7:33,30,TRAFFIC SIGNAL,FUNCTIONING PROPERLY,CLEAR,DAYLIGHT,TURNING,FOUR WAY,,STRAIGHT AND LEVEL,DRY,NO DEFECTS,NOT ON SCENE (DESK REPORT),NO INJURY / DRIVE AWAY,,,,"OVER $1,500",3/17/2022 8:10,UNABLE TO DETERMINE,UNABLE TO DETERMINE,3199,W,25TH ST,1033,,,,,,,2,NO INDICATION OF INJURY,0,0,0,0,0,3,0,7,5,3,41.84622715,-87.70502529,POINT (-87.705025293728 41.846227153221)
8bbecea1383ec324443383b22c3934cb003dc17362148a1722dc97daa172977cb004e20df23c0fbb1f4b3c576706ead395e5f3b5e52bb4a9302fc453854c4920,JF178118,Y,3/17/2022 23:15,15,OTHER,NO CONTROLS,UNKNOWN,DARKNESS,FIXED OBJECT,OTHER,,STRAIGHT AND LEVEL,UNKNOWN,UNKNOWN,NOT ON SCENE (DESK REPORT),NO INJURY / DRIVE AWAY,,Y,,"OVER $1,500",3/18/2022 11:00,UNABLE TO DETERMINE,UNABLE TO DETERMINE,2025,W,GRANVILLE AVE,2413,,,,,,,1,NO INDICATION OF INJURY,0,0,0,0,0,1,0,23,5,3,41.9941358,-87.68088929,POINT (-87.680889284763 41.994135794697)
917dc01243d57de8147fe74e124600c9ba8ac15ab6e991d196ea54628b5dc7c885a3c882deb03f01007a5e4884efe7faf25444fa670bc3f1ff8273bc55333146,JF162119,,3/3/2022 14:27,35,NO CONTROLS,NO CONTROLS,CLEAR,DAYLIGHT,PARKED MOTOR VEHICLE,NOT DIVIDED,,STRAIGHT AND LEVEL,DRY,NO DEFECTS,NOT ON SCENE (DESK REPORT),NO INJURY / DRIVE AWAY,,,N,"OVER $1,500",3/3/2022 15:44,NOT APPLICABLE,NOT APPLICABLE,5300,S,CORNELL AVE,234,,,,,,,2,NO INDICATION OF INJURY,0,0,0,0,0,1,0,14,5,3,41.79952059,-87.5856584,POINT (-87.585658401531 41.799520592281)
683f473c1ce029b60e550f2d8a93d5aedeb3f538df2a47d25ed9d1c565372466b5dccb0ab6c625188a08a61c661dc8837019c386dc7fd267f912c3fab9281c4a,JF147290,,2/17/2022 10:38,5,NO CONTROLS,NO CONTROLS,CLOUDY/OVERCAST,DAYLIGHT,FIXED OBJECT,OTHER,,STRAIGHT AND LEVEL,DRY,NO DEFECTS,ON SCENE,NO INJURY / DRIVE AWAY,,,,"OVER $1,500",2/17/2022 11:05,UNABLE TO DETERMINE,UNABLE TO DETERMINE,2322,W,FOSTER AVE,2012,,,,,,,1,NO INDICATION OF INJURY,0,0,0,0,0,4,0,10,5,2,41.97602188,-87.68766137,POINT (-87.687661370485 41.976021874996)
8b9764638246a2d71e360d3701f32f40e948bd6b6fc143deebbb8e7b10287ba517ea3df61e3c77013646a545ccda9b58ab2f9264b858be150bf3414951af65ce,JE451038,,11/19/2021 22:40,35,NO CONTROLS,NO CONTROLS,CLEAR,"DARKNESS, LIGHTED ROAD",TURNING,ONE-WAY,,STRAIGHT AND LEVEL,DRY,NO DEFECTS,,NO INJURY / DRIVE AWAY,,,,"OVER $1,500",11/20/2021 1:20,FAILING TO YIELD RIGHT-OF-WAY,IMPROPER OVERTAKING/PASSING,7658,S,STONY ISLAND AVE,411,,,,,,,2,NO INDICATION OF INJURY,0,0,0,0,0,2,0,22,6,11,41.75516349,-87.58627302,POINT (-87.586273017426 41.755163493036)
686dd852d4b5c7447b14a2e8f75bdf696be8fd22d771ad4f9ad12ee17027695b4114c35761959ec744903309d4e2c26f4fe943411ee758f939c2c77ecb123ba0,JF147947,,2/17/2022 20:12,30,TRAFFIC SIGNAL,FUNCTIONING PROPERLY,SNOW,DARKNESS,ANGLE,FOUR WAY,,STRAIGHT AND LEVEL,SNOW OR SLUSH,UNKNOWN,ON SCENE,NO INJURY / DRIVE AWAY,Y,,,"OVER $1,500",2/17/2022 20:15,UNABLE TO DETERMINE,UNABLE TO DETERMINE,140,W,HURON ST,1832,,,,,,,2,NO INDICATION OF INJURY,0,0,0,0,0,2,0,20,5,2,41.89492116,-87.63274732,POINT (-87.63274731669 41.894921154662)
8c5a1d5daed409159a1027875e6641cc9cb46ee93fcba51bf4fee4cc36f3d05643b012881e6e5cc9a36186ac0b4c2af195c6e91eff73ed280c7313d1c3136b53,JF177638,,3/17/2022 20:30,25,NO CONTROLS,NO CONTROLS,CLEAR,"DARKNESS, LIGHTED ROAD",PARKED MOTOR VEHICLE,ONE-WAY,,STRAIGHT AND LEVEL,DRY,NO DEFECTS,ON SCENE,INJURY AND / OR TOW DUE TO CRASH,,,Y,"OVER $1,500",3/17/2022 20:30,UNABLE TO DETERMINE,FAILING TO REDUCE SPEED TO AVOID CRASH,9015,S,HARPER AVE,413,,,,,,,2,NO INDICATION OF INJURY,0,0,0,0,0,1,0,20,5,3,41.73093774,-87.58664475,POINT (-87.58664475156 41.730937737896)
68ebea4484ea9a71ee55ff0690c210a4b412ce3facead1a7582631a27cdf2c5fe03a26f4a0543597f9cd0f26cdbd6da16f7284e83150124f587806d5defba957,JF147187,,2/17/2022 9:04,30,STOP SIGN/FLASHER,FUNCTIONING PROPERLY,CLEAR,DAYLIGHT,ANGLE,NOT DIVIDED,,STRAIGHT AND LEVEL,WET,NO DEFECTS,ON SCENE,INJURY AND / OR TOW DUE TO CRASH,Y,,,"OVER $1,500",2/17/2022 9:15,UNABLE TO DETERMINE,UNABLE TO DETERMINE,4400,W,GLADYS AVE,1131,,,,,,,2,"REPORTED, NOT EVIDENT",1,0,0,0,1,1,0,9,5,2,41.87616424,-87.73544268,POINT (-87.735442678698 41.876164238976)
a0b6bc84927a0b13c2d8c13383cd6c665984caae5591e32f270b10438e48b50d54680f95e91d2ac1fcdcdaccb86342f37451ed9d34ac0b626e6930a9cdd60296,JF184143,,3/23/2022 16:57,35,NO CONTROLS,NO CONTROLS,CLOUDY/OVERCAST,DAYLIGHT,REAR END,DIVIDED - W/MEDIAN (NOT RAISED),,STRAIGHT AND LEVEL,UNKNOWN,UNKNOWN,ON SCENE,INJURY AND / OR TOW DUE TO CRASH,,,,"$501 - $1,500",3/23/2022 17:04,UNABLE TO DETERMINE,NOT APPLICABLE,8822,S,JEFFERY BLVD,412,,,,,,,2,NO INDICATION OF INJURY,0,0,0,0,0,2,0,16,4,3,41.73451684,-87.57580494,POINT (-87.575804938237 41.734516834626)
9ff85c742b3279300092e02b0e0bef3067d1a097b261ee7ee40304dd9c5e6db42622b54d225ce19aaa0535feb357db5fce0e5e4438f7cde040b6c386f70fa53f,JE474247,,12/10/2021 16:30,30,NO CONTROLS,NO CONTROLS,RAIN,"DARKNESS, LIGHTED ROAD",TURNING,NOT DIVIDED,,STRAIGHT AND LEVEL,WET,NO DEFECTS,,NO INJURY / DRIVE AWAY,,,,"OVER $1,500",12/11/2021 19:15,DRIVING SKILLS/KNOWLEDGE/EXPERIENCE,IMPROPER TURNING/NO SIGNAL,45,E,75TH ST,623,,,,,,,2,NO INDICATION OF INJURY,0,0,0,0,0,2,0,16,6,12,41.75815701,-87.62291115,POINT (-87.62291115295 41.758157010794)
69b5a0800d1be7403a30facdf5107897d0b491f85851c300b57434e793095fd44ff4a46e18c80c6efb0978ccaacf316d2fe1be9ab8bd43b9b5fc80ac95fc6075,JF147046,,2/17/2022 6:50,30,NO CONTROLS,NO CONTROLS,RAIN,DAWN,SIDESWIPE SAME DIRECTION,DIVIDED - W/MEDIAN (NOT RAISED),,STRAIGHT AND LEVEL,WET,NO DEFECTS,NOT ON SCENE (DESK REPORT),NO INJURY / DRIVE AWAY,,,,"OVER $1,500",2/17/2022 7:15,UNABLE TO DETERMINE,UNABLE TO DETERMINE,5644,N,PULASKI RD,1711,,,,,,,2,NO INDICATION OF INJURY,0,0,0,0,0,2,0,6,5,2,41.98411836,-87.72861549,POINT (-87.728615489725 41.984118364495)
a11f8e038155bdfb48e67a235f3b1b144006562ed4d25c8edbb4d2d135efd0e0404277412f945a0b6bab091bee6e2e1664b1dfca4420721c6caf410388f4940c,JF183772,,3/23/2022 11:48,30,NO CONTROLS,NO CONTROLS,CLEAR,DAYLIGHT,FIXED OBJECT,NOT DIVIDED,,STRAIGHT AND LEVEL,DRY,UNKNOWN,NOT ON SCENE (DESK REPORT),NO INJURY / DRIVE AWAY,,,Y,$500 OR LESS,3/23/2022 12:22,NOT APPLICABLE,NOT APPLICABLE,2650,E,79TH ST,421,,,,,,,2,NO INDICATION OF INJURY,0,0,0,0,0,3,0,11,4,3,41.75193283,-87.55947494,POINT (-87.559474939551 41.751932827022)
8d88d06f38de8ca7bb19247b2c3113190aaaa0bc59b5fbab371186669cfa7d3a7502e2c6bc167f11cbd3533c907de50075cccc5d9ee56f476182c910b234adbf,JF177401,,3/17/2022 16:50,35,OTHER,FUNCTIONING PROPERLY,CLEAR,DAYLIGHT,REAR END,DIVIDED - W/MEDIAN (NOT RAISED),,STRAIGHT AND LEVEL,DRY,NO DEFECTS,NOT ON SCENE (DESK REPORT),NO INJURY / DRIVE AWAY,,,,"$501 - $1,500",3/17/2022 17:25,FOLLOWING TOO CLOSELY,UNABLE TO DETERMINE,1130,S,CANAL ST,124,,,,,,,2,NO INDICATION OF INJURY,0,0,0,0,0,2,0,16,5,3,41.86808266,-87.63936542,POINT (-87.639365415895 41.868082660987)
6ade3b8a0a9ebc51fda03c8f1d24905283be7119e38e094ea00554eebba2ddadd6bd766c470876f7fc149048acd60562fac20fc77b2ba42ebc9797ec54fb3332,JF147859,,2/17/2022 17:00,30,TRAFFIC SIGNAL,FUNCTIONING PROPERLY,SNOW,"DARKNESS, LIGHTED ROAD",ANGLE,NOT DIVIDED,,STRAIGHT AND LEVEL,SNOW OR SLUSH,NO DEFECTS,NOT ON SCENE (DESK REPORT),NO INJURY / DRIVE AWAY,,,Y,"OVER $1,500",2/17/2022 18:00,UNABLE TO DETERMINE,NOT APPLICABLE,5600,N,CUMBERLAND AVE,1614,,,,,,,2,NO INDICATION OF INJURY,0,0,0,0,0,2,0,17,5,2,41.98120567,-87.83672855,POINT (-87.836728554311 41.981205665225)
a20f7745cb43ed21bfee077e1dda201cdd4b39b4fe669b31402c296c25b07532e32ed590dc358aeca0cd445bd13f0a63400f3112457fd05cf4b4ccdb56c5e89f,JF183545,,3/23/2022 8:20,30,TRAFFIC SIGNAL,FUNCTIONING PROPERLY,RAIN,DAYLIGHT,REAR END,DIVIDED - W/MEDIAN (NOT RAISED),,STRAIGHT AND LEVEL,WET,UNKNOWN,NOT ON SCENE (DESK REPORT),NO INJURY / DRIVE AWAY,,,Y,"OVER $1,500",3/23/2022 9:00,UNABLE TO DETERMINE,UNABLE TO DETERMINE,6300,S,WESTERN AVE,825,,,,,,,2,NO INDICATION OF INJURY,0,0,0,0,0,2,0,8,4,3,41.77912348,-87.6837831,POINT (-87.683783098636 41.77912348384)
a1d4b08d0de9b38a2890a17f3c49af19783bd076c0341ff0f4ac4bc0da1c971699f4e45ffc268cfb2356def86ff4443237edbe20a012c19c83f10dbe1e2d865d,,,3/31/2022 7:55,30,STOP SIGN/FLASHER,OTHER,RAIN,DAYLIGHT,ANGLE,NOT DIVIDED,,STRAIGHT AND LEVEL,WET,NO DEFECTS,,NO INJURY / DRIVE AWAY,Y,,,"OVER $1,500",3/31/2022 7:55,DISREGARDING STOP SIGN,DISREGARDING STOP SIGN,1698,W,CERMAK RD,1234,,,,,,,2,NO INDICATION OF INJURY,0,0,0,0,0,2,0,7,5,3,41.85239696,-87.66837744,POINT (-87.668377441925 41.852396957534)