CRASH_RECORD_ID,RD_NO,CRASH_DATE_EST_I,CRASH_DATE,POSTED_SPEED_LIMIT,TRAFFIC_CONTROL_DEVICE,DEVICE_CONDITION,WEATHER_CONDITION,LIGHTING_CONDITION,FIRST_CRASH_TYPE,TRAFFICWAY_TYPE,LANE_CNT,ALIGNMENT,ROADWAY_SURFACE_COND,ROAD_DEFECT,REPORT_TYPE,CRASH_TYPE,INTERSECTION_RELATED_I,NOT_RIGHT_OF_WAY_I,HIT_AND_RUN_I,DAMAGE,DATE_POLICE_NOTIFIED,PRIM_CONTRIBUTORY_CAUSE,SEC_CONTRIBUTORY_CAUSE,STREET_NO,STREET_DIRECTION,STREET_NAME,BEAT_OF_OCCURRENCE,PHOTOS_TAKEN_I,STATEMENTS_TAKEN_I,DOORING_I,WORK_ZONE_I,WORK_ZONE_TYPE,WORKERS_PRESENT_I,NUM_UNITS,MOST_SEVERE_INJURY,INJURIES_TOTAL,INJURIES_FATAL,INJURIES_INCAPACITATING,INJURIES_NON_INCAPACITATING,INJURIES_REPORTED_NOT_EVIDENT,INJURIES_NO_INDICATION,INJURIES_UNKNOWN,CRASH_HOUR,CRASH_DAY_OF_WEEK,CRASH_MONTH,LATITUDE,LONGITUDE,LOCATION
65d73c6d1ea39abe722a01d31c06a357fa127542d8aaa83adbc295945d91def389b929b56f62737c760861d376e21f803b86b466e1ce458bcc9916d28d62ce53,JF154328,,2/24/2022 7:10,30,TRAFFIC SIGNAL,FUNCTIONING PROPERLY,CLEAR,DAYLIGHT,REAR END,DIVIDED - W/MEDIAN (NOT RAISED),,STRAIGHT AND LEVEL,DRY,NO DEFECTS,NOT ON SCENE (DESK REPORT),NO INJURY / DRIVE AWAY,,,,"OVER $1,500",2/24/2022 8:15,FOLLOWING TOO CLOSELY,UNABLE TO DETERMINE,1156,W,87TH ST,613,,,,,,,2,NO INDICATION OF INJURY,0,0,0,0,0,2,0,7,5,2,41.73604745,-87.65320495,POINT (-87.653204946919 41.736047447743)
6bb153b2f5ae10f2091fbba9d3b74a3522d2f481dde931f9a3d8690d7aaa4033c4224c67f43510184b2beae104b971310a48f9eaa9ccc9ee712d10538f778577,JF147680,,2/17/2022 16:20,30,NO CONTROLS,NO CONTROLS,SNOW,DAYLIGHT,PARKED MOTOR VEHICLE,ONE-WAY,,STRAIGHT AND LEVEL,SNOW OR SLUSH,NO DEFECTS,NOT ON SCENE (DESK REPORT),NO INJURY / DRIVE AWAY,,,Y,"OVER $1,500",2/17/2022 16:45,UNABLE TO DETERMINE,UNABLE TO DETERMINE,3800,W,BERTEAU AVE,1723,,,,,,,2,NO INDICATION OF INJURY,0,0,0,0,0,1,0,16,5,2,41.957474,-87.72288364,POINT (-87.722883637834 41.957474003896)
6637bdbf1d937449c5516f31b0d1c49e0a748804642c57ebd3e117657eb5e8551e88489ce41a6d834be094beceab36f6c55887f1679f831f4428944a2ec0121b,JF154167,,2/24/2022 3:30,15,OTHER,FUNCTIONING PROPERLY,CLEAR,"DARKNESS, LIGHTED ROAD",FIXED OBJECT,DIVIDED - W/MEDIAN BARRIER,,STRAIGHT AND LEVEL,DRY,NO DEFECTS,ON SCENE,NO INJURY / DRIVE AWAY,,Y,,"$501 - $1,500",2/24/2022 3:35,NOT APPLICABLE,NOT APPLICABLE,6201,S,LARAMIE AVE,813,,,,,,,2,NO INDICATION OF INJURY,0,0,0,0,0,2,0,3,5,2,41.78049736,-87.75210837,POINT (-87.752108366997 41.78049736416)
65879cae6132296687d61f87a488d3564a26e3dcfa9ef7dc77fb137e8c44779ae8b9b123e9c2c504c22d574da30a8c6da7441bd5d4de15b660144352261a837c,JE350054,,8/25/2021 19:50,30,TRAFFIC SIGNAL,FUNCTIONING PROPERLY,RAIN,DARKNESS,REAR END,DIVIDED - W/MEDIAN (NOT RAISED),,STRAIGHT AND LEVEL,WET,NO DEFECTS,,INJURY AND / OR TOW DUE TO CRASH,Y,,Y,"OVER $1,500",8/25/2021 20:27,WEATHER,FOLLOWING TOO CLOSELY,400,N,MILWAUKEE AVE,1214,,,,,,,2,NO INDICATION OF INJURY,0,0,0,0,0,2,0,19,4,8,41.88900945,-87.64450042,POINT (-87.644500420233 41.889009452567)
956d5095f94758b806db94f9d310b8a82d102b85bb0e56f1ebe10e676bb085c273f396f824ed2e40650194c0a0327337d08bfd796aebf0364bcda9eb4cb64984,JD464657,,12/19/2020 4:58,35,TRAFFIC SIGNAL,FUNCTIONING PROPERLY,CLEAR,DAWN,TURNING,DIVIDED - W/MEDIAN BARRIER,,STRAIGHT AND LEVEL,DRY,NO DEFECTS,,NO INJURY / DRIVE AWAY,,,Y,"OVER $1,500",12/20/2020 17:05,IMPROPER LANE USAGE,NOT APPLICABLE,6500,S,PROMONTORY DR,331,,,,,,,2,NO INDICATION OF INJURY,0,0,0,0,0,2,0,4,7,12,41.77647256,-87.57099037,POINT (-87.570990368146 41.776472564292)
c5fac3c2c8c8e59db6d54c36201b5847a327af571c33bb8cfd7dbd92811ebeacd2c87caaaf6fbc2fd989458e7c5042f62a1f52c18a8284d3e4ad99a372c55635,JD261016,,6/10/2020 19:00,35,OTHER RAILROAD CROSSING,NO CONTROLS,CLEAR,DAYLIGHT,SIDESWIPE OPPOSITE DIRECTION,DIVIDED - W/MEDIAN (NOT RAISED),,STRAIGHT AND LEVEL,DRY,NO DEFECTS,,NO INJURY / DRIVE AWAY,,,Y,"OVER $1,500",6/11/2020 16:10,IMPROPER OVERTAKING/PASSING,UNABLE TO DETERMINE,7700,S,EXCHANGE AVE,421,,,,,,,2,NO INDICATION OF INJURY,0,0,0,0,0,3,0,19,4,6,41.75537727,-87.55647972,POINT (-87.556479718716 41.755377272669)
6ca5abc3315321bd753ca52f0197846daead63319ddf40e55f021d0038c61f23306e100c8f12ba0c80a6cab7669e6429d5d7db79eb233f653918f5df0a6c980c,JF148600,,2/17/2022 21:00,30,NO CONTROLS,NO CONTROLS,CLEAR,DAYLIGHT,SIDESWIPE SAME DIRECTION,NOT DIVIDED,,STRAIGHT AND LEVEL,SNOW OR SLUSH,NO DEFECTS,NOT ON SCENE (DESK REPORT),NO INJURY / DRIVE AWAY,,,,"OVER $1,500",2/18/2022 14:35,UNABLE TO DETERMINE,NOT APPLICABLE,5750,N,CUMBERLAND AVE,1614,,,,,,,2,NO INDICATION OF INJURY,0,0,0,0,0,2,0,21,5,2,41.98423422,-87.83672823,POINT (-87.836728233658 41.984234214943)
6ce9b631443c2ad935d7330ae5bd5bcd8f57eccce6a71a779042411a263db42160d2d4e32030c45bce52ddcd4db84888c4d68e2b2ce91626716b6c7b0e446169,JF147392,,2/17/2022 12:27,25,NO CONTROLS,NO CONTROLS,CLEAR,DAYLIGHT,TURNING,NOT DIVIDED,,STRAIGHT AND LEVEL,DRY,NO DEFECTS,ON SCENE,INJURY AND / OR TOW DUE TO CRASH,Y,,,"OVER $1,500",2/17/2022 12:30,FAILING TO REDUCE SPEED TO AVOID CRASH,DRIVING SKILLS/KNOWLEDGE/EXPERIENCE,930,N,CICERO AVE,1531,,,,,,,2,NONINCAPACITATING INJURY,1,0,0,1,0,1,0,12,5,2,41.89772078,-87.74601133,POINT (-87.746011333964 41.897720778468)
6d08a347f3efde8dea40c71b88ad81ff239a1b3c3f9466f2b6f875ea6c58c2bece935eb756e81868ba551a4b88b19c7928659a390083733bef4f4d8eec0f5232,JF147725,,2/17/2022 14:40,30,TRAFFIC SIGNAL,FUNCTIONING PROPERLY,SNOW,DAWN,REAR END,FOUR WAY,,STRAIGHT AND LEVEL,SNOW OR SLUSH,OTHER,NOT ON SCENE (DESK REPORT),NO INJURY / DRIVE AWAY,Y,,,"OVER $1,500",2/17/2022 17:15,FOLLOWING TOO CLOSELY,WEATHER,4001,W,111TH ST,2211,,,,,,,2,NO INDICATION OF INJURY,0,0,0,0,0,2,0,14,5,2,41.69120666,-87.72055486,POINT (-87.720554863466 41.691206664451)
669f2154685617842926e6426a2d0634ea1cbaaf63e13f6c4ff747181b99541650470975718696c9de12f2da4c4264dee80bb80085711f2029ba83470cb35d86,JB558291,,12/18/2018 12:00,30,STOP SIGN/FLASHER,FUNCTIONING PROPERLY,CLEAR,DAYLIGHT,REAR END,ONE-WAY,,STRAIGHT AND LEVEL,DRY,NO DEFECTS,,NO INJURY / DRIVE AWAY,,,,"$501 - $1,500",12/18/2018 12:30,FOLLOWING TOO CLOSELY,FOLLOWING TOO CLOSELY,198,E,DELAWARE PL,1833,,,,,,,2,NO INDICATION OF INJURY,0,0,0,0,0,2,0,12,3,12,41.89935174,-87.62198691,POINT (-87.621986906447 41.899351735069)
95b10292a2e4ae4c5d534df20748237726a6047bdc3eb0670eb287727b3974ec6d2da9616983ec305eb612501a841e9ea18862430006a983a4f5800499589aea,JE418832,,10/20/2021 10:13,35,TRAFFIC SIGNAL,FUNCTIONING PROPERLY,CLEAR,DAYLIGHT,ANGLE,NOT DIVIDED,,STRAIGHT AND LEVEL,DRY,NO DEFECTS,,INJURY AND / OR TOW DUE TO CRASH,Y,,,"OVER $1,500",10/22/2021 16:32,DISREGARDING TRAFFIC SIGNALS,DISREGARDING TRAFFIC SIGNALS,360,S,LOWER WACKER DR,122,,,,,,,2,NO INDICATION OF INJURY,0,0,0,0,0,6,0,10,4,10,41.87683249,-87.63693339,POINT (-87.636933386839 41.876832485542)
c600cf2f06ea2f390bcf67147985398e74b96045988003f87b657eeafc44a227e79a54b89864aa74c2d9b5ffb8eae391b5737632f226eb57b728a1fd1440699b,JC419646,,9/4/2019 10:45,30,TRAFFIC SIGNAL,FUNCTIONING PROPERLY,CLEAR,DAYLIGHT,SIDESWIPE SAME DIRECTION,FOUR WAY,,STRAIGHT AND LEVEL,DRY,NO DEFECTS,,NO INJURY / DRIVE AWAY,Y,,,"OVER $1,500",9/4/2019 10:48,IMPROPER LANE USAGE,UNABLE TO DETERMINE,4659,S,ASHLAND AVE,924,,,,,,,2,NO INDICATION OF INJURY,0,0,0,0,0,2,0,10,4,9,41.80862343,-87.66482619,POINT (-87.664826185223 41.808623424602)
8e3f3ed573345a770079c5258d09a0ac2f162a265cce30a13ed2031cfbcd4bd960e777ca5f207fee2446b073a11e80659b1ab967c2cdb617a13c864bf9eb9f8b,JF177629,,3/17/2022 21:00,25,NO CONTROLS,NO CONTROLS,CLEAR,DARKNESS,FIXED OBJECT,NOT DIVIDED,,STRAIGHT AND LEVEL,DRY,NO DEFECTS,ON SCENE,INJURY AND / OR TOW DUE TO CRASH,,Y,,"OVER $1,500",3/17/2022 21:02,UNABLE TO DETERMINE,UNABLE TO DETERMINE,5508,S,RACINE AVE,713,,,,,,,1,NO INDICATION OF INJURY,0,0,0,0,0,1,0,21,5,3,41.79348922,-87.65500512,POINT (-87.655005116843 41.793489219091)
c6678a4adfcb9e3b843d646018ac9f8349632d6d83cf1498d4e094639561e03f1fefea49f344290f127660c72a89f6073b5220d3229bdd77cdd1229cd635632d,JF173858,,3/10/2022 7:55,30,STOP SIGN/FLASHER,FUNCTIONING PROPERLY,UNKNOWN,UNKNOWN,PEDESTRIAN,NOT DIVIDED,,STRAIGHT AND LEVEL,UNKNOWN,UNKNOWN,NOT ON SCENE (DESK REPORT),NO INJURY / DRIVE AWAY,Y,,Y,$500 OR LESS,3/14/2022 18:00,IMPROPER BACKING,NOT APPLICABLE,1747,N,ELSTON AVE,1433,,,,,,,2,NO INDICATION OF INJURY,0,0,0,0,0,2,0,7,5,3,41.91430953,-87.66466131,POINT (-87.664661312592 41.9143095283)
960dc78c7b7784ee768b5029ecbbdd5bd4de551380464cc70ba37e46aa5637bfb9ddcba75e2c56797224133b4ad75d547eb8a3a4d794527e2d85d47fc0ecb556,JF162554,,3/3/2022 23:50,30,NO CONTROLS,NO CONTROLS,CLEAR,"DARKNESS, LIGHTED ROAD",SIDESWIPE SAME DIRECTION,NOT DIVIDED,,STRAIGHT AND LEVEL,DRY,UNKNOWN,NOT ON SCENE (DESK REPORT),NO INJURY / DRIVE AWAY,,,Y,"OVER $1,500",3/4/2022 0:05,DRIVING ON WRONG SIDE/WRONG WAY,IMPROPER TURNING/NO SIGNAL,4450,W,WASHINGTON BLVD,1113,,,,,,,2,NO INDICATION OF INJURY,0,0,0,0,0,3,0,23,5,3,41.88201457,-87.73754486,POINT (-87.737544863721 41.882014568218)
6d4e28c77a5b35b9b692e85b27f3aaf1f77084a0a5b579632c71f28b5fbf47373199adba883103541744e967ca68f2b298556f92699579fe83a88df520bef742,JF152214,,2/17/2022 14:20,30,NO CONTROLS,NO CONTROLS,SNOW,DAYLIGHT,REAR END,NOT DIVIDED,,STRAIGHT AND LEVEL,SNOW OR SLUSH,NO DEFECTS,NOT ON SCENE (DESK REPORT),NO INJURY / DRIVE AWAY,N,,,"OVER $1,500",2/22/2022 9:30,UNABLE TO DETERMINE,NOT APPLICABLE,5714,W,ROOSEVELT RD,1513,,,,,,,2,NO INDICATION OF INJURY,0,0,0,0,0,3,0,14,5,2,41.86566471,-87.76737489,POINT (-87.767374886268 41.865664712642)
6d6d53f5fbc9e4b5f20fbc805d03a1d33d2fb284ca89b4a6a9d0a3abca12815c585aba35219d877dbe56380baba2166db4d669890d4d04f1fab92582947fc789,JF147839,,2/17/2022 18:15,30,NO CONTROLS,NO CONTROLS,SNOW,"DARKNESS, LIGHTED ROAD",TURNING,DIVIDED - W/MEDIAN (NOT RAISED),,STRAIGHT AND LEVEL,SNOW OR SLUSH,NO DEFECTS,NOT ON SCENE (DESK REPORT),NO INJURY / DRIVE AWAY,,,,"OVER $1,500",2/17/2022 18:30,UNABLE TO DETERMINE,UNABLE TO DETERMINE,4454,N,ELSTON AVE,1722,,,,,,,2,NO INDICATION OF INJURY,0,0,0,0,0,2,0,18,5,2,41.96190031,-87.73132363,POINT (-87.731323633303 41.961900313093)
8e749cb254c56182e6dc13df6b5dfbe2c00ad60f8f893533e3337454663e5658c38f2e540b8fb0d8ef30426b9d15216e81d808b7d978931d87bf7a2031068618,JF177283,,3/17/2022 15:56,30,NO CONTROLS,NO CONTROLS,CLEAR,DAYLIGHT,REAR END,NOT DIVIDED,,STRAIGHT AND LEVEL,DRY,UNKNOWN,ON SCENE,NO INJURY / DRIVE AWAY,,,,"OVER $1,500",3/17/2022 16:05,DISTRACTION - FROM INSIDE VEHICLE,NOT APPLICABLE,198,E,MARQUETTE RD,322,,,,,,,2,NO INDICATION OF INJURY,0,0,0,0,0,5,0,15,5,3,41.77298952,-87.62035528,POINT (-87.620355283562 41.772989517235)
6745718aa570e7ae813170e89bdf67a188b5efcb2559cb781d624dd588f51ccfe843a7c1fd0a599e39a145b04fa99fcff2eab4f38c171a15549e8ae3e0c0ea5a,JF156706,,2/24/2022 16:35,30,STOP SIGN/FLASHER,UNKNOWN,UNKNOWN,UNKNOWN,TURNING,T-INTERSECTION,,STRAIGHT AND LEVEL,UNKNOWN,UNKNOWN,NOT ON SCENE (DESK REPORT),NO INJURY / DRIVE AWAY,Y,,,"OVER $1,500",2/26/2022 13:10,UNABLE TO DETERMINE,UNABLE TO DETERMINE,3436,N,ALBANY AVE,1733,,,,,,,2,NO INDICATION OF INJURY,0,0,0,0,0,2,0,16,5,2,41.94384241,-87.70544539,POINT (-87.705445392618 41.943842408482)
a28a46c8c5b86def462d5ad93a85f54109f1dd9856992c6c62cb0968da78da68e3538cb71377b950eb73ceb2e552a7125d297d4ccdbfd87ac2304d1025f56d15,JC546445,,12/14/2019 9:00,30,NO CONTROLS,NO CONTROLS,CLOUDY/OVERCAST,DAYLIGHT,REAR END,NOT DIVIDED,,STRAIGHT AND LEVEL,DRY,NO DEFECTS,,NO INJURY / DRIVE AWAY,,,Y,$500 OR LESS,12/14/2019 9:08,UNABLE TO DETERMINE,UNABLE TO DETERMINE,824,W,47TH ST,925,,,,,,,2,NO INDICATION OF INJURY,0,0,0,0,0,5,0,9,7,12,41.80896419,-87.64656266,POINT (-87.6465626622 41.808964184884)
8f594f24accfec148d1d416552a9430ff170b97cf1de0ee77f94ee3130e33165534659a116e95388ea07cf164939cb7525d2db5f999abf9be6dd93c54d250db5,JF178172,Y,3/18/2022 0:00,30,NO CONTROLS,NO CONTROLS,UNKNOWN,"DARKNESS, LIGHTED ROAD",PARKED MOTOR VEHICLE,NOT DIVIDED,,STRAIGHT AND LEVEL,UNKNOWN,UNKNOWN,NOT ON SCENE (DESK REPORT),NO INJURY / DRIVE AWAY,,,Y,"OVER $1,500",3/18/2022 11:40,UNABLE TO DETERMINE,UNABLE TO DETERMINE,309,S,CAMPBELL AVE,1125,,,,,,,2,NO INDICATION OF INJURY,0,0,0,0,0,1,0,0,6,3,41.87723391,-87.68861071,POINT (-87.688610708285 41.877233908004)
6e09d398a4fff6f72e3e45f5dc8777bb882bb1ee1cb9eed33cd0c9d03c043fb2c962e6be7e80d65e11c62d343d833e30d3db55fec6bf0d13a2f5e6529fc1a4e0,JF147384,,2/17/2022 12:35,40,DELINEATORS,FUNCTIONING PROPERLY,CLOUDY/OVERCAST,DAYLIGHT,SIDESWIPE SAME DIRECTION,DIVIDED - W/MEDIAN BARRIER,,STRAIGHT AND LEVEL,DRY,NO DEFECTS,ON SCENE,INJURY AND / OR TOW DUE TO CRASH,,,,"OVER $1,500",2/17/2022 12:36,DRIVING SKILLS/KNOWLEDGE/EXPERIENCE,NOT APPLICABLE,1600,N,LAKE SHORE DR SB,1814,,,,,,,2,NO INDICATION OF INJURY,0,0,0,0,0,2,0,12,5,2,41.91185695,-87.62616952,POINT (-87.626169523312 41.911856952541)
a347347f2dda3183736397bd1b70dbbc5865099a2bcaca4490420207e16610603c3e1ff374bca2be571382cfb5ca95c87d56accaca13f481fb3643c2f67a4f22,JF184264,,3/23/2022 18:30,25,STOP SIGN/FLASHER,NO CONTROLS,RAIN,DAYLIGHT,REAR END,NOT DIVIDED,,STRAIGHT AND LEVEL,WET,NO DEFECTS,NOT ON SCENE (DESK REPORT),NO INJURY / DRIVE AWAY,,,,"OVER $1,500",3/23/2022 19:00,FOLLOWING TOO CLOSELY,NOT APPLICABLE,6700,S,EAST END AVE,332,,,,,,,2,NO INDICATION OF INJURY,0,0,0,0,0,2,0,18,4,3,41.77326703,-87.58400577,POINT (-87.584005769245 41.773267026768)
9708f6394edeafb86a512450f901f0ba62824b3dd8c9139bd586ac79f27d0ba98a279ee0ea61cb2b1743f70d9d5b4840c09a4a59d6980e18be69a6b840ae0081,JF161694,,3/3/2022 8:30,30,NO CONTROLS,NO CONTROLS,CLEAR,DAYLIGHT,REAR END,NOT DIVIDED,,STRAIGHT AND LEVEL,DRY,NO DEFECTS,NOT ON SCENE (DESK REPORT),NO INJURY / DRIVE AWAY,,,,"OVER $1,500",3/3/2022 9:15,UNABLE TO DETERMINE,UNABLE TO DETERMINE,4727,N,CLARK ST,1913,,,,,,,2,NO INDICATION OF INJURY,0,0,0,0,0,3,0,8,5,3,41.96792094,-87.66714964,POINT (-87.667149642484 41.967920935957)
a37ed1e1a82a81a09f0d56c8f01c377a9cec4d9a5998c9169d2574fd8ac422916287be66c61e2fdea8b44a5130faf78270a5c63fe8feb737290e2babaa20dab6,JF184636,,3/23/2022 18:10,30,UNKNOWN,UNKNOWN,CLEAR,DAYLIGHT,TURNING,NOT DIVIDED,,STRAIGHT AND LEVEL,UNKNOWN,UNKNOWN,NOT ON SCENE (DESK REPORT),NO INJURY / DRIVE AWAY,,,,"OVER $1,500",3/24/2022 8:18,FAILING TO YIELD RIGHT-OF-WAY,DRIVING SKILLS/KNOWLEDGE/EXPERIENCE,1827,N,WESTERN AVE,1434,,,,,,,2,NO INDICATION OF INJURY,0,0,0,0,0,2,0,18,4,3,41.91472527,-87.68718914,POINT (-87.687189137216 41.914725271381)
97487ff8bd1097a851a301f14d1e69552e9d09448b0dd9114c89c277ca4e0f3d3816dd3503f3e2a458361233f2558bd36e143548e73227a6ff2b7092b4957429,JF161675,,3/3/2022 8:15,30,TRAFFIC SIGNAL,FUNCTIONING PROPERLY,CLEAR,DAYLIGHT,TURNING,DIVIDED - W/MEDIAN (NOT RAISED),,STRAIGHT AND LEVEL,DRY,NO DEFECTS,ON SCENE,NO INJURY / DRIVE AWAY,Y,,,"OVER $1,500",3/3/2022 8:32,FAILING TO YIELD RIGHT-OF-WAY,NOT APPLICABLE,150,W,CERMAK RD,914,,,,,,,2,NO INDICATION OF INJURY,0,0,0,0,0,3,0,8,5,3,41.85297138,-87.63139646,POINT (-87.63139646193 41.852971384276)
a38b9355b013d745bae8b9c6b06e54426b0365a011eecbab6d009c1a5ac1a79e8d2cbfa6d4b9f410236234d1c11d50323d72936e5190bc859230308561238f6e,JF183521,,3/23/2022 9:10,25,NO CONTROLS,NO CONTROLS,RAIN,DAYLIGHT,SIDESWIPE SAME DIRECTION,NOT DIVIDED,,STRAIGHT AND LEVEL,WET,NO DEFECTS,ON SCENE,NO INJURY / DRIVE AWAY,,,,"$501 - $1,500",3/23/2022 9:20,UNABLE TO DETERMINE,UNABLE TO DETERMINE,1635,W,79TH ST,611,,,,,,,2,NO INDICATION OF INJURY,0,0,0,0,0,2,0,9,4,3,41.75022678,-87.66479251,POINT (-87.664792513137 41.750226779134)
c7c6458f79e5d7f65376be27f2f188f5e809dbe2c8420626e8398fd65d4a7230be6cfbe5bafc744bbbadfe9a48ca05b59e66c84d7eef98b9a6598c9e691d7317,JF169006,,3/10/2022 7:59,25,TRAFFIC SIGNAL,FUNCTIONING PROPERLY,CLEAR,DAWN,REAR END,NOT DIVIDED,,STRAIGHT AND LEVEL,DRY,NO DEFECTS,ON SCENE,NO INJURY / DRIVE AWAY,,,Y,"OVER $1,500",3/10/2022 8:13,UNABLE TO DETERMINE,NOT APPLICABLE,6001,S,DR MARTIN LUTHER KING JR DR,313,,,,,,,2,NO INDICATION OF INJURY,0,0,0,0,0,3,0,7,5,3,41.78561026,-87.61561061,POINT (-87.615610604565 41.785610263042)
6ecc307093f7fece8ad2cec05fbaa466227cbcb563e2e73c59b7ec09016a4c35b690a16d3401ebf366a9f91a5c7f23d8d38a37bd4e76a236d453299762b527b7,JF148573,,2/17/2022 13:00,25,NO CONTROLS,NO CONTROLS,CLEAR,DAYLIGHT,SIDESWIPE SAME DIRECTION,ONE-WAY,,STRAIGHT AND LEVEL,DRY,UNKNOWN,NOT ON SCENE (DESK REPORT),NO INJURY / DRIVE AWAY,,,,$500 OR LESS,2/18/2022 13:45,UNABLE TO DETERMINE,UNABLE TO DETERMINE,4002,W,18TH ST,1012,,,,,,,2,NO INDICATION OF INJURY,0,0,0,0,0,2,0,13,5,2,41.85715084,-87.72506509,POINT (-87.725065094377 41.857150840336)
90cc1d44367535bffbd9f0bd73c7d64a82c03c656a27638c08db676e09fd04497f12413329ddf807d4a9764e43b1de241d72bf50f6e3221e887060b329c47645,JF177408,,3/17/2022 16:30,20,NO CONTROLS,NO CONTROLS,CLEAR,DAYLIGHT,PARKED MOTOR VEHICLE,OTHER,,STRAIGHT AND LEVEL,DRY,UNKNOWN,NOT ON SCENE (DESK REPORT),NO INJURY / DRIVE AWAY,,,Y,"$501 - $1,500",3/17/2022 17:15,UNABLE TO DETERMINE,UNABLE TO DETERMINE,7600,S,EXCHANGE AVE,421,,,,,,,2,NO INDICATION OF INJURY,0,0,0,0,0,1,0,16,5,3,41.75715636,-87.55840891,POINT (-87.55840891305 41.757156359802)
c9a8792cb740ac8e1956630dd2a534cc5d3c7367fdabd179e0b0ef90b76f35594e4b6d3121d433a8595a9f73b5a756a5bef24448140b7ad8d70f142445a7e0b6,JF169007,,3/10/2022 8:00,35,NO CONTROLS,NO CONTROLS,CLEAR,DAYLIGHT,SIDESWIPE SAME DIRECTION,NOT DIVIDED,,STRAIGHT AND LEVEL,DRY,NO DEFECTS,ON SCENE,NO INJURY / DRIVE AWAY,,,Y,"$501 - $1,500",3/10/2022 8:07,IMPROPER OVERTAKING/PASSING,NOT APPLICABLE,3210,E,100TH ST,431,,,,,,,2,NO INDICATION OF INJURY,0,0,0,0,0,2,0,8,5,3,41.71365515,-87.54521141,POINT (-87.54521140555 41.713655151432)
c9c37a3197e62a82d82703cc3154a6d6887e1e77eead11b9ec465ee3e6f24c0e3db4fc6cec0355f3d6c9c07c873e6d1e0205fa863d8c97236c385b15b4dc940b,JF198910,,3/10/2022 5:00,30,NO CONTROLS,NO CONTROLS,CLEAR,"DARKNESS, LIGHTED ROAD",PARKED MOTOR VEHICLE,ONE-WAY,,STRAIGHT AND LEVEL,DRY,NO DEFECTS,ON SCENE,NO INJURY / DRIVE AWAY,,,Y,"OVER $1,500",3/10/2022 5:03,"OPERATING VEHICLE IN ERRATIC, RECKLESS, CARELESS, NEGLIGENT OR AGGRESSIVE MANNER",NOT APPLICABLE,4147,W,25TH ST,1013,,,,,,,3,NO INDICATION OF INJURY,0,0,0,0,0,1,0,5,5,3,41.84592847,-87.72801232,POINT (-87.728012319351 41.845928470052)
9170b2c4622bef38f5f4d3bc0771add1a9b96cb9fab6e95e2488144dd55fee5893846a70a22a92a69297b91fe177465e51562c26de6e9002f838b9782a6d12d0,JF177494,Y,3/17/2022 17:40,35,NO CONTROLS,NO CONTROLS,CLEAR,DAYLIGHT,SIDESWIPE SAME DIRECTION,DIVIDED - W/MEDIAN BARRIER,,STRAIGHT AND LEVEL,DRY,UNKNOWN,ON SCENE,NO INJURY / DRIVE AWAY,,,,$500 OR LESS,3/17/2022 17:40,FAILING TO REDUCE SPEED TO AVOID CRASH,NOT APPLICABLE,8900,S,STONY ISLAND AVE,413,,,,,,,2,NO INDICATION OF INJURY,0,0,0,0,0,5,0,17,5,3,41.73318797,-87.5857127,POINT (-87.585712697936 41.733187965898)
99d75113fca6d8b75db0caa83b9492676f88cbf4ca5c6299b040b4fba8aca73cfac713d723e17fd740c13b1c1226136232e1c37ab7bae289a03112d8fac534c0,JF162401,,3/3/2022 13:45,10,NO CONTROLS,NO CONTROLS,CLEAR,DAYLIGHT,REAR TO SIDE,PARKING LOT,,STRAIGHT AND LEVEL,DRY,UNKNOWN,NOT ON SCENE (DESK REPORT),NO INJURY / DRIVE AWAY,,,,"$501 - $1,500",3/3/2022 20:05,UNABLE TO DETERMINE,NOT APPLICABLE,328,S,WABASH AVE,113,,,,,,,2,NO INDICATION OF INJURY,0,0,0,0,0,2,0,13,5,3,41.87753817,-87.62621789,POINT (-87.62621788956 41.877538165144)
6b0b92da8b3087ec42f955edda4ed88fa4514f1a2bdd5e6432dc0ed98802cec41d4591090d2d5be06aa966914111ccc0033f408158f610eb3346e68c2fc6a53a,JF154450,,2/24/2022 10:00,30,TRAFFIC SIGNAL,FUNCTIONING PROPERLY,CLOUDY/OVERCAST,DAYLIGHT,TURNING,T-INTERSECTION,,STRAIGHT ON GRADE,DRY,NO DEFECTS,ON SCENE,INJURY AND / OR TOW DUE TO CRASH,Y,,,"OVER $1,500",2/24/2022 10:08,UNABLE TO DETERMINE,NOT APPLICABLE,200,E,ROOSEVELT RD,114,,,,,,,2,NO INDICATION OF INJURY,0,0,0,0,0,4,0,10,5,2,41.86759463,-87.62249747,POINT (-87.622497473924 41.867594625045)
70e244df836504f4a03f0de11cc7edb2cea3dc83cd13ed162c679c61319a986093e922b8c6bec8b5610d1b3ef81330cdab0103d9865ac16b7633008f8dff44aa,JF148680,,2/17/2022 15:15,30,NO CONTROLS,NO CONTROLS,SNOW,DAYLIGHT,REAR END,NOT DIVIDED,,STRAIGHT AND LEVEL,WET,NO DEFECTS,NOT ON SCENE (DESK REPORT),NO INJURY / DRIVE AWAY,,,,"$501 - $1,500",2/18/2022 15:40,FOLLOWING TOO CLOSELY,FOLLOWING TOO CLOSELY,6034,N,NORTHWEST HWY,1612,,,,,,,2,NO INDICATION OF INJURY,0,0,0,0,0,2,0,15,5,2,41.99081841,-87.79664765,POINT (-87.796647644904 41.990818411376)