CRASH_RECORD_ID,RD_NO,CRASH_DATE_EST_I,CRASH_DATE,POSTED_SPEED_LIMIT,TRAFFIC_CONTROL_DEVICE,DEVICE_CONDITION,WEATHER_CONDITION,LIGHTING_CONDITION,FIRST_CRASH_TYPE,TRAFFICWAY_TYPE,LANE_CNT,ALIGNMENT,ROADWAY_SURFACE_COND,ROAD_DEFECT,REPORT_TYPE,CRASH_TYPE,INTERSECTION_RELATED_I,NOT_RIGHT_OF_WAY_I,HIT_AND_RUN_I,DAMAGE,DATE_POLICE_NOTIFIED,PRIM_CONTRIBUTORY_CAUSE,SEC_CONTRIBUTORY_CAUSE,STREET_NO,STREET_DIRECTION,STREET_NAME,BEAT_OF_OCCURRENCE,PHOTOS_TAKEN_I,STATEMENTS_TAKEN_I,DOORING_I,WORK_ZONE_I,WORK_ZONE_TYPE,WORKERS_PRESENT_I,NUM_UNITS,MOST_SEVERE_INJURY,INJURIES_TOTAL,INJURIES_FATAL,INJURIES_INCAPACITATING,INJURIES_NON_INCAPACITATING,INJURIES_REPORTED_NOT_EVIDENT,INJURIES_NO_INDICATION,INJURIES_UNKNOWN,CRASH_HOUR,CRASH_DAY_OF_WEEK,CRASH_MONTH,LATITUDE,LONGITUDE,LOCATION
6a2174d204a55899c0ef6c400845032949b6b2fd9c3ccf2d76f57ecfd0aada7dec74810cf09b4ab2880c460419bcab339461e39cdce59c395cb89009594ea968,JE457642,,11/26/2021 16:36,30,NO CONTROLS,NO CONTROLS,CLEAR,DAYLIGHT,REAR END,NOT DIVIDED,,STRAIGHT AND LEVEL,DRY,NO DEFECTS,,NO INJURY / DRIVE AWAY,,,,"OVER $1,500",11/26/2021 17:27,FOLLOWING TOO CLOSELY,FOLLOWING TOO CLOSELY,6800,S,PULASKI RD,833,,,,,,,2,NO INDICATION OF INJURY,0,0,0,0,0,3,0,16,6,11,41.76950722,-87.72267327,POINT (-87.72267326755 41.769507220616)
91b3493c83c0f0c3edf8ba2c8f896a9bf253899a2c4cb5a4cebf27ee82164bbff2d16176ae5215a16dce42cec0d03bf543efa92ef0ce85be775d8d9e0828583d,JC471021,Y,10/13/2019 8:20,20,STOP SIGN/FLASHER,FUNCTIONING PROPERLY,CLEAR,DAYLIGHT,ANGLE,NOT DIVIDED,,STRAIGHT AND LEVEL,DRY,NO DEFECTS,,NO INJURY / DRIVE AWAY,Y,,,"OVER $1,500",10/13/2019 11:15,UNABLE TO DETERMINE,UNABLE TO DETERMINE,932,N,DEARBORN ST,1832,,,,,,,2,NO INDICATION OF INJURY,0,0,0,0,0,2,0,8,1,10,41.89976914,-87.63000572,POINT (-87.630005723602 41.899769135138)
91b68c0cbe01ecd06053372364712d82c8d031abe069faefada8cbbdc0af9dced43050655acd83f910e09d074be291008250f05ed5b9daf3bb2ae57c575d2f6b,JE237925,Y,5/21/2021 18:55,30,TRAFFIC SIGNAL,FUNCTIONING PROPERLY,CLEAR,DAYLIGHT,ANGLE,DIVIDED - W/MEDIAN (NOT RAISED),,STRAIGHT AND LEVEL,DRY,UNKNOWN,,INJURY AND / OR TOW DUE TO CRASH,Y,,Y,"OVER $1,500",5/21/2021 18:59,DISREGARDING TRAFFIC SIGNALS,FAILING TO REDUCE SPEED TO AVOID CRASH,6900,S,LAFAYETTE AVE,731,,,,,,,2,NONINCAPACITATING INJURY,2,0,0,2,0,4,0,18,6,5,41.76915534,-87.62681268,POINT (-87.626812676272 41.769155335336)
a4f49700d9cd3e472807d211fa00b1e6077c6c8cb85598c081a46367f9cbccc03fc59ef2ca3af0cb6d755abe6a4b1ba198968304ec30f9f84af3c7890cb5e9ee,JF184148,,3/23/2022 16:38,30,NO CONTROLS,NO CONTROLS,RAIN,DAYLIGHT,REAR TO SIDE,PARKING LOT,,STRAIGHT AND LEVEL,WET,NO DEFECTS,ON SCENE,NO INJURY / DRIVE AWAY,,Y,,"$501 - $1,500",3/23/2022 16:43,IMPROPER BACKING,NOT APPLICABLE,7180,W,GRAND AVE,2512,,,,,,,2,NO INDICATION OF INJURY,0,0,0,0,0,2,0,16,4,3,41.92402118,-87.80562441,POINT (-87.805624406301 41.92402117963)
934675453f5d9c2c4dbda0ccc6a7906b37bb233e77ef851e70535acc1b0555e965d489c048d01fde6684baf29c73cb2fa6fbe371efc6c70239576e2fe6501ef5,JF176791,,3/17/2022 8:30,30,NO CONTROLS,UNKNOWN,CLEAR,DAYLIGHT,ANGLE,NOT DIVIDED,,STRAIGHT AND LEVEL,DRY,NO DEFECTS,ON SCENE,INJURY AND / OR TOW DUE TO CRASH,Y,,,"$501 - $1,500",3/17/2022 9:00,UNABLE TO DETERMINE,UNABLE TO DETERMINE,3534,W,DIVERSEY AVE,1412,,,,,,,2,NO INDICATION OF INJURY,0,0,0,0,0,3,0,8,5,3,41.93203168,-87.71619177,POINT (-87.716191765359 41.932031677769)
a6a0eb9b2c91cfdf0c7f8aef780109812bdb24fb9997653c5042e4ffec2133a21e807ff6cc9cdd473edf7077a7d3e4fa3408e7d6b98d97cfc9ff79f94a365759,JF183549,,3/23/2022 9:13,30,NO CONTROLS,NO CONTROLS,CLOUDY/OVERCAST,DAYLIGHT,REAR END,DIVIDED - W/MEDIAN (NOT RAISED),,STRAIGHT AND LEVEL,WET,NO DEFECTS,ON SCENE,INJURY AND / OR TOW DUE TO CRASH,,,,"OVER $1,500",3/23/2022 9:19,FOLLOWING TOO CLOSELY,NOT APPLICABLE,3441,W,GRAND AVE,1121,,,,,,,2,"REPORTED, NOT EVIDENT",1,0,0,0,1,1,0,9,4,3,41.90052616,-87.71268259,POINT (-87.712682587959 41.900526159988)
9aa028970d7dc5f2f1a55a641f59378b0f0b1491029070dd47c1efe6528269be08f10304e79a42c0d5f4249491410dfb9b6c9d51f82f42706e16fe57a06e2f91,JF162203,,3/3/2022 16:30,30,NO CONTROLS,NO CONTROLS,CLEAR,DAYLIGHT,SIDESWIPE SAME DIRECTION,NOT DIVIDED,,STRAIGHT AND LEVEL,DRY,NO DEFECTS,ON SCENE,NO INJURY / DRIVE AWAY,,,Y,"OVER $1,500",3/3/2022 16:40,UNABLE TO DETERMINE,IMPROPER OVERTAKING/PASSING,5451,N,BROADWAY,2023,,,,,,,2,NO INDICATION OF INJURY,0,0,0,0,0,2,0,16,5,3,41.98148206,-87.65986305,POINT (-87.659863050082 41.981482056664)
a6b4c777e3c12fca9d543d22e6d027f24add375e28918d3148cf84f037678c987d43456828cf963a67705ac61cd3347da13b673fe1ef71ba93c2ca17ad822cd0,JF184293,,3/23/2022 17:19,30,NO CONTROLS,NO CONTROLS,RAIN,DAYLIGHT,REAR END,DIVIDED - W/MEDIAN (NOT RAISED),,STRAIGHT AND LEVEL,WET,UNKNOWN,NOT ON SCENE (DESK REPORT),NO INJURY / DRIVE AWAY,,,,"$501 - $1,500",3/23/2022 19:30,UNABLE TO DETERMINE,UNABLE TO DETERMINE,1950,W,FOSTER AVE,2012,,,,,,,2,NO INDICATION OF INJURY,0,0,0,0,0,2,0,17,4,3,41.97615822,-87.67844509,POINT (-87.678445087217 41.976158215737)
cc8486c8def6efe307ba487cbb682a73cf6a995b5ee962b9bdf9deb5a212e602a9f7fde26f9d0a16cb94611101063b19855f561cf923693a3a64daaf1f58764c,JF169531,,3/10/2022 15:11,30,TRAFFIC SIGNAL,FUNCTIONING PROPERLY,CLEAR,DAYLIGHT,REAR END,NOT DIVIDED,,STRAIGHT AND LEVEL,DRY,NO DEFECTS,ON SCENE,INJURY AND / OR TOW DUE TO CRASH,,,,"$501 - $1,500",3/10/2022 15:15,FOLLOWING TOO CLOSELY,FOLLOWING TOO CLOSELY,2100,W,OGDEN AVE,1225,,,,,,,2,"REPORTED, NOT EVIDENT",1,0,0,0,1,3,0,15,5,3,41.87050126,-87.67931537,POINT (-87.679315369508 41.87050125845)
a6bd9bf29c4e217290f968fbfbfa7fbd937bd5debf44b52f0bd23de95a19edd7cbef7587828b87254be278ec7c22444357fc117a40354dbfe332632be2a870c1,JF184084,,3/23/2022 15:45,30,NO CONTROLS,NO CONTROLS,RAIN,DAYLIGHT,SIDESWIPE SAME DIRECTION,DIVIDED - W/MEDIAN BARRIER,,STRAIGHT AND LEVEL,WET,NO DEFECTS,NOT ON SCENE (DESK REPORT),NO INJURY / DRIVE AWAY,,,,"OVER $1,500",3/23/2022 16:45,IMPROPER LANE USAGE,IMPROPER LANE USAGE,11,E,GARFIELD BLVD,225,,,,,,,2,NO INDICATION OF INJURY,0,0,0,0,0,2,0,15,4,3,41.79420365,-87.62524423,POINT (-87.625244225102 41.794203646999)
94459de5f4f6d02ae843d431a2df3d3f9512373e26f53e61949b232c93263184a6ec3ce12a8dc4034d961a282bc7c636a7c8feee02ed59dbe682062628e7607a,JF177233,,3/17/2022 14:40,30,STOP SIGN/FLASHER,NO CONTROLS,CLEAR,DAYLIGHT,TURNING,T-INTERSECTION,,STRAIGHT AND LEVEL,DRY,NO DEFECTS,ON SCENE,INJURY AND / OR TOW DUE TO CRASH,Y,,,"OVER $1,500",3/17/2022 15:12,"VISION OBSCURED (SIGNS, TREE LIMBS, BUILDINGS, ETC.)",UNABLE TO DETERMINE,522,N,MILWAUKEE AVE,1214,,,,,,,2,NO INDICATION OF INJURY,0,0,0,0,0,2,0,14,5,3,41.89173287,-87.64865419,POINT (-87.648654192939 41.891732865147)
cd5e194041638af42c00fb25d47896f4eae19ffd3a7ca1c98667faa4e77a69240aecfca2b79c871ba0e7855e14e895f5d3c5272c33d0cb11b43b0a9f0e981520,JF169687,,3/10/2022 17:15,30,NO CONTROLS,NO CONTROLS,CLEAR,DAYLIGHT,PARKED MOTOR VEHICLE,ONE-WAY,,STRAIGHT AND LEVEL,DRY,NO DEFECTS,NOT ON SCENE (DESK REPORT),NO INJURY / DRIVE AWAY,,,Y,"OVER $1,500",3/10/2022 18:30,"OPERATING VEHICLE IN ERRATIC, RECKLESS, CARELESS, NEGLIGENT OR AGGRESSIVE MANNER",NOT APPLICABLE,8008,S,RIDGELAND AVE,414,,,,,,,2,NO INDICATION OF INJURY,0,0,0,0,0,1,0,17,5,3,41.7493889,-87.58177888,POINT (-87.581778883361 41.749388899521)
a8f3912be9bb18f06da522952c41c70f0d91d813b6887df393e93d059aec2f49e97a2c720b47830aa124468a5ee7d4984c3e7ae69fa28971e7af3d1e4a08e12c,JF184194,,3/23/2022 14:30,20,NO CONTROLS,NO CONTROLS,CLEAR,DAYLIGHT,SIDESWIPE OPPOSITE DIRECTION,NOT DIVIDED,,STRAIGHT AND LEVEL,WET,NO DEFECTS,NOT ON SCENE (DESK REPORT),NO INJURY / DRIVE AWAY,,,,"OVER $1,500",3/23/2022 15:45,UNABLE TO DETERMINE,NOT APPLICABLE,8300,S,HOLLAND RD,622,,,,,,,2,NO INDICATION OF INJURY,0,0,0,0,0,2,0,14,4,3,41.74342733,-87.63218113,POINT (-87.632181132025 41.743427333057)
a90ce7e7fb38ed8141ca28c2533aa0a4ffd35d79c2a6863bcf1d69cb81e941745954a3d823c5e4e03772b7f182fde15acb8a2449c26d6a8cfb9b32e72a8d31c4,JF185193,,3/23/2022 17:45,35,STOP SIGN/FLASHER,FUNCTIONING PROPERLY,RAIN,DAYLIGHT,PEDESTRIAN,T-INTERSECTION,,STRAIGHT AND LEVEL,WET,NO DEFECTS,NOT ON SCENE (DESK REPORT),INJURY AND / OR TOW DUE TO CRASH,Y,,Y,"OVER $1,500",3/24/2022 16:00,DISREGARDING STOP SIGN,"OPERATING VEHICLE IN ERRATIC, RECKLESS, CARELESS, NEGLIGENT OR AGGRESSIVE MANNER",973,N,DEARBORN ST,1832,,,,,,,2,NONINCAPACITATING INJURY,1,0,0,1,0,1,0,17,4,3,41.90054211,-87.62974087,POINT (-87.629740865825 41.900542114335)
a9219db3c9b77127ddb98f2932deaebaea4130cdb4e27a1c5729d67fb08e32e9b504cdb4584132f3bf58b8d27df811909e0a8d5368140061079a120295bac140,JF183672,,3/23/2022 10:35,30,NO CONTROLS,NO CONTROLS,RAIN,DAYLIGHT,TURNING,DIVIDED - W/MEDIAN (NOT RAISED),,STRAIGHT AND LEVEL,WET,UNKNOWN,ON SCENE,INJURY AND / OR TOW DUE TO CRASH,,,,"OVER $1,500",3/23/2022 11:30,"VISION OBSCURED (SIGNS, TREE LIMBS, BUILDINGS, ETC.)",NOT APPLICABLE,16,W,DIVISION ST,1824,,,,,,,2,NO INDICATION OF INJURY,0,0,0,0,0,2,0,10,4,3,41.90404035,-87.62933546,POINT (-87.629335459376 41.904040349284)
72e3da9da74bdabae2d9f1315ff92da3a3681d4b5a2375839e0b1d5653b8156ea69a1f78a39a7179f91f8d558af30949c69df714fa025933839da1e10cee3e0a,JF147327,,2/17/2022 11:15,30,TRAFFIC SIGNAL,FUNCTIONING PROPERLY,CLEAR,DAYLIGHT,REAR END,DIVIDED - W/MEDIAN (NOT RAISED),,STRAIGHT AND LEVEL,DRY,NO DEFECTS,NOT ON SCENE (DESK REPORT),NO INJURY / DRIVE AWAY,Y,,,"$501 - $1,500",2/17/2022 11:43,FOLLOWING TOO CLOSELY,UNABLE TO DETERMINE,1600,E,79TH ST,411,,,,,,,2,NO INDICATION OF INJURY,0,0,0,0,0,2,0,11,5,2,41.75161152,-87.58559228,POINT (-87.585592284288 41.751611523273)
ce9bcda037efbbe5d419884a1a77f26f787f85e1a330f1b9f90891dd0bcf4314cfb52f653a79e114d8378f210fed8574fa2f37245e280b7af8f59dbc94d88e4c,JF169467,,3/10/2022 13:50,30,NO CONTROLS,NO CONTROLS,CLEAR,DAYLIGHT,SIDESWIPE SAME DIRECTION,NOT DIVIDED,,STRAIGHT ON GRADE,DRY,NO DEFECTS,NOT ON SCENE (DESK REPORT),NO INJURY / DRIVE AWAY,,,Y,"OVER $1,500",3/10/2022 15:30,UNABLE TO DETERMINE,UNABLE TO DETERMINE,3000,W,CHICAGO AVE,1211,,,,,,,2,NO INDICATION OF INJURY,0,0,0,0,0,2,0,13,5,3,41.89570453,-87.70221852,POINT (-87.702218523538 41.895704524946)
95d032a9172e18c74621ed2eac12992724b27407c453641c3bdce1538f14ed2c2bd3b60f13d78b43195d620e4a086f945ebba2fa801cea70ccd827801b088eb8,JF176698,,3/17/2022 7:30,30,NO CONTROLS,NO CONTROLS,CLEAR,DAYLIGHT,SIDESWIPE SAME DIRECTION,NOT DIVIDED,,STRAIGHT AND LEVEL,DRY,NO DEFECTS,NOT ON SCENE (DESK REPORT),INJURY AND / OR TOW DUE TO CRASH,,,,"OVER $1,500",3/17/2022 7:32,IMPROPER LANE USAGE,NOT APPLICABLE,539,E,MORGAN DR,233,,,,,,,2,"REPORTED, NOT EVIDENT",1,0,0,0,1,1,0,7,5,3,41.79326822,-87.61189295,POINT (-87.61189295371 41.793268220495)
cf1d5f6131ced286ed159eac769805968bcf01c3ba2657cebf0346097f8cc645e5ab9ef884fb5cdad7ac51f22928ef4c8e239e01673f5400f751ee6c4bff0bfd,JF169707,,3/10/2022 18:25,30,NO CONTROLS,UNKNOWN,CLEAR,UNKNOWN,REAR END,DIVIDED - W/MEDIAN (NOT RAISED),,STRAIGHT AND LEVEL,DRY,UNKNOWN,NOT ON SCENE (DESK REPORT),NO INJURY / DRIVE AWAY,,,,"OVER $1,500",3/10/2022 18:40,FOLLOWING TOO CLOSELY,NOT APPLICABLE,2899,W,TOUHY AVE,2411,,,,,,,2,NO INDICATION OF INJURY,0,0,0,0,0,2,0,18,5,3,42.01191025,-87.70196488,POINT (-87.701964878543 42.011910250258)
9db6bb76aa946eb1986b9a4b0fac5db161f1958509a948c021278da44b7cbe8d55a4b58633a6794d0fe71e5be0ce953a0e83d91123250483ff09ebc51e98e1d3,JF162106,,3/3/2022 15:02,20,NO CONTROLS,NO CONTROLS,CLEAR,DAYLIGHT,PARKED MOTOR VEHICLE,ONE-WAY,,STRAIGHT AND LEVEL,DRY,NO DEFECTS,ON SCENE,NO INJURY / DRIVE AWAY,,,,"OVER $1,500",3/3/2022 15:20,UNABLE TO DETERMINE,NOT APPLICABLE,4843,S,KARLOV AVE,815,,,,,,,2,NO INDICATION OF INJURY,0,0,0,0,0,1,0,15,5,3,41.80472815,-87.72579602,POINT (-87.725796020388 41.804728148599)
73eef6b0a2abe244d80a3a78a3676f46fbf127234a35467b7c20d07be7d28b54e2d22457df5decd39bfd909070bb06e899fb4d0665cead1ad49668408b31da83,JF149339,,2/17/2022 17:39,30,TRAFFIC SIGNAL,FUNCTIONING PROPERLY,SNOW,"DARKNESS, LIGHTED ROAD",REAR END,FOUR WAY,,STRAIGHT AND LEVEL,SNOW OR SLUSH,NO DEFECTS,NOT ON SCENE (DESK REPORT),NO INJURY / DRIVE AWAY,,,,"$501 - $1,500",2/19/2022 10:10,FOLLOWING TOO CLOSELY,WEATHER,1230,N,PULASKI RD,2534,,,,,,,2,NO INDICATION OF INJURY,0,0,0,0,0,3,0,17,5,2,41.90353156,-87.7264724,POINT (-87.726472397307 41.903531562088)
95f7aa719abf841151714dbe2e362fb0b71c010981a52ff591c6fb1a59d6f5e966cadcc7cddf57ea97518934a2df61f8e032b8647b655e19c6773c70616d9ab5,JF177332,,3/17/2022 16:00,45,STOP SIGN/FLASHER,FUNCTIONING PROPERLY,CLEAR,DAYLIGHT,REAR END,NOT DIVIDED,,STRAIGHT AND LEVEL,DRY,NO DEFECTS,NOT ON SCENE (DESK REPORT),NO INJURY / DRIVE AWAY,,,,"OVER $1,500",3/17/2022 16:48,FOLLOWING TOO CLOSELY,FOLLOWING TOO CLOSELY,11500,S,MARSHFIELD AVE,2234,,,,,,,2,NO INDICATION OF INJURY,0,0,0,0,0,2,0,16,5,3,41.68470876,-87.66285576,POINT (-87.662855757575 41.684708762863)
6de44c9bfeb8b7c11ee9e3a724986f6789c721d07feec8c8fc2671d9cb82300c32ffb341f4473686d091489b9327dfff65e1340aa1d68f072eb131cb19aaef90,JF154839,N,2/24/2022 14:40,30,NO CONTROLS,NO CONTROLS,SNOW,DAYLIGHT,SIDESWIPE SAME DIRECTION,DIVIDED - W/MEDIAN (NOT RAISED),,STRAIGHT AND LEVEL,WET,NO DEFECTS,ON SCENE,INJURY AND / OR TOW DUE TO CRASH,,,Y,"OVER $1,500",2/24/2022 15:26,UNABLE TO DETERMINE,NOT APPLICABLE,6829,S,ASHLAND AVE,725,,,,,,,3,NO INDICATION OF INJURY,0,0,0,0,0,2,0,14,5,2,41.76949211,-87.66379751,POINT (-87.663797505336 41.769492112914)
74247002e0dd85b2193915e522d3f28e8acc87c5e7def34ed56f627bdc296a2158ee8d4a04244c16cc3565003d2524f73d9ffdf188c0cfe9c70b85796db53abf,JF148807,,2/17/2022 17:50,30,NO CONTROLS,NO CONTROLS,SNOW,"DARKNESS, LIGHTED ROAD",REAR END,NOT DIVIDED,,STRAIGHT AND LEVEL,SNOW OR SLUSH,NO DEFECTS,NOT ON SCENE (DESK REPORT),NO INJURY / DRIVE AWAY,,,,"OVER $1,500",2/18/2022 17:28,WEATHER,NOT APPLICABLE,3100,S,CALIFORNIA AVE,1033,,,,,,,2,NO INDICATION OF INJURY,0,0,0,0,0,2,0,17,5,2,41.83727705,-87.69517225,POINT (-87.695172246519 41.837277050366)
aa287969b2c449048a41d2bd4987076e9075ae29bf8821b9815ad9d1b566903424bdb0edc04271382b95038fd1355b3049c6e902f8e27f904bc8fe27d006f732,JF183421,,3/23/2022 6:44,35,TRAFFIC SIGNAL,FUNCTIONING PROPERLY,CLEAR,DAWN,ANGLE,FOUR WAY,,STRAIGHT AND LEVEL,WET,NO DEFECTS,ON SCENE,INJURY AND / OR TOW DUE TO CRASH,Y,,,"OVER $1,500",3/23/2022 6:49,UNABLE TO DETERMINE,NOT APPLICABLE,2001,W,69TH ST,735,,,,,,,2,NO INDICATION OF INJURY,0,0,0,0,0,2,0,6,4,3,41.76832944,-87.67374381,POINT (-87.673743809957 41.768329436244)
96333a8490832498f9326a9f9a57561a43def30c1feb388b57ce79bc3edc9af983068801a26d514eb98913e561b7158a6df103129ebf179c815bb7f9bed71ef8,JF177227,,3/17/2022 15:15,20,NO CONTROLS,NO CONTROLS,CLEAR,DAYLIGHT,PARKED MOTOR VEHICLE,PARKING LOT,,STRAIGHT AND LEVEL,DRY,NO DEFECTS,ON SCENE,INJURY AND / OR TOW DUE TO CRASH,,Y,,"OVER $1,500",3/17/2022 15:20,DRIVING SKILLS/KNOWLEDGE/EXPERIENCE,DRIVING SKILLS/KNOWLEDGE/EXPERIENCE,4853,N,BROADWAY,2033,,,,,,,2,NO INDICATION OF INJURY,0,0,0,0,0,1,0,15,5,3,41.97057815,-87.65956528,POINT (-87.659565281089 41.970578153185)
963ab238ce45131949d83c0e8bb4e32ddf979753e6a74abcb2ee830150e9986908a27ef2a7e574f8a9f653f5299b81a81369c5622d87e4e9495f00e6ce63656e,JF176755,,3/17/2022 9:00,30,STOP SIGN/FLASHER,FUNCTIONING PROPERLY,CLEAR,DAYLIGHT,TURNING,FOUR WAY,,STRAIGHT AND LEVEL,DRY,NO DEFECTS,ON SCENE,NO INJURY / DRIVE AWAY,Y,,,"OVER $1,500",3/17/2022 9:03,IMPROPER TURNING/NO SIGNAL,FAILING TO YIELD RIGHT-OF-WAY,1400,N,BELL AVE,1424,,,,,,,2,NO INDICATION OF INJURY,0,0,0,0,0,2,0,9,5,3,41.90681534,-87.68361557,POINT (-87.683615573666 41.906815341704)
ab04ab6b32ba8ad7ff27fe2a4a9797642ba44da1256cfaa76b676a3870e37d02cd418e6140ab0e5d3f70cef2a6dca342a5d179808c34ab4240dd28c6653cc1c3,JF183515,,3/23/2022 8:30,30,NO CONTROLS,NO CONTROLS,RAIN,DAYLIGHT,SIDESWIPE SAME DIRECTION,DIVIDED - W/MEDIAN BARRIER,,STRAIGHT AND LEVEL,WET,NO DEFECTS,NOT ON SCENE (DESK REPORT),NO INJURY / DRIVE AWAY,,,,"OVER $1,500",3/23/2022 9:10,UNABLE TO DETERMINE,UNABLE TO DETERMINE,532,W,87TH ST,622,,,,,,,2,NO INDICATION OF INJURY,0,0,0,0,0,2,0,8,4,3,41.73627849,-87.63760178,POINT (-87.637601777249 41.736278492359)
6ecd92f6e8050b1bf2b0211d36427b63e56b9b40ae029e78de497bd7e59e4258dd6a42f2af29ba362439440f20c8fd5789783bf34aad74f3dc7108716cf8f2c9,JF154882,,2/24/2022 16:11,30,STOP SIGN/FLASHER,FUNCTIONING PROPERLY,SNOW,DAYLIGHT,REAR END,NOT DIVIDED,,STRAIGHT AND LEVEL,SNOW OR SLUSH,NO DEFECTS,NOT ON SCENE (DESK REPORT),NO INJURY / DRIVE AWAY,,,,"OVER $1,500",2/24/2022 17:02,IMPROPER OVERTAKING/PASSING,WEATHER,110,E,75TH ST,323,,,,,,,3,NO INDICATION OF INJURY,0,0,0,0,0,4,0,16,5,2,41.7584112,-87.62103256,POINT (-87.621032559482 41.758411198114)
6ecd9c6a32eb7866b0493d26a371183701eed9b762d411d88021d61c195be87515bbcc229f89370dedc61578a18b162fcb8f96ed2503f419196de262adac7ba9,JF154897,,2/24/2022 16:42,30,TRAFFIC SIGNAL,FUNCTIONING PROPERLY,SNOW,DAYLIGHT,SIDESWIPE OPPOSITE DIRECTION,DIVIDED - W/MEDIAN (NOT RAISED),,STRAIGHT AND LEVEL,SNOW OR SLUSH,NO DEFECTS,ON SCENE,NO INJURY / DRIVE AWAY,Y,,Y,"OVER $1,500",2/24/2022 17:03,IMPROPER OVERTAKING/PASSING,"OPERATING VEHICLE IN ERRATIC, RECKLESS, CARELESS, NEGLIGENT OR AGGRESSIVE MANNER",2556,W,AUGUSTA BLVD,1211,,,,,,,3,NO INDICATION OF INJURY,0,0,0,0,0,5,0,16,5,2,41.89944177,-87.69166504,POINT (-87.691665037483 41.899441773673)
74d9364c92b981d5d67dd27e41cb55164057a5e6cacc3f649dd9f169bcd547bfa2b2fc5684edb570f3f9e5b7db6a1c17c2633e1f34076a1060da039a8b3c948f,JF151607,,2/17/2022 13:50,25,NO CONTROLS,NO CONTROLS,SNOW,DAYLIGHT,OTHER OBJECT,OTHER,,STRAIGHT AND LEVEL,WET,NO DEFECTS,ON SCENE,NO INJURY / DRIVE AWAY,,Y,,"$501 - $1,500",2/21/2022 15:00,UNABLE TO DETERMINE,NOT APPLICABLE,1415,W,SHAKESPEARE AVE,1811,,,,,,,1,NO INDICATION OF INJURY,0,0,0,0,0,1,0,13,5,2,41.92062525,-87.66383494,POINT (-87.663834937746 41.920625253098)
74f2c74878030a1a1cf9287f42782fd086fc46e5e677b6cf869bb9a8e59c31af374ec8b577bfa2212eca7fac879cf30801bf2109ddd096a4cfa39f06e36b3b2e,JF147510,,2/17/2022 13:39,30,TRAFFIC SIGNAL,FUNCTIONING PROPERLY,SNOW,DAYLIGHT,REAR END,FOUR WAY,,STRAIGHT AND LEVEL,SNOW OR SLUSH,UNKNOWN,ON SCENE,INJURY AND / OR TOW DUE TO CRASH,Y,,,"OVER $1,500",2/17/2022 13:39,FAILING TO REDUCE SPEED TO AVOID CRASH,FAILING TO REDUCE SPEED TO AVOID CRASH,13000,S,TORRENCE AVE,434,,Y,,,,,3,"REPORTED, NOT EVIDENT",1,0,0,0,1,3,0,13,5,2,41.65912619,-87.55943274,POINT (-87.559432741943 41.659126189932)
752292d29d6ee2434792f7ee8c08c0811bb0d1793adcd47ac6a8632961c3921720a39b7f02e13d7ab0a3f920981101bc19f58631efddec48ce92b8cf0d826081,JF147086,Y,2/17/2022 7:02,25,NO CONTROLS,UNKNOWN,UNKNOWN,DAYLIGHT,REAR TO FRONT,FOUR WAY,,STRAIGHT AND LEVEL,UNKNOWN,UNKNOWN,ON SCENE,NO INJURY / DRIVE AWAY,Y,,Y,"$501 - $1,500",2/17/2022 7:48,FAILING TO YIELD RIGHT-OF-WAY,NOT APPLICABLE,5200,W,FULTON ST,1523,,,,,,,2,NO INDICATION OF INJURY,0,0,0,0,0,2,0,7,5,2,41.88574728,-87.75532463,POINT (-87.755324630567 41.885747274664)
9ebafc654ae94469c319629f61124a11aac53d3230a3dd16a7ba772056ce10ba687b3a112350855dd142773f7567b6484f75cd029a5b11e66f096375aedccc0d,JF161565,,3/3/2022 4:00,25,NO CONTROLS,NO CONTROLS,CLEAR,"DARKNESS, LIGHTED ROAD",SIDESWIPE SAME DIRECTION,NOT DIVIDED,,STRAIGHT AND LEVEL,DRY,NO DEFECTS,NOT ON SCENE (DESK REPORT),NO INJURY / DRIVE AWAY,,,Y,"OVER $1,500",3/3/2022 4:20,UNABLE TO DETERMINE,NOT APPLICABLE,6450,S,CALIFORNIA AVE,823,,,,,,,2,NO INDICATION OF INJURY,0,0,0,0,0,2,0,4,5,3,41.77576173,-87.69345385,POINT (-87.693453849874 41.775761731352)
6f3c12ab2e75be55e8e526a236e2b20b4eb57be125d5b61f7175cd57e65461be415b681c5c155fc8d8ac32f67895a8148edeb312629c76858ce9e87aed95932a,JF155082,,2/24/2022 20:10,30,NO CONTROLS,NO CONTROLS,SNOW,DARKNESS,REAR END,NOT DIVIDED,,STRAIGHT AND LEVEL,SNOW OR SLUSH,NO DEFECTS,NOT ON SCENE (DESK REPORT),NO INJURY / DRIVE AWAY,,,,$500 OR LESS,2/24/2022 20:26,UNABLE TO DETERMINE,NOT APPLICABLE,465,W,CERMAK RD,914,,,,,,,2,NO INDICATION OF INJURY,0,0,0,0,0,5,0,20,5,2,41.8526705,-87.63937024,POINT (-87.639370235961 41.852670499608)