CRASH_RECORD_ID,RD_NO,CRASH_DATE_EST_I,CRASH_DATE,POSTED_SPEED_LIMIT,TRAFFIC_CONTROL_DEVICE,DEVICE_CONDITION,WEATHER_CONDITION,LIGHTING_CONDITION,FIRST_CRASH_TYPE,TRAFFICWAY_TYPE,LANE_CNT,ALIGNMENT,ROADWAY_SURFACE_COND,ROAD_DEFECT,REPORT_TYPE,CRASH_TYPE,INTERSECTION_RELATED_I,NOT_RIGHT_OF_WAY_I,HIT_AND_RUN_I,DAMAGE,DATE_POLICE_NOTIFIED,PRIM_CONTRIBUTORY_CAUSE,SEC_CONTRIBUTORY_CAUSE,STREET_NO,STREET_DIRECTION,STREET_NAME,BEAT_OF_OCCURRENCE,PHOTOS_TAKEN_I,STATEMENTS_TAKEN_I,DOORING_I,WORK_ZONE_I,WORK_ZONE_TYPE,WORKERS_PRESENT_I,NUM_UNITS,MOST_SEVERE_INJURY,INJURIES_TOTAL,INJURIES_FATAL,INJURIES_INCAPACITATING,INJURIES_NON_INCAPACITATING,INJURIES_REPORTED_NOT_EVIDENT,INJURIES_NO_INDICATION,INJURIES_UNKNOWN,CRASH_HOUR,CRASH_DAY_OF_WEEK,CRASH_MONTH,LATITUDE,LONGITUDE,LOCATION
d280918c7ee17731db6013fc89970ecaba9c267b106081e40c7eba5cdf19e9c4aa5df33aeeabc12f8ed33b19392eebf124ff65cf2a1f2f8ca918a83551870775,JF169899,,3/10/2022 22:40,30,TRAFFIC SIGNAL,FUNCTIONING PROPERLY,SNOW,"DARKNESS, LIGHTED ROAD",PEDESTRIAN,T-INTERSECTION,,STRAIGHT AND LEVEL,WET,NO DEFECTS,ON SCENE,INJURY AND / OR TOW DUE TO CRASH,,,Y,$500 OR LESS,3/10/2022 22:42,FAILING TO YIELD RIGHT-OF-WAY,UNABLE TO DETERMINE,2400,E,75TH ST,334,,,,,,,2,NONINCAPACITATING INJURY,1,0,0,1,0,1,0,22,5,3,41.7590983,-87.56631499,POINT (-87.566314986034 41.759098297286)
96dd0591cb238379e3ab32d5ea8f678c6377a35207329fc94c4738a24d55e4fc6edf562a07e96e0aa7d82ee32c65c7998d94b2e1438a2742b4eec87e2bc40672,JE433329,,11/4/2021 5:19,30,TRAFFIC SIGNAL,FUNCTIONING PROPERLY,CLEAR,DARKNESS,TURNING,FOUR WAY,,STRAIGHT AND LEVEL,DRY,NO DEFECTS,,NO INJURY / DRIVE AWAY,Y,,,"$501 - $1,500",11/4/2021 5:50,UNABLE TO DETERMINE,UNABLE TO DETERMINE,5323,S,CENTRAL AVE,814,,,,,,,2,NO INDICATION OF INJURY,0,0,0,0,0,3,0,5,5,11,41.79574458,-87.76226225,POINT (-87.762262253154 41.795744584003)
ab0fb2267df8cdbe4b65de6c7e0304b87fb86d86a1833728f389ee657316515491f12cfbb9c764f8169ce161bfd78814bcf414578ce765b34f9e25c366b12ac4,JD201690,,4/4/2020 3:54,20,NO CONTROLS,NO CONTROLS,RAIN,DARKNESS,PARKED MOTOR VEHICLE,NOT DIVIDED,,STRAIGHT AND LEVEL,WET,NO DEFECTS,,INJURY AND / OR TOW DUE TO CRASH,,,Y,"OVER $1,500",4/4/2020 4:12,FAILING TO REDUCE SPEED TO AVOID CRASH,NOT APPLICABLE,1409,S,KEELER AVE,1011,,,,,,,2,NO INDICATION OF INJURY,0,0,0,0,0,2,0,3,7,4,41.86213575,-87.72979549,POINT (-87.729795491733 41.862135750742)
d2c700bdf025bd4c98e47e24f3633f1d0d3037d6c17764c4fcef4c2bcc7d113304fe2bce7b1c2f055d93347fe20d8dcd27f71e320930c54aecf6e4240fcb02a1,JF169352,,3/10/2022 13:05,30,NO CONTROLS,NO CONTROLS,CLEAR,DAYLIGHT,SIDESWIPE SAME DIRECTION,DIVIDED - W/MEDIAN (NOT RAISED),,STRAIGHT AND LEVEL,DRY,NO DEFECTS,ON SCENE,NO INJURY / DRIVE AWAY,,,,"OVER $1,500",3/10/2022 13:13,FAILING TO YIELD RIGHT-OF-WAY,NOT APPLICABLE,2229,S,WENTWORTH AVE,914,,,,,,,3,NO INDICATION OF INJURY,0,0,0,0,0,2,0,13,5,3,41.85202315,-87.63184844,POINT (-87.631848443047 41.852023150198)
abaa7e0108eef3100b3da200be59348fec63e986e7afc2340f6948496c3eac0eb897ed1e158fe36afa4bc529bbe8fbc5501be03179e57b2239b76d44001a7ab6,JF183967,,3/23/2022 15:00,35,UNKNOWN,UNKNOWN,UNKNOWN,UNKNOWN,SIDESWIPE SAME DIRECTION,UNKNOWN,,STRAIGHT AND LEVEL,WET,UNKNOWN,NOT ON SCENE (DESK REPORT),NO INJURY / DRIVE AWAY,,,,"OVER $1,500",3/23/2022 15:30,UNABLE TO DETERMINE,UNABLE TO DETERMINE,6201,S,HARLEM AVE,812,,,,,,,2,NO INDICATION OF INJURY,0,0,0,0,0,2,0,15,4,3,41.77905417,-87.80085234,POINT (-87.800852338384 41.779054168967)
9fb7e51cf5b18778b11f8218ae2dc233be9fc8ab0ac5daa5a0ef2b2e0c2f5d1c0b2bc9928193ea2f48b1d3c83eccbb3d99ed08664c464b017fcceef51e78bc53,JF161776,,3/3/2022 10:18,30,NO CONTROLS,NO CONTROLS,CLEAR,DAYLIGHT,PARKED MOTOR VEHICLE,NOT DIVIDED,,STRAIGHT AND LEVEL,DRY,NO DEFECTS,ON SCENE,NO INJURY / DRIVE AWAY,,,,$500 OR LESS,3/3/2022 10:25,NOT APPLICABLE,NOT APPLICABLE,6230,N,CLARK ST,2433,,,,,,,2,NO INDICATION OF INJURY,0,0,0,0,0,2,0,10,5,3,41.99530998,-87.67033331,POINT (-87.670333307775 41.995309982628)
ac1cc795888c8013e88d62a764d5c6fef7a48f4fc79b183b8bff37fb553436de785686f52d21f62087e077fb5b1c93f906c5364322ea92843daf99b22dcab7ed,JF183811,,3/23/2022 12:55,10,NO CONTROLS,NO CONTROLS,CLEAR,DAYLIGHT,PARKED MOTOR VEHICLE,PARKING LOT,,STRAIGHT AND LEVEL,DRY,NO DEFECTS,NOT ON SCENE (DESK REPORT),NO INJURY / DRIVE AWAY,,,Y,"$501 - $1,500",3/23/2022 14:20,IMPROPER BACKING,NOT APPLICABLE,2700,N,CENTRAL AVE,2514,,,,,,,2,NO INDICATION OF INJURY,0,0,0,0,0,2,0,12,4,3,41.9294953,-87.7663303,POINT (-87.766330298432 41.929495300631)
70414ddf70c67a8fbce24ebad41871ba816186410c41c841bfccc8c1efede0ac5eccce178462b4212e0797a17828505059453684832b0c0ab2c12ce3cc28af7d,JE422730,,10/23/2021 14:00,20,TRAFFIC SIGNAL,NO CONTROLS,CLEAR,DAYLIGHT,TURNING,ONE-WAY,,STRAIGHT AND LEVEL,DRY,NO DEFECTS,,NO INJURY / DRIVE AWAY,,,Y,"OVER $1,500",10/26/2021 8:56,FAILING TO YIELD RIGHT-OF-WAY,UNABLE TO DETERMINE,4800,S,LAVERGNE AVE,814,,,,,,,2,NO INDICATION OF INJURY,0,0,0,0,0,2,0,14,7,10,41.80563895,-87.74814263,POINT (-87.748142628327 41.805638952543)
705a4675b8f492c49c205735ac7e7f39289a0483fecebba089e2f9bcc1b72b7f8cb39f705d1e02ff8e7b960121c4e847a3f8656f8808b4747d1474fc15b976b5,JC367841,,7/28/2019 5:15,35,TRAFFIC SIGNAL,FUNCTIONING PROPERLY,CLEAR,DAWN,REAR END,DIVIDED - W/MEDIAN (NOT RAISED),,STRAIGHT AND LEVEL,DRY,NO DEFECTS,,INJURY AND / OR TOW DUE TO CRASH,Y,,,"OVER $1,500",7/28/2019 5:15,UNDER THE INFLUENCE OF ALCOHOL/DRUGS (USE WHEN ARREST IS EFFECTED),FAILING TO REDUCE SPEED TO AVOID CRASH,5203,S,PULASKI RD,822,,Y,,,,,3,INCAPACITATING INJURY,3,0,1,2,0,5,0,5,1,7,41.79845862,-87.72316389,POINT (-87.723163890721 41.798458621348)
71350f64befd7eb304b78369962267d4d3b4c00bf03eda0d893c41423306a60e58e65944ab5f1d221b90731baf9c6bc85bdd40ef88654f2cf5e4581869bc78c1,JF154305,,2/24/2022 7:41,30,TRAFFIC SIGNAL,FUNCTIONING PROPERLY,CLEAR,DAYLIGHT,REAR END,NOT DIVIDED,,STRAIGHT AND LEVEL,DRY,NO DEFECTS,ON SCENE,INJURY AND / OR TOW DUE TO CRASH,,,,"OVER $1,500",2/24/2022 7:41,DISTRACTION - FROM INSIDE VEHICLE,UNABLE TO DETERMINE,2221,N,WESTERN AVE,1432,,,,,,,2,"REPORTED, NOT EVIDENT",1,0,0,0,1,2,0,7,5,2,41.92233007,-87.68741548,POINT (-87.687415481207 41.922330072816)
ac96590f52ffc2ce4c5b51858bcf53191f9e14101e93bc5444d2a640852541a6c683f986a4f24210dfe7296058537def69db4a58baf2e401630bb7097ebdfd87,JF184840,,3/23/2022 11:21,30,TRAFFIC SIGNAL,FUNCTIONING PROPERLY,CLEAR,DAYLIGHT,REAR END,NOT DIVIDED,,STRAIGHT AND LEVEL,DRY,NO DEFECTS,NOT ON SCENE (DESK REPORT),NO INJURY / DRIVE AWAY,Y,,,"$501 - $1,500",3/24/2022 11:05,FOLLOWING TOO CLOSELY,FOLLOWING TOO CLOSELY,200,E,31ST ST,133,,,,,,,2,NO INDICATION OF INJURY,0,0,0,0,0,3,0,11,4,3,41.8384753,-87.62186311,POINT (-87.621863105414 41.838475303648)
a072db6f36abee954ea4d4785150bf7d4fda3d1f56695c4519925a1b6c54c706f2ba282d66de20106b90a0359043bd4c2cb398b67f0882f0bd3b14bb9de1750a,JF161629,,3/3/2022 6:04,30,TRAFFIC SIGNAL,FUNCTIONING PROPERLY,CLEAR,DAYLIGHT,REAR END,NOT DIVIDED,,STRAIGHT AND LEVEL,DRY,NO DEFECTS,NOT ON SCENE (DESK REPORT),NO INJURY / DRIVE AWAY,,,,"OVER $1,500",3/3/2022 7:30,UNABLE TO DETERMINE,NOT APPLICABLE,11900,S,HALSTED ST,524,,,,,,,2,NO INDICATION OF INJURY,0,0,0,0,0,2,0,6,5,3,41.67772083,-87.64205185,POINT (-87.642051844982 41.677720829248)
991fe770cce6e9a9e86341d632db6361832aa748723e2641efc8e54d45dea4c14e7add440736b53797cb0a34f46d50c6c6e6f2482c5e3b281ff2b906b2657e2b,JF176605,,3/17/2022 6:01,30,UNKNOWN,UNKNOWN,CLEAR,DAWN,ANGLE,FOUR WAY,,STRAIGHT AND LEVEL,DRY,UNKNOWN,ON SCENE,INJURY AND / OR TOW DUE TO CRASH,,,,"$501 - $1,500",3/17/2022 6:01,UNABLE TO DETERMINE,UNABLE TO DETERMINE,7100,S,STONY ISLAND AVE,324,,,,,,,2,"REPORTED, NOT EVIDENT",1,0,0,0,1,1,0,6,5,3,41.76592819,-87.58647008,POINT (-87.586470077922 41.76592819222)
d4ec69f12aae329682b01703c5babc1869151ed199b0a0c5ca7f6c584048ef47e85dac340d280017b36a6fcc1a73f48988901b8c2aa67011fab5de557f673b7e,JF169837,,3/10/2022 20:00,15,NO CONTROLS,NO CONTROLS,CLEAR,"DARKNESS, LIGHTED ROAD",FIXED OBJECT,OTHER,,STRAIGHT AND LEVEL,DRY,UNKNOWN,ON SCENE,NO INJURY / DRIVE AWAY,,Y,,"OVER $1,500",3/10/2022 20:48,UNABLE TO DETERMINE,UNABLE TO DETERMINE,5209,S,LOTUS AVE,814,,,,,,,1,NO INDICATION OF INJURY,0,0,0,0,0,1,0,20,5,3,41.79796574,-87.75864293,POINT (-87.758642931302 41.797965736844)
77d7330152a0e60ed34fa32fc7eb0cc6a7f93a621fcd5dd9a04f6045d53936f17ade7ea58f8dd437941aae4868d4f1e00374d53c6d2a3c86afaa7673caa8c8a3,JF147871,,2/17/2022 17:50,30,TRAFFIC SIGNAL,FUNCTIONING PROPERLY,SNOW,"DARKNESS, LIGHTED ROAD",REAR END,DIVIDED - W/MEDIAN (NOT RAISED),,STRAIGHT AND LEVEL,SNOW OR SLUSH,NO DEFECTS,NOT ON SCENE (DESK REPORT),NO INJURY / DRIVE AWAY,,,,"OVER $1,500",2/17/2022 18:40,UNABLE TO DETERMINE,UNABLE TO DETERMINE,300,N,LARAMIE AVE,1523,,,,,,,2,NO INDICATION OF INJURY,0,0,0,0,0,6,0,17,5,2,41.88571429,-87.75540908,POINT (-87.755409077735 41.885714287582)
a19f9ac6f1622ea926c7de6663bac770121a049c49820de145721a58f9f61674d055fdb8721ceeece7d498ee43859f11221c18c89088080aef395c85f24db756,JF162552,,3/3/2022 11:45,30,TRAFFIC SIGNAL,FUNCTIONING PROPERLY,CLEAR,DARKNESS,TURNING,NOT DIVIDED,,STRAIGHT AND LEVEL,DRY,NO DEFECTS,ON SCENE,NO INJURY / DRIVE AWAY,Y,,Y,"OVER $1,500",3/3/2022 11:48,IMPROPER TURNING/NO SIGNAL,NOT APPLICABLE,6801,N,RIDGE BLVD,2424,,,,,,,2,NO INDICATION OF INJURY,0,0,0,0,0,2,0,11,5,3,42.00530312,-87.68005991,POINT (-87.680059908644 42.005303120054)
adef7501a0048fa50a9635d8e0796617edf680ffa36788f8cdf8315436f7f1a3c06fa84b1832e3fae42b60bb11930a43e9631eeb7c2baec09f82126e900db46f,JF183942,,3/23/2022 13:45,30,UNKNOWN,UNKNOWN,UNKNOWN,UNKNOWN,SIDESWIPE SAME DIRECTION,NOT DIVIDED,,STRAIGHT AND LEVEL,UNKNOWN,UNKNOWN,NOT ON SCENE (DESK REPORT),NO INJURY / DRIVE AWAY,,,,"OVER $1,500",3/23/2022 15:10,UNABLE TO DETERMINE,UNABLE TO DETERMINE,1743,W,TOUHY AVE,2423,,,,,,,2,NO INDICATION OF INJURY,0,0,0,0,0,2,0,13,4,3,42.01253639,-87.67406683,POINT (-87.674066830839 42.012536387514)
9a4e2754a95be67cdf94ac8c51958eb7c76d827e6b951d69cb7d60981b25c4375f0a1b9789bf0b0f0aaee538548a6183d978699045ffbdb59ff6596b11ee03d1,JF177328,,3/17/2022 15:50,15,NO CONTROLS,NO CONTROLS,CLEAR,DAYLIGHT,ANGLE,PARKING LOT,,STRAIGHT AND LEVEL,DRY,NO DEFECTS,NOT ON SCENE (DESK REPORT),NO INJURY / DRIVE AWAY,,Y,,"OVER $1,500",3/17/2022 16:30,FAILING TO YIELD RIGHT-OF-WAY,UNABLE TO DETERMINE,201,W,87TH ST,634,,,,,,,2,NO INDICATION OF INJURY,0,0,0,0,0,2,0,15,5,3,41.73604849,-87.62899487,POINT (-87.628994873851 41.736048485797)
adc69daf4ba58cc302774d971518f245175fda78fe7471c7b185e54c2eb68e84a3da607d835ca82488151318e295261990b2b5aaeb26f72352153ee8126c7c17,JE151973,,2/25/2021 13:17,30,STOP SIGN/FLASHER,FUNCTIONING PROPERLY,CLEAR,DAYLIGHT,PARKED MOTOR VEHICLE,ONE-WAY,,STRAIGHT AND LEVEL,SNOW OR SLUSH,NO DEFECTS,,NO INJURY / DRIVE AWAY,,,Y,"OVER $1,500",2/25/2021 13:18,UNABLE TO DETERMINE,UNABLE TO DETERMINE,4359,W,ADAMS ST,1115,,,,,,,2,NO INDICATION OF INJURY,0,0,0,0,0,1,0,13,5,2,41.87775204,-87.73525597,POINT (-87.735255972233 41.877752037971)
ae923832a88e1484fe74580e6d6239919bd88d0d89ff3301b629aa40a988ea5fab2a0774c2cc44715de73a28494fa8b8337e192fa125a607086a88d0aa2cfb0f,JF183713,,3/23/2022 11:41,35,NO CONTROLS,NO CONTROLS,RAIN,DAYLIGHT,TURNING,DIVIDED - W/MEDIAN (NOT RAISED),,STRAIGHT AND LEVEL,WET,NO DEFECTS,NOT ON SCENE (DESK REPORT),NO INJURY / DRIVE AWAY,N,,,"OVER $1,500",3/23/2022 11:43,FAILING TO YIELD RIGHT-OF-WAY,NOT APPLICABLE,5099,N,SHERIDAN RD,2024,,Y,,,,,2,NO INDICATION OF INJURY,0,0,0,0,0,2,0,11,4,3,41.97523467,-87.65483162,POINT (-87.654831620129 41.975234669109)
736dbedf8fd4b7493d43bc8890df7d06773f317a18fa0dc43476d1505485abb693d1d252352e25304ee65d2bc99f8661b21893e3df69015b20ccdf55391ecf4d,JF154937,,2/24/2022 16:30,30,STOP SIGN/FLASHER,NO CONTROLS,SNOW,"DARKNESS, LIGHTED ROAD",TURNING,NOT DIVIDED,,STRAIGHT AND LEVEL,WET,NO DEFECTS,,NO INJURY / DRIVE AWAY,,,,"OVER $1,500",2/24/2022 17:35,FAILING TO YIELD RIGHT-OF-WAY,UNABLE TO DETERMINE,150,N,CARPENTER ST,1224,,,,,,,2,NO INDICATION OF INJURY,0,0,0,0,0,2,0,16,5,2,41.88458722,-87.65342609,POINT (-87.653426092846 41.884587214671)
9a74dfbff1a9eb4b02716ba91b3eeddb8472300a7988f60e812d0108d985efd171ec533ed4813e2cb3ecf69e9c1fd406ae23aa435968748bc6237a61080f4d10,JF177572,,3/17/2022 19:30,30,NO CONTROLS,NO CONTROLS,CLEAR,DARKNESS,SIDESWIPE SAME DIRECTION,NOT DIVIDED,,STRAIGHT AND LEVEL,DRY,NO DEFECTS,NOT ON SCENE (DESK REPORT),NO INJURY / DRIVE AWAY,,,,"$501 - $1,500",3/17/2022 19:50,UNABLE TO DETERMINE,UNABLE TO DETERMINE,938,W,WEBSTER AVE,1812,,,,,,,2,NO INDICATION OF INJURY,0,0,0,0,0,2,0,19,5,3,41.9218635,-87.65259156,POINT (-87.652591557496 41.921863504286)
742badbbd03eeecb323229b890c988e55f803ae06a00775e143d9edc711ff122a1f6a59c73ed7210aac444307c467881adb092a961aeb0e66babeb1c5e3fc1b7,JF154647,,2/24/2022 12:41,30,TRAFFIC SIGNAL,FUNCTIONING PROPERLY,CLEAR,DAYLIGHT,TURNING,NOT DIVIDED,,STRAIGHT AND LEVEL,DRY,NO DEFECTS,ON SCENE,NO INJURY / DRIVE AWAY,,,,"OVER $1,500",2/24/2022 12:48,UNABLE TO DETERMINE,UNABLE TO DETERMINE,2000,N,CICERO AVE,2522,,,,,,,2,NO INDICATION OF INJURY,0,0,0,0,0,2,0,12,5,2,41.91697333,-87.74626022,POINT (-87.746260222511 41.916973324511)
a3d7e520859c53dc9e3b866173363a3d03c167e87476908f4db3ecfb832c685be53da685a123d672438dc95cb73a70294099eee22c457cf10b4ec47ef657f016,JF162092,,3/3/2022 15:00,30,NO CONTROLS,NO CONTROLS,CLEAR,DAYLIGHT,ANGLE,NOT DIVIDED,,STRAIGHT AND LEVEL,DRY,NO DEFECTS,ON SCENE,NO INJURY / DRIVE AWAY,,,,"OVER $1,500",3/3/2022 15:04,DRIVING SKILLS/KNOWLEDGE/EXPERIENCE,UNABLE TO DETERMINE,1239,W,NORTH AVE,1433,,,,,,,2,NO INDICATION OF INJURY,0,0,0,0,0,3,0,15,5,3,41.91065578,-87.65852724,POINT (-87.658527235746 41.910655782671)
d7a0adb2adf644efc8985b3196f1af48261a48de0ba25dd652d393078ff510c808e03db12ca67b5d0546f8a0815c26f0c9ff456b44c5d17c3e09e5a914bda70a,JF169286,,3/10/2022 12:16,30,TRAFFIC SIGNAL,FUNCTIONING PROPERLY,CLEAR,DAYLIGHT,TURNING,NOT DIVIDED,,STRAIGHT AND LEVEL,DRY,NO DEFECTS,ON SCENE,INJURY AND / OR TOW DUE TO CRASH,Y,,,"OVER $1,500",3/10/2022 12:17,UNABLE TO DETERMINE,NOT APPLICABLE,5300,S,CICERO AVE,814,,,,,,,2,NONINCAPACITATING INJURY,1,0,0,1,0,1,0,12,5,3,41.79660608,-87.74300403,POINT (-87.743004025677 41.796606074549)
9b6dc1c2983b110313fc32d30731c0dcae70c430e128f7ed974f1e90c1c381a5f52499634cce52f4212cc639cd16b35c9e52eddd3c4a024dd913dd56ab4ce4bd,JF176756,,3/17/2022 8:57,30,NO CONTROLS,NO CONTROLS,CLEAR,DAYLIGHT,SIDESWIPE SAME DIRECTION,NOT DIVIDED,,STRAIGHT AND LEVEL,DRY,NO DEFECTS,ON SCENE,NO INJURY / DRIVE AWAY,,,Y,"OVER $1,500",3/17/2022 8:59,IMPROPER OVERTAKING/PASSING,"OPERATING VEHICLE IN ERRATIC, RECKLESS, CARELESS, NEGLIGENT OR AGGRESSIVE MANNER",1465,W,103RD ST,2212,,,,,,,2,NO INDICATION OF INJURY,0,0,0,0,0,2,0,8,5,3,41.70661607,-87.66000272,POINT (-87.660002724116 41.706616072751)
7a6aec44b81f670335b50f819d22bec4b63d75e1189fa9f9409cb3adb5a29ed6d64162562e94ca795d6bcd2a0c3580c0d6611b429af1004a20bb1ba90031fff6,JF147896,,2/17/2022 16:50,30,NO CONTROLS,NO CONTROLS,SNOW,DAYLIGHT,TURNING,NOT DIVIDED,,STRAIGHT AND LEVEL,SNOW OR SLUSH,NO DEFECTS,NOT ON SCENE (DESK REPORT),NO INJURY / DRIVE AWAY,,,,"OVER $1,500",2/17/2022 16:50,IMPROPER OVERTAKING/PASSING,IMPROPER OVERTAKING/PASSING,8222,S,DOBSON AVE,631,,,,,,,2,NO INDICATION OF INJURY,0,0,0,0,0,2,0,16,5,2,41.74513138,-87.59903738,POINT (-87.599037380965 41.745131379321)
b0faa9f5e04cab5cdd6eb3402406aa24ecea91f24f90054d5a7930e9ae4394c11eadae88abb01d344be5785b6a40b78b818bda87f61fe503a35bc118b5046d65,JF184446,Y,3/23/2022 22:30,30,NO CONTROLS,NO CONTROLS,RAIN,DARKNESS,PARKED MOTOR VEHICLE,NOT DIVIDED,,STRAIGHT AND LEVEL,WET,NO DEFECTS,ON SCENE,NO INJURY / DRIVE AWAY,,,Y,"OVER $1,500",3/23/2022 23:14,UNABLE TO DETERMINE,NOT APPLICABLE,7910,S,CALIFORNIA AVE,835,,,,,,,2,NO INDICATION OF INJURY,0,0,0,0,0,1,0,22,4,3,41.74949978,-87.69276184,POINT (-87.692761841923 41.749499778444)
d894b31585968eb4e7958043896f50227a7a18387379118d6c31ec1bc46acd2a4df85c02b01df3432936ad807edbb22abfe27039d7d88d7a840dd176fbc5116e,JF169703,,3/10/2022 18:17,30,TRAFFIC SIGNAL,FUNCTIONING PROPERLY,SNOW,"DARKNESS, LIGHTED ROAD",TURNING,DIVIDED - W/MEDIAN BARRIER,,STRAIGHT AND LEVEL,WET,NO DEFECTS,ON SCENE,INJURY AND / OR TOW DUE TO CRASH,Y,,,"OVER $1,500",3/10/2022 18:21,UNABLE TO DETERMINE,UNABLE TO DETERMINE,4755,W,FOSTER AVE,1712,,,,,,,2,NONINCAPACITATING INJURY,1,0,0,1,0,2,0,18,5,3,41.97523359,-87.74778388,POINT (-87.747783883995 41.975233587862)
d9d88bdb15f28a6f8a721e7789c6109aea34a4ed31b24a1df82c15cb3649e16237537948afe5f9ff96a596270f646bd466c01c4f83dcf94f7381279f50e588e8,JF169368,,3/10/2022 7:30,30,STOP SIGN/FLASHER,FUNCTIONING PROPERLY,CLEAR,DAYLIGHT,ANGLE,NOT DIVIDED,,STRAIGHT AND LEVEL,DRY,NO DEFECTS,NOT ON SCENE (DESK REPORT),NO INJURY / DRIVE AWAY,,,,"$501 - $1,500",3/10/2022 14:00,FAILING TO YIELD RIGHT-OF-WAY,FAILING TO REDUCE SPEED TO AVOID CRASH,7100,W,GRAND AVE,2512,,,,,,,2,NO INDICATION OF INJURY,0,0,0,0,0,2,0,7,5,3,41.92365127,-87.80266779,POINT (-87.80266779053 41.92365126928)
d9dd53977d40612a58803478bc9ed8f4ae2a7a4b0706e24b333c47f5ec85fe3ba28c3cbb1f06134359705a89a72faf4a3b66316f8312c015d724d59789f99118,JF169735,,3/10/2022 17:35,30,NO CONTROLS,NO CONTROLS,CLEAR,"DARKNESS, LIGHTED ROAD",SIDESWIPE SAME DIRECTION,ONE-WAY,,STRAIGHT AND LEVEL,DRY,UNKNOWN,NOT ON SCENE (DESK REPORT),NO INJURY / DRIVE AWAY,,,,"OVER $1,500",3/10/2022 19:20,DRIVING SKILLS/KNOWLEDGE/EXPERIENCE,NOT APPLICABLE,228,E,ONTARIO ST,1834,,,,,,,2,NO INDICATION OF INJURY,0,0,0,0,0,2,0,17,5,3,41.89348297,-87.62193059,POINT (-87.621930591288 41.893482969151)
da24dfb124ba41663142f521c5c73aac1768148029944f3d92c2edc087ef8331bc92b13b0430ad639f749d6247c78ed6327de39f7f9753d8b1fb9f1b59d87cc0,JF169297,,3/10/2022 12:24,30,NO CONTROLS,NO CONTROLS,CLEAR,DAYLIGHT,SIDESWIPE SAME DIRECTION,NOT DIVIDED,,STRAIGHT AND LEVEL,DRY,NO DEFECTS,NOT ON SCENE (DESK REPORT),NO INJURY / DRIVE AWAY,,,Y,"$501 - $1,500",3/10/2022 13:00,FAILING TO YIELD RIGHT-OF-WAY,NOT APPLICABLE,1900,N,NARRAGANSETT AVE,2513,,,,,,,2,NO INDICATION OF INJURY,0,0,0,0,0,2,0,12,5,3,41.91468063,-87.78532674,POINT (-87.785326737314 41.914680626859)
b158a91e9e69f8314837616d9138783653692a01d6b3249e144d8c22def0606bfc5f84b37fdd0c7697ff01d5573b0611fbc53ffd26244cde7536709241463ccf,JE173043,,3/18/2021 12:30,30,TRAFFIC SIGNAL,UNKNOWN,UNKNOWN,DAYLIGHT,REAR END,NOT DIVIDED,,STRAIGHT AND LEVEL,UNKNOWN,UNKNOWN,,NO INJURY / DRIVE AWAY,,,Y,"OVER $1,500",3/19/2021 6:35,FOLLOWING TOO CLOSELY,UNABLE TO DETERMINE,7501,S,COTTAGE GROVE AVE,624,,,,,,,2,NO INDICATION OF INJURY,0,0,0,0,0,2,0,12,5,3,41.75849313,-87.60524023,POINT (-87.605240225641 41.758493133326)
7b17812ef913d09cc673dcd8d901568658b42087c7284bf8c63a196745bfb3acb4533077d9ba6a958d80564dbb09f11837623f98ab052b2a0132282c55a74e4f,JF147158,,2/17/2022 8:55,30,STOP SIGN/FLASHER,FUNCTIONING PROPERLY,CLEAR,DAYLIGHT,ANGLE,NOT DIVIDED,,STRAIGHT AND LEVEL,DRY,NO DEFECTS,ON SCENE,INJURY AND / OR TOW DUE TO CRASH,Y,,,"OVER $1,500",2/17/2022 8:59,FAILING TO YIELD RIGHT-OF-WAY,NOT APPLICABLE,4759,N,NARRAGANSETT AVE,1622,,,,,,,2,"REPORTED, NOT EVIDENT",2,0,0,0,2,1,0,8,5,2,41.9683204,-87.78660472,POINT (-87.786604714817 41.968320404292)
75558dafde76871c63e025223722cdd11e3282f5aeff013905aceb8f4c295fb246156d2d1ed45201f272f9cbf0d6b9213593ba3206a19a025d16a2cbff5a0ffe,JF154831,,2/24/2022 16:04,30,NO CONTROLS,NO CONTROLS,SNOW,DAYLIGHT,PARKED MOTOR VEHICLE,NOT DIVIDED,,STRAIGHT AND LEVEL,SNOW OR SLUSH,NO DEFECTS,ON SCENE,NO INJURY / DRIVE AWAY,,,Y,"OVER $1,500",2/24/2022 16:46,FAILING TO REDUCE SPEED TO AVOID CRASH,FAILING TO REDUCE SPEED TO AVOID CRASH,612,S,CLARK ST,123,,,,,,,2,NO INDICATION OF INJURY,0,0,0,0,0,1,0,16,5,2,41.87424685,-87.63081353,POINT (-87.630813527974 41.874246850358)
7b9e2706ebb328f7a85a3b7d7f90eee95b81c99aa025ae6804ed627881f689c9f24fa728126b9ee3ba778a02fcff47974a20e97fc33999501188d33cc1761ed8,JF147492,,2/17/2022 14:10,30,STOP SIGN/FLASHER,UNKNOWN,RAIN,DAYLIGHT,ANGLE,DIVIDED - W/MEDIAN (NOT RAISED),,STRAIGHT AND LEVEL,WET,NO DEFECTS,NOT ON SCENE (DESK REPORT),NO INJURY / DRIVE AWAY,Y,,,$500 OR LESS,2/17/2022 15:00,FAILING TO YIELD RIGHT-OF-WAY,NOT APPLICABLE,4625,W,LAWRENCE AVE,1722,,,,,,,2,NO INDICATION OF INJURY,0,0,0,0,0,3,0,14,5,2,41.96796173,-87.74392866,POINT (-87.743928658683 41.967961724512)