CRASH_RECORD_ID,RD_NO,CRASH_DATE_EST_I,CRASH_DATE,POSTED_SPEED_LIMIT,TRAFFIC_CONTROL_DEVICE,DEVICE_CONDITION,WEATHER_CONDITION,LIGHTING_CONDITION,FIRST_CRASH_TYPE,TRAFFICWAY_TYPE,LANE_CNT,ALIGNMENT,ROADWAY_SURFACE_COND,ROAD_DEFECT,REPORT_TYPE,CRASH_TYPE,INTERSECTION_RELATED_I,NOT_RIGHT_OF_WAY_I,HIT_AND_RUN_I,DAMAGE,DATE_POLICE_NOTIFIED,PRIM_CONTRIBUTORY_CAUSE,SEC_CONTRIBUTORY_CAUSE,STREET_NO,STREET_DIRECTION,STREET_NAME,BEAT_OF_OCCURRENCE,PHOTOS_TAKEN_I,STATEMENTS_TAKEN_I,DOORING_I,WORK_ZONE_I,WORK_ZONE_TYPE,WORKERS_PRESENT_I,NUM_UNITS,MOST_SEVERE_INJURY,INJURIES_TOTAL,INJURIES_FATAL,INJURIES_INCAPACITATING,INJURIES_NON_INCAPACITATING,INJURIES_REPORTED_NOT_EVIDENT,INJURIES_NO_INDICATION,INJURIES_UNKNOWN,CRASH_HOUR,CRASH_DAY_OF_WEEK,CRASH_MONTH,LATITUDE,LONGITUDE,LOCATION
75543962b8183495b63d16f9a10724e551d79410cdb313b36149bb0015d3a50804c61be40d9140f906672addbcb14a390b7251c3eb0e27b6b5ff78e3bdd7950e,JD186770,,3/15/2020 17:38,30,NO CONTROLS,NO CONTROLS,CLEAR,DAYLIGHT,REAR END,DIVIDED - W/MEDIAN BARRIER,,STRAIGHT AND LEVEL,DRY,NO DEFECTS,,NO INJURY / DRIVE AWAY,,,Y,$500 OR LESS,3/15/2020 17:44,UNABLE TO DETERMINE,UNABLE TO DETERMINE,3500,N,WESTERN AVE,1921,,,,,,,2,NO INDICATION OF INJURY,0,0,0,0,0,2,0,17,1,3,41.94500708,-87.6883562,POINT (-87.688356200668 41.945007074684)
7559c694dc4cc0b8dd763c3db90e2c2056b56684a3e7fbe83999bb6dccfe5f3841604c3981043f9a881269d6feeb0b7089f482eead2a55fb23a50173fe3d8ad7,JC430948,,9/12/2019 21:40,30,NO CONTROLS,UNKNOWN,CLEAR,DARKNESS,PEDALCYCLIST,DIVIDED - W/MEDIAN BARRIER,,STRAIGHT AND LEVEL,DRY,UNKNOWN,,INJURY AND / OR TOW DUE TO CRASH,,,Y,"OVER $1,500",9/12/2019 21:43,UNABLE TO DETERMINE,UNABLE TO DETERMINE,9051,S,STONY ISLAND AVE,413,,,,,,,2,NONINCAPACITATING INJURY,1,0,0,1,0,1,0,21,5,9,41.72995149,-87.58490931,POINT (-87.584909309557 41.729951484557)
756da3037da07979db12f0e28adcae4c219188e6dc0f7fa6a7172f6357ca0a4a51c87d9f4ea90858367c49ce581b6eed61857eba99c8b2fe4c7dbd13486d0fea,JE354926,,8/30/2021 6:58,30,TRAFFIC SIGNAL,FUNCTIONING PROPERLY,CLEAR,DAYLIGHT,ANGLE,FOUR WAY,,STRAIGHT AND LEVEL,DRY,NO DEFECTS,,INJURY AND / OR TOW DUE TO CRASH,Y,Y,Y,"OVER $1,500",8/30/2021 6:59,DISREGARDING TRAFFIC SIGNALS,DISREGARDING TRAFFIC SIGNALS,6001,W,IRVING PARK RD,1633,,,,,,,4,NO INDICATION OF INJURY,0,0,0,0,0,3,0,6,2,8,41.95294446,-87.77682954,POINT (-87.776829541827 41.9529444554)
9cf0c4af23306213d4534adf9247ed34930865b79a14d30381ddef29cf4d2c76c83380262367b76206cb3e56d1f422f25f8faadb84e92e717f0ffe773b4dcb9c,JF176990,,3/17/2022 10:15,30,NO CONTROLS,NO CONTROLS,CLEAR,DAYLIGHT,TURNING,DIVIDED - W/MEDIAN BARRIER,,STRAIGHT AND LEVEL,DRY,UNKNOWN,ON SCENE,INJURY AND / OR TOW DUE TO CRASH,Y,,,"OVER $1,500",3/17/2022 11:17,FAILING TO YIELD RIGHT-OF-WAY,UNABLE TO DETERMINE,340,N,ASHLAND AVE,1215,,,,,,,2,NO INDICATION OF INJURY,0,0,0,0,0,2,0,10,5,3,41.8881469,-87.66720598,POINT (-87.667205976363 41.888146902357)
7c12ae6ebc688ac7eaae31362d7a97e310ae2bb98ba18f1dcecf20bae03184f3b9f8775091f99d247449491701d3c47202531819e568f69375c8cae97ae438ce,JF148321,,2/17/2022 16:45,30,NO CONTROLS,NO CONTROLS,SNOW,DAYLIGHT,PARKED MOTOR VEHICLE,NOT DIVIDED,,STRAIGHT ON GRADE,SNOW OR SLUSH,UNKNOWN,NOT ON SCENE (DESK REPORT),NO INJURY / DRIVE AWAY,,,Y,"OVER $1,500",2/18/2022 9:45,UNABLE TO DETERMINE,UNABLE TO DETERMINE,4700,S,RICHMOND ST,922,,,,,,,2,NO INDICATION OF INJURY,0,0,0,0,0,1,0,16,5,2,41.80812101,-87.69801253,POINT (-87.698012531155 41.808121006819)
7622d3efd84caabc95cbb31c73c67a42f7921d9688af5cc8452d72df221b0f7a80dfb421557cff39708b1dd4d1eb9dbd9c01dc55245ca1cd0e772a87df212156,JF154773,,2/24/2022 14:40,30,NO CONTROLS,NO CONTROLS,CLEAR,DAYLIGHT,REAR END,DIVIDED - W/MEDIAN (NOT RAISED),,STRAIGHT AND LEVEL,UNKNOWN,UNKNOWN,NOT ON SCENE (DESK REPORT),NO INJURY / DRIVE AWAY,,,,"OVER $1,500",2/24/2022 15:30,UNABLE TO DETERMINE,UNABLE TO DETERMINE,5656,W,GRAND AVE,2515,,,,,,,2,NO INDICATION OF INJURY,0,0,0,0,0,2,0,14,5,2,41.91926257,-87.76794112,POINT (-87.767941123592 41.919262567777)
9e1d091a71badebd04d49147265cb7a78c4416b2132055f40f4be8f8c7e8c028af83524d354f80aeb4f9322eff41106faed69441bc144604f68c15fb93b7ea13,JF177345,N,3/17/2022 15:24,30,TRAFFIC SIGNAL,FUNCTIONING PROPERLY,CLEAR,DAYLIGHT,TURNING,DIVIDED - W/MEDIAN (NOT RAISED),,STRAIGHT AND LEVEL,DRY,NO DEFECTS,ON SCENE,NO INJURY / DRIVE AWAY,,,,"OVER $1,500",3/17/2022 15:54,FAILING TO YIELD RIGHT-OF-WAY,IMPROPER TURNING/NO SIGNAL,4748,W,CHICAGO AVE,1111,N,Y,,,,,2,NO INDICATION OF INJURY,0,0,0,0,0,2,0,15,5,3,41.89511887,-87.74546817,POINT (-87.745468167268 41.895118871372)
b24a54d5c7ebc6ebac9d0f67d7e43498a68d766ac7ec99a3b2fbc3bf837064de869e321d6590024be6fdf7cf7ac4cb859f1d7d6292a7a3b7d710358a062d4d17,JF184339,,3/23/2022 18:40,30,TRAFFIC SIGNAL,UNKNOWN,RAIN,DAWN,SIDESWIPE SAME DIRECTION,NOT DIVIDED,,STRAIGHT AND LEVEL,WET,UNKNOWN,NOT ON SCENE (DESK REPORT),NO INJURY / DRIVE AWAY,,,Y,"OVER $1,500",3/23/2022 20:00,UNABLE TO DETERMINE,NOT APPLICABLE,3500,S,LA SALLE ST,213,,,,,,,2,NO INDICATION OF INJURY,0,0,0,0,0,2,0,18,4,3,41.8309351,-87.62997531,POINT (-87.629975304804 41.830935095228)
daa86496438574ee93390edc009100f4f0877a15dd1f7238bec9902c8d644fa69cdc3c911dcca725325310743ca41d1cb0b15ab9ee018ed72b6b0b9d5837be74,JF174632,,3/10/2022 17:00,30,TRAFFIC SIGNAL,FUNCTIONING PROPERLY,CLEAR,DAYLIGHT,ANGLE,ALLEY,,STRAIGHT AND LEVEL,DRY,NO DEFECTS,NOT ON SCENE (DESK REPORT),NO INJURY / DRIVE AWAY,,,,"OVER $1,500",3/15/2022 11:00,UNABLE TO DETERMINE,NOT APPLICABLE,1540,N,MILWAUKEE AVE,1424,,,,,,,2,NO INDICATION OF INJURY,0,0,0,0,0,2,0,17,5,3,41.90942003,-87.67619508,POINT (-87.676195082568 41.909420030729)
b2792bbb4352fe13beffeaed69ad06459fb34ce8ac56d05acf61da51d596f00efc6018aa4f6250abb22a66db8977fd2b574d81dd5b361954f6c1eb82d9c9d25f,JF183485,,3/23/2022 7:50,35,NO CONTROLS,NO CONTROLS,RAIN,DAYLIGHT,SIDESWIPE SAME DIRECTION,FOUR WAY,,STRAIGHT AND LEVEL,WET,NO DEFECTS,ON SCENE,NO INJURY / DRIVE AWAY,,,,"OVER $1,500",3/23/2022 8:03,IMPROPER OVERTAKING/PASSING,NOT APPLICABLE,6158,S,PULASKI RD,813,,,,,,,3,NO INDICATION OF INJURY,0,0,0,0,0,3,0,7,4,3,41.78051552,-87.72295931,POINT (-87.722959312983 41.780515519352)
b2afc43fffb29fdfa021d24ec7348dc3c04ec9fccb9c81f8709e508aa2b76307c1c34093e3b92685016ad58620fe18153c5027ab1cb822da1b96b924a63177f7,JF183867,,3/23/2022 13:30,30,NO CONTROLS,NO CONTROLS,CLEAR,DAYLIGHT,REAR END,NOT DIVIDED,,STRAIGHT AND LEVEL,DRY,NO DEFECTS,NOT ON SCENE (DESK REPORT),NO INJURY / DRIVE AWAY,,,,"$501 - $1,500",3/23/2022 15:28,FOLLOWING TOO CLOSELY,FAILING TO REDUCE SPEED TO AVOID CRASH,5230,W,DIVISION ST,2532,,,,,,,2,NO INDICATION OF INJURY,0,0,0,0,0,2,0,13,4,3,41.90234426,-87.75707627,POINT (-87.757076267004 41.902344263717)
9ec876f0ece2395102d14916720b2d6685d803e89e2c5dfd81ec627e75268edcb87fde666c15f368a6ab792599309096d20b38340b88b7af3b7eddbb31aa47c9,JF176183,,3/17/2022 8:30,15,NO CONTROLS,NO CONTROLS,CLEAR,DAYLIGHT,ANGLE,NOT DIVIDED,,STRAIGHT AND LEVEL,DRY,NO DEFECTS,NOT ON SCENE (DESK REPORT),NO INJURY / DRIVE AWAY,,,,"$501 - $1,500",3/17/2022 9:40,FAILING TO YIELD RIGHT-OF-WAY,UNABLE TO DETERMINE,3311,W,26TH ST,1032,,,,,,,2,NO INDICATION OF INJURY,0,0,0,0,0,2,0,8,5,3,41.84436673,-87.70789805,POINT (-87.707898053784 41.844366728746)
7e2da7ae048e30196b7f0bcae6873c659dd39a009f69d730518ca26c6d6853338d293369bf17cc4eeeb3fa80b6bd7f1d5e98a11e768f0bdc6b06d15c5a2763e6,JF147738,,2/17/2022 17:08,30,NO CONTROLS,NO CONTROLS,SNOW,DAYLIGHT,PARKED MOTOR VEHICLE,NOT DIVIDED,,STRAIGHT AND LEVEL,SNOW OR SLUSH,UNKNOWN,ON SCENE,INJURY AND / OR TOW DUE TO CRASH,,,,$500 OR LESS,2/17/2022 17:10,UNABLE TO DETERMINE,UNABLE TO DETERMINE,3538,W,CERMAK RD,1024,,,,,,,2,NONINCAPACITATING INJURY,1,0,0,1,0,0,0,17,5,2,41.85178382,-87.71391989,POINT (-87.713919889424 41.851783822119)
77ff263de171a4d4ae84a005e0caa677c9a15959a4378ee435172500797f8c444cf196aab05f6e8132920cb2b8cb9b015102a26a81f77d34e1ccfafd4854be61,JF155123,,2/24/2022 20:40,25,NO CONTROLS,NO CONTROLS,SNOW,"DARKNESS, LIGHTED ROAD",REAR END,NOT DIVIDED,,STRAIGHT AND LEVEL,SNOW OR SLUSH,NO DEFECTS,ON SCENE,NO INJURY / DRIVE AWAY,,,Y,"$501 - $1,500",2/24/2022 20:50,WEATHER,WEATHER,2330,S,KOSTNER AVE,1013,,,,,,,2,NO INDICATION OF INJURY,0,0,0,0,0,2,0,20,5,2,41.84858039,-87.7345622,POINT (-87.734562194762 41.848580387286)
780c3db45b94734f99c35ee64c26d84bfaa93fdb5be629eea8a2e470ebb06087066fac318f61d0a04a2b6e03f169f4f49a6a2ea9e580494b5d06bc8de5effc1b,JF155472,,2/24/2022 14:30,30,NO CONTROLS,NO CONTROLS,CLEAR,DAYLIGHT,REAR END,NOT DIVIDED,,STRAIGHT AND LEVEL,DRY,NO DEFECTS,NOT ON SCENE (DESK REPORT),NO INJURY / DRIVE AWAY,,,Y,"OVER $1,500",2/24/2022 14:30,FAILING TO REDUCE SPEED TO AVOID CRASH,NOT APPLICABLE,4756,W,MADISON ST,1113,,,,,,,2,NO INDICATION OF INJURY,0,0,0,0,0,2,0,14,5,2,41.88061023,-87.74508169,POINT (-87.745081685753 41.880610225675)
9f93d04f92c10c02fa9bcdb10e79e1084e69f5648b1d802dddc5c171c6c935997f8517dc89669d22e43e84a813d394fedf6791880ed3b31caae03464017651c2,JF177351,,3/17/2022 16:39,30,TRAFFIC SIGNAL,FUNCTIONING PROPERLY,CLOUDY/OVERCAST,DAYLIGHT,SIDESWIPE SAME DIRECTION,T-INTERSECTION,,STRAIGHT AND LEVEL,DRY,NO DEFECTS,ON SCENE,NO INJURY / DRIVE AWAY,Y,,Y,$500 OR LESS,3/17/2022 16:39,UNABLE TO DETERMINE,UNABLE TO DETERMINE,135,W,ONTARIO ST,1832,,,,,,,2,NO INDICATION OF INJURY,0,0,0,0,0,3,0,16,5,3,41.89309952,-87.632561,POINT (-87.632560998052 41.893099523288)
78b0560f55c1890cecab18c1a5713f2dccf7a9cc6fca5267338ded80d7b56c126dbeebeac3879452207dfd575621a64b2cd36195b9d933ab12c10a9c1274620c,JF155119,,2/24/2022 18:00,30,NO CONTROLS,NO CONTROLS,SNOW,"DARKNESS, LIGHTED ROAD",SIDESWIPE OPPOSITE DIRECTION,NOT DIVIDED,,STRAIGHT AND LEVEL,WET,NO DEFECTS,NOT ON SCENE (DESK REPORT),NO INJURY / DRIVE AWAY,,,,"OVER $1,500",2/24/2022 21:50,UNABLE TO DETERMINE,NOT APPLICABLE,630,W,111TH ST,2233,,,,,,,2,NO INDICATION OF INJURY,0,0,0,0,0,2,0,18,5,2,41.69251084,-87.63868658,POINT (-87.638686579991 41.692510840855)
7ed90b3b723c9d5b532483530ad322a70a8073edd07489331f7146fa1c3436d9e5e6885b70bbe4c94927c41eef8aff8377f371eb56ec6e9c00e98c65a163f83c,JF148828,,2/17/2022 18:00,30,NO CONTROLS,NO CONTROLS,CLEAR,DAYLIGHT,REAR END,NOT DIVIDED,,STRAIGHT AND LEVEL,SNOW OR SLUSH,NO DEFECTS,NOT ON SCENE (DESK REPORT),NO INJURY / DRIVE AWAY,,,Y,"OVER $1,500",2/18/2022 17:43,FAILING TO REDUCE SPEED TO AVOID CRASH,DRIVING SKILLS/KNOWLEDGE/EXPERIENCE,4900,S,CICERO AVE,814,,,,,,,2,NO INDICATION OF INJURY,0,0,0,0,0,2,0,18,5,2,41.80387715,-87.74320434,POINT (-87.743204337182 41.803877146599)
7f478f439dab39c7337005fabc675affa88b37b2f193c3b92d808ea550c59c2978dbe36239741d754302d6c291898446a765494f7e46cf693248d3e8b4ed6e0b,JF148315,,2/17/2022 15:30,30,TRAFFIC SIGNAL,FUNCTIONING PROPERLY,SNOW,DAYLIGHT,REAR END,DIVIDED - W/MEDIAN (NOT RAISED),,STRAIGHT AND LEVEL,SNOW OR SLUSH,NO DEFECTS,NOT ON SCENE (DESK REPORT),NO INJURY / DRIVE AWAY,,,,"$501 - $1,500",2/18/2022 10:15,FAILING TO REDUCE SPEED TO AVOID CRASH,WEATHER,4801,W,FULLERTON AVE,2522,,,,,,,3,NO INDICATION OF INJURY,0,0,0,0,0,3,0,15,5,2,41.92412755,-87.74642148,POINT (-87.746421481469 41.924127551014)
7fe31ab09713f7f266b8756aa7d749edd5b04c53431c9c367154b9a9461abe12b21f681a94a5abfd3cc71e332e7610ecac02181e3920e0dc8a922cf17b4b1ceb,JF147326,,2/17/2022 11:08,30,NO CONTROLS,NO CONTROLS,CLEAR,DAYLIGHT,TURNING,NOT DIVIDED,,STRAIGHT AND LEVEL,DRY,NO DEFECTS,ON SCENE,INJURY AND / OR TOW DUE TO CRASH,,,,"OVER $1,500",2/17/2022 11:34,IMPROPER TURNING/NO SIGNAL,UNABLE TO DETERMINE,2607,W,CERMAK RD,1034,,,,,,,2,NO INDICATION OF INJURY,0,0,0,0,0,2,0,11,5,2,41.85185334,-87.69089139,POINT (-87.690891392326 41.851853340329)
a085440bfd1d4979d2b48cf5a6090fc8614bc0d2a4a1fbc053d5448cc74c9a74000358c39bdec0602dea316f6e2f8d65ef2b8f759eabfc51a5fb2e7dc3c09106,JF176669,,3/17/2022 7:38,30,TRAFFIC SIGNAL,FUNCTIONING PROPERLY,CLEAR,DAYLIGHT,TURNING,NOT DIVIDED,,STRAIGHT AND LEVEL,DRY,NO DEFECTS,ON SCENE,INJURY AND / OR TOW DUE TO CRASH,Y,,,"OVER $1,500",3/17/2022 7:50,FAILING TO YIELD RIGHT-OF-WAY,FAILING TO YIELD RIGHT-OF-WAY,2999,W,LOGAN BLVD,1414,,,,,,,2,NO INDICATION OF INJURY,0,0,0,0,0,2,0,7,5,3,41.92831448,-87.70235834,POINT (-87.702358339557 41.928314479104)
a09a05c8fdfd69649df03242c24d5580364da0a7b8d2e926c7e14a49bae22099a801174eb30dd667f24698fdbf6636f861583822dba21c7e34ba8b058151378f,JF177150,,3/17/2022 9:30,30,NO CONTROLS,NO CONTROLS,CLEAR,DAYLIGHT,PARKED MOTOR VEHICLE,ONE-WAY,,STRAIGHT AND LEVEL,UNKNOWN,UNKNOWN,NOT ON SCENE (DESK REPORT),NO INJURY / DRIVE AWAY,,,Y,"$501 - $1,500",3/17/2022 14:31,IMPROPER OVERTAKING/PASSING,IMPROPER OVERTAKING/PASSING,824,S,KEELER AVE,1132,,,,,,,2,NO INDICATION OF INJURY,0,0,0,0,0,1,0,9,5,3,41.87024011,-87.73035461,POINT (-87.730354611905 41.870240104747)
b414d0c6b6a6fdedcd7d7db855f9db697aacba55ec8e4fd250e63091aacebf1be1b7d4ea323b89ae3d2d6f9a1dbc665c3aad8742cc8df052e332798d6fc5cd9f,JF183855,,3/23/2022 13:06,30,TRAFFIC SIGNAL,FUNCTIONING PROPERLY,CLEAR,DAYLIGHT,SIDESWIPE SAME DIRECTION,NOT DIVIDED,,STRAIGHT AND LEVEL,DRY,NO DEFECTS,NOT ON SCENE (DESK REPORT),NO INJURY / DRIVE AWAY,Y,,Y,"OVER $1,500",3/23/2022 14:00,FAILING TO YIELD RIGHT-OF-WAY,UNABLE TO DETERMINE,2200,N,WESTERN AVE,1431,,,,,,,2,NO INDICATION OF INJURY,0,0,0,0,0,2,0,13,4,3,41.92165306,-87.68768522,POINT (-87.687685219452 41.921653062886)
b41e427b3324101f78c7c2cb9ecb42ac85b059a0ad52f6dc61c37f78212dd757f1a50015515cff38e0d036f4aba059d8789e41b63bda41c133043252dfea45e6,JF184134,,3/23/2022 16:17,30,NO CONTROLS,NO CONTROLS,UNKNOWN,DAYLIGHT,PARKED MOTOR VEHICLE,NOT DIVIDED,,STRAIGHT AND LEVEL,UNKNOWN,UNKNOWN,NOT ON SCENE (DESK REPORT),NO INJURY / DRIVE AWAY,,,,"$501 - $1,500",3/23/2022 17:00,UNABLE TO DETERMINE,NOT APPLICABLE,7350,N,WASHTENAW AVE,2411,,,,,,,2,NO INDICATION OF INJURY,0,0,0,0,0,1,0,16,4,3,42.01545663,-87.69744049,POINT (-87.69744048743 42.015456632744)
a104c0aded7caa5073cea4d85971ca335c47d0f6307b3f0ba79c1f1893f9c0264920530ee3da26e1e70b84992175759a6c99f25c3b7dca28e279b994cc240b90,JF177369,,3/17/2022 16:15,30,NO CONTROLS,NO CONTROLS,CLEAR,DAYLIGHT,TURNING,DIVIDED - W/MEDIAN (NOT RAISED),,STRAIGHT AND LEVEL,DRY,NO DEFECTS,NOT ON SCENE (DESK REPORT),NO INJURY / DRIVE AWAY,,,,"OVER $1,500",3/17/2022 16:45,UNABLE TO DETERMINE,UNABLE TO DETERMINE,4756,W,CHICAGO AVE,1111,,,,,,,2,NO INDICATION OF INJURY,0,0,0,0,0,2,0,16,5,3,41.89511547,-87.74569575,POINT (-87.7456957519 41.89511547047)
a1a00b68ae8af15315dff2ccbdad0f715674840c469720140fbbc7f490fc111fd1a5ddc9a2dd15c6cfdb06f25701d29db5db77bfef0a76b54f701f2d02ee924d,JF186646,,3/17/2022 9:10,30,NO CONTROLS,NO CONTROLS,UNKNOWN,DAYLIGHT,REAR END,PARKING LOT,,STRAIGHT AND LEVEL,UNKNOWN,NO DEFECTS,NOT ON SCENE (DESK REPORT),NO INJURY / DRIVE AWAY,,,,"$501 - $1,500",3/25/2022 19:55,UNABLE TO DETERMINE,NOT APPLICABLE,1938,W,FULLERTON AVE,1432,,,,,,,2,NO INDICATION OF INJURY,0,0,0,0,0,2,0,9,5,3,41.92514196,-87.67742472,POINT (-87.677424715705 41.925141959594)
7a51c2f12016df66284d0f660c59c4536b34d63506242b9b6e79c38c832dacca40023de2845d36c713e9e6e76988334ae506c51bbc0bdefbe7f6aeca70123078,JC382309,,8/7/2019 6:30,25,TRAFFIC SIGNAL,FUNCTIONING PROPERLY,CLEAR,DAYLIGHT,TURNING,UNKNOWN INTERSECTION TYPE,,STRAIGHT AND LEVEL,DRY,UNKNOWN,,NO INJURY / DRIVE AWAY,Y,,,"$501 - $1,500",8/7/2019 11:00,TURNING RIGHT ON RED,UNABLE TO DETERMINE,3800,W,HARRISON ST,1133,,,,,,,2,NO INDICATION OF INJURY,0,0,0,0,0,2,0,6,4,8,41.87362412,-87.72040656,POINT (-87.720406557306 41.873624118782)
7a701479441ae3a3a3b307bf006fbbeb6625effecbf1be6552be570d05adb02d9be030fcbbfe995bbc6f5b8f7d6d0e20c99c51925a76d9b753624ad1d5f96c7d,JE175485,,3/20/2021 21:00,30,NO CONTROLS,NO CONTROLS,CLEAR,"DARKNESS, LIGHTED ROAD",SIDESWIPE SAME DIRECTION,NOT DIVIDED,,STRAIGHT AND LEVEL,DRY,NO DEFECTS,,NO INJURY / DRIVE AWAY,,,,"$501 - $1,500",3/21/2021 18:14,IMPROPER OVERTAKING/PASSING,FAILING TO REDUCE SPEED TO AVOID CRASH,5729,W,FULLERTON AVE,2515,,,,,,,2,NO INDICATION OF INJURY,0,0,0,0,0,5,0,21,7,3,41.92381583,-87.76957407,POINT (-87.769574069573 41.923815831253)
aaa0c476638d7a706236d45ad135ae103b504385a02def64077a4b42d8bbeb2a745e5812b1e4d3f2110d46a9cd4b1145beff25220a941fd6d449797309b4d201,JF162409,,3/3/2022 20:11,30,STOP SIGN/FLASHER,FUNCTIONING PROPERLY,CLEAR,DUSK,ANGLE,UNKNOWN,,STRAIGHT AND LEVEL,DRY,NO DEFECTS,ON SCENE,INJURY AND / OR TOW DUE TO CRASH,,,Y,"OVER $1,500",3/3/2022 20:11,UNABLE TO DETERMINE,UNABLE TO DETERMINE,4700,W,MADISON ST,1113,,,,,,,2,"REPORTED, NOT EVIDENT",1,0,0,0,1,1,0,20,5,3,41.88063406,-87.74295473,POINT (-87.742954731159 41.880634055402)
7af4cff13df9f62d6e0eacc279b712cbbec09d8894e8c3b8befb75fafbf16908b73049f1169e043bf304589408e33c7abbbbddeb69f829a1a0bce861b09ce1e5,JF155030,,2/24/2022 18:20,30,NO CONTROLS,NO CONTROLS,SNOW,DAYLIGHT,REAR END,NOT DIVIDED,,STRAIGHT AND LEVEL,SNOW OR SLUSH,NO DEFECTS,NOT ON SCENE (DESK REPORT),NO INJURY / DRIVE AWAY,,,,"OVER $1,500",2/24/2022 19:11,FAILING TO REDUCE SPEED TO AVOID CRASH,DRIVING SKILLS/KNOWLEDGE/EXPERIENCE,3700,W,MARQUETTE RD,833,,,,,,,2,NO INDICATION OF INJURY,0,0,0,0,0,2,0,18,5,2,41.77159494,-87.71534929,POINT (-87.715349285832 41.771594936175)
821e978eb3fd0ef09120ee393cabef8803b8b853fb1775f8e37e5459fb889a160fc5025c2cab2798abbeb61d3c32abbbf9e663c7346d807322813934db3ddabf,JF146950,,2/17/2022 0:10,30,TRAFFIC SIGNAL,FUNCTIONING PROPERLY,RAIN,"DARKNESS, LIGHTED ROAD",TURNING,FOUR WAY,,STRAIGHT AND LEVEL,WET,NO DEFECTS,,INJURY AND / OR TOW DUE TO CRASH,,,,"OVER $1,500",2/17/2022 0:12,IMPROPER LANE USAGE,NOT APPLICABLE,4000,N,ASHLAND AVE,1912,,,,,,,2,NO INDICATION OF INJURY,0,0,0,0,0,2,0,0,5,2,41.95437933,-87.66919912,POINT (-87.669199119804 41.954379326213)
ddc55b667050ecd6f77646fb757d95add48d1e6d12088a7d94a1e52bf3980651c7a76c8794c8a92f60d34532af68713ea2f28be9f1645374e8f6c04d4ece15aa,JF169458,,3/10/2022 14:44,30,NO CONTROLS,NO CONTROLS,CLEAR,DAYLIGHT,SIDESWIPE SAME DIRECTION,NOT DIVIDED,,STRAIGHT AND LEVEL,DRY,NO DEFECTS,NOT ON SCENE (DESK REPORT),NO INJURY / DRIVE AWAY,,,,"$501 - $1,500",3/10/2022 15:15,IMPROPER OVERTAKING/PASSING,UNABLE TO DETERMINE,2339,W,LAWRENCE AVE,1911,,,,,,,2,NO INDICATION OF INJURY,0,0,0,0,0,2,0,14,5,3,41.96852123,-87.68807026,POINT (-87.688070259026 41.968521225267)
a1fa1cff4b38607905aea8c2425994abc95177e89dd42e788ece818ad04681fb1b2aa2352b355488e9f3d609bdd0d72d0f0178c080c27f2e7e2696f47d6b24da,JF177016,,3/17/2022 12:30,30,NO CONTROLS,NO CONTROLS,CLEAR,DAYLIGHT,REAR END,NOT DIVIDED,,STRAIGHT AND LEVEL,DRY,UNKNOWN,ON SCENE,NO INJURY / DRIVE AWAY,,,,"OVER $1,500",3/17/2022 12:41,UNABLE TO DETERMINE,UNABLE TO DETERMINE,1613,W,DIVERSEY PKWY,1931,,,,,,,2,NO INDICATION OF INJURY,0,0,0,0,0,2,0,12,5,3,41.93228697,-87.66895875,POINT (-87.668958749942 41.93228697106)
a25387a66dfce17385228fad73d84e6ef7c23d10bb9bdf6ff1eeca4e5d7a80972f39f755a8bae0e494437e694adb43b39ae22932868bee9fc6df78c7a18f96fe,JF177699,,3/17/2022 23:16,30,TRAFFIC SIGNAL,FUNCTIONING PROPERLY,CLEAR,"DARKNESS, LIGHTED ROAD",REAR TO SIDE,NOT DIVIDED,,STRAIGHT AND LEVEL,DRY,NO DEFECTS,ON SCENE,NO INJURY / DRIVE AWAY,N,,,"$501 - $1,500",3/17/2022 23:25,NOT APPLICABLE,NOT APPLICABLE,199,E,79TH ST,623,,,,,,,2,NO INDICATION OF INJURY,0,0,0,0,0,2,0,23,5,3,41.75092283,-87.61984588,POINT (-87.619845882524 41.750922832279)
a1b02ae9a2f303b3159386dabf4bfe12ed2e008bfc319c322ea940cbd273c43660a5fc561f5d368a3beeb1f9ab81176761444efb884c880242b0425946ea8737,JC487541,,10/26/2019 18:27,30,STOP SIGN/FLASHER,FUNCTIONING PROPERLY,RAIN,"DARKNESS, LIGHTED ROAD",REAR END,DIVIDED - W/MEDIAN (NOT RAISED),,STRAIGHT AND LEVEL,WET,NO DEFECTS,,NO INJURY / DRIVE AWAY,,,,"OVER $1,500",10/26/2019 18:27,FOLLOWING TOO CLOSELY,WEATHER,1100,W,79TH ST,612,,,,,,,2,NO INDICATION OF INJURY,0,0,0,0,0,3,0,18,7,10,41.75064098,-87.65138036,POINT (-87.651380360984 41.750640976272)
ab9b969102dcdc6a7d6fb38e68a7b5db1e1f802a3b119c73031ec2ba243e59c32d4b5be94ae875c5fda9faf201f1f450df57079a58fb38bb904e41eabb3410c7,JF162193,,3/3/2022 16:30,30,TRAFFIC SIGNAL,FUNCTIONING PROPERLY,CLOUDY/OVERCAST,DAYLIGHT,PEDESTRIAN,FOUR WAY,,STRAIGHT AND LEVEL,DRY,NO DEFECTS,ON SCENE,INJURY AND / OR TOW DUE TO CRASH,Y,,,"$501 - $1,500",3/3/2022 16:34,FAILING TO YIELD RIGHT-OF-WAY,UNABLE TO DETERMINE,3629,E,106TH ST,432,,,,,,,2,NONINCAPACITATING INJURY,1,0,0,1,0,1,0,16,5,3,41.70262427,-87.53534473,POINT (-87.535344725163 41.70262426802)