CRASH_RECORD_ID,RD_NO,CRASH_DATE_EST_I,CRASH_DATE,POSTED_SPEED_LIMIT,TRAFFIC_CONTROL_DEVICE,DEVICE_CONDITION,WEATHER_CONDITION,LIGHTING_CONDITION,FIRST_CRASH_TYPE,TRAFFICWAY_TYPE,LANE_CNT,ALIGNMENT,ROADWAY_SURFACE_COND,ROAD_DEFECT,REPORT_TYPE,CRASH_TYPE,INTERSECTION_RELATED_I,NOT_RIGHT_OF_WAY_I,HIT_AND_RUN_I,DAMAGE,DATE_POLICE_NOTIFIED,PRIM_CONTRIBUTORY_CAUSE,SEC_CONTRIBUTORY_CAUSE,STREET_NO,STREET_DIRECTION,STREET_NAME,BEAT_OF_OCCURRENCE,PHOTOS_TAKEN_I,STATEMENTS_TAKEN_I,DOORING_I,WORK_ZONE_I,WORK_ZONE_TYPE,WORKERS_PRESENT_I,NUM_UNITS,MOST_SEVERE_INJURY,INJURIES_TOTAL,INJURIES_FATAL,INJURIES_INCAPACITATING,INJURIES_NON_INCAPACITATING,INJURIES_REPORTED_NOT_EVIDENT,INJURIES_NO_INDICATION,INJURIES_UNKNOWN,CRASH_HOUR,CRASH_DAY_OF_WEEK,CRASH_MONTH,LATITUDE,LONGITUDE,LOCATION
a2b7f6be6f2d7b77fe0353f90debf3bbd5f31002e602bd80f86ffc815a634e741fac2b01bc1f2e245524d2341ae383316b418e277aa95621fb08a2984186da18,JF176744,,3/17/2022 8:40,30,NO CONTROLS,NO CONTROLS,CLEAR,DAYLIGHT,PARKED MOTOR VEHICLE,NOT DIVIDED,,STRAIGHT AND LEVEL,DRY,NO DEFECTS,ON SCENE,INJURY AND / OR TOW DUE TO CRASH,,,,"OVER $1,500",3/17/2022 8:47,UNABLE TO DETERMINE,UNABLE TO DETERMINE,10714,S,KEDZIE AVE,2211,,,,,,,2,NO INDICATION OF INJURY,0,0,0,0,0,1,0,8,5,3,41.69837959,-87.70121219,POINT (-87.701212190268 41.698379586468)
a300fb5244b3b21add22e091cc5d59a0312a0a7147abf4576f501119318fc59f402112a5c2c7e6970e741cdb119cb33eceba34833e2f9126ff156397533baaf6,JF184747,,3/17/2022 16:05,35,UNKNOWN,UNKNOWN,UNKNOWN,UNKNOWN,REAR TO SIDE,UNKNOWN,,STRAIGHT AND LEVEL,UNKNOWN,UNKNOWN,NOT ON SCENE (DESK REPORT),NO INJURY / DRIVE AWAY,,,,"$501 - $1,500",3/24/2022 9:45,UNABLE TO DETERMINE,UNABLE TO DETERMINE,5035,S,LAKE PARK AVE,222,,,,,,,2,NO INDICATION OF INJURY,0,0,0,0,0,2,0,16,5,3,41.80328623,-87.58800219,POINT (-87.588002191744 41.80328622574)
7d5c544cb8abf0a7a6454509c0108ce40e0bf49e2fc1453229532e5723b7e45a16569a50aa122b9359676a7599217debdee86f7f1b9b5fdb1fff28c0d587fc0e,JF155061,,2/24/2022 19:21,40,TRAFFIC SIGNAL,FUNCTIONING PROPERLY,SNOW,"DARKNESS, LIGHTED ROAD",TURNING,FOUR WAY,,STRAIGHT AND LEVEL,WET,NO DEFECTS,ON SCENE,INJURY AND / OR TOW DUE TO CRASH,Y,,,"OVER $1,500",2/24/2022 19:21,FAILING TO REDUCE SPEED TO AVOID CRASH,NOT APPLICABLE,100,S,LAKE SHORE DR SB,114,,,,,,,2,NO INDICATION OF INJURY,0,0,0,0,0,3,0,19,5,2,41.88085605,-87.61763589,POINT (-87.617635891755 41.880856047671)
7db0c8638593d43d4c0b9d520a65bc65f3cf82af8002ed0f67b50471625f528037a0b12a8ff2371ccfcf9450cea563be73047436ed1a15f4a5f3d9d7d1461572,JF154863,,2/24/2022 16:17,30,NO CONTROLS,NO CONTROLS,SNOW,DAYLIGHT,SIDESWIPE OPPOSITE DIRECTION,ONE-WAY,,STRAIGHT AND LEVEL,DRY,NO DEFECTS,ON SCENE,NO INJURY / DRIVE AWAY,,,,"$501 - $1,500",2/24/2022 16:18,PHYSICAL CONDITION OF DRIVER,NOT APPLICABLE,6828,S,BELL AVE,832,,,,,,,2,NO INDICATION OF INJURY,0,0,0,0,0,2,0,16,5,2,41.76930823,-87.67976206,POINT (-87.679762057617 41.769308231754)
df5e2c436f5c6ce2d37b651dde07195455a79dfb2cefc0df170f6fd5e03c42ed51ba2ede8cce159b9d45dfaa1f7763361c1ea3bf834ada0c58084ef9dfae1dcf,JF169196,,3/10/2022 11:03,30,NO CONTROLS,NO CONTROLS,CLEAR,DAYLIGHT,PARKED MOTOR VEHICLE,NOT DIVIDED,,STRAIGHT AND LEVEL,DRY,NO DEFECTS,ON SCENE,NO INJURY / DRIVE AWAY,,,,"OVER $1,500",3/10/2022 11:05,DRIVING SKILLS/KNOWLEDGE/EXPERIENCE,DRIVING SKILLS/KNOWLEDGE/EXPERIENCE,1616,E,93RD ST,413,,,,,,,2,NO INDICATION OF INJURY,0,0,0,0,0,1,0,11,5,3,41.7261092,-87.58426636,POINT (-87.584266359369 41.726109204477)
b4d4a8a9114125a31d4847a9e5e3994d095f437b7d74c024073574448da1945ea79f13c49df22bf20ca56052ce592a8a1ebd84da808dfad86e1a27964b36b571,JF183963,,3/23/2022 14:40,30,TRAFFIC SIGNAL,FUNCTIONING PROPERLY,CLOUDY/OVERCAST,DAYLIGHT,REAR END,FOUR WAY,,STRAIGHT AND LEVEL,DRY,NO DEFECTS,ON SCENE,INJURY AND / OR TOW DUE TO CRASH,Y,,,"OVER $1,500",3/23/2022 14:55,FOLLOWING TOO CLOSELY,FAILING TO REDUCE SPEED TO AVOID CRASH,6209,W,IRVING PARK RD,1633,,,,,,,2,NO INDICATION OF INJURY,0,0,0,0,0,5,0,14,4,3,41.9528653,-87.78209244,POINT (-87.782092442651 41.952865296997)
ad8b0b53ab3273c2cdf759f8525b211f16430b4655453eb71369c2a7bb2972955007c41af0b8cc87b339ef1132baf85d96699586a02ea36a71d8e5c0ba2c62b8,JF163429,,3/3/2022 19:00,30,OTHER,FUNCTIONING PROPERLY,CLEAR,"DARKNESS, LIGHTED ROAD",FIXED OBJECT,ONE-WAY,,STRAIGHT AND LEVEL,DRY,NO DEFECTS,ON SCENE,NO INJURY / DRIVE AWAY,,,Y,"$501 - $1,500",3/4/2022 17:05,DISREGARDING YIELD SIGN,NOT APPLICABLE,6948,W,GRAND AVE,2512,,,,,,,1,NO INDICATION OF INJURY,0,0,0,0,0,1,0,19,5,3,41.92367326,-87.79962665,POINT (-87.799626645945 41.923673256513)
a45497e73f3bcbe8989fe4750b675778715b0a064d061ff668583598344a9d7ee0f92ce196245f09d31f7fb2a3df2e879c0cc596c0c663dd85cffe9b543c888f,JF177380,,3/17/2022 16:13,20,NO CONTROLS,NO CONTROLS,CLEAR,DAYLIGHT,PARKED MOTOR VEHICLE,NOT DIVIDED,,STRAIGHT AND LEVEL,DRY,NO DEFECTS,NOT ON SCENE (DESK REPORT),NO INJURY / DRIVE AWAY,,,,"OVER $1,500",3/17/2022 17:30,UNABLE TO DETERMINE,UNABLE TO DETERMINE,6240,S,UNIVERSITY AVE,314,,,,,,,2,NO INDICATION OF INJURY,0,0,0,0,0,2,0,16,5,3,41.78110123,-87.59798611,POINT (-87.597986106545 41.781101226077)
83cc3b2e5c32ea9e2239d356cd33b20caee9015c4ea18e3d21a3f23393d08f3fed6116a3fa3b53b6930ca2e1b97541f448d1b894685ca58bce10f570ba913a63,JF147175,N,2/17/2022 6:00,10,NO CONTROLS,NO CONTROLS,RAIN,DARKNESS,FIXED OBJECT,PARKING LOT,,STRAIGHT AND LEVEL,WET,NO DEFECTS,ON SCENE,NO INJURY / DRIVE AWAY,,Y,Y,"OVER $1,500",2/17/2022 9:15,UNABLE TO DETERMINE,UNABLE TO DETERMINE,6643,N,NORTHWEST HWY,1611,,,,,,,1,NO INDICATION OF INJURY,0,0,0,0,0,1,0,6,5,2,42.00172223,-87.81425769,POINT (-87.814257693767 42.001722228117)
e041ef6e1fcf598c287862a766d61985f15fc4ffd812ac9b65868e229ead7f12bc7b562c7c720cfebb799b5628ed57342fc48297b9f11a5e28d526a71d04c00f,JF169500,,3/10/2022 8:30,30,NO CONTROLS,NO CONTROLS,CLEAR,DAYLIGHT,PARKED MOTOR VEHICLE,NOT DIVIDED,,STRAIGHT AND LEVEL,DRY,NO DEFECTS,NOT ON SCENE (DESK REPORT),INJURY AND / OR TOW DUE TO CRASH,,,Y,"OVER $1,500",3/10/2022 15:40,UNABLE TO DETERMINE,UNABLE TO DETERMINE,9730,S,MERRION AVE,431,,,,,,,2,NO INDICATION OF INJURY,0,0,0,0,0,1,0,8,5,3,41.71774226,-87.57000532,POINT (-87.570005317976 41.71774225497)
83ee89f9131177beddc30a6682190e64eb61a979f22fa39f13ffb164af2bbd688e332771e4f58b8426f821e54d209b1742580c63ba99b1ec1bfb85efc4f46787,JF147387,,2/17/2022 12:43,25,TRAFFIC SIGNAL,FUNCTIONING PROPERLY,CLEAR,DAYLIGHT,REAR TO FRONT,DIVIDED - W/MEDIAN BARRIER,,STRAIGHT AND LEVEL,DRY,NO DEFECTS,ON SCENE,NO INJURY / DRIVE AWAY,Y,,,$500 OR LESS,2/17/2022 12:43,NOT APPLICABLE,NOT APPLICABLE,156,W,CONGRESS PKWY,122,,,,,,,2,NO INDICATION OF INJURY,0,0,0,0,0,2,0,12,5,2,41.87569908,-87.63262859,POINT (-87.63262858655 41.875699081661)
844ac1eda31fc2105833575a09636b5a51a6a00c64974db7b7e696977a88e263ee4fad522da32b76f63a4ce2d637979dc8bea10fb0cf0d6e027462d85f27da61,JF147894,,2/17/2022 18:45,30,TRAFFIC SIGNAL,FUNCTIONING PROPERLY,SNOW,"DARKNESS, LIGHTED ROAD",FIXED OBJECT,CENTER TURN LANE,,STRAIGHT AND LEVEL,SNOW OR SLUSH,UNKNOWN,ON SCENE,INJURY AND / OR TOW DUE TO CRASH,Y,,,"OVER $1,500",2/17/2022 19:12,WEATHER,NOT APPLICABLE,5999,N,EAST RIVER RD,1614,,,,,,,1,NO INDICATION OF INJURY,0,0,0,0,0,1,0,18,5,2,41.98766495,-87.84636464,POINT (-87.846364634738 41.987664947336)
ae530ab44b0782f55075eec607d557351e8b5fb0c5f6eb57a3b5fd78e9ca2d4a7e958b9e62e6f49e2fe0e9815f5a036237424a2ea3f8ea426b762ac9b42701e0,JF162255,,3/3/2022 17:15,30,NO CONTROLS,NO CONTROLS,CLEAR,DAYLIGHT,SIDESWIPE SAME DIRECTION,NOT DIVIDED,,STRAIGHT AND LEVEL,DRY,NO DEFECTS,NOT ON SCENE (DESK REPORT),NO INJURY / DRIVE AWAY,,,Y,"OVER $1,500",3/3/2022 17:35,FOLLOWING TOO CLOSELY,FOLLOWING TOO CLOSELY,3930,W,63RD ST,823,,,,,,,2,NO INDICATION OF INJURY,0,0,0,0,0,2,0,17,5,3,41.77878424,-87.72157517,POINT (-87.721575172038 41.778784236699)
8045768ccd9720231104d03c3053f6bb7d75bc732888df9a84d2a923581bff3770f20607e134e332f0cc11d0039dd21f44c1126fb00ea4c54ba6757c7a862085,JF154864,,2/24/2022 16:00,30,TRAFFIC SIGNAL,FUNCTIONING PROPERLY,SNOW,DAYLIGHT,SIDESWIPE OPPOSITE DIRECTION,NOT DIVIDED,,STRAIGHT AND LEVEL,SNOW OR SLUSH,NO DEFECTS,ON SCENE,INJURY AND / OR TOW DUE TO CRASH,,,,"OVER $1,500",2/24/2022 16:03,WEATHER,NOT APPLICABLE,2949,W,LOGAN BLVD,1414,,,,,,,2,NO INDICATION OF INJURY,0,0,0,0,0,2,0,16,5,2,41.92831709,-87.70196583,POINT (-87.70196582698 41.928317084674)
8477f5cdcf98253827a1f9d8a4ea329bffa5a3cc5f3ba2c2a3e342f704e448d650634ff117834d31fba5a85e1edd9d212be7b2ed91501f4ab1280af364b31f38,JF147582,,2/17/2022 15:30,30,TRAFFIC SIGNAL,FUNCTIONING PROPERLY,SNOW,DAYLIGHT,REAR END,NOT DIVIDED,,STRAIGHT AND LEVEL,SNOW OR SLUSH,NO DEFECTS,NOT ON SCENE (DESK REPORT),NO INJURY / DRIVE AWAY,Y,,,"$501 - $1,500",2/17/2022 15:39,FOLLOWING TOO CLOSELY,FOLLOWING TOO CLOSELY,6700,S,WENTWORTH AVE,722,,,,,,,2,NO INDICATION OF INJURY,0,0,0,0,0,2,0,15,5,2,41.77261544,-87.63009968,POINT (-87.630099677564 41.77261543566)
804dba24ffe98e0cadfcbe135713bfe9e7e8507ded77b216f19e463d831c37088929f80189c65cc1329173b1e39344a776ce43a1816a4f162d9ba6b4b6c571ad,JF155059,Y,2/24/2022 19:43,30,TRAFFIC SIGNAL,UNKNOWN,SNOW,DAWN,SIDESWIPE SAME DIRECTION,NOT DIVIDED,,STRAIGHT AND LEVEL,WET,DEBRIS ON ROADWAY,ON SCENE,INJURY AND / OR TOW DUE TO CRASH,Y,,,"$501 - $1,500",2/24/2022 19:43,WEATHER,NOT APPLICABLE,782,E,67TH ST,321,,Y,,,,,3,NONINCAPACITATING INJURY,2,0,0,2,0,1,0,19,5,2,41.77324975,-87.60583415,POINT (-87.605834145369 41.773249753364)
a57dca0cd635c86fcd7c20e8153b05b29a1b2fbedf212e712fb58e5c908e06c7a77a291aac6d64a2662f9141339f214a275b2a16523640381fd6026a2d504f55,JF176747,,3/17/2022 8:50,30,NO CONTROLS,NO CONTROLS,CLEAR,DAYLIGHT,TURNING,DIVIDED - W/MEDIAN (NOT RAISED),,STRAIGHT AND LEVEL,DRY,NO DEFECTS,ON SCENE,INJURY AND / OR TOW DUE TO CRASH,,,,"OVER $1,500",3/17/2022 8:56,FAILING TO YIELD RIGHT-OF-WAY,IMPROPER TURNING/NO SIGNAL,37,W,75TH ST,623,,,,,,,2,NONINCAPACITATING INJURY,1,0,0,1,0,1,0,8,5,3,41.7580526,-87.62625554,POINT (-87.626255538888 41.758052598719)
808ff605bc10cfa10789ee8b0f27f11126dfb304b438780e72e410a5e28b868cf8bc2a3b42960e4bd8cfb2abb89e96476d9ff2be558d65bb5fae90f366c77bb3,JF154446,,2/24/2022 6:06,30,TRAFFIC SIGNAL,FUNCTIONING PROPERLY,CLEAR,"DARKNESS, LIGHTED ROAD",SIDESWIPE SAME DIRECTION,ONE-WAY,,STRAIGHT AND LEVEL,DRY,NO DEFECTS,NOT ON SCENE (DESK REPORT),NO INJURY / DRIVE AWAY,,,Y,"$501 - $1,500",2/24/2022 10:00,IMPROPER LANE USAGE,UNABLE TO DETERMINE,356,E,GARFIELD BLVD,231,,,,,,,2,NO INDICATION OF INJURY,0,0,0,0,0,2,0,6,5,2,41.7949008,-87.6169592,POINT (-87.616959202615 41.794900796642)
b5c193851ba61eb942fc9bb0cc1e31bc3755a36f51fe14311dc1676ad27a50259859ad2b4f98eb9613767e5bf7d417c8e1ab8544196639fe1f922a70b899feac,JF183543,,3/23/2022 8:46,20,NO CONTROLS,NO CONTROLS,CLOUDY/OVERCAST,DAYLIGHT,SIDESWIPE OPPOSITE DIRECTION,ONE-WAY,,STRAIGHT AND LEVEL,WET,NO DEFECTS,ON SCENE,NO INJURY / DRIVE AWAY,,,,"OVER $1,500",3/23/2022 9:15,FAILING TO YIELD RIGHT-OF-WAY,UNABLE TO DETERMINE,7030,S,TALMAN AVE,831,,,,Y,CONSTRUCTION,Y,2,NO INDICATION OF INJURY,0,0,0,0,0,2,0,8,4,3,41.76547636,-87.68953067,POINT (-87.689530671612 41.765476356382)
80c7e4b8cb0fe1b022fe913ebac88c9fcb0ce7fb0a4dd4709c90e11db925b6edf758105b0b1c67a57431d9fd626edefa1b87be3a7e9039d3c268a9c726303f02,JE155125,,2/24/2022 20:56,35,TRAFFIC SIGNAL,FUNCTIONING PROPERLY,SNOW,DARKNESS,TURNING,DIVIDED - W/MEDIAN (NOT RAISED),,STRAIGHT AND LEVEL,WET,NO DEFECTS,ON SCENE,INJURY AND / OR TOW DUE TO CRASH,Y,,,"OVER $1,500",2/24/2022 20:58,FAILING TO YIELD RIGHT-OF-WAY,NOT APPLICABLE,7899,S,KEDZIE AVE,835,,,,,,,2,NO INDICATION OF INJURY,0,0,0,0,0,3,0,20,5,2,41.74974715,-87.70224697,POINT (-87.70224697395 41.749747153958)
af13ae1d7a9ca80a0b3acf7b998e1ecbcac426d5946b0ab25810e59607aa55fa3eabcbe43f6073cedeea84bf134bc9bf0d73b17e90b63a542390c7a7a49deb2c,JF163274,,3/3/2022 20:44,30,STOP SIGN/FLASHER,FUNCTIONING PROPERLY,CLEAR,"DARKNESS, LIGHTED ROAD",REAR END,NOT DIVIDED,,STRAIGHT AND LEVEL,DRY,NO DEFECTS,NOT ON SCENE (DESK REPORT),NO INJURY / DRIVE AWAY,,,,"OVER $1,500",3/4/2022 16:00,FOLLOWING TOO CLOSELY,FOLLOWING TOO CLOSELY,3958,W,87TH ST,834,,,,,,,2,NO INDICATION OF INJURY,0,0,0,0,0,2,0,20,5,3,41.73497055,-87.72137409,POINT (-87.721374084832 41.73497054665)
e2cd599fe81b7c6c47c247c2b1a65b2a9e17d986b52e069898aee323d5cc52fabe6457c87ae5cf5165a041028a5d29f992732edcf0cbbaa4ad64067f1c5b1a41,JF169626,,3/10/2022 7:40,30,NO CONTROLS,NO CONTROLS,CLEAR,DAYLIGHT,SIDESWIPE SAME DIRECTION,NOT DIVIDED,,STRAIGHT AND LEVEL,DRY,NO DEFECTS,NOT ON SCENE (DESK REPORT),NO INJURY / DRIVE AWAY,,,,"OVER $1,500",3/10/2022 17:30,IMPROPER OVERTAKING/PASSING,NOT APPLICABLE,2800,W,IRVING PARK RD,1724,,,,,,,2,NO INDICATION OF INJURY,0,0,0,0,0,2,0,7,5,3,41.95408332,-87.69830277,POINT (-87.69830277007 41.954083317715)
8601ab662a6e53ec1924d9be47c79e647af40c986ba79df0fb80580c3fb6cb5d60d1449952877b776ea5c5861ff5ec08bac5916636f9bcd45ca54e34fb76eccc,JF147884,,2/17/2022 19:03,30,TRAFFIC SIGNAL,FUNCTIONING PROPERLY,SNOW,"DARKNESS, LIGHTED ROAD",ANGLE,NOT DIVIDED,,STRAIGHT AND LEVEL,SNOW OR SLUSH,UNKNOWN,ON SCENE,NO INJURY / DRIVE AWAY,Y,,,"OVER $1,500",2/17/2022 19:03,UNABLE TO DETERMINE,UNABLE TO DETERMINE,5600,W,55TH ST,811,,,,,,,2,NO INDICATION OF INJURY,0,0,0,0,0,2,0,19,5,2,41.79284431,-87.76236668,POINT (-87.76236667864 41.792844313458)
8620987fab5f2d7dc8274b25dacc8aff93c49b267a073240609604f2288c0f8c86ac5df471a8cb87b77a59609db8e34e0005dab4bb264e63f74f7e6a23ad3967,JF147654,,2/17/2022 16:15,25,STOP SIGN/FLASHER,FUNCTIONING PROPERLY,SNOW,DAYLIGHT,ANGLE,T-INTERSECTION,,STRAIGHT ON GRADE,SNOW OR SLUSH,NO DEFECTS,ON SCENE,NO INJURY / DRIVE AWAY,Y,,Y,"OVER $1,500",2/17/2022 17:28,DISREGARDING STOP SIGN,FAILING TO REDUCE SPEED TO AVOID CRASH,2127,E,94TH ST,413,,,,,,,2,NO INDICATION OF INJURY,0,0,0,0,0,2,0,16,5,2,41.72425019,-87.57180876,POINT (-87.571808764083 41.724250188673)
a5f2a3cc98f21e0d30c971e749d7c35dab05b5270605c62e57406abc1b9f8be8248d526e46de4e42691f73b7fc902cfbf3bc4c2192da2f68bf3ab22964a44ab8,JD119448,,1/17/2020 17:20,30,NO CONTROLS,NO CONTROLS,SNOW,"DARKNESS, LIGHTED ROAD",REAR END,NOT DIVIDED,,STRAIGHT AND LEVEL,SNOW OR SLUSH,NO DEFECTS,,INJURY AND / OR TOW DUE TO CRASH,,,,$500 OR LESS,1/17/2020 17:21,FAILING TO REDUCE SPEED TO AVOID CRASH,WEATHER,703,N,SACRAMENTO BLVD,1221,,,,,,,2,NONINCAPACITATING INJURY,1,0,0,1,0,2,0,17,6,1,41.89385562,-87.70200569,POINT (-87.702005687126 41.893855617274)
a652471c10d9244b893b6880abee0efb132d966a579de0565e749fc5edcea952c5c9fc70723b8235976f6f0c917f6a3cd2695bc42fa51625777b53a349b228a8,JE295134,,7/8/2021 21:08,30,TRAFFIC SIGNAL,FUNCTIONING PROPERLY,CLEAR,"DARKNESS, LIGHTED ROAD",ANGLE,NOT DIVIDED,,STRAIGHT AND LEVEL,DRY,NO DEFECTS,,INJURY AND / OR TOW DUE TO CRASH,Y,,,"OVER $1,500",7/8/2021 21:08,DISREGARDING TRAFFIC SIGNALS,UNABLE TO DETERMINE,999,N,LARAMIE AVE,1531,,,,,,,2,"REPORTED, NOT EVIDENT",2,0,0,0,2,2,0,21,5,7,41.89849267,-87.75554127,POINT (-87.755541266811 41.898492671821)
e20f6f5264e3830da09fe972a899628a153b15a019e9b8f1f93d4b487085ef33431497616ad4a3881006b3247125580a4253eaf9ae9171ad9ed15f2c0cf04f2d,JD373710,,9/20/2020 18:15,30,TRAFFIC SIGNAL,FUNCTIONING PROPERLY,CLEAR,DUSK,TURNING,ONE-WAY,,STRAIGHT AND LEVEL,DRY,NO DEFECTS,,INJURY AND / OR TOW DUE TO CRASH,,,N,"OVER $1,500",9/20/2020 18:30,UNABLE TO DETERMINE,UNABLE TO DETERMINE,7601,S,STATE ST,623,,,,,,,2,NO INDICATION OF INJURY,0,0,0,0,0,2,0,18,1,9,41.75640309,-87.62457652,POINT (-87.624576515698 41.756403092616)
a6abeee153a76f31abd428fde353026775afcf8785c0b6c59313a0ee138247604329df4e4f4bbf7addd682ad73f4c83c6b6926213bd08d83aa819b445259c2d7,JF176697,,3/17/2022 8:10,30,TRAFFIC SIGNAL,FUNCTIONING PROPERLY,CLEAR,DAYLIGHT,PEDESTRIAN,DIVIDED - W/MEDIAN (NOT RAISED),,STRAIGHT AND LEVEL,DRY,UNKNOWN,ON SCENE,INJURY AND / OR TOW DUE TO CRASH,Y,,,"OVER $1,500",3/17/2022 8:15,FAILING TO YIELD RIGHT-OF-WAY,NOT APPLICABLE,5601,W,CORCORAN PL,1512,,,,,,,2,NONINCAPACITATING INJURY,1,0,0,1,0,1,0,8,5,3,41.88710917,-87.76518716,POINT (-87.765187156075 41.887109173286)
a6b76a22e1c8584d95f3a012e3fef474dd25b529d73a5a46cf1927820f4f1df8e64434fdd143337beff1d97650468e9ce29f554684a6d3369463c460f173d051,JF177249,Y,3/17/2022 15:00,30,NO CONTROLS,NO CONTROLS,CLEAR,DAYLIGHT,TURNING,NOT DIVIDED,,STRAIGHT AND LEVEL,DRY,NO DEFECTS,NOT ON SCENE (DESK REPORT),NO INJURY / DRIVE AWAY,,,,"OVER $1,500",3/17/2022 15:45,UNABLE TO DETERMINE,UNABLE TO DETERMINE,2342,N,MANGO AVE,2515,,,,,,,2,NO INDICATION OF INJURY,0,0,0,0,0,2,0,15,5,3,41.92337749,-87.76976479,POINT (-87.769764784658 41.923377487695)
b606affe00c1a3f316d171439f0f7e586cad4623393688449a25c785c306ccb3265ebfe804237fb4aaa5d57a77bc0900048d36ece222c62149397966b58e291a,JF183425,Y,3/23/2022 4:00,15,NO CONTROLS,NO CONTROLS,RAIN,DARKNESS,PARKED MOTOR VEHICLE,ONE-WAY,,STRAIGHT AND LEVEL,WET,NO DEFECTS,NOT ON SCENE (DESK REPORT),NO INJURY / DRIVE AWAY,,,Y,"OVER $1,500",3/23/2022 7:05,FAILING TO REDUCE SPEED TO AVOID CRASH,UNABLE TO DETERMINE,8439,S,KINGSTON AVE,423,,,,,,,2,NO INDICATION OF INJURY,0,0,0,0,0,1,0,4,4,3,41.74153284,-87.56228146,POINT (-87.562281463047 41.741532835195)
e3469b4bb0286b9c9ba9da5020c5976e6b34467c195a7521d1978f14a22b6cf4da4f154d27ca02e2cf6aad7cbef05de344c699408091b5d6e8d434926e834b4c,JF169455,,3/10/2022 13:45,25,NO CONTROLS,NO CONTROLS,CLEAR,DAYLIGHT,SIDESWIPE SAME DIRECTION,ONE-WAY,,STRAIGHT AND LEVEL,DRY,NO DEFECTS,NOT ON SCENE (DESK REPORT),NO INJURY / DRIVE AWAY,,,,"$501 - $1,500",3/10/2022 15:05,NOT APPLICABLE,NOT APPLICABLE,600,S,INDEPENDENCE BLVD,1133,,,,,,,2,NO INDICATION OF INJURY,0,0,0,0,0,2,0,13,5,3,41.87346742,-87.72051086,POINT (-87.72051085957 41.873467423537)
e36ec473de3ff8b83f737f59a4951e808d67e0ab1fca1c285168988dfebd829c6cec2cbf4c22727154ce7dc4fa392c3fadaded3f467605bb649b205c64e7fd06,JF169570,,3/10/2022 14:50,30,STOP SIGN/FLASHER,FUNCTIONING PROPERLY,CLEAR,DAYLIGHT,PEDESTRIAN,ONE-WAY,,STRAIGHT AND LEVEL,DRY,NO DEFECTS,NOT ON SCENE (DESK REPORT),INJURY AND / OR TOW DUE TO CRASH,,,Y,"$501 - $1,500",3/10/2022 16:35,FAILING TO YIELD RIGHT-OF-WAY,FAILING TO YIELD RIGHT-OF-WAY,5458,S,NOTTINGHAM AVE,811,,,,,,,2,NONINCAPACITATING INJURY,1,0,0,1,0,1,0,14,5,3,41.79225559,-87.79914792,POINT (-87.799147922331 41.792255590552)
b11bdf3e4ad1b387b186cf9fd02967c5863f8ad7f2d08ad8f40052d1c7f3d2c7084cda584eb64b0a27dfb1722f01de64703e42372e9a80a1c97bc6f0a12ffdef,JF161702,,3/3/2022 8:58,25,NO CONTROLS,NO CONTROLS,CLEAR,DAYLIGHT,PARKED MOTOR VEHICLE,NOT DIVIDED,,STRAIGHT AND LEVEL,DRY,NO DEFECTS,NOT ON SCENE (DESK REPORT),NO INJURY / DRIVE AWAY,,,,"$501 - $1,500",3/3/2022 9:06,UNABLE TO DETERMINE,NOT APPLICABLE,2441,W,POPE JOHN PAUL II DR,922,,,,Y,CONSTRUCTION,Y,2,NO INDICATION OF INJURY,0,0,0,0,0,1,0,8,5,3,41.81555993,-87.68629525,POINT (-87.686295251684 41.815559926716)
82b2840274e8da4d92e3b51bbe7a21acb9a9568ee365f132e4277bb75b49572dd224cebe0123527453cb0eda91b1351eb23033fdc62365af371dda0a0878402d,JF154331,,2/24/2022 8:00,30,NO CONTROLS,NO CONTROLS,SNOW,DAYLIGHT,TURNING,NOT DIVIDED,,STRAIGHT AND LEVEL,SNOW OR SLUSH,NO DEFECTS,NOT ON SCENE (DESK REPORT),NO INJURY / DRIVE AWAY,,,,"OVER $1,500",2/24/2022 8:30,FAILING TO REDUCE SPEED TO AVOID CRASH,NOT APPLICABLE,5329,W,FULLERTON AVE,2515,,,,,,,2,NO INDICATION OF INJURY,0,0,0,0,0,2,0,8,5,2,41.92395056,-87.75977257,POINT (-87.759772572809 41.923950559718)
a7dc3412fe3b5f5de6a5d6d1c4b5895f55d79eaeb373984facfa2a1d1b84d226a427daa39ce0ab100cc0bc3dd606384fa17181ed9be5c692c91da41c0b78fb7f,,Y,4/1/2022 0:03,30,NO CONTROLS,NO CONTROLS,SNOW,"DARKNESS, LIGHTED ROAD",PARKED MOTOR VEHICLE,NOT DIVIDED,,STRAIGHT AND LEVEL,WET,NO DEFECTS,ON SCENE,NO INJURY / DRIVE AWAY,,,Y,"OVER $1,500",4/1/2022 0:04,NOT APPLICABLE,NOT APPLICABLE,654,E,75TH ST,323,,,,,,,3,NO INDICATION OF INJURY,0,0,0,0,0,1,0,0,6,4,41.75864417,-87.60807179,POINT (-87.608071791278 41.758644167022)