CRASH_RECORD_ID,RD_NO,CRASH_DATE_EST_I,CRASH_DATE,POSTED_SPEED_LIMIT,TRAFFIC_CONTROL_DEVICE,DEVICE_CONDITION,WEATHER_CONDITION,LIGHTING_CONDITION,FIRST_CRASH_TYPE,TRAFFICWAY_TYPE,LANE_CNT,ALIGNMENT,ROADWAY_SURFACE_COND,ROAD_DEFECT,REPORT_TYPE,CRASH_TYPE,INTERSECTION_RELATED_I,NOT_RIGHT_OF_WAY_I,HIT_AND_RUN_I,DAMAGE,DATE_POLICE_NOTIFIED,PRIM_CONTRIBUTORY_CAUSE,SEC_CONTRIBUTORY_CAUSE,STREET_NO,STREET_DIRECTION,STREET_NAME,BEAT_OF_OCCURRENCE,PHOTOS_TAKEN_I,STATEMENTS_TAKEN_I,DOORING_I,WORK_ZONE_I,WORK_ZONE_TYPE,WORKERS_PRESENT_I,NUM_UNITS,MOST_SEVERE_INJURY,INJURIES_TOTAL,INJURIES_FATAL,INJURIES_INCAPACITATING,INJURIES_NON_INCAPACITATING,INJURIES_REPORTED_NOT_EVIDENT,INJURIES_NO_INDICATION,INJURIES_UNKNOWN,CRASH_HOUR,CRASH_DAY_OF_WEEK,CRASH_MONTH,LATITUDE,LONGITUDE,LOCATION
e3f76c494c2a111402c8e8525a6d285431b825f2dfaebf3193c21881041964740b04b04cb6608f7d1655c2936ad1d1d02d71f3d4e10d1c82a833c462d3813d6c,JF169088,Y,3/10/2022 7:15,30,NO CONTROLS,NO CONTROLS,UNKNOWN,UNKNOWN,PARKED MOTOR VEHICLE,NOT DIVIDED,,STRAIGHT AND LEVEL,UNKNOWN,NO DEFECTS,ON SCENE,INJURY AND / OR TOW DUE TO CRASH,,,Y,"OVER $1,500",3/10/2022 7:15,UNABLE TO DETERMINE,UNABLE TO DETERMINE,6854,W,DIVERSEY AVE,2511,,,,,,,2,NO INDICATION OF INJURY,0,0,0,0,0,1,0,7,5,3,41.93096409,-87.79769959,POINT (-87.797699591975 41.93096409103)
e44c6ac91081c559182c79a6e39378aabc6371f270728d615827952a613d95dfef78aabd82bee484a885fea4a37c8b6dfd41da80d667bd850940597ba7998b51,JF169775,,3/10/2022 18:10,30,TRAFFIC SIGNAL,NO CONTROLS,CLEAR,DAYLIGHT,SIDESWIPE SAME DIRECTION,NOT DIVIDED,,STRAIGHT AND LEVEL,SNOW OR SLUSH,UNKNOWN,NOT ON SCENE (DESK REPORT),NO INJURY / DRIVE AWAY,,,Y,"OVER $1,500",3/10/2022 20:30,UNABLE TO DETERMINE,UNABLE TO DETERMINE,3100,W,ROOSEVELT RD,1134,,,,,,,2,NO INDICATION OF INJURY,0,0,0,0,0,2,0,18,5,3,41.86653961,-87.70326315,POINT (-87.703263144697 41.866539609708)
8794b1d52e0881d9039bc7f260a3dfe6f5c6e81b8bec919283bab6c4bf38bb6db4bc785844f79d5639b7e6db60640398f70d1e112c811795769e746afe1b884a,JF146975,,2/17/2022 1:39,30,TRAFFIC SIGNAL,FUNCTIONING PROPERLY,RAIN,"DARKNESS, LIGHTED ROAD",HEAD ON,DIVIDED - W/MEDIAN (NOT RAISED),,STRAIGHT AND LEVEL,WET,NO DEFECTS,NOT ON SCENE (DESK REPORT),NO INJURY / DRIVE AWAY,Y,,Y,"OVER $1,500",2/17/2022 2:10,UNABLE TO DETERMINE,NOT APPLICABLE,3201,W,55TH ST,822,,,,,,,2,NO INDICATION OF INJURY,0,0,0,0,0,2,0,1,5,2,41.7934033,-87.70361268,POINT (-87.70361268329 41.793403304099)
e482167e30557b98ee0bf22dc62087107fac01b39bead2bd683561320a011e165e7bfc54666c0c048b7a97252dd0b5c5d8a89aa0eab89f2a8d80fa346ae43643,JF169451,,3/10/2022 14:27,30,NO CONTROLS,NO CONTROLS,CLEAR,DAYLIGHT,HEAD ON,NOT DIVIDED,,STRAIGHT AND LEVEL,DRY,NO DEFECTS,ON SCENE,INJURY AND / OR TOW DUE TO CRASH,,,,"OVER $1,500",3/10/2022 14:47,UNABLE TO DETERMINE,UNABLE TO DETERMINE,3941,W,LAKE ST,1122,,,,,,,2,"REPORTED, NOT EVIDENT",3,0,0,0,3,0,0,14,5,3,41.88531532,-87.72488346,POINT (-87.724883462645 41.885315324447)
a8269f566bf6a81306185abf3dc7d354b634a45111f47b7728a5df33217a915e7bb15fc20bd8ff9c068abb44394a2f92e5f35e2c75199a7689f217ce6cde36a9,JF177416,,3/17/2022 17:10,30,NO CONTROLS,NO CONTROLS,CLEAR,DAYLIGHT,SIDESWIPE SAME DIRECTION,NOT DIVIDED,,STRAIGHT AND LEVEL,DRY,NO DEFECTS,ON SCENE,NO INJURY / DRIVE AWAY,,,,"OVER $1,500",3/17/2022 17:24,FAILING TO YIELD RIGHT-OF-WAY,DRIVING SKILLS/KNOWLEDGE/EXPERIENCE,709,W,WILLOW ST,1813,,,,,,,2,NO INDICATION OF INJURY,0,0,0,0,0,2,0,17,5,3,41.91375018,-87.64634319,POINT (-87.646343191951 41.913750176994)
82e62bcf051f23bcd2b7017f21acbddba5a92be6ba8207b337cefffe5e04ecefe68ede7690498db5777ef1d4ae187a11fc9868a3e0f3fbb6aca0aa51b39aa6e7,JA451238,,9/29/2017 9:30,30,NO CONTROLS,NO CONTROLS,CLEAR,DAYLIGHT,SIDESWIPE SAME DIRECTION,NOT DIVIDED,2,STRAIGHT AND LEVEL,DRY,NO DEFECTS,,NO INJURY / DRIVE AWAY,,,,$500 OR LESS,9/29/2017 10:50,IMPROPER LANE USAGE,NOT APPLICABLE,2,S,CICERO AVE,1533,,,,,,,2,NO INDICATION OF INJURY,0,0,0,0,0,2,0,9,6,9,41.88044506,-87.74542253,POINT (-87.745422526067 41.880445063162)
82f62c5ba475e52a7d548f6cc5c4645521a915f5395277617f5b81d40ce34eb193d4cea0f12e904491e78a83deb3dcbde5d93f04dcbb634f38f057d598501e87,JE122052,,1/24/2021 14:45,30,TRAFFIC SIGNAL,FUNCTIONING PROPERLY,CLEAR,DAYLIGHT,TURNING,CENTER TURN LANE,,STRAIGHT AND LEVEL,DRY,NO DEFECTS,,INJURY AND / OR TOW DUE TO CRASH,Y,,,"OVER $1,500",1/24/2021 14:47,FAILING TO YIELD RIGHT-OF-WAY,NOT APPLICABLE,1,N,AUSTIN BLVD,1513,,Y,,,,,2,"REPORTED, NOT EVIDENT",1,0,0,0,1,2,0,14,1,1,41.88019051,-87.77451264,POINT (-87.774512642122 41.880190510255)
82fa01266dec6d2fbfc522fe79cf8ab12d54426aab9dd76e0ac638451ee54790ef81e9ecc57ad1a12a12897f7aad35f31a6bbf3f9033452f164a8c3f9deadc58,JE371906,,9/13/2021 12:44,30,NO CONTROLS,NO CONTROLS,CLEAR,DAYLIGHT,PARKED MOTOR VEHICLE,NOT DIVIDED,,STRAIGHT AND LEVEL,DRY,NO DEFECTS,,INJURY AND / OR TOW DUE TO CRASH,,,,"OVER $1,500",9/13/2021 12:46,UNABLE TO DETERMINE,UNABLE TO DETERMINE,3916,N,WESTERN AVE,1921,,,,,,,5,"REPORTED, NOT EVIDENT",1,0,0,0,1,2,0,12,2,9,41.95273058,-87.68857639,POINT (-87.688576386733 41.95273058394)
b1d44e540f34e895c081b68954cac0fa1942ed07a502fff2a85e39f868e568b8607cb65bd010a96ec9443f121db1eab23aa2c72002ad441605a32754601da4f5,JD417559,Y,11/1/2020 10:45,30,NO CONTROLS,NO CONTROLS,CLEAR,DAYLIGHT,TURNING,NOT DIVIDED,,STRAIGHT AND LEVEL,DRY,NO DEFECTS,,INJURY AND / OR TOW DUE TO CRASH,,,,"OVER $1,500",11/1/2020 10:50,IMPROPER TURNING/NO SIGNAL,NOT APPLICABLE,1148,W,CHICAGO AVE,1213,,,,,,,2,NONINCAPACITATING INJURY,1,0,0,1,0,1,0,10,1,11,41.89634413,-87.65713717,POINT (-87.65713717047 41.896344132468)
889933dbdd0e18f0667f3e505da27b0797bfcae698811e73376ab6fad2f9c13c237b86dfb1f03cf4b1e97f6ed81e32e0de6c3abac753d599f51fca433a49b129,JF147349,,2/17/2022 10:45,25,NO CONTROLS,NO CONTROLS,CLEAR,DAYLIGHT,PARKED MOTOR VEHICLE,ALLEY,,STRAIGHT AND LEVEL,DRY,UNKNOWN,NOT ON SCENE (DESK REPORT),NO INJURY / DRIVE AWAY,,,Y,"OVER $1,500",2/17/2022 11:45,UNABLE TO DETERMINE,NOT APPLICABLE,3455,N,SOUTHPORT AVE,1924,,,,,,,2,NO INDICATION OF INJURY,0,0,0,0,0,1,0,10,5,2,41.94507398,-87.66381618,POINT (-87.663816174752 41.945073982933)
896164ac420f2b0cc69a4de7d37ed1a4876a9d424cdfcf98bbecde39a459c1f20a6fb911724658abe3fae6a46b868ccb9ecb06b9fa456f7be2498bef1a6aab3b,JF147761,,2/17/2022 17:18,45,NO CONTROLS,NO CONTROLS,BLOWING SNOW,"DARKNESS, LIGHTED ROAD",FIXED OBJECT,DIVIDED - W/MEDIAN BARRIER,,STRAIGHT AND LEVEL,SNOW OR SLUSH,NO DEFECTS,ON SCENE,INJURY AND / OR TOW DUE TO CRASH,,,,"OVER $1,500",2/17/2022 17:18,WEATHER,WEATHER,4124,S,LAKE SHORE DR SB,214,,,,,,,1,NO INDICATION OF INJURY,0,0,0,0,0,2,0,17,5,2,41.8194263,-87.59733158,POINT (-87.597331579567 41.819426300885)
e5c8cadf1e65f30d2d1bc430e05da721ebf3c4737970dd61c2d25e5f3b54415c15929e93ed0d5fc8d1a639125431289995e505bd5dfc7547f0fa67af26c37103,JF169711,,3/10/2022 18:41,30,NO CONTROLS,NO CONTROLS,SNOW,"DARKNESS, LIGHTED ROAD",REAR END,NOT DIVIDED,,STRAIGHT AND LEVEL,WET,NO DEFECTS,ON SCENE,NO INJURY / DRIVE AWAY,,,,$500 OR LESS,3/10/2022 18:41,FOLLOWING TOO CLOSELY,DISTRACTION - FROM INSIDE VEHICLE,507,W,63RD ST,722,,,,,,,2,NO INDICATION OF INJURY,0,0,0,0,0,2,0,18,5,3,41.7797526,-87.63783394,POINT (-87.637833938524 41.779752601856)
b7d3d20fab847bbc07b592af841ae92885d2786a9c1424239e706dc2e12b9f005fdbaefe6b51fce52631068f7ad43215cb77475e8e4eab503498c400b785747b,JF183937,,3/23/2022 13:13,20,STOP SIGN/FLASHER,FUNCTIONING PROPERLY,CLEAR,DAYLIGHT,REAR TO FRONT,NOT DIVIDED,,STRAIGHT AND LEVEL,WET,NO DEFECTS,ON SCENE,NO INJURY / DRIVE AWAY,,,Y,"$501 - $1,500",3/23/2022 15:00,IMPROPER BACKING,NOT APPLICABLE,5930,W,ALTGELD ST,2515,,,,,,,2,NO INDICATION OF INJURY,0,0,0,0,0,3,0,13,4,3,41.92578329,-87.77459614,POINT (-87.774596137278 41.92578329016)
83ad90011f7cb2c87b344a257326c139edfc930196772fd1702cc4b06d3188ce3bba6a1fffa2157b3e1221bb96e6300d3a6ea501880cb5e28993929f9853b1f8,JF154496,,2/24/2022 10:20,30,NO CONTROLS,NO CONTROLS,CLEAR,DAYLIGHT,REAR END,OTHER,,STRAIGHT AND LEVEL,DRY,NO DEFECTS,ON SCENE,INJURY AND / OR TOW DUE TO CRASH,,,,"OVER $1,500",2/24/2022 10:25,IMPROPER OVERTAKING/PASSING,FOLLOWING TOO CLOSELY,2214,W,WARREN BLVD,1223,,,,,,,4,NONINCAPACITATING INJURY,1,0,0,1,0,4,0,10,5,2,41.88225406,-87.68216371,POINT (-87.682163706569 41.882254056449)
83d0b8178e5daf237943571939b8e13ebda07e11a73c5fa7b169ea0bd805e9a589da21710a80af6c794cecd46ff7e2269dfa0296872c6b84da22fc3506e0819d,JF154790,,2/24/2022 13:15,30,TRAFFIC SIGNAL,FUNCTIONING PROPERLY,SNOW,DAYLIGHT,PARKED MOTOR VEHICLE,NOT DIVIDED,,STRAIGHT AND LEVEL,SNOW OR SLUSH,NO DEFECTS,NOT ON SCENE (DESK REPORT),NO INJURY / DRIVE AWAY,Y,,,"$501 - $1,500",2/24/2022 15:58,UNABLE TO DETERMINE,UNABLE TO DETERMINE,534,W,ROOSEVELT RD,124,,,,,,,2,NO INDICATION OF INJURY,0,0,0,0,0,2,0,13,5,2,41.86735164,-87.64064858,POINT (-87.640648576774 41.867351634791)
8a15d6f4530f7ccfdf985a9a5cd9204382e49af2ec2d5385f6602f54b1d75091b9da204059441aadcc22c580a76f4c6ace19d8799de99e3910be4ea1607c8ebd,JF147253,Y,2/17/2022 10:00,30,STOP SIGN/FLASHER,NO CONTROLS,CLEAR,DAYLIGHT,TURNING,NOT DIVIDED,,STRAIGHT AND LEVEL,DRY,NO DEFECTS,ON SCENE,INJURY AND / OR TOW DUE TO CRASH,Y,,,"OVER $1,500",2/17/2022 10:22,FAILING TO YIELD RIGHT-OF-WAY,NOT APPLICABLE,5398,N,MILWAUKEE AVE,1622,,,,,,,2,NONINCAPACITATING INJURY,1,0,0,1,0,1,0,10,5,2,41.97930607,-87.77123876,POINT (-87.771238758126 41.979306072953)
8a1f28c650fbf727470d6ca1c7afc09301c36da0e958c7c5230bc456f61b2d667e9522b9fa62104ba1dfb6142bfc7000ae59d14d17becf02fea25f839c32ee4d,JF147789,Y,2/17/2022 16:25,35,TRAFFIC SIGNAL,FUNCTIONING PROPERLY,SNOW,DUSK,SIDESWIPE SAME DIRECTION,DIVIDED - W/MEDIAN BARRIER,,STRAIGHT AND LEVEL,SNOW OR SLUSH,UNKNOWN,ON SCENE,NO INJURY / DRIVE AWAY,,,,$500 OR LESS,2/17/2022 16:28,WEATHER,UNABLE TO DETERMINE,7900,S,PULASKI RD,834,,,,,,,2,NO INDICATION OF INJURY,0,0,0,0,0,2,0,16,5,2,41.749339,-87.72205209,POINT (-87.722052090915 41.749339000082)
a933aefc9e36d06633d44cfcc77bc7b5574ea9c60668d823fcbadf7cffbc81cc962b380b6059e5fd128602e83b70f03adf07ca1acf9c2a41f68c08761bf6d6a4,JE342326,,8/19/2021 7:50,35,TRAFFIC SIGNAL,FUNCTIONING PROPERLY,CLEAR,DAYLIGHT,SIDESWIPE SAME DIRECTION,NOT DIVIDED,,STRAIGHT AND LEVEL,DRY,NO DEFECTS,,NO INJURY / DRIVE AWAY,,,Y,"$501 - $1,500",8/19/2021 9:06,IMPROPER LANE USAGE,IMPROPER LANE USAGE,7901,S,WESTERN AVE,835,,,,,,,2,NO INDICATION OF INJURY,0,0,0,0,0,2,0,7,5,8,41.75006036,-87.68269913,POINT (-87.682699127318 41.750060362735)
a994052fd471ae2bd8c36a1a971eb4967cb95749a5b6a1b25496f046da4ee37601156595ed0d1ed655e32248b9391a3ed907f5d0b808b97a1b3caed02208cb78,JE148804,,2/19/2021 15:29,25,UNKNOWN,UNKNOWN,UNKNOWN,DAYLIGHT,SIDESWIPE SAME DIRECTION,DIVIDED - W/MEDIAN (NOT RAISED),,STRAIGHT AND LEVEL,DRY,UNKNOWN,,NO INJURY / DRIVE AWAY,,,,"$501 - $1,500",2/23/2021 13:40,UNABLE TO DETERMINE,UNABLE TO DETERMINE,10301,S,DR MARTIN LUTHER KING JR DR,512,,,,,,,2,NO INDICATION OF INJURY,0,0,0,0,0,2,0,15,6,2,41.70722605,-87.61361869,POINT (-87.613618684744 41.707226050474)
a9c606067858077c3e1706368d19b30d28e478a7c1db6db0d72338819626abf92f9fc347c3628f3318779a4fbcc887d57a0ec2ef3833c7161c9d05a6aee207b4,JF177080,,3/17/2022 13:30,25,TRAFFIC SIGNAL,FUNCTIONING PROPERLY,CLEAR,DAYLIGHT,ANGLE,FOUR WAY,,STRAIGHT AND LEVEL,DRY,NO DEFECTS,ON SCENE,INJURY AND / OR TOW DUE TO CRASH,Y,,,"OVER $1,500",3/17/2022 13:35,FAILING TO YIELD RIGHT-OF-WAY,IMPROPER LANE USAGE,2500,S,CALIFORNIA BLVD,1034,Y,,,,,,2,NONINCAPACITATING INJURY,1,0,0,1,0,3,0,13,5,3,41.84641238,-87.69485685,POINT (-87.694856849098 41.846412381616)
b2fd3cd2ca957a18b73df1b01528767d59eb4e06c56db40e662ea6972216cdce74369786706e6b47352c150f6eefeefca23b5c7e69c9f53a5b5a11a3895c732f,JF162250,,3/3/2022 17:00,10,NO CONTROLS,NO CONTROLS,CLEAR,DAYLIGHT,PARKED MOTOR VEHICLE,PARKING LOT,,STRAIGHT AND LEVEL,DRY,NO DEFECTS,NOT ON SCENE (DESK REPORT),NO INJURY / DRIVE AWAY,,,,"OVER $1,500",3/3/2022 17:35,DRIVING SKILLS/KNOWLEDGE/EXPERIENCE,NOT APPLICABLE,5015,S,BLACKSTONE AVE,222,,,,,,,2,NO INDICATION OF INJURY,0,0,0,0,0,1,0,17,5,3,41.80375479,-87.59038395,POINT (-87.590383945444 41.803754790702)
b31521c3fb81e6dd2c7479e3881ba7bae5e904f7812a139853684c03e634ce41c03cb1378895d8870d987f1a8d9a317eec64951d1a30c569d7c1f807e36a862d,JF162130,,3/3/2022 15:30,35,NO CONTROLS,NO CONTROLS,CLEAR,DAYLIGHT,PARKED MOTOR VEHICLE,NOT DIVIDED,,STRAIGHT AND LEVEL,DRY,NO DEFECTS,NOT ON SCENE (DESK REPORT),NO INJURY / DRIVE AWAY,,,,"$501 - $1,500",3/3/2022 15:54,UNABLE TO DETERMINE,NOT APPLICABLE,5433,S,CLAREMONT AVE,932,,,,,,,2,NO INDICATION OF INJURY,0,0,0,0,0,1,0,15,5,3,41.79471216,-87.68216522,POINT (-87.682165222183 41.794712160159)
aa7f0a2a41ae7ae30eb864d7bafa4a611b55037753d4bbcd2b98d00a20be9e7b225e1e8c977fb1115c4b48d3f2873d01dd3794faaf5156ca03c1ed89fd8216bd,JF107857,,1/8/2022 23:30,30,TRAFFIC SIGNAL,UNKNOWN,SLEET/HAIL,"DARKNESS, LIGHTED ROAD",ANGLE,DIVIDED - W/MEDIAN (NOT RAISED),,STRAIGHT AND LEVEL,ICE,UNKNOWN,,NO INJURY / DRIVE AWAY,Y,,,"OVER $1,500",1/9/2022 16:30,WEATHER,WEATHER,160,W,43RD ST,925,,,,,,,2,NO INDICATION OF INJURY,0,0,0,0,0,3,0,23,7,1,41.81652859,-87.63117424,POINT (-87.631174234989 41.816528587016)
b836a0263f0e9f462188a22c1af2a7ecc95f2f520e95c149f7ad79470c135eb2a7ebaeff81ed9b2ec91dcf0624b91d001afda5d75d8f10df88cd2a514ab87896,JE216936,,5/2/2021 10:00,35,TRAFFIC SIGNAL,FUNCTIONING PROPERLY,CLEAR,DAYLIGHT,HEAD ON,FOUR WAY,,STRAIGHT AND LEVEL,DRY,NO DEFECTS,,INJURY AND / OR TOW DUE TO CRASH,Y,,N,"OVER $1,500",5/2/2021 10:05,UNABLE TO DETERMINE,UNABLE TO DETERMINE,100,E,PERSHING RD,212,N,,,,,,3,"REPORTED, NOT EVIDENT",2,0,0,0,2,3,0,10,1,5,41.82386655,-87.62307196,POINT (-87.623071961221 41.82386654843)
e7e68887c3b80f937b8d402421015539083c2f1b9a3ba2d963aa4c1e272df223eec84cf06badcb24f1b33b43cef3838da30209c4c7a95241d86ec891733669bb,JF169510,,3/10/2022 15:22,30,TRAFFIC SIGNAL,FUNCTIONING PROPERLY,CLEAR,DAYLIGHT,SIDESWIPE SAME DIRECTION,DIVIDED - W/MEDIAN (NOT RAISED),,STRAIGHT AND LEVEL,DRY,NO DEFECTS,ON SCENE,NO INJURY / DRIVE AWAY,,,,$500 OR LESS,3/10/2022 15:22,"VISION OBSCURED (SIGNS, TREE LIMBS, BUILDINGS, ETC.)",IMPROPER LANE USAGE,2802,W,DIVERSEY AVE,1411,,,,,,,2,NO INDICATION OF INJURY,0,0,0,0,0,2,0,15,5,3,41.93220533,-87.69777139,POINT (-87.697771389505 41.932205325804)
b920b2544960ae0dc71c25daf56962c10a8a6f7f968355ba5653e2d54e673ded506516e8e81b93f70e59c4d9daec40fd243df960e25099710567256b045dc16e,JF184346,,3/23/2022 19:57,30,NO CONTROLS,NO CONTROLS,RAIN,DUSK,PARKED MOTOR VEHICLE,ONE-WAY,,STRAIGHT AND LEVEL,WET,UNKNOWN,ON SCENE,NO INJURY / DRIVE AWAY,,,,"OVER $1,500",3/23/2022 19:58,IMPROPER TURNING/NO SIGNAL,NOT APPLICABLE,515,S,MAPLEWOOD AVE,1135,,,,,,,2,NO INDICATION OF INJURY,0,0,0,0,0,1,0,19,4,3,41.87446272,-87.69047203,POINT (-87.690472032213 41.874462720706)
860290dda7ab9bcf08c376eadd70fe4a717fdce3072c4701237bd58a8b1f355eef1b8b3820491f09634ba26616d95e0f8dac88e3b5aa305c0d1d87ca8e17bc42,JF155907,,2/25/2022 0:00,35,NO CONTROLS,NO CONTROLS,CLEAR,"DARKNESS, LIGHTED ROAD",ANGLE,NOT DIVIDED,,STRAIGHT AND LEVEL,SNOW OR SLUSH,NO DEFECTS,NOT ON SCENE (DESK REPORT),NO INJURY / DRIVE AWAY,,,Y,"OVER $1,500",2/25/2022 16:30,IMPROPER OVERTAKING/PASSING,UNABLE TO DETERMINE,2220,W,21ST ST,1234,,,,,,,2,NO INDICATION OF INJURY,0,0,0,0,0,2,0,0,6,2,41.85401872,-87.6816788,POINT (-87.681678800107 41.854018723869)
8646f332b9eedc35128ea35b8ebc16ba19d19e99b6c19bf58260f33dedbd45288bb25241949f9fc9752c40c9833657eecd6393a59fabf62188be6939d9ab0d2b,JF154750,,2/24/2022 13:09,25,TRAFFIC SIGNAL,FUNCTIONING PROPERLY,CLEAR,DAYLIGHT,TURNING,DIVIDED - W/MEDIAN (NOT RAISED),,STRAIGHT AND LEVEL,DRY,NO DEFECTS,ON SCENE,NO INJURY / DRIVE AWAY,Y,,,"OVER $1,500",2/24/2022 14:52,FAILING TO YIELD RIGHT-OF-WAY,UNABLE TO DETERMINE,4358,W,CERMAK RD,1012,,,,,,,2,NO INDICATION OF INJURY,0,0,0,0,0,2,0,13,5,2,41.85151057,-87.73444965,POINT (-87.734449649711 41.851510573725)
e8d61ffa293420fafd09307e6921609a3a28f8b3dc2e3a7dac5d7a9d0b296ca207c5100eb47976d30dbc19058dd27253199cf72655f4a807edb5a5b204138006,JF169402,,3/10/2022 11:49,30,NO CONTROLS,NO CONTROLS,CLEAR,DAYLIGHT,SIDESWIPE SAME DIRECTION,NOT DIVIDED,,STRAIGHT AND LEVEL,DRY,NO DEFECTS,NOT ON SCENE (DESK REPORT),NO INJURY / DRIVE AWAY,,,,"OVER $1,500",3/10/2022 14:20,IMPROPER OVERTAKING/PASSING,NOT APPLICABLE,200,N,CLARK ST,122,,,,,,,2,NO INDICATION OF INJURY,0,0,0,0,0,2,0,11,5,3,41.88601364,-87.63113018,POINT (-87.631130181818 41.886013640229)
b8e76879e7b6362942fbb3f4ef90c269afb70ae90696694d49c6d8e1d4b343b0b935a44559aebad61e9baf869a0fb4be1cec261cec716624b74ddaec6b319684,JE272208,,6/19/2021 16:45,10,NO CONTROLS,NO CONTROLS,CLEAR,DAYLIGHT,REAR TO FRONT,PARKING LOT,,STRAIGHT AND LEVEL,DRY,NO DEFECTS,,INJURY AND / OR TOW DUE TO CRASH,,,,"$501 - $1,500",6/19/2021 18:30,UNABLE TO DETERMINE,NOT APPLICABLE,443,E,31ST ST,211,,,,,,,2,NO INDICATION OF INJURY,0,0,0,0,0,4,0,16,7,6,41.83833648,-87.61536176,POINT (-87.615361759173 41.838336482935)
8d009973390356e8663c05fea497825255f0a036370bde6e01d3f4e7a8c7fb5af497b55a7ad1e22d773245f02f61ea49c99febddf9d8127f68a7ea15dfd77a92,JF147811,,2/17/2022 17:55,30,NO CONTROLS,NO CONTROLS,SNOW,"DARKNESS, LIGHTED ROAD",TURNING,NOT DIVIDED,,STRAIGHT AND LEVEL,SNOW OR SLUSH,NO DEFECTS,ON SCENE,INJURY AND / OR TOW DUE TO CRASH,,Y,,"OVER $1,500",2/17/2022 17:58,FAILING TO YIELD RIGHT-OF-WAY,UNABLE TO DETERMINE,6501,S,PULASKI RD,833,,,,,,,2,INCAPACITATING INJURY,2,0,1,0,1,2,0,17,5,2,41.77496854,-87.72251899,POINT (-87.722518985136 41.774968542822)
ba01c1a2509207d26f03dc035009566cbfbbb55414d1a69f3802afbd714d20f891d5e03cc35e5fa3fbbc3017945293c175554a87eff1ecbd31c903d0b4979769,JF183508,,3/23/2022 8:40,30,NO CONTROLS,NO CONTROLS,RAIN,DAYLIGHT,SIDESWIPE OPPOSITE DIRECTION,OTHER,,STRAIGHT AND LEVEL,WET,NO DEFECTS,ON SCENE,INJURY AND / OR TOW DUE TO CRASH,,,,"OVER $1,500",3/23/2022 8:46,WEATHER,UNABLE TO DETERMINE,1099,E,76TH ST,624,,,,,,,2,NONINCAPACITATING INJURY,3,0,0,3,0,0,0,8,4,3,41.75725184,-87.59805318,POINT (-87.598053179415 41.757251837047)
ba3f3c7dcf43d2021e47417a4308728c6252f5403964382562cb1c2b522d5a9506792db7bcfef8c09b6ecd9d7f232fd9423aa1803b44d752c320823b8c7183cf,JF183590,,3/23/2022 9:55,30,TRAFFIC SIGNAL,FUNCTIONING PROPERLY,RAIN,DAYLIGHT,HEAD ON,PARKING LOT,,STRAIGHT AND LEVEL,WET,NO DEFECTS,ON SCENE,INJURY AND / OR TOW DUE TO CRASH,,,,"OVER $1,500",3/23/2022 10:00,DISREGARDING ROAD MARKINGS,IMPROPER LANE USAGE,1200,S,CANAL ST,124,,,,,,,2,NO INDICATION OF INJURY,0,0,0,0,0,2,0,9,4,3,41.86717513,-87.63937581,POINT (-87.639375812581 41.86717512472)
8d679cd74a53c1f5f3355e65c58f40a4291f6c0caafb6ed8cbaff7cb528e25a800aa90475c3f1def0949220c4926969c351b59cdb530371c04511848d51cc2af,JF147205,,2/17/2022 9:10,35,STOP SIGN/FLASHER,FUNCTIONING PROPERLY,CLOUDY/OVERCAST,DAYLIGHT,ANGLE,T-INTERSECTION,,STRAIGHT AND LEVEL,DRY,NO DEFECTS,ON SCENE,INJURY AND / OR TOW DUE TO CRASH,Y,,,"$501 - $1,500",2/17/2022 9:12,FAILING TO YIELD RIGHT-OF-WAY,FAILING TO YIELD RIGHT-OF-WAY,1901,S,HALSTED ST,1235,,,,,,,2,"REPORTED, NOT EVIDENT",1,0,0,0,1,2,0,9,5,2,41.85669757,-87.64646342,POINT (-87.646463416283 41.856697574173)
ae4f94dee7b554ee569809dea053d75e0ee357c214c7bfbfabc688dbbc8091bd9933bd28f0d28d70800fff2d1289cc348a477d6a76efb32e20978b24202f640a,JF185505,,3/17/2022 20:04,30,TRAFFIC SIGNAL,FUNCTIONING PROPERLY,RAIN,"DARKNESS, LIGHTED ROAD",REAR END,DIVIDED - W/MEDIAN (NOT RAISED),,STRAIGHT AND LEVEL,WET,NO DEFECTS,ON SCENE,NO INJURY / DRIVE AWAY,,,Y,"$501 - $1,500",3/24/2022 20:05,NOT APPLICABLE,NOT APPLICABLE,2401,W,71ST ST,832,,,,,,,2,NO INDICATION OF INJURY,0,0,0,0,0,2,0,20,5,3,41.76459097,-87.68329896,POINT (-87.683298956963 41.764590973428)
ae6226c986adcda0194f14dbc2c72ea727d086b4f1cf2ea8d9022f603de70b933e97a20beb543ab12f21198d97405b1f6140923cd728ba05ac20dd43fd2957a0,JF176777,,3/17/2022 9:03,30,TRAFFIC SIGNAL,FUNCTIONING PROPERLY,CLEAR,DAYLIGHT,TURNING,NOT DIVIDED,,STRAIGHT ON GRADE,DRY,NO DEFECTS,ON SCENE,INJURY AND / OR TOW DUE TO CRASH,Y,,,"OVER $1,500",3/17/2022 9:20,DISREGARDING TRAFFIC SIGNALS,UNABLE TO DETERMINE,6432,N,MILWAUKEE AVE,1611,,,,,,,2,INCAPACITATING INJURY,3,0,3,0,0,1,0,9,5,3,41.99804873,-87.78868957,POINT (-87.788689568095 41.998048726534)