CRASH_RECORD_ID,RD_NO,CRASH_DATE_EST_I,CRASH_DATE,POSTED_SPEED_LIMIT,TRAFFIC_CONTROL_DEVICE,DEVICE_CONDITION,WEATHER_CONDITION,LIGHTING_CONDITION,FIRST_CRASH_TYPE,TRAFFICWAY_TYPE,LANE_CNT,ALIGNMENT,ROADWAY_SURFACE_COND,ROAD_DEFECT,REPORT_TYPE,CRASH_TYPE,INTERSECTION_RELATED_I,NOT_RIGHT_OF_WAY_I,HIT_AND_RUN_I,DAMAGE,DATE_POLICE_NOTIFIED,PRIM_CONTRIBUTORY_CAUSE,SEC_CONTRIBUTORY_CAUSE,STREET_NO,STREET_DIRECTION,STREET_NAME,BEAT_OF_OCCURRENCE,PHOTOS_TAKEN_I,STATEMENTS_TAKEN_I,DOORING_I,WORK_ZONE_I,WORK_ZONE_TYPE,WORKERS_PRESENT_I,NUM_UNITS,MOST_SEVERE_INJURY,INJURIES_TOTAL,INJURIES_FATAL,INJURIES_INCAPACITATING,INJURIES_NON_INCAPACITATING,INJURIES_REPORTED_NOT_EVIDENT,INJURIES_NO_INDICATION,INJURIES_UNKNOWN,CRASH_HOUR,CRASH_DAY_OF_WEEK,CRASH_MONTH,LATITUDE,LONGITUDE,LOCATION
ae759ea277b27e0a187d55809b01f3becbe4791ad45943feff126eb4d493f00996ac6020165e673d90b200a48142fd269ec17b2a9750aa9b387e7789710e69ad,JF177045,Y,3/17/2022 11:00,30,NO CONTROLS,NO CONTROLS,CLEAR,DAYLIGHT,REAR END,NOT DIVIDED,,STRAIGHT AND LEVEL,DRY,NO DEFECTS,NOT ON SCENE (DESK REPORT),NO INJURY / DRIVE AWAY,,Y,,$500 OR LESS,3/17/2022 13:00,UNABLE TO DETERMINE,UNABLE TO DETERMINE,6600,W,NORTH AVE,2513,,,,,,,2,NO INDICATION OF INJURY,0,0,0,0,0,2,0,11,5,3,41.90920116,-87.78991463,POINT (-87.789914626251 41.909201161636)
8e09180e3e79cc97143dba3615712c1f8d4be100c82fb3bf4db1396fcf6b9253a16c5efe28c08c04ef825327bc77c2ec68d8ec8e68965664c929463e13ad550d,JF148748,,2/17/2022 16:00,30,TRAFFIC SIGNAL,FUNCTIONING PROPERLY,SNOW,DAYLIGHT,REAR END,NOT DIVIDED,,STRAIGHT AND LEVEL,SNOW OR SLUSH,NO DEFECTS,NOT ON SCENE (DESK REPORT),NO INJURY / DRIVE AWAY,Y,,,"OVER $1,500",2/18/2022 16:30,WEATHER,WEATHER,6300,S,ASHLAND AVE,725,,,,,,,3,NO INDICATION OF INJURY,0,0,0,0,0,6,0,16,5,2,41.77937222,-87.66436535,POINT (-87.664365347416 41.779372220485)
aea6a813799cfb49af844e13fd34a8a2f260e7ea0620678923ce41b61857c1c9ae4790134dd201797402ab214a32b4ffdf2a6019430cb6344d066afbfc6e7792,JF176694,,3/17/2022 7:50,30,TRAFFIC SIGNAL,FUNCTIONING PROPERLY,CLEAR,DAYLIGHT,SIDESWIPE SAME DIRECTION,NOT DIVIDED,,STRAIGHT AND LEVEL,DRY,NO DEFECTS,NOT ON SCENE (DESK REPORT),NO INJURY / DRIVE AWAY,,,Y,$500 OR LESS,3/17/2022 8:15,IMPROPER OVERTAKING/PASSING,IMPROPER OVERTAKING/PASSING,400,E,GARFIELD BLVD,233,,,,,,,2,NO INDICATION OF INJURY,0,0,0,0,0,2,0,7,5,3,41.79491006,-87.61591569,POINT (-87.615915687849 41.794910056687)
ea3e1d80196df566cff8ce7e5804cd70dddf69da0d8bcd844b198bb88e1f55712e43847d0ce0e9f882d771c467c1305fbf1575819b11cca2de3e2df48bb16dff,JF172417,,3/10/2022 12:30,35,UNKNOWN,UNKNOWN,UNKNOWN,DAYLIGHT,PARKED MOTOR VEHICLE,NOT DIVIDED,,STRAIGHT AND LEVEL,UNKNOWN,UNKNOWN,NOT ON SCENE (DESK REPORT),NO INJURY / DRIVE AWAY,,,Y,"$501 - $1,500",3/13/2022 11:40,NOT APPLICABLE,NOT APPLICABLE,401,E,113TH ST,531,,,,,,,2,NO INDICATION OF INJURY,0,0,0,0,0,1,0,12,5,3,41.68899327,-87.6132038,POINT (-87.613203804371 41.688993273193)
aebc50e98f545e2a39bc9505697204b0c8f443e60f0e360b030f0a266d112b4176299a8580ce77953e1c7166296bc7bdd06d16d42db83bcdd79f8ba4ee98db24,JF176909,,3/17/2022 10:30,30,NO CONTROLS,NO CONTROLS,CLEAR,DAYLIGHT,SIDESWIPE SAME DIRECTION,PARKING LOT,,STRAIGHT AND LEVEL,UNKNOWN,UNKNOWN,NOT ON SCENE (DESK REPORT),NO INJURY / DRIVE AWAY,,,,"OVER $1,500",3/17/2022 11:30,UNABLE TO DETERMINE,UNABLE TO DETERMINE,8005,W,ADDISON ST,1631,,,,,,,2,NO INDICATION OF INJURY,0,0,0,0,0,2,0,10,5,3,41.94491172,-87.82687693,POINT (-87.826876926583 41.944911718802)
aef827dacc5e09e732a3488bc0b0799e50e64b0b9b2ebe16164265120f2a98a9c77c4dee89709051df6243d66dc3c77560724252998a83925efe902d5f800d69,JF177568,,3/17/2022 19:34,30,TRAFFIC SIGNAL,FUNCTIONING PROPERLY,CLEAR,DUSK,ANGLE,FOUR WAY,,STRAIGHT AND LEVEL,DRY,NO DEFECTS,ON SCENE,INJURY AND / OR TOW DUE TO CRASH,Y,,,"OVER $1,500",3/17/2022 19:35,DISREGARDING TRAFFIC SIGNALS,DRIVING SKILLS/KNOWLEDGE/EXPERIENCE,5800,W,IRVING PARK RD,1624,,,,,,,2,NO INDICATION OF INJURY,0,0,0,0,0,2,0,19,5,3,41.95322816,-87.77195585,POINT (-87.771955845557 41.953228156494)
af324b3e0363eda554bcd2c4a4679542fa0412856e10a49598b17a2d22ceac8d1747157e443f5c5525d816d5b2af3a734a9f85d30db4b71d4bd6f6583d37a45a,JF177549,,3/17/2022 18:40,30,TRAFFIC SIGNAL,FUNCTIONING PROPERLY,CLEAR,DAYLIGHT,REAR END,NOT DIVIDED,,STRAIGHT AND LEVEL,DRY,NO DEFECTS,NOT ON SCENE (DESK REPORT),NO INJURY / DRIVE AWAY,Y,,Y,"OVER $1,500",3/17/2022 19:20,FOLLOWING TOO CLOSELY,NOT APPLICABLE,1201,W,ALBION AVE,2432,,,,,,,2,NO INDICATION OF INJURY,0,0,0,0,0,2,0,18,5,3,42.00244055,-87.66089014,POINT (-87.66089014052 42.002440551952)
b6be16ad321fc4d7afd47a375e54e1c8c0a44beea20141cdbf59c855cbf007b91c53a234c1e1cc1c67e37fd3e176cdd5e16fdecc0f60d3b3dedfb3dacd193453,JF162541,,3/3/2022 23:13,30,NO CONTROLS,NO CONTROLS,CLEAR,"DARKNESS, LIGHTED ROAD",SIDESWIPE SAME DIRECTION,NOT DIVIDED,,STRAIGHT AND LEVEL,DRY,NO DEFECTS,ON SCENE,INJURY AND / OR TOW DUE TO CRASH,,,,"OVER $1,500",3/3/2022 23:13,UNABLE TO DETERMINE,NOT APPLICABLE,1132,W,WILSON AVE,1913,,,,,,,2,"REPORTED, NOT EVIDENT",1,0,0,0,1,1,0,23,5,3,41.96549259,-87.6587916,POINT (-87.658791595264 41.965492586379)
b038a3f9be3aca7508c2347f6c2d50f0714a9748a58d892d0b6a3e77e9f54fd03602355bb7be04a52e7842f5c80eee6708988a3e756dcf4b6ad3a7ea08fdcd44,JF177476,,3/17/2022 8:15,30,NO CONTROLS,NO CONTROLS,CLEAR,DAYLIGHT,SIDESWIPE SAME DIRECTION,DIVIDED - W/MEDIAN (NOT RAISED),,STRAIGHT AND LEVEL,DRY,NO DEFECTS,NOT ON SCENE (DESK REPORT),NO INJURY / DRIVE AWAY,,,Y,"OVER $1,500",3/17/2022 18:00,UNABLE TO DETERMINE,UNABLE TO DETERMINE,4106,W,CHICAGO AVE,1111,,,,,,,2,NO INDICATION OF INJURY,0,0,0,0,0,2,0,8,5,3,41.89542664,-87.72889176,POINT (-87.728891758792 41.895426639895)
8f644e80ee7755c8e8aba344fba8716fc9665cd98eb7f71e6a1d22d9255cc245a53337d37ce3e57d015de0e3c6edba4872c061a4ac07afcbbb6a40793767ba13,JF148679,,2/17/2022 15:15,25,NO CONTROLS,NO CONTROLS,SNOW,UNKNOWN,PARKED MOTOR VEHICLE,NOT DIVIDED,,STRAIGHT AND LEVEL,SNOW OR SLUSH,NO DEFECTS,NOT ON SCENE (DESK REPORT),NO INJURY / DRIVE AWAY,,,Y,$500 OR LESS,2/18/2022 15:45,FAILING TO REDUCE SPEED TO AVOID CRASH,UNABLE TO DETERMINE,2724,N,JANSSEN AVE,1932,,,,,,,2,NO INDICATION OF INJURY,0,0,0,0,0,1,0,15,5,2,41.93140663,-87.66486114,POINT (-87.664861138243 41.931406626386)
88c07d000d7ae9afb69d20b46ffaba1b98b4258841da478f6ceb35237a7c38c585bfef57417a80a2b1edd2a74004f04af0161ad5cde86ff1ff17af5d024b68f5,JF154265,,2/24/2022 5:00,45,NO CONTROLS,NO CONTROLS,CLEAR,"DARKNESS, LIGHTED ROAD",SIDESWIPE SAME DIRECTION,DIVIDED - W/MEDIAN BARRIER,,STRAIGHT AND LEVEL,DRY,UNKNOWN,ON SCENE,INJURY AND / OR TOW DUE TO CRASH,,,Y,"OVER $1,500",2/24/2022 5:30,UNABLE TO DETERMINE,NOT APPLICABLE,5700,S,LAKE SHORE DR,331,,,,,,,2,NO INDICATION OF INJURY,0,0,0,0,0,3,0,5,5,2,41.79142028,-87.58014777,POINT (-87.580147768689 41.791420282098)
b78c25eee17c8f06c37dfd4b8027b2d65931a4c8c7a422d38ee140271267fce1b5b5bcd6caa1c5c0b89f629e9e482f32103f482222bf7f8a084cd0dd68c1d292,JF162105,,3/3/2022 14:49,30,TRAFFIC SIGNAL,FUNCTIONING PROPERLY,CLEAR,DAYLIGHT,TURNING,FOUR WAY,,STRAIGHT AND LEVEL,DRY,NO DEFECTS,ON SCENE,NO INJURY / DRIVE AWAY,Y,,,"$501 - $1,500",3/3/2022 15:16,FAILING TO YIELD RIGHT-OF-WAY,IMPROPER TURNING/NO SIGNAL,6650,S,STONY ISLAND AVE,321,,,,,,,2,NO INDICATION OF INJURY,0,0,0,0,0,3,0,14,5,3,41.77363856,-87.58644552,POINT (-87.586445518888 41.773638556986)
eb6a4e14f3c102541baf55f346c43ebbf24fdd019e0adb8b62cb0315b3d77956a4d5ecaca5b9ac23952b6930df0a3dc3137b662d4f32ab26a4f67093c54f84f8,JF170100,,3/10/2022 15:30,30,NO CONTROLS,NO CONTROLS,CLOUDY/OVERCAST,DAYLIGHT,REAR END,NOT DIVIDED,,STRAIGHT AND LEVEL,DRY,NO DEFECTS,NOT ON SCENE (DESK REPORT),NO INJURY / DRIVE AWAY,,,,"$501 - $1,500",3/11/2022 8:30,IMPROPER OVERTAKING/PASSING,UNABLE TO DETERMINE,1749,W,PETERSON AVE,2012,,,,,,,2,NO INDICATION OF INJURY,0,0,0,0,0,2,0,15,5,3,41.99067539,-87.67349883,POINT (-87.673498829217 41.990675392953)
8981f9f32489b3f866619b71397c1ecf527d6d8d1d6e53bb78ee08e7dd5fe8abc19ce2ef21c73bb2a6da0cf5062d8236832a5a3448dc504fa61a2a09f2984bab,JF154571,,2/24/2022 11:36,15,NO CONTROLS,NO CONTROLS,CLEAR,DAYLIGHT,HEAD ON,PARKING LOT,,"CURVE, LEVEL",DRY,UNKNOWN,ON SCENE,INJURY AND / OR TOW DUE TO CRASH,,Y,,"$501 - $1,500",2/24/2022 11:37,UNABLE TO DETERMINE,UNABLE TO DETERMINE,7222,S,STONY ISLAND AVE,324,,,,,,,2,NO INDICATION OF INJURY,0,0,0,0,0,3,0,11,5,2,41.76349106,-87.58640665,POINT (-87.5864066453 41.763491056004)
eb6d626d50d7e83fe3fc83c9a91ab7874779873c3b4b23dea9c83e68468d4eaf4a9451a19cb011ed61b5c43834efd68e9004fa672d4c1f97d27e6a615468db65,JF169615,,3/10/2022 17:00,30,TRAFFIC SIGNAL,NOT FUNCTIONING,CLOUDY/OVERCAST,DAYLIGHT,TURNING,NOT DIVIDED,,STRAIGHT AND LEVEL,DRY,NO DEFECTS,NOT ON SCENE (DESK REPORT),NO INJURY / DRIVE AWAY,,,Y,"$501 - $1,500",3/10/2022 17:15,UNABLE TO DETERMINE,UNABLE TO DETERMINE,801,W,TAYLOR ST,1232,,,,,,,2,NO INDICATION OF INJURY,0,0,0,0,0,2,0,17,5,3,41.86948593,-87.64707193,POINT (-87.647071926903 41.869485930111)
b82e12d932db97f5ee10c2f82190d8c0294aed1869304936e3dd678b96f20f95630b1451bc82f9ae6676388ab11101e31279248b5d1872805cd2091583e1bc5f,JF163079,,3/3/2022 19:00,30,NO CONTROLS,NO CONTROLS,CLEAR,DAYLIGHT,REAR END,NOT DIVIDED,,STRAIGHT AND LEVEL,DRY,NO DEFECTS,NOT ON SCENE (DESK REPORT),NO INJURY / DRIVE AWAY,,,,"OVER $1,500",3/4/2022 13:20,UNABLE TO DETERMINE,NOT APPLICABLE,6798,W,BELMONT AVE,1632,,,,,,,3,NO INDICATION OF INJURY,0,0,0,0,0,3,0,19,5,3,41.93826907,-87.79563946,POINT (-87.79563945579 41.938269073258)
906c0cbfbf70979cfdb48793f580901babfa62c1dcb9ae46998609ef76d09c625a120903d5c39188c7cde65074799e4239d59c05c02badde194d9856f8120b8f,JF147765,,2/17/2022 16:25,30,TRAFFIC SIGNAL,FUNCTIONING PROPERLY,SNOW,DAYLIGHT,ANGLE,NOT REPORTED,,STRAIGHT AND LEVEL,SNOW OR SLUSH,NO DEFECTS,NOT ON SCENE (DESK REPORT),INJURY AND / OR TOW DUE TO CRASH,,,Y,"OVER $1,500",2/17/2022 17:35,IMPROPER OVERTAKING/PASSING,NOT APPLICABLE,5959,S,RACINE AVE,712,,,,,,,2,NO INDICATION OF INJURY,0,0,0,0,0,2,0,16,5,2,41.78515691,-87.65449812,POINT (-87.654498117535 41.78515691086)
ec7e135466dfc192c23ed8d2e8f5314cd1a8350a97575534c9a40184e957ddfb4b9de8f1fde6485fe25940a6c670cc0bf36e76d828882fddfd34ef06028f4ef9,JF169249,,3/10/2022 12:08,30,STOP SIGN/FLASHER,FUNCTIONING PROPERLY,CLEAR,DAYLIGHT,ANGLE,FOUR WAY,,STRAIGHT AND LEVEL,DRY,NO DEFECTS,ON SCENE,NO INJURY / DRIVE AWAY,Y,,,"OVER $1,500",3/10/2022 12:25,DISREGARDING STOP SIGN,FAILING TO YIELD RIGHT-OF-WAY,1022,W,CHICAGO AVE,1213,,Y,,,,,2,NO INDICATION OF INJURY,0,0,0,0,0,2,0,12,5,3,41.89640301,-87.65356009,POINT (-87.653560091853 41.896403013596)
bc9d27d571ee5259d05eca3c259bcf357f1b5a9aa287e5df266aaeb4c1651a057a60f8ccc2a2e67981947d86dae58be998e4c8f4fcdc3878579564e7279ce1ec,JF183546,,3/23/2022 8:44,30,NO CONTROLS,NO CONTROLS,RAIN,DAYLIGHT,SIDESWIPE SAME DIRECTION,OTHER,,STRAIGHT AND LEVEL,WET,NO DEFECTS,ON SCENE,NO INJURY / DRIVE AWAY,,,Y,"$501 - $1,500",3/23/2022 9:21,IMPROPER OVERTAKING/PASSING,WEATHER,1021,W,SHERIDAN RD,2433,,,,,,,2,NO INDICATION OF INJURY,0,0,0,0,0,2,0,8,4,3,41.99812113,-87.65661489,POINT (-87.65661488459 41.998121132484)
eccb8af0a286993bb9c2836bd1e20f378020bef0d7f5c3707b95aff5ac9dbbdb14f5bda9e079b5b4a864b8e78811ad02eb43d5120dbb67560075f5db0715cf3b,JF169910,,3/10/2022 23:00,30,TRAFFIC SIGNAL,UNKNOWN,SNOW,"DARKNESS, LIGHTED ROAD",FIXED OBJECT,NOT DIVIDED,,STRAIGHT AND LEVEL,SNOW OR SLUSH,UNKNOWN,ON SCENE,INJURY AND / OR TOW DUE TO CRASH,Y,,,"OVER $1,500",3/10/2022 23:03,FAILING TO REDUCE SPEED TO AVOID CRASH,WEATHER,1410,S,MICHIGAN AVE,131,,,,,,,1,NONINCAPACITATING INJURY,1,0,0,1,0,0,0,23,5,3,41.86373661,-87.6242178,POINT (-87.624217795384 41.863736611998)
ed31c3e044ff9a0326f1c1488b619a8bd03ac7324a268a8b42ffaea640162cec2bcc952408cb27f621fc747374e037ec54edc030200d69bd31f0680ec698d6da,JF185602,,3/24/2022 22:15,40,NO CONTROLS,NO CONTROLS,RAIN,"DARKNESS, LIGHTED ROAD",FIXED OBJECT,DIVIDED - W/MEDIAN BARRIER,,CURVE ON GRADE,WET,UNKNOWN,ON SCENE,INJURY AND / OR TOW DUE TO CRASH,,,,"OVER $1,500",3/24/2022 22:18,UNABLE TO DETERMINE,NOT APPLICABLE,1000,N,LAKE SHORE DR NB,1824,,,,,,,1,"REPORTED, NOT EVIDENT",1,0,0,0,1,0,0,22,5,3,41.90095892,-87.61992817,POINT (-87.619928173678 41.900958919109)
b27d3916689fff9436eac8c90d72c8a357a76bfaa6657a187711c9b8b30307b7c1e2454b37be3c7f98715f7e3a3b4aa1ef5455fe014c5bdd297fcfec497507eb,JF177301,,3/17/2022 15:00,30,NO CONTROLS,NO CONTROLS,CLEAR,DAYLIGHT,PARKED MOTOR VEHICLE,NOT DIVIDED,,STRAIGHT AND LEVEL,DRY,NO DEFECTS,NOT ON SCENE (DESK REPORT),NO INJURY / DRIVE AWAY,,,,"$501 - $1,500",3/17/2022 16:25,IMPROPER BACKING,NOT APPLICABLE,3305,N,PLAINFIELD AVE,1631,,,,,,,2,NO INDICATION OF INJURY,0,0,0,0,0,1,0,15,5,3,41.93948324,-87.83356046,POINT (-87.833560454928 41.939483236801)
b290ac0027a1af6bc86e0edfa4d5b5c45ee5c7ab366b1b054fb741c4852e08c8238d6ccab1901cbc559bab43ae88873c6a01ec332afaaf995285ec160550c8a0,JF176816,,3/17/2022 10:00,30,NO CONTROLS,NO CONTROLS,CLEAR,DAYLIGHT,REAR TO FRONT,ONE-WAY,,STRAIGHT AND LEVEL,DRY,NO DEFECTS,ON SCENE,NO INJURY / DRIVE AWAY,,,,"$501 - $1,500",3/17/2022 10:00,IMPROPER BACKING,IMPROPER BACKING,800,N,PINE AVE,1524,,,,,,,2,NO INDICATION OF INJURY,0,0,0,0,0,4,0,10,5,3,41.89490977,-87.76371654,POINT (-87.763716536304 41.894909769847)
8a8b156f4f3f08d04a594c40725aa3d1747f610a0f2df879c07a2069add243190f3ba5ffc22ee767504e032196778921b290eed92dfd5a16af79f48f46fcdd6b,JF154841,,2/24/2022 10:00,30,NO CONTROLS,NO CONTROLS,CLEAR,DAYLIGHT,PARKED MOTOR VEHICLE,NOT DIVIDED,,STRAIGHT AND LEVEL,DRY,NO DEFECTS,NOT ON SCENE (DESK REPORT),NO INJURY / DRIVE AWAY,,,,$500 OR LESS,2/24/2022 16:25,UNABLE TO DETERMINE,NOT APPLICABLE,1134,N,STATE ST,1824,,,,,,,2,NO INDICATION OF INJURY,0,0,0,0,0,2,0,10,5,2,41.90292802,-87.62868454,POINT (-87.628684540236 41.902928023496)
bee8bee57c47ccd65a9a8311f4479fb2d74ad48a6f6ca9418b2d87f1016d750f6695ed8596c99cac21e9e109b3ce037771dc6922a9701859d47ba204f3730309,JF183837,,3/23/2022 6:30,30,NO CONTROLS,NO CONTROLS,CLEAR,DAYLIGHT,ANGLE,NOT DIVIDED,,STRAIGHT AND LEVEL,DRY,NO DEFECTS,NOT ON SCENE (DESK REPORT),NO INJURY / DRIVE AWAY,,,,"$501 - $1,500",3/23/2022 14:42,FAILING TO YIELD RIGHT-OF-WAY,FAILING TO REDUCE SPEED TO AVOID CRASH,7161,W,ADDISON ST,1632,,,,,,,2,NO INDICATION OF INJURY,0,0,0,0,0,2,0,6,4,3,41.94517756,-87.80570929,POINT (-87.805709287519 41.945177558751)
b3044c8b26951fb9776529661fd14cf956f0d4bc6d4d4840db8e83a6df80eb3540c06377b607ed4383a1fa4fbc5e409a5e434b766b7b2968eebf033babed162f,JF176696,,3/17/2022 8:10,30,NO CONTROLS,NO CONTROLS,CLEAR,DAYLIGHT,SIDESWIPE SAME DIRECTION,OTHER,,STRAIGHT AND LEVEL,DRY,NO DEFECTS,ON SCENE,NO INJURY / DRIVE AWAY,,,,"OVER $1,500",3/17/2022 8:14,IMPROPER OVERTAKING/PASSING,FAILING TO YIELD RIGHT-OF-WAY,5451,S,INDIANA AVE,231,,,,,,,2,NO INDICATION OF INJURY,0,0,0,0,0,3,0,8,5,3,41.7950433,-87.62070729,POINT (-87.620707285264 41.795043300638)
b3853e9501bb23d250c73a8337f5bfffc7be2402f804b9d937beb2a6c567c07fb76cacb21acbfddf8fcec85d3ae78505f354ba9356eb9aaec2b681f77edc9fca,JF176722,,3/17/2022 8:26,30,TRAFFIC SIGNAL,FUNCTIONING PROPERLY,CLEAR,DAYLIGHT,PEDESTRIAN,NOT DIVIDED,,STRAIGHT AND LEVEL,DRY,UNKNOWN,ON SCENE,INJURY AND / OR TOW DUE TO CRASH,,,Y,"$501 - $1,500",3/17/2022 8:27,FAILING TO REDUCE SPEED TO AVOID CRASH,UNABLE TO DETERMINE,125,W,87TH ST,634,,,,,,,2,NONINCAPACITATING INJURY,1,0,0,1,0,1,0,8,5,3,41.73615914,-87.62778458,POINT (-87.627784584001 41.736159141056)
b3a8de8c227f0c52cd38ffc44c6bb1491210aaf178b8ab47192220c273310cd667b1b8d31f1356c19d14dd10a5279bdd0685eb93261c94a9f80e6d6ef8271e2f,JF177465,,3/17/2022 17:15,30,TRAFFIC SIGNAL,FUNCTIONING PROPERLY,CLEAR,DAYLIGHT,REAR END,DIVIDED - W/MEDIAN BARRIER,,STRAIGHT AND LEVEL,DRY,NO DEFECTS,NOT ON SCENE (DESK REPORT),NO INJURY / DRIVE AWAY,,,,"OVER $1,500",3/17/2022 18:05,UNABLE TO DETERMINE,UNABLE TO DETERMINE,233,S,WACKER DR,122,,,,,,,2,NO INDICATION OF INJURY,0,0,0,0,0,2,0,17,5,3,41.87856015,-87.63652387,POINT (-87.636523872055 41.878560153624)
92c7f6876307a82ee224fc7d7d0ec5920e4767907548a43386d522467a635861b3d37ef876339266ceb558a905dc127534df69ab7738086d68ed6297c67bb684,JF147709,,2/17/2022 16:34,30,STOP SIGN/FLASHER,FUNCTIONING PROPERLY,BLOWING SNOW,DAWN,REAR END,NOT DIVIDED,,STRAIGHT AND LEVEL,SNOW OR SLUSH,NO DEFECTS,ON SCENE,INJURY AND / OR TOW DUE TO CRASH,Y,,,"OVER $1,500",2/17/2022 16:34,WEATHER,DRIVING SKILLS/KNOWLEDGE/EXPERIENCE,1004,E,49TH ST,222,,,,,,,2,NO INDICATION OF INJURY,0,0,0,0,0,17,0,16,5,2,41.80606047,-87.6013591,POINT (-87.60135909754 41.806060470524)
ba66e3c7a455cf19d1e6bd16ea97cf467ccca6db9511fc16814bdae0025840614d16a7220d951a229c5d7f7082a7f42632de3ce58777bd7f64174335f9ea5483,JF161840,,3/3/2022 11:10,30,TRAFFIC SIGNAL,FUNCTIONING PROPERLY,CLEAR,DAYLIGHT,REAR END,NOT DIVIDED,,STRAIGHT AND LEVEL,DRY,NO DEFECTS,NOT ON SCENE (DESK REPORT),NO INJURY / DRIVE AWAY,,,,"OVER $1,500",3/3/2022 11:25,FOLLOWING TOO CLOSELY,UNABLE TO DETERMINE,1600,N,KILPATRICK AVE,2533,,,,,,,2,NO INDICATION OF INJURY,0,0,0,0,0,2,0,11,5,3,41.90979116,-87.74364427,POINT (-87.74364426761 41.909791161177)
bf2a810a508e22ac09e2f15f78acede3f85b14941b453d87b138d713a7e02b35c46b4826ddb93c3b182c0dcdb1f20761ef07d1d828d02d19d1ccb3fa9865c5cb,JE371547,,9/13/2021 8:25,40,NO CONTROLS,NO CONTROLS,CLEAR,DAYLIGHT,REAR END,DIVIDED - W/MEDIAN BARRIER,,STRAIGHT ON GRADE,DRY,NO DEFECTS,,NO INJURY / DRIVE AWAY,,,,"OVER $1,500",9/13/2021 8:27,FOLLOWING TOO CLOSELY,NOT APPLICABLE,1600,S,LAKE SHORE DR W,132,,,,,,,2,NO INDICATION OF INJURY,0,0,0,0,0,3,0,8,2,9,41.8602209,-87.61794334,POINT (-87.617943335642 41.860220895539)
935839fd4e691f279ee3c7d79e7fe7c07fa9216c82ad8cc6dbc055460ea2592adb95e5944885d99e5011dc2db44a560c21c6c04d48fa9515471c52b448c5be11,JF148580,,2/17/2022 15:10,30,UNKNOWN,UNKNOWN,CLEAR,DAYLIGHT,PARKED MOTOR VEHICLE,UNKNOWN,,STRAIGHT AND LEVEL,SNOW OR SLUSH,UNKNOWN,NOT ON SCENE (DESK REPORT),NO INJURY / DRIVE AWAY,,,,"OVER $1,500",2/18/2022 14:05,UNABLE TO DETERMINE,UNABLE TO DETERMINE,4859,S,LANGLEY AVE,223,,,,,,,2,NO INDICATION OF INJURY,0,0,0,0,0,1,0,15,5,2,41.8059541,-87.60876214,POINT (-87.60876213946 41.805954100529)
93d34565f4954cec05bb1aaa2f7701a03d301525e51e8e31626a3fce3bf46d9d9ad6e0430334aa9ed849c7a000bd7c383d7487704fb4bd298a726e7775e68521,JF147707,,2/17/2022 16:12,30,TRAFFIC SIGNAL,FUNCTIONING PROPERLY,SNOW,DAWN,REAR END,NOT DIVIDED,,STRAIGHT AND LEVEL,SNOW OR SLUSH,NO DEFECTS,NOT ON SCENE (DESK REPORT),NO INJURY / DRIVE AWAY,,,,"OVER $1,500",2/17/2022 17:05,FOLLOWING TOO CLOSELY,DRIVING SKILLS/KNOWLEDGE/EXPERIENCE,8900,S,GREENWOOD AVE,413,,,,,,,2,NO INDICATION OF INJURY,0,0,0,0,0,2,0,16,5,2,41.73300183,-87.59760846,POINT (-87.597608456233 41.733001834175)
93d7eba07a9e08b45eae538d895f7175df6caf5a3c7d49909baaaf142825a5da73ed064e0bbbc6cce1e94df21b14caf3cfe7cd5fdc840b5a9026e01a0548bda4,JF148418,,2/17/2022 18:00,30,TRAFFIC SIGNAL,FUNCTIONING PROPERLY,SNOW,DAYLIGHT,REAR END,DIVIDED - W/MEDIAN BARRIER,,STRAIGHT AND LEVEL,SNOW OR SLUSH,NO DEFECTS,NOT ON SCENE (DESK REPORT),NO INJURY / DRIVE AWAY,,,,"OVER $1,500",2/18/2022 11:35,FOLLOWING TOO CLOSELY,FAILING TO REDUCE SPEED TO AVOID CRASH,5439,W,DEVON AVE,1621,,,,,,,2,NO INDICATION OF INJURY,0,0,0,0,0,2,0,18,5,2,41.997236,-87.7653723,POINT (-87.765372304366 41.997235994611)
f0622d7734dd497c88c0c40404ffa317a92158c3316109674d42fc20d57ba863758e6a3173a0cf843549b43f3564a7c5210fbdd44083064192fedf8f25b569aa,JF172256,,3/10/2022 23:00,30,NO CONTROLS,NO CONTROLS,CLEAR,"DARKNESS, LIGHTED ROAD",PARKED MOTOR VEHICLE,NOT DIVIDED,,STRAIGHT ON GRADE,DRY,UNKNOWN,NOT ON SCENE (DESK REPORT),NO INJURY / DRIVE AWAY,,,Y,"$501 - $1,500",3/13/2022 7:15,FAILING TO REDUCE SPEED TO AVOID CRASH,UNABLE TO DETERMINE,3256,E,95TH ST,424,,,,,,,2,NO INDICATION OF INJURY,0,0,0,0,0,1,0,23,5,3,41.72295167,-87.5445717,POINT (-87.544571699882 41.722951667917)
0b8218927da1b4b6a914cf2064811768311da1a98c3fbf256ba8c5526d722f7950d071b1749ce19aaaca7cd6a25e9089984915d9d3b7df48b5bd03febbc1d909,JF193385,,3/22/2022 10:20,25,NO CONTROLS,NO CONTROLS,UNKNOWN,DAYLIGHT,PARKED MOTOR VEHICLE,NOT DIVIDED,,STRAIGHT AND LEVEL,UNKNOWN,UNKNOWN,NOT ON SCENE (DESK REPORT),NO INJURY / DRIVE AWAY,,,Y,"OVER $1,500",4/1/2022 9:00,UNABLE TO DETERMINE,UNABLE TO DETERMINE,502,W,44TH ST,925,,,,,,,2,NO INDICATION OF INJURY,0,0,0,0,0,1,0,10,3,3,41.81458729,-87.63852274,POINT (-87.638522737812 41.814587288833)