CRASH_RECORD_ID,RD_NO,CRASH_DATE_EST_I,CRASH_DATE,POSTED_SPEED_LIMIT,TRAFFIC_CONTROL_DEVICE,DEVICE_CONDITION,WEATHER_CONDITION,LIGHTING_CONDITION,FIRST_CRASH_TYPE,TRAFFICWAY_TYPE,LANE_CNT,ALIGNMENT,ROADWAY_SURFACE_COND,ROAD_DEFECT,REPORT_TYPE,CRASH_TYPE,INTERSECTION_RELATED_I,NOT_RIGHT_OF_WAY_I,HIT_AND_RUN_I,DAMAGE,DATE_POLICE_NOTIFIED,PRIM_CONTRIBUTORY_CAUSE,SEC_CONTRIBUTORY_CAUSE,STREET_NO,STREET_DIRECTION,STREET_NAME,BEAT_OF_OCCURRENCE,PHOTOS_TAKEN_I,STATEMENTS_TAKEN_I,DOORING_I,WORK_ZONE_I,WORK_ZONE_TYPE,WORKERS_PRESENT_I,NUM_UNITS,MOST_SEVERE_INJURY,INJURIES_TOTAL,INJURIES_FATAL,INJURIES_INCAPACITATING,INJURIES_NON_INCAPACITATING,INJURIES_REPORTED_NOT_EVIDENT,INJURIES_NO_INDICATION,INJURIES_UNKNOWN,CRASH_HOUR,CRASH_DAY_OF_WEEK,CRASH_MONTH,LATITUDE,LONGITUDE,LOCATION
9414467770fb5102a1f243b43ea81e11a87567838e094edf2cc643f59a87b694a42847b51e101205c39ad612e9f1913eee8190d8695a892b179605182d0e9a14,JF147704,,2/17/2022 15:30,25,STOP SIGN/FLASHER,FUNCTIONING PROPERLY,SNOW,DAYLIGHT,REAR END,ONE-WAY,,STRAIGHT AND LEVEL,SNOW OR SLUSH,NO DEFECTS,NOT ON SCENE (DESK REPORT),NO INJURY / DRIVE AWAY,,,,"$501 - $1,500",2/17/2022 17:00,UNABLE TO DETERMINE,NOT APPLICABLE,3614,N,OKETO AVE,1631,,,,,,,2,NO INDICATION OF INJURY,0,0,0,0,0,2,0,15,5,2,41.94563563,-87.8119974,POINT (-87.811997394524 41.945635630751)
8d02c6b059f79cd2d8d3ff5a25f784afaea055ef8f0d989e234247468cd7292d3ad6b1a453a00fade18fea0543eb492986abf9bf9cf83f05fa51a59749c57e9c,JF158611,,2/24/2022 18:30,25,NO CONTROLS,NO CONTROLS,SNOW,"DARKNESS, LIGHTED ROAD",PARKED MOTOR VEHICLE,ONE-WAY,,STRAIGHT AND LEVEL,SNOW OR SLUSH,NO DEFECTS,NOT ON SCENE (DESK REPORT),NO INJURY / DRIVE AWAY,,,,"OVER $1,500",2/28/2022 12:22,NOT APPLICABLE,NOT APPLICABLE,3527,W,60TH ST,823,,,,,,,2,NO INDICATION OF INJURY,0,0,0,0,0,1,0,18,5,2,41.78418891,-87.71166044,POINT (-87.711660437482 41.784188904807)
8d0ddd79463f22e93983a2139f7e88e9fc43a82be0ec9926fb8afe02f25347870944383d4052424f78b9d0009dc11e31254370cb52db9a15aaaf8f5a8e9cdce4,JF160165,,2/24/2022 21:15,30,TRAFFIC SIGNAL,FUNCTIONING PROPERLY,SNOW,DUSK,TURNING,DIVIDED - W/MEDIAN (NOT RAISED),,STRAIGHT AND LEVEL,SNOW OR SLUSH,NO DEFECTS,NOT ON SCENE (DESK REPORT),NO INJURY / DRIVE AWAY,Y,,Y,"OVER $1,500",3/1/2022 18:30,IMPROPER TURNING/NO SIGNAL,FAILING TO REDUCE SPEED TO AVOID CRASH,201,W,HUBBARD ST,1831,,,,,,,2,NO INDICATION OF INJURY,0,0,0,0,0,2,0,21,5,2,41.88987194,-87.63410117,POINT (-87.634101167966 41.889871939025)
0c5400e4b66931e2fb6d4901e4000777398c81ea48a3ef6ab057b1883551763605c26fb846c88265a185c6b9275c061dba7c847a8839d0d8f16c1c7de1a0d808,,,4/1/2022 14:58,30,TRAFFIC SIGNAL,FUNCTIONING PROPERLY,CLEAR,DAYLIGHT,TURNING,NOT DIVIDED,,STRAIGHT AND LEVEL,DRY,NO DEFECTS,ON SCENE,INJURY AND / OR TOW DUE TO CRASH,Y,,,"OVER $1,500",4/1/2022 14:58,FAILING TO REDUCE SPEED TO AVOID CRASH,NOT APPLICABLE,2402,W,FULLERTON AVE,1431,,,,,,,4,NONINCAPACITATING INJURY,1,0,0,1,0,4,0,14,6,4,41.92500928,-87.68778345,POINT (-87.687783447567 41.925009282076)
9486eca66e82080e0dd5f1d48af23fc74c29e65b6e503821d175f921b14107eaded1f4ba98a15b380b71a1632bf293dd47b77971f3d695f3314899606d21d297,JF147816,,2/17/2022 18:00,30,TRAFFIC SIGNAL,FUNCTIONING PROPERLY,SNOW,DUSK,REAR END,NOT DIVIDED,,STRAIGHT AND LEVEL,SNOW OR SLUSH,NO DEFECTS,NOT ON SCENE (DESK REPORT),NO INJURY / DRIVE AWAY,Y,,,"$501 - $1,500",2/17/2022 18:15,WEATHER,WEATHER,4800,W,DIVERSEY AVE,2521,,,,,,,2,NO INDICATION OF INJURY,0,0,0,0,0,2,0,18,5,2,41.93164142,-87.74671991,POINT (-87.746719910646 41.931641420407)
b3bea3379924fa2db3f5e29a5f58a8affda5e659643b9755d7ca19fb1affc8972f61cec67fda61c059a6cc5d67317dafb7ae7c8cd847c5c6b5cfd0d77e3cc2ea,JF177272,,3/17/2022 14:00,30,NO CONTROLS,NO CONTROLS,CLEAR,DAYLIGHT,PARKED MOTOR VEHICLE,DIVIDED - W/MEDIAN (NOT RAISED),,STRAIGHT AND LEVEL,DRY,NO DEFECTS,ON SCENE,NO INJURY / DRIVE AWAY,,,Y,"OVER $1,500",3/17/2022 15:42,IMPROPER LANE USAGE,UNABLE TO DETERMINE,1051,N,ASHLAND AVE,1213,,,,,,,2,NO INDICATION OF INJURY,0,0,0,0,0,1,0,14,5,3,41.90119217,-87.66728673,POINT (-87.667286725257 41.901192166338)
8e387f79342cb7afc49c726e7ca0bf5a5782793a8b35ea39cddd6f1eabc611d1788a1f5aeb431818aab7e1e4a02aabf936fd470a1b24bc50ea433ffb9c972a4f,JF154826,,2/24/2022 15:45,30,NO CONTROLS,NO CONTROLS,SNOW,DAYLIGHT,REAR END,NOT DIVIDED,,STRAIGHT AND LEVEL,SNOW OR SLUSH,UNKNOWN,NOT ON SCENE (DESK REPORT),NO INJURY / DRIVE AWAY,,,Y,"OVER $1,500",2/24/2022 16:10,FOLLOWING TOO CLOSELY,WEATHER,1435,W,MARQUETTE RD,725,,,,,,,2,NO INDICATION OF INJURY,0,0,0,0,0,2,0,15,5,2,41.77213334,-87.66051809,POINT (-87.66051808871 41.772133337818)
95c9ffca8aa133f13c00ca3ea3762cccb35ff17690565ec94d7f734f5ba07e46b5227d8cf69ba1208e4b7f9066c992133b503c64f59b53ffa343990b617b85f6,JF147648,,2/17/2022 15:56,30,TRAFFIC SIGNAL,FUNCTIONING PROPERLY,SNOW,DAYLIGHT,REAR END,NOT DIVIDED,,STRAIGHT AND LEVEL,SNOW OR SLUSH,NO DEFECTS,NOT ON SCENE (DESK REPORT),NO INJURY / DRIVE AWAY,,,Y,"OVER $1,500",2/17/2022 16:30,FOLLOWING TOO CLOSELY,UNABLE TO DETERMINE,1201,W,JACKSON BLVD,1231,,,,,,,2,NO INDICATION OF INJURY,0,0,0,0,0,2,0,15,5,2,41.87768033,-87.65713779,POINT (-87.657137785988 41.877680330709)
111efe301211e1008a7e3eaffdd522ed5abc5c02ca1262ca4c53d6e9cb5bae41cb448d3b2927c597a05ec59ee36ecdcebeaf2eac0d5caa0346c33563f8b07e24,JF178152,Y,3/18/2022 0:00,30,NO CONTROLS,NO CONTROLS,CLEAR,"DARKNESS, LIGHTED ROAD",PARKED MOTOR VEHICLE,NOT DIVIDED,,STRAIGHT AND LEVEL,DRY,NO DEFECTS,ON SCENE,NO INJURY / DRIVE AWAY,,,Y,"$501 - $1,500",3/18/2022 10:35,UNABLE TO DETERMINE,UNABLE TO DETERMINE,554,N,LARAMIE AVE,1523,,,,,,,2,NO INDICATION OF INJURY,0,0,0,0,0,1,0,0,6,3,41.89056563,-87.75558587,POINT (-87.755585874328 41.890565633843)
10ba32efa05edfc6306c8d193a7344358c90796765e714ece053a5eafacb3f66cc523e7d200ee9bdc7d6c95fe23941b88bc1b34cd2190d74f5b1cbf349e9a5b2,JF177828,,3/18/2022 4:40,35,NO CONTROLS,NO CONTROLS,CLEAR,"DARKNESS, LIGHTED ROAD",FIXED OBJECT,DIVIDED - W/MEDIAN BARRIER,,STRAIGHT AND LEVEL,DRY,NO DEFECTS,ON SCENE,INJURY AND / OR TOW DUE TO CRASH,,,,"OVER $1,500",3/18/2022 4:47,UNABLE TO DETERMINE,NOT APPLICABLE,415,W,CERMAK RD,914,,,,,,,1,NO INDICATION OF INJURY,0,0,0,0,0,1,0,4,6,3,41.85269411,-87.63756722,POINT (-87.637567215636 41.852694108094)
122d81d80e91d040dc3449f1ca89357395f12deecfb0e1352f054cbdd96f48a811ff7a6b7a12ea4aef2d4f053e22bbcd4d74689faf8d4641ab26a2d86a525505,JF178487,,3/18/2022 16:30,30,NO CONTROLS,NO CONTROLS,RAIN,DAYLIGHT,SIDESWIPE OPPOSITE DIRECTION,ALLEY,,STRAIGHT AND LEVEL,WET,NO DEFECTS,NOT ON SCENE (DESK REPORT),NO INJURY / DRIVE AWAY,,,,$500 OR LESS,3/18/2022 16:35,FAILING TO YIELD RIGHT-OF-WAY,NOT APPLICABLE,2410,W,FILLMORE ST,1135,,,,,,,2,NO INDICATION OF INJURY,0,0,0,0,0,2,0,16,6,3,41.86853532,-87.6865898,POINT (-87.686589801488 41.868535317171)
96aa9df1d3e14f24057fe3bf7ed256406dfcb316176c2ac28d730915a2dd677d44bd6b44de636db2c7338140cbf13d70be6d292726ba9d488535be6700a92477,JF147631,,2/17/2022 16:05,30,TRAFFIC SIGNAL,FUNCTIONING PROPERLY,SNOW,DAYLIGHT,FIXED OBJECT,T-INTERSECTION,,STRAIGHT AND LEVEL,SNOW OR SLUSH,NO DEFECTS,ON SCENE,INJURY AND / OR TOW DUE TO CRASH,Y,,,"OVER $1,500",2/17/2022 16:13,WEATHER,NOT APPLICABLE,1800,S,WENTWORTH AVE,914,,,,,,,1,NO INDICATION OF INJURY,0,0,0,0,0,1,0,16,5,2,41.85774375,-87.63203906,POINT (-87.632039062819 41.857743750896)
c3d088606ab12f711ad4c80f00c671383ad7eeacccbe9f581905c9a5e0577168e9497f3c5184b8a93bf7fd9edc672f278a9049b7e9ded9c6e6ad1157c85c219b,JF185178,,3/23/2022 17:30,30,UNKNOWN,UNKNOWN,UNKNOWN,DAYLIGHT,SIDESWIPE SAME DIRECTION,NOT DIVIDED,,STRAIGHT AND LEVEL,UNKNOWN,UNKNOWN,NOT ON SCENE (DESK REPORT),NO INJURY / DRIVE AWAY,,,,"OVER $1,500",3/24/2022 15:50,UNABLE TO DETERMINE,NOT APPLICABLE,570,N,WELLS ST,1831,,,,,,,2,NO INDICATION OF INJURY,0,0,0,0,0,2,0,17,4,3,41.89234474,-87.63423343,POINT (-87.63423343428 41.892344738115)
c3e085295fb202d7a407eb0d74719df5e53f24e59ab377752672abb04d6996efdd0647a7bf56203854fa945373e581fd0f373267b08fca0be6bda09563cffbd2,JF184048,,3/23/2022 15:45,30,NO CONTROLS,NO CONTROLS,RAIN,DAYLIGHT,ANGLE,PARKING LOT,,STRAIGHT AND LEVEL,WET,NO DEFECTS,NOT ON SCENE (DESK REPORT),NO INJURY / DRIVE AWAY,,Y,,"$501 - $1,500",3/23/2022 16:17,NOT APPLICABLE,NOT APPLICABLE,2302,W,95TH ST,2221,,,,,,,2,NO INDICATION OF INJURY,0,0,0,0,0,2,0,15,4,3,41.72108295,-87.67978068,POINT (-87.679780676097 41.72108295396)
96e920dba9a0c3b1e921209fcee7412fd2f889449ea9dd035e1369da6da8a75943b84d3fd917598b536355d374bc28c8880a654f37f6cca6baf844a67cde6964,JF148894,,2/17/2022 17:00,30,TRAFFIC SIGNAL,FUNCTIONING PROPERLY,CLEAR,DAYLIGHT,REAR END,DIVIDED - W/MEDIAN (NOT RAISED),,STRAIGHT AND LEVEL,SNOW OR SLUSH,NO DEFECTS,NOT ON SCENE (DESK REPORT),NO INJURY / DRIVE AWAY,Y,,,$500 OR LESS,2/18/2022 18:30,UNABLE TO DETERMINE,NOT APPLICABLE,5558,W,WASHINGTON BLVD,1523,,,,,,,2,NO INDICATION OF INJURY,0,0,0,0,0,2,0,17,5,2,41.8823547,-87.7648443,POINT (-87.76484430293 41.882354697291)
c43e993544b328d2439c4715eeaaab9c50ce9fb4d5710184b0f47e1632c223c007b7776254ccdf761f79dedaa54917fdae3a3f6f67385f96d30696d918d7623c,JF184101,,3/23/2022 16:27,15,NO CONTROLS,NO CONTROLS,RAIN,DUSK,PARKED MOTOR VEHICLE,DIVIDED - W/MEDIAN BARRIER,,STRAIGHT AND LEVEL,WET,NO DEFECTS,ON SCENE,INJURY AND / OR TOW DUE TO CRASH,,,Y,"OVER $1,500",3/23/2022 16:28,NOT APPLICABLE,NOT APPLICABLE,4804,W,MADISON ST,1533,,,,,,,2,NO INDICATION OF INJURY,0,0,0,0,0,1,0,16,4,3,41.88060451,-87.74553984,POINT (-87.74553984217 41.880604507281)
906131d0fdb54f5753536c9e19ee282b6d84a47a148bd38a98a630338a6f3bcd3cc63e3cb3d83ee9e6a992888562bc1cef12c8d68b518061a14bc1dc9698e323,JF154958,,2/24/2022 15:45,25,TRAFFIC SIGNAL,FUNCTIONING PROPERLY,UNKNOWN,DAYLIGHT,SIDESWIPE SAME DIRECTION,NOT DIVIDED,,STRAIGHT AND LEVEL,UNKNOWN,UNKNOWN,NOT ON SCENE (DESK REPORT),NO INJURY / DRIVE AWAY,,,,"$501 - $1,500",2/24/2022 17:40,UNABLE TO DETERMINE,NOT APPLICABLE,7000,W,DIVERSEY AVE,2511,,,,,,,3,NO INDICATION OF INJURY,0,0,0,0,0,3,0,15,5,2,41.93092736,-87.80107212,POINT (-87.80107211457 41.930927357921)
b6869ae59c6a8a763430a4a80a93a2abae4808f716bdfcb30e653ea5d0be8b063c69f1aa1bcf6c4e48939be34dce7d7fa6120d5c4e543fcb73e4e4a49b9e76d1,JF179924,,3/17/2022 8:30,30,STOP SIGN/FLASHER,FUNCTIONING PROPERLY,CLEAR,DAYLIGHT,REAR END,DIVIDED - W/MEDIAN (NOT RAISED),,STRAIGHT AND LEVEL,DRY,NO DEFECTS,NOT ON SCENE (DESK REPORT),INJURY AND / OR TOW DUE TO CRASH,,,,"$501 - $1,500",3/17/2022 11:20,FAILING TO REDUCE SPEED TO AVOID CRASH,UNABLE TO DETERMINE,4731,N,DAMEN AVE,1912,,,,,,,2,"REPORTED, NOT EVIDENT",1,0,0,0,1,1,0,8,5,3,41.96779201,-87.67901104,POINT (-87.679011043105 41.967792005317)
b687feb0084b069cfcd01570b7c9a5f6fdbf299be1823092efc8b65fb104951043c2737cf1642688fb16f28c1167ae4c094d613746f9a993447238eb71bb61b3,JF177240,,3/17/2022 15:19,30,NO CONTROLS,NO CONTROLS,CLEAR,DAYLIGHT,ANGLE,NOT DIVIDED,,STRAIGHT AND LEVEL,DRY,NO DEFECTS,ON SCENE,INJURY AND / OR TOW DUE TO CRASH,,,,"OVER $1,500",3/17/2022 15:36,FAILING TO YIELD RIGHT-OF-WAY,DRIVING SKILLS/KNOWLEDGE/EXPERIENCE,4355,W,LE MOYNE ST,2534,,,,,,,2,"REPORTED, NOT EVIDENT",1,0,0,0,1,1,0,15,5,3,41.90752356,-87.73604476,POINT (-87.736044757956 41.907523558466)
c453c07c53abffd67f95d5c230c4dd97478edce6e44f9db73f93f69abb14cfff28f996a0a4b87811b7eecd5f753d73e22e7964e218a313a543722ab8584f4278,JD333530,,8/14/2020 9:45,30,STOP SIGN/FLASHER,FUNCTIONING PROPERLY,CLEAR,DAYLIGHT,ANGLE,DIVIDED - W/MEDIAN (NOT RAISED),,STRAIGHT AND LEVEL,DRY,NO DEFECTS,,NO INJURY / DRIVE AWAY,,,,"$501 - $1,500",8/15/2020 12:00,UNABLE TO DETERMINE,UNABLE TO DETERMINE,1000,E,53RD ST,233,,,,,,,2,NO INDICATION OF INJURY,0,0,0,0,0,3,0,9,6,8,41.79951395,-87.60126683,POINT (-87.601266829382 41.799513947471)
b76f2e273b47a9e75963b862f539b90a9f765f2ddf34196422634b0356fa52a93aa5f89b14a99b0846d31cbc5e7f80efbc160811e51da83a2caabf3b1a0941b3,JF177687,,3/17/2022 22:04,25,OTHER,OTHER,CLEAR,DUSK,REAR TO FRONT,PARKING LOT,,STRAIGHT AND LEVEL,DRY,NO DEFECTS,ON SCENE,NO INJURY / DRIVE AWAY,,,,"OVER $1,500",3/17/2022 22:40,UNABLE TO DETERMINE,NOT APPLICABLE,6248,N,CALIFORNIA AVE,2413,,,,,,,2,NO INDICATION OF INJURY,0,0,0,0,0,2,0,22,5,3,41.99539959,-87.69971134,POINT (-87.699711339318 41.99539958897)
b7c3ecf87bb1b68ef0f8017bcec29824cd1ef325c06abb1ee42aebc908fd97b8e3994f6c818d4e155339e34915d7360a87aed6aa563bdbda5e5c4a1b34be4278,JF176721,,3/17/2022 8:30,30,NO CONTROLS,NO CONTROLS,CLEAR,DAYLIGHT,REAR END,DIVIDED - W/MEDIAN (NOT RAISED),,STRAIGHT AND LEVEL,DRY,NO DEFECTS,ON SCENE,INJURY AND / OR TOW DUE TO CRASH,,,,"OVER $1,500",3/17/2022 8:34,UNABLE TO DETERMINE,UNABLE TO DETERMINE,3213,N,PULASKI RD,1732,,,,,,,2,"REPORTED, NOT EVIDENT",1,0,0,0,1,2,0,8,5,3,41.93949369,-87.72704982,POINT (-87.727049817011 41.939493686408)
98b348e2ac9d0ce72427bdceb34cf7a7f8db00e62cafd28c1597038b315d31cb8f08301c452bdf81595fc0314f40293310c9705186d2d25033db35ea629d53d6,JF147544,,2/17/2022 15:10,25,TRAFFIC SIGNAL,FUNCTIONING PROPERLY,SNOW,DAYLIGHT,TURNING,FOUR WAY,,STRAIGHT AND LEVEL,SNOW OR SLUSH,NO DEFECTS,NOT ON SCENE (DESK REPORT),NO INJURY / DRIVE AWAY,Y,,,"$501 - $1,500",2/17/2022 15:30,WEATHER,NOT APPLICABLE,2358,W,107TH ST,2212,,,,,,,2,NO INDICATION OF INJURY,0,0,0,0,0,2,0,15,5,2,41.69918491,-87.68131529,POINT (-87.681315284502 41.699184911129)
f3d5cd982193511b2a41d0cda25e5fa06649874b722b13029023da1c50bf5c43bcaa7001a67ab3714bc514c41caf66be6966c44f0f0da0acaa70392df5c7af3b,JF169561,,3/10/2022 15:32,30,NO CONTROLS,NO CONTROLS,CLEAR,DAYLIGHT,PEDESTRIAN,NOT DIVIDED,,STRAIGHT AND LEVEL,DRY,UNKNOWN,,INJURY AND / OR TOW DUE TO CRASH,,,Y,"$501 - $1,500",3/10/2022 15:47,NOT APPLICABLE,NOT APPLICABLE,4016,W,LAWRENCE AVE,1712,,,,,,,2,NONINCAPACITATING INJURY,1,0,0,1,0,1,0,15,5,3,41.96834338,-87.72877439,POINT (-87.72877439022 41.968343384153)
bd41509d772c7a49eaa8c401ab3db3e96182b43318f9adf183adc67435e4723ee1d059633764a395fec327963ae68660bff430015bddbc3ebeed3ba72fd392b8,JF162154,,3/3/2022 15:00,15,OTHER,FUNCTIONING PROPERLY,CLEAR,DAYLIGHT,REAR END,DIVIDED - W/MEDIAN (NOT RAISED),,STRAIGHT AND LEVEL,DRY,NO DEFECTS,NOT ON SCENE (DESK REPORT),NO INJURY / DRIVE AWAY,,,,"$501 - $1,500",3/3/2022 16:20,IMPROPER BACKING,UNABLE TO DETERMINE,6700,S,SOUTH SHORE DR,331,,,,,,,2,NO INDICATION OF INJURY,0,0,0,0,0,2,0,15,5,3,41.77343857,-87.56689931,POINT (-87.566899305833 41.773438566009)
b891afaa53c640de556f1800a9f7dc2de95c802184b92d454683281ac22493f0e70c0c1b4fb34cf0374d1241a9e42ac29f03468abed47f9ca9f40cfb0fcc0067,JF177410,,3/17/2022 17:13,35,NO CONTROLS,NO CONTROLS,CLEAR,DAYLIGHT,REAR END,NOT DIVIDED,,STRAIGHT AND LEVEL,DRY,NO DEFECTS,ON SCENE,NO INJURY / DRIVE AWAY,,,,"OVER $1,500",3/17/2022 17:15,FOLLOWING TOO CLOSELY,NOT APPLICABLE,3501,W,LAWRENCE AVE,1723,,,,,,,2,NO INDICATION OF INJURY,0,0,0,0,0,2,0,17,5,3,41.96826586,-87.71586772,POINT (-87.71586772009 41.968265859038)
b8f079578c8df72ad7f5f8bd00284de560641c5e4a72d0ecdc4c1bc97d28c38a2a128d9c90450cc148bc8b21c557eb3d02aa8dfd044e2968e7f34e5f58d10031,JF177757,,3/17/2022 23:05,30,NO CONTROLS,NO CONTROLS,CLEAR,"DARKNESS, LIGHTED ROAD",FIXED OBJECT,DIVIDED - W/MEDIAN BARRIER,,STRAIGHT ON GRADE,DRY,UNKNOWN,ON SCENE,INJURY AND / OR TOW DUE TO CRASH,,N,Y,"OVER $1,500",3/17/2022 23:07,"OPERATING VEHICLE IN ERRATIC, RECKLESS, CARELESS, NEGLIGENT OR AGGRESSIVE MANNER",UNABLE TO DETERMINE,227,E,ROOSEVELT RD,132,,,,,,,1,NO INDICATION OF INJURY,0,0,0,0,0,1,0,23,5,3,41.86739026,-87.62132654,POINT (-87.621326538741 41.867390259189)
f4f8a2f99b6a18168086b4b29a7433993464033d214388868b699659e82406928df0e454bab234573cef1e6e08eb0ed00e7eef3912ff7e351a2de87f9e8c6093,JF169457,,3/10/2022 14:30,30,NO CONTROLS,NO CONTROLS,CLEAR,DAYLIGHT,PARKED MOTOR VEHICLE,ONE-WAY,,STRAIGHT AND LEVEL,DRY,NO DEFECTS,NOT ON SCENE (DESK REPORT),NO INJURY / DRIVE AWAY,,,Y,"OVER $1,500",3/10/2022 15:00,UNABLE TO DETERMINE,UNABLE TO DETERMINE,13,N,PINE AVE,1522,,,,,,,2,NO INDICATION OF INJURY,0,0,0,0,0,1,0,14,5,3,41.88071896,-87.76305684,POINT (-87.763056843955 41.880718961762)
c6e09087e08d6f5a9d8c93d9c052d796c0607a404431b76cd966f86f679fe0f4a0c70ac15345dc071c78b3809d00f472535fd5f490ee7d3b5ed4aca813842a8d,JF184099,,3/23/2022 16:30,30,NO CONTROLS,NO CONTROLS,RAIN,DAYLIGHT,PEDALCYCLIST,NOT DIVIDED,,STRAIGHT AND LEVEL,WET,NO DEFECTS,ON SCENE,INJURY AND / OR TOW DUE TO CRASH,,,,$500 OR LESS,3/23/2022 16:35,UNABLE TO DETERMINE,NOT APPLICABLE,2240,W,AINSLIE ST,2031,,,,,,,2,"REPORTED, NOT EVIDENT",1,0,0,0,1,1,0,16,4,3,41.97058994,-87.68572109,POINT (-87.685721085205 41.970589942686)
b937d53b6dd9eb72644b26a5db45a94148872fe2e2bb84378a0391f5a171da70821e912340abe0d5333c438b84c88967a9dc779c9b7547cb3e59e45f49fb6e18,JF177498,,3/17/2022 17:30,30,NO CONTROLS,NO CONTROLS,CLEAR,DAYLIGHT,TURNING,NOT DIVIDED,,STRAIGHT AND LEVEL,DRY,NO DEFECTS,NOT ON SCENE (DESK REPORT),NO INJURY / DRIVE AWAY,Y,,,"OVER $1,500",3/17/2022 18:40,FAILING TO YIELD RIGHT-OF-WAY,UNABLE TO DETERMINE,5100,S,JUSTINE ST,934,,,,,,,2,NO INDICATION OF INJURY,0,0,0,0,0,2,0,17,5,3,41.80124168,-87.66370265,POINT (-87.663702654164 41.801241683799)
bf3cf2b1825ed23a9456f2b7ff6345290aa2f63b797d7346e1df076587b27e4a1cc3a6dbbeaab8c0e974d6bba8a90e5f9f3947cab2aedeafa825e852a69ddf40,JF162324,,3/3/2022 17:30,30,TRAFFIC SIGNAL,FUNCTIONING PROPERLY,CLEAR,DAYLIGHT,TURNING,FOUR WAY,,STRAIGHT AND LEVEL,DRY,NO DEFECTS,NOT ON SCENE (DESK REPORT),INJURY AND / OR TOW DUE TO CRASH,Y,,Y,"OVER $1,500",3/3/2022 18:40,DISREGARDING TRAFFIC SIGNALS,FAILING TO REDUCE SPEED TO AVOID CRASH,9500,S,WENTWORTH AVE,511,,,,,,,2,NO INDICATION OF INJURY,0,0,0,0,0,2,0,17,5,3,41.72156745,-87.62880904,POINT (-87.628809038591 41.721567447856)
f6a82d7f2d233b578f42a417e7c9e70bb9617a91008f7f96e9beda6344f9f61f8e52b4ebd0cc7631d062ff19a5a5c108d2ecc85aed0f2baa007e6c5ec6770942,JF170378,,3/10/2022 13:00,35,NO CONTROLS,NO CONTROLS,UNKNOWN,UNKNOWN,TURNING,PARKING LOT,,STRAIGHT AND LEVEL,UNKNOWN,UNKNOWN,NOT ON SCENE (DESK REPORT),NO INJURY / DRIVE AWAY,,,,"$501 - $1,500",3/11/2022 13:00,UNABLE TO DETERMINE,UNABLE TO DETERMINE,8700,S,STATE ST,632,,,,,,,2,NO INDICATION OF INJURY,0,0,0,0,0,2,0,13,5,3,41.73620947,-87.62430552,POINT (-87.624305519124 41.736209469449)
93cadc9ee097b725373313e2415f926b9c1b03570f5e31bb437822daf96eef564c7d694873dad30944232094f48f5a2fc4f5f29ce8a78ef7e64770d346527d9d,JF155060,N,2/24/2022 19:20,30,NO CONTROLS,NO CONTROLS,SNOW,DUSK,PARKED MOTOR VEHICLE,NOT DIVIDED,,STRAIGHT AND LEVEL,SNOW OR SLUSH,NO DEFECTS,ON SCENE,NO INJURY / DRIVE AWAY,,,N,"OVER $1,500",2/24/2022 19:25,UNABLE TO DETERMINE,UNABLE TO DETERMINE,2253,W,24TH ST,1034,,,,,,,2,NO INDICATION OF INJURY,0,0,0,0,0,1,0,19,5,2,41.84833077,-87.6827739,POINT (-87.682773902875 41.84833076634)
9b803dda780ed25a255af3452890c41f8433fc99ff1300c9f7354d4b250227bdf9e2f87b715ebb84de95c4d274ed6a15166b54641aef2c119886533cd24635a7,JF147619,,2/17/2022 16:00,30,NO CONTROLS,NO CONTROLS,SNOW,DAYLIGHT,REAR END,NOT DIVIDED,,STRAIGHT AND LEVEL,SNOW OR SLUSH,NO DEFECTS,ON SCENE,INJURY AND / OR TOW DUE TO CRASH,,,Y,"$501 - $1,500",2/17/2022 16:00,UNABLE TO DETERMINE,NOT APPLICABLE,2702,S,ASHLAND AVE,912,,,,,,,2,"REPORTED, NOT EVIDENT",1,0,0,0,1,1,0,16,5,2,41.84301208,-87.66598952,POINT (-87.66598951505 41.843012078913)
ba96398ded4796ccfbb66c6ffa9635c130aad5230676e23f0e599bda5c9c5252d611a9839ef7e7940339b84cc6b8663496d98b28fefbfdbbe2d348b45d9545f6,JF176887,,3/17/2022 12:33,30,TRAFFIC SIGNAL,FUNCTIONING PROPERLY,CLEAR,DAYLIGHT,TURNING,DIVIDED - W/MEDIAN (NOT RAISED),,STRAIGHT AND LEVEL,DRY,NO DEFECTS,ON SCENE,INJURY AND / OR TOW DUE TO CRASH,Y,,,"OVER $1,500",3/17/2022 12:33,FAILING TO YIELD RIGHT-OF-WAY,NOT APPLICABLE,6300,S,ASHLAND AVE,725,,,,,,,2,"REPORTED, NOT EVIDENT",1,0,0,0,1,1,0,12,5,3,41.77937222,-87.66436535,POINT (-87.664365347416 41.779372220485)
9bccb83338ae3ff00a07f45e3f8c6e14d5c55474d8d6607908c903e7a4d70683dbc448b887db54c4f372bf32f63d2e9404310b6023b76f4ede932db690c37d33,JF148016,,2/17/2022 21:31,30,TRAFFIC SIGNAL,UNKNOWN,SNOW,"DARKNESS, LIGHTED ROAD",ANGLE,NOT DIVIDED,,STRAIGHT AND LEVEL,SNOW OR SLUSH,UNKNOWN,ON SCENE,INJURY AND / OR TOW DUE TO CRASH,Y,,,"OVER $1,500",2/17/2022 21:59,WEATHER,WEATHER,2000,W,BELMONT AVE,1921,,,,,,,2,NO INDICATION OF INJURY,0,0,0,0,0,2,0,21,5,2,41.93968119,-87.67847877,POINT (-87.678478772739 41.939681194318)