CRASH_RECORD_ID,RD_NO,CRASH_DATE_EST_I,CRASH_DATE,POSTED_SPEED_LIMIT,TRAFFIC_CONTROL_DEVICE,DEVICE_CONDITION,WEATHER_CONDITION,LIGHTING_CONDITION,FIRST_CRASH_TYPE,TRAFFICWAY_TYPE,LANE_CNT,ALIGNMENT,ROADWAY_SURFACE_COND,ROAD_DEFECT,REPORT_TYPE,CRASH_TYPE,INTERSECTION_RELATED_I,NOT_RIGHT_OF_WAY_I,HIT_AND_RUN_I,DAMAGE,DATE_POLICE_NOTIFIED,PRIM_CONTRIBUTORY_CAUSE,SEC_CONTRIBUTORY_CAUSE,STREET_NO,STREET_DIRECTION,STREET_NAME,BEAT_OF_OCCURRENCE,PHOTOS_TAKEN_I,STATEMENTS_TAKEN_I,DOORING_I,WORK_ZONE_I,WORK_ZONE_TYPE,WORKERS_PRESENT_I,NUM_UNITS,MOST_SEVERE_INJURY,INJURIES_TOTAL,INJURIES_FATAL,INJURIES_INCAPACITATING,INJURIES_NON_INCAPACITATING,INJURIES_REPORTED_NOT_EVIDENT,INJURIES_NO_INDICATION,INJURIES_UNKNOWN,CRASH_HOUR,CRASH_DAY_OF_WEEK,CRASH_MONTH,LATITUDE,LONGITUDE,LOCATION
baa88b45ddd593b2439f203ffded71fa52dd0b8a72af5ea80aa2c47f29717e09969df9630b11a08e4b9c573c3a5c08c78c9d24806c39dd0ac3b9adc2d122bdc7,JF176624,,3/17/2022 6:00,30,TRAFFIC SIGNAL,FUNCTIONING PROPERLY,CLEAR,DAYLIGHT,REAR END,NOT DIVIDED,,STRAIGHT AND LEVEL,DRY,NO DEFECTS,NOT ON SCENE (DESK REPORT),INJURY AND / OR TOW DUE TO CRASH,,,,"OVER $1,500",3/17/2022 6:33,FAILING TO REDUCE SPEED TO AVOID CRASH,FOLLOWING TOO CLOSELY,2624,E,100TH ST,431,,,,,,,2,"REPORTED, NOT EVIDENT",1,0,0,0,1,1,0,6,5,3,41.7136017,-87.55983874,POINT (-87.55983874422 41.713601699637)
c08a0324ae6d02a6383300c40c97aa40b369c822a187eed88f735969a400441fa844069694e01a6067eb557bc8b68800ad62d16409a3d7342da9bfee6ed2966a,JF162134,Y,3/3/2022 11:16,30,NO CONTROLS,NO CONTROLS,CLEAR,DAYLIGHT,REAR END,ONE-WAY,,STRAIGHT AND LEVEL,DRY,NO DEFECTS,NOT ON SCENE (DESK REPORT),NO INJURY / DRIVE AWAY,,,,"OVER $1,500",3/3/2022 15:45,UNABLE TO DETERMINE,UNABLE TO DETERMINE,67,E,MONROE ST,112,,,,,,,2,NO INDICATION OF INJURY,0,0,0,0,0,2,0,11,5,3,41.88069802,-87.62521258,POINT (-87.625212580202 41.880698015879)
9be4c9d3870c116cc6db00e3d011efede6d99db52b64d1b3424fe338bd76665bf7b3b6e756c91d98a91974a86b160a9376d8ba0e2b63e7257a87fa9ffa47fe68,JF147740,,2/17/2022 14:40,25,NO CONTROLS,NO CONTROLS,SNOW,DAYLIGHT,PEDESTRIAN,DIVIDED - W/MEDIAN BARRIER,,STRAIGHT AND LEVEL,SNOW OR SLUSH,NO DEFECTS,ON SCENE,INJURY AND / OR TOW DUE TO CRASH,,,Y,$500 OR LESS,2/17/2022 16:34,UNABLE TO DETERMINE,NOT APPLICABLE,618,E,81ST ST,631,,,,,,,2,NONINCAPACITATING INJURY,1,0,0,1,0,1,0,14,5,2,41.74766879,-87.60916902,POINT (-87.609169017058 41.74766879205)
f79d03d3ccffe05ee1f1a5a2cc0968e448c1b4af10811622108862ce55d81fd5d7a2d523986bd66da58336711da4742fc8e1eb1e6b35f1a2cb09f7e84eb20ff2,JF169430,,3/10/2022 14:15,20,NO CONTROLS,NO CONTROLS,CLEAR,DAYLIGHT,SIDESWIPE SAME DIRECTION,DIVIDED - W/MEDIAN BARRIER,,STRAIGHT AND LEVEL,DRY,NO DEFECTS,NOT ON SCENE (DESK REPORT),NO INJURY / DRIVE AWAY,,,,"OVER $1,500",3/10/2022 14:45,IMPROPER OVERTAKING/PASSING,NOT APPLICABLE,5005,S,ASHLAND AVE,933,,,,,,,2,NO INDICATION OF INJURY,0,0,0,0,0,2,0,14,5,3,41.80293871,-87.66467188,POINT (-87.664671882774 41.80293871445)
baf1dda0b144f87800faa9449891de9242ba3ab4232bcbf17bc43fd9b053b1b1210d979e315a2fe638e5b3d8ca2c8d8bd788a2ee909a5b9050dd7015e31b42fd,,,3/31/2022 22:24,25,NO CONTROLS,NO CONTROLS,SNOW,"DARKNESS, LIGHTED ROAD",TURNING,DIVIDED - W/MEDIAN (NOT RAISED),,STRAIGHT AND LEVEL,WET,NO DEFECTS,ON SCENE,INJURY AND / OR TOW DUE TO CRASH,,,,"OVER $1,500",4/1/2022 0:04,FAILING TO REDUCE SPEED TO AVOID CRASH,FAILING TO YIELD RIGHT-OF-WAY,1012,N,PULASKI RD,1111,N,,,,,,2,NONINCAPACITATING INJURY,1,0,0,1,0,1,0,22,5,3,41.89944882,-87.72635386,POINT (-87.726353859144 41.8994488235)
c19eef67fdaa6372923bbbb2263cdf6365b0b5d6d574eb64d9b3bb29c9765ee9aed373e449c136cc948647d543da6245d0b1750f60451ad123e6aa73910a1411,JF161670,,3/3/2022 8:00,30,NO CONTROLS,NO CONTROLS,CLEAR,DAYLIGHT,PARKED MOTOR VEHICLE,NOT DIVIDED,,STRAIGHT AND LEVEL,DRY,NO DEFECTS,NOT ON SCENE (DESK REPORT),NO INJURY / DRIVE AWAY,,,Y,"OVER $1,500",3/3/2022 8:55,UNABLE TO DETERMINE,NOT APPLICABLE,1242,S,KEDVALE AVE,1011,,,,,,,2,NO INDICATION OF INJURY,0,0,0,0,0,1,0,8,5,3,41.86483479,-87.7289461,POINT (-87.728946097701 41.864834789305)
c1e1e84721f183dbb7f6a02f614436dcbdf3f106c69d0ffacc7b02cd4a044fc6f0c2ea9cea275deb2110c524eabca2d246f6c6f0bc529c79ef74bf6b2d284479,JF161723,,3/3/2022 7:30,30,TRAFFIC SIGNAL,FUNCTIONING PROPERLY,CLEAR,DAYLIGHT,SIDESWIPE SAME DIRECTION,NOT DIVIDED,,STRAIGHT AND LEVEL,UNKNOWN,NO DEFECTS,ON SCENE,NO INJURY / DRIVE AWAY,Y,,,"OVER $1,500",3/3/2022 7:30,UNABLE TO DETERMINE,UNABLE TO DETERMINE,5958,W,NORTH AVE,2531,,,,,,,2,NO INDICATION OF INJURY,0,0,0,0,0,2,0,7,5,3,41.90936558,-87.7754207,POINT (-87.775420700705 41.909365580251)
9c6b35aa2c16048699d3f453fc607bc8e6a9594d20584a530cd0b2280de72ac51e27ff14761fcb044e46afffe1c50af1a139f8275f5fac1d691f7abc57d9d21c,JF148049,,2/17/2022 18:45,30,NO CONTROLS,NO CONTROLS,SNOW,"DARKNESS, LIGHTED ROAD",REAR END,NOT DIVIDED,,STRAIGHT AND LEVEL,SNOW OR SLUSH,NO DEFECTS,NOT ON SCENE (DESK REPORT),NO INJURY / DRIVE AWAY,,,,"$501 - $1,500",2/17/2022 23:38,FOLLOWING TOO CLOSELY,NOT APPLICABLE,3100,W,ADDISON ST,1733,,,,,,,2,NO INDICATION OF INJURY,0,0,0,0,0,2,0,18,5,2,41.94675538,-87.70543091,POINT (-87.705430910497 41.946755376241)
9cf2a5ac79d9dbc4b68f8b6e57121d986b21ab21e48af40fea5789e9f910e700f6054e07e5aa75ad91baa26ee9f7877558c2b927adc18fe863a9692fcbb7e48e,JF148506,,2/17/2022 15:30,30,NO CONTROLS,NO CONTROLS,SNOW,DAYLIGHT,REAR END,DIVIDED - W/MEDIAN (NOT RAISED),,STRAIGHT AND LEVEL,SNOW OR SLUSH,NO DEFECTS,NOT ON SCENE (DESK REPORT),NO INJURY / DRIVE AWAY,,,,"OVER $1,500",2/18/2022 13:00,UNABLE TO DETERMINE,UNABLE TO DETERMINE,1160,W,DIVERSEY PKWY,1933,,,,,,,2,NO INDICATION OF INJURY,0,0,0,0,0,2,0,15,5,2,41.93267442,-87.65822869,POINT (-87.658228688509 41.932674418056)
baaf462cf02bbb07d78d6bf8b1751b82cc5d19335141a92f78c88000b4926a992e3fdee206b206f58729b758aae6540dd6541f69fb715ef036a3d975e273762d,JF148777,,2/17/2022 13:56,10,NO CONTROLS,NO CONTROLS,SNOW,DAYLIGHT,TURNING,PARKING LOT,,STRAIGHT AND LEVEL,DRY,NO DEFECTS,,NO INJURY / DRIVE AWAY,,Y,,"OVER $1,500",2/18/2022 17:30,IMPROPER TURNING/NO SIGNAL,NOT APPLICABLE,3216,N,KIMBALL AVE,1732,,,,,,,2,NO INDICATION OF INJURY,0,0,0,0,0,2,0,13,5,2,41.93979019,-87.71266666,POINT (-87.712666663105 41.939790186078)
9d315ec0ce3f727f01811de5e45235327c3437493bce9bccbddc51ad8cfe60a9fee4772a62fb43fb92ef4ef204d3e375c887cd438d1d9c23b8c74eabe988cfb9,JF147340,,2/17/2022 11:07,30,TRAFFIC SIGNAL,FUNCTIONING PROPERLY,RAIN,DAYLIGHT,REAR END,NOT DIVIDED,,STRAIGHT AND LEVEL,DRY,NO DEFECTS,NOT ON SCENE (DESK REPORT),NO INJURY / DRIVE AWAY,,,Y,"OVER $1,500",2/17/2022 12:10,FOLLOWING TOO CLOSELY,UNABLE TO DETERMINE,6859,S,JEFFERY BLVD,331,,,,,,,2,NO INDICATION OF INJURY,0,0,0,0,0,4,0,11,5,2,41.76989471,-87.57625404,POINT (-87.576254036442 41.769894714086)
9d57f063712cc9e7c3278f9df48b3da8c5c052fe842776d02d0374b32e8a94371eafd976fdfb12ccd2500aa0a10c601ca75387504796f9cba5c2304e313776e4,JF147609,,2/17/2022 16:02,30,TRAFFIC SIGNAL,FUNCTIONING PROPERLY,SNOW,DAYLIGHT,ANGLE,FOUR WAY,,STRAIGHT AND LEVEL,SNOW OR SLUSH,NO DEFECTS,ON SCENE,NO INJURY / DRIVE AWAY,Y,,,"OVER $1,500",2/17/2022 16:02,NOT APPLICABLE,NOT APPLICABLE,3200,N,ELSTON AVE,1733,,,,,,,2,NO INDICATION OF INJURY,0,0,0,0,0,4,0,16,5,2,41.9393515,-87.69848351,POINT (-87.698483514124 41.939351496611)
bb56d415f405a5e97ebb5048bdea1eb233b818ab92a8b71ce5f54e9e60aadf257996da7af67d8aeaa6bd9169d66cef062336125548726b36fa0b418468c3bdb5,JF176659,,3/17/2022 6:30,30,TRAFFIC SIGNAL,FUNCTIONING PROPERLY,CLEAR,"DARKNESS, LIGHTED ROAD",REAR END,NOT DIVIDED,,STRAIGHT AND LEVEL,DRY,NO DEFECTS,NOT ON SCENE (DESK REPORT),NO INJURY / DRIVE AWAY,Y,,Y,"$501 - $1,500",3/17/2022 7:30,FOLLOWING TOO CLOSELY,NOT APPLICABLE,2401,W,MARQUETTE RD,832,,,,,,,2,NO INDICATION OF INJURY,0,0,0,0,0,3,0,6,5,3,41.77186674,-87.68350157,POINT (-87.683501564514 41.771866744474)
96200965427c1e865f63e352b98ba16ee84efc29118744500d9cc619322daaaf45044136195a20cf89a6c637eaeacb39c164cfceb2796f1f3f77771809c0527c,JF154763,,2/24/2022 14:45,30,NO CONTROLS,NO CONTROLS,CLEAR,DAYLIGHT,SIDESWIPE SAME DIRECTION,DIVIDED - W/MEDIAN (NOT RAISED),,STRAIGHT AND LEVEL,DRY,NO DEFECTS,NOT ON SCENE (DESK REPORT),NO INJURY / DRIVE AWAY,,,,"OVER $1,500",2/24/2022 15:26,IMPROPER OVERTAKING/PASSING,DRIVING SKILLS/KNOWLEDGE/EXPERIENCE,4000,W,63RD ST,813,,,,,,,2,NO INDICATION OF INJURY,0,0,0,0,0,2,0,14,5,2,41.77876739,-87.7228232,POINT (-87.722823195304 41.778767390084)
9de09c7caf5372fa97bc1655bb0913bc9c0e22ba3a6f36357428701086fae68430a6a14b710ccddeea7f7ab683b2a12c3b8863d34c9d3d7b7c8b68d94a0382b4,JF147849,,2/17/2022 18:00,30,NO CONTROLS,NO CONTROLS,SNOW,"DARKNESS, LIGHTED ROAD",FIXED OBJECT,NOT DIVIDED,,STRAIGHT AND LEVEL,SNOW OR SLUSH,NO DEFECTS,ON SCENE,INJURY AND / OR TOW DUE TO CRASH,,,,"OVER $1,500",2/17/2022 18:13,WEATHER,WEATHER,4403,W,111TH ST,2211,,,,,,,1,NO INDICATION OF INJURY,0,0,0,0,0,5,0,18,5,2,41.69103007,-87.73017519,POINT (-87.730175185117 41.691030065882)
f910f51818b5e3af2cae0ed0ef4064b8b82573816a02febcb177aa3c087ee1cc028b5aa02e366bb6abf47b06cad0da0806f3869a3ed483a7a372ab42ef352f20,JF169139,,3/10/2022 10:20,15,NO CONTROLS,NO CONTROLS,CLEAR,DAYLIGHT,SIDESWIPE OPPOSITE DIRECTION,PARKING LOT,,STRAIGHT AND LEVEL,DRY,NO DEFECTS,ON SCENE,NO INJURY / DRIVE AWAY,,,,"$501 - $1,500",3/10/2022 10:23,UNABLE TO DETERMINE,UNABLE TO DETERMINE,2639,S,DAMEN AVE,1034,,,,,,,2,NO INDICATION OF INJURY,0,0,0,0,0,2,0,10,5,3,41.84361888,-87.67547237,POINT (-87.675472364536 41.843618878618)
96c9923df4dc4ff58c899e0a5e6839b69641e8981a4e18a41cead0c5ff3901fa01273ef420423f599d6e55cad1ddd97b97a79767203a9d86e6e9eff781ef4c5c,JF154652,,2/24/2022 12:37,20,TRAFFIC SIGNAL,FUNCTIONING PROPERLY,CLEAR,DAYLIGHT,REAR END,NOT DIVIDED,,STRAIGHT AND LEVEL,DRY,NO DEFECTS,ON SCENE,NO INJURY / DRIVE AWAY,,,,"OVER $1,500",2/24/2022 12:40,IMPROPER OVERTAKING/PASSING,IMPROPER OVERTAKING/PASSING,2933,N,SHERIDAN RD,1934,,,,,,,2,NO INDICATION OF INJURY,0,0,0,0,0,2,0,12,5,2,41.93535771,-87.63924333,POINT (-87.639243327041 41.935357705383)
9e5a19ec8f2d76b5e3e59a9fa9d514546bd33914690e4cbeec25de81f48f8e6e5e6d6ed7e3e317d64e0c737677c429716e8a981e69ac7de5cc5a80440e8967ff,JF148023,,2/17/2022 22:03,30,STOP SIGN/FLASHER,FUNCTIONING PROPERLY,SNOW,"DARKNESS, LIGHTED ROAD",TURNING,FOUR WAY,,STRAIGHT AND LEVEL,SNOW OR SLUSH,UNKNOWN,NOT ON SCENE (DESK REPORT),NO INJURY / DRIVE AWAY,Y,,Y,"OVER $1,500",2/17/2022 22:40,WEATHER,NOT APPLICABLE,500,W,66TH PL,722,,,,,,,2,NO INDICATION OF INJURY,0,0,0,0,0,2,0,22,5,2,41.77360276,-87.63692341,POINT (-87.636923413899 41.773602759505)
9e641a3f9258cb3d6ce4c0e68d5fac5ee33547d792cf5ca0a3ccf99e51495ece774e184e9e525e8a1b64af17f58de0d4809d5275dfdf5081b0d862090241d295,JF149244,,2/17/2022 11:00,30,STOP SIGN/FLASHER,UNKNOWN,SNOW,DAYLIGHT,PARKED MOTOR VEHICLE,ONE-WAY,,STRAIGHT AND LEVEL,SNOW OR SLUSH,NO DEFECTS,NOT ON SCENE (DESK REPORT),NO INJURY / DRIVE AWAY,,,Y,"OVER $1,500",2/19/2022 8:05,UNABLE TO DETERMINE,NOT APPLICABLE,4701,W,MAYPOLE AVE,1113,,,,,,,2,NO INDICATION OF INJURY,0,0,0,0,0,1,0,11,5,2,41.88437205,-87.74308811,POINT (-87.743088109619 41.884372049716)
bcb38f51cff8567faacac98369bc3dfceb01ac217bfd8b6815314d5980bf865fa0306419587e7d2947df67083df392f3a9d92ecd9cf5ffd3d0f4a40d70bee77c,JF177160,,3/17/2022 14:00,30,TRAFFIC SIGNAL,UNKNOWN,CLEAR,DAYLIGHT,REAR END,NOT DIVIDED,,STRAIGHT AND LEVEL,DRY,UNKNOWN,NOT ON SCENE (DESK REPORT),NO INJURY / DRIVE AWAY,,,,"OVER $1,500",3/17/2022 14:30,UNABLE TO DETERMINE,NOT APPLICABLE,3200,W,31ST ST,1032,,,,,,,2,NO INDICATION OF INJURY,0,0,0,0,0,2,0,14,5,3,41.8373395,-87.70495056,POINT (-87.704950558004 41.837339500296)
9ea5da30bde9615a39880cbe8953fb9ac391bfbd1a7070346b151cf27a03cc4edf7e565350eafc314bc6b1d8b8f0230aa731137ecb3f5143877e403be3184472,JF148053,,2/17/2022 21:30,30,TRAFFIC SIGNAL,FUNCTIONING PROPERLY,CLEAR,"DARKNESS, LIGHTED ROAD",PEDESTRIAN,NOT DIVIDED,,STRAIGHT AND LEVEL,UNKNOWN,UNKNOWN,NOT ON SCENE (DESK REPORT),INJURY AND / OR TOW DUE TO CRASH,Y,,Y,"OVER $1,500",2/17/2022 22:43,FAILING TO YIELD RIGHT-OF-WAY,NOT APPLICABLE,2200,N,CLYBOURN AVE,1811,,,,,,,3,NONINCAPACITATING INJURY,2,0,0,2,0,1,0,21,5,2,41.92158137,-87.66456513,POINT (-87.664565129283 41.921581373213)
c44e6688d2edab2476b21edb8ff2e1d4143eab4fa3a92300c6120411cf9211eb113828d23af651e90bcd8f16b1686fd27c85b0c2f2a914bafeef8edb22dedf58,JF162095,,3/3/2022 15:00,35,TRAFFIC SIGNAL,FUNCTIONING PROPERLY,CLEAR,DAYLIGHT,REAR END,NOT DIVIDED,,STRAIGHT AND LEVEL,DRY,NO DEFECTS,NOT ON SCENE (DESK REPORT),NO INJURY / DRIVE AWAY,,,,"$501 - $1,500",3/3/2022 15:25,UNABLE TO DETERMINE,NOT APPLICABLE,3700,W,MARQUETTE RD,833,,,,,,,2,NO INDICATION OF INJURY,0,0,0,0,0,2,0,15,5,3,41.77159494,-87.71534929,POINT (-87.715349285832 41.771594936175)
bc57cd8af171e3e79f2cdffb1c50090fd1d6ce33a57eb5fbb6732795a72caf3bfe9af454e74638049e4e2d5d634a6c7b5f9769b6b259c60d12c5e68990b223e4,JC494503,,10/31/2019 18:29,30,TRAFFIC SIGNAL,FUNCTIONING PROPERLY,FREEZING RAIN/DRIZZLE,UNKNOWN,ANGLE,DIVIDED - W/MEDIAN (NOT RAISED),,STRAIGHT AND LEVEL,SNOW OR SLUSH,NO DEFECTS,,INJURY AND / OR TOW DUE TO CRASH,,,,"OVER $1,500",11/1/2019 12:00,UNABLE TO DETERMINE,UNABLE TO DETERMINE,5227,S,COTTAGE GROVE AVE,233,,,,,,,2,NONINCAPACITATING INJURY,3,0,0,3,0,2,0,18,5,10,41.79963373,-87.6061922,POINT (-87.606192197234 41.799633727055)
bc5ac500110a865534c8af1d66e03f6b0cb54cdc1eaa5b764f5ed3a2c3b08a7eb5d072369116b74f2e0827fc75d8e3e8a80979f2282db4e06a8522e9b9a5aaa0,JD119465,,1/17/2020 13:00,30,TRAFFIC SIGNAL,NO CONTROLS,CLEAR,DAYLIGHT,REAR END,NOT DIVIDED,,STRAIGHT AND LEVEL,DRY,NO DEFECTS,,NO INJURY / DRIVE AWAY,,,,"OVER $1,500",1/17/2020 17:50,FOLLOWING TOO CLOSELY,FOLLOWING TOO CLOSELY,7901,S,CICERO AVE,834,,,,,,,2,NO INDICATION OF INJURY,0,0,0,0,0,2,0,13,6,1,41.74906506,-87.7412039,POINT (-87.741203904025 41.749065056465)
bc9925806fc9fe53ad22c066e62bedbbed1fc178e618093f299cbf7af476426ddb8fef51bb379ccc9d87f8a1d4c9282ec14d240c08b3d7296d022bccd4ddafdd,JE262216,,6/11/2021 15:10,40,NO CONTROLS,NO CONTROLS,CLEAR,DAYLIGHT,REAR END,DIVIDED - W/MEDIAN BARRIER,,STRAIGHT AND LEVEL,UNKNOWN,UNKNOWN,,INJURY AND / OR TOW DUE TO CRASH,,,,"OVER $1,500",6/11/2021 15:10,UNABLE TO DETERMINE,UNABLE TO DETERMINE,1600,N,LAKE SHORE DR,1814,,,,,,,2,NO INDICATION OF INJURY,0,0,0,0,0,3,0,15,6,6,41.91122456,-87.62648257,POINT (-87.626482572426 41.911224555611)
98506f3eeba62b4524ba8630bc0e9e2024f5974ab6ee2bdc7a72413c4a4a73fb5d27e874d54a65c2b7e67a8dfb5828421eb7f824bdd4caeae21c8e0f718170f2,JF154293,,2/24/2022 6:28,30,TRAFFIC SIGNAL,FUNCTIONING PROPERLY,CLEAR,DAYLIGHT,REAR END,"FIVE POINT, OR MORE",,STRAIGHT AND LEVEL,DRY,NO DEFECTS,NOT ON SCENE (DESK REPORT),NO INJURY / DRIVE AWAY,Y,,,"OVER $1,500",2/24/2022 7:41,FAILING TO REDUCE SPEED TO AVOID CRASH,FAILING TO REDUCE SPEED TO AVOID CRASH,2637,E,130TH ST,433,,,,,,,2,NO INDICATION OF INJURY,0,0,0,0,0,2,0,6,5,2,41.6590894,-87.55904917,POINT (-87.55904916554 41.659089395022)
9f07a3203b02a0e7cd366152cdb4e1907beb4e670501550b1324dac933301c0c88ef23d3cbfd45cf0fbf53acac08051c17f36735bd4aa6dfd0c2227aa1ffeb38,JF147660,,2/17/2022 16:07,30,TRAFFIC SIGNAL,UNKNOWN,BLOWING SNOW,UNKNOWN,ANGLE,FOUR WAY,,STRAIGHT AND LEVEL,SNOW OR SLUSH,UNKNOWN,ON SCENE,NO INJURY / DRIVE AWAY,N,,,$500 OR LESS,2/17/2022 16:08,UNABLE TO DETERMINE,UNABLE TO DETERMINE,700,S,MICHIGAN AVE,123,,,,,,,2,NO INDICATION OF INJURY,0,0,0,0,0,2,0,16,5,2,41.87309549,-87.62434525,POINT (-87.624345247792 41.873095485332)
c45e1374fb9c2c6f033fb78ade501f8a105ff655c055c1ca866862fb76c9efaa7940e9469cd72f47fdb714704c05388e2cc87d58f8f91d5f3d8d63003f45eeb6,JF162502,,3/3/2022 22:00,30,TRAFFIC SIGNAL,FUNCTIONING PROPERLY,CLEAR,"DARKNESS, LIGHTED ROAD",TURNING,UNKNOWN INTERSECTION TYPE,,STRAIGHT AND LEVEL,DRY,NO DEFECTS,NOT ON SCENE (DESK REPORT),NO INJURY / DRIVE AWAY,Y,,,"OVER $1,500",3/3/2022 22:19,UNABLE TO DETERMINE,UNABLE TO DETERMINE,100,W,ONTARIO ST,1832,,,,,,,2,NO INDICATION OF INJURY,0,0,0,0,0,2,0,22,5,3,41.89333774,-87.6312445,POINT (-87.631244496213 41.893337737184)
98b5d9c41d391278b0ba3985af0ac32c4b1ea795047ecaf42c6757c23823fa23a130c4db5e992b3ea1bd8d0b45bca6fe55fd86d888bc5b68d2812de4e80c3ae6,JF157063,,2/24/2022 15:00,30,TRAFFIC SIGNAL,UNKNOWN,UNKNOWN,DAYLIGHT,PEDESTRIAN,NOT DIVIDED,,STRAIGHT AND LEVEL,UNKNOWN,UNKNOWN,NOT ON SCENE (DESK REPORT),INJURY AND / OR TOW DUE TO CRASH,Y,,Y,"$501 - $1,500",2/26/2022 18:20,UNABLE TO DETERMINE,UNABLE TO DETERMINE,301,W,87TH ST,634,,,,,,,2,INCAPACITATING INJURY,1,0,1,0,0,1,0,15,5,2,41.73588603,-87.63157267,POINT (-87.63157267078 41.735886033637)
c46e43b6f86659ff3318d524a9cd649409bd39791286bc0f2d50b58a8631a6459780e33c4d51ab3a2731fdc6d053a5149dedb24a6f49770cf2a4c00fbfea56f9,JF164402,,3/3/2022 18:25,30,UNKNOWN,UNKNOWN,UNKNOWN,UNKNOWN,PARKED MOTOR VEHICLE,NOT DIVIDED,,STRAIGHT AND LEVEL,UNKNOWN,UNKNOWN,NOT ON SCENE (DESK REPORT),NO INJURY / DRIVE AWAY,,,,"OVER $1,500",3/5/2022 17:00,UNABLE TO DETERMINE,UNABLE TO DETERMINE,1650,W,WRIGHTWOOD AVE,1931,,,,,,,2,NO INDICATION OF INJURY,0,0,0,0,0,1,0,18,5,3,41.92885926,-87.67025682,POINT (-87.670256816438 41.928859258267)
fc74546e00248f7d0cc0cbf482f7faabb52b949db0ca6bd6d25c28f9e3e75f85ef6ca536b4b44b54a4eccd4b8eb4dd7fcf8bae3ab7e3eb98faa25730b363ae61,JF169040,,3/10/2022 8:00,30,NO CONTROLS,NO CONTROLS,CLEAR,DAYLIGHT,PARKED MOTOR VEHICLE,NOT DIVIDED,,STRAIGHT AND LEVEL,DRY,NO DEFECTS,NOT ON SCENE (DESK REPORT),NO INJURY / DRIVE AWAY,,,,$500 OR LESS,3/10/2022 8:45,FAILING TO YIELD RIGHT-OF-WAY,FAILING TO REDUCE SPEED TO AVOID CRASH,5722,W,WILSON AVE,1622,,,,,,,2,NO INDICATION OF INJURY,0,0,0,0,0,2,0,8,5,3,41.96419686,-87.77076531,POINT (-87.770765306285 41.964196862942)
be26f32238cc0c10e3557d24c58d49498b325faee2e4c821d1a8c556bd541595625157bec123f41a582a547a1b11b3249178f82305ec6d00d76358b17e50257c,JF177708,,3/17/2022 23:25,30,NO CONTROLS,NO CONTROLS,CLEAR,"DARKNESS, LIGHTED ROAD",SIDESWIPE SAME DIRECTION,DIVIDED - W/MEDIAN BARRIER,,STRAIGHT AND LEVEL,DRY,NO DEFECTS,ON SCENE,NO INJURY / DRIVE AWAY,,,Y,"OVER $1,500",3/17/2022 23:27,IMPROPER LANE USAGE,IMPROPER TURNING/NO SIGNAL,249,W,63RD ST,722,N,,,,,,2,NO INDICATION OF INJURY,0,0,0,0,0,3,0,23,5,3,41.77985043,-87.63204852,POINT (-87.632048522474 41.779850427922)
be2c8ce2958bf68761640096c4315b12eac4c41672ce0f750ea3425b05893b1666f38ca4ccbac7b6b3080bf6c824e1a57093b131c2af9dad7aa5a7cbdd930a59,JF184066,,3/17/2022 11:00,30,NO CONTROLS,NO CONTROLS,CLEAR,DAYLIGHT,PARKED MOTOR VEHICLE,ONE-WAY,,STRAIGHT AND LEVEL,DRY,NO DEFECTS,NOT ON SCENE (DESK REPORT),NO INJURY / DRIVE AWAY,,,Y,"OVER $1,500",3/23/2022 16:20,DRIVING ON WRONG SIDE/WRONG WAY,NOT APPLICABLE,6949,N,OAKLEY AVE,2411,,,,,,,2,NO INDICATION OF INJURY,0,0,0,0,0,1,0,11,5,3,42.00772615,-87.68792626,POINT (-87.687926258923 42.007726153672)
9964b0c9f2b46128a9d873078cf084bb2af11fd5196cbcde858bcbe6acb49c8be6b1ad800ffe3cc340bff12572e489273fb258c14333e6c5a4f04935d09e5a65,JF154376,,2/24/2022 8:30,30,NO CONTROLS,NO CONTROLS,CLEAR,DAYLIGHT,REAR END,DIVIDED - W/MEDIAN BARRIER,,STRAIGHT AND LEVEL,DRY,NO DEFECTS,ON SCENE,INJURY AND / OR TOW DUE TO CRASH,,,,"OVER $1,500",2/24/2022 8:40,FOLLOWING TOO CLOSELY,FAILING TO REDUCE SPEED TO AVOID CRASH,410,W,47TH ST,925,,,,,,,2,NO INDICATION OF INJURY,0,0,0,0,0,2,0,8,5,2,41.80914658,-87.63633402,POINT (-87.636334021651 41.809146584332)
9fd5a77cc9197ff5b83fe7d2c746f976e58fcb442509b3ba12112a0ef2a8cfe1bab6d8e03d4a274498bf3492f28b13e5bca94fb6d1702e9bf4b82e6fef7153a7,JF147601,,2/17/2022 14:30,30,TRAFFIC SIGNAL,FUNCTIONING PROPERLY,SNOW,DAYLIGHT,SIDESWIPE SAME DIRECTION,NOT DIVIDED,,STRAIGHT AND LEVEL,SNOW OR SLUSH,NO DEFECTS,NOT ON SCENE (DESK REPORT),NO INJURY / DRIVE AWAY,,,,$500 OR LESS,2/17/2022 16:15,UNABLE TO DETERMINE,NOT APPLICABLE,1,S,WESTERN AVE,1223,,,,,,,2,NO INDICATION OF INJURY,0,0,0,0,0,2,0,14,5,2,41.88111828,-87.68628334,POINT (-87.686283338873 41.881118278834)