CRASH_RECORD_ID,RD_NO,CRASH_DATE_EST_I,CRASH_DATE,POSTED_SPEED_LIMIT,TRAFFIC_CONTROL_DEVICE,DEVICE_CONDITION,WEATHER_CONDITION,LIGHTING_CONDITION,FIRST_CRASH_TYPE,TRAFFICWAY_TYPE,LANE_CNT,ALIGNMENT,ROADWAY_SURFACE_COND,ROAD_DEFECT,REPORT_TYPE,CRASH_TYPE,INTERSECTION_RELATED_I,NOT_RIGHT_OF_WAY_I,HIT_AND_RUN_I,DAMAGE,DATE_POLICE_NOTIFIED,PRIM_CONTRIBUTORY_CAUSE,SEC_CONTRIBUTORY_CAUSE,STREET_NO,STREET_DIRECTION,STREET_NAME,BEAT_OF_OCCURRENCE,PHOTOS_TAKEN_I,STATEMENTS_TAKEN_I,DOORING_I,WORK_ZONE_I,WORK_ZONE_TYPE,WORKERS_PRESENT_I,NUM_UNITS,MOST_SEVERE_INJURY,INJURIES_TOTAL,INJURIES_FATAL,INJURIES_INCAPACITATING,INJURIES_NON_INCAPACITATING,INJURIES_REPORTED_NOT_EVIDENT,INJURIES_NO_INDICATION,INJURIES_UNKNOWN,CRASH_HOUR,CRASH_DAY_OF_WEEK,CRASH_MONTH,LATITUDE,LONGITUDE,LOCATION
9fd69770fb592e743eb64285623bb404ad18b5a137e30e47539617fd9967078f68b1f1baf93aa046f7729412b25f7c8aab59925894e30cc4309fd054c0eb8308,JF147934,,2/17/2022 12:45,30,NO CONTROLS,NO CONTROLS,CLEAR,DAYLIGHT,SIDESWIPE SAME DIRECTION,NOT DIVIDED,,STRAIGHT AND LEVEL,DRY,NO DEFECTS,,NO INJURY / DRIVE AWAY,,,,"OVER $1,500",2/17/2022 20:16,IMPROPER OVERTAKING/PASSING,IMPROPER OVERTAKING/PASSING,1135,W,47TH ST,933,,,,,,,2,NO INDICATION OF INJURY,0,0,0,0,0,2,0,12,5,2,41.80863462,-87.65421348,POINT (-87.65421347881 41.808634621727)
c567114966e2a1c35e6108d13604d9ae430007d283e069c2f037c87fd7b1dd61bff1d2f691dc858a19a70e0a67b3e8dca105ce2f28091345c427edbff65546cf,JF162361,,3/3/2022 18:49,35,NO CONTROLS,NO CONTROLS,CLEAR,"DARKNESS, LIGHTED ROAD",HEAD ON,DIVIDED - W/MEDIAN BARRIER,,STRAIGHT AND LEVEL,DRY,NO DEFECTS,ON SCENE,INJURY AND / OR TOW DUE TO CRASH,,,,"OVER $1,500",3/3/2022 18:49,EQUIPMENT - VEHICLE CONDITION,DRIVING SKILLS/KNOWLEDGE/EXPERIENCE,4301,N,CICERO AVE,1722,,,,,,,3,NO INDICATION OF INJURY,0,0,0,0,0,2,0,18,5,3,41.95894682,-87.74733134,POINT (-87.747331334943 41.95894682241)
cd0a05a76fccff84431060de85badd179f0f738c7daeceb1a029356f5c35d52c541a20e25a31ce5ede9ca8e50af5b217edf301e06e570e94d5d7c1c3adb691a4,JF184159,,3/23/2022 17:19,30,NO CONTROLS,NO CONTROLS,RAIN,DAYLIGHT,REAR END,NOT DIVIDED,,STRAIGHT AND LEVEL,WET,NO DEFECTS,ON SCENE,NO INJURY / DRIVE AWAY,,,Y,"OVER $1,500",3/23/2022 17:20,UNABLE TO DETERMINE,NOT APPLICABLE,2150,E,130TH ST,434,,,,,,,3,NO INDICATION OF INJURY,0,0,0,0,0,3,0,17,4,3,41.65930074,-87.57064739,POINT (-87.570647386399 41.659300736346)
fcf82011de1860f2b794bd55d0b63f4d7190f45bc4085274f9d3807339bbb84706a7fb4034922a4087140e02fc038e5ee549f99a0899a13d08ec4003b6e492ec,JF169898,,3/10/2022 22:30,30,TRAFFIC SIGNAL,FUNCTIONING PROPERLY,RAIN,"DARKNESS, LIGHTED ROAD",TURNING,T-INTERSECTION,,STRAIGHT AND LEVEL,WET,NO DEFECTS,NOT ON SCENE (DESK REPORT),NO INJURY / DRIVE AWAY,Y,,Y,"OVER $1,500",3/10/2022 23:20,UNABLE TO DETERMINE,UNABLE TO DETERMINE,800,N,LAKE SHORE DR,1833,,,,,,,2,NO INDICATION OF INJURY,0,0,0,0,0,2,0,22,5,3,41.89682805,-87.6172077,POINT (-87.617207703311 41.896828045009)
bf0b3b5791dfd56119b10bfef0c92a9bc212a19414debddd44db7859d92b3727a4eececa5cbda5bdf9ee85679cdabab78915c982d18bbe4536af3ad465800bbe,JF177319,,3/17/2022 15:00,30,TRAFFIC SIGNAL,FUNCTIONING PROPERLY,CLEAR,DAYLIGHT,REAR END,NOT DIVIDED,,STRAIGHT AND LEVEL,DRY,UNKNOWN,ON SCENE,NO INJURY / DRIVE AWAY,Y,,Y,"OVER $1,500",3/17/2022 16:30,UNABLE TO DETERMINE,UNABLE TO DETERMINE,6700,S,INDIANA AVE,322,,,,,,,3,NO INDICATION OF INJURY,0,0,0,0,0,7,0,15,5,3,41.77279448,-87.62044344,POINT (-87.620443437835 41.772794479102)
a09b96cbd90e390aead09269464ba551d5903475ddf8fb7cb9ebbb6f5a06a058e2a6c7cf2c71c4f20ddb143167dd91a4102cb424148b13847e01c42c801e64c5,JF147553,,2/17/2022 14:13,20,UNKNOWN,UNKNOWN,SNOW,"DARKNESS, LIGHTED ROAD",OTHER OBJECT,DIVIDED - W/MEDIAN BARRIER,,STRAIGHT AND LEVEL,WET,UNKNOWN,ON SCENE,INJURY AND / OR TOW DUE TO CRASH,,,,"OVER $1,500",2/17/2022 15:13,DISREGARDING OTHER TRAFFIC SIGNS,NOT APPLICABLE,1,N,LOWER WACKER DR,122,N,,,,,,2,NO INDICATION OF INJURY,0,0,0,0,0,2,0,14,5,2,41.8819525,-87.63658364,POINT (-87.636583637982 41.881952496056)
c5f7a7a3c7eb384f30bc9842c032f88da6acb7454158176c92eaac59adf9e8baf36cb7cbd336fc55e1581dfbdb3b567cb694731bcf6eac32fba15045c0756253,JF162070,,3/3/2022 15:00,40,TRAFFIC SIGNAL,FUNCTIONING PROPERLY,CLEAR,DAYLIGHT,REAR END,DIVIDED - W/MEDIAN (NOT RAISED),,STRAIGHT AND LEVEL,DRY,NO DEFECTS,ON SCENE,NO INJURY / DRIVE AWAY,,,,"$501 - $1,500",3/3/2022 15:10,FOLLOWING TOO CLOSELY,FAILING TO REDUCE SPEED TO AVOID CRASH,11100,W,IRVING PARK RD,1654,,,,,,,2,NO INDICATION OF INJURY,0,0,0,0,0,2,0,15,5,3,41.95118942,-87.90078123,POINT (-87.900781228565 41.951189422548)
a0c4a9ee7fdd52919ae3d50a4439796716af9171aa0233639af31202f404a5d61823e0f2534df7698ed7c5dcdf3b48a03a0a327393acaa37cf9d69882ffe006c,JF147526,,2/17/2022 15:17,30,NO CONTROLS,NO CONTROLS,SNOW,DAYLIGHT,PARKED MOTOR VEHICLE,PARKING LOT,,STRAIGHT AND LEVEL,WET,NO DEFECTS,NOT ON SCENE (DESK REPORT),NO INJURY / DRIVE AWAY,,Y,,"$501 - $1,500",2/17/2022 15:25,NOT APPLICABLE,NOT APPLICABLE,3751,W,63RD ST,823,,,,,,,2,NO INDICATION OF INJURY,0,0,0,0,0,2,0,15,5,2,41.77863126,-87.71742438,POINT (-87.71742437605 41.778631254548)
9ace84b85594e55de871a682bfffd5ec52298e0c045696f900e8fa31b9be5352650d19322bfdc73895ba7b8cb48cfc14961b123b1fb4c4fd982693825af5b3f7,JF154805,Y,2/24/2022 15:20,30,NO CONTROLS,NO CONTROLS,SNOW,DAYLIGHT,PARKED MOTOR VEHICLE,DIVIDED - W/MEDIAN (NOT RAISED),,STRAIGHT AND LEVEL,SNOW OR SLUSH,NO DEFECTS,ON SCENE,INJURY AND / OR TOW DUE TO CRASH,,,Y,"OVER $1,500",2/24/2022 15:44,FAILING TO REDUCE SPEED TO AVOID CRASH,NOT APPLICABLE,708,W,GARFIELD BLVD,935,,,,,,,2,NO INDICATION OF INJURY,0,0,0,0,0,1,0,15,5,2,41.79444772,-87.64315533,POINT (-87.643155333872 41.794447723539)
c668dc69c7b7b6d9424afb8e6e75b4048905ab52c4c564909f556c9b418876f36229b714d8c3ed0ce82fcb8717fc5ef6005c5d41cbe45d50e00b9289f20defc4,JF161818,,3/3/2022 10:56,30,NO CONTROLS,NO CONTROLS,CLEAR,DAYLIGHT,SIDESWIPE SAME DIRECTION,DIVIDED - W/MEDIAN (NOT RAISED),,STRAIGHT AND LEVEL,DRY,NO DEFECTS,NOT ON SCENE (DESK REPORT),INJURY AND / OR TOW DUE TO CRASH,N,,,"OVER $1,500",3/3/2022 11:01,FAILING TO YIELD RIGHT-OF-WAY,UNABLE TO DETERMINE,5950,N,WESTERN AVE,2011,,Y,,,,,2,NONINCAPACITATING INJURY,1,0,0,1,0,1,0,10,5,3,41.99017216,-87.68980927,POINT (-87.689809271203 41.990172161204)
fe07e92240b7b022a97b0772e039096e933ec00e8b6b658adf3dc4ba45175db4564f96be7d1419a250cfa6e211db187e09c16038b7d533389b6c0e0de6ad4851,JF169881,,3/10/2022 22:10,30,NO CONTROLS,NO CONTROLS,SNOW,"DARKNESS, LIGHTED ROAD",SIDESWIPE SAME DIRECTION,NOT DIVIDED,,STRAIGHT AND LEVEL,UNKNOWN,UNKNOWN,NOT ON SCENE (DESK REPORT),NO INJURY / DRIVE AWAY,,,,"$501 - $1,500",3/10/2022 22:30,FAILING TO YIELD RIGHT-OF-WAY,NOT APPLICABLE,3211,N,CLARK ST,1924,,,,,,,2,NO INDICATION OF INJURY,0,0,0,0,0,5,0,22,5,3,41.94034686,-87.65082699,POINT (-87.650826987396 41.940346861432)
cf470d0a72dc31466b79ba5b7a32ea2742a5d73f830404cde91fd0836374a68f93e5c2163b04305e3088b1f803bf35b8e2190e3504a0be49eef2d5555366fff4,JF183383,,3/23/2022 4:20,20,NO CONTROLS,NO CONTROLS,RAIN,"DARKNESS, LIGHTED ROAD",PARKED MOTOR VEHICLE,NOT DIVIDED,,STRAIGHT AND LEVEL,WET,NO DEFECTS,ON SCENE,INJURY AND / OR TOW DUE TO CRASH,,,Y,"OVER $1,500",3/23/2022 4:22,UNABLE TO DETERMINE,UNABLE TO DETERMINE,2614,W,45TH ST,922,,,,,,,3,NO INDICATION OF INJURY,0,0,0,0,0,1,0,4,4,3,41.81209011,-87.69008339,POINT (-87.69008338552 41.812090105438)
cf6f8bcf06d23575a429824b8be9a97efddb99969bd9f7ec35120994384158ddc17eae2024920ec633bae63ea6abed8411c124fb317b4c30b467aafd9b45dd63,JF184171,,3/23/2022 18:00,30,NO CONTROLS,NO CONTROLS,CLEAR,DAYLIGHT,PARKED MOTOR VEHICLE,ONE-WAY,,STRAIGHT AND LEVEL,DRY,NO DEFECTS,NOT ON SCENE (DESK REPORT),NO INJURY / DRIVE AWAY,,,,"OVER $1,500",3/23/2022 18:00,NOT APPLICABLE,NOT APPLICABLE,431,N,DRAKE AVE,1123,,,,,,,2,NO INDICATION OF INJURY,0,0,0,0,0,1,0,18,4,3,41.88918535,-87.71476438,POINT (-87.71476437759 41.889185350651)
a19044b2cd64d00ff908706e073ed42e1736e63396c85d59e3849303b682190b7d3a60a5568567a16aa825c4ba6e524e07999f1dfeee0ada79d392f0c24e89c9,JF147706,,2/17/2022 17:00,30,NO CONTROLS,NO CONTROLS,SNOW,DAYLIGHT,ANGLE,ONE-WAY,,STRAIGHT AND LEVEL,SNOW OR SLUSH,UNKNOWN,ON SCENE,NO INJURY / DRIVE AWAY,,,,"OVER $1,500",2/17/2022 17:05,FAILING TO YIELD RIGHT-OF-WAY,FAILING TO REDUCE SPEED TO AVOID CRASH,10,E,ILLINOIS ST,1834,,,,,,,2,NO INDICATION OF INJURY,0,0,0,0,0,2,0,17,5,2,41.89098144,-87.62763773,POINT (-87.627637731357 41.890981438933)
c11a9b08f3e11defcc7cb1cdd7c7b79c91d94f2ed4cc41653839a620f3c6cfc08418c4dafe6533d3f649bc08214853f96c399d9de0ec9284d7692682519cfcad,JF177178,,3/17/2022 14:25,30,TRAFFIC SIGNAL,FUNCTIONING PROPERLY,CLEAR,DAYLIGHT,PEDESTRIAN,FOUR WAY,,STRAIGHT AND LEVEL,DRY,NO DEFECTS,ON SCENE,NO INJURY / DRIVE AWAY,Y,,,$500 OR LESS,3/17/2022 14:28,UNABLE TO DETERMINE,NOT APPLICABLE,3100,N,SHERIDAN RD,1934,,,,,,,2,NO INDICATION OF INJURY,0,0,0,0,0,2,0,14,5,3,41.93777921,-87.63961661,POINT (-87.63961661042 41.937779206193)
c1768d850e87000f38798745e9cfd6eeaa508a458b8a5f208d090728c3e41fd83ccd439dfb7f6f95031e2ea21cfb43ce050271c37be8d67116bd70ff4350ae4f,JF177224,,3/17/2022 14:18,30,NO CONTROLS,NO CONTROLS,CLEAR,DAYLIGHT,PARKED MOTOR VEHICLE,NOT DIVIDED,,STRAIGHT AND LEVEL,DRY,NO DEFECTS,ON SCENE,NO INJURY / DRIVE AWAY,,,,"OVER $1,500",3/17/2022 15:30,IMPROPER BACKING,IMPROPER BACKING,7538,S,WINCHESTER AVE,611,,,,,,,2,NO INDICATION OF INJURY,0,0,0,0,0,1,0,14,5,3,41.75632663,-87.67223824,POINT (-87.672238243153 41.756326634372)
9bce948f9c1d844a5ea172314c28d133ae8772aa21b5ab739188058366b4ee29d5d191922006e053bec0ccc452046635e1cdeadb02bd5403449a15aa2d063f97,JF154801,,2/24/2022 15:27,10,NO CONTROLS,NO CONTROLS,SNOW,DAYLIGHT,PARKED MOTOR VEHICLE,PARKING LOT,,STRAIGHT AND LEVEL,SNOW OR SLUSH,UNKNOWN,ON SCENE,NO INJURY / DRIVE AWAY,,Y,,"$501 - $1,500",2/24/2022 15:42,UNABLE TO DETERMINE,UNABLE TO DETERMINE,4137,N,ELSTON AVE,1723,,,,,,,2,NO INDICATION OF INJURY,0,0,0,0,0,2,0,15,5,2,41.9561262,-87.72248283,POINT (-87.722482826292 41.956126201479)
c6aab4751bba499cc2263edf538777293b351ea0e989594ed483a90974dddd0dca465e0c61b62f4ff5172cc335bfe19403d2adfb2170813e32751f3ee7033d00,JF161859,,3/3/2022 10:07,30,TRAFFIC SIGNAL,FUNCTIONING PROPERLY,CLEAR,DAYLIGHT,SIDESWIPE SAME DIRECTION,DIVIDED - W/MEDIAN (NOT RAISED),,STRAIGHT AND LEVEL,DRY,NO DEFECTS,NOT ON SCENE (DESK REPORT),NO INJURY / DRIVE AWAY,,,,"OVER $1,500",3/3/2022 11:30,UNABLE TO DETERMINE,NOT APPLICABLE,10500,S,MICHIGAN AVE,512,,,,,,,2,NO INDICATION OF INJURY,0,0,0,0,0,2,0,10,5,3,41.70341522,-87.62080968,POINT (-87.620809679116 41.703415218678)
d03b14625d3a0a01c46ab9f867d4691c1ce4c219522a01a2deeccafed1280124bae583d85f2f0ad08381269bb794969d90b5317f801947c2106424a9525fa853,JF183533,,3/23/2022 4:17,30,NO CONTROLS,NO CONTROLS,CLEAR,DUSK,PARKED MOTOR VEHICLE,ONE-WAY,,STRAIGHT AND LEVEL,WET,NO DEFECTS,ON SCENE,INJURY AND / OR TOW DUE TO CRASH,,,Y,"OVER $1,500",3/23/2022 8:35,UNABLE TO DETERMINE,NOT APPLICABLE,2615,W,65TH ST,831,,,,,,,3,NO INDICATION OF INJURY,0,0,0,0,0,1,0,4,4,3,41.77537762,-87.68912151,POINT (-87.689121505648 41.775377614648)
a291a29884c2838d1494a962792c5d29696b176713b25ea743ddd55df665810a61b1d7839166f0ff9e110f35ab5187943d3cf4b9535e2f408a607ef016fa707f,JF147808,,2/17/2022 17:23,30,NO CONTROLS,NO CONTROLS,SNOW,"DARKNESS, LIGHTED ROAD",TURNING,DIVIDED - W/MEDIAN (NOT RAISED),,STRAIGHT AND LEVEL,SNOW OR SLUSH,UNKNOWN,ON SCENE,INJURY AND / OR TOW DUE TO CRASH,,,,"OVER $1,500",2/17/2022 17:50,UNABLE TO DETERMINE,UNABLE TO DETERMINE,2551,N,PULASKI RD,2524,,,,,,,2,NO INDICATION OF INJURY,0,0,0,0,0,2,0,17,5,2,41.92781935,-87.72671916,POINT (-87.726719159371 41.927819352625)
a2c181dfabfa1528492063679e173fde70c76d3c95e66fac9fdd7962176417003c8762d1779498555c0fe49cc058f4b798517e7f1f073ff53f5b815675f91874,JF151595,,2/17/2022 17:00,30,NO CONTROLS,NO CONTROLS,SNOW,DUSK,REAR TO FRONT,NOT DIVIDED,,STRAIGHT AND LEVEL,SNOW OR SLUSH,UNKNOWN,NOT ON SCENE (DESK REPORT),NO INJURY / DRIVE AWAY,,,,"$501 - $1,500",2/21/2022 16:00,FAILING TO YIELD RIGHT-OF-WAY,UNABLE TO DETERMINE,1829,S,CALIFORNIA AVE,1023,,,,,,,2,NO INDICATION OF INJURY,0,0,0,0,0,2,0,17,5,2,41.85650142,-87.69545518,POINT (-87.695455175665 41.856501424391)
a33a70ce943a61fc7d9472d59885be4b6738d1e845932c38995ec427322b83945d4f9a87f83b11a4a7038baa7533838047148163262d0b43cb1b54d2eea5988f,JF148021,,2/17/2022 22:10,30,NO CONTROLS,NO CONTROLS,SNOW,"DARKNESS, LIGHTED ROAD",OTHER OBJECT,DIVIDED - W/MEDIAN BARRIER,,STRAIGHT AND LEVEL,SNOW OR SLUSH,NO DEFECTS,ON SCENE,INJURY AND / OR TOW DUE TO CRASH,,,,$500 OR LESS,2/17/2022 22:13,ROAD CONSTRUCTION/MAINTENANCE,WEATHER,10527,S,INDIANAPOLIS AVE,432,,,,,,,1,NO INDICATION OF INJURY,0,0,0,0,0,2,0,22,5,2,41.70388215,-87.5252335,POINT (-87.525233500432 41.703882150019)
c7899d136e3fae9e1464bfa1652c65eb757a7107ff8b3c6888f6124f0ca7aab63cad6e968abc005b90aeb70dd82480954418b6c7cf8b65829fdda4982c103aa5,JF161696,,3/3/2022 8:58,30,NO CONTROLS,NO CONTROLS,CLEAR,DAYLIGHT,TURNING,NOT DIVIDED,,STRAIGHT AND LEVEL,DRY,NO DEFECTS,ON SCENE,NO INJURY / DRIVE AWAY,Y,,,"OVER $1,500",3/3/2022 8:59,IMPROPER OVERTAKING/PASSING,NOT APPLICABLE,1800,E,130TH ST,434,,Y,,,,,2,NO INDICATION OF INJURY,0,0,0,0,0,2,0,8,5,3,41.65954439,-87.58308243,POINT (-87.583082431589 41.659544393583)
c36c5225bae97a6ca01384e12dd9bdde589fed2cfa11dd51414908ea83794bbf49c18bb34642d040d21c4e44318ba8dee9d6432367d6aaf52a4d769f23d3a47d,JF176646,,3/17/2022 7:04,25,STOP SIGN/FLASHER,FUNCTIONING PROPERLY,CLEAR,DAYLIGHT,ANGLE,NOT DIVIDED,,STRAIGHT AND LEVEL,DRY,NO DEFECTS,ON SCENE,INJURY AND / OR TOW DUE TO CRASH,,,,"OVER $1,500",3/17/2022 7:04,UNABLE TO DETERMINE,UNABLE TO DETERMINE,1600,W,SHERWIN AVE,2423,,,,,,,3,NO INDICATION OF INJURY,0,0,0,0,0,3,0,7,5,3,42.01503701,-87.67038705,POINT (-87.670387049631 42.015037011885)
a4041f20af406175b35968513fa64eb5e974c08ada7c6b2435dd0f3b6bb09ec4e5b9e38c4b614449cb6a55ca0bdd5510aa19825f82b685eb28a286e09262a032,JF274032,,2/17/2022 15:15,30,NO CONTROLS,NO CONTROLS,SNOW,DAYLIGHT,REAR END,ALLEY,,STRAIGHT AND LEVEL,SNOW OR SLUSH,NO DEFECTS,NOT ON SCENE (DESK REPORT),NO INJURY / DRIVE AWAY,,,Y,"OVER $1,500",2/17/2022 17:00,DRIVING SKILLS/KNOWLEDGE/EXPERIENCE,NOT APPLICABLE,5222,S,KILBOURN AVE,815,,,,,,,2,NO INDICATION OF INJURY,0,0,0,0,0,2,0,15,5,2,41.79786542,-87.73568973,POINT (-87.735689733466 41.797865416252)
c39f56d64f337555ff6c91a349c8def20f8130a7d4cd9231c6ce0b98ce3276818c660b8869a4180ff5af6242fcee8bafef5ed15030004f0c80d0f5d7e04b0b4c,JF177084,Y,3/17/2022 8:00,30,STOP SIGN/FLASHER,FUNCTIONING PROPERLY,CLEAR,DAYLIGHT,PARKED MOTOR VEHICLE,ONE-WAY,,STRAIGHT AND LEVEL,DRY,NO DEFECTS,ON SCENE,NO INJURY / DRIVE AWAY,,,Y,"OVER $1,500",3/17/2022 13:17,NOT APPLICABLE,NOT APPLICABLE,4559,N,HAMLIN AVE,1723,,,,,,,2,NO INDICATION OF INJURY,0,0,0,0,0,1,0,8,5,3,41.96460683,-87.72288615,POINT (-87.722886146883 41.964606824686)
a4ae27ffc8dab1eb7c251cb1a2c3c08711c8d92ad4e8e326f7b507b929937702c0ee2df86f08134ea966bdbfd2f109e1ed72c2c977134f3eb238de5c6899b767,JF147921,,2/17/2022 17:00,30,NO CONTROLS,NO CONTROLS,SNOW,DUSK,REAR END,NOT DIVIDED,,STRAIGHT AND LEVEL,SNOW OR SLUSH,NO DEFECTS,NOT ON SCENE (DESK REPORT),NO INJURY / DRIVE AWAY,,,,$500 OR LESS,2/17/2022 19:45,WEATHER,WEATHER,3800,W,FULLERTON AVE,2524,,,,,,,2,NO INDICATION OF INJURY,0,0,0,0,0,2,0,17,5,2,41.9246512,-87.72194546,POINT (-87.721945454729 41.924651204328)
c3a39d1ba756b8d08c7bbb2fc19a48391f21b9b47218042fde0af458d949a1c91826e2d8b38e73d432b0bfb1983e14d791bdaff57a2ed013d28896dc34ae81c2,JF177499,,3/17/2022 18:10,20,NO CONTROLS,NO CONTROLS,CLEAR,DAYLIGHT,PARKED MOTOR VEHICLE,NOT DIVIDED,,STRAIGHT AND LEVEL,DRY,NO DEFECTS,ON SCENE,INJURY AND / OR TOW DUE TO CRASH,,,,"OVER $1,500",3/17/2022 18:12,UNABLE TO DETERMINE,UNABLE TO DETERMINE,3108,W,LAWRENCE AVE,1713,,,,,,,5,NONINCAPACITATING INJURY,1,0,0,1,0,0,0,18,5,3,41.9685821,-87.7064342,POINT (-87.706434197107 41.968582096726)
a4d1a4b73470a8d3481ed13eae5b32c030a9431ac864ad79519a4106443fafcfec27bbbefdd72ae4354fe5934b0cbfb6ac2ae45f7a4cdf88366dbfccecde1238,JF148635,,2/17/2022 20:00,25,NO CONTROLS,NO CONTROLS,SNOW,"DARKNESS, LIGHTED ROAD",PARKED MOTOR VEHICLE,NOT DIVIDED,,STRAIGHT AND LEVEL,SNOW OR SLUSH,NO DEFECTS,NOT ON SCENE (DESK REPORT),NO INJURY / DRIVE AWAY,,,Y,"OVER $1,500",2/18/2022 15:00,UNABLE TO DETERMINE,UNABLE TO DETERMINE,7400,N,RIDGE BLVD,2411,,,,,,,2,NO INDICATION OF INJURY,0,0,0,0,0,1,0,20,5,2,42.01605426,-87.68439169,POINT (-87.684391686318 42.016054255925)
a4d2d4dcb853e22e823c59076316b15f5ae087f9dc0d88c4ad4fe1e7c21181b8c57b52e05e96ed8b985c770a8a64ed761d514dd4f202316bcbd49938bd2a98a7,JF147802,,2/17/2022 17:44,30,NO CONTROLS,NO CONTROLS,SNOW,"DARKNESS, LIGHTED ROAD",FIXED OBJECT,DIVIDED - W/MEDIAN BARRIER,,STRAIGHT AND LEVEL,SNOW OR SLUSH,NO DEFECTS,ON SCENE,NO INJURY / DRIVE AWAY,,,,$500 OR LESS,2/17/2022 17:44,WEATHER,NOT APPLICABLE,5248,S,ASHLAND AVE,932,,,,,,,2,NO INDICATION OF INJURY,0,0,0,0,0,2,0,17,5,2,41.79804476,-87.66483714,POINT (-87.664837140522 41.798044757654)
a4ea3cdd947bb547ecb2afab4019ce72cb3c6558e6bfee3807fa23d5b0b09513bda1e645a182c929be067b20f43386b980b0d05f88da239a6aa493b07467d223,JF148019,Y,2/17/2022 21:42,30,NO CONTROLS,NO CONTROLS,SNOW,"DARKNESS, LIGHTED ROAD",SIDESWIPE SAME DIRECTION,NOT DIVIDED,,STRAIGHT AND LEVEL,SNOW OR SLUSH,NO DEFECTS,NOT ON SCENE (DESK REPORT),NO INJURY / DRIVE AWAY,,,,"$501 - $1,500",2/17/2022 22:10,NOT APPLICABLE,NOT APPLICABLE,1900,N,DAMEN AVE,1434,,,,,,,2,NO INDICATION OF INJURY,0,0,0,0,0,2,0,21,5,2,41.91627476,-87.6777336,POINT (-87.677733597957 41.916274757742)
c4461aaae0305e20d336583deb84a14176a6c4a03e5abc37d748f74c3076a1ccbc37f512e9f68a8c86f55f264fb1b6606bd8ff7fe582cf53f5580c736277a2f3,JF176586,,3/17/2022 4:14,45,TRAFFIC SIGNAL,FUNCTIONING PROPERLY,CLEAR,"DARKNESS, LIGHTED ROAD",REAR END,DIVIDED - W/MEDIAN BARRIER,,STRAIGHT AND LEVEL,DRY,NO DEFECTS,ON SCENE,NO INJURY / DRIVE AWAY,Y,,Y,$500 OR LESS,3/17/2022 4:18,UNABLE TO DETERMINE,NOT APPLICABLE,801,N,LAKE SHORE DR SB,1833,,,,,,,2,NO INDICATION OF INJURY,0,0,0,0,0,2,0,4,5,3,41.89691634,-87.61656523,POINT (-87.616565232657 41.896916342227)
9eaddf4c3149e086ea96909ab51f96fa6193718e5c53f72a6d02818d8e912d93c895af8630b112f5ac8d210e94e6594ae1a295fb94884419a8dadf359647d0a8,JF154829,,2/24/2022 14:45,30,NO CONTROLS,NO CONTROLS,CLEAR,DAYLIGHT,ANGLE,NOT DIVIDED,,STRAIGHT AND LEVEL,DRY,NO DEFECTS,NOT ON SCENE (DESK REPORT),NO INJURY / DRIVE AWAY,,,,"OVER $1,500",2/24/2022 16:25,DRIVING SKILLS/KNOWLEDGE/EXPERIENCE,NOT APPLICABLE,6350,S,PULASKI RD,813,,,,,,,2,NO INDICATION OF INJURY,0,0,0,0,0,2,0,14,5,2,41.77710242,-87.7228689,POINT (-87.722868902421 41.777102420609)
9ebaa98147d1cbf83744a4a524635c8336c3151cb6b78c32efe8d7000634b8f661961221995689f49554fcc03f6791c5d4d02748b1d5635e3cdaecde46241be1,JC540550,,12/9/2019 14:05,30,NO CONTROLS,NO CONTROLS,CLEAR,DAYLIGHT,REAR END,NOT DIVIDED,,STRAIGHT AND LEVEL,DRY,NO DEFECTS,,NO INJURY / DRIVE AWAY,,,Y,"$501 - $1,500",12/9/2019 14:09,UNABLE TO DETERMINE,UNABLE TO DETERMINE,1739,N,CLYBOURN AVE,1813,,,,,,,2,NO INDICATION OF INJURY,0,0,0,0,0,2,0,14,2,12,41.91277055,-87.65189424,POINT (-87.651894237016 41.912770553786)
c9483a9ae0b8186dacf121fb8b5dc9b190d8d92ac441b73445d8c28cacd6c2f8e96086ee49ad5429c51d99ee5a127c7f268081a1a99f0f13f9322b3ae2dc31b3,JE313317,,7/25/2021 7:20,30,OTHER,UNKNOWN,CLEAR,DAYLIGHT,PARKED MOTOR VEHICLE,ONE-WAY,,STRAIGHT AND LEVEL,DRY,NO DEFECTS,,NO INJURY / DRIVE AWAY,,,Y,"OVER $1,500",7/25/2021 7:30,UNABLE TO DETERMINE,UNABLE TO DETERMINE,7502,S,KINGSTON AVE,421,,,,,,,2,NO INDICATION OF INJURY,0,0,0,0,0,1,0,7,1,7,41.75888545,-87.56287907,POINT (-87.56287906971 41.758885454186)
c952e2d6da3bc3c70b33dc52eccf9b7f332467c429edb316b75bec00c29d9d47ed62e35c8dcdedeb4f3f269b2773e9869acc693b8c4c7e814ee26dea848be060,JE485693,,12/22/2021 10:15,30,NO CONTROLS,NO CONTROLS,CLEAR,DAYLIGHT,TURNING,NOT DIVIDED,,STRAIGHT AND LEVEL,DRY,NO DEFECTS,,INJURY AND / OR TOW DUE TO CRASH,,,,"OVER $1,500",12/22/2021 10:20,IMPROPER LANE USAGE,IMPROPER OVERTAKING/PASSING,4101,W,LAWRENCE AVE,1722,,,,,,,2,"REPORTED, NOT EVIDENT",2,0,0,0,2,1,0,10,4,12,41.96810465,-87.73053778,POINT (-87.730537780991 41.968104654364)