CRASH_RECORD_ID,RD_NO,CRASH_DATE_EST_I,CRASH_DATE,POSTED_SPEED_LIMIT,TRAFFIC_CONTROL_DEVICE,DEVICE_CONDITION,WEATHER_CONDITION,LIGHTING_CONDITION,FIRST_CRASH_TYPE,TRAFFICWAY_TYPE,LANE_CNT,ALIGNMENT,ROADWAY_SURFACE_COND,ROAD_DEFECT,REPORT_TYPE,CRASH_TYPE,INTERSECTION_RELATED_I,NOT_RIGHT_OF_WAY_I,HIT_AND_RUN_I,DAMAGE,DATE_POLICE_NOTIFIED,PRIM_CONTRIBUTORY_CAUSE,SEC_CONTRIBUTORY_CAUSE,STREET_NO,STREET_DIRECTION,STREET_NAME,BEAT_OF_OCCURRENCE,PHOTOS_TAKEN_I,STATEMENTS_TAKEN_I,DOORING_I,WORK_ZONE_I,WORK_ZONE_TYPE,WORKERS_PRESENT_I,NUM_UNITS,MOST_SEVERE_INJURY,INJURIES_TOTAL,INJURIES_FATAL,INJURIES_INCAPACITATING,INJURIES_NON_INCAPACITATING,INJURIES_REPORTED_NOT_EVIDENT,INJURIES_NO_INDICATION,INJURIES_UNKNOWN,CRASH_HOUR,CRASH_DAY_OF_WEEK,CRASH_MONTH,LATITUDE,LONGITUDE,LOCATION
c9d233e31a4f2a07733ef75f0404e75c360b30c7ee9bc45076938dc80c375578c1468bc096ecb773d2bfc71270d746d95f416a5bd6b15fbcf8707b1748693722,JD200579,,4/2/2020 17:44,30,NO CONTROLS,NO CONTROLS,CLEAR,DAYLIGHT,REAR TO REAR,DIVIDED - W/MEDIAN BARRIER,,STRAIGHT AND LEVEL,DRY,NO DEFECTS,,INJURY AND / OR TOW DUE TO CRASH,,,,"OVER $1,500",4/2/2020 17:44,"OPERATING VEHICLE IN ERRATIC, RECKLESS, CARELESS, NEGLIGENT OR AGGRESSIVE MANNER",NOT APPLICABLE,510,W,87TH ST,622,,,,,,,6,NO INDICATION OF INJURY,0,0,0,0,0,7,0,17,5,4,41.73628382,-87.63680211,POINT (-87.636802110638 41.736283818931)
ca41abedfb061a7756544f2d087055fca09841a4d832c518a17aef40734c79d14a9674c6f925c16ccadc13bae20ef629e4e8180020457b230f7b0c299e034ec8,JF162309,,3/3/2022 7:50,30,NO CONTROLS,NO CONTROLS,CLEAR,DAYLIGHT,TURNING,NOT DIVIDED,,STRAIGHT AND LEVEL,DRY,NO DEFECTS,NOT ON SCENE (DESK REPORT),NO INJURY / DRIVE AWAY,,,,"OVER $1,500",3/3/2022 17:20,UNABLE TO DETERMINE,NOT APPLICABLE,4491,S,KEDZIE AVE,922,,,,,,,2,NO INDICATION OF INJURY,0,0,0,0,0,2,0,7,5,3,41.81172883,-87.70396942,POINT (-87.703969423294 41.811728832145)
a6e609fb4568f91d1c1b6d739d25b4623492f5528ec86f24b33cd45f612cba7cec313d581dcdbb8d000ea9a1ec4f03556eb83e4fb54947804930c8b8bc5c9bbd,JF147639,,2/17/2022 16:16,30,STOP SIGN/FLASHER,FUNCTIONING PROPERLY,SNOW,DAYLIGHT,ANGLE,FOUR WAY,,STRAIGHT AND LEVEL,SNOW OR SLUSH,UNKNOWN,ON SCENE,INJURY AND / OR TOW DUE TO CRASH,Y,,Y,"OVER $1,500",2/17/2022 16:16,DISREGARDING STOP SIGN,UNABLE TO DETERMINE,5400,S,CALIFORNIA AVE,923,,,,,,,2,"REPORTED, NOT EVIDENT",1,0,0,0,1,2,0,16,5,2,41.79542276,-87.69399236,POINT (-87.693992356462 41.795422759814)
a7754841a2a11897a8a7f1a270ae178a0a6a55ef6f713ce2742ca1282dc59f56938d4f9e36488d403cf8e25d6a215855400e6f9f75f46a0c4f2a468b5c8b2685,JF146998,,2/17/2022 2:46,30,NO CONTROLS,NO CONTROLS,RAIN,"DARKNESS, LIGHTED ROAD",PARKED MOTOR VEHICLE,NOT DIVIDED,,STRAIGHT AND LEVEL,WET,NO DEFECTS,ON SCENE,INJURY AND / OR TOW DUE TO CRASH,,,,"OVER $1,500",2/17/2022 3:08,UNABLE TO DETERMINE,UNABLE TO DETERMINE,319,E,95TH ST,511,,,,,,,2,NO INDICATION OF INJURY,0,0,0,0,0,1,0,2,5,2,41.7217563,-87.61568224,POINT (-87.615682241711 41.721756301919)
d531b58c437f683e302869d316f4a605cdfbb508ecee858f6e4b3b93a77071ea6ea9fd78e4d63db8492bca245ddedc2b33da58bfeda352ad9103e58bd265a742,JF184107,,3/23/2022 15:45,10,NO CONTROLS,NO CONTROLS,RAIN,DAYLIGHT,REAR TO REAR,PARKING LOT,,STRAIGHT AND LEVEL,WET,NO DEFECTS,NOT ON SCENE (DESK REPORT),NO INJURY / DRIVE AWAY,,,,"OVER $1,500",3/23/2022 16:45,UNABLE TO DETERMINE,NOT APPLICABLE,3737,W,99TH ST,2211,,,,,,,2,NO INDICATION OF INJURY,0,0,0,0,0,2,0,15,4,3,41.71314689,-87.71531465,POINT (-87.715314648528 41.713146892523)
d5396a9d2c380bce9fc8952b43ed2933a9942e8329bbca7c38ad382620604f60b45802b713a26305bf4116e2438e3bfb72af6289ee50c8976694f4af15bd81c5,JF185435,,3/23/2022 13:15,20,NO CONTROLS,NO CONTROLS,CLEAR,DAYLIGHT,ANGLE,PARKING LOT,,STRAIGHT AND LEVEL,DRY,NO DEFECTS,NOT ON SCENE (DESK REPORT),NO INJURY / DRIVE AWAY,,Y,,"$501 - $1,500",3/24/2022 19:01,NOT APPLICABLE,NOT APPLICABLE,6559,W,ARCHER AVE,811,,,,,,,2,NO INDICATION OF INJURY,0,0,0,0,0,2,0,13,4,3,41.79214112,-87.78662636,POINT (-87.786626362305 41.792141118758)
0463fef1acbbfcb6d14e78ed66cf00514d73ccd9602e20e5cab09ab4fce77bd5fb4cac52214ca2f1698930dfac55b3552180d14b85e698eac252676c6d038391,JC452685,,9/29/2019 3:45,30,NO CONTROLS,NO CONTROLS,RAIN,"DARKNESS, LIGHTED ROAD",SIDESWIPE OPPOSITE DIRECTION,NOT DIVIDED,,STRAIGHT AND LEVEL,WET,NO DEFECTS,,INJURY AND / OR TOW DUE TO CRASH,,,Y,"OVER $1,500",9/29/2019 3:51,UNABLE TO DETERMINE,UNABLE TO DETERMINE,301,E,75TH ST,623,,,,,,,2,NO INDICATION OF INJURY,0,0,0,0,0,2,0,3,1,9,41.75824335,-87.61822068,POINT (-87.618220683122 41.758243346443)
048320411c4cf1440d67d727c915c54255622c0740b69d86b7284aca2cf90762f7720ffa2d56e07cbc238d89774a54f3724b6ff2ddb04a4864a7299393c81d1b,JF119282,,1/20/2022 21:01,30,TRAFFIC SIGNAL,UNKNOWN,CLEAR,DARKNESS,TURNING,NOT DIVIDED,,STRAIGHT AND LEVEL,UNKNOWN,UNKNOWN,,INJURY AND / OR TOW DUE TO CRASH,Y,,,"OVER $1,500",1/20/2022 21:04,FAILING TO YIELD RIGHT-OF-WAY,UNABLE TO DETERMINE,1000,N,CICERO AVE,1531,,,,,,,2,NONINCAPACITATING INJURY,1,0,0,1,0,1,0,21,5,1,41.89872983,-87.74603871,POINT (-87.746038713154 41.898729830606)
c5bcf669763e0c15eddf1557620ae8bb84d24ea427a53137d3899e249af8ae6d665fc86bc5137299e45e682c4a96be02cc1232f08ef5f0bba6ff79df59c7377e,,N,3/29/2022 22:30,30,NO CONTROLS,NO CONTROLS,UNKNOWN,UNKNOWN,TURNING,T-INTERSECTION,,STRAIGHT AND LEVEL,UNKNOWN,UNKNOWN,,INJURY AND / OR TOW DUE TO CRASH,Y,,,"OVER $1,500",3/30/2022 10:45,UNABLE TO DETERMINE,NOT APPLICABLE,732,W,47TH ST,925,,Y,,,,,2,NONINCAPACITATING INJURY,2,0,0,2,0,1,0,22,3,3,41.80899188,-87.64439248,POINT (-87.644392477101 41.808991881097)
a8224ce0184d7977fe643ac420be355ab21c61c8e7f95efb5d66ec8afcf97e441806d9459c0e2bb222f3b7f0b557e141db3407c242c129bee4fb72d8ee61a44a,JF147887,,2/17/2022 17:12,30,TRAFFIC SIGNAL,FUNCTIONING PROPERLY,SNOW,DUSK,SIDESWIPE SAME DIRECTION,DIVIDED - W/MEDIAN (NOT RAISED),,STRAIGHT AND LEVEL,SNOW OR SLUSH,NO DEFECTS,NOT ON SCENE (DESK REPORT),NO INJURY / DRIVE AWAY,,,Y,"OVER $1,500",2/17/2022 19:20,UNABLE TO DETERMINE,UNABLE TO DETERMINE,1559,N,PULASKI RD,2535,,,,,,,2,NO INDICATION OF INJURY,0,0,0,0,0,2,0,17,5,2,41.90975548,-87.72620537,POINT (-87.726205370232 41.909755481676)
a82edebc522d99e8f6be34dcfe98a6b88274e7b7948a81ba3e37920d37b9cb748864d0e3f4d03dc2e19a47c33cd45ca565dc4d0d7e71e46c01ed21a4c8db4b43,JF147431,,2/17/2022 10:15,30,NO CONTROLS,NO CONTROLS,CLEAR,DAYLIGHT,PARKED MOTOR VEHICLE,OTHER,,STRAIGHT AND LEVEL,DRY,NO DEFECTS,NOT ON SCENE (DESK REPORT),NO INJURY / DRIVE AWAY,,,Y,"$501 - $1,500",2/17/2022 13:40,UNABLE TO DETERMINE,NOT APPLICABLE,5700,S,MARYLAND AVE,235,,,,,,,2,NO INDICATION OF INJURY,0,0,0,0,0,1,0,10,5,2,41.79126062,-87.60508491,POINT (-87.605084912006 41.791260617836)
a82efe6a1affa1516fa892d8fcf3dc0286900f185761b4872c872bb18683eaf5cfb5af32ec2042be729204467b96273978acbe01769438985b26a7ab4872fd5e,JF149212,,2/17/2022 15:00,25,STOP SIGN/FLASHER,FUNCTIONING PROPERLY,SNOW,DAYLIGHT,REAR END,FOUR WAY,,STRAIGHT AND LEVEL,SNOW OR SLUSH,NO DEFECTS,NOT ON SCENE (DESK REPORT),NO INJURY / DRIVE AWAY,Y,,,"OVER $1,500",2/19/2022 6:18,FAILING TO REDUCE SPEED TO AVOID CRASH,FOLLOWING TOO CLOSELY,1600,E,75TH ST,324,,,,,,,2,NO INDICATION OF INJURY,0,0,0,0,0,2,0,15,5,2,41.75887774,-87.58568244,POINT (-87.585682440932 41.758877741252)
a84424a3d1a6078741dd42f4f67eb162751e2149f419c5057924223ce1e2c92d2c8325d366391ab3b8161d70f9c12bc4403955f92c9774b11400156a8b05f692,JF147726,,2/17/2022 16:15,30,STOP SIGN/FLASHER,NO CONTROLS,SNOW,DAYLIGHT,REAR END,ONE-WAY,,STRAIGHT AND LEVEL,SNOW OR SLUSH,NO DEFECTS,NOT ON SCENE (DESK REPORT),NO INJURY / DRIVE AWAY,,,Y,"OVER $1,500",2/17/2022 17:30,FOLLOWING TOO CLOSELY,FOLLOWING TOO CLOSELY,6000,S,PEORIA ST,712,,,,,,,2,NO INDICATION OF INJURY,0,0,0,0,0,7,0,16,5,2,41.78510977,-87.64749928,POINT (-87.647499284412 41.785109768209)
c5e5e3c539d13304adc309c5b2f099bde2a2944249c8daf9d3354efa35aff58f251b9a39aad0d4cea4dd057f720b918e859b4a2834271c4738051447cdb2ccfd,JD407008,,10/22/2020 6:15,30,STOP SIGN/FLASHER,FUNCTIONING PROPERLY,CLEAR,DAWN,ANGLE,FOUR WAY,,STRAIGHT AND LEVEL,WET,NO DEFECTS,,NO INJURY / DRIVE AWAY,,,,"$501 - $1,500",10/22/2020 6:15,FAILING TO YIELD RIGHT-OF-WAY,NOT APPLICABLE,11899,S,MARSHFIELD AVE,2234,,,,,,,2,NO INDICATION OF INJURY,0,0,0,0,0,2,0,6,5,10,41.67762033,-87.66232644,POINT (-87.662326437356 41.677620330949)
d5b41ecd09ac7cf99930cee7ea9fe76fa8e8d5e267780d14169ec7b91751e8b66f77b177a4cbb6998f4da4cb4b5d02cef92abf05877f6737b8e30ade8074c995,JD394825,,10/10/2020 11:00,30,NO CONTROLS,NO CONTROLS,CLEAR,DAYLIGHT,ANGLE,FOUR WAY,,STRAIGHT AND LEVEL,DRY,NO DEFECTS,,INJURY AND / OR TOW DUE TO CRASH,Y,,Y,"OVER $1,500",10/10/2020 11:27,FAILING TO YIELD RIGHT-OF-WAY,UNABLE TO DETERMINE,4236,W,FIFTH AVE,1132,,,,,,,2,"REPORTED, NOT EVIDENT",1,0,0,0,1,1,0,11,7,10,41.87139499,-87.73158539,POINT (-87.731585388328 41.87139498502)
c6cb401f8f8c9c04193e809191d8b9bb314899497b8ac14601d269c3b699faa3e0f3391e6109933a9c6d2092b09a6b40bb47f2820e9346ce49b5d51628500e7d,JF177250,,3/17/2022 15:10,30,STOP SIGN/FLASHER,FUNCTIONING PROPERLY,CLEAR,DAYLIGHT,ANGLE,FOUR WAY,,STRAIGHT AND LEVEL,DRY,NO DEFECTS,ON SCENE,INJURY AND / OR TOW DUE TO CRASH,Y,,,"OVER $1,500",3/17/2022 15:20,DRIVING ON WRONG SIDE/WRONG WAY,FAILING TO YIELD RIGHT-OF-WAY,11700,S,UNION AVE,524,,,,,,,3,INCAPACITATING INJURY,2,0,1,1,0,1,0,15,5,3,41.68179764,-87.64044791,POINT (-87.640447908987 41.681797637799)
a921522b2368172892d01890789cd606d1ec733503b674599afb9bf1e91a6c43a8d0f743cc498a03f45dceeea10dc28c92e1a61340b2d4f2955896c736d77acc,JF148478,,2/17/2022 18:00,30,TRAFFIC SIGNAL,FUNCTIONING PROPERLY,SNOW,"DARKNESS, LIGHTED ROAD",ANGLE,FOUR WAY,,STRAIGHT AND LEVEL,SNOW OR SLUSH,NO DEFECTS,NOT ON SCENE (DESK REPORT),NO INJURY / DRIVE AWAY,Y,,,"$501 - $1,500",2/18/2022 12:50,UNABLE TO DETERMINE,WEATHER,525,S,WELLS ST,123,,,,,,,2,NO INDICATION OF INJURY,0,0,0,0,0,2,0,18,5,2,41.87512345,-87.63349984,POINT (-87.633499838837 41.875123451259)
a218687a5f8bc10efeb10afd93af917205fc7205a3184c482d9222b4d689b5f807f6f28fa9e227a2549c8b278d7dd29ae6bc142b22c48aa5cb697c599d01c781,JF154618,,2/24/2022 11:10,15,NO CONTROLS,NO CONTROLS,CLOUDY/OVERCAST,DAYLIGHT,REAR TO SIDE,PARKING LOT,,STRAIGHT AND LEVEL,DRY,NO DEFECTS,NOT ON SCENE (DESK REPORT),NO INJURY / DRIVE AWAY,,Y,,"$501 - $1,500",2/24/2022 12:10,UNABLE TO DETERMINE,UNABLE TO DETERMINE,2746,N,CLYBOURN AVE,1931,,,,,,,2,NO INDICATION OF INJURY,0,0,0,0,0,2,0,11,5,2,41.93102101,-87.67686402,POINT (-87.676864018134 41.931021005798)
a99d24eb155a5cd324787bd0a2b86861cbf20697896769bd7e0f3b14a019b3d0c0570d960b3eb8477eaab89638af91248bfb0c2955a8ebe9fb252932589622fa,JF147888,,2/17/2022 19:00,30,NO CONTROLS,NO CONTROLS,SNOW,"DARKNESS, LIGHTED ROAD",PARKED MOTOR VEHICLE,ONE-WAY,,STRAIGHT AND LEVEL,SNOW OR SLUSH,UNKNOWN,ON SCENE,NO INJURY / DRIVE AWAY,,,,"OVER $1,500",2/17/2022 19:02,WEATHER,NOT APPLICABLE,3814,W,HURON ST,1112,,,,,,,4,NO INDICATION OF INJURY,0,0,0,0,0,1,0,19,5,2,41.89368476,-87.72184106,POINT (-87.721841060637 41.893684754712)
a9d54a8e4486507cb333fbea22603b1c4dd76aa80c493dce5bf24f29e371ff2b8fb08b61034c536f13b9410b0bc08255a644ba2ea4c4fac394f272c58a5fb381,JF147771,,2/17/2022 17:15,25,NO CONTROLS,NO CONTROLS,SNOW,"DARKNESS, LIGHTED ROAD",SIDESWIPE OPPOSITE DIRECTION,NOT DIVIDED,,STRAIGHT AND LEVEL,SNOW OR SLUSH,"RUT, HOLES",ON SCENE,NO INJURY / DRIVE AWAY,,,N,"OVER $1,500",2/17/2022 17:27,WEATHER,UNABLE TO DETERMINE,2535,W,44TH ST,922,,Y,,,,,2,NO INDICATION OF INJURY,0,0,0,0,0,3,0,17,5,2,41.81371223,-87.68848094,POINT (-87.68848093685 41.813712224749)
c86198e8e8134fd704cf24ef0810a32245af203a85a8b814e85d357b4cdbca950a40e806c1cfad42b7e2329d387ebd52468ac47179f61b83b8f94f9c7bb14ea5,JF178010,,3/17/2022 17:00,25,NO CONTROLS,NO CONTROLS,UNKNOWN,UNKNOWN,TURNING,ONE-WAY,,STRAIGHT AND LEVEL,UNKNOWN,UNKNOWN,NOT ON SCENE (DESK REPORT),NO INJURY / DRIVE AWAY,,,,"OVER $1,500",3/18/2022 10:00,UNABLE TO DETERMINE,NOT APPLICABLE,525,W,HAWTHORNE PL,1925,,,,,,,2,NO INDICATION OF INJURY,0,0,0,0,0,2,0,17,5,3,41.944531,-87.64233707,POINT (-87.642337070097 41.94453099904)
c88dac333bc104af6a083446b886aa56dd739418984e5df2bcad7c5d9bed781899ddbdb20d4e0b9816b110e1214daf988f24f0589f24a0e3c7b7b3b82ac81a73,JF177324,,3/17/2022 15:00,10,NO CONTROLS,NO CONTROLS,CLEAR,DAYLIGHT,REAR END,OTHER,,STRAIGHT AND LEVEL,UNKNOWN,UNKNOWN,ON SCENE,NO INJURY / DRIVE AWAY,,Y,,"OVER $1,500",3/17/2022 16:12,UNABLE TO DETERMINE,FAILING TO REDUCE SPEED TO AVOID CRASH,8302,S,ASHLAND AVE,614,,,,,,,2,NO INDICATION OF INJURY,0,0,0,0,0,2,0,15,5,3,41.74292704,-87.66339545,POINT (-87.663395452869 41.742927035182)
d7bc73a3fa9bdc08ea9dc16279d665cf159395a028890e5b11eb4ed5d5d36f7a5dfc5e0f2c9c607fcc66ea5d8ceadfa2eceaab8d65a7d9575626f8191ed54745,JF184343,,3/23/2022 19:35,30,STOP SIGN/FLASHER,FUNCTIONING PROPERLY,RAIN,"DARKNESS, LIGHTED ROAD",ANGLE,FOUR WAY,,STRAIGHT AND LEVEL,WET,NO DEFECTS,ON SCENE,INJURY AND / OR TOW DUE TO CRASH,Y,,Y,"OVER $1,500",3/23/2022 19:41,FAILING TO YIELD RIGHT-OF-WAY,UNABLE TO DETERMINE,6229,W,BRYN MAWR AVE,1622,,,,,,,2,NO INDICATION OF INJURY,0,0,0,0,0,3,0,19,4,3,41.98279517,-87.7841141,POINT (-87.784114099444 41.982795164835)
ce3957f2751b57bc2082110ad6d02f78b321b3837e1b8a2cfa9d1b4b2f21e9f7cde7b9fd03b370685d0f5134d392455164ef3bce8597222bc1a770feb891bfd3,JF161870,,3/3/2022 10:30,30,NO CONTROLS,NO CONTROLS,CLEAR,DAYLIGHT,PARKED MOTOR VEHICLE,PARKING LOT,,STRAIGHT AND LEVEL,DRY,NO DEFECTS,NOT ON SCENE (DESK REPORT),NO INJURY / DRIVE AWAY,,,Y,"$501 - $1,500",3/3/2022 11:45,UNABLE TO DETERMINE,NOT APPLICABLE,2940,N,ASHLAND AVE,1931,,,,,,,2,NO INDICATION OF INJURY,0,0,0,0,0,1,0,10,5,3,41.93547203,-87.66865454,POINT (-87.668654543143 41.935472032732)
d81a3b9b15a33d13c8188a8aa4e61ff3f44f6a3e9f1e11ccca9be2675a332ea97f184df2fa17a04cb5ecdade74d126e94f155e0f402341ddf47d6e0c5fbc4426,JF184435,,3/23/2022 22:25,15,STOP SIGN/FLASHER,FUNCTIONING PROPERLY,RAIN,"DARKNESS, LIGHTED ROAD",PEDESTRIAN,T-INTERSECTION,,"CURVE, LEVEL",WET,NO DEFECTS,ON SCENE,INJURY AND / OR TOW DUE TO CRASH,Y,,,$500 OR LESS,3/23/2022 22:26,WEATHER,UNABLE TO DETERMINE,618,W,OHARE ST,1654,,,,,,,2,NONINCAPACITATING INJURY,1,0,0,1,0,1,0,22,4,3,,,
ab003dec4dd04a4c32c6b294c7644cb6d23859f6f1eee16d58ac8e17eb4d9059a9eb336799c5534eddf18abec2bfda8634f78d134b7f8f78f65cdc2c81968e12,JF148691,,2/17/2022 15:00,30,TRAFFIC SIGNAL,FUNCTIONING PROPERLY,SNOW,DAYLIGHT,TURNING,FOUR WAY,,STRAIGHT AND LEVEL,SNOW OR SLUSH,NO DEFECTS,NOT ON SCENE (DESK REPORT),NO INJURY / DRIVE AWAY,Y,,,"OVER $1,500",2/18/2022 15:56,WEATHER,NOT APPLICABLE,7500,S,YATES BLVD,414,,,,,,,2,NO INDICATION OF INJURY,0,0,0,0,0,2,0,15,5,2,41.75889467,-87.56651784,POINT (-87.566517839923 41.758894670165)
cb147d6c94aa3c6e8d37a9acf2279d1705856f06f1629d12dbbcc235674e39fc20d0bbeebc7d3d51424fcb89951470067e3acb197e6b941cae8912394eb392a5,JF177450,,3/17/2022 17:13,30,TRAFFIC SIGNAL,FUNCTIONING PROPERLY,CLEAR,DAYLIGHT,PARKED MOTOR VEHICLE,NOT DIVIDED,,STRAIGHT AND LEVEL,DRY,NO DEFECTS,NOT ON SCENE (DESK REPORT),NO INJURY / DRIVE AWAY,,,,"OVER $1,500",3/17/2022 17:55,NOT APPLICABLE,NOT APPLICABLE,99,E,9TH ST,123,,,,,,,2,NO INDICATION OF INJURY,0,0,0,0,0,1,0,17,5,3,41.87048345,-87.62422469,POINT (-87.624224691759 41.870483450979)
daba33f505bac01588d108127ddebfcf783499937af06a9fd1e33eaa7b8c962a8575f384c5c8206a0decd00d80a75e705280d3a4231209ceeae3722640ffdef0,JF183988,N,3/23/2022 13:15,30,TRAFFIC SIGNAL,FUNCTIONING PROPERLY,OTHER,DAYLIGHT,REAR END,NOT DIVIDED,,STRAIGHT AND LEVEL,UNKNOWN,UNKNOWN,NOT ON SCENE (DESK REPORT),NO INJURY / DRIVE AWAY,,,,$500 OR LESS,3/23/2022 15:30,DISTRACTION - FROM INSIDE VEHICLE,NOT APPLICABLE,301,N,JEFFERSON ST,1214,,,,,,,2,NO INDICATION OF INJURY,0,0,0,0,0,3,0,13,4,3,41.88684516,-87.64266052,POINT (-87.642660521206 41.886845160056)
d0249be881c6d83ae2ed7841fdf47748f17279aee34b0c001b919bcd53f28f02b287cd59a4b10ab39e28e77c8d50b9acc14277551d3ad3083c952f35384660d2,JF162504,,3/3/2022 22:07,35,STOP SIGN/FLASHER,FUNCTIONING PROPERLY,CLEAR,"DARKNESS, LIGHTED ROAD",ANGLE,NOT DIVIDED,,STRAIGHT AND LEVEL,DRY,NO DEFECTS,ON SCENE,INJURY AND / OR TOW DUE TO CRASH,Y,,,"OVER $1,500",3/3/2022 22:40,UNABLE TO DETERMINE,UNABLE TO DETERMINE,1140,W,99TH ST,2223,,,,,,,2,NO INDICATION OF INJURY,0,0,0,0,0,2,0,22,5,3,41.71423223,-87.65200741,POINT (-87.652007408792 41.714232228319)
dac8bd10ded0b950c722ed2472c5884f4f7a01cccf65b844e0e1b5bdba0ffbf0d4f903039dd995dc8b12e8272270f6457637681c18682269d940069ef2e72116,JF185365,,3/23/2022 18:36,30,NO CONTROLS,NO CONTROLS,RAIN,DAYLIGHT,ANGLE,NOT DIVIDED,,STRAIGHT AND LEVEL,WET,NO DEFECTS,NOT ON SCENE (DESK REPORT),NO INJURY / DRIVE AWAY,,,,"OVER $1,500",3/24/2022 18:07,FAILING TO YIELD RIGHT-OF-WAY,NOT APPLICABLE,5436,S,CENTRAL AVE,811,,,,,,,2,NO INDICATION OF INJURY,0,0,0,0,0,2,0,18,4,3,41.79343933,-87.76246959,POINT (-87.762469586614 41.79343932954)
a4f022823c4d06b8eef461ea4236b296e9dadc0e582ba9d7d18e9103d36f6803370f84e95d8af8b175bb5abd96c51974a86cf9fd1e422a38455d69e2b2bf6b02,JF155056,,2/24/2022 17:30,30,NO CONTROLS,NO CONTROLS,CLEAR,"DARKNESS, LIGHTED ROAD",REAR END,DIVIDED - W/MEDIAN BARRIER,,STRAIGHT AND LEVEL,DRY,NO DEFECTS,NOT ON SCENE (DESK REPORT),NO INJURY / DRIVE AWAY,,,,"OVER $1,500",2/24/2022 19:45,DRIVING SKILLS/KNOWLEDGE/EXPERIENCE,NOT APPLICABLE,2600,S,CALIFORNIA AVE,1033,,,,,,,2,NO INDICATION OF INJURY,0,0,0,0,0,2,0,17,5,2,41.8445843,-87.69535984,POINT (-87.695359843215 41.844584300311)
d28a3a3b218959c403aebad3eb2b8a8a4c08d7db86a48934be336235c3e33b57018b04cada430e7eb12fbb45a03444b325196c698c2fa91598c7eee1366bc8b9,JF162104,,3/3/2022 14:50,15,NO CONTROLS,NO CONTROLS,CLEAR,DAYLIGHT,REAR TO REAR,PARKING LOT,,STRAIGHT AND LEVEL,DRY,NO DEFECTS,NOT ON SCENE (DESK REPORT),NO INJURY / DRIVE AWAY,,Y,,"OVER $1,500",3/3/2022 15:40,IMPROPER BACKING,UNABLE TO DETERMINE,5900,S,STATE ST,232,,,,,,,2,NO INDICATION OF INJURY,0,0,0,0,0,2,0,14,5,3,41.78726875,-87.62565737,POINT (-87.625657367013 41.787268748515)
ac6e96a0b4cb3eec7577e49df03595272293e34a467c8ec9638f3a11c0ea11e80abba06c6d7012f271ee46223e5511affcdd6794db7ad51b63de8004f5614312,JF148709,Y,2/17/2022 14:00,30,NO CONTROLS,NO CONTROLS,UNKNOWN,UNKNOWN,PARKED MOTOR VEHICLE,NOT DIVIDED,,STRAIGHT AND LEVEL,UNKNOWN,UNKNOWN,NOT ON SCENE (DESK REPORT),NO INJURY / DRIVE AWAY,,,,"OVER $1,500",2/18/2022 16:00,UNABLE TO DETERMINE,NOT APPLICABLE,715,E,79TH ST,624,,,,,,,2,NO INDICATION OF INJURY,0,0,0,0,0,1,0,14,5,2,41.75114463,-87.60700676,POINT (-87.607006761856 41.751144633422)
d2c64bda5525016e25853ce8d7d390a8d3a883030569f4729374a679e6d12bd34b0beafa7d8565ac79af83fcc995233ad5352f02db8b31199dc0a6d18a92948e,JF162020,,3/3/2022 13:55,30,NO CONTROLS,NO CONTROLS,CLEAR,DAYLIGHT,PARKED MOTOR VEHICLE,DIVIDED - W/MEDIAN (NOT RAISED),,STRAIGHT AND LEVEL,DRY,NO DEFECTS,ON SCENE,NO INJURY / DRIVE AWAY,,,,$500 OR LESS,3/3/2022 14:00,DRIVING SKILLS/KNOWLEDGE/EXPERIENCE,DRIVING SKILLS/KNOWLEDGE/EXPERIENCE,1014,W,TAYLOR ST,1232,,,,,,,2,NO INDICATION OF INJURY,0,0,0,0,0,1,0,13,5,3,41.86960863,-87.65171626,POINT (-87.651716261658 41.869608625935)
cc2e3f352d8e88a32547f8b982f0c87635d639e6a58cebda10c452bcae35a1ac0c954f81a13f32efc7f7d94c5174315a15143aa6ea4cd69e71a12cbc68063ae9,JF177574,,3/17/2022 19:19,30,NO CONTROLS,NO CONTROLS,CLEAR,DUSK,PARKED MOTOR VEHICLE,NOT DIVIDED,,STRAIGHT AND LEVEL,DRY,NO DEFECTS,ON SCENE,INJURY AND / OR TOW DUE TO CRASH,,,,"OVER $1,500",3/17/2022 19:22,PHYSICAL CONDITION OF DRIVER,IMPROPER LANE USAGE,2623,W,HOWARD ST,2411,,,,,,,4,NO INDICATION OF INJURY,0,0,0,0,0,1,0,19,5,3,42.01929989,-87.69577128,POINT (-87.695771276783 42.019299888965)
cc6fdf80c7ec4a74c62366934c1d55bd038d51227e492184ca2dba6ec4e57281d05cfb56f4f219dd91ee1e2e110e1412422565d8b5ecfa3c35d9fe65ef8a04d0,JF177481,,3/17/2022 17:55,30,TRAFFIC SIGNAL,UNKNOWN,CLEAR,DAYLIGHT,TURNING,NOT DIVIDED,,STRAIGHT AND LEVEL,DRY,UNKNOWN,ON SCENE,INJURY AND / OR TOW DUE TO CRASH,Y,,,"OVER $1,500",3/17/2022 17:56,IMPROPER TURNING/NO SIGNAL,NOT APPLICABLE,4800,W,ARMITAGE AVE,2522,Y,,,,,,2,INCAPACITATING INJURY,1,0,1,0,0,1,0,17,5,3,41.91704199,-87.7461761,POINT (-87.746176094647 41.91704199202)