CRASH_RECORD_ID,RD_NO,CRASH_DATE_EST_I,CRASH_DATE,POSTED_SPEED_LIMIT,TRAFFIC_CONTROL_DEVICE,DEVICE_CONDITION,WEATHER_CONDITION,LIGHTING_CONDITION,FIRST_CRASH_TYPE,TRAFFICWAY_TYPE,LANE_CNT,ALIGNMENT,ROADWAY_SURFACE_COND,ROAD_DEFECT,REPORT_TYPE,CRASH_TYPE,INTERSECTION_RELATED_I,NOT_RIGHT_OF_WAY_I,HIT_AND_RUN_I,DAMAGE,DATE_POLICE_NOTIFIED,PRIM_CONTRIBUTORY_CAUSE,SEC_CONTRIBUTORY_CAUSE,STREET_NO,STREET_DIRECTION,STREET_NAME,BEAT_OF_OCCURRENCE,PHOTOS_TAKEN_I,STATEMENTS_TAKEN_I,DOORING_I,WORK_ZONE_I,WORK_ZONE_TYPE,WORKERS_PRESENT_I,NUM_UNITS,MOST_SEVERE_INJURY,INJURIES_TOTAL,INJURIES_FATAL,INJURIES_INCAPACITATING,INJURIES_NON_INCAPACITATING,INJURIES_REPORTED_NOT_EVIDENT,INJURIES_NO_INDICATION,INJURIES_UNKNOWN,CRASH_HOUR,CRASH_DAY_OF_WEEK,CRASH_MONTH,LATITUDE,LONGITUDE,LOCATION
d39e03cdb7c73ba828c448bc57ae1686c730771e00cbe6f0d947f84927702a0e9109570bd672ac7fc5286616f6cdc711e8e0648c505aa337391a2e3c4b1b1ae7,JF162008,Y,3/3/2022 1:00,20,NO CONTROLS,NO CONTROLS,CLEAR,UNKNOWN,PARKED MOTOR VEHICLE,ONE-WAY,,STRAIGHT AND LEVEL,UNKNOWN,NO DEFECTS,NOT ON SCENE (DESK REPORT),NO INJURY / DRIVE AWAY,,,Y,"OVER $1,500",3/3/2022 14:00,UNABLE TO DETERMINE,NOT APPLICABLE,6380,W,WRIGHTWOOD AVE,2512,,,,,,,2,NO INDICATION OF INJURY,0,0,0,0,0,1,0,1,5,3,41.92744905,-87.78552424,POINT (-87.785524240494 41.927449046912)
d3b706248ad4a7d72b42810492a7fdc77ff29adf6a7f41757a8648e07117b8afdcdf58216c79887632c6927594d1f135ce53e460fb164804bdcc4e8dc3592005,JF162433,,3/3/2022 20:30,35,NO CONTROLS,NO CONTROLS,CLEAR,"DARKNESS, LIGHTED ROAD",PARKED MOTOR VEHICLE,NOT DIVIDED,,STRAIGHT AND LEVEL,DRY,NO DEFECTS,NOT ON SCENE (DESK REPORT),NO INJURY / DRIVE AWAY,,,Y,"$501 - $1,500",3/3/2022 20:50,UNABLE TO DETERMINE,UNABLE TO DETERMINE,557,W,GRENSHAW ST,124,,,,,,,2,NO INDICATION OF INJURY,0,0,0,0,0,1,0,20,5,3,41.86807304,-87.64152824,POINT (-87.641528235994 41.868073038486)
d40f5acc7ba4457de13f2018c2cea58e2479f4175923992479c0c93c5a7ac712f744ae6bb6bfc11af0575b7bc0ba89f819f351c509258fcb75b77da9cbffdbfc,JF161690,,3/3/2022 7:40,30,NO CONTROLS,NO CONTROLS,CLEAR,DAYLIGHT,REAR END,OTHER,,STRAIGHT AND LEVEL,DRY,NO DEFECTS,ON SCENE,INJURY AND / OR TOW DUE TO CRASH,,,,"OVER $1,500",3/3/2022 9:00,UNABLE TO DETERMINE,UNABLE TO DETERMINE,3426,S,WESTERN BLVD,911,,,,,,,2,NO INDICATION OF INJURY,0,0,0,0,0,2,0,7,5,3,41.83132339,-87.68469324,POINT (-87.684693239899 41.831323386715)
a5b674dda6ed0dbf1170c5df18ce41126178fa6fbbb1e9488c38b5ceb03e7f9bff5194f0f72654fb0bc8241b1d4760ab5b0f385c20fb7d2215044bcc1b928044,JF155127,,2/24/2022 19:15,30,STOP SIGN/FLASHER,NO CONTROLS,SNOW,"DARKNESS, LIGHTED ROAD",TURNING,DIVIDED - W/MEDIAN (NOT RAISED),,STRAIGHT AND LEVEL,SNOW OR SLUSH,NO DEFECTS,NOT ON SCENE (DESK REPORT),NO INJURY / DRIVE AWAY,Y,,Y,"$501 - $1,500",2/24/2022 21:05,IMPROPER OVERTAKING/PASSING,NOT APPLICABLE,4300,W,AUGUSTA BLVD,1111,,,,,,,2,NO INDICATION OF INJURY,0,0,0,0,0,2,0,19,5,2,41.89900281,-87.73370554,POINT (-87.733705536336 41.899002813474)
095ad9444ad02c885975d0ccf7c736646442138b4952792d24a40b25d95288b7eb985265f49bb2faa9a07ec2d5b1406b41eba4b16d656131352417c993627d4e,JD259632,,6/10/2020 9:45,35,STOP SIGN/FLASHER,NOT FUNCTIONING,CLEAR,DAYLIGHT,ANGLE,DIVIDED - W/MEDIAN (NOT RAISED),,STRAIGHT AND LEVEL,DRY,UNKNOWN,,INJURY AND / OR TOW DUE TO CRASH,Y,,,"OVER $1,500",6/10/2020 9:54,FAILING TO YIELD RIGHT-OF-WAY,NOT APPLICABLE,8099,S,CICERO AVE,834,,,,,,,2,NO INDICATION OF INJURY,0,0,0,0,0,2,0,9,4,6,41.74571023,-87.74109064,POINT (-87.741090643592 41.745710232144)
cc79c163a6c3b3dae77ce1c412a6092459e2d54d82522fc9cbf182a2658c2a45092fdb65c43a056462ee25ac0b53cb4a09be0330235797995095a0650b1a819b,JE394941,,10/2/2021 3:00,30,TRAFFIC SIGNAL,FUNCTIONING PROPERLY,CLEAR,DUSK,TURNING,NOT DIVIDED,,STRAIGHT AND LEVEL,DRY,NO DEFECTS,,INJURY AND / OR TOW DUE TO CRASH,Y,,,"OVER $1,500",10/2/2021 4:14,IMPROPER LANE USAGE,NOT APPLICABLE,831,N,DEARBORN ST,1832,,,,,,,2,NO INDICATION OF INJURY,0,0,0,0,0,2,0,3,7,10,41.89762467,-87.62965752,POINT (-87.629657522998 41.897624671947)
a639b694fa5c3daf9958d943ceb4cb9f92a21fbb56d1eb6ed71ca8cc9f8bab87caac5f6ce65449de9a1e86bc489c1bd4409d7ce1159f2fa0a03b6f66eabf6c39,JF145859,,2/24/2022 16:05,25,STOP SIGN/FLASHER,FUNCTIONING PROPERLY,SNOW,DAYLIGHT,ANGLE,FOUR WAY,,STRAIGHT AND LEVEL,SNOW OR SLUSH,UNKNOWN,NOT ON SCENE (DESK REPORT),NO INJURY / DRIVE AWAY,Y,,Y,"OVER $1,500",2/24/2022 16:42,WEATHER,UNABLE TO DETERMINE,2100,S,KEELER AVE,1012,,,,,,,2,NO INDICATION OF INJURY,0,0,0,0,0,2,0,16,5,2,41.85338195,-87.72982738,POINT (-87.729827378024 41.853381950749)
a63f26ac7c24c48919e4d82433901f47fd2298ad1c31721160bb29acb16ed6b6e467c3b79e89165d5fa31fde88bf92a53b24a75de20a7b6e63c7fb1209d43b36,JF156003,,2/24/2022 22:30,20,OTHER REG. SIGN,OTHER,CLEAR,"DARKNESS, LIGHTED ROAD",PARKED MOTOR VEHICLE,ONE-WAY,,STRAIGHT AND LEVEL,DRY,NO DEFECTS,NOT ON SCENE (DESK REPORT),NO INJURY / DRIVE AWAY,,,,"$501 - $1,500",2/25/2022 18:10,UNABLE TO DETERMINE,UNABLE TO DETERMINE,2425,N,GENEVA TER,1935,,,,,,,2,NO INDICATION OF INJURY,0,0,0,0,0,4,0,22,5,2,41.92631118,-87.6438303,POINT (-87.643830303972 41.926311175679)
ae0d82c751e988fbbc809c2d7bfcaca148315a4ae1fdcc4c8d61415984cd3bfc9dcb17b40f16907c481875930b9ba064ed839750858a4f4b71fd849762ea8cf3,JF148862,,2/17/2022 11:00,30,STOP SIGN/FLASHER,FUNCTIONING PROPERLY,CLEAR,DAYLIGHT,ANGLE,NOT DIVIDED,,STRAIGHT AND LEVEL,DRY,NO DEFECTS,NOT ON SCENE (DESK REPORT),INJURY AND / OR TOW DUE TO CRASH,,,,"OVER $1,500",2/18/2022 18:10,DISREGARDING STOP SIGN,DISREGARDING STOP SIGN,6700,S,WOLCOTT AVE,726,,,,,,,2,INCAPACITATING INJURY,1,0,1,0,0,1,0,11,5,2,41.77201028,-87.67143903,POINT (-87.671439024571 41.772010281211)
dcbb0c6b56e2d068677e5eb23244382847e3ad316fccb8dcd54d3f083204516a2bd29c0974f6fe83c4bb7334d403ccff49812c2a2fb1266bf61593c9d7f1055e,JF184043,,3/23/2022 15:50,30,NO CONTROLS,NO CONTROLS,RAIN,DAYLIGHT,REAR TO FRONT,DIVIDED - W/MEDIAN (NOT RAISED),,STRAIGHT AND LEVEL,WET,UNKNOWN,NOT ON SCENE (DESK REPORT),NO INJURY / DRIVE AWAY,,,Y,"OVER $1,500",3/23/2022 16:20,UNABLE TO DETERMINE,UNABLE TO DETERMINE,97,N,LARAMIE AVE,1532,,,,,,,2,NO INDICATION OF INJURY,0,0,0,0,0,2,0,15,4,3,41.88233194,-87.75499178,POINT (-87.754991779168 41.882331937786)
aea520d5c61b3bfb62fdc1d4c6da0d99d2ff2f56b08c56f2469020eb083a3e52586d57bba965f85d64286a133e817f0438acb8d473bf8550cf35f552181b8d9e,JF148916,,2/17/2022 20:00,30,NO CONTROLS,NO CONTROLS,SNOW,"DARKNESS, LIGHTED ROAD",PARKED MOTOR VEHICLE,PARKING LOT,,STRAIGHT AND LEVEL,WET,NO DEFECTS,NOT ON SCENE (DESK REPORT),NO INJURY / DRIVE AWAY,,Y,,"OVER $1,500",2/18/2022 19:00,UNABLE TO DETERMINE,UNABLE TO DETERMINE,4745,W,MADISON ST,1113,,,,,,,2,NO INDICATION OF INJURY,0,0,0,0,0,2,0,20,5,2,41.88039555,-87.74462145,POINT (-87.744621447108 41.880395554382)
de70c8e7d7cc70266c14c10a7bb72a12b41c0c1e66435f97e2de8c4781c07fe12268f46f6dcccaa9341c75d16aefcb9e77d95e392848db92863df8fcd52ed40f,JF184206,,3/23/2022 18:15,10,NO CONTROLS,NO CONTROLS,RAIN,DAYLIGHT,REAR TO SIDE,PARKING LOT,,STRAIGHT AND LEVEL,WET,NO DEFECTS,ON SCENE,NO INJURY / DRIVE AWAY,,,,$500 OR LESS,3/23/2022 18:18,IMPROPER BACKING,NOT APPLICABLE,1,E,83RD ST,632,,,,,,,2,NO INDICATION OF INJURY,0,0,0,0,0,3,0,18,4,3,41.74354676,-87.62425219,POINT (-87.624252185934 41.743546757867)
a8818b2e18f10ea52ae4dfa2ec210c07f0dba1a1454988e82dfc3673f54a73751a6eb4cfbf79b3e335aaa1cba11402ade8336d4492cb03473e2c606334884992,JF167046,,2/24/2022 18:00,25,NO CONTROLS,NO CONTROLS,SNOW,DARKNESS,FIXED OBJECT,NOT DIVIDED,,STRAIGHT AND LEVEL,SNOW OR SLUSH,"RUT, HOLES",NOT ON SCENE (DESK REPORT),NO INJURY / DRIVE AWAY,,,,"OVER $1,500",3/8/2022 11:40,UNABLE TO DETERMINE,UNABLE TO DETERMINE,1801,W,31ST PL,912,,,,,,,1,NO INDICATION OF INJURY,0,0,0,0,0,1,0,18,5,2,41.83671013,-87.67067386,POINT (-87.670673855408 41.836710128945)
de87caf1a25df597ab1547349cd7c816aedd6c848b8ce3ed7d462b4acfcfac90497f474fd876859b8c28b6918044899b50f1f56a83d997fa1e51d71ad763ddb3,JF184010,,3/23/2022 14:00,30,NO CONTROLS,UNKNOWN,RAIN,DAYLIGHT,PEDESTRIAN,FOUR WAY,,STRAIGHT AND LEVEL,WET,UNKNOWN,ON SCENE,INJURY AND / OR TOW DUE TO CRASH,Y,,,"OVER $1,500",3/23/2022 14:01,FAILING TO YIELD RIGHT-OF-WAY,NOT APPLICABLE,2800,W,TOUHY AVE,2411,,,,,,,2,NONINCAPACITATING INJURY,1,0,0,1,0,1,0,14,4,3,42.01217318,-87.69984398,POINT (-87.699843978265 42.012173177712)
a8ab0b12f358e428ffa65111d782e12b9bb1157e5d51fae3d8b370d121027c100440013ce6d5a26b85d204c4c5bb7d57f1c1cf83db80697003f049ae6723b068,JF155075,,2/24/2022 19:50,25,OTHER,OTHER,SNOW,"DARKNESS, LIGHTED ROAD",SIDESWIPE OPPOSITE DIRECTION,ONE-WAY,,STRAIGHT AND LEVEL,SNOW OR SLUSH,NO DEFECTS,ON SCENE,NO INJURY / DRIVE AWAY,,,Y,"OVER $1,500",2/24/2022 20:05,DRIVING ON WRONG SIDE/WRONG WAY,FAILING TO YIELD RIGHT-OF-WAY,2818,W,64TH ST,823,,,,,,,4,NO INDICATION OF INJURY,0,0,0,0,0,3,0,19,5,2,41.77739287,-87.69416327,POINT (-87.69416326764 41.777392872599)
af90c6da2f90a6856af1d10a2e8be24163e0f559c4ff880dc8a53743e912340dbf2eba57bc5cc813c8c0294ce0009945141bd977f1cdd590fda06abcf3665d28,JF147875,,2/17/2022 18:40,30,NO CONTROLS,NO CONTROLS,BLOWING SNOW,"DARKNESS, LIGHTED ROAD",FIXED OBJECT,DIVIDED - W/MEDIAN BARRIER,,STRAIGHT AND LEVEL,SNOW OR SLUSH,NO DEFECTS,ON SCENE,INJURY AND / OR TOW DUE TO CRASH,Y,Y,,"OVER $1,500",2/17/2022 18:42,WEATHER,WEATHER,798,S,HALSTED ST,1232,,,,,,,1,"REPORTED, NOT EVIDENT",1,0,0,0,1,0,0,18,5,2,41.87200402,-87.64717323,POINT (-87.647173229427 41.872004018832)
d664a94706d225631fb2844f8f5115f7b29bc379a201d18c6ad1d405e34218b25eb21a362e3c1672550f8763fb657977fce5f4066c2960729e6a825c64c7da4f,JF161729,,3/3/2022 9:19,30,TRAFFIC SIGNAL,FUNCTIONING PROPERLY,CLEAR,DAYLIGHT,REAR END,NOT DIVIDED,,STRAIGHT AND LEVEL,DRY,NO DEFECTS,NOT ON SCENE (DESK REPORT),NO INJURY / DRIVE AWAY,,,,"OVER $1,500",3/3/2022 10:15,DRIVING SKILLS/KNOWLEDGE/EXPERIENCE,DRIVING SKILLS/KNOWLEDGE/EXPERIENCE,1174,E,55TH ST,233,,,,,,,2,NO INDICATION OF INJURY,0,0,0,0,0,2,0,9,5,3,41.79517545,-87.59660148,POINT (-87.596601477337 41.795175450181)
afeaaedbe4ebfcf64058e9a4ae9e9effde84eb6456aa78bdbb4b9f53f8b1acf4fb29cc2b488d893ab8cc97ce9ed306fc338c1008c20e9c1e38cedc2e53da9e5e,JF147778,,2/17/2022 16:05,20,NO CONTROLS,NO CONTROLS,SNOW,DAWN,ANGLE,T-INTERSECTION,,STRAIGHT AND LEVEL,SNOW OR SLUSH,UNKNOWN,ON SCENE,NO INJURY / DRIVE AWAY,,,Y,"OVER $1,500",2/17/2022 16:10,UNABLE TO DETERMINE,UNABLE TO DETERMINE,2600,N,KENTON AVE,2521,,,,,,,2,NO INDICATION OF INJURY,0,0,0,0,0,2,0,16,5,2,41.92847562,-87.7421452,POINT (-87.742145201062 41.928475619623)
d699ab480c6a7883150b02cdecf9ab05737f9da5a2df1b6b08383000365a1985c022167ec82c4ba7748151902a949115a4e6f13a8e866fac5e17055412650e33,JF162329,,3/3/2022 18:05,30,TRAFFIC SIGNAL,FUNCTIONING PROPERLY,CLEAR,"DARKNESS, LIGHTED ROAD",REAR END,NOT DIVIDED,,STRAIGHT AND LEVEL,DRY,NO DEFECTS,NOT ON SCENE (DESK REPORT),INJURY AND / OR TOW DUE TO CRASH,,,,"OVER $1,500",3/3/2022 18:23,UNABLE TO DETERMINE,NOT APPLICABLE,9448,S,HALSTED ST,2223,,,,,,,2,"REPORTED, NOT EVIDENT",2,0,0,0,2,3,0,18,5,3,41.72153443,-87.64336192,POINT (-87.643361917193 41.721534427876)
cfd1332883b036d19a52f6ce8bee9c776df8a93afa8162c45a67c1e69000e997731b7ef9face5d6ca2b9f9dd07c3beae31ff8b0b1041f12ea59d0a85e1ef6e93,JE364838,,9/7/2021 14:47,30,NO CONTROLS,NO CONTROLS,RAIN,DAYLIGHT,REAR TO FRONT,DIVIDED - W/MEDIAN (NOT RAISED),,STRAIGHT AND LEVEL,WET,NO DEFECTS,,INJURY AND / OR TOW DUE TO CRASH,,,,"OVER $1,500",9/7/2021 15:01,FAILING TO YIELD RIGHT-OF-WAY,UNABLE TO DETERMINE,3855,W,GRAND AVE,2535,,,,,,,3,NO INDICATION OF INJURY,0,0,0,0,0,3,0,14,3,9,41.9048692,-87.72347494,POINT (-87.723474941773 41.904869199139)
de923dd01c42b0b4b34b52da1ef6c35899e2e24388ed6bf1e3bee009833637c52b510280fa9a3adf74d60bbc284a3254b7c82b296d958f99a6ac10e1e23a0414,JE373465,,9/14/2021 16:05,30,STOP SIGN/FLASHER,FUNCTIONING PROPERLY,CLEAR,DAYLIGHT,PARKED MOTOR VEHICLE,NOT DIVIDED,,STRAIGHT AND LEVEL,DRY,UNKNOWN,,NO INJURY / DRIVE AWAY,,,Y,"OVER $1,500",9/14/2021 16:05,UNABLE TO DETERMINE,UNABLE TO DETERMINE,6,E,72ND ST,323,,,,,,,2,NO INDICATION OF INJURY,0,0,0,0,0,1,0,16,3,9,41.76380946,-87.62461232,POINT (-87.62461232358 41.763809454546)
a9c45312feaca8efdb81f3b0f0dd9abd904474342753cc2de6f4160cff0a65379925881a3310fb1b309beab47763c2e428d8c317a048975b6865a92be0051777,JF130551,,2/1/2022 9:30,30,NO CONTROLS,NO CONTROLS,CLEAR,DAYLIGHT,SIDESWIPE SAME DIRECTION,NOT DIVIDED,,STRAIGHT AND LEVEL,DRY,NO DEFECTS,,NO INJURY / DRIVE AWAY,,,,"OVER $1,500",2/1/2022 9:56,UNABLE TO DETERMINE,NOT APPLICABLE,1398,N,PULASKI RD,2534,,,,,,,2,NO INDICATION OF INJURY,0,0,0,0,0,2,0,9,3,2,41.90612788,-87.72655403,POINT (-87.726554030886 41.906127875249)
a9cbcee0ca4ad2b3f1a0330bd61ce4c9f4b615cc213af9183e981a944879c54b3da6e83944fb5ffbccbdeba5fef03f6edc617f3ef732e4d22b205017c0bb0373,JE322619,,8/1/2021 20:13,30,TRAFFIC SIGNAL,FUNCTIONING PROPERLY,CLEAR,DUSK,REAR END,DIVIDED - W/MEDIAN (NOT RAISED),,STRAIGHT AND LEVEL,DRY,NO DEFECTS,,NO INJURY / DRIVE AWAY,,,,"OVER $1,500",8/1/2021 20:14,UNABLE TO DETERMINE,FOLLOWING TOO CLOSELY,608,W,BELMONT AVE,1925,,,,,,,2,NO INDICATION OF INJURY,0,0,0,0,0,3,0,20,1,8,41.94014606,-87.64479996,POINT (-87.644799955362 41.940146061412)
a9d4d098f2a4c5adc4ffee014dae07e3af8135a964dae842d091ce8144d582c4ceee01e052f2f53b913fe0ba21e68d527139155d699ab7a1058486eb79f3c8e1,JE464300,Y,12/3/2021 3:00,20,NO CONTROLS,NO CONTROLS,CLEAR,"DARKNESS, LIGHTED ROAD",PARKED MOTOR VEHICLE,NOT DIVIDED,,STRAIGHT AND LEVEL,UNKNOWN,UNKNOWN,,NO INJURY / DRIVE AWAY,,,Y,"OVER $1,500",12/3/2021 3:05,UNABLE TO DETERMINE,UNABLE TO DETERMINE,6012,S,WOOD ST,714,,,,,,,3,NO INDICATION OF INJURY,0,0,0,0,0,1,0,3,6,12,41.78443655,-87.66933501,POINT (-87.669335013626 41.784436553042)
b15a30a0d2a72586bd3d77dd66ef9ff6914eaf1e019eeec582649e08253374bf8fbddb6401a74f6eb50ef29cbc7a5813221e13194a5ca262333adff4d0d9c52e,JF147944,,2/17/2022 18:20,30,NO CONTROLS,NO CONTROLS,SNOW,UNKNOWN,REAR END,DIVIDED - W/MEDIAN BARRIER,,STRAIGHT AND LEVEL,SNOW OR SLUSH,UNKNOWN,NOT ON SCENE (DESK REPORT),INJURY AND / OR TOW DUE TO CRASH,,,Y,"OVER $1,500",2/17/2022 19:30,UNABLE TO DETERMINE,NOT APPLICABLE,12958,S,DOTY AVE E,434,,,,,,,2,NO INDICATION OF INJURY,0,0,0,0,0,2,0,18,5,2,41.66149185,-87.58712811,POINT (-87.587128108255 41.661491844547)
b1cc1ac27c37a903a7b0efdb2acf09778eec6f71ecb9c3ec5793be49598b3dab97710f47268fb3a479278b0f0773e0e2076264c5eab5f677b1c63d3661d33e23,JF147119,Y,2/17/2022 8:25,30,TRAFFIC SIGNAL,FUNCTIONING PROPERLY,CLEAR,DAYLIGHT,PEDESTRIAN,FOUR WAY,,STRAIGHT AND LEVEL,WET,NO DEFECTS,ON SCENE,INJURY AND / OR TOW DUE TO CRASH,Y,,,$500 OR LESS,2/17/2022 8:30,FAILING TO YIELD RIGHT-OF-WAY,"VISION OBSCURED (SIGNS, TREE LIMBS, BUILDINGS, ETC.)",1102,W,BRYN MAWR AVE,2022,,,,,,,2,NONINCAPACITATING INJURY,1,0,0,1,0,1,0,8,5,2,41.98376537,-87.65819225,POINT (-87.65819224722 41.983765365768)
d87011ff3a0243ed72a766fe156a7cea039573476e9ba6fe566719fd585991af58a221d8b18f26cdbcc2b1241b4165efade0ca82ee05e2ac09323fb0dc7436cc,JF162042,,3/3/2022 14:00,30,TRAFFIC SIGNAL,FUNCTIONING PROPERLY,CLEAR,DAYLIGHT,PARKED MOTOR VEHICLE,NOT DIVIDED,,STRAIGHT AND LEVEL,DRY,NO DEFECTS,ON SCENE,NO INJURY / DRIVE AWAY,,,Y,$500 OR LESS,3/3/2022 14:24,UNABLE TO DETERMINE,UNABLE TO DETERMINE,4799,N,MARINE DR,1914,,,,,,,2,NO INDICATION OF INJURY,0,0,0,0,0,2,0,14,5,3,41.96915143,-87.64947875,POINT (-87.649478752401 41.96915143013)
d89d372662204aac3149546b1cd3e6fee619696684a08fdb0ac2a77932f0be97fd8fdf8df2568d653e99c37c539f822d980a056e6db53ab22d9af481f7b88471,JF162551,,3/3/2022 21:30,30,NO CONTROLS,NO CONTROLS,CLEAR,"DARKNESS, LIGHTED ROAD",PARKED MOTOR VEHICLE,NOT DIVIDED,,STRAIGHT AND LEVEL,DRY,NO DEFECTS,ON SCENE,INJURY AND / OR TOW DUE TO CRASH,,,Y,"OVER $1,500",3/3/2022 23:46,FAILING TO REDUCE SPEED TO AVOID CRASH,UNABLE TO DETERMINE,8640,S,JEFFERY BLVD,412,,,,,,,2,NO INDICATION OF INJURY,0,0,0,0,0,1,0,21,5,3,41.73765363,-87.57587587,POINT (-87.575875865246 41.737653633631)
d0b058b70cd51b12044b1ba747d52a04b5c4567cb849750f92ca3b098eb9813320cb26eed06cd21a6bd017e853a3e9536b198d8ff168e2c5a51392c19ec67548,JF177605,,3/17/2022 20:25,30,TRAFFIC SIGNAL,FUNCTIONING PROPERLY,CLEAR,DARKNESS,ANGLE,FOUR WAY,,STRAIGHT AND LEVEL,DRY,NO DEFECTS,ON SCENE,NO INJURY / DRIVE AWAY,Y,,,"OVER $1,500",3/17/2022 20:27,DISREGARDING TRAFFIC SIGNALS,DISTRACTION - FROM OUTSIDE VEHICLE,3558,W,ARMITAGE AVE,1413,,,,,,,2,NO INDICATION OF INJURY,0,0,0,0,0,4,0,20,5,3,41.91740184,-87.71589124,POINT (-87.715891240512 41.917401837989)
d95e0a35153d3bff0c2665053dec4e6bf5bf274494d2f33bb15bf08bf9049b17d6f9430fd14c5d929cd1e3614d2cbca72bf4db760a1c667c6ad8b17a22b6bd74,JF162389,,3/3/2022 19:17,30,TRAFFIC SIGNAL,FUNCTIONING PROPERLY,CLEAR,"DARKNESS, LIGHTED ROAD",REAR END,DIVIDED - W/MEDIAN (NOT RAISED),,STRAIGHT AND LEVEL,DRY,NO DEFECTS,ON SCENE,NO INJURY / DRIVE AWAY,,,,"$501 - $1,500",3/3/2022 20:27,FAILING TO REDUCE SPEED TO AVOID CRASH,NOT APPLICABLE,12256,S,HALSTED ST,524,,Y,,,,,2,NO INDICATION OF INJURY,0,0,0,0,0,2,0,19,5,3,41.67068412,-87.64181632,POINT (-87.641816319681 41.670684121013)
aab5e77388fc67405be2569ddc43623f2a4413af46b1a0f5ed557c5874caa690922f61759c591eab04c1d1125525a44811028f8104d1181d6023178ad0515d68,JF154789,,2/24/2022 15:33,30,NO CONTROLS,NO CONTROLS,SNOW,DAYLIGHT,PEDESTRIAN,ONE-WAY,,STRAIGHT AND LEVEL,SNOW OR SLUSH,NO DEFECTS,ON SCENE,INJURY AND / OR TOW DUE TO CRASH,,,,$500 OR LESS,2/24/2022 15:46,"VISION OBSCURED (SIGNS, TREE LIMBS, BUILDINGS, ETC.)",NOT APPLICABLE,5148,S,FAIRFIELD AVE,923,,,,,,,2,NONINCAPACITATING INJURY,1,0,0,1,0,4,0,15,5,2,41.79955633,-87.69288591,POINT (-87.692885905275 41.799556327292)
d16f8af03850b7fa96173c3cecb5b0e5f77d621ca793fe8f89898cbc8ebed89376249dd108a964f6139c34d6a6eed6b4e1daa5e00a0995129ffa8481870d5ea5,JF177721,,3/17/2022 23:55,30,NO CONTROLS,NO CONTROLS,CLEAR,"DARKNESS, LIGHTED ROAD",PARKED MOTOR VEHICLE,ONE-WAY,,STRAIGHT AND LEVEL,DRY,NO DEFECTS,ON SCENE,INJURY AND / OR TOW DUE TO CRASH,,,,"OVER $1,500",3/17/2022 23:55,TEXTING,DISTRACTION - FROM INSIDE VEHICLE,5231,S,KILDARE AVE,815,,,,,,,2,NO INDICATION OF INJURY,0,0,0,0,0,1,0,23,5,3,41.79770585,-87.73050032,POINT (-87.730500320309 41.797705847672)
df6a94229afec4349d83791649c51235929af10e14e7a6ea2cd2336f85a2fd689552997c28bb6772499ece52d07b13673f410b29b395827742fcb71a17c1aaba,JD307243,,7/23/2020 13:15,30,NO CONTROLS,NO CONTROLS,CLEAR,DAYLIGHT,REAR TO REAR,PARKING LOT,,STRAIGHT AND LEVEL,DRY,NO DEFECTS,,NO INJURY / DRIVE AWAY,,,,"$501 - $1,500",7/23/2020 14:10,UNABLE TO DETERMINE,NOT APPLICABLE,7225,W,BELMONT AVE,2511,,,,,,,2,NO INDICATION OF INJURY,0,0,0,0,0,2,0,13,5,7,41.93788022,-87.80781543,POINT (-87.807815424603 41.937880223706)
ab5997d1f5f31714a1dfba8b94461119547b7b78e856b66bf6478c5fd276c59ae472c5466fb7974c540479a69a0fccdebc64e7e9d05c73494d920f3315c02125,JF154408,,2/24/2022 9:30,30,NO CONTROLS,NO CONTROLS,CLOUDY/OVERCAST,DAYLIGHT,SIDESWIPE SAME DIRECTION,DIVIDED - W/MEDIAN BARRIER,,"CURVE, LEVEL",DRY,NO DEFECTS,ON SCENE,NO INJURY / DRIVE AWAY,,,,"$501 - $1,500",2/24/2022 9:35,UNABLE TO DETERMINE,NOT APPLICABLE,4502,N,CICERO AVE,1623,,,,,,,2,NO INDICATION OF INJURY,0,0,0,0,0,2,0,9,5,2,41.96235449,-87.74764563,POINT (-87.747645631079 41.962354494436)
b2f8b6e8cbf910decaa397a50371613691244a92bd7d32fc38a0301757c50d9d8b3837766fc9099f64a93c68c633f2110ce8d1c731aed99cdd996e45841be1e8,JF147034,,2/17/2022 6:00,40,SCHOOL ZONE,NO CONTROLS,RAIN,DARKNESS,REAR END,DIVIDED - W/MEDIAN BARRIER,,STRAIGHT AND LEVEL,WET,OTHER,ON SCENE,INJURY AND / OR TOW DUE TO CRASH,,,,"OVER $1,500",2/17/2022 6:13,NOT APPLICABLE,NOT APPLICABLE,4200,N,LAKE SHORE DR SB,1915,,,,,,,2,"REPORTED, NOT EVIDENT",1,0,0,0,1,1,0,6,5,2,41.95855184,-87.64623776,POINT (-87.646237759782 41.958551837596)
b2ff19cf05c21dd2d536b4169debf6184247cec3c7165980b9a9187c89c9eb20e6abc4db8b3598e2b582fb6bb70ca77d1932661b30eaf852484e203a6fc27d58,JF148529,,2/17/2022 15:15,30,NO CONTROLS,NO CONTROLS,SNOW,DAYLIGHT,PARKED MOTOR VEHICLE,NOT DIVIDED,,STRAIGHT AND LEVEL,SNOW OR SLUSH,NO DEFECTS,NOT ON SCENE (DESK REPORT),NO INJURY / DRIVE AWAY,,,Y,"OVER $1,500",2/18/2022 13:33,UNABLE TO DETERMINE,UNABLE TO DETERMINE,6550,S,COTTAGE GROVE AVE,321,,,,,,,2,NO INDICATION OF INJURY,0,0,0,0,0,1,0,15,5,2,41.77527504,-87.60596335,POINT (-87.605963353554 41.775275039983)