CRASH_RECORD_ID,RD_NO,CRASH_DATE_EST_I,CRASH_DATE,POSTED_SPEED_LIMIT,TRAFFIC_CONTROL_DEVICE,DEVICE_CONDITION,WEATHER_CONDITION,LIGHTING_CONDITION,FIRST_CRASH_TYPE,TRAFFICWAY_TYPE,LANE_CNT,ALIGNMENT,ROADWAY_SURFACE_COND,ROAD_DEFECT,REPORT_TYPE,CRASH_TYPE,INTERSECTION_RELATED_I,NOT_RIGHT_OF_WAY_I,HIT_AND_RUN_I,DAMAGE,DATE_POLICE_NOTIFIED,PRIM_CONTRIBUTORY_CAUSE,SEC_CONTRIBUTORY_CAUSE,STREET_NO,STREET_DIRECTION,STREET_NAME,BEAT_OF_OCCURRENCE,PHOTOS_TAKEN_I,STATEMENTS_TAKEN_I,DOORING_I,WORK_ZONE_I,WORK_ZONE_TYPE,WORKERS_PRESENT_I,NUM_UNITS,MOST_SEVERE_INJURY,INJURIES_TOTAL,INJURIES_FATAL,INJURIES_INCAPACITATING,INJURIES_NON_INCAPACITATING,INJURIES_REPORTED_NOT_EVIDENT,INJURIES_NO_INDICATION,INJURIES_UNKNOWN,CRASH_HOUR,CRASH_DAY_OF_WEEK,CRASH_MONTH,LATITUDE,LONGITUDE,LOCATION
b31fcc68c56b4a534df96169c065381997e81604739bc9df4e6f7f3b216250257239d656185c1e6592e5c3b347e23d6ed7df220f95cb2e4a3735ea593a6cf348,JF148518,,2/17/2022 15:30,30,NO CONTROLS,NO CONTROLS,SNOW,DAYLIGHT,REAR END,NOT DIVIDED,,STRAIGHT AND LEVEL,SNOW OR SLUSH,NO DEFECTS,NOT ON SCENE (DESK REPORT),NO INJURY / DRIVE AWAY,,,,"$501 - $1,500",2/18/2022 16:00,FOLLOWING TOO CLOSELY,WEATHER,5130,W,DIVERSEY AVE,2521,,,,,,,2,NO INDICATION OF INJURY,0,0,0,0,0,3,0,15,5,2,41.93152593,-87.75523131,POINT (-87.755231307513 41.931525928749)
d3afad3e9d00c68fab7c9505bb4ddcd93915e482f02491f78badc70d9d9e19e9f4705fdb3bb1ee755dd51b7ae785ff1ab6a856785e8ba7c1a4d5b8a9260b60e6,JF176768,,3/17/2022 7:55,30,NO CONTROLS,NO CONTROLS,CLEAR,DAYLIGHT,PARKED MOTOR VEHICLE,ONE-WAY,,STRAIGHT AND LEVEL,DRY,NO DEFECTS,ON SCENE,NO INJURY / DRIVE AWAY,,,Y,"OVER $1,500",3/17/2022 9:07,FAILING TO REDUCE SPEED TO AVOID CRASH,NOT APPLICABLE,8218,S,INDIANA AVE,631,,,,,,,2,NO INDICATION OF INJURY,0,0,0,0,0,1,0,7,5,3,41.74495424,-87.61975088,POINT (-87.61975088072 41.744954235804)
b3701e16522d8b616ca2f3a7a45194a8558286488f9e932176af2222a61118d7da559fa8532405e45f4cb0a30c902cd05f268c9c20d1f3d3b484bb19487656fd,JF147716,,2/17/2022 17:12,30,NO CONTROLS,NO CONTROLS,SNOW,"DARKNESS, LIGHTED ROAD",REAR END,DIVIDED - W/MEDIAN BARRIER,,STRAIGHT AND LEVEL,SNOW OR SLUSH,NO DEFECTS,ON SCENE,NO INJURY / DRIVE AWAY,,,Y,"OVER $1,500",2/17/2022 17:12,FOLLOWING TOO CLOSELY,WEATHER,1765,W,95TH ST,2213,,,,,,,2,NO INDICATION OF INJURY,0,0,0,0,0,2,0,17,5,2,41.72103967,-87.66731712,POINT (-87.667317116274 41.721039673747)
db9072161a756c9d71daf56b8e36a9d22cb771e8b15e51c2333c4ae8e1f76c2fcc038ce05694f23698e17c16839c47c4fd75c2738ddf97567e5b13879b2201fd,JF162402,,3/3/2022 19:18,30,NO CONTROLS,NO CONTROLS,CLEAR,"DARKNESS, LIGHTED ROAD",REAR END,DIVIDED - W/MEDIAN BARRIER,,STRAIGHT AND LEVEL,DRY,NO DEFECTS,ON SCENE,NO INJURY / DRIVE AWAY,,,Y,"OVER $1,500",3/3/2022 19:18,UNABLE TO DETERMINE,NOT APPLICABLE,840,N,LAKE SHORE DR,1833,,,,,,,3,NO INDICATION OF INJURY,0,0,0,0,0,3,0,19,5,3,41.89783123,-87.61790613,POINT (-87.617906129409 41.89783123289)
b3ae02a4da601e2c36d0c8eedb7a0759cfbdde534ba406504207fe25eea8ad427a54e0fd60336cccbffd5d5af4e2191f352d7670a7872651f084a78cc5af4e76,JF147748,,2/17/2022 15:30,30,UNKNOWN,UNKNOWN,SNOW,DAYLIGHT,PARKED MOTOR VEHICLE,UNKNOWN,,STRAIGHT AND LEVEL,DRY,UNKNOWN,NOT ON SCENE (DESK REPORT),NO INJURY / DRIVE AWAY,Y,,,"OVER $1,500",2/17/2022 17:50,UNABLE TO DETERMINE,UNABLE TO DETERMINE,3510,S,MICHIGAN AVE,213,,,,,,,2,NO INDICATION OF INJURY,0,0,0,0,0,1,0,15,5,2,41.83070169,-87.62339535,POINT (-87.623395345899 41.830701687298)
d3bfbe9f8a57bd393c08fda98ed139d8184092ea9b4310445bb99dc4ddd2d9b014e03444c6973f87dc295d3586327e5f23439cb63bdfe075c08ced76a476e7cd,JD179897,,3/9/2020 12:15,25,NO CONTROLS,NO CONTROLS,CLEAR,DAYLIGHT,PARKED MOTOR VEHICLE,NOT DIVIDED,,STRAIGHT AND LEVEL,DRY,NO DEFECTS,,NO INJURY / DRIVE AWAY,,,Y,"$501 - $1,500",3/9/2020 18:15,NOT APPLICABLE,NOT APPLICABLE,3433,W,MADISON ST,1123,,,,,,,2,NO INDICATION OF INJURY,0,0,0,0,0,1,0,12,2,3,41.88079069,-87.71242878,POINT (-87.712428783212 41.880790685199)
e0c3b70e1c69093d50e6fc73c3315da08aa5e19a2c558ab63a3807107e03722e3ba3e34348479f862cbadd1e5758afe60e399bb4e8f4f1048fb117f9cb9f39a4,JE399247,,10/5/2021 15:10,20,NO CONTROLS,NO CONTROLS,CLEAR,DAYLIGHT,PARKED MOTOR VEHICLE,PARKING LOT,,STRAIGHT AND LEVEL,DRY,NO DEFECTS,,NO INJURY / DRIVE AWAY,,,,"OVER $1,500",10/5/2021 17:25,DRIVING SKILLS/KNOWLEDGE/EXPERIENCE,NOT APPLICABLE,6253,S,COTTAGE GROVE AVE,313,,,,,,,2,NO INDICATION OF INJURY,0,0,0,0,0,2,0,15,3,10,41.78067286,-87.60578926,POINT (-87.605789255575 41.780672861419)
d475d130747e396a4e1d1d5db49c541c2c2895f7aa2bc45e551b8caa1225d0d3ff6b2d1af69aff18cffa15cc8804539e5de766ed6fbc931909ce07cb1661f3a0,JF177519,,3/17/2022 18:30,30,NO CONTROLS,NO CONTROLS,CLEAR,DAYLIGHT,SIDESWIPE SAME DIRECTION,DIVIDED - W/MEDIAN (NOT RAISED),,STRAIGHT AND LEVEL,DRY,NO DEFECTS,ON SCENE,INJURY AND / OR TOW DUE TO CRASH,Y,,Y,"OVER $1,500",3/17/2022 18:37,UNABLE TO DETERMINE,UNABLE TO DETERMINE,3259,W,CERMAK RD,1024,,Y,,,,,3,"REPORTED, NOT EVIDENT",2,0,0,0,2,2,0,18,5,3,41.85162687,-87.70762693,POINT (-87.707626933502 41.851626870794)
d4eb2a6deef1854eae3416f74c7eb52ad3f3ae15d2b8cc1e556f841298e5ba26509761e0270334d4a9b0bb20577ceaa2c97d9cff2c30e2524ffb33a5e890e6cf,JF176712,,3/17/2022 0:20,0,NO CONTROLS,NO CONTROLS,CLEAR,DARKNESS,PARKED MOTOR VEHICLE,UNKNOWN,,STRAIGHT ON GRADE,UNKNOWN,UNKNOWN,ON SCENE,NO INJURY / DRIVE AWAY,,Y,Y,"OVER $1,500",3/17/2022 8:00,"OPERATING VEHICLE IN ERRATIC, RECKLESS, CARELESS, NEGLIGENT OR AGGRESSIVE MANNER",NOT APPLICABLE,340,N,HOYNE AVE,1223,,,,,,,2,NO INDICATION OF INJURY,0,0,0,0,0,1,0,0,5,3,41.88789303,-87.67941444,POINT (-87.679414442773 41.887893029553)
ad2a01e78d22ed39b0dd5f6e01fd7c741d606bcfef6209b0f4f3d1aad0e0383308f66d09e9febee555367ddd6a0550d7d518b421bcd9502d3f30f89cdee17ef5,JF154960,Y,2/24/2022 2:00,30,NO CONTROLS,NO CONTROLS,CLEAR,"DARKNESS, LIGHTED ROAD",PARKED MOTOR VEHICLE,DIVIDED - W/MEDIAN (NOT RAISED),,STRAIGHT AND LEVEL,UNKNOWN,UNKNOWN,NOT ON SCENE (DESK REPORT),NO INJURY / DRIVE AWAY,,,Y,"OVER $1,500",2/24/2022 18:15,UNABLE TO DETERMINE,UNABLE TO DETERMINE,1348,N,LARAMIE AVE,2532,,,,,,,2,NO INDICATION OF INJURY,0,0,0,0,0,1,0,2,5,2,41.90550048,-87.75599663,POINT (-87.755996632835 41.905500475338)
ad2fca3904dc5f1640111481af95a63429fcc35946c8f7b13bf7dd25cbb46b82b75d260430c478cf8ba69e677d6470aab0d0666f945d41e76e96036333a45a38,JF154426,,2/24/2022 9:40,30,RAILROAD CROSSING GATE,FUNCTIONING PROPERLY,CLEAR,DAYLIGHT,TURNING,NOT DIVIDED,,STRAIGHT AND LEVEL,DRY,NO DEFECTS,ON SCENE,NO INJURY / DRIVE AWAY,,,,"OVER $1,500",2/24/2022 9:44,IMPROPER BACKING,NOT APPLICABLE,345,N,CANAL ST,1214,,,,,,,2,NO INDICATION OF INJURY,0,0,0,0,0,2,0,9,5,2,41.88816582,-87.63981481,POINT (-87.63981481295 41.888165819564)
ad42089925fc7064bba2c4662d9aa2970d15a345419b3eb4208d388c2638d3c15b827faf15ed0c918ecea474bc21beb6bec09dc72732c8b68cea2f7bfcfad939,JF155032,,2/24/2022 18:59,30,TRAFFIC SIGNAL,FUNCTIONING PROPERLY,SNOW,"DARKNESS, LIGHTED ROAD",TURNING,NOT DIVIDED,,STRAIGHT AND LEVEL,SNOW OR SLUSH,NO DEFECTS,ON SCENE,INJURY AND / OR TOW DUE TO CRASH,Y,,,"$501 - $1,500",2/24/2022 18:59,WEATHER,FAILING TO REDUCE SPEED TO AVOID CRASH,200,N,OGDEN AVE,1215,,,,,,,2,NONINCAPACITATING INJURY,1,0,0,1,0,2,0,18,5,2,41.8854749,-87.66280519,POINT (-87.662805184738 41.885474900515)
dbcb0212515dd8928990765fcd0ac85e38041fed3ec023d4ca1802ccb225041ea35f1362463fc57421a72edf73c1ff3f85b4382ebde331f999542953d09467dd,JF162525,,3/3/2022 9:30,30,NO CONTROLS,NO CONTROLS,CLEAR,DARKNESS,REAR END,NOT DIVIDED,,STRAIGHT AND LEVEL,DRY,UNKNOWN,NOT ON SCENE (DESK REPORT),NO INJURY / DRIVE AWAY,,,,"OVER $1,500",3/3/2022 23:15,IMPROPER OVERTAKING/PASSING,NOT APPLICABLE,1000,N,NOBLE ST,1213,,,,,,,2,NO INDICATION OF INJURY,0,0,0,0,0,2,0,9,5,3,41.89983487,-87.66265232,POINT (-87.662652324317 41.899834873228)
dc478c743bdf8b66c7ef73f77cc59ea87386ff40992cc69cd518fb4197f29081993ed996b89bd1f0b1c7090f7d1aaa35ea0286e7aad4b73c7bdac9c697a5ebbe,JF162168,,3/3/2022 15:30,30,NO CONTROLS,NO CONTROLS,CLEAR,DAYLIGHT,SIDESWIPE SAME DIRECTION,NOT DIVIDED,,STRAIGHT AND LEVEL,DRY,UNKNOWN,ON SCENE,NO INJURY / DRIVE AWAY,,,,"OVER $1,500",3/3/2022 15:55,NOT APPLICABLE,NOT APPLICABLE,7028,W,63RD ST,812,,,,,,,2,NO INDICATION OF INJURY,0,0,0,0,0,2,0,15,5,3,41.77749652,-87.79687277,POINT (-87.796872773194 41.777496523992)
b5bb765bc282de6d59763f7b72a68da7ec3e8f455faa77a4c01132b47c6a4f42e61282ab5d5c8c6a3876a6e716565eddc0dd897f8c24c446b7ac5b1833a59e51,JF147814,,2/17/2022 17:27,30,TRAFFIC SIGNAL,FUNCTIONING PROPERLY,SNOW,"DARKNESS, LIGHTED ROAD",TURNING,DIVIDED - W/MEDIAN BARRIER,,STRAIGHT AND LEVEL,SNOW OR SLUSH,UNKNOWN,ON SCENE,INJURY AND / OR TOW DUE TO CRASH,Y,,,"$501 - $1,500",2/17/2022 17:37,WEATHER,NOT APPLICABLE,4400,W,CERMAK RD,1012,,,,,,,2,NO INDICATION OF INJURY,0,0,0,0,0,9,0,17,5,2,41.8515092,-87.73455933,POINT (-87.734559326014 41.851509196295)
dd7737a2d09603615a701cb34dd173c2dbaeea0be334b69cfb3e6a9fb17b8d682e6060e1ac09ec9548633dcca2f5de6f00dc1252e3e6a91581dd09ba1d0497ca,JF161920,,3/3/2022 12:00,30,TRAFFIC SIGNAL,FUNCTIONING PROPERLY,CLEAR,DAYLIGHT,REAR END,NOT DIVIDED,,STRAIGHT AND LEVEL,DRY,NO DEFECTS,NOT ON SCENE (DESK REPORT),NO INJURY / DRIVE AWAY,,,,"OVER $1,500",3/3/2022 12:25,IMPROPER OVERTAKING/PASSING,NOT APPLICABLE,2200,W,TOUHY AVE,2411,,,,,,,2,NO INDICATION OF INJURY,0,0,0,0,0,2,0,12,5,3,42.01234941,-87.6862802,POINT (-87.68628020017 42.012349407567)
af0c506caaa515419dd6684c80c0f1d76f8eb5e20d2ef7b522fbfdab6ad4e028e917f50ea6591b1fdab822886fcb79a88756bd1b150a3d4ab2114f56f37b0a9c,JF154194,,2/24/2022 0:03,30,NO CONTROLS,NO CONTROLS,CLEAR,DARKNESS,ANGLE,NOT DIVIDED,,STRAIGHT ON GRADE,SNOW OR SLUSH,"RUT, HOLES",ON SCENE,INJURY AND / OR TOW DUE TO CRASH,Y,,,"OVER $1,500",2/24/2022 0:06,FAILING TO YIELD RIGHT-OF-WAY,UNABLE TO DETERMINE,3110,W,66TH ST,831,,,,,,,2,NO INDICATION OF INJURY,0,0,0,0,0,2,0,0,5,2,41.77363855,-87.70109019,POINT (-87.701090193438 41.773638550701)
ae70d7d4596c8d2c4631186edc3e32f2f988ba38c137d63e81861ba08145f6f0fa72cfc75e1526a842bd54ed48484ad316efb6984a88babdf3f33ad913fe5cee,JE294684,,7/8/2021 13:10,30,UNKNOWN,UNKNOWN,CLEAR,DAYLIGHT,PEDALCYCLIST,NOT DIVIDED,,STRAIGHT AND LEVEL,DRY,UNKNOWN,,NO INJURY / DRIVE AWAY,,,,"OVER $1,500",7/8/2021 14:45,FAILING TO YIELD RIGHT-OF-WAY,IMPROPER TURNING/NO SIGNAL,304,N,CLINTON ST,1214,,,,,,,2,NO INDICATION OF INJURY,0,0,0,0,0,2,0,13,5,7,41.88698515,-87.64148679,POINT (-87.641486785644 41.886985149401)
dd22ddd72cc54572b225cf688b7c0ff544a7da5beb8413994b20af68f95ed8cec5662da44c63b152f4d26792c1ccdc2d2be9140bb09ff5d67f530de802317647,JD290157,Y,7/8/2020 10:00,30,STOP SIGN/FLASHER,FUNCTIONING PROPERLY,CLEAR,DAYLIGHT,ANGLE,NOT DIVIDED,,STRAIGHT AND LEVEL,DRY,NO DEFECTS,,INJURY AND / OR TOW DUE TO CRASH,Y,,Y,"OVER $1,500",7/8/2020 10:05,FAILING TO YIELD RIGHT-OF-WAY,FAILING TO REDUCE SPEED TO AVOID CRASH,1500,W,DEVON AVE,2432,,,,,,,2,NONINCAPACITATING INJURY,1,0,0,1,0,1,0,10,4,7,41.99821788,-87.66802505,POINT (-87.668025053649 41.998217876132)
dd237c40e59affcb46566ff53149fb1571e27f6206c20cc16eeb63ebbe256193a305bed65164cbf0c6dd1b6cdda83058431a559f3d39d9b3c17083271f51bf6e,JF132304,,2/3/2022 0:30,30,TRAFFIC SIGNAL,UNKNOWN,OTHER,"DARKNESS, LIGHTED ROAD",ANGLE,NOT DIVIDED,,STRAIGHT AND LEVEL,WET,UNKNOWN,,INJURY AND / OR TOW DUE TO CRASH,Y,,Y,"OVER $1,500",2/3/2022 0:32,PHYSICAL CONDITION OF DRIVER,UNABLE TO DETERMINE,3601,W,DIVERSEY AVE,2524,,,,,,,3,NONINCAPACITATING INJURY,1,0,0,1,0,1,0,0,5,2,41.93180044,-87.7172538,POINT (-87.717253799732 41.931800436541)
af25f189e727e7a1548a2a52c3fb1dbbd1dcb9b828ad99267e71dd21fd92eeb01f68e136a975f92783ea0252793b65dc11341bc2b1a53e8fca6c5f89dabd14e5,JF154815,,2/24/2022 14:15,30,NO CONTROLS,NO CONTROLS,CLEAR,DAYLIGHT,PARKED MOTOR VEHICLE,ONE-WAY,,STRAIGHT AND LEVEL,UNKNOWN,UNKNOWN,NOT ON SCENE (DESK REPORT),NO INJURY / DRIVE AWAY,,,,"OVER $1,500",2/24/2022 16:00,UNABLE TO DETERMINE,UNABLE TO DETERMINE,3020,N,LAMON AVE,2521,,,,,,,2,NO INDICATION OF INJURY,0,0,0,0,0,2,0,14,5,2,41.93577597,-87.74936705,POINT (-87.749367053439 41.935775972426)
d607e505d5da3e8534e3e28b0cecd332127983ba108ac29e22ea9d7d6dda2737c346e3be4eb6467eaaab79b55cd6f2aa653eee831c16fa42bbe0f15fbd7a11e8,JF176922,,3/17/2022 9:30,30,TRAFFIC SIGNAL,NO CONTROLS,CLEAR,DAYLIGHT,TURNING,NOT DIVIDED,,STRAIGHT AND LEVEL,DRY,NO DEFECTS,NOT ON SCENE (DESK REPORT),NO INJURY / DRIVE AWAY,,,,"OVER $1,500",3/17/2022 10:00,FAILING TO YIELD RIGHT-OF-WAY,NOT APPLICABLE,1599,N,KOSTNER AVE,2534,,,,,,,2,NO INDICATION OF INJURY,0,0,0,0,0,2,0,9,5,3,41.90963195,-87.73614255,POINT (-87.736142546244 41.909631947274)
af7763240c2a8b25332f601dd40edd0ee62455edc57bce868a9a9f21c475abc29252774fb1e92f5bba98f47b4ff4b6bd3b7edbbd9f7cecb800950ca4980bb27d,JF155195,,2/24/2022 22:12,25,NO CONTROLS,NO CONTROLS,SNOW,"DARKNESS, LIGHTED ROAD",PARKED MOTOR VEHICLE,DIVIDED - W/MEDIAN (NOT RAISED),,STRAIGHT AND LEVEL,SNOW OR SLUSH,NO DEFECTS,ON SCENE,INJURY AND / OR TOW DUE TO CRASH,,,Y,"OVER $1,500",2/24/2022 22:12,UNABLE TO DETERMINE,NOT APPLICABLE,913,S,INDEPENDENCE BLVD,1133,,,,,,,3,NO INDICATION OF INJURY,0,0,0,0,0,1,0,22,5,2,41.86955475,-87.7194872,POINT (-87.719487194556 41.8695547471)
d625392257a4f6aeb0ee323f418095860b22ff390391d9e2ff7deed749e8f2c71772b7b601a931be2a3dcfaa5650dbbd70ebc79a2e643c945ba039172c330738,JF181785,,3/17/2022 15:55,30,STOP SIGN/FLASHER,FUNCTIONING PROPERLY,CLEAR,DAYLIGHT,ANGLE,FOUR WAY,,STRAIGHT AND LEVEL,DRY,NO DEFECTS,NOT ON SCENE (DESK REPORT),NO INJURY / DRIVE AWAY,,,Y,"OVER $1,500",3/21/2022 18:10,IMPROPER OVERTAKING/PASSING,UNABLE TO DETERMINE,2800,W,CORTLAND ST,1421,,,,,,,2,NO INDICATION OF INJURY,0,0,0,0,0,2,0,15,5,3,41.91578114,-87.69720089,POINT (-87.697200893075 41.915781135963)
de90f8ec5efc4209f964e8e46711e355a21ea7f3a39b00d7597e08c98caccaed275fb80b0d88f16bdd790ca90b2996527928dc99663074f183b2d387e86197e3,JF162414,,3/3/2022 19:43,30,NO CONTROLS,NO CONTROLS,CLEAR,DARKNESS,SIDESWIPE SAME DIRECTION,ONE-WAY,,STRAIGHT AND LEVEL,DRY,NO DEFECTS,ON SCENE,NO INJURY / DRIVE AWAY,,,Y,"OVER $1,500",3/3/2022 19:44,"OPERATING VEHICLE IN ERRATIC, RECKLESS, CARELESS, NEGLIGENT OR AGGRESSIVE MANNER","OPERATING VEHICLE IN ERRATIC, RECKLESS, CARELESS, NEGLIGENT OR AGGRESSIVE MANNER",2348,W,VAN BUREN ST,1225,,,,,,,2,NO INDICATION OF INJURY,0,0,0,0,0,2,0,19,5,3,41.87620898,-87.68577055,POINT (-87.685770549421 41.876208975074)
d6e1b3dc49a584f122a198efb328c946639f94537e2c68072849215191f0699d286ac38bbc55882a086b41967bb740c0d904ec26d522464bf3dd7f748e8602b0,JF176988,,3/17/2022 10:10,30,STOP SIGN/FLASHER,FUNCTIONING PROPERLY,CLEAR,DAYLIGHT,TURNING,NOT DIVIDED,,STRAIGHT AND LEVEL,DRY,NO DEFECTS,ON SCENE,NO INJURY / DRIVE AWAY,,,,$500 OR LESS,3/17/2022 10:50,UNABLE TO DETERMINE,UNABLE TO DETERMINE,224,W,31ST ST,914,,,,,,,2,NO INDICATION OF INJURY,0,0,0,0,0,3,0,10,5,3,41.83833137,-87.6327427,POINT (-87.632742702892 41.838331373374)
e2b7bbbf03a1c7a05dda137572faacebec38cd07092fcdd88e19a52aab10837b9aceee86898a4ba2db55a63ca2bad4b23f295a39c768215c3d4c1dcff7c8ed9b,JF183635,Y,3/23/2022 10:41,30,NO CONTROLS,NO CONTROLS,RAIN,DAYLIGHT,PARKED MOTOR VEHICLE,ONE-WAY,,STRAIGHT AND LEVEL,WET,NO DEFECTS,ON SCENE,NO INJURY / DRIVE AWAY,,,Y,"OVER $1,500",3/23/2022 10:47,UNABLE TO DETERMINE,NOT APPLICABLE,1011,W,52ND ST,934,,,,,,,2,NO INDICATION OF INJURY,0,0,0,0,0,1,0,10,4,3,41.79956341,-87.65067013,POINT (-87.650670129891 41.799563413377)
d72219815d3a3b49df83810fd151706794ecf626f8b59c27f63486cd65f4c95ff9766cb3359f6dbe36309c3e178d489828f8c3434ccbd6b4fae1523138a2da26,JF178128,,3/17/2022 17:30,30,NO CONTROLS,NO CONTROLS,CLEAR,DAYLIGHT,PARKED MOTOR VEHICLE,NOT DIVIDED,,STRAIGHT AND LEVEL,DRY,NO DEFECTS,NOT ON SCENE (DESK REPORT),NO INJURY / DRIVE AWAY,,,Y,"$501 - $1,500",3/18/2022 11:03,UNABLE TO DETERMINE,NOT APPLICABLE,1150,W,16TH ST,1232,,,,,,,2,NO INDICATION OF INJURY,0,0,0,0,0,1,0,17,5,3,41.8598949,-87.6551672,POINT (-87.655167198962 41.859894898128)
e2c87cdc7d81211c27bc22d6f34209897303e27944e1d1894d05ecdde2974ab4892e31d99840dec8bec048aa8064bc5f7c5852fe5522493a2b2659df968f60e7,JF183562,,3/23/2022 9:30,30,NO CONTROLS,NO CONTROLS,RAIN,DAYLIGHT,PEDESTRIAN,NOT DIVIDED,,STRAIGHT AND LEVEL,WET,NO DEFECTS,ON SCENE,NO INJURY / DRIVE AWAY,,,Y,$500 OR LESS,3/23/2022 9:45,UNABLE TO DETERMINE,UNABLE TO DETERMINE,5542,N,KIMBALL AVE,1712,,,,,,,2,NO INDICATION OF INJURY,0,0,0,0,0,2,0,9,4,3,41.98246397,-87.71386073,POINT (-87.713860726359 41.982463970289)
d727c01745604e4b84d02cb3adbd349442681ffe5a8fdd42895016796fdf6d138be8ae4f4ab288ed9ac30e392af480801d8ed98adcb3b1ab3f95c92489157606,JF176654,,3/17/2022 6:15,30,TRAFFIC SIGNAL,FUNCTIONING PROPERLY,CLEAR,DAWN,TURNING,FOUR WAY,,STRAIGHT AND LEVEL,DRY,NO DEFECTS,ON SCENE,INJURY AND / OR TOW DUE TO CRASH,Y,,,"OVER $1,500",3/17/2022 6:19,FAILING TO YIELD RIGHT-OF-WAY,UNABLE TO DETERMINE,2400,W,55TH ST,923,,,,,,,2,NO INDICATION OF INJURY,0,0,0,0,0,2,0,6,5,3,41.79398135,-87.68414174,POINT (-87.684141741284 41.793981346574)
b69457d8a2bd7baff9b9ab6f17c17550e373a81890ca279ec578561aeb998dd112be2067815295c4636d02483f0f947a958966b53deda3f572e09a4b3b9153f1,JF147503,,2/17/2022 14:00,30,STOP SIGN/FLASHER,FUNCTIONING PROPERLY,SNOW,DAYLIGHT,ANGLE,NOT DIVIDED,,STRAIGHT AND LEVEL,WET,NO DEFECTS,NOT ON SCENE (DESK REPORT),NO INJURY / DRIVE AWAY,Y,,,"OVER $1,500",2/17/2022 15:00,UNABLE TO DETERMINE,NOT APPLICABLE,1700,W,47TH ST,924,,,,,,,2,NO INDICATION OF INJURY,0,0,0,0,0,2,0,14,5,2,41.80869076,-87.66745789,POINT (-87.66745788526 41.808690759554)
e3066a5fe262fae793208828a2d48411259ea2c1187c49e32ed66d2d8a5e8209cf5e2baabbf9565723d7fe73bbe264e35631f8b5d8d3796507eb4e8c82fdaee0,JF184317,,3/23/2022 19:21,30,NO CONTROLS,NO CONTROLS,RAIN,"DARKNESS, LIGHTED ROAD",ANGLE,DIVIDED - W/MEDIAN (NOT RAISED),,STRAIGHT AND LEVEL,WET,NO DEFECTS,ON SCENE,NO INJURY / DRIVE AWAY,,,,"OVER $1,500",3/23/2022 19:45,FAILING TO YIELD RIGHT-OF-WAY,UNABLE TO DETERMINE,3398,N,WESTERN AVE,1921,,,,,,,2,NO INDICATION OF INJURY,0,0,0,0,0,2,0,19,4,3,41.94301928,-87.68831326,POINT (-87.688313257334 41.943019274702)
b13601f5a02d6b223f4f86ad6cb56c11057dc032ce6bb1bbca20640eafb542e5c06db4293292a75d94444163c3bd4fa455799866202c2dafe296334d60c78375,JF155200,,2/24/2022 23:40,30,STOP SIGN/FLASHER,FUNCTIONING PROPERLY,SNOW,"DARKNESS, LIGHTED ROAD",SIDESWIPE OPPOSITE DIRECTION,NOT DIVIDED,,STRAIGHT AND LEVEL,SNOW OR SLUSH,UNKNOWN,ON SCENE,NO INJURY / DRIVE AWAY,Y,,,"OVER $1,500",2/24/2022 23:43,UNABLE TO DETERMINE,NOT APPLICABLE,900,E,98TH ST,511,,,,,,,2,NO INDICATION OF INJURY,0,0,0,0,0,2,0,23,5,2,41.71673494,-87.60181023,POINT (-87.601810225213 41.716734940731)
b74566084bad37615fb7daa2f572a115c445a5b9e80e7d0965b108b4336af2ff8186418c759dc6a4b641d7830c2f96ba1a5fc9b4382c1cfb7d2588f0c50ea1ee,JF147712,,2/17/2022 16:58,30,TRAFFIC SIGNAL,FUNCTIONING PROPERLY,SNOW,DAWN,ANGLE,FOUR WAY,,STRAIGHT ON GRADE,SNOW OR SLUSH,OTHER,,INJURY AND / OR TOW DUE TO CRASH,Y,,,"$501 - $1,500",2/17/2022 16:59,WEATHER,UNABLE TO DETERMINE,3200,W,79TH ST,835,,,,,,,2,NO INDICATION OF INJURY,0,0,0,0,0,3,0,16,5,2,41.749952,-87.70244848,POINT (-87.702448478087 41.749952001423)
b74feb0b8db968c3f235097ff78db5e77b0363c8d8df9d48416a454545e73705b9b1db293ec6ec0356f65bcd9c943d6621af3d6bffd556e560667a9a91046702,JF147650,,2/17/2022 15:15,30,NO CONTROLS,NO CONTROLS,SNOW,DAYLIGHT,REAR END,NOT DIVIDED,,STRAIGHT AND LEVEL,SNOW OR SLUSH,UNKNOWN,ON SCENE,INJURY AND / OR TOW DUE TO CRASH,,,Y,"OVER $1,500",2/17/2022 16:17,WEATHER,NOT APPLICABLE,6128,N,HARLEM AVE,1612,,,,,,,2,NO INDICATION OF INJURY,0,0,0,0,0,2,0,15,5,2,41.99282704,-87.80698983,POINT (-87.806989825274 41.992827043065)
1723bd9de8b5744392cafdf2b178f1a3c2c4bacf08dbcf2b8660c875e18a1722ffc6701906cc606fac11188908bb1541325344e58720b21e61b830adf71724a4,JF184736,,3/24/2022 8:45,30,NO CONTROLS,NO CONTROLS,CLOUDY/OVERCAST,DAYLIGHT,PARKED MOTOR VEHICLE,NOT DIVIDED,,STRAIGHT AND LEVEL,DRY,UNKNOWN,NOT ON SCENE (DESK REPORT),NO INJURY / DRIVE AWAY,,,Y,$500 OR LESS,3/24/2022 9:29,UNABLE TO DETERMINE,NOT APPLICABLE,3699,N,OAKLEY AVE,1921,,,,,,,2,NO INDICATION OF INJURY,0,0,0,0,0,2,0,8,5,3,41.94850165,-87.68573228,POINT (-87.685732279169 41.948501651643)