CRASH_RECORD_ID,RD_NO,CRASH_DATE_EST_I,CRASH_DATE,POSTED_SPEED_LIMIT,TRAFFIC_CONTROL_DEVICE,DEVICE_CONDITION,WEATHER_CONDITION,LIGHTING_CONDITION,FIRST_CRASH_TYPE,TRAFFICWAY_TYPE,LANE_CNT,ALIGNMENT,ROADWAY_SURFACE_COND,ROAD_DEFECT,REPORT_TYPE,CRASH_TYPE,INTERSECTION_RELATED_I,NOT_RIGHT_OF_WAY_I,HIT_AND_RUN_I,DAMAGE,DATE_POLICE_NOTIFIED,PRIM_CONTRIBUTORY_CAUSE,SEC_CONTRIBUTORY_CAUSE,STREET_NO,STREET_DIRECTION,STREET_NAME,BEAT_OF_OCCURRENCE,PHOTOS_TAKEN_I,STATEMENTS_TAKEN_I,DOORING_I,WORK_ZONE_I,WORK_ZONE_TYPE,WORKERS_PRESENT_I,NUM_UNITS,MOST_SEVERE_INJURY,INJURIES_TOTAL,INJURIES_FATAL,INJURIES_INCAPACITATING,INJURIES_NON_INCAPACITATING,INJURIES_REPORTED_NOT_EVIDENT,INJURIES_NO_INDICATION,INJURIES_UNKNOWN,CRASH_HOUR,CRASH_DAY_OF_WEEK,CRASH_MONTH,LATITUDE,LONGITUDE,LOCATION
13f7e54ced4d40b8cd550ee24c2d6a151ed19822c87cc22f889e8c9216f70dddb2d7f6c68f9fd06bf89ab05dac64368f6b11a5b2d50acf980102510a86c0dd68,JD248837,,5/31/2020 17:40,30,TRAFFIC SIGNAL,FUNCTIONING PROPERLY,CLEAR,DAYLIGHT,TURNING,NOT DIVIDED,,STRAIGHT AND LEVEL,DRY,NO DEFECTS,,INJURY AND / OR TOW DUE TO CRASH,,,,"OVER $1,500",5/31/2020 17:42,FAILING TO YIELD RIGHT-OF-WAY,FAILING TO YIELD RIGHT-OF-WAY,5601,N,MILWAUKEE AVE,1622,,,,,,,2,INCAPACITATING INJURY,1,0,1,0,0,1,0,17,1,5,41.98299321,-87.77424302,POINT (-87.774243020941 41.982993210453)
d7c573877ecb2cebc8541761da2c49ada37c71969add0ec65f3dbef97d9fe488061e3fb022e4f9a292c3ef9f4a28315e658634ef09e448fdfb77b2247cc031fc,JE410709,,10/12/2021 17:40,30,TRAFFIC SIGNAL,FUNCTIONING PROPERLY,CLEAR,DAYLIGHT,PEDESTRIAN,NOT DIVIDED,,STRAIGHT AND LEVEL,UNKNOWN,UNKNOWN,,INJURY AND / OR TOW DUE TO CRASH,Y,,Y,"OVER $1,500",10/15/2021 15:20,IMPROPER TURNING/NO SIGNAL,NOT APPLICABLE,622,N,FAIRBANKS CT,1834,,,,,,,2,NONINCAPACITATING INJURY,1,0,0,1,0,1,0,17,3,10,41.8933654,-87.62042206,POINT (-87.620422057447 41.893365397139)
b219a6c284396011426dac4066d33d9c657090b58800fb686cf0920e78723ddcbede12fb8f5e92ed089d3b1987b3e713205bf0e667307fdb06239bac8f00443b,JD297984,,7/15/2020 8:15,30,NO CONTROLS,NO CONTROLS,CLEAR,DAYLIGHT,REAR TO SIDE,NOT DIVIDED,,STRAIGHT AND LEVEL,DRY,NO DEFECTS,,NO INJURY / DRIVE AWAY,,,,"OVER $1,500",7/15/2020 9:00,UNABLE TO DETERMINE,UNABLE TO DETERMINE,1100,N,LAKE SHORE DR NB,1824,Y,,,,,,2,NO INDICATION OF INJURY,0,0,0,0,0,2,0,8,4,7,41.90248165,-87.62422104,POINT (-87.624221043591 41.902481646226)
d83067cdeb84f61c2d5eb8263401c650579610399e0b7b83ea4879e91131f2db9889f3b0247bfff147314ecc818125cc7a40784fcf1678cb23d9d80f8623391a,JD239675,,5/22/2020 17:00,30,TRAFFIC SIGNAL,FUNCTIONING PROPERLY,CLEAR,DAYLIGHT,REAR END,DIVIDED - W/MEDIAN (NOT RAISED),,STRAIGHT AND LEVEL,DRY,NO DEFECTS,,NO INJURY / DRIVE AWAY,Y,,,"$501 - $1,500",5/22/2020 17:15,FOLLOWING TOO CLOSELY,UNABLE TO DETERMINE,800,W,76TH ST,621,,,,,,,2,NO INDICATION OF INJURY,0,0,0,0,0,4,0,17,6,5,41.75620369,-87.64422198,POINT (-87.64422197609 41.756203689605)
d831608a2070dc8d697e65ef5a0cf25d89fcc9bf527db21b8fd7a25ae7e41a5df71692ee3cc4142f5d30d1417535f5288334ee65c220decc06d7509337b67998,JD266594,,6/17/2020 4:04,30,TRAFFIC SIGNAL,FUNCTIONING PROPERLY,CLEAR,"DARKNESS, LIGHTED ROAD",PEDESTRIAN,FOUR WAY,,STRAIGHT AND LEVEL,DRY,NO DEFECTS,,INJURY AND / OR TOW DUE TO CRASH,Y,,Y,"OVER $1,500",6/17/2020 4:04,FAILING TO YIELD RIGHT-OF-WAY,NOT APPLICABLE,7900,S,VINCENNES AVE,621,,,,,,,2,NONINCAPACITATING INJURY,1,0,0,1,0,1,0,4,4,6,41.75075039,-87.63438435,POINT (-87.634384345423 41.750750386696)
e05cd1f9d33b8d977da8ab6b0f0e1b5b8e5f3263d76f539730e96c4b67c2e5e7b6f4c7db139dc78cf83995c51fce733205861f3c0930eec106780b143623e1ce,JE342959,,8/19/2021 17:37,30,STOP SIGN/FLASHER,FUNCTIONING PROPERLY,CLEAR,DAYLIGHT,TURNING,NOT DIVIDED,,STRAIGHT AND LEVEL,DRY,NO DEFECTS,,INJURY AND / OR TOW DUE TO CRASH,Y,,,"OVER $1,500",8/19/2021 17:47,IMPROPER LANE USAGE,FAILING TO YIELD RIGHT-OF-WAY,6100,S,COTTAGE GROVE AVE,313,,,,,,,2,NONINCAPACITATING INJURY,3,0,0,3,0,1,0,17,5,8,41.78396437,-87.60615379,POINT (-87.606153790698 41.783964365307)
b86e16b24a7b4365638bbea8044b22556ebeca5aa74b2e6007b7eb82d9b6f96b84cb4017645a08807474fefc66be40c2ae490d569947a5be2793effccabb182b,JF147040,,2/17/2022 6:30,30,NO CONTROLS,NO CONTROLS,CLEAR,DAYLIGHT,PARKED MOTOR VEHICLE,NOT DIVIDED,,STRAIGHT AND LEVEL,WET,NO DEFECTS,NOT ON SCENE (DESK REPORT),NO INJURY / DRIVE AWAY,Y,,,"$501 - $1,500",2/17/2022 7:00,UNABLE TO DETERMINE,UNABLE TO DETERMINE,9346,S,COLFAX AVE,423,,,,,,,2,NO INDICATION OF INJURY,0,0,0,0,0,1,0,6,5,2,41.7249174,-87.56092409,POINT (-87.560924089763 41.724917402599)
e3e2b1a5b42b2dd4ab0cc134189a0de492e9061305c596bdf710a73640b2e1df1b46064b491c8a49b5c79f01570150a21db720a391965c61b6001cf27bc79000,JF184245,,3/23/2022 18:00,30,NO CONTROLS,NO CONTROLS,CLEAR,DAYLIGHT,TURNING,NOT DIVIDED,,STRAIGHT AND LEVEL,WET,NO DEFECTS,NOT ON SCENE (DESK REPORT),NO INJURY / DRIVE AWAY,,,,"OVER $1,500",3/23/2022 18:58,UNABLE TO DETERMINE,UNABLE TO DETERMINE,7040,S,COTTAGE GROVE AVE,321,,,,,,,2,NO INDICATION OF INJURY,0,0,0,0,0,3,0,18,4,3,41.76643089,-87.60574786,POINT (-87.605747860649 41.766430892538)
e49121fa7d29a9946aa521bcdb02db92875beec5b2877543736095d6c34b14a2fc8ff86ae6e687096389eea0df8167c4cca3cf4307162fd93dc3eff3fc899c94,JF184441,,3/23/2022 22:10,30,NO CONTROLS,NO CONTROLS,CLEAR,"DARKNESS, LIGHTED ROAD",PARKED MOTOR VEHICLE,ONE-WAY,,STRAIGHT AND LEVEL,DRY,NO DEFECTS,ON SCENE,INJURY AND / OR TOW DUE TO CRASH,,,Y,"OVER $1,500",3/23/2022 22:55,UNABLE TO DETERMINE,UNABLE TO DETERMINE,1142,S,MOZART ST,1135,,,,,,,4,NO INDICATION OF INJURY,0,0,0,0,0,1,0,22,4,3,41.86699675,-87.69728358,POINT (-87.697283583307 41.86699675024)
e1cde2141d6e4c190a85f8b8d7b0a9333c80630502b1ed53d0a2c38a083b02108e3a2e2948e0c6cbf8db2734a2081f251c479cc3904177954d8e5ebdb5f2d201,JF163628,,3/3/2022 23:00,30,NO CONTROLS,NO CONTROLS,CLEAR,"DARKNESS, LIGHTED ROAD",SIDESWIPE SAME DIRECTION,NOT DIVIDED,,STRAIGHT AND LEVEL,DRY,NO DEFECTS,NOT ON SCENE (DESK REPORT),NO INJURY / DRIVE AWAY,,,Y,"OVER $1,500",3/4/2022 21:05,IMPROPER OVERTAKING/PASSING,UNABLE TO DETERMINE,200,S,WOOD ST,1225,,,,,,,2,NO INDICATION OF INJURY,0,0,0,0,0,4,0,23,5,3,41.87878801,-87.6718311,POINT (-87.671831102924 41.878788004823)
b37ba7de823a5bb983ddf430a54fbee249eea2426e34bc91a8b1d4f9058943573a32b7d205f9918e42312d6477fb5d519c3a8f263de1030bcb816bc2ea5610f3,JF155118,,2/24/2022 21:02,25,NO CONTROLS,NO CONTROLS,SNOW,"DARKNESS, LIGHTED ROAD",ANGLE,PARKING LOT,,STRAIGHT AND LEVEL,SNOW OR SLUSH,NO DEFECTS,ON SCENE,NO INJURY / DRIVE AWAY,,,,"OVER $1,500",2/24/2022 21:03,FAILING TO YIELD RIGHT-OF-WAY,UNABLE TO DETERMINE,2024,W,OGDEN AVE,1225,,,,,,,2,NO INDICATION OF INJURY,0,0,0,0,0,2,0,21,5,2,41.87232533,-87.67712922,POINT (-87.67712922148 41.872325327186)
e5017aadd5c7edad94f8411e0363c77f2b786d91b2b97d7768e8e9d0667437535751867cb5f259acbeab9603b2dcd88e9ef3281901c0be105fadee478039a847,JF183727,,3/23/2022 11:41,40,TRAFFIC SIGNAL,FUNCTIONING PROPERLY,CLEAR,DAYLIGHT,SIDESWIPE SAME DIRECTION,DIVIDED - W/MEDIAN (NOT RAISED),,STRAIGHT AND LEVEL,WET,NO DEFECTS,ON SCENE,NO INJURY / DRIVE AWAY,,,,"OVER $1,500",3/23/2022 11:45,UNABLE TO DETERMINE,UNABLE TO DETERMINE,9100,S,STONY ISLAND AVE,413,,,,,,,3,NO INDICATION OF INJURY,0,0,0,0,0,3,0,11,4,3,41.72951813,-87.58563641,POINT (-87.585636408538 41.729518128388)
e5254e956bdf5ea0528f0531353a28101d78c694640ed0356808eef3398ae958ba5542a73a934ee08f6729ed90f9c0570769df8500c050c921071d5c475d232e,JF183583,,3/23/2022 9:30,30,STOP SIGN/FLASHER,NO CONTROLS,RAIN,DAYLIGHT,ANGLE,FOUR WAY,,STRAIGHT AND LEVEL,WET,UNKNOWN,ON SCENE,INJURY AND / OR TOW DUE TO CRASH,Y,,,"OVER $1,500",3/23/2022 9:33,FAILING TO YIELD RIGHT-OF-WAY,"VISION OBSCURED (SIGNS, TREE LIMBS, BUILDINGS, ETC.)",4031,W,ARMITAGE AVE,2534,,,,,,,2,NONINCAPACITATING INJURY,1,0,0,1,0,1,0,9,4,3,41.91703944,-87.727839,POINT (-87.727838996773 41.917039441915)
b96ccd1bc9b67379e38459875cca588c2730b102e39a0c16b8fa065deae4ece9b954c574b2f6ec55be1a01bc63448566e607326e64cbbd4ac886dd0b72fe8fb6,JF147608,,2/17/2022 15:53,30,NO CONTROLS,NO CONTROLS,SNOW,DAYLIGHT,REAR END,NOT DIVIDED,,STRAIGHT AND LEVEL,SNOW OR SLUSH,UNKNOWN,ON SCENE,NO INJURY / DRIVE AWAY,,,,"$501 - $1,500",2/17/2022 15:54,WEATHER,WEATHER,734,W,BELMONT AVE,1925,,,,,,,2,NO INDICATION OF INJURY,0,0,0,0,0,2,0,15,5,2,41.94010474,-87.64824256,POINT (-87.648242561238 41.940104736826)
e26fbac406855ce884941eec3c311bfb2c4e94b5b25605b3c93f02b5cf379e2457a743ce4554ca14906f5ff6151fe5d5d7144156ed9b5617b8449d3a86ed20c6,JF161927,,3/3/2022 12:05,15,NO CONTROLS,NO CONTROLS,CLEAR,DAYLIGHT,PARKED MOTOR VEHICLE,PARKING LOT,,STRAIGHT AND LEVEL,DRY,NO DEFECTS,NOT ON SCENE (DESK REPORT),NO INJURY / DRIVE AWAY,,Y,,"OVER $1,500",3/3/2022 12:40,NOT APPLICABLE,NOT APPLICABLE,8300,S,STATE ST,632,,,,,,,2,NO INDICATION OF INJURY,0,0,0,0,0,1,0,12,5,3,41.74356181,-87.6244758,POINT (-87.624475800517 41.743561807288)
e2a627639f0ab3dc89aed4e85b9f64ab862419a5cf46ad6aa2689510fa9a1f5f5d9a9f6ae8c034bbbbbcc22d58c6b864a1bc2f7ddc9218725db861deb6066ded,JF162261,,3/3/2022 17:08,35,NO CONTROLS,NO CONTROLS,CLEAR,DAYLIGHT,TURNING,DIVIDED - W/MEDIAN (NOT RAISED),,STRAIGHT AND LEVEL,DRY,NO DEFECTS,NOT ON SCENE (DESK REPORT),NO INJURY / DRIVE AWAY,Y,,,"OVER $1,500",3/3/2022 17:40,IMPROPER LANE USAGE,IMPROPER LANE USAGE,4831,W,63RD ST,813,,,,,,,2,NO INDICATION OF INJURY,0,0,0,0,0,3,0,17,5,3,41.77829796,-87.74343945,POINT (-87.743439446644 41.778297964291)
b9a19c9a4ef2e2d3405ca720e6e6aca49f32f48e859736a72a1fdce13c834a6cb398637c427b96928bb061214ff1bb6d70f29f29f35b8a3e97c395b0c02d3350,JF149083,,2/17/2022 17:15,30,TRAFFIC SIGNAL,UNKNOWN,SNOW,UNKNOWN,REAR END,NOT DIVIDED,,STRAIGHT AND LEVEL,SNOW OR SLUSH,UNKNOWN,NOT ON SCENE (DESK REPORT),INJURY AND / OR TOW DUE TO CRASH,Y,,,"OVER $1,500",2/18/2022 9:15,UNABLE TO DETERMINE,UNABLE TO DETERMINE,3000,N,ASHLAND AVE,1931,Y,,,,,,2,NONINCAPACITATING INJURY,1,0,0,1,0,3,0,17,5,2,41.93609112,-87.66867815,POINT (-87.668678153513 41.936091121625)
e627ad205d9a2aeaa73117fc21959cdb6310133e228a688f4aad15bfa529cc06ed9bec0bb832a85eecbc60dca6ec3520919035b15978a0b5ac8bd943e80f15ff,JF183397,,3/23/2022 5:47,30,TRAFFIC SIGNAL,FUNCTIONING PROPERLY,RAIN,DAWN,REAR END,NOT DIVIDED,,STRAIGHT AND LEVEL,WET,UNKNOWN,ON SCENE,INJURY AND / OR TOW DUE TO CRASH,,,,"OVER $1,500",3/23/2022 5:50,UNABLE TO DETERMINE,NOT APPLICABLE,4100,S,PULASKI RD,815,,,,,,,2,"REPORTED, NOT EVIDENT",1,0,0,0,1,1,0,5,4,3,41.81834902,-87.72409641,POINT (-87.724096405469 41.818349016985)
ba57ed1a929185139cf18ffe1efea3f3ace3d348f00e09993bf003ea40e99387675b9cefbc9991f4966177c6b8f5a00e118d4dccd08b9d877e33888461aea2c0,JF147477,,2/17/2022 13:30,30,NO CONTROLS,NO CONTROLS,CLOUDY/OVERCAST,DAYLIGHT,SIDESWIPE SAME DIRECTION,NOT DIVIDED,,STRAIGHT AND LEVEL,DRY,NO DEFECTS,NOT ON SCENE (DESK REPORT),NO INJURY / DRIVE AWAY,,,Y,"OVER $1,500",2/17/2022 14:20,UNABLE TO DETERMINE,UNABLE TO DETERMINE,8013,S,KINGSTON AVE,422,,,,,,,2,NO INDICATION OF INJURY,0,0,0,0,0,3,0,13,5,2,41.7495343,-87.56240958,POINT (-87.562409576646 41.749534301119)
dcf3029163f5a6701f1c6f3d295feae752e8af62d207d777a0aad4b0cd3631d45d01f4e43400a91d70dbfde02682050092e3c3d9f3da2d58cc57f0eb5eadab01,JF177268,,3/17/2022 5:00,30,NO CONTROLS,NO CONTROLS,UNKNOWN,UNKNOWN,PARKED MOTOR VEHICLE,PARKING LOT,,STRAIGHT AND LEVEL,UNKNOWN,UNKNOWN,NOT ON SCENE (DESK REPORT),NO INJURY / DRIVE AWAY,,,Y,"OVER $1,500",3/17/2022 15:40,UNABLE TO DETERMINE,NOT APPLICABLE,4269,W,ANN LURIE PL,815,,,,,,,2,NO INDICATION OF INJURY,0,0,0,0,0,1,0,5,5,3,41.81614215,-87.73133357,POINT (-87.731333565783 41.8161421477)
ba8ec5ad084e6ef2c1957d83824ab7e2773131f8c41c666bcb986673c6ffec5869bc7feb6b355ae643186ca7751abd88fba0d2c3063d6f1e17bbb743c08bafd9,JF147060,,2/17/2022 7:15,30,TRAFFIC SIGNAL,FUNCTIONING PROPERLY,CLEAR,DAYLIGHT,REAR END,DIVIDED - W/MEDIAN (NOT RAISED),,STRAIGHT AND LEVEL,WET,NO DEFECTS,ON SCENE,NO INJURY / DRIVE AWAY,,,Y,"OVER $1,500",2/17/2022 7:20,UNABLE TO DETERMINE,NOT APPLICABLE,3100,W,PETERSON AVE,2413,,,,,,,2,NO INDICATION OF INJURY,0,0,0,0,0,2,0,7,5,2,41.99050816,-87.70671868,POINT (-87.706718678176 41.9905081606)
e751470bac49e70c22ab074ddd11bc368487d28a15eea6a8a9c194249ed5260c99a7a2e599f6a16b35544d89f5ae36b357b94f5096f6382d8c93fd45226f9a46,JF185558,,3/23/2022 21:18,30,NO CONTROLS,NO CONTROLS,CLEAR,"DARKNESS, LIGHTED ROAD",OTHER NONCOLLISION,DIVIDED - W/MEDIAN BARRIER,,STRAIGHT AND LEVEL,UNKNOWN,"RUT, HOLES",NOT ON SCENE (DESK REPORT),NO INJURY / DRIVE AWAY,,,,$500 OR LESS,3/24/2022 21:10,ROAD ENGINEERING/SURFACE/MARKING DEFECTS,UNABLE TO DETERMINE,1100,N,LAKE SHORE DR SB,1824,,,,,,,1,NO INDICATION OF INJURY,0,0,0,0,0,1,0,21,4,3,41.90248165,-87.62422104,POINT (-87.624221043591 41.902481646226)
e54960a351a71813384bd86a276ab78789d8780e6cda19e6639c899bb68d1dd207c3ebfdded9ecf0012957ac35877566bbd5dc7cd6b44f1e21a1e5a01d5592a6,JF161805,,3/3/2022 10:40,30,UNKNOWN,UNKNOWN,CLEAR,DAYLIGHT,TURNING,NOT DIVIDED,,STRAIGHT AND LEVEL,DRY,UNKNOWN,NOT ON SCENE (DESK REPORT),NO INJURY / DRIVE AWAY,,,,"OVER $1,500",3/3/2022 10:55,FAILING TO YIELD RIGHT-OF-WAY,FAILING TO YIELD RIGHT-OF-WAY,2759,N,DAYTON ST,1935,,,,,,,2,NO INDICATION OF INJURY,0,0,0,0,0,2,0,10,5,3,41.93260777,-87.65006882,POINT (-87.650068821596 41.932607766769)
e7d2ab4a718e8e0929bb9dbe455b85b127797837c425f40297783c4695731d0f8517712b0fab800e2768c8e76254bf3263e510b6f97d720e786e5184e62ba316,JF183571,,3/23/2022 9:30,40,TRAFFIC SIGNAL,NO CONTROLS,CLEAR,DAYLIGHT,HEAD ON,NOT DIVIDED,,STRAIGHT AND LEVEL,DRY,NO DEFECTS,ON SCENE,INJURY AND / OR TOW DUE TO CRASH,Y,,,"OVER $1,500",3/23/2022 9:32,FAILING TO YIELD RIGHT-OF-WAY,FAILING TO YIELD RIGHT-OF-WAY,11100,S,MICHIGAN AVE,531,,,,,,,2,"REPORTED, NOT EVIDENT",8,0,0,0,8,0,0,9,4,3,41.69255976,-87.6211937,POINT (-87.621193695398 41.692559762592)
bb369f327594a0ca5ebe41e59abfbb854cc0ce7613d346356558d3596e70e7c69cbcb8dceaefdcfe97126fededeeac5dfa18a4e4eb36d5afad7467d158ba8cc1,JF147656,,2/17/2022 15:20,30,NO CONTROLS,NO CONTROLS,SNOW,DAYLIGHT,SIDESWIPE OPPOSITE DIRECTION,NOT DIVIDED,,STRAIGHT AND LEVEL,SNOW OR SLUSH,NO DEFECTS,NOT ON SCENE (DESK REPORT),NO INJURY / DRIVE AWAY,,,,"OVER $1,500",2/17/2022 16:35,WEATHER,WEATHER,3100,S,KEDVALE AVE,1031,,,,,,,2,NO INDICATION OF INJURY,0,0,0,0,0,2,0,15,5,2,41.83674678,-87.72813894,POINT (-87.728138940775 41.836746784456)
de376c13af0386fdf1a46f903f8f2b3a5f0a87bb0ab7a221506fcf5071f2b40369a21aae2cc2c6301449623997c712781bf9f3c83309fb5ef97f922047d19c64,,Y,3/31/2022 19:01,30,TRAFFIC SIGNAL,FUNCTIONING PROPERLY,RAIN,DAYLIGHT,REAR END,NOT DIVIDED,,STRAIGHT AND LEVEL,WET,UNKNOWN,ON SCENE,INJURY AND / OR TOW DUE TO CRASH,Y,,N,"OVER $1,500",3/31/2022 19:21,UNDER THE INFLUENCE OF ALCOHOL/DRUGS (USE WHEN ARREST IS EFFECTED),PHYSICAL CONDITION OF DRIVER,3559,W,GRAND AVE,1121,,,,,,,2,NONINCAPACITATING INJURY,2,0,0,1,1,2,0,19,5,3,41.90180742,-87.71576371,POINT (-87.715763709829 41.901807424179)
e7b588e1085b62af8e2afea3944ba0e9307f1345853a37559b22e8aed03907c989d469141ee173a8e8d9bbb02df18f7cd57fa54c1d1949faef2f68f81a7b41c2,JE473773,,12/10/2021 17:30,30,NO CONTROLS,UNKNOWN,CLEAR,DAYLIGHT,PARKED MOTOR VEHICLE,ONE-WAY,,STRAIGHT AND LEVEL,DRY,NO DEFECTS,,NO INJURY / DRIVE AWAY,,,,"$501 - $1,500",12/11/2021 12:10,IMPROPER BACKING,NOT APPLICABLE,5214,W,OHIO ST,1524,,,,,,,2,NO INDICATION OF INJURY,0,0,0,0,0,1,0,17,6,12,41.89130086,-87.75607572,POINT (-87.756075720797 41.891300859609)
bc5b3952a3db605614e3d79259d332195ad8091951f05b0efd3b8948e1148821762f4bce0e42ec6c900c4d5185a2a9389a9de79247f487d94ffd4e94eee58c0f,JF147803,,2/17/2022 17:45,30,TRAFFIC SIGNAL,FUNCTIONING PROPERLY,SNOW,"DARKNESS, LIGHTED ROAD",REAR END,DIVIDED - W/MEDIAN (NOT RAISED),,STRAIGHT AND LEVEL,SNOW OR SLUSH,NO DEFECTS,NOT ON SCENE (DESK REPORT),NO INJURY / DRIVE AWAY,,,,"OVER $1,500",2/17/2022 17:55,UNABLE TO DETERMINE,UNABLE TO DETERMINE,732,S,LARAMIE AVE,1522,,,,,,,2,NO INDICATION OF INJURY,0,0,0,0,0,2,0,17,5,2,41.87105414,-87.75487343,POINT (-87.754873434308 41.871054136374)
e02fb6a4dcd2de3b96ecfe42e6dbbacb37d2471dffdc8d48beff223c5b3ad81279492d062bf64b205636e05ec9619d3f82274b521fc178e295af3ddf584cd2ba,JF177585,,3/17/2022 19:50,20,NO CONTROLS,NO CONTROLS,CLEAR,"DARKNESS, LIGHTED ROAD",SIDESWIPE SAME DIRECTION,DIVIDED - W/MEDIAN (NOT RAISED),,STRAIGHT AND LEVEL,DRY,NO DEFECTS,NOT ON SCENE (DESK REPORT),NO INJURY / DRIVE AWAY,,,Y,"$501 - $1,500",3/17/2022 19:56,"OPERATING VEHICLE IN ERRATIC, RECKLESS, CARELESS, NEGLIGENT OR AGGRESSIVE MANNER",NOT APPLICABLE,4010,W,SUNNYSIDE AVE,1722,,,,,,,2,NO INDICATION OF INJURY,0,0,0,0,0,3,0,19,5,3,41.96263599,-87.72835136,POINT (-87.728351356516 41.962635993491)
b7ad741a6970060fb646637d923c0d333c4ee16285089b2866f3c84a4779662e90a895360cd8af6812d608d8e3dd68bae4e1b85d4d552ac690bda9cb2ec7c86d,JE267064,,6/15/2021 14:55,30,NO CONTROLS,NO CONTROLS,CLEAR,DAYLIGHT,SIDESWIPE SAME DIRECTION,NOT DIVIDED,,STRAIGHT AND LEVEL,DRY,NO DEFECTS,,NO INJURY / DRIVE AWAY,,,Y,"OVER $1,500",6/15/2021 16:00,IMPROPER LANE USAGE,NOT APPLICABLE,5940,N,RIDGE AVE,2012,,,,,,,2,NO INDICATION OF INJURY,0,0,0,0,0,2,0,14,3,6,41.98967694,-87.67020682,POINT (-87.670206816488 41.98967693564)
b7d3a031f36bf64b23f755ca359938884be3c07e54dff731f06a7dc0b7f3d49e74f0a319cfe67a8f8a78a98a824f6b828cea4a25f427b986f1906ee34dc154e3,JE390937,,9/28/2021 20:00,35,TRAFFIC SIGNAL,FUNCTIONING PROPERLY,CLEAR,"DARKNESS, LIGHTED ROAD",SIDESWIPE SAME DIRECTION,DIVIDED - W/MEDIAN (NOT RAISED),,STRAIGHT AND LEVEL,DRY,NO DEFECTS,,NO INJURY / DRIVE AWAY,,,,"OVER $1,500",9/28/2021 20:20,DRIVING SKILLS/KNOWLEDGE/EXPERIENCE,NOT APPLICABLE,12033,S,HALSTED ST,523,,,,,,,2,NO INDICATION OF INJURY,0,0,0,0,0,4,0,20,3,9,41.67505911,-87.64166984,POINT (-87.641669834609 41.675059108528)
bf1addc569bc38a3ed5a8690dec80b24c135ce69158638d025ef1fa2eb9fe676dd119f4252fc0fa9eaf09cc06a422236eb4c104716f6a5a454a661007a45a91c,JF147682,,2/17/2022 15:45,30,TRAFFIC SIGNAL,FUNCTIONING PROPERLY,FOG/SMOKE/HAZE,DAYLIGHT,SIDESWIPE SAME DIRECTION,NOT DIVIDED,,STRAIGHT AND LEVEL,SNOW OR SLUSH,UNKNOWN,NOT ON SCENE (DESK REPORT),NO INJURY / DRIVE AWAY,,,Y,"OVER $1,500",2/17/2022 16:35,UNABLE TO DETERMINE,UNABLE TO DETERMINE,99,N,ASHLAND AVE,1224,,,,,,,2,NO INDICATION OF INJURY,0,0,0,0,0,2,0,15,5,2,41.88325457,-87.66672363,POINT (-87.666723630079 41.883254564577)
e114ec64b1945fa6e766784bf4e5e8cdba4be1628296e5fe29d3e685c835013b797270b54ae6692d4e051c1f2fb75f7734676a2f17b6d6d4c7dddc46e68105e6,JF178319,,3/17/2022 1:00,20,NO CONTROLS,NO CONTROLS,CLEAR,"DARKNESS, LIGHTED ROAD",PARKED MOTOR VEHICLE,NOT DIVIDED,,STRAIGHT AND LEVEL,UNKNOWN,NO DEFECTS,NOT ON SCENE (DESK REPORT),NO INJURY / DRIVE AWAY,,,Y,"OVER $1,500",3/18/2022 13:55,UNABLE TO DETERMINE,UNABLE TO DETERMINE,4152,N,KEELER AVE,1722,,,,,,,2,NO INDICATION OF INJURY,0,0,0,0,0,1,0,1,5,3,41.95698139,-87.73272216,POINT (-87.732722162236 41.956981393628)
e7b1b82ca4ed7238ca7e9fed5ebc24afe6bdd9e169e36aae44c9eb023015e95216a01095871626dcf2ca657a9d110d01491acc5b7e0e433224ddf804afa7a6f6,JF162027,Y,3/3/2022 12:30,10,NO CONTROLS,NO CONTROLS,CLEAR,DAYLIGHT,PARKED MOTOR VEHICLE,PARKING LOT,,STRAIGHT AND LEVEL,DRY,NO DEFECTS,NOT ON SCENE (DESK REPORT),NO INJURY / DRIVE AWAY,,,Y,"$501 - $1,500",3/3/2022 14:10,UNABLE TO DETERMINE,UNABLE TO DETERMINE,5009,N,WINTHROP AVE,2024,,,,,,,2,NO INDICATION OF INJURY,0,0,0,0,0,1,0,12,5,3,41.97359429,-87.65759488,POINT (-87.657594877868 41.973594287241)
e15370ce5be30c49035be91dd88755e4acacbe1afe3d8375006f24c34bc5d3bc4d835cf7fccae05a059cd38d928cd15d87700081664622bdd5a7cb0c5614250d,JF178004,,3/17/2022 19:30,30,TRAFFIC SIGNAL,FUNCTIONING PROPERLY,CLEAR,"DARKNESS, LIGHTED ROAD",REAR END,NOT DIVIDED,,STRAIGHT AND LEVEL,DRY,NO DEFECTS,,NO INJURY / DRIVE AWAY,,,,"OVER $1,500",3/18/2022 9:20,DRIVING SKILLS/KNOWLEDGE/EXPERIENCE,NOT APPLICABLE,900,N,HALSTED ST,1822,,,,,,,2,NO INDICATION OF INJURY,0,0,0,0,0,2,0,19,5,3,41.89905122,-87.64802418,POINT (-87.64802418079 41.899051215555)