CRASH_RECORD_ID,RD_NO,CRASH_DATE_EST_I,CRASH_DATE,POSTED_SPEED_LIMIT,TRAFFIC_CONTROL_DEVICE,DEVICE_CONDITION,WEATHER_CONDITION,LIGHTING_CONDITION,FIRST_CRASH_TYPE,TRAFFICWAY_TYPE,LANE_CNT,ALIGNMENT,ROADWAY_SURFACE_COND,ROAD_DEFECT,REPORT_TYPE,CRASH_TYPE,INTERSECTION_RELATED_I,NOT_RIGHT_OF_WAY_I,HIT_AND_RUN_I,DAMAGE,DATE_POLICE_NOTIFIED,PRIM_CONTRIBUTORY_CAUSE,SEC_CONTRIBUTORY_CAUSE,STREET_NO,STREET_DIRECTION,STREET_NAME,BEAT_OF_OCCURRENCE,PHOTOS_TAKEN_I,STATEMENTS_TAKEN_I,DOORING_I,WORK_ZONE_I,WORK_ZONE_TYPE,WORKERS_PRESENT_I,NUM_UNITS,MOST_SEVERE_INJURY,INJURIES_TOTAL,INJURIES_FATAL,INJURIES_INCAPACITATING,INJURIES_NON_INCAPACITATING,INJURIES_REPORTED_NOT_EVIDENT,INJURIES_NO_INDICATION,INJURIES_UNKNOWN,CRASH_HOUR,CRASH_DAY_OF_WEEK,CRASH_MONTH,LATITUDE,LONGITUDE,LOCATION
e7fa4b2953663466014228d33eff23953f613c1b4bfc2051c42704409ad2bc3487a9fa8e6277f316a83db21dd2d06926f5522ef6b3fc6ae169bc5c477068d7ae,JF162094,,3/3/2022 13:00,30,NO CONTROLS,NO CONTROLS,CLEAR,DAYLIGHT,SIDESWIPE SAME DIRECTION,NOT DIVIDED,,STRAIGHT AND LEVEL,UNKNOWN,UNKNOWN,NOT ON SCENE (DESK REPORT),NO INJURY / DRIVE AWAY,,,,"$501 - $1,500",3/3/2022 15:20,UNABLE TO DETERMINE,NOT APPLICABLE,1625,W,AINSLIE ST,2032,,,,,,,2,NO INDICATION OF INJURY,0,0,0,0,0,2,0,13,5,3,41.97172851,-87.67060096,POINT (-87.670600955696 41.971728505783)
c14ddc7ff85a35a8b9f77eaa4c6eaf3e635d0824474497998e72947e9cc7d9d687d18cbde185673ae179d20c7890a408f83925935b81ada4640b5f56acfd15bf,JF147588,,2/17/2022 15:20,25,NO CONTROLS,NO CONTROLS,SNOW,DAYLIGHT,REAR END,ONE-WAY,,STRAIGHT AND LEVEL,SNOW OR SLUSH,NO DEFECTS,ON SCENE,INJURY AND / OR TOW DUE TO CRASH,,,,"OVER $1,500",2/17/2022 15:29,FOLLOWING TOO CLOSELY,WEATHER,4711,S,WENTWORTH AVE,224,,,,,,,3,NO INDICATION OF INJURY,0,0,0,0,0,3,0,15,5,2,41.80879632,-87.63074952,POINT (-87.630749523274 41.808796315855)
ec53646be2f251002b57ae229c65d679ff3ecc869d5450a0101fa554fc6b1d98876f18ccf37251592bc8a8e049f08fe5d6b25d2efed2ef4d256586f9ce08ec2d,JF184120,,3/23/2022 16:30,30,UNKNOWN,UNKNOWN,RAIN,DAYLIGHT,REAR END,NOT DIVIDED,,STRAIGHT AND LEVEL,WET,UNKNOWN,NOT ON SCENE (DESK REPORT),NO INJURY / DRIVE AWAY,,,,"OVER $1,500",3/23/2022 16:55,UNABLE TO DETERMINE,UNABLE TO DETERMINE,5497,N,HARLEM AVE,1613,,,,,,,2,NO INDICATION OF INJURY,0,0,0,0,0,2,0,16,4,3,41.98101039,-87.80681781,POINT (-87.806817806709 41.981010392775)
c2a25d0f2283121faf76afa78836189c732647c3d59b7bd89c28ab30ce07a548023e769ef436c2326755e79e890e504abf5ef14bf7c4e924828914536a71dfb9,JF147840,,2/17/2022 17:30,35,TRAFFIC SIGNAL,FUNCTIONING PROPERLY,SNOW,"DARKNESS, LIGHTED ROAD",REAR END,FOUR WAY,,STRAIGHT AND LEVEL,SNOW OR SLUSH,NO DEFECTS,NOT ON SCENE (DESK REPORT),NO INJURY / DRIVE AWAY,Y,,,"OVER $1,500",2/17/2022 18:15,WEATHER,NOT APPLICABLE,2017,W,111TH ST,2212,,,,,,,2,NO INDICATION OF INJURY,0,0,0,0,0,2,0,17,5,2,41.69180769,-87.67269429,POINT (-87.672694290803 41.691807687262)
c2c3a4b1e57b935b931ef0e4753cded421c5c3749ed90e6f21ab4cac65b42a9301ac6bc6ea6a5dcc24bfc184e110260a21c13e2e7abd9327fc798ff115723ae9,JF147394,,2/17/2022 12:30,30,TRAFFIC SIGNAL,FUNCTIONING PROPERLY,CLEAR,DAYLIGHT,ANGLE,NOT DIVIDED,,STRAIGHT AND LEVEL,DRY,NO DEFECTS,NOT ON SCENE (DESK REPORT),NO INJURY / DRIVE AWAY,,,Y,"OVER $1,500",2/17/2022 13:00,UNABLE TO DETERMINE,NOT APPLICABLE,1003,N,SACRAMENTO AVE,1211,,,,,,,2,NO INDICATION OF INJURY,0,0,0,0,0,2,0,12,5,2,41.89936423,-87.70157464,POINT (-87.701574643867 41.899364225837)
e369be8e19bbe24690bf493ee6af9c7a804e97bc82577e65811e909f5e7f7041796243d8e2fc350c0aa8052561a23cdafc8bf455f8a67eedab2065637c652663,JE456376,,11/24/2021 23:50,45,NO CONTROLS,NO CONTROLS,RAIN,"DARKNESS, LIGHTED ROAD",SIDESWIPE SAME DIRECTION,NOT DIVIDED,,STRAIGHT AND LEVEL,WET,UNKNOWN,,NO INJURY / DRIVE AWAY,,,Y,"$501 - $1,500",11/25/2021 0:15,NOT APPLICABLE,NOT APPLICABLE,700,S,LAKE SHORE DR E,114,,,,,,,2,NO INDICATION OF INJURY,0,0,0,0,0,2,0,23,4,11,41.87319361,-87.61722829,POINT (-87.617228294467 41.873193608809)
ebd8e7915661bf9e4909da147c23afd55621b46a3996991e4e3c00192a471f13fa367392d609f9930cef87117d65ea3ada092ca19c6c9b22646cb1b10c5a59f6,JE442630,,11/12/2021 11:50,30,NO CONTROLS,NO CONTROLS,FREEZING RAIN/DRIZZLE,DAYLIGHT,SIDESWIPE SAME DIRECTION,NOT DIVIDED,,STRAIGHT AND LEVEL,WET,NO DEFECTS,,INJURY AND / OR TOW DUE TO CRASH,,,,"OVER $1,500",11/12/2021 12:02,UNABLE TO DETERMINE,UNABLE TO DETERMINE,5652,W,DIVERSEY AVE,2514,,,,,,,2,NO INDICATION OF INJURY,0,0,0,0,0,8,0,11,6,11,41.93135856,-87.76838419,POINT (-87.768384184656 41.931358561973)
e3b71310194042fa12c3f4731f29a4768f08b1b899a1fe0d5c609efa1facf533fe54228a928eacf35100be2d443429ea4895624a33d86550a04bc5fb5ba58f7b,,,3/31/2022 19:14,30,NO CONTROLS,NO CONTROLS,CLEAR,"DARKNESS, LIGHTED ROAD",REAR END,DIVIDED - W/MEDIAN (NOT RAISED),,STRAIGHT AND LEVEL,DRY,NO DEFECTS,NOT ON SCENE (DESK REPORT),NO INJURY / DRIVE AWAY,,,,"OVER $1,500",3/31/2022 21:45,NOT APPLICABLE,NOT APPLICABLE,2211,W,NORTH AVE,1424,,,,,,,2,NO INDICATION OF INJURY,0,0,0,0,0,2,0,19,5,3,41.91027701,-87.68286119,POINT (-87.682861190201 41.910277010645)
c2e0b5abe4fee801a835bbc66f6bbd3bd3e3e13fa8bdf3352087c87212c11638796d793680ad86e96fbd5174747fd1d9cd5ebc407f026753a929bbb5619d98db,JF147898,,2/17/2022 19:25,30,NO CONTROLS,NO CONTROLS,SNOW,"DARKNESS, LIGHTED ROAD",PARKED MOTOR VEHICLE,ONE-WAY,,STRAIGHT AND LEVEL,SNOW OR SLUSH,NO DEFECTS,NOT ON SCENE (DESK REPORT),NO INJURY / DRIVE AWAY,,,Y,"OVER $1,500",2/17/2022 19:30,UNABLE TO DETERMINE,NOT APPLICABLE,2720,N,HAMLIN AVE,2524,,,,,,,2,NO INDICATION OF INJURY,0,0,0,0,0,2,0,19,5,2,41.93069615,-87.72220444,POINT (-87.722204435732 41.930696146306)
c2e3d31d5c64ad5a6717c6977d7fc2299ec76aabd2679ed0c15181a5fdaf587e000daea41289dd9f1fbf40bf4becfe85f34c224fd2e4ec0521a759c08ba8288e,JF147103,,2/17/2022 7:40,30,STOP SIGN/FLASHER,FUNCTIONING PROPERLY,CLOUDY/OVERCAST,DAYLIGHT,ANGLE,DIVIDED - W/MEDIAN (NOT RAISED),,STRAIGHT AND LEVEL,DRY,NO DEFECTS,ON SCENE,INJURY AND / OR TOW DUE TO CRASH,Y,,,"OVER $1,500",2/17/2022 7:42,FAILING TO YIELD RIGHT-OF-WAY,NOT APPLICABLE,100,N,PEORIA ST,1224,,,,,,,2,NONINCAPACITATING INJURY,1,0,0,1,0,1,0,7,5,2,41.88316003,-87.64988422,POINT (-87.649884217 41.883160028063)
bb1ecb2abb400c2607387d260d99c2b2f47f22e531f5970a3c2fe6ed9bd059ec7753a0566f67c9895559ec07f6615eb6732f4815624aa2b4cef6a204950294ad,JF154836,,2/24/2022 15:30,30,NO CONTROLS,NO CONTROLS,SNOW,DAYLIGHT,PARKED MOTOR VEHICLE,DIVIDED - W/MEDIAN (NOT RAISED),,STRAIGHT AND LEVEL,SNOW OR SLUSH,NO DEFECTS,ON SCENE,INJURY AND / OR TOW DUE TO CRASH,,,,"OVER $1,500",2/24/2022 15:33,UNABLE TO DETERMINE,WEATHER,6847,W,BELMONT AVE,2511,,,,,,,2,NO INDICATION OF INJURY,0,0,0,0,0,1,0,15,5,2,41.93802018,-87.79759868,POINT (-87.797598675976 41.938020181475)
ea35300c96d227f75d09bc3624ed31c41c55cc4312721caf6b903d8ec4d8d633e2131c1636a47b1a4308ad2d24b0345e1af1ecb103e983ab9567060dedf3bb02,JF162458,,3/3/2022 20:00,30,TRAFFIC SIGNAL,FUNCTIONING PROPERLY,CLEAR,"DARKNESS, LIGHTED ROAD",SIDESWIPE SAME DIRECTION,FOUR WAY,,STRAIGHT AND LEVEL,DRY,NO DEFECTS,NOT ON SCENE (DESK REPORT),NO INJURY / DRIVE AWAY,,,Y,"OVER $1,500",3/3/2022 21:15,UNABLE TO DETERMINE,NOT APPLICABLE,2000,W,GARFIELD BLVD,932,,,,,,,2,NO INDICATION OF INJURY,0,0,0,0,0,2,0,20,5,3,41.79402546,-87.67436351,POINT (-87.674363508337 41.79402545864)
c364c7efd2c1ed0b428da94960524c56456d63347ed99ef92cae848d9b33e83d7c7f4734b0914673bf1099ee8ba37f62624810b4d1a64fdc164b786a63a5e642,JF147076,,2/17/2022 7:40,30,NO CONTROLS,NO CONTROLS,CLOUDY/OVERCAST,DAYLIGHT,SIDESWIPE SAME DIRECTION,NOT DIVIDED,,STRAIGHT AND LEVEL,DRY,UNKNOWN,ON SCENE,NO INJURY / DRIVE AWAY,,,,"$501 - $1,500",2/17/2022 7:46,UNABLE TO DETERMINE,NOT APPLICABLE,523,N,LA SALLE DR,1831,,,,,,,2,NO INDICATION OF INJURY,0,0,0,0,0,3,0,7,5,2,41.89156689,-87.63243343,POINT (-87.632433430714 41.891566894424)
c3a160f23afc3fdf345cd13ba7f19a84d63fcdc8001e13d4cc62d265f83560828da83e62469f9cbed3cf2d349870fddfe1974439a8840ef5494591d467822051,JF147604,Y,2/17/2022 15:20,25,NO CONTROLS,NO CONTROLS,SNOW,DAYLIGHT,ANGLE,ONE-WAY,,STRAIGHT AND LEVEL,SNOW OR SLUSH,NO DEFECTS,ON SCENE,INJURY AND / OR TOW DUE TO CRASH,,,Y,"OVER $1,500",2/17/2022 15:30,FAILING TO YIELD RIGHT-OF-WAY,FAILING TO REDUCE SPEED TO AVOID CRASH,7450,S,PAXTON AVE,333,,,,,,,2,NO INDICATION OF INJURY,0,0,0,0,0,2,0,15,5,2,41.7592515,-87.57138818,POINT (-87.571388179033 41.759251502973)
eda4a8b83195a60083e95e266d0f27312aed22194fec3172de0ac9764f921e65c0725969ac3141b3918d9906fbf565ee414d890ddf403acd8e59fa5b7a7307b1,JF184502,,3/23/2022 23:30,30,NO CONTROLS,NO CONTROLS,CLEAR,"DARKNESS, LIGHTED ROAD",OTHER OBJECT,DIVIDED - W/MEDIAN (NOT RAISED),,STRAIGHT AND LEVEL,DRY,NO DEFECTS,NOT ON SCENE (DESK REPORT),INJURY AND / OR TOW DUE TO CRASH,,,,"OVER $1,500",3/24/2022 1:07,NOT APPLICABLE,UNABLE TO DETERMINE,8066,S,SOUTH CHICAGO AVE,414,,,,,,,2,NO INDICATION OF INJURY,0,0,0,0,0,1,0,23,4,3,41.74805429,-87.58099985,POINT (-87.580999850008 41.748054293559)
eb90374b8b4f949b503e627c0470bbf0b802e04f9821860ddc89330d2e59509654abebb537a69da5dd8325bee3fb4f2c5e513ab65be3abc54452ae437fca48ef,JF162109,,3/3/2022 14:15,30,NO CONTROLS,NO CONTROLS,CLEAR,DAYLIGHT,ANGLE,PARKING LOT,,STRAIGHT AND LEVEL,DRY,NO DEFECTS,NOT ON SCENE (DESK REPORT),NO INJURY / DRIVE AWAY,,,Y,"OVER $1,500",3/3/2022 15:36,"OPERATING VEHICLE IN ERRATIC, RECKLESS, CARELESS, NEGLIGENT OR AGGRESSIVE MANNER",UNABLE TO DETERMINE,12248,S,THROOP ST,524,,,,,,,2,NO INDICATION OF INJURY,0,0,0,0,0,3,0,14,5,3,41.67072713,-87.65400006,POINT (-87.654000055355 41.670727124802)
ebaa639d0fa70905aa0f097288f9bc2143928f16bf2c15af8d920e6ffe56d978984d5ff4ae11cb5287b939f4391a68c6d3b93f01a1df59d0b0adee60307b2e35,JF162063,,3/3/2022 14:53,15,STOP SIGN/FLASHER,FUNCTIONING PROPERLY,CLEAR,DAYLIGHT,SIDESWIPE OPPOSITE DIRECTION,NOT DIVIDED,,STRAIGHT AND LEVEL,DRY,NO DEFECTS,ON SCENE,INJURY AND / OR TOW DUE TO CRASH,,,,"OVER $1,500",3/3/2022 14:55,UNABLE TO DETERMINE,UNABLE TO DETERMINE,750,N,KINGSBURY ST,1831,,,,,,,2,NO INDICATION OF INJURY,0,0,0,0,0,3,0,14,5,3,41.89630389,-87.64166586,POINT (-87.641665855308 41.896303890564)
e7630ce01fae2b2c81e48bad9c6cc63c1301e41dcbb0f5ce2222f285d8ae18021d92d93a0fd1492745386664a2bf2a1d54e0d61ca0fa9b2eba924e0d8149e29b,JF177677,,3/17/2022 22:12,35,NO CONTROLS,NO CONTROLS,CLEAR,"DARKNESS, LIGHTED ROAD",HEAD ON,NOT DIVIDED,,STRAIGHT AND LEVEL,DRY,NO DEFECTS,ON SCENE,INJURY AND / OR TOW DUE TO CRASH,,,,"OVER $1,500",3/17/2022 22:12,UNDER THE INFLUENCE OF ALCOHOL/DRUGS (USE WHEN ARREST IS EFFECTED),NOT APPLICABLE,105,E,76TH ST,623,,,,,,,2,NO INDICATION OF INJURY,0,0,0,0,0,2,0,22,5,3,41.75636522,-87.62123467,POINT (-87.621234667916 41.756365222508)
c4a97ab2d27a58f0dc7222bf2424814f494d94bab4bb50604cadaa7c41615b7f2eac0321d7dfb13e7268ab26cdc598e3e0dcbe2b9e51e34ec5ac4e08686aa9e4,JF149333,,2/17/2022 19:15,0,NO CONTROLS,NO CONTROLS,CLEAR,"DARKNESS, LIGHTED ROAD",FIXED OBJECT,DIVIDED - W/MEDIAN BARRIER,,STRAIGHT AND LEVEL,ICE,NO DEFECTS,NOT ON SCENE (DESK REPORT),NO INJURY / DRIVE AWAY,,,,"OVER $1,500",2/19/2022 10:00,WEATHER,NOT APPLICABLE,3847,S,LAKE SHORE DR NB,212,,,,,,,1,NO INDICATION OF INJURY,0,0,0,0,0,1,0,19,5,2,41.82678089,-87.60111777,POINT (-87.601117773739 41.82678089159)
e7ed313a2baa353e0e81254355611e7aea0dbea66f7bcca8ace711d6403727592010e30bfaa18918ff566b4c7a24ba876e97830afe311b07e4589481a3d1ee9c,JF177655,,3/17/2022 21:00,10,NO CONTROLS,NO CONTROLS,CLEAR,"DARKNESS, LIGHTED ROAD",TURNING,PARKING LOT,,STRAIGHT AND LEVEL,DRY,NO DEFECTS,ON SCENE,NO INJURY / DRIVE AWAY,,,,"OVER $1,500",3/17/2022 21:06,FAILING TO YIELD RIGHT-OF-WAY,UNABLE TO DETERMINE,10000,W,OHARE ST,1651,,Y,,,,,2,NO INDICATION OF INJURY,0,0,0,0,0,2,0,21,5,3,41.97620114,-87.90530913,POINT (-87.905309125103 41.976201139024)
bb3f0370318d6bce23a491aafcff2cf2e9bfc0b8419f5388cf2629dc4792e393af7ab8eb3d7243352910ce1b4bc6ae9c6ff772ee4a48ae771694dc7321855d0b,JF154451,,2/24/2022 9:56,30,STOP SIGN/FLASHER,FUNCTIONING PROPERLY,CLEAR,DAYLIGHT,ANGLE,DIVIDED - W/MEDIAN (NOT RAISED),,STRAIGHT AND LEVEL,DRY,NO DEFECTS,ON SCENE,INJURY AND / OR TOW DUE TO CRASH,Y,,,"OVER $1,500",2/24/2022 10:00,FAILING TO YIELD RIGHT-OF-WAY,FAILING TO YIELD RIGHT-OF-WAY,12200,S,MICHIGAN AVE,532,,,,,,,2,NO INDICATION OF INJURY,0,0,0,0,0,2,0,9,5,2,41.67253714,-87.62049085,POINT (-87.620490844704 41.67253713888)
1cbd5f7be8dab5f079207b9d456778e182b7bc3879c56e4ae45902d22748b465d24574e44cd274da8c8b6aa03aa964c524aa8d7a55a826e9e056e95c9bca8eee,JC503732,,11/8/2019 20:00,30,TRAFFIC SIGNAL,FUNCTIONING PROPERLY,CLEAR,"DARKNESS, LIGHTED ROAD",REAR END,DIVIDED - W/MEDIAN (NOT RAISED),,STRAIGHT AND LEVEL,DRY,NO DEFECTS,,NO INJURY / DRIVE AWAY,,,,"$501 - $1,500",11/8/2019 21:00,UNABLE TO DETERMINE,NOT APPLICABLE,4401,N,CENTRAL AVE,1623,,,,,,,2,NO INDICATION OF INJURY,0,0,0,0,0,2,0,20,6,11,41.96053223,-87.76709703,POINT (-87.767097025983 41.960532228999)
1cc0386d64fa81e5928e2b5b5d5a9d215c8cb37decbe197b80b8ffd02e78fd06f738d56e47b84883b9f3ce89cba333d2e880727fd8a6fec59eb3b7df1ef508f3,JE494217,,12/31/2021 18:02,25,TRAFFIC SIGNAL,NO CONTROLS,CLEAR,"DARKNESS, LIGHTED ROAD",ANGLE,NOT DIVIDED,,STRAIGHT AND LEVEL,DRY,UNKNOWN,,NO INJURY / DRIVE AWAY,Y,,,"OVER $1,500",12/31/2021 18:20,FAILING TO REDUCE SPEED TO AVOID CRASH,FAILING TO YIELD RIGHT-OF-WAY,4338,W,NORTH AVE,2534,,,,N,,,2,NO INDICATION OF INJURY,0,0,0,0,0,2,0,18,6,12,41.90988087,-87.7351582,POINT (-87.735158200369 41.909880868056)
ed30ccecdd6b4280ee094869bbebfa2c5e96dbe899c86347091c9f4c8265d97d8087787d6bc47706ebcccdc227151e8ddf97f48226c1b9322761b47ac5ffbe10,JF161735,N,3/3/2022 9:30,15,NO CONTROLS,NO CONTROLS,CLEAR,DAYLIGHT,REAR TO SIDE,ALLEY,,STRAIGHT AND LEVEL,DRY,NO DEFECTS,ON SCENE,NO INJURY / DRIVE AWAY,,,,"$501 - $1,500",3/3/2022 9:35,IMPROPER BACKING,UNABLE TO DETERMINE,1623,W,ESTES AVE,2423,,,,,,,2,NO INDICATION OF INJURY,0,0,0,0,0,2,0,9,5,3,42.01136289,-87.67112113,POINT (-87.671121131744 42.011362889688)
f016331b58206817ca76469e2f2230274f588a1dac86fc1ecc782e22711e286ddc7ab882fe3d8aba8d8c480d6ec0a30667cd1f3e0133385a2e7a0efe89f580a7,JF183593,,3/23/2022 9:06,30,TRAFFIC SIGNAL,FUNCTIONING PROPERLY,CLEAR,DAYLIGHT,SIDESWIPE SAME DIRECTION,T-INTERSECTION,,STRAIGHT AND LEVEL,WET,NO DEFECTS,ON SCENE,NO INJURY / DRIVE AWAY,Y,,,"$501 - $1,500",3/23/2022 9:22,UNABLE TO DETERMINE,UNABLE TO DETERMINE,700,S,STATE ST,123,,,,,,,2,NO INDICATION OF INJURY,0,0,0,0,0,2,0,9,4,3,41.87304937,-87.62771142,POINT (-87.627711419764 41.873049366308)
c6ab41ee429a99af7d21e48c31b3d8e7fcf9ed1dd92751bb9046fdb5fbfea923f17287107c2f87e39c4450c36a405b6c10423d3dfeb26ada2451634ffcbccd84,JF147909,,2/17/2022 17:00,30,NO CONTROLS,NO CONTROLS,SNOW,DARKNESS,SIDESWIPE SAME DIRECTION,NOT DIVIDED,,STRAIGHT AND LEVEL,SNOW OR SLUSH,NO DEFECTS,NOT ON SCENE (DESK REPORT),NO INJURY / DRIVE AWAY,,,,"$501 - $1,500",2/17/2022 19:41,NOT APPLICABLE,NOT APPLICABLE,3000,S,KEDZIE AVE,1032,,,,,,,2,NO INDICATION OF INJURY,0,0,0,0,0,2,0,17,5,2,41.83896285,-87.70501791,POINT (-87.70501790708 41.838962849662)
be0509a54571c119c71ded6739297047eaa16f1aba59698325f343a3377663bf36af338d27f640cd645792524a270dd943103cbf4771f6c7aefdaf5a8dc50b02,JF155166,,2/24/2022 22:15,30,NO CONTROLS,NO CONTROLS,SNOW,"DARKNESS, LIGHTED ROAD",PARKED MOTOR VEHICLE,ONE-WAY,,STRAIGHT AND LEVEL,SNOW OR SLUSH,UNKNOWN,NOT ON SCENE (DESK REPORT),NO INJURY / DRIVE AWAY,,,,"OVER $1,500",2/24/2022 22:30,UNABLE TO DETERMINE,NOT APPLICABLE,2206,N,SEMINARY AVE,1811,,,,,,,2,NO INDICATION OF INJURY,0,0,0,0,0,1,0,22,5,2,41.92195723,-87.656071,POINT (-87.656071002922 41.921957226109)
e95410cc361a0cf57cd1b1cb18eabf060aaea36100f76130c47dc87e566eb9c26400ef7283ec7d9f079bac0f29f7da85076aee56ae85f20dabc8e11a72341095,JF176785,,3/17/2022 7:35,30,NO CONTROLS,NO CONTROLS,CLEAR,DAYLIGHT,SIDESWIPE SAME DIRECTION,NOT DIVIDED,,STRAIGHT AND LEVEL,DRY,NO DEFECTS,NOT ON SCENE (DESK REPORT),NO INJURY / DRIVE AWAY,,,,"$501 - $1,500",3/17/2022 9:45,FAILING TO YIELD RIGHT-OF-WAY,UNABLE TO DETERMINE,8458,S,HALSTED ST,613,,,,,,,2,NO INDICATION OF INJURY,0,0,0,0,0,2,0,7,5,3,41.73978327,-87.64387364,POINT (-87.643873638551 41.739783271914)
be6a8260f48d0e793a0479b1755c59bcf57eceaf54294db648b238af158dbd02ce088f6d2ceb9251e3c23ce57495286f578de8fdf6c7f84545b721f5b255e39d,JF154742,,2/24/2022 12:30,30,NO CONTROLS,NO CONTROLS,UNKNOWN,UNKNOWN,REAR END,PARKING LOT,,STRAIGHT AND LEVEL,UNKNOWN,NO DEFECTS,NOT ON SCENE (DESK REPORT),NO INJURY / DRIVE AWAY,,Y,N,$500 OR LESS,2/24/2022 15:15,UNABLE TO DETERMINE,NOT APPLICABLE,8712,S,STONY ISLAND AVE,412,,,,,,,2,NO INDICATION OF INJURY,0,0,0,0,0,3,0,12,5,2,41.73648161,-87.58578401,POINT (-87.585784013468 41.736481612063)
bed84c632aa48e95b95f155d15577a8a24317e3372e514eec77d5d0e918eeb65c7e22c34a323b3da5cf407596e5b39bd053ac9b6e0db3bbaab65650951e1f7a1,JF154822,,2/24/2022 15:18,30,NO CONTROLS,NO CONTROLS,SNOW,DAYLIGHT,TURNING,NOT DIVIDED,,STRAIGHT AND LEVEL,WET,NO DEFECTS,ON SCENE,NO INJURY / DRIVE AWAY,N,,,"OVER $1,500",2/24/2022 15:20,FAILING TO YIELD RIGHT-OF-WAY,NOT APPLICABLE,5411,S,WESTERN BLVD,932,,,,,,,2,NO INDICATION OF INJURY,0,0,0,0,0,2,0,15,5,2,41.7950243,-87.68335247,POINT (-87.683352473368 41.795024299658)
c7577376667d2e79bc052da2c15c650d0b461d89c9641a5a03f9cea0dcfdbe010b97ec585395c09a666296385a2851238e7ef9f6a65809ab2e4bf3df5fee1528,JF147736,,2/17/2022 16:00,30,RAILROAD CROSSING GATE,FUNCTIONING PROPERLY,SNOW,DAYLIGHT,REAR END,NOT DIVIDED,,STRAIGHT AND LEVEL,SNOW OR SLUSH,NO DEFECTS,NOT ON SCENE (DESK REPORT),NO INJURY / DRIVE AWAY,,,Y,"OVER $1,500",2/17/2022 17:25,FOLLOWING TOO CLOSELY,FOLLOWING TOO CLOSELY,9100,S,HALSTED ST,2223,,,,,,,2,NO INDICATION OF INJURY,0,0,0,0,0,14,0,16,5,2,41.72867428,-87.64355805,POINT (-87.643558046563 41.728674283825)
f1a06758c0195d3afddb04e54e8109fd16563ffa1d3e2dab2321dbc8423e5c566c5db629826a06603469bd8c2ccebaef775ec66ffa76b6b28a9052760b910717,JF184011,Y,3/23/2022 14:30,25,NO CONTROLS,NO CONTROLS,RAIN,UNKNOWN,PARKED MOTOR VEHICLE,ONE-WAY,,STRAIGHT ON GRADE,WET,UNKNOWN,ON SCENE,NO INJURY / DRIVE AWAY,,,Y,"$501 - $1,500",3/23/2022 14:43,UNABLE TO DETERMINE,UNABLE TO DETERMINE,2627,S,KILDARE AVE,1031,,,,,,,2,NO INDICATION OF INJURY,0,0,0,0,0,1,0,14,4,3,41.84332035,-87.73167839,POINT (-87.731678387249 41.843320353509)
bfb1b1542508970bee8612b14f603e0bde44270d667240ed0aa71788e27ca7925789cad0b07525f37c892698af7a6a80a832eb7df5b3778de29b299795ec95b0,JF154868,,2/24/2022 16:00,30,TRAFFIC SIGNAL,FUNCTIONING PROPERLY,SNOW,DAYLIGHT,TURNING,FOUR WAY,,STRAIGHT AND LEVEL,SNOW OR SLUSH,NO DEFECTS,ON SCENE,INJURY AND / OR TOW DUE TO CRASH,Y,,,"OVER $1,500",2/24/2022 16:11,IMPROPER TURNING/NO SIGNAL,UNABLE TO DETERMINE,5500,S,STATE ST,225,,,,,,,2,NO INDICATION OF INJURY,0,0,0,0,0,2,0,16,5,2,41.79422529,-87.62583602,POINT (-87.625836015583 41.79422529104)
efefc5590b8e898781f7a43a6ef956086b378cd3871da94ea97601c69e292175258c8519e625abe27554f5b30ef782429fea1233347fac2e8ff4b0327c54c9d6,JF162099,,3/3/2022 15:10,20,NO CONTROLS,NO CONTROLS,CLEAR,DAYLIGHT,PARKED MOTOR VEHICLE,ONE-WAY,,STRAIGHT AND LEVEL,DRY,UNKNOWN,ON SCENE,NO INJURY / DRIVE AWAY,,,,$500 OR LESS,3/3/2022 15:13,UNABLE TO DETERMINE,NOT APPLICABLE,3037,N,MAJOR AVE,2514,,,,,,,2,NO INDICATION OF INJURY,0,0,0,0,0,1,0,15,5,3,41.93600805,-87.76869291,POINT (-87.768692913459 41.936008044873)
c85e3f1af9615bfa311da4d7519beee39af335a8ba345199e46c5b645372a034b50402d8add52c34e7e5222e97b0e97c063d3e9ed0231a30c542654186e0b815,JF147821,,2/17/2022 15:20,30,TRAFFIC SIGNAL,FUNCTIONING PROPERLY,SNOW,DAYLIGHT,REAR END,DIVIDED - W/MEDIAN (NOT RAISED),,STRAIGHT AND LEVEL,SNOW OR SLUSH,NO DEFECTS,NOT ON SCENE (DESK REPORT),INJURY AND / OR TOW DUE TO CRASH,Y,,,"OVER $1,500",2/17/2022 18:15,FOLLOWING TOO CLOSELY,UNABLE TO DETERMINE,12000,S,HALSTED ST,524,,,,,,,2,"REPORTED, NOT EVIDENT",1,0,0,0,1,1,0,15,5,2,41.67589656,-87.64199078,POINT (-87.641990781206 41.675896558815)
c86f13388c2e4484e7b500ef61d0897d99b6eff0007c9bb5eb568f3761266d983c711f0115ca995ca4453352792c308c4d533305fc587bc9678b8b2107dc3bf5,JF147513,,2/17/2022 14:57,30,TRAFFIC SIGNAL,FUNCTIONING PROPERLY,SNOW,DAYLIGHT,REAR END,FOUR WAY,,STRAIGHT AND LEVEL,SNOW OR SLUSH,NO DEFECTS,ON SCENE,NO INJURY / DRIVE AWAY,Y,,Y,"$501 - $1,500",2/17/2022 15:02,FOLLOWING TOO CLOSELY,NOT APPLICABLE,12700,S,HALSTED ST,523,,,,,,,2,NO INDICATION OF INJURY,0,0,0,0,0,2,0,14,5,2,41.6631821,-87.64156527,POINT (-87.641565265157 41.663182101231)