CRASH_RECORD_ID,RD_NO,CRASH_DATE_EST_I,CRASH_DATE,POSTED_SPEED_LIMIT,TRAFFIC_CONTROL_DEVICE,DEVICE_CONDITION,WEATHER_CONDITION,LIGHTING_CONDITION,FIRST_CRASH_TYPE,TRAFFICWAY_TYPE,LANE_CNT,ALIGNMENT,ROADWAY_SURFACE_COND,ROAD_DEFECT,REPORT_TYPE,CRASH_TYPE,INTERSECTION_RELATED_I,NOT_RIGHT_OF_WAY_I,HIT_AND_RUN_I,DAMAGE,DATE_POLICE_NOTIFIED,PRIM_CONTRIBUTORY_CAUSE,SEC_CONTRIBUTORY_CAUSE,STREET_NO,STREET_DIRECTION,STREET_NAME,BEAT_OF_OCCURRENCE,PHOTOS_TAKEN_I,STATEMENTS_TAKEN_I,DOORING_I,WORK_ZONE_I,WORK_ZONE_TYPE,WORKERS_PRESENT_I,NUM_UNITS,MOST_SEVERE_INJURY,INJURIES_TOTAL,INJURIES_FATAL,INJURIES_INCAPACITATING,INJURIES_NON_INCAPACITATING,INJURIES_REPORTED_NOT_EVIDENT,INJURIES_NO_INDICATION,INJURIES_UNKNOWN,CRASH_HOUR,CRASH_DAY_OF_WEEK,CRASH_MONTH,LATITUDE,LONGITUDE,LOCATION
c8c43e0d3ae3ffc0d817d1793900a0870973c19e01380f18e20b4fe9cf5072fa1bb6ce48ca3be85493eb957faf959f81eb9c7642ea0da73077f5a23e6c7a00f9,JF152533,,2/17/2022 17:45,30,TRAFFIC SIGNAL,FUNCTIONING PROPERLY,SNOW,DAYLIGHT,REAR END,ONE-WAY,,STRAIGHT AND LEVEL,SNOW OR SLUSH,NO DEFECTS,NOT ON SCENE (DESK REPORT),INJURY AND / OR TOW DUE TO CRASH,,,,"OVER $1,500",2/22/2022 14:25,WEATHER,WEATHER,723,N,DEARBORN ST,1832,,,,,,,2,NONINCAPACITATING INJURY,1,0,0,1,0,1,0,17,5,2,41.89561926,-87.62960603,POINT (-87.629606025054 41.895619259095)
c8eb6b903a82e2463eca66a895bb5fe599bc15c8247f84a8752421d229438257fcdd94463f24072e624ece9cfd6000df6c68d5148fa49dbec65d75abdfadfdc6,JF147941,,2/17/2022 19:30,35,UNKNOWN,UNKNOWN,SNOW,"DARKNESS, LIGHTED ROAD",PARKED MOTOR VEHICLE,ONE-WAY,,STRAIGHT AND LEVEL,SNOW OR SLUSH,UNKNOWN,ON SCENE,INJURY AND / OR TOW DUE TO CRASH,,,,"OVER $1,500",2/17/2022 20:22,UNABLE TO DETERMINE,UNABLE TO DETERMINE,2650,N,SPRINGFIELD AVE,2524,,,,,,,4,NONINCAPACITATING INJURY,1,0,0,1,0,0,0,19,5,2,41.92970514,-87.72462174,POINT (-87.724621739681 41.929705138279)
c96c422481d3ae03f25a308cbf12bc879c690e541f55e4cd8b3e86ce7865532af4148dc35407b8d7a654c02361c112fdd4b4a5266e42a9fd10bddeaaef72814c,JF147850,,2/17/2022 17:45,15,NO CONTROLS,NO CONTROLS,SNOW,"DARKNESS, LIGHTED ROAD",PARKED MOTOR VEHICLE,PARKING LOT,,STRAIGHT AND LEVEL,SNOW OR SLUSH,UNKNOWN,NOT ON SCENE (DESK REPORT),NO INJURY / DRIVE AWAY,,,N,"OVER $1,500",2/17/2022 18:00,UNABLE TO DETERMINE,UNABLE TO DETERMINE,1416,E,53RD ST,234,,,,,,,2,NO INDICATION OF INJURY,0,0,0,0,0,1,0,17,5,2,41.79962885,-87.59102678,POINT (-87.591026779915 41.799628846933)
c137bdaeae33bacfeed69c4e1246746afdf92385cc62b756ede01e63a453feda1218387d90b3b85d4b7be2555cd29d1f1fee35e0423d02a04f583f94e9a86c44,JF154934,,2/24/2022 17:11,30,NO CONTROLS,NO CONTROLS,SNOW,DAYLIGHT,PARKED MOTOR VEHICLE,NOT DIVIDED,,STRAIGHT AND LEVEL,SNOW OR SLUSH,NO DEFECTS,NOT ON SCENE (DESK REPORT),NO INJURY / DRIVE AWAY,,,Y,"$501 - $1,500",2/24/2022 17:35,WEATHER,WEATHER,2108,N,SHEFFIELD AVE,1811,,,,,,,2,NO INDICATION OF INJURY,0,0,0,0,0,1,0,17,5,2,41.92023624,-87.65358649,POINT (-87.653586493331 41.920236243046)
f2d598cda2d85acd63f7d1cc12160b755f456e095b2f036e911cdaa0ff57e479a943217ea2e6ff1966b51d95ce23462b6d10c7117d2c4f4793f3b9d5d7b0ce28,JF183404,,3/23/2022 6:15,30,TRAFFIC SIGNAL,FUNCTIONING PROPERLY,CLEAR,DAWN,TURNING,DIVIDED - W/MEDIAN BARRIER,,STRAIGHT AND LEVEL,WET,NO DEFECTS,ON SCENE,INJURY AND / OR TOW DUE TO CRASH,Y,,,"OVER $1,500",3/23/2022 6:15,UNABLE TO DETERMINE,NOT APPLICABLE,303,W,JACKSON BLVD,122,,,,,,,2,NO INDICATION OF INJURY,0,0,0,0,0,2,0,6,4,3,41.877993,-87.63533057,POINT (-87.635330565613 41.877992994697)
f0e9753e6b3bc4cb7cf4fcdd60a3a6f79de6290829467ed02980cfcf8769c2c33f36e7e7728476dff651141a7e8bddac3cdddd4d012e3ade890761ba3b8c3faf,JF161836,,3/3/2022 3:05,20,NO CONTROLS,NO CONTROLS,CLEAR,"DARKNESS, LIGHTED ROAD",PARKED MOTOR VEHICLE,ONE-WAY,,STRAIGHT AND LEVEL,DRY,NO DEFECTS,NOT ON SCENE (DESK REPORT),NO INJURY / DRIVE AWAY,,,Y,"OVER $1,500",3/3/2022 11:15,UNABLE TO DETERMINE,UNABLE TO DETERMINE,5419,S,TALMAN AVE,923,,,,,,,2,NO INDICATION OF INJURY,0,0,0,0,0,1,0,3,5,3,41.79498384,-87.69003151,POINT (-87.690031510033 41.794983834891)
f30c7e2b685430ae5b58983ba937ef54bb1d68c369e6337464f5c0428f1280641cc70044820f89b84ed3aca768d315085c721af758a6d691e53c9f9e6fe32e2c,JF183951,,3/23/2022 15:00,30,NO CONTROLS,NO CONTROLS,RAIN,DAYLIGHT,PEDESTRIAN,DIVIDED - W/MEDIAN (NOT RAISED),,STRAIGHT AND LEVEL,WET,NO DEFECTS,ON SCENE,INJURY AND / OR TOW DUE TO CRASH,,,,"OVER $1,500",3/23/2022 15:04,UNABLE TO DETERMINE,NOT APPLICABLE,3333,W,26TH ST,1032,,,,,,,2,"REPORTED, NOT EVIDENT",1,0,0,0,1,2,0,15,4,3,41.84435627,-87.70874699,POINT (-87.708746993088 41.844356265154)
ca4f378b63ecbf373cb119f157eff538d7eab5c03cb0017f31d6143792be4de145f6ec714d4df9bda921648b70292093ed770565c102cb821a8424ad83787ad0,JF147903,,2/17/2022 19:01,30,TRAFFIC SIGNAL,FUNCTIONING PROPERLY,SNOW,"DARKNESS, LIGHTED ROAD",TURNING,Y-INTERSECTION,,STRAIGHT AND LEVEL,SNOW OR SLUSH,NO DEFECTS,NOT ON SCENE (DESK REPORT),NO INJURY / DRIVE AWAY,Y,,,$500 OR LESS,2/17/2022 19:30,IMPROPER TURNING/NO SIGNAL,UNABLE TO DETERMINE,432,W,DIVISION ST,1821,,,,,,,2,NO INDICATION OF INJURY,0,0,0,0,0,2,0,19,5,2,41.90388183,-87.63961085,POINT (-87.639610848545 41.903881826658)
c196d7f58abeb9999b518f9a6b749214555590a95a9187ce8e7a9c8e02b5ea5152d6250dcb43e31ca50afab4223f424db76d65d9c7ad738900608ddc711def1b,JF155098,,2/24/2022 20:30,20,STOP SIGN/FLASHER,FUNCTIONING PROPERLY,SNOW,"DARKNESS, LIGHTED ROAD",TURNING,NOT DIVIDED,,STRAIGHT AND LEVEL,SNOW OR SLUSH,UNKNOWN,NOT ON SCENE (DESK REPORT),NO INJURY / DRIVE AWAY,,,,"OVER $1,500",2/24/2022 20:40,UNABLE TO DETERMINE,UNABLE TO DETERMINE,5715,W,BELDEN AVE,2515,,,,,,,2,NO INDICATION OF INJURY,0,0,0,0,0,2,0,20,5,2,41.92199839,-87.76905078,POINT (-87.769050779213 41.921998391115)
f1613378f52157dd1cf48987939f50686f2de6f6b4d36d610df288a4643ac7ffa501f58b5a3cc73f0ca67d3a7d4c4411cce100cc48000c7b3b18100d855ec63b,JF162059,,3/3/2022 13:47,30,NO CONTROLS,NO CONTROLS,CLEAR,DAYLIGHT,TURNING,NOT DIVIDED,,STRAIGHT AND LEVEL,UNKNOWN,UNKNOWN,NOT ON SCENE (DESK REPORT),NO INJURY / DRIVE AWAY,,,,"$501 - $1,500",3/3/2022 14:45,UNABLE TO DETERMINE,UNABLE TO DETERMINE,5002,W,MADISON ST,1533,,,,,,,2,NO INDICATION OF INJURY,0,0,0,0,0,2,0,13,5,3,41.8805418,-87.75037412,POINT (-87.750374121873 41.880541798517)
c24bd6a9be96003b3786e9226f0561fa77384c66a1c3770d35f9705595c2fd3970123b10e925af70dc1f06300d8ae3c79abbfb006c91b3ee439003330bac0993,JF154588,,2/24/2022 12:00,30,NO CONTROLS,NO CONTROLS,CLOUDY/OVERCAST,DAYLIGHT,TURNING,NOT DIVIDED,,STRAIGHT AND LEVEL,DRY,NO DEFECTS,ON SCENE,NO INJURY / DRIVE AWAY,,,,"$501 - $1,500",2/24/2022 12:00,NOT APPLICABLE,NOT APPLICABLE,6401,N,KEDZIE AVE,2412,,,,,,,2,NO INDICATION OF INJURY,0,0,0,0,0,2,0,12,5,2,41.99748145,-87.70919807,POINT (-87.709198069582 41.997481446282)
f3f5c784956f53a1d5d67e36da99c713475217308b70385df2e0982c7dba64ba726b6ad755d59ab935cba9166e37cd8ab795a0c7fc20cdc87806605af9226b93,JF184110,,3/23/2022 16:25,30,NO CONTROLS,NO CONTROLS,RAIN,DAYLIGHT,SIDESWIPE SAME DIRECTION,NOT DIVIDED,,STRAIGHT AND LEVEL,WET,NO DEFECTS,ON SCENE,NO INJURY / DRIVE AWAY,,,,"OVER $1,500",3/23/2022 16:27,UNABLE TO DETERMINE,NOT APPLICABLE,2020,N,HALSTED ST,1812,,,,,,,2,NO INDICATION OF INJURY,0,0,0,0,0,3,0,16,4,3,41.91883059,-87.64868109,POINT (-87.648681086521 41.918830588621)
f2112d5c2b7ff5b44dbb3d501d83c03f52a2062531db2df993be2473acbdc3869eb59a90a8b514b8d821bcf0bed8a37b3fed32c955815960c883e3b5ac13ce0f,JF162301,,3/3/2022 17:55,30,TRAFFIC SIGNAL,FUNCTIONING PROPERLY,CLEAR,DUSK,TURNING,FOUR WAY,,STRAIGHT AND LEVEL,DRY,UNKNOWN,NOT ON SCENE (DESK REPORT),NO INJURY / DRIVE AWAY,Y,,Y,"$501 - $1,500",3/3/2022 18:02,FOLLOWING TOO CLOSELY,UNABLE TO DETERMINE,2,W,18TH ST,131,,,,,,,2,NO INDICATION OF INJURY,0,0,0,0,0,4,0,17,5,3,41.85791959,-87.62727173,POINT (-87.627271729054 41.857919589147)
cb48be72988473b5c7a1177b84f3e586c450c414dd4fc8a83b4334e9f644b9f1d8e85f89c10c17f10ee75b5b4656c60029a52771ac76881273f552566a5dcb27,JF147430,N,2/17/2022 12:55,30,STOP SIGN/FLASHER,UNKNOWN,SNOW,DAYLIGHT,TURNING,FOUR WAY,,STRAIGHT AND LEVEL,SNOW OR SLUSH,NO DEFECTS,ON SCENE,INJURY AND / OR TOW DUE TO CRASH,Y,,,"OVER $1,500",2/17/2022 12:58,UNABLE TO DETERMINE,NOT APPLICABLE,3759,W,OHIO ST,1122,,,,,,,2,NO INDICATION OF INJURY,0,0,0,0,0,2,0,12,5,2,41.89163052,-87.72103071,POINT (-87.721030708538 41.891630524345)
f2a9e61a5ce0a22e2ffe54060c9d692eb34a8d7d832be5f2df8316945fede76d04e552e746c0bc13fe3b33597630424faa8dac1f594b9464ae50fc2b2d6bb4e9,JF161606,,3/3/2022 6:57,30,NO CONTROLS,NO CONTROLS,CLEAR,DAYLIGHT,PARKED MOTOR VEHICLE,NOT DIVIDED,,STRAIGHT AND LEVEL,DRY,NO DEFECTS,ON SCENE,NO INJURY / DRIVE AWAY,,,Y,"OVER $1,500",3/3/2022 6:57,FAILING TO REDUCE SPEED TO AVOID CRASH,FAILING TO REDUCE SPEED TO AVOID CRASH,435,E,BOWEN AVE,214,,,,,,,2,NO INDICATION OF INJURY,0,0,0,0,0,1,0,6,5,3,41.81924961,-87.61520478,POINT (-87.615204777087 41.81924961233)
f3e6f53cc89cea7c8f79d1f83a2b52900d7a0efe0f46e784e8b234870d5d5616e0fc7ba3bc10976f644161499a8c69e3f52e537acde298cb323cf98c4a5d19ee,JE210090,,4/25/2021 19:50,30,STOP SIGN/FLASHER,NO CONTROLS,CLEAR,DAYLIGHT,ANGLE,NOT DIVIDED,,STRAIGHT AND LEVEL,DRY,NO DEFECTS,,NO INJURY / DRIVE AWAY,,,,"OVER $1,500",4/25/2021 23:35,FAILING TO YIELD RIGHT-OF-WAY,UNABLE TO DETERMINE,1500,S,THROOP ST,1233,,,,,,,2,NO INDICATION OF INJURY,0,0,0,0,0,2,0,19,1,4,41.86153365,-87.65912079,POINT (-87.659120793641 41.861533653263)
ed960d782024f803513c5dea78ce102dd8456206ac205847b671963d16c13bbf4394d31b1613c1e107084d4d23e38cc56f541a512df19b77045e6c0187aa66bd,JF177038,,3/17/2022 10:00,30,NO CONTROLS,NO CONTROLS,CLOUDY/OVERCAST,DAYLIGHT,REAR END,DIVIDED - W/MEDIAN (NOT RAISED),,STRAIGHT AND LEVEL,DRY,NO DEFECTS,NOT ON SCENE (DESK REPORT),INJURY AND / OR TOW DUE TO CRASH,Y,,,"OVER $1,500",3/17/2022 12:55,FAILING TO REDUCE SPEED TO AVOID CRASH,UNABLE TO DETERMINE,1524,W,87TH ST,614,,,,,,,2,"REPORTED, NOT EVIDENT",1,0,0,0,1,1,0,10,5,3,41.73591994,-87.66170688,POINT (-87.661706879011 41.735919940879)
eda5d4787ebd8741dc4b32e70cadec40dc78c998c4fe88215d3e8209e2586f4e7cb9dfa836376eb76e204b6afab4667e13150c41487a54f87470fd703bd50da1,JF177111,Y,3/17/2022 9:00,25,NO CONTROLS,NO CONTROLS,CLEAR,DAYLIGHT,PARKED MOTOR VEHICLE,ONE-WAY,,STRAIGHT AND LEVEL,DRY,NO DEFECTS,NOT ON SCENE (DESK REPORT),NO INJURY / DRIVE AWAY,,,Y,"OVER $1,500",3/17/2022 13:50,UNABLE TO DETERMINE,UNABLE TO DETERMINE,420,N,LOCKWOOD AVE,1523,,,,,,,2,NO INDICATION OF INJURY,0,0,0,0,0,1,0,9,5,3,41.88840192,-87.75795413,POINT (-87.757954133069 41.888401916952)
f2f05f83d44ef1ea5c927e5ba8cde1a5103911408bded67c5cd0c402e70ff749e59757ce8218bf9c7e90b2807542578bf18e4e79703e8b5926bf29b594277d0e,JF161964,,3/3/2022 13:00,35,TRAFFIC SIGNAL,FUNCTIONING PROPERLY,CLEAR,DAYLIGHT,REAR END,NOT DIVIDED,,STRAIGHT AND LEVEL,DRY,NO DEFECTS,ON SCENE,NO INJURY / DRIVE AWAY,Y,,,"$501 - $1,500",3/3/2022 13:15,IMPROPER BACKING,IMPROPER BACKING,300,W,GRAND AVE,1831,,,,,,,2,NO INDICATION OF INJURY,0,0,0,0,0,2,0,13,5,3,41.89167563,-87.63565139,POINT (-87.635651388781 41.891675633763)
ed6a79d3f8f9e897c899faa93de128ab34b63ef96f55657db3cc7468058e7d70df26d627581cee0512a883f6809ae39c0030536f4d452daa3b7cfd878f746b70,JC505501,,11/10/2019 13:00,30,NO CONTROLS,NO CONTROLS,CLEAR,DAYLIGHT,TURNING,NOT DIVIDED,,STRAIGHT AND LEVEL,DRY,NO DEFECTS,,NO INJURY / DRIVE AWAY,Y,,,$500 OR LESS,11/10/2019 14:00,UNABLE TO DETERMINE,UNABLE TO DETERMINE,4724,S,KEDZIE AVE,821,,,,,,,2,NO INDICATION OF INJURY,0,0,0,0,0,5,0,13,1,11,41.80738371,-87.70410217,POINT (-87.704102167391 41.807383708576)
c3c2272b179d10087e366174847b6b6f955229f04caf78d37ae7f885b8f42511c69408cc5858208414567f6f6bbca60237badf4cae3789005e8f2ed1e21b4f79,JF155069,N,2/24/2022 16:00,30,NO CONTROLS,NO CONTROLS,SNOW,"DARKNESS, LIGHTED ROAD",PARKED MOTOR VEHICLE,ONE-WAY,,STRAIGHT AND LEVEL,SNOW OR SLUSH,NO DEFECTS,ON SCENE,NO INJURY / DRIVE AWAY,,,Y,"OVER $1,500",2/24/2022 19:51,UNABLE TO DETERMINE,UNABLE TO DETERMINE,1825,W,HADDON AVE,1212,,,,,,,2,NO INDICATION OF INJURY,0,0,0,0,0,1,0,16,5,2,41.90223246,-87.67350681,POINT (-87.673506807909 41.902232464497)
c3e7eb89205be93903f433b356060ece3132351c41c20e415f067ce13f84c1634a425b6608574c545a68f76d55fa5e62028269e61c4b9ae1990217f56f34e1fd,JF157107,,2/24/2022 16:00,30,TRAFFIC SIGNAL,FUNCTIONING PROPERLY,SNOW,DAYLIGHT,SIDESWIPE SAME DIRECTION,DIVIDED - W/MEDIAN (NOT RAISED),,STRAIGHT AND LEVEL,WET,NO DEFECTS,NOT ON SCENE (DESK REPORT),NO INJURY / DRIVE AWAY,Y,,,"OVER $1,500",2/26/2022 19:58,IMPROPER LANE USAGE,NOT APPLICABLE,3952,W,103RD ST,2211,,N,,,,,2,NO INDICATION OF INJURY,0,0,0,0,0,2,0,16,5,2,41.70598787,-87.72063583,POINT (-87.720635827912 41.705987870521)
ccce138e7f566e62a758acfe7ee01e8d44d9118eb1ef0e4f412632049705b26c56e0d514ac9216dc05d13aac7059f0a189cc4b65531dcc209ad07b7481e0952f,JF147825,,2/17/2022 18:14,30,NO CONTROLS,NO CONTROLS,BLOWING SNOW,"DARKNESS, LIGHTED ROAD",PARKED MOTOR VEHICLE,ONE-WAY,,STRAIGHT AND LEVEL,SNOW OR SLUSH,NO DEFECTS,ON SCENE,NO INJURY / DRIVE AWAY,,,,$500 OR LESS,2/17/2022 18:17,WEATHER,WEATHER,1800,N,WILMOT AVE,1434,,,,,,,2,NO INDICATION OF INJURY,0,0,0,0,0,1,0,18,5,2,41.91460685,-87.68265517,POINT (-87.682655165761 41.914606849639)
f38b8c01dbec8581dc88e22c071dcccb33de3b95ebfbce8bbbb6d3a281c275d78c96c275cda2f8d821792405512897ec50b65c40b226179782d94bbff824f093,JF161706,,3/3/2022 8:45,25,NO CONTROLS,NO CONTROLS,CLEAR,DAYLIGHT,ANGLE,ONE-WAY,,STRAIGHT AND LEVEL,DRY,NO DEFECTS,NOT ON SCENE (DESK REPORT),NO INJURY / DRIVE AWAY,,,,"$501 - $1,500",3/3/2022 9:10,FAILING TO YIELD RIGHT-OF-WAY,NOT APPLICABLE,5650,N,CAMPBELL AVE,2011,,,,,,,2,NO INDICATION OF INJURY,0,0,0,0,0,2,0,8,5,3,41.98465761,-87.69206794,POINT (-87.692067936525 41.984657611721)
cd5212678828ff266a2a64f40179d3328ce2ed96460809bdcb1b1119abc8fe75951dbd9b72c0bf286690e2b30e9c31de92f86220f18116d839a80ddf9cdd180e,JF147885,Y,2/17/2022 18:56,30,TRAFFIC SIGNAL,FUNCTIONING PROPERLY,SNOW,"DARKNESS, LIGHTED ROAD",FIXED OBJECT,DIVIDED - W/MEDIAN BARRIER,,"CURVE, LEVEL",SNOW OR SLUSH,NO DEFECTS,ON SCENE,INJURY AND / OR TOW DUE TO CRASH,,,,"OVER $1,500",2/17/2022 18:56,WEATHER,NOT APPLICABLE,6300,S,CORNELL DR,331,,,,,,,1,NO INDICATION OF INJURY,0,0,0,0,0,1,0,18,5,2,41.78055215,-87.5847433,POINT (-87.584743303478 41.780552152579)
c4a7456cd3272a3b7bc0387eda718c4127bda0966d8e7ba5b8061ab5dcbd6a816c0a779d578fbdcb55bea2da1170c2185b6feae00b193d2d0297d5ad3ffb61ce,JF154612,,2/24/2022 12:04,35,NO CONTROLS,NO CONTROLS,CLEAR,DAYLIGHT,SIDESWIPE SAME DIRECTION,ONE-WAY,,STRAIGHT AND LEVEL,DRY,NO DEFECTS,ON SCENE,INJURY AND / OR TOW DUE TO CRASH,,,,"OVER $1,500",2/24/2022 12:04,FAILING TO YIELD RIGHT-OF-WAY,IMPROPER OVERTAKING/PASSING,225,W,RANDOLPH ST,122,,,,,,,2,"REPORTED, NOT EVIDENT",1,0,0,0,1,1,0,12,5,2,41.88435558,-87.63463655,POINT (-87.634636549891 41.884355579622)
c51014ad6750b2f5546071380d2b7c4e1c416025374f744a5e5d32dbe160b6e16c99a5e88a8d767cef1b94d4367266473f22bc505f378addf3bedbb18bdc00f1,JF169683,,3/5/2022 18:30,30,TRAFFIC SIGNAL,FUNCTIONING PROPERLY,RAIN,"DARKNESS, LIGHTED ROAD",TURNING,NOT DIVIDED,,STRAIGHT AND LEVEL,WET,NO DEFECTS,,NO INJURY / DRIVE AWAY,,,,"$501 - $1,500",3/10/2022 18:24,FAILING TO YIELD RIGHT-OF-WAY,FAILING TO REDUCE SPEED TO AVOID CRASH,2801,N,CENTRAL AVE,2514,,,,,,,2,NO INDICATION OF INJURY,0,0,0,0,0,2,0,18,7,3,41.93137132,-87.76610263,POINT (-87.766102633534 41.931371314905)
f4d5310dd3f33d617adc0a9d42c62cf361c893043531061507ac66b15880bc16a0e1ff6f5c16ec155f7caa351a9bde07735e1a5e0981f980e0a468619387f61f,JF162002,,3/3/2022 13:30,30,TRAFFIC SIGNAL,FUNCTIONING PROPERLY,CLEAR,DAYLIGHT,SIDESWIPE OPPOSITE DIRECTION,NOT DIVIDED,,STRAIGHT AND LEVEL,DRY,NO DEFECTS,ON SCENE,NO INJURY / DRIVE AWAY,,,Y,"OVER $1,500",3/3/2022 13:33,UNABLE TO DETERMINE,UNABLE TO DETERMINE,10,W,PERSHING RD,213,,,,,,,2,NO INDICATION OF INJURY,0,0,0,0,0,2,0,13,5,3,41.82381881,-87.62686564,POINT (-87.626865635237 41.823818813695)
f536ecbdf61230560213eaa98433ce1111a413a1a69d63dca9a8dc04282e408287fc742c65e6292e420334b35a18627fceb754abf6f4d4baab5ef411077ba37a,JF161744,,3/3/2022 8:30,25,TRAFFIC SIGNAL,FUNCTIONING PROPERLY,CLEAR,DAYLIGHT,PARKED MOTOR VEHICLE,FOUR WAY,,STRAIGHT ON GRADE,DRY,UNKNOWN,NOT ON SCENE (DESK REPORT),NO INJURY / DRIVE AWAY,Y,,,"OVER $1,500",3/3/2022 10:10,UNABLE TO DETERMINE,UNABLE TO DETERMINE,1158,W,PRATT BLVD,2431,,,,,,,2,NO INDICATION OF INJURY,0,0,0,0,0,1,0,8,5,3,42.00565204,-87.66075502,POINT (-87.660755022853 42.005652037358)
c5e4c87a76fe37e019a43822f12254b49a43d95b08ea51bfb41e4e5be4612bfb02f1823bb3df1886c9d028e795044b54bb851d849a2caa2f8a49f8914cb4227d,JF154835,,2/24/2022 16:00,35,STOP SIGN/FLASHER,NO CONTROLS,SNOW,DAYLIGHT,ANGLE,FOUR WAY,,STRAIGHT AND LEVEL,WET,NO DEFECTS,ON SCENE,NO INJURY / DRIVE AWAY,Y,,,"OVER $1,500",2/24/2022 16:06,FAILING TO YIELD RIGHT-OF-WAY,WEATHER,1900,W,35TH ST,912,,,,,,,2,NO INDICATION OF INJURY,0,0,0,0,0,2,0,16,5,2,41.83052673,-87.67290381,POINT (-87.672903804874 41.830526728863)
f059fb817c974a84454db3e88ec3999d914858baa742d935388acd8b60d1771f2c1598141a6a8a52735f30e30b30ade749dc0cbc984affcdd6b4ce97e6f88017,JF176984,,3/17/2022 11:08,30,NO CONTROLS,NO CONTROLS,CLEAR,DAYLIGHT,REAR END,DIVIDED - W/MEDIAN BARRIER,,STRAIGHT AND LEVEL,DRY,NO DEFECTS,ON SCENE,INJURY AND / OR TOW DUE TO CRASH,,,,"OVER $1,500",3/17/2022 11:50,UNABLE TO DETERMINE,UNABLE TO DETERMINE,2736,W,MONTROSE AVE,1724,,,,,,,2,NO INDICATION OF INJURY,0,0,0,0,0,2,0,11,5,3,41.96136482,-87.69754494,POINT (-87.697544936852 41.961364815916)
f0b115d1f0c4f5d44526c6c2823ad7239411851ab3360fd3a9cb8593f16632472dc5d0ededef03f6318fd82b43c92022df0126027c2bb4c9c804d17a57cd2cdc,JF176661,,3/17/2022 7:26,30,UNKNOWN,UNKNOWN,CLEAR,DAYLIGHT,ANGLE,FOUR WAY,,STRAIGHT AND LEVEL,DRY,UNKNOWN,ON SCENE,INJURY AND / OR TOW DUE TO CRASH,Y,,,"OVER $1,500",3/17/2022 7:30,FAILING TO YIELD RIGHT-OF-WAY,FAILING TO YIELD RIGHT-OF-WAY,3511,N,ASHLAND AVE,1922,,,,,,,2,NONINCAPACITATING INJURY,1,0,0,1,0,2,0,7,5,3,41.94554309,-87.66867837,POINT (-87.668678370387 41.945543084677)
f5e18d508d390368805f72db0141727c97cc15ae72f2eea782c78c804864b4a0678e270cc734e2b0b30d722df94498cb59a75981bb3cf287eb3888643469fd89,JF161775,,3/3/2022 8:05,20,NO CONTROLS,NO CONTROLS,CLEAR,DAYLIGHT,REAR TO FRONT,ONE-WAY,,STRAIGHT AND LEVEL,DRY,NO DEFECTS,NOT ON SCENE (DESK REPORT),NO INJURY / DRIVE AWAY,,,,"$501 - $1,500",3/3/2022 10:20,IMPROPER BACKING,NOT APPLICABLE,5901,W,ROSCOE ST,1633,,,,,,,2,NO INDICATION OF INJURY,0,0,0,0,0,2,0,8,5,3,41.94202823,-87.77404372,POINT (-87.774043718332 41.94202822626)
c67871a7bc39d8680d14925f6d3e172d749c84a7d5c1a29c9cd7172a2746c85be6fa1f4251df8b83e07dba307888d2894822a1c75981b05a3948b1092bf17cc8,JF155170,,2/24/2022 22:00,25,NO CONTROLS,NO CONTROLS,SNOW,"DARKNESS, LIGHTED ROAD",PARKED MOTOR VEHICLE,NOT DIVIDED,,STRAIGHT AND LEVEL,WET,NO DEFECTS,NOT ON SCENE (DESK REPORT),NO INJURY / DRIVE AWAY,,,Y,"OVER $1,500",2/24/2022 22:45,UNABLE TO DETERMINE,NOT APPLICABLE,2709,W,47TH ST,922,,,,,,,2,NO INDICATION OF INJURY,0,0,0,0,0,1,0,22,5,2,41.8082036,-87.69215841,POINT (-87.692158411068 41.808203597506)
f895c5860bed29dd886737d8fa1db923f3b1d19db0b4774b3a9285be48ad3864c25663e874c80549639cd1057a31e389a6eac83d7c5ddf35f71d0d31df61b63c,JF184041,,3/23/2022 16:00,20,STOP SIGN/FLASHER,FUNCTIONING PROPERLY,RAIN,DAYLIGHT,REAR END,NOT REPORTED,,STRAIGHT AND LEVEL,WET,NO DEFECTS,ON SCENE,NO INJURY / DRIVE AWAY,Y,,,$500 OR LESS,3/23/2022 16:03,UNABLE TO DETERMINE,NOT APPLICABLE,2530,W,GRANVILLE AVE,2413,,,,,,,2,NO INDICATION OF INJURY,0,0,0,0,0,2,0,16,4,3,41.99415715,-87.69349278,POINT (-87.693492782948 41.994157147904)
cf74bed297b7986e43ad042ac5e15fb120b3e0af9e764d623edcc2609f12bd0b6283d4d9fcc53ac226c76c4e3316ef1321c974fc6788b217d5ad5717f92ba138,JF147146,,2/17/2022 8:50,25,NO CONTROLS,NO CONTROLS,CLOUDY/OVERCAST,DAYLIGHT,ANGLE,DIVIDED - W/MEDIAN (NOT RAISED),,STRAIGHT AND LEVEL,DRY,WORN SURFACE,ON SCENE,NO INJURY / DRIVE AWAY,,,,"OVER $1,500",2/17/2022 8:52,FAILING TO YIELD RIGHT-OF-WAY,UNABLE TO DETERMINE,5438,S,UNION AVE,935,,,,,,,2,NO INDICATION OF INJURY,0,0,0,0,0,3,0,8,5,2,41.79502119,-87.64289371,POINT (-87.642893709072 41.795021184776)