CRASH_RECORD_ID,RD_NO,CRASH_DATE_EST_I,CRASH_DATE,POSTED_SPEED_LIMIT,TRAFFIC_CONTROL_DEVICE,DEVICE_CONDITION,WEATHER_CONDITION,LIGHTING_CONDITION,FIRST_CRASH_TYPE,TRAFFICWAY_TYPE,LANE_CNT,ALIGNMENT,ROADWAY_SURFACE_COND,ROAD_DEFECT,REPORT_TYPE,CRASH_TYPE,INTERSECTION_RELATED_I,NOT_RIGHT_OF_WAY_I,HIT_AND_RUN_I,DAMAGE,DATE_POLICE_NOTIFIED,PRIM_CONTRIBUTORY_CAUSE,SEC_CONTRIBUTORY_CAUSE,STREET_NO,STREET_DIRECTION,STREET_NAME,BEAT_OF_OCCURRENCE,PHOTOS_TAKEN_I,STATEMENTS_TAKEN_I,DOORING_I,WORK_ZONE_I,WORK_ZONE_TYPE,WORKERS_PRESENT_I,NUM_UNITS,MOST_SEVERE_INJURY,INJURIES_TOTAL,INJURIES_FATAL,INJURIES_INCAPACITATING,INJURIES_NON_INCAPACITATING,INJURIES_REPORTED_NOT_EVIDENT,INJURIES_NO_INDICATION,INJURIES_UNKNOWN,CRASH_HOUR,CRASH_DAY_OF_WEEK,CRASH_MONTH,LATITUDE,LONGITUDE,LOCATION
f18096a559332e365a1610b3d80b1d0f6a1ed1672ff9b9abd85d89074187610165306aa7cb0a746c300a9da7138ae8a2a5d58076213d194d3f501bfa17c90c9f,JF180254,,3/17/2022 10:30,30,NO CONTROLS,NO CONTROLS,CLEAR,DAYLIGHT,ANGLE,NOT DIVIDED,,STRAIGHT AND LEVEL,DRY,UNKNOWN,NOT ON SCENE (DESK REPORT),NO INJURY / DRIVE AWAY,,,Y,"$501 - $1,500",3/20/2022 11:15,UNABLE TO DETERMINE,UNABLE TO DETERMINE,9071,S,MUSKEGON AVE,423,,,,,,,2,NO INDICATION OF INJURY,0,0,0,0,0,2,0,10,5,3,41.73010734,-87.5552602,POINT (-87.555260200144 41.730107335296)
f1d08ff4012686d897f14fa5c06450c8d765fad1f0f3e54ed39c1b03503d327e46cac316aa54d86e7b88476101fd6ae23dc1efe5edd99a8d5ad2dc12df3b4c61,JF177611,,3/17/2022 8:30,30,NO CONTROLS,NO CONTROLS,UNKNOWN,UNKNOWN,PARKED MOTOR VEHICLE,NOT DIVIDED,,STRAIGHT AND LEVEL,UNKNOWN,UNKNOWN,ON SCENE,INJURY AND / OR TOW DUE TO CRASH,,,Y,"$501 - $1,500",3/17/2022 20:10,UNABLE TO DETERMINE,NOT APPLICABLE,6533,N,GLENWOOD AVE,2432,,,,,,,2,NO INDICATION OF INJURY,0,0,0,0,0,1,0,8,5,3,42.00106702,-87.66545548,POINT (-87.665455480684 42.00106702424)
c6dbd9422b633d195d46a92708b900f71b7de528420f7dc58bf041ec0f352d299fcf11df23d6cecc952311311391f4b3578ef398b4ebbdfa4ec468b13109472f,JF154916,Y,2/24/2022 16:41,25,TRAFFIC SIGNAL,FUNCTIONING PROPERLY,SNOW,DAYLIGHT,REAR END,NOT DIVIDED,,STRAIGHT AND LEVEL,SNOW OR SLUSH,NO DEFECTS,ON SCENE,NO INJURY / DRIVE AWAY,,,Y,"$501 - $1,500",2/24/2022 17:07,WEATHER,NOT APPLICABLE,5212,N,AUSTIN AVE,1622,,,,,,,2,NO INDICATION OF INJURY,0,0,0,0,0,3,0,16,5,2,41.9760993,-87.77831773,POINT (-87.778317731687 41.976099302988)
f1f366d0333826c7405e7ab735ed40e6c5733c2d6c8719a01ac034b29a26ee182047f4ee4e9a3bed02e0dc2abb870b652d27cbc65ba21b7726fff57278b81b71,JF176787,,3/17/2022 8:00,30,NO CONTROLS,NO CONTROLS,CLEAR,DAYLIGHT,ANGLE,ONE-WAY,,STRAIGHT AND LEVEL,DRY,NO DEFECTS,ON SCENE,INJURY AND / OR TOW DUE TO CRASH,,,,"OVER $1,500",3/17/2022 9:38,FAILING TO YIELD RIGHT-OF-WAY,FAILING TO YIELD RIGHT-OF-WAY,4336,W,27TH ST,1031,,,,,,,2,NO INDICATION OF INJURY,0,0,0,0,0,4,0,8,5,3,41.84240496,-87.73324501,POINT (-87.733245010066 41.842404959662)
d06c15844e65c5d4960838e88592e45b9f548de1e9c7cd20bb7dd19c88f03618cc50a667e258ddfb4b14b5d21dd6b05b849770cde2f31f9b0ba61d5d9dbd854d,JF147402,,2/17/2022 12:56,25,NO CONTROLS,NO CONTROLS,RAIN,DAYLIGHT,PARKED MOTOR VEHICLE,NOT DIVIDED,,STRAIGHT AND LEVEL,WET,UNKNOWN,ON SCENE,NO INJURY / DRIVE AWAY,,,,$500 OR LESS,2/17/2022 12:56,IMPROPER BACKING,NOT APPLICABLE,7452,N,WESTERN AVE,2411,,,,,,,2,NO INDICATION OF INJURY,0,0,0,0,0,1,0,12,5,2,42.0174068,-87.69034419,POINT (-87.690344192025 42.017406800731)
faed4c218d1618c3f5d1df354aea66e45368d3ea6ec5fca75cd9cc3babd1e8ab009245e59ceff3a3e1e68e744e989589db3a4087fc36180111a76b64645cb290,JF183525,,3/23/2022 8:58,30,TRAFFIC SIGNAL,FUNCTIONING PROPERLY,RAIN,DAYLIGHT,FIXED OBJECT,FOUR WAY,,STRAIGHT AND LEVEL,WET,NO DEFECTS,ON SCENE,INJURY AND / OR TOW DUE TO CRASH,Y,,,"OVER $1,500",3/23/2022 9:00,UNABLE TO DETERMINE,UNABLE TO DETERMINE,3934,W,CERMAK RD,1014,,,,,,,1,NO INDICATION OF INJURY,0,0,0,0,0,1,0,8,4,3,41.85167338,-87.72364326,POINT (-87.723643260584 41.851673381634)
f243cbb30a14d26fdec5b5eca071c541f8034a7fc9ba3cb0b20187551416c71dc0bb2413cdefda843d11002557cf9267b7b95bdc2010d043be95ac10ebe670b0,JE188819,Y,4/3/2021 18:30,30,UNKNOWN,UNKNOWN,UNKNOWN,UNKNOWN,HEAD ON,UNKNOWN,,STRAIGHT AND LEVEL,UNKNOWN,UNKNOWN,,NO INJURY / DRIVE AWAY,,,Y,"OVER $1,500",4/4/2021 0:34,UNABLE TO DETERMINE,NOT APPLICABLE,431,E,69TH ST,322,,,,,,,2,NO INDICATION OF INJURY,0,0,0,0,0,2,0,18,7,4,41.7692513,-87.6142002,POINT (-87.614200204248 41.769251298013)
fac1241bcd522b60e7c3320f7ac031187332878fac50471f049d847b450e4711378b6c666863d73dbbfc164f73fa88647088ec3cc4ea9e248c7321a249939ae6,JE471595,,12/8/2021 7:00,30,NO CONTROLS,NO CONTROLS,CLEAR,DAYLIGHT,PARKED MOTOR VEHICLE,DIVIDED - W/MEDIAN (NOT RAISED),,STRAIGHT AND LEVEL,DRY,NO DEFECTS,,NO INJURY / DRIVE AWAY,,,Y,"OVER $1,500",12/9/2021 15:30,UNABLE TO DETERMINE,UNABLE TO DETERMINE,8341,S,BURLEY AVE,424,,,,,,,2,NO INDICATION OF INJURY,0,0,0,0,0,1,0,7,4,12,41.74355422,-87.54530576,POINT (-87.545305756659 41.743554220133)
fadbbdbb4c8064e01d6af4e7d9701d33934b280441a871faf7fbbbc0dfd7ded874d48a25dc8ebbd829dc3c001071f17e583233b0cb01cc829395fa0a1d475752,JC485920,,10/25/2019 10:30,30,UNKNOWN,UNKNOWN,CLEAR,DAYLIGHT,REAR END,NOT DIVIDED,,STRAIGHT AND LEVEL,DRY,NO DEFECTS,,NO INJURY / DRIVE AWAY,,,N,$500 OR LESS,10/25/2019 13:15,UNABLE TO DETERMINE,UNABLE TO DETERMINE,2336,W,PETERSON AVE,2413,,,,,,,2,NO INDICATION OF INJURY,0,0,0,0,0,2,0,10,6,10,41.99062512,-87.68867208,POINT (-87.688672076349 41.990625123495)
c842e0d031cdb81b7c07db45e11df82857549ad81b6e93ca088796a13baca25e58feb3e79f5cdbe4b437e48d01a2008eeb922a142da77d5e1d6a11570d47dccd,JF154766,,2/24/2022 10:00,25,NO CONTROLS,NO CONTROLS,CLEAR,DAYLIGHT,PARKED MOTOR VEHICLE,ONE-WAY,,STRAIGHT AND LEVEL,DRY,NO DEFECTS,NOT ON SCENE (DESK REPORT),NO INJURY / DRIVE AWAY,,,,"$501 - $1,500",2/24/2022 15:28,NOT APPLICABLE,NOT APPLICABLE,70,E,RANDOLPH ST,111,,,,,,,2,NO INDICATION OF INJURY,0,0,0,0,0,1,0,10,5,2,41.88460813,-87.6253512,POINT (-87.625351202033 41.884608130894)
fbbf45d96347ae43c3531bbec3f3a49d7ee88fa48238af2e841a64cc455d24dcfa95621cec2c74677ddf433983f9eaffe68fa8dade88bb3ff6a8c8c921f77eb9,JF183474,,3/23/2022 7:50,30,STOP SIGN/FLASHER,FUNCTIONING PROPERLY,RAIN,DAYLIGHT,ANGLE,NOT DIVIDED,,STRAIGHT AND LEVEL,WET,NO DEFECTS,ON SCENE,INJURY AND / OR TOW DUE TO CRASH,Y,,,"OVER $1,500",3/23/2022 7:53,FAILING TO YIELD RIGHT-OF-WAY,DRIVING SKILLS/KNOWLEDGE/EXPERIENCE,4901,N,ASHLAND AVE,2032,,,,,,,2,"REPORTED, NOT EVIDENT",1,0,0,0,1,1,0,7,4,3,41.97188934,-87.66937441,POINT (-87.669374411005 41.971889341683)
f3815b1a9539547353d7faa469634c5f67df5ab1b80a357fcb648466ad917bf8a94a1a275240a8ce9a0d0182d0ad15ad9f85642d94ada4a91033653fe9dff8ff,JF177288,,3/17/2022 15:50,30,TRAFFIC SIGNAL,FUNCTIONING PROPERLY,CLEAR,DAYLIGHT,REAR END,DIVIDED - W/MEDIAN BARRIER,,STRAIGHT AND LEVEL,DRY,NO DEFECTS,NOT ON SCENE (DESK REPORT),NO INJURY / DRIVE AWAY,,,,"OVER $1,500",3/17/2022 16:05,UNABLE TO DETERMINE,UNABLE TO DETERMINE,220,W,47TH ST,925,,,,,,,2,NO INDICATION OF INJURY,0,0,0,0,0,3,0,15,5,3,41.80923716,-87.6318671,POINT (-87.631867098157 41.809237163628)
f9256d54c0fc0de80a19b91bc785217aacb258c00d42c5ab363e187170f9d2b739c0f42b5a273e639a57024ea25f58f713fb86e38f13d6a858d1ce047fb7b155,JF169398,Y,3/3/2022 18:13,30,NO CONTROLS,NO CONTROLS,CLEAR,DAYLIGHT,PARKED MOTOR VEHICLE,PARKING LOT,,STRAIGHT AND LEVEL,DRY,NO DEFECTS,NOT ON SCENE (DESK REPORT),NO INJURY / DRIVE AWAY,,,Y,"$501 - $1,500",3/10/2022 14:18,UNABLE TO DETERMINE,NOT APPLICABLE,855,W,MADISON ST,1232,,,,,,,2,NO INDICATION OF INJURY,0,0,0,0,0,1,0,18,5,3,41.88163114,-87.6495476,POINT (-87.649547598471 41.881631136866)
fb2d72d957f7c15927f1b99c7c67bf1f70fac57db5e741c4591f556ae4ce44ac7a0b2dfcde3450dd93a6a29120de7aa48d801c38e2c80c554be2c1633cf1be6d,JE434103,,11/4/2021 18:00,25,NO CONTROLS,NO CONTROLS,CLEAR,DARKNESS,REAR END,DIVIDED - W/MEDIAN BARRIER,,STRAIGHT AND LEVEL,DRY,NO DEFECTS,,NO INJURY / DRIVE AWAY,,,,"OVER $1,500",11/4/2021 18:15,FOLLOWING TOO CLOSELY,NOT APPLICABLE,1102,S,WESTERN AVE,1135,,,,,,,2,NO INDICATION OF INJURY,0,0,0,0,0,2,0,18,5,11,41.86831559,-87.68623057,POINT (-87.686230572338 41.868315591622)
c9757c87a4f521e2c4cc574c17098810172facd754ea906323db426f582b04dbe5b3486736b4db52b5dcf7aadadf55f19ce8d1074312532107d478d07e727ac0,JE278115,,6/24/2021 15:06,30,TRAFFIC SIGNAL,FUNCTIONING PROPERLY,RAIN,DAYLIGHT,PEDALCYCLIST,DIVIDED - W/MEDIAN BARRIER,,STRAIGHT AND LEVEL,WET,NO DEFECTS,,INJURY AND / OR TOW DUE TO CRASH,Y,,,$500 OR LESS,6/24/2021 15:16,DISREGARDING TRAFFIC SIGNALS,NOT APPLICABLE,3300,S,STATE ST,211,,,,,,,2,NONINCAPACITATING INJURY,1,0,0,1,0,1,0,15,5,6,41.83457791,-87.62683596,POINT (-87.626835956653 41.834577912105)
c98f6392647a123e4e969ae0d52ee5e4d27e24fa453b10402f5533b1392253258360b211616a895ab4fc33054f189a869513d159841247f33c5d596577066643,JC350714,,7/15/2019 15:50,30,UNKNOWN,UNKNOWN,CLEAR,DAYLIGHT,PEDALCYCLIST,CENTER TURN LANE,,STRAIGHT AND LEVEL,DRY,UNKNOWN,,INJURY AND / OR TOW DUE TO CRASH,,,Y,"$501 - $1,500",7/16/2019 0:44,FAILING TO YIELD RIGHT-OF-WAY,UNABLE TO DETERMINE,2021,W,NORTH AVE,1424,,,,,,,2,NONINCAPACITATING INJURY,1,0,0,1,0,1,0,15,2,7,41.91035849,-87.67841847,POINT (-87.678418474435 41.910358488831)
c9bb7b7b198f4f3bfe639104d2971bc7427ddef669d46f9e8ee054db99e3e3aafbf3e0623181f0cf5c23e7186001c2c369a093ca08ef050870aa0fa9ae85ecc9,JD420379,,11/4/2020 8:00,30,NO CONTROLS,NO CONTROLS,CLEAR,DAYLIGHT,SIDESWIPE SAME DIRECTION,DIVIDED - W/MEDIAN (NOT RAISED),,STRAIGHT AND LEVEL,DRY,NO DEFECTS,,NO INJURY / DRIVE AWAY,,,,"OVER $1,500",11/4/2020 8:30,IMPROPER LANE USAGE,IMPROPER OVERTAKING/PASSING,2451,W,CERMAK RD,1034,,,,,,,2,NO INDICATION OF INJURY,0,0,0,0,0,2,0,8,4,11,41.85190056,-87.6877612,POINT (-87.687761201326 41.851900556666)
ca8697e43bbfe0bc194c56b937df7201bddbf60ff781671f66efb026c5b926325f1d9953766361984ad0d0e45eef1a45a4de7ef62859107af9d8fbb33c6d5ab3,JF155064,,2/24/2022 19:02,30,TRAFFIC SIGNAL,FUNCTIONING PROPERLY,BLOWING SNOW,"DARKNESS, LIGHTED ROAD",TURNING,FOUR WAY,,STRAIGHT AND LEVEL,SNOW OR SLUSH,NO DEFECTS,ON SCENE,INJURY AND / OR TOW DUE TO CRASH,Y,,,"OVER $1,500",2/24/2022 19:21,WEATHER,FAILING TO YIELD RIGHT-OF-WAY,1527,W,CORTLAND ST,1433,,,,,,,2,NO INDICATION OF INJURY,0,0,0,0,0,2,0,19,5,2,41.91636253,-87.66631123,POINT (-87.666311231958 41.91636253151)
f438af991a6390d7bfa8ae744d67248936c6d7d4c444d5960016c907457485c4a73d6f2cf3b15d197429800cb1bbce1a5779f16548e1bec03a52030f51977c0d,JF176847,,3/17/2022 9:00,30,NO CONTROLS,NO CONTROLS,CLEAR,DAYLIGHT,PARKED MOTOR VEHICLE,ONE-WAY,,STRAIGHT AND LEVEL,DRY,NO DEFECTS,NOT ON SCENE (DESK REPORT),NO INJURY / DRIVE AWAY,,,Y,"OVER $1,500",3/17/2022 10:40,UNABLE TO DETERMINE,NOT APPLICABLE,3938,W,CONGRESS PKWY,1132,,,,,,,2,NO INDICATION OF INJURY,0,0,0,0,0,1,0,9,5,3,41.87447814,-87.72456738,POINT (-87.724567378875 41.874478140426)
fc8704d4a12403a21132a3263f70f377e041a23fee5cda30b99e4bd4b312d35e70659b2c3ec9cbfb139b3e8f15c0a675efe2da3d006d09dbd15bbcbe3a946c1a,JF184449,,3/23/2022 22:45,30,TRAFFIC SIGNAL,FUNCTIONING PROPERLY,RAIN,"DARKNESS, LIGHTED ROAD",TURNING,UNKNOWN INTERSECTION TYPE,,STRAIGHT AND LEVEL,WET,NO DEFECTS,NOT ON SCENE (DESK REPORT),NO INJURY / DRIVE AWAY,Y,,,"OVER $1,500",3/23/2022 23:30,UNABLE TO DETERMINE,UNABLE TO DETERMINE,100,E,WALTON ST,1833,,,,,,,2,NO INDICATION OF INJURY,0,0,0,0,0,2,0,22,4,3,41.90009663,-87.62535934,POINT (-87.625359340701 41.900096625177)
f9eb13b197e8f9135c2280f10d0e51ec2d549f0a4740351119f93711d47ed7d6b3bab3d51fc63e3fcf1c218e503b64e63505ecd86091ac1f4b02d11c0de54a13,JF161633,,3/3/2022 6:20,30,TRAFFIC SIGNAL,FUNCTIONING PROPERLY,CLEAR,DAYLIGHT,ANGLE,FOUR WAY,,STRAIGHT AND LEVEL,DRY,NO DEFECTS,ON SCENE,INJURY AND / OR TOW DUE TO CRASH,Y,,,"OVER $1,500",3/3/2022 6:23,DISREGARDING TRAFFIC SIGNALS,DRIVING SKILLS/KNOWLEDGE/EXPERIENCE,3500,S,WESTERN BLVD,911,,,,,,,2,NONINCAPACITATING INJURY,2,0,0,2,0,0,0,6,5,3,41.83023678,-87.68460476,POINT (-87.684604757265 41.830236775648)
fa350254f7f2b43fa39d336dcc9d77a2c6082011a0153832c391595c5eac086c5677dc7dca700eadf6459696fe0c9c3a0e4beb5decaefb6803823c9ab35c5d6d,JF162396,,3/3/2022 18:58,30,NO CONTROLS,UNKNOWN,CLEAR,"DARKNESS, LIGHTED ROAD",TURNING,NOT DIVIDED,,STRAIGHT AND LEVEL,DRY,UNKNOWN,ON SCENE,INJURY AND / OR TOW DUE TO CRASH,,,,"OVER $1,500",3/3/2022 18:59,FAILING TO YIELD RIGHT-OF-WAY,NOT APPLICABLE,1145,N,HAMLIN AVE,1112,,,,,,,3,NO INDICATION OF INJURY,0,0,0,0,0,4,0,18,5,3,41.90222805,-87.72126906,POINT (-87.721269062636 41.902228048535)
f3b2db3efc9a71013c097a9ef3d70dc3711ecf995fe1197576e454b67dda1e7a0720b2c3aad1c5a2fbc169d1921bb54e7fa5a5b7fdbeeb3640bedca06ed94ad7,JD361341,,9/9/2020 7:53,30,TRAFFIC SIGNAL,FUNCTIONING PROPERLY,CLOUDY/OVERCAST,DAYLIGHT,REAR END,NOT DIVIDED,,STRAIGHT AND LEVEL,WET,NO DEFECTS,,INJURY AND / OR TOW DUE TO CRASH,Y,,,"OVER $1,500",9/9/2020 7:58,FOLLOWING TOO CLOSELY,DISREGARDING TRAFFIC SIGNALS,3500,S,CALIFORNIA AVE,911,,,,,,,3,NO INDICATION OF INJURY,0,0,0,0,0,3,0,7,4,9,41.83002728,-87.69493784,POINT (-87.69493783907 41.830027283593)
fc43fa740513b111fbf902061ff908e8fe049d2342959cf9e1fec885bd1909daa8b8944f275f2dddd0e0e2eff4e4247ef41e6f2908e49f991ee0a290be923753,JD203477,,4/6/2020 18:20,30,STOP SIGN/FLASHER,FUNCTIONING PROPERLY,CLEAR,DUSK,TURNING,DIVIDED - W/MEDIAN (NOT RAISED),,STRAIGHT AND LEVEL,DRY,NO DEFECTS,,NO INJURY / DRIVE AWAY,Y,,Y,"OVER $1,500",4/6/2020 18:45,IMPROPER LANE USAGE,FAILING TO YIELD RIGHT-OF-WAY,4200,W,IRVING PARK RD,1722,,,,,,,2,NO INDICATION OF INJURY,0,0,0,0,0,2,0,18,2,4,41.95370551,-87.73255098,POINT (-87.732550981181 41.953705509686)
d4715fb9bce44c2ccffdb0fff989263ddb123e4f7417a7b0ca23a0074cf7c72aa92b94a792f8ad689e850d64bb0c1e1f5db4543b9ac6a49f6c801bba2e05e2cd,JF147545,,2/17/2022 15:00,30,NO CONTROLS,NO CONTROLS,CLEAR,DAYLIGHT,PARKED MOTOR VEHICLE,NOT DIVIDED,,STRAIGHT AND LEVEL,SNOW OR SLUSH,NO DEFECTS,NOT ON SCENE (DESK REPORT),NO INJURY / DRIVE AWAY,,,,"OVER $1,500",2/17/2022 15:40,FOLLOWING TOO CLOSELY,WEATHER,3340,W,71ST ST,831,,,,,,,2,NO INDICATION OF INJURY,0,0,0,0,0,2,0,15,5,2,41.7644287,-87.70688157,POINT (-87.706881567106 41.764428697977)
d4898ee9f3726c59b0a338801773b4810d35e68e453987e4c41b8d2f2649bac034f9291ceec86351b16cd1c539d918efa3b38213c70732b6d6f0943bade6701b,JF148957,,2/17/2022 18:00,30,NO CONTROLS,NO CONTROLS,SNOW,"DARKNESS, LIGHTED ROAD",PARKED MOTOR VEHICLE,PARKING LOT,,STRAIGHT AND LEVEL,SNOW OR SLUSH,UNKNOWN,NOT ON SCENE (DESK REPORT),NO INJURY / DRIVE AWAY,,,Y,"$501 - $1,500",2/18/2022 19:53,UNABLE TO DETERMINE,WEATHER,7530,S,STONY ISLAND AVE,411,,,,,,,2,NO INDICATION OF INJURY,0,0,0,0,0,1,0,18,5,2,41.75780566,-87.58626826,POINT (-87.586268258019 41.757805658543)
d4a02cf62af0d0988fff2b04a10c86daaae1a8340c8393d840f0e1a843919f6328e9cec4512ab6f3f5c3cc519ab38e3496efa9af0535dca0c641d09257224ea8,JF148268,Y,2/17/2022 12:15,30,NO CONTROLS,NO CONTROLS,CLOUDY/OVERCAST,DAYLIGHT,FIXED OBJECT,NOT DIVIDED,,STRAIGHT AND LEVEL,DRY,NO DEFECTS,ON SCENE,NO INJURY / DRIVE AWAY,,Y,Y,"$501 - $1,500",2/18/2022 9:25,UNABLE TO DETERMINE,UNABLE TO DETERMINE,4254,W,43RD ST,815,Y,,,,,,1,NO INDICATION OF INJURY,0,0,0,0,0,1,0,12,5,2,41.8152081,-87.73087463,POINT (-87.730874631391 41.815208103967)
f50464fe005e3cbe7e0fffb97780f27896eb2fc592e4b771bc6fdbcc28f84eb9a969fc4cdba7eb9d78e1b8106b04ed651f8bb873b4d3c47186f4a46d4751cef0,JF177226,,3/17/2022 15:05,30,STOP SIGN/FLASHER,FUNCTIONING PROPERLY,CLOUDY/OVERCAST,DAYLIGHT,PEDALCYCLIST,FOUR WAY,,STRAIGHT AND LEVEL,DRY,UNKNOWN,ON SCENE,INJURY AND / OR TOW DUE TO CRASH,,,,$500 OR LESS,3/17/2022 15:22,DRIVING SKILLS/KNOWLEDGE/EXPERIENCE,UNABLE TO DETERMINE,6799,N,RAVENSWOOD AVE,2432,,,,,,,2,NONINCAPACITATING INJURY,1,0,0,1,0,1,0,15,5,3,42.00526458,-87.67507548,POINT (-87.675075479707 42.005264581504)
cb66211f01bab1bf022a14a19dc5868da5f336bbec0af1ea4bd742c68046626e6f4247f371727822e22381d18688fb410d256ac71b0ef2361425b3529d89be39,JF155003,Y,2/24/2022 17:45,30,TRAFFIC SIGNAL,FUNCTIONING PROPERLY,CLEAR,DUSK,REAR END,FOUR WAY,,STRAIGHT AND LEVEL,DRY,NO DEFECTS,NOT ON SCENE (DESK REPORT),NO INJURY / DRIVE AWAY,,,,"OVER $1,500",2/24/2022 18:50,UNABLE TO DETERMINE,UNABLE TO DETERMINE,4700,S,DR MARTIN LUTHER KING JR DR,224,,,,,,,2,NO INDICATION OF INJURY,0,0,0,0,0,3,0,17,5,2,41.80929091,-87.61673305,POINT (-87.616733045993 41.809290910501)
d51b8ef6deb41a6cdec990e6dff9d2025787c8f9a32cb87d2a504895dd06abf43a225d783383f5aa6c0f5ba18a52acc7996acf7f6708f4c090aa2940926f031f,JF148294,,2/17/2022 15:30,30,NO CONTROLS,NO CONTROLS,SNOW,DAYLIGHT,PARKED MOTOR VEHICLE,NOT DIVIDED,,STRAIGHT AND LEVEL,SNOW OR SLUSH,NO DEFECTS,NOT ON SCENE (DESK REPORT),NO INJURY / DRIVE AWAY,,,,$500 OR LESS,2/18/2022 9:45,FAILING TO YIELD RIGHT-OF-WAY,NOT APPLICABLE,1119,N,CLEVELAND AVE,1823,,,,,,,2,NO INDICATION OF INJURY,0,0,0,0,0,2,0,15,5,2,41.90205805,-87.64101894,POINT (-87.641018940941 41.902058050895)
f579e3c4418c103f1de7ba76d4b401c4e728c62d7d3df69208152c4e8fb88e5a7a03589f5670dfcdac7b3808a441a52f7fef9af63fb2717f931c0558c3de270e,JF176670,,3/17/2022 7:30,15,NO CONTROLS,NO CONTROLS,CLEAR,DAYLIGHT,PARKED MOTOR VEHICLE,NOT DIVIDED,,STRAIGHT AND LEVEL,DRY,NO DEFECTS,ON SCENE,NO INJURY / DRIVE AWAY,,,,"OVER $1,500",3/17/2022 7:35,UNABLE TO DETERMINE,UNABLE TO DETERMINE,4135,W,CULLOM AVE,1722,,,,,,,2,NO INDICATION OF INJURY,0,0,0,0,0,5,0,7,5,3,41.95897985,-87.73091887,POINT (-87.730918872615 41.958979853792)
d5694036cc75995b5191e966e26d89fa354210d32cb10e57d6dd8b625f570afad768cc9851e36fce41ba0dba97fb6580ca0c18d9ef52fe455ec2b3baa953cd1a,JF147486,,2/17/2022 14:15,55,OTHER,FUNCTIONING PROPERLY,SNOW,DAYLIGHT,FIXED OBJECT,DIVIDED - W/MEDIAN BARRIER,,CURVE ON GRADE,SNOW OR SLUSH,UNKNOWN,ON SCENE,NO INJURY / DRIVE AWAY,,,,"OVER $1,500",2/17/2022 14:50,WEATHER,NOT APPLICABLE,11405,W,IRVING PARK RD,1654,,,,,,,1,NO INDICATION OF INJURY,0,0,0,0,0,1,0,14,5,2,41.95178253,-87.90896589,POINT (-87.908965888718 41.951782533464)
d588d0b96e2e0230dd27cda5c6fb106e2eb3df236aca34c5875632cc7f22f5d7c1b51a532dedcc784dd886b5ae30ae2ae2ecc84f4cb138534b5c7f2b4535ac29,JF147690,,2/17/2022 14:30,25,NO CONTROLS,NO CONTROLS,SNOW,DAYLIGHT,PARKED MOTOR VEHICLE,NOT DIVIDED,,STRAIGHT AND LEVEL,SNOW OR SLUSH,NO DEFECTS,,NO INJURY / DRIVE AWAY,,,Y,"$501 - $1,500",2/17/2022 17:00,UNABLE TO DETERMINE,NOT APPLICABLE,4556,W,WELLINGTON AVE,2521,,,,,,,2,NO INDICATION OF INJURY,0,0,0,0,0,1,0,14,5,2,41.93536002,-87.74158577,POINT (-87.741585770966 41.935360018472)
d59099dda6e40ba57090139b3c1142140ee31c0a2113e64f39974b0c63415c82438e8068455460c43d37b7bdc413a0d91545f765bd0fca02847493f0ed5b0e6b,JF147830,,2/17/2022 18:00,30,NO CONTROLS,NO CONTROLS,RAIN,"DARKNESS, LIGHTED ROAD",PARKED MOTOR VEHICLE,NOT DIVIDED,,STRAIGHT AND LEVEL,SNOW OR SLUSH,UNKNOWN,NOT ON SCENE (DESK REPORT),NO INJURY / DRIVE AWAY,,,,"OVER $1,500",2/17/2022 18:16,"EVASIVE ACTION DUE TO ANIMAL, OBJECT, NONMOTORIST",NOT APPLICABLE,1628,S,HOMAN AVE,1021,,,,,,,2,NO INDICATION OF INJURY,0,0,0,0,0,1,0,18,5,2,41.85813536,-87.71045519,POINT (-87.71045518484 41.85813535741)
f68438440f46011672b220136cfcf42a598bb495dd32e42d41e30502c99d8c824de8e023c6117a63dc8a113cceb232c88fa16aa98beb16e3ca60425fb4fa32c5,JF177516,,3/17/2022 16:55,25,NO CONTROLS,NO CONTROLS,CLEAR,DAWN,REAR TO FRONT,ONE-WAY,,STRAIGHT AND LEVEL,DRY,NO DEFECTS,NOT ON SCENE (DESK REPORT),NO INJURY / DRIVE AWAY,,,,"OVER $1,500",3/17/2022 18:53,UNABLE TO DETERMINE,UNABLE TO DETERMINE,6400,S,EVANS AVE,312,,,,,,,2,NO INDICATION OF INJURY,0,0,0,0,0,2,0,16,5,3,41.77848102,-87.60729537,POINT (-87.607295371172 41.778481022741)
fdab6116530b094734cbfc738f25b8d726c3736df71987f2899a6993b7f364bfa54267c0f31930d71928a639dc51907c998e1701349718cfa5ee316370c5ffd8,JF183477,,3/23/2022 8:00,30,NO CONTROLS,NO CONTROLS,RAIN,DAYLIGHT,ANGLE,DIVIDED - W/MEDIAN (NOT RAISED),,STRAIGHT AND LEVEL,WET,NO DEFECTS,ON SCENE,NO INJURY / DRIVE AWAY,,,,"OVER $1,500",3/23/2022 8:05,FAILING TO YIELD RIGHT-OF-WAY,NOT APPLICABLE,636,N,OAKLEY BLVD,1221,,,,,,,2,NO INDICATION OF INJURY,0,0,0,0,0,2,0,8,4,3,41.89315234,-87.68446821,POINT (-87.684468213624 41.893152339165)