CRASH_RECORD_ID,RD_NO,CRASH_DATE_EST_I,CRASH_DATE,POSTED_SPEED_LIMIT,TRAFFIC_CONTROL_DEVICE,DEVICE_CONDITION,WEATHER_CONDITION,LIGHTING_CONDITION,FIRST_CRASH_TYPE,TRAFFICWAY_TYPE,LANE_CNT,ALIGNMENT,ROADWAY_SURFACE_COND,ROAD_DEFECT,REPORT_TYPE,CRASH_TYPE,INTERSECTION_RELATED_I,NOT_RIGHT_OF_WAY_I,HIT_AND_RUN_I,DAMAGE,DATE_POLICE_NOTIFIED,PRIM_CONTRIBUTORY_CAUSE,SEC_CONTRIBUTORY_CAUSE,STREET_NO,STREET_DIRECTION,STREET_NAME,BEAT_OF_OCCURRENCE,PHOTOS_TAKEN_I,STATEMENTS_TAKEN_I,DOORING_I,WORK_ZONE_I,WORK_ZONE_TYPE,WORKERS_PRESENT_I,NUM_UNITS,MOST_SEVERE_INJURY,INJURIES_TOTAL,INJURIES_FATAL,INJURIES_INCAPACITATING,INJURIES_NON_INCAPACITATING,INJURIES_REPORTED_NOT_EVIDENT,INJURIES_NO_INDICATION,INJURIES_UNKNOWN,CRASH_HOUR,CRASH_DAY_OF_WEEK,CRASH_MONTH,LATITUDE,LONGITUDE,LOCATION
fbdce947cdaa8b15ef5b7273885bc24057856ca300f98463133198ef513690e8ada88b8168b4bb06a6729d53972718a882442c23509e4b1de873045dce3c5c80,JF161728,,3/3/2022 4:45,30,NO CONTROLS,NO CONTROLS,CLEAR,DARKNESS,SIDESWIPE OPPOSITE DIRECTION,DIVIDED - W/MEDIAN (NOT RAISED),,STRAIGHT AND LEVEL,DRY,NO DEFECTS,NOT ON SCENE (DESK REPORT),NO INJURY / DRIVE AWAY,,,Y,"$501 - $1,500",3/3/2022 8:44,IMPROPER OVERTAKING/PASSING,UNABLE TO DETERMINE,11100,S,MICHIGAN AVE,531,,,,,,,2,NO INDICATION OF INJURY,0,0,0,0,0,5,0,4,5,3,41.69255976,-87.6211937,POINT (-87.621193695398 41.692559762592)
fc03e1e2876eba9c4fcebc85ffb0155a1d981ef32eca9de71afeb167a8de3c64798dfe77c0e19b53b2598cb3d4f0cfc32dbc143565813637b2bccd307d6752a4,JF162103,,3/3/2022 11:45,0,NO CONTROLS,NO CONTROLS,CLEAR,DAYLIGHT,PARKED MOTOR VEHICLE,PARKING LOT,,STRAIGHT AND LEVEL,DRY,NO DEFECTS,NOT ON SCENE (DESK REPORT),NO INJURY / DRIVE AWAY,,Y,,"OVER $1,500",3/3/2022 15:15,UNABLE TO DETERMINE,NOT APPLICABLE,6720,S,CORNELL AVE,332,,,,,,,2,NO INDICATION OF INJURY,0,0,0,0,0,1,0,11,5,3,41.7726833,-87.58520829,POINT (-87.585208287342 41.772683300707)
fdd422098b104d9f48cab886354aeeb01abb15af6d7a52b6aa921c8ec0c6bd72b000650dcbe751875e271da8bcc67bf1db5c3c19bb185530ae4b08981373f1b9,JF183883,,3/23/2022 13:35,40,NO CONTROLS,NO CONTROLS,RAIN,DAYLIGHT,SIDESWIPE SAME DIRECTION,DIVIDED - W/MEDIAN BARRIER,,"CURVE, LEVEL",WET,NO DEFECTS,ON SCENE,INJURY AND / OR TOW DUE TO CRASH,,,,"OVER $1,500",3/23/2022 13:36,FAILING TO REDUCE SPEED TO AVOID CRASH,DRIVING SKILLS/KNOWLEDGE/EXPERIENCE,991,N,LAKE SHORE DR SB,1833,,,,,,,2,NO INDICATION OF INJURY,0,0,0,0,0,2,0,13,4,3,41.90094767,-87.61933518,POINT (-87.619335175935 41.900947667149)
f769aa97b76297444fd9e39a6ecafbd01bd997ba3d7b8e6b58da63c4e4a7283cd7f68ccaf64297bf19173480ec1abeb8110382088ad7029f39a11677f917aea8,,,3/31/2022 11:05,30,TRAFFIC SIGNAL,FUNCTIONING PROPERLY,RAIN,DAYLIGHT,REAR END,NOT DIVIDED,,STRAIGHT AND LEVEL,WET,NO DEFECTS,,NO INJURY / DRIVE AWAY,,,,"$501 - $1,500",3/31/2022 13:00,FOLLOWING TOO CLOSELY,FOLLOWING TOO CLOSELY,2400,S,DAMEN AVE,1034,,,,,,,2,NO INDICATION OF INJURY,0,0,0,0,0,2,0,11,5,3,41.84848572,-87.67589295,POINT (-87.675892950649 41.848485724113)
fd9c88b0ea3d44b00dd73c730bc86921ab54dadd1d64a604e514a90cb378a72061c413e6e6f34a99621d6e94369cfd2c7c91ec9c326887d1fda49ca2e6d7ed61,JE246065,,5/28/2021 16:27,30,NO CONTROLS,NO CONTROLS,RAIN,DAYLIGHT,TURNING,NOT DIVIDED,,STRAIGHT AND LEVEL,WET,NO DEFECTS,,NO INJURY / DRIVE AWAY,,,Y,"$501 - $1,500",5/28/2021 17:35,NOT APPLICABLE,NOT APPLICABLE,4332,W,63RD ST,813,,,,,,,2,NO INDICATION OF INJURY,0,0,0,0,0,4,0,16,6,5,41.77866619,-87.73136725,POINT (-87.731367251502 41.778666194023)
f7d97b1951da3f33986a115acfb37d95322f7d12fa4a477e95fd62c937b8ad64011df54fc070039794e8771565c429aa9d0223ccadc13eac82c1968be5312334,JF177000,,3/17/2022 12:00,30,TRAFFIC SIGNAL,FUNCTIONING PROPERLY,CLEAR,DAYLIGHT,REAR END,NOT DIVIDED,,STRAIGHT AND LEVEL,DRY,NO DEFECTS,NOT ON SCENE (DESK REPORT),INJURY AND / OR TOW DUE TO CRASH,,,Y,"OVER $1,500",3/17/2022 12:29,FAILING TO REDUCE SPEED TO AVOID CRASH,FOLLOWING TOO CLOSELY,954,E,130TH ST,532,,,,,,,2,"REPORTED, NOT EVIDENT",1,0,0,0,1,1,0,12,5,3,41.65940495,-87.59913426,POINT (-87.599134258326 41.659404949937)
f8273298cff618393ff9dd99900d9bf3b715158384e936dbe41c6a0a56ba1fe6f3ae5371f960ae3b1c7e6bbab4986faee10b189467f9c257ce62cbe7cd8598e3,JF176727,,3/17/2022 7:50,20,NO CONTROLS,NO CONTROLS,CLEAR,DAYLIGHT,ANGLE,ALLEY,,STRAIGHT AND LEVEL,DRY,NO DEFECTS,ON SCENE,NO INJURY / DRIVE AWAY,,,,"OVER $1,500",3/17/2022 8:37,FAILING TO YIELD RIGHT-OF-WAY,FAILING TO YIELD RIGHT-OF-WAY,10059,S,PEORIA ST,2232,,,,,,,2,NO INDICATION OF INJURY,0,0,0,0,0,2,0,7,5,3,41.71062193,-87.64521461,POINT (-87.645214604519 41.710621933801)
d718f17dadc968ac106eeebf449d8593a28c47da6efed64566f13c59f924177696b3751a4d2e75155f258c11c7f277f20527e54c0cbc9cef07b1f9e9414b40df,JF147737,,2/17/2022 14:47,30,NO CONTROLS,NO CONTROLS,SNOW,DAYLIGHT,REAR END,NOT DIVIDED,,STRAIGHT AND LEVEL,SNOW OR SLUSH,NO DEFECTS,NOT ON SCENE (DESK REPORT),NO INJURY / DRIVE AWAY,,,,$500 OR LESS,2/17/2022 17:20,WEATHER,NOT APPLICABLE,3741,W,NORTH AVE,2535,,,,,,,2,NO INDICATION OF INJURY,0,0,0,0,0,2,0,14,5,2,41.90983269,-87.72082797,POINT (-87.720827972775 41.90983268552)
fea58e4b6d27e12b9c96fc0a903b67503a40a3972a8f8bc368e209296a59401348444970276e7e4a5a6ef37c30957d703caadc875ad36b19743b26c362f0bd9a,JF184243,,3/23/2022 17:45,30,OTHER REG. SIGN,OTHER,RAIN,DAYLIGHT,REAR END,DIVIDED - W/MEDIAN (NOT RAISED),,STRAIGHT AND LEVEL,WET,NO DEFECTS,NOT ON SCENE (DESK REPORT),NO INJURY / DRIVE AWAY,,,,"$501 - $1,500",3/23/2022 18:45,FAILING TO YIELD RIGHT-OF-WAY,FOLLOWING TOO CLOSELY,2727,N,LINCOLN AVE,1935,,,,,,,2,NO INDICATION OF INJURY,0,0,0,0,0,2,0,17,4,3,41.93143397,-87.6569235,POINT (-87.65692350212 41.931433971829)
f986385a4ac06299318e941eaca02e9483497ce1832b1e01bb644c8854c291a3c0168f041d605173b2c5113e74eaf6282e62ee97b0999c784e5d38dba276d1cd,JF177394,,3/17/2022 16:30,30,NO CONTROLS,NO CONTROLS,CLEAR,DAYLIGHT,REAR END,ONE-WAY,,STRAIGHT AND LEVEL,DRY,NO DEFECTS,NOT ON SCENE (DESK REPORT),NO INJURY / DRIVE AWAY,,,,"$501 - $1,500",3/17/2022 17:15,IMPROPER LANE USAGE,FAILING TO REDUCE SPEED TO AVOID CRASH,5436,S,WELLS ST,935,,,,,,,2,NO INDICATION OF INJURY,0,0,0,0,0,2,0,16,5,3,41.79523051,-87.63197966,POINT (-87.631979660524 41.795230510553)
d880f9dc86fccebe5f3f30d6886490ad1c1fce0fe75c501c4689bdc2254f24f72ce9d589c991640f46c4f6b2fbadd52c4ceb6530c07b4a38be55821d9fbf08d0,JF147751,,2/17/2022 16:20,30,NO CONTROLS,NO CONTROLS,SNOW,DAYLIGHT,SIDESWIPE SAME DIRECTION,NOT DIVIDED,,STRAIGHT AND LEVEL,SNOW OR SLUSH,UNKNOWN,NOT ON SCENE (DESK REPORT),NO INJURY / DRIVE AWAY,,,,"OVER $1,500",2/17/2022 17:10,UNABLE TO DETERMINE,NOT APPLICABLE,328,S,KEDZIE AVE,1134,,,,,,,2,NO INDICATION OF INJURY,0,0,0,0,0,2,0,16,5,2,41.87649015,-87.70613985,POINT (-87.706139853479 41.876490145643)
ce304904fbb315fd1517edf6f3251f9102dbf17032226606f84ed63a8e29e99dbfbec720fc2ac37c9b7b68885b0b99e03f65a7e2c966074677aa703bea79e9d6,JF154420,,2/24/2022 9:38,35,TRAFFIC SIGNAL,FUNCTIONING PROPERLY,CLOUDY/OVERCAST,DAYLIGHT,REAR END,NOT DIVIDED,,STRAIGHT AND LEVEL,DRY,NO DEFECTS,ON SCENE,NO INJURY / DRIVE AWAY,,,,$500 OR LESS,2/24/2022 9:39,UNABLE TO DETERMINE,UNABLE TO DETERMINE,4140,S,CICERO AVE,814,,,,,,,2,NO INDICATION OF INJURY,0,0,0,0,0,3,0,9,5,2,41.81713553,-87.74355718,POINT (-87.74355717596 41.817135532397)
f9e5af9b7d87b6069974d2aa8db26a1323221c7cf6cad2e1dad805084cc33624734d245ee51d20336a24d71e4136f67855bf067945a0b2bfacab81dfe7884d68,JF176656,,3/17/2022 7:15,15,NO CONTROLS,NO CONTROLS,CLEAR,DAYLIGHT,ANGLE,OTHER,,STRAIGHT AND LEVEL,DRY,NO DEFECTS,ON SCENE,NO INJURY / DRIVE AWAY,,,,"OVER $1,500",3/17/2022 7:20,FAILING TO YIELD RIGHT-OF-WAY,NOT APPLICABLE,3,W,TERMINAL ST,1653,,,,,,,2,NO INDICATION OF INJURY,0,0,0,0,0,2,0,7,5,3,,,
fa15c63bd63ce499c3abca9da304e296c027b6aa54233d1b96562580dc5d8a9f336a9849cc02d38d9f7334390432382bc0ee45ba6314297cef9e8cc133834ab3,JF177042,,3/17/2022 9:00,30,NO CONTROLS,NO CONTROLS,CLEAR,DAYLIGHT,PARKED MOTOR VEHICLE,NOT DIVIDED,,STRAIGHT AND LEVEL,DRY,NO DEFECTS,NOT ON SCENE (DESK REPORT),NO INJURY / DRIVE AWAY,,,Y,"OVER $1,500",3/17/2022 13:00,UNABLE TO DETERMINE,UNABLE TO DETERMINE,6145,W,PALMER ST,2512,,,,,,,2,NO INDICATION OF INJURY,0,0,0,0,0,1,0,9,5,3,41.92001335,-87.77984927,POINT (-87.779849266623 41.920013352426)
ff0e725577475d03d79c54f27bb909e08e6df52582139766fdee08953a78d3ff5a0b88ebb632efa2516fbd87622adb3d0b7d24365c3cf68db317db29179ec2ad,JF184009,,3/23/2022 15:30,30,TRAFFIC SIGNAL,UNKNOWN,RAIN,DAYLIGHT,REAR END,NOT DIVIDED,,STRAIGHT AND LEVEL,WET,UNKNOWN,NOT ON SCENE (DESK REPORT),NO INJURY / DRIVE AWAY,,,,"OVER $1,500",3/23/2022 15:45,UNABLE TO DETERMINE,UNABLE TO DETERMINE,5000,W,MONTROSE AVE,1623,,,,,,,2,NO INDICATION OF INJURY,0,0,0,0,0,2,0,15,4,3,41.96076416,-87.75252267,POINT (-87.752522667879 41.960764161487)
ce6f6c7e92d3e31082416979d9d16bfeafbe61cfff35a57b9cd3560c625daa9f71a7c69aaa21d23d17413b1b4f47c3736e1beb7f96ad48c847784468bda6653f,JF155225,,2/24/2022 22:40,30,TRAFFIC SIGNAL,FUNCTIONING PROPERLY,SNOW,"DARKNESS, LIGHTED ROAD",REAR END,NOT DIVIDED,,STRAIGHT AND LEVEL,WET,NO DEFECTS,NOT ON SCENE (DESK REPORT),NO INJURY / DRIVE AWAY,,,,"$501 - $1,500",2/24/2022 23:30,UNABLE TO DETERMINE,UNABLE TO DETERMINE,6141,N,CICERO AVE,1711,,,,,,,2,NO INDICATION OF INJURY,0,0,0,0,0,2,0,22,5,2,41.99249555,-87.74818287,POINT (-87.748182864873 41.992495547425)
da3eda9cc26b471877062f2e136f8148b534f8cf668bd596baee62cc84219c25f90f22e314f775409caa63b1c2b5f6bda368f630d620315a462d3f192ca47f93,JF147763,,2/17/2022 17:00,30,STOP SIGN/FLASHER,FUNCTIONING PROPERLY,SNOW,"DARKNESS, LIGHTED ROAD",HEAD ON,NOT DIVIDED,,STRAIGHT AND LEVEL,SNOW OR SLUSH,UNKNOWN,NOT ON SCENE (DESK REPORT),NO INJURY / DRIVE AWAY,Y,,,"OVER $1,500",2/17/2022 17:45,WEATHER,NOT APPLICABLE,599,W,ELM ST,1823,,,,,,,2,NO INDICATION OF INJURY,0,0,0,0,0,2,0,17,5,2,41.90254306,-87.64312386,POINT (-87.643123861883 41.902543061585)
cf17b505c78b9ed3442a30dbe6665ee1180b750dd5e2bba8f10178bf9345eed9b1ff1ed69ca0a259d5549fe263e7d3969ba7d002abb6e7022d1e70ca770fda76,JF154905,,2/24/2022 16:30,30,STOP SIGN/FLASHER,FUNCTIONING PROPERLY,SNOW,DAYLIGHT,TURNING,DIVIDED - W/MEDIAN (NOT RAISED),,STRAIGHT AND LEVEL,SNOW OR SLUSH,NO DEFECTS,NOT ON SCENE (DESK REPORT),NO INJURY / DRIVE AWAY,,,Y,"OVER $1,500",2/24/2022 17:00,UNABLE TO DETERMINE,UNABLE TO DETERMINE,5531,W,NORTH AVE,2532,,,,,,,2,NO INDICATION OF INJURY,0,0,0,0,0,2,0,16,5,2,41.90928438,-87.76423649,POINT (-87.764236492493 41.909284381294)
da7dea8b627758790b606f2a81c46efa5e438aec39f81d41fedc13cb65179ca66288ab43b0daf495cc7a2b2b6e2d6f03c5d8e9a9df2bf068d0aa373feeb1ce3e,JF147532,,2/17/2022 15:03,30,NO CONTROLS,NO CONTROLS,SNOW,DAYLIGHT,ANGLE,NOT DIVIDED,,STRAIGHT AND LEVEL,SNOW OR SLUSH,NO DEFECTS,NOT ON SCENE (DESK REPORT),NO INJURY / DRIVE AWAY,,,,"OVER $1,500",2/17/2022 15:33,DRIVING SKILLS/KNOWLEDGE/EXPERIENCE,NOT APPLICABLE,3930,W,63RD ST,823,,,,,,,2,NO INDICATION OF INJURY,0,0,0,0,0,2,0,15,5,2,41.77878424,-87.72157517,POINT (-87.721575172038 41.778784236699)
daa932509112a16c7c0ad62947aca8723fd2ae5392d61117e2497bec11dad6eb22c17a286bbacd3852648513c88bd984ae28265c5ef8ba153a9a5909b7acf6d1,JG148001,,2/17/2022 20:00,30,NO CONTROLS,NO CONTROLS,CLEAR,"DARKNESS, LIGHTED ROAD",PARKED MOTOR VEHICLE,NOT DIVIDED,,STRAIGHT AND LEVEL,WET,NO DEFECTS,NOT ON SCENE (DESK REPORT),NO INJURY / DRIVE AWAY,,,,"OVER $1,500",2/17/2022 21:30,UNABLE TO DETERMINE,UNABLE TO DETERMINE,3409,W,71ST ST,831,,,,,,,3,NO INDICATION OF INJURY,0,0,0,0,0,3,0,20,5,2,41.76419276,-87.70812587,POINT (-87.70812586791 41.764192756373)
daac170e1ad339b6596f19ed09498e4b7aac9b4ea2367f64352b4233706664bcd9148cb0d11e07ed5620ec83869ddcc31e6573d395f2744a4567f78e6e573a7b,JF152233,,2/17/2022 14:45,5,NO CONTROLS,NO CONTROLS,SNOW,DAYLIGHT,PARKED MOTOR VEHICLE,PARKING LOT,,STRAIGHT AND LEVEL,SNOW OR SLUSH,NO DEFECTS,NOT ON SCENE (DESK REPORT),NO INJURY / DRIVE AWAY,,,,$500 OR LESS,2/22/2022 10:00,DRIVING SKILLS/KNOWLEDGE/EXPERIENCE,NOT APPLICABLE,3200,N,HARLEM AVE,1631,,,,,,,2,NO INDICATION OF INJURY,0,0,0,0,0,1,0,14,5,2,41.93808447,-87.80689675,POINT (-87.806896748879 41.938084468222)
fe7f7efcffc3762c6a174f4ec4f697d27529d1939431ca3d78e1a3a1e1d7cdacb3d724bd536dd30148e2f8de167fcaeb0c74676d33c399e4abf66bfeae7a1acf,JF163901,,3/3/2022 16:50,30,TRAFFIC SIGNAL,FUNCTIONING PROPERLY,UNKNOWN,DAYLIGHT,TURNING,NOT DIVIDED,,STRAIGHT AND LEVEL,UNKNOWN,UNKNOWN,NOT ON SCENE (DESK REPORT),NO INJURY / DRIVE AWAY,Y,,Y,$500 OR LESS,3/5/2022 8:00,UNABLE TO DETERMINE,NOT APPLICABLE,1945,E,79TH ST,414,,,,,,,2,NO INDICATION OF INJURY,0,0,0,0,0,2,0,16,5,3,41.75148902,-87.57663365,POINT (-87.576633647158 41.751489018829)
cfbcfcc77ada3571c238750bced09742ed4b915e41ceacc7df593a9031b2f620fbdb82ff10ca5709bcaf55e85706bd567b92ecd540f52476a40f79ed67703ef4,JF155650,,2/24/2022 7:00,25,NO CONTROLS,NO CONTROLS,CLEAR,DAYLIGHT,OTHER OBJECT,OTHER,,STRAIGHT AND LEVEL,UNKNOWN,UNKNOWN,ON SCENE,NO INJURY / DRIVE AWAY,,Y,Y,"OVER $1,500",2/25/2022 12:45,PHYSICAL CONDITION OF DRIVER,UNABLE TO DETERMINE,1337,W,FULLERTON AVE,1811,,,,,,,1,NO INDICATION OF INJURY,0,0,0,0,0,1,0,7,5,2,41.92512769,-87.66204067,POINT (-87.662040670832 41.925127685393)
cf7e1f71462cd2b2d578167b22cf1d55aa9040388c656b5ad404272281143f4407a2a691e96407266b555182d5eb4b0fbf346885b8565d8fcd9ba6c4dd4242cf,JD332707,,8/14/2020 18:30,30,NO CONTROLS,NO CONTROLS,CLEAR,DAYLIGHT,REAR END,NOT DIVIDED,,STRAIGHT AND LEVEL,DRY,NO DEFECTS,,NO INJURY / DRIVE AWAY,,,,"$501 - $1,500",8/14/2020 20:37,NOT APPLICABLE,NOT APPLICABLE,3454,W,BELMONT AVE,1732,,,,,,,3,NO INDICATION OF INJURY,0,0,0,0,0,5,0,18,6,8,41.93935868,-87.71467354,POINT (-87.714673536349 41.939358677596)
fe70a571002e98715002ebfa8154ae4560aa12322fdfd8b2fcd049489b4602a9870225dc462a993e6d108823005936986e5baf8be9fe40c986c79065d4c5b586,JF135261,,2/6/2022 1:49,30,NO CONTROLS,NO CONTROLS,CLEAR,"DARKNESS, LIGHTED ROAD",REAR END,DIVIDED - W/MEDIAN BARRIER,,CURVE ON HILLCREST,DRY,NO DEFECTS,,INJURY AND / OR TOW DUE TO CRASH,,,Y,"OVER $1,500",2/6/2022 1:54,FAILING TO REDUCE SPEED TO AVOID CRASH,"OPERATING VEHICLE IN ERRATIC, RECKLESS, CARELESS, NEGLIGENT OR AGGRESSIVE MANNER",5649,N,LAKE SHORE DR SB,2022,,,,,,,2,"REPORTED, NOT EVIDENT",1,0,0,0,1,3,0,1,1,2,41.98535896,-87.6529807,POINT (-87.652980694707 41.985358958389)
fe8f27c74b2c4edd0742c80a7172847e7d00a2733f7ff603c3ab62e25e7d53673cec0a015e41aa5cbd4bf2c90ac72db3efc4c18064fa2e4bd22475bf0fcbade9,JD402424,,10/16/2020 21:21,30,TRAFFIC SIGNAL,FUNCTIONING PROPERLY,CLEAR,DARKNESS,REAR END,DIVIDED - W/MEDIAN (NOT RAISED),,STRAIGHT AND LEVEL,DRY,NO DEFECTS,,NO INJURY / DRIVE AWAY,,,,"OVER $1,500",10/17/2020 14:45,UNABLE TO DETERMINE,UNABLE TO DETERMINE,2000,W,IRVING PARK RD,1911,,,,,,,2,NO INDICATION OF INJURY,0,0,0,0,0,2,0,21,6,10,41.95426578,-87.67881787,POINT (-87.678817868741 41.954265779975)
fc482e1dfb4fb6e546212f8b060b3bcb3413bbd8d393ca6b9aaa0adb53c418feb442148d529c8878a57d02d9ff96afc48847143239e4b946e03d8b005ef1cdf4,JF177703,,3/17/2022 23:05,30,NO CONTROLS,NO CONTROLS,CLEAR,"DARKNESS, LIGHTED ROAD",PARKED MOTOR VEHICLE,ONE-WAY,,STRAIGHT AND LEVEL,DRY,NO DEFECTS,ON SCENE,NO INJURY / DRIVE AWAY,,,Y,"OVER $1,500",3/17/2022 23:06,"OPERATING VEHICLE IN ERRATIC, RECKLESS, CARELESS, NEGLIGENT OR AGGRESSIVE MANNER",FAILING TO REDUCE SPEED TO AVOID CRASH,4229,W,MONROE ST,1115,,,,,,,2,NO INDICATION OF INJURY,0,0,0,0,0,1,0,23,5,3,41.87957796,-87.73172633,POINT (-87.731726331265 41.879577963954)
fc8aab27dd90fe5c84f5b4e588255f5d484664c5b564d88765da08033a3c1c5b7232af107849a39472f4be92a5e231471bc715f6555bc1b5a008981627709da4,JF177376,,3/17/2022 16:40,30,TRAFFIC SIGNAL,FUNCTIONING PROPERLY,CLEAR,DAYLIGHT,SIDESWIPE SAME DIRECTION,DIVIDED - W/MEDIAN BARRIER,,STRAIGHT AND LEVEL,DRY,NO DEFECTS,NOT ON SCENE (DESK REPORT),NO INJURY / DRIVE AWAY,,,,"OVER $1,500",3/17/2022 17:10,NOT APPLICABLE,NOT APPLICABLE,301,S,LAKE SHORE DR NB,114,,,,,,,2,NO INDICATION OF INJURY,0,0,0,0,0,2,0,16,5,3,41.87831701,-87.61705213,POINT (-87.617052125371 41.878317010667)
fcb03b714f6bfd9a2a019effa87f69021d683600beb49f5c0b0fc53f14fec4e0b280b09467ea4c3403ff776abf9996988db096a0018e03b05b16af18854a0e5a,JF177335,,3/17/2022 16:15,30,TRAFFIC SIGNAL,FUNCTIONING PROPERLY,CLEAR,DAYLIGHT,SIDESWIPE SAME DIRECTION,NOT DIVIDED,,STRAIGHT AND LEVEL,UNKNOWN,NO DEFECTS,ON SCENE,INJURY AND / OR TOW DUE TO CRASH,Y,,,"OVER $1,500",3/17/2022 16:23,IMPROPER OVERTAKING/PASSING,FAILING TO REDUCE SPEED TO AVOID CRASH,2101,S,WESTERN AVE,1234,,,,,,,3,NO INDICATION OF INJURY,0,0,0,0,0,3,0,16,5,3,41.85383218,-87.68554037,POINT (-87.685540372856 41.853832175025)
d0e078ccc8d7ea4a7af5bdcb5163f38b61d9978c27c91b9e688c2c3716961366dcfd745b36329b8b308fe141a2451934e6d29ce7341b85f3888248b98337de07,JF155103,Y,2/24/2022 20:00,30,NO CONTROLS,NO CONTROLS,SNOW,DARKNESS,PARKED MOTOR VEHICLE,NOT DIVIDED,,STRAIGHT AND LEVEL,WET,UNKNOWN,NOT ON SCENE (DESK REPORT),NO INJURY / DRIVE AWAY,,,Y,"OVER $1,500",2/24/2022 20:50,UNABLE TO DETERMINE,UNABLE TO DETERMINE,629,N,KILPATRICK AVE,1111,,,,,,,2,NO INDICATION OF INJURY,0,0,0,0,0,1,0,20,5,2,41.89226656,-87.74328189,POINT (-87.743281885185 41.892266556779)
dc48c05db3e528318fe85b195fd07bce7bd774788429415d0cd0209e673e3465224848ad138f6349e2d12f3995f061ca620987d4776e6b3a29594a6b9a6fa413,JF147925,,2/17/2022 17:00,30,TRAFFIC SIGNAL,FUNCTIONING PROPERLY,SNOW,"DARKNESS, LIGHTED ROAD",REAR END,ONE-WAY,,STRAIGHT AND LEVEL,SNOW OR SLUSH,NO DEFECTS,NOT ON SCENE (DESK REPORT),NO INJURY / DRIVE AWAY,,,,"OVER $1,500",2/17/2022 20:05,FOLLOWING TOO CLOSELY,UNABLE TO DETERMINE,400,N,DEARBORN ST,1831,,,,,,,2,NO INDICATION OF INJURY,0,0,0,0,0,2,0,17,5,2,41.88926953,-87.62973533,POINT (-87.629735331044 41.889269528172)
d153e59669427b85e7bbd07a847b5bb22eb70a6f4669e0141fab2c395bb96d10fac1be4c381b96a50972b6434099a1657ba1268f17c8982cf3cc4fbb59678f79,JF155050,,2/24/2022 7:55,25,STOP SIGN/FLASHER,FUNCTIONING PROPERLY,CLEAR,DAYLIGHT,REAR END,NOT DIVIDED,,STRAIGHT AND LEVEL,DRY,NO DEFECTS,NOT ON SCENE (DESK REPORT),NO INJURY / DRIVE AWAY,Y,,,"OVER $1,500",2/24/2022 19:35,IMPROPER BACKING,NOT APPLICABLE,5999,N,GLENWOOD AVE,2013,,,,,,,2,NO INDICATION OF INJURY,0,0,0,0,0,2,0,7,5,2,41.9908139,-87.66501592,POINT (-87.665015918118 41.990813899079)
d1746642cb8e866fc571506edc7f58e72171f2421ee577cede01bedde62aac65c70152457421bcff459c9dde2a6db9d00e981030bacc41a3f82a95215e1fabb8,JF154578,,2/24/2022 11:50,35,TRAFFIC SIGNAL,FUNCTIONING PROPERLY,CLEAR,DAYLIGHT,TURNING,FOUR WAY,,STRAIGHT AND LEVEL,DRY,NO DEFECTS,ON SCENE,INJURY AND / OR TOW DUE TO CRASH,Y,,,"OVER $1,500",2/24/2022 11:51,IMPROPER TURNING/NO SIGNAL,NOT APPLICABLE,3024,W,OGDEN AVE,1022,,,,,,,2,NONINCAPACITATING INJURY,2,0,0,2,0,1,0,11,5,2,41.85936629,-87.70171593,POINT (-87.701715930825 41.859366286914)
d228eaf4a014663d9f53f5882c2a95f1141decea8cd0016dca8cf1646feafc333d74d74fc51a8e7b35f246cc5c5444c6c793184ada184f0c31204c63371be8e3,JF154912,,2/24/2022 16:25,30,NO CONTROLS,NO CONTROLS,SNOW,DAYLIGHT,ANGLE,ONE-WAY,,STRAIGHT AND LEVEL,SNOW OR SLUSH,NO DEFECTS,NOT ON SCENE (DESK REPORT),NO INJURY / DRIVE AWAY,,,,"$501 - $1,500",2/24/2022 17:05,FAILING TO YIELD RIGHT-OF-WAY,NOT APPLICABLE,1538,W,JARVIS AVE,2422,,,,,,,2,NO INDICATION OF INJURY,0,0,0,0,0,2,0,16,5,2,42.01611152,-87.66973659,POINT (-87.669736588897 42.016111515068)
fcb82b903e31c259af655012eb47d815db21d87565dd153f96def1edba4a16da5379f1c0a97ac39e48f0d65af926d059585e1bf92d6ece2c8a37d28aa9432ea1,JF178276,Y,3/18/2022 0:00,25,NO CONTROLS,NO CONTROLS,RAIN,DAYLIGHT,PARKED MOTOR VEHICLE,ONE-WAY,,STRAIGHT AND LEVEL,WET,NO DEFECTS,ON SCENE,NO INJURY / DRIVE AWAY,,,Y,"OVER $1,500",3/18/2022 13:00,IMPROPER OVERTAKING/PASSING,ROAD CONSTRUCTION/MAINTENANCE,2915,W,60TH ST,823,,,,,,,2,NO INDICATION OF INJURY,0,0,0,0,0,1,0,0,6,3,41.78442285,-87.69667949,POINT (-87.696679489451 41.784422852011)
d30bbaac3960021b833a223d8293615b170f1c6ca2c32e21a2db51571985a3ca12d1f84a6805696bdeb28449e991b56c8bb28c19e0d30d69ea277bc1a9829183,JF164071,,2/24/2022 8:00,30,STOP SIGN/FLASHER,FUNCTIONING PROPERLY,CLEAR,DAYLIGHT,REAR END,FOUR WAY,,STRAIGHT ON GRADE,DRY,UNKNOWN,NOT ON SCENE (DESK REPORT),NO INJURY / DRIVE AWAY,Y,,,"$501 - $1,500",3/5/2022 11:25,UNABLE TO DETERMINE,UNABLE TO DETERMINE,4349,N,ASHLAND AVE,1912,,,,,,,2,NO INDICATION OF INJURY,0,0,0,0,0,2,0,8,5,2,41.96121986,-87.66909821,POINT (-87.669098209085 41.961219854943)