CRASH_RECORD_ID,RD_NO,CRASH_DATE_EST_I,CRASH_DATE,POSTED_SPEED_LIMIT,TRAFFIC_CONTROL_DEVICE,DEVICE_CONDITION,WEATHER_CONDITION,LIGHTING_CONDITION,FIRST_CRASH_TYPE,TRAFFICWAY_TYPE,LANE_CNT,ALIGNMENT,ROADWAY_SURFACE_COND,ROAD_DEFECT,REPORT_TYPE,CRASH_TYPE,INTERSECTION_RELATED_I,NOT_RIGHT_OF_WAY_I,HIT_AND_RUN_I,DAMAGE,DATE_POLICE_NOTIFIED,PRIM_CONTRIBUTORY_CAUSE,SEC_CONTRIBUTORY_CAUSE,STREET_NO,STREET_DIRECTION,STREET_NAME,BEAT_OF_OCCURRENCE,PHOTOS_TAKEN_I,STATEMENTS_TAKEN_I,DOORING_I,WORK_ZONE_I,WORK_ZONE_TYPE,WORKERS_PRESENT_I,NUM_UNITS,MOST_SEVERE_INJURY,INJURIES_TOTAL,INJURIES_FATAL,INJURIES_INCAPACITATING,INJURIES_NON_INCAPACITATING,INJURIES_REPORTED_NOT_EVIDENT,INJURIES_NO_INDICATION,INJURIES_UNKNOWN,CRASH_HOUR,CRASH_DAY_OF_WEEK,CRASH_MONTH,LATITUDE,LONGITUDE,LOCATION
ddb9920cd1b37680410f02c65011c7a7cc4d62bb50ddfe871a8c3490e9b4ef5984c1c563552c2fd69949766b3f4c1da6c6ea8e4ad9b9b251fdda8123d717bea3,JF147546,,2/17/2022 15:33,30,TRAFFIC SIGNAL,FUNCTIONING PROPERLY,SNOW,DAWN,TURNING,NOT DIVIDED,,STRAIGHT AND LEVEL,SNOW OR SLUSH,NO DEFECTS,ON SCENE,NO INJURY / DRIVE AWAY,Y,,,"OVER $1,500",2/17/2022 15:35,FAILING TO YIELD RIGHT-OF-WAY,WEATHER,1199,W,59TH ST,712,,,,,,,2,NO INDICATION OF INJURY,0,0,0,0,0,2,0,15,5,2,41.7867769,-87.6546216,POINT (-87.654621598702 41.786776897617)
de31c2e2217a813018c0ceb4c8a8bddfb377fe43ccccd5d256437d4c9e4ff157c98d39b4c92ff928f94cc0b1697f20c42546a0739c53acbb1c85065238a8df01,JF151457,,2/17/2022 14:07,30,NO CONTROLS,NO CONTROLS,SNOW,DAYLIGHT,ANGLE,NOT DIVIDED,,STRAIGHT AND LEVEL,WET,NO DEFECTS,NOT ON SCENE (DESK REPORT),NO INJURY / DRIVE AWAY,Y,,,"OVER $1,500",2/21/2022 13:50,UNABLE TO DETERMINE,NOT APPLICABLE,1301,N,STATE PKWY,1824,,,,,,,2,NO INDICATION OF INJURY,0,0,0,0,0,2,0,14,5,2,41.90586939,-87.62859787,POINT (-87.628597871583 41.905869391796)
df06d3861b5a39301183e5cc1fdacb322903c23f6f622102b798a0ec2f9c83573be76f53637323aea165037cc514b6cf402743df2f61c2a18457beb76b276bb7,JF147614,N,2/17/2022 15:39,30,NO CONTROLS,NO CONTROLS,SNOW,DUSK,REAR END,DIVIDED - W/MEDIAN BARRIER,,STRAIGHT AND LEVEL,SNOW OR SLUSH,NO DEFECTS,ON SCENE,INJURY AND / OR TOW DUE TO CRASH,,,,"OVER $1,500",2/17/2022 15:39,WEATHER,WEATHER,7407,S,STONY ISLAND AVE,324,,Y,,,,,2,NONINCAPACITATING INJURY,5,0,0,5,0,2,0,15,5,2,41.76035994,-87.5856265,POINT (-87.585626499433 41.760359944234)
d574ccd8600eb90ae7c6327730270c3e7271b1bef98ad71c256742a6715b843e7cdc3cf30716d19217f826d5b7ccb24831d33369a9b7493e84a5f78912dd172b,JF154803,,2/24/2022 15:55,25,NO CONTROLS,NO CONTROLS,SNOW,DAYLIGHT,TURNING,OTHER,,STRAIGHT AND LEVEL,SNOW OR SLUSH,NO DEFECTS,ON SCENE,NO INJURY / DRIVE AWAY,,,,"OVER $1,500",2/24/2022 15:58,UNABLE TO DETERMINE,UNABLE TO DETERMINE,6258,S,ST LOUIS AVE,823,,,,,,,2,NO INDICATION OF INJURY,0,0,0,0,0,3,0,15,5,2,41.77889717,-87.71055838,POINT (-87.710558382884 41.778897170169)
feda40d15e37eae975b87d336323357b11e20d0faa4b02f7509ec653695548a4e7de276567399ba61f44401dc6e40d5fe3583f11aef8f0a0341913776cb088b2,JF177299,,3/17/2022 15:30,25,NO CONTROLS,NO CONTROLS,CLEAR,DAYLIGHT,PARKED MOTOR VEHICLE,ALLEY,,STRAIGHT AND LEVEL,DRY,NO DEFECTS,NOT ON SCENE (DESK REPORT),NO INJURY / DRIVE AWAY,,,Y,"$501 - $1,500",3/17/2022 16:22,NOT APPLICABLE,NOT APPLICABLE,4027,W,GRENSHAW ST,1132,,,,,,,2,NO INDICATION OF INJURY,0,0,0,0,0,1,0,15,5,3,41.86695871,-87.72631742,POINT (-87.726317419873 41.866958712202)
fee97f5edb31456feb9834df49f277f5e471666cdee7712a34c93c4b511fb0bb8ed16c7e0f6b468e5d0909a088f79dd53871cd183fa31c8a1dd956c8aef39f7d,JF177172,,3/17/2022 14:36,30,NO CONTROLS,NO CONTROLS,CLOUDY/OVERCAST,DAYLIGHT,PARKED MOTOR VEHICLE,NOT DIVIDED,,STRAIGHT AND LEVEL,DRY,NO DEFECTS,NOT ON SCENE (DESK REPORT),NO INJURY / DRIVE AWAY,,,Y,"OVER $1,500",3/17/2022 14:45,IMPROPER OVERTAKING/PASSING,UNABLE TO DETERMINE,3313,S,HALSTED ST,915,,,,,,,2,NO INDICATION OF INJURY,0,0,0,0,0,1,0,14,5,3,41.83394023,-87.64603822,POINT (-87.646038217062 41.833940232807)
fef95a24a816f5632c4a3a14c0c5b907be881d51582d9141efac444bcda6ef155533ca6803f15d87e55afa7444852984326063cb6942e4b88bd27113f79555e8,JF177209,,3/17/2022 14:07,30,TRAFFIC SIGNAL,FUNCTIONING PROPERLY,CLOUDY/OVERCAST,DAYLIGHT,SIDESWIPE SAME DIRECTION,DIVIDED - W/MEDIAN (NOT RAISED),,STRAIGHT AND LEVEL,DRY,NO DEFECTS,ON SCENE,NO INJURY / DRIVE AWAY,,,Y,$500 OR LESS,3/17/2022 14:07,IMPROPER OVERTAKING/PASSING,IMPROPER OVERTAKING/PASSING,6001,N,BROADWAY,2433,,,,,,,2,NO INDICATION OF INJURY,0,0,0,0,0,2,0,14,5,3,41.99096408,-87.66014855,POINT (-87.660148549478 41.990964075083)
ff7c5e709e6378494dc91e02cde63d5212e60ae60a2227328ee0092526dc76f12634274367aec81bb3822d319cd2b44fa6a5a44cb15c21b4b2e619e6b803b004,JF177331,,3/17/2022 16:00,20,NO CONTROLS,FUNCTIONING PROPERLY,CLEAR,DAYLIGHT,PARKED MOTOR VEHICLE,NOT DIVIDED,,STRAIGHT AND LEVEL,DRY,NO DEFECTS,NOT ON SCENE (DESK REPORT),NO INJURY / DRIVE AWAY,,,Y,$500 OR LESS,3/17/2022 16:49,FAILING TO REDUCE SPEED TO AVOID CRASH,NOT APPLICABLE,5139,W,PARKER AVE,2521,,,,,,,2,NO INDICATION OF INJURY,0,0,0,0,0,1,0,16,5,3,41.9303958,-87.75549709,POINT (-87.755497088911 41.930395802533)
ffcf78a697d9561af5f354aaf28e15170d85fbf7fa9fb0e7e1ecbb3bb8a9128f437c478367171a3e6fa443e66614c524d1ea87141eab02aea37e6374ca26138d,JF179231,Y,3/17/2022 17:30,30,NO CONTROLS,NO CONTROLS,CLEAR,DAYLIGHT,PARKED MOTOR VEHICLE,ONE-WAY,,STRAIGHT AND LEVEL,DRY,NO DEFECTS,NOT ON SCENE (DESK REPORT),INJURY AND / OR TOW DUE TO CRASH,,,Y,"OVER $1,500",3/19/2022 11:30,UNABLE TO DETERMINE,NOT APPLICABLE,6940,S,OGLESBY AVE,331,,,,,,,2,NO INDICATION OF INJURY,0,0,0,0,0,1,0,17,5,3,41.76866004,-87.56835842,POINT (-87.56835841901 41.768660039666)
00769fa7df79f7551d838277a225f8c6c40091c1b881cf46d9a7e8e773b673274c764f24d1abf86a17bd8c3cc476b5d47122614c9b8e44e082e3595d5011295b,JE333590,,8/10/2021 20:15,35,NO CONTROLS,NO CONTROLS,RAIN,DAYLIGHT,TURNING,NOT DIVIDED,,STRAIGHT AND LEVEL,WET,NO DEFECTS,,NO INJURY / DRIVE AWAY,,,Y,"$501 - $1,500",8/11/2021 9:25,IMPROPER TURNING/NO SIGNAL,FAILING TO YIELD RIGHT-OF-WAY,7348,S,WESTERN AVE,835,,,,,,,2,NO INDICATION OF INJURY,0,0,0,0,0,2,0,20,3,8,41.75960399,-87.68326003,POINT (-87.683260027648 41.759603986736)
00f72db0d8ffad12d8e8e199e6b7a823c0cd2fa74a1c7ead0a0b59ce0750551aae63db9ef26b895d182a98b466ebe8194d18ad4ca37d41ffc527e000a230bbed,JE287100,,7/2/2021 11:15,30,NO CONTROLS,NO CONTROLS,CLEAR,DAYLIGHT,TURNING,DIVIDED - W/MEDIAN (NOT RAISED),,STRAIGHT AND LEVEL,DRY,NO DEFECTS,,INJURY AND / OR TOW DUE TO CRASH,,,,"OVER $1,500",7/2/2021 11:15,FAILING TO YIELD RIGHT-OF-WAY,NOT APPLICABLE,4556,S,ARCHER AVE,821,,,,,,,2,NO INDICATION OF INJURY,0,0,0,0,0,3,0,11,6,7,41.81026124,-87.71071008,POINT (-87.710710083409 41.810261239705)
e00fee5e49f4a5931987a58ee3644084e0aead12b40b62aaed67a455067f90c49c89d72aebafde5dcb4b32f376e36cff37c5898f3f92dc4de74fa397c05957a3,JF147864,,2/17/2022 15:00,30,NO CONTROLS,NO CONTROLS,SNOW,DUSK,PARKED MOTOR VEHICLE,ONE-WAY,,STRAIGHT AND LEVEL,SNOW OR SLUSH,NO DEFECTS,NOT ON SCENE (DESK REPORT),NO INJURY / DRIVE AWAY,,,,"$501 - $1,500",2/17/2022 19:00,WEATHER,WEATHER,2413,N,CICERO AVE,2521,,,,,,,2,NO INDICATION OF INJURY,0,0,0,0,0,1,0,15,5,2,41.92467934,-87.74616884,POINT (-87.746168839762 41.924679344079)
d7673e68746a912803b534d7e26bdd965197a8b3824aeda252d3bdba31ef97a40f2b4a1857859717d5fda46726db738f9cd4dab7b288bd5b9f91a525fa71827f,JF154931,,2/24/2022 16:31,30,NO CONTROLS,NO CONTROLS,SNOW,DAYLIGHT,PARKED MOTOR VEHICLE,NOT DIVIDED,,STRAIGHT AND LEVEL,WET,NO DEFECTS,ON SCENE,NO INJURY / DRIVE AWAY,,,,$500 OR LESS,2/24/2022 16:35,IMPROPER BACKING,IMPROPER BACKING,412,S,PLYMOUTH CT,113,,,,,,,2,NO INDICATION OF INJURY,0,0,0,0,0,1,0,16,5,2,41.87656457,-87.62887497,POINT (-87.628874968409 41.876564574294)
d893026d019b278c3769952fc0a49877887d389a61f99d3fe6c6699e824175fdf156233b5fededde1a6dc3bfeb8555e1b74ddd505666d8cf05f8228292a1bdff,JF154417,,2/24/2022 9:00,30,STOP SIGN/FLASHER,FUNCTIONING PROPERLY,CLEAR,DAYLIGHT,REAR TO FRONT,NOT DIVIDED,,STRAIGHT AND LEVEL,DRY,UNKNOWN,NOT ON SCENE (DESK REPORT),NO INJURY / DRIVE AWAY,N,,,"OVER $1,500",2/24/2022 9:30,IMPROPER BACKING,IMPROPER BACKING,959,N,WESTERN AVE,1212,,,,,,,2,NO INDICATION OF INJURY,0,0,0,0,0,2,0,9,5,2,41.89933654,-87.68678817,POINT (-87.686788170572 41.899336537995)
d97a79ec292ecae9062a1a78d58376b599f284fd01da1d7761ba73d07516211c61e96a840e21d70f5e2aeb3245388a07a1db8f8e42bea404a8017779544237e7,JF154825,,2/24/2022 16:19,30,TRAFFIC SIGNAL,FUNCTIONING PROPERLY,SNOW,DAYLIGHT,REAR END,NOT DIVIDED,,STRAIGHT AND LEVEL,SNOW OR SLUSH,NO DEFECTS,ON SCENE,INJURY AND / OR TOW DUE TO CRASH,,,,"OVER $1,500",2/24/2022 16:19,WEATHER,EQUIPMENT - VEHICLE CONDITION,3399,N,DAMEN AVE,1922,,,,,,,2,NO INDICATION OF INJURY,0,0,0,0,0,2,0,16,5,2,41.94317274,-87.67830446,POINT (-87.678304461663 41.943172739731)
e1117ef2773167a11605f66f5d43d26e92416c4564199d9f4f8c298e3228da408dcae0a65fb4afe70a33bd653cdde0d2b863cd4c669294b7fadb1bc92b971e91,JF147787,,2/17/2022 17:00,15,NO CONTROLS,NO CONTROLS,SNOW,DAYLIGHT,PARKED MOTOR VEHICLE,PARKING LOT,,STRAIGHT AND LEVEL,SNOW OR SLUSH,NO DEFECTS,NOT ON SCENE (DESK REPORT),NO INJURY / DRIVE AWAY,,Y,,"$501 - $1,500",2/17/2022 17:35,UNABLE TO DETERMINE,NOT APPLICABLE,1011,S,LARAMIE AVE,1533,,,,,,,2,NO INDICATION OF INJURY,0,0,0,0,0,2,0,17,5,2,41.86768183,-87.75424876,POINT (-87.754248761679 41.8676818298)
e13df7f1d4988baf21ad021eb948aa91834f7bf1bdd34995542caa2043075f8dfa83eb4c62da5c9b031c20897761120e0211120169d950ca6386388d2a5484e4,JF147927,,2/17/2022 17:30,30,TRAFFIC SIGNAL,FUNCTIONING PROPERLY,SNOW,DUSK,REAR END,FOUR WAY,,STRAIGHT AND LEVEL,SNOW OR SLUSH,NO DEFECTS,NOT ON SCENE (DESK REPORT),NO INJURY / DRIVE AWAY,Y,,,"OVER $1,500",2/17/2022 20:00,FOLLOWING TOO CLOSELY,WEATHER,340,W,ROOSEVELT RD,124,,,,,,,2,NO INDICATION OF INJURY,0,0,0,0,0,3,0,17,5,2,41.86739712,-87.63631276,POINT (-87.636312763564 41.867397115095)
e17a021e99bb3fbbbd85fa0fa3c064510487420f6f20f1d0760136bd65fcf13e8d2a089499d0f58f33028e28085dd833832359dcae6150dc1e66fb57250f1091,JF147846,,2/17/2022 17:40,20,TRAFFIC SIGNAL,FUNCTIONING PROPERLY,SNOW,"DARKNESS, LIGHTED ROAD",TURNING,NOT DIVIDED,,STRAIGHT AND LEVEL,SNOW OR SLUSH,NO DEFECTS,NOT ON SCENE (DESK REPORT),NO INJURY / DRIVE AWAY,,,,"OVER $1,500",2/17/2022 18:40,WEATHER,DRIVING SKILLS/KNOWLEDGE/EXPERIENCE,7700,S,DANTE AVE,411,,,,,,,2,NO INDICATION OF INJURY,0,0,0,0,0,2,0,17,5,2,41.75514996,-87.5896258,POINT (-87.589625799027 41.755149957846)
e1d880e6cce97566506d7dc1553085e9751e002ceb537134a90cce01587eacc70831509906a6f59f1d1f1a6390774a450cf58cf89f9fb82c75eafbb7d5e3d00f,JF147110,,2/17/2022 8:00,30,NO CONTROLS,NO CONTROLS,CLEAR,DAYLIGHT,PARKED MOTOR VEHICLE,NOT DIVIDED,,STRAIGHT AND LEVEL,DRY,NO DEFECTS,ON SCENE,NO INJURY / DRIVE AWAY,,,,"$501 - $1,500",2/17/2022 8:10,UNABLE TO DETERMINE,UNABLE TO DETERMINE,4174,W,WILSON AVE,1722,,,,,,,2,NO INDICATION OF INJURY,0,0,0,0,0,1,0,8,5,2,41.96418065,-87.73243943,POINT (-87.732439427855 41.96418065359)
db2502defafccdc923911d711a6f61fd0c93afec901d7fa8e747d84492ff745fb702b61e8568e80533f4c9dfa7cfb5edb09df86f2be55d4a46efe612a2a613fb,JF154913,,2/24/2022 16:45,30,OTHER,FUNCTIONING PROPERLY,CLOUDY/OVERCAST,DAYLIGHT,REAR END,NOT DIVIDED,,STRAIGHT AND LEVEL,WET,UNKNOWN,NOT ON SCENE (DESK REPORT),NO INJURY / DRIVE AWAY,,,Y,"OVER $1,500",2/24/2022 17:15,FAILING TO REDUCE SPEED TO AVOID CRASH,DRIVING SKILLS/KNOWLEDGE/EXPERIENCE,56,E,47TH ST,215,,,,,,,2,NO INDICATION OF INJURY,0,0,0,0,0,2,0,16,5,2,41.80937893,-87.62392402,POINT (-87.623924015099 41.809378925614)
1184fd6f0bc06f5b7d9054237667679ed8a92ce70d9fc2d1e771bfea9f8b1e8b7edb5c68b8f49b5b88f8f9e995fa2cbf25380be9e98771dd1ffd635f50869ce9,,,4/7/2022 18:49,30,NO CONTROLS,NO CONTROLS,RAIN,DAYLIGHT,FIXED OBJECT,DIVIDED - W/MEDIAN (NOT RAISED),,STRAIGHT AND LEVEL,WET,NO DEFECTS,ON SCENE,INJURY AND / OR TOW DUE TO CRASH,,,,"OVER $1,500",4/7/2022 18:49,IMPROPER LANE USAGE,NOT APPLICABLE,4382,S,ARCHER AVE,821,,,,,,,1,NONINCAPACITATING INJURY,2,0,0,2,0,3,0,18,5,4,41.81381787,-87.70492038,POINT (-87.704920381769 41.813817868545)
3a07f6c7536511f4c7dad538eda0d2357384baa04eb6719404b68275fd3e7d330c388f4bbe87c4eb6be3828c62b550935812e408ce2bf4b52890ab81a53b36ea,JE270995,,6/18/2021 18:30,30,NO CONTROLS,NO CONTROLS,CLEAR,DAYLIGHT,PARKED MOTOR VEHICLE,NOT DIVIDED,,STRAIGHT AND LEVEL,DRY,NO DEFECTS,,NO INJURY / DRIVE AWAY,,,Y,"OVER $1,500",6/18/2021 19:30,UNABLE TO DETERMINE,NOT APPLICABLE,2845,N,CENTRAL AVE,2514,,,,,,,2,NO INDICATION OF INJURY,0,0,0,0,0,1,0,18,6,6,41.93261595,-87.76614648,POINT (-87.766146480082 41.932615945141)
3a2d7583681f99244d21c90644a6a9bb0b7ea9c5e52463b9e1ebc390d8eea5f16b3d561565d6b2293dd3ee461122e1e55f200c906bff997437947ce52d79635c,JC367592,,7/28/2019 0:00,30,STOP SIGN/FLASHER,OTHER,CLEAR,"DARKNESS, LIGHTED ROAD",TURNING,UNKNOWN INTERSECTION TYPE,,STRAIGHT AND LEVEL,DRY,NO DEFECTS,,NO INJURY / DRIVE AWAY,Y,,Y,"OVER $1,500",7/28/2019 0:09,DISREGARDING STOP SIGN,NOT APPLICABLE,1030,W,WASHINGTON BLVD,1224,,,,,,,2,NO INDICATION OF INJURY,0,0,0,0,0,2,0,0,1,7,41.88315335,-87.65317918,POINT (-87.653179177308 41.883153346996)
3a5b9c362c284b871fc5e41f39ee60e981c4402f3c6a0b1048d59410c9e10f2d7c10a876133adcb214c6f1e556f6054f489737937af56dd2ee16a0b71ada5302,JD433024,,11/16/2020 14:00,30,NO CONTROLS,NO CONTROLS,CLEAR,DAYLIGHT,SIDESWIPE SAME DIRECTION,NOT DIVIDED,,STRAIGHT AND LEVEL,UNKNOWN,UNKNOWN,,NO INJURY / DRIVE AWAY,,,,"$501 - $1,500",11/16/2020 15:00,UNABLE TO DETERMINE,UNABLE TO DETERMINE,7016,N,SHERIDAN RD,2423,,,,,,,2,NO INDICATION OF INJURY,0,0,0,0,0,2,0,14,2,11,42.00965672,-87.66239384,POINT (-87.662393842111 42.009656719073)
e3184927f323713181d6b70c73e284e0b3fd5c08a01e866e80d9b047e70d24cf7fd6ff21c116d02d5d1e730b0f8c1b3f6ef9e7f6b9692d010358aef3dcf7dc54,JF147788,,2/17/2022 17:30,30,TRAFFIC SIGNAL,FUNCTIONING PROPERLY,SNOW,"DARKNESS, LIGHTED ROAD",TURNING,NOT DIVIDED,,STRAIGHT AND LEVEL,SNOW OR SLUSH,NO DEFECTS,NOT ON SCENE (DESK REPORT),NO INJURY / DRIVE AWAY,Y,,,"OVER $1,500",2/17/2022 17:45,UNABLE TO DETERMINE,NOT APPLICABLE,600,W,26TH ST,914,,,,,,,2,NO INDICATION OF INJURY,0,0,0,0,0,2,0,17,5,2,41.84550155,-87.64164406,POINT (-87.641644062442 41.845501551586)
e3ad6b950320dc7a40a12027a91a0b1357ea789c7829dc375523ba2dd0025e715102fd3a5ca2e768edbf3568ba5a463246b02760e5f528bae537efb638b9e380,JF148500,,2/17/2022 17:30,30,NO CONTROLS,NO CONTROLS,CLEAR,"DARKNESS, LIGHTED ROAD",REAR END,NOT DIVIDED,,STRAIGHT AND LEVEL,SNOW OR SLUSH,NO DEFECTS,NOT ON SCENE (DESK REPORT),NO INJURY / DRIVE AWAY,,,,"OVER $1,500",2/18/2022 13:00,UNABLE TO DETERMINE,NOT APPLICABLE,5200,N,MILWAUKEE AVE,1623,,,,,,,2,NO INDICATION OF INJURY,0,0,0,0,0,2,0,17,5,2,41.97463719,-87.76699296,POINT (-87.766992957914 41.974637186208)
dcc9121778cf78b3ac508672d2eb2e4bd063dfb33f95f5bc9d99bb620ff2c66b8cd74564f8c059f92699fa3a37d933146b634995ca36f0930c4eda49a3b1b514,JF154279,,2/24/2022 5:37,30,NO CONTROLS,UNKNOWN,SNOW,DAYLIGHT,PARKED MOTOR VEHICLE,DIVIDED - W/MEDIAN (NOT RAISED),,STRAIGHT AND LEVEL,WET,UNKNOWN,ON SCENE,INJURY AND / OR TOW DUE TO CRASH,N,,,"OVER $1,500",2/24/2022 5:37,UNABLE TO DETERMINE,UNABLE TO DETERMINE,6925,W,63RD ST,812,,,,,,,3,NO INDICATION OF INJURY,0,0,0,0,0,1,0,5,5,2,41.77733022,-87.79452313,POINT (-87.794523125722 41.777330215463)
0783d0c265ec77b7f9cddc34d93fcabeb3bcd026b9d921504f6486e90634e6c35b6c3716dee3f46283dae44bb458773e0784be8205fdced4c05babe0a06bf210,JD121504,,1/19/2020 18:12,30,STOP SIGN/FLASHER,FUNCTIONING PROPERLY,CLEAR,"DARKNESS, LIGHTED ROAD",ANGLE,FOUR WAY,,STRAIGHT AND LEVEL,DRY,NO DEFECTS,,NO INJURY / DRIVE AWAY,Y,,,"OVER $1,500",1/19/2020 18:18,FAILING TO YIELD RIGHT-OF-WAY,UNABLE TO DETERMINE,3288,N,ELSTON AVE,1733,,,,,,,2,NO INDICATION OF INJURY,0,0,0,0,0,2,0,18,1,1,41.94112044,-87.70105171,POINT (-87.701051704788 41.941120441968)
dc6d4337bf20151d46811eb64111c6b12ebd56dc451cd31350833d4d8383a53b0b77e9f58d69654100619a98b726ecbbbf51607accb9adda09d5ec5d942d6903,JE221247,,5/6/2021 7:20,30,TRAFFIC SIGNAL,FUNCTIONING PROPERLY,RAIN,DAYLIGHT,SIDESWIPE SAME DIRECTION,DIVIDED - W/MEDIAN (NOT RAISED),,STRAIGHT AND LEVEL,WET,NO DEFECTS,,INJURY AND / OR TOW DUE TO CRASH,Y,,Y,"OVER $1,500",5/6/2021 7:45,IMPROPER OVERTAKING/PASSING,FAILING TO REDUCE SPEED TO AVOID CRASH,6401,W,HIGGINS AVE,1613,,,,,,,2,NONINCAPACITATING INJURY,1,0,0,1,0,1,0,7,5,5,41.97620474,-87.78797901,POINT (-87.787979004512 41.976204740331)
dc9484d90a9398a3c8da408bafc695038cab02f828cddb7cefadbed2bacb49ef743900fa8182d55e7827787d32b05245f8cf46fcd0b76f373842042e81684f04,JD389371,,10/5/2020 12:16,35,NO CONTROLS,NO CONTROLS,CLEAR,DAYLIGHT,FIXED OBJECT,ONE-WAY,,STRAIGHT AND LEVEL,DRY,NO DEFECTS,,INJURY AND / OR TOW DUE TO CRASH,,Y,,"OVER $1,500",10/5/2020 12:20,UNABLE TO DETERMINE,UNABLE TO DETERMINE,700,S,INDEPENDENCE BLVD,1133,,,,,,,1,NO INDICATION OF INJURY,0,0,0,0,0,1,0,12,2,10,41.87255433,-87.72047811,POINT (-87.720478112477 41.872554334228)
ddfb62e24821bec757d8f24ae2d74a5fec9c795cc33ca7ee1af7115aa6f7fe18ef65d0d1530cae8c8697f02f75fbdc07d8199433f3321c380cbe425729d61c80,JF156816,,2/24/2022 19:30,30,STOP SIGN/FLASHER,UNKNOWN,UNKNOWN,UNKNOWN,SIDESWIPE SAME DIRECTION,NOT DIVIDED,,STRAIGHT AND LEVEL,UNKNOWN,UNKNOWN,NOT ON SCENE (DESK REPORT),NO INJURY / DRIVE AWAY,Y,,Y,"OVER $1,500",2/26/2022 15:00,UNABLE TO DETERMINE,NOT APPLICABLE,2815,W,79TH ST,835,,,,,,,2,NO INDICATION OF INJURY,0,0,0,0,0,2,0,19,5,2,41.74972646,-87.69327334,POINT (-87.693273337231 41.749726456621)
e5c284546875146c2145f685b23d34fb74e2d7b25ea0cdf22f4beeb6f00e450ecd7812f50fb09c6ed3c468276ce12e66b9b153dbc4784f84b19189e0457edd16,JF148224,,2/17/2022 17:45,30,NO CONTROLS,NO CONTROLS,SNOW,DAYLIGHT,REAR END,DIVIDED - W/MEDIAN (NOT RAISED),,STRAIGHT AND LEVEL,SNOW OR SLUSH,NO DEFECTS,NOT ON SCENE (DESK REPORT),NO INJURY / DRIVE AWAY,,,,"OVER $1,500",2/18/2022 8:30,UNABLE TO DETERMINE,UNABLE TO DETERMINE,3653,W,ADDISON ST,1732,,,,,,,3,NO INDICATION OF INJURY,0,0,0,0,0,3,0,17,5,2,41.94636548,-87.7197433,POINT (-87.719743301749 41.946365480835)
df4439e9232c66c817c2e9f2e5b6ca458a03c2af571be81800239ffe5dc4a4439912e778ac0402c17f63192a72a66fd9b731aa0a87fc96198f4808958d245b89,JF155520,,2/24/2022 14:01,30,NO CONTROLS,NO CONTROLS,CLEAR,DAYLIGHT,PARKED MOTOR VEHICLE,NOT DIVIDED,,STRAIGHT AND LEVEL,SNOW OR SLUSH,NO DEFECTS,ON SCENE,NO INJURY / DRIVE AWAY,,,Y,"$501 - $1,500",2/25/2022 11:09,UNABLE TO DETERMINE,UNABLE TO DETERMINE,1341,W,FARGO AVE,2422,,,,,,,2,NO INDICATION OF INJURY,0,0,0,0,0,1,0,14,5,2,42.01706276,-87.66487375,POINT (-87.664873752751 42.017062757039)
e68665cbb6e8c8bacd1897b6f4f36399fe92154638f4c08185029eb9bc442b38d6fa7a80d57023bc71e16f72fa048456d143462f7860e3a7f42423e278f36de0,JF147856,,2/17/2022 17:30,30,NO CONTROLS,NO CONTROLS,SNOW,DUSK,REAR END,ONE-WAY,,STRAIGHT AND LEVEL,SNOW OR SLUSH,NO DEFECTS,NOT ON SCENE (DESK REPORT),NO INJURY / DRIVE AWAY,,,,"OVER $1,500",2/17/2022 18:25,UNABLE TO DETERMINE,NOT APPLICABLE,540,W,MADISON ST,121,,,,,,,2,NO INDICATION OF INJURY,0,0,0,0,0,2,0,17,5,2,41.88196645,-87.64127583,POINT (-87.641275825477 41.881966448756)
df5a1a14fd3e44d88f00f295eccdeb23082e27f8b78559d6221b1e51f0b0929520caad2ba55bcee68c3274873f34eb7f85ecd095f55e14d28f9a94978cbb672f,JF154844,,2/24/2022 16:15,45,NO CONTROLS,NO CONTROLS,SNOW,DAYLIGHT,ANGLE,DIVIDED - W/MEDIAN BARRIER,,STRAIGHT AND LEVEL,WET,NO DEFECTS,ON SCENE,INJURY AND / OR TOW DUE TO CRASH,,,Y,"$501 - $1,500",2/24/2022 16:17,"EVASIVE ACTION DUE TO ANIMAL, OBJECT, NONMOTORIST",DISTRACTION - FROM OUTSIDE VEHICLE,3769,S,LAKE SHORE DR NB,212,,,,,,,2,NO INDICATION OF INJURY,0,0,0,0,0,3,0,16,5,2,41.82791681,-87.6024068,POINT (-87.602406801748 41.827916806183)