CRASH_RECORD_ID,RD_NO,CRASH_DATE_EST_I,CRASH_DATE,POSTED_SPEED_LIMIT,TRAFFIC_CONTROL_DEVICE,DEVICE_CONDITION,WEATHER_CONDITION,LIGHTING_CONDITION,FIRST_CRASH_TYPE,TRAFFICWAY_TYPE,LANE_CNT,ALIGNMENT,ROADWAY_SURFACE_COND,ROAD_DEFECT,REPORT_TYPE,CRASH_TYPE,INTERSECTION_RELATED_I,NOT_RIGHT_OF_WAY_I,HIT_AND_RUN_I,DAMAGE,DATE_POLICE_NOTIFIED,PRIM_CONTRIBUTORY_CAUSE,SEC_CONTRIBUTORY_CAUSE,STREET_NO,STREET_DIRECTION,STREET_NAME,BEAT_OF_OCCURRENCE,PHOTOS_TAKEN_I,STATEMENTS_TAKEN_I,DOORING_I,WORK_ZONE_I,WORK_ZONE_TYPE,WORKERS_PRESENT_I,NUM_UNITS,MOST_SEVERE_INJURY,INJURIES_TOTAL,INJURIES_FATAL,INJURIES_INCAPACITATING,INJURIES_NON_INCAPACITATING,INJURIES_REPORTED_NOT_EVIDENT,INJURIES_NO_INDICATION,INJURIES_UNKNOWN,CRASH_HOUR,CRASH_DAY_OF_WEEK,CRASH_MONTH,LATITUDE,LONGITUDE,LOCATION
e6b16a77c86768741ba7ec041e667f275537e1e8f2aad063bfd1bc7d9fda57f0a9ea3068124ecf9889990cce9bf852c0656fcf9adc1357a18a54250e2a6a71b8,JF148382,,2/17/2022 18:00,30,NO CONTROLS,NO CONTROLS,SNOW,"DARKNESS, LIGHTED ROAD",REAR END,NOT DIVIDED,,STRAIGHT AND LEVEL,SNOW OR SLUSH,NO DEFECTS,NOT ON SCENE (DESK REPORT),NO INJURY / DRIVE AWAY,,,N,"OVER $1,500",2/18/2022 11:11,UNABLE TO DETERMINE,UNABLE TO DETERMINE,4713,N,KIMBALL AVE,1713,,,,,,,2,NO INDICATION OF INJURY,0,0,0,0,0,3,0,18,5,2,41.96701482,-87.71317434,POINT (-87.713174337762 41.967014819768)
e6e9be5c69cdcf0690f7530d2fb863ca4b44085f9851fa1d98dbfbcf7f2851f2f01c6b97be730e8f9af52901b0136a913954687dd87dc53418c8b6cba36d7c38,JF149431,,2/17/2022 15:00,30,TRAFFIC SIGNAL,UNKNOWN,SNOW,UNKNOWN,TURNING,NOT DIVIDED,,STRAIGHT AND LEVEL,SNOW OR SLUSH,UNKNOWN,NOT ON SCENE (DESK REPORT),NO INJURY / DRIVE AWAY,Y,,,"OVER $1,500",2/19/2022 11:50,UNABLE TO DETERMINE,UNABLE TO DETERMINE,1747,W,ARMITAGE AVE,1433,,,,,,,2,NO INDICATION OF INJURY,0,0,0,0,0,2,0,15,5,2,41.91775392,-87.67205257,POINT (-87.672052573516 41.917753918881)
e761be93df93170f16f62c1fdcf6eea787c740f58a1e296201d86ace2ba1e11bfe9ea75d62eff9a3be867f797adf51146313feb49c7e51eadf4d6fc5a027190f,JF147770,,2/17/2022 15:25,30,NO CONTROLS,NO CONTROLS,SNOW,DAYLIGHT,PARKED MOTOR VEHICLE,ONE-WAY,,STRAIGHT AND LEVEL,SNOW OR SLUSH,NO DEFECTS,NOT ON SCENE (DESK REPORT),NO INJURY / DRIVE AWAY,,,,"OVER $1,500",2/17/2022 15:30,DRIVING SKILLS/KNOWLEDGE/EXPERIENCE,NOT APPLICABLE,5945,N,FAIRFIELD AVE,2011,,,,,,,2,NO INDICATION OF INJURY,0,0,0,0,0,1,0,15,5,2,41.98995367,-87.69801752,POINT (-87.698017516775 41.989953670144)
0ce393ebc437dde6d081561545244e0e0d25f63d3e1f6faec05fbc4976f8bd1e1ce9c570d85b86ddd5b5ef0dfd7e3a96e77fa0beee81799c250e75f2e72272a3,JE347673,,8/23/2021 19:10,30,NO CONTROLS,NO CONTROLS,CLEAR,DAYLIGHT,PARKED MOTOR VEHICLE,ONE-WAY,,STRAIGHT AND LEVEL,DRY,NO DEFECTS,,NO INJURY / DRIVE AWAY,,,Y,"OVER $1,500",8/23/2021 20:00,UNABLE TO DETERMINE,UNABLE TO DETERMINE,4923,W,IOWA ST,1531,,,,,,,2,NO INDICATION OF INJURY,0,0,0,0,0,1,0,19,2,8,41.89669832,-87.74925646,POINT (-87.749256457641 41.896698317341)
0ce7c9fdec29b532060378128ec1381927def79095b078a649d293b612b3dc5c95dad4cdd69713c6433e322f5f76a7c809f27fc734a82f730225cf4dbc3472f5,JD368665,,9/16/2020 2:14,30,TRAFFIC SIGNAL,FUNCTIONING PROPERLY,CLEAR,DARKNESS,FIXED OBJECT,DIVIDED - W/MEDIAN (NOT RAISED),,STRAIGHT AND LEVEL,DRY,NO DEFECTS,,INJURY AND / OR TOW DUE TO CRASH,,,,"OVER $1,500",9/16/2020 2:14,FAILING TO REDUCE SPEED TO AVOID CRASH,NOT APPLICABLE,6259,S,HARLEM AVE,812,,,,,,,6,FATAL,1,1,0,0,0,0,0,2,4,9,41.7773901,-87.8007597,POINT (-87.800759696279 41.777390096996)
e8a05ff168e45625a3214a80b164bdd06a0b2f0370fecbfb1dfa1e2819e4e9d25d9c54ab59f8bc8f5c81ef81eba0083cb5ff40ffb0063e9333432958fde08c7c,JF147454,,2/17/2022 13:30,30,TRAFFIC SIGNAL,FUNCTIONING PROPERLY,CLEAR,DAYLIGHT,ANGLE,NOT DIVIDED,,STRAIGHT AND LEVEL,WET,UNKNOWN,ON SCENE,INJURY AND / OR TOW DUE TO CRASH,,,,"OVER $1,500",2/17/2022 13:57,UNABLE TO DETERMINE,UNABLE TO DETERMINE,7455,S,COTTAGE GROVE AVE,323,,,,,,,2,NONINCAPACITATING INJURY,2,0,0,2,0,3,0,13,5,2,41.75878869,-87.60525506,POINT (-87.605255061621 41.758788690377)
e8a32538087dfa2ecbd52007836170295421f2ff5db287e623d27a2e0c7c18fa736577d5a7a193815a7d3a1d2e5b846c3322c5c31e5d63c734ca59d8650c2421,JF147670,,2/17/2022 15:30,30,TRAFFIC SIGNAL,FUNCTIONING PROPERLY,SNOW,DAYLIGHT,REAR END,NOT DIVIDED,,STRAIGHT AND LEVEL,SNOW OR SLUSH,NO DEFECTS,NOT ON SCENE (DESK REPORT),NO INJURY / DRIVE AWAY,,,,"OVER $1,500",2/17/2022 16:40,DRIVING SKILLS/KNOWLEDGE/EXPERIENCE,NOT APPLICABLE,5100,S,CALIFORNIA AVE,923,,,,,,,2,NO INDICATION OF INJURY,0,0,0,0,0,2,0,15,5,2,41.80089564,-87.69414412,POINT (-87.694144121738 41.800895636272)
e90a080dacb46df68518675ffbec1af3458ac41cd42931a34f930eb4ce659128b21a7798241f2c445087fb0037f8107c6ba1793800817dd6e4a078f56f0efac8,JF147374,,2/17/2022 6:50,30,NO CONTROLS,NO CONTROLS,CLEAR,DAYLIGHT,PEDESTRIAN,FOUR WAY,,STRAIGHT AND LEVEL,DRY,NO DEFECTS,NOT ON SCENE (DESK REPORT),INJURY AND / OR TOW DUE TO CRASH,Y,,Y,$500 OR LESS,2/17/2022 12:15,UNABLE TO DETERMINE,NOT APPLICABLE,3532,W,LAWRENCE AVE,1712,,,,,,,2,NONINCAPACITATING INJURY,1,0,0,1,0,1,0,6,5,2,41.9684721,-87.71717423,POINT (-87.717174226661 41.968472096372)
e9a6f9c5333ada4437b3ac6f151ccbd0d50c74d0c6c0e3834fb85c83d0200576e5875940ee20059dee0f1f51c4216fe20e88c5efd61711be794c6a752a56914d,JF147661,,2/17/2022 15:25,35,NO CONTROLS,NO CONTROLS,BLOWING SNOW,DAYLIGHT,PARKED MOTOR VEHICLE,NOT DIVIDED,,STRAIGHT AND LEVEL,SNOW OR SLUSH,NO DEFECTS,ON SCENE,INJURY AND / OR TOW DUE TO CRASH,,,,"OVER $1,500",2/17/2022 15:27,WEATHER,DRIVING SKILLS/KNOWLEDGE/EXPERIENCE,11159,S,WENTWORTH AVE,522,,,,,,,2,NO INDICATION OF INJURY,0,0,0,0,0,2,0,15,5,2,41.6907603,-87.62771245,POINT (-87.627712446687 41.690760303911)
ea92ea9797172e6cd0aa98dc5cc0c5918886eda76d681a5f777d088e9a05f598e8d0dfaf51d5e9a911d237b5d762076046817f569c6b2334c61b0194ac96a818,JF147362,,2/17/2022 12:14,10,NO CONTROLS,NO CONTROLS,CLEAR,DAYLIGHT,PARKED MOTOR VEHICLE,PARKING LOT,,STRAIGHT AND LEVEL,DRY,NO DEFECTS,ON SCENE,NO INJURY / DRIVE AWAY,,Y,Y,"OVER $1,500",2/17/2022 12:14,UNABLE TO DETERMINE,NOT APPLICABLE,4905,W,NORTH AVE,2533,,,,,,,2,NO INDICATION OF INJURY,0,0,0,0,0,1,0,12,5,2,41.90948017,-87.74885643,POINT (-87.748856430894 41.909480171867)
eaaf10bad8bb14678f46a813d57773824e29bfad52613d404cf963cedc473b04d21fcca1c8ac39153161abca6c4280fef3a49efa017e7a80aca9ee670c9d1391,JF147747,,2/17/2022 16:50,30,TRAFFIC SIGNAL,FUNCTIONING PROPERLY,SNOW,DAYLIGHT,REAR END,NOT DIVIDED,,STRAIGHT AND LEVEL,SNOW OR SLUSH,NO DEFECTS,NOT ON SCENE (DESK REPORT),NO INJURY / DRIVE AWAY,Y,,,"OVER $1,500",2/17/2022 17:25,UNABLE TO DETERMINE,NOT APPLICABLE,4801,W,DIVERSEY AVE,2521,,,,,,,2,NO INDICATION OF INJURY,0,0,0,0,0,2,0,16,5,2,41.93142191,-87.74671546,POINT (-87.746715457234 41.931421912693)
e38d9d417f5c5ba9ec6f5a04f04f45a09c57fdd7227304ad4cfaed36d02b397d2640d6176c8618be4fad6923b4ce3921657538517751c06940ac462fca32c92e,JF154715,,2/24/2022 13:30,35,TRAFFIC SIGNAL,FUNCTIONING PROPERLY,CLEAR,DAYLIGHT,SIDESWIPE SAME DIRECTION,DIVIDED - W/MEDIAN (NOT RAISED),,STRAIGHT AND LEVEL,DRY,NO DEFECTS,NOT ON SCENE (DESK REPORT),NO INJURY / DRIVE AWAY,Y,,Y,"OVER $1,500",2/24/2022 14:30,IMPROPER OVERTAKING/PASSING,IMPROPER OVERTAKING/PASSING,8700,S,DR MARTIN LUTHER KING JR DR,632,,,,,,,2,NO INDICATION OF INJURY,0,0,0,0,0,2,0,13,5,2,41.73645505,-87.61467291,POINT (-87.614672912717 41.736455045812)
e3d591ad69e29697fd6d6b395b1ce1bd7958ec2642e59a825eacfa7cf5e3767a6471fd6c0fbc5252fde036201b75768f95415cf97454df41541266308b83d58c,JF154619,,2/24/2022 11:55,30,NO CONTROLS,NO CONTROLS,CLEAR,DAYLIGHT,PARKED MOTOR VEHICLE,ONE-WAY,,STRAIGHT AND LEVEL,DRY,NO DEFECTS,ON SCENE,NO INJURY / DRIVE AWAY,,,N,$500 OR LESS,2/24/2022 11:55,UNABLE TO DETERMINE,UNABLE TO DETERMINE,1319,W,EARLY AVE,2013,,,,,,,2,NO INDICATION OF INJURY,0,0,0,0,0,1,0,11,5,2,41.98703014,-87.66393885,POINT (-87.663938846896 41.987030139601)
eba6c85ba0c52002b1c820af632571153192e87f22561bd0467f7b97ddbf6c036aa4902aae5eb67b86e63ffcb35e833d3752b26fdec5a0635f58ef83e759dc51,JF148554,,2/17/2022 18:30,30,TRAFFIC SIGNAL,FUNCTIONING PROPERLY,SNOW,"DARKNESS, LIGHTED ROAD",FIXED OBJECT,FOUR WAY,,STRAIGHT AND LEVEL,SNOW OR SLUSH,NO DEFECTS,NOT ON SCENE (DESK REPORT),NO INJURY / DRIVE AWAY,Y,,,"OVER $1,500",2/18/2022 13:30,WEATHER,NOT APPLICABLE,1158,S,CALIFORNIA AVE,1135,,,,,,,1,NO INDICATION OF INJURY,0,0,0,0,0,1,0,18,5,2,41.86660011,-87.69605616,POINT (-87.69605615733 41.866600104927)
ebe4ff22500b6e51d312c8edf6431eb9ce19c09c1b82112bd06eaa28b1a72330da2c5d5c10ed8d2294621e17b1fe31ec703264790d7cb5df728e26fda364a76a,JF147365,,2/17/2022 10:00,30,TRAFFIC SIGNAL,FUNCTIONING PROPERLY,CLEAR,DAYLIGHT,REAR END,DIVIDED - W/MEDIAN (NOT RAISED),,STRAIGHT AND LEVEL,DRY,NO DEFECTS,,NO INJURY / DRIVE AWAY,,,,"$501 - $1,500",2/17/2022 12:35,UNABLE TO DETERMINE,UNABLE TO DETERMINE,4645,W,BELMONT AVE,2521,,,,,,,2,NO INDICATION OF INJURY,0,0,0,0,0,3,0,10,5,2,41.93875847,-87.74392031,POINT (-87.743920312025 41.93875847344)
e5876a15f7b7d73c9744669ed954c39ff043e6395a5a7845c49c6353a8964c1b1b2a6210e65d09613a4bc3d9941cd19e2a63c20dfa3d3bd716f81c00b24f4db8,JF155586,Y,2/24/2022 20:30,30,NO CONTROLS,NO CONTROLS,SNOW,UNKNOWN,PARKED MOTOR VEHICLE,NOT DIVIDED,,STRAIGHT AND LEVEL,SNOW OR SLUSH,NO DEFECTS,ON SCENE,NO INJURY / DRIVE AWAY,,,Y,"$501 - $1,500",2/25/2022 12:05,UNABLE TO DETERMINE,UNABLE TO DETERMINE,3549,N,DAMEN AVE,1922,,,,,,,2,NO INDICATION OF INJURY,0,0,0,0,0,1,0,20,5,2,41.94649943,-87.67839677,POINT (-87.678396769231 41.946499433168)
ec9c6159d46b8ca282ffe8d3d95ac31ea0efc25fa4647e55808e17e77d0afeae5e1109603442510986955ae15fef5b7f34515c40accf8d1df1e6296d5e9df0ad,FJ147710,,2/17/2022 15:20,30,NO CONTROLS,NO CONTROLS,SNOW,DAYLIGHT,PARKED MOTOR VEHICLE,PARKING LOT,,STRAIGHT AND LEVEL,SNOW OR SLUSH,NO DEFECTS,NOT ON SCENE (DESK REPORT),NO INJURY / DRIVE AWAY,,Y,,"OVER $1,500",2/17/2022 17:00,DRIVING SKILLS/KNOWLEDGE/EXPERIENCE,UNABLE TO DETERMINE,3029,N,KEDZIE AVE,1411,,,,,,,2,NO INDICATION OF INJURY,0,0,0,0,0,1,0,15,5,2,41.93658013,-87.70740444,POINT (-87.707404440947 41.936580128254)
e67caa1cb8698f75625293b60c5b8516831538240e37fe268c5988a5b24c34125fe613cb988a4580a7b645f228d37e292cd7d73d7a0c11bf2a5927339f1eda55,JF154347,,2/24/2022 8:15,30,NO CONTROLS,NO CONTROLS,CLEAR,DAYLIGHT,REAR END,NOT DIVIDED,,STRAIGHT AND LEVEL,DRY,UNKNOWN,NOT ON SCENE (DESK REPORT),NO INJURY / DRIVE AWAY,,,N,"$501 - $1,500",2/24/2022 8:45,UNABLE TO DETERMINE,HAD BEEN DRINKING (USE WHEN ARREST IS NOT MADE),702,E,103RD ST,511,,,,,,,2,NO INDICATION OF INJURY,0,0,0,0,0,2,0,8,5,2,41.7075482,-87.6063196,POINT (-87.606319600066 41.707548196518)
ef2b77fe9ba35c0f3ac15a92364394a4c55c9d266059b92806b16e94cd0f08af30696bcc931686f8bde6af1df29b2f1825f71eba84a27fc6d9afda62fa54ac0d,JF147042,Y,2/17/2022 2:00,30,NO CONTROLS,NO CONTROLS,RAIN,"DARKNESS, LIGHTED ROAD",PARKED MOTOR VEHICLE,DIVIDED - W/MEDIAN (NOT RAISED),,STRAIGHT AND LEVEL,WET,UNKNOWN,ON SCENE,INJURY AND / OR TOW DUE TO CRASH,,,Y,"OVER $1,500",2/17/2022 7:07,UNABLE TO DETERMINE,NOT APPLICABLE,1036,W,61ST ST,712,,,,,,,2,NO INDICATION OF INJURY,0,0,0,0,0,1,0,2,5,2,41.78340327,-87.65119658,POINT (-87.651196577323 41.783403273493)
0d06a47b273bd2801064bd957f7f992d5a40b2836cbc467b4c98b16068062f8f4a338850bd4cfa47b4689e7446d250e728685db7bd056a050b57623110a49a54,JD149457,,2/12/2020 16:29,30,TRAFFIC SIGNAL,FUNCTIONING PROPERLY,SNOW,"DARKNESS, LIGHTED ROAD",ANGLE,NOT DIVIDED,,STRAIGHT AND LEVEL,SNOW OR SLUSH,NO DEFECTS,,NO INJURY / DRIVE AWAY,,,Y,$500 OR LESS,2/12/2020 17:04,UNABLE TO DETERMINE,UNABLE TO DETERMINE,1150,S,KOSTNER AVE,1131,,,,,,,2,NO INDICATION OF INJURY,0,0,0,0,0,2,0,16,4,2,41.86634727,-87.73512241,POINT (-87.735122411848 41.866347269155)
f03174e35e0c4843f6a0732236740d0ae1995bddaef5802c0b84f20564323b64e59fb67b9208ef3c440cad9dff4019873c408c85d23b7ab26e81b73a8584aa0b,JF147630,,2/17/2022 15:57,30,STOP SIGN/FLASHER,FUNCTIONING PROPERLY,SNOW,DAYLIGHT,TURNING,T-INTERSECTION,,STRAIGHT AND LEVEL,SNOW OR SLUSH,NO DEFECTS,ON SCENE,NO INJURY / DRIVE AWAY,Y,,,"OVER $1,500",2/17/2022 16:06,UNABLE TO DETERMINE,UNABLE TO DETERMINE,2332,W,35TH ST,912,,,,,,,2,NO INDICATION OF INJURY,0,0,0,0,0,2,0,15,5,2,41.83040504,-87.68389533,POINT (-87.683895330912 41.830405039273)
f082de563d4a0c2d3a42bdbaf13ea1ba5d641751f2fb5a583aee6da448ea8c7dbf2e45cbfda9fcdac498ccc86cfd14d8b34bb3894966c0823343a1afc7a61536,JF147515,,2/17/2022 14:20,30,STOP SIGN/FLASHER,FUNCTIONING PROPERLY,SNOW,DAYLIGHT,PARKED MOTOR VEHICLE,ONE-WAY,,STRAIGHT AND LEVEL,SNOW OR SLUSH,NO DEFECTS,ON SCENE,NO INJURY / DRIVE AWAY,Y,,Y,"OVER $1,500",2/17/2022 14:55,UNABLE TO DETERMINE,UNABLE TO DETERMINE,457,E,79TH ST,624,,,,,,,2,NO INDICATION OF INJURY,0,0,0,0,0,1,0,14,5,2,41.75104683,-87.61264331,POINT (-87.612643311235 41.751046825143)
e91210be3ecc4e535433a27248099a2b26a6e0007a5c99b0dd59ba990e4f494091ce4f124c3c8c9a40b8f321571e123088b9df23ff488722b97eea4e3c318dac,JF154716,,2/24/2022 13:22,30,NO CONTROLS,NO CONTROLS,CLEAR,DAYLIGHT,PARKED MOTOR VEHICLE,ONE-WAY,,STRAIGHT AND LEVEL,DRY,UNKNOWN,NOT ON SCENE (DESK REPORT),NO INJURY / DRIVE AWAY,,,,$500 OR LESS,2/24/2022 14:40,IMPROPER BACKING,IMPROPER BACKING,1516,S,KOMENSKY AVE,1012,Y,,,,,,2,NO INDICATION OF INJURY,0,0,0,0,0,4,0,13,5,2,41.8601311,-87.72636131,POINT (-87.726361310658 41.860131096501)
0ee4c669b154cd00de99eb905e01a48c080404afc13d9a9701a1401303c8d8516817fc7322058ccda198284fb4ff2ee2c3bfa4c0e70b8be7480a195b4c2103f3,JC533736,,12/3/2019 23:00,30,STOP SIGN/FLASHER,OTHER,CLEAR,"DARKNESS, LIGHTED ROAD",ANGLE,FOUR WAY,,STRAIGHT AND LEVEL,DRY,NO DEFECTS,,INJURY AND / OR TOW DUE TO CRASH,Y,Y,Y,"OVER $1,500",12/3/2019 23:01,UNABLE TO DETERMINE,UNABLE TO DETERMINE,3800,S,ALBANY AVE,911,,,,,,,3,NO INDICATION OF INJURY,0,0,0,0,0,3,0,23,3,12,41.82441634,-87.70214692,POINT (-87.70214692212 41.824416341364)
0f051064e6b5df5a3d6dd082645ee60495087aaf576d668bb873b3f4bdac95c0990c9e19d971e64418f4328aad189b16a64cc461644c050976000354a12415a2,JE403009,,10/8/2021 19:24,30,NO CONTROLS,NO CONTROLS,CLEAR,DAYLIGHT,SIDESWIPE SAME DIRECTION,NOT DIVIDED,,STRAIGHT AND LEVEL,DRY,NO DEFECTS,,NO INJURY / DRIVE AWAY,,,,"$501 - $1,500",10/8/2021 19:24,IMPROPER OVERTAKING/PASSING,IMPROPER OVERTAKING/PASSING,10000,S,EWING AVE,432,Y,Y,,,,,2,NO INDICATION OF INJURY,0,0,0,0,0,2,0,19,6,10,41.71387606,-87.53542261,POINT (-87.535422608574 41.713876063173)
f0d5b3656e64384543c193c1eb9e38e29b739362313d4530ff52be92121b7194b33dffa7c226dfd6faef5874593c525fdc2754bd054aed99a6d281cb5c177536,JF154993,,2/17/2022 11:20,25,NO CONTROLS,NO CONTROLS,CLEAR,DAYLIGHT,SIDESWIPE SAME DIRECTION,NOT DIVIDED,,STRAIGHT AND LEVEL,DRY,NO DEFECTS,NOT ON SCENE (DESK REPORT),NO INJURY / DRIVE AWAY,,,,"$501 - $1,500",2/24/2022 18:39,NOT APPLICABLE,NOT APPLICABLE,2900,W,DIVISION ST,1423,,,,,,,2,NO INDICATION OF INJURY,0,0,0,0,0,2,0,11,5,2,41.90301248,-87.6994158,POINT (-87.699415795652 41.903012484493)
e9975bd2327c5fea6e989162fbb9a2d94c61cb84d1c4f7262224b584d265afdf02b52c6294c210e109c56c1520f6afdb5a13954e3d3c833d40119c3e17008bab,JF154793,,2/24/2022 15:37,30,TRAFFIC SIGNAL,FUNCTIONING PROPERLY,SNOW,DAYLIGHT,PEDESTRIAN,FOUR WAY,,STRAIGHT AND LEVEL,SNOW OR SLUSH,NO DEFECTS,ON SCENE,INJURY AND / OR TOW DUE TO CRASH,Y,,,"OVER $1,500",2/24/2022 15:37,FAILING TO YIELD RIGHT-OF-WAY,DRIVING SKILLS/KNOWLEDGE/EXPERIENCE,1,S,CLARK ST,112,,,,,,,2,NONINCAPACITATING INJURY,1,0,0,1,0,1,0,15,5,2,41.88191775,-87.63073283,POINT (-87.630732825324 41.881917745999)
f0f1e5cf2d62ce2e032a5519ae74a2a8baa446d9bd7733eb327557d1e80496679648b768a7cb1a86d37b9c07ab754647fb12dc3a78818ade6006169b1b129826,JF147809,,2/17/2022 17:20,30,NO CONTROLS,NO CONTROLS,SNOW,DUSK,PARKED MOTOR VEHICLE,ONE-WAY,,STRAIGHT AND LEVEL,SNOW OR SLUSH,NO DEFECTS,NOT ON SCENE (DESK REPORT),NO INJURY / DRIVE AWAY,,,,"OVER $1,500",2/17/2022 18:00,UNABLE TO DETERMINE,UNABLE TO DETERMINE,1628,W,WASHINGTON BLVD,1224,,,,,,,2,NO INDICATION OF INJURY,0,0,0,0,0,2,0,17,5,2,41.88338944,-87.66807949,POINT (-87.66807949279 41.883389435302)
f115b0ee9e802dfc0d4a0a503e2abbbec4c5e71d353c60bbcbc12a10a926347649d080ec9351e1dc7eb167aac237a9addcefaa09b0ed75f0d8e11442cc53ef9d,JF147223,,2/17/2022 7:30,30,NO CONTROLS,NO CONTROLS,CLEAR,DAYLIGHT,SIDESWIPE SAME DIRECTION,NOT DIVIDED,,STRAIGHT AND LEVEL,WET,NO DEFECTS,NOT ON SCENE (DESK REPORT),NO INJURY / DRIVE AWAY,N,,,"$501 - $1,500",2/17/2022 10:00,IMPROPER LANE USAGE,NOT APPLICABLE,2700,S,CALIFORNIA AVE,1033,,,,,,,2,NO INDICATION OF INJURY,0,0,0,0,0,5,0,7,5,2,41.84250629,-87.69529706,POINT (-87.695297058659 41.842506291778)
f17e4a5721b6dabfa9f53f9e3d65cc7857f197106c7d0cf012679c68b8148375da389ef0982c97a96fb8b4d606556e6a742a34e82773eed922830479a974c5b5,JF147755,,2/17/2022 16:53,30,NO CONTROLS,UNKNOWN,SNOW,DUSK,SIDESWIPE SAME DIRECTION,NOT DIVIDED,,STRAIGHT AND LEVEL,SNOW OR SLUSH,UNKNOWN,NOT ON SCENE (DESK REPORT),NO INJURY / DRIVE AWAY,,,Y,"OVER $1,500",2/17/2022 17:13,WEATHER,UNABLE TO DETERMINE,2415,N,KEELER AVE,2524,,,,,,,2,NO INDICATION OF INJURY,0,0,0,0,0,2,0,16,5,2,41.92489037,-87.73153531,POINT (-87.731535310136 41.924890372421)
ea76d8aec94842e02b47878a19500b27c348566cdd6ffd117787ecc6312ec8a982c382b475efe3328086ad9836b977cbb6390b041ce3e571a69e7a4c29c3f19b,JF154551,,2/24/2022 11:20,30,STOP SIGN/FLASHER,FUNCTIONING PROPERLY,CLEAR,DAYLIGHT,PEDALCYCLIST,DIVIDED - W/MEDIAN (NOT RAISED),,STRAIGHT AND LEVEL,DRY,NO DEFECTS,ON SCENE,INJURY AND / OR TOW DUE TO CRASH,,,,$500 OR LESS,2/24/2022 11:21,DRIVING ON WRONG SIDE/WRONG WAY,UNABLE TO DETERMINE,5701,W,BRYN MAWR AVE,1622,,,,,,,2,NONINCAPACITATING INJURY,1,0,0,1,0,1,0,11,5,2,41.98281924,-87.77082825,POINT (-87.770828250155 41.98281923836)
f331dc5281295d4539932e654c1e6395038b3d64bdc64094ec4ed4897d20c85dc966ffd22dc95fc6f511c580517104bd76b029ee7bdb41c6ee93eeeabdd87631,JF147507,,2/17/2022 14:20,30,NO CONTROLS,NO CONTROLS,SNOW,DAYLIGHT,FIXED OBJECT,DIVIDED - W/MEDIAN (NOT RAISED),,STRAIGHT AND LEVEL,SNOW OR SLUSH,UNKNOWN,ON SCENE,INJURY AND / OR TOW DUE TO CRASH,,Y,,"OVER $1,500",2/17/2022 14:21,NOT APPLICABLE,NOT APPLICABLE,129,S,WESTERN AVE,1223,,,,,,,1,NONINCAPACITATING INJURY,3,0,0,3,0,0,0,14,5,2,41.87938373,-87.68623821,POINT (-87.686238212763 41.87938372978)
ec5e914650cca83ed8bc0fe100c8ada2adac48cc3868041a75b76badedb2ebd645b9b7c55e70d9b241af71100d2b97d6d8329b74830f93c4e557d36fe572212f,JF154577,Y,2/24/2022 11:09,35,NO CONTROLS,NO CONTROLS,CLEAR,DAYLIGHT,ANGLE,NOT DIVIDED,,STRAIGHT AND LEVEL,DRY,NO DEFECTS,ON SCENE,INJURY AND / OR TOW DUE TO CRASH,Y,,,"OVER $1,500",2/24/2022 11:10,DISREGARDING STOP SIGN,UNABLE TO DETERMINE,259,E,GARFIELD BLVD,231,,,,,,,2,NO INDICATION OF INJURY,0,0,0,0,0,4,0,11,5,2,41.79431063,-87.61929389,POINT (-87.619293893942 41.794310629735)
f3edb716def0a396a686ee59912c1f5131a637b219fac12cd759f788ab27bf98f6652b7cb94a01a5cd0f892fc9f70c5787ab4f85fadefd76e571aa2deac65d2b,JF147829,,2/17/2022 17:25,30,TRAFFIC SIGNAL,UNKNOWN,SNOW,DARKNESS,REAR END,NOT DIVIDED,,STRAIGHT AND LEVEL,SNOW OR SLUSH,UNKNOWN,NOT ON SCENE (DESK REPORT),NO INJURY / DRIVE AWAY,,,,"OVER $1,500",2/17/2022 18:15,UNABLE TO DETERMINE,UNABLE TO DETERMINE,5837,W,TOUHY AVE,1621,,,,,,,2,NO INDICATION OF INJURY,0,0,0,0,0,2,0,17,5,2,42.01184872,-87.77339057,POINT (-87.773390570434 42.011848719935)
f478acfc42607f29caf58e3e35c4a3e53be74b369435de205cf8553eb5364f5293584f115d2dd072aa04f3e0b73f4ee2f987bedfd9a4a5172d67ff64f3b50c8f,JF147945,,2/17/2022 19:30,30,UNKNOWN,UNKNOWN,CLEAR,DUSK,PARKED MOTOR VEHICLE,UNKNOWN,,STRAIGHT AND LEVEL,SNOW OR SLUSH,UNKNOWN,NOT ON SCENE (DESK REPORT),NO INJURY / DRIVE AWAY,,,Y,"OVER $1,500",2/17/2022 20:20,UNABLE TO DETERMINE,UNABLE TO DETERMINE,1522,E,53RD ST,234,,,,,,,2,NO INDICATION OF INJURY,0,0,0,0,0,1,0,19,5,2,41.79966079,-87.58819825,POINT (-87.588198251471 41.799660793222)
ecf3e095b8b8007c75b74b71fffe66942f1304f2697d5eff506c03320bd5903b1a2d20eca6b29e45c3d98db60f9ed36934e7b943c038badcc0bb08b73555005d,JF154894,Y,2/24/2022 14:30,30,NO CONTROLS,OTHER,SNOW,DAYLIGHT,PARKED MOTOR VEHICLE,ONE-WAY,,STRAIGHT AND LEVEL,SNOW OR SLUSH,UNKNOWN,NOT ON SCENE (DESK REPORT),NO INJURY / DRIVE AWAY,,,Y,"$501 - $1,500",2/24/2022 17:05,UNABLE TO DETERMINE,UNABLE TO DETERMINE,1212,N,MASSASOIT AVE,2531,,,,,,,2,NO INDICATION OF INJURY,0,0,0,0,0,1,0,14,5,2,41.90251544,-87.76945768,POINT (-87.76945767775 41.902515437495)