CRASH_RECORD_ID,RD_NO,CRASH_DATE_EST_I,CRASH_DATE,POSTED_SPEED_LIMIT,TRAFFIC_CONTROL_DEVICE,DEVICE_CONDITION,WEATHER_CONDITION,LIGHTING_CONDITION,FIRST_CRASH_TYPE,TRAFFICWAY_TYPE,LANE_CNT,ALIGNMENT,ROADWAY_SURFACE_COND,ROAD_DEFECT,REPORT_TYPE,CRASH_TYPE,INTERSECTION_RELATED_I,NOT_RIGHT_OF_WAY_I,HIT_AND_RUN_I,DAMAGE,DATE_POLICE_NOTIFIED,PRIM_CONTRIBUTORY_CAUSE,SEC_CONTRIBUTORY_CAUSE,STREET_NO,STREET_DIRECTION,STREET_NAME,BEAT_OF_OCCURRENCE,PHOTOS_TAKEN_I,STATEMENTS_TAKEN_I,DOORING_I,WORK_ZONE_I,WORK_ZONE_TYPE,WORKERS_PRESENT_I,NUM_UNITS,MOST_SEVERE_INJURY,INJURIES_TOTAL,INJURIES_FATAL,INJURIES_INCAPACITATING,INJURIES_NON_INCAPACITATING,INJURIES_REPORTED_NOT_EVIDENT,INJURIES_NO_INDICATION,INJURIES_UNKNOWN,CRASH_HOUR,CRASH_DAY_OF_WEEK,CRASH_MONTH,LATITUDE,LONGITUDE,LOCATION
ed2e2ec43f7399e0dd76b133637fe744615484ffaed1e91cee997d4ae20b5d623f1542778977fde92a6e7aad49661db61dd8deebe49458e58a28f1e025135f40,JF154728,,2/24/2022 14:20,30,TRAFFIC SIGNAL,FUNCTIONING PROPERLY,SNOW,DAYLIGHT,REAR END,NOT DIVIDED,,STRAIGHT AND LEVEL,WET,UNKNOWN,NOT ON SCENE (DESK REPORT),NO INJURY / DRIVE AWAY,,,Y,"$501 - $1,500",2/24/2022 14:51,FOLLOWING TOO CLOSELY,IMPROPER OVERTAKING/PASSING,2159,S,ROCKWELL ST,1023,,,,,,,2,NO INDICATION OF INJURY,0,0,0,0,0,2,0,14,5,2,41.85201758,-87.6903973,POINT (-87.690397297679 41.852017583926)
426531f24b48c15e0eb546b53f8f7d1639e041f8b0d447e50c632392f333555990e10002875f613c050e15f7301862fc0df302908cc0277dc27ade41b7816ad8,JF176688,,3/17/2022 7:48,30,TRAFFIC SIGNAL,FUNCTIONING PROPERLY,CLEAR,DAYLIGHT,TURNING,FOUR WAY,,STRAIGHT AND LEVEL,DRY,NO DEFECTS,ON SCENE,NO INJURY / DRIVE AWAY,,,,"$501 - $1,500",3/17/2022 7:50,UNABLE TO DETERMINE,UNABLE TO DETERMINE,2400,W,63RD ST,825,,,,,,,2,NO INDICATION OF INJURY,0,0,0,0,0,2,0,7,5,3,41.77933184,-87.68367576,POINT (-87.683675760848 41.779331844298)
f53525007abd0fcaca78c355d7e11c219c2fb2eea8c1224493c3d7508f15652848d1496f33cb4b5b40071d18179e86ed3eb656a184ee1c8bd26735c808819eee,JF147970,,2/17/2022 18:30,30,NO CONTROLS,NO CONTROLS,SNOW,DUSK,SIDESWIPE SAME DIRECTION,NOT DIVIDED,,STRAIGHT AND LEVEL,SNOW OR SLUSH,NO DEFECTS,NOT ON SCENE (DESK REPORT),NO INJURY / DRIVE AWAY,,,Y,"OVER $1,500",2/17/2022 20:58,WEATHER,NOT APPLICABLE,8630,S,LAFAYETTE AVE,622,,,,,,,2,NO INDICATION OF INJURY,0,0,0,0,0,2,0,18,5,2,41.7371537,-87.62561575,POINT (-87.625615753607 41.737153702271)
41365c957bd775bce97ee072f9b6f7d26c15bce45eb7c9300f50ad80ad7f47ec5f000f330356b6ab252bbcc33bf534f8d0d32dc745c50576a3125dcc1a9854a5,JF178855,,3/18/2022 22:05,30,TRAFFIC SIGNAL,FUNCTIONING PROPERLY,RAIN,"DARKNESS, LIGHTED ROAD",REAR END,DIVIDED - W/MEDIAN (NOT RAISED),,STRAIGHT AND LEVEL,WET,NO DEFECTS,NOT ON SCENE (DESK REPORT),NO INJURY / DRIVE AWAY,,,,"$501 - $1,500",3/18/2022 22:50,FOLLOWING TOO CLOSELY,WEATHER,2399,N,ASHLAND AVE,1811,,,,,,,4,NO INDICATION OF INJURY,0,0,0,0,0,6,0,22,6,3,41.92511082,-87.66799732,POINT (-87.667997321599 41.925110815832)
f5811d09a748bf7ed9ef979eaf8de4ee2e2759aa0c58d8aa0c30f845386f85a7759d4ffc45b86b8aef399c665f1e2b4b516ab04de770dce93474be951378c8fd,JF147511,,2/17/2022 13:00,30,NO CONTROLS,NO CONTROLS,SNOW,DAYLIGHT,PARKED MOTOR VEHICLE,DIVIDED - W/MEDIAN (NOT RAISED),,STRAIGHT AND LEVEL,SNOW OR SLUSH,NO DEFECTS,ON SCENE,NO INJURY / DRIVE AWAY,,,Y,$500 OR LESS,2/17/2022 15:10,IMPROPER OVERTAKING/PASSING,WEATHER,4411,N,HAZEL ST,1914,,,,,,,2,NO INDICATION OF INJURY,0,0,0,0,0,1,0,13,5,2,41.96217007,-87.65219001,POINT (-87.652190008497 41.962170071103)
ede6bb64e46e88524b2c50848f57722376030f93ef82b0329453b28568cbfa9300ac7860363f8fb4c785393366e947b45f34b06614c3659852f268e18bfeac4b,JF154890,,2/24/2022 16:35,30,TRAFFIC SIGNAL,NO CONTROLS,SNOW,DUSK,REAR END,DIVIDED - W/MEDIAN (NOT RAISED),,STRAIGHT AND LEVEL,SNOW OR SLUSH,NO DEFECTS,NOT ON SCENE (DESK REPORT),NO INJURY / DRIVE AWAY,,,Y,"OVER $1,500",2/24/2022 17:00,FAILING TO YIELD RIGHT-OF-WAY,UNABLE TO DETERMINE,6501,S,COTTAGE GROVE AVE,321,,,,,,,2,NO INDICATION OF INJURY,0,0,0,0,0,2,0,16,5,2,41.77668884,-87.60570035,POINT (-87.605700349293 41.776688836116)
ee065f47e77cf495ddd3d49ea5f02d7843daa07242ac63d89eb9197e40a28208c0bd9a3e6f71e3368bc6edfa8a60144837fd12011d86a088dbc19c826764e9d6,JF154371,,2/24/2022 8:09,30,STOP SIGN/FLASHER,NO CONTROLS,CLEAR,DAYLIGHT,ANGLE,DIVIDED - W/MEDIAN (NOT RAISED),,STRAIGHT AND LEVEL,DRY,NO DEFECTS,ON SCENE,INJURY AND / OR TOW DUE TO CRASH,,,,"OVER $1,500",2/24/2022 8:38,FAILING TO YIELD RIGHT-OF-WAY,DRIVING SKILLS/KNOWLEDGE/EXPERIENCE,100,E,109TH ST,513,,,,,,,2,"REPORTED, NOT EVIDENT",2,0,0,0,2,0,0,8,5,2,41.6963689,-87.62074597,POINT (-87.62074597188 41.696368895169)
eede10f93111e2542a58aa339f1c004c3a8815efc55168d635fbc8370e00d06949b06d7e36764367783ceda7c73f543014def0953c687945d5bd39f0325b058b,JF154674,,2/24/2022 7:40,30,STOP SIGN/FLASHER,FUNCTIONING PROPERLY,CLEAR,DAYLIGHT,ANGLE,NOT DIVIDED,,STRAIGHT AND LEVEL,DRY,NO DEFECTS,NOT ON SCENE (DESK REPORT),NO INJURY / DRIVE AWAY,Y,,,"$501 - $1,500",2/24/2022 13:28,UNABLE TO DETERMINE,UNABLE TO DETERMINE,843,N,CLARK ST,1832,,,,,,,2,NO INDICATION OF INJURY,0,0,0,0,0,2,0,7,5,2,41.89790591,-87.63113071,POINT (-87.631130704939 41.897905911557)
f76d176db2e80893418ed728542b182c7eb365e340fac7c5bae2f855327f3aefe067cce04333970b8b60e40676e35c6a3727e1143cc60812575a4e120493bfff,JF147135,,2/17/2022 8:30,15,UNKNOWN,OTHER,CLOUDY/OVERCAST,DAYLIGHT,PARKED MOTOR VEHICLE,PARKING LOT,,STRAIGHT AND LEVEL,UNKNOWN,NO DEFECTS,NOT ON SCENE (DESK REPORT),NO INJURY / DRIVE AWAY,,,,"$501 - $1,500",2/17/2022 8:55,FOLLOWING TOO CLOSELY,UNABLE TO DETERMINE,2631,S,PULASKI RD,1031,,,,,,,2,NO INDICATION OF INJURY,0,0,0,0,0,1,0,8,5,2,41.84330611,-87.72437645,POINT (-87.724376446715 41.843306107024)
f8a5eaa5a5ce3a1821a90046cab6c97e9b13f4bc411ece081cdb2beb22077e7ddbc026ea054a9de60daeb60d44d1d07c4692976517a50596984ef3e497be4703,JF147575,,2/17/2022 15:10,20,STOP SIGN/FLASHER,FUNCTIONING PROPERLY,SNOW,DAYLIGHT,TURNING,DIVIDED - W/MEDIAN BARRIER,,STRAIGHT AND LEVEL,SNOW OR SLUSH,NO DEFECTS,ON SCENE,INJURY AND / OR TOW DUE TO CRASH,Y,,,"OVER $1,500",2/17/2022 15:15,FAILING TO YIELD RIGHT-OF-WAY,WEATHER,5500,N,KEDZIE AVE,1712,,,,,,,2,"REPORTED, NOT EVIDENT",1,0,0,0,1,1,0,15,5,2,41.98134793,-87.70896609,POINT (-87.708966093039 41.981347932634)
f0036ebc8d0a1c72a6403fd6c52990a67f5dbc71c48167dc9118e71a5bd6c19745b4a541aac377e3f4e449af572d64a809b6f117f562637ac48c81a5ad2d9f2e,JD370529,,9/17/2020 15:20,30,NO CONTROLS,NO CONTROLS,CLEAR,DAYLIGHT,TURNING,CENTER TURN LANE,,STRAIGHT AND LEVEL,DRY,NO DEFECTS,,NO INJURY / DRIVE AWAY,,,,"OVER $1,500",9/17/2020 16:50,IMPROPER TURNING/NO SIGNAL,NOT APPLICABLE,2332,W,79TH ST,835,,,,,,,2,NO INDICATION OF INJURY,0,0,0,0,0,2,0,15,5,9,41.7502056,-87.68159002,POINT (-87.681590017548 41.750205597914)
f0175b54de2f921743930ce45a96bd2db8a7ab57f10d0ba937a223c1b4c9beecb3975a5bdf052a06f7e64fc8b928c24e51f45e10152922e221e2067b052a20f6,JD385560,N,10/1/2020 17:35,40,NO CONTROLS,NO CONTROLS,CLOUDY/OVERCAST,DUSK,REAR END,DIVIDED - W/MEDIAN BARRIER,,STRAIGHT AND LEVEL,WET,UNKNOWN,,NO INJURY / DRIVE AWAY,,,,"OVER $1,500",10/1/2020 17:39,WEATHER,NOT APPLICABLE,445,N,LAKE SHORE DR NB,1834,,,,Y,CONSTRUCTION,N,3,NO INDICATION OF INJURY,0,0,0,0,0,2,0,17,5,10,41.88997499,-87.61381719,POINT (-87.61381719328 41.889974984503)
f040244a185e86dad2277ba397a59ac83cf2ee9acb127cf926015b64e46db5c9c474b6e9c2f3ae9442538aa83604bcbfcc9b3183c3e6a24d28ae548c8203270c,JD416744,,10/31/2020 14:40,30,NO CONTROLS,NO CONTROLS,CLEAR,DAYLIGHT,PARKED MOTOR VEHICLE,ONE-WAY,,STRAIGHT AND LEVEL,DRY,NO DEFECTS,,NO INJURY / DRIVE AWAY,,,,"$501 - $1,500",10/31/2020 16:19,UNABLE TO DETERMINE,NOT APPLICABLE,6522,S,KEATING AVE,833,,,,,,,2,NO INDICATION OF INJURY,0,0,0,0,0,1,0,14,7,10,41.77409007,-87.74108661,POINT (-87.741086611954 41.774090067851)
f04112d813d5349ed8f129e35c97597eeb35eabb36949a4fa660d923645e40018b2413289a0fde783a6f7adbaefad82f529813c257872a4805b54c3fc3ed3d1f,JD144402,,2/8/2020 10:00,30,STOP SIGN/FLASHER,OTHER,CLEAR,DAYLIGHT,REAR END,NOT DIVIDED,,STRAIGHT AND LEVEL,DRY,NO DEFECTS,,INJURY AND / OR TOW DUE TO CRASH,,,Y,"OVER $1,500",2/8/2020 10:18,UNABLE TO DETERMINE,NOT APPLICABLE,3000,N,KIMBALL AVE,1412,,,,,,,2,"REPORTED, NOT EVIDENT",1,0,0,0,1,2,0,10,7,2,41.93569989,-87.71252606,POINT (-87.712526058121 41.935699891386)
f92509a4655ffa02158a011cb06e58b1acace3e4b2c6f32a3a9930ab4be84e37d86bd780a776bf83f0c2c0e1f8bc3c2895e2e7ca02b4f06f378d9bb1dfb9622f,JF148338,Y,2/17/2022 22:00,30,UNKNOWN,UNKNOWN,UNKNOWN,UNKNOWN,PARKED MOTOR VEHICLE,NOT DIVIDED,,STRAIGHT AND LEVEL,UNKNOWN,UNKNOWN,NOT ON SCENE (DESK REPORT),NO INJURY / DRIVE AWAY,,,Y,"$501 - $1,500",2/18/2022 10:30,UNABLE TO DETERMINE,UNABLE TO DETERMINE,7735,S,ST LOUIS AVE,835,,,,,,,2,NO INDICATION OF INJURY,0,0,0,0,0,1,0,22,5,2,41.75226802,-87.70964221,POINT (-87.709642210036 41.752268024044)
fa9ad20c976764a0105278d67c3bd924c1636bb4b427d1784e25cbc7c6cf5d3974b3b65d7de508cdcb0902035a795b264ece9d2f295d72e0baa295c35a9adaa2,JF147120,,2/17/2022 8:20,20,STOP SIGN/FLASHER,FUNCTIONING PROPERLY,CLEAR,DAYLIGHT,ANGLE,OTHER,,STRAIGHT AND LEVEL,DRY,NO DEFECTS,ON SCENE,INJURY AND / OR TOW DUE TO CRASH,Y,,Y,"OVER $1,500",2/17/2022 8:23,FAILING TO YIELD RIGHT-OF-WAY,UNABLE TO DETERMINE,2600,W,73RD ST,831,,,,,,,2,"REPORTED, NOT EVIDENT",1,0,0,0,1,2,0,8,5,2,41.76108038,-87.68810168,POINT (-87.68810168101 41.76108038097)
f19316486561541f46872281f2b830bf6f6f55f20acae93ad8466e9a3bb49a42c53f19e867fd68fc89c9164e020bc41d74ec3dd4b701ed753face6df276df958,JF154438,N,2/24/2022 9:30,30,TRAFFIC SIGNAL,FUNCTIONING PROPERLY,CLEAR,DAYLIGHT,REAR END,NOT DIVIDED,,STRAIGHT AND LEVEL,DRY,NO DEFECTS,ON SCENE,NO INJURY / DRIVE AWAY,,,Y,"OVER $1,500",2/24/2022 10:03,UNABLE TO DETERMINE,NOT APPLICABLE,1600,W,TAYLOR ST,1231,,,,,,,2,NO INDICATION OF INJURY,0,0,0,0,0,2,0,9,5,2,41.86937109,-87.66652853,POINT (-87.666528530029 41.869371084501)
63a467d3512f90d10de276f4c79920038084038066634331f2b5afa10e351699b7fc29d69344f79db501425844adb15e908e96013c4a7313bb7da3f97d13048a,JF178574,,3/9/2022 11:00,30,NO CONTROLS,NO CONTROLS,CLEAR,DAYLIGHT,SIDESWIPE SAME DIRECTION,NOT DIVIDED,,STRAIGHT AND LEVEL,UNKNOWN,UNKNOWN,NOT ON SCENE (DESK REPORT),NO INJURY / DRIVE AWAY,,,,"$501 - $1,500",3/18/2022 17:10,UNABLE TO DETERMINE,UNABLE TO DETERMINE,730,S,CLARK ST,123,,,,,,,2,NO INDICATION OF INJURY,0,0,0,0,0,2,0,11,4,3,41.87278061,-87.63077151,POINT (-87.63077151243 41.872780614066)
f22656f7e9f323a186f93b3480499037c0ed932c7a4cfa47ea46a392679b6b19358b2abe1992c363855093c9d51e8fc495d4a794ff917258ca399d54cce437b2,JF154983,,2/24/2022 17:13,30,STOP SIGN/FLASHER,FUNCTIONING PROPERLY,SNOW,DUSK,ANGLE,FOUR WAY,,STRAIGHT AND LEVEL,SNOW OR SLUSH,NO DEFECTS,ON SCENE,NO INJURY / DRIVE AWAY,Y,,,"OVER $1,500",2/24/2022 17:14,DISREGARDING STOP SIGN,NOT APPLICABLE,900,N,OAKLEY BLVD,1212,,,,,,,3,NO INDICATION OF INJURY,0,0,0,0,0,2,0,17,5,2,41.89764965,-87.68459208,POINT (-87.684592083419 41.897649645045)
f227559c0a302a2f8ed900727cd52fb2152a294840118e723ffc86e8e3b2cd6736cb2cd2c8fe006cbfdc321dc1405ce49c0cf86dc2f7e5bf54c2a22715c259cf,JF154641,,2/24/2022 12:41,20,NO CONTROLS,NO CONTROLS,CLEAR,DAYLIGHT,TURNING,ONE-WAY,,STRAIGHT AND LEVEL,DRY,NO DEFECTS,ON SCENE,INJURY AND / OR TOW DUE TO CRASH,,,,"OVER $1,500",2/24/2022 12:42,FAILING TO YIELD RIGHT-OF-WAY,NOT APPLICABLE,5214,N,SAWYER AVE,1712,,,,,,,3,NO INDICATION OF INJURY,0,0,0,0,0,2,0,12,5,2,41.97622193,-87.71005639,POINT (-87.710056394199 41.976221927715)
fb1b7392f2e67e48a9a71add913f8d734ee59d9dbb6cde9bc246c6a9f499a1db081f843dfe806aaec82ae963b733e163b4fb91ba1797edfe2d2102b3c86d764e,JF147963,,2/17/2022 19:48,25,NO CONTROLS,NO CONTROLS,SNOW,DARKNESS,OTHER OBJECT,ALLEY,,STRAIGHT AND LEVEL,SNOW OR SLUSH,NO DEFECTS,ON SCENE,NO INJURY / DRIVE AWAY,,,,"OVER $1,500",2/17/2022 19:48,UNABLE TO DETERMINE,UNABLE TO DETERMINE,2506,S,KEDZIE AVE,1024,,,,,,,1,NO INDICATION OF INJURY,0,0,0,0,0,1,0,19,5,2,41.84607182,-87.70523412,POINT (-87.705234124186 41.846071822773)
6295e7fc09f0c1e659073f63e4fd27f8c310afe1ca63def8afb7ff7615e59385f66ac3522a4a0a350f30322d8b71a66b979b947c36760fe2fc917b7ffc58e858,JF177752,,3/18/2022 1:14,30,NO CONTROLS,NO CONTROLS,CLEAR,"DARKNESS, LIGHTED ROAD",PARKED MOTOR VEHICLE,ONE-WAY,,STRAIGHT AND LEVEL,DRY,NO DEFECTS,ON SCENE,NO INJURY / DRIVE AWAY,,,Y,"OVER $1,500",3/18/2022 1:16,UNABLE TO DETERMINE,UNABLE TO DETERMINE,523,N,TROY ST,1221,,,,,,,3,NO INDICATION OF INJURY,0,0,0,0,0,1,0,1,6,3,41.89105855,-87.70504104,POINT (-87.705041043405 41.891058545861)
62adaea60b0bbcbd4667bb3bf3cab460c711496a4a07811786a08d8eab3ec2365ca3340030fa925b9ead6fbd31cfd51609c284c1988d2e8598bc844f6fdf98f0,JF178963,,3/18/2022 22:28,30,NO CONTROLS,NO CONTROLS,CLEAR,"DARKNESS, LIGHTED ROAD",SIDESWIPE SAME DIRECTION,NOT DIVIDED,,STRAIGHT AND LEVEL,DRY,NO DEFECTS,NOT ON SCENE (DESK REPORT),NO INJURY / DRIVE AWAY,,,,"$501 - $1,500",3/19/2022 2:53,FAILING TO YIELD RIGHT-OF-WAY,FAILING TO YIELD RIGHT-OF-WAY,1164,N,DEARBORN ST,1824,,,,,,,2,NO INDICATION OF INJURY,0,0,0,0,0,3,0,22,6,3,41.90381317,-87.63012985,POINT (-87.630129851143 41.903813167942)
f29952d3e2010b3c3e66324b56bd0912a1adfb998f7b7939d3349b55c1972b3242562519ad7c90c9b4164738607b08cdeb0d3f55565a2016472b078c8b1d1e62,JF155006,,2/24/2022 18:24,25,STOP SIGN/FLASHER,FUNCTIONING PROPERLY,SNOW,"DARKNESS, LIGHTED ROAD",ANGLE,FOUR WAY,,STRAIGHT AND LEVEL,SNOW OR SLUSH,NO DEFECTS,ON SCENE,NO INJURY / DRIVE AWAY,,,Y,"OVER $1,500",2/24/2022 18:40,DISREGARDING STOP SIGN,NOT APPLICABLE,5128,W,HURON ST,1531,,,,,,,2,NO INDICATION OF INJURY,0,0,0,0,0,2,0,18,5,2,41.89311919,-87.75424964,POINT (-87.754249636657 41.893119193557)
65aa1733802c270e35e3e343dfaa6d05a2dc604c9bf083f1b77038f31f8ea7e2efc352d25bc3dab10246d2cd778f9c9476fb5c5f0b64c6aacafaad6a82352ebb,JF176955,Y,3/17/2022 11:45,30,NO CONTROLS,NO CONTROLS,CLEAR,DAYLIGHT,TURNING,DIVIDED - W/MEDIAN (NOT RAISED),,STRAIGHT AND LEVEL,DRY,NO DEFECTS,ON SCENE,NO INJURY / DRIVE AWAY,,,Y,"OVER $1,500",3/17/2022 12:00,DRIVING SKILLS/KNOWLEDGE/EXPERIENCE,DRIVING SKILLS/KNOWLEDGE/EXPERIENCE,4883,N,BROADWAY,2033,,,,,,,2,NO INDICATION OF INJURY,0,0,0,0,0,3,0,11,5,3,41.9712625,-87.65958312,POINT (-87.659583115765 41.971262499954)
fcc99fc2961b3880ebd68f21275ab641da04da2c18ef5544857482a9058b08ba52008e95a0406393054b10bb8c440f22ca68edeb55970154577735b345f5de63,JF147156,,2/17/2022 8:55,25,NO CONTROLS,NO CONTROLS,CLOUDY/OVERCAST,DAYLIGHT,SIDESWIPE OPPOSITE DIRECTION,DIVIDED - W/MEDIAN (NOT RAISED),,STRAIGHT AND LEVEL,DRY,WORN SURFACE,ON SCENE,NO INJURY / DRIVE AWAY,,,Y,"$501 - $1,500",2/17/2022 8:55,UNABLE TO DETERMINE,UNABLE TO DETERMINE,5438,S,UNION AVE,935,,,,,,,2,NO INDICATION OF INJURY,0,0,0,0,0,1,0,8,5,2,41.79502119,-87.64289371,POINT (-87.642893709072 41.795021184776)
64bb3de9314efa12944a64fa623b2567f5e91dc26614433b7e3d2be3a9f4c337c256b9200537435b1e28f9aa36c726640f0acc06abca207f2dd84b2c09de075a,JF178640,,3/11/2022 14:00,30,TRAFFIC SIGNAL,UNKNOWN,CLEAR,DAYLIGHT,TURNING,FOUR WAY,,STRAIGHT AND LEVEL,DRY,NO DEFECTS,NOT ON SCENE (DESK REPORT),NO INJURY / DRIVE AWAY,Y,,,"OVER $1,500",3/18/2022 18:00,IMPROPER TURNING/NO SIGNAL,IMPROPER TURNING/NO SIGNAL,2000,W,59TH ST,715,Y,,,,,,2,NO INDICATION OF INJURY,0,0,0,0,0,2,0,14,6,3,41.78673715,-87.67415859,POINT (-87.674158590031 41.786737152567)
fd0d4d54459ac678bd475d7e1b1191d22b200574b980b6c9a3acee45587e15b3f6e9aa17a926c2106699d87c68c0b26a203d4ef9c0f438e1823f9187980bcea6,JF147282,,2/17/2022 10:50,30,TRAFFIC SIGNAL,FUNCTIONING PROPERLY,CLEAR,DAYLIGHT,REAR END,DIVIDED - W/MEDIAN (NOT RAISED),,STRAIGHT AND LEVEL,DRY,NO DEFECTS,,NO INJURY / DRIVE AWAY,Y,,,"OVER $1,500",2/17/2022 10:54,NOT APPLICABLE,NOT APPLICABLE,3603,W,BELMONT AVE,2523,,,,,,,3,NO INDICATION OF INJURY,0,0,0,0,0,4,0,10,5,2,41.93910454,-87.71754643,POINT (-87.717546430618 41.939104535786)
f338484c714949fb88711763ea1eb6503ff2a5c375b6cc05dfa851b4d25c697ade0d92054ba8d742c2c8214012bb7f2c954b14d4836fc4f03f8157cf8744a229,JF158558,,2/24/2022 9:00,30,TRAFFIC SIGNAL,UNKNOWN,UNKNOWN,DAYLIGHT,REAR TO FRONT,UNKNOWN INTERSECTION TYPE,,STRAIGHT AND LEVEL,UNKNOWN,UNKNOWN,NOT ON SCENE (DESK REPORT),NO INJURY / DRIVE AWAY,Y,,Y,"$501 - $1,500",2/28/2022 11:40,UNABLE TO DETERMINE,UNABLE TO DETERMINE,4800,S,ARCHER AVE,821,,,,,,,2,NO INDICATION OF INJURY,0,0,0,0,0,2,0,9,5,2,41.80629421,-87.71719212,POINT (-87.717192119248 41.806294211794)
f4ab0a5715486644e8079d61f212109506f7f6f7ed9314b824072f09c00a6187e216ba412997c1f6f804162e20cd55d76f88f4ba7eab7fa1b9463eca31a947c3,JF154421,,2/24/2022 9:10,10,NO CONTROLS,NO CONTROLS,CLEAR,DAWN,PARKED MOTOR VEHICLE,PARKING LOT,,STRAIGHT AND LEVEL,DRY,NO DEFECTS,NOT ON SCENE (DESK REPORT),NO INJURY / DRIVE AWAY,,Y,,$500 OR LESS,2/24/2022 9:57,IMPROPER TURNING/NO SIGNAL,UNABLE TO DETERMINE,200,W,87TH ST,622,,,,,,,2,NO INDICATION OF INJURY,0,0,0,0,0,1,0,9,5,2,41.7362617,-87.62906472,POINT (-87.629064716425 41.736261699376)
fe9f58de34002b19fd226efd10549a020054da3ce7fcc79efa52f758c654c3cdb4de1884ed833658ea6e229e08091612a6870b07edad8358a159d7d3d42501d1,JF154023,,2/17/2022 14:53,30,NO CONTROLS,NO CONTROLS,CLEAR,DAYLIGHT,REAR TO FRONT,NOT DIVIDED,,STRAIGHT AND LEVEL,DRY,NO DEFECTS,NOT ON SCENE (DESK REPORT),NO INJURY / DRIVE AWAY,,,Y,"OVER $1,500",2/23/2022 19:30,IMPROPER BACKING,IMPROPER BACKING,3810,W,83RD ST,834,,,,,,,2,NO INDICATION OF INJURY,0,0,0,0,0,2,0,14,5,2,41.74236056,-87.71731267,POINT (-87.717312673511 41.742360560923)
17757421b434029aaf2c503ea1c08ce8a0fe89c56430ff29127cadb4835e0ffc913147b269442ca5fdfffda2264939f471c78fb9a3aff64b374c06e0ac0f50c4,JD457467,,12/12/2020 19:06,35,TRAFFIC SIGNAL,FUNCTIONING PROPERLY,FREEZING RAIN/DRIZZLE,"DARKNESS, LIGHTED ROAD",REAR END,NOT DIVIDED,,STRAIGHT AND LEVEL,WET,NO DEFECTS,,INJURY AND / OR TOW DUE TO CRASH,,,Y,"OVER $1,500",12/12/2020 19:06,UNABLE TO DETERMINE,UNABLE TO DETERMINE,351,N,LARAMIE AVE,1532,,,,,,,4,NONINCAPACITATING INJURY,1,0,0,1,0,6,0,19,7,12,41.88712142,-87.75517364,POINT (-87.755173643863 41.887121416928)
178975543f00179618c5efdd645548954b848f3f5998fb253c951a34924a5cafe18441c043079fe1254820bfc38d53b7e1ddff5ca25f0f430dee0637e1af5512,JE296800,,7/10/2021 11:00,30,STOP SIGN/FLASHER,FUNCTIONING PROPERLY,CLEAR,DAYLIGHT,TURNING,NOT DIVIDED,,STRAIGHT AND LEVEL,DRY,NO DEFECTS,,INJURY AND / OR TOW DUE TO CRASH,,,,"OVER $1,500",7/10/2021 11:02,UNABLE TO DETERMINE,UNABLE TO DETERMINE,3701,W,47TH ST,821,,,,,,,2,INCAPACITATING INJURY,1,0,1,0,0,1,0,11,7,7,41.8078536,-87.71628841,POINT (-87.716288408085 41.807853598853)
f4b6cc3c54b4e0b4e76ea316a007828667ec67784c820b5b8e30f570011fe93124596cbae8a03050badf5b513d2de9db079c5c8974a81b9aeb2f25ad839f48d8,JF155057,,2/24/2022 18:51,35,STOP SIGN/FLASHER,FUNCTIONING PROPERLY,RAIN,"DARKNESS, LIGHTED ROAD",TURNING,FOUR WAY,,STRAIGHT AND LEVEL,WET,UNKNOWN,NOT ON SCENE (DESK REPORT),NO INJURY / DRIVE AWAY,Y,,N,"OVER $1,500",2/24/2022 19:35,FAILING TO REDUCE SPEED TO AVOID CRASH,DISREGARDING OTHER TRAFFIC SIGNS,7100,S,WESTERN AVE,832,,,,,,,2,NO INDICATION OF INJURY,0,0,0,0,0,2,0,18,5,2,41.76460891,-87.68338705,POINT (-87.683387053281 41.764608912236)
fee3ca6d48714c3ff2a8eeb32bd812ef7c301eba8bb2ea73b51346693bb6bf7a937fe0353f8b19e0913d5559c4d2c2050c957b969822833a85a3014291234fb2,JF148563,,2/17/2022 17:40,30,NO CONTROLS,NO CONTROLS,SNOW,DARKNESS,REAR TO FRONT,NOT DIVIDED,,STRAIGHT AND LEVEL,SNOW OR SLUSH,UNKNOWN,NOT ON SCENE (DESK REPORT),NO INJURY / DRIVE AWAY,,,Y,"OVER $1,500",2/18/2022 14:08,UNABLE TO DETERMINE,NOT APPLICABLE,310,W,24TH PL,914,,,,,,,2,NO INDICATION OF INJURY,0,0,0,0,0,2,0,17,5,2,41.8483143,-87.63515743,POINT (-87.635157429757 41.848314304129)
ff09340564a8ba6052772ccee61669ca3994a98142dbf1d1d0015207c21ca8240022277ae89517628080e1a7bd622ea4fda5ac3a6d5cef238ffed334158f0614,JF147824,,2/17/2022 17:45,30,TRAFFIC SIGNAL,FUNCTIONING PROPERLY,CLEAR,"DARKNESS, LIGHTED ROAD",REAR END,DIVIDED - W/MEDIAN (NOT RAISED),,STRAIGHT AND LEVEL,SNOW OR SLUSH,NO DEFECTS,NOT ON SCENE (DESK REPORT),NO INJURY / DRIVE AWAY,,,,"$501 - $1,500",2/17/2022 18:15,FAILING TO YIELD RIGHT-OF-WAY,UNABLE TO DETERMINE,4658,S,DR MARTIN LUTHER KING JR DR,215,,,,,,,2,NO INDICATION OF INJURY,0,0,0,0,0,2,0,17,5,2,41.80942716,-87.61673661,POINT (-87.616736608674 41.809427160253)