CRASH_RECORD_ID,RD_NO,CRASH_DATE_EST_I,CRASH_DATE,POSTED_SPEED_LIMIT,TRAFFIC_CONTROL_DEVICE,DEVICE_CONDITION,WEATHER_CONDITION,LIGHTING_CONDITION,FIRST_CRASH_TYPE,TRAFFICWAY_TYPE,LANE_CNT,ALIGNMENT,ROADWAY_SURFACE_COND,ROAD_DEFECT,REPORT_TYPE,CRASH_TYPE,INTERSECTION_RELATED_I,NOT_RIGHT_OF_WAY_I,HIT_AND_RUN_I,DAMAGE,DATE_POLICE_NOTIFIED,PRIM_CONTRIBUTORY_CAUSE,SEC_CONTRIBUTORY_CAUSE,STREET_NO,STREET_DIRECTION,STREET_NAME,BEAT_OF_OCCURRENCE,PHOTOS_TAKEN_I,STATEMENTS_TAKEN_I,DOORING_I,WORK_ZONE_I,WORK_ZONE_TYPE,WORKERS_PRESENT_I,NUM_UNITS,MOST_SEVERE_INJURY,INJURIES_TOTAL,INJURIES_FATAL,INJURIES_INCAPACITATING,INJURIES_NON_INCAPACITATING,INJURIES_REPORTED_NOT_EVIDENT,INJURIES_NO_INDICATION,INJURIES_UNKNOWN,CRASH_HOUR,CRASH_DAY_OF_WEEK,CRASH_MONTH,LATITUDE,LONGITUDE,LOCATION
ff1f68a05654ff5ec2d661f1d74207ac5e5895ca7348595d067cb72d42a4dd115d025eed1ed2dec8dfa86edeb5c954c8c7e3a1e01f335fb5849ceb33212adfcb,JF147543,,2/17/2022 15:20,30,NO CONTROLS,NO CONTROLS,SNOW,DAYLIGHT,TURNING,DIVIDED - W/MEDIAN (NOT RAISED),,STRAIGHT AND LEVEL,SNOW OR SLUSH,UNKNOWN,ON SCENE,INJURY AND / OR TOW DUE TO CRASH,,,,"OVER $1,500",2/17/2022 15:21,IMPROPER TURNING/NO SIGNAL,UNABLE TO DETERMINE,1514,W,79TH ST,612,,,,,,,2,"REPORTED, NOT EVIDENT",2,0,0,0,2,3,0,15,5,2,41.7504914,-87.66169544,POINT (-87.661695438375 41.750491402694)
ff53217b55a7114d5d5db48a5eef6db11ad2752739ae78af8d64ce7aa9807c1e9bc9ca0fb37110314cc5b3c1aea1a46a1a24c6afeae9f451778af355880720f7,JF147216,,2/17/2022 9:10,20,NO CONTROLS,NO CONTROLS,RAIN,DAYLIGHT,SIDESWIPE SAME DIRECTION,ONE-WAY,,STRAIGHT AND LEVEL,WET,NO DEFECTS,ON SCENE,INJURY AND / OR TOW DUE TO CRASH,,,,"OVER $1,500",2/17/2022 9:11,FAILING TO YIELD RIGHT-OF-WAY,NOT APPLICABLE,1254,N,CLEAVER ST,1433,,,,,,,2,NO INDICATION OF INJURY,0,0,0,0,0,2,0,9,5,2,41.90504081,-87.664025,POINT (-87.664024998896 41.905040808076)
f5b7a6235824d15bf4c3548058d7925e6ffc11ddec99effab2a769c8524c235964f23f894a07fbb4e11eae43c187fc8d80436940377468a09cf0ec942b6eb766,JF155078,,2/24/2022 20:10,30,TRAFFIC SIGNAL,FUNCTIONING PROPERLY,SNOW,"DARKNESS, LIGHTED ROAD",SIDESWIPE SAME DIRECTION,NOT DIVIDED,,STRAIGHT AND LEVEL,SNOW OR SLUSH,NO DEFECTS,ON SCENE,NO INJURY / DRIVE AWAY,,,Y,"OVER $1,500",2/24/2022 20:13,IMPROPER OVERTAKING/PASSING,UNABLE TO DETERMINE,5200,N,CENTRAL AVE,1622,,,,,,,2,NO INDICATION OF INJURY,0,0,0,0,0,2,0,20,5,2,41.97572994,-87.76862658,POINT (-87.768626581471 41.975729934848)
f8197fbb40782d5272c52f76ac71fd63788bd4885b38105e3944aa3ca1ae3732bb5bde4f1150bab1c210c49e4beacd672278ad2572a4de26bea72e737636dde1,JF155385,,2/24/2022 16:00,30,NO CONTROLS,NO CONTROLS,UNKNOWN,DAYLIGHT,REAR END,NOT DIVIDED,,STRAIGHT AND LEVEL,UNKNOWN,UNKNOWN,NOT ON SCENE (DESK REPORT),NO INJURY / DRIVE AWAY,,,Y,"OVER $1,500",2/25/2022 8:45,UNABLE TO DETERMINE,UNABLE TO DETERMINE,464,N,HOMAN AVE,1121,,,,,,,2,NO INDICATION OF INJURY,0,0,0,0,0,2,0,16,5,2,41.89013363,-87.7114227,POINT (-87.711422700913 41.890133630329)
f882be0ab989d70b5232cd6ef2e35972a87d50404aeccd6683d580cb0b9d8d82b851c35186e6e636759b53f6d2647160d40f33fb2dad5e40ce3334eefd4ecc83,JF154908,,2/24/2022 16:30,30,STOP SIGN/FLASHER,FUNCTIONING PROPERLY,SNOW,DAYLIGHT,ANGLE,FOUR WAY,,STRAIGHT AND LEVEL,SNOW OR SLUSH,UNKNOWN,NOT ON SCENE (DESK REPORT),NO INJURY / DRIVE AWAY,Y,,,"OVER $1,500",2/24/2022 17:10,UNABLE TO DETERMINE,UNABLE TO DETERMINE,4700,W,CHICAGO AVE,1111,,,,,,,2,NO INDICATION OF INJURY,0,0,0,0,0,5,0,16,5,2,41.89515446,-87.7436424,POINT (-87.743642397852 41.895154463493)
f91fcdf0dc3d9ba7c552a663a28b7eb556f4530ebf88a7e083ba8c3af3fb378f42407c474c11825706b594a045c872e8b9a445a6ea71c9282c78a9e4301bfaab,JF154875,,2/24/2022 16:40,30,STOP SIGN/FLASHER,NO CONTROLS,SNOW,DAYLIGHT,TURNING,DIVIDED - W/MEDIAN (NOT RAISED),,STRAIGHT AND LEVEL,SNOW OR SLUSH,UNKNOWN,ON SCENE,NO INJURY / DRIVE AWAY,N,,Y,"$501 - $1,500",2/24/2022 16:43,FAILING TO YIELD RIGHT-OF-WAY,NOT APPLICABLE,5511,W,NORTH AVE,2532,,,,,,,2,NO INDICATION OF INJURY,0,0,0,0,0,4,0,16,5,2,41.9092919,-87.76358732,POINT (-87.763587323319 41.909291901962)
f94e725d2269b8b1c6cf282cb2e8f26f70976b7daa24a76577e7938622120174dedc2e0c92cb17d659c99b7591c74809b52541eb4f77ba64d780aafd2ae96663,JF155067,,2/24/2022 19:20,40,NO CONTROLS,NO CONTROLS,SNOW,"DARKNESS, LIGHTED ROAD",FIXED OBJECT,DIVIDED - W/MEDIAN BARRIER,,STRAIGHT AND LEVEL,WET,UNKNOWN,ON SCENE,INJURY AND / OR TOW DUE TO CRASH,,,Y,"OVER $1,500",2/24/2022 19:20,UNABLE TO DETERMINE,UNABLE TO DETERMINE,2305,W,87TH ST,2221,,,,,,,1,NO INDICATION OF INJURY,0,0,0,0,0,1,0,19,5,2,41.73544755,-87.68054453,POINT (-87.680544529968 41.735447546029)
fb143ade70d8117db9e54be0ee2dad3d54dc29943e27845928ba83c8a7988f80ab9b4c00967314af05d130ec37bb0f597072036b6433e8c0712604d008fadade,JF154947,,2/24/2022 17:47,30,NO CONTROLS,NO CONTROLS,CLEAR,DUSK,REAR END,DIVIDED - W/MEDIAN (NOT RAISED),,STRAIGHT AND LEVEL,SNOW OR SLUSH,UNKNOWN,NOT ON SCENE (DESK REPORT),NO INJURY / DRIVE AWAY,,,Y,"OVER $1,500",2/24/2022 17:50,UNABLE TO DETERMINE,UNABLE TO DETERMINE,2802,N,CICERO AVE,2521,,,,,,,2,NO INDICATION OF INJURY,0,0,0,0,0,2,0,17,5,2,41.93163434,-87.74674555,POINT (-87.746745546048 41.931634341507)
fc736c768a358d040c4ee060f190a067f727786c14339b3c6df6eca46a07d5f3813fad54525ada484ed355bcd7339c1f01383e2ab2ef2361bbf1aa81fb42ca00,JF155744,,2/24/2022 17:50,30,TRAFFIC SIGNAL,FUNCTIONING PROPERLY,CLEAR,DAYLIGHT,SIDESWIPE SAME DIRECTION,DIVIDED - W/MEDIAN (NOT RAISED),,STRAIGHT AND LEVEL,WET,NO DEFECTS,NOT ON SCENE (DESK REPORT),NO INJURY / DRIVE AWAY,Y,,Y,"$501 - $1,500",2/25/2022 14:03,IMPROPER OVERTAKING/PASSING,NOT APPLICABLE,635,W,127TH ST,523,,,,,,,2,NO INDICATION OF INJURY,0,0,0,0,0,3,0,17,5,2,41.66318308,-87.63795844,POINT (-87.637958438192 41.663183081548)
feb65b8d37057d5456865cca604783baad893a471d7d89f0a8ea239f496596f50b80477e1d2f512706fe34b2f1af90bdd0f1e42dd8cc12734579bc611a530226,JF154545,Y,2/24/2022 10:46,30,NO CONTROLS,NO CONTROLS,CLEAR,DAYLIGHT,PARKED MOTOR VEHICLE,NOT DIVIDED,,STRAIGHT AND LEVEL,DRY,NO DEFECTS,ON SCENE,NO INJURY / DRIVE AWAY,,,,"OVER $1,500",2/24/2022 11:15,"VISION OBSCURED (SIGNS, TREE LIMBS, BUILDINGS, ETC.)",DRIVING ON WRONG SIDE/WRONG WAY,2525,N,CLARK ST,1935,,,,,,,2,NO INDICATION OF INJURY,0,0,0,0,0,1,0,10,5,2,41.92854129,-87.64207634,POINT (-87.642076344308 41.928541289667)
8aefd32d0572e141529559de2ac844a2212ad585ec5b136bc50c1f383b041da7fb9a5fc50a6129028f4edfc845c01824815104c57590e2581cc64ba63f7af2a6,JF186873,Y,3/25/2022 13:00,25,NO CONTROLS,NO CONTROLS,RAIN,DAYLIGHT,PARKED MOTOR VEHICLE,NOT DIVIDED,,STRAIGHT AND LEVEL,WET,WORN SURFACE,ON SCENE,NO INJURY / DRIVE AWAY,,,Y,"OVER $1,500",3/26/2022 2:47,UNABLE TO DETERMINE,UNABLE TO DETERMINE,3429,W,PALMER ST,1413,,,,,,,2,NO INDICATION OF INJURY,0,0,0,0,0,1,0,13,6,3,41.92087777,-87.7132126,POINT (-87.713212600028 41.920877771478)
65d4cdff4c3c38f629856f00126c443b5292ac5e63545cdf35e3d30278a773bd71f2fea17f8782fd2d073bab4c06757f5a522573f3b89113b99460c8ac7f3339,JF161668,,2/27/2022 7:55,25,NO CONTROLS,NO CONTROLS,CLEAR,DAYLIGHT,SIDESWIPE SAME DIRECTION,ONE-WAY,,STRAIGHT AND LEVEL,DRY,NO DEFECTS,NOT ON SCENE (DESK REPORT),NO INJURY / DRIVE AWAY,,,,"OVER $1,500",3/3/2022 9:00,IMPROPER LANE USAGE,DRIVING SKILLS/KNOWLEDGE/EXPERIENCE,1,W,TERMINAL ST,1651,,,,,,,2,NO INDICATION OF INJURY,0,0,0,0,0,2,0,7,1,2,,,
cc3f7061c5540e8d291365686a9a5161271e85b13699b5602bfbac3addffbf253bee7a12ce8f982a87c3abc9fc257bb31c2327ec58fccf4737c2ebd5ccb2c47e,JF153238,Y,2/22/2022 10:00,30,NO CONTROLS,NO CONTROLS,RAIN,DAYLIGHT,REAR TO FRONT,OTHER,,STRAIGHT AND LEVEL,WET,NO DEFECTS,NOT ON SCENE (DESK REPORT),NO INJURY / DRIVE AWAY,,Y,,"$501 - $1,500",2/23/2022 8:15,IMPROPER BACKING,FAILING TO YIELD RIGHT-OF-WAY,4700,S,MICHIGAN AVE,224,,,,,,,2,NO INDICATION OF INJURY,0,0,0,0,0,2,0,10,3,2,41.80919351,-87.62297931,POINT (-87.62297930642 41.809193513201)
6770b2dfb7d2e72dc21b0bd1b9c5f63e1954eeaec88e513ef65a8bfb883cd6cc2bc05c833e75ff1767065cc4d3b30fec604d38d86d7de026b97a079ed15ddb9e,JE230252,,5/14/2021 18:21,30,NO CONTROLS,NO CONTROLS,CLEAR,DAYLIGHT,REAR END,ONE-WAY,,STRAIGHT AND LEVEL,DRY,NO DEFECTS,,INJURY AND / OR TOW DUE TO CRASH,,,,"OVER $1,500",5/14/2021 18:31,"OPERATING VEHICLE IN ERRATIC, RECKLESS, CARELESS, NEGLIGENT OR AGGRESSIVE MANNER",UNABLE TO DETERMINE,1699,N,RICHMOND ST,1421,,,,,,,5,NO INDICATION OF INJURY,0,0,0,0,0,2,0,18,6,5,41.9122269,-87.70015462,POINT (-87.700154623201 41.91222689945)
67776bf2d77d097e1c0ffcc3fc767e5180c1c74c34a4eef069012a4ebac43d87971750eae909db7f74b174aab177475ed118d998181de5c0bd50029b2cdd28f0,JC515524,,11/18/2019 18:24,30,TRAFFIC SIGNAL,FUNCTIONING PROPERLY,CLEAR,DARKNESS,SIDESWIPE SAME DIRECTION,NOT DIVIDED,,STRAIGHT AND LEVEL,DRY,NO DEFECTS,,NO INJURY / DRIVE AWAY,,,Y,"OVER $1,500",11/18/2019 19:16,IMPROPER OVERTAKING/PASSING,NOT APPLICABLE,740,E,51ST ST,223,,,,,,,2,NO INDICATION OF INJURY,0,0,0,0,0,2,0,18,2,11,41.80234385,-87.60714932,POINT (-87.607149317943 41.802343852744)
678e488b4a6c77ab17393fa107ccc8c212b59442b1bcd6c2c830cca17f6cf87c2ac4a9bee3d49d2eaeb3d29dd6ef0fc3667c40fab2affd5723179b6d564e7bfe,JD397530,,10/12/2020 17:45,20,STOP SIGN/FLASHER,UNKNOWN,CLEAR,DAYLIGHT,PEDESTRIAN,ONE-WAY,,STRAIGHT AND LEVEL,DRY,NO DEFECTS,,INJURY AND / OR TOW DUE TO CRASH,,,Y,"OVER $1,500",10/12/2020 21:24,DISREGARDING STOP SIGN,NOT APPLICABLE,6606,S,GREENWOOD AVE,321,,,,,,,2,NONINCAPACITATING INJURY,1,0,0,1,0,1,0,17,2,10,41.77476214,-87.59986811,POINT (-87.599868108683 41.774762144051)
6798071336e8475598e97f3036b69be9b1b150f963e8f06dbd976acfec01635a36cee18f919e73b32838bd3ea00886208b271b885343fcb5ab6969bee0e82849,JE321645,Y,8/1/2021 0:28,30,TRAFFIC SIGNAL,FUNCTIONING PROPERLY,SEVERE CROSS WIND GATE,"DARKNESS, LIGHTED ROAD",ANGLE,FOUR WAY,,STRAIGHT AND LEVEL,DRY,NO DEFECTS,,INJURY AND / OR TOW DUE TO CRASH,Y,,Y,"OVER $1,500",8/1/2021 0:28,DISREGARDING TRAFFIC SIGNALS,DISREGARDING TRAFFIC SIGNALS,1599,W,74TH ST,734,,,,,,,3,FATAL,4,1,1,0,2,1,0,0,1,8,41.75934407,-87.6635611,POINT (-87.663561098427 41.759344065571)
cede60758b00327c396a1589a91ecc730136ca63ddee20d2510710d1a6dbb4a3ffa102b76c18c07bbc1fd56a93ece47809e72e0c97c2bd318df5a74d4ec55c1e,JE350364,,8/26/2021 7:53,30,NO CONTROLS,NO CONTROLS,CLEAR,DAYLIGHT,PEDALCYCLIST,DIVIDED - W/MEDIAN BARRIER,,STRAIGHT AND LEVEL,DRY,NO DEFECTS,,INJURY AND / OR TOW DUE TO CRASH,,,Y,"$501 - $1,500",8/26/2021 7:53,UNABLE TO DETERMINE,UNABLE TO DETERMINE,2438,N,ASHLAND AVE,1931,,,,,,,2,NONINCAPACITATING INJURY,1,0,0,1,0,1,0,7,5,8,41.92637102,-87.66833481,POINT (-87.668334810031 41.926371016363)
cf3c529296ee8c19776340e96d39b2f8f7ada6f689a479a3decb59cdbb12900c8bee15b943a368dc442717f2dd0a44c8b6ad6ca77185d8879b7c37065b15b723,JD259754,,6/10/2020 12:45,35,NO CONTROLS,NO CONTROLS,CLEAR,DAYLIGHT,ANGLE,DIVIDED - W/MEDIAN (NOT RAISED),,STRAIGHT AND LEVEL,DRY,NO DEFECTS,,NO INJURY / DRIVE AWAY,,,,"$501 - $1,500",6/10/2020 13:20,UNABLE TO DETERMINE,UNABLE TO DETERMINE,3808,W,ROOSEVELT RD,1133,,,,,,,2,NO INDICATION OF INJURY,0,0,0,0,0,3,0,12,4,6,41.86634424,-87.72052963,POINT (-87.720529631802 41.866344241501)
cf3ebbaa9b03f2ee500a7e73f4e70e78889d214f376a85869bbf0832f2b959564f8ec42acc342eb7cfe00953f7b0c97009558064ad9c0c54d89fe45563c1f74d,JF157528,,2/27/2022 9:37,30,TRAFFIC SIGNAL,FUNCTIONING PROPERLY,CLEAR,DAYLIGHT,ANGLE,FOUR WAY,,STRAIGHT AND LEVEL,DRY,NO DEFECTS,,INJURY AND / OR TOW DUE TO CRASH,Y,,,"OVER $1,500",2/27/2022 9:37,FAILING TO YIELD RIGHT-OF-WAY,DISREGARDING OTHER TRAFFIC SIGNS,500,S,ASHLAND AVE,1231,,,,,,,2,NONINCAPACITATING INJURY,2,0,0,2,0,1,0,9,1,2,41.8751259,-87.66677177,POINT (-87.666771774482 41.875125894617)
717b38cfe34f5d09df3d638a47773788e9d05578f48c198d0cbede7db383d58c2e51483e22a05d96cc430b80ebcae8ba7219a8407673772d41e6020dff7ebfe7,JC341301,,7/9/2019 11:40,30,NO CONTROLS,NO CONTROLS,CLEAR,DAYLIGHT,SIDESWIPE SAME DIRECTION,ONE-WAY,,STRAIGHT AND LEVEL,DRY,UNKNOWN,,NO INJURY / DRIVE AWAY,,,Y,"OVER $1,500",7/9/2019 13:30,IMPROPER OVERTAKING/PASSING,NOT APPLICABLE,4249,W,21ST PL,1012,,,,,,,2,NO INDICATION OF INJURY,0,0,0,0,0,2,0,11,3,7,41.85238111,-87.73159107,POINT (-87.731591069381 41.85238110942)
718308aed6c7406b1048e9c5bf25e88505e5bbd975663b072988bf084b5b83c5aab255362b587816ad2f55df8cd48bc2762fb368bc7fb4e277a5d396ef55e60f,JD196601,,3/28/2020 3:44,30,TRAFFIC SIGNAL,FUNCTIONING PROPERLY,RAIN,"DARKNESS, LIGHTED ROAD",REAR END,NOT DIVIDED,,STRAIGHT AND LEVEL,WET,UNKNOWN,,INJURY AND / OR TOW DUE TO CRASH,Y,,,"OVER $1,500",3/28/2020 3:44,UNDER THE INFLUENCE OF ALCOHOL/DRUGS (USE WHEN ARREST IS EFFECTED),DRIVING ON WRONG SIDE/WRONG WAY,5700,S,CALIFORNIA AVE,824,,Y,,,,,3,NONINCAPACITATING INJURY,3,0,0,3,0,0,0,3,7,3,41.78995501,-87.69384099,POINT (-87.693840993851 41.789955013776)
7185b81d170d95c97337e2754c14c5956c8a489091a7186fb999a21d8579d9d81fce929dd1b5ab0b0d6e52ceb383db6d5c05c9f59e70b6bd800b12da155fb584,JD376096,,9/22/2020 23:05,35,NO CONTROLS,NO CONTROLS,CLEAR,"DARKNESS, LIGHTED ROAD",PARKED MOTOR VEHICLE,NOT DIVIDED,,STRAIGHT AND LEVEL,DRY,NO DEFECTS,,NO INJURY / DRIVE AWAY,,,,"OVER $1,500",9/22/2020 23:05,NOT APPLICABLE,NOT APPLICABLE,5958,S,DR MARTIN LUTHER KING JR DR,232,,,,,,,2,,,,,,,,,23,3,9,41.78578802,-87.61590849,POINT (-87.615908490481 41.785788019126)
7190e83ec1bb12c250072b794c3f7838c83eac8fd020982a6160e0ef3629cdfcf5fc25dc39f46f42d821bf78d80de24560cc5211d2cc5da1f46ef242ee70be02,JD106851,,12/30/2019 22:30,30,NO CONTROLS,NO CONTROLS,CLEAR,"DARKNESS, LIGHTED ROAD",PARKED MOTOR VEHICLE,NOT DIVIDED,,STRAIGHT AND LEVEL,DRY,NO DEFECTS,,NO INJURY / DRIVE AWAY,,,,"OVER $1,500",1/7/2020 0:00,UNABLE TO DETERMINE,NOT APPLICABLE,6333,N,RIDGE AVE,2433,,,,,,,2,NO INDICATION OF INJURY,0,0,0,0,0,3,0,22,2,12,41.9965364,-87.67601559,POINT (-87.676015592718 41.996536396935)
c4aa334d1e9d8b7479eab3edd94dbd9005a3d2226aaaa9d34eb91b4012dceca5cf5032c37fe28a99f7fa8122c96bf18df70207c2767c52d0642b4a9ac073b812,JE314682,,7/24/2021 19:30,30,TRAFFIC SIGNAL,NO CONTROLS,CLEAR,DAYLIGHT,TURNING,NOT DIVIDED,,STRAIGHT AND LEVEL,DRY,NO DEFECTS,,NO INJURY / DRIVE AWAY,,,,"OVER $1,500",7/26/2021 11:45,UNABLE TO DETERMINE,NOT APPLICABLE,8700,S,ANTHONY AVE,412,,,,,,,2,NO INDICATION OF INJURY,0,0,0,0,0,2,0,19,7,7,41.73706395,-87.5689622,POINT (-87.56896220209 41.737063945134)
c4faa0d59d5840155733f4968fb1a0efd46cf83452af3a2b235a3216cc6dcfe62e25e54d4b0aaa8635dba91a81770ce45107ac1234c1cd91dd29802d0a09936b,JD467818,,12/23/2020 18:00,35,NO CONTROLS,UNKNOWN,RAIN,DARKNESS,TURNING,DIVIDED - W/MEDIAN (NOT RAISED),,STRAIGHT AND LEVEL,WET,UNKNOWN,,NO INJURY / DRIVE AWAY,,,,"$501 - $1,500",12/23/2020 18:20,IMPROPER OVERTAKING/PASSING,DRIVING SKILLS/KNOWLEDGE/EXPERIENCE,1340,E,47TH ST,222,,,,,,,2,NO INDICATION OF INJURY,0,0,0,0,0,3,0,18,4,12,41.80978873,-87.59346434,POINT (-87.593464337106 41.809788730504)
c51c17946a1784bf0d468f39fc31a3303ae8fd619774e41d600798aad3d44b7e88c08d491bc0197498cd8ba1fea720c109caabcf6bab55787cc4c8519eddefa9,JC394827,,8/16/2019 11:11,30,TRAFFIC SIGNAL,FUNCTIONING PROPERLY,CLOUDY/OVERCAST,DAYLIGHT,ANGLE,FOUR WAY,,STRAIGHT AND LEVEL,UNKNOWN,UNKNOWN,,NO INJURY / DRIVE AWAY,Y,,,"OVER $1,500",8/16/2019 11:45,DISREGARDING TRAFFIC SIGNALS,DISREGARDING TRAFFIC SIGNALS,98,N,KEDZIE AVE,1123,,,,,,,2,NO INDICATION OF INJURY,0,0,0,0,0,2,0,11,6,8,41.88274687,-87.70631632,POINT (-87.706316319552 41.882746866821)
c53c185132d3aefb2dc1839c206f103eb6acbdac63de219df039de86095e2508b6ed1ebab64a5a261e30db97eaa379c1a70a08963f0f9b5a38290b643faa0642,JE477097,,12/14/2021 11:05,30,TRAFFIC SIGNAL,FUNCTIONING PROPERLY,CLEAR,DAYLIGHT,TURNING,FOUR WAY,,STRAIGHT AND LEVEL,DRY,NO DEFECTS,,NO INJURY / DRIVE AWAY,Y,,,"OVER $1,500",12/14/2021 11:40,IMPROPER TURNING/NO SIGNAL,UNABLE TO DETERMINE,4000,W,CERMAK RD,1012,,,,,,,2,NO INDICATION OF INJURY,0,0,0,0,0,3,0,11,3,12,41.85165437,-87.72488298,POINT (-87.724882975308 41.851654368676)
04ddc68f46b6ef573a99edd0238ee9b03e21686994dfd08e0b6f84062f21a83a7fc5333d8ff28ae5609fbf8d832fdb94ac922cfef01646b9b6a0e65e568b0cd6,JF186238,,3/24/2022 17:15,30,TRAFFIC SIGNAL,FUNCTIONING PROPERLY,RAIN,DAYLIGHT,TURNING,DIVIDED - W/MEDIAN (NOT RAISED),,STRAIGHT AND LEVEL,WET,NO DEFECTS,NOT ON SCENE (DESK REPORT),NO INJURY / DRIVE AWAY,,,Y,"OVER $1,500",3/25/2022 13:20,IMPROPER TURNING/NO SIGNAL,DRIVING SKILLS/KNOWLEDGE/EXPERIENCE,9500,S,STONY ISLAND AVE,511,,,,,,,2,NO INDICATION OF INJURY,0,0,0,0,0,2,0,17,5,3,41.72225727,-87.58527557,POINT (-87.585275565077 41.722257273006)
0afdceaa1ab5889e560c1d59aa61ed65fe05a86290816244f76015e833e66e044d72f2a2868ce3fdc0a480493b5b7257b8e84a386aff0fe3437eca1448cd0b9f,JF185981,Y,3/23/2022 8:30,25,UNKNOWN,UNKNOWN,UNKNOWN,UNKNOWN,PARKED MOTOR VEHICLE,NOT DIVIDED,,STRAIGHT AND LEVEL,UNKNOWN,NO DEFECTS,ON SCENE,NO INJURY / DRIVE AWAY,,,Y,"$501 - $1,500",3/25/2022 10:05,NOT APPLICABLE,NOT APPLICABLE,1336,E,HYDE PARK BLVD,222,N,,,,,,2,NO INDICATION OF INJURY,0,0,0,0,0,1,0,8,4,3,41.80251059,-87.59370379,POINT (-87.593703793047 41.802510586932)
00bf69d7677dc237ed20281407b370cf0d02ddb76dbcf6b26b20842269ead6d70ff2881777e5d03a2616acc52d12768005ddf01b35b0ee33fc310658aae3d022,JF186331,,3/25/2022 8:28,30,NO CONTROLS,NO CONTROLS,CLEAR,DAYLIGHT,REAR END,ONE-WAY,,STRAIGHT AND LEVEL,DRY,NO DEFECTS,NOT ON SCENE (DESK REPORT),NO INJURY / DRIVE AWAY,,,Y,"OVER $1,500",3/25/2022 15:25,FAILING TO YIELD RIGHT-OF-WAY,FOLLOWING TOO CLOSELY,7059,S,STATE ST,322,,,,,,,2,NO INDICATION OF INJURY,0,0,0,0,0,2,0,8,6,3,41.76546907,-87.62475894,POINT (-87.624758940498 41.765469066053)
0023ceba30bfb72ebe36aee9ab60cfee33dc229b937d8a538201fb460807a8689ba83ccc6980981b7d8441717791a8df1eca5ea199a6b0a1c3dcae441f013b0f,JF183784,,3/23/2022 12:32,30,NO CONTROLS,NO CONTROLS,RAIN,DAYLIGHT,SIDESWIPE SAME DIRECTION,NOT DIVIDED,,STRAIGHT AND LEVEL,WET,NO DEFECTS,ON SCENE,INJURY AND / OR TOW DUE TO CRASH,,,,"OVER $1,500",3/23/2022 12:32,FAILING TO YIELD RIGHT-OF-WAY,FAILING TO YIELD RIGHT-OF-WAY,2034,W,51ST ST,931,,,,,,,3,NONINCAPACITATING INJURY,1,0,0,1,0,1,0,12,4,3,41.80132461,-87.67586838,POINT (-87.675868375877 41.801324614001)
0aed69aa1d198a916779959c3f137f362429bac8802da40fbcde2af2077072a2a3322b0491a8a60a061cb9442bdd99ca0d8164dc73a5babd726ed616d6cb971d,JF185399,,3/24/2022 18:15,30,TRAFFIC SIGNAL,UNKNOWN,RAIN,DAYLIGHT,REAR END,DIVIDED - W/MEDIAN BARRIER,,STRAIGHT AND LEVEL,WET,UNKNOWN,ON SCENE,INJURY AND / OR TOW DUE TO CRASH,,,,"OVER $1,500",3/24/2022 18:16,FAILING TO REDUCE SPEED TO AVOID CRASH,UNABLE TO DETERMINE,2001,W,ROOSEVELT RD,1233,,,,,,,2,"REPORTED, NOT EVIDENT",1,0,0,0,1,2,0,18,5,3,41.86664345,-87.67633905,POINT (-87.676339046481 41.86664344767)
067a4d0076199a361eb14821713e8ec77813cd6351441cebc61b225bd5aa33fa77b475624f1a1b3c88aaf12b1927216d5f1daf602fdc22d307f70f8d3cc20e1b,JF186603,,3/25/2022 19:03,35,NO CONTROLS,NO CONTROLS,CLEAR,DUSK,SIDESWIPE SAME DIRECTION,CENTER TURN LANE,,STRAIGHT AND LEVEL,DRY,NO DEFECTS,ON SCENE,NO INJURY / DRIVE AWAY,,,,"OVER $1,500",3/25/2022 19:04,EQUIPMENT - VEHICLE CONDITION,UNABLE TO DETERMINE,5301,S,HARLEM AVE,811,,,,,,,2,NO INDICATION OF INJURY,0,0,0,0,0,2,0,19,6,3,41.79568805,-87.80145967,POINT (-87.801459670523 41.795688052768)
0adb13d275b044a4b87b12a0f9cbd2ce5c99adf39d76440215431efaf2571381b4e4d08b70a573982ba5a4b88c99c021e3884602bd259a6093c3091f21ef98e9,JF185804,,3/25/2022 7:20,30,TRAFFIC SIGNAL,FUNCTIONING PROPERLY,CLEAR,DAYLIGHT,REAR END,DIVIDED - W/MEDIAN BARRIER,,STRAIGHT AND LEVEL,DRY,NO DEFECTS,NOT ON SCENE (DESK REPORT),NO INJURY / DRIVE AWAY,,,,"OVER $1,500",3/25/2022 8:20,FOLLOWING TOO CLOSELY,NOT APPLICABLE,488,E,LOWER WACKER DR,114,,,,,,,2,NO INDICATION OF INJURY,0,0,0,0,0,2,0,7,6,3,41.88747989,-87.61604712,POINT (-87.616047119018 41.88747988917)
08fd475f7c75e405eb5ff886bb4758c8776d677951f097c3c4fa33de10887b2b731f47ad8d7028f6d495c6ea427ced3d915bedddc347444e20a4aa3fed6800f1,JF186019,,3/24/2022 22:30,25,NO CONTROLS,NO CONTROLS,CLEAR,DARKNESS,REAR END,ONE-WAY,,STRAIGHT AND LEVEL,WET,NO DEFECTS,NOT ON SCENE (DESK REPORT),NO INJURY / DRIVE AWAY,,,,"OVER $1,500",3/25/2022 11:00,FOLLOWING TOO CLOSELY,FOLLOWING TOO CLOSELY,233,E,LOWER WACKER DR,114,,,,,,,2,NO INDICATION OF INJURY,0,0,0,0,0,2,0,22,5,3,41.88777617,-87.62135836,POINT (-87.621358362885 41.887776172574)