CRASH_RECORD_ID,RD_NO,CRASH_DATE_EST_I,CRASH_DATE,POSTED_SPEED_LIMIT,TRAFFIC_CONTROL_DEVICE,DEVICE_CONDITION,WEATHER_CONDITION,LIGHTING_CONDITION,FIRST_CRASH_TYPE,TRAFFICWAY_TYPE,LANE_CNT,ALIGNMENT,ROADWAY_SURFACE_COND,ROAD_DEFECT,REPORT_TYPE,CRASH_TYPE,INTERSECTION_RELATED_I,NOT_RIGHT_OF_WAY_I,HIT_AND_RUN_I,DAMAGE,DATE_POLICE_NOTIFIED,PRIM_CONTRIBUTORY_CAUSE,SEC_CONTRIBUTORY_CAUSE,STREET_NO,STREET_DIRECTION,STREET_NAME,BEAT_OF_OCCURRENCE,PHOTOS_TAKEN_I,STATEMENTS_TAKEN_I,DOORING_I,WORK_ZONE_I,WORK_ZONE_TYPE,WORKERS_PRESENT_I,NUM_UNITS,MOST_SEVERE_INJURY,INJURIES_TOTAL,INJURIES_FATAL,INJURIES_INCAPACITATING,INJURIES_NON_INCAPACITATING,INJURIES_REPORTED_NOT_EVIDENT,INJURIES_NO_INDICATION,INJURIES_UNKNOWN,CRASH_HOUR,CRASH_DAY_OF_WEEK,CRASH_MONTH,LATITUDE,LONGITUDE,LOCATION
07127bb64a715c447ec8f63044fc8e9ee862a96dcd35e6871d22a4396d2488d607d4c7daae301c904bc76351330a7bdb8787b3248ad3f74fb6266e89024a88db,JF185913,,3/21/2022 15:00,10,NO CONTROLS,NO CONTROLS,UNKNOWN,DAYLIGHT,FIXED OBJECT,NOT DIVIDED,,STRAIGHT AND LEVEL,UNKNOWN,UNKNOWN,NOT ON SCENE (DESK REPORT),NO INJURY / DRIVE AWAY,,,,$500 OR LESS,3/25/2022 9:30,IMPROPER TURNING/NO SIGNAL,UNABLE TO DETERMINE,13400,S,AVENUE N,433,,,,,,,1,NO INDICATION OF INJURY,0,0,0,0,0,1,0,15,2,3,41.65175087,-87.53881551,POINT (-87.538815509533 41.65175086736)
0d98f8c49f354ce6bcf73f300b11c9f68de1d86d83361ab38877aad107d62d0fcdf833352a8e9b4573efb99be989ab172f7b4e0c56486f7eb571d746593a9220,JF186718,,3/25/2022 20:32,35,NO CONTROLS,NO CONTROLS,CLEAR,"DARKNESS, LIGHTED ROAD",REAR END,NOT DIVIDED,,STRAIGHT AND LEVEL,DRY,NO DEFECTS,NOT ON SCENE (DESK REPORT),NO INJURY / DRIVE AWAY,,,,"$501 - $1,500",3/25/2022 21:15,FAILING TO REDUCE SPEED TO AVOID CRASH,NOT APPLICABLE,2259,N,LINCOLN AVE,1812,,,,,,,2,NO INDICATION OF INJURY,0,0,0,0,0,2,0,20,6,3,41.92327853,-87.64551996,POINT (-87.645519959242 41.923278524693)
6f61bae12a5a210562d0fb40a640503c235db53dbf5d35276be07fd15e8342be73ee531a8c28ba0084c0ab233e817f91de6a9a406717ccaa2e9c645dddec4c6b,JC559342,,12/24/2019 21:35,30,TRAFFIC SIGNAL,FUNCTIONING PROPERLY,CLEAR,DUSK,SIDESWIPE SAME DIRECTION,DIVIDED - W/MEDIAN (NOT RAISED),,STRAIGHT AND LEVEL,DRY,NO DEFECTS,,NO INJURY / DRIVE AWAY,,,Y,"OVER $1,500",12/24/2019 21:37,IMPROPER LANE USAGE,IMPROPER LANE USAGE,1630,W,119TH ST,2234,,,,,,,2,NO INDICATION OF INJURY,0,0,0,0,0,4,0,21,3,12,41.67763065,-87.66245071,POINT (-87.662450711185 41.677630649115)
6ff81339fe316a4cb5bafbd2ae2dd930daba925228e67f3488d2190933c790cae662d497f2ffbb741fcbf550ef6396d06fda75137cd9191767cd273b278f9662,JD367569,,9/15/2020 0:20,20,NO CONTROLS,NO CONTROLS,CLEAR,"DARKNESS, LIGHTED ROAD",PARKED MOTOR VEHICLE,PARKING LOT,,STRAIGHT AND LEVEL,DRY,NO DEFECTS,,NO INJURY / DRIVE AWAY,,Y,,$500 OR LESS,9/15/2020 0:28,"OPERATING VEHICLE IN ERRATIC, RECKLESS, CARELESS, NEGLIGENT OR AGGRESSIVE MANNER",NOT APPLICABLE,453,W,63RD ST,722,,,,,,,4,NO INDICATION OF INJURY,0,0,0,0,0,1,0,0,3,9,41.77976473,-87.63716702,POINT (-87.637167021872 41.779764730769)
6ff8dbe5c8d75c9e8658c3f4fb33b01c64281ab2340a767536c0dd0fd6dd0cec583292e06b1f8dd988b5c6f1e2e31c66482ddd083a642d061524ab35a39d6606,JD458875,,12/14/2020 13:30,30,TRAFFIC SIGNAL,FUNCTIONING PROPERLY,CLEAR,DAYLIGHT,SIDESWIPE SAME DIRECTION,"FIVE POINT, OR MORE",,STRAIGHT AND LEVEL,DRY,NO DEFECTS,,NO INJURY / DRIVE AWAY,Y,,,$500 OR LESS,12/14/2020 14:00,UNABLE TO DETERMINE,IMPROPER OVERTAKING/PASSING,2798,N,CLYBOURN AVE,1931,,,,,,,3,NO INDICATION OF INJURY,0,0,0,0,0,2,0,13,2,12,41.93209995,-87.67811317,POINT (-87.678113170877 41.932099948464)
70715e422b90ebf9c44c36c0a5b012bc028db1096befd56e9537d29887d56b6ef390404e93a804e342a4f4103210488d6428e7f0cebd5313f01bd901ddafa543,JE163597,,3/9/2021 10:04,30,TRAFFIC SIGNAL,FUNCTIONING IMPROPERLY,CLEAR,DAYLIGHT,TURNING,DIVIDED - W/MEDIAN (NOT RAISED),,STRAIGHT AND LEVEL,DRY,NO DEFECTS,,INJURY AND / OR TOW DUE TO CRASH,,,,"OVER $1,500",3/9/2021 10:06,IMPROPER TURNING/NO SIGNAL,UNABLE TO DETERMINE,4850,W,65TH ST,813,,,,,,,2,NO INDICATION OF INJURY,0,0,0,0,0,2,0,10,3,3,41.77483378,-87.74421806,POINT (-87.74421806329 41.774833784033)
014e69ef7c53259e6bbe1430cc03a1a3cb712814b7572cb03c23bb68a46ea149d2088c439c2f5a36bd5dfe7d8880d59ffac281789f55f4695be654d9418d2ca3,JF185800,,3/25/2022 8:00,30,NO CONTROLS,NO CONTROLS,CLEAR,DAYLIGHT,PARKED MOTOR VEHICLE,NOT DIVIDED,,STRAIGHT AND LEVEL,WET,NO DEFECTS,NOT ON SCENE (DESK REPORT),NO INJURY / DRIVE AWAY,,,Y,"OVER $1,500",3/25/2022 8:21,UNABLE TO DETERMINE,NOT APPLICABLE,748,S,FRANCISCO AVE,1135,,,,,,,2,NO INDICATION OF INJURY,0,0,0,0,0,1,0,8,6,3,41.87128407,-87.69862814,POINT (-87.698628139429 41.871284064982)
f2c46f43dc3f732c9599ed0652d8794060dd1c5c4aed2bbad35a7d63ea5527e704b7a24913e3bc6a8102a76aa011533a3f9cd5937f712b061aacb3c5d3ecdaa4,JF175685,Y,3/16/2022 10:00,30,NO CONTROLS,NO CONTROLS,CLEAR,DAYLIGHT,PARKED MOTOR VEHICLE,NOT DIVIDED,,STRAIGHT AND LEVEL,DRY,NO DEFECTS,ON SCENE,INJURY AND / OR TOW DUE TO CRASH,,,Y,"OVER $1,500",3/16/2022 10:15,UNABLE TO DETERMINE,UNABLE TO DETERMINE,10137,S,WENTWORTH AVE,511,,,,,,,2,NO INDICATION OF INJURY,0,0,0,0,0,1,0,10,4,3,41.709646,-87.62823291,POINT (-87.628232910415 41.709646000167)
1a81c75815539f7f6a94bb39b07b8298bdfe0c29a4712c8915b17aaa210e4c821752b194892e3865d4fdefd8b52df3e6c3ddfc5aad67672ca9142c00b00a4609,JF182533,,3/22/2022 8:00,30,NO CONTROLS,NO CONTROLS,CLEAR,DAYLIGHT,FIXED OBJECT,ALLEY,,STRAIGHT AND LEVEL,DRY,NO DEFECTS,ON SCENE,INJURY AND / OR TOW DUE TO CRASH,,Y,Y,"OVER $1,500",3/22/2022 8:24,UNABLE TO DETERMINE,NOT APPLICABLE,316,W,53RD ST,935,,,,,,,1,NO INDICATION OF INJURY,0,0,0,0,0,2,0,8,3,3,41.79826857,-87.63383172,POINT (-87.633831719804 41.798268569038)
9ea9680a6500f8db1908a39752d47bb39506d7d732d2f9888480f12c8a404611d4af2d8f3811715caf4ac8eb88cdb446c8e6cb74ecd732fe45fba73443f141ef,JF184962,,3/24/2022 12:35,30,NO CONTROLS,NO CONTROLS,RAIN,DAYLIGHT,SIDESWIPE SAME DIRECTION,TRAFFIC ROUTE,,STRAIGHT AND LEVEL,WET,NO DEFECTS,ON SCENE,NO INJURY / DRIVE AWAY,Y,,,"$501 - $1,500",3/24/2022 12:37,FAILING TO YIELD RIGHT-OF-WAY,FAILING TO YIELD RIGHT-OF-WAY,7143,S,JEFFERY BLVD,333,,,,,,,2,NO INDICATION OF INJURY,0,0,0,0,0,2,0,12,5,3,41.7648425,-87.57612551,POINT (-87.576125506407 41.764842500572)
12243d0675c0ea381caa1f1eee915490cfaa9a02bcd664970688b756287c9dbf64584f9bb9277aa624e03e30a6f5d5e2b9f217ba5007eb8b30ff4e99cddf0812,JF186045,,3/25/2022 11:12,20,NO CONTROLS,NO CONTROLS,CLEAR,DAYLIGHT,PARKED MOTOR VEHICLE,NOT DIVIDED,,STRAIGHT AND LEVEL,DRY,NO DEFECTS,ON SCENE,INJURY AND / OR TOW DUE TO CRASH,,,,"OVER $1,500",3/25/2022 11:14,IMPROPER BACKING,DISTRACTION - FROM INSIDE VEHICLE,249,W,58TH ST,711,,,,,,,2,NO INDICATION OF INJURY,0,0,0,0,0,1,0,11,6,3,41.78874808,-87.6323055,POINT (-87.632305496293 41.788748081081)
092e782ad6b034e98931e10487d33c73be0f3231013007c88ea93bc70836751f30335c108aad6b6240b3fa3b8fd5370551361069203ad400e51f7f199d3f8ba7,JF186605,,3/19/2022 11:06,25,NO CONTROLS,NO CONTROLS,CLEAR,DAYLIGHT,PARKED MOTOR VEHICLE,ONE-WAY,,STRAIGHT AND LEVEL,DRY,NO DEFECTS,NOT ON SCENE (DESK REPORT),NO INJURY / DRIVE AWAY,,,Y,"OVER $1,500",3/25/2022 19:10,UNABLE TO DETERMINE,NOT APPLICABLE,5006,W,OHIO ST,1532,,,,,,,2,NO INDICATION OF INJURY,0,0,0,0,0,1,0,11,7,3,41.89144131,-87.75089231,POINT (-87.750892309049 41.891441312867)
32d162ea5b8fffe4e322f5391abf63ddb5542ff722aebf57711c89e5b18bcbcbd33e71bd7be81a9ddf51a945e69256981c63229e763d934870b5315411aa5bf2,JF186624,,3/25/2022 17:52,30,NO CONTROLS,NO CONTROLS,RAIN,DARKNESS,TURNING,NOT DIVIDED,,STRAIGHT AND LEVEL,WET,NO DEFECTS,ON SCENE,INJURY AND / OR TOW DUE TO CRASH,,,,"OVER $1,500",3/25/2022 18:36,FAILING TO YIELD RIGHT-OF-WAY,FAILING TO YIELD RIGHT-OF-WAY,4439,W,GRAND AVE,2533,,,,,,,2,NONINCAPACITATING INJURY,3,0,0,2,1,1,0,17,6,3,41.91047801,-87.73762527,POINT (-87.737625268109 41.910478005783)
8cdb86503a03375cb37c19101c776272983256fe996399552043b137b39bd49ae2af940f298d31a7b490048ee86e0ba2c333852a4875cb187194a0b76ec3b0d2,JF186232,,3/25/2022 10:08,30,NO CONTROLS,NO CONTROLS,CLEAR,DAYLIGHT,SIDESWIPE SAME DIRECTION,ONE-WAY,,STRAIGHT AND LEVEL,DRY,NO DEFECTS,NOT ON SCENE (DESK REPORT),NO INJURY / DRIVE AWAY,,,Y,"$501 - $1,500",3/25/2022 14:28,UNABLE TO DETERMINE,UNABLE TO DETERMINE,199,E,ERIE ST,1834,,,,,,,2,NO INDICATION OF INJURY,0,0,0,0,0,3,0,10,6,3,41.89404859,-87.62281324,POINT (-87.622813238607 41.894048587486)
f354660952a9138b1d182e7f10c0c69e6e3e2ac90e922ec742b7321bfeb2ccc3849d1b8564b88f2a8d9341afad8a358778c7ccca786f073fc3641835305fe3ac,JF185845,,3/25/2022 8:33,30,TRAFFIC SIGNAL,FUNCTIONING PROPERLY,CLOUDY/OVERCAST,DAYLIGHT,SIDESWIPE SAME DIRECTION,NOT DIVIDED,,STRAIGHT AND LEVEL,WET,UNKNOWN,ON SCENE,NO INJURY / DRIVE AWAY,Y,,,"$501 - $1,500",3/25/2022 8:34,IMPROPER OVERTAKING/PASSING,NOT APPLICABLE,3803,W,AUGUSTA BLVD,1112,,,,,,,2,NO INDICATION OF INJURY,0,0,0,0,0,5,0,8,6,3,41.89895306,-87.72146096,POINT (-87.721460959425 41.898953058644)
71248e69f179c3850c7b7a04bc6f0feca69dae5c15b8251ab4e9e111a9eeb5997e678c15ea2ddee587196e31dbafe2c5d442e4e7a91103f8f6b851d328d1200a,JB495767,,10/30/2018 3:05,30,TRAFFIC SIGNAL,FUNCTIONING PROPERLY,CLEAR,"DARKNESS, LIGHTED ROAD",PEDESTRIAN,NOT DIVIDED,,STRAIGHT AND LEVEL,DRY,NO DEFECTS,,INJURY AND / OR TOW DUE TO CRASH,Y,,Y,"OVER $1,500",10/30/2018 3:05,UNABLE TO DETERMINE,UNABLE TO DETERMINE,800,E,79TH ST,624,Y,,,,,,3,FATAL,1,1,0,0,0,2,0,3,3,10,41.7513967,-87.60515466,POINT (-87.605154658072 41.751396701356)
713f9ee98cb2a74d8c41eda5f5c3b6d64e70a051ec01ecec3a73d088876e5785c4bf8da326d9e0e66081001a2bacf74538915408c4d40dfc98b23787263aead2,JD142335,,2/6/2020 14:35,30,TRAFFIC SIGNAL,FUNCTIONING PROPERLY,SNOW,DAYLIGHT,PEDESTRIAN,T-INTERSECTION,,STRAIGHT AND LEVEL,SNOW OR SLUSH,NO DEFECTS,,INJURY AND / OR TOW DUE TO CRASH,Y,,,"OVER $1,500",2/6/2020 15:20,UNABLE TO DETERMINE,NOT APPLICABLE,5200,N,EAST RIVER RD,1614,,,,,,,2,NONINCAPACITATING INJURY,1,0,0,1,0,1,0,14,5,2,41.97377367,-87.84664958,POINT (-87.846649576475 41.973773667956)
7158a40a28eff6673283fae4477fcaefae53cb97793728fbfeab7cbc358c13dfb2824b070771887b82a6c96533c7d2185a14df99964275511390c1b9e1274188,JE177585,,3/23/2021 15:42,30,NO CONTROLS,NO CONTROLS,RAIN,DAYLIGHT,TURNING,NOT DIVIDED,,STRAIGHT AND LEVEL,WET,NO DEFECTS,,INJURY AND / OR TOW DUE TO CRASH,,,,"OVER $1,500",3/23/2021 16:25,UNABLE TO DETERMINE,UNABLE TO DETERMINE,1299,E,71ST ST,324,,,,,,,2,NO INDICATION OF INJURY,0,0,0,0,0,2,0,15,3,3,41.76589557,-87.59332197,POINT (-87.593321971607 41.765895572591)
7159f372db991e9e75c18e867a111e009c5a9231416a6460c4dd2bd48d0c251308d1b34ad7479cf8983cbbe1fa6fc9b0556a0409ee42e38e4f92c60c8198c1b2,JE151618,,2/25/2021 7:10,30,TRAFFIC SIGNAL,FUNCTIONING PROPERLY,CLEAR,DAYLIGHT,TURNING,FOUR WAY,,STRAIGHT AND LEVEL,DRY,NO DEFECTS,,INJURY AND / OR TOW DUE TO CRASH,Y,,,"OVER $1,500",2/25/2021 7:30,FAILING TO REDUCE SPEED TO AVOID CRASH,NOT APPLICABLE,2000,W,FULLERTON AVE,1432,,,,,,,2,NO INDICATION OF INJURY,0,0,0,0,0,3,0,7,5,2,41.92513494,-87.67796355,POINT (-87.677963545538 41.925134943749)
790f73e4ba35e6df7a5f0d9a185f625b47342915588a74d4410877b6b197bf48d3e2a3a414dc11361b7dc9b8c834bf39b84f5efae06acc1f7feb159024198c2e,JF184802,,3/23/2022 20:30,30,PEDESTRIAN CROSSING SIGN,FUNCTIONING PROPERLY,RAIN,"DARKNESS, LIGHTED ROAD",SIDESWIPE SAME DIRECTION,DIVIDED - W/MEDIAN (NOT RAISED),,STRAIGHT AND LEVEL,WET,NO DEFECTS,NOT ON SCENE (DESK REPORT),NO INJURY / DRIVE AWAY,,,Y,"OVER $1,500",3/24/2022 10:30,IMPROPER OVERTAKING/PASSING,IMPROPER LANE USAGE,3606,W,47TH ST,821,,,,,,,2,NO INDICATION OF INJURY,0,0,0,0,0,2,0,20,4,3,41.80809777,-87.71429136,POINT (-87.714291357145 41.808097772378)
47de6dbd71f8a56bdbe6ef5903b1b66fe87797e1bee7e2adc3e752d7ff101b1e5d0ef2583e381ec55f963218d186f805e10cb370df509a1654716e7235229045,JF184890,,3/24/2022 10:30,30,STOP SIGN/FLASHER,FUNCTIONING PROPERLY,RAIN,DAYLIGHT,TURNING,T-INTERSECTION,,STRAIGHT AND LEVEL,WET,NO DEFECTS,ON SCENE,INJURY AND / OR TOW DUE TO CRASH,Y,,,"OVER $1,500",3/24/2022 10:44,FAILING TO YIELD RIGHT-OF-WAY,UNABLE TO DETERMINE,4611,S,WESTERN BLVD,924,,,,,,,2,NONINCAPACITATING INJURY,5,0,0,2,3,0,0,10,5,3,41.80974814,-87.68375583,POINT (-87.683755833545 41.809748138361)
1f1c8877a05e4bafa994027bca63cba5ae98b4aaf06c73efd1b8c3cf87d61ed0c2d97e8f03025f3dd7d928b7e69cb62713d8b10aaf001954821e52fca54c41bb,JF186289,,3/25/2022 13:33,30,TRAFFIC SIGNAL,FUNCTIONING PROPERLY,RAIN,DAYLIGHT,REAR TO FRONT,ONE-WAY,,STRAIGHT AND LEVEL,WET,NO DEFECTS,NOT ON SCENE (DESK REPORT),NO INJURY / DRIVE AWAY,Y,,Y,"OVER $1,500",3/25/2022 15:00,IMPROPER BACKING,NOT APPLICABLE,1753,W,LUNT AVE,2424,,,,,,,2,NO INDICATION OF INJURY,0,0,0,0,0,2,0,13,6,3,42.00886968,-87.67433435,POINT (-87.674334352473 42.008869677056)
8e94eab64500a89de5af201d89266e72b65c3e2590ef525ba08010955960d2050e281fa8dd4316d58b1cf8a5d381b325e96a6d50b2afb996816d49a13f9a5703,JF180849,,3/20/2022 18:30,20,NO CONTROLS,NO CONTROLS,CLEAR,DAYLIGHT,SIDESWIPE SAME DIRECTION,ONE-WAY,,STRAIGHT AND LEVEL,DRY,UNKNOWN,ON SCENE,NO INJURY / DRIVE AWAY,,,Y,$500 OR LESS,3/20/2022 18:30,DRIVING SKILLS/KNOWLEDGE/EXPERIENCE,NOT APPLICABLE,800,W,BUCKINGHAM PL,1924,,,,,,,2,NO INDICATION OF INJURY,0,0,0,0,0,3,0,18,1,3,41.94281678,-87.64953146,POINT (-87.649531458687 41.94281677847)
74f4021f64c0d3d6cb70421295d91b75e8e1b7403f198312e3d1a1a988782594483f98a79ace862585c5ac6e1604984ad269ad16e2b3032db6175ea0c335938e,JF185828,,3/25/2022 7:50,30,STOP SIGN/FLASHER,FUNCTIONING PROPERLY,CLOUDY/OVERCAST,DAYLIGHT,ANGLE,FOUR WAY,,STRAIGHT AND LEVEL,WET,NO DEFECTS,NOT ON SCENE (DESK REPORT),NO INJURY / DRIVE AWAY,Y,,,"OVER $1,500",3/25/2022 8:40,FAILING TO YIELD RIGHT-OF-WAY,UNABLE TO DETERMINE,100,N,KENTON AVE,1113,,,,,,,2,NO INDICATION OF INJURY,0,0,0,0,0,3,0,7,6,3,41.88193432,-87.74029872,POINT (-87.74029872021 41.881934320779)
b80659d1d2bc03dca4b91a906028cb6f30db31f0d5bd5901f6f01ec2d408c727ffd1f5d4b291b1093d450f038dc977eda573f5396a12a4dc34bf71ef01dbe466,JF186177,,3/25/2022 13:00,35,TRAFFIC SIGNAL,FUNCTIONING PROPERLY,CLEAR,DAYLIGHT,TURNING,T-INTERSECTION,,STRAIGHT AND LEVEL,DRY,NO DEFECTS,ON SCENE,INJURY AND / OR TOW DUE TO CRASH,Y,,Y,"$501 - $1,500",3/25/2022 13:06,IMPROPER LANE USAGE,DISREGARDING TRAFFIC SIGNALS,11901,S,ASHLAND AVE,524,,,,,,,2,"REPORTED, NOT EVIDENT",1,0,0,0,1,2,0,13,6,3,41.67743887,-87.66123603,POINT (-87.661236027425 41.677438869926)
47c78a32cc7002475971ce3f5128acafe8ba65ff3c71e9f4e8cc093953836433e26c9248f59b36a0f7a8feedad0a26d14a340f4811d3f0862345917853906f9a,JF186101,,3/25/2022 12:02,25,NO CONTROLS,NO CONTROLS,CLEAR,DAYLIGHT,SIDESWIPE SAME DIRECTION,FOUR WAY,,STRAIGHT AND LEVEL,DRY,NO DEFECTS,ON SCENE,NO INJURY / DRIVE AWAY,,,Y,$500 OR LESS,3/25/2022 12:02,UNABLE TO DETERMINE,NOT APPLICABLE,152,N,MICHIGAN AVE,111,,,,,,,2,NO INDICATION OF INJURY,0,0,0,0,0,2,0,12,6,3,41.88457903,-87.62460473,POINT (-87.624604727203 41.884579033084)
d4ec4d27aabbca02dae8a99e6d2e30773bdeef082b488fffe468fc06df0d3dc4cc7ab78e3170d10e73057d058110247b1055bc07f6dd93e686f1e764cb4aa8b8,JF184786,,3/19/2022 13:43,30,NO CONTROLS,NO CONTROLS,CLEAR,DAYLIGHT,SIDESWIPE SAME DIRECTION,DIVIDED - W/MEDIAN (NOT RAISED),,STRAIGHT AND LEVEL,DRY,NO DEFECTS,NOT ON SCENE (DESK REPORT),NO INJURY / DRIVE AWAY,,,Y,"OVER $1,500",3/24/2022 10:00,FAILING TO YIELD RIGHT-OF-WAY,FAILING TO YIELD RIGHT-OF-WAY,9500,S,HALSTED ST,2223,,,,,,,2,NO INDICATION OF INJURY,0,0,0,0,0,2,0,13,7,3,41.72136506,-87.64335804,POINT (-87.643358042341 41.721365060783)
58aa28428cd5b5d5903a71f24d644e10ebf2c15fb9d08f33a8cbcb1cb229b383dc1326ef0517e537fff463b35f45cea22a84aca1f6e00afda18302e18b38ca4f,JF186725,,3/25/2022 20:40,30,TRAFFIC SIGNAL,FUNCTIONING PROPERLY,CLEAR,"DARKNESS, LIGHTED ROAD",TURNING,NOT DIVIDED,,STRAIGHT AND LEVEL,DRY,UNKNOWN,NOT ON SCENE (DESK REPORT),NO INJURY / DRIVE AWAY,,,,"OVER $1,500",3/25/2022 21:00,UNABLE TO DETERMINE,UNABLE TO DETERMINE,1598,W,63RD ST,713,,,,,,,2,NO INDICATION OF INJURY,0,0,0,0,0,2,0,20,6,3,41.77957754,-87.66417107,POINT (-87.66417107272 41.779577543722)
61abb6f36270e2feb119b6e2520aaeab2b508a9a65bcedf496d21e7a05ea514489d2006a59c9b0d59ea7a74ab07663f14e9354b2944a72a8fd581353dc58a762,JF186767,,3/25/2022 22:30,30,TRAFFIC SIGNAL,FUNCTIONING PROPERLY,CLEAR,"DARKNESS, LIGHTED ROAD",REAR END,RAMP,,STRAIGHT AND LEVEL,DRY,UNKNOWN,NOT ON SCENE (DESK REPORT),NO INJURY / DRIVE AWAY,,,Y,"$501 - $1,500",3/25/2022 23:20,UNABLE TO DETERMINE,UNABLE TO DETERMINE,5134,W,LEXINGTON ST,1533,,,,,,,2,NO INDICATION OF INJURY,0,0,0,0,0,2,0,22,6,3,41.87115448,-87.7546512,POINT (-87.754651198423 41.871154479485)
a706dec8241f891c50468426f2cc2d2eba88aa22ca1d7b0ac7803194d8ddf55c02ce59ce1a112778d587c5a45a354d4ef747f80f178165f224c03f39ebe928f1,JF184864,,3/23/2022 17:00,20,TRAFFIC SIGNAL,FUNCTIONING PROPERLY,RAIN,DAYLIGHT,REAR END,DIVIDED - W/MEDIAN (NOT RAISED),,STRAIGHT AND LEVEL,WET,NO DEFECTS,NOT ON SCENE (DESK REPORT),INJURY AND / OR TOW DUE TO CRASH,,,,"$501 - $1,500",3/24/2022 11:00,UNABLE TO DETERMINE,NOT APPLICABLE,5400,W,CHICAGO AVE,1524,,,,,,,2,"REPORTED, NOT EVIDENT",1,0,0,0,1,1,0,17,4,3,41.89499946,-87.76071912,POINT (-87.760719120668 41.894999462566)
29becd15319733670c7bc830644272eeb84f93c16a3e84a9ab6476b19fc7a2544d36761b3f8e62e55d9bcd95b2dd08a7e25446ec26dbc2be39784ee8cd7bd9ba,JF186351,,3/24/2022 17:30,30,NO CONTROLS,NO CONTROLS,CLEAR,DAYLIGHT,PEDALCYCLIST,DIVIDED - W/MEDIAN (NOT RAISED),,STRAIGHT AND LEVEL,DRY,NO DEFECTS,NOT ON SCENE (DESK REPORT),NO INJURY / DRIVE AWAY,,,,"OVER $1,500",3/25/2022 15:30,UNABLE TO DETERMINE,UNABLE TO DETERMINE,3034,N,PULASKI RD,2523,,,,,,,2,NO INDICATION OF INJURY,0,0,0,0,0,2,0,17,5,3,41.93645758,-87.72725654,POINT (-87.727256534862 41.936457578192)
180c2c9bc0d215aa411c5bffa13216948df66478ac97a90340c9697f690e1b3f0d9b97c057da4feae8950b3baa98ac0a864039b59461ba21994ab83f0a8831db,JF186381,,3/25/2022 15:49,30,UNKNOWN,UNKNOWN,CLOUDY/OVERCAST,DAYLIGHT,ANGLE,FOUR WAY,,STRAIGHT AND LEVEL,DRY,UNKNOWN,ON SCENE,INJURY AND / OR TOW DUE TO CRASH,Y,,Y,"OVER $1,500",3/25/2022 15:55,FAILING TO YIELD RIGHT-OF-WAY,FAILING TO YIELD RIGHT-OF-WAY,6300,S,LAFLIN ST,725,,,,,,,3,NO INDICATION OF INJURY,0,0,0,0,0,3,0,15,6,3,41.77941293,-87.66192513,POINT (-87.661925131424 41.779412925817)
3a2d392e4165b9a7589950051948d178bbe978c1205a8eddb37eb1b3a75ca10226d37a1622008e11236e43c2147b6d3ab4412a3e71dae0ee3b14ad307fcc1f6e,JF186489,Y,3/25/2022 3:00,30,NO CONTROLS,NO CONTROLS,UNKNOWN,UNKNOWN,PARKED MOTOR VEHICLE,DIVIDED - W/MEDIAN BARRIER,,STRAIGHT AND LEVEL,UNKNOWN,NO DEFECTS,ON SCENE,NO INJURY / DRIVE AWAY,,,Y,"OVER $1,500",3/25/2022 16:59,UNABLE TO DETERMINE,UNABLE TO DETERMINE,3517,S,DR MARTIN LUTHER KING JR DR,212,,,,,,,2,NO INDICATION OF INJURY,0,0,0,0,0,1,0,3,6,3,41.83049548,-87.61683784,POINT (-87.616837841455 41.830495483904)
7fa6d1aa296ac7f138d83665062adc8c09151171a42d599f97cb2996605c1911580fdb1f486904003dede01eea37446fcb5b756d8b20f7814effbe1a7f27d7b7,JF186051,,3/25/2022 10:35,30,STOP SIGN/FLASHER,FUNCTIONING PROPERLY,CLEAR,DAYLIGHT,ANGLE,FOUR WAY,,STRAIGHT AND LEVEL,DRY,NO DEFECTS,ON SCENE,INJURY AND / OR TOW DUE TO CRASH,Y,,Y,"OVER $1,500",3/25/2022 10:57,DISREGARDING STOP SIGN,FAILING TO YIELD RIGHT-OF-WAY,3500,W,58TH ST,822,,,,,,,2,NONINCAPACITATING INJURY,1,0,0,1,0,1,0,10,6,3,41.78805731,-87.71086021,POINT (-87.710860209444 41.788057304647)
890f55ca1cc563bd25f7b2093fdfe89a734f329e0e425e02dd179e8f03e96b3222d86ebdc0e29b4c79671d3175309cf9e4ea684cb6ea1d1b675b93f12bafee83,JF186562,,3/25/2022 17:20,30,STOP SIGN/FLASHER,FUNCTIONING PROPERLY,CLEAR,DAYLIGHT,ANGLE,FOUR WAY,,STRAIGHT AND LEVEL,DRY,NO DEFECTS,NOT ON SCENE (DESK REPORT),NO INJURY / DRIVE AWAY,Y,,,"OVER $1,500",3/25/2022 18:35,DISREGARDING TRAFFIC SIGNALS,FAILING TO REDUCE SPEED TO AVOID CRASH,3600,S,WESTERN AVE,911,,,,,,,3,NO INDICATION OF INJURY,0,0,0,0,0,3,0,17,6,3,41.82838159,-87.68512204,POINT (-87.685122042848 41.828381587588)