CRASH_RECORD_ID,RD_NO,CRASH_DATE_EST_I,CRASH_DATE,POSTED_SPEED_LIMIT,TRAFFIC_CONTROL_DEVICE,DEVICE_CONDITION,WEATHER_CONDITION,LIGHTING_CONDITION,FIRST_CRASH_TYPE,TRAFFICWAY_TYPE,LANE_CNT,ALIGNMENT,ROADWAY_SURFACE_COND,ROAD_DEFECT,REPORT_TYPE,CRASH_TYPE,INTERSECTION_RELATED_I,NOT_RIGHT_OF_WAY_I,HIT_AND_RUN_I,DAMAGE,DATE_POLICE_NOTIFIED,PRIM_CONTRIBUTORY_CAUSE,SEC_CONTRIBUTORY_CAUSE,STREET_NO,STREET_DIRECTION,STREET_NAME,BEAT_OF_OCCURRENCE,PHOTOS_TAKEN_I,STATEMENTS_TAKEN_I,DOORING_I,WORK_ZONE_I,WORK_ZONE_TYPE,WORKERS_PRESENT_I,NUM_UNITS,MOST_SEVERE_INJURY,INJURIES_TOTAL,INJURIES_FATAL,INJURIES_INCAPACITATING,INJURIES_NON_INCAPACITATING,INJURIES_REPORTED_NOT_EVIDENT,INJURIES_NO_INDICATION,INJURIES_UNKNOWN,CRASH_HOUR,CRASH_DAY_OF_WEEK,CRASH_MONTH,LATITUDE,LONGITUDE,LOCATION
3f6f2d29083dfaba8ecbd0a20cae6edaf8910eee4ee52b1217df444b40efa1cfd24b612b3ed5f990135a6a0da59a4583ddaf81b453204bd6865a3bffe2a5473f,JF186607,,3/25/2022 18:10,30,TRAFFIC SIGNAL,FUNCTIONING PROPERLY,RAIN,"DARKNESS, LIGHTED ROAD",REAR TO FRONT,DIVIDED - W/MEDIAN (NOT RAISED),,STRAIGHT AND LEVEL,WET,NO DEFECTS,NOT ON SCENE (DESK REPORT),NO INJURY / DRIVE AWAY,,,Y,"OVER $1,500",3/25/2022 18:10,UNABLE TO DETERMINE,UNABLE TO DETERMINE,1028,N,RUSH ST,1824,,,,,,,2,NO INDICATION OF INJURY,0,0,0,0,0,2,0,18,6,3,41.90148853,-87.62801242,POINT (-87.628012422153 41.901488534319)
ed5c84669895225be3658f9a29f75f103991b0355fd9ad4d851b7cde6eeb8be553975b4a60e08116de27dcdb623b76b3638397abd24a5f3af52ed6def1c88cf5,JF186175,,3/19/2022 22:00,30,TRAFFIC SIGNAL,FUNCTIONING PROPERLY,RAIN,DARKNESS,PARKED MOTOR VEHICLE,ONE-WAY,,STRAIGHT AND LEVEL,WET,UNKNOWN,NOT ON SCENE (DESK REPORT),NO INJURY / DRIVE AWAY,,,,"$501 - $1,500",3/25/2022 13:05,"VISION OBSCURED (SIGNS, TREE LIMBS, BUILDINGS, ETC.)",IMPROPER OVERTAKING/PASSING,2808,N,HAMLIN AVE,2523,,,,,,,2,NO INDICATION OF INJURY,0,0,0,0,0,1,0,22,7,3,41.93216673,-87.72223799,POINT (-87.722237985915 41.932166728218)
5f99bcd4a27ac2c802cd35e2f8572e92b97d90e491f5a66c9a3c4ea27dd73281243b9952b2c3791ae2d39a3ff0fcb5a6d3c4ecab87f8678a55798aae5f129212,JF185838,,3/25/2022 8:15,30,NO CONTROLS,NO CONTROLS,SNOW,DAYLIGHT,SIDESWIPE SAME DIRECTION,DIVIDED - W/MEDIAN (NOT RAISED),,STRAIGHT AND LEVEL,DRY,NO DEFECTS,NOT ON SCENE (DESK REPORT),NO INJURY / DRIVE AWAY,,,,"$501 - $1,500",3/25/2022 8:15,UNABLE TO DETERMINE,UNABLE TO DETERMINE,11582,S,MICHIGAN AVE,532,,,,,,,2,NO INDICATION OF INJURY,0,0,0,0,0,2,0,8,6,3,41.68291755,-87.62081633,POINT (-87.620816330972 41.682917552462)
51cef768c89bb070e2edd161c04d952675a7d95df31e9253fd56f9bbb86c19ab5e685e2483ebdc90ac981f8b97d202b6299cb3418a4910844b32bef404338b2c,JF184746,,3/24/2022 8:30,30,TRAFFIC SIGNAL,FUNCTIONING PROPERLY,CLEAR,DAYLIGHT,SIDESWIPE OPPOSITE DIRECTION,DIVIDED - W/MEDIAN (NOT RAISED),,STRAIGHT AND LEVEL,WET,NO DEFECTS,NOT ON SCENE (DESK REPORT),INJURY AND / OR TOW DUE TO CRASH,Y,,,"$501 - $1,500",3/24/2022 9:30,UNABLE TO DETERMINE,UNABLE TO DETERMINE,100,E,115TH ST,531,,,,,,,2,"REPORTED, NOT EVIDENT",1,0,0,0,1,1,0,8,5,3,41.68545666,-87.62066788,POINT (-87.62066788318 41.685456664265)
21275017b1ac33878e35311a87a831e2cc3b0d73d41981626013b6192f2b4e5b6c5cbdaf5ef0281eafbdc59056eee30a3620eb7541ad802ff0baea7dd3837a9d,JF185852,Y,3/25/2022 4:00,30,NO CONTROLS,NO CONTROLS,CLEAR,DARKNESS,PARKED MOTOR VEHICLE,NOT DIVIDED,,STRAIGHT AND LEVEL,DRY,NO DEFECTS,ON SCENE,INJURY AND / OR TOW DUE TO CRASH,,,Y,"OVER $1,500",3/25/2022 8:06,UNABLE TO DETERMINE,NOT APPLICABLE,1743,N,SEDGWICK ST,1814,,,,,,,7,NO INDICATION OF INJURY,0,0,0,0,0,1,0,4,6,3,41.91409566,-87.63853747,POINT (-87.638537472642 41.914095655028)
4380fac2b5a328e14addb00f2eb7f9d62cb28e056676d4c2eb143ae523ed0e5db63d4580c90e3c43fb9a2df6dd616e0aef024c62993340a92e279a06d8469d14,JF185295,Y,3/24/2022 14:30,20,NO CONTROLS,NO CONTROLS,RAIN,DAYLIGHT,PARKED MOTOR VEHICLE,ONE-WAY,,STRAIGHT AND LEVEL,WET,NO DEFECTS,ON SCENE,NO INJURY / DRIVE AWAY,,,Y,"$501 - $1,500",3/24/2022 16:51,UNABLE TO DETERMINE,UNABLE TO DETERMINE,8149,S,STATE ST,631,,,,,,,2,NO INDICATION OF INJURY,0,0,0,0,0,1,0,14,5,3,41.74585412,-87.62424345,POINT (-87.624243451684 41.745854119952)
1b089946e2e18fd0978b613675c76d3d1ac8490e0172a4390946bbd35f870a4414e1f0d8d77e93364df1120dbabdc58875c0ec819f45f0d967d4359811e2c9f0,JF186637,,3/25/2022 19:30,10,NO CONTROLS,NO CONTROLS,CLEAR,"DARKNESS, LIGHTED ROAD",PARKED MOTOR VEHICLE,PARKING LOT,,STRAIGHT AND LEVEL,DRY,NO DEFECTS,ON SCENE,NO INJURY / DRIVE AWAY,,Y,,"OVER $1,500",3/25/2022 19:50,UNABLE TO DETERMINE,UNABLE TO DETERMINE,2558,S,ALBANY AVE,1033,,,,,,,2,NO INDICATION OF INJURY,0,0,0,0,0,3,0,19,6,3,41.84464039,-87.70273311,POINT (-87.702733105879 41.844640392695)
333437e5d862419154c01b6583c662385867e7efc8faf88959c5ec0340030976819fe3f7d535ab49248db14e89d438c2855b887d83c70ace161f5e299af6726f,JF185739,,3/25/2022 5:47,30,UNKNOWN,UNKNOWN,CLEAR,"DARKNESS, LIGHTED ROAD",PARKED MOTOR VEHICLE,ALLEY,,STRAIGHT AND LEVEL,WET,NO DEFECTS,ON SCENE,NO INJURY / DRIVE AWAY,,,,$500 OR LESS,3/25/2022 6:03,UNABLE TO DETERMINE,NOT APPLICABLE,1149,N,LECLAIRE AVE,1531,,,,,,,2,NO INDICATION OF INJURY,0,0,0,0,0,1,0,5,6,3,41.90190068,-87.75316957,POINT (-87.753169574431 41.901900677858)
4effe9cd6d7f79609879a2339fbc026ff45699c3f591b52b7e658627b9983cfadd85a0ba7e0a9c76c407cf1a9ce3d28758c2429ed5de7fb70bf27a747e63eaf9,JF186455,,3/25/2022 12:00,30,TRAFFIC SIGNAL,FUNCTIONING PROPERLY,CLEAR,DAYLIGHT,REAR END,NOT DIVIDED,,STRAIGHT AND LEVEL,DRY,NO DEFECTS,NOT ON SCENE (DESK REPORT),INJURY AND / OR TOW DUE TO CRASH,,,Y,"OVER $1,500",3/25/2022 17:00,UNABLE TO DETERMINE,NOT APPLICABLE,1004,N,WESTERN AVE,1212,,,,,,,2,"REPORTED, NOT EVIDENT",1,0,0,0,1,1,0,12,6,3,41.89955989,-87.6870888,POINT (-87.687088796131 41.899559894402)
2eb5892147550f354a5dc5560504f419e9846e24098ba34a93570015ce0a7b560b27fb36c2b5c4bbcf5945e540ede06114f8028b1069afbb4051dcf2bbb906a2,JF183061,,3/22/2022 17:44,25,NO CONTROLS,NO CONTROLS,CLEAR,DAYLIGHT,REAR TO REAR,PARKING LOT,,STRAIGHT AND LEVEL,DRY,NO DEFECTS,ON SCENE,NO INJURY / DRIVE AWAY,,Y,,$500 OR LESS,3/22/2022 17:45,UNABLE TO DETERMINE,UNABLE TO DETERMINE,1600,N,KILBOURN AVE,2533,,,,,,,2,NO INDICATION OF INJURY,0,0,0,0,0,2,0,17,3,3,41.90978198,-87.73869577,POINT (-87.738695765014 41.909781978285)
9025556548184ac678ef52af439de67345f5cde3c15306e7b79b2c651c1c949ca4bc53d3e63442755202985ef63bf63428dfbabb82f5839433358a32033296a3,JF185116,,3/17/2022 15:54,30,TRAFFIC SIGNAL,FUNCTIONING PROPERLY,UNKNOWN,DAYLIGHT,REAR TO FRONT,NOT DIVIDED,,STRAIGHT AND LEVEL,UNKNOWN,UNKNOWN,NOT ON SCENE (DESK REPORT),NO INJURY / DRIVE AWAY,,,,"OVER $1,500",3/24/2022 15:00,UNABLE TO DETERMINE,UNABLE TO DETERMINE,6200,S,MICHIGAN AVE,311,,,,,,,2,NO INDICATION OF INJURY,0,0,0,0,0,2,0,15,5,3,41.78180649,-87.62238385,POINT (-87.622383847478 41.781806485937)
70ed744c6f06a8365b278b8a60457c188240e77a28c29b508a7c63288e356adc3da563720f7ad69cee918ed6e67244ad94a19704f8e9cb426639a6126074100a,JF185454,,3/24/2022 17:00,30,STOP SIGN/FLASHER,FUNCTIONING PROPERLY,RAIN,DAWN,REAR END,NOT DIVIDED,,STRAIGHT AND LEVEL,WET,NO DEFECTS,NOT ON SCENE (DESK REPORT),NO INJURY / DRIVE AWAY,,,Y,"OVER $1,500",3/24/2022 19:16,NOT APPLICABLE,NOT APPLICABLE,3949,W,71ST ST,833,,,,,,,3,NO INDICATION OF INJURY,0,0,0,0,0,4,0,17,5,3,41.76399367,-87.72208036,POINT (-87.722080363682 41.763993664614)
b1a0c55de0283f3d030d35976995cb69cd8106e06deaffdcfda7d31d5df990005e1715763048e7dcc0f74edfeb4a3f2b6a42e31a898aa94e8944cf0c10312dd4,JF186169,,3/25/2022 12:35,5,STOP SIGN/FLASHER,FUNCTIONING PROPERLY,RAIN,DAYLIGHT,TURNING,PARKING LOT,,STRAIGHT AND LEVEL,WET,NO DEFECTS,ON SCENE,INJURY AND / OR TOW DUE TO CRASH,,,,"OVER $1,500",3/25/2022 12:38,IMPROPER TURNING/NO SIGNAL,FAILING TO REDUCE SPEED TO AVOID CRASH,1763,W,HOWARD ST,2422,,,,,,,2,NO INDICATION OF INJURY,0,0,0,0,0,2,0,12,6,3,42.01928855,-87.67505851,POINT (-87.675058509388 42.019288550088)
c7d8c3a7ad09e8b2099b47ec3992d72aad5a7c450c0d78eaaaafdcc9023574072e9b731324ef9f8f8a3dee0c96788d020780fe9830837ea64e5fdf8b87ddbdcd,JF186538,,3/25/2022 17:38,30,TRAFFIC SIGNAL,FUNCTIONING PROPERLY,FREEZING RAIN/DRIZZLE,DAYLIGHT,REAR END,DIVIDED - W/MEDIAN (NOT RAISED),,STRAIGHT AND LEVEL,WET,NO DEFECTS,ON SCENE,NO INJURY / DRIVE AWAY,,,,"OVER $1,500",3/25/2022 17:38,FOLLOWING TOO CLOSELY,NOT APPLICABLE,299,S,LAKE SHORE DR NB,114,,,,,,,2,NO INDICATION OF INJURY,0,0,0,0,0,2,0,17,6,3,41.87844452,-87.61705509,POINT (-87.617055092582 41.878444515253)
f6530ba62b5c98c25065dae4779f0303b6a201c5735a9c0c9b99731c003071096f61d3b3098e923f696e6e4eff7e612bf9edfe466e83ad65f4b978ca35cd18c1,JF186366,,3/25/2022 15:22,20,NO CONTROLS,NO CONTROLS,CLEAR,DAYLIGHT,PEDALCYCLIST,NOT DIVIDED,,STRAIGHT AND LEVEL,DRY,NO DEFECTS,ON SCENE,INJURY AND / OR TOW DUE TO CRASH,,,,$500 OR LESS,3/25/2022 15:24,UNABLE TO DETERMINE,NOT APPLICABLE,6638,N,GLENWOOD AVE,2432,,,Y,,,,2,INCAPACITATING INJURY,1,0,1,0,0,0,0,15,6,3,42.00294371,-87.66580801,POINT (-87.665808007454 42.002943707781)
cfeb9ad21d90905df1c4c6d26305cf668564f27bb993def06644e76eebc7a095c7d72541dd490cbf6a9914f3372fbd1b83df8328a0b379b5b3264ef6db3d4a39,JF170427,Y,3/11/2022 12:15,30,NO CONTROLS,NO CONTROLS,CLEAR,DAYLIGHT,SIDESWIPE SAME DIRECTION,ONE-WAY,,STRAIGHT AND LEVEL,DRY,NO DEFECTS,NOT ON SCENE (DESK REPORT),NO INJURY / DRIVE AWAY,,,,"OVER $1,500",3/11/2022 12:55,UNABLE TO DETERMINE,NOT APPLICABLE,3,W,TERMINAL ST,1653,,,,,,,2,NO INDICATION OF INJURY,0,0,0,0,0,2,0,12,6,3,,,
7679ffc98cda2b8cb375b827c07cd09695ee3a8a2b1f349acc326d5c5802372dd42a58b0ac1cbabc12f3342a20a5cd5d1d35683ad7caa39cd07b8d12c6364746,JF185512,,3/24/2022 19:40,30,NO CONTROLS,NO CONTROLS,RAIN,"DARKNESS, LIGHTED ROAD",HEAD ON,NOT DIVIDED,,STRAIGHT AND LEVEL,WET,NO DEFECTS,ON SCENE,INJURY AND / OR TOW DUE TO CRASH,,,,"OVER $1,500",3/24/2022 19:49,UNABLE TO DETERMINE,NOT APPLICABLE,4209,S,KEDZIE AVE,921,,,,,,,2,NO INDICATION OF INJURY,0,0,0,0,0,2,0,19,5,3,41.81688697,-87.70417352,POINT (-87.704173517398 41.816886970873)
4b6b7fb257be9d36c8728df14d4fae27be740c984f34937badbe2d8a526af309e21d6c6485aba2a479cb1311db186554de9a3cfa603294c3bc4c9bff74066380,JF184352,,3/21/2022 8:10,30,NO CONTROLS,NO CONTROLS,CLEAR,DAYLIGHT,PARKED MOTOR VEHICLE,ONE-WAY,,STRAIGHT AND LEVEL,DRY,NO DEFECTS,NOT ON SCENE (DESK REPORT),NO INJURY / DRIVE AWAY,,,Y,"OVER $1,500",3/21/2022 11:35,"OPERATING VEHICLE IN ERRATIC, RECKLESS, CARELESS, NEGLIGENT OR AGGRESSIVE MANNER","OPERATING VEHICLE IN ERRATIC, RECKLESS, CARELESS, NEGLIGENT OR AGGRESSIVE MANNER",7721,S,EGGLESTON AVE,621,,,,,,,2,,,,,,,,,8,2,3,41.75373209,-87.63544529,POINT (-87.635445291392 41.753732090841)
587ad3803a393e82455bbf2c821fffc30701c09c9efd212ff2d90e37284a2c1bd0a18fd1c1aca005b7e3ba1c3c010b2ab29c636d25e85e631127042406215a1e,JF186770,,3/25/2022 22:51,15,NO CONTROLS,NO CONTROLS,CLEAR,"DARKNESS, LIGHTED ROAD",HEAD ON,PARKING LOT,,STRAIGHT AND LEVEL,DRY,NO DEFECTS,ON SCENE,INJURY AND / OR TOW DUE TO CRASH,,Y,,"OVER $1,500",3/25/2022 23:06,PHYSICAL CONDITION OF DRIVER,IMPROPER OVERTAKING/PASSING,6700,S,JEFFERY BLVD,332,,,,,,,2,NO INDICATION OF INJURY,0,0,0,0,0,3,0,22,6,3,41.77336841,-87.57663855,POINT (-87.576638552177 41.773368408547)
f9bc8d9ad4c3cd79237b26a5e5d6df06b724637c8f8e8609e604aeacedbf680d6b1ede39e3bd2982e1a2c40f9885ce78a8fa58ea33d4c6d33a7f7e370e76d839,JF186817,,3/26/2022 0:05,35,TRAFFIC SIGNAL,FUNCTIONING PROPERLY,CLEAR,"DARKNESS, LIGHTED ROAD",TURNING,NOT DIVIDED,,STRAIGHT AND LEVEL,DRY,NO DEFECTS,NOT ON SCENE (DESK REPORT),NO INJURY / DRIVE AWAY,Y,,Y,"OVER $1,500",3/26/2022 1:00,UNABLE TO DETERMINE,NOT APPLICABLE,152,W,DIVISION ST,1821,,,,,,,2,NO INDICATION OF INJURY,0,0,0,0,0,2,0,0,7,3,41.90397831,-87.63349596,POINT (-87.633495962323 41.903978312273)
95f6d5143545266b9d69c8e95782138027031184257494e0184228412ce7c9eeb1aaa3a5d889be2354b2b8aba504bc5b731ad4d4208149f968764053ca561fb6,JF185603,,3/24/2022 22:18,30,STOP SIGN/FLASHER,FUNCTIONING PROPERLY,RAIN,"DARKNESS, LIGHTED ROAD",TURNING,FOUR WAY,,STRAIGHT AND LEVEL,WET,NO DEFECTS,ON SCENE,INJURY AND / OR TOW DUE TO CRASH,Y,,Y,"OVER $1,500",3/24/2022 22:20,FAILING TO YIELD RIGHT-OF-WAY,WEATHER,7700,S,EXCHANGE AVE,421,,,,,,,2,NO INDICATION OF INJURY,0,0,0,0,0,4,0,22,5,3,41.75537727,-87.55647972,POINT (-87.556479718716 41.755377272669)
272c4369a6354d6fd2e06ce23ec8f9c2a88c17766a97cc0d591c4eb3c7884c95b44495f1bdb13e0b91d3821856822bde97dc1ac3830ae5b394e21ecdb20cbffd,JF186766,,3/25/2022 22:08,30,NO CONTROLS,NO CONTROLS,CLEAR,"DARKNESS, LIGHTED ROAD",SIDESWIPE SAME DIRECTION,NOT DIVIDED,,STRAIGHT AND LEVEL,DRY,UNKNOWN,NOT ON SCENE (DESK REPORT),NO INJURY / DRIVE AWAY,,,,"OVER $1,500",3/25/2022 23:05,UNABLE TO DETERMINE,UNABLE TO DETERMINE,147,N,PEORIA ST,1224,,,,,,,2,NO INDICATION OF INJURY,0,0,0,0,0,2,0,22,6,3,41.88442576,-87.64962618,POINT (-87.649626183903 41.884425762919)
17d70003cf49b2f19c4b10e036b6f9b2e7ea573a45f27c28793119dcc9253f87b62b0aa616b7b456c4abb7a46900fda42b103ba4df8b8cc44e65cbc3a2024669,JF183581,,3/23/2022 9:05,30,NO CONTROLS,NO CONTROLS,CLEAR,DAYLIGHT,FIXED OBJECT,DIVIDED - W/MEDIAN BARRIER,,STRAIGHT AND LEVEL,WET,NO DEFECTS,ON SCENE,NO INJURY / DRIVE AWAY,,,,"OVER $1,500",3/23/2022 9:44,UNABLE TO DETERMINE,NOT APPLICABLE,3917,S,WESTERN BLVD,924,,,,,,,1,NO INDICATION OF INJURY,0,0,0,0,0,1,0,9,4,3,41.8225049,-87.68408894,POINT (-87.684088941132 41.822504904219)
a9dba0e0cc5caffca36d3dc3a40886be8663cb8a12bc9e41be7b2b4b40c575cc26ec326e04d7c0edb5dde08da5eaf407417e6bc11a8d3bbe479a7e5b6fcb3066,JF181229,,3/21/2022 9:37,30,TRAFFIC SIGNAL,FUNCTIONING PROPERLY,CLEAR,DAYLIGHT,SIDESWIPE SAME DIRECTION,NOT DIVIDED,,STRAIGHT AND LEVEL,DRY,NO DEFECTS,ON SCENE,NO INJURY / DRIVE AWAY,,,,"OVER $1,500",3/21/2022 10:01,UNABLE TO DETERMINE,UNABLE TO DETERMINE,719,S,CICERO AVE,1131,,,,,,,2,NO INDICATION OF INJURY,0,0,0,0,0,2,0,9,2,3,41.87145944,-87.74478084,POINT (-87.744780839548 41.871459440144)
2b508e6555c5f5ff6499912b4c04a310f39d10809fbda766d477fb92408d34b0272c4c379b1676ea69fcdedc5cbcb814cf16af829f264ec837b53310c2304741,JF185352,,3/24/2022 17:10,30,TRAFFIC SIGNAL,FUNCTIONING PROPERLY,RAIN,UNKNOWN,TURNING,UNKNOWN INTERSECTION TYPE,,STRAIGHT AND LEVEL,WET,NO DEFECTS,ON SCENE,NO INJURY / DRIVE AWAY,,,,"OVER $1,500",3/24/2022 17:45,IMPROPER TURNING/NO SIGNAL,NOT APPLICABLE,4000,W,87TH ST,834,,,,,,,2,NO INDICATION OF INJURY,0,0,0,0,0,2,0,17,5,3,41.73496838,-87.7215025,POINT (-87.721502496527 41.73496837587)
3922a4dd6aa6b0bde4a34a96cfc27c38668b8cfa19561351c3dd36f7bd78fc4819626e9aebddbf42fff81110d9176c09c497c9c9e8f1aa073db8a3dfa4654f1e,JF186665,,3/25/2022 19:30,30,NO CONTROLS,NO CONTROLS,CLEAR,"DARKNESS, LIGHTED ROAD",REAR END,NOT DIVIDED,,STRAIGHT AND LEVEL,DRY,NO DEFECTS,NOT ON SCENE (DESK REPORT),NO INJURY / DRIVE AWAY,,,,"$501 - $1,500",3/25/2022 20:00,UNABLE TO DETERMINE,NOT APPLICABLE,12000,S,MICHIGAN AVE,532,,,,,,,2,NO INDICATION OF INJURY,0,0,0,0,0,2,0,19,6,3,41.67618407,-87.62060308,POINT (-87.620603077426 41.676184069855)
69a1432bfb22087e61efeb21396c1168093b5dbcc46a37315ba09904f4df25fb3f855ac6ed6d9cc0277596016769089100456b929b87684c75478a6e6d45d162,JF186250,,3/25/2022 13:30,30,NO CONTROLS,NO CONTROLS,CLEAR,DAYLIGHT,REAR END,DIVIDED - W/MEDIAN (NOT RAISED),,STRAIGHT AND LEVEL,DRY,UNKNOWN,NOT ON SCENE (DESK REPORT),NO INJURY / DRIVE AWAY,,,,"OVER $1,500",3/25/2022 14:15,FOLLOWING TOO CLOSELY,FAILING TO REDUCE SPEED TO AVOID CRASH,3832,W,LAWRENCE AVE,1712,,,,,,,2,NO INDICATION OF INJURY,0,0,0,0,0,2,0,13,6,3,41.96838972,-87.72452573,POINT (-87.724525725802 41.968389721175)
3e1bba1f11f352f36cd692ddc5b64049f4e3b92feb636eeff4e5946d5093f7635576c661024270a6bada9da22e119a45b3cef5b7686d077ca8b421870bcb6d41,JF186370,,3/24/2022 6:00,30,NO CONTROLS,NO CONTROLS,RAIN,DAWN,ANGLE,NOT DIVIDED,,STRAIGHT AND LEVEL,WET,NO DEFECTS,NOT ON SCENE (DESK REPORT),NO INJURY / DRIVE AWAY,Y,,Y,"OVER $1,500",3/25/2022 15:50,DISREGARDING STOP SIGN,NOT APPLICABLE,1532,W,MARQUETTE RD,725,,,,,,,2,NO INDICATION OF INJURY,0,0,0,0,0,2,0,6,5,3,41.77232047,-87.66286241,POINT (-87.662862407369 41.772320473324)
f7741b41a6b0bcb729fda2462fbe253b40188f7aa7f688a07fb76ba372d9b3c6c310288b98dc2b5f705b0e741856359be52bb4f820942cd1f15abce2b28cc22e,JF186259,,3/21/2022 17:00,30,UNKNOWN,UNKNOWN,UNKNOWN,UNKNOWN,SIDESWIPE SAME DIRECTION,NOT DIVIDED,,STRAIGHT AND LEVEL,UNKNOWN,UNKNOWN,NOT ON SCENE (DESK REPORT),NO INJURY / DRIVE AWAY,,,,"OVER $1,500",3/25/2022 14:15,UNABLE TO DETERMINE,UNABLE TO DETERMINE,3399,N,LONG AVE,1634,,,,,,,2,NO INDICATION OF INJURY,0,0,0,0,0,2,0,17,2,3,41.9422446,-87.76156558,POINT (-87.761565576167 41.942244596836)
46f7cb5b8f3d3a71cd0512c70bd4d54718422758846fc05370d192a26808b6f5d9f2e594e2b523f53bf9914ffc46a8a8d562e641ee39fb71ac278fdbee5122b5,JF186341,,3/25/2022 6:00,30,NO CONTROLS,NO CONTROLS,CLEAR,"DARKNESS, LIGHTED ROAD",PARKED MOTOR VEHICLE,ONE-WAY,,STRAIGHT AND LEVEL,DRY,NO DEFECTS,NOT ON SCENE (DESK REPORT),NO INJURY / DRIVE AWAY,,,Y,"OVER $1,500",3/25/2022 15:20,UNABLE TO DETERMINE,UNABLE TO DETERMINE,233,S,WACKER DR,122,,,,,,,2,NO INDICATION OF INJURY,0,0,0,0,0,1,0,6,6,3,41.87856015,-87.63652387,POINT (-87.636523872055 41.878560153624)
4d5bc7217df709eaab4da1f980aab59fdb696a77ba87c27efc632dc27405076cc510dcdd8b363689cd5b51c75a158b9e25aabfd614140eef577e5b93ddd8ccda,JF186180,,3/25/2022 9:30,25,STOP SIGN/FLASHER,FUNCTIONING PROPERLY,CLEAR,DAYLIGHT,REAR END,DIVIDED - W/MEDIAN (NOT RAISED),,STRAIGHT AND LEVEL,DRY,UNKNOWN,NOT ON SCENE (DESK REPORT),NO INJURY / DRIVE AWAY,,,,"OVER $1,500",3/25/2022 13:05,UNABLE TO DETERMINE,UNABLE TO DETERMINE,2746,W,27TH ST,1034,,,,,,,2,NO INDICATION OF INJURY,0,0,0,0,0,2,0,9,6,3,41.84269435,-87.69462761,POINT (-87.694627608234 41.842694352357)
83ace84f0cf9b487f3bdb1c02bc1745d0b80fc012428b303480fc1c43b6b8a412091f50fccbf9f18f1164c9da7a5e0ca8351fc15950489563d9f5d96b060fdbe,JF185890,,3/22/2022 15:37,30,TRAFFIC SIGNAL,FUNCTIONING PROPERLY,CLEAR,DAYLIGHT,REAR END,NOT DIVIDED,,STRAIGHT AND LEVEL,DRY,NO DEFECTS,NOT ON SCENE (DESK REPORT),NO INJURY / DRIVE AWAY,Y,,,"$501 - $1,500",3/25/2022 9:12,UNABLE TO DETERMINE,UNABLE TO DETERMINE,28,E,87TH ST,632,,,,,,,2,NO INDICATION OF INJURY,0,0,0,0,0,2,0,15,3,3,41.73646911,-87.62302412,POINT (-87.623024124225 41.736469113027)
1b33ce127558e7391e6554ff93cf30296ab327aed109fd91f1296e942264b5b338688d53a8a3252277146334f7631b29592b24ca7476b5ba1b1461c95248fba5,JF186447,,3/25/2022 16:33,30,NO CONTROLS,NO CONTROLS,RAIN,DAYLIGHT,SIDESWIPE OPPOSITE DIRECTION,NOT DIVIDED,,STRAIGHT AND LEVEL,WET,NO DEFECTS,ON SCENE,NO INJURY / DRIVE AWAY,,,Y,"OVER $1,500",3/25/2022 16:37,UNABLE TO DETERMINE,NOT APPLICABLE,3699,N,KILBOURN AVE,1731,,,,,,,2,NO INDICATION OF INJURY,0,0,0,0,0,2,0,16,6,3,41.94802292,-87.74010111,POINT (-87.740101111501 41.948022920284)
2eed9964fe72e8e40e7403dddfc52e108c0b1417cab6470ff7f3cfd4f7af4670f23a14e8e29905268b399804c9ccf9cbebeccad5219f47550f5df3ba133abbce,JF185928,,3/25/2022 9:35,30,NO CONTROLS,NO CONTROLS,CLEAR,DAYLIGHT,TURNING,TRAFFIC ROUTE,,STRAIGHT AND LEVEL,WET,NO DEFECTS,ON SCENE,INJURY AND / OR TOW DUE TO CRASH,Y,,,"OVER $1,500",3/25/2022 9:36,IMPROPER TURNING/NO SIGNAL,IMPROPER LANE USAGE,7001,S,STONY ISLAND AVE,332,,,,,,,2,NO INDICATION OF INJURY,0,0,0,0,0,8,0,9,6,3,41.76779762,-87.58581992,POINT (-87.585819918232 41.767797623038)
4045378a9d5ff91cd7a3af26822ac3921d3ceccad2b8503e9b2bfa077196a9dc57924aa395f485d9dbafef2992981dfe6827fdc365dae9082650c416ece49fa7,JF185860,,3/25/2022 7:35,25,SCHOOL ZONE,NO CONTROLS,CLOUDY/OVERCAST,DAYLIGHT,TURNING,DIVIDED - W/MEDIAN (NOT RAISED),,STRAIGHT AND LEVEL,DRY,UNKNOWN,NOT ON SCENE (DESK REPORT),NO INJURY / DRIVE AWAY,,,Y,"$501 - $1,500",3/25/2022 9:00,IMPROPER TURNING/NO SIGNAL,UNABLE TO DETERMINE,8147,S,VINCENNES AVE,622,,,,,,,2,NO INDICATION OF INJURY,0,0,0,0,0,4,0,7,6,3,41.74579217,-87.63537,POINT (-87.63536999702 41.745792169991)
34053a4d40c7e1d2e1e374e166d4f451b5872d8d86188ecd79cdaf1cc9b38a03020f371d4704534639d98130ff9bf46fa0cff9126b3d58d4b283059501c2a098,JF185518,,3/24/2022 19:43,30,NO CONTROLS,NO CONTROLS,RAIN,"DARKNESS, LIGHTED ROAD",PARKED MOTOR VEHICLE,NOT DIVIDED,,STRAIGHT AND LEVEL,WET,NO DEFECTS,ON SCENE,INJURY AND / OR TOW DUE TO CRASH,,,,"OVER $1,500",3/24/2022 19:43,UNABLE TO DETERMINE,NOT APPLICABLE,3247,W,FULLERTON AVE,1413,,,,,,,2,NONINCAPACITATING INJURY,1,0,0,1,0,0,0,19,5,3,41.9245851,-87.70937539,POINT (-87.709375392053 41.924585100539)