CRASH_RECORD_ID,RD_NO,CRASH_DATE_EST_I,CRASH_DATE,POSTED_SPEED_LIMIT,TRAFFIC_CONTROL_DEVICE,DEVICE_CONDITION,WEATHER_CONDITION,LIGHTING_CONDITION,FIRST_CRASH_TYPE,TRAFFICWAY_TYPE,LANE_CNT,ALIGNMENT,ROADWAY_SURFACE_COND,ROAD_DEFECT,REPORT_TYPE,CRASH_TYPE,INTERSECTION_RELATED_I,NOT_RIGHT_OF_WAY_I,HIT_AND_RUN_I,DAMAGE,DATE_POLICE_NOTIFIED,PRIM_CONTRIBUTORY_CAUSE,SEC_CONTRIBUTORY_CAUSE,STREET_NO,STREET_DIRECTION,STREET_NAME,BEAT_OF_OCCURRENCE,PHOTOS_TAKEN_I,STATEMENTS_TAKEN_I,DOORING_I,WORK_ZONE_I,WORK_ZONE_TYPE,WORKERS_PRESENT_I,NUM_UNITS,MOST_SEVERE_INJURY,INJURIES_TOTAL,INJURIES_FATAL,INJURIES_INCAPACITATING,INJURIES_NON_INCAPACITATING,INJURIES_REPORTED_NOT_EVIDENT,INJURIES_NO_INDICATION,INJURIES_UNKNOWN,CRASH_HOUR,CRASH_DAY_OF_WEEK,CRASH_MONTH,LATITUDE,LONGITUDE,LOCATION
4a879560c705c7192aa8573345ab98310ab4ee938821d21b6805d4582b7633de1ec48f1bd625c1f491a006a69649b6e6b79e2f8d1630076322b208171f38a2d4,JF184738,,3/24/2022 9:10,30,TRAFFIC SIGNAL,FUNCTIONING PROPERLY,RAIN,DAYLIGHT,REAR TO FRONT,NOT DIVIDED,,STRAIGHT AND LEVEL,WET,NO DEFECTS,NOT ON SCENE (DESK REPORT),NO INJURY / DRIVE AWAY,,,,"OVER $1,500",3/24/2022 9:25,IMPROPER BACKING,NOT APPLICABLE,7903,S,RACINE AVE,612,,,,,,,2,NO INDICATION OF INJURY,0,0,0,0,0,2,0,9,5,3,41.75040575,-87.65358842,POINT (-87.653588421112 41.750405750331)
5581572d60dd7c1e80c9f9ce75084b90991c96a10daf48c4870ff0514aafda537ff06298f523fce1e6257b86b75491fce3da85ffcefdec82efd5ba3ca724abe0,JF186432,,3/25/2022 16:14,30,NO CONTROLS,NO CONTROLS,CLEAR,DAYLIGHT,REAR END,NOT DIVIDED,,STRAIGHT AND LEVEL,DRY,NO DEFECTS,NOT ON SCENE (DESK REPORT),NO INJURY / DRIVE AWAY,,,,"$501 - $1,500",3/25/2022 16:44,NOT APPLICABLE,NOT APPLICABLE,6300,S,FRANCISCO AVE,823,,,,,,,2,NO INDICATION OF INJURY,0,0,0,0,0,5,0,16,6,3,41.77898636,-87.69597258,POINT (-87.695972577794 41.778986357953)
8b2d3c48492c764a53a2b417e85f66ae89eadeb4b75134cd116574c55c9cd96913e34e7dae8ff06ae519cf688ac86af8d7c1b2d0be0684c3e6ee0312100b3d81,JF186435,,3/25/2022 15:20,30,TRAFFIC SIGNAL,FUNCTIONING PROPERLY,CLOUDY/OVERCAST,DAYLIGHT,TURNING,FOUR WAY,,STRAIGHT AND LEVEL,WET,NO DEFECTS,ON SCENE,INJURY AND / OR TOW DUE TO CRASH,Y,,,"OVER $1,500",3/25/2022 15:22,UNABLE TO DETERMINE,UNABLE TO DETERMINE,7600,S,STONY ISLAND AVE,411,,,,,,,2,NO INDICATION OF INJURY,0,0,0,0,0,2,0,15,6,3,41.75689717,-87.58623429,POINT (-87.58623428507 41.756897172602)
ac20d1b63c5754660a60d3805e6690636ac12463f3ea7879418dca4ca3c31d657ebcced1f277888ca1ff6c587d79ce312c87cc70da63863baa29a16befb5fefc,JF185778,,3/25/2022 1:00,30,NO CONTROLS,NO CONTROLS,UNKNOWN,"DARKNESS, LIGHTED ROAD",PARKED MOTOR VEHICLE,ONE-WAY,,STRAIGHT AND LEVEL,UNKNOWN,NO DEFECTS,NOT ON SCENE (DESK REPORT),NO INJURY / DRIVE AWAY,,,Y,"OVER $1,500",3/25/2022 7:50,UNABLE TO DETERMINE,UNABLE TO DETERMINE,3915,W,AINSLIE ST,1712,,,,,,,2,NO INDICATION OF INJURY,0,0,0,0,0,1,0,1,6,3,41.96997493,-87.72630099,POINT (-87.726300985088 41.969974925529)
bbd0d879faf98da125b0959d55d73d98d3777f3e2813ae31c95f2a6db6a1ec663bc8493bdc30f9a6dc69b9c37ccccc0f5390bf1dc5d26c5b5acd1f6540196727,JF186326,,3/25/2022 11:24,30,NO CONTROLS,NO CONTROLS,CLEAR,DAYLIGHT,PARKED MOTOR VEHICLE,NOT DIVIDED,,STRAIGHT AND LEVEL,DRY,NO DEFECTS,NOT ON SCENE (DESK REPORT),NO INJURY / DRIVE AWAY,,,Y,"$501 - $1,500",3/25/2022 15:28,UNABLE TO DETERMINE,UNABLE TO DETERMINE,1515,N,HONORE ST,1424,,,,,,,2,NO INDICATION OF INJURY,0,0,0,0,0,2,0,11,6,3,41.90896001,-87.67430087,POINT (-87.674300870466 41.908960014208)
173544a53be862c29df1005c208476f5a709642bb12b81f775b8fa4d63438f269f3b37e13db7432a2753f525506bd4c5e51406b73b044fd3517185f008d5279a,JF186264,,3/25/2022 10:42,30,NO CONTROLS,NO CONTROLS,CLEAR,DAYLIGHT,ANGLE,PARKING LOT,,STRAIGHT AND LEVEL,DRY,NO DEFECTS,NOT ON SCENE (DESK REPORT),NO INJURY / DRIVE AWAY,,Y,,"$501 - $1,500",3/25/2022 14:27,NOT APPLICABLE,NOT APPLICABLE,2801,W,59TH ST,824,,,,,,,2,NO INDICATION OF INJURY,0,0,0,0,0,2,0,10,6,3,41.78629601,-87.69365183,POINT (-87.693651826029 41.78629601441)
5d094ac3686b272e039867071153f2ce7a571110e3f3a6734f1448d88aa62c8f4606b8cfd1b674ed465ea77505d10f46e1841067acce6cbc63bc6d0ff7bef4ba,JF186597,,3/25/2022 19:01,30,UNKNOWN,UNKNOWN,CLEAR,DUSK,SIDESWIPE SAME DIRECTION,DIVIDED - W/MEDIAN (NOT RAISED),,STRAIGHT AND LEVEL,DRY,UNKNOWN,ON SCENE,NO INJURY / DRIVE AWAY,,,,"$501 - $1,500",3/25/2022 19:09,DRIVING SKILLS/KNOWLEDGE/EXPERIENCE,NOT APPLICABLE,3356,N,HALSTED ST,1924,,,,,,,2,NO INDICATION OF INJURY,0,0,0,0,0,2,0,19,6,3,41.94350571,-87.64951884,POINT (-87.649518838653 41.943505707594)
5e9fcc5388d0da4269fca1073b34773b2363e9c7d72f8b6aa73dac57b9b3cc9465cc8a1e60085332ff13e9a46ee972ade50ddca63ffdd989de47dbb59c8a9d11,JF186417,,3/25/2022 15:22,20,NO CONTROLS,NO CONTROLS,CLEAR,DAYLIGHT,PARKED MOTOR VEHICLE,NOT DIVIDED,,STRAIGHT AND LEVEL,DRY,UNKNOWN,ON SCENE,INJURY AND / OR TOW DUE TO CRASH,,,,"OVER $1,500",3/25/2022 15:23,UNDER THE INFLUENCE OF ALCOHOL/DRUGS (USE WHEN ARREST IS EFFECTED),NOT APPLICABLE,3914,S,PRAIRIE AVE,213,,,,,,,2,NO INDICATION OF INJURY,0,0,0,0,0,1,0,15,6,3,41.82332275,-87.62012253,POINT (-87.620122528629 41.823322752418)
6c8a6b6ced7c0bf471ed5d70b58512bdc3253b9366c44682f6e27d7a45c429d4d939f1a94e72543f9237fa8891a81e4b9993477a520d0fcd98a77c4300a190b3,JF185795,,3/25/2022 7:10,30,NO CONTROLS,NO CONTROLS,CLEAR,DAYLIGHT,SIDESWIPE SAME DIRECTION,NOT DIVIDED,,STRAIGHT AND LEVEL,DRY,SHOULDER DEFECT,NOT ON SCENE (DESK REPORT),NO INJURY / DRIVE AWAY,,,,"OVER $1,500",3/25/2022 8:19,IMPROPER OVERTAKING/PASSING,IMPROPER OVERTAKING/PASSING,7575,S,KOSTNER AVE,833,,,,,,,2,NO INDICATION OF INJURY,0,0,0,0,0,2,0,7,6,3,41.75506193,-87.73222787,POINT (-87.73222786457 41.755061934412)
9e7279e9053ea5541e1175d2588952427bfb0952d801fb33a035a10c9588c0388b5df04ae3396c29dc398c68633355eaa8e4378bd0bb935df3278965f1509079,JF184073,,3/23/2022 15:40,30,NO CONTROLS,NO CONTROLS,RAIN,DAYLIGHT,REAR END,DIVIDED - W/MEDIAN (NOT RAISED),,STRAIGHT AND LEVEL,WET,NO DEFECTS,ON SCENE,NO INJURY / DRIVE AWAY,,,Y,"OVER $1,500",3/23/2022 16:00,UNABLE TO DETERMINE,UNABLE TO DETERMINE,5122,W,ADDISON ST,1634,,,,,,,2,NO INDICATION OF INJURY,0,0,0,0,0,2,0,15,4,3,41.94612862,-87.75544368,POINT (-87.755443683282 41.946128615577)
8d66f7e29386db4f016d92d2c6286b42321e7cb7095065b2b89b38ee2cb0ef5d100eab4fa7627332704015d08c706e4389adce095e786a253c22b2227b0e5021,JF185201,,3/24/2022 14:40,20,SCHOOL ZONE,NO CONTROLS,RAIN,DAWN,PARKED MOTOR VEHICLE,NOT DIVIDED,,STRAIGHT AND LEVEL,WET,NO DEFECTS,ON SCENE,NO INJURY / DRIVE AWAY,,,Y,$500 OR LESS,3/24/2022 14:45,UNABLE TO DETERMINE,UNABLE TO DETERMINE,5425,N,LUNA AVE,1623,,,,,,,2,NO INDICATION OF INJURY,0,0,0,0,0,2,0,14,5,3,41.98008159,-87.76703067,POINT (-87.767030665519 41.980081585263)
fe788d634dc6d627c0d903cb641b5dd74016c9fb2f0fcbfd4cf997ffb5c84d4ab9794411ce84352ad4d571c3d72857472d4beabcc4780e4d44164f8ba55bd757,JF186474,,3/20/2022 16:26,30,NO CONTROLS,NO CONTROLS,CLEAR,DAYLIGHT,FIXED OBJECT,OTHER,,STRAIGHT AND LEVEL,DRY,UNKNOWN,NOT ON SCENE (DESK REPORT),NO INJURY / DRIVE AWAY,,,,"OVER $1,500",3/25/2022 17:20,UNABLE TO DETERMINE,UNABLE TO DETERMINE,4950,N,MARINE DR,2024,,,,,,,1,NO INDICATION OF INJURY,0,0,0,0,0,1,0,16,1,3,41.97312782,-87.65107635,POINT (-87.651076352251 41.97312781659)
2a6e4e12ed1c131c7a0b34f9169db390919bb51d5c18fe20683250cc057dbd846edd1b0fe03e95858401a5c3b635456514dd6cc8f8957c62740c0c14e8d430f6,JF186412,,3/25/2022 16:00,30,NO CONTROLS,NO CONTROLS,CLEAR,DAYLIGHT,PARKED MOTOR VEHICLE,PARKING LOT,,STRAIGHT AND LEVEL,DRY,NO DEFECTS,NOT ON SCENE (DESK REPORT),NO INJURY / DRIVE AWAY,,,,"OVER $1,500",3/25/2022 16:40,IMPROPER BACKING,IMPROPER BACKING,1910,E,95TH ST,413,Y,,,,,,2,NO INDICATION OF INJURY,0,0,0,0,0,1,0,16,6,3,41.72255336,-87.57736367,POINT (-87.577363672231 41.722553360727)
48097e19625176b61aeb2f9e143f15f279e950079094530d817f7f79f639274b1a1c10bbe64afa670c8954c062690353feb8d9cadfdabf325a8e79444aeab479,JF186296,,3/25/2022 14:49,20,NO CONTROLS,NO CONTROLS,CLEAR,DAYLIGHT,PEDESTRIAN,NOT DIVIDED,,STRAIGHT AND LEVEL,DRY,NO DEFECTS,ON SCENE,INJURY AND / OR TOW DUE TO CRASH,,,,$500 OR LESS,3/25/2022 14:50,IMPROPER TURNING/NO SIGNAL,NOT APPLICABLE,4536,S,WOOD ST,924,,,,,,,2,"REPORTED, NOT EVIDENT",1,0,0,0,1,1,0,14,6,3,41.81108818,-87.67004472,POINT (-87.67004471842 41.811088182709)
74cd5f5d1fa3366f5388ca3e9931bbb9e11c2cf51895810a9f4bb4707ae2ffd0c3aa79b87094b9dc0d044c1174f7a1f7fbf35f31414ff5731ae704f1ee0a9cce,JF186600,,3/25/2022 17:05,35,NO CONTROLS,NO CONTROLS,CLEAR,DAYLIGHT,ANGLE,NOT DIVIDED,,STRAIGHT AND LEVEL,DRY,NO DEFECTS,NOT ON SCENE (DESK REPORT),NO INJURY / DRIVE AWAY,,,,"OVER $1,500",3/25/2022 19:00,FAILING TO YIELD RIGHT-OF-WAY,NOT APPLICABLE,4745,W,MONTROSE AVE,1722,,,,,,,2,NO INDICATION OF INJURY,0,0,0,0,0,2,0,17,6,3,41.96062028,-87.74697083,POINT (-87.746970826754 41.960620279828)
87315331337f9d4e6c22f4e9962f7f7918f3fddb7d3addbbe4b3ba1a9990db46211098a1baf3a6b681bddd14895cc230ae4e18d5ba2fddf8232a50ba061ea1aa,JF186307,,3/25/2022 14:55,25,NO CONTROLS,NO CONTROLS,CLEAR,DAYLIGHT,SIDESWIPE SAME DIRECTION,NOT DIVIDED,,STRAIGHT AND LEVEL,UNKNOWN,UNKNOWN,ON SCENE,NO INJURY / DRIVE AWAY,,,,"$501 - $1,500",3/25/2022 15:12,UNABLE TO DETERMINE,UNABLE TO DETERMINE,5330,W,LAWRENCE AVE,1623,,,,,,,2,NO INDICATION OF INJURY,0,0,0,0,0,2,0,14,6,3,41.96798422,-87.76068093,POINT (-87.76068093034 41.967984216753)
1d86ac2281cdd200ca595f6efa10aa383f9f174d08e38ae25229445f00293b7fc091fe30a549b039c582767c236ab3118b7a3496c0e6b4039118e9bf77a73b28,JF185767,,3/25/2022 7:45,30,NO CONTROLS,NO CONTROLS,RAIN,DAYLIGHT,REAR END,DIVIDED - W/MEDIAN (NOT RAISED),,STRAIGHT AND LEVEL,WET,NO DEFECTS,ON SCENE,NO INJURY / DRIVE AWAY,,,,"OVER $1,500",3/25/2022 7:50,UNABLE TO DETERMINE,NOT APPLICABLE,2231,S,DAMEN AVE,1034,,,,,,,2,NO INDICATION OF INJURY,0,0,0,0,0,2,0,7,6,3,41.85131652,-87.67566729,POINT (-87.675667291567 41.85131651496)
f5007622cfdd13c6b1324e5c6966b89333fe7dd9c72200d00eb7b83b6b99658436527f5d071828d66f5bb9c9ab6a519faf0911af499425fc9ff96c678af0e759,JF186281,Y,3/19/2022 14:00,30,NO CONTROLS,NO CONTROLS,CLEAR,DAYLIGHT,FIXED OBJECT,DIVIDED - W/MEDIAN (NOT RAISED),,STRAIGHT AND LEVEL,DRY,"RUT, HOLES",NOT ON SCENE (DESK REPORT),NO INJURY / DRIVE AWAY,,,,"OVER $1,500",3/25/2022 14:30,ROAD ENGINEERING/SURFACE/MARKING DEFECTS,ROAD ENGINEERING/SURFACE/MARKING DEFECTS,2000,E,67TH ST,331,,,,,,,1,NO INDICATION OF INJURY,0,0,0,0,0,1,0,14,7,3,41.77356585,-87.57642818,POINT (-87.576428176891 41.773565850805)
47b2cfefe233f09a76bdc5ca0e256a0c8a26e88d331fa7d8604d041c800eea3f5d21d3f450a5c41cb0de62058b05756b7034ea9d09619002f00de27eb49aacdf,JF186442,,3/25/2022 15:40,30,TRAFFIC SIGNAL,FUNCTIONING PROPERLY,CLEAR,DAYLIGHT,REAR END,ONE-WAY,,STRAIGHT AND LEVEL,WET,NO DEFECTS,ON SCENE,NO INJURY / DRIVE AWAY,Y,,Y,$500 OR LESS,3/25/2022 15:46,FOLLOWING TOO CLOSELY,NOT APPLICABLE,9458,S,LAFAYETTE AVE,634,,,,,,,3,NO INDICATION OF INJURY,0,0,0,0,0,3,0,15,6,3,41.7217102,-87.62518223,POINT (-87.625182230963 41.721710199316)
64dd26017e3d36acd48c5c063b1da8050fc269153f44bdc8dd14a0f8384d347094cda16ccab5168e02395086c57e31cd030276f85a925ea6943e42ebe470c617,JF186209,,3/25/2022 12:37,15,NO CONTROLS,NO CONTROLS,CLOUDY/OVERCAST,DAYLIGHT,REAR TO FRONT,ALLEY,,STRAIGHT AND LEVEL,WET,NO DEFECTS,NOT ON SCENE (DESK REPORT),NO INJURY / DRIVE AWAY,N,,,"$501 - $1,500",3/25/2022 13:20,IMPROPER BACKING,NOT APPLICABLE,7550,N,SHERIDAN RD,2422,,,,,,,2,NO INDICATION OF INJURY,0,0,0,0,0,2,0,12,6,3,42.01917307,-87.66616629,POINT (-87.666166288415 42.019173073836)
78f7398c5d2c408692649a0fc3f508c00ab876bed41d5b371840da4627ebceec341d82acf415a6e12db3d8d2e6cc6e8a9847d6162424f7f0a751399a76f2c525,JF185772,,3/25/2022 6:50,3,TRAFFIC SIGNAL,UNKNOWN,RAIN,DAYLIGHT,ANGLE,FOUR WAY,,STRAIGHT AND LEVEL,WET,UNKNOWN,ON SCENE,INJURY AND / OR TOW DUE TO CRASH,Y,,,"OVER $1,500",3/25/2022 6:59,DISREGARDING TRAFFIC SIGNALS,NOT APPLICABLE,7900,S,YATES BLVD,414,,,,,,,2,NONINCAPACITATING INJURY,2,0,0,2,0,1,0,6,6,3,41.75163627,-87.56637812,POINT (-87.56637812136 41.751636269168)
7fb0136c61a2e21d6578f7cefed059adf574e6d91578191986f14f4d2c9c591a22b8c557541113f928e3cf4c8dec71d5e5b726d40392e4de359179d219f606f6,JF185731,,3/25/2022 5:08,30,NO CONTROLS,NO CONTROLS,OTHER,"DARKNESS, LIGHTED ROAD",SIDESWIPE SAME DIRECTION,DIVIDED - W/MEDIAN BARRIER,,STRAIGHT AND LEVEL,WET,WORN SURFACE,ON SCENE,INJURY AND / OR TOW DUE TO CRASH,,,,"OVER $1,500",3/25/2022 5:10,IMPROPER LANE USAGE,NOT APPLICABLE,1000,N,LAKE SHORE DR NB,1824,,,,,,,2,NONINCAPACITATING INJURY,1,0,0,1,0,1,0,5,6,3,41.90095892,-87.61992817,POINT (-87.619928173678 41.900958919109)
98d88aeb7d800db56356148aea7676cc68ce59bcaf0f5ddb6a8ec9e1dbed74b2e9127c2fc3d193eaec5dce1725bd285321452e38a2974d96659eecd2f5cb781d,JF185797,,3/25/2022 8:00,20,NO CONTROLS,NO CONTROLS,RAIN,DAYLIGHT,FIXED OBJECT,NOT DIVIDED,,STRAIGHT AND LEVEL,WET,NO DEFECTS,ON SCENE,NO INJURY / DRIVE AWAY,,,,$500 OR LESS,3/25/2022 8:01,UNABLE TO DETERMINE,WEATHER,10401,S,PROSPECT AVE,2212,,,,,,,1,NO INDICATION OF INJURY,0,0,0,0,0,1,0,8,6,3,41.70481674,-87.66189269,POINT (-87.661892689696 41.70481673527)
abe592c59e453de454a150b84071588b9a57587459b489353ae05094a3e9d2232cbd460092f111ab98ba06d5f77d4bc0947d0a4ac9c12b45de80dc07f502b50a,JF185850,,3/25/2022 7:20,30,TRAFFIC SIGNAL,FUNCTIONING PROPERLY,RAIN,DAYLIGHT,REAR END,ONE-WAY,,STRAIGHT AND LEVEL,WET,UNKNOWN,ON SCENE,INJURY AND / OR TOW DUE TO CRASH,,,,"OVER $1,500",3/25/2022 7:40,NOT APPLICABLE,NOT APPLICABLE,505,E,ILLINOIS ST,1834,,,,,,,2,"REPORTED, NOT EVIDENT",1,0,0,0,1,1,0,7,6,3,41.89099213,-87.61491067,POINT (-87.614910669224 41.890992127159)
2a5bc66217c465d172253763f565a4715a93402bfcc193017e1b6c293cf3cf8ac0022fba6085eac2495b81dc78f6d4e5e3f021e7db6a9597e7461379659a34ef,JF185702,,3/25/2022 3:19,30,NO CONTROLS,NO CONTROLS,FREEZING RAIN/DRIZZLE,"DARKNESS, LIGHTED ROAD",PARKED MOTOR VEHICLE,NOT DIVIDED,,STRAIGHT AND LEVEL,WET,NO DEFECTS,ON SCENE,INJURY AND / OR TOW DUE TO CRASH,,,,"OVER $1,500",3/25/2022 3:19,UNABLE TO DETERMINE,FAILING TO REDUCE SPEED TO AVOID CRASH,2820,W,MARQUETTE RD,831,,,,,,,3,NONINCAPACITATING INJURY,1,0,0,1,0,0,0,3,6,3,41.77192183,-87.69411745,POINT (-87.694117444607 41.771921828411)
3b28caae2cbe2a1920313ac79720b242240b1798d986c81bf10402994f420bde6f6fda3107f90cbab0f3f877d6374f4dd2d1b8303265f4f246e946a1c32105d6,JF186015,,3/25/2022 10:35,30,NO CONTROLS,NO CONTROLS,CLEAR,DAYLIGHT,ANGLE,PARKING LOT,,STRAIGHT AND LEVEL,DRY,NO DEFECTS,NOT ON SCENE (DESK REPORT),NO INJURY / DRIVE AWAY,,,Y,"OVER $1,500",3/25/2022 10:50,IMPROPER BACKING,NOT APPLICABLE,1106,S,CLINTON ST,124,,,,,,,2,NO INDICATION OF INJURY,0,0,0,0,0,2,0,10,6,3,41.86878882,-87.64091692,POINT (-87.640916922355 41.868788822285)
5946af16665c5ac8641c0eeb157607a86de880a49cea4209e32b2621abfedfb138b34ca124fdec348b07bbac99b76b1079e686131e5e0f1021ee9fe6171299b7,JF185881,,3/25/2022 9:10,30,NO CONTROLS,NO CONTROLS,CLEAR,DAYLIGHT,REAR END,NOT DIVIDED,,STRAIGHT AND LEVEL,DRY,NO DEFECTS,ON SCENE,NO INJURY / DRIVE AWAY,,,,"$501 - $1,500",3/25/2022 9:11,FAILING TO REDUCE SPEED TO AVOID CRASH,UNABLE TO DETERMINE,525,W,63RD ST,722,,,,,,,2,NO INDICATION OF INJURY,0,0,0,0,0,3,0,9,6,3,41.77973892,-87.63865334,POINT (-87.638653337232 41.779738920771)
eaba8cefa58b59776da6fb713a45784bdddb630db69b6ce3dcc05d5efef967b00d4091fd05064f3b8e6abbe2fdf8798883a55880b6920e3a21e39676d90f75aa,JF148001,,2/17/2022 20:00,30,NO CONTROLS,NO CONTROLS,CLEAR,"DARKNESS, LIGHTED ROAD",PARKED MOTOR VEHICLE,NOT DIVIDED,,STRAIGHT AND LEVEL,WET,NO DEFECTS,,NO INJURY / DRIVE AWAY,,,,"OVER $1,500",2/17/2022 21:30,UNABLE TO DETERMINE,UNABLE TO DETERMINE,3409,W,71ST ST,831,,,,,,,3,NO INDICATION OF INJURY,0,0,0,0,0,3,0,20,5,2,41.76419276,-87.70812587,POINT (-87.70812586791 41.764192756373)
a245ceb21d0cc999b7b24997758fb26e56a17db97023313b8e7efbf9fa8199ec20a0a1fdcddd88997cc79441cee9ad963b3c5764a82e423bf1c6ebe2566885d7,JF186050,,3/24/2022 10:30,30,TRAFFIC SIGNAL,FUNCTIONING PROPERLY,CLEAR,DAYLIGHT,TURNING,DIVIDED - W/MEDIAN (NOT RAISED),,STRAIGHT AND LEVEL,DRY,NO DEFECTS,NOT ON SCENE (DESK REPORT),NO INJURY / DRIVE AWAY,,,,"$501 - $1,500",3/25/2022 11:15,FAILING TO YIELD RIGHT-OF-WAY,UNABLE TO DETERMINE,5500,S,HALSTED ST,712,,,,,,,2,NO INDICATION OF INJURY,0,0,0,0,0,2,0,10,5,3,41.79386901,-87.6452949,POINT (-87.645294901547 41.793869012306)
5016760afb8597d83957db7ebb63e311d039aa6681cd2c7049d757e4aa00495e5a3c63535b517d3ffa229d16b535b70207eeb81fc09cc0fa2b4ab8948a09f28a,JF186450,,3/25/2022 16:30,30,TRAFFIC SIGNAL,FUNCTIONING PROPERLY,CLEAR,DAYLIGHT,SIDESWIPE SAME DIRECTION,FOUR WAY,,STRAIGHT AND LEVEL,DRY,NO DEFECTS,NOT ON SCENE (DESK REPORT),NO INJURY / DRIVE AWAY,Y,,Y,"OVER $1,500",3/25/2022 16:45,IMPROPER OVERTAKING/PASSING,UNABLE TO DETERMINE,4200,S,ASHLAND AVE,924,,,,,,,2,NO INDICATION OF INJURY,0,0,0,0,0,2,0,16,6,3,41.81768012,-87.66533363,POINT (-87.665333633124 41.81768011732)
8d16288a97a30ff9e69ff1924aa8497ba17aa4b09dc760c26a789945217d423dcc181bcbccdc290eb8c2f33bdbbddcce3482925f00cb060fd9eb501ff7b11c19,JF186137,,3/25/2022 10:30,30,STOP SIGN/FLASHER,FUNCTIONING PROPERLY,CLEAR,DAYLIGHT,TURNING,"FIVE POINT, OR MORE",,STRAIGHT AND LEVEL,WET,NO DEFECTS,NOT ON SCENE (DESK REPORT),NO INJURY / DRIVE AWAY,Y,,,"OVER $1,500",3/25/2022 12:45,FAILING TO YIELD RIGHT-OF-WAY,FAILING TO REDUCE SPEED TO AVOID CRASH,2900,N,ELSTON AVE,1411,,,,,,,2,NO INDICATION OF INJURY,0,0,0,0,0,2,0,10,6,3,41.93390842,-87.6905095,POINT (-87.690509501078 41.933908422564)
b736190db3686dfabe1e5cfb8909036dd6a9cea35469abd7620db8291d20fec4c36d3eda37ff37da435ec1fe465c6e66e5790a5289d1e931c397d95520791c5a,JF186333,,3/25/2022 12:40,30,STOP SIGN/FLASHER,FUNCTIONING PROPERLY,CLEAR,DAYLIGHT,REAR END,NOT DIVIDED,,STRAIGHT AND LEVEL,UNKNOWN,UNKNOWN,NOT ON SCENE (DESK REPORT),NO INJURY / DRIVE AWAY,Y,,Y,"OVER $1,500",3/25/2022 15:30,FOLLOWING TOO CLOSELY,NOT APPLICABLE,458,E,MARQUETTE RD,312,,,,,,,2,NO INDICATION OF INJURY,0,0,0,0,0,2,0,12,6,3,41.7731212,-87.61310866,POINT (-87.61310865596 41.773121202033)
d2d819ca49902fb2ab364893a3ab2fdecef345a510a1a4ce0d5fcf2c499b204426403c2da15abd1568c7f33a20dca5d2786ede2dac79b2250f4e8841c6151081,JF186287,,3/25/2022 12:00,30,NO CONTROLS,NO CONTROLS,OTHER,DAYLIGHT,PARKED MOTOR VEHICLE,NOT DIVIDED,,STRAIGHT AND LEVEL,WET,UNKNOWN,NOT ON SCENE (DESK REPORT),NO INJURY / DRIVE AWAY,,,,"OVER $1,500",3/25/2022 14:49,IMPROPER OVERTAKING/PASSING,WEATHER,1206,W,ALTGELD ST,1932,,,,,,,2,NO INDICATION OF INJURY,0,0,0,0,0,1,0,12,6,3,41.92721185,-87.65884461,POINT (-87.65884461123 41.927211845946)
fdc708c58901ab10c5bc7975490f769ee205355c0586681dc736d4210c1fdce1ad92f12d080260d52da6734bff925354824690d35120933ef0f85ac582b78a04,JF186692,,3/25/2022 20:23,35,TRAFFIC SIGNAL,FUNCTIONING PROPERLY,CLEAR,"DARKNESS, LIGHTED ROAD",ANGLE,FOUR WAY,,STRAIGHT AND LEVEL,DRY,NO DEFECTS,ON SCENE,INJURY AND / OR TOW DUE TO CRASH,Y,,,"OVER $1,500",3/25/2022 20:23,DISREGARDING TRAFFIC SIGNALS,FAILING TO REDUCE SPEED TO AVOID CRASH,4349,W,WASHINGTON BLVD,1115,,,,,,,2,NONINCAPACITATING INJURY,4,0,0,4,0,2,0,20,6,3,41.88182476,-87.73501099,POINT (-87.735010988406 41.881824755253)
ce106ccffdd9a2b27f3fcab3382fd50e1af92250023d644ae3e7ab08a843f776f1d581771130e8992b407a57ff115977f40096d11269b29e8d807aad2caaf21f,JF186188,,3/23/2022 21:00,40,NO CONTROLS,NO CONTROLS,RAIN,"DARKNESS, LIGHTED ROAD",FIXED OBJECT,DIVIDED - W/MEDIAN (NOT RAISED),,STRAIGHT AND LEVEL,WET,"RUT, HOLES",NOT ON SCENE (DESK REPORT),NO INJURY / DRIVE AWAY,,,,$500 OR LESS,3/25/2022 13:25,WEATHER,WEATHER,4600,N,LAKE SHORE DR SB,1914,,,,,,,1,NO INDICATION OF INJURY,0,0,0,0,0,1,0,21,4,3,41.96571849,-87.64747666,POINT (-87.647476655051 41.965718487888)
7207dbd82387789e7a95b4fe80bc680759a1eed5e6153bf2e0a03dff84b7e6a32e9bace571c60b41b19e9864080254bbea0380899ca44b2dbf3caddba7855eb2,JF185315,,3/24/2022 16:30,25,NO CONTROLS,NO CONTROLS,UNKNOWN,DAYLIGHT,ANGLE,NOT DIVIDED,,STRAIGHT AND LEVEL,UNKNOWN,NO DEFECTS,NOT ON SCENE (DESK REPORT),NO INJURY / DRIVE AWAY,,,,"$501 - $1,500",3/24/2022 17:15,UNABLE TO DETERMINE,NOT APPLICABLE,2337,N,CICERO AVE,2522,,,,,,,2,NO INDICATION OF INJURY,0,0,0,0,0,2,0,16,5,3,41.92354969,-87.74613388,POINT (-87.746133875298 41.923549688404)