CRASH_RECORD_ID,RD_NO,CRASH_DATE_EST_I,CRASH_DATE,POSTED_SPEED_LIMIT,TRAFFIC_CONTROL_DEVICE,DEVICE_CONDITION,WEATHER_CONDITION,LIGHTING_CONDITION,FIRST_CRASH_TYPE,TRAFFICWAY_TYPE,LANE_CNT,ALIGNMENT,ROADWAY_SURFACE_COND,ROAD_DEFECT,REPORT_TYPE,CRASH_TYPE,INTERSECTION_RELATED_I,NOT_RIGHT_OF_WAY_I,HIT_AND_RUN_I,DAMAGE,DATE_POLICE_NOTIFIED,PRIM_CONTRIBUTORY_CAUSE,SEC_CONTRIBUTORY_CAUSE,STREET_NO,STREET_DIRECTION,STREET_NAME,BEAT_OF_OCCURRENCE,PHOTOS_TAKEN_I,STATEMENTS_TAKEN_I,DOORING_I,WORK_ZONE_I,WORK_ZONE_TYPE,WORKERS_PRESENT_I,NUM_UNITS,MOST_SEVERE_INJURY,INJURIES_TOTAL,INJURIES_FATAL,INJURIES_INCAPACITATING,INJURIES_NON_INCAPACITATING,INJURIES_REPORTED_NOT_EVIDENT,INJURIES_NO_INDICATION,INJURIES_UNKNOWN,CRASH_HOUR,CRASH_DAY_OF_WEEK,CRASH_MONTH,LATITUDE,LONGITUDE,LOCATION
f81ca1797e2d17390b9db2f5f1c7644f391d42101957a59c0962bcbc234801d572b38b87bc05728c0489a22c9aa39b04f588d8bd8c9c6a59850cd3cca43ac888,JF186237,Y,3/20/2022 8:00,30,NO CONTROLS,NO CONTROLS,UNKNOWN,UNKNOWN,PARKED MOTOR VEHICLE,ONE-WAY,,STRAIGHT AND LEVEL,UNKNOWN,UNKNOWN,NOT ON SCENE (DESK REPORT),NO INJURY / DRIVE AWAY,,,Y,"$501 - $1,500",3/25/2022 13:50,UNABLE TO DETERMINE,UNABLE TO DETERMINE,541,W,HAWTHORNE PL,1925,,,,,,,2,NO INDICATION OF INJURY,0,0,0,0,0,1,0,8,1,3,41.94442965,-87.64293661,POINT (-87.64293660523 41.944429644937)
2172c5554c6f9ff944e17ea27be2d812d2b7460bf160e4251dad67954ff41c9cf65598d02eec364a93a9c2dae81f9feda61d934595056266a890c354d0722953,JF186329,,3/25/2022 14:25,30,STOP SIGN/FLASHER,FUNCTIONING PROPERLY,CLEAR,DAYLIGHT,SIDESWIPE OPPOSITE DIRECTION,NOT DIVIDED,,STRAIGHT AND LEVEL,DRY,UNKNOWN,NOT ON SCENE (DESK REPORT),NO INJURY / DRIVE AWAY,,,Y,$500 OR LESS,3/25/2022 15:30,UNABLE TO DETERMINE,NOT APPLICABLE,5356,S,DR MARTIN LUTHER KING JR DR,231,,,,,,,2,NO INDICATION OF INJURY,0,0,0,0,0,2,0,14,6,3,41.79679285,-87.61617809,POINT (-87.616178091932 41.796792845358)
cd58669ac1cea49450d1fc8be163ea16e80ab70c1d36930f2b0b0f9789a44be7769c86a89870ce7a292eccafb49e4cd0f99e238b5c04045b5b5743b73dceaedd,JF153738,,2/22/2022 17:00,30,NO CONTROLS,NO CONTROLS,UNKNOWN,UNKNOWN,PEDALCYCLIST,DIVIDED - W/MEDIAN (NOT RAISED),,STRAIGHT AND LEVEL,UNKNOWN,UNKNOWN,,NO INJURY / DRIVE AWAY,,,,"OVER $1,500",2/23/2022 15:20,UNABLE TO DETERMINE,NOT APPLICABLE,2259,W,WILSON AVE,1911,,,Y,,,,2,NO INDICATION OF INJURY,0,0,0,0,0,2,0,17,3,2,41.96479995,-87.68613025,POINT (-87.686130246863 41.964799946654)
cdcd66df7db632fefaf33a2337033bc76366e23cecee9b7131a8e621fe0a7f11d663c75fc36536ff5418ae769757733834a4d797f0ba58da769e1ce0ca6c2c69,JF152048,,2/22/2022 2:08,35,NO CONTROLS,NO CONTROLS,RAIN,"DARKNESS, LIGHTED ROAD",OTHER OBJECT,ONE-WAY,,STRAIGHT AND LEVEL,WET,NO DEFECTS,ON SCENE,NO INJURY / DRIVE AWAY,,Y,,"OVER $1,500",2/22/2022 2:25,UNABLE TO DETERMINE,UNABLE TO DETERMINE,13,W,I190 EXPY,1654,,Y,,,,,1,NO INDICATION OF INJURY,0,0,0,0,0,3,0,2,3,2,,,
cdce7961d91c594e28ea09af655929ff29c5827997bf4320e9bc92cec9ddc7b4c9653debbbb408061355480f9be41d3c2053371f1d2d4a06ec1141a74dcb3798,JF152978,,2/22/2022 16:30,30,STOP SIGN/FLASHER,FUNCTIONING PROPERLY,RAIN,DAYLIGHT,REAR END,DIVIDED - W/MEDIAN (NOT RAISED),,STRAIGHT AND LEVEL,WET,NO DEFECTS,NOT ON SCENE (DESK REPORT),NO INJURY / DRIVE AWAY,,,,"$501 - $1,500",2/22/2022 21:07,FOLLOWING TOO CLOSELY,NOT APPLICABLE,9400,S,COLFAX AVE,423,,,,,,,2,NO INDICATION OF INJURY,0,0,0,0,0,2,0,16,3,2,41.72443939,-87.5609126,POINT (-87.560912602206 41.724439393625)
87f67d222fc0fb540b610e37eecd04cc91df8e35ee6d05ae414a1fb8c30c4dba42c3ff27ca091022b89047f0e124a90c68122a08f197178f9309b893b33097a6,JF186335,,3/25/2022 13:35,30,TRAFFIC SIGNAL,FUNCTIONING PROPERLY,CLOUDY/OVERCAST,DAYLIGHT,ANGLE,DIVIDED - W/MEDIAN (NOT RAISED),,STRAIGHT AND LEVEL,DRY,NO DEFECTS,ON SCENE,INJURY AND / OR TOW DUE TO CRASH,Y,,Y,"OVER $1,500",3/25/2022 13:39,FAILING TO YIELD RIGHT-OF-WAY,NOT APPLICABLE,300,N,WESTERN AVE,1222,,,,,,,3,NO INDICATION OF INJURY,0,0,0,0,0,3,0,13,6,3,41.88672176,-87.68672736,POINT (-87.686727364298 41.88672176412)
0a5af1fdd23da5c8780ada4f577f02abfd44f756a78f8c4ef476fa4ae216d9ac43a6312cc8e92702e0602664dcfdf51a98d591e6194e7651b23a904749187812,JD444384,,11/28/2020 19:44,30,STOP SIGN/FLASHER,FUNCTIONING PROPERLY,CLEAR,DARKNESS,ANGLE,DIVIDED - W/MEDIAN BARRIER,,STRAIGHT AND LEVEL,DRY,UNKNOWN,,INJURY AND / OR TOW DUE TO CRASH,N,,Y,"OVER $1,500",11/28/2020 19:45,DISREGARDING STOP SIGN,NOT APPLICABLE,1699,N,KEDZIE AVE,1421,,,,,,,2,NO INDICATION OF INJURY,0,0,0,0,0,5,0,19,7,11,41.91185149,-87.70665093,POINT (-87.706650926883 41.911851487609)
0a5eb789199c0bee101e001888b12f340cc4910e84ace7d78799251733d10a9ed5c5d9e7f34dca2c574492465f8910cb89c22da3e0b66d706db795a3c4924d93,JE223604,,5/8/2021 12:53,30,TRAFFIC SIGNAL,FUNCTIONING PROPERLY,CLEAR,DAYLIGHT,REAR END,DIVIDED - W/MEDIAN BARRIER,,STRAIGHT AND LEVEL,DRY,NO DEFECTS,,NO INJURY / DRIVE AWAY,,,,"$501 - $1,500",5/8/2021 13:15,UNABLE TO DETERMINE,UNABLE TO DETERMINE,100,W,LA SALLE DR,1814,,,,,,,2,NO INDICATION OF INJURY,0,0,0,0,0,2,0,12,7,5,41.91348332,-87.63180868,POINT (-87.631808681867 41.913483315672)
0169f420cb8e59b11b05d01dd455ec2c0fcc653022e155b6cb2da3a0347dc2838e1ea1e2c8f6201fb32221e86c963b1b72bb4e9a5e8d86eb26954b0de0d7b3d3,,,4/1/2022 16:00,30,TRAFFIC SIGNAL,FUNCTIONING PROPERLY,CLEAR,DAYLIGHT,OTHER OBJECT,NOT DIVIDED,,STRAIGHT AND LEVEL,DRY,"RUT, HOLES",NOT ON SCENE (DESK REPORT),NO INJURY / DRIVE AWAY,,,,"OVER $1,500",4/6/2022 16:20,UNABLE TO DETERMINE,UNABLE TO DETERMINE,45,N,WESTERN AVE,1223,,,,,,,1,NO INDICATION OF INJURY,0,0,0,0,0,1,0,16,6,4,41.88251162,-87.68632443,POINT (-87.686324433222 41.882511624325)
0458a0d7d9dd6ac233841857a493b4eddd6bd1481f3a46600c13c1327244f1af1ec5d513c97edc4f7e1a648e08dbc9e63f9e2ba02ddcb874f482b4e621208347,,,4/6/2022 18:10,30,NO CONTROLS,NO CONTROLS,CLEAR,DAYLIGHT,ANGLE,ONE-WAY,,STRAIGHT AND LEVEL,DRY,UNKNOWN,NOT ON SCENE (DESK REPORT),INJURY AND / OR TOW DUE TO CRASH,,,Y,"OVER $1,500",4/6/2022 18:50,FAILING TO YIELD RIGHT-OF-WAY,FAILING TO YIELD RIGHT-OF-WAY,3012,W,VAN BUREN ST,1124,,,,,,,2,"REPORTED, NOT EVIDENT",1,0,0,0,1,1,0,18,4,4,41.87602957,-87.70170807,POINT (-87.701708065195 41.876029569141)
0c535d985a177ed3e4d36c48f77aec73791d00e9e6ed12e2fe9028cd508510f8e7aae09349cd8f40aa53fd4446bd827fc39f6e318ce6d62375ef99a70463b216,,,4/7/2022 8:00,30,NO CONTROLS,NO CONTROLS,RAIN,DAYLIGHT,SIDESWIPE SAME DIRECTION,DIVIDED - W/MEDIAN (NOT RAISED),,STRAIGHT AND LEVEL,WET,NO DEFECTS,ON SCENE,NO INJURY / DRIVE AWAY,,,,"OVER $1,500",4/7/2022 9:00,FAILING TO YIELD RIGHT-OF-WAY,FOLLOWING TOO CLOSELY,4100,S,PULASKI RD,815,,,,,,,2,NO INDICATION OF INJURY,0,0,0,0,0,2,0,8,5,4,41.81834902,-87.72409641,POINT (-87.724096405469 41.818349016985)
00972c777e148f6ab557ba8f6dd8df84b8bfe1b8cc6f66192fa4da56cb6336e281aeda09e351b568a9445adfb6792b826211f7c6d4a12d50984c7bcb19962589,,,4/7/2022 17:15,30,NO CONTROLS,NO CONTROLS,CLEAR,DAYLIGHT,SIDESWIPE SAME DIRECTION,UNKNOWN INTERSECTION TYPE,,STRAIGHT AND LEVEL,DRY,NO DEFECTS,NOT ON SCENE (DESK REPORT),NO INJURY / DRIVE AWAY,,,,$500 OR LESS,4/7/2022 18:00,IMPROPER LANE USAGE,NOT APPLICABLE,6900,S,STONY ISLAND AVE,332,,,,,,,2,NO INDICATION OF INJURY,0,0,0,0,0,3,0,17,5,4,41.76964982,-87.58638311,POINT (-87.586383110145 41.769649814616)
02557090e6c8d28e27ad676d4c11a53572b39cd2686e2ef6eac1609db365da014bffba7bec8c02e98281ba151066a02e1dfe60a85f7dd03812174e2f8d937358,,,4/7/2022 8:25,30,OTHER,FUNCTIONING PROPERLY,RAIN,DAYLIGHT,PEDALCYCLIST,DIVIDED - W/MEDIAN (NOT RAISED),,STRAIGHT AND LEVEL,WET,NO DEFECTS,ON SCENE,INJURY AND / OR TOW DUE TO CRASH,,,,"$501 - $1,500",4/7/2022 8:27,IMPROPER TURNING/NO SIGNAL,DRIVING SKILLS/KNOWLEDGE/EXPERIENCE,3820,S,ARCHER AVE,911,,,,,,,2,NONINCAPACITATING INJURY,1,0,0,1,0,1,0,8,5,4,41.82411285,-87.68813504,POINT (-87.688135035871 41.824112853701)
04d0af7349b5346deeac1beed4bd9fb1e5c48af84ca305a9c5d496e8ac8c7a384a3c56e7e547116397c82ae5805a6edd9c482e73ba72a5f48877a5c3195a8708,,,4/7/2022 14:30,30,NO CONTROLS,NO CONTROLS,CLEAR,DAYLIGHT,PARKED MOTOR VEHICLE,NOT DIVIDED,,STRAIGHT AND LEVEL,DRY,NO DEFECTS,NOT ON SCENE (DESK REPORT),NO INJURY / DRIVE AWAY,,,Y,"$501 - $1,500",4/7/2022 16:20,FAILING TO YIELD RIGHT-OF-WAY,NOT APPLICABLE,6130,W,IRVING PARK RD,1624,,,,,,,2,NO INDICATION OF INJURY,0,0,0,0,0,2,0,14,5,4,41.95310778,-87.78038512,POINT (-87.780385120451 41.953107778873)
0bc7c21801e36ae58bd276eb311138f27bbf42f997b8c69d124dd8cd3a4b0d354366f7b6acd4405c1c17ae49f90fdeacef58a646827b982c87645424dde3617e,,,4/7/2022 21:08,30,NO CONTROLS,NO CONTROLS,RAIN,"DARKNESS, LIGHTED ROAD",REAR TO FRONT,DIVIDED - W/MEDIAN (NOT RAISED),,STRAIGHT AND LEVEL,WET,NO DEFECTS,NOT ON SCENE (DESK REPORT),NO INJURY / DRIVE AWAY,,,,$500 OR LESS,4/7/2022 21:08,FAILING TO YIELD RIGHT-OF-WAY,DRIVING SKILLS/KNOWLEDGE/EXPERIENCE,5455,W,MADISON ST,1522,,,,,,,2,NO INDICATION OF INJURY,0,0,0,0,0,4,0,21,5,4,41.88017394,-87.76210627,POINT (-87.762106265584 41.8801739346)
003f327d4c9c3d3e0303ecd2b081b702fdd1e405d20636f90b97e5eb8b87e5ebaa0058ac763bd50791038d313235e4a242766267f372831398c9d7a8428b6942,,,4/7/2022 16:30,30,TRAFFIC SIGNAL,NO CONTROLS,CLEAR,DAYLIGHT,TURNING,DIVIDED - W/MEDIAN (NOT RAISED),,STRAIGHT AND LEVEL,DRY,NO DEFECTS,NOT ON SCENE (DESK REPORT),NO INJURY / DRIVE AWAY,Y,,,"$501 - $1,500",4/7/2022 17:03,UNABLE TO DETERMINE,NOT APPLICABLE,400,E,69TH ST,322,,,,,,,2,NO INDICATION OF INJURY,0,0,0,0,0,4,0,16,5,4,41.76945048,-87.61529792,POINT (-87.615297920867 41.769450482452)
062f2a4f674f5d8ac920ff1af03d9b384c94ebf3f59fd03d69850f59c69890b1fb3e37371d2c376607a5c77d7606e94515ef51739d1a78f71bf0ad3beb312773,,,4/7/2022 7:10,30,STOP SIGN/FLASHER,NO CONTROLS,CLEAR,DAYLIGHT,TURNING,FOUR WAY,,STRAIGHT AND LEVEL,UNKNOWN,NO DEFECTS,ON SCENE,INJURY AND / OR TOW DUE TO CRASH,Y,,Y,"OVER $1,500",4/7/2022 7:11,UNABLE TO DETERMINE,NOT APPLICABLE,8300,S,ADA ST,613,,,,,,,2,NO INDICATION OF INJURY,0,0,0,0,0,2,0,7,5,4,41.74306662,-87.65732846,POINT (-87.657328459047 41.743066621325)
027567bf2c65a9b63280d54746d5e9e8ebb85375b54fc834f7061cdd8291f0532805774dbaa78938f5005dd30c344fbf3c3661ddcf43d8033bc5d76db332aa56,,,4/7/2022 6:50,30,NO CONTROLS,NO CONTROLS,CLEAR,DAYLIGHT,ANGLE,DIVIDED - W/MEDIAN BARRIER,,STRAIGHT AND LEVEL,DRY,UNKNOWN,NOT ON SCENE (DESK REPORT),INJURY AND / OR TOW DUE TO CRASH,,,Y,"OVER $1,500",4/7/2022 6:55,UNABLE TO DETERMINE,UNABLE TO DETERMINE,133,N,CALIFORNIA AVE,1222,,,,,,,2,NONINCAPACITATING INJURY,1,0,0,1,0,2,0,6,5,4,41.88391207,-87.69621625,POINT (-87.696216248082 41.883912070194)
0f32b0f3c63bc2b4a39f9d96bc0ecfd2a85d11a1ffaef936d1b2ae98315a49e92e8c52938096dd3399d83ebe7f7480e4e059cc6fda03d206a16a169dc7dc4f76,,,4/7/2022 18:15,30,NO CONTROLS,NO CONTROLS,RAIN,DAYLIGHT,REAR END,NOT DIVIDED,,STRAIGHT AND LEVEL,WET,NO DEFECTS,NOT ON SCENE (DESK REPORT),NO INJURY / DRIVE AWAY,,,,"$501 - $1,500",4/7/2022 18:38,NOT APPLICABLE,NOT APPLICABLE,5398,S,ARCHER AVE,815,,,,,,,2,NO INDICATION OF INJURY,0,0,0,0,0,4,0,18,5,4,41.79877804,-87.74289903,POINT (-87.742899031077 41.7987780375)
015445617a51858ae72baf7a03579b8c11bea6802d81aaa178d97c8dbde3667dd73793699095871dba4199ce9e590696b2f93477a2d6448d592248aee93cc2f8,,,4/7/2022 10:37,30,NO CONTROLS,NO CONTROLS,CLOUDY/OVERCAST,DAYLIGHT,PARKED MOTOR VEHICLE,NOT DIVIDED,,STRAIGHT AND LEVEL,WET,NO DEFECTS,ON SCENE,INJURY AND / OR TOW DUE TO CRASH,,,,"OVER $1,500",4/7/2022 10:37,UNABLE TO DETERMINE,UNABLE TO DETERMINE,2501,N,HARLEM AVE,2512,,,,,,,3,NONINCAPACITATING INJURY,1,0,0,1,0,1,0,10,5,4,41.92536923,-87.80615821,POINT (-87.80615820893 41.925369234406)
0838adc03eaa3ed2501dbc64cc8be4d89fdca844d077630c8a74ad3d9af87b5a2520b82791f906f46ec1f1996eb232006b448e3a8fd3d0885a46eabc7e26bebd,JF200569,Y,3/21/2022 7:00,15,UNKNOWN,UNKNOWN,UNKNOWN,UNKNOWN,OTHER OBJECT,PARKING LOT,,STRAIGHT AND LEVEL,UNKNOWN,UNKNOWN,NOT ON SCENE (DESK REPORT),NO INJURY / DRIVE AWAY,,Y,Y,"$501 - $1,500",4/7/2022 16:00,UNABLE TO DETERMINE,NOT APPLICABLE,1465,E,130TH ST,434,,,,,,,2,NO INDICATION OF INJURY,0,0,0,0,0,1,0,7,2,3,41.66028389,-87.58866624,POINT (-87.58866623998 41.660283893596)
06f36458cbdcd7dce361326248f0b66df4d588c6bd86ad26c98864e2b20fa2f30d9546328292aebe94e787a3d9c5bdb640f9aeb15e37d625537fb344c10b86fc,JF199178,,3/22/2022 8:30,30,NO CONTROLS,NO CONTROLS,RAIN,DAYLIGHT,OTHER NONCOLLISION,ONE-WAY,,STRAIGHT AND LEVEL,WET,"RUT, HOLES",NOT ON SCENE (DESK REPORT),INJURY AND / OR TOW DUE TO CRASH,,,,"OVER $1,500",4/6/2022 11:59,NOT APPLICABLE,NOT APPLICABLE,215,N,WELLS ST,122,,,,,,,1,NO INDICATION OF INJURY,0,0,0,0,0,1,0,8,3,3,41.88614205,-87.63379396,POINT (-87.633793963616 41.88614204996)
0dc5b2322bfaf995908b535d7853388d2f11e17544e7e025330e5b4f2b47a8c1ab10d3da241f229973535c817d1f6223a58c18fff535b42211fa74bd9527acb1,,,4/6/2022 21:15,30,TRAFFIC SIGNAL,FUNCTIONING PROPERLY,CLEAR,"DARKNESS, LIGHTED ROAD",REAR END,ONE-WAY,,STRAIGHT AND LEVEL,UNKNOWN,UNKNOWN,ON SCENE,NO INJURY / DRIVE AWAY,,,N,"OVER $1,500",4/6/2022 21:16,UNABLE TO DETERMINE,UNABLE TO DETERMINE,520,W,RANDOLPH ST,121,,,,,,,2,NO INDICATION OF INJURY,0,0,0,0,0,3,0,21,4,4,41.88454883,-87.64075816,POINT (-87.640758159389 41.884548828218)
030dfb5b725d1e52357dc7506e595798ba08aa85fb9ec1690a1a89dd0c39ba60acb0f983c6f294fbacdc18494215701a19b7a79efbe8d22dc40e7ab030da9bae,,,4/7/2022 15:19,30,NO CONTROLS,NO CONTROLS,CLEAR,DAYLIGHT,PARKED MOTOR VEHICLE,NOT DIVIDED,,STRAIGHT AND LEVEL,DRY,NO DEFECTS,ON SCENE,NO INJURY / DRIVE AWAY,,,Y,"OVER $1,500",4/7/2022 15:40,IMPROPER BACKING,NOT APPLICABLE,219,W,95TH ST,511,,,,,,,2,NO INDICATION OF INJURY,0,0,0,0,0,1,0,15,5,4,41.72153896,-87.62948689,POINT (-87.629486885196 41.721538957259)
00ec924c9111209bf9eabeec30c1b2b61cefb98103e5d64bb9ae207c21694b78f8f0d33f59f0db1ac47324374c81652b1a75c0281be5bb844f8540f499c73516,,,4/7/2022 8:45,30,NO CONTROLS,NO CONTROLS,RAIN,DAYLIGHT,PARKED MOTOR VEHICLE,ONE-WAY,,STRAIGHT AND LEVEL,WET,NO DEFECTS,ON SCENE,NO INJURY / DRIVE AWAY,,,,"$501 - $1,500",4/7/2022 8:45,DRIVING SKILLS/KNOWLEDGE/EXPERIENCE,DRIVING SKILLS/KNOWLEDGE/EXPERIENCE,3250,N,RIDGEWAY AVE,1732,,Y,,,,,2,NO INDICATION OF INJURY,0,0,0,0,0,5,0,8,5,4,41.94067066,-87.72126246,POINT (-87.72126246413 41.940670659627)
0e7425b5faed75270db69ba937b36e7d3ab9a654711aa32317c409b589ec4a4fbd6e7c633364de3b92cb1491d9dc41d3b12ead6b4ce1d9f4bc6a07ac6e6fbf88,,,4/1/2022 17:30,30,NO CONTROLS,NO CONTROLS,RAIN,"DARKNESS, LIGHTED ROAD",OTHER OBJECT,NOT DIVIDED,,STRAIGHT AND LEVEL,WET,NO DEFECTS,NOT ON SCENE (DESK REPORT),NO INJURY / DRIVE AWAY,Y,,,"OVER $1,500",4/6/2022 16:10,UNABLE TO DETERMINE,NOT APPLICABLE,4650,W,NORTH AVE,2533,,,,,,,1,NO INDICATION OF INJURY,0,0,0,0,0,1,0,17,6,4,41.90976453,-87.7433763,POINT (-87.743376295706 41.909764527033)
07bf445f381ad55686db160d6a16e61d66dc29cd861d4435a0a0d34091101543ce631bb2a55bfc5bfe0d221c3de63c4b3c9075646ff688635a31c8ce44a749a7,,,4/7/2022 23:10,30,NO CONTROLS,NO CONTROLS,RAIN,"DARKNESS, LIGHTED ROAD",PARKED MOTOR VEHICLE,NOT DIVIDED,,STRAIGHT AND LEVEL,WET,NO DEFECTS,ON SCENE,NO INJURY / DRIVE AWAY,,,,$500 OR LESS,4/7/2022 23:15,UNABLE TO DETERMINE,UNABLE TO DETERMINE,4553,N,LONG AVE,1623,,,,,,,2,NO INDICATION OF INJURY,0,0,0,0,0,1,0,23,5,4,41.96403624,-87.76231575,POINT (-87.76231575091 41.964036240085)
7d647b0b79b11a5560e44cb742635c7b8955bfd2b487f4f9c2da91a1f7fe4f4988afe41c074ed0989c61f83dddb02abf8bfb7aee66803f5c32e36de12423f6bb,,,3/29/2022 20:15,30,TRAFFIC SIGNAL,FUNCTIONING PROPERLY,CLEAR,"DARKNESS, LIGHTED ROAD",SIDESWIPE SAME DIRECTION,NOT DIVIDED,,STRAIGHT AND LEVEL,DRY,NO DEFECTS,NOT ON SCENE (DESK REPORT),NO INJURY / DRIVE AWAY,Y,,,"OVER $1,500",3/29/2022 20:28,UNABLE TO DETERMINE,NOT APPLICABLE,1900,N,WESTERN AVE,1434,,,,,,,2,NO INDICATION OF INJURY,0,0,0,0,0,3,0,20,3,3,41.9158043,-87.6875119,POINT (-87.687511897001 41.915804297176)
28a6dde1375595376d6b2b7dcc2e5178becc81eb25f555294bf3e8794b6a94c73126658763aa8e0b35ddaeb6fba37d7a3ad6b4b905bb0978fe4d82781e4a543a,,,4/4/2022 11:25,30,NO CONTROLS,NO CONTROLS,CLEAR,DAYLIGHT,HEAD ON,NOT DIVIDED,,STRAIGHT AND LEVEL,DRY,NO DEFECTS,ON SCENE,INJURY AND / OR TOW DUE TO CRASH,,,,"OVER $1,500",4/4/2022 11:30,PHYSICAL CONDITION OF DRIVER,NOT APPLICABLE,2817,W,CERMAK RD,1033,,,,,,,2,NONINCAPACITATING INJURY,2,0,0,2,0,2,0,11,2,4,41.85178245,-87.69626494,POINT (-87.69626494313 41.851782449935)
f3fbd197b59d6267bfdd2cfc0322e4089cbe4ce236b6fece675530179463c49f2594ed2728a008456c179fa4c3473049547957f71f495fbef361adaff861d426,,,4/7/2022 20:00,30,STOP SIGN/FLASHER,FUNCTIONING PROPERLY,CLEAR,DAYLIGHT,ANGLE,NOT DIVIDED,,STRAIGHT AND LEVEL,DRY,NO DEFECTS,NOT ON SCENE (DESK REPORT),NO INJURY / DRIVE AWAY,,,,"OVER $1,500",4/7/2022 20:40,UNABLE TO DETERMINE,NOT APPLICABLE,1932,W,ARMITAGE AVE,1432,,,,,,,2,NO INDICATION OF INJURY,0,0,0,0,0,2,0,20,5,4,41.9178896,-87.67646797,POINT (-87.676467969347 41.917889598967)
1557b056dfe0dc17f7c6b8f70bdb62b7f7e7cecdfcaee21436627f7098c621a4e6fdaef131de86e98e302823e165a751464a69099de3a6752a8173906312056e,,,4/2/2022 21:00,40,NO CONTROLS,NO CONTROLS,CLEAR,"DARKNESS, LIGHTED ROAD",OTHER NONCOLLISION,OTHER,,STRAIGHT AND LEVEL,DRY,"RUT, HOLES",NOT ON SCENE (DESK REPORT),NO INJURY / DRIVE AWAY,,,,"$501 - $1,500",4/7/2022 16:20,UNABLE TO DETERMINE,NOT APPLICABLE,4430,N,LAKE SHORE DR SB,1914,,,,,,,1,NO INDICATION OF INJURY,0,0,0,0,0,1,0,21,7,4,41.96277066,-87.64678748,POINT (-87.646787481366 41.962770655771)
f320ebb7d80c602fb8406ae5524ccf6624b9c84c71a81dedee295208c9d1437b803632ab74af1f4e02418dc782f0c013bb642bdd9bdf5fb37411cdd459fd7f0f,,,4/7/2022 12:35,30,TRAFFIC SIGNAL,FUNCTIONING PROPERLY,CLEAR,DAYLIGHT,TURNING,NOT DIVIDED,,STRAIGHT AND LEVEL,DRY,NO DEFECTS,NOT ON SCENE (DESK REPORT),NO INJURY / DRIVE AWAY,Y,,Y,$500 OR LESS,4/7/2022 13:00,IMPROPER TURNING/NO SIGNAL,NOT APPLICABLE,3200,W,16TH ST,1022,,,,,,,2,NO INDICATION OF INJURY,0,0,0,0,0,2,0,12,5,4,41.85919277,-87.70552013,POINT (-87.705520131372 41.859192769284)
8c83a9f0460f24766b8088d230c9f9223102104a52035c436ff0eb270eeef06b542d5940653d377d451fc907e4f951d1e07aa7afb84f856769451ecc896ee212,,,4/6/2022 12:55,20,NO CONTROLS,NO CONTROLS,CLEAR,DAYLIGHT,PARKED MOTOR VEHICLE,OTHER,,STRAIGHT AND LEVEL,DRY,NO DEFECTS,ON SCENE,NO INJURY / DRIVE AWAY,,,,"OVER $1,500",4/6/2022 13:25,IMPROPER LANE USAGE,NOT APPLICABLE,5903,W,WEST END AVE,1512,,,,,,,2,NO INDICATION OF INJURY,0,0,0,0,0,3,0,12,4,4,41.88397131,-87.77207866,POINT (-87.772078659648 41.883971305598)
6c422f627391ce4715d411be78f204d4920efa666b2ccf45ecf9886df1967f574da89baf31e2edf3f61600809ed3534ae555878087479f190f76536b3a4f1ee4,,,4/6/2022 12:00,15,NO CONTROLS,NO CONTROLS,CLEAR,DAYLIGHT,PARKED MOTOR VEHICLE,PARKING LOT,,STRAIGHT AND LEVEL,DRY,NO DEFECTS,NOT ON SCENE (DESK REPORT),NO INJURY / DRIVE AWAY,,,Y,"OVER $1,500",4/6/2022 14:50,UNABLE TO DETERMINE,UNABLE TO DETERMINE,4300,W,FORD CITY DR,833,,,,,,,2,NO INDICATION OF INJURY,0,0,0,0,0,1,0,12,4,4,41.75331874,-87.73006973,POINT (-87.730069729455 41.753318741057)
bf194d39f511fabae6a08c2b90448af640daa69d5c8c1be1a0a2499343a9c59670a3f87131e810c75e403f53f141b49540f132ec66658199fa279a6090371eb5,,Y,4/4/2022 15:00,30,TRAFFIC SIGNAL,FUNCTIONING PROPERLY,UNKNOWN,DAYLIGHT,REAR END,DIVIDED - W/MEDIAN (NOT RAISED),,STRAIGHT AND LEVEL,UNKNOWN,UNKNOWN,NOT ON SCENE (DESK REPORT),NO INJURY / DRIVE AWAY,,,,"OVER $1,500",4/6/2022 14:55,UNABLE TO DETERMINE,UNABLE TO DETERMINE,5558,W,FULLERTON AVE,2515,,,,,,,2,NO INDICATION OF INJURY,0,0,0,0,0,2,0,15,2,4,41.92409154,-87.7659313,POINT (-87.765931296245 41.924091536923)
1a50425b39945a61e5f84d918f83923c47aba75bf603635931a6aae73289e3387cb4003603564d2cd0ccf55c9cf41d9bafe11dd1b22dc61d29ef5a457793dbee,,,4/7/2022 8:30,30,NO CONTROLS,NO CONTROLS,CLEAR,DAYLIGHT,REAR END,DIVIDED - W/MEDIAN BARRIER,,STRAIGHT AND LEVEL,WET,NO DEFECTS,NOT ON SCENE (DESK REPORT),NO INJURY / DRIVE AWAY,,,,"OVER $1,500",4/7/2022 8:45,UNABLE TO DETERMINE,UNABLE TO DETERMINE,3200,N,LAKE SHORE DR SB,1925,,,,,,,2,NO INDICATION OF INJURY,0,0,0,0,0,2,0,8,5,4,41.9404429,-87.63863354,POINT (-87.638633539238 41.940442902597)