CRASH_RECORD_ID,RD_NO,CRASH_DATE_EST_I,CRASH_DATE,POSTED_SPEED_LIMIT,TRAFFIC_CONTROL_DEVICE,DEVICE_CONDITION,WEATHER_CONDITION,LIGHTING_CONDITION,FIRST_CRASH_TYPE,TRAFFICWAY_TYPE,LANE_CNT,ALIGNMENT,ROADWAY_SURFACE_COND,ROAD_DEFECT,REPORT_TYPE,CRASH_TYPE,INTERSECTION_RELATED_I,NOT_RIGHT_OF_WAY_I,HIT_AND_RUN_I,DAMAGE,DATE_POLICE_NOTIFIED,PRIM_CONTRIBUTORY_CAUSE,SEC_CONTRIBUTORY_CAUSE,STREET_NO,STREET_DIRECTION,STREET_NAME,BEAT_OF_OCCURRENCE,PHOTOS_TAKEN_I,STATEMENTS_TAKEN_I,DOORING_I,WORK_ZONE_I,WORK_ZONE_TYPE,WORKERS_PRESENT_I,NUM_UNITS,MOST_SEVERE_INJURY,INJURIES_TOTAL,INJURIES_FATAL,INJURIES_INCAPACITATING,INJURIES_NON_INCAPACITATING,INJURIES_REPORTED_NOT_EVIDENT,INJURIES_NO_INDICATION,INJURIES_UNKNOWN,CRASH_HOUR,CRASH_DAY_OF_WEEK,CRASH_MONTH,LATITUDE,LONGITUDE,LOCATION
6ee8a6a33ed59693839cd2e25ad61ecd05901a0dad8367eba5036afb34b30415feef4c7a255ef2d96acce11dcf929706ba4f30e54dfcf03ef8e8a6933cb3bf66,,,4/7/2022 8:50,30,NO CONTROLS,NO CONTROLS,RAIN,DAYLIGHT,SIDESWIPE SAME DIRECTION,NOT DIVIDED,,STRAIGHT AND LEVEL,WET,NO DEFECTS,ON SCENE,NO INJURY / DRIVE AWAY,,,,"OVER $1,500",4/7/2022 8:57,IMPROPER OVERTAKING/PASSING,IMPROPER LANE USAGE,6147,N,CENTRAL AVE,1621,,,,,,,2,NO INDICATION OF INJURY,0,0,0,0,0,2,0,8,5,4,41.99386808,-87.76491061,POINT (-87.76491060452 41.993868078699)
54a840a700bc2e40fffbe9d2b494e4ba3cba1c87e484911e2a987ab10e9382436bbc4f475b0503a152891d95e3215797c0e572f92a6955d7f6d23c91c76f87b0,,,4/7/2022 11:03,25,NO CONTROLS,NO CONTROLS,CLEAR,DAYLIGHT,PARKED MOTOR VEHICLE,NOT DIVIDED,,STRAIGHT AND LEVEL,DRY,NO DEFECTS,ON SCENE,NO INJURY / DRIVE AWAY,,,,"$501 - $1,500",4/7/2022 11:07,UNABLE TO DETERMINE,NOT APPLICABLE,2239,S,PRINCETON AVE,914,,,,,,,2,NO INDICATION OF INJURY,0,0,0,0,0,1,0,11,5,4,41.85171105,-87.63462922,POINT (-87.634629215336 41.851711045924)
a5a77ff3fb5c0b4fbf439a1602192d43dcbdd50174bb0d3575ec3949a1bf56609ab37fddcf55ed102ff451d0ad6b859eaef6e6a9f5cc3442e4fcf8de8a9a6701,,,4/7/2022 19:30,30,NO CONTROLS,NO CONTROLS,CLEAR,DUSK,ANGLE,UNKNOWN INTERSECTION TYPE,,STRAIGHT AND LEVEL,DRY,NO DEFECTS,NOT ON SCENE (DESK REPORT),NO INJURY / DRIVE AWAY,,,Y,"$501 - $1,500",4/7/2022 20:15,IMPROPER LANE USAGE,NOT APPLICABLE,6700,S,DR MARTIN LUTHER KING JR DR,322,,,,,,,2,NO INDICATION OF INJURY,0,0,0,0,0,2,0,19,5,4,41.77291003,-87.61559471,POINT (-87.615594705433 41.772910033936)
80a315feec9a9adb903ecc4614687c46453341ba0ca03ef5a32ad9de51fbc36a4d043041fc50f49cd74588a12bc4b0eb3165a422ef13274a105d5db2af8a6e52,,,4/6/2022 18:35,30,TRAFFIC SIGNAL,FUNCTIONING PROPERLY,CLEAR,DAYLIGHT,SIDESWIPE SAME DIRECTION,DIVIDED - W/MEDIAN (NOT RAISED),,STRAIGHT AND LEVEL,DRY,NO DEFECTS,NOT ON SCENE (DESK REPORT),NO INJURY / DRIVE AWAY,,,Y,"OVER $1,500",4/6/2022 18:45,FAILING TO YIELD RIGHT-OF-WAY,IMPROPER LANE USAGE,10601,S,AVENUE O,432,,,,,,,2,NO INDICATION OF INJURY,0,0,0,0,0,3,0,18,4,4,41.70266384,-87.53995125,POINT (-87.539951253519 41.702663840308)
e56aa7c41e95b2ce51e24ddb7df5d72b3cfa456452e4934be20274e6c5a68b7b33b27b1e33bd85d15a0aeea25bea1564f9847a123fd87553a327d3b7e0f84443,,,4/7/2022 17:52,30,NO CONTROLS,NO CONTROLS,CLEAR,DAYLIGHT,REAR END,NOT DIVIDED,,STRAIGHT AND LEVEL,DRY,NO DEFECTS,NOT ON SCENE (DESK REPORT),NO INJURY / DRIVE AWAY,,,,"$501 - $1,500",4/7/2022 17:52,NOT APPLICABLE,NOT APPLICABLE,2333,W,51ST ST,932,,,,,,,2,NO INDICATION OF INJURY,0,0,0,0,0,2,0,17,5,4,41.80101085,-87.68323693,POINT (-87.683236932759 41.801010852815)
af474fbf8238f1debb3a49e95a48865a456ca35fb3843349b9a5c3871a18fb1a242e2d465036ec57b3955cf074e37f3faa90a2db309803feb57f51d06c198879,,Y,4/6/2022 19:00,30,NO CONTROLS,NO CONTROLS,CLEAR,"DARKNESS, LIGHTED ROAD",PARKED MOTOR VEHICLE,ONE-WAY,,STRAIGHT AND LEVEL,UNKNOWN,UNKNOWN,NOT ON SCENE (DESK REPORT),NO INJURY / DRIVE AWAY,,,Y,"OVER $1,500",4/7/2022 17:15,UNABLE TO DETERMINE,UNABLE TO DETERMINE,3105,N,DAVLIN CT,2523,,,,,,,2,NO INDICATION OF INJURY,0,0,0,0,0,1,0,19,4,4,41.93732094,-87.72401769,POINT (-87.72401769394 41.937320937488)
37e2d642485c7ef69b745f81ed3b8774f4d4f91232d6730512d09d9bd42fff3f12257b7b5c1ba85a239dfbedc18f25691da0979922ca650fbd0680154f8ca5f0,,Y,4/7/2022 11:00,30,NO CONTROLS,NO CONTROLS,CLEAR,DAYLIGHT,PARKED MOTOR VEHICLE,NOT DIVIDED,,STRAIGHT AND LEVEL,DRY,NO DEFECTS,NOT ON SCENE (DESK REPORT),NO INJURY / DRIVE AWAY,,,Y,"$501 - $1,500",4/7/2022 13:40,UNABLE TO DETERMINE,NOT APPLICABLE,6303,N,TROY ST,2413,,,,,,,2,NO INDICATION OF INJURY,0,0,0,0,0,1,0,11,5,4,41.99579032,-87.7079302,POINT (-87.707930203621 41.995790323474)
f6f6b05096247f618fbf52f290ed8965a3fc49dc97b125efb6ed44497c27fee14c2b1c1cef6bc621eced3c8545388a7c6d3e5b05c3e778c9dcd99d2995662009,,,4/7/2022 15:16,20,STOP SIGN/FLASHER,FUNCTIONING PROPERLY,CLEAR,DAYLIGHT,ANGLE,FOUR WAY,,STRAIGHT AND LEVEL,DRY,UNKNOWN,ON SCENE,INJURY AND / OR TOW DUE TO CRASH,Y,,,"OVER $1,500",4/7/2022 15:22,UNABLE TO DETERMINE,UNABLE TO DETERMINE,5000,W,WOLFRAM ST,2521,,,,,,,2,"REPORTED, NOT EVIDENT",1,0,0,0,1,4,0,15,5,4,41.9324904,-87.75166608,POINT (-87.751666079636 41.932490396757)
e9f3ef07561a67122a49d1a43a76c2f06e30c55e287d266cb1ad340adddf6d9801c219a4da3e51e6c7231c0b86adb4089f2b51fc9c1806e2b4a38fe311f8a106,,,4/7/2022 18:30,30,UNKNOWN,UNKNOWN,CLEAR,DAYLIGHT,TURNING,ONE-WAY,,STRAIGHT AND LEVEL,UNKNOWN,UNKNOWN,NOT ON SCENE (DESK REPORT),NO INJURY / DRIVE AWAY,,,,"$501 - $1,500",4/7/2022 19:00,FAILING TO YIELD RIGHT-OF-WAY,DRIVING SKILLS/KNOWLEDGE/EXPERIENCE,3123,W,CULLOM AVE,1724,,,,,,,2,NO INDICATION OF INJURY,0,0,0,0,0,2,0,18,5,4,41.95925891,-87.70681284,POINT (-87.706812838801 41.959258913843)
3f9c9cbe226c89ef37ab70d37e42366ba73a0d6f3b9745517ab2101de13f04f569afd147ca17c1e26acc250ac66aff0222056be3ed9ed2a3e6cbd6d0a6a1626e,JF200982,,3/7/2022 22:35,30,NO CONTROLS,NO CONTROLS,RAIN,"DARKNESS, LIGHTED ROAD",FIXED OBJECT,DIVIDED - W/MEDIAN (NOT RAISED),,STRAIGHT AND LEVEL,WET,"RUT, HOLES",ON SCENE,INJURY AND / OR TOW DUE TO CRASH,,,,"$501 - $1,500",4/7/2022 23:20,ROAD ENGINEERING/SURFACE/MARKING DEFECTS,NOT APPLICABLE,6019,N,CLARK ST,2433,,,,,,,1,NO INDICATION OF INJURY,0,0,0,0,0,1,0,22,2,3,41.9913689,-87.66989672,POINT (-87.669896721444 41.991368900001)
3f13027558d6652e988ba6dbaaeabfcab54f16046f676ef4cae779bd7f9c5afe95850330248be07d21aa73910b1d29c75d7a6b771588703bf8a836a2eb6bbd12,,,4/7/2022 7:53,30,NO CONTROLS,NO CONTROLS,CLOUDY/OVERCAST,DAYLIGHT,REAR END,FOUR WAY,,STRAIGHT AND LEVEL,DRY,NO DEFECTS,NOT ON SCENE (DESK REPORT),NO INJURY / DRIVE AWAY,Y,,Y,$500 OR LESS,4/7/2022 9:34,FAILING TO YIELD RIGHT-OF-WAY,NOT APPLICABLE,1700,S,DAMEN AVE,1234,,,,,,,3,NO INDICATION OF INJURY,0,0,0,0,0,3,0,7,5,4,41.85852425,-87.67616487,POINT (-87.676164872073 41.858524246754)
d4fa1bc5459937445fe71cf4620b73a3792c9d1581c1447a42167de286f2b177f9279a72d5a9574bfb6cff8f295239319f33925e6ebedc54c5878e6aee11f9bd,,,4/7/2022 16:30,30,TRAFFIC SIGNAL,FUNCTIONING PROPERLY,CLEAR,DAYLIGHT,SIDESWIPE SAME DIRECTION,NOT DIVIDED,,STRAIGHT AND LEVEL,DRY,NO DEFECTS,NOT ON SCENE (DESK REPORT),NO INJURY / DRIVE AWAY,Y,,,"$501 - $1,500",4/7/2022 19:22,UNABLE TO DETERMINE,UNABLE TO DETERMINE,611,N,FAIRBANKS CT,1834,,,,,,,2,NO INDICATION OF INJURY,0,0,0,0,0,2,0,16,5,4,41.89300534,-87.62012063,POINT (-87.620120627254 41.893005337445)
d3637b93e8e67e8698afc9f4cef6204a1f6e99489c23bf007bb1792656c92403324391f53ef3e4afd29c0c1abeff19c52ac723dc0ee8f376c22ca62e4dbcebd9,,,4/7/2022 7:30,15,NO CONTROLS,NO CONTROLS,CLEAR,DAYLIGHT,SIDESWIPE SAME DIRECTION,ALLEY,,STRAIGHT AND LEVEL,DRY,NO DEFECTS,ON SCENE,NO INJURY / DRIVE AWAY,,,,"OVER $1,500",4/7/2022 7:30,"VISION OBSCURED (SIGNS, TREE LIMBS, BUILDINGS, ETC.)",UNABLE TO DETERMINE,6209,N,SACRAMENTO AVE,2413,,,,,,,2,NO INDICATION OF INJURY,0,0,0,0,0,2,0,7,5,4,41.9942189,-87.70423654,POINT (-87.704236544396 41.994218896436)
765ceb7cfd919a6630ebbd9870658247a4e5ad200af28fdde33d44973293d6077e5757effa6b00413c1bec2ec0210e547205992d1a9d1ef098ec18b13dd20813,,,4/7/2022 19:20,30,NO CONTROLS,NO CONTROLS,CLEAR,"DARKNESS, LIGHTED ROAD",ANGLE,DIVIDED - W/MEDIAN (NOT RAISED),,STRAIGHT AND LEVEL,WET,NO DEFECTS,ON SCENE,NO INJURY / DRIVE AWAY,,,Y,"OVER $1,500",4/7/2022 19:22,FAILING TO YIELD RIGHT-OF-WAY,IMPROPER TURNING/NO SIGNAL,495,N,ASHLAND AVE,1215,,,,,,,2,NO INDICATION OF INJURY,0,0,0,0,0,2,0,19,5,4,41.89095854,-87.66699527,POINT (-87.666995274025 41.890958540357)
7addb233235c83e92a192f3ddcaad3aa8ea8d088b714071ff56b336e17f658224314c5931cb7ec522475b54b0076b37e6956167cab01b2ef2369ef39c37ea01a,,,4/7/2022 16:00,30,NO CONTROLS,NO CONTROLS,CLEAR,DAYLIGHT,REAR END,NOT DIVIDED,,STRAIGHT AND LEVEL,DRY,NO DEFECTS,NOT ON SCENE (DESK REPORT),NO INJURY / DRIVE AWAY,,,,"$501 - $1,500",4/7/2022 16:37,NOT APPLICABLE,NOT APPLICABLE,5400,S,PULASKI RD,815,,,,,,,2,NO INDICATION OF INJURY,0,0,0,0,0,3,0,16,5,4,41.79495745,-87.72335657,POINT (-87.723356564996 41.794957444828)
9e73ba7f9f51628cd8420d1ee899501070887a941a3e2fc8786f10e735cac6bfcd6c1a4747c1f6a27d10bbb5e3fcc76653ba737b808edb47ccec0615097680a6,,Y,4/7/2022 7:00,30,NO CONTROLS,NO CONTROLS,UNKNOWN,UNKNOWN,PARKED MOTOR VEHICLE,ONE-WAY,,STRAIGHT AND LEVEL,UNKNOWN,NO DEFECTS,NOT ON SCENE (DESK REPORT),NO INJURY / DRIVE AWAY,,,Y,"OVER $1,500",4/7/2022 8:30,UNABLE TO DETERMINE,NOT APPLICABLE,7430,S,CALUMET AVE,323,,,,,,,2,NO INDICATION OF INJURY,0,0,0,0,0,1,0,7,5,4,41.75926168,-87.61686956,POINT (-87.616869560183 41.759261675658)
bebadf63e601720948f477840bb6531a822c159c8b685e9329a896e1c0eaea69f5cd7082dfed843b24dff75b3de976d88ef858b337750913bf1bae50293a158a,,Y,4/1/2022 9:00,35,NO CONTROLS,NO CONTROLS,CLEAR,DAYLIGHT,PARKED MOTOR VEHICLE,NOT DIVIDED,,STRAIGHT AND LEVEL,DRY,NO DEFECTS,NOT ON SCENE (DESK REPORT),NO INJURY / DRIVE AWAY,,,Y,"$501 - $1,500",4/7/2022 10:15,UNABLE TO DETERMINE,NOT APPLICABLE,6033,N,KEELER AVE,1711,,,,,,,2,NO INDICATION OF INJURY,0,0,0,0,0,1,0,9,6,4,41.9910643,-87.73356937,POINT (-87.733569366589 41.991064298153)
106a59c1e0fe8d9b7102d289c139e0c0275d10bb00ddf595ae93b4b5758931ecaa0ea317a74829f1e46a215b6cca5ff68c87617b6edc3ba8c5a5365da46bffb5,,,4/5/2022 8:10,35,PEDESTRIAN CROSSING SIGN,FUNCTIONING PROPERLY,FOG/SMOKE/HAZE,DAYLIGHT,PEDESTRIAN,TRAFFIC ROUTE,,STRAIGHT AND LEVEL,DRY,NO DEFECTS,ON SCENE,INJURY AND / OR TOW DUE TO CRASH,Y,,Y,$500 OR LESS,4/5/2022 8:39,FAILING TO YIELD RIGHT-OF-WAY,UNABLE TO DETERMINE,941,W,HARRISON ST,1232,,,,,,,2,NONINCAPACITATING INJURY,1,0,0,1,0,1,0,8,3,4,41.87427437,-87.65107748,POINT (-87.651077476456 41.874274372153)
daa247fb1e9acbb00772217507ccc692244dce52f9fa9bc1a30458516325306237e0b6c8302f1d7b1353a8f4bb65f2644ad1dc7b0e9f929eb45ba248598ce8ec,,,4/1/2022 12:40,40,NO CONTROLS,NO CONTROLS,CLEAR,DAYLIGHT,OTHER OBJECT,DIVIDED - W/MEDIAN BARRIER,,STRAIGHT AND LEVEL,DRY,NO DEFECTS,NOT ON SCENE (DESK REPORT),NO INJURY / DRIVE AWAY,,,,"OVER $1,500",4/6/2022 13:37,UNABLE TO DETERMINE,UNABLE TO DETERMINE,4600,N,LAKE SHORE DR NB,1914,,,,,,,1,NO INDICATION OF INJURY,0,0,0,0,0,1,0,12,6,4,41.96571849,-87.64747666,POINT (-87.647476655051 41.965718487888)
5105557c9aad11b71057bb24e0276351cb9ca4722f096b44bb792013959d7fec3aa80accee32aaf39926b179f33c5d5c1b3a8d1e2210a2d70d88ca7bc310b12b,,,4/6/2022 17:21,25,TRAFFIC SIGNAL,FUNCTIONING PROPERLY,CLEAR,DAYLIGHT,TURNING,T-INTERSECTION,,STRAIGHT AND LEVEL,DRY,NO DEFECTS,ON SCENE,NO INJURY / DRIVE AWAY,Y,,,"OVER $1,500",4/6/2022 17:25,FAILING TO YIELD RIGHT-OF-WAY,UNABLE TO DETERMINE,1115,S,RACINE AVE,1232,,Y,,,,,2,NO INDICATION OF INJURY,0,0,0,0,0,3,0,17,4,4,41.86768828,-87.65655841,POINT (-87.656558405829 41.867688277449)
9c43c53b7ff237e5ea45116162be19eaa2d476aed4ade9cf37ffcbec759db8501077a8b39cc2774bab30da62eb2706f1bfbf583a363dfde94a06f9e8db071f60,,,4/7/2022 15:47,15,NO CONTROLS,NO CONTROLS,CLEAR,DAYLIGHT,TURNING,PARKING LOT,,STRAIGHT AND LEVEL,WET,NO DEFECTS,ON SCENE,INJURY AND / OR TOW DUE TO CRASH,,,,"OVER $1,500",4/7/2022 16:03,FAILING TO YIELD RIGHT-OF-WAY,UNABLE TO DETERMINE,2600,N,NARRAGANSETT AVE,2512,,,,,,,2,NO INDICATION OF INJURY,0,0,0,0,0,2,0,15,5,4,41.92742709,-87.78573363,POINT (-87.785733627742 41.927427092188)
5acd799935552bb220d78cee82f76506788f2014b6d60f8388a891f37965778677bb23ce706c47e95962ae4ffc49327e9a94a373182956496d363d814a524d3a,,,4/7/2022 18:00,30,STOP SIGN/FLASHER,FUNCTIONING PROPERLY,RAIN,DAYLIGHT,REAR END,NOT DIVIDED,,STRAIGHT AND LEVEL,DRY,NO DEFECTS,ON SCENE,INJURY AND / OR TOW DUE TO CRASH,,,,"OVER $1,500",4/7/2022 18:19,UNABLE TO DETERMINE,FOLLOWING TOO CLOSELY,1617,W,99TH ST,2213,,,,,,,2,NO INDICATION OF INJURY,0,0,0,0,0,2,0,18,5,4,41.71383421,-87.6639653,POINT (-87.663965295857 41.71383421269)
ad7f6c7af2727266fb43dfaf747d9d587fc7f46b255b5c5f5c8e6cc51eb8595a37bbc7fd318266c9124cc46452cd8fee1030b57531a28526a65029f7f0e0e82c,,,4/7/2022 18:05,30,NO CONTROLS,NO CONTROLS,FREEZING RAIN/DRIZZLE,DAYLIGHT,SIDESWIPE SAME DIRECTION,DIVIDED - W/MEDIAN (NOT RAISED),,STRAIGHT AND LEVEL,WET,NO DEFECTS,ON SCENE,INJURY AND / OR TOW DUE TO CRASH,,,,"OVER $1,500",4/7/2022 18:07,UNABLE TO DETERMINE,UNABLE TO DETERMINE,3337,W,BELMONT AVE,1412,,,,,,,2,NO INDICATION OF INJURY,0,0,0,0,0,3,0,18,5,4,41.9391926,-87.71156589,POINT (-87.711565888431 41.939192602255)
a0228731da14cea0718e29555fec8fc0b2c65de05a7158e715274c85c087366858031afd82856d70622e34997f475c151beafd66039ff0a92e11866c00da761f,,,4/7/2022 18:05,30,NO CONTROLS,NO CONTROLS,RAIN,DAYLIGHT,SIDESWIPE SAME DIRECTION,NOT DIVIDED,,STRAIGHT AND LEVEL,WET,NO DEFECTS,ON SCENE,INJURY AND / OR TOW DUE TO CRASH,,,,"$501 - $1,500",4/7/2022 18:10,UNABLE TO DETERMINE,FAILING TO YIELD RIGHT-OF-WAY,3937,W,BELMONT AVE,2523,,,,,,,2,NO INDICATION OF INJURY,0,0,0,0,0,2,0,18,5,4,41.93900878,-87.72523226,POINT (-87.725232254518 41.939008776884)
670f42157af6046c55c2747bf614a4bc32805ece8ed3e72e5d3c56683e1b17700e4f8dd23972c7f7584b6f2dcbb1a736662bae1268df69e00f9208989d4df18c,,,4/7/2022 7:05,5,NO CONTROLS,NO CONTROLS,CLEAR,DAYLIGHT,REAR TO FRONT,OTHER,,STRAIGHT AND LEVEL,DRY,NO DEFECTS,ON SCENE,NO INJURY / DRIVE AWAY,,Y,,"OVER $1,500",4/7/2022 7:15,DRIVING SKILLS/KNOWLEDGE/EXPERIENCE,NOT APPLICABLE,240,E,ONTARIO ST,1834,,,,,,,2,NO INDICATION OF INJURY,0,0,0,0,0,2,0,7,5,4,41.89348825,-87.62164488,POINT (-87.621644879906 41.893488244752)
8fbaded78d99a33355616009629f1835bfd7b2ea47b1f46339807bca160ce0393767bf1ccdd4644cbf04ca8331a3246b5452b64e1c481e99ac49068c1191f97c,,,4/2/2022 11:45,30,TRAFFIC SIGNAL,FUNCTIONING PROPERLY,CLEAR,DAYLIGHT,TURNING,DIVIDED - W/MEDIAN (NOT RAISED),,STRAIGHT AND LEVEL,DRY,NO DEFECTS,NOT ON SCENE (DESK REPORT),NO INJURY / DRIVE AWAY,,,,"OVER $1,500",4/2/2022 12:35,FAILING TO YIELD RIGHT-OF-WAY,FAILING TO REDUCE SPEED TO AVOID CRASH,2400,W,ADDISON ST,1921,,,,,,,2,NO INDICATION OF INJURY,0,0,0,0,0,2,0,11,7,4,41.94683999,-87.68832019,POINT (-87.68832019253 41.946839991005)
847cb977bdc233b98f5f72d9908a2deabc4b25816632a21bdaf3cf1f6cacb5a350ca93d0939b008df93d8902a7da8b64f007a7af5a2f445335a41c4cee7186a5,,,4/7/2022 17:38,30,NO CONTROLS,UNKNOWN,UNKNOWN,UNKNOWN,PARKED MOTOR VEHICLE,NOT DIVIDED,,STRAIGHT AND LEVEL,UNKNOWN,UNKNOWN,ON SCENE,NO INJURY / DRIVE AWAY,,,Y,"OVER $1,500",4/7/2022 17:43,UNABLE TO DETERMINE,UNABLE TO DETERMINE,4741,W,DIVERSEY AVE,2521,,,,,,,2,NO INDICATION OF INJURY,0,0,0,0,0,1,0,17,5,4,41.93143369,-87.74579906,POINT (-87.745799059919 41.931433684649)
42fed85a975f8e768723236971baf0b4d498de2692ba336ef55cbecb09ff21832d3a31d50f6ae965a9fcb924b98d38be5484cd434dd48c22f9759942f66df8f0,,,4/6/2022 10:50,30,NO CONTROLS,NO CONTROLS,CLEAR,DAYLIGHT,SIDESWIPE SAME DIRECTION,DIVIDED - W/MEDIAN (NOT RAISED),,STRAIGHT AND LEVEL,DRY,WORN SURFACE,ON SCENE,NO INJURY / DRIVE AWAY,,,,"OVER $1,500",4/6/2022 10:53,IMPROPER OVERTAKING/PASSING,UNABLE TO DETERMINE,4407,S,KEDZIE AVE,922,,,,,,,2,NO INDICATION OF INJURY,0,0,0,0,0,2,0,10,4,4,41.81332131,-87.70403294,POINT (-87.704032939411 41.813321309243)
310ab27dbd00b974cd64a1440bc5280632854ca555c8ac2b76d1794a607007a0877ae753d93d381c2e3f46c275eb5437bcb98e0526a85c1d3658e76559bcefb9,,,4/7/2022 23:00,30,TRAFFIC SIGNAL,FUNCTIONING PROPERLY,CLEAR,"DARKNESS, LIGHTED ROAD",TURNING,DIVIDED - W/MEDIAN (NOT RAISED),,STRAIGHT AND LEVEL,DRY,NO DEFECTS,NOT ON SCENE (DESK REPORT),NO INJURY / DRIVE AWAY,,,Y,"$501 - $1,500",4/8/2022 0:12,IMPROPER LANE USAGE,NOT APPLICABLE,2200,S,DAMEN AVE,1034,,,,,,,2,NO INDICATION OF INJURY,0,0,0,0,0,3,0,23,5,4,41.85212766,-87.67598545,POINT (-87.675985449051 41.852127660753)
7aac6ff7112a09f96162300ebfe73377a8b056677e898725fdaabd131ca1a17ae4a70fe14f35d51b80f8241a517c8ba323ab3ca2870400805f0f4cfce7cf983a,,,4/1/2022 14:20,5,NO CONTROLS,NO CONTROLS,CLEAR,DAYLIGHT,PARKED MOTOR VEHICLE,PARKING LOT,,STRAIGHT AND LEVEL,DRY,NO DEFECTS,ON SCENE,NO INJURY / DRIVE AWAY,,Y,,"OVER $1,500",4/1/2022 14:25,IMPROPER BACKING,NOT APPLICABLE,7365,N,CLARK ST,2423,,,,,,,2,NO INDICATION OF INJURY,0,0,0,0,0,1,0,14,6,4,42.0156567,-87.67499469,POINT (-87.674994687782 42.015656694537)
91bff21cb51f64647ca031c1309b5c77be6b59aa46397f6323983667bf919c6623cc174dbaa0461633fb5f6c94b91c79bccd5c95adbbe201d85b7ebfbdca5e1a,,,4/6/2022 11:30,30,TRAFFIC SIGNAL,FUNCTIONING PROPERLY,CLEAR,DAYLIGHT,TURNING,NOT DIVIDED,,STRAIGHT ON GRADE,DRY,NO DEFECTS,NOT ON SCENE (DESK REPORT),NO INJURY / DRIVE AWAY,,,Y,"OVER $1,500",4/6/2022 20:00,UNABLE TO DETERMINE,UNABLE TO DETERMINE,7900,S,KEDZIE AVE,834,,,,,,,2,NO INDICATION OF INJURY,0,0,0,0,0,2,0,11,4,4,41.74972397,-87.70253957,POINT (-87.702539571674 41.749723971726)
7327253ac8b089922d410f83284dfc869e740cfa7c91ae50330b911169b70a98345e25703ec89c9c9979cd489e7e81a109a23432326fba1186647589c2d3cad8,,,4/7/2022 14:05,30,UNKNOWN,UNKNOWN,CLEAR,DAYLIGHT,SIDESWIPE SAME DIRECTION,NOT DIVIDED,,STRAIGHT AND LEVEL,UNKNOWN,UNKNOWN,NOT ON SCENE (DESK REPORT),NO INJURY / DRIVE AWAY,,,,"$501 - $1,500",4/7/2022 15:15,IMPROPER OVERTAKING/PASSING,IMPROPER OVERTAKING/PASSING,2818,W,ADDISON ST,1733,,,,,,,2,NO INDICATION OF INJURY,0,0,0,0,0,2,0,14,5,4,41.94678716,-87.69880186,POINT (-87.698801856798 41.946787162273)
1440f5d1c1e93fe55a30ff31ae645083ae32fc9c094b0c00754ad0a7ef882e9d587b5d630b53737888638dcc3ee93f47ba968293a56eef99572aee463ac04ffb,,,4/7/2022 16:34,45,NO CONTROLS,NO CONTROLS,UNKNOWN,DAYLIGHT,SIDESWIPE SAME DIRECTION,DIVIDED - W/MEDIAN BARRIER,,STRAIGHT AND LEVEL,UNKNOWN,UNKNOWN,NOT ON SCENE (DESK REPORT),NO INJURY / DRIVE AWAY,,,Y,"OVER $1,500",4/7/2022 23:15,UNABLE TO DETERMINE,UNABLE TO DETERMINE,500,N,LAKE SHORE DR,1834,,,,,,,2,NO INDICATION OF INJURY,0,0,0,0,0,2,0,16,5,4,41.89111833,-87.61438469,POINT (-87.614384684631 41.891118332732)
1e016acec28c846e8c12a15d6654e70d85a6ecad02619df041c662d1fa34800266b3b78bcfeab9dfffc70c3f653c907efacb018b8d014df94764f9399c159cc1,,,4/7/2022 8:01,30,TRAFFIC SIGNAL,FUNCTIONING PROPERLY,CLEAR,DAYLIGHT,TURNING,FOUR WAY,,STRAIGHT AND LEVEL,DRY,NO DEFECTS,NOT ON SCENE (DESK REPORT),INJURY AND / OR TOW DUE TO CRASH,,,Y,"$501 - $1,500",4/7/2022 8:15,FAILING TO REDUCE SPEED TO AVOID CRASH,NOT APPLICABLE,2126,N,CENTRAL AVE,2515,,,,,,,2,"REPORTED, NOT EVIDENT",1,0,0,0,1,1,0,8,5,4,41.91872815,-87.76593607,POINT (-87.765936072083 41.918728146846)
a29b7b80043852aefb6960dcfd479b7fd60ea61f32808bf8b1d42d455c93c8ce2477748bcaffe2d3a4e22103d569d72271a39143d1ecc90062a98d520d10a763,,,4/7/2022 13:34,30,NO CONTROLS,NO CONTROLS,CLEAR,DAYLIGHT,TURNING,NOT DIVIDED,,STRAIGHT AND LEVEL,DRY,NO DEFECTS,NOT ON SCENE (DESK REPORT),NO INJURY / DRIVE AWAY,,,,"$501 - $1,500",4/7/2022 16:00,UNABLE TO DETERMINE,NOT APPLICABLE,2100,W,OGDEN AVE,1225,,,,,,,2,NO INDICATION OF INJURY,0,0,0,0,0,2,0,13,5,4,41.87050126,-87.67931537,POINT (-87.679315369508 41.87050125845)
86eafcaa686c8b71efcf123b5a570f572ed816ae7d19ffba645d216305d1bf1f27f9681f502ed365665ff8eb5849ae45486a32f32356ef939b15870f5d46d560,,,4/7/2022 19:30,30,TRAFFIC SIGNAL,FUNCTIONING PROPERLY,FREEZING RAIN/DRIZZLE,"DARKNESS, LIGHTED ROAD",SIDESWIPE SAME DIRECTION,DIVIDED - W/MEDIAN (NOT RAISED),,STRAIGHT AND LEVEL,WET,NO DEFECTS,NOT ON SCENE (DESK REPORT),NO INJURY / DRIVE AWAY,,,Y,"OVER $1,500",4/7/2022 20:20,FAILING TO YIELD RIGHT-OF-WAY,IMPROPER LANE USAGE,1960,N,MILWAUKEE AVE,1434,,,,,,,2,NO INDICATION OF INJURY,0,0,0,0,0,3,0,19,5,4,41.91697543,-87.68788557,POINT (-87.687885570882 41.916975425667)