CRASH_RECORD_ID,RD_NO,CRASH_DATE_EST_I,CRASH_DATE,POSTED_SPEED_LIMIT,TRAFFIC_CONTROL_DEVICE,DEVICE_CONDITION,WEATHER_CONDITION,LIGHTING_CONDITION,FIRST_CRASH_TYPE,TRAFFICWAY_TYPE,LANE_CNT,ALIGNMENT,ROADWAY_SURFACE_COND,ROAD_DEFECT,REPORT_TYPE,CRASH_TYPE,INTERSECTION_RELATED_I,NOT_RIGHT_OF_WAY_I,HIT_AND_RUN_I,DAMAGE,DATE_POLICE_NOTIFIED,PRIM_CONTRIBUTORY_CAUSE,SEC_CONTRIBUTORY_CAUSE,STREET_NO,STREET_DIRECTION,STREET_NAME,BEAT_OF_OCCURRENCE,PHOTOS_TAKEN_I,STATEMENTS_TAKEN_I,DOORING_I,WORK_ZONE_I,WORK_ZONE_TYPE,WORKERS_PRESENT_I,NUM_UNITS,MOST_SEVERE_INJURY,INJURIES_TOTAL,INJURIES_FATAL,INJURIES_INCAPACITATING,INJURIES_NON_INCAPACITATING,INJURIES_REPORTED_NOT_EVIDENT,INJURIES_NO_INDICATION,INJURIES_UNKNOWN,CRASH_HOUR,CRASH_DAY_OF_WEEK,CRASH_MONTH,LATITUDE,LONGITUDE,LOCATION
e49dec850908cd10dd1676b0f1741b6d5e9fc192280df13020e91c1516852b88cb979a06cbed3da225229a118c3b26a2fbd8772ec420922c0f433cc6749640c5,,,4/7/2022 7:55,30,NO CONTROLS,NO CONTROLS,CLOUDY/OVERCAST,DAYLIGHT,REAR END,NOT DIVIDED,,STRAIGHT AND LEVEL,DRY,NO DEFECTS,NOT ON SCENE (DESK REPORT),NO INJURY / DRIVE AWAY,,,,"$501 - $1,500",4/7/2022 8:15,IMPROPER BACKING,NOT APPLICABLE,3506,N,CLARK ST,1924,,,,,,,2,NO INDICATION OF INJURY,0,0,0,0,0,3,0,7,5,4,41.94574252,-87.65551181,POINT (-87.655511811788 41.945742521799)
ebde06e735ce4890bbf695025a52ca8ed2dc8b3cd89116ec56024a2043f1d17dc692aa8cdd356f87766c39923a01bdf4c572bf49af619da9fd25b199437b5e51,,,4/7/2022 18:59,30,TRAFFIC SIGNAL,FUNCTIONING PROPERLY,RAIN,"DARKNESS, LIGHTED ROAD",TURNING,NOT DIVIDED,,STRAIGHT AND LEVEL,WET,NO DEFECTS,ON SCENE,INJURY AND / OR TOW DUE TO CRASH,,,,"OVER $1,500",4/7/2022 19:10,FAILING TO YIELD RIGHT-OF-WAY,UNABLE TO DETERMINE,2358,W,47TH ST,922,,,,,,,2,NO INDICATION OF INJURY,0,0,0,0,0,3,0,18,5,4,41.80852657,-87.68377824,POINT (-87.683778235311 41.808526571636)
5c67db590497f89b8c07f9727aea0633b7e3668bf05c14f26a419a48c06a39f8dc4ed7a2be591b1cd4290e7e3b9b72d7991db0d471860b3ccd722c6299e99606,,,4/7/2022 5:00,30,NO CONTROLS,NO CONTROLS,UNKNOWN,UNKNOWN,PARKED MOTOR VEHICLE,NOT DIVIDED,,STRAIGHT AND LEVEL,UNKNOWN,UNKNOWN,NOT ON SCENE (DESK REPORT),NO INJURY / DRIVE AWAY,,,Y,"OVER $1,500",4/7/2022 8:30,UNABLE TO DETERMINE,UNABLE TO DETERMINE,1043,N,AUSTIN BLVD,1511,,,,,,,2,NO INDICATION OF INJURY,0,0,0,0,0,1,0,5,5,4,41.89963139,-87.77513842,POINT (-87.77513841874 41.899631389507)
864074ac86bf8ba9346ebfc550a954b68c5c6bd2f8b47162ddcd5e5152524573a00f70cd867a88477b2686d240a57856a7df06ebd053c18adbf0828a86c28662,,,4/4/2022 14:36,30,UNKNOWN,UNKNOWN,UNKNOWN,DAYLIGHT,REAR END,DIVIDED - W/MEDIAN (NOT RAISED),,STRAIGHT AND LEVEL,UNKNOWN,UNKNOWN,NOT ON SCENE (DESK REPORT),NO INJURY / DRIVE AWAY,,,,$500 OR LESS,4/4/2022 15:30,UNABLE TO DETERMINE,NOT APPLICABLE,6009,N,BROADWAY,2433,,,,,,,2,NO INDICATION OF INJURY,0,0,0,0,0,2,0,14,2,4,41.99118175,-87.66015508,POINT (-87.660155083224 41.991181753447)
5acae8e5426ad3428d690d54eebec578d02c2fff036376854cf3bf70083a7baf4d2cd60b89406d6f34c3968f36ab22c158a00bdff5d69670e89506f10164f34b,,,4/7/2022 8:00,30,NO CONTROLS,NO CONTROLS,CLOUDY/OVERCAST,DAYLIGHT,PARKED MOTOR VEHICLE,DIVIDED - W/MEDIAN BARRIER,,STRAIGHT AND LEVEL,DRY,NO DEFECTS,ON SCENE,NO INJURY / DRIVE AWAY,,,,"OVER $1,500",4/7/2022 8:02,WEATHER,UNABLE TO DETERMINE,4521,S,ASHLAND AVE,924,,,,,,,2,NO INDICATION OF INJURY,0,0,0,0,0,2,0,8,5,4,41.81157557,-87.66490152,POINT (-87.66490151709 41.811575567338)
aba80faf824190beaa8843802506c9ad4c79d811db46f5caae5fbf2e8cd1586c9cb464cbd1bbfd5a96510c83fc350c2a498e38fe9fc215ff7d584c2d9d43ddd2,,,4/6/2022 18:45,30,TRAFFIC SIGNAL,FUNCTIONING PROPERLY,RAIN,DAYLIGHT,SIDESWIPE SAME DIRECTION,NOT DIVIDED,,STRAIGHT AND LEVEL,WET,UNKNOWN,NOT ON SCENE (DESK REPORT),NO INJURY / DRIVE AWAY,,,Y,"OVER $1,500",4/7/2022 10:00,UNABLE TO DETERMINE,UNABLE TO DETERMINE,108,W,SUPERIOR ST,1832,,,,,,,2,NO INDICATION OF INJURY,0,0,0,0,0,2,0,18,4,4,41.89573737,-87.63165199,POINT (-87.631651991143 41.895737371394)
c3b2ab96852c9b71dccb0f2c5413dd3301e0fb648707fd57345f99d8feded64bdb9d374fc16597f66de4ae949b9847ff17a6e5de9918cf00264a059deb35e1b4,,,4/7/2022 7:39,30,NO CONTROLS,NO CONTROLS,CLEAR,DAYLIGHT,SIDESWIPE SAME DIRECTION,NOT DIVIDED,,STRAIGHT AND LEVEL,DRY,NO DEFECTS,NOT ON SCENE (DESK REPORT),NO INJURY / DRIVE AWAY,,,,"OVER $1,500",4/7/2022 8:21,FAILING TO YIELD RIGHT-OF-WAY,FAILING TO YIELD RIGHT-OF-WAY,7843,S,PULASKI RD,833,,,,,,,2,NO INDICATION OF INJURY,0,0,0,0,0,2,0,7,5,4,41.75010679,-87.72178612,POINT (-87.72178611921 41.750106788439)
7bdecc6ba26d8da34ad9fbb8181ecd0faefa5f3c5b337b7faeeff55dcb507ae35710a0164e14d93befe9082d91cb1d0b35b1f8f366dc2e98158419c0474b551c,,,4/6/2022 15:48,30,TRAFFIC SIGNAL,FUNCTIONING PROPERLY,CLEAR,DAYLIGHT,TURNING,DIVIDED - W/MEDIAN BARRIER,,STRAIGHT AND LEVEL,DRY,NO DEFECTS,ON SCENE,NO INJURY / DRIVE AWAY,Y,,,"OVER $1,500",4/6/2022 16:08,FAILING TO YIELD RIGHT-OF-WAY,UNABLE TO DETERMINE,3598,N,ASHLAND AVE,1922,,,,,,,2,NO INDICATION OF INJURY,0,0,0,0,0,2,0,15,4,4,41.94689709,-87.66900309,POINT (-87.669003091329 41.946897088336)
b8987056f28d6aac5c5a151e5c444942ddf068b687c0ce26b827babb2c9351cbc8f65a5dd13ac4df014b7dc421dddf9e5d6b80a1b9f2d5a7cca7afef4b09c3eb,,,4/7/2022 13:57,30,STOP SIGN/FLASHER,OTHER,CLEAR,DAYLIGHT,REAR END,DIVIDED - W/MEDIAN (NOT RAISED),,STRAIGHT AND LEVEL,DRY,NO DEFECTS,ON SCENE,INJURY AND / OR TOW DUE TO CRASH,,,,"OVER $1,500",4/7/2022 15:00,PHYSICAL CONDITION OF DRIVER,NOT APPLICABLE,5901,N,CALIFORNIA AVE,2011,,,,,,,2,NO INDICATION OF INJURY,0,0,0,0,0,2,0,13,5,4,41.98867327,-87.69919488,POINT (-87.699194882295 41.988673271965)
f1dc548c108b5f9a27d78f5b06be61c1a92efc7314d81baf0c360e38c8c0055e81953df7545b656b1b6597cd747fe34dbd35f36623fb596ccc09d255d9bb85f4,,,4/6/2022 14:22,30,NO CONTROLS,NO CONTROLS,CLEAR,DAYLIGHT,ANGLE,NOT DIVIDED,,STRAIGHT AND LEVEL,DRY,NO DEFECTS,NOT ON SCENE (DESK REPORT),NO INJURY / DRIVE AWAY,,,,"OVER $1,500",4/6/2022 14:40,DRIVING SKILLS/KNOWLEDGE/EXPERIENCE,NOT APPLICABLE,4358,W,51ST ST,815,,,,,,,2,NO INDICATION OF INJURY,0,0,0,0,0,2,0,14,4,4,41.80057495,-87.73317635,POINT (-87.733176347826 41.800574950283)
94f6f22324cd16c9a122682ae3ce18f6ff8a64a37e8f412f2fd3d2928bc7a920338157792ea1f96e11fcff649a925f8da8581c044365c545f60f4c8570aa8c8b,,,4/7/2022 21:00,30,STOP SIGN/FLASHER,FUNCTIONING PROPERLY,CLEAR,"DARKNESS, LIGHTED ROAD",PARKED MOTOR VEHICLE,NOT DIVIDED,,STRAIGHT AND LEVEL,WET,NO DEFECTS,NOT ON SCENE (DESK REPORT),NO INJURY / DRIVE AWAY,,,,"$501 - $1,500",4/7/2022 21:30,IMPROPER BACKING,NOT APPLICABLE,35,E,124TH ST,532,,,,,,,2,NO INDICATION OF INJURY,0,0,0,0,0,1,0,21,5,4,41.66882516,-87.62092731,POINT (-87.62092731363 41.668825155249)
352af446c1e30f1782881ad631a559bce8ff7fc6f6783eff1efaf9712ca3e94dd79cf60cda6a0295c4bbebfb4cfce4ad2152ff05ce02b5bdef57abf28051a3bd,,,4/7/2022 17:10,35,STOP SIGN/FLASHER,FUNCTIONING PROPERLY,RAIN,DAYLIGHT,TURNING,T-INTERSECTION,,STRAIGHT AND LEVEL,WET,NO DEFECTS,ON SCENE,NO INJURY / DRIVE AWAY,,,Y,"OVER $1,500",4/7/2022 17:31,FAILING TO YIELD RIGHT-OF-WAY,NOT APPLICABLE,2700,E,130TH ST,433,,,,,,,2,NO INDICATION OF INJURY,0,0,0,0,0,2,0,17,5,4,41.65930647,-87.55800687,POINT (-87.558006873565 41.659306465337)
7117ca2c858ad8dc4e554074d907ecbf72d88a2516c3efb3130ef5e8905ab4ef8e51d2cf3f3db3ae720fb2985944fd7d472385765ed85b11ca583cce3a6a6491,,,4/7/2022 5:31,30,NO CONTROLS,NO CONTROLS,CLEAR,DARKNESS,PARKED MOTOR VEHICLE,DIVIDED - W/MEDIAN (NOT RAISED),,STRAIGHT AND LEVEL,DRY,NO DEFECTS,ON SCENE,INJURY AND / OR TOW DUE TO CRASH,,,,"OVER $1,500",4/7/2022 6:38,UNABLE TO DETERMINE,UNABLE TO DETERMINE,4590,S,ARCHER AVE,821,,,,,,,2,NO INDICATION OF INJURY,0,0,0,0,0,1,0,5,5,4,41.80997608,-87.71117585,POINT (-87.71117584729 41.809976074844)
74495a43037515a4f5df13a7232390240cd0e999515b2d92aeb2cd2d5b94a504e22e2c091d4de46ad04b50cf499378ebf9c20e746c5a11d10c5dc42c8748ad1b,,,4/2/2022 15:00,30,NO CONTROLS,NO CONTROLS,RAIN,DAYLIGHT,FIXED OBJECT,NOT DIVIDED,,STRAIGHT AND LEVEL,WET,"RUT, HOLES",NOT ON SCENE (DESK REPORT),NO INJURY / DRIVE AWAY,,,,$500 OR LESS,4/7/2022 14:15,UNABLE TO DETERMINE,UNABLE TO DETERMINE,5635,N,LAKE SHORE DR SB,2022,,,,,,,1,NO INDICATION OF INJURY,0,0,0,0,0,1,0,15,7,4,41.98499426,-87.65266206,POINT (-87.652662054885 41.984994259396)
159fc4a4d81ebc7163617c542452143b9a21fa89a6e1f9cb797b52b66da13e86aa3a29924a2ae88e5238db0e1ba6e8112690757ee2614dcdb3dad5a9a100f4f0,,Y,4/7/2022 8:00,30,NO CONTROLS,NO CONTROLS,OTHER,UNKNOWN,PARKED MOTOR VEHICLE,PARKING LOT,,STRAIGHT AND LEVEL,DRY,UNKNOWN,ON SCENE,NO INJURY / DRIVE AWAY,,,Y,"OVER $1,500",4/7/2022 16:12,UNABLE TO DETERMINE,UNABLE TO DETERMINE,1310,N,RITCHIE CT,1824,,,,,,,2,NO INDICATION OF INJURY,0,0,0,0,0,1,0,8,5,4,41.90621199,-87.62674663,POINT (-87.626746627192 41.90621199101)
c60fbf067e49a406f7e2f7985e9c7a6e4e0f4490ab1e7a60b0f28c136ceece54e6a0af7411bdb0319c4add27ee7ba9e5ee95305174cbe105c0b1b35d459f8e4d,,,4/7/2022 7:12,30,STOP SIGN/FLASHER,FUNCTIONING PROPERLY,CLEAR,DAYLIGHT,TURNING,FOUR WAY,,STRAIGHT AND LEVEL,DRY,NO DEFECTS,ON SCENE,NO INJURY / DRIVE AWAY,Y,,,"OVER $1,500",4/7/2022 7:15,FAILING TO YIELD RIGHT-OF-WAY,NOT APPLICABLE,1801,W,MONTEREY AVE,2212,,,,,,,2,NO INDICATION OF INJURY,0,0,0,0,0,2,0,7,5,4,41.69082071,-87.66735224,POINT (-87.667352241347 41.690820713076)
c18e904eb689cd2bf0a0617798a8e533743c90135bcbe86012c5fcc8cb4be08e227b29b6e5cda88a7101207679c71f536d26957f231099b0b4f6565d0941ac08,,,4/7/2022 18:41,30,NO CONTROLS,NO CONTROLS,RAIN,"DARKNESS, LIGHTED ROAD",REAR END,NOT DIVIDED,,STRAIGHT AND LEVEL,WET,NO DEFECTS,ON SCENE,NO INJURY / DRIVE AWAY,,,Y,"$501 - $1,500",4/7/2022 19:08,FOLLOWING TOO CLOSELY,FAILING TO YIELD RIGHT-OF-WAY,2337,S,MICHIGAN AVE,132,,,,,,,2,NO INDICATION OF INJURY,0,0,0,0,0,2,0,18,5,4,41.8500047,-87.62358624,POINT (-87.623586243667 41.850004695528)
1b2268ea8f8a4bcc4b5ad4eb477e239a0a7470be63d3920c669bef75ca7529d12b54d94631e8ff048fd755e780c6170680c18ef7012b4397c1306a2ba9036a3b,,,4/6/2022 23:30,30,NO CONTROLS,NO CONTROLS,RAIN,DARKNESS,PARKED MOTOR VEHICLE,ONE-WAY,,STRAIGHT AND LEVEL,WET,UNKNOWN,NOT ON SCENE (DESK REPORT),NO INJURY / DRIVE AWAY,,,Y,"OVER $1,500",4/7/2022 21:45,UNABLE TO DETERMINE,UNABLE TO DETERMINE,1248,W,96TH ST,2213,,,,,,,2,NO INDICATION OF INJURY,0,0,0,0,0,1,0,23,4,4,41.71928877,-87.65482854,POINT (-87.654828537481 41.719288769017)
efd2a17b245f735927a707a80213643f2439746436f646f00a05f544ad337d52e04d03f8376d99234459c786cbabd8b7c24e655b64e4877d97f1bdd523bc5937,,,4/7/2022 18:29,30,UNKNOWN,UNKNOWN,UNKNOWN,UNKNOWN,REAR END,DIVIDED - W/MEDIAN (NOT RAISED),,STRAIGHT AND LEVEL,UNKNOWN,UNKNOWN,NOT ON SCENE (DESK REPORT),NO INJURY / DRIVE AWAY,,,,$500 OR LESS,4/7/2022 19:00,UNABLE TO DETERMINE,NOT APPLICABLE,4953,N,BROADWAY,2033,,,,,,,2,NO INDICATION OF INJURY,0,0,0,0,0,2,0,18,5,4,41.97309108,-87.6596322,POINT (-87.659632196855 41.973091079258)
4ad4cd5378c878fc63287338cb5997fefed028515f2ce845ac14a083ecdbc5dada1e538346852b2de9f0268a3c6eb7e95b27b84945bbf7f99d92cf44ca238726,,,4/6/2022 15:30,30,NO CONTROLS,NO CONTROLS,CLEAR,DAYLIGHT,SIDESWIPE SAME DIRECTION,NOT DIVIDED,,STRAIGHT AND LEVEL,DRY,NO DEFECTS,NOT ON SCENE (DESK REPORT),NO INJURY / DRIVE AWAY,,,Y,"OVER $1,500",4/6/2022 16:20,UNABLE TO DETERMINE,NOT APPLICABLE,4530,S,ARCHER AVE,821,,,,,,,2,NO INDICATION OF INJURY,0,0,0,0,0,2,0,15,4,4,41.81077184,-87.70987777,POINT (-87.709877774223 41.810771843918)
aa66ed507dd6c9ad256b7f3beda76781b11b41a71d6194c03a4987bae5d7158bb70d40c19f9189896f314819c7e500a7df71811e42525579d89e038d96ef9047,,Y,4/7/2022 23:12,30,NO CONTROLS,NO CONTROLS,RAIN,"DARKNESS, LIGHTED ROAD",REAR END,NOT DIVIDED,,STRAIGHT AND LEVEL,WET,NO DEFECTS,ON SCENE,INJURY AND / OR TOW DUE TO CRASH,,,Y,$500 OR LESS,4/7/2022 23:19,NOT APPLICABLE,NOT APPLICABLE,6434,S,COTTAGE GROVE AVE,312,,,,,,,2,NONINCAPACITATING INJURY,2,0,0,2,0,1,0,23,5,4,41.77754346,-87.60601236,POINT (-87.606012361749 41.777543460032)
8aa8bc4add2ccbe1f9ac2cd6aa970f9fe7bf9923a0f4d0b8f97c379ceeefb5ff1315366378de41cc46731bd0c96c46e56bb42b010968e95a2234b64fe9fbef7c,,,4/6/2022 16:30,30,TRAFFIC SIGNAL,FUNCTIONING PROPERLY,CLEAR,DAYLIGHT,REAR END,DIVIDED - W/MEDIAN (NOT RAISED),,STRAIGHT AND LEVEL,DRY,UNKNOWN,NOT ON SCENE (DESK REPORT),NO INJURY / DRIVE AWAY,,,Y,"OVER $1,500",4/6/2022 16:45,UNABLE TO DETERMINE,UNABLE TO DETERMINE,5940,W,FULLERTON AVE,2515,,,,,,,2,NO INDICATION OF INJURY,0,0,0,0,0,3,0,16,4,4,41.92394879,-87.77495539,POINT (-87.774955390746 41.923948786584)
843dedc0bdf94b267d5312bcb21cb7edcb5446d5585d2ab422ada7aead437930ee06f8448f86743793c7e8b3c61f2bcf94604cbe158420e04a40cfc14e883600,,,3/30/2022 8:30,30,NO CONTROLS,NO CONTROLS,CLEAR,DAYLIGHT,PARKED MOTOR VEHICLE,PARKING LOT,,STRAIGHT AND LEVEL,DRY,NO DEFECTS,NOT ON SCENE (DESK REPORT),NO INJURY / DRIVE AWAY,,,Y,"$501 - $1,500",4/6/2022 16:00,IMPROPER BACKING,NOT APPLICABLE,1558,N,KOLIN AVE,2534,,,,,,,2,NO INDICATION OF INJURY,0,0,0,0,0,2,0,8,4,3,41.90932836,-87.7352439,POINT (-87.735243896008 41.909328362452)
48e3b446f8060f0cca307a84a96c11ba6a767ef75cc2411d83c38ea355329e447ad438e7574a3c597458688bb9d718d0936904b8adb277c0ab305ddb338d5d1c,,Y,4/7/2022 5:00,30,NO CONTROLS,NO CONTROLS,UNKNOWN,UNKNOWN,PARKED MOTOR VEHICLE,ONE-WAY,,STRAIGHT AND LEVEL,UNKNOWN,UNKNOWN,NOT ON SCENE (DESK REPORT),NO INJURY / DRIVE AWAY,,,,"OVER $1,500",4/7/2022 12:45,UNABLE TO DETERMINE,NOT APPLICABLE,2443,N,ORCHARD ST,1935,,,,,,,2,NO INDICATION OF INJURY,0,0,0,0,0,1,0,5,5,4,41.92675108,-87.64622953,POINT (-87.646229529868 41.926751078927)
ca9b285f2f818d984850c5dd910f7a32c9cfe2076f3f08ff93d34b9548b0776c5f4a56d636b01e376a59a9495b5ef7df4147c7ffd360cf07adc7a709cf003ab0,,,4/7/2022 7:49,30,NO CONTROLS,NO CONTROLS,CLOUDY/OVERCAST,DAYLIGHT,ANGLE,ALLEY,,STRAIGHT AND LEVEL,DRY,NO DEFECTS,ON SCENE,INJURY AND / OR TOW DUE TO CRASH,,,,"OVER $1,500",4/7/2022 8:14,FAILING TO YIELD RIGHT-OF-WAY,UNABLE TO DETERMINE,5707,S,MAPLEWOOD AVE,824,,,,,,,2,NO INDICATION OF INJURY,0,0,0,0,0,2,0,7,5,4,41.78989628,-87.68744429,POINT (-87.687444290714 41.789896281776)
569d6b97c2fd9e08403f8f1d3d973c16735fe3a54a01197316d1a6368eec1f3a294754d2aabcbf5eb7a70cc8eccc191190357a1d0db48e313c396d851168aac0,,,4/7/2022 8:45,30,STOP SIGN/FLASHER,FUNCTIONING PROPERLY,CLEAR,DAYLIGHT,ANGLE,TRAFFIC ROUTE,,STRAIGHT AND LEVEL,DRY,WORN SURFACE,ON SCENE,INJURY AND / OR TOW DUE TO CRASH,,,N,"OVER $1,500",4/7/2022 8:50,FAILING TO YIELD RIGHT-OF-WAY,NOT APPLICABLE,932,W,82ND ST,613,,,,,,,3,NO INDICATION OF INJURY,0,0,0,0,0,2,0,8,5,4,41.74523337,-87.64758926,POINT (-87.647589257318 41.745233371273)
b5d900e24cf7325c97f19883107485af56de502e6116fdc21cc3b80614bce09da10929353189b0486eb736602dd5a65ebfa356b28edb3df6c25f9d472eff3976,,,4/6/2022 17:30,30,NO CONTROLS,NO CONTROLS,CLEAR,DAYLIGHT,SIDESWIPE SAME DIRECTION,NOT DIVIDED,,STRAIGHT AND LEVEL,DRY,NO DEFECTS,NOT ON SCENE (DESK REPORT),NO INJURY / DRIVE AWAY,Y,,,"OVER $1,500",4/6/2022 18:00,UNABLE TO DETERMINE,NOT APPLICABLE,1712,W,GRAND AVE,1215,,,,,,,2,NO INDICATION OF INJURY,0,0,0,0,0,2,0,17,4,4,41.89104571,-87.67014588,POINT (-87.670145876315 41.891045709647)
608e714923298e0b33ab37c65c852c48d840fcf90d80b0ec7b07b7977228195686c7f8658a5c7ee96453558156d2cb2b004e2002a2259457c1937383f0e76f3c,,,4/7/2022 16:40,30,NO CONTROLS,NO CONTROLS,CLEAR,DAYLIGHT,REAR END,NOT DIVIDED,,STRAIGHT AND LEVEL,DRY,NO DEFECTS,NOT ON SCENE (DESK REPORT),NO INJURY / DRIVE AWAY,,,Y,"$501 - $1,500",4/7/2022 17:40,FOLLOWING TOO CLOSELY,FAILING TO REDUCE SPEED TO AVOID CRASH,4230,W,DIVISION ST,2534,,,,,,,2,NO INDICATION OF INJURY,0,0,0,0,0,4,0,16,5,4,41.90268054,-87.73249539,POINT (-87.732495386939 41.902680540965)
fbca5e3d0a81a2bf8de33dfd943b8431f646a3c2e3404cbf91ea82c26fcaf061fcb7bbb9bbb73f4c9470fdbd10f33bbad5801c7789cacc3abac666928a08236b,,,4/7/2022 10:02,45,TRAFFIC SIGNAL,FUNCTIONING PROPERLY,CLEAR,DAYLIGHT,REAR END,DIVIDED - W/MEDIAN BARRIER,,STRAIGHT AND LEVEL,DRY,NO DEFECTS,NOT ON SCENE (DESK REPORT),NO INJURY / DRIVE AWAY,,,Y,"$501 - $1,500",4/7/2022 10:25,UNABLE TO DETERMINE,UNABLE TO DETERMINE,801,S,LAKE SHORE DR E,114,,,,,,,2,NO INDICATION OF INJURY,0,0,0,0,0,3,0,10,5,4,41.87191247,-87.61690703,POINT (-87.616907024719 41.871912467145)
e56e8bee593624f718ee3c4b797fab69be0b034c9d7fe09d213faff2c1b2a38dc8b6885eb85a2e91c85544328995a5e79f54062ebe835f465f38fe286f814749,,,4/7/2022 15:15,30,NO CONTROLS,NO CONTROLS,CLOUDY/OVERCAST,DAYLIGHT,TURNING,NOT DIVIDED,,STRAIGHT AND LEVEL,WET,NO DEFECTS,ON SCENE,INJURY AND / OR TOW DUE TO CRASH,,,,"OVER $1,500",4/7/2022 15:16,UNABLE TO DETERMINE,UNABLE TO DETERMINE,7240,W,FOSTER AVE,1613,,,,,,,2,NO INDICATION OF INJURY,0,0,0,0,0,3,0,15,5,4,41.97460951,-87.80880018,POINT (-87.808800175639 41.974609510827)
3806162629364154ba1df0693e5b2824c7cdc1cbc814c7f744c93575cafd6d50e52f9c09caacb7067fd9a8ebd4874fba8271ff6300baca8b554ce431f0373519,,,4/7/2022 17:21,30,TRAFFIC SIGNAL,FUNCTIONING PROPERLY,CLEAR,DAYLIGHT,TURNING,FOUR WAY,,STRAIGHT AND LEVEL,DRY,NO DEFECTS,NOT ON SCENE (DESK REPORT),NO INJURY / DRIVE AWAY,Y,,Y,"$501 - $1,500",4/7/2022 18:45,UNABLE TO DETERMINE,TURNING RIGHT ON RED,1900,W,BELMONT AVE,1922,,,,,,,2,NO INDICATION OF INJURY,0,0,0,0,0,3,0,17,5,4,41.93971005,-87.67605455,POINT (-87.676054552776 41.93971005362)
69203af74ee342d0a6e98bb161cd2df28ae8e14a550481ef1a619729b983457c1a01072fb6c3f7f9d8e3efcc25dcc24a5cfe17fbd1eeddcf98a340929e6682e1,,,4/7/2022 0:30,30,NO CONTROLS,NO CONTROLS,CLEAR,"DARKNESS, LIGHTED ROAD",PARKED MOTOR VEHICLE,DIVIDED - W/MEDIAN (NOT RAISED),,STRAIGHT AND LEVEL,DRY,NO DEFECTS,NOT ON SCENE (DESK REPORT),NO INJURY / DRIVE AWAY,,,,"OVER $1,500",4/7/2022 15:40,"EVASIVE ACTION DUE TO ANIMAL, OBJECT, NONMOTORIST",NOT APPLICABLE,1438,W,90TH ST,2222,,,,,,,2,NO INDICATION OF INJURY,0,0,0,0,0,1,0,0,5,4,41.73048973,-87.65957106,POINT (-87.659571057888 41.730489725811)
3807ea1d8546acd4fd876547b704b9a4ae783bf2d8625b360b734cbb515ea3fa555da845f5043d18a9c9ddd1362e44e98f6864410a238b0929215a1afeb66d59,,,4/7/2022 9:00,30,STOP SIGN/FLASHER,FUNCTIONING PROPERLY,CLEAR,DAYLIGHT,ANGLE,NOT DIVIDED,,STRAIGHT AND LEVEL,DRY,NO DEFECTS,NOT ON SCENE (DESK REPORT),NO INJURY / DRIVE AWAY,Y,,,"OVER $1,500",4/7/2022 9:30,UNABLE TO DETERMINE,NOT APPLICABLE,7600,S,RIDGELAND AVE,414,,,,,,,2,NO INDICATION OF INJURY,0,0,0,0,0,2,0,9,5,4,41.75689439,-87.58236398,POINT (-87.582363981321 41.756894385421)
9d01b441e240d2220950f9cb0bcc9f2f5294678e637f622a4645954c1d436278aa3a9965e5af4afbdbfcc34aa5fc2e249d3aff68b904ed48c57612e3aa8fc814,,,4/7/2022 8:30,30,TRAFFIC SIGNAL,FUNCTIONING PROPERLY,CLOUDY/OVERCAST,DAYLIGHT,REAR END,DIVIDED - W/MEDIAN (NOT RAISED),,STRAIGHT AND LEVEL,DRY,NO DEFECTS,ON SCENE,NO INJURY / DRIVE AWAY,Y,,Y,"$501 - $1,500",4/7/2022 9:00,UNABLE TO DETERMINE,UNABLE TO DETERMINE,3234,N,LAKE SHORE DR,1925,,,,,,,2,NO INDICATION OF INJURY,0,0,0,0,0,3,0,8,5,4,41.94110529,-87.63966053,POINT (-87.639660529114 41.941105293323)
28b9394f4bc64845931ed931a8c8eda5cf1c74f4dbdef91e1be0fcd58351be06920aca73315ff24d2374eec0a32ce707f9031191b9f12e390731678fe8d1d225,,,4/5/2022 13:30,30,UNKNOWN,UNKNOWN,UNKNOWN,UNKNOWN,PARKED MOTOR VEHICLE,NOT DIVIDED,,STRAIGHT AND LEVEL,UNKNOWN,UNKNOWN,NOT ON SCENE (DESK REPORT),NO INJURY / DRIVE AWAY,,,Y,"OVER $1,500",4/7/2022 11:45,UNABLE TO DETERMINE,UNABLE TO DETERMINE,4655,S,ASHLAND AVE,924,,,,,,,2,NO INDICATION OF INJURY,0,0,0,0,0,1,0,13,3,4,41.80883042,-87.66483056,POINT (-87.664830555326 41.808830422923)
7987dc57a419e824f0d364caf5a3de2ef1942886de39f8eb2257999fbca0322a19d903fdc6e7a16f923e595d69c979a828a46e4d65caeb349ef4c5014194e63f,,,4/5/2022 16:30,30,TRAFFIC SIGNAL,FUNCTIONING PROPERLY,CLOUDY/OVERCAST,DAYLIGHT,TURNING,DIVIDED - W/MEDIAN BARRIER,,"CURVE, LEVEL",UNKNOWN,NO DEFECTS,NOT ON SCENE (DESK REPORT),NO INJURY / DRIVE AWAY,Y,,,"OVER $1,500",4/7/2022 11:30,FAILING TO YIELD RIGHT-OF-WAY,UNABLE TO DETERMINE,914,E,OAKWOOD BLVD,212,,,,,,,2,NO INDICATION OF INJURY,0,0,0,0,0,2,0,16,3,4,41.82459166,-87.60294595,POINT (-87.60294594749 41.824591655552)
8d1dc7bf95c0f0dfba4548b4ce40fa3db4aa5861116ad3f9873386325d18e448058ceee6f74bb72ec786348bb689b6393aff53cf451d6b18f58a901498f4a2b0,,,4/7/2022 17:40,30,TRAFFIC SIGNAL,FUNCTIONING PROPERLY,RAIN,DAYLIGHT,ANGLE,OTHER,,STRAIGHT AND LEVEL,WET,NO DEFECTS,NOT ON SCENE (DESK REPORT),NO INJURY / DRIVE AWAY,,,Y,"OVER $1,500",4/7/2022 18:50,NOT APPLICABLE,NOT APPLICABLE,2802,W,25TH ST,1033,,,,,,,2,NO INDICATION OF INJURY,0,0,0,0,0,2,0,17,5,4,41.84655745,-87.69547503,POINT (-87.695475028243 41.846557451285)