CRASH_RECORD_ID,RD_NO,CRASH_DATE_EST_I,CRASH_DATE,POSTED_SPEED_LIMIT,TRAFFIC_CONTROL_DEVICE,DEVICE_CONDITION,WEATHER_CONDITION,LIGHTING_CONDITION,FIRST_CRASH_TYPE,TRAFFICWAY_TYPE,LANE_CNT,ALIGNMENT,ROADWAY_SURFACE_COND,ROAD_DEFECT,REPORT_TYPE,CRASH_TYPE,INTERSECTION_RELATED_I,NOT_RIGHT_OF_WAY_I,HIT_AND_RUN_I,DAMAGE,DATE_POLICE_NOTIFIED,PRIM_CONTRIBUTORY_CAUSE,SEC_CONTRIBUTORY_CAUSE,STREET_NO,STREET_DIRECTION,STREET_NAME,BEAT_OF_OCCURRENCE,PHOTOS_TAKEN_I,STATEMENTS_TAKEN_I,DOORING_I,WORK_ZONE_I,WORK_ZONE_TYPE,WORKERS_PRESENT_I,NUM_UNITS,MOST_SEVERE_INJURY,INJURIES_TOTAL,INJURIES_FATAL,INJURIES_INCAPACITATING,INJURIES_NON_INCAPACITATING,INJURIES_REPORTED_NOT_EVIDENT,INJURIES_NO_INDICATION,INJURIES_UNKNOWN,CRASH_HOUR,CRASH_DAY_OF_WEEK,CRASH_MONTH,LATITUDE,LONGITUDE,LOCATION
15fa4b57a07aaab3345be8f1992311fda1712376cf968e3dc58d546641150ca6eefc23f1e462b23eceaac9f15d18afbe06195c2576200d1640dfa423bac42ba5,,,4/7/2022 19:20,30,NO CONTROLS,NO CONTROLS,CLEAR,DAYLIGHT,SIDESWIPE SAME DIRECTION,NOT DIVIDED,,STRAIGHT AND LEVEL,WET,NO DEFECTS,NOT ON SCENE (DESK REPORT),NO INJURY / DRIVE AWAY,,,,"OVER $1,500",4/7/2022 20:44,FAILING TO YIELD RIGHT-OF-WAY,NOT APPLICABLE,15,E,OAK ST,1833,,,,,,,2,NO INDICATION OF INJURY,0,0,0,0,0,2,0,19,5,4,41.90064725,-87.62754741,POINT (-87.627547414115 41.900647253926)
463ee7ebb0c1d6003354699f40098eff9c16440e905c3c013ce5f2b653b74fb47a81c5d1d028127eca1c973c6c9e67011e02f2468ebf2a25ec4b6b311e77ff51,,,4/7/2022 17:57,30,TRAFFIC SIGNAL,FUNCTIONING IMPROPERLY,RAIN,DAYLIGHT,TURNING,NOT DIVIDED,,STRAIGHT AND LEVEL,WET,NO DEFECTS,ON SCENE,INJURY AND / OR TOW DUE TO CRASH,Y,,,"$501 - $1,500",4/7/2022 18:24,IMPROPER TURNING/NO SIGNAL,DISTRACTION - FROM INSIDE VEHICLE,4356,W,ROOSEVELT RD,1131,,,,,,,2,NONINCAPACITATING INJURY,1,0,0,1,0,1,0,17,5,4,41.86614469,-87.73482662,POINT (-87.734826617403 41.866144689057)
5e07f0fcdab8ff19a1dc04793c0ea45eed24e7f665a06062e59b726ac10d00069158243ff3d8a654b83f79458d251d05d5691b77d9a300ee1322dfbf83359dbe,,,4/7/2022 9:15,25,TRAFFIC SIGNAL,FUNCTIONING PROPERLY,RAIN,DAYLIGHT,REAR END,NOT DIVIDED,,STRAIGHT AND LEVEL,WET,NO DEFECTS,NOT ON SCENE (DESK REPORT),NO INJURY / DRIVE AWAY,,,,"OVER $1,500",4/7/2022 9:30,FOLLOWING TOO CLOSELY,FOLLOWING TOO CLOSELY,6700,N,CLARK ST,2432,,,,,,,2,NO INDICATION OF INJURY,0,0,0,0,0,2,0,9,5,4,42.0035318,-87.67263749,POINT (-87.67263749403 42.003531802902)
546a1006482091ce66fc8ee175bf353f787d525df6b08a667636adca28ec2279ef3b07d14ce15735827fa83a01b91162fdd51e4b29255c010f3948144cfe1fc6,,,4/7/2022 12:10,15,NO CONTROLS,NO CONTROLS,CLOUDY/OVERCAST,DAYLIGHT,PARKED MOTOR VEHICLE,OTHER,,STRAIGHT AND LEVEL,DRY,NO DEFECTS,ON SCENE,NO INJURY / DRIVE AWAY,,,,"OVER $1,500",4/7/2022 12:17,IMPROPER BACKING,NOT APPLICABLE,1445,E,98TH PL,511,,,,,,,2,NO INDICATION OF INJURY,0,0,0,0,0,1,0,12,5,4,41.71574766,-87.58917207,POINT (-87.589172074408 41.715747658711)
dd2e296ef692e5b5f9e18cf6c57cb7eb68bef2989567bd37919c4ba4bce30ca5f875f668ed9809d8ab3175a13e0718ba0981de07ebecab65a1f20805ca90a43f,,Y,4/6/2022 19:55,30,NO CONTROLS,NO CONTROLS,CLEAR,"DARKNESS, LIGHTED ROAD",REAR END,NOT DIVIDED,,STRAIGHT AND LEVEL,DRY,NO DEFECTS,ON SCENE,INJURY AND / OR TOW DUE TO CRASH,,,,$500 OR LESS,4/6/2022 20:16,FOLLOWING TOO CLOSELY,NOT APPLICABLE,1649,W,NORTH AVE,1433,,,,,,,2,"REPORTED, NOT EVIDENT",1,0,0,0,1,1,0,19,4,4,41.91049368,-87.66967755,POINT (-87.669677551623 41.910493680098)
628151da1aa183d3b7b5515052d851da981bc4c7564a55ad17c7b29d566b59bac2c99f3b6429091459315e3eda0aac1732a1a20ef4f3d93f4de8c824bb7e2dca,,,4/6/2022 16:30,15,NO CONTROLS,NO CONTROLS,UNKNOWN,DAYLIGHT,PARKED MOTOR VEHICLE,OTHER,,STRAIGHT AND LEVEL,UNKNOWN,OTHER,ON SCENE,NO INJURY / DRIVE AWAY,,Y,Y,"OVER $1,500",4/7/2022 16:39,UNABLE TO DETERMINE,UNABLE TO DETERMINE,1250,W,59TH ST,713,,,,,,,3,NO INDICATION OF INJURY,0,0,0,0,0,1,0,16,4,4,41.78696581,-87.65672075,POINT (-87.65672075433 41.786965804877)
825871fc371e31e4fc3752eee3cc3854101fa3c807f6d3d0620b6bc61bb191f7a4cc26a1480f451db5476c9939e8e02e3218bc69db3db201d44e16585cc8df36,,,4/7/2022 9:44,10,NO CONTROLS,NO CONTROLS,CLEAR,"DARKNESS, LIGHTED ROAD",PARKED MOTOR VEHICLE,PARKING LOT,,STRAIGHT AND LEVEL,DRY,NO DEFECTS,ON SCENE,NO INJURY / DRIVE AWAY,,,,"$501 - $1,500",4/7/2022 10:12,UNABLE TO DETERMINE,UNABLE TO DETERMINE,3000,N,BROADWAY,1934,,,,,,,2,NO INDICATION OF INJURY,0,0,0,0,0,1,0,9,5,4,41.93656653,-87.64442862,POINT (-87.644428622316 41.936566527764)
af0293b4ea6094bea96ab567b35725af5745d8e3ebafa5d62f2517452a342a98fd50515075222b0b27dd25374a4ae33d7ee7241a3c26ccb791fcf683671517bd,,,4/7/2022 16:45,30,NO CONTROLS,NO CONTROLS,CLEAR,DAYLIGHT,REAR END,NOT DIVIDED,,STRAIGHT AND LEVEL,DRY,NO DEFECTS,NOT ON SCENE (DESK REPORT),NO INJURY / DRIVE AWAY,,,Y,"OVER $1,500",4/7/2022 17:20,FAILING TO REDUCE SPEED TO AVOID CRASH,DRIVING SKILLS/KNOWLEDGE/EXPERIENCE,4300,S,WENTWORTH AVE,925,,,,,,,2,NO INDICATION OF INJURY,0,0,0,0,0,2,0,16,5,4,41.81639453,-87.63134009,POINT (-87.631340089793 41.816394533729)
2110c85ae0fdad8d38bb38462df48ad0333190f7c99e145e628df5bf8e63c847e12869253d5902fa113efabcdc3d110bde06bc3dd71386dcf421c08d44b315b4,,,4/7/2022 8:40,20,NO CONTROLS,NO CONTROLS,CLEAR,DAYLIGHT,PARKED MOTOR VEHICLE,PARKING LOT,,STRAIGHT AND LEVEL,DRY,NO DEFECTS,NOT ON SCENE (DESK REPORT),NO INJURY / DRIVE AWAY,,,,"OVER $1,500",4/7/2022 8:45,DRIVING SKILLS/KNOWLEDGE/EXPERIENCE,UNABLE TO DETERMINE,6315,S,PULASKI RD,823,,,,,,,2,NO INDICATION OF INJURY,0,0,0,0,0,1,0,8,5,4,41.77815104,-87.72260014,POINT (-87.722600136312 41.778151035201)
9f8de5c3bb8269e4ff250480fda2695f4efe91a53f2d94b7d907df6f03aa2f5f3bd53b23fb1d08420e7fc9da80e63294b3dc7ddc8d219efda87fd96e7a4e62fe,,Y,4/4/2022 14:00,30,STOP SIGN/FLASHER,OTHER,CLEAR,DAYLIGHT,TURNING,T-INTERSECTION,,STRAIGHT AND LEVEL,DRY,NO DEFECTS,NOT ON SCENE (DESK REPORT),INJURY AND / OR TOW DUE TO CRASH,Y,,Y,$500 OR LESS,4/4/2022 14:20,UNABLE TO DETERMINE,UNABLE TO DETERMINE,3300,W,26TH ST,1024,,,,,,,2,"REPORTED, NOT EVIDENT",2,0,0,0,2,1,0,14,2,4,41.84459206,-87.70753947,POINT (-87.70753946892 41.84459205819)
f6fe9a56491f4faf85a6d4e86db1090b17b04d081f92e300387182a6677d9179ac8258da7293c98627ded150eda22dfba42bb864d4454fac96dc7ce9b24b5a98,,,4/7/2022 10:50,30,NO CONTROLS,NO CONTROLS,CLEAR,DAYLIGHT,SIDESWIPE SAME DIRECTION,NOT DIVIDED,,STRAIGHT AND LEVEL,DRY,NO DEFECTS,NOT ON SCENE (DESK REPORT),NO INJURY / DRIVE AWAY,,,,"OVER $1,500",4/7/2022 11:30,IMPROPER OVERTAKING/PASSING,NOT APPLICABLE,1340,S,CANAL ST,124,,,,,,,2,NO INDICATION OF INJURY,0,0,0,0,0,2,0,10,5,4,41.86452119,-87.6393041,POINT (-87.639304099636 41.864521193744)
66b18d6719d0fc73ca0b5ce6d7ae237a737cae6e8ecb505ce78b70a09d1bcbe69befbd526fafd397b3640b6d70af08d3fe799af0836d2073a71640f0a4451eb9,,,4/7/2022 18:19,30,NO CONTROLS,NO CONTROLS,RAIN,DAYLIGHT,PEDALCYCLIST,NOT DIVIDED,,STRAIGHT AND LEVEL,WET,UNKNOWN,ON SCENE,INJURY AND / OR TOW DUE TO CRASH,,,,$500 OR LESS,4/7/2022 18:19,UNABLE TO DETERMINE,NOT APPLICABLE,3408,S,HALSTED ST,913,,,,,,,2,"REPORTED, NOT EVIDENT",1,0,0,0,1,1,0,18,5,4,41.83247132,-87.64629105,POINT (-87.646291048653 41.832471323546)
bdb1ff81d7db476be5078a360926ba652d9a76eb2836a117fd9a3a256914ab1470c1f6dea3fddd11cbc7d5c06b39a9a3b258e86267100d66862199c96b9c8745,,,4/7/2022 10:10,30,TRAFFIC SIGNAL,FUNCTIONING PROPERLY,CLOUDY/OVERCAST,DAYLIGHT,REAR END,DIVIDED - W/MEDIAN (NOT RAISED),,STRAIGHT AND LEVEL,DRY,NO DEFECTS,NOT ON SCENE (DESK REPORT),NO INJURY / DRIVE AWAY,Y,,,"$501 - $1,500",4/7/2022 10:40,FOLLOWING TOO CLOSELY,FOLLOWING TOO CLOSELY,1300,N,WESTERN AVE,1423,,,,,,,2,NO INDICATION OF INJURY,0,0,0,0,0,2,0,10,5,4,41.90493125,-87.6872251,POINT (-87.687225094559 41.904931250046)
856d7874d1dd31a18bdd773d0ca43c23610acb0dce64fd0bb5a7f72278cd8372dc35119e37f979beb68db23d12524631156ad51b5800beac1997dee9379d65bf,,,4/7/2022 15:53,30,STOP SIGN/FLASHER,FUNCTIONING PROPERLY,RAIN,DAYLIGHT,ANGLE,FOUR WAY,,STRAIGHT AND LEVEL,WET,NO DEFECTS,ON SCENE,INJURY AND / OR TOW DUE TO CRASH,Y,,,"OVER $1,500",4/7/2022 15:54,FAILING TO YIELD RIGHT-OF-WAY,NOT APPLICABLE,4799,W,WEST END AVE,1113,,,,,,,3,NONINCAPACITATING INJURY,4,0,0,4,0,3,0,15,5,4,41.88301905,-87.74525508,POINT (-87.745255077125 41.88301904646)
92abf2a4ff974bd900ce680717b48bde96aed543141a597219eb868025d5943dfc6022d1fdb1b88e6c332b7b87c7162ea4f35d910e175c3835625c5eeefd366e,,,4/7/2022 6:30,30,TRAFFIC SIGNAL,FUNCTIONING PROPERLY,CLEAR,DAYLIGHT,REAR END,DIVIDED - W/MEDIAN (NOT RAISED),,STRAIGHT AND LEVEL,DRY,NO DEFECTS,ON SCENE,NO INJURY / DRIVE AWAY,Y,,,"OVER $1,500",4/7/2022 6:39,FOLLOWING TOO CLOSELY,FAILING TO REDUCE SPEED TO AVOID CRASH,4003,W,MARQUETTE RD,833,,,,,,,2,NO INDICATION OF INJURY,0,0,0,0,0,2,0,6,5,4,41.77126191,-87.72272516,POINT (-87.722725155658 41.771261914269)
ada5566e9f5ee3438d1f835c4f36046ef9bb91002701c666dcec4d1656d1ed48984672b5a466caa16c16298e1e84d2f1502d35104cf01f88e6a17e5bebb5a66c,,Y,4/7/2022 7:00,30,NO CONTROLS,NO CONTROLS,UNKNOWN,"DARKNESS, LIGHTED ROAD",PARKED MOTOR VEHICLE,UNKNOWN,,STRAIGHT AND LEVEL,WET,NO DEFECTS,NOT ON SCENE (DESK REPORT),NO INJURY / DRIVE AWAY,,,Y,"OVER $1,500",4/7/2022 7:45,UNABLE TO DETERMINE,UNABLE TO DETERMINE,4870,N,CALIFORNIA AVE,2031,,,,,,,2,NO INDICATION OF INJURY,0,0,0,0,0,1,0,7,5,4,41.97055649,-87.6989045,POINT (-87.698904497379 41.970556487867)
6c8a3b65f990a1d3fe8dd78474c28317b9995995b299b7aa099df9ae9b3c9fde0d7d46ebe7568b3ad0a0779d0bbf0a0069cccb133794cf0bea24c682341b61b1,,Y,4/7/2022 18:00,30,TRAFFIC SIGNAL,FUNCTIONING PROPERLY,CLOUDY/OVERCAST,DAYLIGHT,SIDESWIPE SAME DIRECTION,NOT DIVIDED,,STRAIGHT AND LEVEL,UNKNOWN,UNKNOWN,NOT ON SCENE (DESK REPORT),NO INJURY / DRIVE AWAY,Y,,,"OVER $1,500",4/7/2022 18:42,FOLLOWING TOO CLOSELY,FAILING TO YIELD RIGHT-OF-WAY,5479,S,EVERETT AVE,234,,,,,,,2,NO INDICATION OF INJURY,0,0,0,0,0,2,0,18,5,4,41.7958712,-87.58240709,POINT (-87.582407088694 41.795871198691)
be5df2888c23449c230d51722a0afdfc446bf61a07d39c655875e9488fd161116635517b89eb26e80d807266f53550e3c7563479b4214749bc7b534f52cd17f5,,,4/7/2022 18:24,30,NO CONTROLS,NO CONTROLS,RAIN,DAYLIGHT,REAR END,NOT DIVIDED,,STRAIGHT AND LEVEL,WET,NO DEFECTS,ON SCENE,INJURY AND / OR TOW DUE TO CRASH,,,,"OVER $1,500",4/7/2022 18:28,FOLLOWING TOO CLOSELY,NOT APPLICABLE,3444,S,WESTERN AVE,911,,,,,,,2,NO INDICATION OF INJURY,0,0,0,0,0,2,0,18,5,4,41.83073426,-87.68519468,POINT (-87.685194679904 41.830734262356)
e7f054e90d38c940ba27665e57f38dd1fa34779ed805d91146a2d05d6b7660c840db3c540a3186808baa13ec22989185af300a13235cd798fe9efb4d70e9784c,,,4/6/2022 7:10,30,NO CONTROLS,NO CONTROLS,RAIN,DAYLIGHT,REAR END,NOT REPORTED,,STRAIGHT AND LEVEL,WET,NO DEFECTS,ON SCENE,NO INJURY / DRIVE AWAY,Y,,,"OVER $1,500",4/6/2022 7:18,FOLLOWING TOO CLOSELY,WEATHER,4759,S,WESTERN BLVD,931,,,,,,,3,NO INDICATION OF INJURY,0,0,0,0,0,3,0,7,4,4,41.80665054,-87.68366427,POINT (-87.683664266808 41.806650536726)
6fe353ed91577beb4334163b8f5b399ab341acf38be5a5d3b7260ade0a467958b5633f6de315711502c3d4b385061ef65ceea6fbda47c8630ecfafb6990058e5,,,4/6/2022 16:14,30,NO CONTROLS,NO CONTROLS,CLEAR,DAYLIGHT,REAR END,NOT DIVIDED,,STRAIGHT AND LEVEL,DRY,NO DEFECTS,ON SCENE,INJURY AND / OR TOW DUE TO CRASH,,,,"OVER $1,500",4/6/2022 16:16,NOT APPLICABLE,NOT APPLICABLE,830,W,FULLERTON AVE,1932,,,,,,,4,"REPORTED, NOT EVIDENT",1,0,0,0,1,4,0,16,4,4,41.92554403,-87.65002045,POINT (-87.650020452369 41.925544029767)
508f673da641a27d6ffb95da2a3efcf71f89d4c579cdab187155ee16b9515e46140e53c0a3d27696058c5fdf8c539efeb06e197cf9b28547501e3b8d80050f5a,,,4/7/2022 16:47,15,NO CONTROLS,NO CONTROLS,CLEAR,DAYLIGHT,REAR END,OTHER,,STRAIGHT AND LEVEL,DRY,NO DEFECTS,NOT ON SCENE (DESK REPORT),NO INJURY / DRIVE AWAY,,,,"OVER $1,500",4/7/2022 17:20,FOLLOWING TOO CLOSELY,UNABLE TO DETERMINE,11350,S,HALSTED ST,2234,,,,,,,2,NO INDICATION OF INJURY,0,0,0,0,0,2,0,16,5,4,41.68721693,-87.64236462,POINT (-87.642364621691 41.687216927276)
42f05550bb424ee50df74a4e02705888cbe924954c7f63589c42c8608f0dfa4508420253e98b87b90b0f65410c7e606faa4d66b19d6d905abe2305a37f13fbeb,,Y,4/7/2022 7:15,30,NO CONTROLS,NO CONTROLS,CLEAR,DAYLIGHT,SIDESWIPE SAME DIRECTION,DIVIDED - W/MEDIAN BARRIER,,STRAIGHT AND LEVEL,DRY,UNKNOWN,ON SCENE,NO INJURY / DRIVE AWAY,,,,"$501 - $1,500",4/7/2022 7:26,UNABLE TO DETERMINE,UNABLE TO DETERMINE,8143,S,STONY ISLAND AVE,411,,,,,,,2,NO INDICATION OF INJURY,0,0,0,0,0,5,0,7,5,4,41.74657245,-87.58527139,POINT (-87.5852713909 41.746572449772)
7d517d6c008a05a00d5383298641ed81c7847e05b88db043e5d15ce6f078c102d60c3c2bbee5933738428ea140a39b479443d69c0c60d82724a3686bd9ac3d74,,,4/7/2022 15:00,30,NO CONTROLS,NO CONTROLS,CLEAR,DAYLIGHT,ANGLE,NOT DIVIDED,,STRAIGHT AND LEVEL,DRY,NO DEFECTS,NOT ON SCENE (DESK REPORT),NO INJURY / DRIVE AWAY,,,,"$501 - $1,500",4/7/2022 15:04,NOT APPLICABLE,NOT APPLICABLE,6300,S,KEDZIE AVE,823,,,,,,,2,NO INDICATION OF INJURY,0,0,0,0,0,3,0,15,5,4,41.77894575,-87.70328312,POINT (-87.703283119003 41.77894575018)
ec9c9ecc531385b2d6370b446a3133a15e4d774f77de524e7dcffd58d8b63f0bc5153aba045377791b8eb80ed99bb2d7adad22103998870dfdbd69ec3ed12907,,,4/5/2022 19:35,30,NO CONTROLS,NO CONTROLS,CLEAR,"DARKNESS, LIGHTED ROAD",SIDESWIPE SAME DIRECTION,NOT DIVIDED,,STRAIGHT AND LEVEL,DRY,NO DEFECTS,NOT ON SCENE (DESK REPORT),NO INJURY / DRIVE AWAY,,,Y,"OVER $1,500",4/6/2022 14:24,IMPROPER LANE USAGE,IMPROPER LANE USAGE,6015,S,ARCHER AVE,811,,,,,,,2,NO INDICATION OF INJURY,0,0,0,0,0,2,0,19,3,4,41.79489321,-87.76699982,POINT (-87.766999819168 41.79489320483)
1d4b923aafb31b874467904d3f0555a7f9f997f18683678f47daf0dc34c682dffb5020fcd039034128cffe4ca8c8cfde9eaa5d237be6916453089d1c5a86dbee,,,4/7/2022 19:00,30,NO CONTROLS,NO CONTROLS,FREEZING RAIN/DRIZZLE,DUSK,TURNING,DIVIDED - W/MEDIAN (NOT RAISED),,STRAIGHT AND LEVEL,WET,NO DEFECTS,ON SCENE,INJURY AND / OR TOW DUE TO CRASH,,,Y,"$501 - $1,500",4/7/2022 19:07,IMPROPER TURNING/NO SIGNAL,NOT APPLICABLE,8700,S,CALUMET AVE,632,,,,,,,2,NONINCAPACITATING INJURY,1,0,0,1,0,1,0,19,5,4,41.73640825,-87.61628534,POINT (-87.616285338953 41.736408249082)
5bec3f4753ad0a0fc6ce8074f5555ac46ef8fc22343564ab2b91ff1ef8f41e93cf675f13467bfeafa29b8bf3ed1db048483f9b9aa1645eb471ce0b91345344c8,,,4/6/2022 15:30,30,STOP SIGN/FLASHER,FUNCTIONING PROPERLY,UNKNOWN,UNKNOWN,TURNING,FOUR WAY,,STRAIGHT AND LEVEL,UNKNOWN,UNKNOWN,NOT ON SCENE (DESK REPORT),NO INJURY / DRIVE AWAY,Y,,Y,"OVER $1,500",4/7/2022 17:00,IMPROPER TURNING/NO SIGNAL,UNABLE TO DETERMINE,330,N,PAULINA ST,1215,,,,,,,2,NO INDICATION OF INJURY,0,0,0,0,0,2,0,15,4,4,41.88774669,-87.66963699,POINT (-87.669636991 41.887746688713)
c3d43987567d97c4027246a9391dec70d76211a02f04487c0b3c01dbe60fc980828c8176a2eed1c3fdf882dacec5204f647c1af52cc92cd04179e33761f21764,,,4/7/2022 9:25,30,NO CONTROLS,NO CONTROLS,CLEAR,DAYLIGHT,PARKED MOTOR VEHICLE,ONE-WAY,,STRAIGHT AND LEVEL,DRY,NO DEFECTS,NOT ON SCENE (DESK REPORT),NO INJURY / DRIVE AWAY,,,,"OVER $1,500",4/7/2022 10:15,NOT APPLICABLE,NOT APPLICABLE,8001,S,COTTAGE GROVE AVE,631,,,,,,,2,NO INDICATION OF INJURY,0,0,0,0,0,2,0,9,5,4,41.74936761,-87.60503989,POINT (-87.605039892945 41.749367611405)
b3dab9fdc491953da7d9bf06668df23137d7f180526d6f38a4358199d43e369b6318aeee7ad2973c0dbed131ca5a507167bd004853c2151d83cc711ebb20e35e,,,4/3/2022 21:00,15,NO CONTROLS,NO CONTROLS,RAIN,"DARKNESS, LIGHTED ROAD",PARKED MOTOR VEHICLE,ONE-WAY,,STRAIGHT AND LEVEL,WET,NO DEFECTS,ON SCENE,NO INJURY / DRIVE AWAY,,,N,"OVER $1,500",4/4/2022 7:40,DISTRACTION - FROM OUTSIDE VEHICLE,"EVASIVE ACTION DUE TO ANIMAL, OBJECT, NONMOTORIST",1829,S,AVERS AVE,1014,,,,,,,2,NO INDICATION OF INJURY,0,0,0,0,0,2,0,21,1,4,41.8562001,-87.72098429,POINT (-87.72098429155 41.85620010281)
fdb9b8ec50647d97f706707c0e6ae86df7ce2118fa402f937a4eeca62891fd015e9434743629178ec7107faa743a44ce6ca7990f404275406c057b0f3eec6a0c,,Y,4/6/2022 21:00,30,NO CONTROLS,NO CONTROLS,CLEAR,DAYLIGHT,PARKED MOTOR VEHICLE,ONE-WAY,,STRAIGHT AND LEVEL,DRY,NO DEFECTS,NOT ON SCENE (DESK REPORT),NO INJURY / DRIVE AWAY,,,Y,"$501 - $1,500",4/7/2022 16:30,UNABLE TO DETERMINE,NOT APPLICABLE,8430,S,MANISTEE AVE,423,,,,,,,2,NO INDICATION OF INJURY,0,0,0,0,0,1,0,21,4,4,41.74181947,-87.55772247,POINT (-87.557722469667 41.741819473849)
aea95fa0158750ac1e24c8066b768fbc73ff49ebb88e49a4e8795b5c83f09e1f9089e14f22d63835a0a774ad9a49ff4e20fec86dcb05f5c1d023695a17b98815,,,4/7/2022 18:58,30,NO CONTROLS,NO CONTROLS,CLEAR,"DARKNESS, LIGHTED ROAD",SIDESWIPE OPPOSITE DIRECTION,NOT DIVIDED,,STRAIGHT AND LEVEL,DRY,NO DEFECTS,NOT ON SCENE (DESK REPORT),NO INJURY / DRIVE AWAY,,,,"$501 - $1,500",4/7/2022 19:57,UNABLE TO DETERMINE,UNABLE TO DETERMINE,800,W,WAYMAN ST,1214,,,,,,,2,NO INDICATION OF INJURY,0,0,0,0,0,2,0,18,5,4,41.88750142,-87.6475829,POINT (-87.647582896898 41.88750141872)
8580179f2978af65725a467b58cff31a1b82dc436ebd00e9218119830ebd8aa0d2b7d3b52c2420e3e9330c5d48951033c88f77ec78d96a0371e746409ea09a54,,,4/4/2022 21:00,30,TRAFFIC SIGNAL,FUNCTIONING PROPERLY,CLEAR,"DARKNESS, LIGHTED ROAD",REAR END,NOT DIVIDED,,STRAIGHT AND LEVEL,DRY,NO DEFECTS,ON SCENE,NO INJURY / DRIVE AWAY,Y,,Y,$500 OR LESS,4/4/2022 21:01,UNABLE TO DETERMINE,UNABLE TO DETERMINE,3900,S,COTTAGE GROVE AVE,214,,,,,,,2,NO INDICATION OF INJURY,0,0,0,0,0,2,0,21,2,4,41.82390101,-87.60701829,POINT (-87.607018289957 41.823901010742)
467f1f3b52bafa5fec5c14a5cffc765e8d4848aa77c163572f5a3a3fff4433e9bfa66a1eacab37d9c086176fc67246c68671913c16e7dec49f52f04231e5c86f,,,4/6/2022 19:26,30,TRAFFIC SIGNAL,UNKNOWN,CLEAR,DARKNESS,SIDESWIPE SAME DIRECTION,UNKNOWN INTERSECTION TYPE,,STRAIGHT AND LEVEL,DRY,UNKNOWN,ON SCENE,NO INJURY / DRIVE AWAY,Y,,Y,$500 OR LESS,4/6/2022 19:26,IMPROPER OVERTAKING/PASSING,IMPROPER LANE USAGE,376,E,OAKWOOD BLVD,214,,,,,,,2,NO INDICATION OF INJURY,0,0,0,0,0,2,0,19,4,4,41.82275911,-87.61695393,POINT (-87.616953929414 41.822759110027)
ac107802332e0d18a2fdc365c5708f080fcb6cd9738c9123332efd5ebdf25a3e0369d13c96c763e42528b904145e972463d52ef3cc3cdb3ce9d806c4d5164853,,,4/7/2022 16:31,30,TRAFFIC SIGNAL,FUNCTIONING PROPERLY,RAIN,DAYLIGHT,TURNING,ONE-WAY,,STRAIGHT AND LEVEL,WET,UNKNOWN,ON SCENE,NO INJURY / DRIVE AWAY,,,,$500 OR LESS,4/7/2022 16:54,UNABLE TO DETERMINE,UNABLE TO DETERMINE,535,W,RANDOLPH ST,121,,,,,,,2,NO INDICATION OF INJURY,0,0,0,0,0,3,0,16,5,4,41.8843277,-87.64119806,POINT (-87.641198054799 41.884327702714)
f072a9e4c4132619e128cdad1958dec7d3b5ae5d286420a11d51eb4d4d117523437232a633dbd7075b54a2f1f61d9747f9587e3fa6d74f13a9f67103fc24a5a6,,,4/3/2022 18:00,40,NO CONTROLS,NO CONTROLS,CLEAR,DAYLIGHT,OTHER NONCOLLISION,OTHER,,STRAIGHT AND LEVEL,DRY,"RUT, HOLES",NOT ON SCENE (DESK REPORT),NO INJURY / DRIVE AWAY,,,,$500 OR LESS,4/7/2022 18:25,UNABLE TO DETERMINE,NOT APPLICABLE,4814,N,LAKE SHORE DR SB,2024,,,,,,,1,NO INDICATION OF INJURY,0,0,0,0,0,1,0,18,1,4,41.97000328,-87.64845948,POINT (-87.648459484352 41.970003283474)
b93ded7e9785f1f0e24faa8dc18a2c8d6e0fe428a7bd0d7bf39f0e22d2115d74b6e24485827617ad79b5adc3b8bf9611fc87b5d16b33571424c2a49ba596d69e,,,4/7/2022 14:30,15,UNKNOWN,UNKNOWN,CLEAR,DAYLIGHT,ANGLE,PARKING LOT,,STRAIGHT AND LEVEL,DRY,UNKNOWN,NOT ON SCENE (DESK REPORT),NO INJURY / DRIVE AWAY,,Y,,"OVER $1,500",4/7/2022 15:22,UNABLE TO DETERMINE,UNABLE TO DETERMINE,6059,N,LINCOLN AVE,1711,,,,,,,2,NO INDICATION OF INJURY,0,0,0,0,0,2,0,14,5,4,41.99191947,-87.70963133,POINT (-87.709631334403 41.991919472392)
6ce1371b4bf37a9fd8f9e9e1029d2644e34b407530e17af6daabc915e294e74b5a69980e547a0e7026b6eabfec07705574c3ecaa41b9ac24932000d28c9f0dbf,,,4/6/2022 13:41,5,NO CONTROLS,UNKNOWN,UNKNOWN,DAYLIGHT,PARKED MOTOR VEHICLE,PARKING LOT,,STRAIGHT AND LEVEL,DRY,UNKNOWN,NOT ON SCENE (DESK REPORT),NO INJURY / DRIVE AWAY,,,Y,"$501 - $1,500",4/6/2022 15:00,UNABLE TO DETERMINE,UNABLE TO DETERMINE,538,W,119TH ST,524,,,,,,,2,NO INDICATION OF INJURY,0,0,0,0,0,1,0,13,4,4,41.677986,-87.63620086,POINT (-87.636200855134 41.677986001728)