CRASH_RECORD_ID,RD_NO,CRASH_DATE_EST_I,CRASH_DATE,POSTED_SPEED_LIMIT,TRAFFIC_CONTROL_DEVICE,DEVICE_CONDITION,WEATHER_CONDITION,LIGHTING_CONDITION,FIRST_CRASH_TYPE,TRAFFICWAY_TYPE,LANE_CNT,ALIGNMENT,ROADWAY_SURFACE_COND,ROAD_DEFECT,REPORT_TYPE,CRASH_TYPE,INTERSECTION_RELATED_I,NOT_RIGHT_OF_WAY_I,HIT_AND_RUN_I,DAMAGE,DATE_POLICE_NOTIFIED,PRIM_CONTRIBUTORY_CAUSE,SEC_CONTRIBUTORY_CAUSE,STREET_NO,STREET_DIRECTION,STREET_NAME,BEAT_OF_OCCURRENCE,PHOTOS_TAKEN_I,STATEMENTS_TAKEN_I,DOORING_I,WORK_ZONE_I,WORK_ZONE_TYPE,WORKERS_PRESENT_I,NUM_UNITS,MOST_SEVERE_INJURY,INJURIES_TOTAL,INJURIES_FATAL,INJURIES_INCAPACITATING,INJURIES_NON_INCAPACITATING,INJURIES_REPORTED_NOT_EVIDENT,INJURIES_NO_INDICATION,INJURIES_UNKNOWN,CRASH_HOUR,CRASH_DAY_OF_WEEK,CRASH_MONTH,LATITUDE,LONGITUDE,LOCATION
7b9e892dcacba5263d865c911d75fc2a933ce8984588b806b6a3a52d662344d80a695be64f071343c7240cf8ffbdb2fb03ab35dd342c7f364417565cd4efbbab,,,4/7/2022 16:15,30,TRAFFIC SIGNAL,FUNCTIONING PROPERLY,RAIN,DAYLIGHT,TURNING,OTHER,,STRAIGHT AND LEVEL,WET,NO DEFECTS,NOT ON SCENE (DESK REPORT),NO INJURY / DRIVE AWAY,,,Y,"OVER $1,500",4/7/2022 17:40,NOT APPLICABLE,NOT APPLICABLE,3901,S,STATE ST,213,,,,,,,2,NO INDICATION OF INJURY,0,0,0,0,0,2,0,16,5,4,41.82362189,-87.62627976,POINT (-87.626279756453 41.823621891164)
d347263fb49c51ea233891b526545cf18e83ad4ac190d62a4f34ae3a7aa4cbfcec0c7c68225158b3c0cd3800ab9099cd53cb8ad7cd675d66646318bd613e2909,,Y,4/7/2022 13:00,30,NO CONTROLS,NO CONTROLS,CLEAR,DAYLIGHT,PARKED MOTOR VEHICLE,ONE-WAY,,STRAIGHT AND LEVEL,DRY,NO DEFECTS,ON SCENE,NO INJURY / DRIVE AWAY,,,Y,"OVER $1,500",4/7/2022 13:30,UNABLE TO DETERMINE,NOT APPLICABLE,5245,S,CHRISTIANA AVE,822,,,,,,,2,NO INDICATION OF INJURY,0,0,0,0,0,1,0,13,5,4,41.79760679,-87.70720346,POINT (-87.707203458911 41.797606785309)
30fbb6747fcde22678714933c528833cc109446065bd3dfc39ab5622d88087f1321c364166ac9ece812353f8f6965c39a741fd4b0186545ad03f6f191fe87a36,,,4/7/2022 17:15,30,NO CONTROLS,NO CONTROLS,CLEAR,DAYLIGHT,REAR TO FRONT,ONE-WAY,,STRAIGHT AND LEVEL,DRY,NO DEFECTS,NOT ON SCENE (DESK REPORT),NO INJURY / DRIVE AWAY,,,,"OVER $1,500",4/7/2022 17:25,IMPROPER BACKING,UNABLE TO DETERMINE,8930,S,MUSKEGON AVE,423,,,,,,,2,NO INDICATION OF INJURY,0,0,0,0,0,2,0,17,5,4,41.7327341,-87.55561477,POINT (-87.555614771486 41.732734098521)
703dc6df4347f3188d0f636c9c8822ba9f8be4c91c2fd5a6afa5fb42cf4f09d924d431ba22ae485f3b1337b12f2c7c553c9b845ab0a8ba113c7b53071fdba7cc,,,4/7/2022 14:00,30,NO CONTROLS,NO CONTROLS,CLEAR,DAYLIGHT,SIDESWIPE SAME DIRECTION,DIVIDED - W/MEDIAN (NOT RAISED),,STRAIGHT AND LEVEL,WET,NO DEFECTS,ON SCENE,NO INJURY / DRIVE AWAY,,,,"OVER $1,500",4/7/2022 14:00,DRIVING SKILLS/KNOWLEDGE/EXPERIENCE,UNABLE TO DETERMINE,3028,N,SHEFFIELD AVE,1933,,,,,,,2,NO INDICATION OF INJURY,0,0,0,0,0,2,0,14,5,4,41.93712938,-87.65415869,POINT (-87.654158686346 41.937129382359)
13f01fbecee7b2630e0254640f2a7969342cf377510cd45698b78bfb86b9fbc3160b815374363f2af07841e61b74e882830877028c35b19d04875589711a65ad,,,4/7/2022 14:35,30,NO CONTROLS,NO CONTROLS,CLEAR,DAYLIGHT,PARKED MOTOR VEHICLE,NOT DIVIDED,,STRAIGHT AND LEVEL,UNKNOWN,UNKNOWN,NOT ON SCENE (DESK REPORT),NO INJURY / DRIVE AWAY,,,,"$501 - $1,500",4/7/2022 15:00,UNABLE TO DETERMINE,UNABLE TO DETERMINE,1806,W,ARGYLE ST,2032,,,,,,,2,NO INDICATION OF INJURY,0,0,0,0,0,1,0,14,5,4,41.97257253,-87.67513614,POINT (-87.675136143483 41.972572529973)
1ef2767f22920f9c46eb5eab81b5e1c25e5638538d07933876b4b5126dc06f9e52a780962e283557fe2502d91facd856235fd54b779a0be1552655f246b530c0,,,4/5/2022 4:00,30,UNKNOWN,UNKNOWN,UNKNOWN,UNKNOWN,PARKED MOTOR VEHICLE,ONE-WAY,,STRAIGHT AND LEVEL,UNKNOWN,UNKNOWN,NOT ON SCENE (DESK REPORT),NO INJURY / DRIVE AWAY,,,Y,"OVER $1,500",4/7/2022 12:20,UNABLE TO DETERMINE,UNABLE TO DETERMINE,1724,N,HARDING AVE,2535,,,,,,,2,NO INDICATION OF INJURY,0,0,0,0,0,1,0,4,3,4,41.91242855,-87.7253384,POINT (-87.725338403853 41.912428547475)
4bb3472c4859fbbd31b83b1619233113a26bab8c1a2205cace1c25f86ddc380b2bf8a70f60cd3d429ee10d8f52ff751a8d5ac694a7800dabea3711c3e0083b29,JF182571,,3/20/2022 22:00,30,TRAFFIC SIGNAL,FUNCTIONING PROPERLY,CLEAR,"DARKNESS, LIGHTED ROAD",REAR END,DIVIDED - W/MEDIAN (NOT RAISED),,STRAIGHT AND LEVEL,UNKNOWN,NO DEFECTS,NOT ON SCENE (DESK REPORT),NO INJURY / DRIVE AWAY,,,,"OVER $1,500",3/25/2022 11:00,UNABLE TO DETERMINE,NOT APPLICABLE,5800,N,RIDGE AVE,2013,,,,,,,2,NO INDICATION OF INJURY,0,0,0,0,0,2,0,22,1,3,41.98728734,-87.66628215,POINT (-87.666282152792 41.987287339323)
898671da64761397bd6aae50a4d52b22e987eda69e3bcec73fcedbadd7ce52c998fbca8226e41a204a8dc64865969f78c53894111f9e74066dac6036d8d515c8,,,4/7/2022 12:09,30,STOP SIGN/FLASHER,FUNCTIONING PROPERLY,CLEAR,DARKNESS,ANGLE,NOT DIVIDED,,STRAIGHT AND LEVEL,DRY,NO DEFECTS,NOT ON SCENE (DESK REPORT),NO INJURY / DRIVE AWAY,,,,"OVER $1,500",4/7/2022 12:15,FAILING TO YIELD RIGHT-OF-WAY,NOT APPLICABLE,6707,S,PEORIA ST,723,,,,,,,2,NO INDICATION OF INJURY,0,0,0,0,0,2,0,12,5,4,41.77218107,-87.6468706,POINT (-87.646870601253 41.772181068857)
9121b8baa65bfde61d105056fae9bb160cf886f911be3f39ad461d751f7d308783f2444bae8dc14f96f8eb77074ae7f8ec22078b075ba23cf87c74ef34c0310f,,,4/7/2022 8:00,30,TRAFFIC SIGNAL,FUNCTIONING PROPERLY,RAIN,DAYLIGHT,REAR END,NOT DIVIDED,,STRAIGHT AND LEVEL,WET,NO DEFECTS,NOT ON SCENE (DESK REPORT),NO INJURY / DRIVE AWAY,,,Y,"OVER $1,500",4/7/2022 8:35,FOLLOWING TOO CLOSELY,NOT APPLICABLE,4132,W,47TH ST,815,,,,,,,2,NO INDICATION OF INJURY,0,0,0,0,0,2,0,8,5,4,41.80793498,-87.72731927,POINT (-87.727319265641 41.807934983821)
5770db58669d1a5b9a9283e1017b90880fe35fe173c136933eeca638bf2d4a2bb696433bca5260a47f7887133e808ef75784eecaf4f9700e972f6910cde435ee,,,4/7/2022 17:00,25,TRAFFIC SIGNAL,FUNCTIONING PROPERLY,RAIN,DAYLIGHT,TURNING,ONE-WAY,,STRAIGHT AND LEVEL,WET,NO DEFECTS,ON SCENE,NO INJURY / DRIVE AWAY,,,Y,"OVER $1,500",4/7/2022 17:11,DRIVING ON WRONG SIDE/WRONG WAY,DRIVING ON WRONG SIDE/WRONG WAY,4000,W,28TH ST,1031,,,,,,,2,NO INDICATION OF INJURY,0,0,0,0,0,2,0,17,5,4,41.84067486,-87.72451249,POINT (-87.724512490375 41.840674864043)
5e2e0eca16729faa35fb938042d02fe448c14a0399fc347e0ece19b854865758ee3ff33739087c3a3c9c36bb9b64b3fdb890e536a59cef7b40d29667895001fe,,,4/4/2022 16:30,30,NO CONTROLS,NO CONTROLS,CLEAR,DAYLIGHT,SIDESWIPE SAME DIRECTION,UNKNOWN,,STRAIGHT AND LEVEL,DRY,NO DEFECTS,NOT ON SCENE (DESK REPORT),NO INJURY / DRIVE AWAY,,,,"OVER $1,500",4/7/2022 9:53,IMPROPER OVERTAKING/PASSING,NOT APPLICABLE,175,E,WALTON ST,1833,,,,,,,2,NO INDICATION OF INJURY,0,0,0,0,0,2,0,16,2,4,41.89992253,-87.62260494,POINT (-87.622604938018 41.899922531582)
63dca157e985ed421ff1a5d36747542320aa1e780f07910b144d821fac584b43622d39c56b124610f4622080027f8ac44ea259a151eaee345c7a4b49b5d403c9,,,4/7/2022 6:00,30,NO CONTROLS,NO CONTROLS,CLEAR,DAYLIGHT,PARKED MOTOR VEHICLE,ONE-WAY,,STRAIGHT AND LEVEL,DRY,NO DEFECTS,NOT ON SCENE (DESK REPORT),NO INJURY / DRIVE AWAY,,,Y,"$501 - $1,500",4/7/2022 14:00,NOT APPLICABLE,NOT APPLICABLE,1259,N,LONG AVE,2532,,,,,,,2,NO INDICATION OF INJURY,0,0,0,0,0,1,0,6,5,4,41.903959,-87.76087043,POINT (-87.760870433083 41.903958998967)
c125c0fa7935932f77806d88f6ff4cc012e700509376a9301045c5fad28e17f346fe85ac41c84a23694f2f032d6b68d192d3262266697eac930d6ac2b1e75d80,,,3/27/2022 12:01,20,NO CONTROLS,NO CONTROLS,CLEAR,DAYLIGHT,PARKED MOTOR VEHICLE,ONE-WAY,,STRAIGHT AND LEVEL,DRY,NO DEFECTS,ON SCENE,NO INJURY / DRIVE AWAY,,,Y,"$501 - $1,500",4/7/2022 13:20,UNABLE TO DETERMINE,UNABLE TO DETERMINE,3900,N,LECLAIRE AVE,1634,,,,,,,2,NO INDICATION OF INJURY,0,0,0,0,0,1,0,12,1,3,41.95152399,-87.754792,POINT (-87.754791996274 41.951523987422)
c6e6d103cd7860f96a928044a1a616d604d1130a7ae4393d34b1dd6d3b905ef677d6aa06faf499131e134354e0668ef94da8ac6065f89f741b5b8eb281d2324c,,,4/6/2022 17:45,30,TRAFFIC SIGNAL,FUNCTIONING PROPERLY,CLEAR,DAYLIGHT,OTHER OBJECT,CENTER TURN LANE,,STRAIGHT AND LEVEL,DRY,NO DEFECTS,ON SCENE,INJURY AND / OR TOW DUE TO CRASH,,,,"OVER $1,500",4/6/2022 17:45,NOT APPLICABLE,NOT APPLICABLE,1227,N,MILWAUKEE AVE,1433,,,,,,,1,NO INDICATION OF INJURY,0,0,0,0,0,1,0,17,4,4,41.90402473,-87.66729993,POINT (-87.667299933372 41.904024731015)
aa16c1319bd6f2653c8a67c6bc7b0c49b72c3d5ff56fa59ce0d9e9dbb963e06139b39ea4992dcd616535853954e4dd202dc322feb0859e600b9f172d9029ff87,,,4/5/2022 10:43,30,TRAFFIC SIGNAL,FUNCTIONING PROPERLY,CLEAR,DAYLIGHT,SIDESWIPE SAME DIRECTION,NOT DIVIDED,,STRAIGHT AND LEVEL,DRY,NO DEFECTS,ON SCENE,INJURY AND / OR TOW DUE TO CRASH,Y,,,"OVER $1,500",4/5/2022 10:43,IMPROPER OVERTAKING/PASSING,IMPROPER OVERTAKING/PASSING,599,S,PULASKI RD,1132,,,,,,,3,NO INDICATION OF INJURY,0,0,0,0,0,9,0,10,3,4,41.87345998,-87.72526621,POINT (-87.725266208048 41.873459982121)
e4d9d3a98af98824d858c82502a4daa527bcb0bb432b2ae46448fbd07b22f7e23745ff11553f88667f78574fdada041133d893c149ac5a3038d3a18d7a9dcf8c,,Y,4/7/2022 15:30,30,NO CONTROLS,NO CONTROLS,UNKNOWN,UNKNOWN,PARKED MOTOR VEHICLE,NOT DIVIDED,,STRAIGHT AND LEVEL,UNKNOWN,UNKNOWN,ON SCENE,NO INJURY / DRIVE AWAY,,,Y,"OVER $1,500",4/7/2022 15:48,UNABLE TO DETERMINE,UNABLE TO DETERMINE,1444,W,BYRON ST,1922,,,,,,,2,NO INDICATION OF INJURY,0,0,0,0,0,1,0,15,5,4,41.95261982,-87.66588472,POINT (-87.665884724273 41.95261981464)
f2f1f7161793ff74d78a56334206899ae28fec2346559fcd21a1ee33725d83ad017ad84b0e89d40e73e4591225bf8da67153f2fd31816d4010c90b6946cc5420,,,4/7/2022 11:15,30,NO CONTROLS,NO CONTROLS,CLOUDY/OVERCAST,DAYLIGHT,SIDESWIPE SAME DIRECTION,NOT DIVIDED,,STRAIGHT AND LEVEL,WET,NO DEFECTS,NOT ON SCENE (DESK REPORT),NO INJURY / DRIVE AWAY,,,,"OVER $1,500",4/7/2022 11:40,"VISION OBSCURED (SIGNS, TREE LIMBS, BUILDINGS, ETC.)","VISION OBSCURED (SIGNS, TREE LIMBS, BUILDINGS, ETC.)",5959,N,BROADWAY,2433,,,,,,,2,NO INDICATION OF INJURY,0,0,0,0,0,3,0,11,5,4,41.99075527,-87.66014234,POINT (-87.660142338427 41.990755265661)
33662703c873e687ba5378b06d8c86374664399238d369819e08d76c1ff7e34456a013a8fe2b2d3fce88d4c7d7c9a0da0d49ed9caf3a642baa6e426f4b402146,,,4/7/2022 12:25,30,NO CONTROLS,NO CONTROLS,CLEAR,DAYLIGHT,REAR END,NOT DIVIDED,,STRAIGHT AND LEVEL,DRY,NO DEFECTS,NOT ON SCENE (DESK REPORT),NO INJURY / DRIVE AWAY,,,Y,"$501 - $1,500",4/7/2022 16:00,FOLLOWING TOO CLOSELY,FAILING TO REDUCE SPEED TO AVOID CRASH,3335,W,DIVERSEY AVE,1412,,,,,,,2,NO INDICATION OF INJURY,0,0,0,0,0,4,0,12,5,4,41.9318715,-87.71134029,POINT (-87.711340286964 41.931871499538)
e27f3389f5239b652f4f382ee51d3e206795ca3e8359857c4fdc0d6aea70f52cc61a7d599c38184fd19a2db54afe8a33703fa824c2e37e7f6f73e7cbff604cce,,,4/7/2022 21:35,25,NO CONTROLS,NO CONTROLS,RAIN,"DARKNESS, LIGHTED ROAD",PARKED MOTOR VEHICLE,ONE-WAY,,STRAIGHT AND LEVEL,WET,NO DEFECTS,ON SCENE,NO INJURY / DRIVE AWAY,,,Y,"OVER $1,500",4/7/2022 21:38,UNABLE TO DETERMINE,UNABLE TO DETERMINE,125,S,MAYFIELD AVE,1513,,,,,,,2,NO INDICATION OF INJURY,0,0,0,0,0,1,0,21,5,4,41.87828801,-87.77117704,POINT (-87.771177035855 41.87828801388)
edefc4c092a7e1f730a0f42c08ad46978fd2ff84d3beb30ab45db31952cd3e90391b29cd0d5553987fcb6b3197cd49e156b5d7b4cd5dde00925689933ea803e2,,,4/7/2022 21:54,30,TRAFFIC SIGNAL,FUNCTIONING PROPERLY,RAIN,"DARKNESS, LIGHTED ROAD",ANGLE,FOUR WAY,,STRAIGHT AND LEVEL,WET,NO DEFECTS,ON SCENE,INJURY AND / OR TOW DUE TO CRASH,,,,"OVER $1,500",4/7/2022 21:54,DISREGARDING TRAFFIC SIGNALS,WEATHER,500,S,CLARK ST,123,,,,,,,3,NO INDICATION OF INJURY,0,0,0,0,0,4,0,21,5,4,41.87555254,-87.63085422,POINT (-87.630854221965 41.875552544291)
5ccf9158c8bf9682c149f1740ea86427f9b380cb510cdba8a5fe6a8847eda0524aa10f8272e5421e22aae16d7cf21113acc8202fccae61f4ebcc30dcf648a1d8,,,4/7/2022 11:13,20,NO CONTROLS,NO CONTROLS,CLOUDY/OVERCAST,DAYLIGHT,PARKED MOTOR VEHICLE,ONE-WAY,,STRAIGHT AND LEVEL,DRY,NO DEFECTS,ON SCENE,NO INJURY / DRIVE AWAY,,,,"OVER $1,500",4/7/2022 11:14,NOT APPLICABLE,NOT APPLICABLE,4244,N,TROY ST,1724,,,,,,,2,NO INDICATION OF INJURY,0,0,0,0,0,1,0,11,5,4,41.95888219,-87.70709802,POINT (-87.707098015447 41.958882191482)
9d468c351584953ec8c78316d17aee59f9bd0576d24c597b1e734f902081d0f0dd481cbe0591b7a712da74e94f66d324d9f33d206c97feaa41bff131fc0ce7e0,,,4/7/2022 1:10,30,NO CONTROLS,NO CONTROLS,CLEAR,DUSK,HEAD ON,PARKING LOT,,STRAIGHT AND LEVEL,DRY,NO DEFECTS,,NO INJURY / DRIVE AWAY,,,,"$501 - $1,500",4/7/2022 14:00,UNABLE TO DETERMINE,NOT APPLICABLE,6014,S,COTTAGE GROVE AVE,313,Y,,,,,,2,NO INDICATION OF INJURY,0,0,0,0,0,2,0,1,5,4,41.78538745,-87.60618376,POINT (-87.606183761008 41.785387444959)
4e5c77442246a7282b1ddf6eacef993ed9c319a35348e6586e2a14960275ba43fba20bc53ad48dcf33d47ff43694e10ffeae1a8b869f82b011c0ad1aa033c3e9,,,4/3/2022 19:25,30,NO CONTROLS,NO CONTROLS,CLEAR,DARKNESS,ANGLE,NOT DIVIDED,,STRAIGHT AND LEVEL,DRY,NO DEFECTS,ON SCENE,INJURY AND / OR TOW DUE TO CRASH,,,,"OVER $1,500",4/3/2022 20:16,FAILING TO YIELD RIGHT-OF-WAY,UNABLE TO DETERMINE,5919,W,NORTH AVE,2531,,,,,,,2,NONINCAPACITATING INJURY,1,0,0,1,0,1,0,19,1,4,41.90916435,-87.77392446,POINT (-87.773924464461 41.909164349794)
8374c64bd01b5eac1b460a6e29f2f7f889be3cdb3d8c008fa6d8b19ed993ae990652ce196a2aa31d52ef532c25a3008e7c34b02a3dad330dc741761c3d6c7283,,Y,4/7/2022 11:00,25,UNKNOWN,UNKNOWN,CLEAR,DAYLIGHT,SIDESWIPE SAME DIRECTION,DIVIDED - W/MEDIAN (NOT RAISED),,STRAIGHT AND LEVEL,UNKNOWN,UNKNOWN,ON SCENE,NO INJURY / DRIVE AWAY,,,Y,"OVER $1,500",4/7/2022 11:15,UNABLE TO DETERMINE,NOT APPLICABLE,301,E,ROOSEVELT DR,132,,,,,,,2,NO INDICATION OF INJURY,0,0,0,0,0,2,0,11,5,4,41.86740398,-87.62032413,POINT (-87.620324125727 41.867403983361)
aaa1bd5cd91fdb723cdee31136e3c9e2b69b8ce65f34526b818dc43424a8d7f1be77573fb7bb6b53a051cf34a0e0a960ff111160f57f5677ce5c44219b40e765,,,4/7/2022 5:45,30,TRAFFIC SIGNAL,FUNCTIONING PROPERLY,CLEAR,DUSK,SIDESWIPE SAME DIRECTION,NOT DIVIDED,,STRAIGHT AND LEVEL,DRY,NO DEFECTS,NOT ON SCENE (DESK REPORT),NO INJURY / DRIVE AWAY,,,Y,"OVER $1,500",4/7/2022 13:27,IMPROPER OVERTAKING/PASSING,NOT APPLICABLE,2000,E,95TH ST,413,,,,,,,2,NO INDICATION OF INJURY,0,0,0,0,0,2,0,5,5,4,41.72257947,-87.57529252,POINT (-87.575292522504 41.722579473126)
c4424ffb17e3b31fe1c4a3a59014b7138aa24d405f491cc7cf026474fa080c976aef3a51ff62a7900fedb6b4a3d48353f78402b839ff936c6e06ae3a6ef0076a,,,4/7/2022 17:12,30,NO CONTROLS,UNKNOWN,FREEZING RAIN/DRIZZLE,DAYLIGHT,TURNING,NOT DIVIDED,,STRAIGHT AND LEVEL,WET,NO DEFECTS,ON SCENE,NO INJURY / DRIVE AWAY,,,,"$501 - $1,500",4/7/2022 17:12,IMPROPER TURNING/NO SIGNAL,NOT APPLICABLE,2317,N,CICERO AVE,2522,,,,,,,2,NO INDICATION OF INJURY,0,0,0,0,0,2,0,17,5,4,41.92293104,-87.74611948,POINT (-87.746119477943 41.922931042554)
f808432021e99ed9820ea99c7a51eb7cb10427dd2b10d334e6617e6a089660f75063da3b7bd3a71f4521b225eeb905c75b60e21e81c50b1b32dc2376e2a92680,,Y,4/1/2022 5:00,30,NO CONTROLS,NO CONTROLS,UNKNOWN,UNKNOWN,FIXED OBJECT,NOT DIVIDED,,STRAIGHT AND LEVEL,UNKNOWN,UNKNOWN,NOT ON SCENE (DESK REPORT),NO INJURY / DRIVE AWAY,,,Y,"OVER $1,500",4/7/2022 11:00,UNABLE TO DETERMINE,UNABLE TO DETERMINE,5608,N,PULASKI RD,1711,,,,,,,1,NO INDICATION OF INJURY,0,0,0,0,0,1,0,5,6,4,41.98312383,-87.72858678,POINT (-87.728586783414 41.983123829979)
58360645473ff63dcc5b767cf4e2af0004664d4e6b24709a68bc9016045cce56389f18aea40fbb447d686b5d57c4cc6ec5f6c6a33f8ae1b4ecce9d7291b35b9c,,,4/7/2022 22:08,30,TRAFFIC SIGNAL,FUNCTIONING PROPERLY,RAIN,"DARKNESS, LIGHTED ROAD",FIXED OBJECT,FOUR WAY,,STRAIGHT AND LEVEL,WET,UNKNOWN,ON SCENE,INJURY AND / OR TOW DUE TO CRASH,Y,,,"OVER $1,500",4/7/2022 22:08,UNABLE TO DETERMINE,NOT APPLICABLE,2759,N,CICERO AVE,2521,,,,,,,1,NO INDICATION OF INJURY,0,0,0,0,0,1,0,22,5,4,41.93149097,-87.74644595,POINT (-87.746445949379 41.931490967585)
46087055209e1ee8c7c187ec90b25d970dbb93818a641763df4c9ba873ea098b96062aa99833e7d869077d96391664c77b280dea5511a5b235ba0a66d964ba95,,,4/7/2022 1:36,25,NO CONTROLS,NO CONTROLS,CLEAR,"DARKNESS, LIGHTED ROAD",ANGLE,ONE-WAY,,STRAIGHT AND LEVEL,DRY,UNKNOWN,ON SCENE,INJURY AND / OR TOW DUE TO CRASH,Y,,,"OVER $1,500",4/7/2022 1:36,FAILING TO REDUCE SPEED TO AVOID CRASH,"OPERATING VEHICLE IN ERRATIC, RECKLESS, CARELESS, NEGLIGENT OR AGGRESSIVE MANNER",5046,S,LAFLIN ST,933,Y,,,,,,2,NONINCAPACITATING INJURY,3,0,0,3,0,0,0,1,5,4,41.80177801,-87.66250507,POINT (-87.662505067624 41.80177800728)
3845031eacca54358e1473b66d6962cebe5e27273fa3d98baee1572bbe8f21acfdd5e4245fc3645a700e8b0bcd2fce5364fc00b80ecb29731b0336140a3e89ef,,,4/2/2022 0:01,30,NO CONTROLS,NO CONTROLS,CLEAR,DARKNESS,PARKED MOTOR VEHICLE,NOT DIVIDED,,STRAIGHT AND LEVEL,DRY,NO DEFECTS,NOT ON SCENE (DESK REPORT),NO INJURY / DRIVE AWAY,Y,,,"$501 - $1,500",4/7/2022 19:00,UNABLE TO DETERMINE,UNABLE TO DETERMINE,1036,N,DEARBORN ST,1824,,,,,,,2,NO INDICATION OF INJURY,0,0,0,0,0,3,0,0,7,4,41.90173559,-87.63006792,POINT (-87.630067918994 41.901735586896)
7501c30583c8245d1e08f86b1d4fecb1792760dcd1ae1f1f95ac79230262f5fd4390362b2b709902bb7c48fa426fc576117e0a371f1e8e973b9995b44fd4f5c8,,,4/7/2022 17:00,15,STOP SIGN/FLASHER,FUNCTIONING PROPERLY,CLEAR,DAYLIGHT,ANGLE,FOUR WAY,,STRAIGHT AND LEVEL,DRY,NO DEFECTS,ON SCENE,INJURY AND / OR TOW DUE TO CRASH,Y,,Y,"OVER $1,500",4/7/2022 17:09,UNABLE TO DETERMINE,UNABLE TO DETERMINE,50,E,85TH ST,632,,,,,,,2,NO INDICATION OF INJURY,0,0,0,0,0,3,0,17,5,4,41.7401454,-87.62244493,POINT (-87.622444934122 41.740145403242)
8b0328f73637316728cace97dc1818188e29132c1d17cc915d626f99ba307da29ee733627b1e3a77023eddf3c9da6ac0cfc76c738ce37750b6c35aa9c492cda7,,,4/7/2022 14:25,30,NO CONTROLS,NO CONTROLS,CLEAR,DUSK,PARKED MOTOR VEHICLE,ONE-WAY,,STRAIGHT AND LEVEL,DRY,NO DEFECTS,NOT ON SCENE (DESK REPORT),NO INJURY / DRIVE AWAY,,,,"$501 - $1,500",4/7/2022 19:30,NOT APPLICABLE,NOT APPLICABLE,7648,S,CORNELL AVE,411,,,,,,,2,NO INDICATION OF INJURY,0,0,0,0,0,1,0,14,5,4,41.75551181,-87.58465201,POINT (-87.584652014439 41.755511811498)
c4faaea8867f5ba0b077679dc7a4e602ff1277fabcfa8ea3fa48ed75eacdd1d4ed4ae4dd0431b126994048d78ef69f8875a88fb18b7581421271cca290a0dac5,,Y,4/4/2022 14:00,30,NO CONTROLS,NO CONTROLS,UNKNOWN,DAYLIGHT,PARKED MOTOR VEHICLE,ALLEY,,STRAIGHT AND LEVEL,UNKNOWN,NO DEFECTS,ON SCENE,NO INJURY / DRIVE AWAY,,,,"$501 - $1,500",4/6/2022 14:03,UNABLE TO DETERMINE,UNABLE TO DETERMINE,1125,W,FOSTER AVE,2033,,,,,,,2,NO INDICATION OF INJURY,0,0,0,0,0,1,0,14,2,4,41.97622707,-87.65887827,POINT (-87.658878272013 41.976227070928)
178953a5351cd33773e977291e166003688b4d799aeb535f4eb9c0773be2da5599a617207f195a857782e51b11ca81a5aa206b7404ae6158cff0657dec067532,,,4/7/2022 11:40,10,NO CONTROLS,NO CONTROLS,CLOUDY/OVERCAST,DAYLIGHT,PARKED MOTOR VEHICLE,PARKING LOT,,STRAIGHT AND LEVEL,DRY,UNKNOWN,ON SCENE,NO INJURY / DRIVE AWAY,,,,"OVER $1,500",4/7/2022 12:05,UNABLE TO DETERMINE,UNABLE TO DETERMINE,3510,S,MICHIGAN AVE,213,,,,,,,2,NO INDICATION OF INJURY,0,0,0,0,0,2,0,11,5,4,41.83070169,-87.62339535,POINT (-87.623395345899 41.830701687298)
521d0688cba04b1ae29778ac11ba7a7f086375008ec489864f61b24770d7b2cc7f4c78958364e4be3dcf295e1dc4f3e3b5b0636f3bf73b6bd452eedebc7b142d,,,4/8/2022 0:15,30,NO CONTROLS,NO CONTROLS,RAIN,"DARKNESS, LIGHTED ROAD",PARKED MOTOR VEHICLE,ONE-WAY,,STRAIGHT AND LEVEL,WET,NO DEFECTS,ON SCENE,NO INJURY / DRIVE AWAY,,,Y,"OVER $1,500",4/8/2022 0:41,UNABLE TO DETERMINE,UNABLE TO DETERMINE,7940,S,WOODLAWN AVE,411,,,,,,,2,NO INDICATION OF INJURY,0,0,0,0,0,1,0,0,6,4,41.7501472,-87.59560796,POINT (-87.595607963291 41.750147200841)
6dce734144e63968b8ecc5fd31591b77ca141a83a696fcb4ba3b5b6b71d4fc9da9e9f44b44f3e4fa71f2815db68d32295e14795a4649acf395cb8b021f7020cb,,,4/7/2022 17:15,30,NO CONTROLS,NO CONTROLS,CLEAR,DAYLIGHT,SIDESWIPE SAME DIRECTION,DIVIDED - W/MEDIAN (NOT RAISED),,STRAIGHT ON GRADE,DRY,NO DEFECTS,NOT ON SCENE (DESK REPORT),NO INJURY / DRIVE AWAY,,,Y,"OVER $1,500",4/7/2022 17:45,DRIVING SKILLS/KNOWLEDGE/EXPERIENCE,NOT APPLICABLE,11420,S,HALSTED ST,2234,,,,,,,2,NO INDICATION OF INJURY,0,0,0,0,0,2,0,17,5,4,41.68624444,-87.64233498,POINT (-87.6423349762 41.686244439254)
88fa1985fbf3d2223ba89d5259229afe8e1f04b7931258a35076d55da5b8bd175b84c1c4d5133a3e9e86ee3e3a95a9a2ec73fa286ff5b59f5cef7b418436e9cb,,,4/7/2022 16:36,30,TRAFFIC SIGNAL,FUNCTIONING PROPERLY,RAIN,DAYLIGHT,PARKED MOTOR VEHICLE,DIVIDED - W/MEDIAN (NOT RAISED),,STRAIGHT AND LEVEL,WET,NO DEFECTS,ON SCENE,NO INJURY / DRIVE AWAY,,,,"OVER $1,500",4/7/2022 16:43,UNABLE TO DETERMINE,UNABLE TO DETERMINE,3155,W,DIVERSEY AVE,1411,,Y,,,,,2,NO INDICATION OF INJURY,0,0,0,0,0,1,0,16,5,4,41.93191841,-87.70720964,POINT (-87.707209636654 41.931918413027)