CRASH_RECORD_ID,RD_NO,CRASH_DATE_EST_I,CRASH_DATE,POSTED_SPEED_LIMIT,TRAFFIC_CONTROL_DEVICE,DEVICE_CONDITION,WEATHER_CONDITION,LIGHTING_CONDITION,FIRST_CRASH_TYPE,TRAFFICWAY_TYPE,LANE_CNT,ALIGNMENT,ROADWAY_SURFACE_COND,ROAD_DEFECT,REPORT_TYPE,CRASH_TYPE,INTERSECTION_RELATED_I,NOT_RIGHT_OF_WAY_I,HIT_AND_RUN_I,DAMAGE,DATE_POLICE_NOTIFIED,PRIM_CONTRIBUTORY_CAUSE,SEC_CONTRIBUTORY_CAUSE,STREET_NO,STREET_DIRECTION,STREET_NAME,BEAT_OF_OCCURRENCE,PHOTOS_TAKEN_I,STATEMENTS_TAKEN_I,DOORING_I,WORK_ZONE_I,WORK_ZONE_TYPE,WORKERS_PRESENT_I,NUM_UNITS,MOST_SEVERE_INJURY,INJURIES_TOTAL,INJURIES_FATAL,INJURIES_INCAPACITATING,INJURIES_NON_INCAPACITATING,INJURIES_REPORTED_NOT_EVIDENT,INJURIES_NO_INDICATION,INJURIES_UNKNOWN,CRASH_HOUR,CRASH_DAY_OF_WEEK,CRASH_MONTH,LATITUDE,LONGITUDE,LOCATION
5bb49ca3da206b248165e2d04a0fc98726f929fd5f07f747c6710af8e13fc9a94e535ef24db73c2db922438ace9dc347b874b64035d25a6f34590f0ce3332798,,,4/7/2022 21:10,30,TRAFFIC SIGNAL,FUNCTIONING PROPERLY,FREEZING RAIN/DRIZZLE,"DARKNESS, LIGHTED ROAD",ANGLE,NOT DIVIDED,,STRAIGHT AND LEVEL,WET,NO DEFECTS,ON SCENE,INJURY AND / OR TOW DUE TO CRASH,Y,,,"OVER $1,500",4/7/2022 21:12,DISREGARDING OTHER TRAFFIC SIGNS,FAILING TO YIELD RIGHT-OF-WAY,6100,S,DR MARTIN LUTHER KING JR DR,311,,,,,,,2,NO INDICATION OF INJURY,0,0,0,0,0,3,0,21,5,4,41.78379147,-87.61585767,POINT (-87.615857665732 41.783791474078)
35732dc3cdabe596c0c7b4f442a029c035d64fcbd932925358e8beb71e9e1e30adcf983f105ea3868fbb5ff4129e26214cb3e13853391d0cbda97ea2e74f06be,,,4/7/2022 16:19,30,TRAFFIC SIGNAL,FUNCTIONING PROPERLY,CLEAR,DAYLIGHT,REAR END,DIVIDED - W/MEDIAN (NOT RAISED),,STRAIGHT AND LEVEL,DRY,NO DEFECTS,NOT ON SCENE (DESK REPORT),INJURY AND / OR TOW DUE TO CRASH,Y,,,"OVER $1,500",4/7/2022 16:58,FOLLOWING TOO CLOSELY,NOT APPLICABLE,2358,W,95TH ST,2221,,,,,,,2,"REPORTED, NOT EVIDENT",1,0,0,0,1,2,0,16,5,4,41.72104771,-87.68200483,POINT (-87.682004830585 41.721047708948)
ac116a7e6597d4af790a17eb531daec38e1d62308df6381a7725b1dad79b8e160f617a998e76f91b58fd6e958ca396087e9fb66588a2184d2f8efed0c078c13e,,,4/7/2022 10:24,30,TRAFFIC SIGNAL,FUNCTIONING PROPERLY,CLOUDY/OVERCAST,DAYLIGHT,TURNING,FOUR WAY,,STRAIGHT ON GRADE,DRY,NO DEFECTS,,NO INJURY / DRIVE AWAY,Y,,,"$501 - $1,500",4/7/2022 10:25,FAILING TO REDUCE SPEED TO AVOID CRASH,IMPROPER LANE USAGE,10900,S,WESTERN AVE,2212,,Y,,,,,2,NO INDICATION OF INJURY,0,0,0,0,0,2,0,10,5,4,41.6953463,-87.68141536,POINT (-87.681415356429 41.695346300279)
21d983c950d51e38a2fef257d4897b60878f44feba1a40cbf5f9a95f3b72c75affe4e8cb33dff2c48613db09ca5470c9a0f47f97bb9fed6842eb69d3fdb6c0e7,,,4/7/2022 8:00,30,NO CONTROLS,NO CONTROLS,CLOUDY/OVERCAST,DAYLIGHT,PARKED MOTOR VEHICLE,NOT DIVIDED,,STRAIGHT AND LEVEL,DRY,NO DEFECTS,NOT ON SCENE (DESK REPORT),NO INJURY / DRIVE AWAY,,,,"OVER $1,500",4/7/2022 8:30,DRIVING SKILLS/KNOWLEDGE/EXPERIENCE,NOT APPLICABLE,1030,N,HALSTED ST,1822,,,,,,,2,NO INDICATION OF INJURY,0,0,0,0,0,1,0,8,5,4,41.90107825,-87.64810948,POINT (-87.648109474892 41.901078248532)
661382ce79c8175050af46b9373b321e6d798e9e87ce4ffbdea27f2c525609fcd46849faeb2cf1b2efcd3e9169fb8004915f1512970297f431560ae082876b59,,N,4/6/2022 8:00,25,NO CONTROLS,NO CONTROLS,CLEAR,DAYLIGHT,PARKED MOTOR VEHICLE,NOT DIVIDED,,STRAIGHT AND LEVEL,DRY,UNKNOWN,ON SCENE,NO INJURY / DRIVE AWAY,,,,"OVER $1,500",4/6/2022 13:05,UNABLE TO DETERMINE,UNABLE TO DETERMINE,3904,W,ALTGELD ST,2524,,,,,,,2,NO INDICATION OF INJURY,0,0,0,0,0,1,0,8,4,4,41.92645801,-87.7246013,POINT (-87.724601299056 41.926458009487)
eac71daf505fa2837433ea29c8db753109bb6c55bed0f30c087a3f03db35aac3988d9233b31448109808e4f6a38a13c028f3ab8283b040c560039f6117132683,,,4/4/2022 6:20,35,TRAFFIC SIGNAL,FUNCTIONING PROPERLY,CLEAR,DAYLIGHT,REAR END,DIVIDED - W/MEDIAN (NOT RAISED),,STRAIGHT AND LEVEL,DRY,NO DEFECTS,NOT ON SCENE (DESK REPORT),NO INJURY / DRIVE AWAY,,,,"OVER $1,500",4/4/2022 19:00,DISTRACTION - FROM OUTSIDE VEHICLE,UNABLE TO DETERMINE,8300,S,VINCENNES AVE,622,,,,,,,2,NO INDICATION OF INJURY,0,0,0,0,0,2,0,6,2,4,41.74350456,-87.6366628,POINT (-87.636662798126 41.743504557606)
4073e46669615ad5e813456b3622e20bafd3dbe646d6407398616d60bb93f1f568bf0da3e0dce6458df334937c898fc988ccbbf5c7897d048e56df99b07d214c,JF168910,,3/10/2022 5:00,30,NO CONTROLS,NO CONTROLS,CLEAR,"DARKNESS, LIGHTED ROAD",PARKED MOTOR VEHICLE,ONE-WAY,,STRAIGHT AND LEVEL,DRY,NO DEFECTS,,NO INJURY / DRIVE AWAY,,,Y,"OVER $1,500",3/10/2022 5:03,"OPERATING VEHICLE IN ERRATIC, RECKLESS, CARELESS, NEGLIGENT OR AGGRESSIVE MANNER",NOT APPLICABLE,4147,W,25TH ST,1013,,,,,,,3,NO INDICATION OF INJURY,0,0,0,0,0,1,0,5,5,3,41.84592847,-87.72801232,POINT (-87.728012319351 41.845928470052)
7d30addd2a70807ef5d6b680dabfab49d902743b555778e5957fd970ad1eed7a9ced510c71f7b4181aee397e6b4e35559f6be6f2d28ad917fac23bd7cc6bf2bf,,Y,4/3/2022 8:00,20,NO CONTROLS,NO CONTROLS,UNKNOWN,UNKNOWN,PARKED MOTOR VEHICLE,NOT DIVIDED,,STRAIGHT AND LEVEL,UNKNOWN,UNKNOWN,NOT ON SCENE (DESK REPORT),NO INJURY / DRIVE AWAY,,,,"OVER $1,500",4/6/2022 15:45,UNABLE TO DETERMINE,UNABLE TO DETERMINE,2258,N,NARRAGANSETT AVE,2512,,,,,,,2,NO INDICATION OF INJURY,0,0,0,0,0,1,0,8,1,4,41.92171444,-87.78553085,POINT (-87.785530844635 41.921714441943)
14feb8e62a6f95ee376a8d5ffb44c7f7a5f9444d0720650bec25fceb8abe50036cc0caff46acd130611ad6a1b7592d41e4100abf4a9166a0d92f8329caddff58,,,4/6/2022 16:10,30,TRAFFIC SIGNAL,FUNCTIONING PROPERLY,CLEAR,DAYLIGHT,SIDESWIPE SAME DIRECTION,DIVIDED - W/MEDIAN BARRIER,,STRAIGHT AND LEVEL,DRY,NO DEFECTS,NOT ON SCENE (DESK REPORT),NO INJURY / DRIVE AWAY,,,,"OVER $1,500",4/6/2022 18:10,IMPROPER OVERTAKING/PASSING,FAILING TO REDUCE SPEED TO AVOID CRASH,5100,S,LAKE PARK AVE,234,,,,,,,2,NO INDICATION OF INJURY,0,0,0,0,0,3,0,16,4,4,41.80237973,-87.58797941,POINT (-87.587979406628 41.802379729614)
28f207b8c9af57e89563e6030aa9d46f9386772c0326641fef223cf053df25517886f5e15f7e762018e1765398dc2c908508aab94fee7ad985bb0683adc9f547,,,4/6/2022 11:07,15,NO CONTROLS,NO CONTROLS,CLEAR,DAYLIGHT,PARKED MOTOR VEHICLE,ONE-WAY,,STRAIGHT AND LEVEL,DRY,UNKNOWN,ON SCENE,INJURY AND / OR TOW DUE TO CRASH,,,,"OVER $1,500",4/6/2022 11:07,FOLLOWING TOO CLOSELY,NOT APPLICABLE,6518,N,RICHMOND ST,2412,,,,,,,2,NO INDICATION OF INJURY,0,0,0,0,0,1,0,11,4,4,41.99991769,-87.70352203,POINT (-87.703522024599 41.99991768547)
9215edf739e85bad660f206aebaf694bb2c5f4026d9096b257520db2d2ce2e7e2f9ac8cb970fd6cf2ce1cc21d2454b2a71236fc63bb362f30c0b584711520af1,,,4/7/2022 15:01,30,TRAFFIC SIGNAL,FUNCTIONING PROPERLY,CLOUDY/OVERCAST,DAYLIGHT,ANGLE,DIVIDED - W/MEDIAN BARRIER,,STRAIGHT AND LEVEL,UNKNOWN,UNKNOWN,NOT ON SCENE (DESK REPORT),NO INJURY / DRIVE AWAY,Y,,,"OVER $1,500",4/7/2022 16:30,DISREGARDING TRAFFIC SIGNALS,FAILING TO YIELD RIGHT-OF-WAY,3100,S,DR MARTIN LUTHER KING JR DR,211,,,,,,,2,NO INDICATION OF INJURY,0,0,0,0,0,2,0,15,5,4,41.83832694,-87.61761266,POINT (-87.617612661462 41.838326941218)
267043778c92cc9466dd19005507f709c4aeccfa5380ba2a8c77925e0a46fde42c020526c321ad4f6c6ed0f95576cd3feac57aa28565cd0458c15f458ad91689,JF170113,,3/11/2022 7:40,30,TRAFFIC SIGNAL,FUNCTIONING PROPERLY,CLOUDY/OVERCAST,DAYLIGHT,PEDESTRIAN,DIVIDED - W/MEDIAN (NOT RAISED),,STRAIGHT AND LEVEL,WET,NO DEFECTS,ON SCENE,INJURY AND / OR TOW DUE TO CRASH,Y,,Y,$500 OR LESS,3/11/2022 7:41,FAILING TO REDUCE SPEED TO AVOID CRASH,FAILING TO REDUCE SPEED TO AVOID CRASH,3500,S,MORGAN ST,915,,,,,,,2,INCAPACITATING INJURY,1,0,1,0,0,1,0,7,6,3,41.83063276,-87.65111403,POINT (-87.651114026097 41.830632756899)
73724611e4dc04cb532b37f7ba0f90e3196b25e3628d627a6ffcb99817437195e516cf705636bbd276e915d2a8cedca2aed4bdca4513c51e747b00538ae3289b,,,4/7/2022 16:04,30,STOP SIGN/FLASHER,FUNCTIONING PROPERLY,RAIN,DAYLIGHT,ANGLE,FOUR WAY,,STRAIGHT AND LEVEL,WET,NO DEFECTS,ON SCENE,INJURY AND / OR TOW DUE TO CRASH,Y,,,"OVER $1,500",4/7/2022 16:27,FAILING TO YIELD RIGHT-OF-WAY,NOT APPLICABLE,800,W,HUBBARD ST,1214,,,,,,,2,NO INDICATION OF INJURY,0,0,0,0,0,3,0,16,5,4,41.89019488,-87.6476687,POINT (-87.647668699131 41.890194882661)
bdbc0db51ad9d7416bb99852a69e74cd0fd565b1fbf6781243c79de0adb7e9d3359ee764c727be31f65954a5e19be052341fc27674006277a334ea06f730b2f9,,,4/7/2022 16:00,30,TRAFFIC SIGNAL,FUNCTIONING PROPERLY,CLEAR,DAYLIGHT,SIDESWIPE SAME DIRECTION,NOT DIVIDED,,STRAIGHT AND LEVEL,DRY,NO DEFECTS,NOT ON SCENE (DESK REPORT),NO INJURY / DRIVE AWAY,Y,,,"OVER $1,500",4/7/2022 17:30,IMPROPER LANE USAGE,UNABLE TO DETERMINE,4002,N,LARAMIE AVE,1624,,,,,,,2,NO INDICATION OF INJURY,0,0,0,0,0,2,0,16,5,4,41.95340172,-87.75729746,POINT (-87.75729746404 41.95340171586)
a9e51462f8b64326911fce9a32f1ebb2ac5916b308bc92043f1c623456106fde45bce49ad9cadbd7fc2529e574a48954fab9c943f5f7b9aba0d9512ab5648cd3,,,4/7/2022 11:39,30,NO CONTROLS,NO CONTROLS,CLEAR,DAYLIGHT,REAR END,NOT DIVIDED,,STRAIGHT AND LEVEL,DRY,NO DEFECTS,NOT ON SCENE (DESK REPORT),NO INJURY / DRIVE AWAY,,,,"$501 - $1,500",4/7/2022 14:08,NOT APPLICABLE,NOT APPLICABLE,3900,S,CICERO AVE,1031,,,,,,,2,NO INDICATION OF INJURY,0,0,0,0,0,2,0,11,5,4,41.82194483,-87.7436766,POINT (-87.743676596199 41.821944833083)
4bdccb4a673bf2042d66236a1bf2619afa27ef3f778fccf548137b8fee8e8e424e7523981d7b6c9f036fd7db4cfbc18067cd987b2abc39108b6f2fd43957beb3,,,4/7/2022 18:10,30,NO CONTROLS,NO CONTROLS,RAIN,DAYLIGHT,ANGLE,DIVIDED - W/MEDIAN (NOT RAISED),,STRAIGHT AND LEVEL,WET,UNKNOWN,ON SCENE,INJURY AND / OR TOW DUE TO CRASH,,,,"OVER $1,500",4/7/2022 18:14,DRIVING SKILLS/KNOWLEDGE/EXPERIENCE,UNABLE TO DETERMINE,1701,N,HALSTED ST,1813,,,,,,,2,NO INDICATION OF INJURY,0,0,0,0,0,2,0,18,5,4,41.9128397,-87.64818644,POINT (-87.64818644087 41.912839699603)
4766a9e29140623caeadc21121cc4abfaf6404128426963b313548bf13e81dbbd6f7b8f0afe00d648d2bca48442dd1ec43b7c38a20bd8ac81c2d40d6fb795c27,,Y,4/7/2022 12:28,30,STOP SIGN/FLASHER,NO CONTROLS,CLOUDY/OVERCAST,DAYLIGHT,REAR END,NOT DIVIDED,,STRAIGHT AND LEVEL,WET,NO DEFECTS,ON SCENE,NO INJURY / DRIVE AWAY,,,,"OVER $1,500",4/7/2022 12:43,UNABLE TO DETERMINE,UNABLE TO DETERMINE,1701,W,63RD ST,725,,,,,,,3,NO INDICATION OF INJURY,0,0,0,0,0,5,0,12,5,4,41.77930753,-87.66672451,POINT (-87.666724505558 41.779307524649)
d143e9ca0cb6ed7cc2952b0e83298054e15695b0b97b821d11919d6482c36621f07facca0df682f07c51d9639711d086e7966ac587e8df39885cc7938ec9ad15,,,4/7/2022 17:30,30,NO CONTROLS,NO CONTROLS,RAIN,DAYLIGHT,SIDESWIPE SAME DIRECTION,DIVIDED - W/MEDIAN (NOT RAISED),,STRAIGHT AND LEVEL,WET,NO DEFECTS,NOT ON SCENE (DESK REPORT),NO INJURY / DRIVE AWAY,,,,"OVER $1,500",4/7/2022 18:30,IMPROPER LANE USAGE,UNABLE TO DETERMINE,3509,W,ADDISON ST,1732,,,,,,,2,NO INDICATION OF INJURY,0,0,0,0,0,2,0,17,5,4,41.94641581,-87.71550064,POINT (-87.715500640975 41.946415808281)
687c65762d17146e4f39989bb0dd3104639d18655838a22d7792ab0ec3d529e76b89e80b90482e2ff14adf322a2891bc42b4a1aeaee3434cd521b18c4e11f76e,,,4/7/2022 9:00,30,NO CONTROLS,NO CONTROLS,CLEAR,DAYLIGHT,PARKED MOTOR VEHICLE,DIVIDED - W/MEDIAN BARRIER,,STRAIGHT AND LEVEL,WET,NO DEFECTS,NOT ON SCENE (DESK REPORT),NO INJURY / DRIVE AWAY,,,Y,"$501 - $1,500",4/7/2022 9:30,UNABLE TO DETERMINE,UNABLE TO DETERMINE,6900,S,STONY ISLAND AVE,332,,,,,,,2,NO INDICATION OF INJURY,0,0,0,0,0,1,0,9,5,4,41.76964982,-87.58638311,POINT (-87.586383110145 41.769649814616)
64c8e3cbcb166192677f57d1671d1ea3a6a579b7f2c53616b3183272617580294ea4842f95ac363926006472ec192582c64655e8e43159ba94b52518c8d904e7,,,4/7/2022 16:35,30,TRAFFIC SIGNAL,FUNCTIONING PROPERLY,RAIN,DAYLIGHT,SIDESWIPE SAME DIRECTION,NOT DIVIDED,,STRAIGHT AND LEVEL,WET,NO DEFECTS,NOT ON SCENE (DESK REPORT),NO INJURY / DRIVE AWAY,Y,,,"$501 - $1,500",4/7/2022 18:24,UNABLE TO DETERMINE,UNABLE TO DETERMINE,630,W,LAKE ST,1214,,,,,,,2,NO INDICATION OF INJURY,0,0,0,0,0,2,0,16,5,4,41.88580702,-87.6441719,POINT (-87.644171894657 41.885807019662)
e687b88305b6287c0248732fab41cc98e94f198a054760025842ea2cb11a9e65d322b9f813171570a3144a68fa002a3c4cf03a854404a208490be59540c21d9b,,,4/7/2022 7:08,30,NO CONTROLS,NO CONTROLS,CLOUDY/OVERCAST,DAYLIGHT,TURNING,NOT DIVIDED,,STRAIGHT AND LEVEL,DRY,NO DEFECTS,NOT ON SCENE (DESK REPORT),NO INJURY / DRIVE AWAY,,,,"OVER $1,500",4/7/2022 10:25,FAILING TO YIELD RIGHT-OF-WAY,FAILING TO YIELD RIGHT-OF-WAY,6425,S,LOWE AVE,723,,,,,,,2,NO INDICATION OF INJURY,0,0,0,0,0,2,0,7,5,4,41.7772212,-87.64065355,POINT (-87.64065355106 41.77722119984)
ba701aa926a0f5310c66d3d07a27be7ec809baaf297636e8705c8661cd5f58032598fb297cf69a15d7d6c8ee7b6067c00ad37272420f3171a5e95882478984c5,,,4/7/2022 15:11,30,NO CONTROLS,NO CONTROLS,CLEAR,DAYLIGHT,REAR END,NOT DIVIDED,,STRAIGHT AND LEVEL,DRY,NO DEFECTS,NOT ON SCENE (DESK REPORT),NO INJURY / DRIVE AWAY,,,,"$501 - $1,500",4/7/2022 15:49,NOT APPLICABLE,NOT APPLICABLE,6600,S,PULASKI RD,833,,,,,,,2,NO INDICATION OF INJURY,0,0,0,0,0,3,0,15,5,4,41.77314488,-87.72276939,POINT (-87.722769384571 41.773144879199)
7b0ace4e486cbf07c62986c3d2ba176434d6e746ee991fc0cbd400bbdaa1f54cb3c593411311f8d1f2114ac73e1a66dc5264b3e5b85c93de297b9601a5631d3a,,,4/7/2022 18:26,30,NO CONTROLS,NO CONTROLS,RAIN,DUSK,SIDESWIPE SAME DIRECTION,NOT DIVIDED,,STRAIGHT AND LEVEL,WET,NO DEFECTS,NOT ON SCENE (DESK REPORT),NO INJURY / DRIVE AWAY,,,,"$501 - $1,500",4/7/2022 19:00,IMPROPER OVERTAKING/PASSING,FAILING TO REDUCE SPEED TO AVOID CRASH,630,W,NORTH AVE,1813,,,,,,,2,NO INDICATION OF INJURY,0,0,0,0,0,2,0,18,5,4,41.91108789,-87.6446518,POINT (-87.644651797318 41.911087888783)
5fe132836216502c80547af0b1d140470870c1ecf263357448f3d15a76700b32f83332185dcb2e571dc7bbe32cf8e89fbaaf87a79ed5f610178d279b09f234b7,,,4/7/2022 8:25,20,NO CONTROLS,FUNCTIONING PROPERLY,CLEAR,DAYLIGHT,REAR END,NOT DIVIDED,,STRAIGHT AND LEVEL,DRY,UNKNOWN,ON SCENE,INJURY AND / OR TOW DUE TO CRASH,,,N,"OVER $1,500",4/7/2022 8:26,UNABLE TO DETERMINE,UNABLE TO DETERMINE,3730,W,16TH ST,1014,,,,,,,2,NO INDICATION OF INJURY,0,0,0,0,0,2,0,8,5,4,41.85904344,-87.71875546,POINT (-87.718755459109 41.859043437122)
f28aec3f0fa9c15bb0f5a26f396e1b7a8bef836641857b983115ae26c976c19e54ee7839ced94ff18e755abd5dbfe8f911962c549485350069600b8c6c75349e,,,4/7/2022 13:35,30,NO CONTROLS,NO CONTROLS,CLEAR,DAYLIGHT,ANGLE,DIVIDED - W/MEDIAN (NOT RAISED),,STRAIGHT AND LEVEL,DRY,NO DEFECTS,NOT ON SCENE (DESK REPORT),NO INJURY / DRIVE AWAY,,,,"OVER $1,500",4/7/2022 14:08,FAILING TO YIELD RIGHT-OF-WAY,NOT APPLICABLE,10304,S,KEDZIE AVE,2211,,,,,,,2,NO INDICATION OF INJURY,0,0,0,0,0,2,0,13,5,4,41.70597301,-87.70146155,POINT (-87.701461547339 41.705973012676)
9014298040d87c1093127d637e313ef79e1aa373a9856310fce8ea9f1f4114e2654c2e4a53afcd7ffd8f0b491539f1d26009abeec7f9084d37927123d0b0205f,,,4/7/2022 15:26,30,STOP SIGN/FLASHER,FUNCTIONING IMPROPERLY,CLEAR,DAYLIGHT,ANGLE,NOT DIVIDED,,STRAIGHT AND LEVEL,DRY,NO DEFECTS,ON SCENE,INJURY AND / OR TOW DUE TO CRASH,Y,,Y,"OVER $1,500",4/7/2022 15:33,DISREGARDING STOP SIGN,NOT APPLICABLE,2800,W,53RD ST,923,,,,,,,2,NO INDICATION OF INJURY,0,0,0,0,0,2,0,15,5,4,41.79744712,-87.69396529,POINT (-87.693965291911 41.797447116546)
311bf25502da59f7293cbdb2a374dfea98dce99d95ae2966a7f711c57563df74fc64d85ea4c0cf7a6c240df7c87c61b521b064586b458df37326b69c6ac55739,,,4/7/2022 16:15,30,TRAFFIC SIGNAL,FUNCTIONING PROPERLY,CLOUDY/OVERCAST,DAYLIGHT,REAR END,TRAFFIC ROUTE,,STRAIGHT AND LEVEL,WET,NO DEFECTS,ON SCENE,INJURY AND / OR TOW DUE TO CRASH,Y,,,"OVER $1,500",4/7/2022 16:18,FOLLOWING TOO CLOSELY,UNDER THE INFLUENCE OF ALCOHOL/DRUGS (USE WHEN ARREST IS EFFECTED),3908,S,INDIANA AVE,213,,,,,,,3,NO INDICATION OF INJURY,0,0,0,0,0,7,0,16,5,4,41.82346696,-87.62174138,POINT (-87.621741382666 41.82346696402)
11d48cec45e6bca0d32a81013c95de3645b31f873b7d318d96aa9182a512bc2144b298e838ef500a4ce0b73cb6747877006036ea7da6ef78bd4df80e9b300f2f,,,4/7/2022 7:30,30,STOP SIGN/FLASHER,FUNCTIONING PROPERLY,CLEAR,DAYLIGHT,SIDESWIPE SAME DIRECTION,NOT DIVIDED,,STRAIGHT AND LEVEL,DRY,NO DEFECTS,NOT ON SCENE (DESK REPORT),NO INJURY / DRIVE AWAY,,,Y,"$501 - $1,500",4/7/2022 11:50,IMPROPER OVERTAKING/PASSING,UNABLE TO DETERMINE,940,W,69TH ST,723,,,,,,,2,NO INDICATION OF INJURY,0,0,0,0,0,2,0,7,5,4,41.7688879,-87.64854104,POINT (-87.648541035578 41.768887898865)
03b45ee594c95148cbaf9bd50ce0855de5328a4053cce0ef8dc10e010ee1a6edca68a086f1ffa55cd9a51d4d0ca0d0be52d722e8e2f376200497c029f64abf78,,,4/1/2022 16:15,35,TRAFFIC SIGNAL,FUNCTIONING PROPERLY,CLEAR,DAYLIGHT,SIDESWIPE SAME DIRECTION,DIVIDED - W/MEDIAN (NOT RAISED),,STRAIGHT AND LEVEL,DRY,NO DEFECTS,NOT ON SCENE (DESK REPORT),NO INJURY / DRIVE AWAY,,,Y,"OVER $1,500",4/1/2022 17:10,IMPROPER OVERTAKING/PASSING,IMPROPER OVERTAKING/PASSING,2406,S,BLUE ISLAND AVE,1034,,,,,,,2,NO INDICATION OF INJURY,0,0,0,0,0,2,0,16,6,4,41.84864137,-87.6757942,POINT (-87.675794203793 41.848641365373)
c013344ffe214086c0693b90acba96a055a15f1aaad226fabbc3798c42f2ff7d96abd0173320cf492fa3b901068ce6cfd9c3cc59d72e26322d21022e4a2eb0a1,,,4/7/2022 13:22,25,NO CONTROLS,NO CONTROLS,CLEAR,DAYLIGHT,OTHER NONCOLLISION,RAMP,,STRAIGHT AND LEVEL,DRY,"RUT, HOLES",NOT ON SCENE (DESK REPORT),NO INJURY / DRIVE AWAY,,,,$500 OR LESS,4/7/2022 13:55,UNABLE TO DETERMINE,NOT APPLICABLE,1600,N,LAKE SHORE DR SB,1814,,,,,,,1,NO INDICATION OF INJURY,0,0,0,0,0,1,0,13,5,4,41.91185695,-87.62616952,POINT (-87.626169523312 41.911856952541)
1c1da17a1f22271c0931fa3f7144eddbdea373e3166b9fff2d8320fc8110239ea335faa2a1c4a98627ba9ecea4f87bd8f4fae979aa15e7fc7d38f6cf44aa90d6,,Y,4/7/2022 11:30,30,NO CONTROLS,NO CONTROLS,CLEAR,DAYLIGHT,PARKED MOTOR VEHICLE,NOT DIVIDED,,STRAIGHT AND LEVEL,DRY,NO DEFECTS,ON SCENE,NO INJURY / DRIVE AWAY,,,,"OVER $1,500",4/7/2022 11:40,UNABLE TO DETERMINE,NOT APPLICABLE,1125,W,WAVELAND AVE,1923,,,,,,,2,NO INDICATION OF INJURY,0,0,0,0,0,1,0,11,5,4,41.94887718,-87.65792626,POINT (-87.657926259356 41.948877182223)
f1006de8dbd1c84201002493538d33184069e0d0f0535dc46f0fbf61fe1866937f26cef0e3d37f8084cb510993e122d11cbe3048e40ae4c17b3e743706490b8e,,,4/6/2022 10:30,30,TRAFFIC SIGNAL,FUNCTIONING PROPERLY,CLOUDY/OVERCAST,DAYLIGHT,SIDESWIPE SAME DIRECTION,NOT DIVIDED,,STRAIGHT AND LEVEL,DRY,NO DEFECTS,NOT ON SCENE (DESK REPORT),NO INJURY / DRIVE AWAY,,,Y,"OVER $1,500",4/7/2022 9:30,IMPROPER OVERTAKING/PASSING,NOT APPLICABLE,10300,S,STATE ST,512,,,,,,,2,NO INDICATION OF INJURY,0,0,0,0,0,3,0,10,4,4,41.70711658,-87.62366762,POINT (-87.6236676203 41.707116579239)
0980743e976cf14b501ccc92041bed67500da23343982033d2b3e2fe9d0fa81a7d3ab279988db37c16f24d6448a55e001980aa42eb4ef8fd178c160793bfbc03,,,3/31/2022 1:38,30,NO CONTROLS,NO CONTROLS,RAIN,"DARKNESS, LIGHTED ROAD",REAR END,NOT DIVIDED,,STRAIGHT AND LEVEL,WET,UNKNOWN,ON SCENE,NO INJURY / DRIVE AWAY,,,Y,"$501 - $1,500",3/31/2022 2:25,UNABLE TO DETERMINE,UNABLE TO DETERMINE,1551,E,79TH ST,411,,,,,,,2,NO INDICATION OF INJURY,0,0,0,0,0,3,0,1,5,3,41.75139042,-87.58615085,POINT (-87.586150854003 41.75139042314)
e52b0f855779b98b650bc885b8d446c96e2c10da091d7ee2d63bde383ec09ecba883ff8a4d02cd49ef4702f68332ec9661ccaf9dc1051e46e6a2f08e26f592a7,,,4/7/2022 12:15,10,NO CONTROLS,NO CONTROLS,CLOUDY/OVERCAST,DAYLIGHT,PARKED MOTOR VEHICLE,PARKING LOT,,STRAIGHT AND LEVEL,DRY,UNKNOWN,NOT ON SCENE (DESK REPORT),NO INJURY / DRIVE AWAY,,Y,,"OVER $1,500",4/7/2022 18:10,UNABLE TO DETERMINE,UNABLE TO DETERMINE,6351,W,MONTROSE AVE,1624,,,,,,,2,NO INDICATION OF INJURY,0,0,0,0,0,2,0,12,5,4,41.96011405,-87.78640098,POINT (-87.786400980233 41.960114048602)
c307f25f35935e64ac33a926fee6ab9f24640360a89c53ec74d2169a7dba7cb7aa4fe5b29bc8a0c586a62e4540621d70a7907c4dc390f5c2edc3a5f3fb44825d,,,4/5/2022 10:11,30,NO CONTROLS,NO CONTROLS,CLEAR,DAYLIGHT,SIDESWIPE SAME DIRECTION,NOT DIVIDED,,STRAIGHT AND LEVEL,DRY,NO DEFECTS,,NO INJURY / DRIVE AWAY,,,,"$501 - $1,500",4/5/2022 12:12,UNABLE TO DETERMINE,UNABLE TO DETERMINE,200,W,MARQUETTE RD,722,,,,,,,2,NO INDICATION OF INJURY,0,0,0,0,0,3,0,10,3,4,41.77281768,-87.63002449,POINT (-87.630024485162 41.772817683552)