CRASH_RECORD_ID,RD_NO,CRASH_DATE_EST_I,CRASH_DATE,POSTED_SPEED_LIMIT,TRAFFIC_CONTROL_DEVICE,DEVICE_CONDITION,WEATHER_CONDITION,LIGHTING_CONDITION,FIRST_CRASH_TYPE,TRAFFICWAY_TYPE,LANE_CNT,ALIGNMENT,ROADWAY_SURFACE_COND,ROAD_DEFECT,REPORT_TYPE,CRASH_TYPE,INTERSECTION_RELATED_I,NOT_RIGHT_OF_WAY_I,HIT_AND_RUN_I,DAMAGE,DATE_POLICE_NOTIFIED,PRIM_CONTRIBUTORY_CAUSE,SEC_CONTRIBUTORY_CAUSE,STREET_NO,STREET_DIRECTION,STREET_NAME,BEAT_OF_OCCURRENCE,PHOTOS_TAKEN_I,STATEMENTS_TAKEN_I,DOORING_I,WORK_ZONE_I,WORK_ZONE_TYPE,WORKERS_PRESENT_I,NUM_UNITS,MOST_SEVERE_INJURY,INJURIES_TOTAL,INJURIES_FATAL,INJURIES_INCAPACITATING,INJURIES_NON_INCAPACITATING,INJURIES_REPORTED_NOT_EVIDENT,INJURIES_NO_INDICATION,INJURIES_UNKNOWN,CRASH_HOUR,CRASH_DAY_OF_WEEK,CRASH_MONTH,LATITUDE,LONGITUDE,LOCATION
58dc9ce8470d446ebf40f6a0167949413f218c96dbed1666b5f8deb31a2536e96c184f59a34ba64529d431e2c2a5671d7e9d55f60afc5bb1923e036a853ff124,,Y,4/7/2022 6:00,30,NO CONTROLS,NO CONTROLS,CLEAR,DAYLIGHT,PARKED MOTOR VEHICLE,NOT DIVIDED,,STRAIGHT AND LEVEL,DRY,NO DEFECTS,ON SCENE,NO INJURY / DRIVE AWAY,,,,$500 OR LESS,4/7/2022 8:00,IMPROPER OVERTAKING/PASSING,IMPROPER OVERTAKING/PASSING,6907,N,OVERHILL AVE,1611,,,,,,,2,NO INDICATION OF INJURY,0,0,0,0,0,1,0,6,5,4,42.00618763,-87.81864427,POINT (-87.818644266434 42.00618762975)
b319374bfd0c446584c03c47109938a7fde283bdaf580ed61c9598f15352270eef11604191e29e5f79a89bc01d6099b03117e66cd74df1d6d9c7dae77c369a58,,,4/7/2022 15:30,10,NO CONTROLS,NO CONTROLS,CLEAR,DAYLIGHT,PARKED MOTOR VEHICLE,PARKING LOT,,STRAIGHT AND LEVEL,DRY,NO DEFECTS,NOT ON SCENE (DESK REPORT),NO INJURY / DRIVE AWAY,,,Y,"OVER $1,500",4/7/2022 17:19,NOT APPLICABLE,NOT APPLICABLE,1220,S,ASHLAND AVE,1233,,,,,,,2,NO INDICATION OF INJURY,0,0,0,0,0,1,0,15,5,4,41.86625418,-87.66652414,POINT (-87.666524140131 41.866254176143)
54c5b6e9756b23b9727009d4dc84c0de50c9fd62208f01943efb657bcdb942b04af5380246aeb30942a8a3b5cb4ed015df0cd2cbac3efb745cf11af462aca7ab,,,4/7/2022 11:30,20,NO CONTROLS,NO CONTROLS,CLOUDY/OVERCAST,DAYLIGHT,ANGLE,NOT DIVIDED,,STRAIGHT AND LEVEL,UNKNOWN,UNKNOWN,NOT ON SCENE (DESK REPORT),NO INJURY / DRIVE AWAY,,,,"OVER $1,500",4/7/2022 13:00,UNABLE TO DETERMINE,UNABLE TO DETERMINE,2805,N,NORMANDY AVE,2511,,,,,,,2,NO INDICATION OF INJURY,0,0,0,0,0,2,0,11,5,4,41.93111841,-87.79288275,POINT (-87.792882746793 41.931118413981)
2e1372c169b066925f2fa96bac77e7fa887feb92fbbc50cff92863359fcb2c6ee2d4c533702f91a3abca31fc1a2e437bccd0b5bfb41f9e96ecc7b4575c0a4526,,,4/7/2022 16:10,30,TRAFFIC SIGNAL,FUNCTIONING PROPERLY,RAIN,DAYLIGHT,REAR TO FRONT,DIVIDED - W/MEDIAN (NOT RAISED),,STRAIGHT AND LEVEL,WET,NO DEFECTS,ON SCENE,INJURY AND / OR TOW DUE TO CRASH,,,Y,"OVER $1,500",4/7/2022 16:11,UNABLE TO DETERMINE,UNABLE TO DETERMINE,3900,S,ASHLAND AVE,924,,,,,,,2,NO INDICATION OF INJURY,0,0,0,0,0,2,0,16,5,4,41.82302766,-87.66574403,POINT (-87.665744031095 41.82302765704)
012a72ab9b3117e1df4c36d14d0d06671ca512fb6c675681f825ada0b73566db2454a23cace4628681581e856efdaa7cf23bec6816a0d333c7f008183bcffd32,,,3/31/2022 16:15,30,TRAFFIC SIGNAL,FUNCTIONING PROPERLY,CLEAR,DAYLIGHT,ANGLE,NOT DIVIDED,,STRAIGHT AND LEVEL,DRY,NO DEFECTS,NOT ON SCENE (DESK REPORT),NO INJURY / DRIVE AWAY,Y,,,"OVER $1,500",3/31/2022 16:38,UNABLE TO DETERMINE,NOT APPLICABLE,3000,W,FULLERTON AVE,1414,,,,,,,2,NO INDICATION OF INJURY,0,0,0,0,0,2,0,16,5,3,41.92487124,-87.70243666,POINT (-87.702436659073 41.924871243181)
04c38c7c2a6b886b14a56ff92e2955b6dab0d600f57cbe94e3a3128e7eff4cadaf6b7271a1834024b2601088e04c3064e9b111bdafdc848b89fad4c8153447df,,,4/1/2022 8:15,30,NO CONTROLS,NO CONTROLS,CLEAR,DAYLIGHT,SIDESWIPE SAME DIRECTION,NOT DIVIDED,,STRAIGHT AND LEVEL,DRY,NO DEFECTS,NOT ON SCENE (DESK REPORT),NO INJURY / DRIVE AWAY,,,Y,"OVER $1,500",4/1/2022 8:45,UNABLE TO DETERMINE,NOT APPLICABLE,2331,N,HARLEM AVE,2512,,,,,,,2,NO INDICATION OF INJURY,0,0,0,0,0,2,0,8,6,4,41.9220519,-87.80604567,POINT (-87.806045668278 41.922051897221)
8d24adaa33ac0153a6edc1a5ebbd9223322568d9772e1b43c9f1b254625ab80412ebcb05395a34e3593ed19b928365fb35b7939eacc3b30c24723c8bac01c366,,,4/7/2022 7:50,30,STOP SIGN/FLASHER,FUNCTIONING PROPERLY,CLEAR,DAYLIGHT,ANGLE,NOT DIVIDED,,STRAIGHT AND LEVEL,DRY,NO DEFECTS,NOT ON SCENE (DESK REPORT),NO INJURY / DRIVE AWAY,Y,,,"$501 - $1,500",4/7/2022 13:50,UNABLE TO DETERMINE,UNABLE TO DETERMINE,4832,W,47TH ST,814,,,,,,,2,NO INDICATION OF INJURY,0,0,0,0,0,2,0,7,5,4,41.80771214,-87.74443952,POINT (-87.744439515073 41.807712140399)
c9e94e1ed72e8becfa7c72fcddb687f2a7da747932612245295c795b77bf7aea56c66249533ea9929864e65b0565bdab33afc7773f586c0f7e81d779e42ae38a,,,4/5/2022 9:35,25,NO CONTROLS,NO CONTROLS,CLEAR,DAYLIGHT,PARKED MOTOR VEHICLE,NOT DIVIDED,,STRAIGHT AND LEVEL,DRY,NO DEFECTS,ON SCENE,NO INJURY / DRIVE AWAY,,,,$500 OR LESS,4/5/2022 9:48,DRIVING SKILLS/KNOWLEDGE/EXPERIENCE,NOT APPLICABLE,1440,W,WINNEMAC AVE,2033,,,,,,,2,NO INDICATION OF INJURY,0,0,0,0,0,1,0,9,3,4,41.9734988,-87.6663131,POINT (-87.666313102314 41.973498797174)
1e3e4c33747b06b6030c14b974a9bbd8be451bceb7233a5b4f353a248f91eb043a4470d7e4f08118aba4897a8ed756b04cd39b0f226059a37396e51d24fc8fd7,,,4/6/2022 14:30,30,NO CONTROLS,FUNCTIONING PROPERLY,CLEAR,DAYLIGHT,REAR END,NOT DIVIDED,,STRAIGHT AND LEVEL,DRY,NO DEFECTS,NOT ON SCENE (DESK REPORT),NO INJURY / DRIVE AWAY,,,,"OVER $1,500",4/7/2022 9:00,FAILING TO REDUCE SPEED TO AVOID CRASH,FOLLOWING TOO CLOSELY,2700,W,47TH ST,922,,,,,,,2,NO INDICATION OF INJURY,0,0,0,0,0,2,0,14,4,4,41.80842908,-87.69182762,POINT (-87.691827623245 41.808429081452)
ad26393baa430dd5576634ff97dfda2200dc5c02f3436c91c54131963d726fe5b8371dc681b3f9db3713324e2d798d6869770952beec75597f679503a37235fe,,,4/7/2022 21:40,30,TRAFFIC SIGNAL,FUNCTIONING PROPERLY,RAIN,"DARKNESS, LIGHTED ROAD",REAR END,FOUR WAY,,STRAIGHT AND LEVEL,WET,NO DEFECTS,NOT ON SCENE (DESK REPORT),NO INJURY / DRIVE AWAY,Y,,,"OVER $1,500",4/7/2022 22:00,FOLLOWING TOO CLOSELY,NOT APPLICABLE,4500,N,KIMBALL AVE,1723,,,,,,,2,NO INDICATION OF INJURY,0,0,0,0,0,2,0,21,5,4,41.96304043,-87.71334765,POINT (-87.71334765143 41.963040426218)
8c24ac63603f009223064f936ed112d5cd79f562cc04cdf282886f85dbbb64fa736da77a6ea0fb12eeac3e0c733523a16d696ceb72c76ab04892256b7b6c1e05,,,4/7/2022 19:25,15,NO CONTROLS,NO CONTROLS,CLEAR,DARKNESS,REAR END,PARKING LOT,,STRAIGHT AND LEVEL,WET,NO DEFECTS,ON SCENE,NO INJURY / DRIVE AWAY,,Y,Y,"OVER $1,500",4/7/2022 19:30,UNABLE TO DETERMINE,UNABLE TO DETERMINE,4100,S,PULASKI RD,815,,,,,,,2,NO INDICATION OF INJURY,0,0,0,0,0,2,0,19,5,4,41.81834902,-87.72409641,POINT (-87.724096405469 41.818349016985)
6c39f9e7b3dafeb92bcf0aeca5159aba1b6d3ec74e2c55f09af0121e69542781b7d734aeadb0c4e236593a16a75c69ea56f5fbcec75bb33150e8844711c27d74,,,4/7/2022 20:35,30,TRAFFIC SIGNAL,FUNCTIONING PROPERLY,RAIN,DUSK,TURNING,DIVIDED - W/MEDIAN (NOT RAISED),,STRAIGHT AND LEVEL,WET,NO DEFECTS,ON SCENE,INJURY AND / OR TOW DUE TO CRASH,,,,"OVER $1,500",4/7/2022 20:35,IMPROPER OVERTAKING/PASSING,FAILING TO YIELD RIGHT-OF-WAY,4312,S,STATE ST,215,,,,,,,2,NO INDICATION OF INJURY,0,0,0,0,0,4,0,20,5,4,41.81606283,-87.62640628,POINT (-87.626406275606 41.816062833586)
c565e20d1aff195b38ee0cead6b66881fa4ef96b20b1bf5196b132915e59d20a897bdf105f37de76207829f91799d1a94ea08856af8669ef49ca0fa88ba0eb50,,,4/7/2022 16:50,30,OTHER,OTHER,CLEAR,DAYLIGHT,REAR END,NOT DIVIDED,,STRAIGHT AND LEVEL,DRY,NO DEFECTS,NOT ON SCENE (DESK REPORT),NO INJURY / DRIVE AWAY,,,,$500 OR LESS,4/7/2022 17:00,FOLLOWING TOO CLOSELY,NOT APPLICABLE,3850,W,26TH ST,1013,,,,,,,2,NO INDICATION OF INJURY,0,0,0,0,0,2,0,16,5,4,41.84439904,-87.72168634,POINT (-87.721686341406 41.844399038847)
098ba3940f5ea45f925e79567a68bd9c10690fea2d27b00fea93f9777afa96abf8cdea1fb41a19d3dc37e58c7d1d06794a9575e76b11535703360fc6ff035916,,,4/2/2022 3:04,25,NO CONTROLS,NO CONTROLS,CLEAR,"DARKNESS, LIGHTED ROAD",PARKED MOTOR VEHICLE,ONE-WAY,,STRAIGHT AND LEVEL,WET,NO DEFECTS,ON SCENE,INJURY AND / OR TOW DUE TO CRASH,,,Y,"OVER $1,500",4/2/2022 3:07,DRIVING ON WRONG SIDE/WRONG WAY,UNABLE TO DETERMINE,4411,W,LEXINGTON ST,1131,,,,,,,2,NO INDICATION OF INJURY,0,0,0,0,0,1,0,3,7,4,41.87143644,-87.73565606,POINT (-87.735656061016 41.871436437184)
beef48ae12bbc008c06a8ba220d69f4024d49b37ccece03a7b7621abb2f3ff8ca173baff30db151c30290d181f0461673ff7c3a5f0fd9f12b8606822d84defe7,,,4/7/2022 15:15,25,NO CONTROLS,NO CONTROLS,UNKNOWN,DAYLIGHT,PARKED MOTOR VEHICLE,UNKNOWN,,STRAIGHT AND LEVEL,UNKNOWN,UNKNOWN,NOT ON SCENE (DESK REPORT),NO INJURY / DRIVE AWAY,,,,"$501 - $1,500",4/7/2022 16:00,UNABLE TO DETERMINE,UNABLE TO DETERMINE,2843,E,80TH ST,422,,,,,,,2,NO INDICATION OF INJURY,0,0,0,0,0,2,0,15,5,4,41.74995834,-87.55480542,POINT (-87.554805417121 41.749958340694)
ee2d7795bb33765a23c2dd6087e3881b58e3fb6984b88459fb5278b91aeea09ee555922d1e26e0b0e499fcb6469b5330635f6311222708eb1bf987c6e8f4154a,,,4/6/2022 8:30,10,NO CONTROLS,NO CONTROLS,RAIN,DAYLIGHT,PARKED MOTOR VEHICLE,PARKING LOT,,STRAIGHT AND LEVEL,WET,NO DEFECTS,NOT ON SCENE (DESK REPORT),NO INJURY / DRIVE AWAY,,Y,,"OVER $1,500",4/6/2022 11:38,IMPROPER BACKING,NOT APPLICABLE,2035,S,STATE ST,131,,,,,,,2,NO INDICATION OF INJURY,0,0,0,0,0,1,0,8,4,4,41.85442484,-87.62697194,POINT (-87.626971936802 41.854424842851)
402fdec9754f637eac238dd0ff85ede30664d5e86acaef873af2d533df6644f99de4e1730e1c7d55e764e8103abf030d7f9120f4f0426a454becb9d147b4106b,,,4/5/2022 17:00,30,NO CONTROLS,NO CONTROLS,UNKNOWN,DAYLIGHT,PARKED MOTOR VEHICLE,PARKING LOT,,STRAIGHT AND LEVEL,UNKNOWN,NO DEFECTS,NOT ON SCENE (DESK REPORT),NO INJURY / DRIVE AWAY,,,Y,"$501 - $1,500",4/7/2022 18:05,UNABLE TO DETERMINE,NOT APPLICABLE,2719,N,CALIFORNIA AVE,1411,,,,,,,2,NO INDICATION OF INJURY,0,0,0,0,0,1,0,17,3,4,41.93087842,-87.69743966,POINT (-87.697439657518 41.930878417182)
7f0c62295a5cf0efb1a04b9ade94a3a3e0715eeea9990f7eafb36e051cde2cac64309a790f7135c58d7757b1c302b7e0784ebde66ff9cfa61f4ac7e6f0f8aa1d,,,4/6/2022 8:30,30,NO CONTROLS,NO CONTROLS,CLOUDY/OVERCAST,DAYLIGHT,REAR END,DIVIDED - W/MEDIAN (NOT RAISED),,STRAIGHT AND LEVEL,WET,NO DEFECTS,ON SCENE,INJURY AND / OR TOW DUE TO CRASH,,,,"OVER $1,500",4/6/2022 8:35,FOLLOWING TOO CLOSELY,NOT APPLICABLE,2820,S,HALSTED ST,913,,,,,,,2,NONINCAPACITATING INJURY,1,0,0,1,0,2,0,8,4,4,41.84285903,-87.64654427,POINT (-87.646544273051 41.842859026137)
d49b6fdf3290d02237dc51c8a41b961ba7b447d72f6f4bcdf196c8b249e3558a38d5b396932d86f33af7494148cb619234087ee437cc52697ec92a72deebb44a,,,4/7/2022 15:30,30,NO CONTROLS,NO CONTROLS,RAIN,DAYLIGHT,PARKED MOTOR VEHICLE,NOT DIVIDED,,STRAIGHT AND LEVEL,WET,NO DEFECTS,NOT ON SCENE (DESK REPORT),INJURY AND / OR TOW DUE TO CRASH,,Y,,"OVER $1,500",4/7/2022 15:35,UNABLE TO DETERMINE,UNDER THE INFLUENCE OF ALCOHOL/DRUGS (USE WHEN ARREST IS EFFECTED),1525,E,93RD ST,413,,,,,,,2,NO INDICATION OF INJURY,0,0,0,0,0,2,0,15,5,4,41.72585167,-87.58733216,POINT (-87.587332164471 41.725851666539)
f36f1419436577bc14825cefe6cc43f712811acd9d2647cc16b5e730a2572146661e2823f6fba8db2bda55d993dd12caaf9ebd5b6df148a1ac7d58c3c09b9a2c,,,4/6/2022 14:06,25,NO CONTROLS,NO CONTROLS,CLEAR,DAYLIGHT,PARKED MOTOR VEHICLE,NOT DIVIDED,,STRAIGHT AND LEVEL,DRY,NO DEFECTS,NOT ON SCENE (DESK REPORT),NO INJURY / DRIVE AWAY,,,,"OVER $1,500",4/7/2022 13:30,UNABLE TO DETERMINE,NOT APPLICABLE,4825,N,NATCHEZ AVE,1613,,,,,,,2,NO INDICATION OF INJURY,0,0,0,0,0,2,0,14,4,4,41.96920004,-87.78906658,POINT (-87.789066581093 41.969200042527)
b1566dc1b396c9b12bf9b0d457e9bde760c8951bae506a61f306a1cef72a739228fcb4ad36a522c4d01dd4c39055fd63c6d81563a7e432b2e7979291f5d19244,,Y,4/6/2022 18:10,35,OTHER,OTHER,CLOUDY/OVERCAST,DUSK,OTHER OBJECT,DIVIDED - W/MEDIAN (NOT RAISED),,STRAIGHT AND LEVEL,UNKNOWN,UNKNOWN,ON SCENE,NO INJURY / DRIVE AWAY,,,,"OVER $1,500",4/6/2022 20:24,UNABLE TO DETERMINE,NOT APPLICABLE,2510,N,CLYBOURN AVE,1931,,,,,,,1,NO INDICATION OF INJURY,0,0,0,0,0,1,0,18,4,4,41.92705215,-87.67219436,POINT (-87.672194362936 41.927052146457)
098e6ed66d59559148c3271ec4ad5eaf82e365bc9f17caa8ce7ca2d7bb1154da79bd8b80df1f9c971b25a74d417d63696bdb2470faece002274877566b07c5d2,,,4/1/2022 7:42,10,NO CONTROLS,NO CONTROLS,CLEAR,DAYLIGHT,PARKED MOTOR VEHICLE,NOT DIVIDED,,STRAIGHT AND LEVEL,DRY,UNKNOWN,ON SCENE,NO INJURY / DRIVE AWAY,,,,"OVER $1,500",4/1/2022 7:42,FOLLOWING TOO CLOSELY,NOT APPLICABLE,6543,N,HOYNE AVE,2412,,,,,,,2,NO INDICATION OF INJURY,0,0,0,0,0,1,0,7,6,4,42.00093377,-87.68251547,POINT (-87.682515469704 42.000933768829)
f58684615d416c68d211307fac425c67d8e739a7157b3449881a55c61af7fd8530630c2d9abe02fe65c2c4690400fcf4cdb82bdc9271b45c873c430d0288bd58,,Y,4/5/2022 15:00,30,NO CONTROLS,NO CONTROLS,CLEAR,DAYLIGHT,SIDESWIPE SAME DIRECTION,DIVIDED - W/MEDIAN (NOT RAISED),,STRAIGHT AND LEVEL,DRY,NO DEFECTS,NOT ON SCENE (DESK REPORT),NO INJURY / DRIVE AWAY,,,Y,"$501 - $1,500",4/5/2022 16:00,UNABLE TO DETERMINE,NOT APPLICABLE,4355,W,GRAND AVE,2534,,,,,,,2,NO INDICATION OF INJURY,0,0,0,0,0,2,0,15,3,4,41.90966181,-87.73557052,POINT (-87.735570521523 41.909661811436)
9d7029dc52d9245b678838763df56bb41063ae6f9e3e6fb663a073b948ba81c70186968dc9fecd22652bab7cb89c8c38e8234c162a54002657698aba3ccc5f70,,,4/7/2022 11:45,30,STOP SIGN/FLASHER,FUNCTIONING PROPERLY,CLEAR,DAYLIGHT,REAR END,ONE-WAY,,STRAIGHT AND LEVEL,DRY,NO DEFECTS,NOT ON SCENE (DESK REPORT),NO INJURY / DRIVE AWAY,Y,,Y,"OVER $1,500",4/7/2022 14:00,FOLLOWING TOO CLOSELY,NOT APPLICABLE,420,E,SUPERIOR ST,1833,,,,,,,2,NO INDICATION OF INJURY,0,0,0,0,0,2,0,11,5,4,41.8959712,-87.61686511,POINT (-87.616865107677 41.895971203398)
f69ca644aad6d30a623a1375491418f9539f91e3ed7bb9cbc5dad1080b95f5020661a0b9ed8f6b82d630a3e2076637c15651a58f639aa3141289eeead72773bb,,,4/7/2022 10:55,30,TRAFFIC SIGNAL,FUNCTIONING PROPERLY,CLEAR,DAYLIGHT,REAR END,NOT DIVIDED,,STRAIGHT AND LEVEL,WET,NO DEFECTS,NOT ON SCENE (DESK REPORT),NO INJURY / DRIVE AWAY,Y,,,"OVER $1,500",4/7/2022 11:15,FOLLOWING TOO CLOSELY,UNABLE TO DETERMINE,4400,W,OGDEN AVE,1013,,,,,,,2,NO INDICATION OF INJURY,0,0,0,0,0,2,0,10,5,4,41.84777752,-87.73450597,POINT (-87.734505968748 41.847777522805)
2337133c27d73bb43ed465f68f95c42ad1aaf0f660d9958abc8a9eee446c5aa30cacab90732d59146c51182a5e137f0c06c63c3179817fd0f5f99525ba2dacf5,,,4/6/2022 14:00,30,TRAFFIC SIGNAL,FUNCTIONING PROPERLY,CLEAR,DAYLIGHT,REAR END,OTHER,,STRAIGHT AND LEVEL,DRY,NO DEFECTS,NOT ON SCENE (DESK REPORT),NO INJURY / DRIVE AWAY,,,,"OVER $1,500",4/6/2022 14:52,FOLLOWING TOO CLOSELY,UNABLE TO DETERMINE,3500,S,LA SALLE ST,213,,,,,,,2,NO INDICATION OF INJURY,0,0,0,0,0,2,0,14,4,4,41.8309351,-87.62997531,POINT (-87.629975304804 41.830935095228)
bb1918bc66950e90873bd08ae1e04e8e913959bcdbae0b47442975e7d90cd2b87528c38daffb7d2b68c0338cd94b08d460b5015f63a77b234cb0a735ffb27b58,,,4/7/2022 11:38,10,NO CONTROLS,NO CONTROLS,CLEAR,DAYLIGHT,REAR END,ONE-WAY,,STRAIGHT AND LEVEL,DRY,UNKNOWN,ON SCENE,NO INJURY / DRIVE AWAY,,,Y,"$501 - $1,500",4/7/2022 11:38,FOLLOWING TOO CLOSELY,NOT APPLICABLE,2358,W,CHASE AVE,2411,,,,,,,2,NO INDICATION OF INJURY,0,0,0,0,0,2,0,11,5,4,42.01421165,-87.68993549,POINT (-87.689935485234 42.014211650633)
9a9c8d246183ab1f723ce775b97a19e711515f141602be4730b6eb585613b5b15047c576552bd32238c229490a5e04b9611f5c8fdc4835d55094f7f63c1c939b,,,4/6/2022 18:20,30,NO CONTROLS,NO CONTROLS,CLEAR,DAYLIGHT,TURNING,NOT DIVIDED,,STRAIGHT AND LEVEL,DRY,NO DEFECTS,NOT ON SCENE (DESK REPORT),NO INJURY / DRIVE AWAY,,,,"OVER $1,500",4/7/2022 9:15,UNABLE TO DETERMINE,UNABLE TO DETERMINE,7158,W,ADDISON ST,1632,,,,,,,2,NO INDICATION OF INJURY,0,0,0,0,0,2,0,18,4,4,41.94539701,-87.80571712,POINT (-87.805717124008 41.945397014381)
2a4c8bd56e3be9ddb745d2d59cde9910be14605b958560ae19e63c0d3ffb1a2aae19ef98371bb3d576a950a75c6a7ba02dd7109af9f30632227b6cab325a9331,JF171895,,3/11/2022 20:30,15,STOP SIGN/FLASHER,FUNCTIONING PROPERLY,CLEAR,"DARKNESS, LIGHTED ROAD",SIDESWIPE OPPOSITE DIRECTION,NOT DIVIDED,,STRAIGHT AND LEVEL,DRY,UNKNOWN,NOT ON SCENE (DESK REPORT),NO INJURY / DRIVE AWAY,,,Y,"$501 - $1,500",3/12/2022 19:18,IMPROPER OVERTAKING/PASSING,IMPROPER LANE USAGE,400,S,SPRINGFIELD AVE,1132,,,,,,,2,NO INDICATION OF INJURY,0,0,0,0,0,2,0,20,6,3,41.87524943,-87.72318453,POINT (-87.723184533648 41.875249429052)
2913847fbf58e407f9c0cef374d3d15bfcf827833580c7ef52dad61faaba9502b8673782261cabaff50c97646734ea4716047a9eda1d11dbcb6ee253516c61c1,,,4/7/2022 21:00,20,NO CONTROLS,NO CONTROLS,RAIN,"DARKNESS, LIGHTED ROAD",PARKED MOTOR VEHICLE,PARKING LOT,,STRAIGHT AND LEVEL,WET,NO DEFECTS,NOT ON SCENE (DESK REPORT),NO INJURY / DRIVE AWAY,,,Y,"OVER $1,500",4/7/2022 22:49,UNABLE TO DETERMINE,NOT APPLICABLE,5444,N,CUMBERLAND AVE,1614,,,,,,,2,NO INDICATION OF INJURY,0,0,0,0,0,1,0,21,5,4,41.97880762,-87.83673509,POINT (-87.836735084783 41.978807623905)
764068d8542519171fcaa32ecdf22efcc7e323a6e36c6326e8ad8f0d4d1a018fa8c7131700ad73adc3962a6b053160732d034daa3024bc266b24436faa0015a7,,,4/7/2022 17:20,30,NO CONTROLS,NO CONTROLS,RAIN,DAYLIGHT,PEDESTRIAN,ALLEY,,STRAIGHT AND LEVEL,WET,NO DEFECTS,NOT ON SCENE (DESK REPORT),INJURY AND / OR TOW DUE TO CRASH,,Y,,"$501 - $1,500",4/7/2022 17:25,NOT APPLICABLE,NOT APPLICABLE,2451,S,WHIPPLE ST,1033,,,,,,,2,"REPORTED, NOT EVIDENT",1,0,0,0,1,1,0,17,5,4,41.8466967,-87.70127851,POINT (-87.701278508 41.846696697295)
8f9c56b86d38be100f8c446db89bec191b0834b8230d5b1818c98ecd67881f5f55e6a529b19e028b7b677bad5e4af780c332de1dbf525a5539b576a27fa99fa5,,,4/7/2022 10:00,30,UNKNOWN,UNKNOWN,UNKNOWN,UNKNOWN,REAR END,NOT DIVIDED,,STRAIGHT AND LEVEL,UNKNOWN,UNKNOWN,NOT ON SCENE (DESK REPORT),NO INJURY / DRIVE AWAY,,,,"OVER $1,500",4/7/2022 10:25,UNABLE TO DETERMINE,UNABLE TO DETERMINE,2500,N,WESTERN AVE,1431,,,,,,,2,NO INDICATION OF INJURY,0,0,0,0,0,2,0,10,5,4,41.92672585,-87.68785629,POINT (-87.687856287102 41.926725850088)
ea51c9bcc873aabbfb5cf5b4240b5022e4e00773aa005336f7b901e2301318d212f98adc0895af692613521c4460de41293babe87d91b7664e4daf35db0183e3,,,4/7/2022 13:40,25,NO CONTROLS,NO CONTROLS,RAIN,DAYLIGHT,ANGLE,NOT DIVIDED,,STRAIGHT AND LEVEL,DRY,NO DEFECTS,ON SCENE,INJURY AND / OR TOW DUE TO CRASH,Y,,,"$501 - $1,500",4/7/2022 13:40,FAILING TO YIELD RIGHT-OF-WAY,NOT APPLICABLE,118,W,69TH ST,722,,,,,,,2,NO INDICATION OF INJURY,0,0,0,0,0,2,0,13,5,4,41.7692109,-87.62822743,POINT (-87.628227426536 41.769210903423)
d8aac00ab232e5c653fbf6d162e4feb344e8b83b046c0a58835ec650bca1d5433fa48f1c6e8b215bb6e800ad72b8f13fb73f12238b048d538184e1bd70ca8d77,,,4/7/2022 8:15,30,NO CONTROLS,NO CONTROLS,CLEAR,DAYLIGHT,PARKED MOTOR VEHICLE,ONE-WAY,,STRAIGHT AND LEVEL,DRY,NO DEFECTS,NOT ON SCENE (DESK REPORT),NO INJURY / DRIVE AWAY,,,,"$501 - $1,500",4/7/2022 8:45,UNABLE TO DETERMINE,UNABLE TO DETERMINE,3856,W,ARTHINGTON ST,1133,,,,,,,2,NO INDICATION OF INJURY,0,0,0,0,0,1,0,8,5,4,41.86995434,-87.72249447,POINT (-87.722494467154 41.869954339223)
44fa49f3a9f4fa406734d5bc7c5c555bc47dd2b71c5efcf75751664f44c495683fcba699536592b0e9aad761c01046bbcc7c62201958ee308eb5d7de747a1814,,,4/6/2022 21:38,35,NO CONTROLS,NO CONTROLS,CLEAR,DAYLIGHT,TURNING,NOT DIVIDED,,STRAIGHT AND LEVEL,DRY,NO DEFECTS,NOT ON SCENE (DESK REPORT),INJURY AND / OR TOW DUE TO CRASH,,,Y,"OVER $1,500",4/7/2022 8:55,IMPROPER LANE USAGE,NOT APPLICABLE,8515,S,CICERO AVE,834,,,,,,,2,NO INDICATION OF INJURY,0,0,0,0,0,2,0,21,4,4,41.73771198,-87.74081304,POINT (-87.74081304135 41.737711981845)
01e479147c73c777c392331c7d6bf6a04faddd5ac1457ca7c175c36fc0e8cfa38d12ffed246726f71535758a7ce26bbbd34d45b38f89b33cea86d1ccc195733d,,,4/1/2022 17:20,30,NO CONTROLS,NO CONTROLS,CLEAR,DAYLIGHT,TURNING,ONE-WAY,,STRAIGHT AND LEVEL,DRY,NO DEFECTS,ON SCENE,INJURY AND / OR TOW DUE TO CRASH,,,,"OVER $1,500",4/1/2022 17:24,IMPROPER TURNING/NO SIGNAL,IMPROPER LANE USAGE,1125,S,JEFFERSON ST,124,,,,,,,2,NO INDICATION OF INJURY,0,0,0,0,0,2,0,17,6,4,41.86821707,-87.64207588,POINT (-87.642075878447 41.868217073874)
6e91848502ae9e77ea80969686280711c314055648aaedd45b5c86e881d87fcaa3e9f1de70086b9dcf3442ae2633aaec33f5298b88e61ecc3b3a44a40ddf0090,,,4/7/2022 20:10,30,NO CONTROLS,NO CONTROLS,RAIN,DARKNESS,REAR END,NOT DIVIDED,,STRAIGHT AND LEVEL,WET,NO DEFECTS,ON SCENE,NO INJURY / DRIVE AWAY,,,,"OVER $1,500",4/7/2022 20:20,UNABLE TO DETERMINE,UNABLE TO DETERMINE,7300,S,COTTAGE GROVE AVE,323,,,,,,,3,NO INDICATION OF INJURY,0,0,0,0,0,3,0,20,5,4,41.76213628,-87.60563349,POINT (-87.605633490465 41.762136276864)