CRASH_RECORD_ID,RD_NO,CRASH_DATE_EST_I,CRASH_DATE,POSTED_SPEED_LIMIT,TRAFFIC_CONTROL_DEVICE,DEVICE_CONDITION,WEATHER_CONDITION,LIGHTING_CONDITION,FIRST_CRASH_TYPE,TRAFFICWAY_TYPE,LANE_CNT,ALIGNMENT,ROADWAY_SURFACE_COND,ROAD_DEFECT,REPORT_TYPE,CRASH_TYPE,INTERSECTION_RELATED_I,NOT_RIGHT_OF_WAY_I,HIT_AND_RUN_I,DAMAGE,DATE_POLICE_NOTIFIED,PRIM_CONTRIBUTORY_CAUSE,SEC_CONTRIBUTORY_CAUSE,STREET_NO,STREET_DIRECTION,STREET_NAME,BEAT_OF_OCCURRENCE,PHOTOS_TAKEN_I,STATEMENTS_TAKEN_I,DOORING_I,WORK_ZONE_I,WORK_ZONE_TYPE,WORKERS_PRESENT_I,NUM_UNITS,MOST_SEVERE_INJURY,INJURIES_TOTAL,INJURIES_FATAL,INJURIES_INCAPACITATING,INJURIES_NON_INCAPACITATING,INJURIES_REPORTED_NOT_EVIDENT,INJURIES_NO_INDICATION,INJURIES_UNKNOWN,CRASH_HOUR,CRASH_DAY_OF_WEEK,CRASH_MONTH,LATITUDE,LONGITUDE,LOCATION
0af794e35b3ff279adb8eab9ee0563b37fe6e879aa4c3863cc66b29fa9a8812400459099c37f2b3613684e1d00ba5da8935c9f2412b3337d6c0ed89b778bbcf0,,,3/31/2022 13:00,30,NO CONTROLS,NO CONTROLS,CLEAR,DAYLIGHT,REAR TO FRONT,ONE-WAY,,STRAIGHT AND LEVEL,DRY,NO DEFECTS,NOT ON SCENE (DESK REPORT),NO INJURY / DRIVE AWAY,,,,"OVER $1,500",3/31/2022 14:35,IMPROPER BACKING,PASSING STOPPED SCHOOL BUS,7300,S,CENTRAL PARK AVE,835,,,,,,,2,NO INDICATION OF INJURY,0,0,0,0,0,2,0,13,5,3,41.76055476,-87.71238967,POINT (-87.712389671352 41.760554760446)
079f0143786f55bb5282cc33412c2d3e9ebb6890231836594c9112c47b0495fb2435d27e902270003a4cb5dc709d0ffd1868e4a6f2135edc78d6326916c7b9ff,,,4/2/2022 3:00,30,NO CONTROLS,UNKNOWN,CLEAR,DARKNESS,FIXED OBJECT,DIVIDED - W/MEDIAN (NOT RAISED),,STRAIGHT AND LEVEL,DRY,NO DEFECTS,ON SCENE,INJURY AND / OR TOW DUE TO CRASH,N,,,"OVER $1,500",4/2/2022 3:15,UNABLE TO DETERMINE,NOT APPLICABLE,9900,S,MICHIGAN AVE,511,,Y,,,,,1,NO INDICATION OF INJURY,0,0,0,0,0,1,0,3,7,4,41.71464968,-87.62054801,POINT (-87.620548005498 41.714649679334)
4e47582a237b05078343f88326b7c27e6f109e007a4092ccf577b4b5dd6827dcc816fdf1757ed10ffe2669fedce9d70243d0b2b13079acabf2859ba60ece1cbe,,,4/7/2022 11:08,30,NO CONTROLS,NO CONTROLS,CLEAR,DAYLIGHT,SIDESWIPE SAME DIRECTION,NOT DIVIDED,,STRAIGHT AND LEVEL,DRY,NO DEFECTS,NOT ON SCENE (DESK REPORT),NO INJURY / DRIVE AWAY,,,,"OVER $1,500",4/7/2022 17:17,IMPROPER LANE USAGE,NOT APPLICABLE,6500,S,COAST GUARD DR,331,,,,,,,2,NO INDICATION OF INJURY,0,0,0,0,0,2,0,11,5,4,41.77683309,-87.57571332,POINT (-87.575713321936 41.776833091744)
5b1d15dd3ed333eb7570faf8ce56626cc9dbf2bb08d3ad4435349991865bc62898cbe1d496c0d9dab8d614fe2f79a262f50b7d2c2fc0473c310fae88d77d8682,,,4/7/2022 17:19,30,NO CONTROLS,NO CONTROLS,CLEAR,DAYLIGHT,PARKED MOTOR VEHICLE,DIVIDED - W/MEDIAN (NOT RAISED),,STRAIGHT AND LEVEL,DRY,NO DEFECTS,ON SCENE,NO INJURY / DRIVE AWAY,,,,"OVER $1,500",4/7/2022 17:30,UNABLE TO DETERMINE,NOT APPLICABLE,2501,W,DEVON AVE,2413,,,,,,,2,NO INDICATION OF INJURY,0,0,0,0,0,2,0,17,5,4,41.99757763,-87.6923797,POINT (-87.692379694566 41.997577628602)
d7a7a02155632b51f844c413b5096210a29f8312452328d6c0e7f8ca8e4520cb26a82b66df978f6772abf02ec87a3c722673f9992f6f1bb6b79cc6c6c64ff6b3,,,4/7/2022 13:06,30,NO CONTROLS,NO CONTROLS,CLOUDY/OVERCAST,DAYLIGHT,PARKED MOTOR VEHICLE,NOT DIVIDED,,STRAIGHT ON GRADE,DRY,NO DEFECTS,ON SCENE,NO INJURY / DRIVE AWAY,,,Y,"OVER $1,500",4/7/2022 13:07,FAILING TO REDUCE SPEED TO AVOID CRASH,NOT APPLICABLE,3118,W,111TH ST,2211,,,,,,,2,NO INDICATION OF INJURY,0,0,0,0,0,1,0,13,5,4,41.6916962,-87.69921533,POINT (-87.699215326948 41.691696200465)
2d7a7861f82184545d6a8d55a70ba5b9171fc58423e18c3ad40553b7b6d09ce231910b3f45af2b438e838a0d926443a2a2b755cf8a8e5df1b9164849f4199766,JF183894,,3/11/2022 7:50,30,NO CONTROLS,NO CONTROLS,CLEAR,DAYLIGHT,OTHER OBJECT,DIVIDED - W/MEDIAN BARRIER,,STRAIGHT AND LEVEL,DRY,"RUT, HOLES",NOT ON SCENE (DESK REPORT),NO INJURY / DRIVE AWAY,,,,"OVER $1,500",3/23/2022 14:00,ROAD CONSTRUCTION/MAINTENANCE,ROAD CONSTRUCTION/MAINTENANCE,440,W,51ST ST,935,Y,,,,,,1,NO INDICATION OF INJURY,0,0,0,0,0,1,0,7,6,3,41.80184587,-87.63717304,POINT (-87.63717304317 41.801845869726)
736f8cd773816ff88f6db0ea6ab1fc069d57f601e8fb3c3fd82341cefada519ac09685dc42bea71b8800131f8cc1ba3e1909960cdeba3901fa76833ed39b8347,,,4/7/2022 17:15,30,NO CONTROLS,NO CONTROLS,RAIN,DAYLIGHT,TURNING,DIVIDED - W/MEDIAN (NOT RAISED),,STRAIGHT AND LEVEL,WET,NO DEFECTS,NOT ON SCENE (DESK REPORT),NO INJURY / DRIVE AWAY,,,Y,"OVER $1,500",4/7/2022 17:45,IMPROPER TURNING/NO SIGNAL,FAILING TO YIELD RIGHT-OF-WAY,1872,N,DAMEN AVE,1434,,,,,,,2,NO INDICATION OF INJURY,0,0,0,0,0,2,0,17,5,4,41.91585688,-87.67772562,POINT (-87.677725619892 41.915856881198)
36c76bc733b1274f83836df43f9def4e15162b561a8154a4f917ad875a79ab585e6c47110b00e34d669cc3726a693a5a76662c28d9f528a73092feb77d4c188a,,,4/7/2022 9:18,25,STOP SIGN/FLASHER,FUNCTIONING PROPERLY,CLEAR,DAYLIGHT,ANGLE,OTHER,,STRAIGHT AND LEVEL,DRY,NO DEFECTS,ON SCENE,INJURY AND / OR TOW DUE TO CRASH,N,,,"OVER $1,500",4/7/2022 9:20,DISREGARDING STOP SIGN,NOT APPLICABLE,11332,S,BISHOP ST,2234,,,,,,,2,NO INDICATION OF INJURY,0,0,0,0,0,2,0,9,5,4,41.68755014,-87.65859676,POINT (-87.658596761481 41.687550138497)
0a74f45b72d1a76651ff30cf7c2123e0af8c871d107d1dbb7ba92089acb6250e667d06826601bc4e7af60d3059508103f70355eb29d74e701525a3f9dc69a8ad,,,3/31/2022 17:30,30,NO CONTROLS,NO CONTROLS,CLOUDY/OVERCAST,DAYLIGHT,PARKED MOTOR VEHICLE,PARKING LOT,,STRAIGHT AND LEVEL,DRY,NO DEFECTS,NOT ON SCENE (DESK REPORT),NO INJURY / DRIVE AWAY,,,Y,"$501 - $1,500",4/1/2022 21:40,UNABLE TO DETERMINE,UNABLE TO DETERMINE,13055,S,EVANS AVE,533,,,,,,,2,NO INDICATION OF INJURY,0,0,0,0,0,1,0,17,5,3,41.65799725,-87.60325872,POINT (-87.60325872414 41.657997249003)
6563b43422e0c165539955a9ca54a2efe50ddaddce817d057728ee4eb51c91878b49f3e081cc3e7f4f8ea7c2e874cc35ce42c1ad73e10fdf0f88f5d5cf6ebbdb,,,4/6/2022 15:45,30,NO CONTROLS,NO CONTROLS,CLEAR,DAYLIGHT,SIDESWIPE SAME DIRECTION,NOT DIVIDED,,STRAIGHT AND LEVEL,DRY,NO DEFECTS,NOT ON SCENE (DESK REPORT),NO INJURY / DRIVE AWAY,,,,"$501 - $1,500",4/6/2022 16:25,IMPROPER LANE USAGE,FAILING TO YIELD RIGHT-OF-WAY,1928,N,KEDZIE AVE,1421,,,,,,,2,NO INDICATION OF INJURY,0,0,0,0,0,2,0,15,4,4,41.91645217,-87.70708692,POINT (-87.707086918792 41.916452171092)
3a3847018fd8d03a98e9b9f1432ffe786f8a04a95972dfec812b89c5c3e1d0451dab4bfb0308dbd153d58a644a72b2fb687ca59fd1a917223443fdc14a5e18cb,,,4/7/2022 8:28,20,STOP SIGN/FLASHER,FUNCTIONING PROPERLY,CLEAR,DAYLIGHT,TURNING,T-INTERSECTION,,STRAIGHT AND LEVEL,WET,NO DEFECTS,ON SCENE,NO INJURY / DRIVE AWAY,Y,,,$500 OR LESS,4/7/2022 8:28,FAILING TO YIELD RIGHT-OF-WAY,UNABLE TO DETERMINE,2000,W,SHAKESPEARE AVE,1432,,,,,,,2,NO INDICATION OF INJURY,0,0,0,0,0,2,0,8,5,4,41.92090501,-87.67785789,POINT (-87.677857894074 41.920905011253)
1506dd8fc06c8cb7093707177ee62ca962877dabef02405469dd79be19ab4876419136aeaa13128b5a050f24134a131df76475deb26c229c7171ae112583e847,,,4/7/2022 8:15,30,NO CONTROLS,NO CONTROLS,RAIN,DAYLIGHT,PARKED MOTOR VEHICLE,ONE-WAY,,STRAIGHT AND LEVEL,WET,NO DEFECTS,ON SCENE,INJURY AND / OR TOW DUE TO CRASH,,,,"$501 - $1,500",4/7/2022 8:15,UNABLE TO DETERMINE,NOT APPLICABLE,5634,W,64TH PL,812,,,,,,,2,"REPORTED, NOT EVIDENT",1,0,0,0,1,1,0,8,5,4,41.77541163,-87.76303406,POINT (-87.7630340616 41.775411633666)
87e652c104b87070badfd59a3427070455429ca3fdcdee0916a04719682f65b7fba7e4899cc6882a11fb6f448611efa0d29f765754fbd62fe8189f6bd093c24a,,,4/7/2022 21:00,25,NO CONTROLS,NO CONTROLS,UNKNOWN,"DARKNESS, LIGHTED ROAD",SIDESWIPE SAME DIRECTION,NOT DIVIDED,,STRAIGHT AND LEVEL,UNKNOWN,UNKNOWN,NOT ON SCENE (DESK REPORT),NO INJURY / DRIVE AWAY,,,Y,"OVER $1,500",4/7/2022 21:30,NOT APPLICABLE,NOT APPLICABLE,10300,S,HOXIE AVE,434,,,,,,,2,NO INDICATION OF INJURY,0,0,0,0,0,2,0,21,5,4,41.70806543,-87.56103172,POINT (-87.56103172423 41.708065431748)
92126dc9b4c6bdb4e928ab1bbc45c324c0a3e301aa5b1677f9d277227788e605d86a62c51e8fa624e3c0dd6f731932ba8cc179c92c75edab5b6a0f21acb853c9,,Y,4/7/2022 0:01,30,NO CONTROLS,NO CONTROLS,CLEAR,"DARKNESS, LIGHTED ROAD",PARKED MOTOR VEHICLE,ONE-WAY,,STRAIGHT AND LEVEL,DRY,NO DEFECTS,NOT ON SCENE (DESK REPORT),NO INJURY / DRIVE AWAY,,,Y,"$501 - $1,500",4/7/2022 8:15,FAILING TO REDUCE SPEED TO AVOID CRASH,UNABLE TO DETERMINE,2806,N,LOTUS AVE,2514,,,,,,,2,NO INDICATION OF INJURY,0,0,0,0,0,1,0,0,5,4,41.93158169,-87.7627184,POINT (-87.762718395088 41.931581685268)
e5744965741693e3e4ab0bc7dff191215305c95e1d49bf8ad616a3398251134f74bbad3ad2aca6f245a6d701db53b8e8f3238dc806c4bb85a950548c22df6a40,,,4/7/2022 9:00,30,NO CONTROLS,NO CONTROLS,CLEAR,DAYLIGHT,PARKED MOTOR VEHICLE,NOT DIVIDED,,STRAIGHT AND LEVEL,DRY,NO DEFECTS,NOT ON SCENE (DESK REPORT),NO INJURY / DRIVE AWAY,,,,"$501 - $1,500",4/7/2022 19:10,FAILING TO YIELD RIGHT-OF-WAY,UNABLE TO DETERMINE,1348,N,SEDGWICK ST,1821,,,,,,,2,NO INDICATION OF INJURY,0,0,0,0,0,2,0,9,5,4,41.90688462,-87.63860839,POINT (-87.638608389162 41.906884620576)
bf405c67e765332a3b0d14821cbee032d4d136a3c3bfbc6f3fbdcacd5ef7a278f77b7e9e86e1d3a72628fcbe02207297251488a562d954e883d2431a8abf72d3,,,4/7/2022 17:47,35,TRAFFIC SIGNAL,FUNCTIONING PROPERLY,RAIN,DAYLIGHT,REAR END,NOT DIVIDED,,STRAIGHT AND LEVEL,WET,NO DEFECTS,NOT ON SCENE (DESK REPORT),NO INJURY / DRIVE AWAY,,,,"OVER $1,500",4/7/2022 18:15,WEATHER,NOT APPLICABLE,4700,S,WESTERN AVE,922,,,,,,,2,NO INDICATION OF INJURY,0,0,0,0,0,2,0,17,5,4,41.80837841,-87.68457072,POINT (-87.684570716896 41.808378407947)
0cc7de20138683c9a72abd8fd7ef48cd013bdde5800b1081ebeb732279eddb601806c8a287aad40159b17d09474a359250026b8ff22fde1d19a9d4a26cd2353a,,,4/1/2022 23:38,30,NO CONTROLS,NO CONTROLS,CLEAR,"DARKNESS, LIGHTED ROAD",PARKED MOTOR VEHICLE,ONE-WAY,,STRAIGHT AND LEVEL,DRY,NO DEFECTS,NOT ON SCENE (DESK REPORT),NO INJURY / DRIVE AWAY,,,,$500 OR LESS,4/2/2022 0:15,IMPROPER LANE USAGE,UNABLE TO DETERMINE,1508,W,FARWELL AVE,2431,,,,,,,2,NO INDICATION OF INJURY,0,0,0,0,0,1,0,23,6,4,42.00675523,-87.66824645,POINT (-87.668246452498 42.006755225162)
6548422206fe6ae25cf25d9c15986b40bfa5d7f1f1772701fbca760f62de030796123b83dee1e2b7afc35c0d160e53df23acf6cfd304373ba6680b6d4f14ee00,,,4/7/2022 16:15,25,NO CONTROLS,NO CONTROLS,CLEAR,DAYLIGHT,SIDESWIPE SAME DIRECTION,ONE-WAY,,STRAIGHT AND LEVEL,UNKNOWN,UNKNOWN,NOT ON SCENE (DESK REPORT),NO INJURY / DRIVE AWAY,,,,"$501 - $1,500",4/7/2022 17:40,FAILING TO YIELD RIGHT-OF-WAY,NOT APPLICABLE,5100,N,FRANCISCO AVE,2031,,,,,,,2,NO INDICATION OF INJURY,0,0,0,0,0,2,0,16,5,4,41.97406838,-87.70144885,POINT (-87.701448852977 41.974068383691)
2f273065f8adb171c67e58c9622e1bc43cbe9c9066a5fd1436e8edde63129c23f9d541ce75c0dd68232818038e4f676642d32a1b4672e30f98b01221f10d07e1,JF170663,,3/11/2022 15:30,30,STOP SIGN/FLASHER,FUNCTIONING PROPERLY,CLEAR,DAYLIGHT,REAR END,NOT DIVIDED,,STRAIGHT AND LEVEL,DRY,NO DEFECTS,NOT ON SCENE (DESK REPORT),NO INJURY / DRIVE AWAY,,,Y,"$501 - $1,500",3/11/2022 16:17,HAD BEEN DRINKING (USE WHEN ARREST IS NOT MADE),NOT APPLICABLE,1955,S,CANALPORT AVE,1235,,,,,,,2,NO INDICATION OF INJURY,0,0,0,0,0,2,0,15,6,3,41.85581845,-87.64365693,POINT (-87.643656931931 41.855818449182)
07adba6c9d63ddcf8cfc23e5195972782fa0686b93f79ccd2948ba676b9d0808cc224c65d7773a10b0b2e549d4203c25b5f24bbf548c73c5f699d0822b5e69d6,,,4/1/2022 12:30,30,NO CONTROLS,NO CONTROLS,CLEAR,DAYLIGHT,TURNING,NOT DIVIDED,,STRAIGHT AND LEVEL,UNKNOWN,UNKNOWN,NOT ON SCENE (DESK REPORT),NO INJURY / DRIVE AWAY,,,,"$501 - $1,500",4/1/2022 13:15,IMPROPER TURNING/NO SIGNAL,IMPROPER OVERTAKING/PASSING,1902,W,18TH ST,1234,,,,,,,2,NO INDICATION OF INJURY,0,0,0,0,0,2,0,12,6,4,41.85780179,-87.67375109,POINT (-87.673751093132 41.857801793321)
2f4e306d28a8a69b7d5ebebf828a392ae130e951f2ec875aa25cb6e41c107c01fb87b9e2100252b91b4fbc4605608a931a6f7c20b89009fc90415f71b76f4e73,JF170925,,3/11/2022 20:56,30,TRAFFIC SIGNAL,FUNCTIONING PROPERLY,CLEAR,"DARKNESS, LIGHTED ROAD",REAR END,NOT DIVIDED,,STRAIGHT AND LEVEL,DRY,NO DEFECTS,NOT ON SCENE (DESK REPORT),NO INJURY / DRIVE AWAY,,,,"$501 - $1,500",3/11/2022 21:35,UNABLE TO DETERMINE,NOT APPLICABLE,4900,W,FULLERTON AVE,2521,,,,,,,2,NO INDICATION OF INJURY,0,0,0,0,0,2,0,20,6,3,41.9243148,-87.74888395,POINT (-87.748883944595 41.924314796598)
566538a84dcae6a795c4a58fd5b67d6524f729569c5254296df5aafa6dbd14097f6b0047343f888d79148c6192d329d6a1b734c6556235f39d0a89fec42d48f3,,,4/7/2022 17:30,45,NO CONTROLS,NO CONTROLS,RAIN,DAYLIGHT,REAR END,DIVIDED - W/MEDIAN BARRIER,,STRAIGHT AND LEVEL,WET,NO DEFECTS,NOT ON SCENE (DESK REPORT),NO INJURY / DRIVE AWAY,,,Y,"$501 - $1,500",4/7/2022 18:30,UNABLE TO DETERMINE,UNABLE TO DETERMINE,3200,N,LAKE SHORE DR SB,1925,,,,,,,2,NO INDICATION OF INJURY,0,0,0,0,0,2,0,17,5,4,41.9404429,-87.63863354,POINT (-87.638633539238 41.940442902597)
e37abc1348fcc84c1b6496c38324bc5e6800e04c7b35d7841f3a6839259cdda82fb0b6556b9c127083adaead095c8e204d1d78dec8430c1de3d468e3ec22ba19,JF200538,Y,3/18/2022 3:00,30,UNKNOWN,UNKNOWN,UNKNOWN,UNKNOWN,PARKED MOTOR VEHICLE,ONE-WAY,,STRAIGHT AND LEVEL,UNKNOWN,UNKNOWN,NOT ON SCENE (DESK REPORT),NO INJURY / DRIVE AWAY,,,Y,"$501 - $1,500",4/7/2022 15:50,NOT APPLICABLE,NOT APPLICABLE,1628,S,HAMLIN AVE,1014,,,,,,,2,NO INDICATION OF INJURY,0,0,0,0,0,1,0,3,6,3,41.85803443,-87.72017303,POINT (-87.720173027563 41.858034431715)
511d507c2d05a841538ef02dc891f364b7ebd5c7b7186e17cb45bfa0a220062581665ab02b6d82d9d5d7b6df0c8cf3029b7f4566d3c83b2fb54207c820a56ebf,,,4/6/2022 7:50,30,TRAFFIC SIGNAL,FUNCTIONING PROPERLY,CLEAR,DAYLIGHT,ANGLE,NOT DIVIDED,,STRAIGHT AND LEVEL,DRY,NO DEFECTS,NOT ON SCENE (DESK REPORT),NO INJURY / DRIVE AWAY,Y,,Y,"OVER $1,500",4/6/2022 8:20,FAILING TO YIELD RIGHT-OF-WAY,FAILING TO YIELD RIGHT-OF-WAY,4400,W,ROOSEVELT RD,1131,,,,,,,2,NO INDICATION OF INJURY,0,0,0,0,0,4,0,7,4,4,41.86614087,-87.73508956,POINT (-87.735089560082 41.866140867642)
01c4a4a380c5f71e85938cb227386b212eadefc900b27f4ba61789173be048878bcde775be32a28701a724e6cd8dcd6226b988b4254ae7684c079ff662dd74fc,,,4/1/2022 17:05,30,NO CONTROLS,NO CONTROLS,CLEAR,DAYLIGHT,FIXED OBJECT,NOT DIVIDED,,STRAIGHT AND LEVEL,DRY,NO DEFECTS,ON SCENE,INJURY AND / OR TOW DUE TO CRASH,,,,"OVER $1,500",4/1/2022 17:07,EQUIPMENT - VEHICLE CONDITION,EQUIPMENT - VEHICLE CONDITION,3899,S,WESTERN AVE,911,,,,,,,1,NO INDICATION OF INJURY,0,0,0,0,0,4,0,17,6,4,41.82305131,-87.68474637,POINT (-87.684746368215 41.823051304692)
7cf7699842347090ba5b92ed8987ed724843118e0528d65ae2dd0825ddd718e70b36a0c8620f68587c63e22764fcd4d01300407208e0a470e40064dc48895a2e,,,4/6/2022 8:50,30,STOP SIGN/FLASHER,OTHER,CLEAR,DAYLIGHT,TURNING,ONE-WAY,,STRAIGHT AND LEVEL,DRY,NO DEFECTS,NOT ON SCENE (DESK REPORT),NO INJURY / DRIVE AWAY,,,,"$501 - $1,500",4/7/2022 14:45,FAILING TO YIELD RIGHT-OF-WAY,UNABLE TO DETERMINE,2115,W,SCHOOL ST,1921,,,,,,,2,NO INDICATION OF INJURY,0,0,0,0,0,3,0,8,4,4,41.94124846,-87.68143093,POINT (-87.681430934491 41.941248463744)
5c75bc61f00fa1caba6c80ef065987ee85a23d5ac5b6a1a704afe930b5d9b65047e3eab979fddd5559353769498e41fe6516d0ec298a3b6c7e31486e5042ceb5,,,4/4/2022 15:08,25,NO CONTROLS,NO CONTROLS,CLOUDY/OVERCAST,DAYLIGHT,SIDESWIPE SAME DIRECTION,NOT DIVIDED,,STRAIGHT AND LEVEL,DRY,UNKNOWN,ON SCENE,NO INJURY / DRIVE AWAY,,,,"$501 - $1,500",4/4/2022 15:08,DRIVING SKILLS/KNOWLEDGE/EXPERIENCE,NOT APPLICABLE,3599,N,ROCKWELL ST,1921,,,,,,,2,NO INDICATION OF INJURY,0,0,0,0,0,2,0,15,2,4,41.946622,-87.69399047,POINT (-87.693990474278 41.946622001941)
3112eaff0a5bfbf3beeccc5b1216127c3f154b506d29cc662fce7df56fcdbda6cd63a1e3db3f636e410449778606bd03610bc99a464872dd09a2ab642bbaab72,,Y,4/7/2022 12:00,20,NO CONTROLS,NO CONTROLS,CLOUDY/OVERCAST,DAYLIGHT,PARKED MOTOR VEHICLE,NOT DIVIDED,,STRAIGHT AND LEVEL,UNKNOWN,UNKNOWN,NOT ON SCENE (DESK REPORT),NO INJURY / DRIVE AWAY,,,Y,"OVER $1,500",4/7/2022 19:00,UNABLE TO DETERMINE,UNABLE TO DETERMINE,6232,W,WABANSIA AVE,2513,,,,,,,2,NO INDICATION OF INJURY,0,0,0,0,0,1,0,12,5,4,41.91111454,-87.78161042,POINT (-87.781610416819 41.91111454052)
711914da8fbad3ca2c4222c27bc27c574b432e18ea80bb763984d4d36f176f26a5eae01ab7491bb0d1bbf56f1f372b81e4ee0d85d3c27dca68e0f49861ace1b4,,,4/7/2022 17:00,30,TRAFFIC SIGNAL,FUNCTIONING PROPERLY,RAIN,DAYLIGHT,TURNING,ONE-WAY,,STRAIGHT AND LEVEL,WET,NO DEFECTS,ON SCENE,NO INJURY / DRIVE AWAY,,,Y,"OVER $1,500",4/7/2022 17:18,IMPROPER TURNING/NO SIGNAL,NOT APPLICABLE,8701,S,STONY ISLAND AVE,412,,,,,,,2,NO INDICATION OF INJURY,0,0,0,0,0,2,0,17,5,4,41.73682783,-87.58506058,POINT (-87.585060580126 41.73682782899)
1e0ee6b81d33234fa4acd8a64e93f91dd3f8a9c3a30fd47cb2a41d01f5e24756685239cc68a5808b7b850011f51c07314fd531175753a26c34a30364cb82ab06,,,4/6/2022 21:35,30,UNKNOWN,UNKNOWN,UNKNOWN,UNKNOWN,PARKED MOTOR VEHICLE,ONE-WAY,,STRAIGHT AND LEVEL,UNKNOWN,UNKNOWN,NOT ON SCENE (DESK REPORT),NO INJURY / DRIVE AWAY,,,Y,"$501 - $1,500",4/7/2022 14:50,UNABLE TO DETERMINE,UNABLE TO DETERMINE,5948,N,ARTESIAN AVE,2011,,,,,,,2,NO INDICATION OF INJURY,0,0,0,0,0,1,0,21,4,4,41.99010603,-87.69101975,POINT (-87.691019753803 41.990106033855)
0ccb01ae27854e1343b092dd8d3986d85404ec180556076ee624f1f259ee8d8ee5751824250c05084f7bffe924042e439876f639c7092aa6a689cb683ff19bc1,,,3/31/2022 9:28,30,TRAFFIC SIGNAL,FUNCTIONING PROPERLY,CLEAR,DAYLIGHT,ANGLE,FOUR WAY,,STRAIGHT AND LEVEL,WET,NO DEFECTS,ON SCENE,INJURY AND / OR TOW DUE TO CRASH,,,Y,"OVER $1,500",3/31/2022 9:40,UNABLE TO DETERMINE,NOT APPLICABLE,7200,N,WESTERN AVE,2411,,,,,,,2,NONINCAPACITATING INJURY,1,0,0,1,0,1,0,9,5,3,42.01237134,-87.69039392,POINT (-87.690393917379 42.012371334792)
67a455cd5a05648d134bf3cf75819247a8fee3f19f8cb5eef210f4119885c20e1d7d948cd10a9c6b4970c1f86f94bf9b9f78824a6ca12e974cbc366f7d2101c2,,,4/6/2022 15:45,30,NO CONTROLS,NO CONTROLS,CLEAR,DAYLIGHT,REAR END,DIVIDED - W/MEDIAN (NOT RAISED),,STRAIGHT AND LEVEL,DRY,NO DEFECTS,NOT ON SCENE (DESK REPORT),NO INJURY / DRIVE AWAY,,,Y,"$501 - $1,500",4/6/2022 16:45,FOLLOWING TOO CLOSELY,NOT APPLICABLE,3250,S,ARCHER AVE,912,,,,,,,2,NO INDICATION OF INJURY,0,0,0,0,0,2,0,15,4,4,41.83505945,-87.67026538,POINT (-87.670265380105 41.835059452039)
4e04c15f6b1b9ad2817580744325411d2ded1d32bffbc23991b6f82bd8d4061f3a20638fa991f415cc5879bfd8c33391168cc829c34b4fc5d2a680eab39011c6,,,4/7/2022 17:26,20,TRAFFIC SIGNAL,FUNCTIONING PROPERLY,RAIN,DAYLIGHT,REAR END,DIVIDED - W/MEDIAN (NOT RAISED),,STRAIGHT AND LEVEL,UNKNOWN,UNKNOWN,NOT ON SCENE (DESK REPORT),NO INJURY / DRIVE AWAY,,,,"$501 - $1,500",4/7/2022 19:47,UNABLE TO DETERMINE,NOT APPLICABLE,143,W,RANDOLPH ST,122,,,,,,,2,NO INDICATION OF INJURY,0,0,0,0,0,2,0,17,5,4,41.88436301,-87.63219088,POINT (-87.632190878694 41.884363005757)
86546126644fe5e855c820e90741f093ed947d7ee3eb5457fbedee7049c36f685e0b53cf33964c9f71e979e5c7bbed0199a7dbab4522c1d38a3a41df621e43bd,,,4/7/2022 16:45,30,STOP SIGN/FLASHER,FUNCTIONING PROPERLY,RAIN,DAYLIGHT,FIXED OBJECT,T-INTERSECTION,,STRAIGHT AND LEVEL,WET,NO DEFECTS,ON SCENE,INJURY AND / OR TOW DUE TO CRASH,,Y,Y,"OVER $1,500",4/7/2022 16:45,UNABLE TO DETERMINE,NOT APPLICABLE,4100,N,LAWNDALE AVE,1723,,,,,,,1,NO INDICATION OF INJURY,0,0,0,0,0,1,0,16,5,4,41.95566372,-87.72046555,POINT (-87.720465548522 41.955663721897)
0ae19209614c9b21b98317acc71c2b377ac1ce16e6b066cee48895a93e24ade1a013900ef91bd83928c548dcc94ded4545758dcc0575a40e5acf6eb025375db9,,,4/1/2022 16:29,30,TRAFFIC SIGNAL,FUNCTIONING PROPERLY,CLEAR,DAYLIGHT,TURNING,NOT DIVIDED,,STRAIGHT AND LEVEL,DRY,NO DEFECTS,ON SCENE,NO INJURY / DRIVE AWAY,Y,,,"OVER $1,500",4/1/2022 16:30,IMPROPER TURNING/NO SIGNAL,IMPROPER LANE USAGE,99,E,CERMAK RD,131,,,,,,,2,NO INDICATION OF INJURY,0,0,0,0,0,3,0,16,6,4,41.8527543,-87.6238937,POINT (-87.623893704473 41.852754298174)
5a935d317fd64daa31fcb954751e6e3e8d84b5688d148881c7a77c33cbc19fb19c33972e18409c188935eb9b92340548e956a8b3546b8e7aa7b9962933322a42,,,4/7/2022 15:30,30,TRAFFIC SIGNAL,UNKNOWN,CLEAR,DAYLIGHT,SIDESWIPE SAME DIRECTION,NOT DIVIDED,,STRAIGHT AND LEVEL,DRY,UNKNOWN,NOT ON SCENE (DESK REPORT),NO INJURY / DRIVE AWAY,Y,,,"OVER $1,500",4/7/2022 15:42,UNABLE TO DETERMINE,NOT APPLICABLE,4000,W,OGDEN AVE,1013,,,,,,,2,NO INDICATION OF INJURY,0,0,0,0,0,3,0,15,5,4,41.85115822,-87.72489554,POINT (-87.72489554232 41.851158217386)