CRASH_RECORD_ID,RD_NO,CRASH_DATE_EST_I,CRASH_DATE,POSTED_SPEED_LIMIT,TRAFFIC_CONTROL_DEVICE,DEVICE_CONDITION,WEATHER_CONDITION,LIGHTING_CONDITION,FIRST_CRASH_TYPE,TRAFFICWAY_TYPE,LANE_CNT,ALIGNMENT,ROADWAY_SURFACE_COND,ROAD_DEFECT,REPORT_TYPE,CRASH_TYPE,INTERSECTION_RELATED_I,NOT_RIGHT_OF_WAY_I,HIT_AND_RUN_I,DAMAGE,DATE_POLICE_NOTIFIED,PRIM_CONTRIBUTORY_CAUSE,SEC_CONTRIBUTORY_CAUSE,STREET_NO,STREET_DIRECTION,STREET_NAME,BEAT_OF_OCCURRENCE,PHOTOS_TAKEN_I,STATEMENTS_TAKEN_I,DOORING_I,WORK_ZONE_I,WORK_ZONE_TYPE,WORKERS_PRESENT_I,NUM_UNITS,MOST_SEVERE_INJURY,INJURIES_TOTAL,INJURIES_FATAL,INJURIES_INCAPACITATING,INJURIES_NON_INCAPACITATING,INJURIES_REPORTED_NOT_EVIDENT,INJURIES_NO_INDICATION,INJURIES_UNKNOWN,CRASH_HOUR,CRASH_DAY_OF_WEEK,CRASH_MONTH,LATITUDE,LONGITUDE,LOCATION
ab6da53d44e8469ae6ae644d92ca212075b025431fa39678b5e58032863338f61a0a26f8dc6a43f5f57d51e77b5bc93ac1e43d2d0d80f37b8b7ec4744b5c1d26,,,4/7/2022 15:28,30,NO CONTROLS,NO CONTROLS,CLEAR,DAYLIGHT,ANGLE,NOT DIVIDED,,STRAIGHT AND LEVEL,DRY,NO DEFECTS,ON SCENE,NO INJURY / DRIVE AWAY,Y,,Y,"OVER $1,500",4/7/2022 15:40,UNABLE TO DETERMINE,UNABLE TO DETERMINE,1300,W,97TH PL,2213,,,,,,,2,NO INDICATION OF INJURY,0,0,0,0,0,2,0,15,5,4,41.7170685,-87.65538242,POINT (-87.655382414953 41.717068503503)
483b68979bc53b7e59c75b88263ce53d5bb12ae2897b77401803db3b1025d3215e7a1cb1456642d97530abef4aea6547ebc82ee5960c235332b7209b328e1d24,,,4/5/2022 23:30,35,TRAFFIC SIGNAL,FUNCTIONING PROPERLY,RAIN,"DARKNESS, LIGHTED ROAD",PARKED MOTOR VEHICLE,NOT DIVIDED,,STRAIGHT AND LEVEL,WET,NO DEFECTS,NOT ON SCENE (DESK REPORT),NO INJURY / DRIVE AWAY,,,N,"OVER $1,500",4/7/2022 10:25,NOT APPLICABLE,NOT APPLICABLE,2756,S,PULASKI RD,1031,,,,,,,2,NO INDICATION OF INJURY,0,0,0,0,0,1,0,23,3,4,41.84071325,-87.72460086,POINT (-87.724600860351 41.840713245798)
cd24960ec967c06d42a78a952834bf23e81a41decd2d5f07dfeebde5838174b6955980c94729f7e3339d0a91ee8f7041f324bdbd46dad72e484e5295ad6ec208,,,4/7/2022 14:23,30,TRAFFIC SIGNAL,FUNCTIONING PROPERLY,CLEAR,DAYLIGHT,SIDESWIPE SAME DIRECTION,FOUR WAY,,STRAIGHT AND LEVEL,DRY,NO DEFECTS,ON SCENE,NO INJURY / DRIVE AWAY,Y,,,"OVER $1,500",4/7/2022 15:13,IMPROPER OVERTAKING/PASSING,NOT APPLICABLE,99,N,WELLS ST,122,,,,,,,2,NO INDICATION OF INJURY,0,0,0,0,0,2,0,14,5,4,41.88317822,-87.63371329,POINT (-87.633713290784 41.883178221763)
75036ac14a204705f9cd89a90c955619a4e933eff90a12efb05a54d53b125cbf63bf4cb8291f3b7a1f77fbd3d7abc7275e2f982452b0923035ec0be8f62f7294,,,4/1/2022 14:10,15,NO CONTROLS,NO CONTROLS,CLEAR,DAYLIGHT,REAR TO SIDE,PARKING LOT,,STRAIGHT AND LEVEL,DRY,NO DEFECTS,NOT ON SCENE (DESK REPORT),NO INJURY / DRIVE AWAY,,Y,,"OVER $1,500",4/1/2022 16:00,IMPROPER BACKING,UNABLE TO DETERMINE,1103,S,CLINTON ST,124,,,,,,,2,NO INDICATION OF INJURY,0,0,0,0,0,2,0,14,6,4,41.86891733,-87.64062693,POINT (-87.640626924627 41.86891733095)
1c3c5e6099f531eb0c27c677fd77db41be0b062890f0a784270499a63275ffa21b00fd2ef108f3688f42487a6f2d69609d4e83c6457853bcda20441f44d4b7b1,,,3/31/2022 21:00,30,NO CONTROLS,NO CONTROLS,RAIN,"DARKNESS, LIGHTED ROAD",REAR TO SIDE,FOUR WAY,,STRAIGHT AND LEVEL,WET,NO DEFECTS,NOT ON SCENE (DESK REPORT),NO INJURY / DRIVE AWAY,Y,,,"OVER $1,500",4/1/2022 9:00,IMPROPER BACKING,UNABLE TO DETERMINE,2840,W,BELLE PLAINE AVE,1724,,,,,,,2,NO INDICATION OF INJURY,0,0,0,0,0,2,0,21,5,3,41.95588715,-87.69997532,POINT (-87.699975322254 41.955887146262)
e41cf5ff760ff2aee9bc7bed54063462397fe12de8fdae275919e18b9eee32176e7007cb908ed2e636688a30c01c61b8286ecad898db201fd3e70aa011bb66b3,,,4/1/2022 15:00,30,NO CONTROLS,NO CONTROLS,CLEAR,DAYLIGHT,PARKED MOTOR VEHICLE,NOT DIVIDED,,STRAIGHT AND LEVEL,DRY,NO DEFECTS,NOT ON SCENE (DESK REPORT),NO INJURY / DRIVE AWAY,,,Y,"$501 - $1,500",4/1/2022 15:53,UNABLE TO DETERMINE,UNABLE TO DETERMINE,910,N,HUDSON AVE,1823,,,,,,,2,NO INDICATION OF INJURY,0,0,0,0,0,1,0,15,6,4,41.89931279,-87.64014699,POINT (-87.640146986425 41.899312787755)
0fd4dd4e3e18448a2f44a50df097d0427fb5d92abd23db199f5604d526cfb2923135b5b67cf50c2bd5bdcd58b942f316770ce2cc6098fd3b3925eb38e5c37629,,,3/31/2022 10:10,30,TRAFFIC SIGNAL,FUNCTIONING PROPERLY,RAIN,DAYLIGHT,TURNING,FOUR WAY,,STRAIGHT AND LEVEL,WET,NO DEFECTS,ON SCENE,NO INJURY / DRIVE AWAY,Y,,,"$501 - $1,500",3/31/2022 10:21,"VISION OBSCURED (SIGNS, TREE LIMBS, BUILDINGS, ETC.)",WEATHER,4200,S,PULASKI RD,815,,,,,,,2,NO INDICATION OF INJURY,0,0,0,0,0,2,0,10,5,3,41.81690171,-87.72405154,POINT (-87.724051536308 41.816901707548)
fe4f7ada9ca468c5ef0ba996909260609231a6b5f5b9f0a0299c3bf2d74e60b6d82dba31d91c5ea5f4e4b4fb3e85add1fa6226a20e986cade7bcc10ebe7fd8c4,,,3/31/2022 12:00,30,TRAFFIC SIGNAL,FUNCTIONING PROPERLY,CLEAR,DAYLIGHT,REAR END,DIVIDED - W/MEDIAN (NOT RAISED),,STRAIGHT AND LEVEL,WET,NO DEFECTS,NOT ON SCENE (DESK REPORT),NO INJURY / DRIVE AWAY,,,Y,"$501 - $1,500",4/1/2022 10:00,FAILING TO REDUCE SPEED TO AVOID CRASH,UNABLE TO DETERMINE,2400,N,CICERO AVE,2521,,,,,,,2,NO INDICATION OF INJURY,0,0,0,0,0,2,0,12,5,3,41.92428359,-87.74645019,POINT (-87.746450190289 41.924283589827)
e2a6ca5474ee40fc495c48402e899e64ce1a93e9089990b82d72e501d260084dee60ac79b095988495ada55ebfa9b2dbb913ab67c41a89cdf3511777d3a5c8ea,,,4/1/2022 19:50,35,TRAFFIC SIGNAL,FUNCTIONING PROPERLY,CLEAR,"DARKNESS, LIGHTED ROAD",REAR END,NOT DIVIDED,,STRAIGHT AND LEVEL,DRY,NO DEFECTS,NOT ON SCENE (DESK REPORT),NO INJURY / DRIVE AWAY,,,Y,"OVER $1,500",4/1/2022 20:30,FOLLOWING TOO CLOSELY,NOT APPLICABLE,5204,N,HARLEM AVE,1613,,,,,,,2,NO INDICATION OF INJURY,0,0,0,0,0,2,0,19,6,4,41.9747072,-87.80721725,POINT (-87.807217246664 41.97470720013)
815bab3617609644333cd9c88aa74106b4b6ea1b1c2eb57a930fcd439b0e0f86524f114e6f028ad017526158f26a953899955394a15845458cc2483f8932d358,,N,3/31/2022 16:40,30,NO CONTROLS,NO CONTROLS,RAIN,DAYLIGHT,REAR END,DIVIDED - W/MEDIAN (NOT RAISED),,STRAIGHT AND LEVEL,UNKNOWN,UNKNOWN,ON SCENE,INJURY AND / OR TOW DUE TO CRASH,,,Y,"OVER $1,500",3/31/2022 16:58,UNABLE TO DETERMINE,UNABLE TO DETERMINE,15,S,PULASKI RD,1122,,,,,,,3,NO INDICATION OF INJURY,0,0,0,0,0,4,0,16,5,3,41.88021371,-87.72550669,POINT (-87.725506690936 41.880213707636)
67dcf8716617ba21172dc2f416a5bb1ab929d7a187a4a873c8fa6e8d83c3f11cd18201cff33a14569271ba96e5cb57fd91c92b239a0d2a1572d8812082068112,,,4/1/2022 9:55,30,NO CONTROLS,NO CONTROLS,CLEAR,DAYLIGHT,SIDESWIPE SAME DIRECTION,NOT DIVIDED,,STRAIGHT AND LEVEL,WET,NO DEFECTS,ON SCENE,NO INJURY / DRIVE AWAY,Y,,,"$501 - $1,500",4/1/2022 10:00,FOLLOWING TOO CLOSELY,UNABLE TO DETERMINE,7453,S,ASHLAND AVE,734,,,,,,,2,NO INDICATION OF INJURY,0,0,0,0,0,5,0,9,6,4,41.75800922,-87.66346581,POINT (-87.663465811785 41.758009214951)
b8b415da60413b8b92e5c8b33ca85fff03f366f4b11e1b32defb38e9e5c9382e3a6b94ec30600f810972cc9121d7c7b099241da6f8b7e9cdf2d1520ea950e2b1,,,4/1/2022 18:50,30,NO CONTROLS,NO CONTROLS,CLEAR,DAYLIGHT,TURNING,FOUR WAY,,STRAIGHT ON GRADE,DRY,NO DEFECTS,NOT ON SCENE (DESK REPORT),NO INJURY / DRIVE AWAY,Y,,Y,"OVER $1,500",4/1/2022 19:10,FAILING TO YIELD RIGHT-OF-WAY,DRIVING SKILLS/KNOWLEDGE/EXPERIENCE,2327,W,95TH ST,2213,,,,,,,2,NO INDICATION OF INJURY,0,0,0,0,0,2,0,18,6,4,41.7208486,-87.68077037,POINT (-87.680770364628 41.72084859884)
a8be5996b6bcd995c492e7b4ed5d57e1d391b147a87fa4c0e439e518b47d85f0982effb9e43bda44162d0c8fdbd70562f244132cb26d20948a733bad70e463fd,,,3/30/2022 13:30,10,NO CONTROLS,NO CONTROLS,CLEAR,DAYLIGHT,OTHER OBJECT,PARKING LOT,,STRAIGHT AND LEVEL,DRY,UNKNOWN,NOT ON SCENE (DESK REPORT),NO INJURY / DRIVE AWAY,,Y,,"OVER $1,500",4/1/2022 12:40,UNABLE TO DETERMINE,UNABLE TO DETERMINE,2844,N,BROADWAY,1934,,,,,,,1,NO INDICATION OF INJURY,0,0,0,0,0,1,0,13,4,3,41.93403617,-87.64455373,POINT (-87.644553728916 41.934036165104)
607292b2ff00acef6093ec93e6634f433b09a5241da0584a0ba85a296ed8d52ab3a76b4ede7510d657e76dd3f424676ef4f4225f91c6af344c9cd80389fc5426,,,4/7/2022 14:15,30,NO CONTROLS,NO CONTROLS,CLEAR,DAYLIGHT,SIDESWIPE SAME DIRECTION,DIVIDED - W/MEDIAN (NOT RAISED),,STRAIGHT AND LEVEL,DRY,NO DEFECTS,ON SCENE,INJURY AND / OR TOW DUE TO CRASH,,,,"OVER $1,500",4/7/2022 14:52,FAILING TO REDUCE SPEED TO AVOID CRASH,UNABLE TO DETERMINE,325,N,KEDZIE AVE,1222,,,,,,,3,NO INDICATION OF INJURY,0,0,0,0,0,3,0,14,5,4,41.88726965,-87.70616052,POINT (-87.70616051541 41.887269649149)
149c07daf541fa60210e7d331f1466710df6de758eed701caa35f6293b88cc0df2f65fc640a12cb956a23c56bacaef812b686e44c078c1ff07e601410da2f5c7,,,4/1/2022 16:43,35,NO CONTROLS,NO CONTROLS,CLEAR,DAYLIGHT,SIDESWIPE SAME DIRECTION,NOT DIVIDED,,STRAIGHT AND LEVEL,DRY,NO DEFECTS,ON SCENE,NO INJURY / DRIVE AWAY,N,,,"OVER $1,500",4/1/2022 17:13,RELATED TO BUS STOP,IMPROPER OVERTAKING/PASSING,229,S,WESTERN AVE,1225,,,,,,,2,NO INDICATION OF INJURY,0,0,0,0,0,2,0,16,6,4,41.87766465,-87.68619648,POINT (-87.686196482682 41.877664645689)
42dcd7863f88475082ab45a989e66353c299a6640a6dbebcb49d97a72ae4988f73ae13b74f741798267156b7ec105148386f63a1e9490bb30c6cb0070aaa7b0a,,,4/1/2022 15:36,30,STOP SIGN/FLASHER,FUNCTIONING PROPERLY,CLEAR,DAYLIGHT,ANGLE,DIVIDED - W/MEDIAN (NOT RAISED),,STRAIGHT AND LEVEL,DRY,NO DEFECTS,ON SCENE,INJURY AND / OR TOW DUE TO CRASH,Y,,,"$501 - $1,500",4/1/2022 16:16,FAILING TO YIELD RIGHT-OF-WAY,NOT APPLICABLE,6300,S,KOMENSKY AVE,813,,,,,,,2,NO INDICATION OF INJURY,0,0,0,0,0,2,0,15,6,4,41.77861562,-87.72412904,POINT (-87.724129039895 41.778615616452)
be963f2e521adaf450bddc1c9574e6defcc4441b51a52e97a5ae5c6e682b271abd0223e225deacf81de7518dd26ed9e8b9d5b2f3728c103c196402f59e4d90ba,JF192897,,3/25/2022 16:00,20,NO CONTROLS,NO CONTROLS,CLEAR,DAYLIGHT,PARKED MOTOR VEHICLE,PARKING LOT,,STRAIGHT AND LEVEL,DRY,NO DEFECTS,NOT ON SCENE (DESK REPORT),NO INJURY / DRIVE AWAY,,,Y,"OVER $1,500",3/31/2022 18:24,UNABLE TO DETERMINE,PHYSICAL CONDITION OF DRIVER,7701,S,CICERO AVE,834,,,,,,,2,NO INDICATION OF INJURY,0,0,0,0,0,1,0,16,6,3,41.75282202,-87.74135449,POINT (-87.741354493194 41.752822020767)
939d641e43a77c58306090f469de003d7cc277e82e7e6ef8dcd99880f6e29598eafdca65998e5b33f665403302b0ce876b6ef6b82f7e0ab9628977339eb2eaa9,,,4/1/2022 8:55,30,NO CONTROLS,NO CONTROLS,CLEAR,DAYLIGHT,PARKED MOTOR VEHICLE,NOT DIVIDED,,STRAIGHT AND LEVEL,DRY,NO DEFECTS,NOT ON SCENE (DESK REPORT),NO INJURY / DRIVE AWAY,,,,"OVER $1,500",4/1/2022 9:15,UNABLE TO DETERMINE,NOT APPLICABLE,4900,W,NORTH AVE,2533,,,,,,,2,NO INDICATION OF INJURY,0,0,0,0,0,1,0,8,6,4,41.90969418,-87.74929565,POINT (-87.749295652768 41.909694174654)
76554872a870f224d75cdf52bd7a712d66da87307eddc86246d7cb0af07ddebe7772394d64afd481d7b211aba26fe7583792f4031c02a5154efe9eca5310df6f,,,4/1/2022 17:00,20,STOP SIGN/FLASHER,FUNCTIONING PROPERLY,CLEAR,DAYLIGHT,ANGLE,ONE-WAY,,STRAIGHT AND LEVEL,DRY,UNKNOWN,NOT ON SCENE (DESK REPORT),NO INJURY / DRIVE AWAY,,,,"OVER $1,500",4/1/2022 19:20,UNABLE TO DETERMINE,UNABLE TO DETERMINE,6242,W,WELLINGTON AVE,2511,,,,,,,2,NO INDICATION OF INJURY,0,0,0,0,0,2,0,17,6,4,41.93481341,-87.78269542,POINT (-87.782695421838 41.934813408786)
9e8db02095ee6f863a7c76ed74de37d4d39098fed91675db64907432ec5b2b6fd773e4a202b5080554d768c2edaa11b5a95e4c102dd57ce926279b4392c55e28,,,4/1/2022 15:35,30,NO CONTROLS,NO CONTROLS,CLEAR,DAYLIGHT,PARKED MOTOR VEHICLE,NOT DIVIDED,,STRAIGHT AND LEVEL,DRY,NO DEFECTS,ON SCENE,INJURY AND / OR TOW DUE TO CRASH,,,,"OVER $1,500",4/1/2022 15:38,EQUIPMENT - VEHICLE CONDITION,UNABLE TO DETERMINE,7953,S,DR MARTIN LUTHER KING JR DR,624,,Y,,,,,3,NO INDICATION OF INJURY,0,0,0,0,0,1,0,15,6,4,41.74955427,-87.61478128,POINT (-87.614781284017 41.749554270275)
6480b420e8b2d762095dd20551df6aebbe3d557dc6e0f33d5f1804ed5c7f71f728662c62a022831991476840ea9db57e41334c28741698f471a94ca5a4be9e0d,,,4/1/2022 19:11,35,TRAFFIC SIGNAL,FUNCTIONING PROPERLY,CLEAR,DARKNESS,FIXED OBJECT,DIVIDED - W/MEDIAN BARRIER,,STRAIGHT AND LEVEL,DRY,NO DEFECTS,ON SCENE,INJURY AND / OR TOW DUE TO CRASH,,,,"OVER $1,500",4/1/2022 19:20,NOT APPLICABLE,NOT APPLICABLE,1818,W,PETERSON AVE,2413,,,,,,,1,NO INDICATION OF INJURY,0,0,0,0,0,1,0,19,6,4,41.99084916,-87.67599309,POINT (-87.675993088364 41.990849157684)
297ce55a2f01477c921f922631ea1c77e3dc30ed2ccf888f9ce3ef12074ee522c0f65a9cda047259b3eeef681b13cd4a9b4fdf50270b1277e11c3bcdfaa55572,,,4/1/2022 14:45,30,TRAFFIC SIGNAL,FUNCTIONING PROPERLY,CLEAR,DAYLIGHT,SIDESWIPE SAME DIRECTION,DIVIDED - W/MEDIAN (NOT RAISED),,STRAIGHT AND LEVEL,DRY,NO DEFECTS,ON SCENE,NO INJURY / DRIVE AWAY,,,Y,"OVER $1,500",4/1/2022 15:45,IMPROPER LANE USAGE,IMPROPER LANE USAGE,4000,W,ROOSEVELT RD,1132,N,Y,,,,,2,NO INDICATION OF INJURY,0,0,0,0,0,2,0,14,6,4,41.866281,-87.72523422,POINT (-87.725234219839 41.866281002665)
596f20968b599092bf11644d7f93b08907dce007431e77e8fcce35d996b4ba9d78ad737409565d22d85fecb41253a07702edaeef8d2f35f98861f236a1366472,,,4/1/2022 12:30,30,NO CONTROLS,NO CONTROLS,CLEAR,DAYLIGHT,FIXED OBJECT,NOT DIVIDED,,STRAIGHT AND LEVEL,DRY,NO DEFECTS,ON SCENE,NO INJURY / DRIVE AWAY,,,,$500 OR LESS,4/1/2022 12:43,NOT APPLICABLE,DRIVING SKILLS/KNOWLEDGE/EXPERIENCE,1532,E,91ST ST,413,,,,,,,1,NO INDICATION OF INJURY,0,0,0,0,0,1,0,12,6,4,41.72969232,-87.5866953,POINT (-87.586695297068 41.729692322625)
b14f053b0ac36997d6610d6560cfed1a17394f6f4523b521b2f42de73c6b261cb5d2483bf7f1d3891773e380924537d4a98e79186083b2ea16df93685bcc804f,,,4/1/2022 13:49,30,STOP SIGN/FLASHER,FUNCTIONING PROPERLY,CLEAR,DAYLIGHT,ANGLE,NOT DIVIDED,,STRAIGHT AND LEVEL,DRY,NO DEFECTS,ON SCENE,INJURY AND / OR TOW DUE TO CRASH,,,,"OVER $1,500",4/1/2022 13:51,UNABLE TO DETERMINE,UNABLE TO DETERMINE,100,W,75TH ST,731,,,,,,,2,NONINCAPACITATING INJURY,1,0,0,1,0,2,0,13,6,4,41.75830047,-87.62724246,POINT (-87.627242462248 41.758300468619)
e4f74f9ae332564687d06cef88a8a296406cea18f39ffbf3a6b5ccff2763e75e161bdbc48cb2c017940e935be766382a45028b1796bfd41db216cb9d229375d6,,,4/1/2022 4:30,30,NO CONTROLS,NO CONTROLS,BLOWING SNOW,"DARKNESS, LIGHTED ROAD",REAR END,OTHER,,STRAIGHT AND LEVEL,WET,NO DEFECTS,ON SCENE,NO INJURY / DRIVE AWAY,,,Y,"$501 - $1,500",4/1/2022 4:32,"OPERATING VEHICLE IN ERRATIC, RECKLESS, CARELESS, NEGLIGENT OR AGGRESSIVE MANNER","OPERATING VEHICLE IN ERRATIC, RECKLESS, CARELESS, NEGLIGENT OR AGGRESSIVE MANNER",9300,S,ESCANABA AVE,423,,,,,,,2,NO INDICATION OF INJURY,0,0,0,0,0,2,0,4,6,4,41.72633715,-87.5540766,POINT (-87.55407660082 41.726337144843)
d61e31a038cede533e9e8af73ad890fb98a9d84bc82b99b3f2ccf3595b1352047cf87d5fb4c688b79f0bd5254ec68117e8e9285684445ffa00d98022134b97d1,,,4/1/2022 16:01,25,NO CONTROLS,NO CONTROLS,UNKNOWN,DAYLIGHT,SIDESWIPE SAME DIRECTION,NOT DIVIDED,,STRAIGHT AND LEVEL,UNKNOWN,NO DEFECTS,NOT ON SCENE (DESK REPORT),NO INJURY / DRIVE AWAY,,,Y,"$501 - $1,500",4/1/2022 16:50,UNABLE TO DETERMINE,NOT APPLICABLE,2333,N,HARLEM AVE,2512,,,,,,,2,NO INDICATION OF INJURY,0,0,0,0,0,3,0,16,6,4,41.92211286,-87.80604772,POINT (-87.806047723217 41.922112857283)
3008130364c728185d7eab41f8202faac1aa0fd895cb83d577ecc17ddc137c33562e7863d8035c6419dcc27a942d7679aacc746f3413e4d47e1e434bd197f4da,,,3/31/2022 15:47,30,NO CONTROLS,NO CONTROLS,CLEAR,DAYLIGHT,FIXED OBJECT,ALLEY,,STRAIGHT AND LEVEL,WET,NO DEFECTS,ON SCENE,NO INJURY / DRIVE AWAY,,,,"OVER $1,500",3/31/2022 15:55,IMPROPER TURNING/NO SIGNAL,IMPROPER TURNING/NO SIGNAL,4745,W,JACKSON BLVD,1131,,,,,,,1,NO INDICATION OF INJURY,0,0,0,0,0,1,0,15,5,3,41.87673896,-87.74448576,POINT (-87.744485760382 41.876738957854)
2f68f529dfd080861be5d6a98789ef6696eff16929f4510ea96164c761549755c7542c0835c7522bb64b000dc19af0e222f6b55e6624d2b2fea7dd2418a9587a,,,3/31/2022 16:55,30,TRAFFIC SIGNAL,FUNCTIONING PROPERLY,CLEAR,DAYLIGHT,TURNING,NOT DIVIDED,,STRAIGHT AND LEVEL,DRY,NO DEFECTS,NOT ON SCENE (DESK REPORT),NO INJURY / DRIVE AWAY,,,,"$501 - $1,500",3/31/2022 19:20,FAILING TO YIELD RIGHT-OF-WAY,FAILING TO REDUCE SPEED TO AVOID CRASH,4401,W,DIVISION ST,1111,,,,,,,2,NO INDICATION OF INJURY,0,0,0,0,0,2,0,16,5,3,41.90239998,-87.73626379,POINT (-87.736263784708 41.902399981646)
ca81a1f6575d33b3e6cd8fbaf961edd027ec62a809a28b665a488bcb287f935c5ad1b2c9ac5395b75b113f4768a3e1e3299dec48a226351a14876b0f1d166213,,,4/7/2022 17:43,30,UNKNOWN,NO CONTROLS,CLOUDY/OVERCAST,DAYLIGHT,TURNING,NOT DIVIDED,,STRAIGHT AND LEVEL,WET,NO DEFECTS,ON SCENE,INJURY AND / OR TOW DUE TO CRASH,,,,"OVER $1,500",4/7/2022 18:00,IMPROPER TURNING/NO SIGNAL,FOLLOWING TOO CLOSELY,2229,W,ADDISON ST,1921,,,,,,,3,NO INDICATION OF INJURY,0,0,0,0,0,4,0,17,5,4,41.94667468,-87.6845562,POINT (-87.684556203974 41.946674675605)
a45b5ec00bf4fe19e7959ce9a1f1ce56105a6c83d5d974134eaae44b6ed02c08f1ff7cc63ca6b6e0cc4b11f4375535654d60039b5fede4a4ec342a2d9f40c00b,,,4/6/2022 18:00,30,TRAFFIC SIGNAL,FUNCTIONING PROPERLY,CLOUDY/OVERCAST,DAYLIGHT,ANGLE,NOT DIVIDED,,STRAIGHT AND LEVEL,DRY,NO DEFECTS,NOT ON SCENE (DESK REPORT),NO INJURY / DRIVE AWAY,,,,"OVER $1,500",4/7/2022 12:00,FAILING TO YIELD RIGHT-OF-WAY,NOT APPLICABLE,7150,W,ADDISON ST,1632,,,,,,,2,NO INDICATION OF INJURY,0,0,0,0,0,2,0,18,4,4,41.94540332,-87.80540052,POINT (-87.805400524217 41.94540331496)
f12a90770e59d93db5c16327a8c6b26b0d7312747cfdc33fe72cd1af2f7436d88f676c20fbb796d60181d4867cd1c6810feb12702613554aed94c6008655d954,,,4/6/2022 13:00,30,TRAFFIC SIGNAL,UNKNOWN,CLEAR,DAYLIGHT,PARKED MOTOR VEHICLE,FOUR WAY,,STRAIGHT AND LEVEL,DRY,NO DEFECTS,ON SCENE,INJURY AND / OR TOW DUE TO CRASH,,,,"OVER $1,500",4/6/2022 13:06,FAILING TO YIELD RIGHT-OF-WAY,"VISION OBSCURED (SIGNS, TREE LIMBS, BUILDINGS, ETC.)",4101,S,MICHIGAN AVE,213,,,,,,,2,NO INDICATION OF INJURY,0,0,0,0,0,1,0,13,4,4,41.82005979,-87.62297541,POINT (-87.622975412031 41.820059785287)
a8234580a9652c1c4ff30640362f0318712b1b6a72dd67c82d2de610dc40dc839b09caf700a3a53ff704ebd0a0716025952cb502b0e04087f0f1b992157c90ce,,,4/7/2022 7:47,30,TRAFFIC SIGNAL,FUNCTIONING PROPERLY,CLOUDY/OVERCAST,DAYLIGHT,REAR END,ONE-WAY,,STRAIGHT ON GRADE,DRY,UNKNOWN,ON SCENE,INJURY AND / OR TOW DUE TO CRASH,Y,,Y,"$501 - $1,500",4/7/2022 7:48,FAILING TO REDUCE SPEED TO AVOID CRASH,NOT APPLICABLE,740,W,98TH PL,2223,,,,,,,2,NONINCAPACITATING INJURY,1,0,0,1,0,2,0,7,5,4,41.71524304,-87.64223146,POINT (-87.642231454999 41.715243041873)
7dc98f6040099da770aaba475a60be5a8865d456d8878de9fbf236c195755a3fba40cbdccd0b7a01ac9a9ddc750ec0aef6c46e3ef4ab4bd42a3b9357ef786910,,,4/7/2022 14:30,30,NO CONTROLS,NO CONTROLS,CLEAR,DAYLIGHT,SIDESWIPE SAME DIRECTION,NOT DIVIDED,,STRAIGHT AND LEVEL,DRY,NO DEFECTS,NOT ON SCENE (DESK REPORT),NO INJURY / DRIVE AWAY,,,,"OVER $1,500",4/7/2022 16:00,UNABLE TO DETERMINE,NOT APPLICABLE,6050,W,IRVING PARK RD,1624,,,,,,,2,NO INDICATION OF INJURY,0,0,0,0,0,2,0,14,5,4,41.9531281,-87.77882548,POINT (-87.778825478144 41.953128102861)
f24ab74b93772e0dfef8d7b786cfcd6d9ef779918270d5c6d9f6e2c1c00384e3365f4f433a19ce7f6d0e2beffdb2b0088c5fb6672accec1379cdc19b20208dbe,,,4/7/2022 17:00,25,STOP SIGN/FLASHER,FUNCTIONING PROPERLY,RAIN,DAYLIGHT,ANGLE,DIVIDED - W/MEDIAN (NOT RAISED),,STRAIGHT AND LEVEL,WET,NO DEFECTS,ON SCENE,NO INJURY / DRIVE AWAY,Y,,Y,"$501 - $1,500",4/7/2022 17:05,DISREGARDING STOP SIGN,FAILING TO YIELD RIGHT-OF-WAY,2800,W,25TH PL,1033,,,,,,,2,NO INDICATION OF INJURY,0,0,0,0,0,2,0,17,5,4,41.84567514,-87.69536624,POINT (-87.695366243731 41.845675135139)
83af619a5ebfd723835c2f12136063d85524b5fa2a3d174eb29a19ffad40bb24d9a7e73a3afff9d5467082baed63ade744266c87376f760ed6f935a04f2cd9cb,,,4/7/2022 21:30,30,NO CONTROLS,NO CONTROLS,CLEAR,"DARKNESS, LIGHTED ROAD",TURNING,DIVIDED - W/MEDIAN (NOT RAISED),,STRAIGHT AND LEVEL,DRY,NO DEFECTS,NOT ON SCENE (DESK REPORT),NO INJURY / DRIVE AWAY,Y,,,"$501 - $1,500",4/7/2022 22:00,IMPROPER TURNING/NO SIGNAL,IMPROPER OVERTAKING/PASSING,3631,N,AUSTIN AVE,1633,,,,,,,2,NO INDICATION OF INJURY,0,0,0,0,0,2,0,21,5,4,41.94672943,-87.77639384,POINT (-87.776393836739 41.946729427703)
2a440c53c5ec2dc98283b8c4f2e0cce7b1e007479160ee5c4f58ce3f88a13d8293c4ef7de71028f479e4e1eb45f5d26aa722aad8550609cbf0c9f9e150753e95,,,4/7/2022 11:20,30,TRAFFIC SIGNAL,FUNCTIONING PROPERLY,CLEAR,DAYLIGHT,TURNING,NOT DIVIDED,,STRAIGHT AND LEVEL,DRY,NO DEFECTS,NOT ON SCENE (DESK REPORT),INJURY AND / OR TOW DUE TO CRASH,Y,,,"OVER $1,500",4/7/2022 19:29,DISREGARDING TRAFFIC SIGNALS,NOT APPLICABLE,1600,E,87TH ST,412,,,,,,,2,"REPORTED, NOT EVIDENT",1,0,0,0,1,1,0,11,5,4,41.73703099,-87.58508645,POINT (-87.585086453532 41.737030992315)