CRASH_RECORD_ID,RD_NO,CRASH_DATE_EST_I,CRASH_DATE,POSTED_SPEED_LIMIT,TRAFFIC_CONTROL_DEVICE,DEVICE_CONDITION,WEATHER_CONDITION,LIGHTING_CONDITION,FIRST_CRASH_TYPE,TRAFFICWAY_TYPE,LANE_CNT,ALIGNMENT,ROADWAY_SURFACE_COND,ROAD_DEFECT,REPORT_TYPE,CRASH_TYPE,INTERSECTION_RELATED_I,NOT_RIGHT_OF_WAY_I,HIT_AND_RUN_I,DAMAGE,DATE_POLICE_NOTIFIED,PRIM_CONTRIBUTORY_CAUSE,SEC_CONTRIBUTORY_CAUSE,STREET_NO,STREET_DIRECTION,STREET_NAME,BEAT_OF_OCCURRENCE,PHOTOS_TAKEN_I,STATEMENTS_TAKEN_I,DOORING_I,WORK_ZONE_I,WORK_ZONE_TYPE,WORKERS_PRESENT_I,NUM_UNITS,MOST_SEVERE_INJURY,INJURIES_TOTAL,INJURIES_FATAL,INJURIES_INCAPACITATING,INJURIES_NON_INCAPACITATING,INJURIES_REPORTED_NOT_EVIDENT,INJURIES_NO_INDICATION,INJURIES_UNKNOWN,CRASH_HOUR,CRASH_DAY_OF_WEEK,CRASH_MONTH,LATITUDE,LONGITUDE,LOCATION
b67768e85401e0416858cfe47a05c1e9cbe4a85d3d49b9746dacb9fcddba8fe6763dfac9ee2d181ca477a67003ec25814da2d1404a9fb24c5c721416bcc0b360,,,4/7/2022 18:00,30,NO CONTROLS,NO CONTROLS,CLEAR,DAYLIGHT,SIDESWIPE SAME DIRECTION,NOT DIVIDED,,STRAIGHT AND LEVEL,DRY,NO DEFECTS,NOT ON SCENE (DESK REPORT),NO INJURY / DRIVE AWAY,,,,"$501 - $1,500",4/7/2022 19:00,UNABLE TO DETERMINE,UNABLE TO DETERMINE,1010,W,CHICAGO AVE,1213,,,,,,,2,NO INDICATION OF INJURY,0,0,0,0,0,2,0,18,5,4,41.89640908,-87.65317168,POINT (-87.653171679591 41.896409081521)
c39f7bbcb9619c03d7688bdaf02e573d97df2891bb6ee016d89432b6fb8862f134e187f8ccc58300867c973a1c8dac1fe1bc814058869a9f69dd2c6a50cbc203,,,4/7/2022 21:30,30,TRAFFIC SIGNAL,FUNCTIONING PROPERLY,RAIN,"DARKNESS, LIGHTED ROAD",PEDESTRIAN,FOUR WAY,,STRAIGHT AND LEVEL,WET,UNKNOWN,NOT ON SCENE (DESK REPORT),INJURY AND / OR TOW DUE TO CRASH,Y,,,$500 OR LESS,4/7/2022 22:45,"VISION OBSCURED (SIGNS, TREE LIMBS, BUILDINGS, ETC.)",UNABLE TO DETERMINE,1179,W,18TH ST,1235,,,,,,,2,"REPORTED, NOT EVIDENT",1,0,0,0,1,1,0,21,5,4,41.85784487,-87.65634685,POINT (-87.656346850669 41.857844866672)
1c062adf98501d6de7724ffdb16359a1b14c055fd02b1d964c5d35922c6ffa1c77933b03d6ecf7686968aa828739628968933107968119c5f0c68099dfc7ddc2,,,4/2/2022 12:30,35,NO CONTROLS,NO CONTROLS,CLEAR,DAYLIGHT,FIXED OBJECT,NOT DIVIDED,,STRAIGHT AND LEVEL,DRY,NO DEFECTS,NOT ON SCENE (DESK REPORT),NO INJURY / DRIVE AWAY,,,,"$501 - $1,500",4/7/2022 12:10,UNABLE TO DETERMINE,UNABLE TO DETERMINE,4400,N,LAKE SHORE DR NB,1914,,,,,,,1,NO INDICATION OF INJURY,0,0,0,0,0,1,0,12,7,4,41.96202716,-87.64663966,POINT (-87.64663966128 41.962027155537)
b84d3a58549cb2b01626b614ab8f982ada346223b07c09814b5912d72477d22f25df75c2133fac5e4c4c20cac6b1ced80f1e0d005c9f34f5fba9e78a20f98613,,,4/7/2022 8:15,30,TRAFFIC SIGNAL,FUNCTIONING PROPERLY,CLOUDY/OVERCAST,DAYLIGHT,REAR END,NOT DIVIDED,,STRAIGHT AND LEVEL,DRY,NO DEFECTS,ON SCENE,NO INJURY / DRIVE AWAY,Y,,,"$501 - $1,500",4/7/2022 8:18,FOLLOWING TOO CLOSELY,FAILING TO REDUCE SPEED TO AVOID CRASH,3800,N,LINCOLN AVE,1922,,,,,,,2,NO INDICATION OF INJURY,0,0,0,0,0,2,0,8,5,4,41.95053733,-87.67640739,POINT (-87.676407392143 41.950537332942)
faf2ba0fd6fdac5bd258e41c10499a8c0178347f3e590138b5a202e7136d80cbe6d7d6ff95bfbd5e3d15deeb7b0705028745496201fb4ee8667f0ea089d6d2b1,,,4/7/2022 8:00,20,STOP SIGN/FLASHER,FUNCTIONING PROPERLY,RAIN,DAYLIGHT,SIDESWIPE SAME DIRECTION,NOT DIVIDED,,STRAIGHT AND LEVEL,WET,UNKNOWN,NOT ON SCENE (DESK REPORT),NO INJURY / DRIVE AWAY,,,,"OVER $1,500",4/7/2022 8:45,UNABLE TO DETERMINE,UNABLE TO DETERMINE,1098,W,WINONA ST,2024,,,,,,,2,NO INDICATION OF INJURY,0,0,0,0,0,2,0,8,5,4,41.97534997,-87.65772154,POINT (-87.657721540867 41.975349971288)
6a4981fd339e8fcb93901ff9f5e938bb17af8d12f1df1638be4cc772b030a003d96b454aeceb728917e4b890954e10a6b0e9578f2f2fafeff15d98f3f3b13f88,,,4/5/2022 9:53,35,NO CONTROLS,NO CONTROLS,FOG/SMOKE/HAZE,DAYLIGHT,SIDESWIPE SAME DIRECTION,CENTER TURN LANE,,STRAIGHT AND LEVEL,DRY,UNKNOWN,ON SCENE,NO INJURY / DRIVE AWAY,,,,"OVER $1,500",4/5/2022 10:17,FAILING TO YIELD RIGHT-OF-WAY,IMPROPER OVERTAKING/PASSING,4628,S,COTTAGE GROVE AVE,221,,,,,,,2,NO INDICATION OF INJURY,0,0,0,0,0,2,0,9,3,4,41.81046961,-87.60673216,POINT (-87.60673216075 41.810469612846)
9d541ae0c8531d36b19944c01408257f9a94417c783ab64ae1e12afd83b202cf5a7e93ac2d5ebfdd5d569ff035291e541725298b5d5b8f593b75106ae19e6298,,,4/7/2022 22:30,35,NO CONTROLS,NO CONTROLS,RAIN,"DARKNESS, LIGHTED ROAD",FIXED OBJECT,DIVIDED - W/MEDIAN BARRIER,,"CURVE, LEVEL",WET,NO DEFECTS,ON SCENE,NO INJURY / DRIVE AWAY,,,,"OVER $1,500",4/7/2022 22:33,EQUIPMENT - VEHICLE CONDITION,NOT APPLICABLE,1000,N,LAKE SHORE DR SB,1824,,,,,,,1,NO INDICATION OF INJURY,0,0,0,0,0,1,0,22,5,4,41.90095892,-87.61992817,POINT (-87.619928173678 41.900958919109)
261667d0213d9a0e856faa5ebc07b5078779aebf539269d4c4d4324c3c965c005c3a156c39d1cbc8875bbb652094bbf7c66e19666bdac054d6e3e52f7b27c4c4,,Y,4/5/2022 12:00,30,NO CONTROLS,NO CONTROLS,CLEAR,DAYLIGHT,PARKED MOTOR VEHICLE,NOT DIVIDED,,STRAIGHT AND LEVEL,DRY,NO DEFECTS,NOT ON SCENE (DESK REPORT),NO INJURY / DRIVE AWAY,,,Y,"$501 - $1,500",4/5/2022 14:30,UNABLE TO DETERMINE,UNABLE TO DETERMINE,2800,W,FULTON ST,1222,,,,,,,2,NO INDICATION OF INJURY,0,0,0,0,0,1,0,12,3,4,41.88664623,-87.69655814,POINT (-87.696558136009 41.886646230299)
972e6bf4fa20a792077b41426cfb487776b83c6047e7023e8819a759af1b38e5c005c4a7fa7169fd7b6cc8d541464a07f389c6595287a8dbe57c1da8fbf6cf15,,,4/7/2022 16:54,30,NO CONTROLS,NO CONTROLS,CLEAR,DAYLIGHT,SIDESWIPE SAME DIRECTION,DIVIDED - W/MEDIAN (NOT RAISED),,STRAIGHT AND LEVEL,DRY,NO DEFECTS,ON SCENE,NO INJURY / DRIVE AWAY,,,,"OVER $1,500",4/7/2022 16:54,IMPROPER LANE USAGE,UNABLE TO DETERMINE,2557,W,FULLERTON AVE,1431,,,,,,,3,NO INDICATION OF INJURY,0,0,0,0,0,2,0,16,5,4,41.92474888,-87.69205362,POINT (-87.692053620632 41.924748882618)
7a2bdf844fd7035ddd8e65adee1b6d72ea44423bb4d61356c39db5097838dd82ffca540447eec959cb66f87b9316f1083b1e69450fdc3d413c91547bce502908,,,4/7/2022 17:25,30,TRAFFIC SIGNAL,FUNCTIONING PROPERLY,RAIN,DAYLIGHT,PEDESTRIAN,DIVIDED - W/MEDIAN (NOT RAISED),,STRAIGHT AND LEVEL,WET,NO DEFECTS,ON SCENE,INJURY AND / OR TOW DUE TO CRASH,,,,"OVER $1,500",4/7/2022 17:25,NOT APPLICABLE,NOT APPLICABLE,2954,W,NORTH AVE,1421,,,,,,,2,NONINCAPACITATING INJURY,1,0,0,1,0,1,0,17,5,4,41.91028656,-87.70129037,POINT (-87.701290371991 41.910286564066)
fb951423fbdc0199dacd5a6117a5d2f95f5a04dfb060e479856b3768e74b276e826114c1f499ac57b11f2e73965c1f376caaa110c2026feff1df91da9f04b937,,,4/1/2022 11:15,30,STOP SIGN/FLASHER,FUNCTIONING PROPERLY,CLOUDY/OVERCAST,DAYLIGHT,REAR END,T-INTERSECTION,,STRAIGHT AND LEVEL,DRY,NO DEFECTS,NOT ON SCENE (DESK REPORT),INJURY AND / OR TOW DUE TO CRASH,Y,,,"OVER $1,500",4/1/2022 11:35,FOLLOWING TOO CLOSELY,UNABLE TO DETERMINE,3301,S,WESTERN BLVD,912,,,,,,,2,NONINCAPACITATING INJURY,1,0,0,1,0,2,0,11,6,4,41.83384972,-87.68436318,POINT (-87.684363183676 41.833849723048)
c990009b6f5ecf74bcba7b1234a7a38ca4782d87be6bca895dc8f0bc02e5ef0569b3c70690ea616533653f3ce7b93b719e6c204f68412f5ccaf1871b556c55d7,JF169256,,3/2/2022 8:00,30,UNKNOWN,UNKNOWN,UNKNOWN,UNKNOWN,REAR END,NOT DIVIDED,,STRAIGHT AND LEVEL,UNKNOWN,UNKNOWN,NOT ON SCENE (DESK REPORT),NO INJURY / DRIVE AWAY,,,,$500 OR LESS,3/31/2022 12:35,DRIVING SKILLS/KNOWLEDGE/EXPERIENCE,UNABLE TO DETERMINE,2752,W,LAWRENCE AVE,2031,,,,,,,2,NO INDICATION OF INJURY,0,0,0,0,0,2,0,8,4,3,41.96864461,-87.69828569,POINT (-87.698285685372 41.968644613012)
6fe643d21dd952c46573acacf27536f0d56318b0e6e38569acddbb135ec19d1417a033734d2d062a73e76911f43548beeb3641ff20712f97342c25323c642a0a,,,3/31/2022 8:10,25,STOP SIGN/FLASHER,FUNCTIONING PROPERLY,RAIN,DAYLIGHT,ANGLE,FOUR WAY,,STRAIGHT AND LEVEL,WET,NO DEFECTS,ON SCENE,NO INJURY / DRIVE AWAY,Y,,,"OVER $1,500",3/31/2022 8:15,IMPROPER BACKING,WEATHER,4600,S,MOZART ST,922,,,,,,,3,NO INDICATION OF INJURY,0,0,0,0,0,5,0,8,5,3,41.80998457,-87.69562693,POINT (-87.695626931434 41.809984566147)
71f243734e4f5899dca8a3421323fd246f4a5a27ab3f2a5fde07520b4a5b11d8208eecdcfc65157cc8c1234071ba483ea07c2cd355c9ade0c979ddb173fab39e,,,4/1/2022 15:20,30,TRAFFIC SIGNAL,NOT FUNCTIONING,CLEAR,DAYLIGHT,SIDESWIPE SAME DIRECTION,DIVIDED - W/MEDIAN BARRIER,,STRAIGHT AND LEVEL,DRY,NO DEFECTS,NOT ON SCENE (DESK REPORT),NO INJURY / DRIVE AWAY,Y,,,"OVER $1,500",4/1/2022 15:45,FAILING TO YIELD RIGHT-OF-WAY,FAILING TO REDUCE SPEED TO AVOID CRASH,758,W,POLK ST,1232,,,,,,,2,NO INDICATION OF INJURY,0,0,0,0,0,2,0,15,6,4,41.87205408,-87.64600031,POINT (-87.646000309628 41.872054081073)
bb38e013489e55842cc38d0d71b32c966bf9baf2bc507269757f1ea5a73b48898266920b5ec7de7e3a4a67c209f39548c94b096e0dd33683b91f9109a79d15e0,,,4/1/2022 13:54,30,TRAFFIC SIGNAL,FUNCTIONING PROPERLY,CLEAR,DAYLIGHT,TURNING,CENTER TURN LANE,,STRAIGHT AND LEVEL,DRY,NO DEFECTS,ON SCENE,INJURY AND / OR TOW DUE TO CRASH,Y,,,"OVER $1,500",4/1/2022 15:05,UNABLE TO DETERMINE,UNABLE TO DETERMINE,7201,W,BRYN MAWR AVE,1612,,,,,,,2,NONINCAPACITATING INJURY,1,0,0,1,0,1,0,13,6,4,41.98265715,-87.80706383,POINT (-87.807063827038 41.982657151046)
eefee11c64db3a886a235b616f5a3f61afd6392bd5add90a7b055daaf8eddde472526aae774ace08fb586fffa44bd6dc45efe23a2321700b5dbe4f6bbdd3b73b,,,4/1/2022 10:25,30,NO CONTROLS,NO CONTROLS,CLEAR,DAYLIGHT,PARKED MOTOR VEHICLE,NOT DIVIDED,,STRAIGHT AND LEVEL,DRY,NO DEFECTS,NOT ON SCENE (DESK REPORT),NO INJURY / DRIVE AWAY,,,Y,"OVER $1,500",4/1/2022 11:10,IMPROPER BACKING,NOT APPLICABLE,2821,W,51ST ST,923,,,,,,,2,NO INDICATION OF INJURY,0,0,0,0,0,1,0,10,6,4,41.80086196,-87.69497174,POINT (-87.694971737423 41.800861960973)
a6e68ed699520154a91a678bd367db0c8dd45d09a1e2691f289096cb6d3e0556aa53e509a88042469f817158dce8f1e486adb7e15229d2887dc3fde7d26c2af4,,,4/1/2022 15:00,30,NO CONTROLS,NO CONTROLS,CLEAR,DAYLIGHT,SIDESWIPE SAME DIRECTION,DIVIDED - W/MEDIAN (NOT RAISED),,STRAIGHT AND LEVEL,DRY,NO DEFECTS,NOT ON SCENE (DESK REPORT),NO INJURY / DRIVE AWAY,,,,"OVER $1,500",4/1/2022 15:25,UNABLE TO DETERMINE,UNABLE TO DETERMINE,4910,W,GRAND AVE,2533,,,,,,,2,NO INDICATION OF INJURY,0,0,0,0,0,2,0,15,6,4,41.91547076,-87.74961765,POINT (-87.749617648029 41.915470756441)
3e95cea7f5fec9cc1a8fff851016ef604649b87a3682a7e7713328fab5735320f39f123748159d8d6fe332ebb9124c691b4ea5b9d9191c44d0c4fcc1676e705c,,,4/1/2022 8:08,30,TRAFFIC SIGNAL,FUNCTIONING PROPERLY,CLEAR,DAYLIGHT,REAR END,NOT DIVIDED,,STRAIGHT ON GRADE,DRY,NO DEFECTS,NOT ON SCENE (DESK REPORT),NO INJURY / DRIVE AWAY,N,,Y,"$501 - $1,500",4/1/2022 9:15,FOLLOWING TOO CLOSELY,NOT APPLICABLE,1758,E,57TH DR,331,,,,,,,2,NO INDICATION OF INJURY,0,0,0,0,0,2,0,8,6,4,41.79255203,-87.58082105,POINT (-87.580821045279 41.792552027398)
8e6ed888c9a486972ffd265ec134ea48a67b1b0f68b37aa48025f316feb5ce7079289da8b4b1f0b78ba87e3d971f1ddb41e3c900b7b55f4a1fdbe6506e495072,,,4/1/2022 15:05,30,NO CONTROLS,NO CONTROLS,CLEAR,DAYLIGHT,PEDESTRIAN,NOT DIVIDED,,STRAIGHT AND LEVEL,DRY,NO DEFECTS,ON SCENE,INJURY AND / OR TOW DUE TO CRASH,,,Y,"OVER $1,500",4/1/2022 15:15,FAILING TO YIELD RIGHT-OF-WAY,FAILING TO YIELD RIGHT-OF-WAY,901,E,133RD PL,533,,,,,,,3,NONINCAPACITATING INJURY,1,0,0,1,0,2,0,15,6,4,41.65367428,-87.59952683,POINT (-87.599526832803 41.653674275065)
4ad34c06a09bf7a6fa7ef7a7963ac81f7985e98fde722623c149573d85f92902490fd66b20d67fe4e17f677d92cb600ca664e2a6eaf0a759193a651724e3fa76,,Y,4/1/2022 7:00,25,NO CONTROLS,NO CONTROLS,UNKNOWN,UNKNOWN,PARKED MOTOR VEHICLE,NOT DIVIDED,,STRAIGHT AND LEVEL,UNKNOWN,NO DEFECTS,ON SCENE,NO INJURY / DRIVE AWAY,,,Y,"OVER $1,500",4/1/2022 9:04,UNABLE TO DETERMINE,NOT APPLICABLE,5957,W,RAILROAD AVE,1513,,,,,,,2,NO INDICATION OF INJURY,0,0,0,0,0,1,0,7,6,4,41.87029286,-87.77406939,POINT (-87.774069384546 41.870292859276)
9afe1d2e11267d8f513e80ea2864486bf19b4617a328447503faa7917ea2408958ba1fee49a2c1da0501c818c61c2ab03556459c36531ad076985f7d29adf7b9,,,4/1/2022 20:29,30,NO CONTROLS,NO CONTROLS,CLEAR,"DARKNESS, LIGHTED ROAD",SIDESWIPE OPPOSITE DIRECTION,NOT DIVIDED,,STRAIGHT AND LEVEL,DRY,NO DEFECTS,ON SCENE,NO INJURY / DRIVE AWAY,,,Y,"OVER $1,500",4/1/2022 21:17,UNABLE TO DETERMINE,NOT APPLICABLE,1258,N,KOSTNER AVE,2533,,,,,,,3,NO INDICATION OF INJURY,0,0,0,0,0,3,0,20,6,4,41.90422418,-87.73633563,POINT (-87.736335624856 41.904224180477)
905e6f434485e00fb2f120c8c4bb6a29fa5a2bf57522dd7d57b1cad59b9fdff90daa07ef5e351b3bafce6b371fc1e8e06542bc44be20389d7febbbdac42e5c09,,,4/1/2022 13:12,30,TRAFFIC SIGNAL,FUNCTIONING PROPERLY,CLEAR,DAYLIGHT,SIDESWIPE SAME DIRECTION,DIVIDED - W/MEDIAN (NOT RAISED),,STRAIGHT ON HILLCREST,DRY,WORN SURFACE,ON SCENE,NO INJURY / DRIVE AWAY,,,,"OVER $1,500",4/1/2022 13:14,IMPROPER LANE USAGE,IMPROPER OVERTAKING/PASSING,230,W,47TH ST,925,,,,,,,2,NO INDICATION OF INJURY,0,0,0,0,0,2,0,13,6,4,41.80922452,-87.63222705,POINT (-87.632227047989 41.809224515394)
af3a56d847e54b5908c4d8628b181d8ebd991c1c8103789e28ff6ccefaa78bb7ba375a5d08b45272f34a139e0f75f558528c33ab0e528b390499ec7573ccfcc2,,,4/1/2022 7:10,30,NO CONTROLS,NO CONTROLS,CLEAR,DAYLIGHT,TURNING,NOT DIVIDED,,STRAIGHT AND LEVEL,DRY,NO DEFECTS,NOT ON SCENE (DESK REPORT),NO INJURY / DRIVE AWAY,Y,,,"OVER $1,500",4/1/2022 8:11,FAILING TO YIELD RIGHT-OF-WAY,FAILING TO YIELD RIGHT-OF-WAY,7900,S,KEDZIE AVE,834,,,,,,,2,NO INDICATION OF INJURY,0,0,0,0,0,2,0,7,6,4,41.74972397,-87.70253957,POINT (-87.702539571674 41.749723971726)
56d24865e9eab6da3f38de5c7f62d4e3f9fd16caf1f182ec62109c6540c1bc7ef0df2300e0e9ab9bba010cf720048d3d6c057ae234d134eecb2cd65798feaef0,,,4/1/2022 14:59,30,NO CONTROLS,NO CONTROLS,CLEAR,DAYLIGHT,SIDESWIPE SAME DIRECTION,NOT DIVIDED,,STRAIGHT AND LEVEL,DRY,NO DEFECTS,ON SCENE,INJURY AND / OR TOW DUE TO CRASH,,,,"OVER $1,500",4/1/2022 15:02,UNABLE TO DETERMINE,NOT APPLICABLE,7040,S,RACINE AVE,734,,,,,,,2,NO INDICATION OF INJURY,0,0,0,0,0,2,0,14,6,4,41.76565264,-87.65427795,POINT (-87.654277952259 41.765652638855)
87594bd752a831fc827c806b78d6d42a31a1ebbcdcfd00ff9d01d20917ec852dd2151b4dbe8f29f600363e0b296185448f5303149990152e141dbf9081434529,,,4/1/2022 16:30,30,NO CONTROLS,NO CONTROLS,CLEAR,DAYLIGHT,SIDESWIPE OPPOSITE DIRECTION,NOT DIVIDED,,STRAIGHT AND LEVEL,DRY,NO DEFECTS,NOT ON SCENE (DESK REPORT),NO INJURY / DRIVE AWAY,,,Y,"$501 - $1,500",4/1/2022 17:13,UNABLE TO DETERMINE,UNABLE TO DETERMINE,699,N,SANGAMON ST,1214,,,,,,,2,NO INDICATION OF INJURY,0,0,0,0,0,4,0,16,6,4,41.89497689,-87.65099114,POINT (-87.650991135657 41.894976885463)
7b544a26dfd7f2839fc2ecd28dbcf4b205967d4c318d1f16cc0f52f41f8c17ac87fff89538f403db6ccb6fed9e59f4f05498a8240baf6b5d50680070bf6f00c8,,,4/1/2022 15:18,15,NO CONTROLS,NO CONTROLS,CLEAR,DAYLIGHT,FIXED OBJECT,ALLEY,,STRAIGHT AND LEVEL,DRY,NO DEFECTS,ON SCENE,INJURY AND / OR TOW DUE TO CRASH,,,,"$501 - $1,500",4/1/2022 15:58,PHYSICAL CONDITION OF DRIVER,IMPROPER BACKING,1724,N,MONITOR AVE,2531,,,,,,,1,NONINCAPACITATING INJURY,1,0,0,1,0,0,0,15,6,4,41.91185768,-87.77169579,POINT (-87.771695785764 41.911857675208)
31e1c76051aa4e6c96692bc3a1c4c6d91d7e1321d17ac8dfd57870dc87daabe24fc23eb9374850a4069da3f279dfd2d2ff85118c3a0f5f9c0075d46fd7273f96,,,4/1/2022 9:50,30,NO CONTROLS,NO CONTROLS,CLEAR,DAYLIGHT,PARKED MOTOR VEHICLE,ONE-WAY,,STRAIGHT AND LEVEL,DRY,NO DEFECTS,ON SCENE,NO INJURY / DRIVE AWAY,,,,"$501 - $1,500",4/1/2022 9:50,NOT APPLICABLE,UNABLE TO DETERMINE,1130,E,59TH ST,235,,,,,,,2,NO INDICATION OF INJURY,0,0,0,0,0,2,0,9,6,4,41.78789047,-87.59831807,POINT (-87.598318065476 41.787890469647)
f9ca7d5b53df0fd002213d655d705e15b4e483380f8bdd5f50711c9d26957b7c6ef89befe435df4e2965deca59c3e3b80b5a7710d454e264fdfefaae7aaeab69,,,3/31/2022 18:09,30,NO CONTROLS,NO CONTROLS,SNOW,DAYLIGHT,PARKED MOTOR VEHICLE,ONE-WAY,,STRAIGHT AND LEVEL,SNOW OR SLUSH,NO DEFECTS,ON SCENE,INJURY AND / OR TOW DUE TO CRASH,,,Y,"OVER $1,500",3/31/2022 18:13,UNABLE TO DETERMINE,UNABLE TO DETERMINE,939,W,52ND ST,934,Y,,,,,,3,INCAPACITATING INJURY,1,0,1,0,0,1,0,18,5,3,41.79961245,-87.64924994,POINT (-87.649249937442 41.799612445137)
36e2cbf03a25feeddc3b98b2c73f18353fff1ba47f87b0df69efb7ffebc6409c22d3a23af6afbb2d2e4ed6c640db140b46d88cebd0f4ce8d2a6aacb5ad7577c3,JF170665,,3/11/2022 16:29,30,NO CONTROLS,NO CONTROLS,CLEAR,DAYLIGHT,PEDALCYCLIST,ALLEY,,STRAIGHT AND LEVEL,DRY,NO DEFECTS,NOT ON SCENE (DESK REPORT),INJURY AND / OR TOW DUE TO CRASH,,,,$500 OR LESS,3/11/2022 16:29,"VISION OBSCURED (SIGNS, TREE LIMBS, BUILDINGS, ETC.)",NOT APPLICABLE,2419,W,DIVISION ST,1212,,,,,,,2,NONINCAPACITATING INJURY,1,0,0,1,0,1,0,16,6,3,41.90289853,-87.6877766,POINT (-87.687776595623 41.902898525207)
ba5ade3d018a8f99d30882d4ea41640f6cd0e27dc59c48d4215db9b558e30456d2e2054b4496b565e1758f9182597c451687990bd99ff3cd4623935581774702,,,4/1/2022 16:00,30,NO CONTROLS,NO CONTROLS,CLEAR,DAYLIGHT,PARKED MOTOR VEHICLE,OTHER,,STRAIGHT AND LEVEL,DRY,NO DEFECTS,ON SCENE,NO INJURY / DRIVE AWAY,,,Y,"OVER $1,500",4/1/2022 16:03,IMPROPER BACKING,DRIVING SKILLS/KNOWLEDGE/EXPERIENCE,7027,S,CALUMET AVE,322,,,,,,,2,NO INDICATION OF INJURY,0,0,0,0,0,1,0,16,6,4,41.766622,-87.61674728,POINT (-87.616747280969 41.766621996115)
36e9d78b3f722976fd7e8e7080c9814e93dd31ccb03476d4f9b16680ac74522ca507410795bea5200b6032493e08715783d0e7ffe6d2ad75f581a32d6a509ce1,JF170710,,3/11/2022 16:10,35,TRAFFIC SIGNAL,FUNCTIONING PROPERLY,CLEAR,DAYLIGHT,TURNING,DIVIDED - W/MEDIAN BARRIER,,STRAIGHT ON GRADE,DRY,UNKNOWN,NOT ON SCENE (DESK REPORT),NO INJURY / DRIVE AWAY,,,Y,"$501 - $1,500",3/11/2022 16:47,DISREGARDING TRAFFIC SIGNALS,IMPROPER TURNING/NO SIGNAL,2400,E,130TH ST,434,,,,,,,2,NO INDICATION OF INJURY,0,0,0,0,0,3,0,16,6,3,41.65928604,-87.56551786,POINT (-87.565517863218 41.659286039143)
255bfcf6b249730a2caf87d9a10b9bc957ecd68e3342413d29441a99ee1e5707aff3f5684051a20c0fb8f5c622392a247e6e4ec0c3daf46299752d102ca5209f,,,3/31/2022 16:30,30,NO CONTROLS,NO CONTROLS,CLEAR,DAYLIGHT,PARKED MOTOR VEHICLE,PARKING LOT,,STRAIGHT AND LEVEL,DRY,NO DEFECTS,NOT ON SCENE (DESK REPORT),NO INJURY / DRIVE AWAY,,,Y,"$501 - $1,500",3/31/2022 16:30,UNABLE TO DETERMINE,NOT APPLICABLE,2444,N,ELSTON AVE,1432,,,,,,,2,NO INDICATION OF INJURY,0,0,0,0,0,1,0,16,5,3,41.92584529,-87.67883572,POINT (-87.678835724327 41.925845287842)
712d140948073cbcbfb4eb0e07f3a75a7ca3d500e00f4eebe07e84ff6ae9e715b4992ccb5502bd7dc9c022724f47d2f1e7c343d073c19200c9b378264adfaa1d,,,4/1/2022 9:45,25,NO CONTROLS,NO CONTROLS,CLEAR,DAYLIGHT,REAR END,NOT DIVIDED,,STRAIGHT AND LEVEL,DRY,NO DEFECTS,NOT ON SCENE (DESK REPORT),NO INJURY / DRIVE AWAY,,,,"$501 - $1,500",4/1/2022 10:50,FOLLOWING TOO CLOSELY,UNABLE TO DETERMINE,749,S,OAKLEY BLVD,1225,,,,,,,2,NO INDICATION OF INJURY,0,0,0,0,0,2,0,9,6,4,41.87161238,-87.68357939,POINT (-87.683579386185 41.871612383202)
88b88d1fcfbda5e9059441064617ef04474b2c7d9b79babd373eb4ca5477f59ccfe9ddc90c013b4fbd9a33af96bd10fefe9d87fc3550d91d27e6ce14f4b870d0,,,4/1/2022 16:21,30,TRAFFIC SIGNAL,FUNCTIONING PROPERLY,CLEAR,DAYLIGHT,SIDESWIPE SAME DIRECTION,FOUR WAY,,STRAIGHT AND LEVEL,DRY,NO DEFECTS,ON SCENE,INJURY AND / OR TOW DUE TO CRASH,Y,,Y,"OVER $1,500",4/1/2022 16:30,UNABLE TO DETERMINE,UNABLE TO DETERMINE,4533,W,NORTH AVE,2533,,,,,,,4,NONINCAPACITATING INJURY,1,0,0,1,0,3,0,16,6,4,41.90958979,-87.74021558,POINT (-87.740215575351 41.909589792662)
6d599fa7a3491c7d14ab4228b0975c3122f0c32402846b39e5ad793d269d17fb59bd1f7aff6dea67b137a0b848b76711f40f368810d7773c0b8cf13477ee30ad,,,4/1/2022 19:10,10,NO CONTROLS,NO CONTROLS,CLEAR,DUSK,FIXED OBJECT,PARKING LOT,,STRAIGHT AND LEVEL,DRY,NO DEFECTS,ON SCENE,NO INJURY / DRIVE AWAY,,Y,,"OVER $1,500",4/1/2022 19:14,DRIVING SKILLS/KNOWLEDGE/EXPERIENCE,NOT APPLICABLE,50,E,GARFIELD BLVD,225,,,,,,,1,NO INDICATION OF INJURY,0,0,0,0,0,1,0,19,6,4,41.79477876,-87.62382804,POINT (-87.623828038036 41.794778764028)
0d973c4084a8070bd0bcda04d7c40b064731f3f01f312d17ef48f723b5526b8a8a11605cd7805e263bba357b3d532c3c5a4d9033ba7a2dc3a2af268b17df790a,,,4/1/2022 16:52,30,NO CONTROLS,NO CONTROLS,CLEAR,DAYLIGHT,REAR END,DIVIDED - W/MEDIAN (NOT RAISED),,STRAIGHT AND LEVEL,DRY,NO DEFECTS,NOT ON SCENE (DESK REPORT),NO INJURY / DRIVE AWAY,,,,"OVER $1,500",4/1/2022 18:40,UNABLE TO DETERMINE,UNABLE TO DETERMINE,6998,W,DIVERSEY AVE,2511,,,,,,,2,NO INDICATION OF INJURY,0,0,0,0,0,2,0,16,6,4,41.93092897,-87.80088796,POINT (-87.800887962041 41.930928968273)