CRASH_RECORD_ID,RD_NO,CRASH_DATE_EST_I,CRASH_DATE,POSTED_SPEED_LIMIT,TRAFFIC_CONTROL_DEVICE,DEVICE_CONDITION,WEATHER_CONDITION,LIGHTING_CONDITION,FIRST_CRASH_TYPE,TRAFFICWAY_TYPE,LANE_CNT,ALIGNMENT,ROADWAY_SURFACE_COND,ROAD_DEFECT,REPORT_TYPE,CRASH_TYPE,INTERSECTION_RELATED_I,NOT_RIGHT_OF_WAY_I,HIT_AND_RUN_I,DAMAGE,DATE_POLICE_NOTIFIED,PRIM_CONTRIBUTORY_CAUSE,SEC_CONTRIBUTORY_CAUSE,STREET_NO,STREET_DIRECTION,STREET_NAME,BEAT_OF_OCCURRENCE,PHOTOS_TAKEN_I,STATEMENTS_TAKEN_I,DOORING_I,WORK_ZONE_I,WORK_ZONE_TYPE,WORKERS_PRESENT_I,NUM_UNITS,MOST_SEVERE_INJURY,INJURIES_TOTAL,INJURIES_FATAL,INJURIES_INCAPACITATING,INJURIES_NON_INCAPACITATING,INJURIES_REPORTED_NOT_EVIDENT,INJURIES_NO_INDICATION,INJURIES_UNKNOWN,CRASH_HOUR,CRASH_DAY_OF_WEEK,CRASH_MONTH,LATITUDE,LONGITUDE,LOCATION
eb9f5d39db97ac6f550ce95a998f85b7b08185bf42cb0fbe623e19dacc37f41c72378bbcdf7f0db6c9bb5cb697c5ab904f1235d69dcfafd65003bdb2c5a232a7,JF193367,,11/22/2021 10:00,30,UNKNOWN,UNKNOWN,UNKNOWN,UNKNOWN,PARKED MOTOR VEHICLE,DIVIDED - W/MEDIAN (NOT RAISED),,STRAIGHT AND LEVEL,UNKNOWN,UNKNOWN,NOT ON SCENE (DESK REPORT),NO INJURY / DRIVE AWAY,,,Y,"OVER $1,500",4/1/2022 9:00,UNABLE TO DETERMINE,UNABLE TO DETERMINE,4025,N,SHERIDAN RD,1915,,,,,,,2,NO INDICATION OF INJURY,0,0,0,0,0,1,0,10,2,11,41.95531052,-87.65442054,POINT (-87.654420539066 41.955310518523)
163cdf38793ac9275c5c5d0ff936b4002837d18d499c8afe3a26b1f9f40f229efcc0a0a68d59d6b9df4039b498d48a7ec39f3d5ac7feedcb652faee3d493684f,,,4/1/2022 17:05,30,STOP SIGN/FLASHER,NO CONTROLS,CLEAR,DAYLIGHT,ANGLE,FOUR WAY,,STRAIGHT AND LEVEL,DRY,NO DEFECTS,ON SCENE,NO INJURY / DRIVE AWAY,Y,,Y,"$501 - $1,500",4/1/2022 17:07,FAILING TO YIELD RIGHT-OF-WAY,NOT APPLICABLE,1900,W,AUGUSTA BLVD,1212,,,,,,,2,NO INDICATION OF INJURY,0,0,0,0,0,4,0,17,6,4,41.89969957,-87.67477583,POINT (-87.674775833703 41.899699571262)
bd1bc90183f76de3e6dd76fa9c2fc6c81e75239be62d809f1981b966893dcae6a1bcff57d8749027dcd136815737e52e1fa2958b40085e5ae541d1bd40481f24,,,4/1/2022 15:40,30,TRAFFIC SIGNAL,FUNCTIONING PROPERLY,CLEAR,DAYLIGHT,TURNING,NOT DIVIDED,,STRAIGHT AND LEVEL,DRY,NO DEFECTS,NOT ON SCENE (DESK REPORT),NO INJURY / DRIVE AWAY,Y,,Y,"OVER $1,500",4/1/2022 16:30,UNABLE TO DETERMINE,NOT APPLICABLE,7600,S,ASHLAND AVE,611,,,,,,,2,NO INDICATION OF INJURY,0,0,0,0,0,2,0,15,6,4,41.75571944,-87.66371778,POINT (-87.663717784195 41.755719440847)
909528c1f8f11b03c65f3fc841622abd11d2e89f18bad83bda8a99b248d9c2018021ccf273259436d3dafe698cbf172faf5183c861daad8c8fa92ee7df415160,,,4/1/2022 12:40,30,NO CONTROLS,NO CONTROLS,CLEAR,DAYLIGHT,REAR END,NOT DIVIDED,,STRAIGHT AND LEVEL,DRY,NO DEFECTS,ON SCENE,INJURY AND / OR TOW DUE TO CRASH,,,,"OVER $1,500",4/1/2022 12:55,FOLLOWING TOO CLOSELY,FAILING TO YIELD RIGHT-OF-WAY,7312,W,BELMONT AVE,1631,,,,,,,2,NO INDICATION OF INJURY,0,0,0,0,0,2,0,12,6,4,41.93810114,-87.80974221,POINT (-87.809742214338 41.938101138025)
7d61a510ed1a74ec347459abe1e5f8007861d09f953e7b367859a2395bc271e887f3707c75f00f58eb2d6bd22705b8a2136624f0b558b972200cb09cdc197f6b,,,4/1/2022 17:00,20,NO CONTROLS,NO CONTROLS,CLEAR,DAYLIGHT,PARKED MOTOR VEHICLE,PARKING LOT,,STRAIGHT AND LEVEL,UNKNOWN,UNKNOWN,NOT ON SCENE (DESK REPORT),NO INJURY / DRIVE AWAY,,,,"OVER $1,500",4/1/2022 18:10,UNABLE TO DETERMINE,UNABLE TO DETERMINE,1200,E,47TH ST,222,,,,,,,2,NO INDICATION OF INJURY,0,0,0,0,0,2,0,17,6,4,41.80975215,-87.59674728,POINT (-87.596747276481 41.809752144966)
d240a7bb432381f8e71bc2a5d6b5e6856276d1ffc377d0e50109e96372e9fd8e25b71c7a6525712c7e610083d6101c94f527647ee05de30541b5bd4667627f58,,,4/1/2022 14:30,15,NO CONTROLS,NO CONTROLS,CLEAR,DAYLIGHT,FIXED OBJECT,ALLEY,,STRAIGHT AND LEVEL,DRY,NO DEFECTS,NOT ON SCENE (DESK REPORT),NO INJURY / DRIVE AWAY,,Y,,"OVER $1,500",4/1/2022 17:40,UNABLE TO DETERMINE,UNABLE TO DETERMINE,1607,W,80TH ST,611,,,,,,,1,NO INDICATION OF INJURY,0,0,0,0,0,1,0,14,6,4,41.74841827,-87.66370183,POINT (-87.663701824659 41.748418266031)
da0a4992d2ec0130ea7621f1cdf8a44accf7cbcb9008eca55884e9a29e7e5fbae3f7c41b741902c87a3b64973670d07b176203559aa0358a8dbfea15d467eba7,JF193986,,3/3/2022 15:15,30,TRAFFIC SIGNAL,FUNCTIONING PROPERLY,CLEAR,DAYLIGHT,FIXED OBJECT,NOT DIVIDED,,STRAIGHT AND LEVEL,UNKNOWN,"RUT, HOLES",NOT ON SCENE (DESK REPORT),NO INJURY / DRIVE AWAY,,,,"OVER $1,500",4/1/2022 17:50,UNABLE TO DETERMINE,NOT APPLICABLE,2500,W,GRAND AVE,1221,,,,,,,1,NO INDICATION OF INJURY,0,0,0,0,0,1,0,15,5,3,41.89147846,-87.68919397,POINT (-87.689193966396 41.891478464281)
4da346adde54b9a0e4029b635befeb08cf3e43f89bf7aec2ce620f6f66d04d7734f6e50c26693b0307bdc8a1a1326cf02a21000a48585f51db416d2f643c3e5f,,,3/29/2022 9:35,30,NO CONTROLS,NO CONTROLS,CLEAR,DAYLIGHT,PARKED MOTOR VEHICLE,DIVIDED - W/MEDIAN (NOT RAISED),,STRAIGHT AND LEVEL,DRY,NO DEFECTS,ON SCENE,INJURY AND / OR TOW DUE TO CRASH,,,,"OVER $1,500",3/29/2022 9:36,IMPROPER LANE USAGE,FAILING TO REDUCE SPEED TO AVOID CRASH,3806,S,WESTERN AVE,911,,,,,,,3,NO INDICATION OF INJURY,0,0,0,0,0,1,0,9,3,3,41.82454405,-87.68500731,POINT (-87.685007305881 41.8245440457)
7c6bfd892a379193b001cc72e78488d397fde499c9f8b3a84d7bd075f815f3d5984c5a7b7c474ed28d1669ba955d311f7dd5645d7abcdbe72258a8d648671633,,,4/1/2022 16:10,30,NO CONTROLS,NO CONTROLS,CLEAR,DAYLIGHT,ANGLE,ALLEY,,STRAIGHT AND LEVEL,DRY,NO DEFECTS,NOT ON SCENE (DESK REPORT),NO INJURY / DRIVE AWAY,,,,$500 OR LESS,4/1/2022 18:46,NOT APPLICABLE,NOT APPLICABLE,7900,S,SPRINGFIELD AVE,834,,,,,,,2,NO INDICATION OF INJURY,0,0,0,0,0,2,0,16,6,4,41.74943042,-87.71961096,POINT (-87.719610960168 41.74943042306)
4a5cc087e626e4ce28b6531a0da6a8d484276c19fa822f6a4be42f3d7eea815c89cd7168908c1723c10ec36a519d1018f1381966a602b2191a9f56d008f40e39,,,3/31/2022 15:45,30,NO CONTROLS,NO CONTROLS,CLEAR,DAYLIGHT,PARKED MOTOR VEHICLE,NOT DIVIDED,,STRAIGHT AND LEVEL,UNKNOWN,NO DEFECTS,NOT ON SCENE (DESK REPORT),NO INJURY / DRIVE AWAY,,,,"$501 - $1,500",4/1/2022 16:45,UNABLE TO DETERMINE,UNABLE TO DETERMINE,851,W,WAVELAND AVE,1923,,,,,,,2,NO INDICATION OF INJURY,0,0,0,0,0,1,0,15,5,3,41.94897646,-87.65153745,POINT (-87.651537450773 41.948976458366)
993a406fd6b9538d0ca8b3320df73952c880b0d7347d141433bf8569eaacc2a6986d7316726c50a86791999d58cf05de445b0be75064aa2bd211f83cda2d3369,,,4/1/2022 15:30,10,NO CONTROLS,NO CONTROLS,CLEAR,DAYLIGHT,PARKED MOTOR VEHICLE,PARKING LOT,,STRAIGHT AND LEVEL,DRY,UNKNOWN,NOT ON SCENE (DESK REPORT),NO INJURY / DRIVE AWAY,,,Y,"OVER $1,500",4/1/2022 16:00,UNABLE TO DETERMINE,NOT APPLICABLE,5562,N,LINCOLN AVE,2011,,,,,,,2,NO INDICATION OF INJURY,0,0,0,0,0,2,0,15,6,4,41.98260897,-87.69447541,POINT (-87.694475412623 41.982608968774)
60f8b5a4fd783a53170cc0b05ee4721990eda8ae5e9f140505165dfc11d9f5f8993763ec55b088a990abc206504798177511ab4f10c6cad608742c7ff1cdb3e6,,,4/1/2022 4:27,15,NO CONTROLS,NO CONTROLS,CLEAR,"DARKNESS, LIGHTED ROAD",PARKED MOTOR VEHICLE,NOT DIVIDED,,STRAIGHT AND LEVEL,DRY,NO DEFECTS,ON SCENE,INJURY AND / OR TOW DUE TO CRASH,,,Y,"OVER $1,500",4/1/2022 4:27,FAILING TO REDUCE SPEED TO AVOID CRASH,UNABLE TO DETERMINE,1546,W,JONQUIL TER,2422,,,,,,,3,NO INDICATION OF INJURY,0,0,0,0,0,1,0,4,6,4,42.02125907,-87.67017721,POINT (-87.670177208535 42.021259069359)
ae29c25cb49b263fd24dbdafc61b20c2531568581247f1ba3d4c9b715b7ba5e4a3ce960c804460814490d0a1f591cfa1a5b70d33fc29aeacf6e8dd24f5d790a4,,,3/31/2022 21:30,30,UNKNOWN,UNKNOWN,UNKNOWN,DARKNESS,OTHER OBJECT,DIVIDED - W/MEDIAN (NOT RAISED),,STRAIGHT AND LEVEL,UNKNOWN,UNKNOWN,NOT ON SCENE (DESK REPORT),NO INJURY / DRIVE AWAY,,,,"OVER $1,500",4/1/2022 7:30,ROAD ENGINEERING/SURFACE/MARKING DEFECTS,ROAD ENGINEERING/SURFACE/MARKING DEFECTS,2201,W,ADDISON ST,1921,,,,,,,1,NO INDICATION OF INJURY,0,0,0,0,0,1,0,21,5,3,41.94668963,-87.68346364,POINT (-87.683463635641 41.946689632766)
7410b5ef014ce0ee681f6063ddee1c51f14d9ebb92c16adb358d7dc9e95c5308c4abcc43b79286d6b4d407f3d102c7c0228a69f5440e5ac08fbedad8f7526f99,,,4/1/2022 5:00,30,TRAFFIC SIGNAL,UNKNOWN,UNKNOWN,UNKNOWN,REAR TO FRONT,NOT DIVIDED,,STRAIGHT AND LEVEL,UNKNOWN,UNKNOWN,NOT ON SCENE (DESK REPORT),NO INJURY / DRIVE AWAY,,,,"OVER $1,500",4/1/2022 16:35,IMPROPER BACKING,UNABLE TO DETERMINE,2605,S,WESTERN AVE,1034,,,,,,,2,NO INDICATION OF INJURY,0,0,0,0,0,2,0,5,6,4,41.84457235,-87.68528775,POINT (-87.68528774871 41.844572346535)
a3713aa7c0aaca4c9e6293c0f7bb7e498ae47dc60fae1fbd7d5288d203f3d87007ab8e98a1305c8c84079dbd6bca06e582dda0299b7b9aa3e3043e3f78e0b1ab,,,3/31/2022 17:20,15,NO CONTROLS,NO CONTROLS,RAIN,DAYLIGHT,PARKED MOTOR VEHICLE,PARKING LOT,,STRAIGHT AND LEVEL,WET,NO DEFECTS,NOT ON SCENE (DESK REPORT),NO INJURY / DRIVE AWAY,,,Y,"OVER $1,500",3/31/2022 19:00,UNABLE TO DETERMINE,UNABLE TO DETERMINE,6107,S,ARCHER AVE,811,,,,,,,2,NO INDICATION OF INJURY,0,0,0,0,0,1,0,17,5,3,41.79435485,-87.77052715,POINT (-87.770527152113 41.794354853197)
fc57a7ce72b8848116a015cf21dbb06b63af08f7c05d51bf1cde317b6f3bc76c04aafbec47050b8287784cb7730464bd57526621b573fb42fa1985f305d7bc34,,,4/1/2022 8:15,30,TRAFFIC SIGNAL,FUNCTIONING PROPERLY,CLEAR,DAYLIGHT,PEDESTRIAN,NOT DIVIDED,,STRAIGHT AND LEVEL,DRY,NO DEFECTS,ON SCENE,INJURY AND / OR TOW DUE TO CRASH,Y,,,"OVER $1,500",4/1/2022 8:20,FAILING TO YIELD RIGHT-OF-WAY,NOT APPLICABLE,800,N,ORLEANS ST,1823,,,,,,,2,"REPORTED, NOT EVIDENT",1,0,0,0,1,1,0,8,6,4,41.89659113,-87.63731927,POINT (-87.637319266853 41.896591130052)
e1269c532d15daa259305d049eed3ea9a7f937852dcea9a40563ee36a5dd1d5991a13b99b6775cc56e58873104dc1ee4b340034efdd69629b723b468f0c82917,,,4/1/2022 8:05,30,NO CONTROLS,NO CONTROLS,CLEAR,DAYLIGHT,REAR END,T-INTERSECTION,,STRAIGHT AND LEVEL,DRY,NO DEFECTS,ON SCENE,INJURY AND / OR TOW DUE TO CRASH,Y,,,"OVER $1,500",4/1/2022 8:33,FAILING TO REDUCE SPEED TO AVOID CRASH,DRIVING SKILLS/KNOWLEDGE/EXPERIENCE,5000,W,63RD ST,813,,,,,,,2,NO INDICATION OF INJURY,0,0,0,0,0,2,0,8,6,4,41.77844408,-87.74721377,POINT (-87.74721376703 41.778444080336)
5ac113537829f0e88bac6f983a01270c4daaf3cae523c890bba0ee4a8f337d9550ee7c142b6210b81c3f20b0c3be8d64a5bcaec5eecf816fc6c1a3cb92262068,,,4/1/2022 16:43,30,NO CONTROLS,NO CONTROLS,CLEAR,DAYLIGHT,FIXED OBJECT,NOT DIVIDED,,STRAIGHT AND LEVEL,DRY,NO DEFECTS,ON SCENE,INJURY AND / OR TOW DUE TO CRASH,,,,"OVER $1,500",4/1/2022 16:45,PHYSICAL CONDITION OF DRIVER,IMPROPER LANE USAGE,430,E,PERSHING RD,212,,,,,,,1,INCAPACITATING INJURY,1,0,1,0,0,0,0,16,6,4,41.82396435,-87.61554011,POINT (-87.615540110181 41.823964353552)
8bb4d5f2e81a1ba20482feff4fa70fdbbef71eff091c84ad78abc9f6f7cf9b315a8279e7e4648fa162f3e65dcc4e07f76216382e3ab3ff276087d719417dd66c,,,4/1/2022 6:50,30,NO CONTROLS,NO CONTROLS,CLEAR,DAYLIGHT,SIDESWIPE SAME DIRECTION,DIVIDED - W/MEDIAN BARRIER,,STRAIGHT AND LEVEL,DRY,WORN SURFACE,ON SCENE,NO INJURY / DRIVE AWAY,,,Y,"$501 - $1,500",4/1/2022 7:00,DRIVING SKILLS/KNOWLEDGE/EXPERIENCE,UNABLE TO DETERMINE,5971,N,CLARK ST,2013,,,,,,,2,NO INDICATION OF INJURY,0,0,0,0,0,2,0,6,6,4,41.99052872,-87.66986767,POINT (-87.669867665688 41.990528724402)
28553e0f6f7c81c3f6ccef74373eaf0ac375441550e2526be01b48fb11834134dfcc2f1390c6c7fc01c3a8de26be4f339bf0b3010cd44f4dd61ea2491548f37c,,,4/1/2022 5:59,30,STOP SIGN/FLASHER,FUNCTIONING PROPERLY,CLEAR,"DARKNESS, LIGHTED ROAD",TURNING,NOT DIVIDED,,STRAIGHT AND LEVEL,DRY,UNKNOWN,ON SCENE,NO INJURY / DRIVE AWAY,,,,"OVER $1,500",4/1/2022 5:59,UNABLE TO DETERMINE,NOT APPLICABLE,3500,N,LARAMIE AVE,1634,,,,,,,2,NO INDICATION OF INJURY,0,0,0,0,0,2,0,5,6,4,41.94422048,-87.75701251,POINT (-87.757012512725 41.94422047792)
6c3e78f143388d7ea53553f167d30f3483084b03d97a743e6208ee46336dab8d059920ca959f2a9607c3d972dc5f25b64fa78b54d16761dbd49784d782980f92,,,4/1/2022 8:00,20,OTHER,FUNCTIONING PROPERLY,CLEAR,DAYLIGHT,TURNING,NOT DIVIDED,,STRAIGHT AND LEVEL,DRY,NO DEFECTS,ON SCENE,INJURY AND / OR TOW DUE TO CRASH,Y,,,"OVER $1,500",4/1/2022 8:26,IMPROPER OVERTAKING/PASSING,UNABLE TO DETERMINE,804,E,53RD ST,233,,,,,,,2,NO INDICATION OF INJURY,0,0,0,0,0,3,0,8,6,4,41.79872789,-87.60609793,POINT (-87.606097930277 41.798727888661)
6fa4eef9c4befd8c80543860446ea42045c63b356f36aeb0421504d41560b6371a5d13d43ae38dec4d92d8781629da4e0603b2ba9133953942bc4136e6c0594a,,,4/1/2022 14:00,30,TRAFFIC SIGNAL,FUNCTIONING PROPERLY,CLEAR,DAYLIGHT,REAR END,NOT DIVIDED,,STRAIGHT AND LEVEL,DRY,NO DEFECTS,NOT ON SCENE (DESK REPORT),NO INJURY / DRIVE AWAY,Y,,,"$501 - $1,500",4/1/2022 16:50,UNABLE TO DETERMINE,UNABLE TO DETERMINE,6355,N,MC CORMICK RD,1711,,,,,,,2,NO INDICATION OF INJURY,0,0,0,0,0,2,0,14,6,4,41.99705495,-87.71158989,POINT (-87.711589894132 41.997054946263)
b6aaea82c5b13a5348b4fafd3805c70bf33c69ca3be8f9e40b444102cd61253ab38445a9c0913e37b0c241877ce75fc55074673721c7375616bd3da9036b6b30,,,4/1/2022 15:38,30,TRAFFIC SIGNAL,FUNCTIONING PROPERLY,CLEAR,DAYLIGHT,TURNING,NOT DIVIDED,,STRAIGHT AND LEVEL,DRY,NO DEFECTS,NOT ON SCENE (DESK REPORT),NO INJURY / DRIVE AWAY,,,,"OVER $1,500",4/1/2022 16:10,NOT APPLICABLE,NOT APPLICABLE,1221,S,CANAL ST,124,,,,,,,2,NO INDICATION OF INJURY,0,0,0,0,0,2,0,15,6,4,41.86664961,-87.63908158,POINT (-87.639081579506 41.866649605944)
10357b5a53e57dc44edaffd656ef72ab870555045d480353888b553273a99285f573018f03607286728731c182665b7e0749aa6f1c0ac8167de6cd955a7ada7e,,,4/1/2022 8:50,30,NO CONTROLS,NO CONTROLS,CLEAR,DAYLIGHT,SIDESWIPE SAME DIRECTION,NOT DIVIDED,,STRAIGHT AND LEVEL,DRY,NO DEFECTS,NOT ON SCENE (DESK REPORT),NO INJURY / DRIVE AWAY,,,,$500 OR LESS,4/1/2022 17:50,UNABLE TO DETERMINE,NOT APPLICABLE,925,N,MICHIGAN AVE,1833,,,,,,,2,NO INDICATION OF INJURY,0,0,0,0,0,2,0,8,6,4,41.89997167,-87.62401194,POINT (-87.624011940584 41.899971668535)
c25e8e348769cdcc562540e413e95c7c04a9f3e3e94f87d41206ecf60b2e7b0afd047d2e9ca721808ee162ff9c3cbab9629eb105960e3872e86bbe8fcfdfbe02,,,3/27/2022 10:34,35,TRAFFIC SIGNAL,FUNCTIONING PROPERLY,CLEAR,DAYLIGHT,ANGLE,FOUR WAY,,STRAIGHT AND LEVEL,DRY,NO DEFECTS,ON SCENE,INJURY AND / OR TOW DUE TO CRASH,Y,,,"OVER $1,500",3/27/2022 10:42,DISREGARDING TRAFFIC SIGNALS,UNABLE TO DETERMINE,201,W,GARFIELD BLVD,225,,,,,,,2,NONINCAPACITATING INJURY,2,0,0,2,0,1,0,10,1,3,41.79409045,-87.63052733,POINT (-87.630527331008 41.794090445987)
ac85640cc474472e4ba03d3a380b14feedd034e29a434e97af54a809e6a769b1af6656ea7d2b5c29923d7a7834aba6087ee24995fcae88c6977a18943127bc44,,,4/1/2022 17:39,30,NO CONTROLS,NO CONTROLS,CLEAR,DAYLIGHT,REAR END,DIVIDED - W/MEDIAN BARRIER,,STRAIGHT AND LEVEL,DRY,NO DEFECTS,ON SCENE,INJURY AND / OR TOW DUE TO CRASH,,,,"OVER $1,500",4/1/2022 17:39,FOLLOWING TOO CLOSELY,CELL PHONE USE OTHER THAN TEXTING,3333,N,WESTERN AVE,1921,,,,,,,2,NO INDICATION OF INJURY,0,0,0,0,0,2,0,17,6,4,41.94227728,-87.68785053,POINT (-87.687850526485 41.942277275279)
14e1de09a5dc24fc43a75913a1de389f5852874a24185874ee0ac48def6bdfd39785d8180bdec52e337ad7d4b1a7b721fbfa2e426aa1bb755754aaae950971a1,,,4/1/2022 11:30,30,STOP SIGN/FLASHER,FUNCTIONING PROPERLY,CLEAR,DAYLIGHT,PARKED MOTOR VEHICLE,ONE-WAY,,STRAIGHT AND LEVEL,DRY,NO DEFECTS,NOT ON SCENE (DESK REPORT),NO INJURY / DRIVE AWAY,,,Y,"OVER $1,500",4/1/2022 15:40,UNABLE TO DETERMINE,UNABLE TO DETERMINE,198,W,66TH ST,722,,,,,,,2,NO INDICATION OF INJURY,0,0,0,0,0,1,0,11,6,4,41.7746451,-87.62993913,POINT (-87.629939130188 41.774645096484)
dffbfdbbcbb9b0baf0be4ee1fe7e013355b4c5bd15e5ab2d54f074e743f849e5b56aabf937460a8f8038c373ea394b368f9b44c5076b1da41d01ca1f7683b519,,,3/31/2022 22:00,35,UNKNOWN,UNKNOWN,UNKNOWN,UNKNOWN,OTHER NONCOLLISION,FOUR WAY,,STRAIGHT AND LEVEL,UNKNOWN,UNKNOWN,NOT ON SCENE (DESK REPORT),NO INJURY / DRIVE AWAY,N,,,"OVER $1,500",4/1/2022 10:35,NOT APPLICABLE,NOT APPLICABLE,2500,N,SOUTHPORT AVE,1932,,,,,,,1,NO INDICATION OF INJURY,0,0,0,0,0,1,0,22,5,3,41.92707497,-87.66353109,POINT (-87.663531088917 41.927074970386)
3843df23db1549da566510fa4f466c8094bb0ece54529caba96c12b1560bee6bceb7b49f39e62aedc7cc20014283d6c0e53b680fbd5afd4ea13f94c97971d61a,,,4/1/2022 19:30,30,NO CONTROLS,NO CONTROLS,CLEAR,DARKNESS,PARKED MOTOR VEHICLE,ONE-WAY,,STRAIGHT AND LEVEL,DRY,NO DEFECTS,ON SCENE,NO INJURY / DRIVE AWAY,,,Y,$500 OR LESS,4/1/2022 20:20,UNABLE TO DETERMINE,UNABLE TO DETERMINE,653,N,WALLER AVE,1511,,,,,,,2,NO INDICATION OF INJURY,0,0,0,0,0,1,0,19,6,4,41.89268351,-87.76772102,POINT (-87.76772102345 41.892683506915)
96a3040d0ed37ace22c3d762eb32791600544cc7b7e1d99339c62f1b5da02a2d90b420afc0d19581030a95aa13c18547eb9279baa003212e13eb04ae82e10e7f,,,4/1/2022 14:54,25,NO CONTROLS,NO CONTROLS,CLEAR,DAYLIGHT,ANGLE,FOUR WAY,,STRAIGHT AND LEVEL,DRY,NO DEFECTS,ON SCENE,NO INJURY / DRIVE AWAY,Y,,,"OVER $1,500",4/1/2022 14:57,UNABLE TO DETERMINE,NOT APPLICABLE,6559,N,MINNETONKA AVE,1621,,,,,,,2,NO INDICATION OF INJURY,0,0,0,0,0,2,0,14,6,4,41.99962466,-87.76726736,POINT (-87.767267359981 41.99962466324)
7ed254b17aed94863c238f08a67e67c38cebe5bcfe6eb7446c2cd13544770ee98dfd2c4d617acde9f7b7086d15e79428bfae1274b3da2e479b91ce0ed1ee1add,,,4/1/2022 9:05,30,TRAFFIC SIGNAL,FUNCTIONING PROPERLY,CLEAR,DAYLIGHT,REAR END,NOT DIVIDED,,STRAIGHT AND LEVEL,DRY,UNKNOWN,ON SCENE,INJURY AND / OR TOW DUE TO CRASH,Y,,,"OVER $1,500",4/1/2022 9:10,FOLLOWING TOO CLOSELY,UNABLE TO DETERMINE,5271,N,FOREST GLEN AVE,1621,,,,,,,3,"REPORTED, NOT EVIDENT",2,0,0,0,2,1,0,9,6,4,41.97711259,-87.75458146,POINT (-87.754581459504 41.977112589822)
f4e8fb19c1135e805817547fa7d4fdfd1840b74a83367408dcfa036a6cdd9db5a0869e702be57659fe5ca2c8a4d61af326702d3157402fe9471b2566cf01a986,,,4/1/2022 18:30,35,TRAFFIC SIGNAL,FUNCTIONING PROPERLY,CLEAR,DAYLIGHT,SIDESWIPE SAME DIRECTION,NOT DIVIDED,,STRAIGHT AND LEVEL,DRY,UNKNOWN,ON SCENE,NO INJURY / DRIVE AWAY,,,,"OVER $1,500",4/1/2022 18:35,IMPROPER OVERTAKING/PASSING,NOT APPLICABLE,405,W,CHICAGO AVE,1831,,,,,,,2,NO INDICATION OF INJURY,0,0,0,0,0,2,0,18,6,4,41.89641953,-87.63883523,POINT (-87.638835233541 41.896419527193)
7b27a2cbf720d96e04b014b2de0a449333c4b800876408edbc05cd634c974fdd50fa8520dfd20065c31f49ca73365619aad54c948c965d8d752c57b4472fba63,,,3/31/2022 11:40,30,NO CONTROLS,NO CONTROLS,UNKNOWN,DAYLIGHT,OTHER OBJECT,UNKNOWN,,STRAIGHT AND LEVEL,UNKNOWN,"RUT, HOLES",NOT ON SCENE (DESK REPORT),NO INJURY / DRIVE AWAY,,,,$500 OR LESS,4/1/2022 16:15,ROAD ENGINEERING/SURFACE/MARKING DEFECTS,ROAD ENGINEERING/SURFACE/MARKING DEFECTS,8600,S,VINCENNES AVE,622,,,,,,,2,NO INDICATION OF INJURY,0,0,0,0,0,1,0,11,5,3,41.73852748,-87.64170134,POINT (-87.641701342658 41.738527481413)
38067d863e53ec1e160e77f3703c5aa2b8d99739dd9d21db3246134bae50a21354401d2058085cbb6aa09f0065adafc1c23a707a63bb4310cb9d927cd5eae9ec,,,4/1/2022 5:01,35,TRAFFIC SIGNAL,FUNCTIONING PROPERLY,CLEAR,"DARKNESS, LIGHTED ROAD",ANGLE,FOUR WAY,,STRAIGHT AND LEVEL,WET,NO DEFECTS,ON SCENE,INJURY AND / OR TOW DUE TO CRASH,Y,,,"OVER $1,500",4/1/2022 5:01,FAILING TO YIELD RIGHT-OF-WAY,NOT APPLICABLE,628,N,DEARBORN ST,1832,,,,,,,2,NO INDICATION OF INJURY,0,0,0,0,0,2,0,5,6,4,41.89320754,-87.62984221,POINT (-87.62984220776 41.893207535146)
c5486074cef2fa8d50c77feedcaee6c97971efeb104322507cdbef2e4f83e5b19f362bf1f495573c16b4b717ca2b8e1da60c7e1cb8a7f10707eefda5adcb9846,,,4/1/2022 16:00,30,TRAFFIC SIGNAL,FUNCTIONING PROPERLY,CLEAR,DAYLIGHT,TURNING,FOUR WAY,,STRAIGHT AND LEVEL,DRY,NO DEFECTS,NOT ON SCENE (DESK REPORT),NO INJURY / DRIVE AWAY,Y,,Y,"OVER $1,500",4/1/2022 16:59,UNABLE TO DETERMINE,UNABLE TO DETERMINE,7500,S,ASHLAND AVE,611,,,,,,,2,NO INDICATION OF INJURY,0,0,0,0,0,2,0,16,6,4,41.75773255,-87.66375456,POINT (-87.663754554797 41.757732551539)
47dc1c759b7f545f9c0ebca948bad041e31af2429d4995dcd21dc06abf032ebfc81e2f686063f173db4c79d163cde770e06d1217d1990cd25133d119bf8308ce,,,3/31/2022 19:45,30,TRAFFIC SIGNAL,FUNCTIONING PROPERLY,CLEAR,"DARKNESS, LIGHTED ROAD",REAR END,DIVIDED - W/MEDIAN (NOT RAISED),,STRAIGHT AND LEVEL,WET,UNKNOWN,NOT ON SCENE (DESK REPORT),NO INJURY / DRIVE AWAY,,,Y,"OVER $1,500",3/31/2022 20:35,UNABLE TO DETERMINE,UNABLE TO DETERMINE,2758,W,CERMAK RD,1023,,,,,,,2,NO INDICATION OF INJURY,0,0,0,0,0,2,0,19,5,3,41.85201233,-87.6953856,POINT (-87.695385599635 41.852012331773)
3b0f2d1370e31683a83b4178d620bbbaeadbd70dccef2db1fd57e9df5cc972237f8cdcd69788b661a16d55354109e978e689166c8ea9663ae135dec8400d407a,JF170264,,3/11/2022 10:49,0,NO CONTROLS,NO CONTROLS,CLEAR,DAYLIGHT,PARKED MOTOR VEHICLE,OTHER,,STRAIGHT AND LEVEL,DRY,NO DEFECTS,ON SCENE,NO INJURY / DRIVE AWAY,,,,"$501 - $1,500",3/11/2022 10:49,UNABLE TO DETERMINE,UNABLE TO DETERMINE,340,S,SACRAMENTO BLVD,1124,,,,,,,2,NO INDICATION OF INJURY,0,0,0,0,0,4,0,10,6,3,41.8761276,-87.70123322,POINT (-87.701233220133 41.876127595607)