CRASH_RECORD_ID,RD_NO,CRASH_DATE_EST_I,CRASH_DATE,POSTED_SPEED_LIMIT,TRAFFIC_CONTROL_DEVICE,DEVICE_CONDITION,WEATHER_CONDITION,LIGHTING_CONDITION,FIRST_CRASH_TYPE,TRAFFICWAY_TYPE,LANE_CNT,ALIGNMENT,ROADWAY_SURFACE_COND,ROAD_DEFECT,REPORT_TYPE,CRASH_TYPE,INTERSECTION_RELATED_I,NOT_RIGHT_OF_WAY_I,HIT_AND_RUN_I,DAMAGE,DATE_POLICE_NOTIFIED,PRIM_CONTRIBUTORY_CAUSE,SEC_CONTRIBUTORY_CAUSE,STREET_NO,STREET_DIRECTION,STREET_NAME,BEAT_OF_OCCURRENCE,PHOTOS_TAKEN_I,STATEMENTS_TAKEN_I,DOORING_I,WORK_ZONE_I,WORK_ZONE_TYPE,WORKERS_PRESENT_I,NUM_UNITS,MOST_SEVERE_INJURY,INJURIES_TOTAL,INJURIES_FATAL,INJURIES_INCAPACITATING,INJURIES_NON_INCAPACITATING,INJURIES_REPORTED_NOT_EVIDENT,INJURIES_NO_INDICATION,INJURIES_UNKNOWN,CRASH_HOUR,CRASH_DAY_OF_WEEK,CRASH_MONTH,LATITUDE,LONGITUDE,LOCATION
a1c3c515b20133d1a16945c0bca01474b580060f01b7eb50b57f59d09c63ea90717bd0a7b3e90fbc376442be0283dbd72d4536407da83cca2382b177a366c345,,,3/27/2022 20:52,30,NO CONTROLS,NO CONTROLS,CLEAR,"DARKNESS, LIGHTED ROAD",PARKED MOTOR VEHICLE,NOT DIVIDED,,STRAIGHT AND LEVEL,DRY,NO DEFECTS,ON SCENE,INJURY AND / OR TOW DUE TO CRASH,,,,"$501 - $1,500",3/27/2022 20:59,UNABLE TO DETERMINE,NOT APPLICABLE,6416,W,FOSTER AVE,1613,,,,,,,2,NO INDICATION OF INJURY,0,0,0,0,0,1,0,20,1,3,41.97575527,-87.78866251,POINT (-87.78866250947 41.975755267067)
51b7ff3246b81cefcb35636c66d138035084280f544de84cc709446a41a58334097cfcf540fd30e367320f356f651afc9de8e8bc49e86798022105c22b48f42a,,,3/31/2022 14:16,30,UNKNOWN,UNKNOWN,UNKNOWN,DAYLIGHT,SIDESWIPE SAME DIRECTION,OTHER,,STRAIGHT AND LEVEL,UNKNOWN,UNKNOWN,NOT ON SCENE (DESK REPORT),INJURY AND / OR TOW DUE TO CRASH,,,,"OVER $1,500",4/1/2022 17:00,UNABLE TO DETERMINE,UNABLE TO DETERMINE,541,N,FAIRBANKS CT,1834,,,,,,,2,NONINCAPACITATING INJURY,1,0,0,1,0,1,0,14,5,3,41.89227497,-87.6200988,POINT (-87.620098794549 41.892274965647)
e6f3c982523c9ea291739b92b20e99b2244d601c21e205012311385cdb5f390f5fa038993c5f4c507ac84f8bb57ac5fb2c963107d28834bb12c53efcb5826733,,,4/1/2022 7:34,35,NO CONTROLS,NO CONTROLS,CLEAR,DAYLIGHT,SIDESWIPE SAME DIRECTION,NOT DIVIDED,,STRAIGHT AND LEVEL,DRY,NO DEFECTS,NOT ON SCENE (DESK REPORT),NO INJURY / DRIVE AWAY,,,Y,"OVER $1,500",4/1/2022 18:55,UNABLE TO DETERMINE,NOT APPLICABLE,4530,W,47TH ST,815,,,,,,,2,NO INDICATION OF INJURY,0,0,0,0,0,2,0,7,6,4,41.80780944,-87.737001,POINT (-87.737000995993 41.807809442407)
b43fee59f9b4cf2a284c2d1fbda85cf380c9e319efce826076a23b183db6e3673c78d1950507efc026af6b55ea1e2032cee4cefbaf5e6ffbe67d96e132bb8e4a,,,3/31/2022 6:30,15,NO CONTROLS,NO CONTROLS,CLEAR,DAYLIGHT,REAR END,PARKING LOT,,STRAIGHT AND LEVEL,DRY,NO DEFECTS,NOT ON SCENE (DESK REPORT),NO INJURY / DRIVE AWAY,,,,"OVER $1,500",3/31/2022 8:30,UNABLE TO DETERMINE,UNABLE TO DETERMINE,728,W,ROOSEVELT RD,1232,,,,,,,2,NO INDICATION OF INJURY,0,0,0,0,0,2,0,6,5,3,41.86727244,-87.6463043,POINT (-87.646304296129 41.867272440765)
d4570095a7062723f3a8764a013f565c728ebcbbceffa188a4a015429463996fb3570b06a1fc1cee55a79c4fe2992d43bfa0f78bbcd6c3dd24ab4551d6175ff4,,,4/1/2022 16:00,30,TRAFFIC SIGNAL,FUNCTIONING PROPERLY,CLEAR,DAYLIGHT,TURNING,NOT DIVIDED,,STRAIGHT AND LEVEL,DRY,NO DEFECTS,NOT ON SCENE (DESK REPORT),NO INJURY / DRIVE AWAY,Y,,,"$501 - $1,500",4/1/2022 19:01,UNABLE TO DETERMINE,UNABLE TO DETERMINE,198,W,WACKER DR,122,,,,,,,2,NO INDICATION OF INJURY,0,0,0,0,0,2,0,16,6,4,41.88704174,-87.63389094,POINT (-87.633890937092 41.887041742144)
6f01cc14a35b4786b8e08bf931d1a54c7224cfd5a6e6f9547a466f83c9a73ef39c6375d7515f8f0ffd8f7370891e6926dc4716de91270aa6e7f78cdf3de124ff,,,3/31/2022 21:38,30,TRAFFIC SIGNAL,FUNCTIONING PROPERLY,CLEAR,"DARKNESS, LIGHTED ROAD",SIDESWIPE SAME DIRECTION,NOT DIVIDED,,STRAIGHT AND LEVEL,DRY,NO DEFECTS,ON SCENE,NO INJURY / DRIVE AWAY,Y,,,"OVER $1,500",3/31/2022 22:07,IMPROPER LANE USAGE,NOT APPLICABLE,6837,W,RAVEN ST,1611,,,,,,,2,NO INDICATION OF INJURY,0,0,0,0,0,3,0,21,5,3,41.99228927,-87.79885334,POINT (-87.79885333515 41.992289268057)
29b112a9f78df3b368587b355ded08a636888e01440a25d13e21e3174249575fa49e129dd91b8c33ef67e1d981a6a05da170e63ce6597ffe636c73ed62716375,,,3/31/2022 12:40,10,NO CONTROLS,NO CONTROLS,CLOUDY/OVERCAST,DAYLIGHT,PARKED MOTOR VEHICLE,PARKING LOT,,STRAIGHT AND LEVEL,DRY,NO DEFECTS,NOT ON SCENE (DESK REPORT),NO INJURY / DRIVE AWAY,,Y,Y,"OVER $1,500",3/31/2022 12:50,UNABLE TO DETERMINE,NOT APPLICABLE,430,W,DIVISION ST,1821,,,,,,,2,NO INDICATION OF INJURY,0,0,0,0,0,1,0,12,5,3,41.90388183,-87.63961085,POINT (-87.639610848545 41.903881826658)
59669d78ece48956604bffceeca4ddc6df71a894fbf1b416a1b1cf55af7bd6036821a94dcc2ac13298163be48103886248fab7c80cc7a0d07ad3efe0dc88a5aa,,,3/31/2022 15:05,30,NO CONTROLS,NO CONTROLS,CLEAR,DAYLIGHT,PARKED MOTOR VEHICLE,NOT DIVIDED,,STRAIGHT AND LEVEL,DRY,NO DEFECTS,NOT ON SCENE (DESK REPORT),NO INJURY / DRIVE AWAY,,,,"$501 - $1,500",3/31/2022 15:40,NOT APPLICABLE,NOT APPLICABLE,6200,S,PULASKI RD,813,,,,,,,2,NO INDICATION OF INJURY,0,0,0,0,0,1,0,15,5,3,41.7804238,-87.72295662,POINT (-87.722956624315 41.780423794511)
2a8bc524156badcaee5e637ab0954b5f3496b51aa99193e3452895b80c25379d9c5f7a4e84306f2c40436df252be8212582147d6738a84075919e3813a4dc0dc,,,4/1/2022 16:44,30,TRAFFIC SIGNAL,FUNCTIONING PROPERLY,CLEAR,DAYLIGHT,TURNING,NOT DIVIDED,,STRAIGHT AND LEVEL,DRY,NO DEFECTS,NOT ON SCENE (DESK REPORT),NO INJURY / DRIVE AWAY,Y,,,"$501 - $1,500",4/1/2022 17:15,FAILING TO YIELD RIGHT-OF-WAY,UNABLE TO DETERMINE,205,W,WACKER DR,122,,,,,,,2,NO INDICATION OF INJURY,0,0,0,0,0,2,0,16,6,4,41.8867073,-87.63415039,POINT (-87.634150393212 41.886707304096)
8e919aa39259ccdffeee8afce3725e033ae7994e3fa99af4e501ed68c9deb51bfcd66e0964bbb1c3df446b5086690d98fd79b9ff4b0f7306ed6d4fd8dc5f4640,,,4/1/2022 12:22,30,TRAFFIC SIGNAL,FUNCTIONING PROPERLY,CLEAR,DAYLIGHT,REAR END,NOT DIVIDED,,STRAIGHT AND LEVEL,DRY,UNKNOWN,ON SCENE,INJURY AND / OR TOW DUE TO CRASH,,,Y,"$501 - $1,500",4/1/2022 12:23,IMPROPER BACKING,"OPERATING VEHICLE IN ERRATIC, RECKLESS, CARELESS, NEGLIGENT OR AGGRESSIVE MANNER",1111,N,STATE ST,1824,,,,,,,5,NO INDICATION OF INJURY,0,0,0,0,0,5,0,12,6,4,41.90244229,-87.62819417,POINT (-87.628194164538 41.902442287075)
1ca8f4a42c5798fb08df289523f20b103de8037bf0671218a0f39bea18553aaf6074dbefbe6e496ec263c1b842be926f49a822694679200d3b5acae084132357,,,4/1/2022 20:20,30,NO CONTROLS,NO CONTROLS,CLEAR,"DARKNESS, LIGHTED ROAD",SIDESWIPE SAME DIRECTION,OTHER,,STRAIGHT AND LEVEL,DRY,NO DEFECTS,NOT ON SCENE (DESK REPORT),NO INJURY / DRIVE AWAY,,,,$500 OR LESS,4/1/2022 21:00,UNABLE TO DETERMINE,UNABLE TO DETERMINE,7421,N,WESTERN AVE,2411,,,,,,,2,NO INDICATION OF INJURY,0,0,0,0,0,2,0,20,6,4,42.01575117,-87.69036084,POINT (-87.69036083758 42.015751172506)
7057bede97e10ac8919f24f336237394733c08e277a8ac21cc70bc86034a03a04f474a779340d647886d21931de1041d6dd353d4b4a5a84a0422a2724f47e9a2,,,4/1/2022 15:00,15,NO CONTROLS,NO CONTROLS,CLEAR,DAYLIGHT,PARKED MOTOR VEHICLE,PARKING LOT,,STRAIGHT AND LEVEL,DRY,NO DEFECTS,NOT ON SCENE (DESK REPORT),NO INJURY / DRIVE AWAY,,Y,Y,"OVER $1,500",4/1/2022 15:05,UNABLE TO DETERMINE,NOT APPLICABLE,5817,W,MADISON ST,1513,,,,,,,2,NO INDICATION OF INJURY,0,0,0,0,0,1,0,15,6,4,41.88004498,-87.77049338,POINT (-87.77049337934 41.880044980759)
816f5621b0e8085ff3a43f89274e32ef41f313266b3b2351962fe27fcb25babce310aba3d10a7e060f88979832feb9416209418774045128df6a98aa144de2a8,,,3/31/2022 13:30,20,NO CONTROLS,NO CONTROLS,CLOUDY/OVERCAST,DAYLIGHT,FIXED OBJECT,NOT DIVIDED,,STRAIGHT AND LEVEL,DRY,NO DEFECTS,ON SCENE,NO INJURY / DRIVE AWAY,,,,"OVER $1,500",3/31/2022 13:35,NOT APPLICABLE,NOT APPLICABLE,4598,W,CORNELIA AVE,1731,,,,,,,1,NO INDICATION OF INJURY,0,0,0,0,0,1,0,13,5,3,41.94449217,-87.74201057,POINT (-87.742010571253 41.944492174322)
1169bb39236c764b269dacdfa1ec0427340f9296c04c99e68df9fbe395ceee80bb20e594473613d3f2c4eaf3aec7fbdbb7114425ab050896dcfa30f8892ca62a,,,4/1/2022 0:10,30,NO CONTROLS,NO CONTROLS,RAIN,"DARKNESS, LIGHTED ROAD",FIXED OBJECT,DIVIDED - W/MEDIAN BARRIER,,STRAIGHT AND LEVEL,WET,"RUT, HOLES",ON SCENE,INJURY AND / OR TOW DUE TO CRASH,,,,"OVER $1,500",4/1/2022 0:16,ROAD ENGINEERING/SURFACE/MARKING DEFECTS,NOT APPLICABLE,4530,W,NORTH AVE,2533,,,,,,,2,NO INDICATION OF INJURY,0,0,0,0,0,3,0,0,6,4,41.90981565,-87.73970549,POINT (-87.7397054944 41.909815646644)
32e02cae0ecaaa192a52cdbbe5024382cf6d2ca49147a0859e277842743219108d66d57de3716e7a17e36f7caaeb395c62ad554d76df5520207d306bb16cd854,,,4/1/2022 13:15,10,NO CONTROLS,NO CONTROLS,CLEAR,DAYLIGHT,PARKED MOTOR VEHICLE,PARKING LOT,,STRAIGHT AND LEVEL,DRY,NO DEFECTS,ON SCENE,NO INJURY / DRIVE AWAY,,,Y,"OVER $1,500",4/1/2022 14:33,UNABLE TO DETERMINE,NOT APPLICABLE,6363,N,MILWAUKEE AVE,1611,,,,,,,2,NO INDICATION OF INJURY,0,0,0,0,0,1,0,13,6,4,41.99660886,-87.78699945,POINT (-87.786999448812 41.996608859821)
4f7e144f39671ceb8c6c8b6684a798818347af164e11a7fc9788845a8458a5c3d78dd33e62adde5c92ba16e3de080e493d9f23847224fed17ed6b1906bf3bbd2,,,4/1/2022 20:13,35,NO CONTROLS,NO CONTROLS,CLEAR,"DARKNESS, LIGHTED ROAD",SIDESWIPE SAME DIRECTION,DIVIDED - W/MEDIAN (NOT RAISED),,STRAIGHT AND LEVEL,UNKNOWN,UNKNOWN,NOT ON SCENE (DESK REPORT),NO INJURY / DRIVE AWAY,,,,"OVER $1,500",4/1/2022 21:10,IMPROPER OVERTAKING/PASSING,IMPROPER LANE USAGE,1600,W,NORTH AVE,1433,,,,,,,2,NO INDICATION OF INJURY,0,0,0,0,0,2,0,20,6,4,41.91073912,-87.66775554,POINT (-87.667755542235 41.910739123576)
406915019f70a3ddf77d03e1cb34f98c9a4a6b0543dafde59453e71e8421a1a50ce547bf460e093da02cb63182606a974c40fb9044fa31a87dde1226d1e5ec38,,,3/29/2022 13:00,25,NO CONTROLS,NO CONTROLS,CLEAR,DAYLIGHT,PARKED MOTOR VEHICLE,OTHER,,STRAIGHT AND LEVEL,DRY,NO DEFECTS,ON SCENE,NO INJURY / DRIVE AWAY,,,Y,$500 OR LESS,3/29/2022 13:05,IMPROPER BACKING,NOT APPLICABLE,5300,S,BLACKSTONE AVE,234,,,,,,,2,NO INDICATION OF INJURY,0,0,0,0,0,5,0,13,3,3,41.79945117,-87.59058164,POINT (-87.590581636237 41.799451172365)
d108a1bde2965e1bda00128b132221173d2c01a7f6b0807c0e716b5fbeb652d30611f000c35b565157c10fc8af00069df755dd9dcaa923c778029301887fad58,,,4/1/2022 22:35,25,NO CONTROLS,NO CONTROLS,CLEAR,"DARKNESS, LIGHTED ROAD",SIDESWIPE SAME DIRECTION,DIVIDED - W/MEDIAN BARRIER,,STRAIGHT AND LEVEL,DRY,OTHER,ON SCENE,NO INJURY / DRIVE AWAY,,,,"OVER $1,500",4/2/2022 0:01,ROAD ENGINEERING/SURFACE/MARKING DEFECTS,ROAD ENGINEERING/SURFACE/MARKING DEFECTS,150,E,LOWER WACKER DR,114,,,,,,,2,NO INDICATION OF INJURY,0,0,0,0,0,1,0,22,6,4,41.88837156,-87.62251409,POINT (-87.622514085659 41.888371559813)
5273c218eef35a182e7c2e687cfef626dd8641e0e5a6118e46f7ab946993bfa8fd4996a8f8f1e64bf307c6072453f9456d331d32dfcbc78285d7d33a5fa9f7c2,,,4/1/2022 16:30,30,NO CONTROLS,NO CONTROLS,CLEAR,DAYLIGHT,REAR END,DIVIDED - W/MEDIAN (NOT RAISED),,STRAIGHT AND LEVEL,DRY,NO DEFECTS,ON SCENE,INJURY AND / OR TOW DUE TO CRASH,,,,"OVER $1,500",4/1/2022 18:14,FOLLOWING TOO CLOSELY,NOT APPLICABLE,2025,W,PETERSON AVE,2012,,,,,,,2,NO INDICATION OF INJURY,0,0,0,0,0,2,0,16,6,4,41.99054865,-87.68084869,POINT (-87.680848688722 41.990548652604)
7713a1fce39e78ca18c2b9e5eb6bbf399d8bd209ffe0edf6efcca3bda0d9abeae65e2a1cef3209be9699a80b185c729a326fbb5963d03f59b5d7276d0079025e,,,4/1/2022 10:44,30,TRAFFIC SIGNAL,UNKNOWN,CLEAR,DAYLIGHT,REAR END,NOT DIVIDED,,STRAIGHT AND LEVEL,UNKNOWN,UNKNOWN,NOT ON SCENE (DESK REPORT),NO INJURY / DRIVE AWAY,Y,,,"OVER $1,500",4/1/2022 17:45,FOLLOWING TOO CLOSELY,UNABLE TO DETERMINE,2900,E,83RD ST,423,,,,,,,2,NO INDICATION OF INJURY,0,0,0,0,0,2,0,10,6,4,41.74473268,-87.55391727,POINT (-87.553917264681 41.744732680629)
9d9845547570252acdaf77d0ef9225be8693604812260b3f8a65ea08747965cdf4f31c01c228ce1c4cba0970e9eaf69108ec66ea982c2dd7e8088a64fd81435e,,,3/31/2022 15:40,30,NO CONTROLS,NO CONTROLS,CLOUDY/OVERCAST,DAYLIGHT,REAR END,DIVIDED - W/MEDIAN (NOT RAISED),,STRAIGHT AND LEVEL,WET,UNKNOWN,NOT ON SCENE (DESK REPORT),NO INJURY / DRIVE AWAY,,,,"OVER $1,500",4/1/2022 14:45,FOLLOWING TOO CLOSELY,FOLLOWING TOO CLOSELY,1650,W,17TH ST,1234,,,,,,,2,NO INDICATION OF INJURY,0,0,0,0,0,2,0,15,5,3,41.8587821,-87.66829261,POINT (-87.668292611772 41.85878210033)
17d64b7bf01925e51e5f95864be1d57a59e6fa336149ee14e5e4585896acc877cdd202612b51901c4e5f289cac7546395678b1c1227451a479aad71bbe7ff7ee,,,4/1/2022 14:35,35,NO CONTROLS,NO CONTROLS,CLEAR,DAYLIGHT,PEDESTRIAN,NOT DIVIDED,,STRAIGHT AND LEVEL,DRY,UNKNOWN,ON SCENE,INJURY AND / OR TOW DUE TO CRASH,,,Y,"$501 - $1,500",4/1/2022 16:40,IMPROPER LANE USAGE,IMPROPER LANE USAGE,5917,W,IRVING PARK RD,1633,,,,,,,2,NONINCAPACITATING INJURY,1,0,0,1,0,1,0,14,6,4,41.95296418,-87.77502148,POINT (-87.775021484323 41.952964182843)
8fb7c88be59ab26338e4459ed1ca544ca671009777676982a03702e0c447db12c898a61ebe9cadc72a8c5a88890682f21417c7efd7800cd3a68701ca034106e6,,,4/1/2022 2:55,30,STOP SIGN/FLASHER,FUNCTIONING PROPERLY,RAIN,DARKNESS,TURNING,DIVIDED - W/MEDIAN BARRIER,,STRAIGHT AND LEVEL,WET,NO DEFECTS,ON SCENE,INJURY AND / OR TOW DUE TO CRASH,,,Y,"OVER $1,500",4/1/2022 3:00,UNABLE TO DETERMINE,UNABLE TO DETERMINE,9300,S,HALSTED ST,2223,,,,,,,2,NO INDICATION OF INJURY,0,0,0,0,0,2,0,2,6,4,41.72485801,-87.64345222,POINT (-87.643452218452 41.724858012117)
e4f759b6e2abefaa5d8a66b35702a316dd1491a7ed3c8183c0b886724017a5c6cb5f1678261732371a7447b25b041a228b68f6d419dfd496c1799eafbd9ed710,,,4/1/2022 15:20,25,NO CONTROLS,NO CONTROLS,CLEAR,DAYLIGHT,ANGLE,NOT DIVIDED,,STRAIGHT AND LEVEL,DRY,NO DEFECTS,NOT ON SCENE (DESK REPORT),NO INJURY / DRIVE AWAY,,,,"$501 - $1,500",4/1/2022 15:59,NOT APPLICABLE,NOT APPLICABLE,3417,W,ARTHINGTON ST,1133,,,,,,,2,NO INDICATION OF INJURY,0,0,0,0,0,2,0,15,6,4,41.8698841,-87.71138455,POINT (-87.711384550499 41.869884095999)
af3d4482f24c451d777f3d251fa5954035490f5c2d09a32d0e75699cbf8c3122eeb2ad67ccf90f7700aa750f1ae95aa95791064eeb11c08b381e0229d5e9ef83,,,4/1/2022 5:30,30,TRAFFIC SIGNAL,FUNCTIONING PROPERLY,CLEAR,DAYLIGHT,REAR END,DIVIDED - W/MEDIAN (NOT RAISED),,STRAIGHT AND LEVEL,UNKNOWN,UNKNOWN,NOT ON SCENE (DESK REPORT),NO INJURY / DRIVE AWAY,,,,"OVER $1,500",4/1/2022 18:45,UNABLE TO DETERMINE,UNABLE TO DETERMINE,1148,S,PULASKI RD,1132,,,,,,,2,NO INDICATION OF INJURY,0,0,0,0,0,2,0,5,6,4,41.86652937,-87.72534096,POINT (-87.72534096153 41.866529367985)
56a9dc875c1ed63f669ed1a7520cd283f64dd14f883920edb7319c72915f761267444ddac26ada69cba6448f3bc8af84924bd607eeebd5db615c475b70fa4c60,,,4/1/2022 19:10,30,NO CONTROLS,NO CONTROLS,CLEAR,DAYLIGHT,FIXED OBJECT,NOT DIVIDED,,STRAIGHT AND LEVEL,DRY,DEBRIS ON ROADWAY,ON SCENE,INJURY AND / OR TOW DUE TO CRASH,,Y,,"OVER $1,500",4/1/2022 19:10,DISTRACTION - FROM OUTSIDE VEHICLE,ROAD CONSTRUCTION/MAINTENANCE,2130,S,KILDARE AVE,1012,Y,,,,,,1,NO INDICATION OF INJURY,0,0,0,0,0,2,0,19,6,4,41.85252782,-87.73224323,POINT (-87.732243228823 41.852527819521)
a5b0f919c2eb8431b404215e8e015885057946386df26e03eb32fee1d41cdc9d43fffaa9d81f01bce6c96190f55930611cbb448b6418934c72cfe3e79fdad522,,,3/30/2022 20:00,30,NO CONTROLS,NO CONTROLS,RAIN,"DARKNESS, LIGHTED ROAD",OTHER NONCOLLISION,DIVIDED - W/MEDIAN (NOT RAISED),,STRAIGHT AND LEVEL,WET,"RUT, HOLES",NOT ON SCENE (DESK REPORT),NO INJURY / DRIVE AWAY,,,,"OVER $1,500",3/31/2022 11:02,UNABLE TO DETERMINE,UNABLE TO DETERMINE,3748,N,ELSTON AVE,1732,,,,,,,1,NO INDICATION OF INJURY,0,0,0,0,0,1,0,20,4,3,41.94957788,-87.71336663,POINT (-87.713366625634 41.94957787541)
7ba47472d024aefa1f8ab90585b9208fc267fe1e2a88ac681201b02a414f9828224236465d77af56e372df449bd6387fc2bd4c16e0c8f1ced2ca20e2e98f072e,,,4/1/2022 10:51,30,NO CONTROLS,NO CONTROLS,CLEAR,DAYLIGHT,FIXED OBJECT,DIVIDED - W/MEDIAN BARRIER,,STRAIGHT AND LEVEL,DRY,NO DEFECTS,ON SCENE,INJURY AND / OR TOW DUE TO CRASH,,,,"OVER $1,500",4/1/2022 11:00,RELATED TO BUS STOP,NOT APPLICABLE,87,W,87TH ST,634,,,,,,,1,NO INDICATION OF INJURY,0,0,0,0,0,2,0,10,6,4,41.73614513,-87.62691784,POINT (-87.626917843973 41.736145128237)
e9aeb3267f22ddcb0b85b96766414ce2f5c6425d1c8dddea657a1db323f42fce3b7e67b0e39a0584fc1d938eb375da3f757e92c157047a96187b9e2c0c4f6e60,,,4/1/2022 12:05,30,NO CONTROLS,NO CONTROLS,CLEAR,DAYLIGHT,PARKED MOTOR VEHICLE,NOT DIVIDED,,STRAIGHT AND LEVEL,UNKNOWN,UNKNOWN,NOT ON SCENE (DESK REPORT),NO INJURY / DRIVE AWAY,,,Y,"OVER $1,500",4/1/2022 14:15,UNABLE TO DETERMINE,UNABLE TO DETERMINE,2354,W,WILSON AVE,1911,,,,,,,2,NO INDICATION OF INJURY,0,0,0,0,0,1,0,12,6,4,41.96498703,-87.68839721,POINT (-87.688397213103 41.964987030918)
8a3ab71a272d3d4c39c455bacf34e66e80e42865ee375f0f9cb641c4b8e5309d9f1f25666506011a5e6cdaaeb861fbc6f9b6ce1c0d9a82c26f090d7d0e43f25a,,,4/1/2022 19:38,35,TRAFFIC SIGNAL,FUNCTIONING PROPERLY,CLEAR,"DARKNESS, LIGHTED ROAD",SIDESWIPE SAME DIRECTION,DIVIDED - W/MEDIAN BARRIER,,STRAIGHT AND LEVEL,UNKNOWN,UNKNOWN,NOT ON SCENE (DESK REPORT),NO INJURY / DRIVE AWAY,,,,"OVER $1,500",4/1/2022 20:43,IMPROPER OVERTAKING/PASSING,FAILING TO YIELD RIGHT-OF-WAY,3554,W,NORTH AVE,1422,,,,,,,2,NO INDICATION OF INJURY,0,0,0,0,0,2,0,19,6,4,41.91010808,-87.71636348,POINT (-87.716363477798 41.910108082249)
9caff413629142d2ad7318a853d2d44e1fcc5e106b0a57e79e2f6fac497af7f09e16dd5f3a05aa947815b5820df988c203ef982037a3b96ce8a216a023cd760b,,,3/31/2022 23:47,30,NO CONTROLS,NO CONTROLS,SNOW,"DARKNESS, LIGHTED ROAD",PARKED MOTOR VEHICLE,ONE-WAY,,STRAIGHT AND LEVEL,SNOW OR SLUSH,NO DEFECTS,ON SCENE,NO INJURY / DRIVE AWAY,,,Y,"$501 - $1,500",4/1/2022 0:25,UNABLE TO DETERMINE,NOT APPLICABLE,1308,W,80TH ST,612,,,,,,,2,NO INDICATION OF INJURY,0,0,0,0,0,1,0,23,5,3,41.7487463,-87.65651491,POINT (-87.656514905581 41.748746299368)
b98052026f42024deb6bae17884583fcd07df8c817fda2913e32976916effd91f8d851fb058ff18673a3c807f90a50bb666f12843e36f9773b78d80c17ef325a,,N,4/1/2022 20:00,30,NO CONTROLS,NO CONTROLS,CLEAR,"DARKNESS, LIGHTED ROAD",PARKED MOTOR VEHICLE,ONE-WAY,,STRAIGHT AND LEVEL,DRY,NO DEFECTS,ON SCENE,INJURY AND / OR TOW DUE TO CRASH,,,Y,"OVER $1,500",4/1/2022 21:45,DRIVING SKILLS/KNOWLEDGE/EXPERIENCE,NOT APPLICABLE,6334,N,WINTHROP AVE,2433,,,,,,,3,NO INDICATION OF INJURY,0,0,0,0,0,1,0,20,6,4,41.99745415,-87.65859092,POINT (-87.65859092081 41.997454152925)
ed3478ee64a0a8569fea8c3f7c2152418578c8d1aacabdbfb10f52aa3da74b2649f7a053ba1f15c4c6433a8ba2f9d867c809b9ba9adf6beab5ebd90efad0f9bb,,,4/1/2022 10:50,35,NO CONTROLS,NO CONTROLS,CLEAR,DAYLIGHT,SIDESWIPE SAME DIRECTION,PARKING LOT,,STRAIGHT AND LEVEL,DRY,NO DEFECTS,NOT ON SCENE (DESK REPORT),NO INJURY / DRIVE AWAY,,Y,N,"OVER $1,500",4/1/2022 13:20,IMPROPER OVERTAKING/PASSING,UNABLE TO DETERMINE,8300,S,HOLLAND RD,622,,,,,,,2,NO INDICATION OF INJURY,0,0,0,0,0,2,0,10,6,4,41.74342733,-87.63218113,POINT (-87.632181132025 41.743427333057)
a6343134e8007ad6c2ec119b9a61339a9c6cb318de9f2b5f1d9df347b99e83e87f2d5768bc4493b6de05885ad0c74d7bbb9ccda7531362a634c0fc949331d785,,,4/1/2022 16:59,30,NO CONTROLS,NO CONTROLS,CLEAR,DAYLIGHT,PARKED MOTOR VEHICLE,ONE-WAY,,STRAIGHT AND LEVEL,DRY,NO DEFECTS,NOT ON SCENE (DESK REPORT),NO INJURY / DRIVE AWAY,,,Y,"$501 - $1,500",4/1/2022 19:00,FOLLOWING TOO CLOSELY,NOT APPLICABLE,6340,N,WINTHROP AVE,2433,,,,,,,4,NO INDICATION OF INJURY,0,0,0,0,0,1,0,16,6,4,41.99760786,-87.65860339,POINT (-87.658603386113 41.997607855644)
d4e664b05ed1681eb4823544da15bbcc786b18ea11b3d53e968e77d2b31f99152bc2b4b5f0e4e40366c0fb3a9fe1e0d9641cac67733fcc4b66d76be0eaaa312b,,,4/1/2022 18:14,20,NO CONTROLS,NO CONTROLS,CLEAR,DAYLIGHT,ANGLE,ALLEY,,STRAIGHT AND LEVEL,DRY,NO DEFECTS,ON SCENE,NO INJURY / DRIVE AWAY,Y,,,"OVER $1,500",4/1/2022 18:15,UNABLE TO DETERMINE,NOT APPLICABLE,1546,W,WOLFRAM ST,1932,,,,,,,2,NO INDICATION OF INJURY,0,0,0,0,0,4,0,18,6,4,41.93343044,-87.66786499,POINT (-87.66786499396 41.933430438268)
b1202f2825a20b76ae04b8df1f3c65b80493b25a34a1a8ad7fc4b7b6ea765b65b9af7b99eb7c4b0d72bfa1c383a3b34542dfde15a7db5d6e4a431900dbf8e254,,,4/1/2022 14:30,10,NO CONTROLS,NO CONTROLS,CLEAR,DAYLIGHT,PARKED MOTOR VEHICLE,PARKING LOT,,STRAIGHT AND LEVEL,DRY,NO DEFECTS,NOT ON SCENE (DESK REPORT),NO INJURY / DRIVE AWAY,,,,"OVER $1,500",4/1/2022 14:49,NOT APPLICABLE,NOT APPLICABLE,1806,S,WABASH AVE,131,,,,,,,2,NO INDICATION OF INJURY,0,0,0,0,0,1,0,14,6,4,41.85762446,-87.6257522,POINT (-87.625752200553 41.857624463535)