CRASH_RECORD_ID,RD_NO,CRASH_DATE_EST_I,CRASH_DATE,POSTED_SPEED_LIMIT,TRAFFIC_CONTROL_DEVICE,DEVICE_CONDITION,WEATHER_CONDITION,LIGHTING_CONDITION,FIRST_CRASH_TYPE,TRAFFICWAY_TYPE,LANE_CNT,ALIGNMENT,ROADWAY_SURFACE_COND,ROAD_DEFECT,REPORT_TYPE,CRASH_TYPE,INTERSECTION_RELATED_I,NOT_RIGHT_OF_WAY_I,HIT_AND_RUN_I,DAMAGE,DATE_POLICE_NOTIFIED,PRIM_CONTRIBUTORY_CAUSE,SEC_CONTRIBUTORY_CAUSE,STREET_NO,STREET_DIRECTION,STREET_NAME,BEAT_OF_OCCURRENCE,PHOTOS_TAKEN_I,STATEMENTS_TAKEN_I,DOORING_I,WORK_ZONE_I,WORK_ZONE_TYPE,WORKERS_PRESENT_I,NUM_UNITS,MOST_SEVERE_INJURY,INJURIES_TOTAL,INJURIES_FATAL,INJURIES_INCAPACITATING,INJURIES_NON_INCAPACITATING,INJURIES_REPORTED_NOT_EVIDENT,INJURIES_NO_INDICATION,INJURIES_UNKNOWN,CRASH_HOUR,CRASH_DAY_OF_WEEK,CRASH_MONTH,LATITUDE,LONGITUDE,LOCATION
6bef4a2b40f7dc078e40441eaefd1e32df31d3eef2144175b55d2852aa39e4848418deb2aacb0126a8462697887289a05e01ceff8348d52760e392334fb413c1,,,4/1/2022 15:00,30,TRAFFIC SIGNAL,FUNCTIONING PROPERLY,CLEAR,DAYLIGHT,SIDESWIPE SAME DIRECTION,NOT DIVIDED,,STRAIGHT AND LEVEL,DRY,NO DEFECTS,NOT ON SCENE (DESK REPORT),NO INJURY / DRIVE AWAY,N,,,"$501 - $1,500",4/1/2022 15:30,FOLLOWING TOO CLOSELY,NOT APPLICABLE,1233,W,HOLLYWOOD AVE,2013,,,,,,,2,NO INDICATION OF INJURY,0,0,0,0,0,2,0,15,6,4,41.98529194,-87.66142873,POINT (-87.66142872955 41.98529193646)
31b9b20db702ff935426f6cd421bf60768f6048b283f818dc9f3aed28788abf35f171960225ce0e6b73af6622591329fa8c8ed6203b8de3338bc4d4dcb6939d3,,,4/1/2022 9:30,30,NO CONTROLS,NO CONTROLS,CLEAR,DAYLIGHT,PARKED MOTOR VEHICLE,NOT DIVIDED,,STRAIGHT AND LEVEL,DRY,NO DEFECTS,NOT ON SCENE (DESK REPORT),NO INJURY / DRIVE AWAY,,,,$500 OR LESS,4/1/2022 10:30,IMPROPER LANE USAGE,NOT APPLICABLE,722,W,MAXWELL ST,1232,,,,,,,2,NO INDICATION OF INJURY,0,0,0,0,0,2,0,9,6,4,41.86490457,-87.64598128,POINT (-87.645981283751 41.864904573011)
74de1808c923fcdc216a9fe7a6de6ec102253620dded18be1a4d2fa3ef861981c9fda59db4c555758879ee9d22ce865efd99b332c56ac8a14c18e56256dba9cc,,,4/1/2022 9:30,30,NO CONTROLS,NO CONTROLS,CLEAR,DAYLIGHT,PARKED MOTOR VEHICLE,NOT DIVIDED,,STRAIGHT AND LEVEL,"SAND, MUD, DIRT","RUT, HOLES",ON SCENE,NO INJURY / DRIVE AWAY,,,Y,$500 OR LESS,4/1/2022 11:00,UNABLE TO DETERMINE,UNABLE TO DETERMINE,3325,N,PAULINA ST,1922,,,,Y,CONSTRUCTION,Y,2,NO INDICATION OF INJURY,0,0,0,0,0,1,0,9,6,4,41.94218858,-87.67101522,POINT (-87.671015215043 41.942188579188)
db88f17d4f73290dfd71e993a64d84398039e4fff386d2d71bc33592458cae82ecaa550366faad254da37efec31486f2fdf3e2e155ffa58fb4d23f599b06c410,,,4/1/2022 9:15,35,NO CONTROLS,NO CONTROLS,CLEAR,DAYLIGHT,TURNING,DIVIDED - W/MEDIAN BARRIER,,STRAIGHT AND LEVEL,DRY,NO DEFECTS,ON SCENE,INJURY AND / OR TOW DUE TO CRASH,,,,"OVER $1,500",4/1/2022 9:20,FAILING TO YIELD RIGHT-OF-WAY,NOT APPLICABLE,413,E,95TH ST,511,,,,,,,2,"REPORTED, NOT EVIDENT",1,0,0,0,1,3,0,9,6,4,41.72179187,-87.61357577,POINT (-87.613575771903 41.721791865521)
4d91b4fc60962b37c03e6154aee93b1c2e028b748da047d55cbd221a315ffa30a01124d8bd7b2bf5591558af99d69856a1357b29dd36f418c3c9fae807124a12,,,4/1/2022 7:15,30,TRAFFIC SIGNAL,FUNCTIONING PROPERLY,CLEAR,DAYLIGHT,ANGLE,FOUR WAY,,STRAIGHT AND LEVEL,DRY,NO DEFECTS,ON SCENE,INJURY AND / OR TOW DUE TO CRASH,Y,,,"OVER $1,500",4/1/2022 7:35,DISREGARDING TRAFFIC SIGNALS,FAILING TO REDUCE SPEED TO AVOID CRASH,137,W,SUPERIOR ST,1832,,,,,,,2,NO INDICATION OF INJURY,0,0,0,0,0,3,0,7,6,4,41.89550443,-87.63261604,POINT (-87.632616042719 41.895504424554)
ae2a848489db8e1be67c96ddfc45c4e8d01d2d0f55ddd9471df5ed2d6241db52e58544378ec9962f5dfdfc2da6640d3f169fe524c419bae82f19591007db70b6,,Y,4/1/2022 17:25,30,NO CONTROLS,NO CONTROLS,CLEAR,DAYLIGHT,SIDESWIPE SAME DIRECTION,ONE-WAY,,STRAIGHT AND LEVEL,DRY,WORN SURFACE,NOT ON SCENE (DESK REPORT),NO INJURY / DRIVE AWAY,,,,"$501 - $1,500",4/1/2022 18:00,NOT APPLICABLE,UNABLE TO DETERMINE,45,W,CONGRESS PKWY,123,,,,,,,2,NO INDICATION OF INJURY,0,0,0,0,0,2,0,17,6,4,41.87551595,-87.62931858,POINT (-87.629318580687 41.875515945469)
a1b79dcf66a40bf11320e1a4e2e2212754c830665c6591b00fd3561ae4f8812d71cdcf8f32ead5e66ce721520c61134c843b2c50ec57ddf51c3de872ab9d5988,,,3/29/2022 11:30,30,NO CONTROLS,NO CONTROLS,CLEAR,DAYLIGHT,SIDESWIPE SAME DIRECTION,NOT DIVIDED,,STRAIGHT AND LEVEL,DRY,UNKNOWN,NOT ON SCENE (DESK REPORT),NO INJURY / DRIVE AWAY,,,Y,$500 OR LESS,3/30/2022 12:00,UNABLE TO DETERMINE,NOT APPLICABLE,5556,N,BROADWAY,2013,,,,,,,2,NO INDICATION OF INJURY,0,0,0,0,0,2,0,11,3,3,41.98347206,-87.66021159,POINT (-87.660211592554 41.983472056364)
e8ecc9eceecb696fe5fbd96eb3c4e159122bd101c7c9af3c60764fc46437ba16f3b4c08a89e9f2dedf6ac211c999d565b73d8fcd4e84a775d789f01200af72f0,,Y,3/30/2022 7:00,30,NO CONTROLS,NO CONTROLS,CLEAR,DAYLIGHT,PARKED MOTOR VEHICLE,DIVIDED - W/MEDIAN (NOT RAISED),,STRAIGHT AND LEVEL,DRY,NO DEFECTS,NOT ON SCENE (DESK REPORT),NO INJURY / DRIVE AWAY,,,Y,"OVER $1,500",4/1/2022 15:30,IMPROPER OVERTAKING/PASSING,NOT APPLICABLE,1227,E,60TH ST,235,,,,,,,2,NO INDICATION OF INJURY,0,0,0,0,0,1,0,7,4,3,41.78595219,-87.5951857,POINT (-87.595185698787 41.785952186702)
9d326ef499879a0aaf84259149235a8d24b2e4d82f4069d056c86f5741db48968be94a5f753da90aa2440c7e123aaabe562870a8f1bc8aa1f6a1a223706ff3d0,,,4/1/2022 8:39,30,STOP SIGN/FLASHER,FUNCTIONING PROPERLY,CLEAR,DAYLIGHT,ANGLE,FOUR WAY,,STRAIGHT ON GRADE,DRY,NO DEFECTS,ON SCENE,INJURY AND / OR TOW DUE TO CRASH,Y,,,"OVER $1,500",4/1/2022 8:40,FAILING TO YIELD RIGHT-OF-WAY,NOT APPLICABLE,11300,S,CHURCH ST,2212,,,,,,,2,NO INDICATION OF INJURY,0,0,0,0,0,2,0,8,6,4,41.68875061,-87.66709682,POINT (-87.667096816382 41.688750610263)
fac575659b7548f76305d0983d549ff2b4957f086919a33b2e449c9f87a621aa4bd1419a7f834f2ea090f0685a315a8363c8d478d810f1c3e7dd0111e178b6f6,,,4/1/2022 11:00,30,NO CONTROLS,NO CONTROLS,CLEAR,DAYLIGHT,SIDESWIPE SAME DIRECTION,NOT DIVIDED,,STRAIGHT AND LEVEL,DRY,NO DEFECTS,NOT ON SCENE (DESK REPORT),NO INJURY / DRIVE AWAY,,,,"OVER $1,500",4/1/2022 11:20,FAILING TO YIELD RIGHT-OF-WAY,NOT APPLICABLE,2151,W,DEVON AVE,2413,,,,,,,2,NO INDICATION OF INJURY,0,0,0,0,0,2,0,11,6,4,41.99770975,-87.68461003,POINT (-87.684610028567 41.997709753074)
16013674cf05f0e37ab24dab66358ff06d9b8c4287a906942ba2c675be91ccdb1af84c7fd5e26ccc69857b539dd6cd229125cdafb9a6421778dbf73df94c933f,,,4/1/2022 20:30,30,TRAFFIC SIGNAL,FUNCTIONING PROPERLY,CLEAR,"DARKNESS, LIGHTED ROAD",TURNING,FOUR WAY,,STRAIGHT AND LEVEL,DRY,NO DEFECTS,,NO INJURY / DRIVE AWAY,,,,"$501 - $1,500",4/1/2022 20:30,DISREGARDING TRAFFIC SIGNALS,NOT APPLICABLE,399,S,CANAL ST,121,,,,,,,2,NO INDICATION OF INJURY,0,0,0,0,0,2,0,20,6,4,41.87680546,-87.63945957,POINT (-87.639459569097 41.876805460612)
3502ddce4ee0634b2f22f0949c62305cf165279876dad73067228f0685d02bfd4a2d28975efa50809d311fb09b9c0d665952ba4fa8cea6326e24b9f547c34061,,,4/1/2022 21:35,30,NO CONTROLS,NO CONTROLS,CLEAR,"DARKNESS, LIGHTED ROAD",REAR END,NOT DIVIDED,,STRAIGHT AND LEVEL,DRY,NO DEFECTS,NOT ON SCENE (DESK REPORT),NO INJURY / DRIVE AWAY,,,Y,"$501 - $1,500",4/1/2022 22:55,IMPROPER BACKING,UNABLE TO DETERMINE,1102,W,GRANVILLE AVE,2433,,,,,,,2,NO INDICATION OF INJURY,0,0,0,0,0,2,0,21,6,4,41.99468413,-87.65847729,POINT (-87.658477290701 41.994684132999)
b330d16f92e2514e288157abffef2c553e217f74752610c15fd2d10a314048a3f233b5801cef99385ef892bbef637df03082350a947db77a1ac6de3a56ffa93d,,,4/1/2022 13:30,35,TRAFFIC SIGNAL,FUNCTIONING PROPERLY,CLEAR,DAYLIGHT,TURNING,NOT DIVIDED,,STRAIGHT AND LEVEL,DRY,NO DEFECTS,ON SCENE,NO INJURY / DRIVE AWAY,Y,,,"$501 - $1,500",4/1/2022 13:45,IMPROPER TURNING/NO SIGNAL,NOT APPLICABLE,4000,N,OAK PARK AVE,1632,,,,,,,2,NO INDICATION OF INJURY,0,0,0,0,0,3,0,13,6,4,41.95284661,-87.79642351,POINT (-87.796423504516 41.952846611384)
9999eac29741a12537172d0b2801a18a7878132bd68601ac39b7d15d99678e2a4888c2413b9d7faffaf75e8018ddd99758d85b92180e52d49d1b22fc082ecbe2,,,4/1/2022 19:00,30,NO CONTROLS,NO CONTROLS,CLEAR,DAYLIGHT,PARKED MOTOR VEHICLE,NOT DIVIDED,,STRAIGHT AND LEVEL,DRY,NO DEFECTS,NOT ON SCENE (DESK REPORT),NO INJURY / DRIVE AWAY,,,Y,"OVER $1,500",4/1/2022 19:30,DRIVING SKILLS/KNOWLEDGE/EXPERIENCE,UNABLE TO DETERMINE,6611,S,WASHTENAW AVE,831,,,,,,,2,NO INDICATION OF INJURY,0,0,0,0,0,1,0,19,6,4,41.77329383,-87.69066068,POINT (-87.690660680155 41.773293826599)
e00cd89502cdaa8f3dc840e929020620734fe0526f89c9492bedd876e83f6bca394fa3034327338a4e9c15eda87043b93db8db10fffaefc5364aa91528d25a50,,,3/31/2022 10:55,30,NO CONTROLS,NO CONTROLS,RAIN,DAYLIGHT,PARKED MOTOR VEHICLE,DIVIDED - W/MEDIAN (NOT RAISED),,STRAIGHT AND LEVEL,WET,NO DEFECTS,NOT ON SCENE (DESK REPORT),NO INJURY / DRIVE AWAY,,,,$500 OR LESS,3/31/2022 11:30,"VISION OBSCURED (SIGNS, TREE LIMBS, BUILDINGS, ETC.)",UNABLE TO DETERMINE,2341,W,ROSCOE ST,1921,,,,,,,2,NO INDICATION OF INJURY,0,0,0,0,0,1,0,10,5,3,41.9429974,-87.68733535,POINT (-87.687335346352 41.942997398692)
3f7cef1d5962025814924d76b666157c29238d39310c6e4a5eed899f30418a47f2722fda37359c3a7f6a56f73d11dbff7a411ed9f6636a126d2c2a3002b12dee,JF170707,,3/11/2022 16:30,30,UNKNOWN,UNKNOWN,UNKNOWN,UNKNOWN,SIDESWIPE SAME DIRECTION,UNKNOWN,,STRAIGHT AND LEVEL,UNKNOWN,UNKNOWN,NOT ON SCENE (DESK REPORT),NO INJURY / DRIVE AWAY,,,,"OVER $1,500",3/11/2022 17:05,UNABLE TO DETERMINE,UNABLE TO DETERMINE,5360,S,WESTERN AVE,923,,,,,,,2,NO INDICATION OF INJURY,0,0,0,0,0,2,0,16,6,3,41.79573844,-87.68423267,POINT (-87.684232669865 41.795738437213)
ba58ef0b7c0c61ac9552f20b5910818961c3c169978692390be9142a309271daa153523af1cd28768c7418bf037c40021f17bf513f77ef2aef68ffda31f13ed5,,,4/2/2022 0:05,30,STOP SIGN/FLASHER,FUNCTIONING PROPERLY,CLEAR,"DARKNESS, LIGHTED ROAD",TURNING,NOT DIVIDED,,STRAIGHT AND LEVEL,DRY,NO DEFECTS,ON SCENE,INJURY AND / OR TOW DUE TO CRASH,Y,,,"$501 - $1,500",4/2/2022 0:13,UNABLE TO DETERMINE,NOT APPLICABLE,4158,N,KOSTNER AVE,1722,,,,,,,2,NONINCAPACITATING INJURY,1,0,0,1,0,3,0,0,7,4,41.95687838,-87.73831953,POINT (-87.738319524635 41.956878378017)
7375339a0bd034b8f39364fce08907304b3214fa4f4957924341641462702405901b9b8a07a33ad9d997534e7c5caf78e91da71e482402986af94e36908b9798,,,3/31/2022 23:30,30,TRAFFIC SIGNAL,FUNCTIONING PROPERLY,UNKNOWN,UNKNOWN,PARKED MOTOR VEHICLE,ONE-WAY,,STRAIGHT AND LEVEL,WET,NO DEFECTS,NOT ON SCENE (DESK REPORT),NO INJURY / DRIVE AWAY,,,Y,"OVER $1,500",4/1/2022 12:55,UNABLE TO DETERMINE,NOT APPLICABLE,3534,N,AVONDALE AVE,1732,,,,,,,2,NO INDICATION OF INJURY,0,0,0,0,0,1,0,23,5,3,41.94567299,-87.71877853,POINT (-87.718778524938 41.945672991446)
ea8ff4d0f58c270a658b8259e3fb51bbb4bc1521847495063563c2c7bb490c8846e3a586a059e8656f1b785183322294e1e447208a85ee3babc14696f5d56c36,,,3/30/2022 7:15,30,NO CONTROLS,NO CONTROLS,UNKNOWN,DAYLIGHT,TURNING,DIVIDED - W/MEDIAN (NOT RAISED),,STRAIGHT AND LEVEL,UNKNOWN,UNKNOWN,NOT ON SCENE (DESK REPORT),NO INJURY / DRIVE AWAY,,,,"OVER $1,500",4/1/2022 14:10,UNABLE TO DETERMINE,UNABLE TO DETERMINE,3956,N,OAK PARK AVE,1632,,,,,,,2,NO INDICATION OF INJURY,0,0,0,0,0,2,0,7,4,3,41.95262557,-87.79641491,POINT (-87.796414911609 41.952625572128)
b6e81f21265e2b310a89af06a3cd667b618431735520aafe2b451587c4662be16c220fd15d7617db4c4159e51fb3e1190e9da512215aed985cf9e1bd1474a7ff,,,4/1/2022 4:45,35,TRAFFIC SIGNAL,FUNCTIONING PROPERLY,CLEAR,DAWN,SIDESWIPE SAME DIRECTION,FOUR WAY,,STRAIGHT AND LEVEL,DRY,NO DEFECTS,ON SCENE,NO INJURY / DRIVE AWAY,,,Y,$500 OR LESS,4/1/2022 6:00,IMPROPER LANE USAGE,DRIVING SKILLS/KNOWLEDGE/EXPERIENCE,10000,W,OHARE ST,1651,,,,,,,2,NO INDICATION OF INJURY,0,0,0,0,0,2,0,4,6,4,41.97620114,-87.90530913,POINT (-87.905309125103 41.976201139024)
a3b4c0e96b004412f9ab8629ae5d845a916d14ba5174e83291a49c82f11c57fe1afc7b9b402dd1be67b162c0a6d6a08aa9f29dc4ec2ef38f5e55c75ddf4b0f1d,JF193288,,3/25/2022 21:00,30,NO CONTROLS,NO CONTROLS,UNKNOWN,"DARKNESS, LIGHTED ROAD",PARKED MOTOR VEHICLE,PARKING LOT,,STRAIGHT AND LEVEL,DRY,NO DEFECTS,NOT ON SCENE (DESK REPORT),NO INJURY / DRIVE AWAY,,Y,,"$501 - $1,500",4/1/2022 7:30,UNABLE TO DETERMINE,UNABLE TO DETERMINE,4504,N,TROY ST,1724,,,,,,,2,NO INDICATION OF INJURY,0,0,0,0,0,1,0,21,6,3,41.9632164,-87.70723546,POINT (-87.707235458433 41.963216398413)
407270f9162e7639a0d67002a932023046098ade4502757df6cbe7a33c1d0120846da4747037dd57a049ee00a69208f79b3c24d27b83bbc022c88f0562f1a5ba,JF186857,,3/26/2022 2:04,30,NO CONTROLS,NO CONTROLS,CLEAR,"DARKNESS, LIGHTED ROAD",PARKED MOTOR VEHICLE,NOT DIVIDED,,STRAIGHT AND LEVEL,DRY,NO DEFECTS,NOT ON SCENE (DESK REPORT),INJURY AND / OR TOW DUE TO CRASH,,,,"OVER $1,500",3/26/2022 2:14,"OPERATING VEHICLE IN ERRATIC, RECKLESS, CARELESS, NEGLIGENT OR AGGRESSIVE MANNER",NOT APPLICABLE,3332,N,HARLEM AVE,1631,,,,,,,2,"REPORTED, NOT EVIDENT",1,0,0,0,1,0,0,2,7,3,41.94075756,-87.80699159,POINT (-87.8069915905 41.940757556146)
c8bb56ef7df43e278f8d2e5338e1d7402f00fcf16c0439e90885f18d6b2846335b7d376c19531ada7a6c6048cd0911351bdc7168d4bd40373d96dc1e40df8213,,,4/1/2022 9:23,30,TRAFFIC SIGNAL,FUNCTIONING PROPERLY,CLEAR,DAYLIGHT,PARKED MOTOR VEHICLE,ONE-WAY,,STRAIGHT ON GRADE,DRY,UNKNOWN,ON SCENE,INJURY AND / OR TOW DUE TO CRASH,,,,"OVER $1,500",4/1/2022 9:24,NOT APPLICABLE,NOT APPLICABLE,1407,W,105TH ST,2212,,,,,,,2,NO INDICATION OF INJURY,0,0,0,0,0,2,0,9,6,4,41.70301692,-87.65772853,POINT (-87.657728531781 41.70301692317)
2511f2276641abb8dab561d53f5df702afbb6025d96601ac074c9ead360a9a5c2ea1edad65bb8c8267ba79266f9ae67a454619cb41cb901029a002d727ede802,,,3/31/2022 6:50,30,TRAFFIC SIGNAL,FUNCTIONING PROPERLY,RAIN,DAYLIGHT,REAR END,DIVIDED - W/MEDIAN (NOT RAISED),,STRAIGHT AND LEVEL,WET,NO DEFECTS,NOT ON SCENE (DESK REPORT),NO INJURY / DRIVE AWAY,Y,,,"OVER $1,500",4/1/2022 8:20,FOLLOWING TOO CLOSELY,FAILING TO REDUCE SPEED TO AVOID CRASH,8898,W,FOREST PRESERVE AVE,1631,,,,,,,2,NO INDICATION OF INJURY,0,0,0,0,0,2,0,6,5,3,41.93771247,-87.84465089,POINT (-87.844650888709 41.937712468161)
6c336d2a570ed10c0862a80f415ff31e321c53fe46e3eb2e4a4d04a3d4477125264f99ef3b7ab9f82274c17bbf4e412973df29c31b83624fdc6d628e9918a34f,,,3/31/2022 5:15,35,NO CONTROLS,NO CONTROLS,RAIN,"DARKNESS, LIGHTED ROAD",FIXED OBJECT,DIVIDED - W/MEDIAN BARRIER,,STRAIGHT AND LEVEL,WET,NO DEFECTS,ON SCENE,INJURY AND / OR TOW DUE TO CRASH,,,,"OVER $1,500",3/31/2022 5:30,UNABLE TO DETERMINE,UNABLE TO DETERMINE,10531,S,INDIANAPOLIS AVE,432,,,,,,,1,NO INDICATION OF INJURY,0,0,0,0,0,2,0,5,5,3,41.7037831,-87.52512289,POINT (-87.525122892662 41.703783098806)
0d5f109cae37b77007e87de6bb5f641a7a7a7205409ccbaab41e03700f7400d3c8e00e9692650afdaa64be5b9418c2388606426a71ba0addafcbfc5e8aed7268,,,4/1/2022 17:10,25,NO CONTROLS,NO CONTROLS,CLEAR,DAYLIGHT,PARKED MOTOR VEHICLE,ONE-WAY,,STRAIGHT AND LEVEL,DRY,NO DEFECTS,ON SCENE,NO INJURY / DRIVE AWAY,,,,"OVER $1,500",4/1/2022 17:21,DRIVING SKILLS/KNOWLEDGE/EXPERIENCE,DRIVING SKILLS/KNOWLEDGE/EXPERIENCE,8651,S,ESSEX AVE,423,,,,,,,2,NO INDICATION OF INJURY,0,0,0,0,0,1,0,17,6,4,41.73754181,-87.56344149,POINT (-87.563441489981 41.737541805859)
bc273c019b8515c3af418cac3015482739db459c1b05cd7a745c51dd09ef6ede34862a7402546bdc722cf2ca37e2fe33dc095daa6a86df0c79ff3948e40468b6,,,4/1/2022 8:20,20,NO CONTROLS,NO CONTROLS,CLEAR,DAYLIGHT,SIDESWIPE SAME DIRECTION,ONE-WAY,,STRAIGHT AND LEVEL,DRY,NO DEFECTS,ON SCENE,NO INJURY / DRIVE AWAY,,,,"OVER $1,500",4/1/2022 9:00,DRIVING SKILLS/KNOWLEDGE/EXPERIENCE,NOT APPLICABLE,3231,N,SPRINGFIELD AVE,1732,,,Y,,,,2,NO INDICATION OF INJURY,0,0,0,0,0,2,0,8,6,4,41.94001885,-87.72474354,POINT (-87.724743541253 41.940018850907)
40be7a20f8287271ddad11159689cc64c79bb4765b5d9facae5961f0c54f6296ec6df0c7097c5f6b97e4788fb5ac444573e539d69873ba9290e8a7c3cbcae7ab,JF186815,,3/26/2022 0:58,30,NO CONTROLS,NO CONTROLS,CLEAR,"DARKNESS, LIGHTED ROAD",REAR TO FRONT,NOT DIVIDED,,STRAIGHT AND LEVEL,DRY,NO DEFECTS,ON SCENE,NO INJURY / DRIVE AWAY,,,,"OVER $1,500",3/26/2022 0:58,IMPROPER BACKING,NOT APPLICABLE,2149,W,NORTH AVE,1424,,,,,,,2,NO INDICATION OF INJURY,0,0,0,0,0,2,0,0,7,3,41.9102921,-87.68185827,POINT (-87.68185826871 41.910292101501)
414849ce72855e29f5842ef8fc7b499a8fa813da4afc9f847e65d7c43f54543da7dc89324338380c43904ba7c4bd4d6e574cd936dc88e0601e26574e66571fe4,JF170703,,3/11/2022 16:45,30,TRAFFIC SIGNAL,FUNCTIONING PROPERLY,CLEAR,DAYLIGHT,TURNING,T-INTERSECTION,,STRAIGHT AND LEVEL,DRY,NO DEFECTS,ON SCENE,INJURY AND / OR TOW DUE TO CRASH,,,,"OVER $1,500",3/11/2022 16:51,FAILING TO YIELD RIGHT-OF-WAY,UNABLE TO DETERMINE,2000,W,PERSHING RD,912,,,,,,,2,NO INDICATION OF INJURY,0,0,0,0,0,2,0,16,6,3,41.82322071,-87.67515449,POINT (-87.675154484737 41.823220707077)
179c1d61bc2ab156ec30798db3ba183c33adefb3beb06c3f1ac41e50a2b6cad07519047cfde901ca103aba00022d786fa45a4f8e23ba2f6d965a566b3e57b1bf,,,4/1/2022 18:15,30,NO CONTROLS,NO CONTROLS,CLEAR,DAYLIGHT,SIDESWIPE SAME DIRECTION,ONE-WAY,,STRAIGHT AND LEVEL,DRY,NO DEFECTS,NOT ON SCENE (DESK REPORT),NO INJURY / DRIVE AWAY,,,Y,"OVER $1,500",4/1/2022 18:35,IMPROPER OVERTAKING/PASSING,NOT APPLICABLE,3015,W,VAN BUREN ST,1134,,,,,,,2,NO INDICATION OF INJURY,0,0,0,0,0,3,0,18,6,4,41.87580871,-87.70178063,POINT (-87.701780633713 41.875808706352)
3a38e72811e84f2b1098fc6ffdc1e818bd4fe79ecde48a842d64a12c4fb121e50120d7ebe39d9b5698e077153f58dc75c48cdc91fd11f8dab9f7dd90909f73f2,,,3/30/2022 23:00,30,TRAFFIC SIGNAL,FUNCTIONING PROPERLY,UNKNOWN,"DARKNESS, LIGHTED ROAD",PARKED MOTOR VEHICLE,DIVIDED - W/MEDIAN (NOT RAISED),,STRAIGHT AND LEVEL,UNKNOWN,NO DEFECTS,NOT ON SCENE (DESK REPORT),NO INJURY / DRIVE AWAY,,,Y,"OVER $1,500",4/1/2022 14:30,UNABLE TO DETERMINE,UNABLE TO DETERMINE,6351,W,ADDISON ST,1633,,,,,,,2,NO INDICATION OF INJURY,0,0,0,0,0,1,0,23,4,3,41.9455601,-87.7857453,POINT (-87.785745300225 41.945560099081)
7e598aa80433454926e654b2d7abacf8770be6c2509959749368899c2d222a230ab6cc3a63343e749358d426b1167f5b622f282af2bb1e1206327ae376bc5316,,,3/31/2022 14:45,30,TRAFFIC SIGNAL,FUNCTIONING PROPERLY,CLEAR,DAYLIGHT,REAR END,NOT DIVIDED,,STRAIGHT AND LEVEL,DRY,NO DEFECTS,NOT ON SCENE (DESK REPORT),NO INJURY / DRIVE AWAY,,,Y,"OVER $1,500",3/31/2022 18:00,UNABLE TO DETERMINE,UNABLE TO DETERMINE,2002,W,ROOSEVELT RD,1231,,,,,,,2,NO INDICATION OF INJURY,0,0,0,0,0,5,0,14,5,3,41.86686294,-87.67634491,POINT (-87.676344912193 41.866862937627)
109cab427550ae7fbf120befdde82383a114d7fdd9c81d193e724ede84906b3e23fc82bd0ad081fde5a8cd916c5ca5d6063931afb6c6978202ba37731a4191f2,JF178662,,3/18/2022 14:20,30,UNKNOWN,UNKNOWN,UNKNOWN,UNKNOWN,REAR END,UNKNOWN,,STRAIGHT AND LEVEL,UNKNOWN,UNKNOWN,NOT ON SCENE (DESK REPORT),NO INJURY / DRIVE AWAY,,,,"OVER $1,500",3/18/2022 18:15,UNABLE TO DETERMINE,UNABLE TO DETERMINE,6299,S,LAKE SHORE DR,331,,,,,,,2,NO INDICATION OF INJURY,0,0,0,0,0,2,0,14,6,3,,,
f7346b4e32a4b604e70a9495223e19b4b73ead77ed41226689c3f91f5cfffbb47d7a30a9ee309f42bb86e82936a25adb116fad553d23e1885907da10a8ad6982,,,4/1/2022 23:50,30,UNKNOWN,UNKNOWN,CLEAR,"DARKNESS, LIGHTED ROAD",SIDESWIPE SAME DIRECTION,NOT DIVIDED,,STRAIGHT AND LEVEL,DRY,UNKNOWN,ON SCENE,INJURY AND / OR TOW DUE TO CRASH,,,Y,"OVER $1,500",4/1/2022 23:52,FAILING TO REDUCE SPEED TO AVOID CRASH,IMPROPER OVERTAKING/PASSING,3710,W,26TH ST,1013,,,,,,,5,NONINCAPACITATING INJURY,1,0,0,1,0,1,0,23,6,4,41.84445133,-87.71775439,POINT (-87.717754387842 41.844451329045)
beba6eacddec365a75f02259cc8af5b3425540dedd30dcf59f30da54c489fcdeea045269ae5048fbd4205e10f89e94790f04e63fa8e95ab44239eedf72f27632,,,4/1/2022 16:20,30,NO CONTROLS,NO CONTROLS,CLEAR,DAYLIGHT,REAR END,NOT DIVIDED,,STRAIGHT AND LEVEL,DRY,NO DEFECTS,NOT ON SCENE (DESK REPORT),NO INJURY / DRIVE AWAY,,,,"$501 - $1,500",4/1/2022 16:41,NOT APPLICABLE,NOT APPLICABLE,4032,W,MARQUETTE RD,833,,,,,,,2,NO INDICATION OF INJURY,0,0,0,0,0,3,0,16,6,4,41.77146657,-87.72385501,POINT (-87.723855005166 41.771466571703)
88853315581b6eab5bbf0b1e8f075391d3cde74f207ccfe410659fb44ca46905e377f513fdca239652f1599dcc2272f7a595162e1c1de77c47316bef25a21e84,,Y,4/1/2022 13:30,30,NO CONTROLS,NO CONTROLS,CLEAR,DAYLIGHT,SIDESWIPE OPPOSITE DIRECTION,DIVIDED - W/MEDIAN (NOT RAISED),,STRAIGHT AND LEVEL,DRY,NO DEFECTS,NOT ON SCENE (DESK REPORT),NO INJURY / DRIVE AWAY,,,Y,"$501 - $1,500",4/1/2022 19:00,NOT APPLICABLE,UNABLE TO DETERMINE,2345,W,FULLERTON AVE,1432,,,,,,,2,NO INDICATION OF INJURY,0,0,0,0,0,2,0,13,6,4,41.92479775,-87.68695342,POINT (-87.686953417434 41.92479775311)