CRASH_RECORD_ID,RD_NO,CRASH_DATE_EST_I,CRASH_DATE,POSTED_SPEED_LIMIT,TRAFFIC_CONTROL_DEVICE,DEVICE_CONDITION,WEATHER_CONDITION,LIGHTING_CONDITION,FIRST_CRASH_TYPE,TRAFFICWAY_TYPE,LANE_CNT,ALIGNMENT,ROADWAY_SURFACE_COND,ROAD_DEFECT,REPORT_TYPE,CRASH_TYPE,INTERSECTION_RELATED_I,NOT_RIGHT_OF_WAY_I,HIT_AND_RUN_I,DAMAGE,DATE_POLICE_NOTIFIED,PRIM_CONTRIBUTORY_CAUSE,SEC_CONTRIBUTORY_CAUSE,STREET_NO,STREET_DIRECTION,STREET_NAME,BEAT_OF_OCCURRENCE,PHOTOS_TAKEN_I,STATEMENTS_TAKEN_I,DOORING_I,WORK_ZONE_I,WORK_ZONE_TYPE,WORKERS_PRESENT_I,NUM_UNITS,MOST_SEVERE_INJURY,INJURIES_TOTAL,INJURIES_FATAL,INJURIES_INCAPACITATING,INJURIES_NON_INCAPACITATING,INJURIES_REPORTED_NOT_EVIDENT,INJURIES_NO_INDICATION,INJURIES_UNKNOWN,CRASH_HOUR,CRASH_DAY_OF_WEEK,CRASH_MONTH,LATITUDE,LONGITUDE,LOCATION
4869c3fd4e1ca45072d95f1c0b8220dd6dcbd058a149f62e958d076757644da553d8f5fd72b551f410a900047ca01ff5726e8732ee3032421b82d972211f77cb,,,4/1/2022 12:30,30,TRAFFIC SIGNAL,FUNCTIONING PROPERLY,CLEAR,DAYLIGHT,REAR END,DIVIDED - W/MEDIAN BARRIER,,STRAIGHT AND LEVEL,DRY,NO DEFECTS,NOT ON SCENE (DESK REPORT),NO INJURY / DRIVE AWAY,,,,"OVER $1,500",4/1/2022 13:37,FOLLOWING TOO CLOSELY,UNABLE TO DETERMINE,200,E,CERMAK RD,132,,,,,,,2,NO INDICATION OF INJURY,0,0,0,0,0,2,0,12,6,4,41.85299783,-87.62219448,POINT (-87.622194479362 41.852997832724)
4fd7f597c6040b02745eede7674bacef193343943f5fab0e1a6c5f44fe34520bcfc0a8e7df36009b29061e733b96e78690b3d0ce7cf82b3b8ec4352ed281827e,,,4/1/2022 17:03,30,TRAFFIC SIGNAL,FUNCTIONING PROPERLY,CLEAR,DAYLIGHT,REAR END,DIVIDED - W/MEDIAN BARRIER,,STRAIGHT AND LEVEL,DRY,NO DEFECTS,ON SCENE,INJURY AND / OR TOW DUE TO CRASH,Y,,,"OVER $1,500",4/1/2022 17:03,FOLLOWING TOO CLOSELY,FAILING TO REDUCE SPEED TO AVOID CRASH,759,N,ASHLAND AVE,1215,,,,,,,2,NONINCAPACITATING INJURY,1,0,0,1,0,2,0,17,6,4,41.89603005,-87.66714336,POINT (-87.66714335863 41.896030051806)
5327b8e6e4a38d8abb459ff2928fec9ce17a81d0d3a102e9b6b91750740f8e1d63e4ae2fbb40777e8c7848be1b7870812f0ba74c34df831b79ebf1e3e09c5159,,,4/1/2022 14:50,30,TRAFFIC SIGNAL,FUNCTIONING PROPERLY,CLEAR,DAYLIGHT,REAR TO FRONT,NOT DIVIDED,,STRAIGHT AND LEVEL,DRY,NO DEFECTS,ON SCENE,NO INJURY / DRIVE AWAY,,,Y,$500 OR LESS,4/1/2022 14:55,IMPROPER BACKING,NOT APPLICABLE,4785,N,MILWAUKEE AVE,1623,,,,,,,2,NO INDICATION OF INJURY,0,0,0,0,0,2,0,14,6,4,41.96777517,-87.76048292,POINT (-87.760482917048 41.967775173744)
ac5bd98e62444cad06d1c1f81df60f35819d3ee56dd95eedae1ea0572a6f2059c18065da2158fb4a11d8cfb50d3807870078b3ef8339f3d0759d2dd6963e48d0,,,3/30/2022 21:35,30,NO CONTROLS,NO CONTROLS,RAIN,"DARKNESS, LIGHTED ROAD",SIDESWIPE SAME DIRECTION,DIVIDED - W/MEDIAN BARRIER,,STRAIGHT AND LEVEL,WET,NO DEFECTS,ON SCENE,INJURY AND / OR TOW DUE TO CRASH,,,Y,"OVER $1,500",3/30/2022 21:37,"OPERATING VEHICLE IN ERRATIC, RECKLESS, CARELESS, NEGLIGENT OR AGGRESSIVE MANNER",DRIVING SKILLS/KNOWLEDGE/EXPERIENCE,9531,S,STONY ISLAND AVE,431,,,,,,,2,NO INDICATION OF INJURY,0,0,0,0,0,2,0,21,4,3,41.72126772,-87.58483949,POINT (-87.584839485043 41.721267718978)
c2cf414120ce10e5d06e638ea46946ebe3aa30d7cb1f3727d6e99bd40202ecba56c42bb75bf062776b7abbe255f2c578968316a8def2d02c39ce41cad775a872,,,4/1/2022 8:30,30,NO CONTROLS,NO CONTROLS,CLEAR,DAYLIGHT,ANGLE,ONE-WAY,,STRAIGHT AND LEVEL,DRY,NO DEFECTS,NOT ON SCENE (DESK REPORT),NO INJURY / DRIVE AWAY,Y,,,"OVER $1,500",4/1/2022 10:08,DISREGARDING OTHER TRAFFIC SIGNS,DISREGARDING OTHER TRAFFIC SIGNS,5101,S,LUNA AVE,814,,,,,,,2,NO INDICATION OF INJURY,0,0,0,0,0,2,0,8,6,4,41.7999786,-87.76114683,POINT (-87.761146827721 41.799978601465)
95b8fec6958e4f9966af808d01b6c58a8924d59023332e74e94096d2d1e1f1660c9d629c8a45f9c2ceb4ae4a55e7fed877ceff89edaa74884d022023d0e5330c,,Y,3/29/2022 21:30,25,NO CONTROLS,NO CONTROLS,UNKNOWN,UNKNOWN,PARKED MOTOR VEHICLE,ONE-WAY,,STRAIGHT AND LEVEL,UNKNOWN,UNKNOWN,NOT ON SCENE (DESK REPORT),NO INJURY / DRIVE AWAY,,,Y,"OVER $1,500",3/31/2022 11:20,IMPROPER LANE USAGE,UNABLE TO DETERMINE,1741,W,JARVIS AVE,2423,,,,,,,2,NO INDICATION OF INJURY,0,0,0,0,0,1,0,21,3,3,42.01581085,-87.67408728,POINT (-87.674087280791 42.015810845533)
0f7e05c1dbd3d71184cc45ecce1b3f0cb8054a9b55d6ed95c984a63e04813263baa8af104b2a3b1725e9cf344329aa90f83dab082a5611af21311764c08c805d,JF178494,,3/18/2022 16:00,30,NO CONTROLS,NO CONTROLS,CLEAR,DAYLIGHT,REAR END,NOT DIVIDED,,STRAIGHT AND LEVEL,WET,NO DEFECTS,NOT ON SCENE (DESK REPORT),NO INJURY / DRIVE AWAY,,,,"OVER $1,500",3/18/2022 16:00,FOLLOWING TOO CLOSELY,WEATHER,634,E,87TH ST,632,,,,,,,2,NO INDICATION OF INJURY,0,0,0,0,0,2,0,16,6,3,41.73671024,-87.60829977,POINT (-87.608299766964 41.736710243092)
d255f457f2865a96f0395df08cade14fe29ce125a67d478228d6a02b6aabfbc8ead0c733e38f519c60be0c1f80b342cdfd0f95770288327b0adc38b7a96e9c93,,,4/1/2022 17:42,30,NO CONTROLS,NO CONTROLS,CLEAR,DAYLIGHT,PARKED MOTOR VEHICLE,NOT DIVIDED,,STRAIGHT AND LEVEL,DRY,NO DEFECTS,NOT ON SCENE (DESK REPORT),NO INJURY / DRIVE AWAY,,,Y,"OVER $1,500",4/1/2022 19:00,IMPROPER BACKING,NOT APPLICABLE,1560,N,SANDBURG TER,1821,,,,,,,2,NO INDICATION OF INJURY,0,0,0,0,0,1,0,17,6,4,41.91111826,-87.63261971,POINT (-87.632619709988 41.911118258609)
e2654cc878d3f32478932fe4b5f168219e7f771d2c2f535225e3696572b9c48e51c403768fe03303658ef0df266240c17aaccae589fb06479239f327fcf885e1,,Y,4/1/2022 9:00,30,NO CONTROLS,NO CONTROLS,CLEAR,UNKNOWN,PARKED MOTOR VEHICLE,NOT DIVIDED,,STRAIGHT AND LEVEL,DRY,UNKNOWN,NOT ON SCENE (DESK REPORT),NO INJURY / DRIVE AWAY,,,Y,"OVER $1,500",4/1/2022 13:40,UNABLE TO DETERMINE,NOT APPLICABLE,4128,W,ADDISON ST,1732,,,,,,,2,NO INDICATION OF INJURY,0,0,0,0,0,1,0,9,6,4,41.9464468,-87.73028214,POINT (-87.730282141627 41.946446801572)
27f5cea2ba528ced0abc46405da7ae4bb6d6905bdf10219822dc43d11af6b7b730775796ea944a4ca8f1424bb0874835ecee9c54b455e83a185d9eef8d521245,,,4/1/2022 14:00,15,NO CONTROLS,NO CONTROLS,CLEAR,DAYLIGHT,REAR TO SIDE,PARKING LOT,,STRAIGHT AND LEVEL,DRY,NO DEFECTS,ON SCENE,NO INJURY / DRIVE AWAY,,,,"OVER $1,500",4/1/2022 14:05,UNABLE TO DETERMINE,NOT APPLICABLE,7126,W,NORTH AVE,2513,,,,,,,2,NO INDICATION OF INJURY,0,0,0,0,0,2,0,14,6,4,41.90902615,-87.80310214,POINT (-87.803102136727 41.909026146509)
d19cc680715e095e0968bc25906751b9e447522e6862913e4bcb16f738071263de7280bbc25c3505247f6136a4d38acd2373980ec44781fed06893734bccd3c6,,,4/1/2022 10:00,30,STOP SIGN/FLASHER,FUNCTIONING PROPERLY,CLEAR,DAYLIGHT,REAR END,NOT DIVIDED,,STRAIGHT AND LEVEL,UNKNOWN,UNKNOWN,NOT ON SCENE (DESK REPORT),NO INJURY / DRIVE AWAY,,,,$500 OR LESS,4/1/2022 10:36,FOLLOWING TOO CLOSELY,DRIVING SKILLS/KNOWLEDGE/EXPERIENCE,6271,N,CALIFORNIA AVE,2413,,,,,,,2,NO INDICATION OF INJURY,0,0,0,0,0,2,0,10,6,4,41.99568336,-87.69942607,POINT (-87.69942607231 41.995683358666)
4dba5a4422db8ef8073b361348aa16cc18890f38561f0c3336b6270d3ad6312a01f9420da1b43bc43973e3bc22d05c8c018fda37b75da8e19abb2dc769f33e91,,N,4/1/2022 15:33,30,NO CONTROLS,NO CONTROLS,CLEAR,DAYLIGHT,SIDESWIPE OPPOSITE DIRECTION,NOT DIVIDED,,STRAIGHT AND LEVEL,DRY,NO DEFECTS,ON SCENE,NO INJURY / DRIVE AWAY,,,,"$501 - $1,500",4/1/2022 15:36,UNABLE TO DETERMINE,UNABLE TO DETERMINE,1420,W,ARDMORE AVE,2013,,,,,,,2,NO INDICATION OF INJURY,0,0,0,0,0,2,0,15,6,4,41.98820759,-87.6659262,POINT (-87.665926200667 41.98820758707)
8f47a50b1cf1c1fc7af2e128995e3665f3d5ec8f92709401d207438b80856be3f3e76f2d40dae54aa94b4518243413e46a5ba732c8453664286cb733ed7a4f02,,Y,4/1/2022 20:55,35,STOP SIGN/FLASHER,NO CONTROLS,CLEAR,"DARKNESS, LIGHTED ROAD",TURNING,T-INTERSECTION,,STRAIGHT AND LEVEL,DRY,NO DEFECTS,NOT ON SCENE (DESK REPORT),NO INJURY / DRIVE AWAY,,,,"OVER $1,500",4/1/2022 23:30,IMPROPER TURNING/NO SIGNAL,IMPROPER TURNING/NO SIGNAL,4000,S,WESTERN AVE,921,,,,,,,2,NO INDICATION OF INJURY,0,0,0,0,0,2,0,20,6,4,41.82100687,-87.68491087,POINT (-87.684910873598 41.821006868171)
433bd89bcd99846a25b91adb01bf6a06009a3ead54ab9a7ca6c2ac7e5cc9369f1a2ace02bc3ebb1b21758f4d3669191c6eb13555f85a125d0c9752f39574023e,JF170098,,3/11/2022 8:00,30,NO CONTROLS,NO CONTROLS,SNOW,DAYLIGHT,TURNING,NOT DIVIDED,,STRAIGHT ON GRADE,SNOW OR SLUSH,NO DEFECTS,NOT ON SCENE (DESK REPORT),NO INJURY / DRIVE AWAY,Y,,,"$501 - $1,500",3/11/2022 8:10,FAILING TO YIELD RIGHT-OF-WAY,NOT APPLICABLE,1245,E,87TH ST,412,,,,,,,2,NO INDICATION OF INJURY,0,0,0,0,0,2,0,8,6,3,41.73670252,-87.59324212,POINT (-87.593242117997 41.736702522318)
3cada0a6b22db7b9d2eb5efe32e2993280f19f1d461ab52eec983592423dca608642190e7d135745de313538586bd0f96c346d7a15a492ca4cd3114f64c62a74,,N,4/1/2022 18:30,30,NO CONTROLS,NO CONTROLS,CLEAR,DAYLIGHT,SIDESWIPE SAME DIRECTION,DIVIDED - W/MEDIAN (NOT RAISED),,STRAIGHT AND LEVEL,DRY,OTHER,NOT ON SCENE (DESK REPORT),NO INJURY / DRIVE AWAY,,,,"OVER $1,500",4/1/2022 18:55,IMPROPER OVERTAKING/PASSING,FAILING TO YIELD RIGHT-OF-WAY,2155,S,CHINA PL,914,,,,,,,2,NO INDICATION OF INJURY,0,0,0,0,0,2,0,18,6,4,41.85365585,-87.63499087,POINT (-87.634990865266 41.853655846876)
dcb2df1eb8c94dae317437cafbaa46a5fa8a22780f9409484945a7c35a92e9221a7343feed1ff8ab9222117bb4c966bf39fad586407176e39db094c79d02bebe,JF194074,,3/25/2022 10:45,30,NO CONTROLS,NO CONTROLS,CLEAR,DAYLIGHT,OTHER NONCOLLISION,NOT DIVIDED,,STRAIGHT AND LEVEL,DRY,"RUT, HOLES",NOT ON SCENE (DESK REPORT),NO INJURY / DRIVE AWAY,,,,"$501 - $1,500",4/1/2022 18:45,NOT APPLICABLE,NOT APPLICABLE,2616,W,GRAND AVE,1221,,,,,,,1,NO INDICATION OF INJURY,0,0,0,0,0,1,0,10,6,3,41.89272081,-87.69233175,POINT (-87.692331754449 41.892720807167)
0543e9c6ca4211cabf965ee57a673d87edfc3fd699b180f1eb755b12ac040ca8ef5e94bb3cbdb78e96bf3aca7fbf1b48f9c048915a45ed28521cc95c32431430,JF178307,,3/17/2022 17:40,30,TRAFFIC SIGNAL,FUNCTIONING PROPERLY,CLEAR,DAYLIGHT,REAR END,NOT DIVIDED,,STRAIGHT AND LEVEL,UNKNOWN,UNKNOWN,NOT ON SCENE (DESK REPORT),NO INJURY / DRIVE AWAY,,,,"$501 - $1,500",3/18/2022 13:30,FOLLOWING TOO CLOSELY,FOLLOWING TOO CLOSELY,264,N,KEDZIE AVE,1123,,,,,,,2,NO INDICATION OF INJURY,0,0,0,0,0,2,0,17,5,3,41.88629993,-87.70642496,POINT (-87.706424955132 41.886299928577)
1759cbedc100f0a60dfe428a85d0afc33f794b94b009ec731bd01b58c43b83ac5d60d57e89f7861a8a0feef34dba6b139b22fea92a0e437c91187008a7a33c24,JF177106,,3/17/2022 13:16,30,TRAFFIC SIGNAL,FUNCTIONING PROPERLY,CLEAR,DAYLIGHT,REAR END,NOT DIVIDED,,STRAIGHT AND LEVEL,DRY,UNKNOWN,ON SCENE,INJURY AND / OR TOW DUE TO CRASH,,,,"OVER $1,500",3/17/2022 13:39,FOLLOWING TOO CLOSELY,FAILING TO REDUCE SPEED TO AVOID CRASH,4758,W,NORTH AVE,2533,,,,,,,2,NO INDICATION OF INJURY,0,0,0,0,0,5,0,13,5,3,41.90973635,-87.74605345,POINT (-87.746053446805 41.909736347519)
0db115d8526aa21317459570271357588360210ecd2cbcbc14a91838f86d2c092d9dc3b5543600a63742500e989e41e5535ccd9a17ce115f9cc9977e4ff5f4ea,JF178621,,3/18/2022 16:20,30,STOP SIGN/FLASHER,FUNCTIONING PROPERLY,CLEAR,DAYLIGHT,TURNING,NOT DIVIDED,,STRAIGHT AND LEVEL,WET,NO DEFECTS,ON SCENE,NO INJURY / DRIVE AWAY,Y,,Y,"OVER $1,500",3/18/2022 16:25,IMPROPER TURNING/NO SIGNAL,UNABLE TO DETERMINE,5300,S,BLACKSTONE AVE,234,,,,,,,2,NO INDICATION OF INJURY,0,0,0,0,0,2,0,16,6,3,41.79945117,-87.59058164,POINT (-87.590581636237 41.799451172365)
0db675893139163fe512707770cde7cf88d9b55ba3064fd054e7d4305824470b18aafb601524b7e8210fa6e75432358eb3c52efd5a7d3ec9b1942977a48be568,JF177865,,3/18/2022 6:19,30,TRAFFIC SIGNAL,FUNCTIONING PROPERLY,CLEAR,"DARKNESS, LIGHTED ROAD",TURNING,FOUR WAY,,STRAIGHT AND LEVEL,DRY,NO DEFECTS,ON SCENE,INJURY AND / OR TOW DUE TO CRASH,Y,,,"OVER $1,500",3/18/2022 6:30,UNABLE TO DETERMINE,NOT APPLICABLE,1200,N,HUMBOLDT DR,1423,,,,,,,2,INCAPACITATING INJURY,2,0,2,0,0,0,0,6,6,3,41.9029192,-87.70241273,POINT (-87.702412733963 41.902919202792)
14efa2a44f4d63e7d42fd26c30ad68ab19f00fa4075c94f1099dc3086ed9362913d10959f1271902efddc1e223d41e2427ab4c97f43708647094bca5f5a4d062,JF178652,,3/18/2022 9:10,30,NO CONTROLS,NO CONTROLS,RAIN,DUSK,SIDESWIPE SAME DIRECTION,DIVIDED - W/MEDIAN (NOT RAISED),,STRAIGHT AND LEVEL,WET,NO DEFECTS,NOT ON SCENE (DESK REPORT),NO INJURY / DRIVE AWAY,,,,"OVER $1,500",3/18/2022 18:28,FAILING TO YIELD RIGHT-OF-WAY,NOT APPLICABLE,5701,W,FULLERTON AVE,2515,,,,,,,2,NO INDICATION OF INJURY,0,0,0,0,0,2,0,9,6,3,41.92383167,-87.76847884,POINT (-87.768478843667 41.923831671387)
030717273c28ff1e99b2ff0c939b6f1690e7383a9d681d32665f773044f394c2610de35d86b568dc74bbf87276f6361fba0a1feee1064d6dd045607823a81d26,JF177008,,3/14/2022 13:15,30,TRAFFIC SIGNAL,FUNCTIONING PROPERLY,CLEAR,DAYLIGHT,REAR END,DIVIDED - W/MEDIAN (NOT RAISED),,STRAIGHT AND LEVEL,DRY,NO DEFECTS,NOT ON SCENE (DESK REPORT),NO INJURY / DRIVE AWAY,N,,,"$501 - $1,500",3/17/2022 12:35,FOLLOWING TOO CLOSELY,UNABLE TO DETERMINE,2301,N,WESTERN AVE,1432,,,,,,,2,NO INDICATION OF INJURY,0,0,0,0,0,2,0,13,2,3,41.92341512,-87.6874513,POINT (-87.687451302312 41.923415116521)
79c6d0aa865d858c19b989755e0aa19037eaf6d408ee8305caa1a9720dbc1fe27fdd7515644f89535a331395b73bbf894f70b0395e3d3e1bc89eb2242730acb2,,,3/31/2022 13:55,20,NO CONTROLS,NO CONTROLS,CLEAR,DAYLIGHT,PARKED MOTOR VEHICLE,ONE-WAY,,STRAIGHT AND LEVEL,DRY,NO DEFECTS,ON SCENE,NO INJURY / DRIVE AWAY,,,Y,$500 OR LESS,3/31/2022 13:57,UNABLE TO DETERMINE,UNABLE TO DETERMINE,6950,S,ARTESIAN AVE,832,,,,,,,2,NO INDICATION OF INJURY,0,0,0,0,0,1,0,13,5,3,41.76681147,-87.68467126,POINT (-87.684671261306 41.766811467186)
96e12e523cb61a3879a234a1344a051e58622a523517ad3123013bb9cfd14d8d221b231b6a3645998261191d7c7f213f4dd4695f16a3e628ff8103243a1741cd,,,4/1/2022 20:00,30,TRAFFIC SIGNAL,FUNCTIONING PROPERLY,CLEAR,DUSK,REAR END,FOUR WAY,,STRAIGHT AND LEVEL,DRY,NO DEFECTS,NOT ON SCENE (DESK REPORT),NO INJURY / DRIVE AWAY,,,Y,"$501 - $1,500",4/1/2022 20:30,FOLLOWING TOO CLOSELY,NOT APPLICABLE,6299,S,CENTRAL AVE,813,,,,,,,2,NO INDICATION OF INJURY,0,0,0,0,0,2,0,20,6,4,41.77814872,-87.76157259,POINT (-87.761572593587 41.778148719622)
ae6c47afd628ee4b7e235ef80ad476d7f8bd14fb5022aaf8f6e7465c9cd2e383c948c871c633d0aa93c9ebfc6193a67cf2fbb5724519251581f38ea56cda30a6,,,4/1/2022 15:57,30,TRAFFIC SIGNAL,FUNCTIONING PROPERLY,CLEAR,DAYLIGHT,REAR END,DIVIDED - W/MEDIAN (NOT RAISED),,STRAIGHT AND LEVEL,DRY,NO DEFECTS,ON SCENE,INJURY AND / OR TOW DUE TO CRASH,,,,"OVER $1,500",4/1/2022 15:57,FOLLOWING TOO CLOSELY,DISREGARDING OTHER TRAFFIC SIGNS,801,W,NORTH AVE,1822,,,,,,,2,INCAPACITATING INJURY,3,0,1,2,0,0,0,15,6,4,41.91080902,-87.64833033,POINT (-87.648330325234 41.910809016625)
e51c9eca11a3926d2c04e69b3a9d119aae3fa5f925fab8781849cdffac5fb351057782639d4cc1e7192f7ba26a27f1c9c6e3aa928500528d02fd3e5241977b9d,,,4/1/2022 17:06,30,NO CONTROLS,NO CONTROLS,CLEAR,DAYLIGHT,REAR END,ONE-WAY,,STRAIGHT AND LEVEL,DRY,NO DEFECTS,NOT ON SCENE (DESK REPORT),NO INJURY / DRIVE AWAY,,,,"$501 - $1,500",4/1/2022 17:30,NOT APPLICABLE,NOT APPLICABLE,6300,S,KILDARE AVE,813,,,,,,,2,NO INDICATION OF INJURY,0,0,0,0,0,2,0,17,6,4,41.77854113,-87.73021959,POINT (-87.730219590807 41.778541132384)
48c6c9605601155ebe9f3c6081c83410e97254c0654b699a2e40896c875d19fa9709384ff162ca218de4b6b1912da3783c5beccf8f7aff7c47c58b218b08cebc,,,4/1/2022 16:41,30,UNKNOWN,UNKNOWN,CLEAR,DAYLIGHT,REAR TO SIDE,NOT DIVIDED,,STRAIGHT AND LEVEL,DRY,UNKNOWN,ON SCENE,INJURY AND / OR TOW DUE TO CRASH,,,,"OVER $1,500",4/1/2022 16:43,UNABLE TO DETERMINE,UNABLE TO DETERMINE,3683,W,GRAND AVE,2535,,,,,,,4,"REPORTED, NOT EVIDENT",1,0,0,0,1,3,0,16,6,4,41.90316982,-87.71919924,POINT (-87.719199243269 41.903169819555)
32826b7e6aae50ecceb60f5b8a748688b65f05679e27eefc60fbc18ac0e859937a1266b632d4a94381f1a9560cd678544ec5b73720b771e60508244004173722,,,4/1/2022 22:30,30,TRAFFIC SIGNAL,UNKNOWN,CLEAR,"DARKNESS, LIGHTED ROAD",REAR END,FOUR WAY,,STRAIGHT AND LEVEL,UNKNOWN,UNKNOWN,NOT ON SCENE (DESK REPORT),NO INJURY / DRIVE AWAY,,,Y,"$501 - $1,500",4/1/2022 23:50,"OPERATING VEHICLE IN ERRATIC, RECKLESS, CARELESS, NEGLIGENT OR AGGRESSIVE MANNER","OPERATING VEHICLE IN ERRATIC, RECKLESS, CARELESS, NEGLIGENT OR AGGRESSIVE MANNER",2002,N,CICERO AVE,2522,,,,,,,2,NO INDICATION OF INJURY,0,0,0,0,0,2,0,22,6,4,41.91703182,-87.74626372,POINT (-87.746263718306 41.917031824409)
5ead8be2d4375fc581bf8ede6b7a0505b7dbe9de5ab47b49f59af1867706693dc99473b4dd5d5c06fa4accb70dbaa78bd1ba94d77477f78eca9e50c33a68b611,,,4/1/2022 17:50,15,NO CONTROLS,NO CONTROLS,CLEAR,DAYLIGHT,REAR TO SIDE,ALLEY,,STRAIGHT AND LEVEL,DRY,NO DEFECTS,ON SCENE,NO INJURY / DRIVE AWAY,,,,"$501 - $1,500",4/1/2022 17:52,FAILING TO YIELD RIGHT-OF-WAY,NOT APPLICABLE,1349,W,BELMONT AVE,1933,,,,,,,2,NO INDICATION OF INJURY,0,0,0,0,0,2,0,17,6,4,41.93966661,-87.66311574,POINT (-87.663115737407 41.93966660894)
2b66dbc4482a1cda3db81aa961930d6b9558c6c97430e1f3b8558267eae25d7b8fb989648b4467f1016f7981c0bda03a6dd876b00aabedbbdc921d52744c5b2f,,,4/1/2022 7:30,30,TRAFFIC SIGNAL,FUNCTIONING PROPERLY,CLEAR,DAYLIGHT,SIDESWIPE SAME DIRECTION,FOUR WAY,,STRAIGHT AND LEVEL,DRY,NO DEFECTS,ON SCENE,NO INJURY / DRIVE AWAY,Y,,,"OVER $1,500",4/1/2022 8:00,IMPROPER OVERTAKING/PASSING,NOT APPLICABLE,1955,S,CANALPORT AVE,1235,,,,,,,2,NO INDICATION OF INJURY,0,0,0,0,0,2,0,7,6,4,41.85581845,-87.64365693,POINT (-87.643656931931 41.855818449182)
6fbe18eff2af4fce11a5c3649c39af8cb1fe4e0ee59120d6be4f99f20333ce486ab32014a462d01fe5302ef43b089b3daf8b50dfe9c68fe23bca97293683488f,,,4/1/2022 17:55,25,STOP SIGN/FLASHER,FUNCTIONING PROPERLY,CLEAR,DAYLIGHT,ANGLE,NOT DIVIDED,,STRAIGHT AND LEVEL,UNKNOWN,NO DEFECTS,NOT ON SCENE (DESK REPORT),INJURY AND / OR TOW DUE TO CRASH,Y,,Y,"$501 - $1,500",4/1/2022 18:30,UNABLE TO DETERMINE,NOT APPLICABLE,5630,W,DIVISION ST,2531,,,,,,,2,"REPORTED, NOT EVIDENT",1,0,0,0,1,1,0,17,6,4,41.90223624,-87.76680922,POINT (-87.76680922424 41.902236236579)
bebe77247feebe62bf0483c6cee7ffa714508b9983b3defc13305d16f1fc0e6a86ad1eeb29b7296994592466ce225ea869551ae590404da66bc13f8d069e0f24,,,4/1/2022 14:45,30,NO CONTROLS,NO CONTROLS,CLEAR,DAYLIGHT,SIDESWIPE SAME DIRECTION,NOT DIVIDED,,STRAIGHT AND LEVEL,DRY,NO DEFECTS,NOT ON SCENE (DESK REPORT),NO INJURY / DRIVE AWAY,,,Y,"OVER $1,500",4/1/2022 17:55,DRIVING SKILLS/KNOWLEDGE/EXPERIENCE,UNABLE TO DETERMINE,2300,W,63RD ST,825,,,,,,,2,NO INDICATION OF INJURY,0,0,0,0,0,2,0,14,6,4,41.7793222,-87.68115454,POINT (-87.681154539751 41.779322196128)
8021d0bcbf8f89ff892f6c494929a2a7d8b3329dcba3c9b6c31682a39520d04fe8dd81d7dcde98ee27b436af98cfafa61726ef0fdd6e5d62fdfef3761c6a7bec,,,4/1/2022 17:19,30,TRAFFIC SIGNAL,FUNCTIONING PROPERLY,CLEAR,DAYLIGHT,TURNING,NOT DIVIDED,,STRAIGHT AND LEVEL,DRY,UNKNOWN,NOT ON SCENE (DESK REPORT),NO INJURY / DRIVE AWAY,,,Y,$500 OR LESS,4/1/2022 17:47,UNABLE TO DETERMINE,UNABLE TO DETERMINE,1158,S,CICERO AVE,1533,,,,,,,2,NO INDICATION OF INJURY,0,0,0,0,0,2,0,17,6,4,41.8659742,-87.74490349,POINT (-87.744903494382 41.865974196113)
03a7e6d3855a70cdab7ca3cc911e1bfdd501c0b12f9f14228336a7b564a5ba0f8dbc5d29dcd39c1d465100433a4003be31f970aff41495b50fc3a2207fcb9a6c,JF177620,,3/17/2022 19:48,30,NO CONTROLS,NO CONTROLS,CLOUDY/OVERCAST,"DARKNESS, LIGHTED ROAD",PARKED MOTOR VEHICLE,DIVIDED - W/MEDIAN (NOT RAISED),,STRAIGHT AND LEVEL,DRY,NO DEFECTS,NOT ON SCENE (DESK REPORT),INJURY AND / OR TOW DUE TO CRASH,,,,"OVER $1,500",3/17/2022 20:45,DISTRACTION - FROM INSIDE VEHICLE,NOT APPLICABLE,7500,S,GREEN ST,621,,,,,,,2,NO INDICATION OF INJURY,0,0,0,0,0,1,0,19,5,3,41.75762839,-87.6455797,POINT (-87.645579700595 41.757628390408)
0e9bad9b20db82acbc0bb11602effd5fa845ebe48bd2ed5cc2b8eb39060ab2be816881ffe3e53df80008b704b8ef1ae9bf8290428102df3e22f22578dc43ab03,JF177031,,3/17/2022 12:00,30,NO CONTROLS,NO CONTROLS,CLEAR,DAYLIGHT,SIDESWIPE SAME DIRECTION,DIVIDED - W/MEDIAN (NOT RAISED),,STRAIGHT AND LEVEL,DRY,UNKNOWN,NOT ON SCENE (DESK REPORT),NO INJURY / DRIVE AWAY,,,,"OVER $1,500",3/17/2022 13:00,UNABLE TO DETERMINE,UNABLE TO DETERMINE,6401,N,MILWAUKEE AVE,1611,,,,,,,2,NO INDICATION OF INJURY,0,0,0,0,0,2,0,12,5,3,41.9975074,-87.78783595,POINT (-87.787835945613 41.997507395072)