CRASH_RECORD_ID,RD_NO,CRASH_DATE_EST_I,CRASH_DATE,POSTED_SPEED_LIMIT,TRAFFIC_CONTROL_DEVICE,DEVICE_CONDITION,WEATHER_CONDITION,LIGHTING_CONDITION,FIRST_CRASH_TYPE,TRAFFICWAY_TYPE,LANE_CNT,ALIGNMENT,ROADWAY_SURFACE_COND,ROAD_DEFECT,REPORT_TYPE,CRASH_TYPE,INTERSECTION_RELATED_I,NOT_RIGHT_OF_WAY_I,HIT_AND_RUN_I,DAMAGE,DATE_POLICE_NOTIFIED,PRIM_CONTRIBUTORY_CAUSE,SEC_CONTRIBUTORY_CAUSE,STREET_NO,STREET_DIRECTION,STREET_NAME,BEAT_OF_OCCURRENCE,PHOTOS_TAKEN_I,STATEMENTS_TAKEN_I,DOORING_I,WORK_ZONE_I,WORK_ZONE_TYPE,WORKERS_PRESENT_I,NUM_UNITS,MOST_SEVERE_INJURY,INJURIES_TOTAL,INJURIES_FATAL,INJURIES_INCAPACITATING,INJURIES_NON_INCAPACITATING,INJURIES_REPORTED_NOT_EVIDENT,INJURIES_NO_INDICATION,INJURIES_UNKNOWN,CRASH_HOUR,CRASH_DAY_OF_WEEK,CRASH_MONTH,LATITUDE,LONGITUDE,LOCATION
100d06e4aa23af52efacaea1de3b562f977e278bdcba9a9df09dc30b4c1ca9f5e878ebb7857661cd73f30d9377b9bbc159eb3ee5e9deb575e662657de7d11896,JF178154,,3/17/2022 23:00,30,NO CONTROLS,FUNCTIONING PROPERLY,CLEAR,DARKNESS,PARKED MOTOR VEHICLE,ONE-WAY,,STRAIGHT AND LEVEL,DRY,NO DEFECTS,ON SCENE,NO INJURY / DRIVE AWAY,,,Y,"OVER $1,500",3/18/2022 10:51,UNABLE TO DETERMINE,UNABLE TO DETERMINE,4410,W,ADAMS ST,1113,,,,,,,2,NO INDICATION OF INJURY,0,0,0,0,0,1,0,23,5,3,41.87796287,-87.73588612,POINT (-87.735886121625 41.877962864788)
ef7d7a180e97aa95c4da5816fc35c9c75823b3d08045de9fd03b554cc36fef3561e338d5b1bc3815f172cd393b12595fa50df7a0f54e06a2d064b144554a86f7,,,4/1/2022 7:51,30,TRAFFIC SIGNAL,FUNCTIONING PROPERLY,CLEAR,DAYLIGHT,PEDESTRIAN,NOT DIVIDED,,STRAIGHT AND LEVEL,DRY,NO DEFECTS,ON SCENE,INJURY AND / OR TOW DUE TO CRASH,Y,,,$500 OR LESS,4/1/2022 7:52,DISREGARDING TRAFFIC SIGNALS,FAILING TO YIELD RIGHT-OF-WAY,2459,S,CENTRAL PARK AVE,1024,,,,,,,2,NONINCAPACITATING INJURY,1,0,0,1,0,1,0,7,6,4,41.84631377,-87.71469711,POINT (-87.71469711066 41.846313772436)
11db2092af26eef7373fe9323c60582e3ae97f4638a1e982cebdc5bdc5a65a897821349f29642ba6b81b70a817d9a39f3c187d5860b2bf2f7789079f806dd479,,,4/1/2022 17:40,30,FLASHING CONTROL SIGNAL,FUNCTIONING PROPERLY,CLEAR,DAYLIGHT,TURNING,ONE-WAY,,STRAIGHT AND LEVEL,DRY,NO DEFECTS,ON SCENE,NO INJURY / DRIVE AWAY,,,,"OVER $1,500",4/1/2022 17:40,DRIVING SKILLS/KNOWLEDGE/EXPERIENCE,NOT APPLICABLE,415,S,FRANKLIN ST,122,,,,,,,2,NO INDICATION OF INJURY,0,0,0,0,0,2,0,17,6,4,41.87652612,-87.63502146,POINT (-87.635021456413 41.876526118892)
40579cb47c61e4da85efb8c861b3eef2f343a4138a75c4acffd77d6d1cce58a9d3c764d475dc9547fea56bf2f1e0f7ed6ddb2d0bc0d7ebfdfaaaf2797febf2e4,,,4/1/2022 14:30,30,STOP SIGN/FLASHER,FUNCTIONING PROPERLY,CLEAR,DAYLIGHT,SIDESWIPE SAME DIRECTION,DIVIDED - W/MEDIAN (NOT RAISED),,STRAIGHT AND LEVEL,DRY,NO DEFECTS,NOT ON SCENE (DESK REPORT),NO INJURY / DRIVE AWAY,,,,"OVER $1,500",4/1/2022 14:50,IMPROPER LANE USAGE,"VISION OBSCURED (SIGNS, TREE LIMBS, BUILDINGS, ETC.)",2333,E,95TH ST,431,,,,,,,2,NO INDICATION OF INJURY,0,0,0,0,0,2,0,14,6,4,41.72246624,-87.56667305,POINT (-87.566673052077 41.722466241998)
69c706ae43ea42e2a0d3e3f82e80af9d930a21bb7fa14153c3d06b92890345aec490e87b1ba3be45383f352b2e7f81dd1452df03b798b19e52a3f0a3d2963f3e,JF139841,,2/10/2022 6:40,30,TRAFFIC SIGNAL,FUNCTIONING PROPERLY,CLEAR,DAYLIGHT,REAR END,NOT DIVIDED,,STRAIGHT AND LEVEL,DRY,NO DEFECTS,,NO INJURY / DRIVE AWAY,,,,"$501 - $1,500",2/10/2022 10:30,FOLLOWING TOO CLOSELY,FOLLOWING TOO CLOSELY,8256,S,KEDZIE AVE,834,,,,,,,2,NO INDICATION OF INJURY,0,0,0,0,0,2,0,6,5,2,41.74264252,-87.70234797,POINT (-87.702347968211 41.742642521474)
05daeaa3d647854c24c94d19abe668fa6530cb14249e6ff1536e7aa4f4dd0adf63b11a929c4619441fba1bd2bd54cc375e416d91a08201649e5de995e02ca1f6,JF178603,,3/18/2022 17:12,35,TRAFFIC SIGNAL,FUNCTIONING PROPERLY,RAIN,DAYLIGHT,TURNING,FOUR WAY,,STRAIGHT AND LEVEL,WET,NO DEFECTS,ON SCENE,INJURY AND / OR TOW DUE TO CRASH,Y,,,"OVER $1,500",3/18/2022 17:13,IMPROPER BACKING,IMPROPER TURNING/NO SIGNAL,1200,S,CLINTON ST,124,,,,,,,2,NO INDICATION OF INJURY,0,0,0,0,0,2,0,17,6,3,41.86715619,-87.64086711,POINT (-87.640867110581 41.867156188799)
145a0a9cf3e7f920aeba69cd662ed94390748bad2966cf0ca82f7607ac377cdda964aa1c1179b4e3a476ebfbfd8c71d94ede9e4b56f31cd5886ba5b8cb20d619,JF178432,,3/18/2022 15:27,35,NO CONTROLS,NO CONTROLS,RAIN,DAYLIGHT,SIDESWIPE SAME DIRECTION,DIVIDED - W/MEDIAN BARRIER,,STRAIGHT AND LEVEL,WET,NO DEFECTS,ON SCENE,NO INJURY / DRIVE AWAY,,,,$500 OR LESS,3/18/2022 15:27,UNABLE TO DETERMINE,IMPROPER LANE USAGE,42,W,GARFIELD BLVD,225,,,,,,,2,NO INDICATION OF INJURY,0,0,0,0,0,3,0,15,6,3,41.79473096,-87.6273776,POINT (-87.627377597373 41.794730961636)
0a048f68ede40ff2012c67bff44c5adc824ac0ce1ff821e21c80cc567b397275a9a6565d543a1a23d955b755fc63a576d08ec1b9362a5b8f108f9d259b1f35fb,JF175897,,3/16/2022 13:00,35,TRAFFIC SIGNAL,FUNCTIONING PROPERLY,CLEAR,DAYLIGHT,SIDESWIPE SAME DIRECTION,DIVIDED - W/MEDIAN (NOT RAISED),,STRAIGHT AND LEVEL,DRY,NO DEFECTS,NOT ON SCENE (DESK REPORT),NO INJURY / DRIVE AWAY,Y,,Y,"OVER $1,500",3/16/2022 14:30,IMPROPER OVERTAKING/PASSING,UNABLE TO DETERMINE,8800,S,HALSTED ST,2223,,,,,,,2,NO INDICATION OF INJURY,0,0,0,0,0,2,0,13,4,3,41.73422263,-87.64371259,POINT (-87.643712589891 41.734222630546)
7d7c2d5d41a88ee81d2556fac8db0911a44fb4a38e9472c90effbfc34030e50bdabb8ef572b33c2407366cdedc6da5a437c795ecd19986fddb2f305fc53aa6a3,,,3/31/2022 12:40,30,STOP SIGN/FLASHER,FUNCTIONING PROPERLY,RAIN,DAYLIGHT,TURNING,NOT DIVIDED,,STRAIGHT AND LEVEL,WET,NO DEFECTS,ON SCENE,INJURY AND / OR TOW DUE TO CRASH,Y,,,"OVER $1,500",3/31/2022 12:45,FAILING TO YIELD RIGHT-OF-WAY,FAILING TO REDUCE SPEED TO AVOID CRASH,2000,W,72ND ST,735,,,,,,,2,INCAPACITATING INJURY,3,0,1,0,2,0,0,12,5,3,41.76308808,-87.67355124,POINT (-87.673551234992 41.763088083347)
4cdb76aac3d3d318e7fe6a80de12490548767a24740e5eb94a5d94bbe00b0a5bd95f4a7faf3f2ea9f44b6592eb38523d6e425cfa14bc4fbb5ea80cb8d9afeca1,,,4/1/2022 14:35,20,NO CONTROLS,NO CONTROLS,CLEAR,DAYLIGHT,PARKED MOTOR VEHICLE,PARKING LOT,,STRAIGHT AND LEVEL,DRY,NO DEFECTS,ON SCENE,NO INJURY / DRIVE AWAY,,,,$500 OR LESS,4/1/2022 14:36,NOT APPLICABLE,NOT APPLICABLE,2000,W,43RD ST,924,,,,,,,2,NO INDICATION OF INJURY,0,0,0,0,0,3,0,14,6,4,41.8158991,-87.6748263,POINT (-87.674826301892 41.815899098328)
f1e633c691ba0421d6069f675d1464370693e3a0aca3524f6840dfcdc972754390128fa1989e51e8842676fe097d49d109a46d1a41c528afd96f7d500630bd5d,,Y,4/1/2022 23:15,30,TRAFFIC SIGNAL,FUNCTIONING PROPERLY,CLEAR,"DARKNESS, LIGHTED ROAD",PEDESTRIAN,FOUR WAY,,STRAIGHT AND LEVEL,DRY,NO DEFECTS,ON SCENE,INJURY AND / OR TOW DUE TO CRASH,Y,,Y,"OVER $1,500",4/1/2022 23:40,FAILING TO YIELD RIGHT-OF-WAY,NOT APPLICABLE,200,W,111TH ST,513,,,,,,,2,NONINCAPACITATING INJURY,1,0,0,1,0,1,0,23,6,4,41.69263466,-87.62802991,POINT (-87.628029909331 41.692634657761)
291823d33b570fe9419b8859347c9543e6c671935c050373226644a02010fd3e9d7aa19ca11a1e8358c37b7032b386783f69198e754306b93e4fb552d76f05f5,,,4/1/2022 18:12,30,NO CONTROLS,NO CONTROLS,CLEAR,DAYLIGHT,PARKED MOTOR VEHICLE,NOT DIVIDED,,STRAIGHT AND LEVEL,DRY,NO DEFECTS,NOT ON SCENE (DESK REPORT),NO INJURY / DRIVE AWAY,,,Y,"$501 - $1,500",4/1/2022 19:21,NOT APPLICABLE,NOT APPLICABLE,3100,W,51ST ST,923,,,,,,,2,NO INDICATION OF INJURY,0,0,0,0,0,1,0,18,6,4,41.80097202,-87.70138976,POINT (-87.701389755833 41.800972017784)
9ac597db16e426f26cbf5cbf59eb186139de1e5263d94e92f2a1fd482f13782c9a6e76b810fe3a92ae99ae266ccfebb974df015fcdc9fec4b593ea7664499852,,,4/1/2022 7:50,15,NO CONTROLS,NO CONTROLS,CLEAR,DAYLIGHT,PARKED MOTOR VEHICLE,PARKING LOT,,STRAIGHT AND LEVEL,DRY,NO DEFECTS,ON SCENE,NO INJURY / DRIVE AWAY,,,,"OVER $1,500",4/1/2022 8:35,DRIVING SKILLS/KNOWLEDGE/EXPERIENCE,UNABLE TO DETERMINE,5414,N,CUMBERLAND AVE,1614,,,,,,,2,NO INDICATION OF INJURY,0,0,0,0,0,1,0,7,6,4,41.97793771,-87.83674403,POINT (-87.836744031458 41.977937708345)
080cdea31589d84503046036e9d2b6d0da4bc1f47a51909c9ee6cdeb65dbaf0e7fcfe917daf876f01a76015b016d727fdce18936049a2ce78e78d16bcc4ab0cc,JF178189,,3/18/2022 6:15,30,STOP SIGN/FLASHER,FUNCTIONING PROPERLY,CLEAR,DAYLIGHT,ANGLE,DIVIDED - W/MEDIAN (NOT RAISED),,STRAIGHT AND LEVEL,DRY,NO DEFECTS,NOT ON SCENE (DESK REPORT),INJURY AND / OR TOW DUE TO CRASH,,,,"OVER $1,500",3/18/2022 12:20,UNABLE TO DETERMINE,UNABLE TO DETERMINE,772,N,MILWAUKEE AVE,1214,,,,,,,2,NO INDICATION OF INJURY,0,0,0,0,0,2,0,6,6,3,41.89579624,-87.6549536,POINT (-87.654953595644 41.895796244484)
01eb58511fa38149a3278d1c3d5b6559b99f824cd1ed2910458258e9ebe4fd674436e3ab6f80e9fb5c5fa7a098b78cb8e4677d7bfd2d2a118f5bdffd88f5c712,JF178937,Y,3/19/2022 0:56,30,NO CONTROLS,NO CONTROLS,CLEAR,"DARKNESS, LIGHTED ROAD",FIXED OBJECT,NOT DIVIDED,,STRAIGHT ON GRADE,WET,NO DEFECTS,ON SCENE,NO INJURY / DRIVE AWAY,,Y,Y,"OVER $1,500",3/19/2022 0:56,UNABLE TO DETERMINE,NOT APPLICABLE,4734,S,JUSTINE ST,933,,,,,,,1,NO INDICATION OF INJURY,0,0,0,0,0,4,0,0,7,3,41.80760635,-87.66387492,POINT (-87.663874917338 41.807606349484)
1034998cd3e79f807f3227f05578f6af598cef5f1606c866c3a6570c01d93f5919a5640735a00c5c178706d146d246f4abafc545a83fb6b4dc79d71f4e355dd7,JF177269,,3/17/2022 15:27,30,NO CONTROLS,NO CONTROLS,UNKNOWN,UNKNOWN,TURNING,NOT DIVIDED,,STRAIGHT AND LEVEL,UNKNOWN,UNKNOWN,NOT ON SCENE (DESK REPORT),NO INJURY / DRIVE AWAY,,,N,"$501 - $1,500",3/17/2022 16:00,UNABLE TO DETERMINE,NOT APPLICABLE,8514,S,LOOMIS BLVD,614,,,,,,,2,NO INDICATION OF INJURY,0,0,0,0,0,2,0,15,5,3,41.73901512,-87.65843391,POINT (-87.658433908112 41.73901511958)
199d7cc4b04a46fe044e666ab686200d03d2b973e36352fc405b7a8b53baf05f0f0bb0cd947620a4f8a4bf821b7aa1a1581466c1578a70b2cc52fe36467a26e4,,,4/1/2022 22:25,30,TRAFFIC SIGNAL,FUNCTIONING PROPERLY,CLEAR,"DARKNESS, LIGHTED ROAD",REAR END,FOUR WAY,,STRAIGHT AND LEVEL,DRY,"RUT, HOLES",NOT ON SCENE (DESK REPORT),NO INJURY / DRIVE AWAY,Y,,,"OVER $1,500",4/1/2022 23:00,IMPROPER OVERTAKING/PASSING,IMPROPER LANE USAGE,5523,S,WENTWORTH AVE,225,,,,,,,2,NO INDICATION OF INJURY,0,0,0,0,0,3,0,22,6,4,41.79346295,-87.6303402,POINT (-87.63034019773 41.793462947994)
66a5b8850a4883b44f10bced4934efc5dd2107d0654bc5573bd17796779bf9254c9d54f4be35ce6da70116c17cc95a84010bb82bd787dbb5688d821e826210b7,,,4/1/2022 6:59,30,TRAFFIC SIGNAL,FUNCTIONING PROPERLY,CLEAR,DAYLIGHT,REAR END,ONE-WAY,,STRAIGHT AND LEVEL,DRY,NO DEFECTS,ON SCENE,INJURY AND / OR TOW DUE TO CRASH,,,,"$501 - $1,500",4/1/2022 6:59,UNDER THE INFLUENCE OF ALCOHOL/DRUGS (USE WHEN ARREST IS EFFECTED),UNDER THE INFLUENCE OF ALCOHOL/DRUGS (USE WHEN ARREST IS EFFECTED),499,S,DEARBORN ST,113,,,,,,,2,NO INDICATION OF INJURY,0,0,0,0,0,3,0,6,6,4,41.87569278,-87.6290937,POINT (-87.629093696352 41.875692778695)
564185c1fa7c3cfe69d725f7e0f0443b3936656217790e22e4221ea3ed4493816e1f5d475cee27c5cfbca4d4cf7d55753708b47fccbe6064da86d9a8f38985d5,,,4/1/2022 17:20,30,TRAFFIC SIGNAL,FUNCTIONING PROPERLY,CLEAR,DAYLIGHT,SIDESWIPE SAME DIRECTION,NOT DIVIDED,,STRAIGHT AND LEVEL,DRY,NO DEFECTS,NOT ON SCENE (DESK REPORT),NO INJURY / DRIVE AWAY,Y,,,"OVER $1,500",4/1/2022 18:20,UNABLE TO DETERMINE,NOT APPLICABLE,50,E,CONGRESS PKWY,113,,,,,,,2,NO INDICATION OF INJURY,0,0,0,0,0,2,0,17,6,4,41.8758026,-87.62573441,POINT (-87.625734412266 41.875802599285)
d8978916f481e94b5c3b386a2b4e870f917f09fb341552915e975468c839227bd90f34c070bd914fa00458819da87172cb2ddbd46dc7a9b25aef52ebdca207bb,,Y,4/1/2022 5:00,30,NO CONTROLS,NO CONTROLS,UNKNOWN,"DARKNESS, LIGHTED ROAD",PARKED MOTOR VEHICLE,NOT DIVIDED,,STRAIGHT AND LEVEL,UNKNOWN,NO DEFECTS,ON SCENE,NO INJURY / DRIVE AWAY,,,Y,"OVER $1,500",4/1/2022 9:18,UNABLE TO DETERMINE,UNABLE TO DETERMINE,1546,W,JONQUIL TER,2422,,,,,,,2,NO INDICATION OF INJURY,0,0,0,0,0,1,0,5,6,4,42.02125907,-87.67017721,POINT (-87.670177208535 42.021259069359)
b0c54f1c5964b1a89f21228df229526ffd67f4794db67ed885d9686e37479fabfb3f3292cb55d034e93f7b997b7461854e566c191d95c905c3b7e0f4b351df4d,,,4/1/2022 12:00,30,NO CONTROLS,NO CONTROLS,CLEAR,DAYLIGHT,ANGLE,FOUR WAY,,STRAIGHT AND LEVEL,DRY,NO DEFECTS,NOT ON SCENE (DESK REPORT),NO INJURY / DRIVE AWAY,,,Y,$500 OR LESS,4/1/2022 12:40,IMPROPER BACKING,FAILING TO REDUCE SPEED TO AVOID CRASH,4446,S,FAIRFIELD AVE,922,,,,,,,2,NO INDICATION OF INJURY,0,0,0,0,0,2,0,12,6,4,41.81236006,-87.69325355,POINT (-87.693253548711 41.81236006317)
30f011fd6383a2d852d710f4994eea71260f7d2b596023186962c8175d45a8f5eef98d8e61e1cd77c69ce8d30d46fa62f1176dcaea39dfc4fff1ca5a803293f4,,,4/1/2022 11:30,30,NO CONTROLS,NO CONTROLS,CLEAR,DAYLIGHT,PARKED MOTOR VEHICLE,ONE-WAY,,STRAIGHT AND LEVEL,UNKNOWN,UNKNOWN,NOT ON SCENE (DESK REPORT),NO INJURY / DRIVE AWAY,,,,$500 OR LESS,4/1/2022 15:24,IMPROPER OVERTAKING/PASSING,UNABLE TO DETERMINE,4611,N,DOVER ST,1913,,,,,,,2,NO INDICATION OF INJURY,0,0,0,0,0,1,0,11,6,4,41.96567668,-87.66535963,POINT (-87.665359626807 41.965676683261)
04e4df5934e8c214feaed16c8ea45ad787a213fb4dcbebc4ec1f756381ff12bba0b6b650b536791b89ac0ad50ec5ef58f6b1997e69a2dab4c65ed2638f1fda05,JF178812,,3/18/2022 19:58,35,NO CONTROLS,NO CONTROLS,RAIN,DARKNESS,TURNING,DIVIDED - W/MEDIAN (NOT RAISED),,STRAIGHT AND LEVEL,WET,NO DEFECTS,ON SCENE,NO INJURY / DRIVE AWAY,,,,"OVER $1,500",3/18/2022 19:58,UNABLE TO DETERMINE,UNABLE TO DETERMINE,1710,N,KOSTNER AVE,2533,,,,,,,2,NO INDICATION OF INJURY,0,0,0,0,0,2,0,19,6,3,41.91194623,-87.73632108,POINT (-87.736321081128 41.91194623298)
00740d8e95c27702dc0c3c1a080b2f1b3941151d5f686755978ba3d1e878dab637daff7fbd426d12423d9344054c89491ed2fd7cd12dfa807587c857871add2f,JF178982,,3/19/2022 3:05,30,NO CONTROLS,NO CONTROLS,CLEAR,"DARKNESS, LIGHTED ROAD",PARKED MOTOR VEHICLE,NOT DIVIDED,,STRAIGHT AND LEVEL,DRY,NO DEFECTS,ON SCENE,INJURY AND / OR TOW DUE TO CRASH,,,,"$501 - $1,500",3/19/2022 3:05,UNDER THE INFLUENCE OF ALCOHOL/DRUGS (USE WHEN ARREST IS EFFECTED),"OPERATING VEHICLE IN ERRATIC, RECKLESS, CARELESS, NEGLIGENT OR AGGRESSIVE MANNER",4414,N,CLARK ST,1912,,Y,,,,,3,NO INDICATION OF INJURY,0,0,0,0,0,2,0,3,7,3,41.96210325,-87.66620745,POINT (-87.666207452167 41.962103250056)
0f59681aee9baed6c128bfa7de7f8993013274a04308417e9302716be3244a8fcfef835e0ed19b97fd559521eb04407ddb2d262385d36723c1bb7d4ac3993401,JF178921,,3/19/2022 0:29,30,NO CONTROLS,NO CONTROLS,RAIN,"DARKNESS, LIGHTED ROAD",TURNING,NOT DIVIDED,,STRAIGHT ON GRADE,WET,NO DEFECTS,ON SCENE,INJURY AND / OR TOW DUE TO CRASH,Y,,,"OVER $1,500",3/19/2022 0:32,UNABLE TO DETERMINE,UNABLE TO DETERMINE,233,E,115TH ST,532,,,,,,,2,NO INDICATION OF INJURY,0,0,0,0,0,2,0,0,7,3,41.68527606,-87.61673719,POINT (-87.616737190643 41.685276063951)
0d1977f8c7ba6d0c7d47eef4168124bfc18dd5a534f41524c1ccab195a69520310ec5419b38d28a3f3973faf7b3b31e1e971a8ffb40b32a16f1efef697a5cbec,JF177417,,3/17/2022 16:50,30,UNKNOWN,UNKNOWN,UNKNOWN,UNKNOWN,SIDESWIPE SAME DIRECTION,NOT DIVIDED,,STRAIGHT AND LEVEL,UNKNOWN,UNKNOWN,NOT ON SCENE (DESK REPORT),NO INJURY / DRIVE AWAY,,,,"OVER $1,500",3/17/2022 17:30,IMPROPER TURNING/NO SIGNAL,NOT APPLICABLE,5700,N,SHERIDAN RD,2022,,,,,,,2,NO INDICATION OF INJURY,0,0,0,0,0,2,0,16,5,3,41.9856411,-87.65538854,POINT (-87.655388544127 41.985641095429)
74d9b9f872aaa1803c3c07f89e7848169ae791a3f5995d4e2170357dad4bc578e6baf8a0073119169ce99a3a311731737e07ff415e096ee762f87c02368f62d0,,,4/1/2022 18:25,30,NO CONTROLS,NO CONTROLS,CLEAR,DAYLIGHT,REAR END,NOT DIVIDED,,STRAIGHT AND LEVEL,DRY,NO DEFECTS,ON SCENE,NO INJURY / DRIVE AWAY,,,,"OVER $1,500",4/1/2022 18:26,UNABLE TO DETERMINE,FAILING TO REDUCE SPEED TO AVOID CRASH,5056,W,CHICAGO AVE,1531,,,,,,,2,NO INDICATION OF INJURY,0,0,0,0,0,3,0,18,6,4,41.89505986,-87.75300826,POINT (-87.753008263613 41.895059861905)
0e5b4d8af4b779bafef6add987f966b3b74e3e2f925cbe286017c30a4e6c9cc5551846e495735321541ea084f4e054d8a99549219e5cfc7870b652e48d16d264,,,4/1/2022 7:26,30,TRAFFIC SIGNAL,FUNCTIONING PROPERLY,CLEAR,DAYLIGHT,TURNING,FOUR WAY,,STRAIGHT AND LEVEL,DRY,NO DEFECTS,ON SCENE,NO INJURY / DRIVE AWAY,Y,,,"OVER $1,500",4/1/2022 7:41,DRIVING SKILLS/KNOWLEDGE/EXPERIENCE,NOT APPLICABLE,698,S,MICHIGAN AVE,123,,,,,,,2,NO INDICATION OF INJURY,0,0,0,0,0,2,0,7,6,4,41.87322319,-87.62434873,POINT (-87.624348732928 41.873223187237)
1cf2050ed0f0704554f273f68d5b85c761c89fd858b98765e2c4717124f1ead3742c0dd82c742dcb8cdb1521c139998c3ad94bd096605252e405f9191432c97c,,,4/1/2022 18:20,30,NO CONTROLS,NO CONTROLS,CLEAR,DAYLIGHT,PEDALCYCLIST,NOT DIVIDED,,STRAIGHT AND LEVEL,DRY,NO DEFECTS,ON SCENE,INJURY AND / OR TOW DUE TO CRASH,,,,"$501 - $1,500",4/1/2022 18:22,UNABLE TO DETERMINE,NOT APPLICABLE,4731,S,PULASKI RD,821,,,,,,,2,NONINCAPACITATING INJURY,1,0,0,1,0,0,0,18,6,4,41.8069356,-87.72340993,POINT (-87.723409931895 41.806935601048)
bda2c64e21b85429d416aa4739243b67eb9500c0ff4bd17aedf2b566467d2a543b7daffc8a9c267b693e0ad11da00a288ab7acb0f3961bf29a7fd564d41f47b5,,,3/31/2022 14:58,30,STOP SIGN/FLASHER,FUNCTIONING PROPERLY,CLEAR,DAYLIGHT,ANGLE,FOUR WAY,,STRAIGHT AND LEVEL,DRY,NO DEFECTS,ON SCENE,INJURY AND / OR TOW DUE TO CRASH,Y,,,"OVER $1,500",3/31/2022 15:12,FAILING TO YIELD RIGHT-OF-WAY,UNABLE TO DETERMINE,7045,S,KEDZIE AVE,831,,,,,,,2,NO INDICATION OF INJURY,0,0,0,0,0,2,0,14,5,3,41.76491577,-87.70267867,POINT (-87.702678672974 41.764915766798)
088333da2789c4099e323cb4b6f547ca7851e44864f05edec9436b65402b57bca8d5bfebf3292230de962bb0f985be261b9d4c82c8bce2dac14b1d4dd8325a51,JF178870,,3/18/2022 20:55,25,UNKNOWN,UNKNOWN,RAIN,DARKNESS,ANGLE,PARKING LOT,,STRAIGHT AND LEVEL,WET,UNKNOWN,ON SCENE,NO INJURY / DRIVE AWAY,,Y,,"OVER $1,500",3/18/2022 23:09,FAILING TO REDUCE SPEED TO AVOID CRASH,FAILING TO REDUCE SPEED TO AVOID CRASH,4404,W,BERTEAU AVE,1722,,,,,,,2,NO INDICATION OF INJURY,0,0,0,0,0,2,0,20,6,3,41.95724289,-87.73851123,POINT (-87.73851123386 41.957242888387)
137ca68e4a1abd4c800ad9c730505fc0867d6fa7d1c45ec85689026ebb3da31a3aaa18a2d912bf029a856ebc64879a12c4250b99b594d5359c0cd3a74e042258,JF177780,,3/18/2022 0:55,30,TRAFFIC SIGNAL,FUNCTIONING PROPERLY,CLEAR,"DARKNESS, LIGHTED ROAD",TURNING,NOT DIVIDED,,STRAIGHT AND LEVEL,DRY,NO DEFECTS,NOT ON SCENE (DESK REPORT),NO INJURY / DRIVE AWAY,,,,$500 OR LESS,3/18/2022 2:20,UNABLE TO DETERMINE,UNABLE TO DETERMINE,1,W,DIVISION ST,1824,,,,,,,2,NO INDICATION OF INJURY,0,0,0,0,0,2,0,0,6,3,41.90383105,-87.62874005,POINT (-87.628740047759 41.903831045544)
16703b090cd1dab932c8dc25ca2000f667b308b2f5fa3990897a824744638feddd53d2daf73a3739803f02a20e35f04289121ddb7adecdc1142adb3b555ba86b,JF178771,,3/18/2022 19:48,30,NO CONTROLS,NO CONTROLS,RAIN,DARKNESS,SIDESWIPE SAME DIRECTION,NOT DIVIDED,,STRAIGHT AND LEVEL,WET,NO DEFECTS,NOT ON SCENE (DESK REPORT),NO INJURY / DRIVE AWAY,,,,"$501 - $1,500",3/18/2022 20:28,UNABLE TO DETERMINE,UNABLE TO DETERMINE,50,W,GRAND AVE,1831,,,,,,,2,NO INDICATION OF INJURY,0,0,0,0,0,2,0,19,6,3,41.89175367,-87.62990454,POINT (-87.629904544274 41.891753672143)
17e0d34f8cdc44d01c1c4a901b5e0941c5993bc712c7f8d6ab72dd223a278dac61bdfa0cb4de48dd6b05a7db4cfa4e2e218b9192ae0dde9dfef0f49898542ddc,JF178784,,3/17/2022 15:00,30,TRAFFIC SIGNAL,FUNCTIONING PROPERLY,CLEAR,DAYLIGHT,TURNING,NOT DIVIDED,,STRAIGHT AND LEVEL,DRY,NO DEFECTS,NOT ON SCENE (DESK REPORT),NO INJURY / DRIVE AWAY,,,Y,"OVER $1,500",3/18/2022 20:47,UNABLE TO DETERMINE,NOT APPLICABLE,9041,S,WESTERN AVE,2221,,,,,,,2,NO INDICATION OF INJURY,0,0,0,0,0,2,0,15,5,3,41.72883844,-87.68216144,POINT (-87.682161438835 41.728838440162)
20d9da7ae9c1fdaaa4e499719e5511e255a19dfb802073d16df40a7c3097476a776c59e344da06fb30e2ce3ec51da958cc1cbeee65fc79991197d964244da821,JF178703,,3/18/2022 18:33,30,NO CONTROLS,NO CONTROLS,RAIN,"DARKNESS, LIGHTED ROAD",TURNING,DIVIDED - W/MEDIAN (NOT RAISED),,STRAIGHT AND LEVEL,WET,NO DEFECTS,ON SCENE,NO INJURY / DRIVE AWAY,,,Y,"OVER $1,500",3/18/2022 18:52,IMPROPER TURNING/NO SIGNAL,UNABLE TO DETERMINE,3950,N,LAKE SHORE DR,1925,,,,,,,2,NO INDICATION OF INJURY,0,0,0,0,0,2,0,18,6,3,41.95434472,-87.64534962,POINT (-87.645349620599 41.954344718652)
7812683b2ae271899ababc722a79d33f4af0d988ba1016f9fafea3ea2c2a15700d9455ce189eb753c368e43c43076053535bedcdc8264bd81bcbd36d9fe4dd3f,JF178650,,3/18/2022 18:05,30,NO CONTROLS,NO CONTROLS,RAIN,DAYLIGHT,SIDESWIPE SAME DIRECTION,NOT DIVIDED,,STRAIGHT AND LEVEL,WET,NO DEFECTS,NOT ON SCENE (DESK REPORT),NO INJURY / DRIVE AWAY,,,,"$501 - $1,500",3/18/2022 18:10,UNABLE TO DETERMINE,UNABLE TO DETERMINE,3216,W,OGDEN AVE,1022,,,,,,,2,NO INDICATION OF INJURY,0,0,0,0,0,2,0,18,6,3,41.85783124,-87.7061734,POINT (-87.706173403985 41.857831236962)