CRASH_RECORD_ID,RD_NO,CRASH_DATE_EST_I,CRASH_DATE,POSTED_SPEED_LIMIT,TRAFFIC_CONTROL_DEVICE,DEVICE_CONDITION,WEATHER_CONDITION,LIGHTING_CONDITION,FIRST_CRASH_TYPE,TRAFFICWAY_TYPE,LANE_CNT,ALIGNMENT,ROADWAY_SURFACE_COND,ROAD_DEFECT,REPORT_TYPE,CRASH_TYPE,INTERSECTION_RELATED_I,NOT_RIGHT_OF_WAY_I,HIT_AND_RUN_I,DAMAGE,DATE_POLICE_NOTIFIED,PRIM_CONTRIBUTORY_CAUSE,SEC_CONTRIBUTORY_CAUSE,STREET_NO,STREET_DIRECTION,STREET_NAME,BEAT_OF_OCCURRENCE,PHOTOS_TAKEN_I,STATEMENTS_TAKEN_I,DOORING_I,WORK_ZONE_I,WORK_ZONE_TYPE,WORKERS_PRESENT_I,NUM_UNITS,MOST_SEVERE_INJURY,INJURIES_TOTAL,INJURIES_FATAL,INJURIES_INCAPACITATING,INJURIES_NON_INCAPACITATING,INJURIES_REPORTED_NOT_EVIDENT,INJURIES_NO_INDICATION,INJURIES_UNKNOWN,CRASH_HOUR,CRASH_DAY_OF_WEEK,CRASH_MONTH,LATITUDE,LONGITUDE,LOCATION
89589dbd62011deca81bbdb3bb4bd3610e80310e8f9d8c7738ef951f7e32e327eae691f4b8652bd12098ef805ee871ce9a40408c088e5b848264465ff39176a4,,,4/1/2022 12:25,30,STOP SIGN/FLASHER,FUNCTIONING PROPERLY,CLEAR,DAYLIGHT,TURNING,NOT DIVIDED,,STRAIGHT AND LEVEL,DRY,NO DEFECTS,ON SCENE,INJURY AND / OR TOW DUE TO CRASH,,,,"OVER $1,500",4/1/2022 13:33,FAILING TO YIELD RIGHT-OF-WAY,UNABLE TO DETERMINE,931,W,CHICAGO AVE,1214,,,,,,,2,"REPORTED, NOT EVIDENT",2,0,0,0,2,1,0,12,6,4,41.89622614,-87.65115515,POINT (-87.651155149547 41.896226135283)
89b45d605af0a1611aa718f0cc32250a81559982a0ba5eb747919585eaf1e7a8287edbb5f19f141eb92a90f54d479bf378beeecc724959fc9d31479eff1ba2b8,JF175652,Y,3/14/2022 23:30,30,UNKNOWN,UNKNOWN,UNKNOWN,"DARKNESS, LIGHTED ROAD",PARKED MOTOR VEHICLE,NOT DIVIDED,,STRAIGHT AND LEVEL,UNKNOWN,UNKNOWN,ON SCENE,NO INJURY / DRIVE AWAY,,,Y,"OVER $1,500",3/16/2022 10:31,"VISION OBSCURED (SIGNS, TREE LIMBS, BUILDINGS, ETC.)",NOT APPLICABLE,7450,N,GREENVIEW AVE,2422,,,,,,,2,NO INDICATION OF INJURY,0,0,0,0,0,1,0,23,2,3,42.01752161,-87.66833628,POINT (-87.668336275869 42.017521609964)
6ec1e1ef531336289990e3ec4cb4b57be543e39f5b80edefd71d6e1517e415f296f87914cc040248e06dc697c4ec54e880da98035741bd3eafe57d031c2f7a11,,,4/1/2022 16:53,30,TRAFFIC SIGNAL,FUNCTIONING PROPERLY,CLEAR,DAYLIGHT,SIDESWIPE SAME DIRECTION,NOT DIVIDED,,STRAIGHT AND LEVEL,DRY,NO DEFECTS,NOT ON SCENE (DESK REPORT),NO INJURY / DRIVE AWAY,,,,"OVER $1,500",4/1/2022 17:18,NOT APPLICABLE,NOT APPLICABLE,1201,S,MICHIGAN AVE,132,,,,,,,2,NO INDICATION OF INJURY,0,0,0,0,0,4,0,16,6,4,41.86736837,-87.62398959,POINT (-87.623989586474 41.867368371822)
23a6675c42cb66cb8661f30c58a8347ef72c3a585a409c4f167b1660c1b7316aa3a13ed95610552425bd00d28c2a2ccb8d83836225c1fb634318995295d245dc,JF178653,Y,3/18/2022 17:24,30,NO CONTROLS,NO CONTROLS,RAIN,DAYLIGHT,PARKED MOTOR VEHICLE,ONE-WAY,,STRAIGHT AND LEVEL,WET,NO DEFECTS,NOT ON SCENE (DESK REPORT),NO INJURY / DRIVE AWAY,,,Y,"OVER $1,500",3/18/2022 18:10,IMPROPER BACKING,NOT APPLICABLE,433,W,BRIAR PL,1934,,,,,,,2,NO INDICATION OF INJURY,0,0,0,0,0,1,0,17,6,3,41.93863273,-87.64080245,POINT (-87.640802446305 41.938632727053)
3740e05bcf8f54a49dca2e1c7645893d7f6b54ce7529303780636dba201ae15e2a76fb3ddd18ecf5288e2397a6f49d5d14838494d96481a7df75746f2f5c9f6d,JF178779,,3/18/2022 20:31,30,NO CONTROLS,NO CONTROLS,RAIN,"DARKNESS, LIGHTED ROAD",PEDESTRIAN,DIVIDED - W/MEDIAN BARRIER,,STRAIGHT AND LEVEL,WET,UNKNOWN,ON SCENE,INJURY AND / OR TOW DUE TO CRASH,,,,"OVER $1,500",3/18/2022 20:31,UNABLE TO DETERMINE,UNABLE TO DETERMINE,1400,S,STATE ST,131,,Y,,,,,3,INCAPACITATING INJURY,1,0,1,0,0,2,0,20,6,3,41.86396788,-87.62748774,POINT (-87.627487739919 41.86396788126)
80e3160601cf154167498143fc18c280d7aa69c8e77e6707886f981e7bfd6516b69234df207bf20aaf067c369ca9995790f9133a7ab60fdd967077a3ee20fe58,JF178342,,3/16/2022 16:00,40,TRAFFIC SIGNAL,FUNCTIONING PROPERLY,CLEAR,DAYLIGHT,REAR END,NOT DIVIDED,,STRAIGHT AND LEVEL,DRY,NO DEFECTS,ON SCENE,NO INJURY / DRIVE AWAY,,,,"$501 - $1,500",3/18/2022 14:00,FOLLOWING TOO CLOSELY,NOT APPLICABLE,10000,W,OHARE ST,1651,,,,,,,2,NO INDICATION OF INJURY,0,0,0,0,0,2,0,16,4,3,41.97620114,-87.90530913,POINT (-87.905309125103 41.976201139024)
39f3cce673f4699730ebba34c841038936b868d7025f6bc44020fbcf79fc84f8f938b1d732cc249b3c8b5d6342accb3927fe421e156e1c4c16a7b5e767b3932c,JF177643,,3/17/2022 20:58,30,UNKNOWN,FUNCTIONING PROPERLY,CLEAR,DARKNESS,TURNING,FOUR WAY,,STRAIGHT AND LEVEL,DRY,UNKNOWN,ON SCENE,INJURY AND / OR TOW DUE TO CRASH,Y,,,"OVER $1,500",3/17/2022 20:58,IMPROPER OVERTAKING/PASSING,IMPROPER LANE USAGE,499,S,WELLS ST,122,,,,,,,2,NONINCAPACITATING INJURY,2,0,0,2,0,0,0,20,5,3,41.87565562,-87.6335135,POINT (-87.633513497116 41.875655618516)
39dcfec30970da522a96b0bc4eebf28f03e1d7fab8c558f7d4637a9e4b0adaf187eb8a94149ab426cff4d62ca212e2bddd17a397f99ca60098765999458db2a7,JF178168,,3/18/2022 11:30,30,NO CONTROLS,NO CONTROLS,CLEAR,DAYLIGHT,FIXED OBJECT,NOT DIVIDED,,STRAIGHT AND LEVEL,DRY,NO DEFECTS,ON SCENE,INJURY AND / OR TOW DUE TO CRASH,,,,"OVER $1,500",3/18/2022 11:37,NOT APPLICABLE,NOT APPLICABLE,3036,E,87TH ST,424,,,,,,,1,NONINCAPACITATING INJURY,1,0,0,1,0,0,0,11,6,3,41.73750868,-87.54990543,POINT (-87.549905425423 41.737508675551)
6f698e8284a332cc60ad9ba111cc413489298d606a26145777c4f9432c9d23dfdef30ed92e3b6f8716e2f4964f14e8a2566b01e23ff6d22e35665020c4139ac4,JF177950,,3/18/2022 8:00,30,NO CONTROLS,UNKNOWN,CLEAR,DAYLIGHT,TURNING,NOT DIVIDED,,STRAIGHT AND LEVEL,DRY,NO DEFECTS,NOT ON SCENE (DESK REPORT),NO INJURY / DRIVE AWAY,,,,"OVER $1,500",3/18/2022 8:35,IMPROPER OVERTAKING/PASSING,IMPROPER LANE USAGE,2235,W,74TH ST,835,,,,,,,2,NO INDICATION OF INJURY,0,0,0,0,0,4,0,8,6,3,41.75915656,-87.67982651,POINT (-87.679826506727 41.759156562051)
9fc5cce19bdb099e65d5af9a894b0b335a11c17d0abfa0f823e405d17e0718f30c82f9db48fbda6bed0845c2930974b5ab38facc9bcedc9ba29cf954e7b93ab6,JF178657,,3/18/2022 17:30,30,TRAFFIC SIGNAL,FUNCTIONING PROPERLY,RAIN,"DARKNESS, LIGHTED ROAD",REAR END,NOT DIVIDED,,STRAIGHT AND LEVEL,WET,UNKNOWN,ON SCENE,NO INJURY / DRIVE AWAY,,,,$500 OR LESS,3/18/2022 17:32,FAILING TO REDUCE SPEED TO AVOID CRASH,NOT APPLICABLE,6021,S,ARCHER AVE,811,,,,,,,2,NO INDICATION OF INJURY,0,0,0,0,0,2,0,17,6,3,41.79484996,-87.76728036,POINT (-87.767280356289 41.794849958048)
bbfcb738e4bb0668deddc200fce38b20981d6ea3345b9dc923bac8409cc80f9be7953c0326ef83a575e0e7c1234c503af98b18f26d38b1992337689847bbeccd,JF177965,Y,3/18/2022 9:05,30,STOP SIGN/FLASHER,NO CONTROLS,CLOUDY/OVERCAST,DAYLIGHT,ANGLE,NOT DIVIDED,,STRAIGHT AND LEVEL,DRY,NO DEFECTS,ON SCENE,INJURY AND / OR TOW DUE TO CRASH,Y,,,"OVER $1,500",3/18/2022 9:19,DISREGARDING STOP SIGN,FAILING TO REDUCE SPEED TO AVOID CRASH,3600,E,106TH ST,432,,,,,,,2,NONINCAPACITATING INJURY,3,0,0,2,1,2,0,9,6,3,41.70284846,-87.53643115,POINT (-87.536431148655 41.702848458652)
1d9ac8a41d463b49cffe806e6ba7f57ad28a402b8d96bb532777d9b4a260d6ba942c2d5635f14b1d45ff5582875e860fafe34bd8ffd904e7efaf04a0143db319,JF178914,,3/19/2022 0:02,30,TRAFFIC SIGNAL,FUNCTIONING PROPERLY,RAIN,"DARKNESS, LIGHTED ROAD",PEDESTRIAN,NOT DIVIDED,,STRAIGHT ON GRADE,WET,UNKNOWN,ON SCENE,INJURY AND / OR TOW DUE TO CRASH,Y,,,$500 OR LESS,3/19/2022 0:14,FAILING TO YIELD RIGHT-OF-WAY,WEATHER,400,N,STATE ST,1831,,,,,,,2,"REPORTED, NOT EVIDENT",1,0,0,0,1,1,0,0,7,3,41.88931871,-87.62815267,POINT (-87.6281526679 41.889318711059)
4712f5379139b21a494210fcc3cbee19a4a66e516c9c51e65dd9d2671430bc1326c8ee05c1f7ba9a61fa8c8c7dd9a45ec091653f480887d75d2fc03780995cef,JF177074,,3/17/2022 13:05,30,NO CONTROLS,NO CONTROLS,CLEAR,DAYLIGHT,TURNING,DIVIDED - W/MEDIAN (NOT RAISED),,STRAIGHT AND LEVEL,DRY,NO DEFECTS,ON SCENE,NO INJURY / DRIVE AWAY,,,,"$501 - $1,500",3/17/2022 13:15,PHYSICAL CONDITION OF DRIVER,NOT APPLICABLE,342,W,KINZIE ST,1831,,,,,,,2,NO INDICATION OF INJURY,0,0,0,0,0,2,0,13,5,3,41.88924009,-87.63712376,POINT (-87.637123763508 41.889240089444)
30a505276df4036af815902e174982a3a92b810276149165d745df410fd5733f4f84fae43e5b05036aff220fefd4a3f4519763219d3a284f8501f9b1bd4ba2c0,JF178752,,3/18/2022 19:50,30,STOP SIGN/FLASHER,FUNCTIONING PROPERLY,RAIN,DAWN,ANGLE,FOUR WAY,,STRAIGHT AND LEVEL,WET,UNKNOWN,ON SCENE,INJURY AND / OR TOW DUE TO CRASH,Y,,,"$501 - $1,500",3/18/2022 19:50,UNABLE TO DETERMINE,UNABLE TO DETERMINE,5100,W,JACKSON BLVD,1533,,,,,,,2,"REPORTED, NOT EVIDENT",1,0,0,0,1,1,0,19,6,3,41.87678696,-87.75349441,POINT (-87.753494410747 41.876786958018)
8cc9e775ad1e07f23b246905e38dd47742bebb76cadf6b03264fdf20ad9c70e53f45ea36ab1cf69b40ca78f5051427e93360a1ace8b07a1d3fcc2756402ba8d3,JF178407,,3/12/2022 3:30,30,NO CONTROLS,NO CONTROLS,CLEAR,"DARKNESS, LIGHTED ROAD",FIXED OBJECT,ALLEY,,STRAIGHT AND LEVEL,DRY,NO DEFECTS,NOT ON SCENE (DESK REPORT),NO INJURY / DRIVE AWAY,,Y,,"OVER $1,500",3/18/2022 15:22,UNABLE TO DETERMINE,NOT APPLICABLE,1449,N,CAMPBELL AVE,1423,,,,,,,1,NO INDICATION OF INJURY,0,0,0,0,0,1,0,3,7,3,41.90809516,-87.68947274,POINT (-87.689472740662 41.908095160175)
4e0c7196a00c5615ba042b5b27f80100f602b71573ab068106751b376d8ca8653cf0dcd14c7bdffb61c1eee929ceddd11ba9565123342979fbc93635e782e1e8,JF178333,,3/18/2022 12:35,30,TRAFFIC SIGNAL,FUNCTIONING PROPERLY,RAIN,DAYLIGHT,TURNING,NOT DIVIDED,,STRAIGHT AND LEVEL,WET,NO DEFECTS,NOT ON SCENE (DESK REPORT),NO INJURY / DRIVE AWAY,Y,,Y,"$501 - $1,500",3/18/2022 14:14,FAILING TO YIELD RIGHT-OF-WAY,FAILING TO YIELD RIGHT-OF-WAY,1200,N,HALSTED ST,1822,,,,,,,2,NO INDICATION OF INJURY,0,0,0,0,0,2,0,12,6,3,41.90369831,-87.64824535,POINT (-87.648245350626 41.90369830765)
3b84179092bd4fee6c2165a1d38c1105a01b1018a80473b050f28f3b81e2e6ea2b41fcbecd58925b9737c43af2cf87566ae2313ddd54765fe1c4c2c9fc09bfdd,JF178949,,3/19/2022 1:33,30,NO CONTROLS,NO CONTROLS,CLEAR,"DARKNESS, LIGHTED ROAD",SIDESWIPE SAME DIRECTION,NOT DIVIDED,,STRAIGHT AND LEVEL,WET,UNKNOWN,NOT ON SCENE (DESK REPORT),NO INJURY / DRIVE AWAY,,,Y,"OVER $1,500",3/19/2022 1:46,UNABLE TO DETERMINE,UNABLE TO DETERMINE,4258,W,CERMAK RD,1012,,,,,,,2,NO INDICATION OF INJURY,0,0,0,0,0,2,0,1,7,3,41.85154708,-87.73202591,POINT (-87.732025909504 41.851547075077)
2510c6246e75bf1682c1ac2468c353952840c6b8c9c4f3969d49cb850e9d25114ca6aab69e21cd32979ef82b351299b84d2cbd6aae0bab9d4511faa3958c92c5,JF177864,,3/18/2022 5:00,35,UNKNOWN,NO CONTROLS,CLEAR,DARKNESS,PARKED MOTOR VEHICLE,PARKING LOT,,STRAIGHT AND LEVEL,DRY,NO DEFECTS,ON SCENE,NO INJURY / DRIVE AWAY,,Y,,"OVER $1,500",3/18/2022 5:00,NOT APPLICABLE,NOT APPLICABLE,7600,S,STEWART AVE,621,,,,,,,2,NO INDICATION OF INJURY,0,0,0,0,0,1,0,5,6,3,41.75616061,-87.6345836,POINT (-87.634583595966 41.756160610031)
6ab716c4e892b5508154358e8e67db7bc7bf75c7f859ff911263ebfd8ac50e6c253e31a5e42a989b98c66c60bfff6d4e87155cbe7f218f2a06ab32b1671886e6,JF178566,,3/18/2022 16:00,30,UNKNOWN,UNKNOWN,UNKNOWN,UNKNOWN,PARKED MOTOR VEHICLE,NOT DIVIDED,,STRAIGHT AND LEVEL,UNKNOWN,UNKNOWN,NOT ON SCENE (DESK REPORT),NO INJURY / DRIVE AWAY,,,Y,"OVER $1,500",3/18/2022 17:10,UNABLE TO DETERMINE,UNABLE TO DETERMINE,2119,W,TOUHY AVE,2411,,,,,,,2,NO INDICATION OF INJURY,0,0,0,0,0,1,0,16,6,3,42.01210317,-87.68375782,POINT (-87.683757817364 42.01210316996)
02afadade8da4cde0f202e82e7bd1a5d9a919b17dab51befb7c2c84be3db26d462dc939d80ca3c3cabd9e72c3b853d0f75fc538cb335d5050e9648d70e6bdfdf,JE303479,,7/16/2021 14:45,30,NO CONTROLS,NO CONTROLS,CLEAR,DAYLIGHT,TURNING,NOT DIVIDED,,STRAIGHT AND LEVEL,DRY,NO DEFECTS,,NO INJURY / DRIVE AWAY,Y,,,"OVER $1,500",7/16/2021 14:48,IMPROPER TURNING/NO SIGNAL,NOT APPLICABLE,1158,S,WALLER AVE,1513,,,,,,,2,NO INDICATION OF INJURY,0,0,0,0,0,2,0,14,6,7,41.86570875,-87.76690897,POINT (-87.766908968726 41.865708748347)
357524d3d4c74290c60a3821fc330a42c6da8b7f6ae709c198503966af0d0215642d9bb30cf36c8464794054e9cd53fa26a5d6102e8f243350a2530d67f5a823,JF178176,Y,3/17/2022 11:30,20,TRAFFIC SIGNAL,FUNCTIONING PROPERLY,CLEAR,DAYLIGHT,REAR END,DIVIDED - W/MEDIAN (NOT RAISED),,STRAIGHT AND LEVEL,DRY,NO DEFECTS,NOT ON SCENE (DESK REPORT),NO INJURY / DRIVE AWAY,,,Y,"OVER $1,500",3/18/2022 11:30,UNABLE TO DETERMINE,NOT APPLICABLE,200,E,GARFIELD BLVD,231,,,,,,,2,NO INDICATION OF INJURY,0,0,0,0,0,2,0,11,5,3,41.7948339,-87.62076815,POINT (-87.620768152303 41.794833898538)
4d88d9002a115e9c2eda7189dc46e4e3984aa8b0efbd39c96a0fcf1d6bc8badf416253da4c2b37014cbc80f32034b01788851c0d2032e63054744a1930c9c5c3,JF178629,,3/18/2022 17:37,30,NO CONTROLS,NO CONTROLS,RAIN,DUSK,SIDESWIPE SAME DIRECTION,DIVIDED - W/MEDIAN (NOT RAISED),,STRAIGHT AND LEVEL,WET,NO DEFECTS,ON SCENE,INJURY AND / OR TOW DUE TO CRASH,N,,,"OVER $1,500",3/18/2022 17:57,UNABLE TO DETERMINE,WEATHER,1959,E,95TH ST,431,,,,,,,2,NONINCAPACITATING INJURY,2,0,0,1,1,4,0,17,6,3,41.72235866,-87.57541425,POINT (-87.575414253599 41.722358660246)
7e048d77819819e3660a0f6eb8ee07ef5fab4280f56d3f03c5f2ec12328e9734a395fa80d26333ceff021c2bf8e2eac2abc277b51152d0908b67c4d7933cc05b,JF178540,,3/18/2022 16:15,30,TRAFFIC SIGNAL,FUNCTIONING PROPERLY,RAIN,UNKNOWN,TURNING,NOT DIVIDED,,STRAIGHT AND LEVEL,WET,UNKNOWN,ON SCENE,INJURY AND / OR TOW DUE TO CRASH,Y,Y,,"OVER $1,500",3/18/2022 16:31,UNABLE TO DETERMINE,NOT APPLICABLE,3000,N,PULASKI RD,2523,,,,,,,3,NONINCAPACITATING INJURY,1,0,0,1,0,3,0,16,6,3,41.93547504,-87.72722801,POINT (-87.727228012437 41.935475035715)
85455103c69cd63dbb0e7e5f02ab85c42d13046537ca6abb093a88226d01371c06dcda5fc8af1ff8ce2c5e6cac8b94e3c50c57f5ede2917949d76084a38441ac,JF178073,,3/18/2022 10:00,30,TRAFFIC SIGNAL,FUNCTIONING PROPERLY,CLEAR,DAYLIGHT,REAR END,NOT DIVIDED,,STRAIGHT AND LEVEL,DRY,NO DEFECTS,NOT ON SCENE (DESK REPORT),NO INJURY / DRIVE AWAY,,,,"$501 - $1,500",3/18/2022 10:29,UNABLE TO DETERMINE,UNABLE TO DETERMINE,5120,W,SUNNYSIDE AVE,1623,,,,,,,2,NO INDICATION OF INJURY,0,0,0,0,0,2,0,10,6,3,41.96256786,-87.75585276,POINT (-87.755852757707 41.962567856022)
9ab6f1495c9a8d661d83bb22ecf8c534ef2b2be086f1819716647482ead101e831482bf35a0a239d9881e0e9bdc56eed30e6dd287b836f25f823e0e0b4fe719f,JF177958,,3/18/2022 8:00,30,TRAFFIC SIGNAL,FUNCTIONING PROPERLY,CLEAR,DAYLIGHT,TURNING,FOUR WAY,,STRAIGHT AND LEVEL,DRY,NO DEFECTS,NOT ON SCENE (DESK REPORT),NO INJURY / DRIVE AWAY,,,,"OVER $1,500",3/18/2022 8:25,IMPROPER TURNING/NO SIGNAL,NOT APPLICABLE,2800,W,87TH ST,835,,,,,,,2,NO INDICATION OF INJURY,0,0,0,0,0,2,0,8,6,3,41.73546846,-87.69237074,POINT (-87.692370735592 41.735468459066)
03c11dbd64b5960ee50a31f3dd5c7b1e699067b824995049b0a15031327d7e38117c5d3a7c24ea28ed75649984c5ef98d5e3a350e7d9da94e077d9724ace8c98,JF184734,,3/24/2022 8:45,30,TRAFFIC SIGNAL,FUNCTIONING PROPERLY,RAIN,DAYLIGHT,REAR END,FOUR WAY,,STRAIGHT AND LEVEL,WET,NO DEFECTS,NOT ON SCENE (DESK REPORT),NO INJURY / DRIVE AWAY,Y,,Y,"$501 - $1,500",3/24/2022 9:02,UNABLE TO DETERMINE,UNABLE TO DETERMINE,700,W,FULLERTON AVE,1935,,,,,,,2,NO INDICATION OF INJURY,0,0,0,0,0,3,0,8,5,3,41.92560232,-87.64638177,POINT (-87.646381768559 41.925602316253)
8be49a36bf6ce8608c1b076c5ba7d2018c1a33962380089d08385ef93def52f2f68f606488fe681cd6243765d3f2ea7ec12bbb9c346a167eca53e4040771d108,JF176977,,3/16/2022 17:45,30,NO CONTROLS,NO CONTROLS,CLEAR,DAYLIGHT,PARKED MOTOR VEHICLE,NOT DIVIDED,,STRAIGHT AND LEVEL,DRY,NO DEFECTS,NOT ON SCENE (DESK REPORT),NO INJURY / DRIVE AWAY,,,Y,"OVER $1,500",3/17/2022 12:05,UNABLE TO DETERMINE,UNABLE TO DETERMINE,2501,W,DIVERSEY AVE,1411,,,,,,,2,NO INDICATION OF INJURY,0,0,0,0,0,1,0,17,4,3,41.93204076,-87.69040687,POINT (-87.690406872897 41.932040759643)
240e3513f2d647a309f2ab0d6e773bc0f4cffa37b5a80c1d1dd3d3dadaa87301146f947b2b402f1765380f2bfe641cc50bffa7dc6b4217bf415b49d7ff58fdc1,JF177396,,3/17/2022 16:30,30,NO CONTROLS,NO CONTROLS,CLEAR,DAYLIGHT,PARKED MOTOR VEHICLE,NOT DIVIDED,,STRAIGHT AND LEVEL,DRY,NO DEFECTS,NOT ON SCENE (DESK REPORT),NO INJURY / DRIVE AWAY,,,Y,"$501 - $1,500",3/17/2022 17:15,UNABLE TO DETERMINE,NOT APPLICABLE,5020,N,NORTHWEST HWY,1623,,,,,,,2,NO INDICATION OF INJURY,0,0,0,0,0,1,0,16,5,3,41.97193747,-87.7635006,POINT (-87.763500602971 41.971937471585)
410841ce4275151efceef6eded9680213b3693d9fb4bc6c048f910f8766655312a74007201bcae9df39db5021b60e25c626028e720eca7a0d462bf4ffed144d2,JF178786,,3/18/2022 20:15,30,TRAFFIC SIGNAL,UNKNOWN,RAIN,"DARKNESS, LIGHTED ROAD",REAR END,FOUR WAY,,STRAIGHT AND LEVEL,WET,UNKNOWN,NOT ON SCENE (DESK REPORT),NO INJURY / DRIVE AWAY,Y,,,"OVER $1,500",3/18/2022 20:30,FAILING TO REDUCE SPEED TO AVOID CRASH,WEATHER,2355,N,ASHLAND AVE,1811,,,,,,,3,NO INDICATION OF INJURY,0,0,0,0,0,3,0,20,6,3,41.92498981,-87.66799299,POINT (-87.667992993415 41.924989813875)
7347fdc4736370041f31ecb02ec4f45837df70e34c400a777b17f8319632233074629b3125ce7d55293b2e6ddc1957d4f1c5f0e09cc5154c319f714372d5199f,JF178833,,3/18/2022 21:20,30,TRAFFIC SIGNAL,FUNCTIONING PROPERLY,RAIN,"DARKNESS, LIGHTED ROAD",TURNING,FOUR WAY,,STRAIGHT AND LEVEL,WET,NO DEFECTS,NOT ON SCENE (DESK REPORT),NO INJURY / DRIVE AWAY,Y,,,"$501 - $1,500",3/18/2022 21:30,UNABLE TO DETERMINE,UNABLE TO DETERMINE,5158,N,CENTRAL AVE,1622,,,,,,,2,NO INDICATION OF INJURY,0,0,0,0,0,3,0,21,6,3,41.97517737,-87.76863838,POINT (-87.768638379413 41.975177369913)
f5691effe232226f3b07ace2dbd65076284265083a1a5661b0443cc63d196be2bfbe1bebf33edfb069d23775d2a059e9d7ba5ba0e2d7001a7005d0f9bb705edb,JF178920,,3/19/2022 0:30,30,NO CONTROLS,NO CONTROLS,RAIN,"DARKNESS, LIGHTED ROAD",FIXED OBJECT,ONE-WAY,,STRAIGHT AND LEVEL,WET,NO DEFECTS,NOT ON SCENE (DESK REPORT),NO INJURY / DRIVE AWAY,Y,,,"OVER $1,500",3/19/2022 0:44,IMPROPER LANE USAGE,UNABLE TO DETERMINE,422,N,RUSH ST,1834,,,,,,,1,NO INDICATION OF INJURY,0,0,0,0,0,1,0,0,7,3,41.89007731,-87.6254512,POINT (-87.625451199767 41.890077305575)
053b7e116bc6dcfef89f4131db49835532f83f94bc5d54307bf94311c9f82927e0d921f0635d8da3d41ef2fd10ab60186475879e1da28e56aee7735efb9890f7,JE353301,,8/28/2021 11:30,30,NO CONTROLS,NO CONTROLS,CLEAR,DAYLIGHT,TURNING,NOT DIVIDED,,STRAIGHT AND LEVEL,DRY,NO DEFECTS,,NO INJURY / DRIVE AWAY,,,,"OVER $1,500",8/28/2021 17:00,IMPROPER TURNING/NO SIGNAL,IMPROPER TURNING/NO SIGNAL,4614,S,DAMEN AVE,924,,,,,,,2,NO INDICATION OF INJURY,0,0,0,0,0,3,0,11,7,8,41.80983789,-87.6751212,POINT (-87.675121197983 41.809837892605)
552596f1cf11a876704a41cb50520db390594eec48bc9301f64987fa11052d9f92c08cf7aa429437a995b1265c61898d1b7d3797943fe461172c8cd3588645bd,JF176933,,3/17/2022 10:30,45,UNKNOWN,UNKNOWN,CLEAR,DAYLIGHT,TURNING,NOT DIVIDED,,STRAIGHT AND LEVEL,DRY,UNKNOWN,NOT ON SCENE (DESK REPORT),NO INJURY / DRIVE AWAY,,,,"OVER $1,500",3/17/2022 11:30,IMPROPER LANE USAGE,UNABLE TO DETERMINE,4700,S,WALLACE ST,935,,,,,,,2,NO INDICATION OF INJURY,0,0,0,0,0,2,0,10,5,3,41.80890807,-87.64082622,POINT (-87.640826216105 41.808908069506)
e9a68708243b8ad686e1ec99a1716da7d9564e74ac14fc79171c79ab6da9b36ad5b7410d0ea3412f0eb6662da5d5562f226a482cd7ef555ef0c8fcea7208c727,JF176920,,3/17/2022 11:00,30,TRAFFIC SIGNAL,FUNCTIONING PROPERLY,CLEAR,DAYLIGHT,REAR END,NOT DIVIDED,,STRAIGHT AND LEVEL,DRY,NO DEFECTS,NOT ON SCENE (DESK REPORT),NO INJURY / DRIVE AWAY,Y,,Y,"OVER $1,500",3/17/2022 11:25,FOLLOWING TOO CLOSELY,FOLLOWING TOO CLOSELY,6300,S,DR MARTIN LUTHER KING JR DR,312,,,,,,,2,NO INDICATION OF INJURY,0,0,0,0,0,2,0,11,5,3,41.78021132,-87.61576829,POINT (-87.615768291828 41.780211321839)
38088a78a29ac7a19a456dbedc5a4297f5e077cfe483b9d7441e224cda6bb04636785f902a2a80fcc3ce12a4220f6d8584eeb21d27b0254e71ce686ce31dc674,JF178481,,3/18/2022 14:52,30,STOP SIGN/FLASHER,FUNCTIONING PROPERLY,RAIN,DAYLIGHT,PEDALCYCLIST,DIVIDED - W/MEDIAN (NOT RAISED),,STRAIGHT AND LEVEL,WET,UNKNOWN,ON SCENE,INJURY AND / OR TOW DUE TO CRASH,,,Y,"OVER $1,500",3/18/2022 15:44,UNABLE TO DETERMINE,NOT APPLICABLE,1758,W,19TH ST,1234,,,,,,,2,NONINCAPACITATING INJURY,1,0,0,1,0,1,0,14,6,3,41.85601456,-87.67095526,POINT (-87.670955262506 41.856014559572)
380a03684b7004e32315520d7d9c2c8b07db541bd08a3b6dd8d3f49922c23f87543a7bf94ab85b33c5d47ddb12c43107b4d088c0dee4d79bd6800943c8e039a9,JF178412,,3/18/2022 15:00,30,NO CONTROLS,NO CONTROLS,RAIN,DAYLIGHT,PARKED MOTOR VEHICLE,NOT DIVIDED,,STRAIGHT AND LEVEL,WET,NO DEFECTS,NOT ON SCENE (DESK REPORT),NO INJURY / DRIVE AWAY,,,Y,$500 OR LESS,3/18/2022 15:30,UNABLE TO DETERMINE,NOT APPLICABLE,3100,N,LAVERGNE AVE,2521,,,,,,,2,NO INDICATION OF INJURY,0,0,0,0,0,1,0,15,6,3,41.93698333,-87.75186867,POINT (-87.75186867018 41.93698333405)