CRASH_RECORD_ID,RD_NO,CRASH_DATE_EST_I,CRASH_DATE,POSTED_SPEED_LIMIT,TRAFFIC_CONTROL_DEVICE,DEVICE_CONDITION,WEATHER_CONDITION,LIGHTING_CONDITION,FIRST_CRASH_TYPE,TRAFFICWAY_TYPE,LANE_CNT,ALIGNMENT,ROADWAY_SURFACE_COND,ROAD_DEFECT,REPORT_TYPE,CRASH_TYPE,INTERSECTION_RELATED_I,NOT_RIGHT_OF_WAY_I,HIT_AND_RUN_I,DAMAGE,DATE_POLICE_NOTIFIED,PRIM_CONTRIBUTORY_CAUSE,SEC_CONTRIBUTORY_CAUSE,STREET_NO,STREET_DIRECTION,STREET_NAME,BEAT_OF_OCCURRENCE,PHOTOS_TAKEN_I,STATEMENTS_TAKEN_I,DOORING_I,WORK_ZONE_I,WORK_ZONE_TYPE,WORKERS_PRESENT_I,NUM_UNITS,MOST_SEVERE_INJURY,INJURIES_TOTAL,INJURIES_FATAL,INJURIES_INCAPACITATING,INJURIES_NON_INCAPACITATING,INJURIES_REPORTED_NOT_EVIDENT,INJURIES_NO_INDICATION,INJURIES_UNKNOWN,CRASH_HOUR,CRASH_DAY_OF_WEEK,CRASH_MONTH,LATITUDE,LONGITUDE,LOCATION
21a168ac612befbbcbe675258dfad609962fe7f6293521c1a0fd32e42ada5046fad43b8304877ed08b542a1dc1200c6e2f46621895064cbbd8b9e3f60015c7a9,JF177171,,3/17/2022 14:29,30,NO CONTROLS,NO CONTROLS,CLEAR,DAYLIGHT,PARKED MOTOR VEHICLE,NOT DIVIDED,,STRAIGHT AND LEVEL,DRY,UNKNOWN,ON SCENE,NO INJURY / DRIVE AWAY,,,,$500 OR LESS,3/17/2022 14:40,UNABLE TO DETERMINE,UNABLE TO DETERMINE,331,N,CENTRAL AVE,1523,,,,,,,2,NO INDICATION OF INJURY,0,0,0,0,0,1,0,14,5,3,41.88667766,-87.76494469,POINT (-87.764944685569 41.88667766315)
19719f7d3b289083e72865d7a7ca1689301a16f379ffca90ad4cf9e96bee919be14b64e6d7704350d37539265e358a398c935b4cbd39087fa38512a947c6150e,JF177849,Y,3/18/2022 5:15,40,TRAFFIC SIGNAL,FUNCTIONING PROPERLY,CLEAR,"DARKNESS, LIGHTED ROAD",REAR END,DIVIDED - W/MEDIAN (NOT RAISED),,STRAIGHT AND LEVEL,DRY,NO DEFECTS,ON SCENE,INJURY AND / OR TOW DUE TO CRASH,,,,"OVER $1,500",3/18/2022 5:55,FAILING TO YIELD RIGHT-OF-WAY,FOLLOWING TOO CLOSELY,11408,W,IRVING PARK RD,1654,,,,,,,2,NO INDICATION OF INJURY,0,0,0,0,0,2,0,5,6,3,41.95219455,-87.90882698,POINT (-87.908826978901 41.952194550632)
6e303e0182e7f561a10e841bd6acfdb7fa481247bf43578392472277ed6e5e849378e71fe07adf6bbcd7d2c58d8c8c33b2bb6038b4d798d8c77ad406d3393d78,JF178235,,3/18/2022 9:20,10,NO CONTROLS,NO CONTROLS,CLOUDY/OVERCAST,DAYLIGHT,PARKED MOTOR VEHICLE,PARKING LOT,,STRAIGHT AND LEVEL,UNKNOWN,UNKNOWN,NOT ON SCENE (DESK REPORT),NO INJURY / DRIVE AWAY,,,,"$501 - $1,500",3/18/2022 12:27,IMPROPER BACKING,UNABLE TO DETERMINE,1419,N,WELLS ST,1821,,,,,,,2,NO INDICATION OF INJURY,0,0,0,0,0,1,0,9,6,3,41.90824642,-87.63447383,POINT (-87.634473828207 41.908246419332)
0635ed2ce651b1cfcd489a6a25b422120cea73f826711755d135bd6173f6b33c87bfffce05f35801a10640465c82f67b53ed52ac3b3e584ad1e6ebd0902f3451,JC173010,,3/4/2019 8:50,15,NO CONTROLS,NO CONTROLS,CLEAR,DAYLIGHT,FIXED OBJECT,PARKING LOT,1,STRAIGHT AND LEVEL,DRY,NO DEFECTS,,INJURY AND / OR TOW DUE TO CRASH,,Y,,"OVER $1,500",3/4/2019 8:59,PHYSICAL CONDITION OF DRIVER,NOT APPLICABLE,2001,W,DEVON AVE,2413,,,,,,,1,FATAL,1,1,0,0,0,0,0,8,2,3,41.99778431,-87.68019292,POINT (-87.680192918813 41.997784312485)
6adce507584d1459bdc2e6c8cf6c6f049b0cacc066732847d0455737ffa33b60e6b98684c195fefa1c486cf23f5b3ae3f8577fc8e29c94f14f9082488047c0f9,JF177179,,3/17/2022 13:50,30,NO CONTROLS,NO CONTROLS,CLEAR,DAYLIGHT,TURNING,NOT DIVIDED,,STRAIGHT AND LEVEL,DRY,NO DEFECTS,NOT ON SCENE (DESK REPORT),NO INJURY / DRIVE AWAY,,,Y,"$501 - $1,500",3/17/2022 14:50,FAILING TO REDUCE SPEED TO AVOID CRASH,NOT APPLICABLE,7912,S,PULASKI RD,834,,,,,,,2,NO INDICATION OF INJURY,0,0,0,0,0,2,0,13,5,3,41.7490144,-87.72204098,POINT (-87.722040981841 41.749014401931)
082ea42cc1a30186dd205e272b28c4e1bee6b02f1e3730a2cc41765a21d8526667395ae18470af410cafa349f7a032a7dafa922ec68b06c88e9a035fb8efda56,JF184604,Y,3/24/2022 0:01,30,NO CONTROLS,NO CONTROLS,UNKNOWN,"DARKNESS, LIGHTED ROAD",PARKED MOTOR VEHICLE,NOT DIVIDED,,STRAIGHT AND LEVEL,UNKNOWN,NO DEFECTS,ON SCENE,INJURY AND / OR TOW DUE TO CRASH,,,Y,"OVER $1,500",3/24/2022 6:27,UNABLE TO DETERMINE,UNABLE TO DETERMINE,7120,N,SHERIDAN RD,2423,,,,,,,3,NO INDICATION OF INJURY,0,0,0,0,0,1,0,0,5,3,42.01201713,-87.66322162,POINT (-87.663221624157 42.012017127573)
587e591c4e174e7744bc380c7e724e23124062e8a72357b04c88279b3b19a0db6e901f47a30e3d598c64bd8098a64270ac98e80a62a6d442cb838761ac23583c,JF178557,,3/18/2022 16:45,15,NO CONTROLS,NO CONTROLS,RAIN,DAYLIGHT,PARKED MOTOR VEHICLE,OTHER,,STRAIGHT AND LEVEL,WET,NO DEFECTS,ON SCENE,NO INJURY / DRIVE AWAY,,,Y,$500 OR LESS,3/18/2022 16:47,HAD BEEN DRINKING (USE WHEN ARREST IS NOT MADE),UNABLE TO DETERMINE,2806,W,CERMAK RD,1023,,,,,,,2,NO INDICATION OF INJURY,0,0,0,0,0,2,0,16,6,3,41.85200737,-87.69586997,POINT (-87.695869967928 41.852007366381)
2747abccb6e978334a6741eb1f902c692013fe3d13295667fc807f32ecde816872c93fbb2440b32276a521c682ba176f002bfca74ac6921fd614333e8ad29221,JF173953,,3/14/2022 18:00,35,TRAFFIC SIGNAL,FUNCTIONING PROPERLY,CLEAR,"DARKNESS, LIGHTED ROAD",REAR END,DIVIDED - W/MEDIAN (NOT RAISED),,STRAIGHT AND LEVEL,DRY,NO DEFECTS,,NO INJURY / DRIVE AWAY,Y,,,"OVER $1,500",3/14/2022 19:15,FOLLOWING TOO CLOSELY,UNABLE TO DETERMINE,8700,S,INDIANA AVE,632,,,,,,,2,NO INDICATION OF INJURY,0,0,0,0,0,2,0,18,2,3,41.73633731,-87.61951863,POINT (-87.619518631015 41.736337306233)
691c1c27b0ff0e457512bba57b8c1aa4943dcdd5c273b37a39d2476d7518439ec6bf31e69380b638df51d0619a10110415c1ed0cf7ab9fa09ae781910fb130c7,JF177850,,3/18/2022 5:30,30,NO CONTROLS,NO CONTROLS,CLEAR,"DARKNESS, LIGHTED ROAD",PARKED MOTOR VEHICLE,NOT DIVIDED,,STRAIGHT AND LEVEL,DRY,NO DEFECTS,ON SCENE,INJURY AND / OR TOW DUE TO CRASH,,,Y,"OVER $1,500",3/18/2022 6:00,UNABLE TO DETERMINE,NOT APPLICABLE,11119,S,LONGWOOD DR,2212,,,,,,,2,NO INDICATION OF INJURY,0,0,0,0,0,1,0,5,6,3,41.69127896,-87.67193076,POINT (-87.671930761577 41.691278957416)
9a677fc935d25f6e193baf7afe0c5b6752bfdc76398582a645cbb16e72f642ea9dfd0fb8b719335f7dc69bfacc94ab10ccda3ac51d131fb6ded70602210e95de,JF178482,,3/18/2022 15:42,45,OTHER,FUNCTIONING PROPERLY,RAIN,DAYLIGHT,SIDESWIPE SAME DIRECTION,DIVIDED - W/MEDIAN BARRIER,,STRAIGHT AND LEVEL,WET,NO DEFECTS,NOT ON SCENE (DESK REPORT),NO INJURY / DRIVE AWAY,,,,"OVER $1,500",3/18/2022 16:30,FAILING TO REDUCE SPEED TO AVOID CRASH,FOLLOWING TOO CLOSELY,1600,S,LAKE SHORE DR W,132,,,,,,,2,NO INDICATION OF INJURY,0,0,0,0,0,2,0,15,6,3,41.8602209,-87.61794334,POINT (-87.617943335642 41.860220895539)
250b6bdf84606ed7d0973e3bd87e0acf890cb9c4a27823693f902eda5f83712c680a6b03c3279502910c4d3eef087925b4d225e61b4d7157a1817c4a6ffcd797,JF176678,,3/17/2022 7:48,30,NO CONTROLS,NO CONTROLS,CLEAR,DAYLIGHT,TURNING,NOT DIVIDED,,STRAIGHT AND LEVEL,DRY,NO DEFECTS,ON SCENE,NO INJURY / DRIVE AWAY,,,,"$501 - $1,500",3/17/2022 7:55,FAILING TO YIELD RIGHT-OF-WAY,DRIVING SKILLS/KNOWLEDGE/EXPERIENCE,3030,S,PITNEY CT,913,,,,,,,2,NO INDICATION OF INJURY,0,0,0,0,0,3,0,7,5,3,41.83836492,-87.66247912,POINT (-87.662479115642 41.838364918311)
46c7442290ce345210d462288c5672880a9b70c424f15ae7e01a6a0097aa57b3be2738ab2f183bc2fa4264ba0cb1f3209f57bcb4f651745d4e05fd2983ca1d3a,JF178536,,3/18/2022 15:48,30,NO CONTROLS,NO CONTROLS,RAIN,DAYLIGHT,REAR END,NOT DIVIDED,,STRAIGHT AND LEVEL,WET,NO DEFECTS,NOT ON SCENE (DESK REPORT),NO INJURY / DRIVE AWAY,,,Y,"$501 - $1,500",3/18/2022 16:30,FOLLOWING TOO CLOSELY,FOLLOWING TOO CLOSELY,501,E,OAKWOOD BLVD,214,,,,,,,2,NO INDICATION OF INJURY,0,0,0,0,0,2,0,15,6,3,41.82256499,-87.61411356,POINT (-87.614113563613 41.822564987252)
3af0b75db9cdbf29a5d5cb5d5410bb2282e8454ffa908fd5790b17e564b2cc76f8662b5389044792799f5f94e3dc835b33a2db2850d17b12a2afffa6f8d122c1,JF178964,,3/19/2022 2:29,30,NO CONTROLS,UNKNOWN,RAIN,"DARKNESS, LIGHTED ROAD",PARKED MOTOR VEHICLE,DIVIDED - W/MEDIAN (NOT RAISED),,STRAIGHT AND LEVEL,WET,NO DEFECTS,ON SCENE,INJURY AND / OR TOW DUE TO CRASH,,,,"OVER $1,500",3/19/2022 2:35,UNABLE TO DETERMINE,IMPROPER LANE USAGE,5336,S,PRAIRIE AVE,231,,,,,,,2,NO INDICATION OF INJURY,0,0,0,0,0,2,0,2,7,3,41.79729479,-87.61943662,POINT (-87.619436618712 41.797294790439)
082fd2f583a6505731b56276536e188f1ae28427bd54f40d1a9e0f73e71a55ed4b6d2d129809d5f562479123950d62e46b76c3cc24b6879dd762d8fa02cdfc2a,JD419798,,11/3/2020 14:50,30,NO CONTROLS,NO CONTROLS,CLEAR,DAYLIGHT,PARKED MOTOR VEHICLE,ONE-WAY,,STRAIGHT AND LEVEL,DRY,NO DEFECTS,,INJURY AND / OR TOW DUE TO CRASH,,,Y,"OVER $1,500",11/3/2020 14:57,UNABLE TO DETERMINE,UNABLE TO DETERMINE,2432,W,WARREN BLVD,1222,,,,,,,3,NO INDICATION OF INJURY,0,0,0,0,0,1,0,14,3,11,41.88218651,-87.68779263,POINT (-87.6877926326 41.882186504792)
083da4894ffd88cbf42bde0bbd147920a273b1a833172d81babc3efb026dc11f6d23c53ff8e97d113979eddaa06a3ffe56027337a5631beccf9806dbcfbceaac,JE265850,,6/14/2021 16:20,35,TRAFFIC SIGNAL,FUNCTIONING PROPERLY,CLEAR,DAYLIGHT,SIDESWIPE SAME DIRECTION,DIVIDED - W/MEDIAN (NOT RAISED),,STRAIGHT AND LEVEL,DRY,NO DEFECTS,,NO INJURY / DRIVE AWAY,Y,,Y,"OVER $1,500",6/14/2021 16:40,IMPROPER OVERTAKING/PASSING,UNABLE TO DETERMINE,7500,S,VINCENNES AVE,623,,,,,,,3,NO INDICATION OF INJURY,0,0,0,0,0,3,0,16,2,6,41.75814553,-87.63152475,POINT (-87.631524750352 41.758145526339)
8d4d3b6f25e94cb18d6f80e036b423515176eb7c79699f08e1b954d13b9cd9bd9a9d694ab0d791288ad31ebaa8332df360244edc9fa203d50c83e2c892928941,JF178304,,3/16/2022 16:43,30,NO CONTROLS,NO CONTROLS,CLEAR,DAYLIGHT,REAR END,DIVIDED - W/MEDIAN (NOT RAISED),,STRAIGHT AND LEVEL,DRY,NO DEFECTS,NOT ON SCENE (DESK REPORT),NO INJURY / DRIVE AWAY,,,,$500 OR LESS,3/18/2022 13:30,FOLLOWING TOO CLOSELY,NOT APPLICABLE,2270,N,CLYBOURN AVE,1811,,,,,,,2,NO INDICATION OF INJURY,0,0,0,0,0,2,0,16,4,3,41.92307753,-87.6666493,POINT (-87.666649304247 41.923077525582)
1cbf3a9c5c0f23e866885b7a903eeb26aaef73ffd3adbeb54479b05acefbe1dfd666a4a1e8c30913b489d8f6c511e42380e190dc8e063a33fb55cb65d13290a8,JF177680,,3/17/2022 21:00,30,TRAFFIC SIGNAL,FUNCTIONING PROPERLY,CLEAR,"DARKNESS, LIGHTED ROAD",REAR END,ONE-WAY,,STRAIGHT AND LEVEL,DRY,NO DEFECTS,NOT ON SCENE (DESK REPORT),INJURY AND / OR TOW DUE TO CRASH,,,,"OVER $1,500",3/17/2022 22:20,UNABLE TO DETERMINE,UNABLE TO DETERMINE,250,W,OHIO ST,1831,,,,,,,2,NO INDICATION OF INJURY,0,0,0,0,0,2,0,21,5,3,41.89247902,-87.63552273,POINT (-87.635522728521 41.892479021816)
c27b6ac01b19906c1a16b7d666184fac37ce8dc387d9877a5847532a3ac84d3bdcdd15bfee909e26d6d5bdd4aeb11af80d7da36789b62a9dec4bcfe13658e2d0,JF177278,Y,3/14/2022 2:00,30,NO CONTROLS,NO CONTROLS,CLEAR,DAYLIGHT,PARKED MOTOR VEHICLE,ONE-WAY,,STRAIGHT AND LEVEL,DRY,NO DEFECTS,NOT ON SCENE (DESK REPORT),NO INJURY / DRIVE AWAY,,,Y,"$501 - $1,500",3/17/2022 16:05,UNABLE TO DETERMINE,UNABLE TO DETERMINE,7940,S,WOOD ST,611,,,,,,,2,NO INDICATION OF INJURY,0,0,0,0,0,1,0,2,2,3,41.74907038,-87.66840772,POINT (-87.668407722721 41.749070381496)
3f3daeed0fd38a03234663c901790b2b1f4c879874db5a1da7cc3192fee77cd4d9632cb9376c94aee09773d4b53465157960d0d6f4bf3b8ab5156d300ed4ebb0,JF176806,,3/17/2022 8:45,25,NO CONTROLS,NO CONTROLS,CLEAR,DAYLIGHT,SIDESWIPE SAME DIRECTION,NOT DIVIDED,,STRAIGHT AND LEVEL,DRY,NO DEFECTS,,NO INJURY / DRIVE AWAY,,,,"OVER $1,500",3/17/2022 10:10,UNABLE TO DETERMINE,UNABLE TO DETERMINE,4015,W,CULLOM AVE,1722,,,,,,,2,NO INDICATION OF INJURY,0,0,0,0,0,2,0,8,5,3,41.95900696,-87.72844532,POINT (-87.72844531456 41.959006963505)
725261a1ae3614aefc9a882f6bceed0f1619c523f8db130c237e117b55a8b220ce5aac9221dfd3f707efa18732fb8bc679ab76a9ec7f6faf9392abd5a56f1ebc,JF177906,,3/18/2022 7:25,30,NO CONTROLS,NO CONTROLS,CLEAR,DAYLIGHT,TURNING,DIVIDED - W/MEDIAN (NOT RAISED),,STRAIGHT AND LEVEL,DRY,NO DEFECTS,ON SCENE,INJURY AND / OR TOW DUE TO CRASH,,,,"OVER $1,500",3/18/2022 7:31,DRIVING SKILLS/KNOWLEDGE/EXPERIENCE,UNABLE TO DETERMINE,242,E,103RD ST,511,,,,,,,2,"REPORTED, NOT EVIDENT",1,0,0,0,1,1,0,7,6,3,41.70737498,-87.61694603,POINT (-87.61694603289 41.707374981987)
b1aa402ad2786733b33dc6d0f95f54c66b6df06382ad5f00527c68a69b6db20603bcc3c5e192e0749084af7e477a707dc7290e7283583fee2fc64c7758c6ae6d,JF177768,,3/18/2022 0:30,30,TRAFFIC SIGNAL,FUNCTIONING PROPERLY,CLEAR,"DARKNESS, LIGHTED ROAD",TURNING,FOUR WAY,,STRAIGHT AND LEVEL,DRY,NO DEFECTS,ON SCENE,NO INJURY / DRIVE AWAY,Y,,,"$501 - $1,500",3/18/2022 0:45,NOT APPLICABLE,NOT APPLICABLE,8700,S,COTTAGE GROVE AVE,632,,,,,,,2,NO INDICATION OF INJURY,0,0,0,0,0,2,0,0,6,3,41.73660156,-87.6049681,POINT (-87.604968100168 41.736601558476)
c76c2a8d0445f5ca0a89de57ca3ee14f82ef26512f00979c4ab5d4f2464976da116163347472a5685ea330b498863dadb47b859c6f47cd89e1683345ffbf85d1,JF178465,,3/18/2022 15:53,30,STOP SIGN/FLASHER,FUNCTIONING PROPERLY,RAIN,DAYLIGHT,REAR END,NOT REPORTED,,STRAIGHT ON GRADE,WET,NO DEFECTS,ON SCENE,NO INJURY / DRIVE AWAY,Y,,Y,$500 OR LESS,3/18/2022 15:57,FAILING TO REDUCE SPEED TO AVOID CRASH,FOLLOWING TOO CLOSELY,1001,E,OAKWOOD BLVD,214,,,,,,,2,NO INDICATION OF INJURY,0,0,0,0,0,3,0,15,6,3,41.82472187,-87.60197152,POINT (-87.601971516176 41.824721873173)
ea629982096f87cf412d1c53e9941d6529a763b40929c87ea70da907bd75573e20ccd21d850bc94b12af898a95deaad58ea283fa9f4b2e73af6fa5d448a72d09,JF178406,,3/18/2022 14:15,30,TRAFFIC SIGNAL,FUNCTIONING PROPERLY,RAIN,DAYLIGHT,TURNING,FOUR WAY,,STRAIGHT AND LEVEL,WET,UNKNOWN,ON SCENE,INJURY AND / OR TOW DUE TO CRASH,Y,,Y,"OVER $1,500",3/18/2022 14:21,DISREGARDING TRAFFIC SIGNALS,WEATHER,3001,W,AUGUSTA BLVD,1211,,,,,,,2,NO INDICATION OF INJURY,0,0,0,0,0,2,0,14,6,3,41.89912392,-87.70249382,POINT (-87.702493822512 41.899123914643)
a60b6b0d137ae9e2d213badf94dcbc149a10a8197901be5210fabd44a4d23336372660cd4ccefc8796cba5677f437049c534b1fb682ba5a82857efea0d691d83,,,3/28/2022 7:00,10,NO CONTROLS,NO CONTROLS,CLEAR,UNKNOWN,PARKED MOTOR VEHICLE,PARKING LOT,,STRAIGHT AND LEVEL,DRY,NO DEFECTS,NOT ON SCENE (DESK REPORT),NO INJURY / DRIVE AWAY,,,,"OVER $1,500",4/1/2022 18:13,NOT APPLICABLE,NOT APPLICABLE,32,S,JEFFERSON ST,121,,,,,,,2,NO INDICATION OF INJURY,0,0,0,0,0,1,0,7,2,3,41.88083173,-87.64277529,POINT (-87.642775292351 41.880831728236)
2df795297ee0c93ce7481432f3b1625ec43f716e222288ac9e9eb02cc362cf747930277f9e991b1ff54a5baf30ac87927cf457f2b98025d88c1462e0da8e3294,JF178309,,3/18/2022 13:28,30,NO CONTROLS,NO CONTROLS,CLEAR,DAYLIGHT,REAR TO FRONT,NOT DIVIDED,,STRAIGHT AND LEVEL,DRY,UNKNOWN,,NO INJURY / DRIVE AWAY,Y,,,"OVER $1,500",3/18/2022 13:50,FOLLOWING TOO CLOSELY,NOT APPLICABLE,1532,W,VAN BUREN ST,1231,,,,,,,2,NO INDICATION OF INJURY,0,0,0,0,0,2,0,13,6,3,41.8764778,-87.66559895,POINT (-87.665598954353 41.876477803698)
1fd61320fd907273ac22d53f7afe7942f53e945452d2f20921ad5445583441117e43aeba5026712827f69724c62ff030451918da4d6054005c4da2c820dad974,JF177858,,3/18/2022 6:00,30,NO CONTROLS,NO CONTROLS,CLEAR,"DARKNESS, LIGHTED ROAD",FIXED OBJECT,DIVIDED - W/MEDIAN (NOT RAISED),,STRAIGHT AND LEVEL,DRY,UNKNOWN,ON SCENE,INJURY AND / OR TOW DUE TO CRASH,,,Y,"OVER $1,500",3/18/2022 6:06,UNABLE TO DETERMINE,UNABLE TO DETERMINE,2235,S,LOOMIS ST,1235,,,,,,,1,NO INDICATION OF INJURY,0,0,0,0,0,1,0,6,6,3,41.85136182,-87.66098523,POINT (-87.66098522516 41.851361822274)
266a6ae480f8d183956e503a7c8b1aa68c0e11f43113fd3208879d36e1d12e4b9ef607a2e8239f38debab99bc1f730c06a39e5b7f65a010fedec01d2794e0af8,JF177860,,3/18/2022 6:25,30,NO CONTROLS,NO CONTROLS,CLEAR,"DARKNESS, LIGHTED ROAD",SIDESWIPE SAME DIRECTION,NOT DIVIDED,,STRAIGHT AND LEVEL,DRY,NO DEFECTS,NOT ON SCENE (DESK REPORT),NO INJURY / DRIVE AWAY,,,,"$501 - $1,500",3/18/2022 6:40,FOLLOWING TOO CLOSELY,NOT APPLICABLE,3410,N,LAKE SHORE DR,1925,,,,,,,2,NO INDICATION OF INJURY,0,0,0,0,0,2,0,6,6,3,41.94372892,-87.64085876,POINT (-87.640858756008 41.943728916123)
b4e101b307f9c4650e6236fc64394e616d2e436833de4fbdc3304fc72acf95c6a9dce1a452722bd0dae1d06f4461fe8cb8cec1aef15d0ad701e8aeed710d854a,JF178933,,3/19/2022 0:13,30,NO CONTROLS,NO CONTROLS,RAIN,"DARKNESS, LIGHTED ROAD",REAR TO FRONT,ONE-WAY,,STRAIGHT AND LEVEL,WET,NO DEFECTS,NOT ON SCENE (DESK REPORT),NO INJURY / DRIVE AWAY,,,Y,"OVER $1,500",3/19/2022 1:10,IMPROPER BACKING,NOT APPLICABLE,418,W,BARRY AVE,1934,,,,,,,2,NO INDICATION OF INJURY,0,0,0,0,0,2,0,0,7,3,41.93783485,-87.64022305,POINT (-87.640223053862 41.937834853398)
51e21709596f0adc65100a011ca4d06d13d4b7e021cf011a72aee32ca2b5675e58a9d5ab56f0c9b85fd6313807465e989764899e55b7de52af014b16973b8dc8,JF176766,,3/17/2022 9:00,20,NO CONTROLS,NOT FUNCTIONING,CLEAR,DAYLIGHT,SIDESWIPE OPPOSITE DIRECTION,DRIVEWAY,,STRAIGHT AND LEVEL,DRY,NO DEFECTS,ON SCENE,NO INJURY / DRIVE AWAY,,,,$500 OR LESS,3/17/2022 9:05,UNABLE TO DETERMINE,NOT APPLICABLE,517,W,OHARE ST,1654,,,,,,,2,NO INDICATION OF INJURY,0,0,0,0,0,2,0,9,5,3,,,
4b5bd2bf0bcb09b4c6c09f8c5c263ec8cc1dedb7f12482f1eee550be5eb1c8f371ac4ed2f9a8b0936ff707a5a83f1783698f5cd8737de7a458294450d3d9c95c,JF177830,,3/18/2022 4:48,25,TRAFFIC SIGNAL,FUNCTIONING PROPERLY,CLEAR,"DARKNESS, LIGHTED ROAD",ANGLE,NOT DIVIDED,,STRAIGHT AND LEVEL,DRY,NO DEFECTS,ON SCENE,INJURY AND / OR TOW DUE TO CRASH,Y,,,"OVER $1,500",3/18/2022 4:48,DRIVING SKILLS/KNOWLEDGE/EXPERIENCE,FAILING TO YIELD RIGHT-OF-WAY,6339,W,GREGORY ST,1622,,,,,,,2,NO INDICATION OF INJURY,0,0,0,0,0,2,0,4,6,3,41.98195694,-87.78684636,POINT (-87.786846359304 41.981956941103)
98a0507a2847577d288687b8ab11b63f0e29c59223992e292e1c0655b4c9d528a40c741826d054fd7850490dc6361ab79905fb6e651766fd08af63f0075b5e03,JF178813,,3/18/2022 20:15,30,TRAFFIC SIGNAL,FUNCTIONING PROPERLY,RAIN,"DARKNESS, LIGHTED ROAD",REAR END,DIVIDED - W/MEDIAN (NOT RAISED),,STRAIGHT AND LEVEL,WET,NO DEFECTS,NOT ON SCENE (DESK REPORT),NO INJURY / DRIVE AWAY,,,Y,"$501 - $1,500",3/18/2022 21:10,UNABLE TO DETERMINE,UNABLE TO DETERMINE,1000,W,87TH ST,613,,,,,,,2,NO INDICATION OF INJURY,0,0,0,0,0,3,0,20,6,3,41.73611222,-87.64855595,POINT (-87.648555948868 41.736112217342)
a657ebecb71192dcb71a2e073f5897fbb170342f56c2ae4f05fa4c762e76699558313071e6a856a222b4e1f50a763d743f330bab6caaf027dda142140daf4742,JF178735,,3/18/2022 19:28,30,STOP SIGN/FLASHER,FUNCTIONING PROPERLY,RAIN,"DARKNESS, LIGHTED ROAD",ANGLE,FOUR WAY,,STRAIGHT ON GRADE,WET,NO DEFECTS,ON SCENE,NO INJURY / DRIVE AWAY,Y,,,"$501 - $1,500",3/18/2022 19:40,UNABLE TO DETERMINE,NOT APPLICABLE,500,S,LOOMIS ST,1231,,,,,,,2,NO INDICATION OF INJURY,0,0,0,0,0,4,0,19,6,3,41.87520534,-87.66196593,POINT (-87.661965933749 41.875205341932)
be38f06305ca29e25c3f135b94a22c7b298466d2b825b704aa85622a6b794ae2462ef2b94d208d44008baf5e97778c90ec1fb01d1f18842660697ed9d86338ab,JF178297,,3/18/2022 12:30,35,OTHER,FUNCTIONING PROPERLY,RAIN,DAYLIGHT,REAR TO FRONT,ONE-WAY,,STRAIGHT AND LEVEL,WET,NO DEFECTS,NOT ON SCENE (DESK REPORT),NO INJURY / DRIVE AWAY,,,,"$501 - $1,500",3/18/2022 13:35,IMPROPER BACKING,UNABLE TO DETERMINE,20,W,MONROE ST,112,,,,,,,2,NO INDICATION OF INJURY,0,0,0,0,0,2,0,12,6,3,41.88084655,-87.62851331,POINT (-87.628513312614 41.880846551058)
d35a8ed107af074b62da68edfe18f1082558f42511b242fcccebc0552f7001f55f345586d360b98651ba13b9f30030960b7a2036ee4d7361f0f3a56d1683adea,JF178532,,3/18/2022 16:26,30,TRAFFIC SIGNAL,FUNCTIONING PROPERLY,RAIN,DAYLIGHT,REAR END,NOT DIVIDED,,STRAIGHT AND LEVEL,WET,NO DEFECTS,ON SCENE,NO INJURY / DRIVE AWAY,,,,"OVER $1,500",3/18/2022 16:30,FOLLOWING TOO CLOSELY,UNABLE TO DETERMINE,4006,W,ARMITAGE AVE,2525,,,,,,,2,NO INDICATION OF INJURY,0,0,0,0,0,6,0,16,6,3,41.91727147,-87.72689735,POINT (-87.726897346244 41.91727147294)
0de6f2b33c0aa67afb02d8500483fcdef77d753c10ea2f4ba248ce50f87efc890327d76bedcd67aef4aab74600f07e1d13097dc3a4bada499091d8d1bc879ff0,JE328114,,8/6/2021 10:20,30,TRAFFIC SIGNAL,FUNCTIONING PROPERLY,CLEAR,DAYLIGHT,ANGLE,FOUR WAY,,STRAIGHT AND LEVEL,DRY,NO DEFECTS,,INJURY AND / OR TOW DUE TO CRASH,Y,,,"OVER $1,500",8/6/2021 10:20,UNABLE TO DETERMINE,NOT APPLICABLE,615,N,OGDEN AVE,1214,,,,,,,4,INCAPACITATING INJURY,6,0,2,2,2,0,0,10,6,8,41.89303833,-87.65714968,POINT (-87.657149681806 41.893038327038)
33d68de0e4dfbf6cff3d8d11efe1146b891c14cd4f25c379386bfb21f6cd5c52b73aa715118e5eb3a0ae5dc60e1920d44e9b66429be7da858beffb5d95bb5655,JF176446,,3/16/2022 22:03,30,NO CONTROLS,NO CONTROLS,CLEAR,"DARKNESS, LIGHTED ROAD",PARKED MOTOR VEHICLE,OTHER,,STRAIGHT AND LEVEL,DRY,UNKNOWN,ON SCENE,INJURY AND / OR TOW DUE TO CRASH,,,Y,"OVER $1,500",3/16/2022 22:03,UNABLE TO DETERMINE,NOT APPLICABLE,7959,S,ADA ST,612,,,,,,,3,NO INDICATION OF INJURY,0,0,0,0,0,1,0,22,4,3,41.74869742,-87.65718279,POINT (-87.657182791868 41.748697416351)