CRASH_RECORD_ID,RD_NO,CRASH_DATE_EST_I,CRASH_DATE,POSTED_SPEED_LIMIT,TRAFFIC_CONTROL_DEVICE,DEVICE_CONDITION,WEATHER_CONDITION,LIGHTING_CONDITION,FIRST_CRASH_TYPE,TRAFFICWAY_TYPE,LANE_CNT,ALIGNMENT,ROADWAY_SURFACE_COND,ROAD_DEFECT,REPORT_TYPE,CRASH_TYPE,INTERSECTION_RELATED_I,NOT_RIGHT_OF_WAY_I,HIT_AND_RUN_I,DAMAGE,DATE_POLICE_NOTIFIED,PRIM_CONTRIBUTORY_CAUSE,SEC_CONTRIBUTORY_CAUSE,STREET_NO,STREET_DIRECTION,STREET_NAME,BEAT_OF_OCCURRENCE,PHOTOS_TAKEN_I,STATEMENTS_TAKEN_I,DOORING_I,WORK_ZONE_I,WORK_ZONE_TYPE,WORKERS_PRESENT_I,NUM_UNITS,MOST_SEVERE_INJURY,INJURIES_TOTAL,INJURIES_FATAL,INJURIES_INCAPACITATING,INJURIES_NON_INCAPACITATING,INJURIES_REPORTED_NOT_EVIDENT,INJURIES_NO_INDICATION,INJURIES_UNKNOWN,CRASH_HOUR,CRASH_DAY_OF_WEEK,CRASH_MONTH,LATITUDE,LONGITUDE,LOCATION
4bfb2b5f346c88c31955964a35deb12092ac29918a281273c04b6c444cca5780a6059bb32996e6b318b75be9a740d2825da64d293bd131513b512a632de90252,JF177616,,3/17/2022 19:45,30,NO CONTROLS,NO CONTROLS,CLEAR,"DARKNESS, LIGHTED ROAD",ANGLE,NOT DIVIDED,,STRAIGHT AND LEVEL,DRY,NO DEFECTS,NOT ON SCENE (DESK REPORT),NO INJURY / DRIVE AWAY,Y,,,"OVER $1,500",3/17/2022 20:50,UNABLE TO DETERMINE,NOT APPLICABLE,2418,W,DIVISION ST,1423,,,,,,,2,NO INDICATION OF INJURY,0,0,0,0,0,2,0,19,5,3,41.90311804,-87.68777986,POINT (-87.687779863714 41.903118044271)
ab7f598d56ddafd510691a0ab599ae92267f46e23dc8d7df1f81d1c58b5435132e657fa70385fe78ced967e437952ffb42139cbbbdc349372b7ed7fe259e4338,JF177017,,3/17/2022 11:30,30,NO CONTROLS,NO CONTROLS,CLEAR,DAYLIGHT,PARKED MOTOR VEHICLE,ONE-WAY,,STRAIGHT AND LEVEL,DRY,NO DEFECTS,NOT ON SCENE (DESK REPORT),INJURY AND / OR TOW DUE TO CRASH,,,Y,"OVER $1,500",3/17/2022 12:45,UNABLE TO DETERMINE,NOT APPLICABLE,50,W,WASHINGTON ST,111,,,,,,,2,NO INDICATION OF INJURY,0,0,0,0,0,1,0,11,5,3,41.8833222,-87.6297751,POINT (-87.629775096643 41.88332219915)
3cd073de2da0a0f39390d860dbcf4dc1f8e05b917d972097fea1e03402ec832899798b772debc23b345360dec2a42d338d63b4442c248f589cea6c98a93886cc,JF178601,,3/18/2022 17:20,35,NO CONTROLS,NO CONTROLS,RAIN,DAYLIGHT,TURNING,NOT DIVIDED,,STRAIGHT AND LEVEL,WET,NO DEFECTS,NOT ON SCENE (DESK REPORT),NO INJURY / DRIVE AWAY,,,,"OVER $1,500",3/18/2022 17:50,IMPROPER TURNING/NO SIGNAL,IMPROPER TURNING/NO SIGNAL,1631,S,MICHIGAN AVE,132,,,,,,,2,NO INDICATION OF INJURY,0,0,0,0,0,2,0,17,6,3,41.85938111,-87.62382043,POINT (-87.623820425607 41.859381111287)
457b20c9fcc23e6cbcd697d25f39d996ed11bfc831820addd8879475622d05c14b0d5514883667e2359c17f4fcf6a81e36c6bc001eb4108ac13ac5b587907ffe,JF177754,Y,3/18/2022 1:30,30,TRAFFIC SIGNAL,FUNCTIONING PROPERLY,CLEAR,"DARKNESS, LIGHTED ROAD",ANGLE,FOUR WAY,,STRAIGHT AND LEVEL,DRY,NO DEFECTS,ON SCENE,INJURY AND / OR TOW DUE TO CRASH,Y,,,"OVER $1,500",3/18/2022 1:30,DISREGARDING TRAFFIC SIGNALS,FAILING TO REDUCE SPEED TO AVOID CRASH,700,W,TAYLOR ST,124,,,,,,,2,NO INDICATION OF INJURY,0,0,0,0,0,2,0,1,6,3,41.86980522,-87.6437763,POINT (-87.643776301838 41.869805222061)
93e68bd83ce11c33e861407b2aff40cd16597d64f88a1602429ae2aabcceedd9f5d89a37d796092bce5dd9039607ccfc976e0d1fe6087735405158568be37014,JF178538,,3/17/2022 21:00,30,NO CONTROLS,NO CONTROLS,CLEAR,"DARKNESS, LIGHTED ROAD",PARKED MOTOR VEHICLE,NOT DIVIDED,,STRAIGHT AND LEVEL,DRY,NO DEFECTS,NOT ON SCENE (DESK REPORT),INJURY AND / OR TOW DUE TO CRASH,,,,"OVER $1,500",3/18/2022 16:30,UNABLE TO DETERMINE,NOT APPLICABLE,733,N,PULASKI RD,1112,,,,,,,2,NONINCAPACITATING INJURY,1,0,0,1,0,0,0,21,5,3,41.89453806,-87.72591157,POINT (-87.72591156848 41.894538064347)
95a1f09bc45176592eac7fc6bf9eb21fefe44e904e9bdf1f1417f88b88b29757310ed4fed2af0290055d0835aa423b73e5a74e1eacc5f936fc1096661693bc0b,,,3/29/2022 12:55,30,NO CONTROLS,NO CONTROLS,CLEAR,DAYLIGHT,PARKED MOTOR VEHICLE,NOT DIVIDED,,STRAIGHT AND LEVEL,DRY,NO DEFECTS,ON SCENE,NO INJURY / DRIVE AWAY,,,Y,"OVER $1,500",3/29/2022 13:14,"OPERATING VEHICLE IN ERRATIC, RECKLESS, CARELESS, NEGLIGENT OR AGGRESSIVE MANNER",FAILING TO REDUCE SPEED TO AVOID CRASH,1516,W,99TH ST,2213,,,,,,,3,NO INDICATION OF INJURY,0,0,0,0,0,3,0,12,3,3,41.71410093,-87.66094407,POINT (-87.660944071394 41.714100924684)
3ba65792b369c75ab67869fae3e7eb1a9501ab70fe9d743a73aca0aa0ba14f0d1ed216d88edc6b13b43ae41e2447c4a573f2c434deade8cc38e3bb9abb87a9d7,,,3/31/2022 18:30,30,TRAFFIC SIGNAL,FUNCTIONING PROPERLY,CLEAR,DARKNESS,REAR END,NOT DIVIDED,,STRAIGHT AND LEVEL,DRY,NO DEFECTS,NOT ON SCENE (DESK REPORT),NO INJURY / DRIVE AWAY,,,,"OVER $1,500",3/31/2022 20:45,FOLLOWING TOO CLOSELY,FAILING TO REDUCE SPEED TO AVOID CRASH,7001,N,SHERIDAN RD,2423,,,,,,,2,NO INDICATION OF INJURY,0,0,0,0,0,2,0,18,5,3,42.0092697,-87.66196532,POINT (-87.661965318682 42.009269701478)
19cb142ca943937cb7beeb4dc2ba47e2709e82694552d15adf2f49ebf08be90647478023de81b34d6929a91d99cf77c117fd3bb660c70712f65fd4a406016cca,JF178110,,3/18/2022 10:00,30,NO CONTROLS,NO CONTROLS,CLEAR,DAYLIGHT,ANGLE,DIVIDED - W/MEDIAN (NOT RAISED),,STRAIGHT AND LEVEL,DRY,NO DEFECTS,NOT ON SCENE (DESK REPORT),NO INJURY / DRIVE AWAY,,,,"OVER $1,500",3/18/2022 10:50,FAILING TO YIELD RIGHT-OF-WAY,NOT APPLICABLE,2014,N,CICERO AVE,2522,,,,,,,2,NO INDICATION OF INJURY,0,0,0,0,0,2,0,10,6,3,41.9173859,-87.74628361,POINT (-87.74628361197 41.917385896418)
38f599fd416bab6b384200d01172576ae59dc7befa58a0696fd650060af46e414c992d4355a0cdfb578b93e348c371e0343241e45bc3fd742c4df9630444469b,JF177990,,3/18/2022 8:40,30,NO CONTROLS,NO CONTROLS,CLEAR,DAYLIGHT,ANGLE,DIVIDED - W/MEDIAN (NOT RAISED),,STRAIGHT AND LEVEL,DRY,NO DEFECTS,NOT ON SCENE (DESK REPORT),NO INJURY / DRIVE AWAY,,,Y,"$501 - $1,500",3/18/2022 9:20,FAILING TO YIELD RIGHT-OF-WAY,UNABLE TO DETERMINE,5001,S,HERMITAGE AVE,931,,,,,,,2,NO INDICATION OF INJURY,0,0,0,0,0,2,0,8,6,3,41.80301825,-87.66832441,POINT (-87.668324407869 41.803018252819)
7fe413e2a913ff2206b0c1fbbcb4f82f44c24cca87328c5edd99ac9f08c36cf30f7d3fa1c2761b8a47449fb5b8e9a345f92ddb75042105dc81ccc37316bce4db,JF178926,,3/19/2022 0:40,30,NO CONTROLS,NO CONTROLS,RAIN,"DARKNESS, LIGHTED ROAD",OTHER OBJECT,DIVIDED - W/MEDIAN (NOT RAISED),,STRAIGHT AND LEVEL,WET,NO DEFECTS,,INJURY AND / OR TOW DUE TO CRASH,,,,"OVER $1,500",3/19/2022 0:42,UNABLE TO DETERMINE,NOT APPLICABLE,1915,N,HARLEM AVE,2513,,,,,,,1,NO INDICATION OF INJURY,0,0,0,0,0,2,0,0,7,3,41.91485213,-87.80581745,POINT (-87.805817445773 41.914852129341)
ae37d03d2602489e6cd70aade813cfe369c0a8206896c1bc7205536276e353bf8f143a0c0a2a2ef194bef1e5ea46c5213fe4f351d07d3223bab1bc016143d9b8,JF177566,,3/17/2022 19:27,30,NO CONTROLS,UNKNOWN,CLEAR,"DARKNESS, LIGHTED ROAD",REAR END,ONE-WAY,,STRAIGHT AND LEVEL,DRY,NO DEFECTS,ON SCENE,NO INJURY / DRIVE AWAY,,,,$500 OR LESS,3/17/2022 19:27,FAILING TO REDUCE SPEED TO AVOID CRASH,NOT APPLICABLE,421,W,79TH ST,621,,,,,,,3,NO INDICATION OF INJURY,0,0,0,0,0,5,0,19,5,3,41.75066051,-87.6351197,POINT (-87.635119703248 41.750660510797)
22767fe6e50a0c81173a549ade7d995e46b3fb72f1c66fb3560f724ce8b6c5feb0abf965ed671075fd2e6186dd8800a4fbe4b136ff5c5bb50fc00573ccd55f30,JF178585,,3/18/2022 16:35,30,NO CONTROLS,NO CONTROLS,RAIN,DAYLIGHT,REAR END,NOT DIVIDED,,STRAIGHT AND LEVEL,WET,NO DEFECTS,NOT ON SCENE (DESK REPORT),NO INJURY / DRIVE AWAY,,,,"$501 - $1,500",3/18/2022 17:25,FOLLOWING TOO CLOSELY,NOT APPLICABLE,6200,N,LINCOLN AVE,1711,,,,,,,2,NO INDICATION OF INJURY,0,0,0,0,0,2,0,16,6,3,41.99445,-87.71420844,POINT (-87.714208439209 41.994450004117)
277ccc001d1a786e3bedc81a42df7128d4de2a4870dba99e26a15ac3f41eb3f6a3c39bb62b23cbd725f6179dd75dc543c252601e0705e1ea52e76f4370060be5,JF178961,,3/19/2022 1:00,30,NO CONTROLS,NO CONTROLS,RAIN,"DARKNESS, LIGHTED ROAD",FIXED OBJECT,DIVIDED - W/MEDIAN (NOT RAISED),,STRAIGHT ON GRADE,WET,NO DEFECTS,ON SCENE,INJURY AND / OR TOW DUE TO CRASH,,,N,"OVER $1,500",3/19/2022 1:00,UNABLE TO DETERMINE,FAILING TO REDUCE SPEED TO AVOID CRASH,4527,S,ASHLAND AVE,924,,,,,,,1,NONINCAPACITATING INJURY,1,0,0,1,0,2,0,1,7,3,41.81140788,-87.6648974,POINT (-87.664897396971 41.811407876539)
0f4e51656b52ade14fd55bab2774a86ac8d8b1b6da3621972527339edaa84a44374ee6bf82c9de1aabf6042de81629e87acfd640cb886550fb842893e6bf046d,JE287747,,7/2/2021 18:48,45,NO CONTROLS,NO CONTROLS,CLEAR,DAYLIGHT,TURNING,ONE-WAY,,STRAIGHT AND LEVEL,DRY,NO DEFECTS,,NO INJURY / DRIVE AWAY,,,,"OVER $1,500",7/2/2021 20:00,IMPROPER OVERTAKING/PASSING,NOT APPLICABLE,1600,N,LAKE SHORE DR SB,1814,,,,,,,2,NO INDICATION OF INJURY,0,0,0,0,0,3,0,18,6,7,41.91185695,-87.62616952,POINT (-87.626169523312 41.911856952541)
862b73b80163b6cd88c155bd6567737dd6f52559ca99cae0cb27fe280abcef65ccda3f951d0f4ef9e7dab28521d1eda199e74395b7114b8bfc7008a6046f68ac,JF175557,,3/16/2022 9:15,30,TRAFFIC SIGNAL,FUNCTIONING PROPERLY,CLEAR,DAYLIGHT,ANGLE,NOT DIVIDED,,STRAIGHT AND LEVEL,DRY,NO DEFECTS,ON SCENE,INJURY AND / OR TOW DUE TO CRASH,Y,,,"OVER $1,500",3/16/2022 9:30,FAILING TO YIELD RIGHT-OF-WAY,FAILING TO YIELD RIGHT-OF-WAY,5100,S,UNION AVE,935,,,,,,,2,NO INDICATION OF INJURY,0,0,0,0,0,3,0,9,4,3,41.80153044,-87.6430436,POINT (-87.643043596806 41.801530437721)
c541f48e5f1ef9eca1afac21d59a1b6c043996b207b3c8e23f3871b30acf7cdecccbfbbd58a83ac01a694050da6008dc44b3d205d32ee4b5db1f089138aff085,JF176709,,3/16/2022 12:15,20,TRAFFIC SIGNAL,FUNCTIONING PROPERLY,UNKNOWN,"DARKNESS, LIGHTED ROAD",ANGLE,FOUR WAY,,STRAIGHT AND LEVEL,UNKNOWN,UNKNOWN,NOT ON SCENE (DESK REPORT),NO INJURY / DRIVE AWAY,,,,"$501 - $1,500",3/17/2022 8:50,FAILING TO YIELD RIGHT-OF-WAY,UNABLE TO DETERMINE,430,N,LOWER MICHIGAN AVE,1834,,,,,,,2,NO INDICATION OF INJURY,0,0,0,0,0,2,0,12,4,3,41.8903,-87.62428965,POINT (-87.624289644961 41.890299998107)
f752932c24f06696ff005ac93c58c7a62a267881f16798258b50ababb842e3d53b6de859c9ec84611f1dcb1551f8f163545a79337a83d00369404c883738524b,JF193999,,2/22/2022 16:00,30,NO CONTROLS,NO CONTROLS,CLEAR,DAYLIGHT,PARKED MOTOR VEHICLE,NOT DIVIDED,,STRAIGHT AND LEVEL,UNKNOWN,UNKNOWN,NOT ON SCENE (DESK REPORT),NO INJURY / DRIVE AWAY,,,,"$501 - $1,500",4/1/2022 17:45,UNABLE TO DETERMINE,UNABLE TO DETERMINE,832,W,SHERIDAN RD,1923,,,,,,,2,NO INDICATION OF INJURY,0,0,0,0,0,1,0,16,3,2,41.95283701,-87.65097549,POINT (-87.65097549411 41.952837013508)
35743f5d771d9c3a563029096a77ad5d219dbc17ee3d87a36309900347d477661357ade2ba1e0cf996cf70fa7aa796f2400f8f0ee59ba479f74b4e4252df1390,,,4/1/2022 17:50,30,STOP SIGN/FLASHER,FUNCTIONING PROPERLY,CLEAR,DAYLIGHT,ANGLE,FOUR WAY,,STRAIGHT AND LEVEL,DRY,NO DEFECTS,ON SCENE,NO INJURY / DRIVE AWAY,,,,"OVER $1,500",4/1/2022 17:55,UNABLE TO DETERMINE,NOT APPLICABLE,1701,N,HARLEM AVE,2513,,,,,,,2,NO INDICATION OF INJURY,0,0,0,0,0,2,0,17,6,4,41.91080032,-87.80568272,POINT (-87.805682715111 41.91080031883)
c7bb8feeb4c477af47169435f6ccf13bbee758b3ec8eb48077f73b721fcae360cc82d25c63ed85a90885e1289d95318b9cac57a859e9c97ef8548856d349d884,,,4/1/2022 8:15,30,STOP SIGN/FLASHER,FUNCTIONING PROPERLY,CLEAR,DAYLIGHT,PEDALCYCLIST,NOT DIVIDED,,STRAIGHT AND LEVEL,DRY,NO DEFECTS,ON SCENE,INJURY AND / OR TOW DUE TO CRASH,,,Y,$500 OR LESS,4/1/2022 8:20,UNABLE TO DETERMINE,UNABLE TO DETERMINE,4359,W,BELMONT AVE,2523,,,,,,,2,NONINCAPACITATING INJURY,1,0,0,1,0,1,0,8,6,4,41.93885244,-87.73698057,POINT (-87.736980571951 41.938852440777)
3ae5dde04fdd1b5d7ea0720eac72fd4dfac20840a61ceb3318cb92837d5a0bedca5c533fc82ec4097d47bab49e84e14436786d3a987c9ec958565a11ef2691c0,JF178018,Y,3/18/2022 8:25,20,NO CONTROLS,NO CONTROLS,CLEAR,DAYLIGHT,PARKED MOTOR VEHICLE,ONE-WAY,,STRAIGHT AND LEVEL,DRY,NO DEFECTS,NOT ON SCENE (DESK REPORT),NO INJURY / DRIVE AWAY,,,Y,"$501 - $1,500",3/18/2022 9:25,UNABLE TO DETERMINE,NOT APPLICABLE,5911,W,FULTON ST,1512,,,,,,,2,NO INDICATION OF INJURY,0,0,0,0,0,1,0,8,6,3,41.88549965,-87.77247162,POINT (-87.772471623304 41.885499645407)
ce101a2b147a5da16e0710e8fc6aebb48ccd53903179985e95eb2710181619432875461d0500c6414ef502e5b48dc51782b1f6d63af7f24f1d433f092af574ff,JF152150,,2/22/2022 8:10,30,TRAFFIC SIGNAL,FUNCTIONING PROPERLY,FREEZING RAIN/DRIZZLE,DAWN,REAR END,FOUR WAY,,STRAIGHT AND LEVEL,WET,NO DEFECTS,NOT ON SCENE (DESK REPORT),NO INJURY / DRIVE AWAY,,,,"OVER $1,500",2/22/2022 8:15,FOLLOWING TOO CLOSELY,NOT APPLICABLE,3634,N,WESTERN AVE,1921,,,,,,,2,NO INDICATION OF INJURY,0,0,0,0,0,2,0,8,3,2,41.94777816,-87.68843636,POINT (-87.68843635465 41.947778161226)
ce42eb5fa258a6dd89522ff898903155c4a97ed5fabf4bcebd9106c1a80e7867cbc9c5e46b0880b445c22f0efd03f1e5445e1cdbaf06b6e5f59e1480a4bb7bcf,JF152181,,2/22/2022 8:45,30,NO CONTROLS,NO CONTROLS,RAIN,DAYLIGHT,SIDESWIPE SAME DIRECTION,NOT DIVIDED,,STRAIGHT AND LEVEL,WET,NO DEFECTS,ON SCENE,NO INJURY / DRIVE AWAY,,,,$500 OR LESS,2/22/2022 8:56,UNABLE TO DETERMINE,UNABLE TO DETERMINE,1134,W,87TH ST,613,,,,,,,2,NO INDICATION OF INJURY,0,0,0,0,0,2,0,8,3,2,41.7360598,-87.65234697,POINT (-87.6523469678 41.736059801054)
1274c4377a86eb6a497a36f010572ec1c715745b497c88f09d0173b078d440a0160ca229b598a1c48519366eb093d4d134fd816c2434a49e22a9ca1eb985c290,JF184685,,3/24/2022 8:35,30,NO CONTROLS,NO CONTROLS,RAIN,DAYLIGHT,TURNING,NOT DIVIDED,,STRAIGHT AND LEVEL,WET,UNKNOWN,ON SCENE,NO INJURY / DRIVE AWAY,Y,,,"$501 - $1,500",3/24/2022 8:39,UNABLE TO DETERMINE,NOT APPLICABLE,3831,W,DIVISION ST,1112,,,,,,,2,NO INDICATION OF INJURY,0,0,0,0,0,2,0,8,5,3,41.90259324,-87.72258249,POINT (-87.722582493919 41.902593234668)
7201acd58f52023dd8379c980f86013529e26a4c1fc40574b406da042ed9b0b638985c6a0e0c9a11f6755f098d2dafd1e40a8dbc56885c5c9d99eed08d0be48a,JF176282,,3/16/2022 16:00,30,UNKNOWN,UNKNOWN,CLEAR,DAYLIGHT,PEDESTRIAN,UNKNOWN,,STRAIGHT AND LEVEL,DRY,UNKNOWN,ON SCENE,INJURY AND / OR TOW DUE TO CRASH,,,Y,"OVER $1,500",3/16/2022 19:18,UNABLE TO DETERMINE,UNABLE TO DETERMINE,1900,N,AUSTIN AVE,2513,,,,,,,2,NONINCAPACITATING INJURY,1,0,0,1,0,1,0,16,4,3,41.91482043,-87.77555967,POINT (-87.775559669684 41.914820426706)
4083b6758d576c54cd22656822ea4736ee2a62d08d59288be812e343398ede733780b22b16dd9b5878554bae8cbe1c7389caecbc31d045a50560905529532484,JF177715,Y,3/17/2022 23:24,30,NO CONTROLS,NO CONTROLS,CLEAR,"DARKNESS, LIGHTED ROAD",OTHER NONCOLLISION,DIVIDED - W/MEDIAN BARRIER,,STRAIGHT AND LEVEL,DRY,NO DEFECTS,ON SCENE,INJURY AND / OR TOW DUE TO CRASH,N,,,"OVER $1,500",3/17/2022 23:24,FAILING TO REDUCE SPEED TO AVOID CRASH,NOT APPLICABLE,9300,S,HALSTED ST,2223,Y,Y,,,,,1,INCAPACITATING INJURY,1,0,1,0,0,0,0,23,5,3,41.72485801,-87.64345222,POINT (-87.643452218452 41.724858012117)
1ff5611161755c0b104fc59a3a981d561491f530f95b952a42782eda93c8f83702666ea8e453dfc2a9359cc60c0f627a50d063acb7b7d51cb6aba6ea97abbf20,JF178829,,3/18/2022 21:09,30,TRAFFIC SIGNAL,FUNCTIONING PROPERLY,RAIN,"DARKNESS, LIGHTED ROAD",PEDESTRIAN,DIVIDED - W/MEDIAN (NOT RAISED),,STRAIGHT AND LEVEL,WET,NO DEFECTS,ON SCENE,INJURY AND / OR TOW DUE TO CRASH,Y,,,"OVER $1,500",3/18/2022 21:32,UNABLE TO DETERMINE,NOT APPLICABLE,1802,S,WESTERN AVE,1023,,Y,,,,,2,"REPORTED, NOT EVIDENT",1,0,0,0,1,1,0,21,6,3,41.85739368,-87.6859589,POINT (-87.685958900178 41.857393676185)
6af69cf95ec30b058aaea4e61c12cf6c2153a174a7b262f6b8fa3daa0437708ce73f1be2681b216775a03e884f7c1fde544e21dd95cb50512b6c33e768bc046e,JF178570,,3/18/2022 17:03,30,NO CONTROLS,NO CONTROLS,RAIN,DAYLIGHT,SIDESWIPE SAME DIRECTION,DIVIDED - W/MEDIAN (NOT RAISED),,STRAIGHT AND LEVEL,WET,UNKNOWN,ON SCENE,INJURY AND / OR TOW DUE TO CRASH,,,,"OVER $1,500",3/18/2022 17:08,FAILING TO YIELD RIGHT-OF-WAY,NOT APPLICABLE,5510,N,KEDZIE AVE,1712,,,,,,,2,NO INDICATION OF INJURY,0,0,0,0,0,2,0,17,6,3,41.98162859,-87.708973,POINT (-87.708972999659 41.98162859388)
a63c0da7213a5c8992885f8518fa36d7d1559db0ca1c8a9317146bf102a68b10c374b3cc097b0fcd51cff402b521262a16c4c4df8175f19f76a4e55229cb88ba,JF178720,,3/18/2022 18:59,30,NO CONTROLS,NO CONTROLS,RAIN,"DARKNESS, LIGHTED ROAD",PARKED MOTOR VEHICLE,ONE-WAY,,STRAIGHT AND LEVEL,WET,NO DEFECTS,ON SCENE,INJURY AND / OR TOW DUE TO CRASH,,,Y,"OVER $1,500",3/18/2022 19:08,DRIVING SKILLS/KNOWLEDGE/EXPERIENCE,NOT APPLICABLE,4912,W,RACE AVE,1532,,,,,,,2,NO INDICATION OF INJURY,0,0,0,0,0,1,0,18,6,3,41.89055883,-87.74867868,POINT (-87.748678680672 41.890558831909)
bae7e75c5d06497ce4718100c962a4cf2f6d781f769cafc8b67c08f7385fa7e43428bbd35254bc393362804673be96df731c51a811fed720097779fb2857181b,JF178292,,3/18/2022 11:00,10,NO CONTROLS,NO CONTROLS,RAIN,DAYLIGHT,PARKED MOTOR VEHICLE,DRIVEWAY,,STRAIGHT AND LEVEL,WET,NO DEFECTS,NOT ON SCENE (DESK REPORT),NO INJURY / DRIVE AWAY,,Y,Y,"$501 - $1,500",3/18/2022 13:15,UNABLE TO DETERMINE,UNABLE TO DETERMINE,875,N,MICHIGAN AVE,1833,,,,,,,2,NO INDICATION OF INJURY,0,0,0,0,0,1,0,11,6,3,41.89894854,-87.62397499,POINT (-87.62397498769 41.89894854173)
d664507b4ac1620f7f31ff4179b553d6713eaf5489e469e3d7ae5ed99641238fdbf329f031b4f41e4af44346b5fbac1f70f40ed9c19d42a366c577d75e5e42b7,JF178212,Y,3/18/2022 12:30,25,NO CONTROLS,NO CONTROLS,CLEAR,DAYLIGHT,PARKED MOTOR VEHICLE,ONE-WAY,,STRAIGHT AND LEVEL,DRY,NO DEFECTS,ON SCENE,NO INJURY / DRIVE AWAY,,,Y,"$501 - $1,500",3/18/2022 12:36,UNABLE TO DETERMINE,UNABLE TO DETERMINE,3048,S,TROY ST,1033,,,,,,,2,NO INDICATION OF INJURY,0,0,0,0,0,1,0,12,6,3,41.83762435,-87.70375679,POINT (-87.70375679002 41.837624347732)
dd72fb8ef0ef56ef3a7fe6927c3377cb0c2c610a43422a831c0bd881e39598c685126d2e357e1ca88161456e5ee50c420764867ff9497f8856371eb7b2c602be,JF176775,,3/16/2022 10:50,20,NO CONTROLS,NO CONTROLS,CLEAR,DAYLIGHT,PARKED MOTOR VEHICLE,NOT DIVIDED,,STRAIGHT AND LEVEL,DRY,NO DEFECTS,NOT ON SCENE (DESK REPORT),NO INJURY / DRIVE AWAY,,,,"OVER $1,500",3/17/2022 9:30,IMPROPER BACKING,NOT APPLICABLE,3332,W,57TH ST,822,,,,,,,2,NO INDICATION OF INJURY,0,0,0,0,0,1,0,10,4,3,41.78993499,-87.70719091,POINT (-87.707190906579 41.78993498587)
1fbf59aa794ff90f5b135e5f9eaec965c79750e1985ef9b799a62598c734ad48c1e1bd1490662aaa5e9c8c9ac9a3dd74a4f2ae4a75a2e719f0997a74adb0dd7a,JF177002,,3/17/2022 11:54,30,STOP SIGN/FLASHER,FUNCTIONING PROPERLY,CLEAR,DAYLIGHT,REAR END,NOT DIVIDED,,STRAIGHT AND LEVEL,DRY,NO DEFECTS,NOT ON SCENE (DESK REPORT),NO INJURY / DRIVE AWAY,,,,"$501 - $1,500",3/17/2022 12:20,UNABLE TO DETERMINE,UNABLE TO DETERMINE,2960,W,MONTROSE AVE,1724,,,,,,,2,NO INDICATION OF INJURY,0,0,0,0,0,2,0,11,5,3,41.96132881,-87.70329719,POINT (-87.703297186118 41.961328804994)
569551bfb2c34cd8b6931ea95321865338077871b484a3fa2550be8ef1f689e1785659960ce82b28a24627087f80ce13f8024af63195c74400243f5389e82395,JF176606,Y,3/17/2022 5:00,30,NO CONTROLS,NO CONTROLS,CLEAR,"DARKNESS, LIGHTED ROAD",FIXED OBJECT,NOT DIVIDED,,STRAIGHT AND LEVEL,DRY,NO DEFECTS,NOT ON SCENE (DESK REPORT),NO INJURY / DRIVE AWAY,,Y,Y,"OVER $1,500",3/17/2022 6:10,UNABLE TO DETERMINE,NOT APPLICABLE,3905,W,82ND PL,834,,,,,,,2,NO INDICATION OF INJURY,0,0,0,0,0,1,0,5,5,3,41.74301954,-87.71954435,POINT (-87.719544345002 41.74301953632)
6fee00facd209bb4cc3717403d6de5b47eee9ba73e685fd1e220f1b039c077a233704799b4566ed5221e92e85ab98714aff506aeea5746e403e7c8672a99b6a8,JF178335,,3/14/2022 20:43,30,TRAFFIC SIGNAL,FUNCTIONING PROPERLY,CLEAR,DARKNESS,SIDESWIPE SAME DIRECTION,DIVIDED - W/MEDIAN (NOT RAISED),,STRAIGHT AND LEVEL,DRY,NO DEFECTS,NOT ON SCENE (DESK REPORT),NO INJURY / DRIVE AWAY,,,Y,"OVER $1,500",3/18/2022 13:40,IMPROPER LANE USAGE,DRIVING SKILLS/KNOWLEDGE/EXPERIENCE,10001,S,TORRENCE AVE,431,,,,,,,2,NO INDICATION OF INJURY,0,0,0,0,0,2,0,20,2,3,41.7133759,-87.5596017,POINT (-87.559601700935 41.713375902517)
e2dbcd51cdeb8a3afe34aeb196aa566eb24b783767799844727b04e7b19c0b225ff1a46d401cd34e93539f055f72f0aa51bb123c1387252ff2c9a9795436501e,JF176825,,3/17/2022 8:10,25,NO CONTROLS,NO CONTROLS,CLEAR,DAYLIGHT,PARKED MOTOR VEHICLE,NOT DIVIDED,,STRAIGHT AND LEVEL,DRY,NO DEFECTS,ON SCENE,INJURY AND / OR TOW DUE TO CRASH,,,Y,"OVER $1,500",3/17/2022 8:55,UNABLE TO DETERMINE,NOT APPLICABLE,4435,N,LINDER AVE,1623,,,,,,,2,NO INDICATION OF INJURY,0,0,0,0,0,1,0,8,5,3,41.96159875,-87.76466921,POINT (-87.764669207211 41.961598753687)
b5f00c533fe8fd7d4704aa7f6b68d33628b9c702c21ba9cea640086e2e992eb8553857a1fcce2669095c3685496e0eb104ede21509dbe55004a635abb7ea68b9,JF164678,N,3/5/2022 22:13,30,TRAFFIC SIGNAL,FUNCTIONING PROPERLY,RAIN,"DARKNESS, LIGHTED ROAD",ANGLE,FOUR WAY,,STRAIGHT AND LEVEL,WET,NO DEFECTS,ON SCENE,INJURY AND / OR TOW DUE TO CRASH,Y,,Y,"OVER $1,500",3/5/2022 23:13,DISREGARDING TRAFFIC SIGNALS,UNABLE TO DETERMINE,1951,W,GARFIELD BLVD,715,,,,,,,2,NO INDICATION OF INJURY,0,0,0,0,0,4,0,22,7,3,41.79344425,-87.67388413,POINT (-87.673884126443 41.793444246397)