CRASH_RECORD_ID,RD_NO,CRASH_DATE_EST_I,CRASH_DATE,POSTED_SPEED_LIMIT,TRAFFIC_CONTROL_DEVICE,DEVICE_CONDITION,WEATHER_CONDITION,LIGHTING_CONDITION,FIRST_CRASH_TYPE,TRAFFICWAY_TYPE,LANE_CNT,ALIGNMENT,ROADWAY_SURFACE_COND,ROAD_DEFECT,REPORT_TYPE,CRASH_TYPE,INTERSECTION_RELATED_I,NOT_RIGHT_OF_WAY_I,HIT_AND_RUN_I,DAMAGE,DATE_POLICE_NOTIFIED,PRIM_CONTRIBUTORY_CAUSE,SEC_CONTRIBUTORY_CAUSE,STREET_NO,STREET_DIRECTION,STREET_NAME,BEAT_OF_OCCURRENCE,PHOTOS_TAKEN_I,STATEMENTS_TAKEN_I,DOORING_I,WORK_ZONE_I,WORK_ZONE_TYPE,WORKERS_PRESENT_I,NUM_UNITS,MOST_SEVERE_INJURY,INJURIES_TOTAL,INJURIES_FATAL,INJURIES_INCAPACITATING,INJURIES_NON_INCAPACITATING,INJURIES_REPORTED_NOT_EVIDENT,INJURIES_NO_INDICATION,INJURIES_UNKNOWN,CRASH_HOUR,CRASH_DAY_OF_WEEK,CRASH_MONTH,LATITUDE,LONGITUDE,LOCATION
324256699b589be9e9017d3bb0655917c01284430955733e971432aeb49375bc7e1b0032301c95760d899f2b3eeb3b8bfc6413446b46b8250fd0aff8da5ff19a,JF178844,Y,3/18/2022 17:00,30,NO CONTROLS,NO CONTROLS,CLEAR,DAYLIGHT,PARKED MOTOR VEHICLE,NOT DIVIDED,,STRAIGHT AND LEVEL,DRY,NO DEFECTS,NOT ON SCENE (DESK REPORT),NO INJURY / DRIVE AWAY,,,Y,"$501 - $1,500",3/18/2022 21:45,UNABLE TO DETERMINE,UNABLE TO DETERMINE,4342,S,SAWYER AVE,821,,,,,,,2,NO INDICATION OF INJURY,0,0,0,0,0,1,0,17,6,3,41.81417314,-87.70558198,POINT (-87.705581980537 41.814173135395)
52e1846c672b8dabac3a86668349769a04b46265bffcf1973431891724b0743f6ea2ae7318d8e5ed235ba283db4608b5ea3c54786946fbc405833da57db2efea,JF178888,,3/18/2022 22:59,30,TRAFFIC SIGNAL,UNKNOWN,RAIN,"DARKNESS, LIGHTED ROAD",TURNING,ONE-WAY,,STRAIGHT AND LEVEL,WET,UNKNOWN,NOT ON SCENE (DESK REPORT),NO INJURY / DRIVE AWAY,,,Y,"$501 - $1,500",3/18/2022 23:45,IMPROPER TURNING/NO SIGNAL,NOT APPLICABLE,4801,W,LEXINGTON ST,1533,,,,,,,2,NO INDICATION OF INJURY,0,0,0,0,0,2,0,22,6,3,41.87107048,-87.74497391,POINT (-87.744973904635 41.871070483337)
96ef68432676687e0b2e78c3090cf5aca7ab58e6b56ea69a7abb5e2ab3b7f85d1483a5e7125a592e073d952eb887b27321d0839827a4c6a455a9f9b4df7eb487,JF178442,,3/18/2022 15:00,30,NO CONTROLS,NO CONTROLS,RAIN,DAYLIGHT,PARKED MOTOR VEHICLE,NOT DIVIDED,,STRAIGHT AND LEVEL,WET,NO DEFECTS,ON SCENE,INJURY AND / OR TOW DUE TO CRASH,,,,"OVER $1,500",3/18/2022 15:12,DISTRACTION - FROM INSIDE VEHICLE,NOT APPLICABLE,13216,S,MACKINAW AVE,433,,,,,,,2,NO INDICATION OF INJURY,0,0,0,0,0,1,0,15,6,3,41.65495139,-87.54245139,POINT (-87.54245139224 41.65495139282)
1444e32d64bb4057db0f66faf868bfc12881efc1ac02762095242c68bc6db8b01278d531c143b639815a614540360a644a9491728f9cc0a571712068d5e5df2b,JE185943,,3/24/2022 12:15,15,NO CONTROLS,NO CONTROLS,CLEAR,DAYLIGHT,FIXED OBJECT,ALLEY,,STRAIGHT AND LEVEL,DRY,NO DEFECTS,NOT ON SCENE (DESK REPORT),NO INJURY / DRIVE AWAY,,,,"OVER $1,500",3/25/2022 10:10,FOLLOWING TOO CLOSELY,UNABLE TO DETERMINE,1709,W,WASHINGTON BLVD,1224,,,,,,,1,NO INDICATION OF INJURY,0,0,0,0,0,1,0,12,5,3,41.88314295,-87.66976711,POINT (-87.669767108381 41.883142948116)
24ac840bbe2385d3ec36b0923556c40ba2b1f267fae20d3e71b30a358a6a9d69501967c70c6f42a8be43f16cf920b01f9b4ec906780003ad7797457dbbfdd3a8,JF177625,,3/17/2022 20:23,30,NO CONTROLS,NO CONTROLS,CLEAR,"DARKNESS, LIGHTED ROAD",TURNING,NOT DIVIDED,,STRAIGHT AND LEVEL,DRY,NO DEFECTS,NOT ON SCENE (DESK REPORT),NO INJURY / DRIVE AWAY,,,,"OVER $1,500",3/17/2022 21:00,NOT APPLICABLE,NOT APPLICABLE,777,S,STATE ST,123,,,,,,,2,NO INDICATION OF INJURY,0,0,0,0,0,2,0,20,5,3,41.87185333,-87.62738022,POINT (-87.627380217624 41.871853331708)
2dbcec63c502bc9796010eab7519a7ddb238191f8e2a08b4e5e0d4bfc33b38c1208024f0d515a91363ce9130ddfc9984ca455294a356ff8616961917d3500d5b,JF178877,,3/18/2022 22:20,30,NO CONTROLS,NO CONTROLS,RAIN,"DARKNESS, LIGHTED ROAD",SIDESWIPE SAME DIRECTION,DIVIDED - W/MEDIAN BARRIER,,STRAIGHT AND LEVEL,WET,NO DEFECTS,NOT ON SCENE (DESK REPORT),NO INJURY / DRIVE AWAY,,,,"$501 - $1,500",3/18/2022 23:15,UNABLE TO DETERMINE,UNABLE TO DETERMINE,800,N,LAKE SHORE DR NB,1833,,,,,,,2,NO INDICATION OF INJURY,0,0,0,0,0,2,0,22,6,3,41.89680497,-87.61702742,POINT (-87.617027423234 41.896804972416)
48ca9e77f033f5cddb5895c9802875553958190be3413c702414dfaaef4511a48f46775b89d40dda4f13839d0fc213f487267728513c7adc93366ab482f0aad4,JF178247,,3/18/2022 12:20,30,TRAFFIC SIGNAL,FUNCTIONING PROPERLY,CLEAR,DAYLIGHT,TURNING,NOT DIVIDED,,STRAIGHT AND LEVEL,WET,NO DEFECTS,NOT ON SCENE (DESK REPORT),NO INJURY / DRIVE AWAY,,,Y,"OVER $1,500",3/18/2022 12:50,IMPROPER TURNING/NO SIGNAL,NOT APPLICABLE,2237,W,111TH ST,2212,,,,,,,2,NO INDICATION OF INJURY,0,0,0,0,0,2,0,12,6,3,41.69171542,-87.67773271,POINT (-87.677732706175 41.691715415083)
5c0ffc1bdbeb12212caffbf1ba88c89f1a2f531c01e9a9f9f7fe5838fc14df88998bc75de9db5180ec370b295745ae4e236251e8978bf54750b8acf4af3bab27,JF178562,,3/18/2022 16:44,30,TRAFFIC SIGNAL,FUNCTIONING PROPERLY,RAIN,DAYLIGHT,TURNING,FOUR WAY,,STRAIGHT AND LEVEL,WET,NO DEFECTS,NOT ON SCENE (DESK REPORT),INJURY AND / OR TOW DUE TO CRASH,Y,,,"OVER $1,500",3/18/2022 16:58,FAILING TO YIELD RIGHT-OF-WAY,NOT APPLICABLE,301,N,PULASKI RD,1122,,,,,,,2,"REPORTED, NOT EVIDENT",3,0,0,0,3,0,0,16,6,3,41.88553641,-87.72565915,POINT (-87.725659146564 41.88553641168)
6a399b5e09bdaa0f90ce15a35643f2941cd6c9d2169253fe3557446a9ee766a9e5dc7ffa691454c594104414833a9e6d0e855c20771a9099def7862bec6f5891,JF177889,,3/18/2022 5:11,30,UNKNOWN,NO CONTROLS,CLEAR,DUSK,FIXED OBJECT,ONE-WAY,,STRAIGHT AND LEVEL,DRY,UNKNOWN,ON SCENE,INJURY AND / OR TOW DUE TO CRASH,,,,"OVER $1,500",3/18/2022 6:38,UNABLE TO DETERMINE,NOT APPLICABLE,8544,S,STONY ISLAND AVE,412,,,,,,,1,NONINCAPACITATING INJURY,1,0,0,1,0,0,0,5,6,3,41.7392169,-87.58584485,POINT (-87.5858448452 41.73921690322)
73e9d3ea4f83c8ade39ca188f42b172eeec188b2fbc27de53577d09804a6889e34ff4eb881f6ecd23571046fa5c0cc73611f380e10897fd105786c1fd1469e2b,JF178523,,3/18/2022 16:10,30,NO CONTROLS,NO CONTROLS,RAIN,DAYLIGHT,SIDESWIPE SAME DIRECTION,DIVIDED - W/MEDIAN (NOT RAISED),,STRAIGHT AND LEVEL,WET,NO DEFECTS,NOT ON SCENE (DESK REPORT),NO INJURY / DRIVE AWAY,,,,"OVER $1,500",3/18/2022 16:45,UNABLE TO DETERMINE,UNABLE TO DETERMINE,2424,N,AUSTIN AVE,2512,,,,,,,2,NO INDICATION OF INJURY,0,0,0,0,0,2,0,16,6,3,41.9245836,-87.77588775,POINT (-87.77588775366 41.92458360312)
d1c860fb3e53ddae38adc7244fab4c59ffacee7e4eada96efcf8ed67a32378c3e4ac2379144d037feb6e6edf61ffe0446d2cd5e554b89f268dcd7ec53efe55cc,JE367565,,9/9/2021 17:42,30,TRAFFIC SIGNAL,FUNCTIONING PROPERLY,CLEAR,DAYLIGHT,TURNING,NOT DIVIDED,,STRAIGHT AND LEVEL,DRY,NO DEFECTS,,INJURY AND / OR TOW DUE TO CRASH,Y,,,"$501 - $1,500",9/9/2021 17:44,FAILING TO YIELD RIGHT-OF-WAY,NOT APPLICABLE,6900,S,MORGAN ST,733,,,,,,,2,NONINCAPACITATING INJURY,2,0,0,1,1,1,0,17,5,9,41.76867295,-87.64950203,POINT (-87.649502034232 41.76867294918)
d236832ab60552b633a2077d31bea1e2989bbba9fb7cf8b4fcabd7dd49709ac86c21827d97e89ef2f6b0a4bfdd5e56dc34868ab2d3f65ee5c0f0dc215ef20199,JE350902,,8/26/2021 16:00,25,NO CONTROLS,NO CONTROLS,CLEAR,DAYLIGHT,REAR END,NOT DIVIDED,,STRAIGHT AND LEVEL,UNKNOWN,UNKNOWN,,INJURY AND / OR TOW DUE TO CRASH,,,,"$501 - $1,500",8/26/2021 16:40,UNABLE TO DETERMINE,NOT APPLICABLE,1231,W,107TH ST,2234,,,,,,,2,"REPORTED, NOT EVIDENT",1,0,0,0,1,4,0,16,5,8,41.69940962,-87.65352148,POINT (-87.653521476383 41.699409623506)
d24f9427d2c9f3518fec26f94cdfbc44e044b9f99b5a7e31f1061a3bd64c25e3a9eb4477fcc50f197fdea13c8ebfbef30d894f5664f9030e474af0a008db2968,JE268578,,6/16/2021 18:30,30,NO CONTROLS,NO CONTROLS,CLEAR,DAYLIGHT,TURNING,NOT DIVIDED,,STRAIGHT AND LEVEL,DRY,NO DEFECTS,,INJURY AND / OR TOW DUE TO CRASH,Y,,,"OVER $1,500",6/16/2021 18:37,UNABLE TO DETERMINE,UNABLE TO DETERMINE,10448,S,VINCENNES AVE,2212,,,,,,,2,NO INDICATION OF INJURY,0,0,0,0,0,5,0,18,4,6,41.70354583,-87.657385,POINT (-87.657384996694 41.703545832592)
d250675cd73b2cafaaf330b6025cadd715cd02c87b72d7404d3bbd7e4e81c7980d6b52f170de15d5207908a4cca95f86c01e0fc370f386288c4e2401599b1883,JE128527,,1/31/2021 16:13,30,NO CONTROLS,NO CONTROLS,SNOW,DUSK,OTHER OBJECT,PARKING LOT,,STRAIGHT AND LEVEL,WET,NO DEFECTS,,NO INJURY / DRIVE AWAY,,Y,,"OVER $1,500",1/31/2021 16:17,"OPERATING VEHICLE IN ERRATIC, RECKLESS, CARELESS, NEGLIGENT OR AGGRESSIVE MANNER",EQUIPMENT - VEHICLE CONDITION,540,N,LAKE SHORE DR,1834,,,,,,,1,NO INDICATION OF INJURY,0,0,0,0,0,1,0,16,1,1,41.89234927,-87.61455717,POINT (-87.614557170251 41.892349267241)
1b3c76e73fb362b61c992f4b866b519a9862f1fbca9d7d151afa90b07ba04f3c44712e176bb03609deccaebae34c975528c04089fa55b03982ced914a138693a,JF177432,,3/17/2022 17:15,30,UNKNOWN,UNKNOWN,CLEAR,UNKNOWN,ANGLE,DIVIDED - W/MEDIAN (NOT RAISED),,STRAIGHT AND LEVEL,DRY,UNKNOWN,NOT ON SCENE (DESK REPORT),NO INJURY / DRIVE AWAY,,,,"OVER $1,500",3/17/2022 18:00,UNABLE TO DETERMINE,UNABLE TO DETERMINE,4217,N,MILWAUKEE AVE,1624,,,,,,,2,NO INDICATION OF INJURY,0,0,0,0,0,2,0,17,5,3,41.95755917,-87.75164289,POINT (-87.751642887228 41.957559169778)
77215b22e3a683758f0ee0fc57020b1456b83cbe112f8dadb7790c8da3e7456d7df4071fce2a10c96fad8e8e8fa7520b2bca205e90dccefe1533de8d92dabf61,JF177614,,3/17/2022 20:29,30,TRAFFIC SIGNAL,FUNCTIONING PROPERLY,CLEAR,"DARKNESS, LIGHTED ROAD",ANGLE,T-INTERSECTION,,STRAIGHT AND LEVEL,DRY,UNKNOWN,ON SCENE,INJURY AND / OR TOW DUE TO CRASH,Y,,,"OVER $1,500",3/17/2022 20:30,DRIVING SKILLS/KNOWLEDGE/EXPERIENCE,UNABLE TO DETERMINE,5100,S,WOODLAWN AVE,233,,,,,,,2,NO INDICATION OF INJURY,0,0,0,0,0,2,0,20,5,3,41.80229277,-87.59685269,POINT (-87.596852688538 41.802292773117)
1a19bd93d41f0f681ffef95defdb17e16c4a0f93eabcb05a7179e1436044dcaffb46d119429f962a10f6b60b889c9c761538da5e45f4a10c093b939bf489f8d0,JF178819,,3/18/2022 21:15,20,STOP SIGN/FLASHER,FUNCTIONING IMPROPERLY,RAIN,DARKNESS,PARKED MOTOR VEHICLE,ONE-WAY,,STRAIGHT AND LEVEL,WET,UNKNOWN,ON SCENE,INJURY AND / OR TOW DUE TO CRASH,,,Y,"OVER $1,500",3/18/2022 21:18,UNABLE TO DETERMINE,NOT APPLICABLE,2601,N,LINDER AVE,2514,,,,,,,3,NO INDICATION OF INJURY,0,0,0,0,0,1,0,21,6,3,41.92768519,-87.76351284,POINT (-87.763512836089 41.927685184786)
25ae35d91f7be09cdc4431155b1ee6dd82d4a3c3da41fab996db0ecb934dcecebe473e9cb9741ba35424d721cc46e24670542d1cf1ff7c3c7617c3e33c593f99,JF178728,,3/18/2022 18:41,30,TRAFFIC SIGNAL,FUNCTIONING PROPERLY,RAIN,DAYLIGHT,PARKED MOTOR VEHICLE,DIVIDED - W/MEDIAN (NOT RAISED),,STRAIGHT AND LEVEL,WET,NO DEFECTS,ON SCENE,NO INJURY / DRIVE AWAY,,,Y,$500 OR LESS,3/18/2022 19:21,UNABLE TO DETERMINE,UNABLE TO DETERMINE,7859,S,COTTAGE GROVE AVE,624,,,,,,,2,NO INDICATION OF INJURY,0,0,0,0,0,2,0,18,6,3,41.75137946,-87.60506201,POINT (-87.605062007791 41.751379462575)
818a7e9572073e5b033c7914f893fbcdb2cf668df503024a49fd6eba250c8f8f0d967bb433651bea6fc2e6b1534320c2b59746fedb93ac0ae285c0b79eee9862,JF178820,,3/18/2022 19:54,30,TRAFFIC SIGNAL,FUNCTIONING PROPERLY,RAIN,"DARKNESS, LIGHTED ROAD",TURNING,DIVIDED - W/MEDIAN BARRIER,,STRAIGHT AND LEVEL,WET,NO DEFECTS,NOT ON SCENE (DESK REPORT),NO INJURY / DRIVE AWAY,,,Y,"OVER $1,500",3/18/2022 21:00,IMPROPER TURNING/NO SIGNAL,NOT APPLICABLE,300,S,LAKE SHORE DR SB,114,,,,,,,2,NO INDICATION OF INJURY,0,0,0,0,0,2,0,19,6,3,41.87831014,-87.6175759,POINT (-87.617575903416 41.878310134581)
ca48029d51f4d1d99f3b7f32893a7e7d98df16b6f03d3aeed335697516e08c595040cd43fa5926a49c16292ec800a528b57e797a608fb84a24937580e3054817,JF178674,,3/18/2022 18:10,35,NO CONTROLS,NO CONTROLS,RAIN,DUSK,PEDALCYCLIST,NOT DIVIDED,,STRAIGHT AND LEVEL,WET,NO DEFECTS,ON SCENE,NO INJURY / DRIVE AWAY,,,,$500 OR LESS,3/18/2022 18:10,UNABLE TO DETERMINE,NOT APPLICABLE,2706,N,HALSTED ST,1935,,,Y,,,,2,NO INDICATION OF INJURY,0,0,0,0,0,2,0,18,6,3,41.93175707,-87.64912469,POINT (-87.649124688182 41.931757070123)
16512f2694d46407e764e3cc93eb4876c14727a9fb3ba93638222cb13afbe02236ad6769a5dbfb9fbc077689fb395643793f18b50cdf41afc8ec4fffcbfd528e,JE420341,,10/24/2021 0:21,30,NO CONTROLS,NO CONTROLS,CLEAR,"DARKNESS, LIGHTED ROAD",ANGLE,DIVIDED - W/MEDIAN (NOT RAISED),,STRAIGHT AND LEVEL,DRY,NO DEFECTS,,INJURY AND / OR TOW DUE TO CRASH,,,,"OVER $1,500",10/24/2021 0:21,FAILING TO YIELD RIGHT-OF-WAY,NOT APPLICABLE,2363,S,ARCHER AVE,914,,,,,,,2,NO INDICATION OF INJURY,0,0,0,0,0,2,0,0,1,10,41.84959538,-87.64068734,POINT (-87.640687335118 41.849595382566)
b03a049fba66d649d97c91f97a4d32f5eff811e72496fdbd005674309a88517a578be0dc4e6f8fd68025679b2378c8d7640e07031ebf7690afde6d0aa13eb368,JF175744,,3/16/2022 11:48,15,NO CONTROLS,NO CONTROLS,CLEAR,DAYLIGHT,FIXED OBJECT,ALLEY,,STRAIGHT AND LEVEL,DRY,NO DEFECTS,ON SCENE,INJURY AND / OR TOW DUE TO CRASH,,Y,,"OVER $1,500",3/16/2022 11:50,UNABLE TO DETERMINE,UNABLE TO DETERMINE,4833,N,FRANCISCO AVE,2031,,,,,,,1,NONINCAPACITATING INJURY,1,0,0,1,0,1,0,11,4,3,41.96950446,-87.70041352,POINT (-87.700413522774 41.969504459307)
3ad31fd9174fc17ab0e11c1199e1e7d830f8ff890f7b44f8692fe0eb03b17b0d29efebdcd7d0ef8ece8c5395f369eb65928042a6b692db68b2273e6c229c40b0,JF176790,,3/17/2022 9:22,30,NO CONTROLS,NO CONTROLS,CLEAR,DAYLIGHT,REAR END,FOUR WAY,,STRAIGHT AND LEVEL,DRY,NO DEFECTS,ON SCENE,INJURY AND / OR TOW DUE TO CRASH,Y,,,"OVER $1,500",3/17/2022 9:29,FOLLOWING TOO CLOSELY,FAILING TO REDUCE SPEED TO AVOID CRASH,1332,N,DAMEN AVE,1424,,,,,,,2,NONINCAPACITATING INJURY,3,0,0,3,0,0,0,9,5,3,41.90595635,-87.67748622,POINT (-87.677486215333 41.905956345961)
c6754f09a7c83af3bd2f22fcc7eb1f860aa63f64faba45642d287d53dd21c018697bca1cc7cdb7373b40768ea431eec9568decffd1866424c4cf1c413888dee9,JF176652,,3/17/2022 7:00,30,STOP SIGN/FLASHER,FUNCTIONING PROPERLY,CLEAR,DAYLIGHT,ANGLE,NOT DIVIDED,,STRAIGHT AND LEVEL,DRY,NO DEFECTS,ON SCENE,NO INJURY / DRIVE AWAY,Y,,,"OVER $1,500",3/17/2022 7:00,FAILING TO YIELD RIGHT-OF-WAY,NOT APPLICABLE,5951,W,HENDERSON ST,1633,,,,,,,2,NO INDICATION OF INJURY,0,0,0,0,0,2,0,7,5,3,41.94108764,-87.7758948,POINT (-87.775894802919 41.941087644163)
611cae61ad2057186799d4b4c1bca8434e4b6310473643ca040b0bf13a6234de6f53ce7239703ce14ea46a8f92ff2d4f7914f83cef7db8d47f7b667f87f601d2,JF178724,,3/18/2022 19:10,30,NO CONTROLS,NO CONTROLS,RAIN,DARKNESS,PARKED MOTOR VEHICLE,NOT DIVIDED,,STRAIGHT AND LEVEL,WET,NO DEFECTS,NOT ON SCENE (DESK REPORT),NO INJURY / DRIVE AWAY,,,Y,"OVER $1,500",3/18/2022 19:25,IMPROPER OVERTAKING/PASSING,NOT APPLICABLE,5150,W,LELAND AVE,1623,,,,,,,2,NO INDICATION OF INJURY,0,0,0,0,0,1,0,19,6,3,41.96615378,-87.75710322,POINT (-87.757103219135 41.96615377535)
899ff1af68aaed90f2c3151deca0724219a988ffecb8d401769218c86381413cad38c17fab01375496725dda9d3e963d4f67eb5e30226a3484d749b4b2c232ed,JF178941,,3/18/2022 23:44,30,NO CONTROLS,NO CONTROLS,RAIN,"DARKNESS, LIGHTED ROAD",PARKED MOTOR VEHICLE,ONE-WAY,,STRAIGHT AND LEVEL,WET,NO DEFECTS,ON SCENE,INJURY AND / OR TOW DUE TO CRASH,,,,"OVER $1,500",3/18/2022 23:44,PHYSICAL CONDITION OF DRIVER,PHYSICAL CONDITION OF DRIVER,3411,W,24TH ST,1024,,,,,,,4,FATAL,1,1,0,0,0,1,0,23,6,3,41.84796074,-87.71053284,POINT (-87.710532839261 41.847960743438)
bc46106df400cafb756ce654a17520e7a884a788db20564f24afbeeab3972154369e19acfa4744063c5dbe968b8b7692a1e2d0e221d97838bebf2311ee52be24,JF178623,,3/18/2022 16:30,25,NO CONTROLS,NO CONTROLS,RAIN,DAYLIGHT,REAR END,DIVIDED - W/MEDIAN BARRIER,,STRAIGHT AND LEVEL,WET,NO DEFECTS,NOT ON SCENE (DESK REPORT),NO INJURY / DRIVE AWAY,,,,"$501 - $1,500",3/18/2022 17:45,UNABLE TO DETERMINE,UNABLE TO DETERMINE,4400,N,LAKE SHORE DR NB,1914,,,,,,,2,NO INDICATION OF INJURY,0,0,0,0,0,5,0,16,6,3,41.96202716,-87.64663966,POINT (-87.64663966128 41.962027155537)
cb30c5daa9ee34b2a0f44f8d0562b33abe1d8a5fcf7dfaed7e27323de2d80ded43217fd6f8648d0ab71cda410408580910b89a394d98e4e3653a24ecfaa6c926,JF178805,,3/18/2022 20:00,30,TRAFFIC SIGNAL,FUNCTIONING PROPERLY,RAIN,"DARKNESS, LIGHTED ROAD",REAR END,NOT DIVIDED,,STRAIGHT AND LEVEL,WET,NO DEFECTS,NOT ON SCENE (DESK REPORT),NO INJURY / DRIVE AWAY,,,Y,"OVER $1,500",3/18/2022 21:00,UNABLE TO DETERMINE,NOT APPLICABLE,4747,S,PULASKI RD,821,,,,,,,2,NO INDICATION OF INJURY,0,0,0,0,0,2,0,20,6,3,41.80647708,-87.72339666,POINT (-87.723396660337 41.806477075977)
804759d3ae58c00ae1a2627706fc7b31582c09484cdefc8f4983ff4fa1c7f62f21aa1d87a869e66ada10ca24c6f4da65e6dd42d180c745ebfce71585953a9c04,JF176707,Y,3/16/2022 20:00,15,NO CONTROLS,NO CONTROLS,CLEAR,DAYLIGHT,PARKED MOTOR VEHICLE,OTHER,,STRAIGHT AND LEVEL,DRY,NO DEFECTS,NOT ON SCENE (DESK REPORT),NO INJURY / DRIVE AWAY,,,Y,"OVER $1,500",3/17/2022 8:40,UNABLE TO DETERMINE,UNABLE TO DETERMINE,2111,W,JACKSON BLVD,1225,,,,,,,2,NO INDICATION OF INJURY,0,0,0,0,0,1,0,20,4,3,41.87752585,-87.67943821,POINT (-87.679438209778 41.877525846088)
965a0efe7c91483ddccb32e0a6227d7996d9299caf47b99c47cf57203bff3de6ce0cdc9f8f9f6ba639c428a35515764b07b8b0f2b824dbef239f1a0e9ad8182e,JF175838,,3/16/2022 13:00,35,TRAFFIC SIGNAL,FUNCTIONING PROPERLY,CLEAR,DAYLIGHT,REAR END,DIVIDED - W/MEDIAN (NOT RAISED),,STRAIGHT AND LEVEL,DRY,NO DEFECTS,NOT ON SCENE (DESK REPORT),NO INJURY / DRIVE AWAY,Y,,N,"OVER $1,500",3/16/2022 13:50,FOLLOWING TOO CLOSELY,UNABLE TO DETERMINE,7600,S,MORGAN ST,612,,,,,,,2,NO INDICATION OF INJURY,0,0,0,0,0,2,0,13,4,3,41.75593733,-87.64917707,POINT (-87.649177064754 41.755937329993)
b7d32a80efc89d21176ee5ce894a018a10efe8069f5e440adb5640c06f34934d27ec1659d4c37bb81b874c962688c7d092b37ba1454af1539b55708c79a205df,JF176788,,3/17/2022 9:00,30,TRAFFIC SIGNAL,FUNCTIONING PROPERLY,CLEAR,DAYLIGHT,SIDESWIPE SAME DIRECTION,NOT DIVIDED,,STRAIGHT AND LEVEL,DRY,NO DEFECTS,ON SCENE,INJURY AND / OR TOW DUE TO CRASH,,,,"OVER $1,500",3/17/2022 9:11,IMPROPER LANE USAGE,NOT APPLICABLE,8232,S,WESTERN AVE,835,,,,,,,2,NO INDICATION OF INJURY,0,0,0,0,0,2,0,9,5,3,41.74361781,-87.68284187,POINT (-87.682841872767 41.743617809307)
57b55f266446e5b4ca396523a565d88d28fb51b51b4d3389c0bffc983321109e66486132b71c6dd5f70bec378e4cc1d3a41b3e76443b435a3926d575fb671dec,,,3/30/2022 16:53,35,NO CONTROLS,NO CONTROLS,CLEAR,DAYLIGHT,PARKED MOTOR VEHICLE,NOT DIVIDED,,STRAIGHT AND LEVEL,DRY,NO DEFECTS,NOT ON SCENE (DESK REPORT),NO INJURY / DRIVE AWAY,,,Y,"OVER $1,500",4/1/2022 17:25,DRIVING SKILLS/KNOWLEDGE/EXPERIENCE,NOT APPLICABLE,6601,S,PULASKI RD,833,,,,,,,2,NO INDICATION OF INJURY,0,0,0,0,0,1,0,16,4,3,41.77314684,-87.72247613,POINT (-87.722476124642 41.773146838351)
279450b76f36873595c5784f56c8c93ab26fa7b1c398f5cc3aecf9c88dfb5d6e6ed84439e51fb25f01d70de2d2eb315b9ee4b7f7f13a05a83bc213268d13d18e,JF178697,,3/18/2022 18:30,30,TRAFFIC SIGNAL,FUNCTIONING PROPERLY,CLEAR,"DARKNESS, LIGHTED ROAD",TURNING,FOUR WAY,,STRAIGHT AND LEVEL,DRY,NO DEFECTS,ON SCENE,NO INJURY / DRIVE AWAY,Y,,,"OVER $1,500",3/18/2022 18:36,UNABLE TO DETERMINE,NOT APPLICABLE,5530,N,NAGLE AVE,1613,,,,,,,2,NO INDICATION OF INJURY,0,0,0,0,0,3,0,18,6,3,41.98201264,-87.78789929,POINT (-87.787899293194 41.982012635076)
17eb097bb039600aec431ec0f503e2ffcc4151b8bee1bf259a17a66d6b01601499fc66855ca36b7fc35b396abee15e794b13f67fa14d763ab5117834f8e9ed55,JE282795,,6/28/2021 12:00,30,NO CONTROLS,NO CONTROLS,RAIN,DAYLIGHT,PARKED MOTOR VEHICLE,NOT DIVIDED,,STRAIGHT AND LEVEL,WET,NO DEFECTS,,NO INJURY / DRIVE AWAY,,,,"$501 - $1,500",6/28/2021 17:45,EQUIPMENT - VEHICLE CONDITION,WEATHER,11362,S,MORGAN ST,2234,,,,,,,3,NO INDICATION OF INJURY,0,0,0,0,0,1,0,12,2,6,41.68687581,-87.64722542,POINT (-87.647225418896 41.686875809183)
4e232f503030954e995b2a13b6faf74b127f5cb6f868c9dfdc484421e2b0397341c9b4d9407bec62564b471109508183d44a26a95da134300b3f64ca6947ae21,JF175696,,3/16/2022 11:10,10,NO CONTROLS,NO CONTROLS,CLEAR,DAYLIGHT,REAR TO SIDE,PARKING LOT,,STRAIGHT AND LEVEL,DRY,NO DEFECTS,NOT ON SCENE (DESK REPORT),NO INJURY / DRIVE AWAY,,,,$500 OR LESS,3/16/2022 11:30,UNABLE TO DETERMINE,UNABLE TO DETERMINE,1651,W,ROOSEVELT RD,1233,,,,,,,2,NO INDICATION OF INJURY,0,0,0,0,0,2,0,11,4,3,41.86674938,-87.66846405,POINT (-87.668464052851 41.866749382827)
7b79d682d7690ef6af28e43cff467b14907fb194a6919e6cc6e187a63e9f566cc5acfec92837ae89848de834a3441d1ab4077c5cfd7996d86ebb27676d4f11c6,JF177262,,3/17/2022 15:40,35,TRAFFIC SIGNAL,FUNCTIONING PROPERLY,CLEAR,DAYLIGHT,REAR END,DIVIDED - W/MEDIAN (NOT RAISED),,STRAIGHT AND LEVEL,DRY,NO DEFECTS,NOT ON SCENE (DESK REPORT),NO INJURY / DRIVE AWAY,Y,,,"OVER $1,500",3/17/2022 16:50,FOLLOWING TOO CLOSELY,UNABLE TO DETERMINE,8100,S,HALSTED ST,613,,,,,,,2,NO INDICATION OF INJURY,0,0,0,0,0,2,0,15,5,3,41.74690461,-87.64407715,POINT (-87.644077151581 41.746904607442)