CRASH_RECORD_ID,RD_NO,CRASH_DATE_EST_I,CRASH_DATE,POSTED_SPEED_LIMIT,TRAFFIC_CONTROL_DEVICE,DEVICE_CONDITION,WEATHER_CONDITION,LIGHTING_CONDITION,FIRST_CRASH_TYPE,TRAFFICWAY_TYPE,LANE_CNT,ALIGNMENT,ROADWAY_SURFACE_COND,ROAD_DEFECT,REPORT_TYPE,CRASH_TYPE,INTERSECTION_RELATED_I,NOT_RIGHT_OF_WAY_I,HIT_AND_RUN_I,DAMAGE,DATE_POLICE_NOTIFIED,PRIM_CONTRIBUTORY_CAUSE,SEC_CONTRIBUTORY_CAUSE,STREET_NO,STREET_DIRECTION,STREET_NAME,BEAT_OF_OCCURRENCE,PHOTOS_TAKEN_I,STATEMENTS_TAKEN_I,DOORING_I,WORK_ZONE_I,WORK_ZONE_TYPE,WORKERS_PRESENT_I,NUM_UNITS,MOST_SEVERE_INJURY,INJURIES_TOTAL,INJURIES_FATAL,INJURIES_INCAPACITATING,INJURIES_NON_INCAPACITATING,INJURIES_REPORTED_NOT_EVIDENT,INJURIES_NO_INDICATION,INJURIES_UNKNOWN,CRASH_HOUR,CRASH_DAY_OF_WEEK,CRASH_MONTH,LATITUDE,LONGITUDE,LOCATION
d7aaa3617ac52bb918affb875a1b07524bc679e401a319ca6254540b5b1916d857c9ac11491c2ac2fa1b25c0971ce3e4c62f74908b0754cc61b2b07dd4430386,JF176820,,3/17/2022 9:40,30,NO CONTROLS,NO CONTROLS,CLEAR,DAYLIGHT,PARKED MOTOR VEHICLE,NOT DIVIDED,,STRAIGHT AND LEVEL,DRY,NO DEFECTS,NOT ON SCENE (DESK REPORT),NO INJURY / DRIVE AWAY,,,,$500 OR LESS,3/17/2022 9:40,UNABLE TO DETERMINE,NOT APPLICABLE,7759,S,HALSTED ST,621,,,,,,,2,NO INDICATION OF INJURY,0,0,0,0,0,2,0,9,5,3,41.75254687,-87.64394377,POINT (-87.643943773195 41.752546868729)
3623a52022a30d57bbbfd8938fc519a0e7d991d4936d765ffd722f37f26230468f99ae2b52c4dc4d43b5c23c933b90800c30388838699cdbe4a7df787014efae,JF178593,,3/18/2022 16:00,30,TRAFFIC SIGNAL,FUNCTIONING PROPERLY,RAIN,DAYLIGHT,TURNING,NOT DIVIDED,,STRAIGHT AND LEVEL,WET,NO DEFECTS,NOT ON SCENE (DESK REPORT),NO INJURY / DRIVE AWAY,Y,,,"$501 - $1,500",3/18/2022 17:28,UNABLE TO DETERMINE,UNABLE TO DETERMINE,500,N,COLUMBUS DR,1834,,,,,,,2,NO INDICATION OF INJURY,0,0,0,0,0,5,0,16,6,3,41.89104457,-87.62037184,POINT (-87.620371839074 41.891044569124)
3bbb9564da8c1ef553827273532791ea4acc107db07b37fb7ee02b001f113d49215daa1fc00e99a8765ccb9110b01435d0d2310ab3706151957e5827c554e588,JF178643,,3/18/2022 17:32,30,TRAFFIC SIGNAL,FUNCTIONING PROPERLY,RAIN,DAYLIGHT,SIDESWIPE SAME DIRECTION,DIVIDED - W/MEDIAN (NOT RAISED),,STRAIGHT AND LEVEL,WET,NO DEFECTS,NOT ON SCENE (DESK REPORT),NO INJURY / DRIVE AWAY,Y,,,"OVER $1,500",3/18/2022 18:00,IMPROPER LANE USAGE,NOT APPLICABLE,601,N,FAIRBANKS CT,1834,,,,,,,2,NO INDICATION OF INJURY,0,0,0,0,0,2,0,17,6,3,41.8926416,-87.62010897,POINT (-87.620108965111 41.89264159572)
444738029b6af2dc1c4e5d6dd33500bc398c983437be4df3f6a5d9a275eb06cb7bf0488c40cd4ac1034b25f413533f08fd5e84d8105451985e3a768cc6c4d51b,JF178354,,3/18/2022 13:30,30,TRAFFIC SIGNAL,FUNCTIONING PROPERLY,RAIN,DAYLIGHT,SIDESWIPE SAME DIRECTION,NOT DIVIDED,,STRAIGHT AND LEVEL,WET,NO DEFECTS,NOT ON SCENE (DESK REPORT),NO INJURY / DRIVE AWAY,,,,"OVER $1,500",3/18/2022 14:30,NOT APPLICABLE,NOT APPLICABLE,9247,S,COMMERCIAL AVE,424,,,,,,,2,NO INDICATION OF INJURY,0,0,0,0,0,2,0,13,6,3,41.72681767,-87.55103567,POINT (-87.551035668651 41.7268176737)
2351280dbaf8fda236fa599f0d7ac953b21ad0296067b3c24ec11fea7c006a33672c551c53e4f25ac1d26c811ec51db42137adee5b975e7e02f5687733edcf83,JF178970,,3/19/2022 2:24,30,NO CONTROLS,NO CONTROLS,RAIN,UNKNOWN,PARKED MOTOR VEHICLE,NOT DIVIDED,,STRAIGHT AND LEVEL,WET,UNKNOWN,ON SCENE,INJURY AND / OR TOW DUE TO CRASH,,,,"OVER $1,500",3/19/2022 2:24,UNABLE TO DETERMINE,UNABLE TO DETERMINE,620,N,HAMLIN AVE,1122,,,,,,,4,NO INDICATION OF INJURY,0,0,0,0,0,1,0,2,7,3,41.89242259,-87.72124768,POINT (-87.721247676574 41.892422584996)
57c72b66279ac20fc971d17a6ce6a4dba37cfab90900dcec414bf75ce42ea038b1feb44bda5f43827ea8f578175e925672ad344c35a55f4fe47c6d82b70d7ce6,JF178637,Y,3/17/2022 10:00,30,TRAFFIC SIGNAL,FUNCTIONING PROPERLY,CLEAR,DAYLIGHT,TURNING,T-INTERSECTION,,STRAIGHT AND LEVEL,DRY,NO DEFECTS,NOT ON SCENE (DESK REPORT),NO INJURY / DRIVE AWAY,,,Y,"OVER $1,500",3/18/2022 18:10,UNABLE TO DETERMINE,UNABLE TO DETERMINE,150,N,MICHIGAN AVE,111,,,,,,,2,NO INDICATION OF INJURY,0,0,0,0,0,2,0,10,5,3,41.88453096,-87.62460205,POINT (-87.624602044601 41.884530963783)
85ffaf5db42a20daf83145383ea8f3a9ef9bbdc68ae71e32195eb2b3e89d6157e0b0e6e746fb2ca253c4e322a3516215067d8159505ae09913be6f8bd7184979,JF177177,,3/17/2022 13:00,35,NO CONTROLS,NO CONTROLS,CLEAR,DAYLIGHT,REAR TO SIDE,ALLEY,,STRAIGHT AND LEVEL,DRY,NO DEFECTS,NOT ON SCENE (DESK REPORT),NO INJURY / DRIVE AWAY,Y,,,"OVER $1,500",3/17/2022 15:00,FAILING TO YIELD RIGHT-OF-WAY,UNABLE TO DETERMINE,7900,S,CHAMPLAIN AVE,624,,,,,,,3,NO INDICATION OF INJURY,0,0,0,0,0,2,0,13,5,3,41.75112747,-87.60901537,POINT (-87.609015366565 41.751127471847)
4738135010e99fc2c29e0cf87c974896941e8ff180e94b0e4a52167a219450f3326da4b82b85d0424e53b9815a6eac589a46be3c1ea22d283d5668c98329118d,JF178546,,3/18/2022 16:20,35,TRAFFIC SIGNAL,FUNCTIONING PROPERLY,RAIN,DAYLIGHT,REAR END,FOUR WAY,,STRAIGHT AND LEVEL,WET,NO DEFECTS,NOT ON SCENE (DESK REPORT),NO INJURY / DRIVE AWAY,Y,,,"$501 - $1,500",3/18/2022 16:50,FOLLOWING TOO CLOSELY,WEATHER,9858,S,VINCENNES AVE,2213,,,,,,,2,NO INDICATION OF INJURY,0,0,0,0,0,2,0,16,6,3,41.71420171,-87.65342739,POINT (-87.653427389723 41.714201710623)
18d9db6ed0eacbecf65cf3146a2544783cda2b244561a67a03d04e2fe5bfa95754e9a5eeb9b3cce7fad934ce7f50e95158dd6165c5615b55fb442a8690b0a3dd,JD474476,,12/31/2020 12:55,25,STOP SIGN/FLASHER,FUNCTIONING PROPERLY,CLEAR,DAYLIGHT,ANGLE,FOUR WAY,,STRAIGHT AND LEVEL,SNOW OR SLUSH,NO DEFECTS,,NO INJURY / DRIVE AWAY,Y,,,"OVER $1,500",12/31/2020 12:55,DISREGARDING STOP SIGN,UNABLE TO DETERMINE,2500,W,PERSHING RD,911,,,,,,,2,NO INDICATION OF INJURY,0,0,0,0,0,4,0,12,5,12,41.82303595,-87.68742004,POINT (-87.687420040588 41.823035953192)
9a2d982fdec8a8584923789d480d55882ff66e1c142f532a5536b127634a4a965f917ed5743c98a50e36c5cd68d4b54157fb09e61a76d12bb83cdc49d490deb5,JF173367,,3/12/2022 17:00,20,STOP SIGN/FLASHER,FUNCTIONING PROPERLY,CLEAR,DAYLIGHT,ANGLE,NOT DIVIDED,,STRAIGHT AND LEVEL,DRY,NO DEFECTS,NOT ON SCENE (DESK REPORT),NO INJURY / DRIVE AWAY,,,,"OVER $1,500",3/14/2022 10:40,UNABLE TO DETERMINE,NOT APPLICABLE,10,E,GRAND AVE,1834,,,,,,,2,NO INDICATION OF INJURY,0,0,0,0,0,2,0,17,7,3,41.89179146,-87.62765774,POINT (-87.6276577412 41.891791463112)
4af057291cd5b9f79050a38e04f690d87282b3b70f9de88a7d544b1ea708c6970410931115efc5e9d83cd6cfa6068aa3047d00a00df232ec364fae3b7c8e9f48,JF178763,,3/18/2022 20:17,30,TRAFFIC SIGNAL,FUNCTIONING PROPERLY,RAIN,DARKNESS,ANGLE,DIVIDED - W/MEDIAN (NOT RAISED),,STRAIGHT AND LEVEL,WET,NO DEFECTS,ON SCENE,INJURY AND / OR TOW DUE TO CRASH,Y,,,"OVER $1,500",3/18/2022 20:17,FAILING TO YIELD RIGHT-OF-WAY,NOT APPLICABLE,5600,W,WASHINGTON BLVD,1512,,,,,,,2,INCAPACITATING INJURY,2,0,1,1,0,0,0,20,6,3,41.88235314,-87.76501028,POINT (-87.765010275085 41.882353135739)
5015922369c726d8423f76d44773d3b8791d3361e743c42e1698b1c6048b349063b1fd4dc4c41790dacc15761ef0ae24423827e43a5a0d52b06ad629c521ca4b,JF177795,,3/18/2022 2:55,30,TRAFFIC SIGNAL,FUNCTIONING PROPERLY,CLEAR,"DARKNESS, LIGHTED ROAD",ANGLE,CENTER TURN LANE,,STRAIGHT AND LEVEL,UNKNOWN,UNKNOWN,ON SCENE,INJURY AND / OR TOW DUE TO CRASH,Y,,,"OVER $1,500",3/18/2022 2:57,DISREGARDING TRAFFIC SIGNALS,UNABLE TO DETERMINE,2800,N,CALIFORNIA AVE,1411,,,,,,,2,NO INDICATION OF INJURY,0,0,0,0,0,2,0,2,6,3,41.93212072,-87.6977653,POINT (-87.697765300365 41.932120719106)
9086b228a53221b76fa65bd9f54bda2cc866adef37620ac2fea2d52ca84a10bf379ec1ffa19416746bb78ca61eda6424dfa7542edcafb1c932c6813cff554e2d,JF178930,,3/19/2022 0:50,30,NO CONTROLS,NO CONTROLS,UNKNOWN,"DARKNESS, LIGHTED ROAD",PARKED MOTOR VEHICLE,DIVIDED - W/MEDIAN (NOT RAISED),,STRAIGHT AND LEVEL,UNKNOWN,NO DEFECTS,ON SCENE,NO INJURY / DRIVE AWAY,,,Y,"OVER $1,500",3/19/2022 0:55,UNABLE TO DETERMINE,UNABLE TO DETERMINE,6243,S,CALIFORNIA AVE,825,,,,,,,4,NO INDICATION OF INJURY,0,0,0,0,0,1,0,0,7,3,41.77966143,-87.69326294,POINT (-87.693262940731 41.779661429923)
1af5d9282951bf03aac41abb4ca67a8a2b3741515956c6b6fa7a075760e73f863ce7d4c1b9469192cef5279a47d02ff6b6a66b98d68c6f96f58f4402038d15ca,JF185874,,3/24/2022 18:00,30,STOP SIGN/FLASHER,NO CONTROLS,RAIN,DAYLIGHT,ANGLE,NOT DIVIDED,,STRAIGHT AND LEVEL,WET,UNKNOWN,,INJURY AND / OR TOW DUE TO CRASH,,,,"OVER $1,500",3/25/2022 9:10,UNABLE TO DETERMINE,UNABLE TO DETERMINE,4700,W,MADISON ST,1113,,,,,,,2,NONINCAPACITATING INJURY,2,0,0,2,0,2,0,18,5,3,41.88063406,-87.74295473,POINT (-87.742954731159 41.880634055402)
257488fe3ace90f5e0261234365557b1da7c85362935914bd8e509764470032335dd3301d5e325389e9f738a8f8dd774e87d9793113260a665d836c712e28433,JF177003,,3/17/2022 12:20,25,NO CONTROLS,NO CONTROLS,CLEAR,DAYLIGHT,TURNING,DIVIDED - W/MEDIAN (NOT RAISED),,STRAIGHT AND LEVEL,DRY,NO DEFECTS,ON SCENE,INJURY AND / OR TOW DUE TO CRASH,,,,"OVER $1,500",3/17/2022 12:25,UNABLE TO DETERMINE,NOT APPLICABLE,3845,W,ROOSEVELT RD,1011,,,,,,,2,NONINCAPACITATING INJURY,1,0,0,1,0,1,0,12,5,3,41.86610631,-87.72194013,POINT (-87.721940126903 41.866106306584)
1da2742e2c43ad19882cb0fc2457c28945fcb4b421c00a1e2dbb4268b371ab958258fd0d4a416e00f59a482a34249bce2a3d592ceb240a1498e575e1fa5b58d3,JF178411,,3/18/2022 13:45,30,NO CONTROLS,NO CONTROLS,RAIN,DAYLIGHT,REAR END,NOT DIVIDED,,STRAIGHT AND LEVEL,WET,NO DEFECTS,NOT ON SCENE (DESK REPORT),NO INJURY / DRIVE AWAY,,,,"OVER $1,500",3/18/2022 15:00,FOLLOWING TOO CLOSELY,UNABLE TO DETERMINE,3600,S,ASHLAND AVE,912,,,,,,,2,NO INDICATION OF INJURY,0,0,0,0,0,2,0,13,6,3,41.82858454,-87.66566253,POINT (-87.665662527024 41.828584539119)
f8273eb2df2ea2bf638fdc9516cd757c7262fe05167e505613ad87251a5a7ae05518fccb4523187f76b8a1d1f0b22b6c5d63e31909c56026dd866e34305c3cbe,JF173188,,3/14/2022 7:20,30,NO CONTROLS,NO CONTROLS,CLEAR,DAYLIGHT,REAR END,NOT DIVIDED,,STRAIGHT AND LEVEL,DRY,NO DEFECTS,NOT ON SCENE (DESK REPORT),NO INJURY / DRIVE AWAY,,,,"OVER $1,500",3/14/2022 7:45,FOLLOWING TOO CLOSELY,NOT APPLICABLE,4000,S,PULASKI RD,815,,,,,,,3,NO INDICATION OF INJURY,0,0,0,0,0,3,0,7,2,3,41.81905247,-87.7241127,POINT (-87.7241127025 41.819052466282)
30f4a365f7cf2e8f669a4d0dbec944f78400158ecd621617c924fd4f407a0b79b6909128e3ea00bf64f2106afd63eb2460f3f1d3bb53bfdcd1e198ef900c233d,JF177993,,3/18/2022 8:50,30,NO CONTROLS,NO CONTROLS,CLEAR,DAYLIGHT,ANGLE,DIVIDED - W/MEDIAN (NOT RAISED),,STRAIGHT AND LEVEL,DRY,NO DEFECTS,NOT ON SCENE (DESK REPORT),NO INJURY / DRIVE AWAY,,,Y,"OVER $1,500",3/18/2022 9:25,UNABLE TO DETERMINE,UNABLE TO DETERMINE,4677,N,ELSTON AVE,1722,,,,,,,2,NO INDICATION OF INJURY,0,0,0,0,0,2,0,8,6,3,41.96622739,-87.73718362,POINT (-87.737183622119 41.966227392086)
409e580a36afe82b29873f2c73847577f77a1d14e9d9f535608e360ebb726343def02312726df9a3dbb8d0a2dd1fda09bbbb7302e646664a00e666e003052588,JF178122,,3/18/2022 10:50,30,NO CONTROLS,NO CONTROLS,CLEAR,DAYLIGHT,REAR END,DIVIDED - W/MEDIAN (NOT RAISED),,STRAIGHT AND LEVEL,DRY,NO DEFECTS,ON SCENE,INJURY AND / OR TOW DUE TO CRASH,,,Y,"OVER $1,500",3/18/2022 10:56,UNABLE TO DETERMINE,NOT APPLICABLE,2324,W,NORTH AVE,1434,,,,,,,3,"REPORTED, NOT EVIDENT",2,0,0,0,2,2,0,10,6,3,41.91044952,-87.6858545,POINT (-87.685854501456 41.910449519856)
436adb2ffe4594b278391f237ad0e2c839b795bb2fbb3b3385fac5f3ee2330343d4e18b4d8b0b02aade80cd007a963f8aebc960686dcccde06184d8ab7508b1a,JF178205,,3/18/2022 11:58,30,NO CONTROLS,NO CONTROLS,CLEAR,DAYLIGHT,FIXED OBJECT,NOT DIVIDED,,STRAIGHT AND LEVEL,DRY,NO DEFECTS,ON SCENE,NO INJURY / DRIVE AWAY,,,,$500 OR LESS,3/18/2022 12:00,FOLLOWING TOO CLOSELY,NOT APPLICABLE,3846,W,LAKE ST,1122,,,,,,,2,NO INDICATION OF INJURY,0,0,0,0,0,1,0,11,6,3,41.88541421,-87.72269085,POINT (-87.722690849049 41.885414206358)
54e814e208671eb40cb2e00b93ad3df5ac66847aa709eb6e256ac7347f56f6e56b064931dcd5a4a8b56ece919f577bf3408c20e64d25eaed6be08dab307d3d77,JF176936,,3/17/2022 11:15,0,NO CONTROLS,NO CONTROLS,CLEAR,DAYLIGHT,PARKED MOTOR VEHICLE,OTHER,,STRAIGHT AND LEVEL,DRY,NO DEFECTS,ON SCENE,NO INJURY / DRIVE AWAY,,,,$500 OR LESS,3/17/2022 11:50,UNABLE TO DETERMINE,NOT APPLICABLE,817,E,91ST ST,633,,,,,,,2,NO INDICATION OF INJURY,0,0,0,0,0,1,0,11,5,3,41.72925706,-87.60378062,POINT (-87.603780622226 41.729257060309)
6a78413eb8fde5839dbf9a3b12eddbdabf27ad8b8727e2def4b4a622164331804877f1d25e831f045da029e248bc0979435df9efd6a223bd6e6b0ab214dc8900,JF176793,,3/17/2022 9:00,30,NO CONTROLS,UNKNOWN,CLEAR,DAYLIGHT,TURNING,FOUR WAY,,STRAIGHT AND LEVEL,DRY,UNKNOWN,NOT ON SCENE (DESK REPORT),NO INJURY / DRIVE AWAY,Y,,,"OVER $1,500",3/17/2022 9:45,IMPROPER TURNING/NO SIGNAL,NOT APPLICABLE,7900,S,AVALON AVE,411,,,,,,,2,NO INDICATION OF INJURY,0,0,0,0,0,2,0,9,5,3,41.75130668,-87.59441663,POINT (-87.594416633055 41.751306683359)
89480430477798ab315de77c33b22e0d51897279870eebeada34cf56292cacd8cd79d7a17c3193820b25f89de20532159b297acd4a93fc7f189596f06cc2c14c,JF177923,,3/18/2022 7:23,30,NO CONTROLS,NO CONTROLS,CLEAR,DAYLIGHT,PARKED MOTOR VEHICLE,NOT DIVIDED,,STRAIGHT AND LEVEL,DRY,NO DEFECTS,NOT ON SCENE (DESK REPORT),NO INJURY / DRIVE AWAY,,,Y,"$501 - $1,500",3/18/2022 7:40,UNABLE TO DETERMINE,NOT APPLICABLE,2223,N,KIMBALL AVE,1413,,,,,,,2,NO INDICATION OF INJURY,0,0,0,0,0,3,0,7,6,3,41.92169954,-87.71186733,POINT (-87.711867331648 41.921699536524)
a5714843149a4e1949c300266b873a93951c002f6f65f02f599307bbcdad95c10c3debbdbc0b239341418078f493fdc5441e560f5812932ec3e6e41b83b5fa42,JF177953,,3/18/2022 7:15,35,NO CONTROLS,NO CONTROLS,CLOUDY/OVERCAST,DAYLIGHT,REAR END,DIVIDED - W/MEDIAN (NOT RAISED),,STRAIGHT AND LEVEL,DRY,NO DEFECTS,ON SCENE,NO INJURY / DRIVE AWAY,,,,"$501 - $1,500",3/18/2022 7:30,IMPROPER OVERTAKING/PASSING,DRIVING SKILLS/KNOWLEDGE/EXPERIENCE,7901,S,WESTERN AVE,835,N,,,,,,2,NO INDICATION OF INJURY,0,0,0,0,0,2,0,7,6,3,41.75006036,-87.68269913,POINT (-87.682699127318 41.750060362735)
a60a95838247671b77d763bbcbf2a1ce4b2351e01c07b9359e745359877956bbe036bdf20badbd8811dd84a66afb75866ff493258264a8f8fa3843a0a2752e14,JF178385,,3/18/2022 12:49,30,NO CONTROLS,NO CONTROLS,RAIN,DAYLIGHT,REAR END,NOT DIVIDED,,STRAIGHT AND LEVEL,WET,NO DEFECTS,ON SCENE,INJURY AND / OR TOW DUE TO CRASH,,,,"OVER $1,500",3/18/2022 12:49,WEATHER,UNABLE TO DETERMINE,1322,W,LAWRENCE AVE,2033,,,,,,,2,NO INDICATION OF INJURY,0,0,0,0,0,2,0,12,6,3,41.96907125,-87.66383333,POINT (-87.663833325315 41.969071248055)
c84bdac90ca7e773c94f2cbb10e1ad2729d2f1f61abb7b1cfd81c7b6abdf891edb672db0c7f7ecf92e18f2042949f276c654e7e1e2c56564b731e2a9eab45886,JF178551,,3/18/2022 16:13,0,NO CONTROLS,NO CONTROLS,RAIN,DAYLIGHT,OTHER OBJECT,OTHER,,STRAIGHT AND LEVEL,WET,NO DEFECTS,ON SCENE,INJURY AND / OR TOW DUE TO CRASH,,,,$500 OR LESS,3/18/2022 16:13,"OPERATING VEHICLE IN ERRATIC, RECKLESS, CARELESS, NEGLIGENT OR AGGRESSIVE MANNER",CELL PHONE USE OTHER THAN TEXTING,2900,W,ARGYLE ST,2031,,,,,,,1,NO INDICATION OF INJURY,0,0,0,0,0,1,0,16,6,3,41.97226686,-87.70137084,POINT (-87.701370839891 41.972266862717)
d4968d0bda9b8f21e299970be135c2acf82e0ddf2858fa707fd1b0491c1d505876206c6728bc9d4740ea8581cd4c075da5474c77fe2dcc5e3ed5f75c448700f6,JF177944,,3/18/2022 7:45,30,NO CONTROLS,NO CONTROLS,CLEAR,DAYLIGHT,TURNING,NOT DIVIDED,,STRAIGHT AND LEVEL,DRY,NO DEFECTS,NOT ON SCENE (DESK REPORT),NO INJURY / DRIVE AWAY,,,,"$501 - $1,500",3/18/2022 8:15,UNABLE TO DETERMINE,UNABLE TO DETERMINE,2355,W,ADDISON ST,1921,,,,,,,2,NO INDICATION OF INJURY,0,0,0,0,0,2,0,7,6,3,41.94662323,-87.68802683,POINT (-87.688026832456 41.946623228221)
2d42506e1c49abd4933c2d28ae83e7d0dbe24401cfc2836ce98a4e6251a8a7d9ea0b832d685055293c504c847c8b29096e45156a1cd89cc6f56e64d501a537a9,JF178352,,3/17/2022 12:00,10,NO CONTROLS,NO CONTROLS,CLEAR,DAYLIGHT,TURNING,PARKING LOT,,STRAIGHT AND LEVEL,DRY,UNKNOWN,NOT ON SCENE (DESK REPORT),NO INJURY / DRIVE AWAY,,N,,"OVER $1,500",3/18/2022 14:30,DRIVING SKILLS/KNOWLEDGE/EXPERIENCE,NOT APPLICABLE,5601,W,LAWRENCE AVE,1622,,,,,,,2,NO INDICATION OF INJURY,0,0,0,0,0,3,0,12,5,3,41.96767102,-87.76759624,POINT (-87.767596236994 41.9676710151)
1aa80747c2fd7a3a57f297355926c71ab561681377aeb9d340785f81b8e8f32522f660c64390af8e94835887275ef3f665f397387de629b4b67b05f2cd28e18f,JF178193,,3/18/2022 1:00,30,NO CONTROLS,NO CONTROLS,CLEAR,"DARKNESS, LIGHTED ROAD",PARKED MOTOR VEHICLE,ALLEY,,STRAIGHT AND LEVEL,DRY,NO DEFECTS,NOT ON SCENE (DESK REPORT),NO INJURY / DRIVE AWAY,,,Y,"OVER $1,500",3/18/2022 12:20,UNABLE TO DETERMINE,NOT APPLICABLE,1759,N,MASON AVE,2531,,,,,,,2,NO INDICATION OF INJURY,0,0,0,0,0,1,0,1,6,3,41.91282964,-87.77394025,POINT (-87.773940251984 41.912829644307)
2417444f9ab31106eedcab9359a77bd9ed9f4fc893d91cfd5e56d35f8941920a3327501a4ae023c9a5f957f8ac17305907b401774bc2ac73afaf9d0b2715639b,JF178228,,3/18/2022 11:50,30,TRAFFIC SIGNAL,FUNCTIONING PROPERLY,RAIN,DAYLIGHT,SIDESWIPE SAME DIRECTION,NOT DIVIDED,,STRAIGHT AND LEVEL,WET,NO DEFECTS,NOT ON SCENE (DESK REPORT),NO INJURY / DRIVE AWAY,,,,"$501 - $1,500",3/18/2022 12:25,IMPROPER LANE USAGE,NOT APPLICABLE,2200,S,PRINCETON AVE,914,,,,,,,2,NO INDICATION OF INJURY,0,0,0,0,0,2,0,11,6,3,41.85282345,-87.63495904,POINT (-87.634959038847 41.85282345043)
5c6cf71d29b324d048c297109b590cc0c3ee373a53750b0ee4a31c955cbe8ddfc585943d697954dfe9913a5e9aed9cc6dc52cb178b17805e79256790ea3075cc,JF178596,,3/18/2022 17:15,30,NO CONTROLS,NO CONTROLS,RAIN,DAYLIGHT,SIDESWIPE SAME DIRECTION,NOT DIVIDED,,STRAIGHT AND LEVEL,WET,UNKNOWN,ON SCENE,NO INJURY / DRIVE AWAY,,,Y,"OVER $1,500",3/18/2022 17:15,UNABLE TO DETERMINE,NOT APPLICABLE,3696,S,ARCHER AVE,912,,,,,,,2,NO INDICATION OF INJURY,0,0,0,0,0,2,0,17,6,3,41.82651854,-87.68420498,POINT (-87.684204982395 41.826518542923)
1cb3b697801afc5d1604da858cf5839dae73a72702142367463622a030c96fe04fa157aa4b4585975f2fb7e1d8d670b76a50dfba468678215febe2d350923359,JE172540,,3/18/2021 14:00,30,NO CONTROLS,NO CONTROLS,CLOUDY/OVERCAST,DAYLIGHT,SIDESWIPE SAME DIRECTION,NOT DIVIDED,,STRAIGHT AND LEVEL,UNKNOWN,UNKNOWN,,NO INJURY / DRIVE AWAY,,,Y,"$501 - $1,500",3/18/2021 15:10,IMPROPER LANE USAGE,NOT APPLICABLE,800,W,63RD ST,712,,,,,,,2,NO INDICATION OF INJURY,0,0,0,0,0,4,0,14,5,3,41.77985968,-87.64485278,POINT (-87.644852781595 41.779859679309)
67576b90e5a56ad6d12ddeeb5b83d2cb6403ac5b3bac9778e0aeee8defe39233da22cd9951202bc42ab7fcf2854797df196c19191d653366f3f49f2890fec87e,JF178047,,3/17/2022 19:15,30,TRAFFIC SIGNAL,FUNCTIONING PROPERLY,UNKNOWN,"DARKNESS, LIGHTED ROAD",TURNING,DIVIDED - W/MEDIAN (NOT RAISED),,STRAIGHT AND LEVEL,UNKNOWN,UNKNOWN,NOT ON SCENE (DESK REPORT),NO INJURY / DRIVE AWAY,Y,,,"OVER $1,500",3/18/2022 10:00,FAILING TO YIELD RIGHT-OF-WAY,NOT APPLICABLE,1900,W,BELMONT AVE,1922,,,,,,,2,NO INDICATION OF INJURY,0,0,0,0,0,2,0,19,5,3,41.93971005,-87.67605455,POINT (-87.676054552776 41.93971005362)
28a5521bc951fb7c324a929c2b06367dfb7b2bc11ce6dd2e89c4586c2e8299584173e78a3d5b4ef6f689ee44dac0c433e22b630826cdab5fa0af71176202e93c,JF168793,,3/10/2022 22:16,30,STOP SIGN/FLASHER,FUNCTIONING PROPERLY,CLEAR,"DARKNESS, LIGHTED ROAD",ANGLE,FOUR WAY,,STRAIGHT AND LEVEL,DRY,UNKNOWN,ON SCENE,INJURY AND / OR TOW DUE TO CRASH,Y,,,"OVER $1,500",3/10/2022 22:17,DISREGARDING STOP SIGN,FAILING TO YIELD RIGHT-OF-WAY,2400,W,CORTEZ ST,1212,,,,,,,2,NONINCAPACITATING INJURY,1,0,0,1,0,1,0,22,5,3,41.90040185,-87.68708388,POINT (-87.6870838785 41.900401853763)
827b5fb8fc78d53c6d4e76f6de7879373b8fc310151445c7e6d7403b4b5cad0738b102709752a0d4d9be6ee8291f383fb71fbab3d86a4035fc3c6ff8421ed720,JF177025,,3/17/2022 12:35,30,NO CONTROLS,NO CONTROLS,CLEAR,DAYLIGHT,PARKED MOTOR VEHICLE,NOT DIVIDED,,STRAIGHT AND LEVEL,DRY,NO DEFECTS,NOT ON SCENE (DESK REPORT),NO INJURY / DRIVE AWAY,,,,"OVER $1,500",3/17/2022 12:45,IMPROPER BACKING,DRIVING SKILLS/KNOWLEDGE/EXPERIENCE,24,W,RANDOLPH ST,111,,,,,,,2,NO INDICATION OF INJURY,0,0,0,0,0,2,0,12,5,3,41.88459574,-87.62879501,POINT (-87.628795005363 41.884595743949)
9bb215b92865e32c30b60640a1f50512e1a7757cd125a2bc8db672d917b4c18f879e2477abb1c2f94f9d75b348ef5442b5ac09e32671fc4f3f8de1c141a223a9,JF178359,,3/18/2022 14:00,30,TRAFFIC SIGNAL,UNKNOWN,RAIN,DAYLIGHT,REAR END,NOT DIVIDED,,STRAIGHT AND LEVEL,WET,UNKNOWN,NOT ON SCENE (DESK REPORT),NO INJURY / DRIVE AWAY,,,,"OVER $1,500",3/18/2022 14:30,UNABLE TO DETERMINE,UNABLE TO DETERMINE,5202,N,ELSTON AVE,1623,,,,,,,2,NO INDICATION OF INJURY,0,0,0,0,0,2,0,14,6,3,41.97529542,-87.75205045,POINT (-87.752050451797 41.975295417031)