CRASH_RECORD_ID,RD_NO,CRASH_DATE_EST_I,CRASH_DATE,POSTED_SPEED_LIMIT,TRAFFIC_CONTROL_DEVICE,DEVICE_CONDITION,WEATHER_CONDITION,LIGHTING_CONDITION,FIRST_CRASH_TYPE,TRAFFICWAY_TYPE,LANE_CNT,ALIGNMENT,ROADWAY_SURFACE_COND,ROAD_DEFECT,REPORT_TYPE,CRASH_TYPE,INTERSECTION_RELATED_I,NOT_RIGHT_OF_WAY_I,HIT_AND_RUN_I,DAMAGE,DATE_POLICE_NOTIFIED,PRIM_CONTRIBUTORY_CAUSE,SEC_CONTRIBUTORY_CAUSE,STREET_NO,STREET_DIRECTION,STREET_NAME,BEAT_OF_OCCURRENCE,PHOTOS_TAKEN_I,STATEMENTS_TAKEN_I,DOORING_I,WORK_ZONE_I,WORK_ZONE_TYPE,WORKERS_PRESENT_I,NUM_UNITS,MOST_SEVERE_INJURY,INJURIES_TOTAL,INJURIES_FATAL,INJURIES_INCAPACITATING,INJURIES_NON_INCAPACITATING,INJURIES_REPORTED_NOT_EVIDENT,INJURIES_NO_INDICATION,INJURIES_UNKNOWN,CRASH_HOUR,CRASH_DAY_OF_WEEK,CRASH_MONTH,LATITUDE,LONGITUDE,LOCATION
9e55cdacb50dfad1880dd9a67f98755d2d5c578e4b79f30bc61c4ce14cb5ad1f3a3249e39c58a24b044f989a8902a2952d339a5b3084fcdc1fc3a5c04ca15b22,JF178065,,3/18/2022 9:54,30,NO CONTROLS,NO CONTROLS,CLEAR,DAYLIGHT,OTHER OBJECT,PARKING LOT,,STRAIGHT AND LEVEL,DRY,NO DEFECTS,ON SCENE,NO INJURY / DRIVE AWAY,,Y,,"OVER $1,500",3/18/2022 9:56,EQUIPMENT - VEHICLE CONDITION,NOT APPLICABLE,7138,S,ST LAWRENCE AVE,323,,,,,,,1,NO INDICATION OF INJURY,0,0,0,0,0,1,0,9,6,3,41.7646245,-87.61054572,POINT (-87.610545723506 41.764624497124)
b2704a54fa4eed76ffb97804c9079334b020d79ff4822059debb77a15e95afa2f43beaed6c8ce60248ef85e35b8d9a16fde32885c9556d8d5c24c0f2561fd63d,,,4/1/2022 20:10,30,NO CONTROLS,NO CONTROLS,CLEAR,"DARKNESS, LIGHTED ROAD",SIDESWIPE SAME DIRECTION,NOT DIVIDED,,STRAIGHT AND LEVEL,UNKNOWN,UNKNOWN,NOT ON SCENE (DESK REPORT),NO INJURY / DRIVE AWAY,,,Y,"OVER $1,500",4/1/2022 20:50,UNABLE TO DETERMINE,NOT APPLICABLE,4154,N,DAMEN AVE,1911,,,,,,,2,NO INDICATION OF INJURY,0,0,0,0,0,2,0,20,6,4,41.95763236,-87.67900921,POINT (-87.679009210835 41.9576323575)
d4ca189b1348d7e420889b515d330529b3f1a5835e0b96a2a1f0cd64ae1c3a71a4b2b505cdf44e6e80e8649e7e5159e8162e0c1a26527824e5293712c8e4390a,,,3/31/2022 23:55,30,NO CONTROLS,NO CONTROLS,SNOW,"DARKNESS, LIGHTED ROAD",TURNING,NOT DIVIDED,,STRAIGHT AND LEVEL,SNOW OR SLUSH,NO DEFECTS,ON SCENE,INJURY AND / OR TOW DUE TO CRASH,Y,,N,"OVER $1,500",4/1/2022 1:00,FAILING TO YIELD RIGHT-OF-WAY,FAILING TO YIELD RIGHT-OF-WAY,5447,W,WASHINGTON BLVD,1522,,,,,,,2,"REPORTED, NOT EVIDENT",2,0,0,0,2,4,0,23,5,3,41.88217194,-87.76201836,POINT (-87.762018361708 41.88217193953)
a3f35c5b57542e82ac300831000acf60d29c629d908e0a95517a324b3b0fb2fdb9ba748b6eea83222b9726ceb3dee33484a01decfc7eba0d427d459c7474c92c,,,4/1/2022 7:30,30,NO CONTROLS,NO CONTROLS,CLEAR,DAYLIGHT,PARKED MOTOR VEHICLE,DIVIDED - W/MEDIAN (NOT RAISED),,STRAIGHT AND LEVEL,DRY,UNKNOWN,ON SCENE,NO INJURY / DRIVE AWAY,,,,"OVER $1,500",4/1/2022 7:45,UNABLE TO DETERMINE,UNABLE TO DETERMINE,3549,W,WOLFRAM ST,1412,,,,,,,2,NO INDICATION OF INJURY,0,0,0,0,0,1,0,7,6,4,41.93273028,-87.7158177,POINT (-87.715817699031 41.932730279378)
7319dad76996c0281d4f5d47d6118184d1ede081bbacbaeaf75c7df624c11489bb1eb0e00654f969b517b0743ccb7b6262f03069cef370cf848a06dcde4c0cc4,,Y,3/31/2022 22:00,30,NO CONTROLS,NO CONTROLS,UNKNOWN,"DARKNESS, LIGHTED ROAD",PARKED MOTOR VEHICLE,NOT DIVIDED,,STRAIGHT AND LEVEL,UNKNOWN,NO DEFECTS,ON SCENE,NO INJURY / DRIVE AWAY,,,Y,"OVER $1,500",4/1/2022 15:23,UNABLE TO DETERMINE,NOT APPLICABLE,4740,S,WOOD ST,931,,,,,,,2,NO INDICATION OF INJURY,0,0,0,0,0,1,0,22,5,3,41.8073348,-87.6699434,POINT (-87.669943400786 41.807334804302)
fa0077b04363f5e0228b1d25becf890f4f8bde68c69d01cef7cffde041d83fba48eca3f3f0cbf71d17d84c263af1290a4ef11a95c5d5c181b8ddd3010029730e,,,4/1/2022 18:45,30,NO CONTROLS,NO CONTROLS,CLEAR,DUSK,PARKED MOTOR VEHICLE,DIVIDED - W/MEDIAN (NOT RAISED),,STRAIGHT AND LEVEL,DRY,NO DEFECTS,ON SCENE,INJURY AND / OR TOW DUE TO CRASH,,,,"$501 - $1,500",4/1/2022 21:06,IMPROPER LANE USAGE,NOT APPLICABLE,5922,W,DIVISION ST,2531,,,,,,,2,NONINCAPACITATING INJURY,1,0,0,1,0,1,0,18,6,4,41.902128,-87.77400065,POINT (-87.774000646655 41.902128001479)
54295cf8e3f6a9736347fc0712194c2401a4fb001defb7fc98cfb4d28038f67e3ac009c6378c9310853adf54382b5e70cbca0f05a46442fad018785d132cdf97,,,4/1/2022 23:35,30,STOP SIGN/FLASHER,NO CONTROLS,CLEAR,"DARKNESS, LIGHTED ROAD",SIDESWIPE OPPOSITE DIRECTION,ONE-WAY,,STRAIGHT AND LEVEL,DRY,NO DEFECTS,NOT ON SCENE (DESK REPORT),NO INJURY / DRIVE AWAY,,,,"OVER $1,500",4/2/2022 0:35,UNABLE TO DETERMINE,UNABLE TO DETERMINE,600,W,BELDEN AVE,1812,,,,,,,2,NO INDICATION OF INJURY,0,0,0,0,0,3,0,23,6,4,41.92381264,-87.64396992,POINT (-87.643969915559 41.923812640175)
1e085d3777ead2b773af73d535d2754bd72e100d21a069d015bc43c755dd5afcd61fc99b1dc06086c93b6cf51ebe170ebe1d9246b1009b1e8cf5e3fb1e192a2a,JF157052,,2/26/2022 18:00,35,NO CONTROLS,NO CONTROLS,CLEAR,"DARKNESS, LIGHTED ROAD",REAR TO REAR,PARKING LOT,,STRAIGHT AND LEVEL,DRY,NO DEFECTS,,NO INJURY / DRIVE AWAY,,,N,"OVER $1,500",2/26/2022 18:50,IMPROPER BACKING,UNABLE TO DETERMINE,210,W,87TH ST,622,,,,,,,2,NO INDICATION OF INJURY,0,0,0,0,0,3,0,18,7,2,41.73621796,-87.62931044,POINT (-87.629310436538 41.736217960782)
516a50a28392cba23d96c657c772317ae3af1c22233e08288534de58da3f9ef311f26d80f2487d5311f006bc470fdf3f9be18f6422eb8fa2d74505963523f904,,,4/1/2022 2:00,40,NO CONTROLS,NO CONTROLS,CLEAR,"DARKNESS, LIGHTED ROAD",SIDESWIPE SAME DIRECTION,DIVIDED - W/MEDIAN BARRIER,,STRAIGHT AND LEVEL,DRY,NO DEFECTS,ON SCENE,INJURY AND / OR TOW DUE TO CRASH,,,Y,"OVER $1,500",4/1/2022 2:15,UNABLE TO DETERMINE,FAILING TO YIELD RIGHT-OF-WAY,3000,N,LAKE SHORE DR SB,1934,,,,,,,2,,,,,,,,,2,6,4,41.93662001,-87.63405348,POINT (-87.634053483713 41.936620005711)
e261d8425f480328a1d555fc5d0ff13dfdc064431d5266099b04f184afd6b4f9894c402cc2d8d5b81ef79bc3ad95a43e5f5c33b52442082270a91f5a9527587f,,,4/1/2022 19:18,25,NO CONTROLS,FUNCTIONING PROPERLY,CLEAR,DAYLIGHT,OTHER OBJECT,DIVIDED - W/MEDIAN (NOT RAISED),,STRAIGHT AND LEVEL,DRY,NO DEFECTS,ON SCENE,INJURY AND / OR TOW DUE TO CRASH,,,,"$501 - $1,500",4/1/2022 19:18,UNDER THE INFLUENCE OF ALCOHOL/DRUGS (USE WHEN ARREST IS EFFECTED),UNDER THE INFLUENCE OF ALCOHOL/DRUGS (USE WHEN ARREST IS EFFECTED),407,S,KEDZIE AVE,1134,,,,,,,1,NO INDICATION OF INJURY,0,0,0,0,0,1,0,19,6,4,41.87560796,-87.70581987,POINT (-87.705819873846 41.875607954987)
881dddc37a84fb07539677e267880243aed2b05bcc8e67846c8882e5b92b306a560e0e47594803fa6db79143d48d480afb8bf029a8c9bd278f47209011c27106,,,3/31/2022 16:15,35,NO CONTROLS,NO CONTROLS,CLEAR,DAYLIGHT,PARKED MOTOR VEHICLE,NOT DIVIDED,,STRAIGHT AND LEVEL,DRY,NO DEFECTS,NOT ON SCENE (DESK REPORT),NO INJURY / DRIVE AWAY,,,,"OVER $1,500",3/31/2022 17:00,DRIVING SKILLS/KNOWLEDGE/EXPERIENCE,NOT APPLICABLE,2943,W,59TH ST,824,,,,,,,2,NO INDICATION OF INJURY,0,0,0,0,0,1,0,16,5,3,41.78623025,-87.69773345,POINT (-87.697733445516 41.786230245634)
26194f2509acc2630892f385e11ecb057912fbad14a1569e557bb4546bd7d65563b9c861fabe773c395118286d8cd38d85ea17d643d8cb88017e6ced7ee71d5f,,,4/1/2022 19:13,20,NO CONTROLS,NO CONTROLS,CLEAR,DARKNESS,PARKED MOTOR VEHICLE,ONE-WAY,,STRAIGHT AND LEVEL,DRY,NO DEFECTS,ON SCENE,NO INJURY / DRIVE AWAY,,,,"$501 - $1,500",4/1/2022 19:19,IMPROPER BACKING,UNABLE TO DETERMINE,6342,N,WASHTENAW AVE,2413,,,,,,,2,NO INDICATION OF INJURY,0,0,0,0,0,1,0,19,6,4,41.99706324,-87.6973291,POINT (-87.697329104204 41.997063236751)
bba01f4cba34be07767c1401b647641dcd04a72b64e7fabd8d401340e6d246da2a8892b8ccb321e66a481f68ff1dc2b04d54e4888b35eb155f3f7afa0ef4fe7b,,,3/31/2022 15:30,30,NO CONTROLS,NO CONTROLS,CLEAR,DAYLIGHT,SIDESWIPE SAME DIRECTION,NOT DIVIDED,,STRAIGHT AND LEVEL,DRY,NO DEFECTS,NOT ON SCENE (DESK REPORT),NO INJURY / DRIVE AWAY,,,,"$501 - $1,500",4/1/2022 16:15,UNABLE TO DETERMINE,UNABLE TO DETERMINE,148,N,MICHIGAN AVE,111,,,,,,,2,NO INDICATION OF INJURY,0,0,0,0,0,2,0,15,5,3,41.88440613,-87.62459604,POINT (-87.624596044441 41.884406129114)
0d1f91b0b99f7d00b8f2c0bfb3a2399edcb6e3d876afadf7c7c79f1623d4c4d6f5e99792bc88ce9eaa7dd23ac21599bafb944af2724922f94562eceb296f2c14,,,3/31/2022 8:32,30,TRAFFIC SIGNAL,FUNCTIONING PROPERLY,RAIN,DAYLIGHT,TURNING,NOT DIVIDED,,STRAIGHT AND LEVEL,WET,NO DEFECTS,ON SCENE,INJURY AND / OR TOW DUE TO CRASH,,,,"OVER $1,500",3/31/2022 8:35,ROAD CONSTRUCTION/MAINTENANCE,WEATHER,195,W,43RD ST,925,,,,,,,2,NO INDICATION OF INJURY,0,0,0,0,0,2,0,8,5,3,41.8163091,-87.63116823,POINT (-87.631168226794 41.816309098512)
aaac0727a78e4b342a4700916d60ad0265c192f2ede3d879f3c29ead5f664beca6abeeffc7255e1b2fcb14dca65f8a38daaae56adcbc67d037df16a067f328fd,,,4/1/2022 13:50,30,NO CONTROLS,NO CONTROLS,CLEAR,DAYLIGHT,ANGLE,NOT DIVIDED,,STRAIGHT AND LEVEL,DRY,NO DEFECTS,NOT ON SCENE (DESK REPORT),INJURY AND / OR TOW DUE TO CRASH,,,,"$501 - $1,500",4/1/2022 15:28,NOT APPLICABLE,NOT APPLICABLE,4700,S,LAWNDALE AVE,821,,,,,,,2,NONINCAPACITATING INJURY,1,0,0,1,0,3,0,13,6,4,41.80790245,-87.71637597,POINT (-87.716375968062 41.807902449705)
15a99495e8582c69c3132ba7983946ec5f40e8537c3ce05cc122f0faea3e198a2e13ceb41093103a00322fef585cda9ea135eae77accc24835c53a322df998d7,,,4/1/2022 8:23,30,TRAFFIC SIGNAL,FUNCTIONING PROPERLY,CLEAR,DAYLIGHT,FIXED OBJECT,DIVIDED - W/MEDIAN BARRIER,,STRAIGHT AND LEVEL,DRY,NO DEFECTS,ON SCENE,INJURY AND / OR TOW DUE TO CRASH,Y,,,"OVER $1,500",4/1/2022 8:25,UNABLE TO DETERMINE,UNABLE TO DETERMINE,2004,W,IRVING PARK RD,1911,,,,,,,1,INCAPACITATING INJURY,1,0,1,0,0,0,0,8,6,4,41.95426283,-87.67901629,POINT (-87.679016288435 41.954262829712)
e0c5c1044f77d45f4cdc54fa712ee1d722beef089e08c2ad95e8bd5848be7385eedfba4c76dd4539962aa8cadfe2bc6e6b058b10c4d3feb5c855267c1fa88592,,,4/1/2022 14:30,30,NO CONTROLS,NO CONTROLS,CLEAR,DAYLIGHT,REAR TO SIDE,PARKING LOT,,STRAIGHT AND LEVEL,DRY,OTHER,NOT ON SCENE (DESK REPORT),NO INJURY / DRIVE AWAY,,,,"OVER $1,500",4/1/2022 16:00,FAILING TO YIELD RIGHT-OF-WAY,FAILING TO YIELD RIGHT-OF-WAY,1106,S,CLINTON ST,124,,,,,,,2,NO INDICATION OF INJURY,0,0,0,0,0,2,0,14,6,4,41.86878882,-87.64091692,POINT (-87.640916922355 41.868788822285)
d29a061c382f2bdede6abcc0928869e69d908d613418706a5b111960f35030beba91052df27082653d24e22908977ea687f13d826429ead67e0e3794ab285e80,,,3/31/2022 19:40,30,TRAFFIC SIGNAL,FUNCTIONING PROPERLY,RAIN,"DARKNESS, LIGHTED ROAD",REAR END,NOT DIVIDED,,STRAIGHT AND LEVEL,WET,NO DEFECTS,ON SCENE,INJURY AND / OR TOW DUE TO CRASH,Y,,Y,"OVER $1,500",3/31/2022 19:44,UNABLE TO DETERMINE,NOT APPLICABLE,2348,W,PERSHING RD,911,,,,,,,2,NO INDICATION OF INJURY,0,0,0,0,0,3,0,19,5,3,41.82311538,-87.68471873,POINT (-87.684718730674 41.823115381875)
ad3f49ba2b01fd4c7406a6b23c57b50737007a8ddb7989f0eac1fcd5e436d994598018559f70c64198a297215dd0161b31d43645c9047b13910e5879781d0e60,,,3/31/2022 8:00,30,TRAFFIC SIGNAL,FUNCTIONING PROPERLY,RAIN,DAYLIGHT,TURNING,NOT DIVIDED,,STRAIGHT AND LEVEL,WET,NO DEFECTS,ON SCENE,NO INJURY / DRIVE AWAY,Y,,,"OVER $1,500",3/31/2022 8:22,FAILING TO YIELD RIGHT-OF-WAY,IMPROPER TURNING/NO SIGNAL,2400,W,35TH ST,911,,,,,,,2,NO INDICATION OF INJURY,0,0,0,0,0,3,0,8,5,3,41.83039032,-87.68509992,POINT (-87.685099923426 41.830390316125)
4c69cb772384eaf8828dc989c801f0287dc1193ddfedbd77063039a81d68ca219c78808fd9c31133fb000544a19589e69718fa0cd762a0c6d2919b2d1c9c3025,JF174681,N,3/11/2022 22:00,30,NO CONTROLS,NO CONTROLS,CLEAR,"DARKNESS, LIGHTED ROAD",PARKED MOTOR VEHICLE,NOT DIVIDED,,STRAIGHT AND LEVEL,DRY,NO DEFECTS,ON SCENE,NO INJURY / DRIVE AWAY,,,Y,"OVER $1,500",3/15/2022 13:40,UNABLE TO DETERMINE,UNABLE TO DETERMINE,1645,W,OGDEN AVE,1224,,,,,,,2,NO INDICATION OF INJURY,0,0,0,0,0,1,0,22,6,3,41.87972256,-87.6679488,POINT (-87.66794879779 41.879722559704)
a1356b608bd99b7e65f66f4fb54ac6c50b2bf1d1406b0b4d3882776bd46004b459e99f354c307e9d702811a10c8c2032df57204085f7d4a2b6767c161f055940,,,3/31/2022 15:35,45,TRAFFIC SIGNAL,FUNCTIONING PROPERLY,CLEAR,DAYLIGHT,SIDESWIPE SAME DIRECTION,FOUR WAY,,STRAIGHT AND LEVEL,DRY,NO DEFECTS,,NO INJURY / DRIVE AWAY,,,Y,"OVER $1,500",3/31/2022 15:53,IMPROPER TURNING/NO SIGNAL,NOT APPLICABLE,340,W,ONTARIO ST,1831,,,,,,,2,NO INDICATION OF INJURY,0,0,0,0,0,2,0,15,5,3,41.89325533,-87.63715992,POINT (-87.637159915596 41.893255328806)
434d14ffae03202f5177381a1094df90ec33425bdc035002a30ed8176aa9ed728086f833f5de54f34eae7ee0adbbac29fa6ae2a09f6ed9ac3e86e2d7e6f565c5,,,4/1/2022 7:25,30,NO CONTROLS,NO CONTROLS,CLEAR,DAYLIGHT,REAR END,NOT DIVIDED,,STRAIGHT AND LEVEL,DRY,NO DEFECTS,NOT ON SCENE (DESK REPORT),NO INJURY / DRIVE AWAY,,,,"OVER $1,500",4/1/2022 8:20,FOLLOWING TOO CLOSELY,NOT APPLICABLE,200,W,59TH ST,232,,,,,,,2,NO INDICATION OF INJURY,0,0,0,0,0,2,0,7,6,4,41.78736578,-87.6303353,POINT (-87.6303353017 41.787365783861)
baee436fa9d1762170205896ebda62fd66d431f55436a500de9581ec2a4e50ded967e864057ada0e7f74fa3c9ed6f1ab869bb1a5eff990508c048f09abed94bd,,,3/31/2022 16:13,30,NO CONTROLS,NO CONTROLS,CLEAR,DAYLIGHT,ANGLE,ALLEY,,STRAIGHT AND LEVEL,DRY,NO DEFECTS,NOT ON SCENE (DESK REPORT),NO INJURY / DRIVE AWAY,Y,,,"OVER $1,500",3/31/2022 17:15,UNABLE TO DETERMINE,NOT APPLICABLE,901,N,ASHLAND AVE,1213,,,,,,,2,NO INDICATION OF INJURY,0,0,0,0,0,2,0,16,5,3,41.89792415,-87.66719596,POINT (-87.667195959966 41.897924152312)
5a08bc4a78c5bdab8e2d3c2aefafd258e82548ce0bf361566b8851ff373ab77cc807802315b607cc97f17e04942356da1f4095103bce630f48389fef5939e0b4,,,4/1/2022 7:53,30,NO CONTROLS,NO CONTROLS,CLEAR,DAYLIGHT,PEDALCYCLIST,NOT DIVIDED,,STRAIGHT AND LEVEL,DRY,NO DEFECTS,ON SCENE,INJURY AND / OR TOW DUE TO CRASH,,,,"$501 - $1,500",4/1/2022 7:53,UNABLE TO DETERMINE,UNABLE TO DETERMINE,2800,W,JARLATH ST,2411,,,,,,,2,NONINCAPACITATING INJURY,1,0,0,1,0,1,0,7,6,4,42.01308391,-87.69978072,POINT (-87.699780723421 42.01308390793)
4cbca8118e4bd19b7a164b978708e75550a04b656acbc09dbb5242c5ca585c1aea1918955064586262569d70f40becd85fe5f6c2bdc1e2f725265891ff39b866,JF186837,N,3/26/2022 1:23,30,TRAFFIC SIGNAL,FUNCTIONING PROPERLY,CLEAR,DUSK,REAR END,DIVIDED - W/MEDIAN BARRIER,,STRAIGHT AND LEVEL,DRY,NO DEFECTS,NOT ON SCENE (DESK REPORT),INJURY AND / OR TOW DUE TO CRASH,,,,"OVER $1,500",3/26/2022 1:23,PHYSICAL CONDITION OF DRIVER,UNDER THE INFLUENCE OF ALCOHOL/DRUGS (USE WHEN ARREST IS EFFECTED),2797,W,LAWRENCE AVE,1911,,Y,,,,,2,"REPORTED, NOT EVIDENT",2,0,0,0,2,1,0,1,7,3,41.96842256,-87.69862642,POINT (-87.698626418591 41.96842255762)
1f3c49a690b4fafdc296857f2e90d7adb53b360f4064dd5941cde7b88681c5441bd118aa9c3d4f220b169cbab1cb8a98023906852e1a4f374a0304b9ae7bde81,JE196850,,4/12/2021 7:30,40,NO CONTROLS,NO CONTROLS,RAIN,DAYLIGHT,FIXED OBJECT,DIVIDED - W/MEDIAN BARRIER,,STRAIGHT AND LEVEL,WET,NO DEFECTS,,INJURY AND / OR TOW DUE TO CRASH,,,,"OVER $1,500",4/12/2021 7:45,EQUIPMENT - VEHICLE CONDITION,NOT APPLICABLE,1000,N,LAKE SHORE DR SB,1824,,,,,,,1,NONINCAPACITATING INJURY,1,0,0,1,0,0,0,7,2,4,41.90095892,-87.61992817,POINT (-87.619928173678 41.900958919109)
21385add0435ae58ddc7b57f04bea478ca17f9a48618d2069ebd95d360b3c54aae70291dc0ba31eac8bb6ff364f7cabcc017a6d32725881b86dfd75bd1038964,,,4/1/2022 23:50,35,NO CONTROLS,NO CONTROLS,CLEAR,"DARKNESS, LIGHTED ROAD",FIXED OBJECT,DIVIDED - W/MEDIAN BARRIER,,STRAIGHT AND LEVEL,DRY,UNKNOWN,ON SCENE,INJURY AND / OR TOW DUE TO CRASH,,,,"OVER $1,500",4/1/2022 23:50,EQUIPMENT - VEHICLE CONDITION,NOT APPLICABLE,148,N,LAKE SHORE DR SB,114,,,,,,,1,NO INDICATION OF INJURY,0,0,0,0,0,2,0,23,6,4,41.88434876,-87.61454978,POINT (-87.614549778133 41.884348763505)
b7a46dd4666c472e8b45710a94250285be0c4b16a3270078a67df539f31c816314ae8907bae5895023636d47fed5f6c080661bf7285072c11037b8da17305954,,,4/1/2022 12:50,30,NO CONTROLS,NO CONTROLS,CLEAR,DAYLIGHT,SIDESWIPE SAME DIRECTION,NOT DIVIDED,,STRAIGHT AND LEVEL,DRY,NO DEFECTS,NOT ON SCENE (DESK REPORT),NO INJURY / DRIVE AWAY,Y,,,"OVER $1,500",4/1/2022 13:20,UNABLE TO DETERMINE,NOT APPLICABLE,1508,N,KEDZIE AVE,1422,,,,,,,2,NO INDICATION OF INJURY,0,0,0,0,0,2,0,12,6,4,41.90860196,-87.70711656,POINT (-87.707116560403 41.90860195537)
82ba1c84e6ee82d9b3cc6dd89470bca9ef2e4a835872657fa7c2c43fea00724cf28271dc31895141963de4baa175897bb6b1af75c3378dadacdb2e956a90b236,,,4/1/2022 17:50,30,NO CONTROLS,NO CONTROLS,CLEAR,DAYLIGHT,PARKED MOTOR VEHICLE,ONE-WAY,,STRAIGHT AND LEVEL,DRY,NO DEFECTS,ON SCENE,INJURY AND / OR TOW DUE TO CRASH,,,,"OVER $1,500",4/1/2022 17:50,UNABLE TO DETERMINE,UNABLE TO DETERMINE,2429,S,CHRISTIANA AVE,1024,,,,,,,2,NONINCAPACITATING INJURY,1,0,0,1,0,0,0,17,6,4,41.84721535,-87.7086245,POINT (-87.708624499599 41.847215345717)
ed28d145d632753a1d32a5f69cb522a9d4fb9863f1f824408cfd7a42088e8b96f5c5d15ab365c8e55dbc783764a9971e238cd843f82c09574bb3b4ea201e7c46,,,3/28/2022 11:58,30,NO CONTROLS,NO CONTROLS,CLEAR,DAYLIGHT,SIDESWIPE SAME DIRECTION,NOT DIVIDED,,STRAIGHT AND LEVEL,DRY,NO DEFECTS,NOT ON SCENE (DESK REPORT),INJURY AND / OR TOW DUE TO CRASH,Y,,,"OVER $1,500",3/28/2022 12:17,UNABLE TO DETERMINE,UNABLE TO DETERMINE,4532,W,HARRISON ST,1131,,,,,,,2,"REPORTED, NOT EVIDENT",2,0,0,0,2,0,0,11,2,3,41.87338058,-87.73898498,POINT (-87.738984984173 41.873380578592)
c4615d36390b4533b1af3decb16fef938d81061971b7f8fb3985cc599bd357aa6d67b7c61151913b5d6ef4d371034923589fd20d29a58b4cc98034f8977add33,,,4/1/2022 9:25,25,NO CONTROLS,NO CONTROLS,CLEAR,DAYLIGHT,OTHER OBJECT,OTHER,,STRAIGHT AND LEVEL,DRY,NO DEFECTS,ON SCENE,INJURY AND / OR TOW DUE TO CRASH,,Y,,"OVER $1,500",4/1/2022 10:00,PHYSICAL CONDITION OF DRIVER,PHYSICAL CONDITION OF DRIVER,4554,S,COTTAGE GROVE AVE,221,,,,,,,1,INCAPACITATING INJURY,1,0,1,0,0,0,0,9,6,4,41.81155639,-87.60675543,POINT (-87.606755431898 41.811556388646)
173cd222be5102343d1b101011765d2182894f8c26a29574cd92b1b79c1caaa9b4c59cca372c9b71e6e2609b271c64e2b354096254085eab40b808cc87baa668,,,3/31/2022 20:32,30,UNKNOWN,UNKNOWN,CLEAR,"DARKNESS, LIGHTED ROAD",PARKED MOTOR VEHICLE,OTHER,,STRAIGHT AND LEVEL,DRY,UNKNOWN,ON SCENE,INJURY AND / OR TOW DUE TO CRASH,,,Y,"OVER $1,500",3/31/2022 20:32,UNABLE TO DETERMINE,UNABLE TO DETERMINE,2115,N,MELVINA AVE,2512,,,,,,,2,NO INDICATION OF INJURY,0,0,0,0,0,1,0,20,5,3,41.91838496,-87.78025595,POINT (-87.780255952377 41.918384956569)
9ade70fb916262ada094ed074b9395635590bc868131fd97ae731eee362332b561834a7c616df26ec9fa5a9082b8c7c5f11070201d69014d0947f62952f1319b,,Y,3/31/2022 11:00,30,UNKNOWN,UNKNOWN,UNKNOWN,UNKNOWN,PARKED MOTOR VEHICLE,UNKNOWN,,STRAIGHT AND LEVEL,UNKNOWN,UNKNOWN,NOT ON SCENE (DESK REPORT),NO INJURY / DRIVE AWAY,,,Y,"OVER $1,500",4/1/2022 10:45,UNABLE TO DETERMINE,UNABLE TO DETERMINE,3522,W,BEACH AVE,1422,,,,,,,2,NO INDICATION OF INJURY,0,0,0,0,0,1,0,11,5,3,41.90739792,-87.71522814,POINT (-87.715228137807 41.907397919658)
70cecccf449dff9f69ca995c08163e99885c2e2a84155f5302f1e627647d7e2a3d1ee3a6a98943fb09c4c6cfb73e31aef5fcf02d2bafc1b731e246385685ae55,JF193634,,3/26/2022 18:46,15,NO CONTROLS,NO CONTROLS,CLEAR,DAYLIGHT,FIXED OBJECT,OTHER,,STRAIGHT AND LEVEL,DRY,NO DEFECTS,ON SCENE,NO INJURY / DRIVE AWAY,,,Y,"OVER $1,500",4/1/2022 12:20,UNABLE TO DETERMINE,UNABLE TO DETERMINE,2501,W,ADDISON ST,1921,,,,,,,1,NO INDICATION OF INJURY,0,0,0,0,0,2,0,18,7,3,41.94661693,-87.69105603,POINT (-87.691056027306 41.946616932302)
67b22ac1973d56f208c64fd6c2847a7d5a3a04f5496ac2419d7fbf276ff6f4f1e8334ecd4b5e3d62dcba21c0fc11bd8f35fd864c0b50068782a8900f244cb0f1,,,3/31/2022 15:23,30,STOP SIGN/FLASHER,FUNCTIONING PROPERLY,CLEAR,DAYLIGHT,TURNING,FOUR WAY,,STRAIGHT AND LEVEL,DRY,NO DEFECTS,ON SCENE,INJURY AND / OR TOW DUE TO CRASH,N,,,"OVER $1,500",3/31/2022 15:23,FAILING TO YIELD RIGHT-OF-WAY,UNABLE TO DETERMINE,2303,N,WESTERN AVE,1432,,,,,,,3,NONINCAPACITATING INJURY,1,0,0,1,0,2,0,15,5,3,41.92341512,-87.6874513,POINT (-87.687451302312 41.923415116521)
ef01d1f1558a77ade37d38a7d31c9c35fb9a0da88b33d1914fdebf1126e88ab6a284b85091163e360e03418f5ef1227518f257820823b67964d1c0358dc35285,,,4/1/2022 11:45,30,STOP SIGN/FLASHER,FUNCTIONING PROPERLY,CLEAR,DAYLIGHT,REAR END,NOT DIVIDED,,STRAIGHT AND LEVEL,DRY,NO DEFECTS,NOT ON SCENE (DESK REPORT),NO INJURY / DRIVE AWAY,,,,"OVER $1,500",4/1/2022 12:21,UNABLE TO DETERMINE,NOT APPLICABLE,2100,S,ROCKWELL ST,1023,,,,,,,2,NO INDICATION OF INJURY,0,0,0,0,0,2,0,11,6,4,41.85377131,-87.69074388,POINT (-87.690743881371 41.853771311338)