CRASH_RECORD_ID,RD_NO,CRASH_DATE_EST_I,CRASH_DATE,POSTED_SPEED_LIMIT,TRAFFIC_CONTROL_DEVICE,DEVICE_CONDITION,WEATHER_CONDITION,LIGHTING_CONDITION,FIRST_CRASH_TYPE,TRAFFICWAY_TYPE,LANE_CNT,ALIGNMENT,ROADWAY_SURFACE_COND,ROAD_DEFECT,REPORT_TYPE,CRASH_TYPE,INTERSECTION_RELATED_I,NOT_RIGHT_OF_WAY_I,HIT_AND_RUN_I,DAMAGE,DATE_POLICE_NOTIFIED,PRIM_CONTRIBUTORY_CAUSE,SEC_CONTRIBUTORY_CAUSE,STREET_NO,STREET_DIRECTION,STREET_NAME,BEAT_OF_OCCURRENCE,PHOTOS_TAKEN_I,STATEMENTS_TAKEN_I,DOORING_I,WORK_ZONE_I,WORK_ZONE_TYPE,WORKERS_PRESENT_I,NUM_UNITS,MOST_SEVERE_INJURY,INJURIES_TOTAL,INJURIES_FATAL,INJURIES_INCAPACITATING,INJURIES_NON_INCAPACITATING,INJURIES_REPORTED_NOT_EVIDENT,INJURIES_NO_INDICATION,INJURIES_UNKNOWN,CRASH_HOUR,CRASH_DAY_OF_WEEK,CRASH_MONTH,LATITUDE,LONGITUDE,LOCATION
b85886b61b8ef2f3533140bd0bca4d5956ee5569d5cc4b3f061cca15ff68c20e274f5fe693fb565f0104a2d0730bd980432f1c628a822d706da683f6d73b507a,,,3/31/2022 11:15,30,NO CONTROLS,NO CONTROLS,RAIN,DAYLIGHT,OTHER OBJECT,DIVIDED - W/MEDIAN BARRIER,,"CURVE, LEVEL",WET,NO DEFECTS,NOT ON SCENE (DESK REPORT),NO INJURY / DRIVE AWAY,,,,"$501 - $1,500",3/31/2022 12:15,NOT APPLICABLE,NOT APPLICABLE,990,N,LAKE SHORE DR,1833,,,,,,,1,NO INDICATION OF INJURY,0,0,0,0,0,1,0,11,5,3,41.90073327,-87.61985708,POINT (-87.619857077544 41.900733268826)
80bf7d54b93640cee515e8dc98b2c5400e0c2e839427efdc8cbc98e5eabcf7b39be1c7ed87ff6361367a0269182b1f8f1fb81df8cc312363883de3f0540d15b3,JF177886,,3/18/2022 6:39,30,TRAFFIC SIGNAL,FUNCTIONING PROPERLY,CLEAR,DAYLIGHT,REAR END,DIVIDED - W/MEDIAN (NOT RAISED),,STRAIGHT AND LEVEL,DRY,NO DEFECTS,ON SCENE,NO INJURY / DRIVE AWAY,,,,"$501 - $1,500",3/18/2022 6:45,FOLLOWING TOO CLOSELY,FOLLOWING TOO CLOSELY,2401,N,ASHLAND AVE,1932,,,,,,,2,NO INDICATION OF INJURY,0,0,0,0,0,2,0,6,6,3,41.92519975,-87.6680005,POINT (-87.668000503026 41.925199752469)
c148bcdfe6562cd780c5ae8829a1013ea7c34e3f3899b89a21c2faf949182b67aa96ffb6963db13e2a9143850093c7d787be98266a41a6948465b71fd3775339,,,4/1/2022 19:00,30,TRAFFIC SIGNAL,FUNCTIONING PROPERLY,CLEAR,"DARKNESS, LIGHTED ROAD",TURNING,DIVIDED - W/MEDIAN (NOT RAISED),,STRAIGHT AND LEVEL,DRY,UNKNOWN,NOT ON SCENE (DESK REPORT),NO INJURY / DRIVE AWAY,,,,"OVER $1,500",4/1/2022 20:00,UNABLE TO DETERMINE,UNABLE TO DETERMINE,3200,N,NARRAGANSETT AVE,1632,,,,,,,2,NO INDICATION OF INJURY,0,0,0,0,0,2,0,19,6,4,41.93834049,-87.78618718,POINT (-87.786187176686 41.938340490413)
a7f3a6adde029ddeae17a471cfd150c9ea920984f56a369e65a611b9606f99e3f060206a0c86cae1ac53fe6da973ffa3d4e7cf36ae9510442e88bb1caca98bee,,,4/1/2022 16:35,30,NO CONTROLS,NO CONTROLS,CLEAR,DAYLIGHT,SIDESWIPE SAME DIRECTION,NOT DIVIDED,,STRAIGHT AND LEVEL,DRY,NO DEFECTS,NOT ON SCENE (DESK REPORT),NO INJURY / DRIVE AWAY,,,,"$501 - $1,500",4/1/2022 17:39,UNABLE TO DETERMINE,UNABLE TO DETERMINE,928,N,LAKE SHORE DR SB,1833,,,,,,,2,NO INDICATION OF INJURY,0,0,0,0,0,2,0,16,6,4,41.90008102,-87.61921372,POINT (-87.619213715076 41.900081019061)
b22ae66be67368879e5ee0b5678d3d6055760718ee340b368bd9974d9e8ccbeb6dfa6197903616309612acbff71f2cf3700a0cb9b22fe9546be81849abeb3344,,,3/31/2022 13:15,30,NO CONTROLS,NO CONTROLS,CLEAR,DAYLIGHT,REAR END,NOT DIVIDED,,STRAIGHT AND LEVEL,DRY,NO DEFECTS,NOT ON SCENE (DESK REPORT),NO INJURY / DRIVE AWAY,,,,"OVER $1,500",3/31/2022 16:46,FOLLOWING TOO CLOSELY,FOLLOWING TOO CLOSELY,4638,W,47TH ST,815,,,,,,,2,NO INDICATION OF INJURY,0,0,0,0,0,2,0,13,5,3,41.80777235,-87.73997543,POINT (-87.739975430657 41.807772345916)
dd165e1c6d612579817b9b7662ac5b5dc7b6f81b1446f5369578c47ab4fa292843057bc20a88c31083878832b211c35aff736fcd17b51e5a922e113d19b3d547,,,3/31/2022 12:32,30,TRAFFIC SIGNAL,FUNCTIONING PROPERLY,SNOW,DAYLIGHT,TURNING,NOT DIVIDED,,STRAIGHT AND LEVEL,WET,UNKNOWN,NOT ON SCENE (DESK REPORT),NO INJURY / DRIVE AWAY,Y,,,"OVER $1,500",3/31/2022 12:33,DISREGARDING TRAFFIC SIGNALS,NOT APPLICABLE,830,N,MILWAUKEE AVE,1213,,,,,,,2,NO INDICATION OF INJURY,0,0,0,0,0,2,0,12,5,3,41.89691824,-87.65668624,POINT (-87.656686241843 41.896918237041)
30ad07f011fdd88a7f5243369ca3e69a08944cb43dc98442792ddf4ea6e255a73aa84e85362e7d43e3c2813a6254bb7061f72d47c8f800af9f86e1b724dcd90a,,,3/31/2022 18:50,30,NO CONTROLS,NO CONTROLS,CLEAR,DAYLIGHT,SIDESWIPE SAME DIRECTION,NOT DIVIDED,,STRAIGHT AND LEVEL,DRY,NO DEFECTS,NOT ON SCENE (DESK REPORT),NO INJURY / DRIVE AWAY,,,,"$501 - $1,500",3/31/2022 19:21,NOT APPLICABLE,NOT APPLICABLE,6600,S,KEDZIE AVE,831,,,,,,,2,NO INDICATION OF INJURY,0,0,0,0,0,4,0,18,5,3,41.77345339,-87.70315684,POINT (-87.703156834596 41.77345338842)
5f2e50a0af3f3c56b0d9695dbdc39e2c8d2d531f810028434750a6d3d0996005530dbc26c6739ebf37acae6430b9085822f8e3599014b72ff88bfcd844260c07,,,4/1/2022 18:00,30,TRAFFIC SIGNAL,FUNCTIONING PROPERLY,CLEAR,DAYLIGHT,REAR END,NOT DIVIDED,,STRAIGHT AND LEVEL,DRY,NO DEFECTS,NOT ON SCENE (DESK REPORT),INJURY AND / OR TOW DUE TO CRASH,,,,"OVER $1,500",4/1/2022 18:35,UNABLE TO DETERMINE,NOT APPLICABLE,2556,W,FULLERTON AVE,1431,,,,,,,2,NO INDICATION OF INJURY,0,0,0,0,0,2,0,18,6,4,41.92496522,-87.69240092,POINT (-87.692400919174 41.924965223754)
76043b6210ee4f4de9626a154693949f99a2b88eda2d368e85c782f74493faaa80370e1d9421190c1bbdcbff8c84b49c07f6d79826ee9de8829e080fa69e9bbc,,,3/29/2022 12:40,30,STOP SIGN/FLASHER,FUNCTIONING PROPERLY,CLEAR,DAYLIGHT,ANGLE,T-INTERSECTION,,STRAIGHT AND LEVEL,DRY,NO DEFECTS,ON SCENE,NO INJURY / DRIVE AWAY,Y,,,"OVER $1,500",3/29/2022 14:23,FAILING TO YIELD RIGHT-OF-WAY,DRIVING SKILLS/KNOWLEDGE/EXPERIENCE,5301,W,LEXINGTON ST,1522,,,,,,,2,NO INDICATION OF INJURY,0,0,0,0,0,4,0,12,3,3,41.87090822,-87.75742782,POINT (-87.757427819415 41.870908219163)
cb0834f0634f70d0851a49226114bf35bb19b008ec5dce78163c51c8fcb06985a43586f690c7822c11dd93df620be8f9f40eb1af39b85042ef77539949db1b40,,,3/31/2022 21:46,30,NO CONTROLS,NO CONTROLS,CLEAR,"DARKNESS, LIGHTED ROAD",PARKED MOTOR VEHICLE,ONE-WAY,,STRAIGHT ON GRADE,DRY,NO DEFECTS,ON SCENE,INJURY AND / OR TOW DUE TO CRASH,,,,"$501 - $1,500",3/31/2022 21:46,UNABLE TO DETERMINE,NOT APPLICABLE,3837,W,64TH PL,823,,,,,,,2,NONINCAPACITATING INJURY,1,0,0,1,0,0,0,21,5,3,41.77586113,-87.71927455,POINT (-87.719274552859 41.775861129318)
50723bc88b993ec920b3bf5554e2fd297b98b740353407a06802a63a29748a24e0a081d1aa78e90c7dc266be6faca4d4bd7a5d6b915223a4cec0aacde97df8e6,JF171588,,3/11/2022 5:50,30,STOP SIGN/FLASHER,FUNCTIONING PROPERLY,SNOW,DAWN,TURNING,DIVIDED - W/MEDIAN (NOT RAISED),,STRAIGHT AND LEVEL,SNOW OR SLUSH,NO DEFECTS,NOT ON SCENE (DESK REPORT),INJURY AND / OR TOW DUE TO CRASH,Y,,,"OVER $1,500",3/12/2022 14:55,WEATHER,UNABLE TO DETERMINE,9100,S,BEVERLY AVE,2221,,,,,,,2,NO INDICATION OF INJURY,0,0,0,0,0,2,0,5,6,3,41.72833158,-87.66709311,POINT (-87.667093113918 41.728331583415)
e3d3cf05b3186631cae41ef7ad0bd1898c1f23f4be55e49a49dca2050b3de05d5a931040222ece2e6cb9fb6b3805768d1c0b7ef837ad2fa255a534a2af516c30,,,4/1/2022 17:20,35,TRAFFIC SIGNAL,FUNCTIONING PROPERLY,CLEAR,DAYLIGHT,REAR END,DIVIDED - W/MEDIAN (NOT RAISED),,STRAIGHT AND LEVEL,DRY,NO DEFECTS,NOT ON SCENE (DESK REPORT),NO INJURY / DRIVE AWAY,,,Y,"OVER $1,500",4/1/2022 18:00,FOLLOWING TOO CLOSELY,UNABLE TO DETERMINE,8700,S,LAFAYETTE AVE,634,,,,,,,2,NO INDICATION OF INJURY,0,0,0,0,0,2,0,17,6,4,41.73616511,-87.62558757,POINT (-87.625587568999 41.736165110086)
50b8b43db301c4fa54b77fdfb38388ff87fbd81dc97539b88132074a353c0456bc6eb5e41f2f54807fce155dec4fcc5a0216a8f92b011826d5a1b777a6b35603,JF170043,Y,3/11/2022 4:30,30,NO CONTROLS,NO CONTROLS,SNOW,UNKNOWN,PARKED MOTOR VEHICLE,NOT DIVIDED,,STRAIGHT AND LEVEL,SNOW OR SLUSH,NO DEFECTS,ON SCENE,INJURY AND / OR TOW DUE TO CRASH,,,Y,"OVER $1,500",3/11/2022 6:19,UNABLE TO DETERMINE,UNABLE TO DETERMINE,5625,W,LAWRENCE AVE,1622,,,,,,,3,NO INDICATION OF INJURY,0,0,0,0,0,1,0,4,6,3,41.96766096,-87.76847917,POINT (-87.768479168566 41.967660959158)
a0d61b77aa43cf9de63dae302f230c8f0f15f7d114a15cda9e3e37e34665ec4d705c9ed5e670995d36e31cf80cdc22cddfc5c1e359783e280136ee0f1532a290,,,4/1/2022 17:45,30,NO CONTROLS,NO CONTROLS,CLEAR,DAYLIGHT,REAR END,DIVIDED - W/MEDIAN (NOT RAISED),,STRAIGHT AND LEVEL,DRY,NO DEFECTS,ON SCENE,NO INJURY / DRIVE AWAY,,,Y,"$501 - $1,500",4/1/2022 17:52,IMPROPER OVERTAKING/PASSING,NOT APPLICABLE,5831,W,NORTH AVE,2531,,,,,,,5,NO INDICATION OF INJURY,0,0,0,0,0,7,0,17,6,4,41.90919027,-87.77194139,POINT (-87.771941390834 41.909190267157)
e4a6e3c72ef77e1e98313f064fbb74e2cf0780961e783810638fbcc699a123ecb5192b3923bf7d9edde212f054d7f75ab37436f00dba162e47608e43d226cfc4,,,4/1/2022 16:10,30,TRAFFIC SIGNAL,FUNCTIONING PROPERLY,CLEAR,DAYLIGHT,REAR END,NOT DIVIDED,,STRAIGHT AND LEVEL,DRY,NO DEFECTS,NOT ON SCENE (DESK REPORT),INJURY AND / OR TOW DUE TO CRASH,Y,,,"OVER $1,500",4/1/2022 17:15,UNABLE TO DETERMINE,NOT APPLICABLE,2829,N,CENTRAL PARK AVE,1412,,,,,,,2,"REPORTED, NOT EVIDENT",1,0,0,0,1,2,0,16,6,4,41.93278426,-87.71706554,POINT (-87.717065542004 41.93278425995)
fd8e9525accf86b073650c288bd2f63655dd0ec6c7665d77dbe015338404ea9d1c4b18d09e3fa694d8c1012b98f8efc909cfa442674cfc99ced0d0762080a028,,,3/31/2022 19:45,30,TRAFFIC SIGNAL,FUNCTIONING PROPERLY,RAIN,DARKNESS,TURNING,DIVIDED - W/MEDIAN (NOT RAISED),,STRAIGHT AND LEVEL,WET,NO DEFECTS,ON SCENE,INJURY AND / OR TOW DUE TO CRASH,Y,,,"OVER $1,500",3/31/2022 20:00,FAILING TO YIELD RIGHT-OF-WAY,UNABLE TO DETERMINE,2399,W,MONTROSE AVE,1911,,,,,,,2,NONINCAPACITATING INJURY,1,0,0,1,0,1,0,19,5,3,41.96120396,-87.68861954,POINT (-87.68861953679 41.961203961995)
8f7504285d00e2fd88b29d5604e5adc6ba4170dd1c01f47de09ae88e4c0c7d28408f53705961e25f1cf28658074ba4bbf3e595064ea2404868779765206de5e6,,,4/1/2022 14:15,30,NO CONTROLS,NO CONTROLS,CLEAR,DAYLIGHT,REAR END,NOT DIVIDED,,STRAIGHT AND LEVEL,DRY,NO DEFECTS,NOT ON SCENE (DESK REPORT),NO INJURY / DRIVE AWAY,,,Y,"OVER $1,500",4/1/2022 16:55,UNABLE TO DETERMINE,NOT APPLICABLE,1800,W,CHICAGO AVE,1212,,,,,,,2,NO INDICATION OF INJURY,0,0,0,0,0,4,0,14,6,4,41.89609935,-87.6722986,POINT (-87.672298596352 41.896099352811)
65f3fbb0f5f62a336d255ad9f6210aa7404c9f30ead00b49ed1716bb9c289bac35353cff639780371efb969d23c6dac905a38450d9025dacb6601bf9e2b25b07,,,4/1/2022 10:28,30,NO CONTROLS,NO CONTROLS,CLEAR,DAYLIGHT,TURNING,NOT DIVIDED,,STRAIGHT AND LEVEL,DRY,NO DEFECTS,ON SCENE,NO INJURY / DRIVE AWAY,Y,,,"OVER $1,500",4/1/2022 11:04,FAILING TO YIELD RIGHT-OF-WAY,IMPROPER TURNING/NO SIGNAL,498,W,47TH ST,925,,,,,,,2,NO INDICATION OF INJURY,0,0,0,0,0,2,0,10,6,4,41.80911154,-87.63817072,POINT (-87.63817072034 41.80911153711)
e4e68d8795471234c8f5eec8ece065a7c72c272e6ff51b717777a9b0192e154314b0acbd459e00c737fc527324151a47ba58e819171080fd217bc47686cfc2d3,,,4/1/2022 18:37,30,NO CONTROLS,NO CONTROLS,CLEAR,DAYLIGHT,TURNING,FOUR WAY,,STRAIGHT AND LEVEL,DRY,NO DEFECTS,ON SCENE,INJURY AND / OR TOW DUE TO CRASH,Y,,Y,"OVER $1,500",4/1/2022 18:37,FAILING TO YIELD RIGHT-OF-WAY,IMPROPER TURNING/NO SIGNAL,10300,S,INDIANA AVE,512,,,,,,,2,"REPORTED, NOT EVIDENT",1,0,0,0,1,1,0,18,6,4,41.7071916,-87.61878787,POINT (-87.618787866047 41.707191596525)
aee73425a0f401124b48066d2a9eefda765dc8506a9f69c30236d14196bf9a56c7e54da5588ff10af64ca15e83a4363448fb7ee2141893f7e5c37e97a5529aea,,,4/1/2022 9:05,30,TRAFFIC SIGNAL,FUNCTIONING PROPERLY,CLEAR,DAYLIGHT,TURNING,FOUR WAY,,STRAIGHT AND LEVEL,DRY,NO DEFECTS,ON SCENE,INJURY AND / OR TOW DUE TO CRASH,Y,,,"OVER $1,500",4/1/2022 9:13,FAILING TO YIELD RIGHT-OF-WAY,UNABLE TO DETERMINE,2599,N,CALIFORNIA AVE,1411,,,,,,,2,NO INDICATION OF INJURY,0,0,0,0,0,2,0,9,6,4,41.92870325,-87.69737524,POINT (-87.697375237322 41.928703249202)
1a083256b3bf22fe21f14c09bd0239c5bd5ae07dce4f4300a56ae0692a7f54b6228ae2551d4056abce589f1ceb77d5dc64f3d3d4a051bd1c78f7a185e96ca6f1,,,3/31/2022 17:00,30,NO CONTROLS,NO CONTROLS,CLEAR,DAYLIGHT,REAR END,NOT DIVIDED,,STRAIGHT AND LEVEL,DRY,NO DEFECTS,NOT ON SCENE (DESK REPORT),NO INJURY / DRIVE AWAY,,,,"OVER $1,500",3/31/2022 17:30,UNABLE TO DETERMINE,NOT APPLICABLE,2200,W,DIVISION ST,1424,,,,,,,3,NO INDICATION OF INJURY,0,0,0,0,0,6,0,17,5,3,41.90321542,-87.68220337,POINT (-87.682203365406 41.903215424236)
8d15f09d5605b2d664652c43d82c55d4ef937cc89d1f8f7acf681171a33765e32a6746385b006eefbc61e2e34994e8f9b22cae9a3d6a7bf6416494e2fa60bce4,JF193020,,3/23/2022 6:30,30,NO CONTROLS,NO CONTROLS,UNKNOWN,DAYLIGHT,PARKED MOTOR VEHICLE,NOT DIVIDED,,STRAIGHT AND LEVEL,UNKNOWN,UNKNOWN,NOT ON SCENE (DESK REPORT),NO INJURY / DRIVE AWAY,,,Y,"OVER $1,500",3/31/2022 20:25,UNABLE TO DETERMINE,UNABLE TO DETERMINE,5654,W,PENSACOLA AVE,1624,,,,,,,3,NO INDICATION OF INJURY,0,0,0,0,0,1,0,6,4,3,41.95965298,-87.76938746,POINT (-87.769387461602 41.959652980087)
a4c3d74b7b4c9123305d2cd0524902e049cf6c379abe60e20233523097a10f5b9ded522903e21db3cf4210f8272ceea655b02ce67a9e4c7ffa33d76e82d30c26,,,3/31/2022 23:00,30,NO CONTROLS,NO CONTROLS,SNOW,"DARKNESS, LIGHTED ROAD",REAR END,NOT DIVIDED,,STRAIGHT AND LEVEL,SNOW OR SLUSH,NO DEFECTS,NOT ON SCENE (DESK REPORT),NO INJURY / DRIVE AWAY,,,,"OVER $1,500",4/1/2022 9:49,UNABLE TO DETERMINE,NOT APPLICABLE,700,N,HAMLIN AVE,1112,,,,,,,2,NO INDICATION OF INJURY,0,0,0,0,0,2,0,23,5,3,41.89366949,-87.72128471,POINT (-87.721284705624 41.893669484622)
1e19455c3a3b925b244395ca491770c18410448092679e251d6f1cf92275a358ab02c265fdf52f2a2492c075648287c0c26c51792142c9ecdc4de81414306a0b,,,4/1/2022 9:36,30,NO CONTROLS,NO CONTROLS,CLEAR,DAYLIGHT,TURNING,DIVIDED - W/MEDIAN BARRIER,,STRAIGHT AND LEVEL,DRY,NO DEFECTS,ON SCENE,INJURY AND / OR TOW DUE TO CRASH,,,,"OVER $1,500",4/1/2022 9:38,IMPROPER TURNING/NO SIGNAL,UNABLE TO DETERMINE,4743,W,GRAND AVE,2533,,Y,,,,,2,"REPORTED, NOT EVIDENT",1,0,0,0,1,1,0,9,6,4,41.91342997,-87.7450697,POINT (-87.745069699308 41.913429972539)
6fcb2297e09bdc0e01ddaf5a035b17b902fb16f110f6ab1ea3cb8f949d97422c2aa27809d47a99b714cee2dde316d6eaf1177e2f54be36a1f25397c267e6e67e,,,4/1/2022 17:00,10,NO CONTROLS,NO CONTROLS,CLEAR,DAYLIGHT,TURNING,PARKING LOT,,STRAIGHT AND LEVEL,DRY,NO DEFECTS,NOT ON SCENE (DESK REPORT),NO INJURY / DRIVE AWAY,,Y,Y,"OVER $1,500",4/1/2022 18:00,UNABLE TO DETERMINE,UNABLE TO DETERMINE,4817,W,FULLERTON AVE,2522,,,,,,,2,NO INDICATION OF INJURY,0,0,0,0,0,4,0,17,6,4,41.92411902,-87.74703214,POINT (-87.747032136012 41.924119024175)
c0238bea9ef04471e02916eeec604ab819fea8beba33ddc17e2d5c45e120c27a36676d2633ada4a24be2471bf2c49454e57a134e46d4be011deb761474ede8ee,JF186423,Y,3/25/2022 15:50,15,NO CONTROLS,NO CONTROLS,RAIN,DAYLIGHT,REAR TO SIDE,PARKING LOT,,STRAIGHT AND LEVEL,WET,NO DEFECTS,ON SCENE,INJURY AND / OR TOW DUE TO CRASH,,Y,,"$501 - $1,500",3/25/2022 16:12,UNABLE TO DETERMINE,UNABLE TO DETERMINE,726,E,87TH ST,632,,,,,,,2,NONINCAPACITATING INJURY,1,0,0,1,0,1,0,15,6,3,41.73673978,-87.60619323,POINT (-87.606193231031 41.736739783362)
00023acd203f92a65c14e74dc6f76028b8192fd51742157b0d851c43fd2ad9b1b1daa3dcf9c966a32ff45e067223f3b0242cb1984630e4290bd9bf02984218c4,JF162979,,3/4/2022 10:30,30,NO CONTROLS,NO CONTROLS,CLEAR,DAYLIGHT,SIDESWIPE SAME DIRECTION,NOT DIVIDED,,STRAIGHT AND LEVEL,DRY,NO DEFECTS,NOT ON SCENE (DESK REPORT),NO INJURY / DRIVE AWAY,,,,"$501 - $1,500",3/4/2022 11:54,FAILING TO YIELD RIGHT-OF-WAY,IMPROPER OVERTAKING/PASSING,5550,S,PULASKI RD,813,,,,,,,2,NO INDICATION OF INJURY,0,0,0,0,0,2,0,10,6,3,41.79168409,-87.72326329,POINT (-87.723263286465 41.791684086426)
837fcd4cb40bea81d1a65379ee5831a1e454c7d6bc4f38089c6d5b7e49cbcb9a4051f06a9fedd5098c38d2d0cb067cd0256471655d3265c19a8b2c236ad7de9a,,,4/1/2022 17:30,30,NO CONTROLS,NO CONTROLS,CLEAR,DAYLIGHT,PARKED MOTOR VEHICLE,NOT DIVIDED,,STRAIGHT AND LEVEL,DRY,NO DEFECTS,NOT ON SCENE (DESK REPORT),NO INJURY / DRIVE AWAY,,,,"OVER $1,500",4/1/2022 18:59,DRIVING SKILLS/KNOWLEDGE/EXPERIENCE,UNABLE TO DETERMINE,5600,S,STONY ISLAND AVE,235,,,,,,,2,NO INDICATION OF INJURY,0,0,0,0,0,1,0,17,6,4,41.79329572,-87.58678834,POINT (-87.586788336813 41.793295722397)
d7f50c43f30aabc47fb6032f8645ff028db391e81373229886feed674ba99c7b89469d0d9c42f7353afeb74c5fecd398617b13bff25b6942f2283f46c9563fbe,,,4/1/2022 8:25,30,NO CONTROLS,NO CONTROLS,CLEAR,DAYLIGHT,TURNING,DIVIDED - W/MEDIAN (NOT RAISED),,STRAIGHT AND LEVEL,DRY,NO DEFECTS,ON SCENE,NO INJURY / DRIVE AWAY,,,,"OVER $1,500",4/1/2022 8:32,UNABLE TO DETERMINE,UNABLE TO DETERMINE,2499,N,PULASKI RD,2524,,,,,,,2,NO INDICATION OF INJURY,0,0,0,0,0,2,0,8,6,4,41.92623123,-87.72667315,POINT (-87.726673147218 41.926231230531)
129aa95fd6729b8ff6fc9306147e353068dd66089cb986817e6fde619daad990cefbf938da57cbc1b7ac46c2472e0c5cf261d0b45689358078238c1c6221fd8d,,,3/30/2022 16:55,30,NO CONTROLS,NO CONTROLS,RAIN,DAYLIGHT,REAR END,NOT DIVIDED,,STRAIGHT AND LEVEL,WET,NO DEFECTS,NOT ON SCENE (DESK REPORT),NO INJURY / DRIVE AWAY,,,,"$501 - $1,500",3/30/2022 17:59,NOT APPLICABLE,NOT APPLICABLE,7950,S,KEDZIE AVE,834,,,,,,,2,NO INDICATION OF INJURY,0,0,0,0,0,2,0,16,4,3,41.74822517,-87.70249751,POINT (-87.702497508946 41.748225167262)
ced88a5411c65fabd93dbba1cb4aa3249f1e92c8f62eb98a119c9b8394af78b7db8d8838aaf37d937952ab4e6dd11bf7886d2e5e6815b32e6033c04a470cb45d,,,4/1/2022 16:28,30,NO CONTROLS,NO CONTROLS,CLEAR,DAYLIGHT,SIDESWIPE SAME DIRECTION,NOT DIVIDED,,STRAIGHT AND LEVEL,DRY,NO DEFECTS,NOT ON SCENE (DESK REPORT),NO INJURY / DRIVE AWAY,,,Y,"$501 - $1,500",4/1/2022 18:15,FAILING TO YIELD RIGHT-OF-WAY,UNABLE TO DETERMINE,1454,E,HYDE PARK BLVD,222,,,,,,,2,NO INDICATION OF INJURY,0,0,0,0,0,3,0,16,6,4,41.80255795,-87.58965975,POINT (-87.589659749697 41.802557953985)
31f7d1cbad3fe52863c96cfb11a5b27cec8b23b85e062a7f4b1b58ff46f0f391f05934a2d62e2c20c567e5f9e65140eb024996de27996eaac1d539b500586606,,,3/30/2022 16:30,30,NO CONTROLS,NO CONTROLS,CLEAR,DAYLIGHT,PARKED MOTOR VEHICLE,PARKING LOT,,STRAIGHT AND LEVEL,WET,NO DEFECTS,NOT ON SCENE (DESK REPORT),NO INJURY / DRIVE AWAY,,,Y,"OVER $1,500",4/1/2022 17:50,UNABLE TO DETERMINE,NOT APPLICABLE,2959,W,47TH ST,922,,,,,,,2,NO INDICATION OF INJURY,0,0,0,0,0,1,0,16,4,3,41.80809332,-87.69894298,POINT (-87.698942980033 41.808093321373)
018ec1a39afc323d891a32e2862258fa8bea837c65aef6ff4d88ad22c07517610944e9fe2c6bb590ad3e6e8b0db6840fc173ccaf69cb24d63789f9bd0ccc74f3,JF163557,,3/4/2022 19:16,30,STOP SIGN/FLASHER,FUNCTIONING PROPERLY,CLEAR,DARKNESS,ANGLE,NOT DIVIDED,,STRAIGHT AND LEVEL,DRY,NO DEFECTS,ON SCENE,NO INJURY / DRIVE AWAY,Y,,,"OVER $1,500",3/4/2022 19:25,DRIVING SKILLS/KNOWLEDGE/EXPERIENCE,FAILING TO YIELD RIGHT-OF-WAY,3655,W,LAWRENCE AVE,1723,,,,,,,2,NO INDICATION OF INJURY,0,0,0,0,0,2,0,19,6,3,41.96821508,-87.72047612,POINT (-87.720476115251 41.968215079352)
6a5a3a49ff09d95e04779211063a625de2a3d8901e647850ebaabf1640b227ef40c69dd825ba663072eb05d81b083cf91821a0195c0fe05eed8814e6051c054b,,,4/1/2022 16:30,20,STOP SIGN/FLASHER,UNKNOWN,CLEAR,DAYLIGHT,TURNING,FOUR WAY,,STRAIGHT AND LEVEL,UNKNOWN,UNKNOWN,NOT ON SCENE (DESK REPORT),NO INJURY / DRIVE AWAY,,,Y,"OVER $1,500",4/1/2022 16:56,UNABLE TO DETERMINE,NOT APPLICABLE,2500,S,CHRISTIANA AVE,1024,,,,,,,2,NO INDICATION OF INJURY,0,0,0,0,0,4,0,16,6,4,41.8461842,-87.70888991,POINT (-87.70888991435 41.846184197343)
3c7b06895e4bff157f977f2f1db204979eca1240ffac14b911cba8633d610335a62d9720f9c26b48b1e6e4816e6a7ff915b69a032cd85d9af7f45fb519f57ffd,,,4/1/2022 19:00,30,NO CONTROLS,NO CONTROLS,CLEAR,DAYLIGHT,REAR END,NOT DIVIDED,,STRAIGHT AND LEVEL,DRY,NO DEFECTS,ON SCENE,INJURY AND / OR TOW DUE TO CRASH,,,Y,"OVER $1,500",4/1/2022 19:01,FAILING TO YIELD RIGHT-OF-WAY,NOT APPLICABLE,4700,S,WESTERN BLVD,922,,,,,,,2,INCAPACITATING INJURY,1,0,1,0,0,5,0,19,6,4,41.80836955,-87.6840194,POINT (-87.684019396719 41.808369548854)
01eb803f94bde684ec0240f1bdf702a1cf8d10374e126a622c4c0ac903b71d393d1a1cf198d3942960f33d1d737f914a3e4ff4331cb8e68cafe0a78f85329bb4,JF163634,,3/4/2022 20:50,30,TRAFFIC SIGNAL,FUNCTIONING PROPERLY,CLEAR,"DARKNESS, LIGHTED ROAD",REAR END,"FIVE POINT, OR MORE",,STRAIGHT AND LEVEL,DRY,NO DEFECTS,ON SCENE,NO INJURY / DRIVE AWAY,,,,"OVER $1,500",3/4/2022 21:34,FOLLOWING TOO CLOSELY,FAILING TO YIELD RIGHT-OF-WAY,6370,N,MILWAUKEE AVE,1611,,,,,,,2,NO INDICATION OF INJURY,0,0,0,0,0,2,0,20,6,3,41.99681181,-87.78754669,POINT (-87.787546684907 41.99681180921)