CRASH_RECORD_ID,RD_NO,CRASH_DATE_EST_I,CRASH_DATE,POSTED_SPEED_LIMIT,TRAFFIC_CONTROL_DEVICE,DEVICE_CONDITION,WEATHER_CONDITION,LIGHTING_CONDITION,FIRST_CRASH_TYPE,TRAFFICWAY_TYPE,LANE_CNT,ALIGNMENT,ROADWAY_SURFACE_COND,ROAD_DEFECT,REPORT_TYPE,CRASH_TYPE,INTERSECTION_RELATED_I,NOT_RIGHT_OF_WAY_I,HIT_AND_RUN_I,DAMAGE,DATE_POLICE_NOTIFIED,PRIM_CONTRIBUTORY_CAUSE,SEC_CONTRIBUTORY_CAUSE,STREET_NO,STREET_DIRECTION,STREET_NAME,BEAT_OF_OCCURRENCE,PHOTOS_TAKEN_I,STATEMENTS_TAKEN_I,DOORING_I,WORK_ZONE_I,WORK_ZONE_TYPE,WORKERS_PRESENT_I,NUM_UNITS,MOST_SEVERE_INJURY,INJURIES_TOTAL,INJURIES_FATAL,INJURIES_INCAPACITATING,INJURIES_NON_INCAPACITATING,INJURIES_REPORTED_NOT_EVIDENT,INJURIES_NO_INDICATION,INJURIES_UNKNOWN,CRASH_HOUR,CRASH_DAY_OF_WEEK,CRASH_MONTH,LATITUDE,LONGITUDE,LOCATION
51e6551103182afe9742b5279d21ed82695dbb8a07a4246f2c8cf5c0bbc5aec7e30e95dd0f7a822a87aec3c7db8f76ded521b7f0b83c67115cc08190641dd2bb,JF170666,,3/11/2022 16:18,30,NO CONTROLS,NO CONTROLS,CLEAR,DAYLIGHT,TURNING,NOT DIVIDED,,STRAIGHT AND LEVEL,DRY,NO DEFECTS,ON SCENE,INJURY AND / OR TOW DUE TO CRASH,,,,"OVER $1,500",3/11/2022 16:20,FAILING TO YIELD RIGHT-OF-WAY,NOT APPLICABLE,5129,N,KEDZIE AVE,1713,,,,,,,2,NO INDICATION OF INJURY,0,0,0,0,0,2,0,16,6,3,41.97484963,-87.70850954,POINT (-87.708509537005 41.974849627704)
4cada0a475a2927b308ba77a7b9e92fe574cd861c2d1e060affd76e68fc51749d386bc32f8542033eccc7ce44ad790be19c0b66cc86f7b380e8bfab46d3facc6,,,4/1/2022 21:10,30,NO CONTROLS,NO CONTROLS,CLEAR,"DARKNESS, LIGHTED ROAD",REAR END,ONE-WAY,,STRAIGHT AND LEVEL,UNKNOWN,UNKNOWN,NOT ON SCENE (DESK REPORT),NO INJURY / DRIVE AWAY,,,,"$501 - $1,500",4/1/2022 21:30,IMPROPER LANE USAGE,DRIVING SKILLS/KNOWLEDGE/EXPERIENCE,1041,N,LAWLER AVE,1531,,,,,,,2,NO INDICATION OF INJURY,0,0,0,0,0,2,0,21,6,4,41.89985233,-87.75189391,POINT (-87.751893904975 41.899852329887)
cced76174e6d8220ea4f89d3d8a338e14ddb08a7f464c1abe30c3320fb84d7ce9b8be290d56ec519b2837e13da996f0aacbae5f8dd77d2dd9acd6446763b7966,,,4/1/2022 8:30,10,NO CONTROLS,NO CONTROLS,CLEAR,DAYLIGHT,PARKED MOTOR VEHICLE,PARKING LOT,,STRAIGHT AND LEVEL,DRY,NO DEFECTS,ON SCENE,NO INJURY / DRIVE AWAY,,,Y,"OVER $1,500",4/1/2022 8:35,DRIVING SKILLS/KNOWLEDGE/EXPERIENCE,UNABLE TO DETERMINE,3425,S,DR MARTIN LUTHER KING JR DR,211,,,,,,,2,NO INDICATION OF INJURY,0,0,0,0,0,1,0,8,6,4,41.83224581,-87.61683581,POINT (-87.616835811727 41.832245812051)
524d458559007901c543d6500b050602e93cf53f680d88de9411e4b62e05a3cb677a30c3304e97db0babb20125bbd05de10a6063b56d0db0fcef3e526b5bae87,JF171259,,3/11/2022 6:01,30,NO CONTROLS,NO CONTROLS,SNOW,DAYLIGHT,PARKED MOTOR VEHICLE,NOT DIVIDED,,STRAIGHT AND LEVEL,SNOW OR SLUSH,NO DEFECTS,NOT ON SCENE (DESK REPORT),NO INJURY / DRIVE AWAY,,,N,"$501 - $1,500",3/12/2022 9:15,UNABLE TO DETERMINE,UNABLE TO DETERMINE,11855,S,ASHLAND AVE,524,,,,,,,2,NO INDICATION OF INJURY,0,0,0,0,0,2,0,6,6,3,41.67771006,-87.66121027,POINT (-87.661210268707 41.677710057769)
fc2caea85a5f126eb50cf60752348bf4f53395b7a9f7da2ce92f9bedf2f668439e0ad5e124c8abc919c87dda090c4724f197df0831f1b59ff8b75ad09a4f40b1,,,4/1/2022 8:10,30,TRAFFIC SIGNAL,NO CONTROLS,CLEAR,DAYLIGHT,REAR END,NOT DIVIDED,,STRAIGHT AND LEVEL,DRY,NO DEFECTS,NOT ON SCENE (DESK REPORT),NO INJURY / DRIVE AWAY,,,,"OVER $1,500",4/1/2022 9:15,NOT APPLICABLE,NOT APPLICABLE,755,N,CALIFORNIA AVE,1221,,,,,,,2,NO INDICATION OF INJURY,0,0,0,0,0,2,0,8,6,4,41.89548063,-87.69655013,POINT (-87.696550129206 41.895480630333)
2e7321080bbdeb66aaa244357f061a9a493c9d8822685e4b7c32dba5f315871c2c1f8f8ff92ce0d90649991fd24d473f46df8edd3613a7835020b565b3f655fc,JF193695,,3/12/2022 14:00,30,NO CONTROLS,NO CONTROLS,CLEAR,DAYLIGHT,SIDESWIPE SAME DIRECTION,NOT DIVIDED,,STRAIGHT AND LEVEL,DRY,UNKNOWN,NOT ON SCENE (DESK REPORT),NO INJURY / DRIVE AWAY,,,,"OVER $1,500",4/1/2022 14:11,FAILING TO YIELD RIGHT-OF-WAY,FAILING TO YIELD RIGHT-OF-WAY,60,E,BALBO AVE,123,,,,,,,2,NO INDICATION OF INJURY,0,0,0,0,0,2,0,14,7,3,41.87324248,-87.625696,POINT (-87.625696001047 41.873242481485)
2934f0141763dfe90c37110bda3c15abd47b065aab8cfc822e1b343b1e8512927c058dd84b818ded1eccbb1e34bc191624d1b0d8ec27d7c392f4ddd44b1500c7,,,4/2/2022 1:15,30,STOP SIGN/FLASHER,FUNCTIONING PROPERLY,CLEAR,"DARKNESS, LIGHTED ROAD",TURNING,NOT DIVIDED,,STRAIGHT AND LEVEL,DRY,NO DEFECTS,ON SCENE,NO INJURY / DRIVE AWAY,,,Y,"OVER $1,500",4/2/2022 1:18,UNABLE TO DETERMINE,NOT APPLICABLE,1200,E,73RD ST,324,,,,,,,2,NO INDICATION OF INJURY,0,0,0,0,0,3,0,1,7,4,41.76244673,-87.59570292,POINT (-87.595702923874 41.762446733454)
55edaf68ec678738b72da60a1df4d433c734f7bf08428a0312b33ebf926dad39318bf67a256dfa8bc98178490199ee9f313bad41fe5623a7c4b00eae34d57593,,,4/1/2022 22:55,35,TRAFFIC SIGNAL,FUNCTIONING PROPERLY,CLEAR,"DARKNESS, LIGHTED ROAD",TURNING,FOUR WAY,,STRAIGHT AND LEVEL,DRY,NO DEFECTS,ON SCENE,INJURY AND / OR TOW DUE TO CRASH,Y,,Y,"OVER $1,500",4/1/2022 23:01,DISREGARDING TRAFFIC SIGNALS,NOT APPLICABLE,4301,S,DR MARTIN LUTHER KING JR DR,221,,Y,,,,,2,NO INDICATION OF INJURY,0,0,0,0,0,3,0,22,6,4,41.81654679,-87.61664297,POINT (-87.616642973985 41.816546790426)
6d9c3f9deac98f7b8d3a0dd2ddc5f6d8172258c873ea3339d9587a9ada0960aca27feeda641d1933e633c48ceed9a3ba245e3c18511d9f475af3252568f6b0dd,,,4/1/2022 7:03,20,NO CONTROLS,NO CONTROLS,CLOUDY/OVERCAST,DAYLIGHT,PARKED MOTOR VEHICLE,OTHER,,STRAIGHT AND LEVEL,DRY,NO DEFECTS,,NO INJURY / DRIVE AWAY,,,,"OVER $1,500",4/1/2022 7:20,NOT APPLICABLE,NOT APPLICABLE,8016,S,MARSHFIELD AVE,611,,,,,,,2,NO INDICATION OF INJURY,0,0,0,0,0,1,0,7,6,4,41.74797252,-87.66473745,POINT (-87.664737452288 41.747972523194)
1fe3a1c3e271b5caae4e258c6698281bc07c2e4f1fa1a3767951139987d7c2d12914e4a0f875a2d06ccacef8e369217adc49e9b6ae67e86a1d0de2dfa4771927,JD248875,,5/31/2020 18:50,30,TRAFFIC SIGNAL,FUNCTIONING PROPERLY,CLEAR,DAYLIGHT,SIDESWIPE SAME DIRECTION,FOUR WAY,,STRAIGHT AND LEVEL,DRY,NO DEFECTS,,NO INJURY / DRIVE AWAY,Y,,Y,"$501 - $1,500",5/31/2020 18:55,DRIVING ON WRONG SIDE/WRONG WAY,NOT APPLICABLE,5238,W,MADISON ST,1522,,,,,,,2,NO INDICATION OF INJURY,0,0,0,0,0,3,0,18,1,5,41.88046155,-87.75666035,POINT (-87.756660349511 41.88046155348)
0f82a56b67e7b042c90602c3e5de7bb182bb21a26894fb273f35eff4e50c27cf3976544748f86875296f32f5bb1e8c0eba50470e4bad485714fc44c0975b3e31,,,4/1/2022 12:00,10,NO CONTROLS,NO CONTROLS,CLEAR,DAYLIGHT,PARKED MOTOR VEHICLE,PARKING LOT,,STRAIGHT AND LEVEL,DRY,NO DEFECTS,NOT ON SCENE (DESK REPORT),NO INJURY / DRIVE AWAY,,Y,,"OVER $1,500",4/1/2022 14:19,UNABLE TO DETERMINE,UNABLE TO DETERMINE,7500,S,STONY ISLAND AVE,411,,,,,,,2,NO INDICATION OF INJURY,0,0,0,0,0,1,0,12,6,4,41.75871547,-87.58628097,POINT (-87.586280964844 41.758715466706)
030c19b52eebf215e37b2825e34ee7a28217a146205e4285f3f0e81fb9d48b1d0260e7d767297806f38581400c1f395eedcd5a5953f0f5cc0a5742b45b728b92,JF163439,,3/4/2022 17:45,30,NO CONTROLS,NO CONTROLS,CLEAR,DUSK,ANGLE,DIVIDED - W/MEDIAN BARRIER,,STRAIGHT AND LEVEL,DRY,NO DEFECTS,ON SCENE,INJURY AND / OR TOW DUE TO CRASH,,,,"OVER $1,500",3/4/2022 17:47,UNABLE TO DETERMINE,UNABLE TO DETERMINE,6959,S,ASHLAND AVE,734,,,,,,,2,NO INDICATION OF INJURY,0,0,0,0,0,3,0,17,6,3,41.76682441,-87.66369437,POINT (-87.663694370167 41.766824405489)
be3f0866e245b94f474169a284e04f296a81414d81c9f681aa17fab3a5772194056a7ff6b44309cdb38699c8c9c110a29c3ddcee07356412d9772033b5350a09,,,3/31/2022 14:10,35,NO CONTROLS,NO CONTROLS,CLEAR,DAYLIGHT,PEDESTRIAN,NOT DIVIDED,,STRAIGHT AND LEVEL,DRY,NO DEFECTS,NOT ON SCENE (DESK REPORT),INJURY AND / OR TOW DUE TO CRASH,,,Y,$500 OR LESS,3/31/2022 14:10,UNABLE TO DETERMINE,NOT APPLICABLE,4352,W,OGDEN AVE,1013,,,,,,,2,"REPORTED, NOT EVIDENT",1,0,0,0,1,1,0,14,5,3,41.84820356,-87.73323391,POINT (-87.733233914075 41.84820355825)
f4981eed102f8d7363ab0d9007032f111ac065f533f17b4619d48a3e857d36190edad6e1a1ab745eee6ef9dcea3717c740852ffd7d2bbae574b43dd803ea4b02,,,4/1/2022 12:40,30,TRAFFIC SIGNAL,FUNCTIONING PROPERLY,CLEAR,DAYLIGHT,REAR END,NOT DIVIDED,,STRAIGHT AND LEVEL,DRY,NO DEFECTS,NOT ON SCENE (DESK REPORT),NO INJURY / DRIVE AWAY,Y,,,$500 OR LESS,4/1/2022 13:02,FOLLOWING TOO CLOSELY,UNABLE TO DETERMINE,4637,W,FOSTER AVE,1712,,,,,,,2,NO INDICATION OF INJURY,0,0,0,0,0,2,0,12,6,4,41.97526139,-87.74444595,POINT (-87.744445947639 41.975261394442)
8943233d3b02d7b9282bfe0aa5bf0f7154cd3dad86a69664575f262ecac0d03438831bd3a4a8c3aa1b306acb1d2b85791f294f2be1bfd99ca0cd5f02fd1bdba1,,,3/30/2022 16:45,20,OTHER WARNING SIGN,FUNCTIONING PROPERLY,RAIN,DAYLIGHT,REAR END,DIVIDED - W/MEDIAN (NOT RAISED),,STRAIGHT AND LEVEL,WET,NO DEFECTS,NOT ON SCENE (DESK REPORT),NO INJURY / DRIVE AWAY,,,,"$501 - $1,500",4/1/2022 11:30,FOLLOWING TOO CLOSELY,WEATHER,3536,W,47TH ST,821,,,,,,,2,NO INDICATION OF INJURY,0,0,0,0,0,2,0,16,4,3,41.80812368,-87.71233215,POINT (-87.712332147618 41.808123675353)
d4c198019ef3a4d5c97790ab043c1cfff4eb706f99dc73f4106cf1e46315d874bd372e0c7b0dc27cfac08c75e92cc50b37ff411ca6f37f0db5dc64b34f2fa7d4,,,4/1/2022 15:30,30,TRAFFIC SIGNAL,FUNCTIONING PROPERLY,CLEAR,DAYLIGHT,SIDESWIPE SAME DIRECTION,TRAFFIC ROUTE,,STRAIGHT AND LEVEL,DRY,NO DEFECTS,ON SCENE,NO INJURY / DRIVE AWAY,Y,,,"OVER $1,500",4/1/2022 15:31,DRIVING SKILLS/KNOWLEDGE/EXPERIENCE,NOT APPLICABLE,198,W,GARFIELD BLVD,225,,,,,,,3,NO INDICATION OF INJURY,0,0,0,0,0,3,0,15,6,4,41.794677,-87.63048785,POINT (-87.630487850767 41.79467700255)
5f2fa30ed5a3353e8e244def983d644372d521af21961ffad3bcf4c5cd24761b2c8527c140cf2ed572e2d2d1fa05a88cff6ca8815fdc5c7150e315eae92e89ba,,,4/1/2022 7:52,30,NO CONTROLS,NO CONTROLS,CLEAR,DAYLIGHT,TURNING,DIVIDED - W/MEDIAN (NOT RAISED),,STRAIGHT AND LEVEL,DRY,NO DEFECTS,ON SCENE,INJURY AND / OR TOW DUE TO CRASH,,,,"OVER $1,500",4/1/2022 7:53,UNABLE TO DETERMINE,UNABLE TO DETERMINE,4853,S,ARCHER AVE,821,,,,,,,2,NO INDICATION OF INJURY,0,0,0,0,0,2,0,7,6,4,41.80516796,-87.7185483,POINT (-87.718548298672 41.805167959066)
aa738e8a98a5589037728482010ab43c2420ade366b0f26dec65a83b4cbd96f2f2ed0a963e7ea187633c142337a2f6daca6ef5fbe881904ad5dab44e1af6ed84,,,4/1/2022 14:00,30,TRAFFIC SIGNAL,NO CONTROLS,CLEAR,DAYLIGHT,TURNING,FOUR WAY,,STRAIGHT AND LEVEL,DRY,NO DEFECTS,NOT ON SCENE (DESK REPORT),INJURY AND / OR TOW DUE TO CRASH,,,,"OVER $1,500",4/1/2022 16:55,FAILING TO YIELD RIGHT-OF-WAY,IMPROPER TURNING/NO SIGNAL,9500,S,STATE ST,511,,,,,,,2,NO INDICATION OF INJURY,0,0,0,0,0,2,0,14,6,4,41.72157071,-87.62387335,POINT (-87.623873353867 41.721570706446)
559ef7cf41837edcb419032ddd26baebff21c62386c182b5c04864514dbd14480ab3e53806367f5987c0c4c6a0db27bf99cad6aa389f54994380c1b1b91d7cca,,,4/1/2022 7:35,30,TRAFFIC SIGNAL,FUNCTIONING PROPERLY,CLEAR,DAYLIGHT,SIDESWIPE SAME DIRECTION,DIVIDED - W/MEDIAN (NOT RAISED),,STRAIGHT AND LEVEL,UNKNOWN,UNKNOWN,NOT ON SCENE (DESK REPORT),NO INJURY / DRIVE AWAY,,,,"OVER $1,500",4/1/2022 16:30,UNABLE TO DETERMINE,UNABLE TO DETERMINE,3610,N,AUSTIN AVE,1633,,,,,,,2,NO INDICATION OF INJURY,0,0,0,0,0,2,0,7,6,4,41.94610602,-87.77666466,POINT (-87.776664657728 41.946106018833)
43ae4046a90d5f75280aad77fcf97665fdabfd93e20699a6b5fb249cf68f020bc47c11b37d22cb3a397da5974fbc8529d63cbe9ee15958ba5f9de33abbc4a89c,,,4/1/2022 15:55,30,TRAFFIC SIGNAL,FUNCTIONING IMPROPERLY,CLEAR,DAYLIGHT,SIDESWIPE SAME DIRECTION,NOT DIVIDED,,STRAIGHT AND LEVEL,DRY,NO DEFECTS,NOT ON SCENE (DESK REPORT),NO INJURY / DRIVE AWAY,Y,,,"OVER $1,500",4/1/2022 17:20,IMPROPER LANE USAGE,UNABLE TO DETERMINE,3947,N,HARLEM AVE,1632,,,,,,,2,NO INDICATION OF INJURY,0,0,0,0,0,2,0,15,6,4,41.95215182,-87.80709883,POINT (-87.807098829423 41.95215182348)
d1c33be74ff94bb25f2bcacd57a1b82bba82fc5c27a58218c34f62543ed0f4a59516cac1b5329b790a354d87c6fed3251eb4c288d596c8a872ba5397f7c2fe45,,,4/1/2022 17:35,25,NO CONTROLS,NO CONTROLS,CLEAR,DAYLIGHT,SIDESWIPE SAME DIRECTION,NOT DIVIDED,,STRAIGHT AND LEVEL,DRY,UNKNOWN,NOT ON SCENE (DESK REPORT),NO INJURY / DRIVE AWAY,,,,"OVER $1,500",4/1/2022 21:00,"OPERATING VEHICLE IN ERRATIC, RECKLESS, CARELESS, NEGLIGENT OR AGGRESSIVE MANNER",NOT APPLICABLE,5605,N,MAJOR AVE,1622,,,,,,,2,NO INDICATION OF INJURY,0,0,0,0,0,2,0,17,6,4,41.98313197,-87.77061811,POINT (-87.770618113456 41.983131964624)
401854aba631e923f3c9c9b93775489dc8034c02f73f4bbb8ab2de50214f47d2ceb8f03269271f87f0c6b6dd3351996a241f59436ab3e0b93e4907c9432c544d,,,4/1/2022 19:30,35,STOP SIGN/FLASHER,FUNCTIONING PROPERLY,CLEAR,"DARKNESS, LIGHTED ROAD",ANGLE,NOT DIVIDED,,STRAIGHT AND LEVEL,DRY,NO DEFECTS,ON SCENE,INJURY AND / OR TOW DUE TO CRASH,Y,,,"OVER $1,500",4/1/2022 19:47,FAILING TO YIELD RIGHT-OF-WAY,NOT APPLICABLE,2235,N,MOODY AVE,2512,,,,,,,2,NO INDICATION OF INJURY,0,0,0,0,0,2,0,19,6,4,41.92118405,-87.77913224,POINT (-87.779132238749 41.921184048338)
54d013736bb52fbbb27cb6784417c7b34dae1b5a91cc66aaf2d32fadde8bd5a6933e7e949babadecb98bcf397745d93fa365c1b4e087a9908f59a6d934785492,JF170157,,3/11/2022 9:00,30,TRAFFIC SIGNAL,FUNCTIONING PROPERLY,CLEAR,DAYLIGHT,REAR END,DIVIDED - W/MEDIAN BARRIER,,STRAIGHT AND LEVEL,SNOW OR SLUSH,NO DEFECTS,ON SCENE,INJURY AND / OR TOW DUE TO CRASH,Y,,,"OVER $1,500",3/11/2022 9:08,FOLLOWING TOO CLOSELY,WEATHER,5101,W,LAWRENCE AVE,1623,,,,,,,2,NO INDICATION OF INJURY,0,0,0,0,0,2,0,9,6,3,41.967826,-87.75507177,POINT (-87.755071770704 41.967826002674)
747a6556f3693bc7b11173a09bc7bb9728c17496ffbaa0a3174eb46556e1c505d7bb8e38cbca736a9a514be67eda3035fadf1328b9b31d15752d3da06ad1ef71,,,4/1/2022 11:40,30,TRAFFIC SIGNAL,FUNCTIONING PROPERLY,CLEAR,DAYLIGHT,SIDESWIPE SAME DIRECTION,NOT DIVIDED,,STRAIGHT AND LEVEL,DRY,NO DEFECTS,ON SCENE,NO INJURY / DRIVE AWAY,,,,"$501 - $1,500",4/1/2022 11:46,UNABLE TO DETERMINE,UNABLE TO DETERMINE,4200,N,BROADWAY,1915,,,,,,,2,NO INDICATION OF INJURY,0,0,0,0,0,2,0,11,6,4,41.95848356,-87.65321449,POINT (-87.653214489169 41.958483563302)
baed793438d112a69ec47b0aaac4180b90d8b1582272f3c75d259e99434aaab32c8bbc7da772ae2eed2248dbed30948f55677f57bb12383abf8a55093b3b79c0,,,4/1/2022 16:00,30,TRAFFIC SIGNAL,FUNCTIONING PROPERLY,CLEAR,DAYLIGHT,REAR END,NOT DIVIDED,,STRAIGHT AND LEVEL,DRY,NO DEFECTS,NOT ON SCENE (DESK REPORT),NO INJURY / DRIVE AWAY,,,Y,"OVER $1,500",4/1/2022 17:45,UNABLE TO DETERMINE,UNABLE TO DETERMINE,4240,W,AUGUSTA BLVD,1111,,,,,,,3,NO INDICATION OF INJURY,0,0,0,0,0,3,0,16,6,4,41.89901937,-87.73277107,POINT (-87.732771072048 41.899019369366)
4da455ca18022024ae78caaabee8a6c9fa18900e9ff1c5d77a7733e741e697e1348c69638080a525ff16febf5fb8357dd49e79e40d583a66d8e2917402a78cfb,,,4/1/2022 18:30,15,NO CONTROLS,NO CONTROLS,UNKNOWN,UNKNOWN,PARKED MOTOR VEHICLE,PARKING LOT,,STRAIGHT AND LEVEL,UNKNOWN,UNKNOWN,NOT ON SCENE (DESK REPORT),NO INJURY / DRIVE AWAY,,,,"$501 - $1,500",4/1/2022 19:15,UNABLE TO DETERMINE,NOT APPLICABLE,1230,W,GREENLEAF AVE,2423,,,,,,,2,NO INDICATION OF INJURY,0,0,0,0,0,1,0,18,6,4,42.01052218,-87.66130892,POINT (-87.661308923025 42.010522175363)
257df4110815f02fa7c2b3fd0868b98fb803e59a6cf78c2c4fb5e4c4771a6b1dd27e30db6208ad58608d28e2615f2d7adc4bc4e9135b5596e83fc0470b392f46,,,3/31/2022 15:00,30,STOP SIGN/FLASHER,NO CONTROLS,CLEAR,DAYLIGHT,PARKED MOTOR VEHICLE,NOT DIVIDED,,STRAIGHT AND LEVEL,DRY,NO DEFECTS,ON SCENE,NO INJURY / DRIVE AWAY,,,Y,$500 OR LESS,3/31/2022 16:10,UNABLE TO DETERMINE,UNABLE TO DETERMINE,5400,S,NATOMA AVE,811,,,,,,,2,NO INDICATION OF INJURY,0,0,0,0,0,1,0,15,5,3,41.79404656,-87.78811265,POINT (-87.788112654314 41.794046556195)
55c02030ccac9c105542df8687f7015f7257f343be94c83fbf93f95f72883e97cb39bbf7734d39c71c8eb8a6f517a404a099bea827f611548d9ea57495b6c175,JF170272,,3/11/2022 9:58,20,NO CONTROLS,NO CONTROLS,CLEAR,DAYLIGHT,OTHER OBJECT,NOT DIVIDED,,STRAIGHT AND LEVEL,SNOW OR SLUSH,WORN SURFACE,ON SCENE,NO INJURY / DRIVE AWAY,,,,"OVER $1,500",3/11/2022 10:24,UNABLE TO DETERMINE,UNABLE TO DETERMINE,4230,S,NORMAL AVE,925,,,,,,,1,NO INDICATION OF INJURY,0,0,0,0,0,1,0,9,6,3,41.81725349,-87.63859782,POINT (-87.638597820775 41.817253488337)
6d354aa4fa08db5bbbc181c509279a2f6c4990ec8bbaea0046894d9b65cb54c00b0deb2f4962fcaa426ddcd75663bf8d3c357599e1f1fcf026a878466872f5e5,,,3/30/2022 12:25,30,TRAFFIC SIGNAL,FUNCTIONING PROPERLY,RAIN,DAYLIGHT,SIDESWIPE SAME DIRECTION,NOT DIVIDED,,STRAIGHT AND LEVEL,WET,NO DEFECTS,ON SCENE,NO INJURY / DRIVE AWAY,,,Y,"OVER $1,500",3/30/2022 12:27,UNABLE TO DETERMINE,UNABLE TO DETERMINE,6000,N,BROADWAY,2433,,,,,,,2,NO INDICATION OF INJURY,0,0,0,0,0,2,0,12,4,3,41.99095924,-87.66044275,POINT (-87.660442745415 41.990959238233)
202e85c91b5683b8238cfe88a8421e95a9b36390776784a45b83fe090c2ee1c0f2995e72ed29f1de46ef1dfd75a8180cca897746118aab4c5c098b727707ef67,JD394787,,10/9/2020 19:19,30,NO CONTROLS,NO CONTROLS,CLEAR,"DARKNESS, LIGHTED ROAD",FIXED OBJECT,NOT DIVIDED,,STRAIGHT AND LEVEL,DRY,NO DEFECTS,,NO INJURY / DRIVE AWAY,,Y,Y,"OVER $1,500",10/10/2020 11:00,UNABLE TO DETERMINE,UNABLE TO DETERMINE,4801,W,AINSLIE ST,1623,,,,,,,1,NO INDICATION OF INJURY,0,0,0,0,0,1,0,19,6,10,41.96974022,-87.74797662,POINT (-87.74797661926 41.969740224168)
bb8a55e912f6f541b2cb6e95661acdb00fb188b3a52f5beddc1d1ed2287e47ed33b571d63c35cf80cb86c0711fef80ddcd1c89df0808df39d56b3324bcd5876c,,,4/1/2022 14:05,30,NO CONTROLS,NO CONTROLS,CLEAR,DAYLIGHT,TURNING,DIVIDED - W/MEDIAN (NOT RAISED),,STRAIGHT ON HILLCREST,DRY,WORN SURFACE,ON SCENE,NO INJURY / DRIVE AWAY,,,,"OVER $1,500",4/1/2022 14:07,UNABLE TO DETERMINE,UNABLE TO DETERMINE,210,W,47TH ST,925,,,,,,,3,NO INDICATION OF INJURY,0,0,0,0,0,3,0,14,6,4,41.80925042,-87.63148995,POINT (-87.63148995374 41.80925041484)
16774e88c56d01374449ab4d115114789fb7eb7219ff8691991789c8699ac3770ad6c0a6d74c804193e6f33239b21d70fe8d7cbe77b8af36e43cb790dd414ae8,,Y,4/1/2022 10:05,20,NO CONTROLS,NO CONTROLS,CLEAR,DAYLIGHT,PARKED MOTOR VEHICLE,NOT DIVIDED,,STRAIGHT AND LEVEL,DRY,NO DEFECTS,ON SCENE,NO INJURY / DRIVE AWAY,,,Y,"$501 - $1,500",4/1/2022 10:05,UNABLE TO DETERMINE,NOT APPLICABLE,708,W,61ST PL,711,,,,,,,2,NO INDICATION OF INJURY,0,0,0,0,0,1,0,10,6,4,41.78261996,-87.64292879,POINT (-87.642928786619 41.782619962722)
5723b413fba86d3cd846642f0aa6847f3596afa685e03360797b67e012ccbe0aed4749653aca5aaa0e31b1bc2afdbd2ef85b421e87a19ef39db369a33ffc47e4,,,4/1/2022 22:19,30,TRAFFIC SIGNAL,FUNCTIONING PROPERLY,CLEAR,"DARKNESS, LIGHTED ROAD",TURNING,NOT DIVIDED,,STRAIGHT AND LEVEL,DRY,NO DEFECTS,NOT ON SCENE (DESK REPORT),NO INJURY / DRIVE AWAY,,,,"$501 - $1,500",4/1/2022 23:00,IMPROPER TURNING/NO SIGNAL,NOT APPLICABLE,2098,S,ARCHER AVE,914,,,,,,,2,NO INDICATION OF INJURY,0,0,0,0,0,2,0,22,6,4,41.85441948,-87.63187072,POINT (-87.631870715707 41.854419481937)
5686b4dcaed98d8d8798867bd571d3a98ee63f6367f47d7e5b06ff23f31177b4d5ee944c4fceded3556fc43d66e8477a2333be85053af1acc03e29baa3662fe1,JF170111,,3/11/2022 8:00,30,NO CONTROLS,NO CONTROLS,SNOW,DAYLIGHT,PARKED MOTOR VEHICLE,ONE-WAY,,"CURVE, LEVEL",SNOW OR SLUSH,NO DEFECTS,,NO INJURY / DRIVE AWAY,,,Y,"$501 - $1,500",3/11/2022 8:15,WEATHER,NOT APPLICABLE,5023,W,64TH PL,813,,,,,,,2,NO INDICATION OF INJURY,0,0,0,0,0,1,0,8,6,3,41.77516731,-87.74803187,POINT (-87.748031870404 41.775167313916)
3c75b2f2263033de802bd859bacd6b4eac27b4143fddcbc159d7e5185bd5c02f6efb96b4ec23ce244d8b7ecb730519214298f441e68d0be3130085393a3f44c5,,,3/31/2022 18:18,30,NO CONTROLS,NO CONTROLS,RAIN,"DARKNESS, LIGHTED ROAD",PARKED MOTOR VEHICLE,DIVIDED - W/MEDIAN (NOT RAISED),,STRAIGHT AND LEVEL,WET,NO DEFECTS,ON SCENE,NO INJURY / DRIVE AWAY,,,Y,"OVER $1,500",3/31/2022 19:15,IMPROPER BACKING,UNABLE TO DETERMINE,2820,N,LAKEWOOD AVE,1932,,,,,,,2,NO INDICATION OF INJURY,0,0,0,0,0,1,0,18,5,3,41.93316926,-87.66129866,POINT (-87.661298664022 41.93316925847)
f9da9540335f5b44403010d7aed6ac5ece11814e3a62b0933b9b4186a75f18b27352622f95d49f8a4e063ec7d9c7de7d39fa907e50e72d442617625e6ded8fd9,,,4/1/2022 20:06,30,NO CONTROLS,NO CONTROLS,CLEAR,"DARKNESS, LIGHTED ROAD",TURNING,NOT DIVIDED,,STRAIGHT AND LEVEL,DRY,NO DEFECTS,ON SCENE,NO INJURY / DRIVE AWAY,,,Y,"$501 - $1,500",4/1/2022 20:08,UNABLE TO DETERMINE,NOT APPLICABLE,4812,W,ROOSEVELT RD,1533,,,,,,,2,NO INDICATION OF INJURY,0,0,0,0,0,2,0,20,6,4,41.86600036,-87.74525903,POINT (-87.745259025551 41.866000359768)