CRASH_RECORD_ID,RD_NO,CRASH_DATE_EST_I,CRASH_DATE,POSTED_SPEED_LIMIT,TRAFFIC_CONTROL_DEVICE,DEVICE_CONDITION,WEATHER_CONDITION,LIGHTING_CONDITION,FIRST_CRASH_TYPE,TRAFFICWAY_TYPE,LANE_CNT,ALIGNMENT,ROADWAY_SURFACE_COND,ROAD_DEFECT,REPORT_TYPE,CRASH_TYPE,INTERSECTION_RELATED_I,NOT_RIGHT_OF_WAY_I,HIT_AND_RUN_I,DAMAGE,DATE_POLICE_NOTIFIED,PRIM_CONTRIBUTORY_CAUSE,SEC_CONTRIBUTORY_CAUSE,STREET_NO,STREET_DIRECTION,STREET_NAME,BEAT_OF_OCCURRENCE,PHOTOS_TAKEN_I,STATEMENTS_TAKEN_I,DOORING_I,WORK_ZONE_I,WORK_ZONE_TYPE,WORKERS_PRESENT_I,NUM_UNITS,MOST_SEVERE_INJURY,INJURIES_TOTAL,INJURIES_FATAL,INJURIES_INCAPACITATING,INJURIES_NON_INCAPACITATING,INJURIES_REPORTED_NOT_EVIDENT,INJURIES_NO_INDICATION,INJURIES_UNKNOWN,CRASH_HOUR,CRASH_DAY_OF_WEEK,CRASH_MONTH,LATITUDE,LONGITUDE,LOCATION
5767f259973b4564a0781b870cb9860a6305c6ec9c7bb0210de3172feaa5c153544fd0da0c96460a64eec3aadbcab6fbdbf57147fb9ac69006da8ccac6e7aa99,JF170714,,3/11/2022 16:40,30,STOP SIGN/FLASHER,FUNCTIONING PROPERLY,CLEAR,DAYLIGHT,TURNING,NOT DIVIDED,,STRAIGHT AND LEVEL,DRY,NO DEFECTS,ON SCENE,NO INJURY / DRIVE AWAY,Y,,,"OVER $1,500",3/11/2022 16:47,FAILING TO YIELD RIGHT-OF-WAY,UNABLE TO DETERMINE,2659,W,59TH ST,824,,,,,,,2,NO INDICATION OF INJURY,0,0,0,0,0,2,0,16,6,3,41.78633814,-87.69109189,POINT (-87.691091891983 41.786338137481)
5794a882db78edce2a7f1172bc017fe04b7f4257fca9245b923bcde6e777a748a35f29c36121a2b35a711e6c6647fe427e13e64df1e944d2d704407691db9505,JF170139,,3/11/2022 8:59,30,NO CONTROLS,NO CONTROLS,SNOW,DAYLIGHT,FIXED OBJECT,NOT DIVIDED,,STRAIGHT AND LEVEL,SNOW OR SLUSH,NO DEFECTS,ON SCENE,NO INJURY / DRIVE AWAY,,,,"OVER $1,500",3/11/2022 9:02,UNABLE TO DETERMINE,UNABLE TO DETERMINE,2200,S,TRUMBULL AVE,1024,,,,,,,1,NO INDICATION OF INJURY,0,0,0,0,0,1,0,8,6,3,41.8517273,-87.71105669,POINT (-87.711056685397 41.851727304292)
7c90403d1380fdda19ed5d63fd4d40a36d0594f338adf251b7254d39f6aa97df87bd48c60511e44804e051393907a42ddd2fd2eb6489625d2fcd19e4d7d56a56,,,4/1/2022 7:40,30,TRAFFIC SIGNAL,FUNCTIONING PROPERLY,CLEAR,DAYLIGHT,TURNING,DIVIDED - W/MEDIAN (NOT RAISED),,STRAIGHT AND LEVEL,DRY,NO DEFECTS,NOT ON SCENE (DESK REPORT),NO INJURY / DRIVE AWAY,,,Y,"OVER $1,500",4/1/2022 8:05,FAILING TO YIELD RIGHT-OF-WAY,NOT APPLICABLE,2200,N,KOSTNER AVE,2522,,,,,,,2,NO INDICATION OF INJURY,0,0,0,0,0,4,0,7,6,4,41.92079482,-87.73658473,POINT (-87.736584727475 41.92079481781)
f83bb365736dd367329671af6b35086bacff6bfe6af1a5e1e73a9a9ce2a0c8eaedc2053699736b5a5761796122c1b1bf8b740b031bfb668395a193b682b41d47,,,3/30/2022 12:25,30,NO CONTROLS,NO CONTROLS,RAIN,DAYLIGHT,ANGLE,NOT DIVIDED,,STRAIGHT AND LEVEL,WET,NO DEFECTS,NOT ON SCENE (DESK REPORT),NO INJURY / DRIVE AWAY,,,,"OVER $1,500",3/31/2022 17:55,FAILING TO YIELD RIGHT-OF-WAY,FAILING TO YIELD RIGHT-OF-WAY,2800,W,DIVERSEY AVE,1411,,,,,,,2,NO INDICATION OF INJURY,0,0,0,0,0,2,0,12,4,3,41.9322054,-87.69767924,POINT (-87.697679243869 41.932205395065)
2050e487b2a7d5a25004cf608b4c557c65a56c8d17ffc9fd7a92bd4e7cbdaa3ef81856f4aed2b03cd4b371b5443e138640e9f7c1a493954c554d0c53f5b695fc,JF185304,,3/24/2022 17:00,30,NO CONTROLS,NO CONTROLS,RAIN,DAYLIGHT,SIDESWIPE SAME DIRECTION,DIVIDED - W/MEDIAN BARRIER,,STRAIGHT AND LEVEL,WET,NO DEFECTS,ON SCENE,NO INJURY / DRIVE AWAY,,,,$500 OR LESS,3/24/2022 17:05,IMPROPER TURNING/NO SIGNAL,NOT APPLICABLE,2,W,TERMINAL ST,1652,,,,,,,2,NO INDICATION OF INJURY,0,0,0,0,0,2,0,17,5,3,,,
987368a24d84584a5596a0932d48ef32cc4c4aa496ec91b7186e0b7bd93a60a71b82e7ff693930db7aa960564289da9eb0a13ad98e4e3986d824202f86046784,,,4/1/2022 12:40,30,TRAFFIC SIGNAL,FUNCTIONING PROPERLY,CLEAR,DAYLIGHT,TURNING,NOT DIVIDED,,STRAIGHT AND LEVEL,DRY,NO DEFECTS,NOT ON SCENE (DESK REPORT),NO INJURY / DRIVE AWAY,,,Y,"OVER $1,500",4/1/2022 17:15,UNABLE TO DETERMINE,NOT APPLICABLE,5700,N,SHERIDAN RD,2022,,,,,,,2,NO INDICATION OF INJURY,0,0,0,0,0,2,0,12,6,4,41.9856411,-87.65538854,POINT (-87.655388544127 41.985641095429)
359c1eb97b3a6a42b186077bf050fa08f1c32e4ba007001e8ba1bc65f66c148311feb965da6c1dea014adeb822ea2cbcd0e032c7c07ce1c0a922451d52f7e2d6,,,4/1/2022 7:19,25,NO CONTROLS,NO CONTROLS,CLEAR,DAYLIGHT,REAR TO FRONT,ONE-WAY,,STRAIGHT AND LEVEL,DRY,NO DEFECTS,NOT ON SCENE (DESK REPORT),NO INJURY / DRIVE AWAY,,,N,"$501 - $1,500",4/1/2022 8:05,IMPROPER BACKING,UNABLE TO DETERMINE,6300,W,WELLINGTON AVE,2511,,,,,,,2,NO INDICATION OF INJURY,0,0,0,0,0,4,0,7,6,4,41.93480122,-87.78343887,POINT (-87.783438872299 41.93480122163)
588eee2322c981d05eea445e4aa08624399df8b1d560071e580ae84b0be3d9f9080ab4890e470751c8181da26559d78ffbd0e0b04a965a0bc6278b866097a6e4,JF170813,,3/11/2022 18:40,30,NO CONTROLS,NO CONTROLS,CLEAR,DUSK,FIXED OBJECT,NOT DIVIDED,,STRAIGHT AND LEVEL,DRY,"RUT, HOLES",NOT ON SCENE (DESK REPORT),NO INJURY / DRIVE AWAY,,,,$500 OR LESS,3/11/2022 18:50,NOT APPLICABLE,NOT APPLICABLE,2050,W,59TH ST,715,,,,,,,1,NO INDICATION OF INJURY,0,0,0,0,0,1,0,18,6,3,41.78671258,-87.67612343,POINT (-87.676123433167 41.786712581982)
c60705bd49b3e0edd390b1d91041ece08f54377c86c4dc2d789be1bc5dcfffdb1f9847ebb50a7a0b9598fbf54dcf098c67a8e0f2a64036ccd4c9c6efec0ef511,,,4/1/2022 8:41,30,NO CONTROLS,NO CONTROLS,CLEAR,DAYLIGHT,PARKED MOTOR VEHICLE,NOT DIVIDED,,STRAIGHT AND LEVEL,UNKNOWN,NO DEFECTS,ON SCENE,NO INJURY / DRIVE AWAY,,,,"OVER $1,500",4/1/2022 8:45,UNABLE TO DETERMINE,NOT APPLICABLE,7400,N,GREENVIEW AVE,2422,,,,,,,2,NO INDICATION OF INJURY,0,0,0,0,0,1,0,8,6,4,42.01610022,-87.6682887,POINT (-87.668288696242 42.016100218725)
b64b3ceeccd37a059e73ba3c23b60b32a19adfb0d1689ead31a2b88e015620be096ca9365f2428b93cbe1394c137a0aba6066711015d146c9ccff8f1a558a29f,,,3/27/2022 12:30,30,NO CONTROLS,NO CONTROLS,CLEAR,DAYLIGHT,FIXED OBJECT,PARKING LOT,,STRAIGHT AND LEVEL,DRY,NO DEFECTS,NOT ON SCENE (DESK REPORT),NO INJURY / DRIVE AWAY,,,,"OVER $1,500",4/1/2022 7:50,UNABLE TO DETERMINE,NOT APPLICABLE,1711,W,HARRISON ST,1231,,,,,,,1,NO INDICATION OF INJURY,0,0,0,0,0,1,0,12,1,3,41.87404381,-87.66961961,POINT (-87.669619608551 41.87404381167)
516a7d4935b88a138e16e3b46685d7981f5a9a495bf5910396128ba297a16cbec7688c39776c9f7081434475fc47f68cbecd2c15fc047c95c8db7564948047b8,,,4/2/2022 0:29,30,TRAFFIC SIGNAL,FUNCTIONING PROPERLY,CLEAR,"DARKNESS, LIGHTED ROAD",ANGLE,FOUR WAY,,STRAIGHT AND LEVEL,DRY,NO DEFECTS,ON SCENE,INJURY AND / OR TOW DUE TO CRASH,Y,,,"OVER $1,500",4/2/2022 0:36,UNABLE TO DETERMINE,NOT APPLICABLE,150,W,63RD ST,311,,,,,,,2,NO INDICATION OF INJURY,0,0,0,0,0,4,0,0,7,4,41.7801029,-87.62971887,POINT (-87.629718867304 41.78010289797)
58ec924e7b0d2b8079b7baa54f5f56aa5a29a187c1574e4517d91818433f695709cbda86ddc06d84d2dbdc2fa44a84b644d87330dd5a679e65b22c27841bc95e,JF170917,,3/11/2022 20:11,30,STOP SIGN/FLASHER,FUNCTIONING PROPERLY,CLEAR,"DARKNESS, LIGHTED ROAD",REAR END,FOUR WAY,,STRAIGHT AND LEVEL,DRY,NO DEFECTS,NOT ON SCENE (DESK REPORT),NO INJURY / DRIVE AWAY,Y,,,"OVER $1,500",3/11/2022 21:00,FOLLOWING TOO CLOSELY,"OPERATING VEHICLE IN ERRATIC, RECKLESS, CARELESS, NEGLIGENT OR AGGRESSIVE MANNER",490,N,MORGAN ST,1214,,,,,,,2,NO INDICATION OF INJURY,0,0,0,0,0,2,0,20,6,3,41.89107581,-87.65244084,POINT (-87.652440843266 41.891075811674)
ec5fee2b5b48b9f69fcc7f105dd99c68ca15505b95a83cdd42d5560b30335c18b55c3d1a87a745a1db0481a69eae87ba70c70764730e6db8c1023f5424f972c9,,,4/1/2022 8:30,30,NO CONTROLS,NO CONTROLS,CLEAR,DAYLIGHT,FIXED OBJECT,NOT DIVIDED,,STRAIGHT AND LEVEL,DRY,NO DEFECTS,ON SCENE,INJURY AND / OR TOW DUE TO CRASH,,,Y,"OVER $1,500",4/1/2022 8:32,UNABLE TO DETERMINE,NOT APPLICABLE,116,S,CENTRAL AVE,1513,,,,,,,1,NO INDICATION OF INJURY,0,0,0,0,0,1,0,8,6,4,41.87876706,-87.7649581,POINT (-87.764958099666 41.878767056063)
c4d51027773d24ad5731b6a5bab04a345b463d6cfeaa5307a78f7548b537afab4dd290c79f72d927cde3a127955a4b2c5e8d3573d7e669f24d3a71a789067619,,,4/1/2022 7:58,30,TRAFFIC SIGNAL,FUNCTIONING IMPROPERLY,CLEAR,DAYLIGHT,REAR END,FOUR WAY,,STRAIGHT AND LEVEL,DRY,UNKNOWN,ON SCENE,NO INJURY / DRIVE AWAY,Y,,,"OVER $1,500",4/1/2022 7:59,DRIVING SKILLS/KNOWLEDGE/EXPERIENCE,FAILING TO REDUCE SPEED TO AVOID CRASH,10700,S,STATE ST,513,,,,,,,3,NO INDICATION OF INJURY,0,0,0,0,0,6,0,7,6,4,41.69977694,-87.62345683,POINT (-87.623456824885 41.699776939176)
b47fdaaf1e665813dd404e56a43689cbe852880199dacd1f853d89fd4ac94e86b753afb6bc8d035c78f3c3af970d9258b4e696a6aee783b047b7e4a2b0f8e9e6,,,4/1/2022 12:38,30,NO CONTROLS,NO CONTROLS,CLEAR,DAYLIGHT,REAR TO FRONT,NOT DIVIDED,,STRAIGHT AND LEVEL,DRY,NO DEFECTS,ON SCENE,NO INJURY / DRIVE AWAY,,,Y,"OVER $1,500",4/1/2022 12:45,UNABLE TO DETERMINE,UNABLE TO DETERMINE,4211,N,CICERO AVE,1722,,,,,,,2,NO INDICATION OF INJURY,0,0,0,0,0,2,0,12,6,4,41.95743506,-87.7472804,POINT (-87.747280397358 41.957435057144)
92bf0e7f4f5655be56a17950158d4c7c6ab140786a36b5574ed9e09032828652ce166a2c87e763c53b5d820540a85f92aa4690587e6820b787465c9226a1404c,JF170823,,3/6/2022 2:25,25,NO CONTROLS,NO CONTROLS,CLEAR,"DARKNESS, LIGHTED ROAD",REAR TO FRONT,NOT DIVIDED,,STRAIGHT AND LEVEL,DRY,NO DEFECTS,,NO INJURY / DRIVE AWAY,,,Y,"$501 - $1,500",3/11/2022 19:13,IMPROPER BACKING,IMPROPER BACKING,137,W,OHIO ST,1831,,,,,,,2,NO INDICATION OF INJURY,0,0,0,0,0,2,0,2,1,3,41.89229996,-87.63253078,POINT (-87.632530779107 41.892299964256)
e0ff6fd7874e65ba560f03182444b4c7565d3fb29f8bf776b0acd33a99bdc9ac9002bdf5ca7e52c46f35ede13f573ca436c98b3108ae53315f40e2aa263158b3,,,3/28/2022 12:10,30,NO CONTROLS,NO CONTROLS,CLEAR,DAYLIGHT,SIDESWIPE SAME DIRECTION,DIVIDED - W/MEDIAN BARRIER,,STRAIGHT AND LEVEL,DRY,NO DEFECTS,ON SCENE,NO INJURY / DRIVE AWAY,,,,"OVER $1,500",3/28/2022 12:15,FAILING TO YIELD RIGHT-OF-WAY,IMPROPER LANE USAGE,4651,S,ASHLAND AVE,924,,,,,,,3,NO INDICATION OF INJURY,0,0,0,0,0,3,0,12,2,3,41.80902479,-87.66483466,POINT (-87.664834658707 41.809024786358)
940568ef112b4a882d3ce412392daa2338bf5dbe614f1a7153f000500094b9ce6efd2d62ab3a740d3209e66533e79fa2451354d53326eb863dcb694e9446984f,,,4/1/2022 20:00,30,NO CONTROLS,NO CONTROLS,CLEAR,"DARKNESS, LIGHTED ROAD",REAR END,NOT DIVIDED,,STRAIGHT AND LEVEL,DRY,NO DEFECTS,NOT ON SCENE (DESK REPORT),NO INJURY / DRIVE AWAY,,,,"OVER $1,500",4/1/2022 21:21,FOLLOWING TOO CLOSELY,FOLLOWING TOO CLOSELY,3825,S,KEDZIE AVE,911,,,,,,,3,NO INDICATION OF INJURY,0,0,0,0,0,3,0,20,6,4,41.82354723,-87.70427836,POINT (-87.70427836341 41.823547227833)
75e8a1ccd5227fc646f5f4ab503d2d5757166adaab56460a6c9323590aab895efd7993320677c1785398f8b0b2f2865ce587db4a84a0b86a6252213bbc880c88,,,4/1/2022 10:45,20,NO CONTROLS,NO CONTROLS,CLEAR,DAYLIGHT,OTHER OBJECT,DIVIDED - W/MEDIAN (NOT RAISED),,STRAIGHT AND LEVEL,DRY,NO DEFECTS,ON SCENE,NO INJURY / DRIVE AWAY,,Y,,$500 OR LESS,4/1/2022 10:55,DRIVING SKILLS/KNOWLEDGE/EXPERIENCE,UNABLE TO DETERMINE,1615,N,ASHLAND AVE,1433,,,,,,,1,NO INDICATION OF INJURY,0,0,0,0,0,2,0,10,6,4,41.91111892,-87.66755668,POINT (-87.667556676068 41.911118923586)
82ffd27ba0830d4befb617b3a3f8623c6da6ca7c201ada6fd4db0eb07cc90af67da64f27300cb7bcf74bd79b1231c43b436d304f288f68ba51e16ca75528e79b,,,4/1/2022 10:19,30,TRAFFIC SIGNAL,UNKNOWN,CLEAR,DAYLIGHT,PEDESTRIAN,NOT DIVIDED,,STRAIGHT AND LEVEL,DRY,UNKNOWN,ON SCENE,NO INJURY / DRIVE AWAY,,,Y,$500 OR LESS,4/1/2022 10:19,FAILING TO YIELD RIGHT-OF-WAY,UNABLE TO DETERMINE,539,W,HARRISON ST,124,,,,,,,2,NO INDICATION OF INJURY,0,0,0,0,0,2,0,10,6,4,41.87428057,-87.6408911,POINT (-87.640891102681 41.874280569172)
5a5d1e6348fed668e0ff8b234dcbdff57bcdd81ce5c11b34b0138067981893c9873596b3ac3dd460b1938400ea8563353cda9e1bcbf75795a0b09cb56657a85d,JF174216,,3/11/2022 22:30,30,TRAFFIC SIGNAL,FUNCTIONING PROPERLY,CLEAR,"DARKNESS, LIGHTED ROAD",TURNING,NOT DIVIDED,,STRAIGHT AND LEVEL,DRY,UNKNOWN,NOT ON SCENE (DESK REPORT),NO INJURY / DRIVE AWAY,,,Y,"OVER $1,500",3/15/2022 2:15,IMPROPER TURNING/NO SIGNAL,IMPROPER TURNING/NO SIGNAL,5159,N,AUSTIN AVE,1622,,,,,,,2,NO INDICATION OF INJURY,0,0,0,0,0,2,0,22,6,3,41.97558038,-87.77803474,POINT (-87.778034743298 41.975580382797)
e20b7d358af00d8dd6565e58c5b294d5ac10d923f0ed3387cbff18e3bca599f40a9f7594328682b290bc3c17c33637cec0c64b9e330980e622781677493b185a,,,4/1/2022 13:10,30,STOP SIGN/FLASHER,NO CONTROLS,CLEAR,DAYLIGHT,ANGLE,NOT DIVIDED,,STRAIGHT AND LEVEL,DRY,NO DEFECTS,ON SCENE,INJURY AND / OR TOW DUE TO CRASH,,,Y,"$501 - $1,500",4/1/2022 13:10,UNABLE TO DETERMINE,UNABLE TO DETERMINE,9301,S,DR MARTIN LUTHER KING JR DR,633,,,,,,,2,NONINCAPACITATING INJURY,1,0,0,1,0,4,0,13,6,4,41.7254547,-87.61408824,POINT (-87.61408823855 41.725454695881)
5aad5bf9c072cad01a3fb33e2adfa6d26031b53e9e9781ecef946e0b4693624cc66447ab4f97c277f287b670c14bb6f57a094df6e4c22dc3482798f8909e4735,JF170935,,3/11/2022 21:22,25,NO CONTROLS,NO CONTROLS,CLEAR,"DARKNESS, LIGHTED ROAD",FIXED OBJECT,DIVIDED - W/MEDIAN BARRIER,,STRAIGHT AND LEVEL,DRY,NO DEFECTS,ON SCENE,INJURY AND / OR TOW DUE TO CRASH,,,,"OVER $1,500",3/11/2022 21:22,UNABLE TO DETERMINE,UNABLE TO DETERMINE,115,S,ASHLAND AVE,1224,,,,Y,CONSTRUCTION,N,1,NO INDICATION OF INJURY,0,0,0,0,0,1,0,21,6,3,41.87968256,-87.66660372,POINT (-87.666603720404 41.879682556316)
7a17adffe91834ccc6cc65cea6651ad418ba81aac928a16fa432af1ff163c42a8ee3806976165fa3852320cacb664c5bca021992dc4517a6a0253510eddbfcdf,,,4/1/2022 8:15,25,NO CONTROLS,NO CONTROLS,CLEAR,DAYLIGHT,PARKED MOTOR VEHICLE,NOT DIVIDED,,STRAIGHT AND LEVEL,DRY,NO DEFECTS,ON SCENE,NO INJURY / DRIVE AWAY,,,,"$501 - $1,500",4/1/2022 8:15,NOT APPLICABLE,NOT APPLICABLE,3925,W,WILSON AVE,1723,,,,,,,2,NO INDICATION OF INJURY,0,0,0,0,0,5,0,8,6,4,41.96450093,-87.72655697,POINT (-87.726556971758 41.96450093132)
5a50f6814b8063c2f5e849a6e483d6edd52e6d4d7e9bbce392f071551169d2e59a0b8f9fea59a36bb7ef9908fe25400729699038012252c82f0a315dd49f22e4,,,3/31/2022 19:25,30,NO CONTROLS,NO CONTROLS,CLEAR,"DARKNESS, LIGHTED ROAD",FIXED OBJECT,NOT DIVIDED,,STRAIGHT AND LEVEL,WET,"RUT, HOLES",NOT ON SCENE (DESK REPORT),NO INJURY / DRIVE AWAY,,,,"$501 - $1,500",4/1/2022 13:25,UNABLE TO DETERMINE,NOT APPLICABLE,2255,W,ADDISON ST,1921,,,,,,,1,NO INDICATION OF INJURY,0,0,0,0,0,1,0,19,5,3,41.94666081,-87.68560036,POINT (-87.685600362222 41.946660809336)
2056da5adc5b1b2bd86af5844089bf81a8559341928fd0aba7c3c097f0eefa595174a8194474e73dfc3bbe3b3dfffa09473d3d8f384845b6c3b5fd0272fac870,,,4/1/2022 15:30,30,TRAFFIC SIGNAL,UNKNOWN,CLEAR,DAYLIGHT,REAR END,NOT DIVIDED,,STRAIGHT AND LEVEL,DRY,UNKNOWN,NOT ON SCENE (DESK REPORT),NO INJURY / DRIVE AWAY,,,,"$501 - $1,500",4/1/2022 16:15,FOLLOWING TOO CLOSELY,FOLLOWING TOO CLOSELY,2336,W,LAWRENCE AVE,2031,,,,,,,2,NO INDICATION OF INJURY,0,0,0,0,0,3,0,15,6,4,41.96874385,-87.68793653,POINT (-87.687936534394 41.968743846927)
a236d2c92b94108ec10944e5e588368a53fa777c1ed275a4ad787699aa830abd6dd5daeca881ee2a74690df00bba86996a4ceb6e3280210e9f4b811663203827,,,3/31/2022 15:00,30,UNKNOWN,UNKNOWN,UNKNOWN,UNKNOWN,PARKED MOTOR VEHICLE,ONE-WAY,,STRAIGHT AND LEVEL,UNKNOWN,UNKNOWN,NOT ON SCENE (DESK REPORT),NO INJURY / DRIVE AWAY,,,Y,"$501 - $1,500",4/1/2022 18:15,UNABLE TO DETERMINE,UNABLE TO DETERMINE,2710,W,FLETCHER ST,1411,,,,,,,2,NO INDICATION OF INJURY,0,0,0,0,0,1,0,15,5,3,41.93864545,-87.69571135,POINT (-87.695711346091 41.938645445637)
adc5dba8667de47d2779543c5fc040bdafa463b6692ec346644d88d3598cc3a95c3739fb49ff4bfe583741d79d28a4b01b3842db836c61ea2f4c4afdd8fcea1c,,,3/31/2022 19:10,30,NO CONTROLS,NO CONTROLS,CLEAR,DAYLIGHT,REAR END,ONE-WAY,,STRAIGHT AND LEVEL,DRY,NO DEFECTS,NOT ON SCENE (DESK REPORT),NO INJURY / DRIVE AWAY,,,,"OVER $1,500",4/1/2022 19:55,UNABLE TO DETERMINE,NOT APPLICABLE,6934,S,TALMAN AVE,831,,,,,,,2,NO INDICATION OF INJURY,0,0,0,0,0,2,0,19,5,3,41.76718306,-87.68957096,POINT (-87.689570963152 41.767183060202)
1526c280f8621ad561989e008cb281083e4c69d7d135bef2781a2b6028eb79930cadb255f0e2902d6194fa55d402e9cb3d1746d6e0f836ce50416f8f1f040462,,,4/1/2022 10:00,30,NO CONTROLS,NO CONTROLS,CLEAR,DAYLIGHT,REAR END,DIVIDED - W/MEDIAN (NOT RAISED),,STRAIGHT AND LEVEL,DRY,NO DEFECTS,ON SCENE,NO INJURY / DRIVE AWAY,,,Y,"OVER $1,500",4/1/2022 10:03,UNABLE TO DETERMINE,UNABLE TO DETERMINE,460,N,PULASKI RD,1111,,,,,,,2,NO INDICATION OF INJURY,0,0,0,0,0,2,0,10,6,4,41.88977126,-87.72607148,POINT (-87.726071484355 41.889771262714)
a369fa0f476f56663f7c3374643cf13a9e92cd142da2a3be9c88352a6e62c31636ca2eb0ad7373f4a9da24800357b313f9e0b3dbcfe8303b0cf8b4e3200c7d80,,,3/30/2022 22:00,30,TRAFFIC SIGNAL,FUNCTIONING PROPERLY,RAIN,"DARKNESS, LIGHTED ROAD",SIDESWIPE SAME DIRECTION,DIVIDED - W/MEDIAN BARRIER,,STRAIGHT AND LEVEL,WET,NO DEFECTS,ON SCENE,NO INJURY / DRIVE AWAY,,,Y,"$501 - $1,500",3/31/2022 8:53,IMPROPER OVERTAKING/PASSING,WEATHER,4735,S,ASHLAND AVE,933,,,,,,,2,NO INDICATION OF INJURY,0,0,0,0,0,5,0,22,4,3,41.80755456,-87.66479841,POINT (-87.664798411231 41.807554560126)
5b9347586dee6c10afbc1c6fe1b79563241c61cdc48733d7dc5d843e5f74d4d09d2286bfc671df6a1e797b5bca70597dd66bc59b7966a6926561fc30d44aad37,JF175152,,3/11/2022 19:15,30,TRAFFIC SIGNAL,FUNCTIONING PROPERLY,CLEAR,"DARKNESS, LIGHTED ROAD",TURNING,NOT DIVIDED,,STRAIGHT AND LEVEL,DRY,NO DEFECTS,NOT ON SCENE (DESK REPORT),NO INJURY / DRIVE AWAY,Y,,,"OVER $1,500",3/15/2022 19:40,FAILING TO YIELD RIGHT-OF-WAY,UNABLE TO DETERMINE,875,N,RUSH ST,1833,,,,,,,2,NO INDICATION OF INJURY,0,0,0,0,0,2,0,19,6,3,41.89885011,-87.62646059,POINT (-87.626460584684 41.898850106985)
5c2f50745071ee7ef4e4bd381eb2807af2e74761930711bef9b08fd706888b89d54fe7456707869cf2eb51676d25a4f545bd98a233c729de69a7e8083a906ae8,JF170081,,3/11/2022 7:50,10,NO CONTROLS,NO CONTROLS,SNOW,DAYLIGHT,OTHER OBJECT,ALLEY,,STRAIGHT AND LEVEL,ICE,NO DEFECTS,ON SCENE,NO INJURY / DRIVE AWAY,,Y,,"$501 - $1,500",3/11/2022 8:00,WEATHER,NOT APPLICABLE,1940,W,PATTERSON AVE,1922,,,,,,,1,NO INDICATION OF INJURY,0,0,0,0,0,1,0,7,6,3,41.94790497,-87.67778351,POINT (-87.677783510777 41.947904969964)
e648c73a54b7444e1d7ca4e119fd56610bcb80aebed00d93c6b8f9f2609f102f5809c7c198462600e8d4e27ecc5fc185cc45978abd369f557c0610f2c05c63ee,,,4/1/2022 21:40,30,NO CONTROLS,NO CONTROLS,CLEAR,"DARKNESS, LIGHTED ROAD",PARKED MOTOR VEHICLE,NOT DIVIDED,,STRAIGHT AND LEVEL,DRY,NO DEFECTS,NOT ON SCENE (DESK REPORT),NO INJURY / DRIVE AWAY,,,,"OVER $1,500",4/1/2022 22:00,PHYSICAL CONDITION OF DRIVER,NOT APPLICABLE,20,E,21ST ST,131,,,,,,,3,NO INDICATION OF INJURY,0,0,0,0,0,1,0,21,6,4,41.85436505,-87.62620821,POINT (-87.626208208973 41.854365050767)
fc803f73caa15bcbf278e32b4ac43cec96aca0f94ac81725b2b27fb99dac6a25c0571c12f478ae1c95dae1ae72bebee45289b717564a9d1a40cf3c960720197e,,,4/1/2022 17:38,30,NO CONTROLS,NO CONTROLS,CLEAR,DAYLIGHT,TURNING,DIVIDED - W/MEDIAN (NOT RAISED),,STRAIGHT AND LEVEL,DRY,NO DEFECTS,ON SCENE,INJURY AND / OR TOW DUE TO CRASH,Y,,,"OVER $1,500",4/1/2022 17:59,FAILING TO YIELD RIGHT-OF-WAY,NOT APPLICABLE,5701,S,WESTERN AVE,824,,,,,,,2,NO INDICATION OF INJURY,0,0,0,0,0,2,0,17,6,4,41.79012288,-87.68378889,POINT (-87.683788890338 41.790122883061)
8f7046b46dfe8dc2b2382f9637f33bb8ba14f97a0849e5e9f2db886cb9a0c740d69d571c61fccffaf328c05cc959f0ac2997750506fc87edbaa0db68b28da71c,,,4/1/2022 14:28,30,STOP SIGN/FLASHER,FUNCTIONING PROPERLY,CLEAR,DAYLIGHT,ANGLE,FOUR WAY,,STRAIGHT AND LEVEL,DRY,NO DEFECTS,ON SCENE,INJURY AND / OR TOW DUE TO CRASH,Y,,,"OVER $1,500",4/1/2022 14:28,DISREGARDING STOP SIGN,FAILING TO YIELD RIGHT-OF-WAY,100,N,PARKSIDE AVE,1512,,Y,,,,,5,NONINCAPACITATING INJURY,3,0,0,3,0,1,0,14,6,4,41.8823147,-87.76672579,POINT (-87.76672579038 41.882314702995)
1a30b6cfab366a8448946f5de56545c093babd70bcb6f9428751dfdd09f84807edf383a451013808c2d6bba42de21b5fc72faad70f0b0cf04d9b957bb60fc96c,,,4/1/2022 14:43,15,NO CONTROLS,NO CONTROLS,CLEAR,DAYLIGHT,OTHER OBJECT,ALLEY,,STRAIGHT AND LEVEL,DRY,NO DEFECTS,ON SCENE,NO INJURY / DRIVE AWAY,,,Y,"OVER $1,500",4/1/2022 18:30,"EVASIVE ACTION DUE TO ANIMAL, OBJECT, NONMOTORIST","OPERATING VEHICLE IN ERRATIC, RECKLESS, CARELESS, NEGLIGENT OR AGGRESSIVE MANNER",1607,W,80TH ST,611,,,,,,,1,NO INDICATION OF INJURY,0,0,0,0,0,1,0,14,6,4,41.74841827,-87.66370183,POINT (-87.663701824659 41.748418266031)
8c115e709523c368546d01b5cf0e7baf78300f67a1f9e33041a3a7a3f273ef3087a8a86401be273e15c7747bae4f68ebd2c09868f551e95b9e0409c13200d0a6,,Y,4/1/2022 18:00,30,TRAFFIC SIGNAL,FUNCTIONING PROPERLY,CLEAR,DAYLIGHT,ANGLE,DIVIDED - W/MEDIAN (NOT RAISED),,STRAIGHT AND LEVEL,DRY,NO DEFECTS,NOT ON SCENE (DESK REPORT),NO INJURY / DRIVE AWAY,,,,"OVER $1,500",4/1/2022 18:45,IMPROPER OVERTAKING/PASSING,NOT APPLICABLE,200,W,MARQUETTE RD,722,,,,,,,2,NO INDICATION OF INJURY,0,0,0,0,0,3,0,18,6,4,41.77281768,-87.63002449,POINT (-87.630024485162 41.772817683552)