CRASH_RECORD_ID,RD_NO,CRASH_DATE_EST_I,CRASH_DATE,POSTED_SPEED_LIMIT,TRAFFIC_CONTROL_DEVICE,DEVICE_CONDITION,WEATHER_CONDITION,LIGHTING_CONDITION,FIRST_CRASH_TYPE,TRAFFICWAY_TYPE,LANE_CNT,ALIGNMENT,ROADWAY_SURFACE_COND,ROAD_DEFECT,REPORT_TYPE,CRASH_TYPE,INTERSECTION_RELATED_I,NOT_RIGHT_OF_WAY_I,HIT_AND_RUN_I,DAMAGE,DATE_POLICE_NOTIFIED,PRIM_CONTRIBUTORY_CAUSE,SEC_CONTRIBUTORY_CAUSE,STREET_NO,STREET_DIRECTION,STREET_NAME,BEAT_OF_OCCURRENCE,PHOTOS_TAKEN_I,STATEMENTS_TAKEN_I,DOORING_I,WORK_ZONE_I,WORK_ZONE_TYPE,WORKERS_PRESENT_I,NUM_UNITS,MOST_SEVERE_INJURY,INJURIES_TOTAL,INJURIES_FATAL,INJURIES_INCAPACITATING,INJURIES_NON_INCAPACITATING,INJURIES_REPORTED_NOT_EVIDENT,INJURIES_NO_INDICATION,INJURIES_UNKNOWN,CRASH_HOUR,CRASH_DAY_OF_WEEK,CRASH_MONTH,LATITUDE,LONGITUDE,LOCATION
70f1abab96906133c63ffda27bb5e847b0dc752c9918a69512141fcd6286c396bf4efb76ee1a6daa7813af0003d2b9cce1227b56b1f45ab8e71ee8efe4b20fa2,,,3/31/2022 23:45,30,NO CONTROLS,NO CONTROLS,CLEAR,"DARKNESS, LIGHTED ROAD",PARKED MOTOR VEHICLE,DIVIDED - W/MEDIAN (NOT RAISED),,STRAIGHT AND LEVEL,UNKNOWN,UNKNOWN,NOT ON SCENE (DESK REPORT),NO INJURY / DRIVE AWAY,,,Y,"OVER $1,500",4/1/2022 15:00,UNABLE TO DETERMINE,UNABLE TO DETERMINE,4852,W,NORTH AVE,2533,,,,,,,2,NO INDICATION OF INJURY,0,0,0,0,0,1,0,23,5,3,41.90971132,-87.74795668,POINT (-87.747956675038 41.909711318274)
5cef9d43a1854e569299f17e6d34104d273ec26a5929d1b25a6e3965fa6e51a5fe5292bb19dea2074250278b26d2f63e42e326bde26207c4484ea2938804cbbb,JF170931,,3/11/2022 21:15,30,TRAFFIC SIGNAL,FUNCTIONING PROPERLY,CLEAR,"DARKNESS, LIGHTED ROAD",SIDESWIPE SAME DIRECTION,UNKNOWN INTERSECTION TYPE,,STRAIGHT AND LEVEL,DRY,NO DEFECTS,NOT ON SCENE (DESK REPORT),NO INJURY / DRIVE AWAY,Y,,,"OVER $1,500",3/11/2022 21:30,UNABLE TO DETERMINE,UNABLE TO DETERMINE,837,W,NORTH AVE,1822,,,,,,,2,NO INDICATION OF INJURY,0,0,0,0,0,2,0,21,6,3,41.91078672,-87.64973872,POINT (-87.649738716022 41.910786719094)
5e40df0bedb81c1ee7b4fc344d8073fc475856f86f9b14426958b0572c0c1902213d618de9627355e85e8ad118bbbebc2f0fb309d33c4d46725c0d660a252556,JF170858,,3/11/2022 19:30,30,NO CONTROLS,NO CONTROLS,CLEAR,"DARKNESS, LIGHTED ROAD",ANIMAL,DIVIDED - W/MEDIAN (NOT RAISED),,STRAIGHT AND LEVEL,DRY,NO DEFECTS,NOT ON SCENE (DESK REPORT),NO INJURY / DRIVE AWAY,,,,"OVER $1,500",3/11/2022 19:45,ANIMAL,NOT APPLICABLE,5466,N,CICERO AVE,1621,,,,,,,1,NO INDICATION OF INJURY,0,0,0,0,0,2,0,19,6,3,41.98163694,-87.74833153,POINT (-87.748331526369 41.981636940801)
088967504d4b4574d0e2ecd54f7f31c246a5f211d079453566c447fe33b8506fe549dcf4ad8310da0abfb7e365bd2f0497b8df147e251401f573cb6c46b5c4cf,JF163252,Y,3/4/2022 13:40,35,NO CONTROLS,NO CONTROLS,CLEAR,DAYLIGHT,PARKED MOTOR VEHICLE,PARKING LOT,,STRAIGHT AND LEVEL,DRY,NO DEFECTS,ON SCENE,NO INJURY / DRIVE AWAY,,,Y,"OVER $1,500",3/4/2022 15:51,IMPROPER BACKING,FAILING TO REDUCE SPEED TO AVOID CRASH,7609,S,CICERO AVE,833,,,,,,,2,NO INDICATION OF INJURY,0,0,0,0,0,1,0,13,6,3,41.75429873,-87.74137331,POINT (-87.74137331391 41.754298731866)
5f865974e1157a3621b42a625ade8abe81291ba5ffa85fba0cf4f0da801e7d59538e359f66b4de32162ecbd4b8309ec2572daa8cffa870cfa97a21b6372b44c9,JF170337,,3/11/2022 11:13,30,FLASHING CONTROL SIGNAL,FUNCTIONING IMPROPERLY,CLEAR,DAYLIGHT,REAR END,NOT DIVIDED,,STRAIGHT AND LEVEL,DRY,NO DEFECTS,ON SCENE,NO INJURY / DRIVE AWAY,,,,"OVER $1,500",3/11/2022 11:15,IMPROPER BACKING,UNABLE TO DETERMINE,3345,E,100TH ST,432,,,,,,,2,NO INDICATION OF INJURY,0,0,0,0,0,7,0,11,6,3,41.71371846,-87.54169728,POINT (-87.54169728308 41.713718458243)
09a79dad0e429865427d91824f1fb606b4f956e3496c71ca3024f78ba4477ee671c961b9ab3b619d3fca8cf50f2201fece33bd18decc30ab745917f41cd7ace0,JF162901,,3/4/2022 10:39,25,STOP SIGN/FLASHER,FUNCTIONING PROPERLY,CLEAR,DAYLIGHT,REAR END,ONE-WAY,,STRAIGHT AND LEVEL,DRY,NO DEFECTS,ON SCENE,NO INJURY / DRIVE AWAY,,,,"OVER $1,500",3/4/2022 10:39,PASSING STOPPED SCHOOL BUS,FAILING TO YIELD RIGHT-OF-WAY,6157,S,HONORE ST,714,,,,,,,2,NO INDICATION OF INJURY,0,0,0,0,0,6,0,10,6,3,41.7813029,-87.67017402,POINT (-87.670174015041 41.78130289611)
22632e2e4391814c2f355404bebd863d5da001bf6de03492173f367ca0e6ea3684da6662db122515afb04b15f181107f25bc58061df69598f92c05ae9de302a3,JC475340,,10/16/2019 18:45,25,NO CONTROLS,NO CONTROLS,CLEAR,DAWN,PEDALCYCLIST,NOT DIVIDED,,STRAIGHT AND LEVEL,DRY,NO DEFECTS,,INJURY AND / OR TOW DUE TO CRASH,Y,,,"$501 - $1,500",10/16/2019 18:46,NOT APPLICABLE,NOT APPLICABLE,601,E,61ST ST,313,,,,,,,2,INCAPACITATING INJURY,1,0,1,0,0,1,0,18,4,10,41.78386042,-87.61082006,POINT (-87.610820064424 41.783860424442)
2433c9a3a0d301f4c85677def35ac52873296bf39d9c3db9ce712ea9366656c2fa81f9903f23b7c6fd778e14a4d5581bf788eedb0ba1b6da25240d99c7188745,JF185335,,3/24/2022 16:45,30,NO CONTROLS,NO CONTROLS,RAIN,DUSK,SIDESWIPE SAME DIRECTION,DIVIDED - W/MEDIAN (NOT RAISED),,STRAIGHT AND LEVEL,WET,NO DEFECTS,ON SCENE,NO INJURY / DRIVE AWAY,,,Y,"$501 - $1,500",3/24/2022 16:54,FAILING TO YIELD RIGHT-OF-WAY,NOT APPLICABLE,2704,W,NORTH AVE,1421,,,,,,,2,NO INDICATION OF INJURY,0,0,0,0,0,2,0,16,5,3,41.91035021,-87.69476091,POINT (-87.694760905823 41.910350214103)
25315005591daa3665033c861e2b6ff75f0de6563a2cb70f6a29f2b7d491eb4375a572f0215ca9996158528c5e8f1c5ea2f3a4eeb6d37776de4980b479c4ef87,JF185544,,3/24/2022 20:24,30,NO CONTROLS,NO CONTROLS,RAIN,"DARKNESS, LIGHTED ROAD",FIXED OBJECT,ONE-WAY,,STRAIGHT AND LEVEL,WET,NO DEFECTS,ON SCENE,NO INJURY / DRIVE AWAY,,,,"OVER $1,500",3/24/2022 20:28,NOT APPLICABLE,NOT APPLICABLE,4,E,LAKE ST,111,,,,,,,1,NO INDICATION OF INJURY,0,0,0,0,0,2,0,20,5,3,41.88585711,-87.62778368,POINT (-87.627783676693 41.885857113411)
61a2314f9311df61900d5165707021c603f296d8f9993faab55b2bdd5d933a23184fac23384d0ff8147b7e4ef26f31aabf933d72ed0d4e7dda3022f793e44d37,JF170394,,3/11/2022 12:20,30,NO CONTROLS,NO CONTROLS,SNOW,DAYLIGHT,PARKED MOTOR VEHICLE,NOT DIVIDED,,STRAIGHT AND LEVEL,SNOW OR SLUSH,NO DEFECTS,ON SCENE,INJURY AND / OR TOW DUE TO CRASH,,,,"OVER $1,500",3/11/2022 12:20,DRIVING SKILLS/KNOWLEDGE/EXPERIENCE,UNABLE TO DETERMINE,4117,N,MILWAUKEE AVE,1624,,,,,,,3,"REPORTED, NOT EVIDENT",1,0,0,0,1,3,0,12,6,3,41.9557614,-87.75008871,POINT (-87.75008870811 41.955761404088)
25275d900f2207196a976a78c0a932b1165c5afb66fbab1e9731f0546af4c89dec241f791aaaa0c87061d3155cf371e5f8831701424eee106e6faa3990c919d9,JD371635,,9/18/2020 17:05,30,NO CONTROLS,NO CONTROLS,CLEAR,DAYLIGHT,SIDESWIPE SAME DIRECTION,ONE-WAY,,STRAIGHT AND LEVEL,DRY,NO DEFECTS,,NO INJURY / DRIVE AWAY,,,,$500 OR LESS,9/18/2020 17:16,UNABLE TO DETERMINE,NOT APPLICABLE,232,E,OHIO ST,1834,,,,,,,2,NO INDICATION OF INJURY,0,0,0,0,0,2,0,17,6,9,41.89269087,-87.62136275,POINT (-87.621362752211 41.892690872185)
0d38cb20414364cb8feccdb029902c40e2db2f6ed26570bc55d9a834d6be116786d517e6fa7dc81c87383401134498944d9d4f29a9d0033aa5fcdf01ee96b962,JF163562,,3/4/2022 19:09,30,NO CONTROLS,NO CONTROLS,CLEAR,"DARKNESS, LIGHTED ROAD",SIDESWIPE OPPOSITE DIRECTION,NOT DIVIDED,,STRAIGHT AND LEVEL,DRY,NO DEFECTS,NOT ON SCENE (DESK REPORT),NO INJURY / DRIVE AWAY,,,Y,"$501 - $1,500",3/4/2022 19:40,UNABLE TO DETERMINE,NOT APPLICABLE,2650,W,GLENLAKE AVE,2413,,,,,,,2,NO INDICATION OF INJURY,0,0,0,0,0,2,0,19,6,3,41.99232104,-87.69665031,POINT (-87.696650307528 41.992321044188)
0dd20774c5a352b08800ec339854df385562a91f4ccc9cf9a39cf520d67132a740d9a985182d9034c84c7772cd765ad6723eae840e86ca13352092364da7f713,JF163497,,3/4/2022 18:30,30,NO CONTROLS,NO CONTROLS,CLEAR,"DARKNESS, LIGHTED ROAD",TURNING,NOT DIVIDED,,STRAIGHT AND LEVEL,DRY,NO DEFECTS,NOT ON SCENE (DESK REPORT),NO INJURY / DRIVE AWAY,,,,"$501 - $1,500",3/4/2022 18:57,FAILING TO YIELD RIGHT-OF-WAY,FAILING TO REDUCE SPEED TO AVOID CRASH,4404,W,GRAND AVE,2533,,,,,,,2,NO INDICATION OF INJURY,0,0,0,0,0,3,0,18,6,3,41.91023004,-87.73637185,POINT (-87.736371844676 41.910230043596)
28482f503e0b25fe9fb9c9fbece21aeb9f4cb3a1f2b702353f4f22503c3c1b210ce1d06362cf50af26d4135cd7363f5ee03fdf448d41d993956162a24950ef73,JE455211,,11/22/2021 18:15,30,NO CONTROLS,NO CONTROLS,UNKNOWN,UNKNOWN,TURNING,NOT DIVIDED,,STRAIGHT AND LEVEL,UNKNOWN,UNKNOWN,,INJURY AND / OR TOW DUE TO CRASH,,,,$500 OR LESS,11/23/2021 22:15,UNABLE TO DETERMINE,NOT APPLICABLE,9450,S,JEFFERY AVE,413,,,,,,,2,"REPORTED, NOT EVIDENT",1,0,0,0,1,2,0,18,2,11,41.72273739,-87.57550803,POINT (-87.575508032364 41.722737390124)
63df5a34ac043ba01ab4a7e00581adcdb811677dd47205ba8a9535258c5e4bb63acb8a69f7b3461a048d14ea829ffa1ac8d89321bde5178951bdcf4ecbed1f8b,JF170751,,3/11/2022 16:00,30,TRAFFIC SIGNAL,FUNCTIONING PROPERLY,CLEAR,DAYLIGHT,SIDESWIPE SAME DIRECTION,NOT DIVIDED,,STRAIGHT AND LEVEL,DRY,NO DEFECTS,NOT ON SCENE (DESK REPORT),NO INJURY / DRIVE AWAY,,,Y,"OVER $1,500",3/11/2022 17:50,IMPROPER OVERTAKING/PASSING,FOLLOWING TOO CLOSELY,2400,N,DAMEN AVE,1432,,,,,,,2,NO INDICATION OF INJURY,0,0,0,0,0,2,0,16,6,3,41.92503801,-87.67804719,POINT (-87.678047191013 41.92503800641)
2966adf933dbf61cb5ebd108ca87cad57dcfc6fe48df9d253f33da1bb57acef14865e83f980f5528a048888b2d7d0f318532a847e12d8dae2469c35a4906c845,JF185434,,3/24/2022 6:00,30,NO CONTROLS,UNKNOWN,CLEAR,DAYLIGHT,SIDESWIPE SAME DIRECTION,DIVIDED - W/MEDIAN (NOT RAISED),,STRAIGHT AND LEVEL,DRY,UNKNOWN,NOT ON SCENE (DESK REPORT),NO INJURY / DRIVE AWAY,,,Y,"OVER $1,500",3/24/2022 19:08,IMPROPER LANE USAGE,UNABLE TO DETERMINE,601,N,LAKE SHORE DR,1834,,,,,,,3,NO INDICATION OF INJURY,0,0,0,0,0,3,0,6,5,3,41.8926901,-87.61426521,POINT (-87.614265210134 41.892690103779)
64eb16c55bca4469edf95e419652eb52b9cab4b4c46426203f8e6e42dbe07d72d0ba4bf45b390505bf4acf816a083c120b80ecb857372805f05414ba1ba9a876,JF170536,,3/11/2022 6:30,30,NO CONTROLS,NO CONTROLS,UNKNOWN,UNKNOWN,REAR END,NOT DIVIDED,,STRAIGHT AND LEVEL,UNKNOWN,UNKNOWN,NOT ON SCENE (DESK REPORT),NO INJURY / DRIVE AWAY,,,,"OVER $1,500",3/11/2022 14:30,UNABLE TO DETERMINE,NOT APPLICABLE,1200,W,87TH ST,613,,,,,,,2,NO INDICATION OF INJURY,0,0,0,0,0,2,0,6,6,3,41.73604409,-87.65340424,POINT (-87.653404241798 41.736044089544)
29c4b56a8cfb7e6c499ba8ff299943627b2d29c5a1f56eab6926da06996e9d76fd63e3c4066f9b08340784e96b57ce0a8ebf9d7ec0ae960cb4c7fc9ae8ba46d5,JF190347,,3/24/2022 17:00,30,NO CONTROLS,NO CONTROLS,UNKNOWN,UNKNOWN,PARKED MOTOR VEHICLE,DIVIDED - W/MEDIAN (NOT RAISED),,STRAIGHT AND LEVEL,UNKNOWN,UNKNOWN,NOT ON SCENE (DESK REPORT),NO INJURY / DRIVE AWAY,,,Y,"OVER $1,500",3/29/2022 13:30,UNABLE TO DETERMINE,UNABLE TO DETERMINE,4108,N,ROCKWELL ST,1911,,,,,,,2,NO INDICATION OF INJURY,0,0,0,0,0,1,0,17,5,3,41.95613993,-87.69343504,POINT (-87.693435042499 41.956139928912)
106fd2353ec78998d591b7c60bb9e7c02402181117ca912b09a42d3769fa784f04202f8a4f66ee7215e312f16b5e952f8d613a41886d6628f019b861c3106dad,JF162672,,3/4/2022 6:46,30,TRAFFIC SIGNAL,FUNCTIONING PROPERLY,CLEAR,DAYLIGHT,TURNING,NOT DIVIDED,,STRAIGHT AND LEVEL,DRY,NO DEFECTS,ON SCENE,INJURY AND / OR TOW DUE TO CRASH,,,,"OVER $1,500",3/4/2022 6:46,IMPROPER TURNING/NO SIGNAL,UNABLE TO DETERMINE,5500,S,PULASKI RD,813,,,,,,,2,NO INDICATION OF INJURY,0,0,0,0,0,2,0,6,6,3,41.79315506,-87.72330377,POINT (-87.723303764642 41.793155060731)
65dd534359bfd4f1c98a18efe1c2bf8244f929e3adb91c0ac3929fd2686bc7cb132ed25d45169204ec2e56bf564b0339d86b3198ead80463b2bd2783f32fe504,JF171151,Y,3/11/2022 4:00,20,NO CONTROLS,NO CONTROLS,CLEAR,"DARKNESS, LIGHTED ROAD",PARKED MOTOR VEHICLE,PARKING LOT,,STRAIGHT AND LEVEL,SNOW OR SLUSH,UNKNOWN,NOT ON SCENE (DESK REPORT),NO INJURY / DRIVE AWAY,,Y,Y,"$501 - $1,500",3/12/2022 6:30,UNABLE TO DETERMINE,UNABLE TO DETERMINE,7605,S,KINGSTON AVE,421,Y,,,,,,2,NO INDICATION OF INJURY,0,0,0,0,0,1,0,4,6,3,41.75701717,-87.56254951,POINT (-87.562549509881 41.757017173014)
54d55bfcc6627f587abbe0d14c42e51b812f930566fb06773f93b4402cb25e01bdba2a8e977644f53be3b63f9abca96a80ff6b36f6e0c0c4e3d6f3efaed136a0,JC562598,,12/28/2019 1:16,35,UNKNOWN,UNKNOWN,CLEAR,"DARKNESS, LIGHTED ROAD",PARKED MOTOR VEHICLE,ONE-WAY,,STRAIGHT AND LEVEL,DRY,NO DEFECTS,,INJURY AND / OR TOW DUE TO CRASH,,,Y,"OVER $1,500",12/28/2019 1:18,"OPERATING VEHICLE IN ERRATIC, RECKLESS, CARELESS, NEGLIGENT OR AGGRESSIVE MANNER",NOT APPLICABLE,219,W,115TH ST,522,,,,,,,5,NO INDICATION OF INJURY,0,0,0,0,0,1,0,1,7,12,41.68514154,-87.62855692,POINT (-87.628556919131 41.685141540233)
bfb5b736ca253f66916658afa569b837ec13b6a5e67b46e2a15321f96b4821befb3c4e79e070f1f0fed8ec0ad72ff5e8b3bd7600eab3470d204a12ae8c73e76a,JE201112,,4/16/2021 13:20,30,NO CONTROLS,NO CONTROLS,CLEAR,DAYLIGHT,TURNING,NOT DIVIDED,,STRAIGHT AND LEVEL,DRY,NO DEFECTS,,INJURY AND / OR TOW DUE TO CRASH,,,Y,"OVER $1,500",4/16/2021 13:28,UNABLE TO DETERMINE,UNABLE TO DETERMINE,5330,S,DAMEN AVE,932,,,,,,,3,NONINCAPACITATING INJURY,2,0,0,2,0,5,0,13,6,4,41.79670611,-87.67453007,POINT (-87.674530070167 41.796706113122)
01140139f64389bd4580a66b164eb4f3c7aaa367dcbabf999689e54ceac980c0bb0ee01677cc2887556445cf964d180a58606e794d9ab393860d45f04141a37d,JD384319,,9/30/2020 15:15,30,TRAFFIC SIGNAL,FUNCTIONING PROPERLY,CLEAR,DAYLIGHT,REAR END,NOT DIVIDED,,STRAIGHT AND LEVEL,DRY,UNKNOWN,,INJURY AND / OR TOW DUE TO CRASH,,,Y,"OVER $1,500",9/30/2020 15:40,FOLLOWING TOO CLOSELY,UNABLE TO DETERMINE,4700,N,WESTERN AVE,1911,,,,,,,3,"REPORTED, NOT EVIDENT",1,0,0,0,1,2,0,15,4,9,41.96684845,-87.6889984,POINT (-87.688998403679 41.966848450952)
011742c688bc675a457027bd54190776045e213c4a2649fe34fcdf0fe3bd612c9a05f94276ada0f0cca440a2bca16ab9035d47130ddfc9e29b0891792131cc83,JE481787,,12/18/2021 2:13,30,TRAFFIC SIGNAL,FUNCTIONING PROPERLY,RAIN,"DARKNESS, LIGHTED ROAD",TURNING,NOT DIVIDED,,STRAIGHT AND LEVEL,WET,NO DEFECTS,,INJURY AND / OR TOW DUE TO CRASH,Y,,N,"OVER $1,500",12/18/2021 13:50,FAILING TO REDUCE SPEED TO AVOID CRASH,FAILING TO REDUCE SPEED TO AVOID CRASH,6700,S,WENTWORTH AVE,722,,,,,,,2,INCAPACITATING INJURY,3,0,1,2,0,1,0,2,7,12,41.77261544,-87.63009968,POINT (-87.630099677564 41.77261543566)
01372009fc45a88352b86e3438fe440f97980e91ae0797a0bd92a0ccc84fe21e19c63cdb4bf4168878d400190d8e7b86d06cc3c3bb59ed85a9a575407f4fb048,JF151203,,2/21/2022 9:29,30,STOP SIGN/FLASHER,FUNCTIONING PROPERLY,FOG/SMOKE/HAZE,DAYLIGHT,ANGLE,NOT DIVIDED,,STRAIGHT AND LEVEL,WET,NO DEFECTS,,NO INJURY / DRIVE AWAY,Y,,Y,"$501 - $1,500",2/21/2022 9:29,UNABLE TO DETERMINE,UNABLE TO DETERMINE,2000,E,70TH ST,331,,,,,,,2,NO INDICATION OF INJURY,0,0,0,0,0,2,0,9,2,2,41.76809151,-87.57628953,POINT (-87.5762895248 41.768091504634)
018936a78490177b396035b14610b327eb361ea8159601c7c822bfa58bb7ae74c6ad51b437582e659bfcd7f483dc3098ee003559d570dd23e5ee7864b21c34ed,JD438653,,11/22/2020 12:06,15,OTHER REG. SIGN,FUNCTIONING PROPERLY,CLOUDY/OVERCAST,DAYLIGHT,PEDESTRIAN,PARKING LOT,,STRAIGHT AND LEVEL,DRY,NO DEFECTS,,INJURY AND / OR TOW DUE TO CRASH,,,Y,$500 OR LESS,11/22/2020 12:24,FAILING TO YIELD RIGHT-OF-WAY,NOT APPLICABLE,2403,N,HARLEM AVE,2512,,,,,,,2,NONINCAPACITATING INJURY,1,0,0,1,0,1,0,12,1,11,41.92364112,-87.80609651,POINT (-87.806096507261 41.923641118858)
680be88e552e16e24155bdd497827df81df837847c05aea3193efe17bd00cca05bb23fc4a06aadc84b0409fda15a3029c8afc7fece2b6f55a89ee0f1a549c0be,JF170956,,3/11/2022 21:16,30,TRAFFIC SIGNAL,FUNCTIONING PROPERLY,CLEAR,"DARKNESS, LIGHTED ROAD",TURNING,DIVIDED - W/MEDIAN BARRIER,,STRAIGHT AND LEVEL,DRY,NO DEFECTS,NOT ON SCENE (DESK REPORT),NO INJURY / DRIVE AWAY,,,,"OVER $1,500",3/11/2022 23:00,UNABLE TO DETERMINE,UNABLE TO DETERMINE,101,E,WACKER DR,114,,,,,,,2,NO INDICATION OF INJURY,0,0,0,0,0,2,0,21,6,3,41.88807973,-87.62442605,POINT (-87.624426046778 41.88807972703)
6863c0d209e627e89ee4dd5a71a120c088f8ae42529a92e408293445757360bf4aef1fefec11bc708edf03ab1ac1a0f5750d8bbf9319af56677ac49e0a5ed230,JF171289,Y,3/11/2022 15:00,30,UNKNOWN,UNKNOWN,UNKNOWN,UNKNOWN,PARKED MOTOR VEHICLE,NOT DIVIDED,,STRAIGHT AND LEVEL,UNKNOWN,UNKNOWN,NOT ON SCENE (DESK REPORT),NO INJURY / DRIVE AWAY,,,Y,"$501 - $1,500",3/12/2022 10:32,UNABLE TO DETERMINE,UNABLE TO DETERMINE,5523,N,MAPLEWOOD AVE,2011,,,,,,,2,NO INDICATION OF INJURY,0,0,0,0,0,1,0,15,6,3,41.98210205,-87.69290258,POINT (-87.692902582804 41.982102050725)
027187f52f9cac9ec542f1dda3a9ca8804db1fc2d2a3862ecd4b6a511b82ceba4c683f2dc98c75b7389365d27132ec1973498a39e417693d70f5d352cdede33f,JD248127,,5/31/2020 1:13,30,TRAFFIC SIGNAL,UNKNOWN,CLEAR,"DARKNESS, LIGHTED ROAD",TURNING,FOUR WAY,,STRAIGHT AND LEVEL,DRY,UNKNOWN,,INJURY AND / OR TOW DUE TO CRASH,Y,,Y,"OVER $1,500",5/31/2020 2:42,UNABLE TO DETERMINE,NOT APPLICABLE,150,S,SACRAMENTO BLVD,1124,,,,,,,2,NO INDICATION OF INJURY,0,0,0,0,0,4,0,1,1,5,41.87832623,-87.70127979,POINT (-87.701279794376 41.878326229569)
29f8f55417328da16d78bc38783d07bb5341fc1f3c43a5d186305dea1485bd7ed9075f3b7b48f5dfa9cb2edb16ae0c7a0a166995096992d2669d31cc1f1593c4,JC560288,,12/26/2019 1:18,20,NO CONTROLS,NO CONTROLS,CLEAR,"DARKNESS, LIGHTED ROAD",PARKED MOTOR VEHICLE,ONE-WAY,,STRAIGHT AND LEVEL,DRY,NO DEFECTS,,NO INJURY / DRIVE AWAY,,,Y,"$501 - $1,500",12/26/2019 1:33,DRIVING SKILLS/KNOWLEDGE/EXPERIENCE,UNABLE TO DETERMINE,6450,S,BISHOP ST,725,,,,,,,2,NO INDICATION OF INJURY,0,0,0,0,0,1,0,1,5,12,41.77619955,-87.66062819,POINT (-87.660628188174 41.776199546439)
2a69ae03f8c5c24cc5101abd8d537019102d7c2d4797464dca2a0c8cd73bfbd4ad9d4c207a6adacec9efe81a7ea6686d6c75587244e1eeed21fae51e8279f089,JD284924,,7/3/2020 18:50,30,NO CONTROLS,NO CONTROLS,CLEAR,DAYLIGHT,REAR END,NOT DIVIDED,,STRAIGHT AND LEVEL,DRY,NO DEFECTS,,INJURY AND / OR TOW DUE TO CRASH,,,,$500 OR LESS,7/3/2020 18:55,FOLLOWING TOO CLOSELY,NOT APPLICABLE,2933,W,59TH ST,824,,,,,,,2,NONINCAPACITATING INJURY,1,0,0,1,0,1,0,18,6,7,41.78623657,-87.69731193,POINT (-87.697311925711 41.78623656671)
02e88138fbd44873ab03a00533d5bf903b4699270468f6f3ce29a3654d84dead6739653870a7d216da38f4e6f6ade5073884d4041f09b0b2079c0ed533006abb,JF178868,,3/18/2022 22:18,25,NO CONTROLS,NO CONTROLS,RAIN,DARKNESS,PARKED MOTOR VEHICLE,NOT DIVIDED,,STRAIGHT AND LEVEL,WET,NO DEFECTS,ON SCENE,INJURY AND / OR TOW DUE TO CRASH,,,,"OVER $1,500",3/18/2022 22:30,DRIVING SKILLS/KNOWLEDGE/EXPERIENCE,NOT APPLICABLE,4873,N,LAVERGNE AVE,1623,Y,,,,,,2,NO INDICATION OF INJURY,0,0,0,0,0,1,0,22,6,3,41.96975136,-87.75253298,POINT (-87.752532974836 41.969751359797)
2b924ddbe2e107755631cb2c830e1233b19aa8c046b57fcae6bb36ab99bcffbbf66529d89a3e307198aa3580ca109bde9257abda79436ed32cd98f64a83268b1,JF184597,,3/24/2022 7:00,30,STOP SIGN/FLASHER,OTHER,CLEAR,DAYLIGHT,TURNING,NOT DIVIDED,,STRAIGHT AND LEVEL,WET,NO DEFECTS,ON SCENE,NO INJURY / DRIVE AWAY,Y,,,"$501 - $1,500",3/24/2022 7:05,UNABLE TO DETERMINE,UNABLE TO DETERMINE,5151,W,LAWRENCE AVE,1623,,,,,,,2,NO INDICATION OF INJURY,0,0,0,0,0,9,0,7,5,3,41.96780609,-87.75673215,POINT (-87.756732146498 41.96780608943)
052b3ba27550d8b3c6e2ff4c957f0ed14c213dc5bf9caea5b8b535d7d9c69c9fd944beb1396ef3fa1d134f12be6aaa20a2a4237f0023d7f0c1eedf8bf93ad937,JF178448,,3/18/2022 14:45,30,TRAFFIC SIGNAL,UNKNOWN,OTHER,DAYLIGHT,REAR END,NOT DIVIDED,,STRAIGHT AND LEVEL,WET,UNKNOWN,NOT ON SCENE (DESK REPORT),NO INJURY / DRIVE AWAY,,,Y,"OVER $1,500",3/18/2022 16:04,UNABLE TO DETERMINE,UNABLE TO DETERMINE,7500,S,SOUTH CHICAGO AVE,624,,,,,,,2,NO INDICATION OF INJURY,0,0,0,0,0,3,0,14,6,3,41.75860901,-87.59572136,POINT (-87.595721360538 41.758609006103)
2db7372236f4e1a7378dd297a94a93ba0f558d818e78af3133b30ef519196bab9c80cd0a396f23c69eb10332e8a7fb83ea2ae5d6eb491880f45d2371c145f060,JF185036,,3/24/2022 13:00,10,NO CONTROLS,NO CONTROLS,CLEAR,DAYLIGHT,PARKED MOTOR VEHICLE,PARKING LOT,,STRAIGHT AND LEVEL,WET,NO DEFECTS,NOT ON SCENE (DESK REPORT),NO INJURY / DRIVE AWAY,,Y,,"$501 - $1,500",3/24/2022 13:58,UNABLE TO DETERMINE,UNABLE TO DETERMINE,63,W,ONTARIO ST,1832,,,,,,,2,NO INDICATION OF INJURY,0,0,0,0,0,2,0,13,5,3,41.89312776,-87.63056252,POINT (-87.630562518301 41.893127754537)