CRASH_RECORD_ID,RD_NO,CRASH_DATE_EST_I,CRASH_DATE,POSTED_SPEED_LIMIT,TRAFFIC_CONTROL_DEVICE,DEVICE_CONDITION,WEATHER_CONDITION,LIGHTING_CONDITION,FIRST_CRASH_TYPE,TRAFFICWAY_TYPE,LANE_CNT,ALIGNMENT,ROADWAY_SURFACE_COND,ROAD_DEFECT,REPORT_TYPE,CRASH_TYPE,INTERSECTION_RELATED_I,NOT_RIGHT_OF_WAY_I,HIT_AND_RUN_I,DAMAGE,DATE_POLICE_NOTIFIED,PRIM_CONTRIBUTORY_CAUSE,SEC_CONTRIBUTORY_CAUSE,STREET_NO,STREET_DIRECTION,STREET_NAME,BEAT_OF_OCCURRENCE,PHOTOS_TAKEN_I,STATEMENTS_TAKEN_I,DOORING_I,WORK_ZONE_I,WORK_ZONE_TYPE,WORKERS_PRESENT_I,NUM_UNITS,MOST_SEVERE_INJURY,INJURIES_TOTAL,INJURIES_FATAL,INJURIES_INCAPACITATING,INJURIES_NON_INCAPACITATING,INJURIES_REPORTED_NOT_EVIDENT,INJURIES_NO_INDICATION,INJURIES_UNKNOWN,CRASH_HOUR,CRASH_DAY_OF_WEEK,CRASH_MONTH,LATITUDE,LONGITUDE,LOCATION
6bab3dc4763557ef34df3c8c25070b9458fd5074002fc3a32f0ee339ddd6251312556988e9aebf4439ef556331561610aeea1f4d23ba77e6bc54d64b4c204bdc,JF170646,,3/11/2022 15:25,30,NO CONTROLS,NO CONTROLS,CLEAR,DAYLIGHT,SIDESWIPE SAME DIRECTION,ONE-WAY,,STRAIGHT AND LEVEL,DRY,UNKNOWN,NOT ON SCENE (DESK REPORT),NO INJURY / DRIVE AWAY,,,,"OVER $1,500",3/11/2022 16:10,UNABLE TO DETERMINE,NOT APPLICABLE,1623,S,SPAULDING AVE,1022,,,,,,,2,NO INDICATION OF INJURY,0,0,0,0,0,2,0,15,6,3,41.85831113,-87.70772787,POINT (-87.707727867219 41.858311125906)
2feff33f6e62d9afe3f5ba3bdc56bdf3ac7e1ccf9c59f8e56b96f43f842a12efd8c618f00c4a5da73d3ee36f9f75c18c0bd13ae6c0f79cbde48dea006d6942d5,JF185649,,3/24/2022 23:30,30,NO CONTROLS,NO CONTROLS,CLEAR,"DARKNESS, LIGHTED ROAD",REAR END,NOT DIVIDED,,STRAIGHT AND LEVEL,UNKNOWN,UNKNOWN,ON SCENE,INJURY AND / OR TOW DUE TO CRASH,,,,"OVER $1,500",3/25/2022 0:22,FOLLOWING TOO CLOSELY,UNABLE TO DETERMINE,2554,W,TOUHY AVE,2411,,,,,,,2,NO INDICATION OF INJURY,0,0,0,0,0,2,0,23,5,3,42.01228986,-87.69481448,POINT (-87.694814483952 42.012289856626)
06ab57a75069aba1850579aefab47910793554052d0e08657bb07bd4fd8fa12a6ca9d7ade9cc69505c0192566527d0222f2cd25a122b736ea018db6f84dabae6,JE238044,,5/21/2021 19:05,25,NO CONTROLS,NO CONTROLS,CLEAR,DARKNESS,REAR END,NOT DIVIDED,,STRAIGHT AND LEVEL,DRY,NO DEFECTS,,NO INJURY / DRIVE AWAY,,,,$500 OR LESS,5/21/2021 21:16,FOLLOWING TOO CLOSELY,FAILING TO YIELD RIGHT-OF-WAY,529,E,46TH PL,221,,,,,,,2,NO INDICATION OF INJURY,0,0,0,0,0,4,0,19,6,5,41.81024099,-87.61268882,POINT (-87.612688815881 41.810240990588)
06c5d33b9977bdc9482401ff863e6356db338d8f36da3ef2937ca774cd76110b7145e19585031c42ae4a02c9009bbca58a758d5af4a75d15643cedb087777f27,JE124899,,1/27/2021 16:31,20,NO CONTROLS,NO CONTROLS,CLEAR,DUSK,PARKED MOTOR VEHICLE,NOT DIVIDED,,STRAIGHT AND LEVEL,DRY,NO DEFECTS,,INJURY AND / OR TOW DUE TO CRASH,,,Y,"$501 - $1,500",1/27/2021 16:44,UNABLE TO DETERMINE,IMPROPER LANE USAGE,8455,W,LELAND AVE,1614,,,,,,,3,NO INDICATION OF INJURY,0,0,0,0,0,1,0,16,4,1,41.96501741,-87.83903772,POINT (-87.839037722001 41.965017408192)
06cd209a0627c9e026e16172ea93ec7df803dfb424ecfbb0ab0c8c5d9e46835a7c997fc5365a51baf662282e9e30ebded05812ddf9003386456abf11018e6acd,JD379020,,9/25/2020 15:42,30,STOP SIGN/FLASHER,NO CONTROLS,CLEAR,DAYLIGHT,ANGLE,NOT DIVIDED,,STRAIGHT AND LEVEL,DRY,NO DEFECTS,,NO INJURY / DRIVE AWAY,Y,,Y,"$501 - $1,500",9/25/2020 16:40,FAILING TO YIELD RIGHT-OF-WAY,UNABLE TO DETERMINE,1800,W,88TH ST,2221,,,,,,,2,NO INDICATION OF INJURY,0,0,0,0,0,2,0,15,6,9,41.73401486,-87.66793812,POINT (-87.667938117717 41.73401486093)
6e9226c63107564eb7f399aef4e0056873992c755a5f1dd58b3872dd67500a18f7d770c04a9af22f3e39b3d6ff9da290fc846749b46a21668a185d57d6bcf4e4,JF170678,,3/11/2022 9:10,30,NO CONTROLS,NO CONTROLS,CLEAR,DAYLIGHT,REAR END,NOT DIVIDED,,STRAIGHT AND LEVEL,DRY,NO DEFECTS,NOT ON SCENE (DESK REPORT),NO INJURY / DRIVE AWAY,,,,"$501 - $1,500",3/11/2022 16:33,UNABLE TO DETERMINE,UNABLE TO DETERMINE,1121,N,DAMEN AVE,1212,,,,,,,2,NO INDICATION OF INJURY,0,0,0,0,0,2,0,9,6,3,41.90198714,-87.67707536,POINT (-87.677075356933 41.901987135794)
6ef668248feda5981fa9c650ee41176557c7e89f9432703bdd5661968470724a7e2aa095e5b45c9255a86b97b891fbe07a944f9e5f5526a401d20a2f5abd520d,JF170351,,3/11/2022 10:30,30,NO CONTROLS,NO CONTROLS,CLEAR,DAYLIGHT,PARKED MOTOR VEHICLE,NOT DIVIDED,,STRAIGHT AND LEVEL,DRY,NO DEFECTS,NOT ON SCENE (DESK REPORT),NO INJURY / DRIVE AWAY,,,,$500 OR LESS,3/11/2022 12:05,UNABLE TO DETERMINE,NOT APPLICABLE,2806,N,CICERO AVE,2521,,,,,,,2,NO INDICATION OF INJURY,0,0,0,0,0,1,0,10,6,3,41.93175225,-87.74674975,POINT (-87.746749747469 41.931752254185)
705bec2f1476bcfc0515ed85b14166be51fd61e7cfcd34de0ab9fad2f98bb924925c942bf3dd468309bbfa34d34bbe3b1c635345d333de29f0d0bac89369d728,JF170449,,3/11/2022 12:43,30,NO CONTROLS,NO CONTROLS,CLEAR,DAYLIGHT,TURNING,FOUR WAY,,STRAIGHT AND LEVEL,DRY,NO DEFECTS,ON SCENE,NO INJURY / DRIVE AWAY,,,,$500 OR LESS,3/11/2022 13:00,IMPROPER TURNING/NO SIGNAL,NOT APPLICABLE,5300,N,PULASKI RD,1712,,,,,,,2,NO INDICATION OF INJURY,0,0,0,0,0,2,0,12,6,3,41.97744304,-87.72843273,POINT (-87.728432729456 41.977443039389)
70a1d6a1997a563828eaa16c742631bbffb68bd4efcd57059b044a0451fe96679ba8e02c95cc551ee118ed3f6804b1342e481eba307cd448ff31e1053701a3ae,JF170986,,3/11/2022 23:14,30,STOP SIGN/FLASHER,FUNCTIONING PROPERLY,CLEAR,"DARKNESS, LIGHTED ROAD",PARKED MOTOR VEHICLE,NOT DIVIDED,,STRAIGHT AND LEVEL,DRY,NO DEFECTS,,INJURY AND / OR TOW DUE TO CRASH,,,Y,"OVER $1,500",3/11/2022 23:30,IMPROPER TURNING/NO SIGNAL,UNABLE TO DETERMINE,3406,W,FULTON BLVD,1123,,N,,,,,3,NO INDICATION OF INJURY,0,0,0,0,0,1,0,23,6,3,41.88645894,-87.71151884,POINT (-87.71151884183 41.886458936402)
31b0619af4ef19b5ec62cfcd8dec7686af002247f0e12f040737c95aedc77569c4786a2fa550e9781bfd749a2da34b202caef8bcd688823d4590bd9d6ef3c40d,JF185008,,3/24/2022 13:07,30,TRAFFIC SIGNAL,UNKNOWN,CLEAR,DAYLIGHT,REAR END,FOUR WAY,,STRAIGHT AND LEVEL,DRY,UNKNOWN,NOT ON SCENE (DESK REPORT),NO INJURY / DRIVE AWAY,Y,,,"OVER $1,500",3/24/2022 13:35,DISTRACTION - FROM INSIDE VEHICLE,UNABLE TO DETERMINE,6701,S,JEFFERY BLVD,331,,,,,,,2,NO INDICATION OF INJURY,0,0,0,0,0,2,0,13,5,3,41.77336022,-87.57634549,POINT (-87.576345488656 41.77336021958)
7017ddcb6c71457f2f57df371e5d447e8781bcf115c815a62b74f14ee4382630a25d58618ed318092eb593d557785c2e30f980054aa0fd6b23965d0f45a4a8e6,JF186868,,3/26/2022 2:23,30,NO CONTROLS,NO CONTROLS,CLEAR,"DARKNESS, LIGHTED ROAD",PARKED MOTOR VEHICLE,NOT DIVIDED,,STRAIGHT AND LEVEL,DRY,NO DEFECTS,ON SCENE,INJURY AND / OR TOW DUE TO CRASH,,,,"OVER $1,500",3/26/2022 2:23,UNABLE TO DETERMINE,UNABLE TO DETERMINE,4634,W,ADDISON ST,1731,,,,,,,3,"REPORTED, NOT EVIDENT",1,0,0,0,1,0,0,2,7,3,41.94627743,-87.74378322,POINT (-87.743783219134 41.946277427507)
32985d7938c58d6321697140d2d23f8d5c634351f7ade90156832dcc34ab9c9919fcbc1f71ea70043f00bd7118858eb140d1c657a14f0ef5c3fa40748f762269,JE485942,,12/22/2021 14:00,25,NO CONTROLS,NO CONTROLS,CLEAR,DAYLIGHT,SIDESWIPE SAME DIRECTION,FOUR WAY,,STRAIGHT AND LEVEL,DRY,OTHER,,NO INJURY / DRIVE AWAY,,,Y,"$501 - $1,500",12/22/2021 14:15,NOT APPLICABLE,NOT APPLICABLE,244,E,PERSHING RD,212,,,,,,,2,NO INDICATION OF INJURY,0,0,0,0,0,3,0,14,4,12,41.82390751,-87.61978794,POINT (-87.619787939168 41.823907514245)
74cd6979b98ffa31dd7d998b3ea8da6c4d1259b2f9ffeca35ced326b0f4fedf945f4fc49e57fbf988257d22a3fe574031844481edbc839f46d5ee12e36c0ad43,JF170716,,3/11/2022 16:30,25,NO CONTROLS,NO CONTROLS,CLEAR,DAYLIGHT,SIDESWIPE SAME DIRECTION,ONE-WAY,,STRAIGHT AND LEVEL,DRY,NO DEFECTS,NOT ON SCENE (DESK REPORT),NO INJURY / DRIVE AWAY,,,,"OVER $1,500",3/11/2022 17:15,FAILING TO YIELD RIGHT-OF-WAY,IMPROPER LANE USAGE,6404,N,BELL AVE,2412,,,,,,,2,NO INDICATION OF INJURY,0,0,0,0,0,2,0,16,6,3,41.9979946,-87.68638216,POINT (-87.686382157804 41.997994597639)
74e206c55beaedb63fcf5b24ac4c0caf0294ee8c99d2c087273f96f413cbfb9612a4cf9f4c03ada4790d6107aeafad98bcf13f958ecc05d09656c393a5cbe785,JF170171,,3/11/2022 7:45,30,STOP SIGN/FLASHER,FUNCTIONING PROPERLY,CLEAR,DAYLIGHT,TURNING,NOT DIVIDED,,STRAIGHT AND LEVEL,DRY,NO DEFECTS,ON SCENE,NO INJURY / DRIVE AWAY,,,,"$501 - $1,500",3/11/2022 9:30,FAILING TO YIELD RIGHT-OF-WAY,UNABLE TO DETERMINE,4500,S,KNOX AVE,815,,,,,,,2,NO INDICATION OF INJURY,0,0,0,0,0,2,0,7,6,3,41.81123075,-87.73974345,POINT (-87.739743451339 41.811230745391)
0a29a10349faac1e40a167efacb61a9b7ef2e25eba7bdfce663fbd3b9294d0c8e4a70988a37a55764fdd5000c409c6d1549f6f35cf84cc482c7258ddb54da303,JF177827,,3/18/2022 4:30,35,TRAFFIC SIGNAL,FUNCTIONING PROPERLY,CLEAR,"DARKNESS, LIGHTED ROAD",TURNING,T-INTERSECTION,,STRAIGHT AND LEVEL,DRY,NO DEFECTS,ON SCENE,INJURY AND / OR TOW DUE TO CRASH,Y,,Y,"OVER $1,500",3/18/2022 4:40,UNABLE TO DETERMINE,NOT APPLICABLE,1529,E,130TH ST,434,,,,,,,2,NO INDICATION OF INJURY,0,0,0,0,0,2,0,4,6,3,41.66027025,-87.58784444,POINT (-87.58784443797 41.660270248387)
757e2e8138bed1c24da600df52ab5af2c9595c8411851ab3f7574e93d508f656aa34ea8fc61cf2cc82ee7667a283d4064417245f935992e7b745f11356580cc8,JF170010,,3/11/2022 4:59,30,NO CONTROLS,NO CONTROLS,SNOW,"DARKNESS, LIGHTED ROAD",SIDESWIPE SAME DIRECTION,NOT DIVIDED,,STRAIGHT AND LEVEL,WET,NO DEFECTS,ON SCENE,NO INJURY / DRIVE AWAY,,,,"OVER $1,500",3/11/2022 5:00,UNABLE TO DETERMINE,NOT APPLICABLE,2443,N,ELSTON AVE,1432,,N,,,,,2,NO INDICATION OF INJURY,0,0,0,0,0,2,0,4,6,3,41.92588177,-87.67845502,POINT (-87.678455023106 41.925881772997)
75b7b517d709d36dd6d2ab8f0a871862ff5d5540ca40ea21563cd8e4138f65b9086e00ac779d3a70515248fe7881427e1c65c76d164e924a3d507a24e9f86e0f,JF170046,Y,3/11/2022 6:45,30,NO CONTROLS,NO CONTROLS,UNKNOWN,UNKNOWN,FIXED OBJECT,NOT DIVIDED,,STRAIGHT AND LEVEL,UNKNOWN,UNKNOWN,ON SCENE,NO INJURY / DRIVE AWAY,,,Y,"OVER $1,500",3/11/2022 6:50,UNABLE TO DETERMINE,UNABLE TO DETERMINE,6815,S,JEFFERY BLVD,331,,,,,,,2,NO INDICATION OF INJURY,0,0,0,0,0,1,0,6,6,3,41.7711425,-87.57628861,POINT (-87.576288614274 41.771142496051)
0c3fcb8c6f1f75c52aaf58455ddf18b0fb6962aa80af03cbcd713f1d0385aaa9ad9ac1057a22b3f76b3cbc9312d241b5efd74d7b0c343b21dcf3395fb8d1061f,JF178392,,3/18/2022 14:00,30,NO CONTROLS,NO CONTROLS,RAIN,DAYLIGHT,REAR END,NOT DIVIDED,,STRAIGHT AND LEVEL,WET,NO DEFECTS,NOT ON SCENE (DESK REPORT),NO INJURY / DRIVE AWAY,,,Y,"$501 - $1,500",3/18/2022 15:30,FOLLOWING TOO CLOSELY,FOLLOWING TOO CLOSELY,4710,S,WESTERN AVE,922,,,,,,,2,NO INDICATION OF INJURY,0,0,0,0,0,2,0,14,6,3,41.80804133,-87.68456051,POINT (-87.684560511949 41.808041332965)
0cbb2302adae09f9e27a3f03f67ab979f08dd45e2cdbab93e8767a75e835161b0cb89fe06b238653a3ca2161278adc4a87612165322ffecda791ed3ad1a56a27,JF178151,Y,3/18/2022 7:55,30,NO CONTROLS,NO CONTROLS,CLEAR,DAYLIGHT,REAR END,FOUR WAY,,STRAIGHT AND LEVEL,DRY,NO DEFECTS,NOT ON SCENE (DESK REPORT),NO INJURY / DRIVE AWAY,,,Y,"$501 - $1,500",3/18/2022 11:19,UNABLE TO DETERMINE,UNABLE TO DETERMINE,13000,S,INDIANA AVE,533,,,,,,,2,NO INDICATION OF INJURY,0,0,0,0,0,2,0,7,6,3,41.65900922,-87.61744791,POINT (-87.617447906473 41.659009215787)
0d508fd4d7685d941032709f7398ac75cc8fa8ac459249c46e574a04a7be633ea59eee1da0bcfafc011849475300932858069b7325e5fb34c3b40de1074058e6,JF178291,Y,3/18/2022 12:00,30,NO CONTROLS,NO CONTROLS,UNKNOWN,DAYLIGHT,PARKED MOTOR VEHICLE,ONE-WAY,,STRAIGHT AND LEVEL,WET,UNKNOWN,NOT ON SCENE (DESK REPORT),NO INJURY / DRIVE AWAY,,,Y,"OVER $1,500",3/18/2022 14:20,UNABLE TO DETERMINE,NOT APPLICABLE,6440,S,SANGAMON ST,723,,,,,,,2,NO INDICATION OF INJURY,0,0,0,0,0,1,0,12,6,3,41.77665475,-87.64849725,POINT (-87.648497251041 41.776654744875)
35e5a41bfe5bf07dc6cbc2f54f8fe2b67782fa56712b3fec5fe834f3593368c1161eb68a5219d646e415b711c78de505d9922e7e37339a86304c9ac0653d1882,,,4/5/2022 21:30,30,STOP SIGN/FLASHER,FUNCTIONING PROPERLY,CLEAR,"DARKNESS, LIGHTED ROAD",PEDALCYCLIST,FOUR WAY,,STRAIGHT AND LEVEL,DRY,NO DEFECTS,,INJURY AND / OR TOW DUE TO CRASH,Y,,,"OVER $1,500",4/6/2022 12:12,FAILING TO YIELD RIGHT-OF-WAY,NOT APPLICABLE,932,S,LEAVITT ST,1225,,,,,,,2,NONINCAPACITATING INJURY,1,0,0,1,0,1,0,21,3,4,41.86948999,-87.68136626,POINT (-87.681366260629 41.869489986364)
0fe2a3a51a2f75a9c14110469d1fd7cf1cfd6f568665ae9b69fbaced35bbfd24d9e8bc05e9dc01b423a38603cc947061799cd74e66ca0854ba19a195e36eeffa,JF178506,Y,3/18/2022 16:25,20,STOP SIGN/FLASHER,FUNCTIONING PROPERLY,RAIN,DAYLIGHT,ANGLE,FOUR WAY,,STRAIGHT AND LEVEL,WET,NO DEFECTS,ON SCENE,INJURY AND / OR TOW DUE TO CRASH,Y,,,"OVER $1,500",3/18/2022 16:30,UNABLE TO DETERMINE,UNABLE TO DETERMINE,122,W,76TH ST,623,,,,,,,2,NONINCAPACITATING INJURY,1,0,0,1,0,3,0,16,6,3,41.75646913,-87.62792384,POINT (-87.627923835263 41.756469127368)
38099e0174a7cfc497128e8de23ee422e511ef7bf3a440ede2f1ccc49e2ff06556c1cabef52f5a4de595570ff162d02d52f45d6e0a802a48db2f2d227b17c6a8,JF184986,,3/24/2022 12:31,30,TRAFFIC SIGNAL,FUNCTIONING PROPERLY,RAIN,DAYLIGHT,PEDALCYCLIST,NOT DIVIDED,,STRAIGHT AND LEVEL,WET,NO DEFECTS,ON SCENE,INJURY AND / OR TOW DUE TO CRASH,Y,,Y,$500 OR LESS,3/24/2022 12:40,IMPROPER TURNING/NO SIGNAL,FAILING TO YIELD RIGHT-OF-WAY,1000,N,DAMEN AVE,1212,,,,,,,3,"REPORTED, NOT EVIDENT",1,0,0,0,1,2,0,12,5,3,41.89959483,-87.67730374,POINT (-87.677303736498 41.899594831439)
109d888e885386ab3ba1b7affd4fc33cca1cb22a6f2cd544fe500a41d151bb28b6ecb76f1a89998096eac6a7fd604e018160984266991979e412699f5fe152d5,JF178046,Y,3/18/2022 8:44,20,NO CONTROLS,NO CONTROLS,CLEAR,DAYLIGHT,TURNING,ONE-WAY,,STRAIGHT AND LEVEL,DRY,NO DEFECTS,NOT ON SCENE (DESK REPORT),NO INJURY / DRIVE AWAY,,,,"$501 - $1,500",3/18/2022 9:45,IMPROPER OVERTAKING/PASSING,FAILING TO YIELD RIGHT-OF-WAY,2015,N,KEELER AVE,2525,,,,,,,2,NO INDICATION OF INJURY,0,0,0,0,0,2,0,8,6,3,41.91759369,-87.73132306,POINT (-87.731323062687 41.917593689655)
39caca26124b2e937f1d3a6d850ce38c062051979ba5604cf6ef2c12747b41af62c3f811b6aaf1dba68260adeeca1e2f0ea96192cae1835c2769128284879ace,JF185451,,3/24/2022 18:29,55,NO CONTROLS,NO CONTROLS,RAIN,DAYLIGHT,REAR END,ONE-WAY,,STRAIGHT AND LEVEL,WET,NO DEFECTS,ON SCENE,INJURY AND / OR TOW DUE TO CRASH,,,,"OVER $1,500",3/24/2022 18:32,FOLLOWING TOO CLOSELY,NOT APPLICABLE,9800,W,KENNEDY EXPY IB,1654,,,,,,,2,NO INDICATION OF INJURY,0,0,0,0,0,2,0,18,5,3,,,
7bf0b96a49c045a855957c9dbeb4c270a0c48208bf1f0f991e123a971951c76dab56c4ebbb64a273bbf5ae93e8a452c891c5e73ad6a1169e203e830875896d26,JF175050,,3/11/2022 22:00,15,NO CONTROLS,NO CONTROLS,CLEAR,"DARKNESS, LIGHTED ROAD",PARKED MOTOR VEHICLE,PARKING LOT,,STRAIGHT AND LEVEL,DRY,NO DEFECTS,NOT ON SCENE (DESK REPORT),NO INJURY / DRIVE AWAY,,,Y,"OVER $1,500",3/15/2022 18:07,UNABLE TO DETERMINE,UNABLE TO DETERMINE,7600,S,PULASKI RD,833,,,,,,,2,NO INDICATION OF INJURY,0,0,0,0,0,1,0,22,6,3,41.75504428,-87.72231551,POINT (-87.722315514022 41.755044279733)
23f8a9ce7c37773be583a337bbc78a5fd8573a2e3ca4439544cd7058a1c7f9783ce9004132b42b93fb1328ad9c8581383332b525e84c353d797942494a4fff1a,JF174476,,3/4/2022 20:30,30,NO CONTROLS,NO CONTROLS,CLEAR,DARKNESS,PARKED MOTOR VEHICLE,NOT DIVIDED,,STRAIGHT AND LEVEL,DRY,NO DEFECTS,NOT ON SCENE (DESK REPORT),NO INJURY / DRIVE AWAY,,,Y,"$501 - $1,500",3/15/2022 10:00,UNABLE TO DETERMINE,UNABLE TO DETERMINE,5942,S,MICHIGAN AVE,232,,,,,,,2,NO INDICATION OF INJURY,0,0,0,0,0,1,0,20,6,3,41.78612824,-87.62239009,POINT (-87.622390085171 41.786128239999)
129150c66a4d0656d6808710b069a7d280ce5596a3d10600179d7b4e60198ba4a311a9f4c677c734f6f8eb04a1320ff0ddd61a3f79fe6d7327e0acefb14386f3,JF177882,,3/18/2022 6:55,25,NO CONTROLS,NO CONTROLS,CLEAR,DAYLIGHT,REAR END,NOT DIVIDED,,STRAIGHT AND LEVEL,DRY,NO DEFECTS,ON SCENE,INJURY AND / OR TOW DUE TO CRASH,,,Y,$500 OR LESS,3/18/2022 7:08,IMPROPER OVERTAKING/PASSING,UNABLE TO DETERMINE,2300,W,87TH ST,614,,,,,,,2,NO INDICATION OF INJURY,0,0,0,0,0,2,0,6,6,3,41.73566854,-87.68041171,POINT (-87.680411706994 41.735668543508)
1551bb5452da8533d180a537b1fa124a8ae9c554e4f7c75595aa617ae6f9ca1e4d07df3c4100f212f727835f510170088a9660057a96502f0ab9b910f9c8e0ba,JF170062,,3/11/2022 7:39,25,NO CONTROLS,NO CONTROLS,SNOW,DAYLIGHT,HEAD ON,NOT DIVIDED,,STRAIGHT AND LEVEL,SNOW OR SLUSH,NO DEFECTS,ON SCENE,INJURY AND / OR TOW DUE TO CRASH,,,,"$501 - $1,500",3/11/2022 7:51,UNABLE TO DETERMINE,UNABLE TO DETERMINE,9146,S,PRINCETON AVE,634,,,,,,,2,NONINCAPACITATING INJURY,1,0,0,1,0,3,0,7,6,3,41.72750675,-87.63017126,POINT (-87.630171255317 41.727506745424)
7cb8eddb1490e9af820b10d81ae718c589080a492dfb00f0889bbd6a423aa21c87b2d602ecc71f14ef0f23686644853e03369fbb853da29596123863b196e842,JF170201,,3/11/2022 9:58,30,NO CONTROLS,NO CONTROLS,SNOW,DAYLIGHT,REAR END,DIVIDED - W/MEDIAN BARRIER,,STRAIGHT AND LEVEL,SNOW OR SLUSH,NO DEFECTS,ON SCENE,INJURY AND / OR TOW DUE TO CRASH,,,,"OVER $1,500",3/11/2022 9:58,FAILING TO YIELD RIGHT-OF-WAY,NOT APPLICABLE,8335,S,STONY ISLAND AVE,412,,,,,,,2,NO INDICATION OF INJURY,0,0,0,0,0,3,0,9,6,3,41.74318927,-87.58521239,POINT (-87.585212389448 41.743189265412)
7d07df41ee06d90b47f32c94c2bfb96929e363be1f639b729eded877f37e719dd7993610762999f9f3717d60bfa221dcfbaebf68d2587ad16a13ba55aef712e3,JF170936,,3/11/2022 20:22,30,OTHER,OTHER,CLEAR,"DARKNESS, LIGHTED ROAD",REAR END,NOT DIVIDED,,STRAIGHT AND LEVEL,DRY,NO DEFECTS,NOT ON SCENE (DESK REPORT),NO INJURY / DRIVE AWAY,,,,"$501 - $1,500",3/11/2022 21:45,FOLLOWING TOO CLOSELY,NOT APPLICABLE,6326,W,GRAND AVE,2512,,,,,,,2,NO INDICATION OF INJURY,0,0,0,0,0,2,0,20,6,3,41.92231293,-87.78398737,POINT (-87.783987367584 41.922312925901)
7d48f9bbabd31c1f25e83502f4d549409af48ccc0e37368bb54f32733a07a4b33a83087a2316ba0ef64341bca522b537eac5388699f50eb4bc820ed4105236a1,JF170016,,3/11/2022 5:41,30,TRAFFIC SIGNAL,FUNCTIONING PROPERLY,SNOW,DAWN,TURNING,NOT DIVIDED,,STRAIGHT AND LEVEL,SNOW OR SLUSH,NO DEFECTS,ON SCENE,INJURY AND / OR TOW DUE TO CRASH,Y,,Y,"OVER $1,500",3/11/2022 5:41,DISREGARDING TRAFFIC SIGNALS,FAILING TO REDUCE SPEED TO AVOID CRASH,2100,S,CALIFORNIA AVE,1023,,,,,,,2,NO INDICATION OF INJURY,0,0,0,0,0,2,0,5,6,3,41.85368771,-87.69565175,POINT (-87.695651748828 41.85368770724)
135bb762bcdc4f18e2e122a356ebcdaff3b3495d96f8ff7da0dce785b76773afc47a3d0e6fcc32546db7f3985d47e3db784a1627de03283a4990f8da4bc0cbda,JD259216,,6/9/2020 21:04,30,NO CONTROLS,NO CONTROLS,CLEAR,"DARKNESS, LIGHTED ROAD",PARKED MOTOR VEHICLE,ONE-WAY,,STRAIGHT AND LEVEL,DRY,NO DEFECTS,,INJURY AND / OR TOW DUE TO CRASH,,,Y,"OVER $1,500",6/9/2020 21:04,"OPERATING VEHICLE IN ERRATIC, RECKLESS, CARELESS, NEGLIGENT OR AGGRESSIVE MANNER",FAILING TO REDUCE SPEED TO AVOID CRASH,4733,W,ADAMS ST,1113,,,,,,,5,"REPORTED, NOT EVIDENT",2,0,0,0,2,2,0,21,3,6,41.87794547,-87.74407728,POINT (-87.744077276948 41.877945465449)
1377093209ec1e507b3e36e499f1600fc109a3322922fe84e4cc744bcfadaaef37b201553e7b020fb28465bdc549fccf3d1aee75543b65bc04876ab3c33e0d3a,JE302889,,7/15/2021 21:10,30,TRAFFIC SIGNAL,FUNCTIONING PROPERLY,CLEAR,"DARKNESS, LIGHTED ROAD",TURNING,DIVIDED - W/MEDIAN BARRIER,,STRAIGHT AND LEVEL,DRY,NO DEFECTS,,NO INJURY / DRIVE AWAY,Y,,,"OVER $1,500",7/15/2021 23:15,FAILING TO YIELD RIGHT-OF-WAY,NOT APPLICABLE,3700,W,MARQUETTE RD,833,,,,,,,2,NO INDICATION OF INJURY,0,0,0,0,0,3,0,21,5,7,41.77159494,-87.71534929,POINT (-87.715349285832 41.771594936175)
027fc8a458e8171522bd3791e92df5de9f4eb38604514c9d88a39933d5ec05f8d0f1220d2c76deb1a75602cbc0b925dbe090049c8d34c041cfb4b8fc584cc730,JF170509,,3/11/2022 11:30,25,NO CONTROLS,NO CONTROLS,CLEAR,DAYLIGHT,TURNING,NOT DIVIDED,,STRAIGHT AND LEVEL,DRY,NO DEFECTS,NOT ON SCENE (DESK REPORT),NO INJURY / DRIVE AWAY,,,,"OVER $1,500",3/11/2022 14:00,FAILING TO YIELD RIGHT-OF-WAY,DRIVING SKILLS/KNOWLEDGE/EXPERIENCE,5734,N,SHERIDAN RD,2022,,,,,,,2,NO INDICATION OF INJURY,0,0,0,0,0,3,0,11,6,3,41.98659312,-87.6554324,POINT (-87.655432403079 41.98659311589)
175efe608e33dca837afef51a26c1846df83f3208fc5e7cd6a6569fad5cdd0c0bddf7b36cfb137e937011cab295ed5588c8aad039bf13699d9dfd31d000a27ab,JF170671,,3/11/2022 16:00,35,TRAFFIC SIGNAL,FUNCTIONING PROPERLY,CLEAR,DAYLIGHT,REAR END,DIVIDED - W/MEDIAN (NOT RAISED),,STRAIGHT AND LEVEL,DRY,NO DEFECTS,NOT ON SCENE (DESK REPORT),NO INJURY / DRIVE AWAY,Y,,Y,"OVER $1,500",3/11/2022 16:30,FOLLOWING TOO CLOSELY,UNABLE TO DETERMINE,6900,S,HALSTED ST,733,,,,,,,2,NO INDICATION OF INJURY,0,0,0,0,0,2,0,16,6,3,41.76874434,-87.64465138,POINT (-87.644651378169 41.768744340933)