CRASH_RECORD_ID,RD_NO,CRASH_DATE_EST_I,CRASH_DATE,POSTED_SPEED_LIMIT,TRAFFIC_CONTROL_DEVICE,DEVICE_CONDITION,WEATHER_CONDITION,LIGHTING_CONDITION,FIRST_CRASH_TYPE,TRAFFICWAY_TYPE,LANE_CNT,ALIGNMENT,ROADWAY_SURFACE_COND,ROAD_DEFECT,REPORT_TYPE,CRASH_TYPE,INTERSECTION_RELATED_I,NOT_RIGHT_OF_WAY_I,HIT_AND_RUN_I,DAMAGE,DATE_POLICE_NOTIFIED,PRIM_CONTRIBUTORY_CAUSE,SEC_CONTRIBUTORY_CAUSE,STREET_NO,STREET_DIRECTION,STREET_NAME,BEAT_OF_OCCURRENCE,PHOTOS_TAKEN_I,STATEMENTS_TAKEN_I,DOORING_I,WORK_ZONE_I,WORK_ZONE_TYPE,WORKERS_PRESENT_I,NUM_UNITS,MOST_SEVERE_INJURY,INJURIES_TOTAL,INJURIES_FATAL,INJURIES_INCAPACITATING,INJURIES_NON_INCAPACITATING,INJURIES_REPORTED_NOT_EVIDENT,INJURIES_NO_INDICATION,INJURIES_UNKNOWN,CRASH_HOUR,CRASH_DAY_OF_WEEK,CRASH_MONTH,LATITUDE,LONGITUDE,LOCATION
0065299a6e161182e1f4a85348ebe03f3d7f6cf0813aeb4410926d90dae2547db6c00ed3f22723b5ec846292b1e04c2ec0e6cc5492e8a1332fb08914a78944c5,JF170675,,3/11/2022 16:00,30,TRAFFIC SIGNAL,FUNCTIONING PROPERLY,CLEAR,DAYLIGHT,TURNING,NOT DIVIDED,,STRAIGHT AND LEVEL,DRY,NO DEFECTS,NOT ON SCENE (DESK REPORT),NO INJURY / DRIVE AWAY,,,,"$501 - $1,500",3/11/2022 16:47,FAILING TO YIELD RIGHT-OF-WAY,FAILING TO REDUCE SPEED TO AVOID CRASH,1750,N,CENTRAL AVE,2531,,,,,,,2,NO INDICATION OF INJURY,0,0,0,0,0,4,0,16,6,3,41.91268303,-87.7657764,POINT (-87.765776398127 41.912683033802)
04a975152d641ab4acc6e023522d27158c2059efb1c86764f10a1371217c5003b436ca3d31b3023a1074bd00d37916d6ef5ffeab39a5ed40e37b2a496d18d1c8,JF170606,,3/11/2022 10:30,30,TRAFFIC SIGNAL,FUNCTIONING PROPERLY,CLEAR,DAYLIGHT,REAR END,DIVIDED - W/MEDIAN BARRIER,,STRAIGHT AND LEVEL,UNKNOWN,UNKNOWN,NOT ON SCENE (DESK REPORT),NO INJURY / DRIVE AWAY,Y,,,"$501 - $1,500",3/11/2022 15:32,FOLLOWING TOO CLOSELY,UNABLE TO DETERMINE,3600,W,47TH ST,821,,,,,,,2,NO INDICATION OF INJURY,0,0,0,0,0,2,0,10,6,3,41.80809777,-87.71429136,POINT (-87.714291357145 41.808097772378)
0c3392cf81c3b3a61cc648be05ab3363180a6a2d596f3bc07a93034ce8d9ca015df554e777ce271702c57355dbafda16968c9c9726fa3e471d62b3cd76349e1d,JF170562,,3/11/2022 14:50,30,NO CONTROLS,NO CONTROLS,CLEAR,DAYLIGHT,REAR END,ONE-WAY,,STRAIGHT AND LEVEL,DRY,NO DEFECTS,ON SCENE,INJURY AND / OR TOW DUE TO CRASH,,,,"OVER $1,500",3/11/2022 14:50,FAILING TO YIELD RIGHT-OF-WAY,NOT APPLICABLE,201,W,MADISON ST,122,,,,,,,2,INCAPACITATING INJURY,1,0,1,0,0,5,0,14,6,3,41.88183547,-87.63389739,POINT (-87.633897388601 41.88183546591)
174d9c610aca87e2d3c6f173998e94d19084a21f2e313be261cd0c48c6b67ab286954d449e3f0d75818158189018e8ac1fad40ae78a2879eca8f02927675b27d,JF169943,,3/11/2022 0:35,30,NO CONTROLS,NO CONTROLS,SNOW,"DARKNESS, LIGHTED ROAD",FIXED OBJECT,ONE-WAY,,STRAIGHT AND LEVEL,SNOW OR SLUSH,NO DEFECTS,ON SCENE,INJURY AND / OR TOW DUE TO CRASH,,,,"OVER $1,500",3/11/2022 0:35,WEATHER,NOT APPLICABLE,3600,S,WENTWORTH AVE,915,,,,,,,1,NONINCAPACITATING INJURY,1,0,0,1,0,1,0,0,6,3,41.82901818,-87.631611,POINT (-87.631610996711 41.829018182012)
7e2bb2f8298d91f9a7b036eaca0df738445fd2a128286ff1dcb11f2f97c37e90752ff91587d1dfc871766b916f42dfefd9506dcb0cc038ccd3a588ceb05e8996,JF170296,,3/11/2022 11:00,30,TRAFFIC SIGNAL,FUNCTIONING PROPERLY,CLEAR,DAYLIGHT,REAR END,NOT DIVIDED,,STRAIGHT AND LEVEL,DRY,NO DEFECTS,ON SCENE,INJURY AND / OR TOW DUE TO CRASH,,,,"OVER $1,500",3/11/2022 11:01,FOLLOWING TOO CLOSELY,UNABLE TO DETERMINE,555,E,51ST ST,233,,,,,,,4,NONINCAPACITATING INJURY,1,0,0,1,0,4,0,11,6,3,41.80204982,-87.61192836,POINT (-87.611928362486 41.80204982153)
14d9502030a84ac3bb1a5d25060b483ffb1ace906cf4429ad95bc3611d233186b6b9ffbb0ba73dd4016efab63520b7e48571b0e11330cfb0e3b2df893b08da3a,JF177805,,3/18/2022 3:17,30,TRAFFIC SIGNAL,FUNCTIONING PROPERLY,CLEAR,"DARKNESS, LIGHTED ROAD",PARKED MOTOR VEHICLE,DIVIDED - W/MEDIAN (NOT RAISED),,STRAIGHT AND LEVEL,DRY,NO DEFECTS,ON SCENE,INJURY AND / OR TOW DUE TO CRASH,,,,"OVER $1,500",3/18/2022 3:18,UNABLE TO DETERMINE,NOT APPLICABLE,757,N,MICHIGAN AVE,1833,,,,,,,2,NO INDICATION OF INJURY,0,0,0,0,0,1,0,3,6,3,41.89641068,-87.6241333,POINT (-87.624133296552 41.896410675642)
143e1ac9e7b280f5ce08a358adb1eff4ddbb72d1b5a37854e7a20525f9ec271e9407f61dd8be12aba22454a4bde8beea906be02d9c6c70fed2b0db9ab7b886f9,JD196138,,3/26/2020 20:20,30,NO CONTROLS,NO CONTROLS,CLEAR,DARKNESS,SIDESWIPE OPPOSITE DIRECTION,PARKING LOT,,STRAIGHT AND LEVEL,DRY,UNKNOWN,,NO INJURY / DRIVE AWAY,,Y,,"OVER $1,500",3/27/2020 13:29,UNABLE TO DETERMINE,UNABLE TO DETERMINE,300,W,GARFIELD BLVD,935,,,,,,,2,NO INDICATION OF INJURY,0,0,0,0,0,2,0,20,5,3,41.79462283,-87.63306376,POINT (-87.633063763202 41.794622829011)
3b4e57aa5334ed0d77711fee488b38371103d4f4e8d10c00e497f2f8781181d9c3f6d0a1212171575f190f37191d9880265a0c0264089c9347293eb42183df52,JE136579,,2/9/2021 8:00,20,TRAFFIC SIGNAL,FUNCTIONING PROPERLY,SNOW,DAYLIGHT,PARKED MOTOR VEHICLE,ONE-WAY,,STRAIGHT AND LEVEL,SNOW OR SLUSH,OTHER,,NO INJURY / DRIVE AWAY,,,Y,"OVER $1,500",2/9/2021 8:05,UNABLE TO DETERMINE,UNABLE TO DETERMINE,5257,S,ABERDEEN ST,934,,,,,,,2,NO INDICATION OF INJURY,0,0,0,0,0,1,0,8,3,2,41.79799174,-87.6523991,POINT (-87.652399098114 41.79799173575)
03ab39cfbcd4cfe0e64aa7ce0c398f993711d61a7b0909d2bce1f0274f6fef4db232dc54ac399b7394053a4e7a444014ca6344bd8a72ac7529c552659a171c8e,JF171001,,3/11/2022 22:54,30,UNKNOWN,UNKNOWN,CLEAR,DUSK,TURNING,FOUR WAY,,STRAIGHT AND LEVEL,UNKNOWN,UNKNOWN,ON SCENE,NO INJURY / DRIVE AWAY,,,,"$501 - $1,500",3/11/2022 23:48,UNABLE TO DETERMINE,NOT APPLICABLE,7100,S,STONY ISLAND AVE,324,,,,,,,2,NO INDICATION OF INJURY,0,0,0,0,0,2,0,22,6,3,41.76592819,-87.58647008,POINT (-87.586470077922 41.76592819222)
0e4d326782fea013d432bf9ce3c9cb7177a2009e4f46f3f29bbbd305b60959d18287c404c3097a1a7269655208d21f84d9fe8aa64f9a1e4f5a6828213d4cb8b2,JF170187,,3/11/2022 9:45,30,NO CONTROLS,NO CONTROLS,SNOW,DAYLIGHT,PARKED MOTOR VEHICLE,NOT DIVIDED,,STRAIGHT AND LEVEL,SNOW OR SLUSH,NO DEFECTS,ON SCENE,NO INJURY / DRIVE AWAY,,,,"$501 - $1,500",3/11/2022 9:55,UNABLE TO DETERMINE,UNABLE TO DETERMINE,2630,N,HAMPDEN CT,1935,,,,,,,2,NO INDICATION OF INJURY,0,0,0,0,0,1,0,9,6,3,41.93006734,-87.64127822,POINT (-87.641278222835 41.930067337167)
0f056463a6dabaf92c872b754b8c204532d8b8e355ab287f1e24a22c742adb743a74696893691e1d4b5f32d66d728296f6456dc0dc9af475cafc024119fe68b4,JF170779,,3/11/2022 17:30,35,NO CONTROLS,NO CONTROLS,CLEAR,DAYLIGHT,TURNING,FOUR WAY,,STRAIGHT AND LEVEL,DRY,NO DEFECTS,ON SCENE,NO INJURY / DRIVE AWAY,Y,,Y,"OVER $1,500",3/11/2022 17:37,UNABLE TO DETERMINE,UNABLE TO DETERMINE,2568,W,OGDEN AVE,1023,,,,,,,2,NO INDICATION OF INJURY,0,0,0,0,0,2,0,17,6,3,41.86319471,-87.69077894,POINT (-87.69077894323 41.863194704569)
173beb408aae00a6e700127abf3a422622a81d6b38b6991bf2845aea85f2e21a8988617c8b32ed09f933b6f97ef682e8d4c02099e68c35194f13b0ec17f9548b,JF170173,,3/11/2022 8:40,30,NO CONTROLS,NO CONTROLS,CLEAR,DAYLIGHT,SIDESWIPE SAME DIRECTION,NOT DIVIDED,,STRAIGHT AND LEVEL,WET,NO DEFECTS,NOT ON SCENE (DESK REPORT),NO INJURY / DRIVE AWAY,,,,"OVER $1,500",3/11/2022 9:53,UNABLE TO DETERMINE,NOT APPLICABLE,1307,S,PULASKI RD,1011,,,,,,,2,NO INDICATION OF INJURY,0,0,0,0,0,4,0,8,6,3,41.86408477,-87.72496539,POINT (-87.724965393555 41.864084774244)
0698b78b8c2a1eded7be9044f1f5d10ed1c4639ee0523d8e814a771dc4767bffd0d6d40f2812eb8b96a78e2b6c04a07e642d353d6c332b89df42f43871bdb42b,JF166852,,3/8/2022 7:45,30,TRAFFIC SIGNAL,FUNCTIONING PROPERLY,CLEAR,DAYLIGHT,TURNING,FOUR WAY,,STRAIGHT AND LEVEL,DRY,UNKNOWN,NOT ON SCENE (DESK REPORT),NO INJURY / DRIVE AWAY,Y,,,$500 OR LESS,3/8/2022 8:20,IMPROPER TURNING/NO SIGNAL,NOT APPLICABLE,200,W,103RD ST,511,,,,,,,2,NO INDICATION OF INJURY,0,0,0,0,0,2,0,7,3,3,41.70721036,-87.62835881,POINT (-87.628358811514 41.707210358473)
156bf448e477e9234a648dcf4562b31ee35add79df15c20edc50e7164e93c3c181ce6ce3720d1d84ecfc7004041a772ed7fe80c7a9689a081608be7a79914d3f,JE373670,,9/14/2021 18:22,30,NO CONTROLS,NO CONTROLS,CLEAR,"DARKNESS, LIGHTED ROAD",PARKED MOTOR VEHICLE,NOT DIVIDED,,STRAIGHT AND LEVEL,DRY,NO DEFECTS,,INJURY AND / OR TOW DUE TO CRASH,,,Y,"OVER $1,500",9/14/2021 18:23,IMPROPER OVERTAKING/PASSING,UNABLE TO DETERMINE,3407,W,GRAND AVE,1121,,,,,,,2,NO INDICATION OF INJURY,0,0,0,0,0,1,0,18,3,9,41.8998448,-87.71182337,POINT (-87.711823368006 41.899844794692)
3bd485f6322de7090c3d1ae2c99fe6b9e5559c776e9e2dc83f99d98c9a41cd7dfa91e1d432c1d5115e8c82dd6a9d28bb2fa7043b35db2cff29911d158d10c299,JE427816,,10/29/2021 19:00,30,TRAFFIC SIGNAL,FUNCTIONING PROPERLY,RAIN,"DARKNESS, LIGHTED ROAD",REAR TO FRONT,DIVIDED - W/MEDIAN (NOT RAISED),,STRAIGHT AND LEVEL,WET,NO DEFECTS,,NO INJURY / DRIVE AWAY,,,,"OVER $1,500",10/30/2021 12:15,IMPROPER BACKING,FAILING TO REDUCE SPEED TO AVOID CRASH,5043,N,CICERO AVE,1712,,,,,,,2,NO INDICATION OF INJURY,0,0,0,0,0,2,0,19,6,10,41.97287372,-87.74776363,POINT (-87.747763626845 41.972873717112)
13c0ade34c602dea9b829c99fb308568d972eb0581267ad62d73854fc094a59878531811b628374d0f30e7fc175e1adbe8bb7dfe6736e649f7b5c9f80b6c1963,JF170584,,3/10/2022 15:50,30,STOP SIGN/FLASHER,FUNCTIONING PROPERLY,CLOUDY/OVERCAST,DAYLIGHT,FIXED OBJECT,DIVIDED - W/MEDIAN (NOT RAISED),,STRAIGHT AND LEVEL,DRY,"RUT, HOLES",NOT ON SCENE (DESK REPORT),INJURY AND / OR TOW DUE TO CRASH,,,,"$501 - $1,500",3/11/2022 15:10,NOT APPLICABLE,NOT APPLICABLE,10030,S,BEVERLY AVE,2213,,,,,,,1,NO INDICATION OF INJURY,0,0,0,0,0,1,0,15,5,3,41.7104447,-87.65797687,POINT (-87.657976870432 41.710444704325)
163034b481480811120cf902658147d1c90e231025bc6678c068ec43c6e53401a640dbd073edacc75a33cb1e82e5e8466167f7783cb62b440f6134b0578cffbb,JF178867,,3/18/2022 19:15,30,NO CONTROLS,NO CONTROLS,RAIN,"DARKNESS, LIGHTED ROAD",SIDESWIPE SAME DIRECTION,DIVIDED - W/MEDIAN (NOT RAISED),,STRAIGHT AND LEVEL,WET,NO DEFECTS,NOT ON SCENE (DESK REPORT),NO INJURY / DRIVE AWAY,,,Y,"$501 - $1,500",3/18/2022 22:45,IMPROPER LANE USAGE,FAILING TO REDUCE SPEED TO AVOID CRASH,250,W,CERMAK RD,914,,,,,,,2,NO INDICATION OF INJURY,0,0,0,0,0,2,0,19,6,3,41.85293679,-87.63406368,POINT (-87.634063675296 41.852936792243)
16be45a0888525f16da78a1ea77dd60dcffa9c0c544fb50b8a92bc9c2c0d88eb1819f06622fff832187e60ff4a5b247a05617009004d73b9b9d3468d64f2adbf,JF178024,,3/18/2022 9:05,15,NO CONTROLS,OTHER,CLEAR,DAYLIGHT,PARKED MOTOR VEHICLE,ALLEY,,STRAIGHT AND LEVEL,DRY,NO DEFECTS,ON SCENE,NO INJURY / DRIVE AWAY,,,Y,"OVER $1,500",3/18/2022 9:06,IMPROPER BACKING,IMPROPER BACKING,5241,N,WINTHROP AVE,2023,,,,,,,2,NO INDICATION OF INJURY,0,0,0,0,0,1,0,9,6,3,41.97757872,-87.65770025,POINT (-87.657700251672 41.977578716823)
7eff39173fc247daac2138c0081eed17d05fd0704b8af377d00196335d75a51a21df23e2cf4e61f90e471df6e3f82a8ad373f863ad34bc96412cb56f34d6bdc3,JF170621,,3/11/2022 14:58,30,NO CONTROLS,NO CONTROLS,CLEAR,DAYLIGHT,ANGLE,NOT DIVIDED,,STRAIGHT AND LEVEL,DRY,NO DEFECTS,NOT ON SCENE (DESK REPORT),NO INJURY / DRIVE AWAY,,,,"OVER $1,500",3/11/2022 15:40,UNABLE TO DETERMINE,UNABLE TO DETERMINE,1224,W,19TH ST,1233,,,,,,,2,NO INDICATION OF INJURY,0,0,0,0,0,2,0,14,6,3,41.85622865,-87.65744944,POINT (-87.657449437729 41.856228648339)
0bdb90b8fdc5aea555fc8c94bb604a5b9aea0e8159e64340aeef993f33fed5c4ec762c475d50e7a311ce738eb6e111611673614d929b71ffa8c6af97689492fe,JF171123,,3/12/2022 2:17,30,NO CONTROLS,NO CONTROLS,CLEAR,"DARKNESS, LIGHTED ROAD",PARKED MOTOR VEHICLE,ONE-WAY,,STRAIGHT AND LEVEL,DRY,NO DEFECTS,ON SCENE,INJURY AND / OR TOW DUE TO CRASH,,,Y,"OVER $1,500",3/12/2022 2:17,UNABLE TO DETERMINE,UNABLE TO DETERMINE,3244,W,WARREN BLVD,1123,,Y,,,,,2,NO INDICATION OF INJURY,0,0,0,0,0,1,0,2,7,3,41.88196449,-87.70784252,POINT (-87.707842516022 41.881964491023)
0467682320292589ca72448072e9742dc0ee14b20db351a4b4c303134dcac0f19a2e45ea0a735aff1999a072536ba835208cd062a4c2f1839e44bce36bc6b2cd,JF170385,,3/10/2022 8:00,30,TRAFFIC SIGNAL,FUNCTIONING PROPERLY,CLEAR,DAYLIGHT,TURNING,NOT DIVIDED,,STRAIGHT AND LEVEL,DRY,NO DEFECTS,NOT ON SCENE (DESK REPORT),NO INJURY / DRIVE AWAY,,,,"OVER $1,500",3/11/2022 12:30,IMPROPER TURNING/NO SIGNAL,NOT APPLICABLE,11100,S,ST LAWRENCE AVE,531,,,,,,,2,NO INDICATION OF INJURY,0,0,0,0,0,2,0,8,5,3,41.692738,-87.6085583,POINT (-87.608558302425 41.692738004423)
0fd0019d483fa9eb53dc3bb5b3563fce10b8e743144a1659311c4ba8ab8557fb9895508df92a4ed72d39f09020324ec0784a6660f205519959f0eb805021dee8,JF170462,,3/10/2022 19:45,30,TRAFFIC SIGNAL,FUNCTIONING PROPERLY,SNOW,DARKNESS,FIXED OBJECT,DIVIDED - W/MEDIAN (NOT RAISED),,STRAIGHT AND LEVEL,SNOW OR SLUSH,UNKNOWN,NOT ON SCENE (DESK REPORT),NO INJURY / DRIVE AWAY,Y,,,"OVER $1,500",3/11/2022 13:45,UNABLE TO DETERMINE,UNABLE TO DETERMINE,4402,W,76TH ST,833,,,,,,,1,NO INDICATION OF INJURY,0,0,0,0,0,1,0,19,5,3,41.75507728,-87.73249314,POINT (-87.732493139842 41.75507727878)
003a73757ecd5879798c1e69b85065f699b601b9444439dc13e8589fec200ecec972262586784c176e7ffa5ac91af6bc721ded0300ea8eb9d5dda7a7ee5691da,JF170268,,3/11/2022 10:10,30,NO CONTROLS,NO CONTROLS,CLEAR,DAYLIGHT,REAR END,NOT DIVIDED,,STRAIGHT AND LEVEL,DRY,NO DEFECTS,NOT ON SCENE (DESK REPORT),NO INJURY / DRIVE AWAY,,,,"$501 - $1,500",3/11/2022 11:00,FOLLOWING TOO CLOSELY,FOLLOWING TOO CLOSELY,6400,S,CICERO AVE,813,,,,,,,2,NO INDICATION OF INJURY,0,0,0,0,0,2,0,10,6,3,41.7765116,-87.74237234,POINT (-87.742372341405 41.776511601051)
072dba6f2d26c2bf5375ec81576e7a88ecea821f93ca5cb3479e090508778b8899b33fd6077cabd7bd900554f3331e01c64c7f86261dded98da642e61881f652,JF170743,,3/11/2022 16:36,30,TRAFFIC SIGNAL,FUNCTIONING PROPERLY,CLEAR,DAYLIGHT,TURNING,NOT DIVIDED,,STRAIGHT AND LEVEL,DRY,NO DEFECTS,NOT ON SCENE (DESK REPORT),NO INJURY / DRIVE AWAY,Y,,,"OVER $1,500",3/11/2022 17:20,DRIVING ON WRONG SIDE/WRONG WAY,NOT APPLICABLE,7150,N,SHERIDAN RD,2423,,,,,,,2,NO INDICATION OF INJURY,0,0,0,0,0,2,0,16,6,3,42.01258291,-87.66348821,POINT (-87.663488207977 42.012582905034)
18051a4b7720554fbc10e0721f495991d91109de5a179584bd3cddb1ebccf84f1962b49c19a7f9371af2b499549c8ee2046b4c9a8c7797b53f2b715cf92c8b58,JC317657,,6/22/2019 21:00,25,NO CONTROLS,NO CONTROLS,CLEAR,DUSK,PARKED MOTOR VEHICLE,ONE-WAY,,STRAIGHT AND LEVEL,DRY,UNKNOWN,,NO INJURY / DRIVE AWAY,,,Y,"$501 - $1,500",6/22/2019 21:40,UNABLE TO DETERMINE,UNABLE TO DETERMINE,122,S,PARKSIDE AVE,1513,,,,,,,2,NO INDICATION OF INJURY,0,0,0,0,0,1,0,21,7,6,41.8784358,-87.76657014,POINT (-87.766570137147 41.87843579787)
3cbd7d566460bafc88cf526f6ada61f5a99aed248b9d8f1fe4203a796c116760c8cfa60d9e486943ec8669fa0d7268d29d425fd146a8fa58acc9997b4676e314,JE222841,,5/7/2021 16:00,30,NO CONTROLS,NO CONTROLS,CLEAR,DAYLIGHT,SIDESWIPE SAME DIRECTION,NOT DIVIDED,,STRAIGHT AND LEVEL,DRY,NO DEFECTS,,NO INJURY / DRIVE AWAY,,,,"$501 - $1,500",5/7/2021 17:10,IMPROPER OVERTAKING/PASSING,IMPROPER OVERTAKING/PASSING,1447,W,HARRISON ST,1231,,,,,,,2,NO INDICATION OF INJURY,0,0,0,0,0,2,0,16,6,5,41.87407755,-87.66366067,POINT (-87.663660664653 41.874077545811)
3cbea768e713ee400126a1a4cd261b7e8f124cc49c71b360c1f5b054bc663fa51b0d8091759f77b2d9b40d2496ae91a03ffa82ca6a8c2447c74aebb17497cae0,JE433465,,11/4/2021 8:30,30,TRAFFIC SIGNAL,FUNCTIONING PROPERLY,CLEAR,DAYLIGHT,ANGLE,NOT DIVIDED,,STRAIGHT AND LEVEL,DRY,NO DEFECTS,,INJURY AND / OR TOW DUE TO CRASH,Y,,,"OVER $1,500",11/4/2021 8:40,DISREGARDING TRAFFIC SIGNALS,NOT APPLICABLE,4700,S,HALSTED ST,933,,,,,,,3,NONINCAPACITATING INJURY,2,0,0,2,0,1,0,8,5,11,41.80881504,-87.64568295,POINT (-87.645682953152 41.808815039296)
01f340b94b916d747d82b0deec8546f7fb2b5701935eca382da6c210e57e46fb156d97677857593a98f5b55eee85c1ecee8650e3a84ed2f0a3e2ab57236f7a8e,JF170521,,3/11/2022 10:30,30,STOP SIGN/FLASHER,FUNCTIONING PROPERLY,CLEAR,DAYLIGHT,TURNING,FOUR WAY,,STRAIGHT AND LEVEL,DRY,NO DEFECTS,NOT ON SCENE (DESK REPORT),NO INJURY / DRIVE AWAY,Y,,,"OVER $1,500",3/11/2022 14:20,UNABLE TO DETERMINE,UNABLE TO DETERMINE,3001,W,GRAND AVE,1211,,,,,,,2,NO INDICATION OF INJURY,0,0,0,0,0,2,0,10,6,3,41.89646743,-87.70231599,POINT (-87.702315987097 41.896467430198)
3cbed9736136bca8235586473e52a06e30a726785d42794b546f22d9bd59bb2dc52e56ff56cdf94456726594c913f2c56f81696b9bcf164aef4470a1c3c3eab6,JF185480,,3/24/2022 19:00,30,NO CONTROLS,NO CONTROLS,RAIN,"DARKNESS, LIGHTED ROAD",SIDESWIPE SAME DIRECTION,NOT DIVIDED,,STRAIGHT AND LEVEL,WET,NO DEFECTS,NOT ON SCENE (DESK REPORT),NO INJURY / DRIVE AWAY,,,,"$501 - $1,500",3/24/2022 19:42,UNABLE TO DETERMINE,UNABLE TO DETERMINE,625,N,MICHIGAN AVE,1834,,,,,,,2,NO INDICATION OF INJURY,0,0,0,0,0,2,0,19,5,3,41.89329954,-87.6240647,POINT (-87.62406469681 41.893299544116)
09da6c9205e6e34583887fa8182973d4c30d52d716c3afd0247f98f2beb7708773a4dbbaaac000aba2d597bed9c2cb7de7cdf1ed6e47bb38a90073ada1854888,JF170677,,3/11/2022 14:55,30,TRAFFIC SIGNAL,FUNCTIONING PROPERLY,CLEAR,DAYLIGHT,REAR END,NOT DIVIDED,,STRAIGHT AND LEVEL,DRY,NO DEFECTS,ON SCENE,INJURY AND / OR TOW DUE TO CRASH,,,Y,"OVER $1,500",3/11/2022 16:14,FAILING TO REDUCE SPEED TO AVOID CRASH,UNABLE TO DETERMINE,7600,S,YATES BLVD,414,,,,,,,2,NONINCAPACITATING INJURY,2,0,0,2,0,1,0,14,6,3,41.7570665,-87.56648012,POINT (-87.5664801163 41.757066500677)
0e0c43302b32493da653ba06a643728127ab7282d8446accd313fc0bbf6eed0084127fc007cd0b98cbf99277fba4a4faac615816015862127c3815891b89d660,JF170736,,3/11/2022 17:15,30,TRAFFIC SIGNAL,FUNCTIONING PROPERLY,CLEAR,DUSK,REAR END,DIVIDED - W/MEDIAN (NOT RAISED),,STRAIGHT AND LEVEL,DRY,NO DEFECTS,ON SCENE,INJURY AND / OR TOW DUE TO CRASH,,,,"$501 - $1,500",3/11/2022 17:18,FOLLOWING TOO CLOSELY,UNABLE TO DETERMINE,9900,S,WENTWORTH AVE,511,,,,,,,2,NONINCAPACITATING INJURY,1,0,0,1,0,2,0,17,6,3,41.71406518,-87.62863938,POINT (-87.628639376841 41.714065182624)
2acbebe042ba71f823abf43f016d6635feabf2baa7a188ffeabd80f4c1ef28e8e190bc9659b90bc59af1db49c9abe9b95ee6e48ee236616ac878bfa75b58023f,JF163064,,3/4/2022 11:55,30,STOP SIGN/FLASHER,FUNCTIONING PROPERLY,CLEAR,DAYLIGHT,ANGLE,NOT DIVIDED,,STRAIGHT AND LEVEL,DRY,NO DEFECTS,NOT ON SCENE (DESK REPORT),NO INJURY / DRIVE AWAY,,,,"OVER $1,500",3/4/2022 13:00,FAILING TO YIELD RIGHT-OF-WAY,UNABLE TO DETERMINE,630,W,35TH ST,915,,,,,,,2,NO INDICATION OF INJURY,0,0,0,0,0,2,0,11,6,3,41.83091118,-87.64239698,POINT (-87.642396982719 41.830911180131)
141b0336e2ecc95878a58bfe53adad64f9b2f66d083d4804066f5cb2d3376eed6000400ba095fa274027965e834270f3545496da38852fa53d63e3d1ff3f37a0,JF170599,,3/11/2022 15:00,20,STOP SIGN/FLASHER,NO CONTROLS,CLEAR,DAYLIGHT,PEDESTRIAN,FOUR WAY,,STRAIGHT AND LEVEL,DRY,NO DEFECTS,ON SCENE,INJURY AND / OR TOW DUE TO CRASH,Y,,,"OVER $1,500",3/11/2022 15:34,FAILING TO YIELD RIGHT-OF-WAY,NOT APPLICABLE,3358,N,KILBOURN AVE,1731,,,,,,,2,NONINCAPACITATING INJURY,1,0,0,1,0,1,0,15,6,3,41.94248372,-87.73974764,POINT (-87.739747636203 41.942483718998)
17262f613f5345838e908d4457a4501459a06d61822e6add60cf5f6e4f560d4914a4bff49ec423e40281b46d6bbc2ee65528a8eb2fc123a478baeeaa164cac24,JF170090,,3/11/2022 7:50,20,STOP SIGN/FLASHER,FUNCTIONING PROPERLY,SNOW,DAYLIGHT,REAR END,ONE-WAY,,STRAIGHT AND LEVEL,SNOW OR SLUSH,NO DEFECTS,ON SCENE,NO INJURY / DRIVE AWAY,,,,"OVER $1,500",3/11/2022 8:10,WEATHER,WEATHER,8600,S,YATES BLVD,412,,,,,,,2,NO INDICATION OF INJURY,0,0,0,0,0,8,0,7,6,3,41.73893222,-87.56619317,POINT (-87.566193166018 41.738932220764)
048f1206f8a96d69f14b4066a10eed00271de8c17b1be22e70e17952d245bcc93ec305e250c32b52b6c706cdc7d0e6aba347a70d2f4554aa6f0b3bb3741592ed,JF170489,,3/11/2022 12:30,30,UNKNOWN,UNKNOWN,UNKNOWN,UNKNOWN,SIDESWIPE SAME DIRECTION,UNKNOWN,,STRAIGHT AND LEVEL,UNKNOWN,UNKNOWN,NOT ON SCENE (DESK REPORT),NO INJURY / DRIVE AWAY,,,,"OVER $1,500",3/11/2022 14:00,UNABLE TO DETERMINE,NOT APPLICABLE,5030,S,ASHLAND AVE,931,,,,,,,2,NO INDICATION OF INJURY,0,0,0,0,0,2,0,12,6,3,41.80219901,-87.66494336,POINT (-87.664943357307 41.802199011156)
079377b4f572933450b785cc0329333c56c5363d6d1bc2cf5e083438c9be4ddda7ece2189b389ba6e6dbacf1d6fea9b4a362f4b1a4dbdb4fd39b9712845d15ac,JF170761,,3/11/2022 17:32,25,NO CONTROLS,NO CONTROLS,CLEAR,DUSK,REAR END,CENTER TURN LANE,,STRAIGHT AND LEVEL,DRY,NO DEFECTS,ON SCENE,NO INJURY / DRIVE AWAY,,,,"$501 - $1,500",3/11/2022 17:32,UNABLE TO DETERMINE,NOT APPLICABLE,1136,W,SHERIDAN RD,2432,,,,,,,2,NO INDICATION OF INJURY,0,0,0,0,0,2,0,17,6,3,41.99830232,-87.6601207,POINT (-87.660120700412 41.998302323291)
19530e6a0dadc8d5d3d3de5f7f2315d145460ad609e2d5794b00fab94d4cb9415c876c26036159d304c21f2f11c86e582fe1998385623debd4189b1710b70353,JF185958,Y,3/18/2022 20:00,30,NO CONTROLS,NO CONTROLS,UNKNOWN,UNKNOWN,PARKED MOTOR VEHICLE,ONE-WAY,,STRAIGHT AND LEVEL,UNKNOWN,NO DEFECTS,NOT ON SCENE (DESK REPORT),NO INJURY / DRIVE AWAY,,,Y,"OVER $1,500",3/25/2022 10:15,UNABLE TO DETERMINE,UNABLE TO DETERMINE,10857,S,PARNELL AVE,2233,,,,,,,2,NO INDICATION OF INJURY,0,0,0,0,0,1,0,20,6,3,41.69622119,-87.63630773,POINT (-87.636307728334 41.696221185598)