CRASH_RECORD_ID,RD_NO,CRASH_DATE_EST_I,CRASH_DATE,POSTED_SPEED_LIMIT,TRAFFIC_CONTROL_DEVICE,DEVICE_CONDITION,WEATHER_CONDITION,LIGHTING_CONDITION,FIRST_CRASH_TYPE,TRAFFICWAY_TYPE,LANE_CNT,ALIGNMENT,ROADWAY_SURFACE_COND,ROAD_DEFECT,REPORT_TYPE,CRASH_TYPE,INTERSECTION_RELATED_I,NOT_RIGHT_OF_WAY_I,HIT_AND_RUN_I,DAMAGE,DATE_POLICE_NOTIFIED,PRIM_CONTRIBUTORY_CAUSE,SEC_CONTRIBUTORY_CAUSE,STREET_NO,STREET_DIRECTION,STREET_NAME,BEAT_OF_OCCURRENCE,PHOTOS_TAKEN_I,STATEMENTS_TAKEN_I,DOORING_I,WORK_ZONE_I,WORK_ZONE_TYPE,WORKERS_PRESENT_I,NUM_UNITS,MOST_SEVERE_INJURY,INJURIES_TOTAL,INJURIES_FATAL,INJURIES_INCAPACITATING,INJURIES_NON_INCAPACITATING,INJURIES_REPORTED_NOT_EVIDENT,INJURIES_NO_INDICATION,INJURIES_UNKNOWN,CRASH_HOUR,CRASH_DAY_OF_WEEK,CRASH_MONTH,LATITUDE,LONGITUDE,LOCATION
0c84cac85ab0d7b36dffe0de669a83802b2b726f12481f94cf19ee6487d81bca7437fb7bef565c18a22ff276cc8d4f9c263077e996fbede1c94cad5732a2e3a8,JE170203,,3/11/2022 10:00,35,STOP SIGN/FLASHER,FUNCTIONING PROPERLY,SNOW,DAYLIGHT,SIDESWIPE SAME DIRECTION,DIVIDED - W/MEDIAN BARRIER,,STRAIGHT AND LEVEL,SNOW OR SLUSH,NO DEFECTS,ON SCENE,INJURY AND / OR TOW DUE TO CRASH,Y,,,"OVER $1,500",3/11/2022 10:00,IMPROPER LANE USAGE,NOT APPLICABLE,1600,E,83RD PL,412,,,,,,,2,NO INDICATION OF INJURY,0,0,0,0,0,2,0,10,6,3,41.74340729,-87.58524189,POINT (-87.58524188905 41.743407289546)
1139d982106b4a08e3930e6f8b1022e2ab0b3a08040c9fcec1f04237869749ffce8795f5b3da6754bb14ec9c1593f01cb95fef15f83d504fd5aa0e2e3635bc31,JF170247,,3/11/2022 10:45,25,OTHER WARNING SIGN,FUNCTIONING PROPERLY,CLEAR,DAYLIGHT,TURNING,NOT DIVIDED,,STRAIGHT AND LEVEL,DRY,NO DEFECTS,ON SCENE,NO INJURY / DRIVE AWAY,,,,"OVER $1,500",3/11/2022 10:47,UNABLE TO DETERMINE,UNABLE TO DETERMINE,2356,N,MILWAUKEE AVE,1414,,,,,,,2,NO INDICATION OF INJURY,0,0,0,0,0,2,0,10,6,3,41.92395018,-87.69928753,POINT (-87.699287526884 41.923950176633)
146620c282a8e7946a46231675b142148179e093068cbcd4f3bacb8add37da87d62675eadbce50df9603833041d97a457047177839b888e52f9c6cd603ff5d24,JF170982,Y,3/11/2022 16:00,30,NO CONTROLS,NO CONTROLS,CLEAR,DAYLIGHT,PARKED MOTOR VEHICLE,ONE-WAY,,STRAIGHT AND LEVEL,DRY,NO DEFECTS,NOT ON SCENE (DESK REPORT),NO INJURY / DRIVE AWAY,,,Y,"OVER $1,500",3/11/2022 23:16,NOT APPLICABLE,NOT APPLICABLE,6215,W,64TH ST,812,Y,,,,,,2,NO INDICATION OF INJURY,0,0,0,0,0,1,0,16,6,3,41.77583189,-87.7769557,POINT (-87.776955697467 41.775831886476)
017593fa6eed67f2ba995f85fb3c6bf64d68de32c38ccdce3c43fdf8e708ccdca3165956b2c63b260a5ec626f639c8dd8fd6fda9454dfa2019e3c05d005a53fe,JF170126,,3/11/2022 8:30,20,TRAFFIC SIGNAL,FUNCTIONING PROPERLY,CLEAR,DAYLIGHT,REAR END,NOT DIVIDED,,STRAIGHT AND LEVEL,SNOW OR SLUSH,NO DEFECTS,NOT ON SCENE (DESK REPORT),NO INJURY / DRIVE AWAY,,,,"OVER $1,500",3/11/2022 8:45,FOLLOWING TOO CLOSELY,NOT APPLICABLE,6100,S,KOMENSKY AVE,813,,,,,,,2,NO INDICATION OF INJURY,0,0,0,0,0,2,0,8,6,3,41.78218778,-87.72422849,POINT (-87.724228487565 41.782187775752)
2e6311df929a2f655eb2049c4a4c86ab37c025a42c65dcbd081dc0b9f7c0055282e217da8f01bd701140ff0fd24e5bc7fb3ea8d4b8c1b8ad0ec4dbd34fc6b7a8,JF164217,,3/4/2022 11:00,30,NO CONTROLS,NO CONTROLS,CLEAR,DAYLIGHT,PARKED MOTOR VEHICLE,NOT DIVIDED,,STRAIGHT AND LEVEL,DRY,NO DEFECTS,NOT ON SCENE (DESK REPORT),NO INJURY / DRIVE AWAY,,,Y,"OVER $1,500",3/5/2022 13:42,UNABLE TO DETERMINE,NOT APPLICABLE,1113,E,73RD ST,324,,,,,,,2,NO INDICATION OF INJURY,0,0,0,0,0,1,0,11,6,3,41.76220721,-87.59761713,POINT (-87.597617127152 41.762207204792)
81c77228d19584119e0617b8ce4812aa03a0bfede8e35b4cf5ca55f57847fe2df222b32c5d859910c29edf91bc63605467b76a796c81b986bee633bb164e2498,JF170346,,3/11/2022 6:00,30,TRAFFIC SIGNAL,FUNCTIONING PROPERLY,CLEAR,DAYLIGHT,HEAD ON,NOT DIVIDED,,STRAIGHT AND LEVEL,DRY,NO DEFECTS,NOT ON SCENE (DESK REPORT),NO INJURY / DRIVE AWAY,,,Y,"$501 - $1,500",3/11/2022 12:02,DRIVING ON WRONG SIDE/WRONG WAY,UNABLE TO DETERMINE,3700,W,63RD ST,823,,,,,,,2,NO INDICATION OF INJURY,0,0,0,0,0,2,0,6,6,3,41.7788777,-87.71552906,POINT (-87.715529054506 41.778877701173)
17d144b8d08b538e416d821f90e22438c454de3dce32c96f3fec81a47f41dd5885ef7806b157ac1eece0f6080c07495db51bb8e38b360497f6f09a1b56e3f646,JF169304,,3/7/2022 16:50,30,STOP SIGN/FLASHER,FUNCTIONING PROPERLY,CLEAR,DAYLIGHT,REAR END,NOT DIVIDED,,STRAIGHT AND LEVEL,DRY,NO DEFECTS,NOT ON SCENE (DESK REPORT),NO INJURY / DRIVE AWAY,,,,"$501 - $1,500",3/10/2022 13:00,UNABLE TO DETERMINE,NOT APPLICABLE,1061,W,ROOSEVELT RD,1232,,,,,,,2,NO INDICATION OF INJURY,0,0,0,0,0,2,0,16,2,3,41.86694152,-87.65334469,POINT (-87.653344690101 41.866941517204)
09af5ce5e4b55fc12dc1878dc6624bcd986b712bafef1ba9ec46e56978dcf80e3eba293c1d2b75be4bd2975b8847272f929380fde82e9fb6adf3075651d8c858,JF170269,Y,3/10/2022 18:00,25,NO CONTROLS,NO CONTROLS,SNOW,DARKNESS,PARKED MOTOR VEHICLE,ONE-WAY,,STRAIGHT AND LEVEL,WET,NO DEFECTS,NOT ON SCENE (DESK REPORT),NO INJURY / DRIVE AWAY,,,Y,"OVER $1,500",3/11/2022 11:02,UNABLE TO DETERMINE,NOT APPLICABLE,7921,S,THROOP ST,612,,,,,,,2,NO INDICATION OF INJURY,0,0,0,0,0,1,0,18,5,3,41.74972686,-87.65599759,POINT (-87.655997591782 41.749726862839)
1c8b7e93b1e7d67108583b6710856f4c6fd5b863f910159f870e7dd61c992bb6f9a7e570aaf9321dd7b8742b84f393d089c6a89dda743abf340cc137eedd8914,JF178842,,3/18/2022 21:30,15,NO CONTROLS,NO CONTROLS,RAIN,"DARKNESS, LIGHTED ROAD",REAR TO REAR,PARKING LOT,,STRAIGHT AND LEVEL,WET,NO DEFECTS,ON SCENE,NO INJURY / DRIVE AWAY,,,,$500 OR LESS,3/18/2022 21:35,IMPROPER BACKING,NOT APPLICABLE,1919,N,CICERO AVE,2533,,,,,,,2,NO INDICATION OF INJURY,0,0,0,0,0,3,0,21,6,3,41.91571015,-87.74590776,POINT (-87.745907754514 41.915710145553)
7b131a6fc1b5e9f1a2a8faf65c852898d15df263ddb9621004a0454e19541b0b65df95171eedd3686ee8e4d45b69065462fcd69fd185d83650ea7e0fc7942d49,JF162086,,2/24/2022 17:00,20,NO CONTROLS,NO CONTROLS,UNKNOWN,DAYLIGHT,PARKED MOTOR VEHICLE,NOT DIVIDED,,STRAIGHT AND LEVEL,UNKNOWN,UNKNOWN,ON SCENE,NO INJURY / DRIVE AWAY,,,Y,$500 OR LESS,3/3/2022 14:56,UNABLE TO DETERMINE,UNABLE TO DETERMINE,8555,W,BERWYN AVE,1614,,,,,,,2,NO INDICATION OF INJURY,0,0,0,0,0,1,0,17,5,2,41.9750374,-87.84127501,POINT (-87.841275009367 41.975037396206)
3fa6bf9f3a715e606c6d5d821b77f6e8c2f47586da8ac6ade479ddec92dece54967b341240c78a4d57ca595ff41060dbeac6f1977e6317ab0beea95fe8750f0d,JE250646,,6/2/2021 1:10,35,TRAFFIC SIGNAL,FUNCTIONING PROPERLY,CLEAR,"DARKNESS, LIGHTED ROAD",TURNING,FOUR WAY,,STRAIGHT AND LEVEL,DRY,NO DEFECTS,,INJURY AND / OR TOW DUE TO CRASH,Y,,,"OVER $1,500",6/2/2021 1:10,UNABLE TO DETERMINE,UNABLE TO DETERMINE,6700,S,STONY ISLAND AVE,332,,,,,,,2,NO INDICATION OF INJURY,0,0,0,0,0,6,0,1,4,6,41.7732929,-87.58644237,POINT (-87.586442368314 41.773292895851)
8833f89c44529fd7e99063379dd9a205e5c7149da62e78148e851fdddedf5edb6cb4c5fb0c98b67ba14369d4880c7fa8d959347060cb274786a17e3983060778,JF166859,,3/8/2022 8:22,30,STOP SIGN/FLASHER,FUNCTIONING PROPERLY,CLEAR,DAYLIGHT,TURNING,NOT DIVIDED,,STRAIGHT AND LEVEL,DRY,NO DEFECTS,ON SCENE,INJURY AND / OR TOW DUE TO CRASH,,,,"OVER $1,500",3/8/2022 8:22,UNABLE TO DETERMINE,UNABLE TO DETERMINE,1700,E,87TH ST,412,,,,,,,2,INCAPACITATING INJURY,3,0,1,1,1,0,0,8,3,3,41.73706618,-87.58264431,POINT (-87.582644314416 41.737066179084)
0d9a82be40ca484dec93b45ffee7043c0e0161e86acf936278c464e6ef764226d37d8ce0624007ce3ea633e721d1a6e3e10c1f083d5a7d9cdc333b8a1a6c0885,JF170674,,3/11/2022 16:30,30,TRAFFIC SIGNAL,FUNCTIONING PROPERLY,CLEAR,DAYLIGHT,TURNING,T-INTERSECTION,,STRAIGHT AND LEVEL,DRY,NO DEFECTS,ON SCENE,INJURY AND / OR TOW DUE TO CRASH,Y,,,"OVER $1,500",3/11/2022 16:31,FAILING TO YIELD RIGHT-OF-WAY,UNABLE TO DETERMINE,2198,S,STATE ST,131,,Y,,,,,2,NONINCAPACITATING INJURY,2,0,0,2,0,1,0,16,6,3,41.85293838,-87.62723636,POINT (-87.627236354842 41.852938380039)
25ca387c7decdcb27dba09e7373f57ab09d2a13d1214d1f0394fb92dc25ff242e160bfe33f76ba249bb154be46e64b6d3feab5ec3375712f4b75b1eacccb4f0d,JF170625,,3/11/2022 14:15,30,TRAFFIC SIGNAL,FUNCTIONING PROPERLY,CLEAR,DAYLIGHT,REAR END,DIVIDED - W/MEDIAN (NOT RAISED),,STRAIGHT AND LEVEL,DRY,NO DEFECTS,NOT ON SCENE (DESK REPORT),NO INJURY / DRIVE AWAY,,,,"OVER $1,500",3/11/2022 16:05,UNABLE TO DETERMINE,UNABLE TO DETERMINE,7448,S,STONY ISLAND AVE,324,,,,,,,2,NO INDICATION OF INJURY,0,0,0,0,0,2,0,14,6,3,41.75912382,-87.58629429,POINT (-87.586294285414 41.759123814896)
3267edf8c9200c6b36991e540fcc9d7d5c1c896673e6e950bf9a82b0f15d743c406427be0399a5f09df0989be0514fca46252ba381801ec97c0e4e564fe33dc9,JF170701,Y,3/11/2022 16:35,10,NO CONTROLS,NO CONTROLS,CLEAR,DAYLIGHT,FIXED OBJECT,PARKING LOT,,STRAIGHT AND LEVEL,DRY,NO DEFECTS,ON SCENE,NO INJURY / DRIVE AWAY,,Y,,"OVER $1,500",3/11/2022 16:55,DRIVING SKILLS/KNOWLEDGE/EXPERIENCE,NOT APPLICABLE,5000,W,IRVING PARK RD,1624,,,,,,,1,NO INDICATION OF INJURY,0,0,0,0,0,1,0,16,6,3,41.95346817,-87.75230593,POINT (-87.752305934094 41.953468170031)
4113b7d05dc825c3548b2c97a3aa84fa6e807bd108dabca169678ace898d98ff386bdbc293741c4cf0d84553cdfc865a8e99af78a07f829b046517b8b63af9f2,JF185041,,3/24/2022 13:25,30,STOP SIGN/FLASHER,FUNCTIONING PROPERLY,RAIN,DAYLIGHT,PARKED MOTOR VEHICLE,NOT DIVIDED,,STRAIGHT AND LEVEL,WET,NO DEFECTS,ON SCENE,INJURY AND / OR TOW DUE TO CRASH,,,Y,"OVER $1,500",3/24/2022 13:41,"OPERATING VEHICLE IN ERRATIC, RECKLESS, CARELESS, NEGLIGENT OR AGGRESSIVE MANNER",NOT APPLICABLE,6600,S,MORGAN ST,724,,,,,,,2,NO INDICATION OF INJURY,0,0,0,0,0,3,0,13,5,3,41.77412895,-87.649646,POINT (-87.649645997334 41.774128953826)
3dfaed03c60f0467f501df263cf2b0d49d720361e0db932222fa4bb1141fbb346f6a92299315b261bf70a14c0705edab402ae64de8ef28de8fc614e84589f564,JF169723,,3/10/2022 18:44,30,TRAFFIC SIGNAL,FUNCTIONING PROPERLY,CLEAR,DUSK,TURNING,NOT DIVIDED,,STRAIGHT AND LEVEL,DRY,NO DEFECTS,ON SCENE,NO INJURY / DRIVE AWAY,Y,,,"$501 - $1,500",3/10/2022 18:45,DISREGARDING YIELD SIGN,UNABLE TO DETERMINE,800,W,EXCHANGE AVE,925,,,,,,,2,NO INDICATION OF INJURY,0,0,0,0,0,2,0,18,5,3,41.81873555,-87.64592066,POINT (-87.645920663527 41.818735554174)
2923657e9ff46ae73e4427d5cda1feed78d2753919ad545254c6f9d5b8ea6ddc10738e0cb29dcf31679854dcbb740d94935a7ad855b22cc08ac6a832b44de70a,JF170740,,3/11/2022 17:21,30,TRAFFIC SIGNAL,FUNCTIONING PROPERLY,CLEAR,DAYLIGHT,TURNING,FOUR WAY,,STRAIGHT AND LEVEL,DRY,NO DEFECTS,ON SCENE,INJURY AND / OR TOW DUE TO CRASH,Y,,,"OVER $1,500",3/11/2022 17:40,UNABLE TO DETERMINE,UNABLE TO DETERMINE,5100,S,ASHLAND AVE,932,,,,,,,2,NO INDICATION OF INJURY,0,0,0,0,0,2,0,17,6,3,41.80122506,-87.66492096,POINT (-87.664920957694 41.801225060191)
6ce5210da4d98637d854f76aec084072dafedeb625f7122693e8d015178d39f47acb6c9d366998449f4a0b87257e4dd8e8ab3bff1ed94b059d1624cee4e80b5b,JF170533,,3/5/2022 20:00,40,NO CONTROLS,NO CONTROLS,CLEAR,DARKNESS,OTHER NONCOLLISION,DIVIDED - W/MEDIAN BARRIER,,STRAIGHT AND LEVEL,OTHER,OTHER,NOT ON SCENE (DESK REPORT),NO INJURY / DRIVE AWAY,,,,"$501 - $1,500",3/11/2022 14:25,ROAD ENGINEERING/SURFACE/MARKING DEFECTS,UNABLE TO DETERMINE,1200,N,LAKE SHORE DR SB,1824,,,,,,,1,NO INDICATION OF INJURY,0,0,0,0,0,1,0,20,7,3,41.90407674,-87.62480394,POINT (-87.624803937073 41.904076743028)
7cfde99853046450ab4ce69642735b81c916b0585ff82247dbd3c08df1f26833978ae2d630c27c62278fdf540ebab81384125766d323250b4c446bde8a0db38e,JF169438,,3/8/2022 20:05,30,UNKNOWN,UNKNOWN,UNKNOWN,DARKNESS,SIDESWIPE SAME DIRECTION,DIVIDED - W/MEDIAN (NOT RAISED),,STRAIGHT AND LEVEL,DRY,NO DEFECTS,NOT ON SCENE (DESK REPORT),NO INJURY / DRIVE AWAY,,,,"OVER $1,500",3/10/2022 14:45,UNABLE TO DETERMINE,UNABLE TO DETERMINE,1544,W,DIVERSEY PKWY,1932,,,,,,,2,NO INDICATION OF INJURY,0,0,0,0,0,2,0,20,3,3,41.93252052,-87.66779492,POINT (-87.667794923878 41.932520520556)
50b78c8c589992367d8bde70d4f2aa7d7e2a0bb5a98a6031d74fcdaf48c000c36ea6efb3b9b1977e917445814ad8c5e643aa7f78256f9054f503cee89756a629,JF170668,,3/11/2022 16:08,30,STOP SIGN/FLASHER,FUNCTIONING PROPERLY,CLEAR,DAYLIGHT,ANGLE,FOUR WAY,,STRAIGHT AND LEVEL,DRY,NO DEFECTS,ON SCENE,NO INJURY / DRIVE AWAY,Y,,,"$501 - $1,500",3/11/2022 16:08,FAILING TO YIELD RIGHT-OF-WAY,DISTRACTION - FROM INSIDE VEHICLE,7500,S,DANTE AVE,411,,,,,,,2,NO INDICATION OF INJURY,0,0,0,0,0,3,0,16,6,3,41.75864192,-87.58972937,POINT (-87.589729365908 41.758641916753)
64a92353ff7a4fd6c3a5b225f0990464da3ec3c0a28c8f2a5f73965d9349c78f2cfd731dfc5d30cb23ac4c8fd34d62f3e5dbf08c2a5665fffb5136bb35c4f415,JF170769,,3/11/2022 15:30,30,NO CONTROLS,NO CONTROLS,CLEAR,DAYLIGHT,SIDESWIPE SAME DIRECTION,NOT DIVIDED,,STRAIGHT AND LEVEL,DRY,NO DEFECTS,NOT ON SCENE (DESK REPORT),NO INJURY / DRIVE AWAY,,,,"$501 - $1,500",3/11/2022 18:00,UNABLE TO DETERMINE,UNABLE TO DETERMINE,111,S,MICHIGAN AVE,114,,,,,,,2,NO INDICATION OF INJURY,0,0,0,0,0,2,0,15,6,3,41.88052782,-87.62420947,POINT (-87.624209465859 41.880527821931)
2183098cf8156f939491aaffc6a98e0546940228cd5eb1829c0ea16aea6b0c797b974e9425dacfcd4b5d73d7d37fa2c063a02b165b6632eaf293343247e3ec23,JF170472,,3/10/2022 23:40,30,NO CONTROLS,NO CONTROLS,CLEAR,DAYLIGHT,PARKED MOTOR VEHICLE,NOT DIVIDED,,STRAIGHT AND LEVEL,DRY,NO DEFECTS,NOT ON SCENE (DESK REPORT),NO INJURY / DRIVE AWAY,,,,"$501 - $1,500",3/11/2022 13:38,UNABLE TO DETERMINE,UNABLE TO DETERMINE,213,W,INSTITUTE PL,1823,,,,,,,2,NO INDICATION OF INJURY,0,0,0,0,0,1,0,23,5,3,41.89730374,-87.63480417,POINT (-87.634804167728 41.897303738773)
1d3332fdc65614628c213370b0d1148625cf14d1edc56e595bfe333849d223dedf5115a9964f7e828d39f170b0e66817d28ac6324581c3b5513a5899a90d4b1f,JE318309,,7/29/2021 10:00,30,NO CONTROLS,NO CONTROLS,CLEAR,DAYLIGHT,REAR END,NOT DIVIDED,,STRAIGHT AND LEVEL,DRY,NO DEFECTS,,NO INJURY / DRIVE AWAY,,,Y,"OVER $1,500",7/29/2021 10:08,UNABLE TO DETERMINE,NOT APPLICABLE,10126,S,DR MARTIN LUTHER KING JR DR,511,,,,,,,2,NO INDICATION OF INJURY,0,0,0,0,0,3,0,10,5,7,41.71013142,-87.61398911,POINT (-87.613989110746 41.710131423766)
3fd882a688dcf9d6559a5edfe777d513e2edfd792f987fed689b7b2364f2e52fe4965126da89f610d71bff251ad519354d00e6813a015825047b4131d072c2f5,JF170256,,3/11/2022 10:47,30,OTHER,UNKNOWN,OTHER,DAYLIGHT,TURNING,OTHER,,STRAIGHT AND LEVEL,UNKNOWN,UNKNOWN,NOT ON SCENE (DESK REPORT),NO INJURY / DRIVE AWAY,,,,"$501 - $1,500",3/11/2022 11:00,UNABLE TO DETERMINE,UNABLE TO DETERMINE,6315,S,KEDZIE AVE,823,,,,,,,2,NO INDICATION OF INJURY,0,0,0,0,0,4,0,10,6,3,41.77842134,-87.70297606,POINT (-87.702976058137 41.77842133639)
402aecea3c37cb0868c112fcf838389324b6e8ecc692938a826608c79e3490f1d8a747949b53b3cf967096cfa339e254344f6eef5b50e05f5ad7a785b3403d04,JF170741,,3/11/2022 15:00,30,NO CONTROLS,NO CONTROLS,CLEAR,DAYLIGHT,ANGLE,NOT DIVIDED,,STRAIGHT AND LEVEL,DRY,NO DEFECTS,NOT ON SCENE (DESK REPORT),NO INJURY / DRIVE AWAY,,,,"$501 - $1,500",3/11/2022 17:43,FAILING TO YIELD RIGHT-OF-WAY,FAILING TO REDUCE SPEED TO AVOID CRASH,7100,W,BELMONT AVE,1632,,,,,,,2,NO INDICATION OF INJURY,0,0,0,0,0,4,0,15,6,3,41.93814174,-87.80432802,POINT (-87.804328016099 41.938141744282)
4a5337a14691ddddb1fdccededf187fcd8f2e433d4ba7c2becd85d5c6aee4c434b48c62d1f36c79a2fd4477efc06352306a958aefc81291b2723f14f0cd7fc3d,JF170035,,3/11/2022 6:25,15,OTHER REG. SIGN,FUNCTIONING PROPERLY,SNOW,DAYLIGHT,PARKED MOTOR VEHICLE,ONE-WAY,,STRAIGHT AND LEVEL,ICE,NO DEFECTS,ON SCENE,INJURY AND / OR TOW DUE TO CRASH,,,,"OVER $1,500",3/11/2022 6:34,WEATHER,WEATHER,6435,W,MC LEAN AVE,2512,,,,,,,2,NONINCAPACITATING INJURY,1,0,0,1,0,0,0,6,6,3,41.91665147,-87.78663363,POINT (-87.786633627997 41.916651471725)
82059230a5bc350b72719d2db2e5ac21e5eb3581a922b189c4c9bef94afd43951c5fdee7e64a34fa38ad2ff42d0ec798731c167c34c2b8fddad8392ac415d63d,JF170857,,3/11/2022 19:15,30,TRAFFIC SIGNAL,FUNCTIONING PROPERLY,CLEAR,"DARKNESS, LIGHTED ROAD",REAR END,NOT DIVIDED,,STRAIGHT AND LEVEL,DRY,NO DEFECTS,ON SCENE,NO INJURY / DRIVE AWAY,Y,,,"OVER $1,500",3/11/2022 19:24,UNABLE TO DETERMINE,NOT APPLICABLE,1198,S,CICERO AVE,1533,,,,,,,2,NO INDICATION OF INJURY,0,0,0,0,0,2,0,19,6,3,41.8659742,-87.74490349,POINT (-87.744903494382 41.865974196113)
028379c0d77fc3a67e2638d4ac6517ce272772b0037d2c5ae4897cbd3b1ace1b4a4c30c7e0b1aa4d4f54bc4533fb2cb314ac7bec58cb20fffa4136e8d8005c8a,JF163490,,3/2/2022 7:30,30,NO CONTROLS,NO CONTROLS,CLEAR,DAYLIGHT,ANGLE,ALLEY,,STRAIGHT AND LEVEL,DRY,NO DEFECTS,NOT ON SCENE (DESK REPORT),NO INJURY / DRIVE AWAY,,,Y,"$501 - $1,500",3/4/2022 18:40,FAILING TO YIELD RIGHT-OF-WAY,FAILING TO YIELD RIGHT-OF-WAY,4600,S,MOZART ST,922,,,,,,,2,NO INDICATION OF INJURY,0,0,0,0,0,2,0,7,4,3,41.80998457,-87.69562693,POINT (-87.695626931434 41.809984566147)
a37f59fda6440b6016c3e2143b14aeb796a367d009080bfd5aef9eba8e19095b3d5e64bdff2ac8f06b4fa9b18179909584a5c60f9648d8e8ddd72d433c6e06bf,JF169229,Y,3/10/2022 12:15,15,NO CONTROLS,NO CONTROLS,CLEAR,DAYLIGHT,PARKED MOTOR VEHICLE,PARKING LOT,,STRAIGHT AND LEVEL,DRY,NO DEFECTS,ON SCENE,NO INJURY / DRIVE AWAY,,,,"$501 - $1,500",3/10/2022 12:20,FAILING TO YIELD RIGHT-OF-WAY,NOT APPLICABLE,10000,W,OHARE ST,1651,,,,,,,2,NO INDICATION OF INJURY,0,0,0,0,0,2,0,12,5,3,41.97620114,-87.90530913,POINT (-87.905309125103 41.976201139024)
61377929cd1bdfcdee854de11f784b163f754fc5b5d19e60f17a641eddf7829160fc737326005e4af35aab0d1afa4e26971ecdf6b80af4b14d8a8499a4a5a529,JF170184,N,3/11/2022 8:43,30,OTHER,UNKNOWN,CLEAR,DAYLIGHT,TURNING,NOT DIVIDED,,STRAIGHT AND LEVEL,DRY,UNKNOWN,NOT ON SCENE (DESK REPORT),INJURY AND / OR TOW DUE TO CRASH,,,,"OVER $1,500",3/11/2022 8:53,IMPROPER TURNING/NO SIGNAL,NOT APPLICABLE,1199,S,CANAL ST,124,N,,,,,,2,NO INDICATION OF INJURY,0,0,0,0,0,2,0,8,6,3,41.86731941,-87.63905675,POINT (-87.63905674603 41.867319405339)
c185bd1435a92137d19a3e967236d09ee99e22b49ff1980b10bf79531b9e4e3e72d7a4d26bf6dfaea0058452109dd4369f1b9c74224e91ce9a864899d9a83de8,JF170760,,3/11/2022 17:30,30,NO CONTROLS,NO CONTROLS,CLEAR,DAYLIGHT,PEDESTRIAN,NOT DIVIDED,,STRAIGHT AND LEVEL,DRY,NO DEFECTS,ON SCENE,INJURY AND / OR TOW DUE TO CRASH,Y,,Y,$500 OR LESS,3/11/2022 17:31,FAILING TO YIELD RIGHT-OF-WAY,UNABLE TO DETERMINE,3900,W,47TH ST,821,,,,,,,2,"REPORTED, NOT EVIDENT",1,0,0,0,1,1,0,17,6,3,41.80801181,-87.72118736,POINT (-87.721187355318 41.808011809509)
b46c4c17bdc413f757aa7f9c145886945dcbef59bae55fb0d8b2f9626768bd46f82e6f1ccd51891f891496f9d2c4f41ef895387f623fe1ff9b69492c94dbf355,JF167118,N,3/8/2022 12:05,30,NO CONTROLS,NO CONTROLS,CLEAR,DAYLIGHT,REAR END,DIVIDED - W/MEDIAN BARRIER,,STRAIGHT AND LEVEL,DRY,NO DEFECTS,ON SCENE,INJURY AND / OR TOW DUE TO CRASH,,,,"OVER $1,500",3/8/2022 12:35,FAILING TO REDUCE SPEED TO AVOID CRASH,NOT APPLICABLE,258,E,ROOSEVELT RD,114,,,,,,,3,"REPORTED, NOT EVIDENT",3,0,0,0,3,1,0,12,3,3,41.86762194,-87.62043251,POINT (-87.620432506772 41.867621935698)
a48bb73bfc5509347b7d9d50c8ee46f84e0c25e1caa5bfa28cfa94cffdd60c0292ab91609b3d215726c49b887808a305a6fa7f77b67fc84f80204f9713d0521d,JF169373,,3/10/2022 13:00,35,NO CONTROLS,NO CONTROLS,CLEAR,DAYLIGHT,SIDESWIPE SAME DIRECTION,NOT DIVIDED,,STRAIGHT AND LEVEL,DRY,NO DEFECTS,NOT ON SCENE (DESK REPORT),NO INJURY / DRIVE AWAY,,,,"$501 - $1,500",3/10/2022 14:30,FOLLOWING TOO CLOSELY,FOLLOWING TOO CLOSELY,726,N,FAIRBANKS CT,1833,,,,,,,2,NO INDICATION OF INJURY,0,0,0,0,0,2,0,13,5,3,41.89575658,-87.62049148,POINT (-87.620491480853 41.895756583051)
23f01d0dbf35b5b55bb91b1e98951c2f73bced92c8cac591ef25ecc3dd74faf810360bfab85464911e39e9fb54a1706978d9a1569b7bf1c03d6c59c23f264143,JF170164,,3/11/2022 9:00,30,NO CONTROLS,NO CONTROLS,SNOW,DAYLIGHT,PARKED MOTOR VEHICLE,NOT DIVIDED,,STRAIGHT AND LEVEL,SNOW OR SLUSH,NO DEFECTS,NOT ON SCENE (DESK REPORT),NO INJURY / DRIVE AWAY,,,Y,"OVER $1,500",3/11/2022 9:40,UNABLE TO DETERMINE,NOT APPLICABLE,7305,S,STEWART AVE,731,,,,,,,2,NO INDICATION OF INJURY,0,0,0,0,0,1,0,9,6,3,41.76151541,-87.63442373,POINT (-87.634423733775 41.761515408268)