CRASH_RECORD_ID,RD_NO,CRASH_DATE_EST_I,CRASH_DATE,POSTED_SPEED_LIMIT,TRAFFIC_CONTROL_DEVICE,DEVICE_CONDITION,WEATHER_CONDITION,LIGHTING_CONDITION,FIRST_CRASH_TYPE,TRAFFICWAY_TYPE,LANE_CNT,ALIGNMENT,ROADWAY_SURFACE_COND,ROAD_DEFECT,REPORT_TYPE,CRASH_TYPE,INTERSECTION_RELATED_I,NOT_RIGHT_OF_WAY_I,HIT_AND_RUN_I,DAMAGE,DATE_POLICE_NOTIFIED,PRIM_CONTRIBUTORY_CAUSE,SEC_CONTRIBUTORY_CAUSE,STREET_NO,STREET_DIRECTION,STREET_NAME,BEAT_OF_OCCURRENCE,PHOTOS_TAKEN_I,STATEMENTS_TAKEN_I,DOORING_I,WORK_ZONE_I,WORK_ZONE_TYPE,WORKERS_PRESENT_I,NUM_UNITS,MOST_SEVERE_INJURY,INJURIES_TOTAL,INJURIES_FATAL,INJURIES_INCAPACITATING,INJURIES_NON_INCAPACITATING,INJURIES_REPORTED_NOT_EVIDENT,INJURIES_NO_INDICATION,INJURIES_UNKNOWN,CRASH_HOUR,CRASH_DAY_OF_WEEK,CRASH_MONTH,LATITUDE,LONGITUDE,LOCATION
2d69ab6ec50fefb2120d341e8c8b0a54e5b6e2931ecdbfbfc8490d9998fc8c63462292f48fa88b5f60f3d523952a60cb666d5980971c84b13ff52a54fe5018bb,JF170572,,3/11/2022 14:30,10,NO CONTROLS,NO CONTROLS,CLEAR,DAYLIGHT,PARKED MOTOR VEHICLE,PARKING LOT,,STRAIGHT AND LEVEL,DRY,NO DEFECTS,NOT ON SCENE (DESK REPORT),NO INJURY / DRIVE AWAY,,,Y,"OVER $1,500",3/11/2022 15:20,UNABLE TO DETERMINE,NOT APPLICABLE,2323,W,111TH ST,2212,,,,,,,2,NO INDICATION OF INJURY,0,0,0,0,0,1,0,14,6,3,41.6916792,-87.67977917,POINT (-87.679779172526 41.691679204031)
8fcf2de7fa2f28461f1de8f7241e3ae572d59fee57f7dc49fa3a8c879f30a654c7cd8e2562e47f3677758794fec869012cb7dca27b70393161ff1083e6b13bdd,JF170742,,3/4/2022 17:15,30,NO CONTROLS,NO CONTROLS,CLEAR,DAYLIGHT,REAR END,DIVIDED - W/MEDIAN (NOT RAISED),,STRAIGHT AND LEVEL,DRY,NO DEFECTS,NOT ON SCENE (DESK REPORT),NO INJURY / DRIVE AWAY,,,,"OVER $1,500",3/11/2022 17:15,FOLLOWING TOO CLOSELY,NOT APPLICABLE,3855,W,LAWRENCE AVE,1723,,,,,,,2,NO INDICATION OF INJURY,0,0,0,0,0,3,0,17,6,3,41.96816126,-87.72537704,POINT (-87.725377041999 41.968161254639)
386d891ff771fba3b5cc68f6285d04d417df52cff802daddcec693275606c494aa90b01fd139102fdd043eae818d85012e5a30cc53cc0f83be5d19a4e7051b2b,JF170734,,3/6/2022 8:50,30,NO CONTROLS,NO CONTROLS,CLEAR,DAYLIGHT,TURNING,NOT DIVIDED,,STRAIGHT AND LEVEL,DRY,NO DEFECTS,NOT ON SCENE (DESK REPORT),NO INJURY / DRIVE AWAY,,,,"OVER $1,500",3/11/2022 17:00,FAILING TO REDUCE SPEED TO AVOID CRASH,NOT APPLICABLE,401,E,BEST DR,233,,,,,,,2,NO INDICATION OF INJURY,0,0,0,0,0,2,0,8,1,3,41.78567407,-87.61558834,POINT (-87.615588335525 41.785674070348)
54f1b719ae3d3e70defa9208531ea2b3d110922518a7bed67427eac30c23d9d785f785f61c3ac8b77a7586ba693a1d4d46577c7b862e4d0623dd6989cbf772f4,JF170317,,3/9/2022 16:00,30,NO CONTROLS,NO CONTROLS,CLEAR,DAYLIGHT,REAR END,DIVIDED - W/MEDIAN (NOT RAISED),,STRAIGHT AND LEVEL,DRY,NO DEFECTS,NOT ON SCENE (DESK REPORT),NO INJURY / DRIVE AWAY,,,,"$501 - $1,500",3/11/2022 11:30,UNABLE TO DETERMINE,UNABLE TO DETERMINE,5130,N,KEDZIE AVE,1713,,,,,,,2,NO INDICATION OF INJURY,0,0,0,0,0,2,0,16,4,3,41.97490195,-87.70880511,POINT (-87.708805107134 41.974901948336)
880f5678ee0185c6c056ce8035089f3a2ad736bc9f86ea6e841d4eaada10c18fafb8eab11e50cb4bc35863caa6ce980f61bef6a4c304759e473e5eb6fa35e692,JF169810,,3/10/2022 20:18,30,TRAFFIC SIGNAL,FUNCTIONING PROPERLY,SNOW,DARKNESS,REAR END,NOT DIVIDED,,STRAIGHT AND LEVEL,WET,UNKNOWN,NOT ON SCENE (DESK REPORT),NO INJURY / DRIVE AWAY,,,,"$501 - $1,500",3/10/2022 20:23,FOLLOWING TOO CLOSELY,FOLLOWING TOO CLOSELY,3939,W,OGDEN AVE,1013,,,,,,,2,NO INDICATION OF INJURY,0,0,0,0,0,5,0,20,5,3,41.85128849,-87.72385084,POINT (-87.723850843329 41.851288488406)
cb30e08a1148315705c8a374f008ce95ed2d6e5528cfbce938d6e9907b246467bcc18ba2b2acfe9670be036747241ce3620f5919c48e219ed7be32cdbe2c8cc3,JF169685,,3/10/2022 18:06,35,OTHER,OTHER,CLEAR,"DARKNESS, LIGHTED ROAD",FIXED OBJECT,DIVIDED - W/MEDIAN (NOT RAISED),,STRAIGHT AND LEVEL,DRY,NO DEFECTS,ON SCENE,INJURY AND / OR TOW DUE TO CRASH,,,,"OVER $1,500",3/10/2022 18:08,NOT APPLICABLE,NOT APPLICABLE,2356,N,KEDZIE BLVD,1413,,,,,,,1,"REPORTED, NOT EVIDENT",1,0,0,0,1,0,0,18,5,3,41.92458405,-87.70736257,POINT (-87.707362571326 41.924584046786)
6bf11072701fe5cf7ebeab4c1feb5e74e0bdade956d9ac9ec899e197f4372fcd6a66bd656e73ae35dc8374e15a5ab44b2bd4f94a80a74279adc2671412f3e488,JF168174,,3/7/2022 8:45,30,TRAFFIC SIGNAL,FUNCTIONING PROPERLY,CLEAR,DAYLIGHT,SIDESWIPE SAME DIRECTION,FOUR WAY,,STRAIGHT AND LEVEL,DRY,NO DEFECTS,NOT ON SCENE (DESK REPORT),NO INJURY / DRIVE AWAY,,,,"$501 - $1,500",3/9/2022 12:40,IMPROPER TURNING/NO SIGNAL,UNABLE TO DETERMINE,8701,S,COTTAGE GROVE AVE,632,,,,,,,2,NO INDICATION OF INJURY,0,0,0,0,0,2,0,8,2,3,41.73660608,-87.60467506,POINT (-87.604675060925 41.736606078032)
580773eb23946f199401f619966eab8650122df92df9f43ad6c50d8c2ef1a5824b84f8c1d624ec6d9f90920ffc0e3c8ad699e0c2e7d7bba993ca77e7e1616106,JF170096,,3/11/2022 8:00,15,NO CONTROLS,NO CONTROLS,CLEAR,DAYLIGHT,REAR TO SIDE,ALLEY,,STRAIGHT ON GRADE,ICE,UNKNOWN,NOT ON SCENE (DESK REPORT),NO INJURY / DRIVE AWAY,,,,"$501 - $1,500",3/11/2022 8:30,UNABLE TO DETERMINE,UNABLE TO DETERMINE,2318,W,TOUHY AVE,2411,,,,,,,2,NO INDICATION OF INJURY,0,0,0,0,0,2,0,8,6,3,42.01237046,-87.68836864,POINT (-87.688368640995 42.012370460395)
778f1c40529b0b90711a19c41c1682612006c2964d85c36dc7c6e23e3cc7a22eb8e72455c653d3ab7a8abd1ab671f52bcdbbd99e89e6cfc1fbf2de2837e1e67c,JF170745,,3/11/2022 15:15,25,NO CONTROLS,NO CONTROLS,CLEAR,DAYLIGHT,SIDESWIPE SAME DIRECTION,NOT DIVIDED,,STRAIGHT AND LEVEL,DRY,NO DEFECTS,NOT ON SCENE (DESK REPORT),NO INJURY / DRIVE AWAY,,,,"$501 - $1,500",3/11/2022 17:40,FAILING TO YIELD RIGHT-OF-WAY,FAILING TO YIELD RIGHT-OF-WAY,4400,W,60TH ST,813,,,,,,,2,NO INDICATION OF INJURY,0,0,0,0,0,3,0,15,6,3,41.78412247,-87.73275438,POINT (-87.732754379875 41.784122468445)
9462a54f0b2d1ffc501228d1292e76f35538f301a06e0ab71afb9afaedfd72ff54ac73d7917576211a31f3bd3c83be96952df108bab8f00a3ab2c00ac2e3913d,JF171063,,3/12/2022 1:47,30,TRAFFIC SIGNAL,FUNCTIONING PROPERLY,CLEAR,"DARKNESS, LIGHTED ROAD",OTHER OBJECT,PARKING LOT,,STRAIGHT AND LEVEL,DRY,NO DEFECTS,ON SCENE,INJURY AND / OR TOW DUE TO CRASH,,Y,,"OVER $1,500",3/12/2022 1:49,UNABLE TO DETERMINE,UNABLE TO DETERMINE,3401,S,CALIFORNIA AVE,911,,,,,,,1,NONINCAPACITATING INJURY,1,0,0,1,0,0,0,1,7,3,41.8321338,-87.69472806,POINT (-87.694728059276 41.83213380291)
1ec0d0ea839e2103eb148e4f597c448718be5471031f6c7be3073076e13a64f8ceed3bb6c08db807f06fd8e6772e6d8a3afe5c5f03c2971bb6f5b467ec9da1f5,JE243619,,5/26/2021 14:07,20,TRAFFIC SIGNAL,FUNCTIONING PROPERLY,CLEAR,DAYLIGHT,SIDESWIPE SAME DIRECTION,NOT DIVIDED,,STRAIGHT AND LEVEL,DRY,NO DEFECTS,,INJURY AND / OR TOW DUE TO CRASH,,,Y,$500 OR LESS,5/26/2021 14:15,UNABLE TO DETERMINE,UNABLE TO DETERMINE,6901,S,ASHLAND AVE,734,,,,,,,2,NONINCAPACITATING INJURY,1,0,0,1,0,1,0,14,4,5,41.76846659,-87.6637456,POINT (-87.663745600043 41.768466591422)
65b02110b8e8966bf35ec27f66d4e44b81287bb2c5d268f1579d00740aaa485e0f1bf918989c949feeea4b59314b8e21777b51433e720ab6afafe0ce7998be86,JF170738,,3/10/2022 18:00,30,NO CONTROLS,NO CONTROLS,CLEAR,DUSK,ANGLE,DIVIDED - W/MEDIAN (NOT RAISED),,STRAIGHT AND LEVEL,DRY,NO DEFECTS,NOT ON SCENE (DESK REPORT),NO INJURY / DRIVE AWAY,,,,"OVER $1,500",3/11/2022 17:30,UNABLE TO DETERMINE,UNABLE TO DETERMINE,2811,N,CICERO AVE,2521,,,,,,,2,NO INDICATION OF INJURY,0,0,0,0,0,2,0,18,5,3,41.93187512,-87.7464597,POINT (-87.74645969576 41.931875114586)
200cc30c1aaf87b92dbbdd0925133080fc60f57b55851bd4b8dd1892ac68e211b87045692bea172350837ba3137965d6725ae8e2c7bb79bfd82f64c2e9ce000c,JF178902,,3/18/2022 19:30,30,NO CONTROLS,NO CONTROLS,RAIN,DARKNESS,PARKED MOTOR VEHICLE,ONE-WAY,,STRAIGHT AND LEVEL,WET,NO DEFECTS,,NO INJURY / DRIVE AWAY,,,Y,"OVER $1,500",3/18/2022 23:50,UNABLE TO DETERMINE,NOT APPLICABLE,5514,W,PARKER AVE,2514,,,,,,,2,NO INDICATION OF INJURY,0,0,0,0,0,1,0,19,6,3,41.93049981,-87.76441631,POINT (-87.764416306392 41.930499811059)
a82af4e2e913cdf4ee309e91c408007505b3ddee6d0637cd8f0f5de33674174174114cd7a8022ec815684a498c70457d638993a3d0a0fde729ef5c3432392c7c,JF170161,,3/10/2022 16:00,20,NO CONTROLS,NO CONTROLS,CLEAR,DAYLIGHT,ANGLE,NOT DIVIDED,,STRAIGHT AND LEVEL,DRY,NO DEFECTS,NOT ON SCENE (DESK REPORT),NO INJURY / DRIVE AWAY,,,Y,"$501 - $1,500",3/11/2022 9:30,FAILING TO YIELD RIGHT-OF-WAY,FAILING TO YIELD RIGHT-OF-WAY,5838,S,NORMANDY AVE,811,,,,,,,2,NO INDICATION OF INJURY,0,0,0,0,0,2,0,16,5,3,41.78554962,-87.78903093,POINT (-87.789030924776 41.785549617744)
2616523162fd24863531de7946182c0be34d0a787553a431d17538e3cbe7dbd70eb0d08e6561b7ed46be12107e2e7dc3bc8a40b80ed87e13b407da09d242d536,JF170854,,3/11/2022 11:00,20,NO CONTROLS,NO CONTROLS,CLEAR,DAYLIGHT,PEDESTRIAN,ONE-WAY,,STRAIGHT AND LEVEL,DRY,NO DEFECTS,NOT ON SCENE (DESK REPORT),NO INJURY / DRIVE AWAY,,,,"$501 - $1,500",3/11/2022 19:46,UNABLE TO DETERMINE,NOT APPLICABLE,6325,N,RICHMOND ST,2413,,,,,,,2,NO INDICATION OF INJURY,0,0,0,0,0,2,0,11,6,3,41.99647218,-87.70309401,POINT (-87.703094006109 41.996472183845)
3a02689be737001c608484f126356ec7232c9dadbcb740f6be01dd16ed1d440a906ac34fa0b4a8633d284e75c0c13593d44f49591bee153bd47e3cabe4e98fc4,JF170888,,3/11/2022 20:14,30,TRAFFIC SIGNAL,FUNCTIONING PROPERLY,CLEAR,"DARKNESS, LIGHTED ROAD",SIDESWIPE OPPOSITE DIRECTION,CENTER TURN LANE,,STRAIGHT AND LEVEL,DRY,NO DEFECTS,ON SCENE,INJURY AND / OR TOW DUE TO CRASH,Y,,,"OVER $1,500",3/11/2022 20:15,"OPERATING VEHICLE IN ERRATIC, RECKLESS, CARELESS, NEGLIGENT OR AGGRESSIVE MANNER",FAILING TO REDUCE SPEED TO AVOID CRASH,757,N,ORLEANS ST,1831,,,,,,,3,NO INDICATION OF INJURY,0,0,0,0,0,3,0,20,6,3,41.89650311,-87.63702357,POINT (-87.637023570947 41.896503110759)
7d5aaf4f7e71b7a3794740443b6156cb55c05852e581b24bd8976eb1349a0b33173fbd80fcf0240a1f4810ffbc74b7bc03178be148f46433c5f71e45c6eb6a8d,JF170538,,3/11/2022 13:20,35,TRAFFIC SIGNAL,FUNCTIONING PROPERLY,CLEAR,DAYLIGHT,SIDESWIPE SAME DIRECTION,DIVIDED - W/MEDIAN (NOT RAISED),,STRAIGHT AND LEVEL,DRY,NO DEFECTS,NOT ON SCENE (DESK REPORT),NO INJURY / DRIVE AWAY,Y,,Y,"OVER $1,500",3/11/2022 14:40,IMPROPER OVERTAKING/PASSING,UNABLE TO DETERMINE,6422,W,63RD ST,812,,,,,,,2,NO INDICATION OF INJURY,0,0,0,0,0,2,0,13,6,3,41.77776867,-87.7823369,POINT (-87.782336894618 41.777768668412)
29a8fbb9e22f45b9e458cc0c7cc44207543854aa0e870643fe9bc49c08363f117bdfda734de09f2d85a29dd753d20dd37aab4658d0dd8ed84390703b43c03dfe,JF154314,,2/24/2022 8:04,35,NO CONTROLS,NO CONTROLS,CLEAR,DAYLIGHT,FIXED OBJECT,DIVIDED - W/MEDIAN BARRIER,,STRAIGHT AND LEVEL,DRY,NO DEFECTS,ON SCENE,INJURY AND / OR TOW DUE TO CRASH,,,,"OVER $1,500",2/24/2022 8:10,PHYSICAL CONDITION OF DRIVER,PHYSICAL CONDITION OF DRIVER,12803,S,HALSTED ST,523,,,,,,,1,NO INDICATION OF INJURY,0,0,0,0,0,1,0,8,5,2,41.66126757,-87.64120835,POINT (-87.641208350323 41.661267572313)
0b0f0e990fb4df0fc79fec5a237fa1670b32ea7628c36b703de70e444260c4d6fe5e9614653f605b5388e5d32194cd7622f12a061186772cb4272043d4dc36fc,JF163436,,3/4/2022 12:50,30,NO CONTROLS,NO CONTROLS,CLEAR,DAYLIGHT,REAR TO FRONT,NOT DIVIDED,,STRAIGHT AND LEVEL,DRY,NO DEFECTS,NOT ON SCENE (DESK REPORT),NO INJURY / DRIVE AWAY,,,,"OVER $1,500",3/4/2022 17:50,IMPROPER BACKING,IMPROPER BACKING,3800,W,CHICAGO AVE,1112,,,,,,,2,NO INDICATION OF INJURY,0,0,0,0,0,2,0,12,6,3,41.89552225,-87.72125465,POINT (-87.721254649077 41.895522252759)
440560df589072c930d476c24ffc930a064c2eb8ef6180016e058ff7b8145b924f89cc16c150e9b5247c0498ae466e350cb89b118541b47a9bd3eae31413029f,JF169915,,3/10/2022 21:00,5,NO CONTROLS,NO CONTROLS,UNKNOWN,UNKNOWN,FIXED OBJECT,RAMP,,STRAIGHT ON GRADE,DRY,UNKNOWN,ON SCENE,NO INJURY / DRIVE AWAY,,Y,,"OVER $1,500",3/10/2022 23:50,"OPERATING VEHICLE IN ERRATIC, RECKLESS, CARELESS, NEGLIGENT OR AGGRESSIVE MANNER",UNABLE TO DETERMINE,614,N,ST CLAIR ST,1834,,,,,,,1,NO INDICATION OF INJURY,0,0,0,0,0,1,0,21,5,3,41.89310239,-87.6228591,POINT (-87.622859097206 41.893102386317)
448d036698c0c9d5b0c387a4a146269d6d516f78fc35a603598b95c6e781b2796dfc266cc3426c615fd1d16894072e928fde66284f690db2b64b42ec0180d845,JF170834,,3/11/2022 19:30,30,TRAFFIC SIGNAL,FUNCTIONING PROPERLY,CLEAR,"DARKNESS, LIGHTED ROAD",PEDESTRIAN,FOUR WAY,,STRAIGHT AND LEVEL,DRY,NO DEFECTS,ON SCENE,INJURY AND / OR TOW DUE TO CRASH,Y,,,$500 OR LESS,3/11/2022 19:45,FAILING TO YIELD RIGHT-OF-WAY,UNABLE TO DETERMINE,5201,N,SHERIDAN RD,2023,,,,,,,2,NONINCAPACITATING INJURY,1,0,0,1,0,1,0,19,6,3,41.97648167,-87.65483978,POINT (-87.654839777167 41.976481667612)
51f63030f0d567ed796278d76d4852d4724aa5bc1ac0867fb4e8a74e1516ee7c56ce584759b2ded9cce79ef272a738f1358aaf9e2ed22f9f2db65b9442900689,JF170747,,3/11/2022 17:27,30,STOP SIGN/FLASHER,NO CONTROLS,CLEAR,DAYLIGHT,ANGLE,FOUR WAY,,STRAIGHT AND LEVEL,DRY,NO DEFECTS,ON SCENE,INJURY AND / OR TOW DUE TO CRASH,Y,,,"OVER $1,500",3/11/2022 18:03,FAILING TO YIELD RIGHT-OF-WAY,NOT APPLICABLE,400,S,PLYMOUTH CT,113,,,,,,,2,NO INDICATION OF INJURY,0,0,0,0,0,2,0,17,6,3,41.87684039,-87.62888427,POINT (-87.628884267989 41.876840386233)
047c0ed87161d81f7a7a69ad5822265df628db3caf6b2999410a8ef757743da5a106a770c16ef6c10f3a816b5779bc22fade1e844a3769d9f9a29c17a941a69b,JF162853,,3/4/2022 7:45,25,NO CONTROLS,NO CONTROLS,CLEAR,DAYLIGHT,TURNING,NOT DIVIDED,,STRAIGHT AND LEVEL,DRY,NO DEFECTS,NOT ON SCENE (DESK REPORT),NO INJURY / DRIVE AWAY,,,,"OVER $1,500",3/4/2022 10:15,FAILING TO YIELD RIGHT-OF-WAY,UNABLE TO DETERMINE,2312,W,TOUHY AVE,2411,,,,,,,2,NO INDICATION OF INJURY,0,0,0,0,0,2,0,7,6,3,42.01236932,-87.68813654,POINT (-87.688136538479 42.01236932265)
eba9275c5a5bef4c6a5df874aadc6512ae81267824780b5eb2818ada71d4b572c13172f8fbb187c674d2546e255a3e48d19842f879c43fc2f46ddc0c45cbeecb,JF170294,,3/6/2022 0:01,25,NO CONTROLS,NO CONTROLS,CLEAR,DARKNESS,TURNING,NOT DIVIDED,,STRAIGHT AND LEVEL,DRY,NO DEFECTS,NOT ON SCENE (DESK REPORT),NO INJURY / DRIVE AWAY,,,,"$501 - $1,500",3/11/2022 11:20,FAILING TO REDUCE SPEED TO AVOID CRASH,UNABLE TO DETERMINE,2200,S,LUMBER ST,1235,,,,,,,2,NO INDICATION OF INJURY,0,0,0,0,0,3,0,0,1,3,41.85266245,-87.64203437,POINT (-87.642034370401 41.852662447766)
6440a81c1203f8acdff13e67a0b892802dcab6a408ecdf2c16a054d523ecbc8f92c47f36aab12931b035a52c29a34e77763104dc888d3eaa8896d95213f09a83,JF169426,Y,3/10/2022 12:00,25,STOP SIGN/FLASHER,NO CONTROLS,CLEAR,DAYLIGHT,TURNING,NOT DIVIDED,,STRAIGHT AND LEVEL,DRY,NO DEFECTS,NOT ON SCENE (DESK REPORT),NO INJURY / DRIVE AWAY,Y,,,"OVER $1,500",3/10/2022 14:30,UNABLE TO DETERMINE,UNABLE TO DETERMINE,5200,S,LOOMIS BLVD,934,,,,,,,2,NO INDICATION OF INJURY,0,0,0,0,0,2,0,12,5,3,41.79947096,-87.66001701,POINT (-87.660017009402 41.799470958658)
6f330c4fbedd151b7ad106c98378882d7232f70d5becfedd93a1b16caa0fd12b8a385d7e646e883379cfdeb17fc8bfddcb80df11075e157909aae40ae777949f,JF168996,,3/10/2022 7:35,25,STOP SIGN/FLASHER,NO CONTROLS,CLEAR,DAYLIGHT,ANGLE,T-INTERSECTION,,STRAIGHT AND LEVEL,DRY,UNKNOWN,ON SCENE,INJURY AND / OR TOW DUE TO CRASH,Y,,,"OVER $1,500",3/10/2022 7:35,DISREGARDING STOP SIGN,NOT APPLICABLE,500,S,KILPATRICK AVE,1131,,,,,,,4,NO INDICATION OF INJURY,0,0,0,0,0,3,0,7,5,3,41.87408987,-87.7427453,POINT (-87.742745299086 41.874089874165)
3e0a80ad8e24484898e366234ede0d537578545fe4eacd5b5733983041abb16d822c4d943c706e91fd6c2484b1cb6709dfc4bc9a9e15d0a5817b63d601a0ea1b,JF170851,,3/11/2022 18:55,30,TRAFFIC SIGNAL,FUNCTIONING PROPERLY,CLEAR,"DARKNESS, LIGHTED ROAD",REAR END,T-INTERSECTION,,STRAIGHT AND LEVEL,DRY,NO DEFECTS,ON SCENE,NO INJURY / DRIVE AWAY,Y,,Y,"OVER $1,500",3/11/2022 18:57,FOLLOWING TOO CLOSELY,UNABLE TO DETERMINE,632,W,ROOSEVELT RD,124,,,,,,,3,NO INDICATION OF INJURY,0,0,0,0,0,3,0,18,6,3,41.86731111,-87.64351222,POINT (-87.643512221319 41.867311113284)
43dde5a1117665d74217a6507f7d5346110903ce214a8371bd7d9498b95f23def2c6060fbd9b22fc71c1aae47ad433d0e1b849dd90231dc28c088376536e13cd,JF184512,,3/24/2022 1:22,30,NO CONTROLS,NO CONTROLS,CLEAR,"DARKNESS, LIGHTED ROAD",PARKED MOTOR VEHICLE,ONE-WAY,,STRAIGHT AND LEVEL,DRY,NO DEFECTS,ON SCENE,NO INJURY / DRIVE AWAY,,,,"OVER $1,500",3/24/2022 1:22,IMPROPER BACKING,UNABLE TO DETERMINE,5352,W,IOWA ST,1524,,,,,,,2,NO INDICATION OF INJURY,0,0,0,0,0,2,0,1,5,3,41.8968283,-87.76026844,POINT (-87.760268436439 41.896828300382)
3ef129ac3cf80f90d475807e0a829f742326c98128a9576a66cf6468fe67b6cb371f9ecc608eda316063c115ce2d1be4ff152e0f85870c8493f1db8419169726,JF170832,,3/11/2022 18:46,30,TRAFFIC SIGNAL,FUNCTIONING PROPERLY,UNKNOWN,"DARKNESS, LIGHTED ROAD",TURNING,FOUR WAY,,STRAIGHT AND LEVEL,UNKNOWN,UNKNOWN,ON SCENE,INJURY AND / OR TOW DUE TO CRASH,Y,,,"OVER $1,500",3/11/2022 18:49,UNABLE TO DETERMINE,NOT APPLICABLE,6943,N,SHERIDAN RD,2431,,,,,,,2,NO INDICATION OF INJURY,0,0,0,0,0,3,0,18,6,3,42.00794425,-87.66152944,POINT (-87.661529443876 42.007944253129)
831fc1609e89082b0b4a8bbd16e7e74f7ca20417abb18be3a16b5ea8854de5fda3e78182f9337e4cf0a594b662c3e481b6d8cd6e754c0fc3abe0e914d337408a,JF170882,,3/6/2022 16:00,25,TRAFFIC SIGNAL,FUNCTIONING PROPERLY,CLEAR,DAYLIGHT,REAR END,DIVIDED - W/MEDIAN BARRIER,,STRAIGHT AND LEVEL,DRY,UNKNOWN,NOT ON SCENE (DESK REPORT),NO INJURY / DRIVE AWAY,,,,"OVER $1,500",3/11/2022 20:00,FOLLOWING TOO CLOSELY,FAILING TO REDUCE SPEED TO AVOID CRASH,7500,S,SOUTH CHICAGO AVE,624,,,,,,,2,NO INDICATION OF INJURY,0,0,0,0,0,2,0,16,1,3,41.75860901,-87.59572136,POINT (-87.595721360538 41.758609006103)
8075b8a50f66bcadf6a8e3a5557165c4feb3a7a6b8252e1a2d1093384649153b7e882413e1e75bdef9a7afd163090087873618f11b0f1587a6b5d1539ff7a961,JF170884,,3/11/2022 17:20,30,TRAFFIC SIGNAL,FUNCTIONING PROPERLY,CLEAR,"DARKNESS, LIGHTED ROAD",PEDESTRIAN,DIVIDED - W/MEDIAN (NOT RAISED),,STRAIGHT AND LEVEL,DRY,NO DEFECTS,NOT ON SCENE (DESK REPORT),NO INJURY / DRIVE AWAY,N,,,$500 OR LESS,3/11/2022 20:15,NOT APPLICABLE,NOT APPLICABLE,5149,N,KEDZIE AVE,1713,,,,,,,2,NO INDICATION OF INJURY,0,0,0,0,0,3,0,17,6,3,41.97541443,-87.70852771,POINT (-87.708527712703 41.97541443375)
334ea89790743b9f3611063e9a8b88e8186d9ad92f7a4694f802f3355bd04196c485bdb90dee1ba893c060f4d0895a73d0b25d292b86004e720259ac7ee62eaa,JF171091,,3/12/2022 2:01,30,NO CONTROLS,NO CONTROLS,CLEAR,"DARKNESS, LIGHTED ROAD",TURNING,CENTER TURN LANE,,STRAIGHT AND LEVEL,DRY,NO DEFECTS,ON SCENE,INJURY AND / OR TOW DUE TO CRASH,,,,"OVER $1,500",3/12/2022 2:41,IMPROPER TURNING/NO SIGNAL,"VISION OBSCURED (SIGNS, TREE LIMBS, BUILDINGS, ETC.)",1830,W,FULLERTON AVE,1931,,,,,,,2,NO INDICATION OF INJURY,0,0,0,0,0,2,0,2,7,3,41.9251816,-87.67421299,POINT (-87.674212986739 41.925181600196)
4e2d4fbf2b8c27a1231202543ee5f8fccd738577c741f14804372aa155f17478af03bcf70a953b8bdc2fc07d238a3d89c992faa8cfa4a8d8bba57ba76306d9ab,JF169414,,3/10/2022 13:42,25,TRAFFIC SIGNAL,FUNCTIONING PROPERLY,CLEAR,DAYLIGHT,TURNING,FOUR WAY,,STRAIGHT AND LEVEL,DRY,NO DEFECTS,ON SCENE,NO INJURY / DRIVE AWAY,Y,,,"OVER $1,500",3/10/2022 14:35,IMPROPER TURNING/NO SIGNAL,UNABLE TO DETERMINE,8700,S,COTTAGE GROVE AVE,632,,,,,,,2,NO INDICATION OF INJURY,0,0,0,0,0,3,0,13,5,3,41.73660156,-87.6049681,POINT (-87.604968100168 41.736601558476)
fd63ef81423b0cdbd1a75d127da46833b1219bd5ecb449746b702440186a88be2f4e7d13f185bdae06edf44010a152db46d09e2a4f52709f19de8ec417e564d1,JF169847,,3/10/2022 21:15,30,NO CONTROLS,NO CONTROLS,SNOW,"DARKNESS, LIGHTED ROAD",TURNING,NOT DIVIDED,,STRAIGHT AND LEVEL,WET,NO DEFECTS,ON SCENE,NO INJURY / DRIVE AWAY,,,,"OVER $1,500",3/10/2022 21:18,UNABLE TO DETERMINE,UNABLE TO DETERMINE,6730,S,SOUTH SHORE DR,331,,,,,,,2,NO INDICATION OF INJURY,0,0,0,0,0,4,0,21,5,3,41.77262719,-87.56676654,POINT (-87.566766539599 41.772627186963)
2630635f98751b9c3e6ae4153b33fb5e51a7269a911f4a4f3d10942d13bb76b78c3320b54b0c79b3b4d57898cc165afa724503739e8575b8bb0dd3fe8707aea6,JF170690,,3/11/2022 15:30,30,TRAFFIC SIGNAL,FUNCTIONING PROPERLY,CLEAR,DAYLIGHT,REAR END,NOT DIVIDED,,STRAIGHT AND LEVEL,DRY,NO DEFECTS,NOT ON SCENE (DESK REPORT),NO INJURY / DRIVE AWAY,,,,"OVER $1,500",3/11/2022 16:56,UNABLE TO DETERMINE,UNABLE TO DETERMINE,1658,W,69TH ST,725,,,,,,,2,NO INDICATION OF INJURY,0,0,0,0,0,6,0,15,6,3,41.7686342,-87.66628782,POINT (-87.666287819666 41.768634196353)
44608555433a4630a00a66068e1fd56fa6a7d61bd5b5999eff8162c4eba38398286a6ad3148e06dc7fa757b62014beb62051eebac36867a691996e3c74d823e7,JF184561,,3/24/2022 5:07,30,TRAFFIC SIGNAL,FUNCTIONING PROPERLY,RAIN,"DARKNESS, LIGHTED ROAD",ANGLE,T-INTERSECTION,,STRAIGHT AND LEVEL,WET,UNKNOWN,ON SCENE,INJURY AND / OR TOW DUE TO CRASH,Y,,,"OVER $1,500",3/24/2022 5:35,UNABLE TO DETERMINE,UNABLE TO DETERMINE,5466,S,WENTWORTH AVE,225,,,,,,,2,INCAPACITATING INJURY,1,0,1,0,0,1,0,5,5,3,,,