CRASH_RECORD_ID,RD_NO,CRASH_DATE_EST_I,CRASH_DATE,POSTED_SPEED_LIMIT,TRAFFIC_CONTROL_DEVICE,DEVICE_CONDITION,WEATHER_CONDITION,LIGHTING_CONDITION,FIRST_CRASH_TYPE,TRAFFICWAY_TYPE,LANE_CNT,ALIGNMENT,ROADWAY_SURFACE_COND,ROAD_DEFECT,REPORT_TYPE,CRASH_TYPE,INTERSECTION_RELATED_I,NOT_RIGHT_OF_WAY_I,HIT_AND_RUN_I,DAMAGE,DATE_POLICE_NOTIFIED,PRIM_CONTRIBUTORY_CAUSE,SEC_CONTRIBUTORY_CAUSE,STREET_NO,STREET_DIRECTION,STREET_NAME,BEAT_OF_OCCURRENCE,PHOTOS_TAKEN_I,STATEMENTS_TAKEN_I,DOORING_I,WORK_ZONE_I,WORK_ZONE_TYPE,WORKERS_PRESENT_I,NUM_UNITS,MOST_SEVERE_INJURY,INJURIES_TOTAL,INJURIES_FATAL,INJURIES_INCAPACITATING,INJURIES_NON_INCAPACITATING,INJURIES_REPORTED_NOT_EVIDENT,INJURIES_NO_INDICATION,INJURIES_UNKNOWN,CRASH_HOUR,CRASH_DAY_OF_WEEK,CRASH_MONTH,LATITUDE,LONGITUDE,LOCATION
425d45e7b64e2feffac2b1c71aeb5fa6f5a71cf4023c21fc075344b5f78efcfd2180a6e6db018971826fa89fea13ddf6405e9eaf3a09067f8c5ae8e6bf5c5fc7,JF170066,,3/11/2022 7:30,30,NO CONTROLS,NO CONTROLS,CLEAR,"DARKNESS, LIGHTED ROAD",ANGLE,DIVIDED - W/MEDIAN (NOT RAISED),,STRAIGHT AND LEVEL,DRY,NO DEFECTS,,INJURY AND / OR TOW DUE TO CRASH,,,,"OVER $1,500",3/11/2022 8:00,IMPROPER TURNING/NO SIGNAL,UNABLE TO DETERMINE,3958,W,OGDEN AVE,1013,,,,,,,2,"REPORTED, NOT EVIDENT",1,0,0,0,1,2,0,7,6,3,41.85128839,-87.72451277,POINT (-87.724512770186 41.851288389944)
05589c77dbc44904dc7a7b69486733449f5697bb12e0b5a172c6009f04ce3a0f4405b9572a7f41d0cb5a71b366f167843f5420f75e1a2f6a99592f54dcf95c97,JF163370,,3/4/2022 16:25,35,NO CONTROLS,NO CONTROLS,CLEAR,DAYLIGHT,TURNING,DIVIDED - W/MEDIAN (NOT RAISED),,STRAIGHT AND LEVEL,DRY,NO DEFECTS,ON SCENE,INJURY AND / OR TOW DUE TO CRASH,,,Y,"OVER $1,500",3/4/2022 17:00,NOT APPLICABLE,NOT APPLICABLE,737,E,87TH ST,632,,,,,,,2,NO INDICATION OF INJURY,0,0,0,0,0,2,0,16,6,3,41.73652664,-87.60581268,POINT (-87.605812682882 41.736526636405)
9d13a2bff646541059613935352e3b411eed90263f86266b641911d9641b5030fe15cf206efe23b4278f434efef923ad6626095a882e02545ac0d53bfca9d6b8,JF170031,,3/7/2022 16:49,25,NO CONTROLS,NO CONTROLS,CLEAR,DAYLIGHT,PARKED MOTOR VEHICLE,PARKING LOT,,STRAIGHT AND LEVEL,DRY,NO DEFECTS,NOT ON SCENE (DESK REPORT),NO INJURY / DRIVE AWAY,,,Y,"OVER $1,500",3/11/2022 6:40,UNABLE TO DETERMINE,UNABLE TO DETERMINE,11500,S,MARSHFIELD AVE,2234,,,,,,,2,NO INDICATION OF INJURY,0,0,0,0,0,1,0,16,2,3,41.68470876,-87.66285576,POINT (-87.662855757575 41.684708762863)
450ab369958d10613ce007eceea1bf95d527bdc087fe269d66325899ad0e5f5d8cba3c2a923ccb5d84ef7e12d79b61a9670f5666e3dd9cc1b1e7a94489d244c2,JF185118,,3/24/2022 15:03,30,STOP SIGN/FLASHER,FUNCTIONING PROPERLY,RAIN,DAYLIGHT,PEDESTRIAN,L-INTERSECTION,,STRAIGHT AND LEVEL,WET,NO DEFECTS,ON SCENE,INJURY AND / OR TOW DUE TO CRASH,Y,,,$500 OR LESS,3/24/2022 15:10,UNABLE TO DETERMINE,UNABLE TO DETERMINE,400,E,115TH ST,531,,,,,,,2,NONINCAPACITATING INJURY,1,0,0,1,0,1,0,15,5,3,41.6855362,-87.61312055,POINT (-87.613120549854 41.685536199181)
d0c10d7899577800f38ecd1b2a693af2bf929b45ca8dba046d5046d0035a3a514ab7a359d7963e1abcc5917838d53293334da69644f54d792576adbad5bf3882,JF168077,Y,3/9/2022 7:20,20,NO CONTROLS,NO CONTROLS,CLEAR,DAYLIGHT,TURNING,ONE-WAY,,STRAIGHT AND LEVEL,DRY,NO DEFECTS,NOT ON SCENE (DESK REPORT),NO INJURY / DRIVE AWAY,,,Y,"OVER $1,500",3/9/2022 10:15,NOT APPLICABLE,NOT APPLICABLE,2735,S,KOLIN AVE,1031,,,,,,,3,NO INDICATION OF INJURY,0,0,0,0,0,3,0,7,4,3,41.84123803,-87.73283964,POINT (-87.732839637021 41.841238033459)
300f10c1e39fa2077bf6f5602d563457b68ba7c66a3dbb0747949c6299749ee0d1c3b226bcaf93e5df682631e5262698b171a20305cfce5f02b046ca9d9ec5bf,JF169444,,3/10/2022 11:58,30,NO CONTROLS,NO CONTROLS,CLEAR,DAYLIGHT,PARKED MOTOR VEHICLE,PARKING LOT,,STRAIGHT ON GRADE,DRY,NO DEFECTS,NOT ON SCENE (DESK REPORT),NO INJURY / DRIVE AWAY,,Y,,"OVER $1,500",3/10/2022 14:55,DRIVING SKILLS/KNOWLEDGE/EXPERIENCE,NOT APPLICABLE,1811,W,99TH ST,2213,,,,,,,2,NO INDICATION OF INJURY,0,0,0,0,0,1,0,11,5,3,41.71377652,-87.66772926,POINT (-87.66772925487 41.713776523569)
b44c73e98b6b59faffe33fdb0999914b10ea1b41023845e916d88df690420272e56281a625b22000e16b862afa95c29e37730c6a504492eee439592d690fbbb9,JF169834,,3/10/2022 20:13,45,NO CONTROLS,NO CONTROLS,SNOW,"DARKNESS, LIGHTED ROAD",SIDESWIPE SAME DIRECTION,DIVIDED - W/MEDIAN BARRIER,,"CURVE, LEVEL",SNOW OR SLUSH,UNKNOWN,ON SCENE,INJURY AND / OR TOW DUE TO CRASH,,,Y,"OVER $1,500",3/10/2022 20:33,NOT APPLICABLE,NOT APPLICABLE,4911,S,LAKE SHORE DR NB,222,,,,,,,6,NONINCAPACITATING INJURY,2,0,0,2,0,5,0,20,5,3,41.80586644,-87.58392757,POINT (-87.583927566924 41.805866437077)
d443361c12a5e1f77224b61158273bd66900280427b6f9ef431f6066a57dba5006ca2716c01f65d62da700d26ebbd75fc6e582818398b3bfd5df6867802c7165,JF169470,,3/10/2022 13:49,30,STOP SIGN/FLASHER,FUNCTIONING PROPERLY,CLOUDY/OVERCAST,DAYLIGHT,ANGLE,FOUR WAY,,STRAIGHT AND LEVEL,DRY,NO DEFECTS,ON SCENE,NO INJURY / DRIVE AWAY,Y,,,$500 OR LESS,3/10/2022 13:51,NOT APPLICABLE,UNABLE TO DETERMINE,600,W,111TH ST,2233,,,,,,,2,NO INDICATION OF INJURY,0,0,0,0,0,2,0,13,5,3,41.69252453,-87.63759667,POINT (-87.63759666452 41.692524533233)
60e42203a3f510ec620335e16450cf4a48490d5f1239f0aa804af085bced00b6a231067d729b9018dba759e503da0b23cb19a23c5742bbda0c52dfd6a936e967,JF170739,,3/11/2022 17:13,30,STOP SIGN/FLASHER,NO CONTROLS,CLEAR,DAYLIGHT,PEDESTRIAN,NOT DIVIDED,,STRAIGHT AND LEVEL,DRY,NO DEFECTS,ON SCENE,INJURY AND / OR TOW DUE TO CRASH,,,Y,"OVER $1,500",3/11/2022 17:13,UNABLE TO DETERMINE,UNABLE TO DETERMINE,5739,S,ARCHER AVE,814,,,,,,,3,NONINCAPACITATING INJURY,1,0,0,1,0,2,0,17,6,3,41.79662076,-87.75579384,POINT (-87.755793842305 41.796620759166)
0042714ae50032989faa8f6d0573c2b12801e4a45bdce0beb30abf1bdb2d2a9753abc7a928464b9f0cb8446d8110f15a67e511c9762227255ce2840a89972bfc,JF162962,Y,3/4/2022 8:00,20,NO CONTROLS,NO CONTROLS,CLEAR,DAYLIGHT,PARKED MOTOR VEHICLE,PARKING LOT,,STRAIGHT AND LEVEL,DRY,NO DEFECTS,ON SCENE,NO INJURY / DRIVE AWAY,,,Y,"OVER $1,500",3/4/2022 10:58,UNABLE TO DETERMINE,NOT APPLICABLE,139,N,HOYNE AVE,1223,,,,,,,2,NO INDICATION OF INJURY,0,0,0,0,0,1,0,8,6,3,41.88438638,-87.67901975,POINT (-87.679019747869 41.884386374647)
922c2ea209f16e8d885fd45225c595e9b52065b3d5bd689e6e216295bd54572fa23c6ab8c56e53bcbf6d1a09ae11a216e64f8691a390eec266ba3b160fd4453d,JF166538,,3/7/2022 18:20,30,STOP SIGN/FLASHER,FUNCTIONING PROPERLY,CLEAR,"DARKNESS, LIGHTED ROAD",TURNING,PARKING LOT,,STRAIGHT AND LEVEL,DRY,NO DEFECTS,ON SCENE,INJURY AND / OR TOW DUE TO CRASH,,,,"OVER $1,500",3/7/2022 18:30,FAILING TO YIELD RIGHT-OF-WAY,UNABLE TO DETERMINE,11810,S,MARSHFIELD AVE,2234,,,,,,,2,"REPORTED, NOT EVIDENT",1,0,0,0,1,3,0,18,2,3,41.67897557,-87.66263293,POINT (-87.662632929043 41.678975573332)
743b73764109e7edd9bc3921bce1adaddadb7b71156913bf655d63b1ac38b2eb230560d5ab64f33ef860c4d1d930453f8c4850e9341da258db0ae9e7188dcb59,JF167052,,3/8/2022 11:00,30,TRAFFIC SIGNAL,FUNCTIONING PROPERLY,CLEAR,DAYLIGHT,SIDESWIPE SAME DIRECTION,NOT DIVIDED,,STRAIGHT AND LEVEL,DRY,NO DEFECTS,,NO INJURY / DRIVE AWAY,,,,"OVER $1,500",3/8/2022 11:38,UNABLE TO DETERMINE,UNABLE TO DETERMINE,1550,W,IRVING PARK RD,1912,,,,,,,2,NO INDICATION OF INJURY,0,0,0,0,0,2,0,11,3,3,41.95440107,-87.66897489,POINT (-87.66897488478 41.954401074188)
226885a685fe5fac7cb74b30fce123347d7957fe3f9eb991053b1f0a6edebe2f282ee65e701d0449a79ba35b282cf76b8f2408e5fe3ef1c16ba3df54688ef874,JF179172,,3/18/2022 20:32,30,TRAFFIC SIGNAL,FUNCTIONING PROPERLY,CLEAR,"DARKNESS, LIGHTED ROAD",TURNING,NOT DIVIDED,,STRAIGHT AND LEVEL,DRY,NO DEFECTS,NOT ON SCENE (DESK REPORT),NO INJURY / DRIVE AWAY,,,Y,"OVER $1,500",3/19/2022 10:20,IMPROPER TURNING/NO SIGNAL,FOLLOWING TOO CLOSELY,8801,W,LAWRENCE AVE,1614,,,,,,,2,NO INDICATION OF INJURY,0,0,0,0,0,2,0,20,6,3,41.9662839,-87.84698149,POINT (-87.846981487377 41.96628389844)
273e15d3805e86d2c135a30f833bed758eb1ec9114d147d84897fb57034339a4ca4473d4c960cab5caad01fecb36ff65ecb4af6c72d0c328079b1dd12794512c,JF163428,,3/3/2022 18:30,25,NO CONTROLS,NO CONTROLS,CLEAR,"DARKNESS, LIGHTED ROAD",PEDESTRIAN,OTHER,,STRAIGHT AND LEVEL,DRY,NO DEFECTS,ON SCENE,INJURY AND / OR TOW DUE TO CRASH,,,,"$501 - $1,500",3/4/2022 17:00,UNABLE TO DETERMINE,UNABLE TO DETERMINE,5813,S,ARCHER AVE,814,,,,,,,2,NONINCAPACITATING INJURY,2,0,0,2,0,0,0,18,5,3,41.79613281,-87.75895531,POINT (-87.758955313681 41.796132811367)
4b8c7c6ee62702488eee57412d3921ed9b033df71d64970e6800620426c2a1c104413b84cafa2d60769f137f3392801f4879dbcd67afeacb9277cefdda583f74,JF162373,,3/3/2022 19:19,25,NO CONTROLS,NO CONTROLS,CLEAR,DUSK,ANGLE,NOT DIVIDED,,STRAIGHT AND LEVEL,DRY,NO DEFECTS,ON SCENE,INJURY AND / OR TOW DUE TO CRASH,,,Y,"OVER $1,500",3/3/2022 19:23,UNABLE TO DETERMINE,NOT APPLICABLE,3533,N,LINDER AVE,1633,,,,,,,2,NO INDICATION OF INJURY,0,0,0,0,0,2,0,19,5,3,41.94510203,-87.76412219,POINT (-87.764122188481 41.945102032922)
ca7daba9027fc54abb206ed559448e444132c7f8bb9f090f4233c72b81a6d64eca86d5547b12d96dceddb76f7c0a1f10053a59eb2023601332df4534937e2a74,JF162905,,3/1/2022 8:55,25,NO CONTROLS,NO CONTROLS,CLEAR,DAYLIGHT,PARKED MOTOR VEHICLE,NOT DIVIDED,,STRAIGHT AND LEVEL,DRY,NO DEFECTS,NOT ON SCENE (DESK REPORT),NO INJURY / DRIVE AWAY,,,,"$501 - $1,500",3/4/2022 10:45,UNABLE TO DETERMINE,UNABLE TO DETERMINE,7140,N,SACRAMENTO AVE,2411,,,,,,,2,NO INDICATION OF INJURY,0,0,0,0,0,4,0,8,3,3,42.01135917,-87.70461232,POINT (-87.704612319288 42.011359165104)
15f1a21167130800ebb04d3d3b143f21d36aa317a7d706daaaf1b33a25aeae19fa5f353e8c677278308f95ce565f414a0011057d731f5843528ec706c82708a1,JF163511,,3/4/2022 18:46,30,TRAFFIC SIGNAL,FUNCTIONING PROPERLY,CLEAR,"DARKNESS, LIGHTED ROAD",TURNING,DIVIDED - W/MEDIAN BARRIER,,STRAIGHT AND LEVEL,DRY,NO DEFECTS,ON SCENE,NO INJURY / DRIVE AWAY,Y,,,$500 OR LESS,3/4/2022 18:52,FOLLOWING TOO CLOSELY,NOT APPLICABLE,333,E,ROOSEVELT DR,132,,,,,,,2,NO INDICATION OF INJURY,0,0,0,0,0,2,0,18,6,3,41.86742613,-87.61928513,POINT (-87.619285130191 41.867426130694)
1e6eaa475bfc975545907d5a0ba84ff1df3a3e10a636fdff8c8ae198253b55125dd5ee0dc5dd92a9a17ccedd5faca5fe9549de40feef93caa2d81927c82389b4,JF163220,,3/4/2022 15:17,30,TRAFFIC SIGNAL,FUNCTIONING PROPERLY,CLEAR,DAYLIGHT,REAR END,FOUR WAY,,STRAIGHT AND LEVEL,DRY,NO DEFECTS,ON SCENE,NO INJURY / DRIVE AWAY,Y,,Y,"OVER $1,500",3/4/2022 15:26,FOLLOWING TOO CLOSELY,UNABLE TO DETERMINE,1200,W,18TH ST,1233,,,,,,,3,NO INDICATION OF INJURY,0,0,0,0,0,4,0,15,6,3,41.85806186,-87.65649393,POINT (-87.656493932208 41.858061856331)
46b1ebb5143f5828abc721243c8130dffb13bbbd13bab5df665bc39d0416ddf95d388d844219cdfa625c5525ac9e883aaf3e4db1341b3b75c2dcd11c60d16803,JD332987,,8/15/2020 2:05,15,STOP SIGN/FLASHER,FUNCTIONING PROPERLY,CLEAR,"DARKNESS, LIGHTED ROAD",ANGLE,ONE-WAY,,STRAIGHT AND LEVEL,DRY,NO DEFECTS,,NO INJURY / DRIVE AWAY,,,N,"$501 - $1,500",8/15/2020 2:30,DISREGARDING STOP SIGN,NOT APPLICABLE,1829,E,68TH ST,332,,,,,,,2,NO INDICATION OF INJURY,0,0,0,0,0,2,0,2,7,8,41.77147623,-87.58019086,POINT (-87.5801908602 41.771476234228)
bb80de0146fc174eece7684ce41b09ebfc85fd29fd39f6652929336573b595a76144cbd29e028a22633a173a90fcba2b3ec26f88e09ffb89959674a4e1579bf8,JF163268,,2/14/2022 14:00,30,NO CONTROLS,NO CONTROLS,CLEAR,DAYLIGHT,SIDESWIPE SAME DIRECTION,NOT DIVIDED,,STRAIGHT AND LEVEL,DRY,NO DEFECTS,NOT ON SCENE (DESK REPORT),NO INJURY / DRIVE AWAY,,,,"OVER $1,500",2/24/2022 13:30,DRIVING SKILLS/KNOWLEDGE/EXPERIENCE,NOT APPLICABLE,6000,S,COTTAGE GROVE AVE,313,,,,,,,2,NO INDICATION OF INJURY,0,0,0,0,0,2,0,14,2,2,41.78578373,-87.6061847,POINT (-87.606184701516 41.785783730894)
337e4424a5d39916ea8dfb11fb2b414feba8a6d709d09718cce7b4ef3047153009553544f799d89cb75ba1388ae0296e78edb5c15b5d99dd5a77475f7a38bf30,JF162548,,3/3/2022 23:54,30,TRAFFIC SIGNAL,FUNCTIONING PROPERLY,CLEAR,"DARKNESS, LIGHTED ROAD",REAR END,DIVIDED - W/MEDIAN (NOT RAISED),,STRAIGHT AND LEVEL,DRY,NO DEFECTS,ON SCENE,NO INJURY / DRIVE AWAY,,,,$500 OR LESS,3/3/2022 23:55,PHYSICAL CONDITION OF DRIVER,FAILING TO REDUCE SPEED TO AVOID CRASH,2352,W,BELMONT AVE,1921,,,,,,,2,NO INDICATION OF INJURY,0,0,0,0,0,2,0,23,5,3,41.93956928,-87.6875868,POINT (-87.687586800636 41.939569282248)
6e8544ef7928578a80155e1262690a317cdd311e9ab1d725deb91b10d9a37e99670b4e06a9103af530f34b295f296f9736e6b83ebcd72444641a0dfcb80052e8,JF159913,,3/1/2022 14:30,15,NO CONTROLS,NO CONTROLS,CLEAR,DAYLIGHT,PARKED MOTOR VEHICLE,PARKING LOT,,STRAIGHT AND LEVEL,DRY,NO DEFECTS,ON SCENE,NO INJURY / DRIVE AWAY,,Y,,$500 OR LESS,3/1/2022 14:36,UNABLE TO DETERMINE,UNABLE TO DETERMINE,1220,S,ASHLAND AVE,1233,,,,,,,2,NO INDICATION OF INJURY,0,0,0,0,0,1,0,14,3,3,41.86625418,-87.66652414,POINT (-87.666524140131 41.866254176143)
3930d6500dd82fa448491eb96c7d96e87389047e5ee05741dd5e4488f4bd19b1cd9280e6b7478e60fe76b8910c2293c3ae059751c6138ac50e2a8c2554ba8dd5,JF163310,,3/4/2022 16:00,40,TRAFFIC SIGNAL,FUNCTIONING PROPERLY,CLEAR,DAYLIGHT,SIDESWIPE SAME DIRECTION,DIVIDED - W/MEDIAN BARRIER,,STRAIGHT AND LEVEL,DRY,NO DEFECTS,ON SCENE,INJURY AND / OR TOW DUE TO CRASH,Y,,,"OVER $1,500",3/4/2022 16:03,UNABLE TO DETERMINE,UNABLE TO DETERMINE,1401,S,LAKE SHORE DR W,132,,,,,,,3,NONINCAPACITATING INJURY,1,0,0,1,0,4,0,16,6,3,41.86415309,-87.6186603,POINT (-87.618660297344 41.864153091273)
d7d3ed1a2396655d154bc7612c08407bd571f6750b5bbb2b68bc9d54c1018f50ed3426f04d92dad661ea524fabf430ec2edaa7f8a82324e7e1a0b1c6a2ca40f2,JF163690,,3/4/2022 22:40,30,NO CONTROLS,NO CONTROLS,CLEAR,"DARKNESS, LIGHTED ROAD",SIDESWIPE SAME DIRECTION,ONE-WAY,,STRAIGHT AND LEVEL,DRY,NO DEFECTS,ON SCENE,NO INJURY / DRIVE AWAY,,,,"OVER $1,500",3/4/2022 22:51,IMPROPER OVERTAKING/PASSING,NOT APPLICABLE,816,W,OAKDALE AVE,1933,,,,,,,2,NO INDICATION OF INJURY,0,0,0,0,0,2,0,22,6,3,41.93555352,-87.64983422,POINT (-87.649834218329 41.935553522024)
dea24922fa2e85fcbaf44060e686853d5f5d3e04b91952fbcddc473634e87999ee2aff94cf4479d3980f157f4d8efa103dde15aeb39f13debc6b3abf4ab2c4d6,JF163319,,3/4/2022 15:01,25,OTHER,NO CONTROLS,CLEAR,DAYLIGHT,SIDESWIPE SAME DIRECTION,DIVIDED - W/MEDIAN (NOT RAISED),,STRAIGHT AND LEVEL,DRY,NO DEFECTS,ON SCENE,NO INJURY / DRIVE AWAY,,,Y,"OVER $1,500",3/4/2022 15:44,NOT APPLICABLE,NOT APPLICABLE,2403,N,SACRAMENTO AVE,1414,,,,,,,2,NO INDICATION OF INJURY,0,0,0,0,0,4,0,15,6,3,41.92487873,-87.70217456,POINT (-87.702174555214 41.924878729015)
e051c673c390aebf29dadb831bcfc888f98b2d97ddfc55641c5a881c868e3f9f0f5df7acefa373a370838113f7c6bafb00337a07ae9bea6c39b1b297c7f406f6,JF163816,,3/5/2022 3:43,30,NO CONTROLS,NO CONTROLS,CLEAR,DUSK,PARKED MOTOR VEHICLE,ONE-WAY,,STRAIGHT AND LEVEL,DRY,NO DEFECTS,ON SCENE,INJURY AND / OR TOW DUE TO CRASH,,,Y,"OVER $1,500",3/5/2022 3:43,UNABLE TO DETERMINE,NOT APPLICABLE,2231,N,LECLAIRE AVE,2522,,,,,,,2,NO INDICATION OF INJURY,0,0,0,0,0,1,0,3,7,3,41.92143173,-87.75346187,POINT (-87.753461866689 41.921431727108)
23326564669ae33393e509b9468b72408ff587179a3e5ca8cddf62d30451bdd1e76c522bd5d9193526caba3e63e5b6f43a6b9362bfa0963ea5bfb6acd31e9b9c,JE321540,,7/31/2021 22:00,30,STOP SIGN/FLASHER,FUNCTIONING PROPERLY,CLEAR,DARKNESS,REAR END,T-INTERSECTION,,STRAIGHT AND LEVEL,DRY,NO DEFECTS,,INJURY AND / OR TOW DUE TO CRASH,Y,,Y,"OVER $1,500",7/31/2021 22:30,UNABLE TO DETERMINE,NOT APPLICABLE,1539,E,54TH ST,234,,,,,,,2,NONINCAPACITATING INJURY,1,0,0,1,0,2,0,22,7,7,41.79798343,-87.58764863,POINT (-87.587648626792 41.797983424821)
236470b28f3ae146eaae97044618a70320eb6869b754fcde937a96e63e21788d9a14d6650941b4a0d6198af83ab836283f3bf08ddabc8b8f088191c033a09cbe,JF184750,,3/18/2022 18:10,30,NO CONTROLS,NO CONTROLS,CLEAR,"DARKNESS, LIGHTED ROAD",REAR END,DIVIDED - W/MEDIAN (NOT RAISED),,STRAIGHT AND LEVEL,DRY,NO DEFECTS,NOT ON SCENE (DESK REPORT),NO INJURY / DRIVE AWAY,,,,"$501 - $1,500",3/24/2022 9:20,FAILING TO REDUCE SPEED TO AVOID CRASH,UNABLE TO DETERMINE,2453,N,HARLEM AVE,2512,,,,,,,2,NO INDICATION OF INJURY,0,0,0,0,0,2,0,18,6,3,41.92507214,-87.80614645,POINT (-87.806146446484 41.925072141409)
23b7d3bbe46236500d999c9993abeccecceb195844440a53fd590b886fe8fa435a63c19d5617db9252c53f617057e46911936aee9584df920b413d1a1e0edae5,JF179319,,3/18/2022 20:08,45,NO CONTROLS,NO CONTROLS,CLEAR,"DARKNESS, LIGHTED ROAD",SIDESWIPE SAME DIRECTION,DIVIDED - W/MEDIAN BARRIER,,STRAIGHT AND LEVEL,DRY,NO DEFECTS,NOT ON SCENE (DESK REPORT),NO INJURY / DRIVE AWAY,,,,"OVER $1,500",3/19/2022 13:05,DRIVING SKILLS/KNOWLEDGE/EXPERIENCE,NOT APPLICABLE,5700,S,LAKE SHORE DR,331,,,,,,,2,NO INDICATION OF INJURY,0,0,0,0,0,2,0,20,6,3,41.79142028,-87.58014777,POINT (-87.580147768689 41.791420282098)
add85f59cd642bac5a7f59e09c3e4023a3caf17ee399d863abf78c3387529b7de08a56eebee9ff0fd7d62385b8639451cab8aa8400de92b5e79ca1c07411c94b,JF161485,,3/2/2022 23:55,35,TRAFFIC SIGNAL,UNKNOWN,CLEAR,"DARKNESS, LIGHTED ROAD",TURNING,FOUR WAY,,STRAIGHT AND LEVEL,DRY,UNKNOWN,ON SCENE,NO INJURY / DRIVE AWAY,,,Y,"OVER $1,500",3/3/2022 0:00,IMPROPER TURNING/NO SIGNAL,NOT APPLICABLE,2400,N,DAMEN AVE,1432,,,,,,,2,NO INDICATION OF INJURY,0,0,0,0,0,6,0,23,4,3,41.92503801,-87.67804719,POINT (-87.678047191013 41.92503800641)
9dc0e94ba2b79aae6e360d31eb7354ed8dc5740acec5bdf15c5d515106e8a1fa06ca17ed5fd8ed8f8f9843ee7132c91d39089d89df2bc813f562d5569d9889ef,JF163133,,3/3/2022 16:00,30,NO CONTROLS,NO CONTROLS,CLEAR,DAYLIGHT,PARKED MOTOR VEHICLE,PARKING LOT,,STRAIGHT AND LEVEL,OTHER,UNKNOWN,NOT ON SCENE (DESK REPORT),NO INJURY / DRIVE AWAY,,,Y,"OVER $1,500",3/4/2022 14:00,UNABLE TO DETERMINE,NOT APPLICABLE,7633,S,JEFFERY BLVD,414,,,,,,,2,NO INDICATION OF INJURY,0,0,0,0,0,1,0,16,5,3,41.75606758,-87.57593691,POINT (-87.575936912507 41.756067574527)
c3b31e6e3aca292671db603708817a174906ef79b5cfb1f4ce6b25725b028140f905ba4603fcf64ae3058d3157bfa691bdfe1328abcf7e71799b7acfe147551c,JF169697,,3/10/2022 18:21,30,TRAFFIC SIGNAL,FUNCTIONING PROPERLY,CLEAR,"DARKNESS, LIGHTED ROAD",ANGLE,FOUR WAY,,STRAIGHT AND LEVEL,DRY,NO DEFECTS,ON SCENE,NO INJURY / DRIVE AWAY,Y,,,"OVER $1,500",3/10/2022 18:21,FAILING TO YIELD RIGHT-OF-WAY,FAILING TO REDUCE SPEED TO AVOID CRASH,2399,N,WESTERN AVE,1432,,,,,,,2,NO INDICATION OF INJURY,0,0,0,0,0,2,0,18,5,3,41.92486539,-87.68749357,POINT (-87.687493569402 41.924865389602)
83bf89bb2a43e847969bf8756ed30d098bc2649345e7cbf7deaf6baac8e4037f41a6a24d8083d02300c7cd17a9e1553d64675bfed3059114eabbc733b83e8857,JF170833,,3/11/2022 11:20,20,NO CONTROLS,NO CONTROLS,CLEAR,DAYLIGHT,PARKED MOTOR VEHICLE,NOT DIVIDED,,STRAIGHT AND LEVEL,DRY,NO DEFECTS,NOT ON SCENE (DESK REPORT),NO INJURY / DRIVE AWAY,,,Y,"OVER $1,500",3/11/2022 19:20,UNABLE TO DETERMINE,UNABLE TO DETERMINE,7555,S,CHAPPEL AVE,414,,,,,,,2,NO INDICATION OF INJURY,0,0,0,0,0,1,0,11,6,3,41.75727836,-87.57473798,POINT (-87.574737983981 41.757278355014)
9e1852fae65babed21acce9e4d3200b52507c67775d745cef9b8ba2435823c00073fea39e45858d8c34aa44490770f0b5bf9a96e172ff3a4064b131bc7cc7379,JF161628,,3/2/2022 8:40,30,TRAFFIC SIGNAL,FUNCTIONING PROPERLY,CLEAR,DAYLIGHT,REAR END,NOT DIVIDED,,STRAIGHT AND LEVEL,DRY,NO DEFECTS,NOT ON SCENE (DESK REPORT),NO INJURY / DRIVE AWAY,,,,"$501 - $1,500",3/3/2022 7:00,UNABLE TO DETERMINE,UNABLE TO DETERMINE,7456,S,SOUTH CHICAGO AVE,323,,,,,,,2,NO INDICATION OF INJURY,0,0,0,0,0,2,0,8,4,3,41.75920445,-87.59650511,POINT (-87.596505114364 41.759204445787)
f59ccc0b3e4683ad34e949398a4ecc980d46b7ba9fa71be9d80a7f12c608281097e53201d685eecd9325773404a434af233832988dd63f52823d32c56524b436,JF162683,Y,2/8/2022 8:30,30,TRAFFIC SIGNAL,FUNCTIONING PROPERLY,UNKNOWN,DAYLIGHT,TURNING,NOT DIVIDED,,STRAIGHT AND LEVEL,UNKNOWN,UNKNOWN,NOT ON SCENE (DESK REPORT),NO INJURY / DRIVE AWAY,,,Y,"$501 - $1,500",3/4/2022 7:30,DRIVING SKILLS/KNOWLEDGE/EXPERIENCE,DRIVING SKILLS/KNOWLEDGE/EXPERIENCE,1201,S,STATE ST,131,,,,,,,2,NO INDICATION OF INJURY,0,0,0,0,0,2,0,8,3,2,41.86732954,-87.62727232,POINT (-87.627272324042 41.867329538146)
4814f05acaa00a2aab6647723177e834275a71b0b7b3dfbf9867a6cf9f4a4d9ce9d293e714451089d66b01c5bfe53e1769d19e20dee0defb87257cf3c936ebfa,JF185448,,3/24/2022 12:30,30,NO CONTROLS,NO CONTROLS,CLEAR,DAYLIGHT,TURNING,NOT DIVIDED,,STRAIGHT AND LEVEL,UNKNOWN,NO DEFECTS,NOT ON SCENE (DESK REPORT),NO INJURY / DRIVE AWAY,,,,"$501 - $1,500",3/24/2022 18:54,UNABLE TO DETERMINE,UNABLE TO DETERMINE,200,E,103RD ST,511,,,,,,,2,NO INDICATION OF INJURY,0,0,0,0,0,2,0,12,5,3,41.70734959,-87.61858476,POINT (-87.618584761621 41.707349590259)