CRASH_RECORD_ID,RD_NO,CRASH_DATE_EST_I,CRASH_DATE,POSTED_SPEED_LIMIT,TRAFFIC_CONTROL_DEVICE,DEVICE_CONDITION,WEATHER_CONDITION,LIGHTING_CONDITION,FIRST_CRASH_TYPE,TRAFFICWAY_TYPE,LANE_CNT,ALIGNMENT,ROADWAY_SURFACE_COND,ROAD_DEFECT,REPORT_TYPE,CRASH_TYPE,INTERSECTION_RELATED_I,NOT_RIGHT_OF_WAY_I,HIT_AND_RUN_I,DAMAGE,DATE_POLICE_NOTIFIED,PRIM_CONTRIBUTORY_CAUSE,SEC_CONTRIBUTORY_CAUSE,STREET_NO,STREET_DIRECTION,STREET_NAME,BEAT_OF_OCCURRENCE,PHOTOS_TAKEN_I,STATEMENTS_TAKEN_I,DOORING_I,WORK_ZONE_I,WORK_ZONE_TYPE,WORKERS_PRESENT_I,NUM_UNITS,MOST_SEVERE_INJURY,INJURIES_TOTAL,INJURIES_FATAL,INJURIES_INCAPACITATING,INJURIES_NON_INCAPACITATING,INJURIES_REPORTED_NOT_EVIDENT,INJURIES_NO_INDICATION,INJURIES_UNKNOWN,CRASH_HOUR,CRASH_DAY_OF_WEEK,CRASH_MONTH,LATITUDE,LONGITUDE,LOCATION
2c0711547e8658097008f04c14d094a1519398e8b7d2d129a67416a03ec560caba29dd17ccf8c192069cd8abe78c0ca66066e4cd100b46ba226165958995a481,JF161888,,3/3/2022 11:45,30,STOP SIGN/FLASHER,FUNCTIONING PROPERLY,CLEAR,DAYLIGHT,ANGLE,DIVIDED - W/MEDIAN (NOT RAISED),,STRAIGHT AND LEVEL,DRY,NO DEFECTS,ON SCENE,NO INJURY / DRIVE AWAY,Y,,Y,"OVER $1,500",3/3/2022 11:54,DISREGARDING STOP SIGN,DISREGARDING STOP SIGN,328,N,PULASKI RD,1114,,,,,,,2,NO INDICATION OF INJURY,0,0,0,0,0,4,0,11,5,3,41.88630736,-87.72597543,POINT (-87.725975433306 41.886307363044)
85953b6d8409bb528641aed90d5f8cda6367ca2a2166fee3cdb8bd02d0b7ad0ffbe5ca343e91845f85e0ee9a132ab9d7fd5b021f832f89874b77aadb631ab4a4,JF163389,,3/4/2022 17:05,30,NO CONTROLS,NO CONTROLS,CLEAR,DUSK,REAR END,NOT DIVIDED,,STRAIGHT AND LEVEL,DRY,NO DEFECTS,ON SCENE,INJURY AND / OR TOW DUE TO CRASH,,,,$500 OR LESS,3/4/2022 17:06,FOLLOWING TOO CLOSELY,UNABLE TO DETERMINE,6727,N,CLARK ST,2432,,Y,,,,,2,NONINCAPACITATING INJURY,1,0,0,1,0,2,0,17,6,3,42.00437329,-87.6726231,POINT (-87.672623103415 42.004373292804)
2569f0624a72d20f09bc6d0fc4d7ab2493a83411111b14b2e4b6dc8ce73732a0bd511eaaf8d2ca25cc512cd69e965f958fabaad1c3477f4ed90ce1d6160e4534,JD242357,,5/25/2020 13:07,25,TRAFFIC SIGNAL,FUNCTIONING PROPERLY,CLEAR,DAYLIGHT,PEDESTRIAN,NOT DIVIDED,,STRAIGHT AND LEVEL,DRY,NO DEFECTS,,INJURY AND / OR TOW DUE TO CRASH,Y,,Y,"OVER $1,500",5/25/2020 13:07,DISREGARDING TRAFFIC SIGNALS,FAILING TO REDUCE SPEED TO AVOID CRASH,600,S,CANAL ST,124,Y,Y,,,,,2,FATAL,1,1,0,0,0,5,0,13,2,5,41.87433069,-87.63960074,POINT (-87.639600735438 41.874330690014)
83e2f8a6020882753a18000bdd94d1bcbfbb105c50dec1afd827e71b61eef60e163fe41b7f9e732116e0f5c9e3beb254951ec29422dadd7b03cda576e3ef977e,JF170448,,3/11/2022 7:55,30,NO CONTROLS,NO CONTROLS,SNOW,DAYLIGHT,FIXED OBJECT,NOT DIVIDED,,STRAIGHT AND LEVEL,ICE,UNKNOWN,NOT ON SCENE (DESK REPORT),NO INJURY / DRIVE AWAY,,,,"OVER $1,500",3/11/2022 13:25,WEATHER,WEATHER,5757,N,MELVINA AVE,1622,,,,,,,1,NO INDICATION OF INJURY,0,0,0,0,0,1,0,7,6,3,41.98635552,-87.78267196,POINT (-87.782671956416 41.98635552105)
81deba2aa564b68611684508a2c11a3ab19aba2fc09d8081ff932032d1f8d25ace9c8625425be46b5d7e3f68686b19a9721ea48ff0249a59f7e90322429158a5,JF161281,,3/2/2022 18:45,30,STOP SIGN/FLASHER,FUNCTIONING PROPERLY,CLEAR,"DARKNESS, LIGHTED ROAD",ANGLE,FOUR WAY,,STRAIGHT AND LEVEL,DRY,NO DEFECTS,ON SCENE,NO INJURY / DRIVE AWAY,Y,,,"OVER $1,500",3/2/2022 18:52,FAILING TO YIELD RIGHT-OF-WAY,NOT APPLICABLE,7300,S,CALIFORNIA AVE,835,,,,,,,2,NO INDICATION OF INJURY,0,0,0,0,0,3,0,18,4,3,41.76080391,-87.6930705,POINT (-87.693070504387 41.760803909127)
7b82b42657d31d7ca5e52ad2cedf5b8a90912f4470068e81cce0d66f63ca555a997cf38379eed6e58487837a1943d2d83286078c892741b698d830d14256661b,JF163338,,2/1/2022 11:00,30,NO CONTROLS,NO CONTROLS,CLEAR,DAYLIGHT,SIDESWIPE SAME DIRECTION,NOT DIVIDED,,STRAIGHT AND LEVEL,DRY,UNKNOWN,NOT ON SCENE (DESK REPORT),NO INJURY / DRIVE AWAY,,,,"OVER $1,500",3/4/2022 16:43,IMPROPER OVERTAKING/PASSING,NOT APPLICABLE,2315,W,GRAND AVE,1221,,,,,,,2,NO INDICATION OF INJURY,0,0,0,0,0,3,0,11,3,2,41.8905819,-87.68485683,POINT (-87.68485682805 41.890581894864)
c468f82895e8197b46a2f29a7cdfe52a2099c1d0cdca7f614e855a076019e1fb67420c21297d6ec2423484a3b5c09e38eabfd01212e3d9688c4493f7c20fe076,JF162907,,3/3/2022 21:05,30,NO CONTROLS,NO CONTROLS,CLEAR,"DARKNESS, LIGHTED ROAD",PARKED MOTOR VEHICLE,NOT DIVIDED,,STRAIGHT ON GRADE,DRY,NO DEFECTS,NOT ON SCENE (DESK REPORT),NO INJURY / DRIVE AWAY,,,,"OVER $1,500",3/4/2022 10:41,UNABLE TO DETERMINE,UNABLE TO DETERMINE,1901,W,105TH ST,2212,,,,,,,2,NO INDICATION OF INJURY,0,0,0,0,0,1,0,21,5,3,41.70279786,-87.66963974,POINT (-87.66963974181 41.702797858946)
164a579e8894083ad9367c8198a0f8e7ca49cf3ab4104b5bd4154bccd5d5e01da0b455e07399fe488e953c51f88273e9f584d70a0198db301dea85d552b838ba,JF163777,,3/5/2022 2:04,30,STOP SIGN/FLASHER,UNKNOWN,CLEAR,UNKNOWN,ANGLE,OTHER,,STRAIGHT AND LEVEL,DRY,UNKNOWN,ON SCENE,INJURY AND / OR TOW DUE TO CRASH,,,,"$501 - $1,500",3/5/2022 2:04,UNABLE TO DETERMINE,UNABLE TO DETERMINE,6856,S,MICHIGAN AVE,322,,,,,,,2,INCAPACITATING INJURY,3,0,1,0,2,0,0,2,7,3,41.76936134,-87.62194089,POINT (-87.621940887178 41.769361336097)
849cd156e75346a326fd9a77fb81d91125ab774cc310fa479b6e6d564f76b809bd9c5b72500e44a16e42095044153156dee222b0cdb06fea7a7994707b69c24a,JF170178,,3/11/2022 8:45,30,UNKNOWN,UNKNOWN,CLEAR,DAYLIGHT,REAR END,UNKNOWN,,STRAIGHT AND LEVEL,DRY,UNKNOWN,,NO INJURY / DRIVE AWAY,,,,"$501 - $1,500",3/11/2022 9:20,IMPROPER TURNING/NO SIGNAL,UNABLE TO DETERMINE,5700,N,LINCOLN AVE,2011,,,,,,,2,NO INDICATION OF INJURY,0,0,0,0,0,2,0,8,6,3,41.9849654,-87.69848471,POINT (-87.698484710634 41.9849654042)
8f02fca99827c2d34e6224e40e80cc879d25bc5b2fa2e6a4af1660468ab856535104b4cbf13846055f9072ccdf1f81c433f5a92cf924771c63f3d961ba9b061f,JF162950,,3/3/2022 19:40,30,UNKNOWN,UNKNOWN,UNKNOWN,UNKNOWN,PARKED MOTOR VEHICLE,ONE-WAY,,STRAIGHT AND LEVEL,UNKNOWN,UNKNOWN,NOT ON SCENE (DESK REPORT),NO INJURY / DRIVE AWAY,,,Y,"$501 - $1,500",3/4/2022 11:30,UNABLE TO DETERMINE,NOT APPLICABLE,6698,S,WHIPPLE ST,831,,,,,,,2,NO INDICATION OF INJURY,0,0,0,0,0,1,0,19,5,3,41.77181164,-87.69943739,POINT (-87.699437394185 41.771811639773)
1e98124971c2152c5ec9ef11f13aaa9bda5523d31abe20b448ac9a75089a04b812655b73f77404d21e328679a102773a670554fb3668e7f52cddba682e4d2dab,JF163387,Y,3/4/2022 16:25,35,NO CONTROLS,NO CONTROLS,CLEAR,DAYLIGHT,REAR END,DIVIDED - W/MEDIAN (NOT RAISED),,STRAIGHT AND LEVEL,DRY,UNKNOWN,ON SCENE,INJURY AND / OR TOW DUE TO CRASH,,,,"OVER $1,500",3/4/2022 16:28,FOLLOWING TOO CLOSELY,FAILING TO REDUCE SPEED TO AVOID CRASH,8201,S,CENTRAL PARK AVE,834,,,,,,,3,NO INDICATION OF INJURY,0,0,0,0,0,4,0,16,6,3,41.74334515,-87.71152654,POINT (-87.711526539618 41.743345150979)
5254c9c801c6b42d056b4b46180a47ec093d12a6a2e6e5f812a85664a5011bbc633c8affa7aed51b8332e9af92e6bf3ba99669341a2e106333b8d2edc94c4cec,JF163798,,3/5/2022 2:37,30,TRAFFIC SIGNAL,FUNCTIONING PROPERLY,CLEAR,"DARKNESS, LIGHTED ROAD",TURNING,NOT DIVIDED,,STRAIGHT AND LEVEL,DRY,NO DEFECTS,ON SCENE,NO INJURY / DRIVE AWAY,,,Y,"OVER $1,500",3/5/2022 2:53,IMPROPER OVERTAKING/PASSING,UNABLE TO DETERMINE,1100,W,ADDISON ST,1923,,,,,,,2,NO INDICATION OF INJURY,0,0,0,0,0,5,0,2,7,3,41.94730429,-87.65665932,POINT (-87.656659322373 41.947304287172)
490936a9d6d518a579e2c12a166a83b4099fc2514e590e5b078728f6fcabb3449cd12ab8d32460aded325cf4ec9aa3ee41b64e922e03ada8652f6acb2317530e,JE211163,,4/26/2021 21:25,30,NO CONTROLS,NO CONTROLS,CLEAR,"DARKNESS, LIGHTED ROAD",TURNING,NOT DIVIDED,,STRAIGHT AND LEVEL,DRY,NO DEFECTS,,INJURY AND / OR TOW DUE TO CRASH,,,Y,"OVER $1,500",4/26/2021 21:31,FAILING TO REDUCE SPEED TO AVOID CRASH,UNABLE TO DETERMINE,1419,W,71ST ST,734,,,,,,,4,INCAPACITATING INJURY,2,0,2,0,0,3,0,21,2,4,41.76485857,-87.65967867,POINT (-87.659678671103 41.764858566402)
856a8462faed3eef04f7245ed964fc7a6c49a17a96b03808d2c5b2e9a7921fa8fe27cb560ab89cc9bbcc071f599141501b57a43cc780eb952937e90b25de5427,JF171008,,3/11/2022 23:45,30,TRAFFIC SIGNAL,FUNCTIONING PROPERLY,CLEAR,"DARKNESS, LIGHTED ROAD",SIDESWIPE SAME DIRECTION,NOT DIVIDED,,STRAIGHT AND LEVEL,DRY,NO DEFECTS,ON SCENE,NO INJURY / DRIVE AWAY,,,Y,$500 OR LESS,3/12/2022 0:15,UNABLE TO DETERMINE,UNABLE TO DETERMINE,8319,S,DREXEL AVE,632,,,,,,,2,NO INDICATION OF INJURY,0,0,0,0,0,2,0,23,6,3,41.74340049,-87.6024376,POINT (-87.602437604148 41.743400485834)
34eab372eb5c306d8594a2610c6dd96581c93ce654d291684cedfda3ba9ebc61cddb66a22631df2d52db8cfad3e3c2d88e495aa5b2996ce0274903748277e678,JF161372,,3/2/2022 20:50,30,TRAFFIC SIGNAL,FUNCTIONING PROPERLY,SLEET/HAIL,"DARKNESS, LIGHTED ROAD",ANGLE,NOT DIVIDED,,STRAIGHT AND LEVEL,WET,NO DEFECTS,ON SCENE,INJURY AND / OR TOW DUE TO CRASH,Y,,,"OVER $1,500",3/2/2022 20:50,DISREGARDING TRAFFIC SIGNALS,UNABLE TO DETERMINE,31,N,KEDZIE AVE,1222,,,,,,,2,NO INDICATION OF INJURY,0,0,0,0,0,3,0,20,4,3,41.88183911,-87.70599962,POINT (-87.705999615454 41.881839106531)
6761d4a06d6d9238cd020701eb6a38d275f157794a4415ede64aac2da02d5b1f5319e180b492280b38b50075adae45224fb65026892c78c15dba5a795b44112f,JF162555,,3/3/2022 21:00,30,TRAFFIC SIGNAL,FUNCTIONING PROPERLY,CLEAR,"DARKNESS, LIGHTED ROAD",SIDESWIPE SAME DIRECTION,T-INTERSECTION,,STRAIGHT AND LEVEL,DRY,NO DEFECTS,NOT ON SCENE (DESK REPORT),NO INJURY / DRIVE AWAY,,,,$500 OR LESS,3/4/2022 0:15,FOLLOWING TOO CLOSELY,FAILING TO YIELD RIGHT-OF-WAY,231,W,HARRISON ST,123,,,,,,,2,NO INDICATION OF INJURY,0,0,0,0,0,3,0,21,5,3,41.87436682,-87.63450824,POINT (-87.634508235979 41.87436682198)
1802cef7e90c3dcda06d30953110f85e2895c7c0256d50c81e712aab4ac4933a30f4e864c195f688c8dc3cdf62feb17d6e40e96e671403e16887f2512e9d1364,JF162742,,3/4/2022 8:28,30,TRAFFIC SIGNAL,FUNCTIONING PROPERLY,CLEAR,DAYLIGHT,ANGLE,NOT DIVIDED,,STRAIGHT AND LEVEL,DRY,NO DEFECTS,ON SCENE,INJURY AND / OR TOW DUE TO CRASH,Y,,,"OVER $1,500",3/4/2022 8:28,UNABLE TO DETERMINE,IMPROPER LANE USAGE,500,N,HAMLIN AVE,1122,,,,,,,2,"REPORTED, NOT EVIDENT",1,0,0,0,1,2,0,8,6,3,41.88999401,-87.72118582,POINT (-87.721185823804 41.889994004514)
df272ccd975520822923cf0c6b48289ffb6ef5db986298711f02566d2221aee675fa5bf375e3f399e756f6a53dca890d840e522a3b418c9fc39e21fc0713e905,JF163758,,3/5/2022 1:07,55,NO CONTROLS,NO CONTROLS,CLEAR,"DARKNESS, LIGHTED ROAD",REAR END,DIVIDED - W/MEDIAN BARRIER,,STRAIGHT AND LEVEL,DRY,NO DEFECTS,ON SCENE,INJURY AND / OR TOW DUE TO CRASH,,,,"OVER $1,500",3/5/2022 1:08,UNDER THE INFLUENCE OF ALCOHOL/DRUGS (USE WHEN ARREST IS EFFECTED),FOLLOWING TOO CLOSELY,2000,W,EISENHOWER EXPY IB,1225,,,,,,,2,"REPORTED, NOT EVIDENT",1,0,0,0,1,2,0,1,7,3,41.87548225,-87.67662323,POINT (-87.676623230154 41.875482248025)
a2708987a9859ad13510deeba0eec39ab1a7940d68216899bcdba88b7308f891b761464e877b4c7fe1c2972aaa13767201f6e1d1d6a24b58b1733b4bd90f8f64,JF162031,,3/3/2022 13:58,30,NO CONTROLS,NO CONTROLS,CLEAR,DAYLIGHT,SIDESWIPE SAME DIRECTION,DIVIDED - W/MEDIAN BARRIER,,STRAIGHT ON GRADE,DRY,NO DEFECTS,ON SCENE,NO INJURY / DRIVE AWAY,,,,$500 OR LESS,3/3/2022 13:59,FAILING TO REDUCE SPEED TO AVOID CRASH,IMPROPER LANE USAGE,1451,W,95TH ST,2213,,,,,,,2,NO INDICATION OF INJURY,0,0,0,0,0,2,0,13,5,3,41.72114108,-87.65968312,POINT (-87.659683124183 41.721141081544)
24e2fb605df2453b3701ff8a8b89a2c09b3e8cc2996caf346279133ab1f74f08d494dd84d4437f55be759fe5ec10bf87a12ec984509259e3793d3273a936d61f,JF162717,,3/4/2022 7:30,35,NO CONTROLS,NO CONTROLS,CLEAR,DAYLIGHT,ANGLE,DIVIDED - W/MEDIAN (NOT RAISED),,STRAIGHT AND LEVEL,DRY,NO DEFECTS,ON SCENE,INJURY AND / OR TOW DUE TO CRASH,,,,"OVER $1,500",3/4/2022 7:32,FAILING TO YIELD RIGHT-OF-WAY,NOT APPLICABLE,4534,N,CUMBERLAND AVE,1614,,,,,,,2,NO INDICATION OF INJURY,0,0,0,0,0,2,0,7,6,3,41.96234997,-87.83684103,POINT (-87.836841032735 41.962349973804)
494c6fa5c7c419bbc5a45a73f6baf2376c8064fd7fd414a92cb84a18e762148aa4c92468361a5c1dcd16a90f1a9884a6004202ff9dd9d6ee94b049180b8980aa,JF163255,,3/4/2022 15:35,30,NO CONTROLS,NO CONTROLS,CLEAR,DAYLIGHT,SIDESWIPE SAME DIRECTION,NOT DIVIDED,,STRAIGHT AND LEVEL,DRY,NO DEFECTS,ON SCENE,NO INJURY / DRIVE AWAY,,,,"$501 - $1,500",3/4/2022 15:37,DRIVING SKILLS/KNOWLEDGE/EXPERIENCE,NOT APPLICABLE,5024,S,HALSTED ST,933,,,,,,,2,NO INDICATION OF INJURY,0,0,0,0,0,3,0,15,6,3,41.80253809,-87.64551648,POINT (-87.645516481734 41.802538089798)
65ba7d278df2707c63f33e39a2e8018bfb692d24bd769c33b99e6bc02a37c973fd53ed96976f449ab3484a85e97702211d9ad786e2154df16020cc7c5d00aad5,JF163328,,3/4/2022 15:50,25,TRAFFIC SIGNAL,FUNCTIONING PROPERLY,CLEAR,DAYLIGHT,PARKED MOTOR VEHICLE,NOT DIVIDED,,STRAIGHT AND LEVEL,DRY,NO DEFECTS,ON SCENE,NO INJURY / DRIVE AWAY,,,Y,"OVER $1,500",3/4/2022 15:58,DRIVING SKILLS/KNOWLEDGE/EXPERIENCE,UNABLE TO DETERMINE,5151,N,RAVENSWOOD AVE,2032,,,,,,,2,NO INDICATION OF INJURY,0,0,0,0,0,2,0,15,6,3,41.97580502,-87.67425226,POINT (-87.674252258267 41.975805024322)
88855a3ad38fd2508ec0a36f6bb8a7ac9ac9057066e62d02d0e040059a939629a73948791061605d6c3a0e2f357de5c2a012327aee74905c4f8a03ddba9ed2fa,JF170580,Y,3/11/2022 8:30,20,STOP SIGN/FLASHER,FUNCTIONING PROPERLY,CLEAR,DAYLIGHT,ANGLE,ALLEY,,STRAIGHT AND LEVEL,WET,NO DEFECTS,NOT ON SCENE (DESK REPORT),NO INJURY / DRIVE AWAY,,,Y,"$501 - $1,500",3/11/2022 15:40,UNABLE TO DETERMINE,UNABLE TO DETERMINE,4110,N,WESTERN AVE,1911,,,,,,,2,NO INDICATION OF INJURY,0,0,0,0,0,2,0,8,6,3,41.95620447,-87.68867788,POINT (-87.68867787767 41.956204465667)
58a0bb5ba7b66f713bf6df80edb454a9505cf6dce82ad88e3cb1b2b56d95ecd6b5e2c407ecea0fcb602d136aec91e0d410b34418dcd29ce3d9ab6284bb55066c,JF161617,,2/17/2022 11:30,30,NO CONTROLS,NO CONTROLS,CLEAR,DARKNESS,OTHER NONCOLLISION,RAMP,,STRAIGHT AND LEVEL,DRY,"RUT, HOLES",NOT ON SCENE (DESK REPORT),NO INJURY / DRIVE AWAY,,,,$500 OR LESS,3/3/2022 7:00,NOT APPLICABLE,UNABLE TO DETERMINE,1202,S,UNION AVE,1232,,,,,,,1,NO INDICATION OF INJURY,0,0,0,0,0,1,0,11,5,2,41.86705963,-87.64525942,POINT (-87.645259415918 41.867059628321)
22a2144efa448052e8b050df8bee1d8ee7bf34419c102ec399de76565e8b9c1c0826eba46686e3fdc71a981e4475f9d06884f1503c7c5981ea2e1eb09e7391e4,JF163465,,3/4/2022 17:55,30,NO CONTROLS,NO CONTROLS,CLEAR,"DARKNESS, LIGHTED ROAD",PARKED MOTOR VEHICLE,NOT DIVIDED,,STRAIGHT AND LEVEL,DRY,NO DEFECTS,ON SCENE,INJURY AND / OR TOW DUE TO CRASH,,,,"OVER $1,500",3/4/2022 17:58,PHYSICAL CONDITION OF DRIVER,PHYSICAL CONDITION OF DRIVER,3246,S,HALSTED ST,913,,,,,,,3,"REPORTED, NOT EVIDENT",1,0,0,0,1,0,0,17,6,3,41.83506073,-87.64635199,POINT (-87.646351993536 41.835060734459)
39c6e220c1c554cf1d6de5bc894b0e873481467cd950aaa1469a8da9badb46f1e48f002b3790f96b3d34461450a99f5d8b2fbdbb2170d6ee06153e0ff3bf5cfd,JF163676,,3/4/2022 22:15,30,NO CONTROLS,NO CONTROLS,CLEAR,"DARKNESS, LIGHTED ROAD",PARKED MOTOR VEHICLE,DIVIDED - W/MEDIAN BARRIER,,STRAIGHT AND LEVEL,DRY,NO DEFECTS,ON SCENE,INJURY AND / OR TOW DUE TO CRASH,,,Y,"OVER $1,500",3/4/2022 22:20,UNABLE TO DETERMINE,UNABLE TO DETERMINE,58,E,95TH ST,634,,,,,,,3,,,,,,,,,22,6,3,41.72187571,-87.62152464,POINT (-87.621524644191 41.721875713847)
2a50ba15e283ef54f098cb431155ccd200b55d979703a9a1e30a7e6185171ba089fdceeeee5fa44614fc2832942a76b5d408aa582ea56816c7b892da7afe70ce,JF176911,,3/17/2022 11:00,30,NO CONTROLS,NO CONTROLS,CLEAR,DAYLIGHT,SIDESWIPE SAME DIRECTION,DIVIDED - W/MEDIAN BARRIER,,STRAIGHT AND LEVEL,DRY,NO DEFECTS,,NO INJURY / DRIVE AWAY,,,,$500 OR LESS,3/17/2022 11:15,UNABLE TO DETERMINE,UNABLE TO DETERMINE,1605,S,ASHLAND AVE,1233,,,,,,,2,NO INDICATION OF INJURY,0,0,0,0,0,2,0,11,5,3,41.85943805,-87.66604705,POINT (-87.666047053541 41.859438052309)
2a88cb030503a553f6cc78ff906345c1c08c15539cdd5593883e83b500949b5754e103ef0d202e5ff3df22702f9310e333fa7c0ec85212df713bd30321ad70ec,JE193324,,4/8/2021 12:34,25,STOP SIGN/FLASHER,FUNCTIONING PROPERLY,RAIN,DAYLIGHT,PARKED MOTOR VEHICLE,ONE-WAY,,STRAIGHT AND LEVEL,WET,UNKNOWN,,INJURY AND / OR TOW DUE TO CRASH,,,,"OVER $1,500",4/8/2021 12:35,FAILING TO REDUCE SPEED TO AVOID CRASH,UNABLE TO DETERMINE,709,N,MONTICELLO AVE,1112,,,,,,,2,NO INDICATION OF INJURY,0,0,0,0,0,1,0,12,5,4,41.89394326,-87.71734194,POINT (-87.717341939102 41.893943263044)
4c33b5a12f19c28918303b60c658656e546d9fd5a8bf105b772ac93e3dd5d6f5ce1793f906ad6ecb190cba493a4520c78d314ec36439d3e9c08b4b2b0082f399,JF185283,,3/24/2022 15:38,30,NO CONTROLS,NO CONTROLS,RAIN,DAYLIGHT,SIDESWIPE SAME DIRECTION,NOT DIVIDED,,STRAIGHT AND LEVEL,WET,NO DEFECTS,NOT ON SCENE (DESK REPORT),NO INJURY / DRIVE AWAY,,,Y,"$501 - $1,500",3/24/2022 16:50,NOT APPLICABLE,NOT APPLICABLE,4700,S,PULASKI RD,815,,,,,,,2,NO INDICATION OF INJURY,0,0,0,0,0,3,0,15,5,3,41.80778877,-87.72373033,POINT (-87.72373033158 41.807788769095)
e373e4eb632cc786c1d9b7c83fd7d0e8d681a6052f3fd256984d557c2ab046a223c989dfea61e9f57e52e00a42a3e2632b71e05e270c7d2d28389baac742892f,JF161905,,3/2/2022 11:55,10,NO CONTROLS,NO CONTROLS,CLEAR,DAYLIGHT,SIDESWIPE OPPOSITE DIRECTION,PARKING LOT,,STRAIGHT AND LEVEL,DRY,NO DEFECTS,NOT ON SCENE (DESK REPORT),NO INJURY / DRIVE AWAY,,,,"$501 - $1,500",3/3/2022 12:25,FOLLOWING TOO CLOSELY,NOT APPLICABLE,2001,S,MICHIGAN AVE,132,,,,,,,2,NO INDICATION OF INJURY,0,0,0,0,0,2,0,11,4,3,41.855432,-87.62372822,POINT (-87.623728215571 41.855431999021)
3e10211b2e17fa780f9627c9643cafd969c7d317d688162ee05259784da01fe62ff68607a1f44951268baa6bee58cfd694fb8e430fdfefe872513ea17bf8620e,JF162547,,3/3/2022 23:20,20,NO CONTROLS,NO CONTROLS,CLEAR,"DARKNESS, LIGHTED ROAD",PARKED MOTOR VEHICLE,NOT DIVIDED,,STRAIGHT AND LEVEL,DRY,NO DEFECTS,ON SCENE,INJURY AND / OR TOW DUE TO CRASH,,,Y,"OVER $1,500",3/3/2022 23:46,UNABLE TO DETERMINE,UNABLE TO DETERMINE,5227,N,LAMON AVE,1621,,,,,,,2,NO INDICATION OF INJURY,0,0,0,0,0,1,0,23,5,3,41.97612518,-87.75051369,POINT (-87.750513687044 41.976125176622)
79b74070b2110ed8353385b17c81622ce84b51a6362432d49a7a8567e65aaf104df2119af741d99fafdda0932596f5c5c8543327641aecf56111aa90f198ac05,JF162162,,3/3/2022 15:40,30,UNKNOWN,UNKNOWN,CLEAR,DAYLIGHT,PEDALCYCLIST,NOT DIVIDED,,STRAIGHT AND LEVEL,DRY,UNKNOWN,ON SCENE,INJURY AND / OR TOW DUE TO CRASH,,,,"$501 - $1,500",3/3/2022 16:00,ROAD ENGINEERING/SURFACE/MARKING DEFECTS,ROAD ENGINEERING/SURFACE/MARKING DEFECTS,1031,W,BELMONT AVE,1933,,,,,,,2,INCAPACITATING INJURY,1,0,1,0,0,1,0,15,5,3,41.93978322,-87.65525818,POINT (-87.655258180121 41.939783217512)
2bef0eebbe02e17d71ed2dd6d4a5f03e083f56a69d6e8307bc3da7e670306d7c04e379d676f4e94dccfc3530d87ec9968fd12c19c488a652aa672fa74663e545,JF163667,N,3/4/2022 21:40,35,NO CONTROLS,NO CONTROLS,CLEAR,"DARKNESS, LIGHTED ROAD",PARKED MOTOR VEHICLE,NOT DIVIDED,,STRAIGHT AND LEVEL,DRY,NO DEFECTS,ON SCENE,INJURY AND / OR TOW DUE TO CRASH,,,Y,$500 OR LESS,3/4/2022 21:41,DRIVING ON WRONG SIDE/WRONG WAY,NOT APPLICABLE,3052,W,MONTROSE AVE,1724,,,,,,,3,NO INDICATION OF INJURY,0,0,0,0,0,1,0,21,6,3,41.96131545,-87.70550564,POINT (-87.705505636751 41.961315451661)
73ada9ce8b0a607454bdc61b4da621bbf0fbf6282781b4e3677e225aedda6103e2acb0034df4fd4733a36a69829bdf3fb0a525beb8dd41951ae5ce469ee2fd03,JF163301,,3/4/2022 15:38,30,TRAFFIC SIGNAL,FUNCTIONING PROPERLY,CLEAR,DAYLIGHT,TURNING,DIVIDED - W/MEDIAN BARRIER,,STRAIGHT AND LEVEL,DRY,NO DEFECTS,ON SCENE,INJURY AND / OR TOW DUE TO CRASH,Y,,,"OVER $1,500",3/4/2022 15:39,DISREGARDING TRAFFIC SIGNALS,UNABLE TO DETERMINE,1,E,11TH ST,123,,,,,,,2,NO INDICATION OF INJURY,0,0,0,0,0,4,0,15,6,3,41.86912659,-87.62742579,POINT (-87.627425786443 41.869126594424)
863d7411d278cadc685057a770713ab4ff24331032b8259dfd20894017e9288b7c1e8c79f87fe8926cd14470a6e34e37eda1d3b4829d8512275d73bdffd32d26,JF162815,,3/4/2022 10:15,30,TRAFFIC SIGNAL,FUNCTIONING PROPERLY,CLEAR,DAYLIGHT,PARKED MOTOR VEHICLE,DIVIDED - W/MEDIAN (NOT RAISED),,STRAIGHT AND LEVEL,DRY,NO DEFECTS,ON SCENE,NO INJURY / DRIVE AWAY,,,Y,"OVER $1,500",3/4/2022 10:25,UNABLE TO DETERMINE,UNABLE TO DETERMINE,600,E,51ST ST,223,,,,,,,2,,,,,,,,,10,6,3,41.80227969,-87.61122689,POINT (-87.611226891365 41.80227968892)
8fc9274ba967b71117064b74c8bed28493adc4b56ab206b888bcfe36348c4ed2c66138ce966436d84329d4470791425cdefafdf57478cc08cd058384689f2f4e,JF163374,N,3/4/2022 16:00,30,NO CONTROLS,NO CONTROLS,CLEAR,DAYLIGHT,PARKED MOTOR VEHICLE,NOT DIVIDED,,STRAIGHT AND LEVEL,DRY,NO DEFECTS,NOT ON SCENE (DESK REPORT),NO INJURY / DRIVE AWAY,,,Y,"$501 - $1,500",3/4/2022 16:50,UNABLE TO DETERMINE,NOT APPLICABLE,2200,W,HARRISON ST,1225,,,,,,,2,NO INDICATION OF INJURY,0,0,0,0,0,1,0,16,6,3,41.8740732,-87.68146954,POINT (-87.681469537173 41.874073204146)