CRASH_RECORD_ID,RD_NO,CRASH_DATE_EST_I,CRASH_DATE,POSTED_SPEED_LIMIT,TRAFFIC_CONTROL_DEVICE,DEVICE_CONDITION,WEATHER_CONDITION,LIGHTING_CONDITION,FIRST_CRASH_TYPE,TRAFFICWAY_TYPE,LANE_CNT,ALIGNMENT,ROADWAY_SURFACE_COND,ROAD_DEFECT,REPORT_TYPE,CRASH_TYPE,INTERSECTION_RELATED_I,NOT_RIGHT_OF_WAY_I,HIT_AND_RUN_I,DAMAGE,DATE_POLICE_NOTIFIED,PRIM_CONTRIBUTORY_CAUSE,SEC_CONTRIBUTORY_CAUSE,STREET_NO,STREET_DIRECTION,STREET_NAME,BEAT_OF_OCCURRENCE,PHOTOS_TAKEN_I,STATEMENTS_TAKEN_I,DOORING_I,WORK_ZONE_I,WORK_ZONE_TYPE,WORKERS_PRESENT_I,NUM_UNITS,MOST_SEVERE_INJURY,INJURIES_TOTAL,INJURIES_FATAL,INJURIES_INCAPACITATING,INJURIES_NON_INCAPACITATING,INJURIES_REPORTED_NOT_EVIDENT,INJURIES_NO_INDICATION,INJURIES_UNKNOWN,CRASH_HOUR,CRASH_DAY_OF_WEEK,CRASH_MONTH,LATITUDE,LONGITUDE,LOCATION
15157ef3653c008b3927d3d6e4169eae6b3b808915aefe15a6e404f8545897e31eac7c0a0cc3892c7923b3148ce635d73c5a514be00c9df520d193ad08f527e6,JF162191,,3/3/2022 15:30,30,NO CONTROLS,NO CONTROLS,CLEAR,DAYLIGHT,ANGLE,PARKING LOT,,STRAIGHT AND LEVEL,DRY,NO DEFECTS,NOT ON SCENE (DESK REPORT),NO INJURY / DRIVE AWAY,,Y,,"$501 - $1,500",3/3/2022 16:40,IMPROPER BACKING,NOT APPLICABLE,200,N,ELIZABETH ST,1215,,,,,,,2,NO INDICATION OF INJURY,0,0,0,0,0,2,0,15,5,3,41.88552874,-87.65900671,POINT (-87.659006713328 41.885528737647)
40e4fb0a57e9e0bc73eaef7202d059929f5899c3939669fe69d9325b52f0366b7ead51dad5b403bb5752d907174e85cb02e7e949a7fb185b1113a5dff90fea0d,JF163174,,3/3/2022 8:00,30,NO CONTROLS,NO CONTROLS,CLEAR,DAYLIGHT,PARKED MOTOR VEHICLE,ONE-WAY,,STRAIGHT AND LEVEL,DRY,NO DEFECTS,NOT ON SCENE (DESK REPORT),NO INJURY / DRIVE AWAY,,,Y,"OVER $1,500",3/4/2022 14:30,UNABLE TO DETERMINE,UNABLE TO DETERMINE,5625,S,DORCHESTER AVE,235,,,,,,,2,NO INDICATION OF INJURY,0,0,0,0,0,1,0,8,5,3,41.79255676,-87.59147487,POINT (-87.591474868475 41.792556757415)
60bd6ae73cc2c1e4e697a0dd3928c8ea664d6ee2f698bfcd10df334e9d9ee7c3a35bd8007abd18da33a2942c2d613aa2bcec0b34017ba0df841f5f79fad21490,JF163107,,2/28/2022 16:40,30,TRAFFIC SIGNAL,FUNCTIONING PROPERLY,CLEAR,DAYLIGHT,REAR END,DIVIDED - W/MEDIAN (NOT RAISED),,STRAIGHT AND LEVEL,DRY,UNKNOWN,NOT ON SCENE (DESK REPORT),NO INJURY / DRIVE AWAY,,,,"OVER $1,500",3/4/2022 13:40,UNABLE TO DETERMINE,UNABLE TO DETERMINE,2401,W,NORTH AVE,1423,,,,,,,2,NO INDICATION OF INJURY,0,0,0,0,0,2,0,16,2,2,41.91021036,-87.68727936,POINT (-87.687279355859 41.910210360084)
9e0a745f2d297b0b4b8684158b3b9ca6d86ad023e1a3c29d554b818fa1de1e2eec5b9cd8e3f3a96324eed044a97936758146f80dda1b3e939953956680816a3b,JF162030,,3/1/2022 13:45,30,TRAFFIC SIGNAL,FUNCTIONING PROPERLY,CLEAR,DAYLIGHT,REAR END,FOUR WAY,,STRAIGHT AND LEVEL,DRY,NO DEFECTS,NOT ON SCENE (DESK REPORT),NO INJURY / DRIVE AWAY,,,,"$501 - $1,500",3/3/2022 14:26,FAILING TO YIELD RIGHT-OF-WAY,IMPROPER OVERTAKING/PASSING,195,N,SACRAMENTO BLVD,1222,,,,,,,2,NO INDICATION OF INJURY,0,0,0,0,0,2,0,13,3,3,41.88401648,-87.70114276,POINT (-87.701142757538 41.884016475152)
5261488db5ad6da2c47335712d726017fd0f71a9410e4a6ab9c2ae22134a23d2e14105223c67ec1ac6b9ba54b7ec0bbba282d60f61c68a0f46ccc9ab848182d4,JF162864,,3/4/2022 10:00,30,STOP SIGN/FLASHER,UNKNOWN,CLEAR,DAYLIGHT,SIDESWIPE SAME DIRECTION,ONE-WAY,,STRAIGHT AND LEVEL,UNKNOWN,UNKNOWN,NOT ON SCENE (DESK REPORT),NO INJURY / DRIVE AWAY,,,,"$501 - $1,500",3/4/2022 10:16,UNABLE TO DETERMINE,UNABLE TO DETERMINE,6201,S,KILBOURN AVE,813,,,,,,,2,NO INDICATION OF INJURY,0,0,0,0,0,3,0,10,6,3,41.78024995,-87.73487215,POINT (-87.73487215093 41.780249950262)
695f3fc712ef66f059f5d0a637bc9fad8ddd4a619f9636f111bbcbf1515ce1b42f4744d996381cb5efa7539941a8e992c274f9f835d0fe94d6289278c5ef51c0,JF163351,,3/4/2022 16:19,30,TRAFFIC SIGNAL,FUNCTIONING PROPERLY,CLEAR,DAYLIGHT,PARKED MOTOR VEHICLE,ONE-WAY,,STRAIGHT AND LEVEL,DRY,NO DEFECTS,ON SCENE,INJURY AND / OR TOW DUE TO CRASH,,,Y,"OVER $1,500",3/4/2022 16:19,UNABLE TO DETERMINE,UNABLE TO DETERMINE,1816,W,GARFIELD BLVD,932,,Y,,,,,2,NO INDICATION OF INJURY,0,0,0,0,0,1,0,16,6,3,41.79407037,-87.67023496,POINT (-87.670234962289 41.794070370975)
b48f6254abb0f5bd42942e0111631f904e3771683423674489a5de097ae721ddff97170881c4663fb5361ac381d3eb751af2da981db748601b2efbaeda945da8,JF163096,,3/4/2022 13:27,35,TRAFFIC SIGNAL,FUNCTIONING PROPERLY,CLEAR,DAYLIGHT,ANGLE,FOUR WAY,,STRAIGHT AND LEVEL,DRY,NO DEFECTS,ON SCENE,INJURY AND / OR TOW DUE TO CRASH,Y,,,"OVER $1,500",3/4/2022 13:28,FAILING TO YIELD RIGHT-OF-WAY,NOT APPLICABLE,3600,W,ROOSEVELT RD,1133,,,,,,,2,NONINCAPACITATING INJURY,1,0,0,1,0,1,0,13,6,3,41.86639889,-87.71548368,POINT (-87.715483678285 41.866398891809)
2b218094315682acae2031571bdcdbe60892a53f6ab33dd9d2ddd36274199989a92a24733c3121142b7b5f1a350c9c34150904384170ae2f67fcedea7c4ce974,JD317144,,8/1/2020 7:27,30,NO CONTROLS,NO CONTROLS,CLEAR,DAYLIGHT,PARKED MOTOR VEHICLE,ONE-WAY,,STRAIGHT AND LEVEL,DRY,NO DEFECTS,,INJURY AND / OR TOW DUE TO CRASH,,,,"OVER $1,500",8/1/2020 7:30,FAILING TO REDUCE SPEED TO AVOID CRASH,UNABLE TO DETERMINE,550,N,LAWNDALE AVE,1122,,,,,,,4,NO INDICATION OF INJURY,0,0,0,0,0,1,0,7,7,8,41.89144179,-87.71878334,POINT (-87.718783335552 41.891441790095)
2bfa48bb211c9775da9f8d95fde79851dc428c5a34affbe5c98548dfe828dfd0666be978ee7e94479f11b953fe52057af5f0c8cbc1deda0591b5b3c087ec64ed,JF178100,,3/18/2022 10:00,30,TRAFFIC SIGNAL,FUNCTIONING PROPERLY,CLEAR,DAYLIGHT,TURNING,DIVIDED - W/MEDIAN (NOT RAISED),,STRAIGHT AND LEVEL,DRY,NO DEFECTS,ON SCENE,INJURY AND / OR TOW DUE TO CRASH,Y,,,"OVER $1,500",3/18/2022 10:00,FAILING TO YIELD RIGHT-OF-WAY,DRIVING SKILLS/KNOWLEDGE/EXPERIENCE,7477,S,SOUTH CHICAGO AVE,324,,,,,,,2,NO INDICATION OF INJURY,0,0,0,0,0,2,0,10,6,3,41.75887615,-87.59564849,POINT (-87.595648490786 41.758876145522)
8a604a5e45ec168b19a291054289b364262e90d1a881508ba4dc8b8fe26c47fe5fbdd8b987b02e2b59cb833eb48c66e74484299baf1120f4089b7ede07da77a1,JF170170,,3/11/2022 8:41,30,NO CONTROLS,NO CONTROLS,SNOW,DAYLIGHT,ANGLE,FOUR WAY,,STRAIGHT AND LEVEL,WET,NO DEFECTS,NOT ON SCENE (DESK REPORT),NO INJURY / DRIVE AWAY,Y,,,"$501 - $1,500",3/11/2022 9:52,FAILING TO YIELD RIGHT-OF-WAY,UNABLE TO DETERMINE,1,W,100TH ST,511,,,,,,,2,NO INDICATION OF INJURY,0,0,0,0,0,2,0,8,6,3,41.71251589,-87.62368982,POINT (-87.623689818761 41.71251589213)
2cbfb2c0ba6baf30a17f00cab9f83dbcac7210f3860fc8c2d4d7ad1bf54201a3eedf1e65d1a23a6a9e77e9a7f66f4bd4d49b429b85811b9392bec1054ca078da,JF179489,,3/18/2022 20:41,30,TRAFFIC SIGNAL,FUNCTIONING PROPERLY,RAIN,"DARKNESS, LIGHTED ROAD",REAR END,NOT DIVIDED,,STRAIGHT AND LEVEL,WET,NO DEFECTS,NOT ON SCENE (DESK REPORT),NO INJURY / DRIVE AWAY,,,Y,"OVER $1,500",3/19/2022 16:03,FOLLOWING TOO CLOSELY,FOLLOWING TOO CLOSELY,501,N,SACRAMENTO BLVD,1221,,,,,,,2,NO INDICATION OF INJURY,0,0,0,0,0,2,0,20,6,3,41.89084969,-87.70180144,POINT (-87.70180143539 41.890849689434)
8b520facf91cc5b4c22a882c63f45571d468e6478852862d7ac85de90b1ab09e6bc42cdf16c359a406af912b1ce3766675708228139d58bf0bb09dd3c276eabc,JF170717,,3/11/2022 16:40,30,NO CONTROLS,NO CONTROLS,CLEAR,DAYLIGHT,OTHER NONCOLLISION,ONE-WAY,,STRAIGHT AND LEVEL,DRY,NO DEFECTS,NOT ON SCENE (DESK REPORT),NO INJURY / DRIVE AWAY,,,,$500 OR LESS,3/11/2022 17:10,UNABLE TO DETERMINE,NOT APPLICABLE,1900,S,UNION AVE,1235,,,,,,,1,NO INDICATION OF INJURY,0,0,0,0,0,1,0,16,6,3,41.85670567,-87.64490739,POINT (-87.644907391747 41.856705667202)
2cf7bf3a317da8d5d198a49fe31cc062c1f6694641eb13491cdac0e02066d941fd9a6bf63efc4a35bb1c3eb22c9c279262665ea53ad88b541f653dbf542c2720,JF178420,,3/18/2022 13:28,30,NO CONTROLS,NO CONTROLS,CLEAR,DAYLIGHT,TURNING,NOT DIVIDED,,STRAIGHT AND LEVEL,UNKNOWN,UNKNOWN,NOT ON SCENE (DESK REPORT),NO INJURY / DRIVE AWAY,,,,"$501 - $1,500",3/18/2022 15:25,UNABLE TO DETERMINE,NOT APPLICABLE,800,W,98TH PL,2223,,,,,,,2,NO INDICATION OF INJURY,0,0,0,0,0,2,0,13,6,3,41.71522124,-87.64310527,POINT (-87.643105270846 41.715221236147)
5269d93405ca53ab88a0bbb1560ab7b8fcdde97c0aa2f39d6189ad49fc1a3bdb8b9553607fa107ecd89694ca5b0acab26832ecaa5e6453c7a0df716508d608c3,JF162366,Y,3/3/2022 15:36,25,UNKNOWN,UNKNOWN,OTHER,DAYLIGHT,PARKED MOTOR VEHICLE,UNKNOWN,,STRAIGHT AND LEVEL,UNKNOWN,UNKNOWN,NOT ON SCENE (DESK REPORT),NO INJURY / DRIVE AWAY,,,Y,"OVER $1,500",3/3/2022 19:30,UNABLE TO DETERMINE,UNABLE TO DETERMINE,5541,W,NEWPORT AVE,1633,,,,,,,2,NO INDICATION OF INJURY,0,0,0,0,0,1,0,15,5,3,41.94303916,-87.76584981,POINT (-87.76584980999 41.943039157516)
2ffa9014127019bb48e16c7cf7d70e58be99d20f691c882f893850fff16dda53d52b4f1e19b8c903a302d0fc5b160338b3b8c7a1cbe596e58b9ad39809b93f03,JF162824,,3/4/2022 8:55,25,SCHOOL ZONE,NO CONTROLS,CLEAR,DAYLIGHT,PEDESTRIAN,DIVIDED - W/MEDIAN BARRIER,,STRAIGHT AND LEVEL,DRY,NO DEFECTS,ON SCENE,INJURY AND / OR TOW DUE TO CRASH,,,Y,"OVER $1,500",3/4/2022 8:55,FAILING TO YIELD RIGHT-OF-WAY,UNABLE TO DETERMINE,8147,S,VINCENNES AVE,622,,,,,,,2,NONINCAPACITATING INJURY,1,0,0,1,0,2,0,8,6,3,41.74579217,-87.63537,POINT (-87.63536999702 41.745792169991)
3d27e0cc4581023909639a7b188edd28c219049a1e7ded1ad2c9a1d4cce52faf386ea542bd2c8c06a2f6816d4ab473886bbadc0c071305e7cf6f6f2155500993,JF162748,,3/4/2022 8:50,30,NO CONTROLS,NO CONTROLS,CLEAR,DAYLIGHT,SIDESWIPE SAME DIRECTION,NOT DIVIDED,,STRAIGHT AND LEVEL,DRY,NO DEFECTS,ON SCENE,NO INJURY / DRIVE AWAY,,,,"OVER $1,500",3/4/2022 8:50,UNABLE TO DETERMINE,UNABLE TO DETERMINE,5240,S,WABASH AVE,225,,,,,,,2,NO INDICATION OF INJURY,0,0,0,0,0,2,0,8,6,3,41.79876376,-87.62434028,POINT (-87.624340278411 41.798763754877)
2be1332388dbacd9ca7648f193a1428026f5b878dfe253a063310746ad7e2c1f95730b7fe36640cb60b7f67bfe6635920dc254d03cd1aba8613001811b8b9ee6,JE266977,,6/15/2021 14:10,35,NO CONTROLS,NO CONTROLS,CLEAR,DAYLIGHT,REAR END,DIVIDED - W/MEDIAN BARRIER,,STRAIGHT AND LEVEL,DRY,NO DEFECTS,,INJURY AND / OR TOW DUE TO CRASH,,,,"OVER $1,500",6/15/2021 14:16,IMPROPER OVERTAKING/PASSING,FOLLOWING TOO CLOSELY,3000,S,LAKE SHORE DR SB,133,,,,,,,2,NONINCAPACITATING INJURY,1,0,0,1,0,1,0,14,3,6,41.83996516,-87.60937995,POINT (-87.609379951551 41.839965158438)
7b2357e32845f8d70eb6808e38fb37980f99835fce33e18991dd955166482dc8b19a8ad3c4f37e306820bff8164d867e0c9b1ff181c0dbdcd63480c0b5796042,JF169155,,3/10/2022 8:50,30,NO CONTROLS,NO CONTROLS,CLEAR,DAYLIGHT,SIDESWIPE SAME DIRECTION,DIVIDED - W/MEDIAN (NOT RAISED),,STRAIGHT AND LEVEL,DRY,NO DEFECTS,NOT ON SCENE (DESK REPORT),NO INJURY / DRIVE AWAY,,,,"$501 - $1,500",3/10/2022 11:00,IMPROPER OVERTAKING/PASSING,UNABLE TO DETERMINE,2259,S,DAMEN AVE,1034,,,,,,,2,NO INDICATION OF INJURY,0,0,0,0,0,2,0,8,5,3,41.85041005,-87.67564429,POINT (-87.675644290328 41.850410045483)
8c181916db09c78b869e79ff52c558b4b24bdd3c688036403d9f440573c04af18c61a1ad6ebf6df6fbbef004b8b4c74dddbd0cde19129dbee4337db14373cb82,JF174736,,3/11/2022 20:00,30,NO CONTROLS,NO CONTROLS,CLEAR,DUSK,PEDALCYCLIST,DIVIDED - W/MEDIAN (NOT RAISED),,STRAIGHT AND LEVEL,DRY,NO DEFECTS,NOT ON SCENE (DESK REPORT),NO INJURY / DRIVE AWAY,,,Y,"OVER $1,500",3/15/2022 14:00,FOLLOWING TOO CLOSELY,NOT APPLICABLE,675,W,LAKE ST,1224,,,,,,,2,NO INDICATION OF INJURY,0,0,0,0,0,2,0,20,6,3,41.88557769,-87.64567301,POINT (-87.645673007173 41.885577689414)
fa4d88fb7474b1ac68fcc3db71f3a17e07f40aaf8bfd28363ea6724108f3736871a5afd14aa42fd31d4df4da7d1b3b4c6e49c5b270d10a91883a079a06c73998,JF162930,Y,2/1/2022 15:00,25,NO CONTROLS,NO CONTROLS,RAIN,DAYLIGHT,PARKED MOTOR VEHICLE,NOT DIVIDED,,STRAIGHT ON GRADE,WET,UNKNOWN,NOT ON SCENE (DESK REPORT),NO INJURY / DRIVE AWAY,,,Y,"OVER $1,500",3/4/2022 11:00,UNABLE TO DETERMINE,UNABLE TO DETERMINE,6211,N,GREENVIEW AVE,2433,,,,,,,2,NO INDICATION OF INJURY,0,0,0,0,0,1,0,15,3,2,41.9948323,-87.66758402,POINT (-87.667584015886 41.99483230296)
4909f561878377235c55c544a4eef6bd237673c60d329173afddf12baa3d7c95e6691766d5702b58e0e3e080a1f9bb6053418797bdfdcb056b85823844ee727c,JF162066,,3/3/2022 12:03,15,NO CONTROLS,NO CONTROLS,CLEAR,DAYLIGHT,PARKED MOTOR VEHICLE,PARKING LOT,,STRAIGHT AND LEVEL,DRY,NO DEFECTS,NOT ON SCENE (DESK REPORT),NO INJURY / DRIVE AWAY,,Y,Y,"$501 - $1,500",3/3/2022 15:00,UNABLE TO DETERMINE,UNABLE TO DETERMINE,5009,N,WINTHROP AVE,2024,,,,,,,3,NO INDICATION OF INJURY,0,0,0,0,0,1,0,12,5,3,41.97359429,-87.65759488,POINT (-87.657594877868 41.973594287241)
1866337fd32e1997b342d99c61a0c7cb1faabee435a8dc9b3ccf1362dccbf88543cb28b7243221e14369224aa2393d189c735fdeb27165ba6cf08b95d5a8d4ae,JF162834,,3/4/2022 9:45,35,TRAFFIC SIGNAL,FUNCTIONING PROPERLY,CLEAR,DAYLIGHT,SIDESWIPE SAME DIRECTION,NOT DIVIDED,,STRAIGHT AND LEVEL,DRY,NO DEFECTS,NOT ON SCENE (DESK REPORT),NO INJURY / DRIVE AWAY,Y,,,"OVER $1,500",3/4/2022 10:00,NOT APPLICABLE,NOT APPLICABLE,4400,W,16TH ST,1012,,,,,,,2,NO INDICATION OF INJURY,0,0,0,0,0,3,0,9,6,3,41.85883947,-87.73479783,POINT (-87.734797827233 41.858839471036)
3151a9f6a6225164841deb00fd61f477b3cce2453e574e31cdf44c70581d27705757fb12b96ee75b88a941002d1ae2b6b4007078cbe8fcace0f77902aa463e57,JF162776,,3/1/2022 11:15,30,NO CONTROLS,NO CONTROLS,CLEAR,DAYLIGHT,FIXED OBJECT,ALLEY,,STRAIGHT AND LEVEL,DRY,UNKNOWN,NOT ON SCENE (DESK REPORT),NO INJURY / DRIVE AWAY,,Y,Y,"OVER $1,500",3/4/2022 9:21,UNABLE TO DETERMINE,NOT APPLICABLE,4338,N,WHIPPLE ST,1724,,,,,,,1,NO INDICATION OF INJURY,0,0,0,0,0,1,0,11,3,3,41.96055573,-87.70471058,POINT (-87.704710579658 41.960555732075)
3075cb0ceb73d8c704596fd98d60ff914182ff34385847674b0f9087b3e3f4a3157816f00d3e197c8ffb178dec7dc7822df723190f18226febbfc05b9b0192e3,JG163232,,3/4/2022 14:00,30,STOP SIGN/FLASHER,FUNCTIONING PROPERLY,CLEAR,DAYLIGHT,REAR TO FRONT,NOT DIVIDED,,STRAIGHT AND LEVEL,DRY,NO DEFECTS,NOT ON SCENE (DESK REPORT),NO INJURY / DRIVE AWAY,Y,,,"OVER $1,500",3/4/2022 16:00,IMPROPER BACKING,IMPROPER BACKING,1734,E,93RD ST,413,,,,,,,2,NO INDICATION OF INJURY,0,0,0,0,0,2,0,14,6,3,41.72614783,-87.58118238,POINT (-87.581182379562 41.726147827568)
2d12882900b80316c3f95abe9aa7b450bcc839b9a6265c66c26d21cc1887e81da04a78505d9c3db7fe174c3e78d05a70499416bd9778040ca05bb721db6898e8,JD420549,,11/4/2020 11:30,30,STOP SIGN/FLASHER,FUNCTIONING PROPERLY,CLEAR,DAYLIGHT,ANGLE,TRAFFIC ROUTE,,STRAIGHT AND LEVEL,DRY,NO DEFECTS,,NO INJURY / DRIVE AWAY,Y,,,$500 OR LESS,11/4/2020 11:33,UNABLE TO DETERMINE,NOT APPLICABLE,4600,W,WASHINGTON BLVD,1113,,,,,,,2,NO INDICATION OF INJURY,0,0,0,0,0,3,0,11,4,11,41.88198444,-87.74016301,POINT (-87.740163011434 41.881984434835)
2a93c7cfefe95280dd015bc7088509cabb93bdcde68b8903028027a894a1fccdaf4f7b54cd3d80990354ece8eab87f7b7c83555bbfb4e530342237be2e5fd55e,JF163294,,3/3/2022 12:13,15,NO CONTROLS,NO CONTROLS,CLEAR,DAYLIGHT,REAR TO SIDE,DRIVEWAY,,STRAIGHT AND LEVEL,DRY,NO DEFECTS,NOT ON SCENE (DESK REPORT),NO INJURY / DRIVE AWAY,,Y,,"OVER $1,500",3/4/2022 16:00,IMPROPER BACKING,IMPROPER BACKING,242,W,GARFIELD BLVD,935,,,,,,,2,NO INDICATION OF INJURY,0,0,0,0,0,2,0,12,5,3,41.79463883,-87.63226705,POINT (-87.632267045463 41.794638826304)
155c0ca2a656f738c09f01e7f64d5ef396d0ec00459860981a7c8791706491f9f6e66e0f6b38f8887b54804d0fb72d38f02485497adae6ecfee71b5337710109,JF163438,,3/4/2022 17:20,30,TRAFFIC SIGNAL,FUNCTIONING PROPERLY,CLEAR,DAYLIGHT,TURNING,FOUR WAY,,STRAIGHT AND LEVEL,DRY,NO DEFECTS,NOT ON SCENE (DESK REPORT),NO INJURY / DRIVE AWAY,Y,,,"OVER $1,500",3/4/2022 17:35,FAILING TO YIELD RIGHT-OF-WAY,NOT APPLICABLE,11100,S,LONGWOOD DR,2212,,,,,,,2,NO INDICATION OF INJURY,0,0,0,0,0,3,0,17,6,3,41.69193661,-87.67204745,POINT (-87.672047447541 41.691936608788)
253b433ffbd5bf458dd9905732c6fe9bf14bb903d9022a8ecaa5bf7e3470b0ed1243e852b4694424eb322f2da0d9099a1408a8e7da6b01b56209ecdf4ef8d340,JF163447,,3/4/2022 15:41,30,TRAFFIC SIGNAL,FUNCTIONING PROPERLY,CLEAR,DAYLIGHT,TURNING,NOT DIVIDED,,STRAIGHT AND LEVEL,DRY,NO DEFECTS,NOT ON SCENE (DESK REPORT),NO INJURY / DRIVE AWAY,Y,,,"OVER $1,500",3/4/2022 17:00,IMPROPER TURNING/NO SIGNAL,IMPROPER TURNING/NO SIGNAL,3500,S,LA SALLE ST,213,,,,,,,2,NO INDICATION OF INJURY,0,0,0,0,0,2,0,15,6,3,41.8309351,-87.62997531,POINT (-87.629975304804 41.830935095228)
42c357a207296118136d8dc247d12df23964c036f7ec62026bbe6189143d022ce9077b7f204303320696fd94df50df168033330d6e481267e47d855a2d0ba431,JF163510,,3/4/2022 16:42,30,NO CONTROLS,NO CONTROLS,CLEAR,DAYLIGHT,ANGLE,NOT DIVIDED,,STRAIGHT AND LEVEL,DRY,NO DEFECTS,NOT ON SCENE (DESK REPORT),NO INJURY / DRIVE AWAY,,,,$500 OR LESS,3/4/2022 19:00,FAILING TO YIELD RIGHT-OF-WAY,NOT APPLICABLE,721,S,SEELEY AVE,1225,,,,,,,2,NO INDICATION OF INJURY,0,0,0,0,0,2,0,16,6,3,41.87252753,-87.6774417,POINT (-87.677441696207 41.872527531396)
2d617d8311c22cf4c2f19b62bc232e3920f0e5560a7ca1d6be73490374ad121436751ead82109be34aaa6e3d817f1ca4e2fe28b07a76f0e85eb040f1cb2ba865,JE451562,,11/20/2021 14:45,30,NO CONTROLS,NO CONTROLS,CLEAR,DAYLIGHT,TURNING,NOT DIVIDED,,STRAIGHT AND LEVEL,DRY,NO DEFECTS,,NO INJURY / DRIVE AWAY,,,,"OVER $1,500",11/20/2021 15:15,IMPROPER TURNING/NO SIGNAL,IMPROPER TURNING/NO SIGNAL,6300,S,JUSTINE ST,725,,,,,,,2,NO INDICATION OF INJURY,0,0,0,0,0,2,0,14,7,11,41.77939365,-87.66313547,POINT (-87.663135465158 41.779393645831)
4cb25a5876c1b093cdb1dac2f450d4193a6abc9f45d404fbf066a910ba9f63608dfba531f7f1d7532bccbd64d233e872793cc527cf79733eacd3bc14f674f53a,JE462354,,12/1/2021 9:30,30,STOP SIGN/FLASHER,FUNCTIONING PROPERLY,CLOUDY/OVERCAST,DAYLIGHT,ANGLE,NOT DIVIDED,,STRAIGHT AND LEVEL,DRY,NO DEFECTS,,INJURY AND / OR TOW DUE TO CRASH,Y,,Y,"$501 - $1,500",12/1/2021 11:00,UNABLE TO DETERMINE,NOT APPLICABLE,5600,S,WABASH AVE,225,,,,,,,2,NONINCAPACITATING INJURY,1,0,0,1,0,3,0,9,4,12,41.79278004,-87.624184,POINT (-87.624184000384 41.792780036175)
4cb784c041afe6abbbb5495ae6b3df84680f3e876ad798c0ebae4938bfe138f5de92b707d01a4fd105cd6f59f84343aa46517ebabb3485d8117519b2801c0d28,JF185301,,3/24/2022 15:45,30,NO CONTROLS,NO CONTROLS,UNKNOWN,DAYLIGHT,ANGLE,NOT DIVIDED,,STRAIGHT AND LEVEL,DRY,NO DEFECTS,NOT ON SCENE (DESK REPORT),NO INJURY / DRIVE AWAY,,,,"$501 - $1,500",3/24/2022 17:20,UNABLE TO DETERMINE,NOT APPLICABLE,3737,W,99TH ST,2211,,,,,,,2,NO INDICATION OF INJURY,0,0,0,0,0,2,0,15,5,3,41.71314689,-87.71531465,POINT (-87.715314648528 41.713146892523)
d2529ec51ef05f13863a8ee51593b50f33887483857d7a8511e0bafe17d69965df214fc64f06663f0e9c6af09a83fc22eb41babb59f4e1c78d6d8135420b79fd,JF161294,,3/2/2022 19:16,25,TRAFFIC SIGNAL,FUNCTIONING PROPERLY,CLEAR,"DARKNESS, LIGHTED ROAD",PEDESTRIAN,T-INTERSECTION,,STRAIGHT AND LEVEL,DRY,NO DEFECTS,ON SCENE,INJURY AND / OR TOW DUE TO CRASH,,,,$500 OR LESS,3/2/2022 19:16,FAILING TO YIELD RIGHT-OF-WAY,TURNING RIGHT ON RED,658,W,26TH ST,914,,,,,,,2,NONINCAPACITATING INJURY,1,0,0,1,0,1,0,19,4,3,41.84548132,-87.64319987,POINT (-87.643199868633 41.84548132071)
5c6704b5a29a8c751cf8f4a3da18b6cbc1f2ce8940e105af4dea3357e006ac6be85b807b4e42ff154d5af19a64fc528763174c30327637c85b000f23dcf7bc69,JF161984,,3/3/2022 13:08,15,NO CONTROLS,UNKNOWN,CLEAR,DAYLIGHT,PARKED MOTOR VEHICLE,ONE-WAY,,STRAIGHT AND LEVEL,DRY,NO DEFECTS,ON SCENE,NO INJURY / DRIVE AWAY,,,,$500 OR LESS,3/3/2022 13:27,EQUIPMENT - VEHICLE CONDITION,EQUIPMENT - VEHICLE CONDITION,5087,W,MONROE ST,1533,,Y,,,,,2,NO INDICATION OF INJURY,0,0,0,0,0,1,0,13,5,3,41.87929685,-87.75285315,POINT (-87.75285315387 41.879296851354)
8637fac7ecf23100e81647002e6fbfcdcf3064eb4b0b114109c52f11147e8beddf7efd5ed3c2899668671f097c2a858c81f74eebbcb2b327ecbc02fcd6a74426,JF163117,,2/25/2022 13:45,30,STOP SIGN/FLASHER,FUNCTIONING PROPERLY,UNKNOWN,DAYLIGHT,ANGLE,FOUR WAY,,STRAIGHT AND LEVEL,UNKNOWN,NO DEFECTS,NOT ON SCENE (DESK REPORT),NO INJURY / DRIVE AWAY,Y,,,"OVER $1,500",3/4/2022 13:45,DISREGARDING STOP SIGN,NOT APPLICABLE,2700,W,111TH ST,2212,,,,,,,2,NO INDICATION OF INJURY,0,0,0,0,0,2,0,13,6,2,41.69182402,-87.68859649,POINT (-87.688596487635 41.691824019464)
617a745099ddd98994c11d60c253cf4348ccbe53648f0336edd223694a1590c196befac5c55ce26688749466e37bf13bf5a5bac5755f62f230c4c5d819beb05d,JF192162,,3/3/2022 4:00,35,NO CONTROLS,NO CONTROLS,CLEAR,DAYLIGHT,PARKED MOTOR VEHICLE,ONE-WAY,,STRAIGHT AND LEVEL,DRY,WORN SURFACE,ON SCENE,INJURY AND / OR TOW DUE TO CRASH,,,,"OVER $1,500",3/3/2022 16:18,DRIVING SKILLS/KNOWLEDGE/EXPERIENCE,NOT APPLICABLE,6212,S,LAFLIN ST,713,,,,,,,3,NO INDICATION OF INJURY,0,0,0,0,0,3,0,4,5,3,41.7808961,-87.66197127,POINT (-87.661971270735 41.780896102862)