CRASH_RECORD_ID,RD_NO,CRASH_DATE_EST_I,CRASH_DATE,POSTED_SPEED_LIMIT,TRAFFIC_CONTROL_DEVICE,DEVICE_CONDITION,WEATHER_CONDITION,LIGHTING_CONDITION,FIRST_CRASH_TYPE,TRAFFICWAY_TYPE,LANE_CNT,ALIGNMENT,ROADWAY_SURFACE_COND,ROAD_DEFECT,REPORT_TYPE,CRASH_TYPE,INTERSECTION_RELATED_I,NOT_RIGHT_OF_WAY_I,HIT_AND_RUN_I,DAMAGE,DATE_POLICE_NOTIFIED,PRIM_CONTRIBUTORY_CAUSE,SEC_CONTRIBUTORY_CAUSE,STREET_NO,STREET_DIRECTION,STREET_NAME,BEAT_OF_OCCURRENCE,PHOTOS_TAKEN_I,STATEMENTS_TAKEN_I,DOORING_I,WORK_ZONE_I,WORK_ZONE_TYPE,WORKERS_PRESENT_I,NUM_UNITS,MOST_SEVERE_INJURY,INJURIES_TOTAL,INJURIES_FATAL,INJURIES_INCAPACITATING,INJURIES_NON_INCAPACITATING,INJURIES_REPORTED_NOT_EVIDENT,INJURIES_NO_INDICATION,INJURIES_UNKNOWN,CRASH_HOUR,CRASH_DAY_OF_WEEK,CRASH_MONTH,LATITUDE,LONGITUDE,LOCATION
21d6f523bd0acbca295ec9dab3554af36a050ada71790eb1745df531e77d1dd85df80fa4b559d562b198ee7906c28de12630964a603c6984f47a28c15cdbc506,JF162957,,3/4/2022 9:00,30,NO CONTROLS,NO CONTROLS,CLEAR,DAYLIGHT,PARKED MOTOR VEHICLE,ONE-WAY,,STRAIGHT AND LEVEL,DRY,NO DEFECTS,NOT ON SCENE (DESK REPORT),NO INJURY / DRIVE AWAY,,,Y,"OVER $1,500",3/4/2022 11:30,UNABLE TO DETERMINE,UNABLE TO DETERMINE,634,E,72ND ST,323,,,,,,,2,NO INDICATION OF INJURY,0,0,0,0,0,1,0,9,6,3,41.76410365,-87.60903827,POINT (-87.60903827335 41.764103651322)
2e51a9daeb9b136d39c36f01aec338a6528568aed1fbcc35917b3a3d8c25a7c8cdbac96616f8d05e975286c7423b8222b1efa55d5f6471ba0a05874209a1d626,JF163233,,3/4/2022 13:15,30,TRAFFIC SIGNAL,FUNCTIONING PROPERLY,CLEAR,DAYLIGHT,REAR END,NOT DIVIDED,,STRAIGHT AND LEVEL,UNKNOWN,UNKNOWN,NOT ON SCENE (DESK REPORT),NO INJURY / DRIVE AWAY,,,Y,"$501 - $1,500",3/4/2022 15:25,FOLLOWING TOO CLOSELY,UNABLE TO DETERMINE,800,W,ADDISON ST,1923,,,,,,,2,NO INDICATION OF INJURY,0,0,0,0,0,2,0,13,6,3,41.94742642,-87.64954043,POINT (-87.649540424981 41.9474264204)
8d263b0a86d3e6dea12feca1039a216937490af28a5f1acaf00b6903c963a960a79e410cff84d003ba37904e429ffbba9645f62eb8ae7eb0776a2a0cf8331deb,JF170652,,3/11/2022 15:15,30,NO CONTROLS,NO CONTROLS,CLEAR,DAYLIGHT,PARKED MOTOR VEHICLE,ONE-WAY,,STRAIGHT AND LEVEL,UNKNOWN,UNKNOWN,NOT ON SCENE (DESK REPORT),NO INJURY / DRIVE AWAY,,,Y,"$501 - $1,500",3/11/2022 16:17,IMPROPER OVERTAKING/PASSING,IMPROPER OVERTAKING/PASSING,2235,S,ALBANY AVE,1033,,,,,,,2,NO INDICATION OF INJURY,0,0,0,0,0,1,0,15,6,3,41.85075292,-87.70262483,POINT (-87.70262483044 41.850752922572)
307c9c5a2cab6348e22112bd6e250f687b958bf4518440b94f9c2f0be681c22bed1b26213c92db46feb658fa0206066b10398c41f1d2bd0522d99ddaf5865f97,JF181921,,3/18/2022 23:30,30,TRAFFIC SIGNAL,FUNCTIONING PROPERLY,RAIN,DARKNESS,ANGLE,UNKNOWN INTERSECTION TYPE,,STRAIGHT AND LEVEL,WET,NO DEFECTS,NOT ON SCENE (DESK REPORT),NO INJURY / DRIVE AWAY,Y,,,"OVER $1,500",3/21/2022 20:20,DISREGARDING TRAFFIC SIGNALS,FAILING TO YIELD RIGHT-OF-WAY,3900,S,LA SALLE ST,213,,,,,,,2,NO INDICATION OF INJURY,0,0,0,0,0,3,0,23,6,3,41.82364234,-87.62978732,POINT (-87.629787316104 41.823642334896)
8d7fa1b110905e7298063bdde0aebd65a881722ca697bbb9e082b7436e28dea59982b7d567059102ee83904ceb086b5c528faceee096a2bdb2fae097fe7c4ec4,JF170195,,3/11/2022 8:25,25,NO CONTROLS,NO CONTROLS,CLEAR,DAYLIGHT,PARKED MOTOR VEHICLE,NOT DIVIDED,,STRAIGHT AND LEVEL,SNOW OR SLUSH,NO DEFECTS,NOT ON SCENE (DESK REPORT),NO INJURY / DRIVE AWAY,,,,"OVER $1,500",3/11/2022 9:55,FAILING TO REDUCE SPEED TO AVOID CRASH,DRIVING SKILLS/KNOWLEDGE/EXPERIENCE,5810,N,OVERHILL AVE,1612,,,,,,,2,NO INDICATION OF INJURY,0,0,0,0,0,1,0,8,6,3,41.98562665,-87.81931045,POINT (-87.819310453822 41.985626650978)
2b765258fff1124a68b8a3717467db8fe3c4c211adef691ce87dc4d58f2086923a2b7dde9c86650feb5ddd95f1d68ca5e30a0c86095f5f18c597961e960c0b10,JF163524,,3/4/2022 18:50,30,TRAFFIC SIGNAL,FUNCTIONING PROPERLY,CLEAR,DARKNESS,TURNING,NOT DIVIDED,,STRAIGHT AND LEVEL,DRY,NO DEFECTS,NOT ON SCENE (DESK REPORT),NO INJURY / DRIVE AWAY,,,,"$501 - $1,500",3/4/2022 19:05,UNABLE TO DETERMINE,NOT APPLICABLE,1602,W,HARRISON ST,1231,,,,,,,2,NO INDICATION OF INJURY,0,0,0,0,0,2,0,18,6,3,41.87430822,-87.6667415,POINT (-87.666741502355 41.874308217734)
52ab255c0e036541b4436bbb0644b713ec798ea301919ea5dd75f3d633a9a5e66f77771e3b3065d077200c7d9187248ccf1ca1098aa21e74f0429f7b3a559134,JF162863,,3/4/2022 7:15,10,NO CONTROLS,NO CONTROLS,CLEAR,"DARKNESS, LIGHTED ROAD",PARKED MOTOR VEHICLE,PARKING LOT,,STRAIGHT AND LEVEL,DRY,UNKNOWN,NOT ON SCENE (DESK REPORT),NO INJURY / DRIVE AWAY,,,,"OVER $1,500",3/4/2022 10:30,IMPROPER BACKING,UNABLE TO DETERMINE,909,W,NORTH AVE,1822,,,,,,,2,NO INDICATION OF INJURY,0,0,0,0,0,1,0,7,6,3,41.91075693,-87.65150257,POINT (-87.651502565101 41.910756928208)
68274d39414523506db7e0f76416891a62360f72f4a92849e608b68284b93ea22b6e1a4da1663cb83a97d1d08b6f10fc4fb6566fe8837bd2534e32fd5bf5aefe,JF163684,Y,3/4/2022 19:30,30,UNKNOWN,UNKNOWN,CLEAR,UNKNOWN,PEDALCYCLIST,NOT DIVIDED,,STRAIGHT AND LEVEL,UNKNOWN,UNKNOWN,NOT ON SCENE (DESK REPORT),INJURY AND / OR TOW DUE TO CRASH,,N,Y,$500 OR LESS,3/4/2022 22:58,UNABLE TO DETERMINE,UNABLE TO DETERMINE,2900,N,MILWAUKEE AVE,1412,,,,,,,2,NONINCAPACITATING INJURY,1,0,0,1,0,1,0,19,6,3,41.9340271,-87.71576662,POINT (-87.715766622935 41.934027094683)
4e216becb32fc74ef573ad1c61f3c744f8876399c9c1fcdd45d3f6dab2cf384230d89f922e5dafa73b649c8100b0f9da4acca5ec98c168a9f4ad54edaff78b4f,JF184663,,3/24/2022 8:13,30,TRAFFIC SIGNAL,FUNCTIONING PROPERLY,RAIN,DAYLIGHT,ANGLE,NOT DIVIDED,,STRAIGHT AND LEVEL,WET,NO DEFECTS,ON SCENE,INJURY AND / OR TOW DUE TO CRASH,Y,,,"OVER $1,500",3/24/2022 8:15,UNABLE TO DETERMINE,UNABLE TO DETERMINE,4702,S,WENTWORTH AVE,224,,,,,,,2,"REPORTED, NOT EVIDENT",1,0,0,0,1,1,0,8,5,3,41.80901539,-87.63103883,POINT (-87.631038833499 41.809015391688)
313a66c8335de477181095e024c70f5956b7d18e7701cad2b0d7498bb8052ca333e213a36e866fa041b1957ae70815a5cdc43157d2aa080bf4a8dda6c78e7940,JF179133,,3/18/2022 8:05,30,TRAFFIC SIGNAL,FUNCTIONING PROPERLY,CLEAR,DAYLIGHT,SIDESWIPE SAME DIRECTION,FOUR WAY,,STRAIGHT AND LEVEL,DRY,NO DEFECTS,NOT ON SCENE (DESK REPORT),NO INJURY / DRIVE AWAY,Y,,,"OVER $1,500",3/19/2022 9:40,IMPROPER OVERTAKING/PASSING,NOT APPLICABLE,3200,W,51ST ST,821,,,,,,,2,NO INDICATION OF INJURY,0,0,0,0,0,2,0,8,6,3,41.80092967,-87.70382965,POINT (-87.703829652877 41.800929668943)
39480a6f89aec687a2058462236ebd2383fb5ed11477bd8d8c556aa007ab20520d65fee791b5b48dcc85a5e64259d8c184c8d0566aaaba9647d194d1100d7929,JF162236,,3/3/2022 16:50,25,NO CONTROLS,NO CONTROLS,CLEAR,DAYLIGHT,PARKED MOTOR VEHICLE,ONE-WAY,,STRAIGHT AND LEVEL,DRY,NO DEFECTS,ON SCENE,NO INJURY / DRIVE AWAY,,,,"$501 - $1,500",3/3/2022 16:58,UNABLE TO DETERMINE,NOT APPLICABLE,6217,W,GRACE ST,1633,,,,,,,2,NO INDICATION OF INJURY,0,0,0,0,0,1,0,16,5,3,41.9492358,-87.782248,POINT (-87.782248002794 41.949235802391)
4f8a70db1d61c3e9e9e0331a3333e43d63b7950ba2bcf1dd33d9ac392318f3e018348a99de976cdf51fce402d5272cb63370ab13f1046ce8b4972d3aafbbcad7,JF184696,,3/24/2022 8:05,30,NO CONTROLS,NO CONTROLS,RAIN,DAYLIGHT,SIDESWIPE SAME DIRECTION,ONE-WAY,,STRAIGHT AND LEVEL,WET,NO DEFECTS,ON SCENE,NO INJURY / DRIVE AWAY,,,,"OVER $1,500",3/24/2022 8:27,FAILING TO YIELD RIGHT-OF-WAY,UNABLE TO DETERMINE,6321,S,KEDVALE AVE,813,,,,,,,2,NO INDICATION OF INJURY,0,0,0,0,0,2,0,8,5,3,41.77787544,-87.72625872,POINT (-87.726258716544 41.777875444418)
be1717e440ea426f4b927f8fd1c490897017c71c541f0225e4ab6082df4d39bb5e3ef84eb43f3ad8a29d63637a522f5a73f0e3e6549014c70d3e3f0185b2e0ff,JF161841,,2/16/2022 14:34,35,NO CONTROLS,NO CONTROLS,UNKNOWN,DAYLIGHT,REAR END,NOT DIVIDED,,STRAIGHT AND LEVEL,UNKNOWN,UNKNOWN,NOT ON SCENE (DESK REPORT),NO INJURY / DRIVE AWAY,,,,"OVER $1,500",3/3/2022 11:15,NOT APPLICABLE,NOT APPLICABLE,1026,E,67TH ST,321,,,,,,,2,NO INDICATION OF INJURY,0,0,0,0,0,2,0,14,4,2,41.77330897,-87.59975111,POINT (-87.599751113558 41.773308970217)
50448c7859501a8e25f18e72a80dd65224ebf7359fc85e1eeabfaf42b50308bd774ebef64a8e769f8b473c3f382dbae0d4ba063b922f931dfdd6eb8b5f1bffe4,JF185565,,3/24/2022 21:00,30,NO CONTROLS,NO CONTROLS,RAIN,"DARKNESS, LIGHTED ROAD",REAR END,DIVIDED - W/MEDIAN BARRIER,,STRAIGHT AND LEVEL,WET,NO DEFECTS,ON SCENE,INJURY AND / OR TOW DUE TO CRASH,,,Y,"OVER $1,500",3/24/2022 21:00,FAILING TO REDUCE SPEED TO AVOID CRASH,FAILING TO REDUCE SPEED TO AVOID CRASH,1000,N,LAKE SHORE DR NB,1824,,,,,,,2,NO INDICATION OF INJURY,0,0,0,0,0,3,0,21,5,3,41.90095892,-87.61992817,POINT (-87.619928173678 41.900958919109)
e632121214f518b41e7bb3f5b74588d07bfaa946fbcd6de36a65709e5e54f58f0ffa3a272c3ae460813eb0ce78e9e3f3019f1655de160c9ed5f708c1499b1314,JF170138,,3/11/2022 9:02,25,NO CONTROLS,NO CONTROLS,SNOW,DAYLIGHT,PARKED MOTOR VEHICLE,NOT DIVIDED,,STRAIGHT AND LEVEL,WET,NO DEFECTS,ON SCENE,NO INJURY / DRIVE AWAY,,,,"$501 - $1,500",3/11/2022 9:05,WEATHER,UNABLE TO DETERMINE,2135,S,LAWNDALE AVE,1014,,,,,,,2,NO INDICATION OF INJURY,0,0,0,0,0,1,0,9,6,3,41.85245056,-87.71730958,POINT (-87.717309577193 41.852450563472)
32e94b18676f2a2947ef9d8f71b7b7863affcc3e86ad6b5c87a06b95ae73fadcc31ace65bfd59ceb7b43ce9f5be1e073084e0fbf6f446625836870a99cfd330a,JF181882,Y,3/18/2022 20:00,30,OTHER,OTHER,CLEAR,"DARKNESS, LIGHTED ROAD",SIDESWIPE SAME DIRECTION,DIVIDED - W/MEDIAN (NOT RAISED),,STRAIGHT AND LEVEL,DRY,UNKNOWN,NOT ON SCENE (DESK REPORT),NO INJURY / DRIVE AWAY,,,,"$501 - $1,500",3/21/2022 19:00,UNABLE TO DETERMINE,IMPROPER OVERTAKING/PASSING,1162,W,HARRISON ST,1232,,,,,,,2,NO INDICATION OF INJURY,0,0,0,0,0,2,0,20,6,3,41.87439373,-87.65670314,POINT (-87.656703142418 41.87439372673)
3bd881c45c53101205570aea584ebb3626bfc47e8837ee7c8589061a23930254e4e07e0408117ece341060c1b2298ceba38700f951eea8c250f5dc7f352e8119,JF163114,,3/3/2022 9:00,15,NO CONTROLS,NO CONTROLS,CLEAR,DAYLIGHT,PARKED MOTOR VEHICLE,PARKING LOT,,STRAIGHT AND LEVEL,DRY,NO DEFECTS,NOT ON SCENE (DESK REPORT),NO INJURY / DRIVE AWAY,,,,"OVER $1,500",3/4/2022 13:50,UNABLE TO DETERMINE,UNABLE TO DETERMINE,3535,W,63RD ST,823,,,,,,,2,NO INDICATION OF INJURY,0,0,0,0,0,1,0,9,5,3,41.77872178,-87.71178813,POINT (-87.71178813194 41.7787217764)
25da0c42e9c0a7a83fd2e2c1964f67f874b446d800880644a58af8558f0106de056fa226d35b9a27ecddd8685af5879cc3b8073ace3852cdcc96766148d96eed,JF163153,,3/4/2022 12:06,10,NO CONTROLS,NO CONTROLS,CLEAR,DAYLIGHT,ANGLE,PARKING LOT,,STRAIGHT AND LEVEL,DRY,NO DEFECTS,NOT ON SCENE (DESK REPORT),NO INJURY / DRIVE AWAY,,Y,,"$501 - $1,500",3/4/2022 14:44,FAILING TO YIELD RIGHT-OF-WAY,NOT APPLICABLE,4211,N,CICERO AVE,1722,,,,,,,2,NO INDICATION OF INJURY,0,0,0,0,0,2,0,12,6,3,41.95743506,-87.7472804,POINT (-87.747280397358 41.957435057144)
5060ca7cda34fcd7c38c133da63076f88241b2ef646f7116ead6371ce1dfdb94d005b17cd8e9204260149989046219624fbf04c7387483f6be08e2b482fbc9e8,JD186795,,3/15/2020 18:19,30,STOP SIGN/FLASHER,NO CONTROLS,CLEAR,DUSK,PARKED MOTOR VEHICLE,FOUR WAY,,STRAIGHT AND LEVEL,DRY,NO DEFECTS,,INJURY AND / OR TOW DUE TO CRASH,Y,,,"OVER $1,500",3/15/2020 18:19,UNABLE TO DETERMINE,NOT APPLICABLE,432,E,76TH ST,624,,,,,,,2,NONINCAPACITATING INJURY,1,0,0,1,0,0,0,18,1,3,41.75671573,-87.61378554,POINT (-87.613785543209 41.756715729689)
5295eefb17cf6a9c73de7b569ff6e82a1441153345b6d693234c9d960dcb0f150e9ac3401efe395a4cce4c6932947163f0e39b62b0eb18bb1afdb7e29fb04989,JF186052,Y,3/24/2022 13:00,30,NO CONTROLS,NO CONTROLS,UNKNOWN,UNKNOWN,PARKED MOTOR VEHICLE,NOT DIVIDED,,STRAIGHT AND LEVEL,UNKNOWN,NO DEFECTS,ON SCENE,NO INJURY / DRIVE AWAY,,,Y,"OVER $1,500",3/25/2022 10:15,UNABLE TO DETERMINE,UNABLE TO DETERMINE,1610,W,WAVELAND AVE,1922,,,,,,,2,NO INDICATION OF INJURY,0,0,0,0,0,1,0,13,5,3,41.94891667,-87.6693919,POINT (-87.669391895186 41.948916665491)
d93d2ba9eab7e5b49f100e47282a9926d93cfc495a67ab70abce0d11646fef2c4e4cbb7a5d2668fa2f8f1e29f47c6b5cf408e1c89633a7242154abfbf63f095d,JF160488,,3/2/2022 3:40,25,STOP SIGN/FLASHER,FUNCTIONING PROPERLY,CLEAR,"DARKNESS, LIGHTED ROAD",ANGLE,DIVIDED - W/MEDIAN BARRIER,,STRAIGHT AND LEVEL,DRY,NO DEFECTS,ON SCENE,INJURY AND / OR TOW DUE TO CRASH,Y,,,"OVER $1,500",3/2/2022 3:41,DISREGARDING STOP SIGN,DRIVING SKILLS/KNOWLEDGE/EXPERIENCE,1559,W,64TH ST,725,,,,,,,2,NO INDICATION OF INJURY,0,0,0,0,0,2,0,3,4,3,41.77754602,-87.66410606,POINT (-87.664106059913 41.777546019155)
1566a527220e1401ef7c321d2956ebdfe17fefe41aa6abe47d3ff8369b0474aea339a022cc924535351deb66e5e098bfaabd258f72436c49ddf5420859d6a29b,JF163576,,3/4/2022 18:58,30,TRAFFIC SIGNAL,FUNCTIONING PROPERLY,CLEAR,"DARKNESS, LIGHTED ROAD",SIDESWIPE SAME DIRECTION,DIVIDED - W/MEDIAN (NOT RAISED),,STRAIGHT AND LEVEL,DRY,NO DEFECTS,ON SCENE,NO INJURY / DRIVE AWAY,,,Y,"OVER $1,500",3/4/2022 19:50,IMPROPER OVERTAKING/PASSING,UNABLE TO DETERMINE,2399,W,LELAND AVE,1911,,,,,,,2,NO INDICATION OF INJURY,0,0,0,0,0,3,0,18,6,3,41.9666409,-87.68880272,POINT (-87.688802717941 41.966640894629)
32171b154b7479f12d95cd60a78014170f419702dd65c7d2f78ea3304b4d16b5a20ad3d6928b67bb28595467a3a0bcfe4553649b47529013b24c675d2151a913,JF162611,,3/4/2022 3:05,30,TRAFFIC SIGNAL,FUNCTIONING PROPERLY,CLEAR,"DARKNESS, LIGHTED ROAD",ANGLE,FOUR WAY,,STRAIGHT AND LEVEL,DRY,NO DEFECTS,ON SCENE,INJURY AND / OR TOW DUE TO CRASH,Y,,,"OVER $1,500",3/4/2022 3:06,DISREGARDING TRAFFIC SIGNALS,FAILING TO REDUCE SPEED TO AVOID CRASH,4800,W,MADISON ST,1533,,,,,,,2,INCAPACITATING INJURY,3,0,1,1,1,0,0,3,6,3,41.88060622,-87.74540229,POINT (-87.745402285926 41.880606224313)
517f16e9f9b8a248a89b7057f12cd7a235b748176fd3c852cce4f287a253265d52e2d1cbefd29994904582c0d831f2cc4fa2f9aaf92d6f78233addc5318f10f5,JF163760,,3/5/2022 0:30,30,NO CONTROLS,NO CONTROLS,CLEAR,"DARKNESS, LIGHTED ROAD",SIDESWIPE SAME DIRECTION,NOT DIVIDED,,STRAIGHT ON GRADE,DRY,NO DEFECTS,NOT ON SCENE (DESK REPORT),NO INJURY / DRIVE AWAY,Y,,,"OVER $1,500",3/5/2022 1:30,UNABLE TO DETERMINE,UNABLE TO DETERMINE,300,W,HUBBARD ST,1831,,,,,,,2,NO INDICATION OF INJURY,0,0,0,0,0,2,0,0,7,3,41.89007262,-87.63559786,POINT (-87.635597855807 41.890072617092)
7c51576886ce156e2a5bf5e2be59b3d7a6205b9ccca86c48a546ba6903acd1a8ffd92b5d6334ce360100d1828c5e6934ae6e2f09e67cb8005cfc545626641822,JF163120,,2/9/2022 15:30,30,TRAFFIC SIGNAL,FUNCTIONING PROPERLY,CLEAR,DAYLIGHT,TURNING,NOT DIVIDED,,STRAIGHT AND LEVEL,DRY,NO DEFECTS,NOT ON SCENE (DESK REPORT),NO INJURY / DRIVE AWAY,,,Y,"OVER $1,500",3/4/2022 13:00,FAILING TO YIELD RIGHT-OF-WAY,UNABLE TO DETERMINE,5100,S,HALSTED ST,934,,,,,,,2,NO INDICATION OF INJURY,0,0,0,0,0,2,0,15,4,2,41.80153715,-87.64549036,POINT (-87.645490360635 41.801537152074)
530d00a1010737e42e951d5c5749f76784bf9ef6c575b6e7d6a89f74d699943bbb936ee2840fa0f883bcfcab6e4b045502136b39088ffc7481bdccef566eae75,JF185228,,3/24/2022 16:08,30,TRAFFIC SIGNAL,FUNCTIONING PROPERLY,RAIN,DAYLIGHT,SIDESWIPE SAME DIRECTION,NOT DIVIDED,,STRAIGHT AND LEVEL,WET,UNKNOWN,ON SCENE,NO INJURY / DRIVE AWAY,,,,"OVER $1,500",3/24/2022 16:11,UNABLE TO DETERMINE,UNABLE TO DETERMINE,10300,S,DOTY AVE E,434,,,,,,,2,NO INDICATION OF INJURY,0,0,0,0,0,29,0,16,5,3,41.70784956,-87.58085427,POINT (-87.580854271249 41.70784955538)
59697528feb7033b193529b2889e9594b0c8565a9f45ff9fa85a30a759db5514dd142d2dd5c2994e18b99b5e87d9279b6699cac4ec1be868c00a20675456bfc5,JF163084,,3/2/2022 2:00,25,NO CONTROLS,NO CONTROLS,CLEAR,DARKNESS,PARKED MOTOR VEHICLE,ONE-WAY,,STRAIGHT AND LEVEL,DRY,UNKNOWN,NOT ON SCENE (DESK REPORT),NO INJURY / DRIVE AWAY,,,Y,"OVER $1,500",3/4/2022 13:20,UNABLE TO DETERMINE,UNABLE TO DETERMINE,6956,S,MAPLEWOOD AVE,832,,,,,,,2,NO INDICATION OF INJURY,0,0,0,0,0,1,0,2,4,3,41.7666034,-87.68711181,POINT (-87.687111812495 41.766603398725)
22db9ec316b395309d7b5baecf3c0b994528f16d705b0048cee679a771b590ce263a8a2669eb96c89d3df3ead88a0c6ab49e23c83e206bf19f0eb89ac0b8cdc2,JF162179,,3/3/2022 15:48,20,STOP SIGN/FLASHER,FUNCTIONING PROPERLY,CLEAR,DAYLIGHT,SIDESWIPE SAME DIRECTION,NOT DIVIDED,,STRAIGHT AND LEVEL,DRY,UNKNOWN,ON SCENE,NO INJURY / DRIVE AWAY,,,Y,"OVER $1,500",3/3/2022 16:17,IMPROPER OVERTAKING/PASSING,PASSING STOPPED SCHOOL BUS,3455,W,WABANSIA AVE,1422,,,,,,,2,NO INDICATION OF INJURY,0,0,0,0,0,4,0,15,5,3,41.91174632,-87.71328166,POINT (-87.713281662754 41.91174632235)
3efd35b1cdbf7646bbd6dbda548af3a1519a6aadfa450c0c9e61cf360028d5b87b34684ab1a2fae9db7e90ec42c1d691355ea2b040b80bf94fc43fc476d2ee91,JF162477,,3/3/2022 21:15,45,NO CONTROLS,NO CONTROLS,CLEAR,"DARKNESS, LIGHTED ROAD",REAR END,DIVIDED - W/MEDIAN BARRIER,,STRAIGHT AND LEVEL,DRY,NO DEFECTS,ON SCENE,INJURY AND / OR TOW DUE TO CRASH,,,,"OVER $1,500",3/3/2022 21:21,FAILING TO REDUCE SPEED TO AVOID CRASH,NOT APPLICABLE,3099,S,LAKE SHORE DR SB,133,,,,,,,4,"REPORTED, NOT EVIDENT",1,0,0,0,1,4,0,21,5,3,41.83867473,-87.60823452,POINT (-87.608234515448 41.838674729615)
2e0651d59b6533e6abc3fe0bb88a935d2b7feef7ecd0f43eb4c22b322f69d4c2d98d8d6050348b6dd88a9fdd3e339a6081fea8f78699799d5c2cd315417fdded,JF163271,,3/4/2022 14:00,30,STOP SIGN/FLASHER,FUNCTIONING PROPERLY,CLEAR,DAYLIGHT,TURNING,NOT DIVIDED,,STRAIGHT AND LEVEL,DRY,NO DEFECTS,NOT ON SCENE (DESK REPORT),NO INJURY / DRIVE AWAY,,,,"OVER $1,500",3/4/2022 15:45,FAILING TO REDUCE SPEED TO AVOID CRASH,FAILING TO REDUCE SPEED TO AVOID CRASH,7500,S,ASHLAND AVE,611,,,,,,,2,NO INDICATION OF INJURY,0,0,0,0,0,3,0,14,6,3,41.75773255,-87.66375456,POINT (-87.663754554797 41.757732551539)
52ae608c33791f24366071aaeb3921c718fc37ebfc2623d3a13d7b02c73e71d952e5419677facc2c19747412b983b9e38d59ebe883ca5958a73deeb5742b8dff,HZ561512,,12/22/2016 14:45,30,NO CONTROLS,NO CONTROLS,CLEAR,DAYLIGHT,SIDESWIPE SAME DIRECTION,NOT DIVIDED,2,STRAIGHT AND LEVEL,DRY,NO DEFECTS,,NO INJURY / DRIVE AWAY,,,Y,"OVER $1,500",12/22/2016 16:07,UNABLE TO DETERMINE,UNABLE TO DETERMINE,8550,W,BRYN MAWR AVE,1614,,,,,,,2,NO INDICATION OF INJURY,0,0,0,0,0,2,0,14,5,12,41.98114396,-87.84108738,POINT (-87.841087374554 41.981143964083)
8c41666473dc909d3432b07256984588ccba71ffa3b6ec64a49ccd897d8d03db51502e07b1ec2af2c682eae7ea8c67171a0bb860738776a91ce54210de882f83,JF162016,,3/3/2022 13:04,30,STOP SIGN/FLASHER,FUNCTIONING PROPERLY,CLEAR,DAYLIGHT,ANGLE,FOUR WAY,,STRAIGHT AND LEVEL,DRY,OTHER,ON SCENE,INJURY AND / OR TOW DUE TO CRASH,Y,,,"OVER $1,500",3/3/2022 13:59,DISREGARDING STOP SIGN,FAILING TO YIELD RIGHT-OF-WAY,7100,N,DAMEN AVE,2424,,,,,,,2,NO INDICATION OF INJURY,0,0,0,0,0,2,0,13,5,3,42.01136827,-87.68037459,POINT (-87.680374585243 42.011368266494)
2b1915cc118e2b7767615f624672c3500523cf2b52db7fe00607d3a265e41784765f16e6c962f8ab1ee59512c2c54678153a06294399db9810ad5f724f613291,JF163182,,3/4/2022 14:10,25,NO CONTROLS,NO CONTROLS,CLEAR,DAYLIGHT,REAR END,ONE-WAY,,STRAIGHT AND LEVEL,DRY,NO DEFECTS,NOT ON SCENE (DESK REPORT),NO INJURY / DRIVE AWAY,,,,"OVER $1,500",3/4/2022 14:50,IMPROPER BACKING,NOT APPLICABLE,6416,N,LEAVITT ST,2412,,,,,,,2,NO INDICATION OF INJURY,0,0,0,0,0,2,0,14,6,3,41.9983505,-87.68517668,POINT (-87.68517668015 41.998350495805)
5d708b5fbdac67d30d1df2d75db7aa2d0547349c0ad8df08a1db64f968ac3226d168952dda182bd654dbd99d0601938a2d3c77a7db93027ec928d41292434ef7,JF162595,,3/4/2022 1:47,30,NO CONTROLS,NO CONTROLS,CLEAR,"DARKNESS, LIGHTED ROAD",PARKED MOTOR VEHICLE,DIVIDED - W/MEDIAN (NOT RAISED),,STRAIGHT AND LEVEL,DRY,UNKNOWN,ON SCENE,NO INJURY / DRIVE AWAY,,,,"$501 - $1,500",3/4/2022 1:48,PHYSICAL CONDITION OF DRIVER,UNABLE TO DETERMINE,2135,S,CALIFORNIA AVE,1023,,,,,,,2,NO INDICATION OF INJURY,0,0,0,0,0,1,0,1,6,3,41.85270637,-87.69532615,POINT (-87.695326152533 41.852706364756)
b20b91d0eaa29e112b7c1bbcdd4e25f9b071599b12bc9a8357b454ecb1d9f6ea7c7ef4b0b7193fcad05ea902140296047bfa9ea15e4b1ef1b041c524a35433d0,JF163743,,3/5/2022 0:46,20,TRAFFIC SIGNAL,FUNCTIONING PROPERLY,CLEAR,"DARKNESS, LIGHTED ROAD",TURNING,NOT DIVIDED,,STRAIGHT AND LEVEL,DRY,NO DEFECTS,ON SCENE,INJURY AND / OR TOW DUE TO CRASH,Y,,Y,"OVER $1,500",3/5/2022 0:46,IMPROPER TURNING/NO SIGNAL,FAILING TO YIELD RIGHT-OF-WAY,5599,W,CORCORAN PL,1523,,,,,,,2,NONINCAPACITATING INJURY,3,0,0,1,2,2,0,0,7,3,41.88711119,-87.7650203,POINT (-87.765020295228 41.887111185689)