CRASH_RECORD_ID,RD_NO,CRASH_DATE_EST_I,CRASH_DATE,POSTED_SPEED_LIMIT,TRAFFIC_CONTROL_DEVICE,DEVICE_CONDITION,WEATHER_CONDITION,LIGHTING_CONDITION,FIRST_CRASH_TYPE,TRAFFICWAY_TYPE,LANE_CNT,ALIGNMENT,ROADWAY_SURFACE_COND,ROAD_DEFECT,REPORT_TYPE,CRASH_TYPE,INTERSECTION_RELATED_I,NOT_RIGHT_OF_WAY_I,HIT_AND_RUN_I,DAMAGE,DATE_POLICE_NOTIFIED,PRIM_CONTRIBUTORY_CAUSE,SEC_CONTRIBUTORY_CAUSE,STREET_NO,STREET_DIRECTION,STREET_NAME,BEAT_OF_OCCURRENCE,PHOTOS_TAKEN_I,STATEMENTS_TAKEN_I,DOORING_I,WORK_ZONE_I,WORK_ZONE_TYPE,WORKERS_PRESENT_I,NUM_UNITS,MOST_SEVERE_INJURY,INJURIES_TOTAL,INJURIES_FATAL,INJURIES_INCAPACITATING,INJURIES_NON_INCAPACITATING,INJURIES_REPORTED_NOT_EVIDENT,INJURIES_NO_INDICATION,INJURIES_UNKNOWN,CRASH_HOUR,CRASH_DAY_OF_WEEK,CRASH_MONTH,LATITUDE,LONGITUDE,LOCATION
340ff3ba2611b97ed29f7fa72261a3f76580a0dd34035395af446ebefffc7c7826ec87a97bbdee2ec6ee60f36866f8af121bb0d424fd58f20a77f0852aa82eb3,JE294031,Y,7/7/2021 23:20,20,NO CONTROLS,NO CONTROLS,RAIN,"DARKNESS, LIGHTED ROAD",PARKED MOTOR VEHICLE,NOT DIVIDED,,STRAIGHT AND LEVEL,WET,NO DEFECTS,,INJURY AND / OR TOW DUE TO CRASH,,,Y,"$501 - $1,500",7/7/2021 23:31,UNABLE TO DETERMINE,NOT APPLICABLE,4359,W,GEORGE ST,2523,,,,,,,3,NO INDICATION OF INJURY,0,0,0,0,0,1,0,23,4,7,41.93338996,-87.73679826,POINT (-87.736798255716 41.933389956904)
5316f3cbd69f2b87eecb7f2ed42b88694418c7cee2e5fde429f56f8522cea7a0bb5f7f00dd20cfaa6ce2a8e9c5471b60afd25f684a826153b5862e43b4cc61f8,JE408422,,10/13/2021 12:57,45,UNKNOWN,UNKNOWN,UNKNOWN,DAYLIGHT,SIDESWIPE SAME DIRECTION,DIVIDED - W/MEDIAN (NOT RAISED),,STRAIGHT AND LEVEL,UNKNOWN,UNKNOWN,,INJURY AND / OR TOW DUE TO CRASH,,,Y,"OVER $1,500",10/13/2021 13:00,UNABLE TO DETERMINE,UNABLE TO DETERMINE,530,N,WELLS ST,1831,,,,,,,4,NO INDICATION OF INJURY,0,0,0,0,0,4,0,12,4,10,41.89162446,-87.63421675,POINT (-87.634216750182 41.891624463429)
e9a48728256bae2fab9f130ebed54f6e9550778459c3f845a7173f995d2c4a14c35527d866e0ed8ca8b8e6c5d056228f986901991162437a78aefb5f84a340ab,JF170535,,3/10/2022 18:00,30,NO CONTROLS,NO CONTROLS,CLEAR,DAYLIGHT,TURNING,NOT DIVIDED,,STRAIGHT AND LEVEL,DRY,NO DEFECTS,NOT ON SCENE (DESK REPORT),NO INJURY / DRIVE AWAY,,,,"OVER $1,500",3/11/2022 14:35,FAILING TO YIELD RIGHT-OF-WAY,DRIVING SKILLS/KNOWLEDGE/EXPERIENCE,5500,S,WELLS ST,711,,,,,,,2,NO INDICATION OF INJURY,0,0,0,0,0,2,0,18,5,3,41.79419949,-87.63192548,POINT (-87.631925482492 41.794199485414)
411b93ebfae4ef83472895e03dd99d49edb07292ef3c59d50ee95fa02d127c57abe269ebc59d7406ef2bbdab27a57d3bad6046bad4c7256a37edd4d38ebbfa45,JF170285,,3/11/2022 9:15,30,UNKNOWN,UNKNOWN,CLEAR,DAYLIGHT,TURNING,DIVIDED - W/MEDIAN (NOT RAISED),,STRAIGHT AND LEVEL,DRY,UNKNOWN,NOT ON SCENE (DESK REPORT),NO INJURY / DRIVE AWAY,,,,"$501 - $1,500",3/11/2022 11:00,IMPROPER TURNING/NO SIGNAL,UNABLE TO DETERMINE,4645,N,BROADWAY,1914,,,,,,,2,NO INDICATION OF INJURY,0,0,0,0,0,2,0,9,6,3,41.96660279,-87.65807716,POINT (-87.658077163772 41.966602794442)
8556314a4b375406b9662aa9f88f1f50a98e77606a941d1e8012714df58bca0db5d95c5b30a137e7cf7123778dc3627b4583bc6ca2268bdb6c5e340ef3d78be7,JF162199,,3/3/2022 16:35,35,OTHER WARNING SIGN,NO CONTROLS,CLEAR,DAYLIGHT,PARKED MOTOR VEHICLE,DIVIDED - W/MEDIAN (NOT RAISED),,STRAIGHT AND LEVEL,DRY,NO DEFECTS,ON SCENE,INJURY AND / OR TOW DUE TO CRASH,,,,"OVER $1,500",3/3/2022 16:35,FAILING TO REDUCE SPEED TO AVOID CRASH,NOT APPLICABLE,931,W,WILSON AVE,1914,,,,Y,CONSTRUCTION,,2,NONINCAPACITATING INJURY,1,0,0,1,0,0,0,16,5,3,41.96533707,-87.65362728,POINT (-87.653627277138 41.965337069161)
49ad89ed0c04cf3e963222437da7985652905718be3f024f2fc518bb7e3db689c5d77177601e6946988e4113e5b050db6aaca470c27b0044f10e595191923efc,JF170208,,3/11/2022 9:30,20,NO CONTROLS,NO CONTROLS,SNOW,DAYLIGHT,PARKED MOTOR VEHICLE,DIVIDED - W/MEDIAN (NOT RAISED),,STRAIGHT AND LEVEL,ICE,NO DEFECTS,ON SCENE,NO INJURY / DRIVE AWAY,,,,"OVER $1,500",3/11/2022 10:00,WEATHER,NOT APPLICABLE,1853,S,ALBANY AVE,1022,,,,,,,3,NO INDICATION OF INJURY,0,0,0,0,0,1,0,9,6,3,41.85571125,-87.70269785,POINT (-87.702697846802 41.855711248926)
7d3bf90f31d9d362281bc26da8c53f2deb5c6fb41ee1216e7b57ed424c2bae95d72177b648ebff081b153070d04b79eef1f038e016d16fe1742a3389a81af6e5,JF170055,,3/11/2022 7:40,30,NO CONTROLS,NO CONTROLS,CLEAR,DAYLIGHT,TURNING,ALLEY,,STRAIGHT AND LEVEL,WET,UNKNOWN,NOT ON SCENE (DESK REPORT),NO INJURY / DRIVE AWAY,Y,,,"OVER $1,500",3/11/2022 7:50,FAILING TO YIELD RIGHT-OF-WAY,NOT APPLICABLE,4752,N,KEYSTONE AVE,1722,,,,,,,2,NO INDICATION OF INJURY,0,0,0,0,0,2,0,7,6,3,41.96717731,-87.72936485,POINT (-87.72936484793 41.967177307954)
882ed042d291db7780c72406604822482637298faf2542f072598c4283a743f6b6d64611aa39ccad56f1880a0a6a2e8cc7c153abc387d0e84b2c6ea8825f8cf2,JF170223,,3/11/2022 10:00,30,NO CONTROLS,NO CONTROLS,CLEAR,DAYLIGHT,SIDESWIPE SAME DIRECTION,NOT DIVIDED,,STRAIGHT AND LEVEL,WET,NO DEFECTS,NOT ON SCENE (DESK REPORT),NO INJURY / DRIVE AWAY,,,,"OVER $1,500",3/11/2022 10:20,FAILING TO YIELD RIGHT-OF-WAY,NOT APPLICABLE,900,N,LA SALLE DR,1832,,,,,,,2,NO INDICATION OF INJURY,0,0,0,0,0,2,0,10,6,3,41.8990055,-87.63292613,POINT (-87.632926125688 41.899005504207)
20f02763788332022c01878f7a5b71e1f80af3a30c3b0061aa03d4caa78e341ce8e43f6fcda20670dfe39036ff033d97529f9a45b95131465a65793aadb09b71,JF163203,,3/4/2022 14:27,30,NO CONTROLS,NO CONTROLS,CLEAR,DAYLIGHT,TURNING,ONE-WAY,,STRAIGHT AND LEVEL,DRY,NO DEFECTS,NOT ON SCENE (DESK REPORT),NO INJURY / DRIVE AWAY,,,,"$501 - $1,500",3/4/2022 15:01,FAILING TO REDUCE SPEED TO AVOID CRASH,FAILING TO REDUCE SPEED TO AVOID CRASH,63,E,79TH ST,623,,,,,,,2,NO INDICATION OF INJURY,0,0,0,0,0,2,0,14,6,3,41.75088626,-87.62207308,POINT (-87.622073077353 41.750886259739)
26232de9f5df565c3d307ef4313ddb1f98dd1b8fd6cd5e72adc2ed561b1e53704e5242b27b769019898289ff1783622c8079222fe6be139af6ef052b20b6ee8a,JF163164,,3/4/2022 12:03,35,TRAFFIC SIGNAL,FUNCTIONING PROPERLY,CLEAR,DAYLIGHT,REAR END,DIVIDED - W/MEDIAN (NOT RAISED),,STRAIGHT AND LEVEL,DRY,NO DEFECTS,NOT ON SCENE (DESK REPORT),NO INJURY / DRIVE AWAY,Y,,Y,"OVER $1,500",3/4/2022 17:00,FOLLOWING TOO CLOSELY,FOLLOWING TOO CLOSELY,8500,S,SUMMIT AVE,613,,,,,,,2,NO INDICATION OF INJURY,0,0,0,0,0,2,0,12,6,3,41.73964275,-87.64390726,POINT (-87.643907258002 41.739642746761)
533204721e94d2ad51d06f62044a326e23ff3f5ae1bc8e575534aa159739b59b8e162d0906a2c96025045dbcae4b75259ab27db1416ba97c3a5ea6ca37b34aed,JE119870,,1/22/2021 10:05,35,NO CONTROLS,NO CONTROLS,CLEAR,DAYLIGHT,TURNING,NOT DIVIDED,,STRAIGHT AND LEVEL,DRY,NO DEFECTS,,NO INJURY / DRIVE AWAY,,,Y,"OVER $1,500",1/22/2021 10:22,FOLLOWING TOO CLOSELY,NOT APPLICABLE,2832,W,71ST ST,831,,,,,,,2,NO INDICATION OF INJURY,0,0,0,0,0,2,0,10,6,1,41.76462627,-87.69431599,POINT (-87.694315985821 41.76462627246)
538db5fab673d2aa226bc49d8eba8b5a0c67f66141493db21c308d98ef0a2e1ff827d3623f71baa3195402c7a8b7fd7092120d731d98ae4ea1546b9df43f1ff5,JF185613,,3/24/2022 20:40,30,TRAFFIC SIGNAL,FUNCTIONING PROPERLY,RAIN,"DARKNESS, LIGHTED ROAD",REAR END,DIVIDED - W/MEDIAN BARRIER,,STRAIGHT AND LEVEL,WET,NO DEFECTS,NOT ON SCENE (DESK REPORT),INJURY AND / OR TOW DUE TO CRASH,,,,"OVER $1,500",3/24/2022 21:40,FOLLOWING TOO CLOSELY,WEATHER,2898,N,CALIFORNIA AVE,1411,,,,,,,3,INCAPACITATING INJURY,1,0,1,0,0,2,0,20,5,3,41.93393366,-87.69781721,POINT (-87.697817207168 41.933933655373)
9365e747a00914a07bab9c89217798180dc44338a2c853207c78d2784a0a798917e1ed706ec0076860e7170e8d04c8d7b80292341c8959bef25a69c8732d696f,JF167986,,3/9/2022 8:20,10,NO CONTROLS,UNKNOWN,CLEAR,DAYLIGHT,PARKED MOTOR VEHICLE,PARKING LOT,,STRAIGHT AND LEVEL,DRY,NO DEFECTS,NOT ON SCENE (DESK REPORT),NO INJURY / DRIVE AWAY,,,,$500 OR LESS,3/9/2022 8:20,DRIVING SKILLS/KNOWLEDGE/EXPERIENCE,NOT APPLICABLE,1650,E,95TH ST,413,,,,,,,2,NO INDICATION OF INJURY,0,0,0,0,0,1,0,8,4,3,41.72248103,-87.5830762,POINT (-87.583076201168 41.722481032243)
1eb559e21b9783bc85bda8b85f6a3c644156a3508573c5974626870901fcf974ab3821536426a63a6ff0ad8572683e8cf726a5075ef6a218628c549010b07eef,JF170457,,3/10/2022 22:00,30,UNKNOWN,UNKNOWN,UNKNOWN,UNKNOWN,SIDESWIPE SAME DIRECTION,DIVIDED - W/MEDIAN BARRIER,,STRAIGHT AND LEVEL,UNKNOWN,UNKNOWN,NOT ON SCENE (DESK REPORT),NO INJURY / DRIVE AWAY,,,,"OVER $1,500",3/11/2022 13:15,UNABLE TO DETERMINE,UNABLE TO DETERMINE,2200,N,LAKE SHORE DR NB,1814,,,,,,,2,NO INDICATION OF INJURY,0,0,0,0,0,2,0,22,5,3,41.9221208,-87.63024326,POINT (-87.630243260328 41.922120796559)
2d0a8e73e118a101187e8966793b0bbc88f9aa3d8b94e8185519b30214906b85ecddc57d2fd30ce4dd6b2ddaeaa777b119607cc279c9cf2af5438e4fd7deb27d,JF170719,,3/11/2022 10:30,25,TRAFFIC SIGNAL,FUNCTIONING PROPERLY,CLEAR,DAYLIGHT,REAR TO FRONT,NOT DIVIDED,,STRAIGHT AND LEVEL,DRY,NO DEFECTS,NOT ON SCENE (DESK REPORT),NO INJURY / DRIVE AWAY,,,Y,"$501 - $1,500",3/11/2022 17:15,IMPROPER BACKING,IMPROPER BACKING,40,W,RANDOLPH ST,111,,,,,,,2,NO INDICATION OF INJURY,0,0,0,0,0,2,0,10,6,3,41.88459127,-87.62937873,POINT (-87.629378726528 41.884591274157)
42a88f2018f0d0ecca94c7ba0cdc876bc506d796d30c4dacc6c671cc935dbdd7ded1a9e426484ddda321ee467a1255ba42f908cbbdffc55e00121f8c3f256e23,JF170815,,3/11/2022 16:10,30,NO CONTROLS,NO CONTROLS,CLEAR,DAYLIGHT,PARKED MOTOR VEHICLE,NOT DIVIDED,,STRAIGHT AND LEVEL,DRY,NO DEFECTS,NOT ON SCENE (DESK REPORT),NO INJURY / DRIVE AWAY,,,Y,"$501 - $1,500",3/11/2022 18:50,UNABLE TO DETERMINE,NOT APPLICABLE,3032,N,CLARK ST,1934,,,,,,,2,NO INDICATION OF INJURY,0,0,0,0,0,1,0,16,6,3,41.93722185,-87.64863731,POINT (-87.648637311922 41.937221845163)
c5e5d464a115e0ae696c5ded110fbf94ffe630eb4c4075e44f31772fc0e83ed29eff1163c0d8a8c99c7dfd7de08f241035da979bd155e40c849d44982dd8090c,JF171068,,3/12/2022 2:00,30,NO CONTROLS,NO CONTROLS,CLEAR,"DARKNESS, LIGHTED ROAD",PARKED MOTOR VEHICLE,PARKING LOT,,STRAIGHT AND LEVEL,DRY,OTHER,NOT ON SCENE (DESK REPORT),NO INJURY / DRIVE AWAY,,,Y,"OVER $1,500",3/12/2022 2:10,UNABLE TO DETERMINE,UNABLE TO DETERMINE,1600,S,TRUMBULL AVE,1021,,,,,,,2,NO INDICATION OF INJURY,0,0,0,0,0,1,0,2,7,3,41.85892216,-87.71169722,POINT (-87.711697224352 41.858922163085)
5527c24fb8a56343d7a03628b9b9ec9148f9f4bf8da1caff799b2f6e694708b5efa6294455563dd83742a4bf61b93f6d2497758cbd3c788259ede0d3fac1aa47,JF185182,,3/24/2022 15:00,30,TRAFFIC SIGNAL,FUNCTIONING PROPERLY,RAIN,DAYLIGHT,REAR END,NOT DIVIDED,,STRAIGHT AND LEVEL,WET,NO DEFECTS,NOT ON SCENE (DESK REPORT),NO INJURY / DRIVE AWAY,Y,,,"OVER $1,500",3/24/2022 15:40,FOLLOWING TOO CLOSELY,NOT APPLICABLE,6700,N,SHERIDAN RD,2432,,,,,,,2,NO INDICATION OF INJURY,0,0,0,0,0,3,0,15,5,3,42.00354845,-87.66096341,POINT (-87.660963407182 42.003548452846)
559256e63af6f3b2d4100ce24be56e79a9cd946d1ee01ce19b1477d4a7ed554a75807806d45cf32006f36791a6e915b631049e11797a0d3a3cf4cad14925a4c7,JF184919,,3/24/2022 11:45,15,NO CONTROLS,NO CONTROLS,CLEAR,DAYLIGHT,PARKED MOTOR VEHICLE,PARKING LOT,,STRAIGHT AND LEVEL,DRY,NO DEFECTS,NOT ON SCENE (DESK REPORT),NO INJURY / DRIVE AWAY,,Y,,"$501 - $1,500",3/24/2022 12:00,IMPROPER BACKING,IMPROPER LANE USAGE,7450,N,ROGERS AVE,2422,,,,,,,2,NO INDICATION OF INJURY,0,0,0,0,0,1,0,11,5,3,42.01714971,-87.67317857,POINT (-87.673178573326 42.017149711056)
2f2c21ae76a4c91866b03aa1a2b3d2cbd4eac30a08ed949fb1265d495bbe366a358e2f03fcb6e0f3f33d6647ddddd6c87480d3409480bb275ee9da1cf42480eb,JF169791,,3/9/2022 17:00,30,NO CONTROLS,NO CONTROLS,CLEAR,DUSK,PARKED MOTOR VEHICLE,ONE-WAY,,STRAIGHT AND LEVEL,DRY,UNKNOWN,ON SCENE,NO INJURY / DRIVE AWAY,,,Y,"$501 - $1,500",3/10/2022 19:20,UNABLE TO DETERMINE,UNABLE TO DETERMINE,5711,N,MARMORA AVE,1622,,,,,,,2,NO INDICATION OF INJURY,0,0,0,0,0,1,0,17,4,3,41.98451369,-87.77517008,POINT (-87.775170082003 41.984513693195)
238ec9e29e104d1575fad1a53c986282b8d1247753bcfa47b3b89ee9015f80bc7c5e326a14669eba24baf4458543bfb511e1657d9ffd218ecce929b06460e25c,JF169313,,3/10/2022 12:15,30,NO CONTROLS,NO CONTROLS,CLEAR,DAYLIGHT,OTHER OBJECT,DIVIDED - W/MEDIAN BARRIER,,STRAIGHT AND LEVEL,DRY,NO DEFECTS,ON SCENE,INJURY AND / OR TOW DUE TO CRASH,,Y,,"$501 - $1,500",3/10/2022 12:30,ROAD ENGINEERING/SURFACE/MARKING DEFECTS,EQUIPMENT - VEHICLE CONDITION,1600,N,LAKE SHORE DR,1814,,,,,,,1,NO INDICATION OF INJURY,0,0,0,0,0,1,0,12,5,3,41.91122456,-87.62648257,POINT (-87.626482572426 41.911224555611)
45cc1d73a37330bca386391fa6b629c6144ebc675d4b0c254d12e7d88fe9089a45fe7c7e6f95b6310480f2b9379fef54f233535abe1085035f2d07b604e4f660,JF170169,,3/11/2022 9:05,30,TRAFFIC SIGNAL,FUNCTIONING PROPERLY,SNOW,DAYLIGHT,TURNING,DIVIDED - W/MEDIAN (NOT RAISED),,STRAIGHT AND LEVEL,WET,NO DEFECTS,ON SCENE,NO INJURY / DRIVE AWAY,Y,,,"OVER $1,500",3/11/2022 9:15,IMPROPER LANE USAGE,NOT APPLICABLE,2,N,MICHIGAN AVE,112,,,,,,,2,NO INDICATION OF INJURY,0,0,0,0,0,2,0,9,6,3,41.88216417,-87.62451427,POINT (-87.624514273622 41.88216416733)
7b393cd572d97bda808bf52a9a9926b3ca166ed20fdf4c534f1fe7ce8000af26a03c150fd75d6d9d033044a0e13458b25235244f7109b927df24144a353848e8,JF170960,,3/11/2022 22:27,30,STOP SIGN/FLASHER,FUNCTIONING PROPERLY,CLEAR,"DARKNESS, LIGHTED ROAD",REAR END,T-INTERSECTION,,STRAIGHT AND LEVEL,DRY,NO DEFECTS,NOT ON SCENE (DESK REPORT),NO INJURY / DRIVE AWAY,,,Y,"OVER $1,500",3/11/2022 23:00,UNABLE TO DETERMINE,UNABLE TO DETERMINE,823,N,ORLEANS ST,1823,,,,,,,2,NO INDICATION OF INJURY,0,0,0,0,0,2,0,22,6,3,41.89734336,-87.63705168,POINT (-87.637051679582 41.897343356843)
76f25559891d4421a7e7d51c632289922cce9eea9610f9a7891acf35e7cf7bdfebf0405188f29ec1f9d7d8fbb3882c240810134a2b7496355114afe71acda070,JF171017,,3/12/2022 0:15,30,NO CONTROLS,NO CONTROLS,CLEAR,"DARKNESS, LIGHTED ROAD",FIXED OBJECT,DRIVEWAY,,STRAIGHT AND LEVEL,DRY,NO DEFECTS,ON SCENE,NO INJURY / DRIVE AWAY,,,,"OVER $1,500",3/12/2022 0:22,UNABLE TO DETERMINE,UNABLE TO DETERMINE,400,E,65TH ST,312,,,,,,,1,NO INDICATION OF INJURY,0,0,0,0,0,1,0,0,7,3,41.77671462,-87.61547917,POINT (-87.615479172439 41.776714618497)
873725f84ba5dd661ca0948f2f2ccaacf78a11121af49047d3e3a304cd39541bd6b971f3a7d9d25d5e485739cc8a24ee2f0d962afbd8e18195cd63ac302a0a8c,JF171064,,3/12/2022 1:53,30,TRAFFIC SIGNAL,FUNCTIONING PROPERLY,CLEAR,"DARKNESS, LIGHTED ROAD",ANGLE,FOUR WAY,,STRAIGHT AND LEVEL,DRY,NO DEFECTS,ON SCENE,INJURY AND / OR TOW DUE TO CRASH,Y,,,"OVER $1,500",3/12/2022 1:53,FAILING TO YIELD RIGHT-OF-WAY,EQUIPMENT - VEHICLE CONDITION,4000,W,MADISON ST,1115,,,,,,,2,INCAPACITATING INJURY,1,0,1,0,0,3,0,1,7,3,41.8808343,-87.7257966,POINT (-87.725796597174 41.880834299772)
361f01c0555d772a705dfb9f7f1f025a4fee88815a2b1723537bca03981afebcde778af2ddb49aec0d005129b27e0641f4afe68c1a7c277330bd4d604bf24927,JF178474,,3/18/2022 15:30,30,NO CONTROLS,NO CONTROLS,RAIN,DAYLIGHT,REAR TO SIDE,PARKING LOT,,STRAIGHT AND LEVEL,WET,NO DEFECTS,ON SCENE,NO INJURY / DRIVE AWAY,,,,"OVER $1,500",3/18/2022 15:39,DRIVING SKILLS/KNOWLEDGE/EXPERIENCE,WEATHER,2420,W,51ST ST,923,,,,,,,3,NO INDICATION OF INJURY,0,0,0,0,0,2,0,15,6,3,41.8012514,-87.68503553,POINT (-87.685035531611 41.801251403716)
58aadfe86914d4eb8be49ce6da87fce7adb39251f4b926ac18dd4274348b0408db3c20c656ff13168386b04691b7327e20a1ed13a8aa3f331ed84e21aacdc4a6,JF168153,,3/9/2022 8:15,30,TRAFFIC SIGNAL,FUNCTIONING PROPERLY,CLEAR,DAYLIGHT,TURNING,CENTER TURN LANE,,STRAIGHT AND LEVEL,DRY,NO DEFECTS,NOT ON SCENE (DESK REPORT),NO INJURY / DRIVE AWAY,Y,,,"$501 - $1,500",3/9/2022 12:00,IMPROPER TURNING/NO SIGNAL,IMPROPER TURNING/NO SIGNAL,400,W,BELMONT AVE,1925,,,,,,,2,NO INDICATION OF INJURY,0,0,0,0,0,2,0,8,4,3,41.94024119,-87.63963911,POINT (-87.639639114276 41.940241193256)
499e90b7940d4809208927c427e58afe32e56a97f8d31c179c568139398c7ca710cf938dafb417a97d405803e85cbfd6a1411d649cccdf7d7be4b8dd18f6ed90,JF169224,,3/10/2022 11:45,30,STOP SIGN/FLASHER,OTHER,CLEAR,DAYLIGHT,ANGLE,NOT DIVIDED,,STRAIGHT AND LEVEL,DRY,NO DEFECTS,ON SCENE,INJURY AND / OR TOW DUE TO CRASH,Y,,,"$501 - $1,500",3/10/2022 11:50,FAILING TO YIELD RIGHT-OF-WAY,FAILING TO YIELD RIGHT-OF-WAY,7132,W,SCHOOL ST,1632,,,,,,,2,NO INDICATION OF INJURY,0,0,0,0,0,2,0,11,5,3,41.93993962,-87.80571399,POINT (-87.80571399001 41.939939615957)
39cb90b64bd01a32923beb89bdd1904f57fb4e0760a1edd7b5569cff642b1662e9a52217cf0c15ee2fb94e2ac88b0f4bad0e8f0ff99aa61480593ac164c42492,JF170672,,3/11/2022 15:58,30,NO CONTROLS,NO CONTROLS,CLEAR,DAYLIGHT,FIXED OBJECT,NOT DIVIDED,,STRAIGHT AND LEVEL,WET,"RUT, HOLES",ON SCENE,NO INJURY / DRIVE AWAY,,,,"$501 - $1,500",3/11/2022 15:58,ROAD ENGINEERING/SURFACE/MARKING DEFECTS,UNABLE TO DETERMINE,2437,E,79TH ST,422,,,,,,,1,NO INDICATION OF INJURY,0,0,0,0,0,1,0,15,6,3,41.75163984,-87.5647875,POINT (-87.564787502535 41.751639841611)
593b295a7fa7d468e4ec99109644d5acaf86de0a1048613285b06f8d6462139f83d30dc734dcb0186284feaf034a616f9a66ee8bc5536707af1d82712c781e90,JF170878,,3/11/2022 19:11,30,TRAFFIC SIGNAL,FUNCTIONING PROPERLY,CLEAR,"DARKNESS, LIGHTED ROAD",TURNING,NOT DIVIDED,,STRAIGHT AND LEVEL,DRY,NO DEFECTS,NOT ON SCENE (DESK REPORT),NO INJURY / DRIVE AWAY,,,Y,"$501 - $1,500",3/11/2022 19:57,UNABLE TO DETERMINE,UNABLE TO DETERMINE,238,E,136TH ST,533,,,,,,,2,NO INDICATION OF INJURY,0,0,0,0,0,3,0,19,6,3,41.6480336,-87.61573137,POINT (-87.615731372451 41.648033602637)
ead5c1f63bc5926032673e90904564ae04b84fca23ab259139810f2c9884b7fd7495e2aaf1ae975bb6a901931c01d4e983ecd4bce9e22795b996c97b817f61be,JF171030,,3/12/2022 0:43,30,NO CONTROLS,NO CONTROLS,CLEAR,"DARKNESS, LIGHTED ROAD",SIDESWIPE SAME DIRECTION,DIVIDED - W/MEDIAN (NOT RAISED),,STRAIGHT AND LEVEL,DRY,NO DEFECTS,ON SCENE,INJURY AND / OR TOW DUE TO CRASH,,,Y,"OVER $1,500",3/12/2022 0:43,IMPROPER OVERTAKING/PASSING,IMPROPER LANE USAGE,4624,W,MADISON ST,1113,,Y,,,,,3,NONINCAPACITATING INJURY,3,0,0,3,0,2,0,0,7,3,41.88065333,-87.74127773,POINT (-87.741277733535 41.880653333583)
4241ac9cca81306e152ce36806fab424f7f13438bdf12afda8fbce73ea11459b8d60ed5df76b7c9957679fab37bb17bfaae4d0db5bc409067618237f2c49de79,JF170202,,3/10/2022 17:45,30,TRAFFIC SIGNAL,FUNCTIONING PROPERLY,CLEAR,DUSK,TURNING,NOT DIVIDED,,STRAIGHT AND LEVEL,DRY,NO DEFECTS,NOT ON SCENE (DESK REPORT),NO INJURY / DRIVE AWAY,Y,,,"OVER $1,500",3/11/2022 10:15,FAILING TO REDUCE SPEED TO AVOID CRASH,UNABLE TO DETERMINE,5132,N,CENTRAL AVE,1622,,,,,,,2,NO INDICATION OF INJURY,0,0,0,0,0,2,0,17,5,3,41.97452752,-87.76864902,POINT (-87.768649020026 41.974527521708)
1875d04254c064036cafb643e3f2ea86fec100b1fe9b95255fbc1f086469693c6fb01ec46d8a0764cec6a41f9270daf80ce0227c420f0ee350859f054e7245d3,JF170662,,3/11/2022 15:40,30,NO CONTROLS,NO CONTROLS,CLEAR,DAYLIGHT,TURNING,NOT DIVIDED,,STRAIGHT AND LEVEL,DRY,NO DEFECTS,ON SCENE,INJURY AND / OR TOW DUE TO CRASH,,,,"OVER $1,500",3/11/2022 15:55,FAILING TO YIELD RIGHT-OF-WAY,NOT APPLICABLE,855,W,NORTH AVE,1822,,,,,,,2,NO INDICATION OF INJURY,0,0,0,0,0,2,0,15,6,3,41.91077497,-87.65046085,POINT (-87.650460847455 41.910774970068)
26c4933861bdcc7c741f80fea9ce336e29cffe6acfe2acdc8e211a926154ebd61517b396164c93f1898285dc7e401442a7d93a32f3ca1d73874648f59d1ac8c0,JF170634,,3/11/2022 9:10,30,NO CONTROLS,NO CONTROLS,CLEAR,DAYLIGHT,PARKED MOTOR VEHICLE,PARKING LOT,,STRAIGHT AND LEVEL,UNKNOWN,UNKNOWN,NOT ON SCENE (DESK REPORT),NO INJURY / DRIVE AWAY,,,,"$501 - $1,500",3/11/2022 16:14,IMPROPER OVERTAKING/PASSING,IMPROPER OVERTAKING/PASSING,2875,W,19TH ST,1022,,,,,,,2,NO INDICATION OF INJURY,0,0,0,0,0,1,0,9,6,3,41.85540289,-87.69870755,POINT (-87.698707544873 41.8554028935)
81a7e3522c08ae2f32ffdc309e4996da5a7abe8412e57d42a88609a3fc5048244f232cbeb68a911eb74d9804babcf94dec1bb4e582630756e8c9f8a23e8f084c,JF171079,,3/12/2022 2:15,30,NO CONTROLS,NO CONTROLS,CLEAR,"DARKNESS, LIGHTED ROAD",SIDESWIPE OPPOSITE DIRECTION,PARKING LOT,,STRAIGHT AND LEVEL,DRY,NO DEFECTS,ON SCENE,INJURY AND / OR TOW DUE TO CRASH,,Y,Y,"OVER $1,500",3/12/2022 2:17,UNABLE TO DETERMINE,UNABLE TO DETERMINE,7601,S,CICERO AVE,833,,,,,,,2,NO INDICATION OF INJURY,0,0,0,0,0,2,0,2,7,3,41.75466012,-87.74138476,POINT (-87.741384758605 41.754660124394)
56d984994d5c79a557c736eadb8069990a8c7f16064f42f27157731b1bbdeaa120afd9392f765642c4b26dbabec44c3411d5715afcb9d8467269ad3595704bc7,JD272445,,6/22/2020 12:31,30,OTHER,OTHER,CLEAR,DAYLIGHT,REAR TO SIDE,T-INTERSECTION,,STRAIGHT AND LEVEL,DRY,NO DEFECTS,,NO INJURY / DRIVE AWAY,Y,,,"$501 - $1,500",6/22/2020 13:25,FAILING TO YIELD RIGHT-OF-WAY,IMPROPER BACKING,3753,W,BELMONT AVE,2523,,,,,,,2,NO INDICATION OF INJURY,0,0,0,0,0,3,0,12,2,6,41.93905185,-87.72175841,POINT (-87.721758412454 41.939051853607)