CRASH_RECORD_ID,RD_NO,CRASH_DATE_EST_I,CRASH_DATE,POSTED_SPEED_LIMIT,TRAFFIC_CONTROL_DEVICE,DEVICE_CONDITION,WEATHER_CONDITION,LIGHTING_CONDITION,FIRST_CRASH_TYPE,TRAFFICWAY_TYPE,LANE_CNT,ALIGNMENT,ROADWAY_SURFACE_COND,ROAD_DEFECT,REPORT_TYPE,CRASH_TYPE,INTERSECTION_RELATED_I,NOT_RIGHT_OF_WAY_I,HIT_AND_RUN_I,DAMAGE,DATE_POLICE_NOTIFIED,PRIM_CONTRIBUTORY_CAUSE,SEC_CONTRIBUTORY_CAUSE,STREET_NO,STREET_DIRECTION,STREET_NAME,BEAT_OF_OCCURRENCE,PHOTOS_TAKEN_I,STATEMENTS_TAKEN_I,DOORING_I,WORK_ZONE_I,WORK_ZONE_TYPE,WORKERS_PRESENT_I,NUM_UNITS,MOST_SEVERE_INJURY,INJURIES_TOTAL,INJURIES_FATAL,INJURIES_INCAPACITATING,INJURIES_NON_INCAPACITATING,INJURIES_REPORTED_NOT_EVIDENT,INJURIES_NO_INDICATION,INJURIES_UNKNOWN,CRASH_HOUR,CRASH_DAY_OF_WEEK,CRASH_MONTH,LATITUDE,LONGITUDE,LOCATION
386d69ac6dde871d581b6ac522cbb804bbe7b575dffc3a0c669c10484ddd4699547fbf2162fca9f594e48328c3c429e73962c16488cc0c699361c1b9e01d7922,JF179580,,3/18/2022 20:30,30,TRAFFIC SIGNAL,FUNCTIONING PROPERLY,RAIN,"DARKNESS, LIGHTED ROAD",TURNING,NOT DIVIDED,,STRAIGHT AND LEVEL,WET,NO DEFECTS,NOT ON SCENE (DESK REPORT),NO INJURY / DRIVE AWAY,Y,,Y,"OVER $1,500",3/19/2022 16:40,FAILING TO YIELD RIGHT-OF-WAY,NOT APPLICABLE,4400,W,DIVISION ST,2533,,,,,,,2,NO INDICATION OF INJURY,0,0,0,0,0,2,0,20,6,3,41.9026194,-87.73627328,POINT (-87.736273282379 41.902619400735)
3c1cca434a30005c736f45e52d6b27b7d6ca29c09d9bbb62ce37e6c41e900e919ee0ca135e6d78f5eaf904bb2818a935cb623cd1ea694c84f05014694eb1c006,JF169263,,3/10/2022 12:00,30,NO CONTROLS,NO CONTROLS,CLEAR,DAYLIGHT,PARKED MOTOR VEHICLE,NOT DIVIDED,,STRAIGHT AND LEVEL,DRY,NO DEFECTS,NOT ON SCENE (DESK REPORT),NO INJURY / DRIVE AWAY,,,,"$501 - $1,500",3/10/2022 12:35,IMPROPER LANE USAGE,UNABLE TO DETERMINE,1612,W,79TH ST,611,,,,,,,2,NO INDICATION OF INJURY,0,0,0,0,0,1,0,12,5,3,41.75045614,-87.66394245,POINT (-87.663942444611 41.750456143342)
308d6633d8947aadae75c7a1662f3b988a4b5319a74cbc158e65e7a460b62d08fca090382d266386ccf6ebdf8d007a5bb2646af20a9861f799178d204ffb62a4,JF170017,,3/11/2022 5:38,30,NO CONTROLS,NO CONTROLS,SNOW,DAWN,HEAD ON,NOT DIVIDED,,STRAIGHT AND LEVEL,SNOW OR SLUSH,NO DEFECTS,ON SCENE,INJURY AND / OR TOW DUE TO CRASH,,,,"OVER $1,500",3/11/2022 5:38,WEATHER,UNABLE TO DETERMINE,635,E,115TH ST,532,,,,,,,2,NONINCAPACITATING INJURY,1,0,0,1,0,1,0,5,6,3,41.68537236,-87.60696886,POINT (-87.606968856322 41.685372357258)
40e3691ee36be9c93ab50c9a71c9f1c35cc9464daf4e30f5b8915b6d46ef10ef5e2b3b572ff15791abf3c252d8ade650ce361b083c63c33824051416fdd42dd3,JF170128,,3/11/2022 8:10,30,NO CONTROLS,NO CONTROLS,CLEAR,DAYLIGHT,REAR END,NOT DIVIDED,,STRAIGHT AND LEVEL,WET,UNKNOWN,NOT ON SCENE (DESK REPORT),NO INJURY / DRIVE AWAY,,,Y,"OVER $1,500",3/11/2022 9:00,FOLLOWING TOO CLOSELY,UNABLE TO DETERMINE,4621,S,WOLCOTT AVE,924,,,,,,,2,NO INDICATION OF INJURY,0,0,0,0,0,2,0,8,6,3,41.80970022,-87.67214332,POINT (-87.672143319308 41.809700224086)
4cf6a75c27779dfc94acb943419534f6e626cb6e66f9fd3ad3b0eb5da6d9f678f270c2b0ec653a49bd15f42c95d44065d74d3fddc7eac05c96f2485549c82873,JF170598,,3/11/2022 15:22,35,NO CONTROLS,NO CONTROLS,CLEAR,DAYLIGHT,HEAD ON,NOT DIVIDED,,STRAIGHT AND LEVEL,DRY,NO DEFECTS,ON SCENE,INJURY AND / OR TOW DUE TO CRASH,,,,"OVER $1,500",3/11/2022 15:22,NOT APPLICABLE,NOT APPLICABLE,5714,S,CENTRAL AVE,811,,,,,,,2,NONINCAPACITATING INJURY,1,0,0,1,0,1,0,15,6,3,41.78871669,-87.76230008,POINT (-87.762300081076 41.788716686498)
e72f9c21ddf4e5030547921e93143fc62a6868fbce6e46b1846ab8ac732c4227251bb519830c6654b9869678d58348a333bda8872fd1544094c729016adb0914,JF171089,Y,3/12/2022 2:00,30,NO CONTROLS,NO CONTROLS,CLEAR,"DARKNESS, LIGHTED ROAD",PARKED MOTOR VEHICLE,NOT DIVIDED,,STRAIGHT AND LEVEL,DRY,NO DEFECTS,ON SCENE,INJURY AND / OR TOW DUE TO CRASH,,,Y,"OVER $1,500",3/12/2022 2:37,UNABLE TO DETERMINE,UNABLE TO DETERMINE,331,W,INSTITUTE PL,1823,,,,,,,2,NO INDICATION OF INJURY,0,0,0,0,0,1,0,2,7,3,41.89727374,-87.63708308,POINT (-87.637083081884 41.897273742952)
5e2666b611a409fc7c0b0cd70334821c2e289cb76540fd7faf21b209d336444be5f4c671d8a5b7bc5e7c8e3b09611ddef9652c339aa7bc027c3e84f6797f411d,JF169343,,3/10/2022 13:09,30,NO CONTROLS,NO CONTROLS,CLEAR,DAYLIGHT,SIDESWIPE SAME DIRECTION,DIVIDED - W/MEDIAN (NOT RAISED),,STRAIGHT AND LEVEL,DRY,NO DEFECTS,ON SCENE,INJURY AND / OR TOW DUE TO CRASH,,,,"OVER $1,500",3/10/2022 13:15,FAILING TO YIELD RIGHT-OF-WAY,IMPROPER TURNING/NO SIGNAL,8751,S,COTTAGE GROVE AVE,632,,,,,,,2,NO INDICATION OF INJURY,0,0,0,0,0,3,0,13,5,3,41.73512555,-87.60463878,POINT (-87.604638775814 41.735125545203)
598e5fb8738d917e5ac838bdd65d311961b996ccf58cf211793ec4213ed69f4348e3edab9041f6bc27c64bbfaf77e396dca823ef348a4576446a15eb6180d41b,JF185232,,3/24/2022 16:05,30,TRAFFIC SIGNAL,FUNCTIONING PROPERLY,RAIN,DAYLIGHT,SIDESWIPE SAME DIRECTION,DIVIDED - W/MEDIAN (NOT RAISED),,STRAIGHT AND LEVEL,WET,NO DEFECTS,ON SCENE,NO INJURY / DRIVE AWAY,,,,"OVER $1,500",3/24/2022 16:07,IMPROPER LANE USAGE,IMPROPER OVERTAKING/PASSING,1910,W,FULLERTON AVE,1432,,,,,,,2,NO INDICATION OF INJURY,0,0,0,0,0,9,0,16,5,3,41.92515644,-87.67629352,POINT (-87.676293521004 41.925156440725)
7fe5c611976b69280a06c2c4115314a155b7755e3cd7794cfd4a72234b8f4ac73f552a37a90ace3e5fca21d7de1ae2beeea6bd2a25d94e20fc6e5f3ff38049cd,JF170304,,3/10/2022 15:05,30,TRAFFIC SIGNAL,FUNCTIONING PROPERLY,CLEAR,DAYLIGHT,REAR END,NOT DIVIDED,,STRAIGHT AND LEVEL,DRY,NO DEFECTS,NOT ON SCENE (DESK REPORT),NO INJURY / DRIVE AWAY,,,,"OVER $1,500",3/11/2022 11:00,FOLLOWING TOO CLOSELY,NOT APPLICABLE,5,S,KEDZIE AVE,1124,,,,,,,2,NO INDICATION OF INJURY,0,0,0,0,0,2,0,15,5,3,41.88078398,-87.70597056,POINT (-87.705970558416 41.880783981309)
33f63d95d6d7a57b22c91beef8589f06b0868a9dd2b2c06e79ba865c6cadd84b320dbecf315991a8bba0c62288bedce98582bbfc4207c101ee315dda2a2e4749,JF170828,,3/11/2022 15:30,30,STOP SIGN/FLASHER,FUNCTIONING PROPERLY,CLEAR,DAYLIGHT,ANGLE,NOT DIVIDED,,STRAIGHT AND LEVEL,DRY,NO DEFECTS,NOT ON SCENE (DESK REPORT),NO INJURY / DRIVE AWAY,,,Y,"$501 - $1,500",3/11/2022 19:00,FAILING TO YIELD RIGHT-OF-WAY,FAILING TO YIELD RIGHT-OF-WAY,2800,S,PULASKI RD,1031,,,,,,,2,NO INDICATION OF INJURY,0,0,0,0,0,3,0,15,6,3,41.84047083,-87.72459337,POINT (-87.724593366145 41.840470833493)
726c49319635fb120c08a09f51562b3a3efc3df09230ebb4ccbb5651f33162ac90428162e73fa2035956bfa4bf0e13fa8ce9c3af35b320c0840a4d7d0578f17d,JF170181,,3/7/2022 11:30,30,NO CONTROLS,NO CONTROLS,CLEAR,DAYLIGHT,REAR END,NOT DIVIDED,,STRAIGHT AND LEVEL,DRY,NO DEFECTS,NOT ON SCENE (DESK REPORT),NO INJURY / DRIVE AWAY,,,,"OVER $1,500",3/11/2022 10:00,FOLLOWING TOO CLOSELY,NOT APPLICABLE,5306,S,CENTRAL AVE,811,,,,,,,2,NO INDICATION OF INJURY,0,0,0,0,0,2,0,11,2,3,41.79617425,-87.76257753,POINT (-87.76257752983 41.796174245429)
8820005b519db277b6d4b8887b658d1f88ae99cb6dd98287767057d1dba82aa8eb90f62cd33b293b9da42edd39492e25b0ab3e5049610f1030607f0ff063ad3c,JF167667,Y,3/8/2022 19:45,30,STOP SIGN/FLASHER,FUNCTIONING PROPERLY,CLEAR,"DARKNESS, LIGHTED ROAD",PARKED MOTOR VEHICLE,NOT DIVIDED,,STRAIGHT AND LEVEL,DRY,NO DEFECTS,ON SCENE,INJURY AND / OR TOW DUE TO CRASH,Y,,,"$501 - $1,500",3/8/2022 19:51,NOT APPLICABLE,NOT APPLICABLE,972,E,61ST ST,235,,,,,,,2,"REPORTED, NOT EVIDENT",1,0,0,0,1,0,0,19,3,3,41.78421726,-87.60153756,POINT (-87.601537556526 41.784217257748)
46b3e978303604ccdf513a8764114c9fa40d45d2328e944025fc79ca50206fd81fedc0c6e2cbefb848b69bad1fc5ed54cccb3c67ef606200a5f23f72bbd5e490,JF170434,,3/11/2022 12:50,25,STOP SIGN/FLASHER,FUNCTIONING PROPERLY,CLEAR,DAYLIGHT,ANGLE,FOUR WAY,,STRAIGHT AND LEVEL,DRY,NO DEFECTS,ON SCENE,INJURY AND / OR TOW DUE TO CRASH,,,Y,"OVER $1,500",3/11/2022 12:54,DISREGARDING STOP SIGN,NOT APPLICABLE,2629,W,DEVON AVE,2413,,,,,,,2,NO INDICATION OF INJURY,0,0,0,0,0,2,0,12,6,3,41.99751644,-87.69592211,POINT (-87.695922110082 41.997516437974)
3174b7befc6fa241bec67c67f6427c3fb6894ae1a9049a51b3f5f3d3d141b170cd9e77eae49bcb7112fe6dedfbcd9853d7ac57c5ada97cf9c0b36f83210ac215,JE245609,,5/28/2021 10:25,30,NO CONTROLS,NO CONTROLS,CLOUDY/OVERCAST,DAYLIGHT,SIDESWIPE SAME DIRECTION,ONE-WAY,,STRAIGHT ON GRADE,DRY,NO DEFECTS,,NO INJURY / DRIVE AWAY,,,,"$501 - $1,500",5/28/2021 10:26,IMPROPER OVERTAKING/PASSING,NOT APPLICABLE,9509,S,LOWE AVE,2223,,,,,,,2,NO INDICATION OF INJURY,0,0,0,0,0,2,0,10,6,5,41.72119353,-87.63941719,POINT (-87.639417184797 41.721193524888)
31773e808ba2fe3be3bfd3ae4d15ddbd70078a9ffe6be37d50cdc1089f25513a396733b20317096fce253e9a7c105c7de5c0bf1f3a74a6945019035e1e38f731,JE370632,N,9/12/2021 10:38,25,NO CONTROLS,NO CONTROLS,CLEAR,DAYLIGHT,PEDALCYCLIST,ONE-WAY,,STRAIGHT AND LEVEL,DRY,UNKNOWN,,INJURY AND / OR TOW DUE TO CRASH,,,Y,"$501 - $1,500",9/12/2021 10:41,UNABLE TO DETERMINE,UNABLE TO DETERMINE,727,S,INDEPENDENCE BLVD,1133,,,,N,,,2,FATAL,1,1,0,0,0,1,0,10,1,9,41.87176575,-87.71956136,POINT (-87.71956135568 41.87176574478)
3178c570bd38f654a8f4981b1abe220b16db15334a9bba452b4e331c899d46dcdcdc7154149a10efe8a7de3ef22271cb9d30be83c1e2ed8a5c32e352ef5b9603,JD313078,,7/28/2020 16:00,30,TRAFFIC SIGNAL,FUNCTIONING PROPERLY,CLEAR,DAYLIGHT,SIDESWIPE SAME DIRECTION,DIVIDED - W/MEDIAN (NOT RAISED),,STRAIGHT AND LEVEL,DRY,NO DEFECTS,,NO INJURY / DRIVE AWAY,,,,"OVER $1,500",7/28/2020 16:45,UNABLE TO DETERMINE,NOT APPLICABLE,4399,W,NORTH AVE,2534,,,,,,,2,NO INDICATION OF INJURY,0,0,0,0,0,3,0,16,3,7,41.90964638,-87.73622301,POINT (-87.736223012482 41.909646380603)
59c1c9d21fc658772dac048c51eeea012e15867fa48f2fce255e06437215bf158c5b8b3d79898a706e16638528e3ca40b921493b9bbbea6ae8b85c54be102075,JF184661,,3/24/2022 8:00,35,TRAFFIC SIGNAL,FUNCTIONING PROPERLY,CLEAR,DAYLIGHT,PEDESTRIAN,FOUR WAY,,STRAIGHT AND LEVEL,DRY,NO DEFECTS,ON SCENE,INJURY AND / OR TOW DUE TO CRASH,Y,,,"OVER $1,500",3/24/2022 8:00,FAILING TO YIELD RIGHT-OF-WAY,UNABLE TO DETERMINE,1601,W,18TH ST,1234,,,,,,,2,"REPORTED, NOT EVIDENT",1,0,0,0,1,1,0,8,5,3,41.85768275,-87.66616555,POINT (-87.666165548788 41.857682752816)
00c272c872fff282547332d5002d3b2f85c3b0ca9ec4c078ff43dbf6fe96bef318c2d6338e3c47b8cc645cd75d484571af330418ea227e27eac96beb4f99fc8a,JF148210,,2/18/2022 7:45,25,TRAFFIC SIGNAL,FUNCTIONING PROPERLY,CLEAR,DAYLIGHT,SIDESWIPE SAME DIRECTION,FOUR WAY,,STRAIGHT AND LEVEL,WET,NO DEFECTS,ON SCENE,NO INJURY / DRIVE AWAY,,,,"OVER $1,500",2/18/2022 7:55,WEATHER,DRIVING SKILLS/KNOWLEDGE/EXPERIENCE,10000,W,OHARE ST,1651,,,,,,,2,NO INDICATION OF INJURY,0,0,0,0,0,2,0,7,6,2,41.97620114,-87.90530913,POINT (-87.905309125103 41.976201139024)
39a51486625fd9977025340573fabf1bc24c18a8f45f227482073669cf24b94704461ac633dd0b5e73c31fc5e99e7df6b174ffb313f3d7fbc5e80d052661dfea,JF170548,,3/11/2022 14:00,30,NO CONTROLS,NO CONTROLS,CLEAR,DAYLIGHT,ANGLE,NOT DIVIDED,,STRAIGHT AND LEVEL,DRY,NO DEFECTS,NOT ON SCENE (DESK REPORT),NO INJURY / DRIVE AWAY,,,,"OVER $1,500",3/11/2022 14:50,DRIVING SKILLS/KNOWLEDGE/EXPERIENCE,UNABLE TO DETERMINE,5880,S,ARCHER AVE,814,,,,,,,2,NO INDICATION OF INJURY,0,0,0,0,0,2,0,14,6,3,41.79587723,-87.76203722,POINT (-87.762037217609 41.79587722457)
5974f28a427793207ed6513f12f3a7fac3dd40a57e30cee31e61ed4d4ff07c7c038c72641b6dee1000dba1691eadb257d4f0e24daec54ed8ac39cc047d0f269f,JF170618,,3/11/2022 15:15,30,NO CONTROLS,NO CONTROLS,CLEAR,DAYLIGHT,SIDESWIPE SAME DIRECTION,NOT DIVIDED,,STRAIGHT AND LEVEL,DRY,NO DEFECTS,NOT ON SCENE (DESK REPORT),NO INJURY / DRIVE AWAY,,,,"$501 - $1,500",3/11/2022 15:55,UNABLE TO DETERMINE,UNABLE TO DETERMINE,109,E,OAK ST,1833,,,,,,,2,NO INDICATION OF INJURY,0,0,0,0,0,2,0,15,6,3,41.90068688,-87.6252885,POINT (-87.625288495458 41.900686877295)
758c3276d62a95a62a696de4f196bcd43ecd4db04c85e92d0957bd83a34587d2d396e1b22bbc7177b517f48740be87e5b446a629eac55be6c2531ccc2e53a0bb,JF170805,,3/11/2022 18:32,30,NO CONTROLS,NO CONTROLS,CLEAR,"DARKNESS, LIGHTED ROAD",SIDESWIPE SAME DIRECTION,DIVIDED - W/MEDIAN (NOT RAISED),,STRAIGHT AND LEVEL,DRY,UNKNOWN,ON SCENE,NO INJURY / DRIVE AWAY,,,,"OVER $1,500",3/11/2022 18:37,IMPROPER OVERTAKING/PASSING,UNABLE TO DETERMINE,132,E,CHICAGO AVE,1833,,,,,,,2,NO INDICATION OF INJURY,0,0,0,0,0,2,0,18,6,3,41.89684322,-87.62427571,POINT (-87.624275713714 41.896843217756)
86d95e2f8d8ae199a8eef71659a966a0bfc8aa160ed9d5770317a4781e2170898ab9dd84657b82b2a1eef2251e5ec372e9fa90c16d8d01fdb2115fc80a215552,JF171112,,3/12/2022 3:30,30,NO CONTROLS,NO CONTROLS,CLEAR,"DARKNESS, LIGHTED ROAD",TURNING,NOT DIVIDED,,STRAIGHT AND LEVEL,DRY,UNKNOWN,ON SCENE,INJURY AND / OR TOW DUE TO CRASH,Y,,,"OVER $1,500",3/12/2022 3:35,IMPROPER TURNING/NO SIGNAL,FAILING TO YIELD RIGHT-OF-WAY,1300,W,MARQUETTE RD,724,,,,,,,2,NONINCAPACITATING INJURY,1,0,0,1,0,1,0,3,7,3,41.77240689,-87.65680065,POINT (-87.656800652198 41.772406888598)
3a61c26fa71efdbcd1efbfe1d81c05ca8bff00db1817b2f7b9ff12f905416dc6e7e9e2084b4ff43a71c0b3566c352978357444b9be5f8bd6ab1d7c8810d18e5e,JD200664,,4/2/2020 20:03,30,NO CONTROLS,NO CONTROLS,CLEAR,"DARKNESS, LIGHTED ROAD",ANGLE,RAMP,,STRAIGHT AND LEVEL,DRY,NO DEFECTS,,NO INJURY / DRIVE AWAY,,,Y,"OVER $1,500",4/2/2020 20:04,UNABLE TO DETERMINE,UNABLE TO DETERMINE,2333,W,JACKSON BLVD,1225,,,,,,,2,NO INDICATION OF INJURY,0,0,0,0,0,3,0,20,5,4,41.8774529,-87.68514089,POINT (-87.685140887208 41.877452898243)
59a758f2adfa1b3d75e5dfd1a95184524738506d1fc9f71120e2ead14325e0ff84c1cb82ae17f5fe15731a8bb5c5b711ace8a4d120c99d121316f6d794f0eee3,JE187678,,4/2/2021 20:40,30,NO CONTROLS,NO CONTROLS,CLEAR,"DARKNESS, LIGHTED ROAD",SIDESWIPE SAME DIRECTION,NOT DIVIDED,,STRAIGHT AND LEVEL,DRY,NO DEFECTS,,INJURY AND / OR TOW DUE TO CRASH,,,N,"OVER $1,500",4/2/2021 20:50,FAILING TO REDUCE SPEED TO AVOID CRASH,NOT APPLICABLE,4600,W,FULLERTON AVE,2521,,,,,,,2,NO INDICATION OF INJURY,0,0,0,0,0,4,0,20,6,4,41.92440954,-87.74187996,POINT (-87.741879956307 41.924409539923)
54a1ae827407d94535f095585067e473e7a92032e695069f275d74805680766e83f331244f8a0b21132c735f9fe00fe7dfdd2f000f37540fc0a5afc21f110ed8,JF170303,,3/10/2022 8:30,30,TRAFFIC SIGNAL,UNKNOWN,CLEAR,DAYLIGHT,TURNING,FOUR WAY,,STRAIGHT AND LEVEL,DRY,UNKNOWN,NOT ON SCENE (DESK REPORT),NO INJURY / DRIVE AWAY,Y,,,"OVER $1,500",3/11/2022 11:20,FAILING TO YIELD RIGHT-OF-WAY,UNABLE TO DETERMINE,2358,N,WESTERN AVE,1431,,,,,,,2,NO INDICATION OF INJURY,0,0,0,0,0,2,0,8,5,3,41.92485933,-87.68778742,POINT (-87.687787421719 41.924859330192)
1b9590a047725235de70dab2141c17f42e8dd430bcd4e37aa8bde6636a98215518af11bad09b6d69097d60274d188e1303d4a0e8709f0aaacfba96c325e21abb,JF170644,,3/11/2022 14:53,35,NO CONTROLS,NO CONTROLS,CLEAR,DAYLIGHT,FIXED OBJECT,UNKNOWN,,STRAIGHT AND LEVEL,DRY,UNKNOWN,NOT ON SCENE (DESK REPORT),NO INJURY / DRIVE AWAY,,,,"OVER $1,500",3/11/2022 14:54,NOT APPLICABLE,NOT APPLICABLE,5800,S,HALSTED ST,712,,,,,,,1,NO INDICATION OF INJURY,0,0,0,0,0,2,0,14,6,3,41.78880239,-87.64516176,POINT (-87.645161755622 41.788802393938)
1e6af3357aeb9adb40a798f145485151e089f189a3a18f5e8b034eabbba5a66fecdda9c896ef3346e6bf98dec1516c791e629b51efaf0421cfa4de60131a6dfd,JF170301,,3/11/2022 10:43,30,TRAFFIC SIGNAL,FUNCTIONING PROPERLY,CLEAR,DAYLIGHT,ANGLE,NOT DIVIDED,,STRAIGHT AND LEVEL,DRY,NO DEFECTS,ON SCENE,INJURY AND / OR TOW DUE TO CRASH,Y,Y,,"OVER $1,500",3/11/2022 10:43,UNABLE TO DETERMINE,NOT APPLICABLE,5432,S,AUSTIN AVE,811,,,,,,,2,NO INDICATION OF INJURY,0,0,0,0,0,2,0,10,6,3,41.79320493,-87.77223267,POINT (-87.772232664788 41.793204926214)
01c5aabf537b368dafb0542953955019e7b3ab05d8e26637cc32678562bcb17b14bc3a9af14198e4770fa56aec5816994c24375a61af2b251641159d8e38b188,JF148278,,2/18/2022 7:30,30,NO CONTROLS,NO CONTROLS,UNKNOWN,UNKNOWN,PARKED MOTOR VEHICLE,NOT DIVIDED,,STRAIGHT AND LEVEL,UNKNOWN,UNKNOWN,NOT ON SCENE (DESK REPORT),NO INJURY / DRIVE AWAY,,,Y,"$501 - $1,500",2/18/2022 9:30,UNABLE TO DETERMINE,UNABLE TO DETERMINE,3656,W,62ND ST,823,,,,,,,2,NO INDICATION OF INJURY,0,0,0,0,0,1,0,7,6,2,41.78070576,-87.71527326,POINT (-87.715273257815 41.780705755805)
6b6a612bb815691fd574a87cfc4f83508f432382a3a2c4927b4b08f5769b2c5938df6c206a8a9a3b64e528bd5b808300ba4ae3da3ff8824f7e386ec979b98002,JF170749,,3/11/2022 16:15,30,TRAFFIC SIGNAL,FUNCTIONING PROPERLY,CLEAR,DAYLIGHT,ANGLE,NOT DIVIDED,,STRAIGHT AND LEVEL,WET,NO DEFECTS,NOT ON SCENE (DESK REPORT),NO INJURY / DRIVE AWAY,,,Y,"OVER $1,500",3/11/2022 17:40,UNABLE TO DETERMINE,NOT APPLICABLE,2400,N,CALIFORNIA AVE,1414,,,,,,,2,NO INDICATION OF INJURY,0,0,0,0,0,2,0,16,6,3,41.92489629,-87.69756202,POINT (-87.69756202078 41.924896284559)
7a88c2f1a818506d3c9b2c5882cfd778cbef5d56631fdf814a189e400743abe073d322331fef990629767f9de6314c681fbabe3f31beb9effa2a719cd4371990,JF169926,,3/11/2022 0:08,35,NO CONTROLS,UNKNOWN,SNOW,"DARKNESS, LIGHTED ROAD",PARKED MOTOR VEHICLE,ONE-WAY,,STRAIGHT AND LEVEL,SNOW OR SLUSH,NO DEFECTS,ON SCENE,NO INJURY / DRIVE AWAY,,,,"$501 - $1,500",3/11/2022 0:15,WEATHER,UNABLE TO DETERMINE,3621,W,23RD ST,1013,,,,,,,2,NO INDICATION OF INJURY,0,0,0,0,0,2,0,0,6,3,41.84972891,-87.71591709,POINT (-87.715917090236 41.849728913432)
28da660b7399c90ce6052d577cbc938262db82b8395849d8448599d7ed3a4eb63c5c22b35f331fa94128098856d8091ab4f3973f2e702535d18544381fae28c7,JF169002,,3/9/2022 17:00,30,NO CONTROLS,NO CONTROLS,CLEAR,DAYLIGHT,ANGLE,DIVIDED - W/MEDIAN (NOT RAISED),,STRAIGHT AND LEVEL,DRY,NO DEFECTS,NOT ON SCENE (DESK REPORT),NO INJURY / DRIVE AWAY,,,,"OVER $1,500",3/10/2022 8:15,FAILING TO YIELD RIGHT-OF-WAY,FAILING TO REDUCE SPEED TO AVOID CRASH,4230,N,LARAMIE AVE,1624,,,,,,,2,NO INDICATION OF INJURY,0,0,0,0,0,2,0,17,4,3,41.95790548,-87.75744595,POINT (-87.757445946242 41.957905479335)
6e88f373518bc50e15ae38742f107f45caaf6d9ca5b58811851fdcd1d4acc061d4f98b1a687125adf4e4c10eda152bd9e4b10a83bc21a377576c54893b4d6300,JF170579,Y,3/11/2022 0:00,15,NO CONTROLS,NO CONTROLS,CLEAR,"DARKNESS, LIGHTED ROAD",PARKED MOTOR VEHICLE,NOT DIVIDED,,STRAIGHT AND LEVEL,UNKNOWN,UNKNOWN,NOT ON SCENE (DESK REPORT),NO INJURY / DRIVE AWAY,,,Y,"OVER $1,500",3/11/2022 16:00,FOLLOWING TOO CLOSELY,FAILING TO REDUCE SPEED TO AVOID CRASH,6217,S,DORCHESTER AVE,314,,,,,,,2,NO INDICATION OF INJURY,0,0,0,0,0,1,0,0,6,3,41.78184031,-87.59123389,POINT (-87.591233889154 41.781840305567)
5bc4bae04d9173dcec50965c2a86af9adc1a8bd508c3b07642420453d25dbd334a8e8fac56ee19c0d86dec41340b3113bfd4d96017a865998c77bf4d3cbc19cd,JF185353,,3/24/2022 17:30,30,STOP SIGN/FLASHER,NOT FUNCTIONING,RAIN,DAYLIGHT,TURNING,DIVIDED - W/MEDIAN (NOT RAISED),,STRAIGHT AND LEVEL,WET,NO DEFECTS,NOT ON SCENE (DESK REPORT),NO INJURY / DRIVE AWAY,,,Y,"OVER $1,500",3/24/2022 17:50,FAILING TO YIELD RIGHT-OF-WAY,NOT APPLICABLE,1900,S,HALSTED ST,1235,,,,,,,2,NO INDICATION OF INJURY,0,0,0,0,0,2,0,17,5,3,41.85669125,-87.64675695,POINT (-87.646756944767 41.856691244708)
02ffb8c1cbd589b7adb031e1c092b679d365c274d4d6b92e3099ec74c47e5333ad0066dfa008c642dc5b9e98e812e9ffb9f008786eac37be235d70f497d8f8cb,JF148324,,2/18/2022 10:00,15,NO CONTROLS,NO CONTROLS,SNOW,DAYLIGHT,REAR TO REAR,PARKING LOT,,STRAIGHT ON GRADE,WET,NO DEFECTS,NOT ON SCENE (DESK REPORT),NO INJURY / DRIVE AWAY,,Y,,"$501 - $1,500",2/18/2022 10:25,FAILING TO YIELD RIGHT-OF-WAY,NOT APPLICABLE,3825,N,ASHLAND AVE,1922,,,,,,,2,NO INDICATION OF INJURY,0,0,0,0,0,2,0,10,6,2,41.95141306,-87.66883084,POINT (-87.668830836563 41.951413059106)
318a7cd6224f6e5a6b0311d5b60a2bf5bd2801a9f9dc881e1515898691d6c0b0a2c33a9849968f4d48e15cb8fe129234e16c43acc9d248a038cb6b0d021bfde7,JF170042,,3/11/2022 6:00,30,NO CONTROLS,NO CONTROLS,SNOW,DAWN,PARKED MOTOR VEHICLE,NOT DIVIDED,,STRAIGHT AND LEVEL,SNOW OR SLUSH,UNKNOWN,ON SCENE,INJURY AND / OR TOW DUE TO CRASH,,,Y,"OVER $1,500",3/11/2022 6:20,UNABLE TO DETERMINE,NOT APPLICABLE,1721,N,PULASKI RD,2535,,,,,,,5,NO INDICATION OF INJURY,0,0,0,0,0,1,0,6,6,3,41.91230999,-87.72626293,POINT (-87.726262926456 41.912309993362)