CRASH_RECORD_ID,RD_NO,CRASH_DATE_EST_I,CRASH_DATE,POSTED_SPEED_LIMIT,TRAFFIC_CONTROL_DEVICE,DEVICE_CONDITION,WEATHER_CONDITION,LIGHTING_CONDITION,FIRST_CRASH_TYPE,TRAFFICWAY_TYPE,LANE_CNT,ALIGNMENT,ROADWAY_SURFACE_COND,ROAD_DEFECT,REPORT_TYPE,CRASH_TYPE,INTERSECTION_RELATED_I,NOT_RIGHT_OF_WAY_I,HIT_AND_RUN_I,DAMAGE,DATE_POLICE_NOTIFIED,PRIM_CONTRIBUTORY_CAUSE,SEC_CONTRIBUTORY_CAUSE,STREET_NO,STREET_DIRECTION,STREET_NAME,BEAT_OF_OCCURRENCE,PHOTOS_TAKEN_I,STATEMENTS_TAKEN_I,DOORING_I,WORK_ZONE_I,WORK_ZONE_TYPE,WORKERS_PRESENT_I,NUM_UNITS,MOST_SEVERE_INJURY,INJURIES_TOTAL,INJURIES_FATAL,INJURIES_INCAPACITATING,INJURIES_NON_INCAPACITATING,INJURIES_REPORTED_NOT_EVIDENT,INJURIES_NO_INDICATION,INJURIES_UNKNOWN,CRASH_HOUR,CRASH_DAY_OF_WEEK,CRASH_MONTH,LATITUDE,LONGITUDE,LOCATION
36189d12e33655ee6598c3c0f5661db2e866304c27122f3bb9bf69068f496396d74ce12f3ce28feb643997cae214f4142f2beb356a40f3dd5dcb90413e8c6e6c,JF170430,,3/11/2022 12:15,30,NO CONTROLS,NO CONTROLS,CLEAR,DAYLIGHT,TURNING,NOT DIVIDED,,STRAIGHT AND LEVEL,DRY,NO DEFECTS,NOT ON SCENE (DESK REPORT),NO INJURY / DRIVE AWAY,,,Y,"$501 - $1,500",3/11/2022 13:00,IMPROPER TURNING/NO SIGNAL,NOT APPLICABLE,3357,W,PETERSON AVE,1711,,,,,,,2,NO INDICATION OF INJURY,0,0,0,0,0,2,0,12,6,3,41.99021468,-87.71383608,POINT (-87.713836077318 41.990214675792)
03681635dd8d2dec4d378131f9f4c96faa7abcaf4c62effc720e0df458ffeeb28c4b8b87c0d82b519184fc98cf5a72bb4a755733565949e3f4a08ae0c1669ac7,JF148296,,2/18/2022 7:42,20,NO CONTROLS,NO CONTROLS,SNOW,DAYLIGHT,REAR END,ONE-WAY,,STRAIGHT AND LEVEL,SNOW OR SLUSH,NO DEFECTS,NOT ON SCENE (DESK REPORT),NO INJURY / DRIVE AWAY,,,N,"OVER $1,500",2/18/2022 9:40,IMPROPER BACKING,IMPROPER BACKING,8800,S,BISHOP ST,2222,,,,,,,2,NO INDICATION OF INJURY,0,0,0,0,0,2,0,7,6,2,41.73393515,-87.65950954,POINT (-87.659509540413 41.733935145454)
24892ac50bfffe49562a8cf8f01a6819865b75db00c8dabf8f66aaac9d7cd149e791e324b79acd0774ba2807c7fb47cd5f4036912d740156970a106a46908243,JF170461,Y,3/10/2022 17:20,30,NO CONTROLS,NO CONTROLS,CLEAR,DUSK,REAR END,NOT DIVIDED,,STRAIGHT AND LEVEL,DRY,NO DEFECTS,NOT ON SCENE (DESK REPORT),NO INJURY / DRIVE AWAY,,,,$500 OR LESS,3/11/2022 13:30,UNABLE TO DETERMINE,UNABLE TO DETERMINE,9510,S,STONY ISLAND AVE,511,,,,,,,2,NO INDICATION OF INJURY,0,0,0,0,0,2,0,17,5,3,41.72199679,-87.5852824,POINT (-87.585282395624 41.721996793278)
3c4fd1783d1680f4c6a2a1dd95ac8738e81900903d7db79eddded742d8ea226e166e09b01f0f1d82b93ab15db6fb689ced818b61e099da45a9807666b17e9477,JF169630,,3/10/2022 14:40,30,STOP SIGN/FLASHER,FUNCTIONING PROPERLY,CLEAR,DAYLIGHT,TURNING,NOT DIVIDED,,STRAIGHT AND LEVEL,DRY,NO DEFECTS,NOT ON SCENE (DESK REPORT),NO INJURY / DRIVE AWAY,,,Y,"$501 - $1,500",3/10/2022 17:30,FOLLOWING TOO CLOSELY,NOT APPLICABLE,226,E,LOWER ILLINOIS ST,1834,,,,,,,2,NO INDICATION OF INJURY,0,0,0,0,0,2,0,14,5,3,41.89108359,-87.62155331,POINT (-87.621553308135 41.891083589327)
3fb0476c620d0cba51b344d7e33afd15d1819f726848e76c1888a92de69af087dba9a07cc97ea51447cfb498c02b7aeeb52d588570ae3b94ad73d2eb5952711e,JF170643,,3/11/2022 14:25,25,NO CONTROLS,NO CONTROLS,CLEAR,DAYLIGHT,SIDESWIPE SAME DIRECTION,DIVIDED - W/MEDIAN BARRIER,,STRAIGHT AND LEVEL,DRY,NO DEFECTS,NOT ON SCENE (DESK REPORT),NO INJURY / DRIVE AWAY,,,Y,"OVER $1,500",3/11/2022 16:08,IMPROPER OVERTAKING/PASSING,NOT APPLICABLE,5500,S,WESTERN AVE,824,,,,,,,2,NO INDICATION OF INJURY,0,0,0,0,0,2,0,14,6,3,41.79337055,-87.68417538,POINT (-87.684175376759 41.79337055433)
4197632ef326aa042a87a79999c7f24a39fe61bd3b434362c59eec81c650ed806524abdeb8eee6c7acdbc41b89fe83ef9923083f2f7f8bf6b79665997836ef71,JF170114,,3/11/2022 8:00,30,NO CONTROLS,NO CONTROLS,SNOW,DAYLIGHT,SIDESWIPE SAME DIRECTION,NOT DIVIDED,,STRAIGHT AND LEVEL,SNOW OR SLUSH,NO DEFECTS,NOT ON SCENE (DESK REPORT),NO INJURY / DRIVE AWAY,,,Y,$500 OR LESS,3/11/2022 8:44,UNABLE TO DETERMINE,UNABLE TO DETERMINE,398,E,111TH ST,513,,,,,,,2,NO INDICATION OF INJURY,0,0,0,0,0,2,0,8,6,3,41.6928465,-87.61349741,POINT (-87.613497407535 41.692846496051)
495ab432a31ad6f2b369f0a11ad85592ec58caa07d9d98d066e9ba320881440f9e0865c496152767fb12295a8531085ac882534a8a672a5bb0065d786ead4b33,JF170467,,3/11/2022 13:00,30,TRAFFIC SIGNAL,FUNCTIONING PROPERLY,CLEAR,DAYLIGHT,REAR END,NOT DIVIDED,,STRAIGHT AND LEVEL,DRY,NO DEFECTS,NOT ON SCENE (DESK REPORT),NO INJURY / DRIVE AWAY,Y,,,"OVER $1,500",3/11/2022 13:40,FOLLOWING TOO CLOSELY,NOT APPLICABLE,4799,N,WESTERN AVE,1911,,,,,,,2,NO INDICATION OF INJURY,0,0,0,0,0,2,0,13,6,3,41.96852384,-87.68875752,POINT (-87.688757515471 41.968523844211)
56b72a3d67fc75abc39dedb840d98f3a81276915ca0818bddab72906f7fed657a37759adc36aad3e99e73504046565f99a779c0d0a0c4211281dc4fcc0f11926,JF170847,,3/11/2022 19:19,30,NO CONTROLS,NO CONTROLS,CLEAR,"DARKNESS, LIGHTED ROAD",SIDESWIPE SAME DIRECTION,NOT DIVIDED,,STRAIGHT AND LEVEL,DRY,NO DEFECTS,ON SCENE,NO INJURY / DRIVE AWAY,,,N,"OVER $1,500",3/11/2022 19:23,DRIVING ON WRONG SIDE/WRONG WAY,UNABLE TO DETERMINE,4724,S,WESTERN BLVD,922,,,,,,,2,NO INDICATION OF INJURY,0,0,0,0,0,2,0,19,6,3,41.80754015,-87.68398323,POINT (-87.683983226173 41.807540148065)
d5011e3aa4822b25ca8ea41c937ac6b203161f4b88c40cc9e6dc4fa0dcb98860356d5d07a50ea5828191638951e87263b1e5bc36b6830bed9dbca218cdc78fda,JF170070,,3/11/2022 7:45,30,STOP SIGN/FLASHER,NO CONTROLS,SNOW,DAYLIGHT,ANGLE,NOT DIVIDED,,STRAIGHT AND LEVEL,SNOW OR SLUSH,NO DEFECTS,ON SCENE,NO INJURY / DRIVE AWAY,Y,,,"OVER $1,500",3/11/2022 8:00,"VISION OBSCURED (SIGNS, TREE LIMBS, BUILDINGS, ETC.)",UNABLE TO DETERMINE,13200,S,BRANDON AVE,433,,,,,,,2,NO INDICATION OF INJURY,0,0,0,0,0,3,0,7,6,3,41.65541367,-87.54605378,POINT (-87.54605377881 41.655413672887)
5d00ee2830c62ca67f067b326a03567ecbd0d47845ffd00a217442450de9fa869ed5b908cd84afa768abe86c471e71d323e7a5d796a9c7ea2f3a3f95e22af3c1,JF185563,,3/24/2022 20:10,30,TRAFFIC SIGNAL,FUNCTIONING PROPERLY,RAIN,"DARKNESS, LIGHTED ROAD",TURNING,CENTER TURN LANE,,STRAIGHT AND LEVEL,WET,NO DEFECTS,ON SCENE,INJURY AND / OR TOW DUE TO CRASH,Y,,,"OVER $1,500",3/24/2022 20:58,FAILING TO YIELD RIGHT-OF-WAY,UNABLE TO DETERMINE,5698,N,ELSTON AVE,1623,,,,,,,2,NO INDICATION OF INJURY,0,0,0,0,0,2,0,20,5,3,41.98487709,-87.76831819,POINT (-87.768318184807 41.984877090269)
5da4d68ebad4353c1aad4e6627f7f5743ab609faad8aec08861f7d78f8fc7449510e77b170b95c809122b55635b7f4b990f33b0d9609047b4a409f8305f2295d,JF188547,,3/24/2022 23:45,30,NO CONTROLS,NO CONTROLS,UNKNOWN,"DARKNESS, LIGHTED ROAD",SIDESWIPE SAME DIRECTION,DIVIDED - W/MEDIAN (NOT RAISED),,STRAIGHT AND LEVEL,UNKNOWN,UNKNOWN,NOT ON SCENE (DESK REPORT),NO INJURY / DRIVE AWAY,,,,"OVER $1,500",3/27/2022 19:30,UNABLE TO DETERMINE,UNABLE TO DETERMINE,5606,W,DEVON AVE,1621,,,,,,,2,NO INDICATION OF INJURY,0,0,0,0,0,2,0,23,5,3,41.99732727,-87.76844603,POINT (-87.768446033845 41.997327272404)
4ab2ea51ad38b1ac009542f8ad505bd75d39618592d37584a51ab0184ce7440444fca1d5211fe3ecfd0a8d65be0c8b632ee028e13c3d3e3bca94c0ccbaf53526,JF170551,,3/3/2022 10:41,25,NO CONTROLS,NO CONTROLS,CLEAR,DAYLIGHT,SIDESWIPE SAME DIRECTION,ONE-WAY,,STRAIGHT AND LEVEL,DRY,NO DEFECTS,NOT ON SCENE (DESK REPORT),NO INJURY / DRIVE AWAY,,,Y,"$501 - $1,500",3/11/2022 14:45,UNABLE TO DETERMINE,UNABLE TO DETERMINE,21,E,BELLEVUE PL,1824,,,,,,,2,NO INDICATION OF INJURY,0,0,0,0,0,2,0,10,5,3,41.90146137,-87.62751462,POINT (-87.627514619492 41.901461370108)
38b11e6ce918e0993692210197fd31dda0c82110379eccfaa8f20a66acb84943314d13dd03f3fa8b713bd72fac9872ae2a9d4812f8cc16bbb64a3db3d09fb702,JF170196,,3/10/2022 19:30,30,NO CONTROLS,NO CONTROLS,CLEAR,DAWN,FIXED OBJECT,NOT DIVIDED,,STRAIGHT AND LEVEL,DRY,UNKNOWN,NOT ON SCENE (DESK REPORT),NO INJURY / DRIVE AWAY,,,,"$501 - $1,500",3/11/2022 9:50,UNABLE TO DETERMINE,UNABLE TO DETERMINE,5661,S,LAKE SHORE DR NB,331,,,,,,,1,NO INDICATION OF INJURY,0,0,0,0,0,1,0,19,5,3,41.79161657,-87.57993697,POINT (-87.579936972138 41.79161657424)
224648de46657fc803664f88ba5a88ca7154c06517071907a5ab8f26e40e52c9bea4c2060e99993d805c3d6513409783bf2a9fbb7f01c010d99952b22703ae23,JF170860,,3/11/2022 18:28,10,NO CONTROLS,NO CONTROLS,CLEAR,DARKNESS,PARKED MOTOR VEHICLE,PARKING LOT,,STRAIGHT AND LEVEL,DRY,NO DEFECTS,NOT ON SCENE (DESK REPORT),NO INJURY / DRIVE AWAY,,Y,,"$501 - $1,500",3/11/2022 19:43,UNABLE TO DETERMINE,UNABLE TO DETERMINE,350,W,CHICAGO AVE,1823,,,,,,,2,NO INDICATION OF INJURY,0,0,0,0,0,2,0,18,6,3,41.89665338,-87.63768166,POINT (-87.637681658139 41.896653380769)
2e52288a8c0547838308ac634494421d0bc6377134ff1e985abb509ef360a18b53df8c9c34dfafe13f09566f082b1898170765c8d6e8a1f96e15e24516406702,JF170808,,3/11/2022 18:20,35,TRAFFIC SIGNAL,FUNCTIONING PROPERLY,CLEAR,"DARKNESS, LIGHTED ROAD",REAR END,DIVIDED - W/MEDIAN (NOT RAISED),,STRAIGHT AND LEVEL,DRY,NO DEFECTS,NOT ON SCENE (DESK REPORT),NO INJURY / DRIVE AWAY,Y,,Y,"OVER $1,500",3/11/2022 18:50,FOLLOWING TOO CLOSELY,UNABLE TO DETERMINE,9500,S,HALSTED ST,2223,,,,,,,2,NO INDICATION OF INJURY,0,0,0,0,0,2,0,18,6,3,41.72136506,-87.64335804,POINT (-87.643358042341 41.721365060783)
3e6d8b04703fc7238df81cc01a8b96ea4b79df1c0b7bf364e4c21091a8bcfae41093f0bf260c51c3d78ae67b656b84d6e547edf31a7ed49a55f9bb3ea8d402d1,,,4/1/2022 23:28,30,NO CONTROLS,NO CONTROLS,CLEAR,"DARKNESS, LIGHTED ROAD",FIXED OBJECT,T-INTERSECTION,,STRAIGHT AND LEVEL,DRY,NO DEFECTS,ON SCENE,NO INJURY / DRIVE AWAY,Y,,Y,"OVER $1,500",4/1/2022 23:28,UNABLE TO DETERMINE,UNABLE TO DETERMINE,964,W,CULLERTON ST,1235,,,,,,,1,NO INDICATION OF INJURY,0,0,0,0,0,3,0,23,6,4,41.85539304,-87.65071442,POINT (-87.650714419214 41.855393036171)
3e754a33d61cf94c8a560b9a1c1610c049f06df70b5c4b706dc1edea2515a3532cbb346ea3515a00d71eaf48fcf0eb8c016804da5e162f88651635560cb4882f,JF178862,,3/18/2022 22:00,30,NO CONTROLS,NO CONTROLS,RAIN,"DARKNESS, LIGHTED ROAD",SIDESWIPE SAME DIRECTION,NOT DIVIDED,,STRAIGHT AND LEVEL,WET,UNKNOWN,NOT ON SCENE (DESK REPORT),NO INJURY / DRIVE AWAY,,,,"$501 - $1,500",3/18/2022 23:00,UNABLE TO DETERMINE,UNABLE TO DETERMINE,1446,W,IRVING PARK RD,1912,,,,,,,2,NO INDICATION OF INJURY,0,0,0,0,0,2,0,22,6,3,41.95443721,-87.66614717,POINT (-87.666147172415 41.954437208652)
5e41af97a3bc218652a5a6fed34228ab7fb48994cc3d54b1fddb26c5ca9a7effb6927bfdd373aaffe58da664a74d3d3b42ee4da3630402ce62cc6d0dfaecc705,JF185087,,3/24/2022 8:35,25,TRAFFIC SIGNAL,FUNCTIONING PROPERLY,CLEAR,DAYLIGHT,REAR END,NOT DIVIDED,,STRAIGHT AND LEVEL,WET,NO DEFECTS,NOT ON SCENE (DESK REPORT),NO INJURY / DRIVE AWAY,,,,"OVER $1,500",3/24/2022 14:30,FOLLOWING TOO CLOSELY,NOT APPLICABLE,4000,W,COLUMBUS AVE,834,,,,,,,2,NO INDICATION OF INJURY,0,0,0,0,0,2,0,8,5,3,41.73563479,-87.72162239,POINT (-87.721622389173 41.73563478707)
5b506ce33a0a1640096c35366019bc614b6cf6f0dcc55f46c459d85f715f9ed56bcc190baddab5ee8636493233ec8103ce625e98592289d81aead51158e17fd1,JF169528,,3/10/2022 15:44,30,NO CONTROLS,NO CONTROLS,CLEAR,DAYLIGHT,PARKED MOTOR VEHICLE,DIVIDED - W/MEDIAN (NOT RAISED),,STRAIGHT AND LEVEL,DRY,NO DEFECTS,ON SCENE,INJURY AND / OR TOW DUE TO CRASH,,,Y,"OVER $1,500",3/10/2022 16:00,IMPROPER OVERTAKING/PASSING,UNABLE TO DETERMINE,4351,N,BELL AVE,1911,,,,,,,2,NO INDICATION OF INJURY,0,0,0,0,0,1,0,15,5,3,41.96104964,-87.68488572,POINT (-87.684885720212 41.96104964097)
43b807148e34e5d7d5660e42fb35f6aa2d10e8c6d39e42c212834ceb379350516258b39b06d787d6f845c3b958f9816bed4c920fc6166f80ad4ace2c48fee0f9,JF170387,,3/11/2022 8:00,30,STOP SIGN/FLASHER,UNKNOWN,UNKNOWN,DAYLIGHT,ANGLE,UNKNOWN INTERSECTION TYPE,,STRAIGHT AND LEVEL,UNKNOWN,UNKNOWN,NOT ON SCENE (DESK REPORT),NO INJURY / DRIVE AWAY,Y,,Y,"OVER $1,500",3/11/2022 12:30,UNABLE TO DETERMINE,NOT APPLICABLE,8100,S,ESCANABA AVE,422,,,,,,,2,NO INDICATION OF INJURY,0,0,0,0,0,2,0,8,6,3,41.74816695,-87.55418739,POINT (-87.55418739439 41.748166947643)
47eeda470c22939a0f58b6ef303ea1110b434b6c30eeef068ff260ac327c1ecb8049ff7873f1289f7e1782135798258341a03e7668cae7584479e91fb6cf9fb2,JF170566,,3/11/2022 14:28,30,NO CONTROLS,NO CONTROLS,CLEAR,DAYLIGHT,TURNING,DIVIDED - W/MEDIAN (NOT RAISED),,STRAIGHT AND LEVEL,DRY,NO DEFECTS,NOT ON SCENE (DESK REPORT),NO INJURY / DRIVE AWAY,,,,"OVER $1,500",3/11/2022 14:45,FAILING TO YIELD RIGHT-OF-WAY,NOT APPLICABLE,4412,W,55TH ST,815,,,,,,,2,NO INDICATION OF INJURY,0,0,0,0,0,2,0,14,6,3,41.7932254,-87.73353605,POINT (-87.733536051406 41.793225396807)
d897dcb63f6612e0f1fbd532718bc705400502d8363ebd8271222b776ea4f0beb9813e62ef73dd07d04c37cc34a1eb66220545ae4c770745f0b981ed28f6e98a,JF171037,Y,3/12/2022 1:00,30,NO CONTROLS,OTHER,CLEAR,"DARKNESS, LIGHTED ROAD",FIXED OBJECT,DRIVEWAY,,STRAIGHT AND LEVEL,DRY,NO DEFECTS,ON SCENE,NO INJURY / DRIVE AWAY,,Y,,"OVER $1,500",3/12/2022 1:10,"VISION OBSCURED (SIGNS, TREE LIMBS, BUILDINGS, ETC.)",DRIVING SKILLS/KNOWLEDGE/EXPERIENCE,3801,N,DAMEN AVE,1922,,,,,,,1,NO INDICATION OF INJURY,0,0,0,0,0,1,0,1,7,3,41.95055742,-87.67850854,POINT (-87.678508539861 41.950557421554)
f8f9fa6ffc2a052c41d73cee89c4602d5fec3042bef53efc352b3bfbefe20a68e997928a9cd6ce031947fee530eadf01f56c2b0515849184c9247f6b3e9a6c86,JF171086,,3/12/2022 1:30,30,TRAFFIC SIGNAL,FUNCTIONING PROPERLY,CLEAR,"DARKNESS, LIGHTED ROAD",ANGLE,NOT REPORTED,,STRAIGHT AND LEVEL,DRY,UNKNOWN,NOT ON SCENE (DESK REPORT),NO INJURY / DRIVE AWAY,Y,,Y,"$501 - $1,500",3/12/2022 3:00,DISREGARDING TRAFFIC SIGNALS,FAILING TO YIELD RIGHT-OF-WAY,2000,W,WARREN BLVD,1223,,,,,,,2,NO INDICATION OF INJURY,0,0,0,0,0,3,0,1,7,3,41.88233986,-87.67678799,POINT (-87.676787987969 41.882339859326)
05a5042959b331e41d51a8686bb9e67b1447d1911bb499f20c8a208f0116ceba7a4852ae6580fb1bbd02b98003b217fc19efb881461138417f44aeecbcfd5a6f,JF148589,,2/18/2022 14:01,35,NO CONTROLS,NO CONTROLS,CLEAR,DAYLIGHT,REAR END,DIVIDED - W/MEDIAN BARRIER,,STRAIGHT AND LEVEL,DRY,NO DEFECTS,ON SCENE,NO INJURY / DRIVE AWAY,,,,"OVER $1,500",2/18/2022 14:08,FOLLOWING TOO CLOSELY,IMPROPER OVERTAKING/PASSING,1800,S,LAKE SHORE DR E,132,,,,,,,2,NO INDICATION OF INJURY,0,0,0,0,0,2,0,14,6,2,41.85790967,-87.61659414,POINT (-87.616594138523 41.857909668758)
5e7cc9a16913589e194bbb7a4a35774f013f46a2f8ee22470f1ef0aeabf346b71859dc5b0ec6bffe74c67f049cee454b2fce3f8decc1f01a84cdccc1324cb2ac,JF185463,,3/24/2022 19:12,30,TRAFFIC SIGNAL,FUNCTIONING PROPERLY,RAIN,DAYLIGHT,ANGLE,NOT DIVIDED,,STRAIGHT AND LEVEL,WET,UNKNOWN,ON SCENE,NO INJURY / DRIVE AWAY,,,,"OVER $1,500",3/24/2022 19:14,UNABLE TO DETERMINE,NOT APPLICABLE,2159,S,WESTERN AVE,1234,,,,,,,2,NO INDICATION OF INJURY,0,0,0,0,0,3,0,19,5,3,41.85208038,-87.68549484,POINT (-87.685494835572 41.85208038001)
5f07f45d57ec3d2d42c57eb72d46294ead05fe538692809e6a7762e6a3d91e42e0aec5b69cdb3e48903f173df47d29fe8a4f42057a5c1f4743b434363b38a034,JF184541,Y,3/24/2022 2:54,30,NO CONTROLS,NO CONTROLS,RAIN,"DARKNESS, LIGHTED ROAD",PARKED MOTOR VEHICLE,NOT DIVIDED,,STRAIGHT AND LEVEL,WET,NO DEFECTS,ON SCENE,NO INJURY / DRIVE AWAY,,,,"OVER $1,500",3/24/2022 2:54,UNDER THE INFLUENCE OF ALCOHOL/DRUGS (USE WHEN ARREST IS EFFECTED),NOT APPLICABLE,1129,W,18TH ST,1235,,,,,,,2,NO INDICATION OF INJURY,0,0,0,0,0,1,0,2,5,3,41.85787619,-87.65448041,POINT (-87.654480413357 41.857876194487)
65984cf6ee28b899770bf46ca6dff1000ddf1ef467d6339eafa84af146057029489ed4f9ade8e6154445af2a54865920010d9a90825175134ca3cf1ca7ca088a,JF169717,,3/9/2022 19:20,30,TRAFFIC SIGNAL,FUNCTIONING PROPERLY,CLEAR,DAYLIGHT,TURNING,NOT DIVIDED,,STRAIGHT AND LEVEL,DRY,NO DEFECTS,NOT ON SCENE (DESK REPORT),NO INJURY / DRIVE AWAY,Y,,,"OVER $1,500",3/10/2022 17:00,IMPROPER OVERTAKING/PASSING,UNABLE TO DETERMINE,1956,N,KEDZIE AVE,1421,,,,,,,2,NO INDICATION OF INJURY,0,0,0,0,0,2,0,19,4,3,41.91730414,-87.70711092,POINT (-87.707110917457 41.917304134698)
f668df2f6877969bb3f2484714e1ff4eeee9b3a861e851e87892586d1bf1a28a175a7e88894414362ce59103c2c3767796ee314536589f82a5c7bdaf28a2afba,JF169833,,3/10/2022 20:28,30,UNKNOWN,UNKNOWN,SNOW,"DARKNESS, LIGHTED ROAD",SIDESWIPE OPPOSITE DIRECTION,NOT DIVIDED,,STRAIGHT AND LEVEL,WET,UNKNOWN,ON SCENE,INJURY AND / OR TOW DUE TO CRASH,,,Y,"OVER $1,500",3/10/2022 20:30,IMPROPER LANE USAGE,NOT APPLICABLE,1930,N,CENTRAL AVE,2515,,,,,,,2,NO INDICATION OF INJURY,0,0,0,0,0,2,0,20,5,3,41.91593006,-87.76586382,POINT (-87.765863818757 41.915930060003)
1d27320a27755bd3da2a941522ac403c599c3e4899b792a0a3d962a32c9a30bf399a0166e5ee198c8f9c8cbc3550bc342dd3a8171b97a82cb905bb9a54bfee06,JF170683,,3/11/2022 16:30,30,NO CONTROLS,NO CONTROLS,CLEAR,DAYLIGHT,SIDESWIPE SAME DIRECTION,DIVIDED - W/MEDIAN BARRIER,,STRAIGHT AND LEVEL,DRY,UNKNOWN,NOT ON SCENE (DESK REPORT),NO INJURY / DRIVE AWAY,,,,"OVER $1,500",3/11/2022 16:40,FAILING TO YIELD RIGHT-OF-WAY,IMPROPER OVERTAKING/PASSING,5900,S,ASHLAND AVE,714,,,,,,,2,NO INDICATION OF INJURY,0,0,0,0,0,2,0,16,6,3,41.78665418,-87.66453916,POINT (-87.664539157743 41.786654178265)
29ea8858e8d165dc519e910e2493a3851adeaeccb99ac3e7341836ff8e88639f8224346cbc4c7cf6230fd50a0542f3f98d7074137db6580847adcd2bc9f4db53,JF170013,,3/11/2022 5:15,30,NO CONTROLS,NO CONTROLS,SNOW,"DARKNESS, LIGHTED ROAD",REAR END,NOT DIVIDED,,STRAIGHT AND LEVEL,SNOW OR SLUSH,NO DEFECTS,ON SCENE,INJURY AND / OR TOW DUE TO CRASH,,,Y,"OVER $1,500",3/11/2022 5:16,UNABLE TO DETERMINE,UNABLE TO DETERMINE,2135,W,51ST ST,932,,,,,,,2,NO INDICATION OF INJURY,0,0,0,0,0,2,0,5,6,3,41.80107566,-87.67834622,POINT (-87.678346218972 41.801075663413)
364addb901d25fd08c24d69f3f5efec08fe24970244f27181de0c5c6f57996dc50b7832f34e81880542cdec72ac78beca6c2c386d5742749415a47116dfe0b05,JF170656,,3/11/2022 7:40,25,NO CONTROLS,NO CONTROLS,CLEAR,DAYLIGHT,HEAD ON,NOT DIVIDED,,STRAIGHT AND LEVEL,DRY,NO DEFECTS,NOT ON SCENE (DESK REPORT),NO INJURY / DRIVE AWAY,,,,"OVER $1,500",3/11/2022 16:30,FAILING TO YIELD RIGHT-OF-WAY,UNABLE TO DETERMINE,5056,N,CENTRAL PARK AVE,1712,,,,,,,2,NO INDICATION OF INJURY,0,0,0,0,0,2,0,7,6,3,41.97371727,-87.71854895,POINT (-87.718548954091 41.973717271599)
5f2cbe4f872e404c6b1067f08622189285b592bc8bb1da890108cc192bfaf9ea07ae9ac8f7f4ffe2c8987a220a6a59b27eb4881cde4b11c3ae09977d8eea6833,JF184581,,3/24/2022 5:20,30,NO CONTROLS,NO CONTROLS,CLEAR,DAWN,PARKED MOTOR VEHICLE,NOT DIVIDED,,STRAIGHT AND LEVEL,WET,NO DEFECTS,ON SCENE,INJURY AND / OR TOW DUE TO CRASH,,,,"OVER $1,500",3/24/2022 5:33,UNABLE TO DETERMINE,UNABLE TO DETERMINE,6433,S,CALIFORNIA AVE,825,,,,,,,2,INCAPACITATING INJURY,1,0,1,0,0,0,0,5,5,3,41.77627223,-87.69317268,POINT (-87.693172682633 41.776272228975)
3fc08b36290ea0ab430103c4fc55d6a543c3e107753e7ebb98ea2f5e14dbff6f2f7d97e130c3108aa66a911742db952e1621941082beab56377d35121d28dcc1,JF178760,,3/18/2022 19:29,30,TRAFFIC SIGNAL,FUNCTIONING PROPERLY,RAIN,"DARKNESS, LIGHTED ROAD",TURNING,DIVIDED - W/MEDIAN (NOT RAISED),,STRAIGHT AND LEVEL,WET,NO DEFECTS,ON SCENE,NO INJURY / DRIVE AWAY,,,Y,"OVER $1,500",3/18/2022 19:40,FAILING TO YIELD RIGHT-OF-WAY,UNABLE TO DETERMINE,1998,W,BELMONT AVE,1922,,,,,,,2,NO INDICATION OF INJURY,0,0,0,0,0,2,0,19,6,3,41.93968403,-87.67823633,POINT (-87.678236325206 41.939684028612)
31c863989a3369002d50571f8cbb6f4adee63bea163ccedc2950d651455977902d1eed382ee9a5fc9bfa90c36556597edb24fe21d7d1b71251e956d47f854283,JF170445,,3/11/2022 8:07,30,TRAFFIC SIGNAL,FUNCTIONING PROPERLY,CLEAR,DAYLIGHT,SIDESWIPE SAME DIRECTION,FOUR WAY,,STRAIGHT AND LEVEL,DRY,UNKNOWN,NOT ON SCENE (DESK REPORT),NO INJURY / DRIVE AWAY,Y,,Y,"OVER $1,500",3/11/2022 13:00,IMPROPER OVERTAKING/PASSING,UNABLE TO DETERMINE,815,W,63RD ST,723,,,,,,,2,NO INDICATION OF INJURY,0,0,0,0,0,2,0,8,6,3,41.77963108,-87.64546977,POINT (-87.645469768851 41.779631076859)
7109edb1769a8645c49fdfedf681aa87111dff29f67c858e7af0c4ef048b403d7d51cb27d60885ead322e0033b8be5dad7b9cf4374053e024fb221fbcc7fc1a0,JF170844,,3/11/2022 6:40,30,STOP SIGN/FLASHER,UNKNOWN,UNKNOWN,UNKNOWN,TURNING,FOUR WAY,,STRAIGHT AND LEVEL,UNKNOWN,UNKNOWN,NOT ON SCENE (DESK REPORT),NO INJURY / DRIVE AWAY,,,N,"OVER $1,500",3/11/2022 19:30,UNABLE TO DETERMINE,NOT APPLICABLE,4800,S,ABERDEEN ST,933,,,,,,,2,NO INDICATION OF INJURY,0,0,0,0,0,2,0,6,6,3,41.80683556,-87.65291911,POINT (-87.652919106706 41.806835560825)
8464022faf1c9dba20412fee890cc997b9ffe93119ab5378a9e6108a393724d69abbfcfd5ef7cd9997e3019f6428fcb812c7041e48fcb9a054bc1d8e4f726db0,JF170744,,3/11/2022 17:37,30,TRAFFIC SIGNAL,FUNCTIONING PROPERLY,CLEAR,DAWN,REAR END,FOUR WAY,,STRAIGHT AND LEVEL,DRY,NO DEFECTS,ON SCENE,NO INJURY / DRIVE AWAY,,,Y,"OVER $1,500",3/11/2022 17:37,FOLLOWING TOO CLOSELY,FOLLOWING TOO CLOSELY,5600,W,WASHINGTON BLVD,1512,,,,,,,2,NO INDICATION OF INJURY,0,0,0,0,0,4,0,17,6,3,41.88235314,-87.76501028,POINT (-87.765010275085 41.882353135739)