CRASH_RECORD_ID,RD_NO,CRASH_DATE_EST_I,CRASH_DATE,POSTED_SPEED_LIMIT,TRAFFIC_CONTROL_DEVICE,DEVICE_CONDITION,WEATHER_CONDITION,LIGHTING_CONDITION,FIRST_CRASH_TYPE,TRAFFICWAY_TYPE,LANE_CNT,ALIGNMENT,ROADWAY_SURFACE_COND,ROAD_DEFECT,REPORT_TYPE,CRASH_TYPE,INTERSECTION_RELATED_I,NOT_RIGHT_OF_WAY_I,HIT_AND_RUN_I,DAMAGE,DATE_POLICE_NOTIFIED,PRIM_CONTRIBUTORY_CAUSE,SEC_CONTRIBUTORY_CAUSE,STREET_NO,STREET_DIRECTION,STREET_NAME,BEAT_OF_OCCURRENCE,PHOTOS_TAKEN_I,STATEMENTS_TAKEN_I,DOORING_I,WORK_ZONE_I,WORK_ZONE_TYPE,WORKERS_PRESENT_I,NUM_UNITS,MOST_SEVERE_INJURY,INJURIES_TOTAL,INJURIES_FATAL,INJURIES_INCAPACITATING,INJURIES_NON_INCAPACITATING,INJURIES_REPORTED_NOT_EVIDENT,INJURIES_NO_INDICATION,INJURIES_UNKNOWN,CRASH_HOUR,CRASH_DAY_OF_WEEK,CRASH_MONTH,LATITUDE,LONGITUDE,LOCATION
b078ae26657e43ccc78d4e59387d4fdba2160460d7b23804e885281391dda7f27d68bb1963f2605103aa717ac77ffb54d9469d47b33908dc28672415e8432d28,JF171087,,3/12/2022 1:31,30,TRAFFIC SIGNAL,FUNCTIONING PROPERLY,CLEAR,"DARKNESS, LIGHTED ROAD",SIDESWIPE SAME DIRECTION,ONE-WAY,,STRAIGHT AND LEVEL,DRY,UNKNOWN,NOT ON SCENE (DESK REPORT),NO INJURY / DRIVE AWAY,Y,,Y,"$501 - $1,500",3/12/2022 3:00,"OPERATING VEHICLE IN ERRATIC, RECKLESS, CARELESS, NEGLIGENT OR AGGRESSIVE MANNER",IMPROPER LANE USAGE,1800,W,WARREN BLVD,1223,,,,,,,2,NO INDICATION OF INJURY,0,0,0,0,0,2,0,1,7,3,41.88241826,-87.67189725,POINT (-87.671897246463 41.882418258746)
9347f22ac25c30f1eaab15c6c424f390a08826c40eb93024184db4bd21715ddec84eff7f86a691b0a117fcee1a2419a9d9561c7f6e82a941b573748de2443b21,JF170773,,3/11/2022 16:00,30,TRAFFIC SIGNAL,FUNCTIONING PROPERLY,CLEAR,DAYLIGHT,SIDESWIPE SAME DIRECTION,FOUR WAY,,STRAIGHT AND LEVEL,DRY,NO DEFECTS,ON SCENE,NO INJURY / DRIVE AWAY,Y,,,"$501 - $1,500",3/11/2022 18:04,FOLLOWING TOO CLOSELY,IMPROPER OVERTAKING/PASSING,2201,S,ASHLAND AVE,1235,,,,,,,2,NO INDICATION OF INJURY,0,0,0,0,0,2,0,16,6,3,41.85221928,-87.66587654,POINT (-87.6658765358 41.852219281567)
93a87182fa5dc48d43f1d152fd36eb01cfb6c34dc2514eba9208da901cc4cf502ac803754eb4fb64be38d6ee632d391fa4f8b9867a569b01edf09ce9c7098851,JF171269,,3/11/2022 15:05,30,UNKNOWN,UNKNOWN,UNKNOWN,DAYLIGHT,PARKED MOTOR VEHICLE,ONE-WAY,,STRAIGHT AND LEVEL,WET,UNKNOWN,NOT ON SCENE (DESK REPORT),NO INJURY / DRIVE AWAY,,,Y,"OVER $1,500",3/12/2022 10:10,UNABLE TO DETERMINE,UNABLE TO DETERMINE,5305,S,ROCKWELL ST,923,,,,,,,2,NO INDICATION OF INJURY,0,0,0,0,0,1,0,15,6,3,41.79722687,-87.68886879,POINT (-87.68886879089 41.79722687346)
94dcad7a8e9607e8eea48d476d012b9e98e40f1118470aafeab591227dda1887a540d6371e3f128c9110d0834a3cb6e2f8859efed47e01bb51b25e9d1c27f699,JF170969,,3/11/2022 22:28,30,NO CONTROLS,NO CONTROLS,CLEAR,"DARKNESS, LIGHTED ROAD",FIXED OBJECT,DIVIDED - W/MEDIAN BARRIER,,STRAIGHT AND LEVEL,DRY,UNKNOWN,ON SCENE,INJURY AND / OR TOW DUE TO CRASH,,,,"OVER $1,500",3/11/2022 22:28,IMPROPER LANE USAGE,FAILING TO REDUCE SPEED TO AVOID CRASH,403,N,CENTRAL AVE,1523,,Y,,,,,1,NO INDICATION OF INJURY,0,0,0,0,0,2,0,22,6,3,41.88786782,-87.76497643,POINT (-87.76497642968 41.887867816841)
952ebbbcb5e50ade83a30fa1f0393b02c9c40a263b6d61c91e34b062d7799b9c29a236226c832bd3be28169b00d2b5a34cdf56371687732d19e3d974ba9b8333,JF170609,,3/11/2022 15:35,30,TRAFFIC SIGNAL,FUNCTIONING PROPERLY,CLEAR,DAYLIGHT,ANGLE,ONE-WAY,,STRAIGHT AND LEVEL,DRY,NO DEFECTS,ON SCENE,INJURY AND / OR TOW DUE TO CRASH,Y,,,"OVER $1,500",3/11/2022 15:35,DISREGARDING TRAFFIC SIGNALS,FAILING TO YIELD RIGHT-OF-WAY,1,N,DEARBORN ST,112,,,,,,,3,INCAPACITATING INJURY,1,0,1,0,0,5,0,15,6,3,41.88202981,-87.62925644,POINT (-87.629256444463 41.882029806449)
963bdcca7a100dcd1ce36118f121990bd82f609e32e45c84ed7ec3e44cb9d3937778205b83bc072fb9dd3e0a909d9072e8d8b30600e5c523a634e1b8d97fa351,JF186877,,3/26/2022 2:58,30,NO CONTROLS,NO CONTROLS,CLEAR,"DARKNESS, LIGHTED ROAD",REAR END,NOT DIVIDED,,STRAIGHT AND LEVEL,DRY,NO DEFECTS,NOT ON SCENE (DESK REPORT),NO INJURY / DRIVE AWAY,,,,"OVER $1,500",3/26/2022 2:59,UNABLE TO DETERMINE,UNABLE TO DETERMINE,2561,N,MILWAUKEE AVE,1414,,,,,,,2,NO INDICATION OF INJURY,0,0,0,0,0,2,0,2,7,3,41.9279396,-87.70532785,POINT (-87.705327852661 41.927939596018)
4193abe3ed4192afa9090ae4110bb19402d138e80b91f49e90fcbe368e78207a193b6a02f79852cc0a6c6008fd6ecc95817c6895780d63e1948389b7fdeb32cd,JE303573,,7/16/2021 15:10,25,NO CONTROLS,NO CONTROLS,CLEAR,DAYLIGHT,TURNING,ALLEY,,STRAIGHT AND LEVEL,DRY,NO DEFECTS,,NO INJURY / DRIVE AWAY,N,,,"OVER $1,500",7/16/2021 15:48,FAILING TO YIELD RIGHT-OF-WAY,UNABLE TO DETERMINE,2753,W,POTOMAC AVE,1423,,,,,,,3,NO INDICATION OF INJURY,0,0,0,0,0,2,0,15,6,7,41.90464516,-87.69657102,POINT (-87.696571023618 41.904645154647)
60d07347450eba088590bc929f6a161ec164cc0bd1e9705625f893ece07f0243b149c37c34245ddd4d3431390bcabb591437adcb19a97f03a14e43ff1c007508,JD464302,,12/19/2020 8:50,30,NO CONTROLS,NO CONTROLS,CLEAR,DAYLIGHT,SIDESWIPE SAME DIRECTION,DIVIDED - W/MEDIAN (NOT RAISED),,STRAIGHT AND LEVEL,DRY,NO DEFECTS,,NO INJURY / DRIVE AWAY,,,,"$501 - $1,500",12/20/2020 9:45,UNABLE TO DETERMINE,UNABLE TO DETERMINE,4501,N,KIMBALL AVE,1724,,,,,,,2,NO INDICATION OF INJURY,0,0,0,0,0,2,0,8,7,12,41.96304522,-87.71305358,POINT (-87.713053580985 41.963045219459)
60d5cc83c4d5658026d66fffa4501205a7ebc4d26a737d877cf51af1043d86c222a89b587efe1ebc793c77efe22bfa8237e2bea2a3516fc10fcd3fd736c1ecf0,JE126449,,1/27/2021 10:30,30,NO CONTROLS,NO CONTROLS,UNKNOWN,DAYLIGHT,REAR TO SIDE,PARKING LOT,,STRAIGHT AND LEVEL,UNKNOWN,NO DEFECTS,,NO INJURY / DRIVE AWAY,,Y,,"OVER $1,500",1/29/2021 11:11,DRIVING SKILLS/KNOWLEDGE/EXPERIENCE,NOT APPLICABLE,1244,N,ASHLAND AVE,1433,,,,,,,2,NO INDICATION OF INJURY,0,0,0,0,0,2,0,10,4,1,41.90452396,-87.66767409,POINT (-87.667674090118 41.904523957403)
33ae90865d3072ec09721bb00eaf2540d2315ec5d05e16c06a172dfcc82c55a253301e11591b7322239b462be034cce41768e8dac92b5130d18ffc8811e1207a,JF163184,,3/4/2022 14:15,30,UNKNOWN,UNKNOWN,UNKNOWN,DAYLIGHT,REAR END,UNKNOWN,,STRAIGHT AND LEVEL,UNKNOWN,UNKNOWN,NOT ON SCENE (DESK REPORT),NO INJURY / DRIVE AWAY,,,,"$501 - $1,500",3/4/2022 14:30,UNABLE TO DETERMINE,NOT APPLICABLE,1016,W,HOLLYWOOD AVE,2022,,,,,,,2,NO INDICATION OF INJURY,0,0,0,0,0,7,0,14,6,3,41.98562877,-87.65600345,POINT (-87.656003450219 41.985628767245)
4294c753f41f0a8e8a76b8117c21df128d488ed30a668c11919dffd6c3378919aca736f95428d0e973758ca806af4ca0879022105cb9c1b6b24504522b90e13d,JF178208,,3/18/2022 7:00,30,TRAFFIC SIGNAL,FUNCTIONING PROPERLY,UNKNOWN,DAYLIGHT,SIDESWIPE SAME DIRECTION,NOT DIVIDED,,STRAIGHT AND LEVEL,UNKNOWN,NO DEFECTS,NOT ON SCENE (DESK REPORT),NO INJURY / DRIVE AWAY,,,,"$501 - $1,500",3/18/2022 12:00,UNABLE TO DETERMINE,UNABLE TO DETERMINE,3300,N,KIMBALL AVE,1732,,,,,,,2,NO INDICATION OF INJURY,0,0,0,0,0,2,0,7,6,3,41.9412099,-87.71270799,POINT (-87.712707985014 41.941209896498)
97026aee509a4b66622edd42908dd2079fa3f31ebe71adf55822e01c53ef2e01c59b382bfa06065b0bc6be32b69febce754810fa787e032063b8e93eb132eedb,JF170637,,3/11/2022 15:02,30,TRAFFIC SIGNAL,FUNCTIONING PROPERLY,CLEAR,DAYLIGHT,TURNING,NOT DIVIDED,,STRAIGHT AND LEVEL,DRY,NO DEFECTS,NOT ON SCENE (DESK REPORT),NO INJURY / DRIVE AWAY,,,Y,"OVER $1,500",3/11/2022 16:10,FAILING TO YIELD RIGHT-OF-WAY,FAILING TO YIELD RIGHT-OF-WAY,5600,W,ROOSEVELT RD,1513,,,,,,,2,NO INDICATION OF INJURY,0,0,0,0,0,2,0,15,6,3,41.86570874,-87.76437624,POINT (-87.764376237475 41.865708743252)
0a7960d554913ec373e5609b1364347d96af1839f4896e6a9594113d3751a5a1842d8cbfcedc3f5c96c587ec722c853e6504780f7b286577f679cab488fd90f5,JF152688,,2/18/2022 14:00,20,NO CONTROLS,NO CONTROLS,CLEAR,DAYLIGHT,PARKED MOTOR VEHICLE,ONE-WAY,,STRAIGHT AND LEVEL,DRY,NO DEFECTS,NOT ON SCENE (DESK REPORT),NO INJURY / DRIVE AWAY,,,Y,"$501 - $1,500",2/22/2022 16:30,UNABLE TO DETERMINE,NOT APPLICABLE,3415,W,SUNNYSIDE AVE,1723,,,,,,,2,NO INDICATION OF INJURY,0,0,0,0,0,1,0,14,6,2,41.96283834,-87.71384737,POINT (-87.71384737365 41.962838341849)
9751d4c121ee64422a0e227267d7525913d8b7d26bdeac618757ba5bdd6b34ee8d61cfc6430c31198fde355672b87354ab6150e088c3f6f56acea3e7fea3cc51,JF170342,,3/11/2022 11:00,15,NO CONTROLS,NO CONTROLS,CLOUDY/OVERCAST,DAYLIGHT,PARKED MOTOR VEHICLE,ALLEY,,STRAIGHT AND LEVEL,WET,NO DEFECTS,ON SCENE,NO INJURY / DRIVE AWAY,,N,,"$501 - $1,500",3/11/2022 11:05,"VISION OBSCURED (SIGNS, TREE LIMBS, BUILDINGS, ETC.)",NOT APPLICABLE,2121,S,PRAIRIE AVE,132,,,,,,,2,NO INDICATION OF INJURY,0,0,0,0,0,1,0,11,6,3,41.85365089,-87.62053358,POINT (-87.620533581142 41.853650885041)
988ed6fab6e1704c346c392ed55760745169bce10e10c1495c4e8da59fc104b726a5bdc629b0606fbfacb7ccfb909efa09cfbb958674c4b27685e67a9f7435fc,JF171218,,3/11/2022 14:50,30,NO CONTROLS,NO CONTROLS,CLEAR,DAYLIGHT,TURNING,NOT DIVIDED,,STRAIGHT AND LEVEL,DRY,NO DEFECTS,NOT ON SCENE (DESK REPORT),NO INJURY / DRIVE AWAY,,,,"OVER $1,500",3/12/2022 8:45,FAILING TO YIELD RIGHT-OF-WAY,FAILING TO REDUCE SPEED TO AVOID CRASH,210,W,GRAND AVE,1831,,,,,,,2,NO INDICATION OF INJURY,0,0,0,0,0,3,0,14,6,3,41.8916912,-87.63457014,POINT (-87.634570144298 41.891691197053)
3696499b340111f1e00e8c14b9c0ff5d6824de31bd28cfacf9a928f4d26166918cf93c50f8e5c61daaade9a5e03be22bbdea19b56db8cf27f1e60f7cebd7e3f7,JF163246,,3/4/2022 9:40,30,TRAFFIC SIGNAL,FUNCTIONING PROPERLY,CLEAR,DAYLIGHT,REAR END,NOT DIVIDED,,STRAIGHT AND LEVEL,DRY,NO DEFECTS,NOT ON SCENE (DESK REPORT),NO INJURY / DRIVE AWAY,Y,,,"$501 - $1,500",3/4/2022 15:35,FOLLOWING TOO CLOSELY,NOT APPLICABLE,6000,W,DIVERSEY AVE,2511,,,,,,,2,NO INDICATION OF INJURY,0,0,0,0,0,2,0,9,6,3,41.93124862,-87.77602861,POINT (-87.776028611725 41.931248623643)
9989846ec23b426b2fc3168e12cdfef33d89851b60fdb7cb74242a21be991b525865c0cf7bf51cab2d9adde7a8b5e407cc9e34543aaa399b8139a58c5e462d1f,JF170436,,3/11/2022 12:10,30,STOP SIGN/FLASHER,FUNCTIONING PROPERLY,CLEAR,DAYLIGHT,TURNING,DIVIDED - W/MEDIAN (NOT RAISED),,STRAIGHT AND LEVEL,DRY,NO DEFECTS,NOT ON SCENE (DESK REPORT),NO INJURY / DRIVE AWAY,Y,,,"OVER $1,500",3/11/2022 13:00,FAILING TO YIELD RIGHT-OF-WAY,UNABLE TO DETERMINE,9700,S,HALSTED ST,2223,,,,,,,2,NO INDICATION OF INJURY,0,0,0,0,0,2,0,12,6,3,41.71753744,-87.64325162,POINT (-87.643251620045 41.717537434869)
36c39b6489c0af8d75088a1cb0c3cab01454ce6dc8555ccbc687d1a1b850360267cc0016214857390253a8b9609f30b4974330f9f0e50c8a43e456d561506bf7,JF163204,,3/4/2022 14:45,30,TRAFFIC SIGNAL,FUNCTIONING PROPERLY,CLEAR,DAYLIGHT,TURNING,DIVIDED - W/MEDIAN (NOT RAISED),,STRAIGHT AND LEVEL,DRY,NO DEFECTS,ON SCENE,NO INJURY / DRIVE AWAY,Y,,,"OVER $1,500",3/4/2022 14:54,TURNING RIGHT ON RED,NOT APPLICABLE,4200,N,BROADWAY,1915,,,,,,,2,NO INDICATION OF INJURY,0,0,0,0,0,2,0,14,6,3,41.95848356,-87.65321449,POINT (-87.653214489169 41.958483563302)
0c51e76952bce959b3aee4c8189fef26fbf2ebc484f1532845f05c4da23fda4527602212071ca4498fb1ce816748c76842b017fffd14bc14b7d0344c599c03c0,JF148103,,2/18/2022 1:58,30,NO CONTROLS,NO CONTROLS,SNOW,"DARKNESS, LIGHTED ROAD",PARKED MOTOR VEHICLE,NOT DIVIDED,,STRAIGHT AND LEVEL,ICE,NO DEFECTS,ON SCENE,INJURY AND / OR TOW DUE TO CRASH,,,Y,"OVER $1,500",2/18/2022 2:38,UNABLE TO DETERMINE,UNABLE TO DETERMINE,4036,N,PULASKI RD,1722,,,,,,,4,NO INDICATION OF INJURY,0,0,0,0,0,1,0,1,6,2,41.95475842,-87.7277959,POINT (-87.7277958964 41.954758424135)
999aba2ed4d81255620ff5a3d709e4a065bf0f1b13339e99f42a83c0b63255072420e94828b47298666403f486e6f69c9629ba027bfe1affc21ae957c996e296,JF170007,,3/11/2022 4:45,30,NO CONTROLS,NO CONTROLS,SNOW,"DARKNESS, LIGHTED ROAD",OTHER OBJECT,DIVIDED - W/MEDIAN BARRIER,,STRAIGHT AND LEVEL,SNOW OR SLUSH,NO DEFECTS,ON SCENE,INJURY AND / OR TOW DUE TO CRASH,,,,"OVER $1,500",3/11/2022 4:48,WEATHER,UNABLE TO DETERMINE,2125,W,87TH ST,2221,,,,,,,1,NO INDICATION OF INJURY,0,0,0,0,0,1,0,4,6,3,41.73548989,-87.67724473,POINT (-87.677244729083 41.735489885854)
0c795fc761d7a47f1b24c829d2ba62db9bb02fba14c2038d9209d194583f326f853c9928d01c3c38c64440bf76883f9b591a93645e9aa2842f71907f133fc6fe,JF148154,,2/18/2022 6:00,30,TRAFFIC SIGNAL,UNKNOWN,UNKNOWN,UNKNOWN,TURNING,DIVIDED - W/MEDIAN (NOT RAISED),,STRAIGHT AND LEVEL,UNKNOWN,UNKNOWN,NOT ON SCENE (DESK REPORT),NO INJURY / DRIVE AWAY,Y,,,"OVER $1,500",2/18/2022 7:00,UNABLE TO DETERMINE,UNABLE TO DETERMINE,900,N,WESTERN AVE,1212,,,,,,,2,NO INDICATION OF INJURY,0,0,0,0,0,2,0,6,6,2,41.89760521,-87.68703654,POINT (-87.687036540437 41.897605211464)
9a3fd8981b8b0873addfeb4aa96179103b3f762f493b99ce42e51f1e0eb126b601c03c49f7d7bf0ca3484f6de47ee6234cdff7087217d8bfe788b4da19847502,JF170729,,3/11/2022 15:32,30,NO CONTROLS,NO CONTROLS,UNKNOWN,UNKNOWN,ANGLE,ONE-WAY,,STRAIGHT AND LEVEL,UNKNOWN,UNKNOWN,NOT ON SCENE (DESK REPORT),NO INJURY / DRIVE AWAY,,,,"OVER $1,500",3/11/2022 17:24,FAILING TO YIELD RIGHT-OF-WAY,DRIVING SKILLS/KNOWLEDGE/EXPERIENCE,6433,N,LEAVITT ST,2412,,,,,,,2,NO INDICATION OF INJURY,0,0,0,0,0,2,0,15,6,3,41.99880548,-87.68489436,POINT (-87.684894358433 41.998805475774)
64a54ef26b2507d5ddbe0e814d88f71f48fd483db526f2cd9cb977b85b93455700dfd60a7d608050af84a397a247da0552e763e38ce41f6512375db5854bceac,JF184568,,3/24/2022 5:35,20,NO CONTROLS,NO CONTROLS,RAIN,"DARKNESS, LIGHTED ROAD",ANGLE,ALLEY,,STRAIGHT AND LEVEL,WET,NO DEFECTS,NOT ON SCENE (DESK REPORT),NO INJURY / DRIVE AWAY,,,,"OVER $1,500",3/24/2022 5:35,FAILING TO YIELD RIGHT-OF-WAY,UNABLE TO DETERMINE,3720,S,LOWE AVE,915,,,,,,,2,NO INDICATION OF INJURY,0,0,0,0,0,2,0,5,5,3,41.82649206,-87.6424915,POINT (-87.642491497841 41.826492059872)
63a55fdf5156fdbd0542fc198b7cd4497c12c1c748b1068047b136f2b3a15d3134b3b1219cc87550eed76d2cbbb031c480c947b360ada5e700b16e7070b03ccf,JE466106,Y,12/4/2021 13:00,30,NO CONTROLS,NO CONTROLS,CLEAR,DAYLIGHT,SIDESWIPE SAME DIRECTION,NOT DIVIDED,,STRAIGHT AND LEVEL,DRY,NO DEFECTS,,NO INJURY / DRIVE AWAY,,,,"OVER $1,500",12/4/2021 15:50,FAILING TO YIELD RIGHT-OF-WAY,NOT APPLICABLE,2859,N,CICERO AVE,2521,,,,,,,2,NO INDICATION OF INJURY,0,0,0,0,0,2,0,13,7,12,41.93331247,-87.74651835,POINT (-87.746518346264 41.933312468395)
0d117eee7c18ce4028d216caea450e045c6fc47f47403f1ca99b2c1d69340a63c1bd3803f6bd020b0442a301019a942155a8b9ee2a08b9dbba2194595148f603,JF149477,,2/18/2022 19:30,30,NO CONTROLS,NO CONTROLS,CLEAR,"DARKNESS, LIGHTED ROAD",PARKED MOTOR VEHICLE,NOT DIVIDED,,STRAIGHT AND LEVEL,SNOW OR SLUSH,NO DEFECTS,NOT ON SCENE (DESK REPORT),NO INJURY / DRIVE AWAY,,,,"OVER $1,500",2/19/2022 12:45,FAILING TO YIELD RIGHT-OF-WAY,NOT APPLICABLE,2040,N,MILWAUKEE AVE,1431,,,,,,,2,NO INDICATION OF INJURY,0,0,0,0,0,3,0,19,6,2,41.9183544,-87.69013733,POINT (-87.690137327983 41.918354396553)
0d4a11f0722bc8464ae99121497bee6deec7d4e57159ffeb670e7dcdfd1ad9830b86b2c97289301e755195440420ad1bd640637b45e273f564975c72e8d271cc,JF148907,,2/18/2022 17:16,30,NO CONTROLS,NO CONTROLS,SNOW,"DARKNESS, LIGHTED ROAD",SIDESWIPE SAME DIRECTION,NOT DIVIDED,,STRAIGHT AND LEVEL,SNOW OR SLUSH,NO DEFECTS,ON SCENE,INJURY AND / OR TOW DUE TO CRASH,,,,"$501 - $1,500",2/18/2022 18:42,FAILING TO YIELD RIGHT-OF-WAY,NOT APPLICABLE,539,W,CERMAK RD,1235,,,,,,,2,NO INDICATION OF INJURY,0,0,0,0,0,2,0,17,6,2,41.85259493,-87.64170746,POINT (-87.641707463608 41.852594925818)
0d8da8c93302c1b7a47a5801abad46167562012bb77cc1548f243bc3296c2e1bf654d46fe72d08a850c15b49b0ee579478047d50bdc52b515b7919649817c093,JF149266,,2/18/2022 9:50,10,NO CONTROLS,NO CONTROLS,CLEAR,DAYLIGHT,REAR TO REAR,OTHER,,STRAIGHT AND LEVEL,DRY,NO DEFECTS,NOT ON SCENE (DESK REPORT),NO INJURY / DRIVE AWAY,,Y,,"$501 - $1,500",2/19/2022 8:25,IMPROPER BACKING,NOT APPLICABLE,939,W,NORTH AVE,1822,,,,,,,2,NO INDICATION OF INJURY,0,0,0,0,0,3,0,9,6,2,41.9107384,-87.65262888,POINT (-87.652628874825 41.910738403293)
008603fb8bc0f26317ddf0f469eb6f8d8d6a2bf37ea2af387b3337fc487f4aaede40832dd326c10746fe971b83f22d4da9a5fb1a873b356159a1d7facd298ea5,JF156211,,2/25/2022 22:28,30,NO CONTROLS,NO CONTROLS,CLEAR,"DARKNESS, LIGHTED ROAD",PEDESTRIAN,NOT DIVIDED,,STRAIGHT AND LEVEL,SNOW OR SLUSH,UNKNOWN,NOT ON SCENE (DESK REPORT),INJURY AND / OR TOW DUE TO CRASH,,,,$500 OR LESS,2/25/2022 22:50,UNABLE TO DETERMINE,UNABLE TO DETERMINE,6424,S,DAMEN AVE,726,,,,,,,2,NONINCAPACITATING INJURY,1,0,0,1,0,1,0,22,6,2,41.77675404,-87.67398344,POINT (-87.673983443688 41.776754038683)
47b2c79dc6b3f462e013e9665b73ac281ebe217d1039b2d11f93c034205d0c3bd7f761114021865b07689b481154356bd04355b741d63b65822a54176cd2e1e5,JF180497,,3/18/2022 9:30,30,NO CONTROLS,NO CONTROLS,CLEAR,DAYLIGHT,PARKED MOTOR VEHICLE,NOT DIVIDED,,STRAIGHT AND LEVEL,DRY,NO DEFECTS,NOT ON SCENE (DESK REPORT),NO INJURY / DRIVE AWAY,,,,"$501 - $1,500",3/20/2022 15:59,IMPROPER OVERTAKING/PASSING,FAILING TO REDUCE SPEED TO AVOID CRASH,733,N,AUSTIN BLVD,1511,,,,,,,2,NO INDICATION OF INJURY,0,0,0,0,0,4,0,9,6,3,41.89375538,-87.77495075,POINT (-87.774950752809 41.893755375182)
0f0357f6f4f89b6c32babcbeced3d16c8dbb2462007ffac9d1d3981dd10bac02b18d5c2131545f114b349e09661e021aee9eed056af27e642d23cd73faba10aa,JF148387,,2/18/2022 8:00,30,NO CONTROLS,NO CONTROLS,CLEAR,DAYLIGHT,PEDESTRIAN,NOT DIVIDED,,STRAIGHT AND LEVEL,WET,NO DEFECTS,ON SCENE,INJURY AND / OR TOW DUE TO CRASH,,,Y,$500 OR LESS,2/18/2022 10:13,UNABLE TO DETERMINE,NOT APPLICABLE,1657,E,87TH ST,412,,,,,,,2,INCAPACITATING INJURY,1,0,1,0,0,1,0,8,6,2,41.73684227,-87.58294663,POINT (-87.582946626243 41.736842269847)
66b7fb94266b7027ad4f81b38f6638e61235bb2fbbd671911762011244f55b790e0e5edf299b6f1dfb65d0b7b4f516ae6c81d9e969f6e1fa8069ab892a6f05c3,JF185402,,3/24/2022 18:15,30,TRAFFIC SIGNAL,FUNCTIONING PROPERLY,RAIN,DUSK,PEDESTRIAN,FOUR WAY,,STRAIGHT AND LEVEL,WET,NO DEFECTS,ON SCENE,INJURY AND / OR TOW DUE TO CRASH,Y,,,$500 OR LESS,3/24/2022 18:19,FAILING TO YIELD RIGHT-OF-WAY,UNABLE TO DETERMINE,4201,N,MILWAUKEE AVE,1624,,,,,,,2,NONINCAPACITATING INJURY,1,0,0,1,0,1,0,18,5,3,41.95712671,-87.75126902,POINT (-87.751269014662 41.957126707381)
017e2059ca9855a4e8f6f51de2943b99ac42c369d78e3b400c11b7da45ecb8e25e9b66eca8ac9ddcd78a8c821646f8dfd93e518fb2d4826ea1cac549f722781d,JF155955,,2/25/2022 16:20,30,NO CONTROLS,NO CONTROLS,UNKNOWN,UNKNOWN,HEAD ON,FOUR WAY,,STRAIGHT AND LEVEL,UNKNOWN,UNKNOWN,NOT ON SCENE (DESK REPORT),NO INJURY / DRIVE AWAY,Y,,Y,"OVER $1,500",2/25/2022 17:25,UNABLE TO DETERMINE,NOT APPLICABLE,756,E,87TH ST,632,,,,,,,3,NO INDICATION OF INJURY,0,0,0,0,0,3,0,16,6,2,41.73675757,-87.60494687,POINT (-87.604946869013 41.736757566771)
9bcf0bd570047c5ef608375bf3379ff0b890696eb75f57223e16bf11fb277e3db53b6b28dbc7cd13bdb67cbb2119413997ce5bc51197cfbc8f6fa289b1955954,JF170417,,3/11/2022 12:15,25,NO CONTROLS,NO CONTROLS,RAIN,DAYLIGHT,REAR TO FRONT,ONE-WAY,,STRAIGHT AND LEVEL,DRY,NO DEFECTS,NOT ON SCENE (DESK REPORT),NO INJURY / DRIVE AWAY,,,,"OVER $1,500",3/11/2022 13:00,IMPROPER BACKING,UNABLE TO DETERMINE,4415,N,ST LOUIS AVE,1723,,,,,,,2,NO INDICATION OF INJURY,0,0,0,0,0,2,0,12,6,3,41.96158939,-87.71545575,POINT (-87.71545575033 41.961589392147)
0f6b97766d2a73765a11aafcaf327a6ac0f76f53e5711777af234adadfb452cb12890a14e4c5205788acb4fd9a5ad0e94604d5b12f1d48f4d2d8aec43df1885b,JF148596,,2/18/2022 13:55,30,STOP SIGN/FLASHER,OTHER,CLEAR,DAYLIGHT,ANGLE,NOT DIVIDED,,STRAIGHT AND LEVEL,OTHER,UNKNOWN,ON SCENE,NO INJURY / DRIVE AWAY,Y,,,"OVER $1,500",2/18/2022 14:04,DISREGARDING STOP SIGN,DISREGARDING STOP SIGN,5928,W,BRYN MAWR AVE,1622,,,,,,,2,NO INDICATION OF INJURY,0,0,0,0,0,2,0,13,6,2,41.98301498,-87.77676623,POINT (-87.776766230192 41.983014976823)
0f8034799d1ebf941e8aea36c99e73b55c53dd597f01c6d173e1260373885dbab362a253c122e3f15a18cd3982cc1e00d0ca0950fb76206d64dd1080eea348dd,JF148962,,2/18/2022 19:38,30,TRAFFIC SIGNAL,FUNCTIONING PROPERLY,CLEAR,"DARKNESS, LIGHTED ROAD",REAR END,NOT DIVIDED,,STRAIGHT ON GRADE,WET,UNKNOWN,ON SCENE,INJURY AND / OR TOW DUE TO CRASH,Y,,,"OVER $1,500",2/18/2022 19:57,FAILING TO REDUCE SPEED TO AVOID CRASH,DRIVING SKILLS/KNOWLEDGE/EXPERIENCE,5801,S,COTTAGE GROVE AVE,235,,,,,,,2,NO INDICATION OF INJURY,0,0,0,0,0,2,0,19,6,2,41.78942444,-87.60596929,POINT (-87.605969288446 41.78942443778)