CRASH_RECORD_ID,RD_NO,CRASH_DATE_EST_I,CRASH_DATE,POSTED_SPEED_LIMIT,TRAFFIC_CONTROL_DEVICE,DEVICE_CONDITION,WEATHER_CONDITION,LIGHTING_CONDITION,FIRST_CRASH_TYPE,TRAFFICWAY_TYPE,LANE_CNT,ALIGNMENT,ROADWAY_SURFACE_COND,ROAD_DEFECT,REPORT_TYPE,CRASH_TYPE,INTERSECTION_RELATED_I,NOT_RIGHT_OF_WAY_I,HIT_AND_RUN_I,DAMAGE,DATE_POLICE_NOTIFIED,PRIM_CONTRIBUTORY_CAUSE,SEC_CONTRIBUTORY_CAUSE,STREET_NO,STREET_DIRECTION,STREET_NAME,BEAT_OF_OCCURRENCE,PHOTOS_TAKEN_I,STATEMENTS_TAKEN_I,DOORING_I,WORK_ZONE_I,WORK_ZONE_TYPE,WORKERS_PRESENT_I,NUM_UNITS,MOST_SEVERE_INJURY,INJURIES_TOTAL,INJURIES_FATAL,INJURIES_INCAPACITATING,INJURIES_NON_INCAPACITATING,INJURIES_REPORTED_NOT_EVIDENT,INJURIES_NO_INDICATION,INJURIES_UNKNOWN,CRASH_HOUR,CRASH_DAY_OF_WEEK,CRASH_MONTH,LATITUDE,LONGITUDE,LOCATION
3a3eaa18640f439369869957ec2e451ba69ff9ccb9e810af3150b05e6106923c1ba7cceb7f5cc88c9705c7509d1d69aa84e3c5104e822710d0ec61ec9b5f12b9,JF162701,,3/4/2022 7:45,30,NO CONTROLS,NO CONTROLS,CLEAR,DAYLIGHT,TURNING,NOT DIVIDED,,STRAIGHT AND LEVEL,UNKNOWN,UNKNOWN,ON SCENE,NO INJURY / DRIVE AWAY,,,,"OVER $1,500",3/4/2022 7:53,"VISION OBSCURED (SIGNS, TREE LIMBS, BUILDINGS, ETC.)",UNABLE TO DETERMINE,1726,W,PRATT BLVD,2424,,,,,,,2,NO INDICATION OF INJURY,0,0,0,0,0,2,0,7,6,3,42.00542587,-87.67423227,POINT (-87.674232265141 42.005425867291)
483aa8ab96b7f014122a69eeed3937d9f28c57bfe7ffcc9ba5131bf5c193c140f5d24c9a7e20ce756a7c4f1db98c032294f1c60e4392a16e74faa8b484570bb7,JF178259,Y,3/18/2022 12:00,30,NO CONTROLS,NO CONTROLS,RAIN,DAYLIGHT,SIDESWIPE SAME DIRECTION,ONE-WAY,,STRAIGHT AND LEVEL,WET,NO DEFECTS,NOT ON SCENE (DESK REPORT),NO INJURY / DRIVE AWAY,,,Y,"OVER $1,500",3/18/2022 13:10,UNABLE TO DETERMINE,UNABLE TO DETERMINE,1400,S,LAKE SHORE DR E,132,,,,,,,2,NO INDICATION OF INJURY,0,0,0,0,0,3,0,12,6,3,41.86411696,-87.61894998,POINT (-87.618949975476 41.864116957253)
66bd36204f1a27c0c1c03d5ae4ffd4ab6c7e49a2981bbe2c94350afa2214739654f627694d282d3d82bf2c631e058348905fc6b6adf48f149d1852aa8dd0b2eb,JD128314,,1/25/2020 13:40,30,STOP SIGN/FLASHER,FUNCTIONING PROPERLY,RAIN,DAYLIGHT,PEDESTRIAN,NOT DIVIDED,,STRAIGHT AND LEVEL,SNOW OR SLUSH,NO DEFECTS,,NO INJURY / DRIVE AWAY,Y,,,$500 OR LESS,1/25/2020 13:45,FAILING TO YIELD RIGHT-OF-WAY,NOT APPLICABLE,4100,N,PULASKI RD,1722,,,,,,,2,NO INDICATION OF INJURY,0,0,0,0,0,2,0,13,7,1,41.95556567,-87.72781803,POINT (-87.727818032148 41.955565668022)
48982b725198c6a8fec401e9d4340f59ac8eb6a957fd784c18cbc9b331f9009d6c732bc1afdb4b91fd455b976f7a4d8cfb1ec694f9d76176a798083f87dcb9df,JF178301,,3/18/2022 12:20,30,NO CONTROLS,NO CONTROLS,RAIN,DAYLIGHT,PARKED MOTOR VEHICLE,ONE-WAY,,STRAIGHT AND LEVEL,WET,NO DEFECTS,ON SCENE,INJURY AND / OR TOW DUE TO CRASH,,,,"OVER $1,500",3/18/2022 12:20,EQUIPMENT - VEHICLE CONDITION,UNABLE TO DETERMINE,5430,W,MONROE ST,1522,,,,,,,2,NO INDICATION OF INJURY,0,0,0,0,0,1,0,12,6,3,41.87941177,-87.76092382,POINT (-87.760923818917 41.879411773488)
025a8f807af8bea7fcdd2f1d35ad75b20da67989e03377c925a0720d2aea00dfa22ea3fffbecc04fb5f9483105375f32ab342936add4e1760fc7ffed97cbbcfc,JF155874,,2/25/2022 15:04,30,NO CONTROLS,NO CONTROLS,CLEAR,DAYLIGHT,SIDESWIPE SAME DIRECTION,NOT DIVIDED,,STRAIGHT AND LEVEL,DRY,NO DEFECTS,ON SCENE,NO INJURY / DRIVE AWAY,,,,"$501 - $1,500",2/25/2022 15:25,IMPROPER LANE USAGE,NOT APPLICABLE,5301,S,CICERO AVE,815,,,,,,,2,NO INDICATION OF INJURY,0,0,0,0,0,3,0,15,6,2,41.79661337,-87.74271081,POINT (-87.742710808662 41.796613372603)
9df290c08fda0a6e11b9ca732365028a075b20217167c8a141b9cdb0a933799f6301f587f6b79ebde3b11f6134918ca52651b2e40f0202c5d6b3c5e57b7414e6,JF170563,,3/11/2022 14:30,10,NO CONTROLS,NO CONTROLS,CLEAR,DAYLIGHT,REAR END,ONE-WAY,,STRAIGHT AND LEVEL,DRY,NO DEFECTS,NOT ON SCENE (DESK REPORT),NO INJURY / DRIVE AWAY,,Y,,"$501 - $1,500",3/11/2022 15:10,FOLLOWING TOO CLOSELY,NOT APPLICABLE,6948,W,GRAND AVE,2512,,,,,,,2,NO INDICATION OF INJURY,0,0,0,0,0,2,0,14,6,3,41.92367326,-87.79962665,POINT (-87.799626645945 41.923673256513)
48c448cdc839f210e24be35d07cd2c21c4fd963a6cd28b8f8922a9a3ab5384543bb9feb954040e064539fa8aff0e299d83ac5c1b4fdc440c6256b2b0dd8fb5a3,JF178192,,3/18/2022 11:55,30,TRAFFIC SIGNAL,FUNCTIONING PROPERLY,CLOUDY/OVERCAST,DAYLIGHT,REAR END,NOT DIVIDED,,STRAIGHT AND LEVEL,DRY,NO DEFECTS,ON SCENE,INJURY AND / OR TOW DUE TO CRASH,,,,"OVER $1,500",3/18/2022 12:00,FOLLOWING TOO CLOSELY,NOT APPLICABLE,6325,N,WESTERN AVE,2413,,,,,,,3,NONINCAPACITATING INJURY,1,0,0,1,0,3,0,11,6,3,41.99668221,-87.68970155,POINT (-87.689701547832 41.99668220563)
6755356cf3523c073bfa02afd579a0c95218922cf929125e8125efa733c9f7fb8a76d1a2c555f6785e78c809f033f9b800088d5b57407c1bc7fe663c7d546535,JF184740,,3/24/2022 8:40,30,TRAFFIC SIGNAL,FUNCTIONING PROPERLY,RAIN,DAYLIGHT,REAR END,NOT DIVIDED,,STRAIGHT AND LEVEL,WET,NO DEFECTS,NOT ON SCENE (DESK REPORT),NO INJURY / DRIVE AWAY,,,,$500 OR LESS,3/24/2022 9:15,FAILING TO YIELD RIGHT-OF-WAY,DRIVING SKILLS/KNOWLEDGE/EXPERIENCE,800,E,111TH ST,513,Y,,,,,,2,NO INDICATION OF INJURY,0,0,0,0,0,4,0,8,5,3,41.69298216,-87.60233869,POINT (-87.602338692933 41.692982160898)
489a55a98141e4049e9c2b1bb1607fe470e2dd0404e9a38b1cad86044a2d8c04209c63433177103adfe1ffdd5d84596f46de2c427e6ec495046f03df39783db3,JF156760,,2/25/2022 10:30,30,TRAFFIC SIGNAL,FUNCTIONING PROPERLY,CLEAR,DAYLIGHT,REAR END,NOT DIVIDED,,STRAIGHT AND LEVEL,DRY,NO DEFECTS,,INJURY AND / OR TOW DUE TO CRASH,,,,"OVER $1,500",2/26/2022 14:00,FOLLOWING TOO CLOSELY,UNABLE TO DETERMINE,630,W,ROOSEVELT RD,124,,,,,,,2,NONINCAPACITATING INJURY,1,0,0,1,0,2,0,10,6,2,41.86731219,-87.64343422,POINT (-87.643434222392 41.867312193568)
0311d685aa84d52388b1373bd6c1b82ee9033feb95ef5f2df7815edf868ac532ba211bb8e6c2444159aba972afe21dc25664be36623544e561fb1225ef436ede,JF155695,,2/25/2022 8:30,30,NO CONTROLS,NO CONTROLS,CLEAR,DAYLIGHT,REAR END,NOT DIVIDED,,STRAIGHT AND LEVEL,DRY,NO DEFECTS,NOT ON SCENE (DESK REPORT),NO INJURY / DRIVE AWAY,,,,"$501 - $1,500",2/25/2022 13:40,UNABLE TO DETERMINE,NOT APPLICABLE,7314,N,ODELL AVE,1611,,,,,,,2,NO INDICATION OF INJURY,0,0,0,0,0,2,0,8,6,2,42.01392109,-87.81041531,POINT (-87.810415309964 42.013921088679)
9ebec38614d42210cd8bda68555ce756177002873133e673d311c19eb41b9725dcc442e3f1b807c306e74a687ae37beb0af4ac5173d6920d5e3e7b1249de6f6c,JF170784,,3/11/2022 17:50,30,NO CONTROLS,NO CONTROLS,CLEAR,DUSK,PARKED MOTOR VEHICLE,PARKING LOT,,STRAIGHT AND LEVEL,DRY,NO DEFECTS,ON SCENE,NO INJURY / DRIVE AWAY,,Y,,"$501 - $1,500",3/11/2022 17:57,UNABLE TO DETERMINE,UNABLE TO DETERMINE,11838,S,STEWART AVE,522,,,,,,,2,NO INDICATION OF INJURY,0,0,0,0,0,1,0,17,6,3,41.67857187,-87.63243379,POINT (-87.632433794083 41.678571873096)
9f1377114407179bb2464d1c4ee4e3384a6a77949e251c9725fd7605194eb887795a67cb8565353eca23aa0b449d6826f5e04ca136ae8eb092a8d29324ebf68a,JF170123,,3/11/2022 7:50,30,STOP SIGN/FLASHER,NO CONTROLS,CLEAR,DAYLIGHT,ANGLE,FOUR WAY,,STRAIGHT AND LEVEL,WET,NO DEFECTS,NOT ON SCENE (DESK REPORT),NO INJURY / DRIVE AWAY,,,Y,$500 OR LESS,3/11/2022 9:00,DISREGARDING STOP SIGN,DISREGARDING STOP SIGN,7200,S,WOODLAWN AVE,324,,,,,,,2,NO INDICATION OF INJURY,0,0,0,0,0,2,0,7,6,3,41.76411226,-87.59595076,POINT (-87.595950754968 41.764112263391)
114cd3e91eb67525b307c262032abe157e486937a5d9129a93c5a036d38e60947749c5eeaf3ddd66416b8ff66defb7b87a813ed65a4127810f318958fb7f3322,JF148569,,2/18/2022 13:45,30,TRAFFIC SIGNAL,FUNCTIONING PROPERLY,CLEAR,DAYLIGHT,TURNING,DIVIDED - W/MEDIAN (NOT RAISED),,STRAIGHT AND LEVEL,DRY,NO DEFECTS,NOT ON SCENE (DESK REPORT),NO INJURY / DRIVE AWAY,,,Y,"$501 - $1,500",2/18/2022 14:00,UNABLE TO DETERMINE,UNABLE TO DETERMINE,9459,S,LAFAYETTE AVE,634,,,,,,,2,NO INDICATION OF INJURY,0,0,0,0,0,2,0,13,6,2,41.7217247,-87.62488984,POINT (-87.624889836227 41.721724697428)
67799e0064dd89b4b9b15881710b8494271901b1ae1aed2e868c44dc258b778f70ce815b1259fbcae6d2f759d53d7ec0e40496930510bc0c1688b469cc3a3948,JF185117,,3/24/2022 12:18,35,TRAFFIC SIGNAL,FUNCTIONING PROPERLY,RAIN,DAYLIGHT,PEDESTRIAN,NOT DIVIDED,,STRAIGHT AND LEVEL,WET,NO DEFECTS,NOT ON SCENE (DESK REPORT),NO INJURY / DRIVE AWAY,Y,,,$500 OR LESS,3/24/2022 15:15,FAILING TO YIELD RIGHT-OF-WAY,UNABLE TO DETERMINE,200,N,JEFFERSON ST,1214,,,,,,,2,NO INDICATION OF INJURY,0,0,0,0,0,2,0,12,5,3,41.88575802,-87.64292192,POINT (-87.64292191698 41.885758017792)
9f1f4a7f67da0d250b2449d2eb0cd534f345c2921ba0323de04904f1b4627069cd7abf18d2f98b091d10fd283b8bc1ff1ebac36b3dfacefbd73e30fbc9b99430,JE463015,,12/1/2021 23:10,30,NO CONTROLS,NO CONTROLS,CLEAR,"DARKNESS, LIGHTED ROAD",FIXED OBJECT,NOT DIVIDED,,STRAIGHT AND LEVEL,WET,UNKNOWN,,INJURY AND / OR TOW DUE TO CRASH,,,,"OVER $1,500",12/1/2021 23:11,UNABLE TO DETERMINE,UNABLE TO DETERMINE,1945,E,87TH ST,412,,,,,,,2,"REPORTED, NOT EVIDENT",1,0,0,0,1,1,0,23,4,12,41.73693703,-87.57636488,POINT (-87.576364880787 41.736937028802)
1224eb2657228fdd3052ddaa9874a5be2ba365bac77b8320a291d96319aa9200c93b4137f584c71c76514e87ae5a010a76bf78fe49a527057dd692ca752a3ec4,JF148698,,2/18/2022 15:30,30,NO CONTROLS,NO CONTROLS,CLEAR,DAYLIGHT,SIDESWIPE SAME DIRECTION,NOT DIVIDED,,STRAIGHT AND LEVEL,DRY,NO DEFECTS,NOT ON SCENE (DESK REPORT),NO INJURY / DRIVE AWAY,,,,"OVER $1,500",2/18/2022 16:00,UNABLE TO DETERMINE,NOT APPLICABLE,626,N,CICERO AVE,1532,,,,,,,2,NO INDICATION OF INJURY,0,0,0,0,0,2,0,15,6,2,41.89222107,-87.74585804,POINT (-87.74585803975 41.89222107015)
1266abbf2b91191a3d02617b12b0a93d337587176b4ad09c69fb2586ead03100b472d00ac9c399a9d22dea241679116a30960f171da1c5462d991b47beee6b20,JF149000,,2/18/2022 19:50,25,TRAFFIC SIGNAL,FUNCTIONING PROPERLY,CLEAR,"DARKNESS, LIGHTED ROAD",PEDESTRIAN,FOUR WAY,,STRAIGHT AND LEVEL,WET,NO DEFECTS,ON SCENE,INJURY AND / OR TOW DUE TO CRASH,Y,,,$500 OR LESS,2/18/2022 20:27,UNABLE TO DETERMINE,NOT APPLICABLE,2800,W,JACKSON BLVD,1124,,,,,,,2,INCAPACITATING INJURY,1,0,1,0,0,2,0,19,6,2,41.8775438,-87.6962568,POINT (-87.6962568014 41.877543802805)
129e3e34ff0352e2a918491dd80d79051b855a1fd82ab4d575f5eca54f2808c25ebca74585bca3ac827152b52d3afc5d94298cf29d82ca1068852073ae55c0c3,JF149463,Y,2/18/2022 10:10,30,NO CONTROLS,NO CONTROLS,CLEAR,DAYLIGHT,REAR END,FOUR WAY,,STRAIGHT AND LEVEL,DRY,NO DEFECTS,NOT ON SCENE (DESK REPORT),NO INJURY / DRIVE AWAY,,,,$500 OR LESS,2/19/2022 12:30,UNABLE TO DETERMINE,UNABLE TO DETERMINE,9460,S,LAFAYETTE AVE,634,,,,,,,2,NO INDICATION OF INJURY,0,0,0,0,0,2,0,10,6,2,41.7217102,-87.62518223,POINT (-87.625182230963 41.721710199316)
0403ca04869e8e1cf8a7da98a38fbe1b2504fddf666bf9460324afc753319131c9b6956c0296644a1c1bf1c9b196dba1f862f9dbeeea5f2802509ba279687641,JC375078,,8/2/2019 10:05,30,NO CONTROLS,NO CONTROLS,CLEAR,DAYLIGHT,ANGLE,DIVIDED - W/MEDIAN (NOT RAISED),,STRAIGHT AND LEVEL,DRY,NO DEFECTS,,NO INJURY / DRIVE AWAY,,,,"OVER $1,500",8/2/2019 10:10,UNABLE TO DETERMINE,NOT APPLICABLE,1839,S,ASHLAND AVE,1233,,,,,,,2,NO INDICATION OF INJURY,0,0,0,0,0,2,0,10,6,8,41.85665271,-87.66597075,POINT (-87.665970751998 41.856652707792)
3c704c13622576b736a737bcd598c1540d38cd0468309f376559c9ff14d6ce027d532b1214437feda355c00c643cfb002f01d27248cd39e354d64613863646be,JD329231,,8/12/2020 1:40,30,NO CONTROLS,NO CONTROLS,CLEAR,"DARKNESS, LIGHTED ROAD",SIDESWIPE OPPOSITE DIRECTION,NOT DIVIDED,,STRAIGHT AND LEVEL,DRY,NO DEFECTS,,INJURY AND / OR TOW DUE TO CRASH,,,Y,"OVER $1,500",8/12/2020 1:42,UNABLE TO DETERMINE,UNABLE TO DETERMINE,3136,N,PAULINA ST,1931,,,,,,,2,NO INDICATION OF INJURY,0,0,0,0,0,5,0,1,4,8,41.9389215,-87.67121902,POINT (-87.671219020891 41.938921502849)
3c708405b2f0c81cf109028edd2fb7a4dda6e9852f438f5791ad0cc0e3616796605d0e8ffd722e73f0fe38831a5e2496992a8f3ef74b9406e69246e650848c7f,JE220162,,5/5/2021 9:00,30,NO CONTROLS,NO CONTROLS,CLEAR,DAYLIGHT,SIDESWIPE SAME DIRECTION,NOT DIVIDED,,STRAIGHT AND LEVEL,DRY,NO DEFECTS,,NO INJURY / DRIVE AWAY,,,,"OVER $1,500",5/5/2021 9:30,IMPROPER LANE USAGE,IMPROPER LANE USAGE,7170,N,WESTERN AVE,2411,,,,,,,2,NO INDICATION OF INJURY,0,0,0,0,0,2,0,9,4,5,42.01223481,-87.69039404,POINT (-87.69039404184 42.012234805256)
12adc6a2d5fb516eecd6de77a2d49c34a93c5898cecf2fd5010cf6fee19def3bfc7920aeb8b02d6eb4d76a22a35d8d049f7a8afd551be32566043def907d6c7a,JF148269,,2/18/2022 7:45,10,NO CONTROLS,NO CONTROLS,CLEAR,DAYLIGHT,ANGLE,PARKING LOT,,STRAIGHT AND LEVEL,WET,NO DEFECTS,ON SCENE,NO INJURY / DRIVE AWAY,,Y,,"$501 - $1,500",2/18/2022 9:00,UNABLE TO DETERMINE,UNABLE TO DETERMINE,10001,S,PULASKI RD,2211,,,,,,,2,NO INDICATION OF INJURY,0,0,0,0,0,2,0,7,6,2,41.71125823,-87.72093947,POINT (-87.720939473403 41.711258232205)
12ec21bf9709f0f5f865aa4a252b328726f1dd20e53c6a0b6f04239933bb983911a87d2e998a7121263bf236bd6ccec60e4b880c68a59fd15e3c5b2046b99d80,JF149066,,2/18/2022 20:29,0,NO CONTROLS,NO CONTROLS,CLEAR,"DARKNESS, LIGHTED ROAD",PARKED MOTOR VEHICLE,RAMP,,STRAIGHT AND LEVEL,DRY,NO DEFECTS,ON SCENE,NO INJURY / DRIVE AWAY,,Y,,"OVER $1,500",2/18/2022 20:30,UNABLE TO DETERMINE,NOT APPLICABLE,516,W,OHARE ST,1654,,,,,,,2,NO INDICATION OF INJURY,0,0,0,0,0,1,0,20,6,2,,,
04c563ad7502f94043d48be33434e568d2075bf59cda8fb8d542a051511285ae4f4143990557e6bc15c8b259fb7e0add284ec47b4eddc07952f89a5fc8b3f3dd,JF155407,,2/25/2022 8:00,30,NO CONTROLS,NO CONTROLS,CLEAR,DAYLIGHT,ANGLE,Y-INTERSECTION,,STRAIGHT AND LEVEL,SNOW OR SLUSH,UNKNOWN,NOT ON SCENE (DESK REPORT),NO INJURY / DRIVE AWAY,Y,,,"OVER $1,500",2/25/2022 9:00,FAILING TO YIELD RIGHT-OF-WAY,NOT APPLICABLE,4200,N,MILWAUKEE AVE,1624,,,,,,,2,NO INDICATION OF INJURY,0,0,0,0,0,2,0,8,6,2,41.95700649,-87.75151511,POINT (-87.751515114164 41.95700649426)
68f8b06ea5eba19e199040e5cddb9dbdbe214be23186bc5b72f7f564387ac3e60af74d37803f1c380044ac8fd964e853668661e66d41d8541ee1e8e4f21c6d01,JF193438,,3/24/2022 7:13,30,NO CONTROLS,NO CONTROLS,CLEAR,DAYLIGHT,ANGLE,DIVIDED - W/MEDIAN (NOT RAISED),,STRAIGHT AND LEVEL,DRY,NO DEFECTS,NOT ON SCENE (DESK REPORT),NO INJURY / DRIVE AWAY,Y,,,"OVER $1,500",4/1/2022 10:00,FAILING TO YIELD RIGHT-OF-WAY,"OPERATING VEHICLE IN ERRATIC, RECKLESS, CARELESS, NEGLIGENT OR AGGRESSIVE MANNER",413,S,SACRAMENTO BLVD,1135,,,,,,,2,NO INDICATION OF INJURY,0,0,0,0,0,2,0,7,5,3,41.87557777,-87.70091411,POINT (-87.700914110055 41.875577769121)
4b33327d290462f076bd347533d91bf0ee2ad68ec647a12d47abb3f672ee4d376b188e1d4ba3c518b003ba4b86703f945e00a46579d47fca63b78056f4dac031,JF178431,,3/18/2022 15:30,35,NO CONTROLS,NO CONTROLS,RAIN,DAYLIGHT,SIDESWIPE SAME DIRECTION,NOT DIVIDED,,STRAIGHT AND LEVEL,WET,NO DEFECTS,NOT ON SCENE (DESK REPORT),NO INJURY / DRIVE AWAY,,,Y,"OVER $1,500",3/18/2022 15:45,FOLLOWING TOO CLOSELY,FOLLOWING TOO CLOSELY,1474,S,MICHIGAN AVE,131,,,,,,,2,NO INDICATION OF INJURY,0,0,0,0,0,2,0,15,6,3,41.86204533,-87.62417707,POINT (-87.624177064635 41.862045332461)
a0ffade5338f5c2dec9f5083221ee3131d6a3fa5d5d88b3a4f4edf70fde9106971c5b04fcfbc4f030a9e02f55c9865ace7bd0ecf73e3d21efe82e7f21963a490,JF170054,,3/11/2022 5:40,30,STOP SIGN/FLASHER,FUNCTIONING PROPERLY,SNOW,DAYLIGHT,TURNING,NOT DIVIDED,,STRAIGHT AND LEVEL,SNOW OR SLUSH,NO DEFECTS,NOT ON SCENE (DESK REPORT),NO INJURY / DRIVE AWAY,,,,"OVER $1,500",3/11/2022 7:35,IMPROPER TURNING/NO SIGNAL,NOT APPLICABLE,6100,S,KEDZIE AVE,823,,,,,,,2,NO INDICATION OF INJURY,0,0,0,0,0,2,0,5,6,3,41.7825569,-87.70338965,POINT (-87.703389652003 41.782556901255)
69a54e343720630c066df1e73e99472eb9ebc83f1330bbf06723e848b2e3c9f54085a748abd481df5c07afa0edb70bd832c6273310ba3f2c80f3fa48ee245abf,JF185369,,3/24/2022 17:56,25,NO CONTROLS,NO CONTROLS,RAIN,DAYLIGHT,SIDESWIPE SAME DIRECTION,NOT DIVIDED,,STRAIGHT AND LEVEL,WET,NO DEFECTS,ON SCENE,NO INJURY / DRIVE AWAY,,,Y,"$501 - $1,500",3/24/2022 17:57,UNABLE TO DETERMINE,UNABLE TO DETERMINE,2431,N,LARAMIE AVE,2521,,,,,,,2,NO INDICATION OF INJURY,0,0,0,0,0,2,0,17,5,3,41.92510747,-87.75603565,POINT (-87.756035646616 41.925107465178)
05e4395439d021672b3cfa3a9ec3c7c86d74401bc26232b12f2e8a8e6ae3c3ad366008d987d6e89cd7779b6eb25c062721f307c5de8108aa8b22b4b7b96fd264,JF155454,Y,2/25/2022 9:24,30,NO CONTROLS,NO CONTROLS,SNOW,UNKNOWN,PARKED MOTOR VEHICLE,ONE-WAY,,STRAIGHT AND LEVEL,SNOW OR SLUSH,NO DEFECTS,ON SCENE,NO INJURY / DRIVE AWAY,,,Y,"OVER $1,500",2/25/2022 9:24,UNABLE TO DETERMINE,NOT APPLICABLE,2927,W,ADAMS ST,1124,,,,,,,2,NO INDICATION OF INJURY,0,0,0,0,0,1,0,9,6,2,41.87819617,-87.6997816,POINT (-87.699781601893 41.878196170826)
3ed46d677222f77f9af81fe432e2e56bb9085d2b25be9a0780c8009fa491d008045edb69022244466b88ee57ee4b523917ba3e85c23b12a704ed1be4a4a759a8,JF162777,,3/4/2022 8:45,30,NO CONTROLS,NO CONTROLS,CLEAR,DAYLIGHT,REAR END,NOT DIVIDED,,STRAIGHT AND LEVEL,DRY,NO DEFECTS,NOT ON SCENE (DESK REPORT),NO INJURY / DRIVE AWAY,,,,"OVER $1,500",3/4/2022 9:00,UNABLE TO DETERMINE,NOT APPLICABLE,1419,N,LARAMIE AVE,2533,,,,,,,2,NO INDICATION OF INJURY,0,0,0,0,0,2,0,8,6,3,41.90647292,-87.75572626,POINT (-87.755726255118 41.906472917306)
0695d393c51701f97c485351dfeba1e961cfb70e39eff81d0f34110022d51985186639e21de3fa7bce7cda94f54a61efdd5ca0dad6f5da34cd611b08688c1125,JF155791,,2/25/2022 12:00,30,NO CONTROLS,NO CONTROLS,CLEAR,DAYLIGHT,TURNING,ONE-WAY,,STRAIGHT AND LEVEL,DRY,NO DEFECTS,NOT ON SCENE (DESK REPORT),NO INJURY / DRIVE AWAY,Y,,,"OVER $1,500",2/25/2022 14:30,IMPROPER TURNING/NO SIGNAL,IMPROPER TURNING/NO SIGNAL,5300,S,INDIANA AVE,231,,,,,,,2,NO INDICATION OF INJURY,0,0,0,0,0,3,0,12,6,2,41.79811873,-87.62107478,POINT (-87.621074780973 41.798118731098)
4bddba4db50b93da0c5b7aef42847b9e0280f4a5717e1534191dd676cd1254fb3c0e5d08933aa5529033a7b12a01fd775bd12fb94d9297d23b66ec1859ae895a,JD292229,,7/10/2020 4:30,35,STOP SIGN/FLASHER,FUNCTIONING PROPERLY,CLOUDY/OVERCAST,"DARKNESS, LIGHTED ROAD",ANGLE,FOUR WAY,,STRAIGHT AND LEVEL,WET,NO DEFECTS,,INJURY AND / OR TOW DUE TO CRASH,Y,,Y,"OVER $1,500",7/10/2020 4:35,DISREGARDING STOP SIGN,NOT APPLICABLE,4136,S,WENTWORTH AVE,925,,,,,,,2,NONINCAPACITATING INJURY,1,0,0,1,0,4,0,4,6,7,41.81895948,-87.63141558,POINT (-87.63141558002 41.818959481608)
4c1b18266d28b7da0fe29d9d4376bf4afc3866784bbe5868c6fab1f64f269deb0b11319a2c7b8e5c537ddc1a8afecab7c25891a6cd20571e4973da56a1678451,JE488918,,12/25/2021 23:30,30,NO CONTROLS,NO CONTROLS,CLEAR,"DARKNESS, LIGHTED ROAD",TURNING,NOT DIVIDED,,STRAIGHT AND LEVEL,DRY,NO DEFECTS,,INJURY AND / OR TOW DUE TO CRASH,,,Y,"OVER $1,500",12/25/2021 23:31,UNABLE TO DETERMINE,NOT APPLICABLE,608,S,WESTERN AVE,1135,,,,,,,2,"REPORTED, NOT EVIDENT",2,0,0,0,2,5,0,23,7,12,41.87359737,-87.68637774,POINT (-87.686377738282 41.873597373064)
6a8e8812bcdf23f55e6d250d6d4400d9c5aea25a6ce50cef3b6be83b9085eaaff5effe43449bf368c72095b56a675a5330a94c928b67995656f86c57c4bd4d77,JF158295,,2/28/2022 5:35,30,NO CONTROLS,NO CONTROLS,CLEAR,"DARKNESS, LIGHTED ROAD",PARKED MOTOR VEHICLE,NOT DIVIDED,,STRAIGHT ON GRADE,DRY,NO DEFECTS,,INJURY AND / OR TOW DUE TO CRASH,,,,"OVER $1,500",2/28/2022 5:35,UNABLE TO DETERMINE,UNABLE TO DETERMINE,528,N,HAMLIN AVE,1122,,,,,,,4,NONINCAPACITATING INJURY,1,0,0,1,0,0,0,5,2,2,41.89079266,-87.72120723,POINT (-87.72120723437 41.890792657212)
3f61cf8d7e7c3e3029cd5d71123f9bd58478858c093fc50d02605327b903c1334e2b80875f4b9e185f1ccb3ff67bc14ef32003da38e7d015ba13b50e39f86305,JF163601,,3/4/2022 20:14,30,NO CONTROLS,NO CONTROLS,CLEAR,"DARKNESS, LIGHTED ROAD",PARKED MOTOR VEHICLE,ONE-WAY,,STRAIGHT AND LEVEL,DRY,UNKNOWN,ON SCENE,NO INJURY / DRIVE AWAY,,,Y,"OVER $1,500",3/4/2022 20:33,UNABLE TO DETERMINE,UNABLE TO DETERMINE,8029,S,CLYDE AVE,414,,,,,,,3,NO INDICATION OF INJURY,0,0,0,0,0,1,0,20,6,3,41.74893992,-87.57335293,POINT (-87.573352933463 41.748939914559)
406adc9330e8f90878ed01ec35a9846ffa7f8df7d9b4aa770d170a60822e05f83de3c4401285d307f81348790224e101f2944ebddbda35fb472d42f701b2f8b6,JF163209,,3/4/2022 14:50,15,NO CONTROLS,UNKNOWN,CLEAR,DAYLIGHT,ANGLE,PARKING LOT,,STRAIGHT AND LEVEL,DRY,UNKNOWN,NOT ON SCENE (DESK REPORT),INJURY AND / OR TOW DUE TO CRASH,,,,"$501 - $1,500",3/4/2022 15:13,IMPROPER BACKING,NOT APPLICABLE,7222,S,STONY ISLAND AVE,324,,,,,,,2,NONINCAPACITATING INJURY,2,0,0,2,0,1,0,14,6,3,41.76349106,-87.58640665,POINT (-87.5864066453 41.763491056004)
152df51243b01681045adea02211f67feb7b8915de585c2976e772e412c4ed9a2ce262d14338efdaa5db70cb532c0cfb0c8bcb53cfd00108730ef98ff7f32086,JF149548,,2/18/2022 15:00,30,TRAFFIC SIGNAL,FUNCTIONING PROPERLY,CLEAR,DAYLIGHT,REAR END,DIVIDED - W/MEDIAN (NOT RAISED),,STRAIGHT AND LEVEL,DRY,NO DEFECTS,NOT ON SCENE (DESK REPORT),NO INJURY / DRIVE AWAY,,,,"$501 - $1,500",2/19/2022 14:15,FAILING TO YIELD RIGHT-OF-WAY,FOLLOWING TOO CLOSELY,2098,W,DIVERSEY PKWY,1931,,,,,,,2,NO INDICATION OF INJURY,0,0,0,0,0,2,0,15,6,2,41.93236549,-87.68060274,POINT (-87.680602736558 41.932365491753)