CRASH_RECORD_ID,RD_NO,CRASH_DATE_EST_I,CRASH_DATE,POSTED_SPEED_LIMIT,TRAFFIC_CONTROL_DEVICE,DEVICE_CONDITION,WEATHER_CONDITION,LIGHTING_CONDITION,FIRST_CRASH_TYPE,TRAFFICWAY_TYPE,LANE_CNT,ALIGNMENT,ROADWAY_SURFACE_COND,ROAD_DEFECT,REPORT_TYPE,CRASH_TYPE,INTERSECTION_RELATED_I,NOT_RIGHT_OF_WAY_I,HIT_AND_RUN_I,DAMAGE,DATE_POLICE_NOTIFIED,PRIM_CONTRIBUTORY_CAUSE,SEC_CONTRIBUTORY_CAUSE,STREET_NO,STREET_DIRECTION,STREET_NAME,BEAT_OF_OCCURRENCE,PHOTOS_TAKEN_I,STATEMENTS_TAKEN_I,DOORING_I,WORK_ZONE_I,WORK_ZONE_TYPE,WORKERS_PRESENT_I,NUM_UNITS,MOST_SEVERE_INJURY,INJURIES_TOTAL,INJURIES_FATAL,INJURIES_INCAPACITATING,INJURIES_NON_INCAPACITATING,INJURIES_REPORTED_NOT_EVIDENT,INJURIES_NO_INDICATION,INJURIES_UNKNOWN,CRASH_HOUR,CRASH_DAY_OF_WEEK,CRASH_MONTH,LATITUDE,LONGITUDE,LOCATION
15b296ff41f6793d40da4cf8cb98772a7ff2d52486d1e12422700864ac78fba510d19cdf8908b4d3bd65112fa73d6f5692d7c9a25a37cfefa98f92bdcfe8ae01,JF148956,,2/18/2022 19:47,30,TRAFFIC SIGNAL,FUNCTIONING PROPERLY,SNOW,"DARKNESS, LIGHTED ROAD",PEDESTRIAN,FOUR WAY,,STRAIGHT AND LEVEL,SNOW OR SLUSH,NO DEFECTS,ON SCENE,INJURY AND / OR TOW DUE TO CRASH,Y,,,$500 OR LESS,2/18/2022 20:04,FAILING TO YIELD RIGHT-OF-WAY,WEATHER,1800,S,RACINE AVE,1233,,,,,,,2,NONINCAPACITATING INJURY,1,0,0,1,0,1,0,19,6,2,41.85788239,-87.65657386,POINT (-87.656573856846 41.857882393311)
409ec9d11b8ba1417d697d3596551e0b05d219a03fdf6247cbee5303a4882bdedddc8f76c12248f9d61d73b5f4d38ef107a2bd4ed6040d659534c4742a5ebed0,JC549260,,12/16/2019 16:55,35,NO CONTROLS,NO CONTROLS,CLEAR,DARKNESS,REAR END,NOT DIVIDED,,STRAIGHT AND LEVEL,DRY,UNKNOWN,,INJURY AND / OR TOW DUE TO CRASH,,,Y,"OVER $1,500",12/16/2019 17:20,FOLLOWING TOO CLOSELY,FOLLOWING TOO CLOSELY,2430,S,KEDZIE AVE,1024,,,,,,,2,NONINCAPACITATING INJURY,1,0,0,1,0,1,0,16,2,12,41.84720714,-87.70526744,POINT (-87.705267437682 41.847207140892)
4c22e553ac14129f231cc653276ffb2a5db905c5938e50754c4e927c2411d23a5094e3a71576a77b38b008a62e9a33ce7bad8e52e042ac8c8f269a8aeee3fff1,JE425987,,10/28/2021 19:18,40,TRAFFIC SIGNAL,FUNCTIONING PROPERLY,RAIN,DARKNESS,PEDESTRIAN,"FIVE POINT, OR MORE",,STRAIGHT AND LEVEL,WET,NO DEFECTS,,INJURY AND / OR TOW DUE TO CRASH,,,Y,$500 OR LESS,10/28/2021 20:56,DRIVING SKILLS/KNOWLEDGE/EXPERIENCE,WEATHER,1601,E,79TH ST,411,,,,,,,2,NONINCAPACITATING INJURY,1,0,0,1,0,1,0,19,5,10,41.75139199,-87.58559346,POINT (-87.585593457264 41.751391989276)
a31828ed083a46b4e84c96342ac7fa8f8249a3c7736fd9b9e526835972dde93f3bc3ad70ae3d2abb49ff8a6fcfbe4f117dfb10803fb8aedea9575d9042e81f6c,JF171045,,3/11/2022 21:50,30,TRAFFIC SIGNAL,FUNCTIONING PROPERLY,CLEAR,"DARKNESS, LIGHTED ROAD",PEDESTRIAN,FOUR WAY,,STRAIGHT AND LEVEL,DRY,NO DEFECTS,,INJURY AND / OR TOW DUE TO CRASH,Y,,Y,"OVER $1,500",3/11/2022 23:56,FAILING TO REDUCE SPEED TO AVOID CRASH,FAILING TO REDUCE SPEED TO AVOID CRASH,622,N,FAIRBANKS CT,1834,,,,,,,2,INCAPACITATING INJURY,1,0,1,0,0,1,0,21,6,3,41.8933654,-87.62042206,POINT (-87.620422057447 41.893365397139)
a330b27028fe431f803c3c24924a37cb9d1c49d768a94f22463293f6795f5e77bb2d06ab8ba379fb64c1dc649c14d9821ff98707e046e97353fd0eb794128d56,JF171003,,3/11/2022 23:42,30,TRAFFIC SIGNAL,FUNCTIONING PROPERLY,CLEAR,"DARKNESS, LIGHTED ROAD",TURNING,"FIVE POINT, OR MORE",,STRAIGHT AND LEVEL,DRY,NO DEFECTS,ON SCENE,NO INJURY / DRIVE AWAY,Y,,Y,"$501 - $1,500",3/11/2022 23:45,DISREGARDING TRAFFIC SIGNALS,UNABLE TO DETERMINE,7100,S,SOUTH SHORE DR,334,,,,,,,2,NO INDICATION OF INJURY,0,0,0,0,0,2,0,23,6,3,41.7661952,-87.56290818,POINT (-87.562908182042 41.76619520231)
6ae7036dade73e508f32145afa716985165536bd166f4cada8b975a8f0ec364299e59072379190d03b2f3ec6ef194baf564ac0cf1796e8b2efa016b5ed032ad4,JF184567,,3/24/2022 5:30,30,TRAFFIC SIGNAL,FUNCTIONING PROPERLY,RAIN,"DARKNESS, LIGHTED ROAD",ANGLE,DIVIDED - W/MEDIAN (NOT RAISED),,STRAIGHT AND LEVEL,WET,NO DEFECTS,NOT ON SCENE (DESK REPORT),INJURY AND / OR TOW DUE TO CRASH,Y,,,"OVER $1,500",3/24/2022 5:34,DISREGARDING TRAFFIC SIGNALS,DISREGARDING TRAFFIC SIGNALS,2800,W,TOUHY AVE,2411,,,,,,,2,NO INDICATION OF INJURY,0,0,0,0,0,3,0,5,5,3,42.01217318,-87.69984398,POINT (-87.699843978265 42.012173177712)
6b421178ba2ff5dcc2615687696e3dd889f16d9585bd02f4dfdf5db12bb4c55483271de9b51861ad366a899970b1b2cce5c9a21a3a7bd5b691ff7bd6c3342f39,JF185224,,3/24/2022 16:05,30,STOP SIGN/FLASHER,FUNCTIONING PROPERLY,RAIN,DAYLIGHT,REAR END,NOT DIVIDED,,STRAIGHT AND LEVEL,WET,UNKNOWN,NOT ON SCENE (DESK REPORT),NO INJURY / DRIVE AWAY,Y,,,"$501 - $1,500",3/24/2022 16:15,UNABLE TO DETERMINE,UNABLE TO DETERMINE,5042,N,LINCOLN AVE,2031,,,,,,,2,NO INDICATION OF INJURY,0,0,0,0,0,2,0,16,5,3,41.97288682,-87.69147987,POINT (-87.691479869522 41.972886819112)
16b19a3ed7ad94b3843f1ec952141f67192acc57a930160492db7148b2adad7306479161e952e3b2b9486cbce23e77a3bf2fcd0620a4433211ea1cf8e3902b64,JF148825,,2/18/2022 17:35,30,NO CONTROLS,NO CONTROLS,CLEAR,DAWN,REAR END,NOT DIVIDED,,STRAIGHT AND LEVEL,DRY,NO DEFECTS,ON SCENE,NO INJURY / DRIVE AWAY,,,,$500 OR LESS,2/18/2022 17:35,FOLLOWING TOO CLOSELY,NOT APPLICABLE,4949,S,COTTAGE GROVE AVE,223,,,,,,,2,NO INDICATION OF INJURY,0,0,0,0,0,2,0,17,6,2,41.80445498,-87.60630958,POINT (-87.606309575608 41.804454981523)
08a3e8ad82327c45dd26b155999f12c7b9b755c8bc2f1ce38dedb7f641a2569fe124c2ef4db9754a2255ab4be1b674aeb489847b8c26cc4bfcc7f9dd1cfaa70f,JF155953,,2/25/2022 16:05,30,NO CONTROLS,NO CONTROLS,CLEAR,DAYLIGHT,TURNING,FOUR WAY,,STRAIGHT AND LEVEL,DRY,UNKNOWN,ON SCENE,INJURY AND / OR TOW DUE TO CRASH,,,,"OVER $1,500",2/25/2022 16:43,FAILING TO YIELD RIGHT-OF-WAY,UNABLE TO DETERMINE,8333,S,CICERO AVE,834,,,,,,,2,NO INDICATION OF INJURY,0,0,0,0,0,2,0,16,6,2,41.74091107,-87.74092286,POINT (-87.740922859385 41.740911065365)
08b66fd5464b7275f99c9aa79ab0ed3fc8ece6a6f84c2eb66c474b2c161234a7165b0357a112361370ee8d2ecbdce9f22868519f71964eb853943a2726dd6965,JF156146,,2/25/2022 21:10,30,NO CONTROLS,NO CONTROLS,CLEAR,"DARKNESS, LIGHTED ROAD",PARKED MOTOR VEHICLE,NOT DIVIDED,,STRAIGHT AND LEVEL,WET,NO DEFECTS,ON SCENE,INJURY AND / OR TOW DUE TO CRASH,,,,"OVER $1,500",2/25/2022 21:10,TEXTING,IMPROPER LANE USAGE,5241,W,CHICAGO AVE,1524,,,,,,,2,NO INDICATION OF INJURY,0,0,0,0,0,2,0,21,6,2,41.89480803,-87.7572791,POINT (-87.757279102063 41.894808034011)
4d4e3c40850d38e30fbcdd76e194ac8996d7f0cdb31e95d0881f4b63144e604c3057cb41c3dccb412ee30dc4c581aeb1af494bf1c06c2193dacc33525e326cb5,JF178348,,3/18/2022 13:18,40,TRAFFIC SIGNAL,FUNCTIONING PROPERLY,RAIN,DAYLIGHT,SIDESWIPE SAME DIRECTION,DIVIDED - W/MEDIAN BARRIER,,STRAIGHT AND LEVEL,WET,NO DEFECTS,NOT ON SCENE (DESK REPORT),NO INJURY / DRIVE AWAY,,,Y,"OVER $1,500",3/18/2022 14:30,FAILING TO YIELD RIGHT-OF-WAY,IMPROPER LANE USAGE,791,N,LAKE SHORE DR NB,1833,,,,,,,2,NO INDICATION OF INJURY,0,0,0,0,0,2,0,13,6,3,41.89682661,-87.61650404,POINT (-87.616504038799 41.896826606292)
08fa63caeb6b6d6d638ce5e1a2e4968e8dadae4ca2d634246fc09849f6c01e6c49f8ed483648f94ca8a3bace4e27fe7def44616143639a965e6c8bbec86158c3,JF156215,,2/25/2022 22:38,35,NO CONTROLS,NO CONTROLS,CLEAR,"DARKNESS, LIGHTED ROAD",TURNING,NOT DIVIDED,,STRAIGHT AND LEVEL,DRY,NO DEFECTS,ON SCENE,INJURY AND / OR TOW DUE TO CRASH,,,,"OVER $1,500",2/25/2022 22:49,UNABLE TO DETERMINE,NOT APPLICABLE,7498,S,COTTAGE GROVE AVE,323,,,,,,,2,NO INDICATION OF INJURY,0,0,0,0,0,3,0,22,6,2,41.75866718,-87.60554237,POINT (-87.605542371071 41.758667181158)
a4310b0f3dbd54ced6ad201b4a9b05c831296775a0b5af1c2be59e41cf52f6a5691df95b37d8c08438c0c29e12bc9ecb7c4f44b8f9a14234c66931236734a826,JF170293,,3/11/2022 10:45,30,TRAFFIC SIGNAL,FUNCTIONING PROPERLY,CLEAR,DAYLIGHT,REAR END,NOT DIVIDED,,STRAIGHT AND LEVEL,DRY,NO DEFECTS,NOT ON SCENE (DESK REPORT),NO INJURY / DRIVE AWAY,Y,,Y,"OVER $1,500",3/11/2022 11:15,FOLLOWING TOO CLOSELY,NOT APPLICABLE,2000,S,STATE ST,131,,,,,,,2,NO INDICATION OF INJURY,0,0,0,0,0,4,0,10,6,3,41.8553848,-87.62729155,POINT (-87.627291544963 41.85538479956)
6c5bcf5b572e4f7e1ba151ef755fda8732a6a9bbe83e97c4581887ccde50a0fbd10cc6baea01bc8e688276a76d6dad0565d50dce583775ab9cec42efb749ea73,JC391922,,8/14/2019 10:30,30,NO CONTROLS,NO CONTROLS,CLEAR,DAYLIGHT,SIDESWIPE SAME DIRECTION,NOT DIVIDED,,STRAIGHT AND LEVEL,DRY,NO DEFECTS,,NO INJURY / DRIVE AWAY,,,,"OVER $1,500",8/14/2019 11:00,UNABLE TO DETERMINE,UNABLE TO DETERMINE,4606,S,COTTAGE GROVE AVE,221,,,,,,,2,NO INDICATION OF INJURY,0,0,0,0,0,2,0,10,4,8,41.81109186,-87.60674683,POINT (-87.606746833034 41.811091863559)
17791160274b6253ac3f71add17485bf753e07a6476a49323af1838aa246fde5b8f135b56aa52d6114f67831b141fc303ec59cff42a9d463fa030b8354c9d59c,JF148752,,2/18/2022 15:22,30,TRAFFIC SIGNAL,UNKNOWN,SNOW,DAWN,ANGLE,FOUR WAY,,STRAIGHT AND LEVEL,SNOW OR SLUSH,NO DEFECTS,ON SCENE,INJURY AND / OR TOW DUE TO CRASH,Y,,,"OVER $1,500",2/18/2022 16:23,FAILING TO YIELD RIGHT-OF-WAY,WEATHER,135,W,KINZIE ST,1831,,,,,,,2,NO INDICATION OF INJURY,0,0,0,0,0,3,0,15,6,2,41.88907928,-87.63245008,POINT (-87.632450084432 41.889079283982)
4e4a1d00239b1dbf4fe8e8aedb9a2c49e56a874519b5da71d54db765589a2d3b4dfd3b37b7e094e0b6a763575d6814f89e9d952a872f327f136b220cd0410c6f,JF178355,,3/18/2022 14:10,15,NO CONTROLS,NO CONTROLS,RAIN,DAYLIGHT,PARKED MOTOR VEHICLE,PARKING LOT,,STRAIGHT AND LEVEL,WET,NO DEFECTS,ON SCENE,NO INJURY / DRIVE AWAY,,,,"OVER $1,500",3/18/2022 14:11,UNABLE TO DETERMINE,NOT APPLICABLE,10000,W,OHARE ST,1651,,,,,,,2,NO INDICATION OF INJURY,0,0,0,0,0,1,0,14,6,3,41.97620114,-87.90530913,POINT (-87.905309125103 41.976201139024)
a56f5a3aac60e4e172b245c89ab49b92d06cf744de64d3e1d3d83dc5f249d5f5b88f685e5d0d4f3c3eb60d865c805564abcbd85e0bd4208a8e7143d582d44690,JF170879,,3/11/2022 19:59,30,NO CONTROLS,NO CONTROLS,CLEAR,"DARKNESS, LIGHTED ROAD",TURNING,T-INTERSECTION,,STRAIGHT AND LEVEL,DRY,UNKNOWN,ON SCENE,NO INJURY / DRIVE AWAY,Y,,,"OVER $1,500",3/11/2022 20:02,FAILING TO YIELD RIGHT-OF-WAY,NOT APPLICABLE,1930,W,NORTH AVE,1434,,,,,,,2,NO INDICATION OF INJURY,0,0,0,0,0,2,0,19,6,3,41.91061668,-87.67618688,POINT (-87.676186874842 41.910616675582)
0a26f5705ff9f6f019eda9066d1085dca1972ee319a21348f7126b9ff2ab5b53937d24ee764a9708d37141d9737258b7e7a25065e023d230087d53f215c7bfc5,JF155299,,2/25/2022 5:23,30,TRAFFIC SIGNAL,UNKNOWN,SNOW,UNKNOWN,ANGLE,NOT DIVIDED,,STRAIGHT AND LEVEL,SNOW OR SLUSH,UNKNOWN,NOT ON SCENE (DESK REPORT),INJURY AND / OR TOW DUE TO CRASH,Y,,,"$501 - $1,500",2/25/2022 6:15,UNABLE TO DETERMINE,UNABLE TO DETERMINE,5500,S,KEELER AVE,813,,,,,,,2,NO INDICATION OF INJURY,0,0,0,0,0,2,0,5,6,2,41.79306707,-87.72820543,POINT (-87.728205428086 41.7930670666)
4e20c2da7ee27d226f9831463bb2719f86c9900d94c3c6fa0bbcb0756275aa01c221703d38e4b215c78e4eb3225c84c8f6d37af092442caddd52a8b91c05d7bc,JD430494,,11/13/2020 16:20,20,NO CONTROLS,NO CONTROLS,UNKNOWN,UNKNOWN,ANGLE,ONE-WAY,,STRAIGHT AND LEVEL,UNKNOWN,UNKNOWN,,NO INJURY / DRIVE AWAY,Y,,,"$501 - $1,500",11/13/2020 18:00,UNABLE TO DETERMINE,UNABLE TO DETERMINE,6418,N,ALBANY AVE,2412,,,,,,,2,NO INDICATION OF INJURY,0,0,0,0,0,3,0,16,6,11,41.99802767,-87.70713397,POINT (-87.707133966803 41.998027672216)
4e258596ce74e5bb3da27940fdbe41113459283ffcf5503128f752d1c986b9978e4a877f4d3570399d41387e142aee63d37821aa6f7bce6245c8698d9b835a2c,JE379364,,9/17/2021 17:00,30,TRAFFIC SIGNAL,FUNCTIONING PROPERLY,CLEAR,DAYLIGHT,SIDESWIPE SAME DIRECTION,NOT DIVIDED,,STRAIGHT AND LEVEL,DRY,NO DEFECTS,,NO INJURY / DRIVE AWAY,,,,"OVER $1,500",9/19/2021 10:36,FAILING TO YIELD RIGHT-OF-WAY,FAILING TO REDUCE SPEED TO AVOID CRASH,756,W,115TH ST,2233,,,,,,,2,NO INDICATION OF INJURY,0,0,0,0,0,2,0,17,6,9,41.68519398,-87.64201001,POINT (-87.64201001075 41.685193977336)
a47d02b32f7bf3cc2a69d8dc29a1784b62f84ffcb6f5a91e5e2775f2b94e77cca2d4e01bd1881d4ddac0efd2fcdde98b9de91d1d9f0559e8e9ee30eb8a91b525,JE172680,,3/18/2021 17:18,30,STOP SIGN/FLASHER,NO CONTROLS,CLEAR,DAYLIGHT,PEDESTRIAN,FOUR WAY,,STRAIGHT AND LEVEL,DRY,NO DEFECTS,,INJURY AND / OR TOW DUE TO CRASH,Y,,,$500 OR LESS,3/18/2021 17:18,UNABLE TO DETERMINE,UNABLE TO DETERMINE,5800,S,NARRAGANSETT AVE,811,,,,,,,2,NONINCAPACITATING INJURY,1,0,0,1,0,1,0,17,5,3,41.78674894,-87.78174785,POINT (-87.78174784592 41.786748935986)
0a2b2d4bd5ddb8dbe1322f8b37e4b8f39aa2ab44be5ce44ccfca41500b9500a378c5ef7bac73f9d5337ac6edd87fc9e95843fde88ccc3c01c874a6b71893a79e,JF156202,,2/25/2022 21:00,30,TRAFFIC SIGNAL,UNKNOWN,UNKNOWN,"DARKNESS, LIGHTED ROAD",REAR TO FRONT,DIVIDED - W/MEDIAN BARRIER,,STRAIGHT AND LEVEL,UNKNOWN,UNKNOWN,NOT ON SCENE (DESK REPORT),NO INJURY / DRIVE AWAY,,,Y,"OVER $1,500",2/25/2022 22:30,UNABLE TO DETERMINE,UNABLE TO DETERMINE,3100,S,DAMEN AVE,912,,,,,,,2,NO INDICATION OF INJURY,0,0,0,0,0,2,0,21,6,2,41.83758276,-87.67559063,POINT (-87.675590626552 41.837582757773)
0a5335d7bfa3dae068fdf4e8f284bf75b20f8b9ab952fd0c12dba3041255ab8a5b137ae0d0e6e231994c38926bffeced70a8f620ce5da47e25f10d0716e63d23,JF152790,,2/25/2022 18:13,30,TRAFFIC SIGNAL,FUNCTIONING PROPERLY,CLEAR,DAWN,TURNING,NOT DIVIDED,,STRAIGHT AND LEVEL,DRY,NO DEFECTS,ON SCENE,NO INJURY / DRIVE AWAY,Y,,Y,"OVER $1,500",2/25/2022 18:22,FAILING TO REDUCE SPEED TO AVOID CRASH,UNABLE TO DETERMINE,5920,S,COTTAGE GROVE AVE,233,,,,,,,2,NO INDICATION OF INJURY,0,0,0,0,0,3,0,18,6,2,41.7871563,-87.60620675,POINT (-87.606206749052 41.787156302184)
18d4035dda3260fcfbe5162046a898206990c8c867b29eb1d86056188c9b58f813bc077b29a020ef103eaf14c6d1f965d52f0c45016111eab4da207648b43851,JF148771,,2/18/2022 15:38,30,NO CONTROLS,NO CONTROLS,SNOW,DAYLIGHT,REAR END,NOT DIVIDED,,STRAIGHT AND LEVEL,WET,NO DEFECTS,NOT ON SCENE (DESK REPORT),NO INJURY / DRIVE AWAY,,,,"OVER $1,500",2/18/2022 16:50,FOLLOWING TOO CLOSELY,UNABLE TO DETERMINE,333,W,WACKER DR,122,,,,,,,2,NO INDICATION OF INJURY,0,0,0,0,0,2,0,15,6,2,41.88602541,-87.6362977,POINT (-87.63629770323 41.886025412541)
0a4f47ed43a6a83b0b41f61e89a2f3ed363c7ad9bf40736497bf99adebd9cfc887301613ccd731914f2f5b827e0199b435bf0f71b2bc31cef67da5108443268f,JE174595,,3/20/2021 18:02,30,NO CONTROLS,NO CONTROLS,CLEAR,DAYLIGHT,REAR END,NOT DIVIDED,,STRAIGHT AND LEVEL,DRY,NO DEFECTS,,INJURY AND / OR TOW DUE TO CRASH,,,Y,"$501 - $1,500",3/20/2021 18:08,UNABLE TO DETERMINE,UNABLE TO DETERMINE,3075,E,CHELTENHAM PL,421,,,,,,,2,NO INDICATION OF INJURY,0,0,0,0,0,3,0,18,7,3,41.75316481,-87.5499341,POINT (-87.549934101702 41.753164805822)
43eb2facb1b68436e4a237d42bdc30fa640b46e512bb8f631a8a4db7209609cfab574ba20da1dc37a21d679c75a9b3fb0633fae96e9ab876b7ad4c155c08c321,JF131314,,2/1/2022 19:45,30,TRAFFIC SIGNAL,FUNCTIONING PROPERLY,CLEAR,"DARKNESS, LIGHTED ROAD",REAR END,NOT DIVIDED,,STRAIGHT AND LEVEL,WET,NO DEFECTS,,INJURY AND / OR TOW DUE TO CRASH,Y,,,"$501 - $1,500",2/1/2022 20:00,FOLLOWING TOO CLOSELY,FOLLOWING TOO CLOSELY,1858,S,SACRAMENTO DR,1022,,,,,,,2,"REPORTED, NOT EVIDENT",2,0,0,0,2,2,0,19,3,2,41.85615206,-87.70001352,POINT (-87.700013518314 41.856152061483)
43f2a4c4e2cc0ae0d4711df8c6eba863f9e4157df444d9d830d59eb7ef3fd68065e668b89dbfa3c2ab1c9f650c5677d6cbb3c27842181ec6be5cd14422e370db,JD167625,Y,2/27/2020 23:00,35,YIELD,NO CONTROLS,UNKNOWN,DARKNESS,PARKED MOTOR VEHICLE,ONE-WAY,,STRAIGHT AND LEVEL,DRY,NO DEFECTS,,INJURY AND / OR TOW DUE TO CRASH,,,,"OVER $1,500",2/28/2020 8:47,UNABLE TO DETERMINE,NOT APPLICABLE,2137,E,71ST ST,333,,,,,,,2,NO INDICATION OF INJURY,0,0,0,0,0,1,0,23,5,2,41.76600168,-87.57244809,POINT (-87.572448088921 41.766001684052)
0ae5e847cb4908dce1ebc2bbe73883fb75776169aaab4228c52ef89a61156132dcc8016ba55085530df0bc00ccb69ba5dde96fcb2376b8a64d7f5454cd6372cd,JF156129,,2/25/2022 19:30,30,NO CONTROLS,NO CONTROLS,CLEAR,"DARKNESS, LIGHTED ROAD",PARKED MOTOR VEHICLE,ONE-WAY,,STRAIGHT AND LEVEL,SNOW OR SLUSH,UNKNOWN,NOT ON SCENE (DESK REPORT),INJURY AND / OR TOW DUE TO CRASH,,,Y,"OVER $1,500",2/25/2022 21:00,NOT APPLICABLE,UNABLE TO DETERMINE,4700,W,FLOURNOY ST,1131,,,,,,,2,NONINCAPACITATING INJURY,1,0,0,1,0,2,0,19,6,2,41.87241907,-87.74260042,POINT (-87.742600421981 41.872419074484)
4ec173780b93109cb641f91efaa3bce00c34822da700f824738d8cf0ec7ccd4fbd20909c2079c949e4cd2f4a4e01c335e98921ef082f2d2ff815e226abe482b3,JF178017,,3/18/2022 9:00,35,NO CONTROLS,NO CONTROLS,CLEAR,DAYLIGHT,TURNING,ONE-WAY,,STRAIGHT AND LEVEL,DRY,NO DEFECTS,ON SCENE,INJURY AND / OR TOW DUE TO CRASH,,,,"OVER $1,500",3/18/2022 9:15,FAILING TO YIELD RIGHT-OF-WAY,NOT APPLICABLE,9506,S,EGGLESTON AVE,2223,,,,,,,2,"REPORTED, NOT EVIDENT",1,0,0,0,1,2,0,9,6,3,41.72136459,-87.63410766,POINT (-87.634107657364 41.721364592494)
4f2f5a64fd64085557fd86d898be26ddb0bbf1f0d57e21fb4dc845dd6befaf488cd63ff6b6c41931f50319c5401bac11f879bbac8c0b65ddac60bc588ecf34b4,JF178580,,3/18/2022 16:30,30,TRAFFIC SIGNAL,FUNCTIONING PROPERLY,RAIN,DAYLIGHT,TURNING,NOT DIVIDED,,STRAIGHT AND LEVEL,WET,NO DEFECTS,NOT ON SCENE (DESK REPORT),INJURY AND / OR TOW DUE TO CRASH,Y,,N,"OVER $1,500",3/18/2022 17:09,FAILING TO YIELD RIGHT-OF-WAY,NOT APPLICABLE,8700,S,DR MARTIN LUTHER KING JR DR,632,,,,,,,3,"REPORTED, NOT EVIDENT",1,0,0,0,1,2,0,16,6,3,41.73645505,-87.61467291,POINT (-87.614672912717 41.736455045812)
4423bbc8dcefe957d34c321112e222120aa8cc3cc284740b97361a8f65feb5edee248de4553b54824cdc253467dd715cd7b3fde31e683e6b1bfe132ad4361bdf,JF163129,,3/4/2022 13:37,25,NO CONTROLS,NO CONTROLS,CLEAR,DAYLIGHT,REAR END,NOT DIVIDED,,STRAIGHT AND LEVEL,DRY,NO DEFECTS,NOT ON SCENE (DESK REPORT),NO INJURY / DRIVE AWAY,,,,"$501 - $1,500",3/4/2022 14:04,NOT APPLICABLE,NOT APPLICABLE,700,S,PULASKI RD,1132,,,,,,,2,NO INDICATION OF INJURY,0,0,0,0,0,4,0,13,6,3,41.87249602,-87.72554691,POINT (-87.725546908438 41.872496024008)
1a37ac1a42212579ec61d18b12f6303fef3bb7ac99c52e1729bcc72c214fce09d0bba930b01b9f37fe06497037833f766221bf5a9966c1197e1a76c66e06f437,JF148664,,2/18/2022 14:30,30,NO CONTROLS,NO CONTROLS,CLEAR,DAYLIGHT,PEDESTRIAN,DIVIDED - W/MEDIAN (NOT RAISED),,STRAIGHT AND LEVEL,DRY,UNKNOWN,NOT ON SCENE (DESK REPORT),NO INJURY / DRIVE AWAY,,,,$500 OR LESS,2/18/2022 15:30,DISTRACTION - FROM OUTSIDE VEHICLE,UNABLE TO DETERMINE,3615,W,OGDEN AVE,1014,,,,,,,2,NO INDICATION OF INJURY,0,0,0,0,0,2,0,14,6,2,41.85409276,-87.71565149,POINT (-87.7156514893 41.854092759632)
0c2e27b55a54444ef0d7e22158feb0766089cb5cbfff7dc1f9b36b3e90c7c52a3eb1fe95bd104c9c5613140c5d51af264e9cab3f09e4dfa3df3377017c6a6490,JF160227,,2/25/2022 8:30,30,NO CONTROLS,NO CONTROLS,CLEAR,DAYLIGHT,PARKED MOTOR VEHICLE,NOT DIVIDED,,STRAIGHT AND LEVEL,DRY,NO DEFECTS,NOT ON SCENE (DESK REPORT),NO INJURY / DRIVE AWAY,,,Y,"$501 - $1,500",3/1/2022 19:20,UNABLE TO DETERMINE,UNABLE TO DETERMINE,3206,N,CICERO AVE,1634,,,,,,,2,NO INDICATION OF INJURY,0,0,0,0,0,1,0,8,6,2,41.93904667,-87.74702197,POINT (-87.747021965545 41.939046670046)
1a9f0891eaebe41eabb60c5cc7014965c9aa8fe4d82c84ed57982cb0a223ce64f9f8cac2658b5254662b424acbe4829298db0271facc03bfc79168556e5db25f,JF149076,,2/18/2022 22:48,30,NO CONTROLS,NO CONTROLS,CLEAR,"DARKNESS, LIGHTED ROAD",PARKED MOTOR VEHICLE,NOT DIVIDED,,STRAIGHT AND LEVEL,WET,UNKNOWN,ON SCENE,INJURY AND / OR TOW DUE TO CRASH,,,,"OVER $1,500",2/18/2022 22:49,UNABLE TO DETERMINE,UNABLE TO DETERMINE,4424,W,BELMONT AVE,1731,,,,,,,4,INCAPACITATING INJURY,1,0,1,0,0,1,0,22,6,2,41.93905729,-87.73812151,POINT (-87.738121513668 41.939057286618)
0c13d24abd77200c903fcfc53dcb917df24d657dd3508ba76aaee3eefea2c6a9e9e62065fb07585841d8209e1f3cbe3029d2d602cd422d4a3c880761e4a5d18d,JD417825,Y,11/1/2020 13:00,25,UNKNOWN,UNKNOWN,CLEAR,DAYLIGHT,PEDESTRIAN,FOUR WAY,,STRAIGHT AND LEVEL,DRY,NO DEFECTS,,INJURY AND / OR TOW DUE TO CRASH,Y,,Y,"OVER $1,500",11/1/2020 15:32,UNABLE TO DETERMINE,UNABLE TO DETERMINE,7900,S,ASHLAND AVE,611,,,,,,,2,NONINCAPACITATING INJURY,1,0,0,1,0,1,0,13,1,11,41.75026224,-87.66358012,POINT (-87.663580117092 41.750262240415)