CRASH_RECORD_ID,RD_NO,CRASH_DATE_EST_I,CRASH_DATE,POSTED_SPEED_LIMIT,TRAFFIC_CONTROL_DEVICE,DEVICE_CONDITION,WEATHER_CONDITION,LIGHTING_CONDITION,FIRST_CRASH_TYPE,TRAFFICWAY_TYPE,LANE_CNT,ALIGNMENT,ROADWAY_SURFACE_COND,ROAD_DEFECT,REPORT_TYPE,CRASH_TYPE,INTERSECTION_RELATED_I,NOT_RIGHT_OF_WAY_I,HIT_AND_RUN_I,DAMAGE,DATE_POLICE_NOTIFIED,PRIM_CONTRIBUTORY_CAUSE,SEC_CONTRIBUTORY_CAUSE,STREET_NO,STREET_DIRECTION,STREET_NAME,BEAT_OF_OCCURRENCE,PHOTOS_TAKEN_I,STATEMENTS_TAKEN_I,DOORING_I,WORK_ZONE_I,WORK_ZONE_TYPE,WORKERS_PRESENT_I,NUM_UNITS,MOST_SEVERE_INJURY,INJURIES_TOTAL,INJURIES_FATAL,INJURIES_INCAPACITATING,INJURIES_NON_INCAPACITATING,INJURIES_REPORTED_NOT_EVIDENT,INJURIES_NO_INDICATION,INJURIES_UNKNOWN,CRASH_HOUR,CRASH_DAY_OF_WEEK,CRASH_MONTH,LATITUDE,LONGITUDE,LOCATION
444e79983a1a1c69f24f81a60cacc74570c4759929c346bda146353392a1449972566d0f13888501edc4e3d9147c3bee6764f78956129f982aaa154d82e7fe19,JD470223,,12/26/2020 19:00,30,STOP SIGN/FLASHER,FUNCTIONING PROPERLY,CLEAR,DARKNESS,ANGLE,NOT DIVIDED,,STRAIGHT AND LEVEL,DRY,NO DEFECTS,,NO INJURY / DRIVE AWAY,,,,"OVER $1,500",12/26/2020 19:38,DISREGARDING STOP SIGN,FAILING TO REDUCE SPEED TO AVOID CRASH,7559,S,PAXTON AVE,414,,,,,,,2,NO INDICATION OF INJURY,0,0,0,0,0,3,0,19,7,12,41.7572075,-87.57108518,POINT (-87.571085175213 41.757207495192)
44508d632eb00508bf1ea68b8f3f3391ea81706491f34b27b0fd2790c5a5bdac18a1be597c646513bac29d1d5e9080f3c85e11ba3c1c8ff4e76c427012c16d5d,HZ560185,Y,12/20/2016 14:00,30,NO CONTROLS,NO CONTROLS,CLEAR,DAYLIGHT,PARKED MOTOR VEHICLE,ALLEY,1,STRAIGHT AND LEVEL,DRY,NO DEFECTS,,NO INJURY / DRIVE AWAY,,,,"OVER $1,500",12/20/2016 18:40,FAILING TO YIELD RIGHT-OF-WAY,FAILING TO YIELD RIGHT-OF-WAY,6410,N,CLARK ST,2432,,,,,,,3,NO INDICATION OF INJURY,0,0,0,0,0,1,0,14,3,12,41.9983706,-87.67085096,POINT (-87.670850958778 41.998370595632)
1b3b1114916f6c2cf7b008700cd3417befd3d7e65731e0b43344441a721cfad2f45653a4c1067cf444b40ebdbc090ace33acc27111ced4080cd3ce7406e2c97d,JF148388,,2/18/2022 8:40,30,STOP SIGN/FLASHER,FUNCTIONING PROPERLY,CLEAR,DAYLIGHT,ANGLE,ONE-WAY,,STRAIGHT AND LEVEL,SNOW OR SLUSH,NO DEFECTS,NOT ON SCENE (DESK REPORT),NO INJURY / DRIVE AWAY,Y,,,"OVER $1,500",2/18/2022 11:15,DISREGARDING STOP SIGN,NOT APPLICABLE,2700,W,BLOOMINGDALE AVE,1421,,,,,,,2,NO INDICATION OF INJURY,0,0,0,0,0,2,0,8,6,2,41.91403761,-87.69471311,POINT (-87.694713107025 41.914037606525)
1b5dafdb1e8f8b3b2528150cd3dd7e552216f379e9e4a44c6cf76c877c078d159a00f134cc833c6b20fed909a22095b729d7bd288b02332e30fa1dd82f885f0c,JF151740,,2/18/2022 18:45,10,NO CONTROLS,NO CONTROLS,UNKNOWN,UNKNOWN,PARKED MOTOR VEHICLE,PARKING LOT,,STRAIGHT AND LEVEL,UNKNOWN,UNKNOWN,NOT ON SCENE (DESK REPORT),NO INJURY / DRIVE AWAY,,Y,Y,"OVER $1,500",2/21/2022 18:30,UNABLE TO DETERMINE,UNABLE TO DETERMINE,230,W,NORTH AVE,1814,,,,,,,2,NO INDICATION OF INJURY,0,0,0,0,0,1,0,18,6,2,41.91125997,-87.63598751,POINT (-87.635987509909 41.91125996781)
6f44fec7503d1164a72189d7f1c93848d1fc1df483507b7357c3216f9ff5b8f2d788adf5ff008cf35567753aa0ca573408c25965ce7dc44635e8d3781242d4bb,JF189333,,3/24/2022 20:00,30,NO CONTROLS,NO CONTROLS,SLEET/HAIL,"DARKNESS, LIGHTED ROAD",FIXED OBJECT,NOT DIVIDED,,STRAIGHT AND LEVEL,SNOW OR SLUSH,NO DEFECTS,NOT ON SCENE (DESK REPORT),NO INJURY / DRIVE AWAY,,,,"OVER $1,500",3/28/2022 14:30,WEATHER,WEATHER,4400,W,76TH ST,833,,,,,,,1,NO INDICATION OF INJURY,0,0,0,0,0,1,0,20,5,3,41.7550785,-87.73243082,POINT (-87.732430816501 41.755078498588)
6f5c78b2c724a91602e416e7f31acf33941577f9bc8520c90657cc34b325fc5e84372ba115d6af1f93230305433e80b3e5c95efcf8ab58a368a4d3f472591985,JF186476,,3/24/2022 17:00,30,NO CONTROLS,NO CONTROLS,CLEAR,DAYLIGHT,REAR END,FOUR WAY,,STRAIGHT AND LEVEL,DRY,NO DEFECTS,NOT ON SCENE (DESK REPORT),NO INJURY / DRIVE AWAY,Y,,,"OVER $1,500",3/24/2022 17:00,DRIVING SKILLS/KNOWLEDGE/EXPERIENCE,NOT APPLICABLE,7900,S,SOUTH CHICAGO AVE,411,,,,,,,2,NO INDICATION OF INJURY,0,0,0,0,0,2,0,17,5,3,41.75133971,-87.58563227,POINT (-87.585632265652 41.751339704589)
6f8f41578a589ebcd3fdafc0c9f8828482a91089337c73528987eb3bd244b64aa2120eb4c2092445ac2a845e5e9362e4cca7d44759664f9658122740696920f2,JD462592,,12/18/2020 12:15,30,NO CONTROLS,NO CONTROLS,CLEAR,DAYLIGHT,TURNING,NOT DIVIDED,,STRAIGHT AND LEVEL,DRY,NO DEFECTS,,NO INJURY / DRIVE AWAY,,,Y,"$501 - $1,500",12/18/2020 13:15,IMPROPER OVERTAKING/PASSING,NOT APPLICABLE,1200,W,CERMAK RD,1235,,,,,,,2,NO INDICATION OF INJURY,0,0,0,0,0,2,0,12,6,12,41.85260263,-87.65632719,POINT (-87.656327185598 41.852602625629)
704d3037df03d659f749286d153d1c0429994d1ce62b65b9295c9801b9f30dd953ae6778b591a99abd5c05f1b906016dd86074cf123aa1ae9e1140c0b3f0e852,JF184622,,3/24/2022 7:40,30,OTHER,UNKNOWN,RAIN,DUSK,REAR END,NOT DIVIDED,,STRAIGHT AND LEVEL,WET,UNKNOWN,ON SCENE,NO INJURY / DRIVE AWAY,,,,$500 OR LESS,3/24/2022 8:00,NOT APPLICABLE,NOT APPLICABLE,1513,E,75TH ST,411,,,,,,,2,NO INDICATION OF INJURY,0,0,0,0,0,2,0,7,5,3,41.75863988,-87.58783875,POINT (-87.587838750218 41.758639881764)
705443ad87d054c223eab886f35d838de23fe01f6ee586f837fc94910788505d739e24f49d6b42e9f0823760ff3c2d553a48d486560bab5fc4b5ef216eaf0b9e,JF185198,N,3/24/2022 15:20,30,TRAFFIC SIGNAL,FUNCTIONING PROPERLY,RAIN,DAYLIGHT,ANGLE,FOUR WAY,,STRAIGHT AND LEVEL,WET,NO DEFECTS,ON SCENE,INJURY AND / OR TOW DUE TO CRASH,Y,,,"OVER $1,500",3/24/2022 15:53,DISTRACTION - FROM INSIDE VEHICLE,NOT APPLICABLE,2025,N,CLYBOURN AVE,1811,,,,,,,2,NO INDICATION OF INJURY,0,0,0,0,0,2,0,15,5,3,41.91824516,-87.65951768,POINT (-87.659517678083 41.918245156751)
a726df14ae52f8fb21d2a40af483d3c6ae64398bdf57aaadbac8dcc87182acb458c4fefab9fa3ce9ecc24f063935568cf0ac08c2659d9a276164252d52985123,JF170200,,3/11/2022 8:45,25,NO CONTROLS,NO CONTROLS,CLEAR,DAYLIGHT,PARKED MOTOR VEHICLE,NOT DIVIDED,,STRAIGHT AND LEVEL,SNOW OR SLUSH,NO DEFECTS,NOT ON SCENE (DESK REPORT),NO INJURY / DRIVE AWAY,,,Y,"OVER $1,500",3/11/2022 10:05,UNABLE TO DETERMINE,UNABLE TO DETERMINE,4533,W,GEORGE ST,2521,,,,,,,2,NO INDICATION OF INJURY,0,0,0,0,0,1,0,8,6,3,41.93332857,-87.74062517,POINT (-87.74062516967 41.933328572992)
4564434e956a3518b4f3e7f3f4080ac69a93d59a8d8e53cbb3d9924564f7be6acd095bac0348d0be596ab2641c7fed55df0c0ffe8d37fd3cc7779d1470d11d61,JF162771,,3/4/2022 9:00,30,TRAFFIC SIGNAL,FUNCTIONING PROPERLY,CLEAR,DAYLIGHT,TURNING,FOUR WAY,,STRAIGHT AND LEVEL,DRY,NO DEFECTS,ON SCENE,INJURY AND / OR TOW DUE TO CRASH,Y,,,"OVER $1,500",3/4/2022 9:03,FAILING TO YIELD RIGHT-OF-WAY,FAILING TO YIELD RIGHT-OF-WAY,2998,N,SACRAMENTO AVE,1411,,,,,,,2,INCAPACITATING INJURY,2,0,1,0,1,1,0,9,6,3,41.9356186,-87.70275772,POINT (-87.70275771986 41.935618594832)
519d38cd8bf2d4da2dfc56d89d8aaa298b99592a5f86e218929cb3c337d2f7fa5a1137efd3a9be66a210db569c7d365971c80c0cd07b91987ec2e2be47cdcfc5,JF178799,Y,3/18/2022 19:54,30,NO CONTROLS,NO CONTROLS,RAIN,"DARKNESS, LIGHTED ROAD",REAR END,DIVIDED - W/MEDIAN (NOT RAISED),,STRAIGHT AND LEVEL,WET,NO DEFECTS,NOT ON SCENE (DESK REPORT),NO INJURY / DRIVE AWAY,,,,"OVER $1,500",3/18/2022 20:35,UNABLE TO DETERMINE,UNABLE TO DETERMINE,40,S,HALSTED ST,1232,,,,,,,2,NO INDICATION OF INJURY,0,0,0,0,0,2,0,19,6,3,41.88055425,-87.64747041,POINT (-87.647470405718 41.880554245414)
1cac0e8b8b48b042267ba87f6515222cb3f72312ca2ce121b7ff0e59f836cdbb16362c748276f2e52910b3a2db0e3cd747eeaad1c8b9c582f7f930f9417df732,JF148873,,2/18/2022 18:08,25,NO CONTROLS,NO CONTROLS,CLEAR,DARKNESS,PARKED MOTOR VEHICLE,ONE-WAY,,STRAIGHT AND LEVEL,DRY,NO DEFECTS,ON SCENE,NO INJURY / DRIVE AWAY,,,,"$501 - $1,500",2/18/2022 18:08,IMPROPER BACKING,NOT APPLICABLE,1231,W,73RD ST,734,,,,,,,2,NO INDICATION OF INJURY,0,0,0,0,0,2,0,18,6,2,41.76128938,-87.65521671,POINT (-87.65521671442 41.761289382593)
0df089e29830c6a68c4a57dcbffba829907fe2b725cd447d3f14eed927a1c6acb2e989975bceb9e10dc003e7cfff57fea47e3e9eb354c326ebcb3a94dcc692cc,JF155579,,2/25/2022 11:40,30,NO CONTROLS,NO CONTROLS,CLEAR,DAYLIGHT,REAR TO SIDE,ONE-WAY,,STRAIGHT AND LEVEL,WET,UNKNOWN,NOT ON SCENE (DESK REPORT),NO INJURY / DRIVE AWAY,,,,"OVER $1,500",2/25/2022 11:45,IMPROPER BACKING,IMPROPER BACKING,2166,N,WESTERN AVE,1431,,,,,,,2,NO INDICATION OF INJURY,0,0,0,0,0,2,0,11,6,2,41.92159062,-87.68768449,POINT (-87.687684487218 41.921590619761)
a7aaaefab4be430446f818952c0f4ca9e6022fe719f0e89be9cec1212c24682d1dda41aebe61a2859b1e4024837e954277277dc8147cbf5179a10ed7760877c4,JF170758,,3/11/2022 11:15,30,NO CONTROLS,NO CONTROLS,CLEAR,DAYLIGHT,REAR END,DIVIDED - W/MEDIAN (NOT RAISED),,"CURVE, LEVEL",DRY,NO DEFECTS,NOT ON SCENE (DESK REPORT),NO INJURY / DRIVE AWAY,Y,,Y,"$501 - $1,500",3/11/2022 17:40,FAILING TO REDUCE SPEED TO AVOID CRASH,UNABLE TO DETERMINE,5900,S,PAYNE DR,233,,,,,,,2,NO INDICATION OF INJURY,0,0,0,0,0,3,0,11,6,3,41.78764089,-87.60793133,POINT (-87.607931324836 41.787640885405)
a7b5580a9f52ee66a8d70e24cd595c89fd3fd04e3dc7f390e9b297e8ca10cb15171c51e692c004500511c07d90f7641707aa618e488d264f4f86d2771ba24324,JF170198,,3/11/2022 9:50,30,TRAFFIC SIGNAL,FUNCTIONING PROPERLY,CLEAR,DAYLIGHT,SIDESWIPE SAME DIRECTION,ONE-WAY,,STRAIGHT ON GRADE,WET,NO DEFECTS,ON SCENE,NO INJURY / DRIVE AWAY,N,,Y,$500 OR LESS,3/11/2022 9:51,UNABLE TO DETERMINE,NOT APPLICABLE,3801,W,HARRISON ST,1133,,,,,,,2,NO INDICATION OF INJURY,0,0,0,0,0,2,0,9,6,3,41.87340465,-87.72039963,POINT (-87.720399628297 41.873404645345)
71680f55425d27447c3e6243051d05f04cdfb963e3a38dc73640cc43c51b69c31b152dba08e8b6cadf2082f84e5096199469512aabf6939dd695cb5c3460b409,JF185002,,3/24/2022 12:50,30,NO CONTROLS,NO CONTROLS,RAIN,DAYLIGHT,ANGLE,OTHER,,STRAIGHT AND LEVEL,WET,NO DEFECTS,ON SCENE,INJURY AND / OR TOW DUE TO CRASH,,,,"OVER $1,500",3/24/2022 12:55,"VISION OBSCURED (SIGNS, TREE LIMBS, BUILDINGS, ETC.)",NOT APPLICABLE,1412,W,ROSCOE ST,1922,,,,,,,2,NO INDICATION OF INJURY,0,0,0,0,0,2,0,12,5,3,41.9435189,-87.66448582,POINT (-87.664485818759 41.943518899115)
71c75ba174c4b45464021e82a5b339851804986b827a8ea241232d882a19dea1366d15679f973c9bacde0327104ce1cc6728d31e1b0a050854ba43e9b90aad00,JF184658,,3/24/2022 7:23,30,TRAFFIC SIGNAL,FUNCTIONING PROPERLY,OTHER,UNKNOWN,SIDESWIPE SAME DIRECTION,NOT DIVIDED,,STRAIGHT AND LEVEL,WET,UNKNOWN,NOT ON SCENE (DESK REPORT),NO INJURY / DRIVE AWAY,,,,"$501 - $1,500",3/24/2022 8:25,UNABLE TO DETERMINE,NOT APPLICABLE,5607,W,63RD ST,812,,,,,,,2,NO INDICATION OF INJURY,0,0,0,0,0,2,0,7,5,3,41.77793818,-87.76199414,POINT (-87.761994141695 41.777938176891)
0e7048b041011b71f12d2b75bcd79970f9c45ea834303420b0e678feef89bd7169b27a4f4caac0f0f91fe2c74993d10b81d7cd3ecd8f6c038e5b47eafc90a553,JF156008,,2/25/2022 7:50,30,TRAFFIC SIGNAL,FUNCTIONING PROPERLY,CLEAR,DAYLIGHT,REAR END,DIVIDED - W/MEDIAN BARRIER,,STRAIGHT ON GRADE,WET,NO DEFECTS,,NO INJURY / DRIVE AWAY,Y,,,"OVER $1,500",2/25/2022 18:20,DRIVING SKILLS/KNOWLEDGE/EXPERIENCE,FAILING TO REDUCE SPEED TO AVOID CRASH,9521,S,HALSTED ST,2223,,,,,,,2,NO INDICATION OF INJURY,0,0,0,0,0,2,0,7,6,2,41.72080725,-87.64305106,POINT (-87.643051063859 41.720807246715)
0e8a9fb23a86175f0baa0ce609860cfb2532942bcc34b77f0c917210ba0558997315e79ab30ec0a7286859d8d3168aef83c3b04fc3cf3b7519748fe169bdeef9,JE398426,,10/4/2021 22:30,30,TRAFFIC SIGNAL,FUNCTIONING PROPERLY,CLOUDY/OVERCAST,"DARKNESS, LIGHTED ROAD",REAR END,FOUR WAY,,STRAIGHT AND LEVEL,WET,UNKNOWN,,INJURY AND / OR TOW DUE TO CRASH,Y,,Y,"OVER $1,500",10/5/2021 0:18,UNABLE TO DETERMINE,UNABLE TO DETERMINE,2008,N,CLYBOURN AVE,1811,,,,,,,2,"REPORTED, NOT EVIDENT",1,0,0,0,1,1,0,22,2,10,41.91776567,-87.6592773,POINT (-87.659277295358 41.917765669016)
0e8aedb7294450ab4d9fb019c84dbe96e521283a9f49509f04432a77a1103fd48ff29f4b315135f130a02db26178af3d1ca614a43e60a0c84f5c16b8fd3d03bd,JC373414,,8/1/2019 6:00,25,NO CONTROLS,NO CONTROLS,CLEAR,DAYLIGHT,PARKED MOTOR VEHICLE,NOT DIVIDED,,STRAIGHT AND LEVEL,DRY,NO DEFECTS,,INJURY AND / OR TOW DUE TO CRASH,,,Y,"OVER $1,500",8/1/2019 6:03,UNABLE TO DETERMINE,UNABLE TO DETERMINE,5830,W,61ST ST,812,,,,,,,3,NO INDICATION OF INJURY,0,0,0,0,0,1,0,6,5,8,41.7817153,-87.76791446,POINT (-87.767914455086 41.781715299356)
0e9dedf4ab76c390f92d3572d50a2ce94be349754b9707fa3673bdec77624f15f419f65f765429373ccdc04d9d6d9fbc900ddc07ba9c79cf8bb1501674677a74,JC523010,,11/24/2019 16:42,30,NO CONTROLS,NO CONTROLS,CLEAR,"DARKNESS, LIGHTED ROAD",PEDESTRIAN,PARKING LOT,,STRAIGHT AND LEVEL,DRY,NO DEFECTS,,INJURY AND / OR TOW DUE TO CRASH,,,Y,"OVER $1,500",11/24/2019 17:00,UNABLE TO DETERMINE,NOT APPLICABLE,430,E,WALDRON DR,132,,,,,,,2,NONINCAPACITATING INJURY,1,0,0,1,0,1,0,16,1,11,41.86046197,-87.6158818,POINT (-87.61588180426 41.86046197202)
0fb7b16ca4c02e60d547f426daad7517a6366ae06a605880070707d512134f73654256921227511201a25a7116805825a97179dbea02d4deb1eb935d265c7baa,JF155770,,2/25/2022 11:43,20,NO CONTROLS,NO CONTROLS,SNOW,DAYLIGHT,FIXED OBJECT,ALLEY,,STRAIGHT AND LEVEL,WET,NO DEFECTS,ON SCENE,NO INJURY / DRIVE AWAY,,N,Y,$500 OR LESS,2/25/2022 11:52,IMPROPER TURNING/NO SIGNAL,UNABLE TO DETERMINE,4159,S,MAPLEWOOD AVE,921,,,,,,,1,NO INDICATION OF INJURY,0,0,0,0,0,1,0,11,6,2,41.81754085,-87.68822549,POINT (-87.688225485601 41.817540848904)
747cf130c5f986a9baeda3b15c30835ba2fa68f105b1ad7541697e193f37e20e971e13ef46b419ae2104427381fba7196801f6477db79f880a08dcb781518b4e,JF184942,,3/24/2022 12:40,30,NO CONTROLS,NO CONTROLS,RAIN,DAYLIGHT,REAR END,NOT DIVIDED,,STRAIGHT AND LEVEL,WET,NO DEFECTS,NOT ON SCENE (DESK REPORT),INJURY AND / OR TOW DUE TO CRASH,Y,,,"$501 - $1,500",3/24/2022 13:20,FAILING TO YIELD RIGHT-OF-WAY,NOT APPLICABLE,4400,W,LAWRENCE AVE,1712,,,,,,,2,NONINCAPACITATING INJURY,3,0,0,1,2,0,0,12,5,3,41.96824277,-87.73796878,POINT (-87.737968778247 41.968242773953)
0fdfcafa885c52c1421e0808ea72a61e025b52e3e043df6c85a00177eaf4cce9d9d2362f8435b4902c8ba50925831ba718b9af30a08dd83fcaca590230233a7e,JF155409,,2/25/2022 8:00,15,NO CONTROLS,NO CONTROLS,SNOW,DAYLIGHT,ANGLE,FOUR WAY,,STRAIGHT AND LEVEL,SNOW OR SLUSH,NO DEFECTS,ON SCENE,NO INJURY / DRIVE AWAY,Y,,,"OVER $1,500",2/25/2022 8:30,UNABLE TO DETERMINE,UNABLE TO DETERMINE,8401,S,WASHTENAW AVE,835,,,,,,,2,NO INDICATION OF INJURY,0,0,0,0,0,2,0,8,6,2,41.74089945,-87.68964625,POINT (-87.689646252401 41.740899449414)
74b79cbf9ab6662ec026121823b41350a8f7438a24685f8e3a1fda761b6a9564c9e6e1fd2ccc162aed5b76b9814c68d2cdbfebe8ab294f2ca2cc5ba595542d04,JF184625,,3/24/2022 7:40,30,TRAFFIC SIGNAL,FUNCTIONING PROPERLY,RAIN,DAYLIGHT,SIDESWIPE SAME DIRECTION,CENTER TURN LANE,,STRAIGHT AND LEVEL,WET,NO DEFECTS,ON SCENE,NO INJURY / DRIVE AWAY,,,Y,$500 OR LESS,3/24/2022 7:45,UNABLE TO DETERMINE,DRIVING SKILLS/KNOWLEDGE/EXPERIENCE,7901,S,WESTERN AVE,835,,,,,,,2,NO INDICATION OF INJURY,0,0,0,0,0,2,0,7,5,3,41.75006036,-87.68269913,POINT (-87.682699127318 41.750060362735)
753f78dbd395605cc5c3a6f298cd1b3e05b1d63c4ecafe08017e659719f7b3b28c2402b908d7dcf967cfec0ae17733d9db156ee5f10ab6a1c9e1d59e8f7a97c8,JF185499,,3/24/2022 18:50,30,NO CONTROLS,NO CONTROLS,RAIN,DAYLIGHT,ANGLE,NOT DIVIDED,,STRAIGHT AND LEVEL,UNKNOWN,UNKNOWN,NOT ON SCENE (DESK REPORT),NO INJURY / DRIVE AWAY,,,,"$501 - $1,500",3/24/2022 19:48,IMPROPER OVERTAKING/PASSING,UNABLE TO DETERMINE,2906,N,BROADWAY,1934,,,,,,,2,NO INDICATION OF INJURY,0,0,0,0,0,2,0,18,5,3,41.93509774,-87.6443821,POINT (-87.644382096201 41.935097741581)
556e93e985b74abf8d2f5dffcafd7607d030ee561cdaaf8a78561c12b5ad2ecc87396ae580b9103b90e4a80e70f358250db5fe36c2e8f438b084703becf401ff,JF179343,,3/18/2022 20:24,30,TRAFFIC SIGNAL,FUNCTIONING PROPERLY,RAIN,DARKNESS,REAR END,FOUR WAY,,STRAIGHT AND LEVEL,WET,UNKNOWN,NOT ON SCENE (DESK REPORT),NO INJURY / DRIVE AWAY,Y,,,"OVER $1,500",3/19/2022 13:15,UNABLE TO DETERMINE,UNABLE TO DETERMINE,1201,S,DAMEN AVE,1233,,,,,,,2,NO INDICATION OF INJURY,0,0,0,0,0,2,0,20,6,3,41.86671125,-87.67610161,POINT (-87.676101605034 41.866711249013)
763bb3c5764b529b0e5d1be9206eab01146d5a31773698c9c5c2f9694d5a5e54267314a72ac8a3c89b8114d034354fd7843bfb6c0e243d13cfdf819bd5cbdeed,JF185540,,3/24/2022 19:48,30,NO CONTROLS,NO CONTROLS,RAIN,DUSK,ANGLE,NOT DIVIDED,,STRAIGHT AND LEVEL,WET,UNKNOWN,ON SCENE,INJURY AND / OR TOW DUE TO CRASH,,,,"OVER $1,500",3/24/2022 19:48,UNABLE TO DETERMINE,UNABLE TO DETERMINE,6741,S,JEFFERY BLVD,331,,,,,,,2,NO INDICATION OF INJURY,0,0,0,0,0,2,0,19,5,3,41.77223253,-87.57631444,POINT (-87.576314438177 41.772232526801)
47f25c6ffa8f6390f36ff6d3b7b231079e4dd735a22c1464ce5579df1292bbf29268c56988d28223e5c52308173f9a1c525adb04ecdb13d7e898f4e3dad5e201,JF163059,,3/4/2022 12:30,35,STOP SIGN/FLASHER,FUNCTIONING PROPERLY,CLEAR,DAYLIGHT,REAR END,DIVIDED - W/MEDIAN (NOT RAISED),,STRAIGHT AND LEVEL,DRY,NO DEFECTS,NOT ON SCENE (DESK REPORT),NO INJURY / DRIVE AWAY,Y,,,"OVER $1,500",3/4/2022 14:00,FOLLOWING TOO CLOSELY,UNABLE TO DETERMINE,7900,S,PEORIA ST,621,,,,,,,2,NO INDICATION OF INJURY,0,0,0,0,0,2,0,12,6,3,41.75051207,-87.64661032,POINT (-87.646610320633 41.750512071127)
10a553ae54e6def956c5099ca8178bc4b6601717e5897450aa0a2fd41b501e6a4cd76fec92a0766c9ea65790c48eb7fab2e1973a363dfe530c584f97cbacd46e,JF156224,,2/25/2022 22:31,30,TRAFFIC SIGNAL,FUNCTIONING PROPERLY,CLEAR,"DARKNESS, LIGHTED ROAD",TURNING,RAMP,,STRAIGHT AND LEVEL,DRY,NO DEFECTS,ON SCENE,INJURY AND / OR TOW DUE TO CRASH,Y,,,"OVER $1,500",2/25/2022 22:52,IMPROPER TURNING/NO SIGNAL,FAILING TO REDUCE SPEED TO AVOID CRASH,4100,S,CICERO AVE,814,,,,,,,2,NO INDICATION OF INJURY,0,0,0,0,0,2,0,22,6,2,41.8181781,-87.74361186,POINT (-87.743611856242 41.818178096923)
206e8a1b4ab8ac8a1748a5d11ec939df708c69901c2e9c390d1fa1892c0e114777e72a555ec43ccb349e657b58ff49501cb847bfd977eebacbd6826157648b22,JF148803,,2/18/2022 14:30,30,TRAFFIC SIGNAL,FUNCTIONING PROPERLY,CLEAR,DAYLIGHT,PEDESTRIAN,FOUR WAY,,STRAIGHT AND LEVEL,DRY,NO DEFECTS,NOT ON SCENE (DESK REPORT),NO INJURY / DRIVE AWAY,Y,,Y,$500 OR LESS,2/18/2022 17:15,UNABLE TO DETERMINE,NOT APPLICABLE,100,N,LARAMIE AVE,1523,,,,,,,2,NO INDICATION OF INJURY,0,0,0,0,0,2,0,14,6,2,41.88239319,-87.7552877,POINT (-87.755287698786 41.88239318641)
ab8908eb19a00b7129281a0942107032a6147c3ee482ef6ca7cb176325711a0de6cb50f06c2980d78f30f839d262737f72b2975212a1f8b24cd95410e99d3583,JF170025,,3/11/2022 5:40,30,TRAFFIC SIGNAL,FUNCTIONING PROPERLY,SNOW,"DARKNESS, LIGHTED ROAD",TURNING,FOUR WAY,,STRAIGHT AND LEVEL,WET,NO DEFECTS,NOT ON SCENE (DESK REPORT),NO INJURY / DRIVE AWAY,,,Y,"OVER $1,500",3/11/2022 6:00,IMPROPER TURNING/NO SIGNAL,UNABLE TO DETERMINE,300,W,CHICAGO AVE,1823,,,,,,,2,NO INDICATION OF INJURY,0,0,0,0,0,2,0,5,6,3,41.89668592,-87.63577669,POINT (-87.635776690588 41.896685918295)
563dff5d91d2184370752427fff533a52180075529f10e5cdfbc19ebd086eaa6bec47bf326927b6452953d71d22496db6c9ad8b24b8d853bf5b90fc166187f07,JF178416,,3/18/2022 14:45,30,TRAFFIC SIGNAL,FUNCTIONING PROPERLY,RAIN,DAYLIGHT,SIDESWIPE SAME DIRECTION,NOT DIVIDED,,STRAIGHT AND LEVEL,WET,NO DEFECTS,NOT ON SCENE (DESK REPORT),NO INJURY / DRIVE AWAY,,,,"OVER $1,500",3/18/2022 15:30,FAILING TO YIELD RIGHT-OF-WAY,NOT APPLICABLE,4002,N,ASHLAND AVE,1912,,,,,,,2,NO INDICATION OF INJURY,0,0,0,0,0,2,0,14,6,3,41.95443636,-87.66920114,POINT (-87.669201144233 41.954436354953)
ac12c18f2455ae2029a42098d706bf4f662eb8073ccb43b0cabcad02f8b20ab6784743be6ab9f62f882b00060ad8752ae266607f9b4354d8f863ae4c059cfd09,JF170778,,3/11/2022 16:55,15,NO CONTROLS,NO CONTROLS,CLEAR,DAYLIGHT,SIDESWIPE OPPOSITE DIRECTION,ALLEY,,STRAIGHT AND LEVEL,DRY,NO DEFECTS,NOT ON SCENE (DESK REPORT),NO INJURY / DRIVE AWAY,,,Y,"OVER $1,500",3/11/2022 18:10,DRIVING SKILLS/KNOWLEDGE/EXPERIENCE,DRIVING SKILLS/KNOWLEDGE/EXPERIENCE,4650,S,LEAMINGTON AVE,814,,,,,,,2,NO INDICATION OF INJURY,0,0,0,0,0,2,0,16,6,3,41.80782681,-87.75187542,POINT (-87.751875414502 41.807826805878)
55b05f9c367d8ff8981358555b05bb50a154c54bba7678b0d6f2be6dd2348403775da8fdda5d6aa0ba7028b2c362639dc44cd3f1c750693647eff2cf29ba50dd,JE446069,,11/15/2021 13:30,30,TRAFFIC SIGNAL,FUNCTIONING PROPERLY,CLEAR,DAYLIGHT,REAR END,OTHER,,STRAIGHT AND LEVEL,DRY,NO DEFECTS,,NO INJURY / DRIVE AWAY,,,,"OVER $1,500",11/15/2021 14:05,UNABLE TO DETERMINE,UNABLE TO DETERMINE,5002,W,ADDISON ST,1634,,,,,,,3,NO INDICATION OF INJURY,0,0,0,0,0,2,0,13,2,11,41.94616879,-87.7522089,POINT (-87.752208901359 41.946168792069)
764a3589fa4cfbeb5ce85b64d92dd7534a99824a65c427df7b555e17b269fa51b60e527c8184c0ccee9a7a3d36c68fbb661176e405d87ff56e203a8f51c5ee62,JC477520,,10/18/2019 16:02,30,STOP SIGN/FLASHER,FUNCTIONING PROPERLY,CLEAR,DAYLIGHT,ANGLE,NOT DIVIDED,,STRAIGHT AND LEVEL,DRY,NO DEFECTS,,INJURY AND / OR TOW DUE TO CRASH,Y,,,"OVER $1,500",10/18/2019 16:05,DISREGARDING STOP SIGN,FAILING TO YIELD RIGHT-OF-WAY,6159,W,55TH ST,811,,,,,,,2,NONINCAPACITATING INJURY,2,0,0,2,0,0,0,16,6,10,41.79233612,-87.77687372,POINT (-87.776873714762 41.792336122095)