CRASH_RECORD_ID,RD_NO,CRASH_DATE_EST_I,CRASH_DATE,POSTED_SPEED_LIMIT,TRAFFIC_CONTROL_DEVICE,DEVICE_CONDITION,WEATHER_CONDITION,LIGHTING_CONDITION,FIRST_CRASH_TYPE,TRAFFICWAY_TYPE,LANE_CNT,ALIGNMENT,ROADWAY_SURFACE_COND,ROAD_DEFECT,REPORT_TYPE,CRASH_TYPE,INTERSECTION_RELATED_I,NOT_RIGHT_OF_WAY_I,HIT_AND_RUN_I,DAMAGE,DATE_POLICE_NOTIFIED,PRIM_CONTRIBUTORY_CAUSE,SEC_CONTRIBUTORY_CAUSE,STREET_NO,STREET_DIRECTION,STREET_NAME,BEAT_OF_OCCURRENCE,PHOTOS_TAKEN_I,STATEMENTS_TAKEN_I,DOORING_I,WORK_ZONE_I,WORK_ZONE_TYPE,WORKERS_PRESENT_I,NUM_UNITS,MOST_SEVERE_INJURY,INJURIES_TOTAL,INJURIES_FATAL,INJURIES_INCAPACITATING,INJURIES_NON_INCAPACITATING,INJURIES_REPORTED_NOT_EVIDENT,INJURIES_NO_INDICATION,INJURIES_UNKNOWN,CRASH_HOUR,CRASH_DAY_OF_WEEK,CRASH_MONTH,LATITUDE,LONGITUDE,LOCATION
7e97b9a49ed2f017edd6aec2e45dfd441e18a7bae821761783c904d465ab7c8fd9f6e64166681354c5f22144fabb08601a549afacfd09d7f02142c2f8a1dc9c0,JF185238,,3/24/2022 16:12,20,STOP SIGN/FLASHER,FUNCTIONING PROPERLY,RAIN,DAYLIGHT,ANGLE,FOUR WAY,,STRAIGHT AND LEVEL,WET,UNKNOWN,NOT ON SCENE (DESK REPORT),NO INJURY / DRIVE AWAY,Y,,Y,"OVER $1,500",3/24/2022 16:22,FAILING TO YIELD RIGHT-OF-WAY,UNABLE TO DETERMINE,6200,S,LOOMIS BLVD,713,,,,,,,2,NO INDICATION OF INJURY,0,0,0,0,0,2,0,16,5,3,41.78119143,-87.65954773,POINT (-87.659547727461 41.781191429403)
5289156b486da1548c2fcd41cf64cd31310c5e569d22ba04205dbf6c64e0c9e74e27f7ed841f7da6c1b7160ece51ba3614f6160cd401c95aa083bb3096539725,JF163483,,3/4/2022 16:59,30,NO CONTROLS,UNKNOWN,CLEAR,DAYLIGHT,PARKED MOTOR VEHICLE,DIVIDED - W/MEDIAN (NOT RAISED),,STRAIGHT AND LEVEL,DRY,NO DEFECTS,ON SCENE,INJURY AND / OR TOW DUE TO CRASH,,,Y,"OVER $1,500",3/4/2022 18:14,NOT APPLICABLE,NOT APPLICABLE,2412,W,NORTH AVE,1434,,,,,,,2,NO INDICATION OF INJURY,0,0,0,0,0,1,0,16,6,3,41.91042359,-87.68779175,POINT (-87.687791747637 41.910423585331)
7f45e236fd5937dc76b1feb60dc9e689b5a6ac00b37ff209ed1a03de75487befa1f01e1b37ea72bf019b76bdb09549a81ed97256736036b0b2cc1d18a1bc2400,JF185592,,3/24/2022 21:50,30,NO CONTROLS,NO CONTROLS,RAIN,"DARKNESS, LIGHTED ROAD",REAR END,NOT DIVIDED,,STRAIGHT AND LEVEL,WET,NO DEFECTS,NOT ON SCENE (DESK REPORT),INJURY AND / OR TOW DUE TO CRASH,,,Y,"OVER $1,500",3/24/2022 22:15,UNABLE TO DETERMINE,UNABLE TO DETERMINE,9351,S,HALSTED ST,2223,,,,,,,3,NO INDICATION OF INJURY,0,0,0,0,0,2,0,21,5,3,41.72358291,-87.64312166,POINT (-87.643121661881 41.723582914417)
2d1f0b86efb5bfaea4b614aaca8c47a0cb155128c8da84320305b34383be6f764557d08790bd5b5330780d7af60d8890c1e997396871962c9a0cd90e4e7608cc,JF148437,Y,2/18/2022 11:36,15,TRAFFIC SIGNAL,FUNCTIONING PROPERLY,SNOW,DAYLIGHT,REAR END,NOT DIVIDED,,STRAIGHT AND LEVEL,SNOW OR SLUSH,NO DEFECTS,ON SCENE,INJURY AND / OR TOW DUE TO CRASH,Y,,,$500 OR LESS,2/18/2022 11:45,FOLLOWING TOO CLOSELY,WEATHER,4800,W,MAYPOLE AVE,1532,,Y,,,,,2,NO INDICATION OF INJURY,0,0,0,0,0,3,0,11,6,2,41.88456108,-87.74548687,POINT (-87.745486872773 41.884561077576)
1cfbc641795511c9e5b2ad135fe9cc7ddb89ce7c1c654a7b21c741359f90c5d4a9072a357c8b44790bbae2ed1f9b0085f3250eab07a1ca3672c7756372204f98,JF158669,,2/25/2022 23:30,30,NO CONTROLS,NO CONTROLS,UNKNOWN,DARKNESS,FIXED OBJECT,NOT DIVIDED,,STRAIGHT AND LEVEL,UNKNOWN,UNKNOWN,NOT ON SCENE (DESK REPORT),INJURY AND / OR TOW DUE TO CRASH,,,Y,"OVER $1,500",2/28/2022 13:08,UNABLE TO DETERMINE,UNABLE TO DETERMINE,725,E,79TH ST,624,,,,,,,2,"REPORTED, NOT EVIDENT",1,0,0,0,1,1,0,23,6,2,41.75115082,-87.60658828,POINT (-87.606588279007 41.751150819259)
1d177bd893a54444268e3356ae8bfd17c3efc21842d5a0f4e629f2d3392b3030a1a4be17053971525e27358704bfc76fddeac118a038ef0cdb4816453c6572d0,JF155311,,2/25/2022 6:15,30,TRAFFIC SIGNAL,FUNCTIONING PROPERLY,SNOW,DAWN,REAR END,NOT DIVIDED,,STRAIGHT AND LEVEL,WET,UNKNOWN,ON SCENE,NO INJURY / DRIVE AWAY,,,,"$501 - $1,500",2/25/2022 6:15,UNABLE TO DETERMINE,UNABLE TO DETERMINE,3200,W,87TH ST,834,,,,,,,2,NO INDICATION OF INJURY,0,0,0,0,0,2,0,6,6,2,41.73529567,-87.70221902,POINT (-87.702219018846 41.735295669627)
2e5e8c48634e0d94f15b83521276b85c4bba001f281608a1227f2b6e5ac1eb33bdbf67370764734d1f8eb92e5cb73ca5538c310506b6c9a4bcb00acc92c2d9dc,JF149094,Y,2/18/2022 20:21,25,NO CONTROLS,NO CONTROLS,BLOWING SNOW,"DARKNESS, LIGHTED ROAD",REAR END,NOT DIVIDED,,STRAIGHT ON GRADE,SNOW OR SLUSH,UNKNOWN,NOT ON SCENE (DESK REPORT),INJURY AND / OR TOW DUE TO CRASH,,,,"OVER $1,500",2/18/2022 23:50,UNABLE TO DETERMINE,UNABLE TO DETERMINE,1671,W,PRATT BLVD,2432,,,,,,,2,NONINCAPACITATING INJURY,4,0,0,4,0,0,0,20,6,2,42.00522833,-87.67274381,POINT (-87.672743807345 42.005228332802)
1cfe54e6722d048fb04a335150c65514be25503a1263d9e87a8678f86eaa8e7cab54ff7e23c8be9ad59a97b5595bf5d46093abc9757a835c7c9b0a82177512c6,JC428944,,9/11/2019 8:50,25,UNKNOWN,UNKNOWN,CLEAR,DAYLIGHT,PEDALCYCLIST,NOT DIVIDED,,STRAIGHT AND LEVEL,DRY,NO DEFECTS,,INJURY AND / OR TOW DUE TO CRASH,,,Y,"OVER $1,500",9/11/2019 14:01,UNABLE TO DETERMINE,UNABLE TO DETERMINE,2915,S,LYMAN ST,913,,,Y,,,,2,NONINCAPACITATING INJURY,1,0,0,1,0,1,0,8,4,9,41.8410861,-87.65284741,POINT (-87.652847411924 41.841086100523)
535b42eab740e89cecb1e9fea49fc9afdb03521bfe0ae5bead185a0559605df9a0e109ad7284bcf1d5dc906a595ff500b994a89f3ed19615470eb962103b6fae,JE236714,,5/20/2021 17:30,35,TRAFFIC SIGNAL,FUNCTIONING PROPERLY,CLEAR,DAYLIGHT,REAR END,DIVIDED - W/MEDIAN (NOT RAISED),,STRAIGHT AND LEVEL,DRY,NO DEFECTS,,INJURY AND / OR TOW DUE TO CRASH,,,Y,"OVER $1,500",5/20/2021 19:00,FOLLOWING TOO CLOSELY,UNABLE TO DETERMINE,8700,S,STATE ST,632,,,,,,,2,NONINCAPACITATING INJURY,1,0,0,1,0,1,0,17,5,5,41.73620947,-87.62430552,POINT (-87.624305519124 41.736209469449)
80c107bcbc101f6fd2311e8751a3e7a8c32e54a3b579b9fbaf5967110cdff0012995d6985b4aa8715409d2c35aa4a340866104b9147726e951569bf22630aef1,JF184907,,3/24/2022 10:50,30,TRAFFIC SIGNAL,FUNCTIONING PROPERLY,CLEAR,DAYLIGHT,REAR END,DIVIDED - W/MEDIAN (NOT RAISED),,STRAIGHT AND LEVEL,WET,NO DEFECTS,NOT ON SCENE (DESK REPORT),NO INJURY / DRIVE AWAY,Y,,,"OVER $1,500",3/24/2022 12:00,UNABLE TO DETERMINE,UNABLE TO DETERMINE,2401,W,PETERSON AVE,2011,,,,,,,2,NO INDICATION OF INJURY,0,0,0,0,0,2,0,10,5,3,41.99038951,-87.68973064,POINT (-87.689730636773 41.990389510203)
1dd922d0bd90abcf7370d201b856b98b132af22e529dab502faaa3991bcbe526a22586454974fb14f5b2ef9063d2a2dcb78241c6bee65b9d1192da5e74fbcf0f,JF157507,,2/25/2022 14:30,30,NO CONTROLS,NO CONTROLS,CLEAR,DAYLIGHT,PARKED MOTOR VEHICLE,NOT DIVIDED,,STRAIGHT AND LEVEL,DRY,NO DEFECTS,NOT ON SCENE (DESK REPORT),NO INJURY / DRIVE AWAY,,,Y,"$501 - $1,500",2/27/2022 9:10,UNABLE TO DETERMINE,UNABLE TO DETERMINE,1430,E,64TH ST,314,,,,,,,2,NO INDICATION OF INJURY,0,0,0,0,0,1,0,14,6,2,41.77886972,-87.59017769,POINT (-87.590177693595 41.778869716793)
1ddd2de9f74aa572d3554faf59786c49a4cbc64195d7d5d47a04d2a25b57d55ad864c3caaa285fb11d7228a7414a14bfdf23f50351c03ebbd01bbb66f804e51a,JF155512,,2/25/2022 10:15,25,NO CONTROLS,NO CONTROLS,SNOW,DAYLIGHT,PARKED MOTOR VEHICLE,ONE-WAY,,STRAIGHT AND LEVEL,SNOW OR SLUSH,NO DEFECTS,ON SCENE,NO INJURY / DRIVE AWAY,,,Y,$500 OR LESS,2/25/2022 10:18,UNABLE TO DETERMINE,NOT APPLICABLE,8207,S,LANGLEY AVE,631,,,,,,,2,NO INDICATION OF INJURY,0,0,0,0,0,1,0,10,6,2,41.74549889,-87.607355,POINT (-87.607354998264 41.745498885232)
b81558a9adcabd45ed736d59124edda4e965f7e633a748e9e68d4ff09ab219d03f76db9b742de59d34a5fad9bdd42adcc79e76a6ab3e73294b774e27b646f3c5,JF170954,,3/11/2022 22:00,30,NO CONTROLS,NO CONTROLS,CLEAR,"DARKNESS, LIGHTED ROAD",FIXED OBJECT,NOT DIVIDED,,STRAIGHT AND LEVEL,DRY,NO DEFECTS,ON SCENE,INJURY AND / OR TOW DUE TO CRASH,,,,"OVER $1,500",3/11/2022 22:05,DRIVING SKILLS/KNOWLEDGE/EXPERIENCE,UNABLE TO DETERMINE,4110,N,MILWAUKEE AVE,1624,,,,,,,1,NONINCAPACITATING INJURY,1,0,0,1,0,0,0,22,6,3,41.9554774,-87.75019262,POINT (-87.750192621552 41.955477403045)
617991b373c423ae8ac3ac8ab16e6da7c4da3dcfc91e6888840f0350ff960590a4510d7410179cf4578b4882d821734ee0af9185b5c884c8cc970f8fccbf7b06,JF178916,,3/18/2022 22:48,30,TRAFFIC SIGNAL,FUNCTIONING PROPERLY,RAIN,"DARKNESS, LIGHTED ROAD",TURNING,FOUR WAY,,STRAIGHT AND LEVEL,WET,NO DEFECTS,NOT ON SCENE (DESK REPORT),INJURY AND / OR TOW DUE TO CRASH,Y,,,"OVER $1,500",3/19/2022 0:15,UNABLE TO DETERMINE,UNABLE TO DETERMINE,500,N,COLUMBUS DR,1834,,,,,,,2,NO INDICATION OF INJURY,0,0,0,0,0,5,0,22,6,3,41.89104457,-87.62037184,POINT (-87.620371839074 41.891044569124)
2f70439e24509715b93a16fa37f55aa3c43cc6fe593b91fe5b153fb9d9b08217fa76c1076be4813e6918ba58be6755e4b7eb2dce05e1e0729d093034f41b7ffe,JF150336,,2/18/2022 20:05,30,TRAFFIC SIGNAL,FUNCTIONING PROPERLY,CLEAR,"DARKNESS, LIGHTED ROAD",REAR END,DIVIDED - W/MEDIAN (NOT RAISED),,STRAIGHT AND LEVEL,SNOW OR SLUSH,NO DEFECTS,ON SCENE,NO INJURY / DRIVE AWAY,,,Y,"OVER $1,500",2/20/2022 12:00,FOLLOWING TOO CLOSELY,UNABLE TO DETERMINE,6337,S,CALIFORNIA AVE,825,,,,,,,3,NO INDICATION OF INJURY,0,0,0,0,0,4,0,20,6,2,41.77798751,-87.69321634,POINT (-87.693216342571 41.777987513657)
2f7ddafc55c083f55c1a52d00c96833f05d3bec3379aec7e886b26c05e09db5a43b3c50c06768906f29e89d45006c1889c606a42a96919ba192d97285049d710,JF149527,,2/18/2022 19:00,30,RAILROAD CROSSING GATE,FUNCTIONING PROPERLY,CLEAR,"DARKNESS, LIGHTED ROAD",REAR END,NOT DIVIDED,,STRAIGHT AND LEVEL,DRY,NO DEFECTS,NOT ON SCENE (DESK REPORT),NO INJURY / DRIVE AWAY,,,,"OVER $1,500",2/19/2022 13:40,DRIVING SKILLS/KNOWLEDGE/EXPERIENCE,NOT APPLICABLE,5638,W,55TH ST,811,,,,,,,2,NO INDICATION OF INJURY,0,0,0,0,0,2,0,19,6,2,41.79282014,-87.76375166,POINT (-87.763751660387 41.792820141007)
1e9ef0c71a1d6a8a637454850012488efe5e94cb93ab5d90b973a6b66116a05dfb9c73c57f4e7549f848ffd008c6ce53c5b3887ff2d7690b899816acff994217,JF155352,,2/25/2022 7:45,30,NO CONTROLS,NO CONTROLS,CLEAR,DAYLIGHT,TURNING,NOT DIVIDED,,STRAIGHT AND LEVEL,SNOW OR SLUSH,UNKNOWN,NOT ON SCENE (DESK REPORT),NO INJURY / DRIVE AWAY,,,,"OVER $1,500",2/25/2022 8:06,FAILING TO YIELD RIGHT-OF-WAY,UNABLE TO DETERMINE,7334,N,RIDGE BLVD,2411,,,,,,,2,NO INDICATION OF INJURY,0,0,0,0,0,2,0,7,6,2,42.01501245,-87.68418793,POINT (-87.684187933243 42.015012452768)
2fb502ba26e8cb5044ba9b9335939b5466f54818e82bc267e357209ee78d662923c5e616e457e82c60dc206ac08752b611c1772f86aaac43ba7e6b2a74c5bcbc,JF148403,,2/18/2022 11:18,30,NO CONTROLS,NO CONTROLS,CLEAR,DAYLIGHT,PARKED MOTOR VEHICLE,ONE-WAY,,STRAIGHT AND LEVEL,SNOW OR SLUSH,NO DEFECTS,ON SCENE,NO INJURY / DRIVE AWAY,,,Y,"OVER $1,500",2/18/2022 11:18,DRIVING ON WRONG SIDE/WRONG WAY,IMPROPER BACKING,6203,N,HERMITAGE AVE,2433,,,,,,,2,NO INDICATION OF INJURY,0,0,0,0,0,1,0,11,6,2,41.99450607,-87.67326087,POINT (-87.673260872262 41.994506065401)
b899dbf98bf52c58f2dc7b3d26f10dd33fdf697638c954afd914571410ba9c89af3c28f531bd5cf9d6a4f3e77d0864405497317232201ab54fef445fb5a2bd99,JF170875,,3/11/2022 20:37,40,NO CONTROLS,NO CONTROLS,CLEAR,"DARKNESS, LIGHTED ROAD",SIDESWIPE SAME DIRECTION,DIVIDED - W/MEDIAN BARRIER,,STRAIGHT AND LEVEL,DRY,UNKNOWN,ON SCENE,NO INJURY / DRIVE AWAY,,,Y,"$501 - $1,500",3/11/2022 20:40,DRIVING SKILLS/KNOWLEDGE/EXPERIENCE,UNABLE TO DETERMINE,540,N,LAKE SHORE DR NB,1834,,,,,,,2,NO INDICATION OF INJURY,0,0,0,0,0,3,0,20,6,3,41.89232334,-87.61435236,POINT (-87.614352358189 41.892323334944)
1f1ad5321da2d04dc98cee5a786f07be59f38307ec71008b43ee08f3d3832c50b605c04e9439245e9ec1450ce3e80f67fc3c38729b42b5166362e00ea0b5e464,JF155485,,2/25/2022 10:15,30,NO CONTROLS,NO CONTROLS,CLEAR,DAYLIGHT,PARKED MOTOR VEHICLE,NOT DIVIDED,,STRAIGHT AND LEVEL,SNOW OR SLUSH,NO DEFECTS,ON SCENE,NO INJURY / DRIVE AWAY,,,,"OVER $1,500",2/25/2022 10:16,IMPROPER BACKING,NOT APPLICABLE,4507,N,KEDZIE AVE,1724,,,,,,,2,NO INDICATION OF INJURY,0,0,0,0,0,1,0,10,6,2,41.96326929,-87.70816375,POINT (-87.708163746343 41.963269287379)
55a11c8d6a2433e9bcde864eb3ec1c22c296b162adc540fe284abe8139ecfa899589ee8d6fe3bc2c57cd668a6283969a05ac7473b388da6b2d337b26bc56a612,JF173818,,3/4/2022 10:00,30,TRAFFIC SIGNAL,FUNCTIONING PROPERLY,SNOW,DAYLIGHT,PARKED MOTOR VEHICLE,ONE-WAY,,STRAIGHT AND LEVEL,DRY,NO DEFECTS,NOT ON SCENE (DESK REPORT),NO INJURY / DRIVE AWAY,,,Y,"OVER $1,500",3/14/2022 17:30,NOT APPLICABLE,NOT APPLICABLE,8237,S,MARYLAND AVE,631,,,,,,,2,NO INDICATION OF INJURY,0,0,0,0,0,1,0,10,6,3,41.74470271,-87.60363647,POINT (-87.603636474162 41.744702707835)
1f865932976fef404b2413e55b3815832984f00be6d84250dbd1cc1220f0b29b2dd97483f371ff0a84ddf7bc7a5df23b077ce48c771e69a3b8ccac445c4db56f,JF156130,,2/25/2022 20:45,35,NO CONTROLS,NO CONTROLS,CLEAR,DARKNESS,REAR END,NOT DIVIDED,,STRAIGHT AND LEVEL,DRY,NO DEFECTS,NOT ON SCENE (DESK REPORT),NO INJURY / DRIVE AWAY,,,,"OVER $1,500",2/25/2022 21:00,FOLLOWING TOO CLOSELY,NOT APPLICABLE,1768,W,ARMITAGE AVE,1432,,,,,,,2,NO INDICATION OF INJURY,0,0,0,0,0,2,0,20,6,2,41.91796074,-87.67270437,POINT (-87.672704369807 41.917960741746)
1f8b9292b991404c60031daa35258dc76a25cddc964b31d41a1f36c6b26df910aede5b28d97c33a8e5bf7d1d6beadcfc7ed0ab79f116869b9b7fdca8bab9a15f,JF155788,,2/25/2022 14:20,35,TRAFFIC SIGNAL,FUNCTIONING PROPERLY,CLOUDY/OVERCAST,DAYLIGHT,TURNING,FOUR WAY,,STRAIGHT AND LEVEL,WET,NO DEFECTS,ON SCENE,INJURY AND / OR TOW DUE TO CRASH,Y,,,"OVER $1,500",2/25/2022 14:30,FAILING TO YIELD RIGHT-OF-WAY,NOT APPLICABLE,7200,N,WESTERN AVE,2411,N,N,,,,,2,NO INDICATION OF INJURY,0,0,0,0,0,2,0,14,6,2,42.01237134,-87.69039392,POINT (-87.690393917379 42.012371334792)
b924e3e326910d191fdcffc94037f08673318bc931d48121428aad0b479fad5bcc13f786d65ca7ee89ee4d973cfd5b449f2da9a3e972d0843ab4f6ac3ed40a81,JF170979,,3/11/2022 22:54,30,NO CONTROLS,UNKNOWN,CLEAR,"DARKNESS, LIGHTED ROAD",PARKED MOTOR VEHICLE,DIVIDED - W/MEDIAN (NOT RAISED),,STRAIGHT AND LEVEL,DRY,NO DEFECTS,ON SCENE,INJURY AND / OR TOW DUE TO CRASH,,,,"$501 - $1,500",3/11/2022 22:54,UNABLE TO DETERMINE,UNABLE TO DETERMINE,4245,S,PRAIRIE AVE,213,,,,,,,2,NO INDICATION OF INJURY,0,0,0,0,0,1,0,22,6,3,41.81707082,-87.61965917,POINT (-87.619659170802 41.817070815446)
30e2d821e7c98b2ae239db779494fbf395f53d91982778d811b095fe56e3b20156e037eaf3cf56fd75f4397c5614ea047df95b0493808f5fa4d618d5531fbcf4,JF149406,,2/18/2022 19:00,35,NO CONTROLS,NO CONTROLS,SNOW,"DARKNESS, LIGHTED ROAD",SIDESWIPE SAME DIRECTION,NOT DIVIDED,,STRAIGHT AND LEVEL,SNOW OR SLUSH,UNKNOWN,NOT ON SCENE (DESK REPORT),NO INJURY / DRIVE AWAY,,,,"OVER $1,500",2/19/2022 11:10,NOT APPLICABLE,NOT APPLICABLE,4501,S,PULASKI RD,821,,,,,,,2,NO INDICATION OF INJURY,0,0,0,0,0,2,0,19,6,2,41.81145154,-87.72357465,POINT (-87.72357465442 41.811451542236)
63f5ed3a1e68f4e38bbd4fcd3aeb26e2d3c986138781d76820418c81178ef1715c4a775059b57057692e950a41d38c254660dc4c50337137cf36383fb9eef9cc,JF178834,,3/18/2022 8:55,30,NO CONTROLS,NO CONTROLS,RAIN,"DARKNESS, LIGHTED ROAD",PARKED MOTOR VEHICLE,NOT DIVIDED,,STRAIGHT AND LEVEL,WET,NO DEFECTS,NOT ON SCENE (DESK REPORT),NO INJURY / DRIVE AWAY,,,,"$501 - $1,500",3/18/2022 9:50,UNABLE TO DETERMINE,NOT APPLICABLE,2806,N,MILWAUKEE AVE,1412,,,,,,,2,NO INDICATION OF INJURY,0,0,0,0,0,1,0,8,6,3,41.93214599,-87.71267581,POINT (-87.71267580672 41.932145989367)
64f15fb6ca600bc4c8e03e49ae6a3415bb843295e833f1885c7865545be4fc7d549685e322c554c51b860a406683cb8361e5c4864124b394433e995867e8bb64,JE437717,,11/8/2021 5:27,30,NO CONTROLS,NO CONTROLS,CLEAR,DAWN,REAR END,OTHER,,STRAIGHT AND LEVEL,DRY,NO DEFECTS,,INJURY AND / OR TOW DUE TO CRASH,,,,"OVER $1,500",11/8/2021 5:27,UNABLE TO DETERMINE,NOT APPLICABLE,6225,S,YALE AVE,711,,,,,,,2,INCAPACITATING INJURY,3,0,1,0,2,0,0,5,2,11,,,
573e75b8e3a977101189bbc570c07552d175b0dc23dc496bf463ee1a3d59b197ecb39742d2ac5f170054f78729af93438f83daf4222b5904b99513a13461d250,JF163278,,3/4/2022 15:30,20,NO CONTROLS,NO CONTROLS,CLEAR,DAYLIGHT,PARKED MOTOR VEHICLE,DIVIDED - W/MEDIAN (NOT RAISED),,STRAIGHT AND LEVEL,DRY,UNKNOWN,ON SCENE,NO INJURY / DRIVE AWAY,,,,"OVER $1,500",3/4/2022 15:42,DRIVING SKILLS/KNOWLEDGE/EXPERIENCE,NOT APPLICABLE,1651,W,BRYN MAWR AVE,2012,,,,,,,2,NO INDICATION OF INJURY,0,0,0,0,0,2,0,15,6,3,41.98334054,-87.67138667,POINT (-87.671386673128 41.98334053518)
575a5bfc78bbea66974b271540ce2b7ec10bb3446c426f415b1cc833ba9149f3f1a746be6d752f05c153ce5395fa61ef2fcdcdcd9bbdd30038d8a73bad652cc6,JF163644,,3/4/2022 21:30,30,NO CONTROLS,NO CONTROLS,CLEAR,"DARKNESS, LIGHTED ROAD",PARKED MOTOR VEHICLE,NOT DIVIDED,,STRAIGHT AND LEVEL,DRY,NO DEFECTS,NOT ON SCENE (DESK REPORT),NO INJURY / DRIVE AWAY,,,Y,"$501 - $1,500",3/4/2022 22:00,UNABLE TO DETERMINE,UNABLE TO DETERMINE,11100,S,MICHIGAN AVE,531,,,,,,,2,NO INDICATION OF INJURY,0,0,0,0,0,1,0,21,6,3,41.69255976,-87.6211937,POINT (-87.621193695398 41.692559762592)
b9b237072a5fa10d8709ada5f1591fc3aa9dda295d0b48af70f0297d8c395e2b688c18d93fac4be0f4c76e4ed4dd1d087fb35f6b8330d40501a01a9a2ee70862,JF170477,,3/11/2022 8:00,15,NO CONTROLS,NO CONTROLS,CLEAR,DAYLIGHT,PARKED MOTOR VEHICLE,PARKING LOT,,STRAIGHT AND LEVEL,DRY,NO DEFECTS,NOT ON SCENE (DESK REPORT),NO INJURY / DRIVE AWAY,,,Y,"OVER $1,500",3/11/2022 13:53,UNABLE TO DETERMINE,UNABLE TO DETERMINE,1210,S,INDIANA AVE,132,,,,,,,2,NO INDICATION OF INJURY,0,0,0,0,0,1,0,8,6,3,41.86713652,-87.62269374,POINT (-87.622693740064 41.867136518732)
ba71556ffaffc4a8ce10d88e1d82a01d3515022224b806f012fc9aa52caa18d7196cabf790088e607822f3b26fb7d663faca5c449325a7511063ae2a53cf1e91,JF170993,Y,3/11/2022 23:06,35,TRAFFIC SIGNAL,FUNCTIONING PROPERLY,CLEAR,"DARKNESS, LIGHTED ROAD",SIDESWIPE SAME DIRECTION,DIVIDED - W/MEDIAN (NOT RAISED),,STRAIGHT AND LEVEL,UNKNOWN,UNKNOWN,ON SCENE,NO INJURY / DRIVE AWAY,,,Y,"OVER $1,500",3/11/2022 23:17,UNABLE TO DETERMINE,UNABLE TO DETERMINE,5201,N,AUSTIN AVE,1622,,,,,,,2,NO INDICATION OF INJURY,0,0,0,0,0,4,0,23,6,3,41.97575838,-87.77803109,POINT (-87.778031087618 41.975758378433)
5981939f43c61f9b8f533fd4059b448e82f56e8ef231e7ed9b451ccc72bb5fe9fd177c056c411be050b3dcf2e9a643ae54c80727fe0e46297c1b6d6ce85e82bb,JF177986,,3/18/2022 8:40,30,NO CONTROLS,NO CONTROLS,CLEAR,DAYLIGHT,REAR END,DIVIDED - W/MEDIAN (NOT RAISED),,STRAIGHT AND LEVEL,DRY,NO DEFECTS,,NO INJURY / DRIVE AWAY,,,,"OVER $1,500",3/18/2022 8:45,NOT APPLICABLE,NOT APPLICABLE,11039,S,PULASKI RD,2211,,,,,,,2,NO INDICATION OF INJURY,0,0,0,0,0,2,0,8,6,3,41.69192838,-87.72020644,POINT (-87.720206441317 41.69192837458)
325af528b9d27557bc37866644932e11cc8f2a5f4ad81436e73873d5c2947ba100fb1d967e96069bc9a33f26e02771236eea6c1c97ce70a949605f6777e8feae,JF148327,,2/18/2022 9:53,15,NO CONTROLS,NO CONTROLS,CLEAR,DAYLIGHT,PARKED MOTOR VEHICLE,NOT DIVIDED,,STRAIGHT AND LEVEL,WET,NO DEFECTS,ON SCENE,INJURY AND / OR TOW DUE TO CRASH,,,,"OVER $1,500",2/18/2022 9:56,FAILING TO YIELD RIGHT-OF-WAY,FAILING TO YIELD RIGHT-OF-WAY,601,W,DIVERSEY PKWY,1935,,,,,,,2,NO INDICATION OF INJURY,0,0,0,0,0,1,0,9,6,2,41.93271525,-87.64367133,POINT (-87.643671331879 41.932715245076)
210c8032e25cd12ff139be37c07f28f4b483253e9ba7a373ec6b422bdba3dc0274a96ced924725e959dbadd080680c35cfd4a7d43aa599ea1791e335f0fc6199,JF155801,,2/25/2022 14:42,30,TRAFFIC SIGNAL,FUNCTIONING PROPERLY,UNKNOWN,DAYLIGHT,ANGLE,FOUR WAY,,STRAIGHT AND LEVEL,DRY,UNKNOWN,ON SCENE,INJURY AND / OR TOW DUE TO CRASH,Y,,,"OVER $1,500",2/25/2022 14:43,DISREGARDING OTHER TRAFFIC SIGNS,UNABLE TO DETERMINE,7400,S,DAMEN AVE,735,,,,,,,2,NO INDICATION OF INJURY,0,0,0,0,0,3,0,14,6,2,41.75923903,-87.67353683,POINT (-87.673536832185 41.759239025043)
32984a7c97f93ae42f85f4249d37001e142c74180ee2834fd39697206cceb24a592fc9b7f92c5f7929f18b586d958ffd5726e76cb383787c81b9f4b821a5b486,JF148300,,2/18/2022 9:50,30,TRAFFIC SIGNAL,FUNCTIONING PROPERLY,SNOW,DAYLIGHT,REAR END,T-INTERSECTION,,STRAIGHT AND LEVEL,ICE,NO DEFECTS,ON SCENE,NO INJURY / DRIVE AWAY,Y,,,"OVER $1,500",2/18/2022 10:00,WEATHER,WEATHER,1600,W,31ST ST,912,,,,,,,2,NO INDICATION OF INJURY,0,0,0,0,0,2,0,9,6,2,41.83880688,-87.66589826,POINT (-87.665898260795 41.838806882365)
66648ab08e098b39c6b4ac5d9d83b56f816b86c861ee00179eff0a20c21ae31d64b903d9763bf6fb00eff23985162533d467813f6f03d2627cbffccfab7b21a3,JF184111,Y,3/18/2022 16:00,25,NO CONTROLS,NO CONTROLS,UNKNOWN,UNKNOWN,PARKED MOTOR VEHICLE,NOT DIVIDED,,STRAIGHT AND LEVEL,UNKNOWN,UNKNOWN,NOT ON SCENE (DESK REPORT),NO INJURY / DRIVE AWAY,,,Y,"OVER $1,500",3/23/2022 17:00,UNABLE TO DETERMINE,NOT APPLICABLE,4101,W,LAWRENCE AVE,1722,,,,,,,2,NO INDICATION OF INJURY,0,0,0,0,0,1,0,16,6,3,41.96810465,-87.73053778,POINT (-87.730537780991 41.968104654364)