CRASH_RECORD_ID,RD_NO,CRASH_DATE_EST_I,CRASH_DATE,POSTED_SPEED_LIMIT,TRAFFIC_CONTROL_DEVICE,DEVICE_CONDITION,WEATHER_CONDITION,LIGHTING_CONDITION,FIRST_CRASH_TYPE,TRAFFICWAY_TYPE,LANE_CNT,ALIGNMENT,ROADWAY_SURFACE_COND,ROAD_DEFECT,REPORT_TYPE,CRASH_TYPE,INTERSECTION_RELATED_I,NOT_RIGHT_OF_WAY_I,HIT_AND_RUN_I,DAMAGE,DATE_POLICE_NOTIFIED,PRIM_CONTRIBUTORY_CAUSE,SEC_CONTRIBUTORY_CAUSE,STREET_NO,STREET_DIRECTION,STREET_NAME,BEAT_OF_OCCURRENCE,PHOTOS_TAKEN_I,STATEMENTS_TAKEN_I,DOORING_I,WORK_ZONE_I,WORK_ZONE_TYPE,WORKERS_PRESENT_I,NUM_UNITS,MOST_SEVERE_INJURY,INJURIES_TOTAL,INJURIES_FATAL,INJURIES_INCAPACITATING,INJURIES_NON_INCAPACITATING,INJURIES_REPORTED_NOT_EVIDENT,INJURIES_NO_INDICATION,INJURIES_UNKNOWN,CRASH_HOUR,CRASH_DAY_OF_WEEK,CRASH_MONTH,LATITUDE,LONGITUDE,LOCATION
83bf8edd57b970afbf7ac3ab9eb641e1daf67e6fa5ec35f5de01dc48ae7e2299a8b8bd31ff4aa9dc5a67447f62263a1815024a12ca9f78397e995969b8f47aa3,JF132778,,1/4/2022 16:15,10,NO CONTROLS,NO CONTROLS,UNKNOWN,DAYLIGHT,ANGLE,PARKING LOT,,STRAIGHT AND LEVEL,UNKNOWN,UNKNOWN,,NO INJURY / DRIVE AWAY,,Y,,"OVER $1,500",2/3/2022 15:40,UNABLE TO DETERMINE,UNABLE TO DETERMINE,5411,W,FULLERTON AVE,2515,,,,,,,2,NO INDICATION OF INJURY,0,0,0,0,0,2,0,16,3,1,41.92392771,-87.76152095,POINT (-87.761520944666 41.923927705227)
59c631049ba95724d606cc32f56630c629c6d77e6a22f525c6db7ab53c3404bfa377b574e89eafaf0a8f3a2e1459dffcc91ee75684063461e5a6dd31e36d3d39,JF163395,,3/4/2022 16:00,30,NO CONTROLS,NO CONTROLS,CLEAR,DAYLIGHT,TURNING,NOT DIVIDED,,STRAIGHT AND LEVEL,DRY,NO DEFECTS,NOT ON SCENE (DESK REPORT),NO INJURY / DRIVE AWAY,,,,"OVER $1,500",3/4/2022 16:50,NOT APPLICABLE,NOT APPLICABLE,1158,S,CANAL ST,124,,,,,,,2,NO INDICATION OF INJURY,0,0,0,0,0,2,0,16,6,3,41.86735685,-87.63934614,POINT (-87.639346140344 41.867356854077)
66eff30885fbbbc5e137825315b784c3180203292dbcd8e4c69aafe8e32e3e464fa3e8d884564fc47fb6bef6e0516a1a9c9364fc714a365a628123d8d5dda268,JF179410,,3/18/2022 22:30,25,UNKNOWN,UNKNOWN,UNKNOWN,"DARKNESS, LIGHTED ROAD",PARKED MOTOR VEHICLE,NOT DIVIDED,,STRAIGHT AND LEVEL,WET,UNKNOWN,NOT ON SCENE (DESK REPORT),NO INJURY / DRIVE AWAY,,,Y,"OVER $1,500",3/19/2022 14:30,UNABLE TO DETERMINE,UNABLE TO DETERMINE,8505,S,KEDZIE AVE,835,,,,,,,2,NO INDICATION OF INJURY,0,0,0,0,0,1,0,22,6,3,41.73869773,-87.7019411,POINT (-87.701941099989 41.738697731523)
846f381bc9b7f399a5d5a0b75465618a31a9c49f0ae0181e5df9693c23f52890c760d4db710c5e5179fc44e4a9f6d703eb3888ae1cb0570859ecdb8b96094608,JF185078,,3/24/2022 13:20,30,STOP SIGN/FLASHER,FUNCTIONING PROPERLY,RAIN,DAYLIGHT,REAR TO SIDE,DIVIDED - W/MEDIAN (NOT RAISED),,STRAIGHT AND LEVEL,WET,NO DEFECTS,NOT ON SCENE (DESK REPORT),NO INJURY / DRIVE AWAY,,,Y,"OVER $1,500",3/24/2022 14:00,IMPROPER BACKING,IMPROPER BACKING,1600,E,103RD ST,431,,,,,,,2,NO INDICATION OF INJURY,0,0,0,0,0,2,0,13,5,3,41.70789989,-87.58482289,POINT (-87.584822888781 41.707899886453)
5a2474f65aa99f439fe3ca580a4afd30c44e6dcf15f4b4c79a9bed6c5dae48d649b7f4ac4228d649f0d533bd69bebc4abeb16eef52118b99e0bbcc0bdcf1e9d3,JF162660,,3/4/2022 5:58,30,TRAFFIC SIGNAL,FUNCTIONING PROPERLY,CLEAR,DAYLIGHT,PEDESTRIAN,DIVIDED - W/MEDIAN (NOT RAISED),,STRAIGHT AND LEVEL,DRY,UNKNOWN,ON SCENE,INJURY AND / OR TOW DUE TO CRASH,Y,,,"$501 - $1,500",3/4/2022 6:04,DISREGARDING TRAFFIC SIGNALS,UNABLE TO DETERMINE,8658,S,KEDZIE AVE,834,,,,,,,2,NONINCAPACITATING INJURY,1,0,0,1,0,1,0,5,6,3,41.73528998,-87.70222673,POINT (-87.702226732143 41.735289979)
22c66a9eaf6db1e827d259cd588000445ef4d71908882dd8957a44b5881d63c8349f4d8075a81d318661fa85e921f31b87f1291ed6e7f4d3d636bb3e28d4a3eb,JF155813,,2/25/2022 15:05,30,NO CONTROLS,NO CONTROLS,SNOW,DAYLIGHT,REAR END,DIVIDED - W/MEDIAN (NOT RAISED),,STRAIGHT AND LEVEL,SNOW OR SLUSH,NO DEFECTS,ON SCENE,NO INJURY / DRIVE AWAY,,,,"OVER $1,500",2/25/2022 15:20,FOLLOWING TOO CLOSELY,UNABLE TO DETERMINE,1410,S,WESTERN AVE,1023,,Y,,,,,2,NO INDICATION OF INJURY,0,0,0,0,0,2,0,15,6,2,41.8626482,-87.68607323,POINT (-87.686073234265 41.862648200283)
6794c887f7d4b30f74d9b0ab2167daa6df8fa075ddf1d5a8af8b243ace6e331a61c7980036775ff6b9ee556773297d69a1587490b40b9e8b538d46db45175e15,JF181825,,3/18/2022 16:30,30,NO CONTROLS,NO CONTROLS,RAIN,DAYLIGHT,FIXED OBJECT,DIVIDED - W/MEDIAN (NOT RAISED),,STRAIGHT AND LEVEL,WET,"RUT, HOLES",NOT ON SCENE (DESK REPORT),NO INJURY / DRIVE AWAY,,,,"OVER $1,500",3/21/2022 18:45,NOT APPLICABLE,UNABLE TO DETERMINE,45,N,WESTERN AVE,1223,,,,,,,1,NO INDICATION OF INJURY,0,0,0,0,0,1,0,16,6,3,41.88251162,-87.68632443,POINT (-87.686324433222 41.882511624325)
33a5f7719ffc422465147d17bc11807249e0ca8cfa08cfb06022dcf0917e46e89ac9a7c7c34aa06999189bf41e48950af854eef849b634c9a51e3a3046af589a,JF148626,Y,2/18/2022 14:30,30,NO CONTROLS,NO CONTROLS,CLEAR,DAYLIGHT,SIDESWIPE SAME DIRECTION,CENTER TURN LANE,,STRAIGHT AND LEVEL,DRY,NO DEFECTS,NOT ON SCENE (DESK REPORT),NO INJURY / DRIVE AWAY,,,,"OVER $1,500",2/18/2022 15:30,UNABLE TO DETERMINE,UNABLE TO DETERMINE,1132,S,CLINTON ST,124,,,,,,,2,NO INDICATION OF INJURY,0,0,0,0,0,2,0,14,6,2,41.86797281,-87.64089226,POINT (-87.640892256885 41.867972805109)
bc4da6f3c0f56bd8c5458152b80c1706c2483e789400ad8b4e9f40b783dcba480220ff54b6ec4065a58051f20f096037bb4db72cee5f9b1fee0585e5f639f880,JF170720,,3/11/2022 16:30,10,NO CONTROLS,NO CONTROLS,CLEAR,DAYLIGHT,REAR TO FRONT,OTHER,,STRAIGHT AND LEVEL,DRY,NO DEFECTS,ON SCENE,NO INJURY / DRIVE AWAY,,,,"OVER $1,500",3/11/2022 16:48,IMPROPER BACKING,DISTRACTION - FROM OUTSIDE VEHICLE,801,N,LARAMIE AVE,1531,,,,,,,2,NO INDICATION OF INJURY,0,0,0,0,0,7,0,16,6,3,41.8950306,-87.75545612,POINT (-87.755456122153 41.895030598437)
340fcd75e3bd921fe6afc9f09bfabd7726b0c42046262a31d56b0842778ad9e80cdb34a77f795533d8cb70cca19ffcdbe6c53da16679819b926d67f8b3d78ccc,JF148912,,2/18/2022 18:50,30,STOP SIGN/FLASHER,FUNCTIONING PROPERLY,BLOWING SNOW,DARKNESS,TURNING,NOT DIVIDED,,STRAIGHT AND LEVEL,SNOW OR SLUSH,NO DEFECTS,ON SCENE,INJURY AND / OR TOW DUE TO CRASH,,,,"OVER $1,500",2/18/2022 18:53,FAILING TO YIELD RIGHT-OF-WAY,NOT APPLICABLE,2199,N,HARLEM AVE,2512,,,,,,,2,NO INDICATION OF INJURY,0,0,0,0,0,2,0,18,6,2,41.91976667,-87.80597248,POINT (-87.805972476944 41.919766669392)
86b60c49648e725f99610740844cb68904e09951e7f5918e071da72a5f488c408615413e9847d13dc83258985c072a9eb745a190d895090f121550825eea6d92,JF184891,,3/24/2022 11:40,30,TRAFFIC SIGNAL,FUNCTIONING PROPERLY,FREEZING RAIN/DRIZZLE,DAYLIGHT,SIDESWIPE SAME DIRECTION,NOT DIVIDED,,STRAIGHT AND LEVEL,WET,NO DEFECTS,ON SCENE,INJURY AND / OR TOW DUE TO CRASH,,,,"$501 - $1,500",3/24/2022 11:41,RELATED TO BUS STOP,"VISION OBSCURED (SIGNS, TREE LIMBS, BUILDINGS, ETC.)",710,N,FAIRBANKS CT,1834,,,,,,,2,"REPORTED, NOT EVIDENT",1,0,0,0,1,3,0,11,5,3,41.8954036,-87.62048261,POINT (-87.620482607643 41.895403599474)
69570140985101dab376b4c8873cd1be003ec639d70edc2646e4f373ee3d4e964c68b713696b0eb1fcd5c39647117fcd6c199d6072adc617556c2dddd35c8699,JF182350,,3/18/2022 7:30,0,NO CONTROLS,NO CONTROLS,CLEAR,DAYLIGHT,PARKED MOTOR VEHICLE,PARKING LOT,,STRAIGHT AND LEVEL,DRY,NO DEFECTS,NOT ON SCENE (DESK REPORT),NO INJURY / DRIVE AWAY,,,Y,"OVER $1,500",3/22/2022 8:45,UNABLE TO DETERMINE,NOT APPLICABLE,6040,S,HARPER AVE,314,,,,,,,2,NO INDICATION OF INJURY,0,0,0,0,0,1,0,7,6,3,41.78478381,-87.58828903,POINT (-87.588289029886 41.784783812205)
34f098fc1cbceb8c4ffa9aade905fb6c21627515993e005800a61973ff1231c5d57cd1f3153db3d25b4da2af07f4183fb6bf35bd28397a3e36c01a6a9c52a175,JF150772,,2/18/2022 13:00,30,NO CONTROLS,NO CONTROLS,CLEAR,"DARKNESS, LIGHTED ROAD",PARKED MOTOR VEHICLE,OTHER,,STRAIGHT AND LEVEL,DRY,NO DEFECTS,NOT ON SCENE (DESK REPORT),NO INJURY / DRIVE AWAY,,,,"OVER $1,500",2/20/2022 19:34,UNABLE TO DETERMINE,UNABLE TO DETERMINE,1313,W,RANDOLPH ST,1224,,,,,,,2,NO INDICATION OF INJURY,0,0,0,0,0,1,0,13,6,2,41.88409464,-87.65939544,POINT (-87.659395441192 41.884094643318)
3526682c761d2d0bc424fa1ea207ce6a80601a6cadd63ef8518ab749db26c595e97913c40abe04e2b8aa47e56a439a3cbcbe445c652a7244123d0daa7d7bcb74,JF148707,,2/18/2022 14:48,30,NO CONTROLS,NO CONTROLS,SNOW,DAYLIGHT,SIDESWIPE SAME DIRECTION,DIVIDED - W/MEDIAN (NOT RAISED),,STRAIGHT AND LEVEL,SNOW OR SLUSH,NO DEFECTS,ON SCENE,INJURY AND / OR TOW DUE TO CRASH,,,,"OVER $1,500",2/18/2022 14:50,DISREGARDING ROAD MARKINGS,UNABLE TO DETERMINE,2430,S,BLUE ISLAND AVE,1034,,,,,,,2,NO INDICATION OF INJURY,0,0,0,0,0,2,0,14,6,2,41.84823442,-87.67685856,POINT (-87.676858564426 41.848234415809)
87709aacff2bd6ebda630ea91861e8de09a922b7d9b96b22dcd9ef0a1fe1818c05741aa5827f49e49cf7d80b5cfbea60e5049ccc9f765e0eb1daecc26d0a56a4,JF185514,,3/24/2022 18:50,30,STOP SIGN/FLASHER,FUNCTIONING PROPERLY,RAIN,DAYLIGHT,REAR END,UNKNOWN,,STRAIGHT AND LEVEL,WET,UNKNOWN,NOT ON SCENE (DESK REPORT),INJURY AND / OR TOW DUE TO CRASH,,,Y,"$501 - $1,500",3/24/2022 20:19,FOLLOWING TOO CLOSELY,FOLLOWING TOO CLOSELY,616,S,KILPATRICK AVE,1131,,,,,,,2,"REPORTED, NOT EVIDENT",1,0,0,0,1,1,0,18,5,3,41.87261976,-87.74268932,POINT (-87.742689323218 41.872619762737)
3538516ceb62c698c707f02fd8a74a788359acd22d6567f6d0b96d7a11a4e4bbf1b98a0bc0f48fcc577971180680ecec2ea58e6c1ebe9e35623a37722d695921,JF148984,,2/18/2022 19:20,30,NO CONTROLS,NO CONTROLS,CLEAR,DARKNESS,REAR TO FRONT,NOT DIVIDED,,STRAIGHT AND LEVEL,DRY,NO DEFECTS,NOT ON SCENE (DESK REPORT),NO INJURY / DRIVE AWAY,,,,"$501 - $1,500",2/18/2022 20:40,IMPROPER BACKING,NOT APPLICABLE,10000,W,OHARE ST,1651,,,,,,,2,NO INDICATION OF INJURY,0,0,0,0,0,2,0,19,6,2,41.97620114,-87.90530913,POINT (-87.905309125103 41.976201139024)
244ee39949f804625633fb8771b3b12ee2b5ae7fa3db71b1a25962fa8faa887441217702932c5ceaa52bc595494843f5883dc02e0de6df34e499fc66c7c170c6,JF170352,,2/25/2022 19:00,30,NO CONTROLS,NO CONTROLS,CLEAR,"DARKNESS, LIGHTED ROAD",SIDESWIPE SAME DIRECTION,DIVIDED - W/MEDIAN BARRIER,,STRAIGHT AND LEVEL,SNOW OR SLUSH,NO DEFECTS,NOT ON SCENE (DESK REPORT),NO INJURY / DRIVE AWAY,,,Y,"$501 - $1,500",3/11/2022 12:10,IMPROPER OVERTAKING/PASSING,NOT APPLICABLE,4700,S,LAKE SHORE DR SB,222,,,,,,,2,NO INDICATION OF INJURY,0,0,0,0,0,2,0,19,6,2,41.8105925,-87.58937111,POINT (-87.589371111902 41.810592498867)
6ac2f5aef59f1edb664ceb8debd70d5e79743cb43c193a82f25266664a5fd7030be7d3bb79e2f40a89d092a5501a8f74b34b63d90f680a370efb08c926c837a9,JD335683,,8/14/2020 19:00,30,STOP SIGN/FLASHER,FUNCTIONING PROPERLY,CLEAR,DAYLIGHT,PEDALCYCLIST,NOT DIVIDED,,STRAIGHT AND LEVEL,DRY,UNKNOWN,,NO INJURY / DRIVE AWAY,,,Y,"OVER $1,500",8/17/2020 15:52,UNABLE TO DETERMINE,UNABLE TO DETERMINE,3200,S,NORMAL AVE,915,,,,,,,2,NO INDICATION OF INJURY,0,0,0,0,0,2,0,19,6,8,41.83622622,-87.63907215,POINT (-87.639072148584 41.8362262232)
8775a01901c45ed7b94c326c02158bf2f1b684abd3d121ef48a8867f2e9593cefa4d3a0903bcaf6626feb36644655cebdb96ab2626010502a3de290063f734f2,JC365461,,7/26/2019 13:45,30,TRAFFIC SIGNAL,FUNCTIONING PROPERLY,CLEAR,DAYLIGHT,REAR END,UNKNOWN,,STRAIGHT AND LEVEL,UNKNOWN,UNKNOWN,,NO INJURY / DRIVE AWAY,Y,,,"OVER $1,500",7/26/2019 14:05,UNABLE TO DETERMINE,NOT APPLICABLE,1001,S,HALSTED ST,1232,,,,,,,3,NO INDICATION OF INJURY,0,0,0,0,0,4,0,13,6,7,41.8695671,-87.64681299,POINT (-87.646812992454 41.869567098658)
8795432258f2742dd9c9a35c93733ccc17e3ffcbdb3bbb0677c2cc90cba017a6ba00fc3bb4cd6db1b41c2cf7f3617e3e9921b79463224b3b656e156c816dc7ca,JE313743,,7/25/2021 14:34,30,STOP SIGN/FLASHER,FUNCTIONING PROPERLY,CLEAR,DAYLIGHT,TURNING,NOT DIVIDED,,STRAIGHT AND LEVEL,DRY,NO DEFECTS,,INJURY AND / OR TOW DUE TO CRASH,Y,,Y,"OVER $1,500",7/25/2021 15:02,FAILING TO YIELD RIGHT-OF-WAY,NOT APPLICABLE,4132,W,ARMITAGE AVE,2525,,,,,,,2,NO INDICATION OF INJURY,0,0,0,0,0,6,0,14,1,7,41.91722646,-87.73036439,POINT (-87.730364389372 41.917226462111)
8838c0ca56f2ec8620895e20c67da8dfc9de2e78296e89d3b245d66370b92d85cbc300efc260bddaca14f9ba89e7d764226f2c6282f8b09c59fecfc49a16bf97,JF186269,,3/24/2022 19:00,20,NO CONTROLS,NO CONTROLS,CLEAR,DAYLIGHT,PARKED MOTOR VEHICLE,NOT DIVIDED,,STRAIGHT AND LEVEL,DRY,NO DEFECTS,NOT ON SCENE (DESK REPORT),NO INJURY / DRIVE AWAY,,,,"OVER $1,500",3/25/2022 14:40,DRIVING SKILLS/KNOWLEDGE/EXPERIENCE,NOT APPLICABLE,6910,S,KIMBARK AVE,321,,,,,,,2,NO INDICATION OF INJURY,0,0,0,0,0,1,0,19,5,3,41.76950902,-87.59417635,POINT (-87.594176351801 41.769509020022)
3692b08668f547a4ae5c1556aa4d3c0f051ed74ffdae965849bd8000f4efc505adba64a36063cb536d87752096917780da7e8fb70e8e7ad50e36a0469651d8d7,JF148685,,2/18/2022 14:00,30,NO CONTROLS,NO CONTROLS,CLEAR,DAYLIGHT,SIDESWIPE SAME DIRECTION,NOT DIVIDED,,STRAIGHT AND LEVEL,DRY,NO DEFECTS,NOT ON SCENE (DESK REPORT),NO INJURY / DRIVE AWAY,,,,"$501 - $1,500",2/18/2022 15:30,FAILING TO YIELD RIGHT-OF-WAY,UNABLE TO DETERMINE,820,N,RACINE AVE,1213,,,,,,,2,NO INDICATION OF INJURY,0,0,0,0,0,3,0,14,6,2,41.89695075,-87.65768178,POINT (-87.657681777284 41.896950750579)
25a7e4b02f778ab556cc41bc9af41fcba603f166b61c804566331b1ba06254ac41cffe4b1fc788966c4fbad6cda19bd9eb8294f64c1fcbb5b0c11c51978810af,JF157696,,2/25/2022 10:00,30,NO CONTROLS,NO CONTROLS,CLEAR,DAYLIGHT,PARKED MOTOR VEHICLE,NOT DIVIDED,,STRAIGHT AND LEVEL,ICE,NO DEFECTS,NOT ON SCENE (DESK REPORT),NO INJURY / DRIVE AWAY,,,,"OVER $1,500",2/27/2022 13:50,WEATHER,UNABLE TO DETERMINE,10404,S,SANGAMON ST,2232,,,,,,,2,NO INDICATION OF INJURY,0,0,0,0,0,1,0,10,6,2,41.70485683,-87.64656444,POINT (-87.646564435279 41.704856828614)
6bdbf25716ed3f6b7a6fb2de0d9ff3a4e6742a1efee5c411cc3f5afc35065d778808af30de76041961f7c2e3ecbfc96ebd308ed3ae287307224db7442ff18047,JF177832,,3/18/2022 4:50,35,NO CONTROLS,NO CONTROLS,CLEAR,"DARKNESS, LIGHTED ROAD",TURNING,NOT DIVIDED,,STRAIGHT ON GRADE,DRY,UNKNOWN,ON SCENE,INJURY AND / OR TOW DUE TO CRASH,,,,"OVER $1,500",3/18/2022 4:54,IMPROPER TURNING/NO SIGNAL,FAILING TO REDUCE SPEED TO AVOID CRASH,1901,E,130TH ST,434,,,,,,,2,NONINCAPACITATING INJURY,1,0,0,1,0,1,0,4,6,3,41.65908508,-87.57849023,POINT (-87.578490230276 41.659085084078)
2610d5febbce83b142c0fbd50d8d8e5da7fe77a4ee4aed9c30d389df23e817b53a6a4db614c5c4a95d157387f32af4fee8649c8e75f7f230bdc375e49a532894,JF156037,,2/25/2022 5:40,30,NO CONTROLS,NO CONTROLS,SNOW,DAYLIGHT,SIDESWIPE SAME DIRECTION,NOT DIVIDED,,STRAIGHT AND LEVEL,SNOW OR SLUSH,NO DEFECTS,NOT ON SCENE (DESK REPORT),NO INJURY / DRIVE AWAY,,,,"$501 - $1,500",2/25/2022 18:43,NOT APPLICABLE,NOT APPLICABLE,6300,S,KOSTNER AVE,813,,,,,,,2,NO INDICATION OF INJURY,0,0,0,0,0,2,0,5,6,2,41.77851853,-87.73267231,POINT (-87.732672305973 41.778518528532)
6d7984c58392f356018af2abacafdede49a25417d0ba69c934cfc5645245ef27f234256b1814e46dc366dbee7a35c83a0c3416c218ed7cb9bc37618aa5e29736,JF177878,,3/18/2022 6:30,30,NO CONTROLS,NO CONTROLS,CLOUDY/OVERCAST,DAYLIGHT,SIDESWIPE SAME DIRECTION,NOT DIVIDED,,STRAIGHT AND LEVEL,DRY,NO DEFECTS,NOT ON SCENE (DESK REPORT),NO INJURY / DRIVE AWAY,,,,"$501 - $1,500",3/18/2022 6:45,IMPROPER LANE USAGE,NOT APPLICABLE,6402,N,HARLEM AVE,1611,,,,,,,2,NO INDICATION OF INJURY,0,0,0,0,0,2,0,6,6,3,41.99707833,-87.80694709,POINT (-87.806947086136 41.99707833416)
264ff767ccca540b13bb4fc85afddfaea455fef677dafcda00ca6839cf825d558ccf5f3d5b3ee56b1a623e5c7232e2c79163677937e8e67f326703d0ff349a63,JF156000,,2/25/2022 13:49,30,STOP SIGN/FLASHER,NO CONTROLS,CLEAR,DAYLIGHT,TURNING,ONE-WAY,,STRAIGHT AND LEVEL,DRY,UNKNOWN,NOT ON SCENE (DESK REPORT),NO INJURY / DRIVE AWAY,,,,"OVER $1,500",2/25/2022 18:15,UNABLE TO DETERMINE,UNABLE TO DETERMINE,2600,N,AVERS AVE,2524,,,,,,,2,NO INDICATION OF INJURY,0,0,0,0,0,2,0,13,6,2,41.92828113,-87.72335934,POINT (-87.723359339856 41.92828113247)
3811d16fcb8435395b31c0bf1c8a1f3c7fe2f087744e4f3af3de62c2d0fe18e8a2eb20f87229464c39b607cd26b27bbd2ee35fd9978989b2ae879b2070026df9,JF148488,,2/18/2022 12:30,30,TRAFFIC SIGNAL,FUNCTIONING PROPERLY,CLEAR,DAYLIGHT,TURNING,DIVIDED - W/MEDIAN (NOT RAISED),,STRAIGHT AND LEVEL,WET,NO DEFECTS,ON SCENE,INJURY AND / OR TOW DUE TO CRASH,Y,,,"OVER $1,500",2/18/2022 12:33,IMPROPER TURNING/NO SIGNAL,NOT APPLICABLE,2600,W,CERMAK RD,1023,,,,,,,2,NONINCAPACITATING INJURY,4,0,0,1,3,0,0,12,6,2,41.85207667,-87.69066898,POINT (-87.690668980147 41.852076668966)
381f38dba6867042e5ea404d919db0654065be9859fa200992730c778d01c512d4303cec44cae36f3ffabbc9cc1958ddac7ba4fb44d4466895afb242026608de,JF148197,,2/18/2022 7:50,30,STOP SIGN/FLASHER,FUNCTIONING PROPERLY,CLEAR,DAYLIGHT,REAR END,DIVIDED - W/MEDIAN BARRIER,,STRAIGHT AND LEVEL,DRY,NO DEFECTS,NOT ON SCENE (DESK REPORT),NO INJURY / DRIVE AWAY,Y,,,"$501 - $1,500",2/18/2022 8:00,FOLLOWING TOO CLOSELY,NOT APPLICABLE,5150,N,NORTHWEST HWY,1623,,,,,,,2,NO INDICATION OF INJURY,0,0,0,0,0,2,0,7,6,2,41.97396273,-87.76647598,POINT (-87.766475980162 41.973962728945)
3891603f46ec9dcee24294855c0133db60bab4c34331f5338bf6e656a2f89abfb486add7925477a8317a30f60f203a36fa1de8e2f7ff135d3ea985e5927d5ab1,JF148574,,2/18/2022 12:30,30,STOP SIGN/FLASHER,UNKNOWN,SNOW,DAYLIGHT,REAR END,ONE-WAY,,STRAIGHT AND LEVEL,SNOW OR SLUSH,UNKNOWN,NOT ON SCENE (DESK REPORT),NO INJURY / DRIVE AWAY,Y,,Y,"OVER $1,500",2/18/2022 13:50,FOLLOWING TOO CLOSELY,NOT APPLICABLE,7400,S,MICHIGAN AVE,323,,,,,,,2,NO INDICATION OF INJURY,0,0,0,0,0,3,0,12,6,2,41.76002129,-87.62171828,POINT (-87.621718274889 41.760021286527)
6e74cdd6bcaafa334cbf9e2f5a45c7c19a01c50d2fb4c324eee61850f66aa1928917be45c4fce5f24f2f49ac64ebf72241b5926b645a996851b2c570d7de7352,JF178622,,3/18/2022 16:50,35,TRAFFIC SIGNAL,FUNCTIONING PROPERLY,RAIN,DAYLIGHT,SIDESWIPE SAME DIRECTION,DIVIDED - W/MEDIAN (NOT RAISED),,STRAIGHT AND LEVEL,WET,NO DEFECTS,NOT ON SCENE (DESK REPORT),NO INJURY / DRIVE AWAY,Y,,,"$501 - $1,500",3/18/2022 18:05,IMPROPER OVERTAKING/PASSING,UNABLE TO DETERMINE,630,W,LAKE ST,1214,,,,,,,2,NO INDICATION OF INJURY,0,0,0,0,0,2,0,16,6,3,41.88580702,-87.6441719,POINT (-87.644171894657 41.885807019662)
5f91d53123b430c4d9d2640b036bb0bce9ac6533907620d379c1cbb00623f45987fc834004bc18a02037b4712f0960ca1b05925c16a77ec76d46d0cf0a84d7d8,JF163339,,3/4/2022 15:25,30,NO CONTROLS,NO CONTROLS,CLEAR,DAYLIGHT,SIDESWIPE SAME DIRECTION,ONE-WAY,,STRAIGHT AND LEVEL,UNKNOWN,UNKNOWN,NOT ON SCENE (DESK REPORT),NO INJURY / DRIVE AWAY,,,,"OVER $1,500",3/4/2022 17:10,IMPROPER OVERTAKING/PASSING,NOT APPLICABLE,60,W,WALTON ST,1832,,,,,,,2,NO INDICATION OF INJURY,0,0,0,0,0,2,0,15,6,3,41.89990829,-87.6305534,POINT (-87.630553397691 41.899908290324)
397b0063dbe988ef6324e78379ed5ddd6cbec2b1bfff99d32af2dccbb1ee0477c493ce36da69a7c2183be3fe4570434b1a180694a9d20d0c683928091befb468,JF148954,,2/18/2022 19:36,30,TRAFFIC SIGNAL,FUNCTIONING PROPERLY,CLEAR,"DARKNESS, LIGHTED ROAD",TURNING,T-INTERSECTION,,STRAIGHT AND LEVEL,WET,UNKNOWN,ON SCENE,NO INJURY / DRIVE AWAY,Y,,,"OVER $1,500",2/18/2022 19:39,FAILING TO YIELD RIGHT-OF-WAY,NOT APPLICABLE,5928,N,CLARK ST,2012,,,,,,,2,NO INDICATION OF INJURY,0,0,0,0,0,4,0,19,6,2,41.98924389,-87.67009932,POINT (-87.670099322787 41.989243884881)
295b7781e02836c2e2581cb7d4f9a9fb4afa1bbfbf333eedbd9e6feb2c9177c6183fb93f53cbdbb9d937dd2ff78d62aa2bb21fda10de81b5564bc335e3ab7002,JF155360,,2/25/2022 8:15,30,STOP SIGN/FLASHER,FUNCTIONING IMPROPERLY,SNOW,DAYLIGHT,TURNING,FOUR WAY,,STRAIGHT AND LEVEL,SNOW OR SLUSH,NO DEFECTS,ON SCENE,NO INJURY / DRIVE AWAY,Y,,,$500 OR LESS,2/25/2022 8:20,FAILING TO YIELD RIGHT-OF-WAY,NOT APPLICABLE,12200,S,MICHIGAN AVE,532,,,,,,,2,NO INDICATION OF INJURY,0,0,0,0,0,2,0,8,6,2,41.67253714,-87.62049085,POINT (-87.620490844704 41.67253713888)
73ac9d840c47ee250e7f7da7f458281b508df15557e1742b253e9c4ecc3f6630d6d9c3a25eeb34576e811139b02632054a37a3703e57375b1680b3d28017a786,JF178283,Y,3/18/2022 6:00,15,NO CONTROLS,NO CONTROLS,UNKNOWN,UNKNOWN,PARKED MOTOR VEHICLE,ALLEY,,STRAIGHT AND LEVEL,UNKNOWN,NO DEFECTS,NOT ON SCENE (DESK REPORT),NO INJURY / DRIVE AWAY,,,Y,"OVER $1,500",3/18/2022 13:25,UNABLE TO DETERMINE,NOT APPLICABLE,1530,S,RIDGEWAY AVE,1014,,,,,,,2,NO INDICATION OF INJURY,0,0,0,0,0,1,0,6,6,3,41.85981566,-87.7190368,POINT (-87.719036798386 41.859815662212)