CRASH_RECORD_ID,RD_NO,CRASH_DATE_EST_I,CRASH_DATE,POSTED_SPEED_LIMIT,TRAFFIC_CONTROL_DEVICE,DEVICE_CONDITION,WEATHER_CONDITION,LIGHTING_CONDITION,FIRST_CRASH_TYPE,TRAFFICWAY_TYPE,LANE_CNT,ALIGNMENT,ROADWAY_SURFACE_COND,ROAD_DEFECT,REPORT_TYPE,CRASH_TYPE,INTERSECTION_RELATED_I,NOT_RIGHT_OF_WAY_I,HIT_AND_RUN_I,DAMAGE,DATE_POLICE_NOTIFIED,PRIM_CONTRIBUTORY_CAUSE,SEC_CONTRIBUTORY_CAUSE,STREET_NO,STREET_DIRECTION,STREET_NAME,BEAT_OF_OCCURRENCE,PHOTOS_TAKEN_I,STATEMENTS_TAKEN_I,DOORING_I,WORK_ZONE_I,WORK_ZONE_TYPE,WORKERS_PRESENT_I,NUM_UNITS,MOST_SEVERE_INJURY,INJURIES_TOTAL,INJURIES_FATAL,INJURIES_INCAPACITATING,INJURIES_NON_INCAPACITATING,INJURIES_REPORTED_NOT_EVIDENT,INJURIES_NO_INDICATION,INJURIES_UNKNOWN,CRASH_HOUR,CRASH_DAY_OF_WEEK,CRASH_MONTH,LATITUDE,LONGITUDE,LOCATION
73f8d067b82ecc4c378b7e0f39f1cf4b2cae26f57135d2717dd901bad00910ceb055d3c725d9c7de62aa926b3ffe39ebb2c8e87e22b0748c9e3c1cdbc9ab4b37,JF182063,,3/18/2022 21:55,30,NO CONTROLS,NO CONTROLS,UNKNOWN,"DARKNESS, LIGHTED ROAD",SIDESWIPE SAME DIRECTION,NOT DIVIDED,,STRAIGHT AND LEVEL,UNKNOWN,UNKNOWN,NOT ON SCENE (DESK REPORT),NO INJURY / DRIVE AWAY,Y,,,"OVER $1,500",3/21/2022 23:30,UNABLE TO DETERMINE,NOT APPLICABLE,1434,W,IRVING PARK RD,1912,,,,,,,2,NO INDICATION OF INJURY,0,0,0,0,0,2,0,21,6,3,41.95444516,-87.66561233,POINT (-87.665612331554 41.954445157325)
74692116477ff1f11510364d42faa83eee200d7f85f0451f716971b0aceab4036ce7873af5b312e4438f7a16c495bcacc813a1f1e9234d5ebd803aba1c3b7918,JF179340,,3/18/2022 15:28,25,NO CONTROLS,NO CONTROLS,CLEAR,DAYLIGHT,PARKED MOTOR VEHICLE,NOT DIVIDED,,STRAIGHT AND LEVEL,DRY,NO DEFECTS,NOT ON SCENE (DESK REPORT),NO INJURY / DRIVE AWAY,,,,"OVER $1,500",3/19/2022 13:28,FAILING TO YIELD RIGHT-OF-WAY,FAILING TO YIELD RIGHT-OF-WAY,5316,S,KEELER AVE,815,,,,,,,2,NO INDICATION OF INJURY,0,0,0,0,0,2,0,15,6,3,41.79628339,-87.72829692,POINT (-87.728296919372 41.796283387363)
3ba068e4da4a8698300bfc3f9b77604291ee1021f7960532bba260bf17a08e184df8b25e3eed6714378f0f1fcdf7ac6ca19a9b85d15a586fee072cd3580dc0f3,JF148730,,2/18/2022 15:15,30,NO CONTROLS,NO CONTROLS,CLEAR,DAYLIGHT,PARKED MOTOR VEHICLE,NOT DIVIDED,,STRAIGHT AND LEVEL,UNKNOWN,UNKNOWN,NOT ON SCENE (DESK REPORT),NO INJURY / DRIVE AWAY,,,Y,"OVER $1,500",2/18/2022 16:15,UNABLE TO DETERMINE,NOT APPLICABLE,12218,S,MICHIGAN AVE,532,,,,,,,2,NO INDICATION OF INJURY,0,0,0,0,0,1,0,15,6,2,41.6719218,-87.62047182,POINT (-87.620471817457 41.671921799098)
8e2ab8ca5eb0332aa4ec82a6d7b9284190af81dae6b62db2cef323dd81935bb6df13da8d51570bd65824ae00bd5780edce070b4fe85b30b03e9b293a8d7ea933,,,4/7/2022 16:25,35,NO CONTROLS,NO CONTROLS,CLEAR,DAYLIGHT,PARKED MOTOR VEHICLE,ONE-WAY,,STRAIGHT AND LEVEL,DRY,NO DEFECTS,,NO INJURY / DRIVE AWAY,,,Y,"OVER $1,500",4/7/2022 18:50,IMPROPER OVERTAKING/PASSING,UNABLE TO DETERMINE,7800,S,CHAMPLAIN AVE,624,,,,,,,2,NO INDICATION OF INJURY,0,0,0,0,0,1,0,16,5,4,41.75295224,-87.60906197,POINT (-87.609061969611 41.752952238362)
62185b7d6dfe2ef5635dfa1578771a1539248ce6438882f10fef2904fc40cfdb529c669e02098bf02ee920993775a4d04b508ddaffd25da4bcc378cf8a8a7279,JF164049,,3/4/2022 9:15,35,NO CONTROLS,NO CONTROLS,UNKNOWN,DAYLIGHT,OTHER OBJECT,DIVIDED - W/MEDIAN BARRIER,,STRAIGHT AND LEVEL,UNKNOWN,"RUT, HOLES",NOT ON SCENE (DESK REPORT),NO INJURY / DRIVE AWAY,,,,"$501 - $1,500",3/5/2022 11:10,UNABLE TO DETERMINE,NOT APPLICABLE,3000,N,LAKE SHORE DR NB,1934,,,,,,,1,NO INDICATION OF INJURY,0,0,0,0,0,1,0,9,6,3,41.93662001,-87.63405348,POINT (-87.634053483713 41.936620005711)
62362ee9e8a5959e9f603686ea36ef36274df40eee8c6985386912e26f51faac9a39f98f66d0a2b931e326d8e8ae5a58e3e14191935351b98680268ba1fd269f,JF162831,,3/4/2022 9:01,30,NO CONTROLS,NO CONTROLS,CLEAR,DAYLIGHT,REAR END,OTHER,,STRAIGHT AND LEVEL,DRY,NO DEFECTS,NOT ON SCENE (DESK REPORT),NO INJURY / DRIVE AWAY,,,Y,"OVER $1,500",3/4/2022 10:00,UNABLE TO DETERMINE,UNABLE TO DETERMINE,7515,S,STONY ISLAND AVE,411,,,,,,,2,NO INDICATION OF INJURY,0,0,0,0,0,2,0,9,6,3,41.75831427,-87.58558229,POINT (-87.585582286248 41.75831426463)
c5ebf0e51e7b4e6e01d0dbed0d739c771d9ba204fbce9e3abf11c2fe8d1729bfa01263480c2f448093c4aca59e4c5746bc3301c7df01636ca45695abd68faf0e,JF170092,,3/11/2022 6:55,30,NO CONTROLS,NO CONTROLS,CLEAR,DAYLIGHT,FIXED OBJECT,DRIVEWAY,,STRAIGHT AND LEVEL,WET,NO DEFECTS,NOT ON SCENE (DESK REPORT),NO INJURY / DRIVE AWAY,,,,$500 OR LESS,3/11/2022 8:30,NOT APPLICABLE,NOT APPLICABLE,1110,N,LAKE SHORE DR,1824,,,,,,,1,NO INDICATION OF INJURY,0,0,0,0,0,2,0,6,6,3,41.90281543,-87.62477194,POINT (-87.624771937099 41.90281542477)
3c53719b1991b3563de812f540e8936ac9550977eca983f3e8bafb65368012959648ffffbf0894840e3b011e739bb7866ce60a2e4c1c264503d0cee9159b724a,JF149095,,2/18/2022 23:38,30,TRAFFIC SIGNAL,FUNCTIONING PROPERLY,CLEAR,"DARKNESS, LIGHTED ROAD",HEAD ON,T-INTERSECTION,,STRAIGHT AND LEVEL,WET,UNKNOWN,ON SCENE,INJURY AND / OR TOW DUE TO CRASH,Y,,,"$501 - $1,500",2/18/2022 23:40,UNDER THE INFLUENCE OF ALCOHOL/DRUGS (USE WHEN ARREST IS EFFECTED),DRIVING ON WRONG SIDE/WRONG WAY,6900,S,LAFAYETTE AVE,731,,,,,,,2,NO INDICATION OF INJURY,0,0,0,0,0,2,0,23,6,2,41.76915534,-87.62681268,POINT (-87.626812676272 41.769155335336)
8e67487b07e1cbbec7bc2a63afcdd077716d5c4cc6fc6a917b8ae685e33358bdb70fea7072e87d75848d1bb6f6cefaab98e84d3b77b94315bb5e165f541b3442,JF151245,,2/21/2022 10:20,35,NO CONTROLS,NO CONTROLS,CLEAR,DAYLIGHT,REAR END,DIVIDED - W/MEDIAN BARRIER,,STRAIGHT AND LEVEL,DRY,NO DEFECTS,,NO INJURY / DRIVE AWAY,,,,"OVER $1,500",2/21/2022 10:30,NOT APPLICABLE,NOT APPLICABLE,11615,S,WESTERN AVE,2212,,,,,,,2,NO INDICATION OF INJURY,0,0,0,0,0,2,0,10,2,2,41.68208153,-87.68070598,POINT (-87.680705981403 41.682081526861)
8ea156310bcedaf034ae75e773e3baa506432c45835beb4716cb14c2f468f531b13651ba2a3f5a2b085a904b449a4dc55b185ebfe3545ad63ddaa18ffac00d4a,JD325438,,8/8/2020 17:50,20,NO CONTROLS,NO CONTROLS,CLEAR,DAYLIGHT,PARKED MOTOR VEHICLE,ONE-WAY,,STRAIGHT AND LEVEL,DRY,NO DEFECTS,,NO INJURY / DRIVE AWAY,,,Y,"OVER $1,500",8/8/2020 19:00,UNABLE TO DETERMINE,UNABLE TO DETERMINE,356,S,LOTUS AVE,1522,,,,,,,2,NO INDICATION OF INJURY,0,0,0,0,0,1,0,17,7,8,41.87486731,-87.76177116,POINT (-87.761771155094 41.874867306696)
2cb7c713f260d502a15ec91c11685cd671512cc141033623643f32fa96c9e41c08d5ab7ad8e5ff0d0fd4290ed7d617f2ab23736db28648fb614aa660d0f5e8f8,JF155429,,2/25/2022 5:30,30,NO CONTROLS,NO CONTROLS,SNOW,"DARKNESS, LIGHTED ROAD",PARKED MOTOR VEHICLE,ONE-WAY,,STRAIGHT AND LEVEL,SNOW OR SLUSH,UNKNOWN,NOT ON SCENE (DESK REPORT),NO INJURY / DRIVE AWAY,,,Y,"$501 - $1,500",2/25/2022 9:30,UNABLE TO DETERMINE,UNABLE TO DETERMINE,5428,W,HURON ST,1524,,,,,,,2,NO INDICATION OF INJURY,0,0,0,0,0,1,0,5,6,2,41.89306251,-87.76181596,POINT (-87.761815956123 41.893062507973)
2ce1edf0852b56699b724011641cdba0a47e3ba855493825a8edfd4384c05637c658385924b897ac71fc04818ef5b43f9984673bf6c3874a642994ad97b91594,JF156234,,2/25/2022 23:08,30,NO CONTROLS,NO CONTROLS,CLEAR,"DARKNESS, LIGHTED ROAD",PARKED MOTOR VEHICLE,NOT DIVIDED,,STRAIGHT AND LEVEL,DRY,NO DEFECTS,ON SCENE,INJURY AND / OR TOW DUE TO CRASH,,,,"OVER $1,500",2/25/2022 23:08,UNDER THE INFLUENCE OF ALCOHOL/DRUGS (USE WHEN ARREST IS EFFECTED),NOT APPLICABLE,3512,W,POLK ST,1133,,,,,,,3,NO INDICATION OF INJURY,0,0,0,0,0,1,0,23,6,2,41.87097935,-87.71370373,POINT (-87.71370372802 41.870979349688)
3d2c005d2290320c7a37eb41cb2e721551ace13058e0b7424895536e9f8090c1c7258455af560c87e6b8a72cde32da380bd15244eccf5d1fd81612cfc01c1efc,JF149578,,2/18/2022 18:00,30,NO CONTROLS,NO CONTROLS,CLEAR,DAYLIGHT,REAR END,NOT DIVIDED,,STRAIGHT AND LEVEL,DRY,NO DEFECTS,NOT ON SCENE (DESK REPORT),NO INJURY / DRIVE AWAY,,,,"$501 - $1,500",2/19/2022 14:29,NOT APPLICABLE,NOT APPLICABLE,5922,W,55TH ST,811,,,,,,,2,NO INDICATION OF INJURY,0,0,0,0,0,2,0,18,6,2,41.79267858,-87.77069907,POINT (-87.770699070671 41.792678584116)
2cab4e8388a11eae9ed692ddeb2ea71433e58258a7016c1a6869f54603b54bb94f924c514f39f377da692c96e62cc1312eec6f9e8a88e6db8e243c39063d1403,JE262488,,6/11/2021 18:19,30,TRAFFIC SIGNAL,FUNCTIONING PROPERLY,CLEAR,DAYLIGHT,TURNING,ONE-WAY,,STRAIGHT AND LEVEL,UNKNOWN,UNKNOWN,,INJURY AND / OR TOW DUE TO CRASH,,,Y,"OVER $1,500",6/11/2021 19:06,IMPROPER TURNING/NO SIGNAL,IMPROPER TURNING/NO SIGNAL,3736,W,ROOSEVELT RD,1133,,,,,,,2,NONINCAPACITATING INJURY,1,0,0,1,0,4,0,18,6,6,41.86635834,-87.71944604,POINT (-87.719446041455 41.866358339184)
62fa47d5604ee09cba8d72bfea6c96b5cd88308f687714d5d1aff9ef142693944ad2325e09a82d668202d5f76c53cde50c5615e8682e9cdfb1afee79f60c2ff5,JE291564,,7/4/2021 23:50,35,NO CONTROLS,NO CONTROLS,CLEAR,"DARKNESS, LIGHTED ROAD",PEDESTRIAN,DIVIDED - W/MEDIAN BARRIER,,STRAIGHT AND LEVEL,DRY,NO DEFECTS,,INJURY AND / OR TOW DUE TO CRASH,,,N,"OVER $1,500",7/5/2021 23:50,UNABLE TO DETERMINE,UNABLE TO DETERMINE,8200,S,STONY ISLAND AVE,411,,,,,,,2,INCAPACITATING INJURY,1,0,1,0,0,3,0,23,1,7,41.74592826,-87.58599491,POINT (-87.585994910205 41.745928258449)
c68cb53a26ba134a17a5b1eb33c57bc34c78658e7b933123bde637747fbfbf3cc19d2e6debc29a615c9bb3697fc4347d739e899f3776b33933de45d022595989,JE230456,,5/14/2021 21:59,30,TRAFFIC SIGNAL,FUNCTIONING PROPERLY,CLEAR,"DARKNESS, LIGHTED ROAD",TURNING,DIVIDED - W/MEDIAN BARRIER,,STRAIGHT AND LEVEL,DRY,NO DEFECTS,,INJURY AND / OR TOW DUE TO CRASH,Y,,N,"OVER $1,500",5/14/2021 23:01,DISREGARDING OTHER TRAFFIC SIGNS,UNABLE TO DETERMINE,1200,S,ASHLAND AVE,1233,,,,,,,3,NO INDICATION OF INJURY,0,0,0,0,0,2,0,21,6,5,41.86681578,-87.66652926,POINT (-87.666529262922 41.86681578431)
3d6c2b7e35280bdda57afcbd41653228e8a4b8408d62c18f9c3fd8bc5870704399aa229ff4bf2b63c31d064329fe531da9e732f9d30db2a33c7e77ef325b7d46,JF148933,,2/18/2022 19:10,30,NO CONTROLS,NO CONTROLS,CLEAR,"DARKNESS, LIGHTED ROAD",REAR END,DIVIDED - W/MEDIAN (NOT RAISED),,STRAIGHT AND LEVEL,DRY,UNKNOWN,NOT ON SCENE (DESK REPORT),NO INJURY / DRIVE AWAY,,,,"OVER $1,500",2/18/2022 19:40,UNABLE TO DETERMINE,UNABLE TO DETERMINE,3016,S,KEDZIE AVE,1032,,,,,,,2,NO INDICATION OF INJURY,0,0,0,0,0,2,0,19,6,2,41.83851046,-87.70500595,POINT (-87.7050059497 41.83851046013)
2df0376771aa75e6b04e29ef59b6f2b0df23b1bf7bdb3d84d063936d519f383c9946379f5767d38f06d3aff6566eef61466bda252757d1b7f95171ed29b1efc2,JF156216,,2/25/2022 23:01,5,NO CONTROLS,NO CONTROLS,CLEAR,DARKNESS,SIDESWIPE SAME DIRECTION,ONE-WAY,,STRAIGHT AND LEVEL,WET,NO DEFECTS,ON SCENE,NO INJURY / DRIVE AWAY,,,,"OVER $1,500",2/25/2022 23:01,UNABLE TO DETERMINE,UNABLE TO DETERMINE,8700,S,CHICAGO SKYWAY IB,412,,,,,,,2,NO INDICATION OF INJURY,0,0,0,0,0,2,0,23,6,2,41.73703584,-87.56858696,POINT (-87.568586961549 41.73703583882)
3e21c2d477ecd5632b5e7452f7f074b7fd05c7c282fb1bb31f437eda986ee4b7809b0ba1b377d0b10e12e2ddd378045aefe6dbcb1555eb51d318f85d8bb20e19,JF149363,,2/18/2022 19:25,30,TRAFFIC SIGNAL,FUNCTIONING PROPERLY,CLEAR,"DARKNESS, LIGHTED ROAD",PEDESTRIAN,NOT DIVIDED,,STRAIGHT AND LEVEL,DRY,UNKNOWN,NOT ON SCENE (DESK REPORT),INJURY AND / OR TOW DUE TO CRASH,Y,,Y,$500 OR LESS,2/19/2022 10:49,FAILING TO YIELD RIGHT-OF-WAY,NOT APPLICABLE,1230,N,MILWAUKEE AVE,1424,,,,,,,2,NONINCAPACITATING INJURY,1,0,0,1,0,1,0,19,6,2,41.90401166,-87.66772941,POINT (-87.667729409025 41.904011655599)
3e2f53aa7af50ebdf079bf42b56c63e96335921d1d5ae486151ed0a0bbacf8e5674936abc790feb380cdbf8630c7f256ea380bd44d45497d5836368bc9964e55,JF148202,,2/18/2022 8:01,25,NO CONTROLS,NO CONTROLS,CLEAR,DAYLIGHT,FIXED OBJECT,NOT DIVIDED,,STRAIGHT AND LEVEL,SNOW OR SLUSH,NO DEFECTS,ON SCENE,NO INJURY / DRIVE AWAY,,,,"$501 - $1,500",2/18/2022 8:03,WEATHER,FAILING TO YIELD RIGHT-OF-WAY,10500,S,CLAREMONT AVE,2212,,,,,,,1,NO INDICATION OF INJURY,0,0,0,0,0,1,0,8,6,2,41.70263905,-87.68041826,POINT (-87.680418262164 41.702639054326)
8fb7fa255092012a0a9145774ac8155d9b4eb6bf11f3f59c9a8e385a14b57ace5c25375f01920a013bc28f4174b44f89a38f36b656b70e30f8da73c4b7236fb2,JE185179,,3/24/2022 14:35,30,TRAFFIC SIGNAL,FUNCTIONING PROPERLY,CLEAR,DAYLIGHT,REAR END,NOT DIVIDED,,STRAIGHT AND LEVEL,WET,NO DEFECTS,NOT ON SCENE (DESK REPORT),NO INJURY / DRIVE AWAY,,,,$500 OR LESS,3/24/2022 15:50,UNABLE TO DETERMINE,NOT APPLICABLE,410,S,HALSTED ST,1232,,,,,,,2,NO INDICATION OF INJURY,0,0,0,0,0,2,0,14,5,3,41.87638179,-87.647341,POINT (-87.647340998269 41.876381789709)
2dd14b8824f11e74a76794fd9c0aba4ea0810baa8b240cc645954b5038f7c9599c9997ed4d6397f57a790d7401be3330c5f3b3a0b0ce89ed6c3285f54154dc78,JD235101,,5/17/2020 15:30,30,NO CONTROLS,NO CONTROLS,RAIN,DAYLIGHT,REAR END,NOT DIVIDED,,STRAIGHT AND LEVEL,WET,NO DEFECTS,,NO INJURY / DRIVE AWAY,,,Y,"$501 - $1,500",5/17/2020 16:42,UNABLE TO DETERMINE,UNABLE TO DETERMINE,13000,S,INDIANA AVE,533,,,,,,,2,NO INDICATION OF INJURY,0,0,0,0,0,2,0,15,1,5,41.65900922,-87.61744791,POINT (-87.617447906473 41.659009215787)
631d23f3f520015cda876aeb3cf0e45b3fe60af47e322a0e276b5e7ff73479ad32fbbfb162283b380777413cbcfe769cc6f9c24c44effa4439ab383710a51232,JE167050,,3/12/2021 13:40,15,NO CONTROLS,NO CONTROLS,OTHER,DAWN,PARKED MOTOR VEHICLE,PARKING LOT,,STRAIGHT AND LEVEL,DRY,NO DEFECTS,,NO INJURY / DRIVE AWAY,,,Y,$500 OR LESS,3/12/2021 14:15,FAILING TO REDUCE SPEED TO AVOID CRASH,NOT APPLICABLE,1101,S,CANAL ST,124,,,,,,,2,NO INDICATION OF INJURY,0,0,0,0,0,1,0,13,6,3,41.86888971,-87.63909893,POINT (-87.639098928088 41.868889711112)
3e4f5f89169819ec6647518802ccfd9cdce258b8cb8dc994917d80f1b3a5d2e75f4e17b6163ce14edfa13d69226a4ba8ec8809ad5f4e759002f880a7dcb779a6,JF148424,,2/18/2022 10:45,30,TRAFFIC SIGNAL,FUNCTIONING PROPERLY,CLEAR,DAYLIGHT,TURNING,NOT DIVIDED,,STRAIGHT AND LEVEL,SNOW OR SLUSH,NO DEFECTS,NOT ON SCENE (DESK REPORT),NO INJURY / DRIVE AWAY,Y,,Y,"OVER $1,500",2/18/2022 11:00,UNABLE TO DETERMINE,NOT APPLICABLE,7100,S,STONY ISLAND AVE,324,,,,,,,2,NO INDICATION OF INJURY,0,0,0,0,0,2,0,10,6,2,41.76592819,-87.58647008,POINT (-87.586470077922 41.76592819222)
2eb1383325958090a4331839a5974805e06b51d77fd964178f735bbf789e18aae45e91cef7b4fc78e310016bd0ae576e7c8df52504923208c75341bfe608dbc8,JF156191,,2/25/2022 20:55,30,TRAFFIC SIGNAL,FUNCTIONING PROPERLY,CLEAR,"DARKNESS, LIGHTED ROAD",SIDESWIPE SAME DIRECTION,UNKNOWN INTERSECTION TYPE,,STRAIGHT AND LEVEL,SNOW OR SLUSH,NO DEFECTS,NOT ON SCENE (DESK REPORT),NO INJURY / DRIVE AWAY,Y,,,"OVER $1,500",2/25/2022 23:00,UNABLE TO DETERMINE,UNABLE TO DETERMINE,1200,W,WASHINGTON BLVD,1224,,,,,,,2,NO INDICATION OF INJURY,0,0,0,0,0,2,0,20,6,2,41.88309229,-87.65675186,POINT (-87.656751856923 41.883092287727)
8fc81a3db5580ac6cf5a02a92b922bc802c91537c18760dfbc702e134f204d9d35161b8e9a511eadda0020b0e3a1078a04acb5ea6806fa7aa28be0a5133a0eb3,JE180322,,3/26/2021 12:29,25,TRAFFIC SIGNAL,FUNCTIONING PROPERLY,CLEAR,DAYLIGHT,ANGLE,FOUR WAY,,STRAIGHT AND LEVEL,DRY,NO DEFECTS,,INJURY AND / OR TOW DUE TO CRASH,Y,,,"OVER $1,500",3/26/2021 12:29,DISREGARDING TRAFFIC SIGNALS,UNABLE TO DETERMINE,3600,W,DOUGLAS BLVD,1011,,,,,,,3,NO INDICATION OF INJURY,0,0,0,0,0,3,0,12,6,3,41.86296421,-87.71538061,POINT (-87.715380606713 41.862964206412)
9021280712e74c9b7e121bdbe52fe0949bded0170a31ac3d4423066ce35602ad51c282010d639b9a80ac14b5b8ede2b5f1870af182109789244f8c8601c826c8,JF134819,,2/5/2022 16:00,30,NO CONTROLS,NO CONTROLS,CLEAR,DAYLIGHT,REAR END,NOT DIVIDED,,STRAIGHT AND LEVEL,DRY,NO DEFECTS,,INJURY AND / OR TOW DUE TO CRASH,,,Y,"$501 - $1,500",2/5/2022 16:07,NOT APPLICABLE,NOT APPLICABLE,7100,S,HAMLIN AVE,833,,,,,,,2,NONINCAPACITATING INJURY,3,0,0,3,0,1,0,16,7,2,41.76407321,-87.71763991,POINT (-87.717639913879 41.764073210993)
2ef4644b03d0af9f209d6304ef2e8418e460afa9477ca3751cfaf33643fe874e6103051060aaa2e194d4f7fffc1dc9ad651b7c74666cde582f58a5caf150e9ba,JF155295,,2/25/2022 6:00,30,TRAFFIC SIGNAL,FUNCTIONING PROPERLY,SNOW,DAYLIGHT,TURNING,FOUR WAY,,STRAIGHT AND LEVEL,SNOW OR SLUSH,UNKNOWN,ON SCENE,INJURY AND / OR TOW DUE TO CRASH,,,,"OVER $1,500",2/25/2022 6:06,UNABLE TO DETERMINE,NOT APPLICABLE,4799,N,CICERO AVE,1722,,,,,,,2,NONINCAPACITATING INJURY,1,0,0,1,0,2,0,6,6,2,41.96793836,-87.74757498,POINT (-87.747574975271 41.967938354619)
3f294092bc6a0c95af49089b444b7682b900d61097cfc7a0db655acbd0f9233d5c29e044629d0cbcdbb8e17364454ac4f760ee81c62cd76d0a02d6826231f028,JF148409,,2/18/2022 8:40,30,NO CONTROLS,NO CONTROLS,CLEAR,DAYLIGHT,ANGLE,NOT DIVIDED,,STRAIGHT AND LEVEL,SNOW OR SLUSH,NO DEFECTS,NOT ON SCENE (DESK REPORT),NO INJURY / DRIVE AWAY,Y,,,"OVER $1,500",2/18/2022 11:30,DRIVING SKILLS/KNOWLEDGE/EXPERIENCE,NOT APPLICABLE,1600,W,BLACKHAWK ST,1433,,,,,,,3,NO INDICATION OF INJURY,0,0,0,0,0,5,0,8,6,2,41.90712265,-87.66762491,POINT (-87.667624907295 41.907122651325)
3f6c25c33d32a03e6e738cb22eb734e965d0bd01464026d8d0f6b323575f65f394436b9236a388a8ab6d71807a59edacfb0769c8fb298e2399c41278a9ff84ad,JF150252,,2/18/2022 13:00,30,STOP SIGN/FLASHER,FUNCTIONING PROPERLY,CLEAR,DAYLIGHT,REAR TO SIDE,NOT DIVIDED,,STRAIGHT AND LEVEL,DRY,UNKNOWN,NOT ON SCENE (DESK REPORT),NO INJURY / DRIVE AWAY,,,,"OVER $1,500",2/20/2022 9:30,IMPROPER BACKING,IMPROPER BACKING,2601,W,FULLERTON AVE,1431,,,,,,,2,NO INDICATION OF INJURY,0,0,0,0,0,3,0,13,6,2,41.92474216,-87.69288719,POINT (-87.692887189508 41.924742156567)
2edcf20a2852918f5808e6585ea981380e98c248873a34f4a191d8b8381c6d971fab030722517ab062efa34d5c4fbbb90a4cf94c0657a93f64ce8ebbfbc42377,JE311790,,7/23/2021 14:40,30,TRAFFIC SIGNAL,FUNCTIONING PROPERLY,CLEAR,DAYLIGHT,REAR END,NOT DIVIDED,,STRAIGHT AND LEVEL,DRY,NO DEFECTS,,NO INJURY / DRIVE AWAY,,,,"$501 - $1,500",7/23/2021 19:46,UNABLE TO DETERMINE,UNABLE TO DETERMINE,3500,N,MILWAUKEE AVE,1731,,,,,,,2,NO INDICATION OF INJURY,0,0,0,0,0,2,0,14,6,7,41.94410309,-87.73229898,POINT (-87.732298978122 41.944103086822)
6478ec9452701cefa50ab52e8bd9b4035f287f49917cef3ceae1441d18598a3d0b852f3de88184a20109bb714702f345c2093943df4c5365425fe531765c45eb,JD447593,,12/2/2020 14:30,30,TRAFFIC SIGNAL,FUNCTIONING PROPERLY,CLEAR,DAYLIGHT,REAR END,NOT DIVIDED,,STRAIGHT AND LEVEL,DRY,NO DEFECTS,,INJURY AND / OR TOW DUE TO CRASH,Y,,,"OVER $1,500",12/2/2020 14:45,FOLLOWING TOO CLOSELY,NOT APPLICABLE,560,W,GRAND AVE,1214,,,,,,,2,"REPORTED, NOT EVIDENT",2,0,0,0,2,2,0,14,4,12,41.89137297,-87.64280425,POINT (-87.642804245091 41.891372966848)
647bbfa59fe42a95d090c9221c43b006f70cb1284b787d85fe72cb58b9785dc80d1f658f4fd2fe766bc1b2e875fff61a0b25f8406092a8f3a91c692689df997d,JE126712,,1/29/2021 14:47,30,NO CONTROLS,NO CONTROLS,CLEAR,DAYLIGHT,SIDESWIPE SAME DIRECTION,DIVIDED - W/MEDIAN (NOT RAISED),,STRAIGHT AND LEVEL,DRY,NO DEFECTS,,NO INJURY / DRIVE AWAY,,,,"OVER $1,500",1/29/2021 14:50,IMPROPER LANE USAGE,UNABLE TO DETERMINE,209,E,GARFIELD BLVD,231,,,,,,,2,NO INDICATION OF INJURY,0,0,0,0,0,2,0,14,6,1,41.79429089,-87.62042896,POINT (-87.620428958295 41.794290885737)
c7202a32312169fb50fe08a6728e4cde35116c17a7b1a4a296ff0ec40ffc247c7253938c08d1f7b8f7f6a6e4a79b1f36c18d19df48770a3614600afc9e133405,JF170422,,3/11/2022 12:59,30,TRAFFIC SIGNAL,FUNCTIONING PROPERLY,RAIN,DAYLIGHT,FIXED OBJECT,DIVIDED - W/MEDIAN (NOT RAISED),,STRAIGHT AND LEVEL,WET,NO DEFECTS,ON SCENE,INJURY AND / OR TOW DUE TO CRASH,,,,"OVER $1,500",3/11/2022 13:05,FAILING TO YIELD RIGHT-OF-WAY,FOLLOWING TOO CLOSELY,125,E,LOWER WACKER DR,114,,,,,,,1,NO INDICATION OF INJURY,0,0,0,0,0,1,0,12,6,3,41.88804811,-87.62354965,POINT (-87.623549652873 41.888048105348)
c73fa53b91b365e8e8eeed8d9533bb278ef44687be54f19e638d373a572435027f521a8c6441c9d94292e7dcbcf8968430dae26fe2e62b19f2d6bfb0153e0f6a,JF170767,,3/11/2022 16:56,30,TRAFFIC SIGNAL,UNKNOWN,CLEAR,DAYLIGHT,SIDESWIPE SAME DIRECTION,NOT DIVIDED,,STRAIGHT AND LEVEL,DRY,UNKNOWN,NOT ON SCENE (DESK REPORT),NO INJURY / DRIVE AWAY,,,Y,"OVER $1,500",3/11/2022 18:10,UNABLE TO DETERMINE,NOT APPLICABLE,5500,S,CICERO AVE,813,,,,,,,2,NO INDICATION OF INJURY,0,0,0,0,0,2,0,16,6,3,41.79291088,-87.74207734,POINT (-87.742077342959 41.792910883497)
404c99d838dfa7432f76f84c5ddcec017634db53ab474698af0c31600a3f3027a3e54d233b4a252bb1cc04ebfb86164854978bf156673a9882d4f4328890fc61,JF148809,,2/18/2022 12:10,30,STOP SIGN/FLASHER,FUNCTIONING PROPERLY,CLEAR,DAYLIGHT,ANGLE,NOT DIVIDED,,STRAIGHT AND LEVEL,SNOW OR SLUSH,NO DEFECTS,NOT ON SCENE (DESK REPORT),NO INJURY / DRIVE AWAY,,,Y,"OVER $1,500",2/18/2022 17:30,FAILING TO YIELD RIGHT-OF-WAY,FAILING TO YIELD RIGHT-OF-WAY,6800,S,ASHLAND AVE,725,,,,,,,2,NO INDICATION OF INJURY,0,0,0,0,0,2,0,12,6,2,41.77027876,-87.66411243,POINT (-87.664112432605 41.770278756122)