CRASH_RECORD_ID,RD_NO,CRASH_DATE_EST_I,CRASH_DATE,POSTED_SPEED_LIMIT,TRAFFIC_CONTROL_DEVICE,DEVICE_CONDITION,WEATHER_CONDITION,LIGHTING_CONDITION,FIRST_CRASH_TYPE,TRAFFICWAY_TYPE,LANE_CNT,ALIGNMENT,ROADWAY_SURFACE_COND,ROAD_DEFECT,REPORT_TYPE,CRASH_TYPE,INTERSECTION_RELATED_I,NOT_RIGHT_OF_WAY_I,HIT_AND_RUN_I,DAMAGE,DATE_POLICE_NOTIFIED,PRIM_CONTRIBUTORY_CAUSE,SEC_CONTRIBUTORY_CAUSE,STREET_NO,STREET_DIRECTION,STREET_NAME,BEAT_OF_OCCURRENCE,PHOTOS_TAKEN_I,STATEMENTS_TAKEN_I,DOORING_I,WORK_ZONE_I,WORK_ZONE_TYPE,WORKERS_PRESENT_I,NUM_UNITS,MOST_SEVERE_INJURY,INJURIES_TOTAL,INJURIES_FATAL,INJURIES_INCAPACITATING,INJURIES_NON_INCAPACITATING,INJURIES_REPORTED_NOT_EVIDENT,INJURIES_NO_INDICATION,INJURIES_UNKNOWN,CRASH_HOUR,CRASH_DAY_OF_WEEK,CRASH_MONTH,LATITUDE,LONGITUDE,LOCATION
304c117a305b8d19896a5f1a64ae47233b02b3d8353ba2bc81c32251ee610bb6574a148d54e0387363490259a5fde80a432f471a07a9d85434f491c6cc5d2aa5,JF155380,,2/25/2022 8:26,30,TRAFFIC SIGNAL,FUNCTIONING PROPERLY,CLEAR,DAYLIGHT,PEDESTRIAN,DIVIDED - W/MEDIAN BARRIER,,STRAIGHT AND LEVEL,DRY,NO DEFECTS,ON SCENE,INJURY AND / OR TOW DUE TO CRASH,Y,,,"OVER $1,500",2/25/2022 8:28,UNABLE TO DETERMINE,UNABLE TO DETERMINE,4810,W,DIVISION ST,2533,,Y,,,,,2,NONINCAPACITATING INJURY,1,0,0,1,0,1,0,8,6,2,41.90245618,-87.74648129,POINT (-87.746481287097 41.902456179375)
c808a200103e1d34d0524efc8363e86b95747d7ccf6455093292817c517cf1e9c532218fb02129dc110a987e294fd91c12db90488af0e4e331acaaabb39f7995,JF171283,,3/11/2022 18:30,25,NO CONTROLS,NO CONTROLS,CLEAR,"DARKNESS, LIGHTED ROAD",PARKED MOTOR VEHICLE,NOT DIVIDED,,STRAIGHT AND LEVEL,DRY,NO DEFECTS,NOT ON SCENE (DESK REPORT),NO INJURY / DRIVE AWAY,,,,"OVER $1,500",3/12/2022 10:00,NOT APPLICABLE,NOT APPLICABLE,5623,N,NAGLE AVE,1622,,,,,,,2,NO INDICATION OF INJURY,0,0,0,0,0,1,0,18,6,3,41.98366551,-87.78757369,POINT (-87.787573692628 41.983665509937)
c8475b913cc32e785f69fa212d2dc42b53815e8dafb9f22a57612ce2c1e3965f6f07a378f1d6f65a249a6ec769b7af9ea907be59c54556cb8f91395fdc855e83,JF170375,,3/11/2022 11:30,30,NO CONTROLS,NO CONTROLS,CLEAR,DAYLIGHT,TURNING,OTHER,,STRAIGHT AND LEVEL,DRY,NO DEFECTS,NOT ON SCENE (DESK REPORT),NO INJURY / DRIVE AWAY,,,,"OVER $1,500",3/11/2022 12:10,FAILING TO YIELD RIGHT-OF-WAY,NOT APPLICABLE,1320,S,CANAL ST,124,,,,,,,2,NO INDICATION OF INJURY,0,0,0,0,0,2,0,11,6,3,41.86509741,-87.6393259,POINT (-87.639325901254 41.865097404515)
65ac0fa37751099de899aa4474fb71ca4459a7bacd999b49cb80b389acaa139d8376bc3f31a98ba82abe9b9df3392db44829ebb5c7711b4068e7b3a8e4937133,JF162809,,3/4/2022 9:45,30,NO CONTROLS,NO CONTROLS,CLEAR,DAYLIGHT,PARKED MOTOR VEHICLE,ONE-WAY,,STRAIGHT AND LEVEL,DRY,NO DEFECTS,ON SCENE,NO INJURY / DRIVE AWAY,,,Y,"OVER $1,500",3/4/2022 9:49,UNABLE TO DETERMINE,NOT APPLICABLE,3314,W,ALTGELD ST,1413,,,,,,,2,NO INDICATION OF INJURY,0,0,0,0,0,1,0,9,6,3,41.92660406,-87.7114875,POINT (-87.711487500578 41.92660405574)
913c1c05da9d896e9e72c755571d9c1a6d6a4654f2c7ff0c74f6272a08845821f410a0610d332479411ac7c7f877e9ce95ec55867bd2917e1fc8f38419600358,JF185256,,3/24/2022 16:23,35,TRAFFIC SIGNAL,FUNCTIONING PROPERLY,RAIN,DAYLIGHT,FIXED OBJECT,ONE-WAY,,STRAIGHT AND LEVEL,WET,NO DEFECTS,ON SCENE,INJURY AND / OR TOW DUE TO CRASH,,,,"OVER $1,500",3/24/2022 16:23,UNABLE TO DETERMINE,UNABLE TO DETERMINE,170,W,MONROE ST,122,,,,,,,1,INCAPACITATING INJURY,1,0,1,0,0,0,0,16,5,3,41.88078008,-87.63295552,POINT (-87.632955515148 41.880780084195)
782cd3f8a6b3a0d61256a5fa8e5af9d658f70d47fa8bfab290d2fee6890260ab2b2ed1743db8a572e379cd50d3e5630f4d594742f38cea97991e54a38b9f8880,JF178409,,3/18/2022 7:45,30,NO CONTROLS,NO CONTROLS,CLEAR,DAYLIGHT,REAR END,NOT DIVIDED,,STRAIGHT AND LEVEL,DRY,NO DEFECTS,NOT ON SCENE (DESK REPORT),NO INJURY / DRIVE AWAY,,,,"$501 - $1,500",3/18/2022 15:36,FOLLOWING TOO CLOSELY,NOT APPLICABLE,2023,W,FULLERTON AVE,1432,,,,,,,2,NO INDICATION OF INJURY,0,0,0,0,0,2,0,7,6,3,41.9249038,-87.67889234,POINT (-87.67889234394 41.924903797781)
c935e6f89063fd9d829fc49402f59894af40fe04766f5b9bbd5d3d84dae2c003df8efd5301607d3dbf0e471a9ed4c7052aa1d54ac9163f238230e6bd34c3f865,JF170356,,3/11/2022 8:30,30,NO CONTROLS,NO CONTROLS,CLEAR,DAYLIGHT,REAR END,NOT DIVIDED,,STRAIGHT AND LEVEL,SNOW OR SLUSH,NO DEFECTS,NOT ON SCENE (DESK REPORT),NO INJURY / DRIVE AWAY,,,Y,"OVER $1,500",3/11/2022 12:00,FOLLOWING TOO CLOSELY,NOT APPLICABLE,1930,W,63RD ST,714,,,,,,,2,NO INDICATION OF INJURY,0,0,0,0,0,2,0,8,6,3,41.77944394,-87.67263752,POINT (-87.672637522993 41.779443937662)
76fb65fa061aaea6936ebe1712e7435cf0976df2764ac69f81f0b889ea588f3a593c23ce7749b1f4f87bf8127f383c28260fdf00b706ae89abb95eb81d2b26b6,JF178599,,3/18/2022 16:45,30,TRAFFIC SIGNAL,FUNCTIONING PROPERLY,RAIN,DAYLIGHT,REAR END,CENTER TURN LANE,,STRAIGHT AND LEVEL,WET,NO DEFECTS,,NO INJURY / DRIVE AWAY,,,Y,$500 OR LESS,3/18/2022 17:00,FOLLOWING TOO CLOSELY,FAILING TO YIELD RIGHT-OF-WAY,8305,S,ASHLAND AVE,614,,,,,,,2,NO INDICATION OF INJURY,0,0,0,0,0,2,0,16,6,3,41.74287401,-87.66310111,POINT (-87.663101114144 41.74287400507)
4225155d5e7804ba268b1130f38400a601f99ccb3bffc31b1f5a61c475af40b36562aaa86dc5d948f9b6a1c301c861381acfb6fc0cfad5aab24cdd1cae8dcad9,JF148792,,2/18/2022 16:25,35,NO CONTROLS,NO CONTROLS,CLEAR,DAYLIGHT,PARKED MOTOR VEHICLE,NOT DIVIDED,,STRAIGHT AND LEVEL,WET,NO DEFECTS,ON SCENE,NO INJURY / DRIVE AWAY,,,,"OVER $1,500",2/18/2022 16:35,IMPROPER OVERTAKING/PASSING,DRIVING SKILLS/KNOWLEDGE/EXPERIENCE,1114,W,BRYN MAWR AVE,2022,,,,,,,2,NO INDICATION OF INJURY,0,0,0,0,0,2,0,16,6,2,41.98375856,-87.65867812,POINT (-87.65867812174 41.983758562204)
312ee98e86e7aaa428965eff026d204c5e7d388aaca3159fabf808a69b9d97b8d3030fc205770d7aa925b2c76cc0f9a579b832a91d33273ffe25ac48bd64942a,JE138938,,2/4/2021 13:52,25,NO CONTROLS,NO CONTROLS,SNOW,DAYLIGHT,ANGLE,NOT DIVIDED,,STRAIGHT AND LEVEL,SNOW OR SLUSH,NO DEFECTS,,NO INJURY / DRIVE AWAY,,,,"OVER $1,500",2/11/2021 15:20,UNABLE TO DETERMINE,UNABLE TO DETERMINE,1025,N,PULASKI RD,1112,,,,,,,2,NO INDICATION OF INJURY,0,0,0,0,0,2,0,13,5,2,41.89979454,-87.72607187,POINT (-87.726071867083 41.899794538587)
3142476de63768d725daa94d92382c40aa2ee049c7b1387c46d8c3bba6a3578f2ee597bb084a690d7a4a2c105b5ce0013bbc61c23d8a85ab25a5f424ae2bf071,JD118904,,1/16/2020 9:00,30,NO CONTROLS,NO CONTROLS,CLEAR,DAYLIGHT,PARKED MOTOR VEHICLE,PARKING LOT,,STRAIGHT AND LEVEL,DRY,NO DEFECTS,,NO INJURY / DRIVE AWAY,,,Y,"OVER $1,500",1/17/2020 10:45,IMPROPER BACKING,UNABLE TO DETERMINE,820,S,DAMEN AVE,1225,,,,,,,2,NO INDICATION OF INJURY,0,0,0,0,0,1,0,9,5,1,41.8708895,-87.67651265,POINT (-87.676512650226 41.870889496052)
66a7e4729939e5aefcecdce7a50ae2dcdb5160cfb9cda2b8e1ff3470f1dacdbf6624327bb606425dd72b34525562ffb15e0ae262223b66d34048c63377170bc0,JD384531,,9/30/2020 18:00,30,TRAFFIC SIGNAL,FUNCTIONING PROPERLY,CLEAR,DAYLIGHT,TURNING,DIVIDED - W/MEDIAN (NOT RAISED),,STRAIGHT AND LEVEL,DRY,NO DEFECTS,,INJURY AND / OR TOW DUE TO CRASH,Y,,,"OVER $1,500",9/30/2020 18:08,IMPROPER TURNING/NO SIGNAL,NOT APPLICABLE,1800,S,PULASKI RD,1012,,,,,,,2,NO INDICATION OF INJURY,0,0,0,0,0,2,0,18,4,9,41.85694146,-87.72505491,POINT (-87.725054914159 41.856941455397)
66de95131b5be63cd36ee56b30d8692d4a04d644d83f859eb425953f430b72e6856472d5f817347612e5d4c852d76cb272873c9d4c6a62aa0c6ef6816888a81d,JD297113,,7/14/2020 12:55,30,TRAFFIC SIGNAL,FUNCTIONING PROPERLY,CLEAR,DAYLIGHT,SIDESWIPE SAME DIRECTION,NOT DIVIDED,,STRAIGHT AND LEVEL,DRY,NO DEFECTS,,INJURY AND / OR TOW DUE TO CRASH,,,,$500 OR LESS,7/14/2020 13:45,IMPROPER LANE USAGE,NOT APPLICABLE,713,S,DAMEN AVE,1231,,,,,,,2,INCAPACITATING INJURY,1,0,1,0,0,2,0,12,3,7,0,0,POINT (0 0)
3199bdca513201465d198d685d31ac5ccefd244127c68df1b798bfd78a8466bd7892b61feaff188d132fb87db9eed671d6d9e8aadc1c3f6838e9aa0838d75444,JF156763,,2/25/2022 14:15,15,NO CONTROLS,NO CONTROLS,SNOW,DAYLIGHT,PARKED MOTOR VEHICLE,PARKING LOT,,STRAIGHT AND LEVEL,SNOW OR SLUSH,UNKNOWN,NOT ON SCENE (DESK REPORT),NO INJURY / DRIVE AWAY,,,Y,"$501 - $1,500",2/26/2022 14:10,UNABLE TO DETERMINE,NOT APPLICABLE,359,E,55TH PL,231,,,,,,,2,NO INDICATION OF INJURY,0,0,0,0,0,1,0,14,6,2,41.79379425,-87.61686526,POINT (-87.616865258801 41.79379425136)
31fc949f74390a3549425aff8c3d1c7f59f5d1947c3c3af5770b14f98d57cc9cbe0c51f02fffc2d020554c4597fd59ec76fd38b58ae7400bb0f6ae27fc56ec80,JF156521,,2/25/2022 23:25,30,STOP SIGN/FLASHER,NO CONTROLS,CLEAR,"DARKNESS, LIGHTED ROAD",ANGLE,FOUR WAY,,STRAIGHT AND LEVEL,DRY,NO DEFECTS,NOT ON SCENE (DESK REPORT),INJURY AND / OR TOW DUE TO CRASH,Y,,,"OVER $1,500",2/26/2022 9:35,FAILING TO YIELD RIGHT-OF-WAY,NOT APPLICABLE,664,W,LAKE ST,1214,,,,,,,2,NO INDICATION OF INJURY,0,0,0,0,0,3,0,23,6,2,41.88580367,-87.64524922,POINT (-87.64524921989 41.885803666844)
66f31ed3ebec92c5d48d8227bf9eb32db551192b5b179431308f0ba6363e697886122fdcbdf84bc0424b056f257357d2f9b024c5908e3ba248f62009078e9c17,JE377517,,9/16/2021 23:15,30,NO CONTROLS,NO CONTROLS,CLEAR,UNKNOWN,PARKED MOTOR VEHICLE,OTHER,,STRAIGHT AND LEVEL,DRY,NO DEFECTS,,NO INJURY / DRIVE AWAY,,,Y,"OVER $1,500",9/17/2021 17:58,UNABLE TO DETERMINE,UNABLE TO DETERMINE,4907,S,DORCHESTER AVE,222,,,,,,,2,NO INDICATION OF INJURY,0,0,0,0,0,1,0,23,5,9,41.80579509,-87.59176583,POINT (-87.591765824677 41.805795087913)
9228facddd758ecb4fc2dbff22ab8717107dc0ca454c34a462875d2f113ea84aef685a7cc6f14a2926d574e135325f1999ad02c168312bb9ffb2d51748a06d75,JF185034,,3/24/2022 13:20,30,TRAFFIC SIGNAL,FUNCTIONING PROPERLY,RAIN,DAYLIGHT,REAR END,NOT DIVIDED,,STRAIGHT AND LEVEL,WET,UNKNOWN,ON SCENE,NO INJURY / DRIVE AWAY,Y,,,"$501 - $1,500",3/24/2022 13:30,UNABLE TO DETERMINE,NOT APPLICABLE,1,S,HAMLIN BLVD,1122,,,,,,,2,NO INDICATION OF INJURY,0,0,0,0,0,4,0,13,5,3,41.88074482,-87.72060409,POINT (-87.72060408819 41.880744822695)
9234e6d8a0ca3433df9d66249fa9818292a6c5004f218f6611e80089d181cebbc7b78fbd1d4bb906e7c20d62bf3a0b4168dc5f11c055e86ff6bd9f01aa68e929,JF185148,,3/24/2022 15:27,30,STOP SIGN/FLASHER,NO CONTROLS,RAIN,DAYLIGHT,ANGLE,FOUR WAY,,STRAIGHT AND LEVEL,WET,NO DEFECTS,ON SCENE,NO INJURY / DRIVE AWAY,Y,,,"OVER $1,500",3/24/2022 15:27,FAILING TO YIELD RIGHT-OF-WAY,NOT APPLICABLE,3500,S,IRON ST,912,,,,,,,2,NO INDICATION OF INJURY,0,0,0,0,0,2,0,15,5,3,41.83048562,-87.65944829,POINT (-87.659448292545 41.830485616212)
78ee8496f6342986634beb8d659596a5cf13a3c84ec593a19ed3de656a8c92e2df5fae13190db2233ecd110d68a563bd7cce0bd07658216b8925437387786898,JF178701,,3/18/2022 17:48,30,NO CONTROLS,NO CONTROLS,RAIN,DAYLIGHT,REAR END,NOT DIVIDED,,STRAIGHT AND LEVEL,WET,NO DEFECTS,NOT ON SCENE (DESK REPORT),NO INJURY / DRIVE AWAY,,,Y,"OVER $1,500",3/18/2022 18:50,FOLLOWING TOO CLOSELY,NOT APPLICABLE,2340,W,DEVON AVE,2412,,,,,,,2,NO INDICATION OF INJURY,0,0,0,0,0,2,0,17,6,3,41.99785369,-87.68906427,POINT (-87.689064265692 41.997853689438)
4313e8f26e5ee275d28d6f5ca4639d34b40bd2924943a75584ab00f6418254ea9e4f3ce20a24f560c7cdc08deb943fb08c39e5a4dd0a88b6d22528838e962851,JF148824,,2/18/2022 17:25,30,NO CONTROLS,NO CONTROLS,CLEAR,DAYLIGHT,SIDESWIPE OPPOSITE DIRECTION,NOT DIVIDED,,STRAIGHT AND LEVEL,DRY,NO DEFECTS,ON SCENE,NO INJURY / DRIVE AWAY,,,,$500 OR LESS,2/18/2022 17:36,IMPROPER LANE USAGE,NOT APPLICABLE,6935,S,WASHTENAW AVE,831,,,,,,,2,NO INDICATION OF INJURY,0,0,0,0,0,2,0,17,6,2,41.76716858,-87.69050076,POINT (-87.690500762816 41.767168574683)
929eb909de128f62c51e760aa183f5d55a7b66386821a23f5e033e227b4a6cee93b12641bacdd164189be31ef4066fe2afa534bbbed94e449a88fa5240309aa5,JF184646,,3/24/2022 8:00,40,DELINEATORS,FUNCTIONING PROPERLY,RAIN,DAYLIGHT,OTHER NONCOLLISION,DIVIDED - W/MEDIAN BARRIER,,STRAIGHT AND LEVEL,WET,NO DEFECTS,ON SCENE,INJURY AND / OR TOW DUE TO CRASH,,,,$500 OR LESS,3/24/2022 8:01,NOT APPLICABLE,NOT APPLICABLE,3200,N,LAKE SHORE DR SB,1925,,,,,,,1,NO INDICATION OF INJURY,0,0,0,0,0,2,0,8,5,3,41.9404429,-87.63863354,POINT (-87.638633539238 41.940442902597)
793096b11f7ddd471290dee190b3886c869f32ff389e70da5dd9ee9e7dd9fbbb4c188512f4eefa0aefca076dcb01e3404354c317f9b8b0515f651b63411ee2ef,JF178758,,3/18/2022 19:50,30,NO CONTROLS,NO CONTROLS,RAIN,DARKNESS,SIDESWIPE SAME DIRECTION,NOT DIVIDED,,STRAIGHT AND LEVEL,WET,UNKNOWN,NOT ON SCENE (DESK REPORT),NO INJURY / DRIVE AWAY,,,Y,"$501 - $1,500",3/18/2022 20:15,FAILING TO YIELD RIGHT-OF-WAY,UNABLE TO DETERMINE,3332,E,87TH ST,424,,,,,,,2,NO INDICATION OF INJURY,0,0,0,0,0,2,0,19,6,3,41.73759346,-87.54300912,POINT (-87.543009123997 41.737593461873)
91a32c7f465d96332db1896e64439d6d3a245d22f4d2a6bb54751a7451d2efddd78c110867c7d3d5b29156aadc36b4cdd7ac22cd9c9e9967675abe9d71594553,JE145595,,2/18/2021 13:10,10,NO CONTROLS,NO CONTROLS,CLEAR,DAYLIGHT,FIXED OBJECT,ALLEY,,STRAIGHT AND LEVEL,SNOW OR SLUSH,UNKNOWN,,NO INJURY / DRIVE AWAY,,,,$500 OR LESS,2/19/2021 9:38,IMPROPER BACKING,UNABLE TO DETERMINE,3308,N,BELL AVE,1921,,,,,,,1,NO INDICATION OF INJURY,0,0,0,0,0,1,0,13,5,2,41.94163444,-87.68461681,POINT (-87.684616812062 41.941634443559)
ca71b797956dc6fe230de8e74f103378862f0156aa8390e7ae84658aaed897e81ca8cb3ec60b7108b6e43758f8e39e93e7e0fd7b94ffa76e330fe1c79cf248c0,JF170698,,3/11/2022 16:15,15,STOP SIGN/FLASHER,FUNCTIONING PROPERLY,CLEAR,DAYLIGHT,ANGLE,NOT DIVIDED,,STRAIGHT AND LEVEL,DRY,NO DEFECTS,ON SCENE,INJURY AND / OR TOW DUE TO CRASH,Y,,,"OVER $1,500",3/11/2022 16:19,FAILING TO YIELD RIGHT-OF-WAY,NOT APPLICABLE,4600,W,79TH PL,834,,,,,,,2,NO INDICATION OF INJURY,0,0,0,0,0,2,0,16,6,3,41.7488323,-87.73617308,POINT (-87.736173079865 41.748832302998)
439d9f1936d914b3dddf4b86459f357a69fd3d6a16194952db7127dc72e19e10cd99136954690608e49b0df06f7fe607ca109ff2ad58be1e7e58711baf89ce2a,JF148630,,2/18/2022 14:50,30,STOP SIGN/FLASHER,FUNCTIONING PROPERLY,CLEAR,DAYLIGHT,ANGLE,FOUR WAY,,STRAIGHT AND LEVEL,SNOW OR SLUSH,UNKNOWN,ON SCENE,NO INJURY / DRIVE AWAY,Y,,,"OVER $1,500",2/18/2022 14:56,UNABLE TO DETERMINE,UNABLE TO DETERMINE,1124,W,GRAND AVE,1214,,,,,,,2,NO INDICATION OF INJURY,0,0,0,0,0,2,0,14,6,2,41.89120814,-87.65573434,POINT (-87.655734342734 41.891208139797)
cac04198316be3f7b34b46d2bfae9fcc19fb031a88426fef7505730490842f650ee2dc554277998dbfd2c25251f32e9d5eb3d2b6141bb1295e63f55c5fc92cab,JF170670,,3/11/2022 15:30,30,TRAFFIC SIGNAL,FUNCTIONING PROPERLY,CLEAR,DAYLIGHT,REAR END,NOT DIVIDED,,STRAIGHT AND LEVEL,DRY,NO DEFECTS,NOT ON SCENE (DESK REPORT),NO INJURY / DRIVE AWAY,Y,,,"OVER $1,500",3/11/2022 16:20,FOLLOWING TOO CLOSELY,NOT APPLICABLE,1060,W,HOLLYWOOD AVE,2022,,,,,,,2,NO INDICATION OF INJURY,0,0,0,0,0,2,0,15,6,3,41.98559845,-87.6576913,POINT (-87.657691295513 41.985598450189)
6890e80681a1e524e603cd1f22b566850296739b842adcbac351ee68c614536bc300cf0072d8dd55f086d783d4a5f1c249e7bfec1d440d768bc22e89e3e3cf83,JF163349,,3/4/2022 15:30,30,TRAFFIC SIGNAL,FUNCTIONING PROPERLY,CLEAR,DAYLIGHT,SIDESWIPE SAME DIRECTION,NOT DIVIDED,,STRAIGHT AND LEVEL,UNKNOWN,UNKNOWN,NOT ON SCENE (DESK REPORT),NO INJURY / DRIVE AWAY,,,,"$501 - $1,500",3/4/2022 16:40,IMPROPER OVERTAKING/PASSING,IMPROPER OVERTAKING/PASSING,4358,W,FIFTH AVE,1131,,,,,,,2,NO INDICATION OF INJURY,0,0,0,0,0,2,0,15,6,3,41.8704772,-87.73489862,POINT (-87.734898623136 41.870477199479)
68aa25cfe150c82e5c50b8c8bb884e6cf3da976a998398811d064fb3d6e95719b7318d56ef6284d465e78ea2a189ec306632b28e881e4506728952ca414e9ff7,JF162801,,3/4/2022 7:30,30,NO CONTROLS,NO CONTROLS,CLEAR,DAYLIGHT,SIDESWIPE SAME DIRECTION,NOT DIVIDED,,STRAIGHT AND LEVEL,DRY,NO DEFECTS,NOT ON SCENE (DESK REPORT),NO INJURY / DRIVE AWAY,,,,"OVER $1,500",3/4/2022 9:47,IMPROPER OVERTAKING/PASSING,UNABLE TO DETERMINE,378,N,HAMLIN AVE,1122,,,,,,,2,NO INDICATION OF INJURY,0,0,0,0,0,4,0,7,6,3,41.8874803,-87.72111367,POINT (-87.721113671388 41.887480303863)
332269ee50f3e278e25e118f7d45bac6f4ef0ba642bcef73a9c6986936c65166290f8a92d05da72af5ae74ca047b5ffa13bc1f129e21c571384f255c2cea14be,JF158825,,2/25/2022 23:00,30,NO CONTROLS,NO CONTROLS,CLEAR,"DARKNESS, LIGHTED ROAD",PARKED MOTOR VEHICLE,NOT DIVIDED,,STRAIGHT AND LEVEL,DRY,NO DEFECTS,NOT ON SCENE (DESK REPORT),NO INJURY / DRIVE AWAY,,,Y,"$501 - $1,500",2/28/2022 15:45,UNABLE TO DETERMINE,NOT APPLICABLE,1524,W,WALTON ST,1213,,,,,,,2,NO INDICATION OF INJURY,0,0,0,0,0,1,0,23,6,2,41.89893178,-87.66595712,POINT (-87.665957116081 41.898931779913)
445820e614c87072bd3bd8ba950bc8cf323b436c516d771dd7a31a38f74953af7af5c93bbd93a0f3acf4b1a3e74e5d79c4629f92a3650d9b720e75ece4940951,JF148897,,2/18/2022 18:00,30,TRAFFIC SIGNAL,FUNCTIONING PROPERLY,CLEAR,"DARKNESS, LIGHTED ROAD",REAR END,DIVIDED - W/MEDIAN BARRIER,,STRAIGHT AND LEVEL,DRY,NO DEFECTS,ON SCENE,INJURY AND / OR TOW DUE TO CRASH,,,,"OVER $1,500",2/18/2022 18:00,FAILING TO REDUCE SPEED TO AVOID CRASH,DRIVING SKILLS/KNOWLEDGE/EXPERIENCE,1130,S,CLARK ST,123,,,,,,,3,NO INDICATION OF INJURY,0,0,0,0,0,3,0,18,6,2,41.86823185,-87.63060124,POINT (-87.630601241304 41.868231851602)
445f2a384700cfbce239ed4bedd497d79f065c1ff6cdf48abb551ee08c96ae0ffa7d6bcf3db34ac894745b168188ee8739afced13e3abaf74180d80ac67e245a,JF148241,,2/18/2022 8:40,30,TRAFFIC SIGNAL,FUNCTIONING PROPERLY,CLEAR,DAYLIGHT,PEDESTRIAN,DIVIDED - W/MEDIAN (NOT RAISED),,STRAIGHT AND LEVEL,WET,NO DEFECTS,ON SCENE,INJURY AND / OR TOW DUE TO CRASH,Y,,,$500 OR LESS,2/18/2022 8:44,FAILING TO YIELD RIGHT-OF-WAY,UNABLE TO DETERMINE,3159,N,ASHLAND AVE,1932,,,,,,,2,INCAPACITATING INJURY,1,0,1,0,0,1,0,8,6,2,41.93960739,-87.66851188,POINT (-87.668511877903 41.93960738818)
446427d1013392b9601d679206ad0bf23926f678aacd1bf200f42bc54db58f746b05e1b5b120b2e350099980b411d5e268e613f5051a7703b1acfb08f496baa9,JF148682,,2/18/2022 15:20,25,STOP SIGN/FLASHER,FUNCTIONING PROPERLY,CLEAR,DAYLIGHT,ANGLE,DIVIDED - W/MEDIAN (NOT RAISED),,STRAIGHT AND LEVEL,SNOW OR SLUSH,NO DEFECTS,ON SCENE,INJURY AND / OR TOW DUE TO CRASH,Y,,,"OVER $1,500",2/18/2022 15:24,UNABLE TO DETERMINE,UNABLE TO DETERMINE,1000,W,CHICAGO AVE,1213,,,,,,,2,NO INDICATION OF INJURY,0,0,0,0,0,2,0,15,6,2,41.8964178,-87.65268653,POINT (-87.652686530017 41.896417801775)
4466d757be7829f205da409515f03db569d2bbcc316c5a35d065048386428524ff64646c84801807b024cba421d51a9455de88137700677263e28a296c6a33ca,JF150680,,2/18/2022 23:00,30,NO CONTROLS,NO CONTROLS,CLEAR,"DARKNESS, LIGHTED ROAD",FIXED OBJECT,NOT DIVIDED,,STRAIGHT AND LEVEL,DRY,NO DEFECTS,NOT ON SCENE (DESK REPORT),INJURY AND / OR TOW DUE TO CRASH,,,,"OVER $1,500",2/20/2022 17:50,ROAD ENGINEERING/SURFACE/MARKING DEFECTS,ROAD ENGINEERING/SURFACE/MARKING DEFECTS,2846,W,OGDEN AVE,1022,,,,,,,1,NO INDICATION OF INJURY,0,0,0,0,0,1,0,23,6,2,41.86049611,-87.69842048,POINT (-87.698420480746 41.860496113903)
cbb4005359f9b64e5c9ce4d2a4b268dd4a33db065e8286d58c469f4900cf9eaffd0e2092cfd502e69fa9a53fc9635f3855bd3c3c3bd44221a3fa59f0d35f605f,JF170840,,3/11/2022 19:07,30,STOP SIGN/FLASHER,FUNCTIONING PROPERLY,CLEAR,"DARKNESS, LIGHTED ROAD",ANGLE,FOUR WAY,,STRAIGHT AND LEVEL,DRY,NO DEFECTS,ON SCENE,INJURY AND / OR TOW DUE TO CRASH,Y,,Y,"OVER $1,500",3/11/2022 19:07,DISREGARDING STOP SIGN,UNABLE TO DETERMINE,1900,N,KEDZIE AVE,1421,,,,,,,2,NO INDICATION OF INJURY,0,0,0,0,0,2,0,19,6,3,41.91562241,-87.70706394,POINT (-87.707063935234 41.915622412231)
335367a7a5690e8535b9899110aa6a2b15fe55b644ec31dafc9f25ba3f28a256403fd943e9317459e70bc6c3cf8425b04b8fe5b640fb116cfc8085ef552033c8,JC512219,,11/15/2019 23:30,30,TRAFFIC SIGNAL,FUNCTIONING PROPERLY,CLEAR,"DARKNESS, LIGHTED ROAD",TURNING,NOT DIVIDED,,STRAIGHT AND LEVEL,DRY,WORN SURFACE,,NO INJURY / DRIVE AWAY,Y,,Y,"OVER $1,500",11/15/2019 23:31,IMPROPER TURNING/NO SIGNAL,NOT APPLICABLE,628,N,ORLEANS ST,1831,,,,,,,2,NO INDICATION OF INJURY,0,0,0,0,0,3,0,23,6,11,41.89318392,-87.6372274,POINT (-87.637227397038 41.893183922173)
691fc2752cfca253bcc36772b5fc8ef2a350d3f6522331806ee9181c5287b1e3861302866d915228592c5e8db62c85efd6c402e17ee423a67b627ced00326fca,JF158082,,2/27/2022 21:10,35,NO CONTROLS,NO CONTROLS,CLEAR,"DARKNESS, LIGHTED ROAD",PARKED MOTOR VEHICLE,NOT DIVIDED,,STRAIGHT AND LEVEL,DRY,NO DEFECTS,,INJURY AND / OR TOW DUE TO CRASH,,,,"$501 - $1,500",2/27/2022 21:11,UNABLE TO DETERMINE,UNABLE TO DETERMINE,4000,S,WESTERN AVE,921,,,,,,,2,NONINCAPACITATING INJURY,1,0,0,1,0,0,0,21,1,2,41.82100687,-87.68491087,POINT (-87.684910873598 41.821006868171)