CRASH_RECORD_ID,RD_NO,CRASH_DATE_EST_I,CRASH_DATE,POSTED_SPEED_LIMIT,TRAFFIC_CONTROL_DEVICE,DEVICE_CONDITION,WEATHER_CONDITION,LIGHTING_CONDITION,FIRST_CRASH_TYPE,TRAFFICWAY_TYPE,LANE_CNT,ALIGNMENT,ROADWAY_SURFACE_COND,ROAD_DEFECT,REPORT_TYPE,CRASH_TYPE,INTERSECTION_RELATED_I,NOT_RIGHT_OF_WAY_I,HIT_AND_RUN_I,DAMAGE,DATE_POLICE_NOTIFIED,PRIM_CONTRIBUTORY_CAUSE,SEC_CONTRIBUTORY_CAUSE,STREET_NO,STREET_DIRECTION,STREET_NAME,BEAT_OF_OCCURRENCE,PHOTOS_TAKEN_I,STATEMENTS_TAKEN_I,DOORING_I,WORK_ZONE_I,WORK_ZONE_TYPE,WORKERS_PRESENT_I,NUM_UNITS,MOST_SEVERE_INJURY,INJURIES_TOTAL,INJURIES_FATAL,INJURIES_INCAPACITATING,INJURIES_NON_INCAPACITATING,INJURIES_REPORTED_NOT_EVIDENT,INJURIES_NO_INDICATION,INJURIES_UNKNOWN,CRASH_HOUR,CRASH_DAY_OF_WEEK,CRASH_MONTH,LATITUDE,LONGITUDE,LOCATION
9487452ee64858ac8bf47f18b575be82e3507dab4e694fd38389c8d536f209bfae7fbeda97833d19e94ca96f0ddba2421968ae6cb79d87b87caa8cfc86961d4f,JF184987,,3/24/2022 12:40,15,NO CONTROLS,NO CONTROLS,CLEAR,DAYLIGHT,TURNING,PARKING LOT,,STRAIGHT AND LEVEL,DRY,NO DEFECTS,NOT ON SCENE (DESK REPORT),NO INJURY / DRIVE AWAY,,Y,,"OVER $1,500",3/24/2022 13:15,IMPROPER TURNING/NO SIGNAL,NOT APPLICABLE,3343,W,ADDISON ST,1733,,,,,,,2,NO INDICATION OF INJURY,0,0,0,0,0,2,0,12,5,3,41.9464678,-87.7120241,POINT (-87.712024097067 41.946467795996)
459a369a5c199f7adc3974df5ebfef3d19bfccac2c4ad93e2a0303aab787c4dc871406cb113bf6286a5002894ddaa56eec478f88e25333893259a0222c1bbca6,JF148587,,2/18/2022 13:51,30,NO CONTROLS,NO CONTROLS,CLEAR,DAYLIGHT,HEAD ON,NOT DIVIDED,,STRAIGHT AND LEVEL,WET,NO DEFECTS,ON SCENE,NO INJURY / DRIVE AWAY,,,,"$501 - $1,500",2/18/2022 13:54,UNABLE TO DETERMINE,UNABLE TO DETERMINE,6112,W,FULLERTON AVE,2512,,,,,,,2,NO INDICATION OF INJURY,0,0,0,0,0,2,0,13,6,2,41.92389062,-87.77867678,POINT (-87.778676779861 41.923890621816)
69dcb1d303733c887312657ea66228722f5bedc2b92e0dbb6c50a016136de276c15f17582fcd8e5ad15e46bbbd61cc7bab139b9130d9bbcd7bdf3e0f92e290eb,JF163722,,3/4/2022 23:58,30,TRAFFIC SIGNAL,FUNCTIONING PROPERLY,CLEAR,"DARKNESS, LIGHTED ROAD",REAR END,FOUR WAY,,STRAIGHT AND LEVEL,DRY,NO DEFECTS,ON SCENE,INJURY AND / OR TOW DUE TO CRASH,Y,,Y,"OVER $1,500",3/5/2022 0:10,UNABLE TO DETERMINE,UNABLE TO DETERMINE,3147,S,ARCHER AVE,912,,,,,,,2,"REPORTED, NOT EVIDENT",1,0,0,0,1,2,0,23,6,3,41.83682377,-87.66691212,POINT (-87.666912121053 41.836823771311)
6ad1b2df9b17e9b66a875168188e4b25d52272d0bc4d4f932c858926c5c29662da4f31cdd95abe3794c79b9794efdcedd001196103c90567668d620c26fb4faf,JF163696,,3/4/2022 21:18,30,TRAFFIC SIGNAL,FUNCTIONING PROPERLY,CLEAR,"DARKNESS, LIGHTED ROAD",TURNING,ONE-WAY,,STRAIGHT AND LEVEL,DRY,NO DEFECTS,ON SCENE,INJURY AND / OR TOW DUE TO CRASH,Y,,,"OVER $1,500",3/4/2022 21:21,IMPROPER TURNING/NO SIGNAL,IMPROPER OVERTAKING/PASSING,635,W,RANDOLPH ST,121,,,,,,,2,NO INDICATION OF INJURY,0,0,0,0,0,2,0,21,6,3,41.88431851,-87.64413134,POINT (-87.644131338549 41.884318512852)
957bba7fa516006878d48d4b9b08ffc5f0acc2935fc8bc6ad022141cba6d8d24906c67b9d1861686bb3a60f4b1c9e44085fa7cee6dddb16af944f704a982f901,JF185401,,3/24/2022 18:30,30,NO CONTROLS,NO CONTROLS,RAIN,DAWN,REAR END,NOT DIVIDED,,STRAIGHT AND LEVEL,WET,NO DEFECTS,NOT ON SCENE (DESK REPORT),NO INJURY / DRIVE AWAY,,,Y,"OVER $1,500",3/24/2022 18:30,UNABLE TO DETERMINE,UNABLE TO DETERMINE,6000,W,NORTH AVE,2531,,,,,,,2,NO INDICATION OF INJURY,0,0,0,0,0,2,0,18,5,3,41.90936279,-87.77564366,POINT (-87.775643660723 41.909362791269)
96091e894389f9a5f13c0ff25d643dc4c2cb73d654809d42965aad9b020cab27dcd5b5bf1f6d61adde8f996c6f6979c27c2cbf3f157a2722cd4e0a3e35ec3285,JF184921,,3/24/2022 10:00,30,NO CONTROLS,NO CONTROLS,CLEAR,DAYLIGHT,PARKED MOTOR VEHICLE,PARKING LOT,,STRAIGHT AND LEVEL,DRY,NO DEFECTS,NOT ON SCENE (DESK REPORT),NO INJURY / DRIVE AWAY,,,,"$501 - $1,500",3/24/2022 12:00,IMPROPER BACKING,IMPROPER BACKING,4161,S,DREXEL BLVD,214,,,,,,,2,NO INDICATION OF INJURY,0,0,0,0,0,1,0,10,5,3,41.81820637,-87.60406077,POINT (-87.60406077249 41.818206371943)
46329720290f333be33d7e6a322cea6f5a690ca05d36ab4f2db7268f8f6045259d00c6cbe15dabc55abae54133086ebecdb36dba96c6146e59afb8efd72eb49d,JF151468,,2/18/2022 13:00,25,NO CONTROLS,NO CONTROLS,CLEAR,DAYLIGHT,ANGLE,NOT DIVIDED,,STRAIGHT AND LEVEL,DRY,NO DEFECTS,NOT ON SCENE (DESK REPORT),NO INJURY / DRIVE AWAY,,,,"$501 - $1,500",2/21/2022 14:33,NOT APPLICABLE,NOT APPLICABLE,100,S,CALIFORNIA AVE,1124,,,,,,,2,NO INDICATION OF INJURY,0,0,0,0,0,3,0,13,6,2,41.88011651,-87.6964067,POINT (-87.696406703928 41.880116512661)
4650b66f2b442800a81203a21e654d3c6435b59793123318db929b7e1c81501f58b49011185c368a00ec56d02e61b954669b3678118da7db3be2b9c2f236a6b6,JF158050,,2/18/2022 18:15,35,UNKNOWN,UNKNOWN,UNKNOWN,UNKNOWN,TURNING,UNKNOWN,,STRAIGHT AND LEVEL,UNKNOWN,UNKNOWN,NOT ON SCENE (DESK REPORT),NO INJURY / DRIVE AWAY,,,,"OVER $1,500",2/27/2022 20:30,IMPROPER TURNING/NO SIGNAL,NOT APPLICABLE,4781,S,ARCHER AVE,821,,,,,,,2,NO INDICATION OF INJURY,0,0,0,0,0,3,0,18,6,2,41.80666846,-87.71612755,POINT (-87.716127545644 41.806668456251)
ccce7590cab1230d78159b8f9110df3bbb842e2a65b8f2b8b5acdcf814fc3009100cfdfaafe1557d7ca71e8255a7af05f0f3f53d348878c985f4be1db967e245,JF170106,,3/11/2022 8:10,30,NO CONTROLS,NO CONTROLS,CLEAR,DAYLIGHT,TURNING,DIVIDED - W/MEDIAN (NOT RAISED),,STRAIGHT AND LEVEL,WET,UNKNOWN,ON SCENE,NO INJURY / DRIVE AWAY,,,,"OVER $1,500",3/11/2022 8:45,IMPROPER TURNING/NO SIGNAL,NOT APPLICABLE,4039,W,BELMONT AVE,2523,,,,,,,2,NO INDICATION OF INJURY,0,0,0,0,0,2,0,8,6,3,41.93896311,-87.72875551,POINT (-87.72875550933 41.938963105419)
7c4595060fa9b03ddce9a56bea303e3e3c682591b85841bc4c19a0540db472828073c1bee9cf53d0a9d4d3096a13c409104bb7388b9d7c3780d8a41797f55712,,,4/2/2022 2:34,30,NO CONTROLS,FUNCTIONING PROPERLY,CLEAR,"DARKNESS, LIGHTED ROAD",SIDESWIPE SAME DIRECTION,NOT DIVIDED,,STRAIGHT AND LEVEL,DRY,NO DEFECTS,NOT ON SCENE (DESK REPORT),INJURY AND / OR TOW DUE TO CRASH,,,,"OVER $1,500",4/2/2022 2:34,FAILING TO REDUCE SPEED TO AVOID CRASH,UNABLE TO DETERMINE,938,E,75TH ST,323,,,,,,,3,"REPORTED, NOT EVIDENT",1,0,0,0,1,5,0,2,7,4,41.75873463,-87.60141612,POINT (-87.601416115357 41.758734630965)
6b5525b319a07f9c1202e549fec52906235d0b3db45029b8429a3851a8c269c8df1f751381d5442617122a304955fee8536ffe0b60818941a580057353bb78b2,JF163599,,3/4/2022 18:59,30,NO CONTROLS,NO CONTROLS,UNKNOWN,UNKNOWN,TURNING,NOT DIVIDED,,STRAIGHT AND LEVEL,UNKNOWN,UNKNOWN,NOT ON SCENE (DESK REPORT),NO INJURY / DRIVE AWAY,,,,"OVER $1,500",3/4/2022 20:30,UNABLE TO DETERMINE,UNABLE TO DETERMINE,10700,S,DR MARTIN LUTHER KING JR DR,513,,,,,,,2,NO INDICATION OF INJURY,0,0,0,0,0,2,0,18,6,3,41.69998574,-87.61371782,POINT (-87.61371782225 41.699985743297)
6b5bebba8ea50c72aabf4c64d8398f867a772fa66ec7bf7b13d17596a69fcbdf926b1150db87c24f580cf6f49e61253ea00d06efe3836892637fe98d3d6fd253,JF162694,,3/4/2022 7:39,30,STOP SIGN/FLASHER,FUNCTIONING PROPERLY,CLEAR,DAYLIGHT,REAR TO FRONT,NOT DIVIDED,,STRAIGHT AND LEVEL,DRY,NO DEFECTS,ON SCENE,NO INJURY / DRIVE AWAY,,,Y,"$501 - $1,500",3/4/2022 7:47,UNABLE TO DETERMINE,UNABLE TO DETERMINE,300,S,ST LOUIS AVE,1133,,,,,,,2,NO INDICATION OF INJURY,0,0,0,0,0,2,0,7,6,3,41.87719204,-87.71363218,POINT (-87.713632179113 41.877192035621)
97385562f16d0faa36772fdf1336ea92f5859e796aeb9e95e3408d42166e957bac7dcbcb139fe94c0e2c50b31ad7536e19d25152854f4996101e2ae9ea931461,JF185534,,3/24/2022 20:37,30,TRAFFIC SIGNAL,FUNCTIONING PROPERLY,RAIN,DARKNESS,TURNING,NOT DIVIDED,,STRAIGHT AND LEVEL,WET,NO DEFECTS,ON SCENE,NO INJURY / DRIVE AWAY,Y,,,"$501 - $1,500",3/24/2022 20:37,UNABLE TO DETERMINE,NOT APPLICABLE,2800,N,HALSTED ST,1933,,,,,,,2,NO INDICATION OF INJURY,0,0,0,0,0,2,0,20,5,3,41.93276214,-87.6491605,POINT (-87.649160496084 41.93276214296)
97643ebd3f8e163bdcc8b61c166a166828ae440ca7219d3c6c2d2f59e98eed2b7bacb1abb1b73832bd9eb98dcb02676896e023992bd4ba7fac3fb2ec022477cc,JF185554,,3/24/2022 20:59,30,TRAFFIC SIGNAL,FUNCTIONING PROPERLY,RAIN,"DARKNESS, LIGHTED ROAD",TURNING,NOT DIVIDED,,STRAIGHT AND LEVEL,WET,NO DEFECTS,ON SCENE,NO INJURY / DRIVE AWAY,Y,,,"OVER $1,500",3/24/2022 20:59,FAILING TO YIELD RIGHT-OF-WAY,NOT APPLICABLE,700,W,HARRISON ST,124,,,,,,,2,NO INDICATION OF INJURY,0,0,0,0,0,5,0,20,5,3,41.87446235,-87.64391006,POINT (-87.643910056168 41.874462352016)
3635b893613eb8ee2f7ee4d2f5d2139482b900d7285cc2ef0947b6390392e6541536eac33c170c1a12b464600997bed196f898bd15e4c21d80923ba3d6d7257d,JF156270,,2/25/2022 23:45,30,TRAFFIC SIGNAL,FUNCTIONING PROPERLY,SNOW,"DARKNESS, LIGHTED ROAD",REAR END,NOT DIVIDED,,STRAIGHT AND LEVEL,SNOW OR SLUSH,NO DEFECTS,ON SCENE,NO INJURY / DRIVE AWAY,,,Y,"OVER $1,500",2/25/2022 23:52,UNABLE TO DETERMINE,UNABLE TO DETERMINE,2201,W,CERMAK RD,1034,,,,,,,2,NO INDICATION OF INJURY,0,0,0,0,0,3,0,23,6,2,41.85198803,-87.68080205,POINT (-87.680802047089 41.851988031245)
36970bc6aeaa2f0edf2d3b0ab42f39a9e1ceab4083a28ac6e4179805257cc0e43041bb86bf7c693458144f705a76a798042fc907be889e6494ff8b51963f478b,JF156185,,2/25/2022 21:59,30,TRAFFIC SIGNAL,FUNCTIONING PROPERLY,SNOW,"DARKNESS, LIGHTED ROAD",ANGLE,FOUR WAY,,STRAIGHT AND LEVEL,WET,NO DEFECTS,ON SCENE,INJURY AND / OR TOW DUE TO CRASH,Y,,,"OVER $1,500",2/25/2022 22:05,FAILING TO YIELD RIGHT-OF-WAY,NOT APPLICABLE,1800,S,UNION AVE,1235,,,,,,,2,NO INDICATION OF INJURY,0,0,0,0,0,2,0,21,6,2,41.85753086,-87.64492861,POINT (-87.644928607359 41.857530859236)
d029199f03b4b33dff12dc43869bfd412d9580a979ecb7238c38a0da11969a5232b7a97f746b5e5e0a367715eea8b92a1182ebccd609b1fe159b3673fc832004,JF169997,,3/11/2022 3:34,45,NO CONTROLS,NO CONTROLS,SNOW,"DARKNESS, LIGHTED ROAD",FIXED OBJECT,DIVIDED - W/MEDIAN BARRIER,,STRAIGHT AND LEVEL,SNOW OR SLUSH,NO DEFECTS,ON SCENE,NO INJURY / DRIVE AWAY,,,,"OVER $1,500",3/11/2022 3:56,WEATHER,NOT APPLICABLE,5134,S,LAKE SHORE DR SB,234,,,,,,,1,NO INDICATION OF INJURY,0,0,0,0,0,1,0,3,6,3,41.8017103,-87.5817517,POINT (-87.581751703692 41.801710297094)
cd7f1269cf5f979a48cfa6d5abe6879e706a56673420e8b592c678eb3c54a908b3c19491fa8ad084ca4a2dca481a2b4eaa92b1a1d7af7e8635d2c59f1f73dc89,JF186847,,3/26/2022 1:47,30,TRAFFIC SIGNAL,FUNCTIONING PROPERLY,CLEAR,"DARKNESS, LIGHTED ROAD",ANGLE,FOUR WAY,,STRAIGHT AND LEVEL,DRY,UNKNOWN,ON SCENE,NO INJURY / DRIVE AWAY,Y,,Y,"OVER $1,500",3/26/2022 1:55,DISREGARDING TRAFFIC SIGNALS,UNABLE TO DETERMINE,1800,S,WENTWORTH AVE,914,,,,,,,4,NO INDICATION OF INJURY,0,0,0,0,0,6,0,1,7,3,41.85774375,-87.63203906,POINT (-87.632039062819 41.857743750896)
7dc23b89cb6c6a106e15d3360afa3473b8e9df3fd8627786c863da147435de5b3a2a3d616230b8abbaf989520005e927fca01cd1b45d3223261bb7a06161f9f5,JF178696,,3/18/2022 17:08,30,TRAFFIC SIGNAL,FUNCTIONING PROPERLY,RAIN,DAYLIGHT,SIDESWIPE OPPOSITE DIRECTION,FOUR WAY,,STRAIGHT AND LEVEL,WET,NO DEFECTS,NOT ON SCENE (DESK REPORT),NO INJURY / DRIVE AWAY,,,,"OVER $1,500",3/18/2022 18:38,IMPROPER LANE USAGE,DISREGARDING ROAD MARKINGS,300,E,35TH ST,211,,,,,,,2,NO INDICATION OF INJURY,0,0,0,0,0,2,0,17,6,3,41.83119241,-87.6192892,POINT (-87.619289199481 41.831192408738)
7df61d6b627be74b4d5acbc6cb1a5aad3ba4e6c3065d396c952ff54d4966bde8dbc5f4103be52943cec85bd51d1eada8f1446ed3bcd43449499106a0da41f331,JF178821,,3/18/2022 20:35,30,TRAFFIC SIGNAL,FUNCTIONING PROPERLY,RAIN,DUSK,TURNING,FOUR WAY,,STRAIGHT AND LEVEL,WET,NO DEFECTS,NOT ON SCENE (DESK REPORT),INJURY AND / OR TOW DUE TO CRASH,Y,,Y,"$501 - $1,500",3/18/2022 21:00,IMPROPER TURNING/NO SIGNAL,IMPROPER TURNING/NO SIGNAL,3900,S,KEDZIE AVE,821,,,,,,,2,NONINCAPACITATING INJURY,3,0,0,3,0,2,0,20,6,3,41.82257679,-87.70459757,POINT (-87.704597572764 41.822576787534)
7e575c39c9693e80cbdf4a795e09577351a463fabec435b78d7187bfe15538f80ff712bab104cb5acb400592156d4aab4dedc21c669b0117fcdde46dde3899b1,JF178516,,3/18/2022 16:15,30,TRAFFIC SIGNAL,FUNCTIONING PROPERLY,RAIN,DAYLIGHT,TURNING,FOUR WAY,,STRAIGHT AND LEVEL,WET,NO DEFECTS,ON SCENE,INJURY AND / OR TOW DUE TO CRASH,Y,,,"OVER $1,500",3/18/2022 16:20,FAILING TO YIELD RIGHT-OF-WAY,UNABLE TO DETERMINE,201,S,ASHLAND AVE,1231,,,,,,,2,NO INDICATION OF INJURY,0,0,0,0,0,2,0,16,6,3,41.87883604,-87.66660253,POINT (-87.666602525618 41.878836041756)
7e78d3cebb68916d60870ae7086d828c8070b984a79e0582779ac1332285708682f549e6c48527a8df3eded0122e5866c8a52740f5e3b4d56ecd9364d5ea3bbb,JF178673,,3/18/2022 18:05,30,TRAFFIC SIGNAL,FUNCTIONING PROPERLY,RAIN,DUSK,ANGLE,NOT DIVIDED,,STRAIGHT AND LEVEL,WET,NO DEFECTS,ON SCENE,NO INJURY / DRIVE AWAY,Y,,Y,"OVER $1,500",3/18/2022 18:06,DISREGARDING TRAFFIC SIGNALS,FAILING TO YIELD RIGHT-OF-WAY,6700,S,HALSTED ST,723,,,,,,,4,NO INDICATION OF INJURY,0,0,0,0,0,2,0,18,6,3,41.77237962,-87.64474164,POINT (-87.644741641913 41.772379616506)
47dbc2f731342558e9bfd99eb070088e396cfed0d42a1dd5df8d655ba8ed664eca43b637a5d06b795a7460dcf70b37234b7c570dd76f2a070fbea5657526166d,JF148867,,2/18/2022 17:49,30,NO CONTROLS,NO CONTROLS,CLEAR,DAWN,PARKED MOTOR VEHICLE,NOT DIVIDED,,STRAIGHT AND LEVEL,SNOW OR SLUSH,UNKNOWN,ON SCENE,NO INJURY / DRIVE AWAY,,,Y,"OVER $1,500",2/18/2022 18:07,UNABLE TO DETERMINE,NOT APPLICABLE,4959,S,DAMEN AVE,931,,,,,,,3,NO INDICATION OF INJURY,0,0,0,0,0,1,0,17,6,2,41.80313738,-87.67440779,POINT (-87.674407787637 41.803137384099)
6c217d3aea14c206eb419fbd736a593d3c6db111233272aaf5b92b67e3721e0ececac85a8eb7802f195b47ce6933b7669d055de295796d047626a8d521bbef09,JF163443,,3/4/2022 17:00,30,NO CONTROLS,NO CONTROLS,CLEAR,DAYLIGHT,TURNING,NOT DIVIDED,,STRAIGHT AND LEVEL,UNKNOWN,UNKNOWN,NOT ON SCENE (DESK REPORT),INJURY AND / OR TOW DUE TO CRASH,,,,"$501 - $1,500",3/4/2022 17:50,IMPROPER TURNING/NO SIGNAL,IMPROPER OVERTAKING/PASSING,3235,W,CHICAGO AVE,1121,,,,,,,2,"REPORTED, NOT EVIDENT",3,0,0,0,3,1,0,17,6,3,41.89543114,-87.70782871,POINT (-87.707828713838 41.895431144423)
378942cfdce89feb6859fc073404c3a521f01278d35d211bd67ec795a7988414f74db612cfdabb6eb40ac19255177f82a258a97eba4b569c3cb6e0f5afa77a6b,JF155688,,2/25/2022 9:10,25,NO CONTROLS,NO CONTROLS,CLEAR,DAYLIGHT,PARKED MOTOR VEHICLE,NOT DIVIDED,,STRAIGHT AND LEVEL,SNOW OR SLUSH,NO DEFECTS,ON SCENE,NO INJURY / DRIVE AWAY,,,Y,"OVER $1,500",2/25/2022 13:30,ANIMAL,NOT APPLICABLE,6412,N,GREENVIEW AVE,2432,,,,,,,2,NO INDICATION OF INJURY,0,0,0,0,0,1,0,9,6,2,41.99852407,-87.66811817,POINT (-87.66811816523 41.998524066878)
487676bc022763e36299fbdc09e00c17dd09c5263bdd6c93c6dfc2d4586ff4711cde10647c82ed5e8749f946718f9c9fc01325c64d10f0db0100a9c867ead526,JF148211,,2/18/2022 7:50,40,NO CONTROLS,NO CONTROLS,CLEAR,DAYLIGHT,REAR END,DIVIDED - W/MEDIAN BARRIER,,STRAIGHT AND LEVEL,WET,NO DEFECTS,ON SCENE,INJURY AND / OR TOW DUE TO CRASH,,,,"OVER $1,500",2/18/2022 7:57,DISTRACTION - FROM INSIDE VEHICLE,NOT APPLICABLE,1800,N,LAKE SHORE DR SB,1814,,,,,,,2,NO INDICATION OF INJURY,0,0,0,0,0,2,0,7,6,2,41.91516536,-87.62773146,POINT (-87.627731461886 41.915165358628)
487c9d7ee7f83ef856e01269e5789b1c928ca9e61835a0d1e0abb928e62d1ada4667c8a9abaaaf70d3164e959f6ae59707e18846be27aed801ff2e91cf0c8b28,JF148890,,2/18/2022 18:30,25,NO CONTROLS,NO CONTROLS,OTHER,"DARKNESS, LIGHTED ROAD",PARKED MOTOR VEHICLE,ALLEY,,STRAIGHT AND LEVEL,SNOW OR SLUSH,NO DEFECTS,ON SCENE,NO INJURY / DRIVE AWAY,N,,,"OVER $1,500",2/18/2022 18:31,DRIVING SKILLS/KNOWLEDGE/EXPERIENCE,WEATHER,268,E,97TH ST,511,,,,,,,2,NO INDICATION OF INJURY,0,0,0,0,0,1,0,18,6,2,41.71831615,-87.61653529,POINT (-87.616535294299 41.718316152832)
7eff37bdcdf8643817f0996a6d3813c3d82145128b7930f0ca830f17243432b239b9b755282d5d6f724e06911c4d7fce33b947f5ed6f8e067d0fd619551ac376,JD456583,,12/11/2020 20:35,30,TRAFFIC SIGNAL,FUNCTIONING PROPERLY,RAIN,"DARKNESS, LIGHTED ROAD",REAR END,NOT DIVIDED,,STRAIGHT AND LEVEL,WET,NO DEFECTS,,NO INJURY / DRIVE AWAY,,,Y,"OVER $1,500",12/11/2020 20:40,WEATHER,UNABLE TO DETERMINE,2000,N,KEDZIE AVE,1413,,,,,,,2,NO INDICATION OF INJURY,0,0,0,0,0,2,0,20,6,12,41.91744617,-87.70711607,POINT (-87.707116071878 41.917446171917)
98ea794aa6d1484ae588263f332b47e387c65b7b3c744a0e345eb613bb547689684809b6eb39b7606da7611d904b83e6fe66f0348d27baa90a7a1240f4237060,HZ546244,,12/9/2016 17:00,25,NO CONTROLS,NO CONTROLS,CLEAR,"DARKNESS, LIGHTED ROAD",PEDESTRIAN,DIVIDED - W/MEDIAN (NOT RAISED),4,STRAIGHT AND LEVEL,DRY,NO DEFECTS,,INJURY AND / OR TOW DUE TO CRASH,,,,"$501 - $1,500",12/9/2016 20:45,UNABLE TO DETERMINE,UNABLE TO DETERMINE,6300,S,RICHMOND ST,823,,,,,,,2,"REPORTED, NOT EVIDENT",1,0,0,0,1,1,0,17,6,12,41.77896861,-87.69719047,POINT (-87.697190465965 41.77896861225)
990b4268f9f1d9f4ec33241f7bec48e81749678e84bbd108049796911c79cc1ffbc0304fa3c869d9aa59bff7d463ea500e4c43e47d2aac4f07f6069854a40770,JD222719,,5/2/2020 21:47,30,NO CONTROLS,NO CONTROLS,CLEAR,"DARKNESS, LIGHTED ROAD",SIDESWIPE SAME DIRECTION,NOT DIVIDED,,STRAIGHT AND LEVEL,DRY,NO DEFECTS,,NO INJURY / DRIVE AWAY,,,Y,"OVER $1,500",5/2/2020 22:50,FAILING TO REDUCE SPEED TO AVOID CRASH,NOT APPLICABLE,5054,N,CICERO AVE,1621,,,,,,,2,NO INDICATION OF INJURY,0,0,0,0,0,2,0,21,7,5,41.97308949,-87.74807881,POINT (-87.748078804608 41.973089486671)
7f4db106d7efdfeee8cf110dfa71c62dc3fd6c5872b16235693149f4b223bd72bf9419252716cf1a71eff8ef29643c5c77b3d3c2720b788979e2b29bcc851890,JF178908,,3/18/2022 21:29,30,NO CONTROLS,NO CONTROLS,RAIN,"DARKNESS, LIGHTED ROAD",PEDESTRIAN,DIVIDED - W/MEDIAN (NOT RAISED),,STRAIGHT AND LEVEL,WET,NO DEFECTS,ON SCENE,INJURY AND / OR TOW DUE TO CRASH,,,Y,"OVER $1,500",3/18/2022 22:43,UNABLE TO DETERMINE,NOT APPLICABLE,3058,W,LAWRENCE AVE,1713,,,,,,,2,NONINCAPACITATING INJURY,1,0,0,1,0,1,0,21,6,3,41.96858566,-87.70597252,POINT (-87.705972521401 41.968585662617)
488fec2bd3a8af6ea849854c3f80a92d2b28639d040df5278d044a2afea875c515f6ca749d57a7c06e2bf11b9d5d6cf7dfdfb6ef6eb9ab8c264999e57a661b13,JF148374,,2/18/2022 10:30,5,NO CONTROLS,NO CONTROLS,CLEAR,DAYLIGHT,PEDESTRIAN,PARKING LOT,,STRAIGHT AND LEVEL,SNOW OR SLUSH,NO DEFECTS,ON SCENE,NO INJURY / DRIVE AWAY,,,Y,$500 OR LESS,2/18/2022 10:37,UNABLE TO DETERMINE,UNABLE TO DETERMINE,3310,W,ADDISON ST,1733,,,,,,,2,NO INDICATION OF INJURY,0,0,0,0,0,2,0,10,6,2,41.94670044,-87.71086358,POINT (-87.710863581633 41.946700440917)
37db150c8c994e929544fe9110feb3dc0cc9562923102901da136f330652912acf4b6d3338d508e43cb1be964ef1d833f578650987241542357c2a1848125761,JF156549,,2/25/2022 20:25,30,TRAFFIC SIGNAL,NO CONTROLS,CLEAR,"DARKNESS, LIGHTED ROAD",TURNING,ONE-WAY,,STRAIGHT AND LEVEL,SNOW OR SLUSH,NO DEFECTS,NOT ON SCENE (DESK REPORT),NO INJURY / DRIVE AWAY,,,,"OVER $1,500",2/26/2022 10:22,UNABLE TO DETERMINE,NOT APPLICABLE,1,S,KEELER AVE,1115,,,,,,,2,NO INDICATION OF INJURY,0,0,0,0,0,7,0,20,6,2,41.88062225,-87.73042522,POINT (-87.73042521809 41.880622248172)
6e7cfd2603fcf8d0ec3c439b2ba899ece0bbfd9e2570ae47704dba6fc3dc32f34b341bd92f4d685ce84897e60ce5942225fd19647d9997261112a5355bc98d00,JF162960,,3/4/2022 11:15,25,TRAFFIC SIGNAL,UNKNOWN,UNKNOWN,DAYLIGHT,TURNING,T-INTERSECTION,,STRAIGHT AND LEVEL,UNKNOWN,UNKNOWN,ON SCENE,INJURY AND / OR TOW DUE TO CRASH,Y,,,"OVER $1,500",3/4/2022 11:30,UNABLE TO DETERMINE,UNABLE TO DETERMINE,5200,W,ROOSEVELT RD,1522,,,,,,,2,NO INDICATION OF INJURY,0,0,0,0,0,2,0,11,6,3,41.86585673,-87.7548716,POINT (-87.754871604193 41.865856734392)
d48e87fd52b7d07a43aec886303569ede7f73925a93885779b65f7b0d633585ebcc97353b0eeb66faba3e88c491ffd93d5f8046e6f279190cfa9945bf647573c,JF170309,,3/11/2022 10:15,30,NO CONTROLS,NO CONTROLS,CLEAR,DAYLIGHT,SIDESWIPE SAME DIRECTION,NOT DIVIDED,,STRAIGHT AND LEVEL,DRY,NO DEFECTS,NOT ON SCENE (DESK REPORT),NO INJURY / DRIVE AWAY,,,,"$501 - $1,500",3/11/2022 11:26,UNABLE TO DETERMINE,UNABLE TO DETERMINE,8700,S,COTTAGE GROVE AVE,632,,,,,,,2,NO INDICATION OF INJURY,0,0,0,0,0,2,0,10,6,3,41.73660156,-87.6049681,POINT (-87.604968100168 41.736601558476)
49ffa8fe756e495cc05e6e275ad9e0cb923944183ebb2b860a29ba61a335d11e47cde65b15532381343c5e81af371e1feb3c03fab00bfb31e1f95e144c6b3a52,JF148576,,2/18/2022 13:00,30,NO CONTROLS,NO CONTROLS,CLEAR,DAYLIGHT,PARKED MOTOR VEHICLE,PARKING LOT,,STRAIGHT AND LEVEL,WET,NO DEFECTS,NOT ON SCENE (DESK REPORT),NO INJURY / DRIVE AWAY,,,,"OVER $1,500",2/18/2022 14:00,DRIVING SKILLS/KNOWLEDGE/EXPERIENCE,NOT APPLICABLE,3301,W,48TH PL,821,,,,,,,2,NO INDICATION OF INJURY,0,0,0,0,0,1,0,13,6,2,41.80554457,-87.70645098,POINT (-87.706450983015 41.80554457043)