CRASH_RECORD_ID,RD_NO,CRASH_DATE_EST_I,CRASH_DATE,POSTED_SPEED_LIMIT,TRAFFIC_CONTROL_DEVICE,DEVICE_CONDITION,WEATHER_CONDITION,LIGHTING_CONDITION,FIRST_CRASH_TYPE,TRAFFICWAY_TYPE,LANE_CNT,ALIGNMENT,ROADWAY_SURFACE_COND,ROAD_DEFECT,REPORT_TYPE,CRASH_TYPE,INTERSECTION_RELATED_I,NOT_RIGHT_OF_WAY_I,HIT_AND_RUN_I,DAMAGE,DATE_POLICE_NOTIFIED,PRIM_CONTRIBUTORY_CAUSE,SEC_CONTRIBUTORY_CAUSE,STREET_NO,STREET_DIRECTION,STREET_NAME,BEAT_OF_OCCURRENCE,PHOTOS_TAKEN_I,STATEMENTS_TAKEN_I,DOORING_I,WORK_ZONE_I,WORK_ZONE_TYPE,WORKERS_PRESENT_I,NUM_UNITS,MOST_SEVERE_INJURY,INJURIES_TOTAL,INJURIES_FATAL,INJURIES_INCAPACITATING,INJURIES_NON_INCAPACITATING,INJURIES_REPORTED_NOT_EVIDENT,INJURIES_NO_INDICATION,INJURIES_UNKNOWN,CRASH_HOUR,CRASH_DAY_OF_WEEK,CRASH_MONTH,LATITUDE,LONGITUDE,LOCATION
d47de6db18178f8d4ac506c3634a0ce51fc1535a23cddba625299f05505416f24283110943de2a500ad98907f848c5dec7e2af05f31dc1712869f0aa9dd34a6c,JF186871,,3/26/2022 2:15,30,NO CONTROLS,NO CONTROLS,CLEAR,"DARKNESS, LIGHTED ROAD",PARKED MOTOR VEHICLE,NOT DIVIDED,,STRAIGHT AND LEVEL,DRY,NO DEFECTS,ON SCENE,INJURY AND / OR TOW DUE TO CRASH,,,Y,"OVER $1,500",3/26/2022 2:26,UNDER THE INFLUENCE OF ALCOHOL/DRUGS (USE WHEN ARREST IS EFFECTED),NOT APPLICABLE,2525,W,DIVISION ST,1211,,,,,,,2,NO INDICATION OF INJURY,0,0,0,0,0,1,0,2,7,3,41.90287407,-87.69050019,POINT (-87.690500186334 41.902874069857)
6ecf1a7d7d2a6d0809e3b6960ca3a08c96ee6ca97dcfa20d4b5a22708a0de8a9be58179708747912f70ceb61510653cb24c58657acccad5127fc4be84140599c,JD352329,,8/31/2020 23:00,30,NO CONTROLS,NO CONTROLS,CLEAR,"DARKNESS, LIGHTED ROAD",REAR END,NOT DIVIDED,,STRAIGHT AND LEVEL,DRY,NO DEFECTS,,NO INJURY / DRIVE AWAY,,,Y,$500 OR LESS,9/1/2020 0:47,FOLLOWING TOO CLOSELY,IMPROPER OVERTAKING/PASSING,8100,S,DAMEN AVE,614,,,,,,,2,NO INDICATION OF INJURY,0,0,0,0,0,5,0,23,2,8,41.7464953,-87.67318926,POINT (-87.673189258049 41.746495298555)
805af91256c90240bbcf6806f60beb8f8a77d355879b466029c779cfaafd1a79ab908325b27fb1aef49babb4f7dc55f6ce6035e92928fde09c59fdcd96ba3b00,JE348643,,8/24/2021 16:40,20,NO CONTROLS,NO CONTROLS,CLOUDY/OVERCAST,DAYLIGHT,PARKED MOTOR VEHICLE,NOT DIVIDED,,STRAIGHT AND LEVEL,DRY,NO DEFECTS,,INJURY AND / OR TOW DUE TO CRASH,,,,"OVER $1,500",8/24/2021 16:43,UNABLE TO DETERMINE,FAILING TO REDUCE SPEED TO AVOID CRASH,1928,N,ROCKWELL ST,1421,,,,,,,2,"REPORTED, NOT EVIDENT",1,0,0,0,1,0,0,16,3,8,41.91657784,-87.69242318,POINT (-87.692423177439 41.916577839575)
39932d6f50732bf14ff90c61dee32fa1dbbc255284038a3db2137683b4d7a26ffaaf612935c8afe1359901a41b65b4d39eda7003e2c96d057982f3d377b72e0d,JF155947,N,2/25/2022 17:10,30,OTHER,FUNCTIONING PROPERLY,SNOW,DAYLIGHT,REAR END,CENTER TURN LANE,,STRAIGHT AND LEVEL,WET,NO DEFECTS,ON SCENE,INJURY AND / OR TOW DUE TO CRASH,N,,,$500 OR LESS,2/25/2022 17:12,UNABLE TO DETERMINE,NOT APPLICABLE,358,S,DAMEN AVE,1225,,,,,,,2,"REPORTED, NOT EVIDENT",1,0,0,0,1,1,0,17,6,2,41.87626789,-87.67667677,POINT (-87.676676772252 41.876267886345)
6fdaded4e6866552d4635c9273b2917ecfdc2ff74841147418b3b1a78fc26bd5749684da240c22c4e739dada8f9e0a050025e5d5aeb830b319354a9a1cb9ec8f,JF163009,,3/4/2022 12:09,30,NO CONTROLS,NO CONTROLS,CLEAR,DAYLIGHT,ANGLE,T-INTERSECTION,,STRAIGHT AND LEVEL,DRY,NO DEFECTS,,INJURY AND / OR TOW DUE TO CRASH,Y,,,"OVER $1,500",3/4/2022 12:09,"VISION OBSCURED (SIGNS, TREE LIMBS, BUILDINGS, ETC.)",NOT APPLICABLE,4800,N,KIMBALL AVE,1712,,,,,,,2,NONINCAPACITATING INJURY,1,0,0,1,0,2,0,12,6,3,41.96848888,-87.71351349,POINT (-87.713513494027 41.968488877833)
6ff0ff0b59ea7ff7b51445b769f2e794502f7f7e6909124241a46d30318b3748d276c21933d7c88a474920743760fd2fd13cfde5ea095e8219029fe29d871322,JF163606,,3/4/2022 20:25,30,NO CONTROLS,NO CONTROLS,CLEAR,"DARKNESS, LIGHTED ROAD",TURNING,DIVIDED - W/MEDIAN BARRIER,,STRAIGHT AND LEVEL,DRY,NO DEFECTS,ON SCENE,INJURY AND / OR TOW DUE TO CRASH,,,,"OVER $1,500",3/4/2022 20:32,IMPROPER TURNING/NO SIGNAL,NOT APPLICABLE,1701,N,CICERO AVE,2533,,,,,,,2,"REPORTED, NOT EVIDENT",1,0,0,0,1,6,0,20,6,3,41.91150353,-87.7457618,POINT (-87.745761799333 41.911503534355)
3a2888d189241639f7d7beab9f64377c741563970ca816df78246541349d4d2a7682f546bec30afa0a8cb1ca60dabadbf26d868e376018398d2067991d428fed,JF158590,,2/25/2022 14:30,30,NO CONTROLS,NO CONTROLS,CLEAR,DAYLIGHT,REAR END,NOT DIVIDED,,STRAIGHT AND LEVEL,DRY,NO DEFECTS,NOT ON SCENE (DESK REPORT),NO INJURY / DRIVE AWAY,,,,"OVER $1,500",2/28/2022 12:15,UNABLE TO DETERMINE,UNABLE TO DETERMINE,3256,W,CERMAK RD,1022,,,,,,,2,NO INDICATION OF INJURY,0,0,0,0,0,2,0,14,6,2,41.85184696,-87.70753805,POINT (-87.707538048195 41.851846960744)
6f7ecb27672cda60d6207ba0f9c8d6a30a2856f5365ef147985ecff6f5c51f10f3d2b99f1f6f6f72acbd0df2469951674a8608a6ca6336ed4f786e7cee610833,JD176316,,3/6/2020 15:13,30,NO CONTROLS,NO CONTROLS,CLEAR,DAYLIGHT,PEDALCYCLIST,ONE-WAY,,STRAIGHT AND LEVEL,DRY,NO DEFECTS,,INJURY AND / OR TOW DUE TO CRASH,,,,$500 OR LESS,3/6/2020 15:45,IMPROPER BACKING,DRIVING ON WRONG SIDE/WRONG WAY,1615,W,WINONA ST,2032,,,,,,,2,NONINCAPACITATING INJURY,1,0,0,1,0,1,0,15,6,3,41.97512929,-87.6701975,POINT (-87.670197499928 41.975129286375)
80a53e165caab8f91f3282350dace97a31687f98040e7eb6466ecb605b21ed32a02a2a6a4aeb0bc074ce0fa0e832d4a37305e5996ad1e394dc7734a6515491e6,JD229596,,5/8/2020 10:09,30,NO CONTROLS,NO CONTROLS,CLEAR,DAYLIGHT,PARKED MOTOR VEHICLE,ONE-WAY,,STRAIGHT AND LEVEL,DRY,NO DEFECTS,,NO INJURY / DRIVE AWAY,,,,"$501 - $1,500",5/11/2020 12:45,UNABLE TO DETERMINE,UNABLE TO DETERMINE,2116,N,NATCHEZ AVE,2512,,,,,,,2,NO INDICATION OF INJURY,0,0,0,0,0,1,0,10,6,5,41.9187415,-87.78788868,POINT (-87.787888675213 41.918741495695)
80a93b0d490bca970448cc275c76402054f09f0f4927b37623f3257cc3d05eb192caff46b8ef892f0706d84a0f31b630c24006f2cc1746bd68ab7d08103b9f6f,JE122470,,1/25/2021 2:57,30,NO CONTROLS,NO CONTROLS,CLEAR,"DARKNESS, LIGHTED ROAD",SIDESWIPE SAME DIRECTION,NOT DIVIDED,,STRAIGHT ON GRADE,WET,WORN SURFACE,ON SCENE,INJURY AND / OR TOW DUE TO CRASH,,,,"OVER $1,500",1/25/2021 3:00,UNABLE TO DETERMINE,UNABLE TO DETERMINE,501,W,119TH ST,524,,,,,,,2,INCAPACITATING INJURY,3,0,1,2,0,1,0,2,2,1,41.677783,-87.63473876,POINT (-87.634738757066 41.677783000468)
3a3734b73499a853ae3f79397e7fe6ef9f59666b662c9047506189e16f23bf328edc2d600ee5d597f9d08deabf7f364a4ea36d51f106ce2069d6e6fa78f02b2b,JF156005,,2/25/2022 18:00,30,NO CONTROLS,NO CONTROLS,CLEAR,"DARKNESS, LIGHTED ROAD",PARKED MOTOR VEHICLE,DIVIDED - W/MEDIAN (NOT RAISED),,STRAIGHT AND LEVEL,WET,NO DEFECTS,ON SCENE,INJURY AND / OR TOW DUE TO CRASH,,,Y,"OVER $1,500",2/25/2022 18:07,UNABLE TO DETERMINE,NOT APPLICABLE,1534,S,MILLARD AVE,1014,,Y,,,,,2,NO INDICATION OF INJURY,0,0,0,0,0,1,0,18,6,2,41.85972943,-87.71659381,POINT (-87.716593812592 41.859729425317)
812c9f1b23d8e64fa8ee7b19bd864a89104e3f1a58e5958e8238155e9784701f24208953690be549a9fe864edb4a548f96bbea23150d7afd9304a75c72ac567d,JF178177,,3/18/2022 11:30,35,NO CONTROLS,NO CONTROLS,CLEAR,DAYLIGHT,SIDESWIPE SAME DIRECTION,NOT DIVIDED,,STRAIGHT AND LEVEL,DRY,NO DEFECTS,ON SCENE,NO INJURY / DRIVE AWAY,,,,"OVER $1,500",3/18/2022 11:35,IMPROPER OVERTAKING/PASSING,NOT APPLICABLE,1951,W,87TH ST,2221,,,,,,,2,NO INDICATION OF INJURY,0,0,0,0,0,2,0,11,6,3,41.73554652,-87.6724246,POINT (-87.672424600268 41.735546514533)
814e3ddcb1a1a435b82bd5431db6a22055ca41089687be371010673210fd8e96ce4343de1b4d58b44fa357a10ab5e29b3ed31d674d73155bc6a7f5745360a4c1,JF178887,,3/18/2022 22:58,30,NO CONTROLS,NO CONTROLS,RAIN,"DARKNESS, LIGHTED ROAD",PARKED MOTOR VEHICLE,NOT DIVIDED,,STRAIGHT AND LEVEL,WET,NO DEFECTS,ON SCENE,NO INJURY / DRIVE AWAY,,,Y,"OVER $1,500",3/18/2022 23:08,UNABLE TO DETERMINE,UNABLE TO DETERMINE,4443,S,CALIFORNIA AVE,922,,,,,,,4,NO INDICATION OF INJURY,0,0,0,0,0,1,0,22,6,3,41.81245972,-87.69418292,POINT (-87.694182921857 41.812459721847)
99f0d984f6735cb32b5943f01e09e9e249ca9b68858025b91acd6f31f29fc572b570aac4aeb0e5f2581024efacdf7895609ccb9fa5eeaddca09abc24dc642dd4,JF185172,,3/24/2022 15:30,20,NO CONTROLS,NO CONTROLS,RAIN,DAYLIGHT,SIDESWIPE SAME DIRECTION,ONE-WAY,,STRAIGHT AND LEVEL,WET,NO DEFECTS,NOT ON SCENE (DESK REPORT),INJURY AND / OR TOW DUE TO CRASH,,,,"OVER $1,500",3/24/2022 15:50,DRIVING SKILLS/KNOWLEDGE/EXPERIENCE,NOT APPLICABLE,5500,S,HYDE PARK BLVD,235,,,,,,,2,"REPORTED, NOT EVIDENT",1,0,0,0,1,2,0,15,5,3,41.7951358,-87.58409593,POINT (-87.584095926794 41.795135803736)
4ba1e8dab9f729a5ef7d1cb4a51376f364b4aa60bd4a7875f38d8d9aa832d9ce7cdd7a23013c05981bc064eec15b522719942b12659c610545f85ded6d7aae9f,JF149298,,2/18/2022 17:30,40,NO CONTROLS,NO CONTROLS,UNKNOWN,DAYLIGHT,SIDESWIPE SAME DIRECTION,DIVIDED - W/MEDIAN BARRIER,,STRAIGHT AND LEVEL,UNKNOWN,UNKNOWN,NOT ON SCENE (DESK REPORT),NO INJURY / DRIVE AWAY,,,,"$501 - $1,500",2/19/2022 9:15,UNABLE TO DETERMINE,NOT APPLICABLE,1700,N,LAKE SHORE DR NB,1814,,,,,,,2,NO INDICATION OF INJURY,0,0,0,0,0,2,0,17,6,2,41.91296035,-87.62660834,POINT (-87.626608335477 41.912960346202)
d57673f40f88fb3fa6411a3112ace3c9bd9691f48af870cb6e71b3cebdbe4e91808b1ec3c67bbb6c133bde7bc248d40e508d2ddc63c6a50b687e867b992d1c9e,JF170009,,3/11/2022 4:40,30,NO CONTROLS,NO CONTROLS,SNOW,"DARKNESS, LIGHTED ROAD",TURNING,NOT DIVIDED,,STRAIGHT AND LEVEL,WET,NO DEFECTS,NOT ON SCENE (DESK REPORT),NO INJURY / DRIVE AWAY,,,Y,"OVER $1,500",3/11/2022 5:00,UNABLE TO DETERMINE,UNABLE TO DETERMINE,631,N,LA SALLE DR,1832,,,,,,,2,NO INDICATION OF INJURY,0,0,0,0,0,3,0,4,6,3,41.8932512,-87.63249301,POINT (-87.632493012229 41.893251198465)
9a27287a77741237b6002d8d757b7f725b0fb12186e7ed5661a6360a880ba4e751ef11394b59e4933d0f10a7739ad152ea27ab32b35485f5d2442d3763343538,JF184825,,3/24/2022 10:05,30,TRAFFIC SIGNAL,FUNCTIONING PROPERLY,RAIN,DAYLIGHT,REAR END,NOT DIVIDED,,STRAIGHT AND LEVEL,WET,UNKNOWN,NOT ON SCENE (DESK REPORT),NO INJURY / DRIVE AWAY,,,Y,"$501 - $1,500",3/24/2022 10:40,UNABLE TO DETERMINE,UNABLE TO DETERMINE,3129,N,KIMBALL AVE,1412,,,,,,,2,NO INDICATION OF INJURY,0,0,0,0,0,4,0,10,5,3,41.9383457,-87.71230667,POINT (-87.712306673792 41.93834569941)
4c82b250c40e8cc0135000eaf3d30f612b4352050b2b708c08d526c5c740cafd65bf92c47b4a146b56fea64c3e12108a73b9ed5e687d1cbc9070552d48d2c9fd,JF148944,,2/18/2022 19:01,30,RAILROAD CROSSING GATE,FUNCTIONING PROPERLY,CLEAR,"DARKNESS, LIGHTED ROAD",REAR END,NOT DIVIDED,,STRAIGHT AND LEVEL,WET,NO DEFECTS,NOT ON SCENE (DESK REPORT),NO INJURY / DRIVE AWAY,,,,"OVER $1,500",2/18/2022 19:45,NOT APPLICABLE,NOT APPLICABLE,6324,N,HARLEM AVE,1612,,,,,,,2,NO INDICATION OF INJURY,0,0,0,0,0,2,0,19,6,2,41.99625871,-87.8069524,POINT (-87.806952399346 41.99625870709)
4ca9a090782536321ddcdafa38a099c5d1d532cf0a0ce833b905d0dfec7c7314c052cd99b4a31aed274410aebbdd8de4644394e16af841e671203a9834cae602,JF148864,,2/18/2022 16:25,30,TRAFFIC SIGNAL,UNKNOWN,UNKNOWN,UNKNOWN,REAR END,NOT DIVIDED,,STRAIGHT AND LEVEL,UNKNOWN,UNKNOWN,NOT ON SCENE (DESK REPORT),NO INJURY / DRIVE AWAY,,,,"$501 - $1,500",2/18/2022 17:45,UNABLE TO DETERMINE,NOT APPLICABLE,1309,W,CHASE AVE,2423,,,,,,,2,NO INDICATION OF INJURY,0,0,0,0,0,3,0,16,6,2,42.01382861,-87.66447459,POINT (-87.664474592973 42.013828609736)
3b240343551b43cf426dbed1ad08f5dfe583b749314c2c4f378d547dbe650c2d1e5d822cff8dcba1f8f3550c2589e302b5f0baef339c8662f936fd7887c12b9d,JE379588,,9/19/2021 12:45,15,NO CONTROLS,NO CONTROLS,CLEAR,DAYLIGHT,FIXED OBJECT,ALLEY,,STRAIGHT AND LEVEL,DRY,NO DEFECTS,,NO INJURY / DRIVE AWAY,,,Y,"OVER $1,500",9/19/2021 13:45,HAD BEEN DRINKING (USE WHEN ARREST IS NOT MADE),NOT APPLICABLE,2225,N,KILBOURN AVE,2522,,,,,,,1,NO INDICATION OF INJURY,0,0,0,0,0,1,0,12,1,9,41.92143187,-87.73876458,POINT (-87.738764581803 41.921431865477)
9a55ab15c45136e855d08002f05b63663baf44ee85a08d4e3334a3d9bf72ae17d29a9422c6c0aaba8fb90aeec15ef00f2d254893a6f70c0c44fdd28a10db35dc,JE318644,,7/29/2021 6:05,30,TRAFFIC SIGNAL,FUNCTIONING PROPERLY,CLEAR,DAYLIGHT,SIDESWIPE SAME DIRECTION,NOT DIVIDED,,STRAIGHT AND LEVEL,DRY,NO DEFECTS,,NO INJURY / DRIVE AWAY,,,Y,"$501 - $1,500",7/29/2021 16:06,IMPROPER OVERTAKING/PASSING,FAILING TO REDUCE SPEED TO AVOID CRASH,2151,N,PULASKI RD,2525,,,,,,,2,NO INDICATION OF INJURY,0,0,0,0,0,2,0,6,5,7,41.92054564,-87.72651215,POINT (-87.726512145433 41.920545640712)
9a55d1a1d22945f92da6d3b037c243a86bff02eb09160d632ef5d30e132fdcfae6f04b04f0b3d9e102076648b644b8c9ade5d80b274c1570467e174b6dd9a79a,JE208213,,4/23/2021 20:35,30,TRAFFIC SIGNAL,FUNCTIONING PROPERLY,CLEAR,DAYLIGHT,TURNING,NOT DIVIDED,,STRAIGHT AND LEVEL,DRY,NO DEFECTS,,INJURY AND / OR TOW DUE TO CRASH,Y,,,"OVER $1,500",4/23/2021 20:36,IMPROPER TURNING/NO SIGNAL,UNABLE TO DETERMINE,3601,N,CUMBERLAND AVE,1631,,,,,,,2,INCAPACITATING INJURY,2,0,1,1,0,0,0,20,6,4,41.94485507,-87.83628982,POINT (-87.836289817209 41.944855074353)
3bbc0f95fe9636af976deae5bd59abea0f08e4d463c10ea32332866e32f7ba7c411fc2408962ca3136ea37e53da9331d6067387364dfd6a4340a0f3387a9bf40,JF155724,,2/25/2022 13:00,35,NO CONTROLS,UNKNOWN,CLOUDY/OVERCAST,DAYLIGHT,SIDESWIPE SAME DIRECTION,NOT DIVIDED,,STRAIGHT AND LEVEL,OTHER,NO DEFECTS,ON SCENE,NO INJURY / DRIVE AWAY,,,,$500 OR LESS,2/25/2022 13:02,UNABLE TO DETERMINE,UNABLE TO DETERMINE,103,N,CENTRAL AVE,1523,,,,,,,2,NO INDICATION OF INJURY,0,0,0,0,0,4,0,13,6,2,41.88240244,-87.76478689,POINT (-87.764786887903 41.882402438006)
3bc3f0b6652d785202e841ffb9d021dd1b4be039c50a68c2264d74ef643a357f6c50abe0c94c477608287aa33463f701762939bcef2519876684b7801fefac55,JF155501,Y,2/25/2022 9:16,30,STOP SIGN/FLASHER,NO CONTROLS,CLEAR,DAYLIGHT,HEAD ON,ONE-WAY,,STRAIGHT AND LEVEL,WET,NO DEFECTS,ON SCENE,NO INJURY / DRIVE AWAY,Y,,,"OVER $1,500",2/25/2022 9:16,NOT APPLICABLE,NOT APPLICABLE,4700,W,LEXINGTON ST,1131,,,,,,,2,NO INDICATION OF INJURY,0,0,0,0,0,3,0,9,6,2,41.87135316,-87.74262755,POINT (-87.742627545161 41.871353159432)
d65642c424ea4f339f8e34f2da3fa6abf40788f790f860913e4e2de2f8b2dfa9f93689c4bb8ff2ede4dc514066d6f9964b33ae7be8f481addac680b4f144012f,JF171815,,3/11/2022 13:45,35,NO CONTROLS,NO CONTROLS,CLEAR,DAYLIGHT,SIDESWIPE SAME DIRECTION,NOT DIVIDED,,STRAIGHT AND LEVEL,DRY,NO DEFECTS,NOT ON SCENE (DESK REPORT),NO INJURY / DRIVE AWAY,,,,"OVER $1,500",3/12/2022 18:00,IMPROPER OVERTAKING/PASSING,DRIVING SKILLS/KNOWLEDGE/EXPERIENCE,5600,S,COTTAGE GROVE AVE,233,,,,,,,2,NO INDICATION OF INJURY,0,0,0,0,0,2,0,13,6,3,41.79306176,-87.60633478,POINT (-87.606334780539 41.793061754501)
9ab9694ed86a151e70b9597f88356e9bf3defcf345c5ab0b39d87dcdbe036a261dba9b29cbae587f09373bec8b637af679708ae6ea07e71c3c0455412edb48c7,JF184621,,3/24/2022 7:15,30,TRAFFIC SIGNAL,FUNCTIONING PROPERLY,RAIN,DAYLIGHT,ANGLE,NOT DIVIDED,,STRAIGHT AND LEVEL,WET,NO DEFECTS,NOT ON SCENE (DESK REPORT),NO INJURY / DRIVE AWAY,Y,,,"OVER $1,500",3/24/2022 8:00,UNABLE TO DETERMINE,NOT APPLICABLE,200,W,111TH ST,513,,,,,,,2,NO INDICATION OF INJURY,0,0,0,0,0,2,0,7,5,3,41.69263466,-87.62802991,POINT (-87.628029909331 41.692634657761)
d6a60af368fe27827836cc2e46e19be048ca4a08b8a8c01df8e6a97d460ee0e824513a77af91f90e97560b2ae08a169b9a42b19beda21133922997d7b4001710,JF170976,,3/11/2022 22:45,30,TRAFFIC SIGNAL,NO CONTROLS,CLEAR,"DARKNESS, LIGHTED ROAD",REAR END,NOT DIVIDED,,STRAIGHT AND LEVEL,DRY,NO DEFECTS,NOT ON SCENE (DESK REPORT),NO INJURY / DRIVE AWAY,,,,"OVER $1,500",3/11/2022 23:10,NOT APPLICABLE,NOT APPLICABLE,3600,N,CENTRAL PARK AVE,1732,,,,,,,2,NO INDICATION OF INJURY,0,0,0,0,0,2,0,22,6,3,41.94706187,-87.71797197,POINT (-87.717971966251 41.947061865466)
3c29f6da06337fc3854d2cd7122aa1e157dabbb8bb72f19abe60aba1ab798cc6e7a4bc851ee36f1c33231e39fd435b86055d18fd78b157fe65f0b64cb952fc56,JF155599,,2/25/2022 11:00,30,NO CONTROLS,NO CONTROLS,SNOW,DAYLIGHT,HEAD ON,NOT DIVIDED,,STRAIGHT AND LEVEL,SNOW OR SLUSH,NO DEFECTS,ON SCENE,NO INJURY / DRIVE AWAY,,,Y,"$501 - $1,500",2/25/2022 11:45,DRIVING ON WRONG SIDE/WRONG WAY,NOT APPLICABLE,4250,W,JACKSON BLVD,1115,,,,,,,2,NO INDICATION OF INJURY,0,0,0,0,0,2,0,11,6,2,41.87711246,-87.73247492,POINT (-87.732474915966 41.87711246066)
4d98127f90915e6bbb1228e6dbdf5d642bd1ccf6e3db9db8692b214cb1b4da31fadf79ff6af3b41433b1e3e11fb433d175b4daf332cf8b74417bea74d6de6f8b,JF148270,,2/18/2022 9:15,25,TRAFFIC SIGNAL,FUNCTIONING PROPERLY,OTHER,DAYLIGHT,ANGLE,FOUR WAY,,STRAIGHT AND LEVEL,WET,NO DEFECTS,ON SCENE,INJURY AND / OR TOW DUE TO CRASH,,,,"OVER $1,500",2/18/2022 9:15,FAILING TO YIELD RIGHT-OF-WAY,NOT APPLICABLE,5500,W,LAKE ST,1523,,,,,,,2,NO INDICATION OF INJURY,0,0,0,0,0,2,0,9,6,2,41.88782974,-87.7633534,POINT (-87.763353399747 41.887829734582)
4da8e26d934dd2c8ce5d174ba50ba957fd37e9ab5906a5911e26282abd544b4c9c76d28439e93e7a18cbc24ff6fb5e4d96cee6e1ce5097ed655126cf5800ba45,JF148456,,2/18/2022 11:34,30,TRAFFIC SIGNAL,FUNCTIONING PROPERLY,CLEAR,DAYLIGHT,ANGLE,FOUR WAY,,STRAIGHT AND LEVEL,WET,NO DEFECTS,ON SCENE,INJURY AND / OR TOW DUE TO CRASH,Y,,,"OVER $1,500",2/18/2022 11:40,"VISION OBSCURED (SIGNS, TREE LIMBS, BUILDINGS, ETC.)",UNABLE TO DETERMINE,3901,S,WALLACE ST,925,,,,,,,2,NO INDICATION OF INJURY,0,0,0,0,0,2,0,11,6,2,41.82343495,-87.64091441,POINT (-87.640914410773 41.823434947762)
3c3e4be403de11cbba4bd9c8967839dee37a5669379ddfb8ebd180d36739741c78a3ba96768020da6002a1a8e0eb067e9fc67ee9d51f2b9ffdca2d216be6cdce,JF155288,,2/25/2022 5:35,30,NO CONTROLS,NO CONTROLS,SNOW,DARKNESS,PARKED MOTOR VEHICLE,NOT DIVIDED,,STRAIGHT AND LEVEL,ICE,NO DEFECTS,ON SCENE,NO INJURY / DRIVE AWAY,,,Y,"$501 - $1,500",2/25/2022 5:42,UNABLE TO DETERMINE,UNABLE TO DETERMINE,2004,W,CORTLAND ST,1434,,,,,,,2,NO INDICATION OF INJURY,0,0,0,0,0,1,0,5,6,2,41.91634215,-87.67786624,POINT (-87.677866240498 41.916342152352)
3c321cebc431807c1a64b090f8098716de6c166064f97b1552aa00d9a2121224e860618cebd6d4b7ff2c5ae5504a9833dc3449b8dba54527476352ed2f778a8b,JE252741,,6/3/2021 13:45,30,NO CONTROLS,NO CONTROLS,CLEAR,DAYLIGHT,PARKED MOTOR VEHICLE,NOT DIVIDED,,STRAIGHT AND LEVEL,DRY,NO DEFECTS,,NO INJURY / DRIVE AWAY,,,Y,"OVER $1,500",6/3/2021 19:20,IMPROPER OVERTAKING/PASSING,NOT APPLICABLE,1648,W,WRIGHTWOOD AVE,1931,,,,,,,2,NO INDICATION OF INJURY,0,0,0,0,0,1,0,13,5,6,41.92886029,-87.67017858,POINT (-87.670178575827 41.928860293814)
73e69d16a00a78670c63d62fb26bf201ea087d0325ff7c64b64e26cded2e3d4468cf17e14bbf739fde2efc2e6c46822bcfd0e65f89d3c6eb05a4f8229c8cd08f,JD315550,,7/30/2020 18:47,35,NO CONTROLS,NO CONTROLS,CLEAR,DAYLIGHT,TURNING,DIVIDED - W/MEDIAN (NOT RAISED),,STRAIGHT AND LEVEL,DRY,NO DEFECTS,,INJURY AND / OR TOW DUE TO CRASH,N,,Y,"OVER $1,500",7/30/2020 19:11,FAILING TO YIELD RIGHT-OF-WAY,UNABLE TO DETERMINE,2,E,MARQUETTE RD,322,,,,,,,2,"REPORTED, NOT EVIDENT",3,0,0,0,3,1,0,18,5,7,41.77283498,-87.62507028,POINT (-87.625070277068 41.772834981744)
7409b6f296f09a57125d57e1b2ac2c790fd3c797b05fc5c8030cfea4bbca698b5e1bdf8b9d126a7cfbdd00d21fb2192a623bdc5541ef428584585d62f2fc903b,JC545103,,12/13/2019 7:46,30,NO CONTROLS,UNKNOWN,CLEAR,DAYLIGHT,SIDESWIPE SAME DIRECTION,ONE-WAY,,STRAIGHT AND LEVEL,DRY,NO DEFECTS,,INJURY AND / OR TOW DUE TO CRASH,,,Y,"OVER $1,500",12/13/2019 9:24,FAILING TO YIELD RIGHT-OF-WAY,NOT APPLICABLE,1737,W,80TH ST,611,,,,,,,2,NONINCAPACITATING INJURY,1,0,0,1,0,5,0,7,6,12,41.74837769,-87.66721746,POINT (-87.667217463426 41.748377688661)
d6b938ae66d45e052068c671fb9578067863944631da31e5004c8e68240faba994dad50c980f22b9f000a62b9848008ed05c9bc83dc7ce8ef09a7a4098c1fdaf,JF170063,,3/11/2022 7:20,30,UNKNOWN,UNKNOWN,SNOW,DAWN,PARKED MOTOR VEHICLE,ROUNDABOUT,,STRAIGHT AND LEVEL,SNOW OR SLUSH,UNKNOWN,NOT ON SCENE (DESK REPORT),NO INJURY / DRIVE AWAY,,,,"OVER $1,500",3/11/2022 7:40,UNABLE TO DETERMINE,UNABLE TO DETERMINE,5329,N,FRANCISCO AVE,2011,,,,,,,2,NO INDICATION OF INJURY,0,0,0,0,0,1,0,7,6,3,41.97850004,-87.70129732,POINT (-87.701297320332 41.97850004084)
82afbf0c1f7ce5617fb1f307dbbdd21bc18942aff49055d6a3e4b9c7c6953c000e230ab0d6b2c209a41381b0a64072c8cbdb14649108f3fd25a49d945ded419a,JF177804,,3/18/2022 2:49,30,NO CONTROLS,NO CONTROLS,CLEAR,"DARKNESS, LIGHTED ROAD",PARKED MOTOR VEHICLE,NOT DIVIDED,,STRAIGHT AND LEVEL,DRY,NO DEFECTS,ON SCENE,INJURY AND / OR TOW DUE TO CRASH,,,,"OVER $1,500",3/18/2022 2:49,UNABLE TO DETERMINE,UNABLE TO DETERMINE,7205,N,ASHLAND BLVD,2423,,,,,,,3,NO INDICATION OF INJURY,0,0,0,0,0,1,0,2,6,3,42.01289984,-87.67005886,POINT (-87.670058858186 42.012899837488)