CRASH_RECORD_ID,RD_NO,CRASH_DATE_EST_I,CRASH_DATE,POSTED_SPEED_LIMIT,TRAFFIC_CONTROL_DEVICE,DEVICE_CONDITION,WEATHER_CONDITION,LIGHTING_CONDITION,FIRST_CRASH_TYPE,TRAFFICWAY_TYPE,LANE_CNT,ALIGNMENT,ROADWAY_SURFACE_COND,ROAD_DEFECT,REPORT_TYPE,CRASH_TYPE,INTERSECTION_RELATED_I,NOT_RIGHT_OF_WAY_I,HIT_AND_RUN_I,DAMAGE,DATE_POLICE_NOTIFIED,PRIM_CONTRIBUTORY_CAUSE,SEC_CONTRIBUTORY_CAUSE,STREET_NO,STREET_DIRECTION,STREET_NAME,BEAT_OF_OCCURRENCE,PHOTOS_TAKEN_I,STATEMENTS_TAKEN_I,DOORING_I,WORK_ZONE_I,WORK_ZONE_TYPE,WORKERS_PRESENT_I,NUM_UNITS,MOST_SEVERE_INJURY,INJURIES_TOTAL,INJURIES_FATAL,INJURIES_INCAPACITATING,INJURIES_NON_INCAPACITATING,INJURIES_REPORTED_NOT_EVIDENT,INJURIES_NO_INDICATION,INJURIES_UNKNOWN,CRASH_HOUR,CRASH_DAY_OF_WEEK,CRASH_MONTH,LATITUDE,LONGITUDE,LOCATION
d73fdef78effd50c922e634b691cedf076b2f593500061696db7f780332902a47bd340857b5957317061a4402d44f232b7cfa41cbc253299c2b0ea280ecc46bc,JF170966,,3/11/2022 21:33,30,NO CONTROLS,NO CONTROLS,CLEAR,"DARKNESS, LIGHTED ROAD",ANGLE,ONE-WAY,,STRAIGHT AND LEVEL,DRY,NO DEFECTS,ON SCENE,INJURY AND / OR TOW DUE TO CRASH,,,,"OVER $1,500",3/11/2022 21:45,FAILING TO YIELD RIGHT-OF-WAY,FAILING TO REDUCE SPEED TO AVOID CRASH,706,N,ELIZABETH ST,1215,,,,,,,2,"REPORTED, NOT EVIDENT",4,0,0,0,4,1,0,21,6,3,41.89463565,-87.65957931,POINT (-87.659579308643 41.894635646559)
d760ad309a2efc2e8d8454232b934c0400c72badaf76f78f306408e0d928b83438ac6cad74cd31b2d3a54aa780ea98f5550e933255e585a14c6d2d38edbd376d,JF170688,,3/11/2022 16:20,30,STOP SIGN/FLASHER,NO CONTROLS,CLEAR,DAYLIGHT,ANGLE,DIVIDED - W/MEDIAN (NOT RAISED),,STRAIGHT AND LEVEL,DRY,NO DEFECTS,ON SCENE,NO INJURY / DRIVE AWAY,,,Y,"OVER $1,500",3/11/2022 16:25,UNABLE TO DETERMINE,UNABLE TO DETERMINE,5805,N,RAVENSWOOD AVE,2012,,,,,,,2,NO INDICATION OF INJURY,0,0,0,0,0,2,0,16,6,3,41.98687483,-87.67445513,POINT (-87.674455127739 41.986874834103)
9b50431f502bb4ffc3a64f57bb578895335cf216401d4585b88f585f7dfe3f81e6b95714e94258d707bf6dde75c9406dda8ee61eca9ee7c24b9420badbe2b893,JF185223,,3/24/2022 15:52,30,NO CONTROLS,NO CONTROLS,RAIN,DAYLIGHT,REAR END,DIVIDED - W/MEDIAN BARRIER,,STRAIGHT AND LEVEL,WET,NO DEFECTS,ON SCENE,NO INJURY / DRIVE AWAY,,,,"OVER $1,500",3/24/2022 15:54,FAILING TO REDUCE SPEED TO AVOID CRASH,UNABLE TO DETERMINE,9213,S,WESTERN AVE,2221,,,,,,,2,NO INDICATION OF INJURY,0,0,0,0,0,2,0,15,5,3,41.72592728,-87.68207407,POINT (-87.682074068427 41.725927279016)
d7ace081c992bc2390ef7dca5ff1ac5438b180fde5b966961f6c1794206b3f6bb04c1508919260cabc945fb548c3f76ee4e3a323d8f66e6c6144677f3bed2057,JF170577,,3/11/2022 14:53,30,STOP SIGN/FLASHER,NO CONTROLS,CLEAR,DAYLIGHT,ANGLE,FOUR WAY,,STRAIGHT AND LEVEL,DRY,NO DEFECTS,ON SCENE,INJURY AND / OR TOW DUE TO CRASH,Y,,,"OVER $1,500",3/11/2022 14:53,DISREGARDING STOP SIGN,NOT APPLICABLE,5800,S,HALSTED ST,712,,,,,,,2,NONINCAPACITATING INJURY,2,0,0,2,0,0,0,14,6,3,41.78880239,-87.64516176,POINT (-87.645161755622 41.788802393938)
3e2d6ba51877bca53a7b8e83492ed7ce4d69f724706c75aea29c66e004a73cd77821566ece1614c39f1240c12e5feb015cb6967f08326601f4ed533a4f82ead6,JF155535,,2/25/2022 10:43,30,UNKNOWN,UNKNOWN,SNOW,DAYLIGHT,PARKED MOTOR VEHICLE,NOT DIVIDED,,STRAIGHT AND LEVEL,WET,UNKNOWN,ON SCENE,NO INJURY / DRIVE AWAY,,,,$500 OR LESS,2/25/2022 10:45,UNABLE TO DETERMINE,NOT APPLICABLE,2724,W,DIVISION ST,1423,,,,,,,2,NO INDICATION OF INJURY,0,0,0,0,0,1,0,10,6,2,41.9030472,-87.69545868,POINT (-87.695458682596 41.903047199977)
4fcf3d4a0a3278f87b98c5511be19bdb96a289f1aedd4ffef0c5a551c86691c02986e27c3f50484a4ba35836b2af2578b6645e95d75b58d8f937082c9bbd831f,JF148773,,2/18/2022 16:14,30,NO CONTROLS,NO CONTROLS,CLEAR,DAYLIGHT,PARKED MOTOR VEHICLE,NOT DIVIDED,,STRAIGHT AND LEVEL,DRY,NO DEFECTS,NOT ON SCENE (DESK REPORT),NO INJURY / DRIVE AWAY,,,,"OVER $1,500",2/18/2022 17:03,IMPROPER BACKING,NOT APPLICABLE,3200,S,CALUMET AVE,211,,,,,,,2,NO INDICATION OF INJURY,0,0,0,0,0,1,0,16,6,2,41.83649005,-87.61837372,POINT (-87.618373724007 41.836490046973)
4fe698d465171dd5846561e463f0e94029b6c03745261030efb558d11b3879d068464a1a3bb80c181e8169153c7a333a60c4798ee7d9b42bbf9459d1d1bd927a,JF148442,,2/18/2022 11:05,30,NO CONTROLS,NO CONTROLS,CLOUDY/OVERCAST,DAWN,SIDESWIPE SAME DIRECTION,NOT DIVIDED,,STRAIGHT AND LEVEL,DRY,NO DEFECTS,NOT ON SCENE (DESK REPORT),NO INJURY / DRIVE AWAY,,,,$500 OR LESS,2/18/2022 12:00,NOT APPLICABLE,NOT APPLICABLE,8500,S,RACINE AVE,613,,,,,,,2,NO INDICATION OF INJURY,0,0,0,0,0,2,0,11,6,2,41.73948395,-87.6535841,POINT (-87.653584103794 41.73948395236)
4ff370993bfe82624cb2c5fe5eccbcdcc2af714855623123b8acdb52a98ee34d75d37f63ee56e94834f013612e7dd2e13b1a23d3962d380d77236ad69f3fdf59,JF148334,,2/18/2022 10:21,15,NO CONTROLS,NO CONTROLS,CLEAR,DAYLIGHT,ANGLE,PARKING LOT,,STRAIGHT AND LEVEL,SNOW OR SLUSH,NO DEFECTS,ON SCENE,NO INJURY / DRIVE AWAY,,Y,,"OVER $1,500",2/18/2022 10:25,FAILING TO YIELD RIGHT-OF-WAY,NOT APPLICABLE,2310,W,95TH ST,2221,,,,,,,2,NO INDICATION OF INJURY,0,0,0,0,0,2,0,10,6,2,41.72107797,-87.68014311,POINT (-87.680143109838 41.721077970289)
50120303c64c14e93a175d81f3cea845e5bbbbc92df5d640426e7d0f703ee82e5549f98e6c68c6b36ed29d2dac2ddc7dd6a7ca6d801a5463dfd244f01484e969,JF148156,,2/18/2022 6:40,30,NO CONTROLS,NO CONTROLS,CLEAR,DUSK,SIDESWIPE OPPOSITE DIRECTION,DIVIDED - W/MEDIAN (NOT RAISED),,STRAIGHT AND LEVEL,DRY,NO DEFECTS,NOT ON SCENE (DESK REPORT),NO INJURY / DRIVE AWAY,,,Y,"$501 - $1,500",2/18/2022 6:50,UNABLE TO DETERMINE,UNABLE TO DETERMINE,500,W,103RD PL,2232,,,,,,,2,NO INDICATION OF INJURY,0,0,0,0,0,2,0,6,6,2,41.70620066,-87.63565844,POINT (-87.635658436323 41.706200654874)
d7d41ae75ec5855815e446be31a25b689e1ca24796e965b50ed56010770cb0721c00276bfc10dc96040d46652c3eb3ce1e1420e8d35099d643ffe779e8a9efe6,JF170455,,3/11/2022 13:00,30,NO CONTROLS,NO CONTROLS,CLEAR,DAYLIGHT,PARKED MOTOR VEHICLE,NOT DIVIDED,,STRAIGHT AND LEVEL,DRY,NO DEFECTS,ON SCENE,INJURY AND / OR TOW DUE TO CRASH,,,,"OVER $1,500",3/11/2022 13:12,PHYSICAL CONDITION OF DRIVER,UNABLE TO DETERMINE,4316,W,DIVISION ST,2534,,,,,,,4,INCAPACITATING INJURY,1,0,1,0,0,0,0,13,6,3,41.90265323,-87.73442107,POINT (-87.734421071708 41.90265323332)
d885eee73864dbb94de5aef5beba03841603635ad5bd94d135a8d8f5e7773ae2864aa5d43ed867c8c6050c4d5f35743a050b6e5382035cdacf97893873be220c,JF170603,,3/11/2022 13:29,30,TRAFFIC SIGNAL,FUNCTIONING PROPERLY,CLEAR,DAYLIGHT,SIDESWIPE SAME DIRECTION,FOUR WAY,,STRAIGHT AND LEVEL,DRY,NO DEFECTS,ON SCENE,NO INJURY / DRIVE AWAY,Y,,Y,$500 OR LESS,3/11/2022 14:50,UNABLE TO DETERMINE,UNABLE TO DETERMINE,3900,S,KEDZIE AVE,821,,,,,,,2,NO INDICATION OF INJURY,0,0,0,0,0,2,0,13,6,3,41.82257679,-87.70459757,POINT (-87.704597572764 41.822576787534)
9be613dcdc990bfdb5f5565588a1f1e4f1e393adbf14d44e2ec84a1f357b9d0614b8d3be71b7b42a972ce859a07a458e5681330f4af9c05e0e898466d730d5ca,JF184640,Y,3/24/2022 7:55,15,NO CONTROLS,UNKNOWN,OTHER,DAYLIGHT,TURNING,UNKNOWN INTERSECTION TYPE,,STRAIGHT AND LEVEL,WET,NO DEFECTS,ON SCENE,INJURY AND / OR TOW DUE TO CRASH,Y,,,"OVER $1,500",3/24/2022 7:55,IMPROPER TURNING/NO SIGNAL,UNABLE TO DETERMINE,5219,W,LAKE ST,1523,Y,Y,,,,,4,INCAPACITATING INJURY,2,0,2,0,0,2,0,7,5,3,41.88713653,-87.75620888,POINT (-87.756208881366 41.887136530938)
d91c419718dc13ed3948f764c4eb7cc8b38adadc63b784bc6b15974d74e259af5fe595aa418755e95efe199a13ce657bd6546c9dec8aa7c1d54dccba8e6f53d9,JF170970,,3/11/2022 19:00,10,NO CONTROLS,NO CONTROLS,UNKNOWN,UNKNOWN,FIXED OBJECT,OTHER,,STRAIGHT AND LEVEL,DRY,NO DEFECTS,NOT ON SCENE (DESK REPORT),NO INJURY / DRIVE AWAY,,Y,,"OVER $1,500",3/12/2022 0:30,UNABLE TO DETERMINE,UNABLE TO DETERMINE,401,N,STATE ST,1834,,,,,,,1,NO INDICATION OF INJURY,0,0,0,0,0,1,0,19,6,3,41.88926542,-87.62786766,POINT (-87.627867657864 41.889265415961)
d977d4b182b09bdce2d4d71eaa2bc8be8b1feb797c2974e67e9757fdbd51a56d3bbe3bdb20e4ceec6f5a875a90514d0c9e9cc0ae72abef9b2738d4b15dd891ad,JF170512,,3/11/2022 13:20,30,TRAFFIC SIGNAL,UNKNOWN,CLEAR,DAYLIGHT,REAR END,NOT DIVIDED,,STRAIGHT AND LEVEL,DRY,UNKNOWN,NOT ON SCENE (DESK REPORT),INJURY AND / OR TOW DUE TO CRASH,,,,"OVER $1,500",3/11/2022 15:00,UNABLE TO DETERMINE,NOT APPLICABLE,4000,W,26TH ST,1013,,,,,,,2,"REPORTED, NOT EVIDENT",2,0,0,0,2,1,0,13,6,3,41.84436482,-87.72461414,POINT (-87.724614135449 41.844364821304)
50d579ecef132af48581ebb92099e6342de4095f0c27bee0682774f2ba68cffa63619480475cb7b1d7c6b7194ef98bdc77ad9e19e253c213f5cbe5d2767d97e9,JF148309,,2/18/2022 9:30,15,NO CONTROLS,NO CONTROLS,CLEAR,DAYLIGHT,PARKED MOTOR VEHICLE,PARKING LOT,,STRAIGHT AND LEVEL,ICE,NO DEFECTS,ON SCENE,NO INJURY / DRIVE AWAY,,N,,"$501 - $1,500",2/18/2022 10:00,WEATHER,NOT APPLICABLE,1,W,PARKING LOT C ST,1654,,,,,,,2,NO INDICATION OF INJURY,0,0,0,0,0,1,0,9,6,2,,,
d9e5166969540aee5ed3a5e9f65567487021cf02fbe2fdcc1714d9f3e2a6e4c7ad9e8f057e5b377cca0c3bca61b46cc2788a448d37b7ae13a9cb15cd115a79d2,JF170104,,3/11/2022 7:45,35,NO CONTROLS,FUNCTIONING PROPERLY,SNOW,DAYLIGHT,REAR END,UNKNOWN,,STRAIGHT AND LEVEL,SNOW OR SLUSH,UNKNOWN,NOT ON SCENE (DESK REPORT),NO INJURY / DRIVE AWAY,,,,"$501 - $1,500",3/11/2022 8:10,UNABLE TO DETERMINE,UNABLE TO DETERMINE,4700,S,HALSTED ST,933,,,,,,,3,NO INDICATION OF INJURY,0,0,0,0,0,3,0,7,6,3,41.80881504,-87.64568295,POINT (-87.645682953152 41.808815039296)
9ca6d000ac54ce8107150c5b42d880a21e246bd7209530c36d14aa831bdcc11c893e504a6fc134c3b2c15ab7988e5b2f242a003290fa5f080fccf97a3b29f194,JF185556,,3/24/2022 20:57,30,NO CONTROLS,NO CONTROLS,RAIN,"DARKNESS, LIGHTED ROAD",SIDESWIPE SAME DIRECTION,T-INTERSECTION,,STRAIGHT AND LEVEL,WET,UNKNOWN,ON SCENE,NO INJURY / DRIVE AWAY,N,,,"OVER $1,500",3/24/2022 21:05,UNABLE TO DETERMINE,NOT APPLICABLE,40,N,BESSIE COLEMAN DR,1654,,,,,,,2,NO INDICATION OF INJURY,0,0,0,0,0,2,0,20,5,3,,,
845c39256fc7250e040ed39f122314723ed3de13276ad74f76e2ecbf2d1737dab731fec81b337464fe125e43d97635756e0763456c61a8eafcc6c74c00724305,JF178434,,3/18/2022 15:43,30,OTHER,FUNCTIONING PROPERLY,RAIN,DAYLIGHT,SIDESWIPE SAME DIRECTION,ONE-WAY,,STRAIGHT AND LEVEL,WET,UNKNOWN,ON SCENE,NO INJURY / DRIVE AWAY,,,,$500 OR LESS,3/18/2022 15:45,UNABLE TO DETERMINE,UNABLE TO DETERMINE,4880,S,WELLS ST,935,,,,,,,2,NO INDICATION OF INJURY,0,0,0,0,0,2,0,15,6,3,41.80551103,-87.63269548,POINT (-87.632695479938 41.805511030648)
513a87cb42224f45ff0d3be27fa6b4a308b176a36847bdeaf970ee69a3bdcb0ae4bc40f581cc835319908d0cc438c18186f3e69a2cd28b06ddc16f678de596f0,JF149062,,2/18/2022 22:43,30,TRAFFIC SIGNAL,FUNCTIONING PROPERLY,CLEAR,"DARKNESS, LIGHTED ROAD",REAR END,NOT DIVIDED,,STRAIGHT AND LEVEL,DRY,NO DEFECTS,ON SCENE,INJURY AND / OR TOW DUE TO CRASH,Y,,,"OVER $1,500",2/18/2022 22:43,FAILING TO REDUCE SPEED TO AVOID CRASH,UNABLE TO DETERMINE,29,N,SACRAMENTO BLVD,1222,,,,,,,2,NONINCAPACITATING INJURY,3,0,0,2,1,0,0,22,6,2,41.88189751,-87.70108309,POINT (-87.701083088542 41.881897511339)
9ce0063834b88d02196fa53974ca8c5fa9bf27012ba5d7e30d99568333251b281de85654abe09ff4471d80348ba39e18a11f70fbb813e31c929300ffad0e680f,JF185529,,3/24/2022 16:42,30,NO CONTROLS,NO CONTROLS,RAIN,DAYLIGHT,OTHER OBJECT,DIVIDED - W/MEDIAN BARRIER,,STRAIGHT AND LEVEL,WET,NO DEFECTS,ON SCENE,INJURY AND / OR TOW DUE TO CRASH,,,,"OVER $1,500",3/24/2022 16:43,UNDER THE INFLUENCE OF ALCOHOL/DRUGS (USE WHEN ARREST IS EFFECTED),NOT APPLICABLE,4826,S,DREXEL BLVD,223,,,,,,,1,NONINCAPACITATING INJURY,1,0,0,1,0,0,0,16,5,3,41.80691355,-87.60446498,POINT (-87.604464978685 41.806913553776)
9d1a063adb994dc30729baa84a4631f61fa77648edf4c205f620beff8df5a52c5716a43abd6401f9f7d859616905f6d66db60b15d5c04ade27862f568719fa26,JF185482,,3/24/2022 18:41,30,NO CONTROLS,NO CONTROLS,RAIN,"DARKNESS, LIGHTED ROAD",PARKED MOTOR VEHICLE,ONE-WAY,,STRAIGHT AND LEVEL,WET,NO DEFECTS,ON SCENE,INJURY AND / OR TOW DUE TO CRASH,,,,$500 OR LESS,3/24/2022 18:41,IMPROPER BACKING,UNDER THE INFLUENCE OF ALCOHOL/DRUGS (USE WHEN ARREST IS EFFECTED),6210,S,KIMBARK AVE,314,,Y,,,,,2,NO INDICATION OF INJURY,0,0,0,0,0,2,0,18,5,3,41.78198277,-87.59482421,POINT (-87.594824213262 41.781982766388)
9d8f39b4ba8c919962c4bfb6b127dcea40f572bf216040e07a1a770b03c054d5707bb807a8dea0d0ef0e04d79cc1d4ca706e00f82ea18bbc0be067e59e8e9f85,JF184849,,3/24/2022 10:54,30,TRAFFIC SIGNAL,FUNCTIONING PROPERLY,CLEAR,DAYLIGHT,REAR END,DIVIDED - W/MEDIAN (NOT RAISED),,STRAIGHT AND LEVEL,DRY,NO DEFECTS,ON SCENE,INJURY AND / OR TOW DUE TO CRASH,,,,"OVER $1,500",3/24/2022 11:05,FOLLOWING TOO CLOSELY,UNABLE TO DETERMINE,6029,S,ARCHER AVE,811,,,,,,,2,NO INDICATION OF INJURY,0,0,0,0,0,2,0,10,5,3,41.79479892,-87.76761239,POINT (-87.767612389233 41.794798923248)
7810eb91b69e7f2bb567a078864f62d33a1f790916ec554bdb19613e8d25a4dd4e8d1a0808e272602c954ea75ddf18a84600eba08c8b70fc3ec27e5a95a5b0d3,JF163520,,3/4/2022 17:00,30,TRAFFIC SIGNAL,FUNCTIONING PROPERLY,CLEAR,DUSK,REAR END,ONE-WAY,,STRAIGHT AND LEVEL,DRY,NO DEFECTS,NOT ON SCENE (DESK REPORT),NO INJURY / DRIVE AWAY,,,,"$501 - $1,500",3/4/2022 19:00,UNABLE TO DETERMINE,UNABLE TO DETERMINE,2359,W,VAN BUREN ST,1225,,,,,,,2,NO INDICATION OF INJURY,0,0,0,0,0,2,0,17,6,3,41.87597886,-87.68613975,POINT (-87.686139748231 41.875978855845)
4050cc2201b51ae84b5f2281651b8afe5202e5ad8abdfa801fed4f907bcccfa73132f0aaed815f9b674297dc82df8870240c800c07d299c22129616f18a9083e,JF155710,,2/25/2022 2:15,30,NO CONTROLS,NO CONTROLS,CLEAR,"DARKNESS, LIGHTED ROAD",PARKED MOTOR VEHICLE,ONE-WAY,,STRAIGHT AND LEVEL,ICE,NO DEFECTS,NOT ON SCENE (DESK REPORT),NO INJURY / DRIVE AWAY,,,,"$501 - $1,500",2/25/2022 14:00,WEATHER,NOT APPLICABLE,5432,N,NORDICA AVE,1613,,,,,,,2,NO INDICATION OF INJURY,0,0,0,0,0,1,0,2,6,2,41.98006387,-87.80250012,POINT (-87.802500122368 41.980063872793)
52cd79a0c85c6eb578bb68dd312056ca4e6a84b3242501e8ca956e041a82438623321ed76599d991fd3548324b2a5178e2d895c16b847163e6dd7580e1facec3,JF148291,,2/18/2022 9:30,30,TRAFFIC SIGNAL,NO CONTROLS,CLEAR,DAYLIGHT,REAR TO SIDE,NOT DIVIDED,,STRAIGHT AND LEVEL,ICE,NO DEFECTS,NOT ON SCENE (DESK REPORT),NO INJURY / DRIVE AWAY,,,,"OVER $1,500",2/18/2022 9:50,IMPROPER BACKING,UNABLE TO DETERMINE,6255,S,OAK PARK AVE,812,,,,,,,2,NO INDICATION OF INJURY,0,0,0,0,0,2,0,9,6,2,41.7776768,-87.7908612,POINT (-87.790861197836 41.777676802424)
52e93f8924b8b9d6d5f234e7f1f9b72c323e025691d6da9fe889a1e2121d3b95fb0f0c0f5b1fea4141702be8ac1e267788f3d94c183a02472f8c582e30086fe8,JF148678,,2/18/2022 15:00,30,NO CONTROLS,NO CONTROLS,CLEAR,DAYLIGHT,TURNING,NOT DIVIDED,,STRAIGHT AND LEVEL,DRY,NO DEFECTS,NOT ON SCENE (DESK REPORT),NO INJURY / DRIVE AWAY,,,,"OVER $1,500",2/18/2022 15:40,UNABLE TO DETERMINE,NOT APPLICABLE,5701,N,NORTHWEST HWY,1622,,,,,,,2,NO INDICATION OF INJURY,0,0,0,0,0,2,0,15,6,2,41.98539309,-87.78644627,POINT (-87.786446271507 41.985393086609)
7842a9377cae4c52484de319133bc1dd2144ee02e975ec4bd4f223cc2a36d16cd37274f8c9c81a2d8bc52ce709116a6477521d29d0373e7dd0d23e631e5b4604,JD448093,,12/2/2020 23:44,30,TRAFFIC SIGNAL,FUNCTIONING PROPERLY,CLEAR,"DARKNESS, LIGHTED ROAD",ANGLE,FOUR WAY,,STRAIGHT AND LEVEL,DRY,NO DEFECTS,,INJURY AND / OR TOW DUE TO CRASH,Y,,Y,"OVER $1,500",12/2/2020 23:47,DISREGARDING TRAFFIC SIGNALS,NOT APPLICABLE,300,E,WACKER SUB DR,114,,,,,,,2,FATAL,1,1,0,0,0,2,0,23,4,12,41.88786101,-87.62057538,POINT (-87.620575376776 41.887861004564)
9de319d2c67d2f55ea94afae124b36fae1b8a022e421dc8e3a3c1416dbc035237d69787064b2ded4d465d69c7e6e2c88718a3160e529388a68e21c1d4330f700,JD336998,,8/14/2020 17:55,20,NO CONTROLS,NO CONTROLS,CLEAR,DAYLIGHT,PARKED MOTOR VEHICLE,ONE-WAY,,STRAIGHT AND LEVEL,DRY,NO DEFECTS,,NO INJURY / DRIVE AWAY,,,,"OVER $1,500",8/18/2020 17:10,UNABLE TO DETERMINE,NOT APPLICABLE,4547,N,KILBOURN AVE,1722,,,,,,,2,NO INDICATION OF INJURY,0,0,0,0,0,1,0,17,6,8,41.96401867,-87.74117557,POINT (-87.741175571258 41.964018671926)
dae2ef14c9859aa80723ac9d1f6070130d1055a76685ed0d1fa5919d46483639aee22e52b3705527ddfe2b2a9e671d4a0078f3ffc6e134fcb01d1fa514e8d2f8,JB186810,,3/15/2018 14:20,30,TRAFFIC SIGNAL,FUNCTIONING PROPERLY,CLEAR,DAYLIGHT,TURNING,NOT DIVIDED,,STRAIGHT AND LEVEL,DRY,NO DEFECTS,,NO INJURY / DRIVE AWAY,Y,,,"OVER $1,500",3/15/2018 15:00,FOLLOWING TOO CLOSELY,UNABLE TO DETERMINE,132,E,CHICAGO AVE,1833,,,,,,,2,NO INDICATION OF INJURY,0,0,0,0,0,2,0,14,5,3,41.89684322,-87.62427571,POINT (-87.624275713714 41.896843217756)
419554987738ab9c423d6043a10cd81120d1993b6b7e60756892f02e3e6a08dad0826f8eb9ebc1a50ab21e1a96b9a0f456b0f44f1b867072742f50e4de0e01f0,JF155607,,2/25/2022 11:40,30,TRAFFIC SIGNAL,UNKNOWN,SNOW,DAYLIGHT,TURNING,T-INTERSECTION,,STRAIGHT AND LEVEL,SNOW OR SLUSH,UNKNOWN,ON SCENE,INJURY AND / OR TOW DUE TO CRASH,Y,,,"$501 - $1,500",2/25/2022 11:43,IMPROPER TURNING/NO SIGNAL,NOT APPLICABLE,600,N,STATE ST,1832,,Y,,,,,2,NO INDICATION OF INJURY,0,0,0,0,0,2,0,11,6,2,41.89250117,-87.62824274,POINT (-87.628242737819 41.89250116695)
41c62c295ae77bfaf9d78757f85b1dc20b67da28b7e2671e46047744e17c9b1d5077a4c793d59dca4785e48667875b748e190a65ce5769b545ae87a60122e3d8,JF155858,,2/25/2022 14:50,30,NO CONTROLS,NO CONTROLS,CLOUDY/OVERCAST,DAYLIGHT,TURNING,DIVIDED - W/MEDIAN (NOT RAISED),,STRAIGHT AND LEVEL,DRY,NO DEFECTS,NOT ON SCENE (DESK REPORT),NO INJURY / DRIVE AWAY,,,,"OVER $1,500",2/25/2022 15:30,UNABLE TO DETERMINE,UNABLE TO DETERMINE,6041,N,PULASKI RD,1711,,,,,,,2,NO INDICATION OF INJURY,0,0,0,0,0,4,0,14,6,2,41.99126693,-87.72871746,POINT (-87.728717456156 41.991266928953)
79a64c0ed99d02656e9783bb30ca1d1074db137cd8c0a25ba564366da850b9a14c0a2af16b1815e0f3ef5c9b252cc3d9dd366d04a3e9d0478434c6792ab179e5,JF163251,,3/4/2022 14:48,30,NO CONTROLS,NO CONTROLS,CLEAR,DAYLIGHT,SIDESWIPE SAME DIRECTION,NOT DIVIDED,,STRAIGHT AND LEVEL,DRY,NO DEFECTS,ON SCENE,INJURY AND / OR TOW DUE TO CRASH,,,,"OVER $1,500",3/4/2022 14:49,IMPROPER TURNING/NO SIGNAL,IMPROPER TURNING/NO SIGNAL,4115,W,OGDEN AVE,1013,,,,,,,2,NO INDICATION OF INJURY,0,0,0,0,0,2,0,14,6,3,41.8501706,-87.72701196,POINT (-87.727011963269 41.850170596002)
79af9a459357c507eca463f81eb16ea0bfbdaf3f9a85841eb12265229498e4981b3b2a9fc27d7fd0fff8ff73f41e3f4e9a60bbf95a1f6cee4a86746a1b5aabbf,JF163295,,3/4/2022 12:45,30,TRAFFIC SIGNAL,FUNCTIONING PROPERLY,CLEAR,DAYLIGHT,REAR END,DIVIDED - W/MEDIAN (NOT RAISED),,STRAIGHT AND LEVEL,DRY,UNKNOWN,NOT ON SCENE (DESK REPORT),INJURY AND / OR TOW DUE TO CRASH,,,,"OVER $1,500",3/4/2022 16:00,UNABLE TO DETERMINE,NOT APPLICABLE,8348,S,STONY ISLAND AVE,412,,,,,,,3,NO INDICATION OF INJURY,0,0,0,0,0,3,0,12,6,3,41.74273644,-87.58592439,POINT (-87.585924392095 41.742736442952)
794d8323919cc8e4fd785d53c401cbfb91dcd579b764d0674a4876d20bd2227bd8ec8ec691ff442c1d31aac1a83bc4fdb4b9bd3b5b8aaef4ded97a228b726e9c,JE221262,,5/6/2021 7:57,30,NO CONTROLS,NO CONTROLS,RAIN,DAYLIGHT,REAR END,NOT DIVIDED,,STRAIGHT AND LEVEL,WET,NO DEFECTS,,INJURY AND / OR TOW DUE TO CRASH,,,Y,"$501 - $1,500",5/6/2021 7:59,UNABLE TO DETERMINE,UNABLE TO DETERMINE,2898,N,PULASKI RD,2523,,,,,,,3,INCAPACITATING INJURY,1,0,1,0,0,2,0,7,5,5,41.93357969,-87.72717508,POINT (-87.727175081465 41.933579693805)
85c31bbdb6080b8b88e3311df9927ae9bd381075d27e63e7c86603d8bad29eb3dd3714f43af779a32d9df4af3543bc8bb6248301107176fe1e59642629f51312,JC399448,,8/19/2019 20:09,30,TRAFFIC SIGNAL,FUNCTIONING PROPERLY,CLEAR,"DARKNESS, LIGHTED ROAD",REAR TO FRONT,NOT DIVIDED,,STRAIGHT AND LEVEL,DRY,NO DEFECTS,,NO INJURY / DRIVE AWAY,Y,,,$500 OR LESS,8/19/2019 21:50,UNABLE TO DETERMINE,UNABLE TO DETERMINE,1606,E,79TH ST,411,,,,,,,2,NO INDICATION OF INJURY,0,0,0,0,0,2,0,20,2,8,41.75161085,-87.58536755,POINT (-87.585367544712 41.751610849697)
41fd49c1994c9822a48211ab6a3f7248ac5c10b51a38a3a8390a29306f03c5163b607a7bc2f4569c5535cfedac7aa762a1babc51fb9d6c507f07fae29c21faf3,JC442277,Y,9/20/2019 18:00,10,NO CONTROLS,NO CONTROLS,UNKNOWN,UNKNOWN,PARKED MOTOR VEHICLE,PARKING LOT,,STRAIGHT AND LEVEL,OTHER,NO DEFECTS,,NO INJURY / DRIVE AWAY,,,Y,"OVER $1,500",9/21/2019 6:18,UNABLE TO DETERMINE,UNABLE TO DETERMINE,4848,S,HOYNE AVE,931,,,,,,,2,NO INDICATION OF INJURY,0,0,0,0,0,1,0,18,6,9,41.80521784,-87.67718346,POINT (-87.677183459026 41.805217843475)