CRASH_RECORD_ID,RD_NO,CRASH_DATE_EST_I,CRASH_DATE,POSTED_SPEED_LIMIT,TRAFFIC_CONTROL_DEVICE,DEVICE_CONDITION,WEATHER_CONDITION,LIGHTING_CONDITION,FIRST_CRASH_TYPE,TRAFFICWAY_TYPE,LANE_CNT,ALIGNMENT,ROADWAY_SURFACE_COND,ROAD_DEFECT,REPORT_TYPE,CRASH_TYPE,INTERSECTION_RELATED_I,NOT_RIGHT_OF_WAY_I,HIT_AND_RUN_I,DAMAGE,DATE_POLICE_NOTIFIED,PRIM_CONTRIBUTORY_CAUSE,SEC_CONTRIBUTORY_CAUSE,STREET_NO,STREET_DIRECTION,STREET_NAME,BEAT_OF_OCCURRENCE,PHOTOS_TAKEN_I,STATEMENTS_TAKEN_I,DOORING_I,WORK_ZONE_I,WORK_ZONE_TYPE,WORKERS_PRESENT_I,NUM_UNITS,MOST_SEVERE_INJURY,INJURIES_TOTAL,INJURIES_FATAL,INJURIES_INCAPACITATING,INJURIES_NON_INCAPACITATING,INJURIES_REPORTED_NOT_EVIDENT,INJURIES_NO_INDICATION,INJURIES_UNKNOWN,CRASH_HOUR,CRASH_DAY_OF_WEEK,CRASH_MONTH,LATITUDE,LONGITUDE,LOCATION
41fddc94baa0f9f43268e1c4441808be46e17e3c161656afa2d597d29b6ca4229fa8aa640e312fb86f1817862887d252a6d9891dca1ea896c7c31b2a6aeda00c,JD385778,,10/1/2020 21:00,30,NO CONTROLS,NO CONTROLS,CLEAR,"DARKNESS, LIGHTED ROAD",PARKED MOTOR VEHICLE,UNKNOWN,,STRAIGHT AND LEVEL,UNKNOWN,UNKNOWN,,NO INJURY / DRIVE AWAY,,,,"OVER $1,500",10/1/2020 21:30,IMPROPER LANE USAGE,IMPROPER LANE USAGE,200,N,LA SALLE ST,122,,,,,,,2,NO INDICATION OF INJURY,0,0,0,0,0,1,0,21,5,10,41.88576112,-87.63259515,POINT (-87.632595153109 41.885761124491)
4210b0596ef8a52fcfbb1173f439377c6686164301bfa4d073a055ea71011ceb0028ad5adfffe0c03224ec45db5a254ced204f7033fcdb011b5936871e8cc994,JD156328,,2/18/2020 13:55,30,STOP SIGN/FLASHER,FUNCTIONING PROPERLY,CLEAR,DAYLIGHT,TURNING,FOUR WAY,,STRAIGHT AND LEVEL,UNKNOWN,UNKNOWN,,NO INJURY / DRIVE AWAY,Y,,,"OVER $1,500",2/18/2020 15:00,UNABLE TO DETERMINE,UNABLE TO DETERMINE,2200,W,ROSCOE ST,1921,,,,,,,2,NO INDICATION OF INJURY,0,0,0,0,0,2,0,13,3,2,41.94326586,-87.68336491,POINT (-87.683364911938 41.943265859762)
79b19fdc24cad7a09d5762f5c1a3ae6197bdf0aaa0f23afeac0c30aba720ce6451968b890bc736710b5f34fa5221521d2e881d3b829cf3f2d918e70216972b70,JE412810,,10/17/2021 13:35,35,STOP SIGN/FLASHER,FUNCTIONING PROPERLY,CLEAR,DAYLIGHT,ANGLE,NOT DIVIDED,,STRAIGHT AND LEVEL,DRY,NO DEFECTS,,INJURY AND / OR TOW DUE TO CRASH,Y,,,"OVER $1,500",10/17/2021 13:35,FAILING TO YIELD RIGHT-OF-WAY,NOT APPLICABLE,1600,E,84TH PL,412,,,,,,,2,"REPORTED, NOT EVIDENT",1,0,0,0,1,2,0,13,1,10,41.74158436,-87.5851954,POINT (-87.585195402565 41.741584356591)
db25dde3a9c5e07a19387c07965cf2ac5a2ffeafbe05326a35320f90e048ba52f3c7fafba6827042edcaba6121adb8b9f160edd6e00a0a5ba319ce7dc9e1f770,JF170284,,3/11/2022 10:55,30,NO CONTROLS,NO CONTROLS,CLEAR,DAYLIGHT,TURNING,FOUR WAY,,STRAIGHT AND LEVEL,WET,NO DEFECTS,ON SCENE,INJURY AND / OR TOW DUE TO CRASH,Y,,,"OVER $1,500",3/11/2022 10:55,FAILING TO YIELD RIGHT-OF-WAY,IMPROPER TURNING/NO SIGNAL,3440,N,PULASKI RD,1731,,,,,,,2,NONINCAPACITATING INJURY,1,0,0,1,0,2,0,10,6,3,41.94394204,-87.72747382,POINT (-87.727473823237 41.943942040301)
549989051fdae0771adf9e5b56d4875d2189b0e2a6c2ed462c943661509ad0d8c6111ac724d248cb012c8d0e5b9d55fdf190971d34a6f7905c814b16d53da285,JF148617,Y,2/18/2022 13:45,30,NO CONTROLS,NO CONTROLS,CLEAR,DAYLIGHT,PARKED MOTOR VEHICLE,OTHER,,STRAIGHT AND LEVEL,DRY,NO DEFECTS,NOT ON SCENE (DESK REPORT),NO INJURY / DRIVE AWAY,,Y,,"OVER $1,500",2/18/2022 14:45,IMPROPER OVERTAKING/PASSING,NOT APPLICABLE,6700,S,WENTWORTH AVE,722,,,,,,,2,NO INDICATION OF INJURY,0,0,0,0,0,2,0,13,6,2,41.77261544,-87.63009968,POINT (-87.630099677564 41.77261543566)
54b0d06ac4e94a7dda9765cdbfa764d34922d25b4dd46764334eebf2b9dc4e32283664330eeabfe25c696dad9f72890a4af28c723d48ebb664d43b40b597ae1a,JF148921,,2/18/2022 18:59,30,NO CONTROLS,NO CONTROLS,CLEAR,"DARKNESS, LIGHTED ROAD",PARKED MOTOR VEHICLE,NOT DIVIDED,,STRAIGHT AND LEVEL,SNOW OR SLUSH,UNKNOWN,ON SCENE,NO INJURY / DRIVE AWAY,,,,"OVER $1,500",2/18/2022 19:00,UNABLE TO DETERMINE,UNABLE TO DETERMINE,4912,W,DIVERSEY AVE,2521,,,,,,,2,NO INDICATION OF INJURY,0,0,0,0,0,1,0,18,6,2,41.93160204,-87.74963684,POINT (-87.749636836909 41.931602040717)
4286d03f5719575f346706f5b34e820cd028347b14a46e61a11f5626e048340e84e6f76ac302f5e27d298e7afd826147de27cea0e4d0e5ce095c23b58c6f4bfb,JF156103,,2/25/2022 19:45,30,NO CONTROLS,NO CONTROLS,CLEAR,"DARKNESS, LIGHTED ROAD",REAR TO SIDE,NOT DIVIDED,,STRAIGHT AND LEVEL,WET,NO DEFECTS,NOT ON SCENE (DESK REPORT),NO INJURY / DRIVE AWAY,,,,$500 OR LESS,2/25/2022 19:51,IMPROPER BACKING,DRIVING SKILLS/KNOWLEDGE/EXPERIENCE,2459,N,SACRAMENTO AVE,1414,,,,,,,2,NO INDICATION OF INJURY,0,0,0,0,0,3,0,19,6,2,41.92650062,-87.70221486,POINT (-87.702214858111 41.926500620267)
55044112685d8eb464aa7e67bb8c3e3c4af07b9d296cf7d8dfd04407fb0196949c5dd63056ef9f446abf4e56e8df708a1ab8aab16a3c89117e011ca8c7800e9c,JF148562,Y,2/18/2022 13:20,30,NO CONTROLS,NO CONTROLS,UNKNOWN,UNKNOWN,PARKED MOTOR VEHICLE,NOT DIVIDED,,STRAIGHT AND LEVEL,WET,UNKNOWN,NOT ON SCENE (DESK REPORT),NO INJURY / DRIVE AWAY,,,Y,"OVER $1,500",2/18/2022 13:50,UNABLE TO DETERMINE,UNABLE TO DETERMINE,3410,W,CORTLAND ST,1422,,,,,,,2,NO INDICATION OF INJURY,0,0,0,0,0,1,0,13,6,2,41.91562884,-87.71234862,POINT (-87.712348615293 41.915628841708)
86a477e63cacbf5ed34bc928a1b7c4ae7ade0a16130102e20e446421513a7cc343c7fafb5792b1cc6b10d49e772690ab7b76e0e3be962b122d831d1cad4ba594,JF179171,Y,3/18/2022 7:00,30,NO CONTROLS,NO CONTROLS,RAIN,DAYLIGHT,PARKED MOTOR VEHICLE,ONE-WAY,,STRAIGHT AND LEVEL,WET,NO DEFECTS,NOT ON SCENE (DESK REPORT),NO INJURY / DRIVE AWAY,,,Y,"OVER $1,500",3/19/2022 10:30,UNABLE TO DETERMINE,UNABLE TO DETERMINE,2744,W,23RD ST,1034,,,,,,,2,NO INDICATION OF INJURY,0,0,0,0,0,1,0,7,6,3,41.85019925,-87.69474555,POINT (-87.69474555141 41.850199253875)
553713c92fb7e4b92a8f3badba475410db93cc19cbcfe70b32cfcec93bd1be50efe5973eaca0b3c282cc2e1d7ebdd2f056dc8c44e8513514254302ed89a079df,JF148138,,2/18/2022 5:55,30,TRAFFIC SIGNAL,FUNCTIONING PROPERLY,CLEAR,DAWN,ANGLE,FOUR WAY,,STRAIGHT AND LEVEL,SNOW OR SLUSH,NO DEFECTS,ON SCENE,INJURY AND / OR TOW DUE TO CRASH,Y,,Y,"OVER $1,500",2/18/2022 6:04,DISREGARDING TRAFFIC SIGNALS,NOT APPLICABLE,3500,S,WENTWORTH AVE,915,,,,,,,2,NONINCAPACITATING INJURY,1,0,0,1,0,2,0,5,6,2,41.83092244,-87.63165052,POINT (-87.631650518377 41.830922441769)
86c481938720cb056071b9fb27e521e5cde16060250c7de4c2dfd2a62a146c21098161300badc3b40ea2e2bb12c41caa6ac515385e78d6b65335cb7a5c1fe956,JF181489,,3/18/2022 21:00,20,NO CONTROLS,NO CONTROLS,CLEAR,"DARKNESS, LIGHTED ROAD",FIXED OBJECT,ALLEY,,STRAIGHT AND LEVEL,DRY,UNKNOWN,NOT ON SCENE (DESK REPORT),NO INJURY / DRIVE AWAY,,Y,Y,"OVER $1,500",3/21/2022 14:10,UNABLE TO DETERMINE,UNABLE TO DETERMINE,2614,S,ST LOUIS AVE,1032,,,,,,,1,NO INDICATION OF INJURY,0,0,0,0,0,1,0,21,6,3,41.84392264,-87.71248249,POINT (-87.712482488 41.843922643754)
86c80207faf259726a2f02e3259075e91cffb37fb20f2e6ca01e7ab9fbe4fcd17e1bdf971c26a3e6a3bd4d94fa0b1c296f6670e209a5e77733c54c9555f1f3ee,JF178479,,3/18/2022 13:34,30,NO CONTROLS,FUNCTIONING PROPERLY,RAIN,DAYLIGHT,REAR TO FRONT,ONE-WAY,,STRAIGHT AND LEVEL,WET,NO DEFECTS,NOT ON SCENE (DESK REPORT),NO INJURY / DRIVE AWAY,,,N,"OVER $1,500",3/18/2022 13:50,FOLLOWING TOO CLOSELY,FOLLOWING TOO CLOSELY,3300,E,106TH ST,432,Y,,,,,,2,NO INDICATION OF INJURY,0,0,0,0,0,2,0,13,6,3,41.702872,-87.54370536,POINT (-87.543705358785 41.702871997018)
42fce1f1ab8bb2bd9c38c89b672229f733605fc5db231be6a851b128279eab17e15b0b5f2c0664cd745fe49421d21c047585f6d650cc23d5e49c7735333e3a01,JF158536,,2/25/2022 9:00,20,NO CONTROLS,NO CONTROLS,CLEAR,DAYLIGHT,ANGLE,NOT DIVIDED,,STRAIGHT AND LEVEL,ICE,NO DEFECTS,NOT ON SCENE (DESK REPORT),NO INJURY / DRIVE AWAY,,,,"$501 - $1,500",2/28/2022 11:00,UNABLE TO DETERMINE,NOT APPLICABLE,7032,W,GRACE ST,1632,,,,,,,2,NO INDICATION OF INJURY,0,0,0,0,0,2,0,9,6,2,41.94910165,-87.80236414,POINT (-87.802364141406 41.949101647874)
9e750396417b25ddfd6d2ca3b99a1797b8247325edfe6cd0ede9acfca6831c30ba284d5510866f804cba6b737b9ddff8c11d8b3422a8a456c641aac9d696969f,JF185381,,3/24/2022 6:00,25,NO CONTROLS,FUNCTIONING PROPERLY,CLEAR,DAYLIGHT,SIDESWIPE SAME DIRECTION,NOT DIVIDED,,STRAIGHT AND LEVEL,DRY,NO DEFECTS,NOT ON SCENE (DESK REPORT),NO INJURY / DRIVE AWAY,,,,$500 OR LESS,3/24/2022 18:18,FAILING TO YIELD RIGHT-OF-WAY,NOT APPLICABLE,4799,W,LE MOYNE ST,2533,,,,,,,2,NO INDICATION OF INJURY,0,0,0,0,0,2,0,6,5,3,41.90770182,-87.74599055,POINT (-87.745990545392 41.907701818952)
4314c6b3419751790cfceb7b4a842bfbff03ae0dcdbb1c01f69e681e2ddbd95d5f7df2afab7fff3def9a7a0c3357a61948f4781389af99dd176a8bcff108f1e0,JF155390,,2/25/2022 8:25,30,STOP SIGN/FLASHER,FUNCTIONING PROPERLY,CLEAR,DAYLIGHT,ANGLE,FOUR WAY,,STRAIGHT AND LEVEL,SNOW OR SLUSH,NO DEFECTS,ON SCENE,INJURY AND / OR TOW DUE TO CRASH,Y,,,"OVER $1,500",2/25/2022 8:27,FAILING TO YIELD RIGHT-OF-WAY,FAILING TO REDUCE SPEED TO AVOID CRASH,4300,N,KIMBALL AVE,1723,,,,,,,2,NO INDICATION OF INJURY,0,0,0,0,0,2,0,8,6,2,41.95935722,-87.71323397,POINT (-87.713233973204 41.95935722408)
dbd44294bd0d745c0a58df99fa2727742fffe3e61044c4e9181799aeab4656fd7142df194f76582784306d0ac6389107fa96d82ec933701e77abc861300a9156,JF170837,,3/11/2022 18:51,10,NO CONTROLS,NO CONTROLS,CLEAR,"DARKNESS, LIGHTED ROAD",SIDESWIPE SAME DIRECTION,ONE-WAY,,STRAIGHT AND LEVEL,DRY,NO DEFECTS,ON SCENE,NO INJURY / DRIVE AWAY,,,,"OVER $1,500",3/11/2022 18:52,IMPROPER OVERTAKING/PASSING,NOT APPLICABLE,243,E,ONTARIO ST,1834,,,,,,,2,NO INDICATION OF INJURY,0,0,0,0,0,2,0,18,6,3,41.89327026,-87.62156655,POINT (-87.621566547573 41.893270262956)
9f4be9049b34be79e71152040219978cc9800e839ff847f03d0d9ed34d8e4f5413870035ab9373750b6233cea874abd92b623cbb0dc8c6de6845113160ec5b23,JF185894,,3/24/2022 16:30,20,NO CONTROLS,NO CONTROLS,RAIN,DAYLIGHT,TURNING,PARKING LOT,,STRAIGHT AND LEVEL,WET,NO DEFECTS,NOT ON SCENE (DESK REPORT),NO INJURY / DRIVE AWAY,,Y,,"OVER $1,500",3/25/2022 9:25,UNABLE TO DETERMINE,UNABLE TO DETERMINE,7300,N,WESTERN AVE,2411,,,,,,,2,NO INDICATION OF INJURY,0,0,0,0,0,2,0,16,5,3,42.01418398,-87.69037835,POINT (-87.69037834982 42.014183982852)
568ac15ebdf51bd0e063b491e14f471386c5a6697d31da0da3d401d016afd8a621d34500bea4f406a2a8739f1ceebfee11f5a7d576dac8e17b1286ea98152429,JF148701,,2/18/2022 15:46,35,TRAFFIC SIGNAL,FUNCTIONING PROPERLY,CLEAR,DAYLIGHT,TURNING,NOT DIVIDED,,STRAIGHT AND LEVEL,DRY,NO DEFECTS,ON SCENE,INJURY AND / OR TOW DUE TO CRASH,Y,,,"OVER $1,500",2/18/2022 15:47,FOLLOWING TOO CLOSELY,NOT APPLICABLE,5444,S,CENTRAL AVE,811,,,,,,,3,NO INDICATION OF INJURY,0,0,0,0,0,3,0,15,6,2,41.7932154,-87.76246291,POINT (-87.762462909188 41.79321540244)
444c264ea7fabdd6714e0621ad3120babdc42db84cd7cf706a4d448962ddf058cff316e94405fd2884cd4698049f4011d98346f63ec3031b5b413ca413b7d28a,JF156257,,2/25/2022 23:45,30,STOP SIGN/FLASHER,NO CONTROLS,SNOW,"DARKNESS, LIGHTED ROAD",ANGLE,NOT DIVIDED,,STRAIGHT AND LEVEL,SNOW OR SLUSH,NO DEFECTS,,INJURY AND / OR TOW DUE TO CRASH,Y,,Y,"OVER $1,500",2/25/2022 23:48,UNABLE TO DETERMINE,NOT APPLICABLE,3458,W,ADAMS ST,1123,,,,,,,2,NONINCAPACITATING INJURY,2,0,0,2,0,0,0,23,6,2,41.87840983,-87.71324314,POINT (-87.713243144371 41.878409833591)
dcf1ca113c03e3672cef7d3e0e9296294edc05192fbaa094ab03ea14f3cabd1188c9437cf6f839938f2a6ac3a20b1eb6061b2948eaf5b195dced0ce4b511ee56,JF170094,,3/11/2022 8:00,30,STOP SIGN/FLASHER,FUNCTIONING PROPERLY,CLEAR,DAYLIGHT,ANGLE,FOUR WAY,,STRAIGHT AND LEVEL,WET,NO DEFECTS,ON SCENE,INJURY AND / OR TOW DUE TO CRASH,Y,,Y,"OVER $1,500",3/11/2022 8:12,UNABLE TO DETERMINE,UNABLE TO DETERMINE,3598,N,LAWNDALE AVE,1732,,,,,,,2,NONINCAPACITATING INJURY,1,0,0,1,0,1,0,8,6,3,41.94642296,-87.72020695,POINT (-87.72020694465 41.946422960611)
dd15d079437917e61630b907020d79fb99daff85036a924966a6d67d3a1a6ee9fb72bdfdd807458259195fdb1df0661f2790449fa4dce503645367cc0b6c4609,JF170276,,3/11/2022 10:56,30,PEDESTRIAN CROSSING SIGN,FUNCTIONING PROPERLY,CLEAR,DAYLIGHT,PEDESTRIAN,FOUR WAY,,STRAIGHT AND LEVEL,DRY,NO DEFECTS,ON SCENE,NO INJURY / DRIVE AWAY,Y,,,"$501 - $1,500",3/11/2022 10:56,"OPERATING VEHICLE IN ERRATIC, RECKLESS, CARELESS, NEGLIGENT OR AGGRESSIVE MANNER",NOT APPLICABLE,198,E,CERMAK RD,132,,,,,,,2,NO INDICATION OF INJURY,0,0,0,0,0,2,0,10,6,3,41.85299731,-87.62231249,POINT (-87.622312486713 41.852997311963)
56ec19de2d26a1ff98f1ad7938d25f2c003c18fc2135158b6919b1d813a1e25865e6814ff9f54e2b272821e548cf48880e22ac6d997508a6a0b99036e09862c1,JF148979,,2/18/2022 19:30,30,NO CONTROLS,NO CONTROLS,CLEAR,DAYLIGHT,PARKED MOTOR VEHICLE,DIVIDED - W/MEDIAN (NOT RAISED),,STRAIGHT AND LEVEL,DRY,NO DEFECTS,ON SCENE,NO INJURY / DRIVE AWAY,,,Y,"$501 - $1,500",2/18/2022 20:19,UNABLE TO DETERMINE,NOT APPLICABLE,904,N,KEDVALE AVE,1111,,,,,,,2,NO INDICATION OF INJURY,0,0,0,0,0,1,0,19,6,2,41.89734507,-87.72998614,POINT (-87.729986143817 41.897345073208)
4456ec684d66260007abdcb6a50d6c5704dd72fdfa931d8a683f28761c30b8a1c1876344ef2f944f822211a9d688109483e97f887284c969055f0178cdeaf70f,JF155439,,2/25/2022 9:13,30,NO CONTROLS,NO CONTROLS,SNOW,DAYLIGHT,REAR END,NOT DIVIDED,,STRAIGHT AND LEVEL,WET,UNKNOWN,ON SCENE,NO INJURY / DRIVE AWAY,Y,,,$500 OR LESS,2/25/2022 9:28,UNABLE TO DETERMINE,UNABLE TO DETERMINE,2600,N,WESTERN AVE,1411,,,,,,,2,NO INDICATION OF INJURY,0,0,0,0,0,2,0,9,6,2,41.92866979,-87.68792224,POINT (-87.687922235539 41.92866978991)
577d98bb376410c1f5b8869fb3423294df95e279315df11a8db2348ca63b45df2ddbf5643720987eb365bbf27039690cb79bc70808534af88e9e51352a731726,JF163509,,3/4/2022 18:48,35,STOP SIGN/FLASHER,FUNCTIONING PROPERLY,CLEAR,"DARKNESS, LIGHTED ROAD",TURNING,T-INTERSECTION,,STRAIGHT AND LEVEL,DRY,NO DEFECTS,,INJURY AND / OR TOW DUE TO CRASH,Y,,,"OVER $1,500",3/4/2022 18:48,UNABLE TO DETERMINE,NOT APPLICABLE,6050,S,ARCHER AVE,811,,,,,,,2,NO INDICATION OF INJURY,0,0,0,0,0,4,0,18,6,3,41.79489576,-87.76845065,POINT (-87.768450645493 41.794895760556)
a03bcb0efcd7c9168f4821d792b32d5f8a18d370f2d8c967f5757eebf29a362559e0c7f3c6ee7b6c9dc4c121d9296d57ad233c19d7a44b8406ba39fd78ca5ea4,JF185419,,3/24/2022 18:12,15,TRAFFIC SIGNAL,FUNCTIONING PROPERLY,RAIN,DAYLIGHT,REAR END,ONE-WAY,,STRAIGHT ON GRADE,WET,NO DEFECTS,ON SCENE,NO INJURY / DRIVE AWAY,,,,"OVER $1,500",3/24/2022 18:28,DISTRACTION - FROM OUTSIDE VEHICLE,UNABLE TO DETERMINE,4751,W,HELEN J MIKOLS DR,813,,,,,,,2,NO INDICATION OF INJURY,0,0,0,0,0,4,0,18,5,3,,,
ddcce6b0d52ddf2a9234668ff7f7fb4dbd861718c9be156eeefe3edb32dc673112d39e0a5f28bfa79e6111ade587d6c0af787a0479fcc8628b9990454fa149a3,JF170950,,3/11/2022 21:20,30,NO CONTROLS,NO CONTROLS,CLEAR,"DARKNESS, LIGHTED ROAD",SIDESWIPE SAME DIRECTION,DIVIDED - W/MEDIAN BARRIER,,STRAIGHT AND LEVEL,DRY,NO DEFECTS,NOT ON SCENE (DESK REPORT),NO INJURY / DRIVE AWAY,,,Y,"$501 - $1,500",3/11/2022 22:15,IMPROPER TURNING/NO SIGNAL,DRIVING SKILLS/KNOWLEDGE/EXPERIENCE,45,W,CONGRESS PKWY,123,,,,,,,2,NO INDICATION OF INJURY,0,0,0,0,0,3,0,21,6,3,41.87551595,-87.62931858,POINT (-87.629318580687 41.875515945469)
57e9f27e5d34db5a5f197902f988370c2582a696638bd19d24cf143a79c4323ea161c8f0a2bf860ad7b495fd9da2caf9784808454fb3b5482594a32bb67a390b,JF148307,,2/18/2022 10:00,30,TRAFFIC SIGNAL,FUNCTIONING PROPERLY,CLEAR,DAYLIGHT,TURNING,NOT DIVIDED,,STRAIGHT AND LEVEL,WET,NO DEFECTS,ON SCENE,NO INJURY / DRIVE AWAY,Y,,Y,"$501 - $1,500",2/18/2022 10:10,IMPROPER BACKING,UNABLE TO DETERMINE,2800,W,DIVERSEY AVE,1411,,,,,,,2,NO INDICATION OF INJURY,0,0,0,0,0,2,0,10,6,2,41.9322054,-87.69767924,POINT (-87.697679243869 41.932205395065)
7d12d2cf3ec63f434b1d45822749f77f44e7d2adc526c236e75cfc957ea28e9c0e5a78e489886c530ea3ae7ac7dffcc2a286481d474e711b3df7d1f64e4fae2e,JF163471,,3/4/2022 17:30,30,NO CONTROLS,NO CONTROLS,CLEAR,"DARKNESS, LIGHTED ROAD",PARKED MOTOR VEHICLE,NOT DIVIDED,,STRAIGHT AND LEVEL,DRY,NO DEFECTS,NOT ON SCENE (DESK REPORT),NO INJURY / DRIVE AWAY,,,Y,"OVER $1,500",3/4/2022 18:15,IMPROPER BACKING,UNABLE TO DETERMINE,1718,S,LOOMIS ST,1233,,,,,,,2,NO INDICATION OF INJURY,0,0,0,0,0,1,0,17,6,3,41.85817001,-87.66147475,POINT (-87.661474746997 41.858170007431)
58226ebd7e716c885ddd5772ac583e9cf0a1d9d2112d5db76b7ec033b2857a4c74dcfe1fe31a47d277bfde4adb61be1b7549e44de9506792223a4d9d3b81a23e,JF148624,,2/18/2022 14:45,30,NO CONTROLS,FUNCTIONING PROPERLY,SNOW,DAYLIGHT,HEAD ON,CENTER TURN LANE,,STRAIGHT AND LEVEL,SNOW OR SLUSH,UNKNOWN,ON SCENE,INJURY AND / OR TOW DUE TO CRASH,Y,,Y,"$501 - $1,500",2/18/2022 14:50,IMPROPER OVERTAKING/PASSING,UNABLE TO DETERMINE,11258,S,STATE ST,522,,Y,,,,,2,NONINCAPACITATING INJURY,1,0,0,1,0,1,0,14,6,2,41.68899811,-87.62314534,POINT (-87.62314534204 41.688998108465)
888e624624a4ff550b6d8c8120591f0b73362ca46e31fa02db3200aa10473dc665a6e3c838f39b48404916b40e19deeedf92d3d653e482428894208f262b5339,JF178900,,3/18/2022 23:47,30,TRAFFIC SIGNAL,FUNCTIONING PROPERLY,RAIN,"DARKNESS, LIGHTED ROAD",TURNING,NOT DIVIDED,,STRAIGHT AND LEVEL,WET,NO DEFECTS,NOT ON SCENE (DESK REPORT),NO INJURY / DRIVE AWAY,Y,,,"OVER $1,500",3/19/2022 0:05,IMPROPER TURNING/NO SIGNAL,NOT APPLICABLE,200,E,CERMAK RD,132,,,,,,,2,NO INDICATION OF INJURY,0,0,0,0,0,2,0,23,6,3,41.85299783,-87.62219448,POINT (-87.622194479362 41.852997832724)
45764da7c95fcd80ba2cc2be1e004ae5dbcb3b51cdb3346b6b0bdceaa9d3a2291bcce0a4f092a12a47ae0288d192ad176fd8f3f5c979624ff0d1ca2f494f4b3d,JF155716,,2/25/2022 12:45,5,NO CONTROLS,NO CONTROLS,SNOW,DAYLIGHT,FIXED OBJECT,ALLEY,,STRAIGHT AND LEVEL,SNOW OR SLUSH,NO DEFECTS,ON SCENE,NO INJURY / DRIVE AWAY,,,Y,"$501 - $1,500",2/25/2022 12:45,UNABLE TO DETERMINE,NOT APPLICABLE,2119,S,FAIRFIELD AVE,1023,,,,,,,1,NO INDICATION OF INJURY,0,0,0,0,0,1,0,12,6,2,41.85314404,-87.69410421,POINT (-87.694104212638 41.853144042007)
7df478150716ef6779b225128c555d08d7cd4342c7cc7bafb8f7163e1e7e2b084c2e96b3571755f7ea881fdc3b5ae0e7aa16849e01890b9b118eb03432f74700,JF164205,,3/4/2022 13:45,30,NO CONTROLS,NO CONTROLS,CLEAR,DARKNESS,ANGLE,PARKING LOT,,STRAIGHT AND LEVEL,DRY,NO DEFECTS,NOT ON SCENE (DESK REPORT),NO INJURY / DRIVE AWAY,,,,"OVER $1,500",3/5/2022 13:40,IMPROPER BACKING,UNABLE TO DETERMINE,4001,W,IRVING PARK RD,1732,,,,,,,2,NO INDICATION OF INJURY,0,0,0,0,0,2,0,13,6,3,41.95353736,-87.72769519,POINT (-87.727695188773 41.953537356864)
8913c34107fcda75de3a688ef7c8abeea00ac0075734193f31c4b1c6a46026607822fa262f4ea5b2c636cb32fedc46f1a3c8fff5818763bc03f869c6739db3ec,JF179525,,3/18/2022 21:00,30,NO CONTROLS,NO CONTROLS,RAIN,UNKNOWN,PARKED MOTOR VEHICLE,NOT DIVIDED,,STRAIGHT AND LEVEL,WET,NO DEFECTS,ON SCENE,NO INJURY / DRIVE AWAY,,,Y,"$501 - $1,500",3/19/2022 16:20,UNABLE TO DETERMINE,NOT APPLICABLE,4023,W,31ST ST,1031,,,,,,,2,NO INDICATION OF INJURY,0,0,0,0,0,1,0,21,6,3,41.83676105,-87.72527036,POINT (-87.725270354732 41.836761054386)
894344debd617af9409a467f82a9a10f7eb4e948a443931ec8c54f85621da7a32e99848fefc8e028bee0827f10af35437664fd27658f8451b3262eb97888dfdc,JF177844,,3/18/2022 5:40,35,NO CONTROLS,NO CONTROLS,CLEAR,DAWN,TURNING,NOT DIVIDED,,STRAIGHT AND LEVEL,DRY,NO DEFECTS,ON SCENE,INJURY AND / OR TOW DUE TO CRASH,,,,"OVER $1,500",3/18/2022 5:41,IMPROPER TURNING/NO SIGNAL,NOT APPLICABLE,1530,E,130TH ST,434,,,,,,,2,NO INDICATION OF INJURY,0,0,0,0,0,3,0,5,6,3,41.66048972,-87.58780401,POINT (-87.587804005741 41.660489724063)
7e1ec695d9ecc6aff9329e0048502e616263e7e23b4a43d7470947074351033fd0a873508925f8bb8e409fb73271a2dbde50de41670ee0f46a4ac96456b9b34f,JF177430,,3/4/2022 19:27,30,NO CONTROLS,NO CONTROLS,CLEAR,DAYLIGHT,SIDESWIPE SAME DIRECTION,NOT DIVIDED,,STRAIGHT AND LEVEL,DRY,NO DEFECTS,NOT ON SCENE (DESK REPORT),NO INJURY / DRIVE AWAY,,,Y,"$501 - $1,500",3/17/2022 17:37,UNABLE TO DETERMINE,UNABLE TO DETERMINE,8700,S,ANTHONY AVE,412,,,,,,,2,NO INDICATION OF INJURY,0,0,0,0,0,2,0,19,6,3,41.73706395,-87.5689622,POINT (-87.56896220209 41.737063945134)
ded8c163d7247f5496c020f2d8e979e052d5c40a97234965a2109af604c6fc5279ae6e82a76eadc7c0f826fe69706ee3429068078264f2b83be2d7ac6f2df51b,JF170125,,3/11/2022 8:30,30,NO CONTROLS,NO CONTROLS,CLOUDY/OVERCAST,DAYLIGHT,TURNING,NOT DIVIDED,,STRAIGHT AND LEVEL,WET,NO DEFECTS,ON SCENE,NO INJURY / DRIVE AWAY,,,,"$501 - $1,500",3/11/2022 8:36,IMPROPER OVERTAKING/PASSING,NOT APPLICABLE,1612,S,WABASH AVE,131,,,,,,,2,NO INDICATION OF INJURY,0,0,0,0,0,3,0,8,6,3,41.85982349,-87.6258017,POINT (-87.625801698661 41.859823491456)