CRASH_RECORD_ID,RD_NO,CRASH_DATE_EST_I,CRASH_DATE,POSTED_SPEED_LIMIT,TRAFFIC_CONTROL_DEVICE,DEVICE_CONDITION,WEATHER_CONDITION,LIGHTING_CONDITION,FIRST_CRASH_TYPE,TRAFFICWAY_TYPE,LANE_CNT,ALIGNMENT,ROADWAY_SURFACE_COND,ROAD_DEFECT,REPORT_TYPE,CRASH_TYPE,INTERSECTION_RELATED_I,NOT_RIGHT_OF_WAY_I,HIT_AND_RUN_I,DAMAGE,DATE_POLICE_NOTIFIED,PRIM_CONTRIBUTORY_CAUSE,SEC_CONTRIBUTORY_CAUSE,STREET_NO,STREET_DIRECTION,STREET_NAME,BEAT_OF_OCCURRENCE,PHOTOS_TAKEN_I,STATEMENTS_TAKEN_I,DOORING_I,WORK_ZONE_I,WORK_ZONE_TYPE,WORKERS_PRESENT_I,NUM_UNITS,MOST_SEVERE_INJURY,INJURIES_TOTAL,INJURIES_FATAL,INJURIES_INCAPACITATING,INJURIES_NON_INCAPACITATING,INJURIES_REPORTED_NOT_EVIDENT,INJURIES_NO_INDICATION,INJURIES_UNKNOWN,CRASH_HOUR,CRASH_DAY_OF_WEEK,CRASH_MONTH,LATITUDE,LONGITUDE,LOCATION
58ebe4140891a50416476461c0154f475f1b858b1df2d10b882dec5a2be2d8cca968cdf5d02e4d606b13c68ac6341b0fcdd17b105661aa5e17f03ce4dc8e115e,JF148819,,2/18/2022 16:37,30,NO CONTROLS,NO CONTROLS,CLEAR,DAYLIGHT,REAR END,ONE-WAY,,STRAIGHT AND LEVEL,SNOW OR SLUSH,NO DEFECTS,ON SCENE,INJURY AND / OR TOW DUE TO CRASH,,,,"OVER $1,500",2/18/2022 16:50,UNABLE TO DETERMINE,UNABLE TO DETERMINE,9099,S,LAFAYETTE AVE,634,,,,,,,2,NONINCAPACITATING INJURY,1,0,0,1,0,2,0,16,6,2,41.72907738,-87.62509137,POINT (-87.625091373954 41.729077376186)
45e6ebaa65afaac2ee7f5b535f6d2e8ba4473534237c7f7ae64a9b57483a305c5f5f89c0e9e0a6d072792d85768e0e43303ef0eb54b7a51b61d89a8d6cf273df,JF155584,,2/25/2022 11:50,30,NO CONTROLS,NO CONTROLS,CLEAR,DAYLIGHT,PARKED MOTOR VEHICLE,NOT DIVIDED,,STRAIGHT AND LEVEL,WET,NO DEFECTS,NOT ON SCENE (DESK REPORT),NO INJURY / DRIVE AWAY,,,,"OVER $1,500",2/25/2022 12:05,FOLLOWING TOO CLOSELY,UNABLE TO DETERMINE,4748,N,MILWAUKEE AVE,1623,,,,,,,2,NO INDICATION OF INJURY,0,0,0,0,0,1,0,11,6,2,41.9667317,-87.75993879,POINT (-87.759938784765 41.966731701228)
591ee162b44a30b88fc17ddbe482239057542c89eb929b0790b007dc2082251866fca038a33d14794e6de244224d16f2bd07b8a64b1eb6eef03638698d02fcff,JF149007,,2/18/2022 16:00,30,NO CONTROLS,NO CONTROLS,UNKNOWN,UNKNOWN,PARKED MOTOR VEHICLE,ONE-WAY,,STRAIGHT AND LEVEL,UNKNOWN,UNKNOWN,NOT ON SCENE (DESK REPORT),NO INJURY / DRIVE AWAY,,,,"OVER $1,500",2/18/2022 21:15,NOT APPLICABLE,NOT APPLICABLE,530,W,ALDINE AVE,1925,,,,,,,2,NO INDICATION OF INJURY,0,0,0,0,0,1,0,16,6,2,41.94236021,-87.64326687,POINT (-87.64326687349 41.942360205646)
465b2c3564aa353ee6a6daae8e7672a94dfdad4b3e1b574fec2ff6fa726c50fd2940a94636b1dc187e57a1e6b59bb87e8be006f5b620a3960d59a10d57a3d127,JF159748,Y,2/26/2022 0:00,30,NO CONTROLS,NO CONTROLS,CLEAR,UNKNOWN,PARKED MOTOR VEHICLE,NOT DIVIDED,,STRAIGHT AND LEVEL,UNKNOWN,NO DEFECTS,NOT ON SCENE (DESK REPORT),NO INJURY / DRIVE AWAY,,,Y,"$501 - $1,500",3/1/2022 13:05,UNABLE TO DETERMINE,UNABLE TO DETERMINE,301,E,29TH ST,133,,,,,,,2,NO INDICATION OF INJURY,0,0,0,0,0,1,0,0,7,2,41.84191577,-87.62029239,POINT (-87.620292385379 41.841915767196)
8a0e837794059407b0a7d9714ab68c62270f7fb8b3f798285ed6435bc42efa2d4c2717b4067c77645bf5452779b1732461f7736f8069f1a1c5d8a0595c9ef985,JF178609,,3/18/2022 17:35,20,NO CONTROLS,NO CONTROLS,RAIN,DAYLIGHT,SIDESWIPE SAME DIRECTION,NOT DIVIDED,,STRAIGHT AND LEVEL,DRY,NO DEFECTS,ON SCENE,NO INJURY / DRIVE AWAY,,,,"$501 - $1,500",3/18/2022 17:35,FAILING TO YIELD RIGHT-OF-WAY,UNABLE TO DETERMINE,2400,S,ROCKWELL ST,1034,,,,,,,2,NO INDICATION OF INJURY,0,0,0,0,0,2,0,17,6,3,41.84830043,-87.69057858,POINT (-87.690578577185 41.848300426804)
df647faae0897ecbadbcadf09c38b972925f7bdc3c212a39010c477322000a102d50da9faea2aeb6a0a9f7cc863fe67d287d39ee6d372b5aec7f1cc8ebb851be,JF171333,,3/11/2022 7:05,30,TRAFFIC SIGNAL,UNKNOWN,UNKNOWN,DAYLIGHT,REAR END,NOT DIVIDED,,STRAIGHT AND LEVEL,UNKNOWN,UNKNOWN,,NO INJURY / DRIVE AWAY,Y,,,"OVER $1,500",3/12/2022 11:10,UNABLE TO DETERMINE,UNABLE TO DETERMINE,801,W,127TH ST,523,,,,,,,2,NO INDICATION OF INJURY,0,0,0,0,0,2,0,7,6,3,41.66313453,-87.64147987,POINT (-87.641479867328 41.663134533224)
59cf502addbd57a8874cb339367fe6dc37681642c40fff725302bc4eea95770d1d3e7fbd1ee7e627ddeaadc09eb4c3a816c902dd32527e5545bfc809ef9b3d89,JF152851,,2/18/2022 8:06,10,NO CONTROLS,NO CONTROLS,SNOW,DAYLIGHT,PARKED MOTOR VEHICLE,ALLEY,,STRAIGHT AND LEVEL,SNOW OR SLUSH,NO DEFECTS,NOT ON SCENE (DESK REPORT),NO INJURY / DRIVE AWAY,,,Y,"OVER $1,500",2/22/2022 17:40,DRIVING SKILLS/KNOWLEDGE/EXPERIENCE,UNABLE TO DETERMINE,7914,S,CRANDON AVE,414,,,,,,,2,NO INDICATION OF INJURY,0,0,0,0,0,1,0,8,6,2,41.75121326,-87.56880712,POINT (-87.568807124427 41.751213264493)
470fbd9077a2b25d466bc90991417aa40f55cebefdd392f41029e6c5b1a5357e92ee36caed87fa876c965637182417877e44d6cdc916fe6d6e71cd0d539902ec,JF155470,,2/25/2022 9:55,30,NO CONTROLS,NO CONTROLS,SNOW,DAYLIGHT,PARKED MOTOR VEHICLE,NOT DIVIDED,,STRAIGHT AND LEVEL,SNOW OR SLUSH,NO DEFECTS,ON SCENE,NO INJURY / DRIVE AWAY,,,,"OVER $1,500",2/25/2022 9:57,UNABLE TO DETERMINE,NOT APPLICABLE,1528,W,ARBOUR PL,1215,,,,,,,2,NO INDICATION OF INJURY,0,0,0,0,0,1,0,9,6,2,41.88836454,-87.6654692,POINT (-87.665469201383 41.888364543771)
473fb1eb59a93a13d71ee7f4c9f0116eb9086bf96476dd63de0bb5cf4eedbb8e1824f3fbdee5eab7a2fb6b176bcc33bbef0f25ef6220b759306d60fa5a04f4c3,JF156043,,2/25/2022 18:25,15,NO CONTROLS,NO CONTROLS,SNOW,"DARKNESS, LIGHTED ROAD",PARKED MOTOR VEHICLE,PARKING LOT,,STRAIGHT AND LEVEL,SNOW OR SLUSH,NO DEFECTS,NOT ON SCENE (DESK REPORT),NO INJURY / DRIVE AWAY,,Y,,$500 OR LESS,2/25/2022 19:00,UNABLE TO DETERMINE,UNABLE TO DETERMINE,1708,W,ESTES AVE,2423,,,,,,,2,NO INDICATION OF INJURY,0,0,0,0,0,3,0,18,6,2,42.0115553,-87.67275196,POINT (-87.672751961039 42.01155529458)
8058d52440f51a4c93da3e231099584a5098c5ba04fbdf6912a5f515fc30a7566797d4bd76ec36cb4a45122815e5aa6854ea445da1a46d2e5e6646077a821a92,JF163151,,3/4/2022 10:30,30,NO CONTROLS,FUNCTIONING PROPERLY,CLEAR,DAYLIGHT,TURNING,NOT DIVIDED,,STRAIGHT AND LEVEL,DRY,UNKNOWN,NOT ON SCENE (DESK REPORT),NO INJURY / DRIVE AWAY,,,,"OVER $1,500",3/4/2022 14:20,IMPROPER LANE USAGE,UNABLE TO DETERMINE,616,N,OGDEN AVE,1215,,,,,,,2,NO INDICATION OF INJURY,0,0,0,0,0,2,0,10,6,3,41.89296105,-87.65756973,POINT (-87.657569731542 41.892961048166)
5a39a5e88354a800ffbf03b8f457ae6f395e5594ddf551bd4a0715a051c5a7d1ce42e075078ffb5c468379f169a480b2047aede0eeef5710a4dd0ddf34b27d2e,JF148694,Y,2/18/2022 14:00,30,NO CONTROLS,NO CONTROLS,CLEAR,DAYLIGHT,SIDESWIPE SAME DIRECTION,DIVIDED - W/MEDIAN (NOT RAISED),,STRAIGHT AND LEVEL,DRY,NO DEFECTS,NOT ON SCENE (DESK REPORT),NO INJURY / DRIVE AWAY,,,,"OVER $1,500",2/18/2022 16:00,UNABLE TO DETERMINE,UNABLE TO DETERMINE,6200,N,SHERIDAN RD,2433,,,,,,,2,NO INDICATION OF INJURY,0,0,0,0,0,2,0,14,6,2,41.9946871,-87.65567455,POINT (-87.655674552491 41.994687098576)
818e22d0edc9ec77413fe0e9a7b3caf958860a5c76e5099a2c8fa70e15e5929afbbd109e2def2f3b34894e33c0966d50bbd9e9847e7546df60f66359a73fe101,JF162716,Y,3/4/2022 6:45,30,UNKNOWN,UNKNOWN,CLEAR,"DARKNESS, LIGHTED ROAD",PARKED MOTOR VEHICLE,ONE-WAY,,STRAIGHT AND LEVEL,DRY,UNKNOWN,NOT ON SCENE (DESK REPORT),NO INJURY / DRIVE AWAY,,,Y,"OVER $1,500",3/4/2022 8:00,UNABLE TO DETERMINE,UNABLE TO DETERMINE,2502,W,BALMORAL AVE,2011,,,,,,,2,NO INDICATION OF INJURY,0,0,0,0,0,1,0,6,6,3,41.97962419,-87.69188173,POINT (-87.691881731547 41.979624188425)
5abb4fa05cfe551eda5868892fd3edd3b52bd3bbece9d9f54aa6686e2538f2b24641b2ebfe709490fd24b937f5b0eb03405a73b19f59cb3cebbd96b66b486612,JF148430,,2/18/2022 11:15,30,TRAFFIC SIGNAL,FUNCTIONING PROPERLY,CLEAR,DAYLIGHT,ANGLE,NOT DIVIDED,,STRAIGHT AND LEVEL,DRY,NO DEFECTS,NOT ON SCENE (DESK REPORT),INJURY AND / OR TOW DUE TO CRASH,Y,,,"OVER $1,500",2/18/2022 11:35,UNABLE TO DETERMINE,NOT APPLICABLE,8402,W,IRVING PARK RD,1614,,,,,,,2,NO INDICATION OF INJURY,0,0,0,0,0,2,0,11,6,2,41.95217321,-87.83685006,POINT (-87.836850062471 41.952173213495)
8a6fd67d8ae8587c3616f1bf7a928db9a8650e0cbc08c76040e8b8d9962f0f4f2c23be74276ae7540100c2c1a903667cc624fa2ded043553e7a776e5e0336483,JF177862,,3/18/2022 5:30,30,TRAFFIC SIGNAL,FUNCTIONING PROPERLY,CLEAR,"DARKNESS, LIGHTED ROAD",TURNING,FOUR WAY,,STRAIGHT AND LEVEL,DRY,NO DEFECTS,NOT ON SCENE (DESK REPORT),NO INJURY / DRIVE AWAY,Y,,,"OVER $1,500",3/18/2022 6:30,IMPROPER TURNING/NO SIGNAL,NOT APPLICABLE,3700,W,47TH ST,821,,,,,,,2,NO INDICATION OF INJURY,0,0,0,0,0,2,0,5,6,3,41.80807305,-87.71629641,POINT (-87.716296412225 41.808073054096)
8080ce7ec0a05eaa130063f9123f55f66de1d94f7b45088a8b783a4b9b7e134f7cad7b6c48c84018250773894d0c06310f12b7020a078aa28ec44e22df58313f,JE235773,,5/19/2021 20:00,25,NO CONTROLS,NO CONTROLS,CLEAR,DAWN,PARKED MOTOR VEHICLE,ONE-WAY,,STRAIGHT AND LEVEL,DRY,NO DEFECTS,,NO INJURY / DRIVE AWAY,,,Y,"OVER $1,500",5/19/2021 21:36,NOT APPLICABLE,NOT APPLICABLE,8809,S,DORCHESTER AVE,412,,,,,,,2,NO INDICATION OF INJURY,0,0,0,0,0,1,0,20,4,5,41.73471055,-87.59037435,POINT (-87.590374348488 41.734710544603)
5ae0884b3b11484b17ea7c73710c9add09119533e82595e3ff6df30dc8bfa9ff823b6a3768704dbe14b6c4351cdbc87a5c922b6beb0859e1a8f54be7439b25f9,JF148947,,2/18/2022 19:20,25,NO CONTROLS,NO CONTROLS,CLEAR,"DARKNESS, LIGHTED ROAD",ANIMAL,ONE-WAY,,STRAIGHT AND LEVEL,WET,NO DEFECTS,ON SCENE,INJURY AND / OR TOW DUE TO CRASH,,,,"OVER $1,500",2/18/2022 19:30,UNABLE TO DETERMINE,UNABLE TO DETERMINE,700,W,OHARE ST,1654,,,,,,,2,NO INDICATION OF INJURY,0,0,0,0,0,1,0,19,6,2,,,
48330a8a41bc375be0b1406de29807bc9809e4b584ce6d2bf49a558b69d8e54df0784c94f4b1c172748fa8f4b688337476b492e7e9a35ba7e652d320f684dcf2,JF155342,,2/25/2022 7:40,30,STOP SIGN/FLASHER,FUNCTIONING PROPERLY,CLEAR,DAYLIGHT,TURNING,NOT DIVIDED,,STRAIGHT AND LEVEL,SNOW OR SLUSH,NO DEFECTS,NOT ON SCENE (DESK REPORT),NO INJURY / DRIVE AWAY,Y,,,"OVER $1,500",2/25/2022 8:00,FAILING TO YIELD RIGHT-OF-WAY,FAILING TO REDUCE SPEED TO AVOID CRASH,5001,N,CENTRAL AVE,1623,,,,,,,2,NO INDICATION OF INJURY,0,0,0,0,0,2,0,7,6,2,41.97177695,-87.76840198,POINT (-87.768401977872 41.971776947285)
8b4a37d33a0183df3d8a3b27f33e85b88f2b21024f60e0b75cb8a30badddff98a3d4f0bc81dfe1b42f5f2fd451b1dda0bfa4e4e06ebec71860d05f154041d13c,JF179124,,3/18/2022 22:15,30,TRAFFIC SIGNAL,FUNCTIONING IMPROPERLY,RAIN,"DARKNESS, LIGHTED ROAD",REAR END,NOT DIVIDED,,STRAIGHT AND LEVEL,WET,NO DEFECTS,NOT ON SCENE (DESK REPORT),NO INJURY / DRIVE AWAY,Y,,,"$501 - $1,500",3/19/2022 9:30,FOLLOWING TOO CLOSELY,FAILING TO REDUCE SPEED TO AVOID CRASH,202,E,MARQUETTE RD,322,,,,,,,2,NO INDICATION OF INJURY,0,0,0,0,0,2,0,22,6,3,41.77299332,-87.62013339,POINT (-87.620133387565 41.772993314896)
e06aad124e112fa62a44af2203904de5e72412b6dd6bd12bc0bb7a1b410be27d794a5691c0a5fc259413d564cfa9ba9878215fcb35506b05e08558eb323628dc,JF170795,,3/11/2022 17:20,30,TRAFFIC SIGNAL,FUNCTIONING PROPERLY,CLEAR,DAYLIGHT,REAR END,DIVIDED - W/MEDIAN BARRIER,,STRAIGHT AND LEVEL,DRY,NO DEFECTS,NOT ON SCENE (DESK REPORT),NO INJURY / DRIVE AWAY,,,Y,"$501 - $1,500",3/11/2022 18:00,UNABLE TO DETERMINE,UNABLE TO DETERMINE,11100,S,COTTAGE GROVE AVE,531,,,,,,,2,NO INDICATION OF INJURY,0,0,0,0,0,2,0,17,6,3,41.69274215,-87.61001554,POINT (-87.610015536068 41.692742148657)
482bc16678aac2c17b3881d60a11de30b848fb7c5c8f89f72fede2d536ab638d68614d4e49836b152bbc435cef896e5d3a68a9b35be21806b23a0c75ab1ea9ea,JD318405,,8/2/2020 0:10,30,TRAFFIC SIGNAL,FUNCTIONING PROPERLY,RAIN,DARKNESS,REAR END,NOT DIVIDED,,STRAIGHT AND LEVEL,WET,NO DEFECTS,,NO INJURY / DRIVE AWAY,Y,,Y,"$501 - $1,500",8/2/2020 13:00,UNABLE TO DETERMINE,NOT APPLICABLE,720,S,LARAMIE AVE,1522,,,,,,,2,NO INDICATION OF INJURY,0,0,0,0,0,3,0,0,1,8,41.87133083,-87.75488629,POINT (-87.754886291244 41.871330833481)
8a9d0e891f4a95e1b7a342bd22d8c16cd0a65153863def4547524904ad6695e075408bca32f302956b2a79317f036c7903053fe77572e1220d6ac8478430bcc6,JC479264,,10/20/2019 2:18,30,TRAFFIC SIGNAL,FUNCTIONING PROPERLY,CLEAR,"DARKNESS, LIGHTED ROAD",PEDALCYCLIST,NOT DIVIDED,,STRAIGHT AND LEVEL,DRY,NO DEFECTS,,INJURY AND / OR TOW DUE TO CRASH,,,Y,"OVER $1,500",10/20/2019 2:18,UNABLE TO DETERMINE,UNABLE TO DETERMINE,3402,W,IRVING PARK RD,1723,,,,,,,2,NONINCAPACITATING INJURY,1,0,0,1,0,1,0,2,1,10,41.95396447,-87.71305321,POINT (-87.713053208655 41.953964469197)
e0c1ed3c582cc6a9015353111efb58b58db5de6ef73d5be9204881f3aa75c1d8d706e2898dace506c8a70f363a5fc628ca6ee292a5a6e7d71ca12b2c6f5e0522,JF169966,,3/11/2022 1:10,30,NO CONTROLS,NO CONTROLS,SNOW,"DARKNESS, LIGHTED ROAD",PARKED MOTOR VEHICLE,ONE-WAY,,"CURVE, LEVEL",SNOW OR SLUSH,NO DEFECTS,ON SCENE,NO INJURY / DRIVE AWAY,,,N,"OVER $1,500",3/11/2022 1:17,DISTRACTION - FROM INSIDE VEHICLE,NOT APPLICABLE,7902,S,DREXEL AVE,624,,,,,,,5,NO INDICATION OF INJURY,0,0,0,0,0,2,0,1,6,3,41.75116422,-87.60289981,POINT (-87.602899807596 41.751164224045)
82a2d4a3a2ecde8b5bfda797c069deab032b22c9e0cc452c68f21d3b2574e59f31114ccf84e48c1db50df020bdccceedac01c007ac5556c9f3111a378f88af2c,JF162956,,3/4/2022 11:15,30,NO CONTROLS,NO CONTROLS,CLEAR,DAYLIGHT,PARKED MOTOR VEHICLE,NOT DIVIDED,,STRAIGHT AND LEVEL,DRY,NO DEFECTS,ON SCENE,NO INJURY / DRIVE AWAY,,,,"OVER $1,500",3/4/2022 11:30,IMPROPER BACKING,NOT APPLICABLE,119,N,PEORIA ST,1224,,,,,,,2,NO INDICATION OF INJURY,0,0,0,0,0,1,0,11,6,3,41.88368265,-87.64960506,POINT (-87.64960506168 41.883682646887)
4974d3de1d816387f35c08fdec9d5af312d647325d046a4efef6b3c8112a68a9e3c329b65d5e4b84f3cbe33f1a41a17485386c0fe2fae39f0a31efd059e6a97e,JF155356,,2/25/2022 7:56,30,NO CONTROLS,NO CONTROLS,SNOW,DAYLIGHT,SIDESWIPE SAME DIRECTION,ONE-WAY,,STRAIGHT AND LEVEL,WET,NO DEFECTS,NOT ON SCENE (DESK REPORT),NO INJURY / DRIVE AWAY,,,Y,"$501 - $1,500",2/25/2022 8:00,IMPROPER LANE USAGE,DRIVING SKILLS/KNOWLEDGE/EXPERIENCE,5502,W,WASHINGTON BLVD,1523,,,,,,,2,NO INDICATION OF INJURY,0,0,0,0,0,3,0,7,6,2,41.88237397,-87.76343026,POINT (-87.763430256207 41.882373967996)
e143477a70dc95217a4704e2f689eea94b422d6cfb76d404cdc1790dec1ead98524edd61a94d3d013c89a7400ade2f04a37b8393c26aa02e114df3303f1e8d1a,JF184719,,3/22/2022 8:33,25,NO CONTROLS,NO CONTROLS,RAIN,DAYLIGHT,SIDESWIPE SAME DIRECTION,NOT DIVIDED,,STRAIGHT AND LEVEL,WET,NO DEFECTS,,NO INJURY / DRIVE AWAY,,,,"OVER $1,500",3/24/2022 9:00,IMPROPER LANE USAGE,FAILING TO REDUCE SPEED TO AVOID CRASH,814,W,EASTMAN ST,1822,,,,,,,2,NO INDICATION OF INJURY,0,0,0,0,0,6,0,8,3,3,41.90757225,-87.64889828,POINT (-87.648898283075 41.907572250969)
4a305c6c5f8a3fd5b9de16b84628984fe6b46bd56363a625872b494abae1536d38bb58277d6441405023ddb5d87018f07afcdc6c2bb540a30d7895c78f68392c,JF155819,,2/25/2022 14:00,30,NO CONTROLS,NO CONTROLS,SNOW,DAYLIGHT,PARKED MOTOR VEHICLE,DIVIDED - W/MEDIAN BARRIER,,STRAIGHT AND LEVEL,SNOW OR SLUSH,NO DEFECTS,ON SCENE,NO INJURY / DRIVE AWAY,,,Y,"OVER $1,500",2/25/2022 14:58,UNABLE TO DETERMINE,UNABLE TO DETERMINE,1118,S,INDEPENDENCE BLVD,1133,,,,,,,3,NO INDICATION OF INJURY,0,0,0,0,0,1,0,14,6,2,41.86738594,-87.72030127,POINT (-87.72030127258 41.867385938187)
833a0094c3eaf36030589ad02a575af86945a7688366b5c82ef1066eebd8608575b980c678437be7078eef3d551e33a06b3177e0011b5365047e60479c6e258c,JF163709,,3/4/2022 22:50,25,NO CONTROLS,NO CONTROLS,CLEAR,"DARKNESS, LIGHTED ROAD",ANGLE,FOUR WAY,,STRAIGHT AND LEVEL,DRY,NO DEFECTS,NOT ON SCENE (DESK REPORT),NO INJURY / DRIVE AWAY,Y,,Y,"$501 - $1,500",3/4/2022 23:00,UNABLE TO DETERMINE,UNABLE TO DETERMINE,10900,S,AVENUE L,432,,,,,,,2,NO INDICATION OF INJURY,0,0,0,0,0,2,0,22,6,3,41.69720414,-87.53663671,POINT (-87.536636705791 41.697204136251)
a2e6b455aa2838053fd380701f178c514b3a91e1744e15dd32ee5065ec5f8a8bdc09c3cdbff8f17c159eee9ecc35c674f31289eb3f4abbe133fd34490a09058c,JF106964,,1/8/2022 15:50,35,TRAFFIC SIGNAL,FUNCTIONING PROPERLY,RAIN,DAYLIGHT,TURNING,DIVIDED - W/MEDIAN BARRIER,,STRAIGHT AND LEVEL,WET,NO DEFECTS,,NO INJURY / DRIVE AWAY,,,,"$501 - $1,500",1/8/2022 17:15,UNABLE TO DETERMINE,UNABLE TO DETERMINE,123,N,WACKER DR,122,,,,,,,3,NO INDICATION OF INJURY,0,0,0,0,0,3,0,15,7,1,41.88374822,-87.63666184,POINT (-87.63666183831 41.883748216941)
5ddd7c9de8d9f3cdb77a79e516adcd6fd96cc720ad82f57507d5ed5ef3424eec3857a3cae9ceed8219d7ce3d2b034a984b510b3883566fabc859e8a3f6648a0e,JF148547,,2/18/2022 11:35,30,NO CONTROLS,NO CONTROLS,CLEAR,DAYLIGHT,SIDESWIPE SAME DIRECTION,OTHER,,STRAIGHT AND LEVEL,DRY,NO DEFECTS,NOT ON SCENE (DESK REPORT),NO INJURY / DRIVE AWAY,,Y,Y,"$501 - $1,500",2/18/2022 13:30,IMPROPER BACKING,UNABLE TO DETERMINE,2746,N,CLYBOURN AVE,1931,,,,,,,2,NO INDICATION OF INJURY,0,0,0,0,0,2,0,11,6,2,41.93102101,-87.67686402,POINT (-87.676864018134 41.931021005798)
5e60866cffa72382e583a2f0aa52e77e6ee06da6a0878029d9f3b54b920e6c84c918e8be4cd0be4b976dae6bd62c492d3c5b593fd0df83ec39a7885e87c88ede,JF149106,,2/18/2022 8:00,30,NO CONTROLS,NO CONTROLS,SNOW,"DARKNESS, LIGHTED ROAD",OTHER OBJECT,NOT DIVIDED,,STRAIGHT AND LEVEL,WET,NO DEFECTS,ON SCENE,NO INJURY / DRIVE AWAY,,,Y,"OVER $1,500",2/19/2022 0:11,UNABLE TO DETERMINE,UNABLE TO DETERMINE,3713,W,59TH ST,822,,,,,,,3,NO INDICATION OF INJURY,0,0,0,0,0,1,0,8,6,2,41.78593346,-87.7161799,POINT (-87.716179897329 41.785933458601)
5eaaefae845c560cdd823088d9aa96bcb4cf15b98ec01d1717ba3034322d54ea647501943c226690a9b6c61c30e7b0a914901a046f47122192ec480a60026b81,JF148538,,2/18/2022 12:00,30,UNKNOWN,UNKNOWN,SNOW,DAYLIGHT,PARKED MOTOR VEHICLE,ONE-WAY,,STRAIGHT AND LEVEL,SNOW OR SLUSH,UNKNOWN,NOT ON SCENE (DESK REPORT),NO INJURY / DRIVE AWAY,,,Y,"OVER $1,500",2/18/2022 13:20,WEATHER,NOT APPLICABLE,6242,S,ST LAWRENCE AVE,313,,,,,,,2,NO INDICATION OF INJURY,0,0,0,0,0,1,0,12,6,2,41.78086617,-87.6109608,POINT (-87.610960798168 41.780866171473)
4adf61c7561a1a364fca224fd0993a66cdef65f0f0ca279b724e2886c936581c3674f05628ab5ebfa6889b3cc7d74b21d12886fc543aaf97213b08859250ed6d,JF155397,,2/25/2022 8:15,30,TRAFFIC SIGNAL,FUNCTIONING PROPERLY,CLEAR,DAYLIGHT,REAR END,NOT DIVIDED,,STRAIGHT AND LEVEL,WET,NO DEFECTS,NOT ON SCENE (DESK REPORT),INJURY AND / OR TOW DUE TO CRASH,,,,"OVER $1,500",2/25/2022 8:30,FOLLOWING TOO CLOSELY,FOLLOWING TOO CLOSELY,1400,W,87TH ST,614,,,,,,,2,NONINCAPACITATING INJURY,1,0,0,1,0,1,0,8,6,2,41.73597057,-87.65826818,POINT (-87.6582681841 41.735970572419)
4b1df68cdff9fb5e39483c7fae900ba21fcf18dbcc5c5526db94d669baa929a6c8cc5d1dc7c84a9d19da738b9a434f00bd20f7536a2feedcb6a8bef978e2eae5,JF156006,,2/25/2022 14:36,30,NO CONTROLS,NO CONTROLS,SNOW,DAYLIGHT,REAR END,NOT DIVIDED,,STRAIGHT AND LEVEL,SNOW OR SLUSH,NO DEFECTS,NOT ON SCENE (DESK REPORT),NO INJURY / DRIVE AWAY,,,,"OVER $1,500",2/25/2022 18:20,UNABLE TO DETERMINE,NOT APPLICABLE,6010,N,FOREST GLEN AVE,1711,,,,,,,2,NO INDICATION OF INJURY,0,0,0,0,0,2,0,14,6,2,41.99029144,-87.74243462,POINT (-87.742434623929 41.99029144096)
839e00ff7e178aa1d5a0fd7545ae7094bc8db9c345459753227239d53b76b9ba9015542761fdc1fb65d7b76cba176895c9b1c4a123c98b27dc3b229d791cd4f4,JF163280,,3/4/2022 15:15,30,NO CONTROLS,NO CONTROLS,CLEAR,DAWN,SIDESWIPE SAME DIRECTION,NOT DIVIDED,,STRAIGHT AND LEVEL,DRY,NO DEFECTS,NOT ON SCENE (DESK REPORT),NO INJURY / DRIVE AWAY,,,Y,"OVER $1,500",3/4/2022 16:10,IMPROPER OVERTAKING/PASSING,IMPROPER OVERTAKING/PASSING,5502,S,DAMEN AVE,715,,,,,,,2,NO INDICATION OF INJURY,0,0,0,0,0,2,0,15,6,3,41.79342042,-87.67442445,POINT (-87.674424454354 41.793420423046)
8d74d2edb773029e0b6bb606941863af6c99dffb765d4a040a96ef3590239bddb687cbe1c6ed1157f1dd86a7eeab38bec7ec339c7bcecda27212daac6de54c55,JF177936,,3/18/2022 7:40,30,NO CONTROLS,NO CONTROLS,CLEAR,DAWN,PARKED MOTOR VEHICLE,NOT DIVIDED,,STRAIGHT AND LEVEL,DRY,NO DEFECTS,ON SCENE,NO INJURY / DRIVE AWAY,,,,"$501 - $1,500",3/18/2022 7:40,UNABLE TO DETERMINE,UNABLE TO DETERMINE,7323,S,YATES BLVD,334,,,,,,,2,NO INDICATION OF INJURY,0,0,0,0,0,1,0,7,6,3,41.76191011,-87.56628838,POINT (-87.566288380763 41.761910111746)
5f6052eb425d172633608cb01287fdf1226d3aeaea91ca2e249862272f7b05621e64e76b07185027f9af342d040b9308d8c058dc5f477f3868b53d04ae6b86bf,JF149075,,2/18/2022 21:23,30,TRAFFIC SIGNAL,FUNCTIONING PROPERLY,OTHER,DARKNESS,REAR END,NOT DIVIDED,,STRAIGHT AND LEVEL,WET,NO DEFECTS,ON SCENE,INJURY AND / OR TOW DUE TO CRASH,N,,,"$501 - $1,500",2/18/2022 22:53,WEATHER,WEATHER,3198,W,79TH ST,835,,,,,,,2,INCAPACITATING INJURY,1,0,1,0,0,1,0,21,6,2,41.74995189,-87.70236292,POINT (-87.702362914729 41.749951893329)
5f97cfba63c38ad87e6c1b3c49150e95e42cc38e8247411a346e330dc668220ea4787634158718ed974b64376abc0b63e203bedf5cefcd05868a8d558dd935c9,JF148492,,2/18/2022 11:30,30,TRAFFIC SIGNAL,FUNCTIONING PROPERLY,CLEAR,DAYLIGHT,ANGLE,FOUR WAY,,STRAIGHT AND LEVEL,WET,NO DEFECTS,ON SCENE,NO INJURY / DRIVE AWAY,Y,,Y,"OVER $1,500",2/18/2022 12:31,FAILING TO YIELD RIGHT-OF-WAY,NOT APPLICABLE,2400,W,WALTON ST,1212,,,,,,,2,NO INDICATION OF INJURY,0,0,0,0,0,2,0,11,6,2,41.89857762,-87.68703913,POINT (-87.687039128155 41.89857761907)