CRASH_RECORD_ID,RD_NO,CRASH_DATE_EST_I,CRASH_DATE,POSTED_SPEED_LIMIT,TRAFFIC_CONTROL_DEVICE,DEVICE_CONDITION,WEATHER_CONDITION,LIGHTING_CONDITION,FIRST_CRASH_TYPE,TRAFFICWAY_TYPE,LANE_CNT,ALIGNMENT,ROADWAY_SURFACE_COND,ROAD_DEFECT,REPORT_TYPE,CRASH_TYPE,INTERSECTION_RELATED_I,NOT_RIGHT_OF_WAY_I,HIT_AND_RUN_I,DAMAGE,DATE_POLICE_NOTIFIED,PRIM_CONTRIBUTORY_CAUSE,SEC_CONTRIBUTORY_CAUSE,STREET_NO,STREET_DIRECTION,STREET_NAME,BEAT_OF_OCCURRENCE,PHOTOS_TAKEN_I,STATEMENTS_TAKEN_I,DOORING_I,WORK_ZONE_I,WORK_ZONE_TYPE,WORKERS_PRESENT_I,NUM_UNITS,MOST_SEVERE_INJURY,INJURIES_TOTAL,INJURIES_FATAL,INJURIES_INCAPACITATING,INJURIES_NON_INCAPACITATING,INJURIES_REPORTED_NOT_EVIDENT,INJURIES_NO_INDICATION,INJURIES_UNKNOWN,CRASH_HOUR,CRASH_DAY_OF_WEEK,CRASH_MONTH,LATITUDE,LONGITUDE,LOCATION
e3a801c6076e6f2036d16a7f05d983fdbc9e8be8bf67f08e7d9abbe1ad749ed24614608afbb3f8394234eb507dde98544c0899d6480f1cc5be92b152b9f5ec72,JF171016,,3/11/2022 23:52,20,NO CONTROLS,NO CONTROLS,CLEAR,"DARKNESS, LIGHTED ROAD",PARKED MOTOR VEHICLE,NOT DIVIDED,,STRAIGHT AND LEVEL,DRY,NO DEFECTS,ON SCENE,INJURY AND / OR TOW DUE TO CRASH,,,Y,"OVER $1,500",3/11/2022 23:53,FAILING TO REDUCE SPEED TO AVOID CRASH,NOT APPLICABLE,1748,W,CORTLAND ST,1433,,,,,,,2,NO INDICATION OF INJURY,0,0,0,0,0,1,0,23,6,3,41.91614807,-87.67223462,POINT (-87.672234622732 41.916148067794)
4bf30f05771e866bfa3538863d5997510d671ab689af37545eb4a4588b650eecf2a9a15566f3a283b41d67fca5b791dbb686168c914bb11abc8c0267042343bb,JF158726,,2/25/2022 8:00,30,TRAFFIC SIGNAL,FUNCTIONING PROPERLY,UNKNOWN,DAYLIGHT,SIDESWIPE SAME DIRECTION,ONE-WAY,,STRAIGHT AND LEVEL,UNKNOWN,NO DEFECTS,NOT ON SCENE (DESK REPORT),NO INJURY / DRIVE AWAY,Y,,,"$501 - $1,500",2/28/2022 14:25,IMPROPER OVERTAKING/PASSING,NOT APPLICABLE,8700,S,LAFAYETTE AVE,634,,,,,,,2,NO INDICATION OF INJURY,0,0,0,0,0,2,0,8,6,2,41.73616511,-87.62558757,POINT (-87.625587568999 41.736165110086)
5fe5ca38567d73bef5e8338fd60e42f92bc55e8d5aebdefb31ff192df343a9251cbc05851b9d6fc1ebc14d7d32fb1d3b2626c33d9dcfb15f5e51a9f3f914a873,JF149317,,2/18/2022 21:30,20,NO CONTROLS,NO CONTROLS,CLEAR,"DARKNESS, LIGHTED ROAD",FIXED OBJECT,ALLEY,,STRAIGHT AND LEVEL,SNOW OR SLUSH,NO DEFECTS,ON SCENE,NO INJURY / DRIVE AWAY,,,Y,"OVER $1,500",2/19/2022 9:23,UNABLE TO DETERMINE,UNABLE TO DETERMINE,6035,S,PARKSIDE AVE,812,,,,,,,1,NO INDICATION OF INJURY,0,0,0,0,0,1,0,21,6,2,41.78247772,-87.76297601,POINT (-87.762976007665 41.782477720228)
5fee98b1bf103be4740e06b6a50b1a6d637cae685aee67f15d8defb26266424ee16c85e4a076c5fc7c8228bcf9235e127b2596df4c483139d91d5e45fd490d7c,JF148849,,2/18/2022 17:45,30,NO CONTROLS,NO CONTROLS,CLEAR,"DARKNESS, LIGHTED ROAD",TURNING,T-INTERSECTION,,STRAIGHT AND LEVEL,DRY,NO DEFECTS,ON SCENE,NO INJURY / DRIVE AWAY,Y,,,"OVER $1,500",2/18/2022 17:49,IMPROPER TURNING/NO SIGNAL,DRIVING SKILLS/KNOWLEDGE/EXPERIENCE,10199,S,WESTERN AVE,2213,,N,,,,,2,NO INDICATION OF INJURY,0,0,0,0,0,3,0,17,6,2,41.7082925,-87.68153273,POINT (-87.68153272749 41.708292495835)
a52795e256e84d2e8a12ea5181323e0a1d26636e9e15a1667cafea0fdc37683143d7456779201969c3c1c8862291df13cccddec593fd72cc5d2e34edc629d146,JF185165,,3/24/2022 15:42,30,NO CONTROLS,NOT FUNCTIONING,RAIN,DAYLIGHT,OTHER OBJECT,NOT DIVIDED,,STRAIGHT AND LEVEL,WET,NO DEFECTS,ON SCENE,NO INJURY / DRIVE AWAY,,,,"OVER $1,500",3/24/2022 15:44,DISREGARDING OTHER TRAFFIC SIGNS,NOT APPLICABLE,4900,S,RACINE AVE,933,,,,,,,1,NO INDICATION OF INJURY,0,0,0,0,0,1,0,15,5,3,41.80507687,-87.65530071,POINT (-87.655300711279 41.805076868759)
e3ed47f42bfda95f9c158064aac2dd11baa7c77db01b7626b57620c86361fcb57a138612bc8aab5499ae54ab5aec082ca9e2085c182ede96b48b3aa871c88795,JF170914,,3/11/2022 21:00,30,STOP SIGN/FLASHER,FUNCTIONING PROPERLY,CLEAR,"DARKNESS, LIGHTED ROAD",ANGLE,FOUR WAY,,STRAIGHT AND LEVEL,DRY,UNKNOWN,ON SCENE,NO INJURY / DRIVE AWAY,Y,,Y,"OVER $1,500",3/11/2022 21:08,UNABLE TO DETERMINE,UNABLE TO DETERMINE,2500,N,LARAMIE AVE,2515,,,,,,,2,NO INDICATION OF INJURY,0,0,0,0,0,2,0,21,6,3,41.92600643,-87.75636298,POINT (-87.756362982031 41.926006426861)
e3c656326e279de5af8545b6a7cc31951de8970d83502867b05887cef29427617109af2bd5290412fda4661a6027f942dbd4682b9b909db37c15d5a485942f2e,JE477473,,12/14/2021 15:35,25,NO CONTROLS,NO CONTROLS,CLEAR,DAYLIGHT,ANGLE,ALLEY,,STRAIGHT AND LEVEL,DRY,NO DEFECTS,,NO INJURY / DRIVE AWAY,,,,"OVER $1,500",12/14/2021 16:50,FAILING TO YIELD RIGHT-OF-WAY,FAILING TO YIELD RIGHT-OF-WAY,2532,W,79TH PL,835,,,,,,,2,NO INDICATION OF INJURY,0,0,0,0,0,2,0,15,3,12,41.7492463,-87.68656119,POINT (-87.686561189505 41.749246297898)
6068a6d24f8d77ffd5854b2f04cd0f5aad3f73a81356a7ee0eccb8e082bd499afd23cbc8ea9c9a5abe8b8050236701f031d14f86298b92967fdbb38f801d7f64,JF148233,,2/18/2022 8:57,29,NO CONTROLS,NO CONTROLS,CLEAR,DAYLIGHT,REAR END,NOT DIVIDED,,STRAIGHT AND LEVEL,WET,NO DEFECTS,NOT ON SCENE (DESK REPORT),NO INJURY / DRIVE AWAY,,,N,"OVER $1,500",2/18/2022 9:15,FOLLOWING TOO CLOSELY,NOT APPLICABLE,1600,W,79TH ST,611,,,,,,,2,NO INDICATION OF INJURY,0,0,0,0,0,2,0,8,6,2,41.75046576,-87.66347425,POINT (-87.663474253351 41.750465763298)
84672df895714365ad0789b4d32c72e7ddf49294c3bbc14f878f6bc0053151e8f41cc404382469bf8068d7d867c075c101b18fc97048d1642cee6901e9cf8f14,JF163291,,3/4/2022 10:45,30,NO CONTROLS,NO CONTROLS,CLOUDY/OVERCAST,DAYLIGHT,PARKED MOTOR VEHICLE,ONE-WAY,,STRAIGHT AND LEVEL,DRY,NO DEFECTS,NOT ON SCENE (DESK REPORT),NO INJURY / DRIVE AWAY,,,Y,"$501 - $1,500",3/4/2022 16:00,UNABLE TO DETERMINE,UNABLE TO DETERMINE,6200,S,ASHLAND AVE,714,,,,,,,2,NO INDICATION OF INJURY,0,0,0,0,0,2,0,10,6,3,41.78120045,-87.66440654,POINT (-87.66440653932 41.781200449899)
e4749241837a0e902acba0212473f0ef1dd146d7e493bd661617732a268869acf942b5206b52f32a54e3431a6946dbeff0d40811fa9fa8eebd1de16575e7595a,JF170792,,3/11/2022 17:00,30,NO CONTROLS,NO CONTROLS,CLEAR,DAYLIGHT,REAR END,DIVIDED - W/MEDIAN (NOT RAISED),,STRAIGHT AND LEVEL,DRY,NO DEFECTS,NOT ON SCENE (DESK REPORT),NO INJURY / DRIVE AWAY,,,Y,"OVER $1,500",3/11/2022 18:30,UNABLE TO DETERMINE,NOT APPLICABLE,2530,W,47TH ST,922,,,,,,,2,NO INDICATION OF INJURY,0,0,0,0,0,2,0,17,6,3,41.80848779,-87.68824031,POINT (-87.688240308941 41.808487792889)
84960dfac1d1910db29e8a9d62947847549f7b1cd294b1b730135fca6c2055e651951036fef2642d6b97ef2f93bf2aed3885a79cdc87e2158f4e4f9fd209a988,JE275164,Y,6/22/2021 7:40,25,NO CONTROLS,NO CONTROLS,UNKNOWN,UNKNOWN,PARKED MOTOR VEHICLE,ONE-WAY,,STRAIGHT AND LEVEL,UNKNOWN,UNKNOWN,,NO INJURY / DRIVE AWAY,,,Y,"OVER $1,500",6/22/2021 8:00,UNABLE TO DETERMINE,UNABLE TO DETERMINE,8901,S,ADA ST,2222,,,,,,,2,NO INDICATION OF INJURY,0,0,0,0,0,1,0,7,3,6,41.73203845,-87.65672982,POINT (-87.656729817858 41.73203844993)
8e217e576ae0ed2f7f602af3e98531665075f98efbd946e122d8f18f4c7eb4cfd644f688e0c613e9c55addbd5401f9ad88fb2e9a286f3502e2f638f5eea4f2c8,JE117267,,1/19/2021 16:07,30,NO CONTROLS,NO CONTROLS,SNOW,DAYLIGHT,ANGLE,DIVIDED - W/MEDIAN (NOT RAISED),,STRAIGHT AND LEVEL,UNKNOWN,NO DEFECTS,,INJURY AND / OR TOW DUE TO CRASH,,,,"OVER $1,500",1/19/2021 16:07,UNABLE TO DETERMINE,NOT APPLICABLE,3945,N,ELSTON AVE,1732,,,,,,,3,NO INDICATION OF INJURY,0,0,0,0,0,3,0,16,3,1,41.95279475,-87.71762142,POINT (-87.717621415251 41.952794748807)
6133c7ae084675db5b6026fdb70e955bfb104458aec7262e85be9396e6ffa765ff544f0b6d017bdd432a9aebbabde2fc19f4c63b3617eae1a4023cad4f276b3a,JF148534,,2/18/2022 13:02,30,NO CONTROLS,NO CONTROLS,CLEAR,DAYLIGHT,REAR END,DIVIDED - W/MEDIAN (NOT RAISED),,STRAIGHT AND LEVEL,WET,NO DEFECTS,NOT ON SCENE (DESK REPORT),NO INJURY / DRIVE AWAY,,,,"OVER $1,500",2/18/2022 13:20,NOT APPLICABLE,NOT APPLICABLE,4531,W,PETERSON AVE,1711,,,,,,,2,NO INDICATION OF INJURY,0,0,0,0,0,2,0,13,6,2,41.98986162,-87.74203049,POINT (-87.742030486361 41.989861617636)
a643e76c338520d4f181352556bacbfd457b55a055b0abe7d43336d997300d0bd65ec3de97c78068c56679f6eadfe47f853b1febf3c786247e20ac52721da55b,JF185294,,3/24/2022 16:36,30,NO CONTROLS,NO CONTROLS,RAIN,DAYLIGHT,PARKED MOTOR VEHICLE,ONE-WAY,,STRAIGHT AND LEVEL,WET,NO DEFECTS,ON SCENE,NO INJURY / DRIVE AWAY,,,,"OVER $1,500",3/24/2022 17:02,IMPROPER OVERTAKING/PASSING,UNABLE TO DETERMINE,2005,W,BYRON ST,1921,,,,,,,2,NO INDICATION OF INJURY,0,0,0,0,0,1,0,16,5,3,41.95221965,-87.67892964,POINT (-87.678929643018 41.952219653406)
e5751c4ff8c6414778421adaf86e464ab9680fa21971412b0a92a79d33c8056e3625292bfb7e17f44e293399877016a831ba1736f8f0af5511e9b4d81bfdb63f,JF170142,,3/11/2022 7:30,20,NO CONTROLS,NO CONTROLS,SNOW,DAYLIGHT,SIDESWIPE SAME DIRECTION,ONE-WAY,,STRAIGHT AND LEVEL,SNOW OR SLUSH,NO DEFECTS,NOT ON SCENE (DESK REPORT),NO INJURY / DRIVE AWAY,,,,"OVER $1,500",3/11/2022 9:00,UNABLE TO DETERMINE,NOT APPLICABLE,10820,S,PROSPECT AVE,2212,,,,,,,2,NO INDICATION OF INJURY,0,0,0,0,0,2,0,7,6,3,41.6969002,-87.66317471,POINT (-87.663174709637 41.696900201793)
860b63c85a1ebe3e320daa1a5646031d36abe5679769407be8c17dabc04c7a0ebaee2e100fd5cec95f1463cf0601f8fdeb8d257d2f593253fa571662b2214cad,JF163560,,3/4/2022 19:20,30,NO CONTROLS,NO CONTROLS,CLEAR,"DARKNESS, LIGHTED ROAD",ANGLE,NOT DIVIDED,,STRAIGHT AND LEVEL,DRY,NO DEFECTS,NOT ON SCENE (DESK REPORT),NO INJURY / DRIVE AWAY,,,,"OVER $1,500",3/4/2022 19:38,FAILING TO YIELD RIGHT-OF-WAY,FAILING TO YIELD RIGHT-OF-WAY,6745,S,PULASKI RD,833,,,,,,,2,NO INDICATION OF INJURY,0,0,0,0,0,2,0,19,6,3,41.77004011,-87.72239405,POINT (-87.722394053567 41.770040111761)
62436f7818d43b2e88e7126bb85a19a667556037a78a2715530d24407cf0cad52cabf45c2c94580d2b9b6a90d0cda294ab2b0d76de27a23126225d75d75b19ea,JF148888,,2/18/2022 17:30,30,TRAFFIC SIGNAL,FUNCTIONING PROPERLY,CLEAR,"DARKNESS, LIGHTED ROAD",REAR END,NOT DIVIDED,,STRAIGHT AND LEVEL,WET,NO DEFECTS,NOT ON SCENE (DESK REPORT),NO INJURY / DRIVE AWAY,,,,"OVER $1,500",2/18/2022 18:45,DRIVING SKILLS/KNOWLEDGE/EXPERIENCE,NOT APPLICABLE,112,W,87TH ST,622,,,,,,,2,NO INDICATION OF INJURY,0,0,0,0,0,2,0,17,6,2,41.73638005,-87.62750922,POINT (-87.627509219026 41.736380045588)
4d9f9002bcd25e0abd3ca443b234f078efbace318f244a36b3622c9d81aad2d8fb3efc41acd248c262832652881e7eb61bfa5d10b33a2b84b84ce93c25bb84c9,JF155424,,2/25/2022 9:00,30,TRAFFIC SIGNAL,FUNCTIONING PROPERLY,SNOW,DAYLIGHT,REAR END,FOUR WAY,,STRAIGHT AND LEVEL,WET,UNKNOWN,ON SCENE,INJURY AND / OR TOW DUE TO CRASH,Y,,Y,"OVER $1,500",2/25/2022 9:01,UNABLE TO DETERMINE,UNABLE TO DETERMINE,1,S,LARAMIE AVE,1533,,,,,,,2,"REPORTED, NOT EVIDENT",3,0,0,0,3,1,0,9,6,2,41.88032481,-87.7549184,POINT (-87.754918396312 41.880324805598)
85e924421ec5d4e4f6b937c2ac377bb392b091b4d3ff9d4655c08b9d29b036d6ffd1ed672fb9e4279709aa225d6beb5e78a719bb602c0929a2340cbe2d926d48,JE192710,,4/7/2021 18:00,30,NO CONTROLS,NO CONTROLS,CLEAR,DAYLIGHT,SIDESWIPE SAME DIRECTION,NOT DIVIDED,,STRAIGHT AND LEVEL,DRY,NO DEFECTS,,NO INJURY / DRIVE AWAY,,,,"OVER $1,500",4/7/2021 18:38,IMPROPER OVERTAKING/PASSING,NOT APPLICABLE,2415,W,DIVERSEY AVE,1411,,,,,,,2,NO INDICATION OF INJURY,0,0,0,0,0,3,0,18,4,4,41.93205236,-87.68854454,POINT (-87.688544543026 41.932052357464)
e5b5dfa21fa8f335d3c79a303af4446eeab46736a35732b99870e3bdf10e9f8277aa2ea99bd606db6b18b30438f3c6baa5b78639654198b2ee6808b1707f983e,JC430681,,9/12/2019 18:06,30,STOP SIGN/FLASHER,FUNCTIONING PROPERLY,CLEAR,DAYLIGHT,TURNING,UNKNOWN INTERSECTION TYPE,,STRAIGHT AND LEVEL,DRY,NO DEFECTS,,NO INJURY / DRIVE AWAY,Y,,,"OVER $1,500",9/12/2019 18:06,FAILING TO YIELD RIGHT-OF-WAY,UNABLE TO DETERMINE,759,N,PINE AVE,1524,N,N,,,,,2,NO INDICATION OF INJURY,0,0,0,0,0,4,0,18,5,9,41.89471596,-87.76341542,POINT (-87.76341541823 41.894715957435)
e5d11e54eb4b353c718d0afb63f1501f8bc67df9744b530de2a5240aa3bc200538d4a10efa630310ecacef04ac25a22a3c2d08aefbb5ab9bdc054dbe6376aba0,JE274804,,6/21/2021 19:42,30,NO CONTROLS,NO CONTROLS,CLEAR,DAYLIGHT,TURNING,NOT DIVIDED,,STRAIGHT AND LEVEL,DRY,NO DEFECTS,,INJURY AND / OR TOW DUE TO CRASH,,,,"OVER $1,500",6/21/2021 19:42,IMPROPER TURNING/NO SIGNAL,UNABLE TO DETERMINE,5118,W,ROOSEVELT RD,1533,,,,,,,2,NONINCAPACITATING INJURY,1,0,0,1,0,1,0,19,2,6,41.86588579,-87.75280755,POINT (-87.752807545947 41.865885784543)
e61066117e396eb6b933676a5bd90df817891ee4c6863f495845a60e301161d12aacec739ced04c9b76a71a508b3c0c0c5bab5a5df9e248f14f5deacb4bf8f2e,JF170465,,3/11/2022 10:16,30,NO CONTROLS,NO CONTROLS,CLEAR,DAYLIGHT,REAR END,NOT DIVIDED,,STRAIGHT AND LEVEL,DRY,NO DEFECTS,NOT ON SCENE (DESK REPORT),NO INJURY / DRIVE AWAY,,,,"OVER $1,500",3/11/2022 13:10,"OPERATING VEHICLE IN ERRATIC, RECKLESS, CARELESS, NEGLIGENT OR AGGRESSIVE MANNER",NOT APPLICABLE,1111,S,CICERO AVE,1131,,,,,,,2,NO INDICATION OF INJURY,0,0,0,0,0,3,0,10,6,3,41.86705776,-87.74464341,POINT (-87.744643406674 41.867057764342)
8f8416c627535768a4b390d7187993938998f5e4eb572f76a7beb318cd4e56d9cf5687050415310472c8990333b965dfae8371e25109ef7b7e6c41c1fa663ba9,,,4/2/2022 0:51,30,UNKNOWN,UNKNOWN,CLEAR,DUSK,TURNING,NOT DIVIDED,,STRAIGHT AND LEVEL,DRY,UNKNOWN,NOT ON SCENE (DESK REPORT),NO INJURY / DRIVE AWAY,Y,,,"$501 - $1,500",4/2/2022 2:00,IMPROPER OVERTAKING/PASSING,IMPROPER LANE USAGE,1558,W,CERMAK RD,1235,,,,,,,2,NO INDICATION OF INJURY,0,0,0,0,0,3,0,0,7,4,41.85244343,-87.66590805,POINT (-87.665908047989 41.852443432445)
8782ab81f2f7304ce265f027c82000a90f3bee981f081cc9522d9c0b6defc68229ff170afa9f90d40ea0600274249cbb57208f36028efaf6f294b0af9cd0c5e7,JF163587,,3/4/2022 9:00,30,TRAFFIC SIGNAL,FUNCTIONING PROPERLY,CLEAR,DAYLIGHT,REAR END,NOT DIVIDED,,STRAIGHT AND LEVEL,DRY,NO DEFECTS,NOT ON SCENE (DESK REPORT),NO INJURY / DRIVE AWAY,,,,"OVER $1,500",3/4/2022 20:20,NOT APPLICABLE,NOT APPLICABLE,9900,S,STATE ST,511,,,,,,,2,NO INDICATION OF INJURY,0,0,0,0,0,2,0,9,6,3,41.7143156,-87.62371389,POINT (-87.62371389313 41.714315596651)
9017e166da7e311732b1da3600c9bf6515511e4c0f912ee91cdd933f20a9f25e86463fbab4e131b247c63c53e785380d034770afbeeca0a81e2b21e0e026598a,JF178691,,3/18/2022 18:10,30,NO CONTROLS,NO CONTROLS,CLEAR,DAYLIGHT,REAR END,NOT DIVIDED,,STRAIGHT AND LEVEL,WET,NO DEFECTS,ON SCENE,NO INJURY / DRIVE AWAY,,,,"OVER $1,500",3/18/2022 18:11,FOLLOWING TOO CLOSELY,UNABLE TO DETERMINE,3849,W,59TH ST,822,,,,,,,2,NO INDICATION OF INJURY,0,0,0,0,0,3,0,18,6,3,41.78587536,-87.72000138,POINT (-87.720001380078 41.785875360451)
6338bfd81f7f10413a9e772e89012d34cd79d37151be4a40702a0375e53c94c9244dedd1680f330300b6759ac1531a8efc9c6ae0094e9d71d257984ab0c9998a,JF148311,,2/18/2022 8:30,15,NO CONTROLS,NO CONTROLS,CLEAR,DAYLIGHT,TURNING,ALLEY,,STRAIGHT AND LEVEL,SNOW OR SLUSH,NO DEFECTS,ON SCENE,INJURY AND / OR TOW DUE TO CRASH,,,,"OVER $1,500",2/18/2022 10:01,IMPROPER TURNING/NO SIGNAL,NOT APPLICABLE,1398,N,ASHLAND AVE,1433,,,,,,,3,NO INDICATION OF INJURY,0,0,0,0,0,4,0,8,6,2,41.90690599,-87.66773456,POINT (-87.667734556832 41.906905991875)
a79060cbe42a5b378f82f903e5329ed10a271f20590f40b1346bc13b53dc1cd83c7a3afece8382249699764a82b1cae93c25167a18f5a0203091d2ab0f37323a,JF185265,,3/24/2022 15:55,30,NO CONTROLS,NO CONTROLS,RAIN,DAYLIGHT,HEAD ON,NOT DIVIDED,,STRAIGHT AND LEVEL,WET,NO DEFECTS,ON SCENE,INJURY AND / OR TOW DUE TO CRASH,,,Y,"OVER $1,500",3/24/2022 16:23,UNABLE TO DETERMINE,NOT APPLICABLE,701,E,46TH ST,221,,,,,,,2,NONINCAPACITATING INJURY,1,0,0,1,0,4,0,15,5,3,41.8112109,-87.60898297,POINT (-87.608982967389 41.811210901777)
9003d6aebe71d7a90b8020ac822beaacf40045937591156490a9f6f16357fdab1ef972734277efac50ec1ea334a85de81d6d3e669173998a8c8a0bb20ac1c516,JD307247,,7/23/2020 12:25,25,NO CONTROLS,NO CONTROLS,CLEAR,DAYLIGHT,SIDESWIPE OPPOSITE DIRECTION,NOT DIVIDED,,STRAIGHT AND LEVEL,DRY,UNKNOWN,,NO INJURY / DRIVE AWAY,,,Y,"OVER $1,500",7/23/2020 14:00,UNABLE TO DETERMINE,UNABLE TO DETERMINE,2352,E,75TH ST,334,,,,,,,2,NO INDICATION OF INJURY,0,0,0,0,0,2,0,12,5,7,41.75909398,-87.56668921,POINT (-87.566689213935 41.75909398024)
a75347d3b645845ac483b3cdc590daa0516eba44b3452709bd5f554d3bc4df539b34fec5a8df18893ba60b2f0f667a2c09fe66d605e2ab4299a6b1c4faf2c1a7,JD296198,,7/13/2020 17:11,35,TRAFFIC SIGNAL,FUNCTIONING PROPERLY,CLEAR,DAYLIGHT,SIDESWIPE SAME DIRECTION,NOT DIVIDED,,STRAIGHT AND LEVEL,DRY,NO DEFECTS,,INJURY AND / OR TOW DUE TO CRASH,,,,"OVER $1,500",7/13/2020 17:11,FAILING TO REDUCE SPEED TO AVOID CRASH,NOT APPLICABLE,599,S,MAPLEWOOD AVE,1135,,,,,,,2,NONINCAPACITATING INJURY,1,0,0,1,0,1,0,17,2,7,41.87390431,-87.69045482,POINT (-87.690454824223 41.873904310329)
881f3b7c7578890d867c382fcde9d785bdaa9198d5a1063cc02c313d8603f648628971ff05276b96d242a924e84e30058913404381e5b6575f1d3403075eb0e2,JF163437,,3/4/2022 17:32,30,NO CONTROLS,NO CONTROLS,CLEAR,DAYLIGHT,SIDESWIPE SAME DIRECTION,NOT DIVIDED,,STRAIGHT AND LEVEL,DRY,NO DEFECTS,ON SCENE,NO INJURY / DRIVE AWAY,,,,"$501 - $1,500",3/4/2022 17:35,FOLLOWING TOO CLOSELY,NOT APPLICABLE,730,S,CLARK ST,123,,,,,,,2,NO INDICATION OF INJURY,0,0,0,0,0,2,0,17,6,3,41.87278061,-87.63077151,POINT (-87.63077151243 41.872780614066)
63b6d8389e9670d56cbf6051d602b06358352d2992178d345086ec7f7c7f822777a7aa9f422319cdaa00425bc88cfe3159e203d12a9ac3d34f6f05a8209bb461,JF148560,,2/18/2022 13:30,20,TRAFFIC SIGNAL,FUNCTIONING PROPERLY,CLEAR,DAYLIGHT,PEDESTRIAN,T-INTERSECTION,,STRAIGHT AND LEVEL,SNOW OR SLUSH,NO DEFECTS,ON SCENE,INJURY AND / OR TOW DUE TO CRASH,Y,,,$500 OR LESS,2/18/2022 13:36,FAILING TO YIELD RIGHT-OF-WAY,NOT APPLICABLE,3237,N,LAKE SHORE DR,1925,,,,,,,2,NONINCAPACITATING INJURY,1,0,0,1,0,1,0,13,6,2,41.9412565,-87.63943296,POINT (-87.639432954817 41.9412565008)
889eca991cb7d3acf88be022d98db2758780ef83c4d1edf06fec35eac7b6b24a830425e0da40d96670f2af0e48f0a63e793bc9643586838fcde851800a591ddf,JF163397,,3/4/2022 16:00,30,TRAFFIC SIGNAL,FUNCTIONING IMPROPERLY,CLEAR,DAYLIGHT,TURNING,NOT DIVIDED,,STRAIGHT AND LEVEL,DRY,NO DEFECTS,ON SCENE,NO INJURY / DRIVE AWAY,Y,,Y,"OVER $1,500",3/4/2022 16:54,IMPROPER TURNING/NO SIGNAL,FAILING TO YIELD RIGHT-OF-WAY,1901,N,ASHLAND AVE,1433,,,,,,,3,NO INDICATION OF INJURY,0,0,0,0,0,3,0,16,6,3,41.91614352,-87.66765347,POINT (-87.667653472958 41.91614352094)
e6bffd3f7d2bfeaeac73cbbf2660dfde550a6586c5d60ee7b395f4469ad884f81b73b686c818542ed9d8f603d0ad9e9bec5f8583841000712c1d7f9a8485e0ec,JF171006,,3/11/2022 23:47,35,TRAFFIC SIGNAL,FUNCTIONING PROPERLY,CLEAR,"DARKNESS, LIGHTED ROAD",REAR TO SIDE,DIVIDED - W/MEDIAN (NOT RAISED),,STRAIGHT AND LEVEL,DRY,NO DEFECTS,ON SCENE,INJURY AND / OR TOW DUE TO CRASH,Y,,,"OVER $1,500",3/11/2022 23:56,FAILING TO YIELD RIGHT-OF-WAY,UNABLE TO DETERMINE,5899,N,CUMBERLAND AVE,1614,,,,,,,2,INCAPACITATING INJURY,1,0,1,0,0,1,0,23,6,3,41.98638297,-87.83643375,POINT (-87.836433753977 41.98638296862)
8670e8cd7d36e5aea29d5a232cf99ed78fc7a8ef4987f71867ac0894bf0b1096419864afc753d3a22c34b55431ad39429e5c09b72bca3494149886d24d37a9b5,JD395955,,10/11/2020 13:17,30,TRAFFIC SIGNAL,FUNCTIONING PROPERLY,CLEAR,DAYLIGHT,PEDESTRIAN,T-INTERSECTION,,STRAIGHT AND LEVEL,DRY,NO DEFECTS,,INJURY AND / OR TOW DUE TO CRASH,Y,,Y,$500 OR LESS,10/11/2020 13:20,FAILING TO YIELD RIGHT-OF-WAY,DISREGARDING TRAFFIC SIGNALS,1745,N,SHEFFIELD AVE,1813,,,,,,,2,NONINCAPACITATING INJURY,1,0,0,1,0,1,0,13,1,10,41.91319516,-87.65304469,POINT (-87.653044692303 41.913195155596)
87db4f6e1d9ff920185aed5b20ebebefc73187514fdc25035d378f1bb2e7562ec8482b263628313fe6bc10ea913b0132fad4d330116224107732423d634fabaa,JC485014,,10/24/2019 17:00,30,NO CONTROLS,NO CONTROLS,CLEAR,DAYLIGHT,SIDESWIPE SAME DIRECTION,DIVIDED - W/MEDIAN (NOT RAISED),,STRAIGHT AND LEVEL,DRY,NO DEFECTS,,NO INJURY / DRIVE AWAY,,,,"OVER $1,500",10/24/2019 17:20,IMPROPER BACKING,IMPROPER LANE USAGE,2134,S,INDIANA AVE,132,,,,,,,2,NO INDICATION OF INJURY,0,0,0,0,0,2,0,17,5,10,41.8532001,-87.6223845,POINT (-87.622384496065 41.853200096932)
5094941388cb2d104252020d2ac3645e994376694f28057a209f6c2b29192012712e15496a82b02151d85f227f3ba100df8789129518e4ee785d78ab9888e26e,JF156160,,2/25/2022 21:15,30,TRAFFIC SIGNAL,FUNCTIONING PROPERLY,CLEAR,"DARKNESS, LIGHTED ROAD",REAR END,DIVIDED - W/MEDIAN (NOT RAISED),,STRAIGHT AND LEVEL,WET,NO DEFECTS,NOT ON SCENE (DESK REPORT),NO INJURY / DRIVE AWAY,,,Y,"$501 - $1,500",2/25/2022 21:30,FOLLOWING TOO CLOSELY,NOT APPLICABLE,1198,S,HALSTED ST,1232,,,,,,,2,NO INDICATION OF INJURY,0,0,0,0,0,2,0,21,6,2,41.86723997,-87.6470655,POINT (-87.647065496446 41.86723997334)