CRASH_RECORD_ID,RD_NO,CRASH_DATE_EST_I,CRASH_DATE,POSTED_SPEED_LIMIT,TRAFFIC_CONTROL_DEVICE,DEVICE_CONDITION,WEATHER_CONDITION,LIGHTING_CONDITION,FIRST_CRASH_TYPE,TRAFFICWAY_TYPE,LANE_CNT,ALIGNMENT,ROADWAY_SURFACE_COND,ROAD_DEFECT,REPORT_TYPE,CRASH_TYPE,INTERSECTION_RELATED_I,NOT_RIGHT_OF_WAY_I,HIT_AND_RUN_I,DAMAGE,DATE_POLICE_NOTIFIED,PRIM_CONTRIBUTORY_CAUSE,SEC_CONTRIBUTORY_CAUSE,STREET_NO,STREET_DIRECTION,STREET_NAME,BEAT_OF_OCCURRENCE,PHOTOS_TAKEN_I,STATEMENTS_TAKEN_I,DOORING_I,WORK_ZONE_I,WORK_ZONE_TYPE,WORKERS_PRESENT_I,NUM_UNITS,MOST_SEVERE_INJURY,INJURIES_TOTAL,INJURIES_FATAL,INJURIES_INCAPACITATING,INJURIES_NON_INCAPACITATING,INJURIES_REPORTED_NOT_EVIDENT,INJURIES_NO_INDICATION,INJURIES_UNKNOWN,CRASH_HOUR,CRASH_DAY_OF_WEEK,CRASH_MONTH,LATITUDE,LONGITUDE,LOCATION
e6c6f9fc94e6c913bf7e7781b35ea5583f790d4104a9de189f96354fa7d144fe92894b38b084be5bda20f22f62a7882f3d5e6bc28b7ce3ef8966b0f696bda919,JF170246,,3/11/2022 9:30,25,NO CONTROLS,NO CONTROLS,CLEAR,DAYLIGHT,PARKED MOTOR VEHICLE,NOT DIVIDED,,STRAIGHT AND LEVEL,DRY,NO DEFECTS,ON SCENE,NO INJURY / DRIVE AWAY,,,Y,"OVER $1,500",3/11/2022 10:15,UNABLE TO DETERMINE,UNABLE TO DETERMINE,5856,W,LELAND AVE,1622,,,,,,,2,NO INDICATION OF INJURY,0,0,0,0,0,1,0,9,6,3,41.96597336,-87.77462183,POINT (-87.774621831624 41.965973360098)
88f3ed2a86b5f7759128993a37cfedc825c6a1dcd613844ac53c893db8be20814786e62ff4ac5c23888256b470cd3839c9e09d7efb9c27df923e7c4e485ed608,JF163358,,3/4/2022 16:16,35,STOP SIGN/FLASHER,FUNCTIONING PROPERLY,CLEAR,DAYLIGHT,ANGLE,DIVIDED - W/MEDIAN BARRIER,,STRAIGHT AND LEVEL,DRY,NO DEFECTS,ON SCENE,INJURY AND / OR TOW DUE TO CRASH,Y,,,"OVER $1,500",3/4/2022 16:17,NOT APPLICABLE,NOT APPLICABLE,7900,S,CENTRAL PARK AVE,834,,,,,,,2,NONINCAPACITATING INJURY,1,0,0,1,0,5,0,16,6,3,41.74955218,-87.71203736,POINT (-87.712037360606 41.749552179402)
5097a0a60672e98875cd5c1c5d860233f593d9f13a44d2313a8ee84a1b27a6ef903eb21beee18006fd6c976ba20ff43ad05a03e71e7be20c2775e4b921c4d6f8,JE337101,,8/12/2021 0:15,10,NO CONTROLS,NO CONTROLS,CLEAR,DAYLIGHT,PARKED MOTOR VEHICLE,PARKING LOT,,STRAIGHT AND LEVEL,DRY,NO DEFECTS,,INJURY AND / OR TOW DUE TO CRASH,,Y,Y,"OVER $1,500",8/14/2021 12:20,UNABLE TO DETERMINE,NOT APPLICABLE,1346,E,75TH ST,324,,,,,,,2,NO INDICATION OF INJURY,0,0,0,0,0,1,0,0,5,8,41.75882789,-87.59136613,POINT (-87.591366126765 41.758827894434)
50a247d51471957c54aaaac87a644c878f4ed4ae804e1bde630943bf67318f8faf1e51b44141b1481ed1fc7a5d989162c1e5843e3bd96931a12057b3b8bed3d4,JD138705,,2/2/2020 18:54,20,NO CONTROLS,NO CONTROLS,UNKNOWN,UNKNOWN,PARKED MOTOR VEHICLE,ONE-WAY,,STRAIGHT AND LEVEL,UNKNOWN,UNKNOWN,,NO INJURY / DRIVE AWAY,,,Y,$500 OR LESS,2/3/2020 15:30,UNABLE TO DETERMINE,UNABLE TO DETERMINE,100,W,ILLINOIS ST,1831,,,,,,,2,NO INDICATION OF INJURY,0,0,0,0,0,3,0,18,1,2,41.89093247,-87.63118089,POINT (-87.631180891189 41.89093246868)
e6f0d77f05a5b6d2eef60a8eaa74860d9eaffd8c1bb1403b547ebf95bc001cdef01b0c29f2b90e569d13ebb61b3943ef3b374b737f3779f3922c964480d61ea6,JD294801,,7/12/2020 11:30,30,NO CONTROLS,NO CONTROLS,CLEAR,DAYLIGHT,PARKED MOTOR VEHICLE,NOT DIVIDED,,STRAIGHT AND LEVEL,DRY,NO DEFECTS,,INJURY AND / OR TOW DUE TO CRASH,,,,"OVER $1,500",7/12/2020 11:35,DRIVING ON WRONG SIDE/WRONG WAY,DRIVING ON WRONG SIDE/WRONG WAY,3250,N,PULASKI RD,1731,,,,,,,3,"REPORTED, NOT EVIDENT",1,0,0,0,1,0,0,11,1,7,41.94053843,-87.72737182,POINT (-87.727371821495 41.940538428893)
5159583fb8588661d1b997d3d35dd1f397288383eb39150ad149ee003f7614498b10ac97f87f12dd1fcf21511571fcf88a8cd9c3d771b734e5fa8d2507a31028,JF155787,,2/25/2022 13:50,30,NO CONTROLS,NO CONTROLS,CLEAR,DAYLIGHT,REAR TO FRONT,NOT DIVIDED,,STRAIGHT AND LEVEL,DRY,NO DEFECTS,NOT ON SCENE (DESK REPORT),NO INJURY / DRIVE AWAY,,,,"OVER $1,500",2/25/2022 15:09,IMPROPER BACKING,IMPROPER BACKING,3420,W,76TH PL,835,,,,,,,2,NO INDICATION OF INJURY,0,0,0,0,0,2,0,13,6,2,41.75471039,-87.70833313,POINT (-87.708333132701 41.754710384771)
a7a44e2dc746de99cb7aef8b800fa364282205cd46b14f3cecdd6b7dd6a651d01d4b1aa6deba9ae4864deafdde1b4406ad8d948b641450f8e829233ab8eba5ab,JF185397,,3/24/2022 12:50,30,TRAFFIC SIGNAL,FUNCTIONING PROPERLY,RAIN,DAYLIGHT,REAR END,NOT DIVIDED,,STRAIGHT AND LEVEL,WET,NO DEFECTS,NOT ON SCENE (DESK REPORT),NO INJURY / DRIVE AWAY,,,,"OVER $1,500",3/24/2022 18:17,UNABLE TO DETERMINE,NOT APPLICABLE,1615,W,74TH ST,735,,,,,,,3,NO INDICATION OF INJURY,0,0,0,0,0,3,0,12,5,3,41.75933963,-87.66426028,POINT (-87.664260279821 41.759339634341)
a8181305abda0cf59e9c33a4ef4e49fcbb98264cbd2912b96bd6301b66c3ae511be2ff9e4a975141a035e3824784f7978a1d87ff01714f241a0bd377d60b6f30,JF185961,,3/24/2022 11:43,25,NO CONTROLS,NO CONTROLS,CLOUDY/OVERCAST,DAYLIGHT,REAR END,NOT DIVIDED,,STRAIGHT AND LEVEL,DRY,NO DEFECTS,NOT ON SCENE (DESK REPORT),NO INJURY / DRIVE AWAY,,,,"OVER $1,500",3/25/2022 10:15,FOLLOWING TOO CLOSELY,FOLLOWING TOO CLOSELY,2131,N,KEDZIE AVE,1414,,,,,,,2,NO INDICATION OF INJURY,0,0,0,0,0,2,0,11,5,3,41.9202234,-87.7069158,POINT (-87.706915796556 41.920223402038)
905d1a06725f948c0183d1b1db92efe115ce0a3bb0b66733e8733bb04966c65d4b9e3b7d3a1ab56c4cf03e89eb9af51243e39dbc237c4187884b087a9f5a8c5c,JE304773,,7/17/2021 17:00,30,TRAFFIC SIGNAL,FUNCTIONING PROPERLY,CLEAR,DAYLIGHT,ANGLE,FOUR WAY,,STRAIGHT AND LEVEL,DRY,UNKNOWN,,INJURY AND / OR TOW DUE TO CRASH,Y,,,"OVER $1,500",7/17/2021 17:00,UNABLE TO DETERMINE,DRIVING SKILLS/KNOWLEDGE/EXPERIENCE,2300,W,WASHINGTON BLVD,1223,,,,,,,2,NO INDICATION OF INJURY,0,0,0,0,0,2,0,17,7,7,41.8831362,-87.68413938,POINT (-87.684139376199 41.883136203368)
9075536c0657b26674a1ae078af2f78d11fa96849ee0a496a18a32c4f338c71181ed7d5473b11ece4022d32da5a71def71d0a43e6ea6f598a39523bb71570ac9,JE276742,,6/23/2021 12:23,30,STOP SIGN/FLASHER,FUNCTIONING PROPERLY,CLEAR,DAYLIGHT,PEDESTRIAN,ONE-WAY,,STRAIGHT AND LEVEL,DRY,NO DEFECTS,,INJURY AND / OR TOW DUE TO CRASH,Y,,,$500 OR LESS,6/23/2021 12:23,UNABLE TO DETERMINE,UNABLE TO DETERMINE,5300,W,CRYSTAL ST,2532,,,,,,,2,"REPORTED, NOT EVIDENT",1,0,0,0,1,1,0,12,4,6,41.90323692,-87.75840834,POINT (-87.758408335472 41.903236922715)
a7b87ca8ddaeb1f46f922f01e81ab6b0f809b491cf9e9aa08bfb835ac6215dbb7cee1cc77625e4b7275011d013eb8c6fb415dd6a0151983f3bc80f0accc89f63,JD234116,,5/16/2020 13:20,30,NO CONTROLS,NO CONTROLS,CLEAR,DAYLIGHT,PARKED MOTOR VEHICLE,NOT DIVIDED,,STRAIGHT AND LEVEL,DRY,NO DEFECTS,,NO INJURY / DRIVE AWAY,,,Y,"OVER $1,500",5/16/2020 13:33,UNABLE TO DETERMINE,UNABLE TO DETERMINE,11256,S,LANGLEY AVE,531,,,,,,,2,NO INDICATION OF INJURY,0,0,0,0,0,2,0,13,7,5,41.68957366,-87.60607854,POINT (-87.606078536029 41.689573662198)
e828d2d594a71ef102f1ac48aa34ec439a9827bb717ca783ca11f8d36f9e399736d5e8b4c18a13f81ef15608385375345ad0e26cddf439130765bcb2cad9d515,JF170243,,3/11/2022 10:05,30,TRAFFIC SIGNAL,FUNCTIONING PROPERLY,CLEAR,DAYLIGHT,PEDALCYCLIST,FOUR WAY,,STRAIGHT AND LEVEL,DRY,NO DEFECTS,NOT ON SCENE (DESK REPORT),NO INJURY / DRIVE AWAY,,,,$500 OR LESS,3/11/2022 10:30,UNABLE TO DETERMINE,NOT APPLICABLE,600,W,WILSON DR,1914,,,,,,,2,NO INDICATION OF INJURY,0,0,0,0,0,2,0,10,6,3,41.96596198,-87.64581668,POINT (-87.645816675225 41.965961976146)
9127d171217536a98af875293f70c2e262ce6ca191e7751656cadda37755c485940954b2f50f0953293fb9c393d59bdbbe8326a88d31ea4d038f04005a65473e,JF177984,,3/18/2022 8:45,30,NO CONTROLS,NO CONTROLS,CLOUDY/OVERCAST,DAYLIGHT,SIDESWIPE SAME DIRECTION,DIVIDED - W/MEDIAN (NOT RAISED),,STRAIGHT AND LEVEL,DRY,UNKNOWN,ON SCENE,NO INJURY / DRIVE AWAY,,,Y,"$501 - $1,500",3/18/2022 8:51,IMPROPER TURNING/NO SIGNAL,FAILING TO REDUCE SPEED TO AVOID CRASH,5035,W,NORTH AVE,2533,,,,,,,2,NO INDICATION OF INJURY,0,0,0,0,0,2,0,8,6,3,41.90943447,-87.75239306,POINT (-87.752393058335 41.909434466104)
65c8d6453113129d50327c1443087dbca891555f9ac013cc49fd85190bd0dacdd80c1a5971971e167f437a8c2873c9202be7fdc5c41788c8c7e14dbf712d3d7d,JF148796,,2/18/2022 16:40,30,TRAFFIC SIGNAL,FUNCTIONING PROPERLY,CLEAR,DAYLIGHT,REAR END,NOT DIVIDED,,STRAIGHT AND LEVEL,SNOW OR SLUSH,NO DEFECTS,NOT ON SCENE (DESK REPORT),NO INJURY / DRIVE AWAY,N,,,"OVER $1,500",2/18/2022 17:15,UNABLE TO DETERMINE,NOT APPLICABLE,4630,N,MILWAUKEE AVE,1623,,,,,,,2,NO INDICATION OF INJURY,0,0,0,0,0,3,0,16,6,2,41.96478289,-87.7582487,POINT (-87.758248700129 41.964782885585)
aa4f5db1d1996def4e8d65b90493bd89506a2ea27f40319dbd6acb1516b9e1806110acd7577ca484151e0339b54c8d40407e57dc6f2ef8a9c7956c2cd3a0b5e0,JF185378,Y,3/24/2022 9:00,30,UNKNOWN,UNKNOWN,FOG/SMOKE/HAZE,DAYLIGHT,PEDALCYCLIST,NOT DIVIDED,,STRAIGHT AND LEVEL,WET,UNKNOWN,NOT ON SCENE (DESK REPORT),INJURY AND / OR TOW DUE TO CRASH,,,,"$501 - $1,500",3/24/2022 17:32,UNABLE TO DETERMINE,FAILING TO YIELD RIGHT-OF-WAY,29,N,FRANKLIN ST,122,,,,,,,2,NONINCAPACITATING INJURY,1,0,0,1,0,1,0,9,5,3,41.88270153,-87.63518094,POINT (-87.635180937084 41.882701527408)
66a5ff65ae16385da84c1f3aa0920e458e5e13bec7a1dc049de1ce13c4e61ebc194c999fa3ff91ad3c3542f882e851b4a32506d2a9d2e24eb28fb4454a62904d,JF148219,,2/18/2022 6:50,35,NO CONTROLS,NO CONTROLS,CLEAR,DAYLIGHT,REAR END,DIVIDED - W/MEDIAN (NOT RAISED),,STRAIGHT AND LEVEL,UNKNOWN,UNKNOWN,NOT ON SCENE (DESK REPORT),NO INJURY / DRIVE AWAY,,,,"OVER $1,500",2/18/2022 8:15,UNABLE TO DETERMINE,UNABLE TO DETERMINE,4465,W,LAWRENCE AVE,1722,,,,,,,2,NO INDICATION OF INJURY,0,0,0,0,0,2,0,6,6,2,41.96799593,-87.74047759,POINT (-87.740477592124 41.967995925323)
8b80ddfd1ba50dd9e461e0db358523c08180444b4c917c44a8e8fb05e74fa1ed19684722a95ea0cdaf70001af7f2f1d32cf048b1b7e16a6615b32334fab4bbef,JF163486,,3/4/2022 18:10,30,NO CONTROLS,NO CONTROLS,CLEAR,"DARKNESS, LIGHTED ROAD",TURNING,NOT DIVIDED,,STRAIGHT AND LEVEL,DRY,NO DEFECTS,ON SCENE,NO INJURY / DRIVE AWAY,,,,"OVER $1,500",3/4/2022 18:21,DRIVING SKILLS/KNOWLEDGE/EXPERIENCE,NOT APPLICABLE,3955,W,ADDISON ST,1732,,,,,,,2,NO INDICATION OF INJURY,0,0,0,0,0,2,0,18,6,3,41.94626617,-87.72717843,POINT (-87.727178434164 41.946266170627)
e85e8ef6bd25d1ad5a5ee0958b94b015a2da388b976b6d9c81f7a60bf1b38c7e9766f61acf66de8646d3f781c65dd943d8834520b16d58dace5e5476f8b72d80,JF170835,,3/11/2022 18:56,35,NO CONTROLS,NO CONTROLS,CLEAR,DARKNESS,TURNING,NOT DIVIDED,,STRAIGHT AND LEVEL,DRY,NO DEFECTS,ON SCENE,INJURY AND / OR TOW DUE TO CRASH,Y,,,"OVER $1,500",3/11/2022 18:59,NOT APPLICABLE,NOT APPLICABLE,7921,W,HIGGINS RD,1614,,,,,,,2,NONINCAPACITATING INJURY,1,0,0,1,0,1,0,18,6,3,41.98471764,-87.82561778,POINT (-87.825617776632 41.984717643136)
52d2076d89cdfa94d0570fc549545c3a2514b41f33f0986f0e2c9b7887a6c344fc6b84c45f97ee28b8fd9f0efaf581a30b5414e812099d2cafc089b01a66823c,JD239670,,5/22/2020 16:40,30,NO CONTROLS,NO CONTROLS,CLEAR,DAYLIGHT,PARKED MOTOR VEHICLE,NOT DIVIDED,,STRAIGHT ON HILLCREST,DRY,NO DEFECTS,,INJURY AND / OR TOW DUE TO CRASH,,,,"OVER $1,500",5/22/2020 16:40,"OPERATING VEHICLE IN ERRATIC, RECKLESS, CARELESS, NEGLIGENT OR AGGRESSIVE MANNER",NOT APPLICABLE,6210,W,PALMER ST,2512,,Y,,,,,2,"REPORTED, NOT EVIDENT",1,0,0,0,1,0,0,16,6,5,41.9209767,-87.78099472,POINT (-87.780994719289 41.920976700162)
8bbb0edef25f4ae165549bd387873035ef9fdbf950601500563e3e84c44fab4207653b1cdec29b75e017ee2e1170803d53b6be8b938d20de9c2c25a02c9cbcf8,JE341613,,8/18/2021 13:30,30,NO CONTROLS,NO CONTROLS,CLEAR,DAYLIGHT,TURNING,DIVIDED - W/MEDIAN (NOT RAISED),,STRAIGHT AND LEVEL,DRY,UNKNOWN,,INJURY AND / OR TOW DUE TO CRASH,,,,"OVER $1,500",8/18/2021 14:30,UNABLE TO DETERMINE,NOT APPLICABLE,5498,N,HARLEM AVE,1613,,,,,,,2,NONINCAPACITATING INJURY,1,0,0,1,0,1,0,13,4,8,41.98102038,-87.80711173,POINT (-87.807111727871 41.981020382487)
e865b088bcfff0385a86ed426c97e0ff8431fb6ba1ddea1973c5ceedc89212f872e67af4cedc636cec547b0b69b1ca86eebaa7d5c46677f91aa0fe1dabb63e91,JD360973,,9/8/2020 17:19,30,TRAFFIC SIGNAL,FUNCTIONING PROPERLY,RAIN,DAYLIGHT,TURNING,FOUR WAY,,STRAIGHT AND LEVEL,WET,UNKNOWN,,NO INJURY / DRIVE AWAY,Y,,,"OVER $1,500",9/8/2020 18:19,FAILING TO YIELD RIGHT-OF-WAY,IMPROPER TURNING/NO SIGNAL,5500,W,MONTROSE AVE,1623,,,,,,,2,NO INDICATION OF INJURY,0,0,0,0,0,3,0,17,3,9,41.96061955,-87.76490394,POINT (-87.764903934707 41.960619552722)
530f0d20cb16fc2576887c9fdead682225b66aed74916642fdf829ccef5078bc38bd230912ac90b8affa5adbb1ce18aa8df635185e9f785be71c40714424b3f8,JF155993,,2/25/2022 17:01,30,TRAFFIC SIGNAL,FUNCTIONING PROPERLY,SNOW,DAYLIGHT,REAR END,DIVIDED - W/MEDIAN (NOT RAISED),,STRAIGHT AND LEVEL,WET,NO DEFECTS,NOT ON SCENE (DESK REPORT),NO INJURY / DRIVE AWAY,Y,,,"OVER $1,500",2/25/2022 17:45,FOLLOWING TOO CLOSELY,WEATHER,2352,W,103RD ST,2213,,,,,,,2,NO INDICATION OF INJURY,0,0,0,0,0,4,0,17,6,2,41.70648625,-87.68131034,POINT (-87.681310343655 41.706486248838)
e89489a2ff6c352cc6f731ae2d06e574bbf0177732383a60272856694e3e7c98dac85bbc9d3e6fc67c6801e199aa81e84de16918fec6497bd5027042c7f0faac,JF170254,,3/11/2022 10:25,30,TRAFFIC SIGNAL,FUNCTIONING PROPERLY,CLEAR,DAYLIGHT,REAR END,NOT DIVIDED,,STRAIGHT AND LEVEL,DRY,NO DEFECTS,ON SCENE,INJURY AND / OR TOW DUE TO CRASH,,,,"OVER $1,500",3/11/2022 10:29,FAILING TO YIELD RIGHT-OF-WAY,DRIVING SKILLS/KNOWLEDGE/EXPERIENCE,3741,S,WESTERN AVE,911,,,,,,,2,NO INDICATION OF INJURY,0,0,0,0,0,2,0,10,6,3,41.82541676,-87.68473998,POINT (-87.684739975785 41.825416760949)
674bf50e53a71fa87c429c8429788223237fdf9e2531e76eb9421c964a5b53b2d22d359ddbb8397c39ca092e77802b9bcd961207c92c789f65af799b3548f1af,JF148648,,2/18/2022 14:10,30,NO CONTROLS,NO CONTROLS,CLEAR,DAYLIGHT,ANGLE,NOT DIVIDED,,STRAIGHT AND LEVEL,WET,NO DEFECTS,NOT ON SCENE (DESK REPORT),NO INJURY / DRIVE AWAY,,,,"OVER $1,500",2/18/2022 15:20,DRIVING SKILLS/KNOWLEDGE/EXPERIENCE,NOT APPLICABLE,8300,S,PULASKI RD,834,,,,,,,2,NO INDICATION OF INJURY,0,0,0,0,0,3,0,14,6,2,41.74213055,-87.7218241,POINT (-87.72182410033 41.742130554062)
533f2b0724c160344ef0d837e31a9f2696a17f8cfb7c69df378483440978cfe8e68244c462c0ab63f9ae32e5e6a72508c0031287acdcc8fc8805c97eb717e4d1,JF156804,,2/25/2022 22:54,30,UNKNOWN,NO CONTROLS,CLEAR,DAYLIGHT,REAR END,NOT DIVIDED,,STRAIGHT AND LEVEL,WET,NO DEFECTS,NOT ON SCENE (DESK REPORT),NO INJURY / DRIVE AWAY,,,,"OVER $1,500",2/26/2022 14:00,FOLLOWING TOO CLOSELY,UNABLE TO DETERMINE,2101,S,HALSTED ST,1235,,,,,,,2,NO INDICATION OF INJURY,0,0,0,0,0,2,0,22,6,2,41.85419128,-87.6463904,POINT (-87.646390403735 41.854191281054)
ab0250d9b53ea52c59201c28ae556049d3083670bfd790ca42d25f4ad09076538b374e772a73aebeb5e27e2c797798d3781f1c1ddc435c12a37d950b7d596321,JE206919,,4/22/2021 15:50,30,NO CONTROLS,NO CONTROLS,CLEAR,DAYLIGHT,REAR END,NOT DIVIDED,,STRAIGHT AND LEVEL,DRY,NO DEFECTS,,NO INJURY / DRIVE AWAY,,,,"$501 - $1,500",4/22/2021 16:53,FOLLOWING TOO CLOSELY,NOT APPLICABLE,5800,W,ADDISON ST,1633,,,,,,,2,NO INDICATION OF INJURY,0,0,0,0,0,2,0,15,5,4,41.94593275,-87.77175303,POINT (-87.771753030971 41.945932750402)
53d68dceb5ec3d40b028f307e757e33e913fc183cac4473e28f4accbed95d3b8d1fb236187955584432fd08006cd29d68614b9868ed60cd08dd62bd5086f8684,JF155532,,2/25/2022 10:20,30,NO CONTROLS,NO CONTROLS,SNOW,DAYLIGHT,OTHER NONCOLLISION,NOT DIVIDED,,STRAIGHT AND LEVEL,WET,NO DEFECTS,ON SCENE,INJURY AND / OR TOW DUE TO CRASH,,,,"OVER $1,500",2/25/2022 10:58,EQUIPMENT - VEHICLE CONDITION,UNABLE TO DETERMINE,630,W,POLK ST,124,N,N,,,,,1,NO INDICATION OF INJURY,0,0,0,0,0,1,0,10,6,2,41.8720835,-87.64358741,POINT (-87.643587410602 41.87208350061)
53d9a7aac45648bb1a07bcc2a000875a88fe64fea01c7bfaf40a6c3db2a53d2eeda3a96f8f28e45277aceeede3734502dd66f48155b66eaeb102969ba9bd8b35,JF155280,,2/25/2022 4:59,30,TRAFFIC SIGNAL,FUNCTIONING PROPERLY,SNOW,"DARKNESS, LIGHTED ROAD",FIXED OBJECT,FOUR WAY,,STRAIGHT AND LEVEL,SNOW OR SLUSH,NO DEFECTS,NOT ON SCENE (DESK REPORT),INJURY AND / OR TOW DUE TO CRASH,Y,,,"OVER $1,500",2/25/2022 5:00,WEATHER,UNABLE TO DETERMINE,8402,W,MONTROSE AVE,1614,,,,,,,1,NO INDICATION OF INJURY,0,0,0,0,0,1,0,4,6,2,41.95946599,-87.83692879,POINT (-87.836928787731 41.95946599048)
ab048cf96c184d0ecc9d7f6a45946920e4f34a237d54089bd16c99e1420d74ff517dc0ab590a6b1152d611e9a2581948c183e195c1e5588eb08667a1cdd83af0,JF185284,,3/24/2022 14:02,30,STOP SIGN/FLASHER,FUNCTIONING PROPERLY,RAIN,DAYLIGHT,REAR END,FOUR WAY,,STRAIGHT AND LEVEL,WET,NO DEFECTS,ON SCENE,INJURY AND / OR TOW DUE TO CRASH,,,Y,$500 OR LESS,3/24/2022 15:56,FOLLOWING TOO CLOSELY,FAILING TO REDUCE SPEED TO AVOID CRASH,1900,N,WHIPPLE ST,1421,,,,,,,2,"REPORTED, NOT EVIDENT",1,0,0,0,1,1,0,14,5,3,41.91568863,-87.70404323,POINT (-87.704043231551 41.915688627149)
53740b3d298bf218de00321d7c659f804fc9e8523fae800ec7358693dac312165e9fca641bf5e0ad2296df68254ad01b155a83497a9b0175823748c00a3c5199,JD155847,,2/18/2020 8:56,30,TRAFFIC SIGNAL,FUNCTIONING PROPERLY,CLEAR,DAYLIGHT,TURNING,ONE-WAY,,STRAIGHT AND LEVEL,DRY,NO DEFECTS,,NO INJURY / DRIVE AWAY,Y,,,"$501 - $1,500",2/18/2020 9:00,IMPROPER OVERTAKING/PASSING,NOT APPLICABLE,335,W,SUPERIOR ST,1831,,,,,,,2,NO INDICATION OF INJURY,0,0,0,0,0,3,0,8,3,2,41.89544526,-87.63707141,POINT (-87.637071411875 41.895445258713)
8cc0ab80640ec481dc8ca4a77377fcb3a100643ac0bbd6d01f326c29a47d58a083d9d67a8baaf1571312e003ce54d9870e054ddd8e06c38063fcc656e64069a0,JD263234,Y,6/13/2020 17:38,30,NO CONTROLS,NO CONTROLS,CLEAR,DAYLIGHT,PARKED MOTOR VEHICLE,NOT DIVIDED,,STRAIGHT AND LEVEL,DRY,NO DEFECTS,,INJURY AND / OR TOW DUE TO CRASH,,,,"OVER $1,500",6/13/2020 17:38,UNDER THE INFLUENCE OF ALCOHOL/DRUGS (USE WHEN ARREST IS EFFECTED),NOT APPLICABLE,5083,N,ELSTON AVE,1621,,,,,,,3,NO INDICATION OF INJURY,0,0,0,0,0,2,0,17,7,6,41.97342102,-87.74855795,POINT (-87.748557951874 41.973421019708)
ab5fca37b8efd4c1ebd309e443b05da6e1ca52c7f1c6ca4eb3ac296dbce6eb7809b52f131b1022cd9538bf2d810fef8b0775b8f20ecd74865b9f414bed817c58,JD393940,,10/9/2020 14:50,30,NO CONTROLS,NO CONTROLS,CLEAR,DAYLIGHT,SIDESWIPE SAME DIRECTION,RAMP,,STRAIGHT ON GRADE,DRY,UNKNOWN,,NO INJURY / DRIVE AWAY,,,,"OVER $1,500",10/9/2020 15:30,UNABLE TO DETERMINE,UNABLE TO DETERMINE,4700,S,LAKE SHORE DR SB,222,,,,,,,2,NO INDICATION OF INJURY,0,0,0,0,0,2,0,14,6,10,41.8105925,-87.58937111,POINT (-87.589371111902 41.810592498867)
abd7d364b8d8feb29357445846ca2ea1502b122190e751fdc9a7a884af3c7244292c1a09fcdf61c58daa4dde17c0f26de45fe7c7929de3ca3f7603443f7c0c47,JF185405,,3/24/2022 18:20,30,NO CONTROLS,NO CONTROLS,RAIN,DAYLIGHT,REAR END,NOT DIVIDED,,STRAIGHT AND LEVEL,WET,NO DEFECTS,ON SCENE,NO INJURY / DRIVE AWAY,,,,"OVER $1,500",3/24/2022 18:24,FOLLOWING TOO CLOSELY,UNABLE TO DETERMINE,1698,W,NORTH AVE,1433,,,,,,,3,NO INDICATION OF INJURY,0,0,0,0,0,3,0,18,5,3,41.91070783,-87.67007594,POINT (-87.670075943708 41.910707824811)
939376e41ccd4f9b44911f2df9548b33cad91ea0305dcfb5c04854a9bed523ad5b57ef248c48b605d3501eece062367be3d94ead46c1a4d5dc5d0e5f680963fc,JF178885,,3/18/2022 23:20,30,NO CONTROLS,NO CONTROLS,RAIN,"DARKNESS, LIGHTED ROAD",SIDESWIPE SAME DIRECTION,NOT DIVIDED,,STRAIGHT AND LEVEL,WET,NO DEFECTS,ON SCENE,NO INJURY / DRIVE AWAY,,,Y,"OVER $1,500",3/18/2022 23:20,UNABLE TO DETERMINE,UNABLE TO DETERMINE,1550,N,PULASKI RD,2534,,,,,,,2,NO INDICATION OF INJURY,0,0,0,0,0,2,0,23,6,3,41.90966335,-87.72656492,POINT (-87.726564918322 41.909663346667)
552702e8dc116554454818a50437dbc4d9af664a1e40951faf0d15235fe4cd3f7161e20ec5adcf3962a4250bcaac3673d682edb6ce55d0d2224e4a789e358244,JF156092,,2/25/2022 19:45,30,TRAFFIC SIGNAL,FUNCTIONING PROPERLY,CLEAR,DARKNESS,SIDESWIPE SAME DIRECTION,NOT DIVIDED,,STRAIGHT AND LEVEL,DRY,NO DEFECTS,NOT ON SCENE (DESK REPORT),NO INJURY / DRIVE AWAY,,,,"OVER $1,500",2/25/2022 20:10,IMPROPER BACKING,NOT APPLICABLE,2398,W,DEVON AVE,2412,,,,,,,2,NO INDICATION OF INJURY,0,0,0,0,0,3,0,19,6,2,41.99784092,-87.68982649,POINT (-87.689826491585 41.997840916288)
93fc3c70e866f5cd8cda53ce5913949686e985eccef94ad2bc20e76785b0a833fd16b3bc107859f9ee65a143c16d051736c9f20206edefed1d0c7ab397a70e44,JF178029,,3/18/2022 9:35,30,NO CONTROLS,NO CONTROLS,CLOUDY/OVERCAST,DAYLIGHT,PARKED MOTOR VEHICLE,DIVIDED - W/MEDIAN (NOT RAISED),,STRAIGHT AND LEVEL,DRY,NO DEFECTS,NOT ON SCENE (DESK REPORT),NO INJURY / DRIVE AWAY,,,,"$501 - $1,500",3/18/2022 9:35,UNABLE TO DETERMINE,UNABLE TO DETERMINE,11315,S,MICHIGAN AVE,531,,,,,,,2,NO INDICATION OF INJURY,0,0,0,0,0,1,0,9,6,3,41.6884993,-87.62085442,POINT (-87.620854422913 41.688499301415)