CRASH_RECORD_ID,RD_NO,CRASH_DATE_EST_I,CRASH_DATE,POSTED_SPEED_LIMIT,TRAFFIC_CONTROL_DEVICE,DEVICE_CONDITION,WEATHER_CONDITION,LIGHTING_CONDITION,FIRST_CRASH_TYPE,TRAFFICWAY_TYPE,LANE_CNT,ALIGNMENT,ROADWAY_SURFACE_COND,ROAD_DEFECT,REPORT_TYPE,CRASH_TYPE,INTERSECTION_RELATED_I,NOT_RIGHT_OF_WAY_I,HIT_AND_RUN_I,DAMAGE,DATE_POLICE_NOTIFIED,PRIM_CONTRIBUTORY_CAUSE,SEC_CONTRIBUTORY_CAUSE,STREET_NO,STREET_DIRECTION,STREET_NAME,BEAT_OF_OCCURRENCE,PHOTOS_TAKEN_I,STATEMENTS_TAKEN_I,DOORING_I,WORK_ZONE_I,WORK_ZONE_TYPE,WORKERS_PRESENT_I,NUM_UNITS,MOST_SEVERE_INJURY,INJURIES_TOTAL,INJURIES_FATAL,INJURIES_INCAPACITATING,INJURIES_NON_INCAPACITATING,INJURIES_REPORTED_NOT_EVIDENT,INJURIES_NO_INDICATION,INJURIES_UNKNOWN,CRASH_HOUR,CRASH_DAY_OF_WEEK,CRASH_MONTH,LATITUDE,LONGITUDE,LOCATION
8d666c74e634e5bb3800c24cce6c7c2e16abbc060edd886a9119acb7ce168b87e281f78187d91af3e86d515e68d844052621fac5fb3fcee81b9ff12b16db1a1b,JF163302,,3/4/2022 15:38,30,STOP SIGN/FLASHER,FUNCTIONING PROPERLY,CLEAR,DAYLIGHT,TURNING,NOT DIVIDED,,STRAIGHT AND LEVEL,DRY,NO DEFECTS,ON SCENE,INJURY AND / OR TOW DUE TO CRASH,Y,,,"OVER $1,500",3/4/2022 15:43,FAILING TO YIELD RIGHT-OF-WAY,UNABLE TO DETERMINE,8759,S,VINCENNES AVE,2223,,,,,,,2,"REPORTED, NOT EVIDENT",1,0,0,0,1,3,0,15,6,3,41.73429112,-87.64568809,POINT (-87.645688088525 41.734291116017)
5553bb1b357b93ebe2bb6173da00165a731c2e4fdb273a04cf57fb720363d20075c4531964f0c4d6962654946d4303f0bd07060fc37d92e1eb4a75e970cd111a,JF155651,,2/25/2022 12:45,30,NO CONTROLS,NO CONTROLS,CLEAR,DAYLIGHT,SIDESWIPE SAME DIRECTION,DIVIDED - W/MEDIAN BARRIER,,STRAIGHT AND LEVEL,SNOW OR SLUSH,NO DEFECTS,ON SCENE,NO INJURY / DRIVE AWAY,,,,"$501 - $1,500",2/25/2022 12:46,DISTRACTION - FROM OUTSIDE VEHICLE,NOT APPLICABLE,2625,N,WESTERN AVE,1432,,,,,,,2,NO INDICATION OF INJURY,0,0,0,0,0,2,0,12,6,2,41.92955626,-87.68766033,POINT (-87.687660330963 41.929556257426)
acc6e23ec554da00497d8a911a2b0bbe0386c73657d2ef3955c28d783d1b0d7b546f16500aaaeeda698d930d420c4a7cfb6482ce2d515c635bd7aee36d67b704,JF185438,,3/24/2022 18:32,30,STOP SIGN/FLASHER,FUNCTIONING PROPERLY,RAIN,DAYLIGHT,ANGLE,ONE-WAY,,STRAIGHT AND LEVEL,WET,UNKNOWN,ON SCENE,INJURY AND / OR TOW DUE TO CRASH,,,,"OVER $1,500",3/24/2022 18:32,DISTRACTION - FROM INSIDE VEHICLE,NOT APPLICABLE,5451,W,VAN BUREN ST,1522,,,,,,,3,NO INDICATION OF INJURY,0,0,0,0,0,5,0,18,5,3,41.87465826,-87.76151569,POINT (-87.761515688247 41.874658255158)
94bd270f9c09ca310c5c6df4952ad137ed5b286974493301ddc02363a5abbcc9d48a91acfd97f542350976a7ba5298c0f57019ddbdc4fc23dbbf993b8547babc,JF178606,,3/18/2022 15:30,30,STOP SIGN/FLASHER,FUNCTIONING PROPERLY,RAIN,DAYLIGHT,ANGLE,NOT DIVIDED,,STRAIGHT AND LEVEL,WET,NO DEFECTS,NOT ON SCENE (DESK REPORT),NO INJURY / DRIVE AWAY,Y,,,"OVER $1,500",3/18/2022 18:00,FAILING TO YIELD RIGHT-OF-WAY,UNABLE TO DETERMINE,1400,N,OAKLEY BLVD,1424,,,,,,,2,NO INDICATION OF INJURY,0,0,0,0,0,2,0,15,6,3,41.90679394,-87.68483636,POINT (-87.684836358853 41.906793940673)
8e26cee376df4f3f8ec0ae6611c154a0a5c7ec36415e71956278589c5a3640bbf31ca1afe5bffe7d2f4db9ddcc91a20b8a3dd9927669a24250b3138bb1b277fb,JF163013,,3/4/2022 11:40,30,TRAFFIC SIGNAL,FUNCTIONING PROPERLY,CLEAR,DAYLIGHT,REAR END,NOT DIVIDED,,STRAIGHT AND LEVEL,DRY,NO DEFECTS,NOT ON SCENE (DESK REPORT),NO INJURY / DRIVE AWAY,,,,"OVER $1,500",3/4/2022 12:30,FOLLOWING TOO CLOSELY,FOLLOWING TOO CLOSELY,288,W,WACKER DR,122,,,,,,,2,NO INDICATION OF INJURY,0,0,0,0,0,2,0,11,6,3,41.88697861,-87.63542964,POINT (-87.635429642384 41.886978609378)
94e9cb3b2d67890db347d41549e7747688b9f7a2145151127aec9ef0e567bda21e4e231762e1bb12fcaa1a8f10c4e16e5bf53fd52c26a8974d46672c4f9d9dda,JF178511,,3/18/2022 16:25,25,STOP SIGN/FLASHER,FUNCTIONING PROPERLY,RAIN,DAYLIGHT,ANGLE,FOUR WAY,,STRAIGHT AND LEVEL,WET,NO DEFECTS,ON SCENE,INJURY AND / OR TOW DUE TO CRASH,Y,,Y,"$501 - $1,500",3/18/2022 16:32,FAILING TO YIELD RIGHT-OF-WAY,FAILING TO YIELD RIGHT-OF-WAY,5800,S,SPAULDING AVE,822,,,,,,,2,NO INDICATION OF INJURY,0,0,0,0,0,3,0,16,6,3,41.78793268,-87.70598958,POINT (-87.705989579249 41.787932681828)
8ee244675f1fb09e6a381c9cb8c922d5bfa768844257e7298130cd4af952f9db07c402b5d84dee84df642226945c4c50fdc4531cfee278ad51a7ed3e1e574d32,JF163155,,3/4/2022 13:35,15,NO CONTROLS,NO CONTROLS,CLEAR,DAYLIGHT,REAR END,PARKING LOT,,STRAIGHT AND LEVEL,DRY,NO DEFECTS,NOT ON SCENE (DESK REPORT),NO INJURY / DRIVE AWAY,,Y,,"$501 - $1,500",3/4/2022 14:30,"OPERATING VEHICLE IN ERRATIC, RECKLESS, CARELESS, NEGLIGENT OR AGGRESSIVE MANNER","OPERATING VEHICLE IN ERRATIC, RECKLESS, CARELESS, NEGLIGENT OR AGGRESSIVE MANNER",4733,W,76TH ST,833,,,,,,,2,NO INDICATION OF INJURY,0,0,0,0,0,2,0,13,6,3,41.75423733,-87.74051786,POINT (-87.740517860834 41.754237325612)
8f426bbcff366b51a196186d1981735d8b59c45847cdb21155ec16677941a4ec6565574b7bac145e24be953cb5a0e762a84262d025fe8c79831ea906423476c0,JF163243,,3/4/2022 11:30,15,NO CONTROLS,NO CONTROLS,CLEAR,DAYLIGHT,REAR END,PARKING LOT,,STRAIGHT AND LEVEL,DRY,UNKNOWN,NOT ON SCENE (DESK REPORT),NO INJURY / DRIVE AWAY,,Y,,"OVER $1,500",3/4/2022 15:40,IMPROPER BACKING,IMPROPER BACKING,6701,S,PULASKI RD,833,,,,,,,2,NO INDICATION OF INJURY,0,0,0,0,0,2,0,11,6,3,41.77133047,-87.72242818,POINT (-87.72242817856 41.771330472676)
564afa1a46e35c4294e343187c01add4c7efad4655029698eaae3026969002061e88faf9f6738dcbbd8514b10d821547bd7bd3f7d70113c8b92ed74be009809a,JF155896,,2/25/2022 16:04,40,NO CONTROLS,NO CONTROLS,CLEAR,DAYLIGHT,REAR END,DIVIDED - W/MEDIAN BARRIER,,STRAIGHT AND LEVEL,DRY,NO DEFECTS,ON SCENE,INJURY AND / OR TOW DUE TO CRASH,,,,"OVER $1,500",2/25/2022 16:04,FOLLOWING TOO CLOSELY,NOT APPLICABLE,2400,N,LAKE SHORE DR NB,1935,,,,,,,3,NO INDICATION OF INJURY,0,0,0,0,0,6,0,16,6,2,41.92616072,-87.63151467,POINT (-87.631514664826 41.926160719812)
56eb845a81644c54fe8306840c71196c715ddde70271c94c01b192c6959917cbede679ef10666f9474cf4600b16b0a20c8c43a5d33006e95a5f7e821b95d0ab0,JF156575,,2/25/2022 18:00,30,NO CONTROLS,NO CONTROLS,CLEAR,DAYLIGHT,OTHER NONCOLLISION,RAMP,,STRAIGHT AND LEVEL,DRY,"RUT, HOLES",NOT ON SCENE (DESK REPORT),NO INJURY / DRIVE AWAY,,,,"$501 - $1,500",2/26/2022 10:56,NOT APPLICABLE,NOT APPLICABLE,323,E,WACKER DR,114,,,,,,,1,NO INDICATION OF INJURY,0,0,0,0,0,1,0,18,6,2,41.88755604,-87.61965509,POINT (-87.619655093285 41.887556040949)
ad71dfd572458c9b72796919a8b7db7970bbdcba3137880fe54455b6edd6eedb841789b4b1e9c71fab1632f309a1972b1cfe0578e5f25179ce37f89d01ae1649,JF185267,,3/24/2022 16:54,30,TRAFFIC SIGNAL,FUNCTIONING PROPERLY,RAIN,DAYLIGHT,FIXED OBJECT,FOUR WAY,,STRAIGHT AND LEVEL,WET,UNKNOWN,ON SCENE,INJURY AND / OR TOW DUE TO CRASH,Y,,,"$501 - $1,500",3/24/2022 17:30,UNABLE TO DETERMINE,UNABLE TO DETERMINE,3600,W,LAKE ST,1123,,,,,,,1,NO INDICATION OF INJURY,0,0,0,0,0,1,0,16,5,3,41.88503193,-87.71604774,POINT (-87.716047735724 41.885031930422)
8fbc53c716b36ca6eea8bfb3707f57211df2c1cc1d1a1c0858e9bb1a457ef0b942b6bff7fad704c5c9cb8518842e5c6fc664edee2b80ee44e61c51048c7e47e6,JF163222,,3/4/2022 14:48,30,STOP SIGN/FLASHER,FUNCTIONING PROPERLY,CLOUDY/OVERCAST,DAYLIGHT,TURNING,ONE-WAY,,STRAIGHT AND LEVEL,DRY,NO DEFECTS,NOT ON SCENE (DESK REPORT),NO INJURY / DRIVE AWAY,,,Y,"$501 - $1,500",3/4/2022 15:19,IMPROPER TURNING/NO SIGNAL,UNABLE TO DETERMINE,8200,S,HALSTED ST,613,,,,,,,2,NO INDICATION OF INJURY,0,0,0,0,0,4,0,14,6,3,41.74509526,-87.64402645,POINT (-87.644026452282 41.745095261523)
8fd945560320ecb2b853b7e3cecd327fa55dc18c379033c92cd77deb19eed48ca92714c6e3306472a08cf7c3c9ba1218818971295526f83c2596361cfbe24a2f,JF166286,,3/4/2022 17:30,30,TRAFFIC SIGNAL,FUNCTIONING PROPERLY,CLEAR,"DARKNESS, LIGHTED ROAD",REAR END,DIVIDED - W/MEDIAN (NOT RAISED),,STRAIGHT AND LEVEL,DRY,NO DEFECTS,NOT ON SCENE (DESK REPORT),INJURY AND / OR TOW DUE TO CRASH,Y,,,"OVER $1,500",3/7/2022 15:25,FOLLOWING TOO CLOSELY,NOT APPLICABLE,3197,N,PULASKI RD,2523,,,,,,,2,"REPORTED, NOT EVIDENT",1,0,0,0,1,1,0,17,6,3,41.93900628,-87.72703564,POINT (-87.727035635333 41.939006278197)
57647284f3facfe9edf1dccf5dc2731ef1dcb410e0b8e4f284751744b160a54476ef2520d367d1a5dd5926df999a1e8a4a6ce84a4db017e4f2894a0e2d9f243d,JF156229,Y,2/25/2022 23:04,30,NO CONTROLS,NO CONTROLS,CLEAR,"DARKNESS, LIGHTED ROAD",FIXED OBJECT,DIVIDED - W/MEDIAN BARRIER,,STRAIGHT AND LEVEL,DRY,NO DEFECTS,ON SCENE,INJURY AND / OR TOW DUE TO CRASH,,,,"OVER $1,500",2/25/2022 23:04,NOT APPLICABLE,NOT APPLICABLE,9400,S,STONY ISLAND AVE,413,,Y,,,,,1,NONINCAPACITATING INJURY,2,0,0,2,0,0,0,23,6,2,41.72407478,-87.58530323,POINT (-87.585303232497 41.724074783765)
95a621b3135846c924b1fb49e3f68478d93d8911264dee58fe37325a846317f7c0542ad6389f2be36661914c4ad52952fba7d6552941a2dd031fd7fe9601997b,JE331223,Y,8/9/2021 7:35,35,NO CONTROLS,NO CONTROLS,CLEAR,DAYLIGHT,PARKED MOTOR VEHICLE,DIVIDED - W/MEDIAN (NOT RAISED),,STRAIGHT AND LEVEL,DRY,NO DEFECTS,,INJURY AND / OR TOW DUE TO CRASH,,,Y,"OVER $1,500",8/9/2021 8:06,UNABLE TO DETERMINE,UNABLE TO DETERMINE,2405,N,OAK PARK AVE,2512,,,,,,,2,NO INDICATION OF INJURY,0,0,0,0,0,2,0,7,2,8,41.92380666,-87.79509897,POINT (-87.795098972299 41.923806663934)
6bca67c0c0bed7d1b38f90c502abf5383a644a0650b302c6d94b756f8d2e57b46e8c96494102ca8598e7bae605bbab14fadf524eb5c297ea65df99455f8ff189,JF148190,,2/18/2022 7:00,30,STOP SIGN/FLASHER,FUNCTIONING PROPERLY,SNOW,DAYLIGHT,REAR END,DIVIDED - W/MEDIAN BARRIER,,STRAIGHT AND LEVEL,SNOW OR SLUSH,UNKNOWN,NOT ON SCENE (DESK REPORT),NO INJURY / DRIVE AWAY,N,,,"OVER $1,500",2/18/2022 7:52,UNABLE TO DETERMINE,UNABLE TO DETERMINE,5528,N,ROCKWELL ST,2011,,,,,,,2,NO INDICATION OF INJURY,0,0,0,0,0,2,0,7,6,2,41.98218462,-87.69441529,POINT (-87.694415290206 41.982184620114)
6bd9df4406d9e0520ea860ea1588e584c9a4201af9a14c318b5fb113d3f1a2a9eb8cfc1a6d0cfaa7ade84d5d27891e643066b3afadb19f8a92fed8ccead747d8,JF148936,,2/18/2022 19:15,30,TRAFFIC SIGNAL,FUNCTIONING PROPERLY,CLEAR,"DARKNESS, LIGHTED ROAD",REAR END,DIVIDED - W/MEDIAN (NOT RAISED),,STRAIGHT AND LEVEL,SNOW OR SLUSH,NO DEFECTS,NOT ON SCENE (DESK REPORT),NO INJURY / DRIVE AWAY,,,,"OVER $1,500",2/18/2022 19:30,FOLLOWING TOO CLOSELY,FAILING TO REDUCE SPEED TO AVOID CRASH,9500,S,JEFFERY AVE,431,,,,,,,2,NO INDICATION OF INJURY,0,0,0,0,0,2,0,19,6,2,41.72237591,-87.5754999,POINT (-87.575499903328 41.722375907041)
ec6b0734ab0d476ef4317f1d2c481e4676a13e83e1b19742a0450c6f42b1554f2131c0c02a5cf239823b3529a11818148a94bb002e8fbace16e49ac560433c9a,JF170323,,3/11/2022 11:27,30,TRAFFIC SIGNAL,FUNCTIONING PROPERLY,CLEAR,DAYLIGHT,REAR END,NOT DIVIDED,,STRAIGHT AND LEVEL,WET,"RUT, HOLES",ON SCENE,NO INJURY / DRIVE AWAY,Y,,Y,"OVER $1,500",3/11/2022 11:34,UNABLE TO DETERMINE,UNABLE TO DETERMINE,6458,S,DR MARTIN LUTHER KING JR DR,312,,,,,,,2,NO INDICATION OF INJURY,0,0,0,0,0,2,0,11,6,3,41.77669246,-87.61568481,POINT (-87.615684813313 41.776692461252)
96ca2089cd9f42f18089903661833e02b8a7e66e05e30b56875f6edb1e06f0fc378f7a492c7ebaebdd99ab40300b23e31f6fc90a5c25ebee873b13fb90e35abd,JF177762,,3/18/2022 1:20,20,STOP SIGN/FLASHER,OTHER,CLEAR,"DARKNESS, LIGHTED ROAD",PARKED MOTOR VEHICLE,NOT DIVIDED,,STRAIGHT AND LEVEL,DRY,NO DEFECTS,ON SCENE,INJURY AND / OR TOW DUE TO CRASH,,,N,"OVER $1,500",3/18/2022 1:22,UNABLE TO DETERMINE,NOT APPLICABLE,6654,N,ASHLAND AVE,2432,,,,,,,4,NO INDICATION OF INJURY,0,0,0,0,0,1,0,1,6,3,42.00337477,-87.67068519,POINT (-87.670685191875 42.003374772533)
ecbca73f2c558e3928d9522c94cd27d90359a9c6e37dc3aa7acadc307877f61ea04af3275fb3554cb6eec51cdefbac5fc78f3af1dd3f5e6214cad282ccd2fdad,JF170260,,3/11/2022 9:25,30,OTHER RAILROAD CROSSING,FUNCTIONING PROPERLY,CLEAR,DAYLIGHT,REAR TO FRONT,NOT DIVIDED,,STRAIGHT AND LEVEL,WET,NO DEFECTS,ON SCENE,NO INJURY / DRIVE AWAY,,,,"OVER $1,500",3/11/2022 9:31,IMPROPER BACKING,FAILING TO REDUCE SPEED TO AVOID CRASH,1420,W,41ST ST,924,,,,,,,2,NO INDICATION OF INJURY,0,0,0,0,0,2,0,9,6,3,41.81968428,-87.66157115,POINT (-87.661571150383 41.819684283575)
9158dcbd80af3ed14f4039f59573a667aa8b5b041915ec33749bde615229e75ec2ceb6ac5918907a3d7ce72e6e7c6be33d32bba3eea3e7b90570b554506fdde3,JF163406,,3/4/2022 15:30,30,NO CONTROLS,NO CONTROLS,CLEAR,DAYLIGHT,REAR TO FRONT,DIVIDED - W/MEDIAN (NOT RAISED),,STRAIGHT AND LEVEL,DRY,NO DEFECTS,NOT ON SCENE (DESK REPORT),NO INJURY / DRIVE AWAY,,,,"OVER $1,500",3/4/2022 17:30,IMPROPER BACKING,UNABLE TO DETERMINE,1804,W,LAWRENCE AVE,2032,,,,,,,2,NO INDICATION OF INJURY,0,0,0,0,0,2,0,15,6,3,41.96892356,-87.67482236,POINT (-87.674822359376 41.968923564032)
9795e3a57d8b7b228e8c17b13cbeb353e69fdca1dc9685c575c46da17063df3d0f819f74e651543d6e87e88eab2bbb7733a98dffae69c6695f9640dc93c390ad,JE345140,,8/20/2021 17:20,30,STOP SIGN/FLASHER,FUNCTIONING PROPERLY,CLEAR,DAYLIGHT,TURNING,ONE-WAY,,STRAIGHT AND LEVEL,DRY,NO DEFECTS,,NO INJURY / DRIVE AWAY,Y,,,"$501 - $1,500",8/21/2021 16:53,IMPROPER TURNING/NO SIGNAL,NOT APPLICABLE,520,E,GRAND AVE,1834,,,,,,,2,NO INDICATION OF INJURY,0,0,0,0,0,2,0,17,6,8,41.89203988,-87.61318423,POINT (-87.613184231231 41.892039875674)
aeddc2725230b28e219829bbcbe866dcf604794385ea776e0cbb4f4250d9a7ca02502781dbedb823127bbed0173ce0f4c46e7059c6257250ba6b5404e27d7206,JD231640,,5/13/2020 18:42,30,TRAFFIC SIGNAL,FUNCTIONING PROPERLY,CLEAR,DAYLIGHT,TURNING,NOT DIVIDED,,STRAIGHT AND LEVEL,DRY,"RUT, HOLES",,INJURY AND / OR TOW DUE TO CRASH,Y,,,"OVER $1,500",5/13/2020 18:44,FAILING TO REDUCE SPEED TO AVOID CRASH,FOLLOWING TOO CLOSELY,2400,W,111TH ST,2212,,,,,,,2,NO INDICATION OF INJURY,0,0,0,0,0,2,0,18,4,5,41.69188947,-87.68121734,POINT (-87.681217342654 41.691889468608)
59351f1864eed872e40ce6f7693b7f0dc43968f831dddece6e99a8fae701807cb72dfca594b4057b3ed696b33022bd77d7eb3d4b52a12f0539f83d894844b2d9,JF155749,,2/25/2022 14:00,30,STOP SIGN/FLASHER,NO CONTROLS,SNOW,DAYLIGHT,SIDESWIPE SAME DIRECTION,FOUR WAY,,STRAIGHT AND LEVEL,SNOW OR SLUSH,NO DEFECTS,NOT ON SCENE (DESK REPORT),NO INJURY / DRIVE AWAY,,,Y,"OVER $1,500",2/25/2022 14:20,UNABLE TO DETERMINE,NOT APPLICABLE,7600,S,EAST END AVE,414,,,,,,,2,NO INDICATION OF INJURY,0,0,0,0,0,2,0,14,6,2,41.75688057,-87.58358699,POINT (-87.583586990319 41.756880566458)
59a7dffa749715d42d14a04bc2dea4a03c6762e8328a6a6e4c30ae4712c1ba052ffaba60dd8e3fbcd472c65e591f3062312dcd71913dd3fd68e957128b9bfccb,JF155301,,2/25/2022 6:45,40,NO CONTROLS,NO CONTROLS,SNOW,DARKNESS,FIXED OBJECT,DIVIDED - W/MEDIAN BARRIER,,"CURVE, LEVEL",WET,NO DEFECTS,ON SCENE,INJURY AND / OR TOW DUE TO CRASH,,,Y,"OVER $1,500",2/25/2022 6:55,NOT APPLICABLE,NOT APPLICABLE,1000,N,LAKE SHORE DR NB,1824,,,,,,,1,NO INDICATION OF INJURY,0,0,0,0,0,3,0,6,6,2,41.90095892,-87.61992817,POINT (-87.619928173678 41.900958919109)
6dc00961b79762983e09a4197615971af9e628f89b022272fd9a16e175fd806c79429f1c41c2e0e0e085f806be64c7b0441c9550361f62424a3456bc28900ecd,JF148889,,2/18/2022 18:13,30,NO CONTROLS,NO CONTROLS,CLEAR,"DARKNESS, LIGHTED ROAD",SIDESWIPE SAME DIRECTION,DIVIDED - W/MEDIAN (NOT RAISED),,STRAIGHT AND LEVEL,SNOW OR SLUSH,NO DEFECTS,ON SCENE,NO INJURY / DRIVE AWAY,,,,"OVER $1,500",2/18/2022 18:14,FAILING TO REDUCE SPEED TO AVOID CRASH,DRIVING SKILLS/KNOWLEDGE/EXPERIENCE,11128,S,WESTERN AVE,2212,,Y,,,,,2,NO INDICATION OF INJURY,0,0,0,0,0,2,0,18,6,2,41.69089716,-87.68127689,POINT (-87.681276894278 41.690897159612)
edf889b27610350a7bc297fc056430d84f8927dbde326401a362588596922ea4eafc3ace3d575ec8da8f0a37106b5e76ef2228131451b414a3056434ca86c644,JF170631,,3/11/2022 15:45,30,NO CONTROLS,NO CONTROLS,CLEAR,DAYLIGHT,ANGLE,DIVIDED - W/MEDIAN (NOT RAISED),,STRAIGHT AND LEVEL,DRY,UNKNOWN,ON SCENE,NO INJURY / DRIVE AWAY,Y,,Y,"OVER $1,500",3/11/2022 15:49,UNABLE TO DETERMINE,UNABLE TO DETERMINE,6639,S,PULASKI RD,833,,,,,,,2,NO INDICATION OF INJURY,0,0,0,0,0,2,0,15,6,3,41.77204699,-87.7224444,POINT (-87.722444402045 41.772046991494)
984bf456ebfb609b51e825f01b02d9d806bc113def88ef76849e15df7d9502e50a70ff759b8738400d7531274a180d5ee986c73374ce72d3e639423e045562f1,JE260541,,6/10/2021 7:30,25,STOP SIGN/FLASHER,NO CONTROLS,CLEAR,DAYLIGHT,PARKED MOTOR VEHICLE,ONE-WAY,,STRAIGHT AND LEVEL,DRY,NO DEFECTS,,NO INJURY / DRIVE AWAY,,,,"OVER $1,500",6/10/2021 7:30,UNABLE TO DETERMINE,UNABLE TO DETERMINE,5355,W,EDDY ST,1634,,,,,,,2,NO INDICATION OF INJURY,0,0,0,0,0,1,0,7,5,6,41.94491818,-87.76152831,POINT (-87.761528312358 41.944918182806)
af5dc72f034e744102177dac75d985fa68c1ce273c71e9f11ba9a2c2acf52a4edc885c2ceab59c9ff7408b8af00407dea3742038d90c300d1359325412326c00,JE203277,,4/18/2021 17:00,30,NO CONTROLS,NO CONTROLS,CLEAR,DAYLIGHT,REAR END,DIVIDED - W/MEDIAN BARRIER,,STRAIGHT AND LEVEL,DRY,NO DEFECTS,,NO INJURY / DRIVE AWAY,Y,,,"$501 - $1,500",4/18/2021 19:40,FOLLOWING TOO CLOSELY,NOT APPLICABLE,6978,W,NORTH AVE,2513,,,,,,,2,NO INDICATION OF INJURY,0,0,0,0,0,2,0,17,1,4,41.90906215,-87.80024471,POINT (-87.800244707928 41.909062153025)
b078530d2323c4cb33c3a43be6b2bdf1106d8648719d1907777876d88fc836e26a13aa3d8de8200f5121a803c2fc067c970a45a7759cfe5b6a3bc19ba59ab90d,JF185262,,3/24/2022 15:10,30,NO CONTROLS,NO CONTROLS,RAIN,DAYLIGHT,REAR TO FRONT,NOT DIVIDED,,STRAIGHT AND LEVEL,WET,UNKNOWN,NOT ON SCENE (DESK REPORT),NO INJURY / DRIVE AWAY,,,Y,"OVER $1,500",3/24/2022 16:45,IMPROPER BACKING,UNABLE TO DETERMINE,2830,W,GRANVILLE AVE,2413,,,,,,,2,NO INDICATION OF INJURY,0,0,0,0,0,3,0,15,5,3,41.99407558,-87.70067094,POINT (-87.700670939564 41.994075577189)
5a54dabc220cc31a453043239c2321440d19edf98780b999909ff348bc60d0d6bc482965682251293abd16e5c2533948eb38bf76faf5fd62845da3f3f4a24874,JF156263,,2/25/2022 23:36,30,TRAFFIC SIGNAL,FUNCTIONING PROPERLY,CLEAR,"DARKNESS, LIGHTED ROAD",REAR TO FRONT,DIVIDED - W/MEDIAN BARRIER,,STRAIGHT AND LEVEL,DRY,NO DEFECTS,ON SCENE,NO INJURY / DRIVE AWAY,,,Y,$500 OR LESS,2/25/2022 23:36,IMPROPER BACKING,UNABLE TO DETERMINE,438,N,LA SALLE DR,1831,,Y,,,,,2,NO INDICATION OF INJURY,0,0,0,0,0,2,0,23,6,2,41.89033002,-87.63269886,POINT (-87.632698854988 41.890330019869)
6ee0f2f14a56efea857658606b472e86f31bb8f9c786c1565cfd41533132807f8ab6680314750538f7bef521456c8f92ab2bc8881da32ecdba0d41ecbe4a3b7e,JF148860,,2/18/2022 16:55,30,NO CONTROLS,FUNCTIONING PROPERLY,CLEAR,DUSK,REAR END,NOT DIVIDED,,STRAIGHT AND LEVEL,DRY,NO DEFECTS,NOT ON SCENE (DESK REPORT),NO INJURY / DRIVE AWAY,,,Y,"OVER $1,500",2/18/2022 17:55,UNABLE TO DETERMINE,UNABLE TO DETERMINE,3800,W,WASHINGTON BLVD,1122,,,,,,,2,NO INDICATION OF INJURY,0,0,0,0,0,2,0,16,6,2,41.8820071,-87.72094275,POINT (-87.720942746585 41.882007101597)
6ee3e0074c379c788156344d58b65aa0d9b42e89b0e71c464eb56d4447e41a084ce29c7a39b0a2657dd37cb571637207ce11d391c69af017c01c1853be0d5d42,JF149079,,2/18/2022 22:55,40,NO CONTROLS,NO CONTROLS,SNOW,"DARKNESS, LIGHTED ROAD",SIDESWIPE SAME DIRECTION,DIVIDED - W/MEDIAN BARRIER,,STRAIGHT AND LEVEL,SNOW OR SLUSH,NO DEFECTS,ON SCENE,NO INJURY / DRIVE AWAY,,,Y,"OVER $1,500",2/18/2022 23:02,UNABLE TO DETERMINE,NOT APPLICABLE,3901,N,LAKE SHORE DR NB,1925,,,,,,,2,NO INDICATION OF INJURY,0,0,0,0,0,4,0,22,6,2,41.95292311,-87.64441868,POINT (-87.644418680426 41.952923113548)
ee08d0cf1687932334112e576aaa8a498cec019e221052cb3cb5a0ed5f216834ff12289858e04fac8e6bb29b24ee3c1c8d0eafd7ca5ba44f8e7b45a9af425c9e,JF170018,,3/11/2022 5:37,35,TRAFFIC SIGNAL,FUNCTIONING PROPERLY,SNOW,DAWN,TURNING,NOT DIVIDED,,STRAIGHT AND LEVEL,SNOW OR SLUSH,NO DEFECTS,ON SCENE,NO INJURY / DRIVE AWAY,,,Y,"$501 - $1,500",3/11/2022 5:41,IMPROPER OVERTAKING/PASSING,UNABLE TO DETERMINE,300,W,CHICAGO AVE,1823,,,,,,,2,NO INDICATION OF INJURY,0,0,0,0,0,2,0,5,6,3,41.89668592,-87.63577669,POINT (-87.635776690588 41.896685918295)
6efc188d474143112bf25f8d726c26ee06234c235ac1fa12030e6025b613aa6b9478da1a3545fa872594ac939ad52fe145095a5e107909717b1cdacd5becb7c9,JF148705,,2/18/2022 13:14,30,STOP SIGN/FLASHER,FUNCTIONING IMPROPERLY,CLEAR,DAYLIGHT,TURNING,NOT DIVIDED,,STRAIGHT AND LEVEL,DRY,NO DEFECTS,ON SCENE,INJURY AND / OR TOW DUE TO CRASH,Y,Y,Y,"OVER $1,500",2/18/2022 13:15,FAILING TO YIELD RIGHT-OF-WAY,DISREGARDING OTHER TRAFFIC SIGNS,9500,S,COMMERCIAL AVE,431,,,,,,,2,NO INDICATION OF INJURY,0,0,0,0,0,2,0,13,6,2,41.7226729,-87.55122198,POINT (-87.551221979784 41.722672902536)