CRASH_RECORD_ID,RD_NO,CRASH_DATE_EST_I,CRASH_DATE,POSTED_SPEED_LIMIT,TRAFFIC_CONTROL_DEVICE,DEVICE_CONDITION,WEATHER_CONDITION,LIGHTING_CONDITION,FIRST_CRASH_TYPE,TRAFFICWAY_TYPE,LANE_CNT,ALIGNMENT,ROADWAY_SURFACE_COND,ROAD_DEFECT,REPORT_TYPE,CRASH_TYPE,INTERSECTION_RELATED_I,NOT_RIGHT_OF_WAY_I,HIT_AND_RUN_I,DAMAGE,DATE_POLICE_NOTIFIED,PRIM_CONTRIBUTORY_CAUSE,SEC_CONTRIBUTORY_CAUSE,STREET_NO,STREET_DIRECTION,STREET_NAME,BEAT_OF_OCCURRENCE,PHOTOS_TAKEN_I,STATEMENTS_TAKEN_I,DOORING_I,WORK_ZONE_I,WORK_ZONE_TYPE,WORKERS_PRESENT_I,NUM_UNITS,MOST_SEVERE_INJURY,INJURIES_TOTAL,INJURIES_FATAL,INJURIES_INCAPACITATING,INJURIES_NON_INCAPACITATING,INJURIES_REPORTED_NOT_EVIDENT,INJURIES_NO_INDICATION,INJURIES_UNKNOWN,CRASH_HOUR,CRASH_DAY_OF_WEEK,CRASH_MONTH,LATITUDE,LONGITUDE,LOCATION
5aa5ce09ff5ea4afc35e07319f7e8c39759e372c679fa49dba477858c8d440ecff1121659db23afabdb9c6f908ace3de2279ee88dfae52d1d55a8717c130296b,JF155633,,2/25/2022 12:15,10,NO CONTROLS,NO CONTROLS,CLEAR,DAYLIGHT,FIXED OBJECT,ALLEY,,STRAIGHT AND LEVEL,WET,SHOULDER DEFECT,NOT ON SCENE (DESK REPORT),NO INJURY / DRIVE AWAY,,,,"OVER $1,500",2/25/2022 12:45,UNABLE TO DETERMINE,UNABLE TO DETERMINE,3259,W,64TH PL,823,,,,,,,1,NO INDICATION OF INJURY,0,0,0,0,0,1,0,12,6,2,41.77608341,-87.70536531,POINT (-87.705365305749 41.776083405577)
b158231ab1bbc4219671d3ccd7f75801a09d22b93c9003abb63dcfb1b3613e514f38f99ce9a10a973abef0370919535da77361dfb4a32290cfc4eaf61d1f26b1,JF185535,,3/24/2022 19:20,30,NO CONTROLS,NO CONTROLS,CLOUDY/OVERCAST,"DARKNESS, LIGHTED ROAD",SIDESWIPE SAME DIRECTION,DIVIDED - W/MEDIAN BARRIER,,STRAIGHT AND LEVEL,WET,NO DEFECTS,NOT ON SCENE (DESK REPORT),NO INJURY / DRIVE AWAY,,,,"$501 - $1,500",3/24/2022 20:30,IMPROPER LANE USAGE,UNABLE TO DETERMINE,2001,W,PETERSON AVE,2012,,,,,,,2,NO INDICATION OF INJURY,0,0,0,0,0,2,0,19,5,3,41.99056355,-87.67995666,POINT (-87.679956660563 41.990563551764)
99d05a51ab386521be10b4fc41f8972ca44924ebb2f181a51e14a482db4d43238816ec7f2c2f98c62a493f8d2e4c84bc5ad61909b0eff1679a263e4489998ccb,JF178694,,3/18/2022 17:09,30,NO CONTROLS,NO CONTROLS,RAIN,"DARKNESS, LIGHTED ROAD",SIDESWIPE SAME DIRECTION,DIVIDED - W/MEDIAN BARRIER,,STRAIGHT AND LEVEL,WET,"RUT, HOLES",ON SCENE,INJURY AND / OR TOW DUE TO CRASH,,,,"OVER $1,500",3/18/2022 18:34,FAILING TO REDUCE SPEED TO AVOID CRASH,FOLLOWING TOO CLOSELY,326,W,GARFIELD BLVD,935,,,,,,,2,NO INDICATION OF INJURY,0,0,0,0,0,2,0,17,6,3,41.79460976,-87.63415497,POINT (-87.634154969898 41.794609760405)
b1963b31ae1ed18d79a518c963e24ddcf00fae4ac9dd74dc811c6022016c91d5a199d36323fc0146ed3dfb177b3c6041b16cae0de5e0b834f5ca0d6979dbba21,JF184614,,3/24/2022 7:23,30,STOP SIGN/FLASHER,FUNCTIONING PROPERLY,CLOUDY/OVERCAST,DAYLIGHT,TURNING,OTHER,,STRAIGHT AND LEVEL,WET,NO DEFECTS,ON SCENE,INJURY AND / OR TOW DUE TO CRASH,,,,"OVER $1,500",3/24/2022 7:25,FAILING TO YIELD RIGHT-OF-WAY,NOT APPLICABLE,1200,E,130TH ST,532,,,,,,,2,"REPORTED, NOT EVIDENT",2,0,0,0,2,1,0,7,5,3,41.66039243,-87.59222427,POINT (-87.59222426523 41.660392428361)
eeaa7e6d874ee74a19fd59a857f259659b3a146980bab328c37396a56e2e8f54d61951f2a7c0b54e134193d629898e159f47484e766414020c2c7c43d1ff8eef,JF170087,,3/11/2022 8:10,30,NO CONTROLS,NO CONTROLS,CLEAR,DAYLIGHT,SIDESWIPE SAME DIRECTION,NOT DIVIDED,,STRAIGHT AND LEVEL,WET,NO DEFECTS,ON SCENE,INJURY AND / OR TOW DUE TO CRASH,Y,,,"OVER $1,500",3/11/2022 8:13,DRIVING SKILLS/KNOWLEDGE/EXPERIENCE,UNABLE TO DETERMINE,5000,S,WESTERN AVE,923,,,,,,,2,NO INDICATION OF INJURY,0,0,0,0,0,3,0,8,6,3,41.80287082,-87.68441634,POINT (-87.684416341899 41.802870816721)
5b5c2b5e87665c994c46deb1ebbc40e06c67af1da311873de51ab7aa4fa861887b6b7e4ac00c3c4986453943a0e1ce4235c37825b21108df15dd9c69f017194f,JF156858,,2/25/2022 19:17,30,TRAFFIC SIGNAL,FUNCTIONING PROPERLY,SNOW,"DARKNESS, LIGHTED ROAD",ANGLE,NOT DIVIDED,,STRAIGHT AND LEVEL,SNOW OR SLUSH,NO DEFECTS,NOT ON SCENE (DESK REPORT),NO INJURY / DRIVE AWAY,,,Y,"OVER $1,500",2/26/2022 15:27,NOT APPLICABLE,NOT APPLICABLE,2525,S,DR MARTIN LUTHER KING JR DR,133,,,,,,,2,NO INDICATION OF INJURY,0,0,0,0,0,2,0,19,6,2,41.84676661,-87.61717578,POINT (-87.61717577755 41.846766610919)
b20ea549a993e56c05070f2515f2073bb5c945ac348417b6b5db98e6aab05189721622501099698a0dbd638911592b741ce59a6b500ca92abe5a3634825706e3,JF184542,Y,3/24/2022 3:28,30,NO CONTROLS,NO CONTROLS,RAIN,"DARKNESS, LIGHTED ROAD",PARKED MOTOR VEHICLE,ONE-WAY,,STRAIGHT AND LEVEL,WET,NO DEFECTS,ON SCENE,INJURY AND / OR TOW DUE TO CRASH,,,,"OVER $1,500",3/24/2022 3:28,NOT APPLICABLE,NOT APPLICABLE,725,E,72ND ST,323,,,,,,,3,INCAPACITATING INJURY,1,0,1,0,0,0,0,3,5,3,41.76391869,-87.60690337,POINT (-87.606903368152 41.763918691616)
711b50d30e77a9cbfb00204138b4cc425059422a7638cdc3d9f90d0944d4c221a159c17b8598384e93c3060232ace8c839094158b76ddee3ec698f71c68db26a,JF148331,,2/18/2022 10:23,25,STOP SIGN/FLASHER,FUNCTIONING PROPERLY,SNOW,DAYLIGHT,FIXED OBJECT,T-INTERSECTION,,STRAIGHT AND LEVEL,SNOW OR SLUSH,NO DEFECTS,NOT ON SCENE (DESK REPORT),NO INJURY / DRIVE AWAY,,Y,,"OVER $1,500",2/18/2022 10:23,WEATHER,WEATHER,1799,N,ORCHARD ST,1813,,,,,,,1,NO INDICATION OF INJURY,0,0,0,0,0,1,0,10,6,2,41.91381613,-87.64580331,POINT (-87.645803308415 41.913816129432)
7147e94cb4d79d2f09af7ae04e252deb0814e043384c8c7db58a6e733820afc03db72e6bd31af6d596fbc59a3c43d8e76b1e183335818201842e18835bc0ed3f,JF148758,,2/18/2022 16:00,30,NO CONTROLS,NO CONTROLS,CLEAR,DAYLIGHT,ANGLE,NOT DIVIDED,,STRAIGHT AND LEVEL,DRY,NO DEFECTS,NOT ON SCENE (DESK REPORT),NO INJURY / DRIVE AWAY,,,,"$501 - $1,500",2/18/2022 16:50,UNABLE TO DETERMINE,NOT APPLICABLE,3800,N,MILWAUKEE AVE,1731,,,,,,,2,NO INDICATION OF INJURY,0,0,0,0,0,2,0,16,6,2,41.94998958,-87.74194753,POINT (-87.741947526752 41.949989578729)
5c1dedb0b432241590ce2984ec9aeb1fd0ff4a1991cde2afd20a361d9503e7f2d4af9dc696cb9ff99d44964e30739e092a9a30d5162b57acf955bc59c63787a8,JF155212,,2/25/2022 0:01,25,NO CONTROLS,NO CONTROLS,SNOW,"DARKNESS, LIGHTED ROAD",FIXED OBJECT,DIVIDED - W/MEDIAN (NOT RAISED),,STRAIGHT AND LEVEL,SNOW OR SLUSH,NO DEFECTS,ON SCENE,NO INJURY / DRIVE AWAY,,,,$500 OR LESS,2/25/2022 0:10,WEATHER,NOT APPLICABLE,521,W,OHARE ST,1654,,,,,,,1,NO INDICATION OF INJURY,0,0,0,0,0,1,0,0,6,2,,,
efaa5d064aa7a58fc55b17cd20e04f69d897cab9079192104b9a4931746fa4ee10734c45655828631b4a4075308cfef8b922d579f9483f759dc1d28889d2dd85,JF170867,,3/11/2022 19:36,30,NO CONTROLS,NO CONTROLS,CLEAR,DARKNESS,PARKED MOTOR VEHICLE,ONE-WAY,,STRAIGHT AND LEVEL,DRY,NO DEFECTS,ON SCENE,INJURY AND / OR TOW DUE TO CRASH,,,,"OVER $1,500",3/11/2022 19:43,UNABLE TO DETERMINE,UNABLE TO DETERMINE,7405,S,COLFAX AVE,334,,,,,,,3,NO INDICATION OF INJURY,0,0,0,0,0,1,0,19,6,3,41.76069355,-87.562241,POINT (-87.562240996328 41.760693552774)
71fc12741864d732a24a3e9c8f2dcc483f1442f46ec3650b588972b18e9eb7ea4f3bf8ef56e56cb5a828ef93e6f5d9a30218ed28dc08674dddcb308a32ecf04b,JF148887,,2/18/2022 18:28,30,STOP SIGN/FLASHER,FUNCTIONING PROPERLY,CLEAR,DARKNESS,ANGLE,NOT DIVIDED,,STRAIGHT AND LEVEL,UNKNOWN,UNKNOWN,NOT ON SCENE (DESK REPORT),INJURY AND / OR TOW DUE TO CRASH,Y,,,"OVER $1,500",2/18/2022 18:46,DISREGARDING STOP SIGN,NOT APPLICABLE,3300,S,WALLACE ST,915,,,,,,,2,NONINCAPACITATING INJURY,1,0,0,1,0,1,0,18,6,2,41.83436696,-87.64147035,POINT (-87.641470348556 41.834366963225)
94e548c9a6efeb1381d98f969b7dd4bb3be2c9a42938da24c8f8be22be8f22ca350da750b0b1b4fb4bee039bae61782dfc3ea03700bb5983b187cf56772db188,JF162707,,3/4/2022 7:55,30,TRAFFIC SIGNAL,FUNCTIONING PROPERLY,CLEAR,DAYLIGHT,PEDESTRIAN,FOUR WAY,,STRAIGHT AND LEVEL,DRY,NO DEFECTS,ON SCENE,INJURY AND / OR TOW DUE TO CRASH,Y,,,$500 OR LESS,3/4/2022 7:55,"VISION OBSCURED (SIGNS, TREE LIMBS, BUILDINGS, ETC.)",NOT APPLICABLE,2359,W,GRANVILLE AVE,2413,,,,,,,2,NONINCAPACITATING INJURY,1,0,0,1,0,1,0,7,6,3,41.99398395,-87.68970095,POINT (-87.689700949645 41.993983951844)
efd95b73b3b2a1b6e90b8c24f3bf102b850b313750ad43b1b9a0fd53adf7fd7b1d619d8ddd13e728b6e2310474731e44e1df965c3eef9e4bc24da0cd65bc681f,JF170115,,3/11/2022 8:12,30,TRAFFIC SIGNAL,FUNCTIONING PROPERLY,SNOW,DAYLIGHT,REAR END,DIVIDED - W/MEDIAN (NOT RAISED),,STRAIGHT AND LEVEL,WET,NO DEFECTS,ON SCENE,INJURY AND / OR TOW DUE TO CRASH,,,,"OVER $1,500",3/11/2022 8:13,FOLLOWING TOO CLOSELY,NOT APPLICABLE,3891,N,CICERO AVE,1731,,,,,,,2,NONINCAPACITATING INJURY,1,0,0,1,0,1,0,8,6,3,41.95152853,-87.74711817,POINT (-87.747118171717 41.951528530674)
5c5a13a2e85f72478e91ed2f543fcfa1dacb9b4c9c8917bff3858d58cd0e3abd21f4f7d8e966ed033c0f1c8fe22bdd0fbae8f7ad8c2b838865412d72251430f3,JF155285,,2/25/2022 5:00,30,TRAFFIC SIGNAL,FUNCTIONING PROPERLY,SNOW,"DARKNESS, LIGHTED ROAD",REAR END,ONE-WAY,,STRAIGHT AND LEVEL,SNOW OR SLUSH,NO DEFECTS,NOT ON SCENE (DESK REPORT),NO INJURY / DRIVE AWAY,,,,"OVER $1,500",2/25/2022 5:30,DRIVING SKILLS/KNOWLEDGE/EXPERIENCE,NOT APPLICABLE,628,N,DEARBORN ST,1832,,,,,,,2,NO INDICATION OF INJURY,0,0,0,0,0,2,0,5,6,2,41.89320754,-87.62984221,POINT (-87.62984220776 41.893207535146)
f03cf8a2d82ee125e72c642d411f8e4fed0a2dcd93de40024cd2847855ba9eb5bf304cd2b9fbf5bcfc7a22ff849e107a9afad34103e1a36648ee5bc660372bd6,JF170681,,3/11/2022 9:00,30,UNKNOWN,UNKNOWN,UNKNOWN,UNKNOWN,PARKED MOTOR VEHICLE,NOT DIVIDED,,STRAIGHT AND LEVEL,UNKNOWN,UNKNOWN,NOT ON SCENE (DESK REPORT),NO INJURY / DRIVE AWAY,,,Y,"OVER $1,500",3/11/2022 16:45,UNABLE TO DETERMINE,UNABLE TO DETERMINE,1878,N,LARRABEE ST,1813,,,,,,,2,NO INDICATION OF INJURY,0,0,0,0,0,1,0,9,6,3,41.91632667,-87.64375118,POINT (-87.643751175501 41.916326671162)
5ccf7ea866a9d3f2e1c1d44e69631567a50ed52cb38d112fba566c6a66640fdec43de6a1577cd2815453995962434bd2e57d6bc0b39644d22dad5ef9394a7b6e,JF155270,,2/25/2022 3:45,30,TRAFFIC SIGNAL,FUNCTIONING PROPERLY,SNOW,"DARKNESS, LIGHTED ROAD",REAR END,FOUR WAY,,STRAIGHT AND LEVEL,SNOW OR SLUSH,UNKNOWN,ON SCENE,INJURY AND / OR TOW DUE TO CRASH,Y,,,"OVER $1,500",2/25/2022 3:45,UNABLE TO DETERMINE,UNABLE TO DETERMINE,6501,S,DAMEN AVE,726,,,,,,,2,NONINCAPACITATING INJURY,1,0,0,1,0,1,0,3,6,2,41.7756183,-87.67365916,POINT (-87.673659155769 41.775618298066)
5cfd1696d958010682de1d58dae3b055899e570a1393a089672c11481c534bf0f6797790b0800cf3f264c0f3ff71b0c113b95930dfea20e46e7a9f08e9ae7ace,JF157598,,2/25/2022 20:30,30,TRAFFIC SIGNAL,UNKNOWN,UNKNOWN,"DARKNESS, LIGHTED ROAD",TURNING,NOT DIVIDED,,STRAIGHT AND LEVEL,UNKNOWN,UNKNOWN,NOT ON SCENE (DESK REPORT),NO INJURY / DRIVE AWAY,Y,,,"$501 - $1,500",2/27/2022 11:30,UNABLE TO DETERMINE,UNABLE TO DETERMINE,12700,S,HALSTED ST,523,,,,,,,2,NO INDICATION OF INJURY,0,0,0,0,0,2,0,20,6,2,41.6631821,-87.64156527,POINT (-87.641565265157 41.663182101231)
72a1c68445b10b1f6cdfa024c14f45db172a931850ed7e619562f7b7e89063cf2793ecc5de130fb04ff074b69194d6ecb5129dc415d44e084daff6a189527ff3,JF148891,,2/18/2022 17:20,30,TRAFFIC SIGNAL,UNKNOWN,CLEAR,UNKNOWN,SIDESWIPE SAME DIRECTION,NOT DIVIDED,,STRAIGHT AND LEVEL,UNKNOWN,UNKNOWN,NOT ON SCENE (DESK REPORT),NO INJURY / DRIVE AWAY,,,,"OVER $1,500",2/18/2022 18:40,NOT APPLICABLE,NOT APPLICABLE,2170,S,ASHLAND AVE,1234,,,,,,,2,NO INDICATION OF INJURY,0,0,0,0,0,2,0,17,6,2,41.85237549,-87.6661714,POINT (-87.666171395751 41.852375493174)
5d58015488c0863f78d4088ba3010b883377e1cbb2752092d1a517f4e279656bb4969206dba0b09b13006238419bca82944ebf4fa5db1da706c8a0e5abf4791f,JF155963,,2/25/2022 17:05,20,TRAFFIC SIGNAL,FUNCTIONING PROPERLY,SNOW,DAYLIGHT,TURNING,PARKING LOT,,STRAIGHT AND LEVEL,SNOW OR SLUSH,UNKNOWN,ON SCENE,NO INJURY / DRIVE AWAY,Y,,,"$501 - $1,500",2/25/2022 17:10,IMPROPER TURNING/NO SIGNAL,NOT APPLICABLE,3443,W,ADDISON ST,1732,,,,,,,2,NO INDICATION OF INJURY,0,0,0,0,0,3,0,17,6,2,41.94642956,-87.71443724,POINT (-87.714437238392 41.946429559096)
5cefef1847ce57e7d9fce444c246a2bd8133cde59d7d80831202c78f6eeb3afd76828e84d9320a79295a31dad178754130c85a28713516a1414fb25869e8b105,JC360041,,7/22/2019 5:30,30,UNKNOWN,UNKNOWN,CLEAR,DAYLIGHT,TURNING,NOT DIVIDED,,STRAIGHT AND LEVEL,DRY,UNKNOWN,,NO INJURY / DRIVE AWAY,,,Y,"OVER $1,500",7/22/2019 17:00,UNABLE TO DETERMINE,NOT APPLICABLE,5800,S,WELLS ST,711,,,,,,,2,NO INDICATION OF INJURY,0,0,0,0,0,2,0,5,2,7,41.78882925,-87.63192591,POINT (-87.6319259058 41.788829252256)
95d9c7b93f7c3dde6148baad97effd6c0bfe9c02ebf5f6f623ff8bc44ec559ba59514873b482a234122b446f50cec7b49c6207e58c369edd8c80f6286de8d630,JD269773,,6/19/2020 23:30,30,NO CONTROLS,UNKNOWN,CLEAR,"DARKNESS, LIGHTED ROAD",REAR END,NOT DIVIDED,,STRAIGHT AND LEVEL,DRY,UNKNOWN,,INJURY AND / OR TOW DUE TO CRASH,,,Y,"OVER $1,500",6/19/2020 23:35,FOLLOWING TOO CLOSELY,UNABLE TO DETERMINE,1235,E,71ST ST,324,,,,,,,2,NO INDICATION OF INJURY,0,0,0,0,0,4,0,23,6,6,41.76589008,-87.5944447,POINT (-87.594444695436 41.765890080197)
f0a5728f81003afe09988f6f54594303ead1acf31dc7d7f579a228bf922b0f9fc7124f1199010c1d276a3689d3f301aed910be9323569f60617fe87ba0c9cb02,JD322722,,8/6/2020 12:45,30,NO CONTROLS,NO CONTROLS,CLEAR,DAYLIGHT,REAR END,NOT DIVIDED,,STRAIGHT AND LEVEL,DRY,NO DEFECTS,,INJURY AND / OR TOW DUE TO CRASH,,,,"OVER $1,500",8/6/2020 12:50,FOLLOWING TOO CLOSELY,NOT APPLICABLE,1333,W,IRVING PARK RD,1923,,,,,,,2,INCAPACITATING INJURY,3,0,1,1,1,1,0,12,5,8,41.95425419,-87.66352514,POINT (-87.663525135971 41.954254191627)
5e2e69cd828a15c519291f74617ee01943bf6f4867e80f48293175520f8b0658d06443d3e879be6aad3fed7d6fd8044f857b47b57795df9e1bdec3a7dfc5a6c5,JF156253,,2/25/2022 18:22,15,NO CONTROLS,NO CONTROLS,UNKNOWN,"DARKNESS, LIGHTED ROAD",REAR TO FRONT,DRIVEWAY,,"CURVE, LEVEL",UNKNOWN,NO DEFECTS,NOT ON SCENE (DESK REPORT),NO INJURY / DRIVE AWAY,,,,$500 OR LESS,2/25/2022 23:45,IMPROPER BACKING,IMPROPER BACKING,1201,N,LA SALLE DR,1821,,,,,,,2,NO INDICATION OF INJURY,0,0,0,0,0,3,0,18,6,2,41.90397493,-87.63277694,POINT (-87.632776943678 41.903974927753)
9c4971d0c2fe99e0509eb529dc49aa9bda188496bf0d6b9ebf2dc77256cad30ea1f880edb336d79b7bbfe14e6d8dbecfa0c02f6bc538f90140015738c7a498be,JF178232,,3/18/2022 2:30,20,NO CONTROLS,NO CONTROLS,UNKNOWN,UNKNOWN,PARKED MOTOR VEHICLE,NOT DIVIDED,,STRAIGHT AND LEVEL,UNKNOWN,UNKNOWN,NOT ON SCENE (DESK REPORT),NO INJURY / DRIVE AWAY,,,Y,"OVER $1,500",3/18/2022 12:30,UNABLE TO DETERMINE,NOT APPLICABLE,5425,S,CALUMET AVE,231,,,,,,,2,NO INDICATION OF INJURY,0,0,0,0,0,1,0,2,6,3,41.79589971,-87.61748429,POINT (-87.617484287222 41.795899710373)
740707378842cb5856c11d71f36e18141b9443968a7377aa1442b712309ae383fa57f809fc875ab7655b67f1537ff077f1199098da35b52e5e90142d5c71a04d,JF153785,,2/18/2022 15:00,30,NO CONTROLS,NO CONTROLS,CLEAR,DAYLIGHT,ANGLE,DIVIDED - W/MEDIAN (NOT RAISED),,STRAIGHT AND LEVEL,DRY,NO DEFECTS,NOT ON SCENE (DESK REPORT),NO INJURY / DRIVE AWAY,Y,,,"$501 - $1,500",2/23/2022 16:00,DRIVING SKILLS/KNOWLEDGE/EXPERIENCE,NOT APPLICABLE,4808,W,ADDISON ST,1634,,,,,,,2,NO INDICATION OF INJURY,0,0,0,0,0,3,0,15,6,2,41.94622664,-87.7474983,POINT (-87.747498299767 41.946226640903)
9c9429c782b3b2a138000c3250a982aa1ed547746273c987254b38a9d010feb89690b4b84b0e4710bfde1f56b6502a282e062851d5a927d9e83971046e8c7509,JF178446,,3/18/2022 13:00,30,TRAFFIC SIGNAL,NO CONTROLS,RAIN,DAYLIGHT,TURNING,T-INTERSECTION,,STRAIGHT AND LEVEL,WET,NO DEFECTS,ON SCENE,INJURY AND / OR TOW DUE TO CRASH,Y,,,"$501 - $1,500",3/18/2022 13:15,IMPROPER TURNING/NO SIGNAL,UNABLE TO DETERMINE,385,E,CHICAGO AVE,1833,,,,,,,2,NO INDICATION OF INJURY,0,0,0,0,0,2,0,13,6,3,41.89672476,-87.61721162,POINT (-87.617211616369 41.896724755627)
967a27fe7e453c5c7a0ab8397e11612734fd5f5bd0cd21ce58e1b54cb505dea24638461c41ea0f2807a4578519fc5d7060aa6bf9b10f970423861d537917db30,JF163261,,3/4/2022 15:46,15,NO CONTROLS,NO CONTROLS,CLEAR,DAYLIGHT,ANGLE,PARKING LOT,,STRAIGHT AND LEVEL,DRY,NO DEFECTS,ON SCENE,NO INJURY / DRIVE AWAY,,Y,,"$501 - $1,500",3/4/2022 15:46,DRIVING SKILLS/KNOWLEDGE/EXPERIENCE,UNABLE TO DETERMINE,6456,W,IRVING PARK RD,1632,,,,,,,2,NO INDICATION OF INJURY,0,0,0,0,0,2,0,15,6,3,41.95299356,-87.78859492,POINT (-87.788594920811 41.952993554644)
5ed73ae32be174de5dd943a5fe1b5872f5cfc7b69ae6927f4c0d01c0c6e9b558eaa2ec198c3ff61bd85f55da0037a6dcb37bc688aeb57b41ebf47934a7ecaeac,JF155605,,2/25/2022 11:57,30,NO CONTROLS,NO CONTROLS,CLEAR,DAYLIGHT,REAR END,DIVIDED - W/MEDIAN (NOT RAISED),,STRAIGHT AND LEVEL,SNOW OR SLUSH,NO DEFECTS,NOT ON SCENE (DESK REPORT),NO INJURY / DRIVE AWAY,,,,"OVER $1,500",2/25/2022 12:25,UNABLE TO DETERMINE,UNABLE TO DETERMINE,2055,W,IRVING PARK RD,1921,,,,,,,2,NO INDICATION OF INJURY,0,0,0,0,0,2,0,11,6,2,41.95401447,-87.68095089,POINT (-87.680950893801 41.954014472241)
9ddb835f813f6670bae433f05a2cf81d1daf55d7e201e4f1b989463e72bcbf82e0e8566e117febe8cfc81b76448d0815475505fc648ff6084131f6c2a083983d,JF178437,,3/18/2022 15:26,30,TRAFFIC SIGNAL,FUNCTIONING PROPERLY,RAIN,DAYLIGHT,PEDALCYCLIST,FOUR WAY,,STRAIGHT AND LEVEL,WET,NO DEFECTS,ON SCENE,INJURY AND / OR TOW DUE TO CRASH,Y,,,"OVER $1,500",3/18/2022 15:35,IMPROPER TURNING/NO SIGNAL,FAILING TO YIELD RIGHT-OF-WAY,43,W,HARRISON ST,123,,,,,,,2,NONINCAPACITATING INJURY,1,0,0,1,0,1,0,15,6,3,41.87442944,-87.62923071,POINT (-87.629230713193 41.874429435562)
f1a0578462b3dc0d56eee6e55b257b66d7beec273b119fd43abb90771257c25e066ebd57190b938882cb9130c371403ad7d2127998298fbaa20667f5d57df313,JF170124,Y,3/11/2022 8:30,15,NO CONTROLS,NO CONTROLS,CLEAR,DAYLIGHT,PARKED MOTOR VEHICLE,PARKING LOT,,STRAIGHT AND LEVEL,DRY,NO DEFECTS,ON SCENE,NO INJURY / DRIVE AWAY,,,Y,"OVER $1,500",3/11/2022 9:00,UNABLE TO DETERMINE,UNABLE TO DETERMINE,1,W,PARKING LOT A ST,1654,,,,,,,2,NO INDICATION OF INJURY,0,0,0,0,0,1,0,8,6,3,,,
5f086ec0984cc524c6908b348bb13cbab5b53f76c596b27b0380a8c3b39987908065e7a37ab4dbdff3874309bb875d0b96e732941eb02a8c3cb43c33cdb041b7,JF156019,Y,2/25/2022 3:00,30,STOP SIGN/FLASHER,FUNCTIONING PROPERLY,CLEAR,DAYLIGHT,ANGLE,FOUR WAY,,STRAIGHT AND LEVEL,UNKNOWN,NO DEFECTS,ON SCENE,NO INJURY / DRIVE AWAY,Y,,,"$501 - $1,500",2/25/2022 17:27,UNABLE TO DETERMINE,NOT APPLICABLE,3531,N,AUSTIN AVE,1633,,,,,,,2,NO INDICATION OF INJURY,0,0,0,0,0,2,0,3,6,2,41.94490608,-87.77631749,POINT (-87.776317489853 41.944906076847)
f1f5c88d2b6e6e14698b8c4d55ae04a10de692c24972c76a87a89b498aa8034da24dec321ab0371c89d647f7596385464feab6a03125dc8114d7c9e064330b23,JF170216,,3/11/2022 10:00,30,NO CONTROLS,NO CONTROLS,CLEAR,DAYLIGHT,SIDESWIPE SAME DIRECTION,NOT DIVIDED,,STRAIGHT AND LEVEL,UNKNOWN,UNKNOWN,NOT ON SCENE (DESK REPORT),NO INJURY / DRIVE AWAY,,,,"OVER $1,500",3/11/2022 10:45,UNABLE TO DETERMINE,UNABLE TO DETERMINE,3307,N,CLARK ST,1924,,,,,,,2,NO INDICATION OF INJURY,0,0,0,0,0,2,0,10,6,3,41.94201046,-87.65216891,POINT (-87.652168912127 41.942010454535)
5f681377ff346b39e669c5d59f85e46f4983e1dd62077efcfb284c6ac75ce1c0fd95f5068d34cc37893e6c078f154e30319fb81cddd50f4a8773bf6090f55513,JF155722,,2/25/2022 12:00,35,NO CONTROLS,NO CONTROLS,CLEAR,DAYLIGHT,REAR END,DIVIDED - W/MEDIAN (NOT RAISED),,STRAIGHT AND LEVEL,WET,NO DEFECTS,NOT ON SCENE (DESK REPORT),NO INJURY / DRIVE AWAY,,,,"$501 - $1,500",2/25/2022 14:05,FOLLOWING TOO CLOSELY,FOLLOWING TOO CLOSELY,150,E,ROOSEVELT RD,114,,,,,,,2,NO INDICATION OF INJURY,0,0,0,0,0,2,0,12,6,2,41.86759204,-87.62273729,POINT (-87.622737287912 41.8675920356)
750267b089f8daeeda920a2a093180ee7847da2a87d3064b0c9a1342c8080af89aa3aa3f2926e99e5729751a5429cff32e35184d0cb23a26a8c8ba9228da7677,JF148723,,2/18/2022 14:20,30,NO CONTROLS,NO CONTROLS,CLEAR,DAYLIGHT,REAR END,OTHER,,STRAIGHT AND LEVEL,DRY,NO DEFECTS,NOT ON SCENE (DESK REPORT),NO INJURY / DRIVE AWAY,,,,"$501 - $1,500",2/18/2022 16:12,NOT APPLICABLE,NOT APPLICABLE,4100,S,CICERO AVE,814,,,,,,,2,NO INDICATION OF INJURY,0,0,0,0,0,2,0,14,6,2,41.8181781,-87.74361186,POINT (-87.743611856242 41.818178096923)
b39860f95e303d98b4ddc412d71688a17d629bb72e1669fd06b53cf59b8f35a915326cc78dac08ce5e6873bc8bf080b7fe0d630fd2d1ca393ecc353ecf793988,JF184950,,3/24/2022 12:00,30,TRAFFIC SIGNAL,FUNCTIONING PROPERLY,RAIN,DAYLIGHT,ANGLE,FOUR WAY,,STRAIGHT AND LEVEL,WET,NO DEFECTS,ON SCENE,INJURY AND / OR TOW DUE TO CRASH,Y,,,"OVER $1,500",3/24/2022 12:03,DISREGARDING TRAFFIC SIGNALS,UNABLE TO DETERMINE,5500,S,WELLS ST,711,,,,,,,2,"REPORTED, NOT EVIDENT",1,0,0,0,1,1,0,12,5,3,41.79419949,-87.63192548,POINT (-87.631925482492 41.794199485414)