CRASH_RECORD_ID,RD_NO,CRASH_DATE_EST_I,CRASH_DATE,POSTED_SPEED_LIMIT,TRAFFIC_CONTROL_DEVICE,DEVICE_CONDITION,WEATHER_CONDITION,LIGHTING_CONDITION,FIRST_CRASH_TYPE,TRAFFICWAY_TYPE,LANE_CNT,ALIGNMENT,ROADWAY_SURFACE_COND,ROAD_DEFECT,REPORT_TYPE,CRASH_TYPE,INTERSECTION_RELATED_I,NOT_RIGHT_OF_WAY_I,HIT_AND_RUN_I,DAMAGE,DATE_POLICE_NOTIFIED,PRIM_CONTRIBUTORY_CAUSE,SEC_CONTRIBUTORY_CAUSE,STREET_NO,STREET_DIRECTION,STREET_NAME,BEAT_OF_OCCURRENCE,PHOTOS_TAKEN_I,STATEMENTS_TAKEN_I,DOORING_I,WORK_ZONE_I,WORK_ZONE_TYPE,WORKERS_PRESENT_I,NUM_UNITS,MOST_SEVERE_INJURY,INJURIES_TOTAL,INJURIES_FATAL,INJURIES_INCAPACITATING,INJURIES_NON_INCAPACITATING,INJURIES_REPORTED_NOT_EVIDENT,INJURIES_NO_INDICATION,INJURIES_UNKNOWN,CRASH_HOUR,CRASH_DAY_OF_WEEK,CRASH_MONTH,LATITUDE,LONGITUDE,LOCATION
75a024cdba4991e7854d986c1098f3aeeb3ca6f119e6d6d596ce3537de23f523cb6e758f8b82ac30084c20da361941e23f8a4859fa5d8ed335dde60f8e567131,JF148127,,2/18/2022 3:04,20,NO CONTROLS,NO CONTROLS,CLEAR,"DARKNESS, LIGHTED ROAD",FIXED OBJECT,NOT DIVIDED,,STRAIGHT AND LEVEL,DRY,NO DEFECTS,ON SCENE,INJURY AND / OR TOW DUE TO CRASH,Y,,,"OVER $1,500",2/18/2022 3:04,DRIVING SKILLS/KNOWLEDGE/EXPERIENCE,NOT APPLICABLE,343,W,23RD PL,914,,,,,,,1,NO INDICATION OF INJURY,0,0,0,0,0,1,0,3,6,2,41.84989616,-87.6363693,POINT (-87.636369295215 41.849896162496)
995c9226b173bd8ba17fdd378f063bb3b78495d1713c20c486a4b295d1ca7ca6c857dc12ca2037e5137620a5f303d4d2fdf46e03cf998e01d719dc2868ff4082,JF163247,,3/4/2022 15:15,30,NO CONTROLS,NO CONTROLS,CLEAR,DAYLIGHT,SIDESWIPE SAME DIRECTION,NOT DIVIDED,,STRAIGHT AND LEVEL,DRY,UNKNOWN,ON SCENE,NO INJURY / DRIVE AWAY,,,,"OVER $1,500",3/4/2022 15:20,DRIVING SKILLS/KNOWLEDGE/EXPERIENCE,NOT APPLICABLE,2409,W,35TH ST,911,,,,,,,2,NO INDICATION OF INJURY,0,0,0,0,0,2,0,15,6,3,41.83016549,-87.68550893,POINT (-87.68550892557 41.830165493941)
612c810f37ce2d882b3f1c80695fde8f5fdcb16005197f518ce0f61b573238adf4a13a1a96e5c8898b0be72869e747da1a10a44b439df3bcfd5da95590cccc24,JF156244,,2/25/2022 23:30,25,NO CONTROLS,NO CONTROLS,CLEAR,"DARKNESS, LIGHTED ROAD",SIDESWIPE SAME DIRECTION,NOT DIVIDED,,STRAIGHT AND LEVEL,DRY,NO DEFECTS,ON SCENE,NO INJURY / DRIVE AWAY,,,,"OVER $1,500",2/25/2022 23:35,IMPROPER OVERTAKING/PASSING,UNABLE TO DETERMINE,1499,W,119TH ST,524,,,,,,,2,NO INDICATION OF INJURY,0,0,0,0,0,2,0,23,6,2,41.67746681,-87.65889378,POINT (-87.658893781366 41.677466811332)
7684d5991e8b15da5e0dce1b14829f491e8d04a098f2476df12274a6258bbdac36629cd6714bcf3bf863db71dccc39a8489ce55c5ef19e7caccaba62100371c8,JF148915,,2/18/2022 18:15,30,NO CONTROLS,NO CONTROLS,CLEAR,"DARKNESS, LIGHTED ROAD",SIDESWIPE SAME DIRECTION,NOT DIVIDED,,STRAIGHT AND LEVEL,WET,NO DEFECTS,NOT ON SCENE (DESK REPORT),NO INJURY / DRIVE AWAY,,,,"OVER $1,500",2/18/2022 19:20,IMPROPER LANE USAGE,NOT APPLICABLE,1300,N,ASHLAND AVE,1433,,,,,,,2,NO INDICATION OF INJURY,0,0,0,0,0,2,0,18,6,2,41.90513176,-87.66768922,POINT (-87.667689220736 41.905131758862)
9f1bd097fe4bfd6e9ee09f6eefd6061a934066acc212d94ba5d9ce5860f807485d20acb85ace3e211ca4ddef6b11131bb971a448972d3846337c7e8cb7d37d07,JD417091,,10/31/2020 21:51,30,NO CONTROLS,NO CONTROLS,CLEAR,"DARKNESS, LIGHTED ROAD",PARKED MOTOR VEHICLE,UNKNOWN INTERSECTION TYPE,,STRAIGHT AND LEVEL,DRY,NO DEFECTS,,NO INJURY / DRIVE AWAY,,,Y,"$501 - $1,500",10/31/2020 22:30,"OPERATING VEHICLE IN ERRATIC, RECKLESS, CARELESS, NEGLIGENT OR AGGRESSIVE MANNER",UNABLE TO DETERMINE,3808,W,ROOSEVELT RD,1133,,,,,,,2,NO INDICATION OF INJURY,0,0,0,0,0,4,0,21,7,10,41.86634424,-87.72052963,POINT (-87.720529631802 41.866344241501)
99a0d849521f3d3237ca12acbf3d485bd805c91216c3acf2f1d15e32df7c07389d3750c203f2b1ccdbc3b23fbf4d48003783c1751b6725b6b8e0a2f9a2e4d248,JF162718,,3/4/2022 7:55,30,NO CONTROLS,NO CONTROLS,CLEAR,DAYLIGHT,SIDESWIPE SAME DIRECTION,DIVIDED - W/MEDIAN (NOT RAISED),,STRAIGHT AND LEVEL,DRY,NO DEFECTS,NOT ON SCENE (DESK REPORT),NO INJURY / DRIVE AWAY,,,,"OVER $1,500",3/4/2022 8:15,FAILING TO YIELD RIGHT-OF-WAY,FAILING TO REDUCE SPEED TO AVOID CRASH,5629,N,MC VICKER AVE,1622,,,,,,,2,NO INDICATION OF INJURY,0,0,0,0,0,2,0,7,6,3,41.98379089,-87.77908371,POINT (-87.77908370782 41.983790886278)
f381bdad05fecdaba40aa9b7e4cb20078ac9a0cb3bef4a23f674d70b32fe0d07fe31232ae5741e1ab3a6172724a30163a3bdb02ea234c60d8ea688bb35312b24,JF170938,,3/11/2022 7:25,30,NO CONTROLS,NO CONTROLS,CLEAR,DAYLIGHT,PARKED MOTOR VEHICLE,ONE-WAY,,STRAIGHT AND LEVEL,DRY,NO DEFECTS,NOT ON SCENE (DESK REPORT),NO INJURY / DRIVE AWAY,,,Y,"OVER $1,500",3/11/2022 21:45,DRIVING SKILLS/KNOWLEDGE/EXPERIENCE,UNABLE TO DETERMINE,5428,S,TALMAN AVE,923,,,,,,,2,NO INDICATION OF INJURY,0,0,0,0,0,1,0,7,6,3,41.79469636,-87.69031692,POINT (-87.690316915135 41.794696363564)
99dd1f6be00e867553617969e4ebae1771b66fe5d777ae6ff8d248afa5094807162d7e4643dda5e58d2223bfa808a76068e548fb91956460cb8f00bfe98279fb,JF163659,,3/4/2022 16:00,35,STOP SIGN/FLASHER,OTHER,CLEAR,DAYLIGHT,PARKED MOTOR VEHICLE,ONE-WAY,,STRAIGHT AND LEVEL,DRY,UNKNOWN,NOT ON SCENE (DESK REPORT),NO INJURY / DRIVE AWAY,,,,"$501 - $1,500",3/4/2022 22:10,UNABLE TO DETERMINE,UNABLE TO DETERMINE,8049,S,INGLESIDE AVE,631,,,,,,,2,NO INDICATION OF INJURY,0,0,0,0,0,1,0,16,6,3,41.7480449,-87.60130816,POINT (-87.601308158222 41.748044895683)
617adefbf2c9beedb88eddabdb3a92ba499bf618e9b653886f33b1b24f297e40b4b121230fbf6abdd928ef454488db2b43134694a2095f9155c34339e6af962b,JF156914,,2/25/2022 15:45,30,NO CONTROLS,NO CONTROLS,CLEAR,DAYLIGHT,REAR END,NOT DIVIDED,,STRAIGHT AND LEVEL,DRY,NO DEFECTS,NOT ON SCENE (DESK REPORT),NO INJURY / DRIVE AWAY,,,,$500 OR LESS,2/26/2022 16:26,NOT APPLICABLE,NOT APPLICABLE,6300,S,FAIRFIELD AVE,825,,,,,,,2,NO INDICATION OF INJURY,0,0,0,0,0,3,0,15,6,2,41.77903743,-87.69232035,POINT (-87.692320344848 41.779037431186)
61c268f61a5f30d523c9511687f23f4c1246a75faa0fd3921fc5e3e83bb78ae5107d2d8a51af29bec2c9b072a08bcb773ce57a8df6e4cc6b4b902818366ac4b7,JF155845,,2/25/2022 14:00,35,NO CONTROLS,NO CONTROLS,SNOW,DAYLIGHT,PARKED MOTOR VEHICLE,DIVIDED - W/MEDIAN (NOT RAISED),,STRAIGHT AND LEVEL,SNOW OR SLUSH,UNKNOWN,ON SCENE,INJURY AND / OR TOW DUE TO CRASH,,,Y,"OVER $1,500",2/25/2022 14:05,UNABLE TO DETERMINE,NOT APPLICABLE,9718,S,AVENUE L,432,,,,,,,2,NO INDICATION OF INJURY,0,0,0,0,0,1,0,14,6,2,41.71893418,-87.53664023,POINT (-87.536640228289 41.718934183329)
f3fe1a4a2755d7ce02b2e8df90d32f1b40a2d0992241ef5f1fce2376e281ac38f0015af274d1ed928007cb7b0d3d41c5799301662902298f45122a48d255f0e3,JF170500,,3/11/2022 13:30,30,NO CONTROLS,NO CONTROLS,CLEAR,DAYLIGHT,PARKED MOTOR VEHICLE,NOT DIVIDED,,STRAIGHT AND LEVEL,DRY,NO DEFECTS,ON SCENE,INJURY AND / OR TOW DUE TO CRASH,,,,$500 OR LESS,3/11/2022 13:31,UNABLE TO DETERMINE,UNABLE TO DETERMINE,30,N,PULASKI RD,1115,,,,,,,2,"REPORTED, NOT EVIDENT",1,0,0,0,1,2,0,13,6,3,41.88158762,-87.72584256,POINT (-87.725842559997 41.881587616235)
9fad068041498b92b0aaa8c06ff8defc59a3e2a97d01fe7a3fc213d41ec77cd3cfa5b714bb8cc329c2a1bc243fe31808e82be721b48f1251d1f3065ee97b02a1,JF177952,,3/18/2022 7:59,30,STOP SIGN/FLASHER,FUNCTIONING PROPERLY,CLOUDY/OVERCAST,DAYLIGHT,ANGLE,T-INTERSECTION,,STRAIGHT AND LEVEL,DRY,NO DEFECTS,ON SCENE,INJURY AND / OR TOW DUE TO CRASH,Y,,,"OVER $1,500",3/18/2022 8:00,FAILING TO YIELD RIGHT-OF-WAY,FAILING TO YIELD RIGHT-OF-WAY,6101,W,BELMONT AVE,2511,,,,,,,2,NO INDICATION OF INJURY,0,0,0,0,0,2,0,7,6,3,41.93830438,-87.77876303,POINT (-87.77876302556 41.938304382109)
777ba353c3b93fdf72e662024c6c6991c9d2040d2b024698bd14a942ce930ea9eedb31bd215792c5421e1de895cbea61f5276c7597fde1682beca302a8b30eec,JF148212,,2/18/2022 7:50,20,SCHOOL ZONE,FUNCTIONING PROPERLY,SNOW,DAYLIGHT,TURNING,T-INTERSECTION,,STRAIGHT AND LEVEL,SNOW OR SLUSH,NO DEFECTS,ON SCENE,INJURY AND / OR TOW DUE TO CRASH,Y,,,"OVER $1,500",2/18/2022 7:59,IMPROPER TURNING/NO SIGNAL,WEATHER,5134,S,MORGAN ST,934,,,,,,,2,"REPORTED, NOT EVIDENT",1,0,0,0,1,1,0,7,6,2,41.800442,-87.65032052,POINT (-87.65032051515 41.800442000623)
61fd86f473795a44de595f4da7119fd4bd2708813c901a941ffbb944ad586b396319c6db89ae67bfc80dd54153e34daa75420b5b57a6556f819d843b074c5b54,JF155426,,2/25/2022 8:47,30,STOP SIGN/FLASHER,FUNCTIONING PROPERLY,CLEAR,DAYLIGHT,ANGLE,FOUR WAY,,STRAIGHT AND LEVEL,SNOW OR SLUSH,UNKNOWN,ON SCENE,INJURY AND / OR TOW DUE TO CRASH,Y,,,"OVER $1,500",2/25/2022 8:47,FAILING TO YIELD RIGHT-OF-WAY,NOT APPLICABLE,600,S,KEELER AVE,1132,,,,,,,2,NONINCAPACITATING INJURY,1,0,0,1,0,2,0,8,6,2,41.87333354,-87.73045757,POINT (-87.730457569527 41.873333541554)
625582d2a2b92b166d269dbbc7314dd1d884a98b6b2062c0d4689a9c0dfe7d987d1b2bc7a13c440c76c14447f70e1ddc5911e9a79df56b27600e811e1ec2db5d,JF156200,,2/25/2022 22:02,35,TRAFFIC SIGNAL,FUNCTIONING PROPERLY,CLEAR,"DARKNESS, LIGHTED ROAD",ANGLE,FOUR WAY,,STRAIGHT AND LEVEL,DRY,NO DEFECTS,ON SCENE,INJURY AND / OR TOW DUE TO CRASH,Y,,,"OVER $1,500",2/25/2022 22:09,FAILING TO YIELD RIGHT-OF-WAY,FAILING TO YIELD RIGHT-OF-WAY,10300,S,MICHIGAN AVE,512,,,,,,,2,NONINCAPACITATING INJURY,2,0,0,2,0,3,0,22,6,2,41.70718218,-87.62036149,POINT (-87.620361492183 41.707182175387)
77d1bdd0814c762469f3083600739069e41e3b7b1d75ef4d431590ea3f8030168d010bedc3cb9ed85d5f514bf7f2cbec48653faef6cb01c9e708ffc1ad6c89e8,JF148510,,2/18/2022 11:05,30,TRAFFIC SIGNAL,FUNCTIONING PROPERLY,CLEAR,DAYLIGHT,FIXED OBJECT,DIVIDED - W/MEDIAN (NOT RAISED),,STRAIGHT AND LEVEL,WET,UNKNOWN,NOT ON SCENE (DESK REPORT),NO INJURY / DRIVE AWAY,Y,,,"OVER $1,500",2/18/2022 13:15,NOT APPLICABLE,UNABLE TO DETERMINE,3201,W,BELMONT AVE,1412,,,,,,,1,NO INDICATION OF INJURY,0,0,0,0,0,1,0,11,6,2,41.93922105,-87.7077146,POINT (-87.707714602329 41.939221048898)
61d87880d7824ea6011b1f4bd72a7f325474deb85a7da6f0940053cde8f239c2c037b9d9e0a65bc1382fde525b17e2b6229ff0ad3afb3116a2f794d32cd20095,JC508890,,11/13/2019 12:00,30,NO CONTROLS,NO CONTROLS,OTHER,DAYLIGHT,PARKED MOTOR VEHICLE,NOT DIVIDED,,STRAIGHT ON GRADE,ICE,NO DEFECTS,,NO INJURY / DRIVE AWAY,Y,,,"OVER $1,500",11/13/2019 12:05,WEATHER,NOT APPLICABLE,2855,W,AUGUSTA BLVD,1211,,,,,,,2,NO INDICATION OF INJURY,0,0,0,0,0,2,0,12,4,11,41.89915601,-87.69903937,POINT (-87.699039368582 41.89915601066)
9a6fd763a65046b24274a3eac9a079f669323a9f9b936cc20e2f9e066479883a21122853b732bb116643b2cdda7cf65b44673f4cc1574adcbb29abe9b6066185,JE256637,,6/7/2021 7:03,30,NO CONTROLS,NO CONTROLS,CLEAR,DAYLIGHT,SIDESWIPE SAME DIRECTION,Y-INTERSECTION,,"CURVE, LEVEL",DRY,NO DEFECTS,,NO INJURY / DRIVE AWAY,Y,,Y,"$501 - $1,500",6/7/2021 7:08,IMPROPER LANE USAGE,DISREGARDING ROAD MARKINGS,1136,W,SHERIDAN RD,2432,,,,,,,2,NO INDICATION OF INJURY,0,0,0,0,0,2,0,7,2,6,41.99830232,-87.6601207,POINT (-87.660120700412 41.998302323291)
f44046df6c0fef59b7973397651b4b2b0051730f0b66405d827fae874addcb5dbe9bd167f5779bd6234554f09057dbdababe92cc726c24c60fa9e158ce74097b,JD448893,,12/3/2020 20:30,30,NO CONTROLS,NO CONTROLS,CLEAR,"DARKNESS, LIGHTED ROAD",FIXED OBJECT,NOT DIVIDED,,STRAIGHT AND LEVEL,DRY,UNKNOWN,,INJURY AND / OR TOW DUE TO CRASH,,,,"OVER $1,500",12/3/2020 20:34,UNABLE TO DETERMINE,UNABLE TO DETERMINE,811,N,CICERO AVE,1111,,,,,,,1,INCAPACITATING INJURY,2,0,2,0,0,2,0,20,5,12,41.89540876,-87.74567165,POINT (-87.745671651676 41.895408761815)
a045c2163fe619c61459c23b3b6526aa619e7d08f2fd82383eed54d80ce31828a1684757d747deb199a358162b6c90a8a39c30609f93baf438fa7ec015b67e97,JF178854,,3/18/2022 22:36,30,STOP SIGN/FLASHER,NO CONTROLS,RAIN,"DARKNESS, LIGHTED ROAD",ANGLE,FOUR WAY,,STRAIGHT AND LEVEL,WET,NO DEFECTS,ON SCENE,INJURY AND / OR TOW DUE TO CRASH,,,Y,"OVER $1,500",3/18/2022 22:36,UNABLE TO DETERMINE,NOT APPLICABLE,4700,W,CONGRESS PKWY,1131,,,,,,,2,NONINCAPACITATING INJURY,1,0,0,1,0,3,0,22,6,3,41.87424897,-87.74272507,POINT (-87.742725069626 41.87424896863)
62acc156b367e1c627edf9576e9d5ad5f20d7256609ded7c55c9911a6fe9f2c6c5969837db412229e32fa5c1b31ceec3228b727d22df16d5718e8e1bf04be110,JF156319,,2/25/2022 1:29,30,TRAFFIC SIGNAL,FUNCTIONING PROPERLY,SNOW,"DARKNESS, LIGHTED ROAD",ANGLE,FOUR WAY,,STRAIGHT AND LEVEL,SNOW OR SLUSH,NO DEFECTS,NOT ON SCENE (DESK REPORT),INJURY AND / OR TOW DUE TO CRASH,Y,,N,"OVER $1,500",2/26/2022 1:30,WEATHER,DISREGARDING TRAFFIC SIGNALS,2400,W,CERMAK RD,1023,,,,,,,2,"REPORTED, NOT EVIDENT",1,0,0,0,1,1,0,1,6,2,41.85214131,-87.68575264,POINT (-87.685752641557 41.852141306805)
62bcd724f1eff965110dcbbd3348d1a7093fda370e45e4022fe7b2bf51630a57f39e73f0a388c77345d7911737c275fc7e4ea8362b14bfae3900b537b0d24f4b,JF155566,,2/25/2022 11:00,50,NO CONTROLS,NO CONTROLS,CLEAR,DAYLIGHT,REAR END,DIVIDED - W/MEDIAN BARRIER,,STRAIGHT AND LEVEL,UNKNOWN,UNKNOWN,NOT ON SCENE (DESK REPORT),NO INJURY / DRIVE AWAY,,,,"OVER $1,500",2/25/2022 11:50,FOLLOWING TOO CLOSELY,FOLLOWING TOO CLOSELY,4400,N,LAKE SHORE DR SB,1914,,,,,,,2,NO INDICATION OF INJURY,0,0,0,0,0,2,0,11,6,2,41.96202716,-87.64663966,POINT (-87.64663966128 41.962027155537)
62c66d67b28e7060984c8bdf8389538163f0b6ffed0cddd6ba5b7aae8155bfd0bc288be87b50a115feeb5f335364f2d33efe6d2d59ee2801d4b6a251532f93da,JF159737,,2/25/2022 5:50,20,NO CONTROLS,NO CONTROLS,UNKNOWN,"DARKNESS, LIGHTED ROAD",PEDESTRIAN,PARKING LOT,,STRAIGHT AND LEVEL,UNKNOWN,UNKNOWN,NOT ON SCENE (DESK REPORT),NO INJURY / DRIVE AWAY,,,,$500 OR LESS,3/1/2022 13:00,UNABLE TO DETERMINE,NOT APPLICABLE,4300,S,HALSTED ST,925,,,,,,,2,NO INDICATION OF INJURY,0,0,0,0,0,2,0,5,6,2,41.81611303,-87.64587156,POINT (-87.645871563037 41.816113029851)
9aa4d17b490aa28198f8db02b2420b29f04316dd83e74d74bfb1601c7af1785c1ce0533101a62572df19dbf514853ea9295670669bf71e56342f7608c4b82937,JF162890,,3/4/2022 9:45,30,NO CONTROLS,NO CONTROLS,CLEAR,DAYLIGHT,REAR END,NOT DIVIDED,,STRAIGHT AND LEVEL,DRY,NO DEFECTS,NOT ON SCENE (DESK REPORT),NO INJURY / DRIVE AWAY,,,,"OVER $1,500",3/4/2022 10:30,UNABLE TO DETERMINE,NOT APPLICABLE,6041,W,DIVERSEY AVE,2512,,,,,,,2,NO INDICATION OF INJURY,0,0,0,0,0,3,0,9,6,3,41.93100606,-87.77762854,POINT (-87.777628535181 41.931006063111)
b473e3b0169644c8ad462dfd0dbe19b1fe564d39b8d840508e380aabad3a636945d821b562b7f79b053b6006e61e4dab7cea19de3e57cda7eca2cf13da8f8ed3,JF185483,,3/24/2022 16:31,30,NO CONTROLS,NO CONTROLS,CLEAR,DAWN,SIDESWIPE SAME DIRECTION,NOT DIVIDED,,STRAIGHT AND LEVEL,WET,NO DEFECTS,NOT ON SCENE (DESK REPORT),NO INJURY / DRIVE AWAY,,,Y,"$501 - $1,500",3/24/2022 19:30,UNABLE TO DETERMINE,UNABLE TO DETERMINE,1400,N,KOSTNER AVE,2533,,,,,,,2,NO INDICATION OF INJURY,0,0,0,0,0,2,0,16,5,3,41.90620606,-87.73638893,POINT (-87.736388927871 41.906206063475)
9b4df69795d4497cd8caecfc799250de6b05839b9b37c2334d4a30566f0be1084f25710f6d5a6266720dd9f8d1bb937a404afca434a84348c0cb43d438f1880c,JF163378,,3/4/2022 16:00,35,OTHER,OTHER,CLEAR,DUSK,SIDESWIPE SAME DIRECTION,ONE-WAY,,STRAIGHT AND LEVEL,DRY,NO DEFECTS,NOT ON SCENE (DESK REPORT),NO INJURY / DRIVE AWAY,,,Y,"$501 - $1,500",3/4/2022 17:20,FAILING TO YIELD RIGHT-OF-WAY,UNABLE TO DETERMINE,628,N,CLARK ST,1832,,,,,,,2,NO INDICATION OF INJURY,0,0,0,0,0,2,0,16,6,3,41.89318763,-87.63131472,POINT (-87.631314720159 41.893187628353)
9b528f2511944bd7d9155e097d0976c861e48498ebd46d7e21288d915ace6ae29932114f3c6c112fc2c0607698be3a57184ab1ed4212b140e5b54223070ca9ba,JF162823,,3/4/2022 9:35,30,NO CONTROLS,NO CONTROLS,CLEAR,DAYLIGHT,SIDESWIPE SAME DIRECTION,NOT DIVIDED,,STRAIGHT AND LEVEL,DRY,NO DEFECTS,ON SCENE,NO INJURY / DRIVE AWAY,,,,"OVER $1,500",3/4/2022 9:45,FAILING TO YIELD RIGHT-OF-WAY,UNABLE TO DETERMINE,5398,W,FULLERTON AVE,2515,,,,,,,2,NO INDICATION OF INJURY,0,0,0,0,0,2,0,9,6,3,41.92415535,-87.76100969,POINT (-87.761009687071 41.924155346952)
9b5bc16f177c12a273de253f57848f0098376e74a0eaa70736da11e1c5ab1c5268fcb0a4dcc8a4fa1ed479505525060cd357121773b771f23b0a62210a549151,JF162730,Y,3/4/2022 7:10,30,TRAFFIC SIGNAL,FUNCTIONING PROPERLY,CLEAR,DAYLIGHT,REAR END,DIVIDED - W/MEDIAN (NOT RAISED),,STRAIGHT AND LEVEL,DRY,NO DEFECTS,NOT ON SCENE (DESK REPORT),NO INJURY / DRIVE AWAY,,,,"$501 - $1,500",3/4/2022 8:19,FOLLOWING TOO CLOSELY,NOT APPLICABLE,5011,W,DIVERSEY AVE,2521,,,,,,,2,NO INDICATION OF INJURY,0,0,0,0,0,2,0,7,6,3,41.93134966,-87.75200668,POINT (-87.752006677802 41.931349656977)
794cf65d44069162b385d9e6177b60115767b98938eeafc8978804b0e94a192019b833a7b127f7fbb6fdb8d5bc83758e7f988056e33a9d79daaf7d7e3c7e6cce,JF148422,,2/18/2022 11:25,30,NO CONTROLS,NO CONTROLS,SNOW,DAYLIGHT,PARKED MOTOR VEHICLE,ONE-WAY,,STRAIGHT AND LEVEL,SNOW OR SLUSH,NO DEFECTS,ON SCENE,NO INJURY / DRIVE AWAY,,,Y,$500 OR LESS,2/18/2022 11:28,IMPROPER TURNING/NO SIGNAL,WEATHER,310,S,LAVERGNE AVE,1533,,,,,,,2,NO INDICATION OF INJURY,0,0,0,0,0,1,0,11,6,2,41.87634426,-87.74941266,POINT (-87.749412659859 41.876344259794)
7951fb78fe021bf3ae49cd1fb5031bfbee503c66d70056c5a3ba9ded0a802c0caee82d629a19ae5d2dce2e15cadd1d979023bc04a20affbd02806bf4544e5585,JF148175,,2/18/2022 7:06,30,STOP SIGN/FLASHER,FUNCTIONING PROPERLY,BLOWING SNOW,DAYLIGHT,ANGLE,FOUR WAY,,STRAIGHT AND LEVEL,WET,NO DEFECTS,ON SCENE,NO INJURY / DRIVE AWAY,Y,,,"OVER $1,500",2/18/2022 7:06,FAILING TO YIELD RIGHT-OF-WAY,DRIVING SKILLS/KNOWLEDGE/EXPERIENCE,5000,S,WESTERN AVE,923,,,,,,,2,NO INDICATION OF INJURY,0,0,0,0,0,2,0,7,6,2,41.80287082,-87.68441634,POINT (-87.684416341899 41.802870816721)
79595797d143fc62771d2519e7820f1aa45b99bac6c2b9f1174bd0eede7cf5e446771f444e14f28d07b15429bf8eeedd3b3b3aae87f312d716345586e54ed592,JF148940,,2/18/2022 18:44,30,TRAFFIC SIGNAL,FUNCTIONING PROPERLY,CLEAR,"DARKNESS, LIGHTED ROAD",ANGLE,FOUR WAY,,STRAIGHT AND LEVEL,WET,NO DEFECTS,ON SCENE,INJURY AND / OR TOW DUE TO CRASH,Y,,,"OVER $1,500",2/18/2022 18:52,FAILING TO YIELD RIGHT-OF-WAY,NOT APPLICABLE,250,W,47TH ST,925,,,,,,,2,NO INDICATION OF INJURY,0,0,0,0,0,2,0,18,6,2,41.80920224,-87.63286103,POINT (-87.632861029976 41.809202235112)
f519bead5bbdbf6f5e4794ee56fb5f1bfb2fe0d36ee53dad314f24b94ea7d8ff270bec4667977c4a332b35dff6ea4f9a6c235a8c5980ce9139270ba106049a5b,JF170108,,3/11/2022 7:20,30,STOP SIGN/FLASHER,UNKNOWN,SNOW,DAYLIGHT,REAR END,NOT DIVIDED,,STRAIGHT AND LEVEL,UNKNOWN,UNKNOWN,NOT ON SCENE (DESK REPORT),NO INJURY / DRIVE AWAY,,,,"$501 - $1,500",3/11/2022 8:45,UNABLE TO DETERMINE,UNABLE TO DETERMINE,600,W,WILSON DR,1914,,,,,,,2,NO INDICATION OF INJURY,0,0,0,0,0,2,0,7,6,3,41.96596198,-87.64581668,POINT (-87.645816675225 41.965961976146)
63955ff5bc343a4a469871521926f3a669e701d9efe4f5cac2c13b26428744f81e341fd1a44a5fd889f1ca8021b1c07ecb5bd19fde4f1906dfe1c3df949dcffa,JF156109,,2/25/2022 5:00,30,NO CONTROLS,NO CONTROLS,SNOW,DAYLIGHT,SIDESWIPE SAME DIRECTION,NOT DIVIDED,,STRAIGHT AND LEVEL,SNOW OR SLUSH,NO DEFECTS,NOT ON SCENE (DESK REPORT),NO INJURY / DRIVE AWAY,,,,"$501 - $1,500",2/25/2022 20:37,NOT APPLICABLE,NOT APPLICABLE,3800,S,KEDZIE AVE,911,,,,,,,2,NO INDICATION OF INJURY,0,0,0,0,0,2,0,5,6,2,41.82435631,-87.70459365,POINT (-87.704593654313 41.824356307608)
9bdb4aff992b8f4cce88782cdf57e8c6fb4686e94a20a2cb0591701093440f1168564cf362e2c8c1b2f3049750afb0d72ea52dcaef312a243ade8d50b8d049b4,JF163346,,3/4/2022 15:30,30,NO CONTROLS,NO CONTROLS,CLEAR,DAYLIGHT,ANGLE,NOT DIVIDED,,STRAIGHT AND LEVEL,DRY,UNKNOWN,ON SCENE,INJURY AND / OR TOW DUE TO CRASH,,,,"OVER $1,500",3/4/2022 15:53,UNABLE TO DETERMINE,HAD BEEN DRINKING (USE WHEN ARREST IS NOT MADE),3100,W,LAKE ST,1222,,,,,,,2,NO INDICATION OF INJURY,0,0,0,0,0,2,0,15,6,3,41.88432563,-87.70386415,POINT (-87.703864151691 41.884325626424)
a1e502d6cc1e55a4ba830af2d570710af5e61db10fe6b84e1a75950452dc7e538342ddee2ec9bf98f8f16ee112cad3e5c63120aa770ddeaa58e3f36f59095c9b,JF177931,,3/18/2022 7:50,30,NO CONTROLS,NO CONTROLS,CLEAR,DAYLIGHT,PARKED MOTOR VEHICLE,DIVIDED - W/MEDIAN (NOT RAISED),,STRAIGHT AND LEVEL,DRY,NO DEFECTS,ON SCENE,NO INJURY / DRIVE AWAY,,,,$500 OR LESS,3/18/2022 7:50,"OPERATING VEHICLE IN ERRATIC, RECKLESS, CARELESS, NEGLIGENT OR AGGRESSIVE MANNER",NOT APPLICABLE,5141,W,MADISON ST,1533,,,,,,,2,NO INDICATION OF INJURY,0,0,0,0,0,1,0,7,6,3,41.88027223,-87.75430725,POINT (-87.754307253679 41.880272232054)
f578b0b2d4a7f78f898000b4373eccc9587f58cd4698b1c2b90e1b473cb711c21eddb47d8d93d9808de12ae8b67db2c3278e59964a1dea53a9ad6f62e2e85773,JF170130,,3/11/2022 8:45,10,NO CONTROLS,NO CONTROLS,CLEAR,DAYLIGHT,SIDESWIPE SAME DIRECTION,PARKING LOT,,STRAIGHT AND LEVEL,UNKNOWN,UNKNOWN,NOT ON SCENE (DESK REPORT),NO INJURY / DRIVE AWAY,,,,"$501 - $1,500",3/11/2022 9:07,FAILING TO YIELD RIGHT-OF-WAY,UNABLE TO DETERMINE,5650,N,MOZART ST,2011,,,,,,,2,NO INDICATION OF INJURY,0,0,0,0,0,5,0,8,6,3,41.98461372,-87.70056525,POINT (-87.700565250281 41.984613716529)