CRASH_RECORD_ID,RD_NO,CRASH_DATE_EST_I,CRASH_DATE,POSTED_SPEED_LIMIT,TRAFFIC_CONTROL_DEVICE,DEVICE_CONDITION,WEATHER_CONDITION,LIGHTING_CONDITION,FIRST_CRASH_TYPE,TRAFFICWAY_TYPE,LANE_CNT,ALIGNMENT,ROADWAY_SURFACE_COND,ROAD_DEFECT,REPORT_TYPE,CRASH_TYPE,INTERSECTION_RELATED_I,NOT_RIGHT_OF_WAY_I,HIT_AND_RUN_I,DAMAGE,DATE_POLICE_NOTIFIED,PRIM_CONTRIBUTORY_CAUSE,SEC_CONTRIBUTORY_CAUSE,STREET_NO,STREET_DIRECTION,STREET_NAME,BEAT_OF_OCCURRENCE,PHOTOS_TAKEN_I,STATEMENTS_TAKEN_I,DOORING_I,WORK_ZONE_I,WORK_ZONE_TYPE,WORKERS_PRESENT_I,NUM_UNITS,MOST_SEVERE_INJURY,INJURIES_TOTAL,INJURIES_FATAL,INJURIES_INCAPACITATING,INJURIES_NON_INCAPACITATING,INJURIES_REPORTED_NOT_EVIDENT,INJURIES_NO_INDICATION,INJURIES_UNKNOWN,CRASH_HOUR,CRASH_DAY_OF_WEEK,CRASH_MONTH,LATITUDE,LONGITUDE,LOCATION
9ca58c27a5f1df26f79c418be18eefe2c655fa0a8c1f3897cb93e34d2fda364c2fb3e093640fb210a9a0a0027c46e9c6fed6f10d9bdd9e1bc05fb7316d422c16,JF162728,,3/4/2022 7:20,30,NO CONTROLS,NO CONTROLS,CLEAR,DAYLIGHT,REAR TO SIDE,DRIVEWAY,,STRAIGHT AND LEVEL,UNKNOWN,UNKNOWN,NOT ON SCENE (DESK REPORT),NO INJURY / DRIVE AWAY,,,,"$501 - $1,500",3/4/2022 8:15,UNABLE TO DETERMINE,UNABLE TO DETERMINE,6101,S,HOMAN AVE,823,,,,,,,2,NO INDICATION OF INJURY,0,0,0,0,0,2,0,7,6,3,41.78249257,-87.7079483,POINT (-87.707948297617 41.782492573017)
9d05c189462a5074980cee2b5d715ee83ffe5dcde1c6a669b6176f17074f7e6a5ed4db9b57683d48df560c7913a578f107b793f7e537a88d670928f246275b38,JF163629,,3/4/2022 20:30,30,TRAFFIC SIGNAL,FUNCTIONING PROPERLY,CLEAR,"DARKNESS, LIGHTED ROAD",REAR END,FOUR WAY,,STRAIGHT AND LEVEL,DRY,NO DEFECTS,NOT ON SCENE (DESK REPORT),NO INJURY / DRIVE AWAY,,,,$500 OR LESS,3/4/2022 20:30,UNABLE TO DETERMINE,FAILING TO REDUCE SPEED TO AVOID CRASH,7158,W,IRVING PARK RD,1632,,,,,,,2,NO INDICATION OF INJURY,0,0,0,0,0,3,0,20,6,3,41.95287563,-87.80601124,POINT (-87.806011237357 41.952875631003)
b56da048f7c81b2c78e82758bb70150abb181593a5e33aedd2b178825bc0c53f4f850fe778e60ea78c194617f6f998be6a1db3b3ce832d1194c7f521411ae624,JE313278,N,7/25/2021 6:12,30,NO CONTROLS,NO CONTROLS,CLEAR,DAYLIGHT,TURNING,NOT DIVIDED,,STRAIGHT AND LEVEL,DRY,NO DEFECTS,,NO INJURY / DRIVE AWAY,,,,"OVER $1,500",7/25/2021 6:14,IMPROPER TURNING/NO SIGNAL,IMPROPER LANE USAGE,1259,N,PULASKI RD,2535,,,,,,,2,NO INDICATION OF INJURY,0,0,0,0,0,2,0,6,1,7,41.90442078,-87.72620058,POINT (-87.726200580855 41.904420780363)
7ac41898f9878d7406f0ed4d58cc6a2883a0ece91095ba40460ba475cf85c7ae6a7ad3b9bc5774f162a7dacc792ece7c80cc214080307fc68a789312f0f6ebe6,JF148750,,2/18/2022 15:00,30,NO CONTROLS,NO CONTROLS,CLEAR,DAYLIGHT,SIDESWIPE SAME DIRECTION,NOT DIVIDED,,STRAIGHT AND LEVEL,UNKNOWN,UNKNOWN,NOT ON SCENE (DESK REPORT),NO INJURY / DRIVE AWAY,,,Y,"OVER $1,500",2/18/2022 16:45,UNABLE TO DETERMINE,UNABLE TO DETERMINE,6750,W,NORTH AVE,2513,,,,,,,2,NO INDICATION OF INJURY,0,0,0,0,0,3,0,15,6,2,41.90914148,-87.79440871,POINT (-87.794408711966 41.90914148067)
f62471bed850de877aecc493ecf085a4cda94a901969edbf5fe7672316fbb2d388682f67a676003fb261962836650978762862f280b45679eca2703de908375c,JF170991,,3/11/2022 23:15,30,NO CONTROLS,NO CONTROLS,CLEAR,"DARKNESS, LIGHTED ROAD",TURNING,DIVIDED - W/MEDIAN (NOT RAISED),,STRAIGHT AND LEVEL,DRY,NO DEFECTS,ON SCENE,INJURY AND / OR TOW DUE TO CRASH,,,,"OVER $1,500",3/11/2022 23:16,DRIVING SKILLS/KNOWLEDGE/EXPERIENCE,FAILING TO REDUCE SPEED TO AVOID CRASH,3301,W,MADISON ST,1124,,,,,,,2,NO INDICATION OF INJURY,0,0,0,0,0,2,0,23,6,3,41.88083232,-87.70862894,POINT (-87.708628939973 41.880832317267)
7aed3c9e97aa264badffea15ad0439e38f089911b0201c6ab49f8f0ed393b915f33c7bf0eea50cab4dbb3c257f43530c5970971ac9d9fb858ac25393e76bcc81,JF148742,,2/18/2022 15:45,30,TRAFFIC SIGNAL,FUNCTIONING PROPERLY,CLEAR,DAYLIGHT,REAR END,DIVIDED - W/MEDIAN (NOT RAISED),,STRAIGHT AND LEVEL,DRY,NO DEFECTS,NOT ON SCENE (DESK REPORT),NO INJURY / DRIVE AWAY,,,,"OVER $1,500",2/18/2022 16:30,UNABLE TO DETERMINE,UNABLE TO DETERMINE,3951,N,CICERO AVE,1731,,,,,,,2,NO INDICATION OF INJURY,0,0,0,0,0,2,0,15,6,2,41.95312753,-87.74716016,POINT (-87.747160155152 41.953127531384)
7bd48921bbdc394846bca4805550e7f72eb324b6c6adc8876f70fdc53bd92892da1d7aad06046fddf030d48688c3ccf37cbe55093e89d3cc2bebce607199f12e,JF148738,,2/18/2022 16:32,30,NO CONTROLS,UNKNOWN,BLOWING SNOW,DAYLIGHT,PARKED MOTOR VEHICLE,ONE-WAY,,STRAIGHT AND LEVEL,SNOW OR SLUSH,UNKNOWN,ON SCENE,INJURY AND / OR TOW DUE TO CRASH,,,,"OVER $1,500",2/18/2022 16:34,UNABLE TO DETERMINE,NOT APPLICABLE,9838,S,LOWE AVE,2223,,,,,,,2,NO INDICATION OF INJURY,0,0,0,0,0,1,0,16,6,2,,,
64f1c6ae20c45b5acfacab0f778180be72ff5c41c3cba3f026cb44c28259d4408fd72051979602eca89d64eb98af5599884fb36265f924550b17b12895eedc34,JE139487,,2/12/2021 7:55,20,STOP SIGN/FLASHER,FUNCTIONING PROPERLY,CLEAR,DAYLIGHT,ANGLE,FOUR WAY,,STRAIGHT AND LEVEL,DRY,NO DEFECTS,,NO INJURY / DRIVE AWAY,Y,,,"OVER $1,500",2/12/2021 8:40,"VISION OBSCURED (SIGNS, TREE LIMBS, BUILDINGS, ETC.)",UNABLE TO DETERMINE,9900,S,BELL AVE,2213,,,,,,,2,NO INDICATION OF INJURY,0,0,0,0,0,3,0,7,6,2,41.71361615,-87.67835506,POINT (-87.678355057283 41.713616150393)
f675d2c7620125cdda7a66a2d5465dad29006831036cdd6f778dcfcb6944b23ad7790c60e6170951ebcaff36bbbf953078db10fcdf4d09cf2008c83e58b20774,JF170330,,3/11/2022 11:39,30,NO CONTROLS,NO CONTROLS,CLEAR,DAYLIGHT,REAR TO FRONT,ONE-WAY,,STRAIGHT AND LEVEL,WET,NO DEFECTS,ON SCENE,NO INJURY / DRIVE AWAY,,Y,,$500 OR LESS,3/11/2022 11:39,IMPROPER BACKING,NOT APPLICABLE,2425,E,79TH ST,422,,,,,,,2,NO INDICATION OF INJURY,0,0,0,0,0,2,0,11,6,3,41.7516336,-87.56516065,POINT (-87.565160650934 41.751633598976)
f6c1dbad06185c242772fb75a8c352453d79e6e58577da1305f4cf5905ce7f8c38c5553cf6e7ccb8f578d3898cecb66a6d5f05406314c1852764e37379c4a10b,JF170648,,3/11/2022 12:00,30,NO CONTROLS,NO CONTROLS,CLEAR,DAYLIGHT,PARKED MOTOR VEHICLE,NOT DIVIDED,,STRAIGHT AND LEVEL,SNOW OR SLUSH,UNKNOWN,NOT ON SCENE (DESK REPORT),NO INJURY / DRIVE AWAY,,,Y,"OVER $1,500",3/11/2022 16:00,UNABLE TO DETERMINE,UNABLE TO DETERMINE,2819,W,MONROE ST,1124,,,,,,,2,NO INDICATION OF INJURY,0,0,0,0,0,1,0,12,6,3,41.88004724,-87.69706897,POINT (-87.6970689703 41.880047234588)
9e089329a2c4706c4fd45fb87f3f64ddfb0e80cf149e0655f9a67d2919f2cc7e6da793725e6caba86d7aa812896d067ed376c1b9c5b441a0fd956e830038c0d8,JF163105,,3/4/2022 10:10,30,TRAFFIC SIGNAL,FUNCTIONING PROPERLY,CLEAR,DAYLIGHT,SIDESWIPE SAME DIRECTION,NOT DIVIDED,,STRAIGHT AND LEVEL,DRY,NO DEFECTS,NOT ON SCENE (DESK REPORT),NO INJURY / DRIVE AWAY,,,Y,"OVER $1,500",3/4/2022 13:30,UNABLE TO DETERMINE,UNABLE TO DETERMINE,100,N,CICERO AVE,1532,,,,,,,2,NO INDICATION OF INJURY,0,0,0,0,0,2,0,10,6,3,41.88187971,-87.74548925,POINT (-87.745489247301 41.881879709916)
b77323a09b5b787924ef424d4c071addb15e989e2c80c9aa821976441b7b4e9f89caa9e58ee5ce760528311a8494706f65a216d1dc2bfcc0c4212a71eb547c01,JF185445,,3/24/2022 17:55,30,TRAFFIC SIGNAL,NO CONTROLS,FREEZING RAIN/DRIZZLE,DAYLIGHT,REAR END,NOT DIVIDED,,STRAIGHT AND LEVEL,WET,NO DEFECTS,NOT ON SCENE (DESK REPORT),NO INJURY / DRIVE AWAY,,,Y,"OVER $1,500",3/24/2022 18:43,CELL PHONE USE OTHER THAN TEXTING,FOLLOWING TOO CLOSELY,444,W,111TH ST,2233,,,,,,,3,NO INDICATION OF INJURY,0,0,0,0,0,4,0,17,5,3,41.69256059,-87.63454135,POINT (-87.634541347395 41.692560585546)
7c699da45b9e84074e6617ead340dca89c98d8af6f1a0f8424de02c0125c4224752b889950de4d5ce563ef378f0c4ff1ef89fae1698d0881e5ae854a13283b57,JF148199,,2/18/2022 7:48,20,NO CONTROLS,NO CONTROLS,SNOW,DAYLIGHT,HEAD ON,NOT DIVIDED,,STRAIGHT AND LEVEL,SNOW OR SLUSH,UNKNOWN,ON SCENE,NO INJURY / DRIVE AWAY,,,Y,"OVER $1,500",2/18/2022 7:50,UNABLE TO DETERMINE,UNABLE TO DETERMINE,9346,S,EVANS AVE,633,,,,,,,2,NO INDICATION OF INJURY,0,0,0,0,0,2,0,7,6,2,,,
653011c73eed281b060b937d953f5d620ffc16266a3b0147ce1642408efc822c46665efb7a8408f16e1b47dc13b9cab8d5ddc2948d8af6bf8d2965562bf83945,JF155664,,2/25/2022 12:58,40,NO CONTROLS,NO CONTROLS,CLEAR,DAYLIGHT,REAR END,OTHER,,STRAIGHT AND LEVEL,ICE,NO DEFECTS,ON SCENE,NO INJURY / DRIVE AWAY,,,,"OVER $1,500",2/25/2022 13:01,FOLLOWING TOO CLOSELY,FOLLOWING TOO CLOSELY,10000,W,OHARE ST,1651,,,,,,,2,NO INDICATION OF INJURY,0,0,0,0,0,4,0,12,6,2,41.97620114,-87.90530913,POINT (-87.905309125103 41.976201139024)
f744271414094a5df0dfe307ea9662967917c95789e2b218ec92ab89faefba8e4ed14aa2ce7bd9dc01e35ddc1c7e69c037eb9fcd098f70493943356dcd5901e5,JF170762,,3/11/2022 15:30,30,UNKNOWN,UNKNOWN,CLEAR,DAYLIGHT,SIDESWIPE SAME DIRECTION,DIVIDED - W/MEDIAN BARRIER,,STRAIGHT AND LEVEL,DRY,UNKNOWN,NOT ON SCENE (DESK REPORT),NO INJURY / DRIVE AWAY,,,,"OVER $1,500",3/11/2022 17:55,DRIVING SKILLS/KNOWLEDGE/EXPERIENCE,UNABLE TO DETERMINE,160,W,CONGRESS PKWY,122,,,,,,,2,NO INDICATION OF INJURY,0,0,0,0,0,2,0,15,6,3,41.87569922,-87.63275676,POINT (-87.632756756405 41.875699214873)
f76c222e2e0622126031011b8b4f965f90d8149a68bc611178315dc0fecc580796492907c41aa2cc6f9901cea45e5f09115f29410ee841d4917590397fa87ecd,JF170206,,3/11/2022 9:46,30,TRAFFIC SIGNAL,FUNCTIONING PROPERLY,CLEAR,DAYLIGHT,PARKED MOTOR VEHICLE,NOT DIVIDED,,STRAIGHT AND LEVEL,WET,NO DEFECTS,ON SCENE,NO INJURY / DRIVE AWAY,N,,,"OVER $1,500",3/11/2022 9:55,OBSTRUCTED CROSSWALKS,NOT APPLICABLE,99,W,POLK ST,123,,,,,,,2,NO INDICATION OF INJURY,0,0,0,0,0,1,0,9,6,3,41.87213062,-87.63053427,POINT (-87.630534273305 41.872130619243)
7cf18369d11c4a0643c72948ae810e3e1fcdd00c008b1b2e8af9d9d0ea9c57b02820a7421c15c77e848ba6a3cd5107c33dcd3017cbe9a10b8bf2411c21d9684e,JF148263,,2/18/2022 7:50,30,NO CONTROLS,NO CONTROLS,CLEAR,DAYLIGHT,SIDESWIPE SAME DIRECTION,NOT DIVIDED,,STRAIGHT AND LEVEL,WET,NO DEFECTS,NOT ON SCENE (DESK REPORT),NO INJURY / DRIVE AWAY,,,Y,"OVER $1,500",2/18/2022 9:00,IMPROPER LANE USAGE,NOT APPLICABLE,10721,S,HALSTED ST,2233,,,,,,,2,NO INDICATION OF INJURY,0,0,0,0,0,5,0,7,6,2,41.69898604,-87.64244252,POINT (-87.642442522847 41.69898603898)
a4ae7f8384fd3ff9808ad4f508742715149322ffce2464f1a3e55c21f41d8580c350d1a51173432999c2a5badbd8813ad6604f4370fbf6450342ddf41ab6fb33,JF178504,,3/18/2022 14:56,30,UNKNOWN,NO CONTROLS,CLOUDY/OVERCAST,DAYLIGHT,TURNING,NOT DIVIDED,,STRAIGHT AND LEVEL,UNKNOWN,UNKNOWN,NOT ON SCENE (DESK REPORT),NO INJURY / DRIVE AWAY,,,,"OVER $1,500",3/18/2022 16:45,UNABLE TO DETERMINE,NOT APPLICABLE,2129,W,TOUHY AVE,2411,,,,,,,2,NO INDICATION OF INJURY,0,0,0,0,0,3,0,14,6,3,42.01210829,-87.68409382,POINT (-87.684093824183 42.012108286679)
f7e21e1cc0b1e0985817b51d9b410efd20af6f826800677656b07d41790a4ee341e7184e2011d65cf32dc354dc22360d30f4c07a067e08aa3a4fac528a4c5b75,JF170995,,3/11/2022 22:00,30,TRAFFIC SIGNAL,FUNCTIONING PROPERLY,CLEAR,DARKNESS,REAR END,FOUR WAY,,STRAIGHT AND LEVEL,DRY,NO DEFECTS,ON SCENE,NO INJURY / DRIVE AWAY,,,Y,"$501 - $1,500",3/11/2022 22:19,FOLLOWING TOO CLOSELY,NOT APPLICABLE,5399,W,CHICAGO AVE,1524,,,,,,,2,NO INDICATION OF INJURY,0,0,0,0,0,2,0,22,6,3,41.89478116,-87.76057582,POINT (-87.760575821168 41.894781159713)
9eb2c530eb79af1a1a9fd6e0cbd3058b6c2210ca31de1f567cdd3a222c9c876f2b10ca2e47135b4d436b32726129debbd78525fb6b9e8ce82549226654fc9cce,JF162699,,3/4/2022 7:02,40,NO CONTROLS,NO CONTROLS,CLEAR,DAYLIGHT,REAR END,DIVIDED - W/MEDIAN BARRIER,,STRAIGHT AND LEVEL,DRY,NO DEFECTS,ON SCENE,INJURY AND / OR TOW DUE TO CRASH,,,,"OVER $1,500",3/4/2022 7:04,FOLLOWING TOO CLOSELY,NOT APPLICABLE,1540,N,LAKE SHORE DR SB,1824,,,,,,,3,NO INDICATION OF INJURY,0,0,0,0,0,3,0,7,6,3,41.9107295,-87.62614411,POINT (-87.626144110087 41.910729497311)
7d5637bdc537df4c91284bcdb25d1986551320a3ec75a081f37cb339925d485ef40f2bf65f7f2fbc81cd279c617226de5f0d562de74f820c64bd91d749823ee1,JF148781,,2/18/2022 16:45,30,STOP SIGN/FLASHER,FUNCTIONING PROPERLY,CLEAR,DAYLIGHT,ANGLE,FOUR WAY,,STRAIGHT AND LEVEL,DRY,NO DEFECTS,ON SCENE,INJURY AND / OR TOW DUE TO CRASH,Y,,,"OVER $1,500",2/18/2022 16:45,UNABLE TO DETERMINE,DRIVING SKILLS/KNOWLEDGE/EXPERIENCE,3600,N,NOTTINGHAM AVE,1632,,,,,,,2,NONINCAPACITATING INJURY,2,0,0,2,0,1,0,16,6,2,41.9453995,-87.80469527,POINT (-87.804695269309 41.945399496836)
9efd5566d80f6a528ad9bf98216023bf97d7ecca2855c1ec6fe567e9c3250a854418dac85bca1f30258ddbf9ec2b2f8727f4f1e02af5044d17b9d32baf67491e,JF162898,,3/4/2022 10:31,30,TRAFFIC SIGNAL,FUNCTIONING PROPERLY,CLEAR,DAYLIGHT,SIDESWIPE SAME DIRECTION,NOT DIVIDED,,STRAIGHT AND LEVEL,DRY,NO DEFECTS,ON SCENE,INJURY AND / OR TOW DUE TO CRASH,Y,,Y,"OVER $1,500",3/4/2022 10:36,FOLLOWING TOO CLOSELY,NOT APPLICABLE,5200,W,MADISON ST,1522,,,,,,,3,"REPORTED, NOT EVIDENT",1,0,0,0,1,4,0,10,6,3,41.88048075,-87.75513043,POINT (-87.755130432965 41.880480751702)
a45ba78f808f968f74ba825c6cbda795381a8570b208b0ae384532cbf193c3f7af2b0bbd3e3d11c58f3bd253be9518e10b9a594424f1f1911f01cafadc3d026b,JD311803,,7/27/2020 12:45,30,TRAFFIC SIGNAL,FUNCTIONING PROPERLY,CLEAR,DAYLIGHT,ANGLE,FOUR WAY,,STRAIGHT AND LEVEL,DRY,NO DEFECTS,,INJURY AND / OR TOW DUE TO CRASH,Y,,,"$501 - $1,500",7/27/2020 15:15,FOLLOWING TOO CLOSELY,UNABLE TO DETERMINE,518,E,ILLINOIS ST,1834,,,,,,,2,NONINCAPACITATING INJURY,2,0,0,2,0,1,0,12,2,7,41.89121706,-87.61426512,POINT (-87.614265116891 41.891217055029)
b8665695808df827b53f424b1e203fb236395acdd4d2ad9c1b70c6bba9e4770f0a6966fb6d9fb3d6d8066f53059bb16bf12235629accd179eef25ae601b20b8d,JD449605,,12/4/2020 16:02,30,TRAFFIC SIGNAL,FUNCTIONING PROPERLY,CLEAR,DAYLIGHT,SIDESWIPE SAME DIRECTION,NOT DIVIDED,,STRAIGHT AND LEVEL,DRY,NO DEFECTS,,NO INJURY / DRIVE AWAY,,,,"$501 - $1,500",12/4/2020 16:33,IMPROPER LANE USAGE,IMPROPER LANE USAGE,1450,S,MICHIGAN AVE,131,,,,,,,2,NO INDICATION OF INJURY,0,0,0,0,0,2,0,16,6,12,41.86267891,-87.6241916,POINT (-87.624191602444 41.862678912114)
a5096296805989dcdeaf2312eaa3eb540a139e0a2cd30952c9ffd3cd2873b1695cdbf83c22914b1b2743d2086aac104d13b6c232ad9d4fda3bcbab3a0286ba61,,,4/2/2022 1:33,40,NO CONTROLS,NO CONTROLS,CLEAR,"DARKNESS, LIGHTED ROAD",SIDESWIPE SAME DIRECTION,DIVIDED - W/MEDIAN BARRIER,,STRAIGHT AND LEVEL,DRY,WORN SURFACE,ON SCENE,NO INJURY / DRIVE AWAY,,,,"$501 - $1,500",4/2/2022 1:33,IMPROPER LANE USAGE,NOT APPLICABLE,1700,N,LAKE SHORE DR SB,1814,,,,,,,2,NO INDICATION OF INJURY,0,0,0,0,0,4,0,1,7,4,41.91296035,-87.62660834,POINT (-87.626608335477 41.912960346202)
a52dc9ef1e200fab632281810022858746d6196126d5456def90c08f5e04f9ed8e614e2e56911df808e0ba46a7e468a6163249d398f03a24dc19ae80d84e31a9,JF179107,,3/18/2022 20:30,45,NO CONTROLS,NO CONTROLS,RAIN,"DARKNESS, LIGHTED ROAD",REAR END,ONE-WAY,,STRAIGHT AND LEVEL,WET,NO DEFECTS,NOT ON SCENE (DESK REPORT),INJURY AND / OR TOW DUE TO CRASH,,,Y,"OVER $1,500",3/19/2022 9:30,FOLLOWING TOO CLOSELY,NOT APPLICABLE,379,N,LAKE SHORE DR NB,1834,,,,,,,2,NONINCAPACITATING INJURY,1,0,0,1,0,6,0,20,6,3,41.8888093,-87.61383761,POINT (-87.613837609766 41.888809297416)
670d8e8a68990a49235b6035283dfba987d51c1149503fd50a5d624eac46cac622592174dfa5deb9fa7f5ddf80a728b880a8fa06ccf6ea68f5ed1e4778d54c9c,JF156048,Y,2/25/2022 17:10,30,TRAFFIC SIGNAL,FUNCTIONING PROPERLY,BLOWING SNOW,DUSK,SIDESWIPE SAME DIRECTION,CENTER TURN LANE,,STRAIGHT AND LEVEL,WET,NO DEFECTS,ON SCENE,NO INJURY / DRIVE AWAY,,,Y,$500 OR LESS,2/25/2022 18:42,IMPROPER BACKING,UNABLE TO DETERMINE,2366,N,DAMEN AVE,1432,,,,,,,2,NO INDICATION OF INJURY,0,0,0,0,0,2,0,17,6,2,41.92473781,-87.67802915,POINT (-87.678029147735 41.924737806379)
7ed7f479646be3de4f0afb9dfb8df62b4636b44674fd11067961033aac13a01a4e20b5a596603e1ca572a33e5dc9172f4fd31e7b39fa88e887f4e63cddbe3db6,JF148250,,2/18/2022 8:00,30,TRAFFIC SIGNAL,FUNCTIONING PROPERLY,CLEAR,DAYLIGHT,SIDESWIPE SAME DIRECTION,DIVIDED - W/MEDIAN (NOT RAISED),,"CURVE, LEVEL",WET,NO DEFECTS,NOT ON SCENE (DESK REPORT),NO INJURY / DRIVE AWAY,,,,"$501 - $1,500",2/18/2022 8:50,FAILING TO REDUCE SPEED TO AVOID CRASH,UNABLE TO DETERMINE,3401,W,GRAND AVE,1121,,,,,,,2,NO INDICATION OF INJURY,0,0,0,0,0,2,0,8,6,2,41.8997647,-87.71172234,POINT (-87.711722341681 41.899764704121)
67909f78508c6b8cbca283e50abbcfb4f0a248b0c582031d0516e35d5ff295fbaaa4b28b338cdefd6180f2e1cd1c6aa21d6b56ed77d1c78c231e16acd977d970,JD384927,,10/1/2020 8:00,30,NO CONTROLS,NO CONTROLS,CLEAR,DAYLIGHT,REAR END,NOT DIVIDED,,STRAIGHT AND LEVEL,DRY,UNKNOWN,,NO INJURY / DRIVE AWAY,,,,"OVER $1,500",10/1/2020 8:35,NOT APPLICABLE,NOT APPLICABLE,289,S,CICERO AVE,1113,,,,,,,2,NO INDICATION OF INJURY,0,0,0,0,0,2,0,8,5,10,41.8768543,-87.7450002,POINT (-87.745000196068 41.876854300465)
9f28d2cf49cee94610ad06078bfb27861548774954fc5246e4bd68bb7427e30336e9c479f798c5b6a66204013041edc8deaac1eb9d8974ae10f3dd0aa746b116,JE230569,,5/15/2021 1:20,30,NO CONTROLS,NO CONTROLS,CLEAR,"DARKNESS, LIGHTED ROAD",PARKED MOTOR VEHICLE,NOT DIVIDED,,STRAIGHT AND LEVEL,DRY,NO DEFECTS,,INJURY AND / OR TOW DUE TO CRASH,,,Y,"OVER $1,500",5/15/2021 1:35,UNABLE TO DETERMINE,UNABLE TO DETERMINE,4340,W,55TH ST,815,,,,,,,2,NO INDICATION OF INJURY,0,0,0,0,0,1,0,1,7,5,41.79323353,-87.73214241,POINT (-87.732142407679 41.793233533378)
a5869fd0e9ee7a669e83302c2df6d427558f91294dcc313ed3d3b17a4062b5e6b2d24b24feb162fa7f25880c483fc221688b12e9873785dc4a45c7ca6b024060,JE485208,,12/21/2021 16:50,10,NO CONTROLS,NO CONTROLS,CLEAR,DARKNESS,ANGLE,PARKING LOT,,STRAIGHT AND LEVEL,DRY,NO DEFECTS,,NO INJURY / DRIVE AWAY,,Y,,"OVER $1,500",12/21/2021 18:10,IMPROPER BACKING,UNABLE TO DETERMINE,6307,S,STEWART AVE,722,,,,,,,2,NO INDICATION OF INJURY,0,0,0,0,0,2,0,16,3,12,41.77964962,-87.63489682,POINT (-87.634896818501 41.779649622128)
f8991c7d3aefdeabe9f48fc245e2d8ff0c10d159c50ea9291b46bf345e0167461f15d63844d9b4ae2afe49bf4b72d2217fb714adc6f76f19e6665d974482d5fd,JD143461,,2/7/2020 12:30,30,OTHER,FUNCTIONING PROPERLY,CLEAR,DAYLIGHT,SIDESWIPE SAME DIRECTION,DIVIDED - W/MEDIAN (NOT RAISED),,STRAIGHT AND LEVEL,DRY,NO DEFECTS,,NO INJURY / DRIVE AWAY,,,,"OVER $1,500",2/7/2020 14:15,NOT APPLICABLE,NOT APPLICABLE,6161,N,SHERIDAN RD,2433,,,,,,,2,NO INDICATION OF INJURY,0,0,0,0,0,2,0,12,6,2,41.99406408,-87.65536308,POINT (-87.655363082014 41.994064077429)
681a957f582dcb2629165e6903e06437adefef1f6286472a27fcd56298e291cac2973415787952fc521ae0ceb0e743b70f9fd4464e7d03c611610db9291a608a,JF160305,,2/25/2022 21:00,30,TRAFFIC SIGNAL,FUNCTIONING PROPERLY,CLEAR,"DARKNESS, LIGHTED ROAD",REAR END,NOT DIVIDED,,STRAIGHT AND LEVEL,DRY,NO DEFECTS,NOT ON SCENE (DESK REPORT),NO INJURY / DRIVE AWAY,,,,$500 OR LESS,3/1/2022 21:10,FAILING TO REDUCE SPEED TO AVOID CRASH,NOT APPLICABLE,311,N,KEDZIE AVE,1222,,,,,,,2,NO INDICATION OF INJURY,0,0,0,0,0,2,0,21,6,2,41.88680755,-87.7061475,POINT (-87.706147499894 41.886807550854)
b98765267d219283e1ab41b7ea3be6d0352dc152acaec72e0a9220e4ea0d8ca3e16a82574434633d33e3de91bd768c1ba7a4152a6fe479b46aa4936148c14458,JF185593,,3/24/2022 17:06,30,STOP SIGN/FLASHER,UNKNOWN,UNKNOWN,UNKNOWN,PARKED MOTOR VEHICLE,NOT DIVIDED,,STRAIGHT AND LEVEL,UNKNOWN,UNKNOWN,NOT ON SCENE (DESK REPORT),INJURY AND / OR TOW DUE TO CRASH,,,,"$501 - $1,500",3/24/2022 22:00,UNABLE TO DETERMINE,UNABLE TO DETERMINE,3632,W,PALMER ST,2525,,,,,,,2,"REPORTED, NOT EVIDENT",1,0,0,0,1,1,0,17,5,3,41.92103601,-87.71824785,POINT (-87.718247846656 41.921036011503)
8028a2e0137bfea389fa3b0f67c1b9ae3e1f82022e65c9cd2ab2e1c7351d7782efe46895e460d8e5758045bb9ee85e6eef8cc03ce8d8bf88672354235530d015,JF148189,,2/18/2022 7:45,30,TRAFFIC SIGNAL,FUNCTIONING PROPERLY,CLEAR,DAYLIGHT,REAR END,FOUR WAY,,STRAIGHT AND LEVEL,WET,NO DEFECTS,ON SCENE,NO INJURY / DRIVE AWAY,,,,$500 OR LESS,2/18/2022 7:50,FAILING TO REDUCE SPEED TO AVOID CRASH,FAILING TO REDUCE SPEED TO AVOID CRASH,2800,N,CENTRAL AVE,2514,,,,,,,2,NO INDICATION OF INJURY,0,0,0,0,0,2,0,7,6,2,41.93136555,-87.76639653,POINT (-87.766396528792 41.931365552363)
a66e9012ef0d182545585c822a046d96d9809ebd48307d36cda9e901a58d6d1028b144a07e0db02352f6853bb075ba4a78a68e6184e27756aceb5d1e3649817c,JF185282,,3/18/2022 19:30,30,NO CONTROLS,NO CONTROLS,RAIN,"DARKNESS, LIGHTED ROAD",REAR END,DIVIDED - W/MEDIAN (NOT RAISED),,STRAIGHT AND LEVEL,WET,NO DEFECTS,NOT ON SCENE (DESK REPORT),NO INJURY / DRIVE AWAY,,,,"OVER $1,500",3/24/2022 17:00,UNABLE TO DETERMINE,UNABLE TO DETERMINE,212,S,HALSTED ST,1232,,,,,,,2,NO INDICATION OF INJURY,0,0,0,0,0,2,0,19,6,3,41.87880138,-87.6474162,POINT (-87.647416202906 41.878801378163)