CRASH_RECORD_ID,RD_NO,CRASH_DATE_EST_I,CRASH_DATE,POSTED_SPEED_LIMIT,TRAFFIC_CONTROL_DEVICE,DEVICE_CONDITION,WEATHER_CONDITION,LIGHTING_CONDITION,FIRST_CRASH_TYPE,TRAFFICWAY_TYPE,LANE_CNT,ALIGNMENT,ROADWAY_SURFACE_COND,ROAD_DEFECT,REPORT_TYPE,CRASH_TYPE,INTERSECTION_RELATED_I,NOT_RIGHT_OF_WAY_I,HIT_AND_RUN_I,DAMAGE,DATE_POLICE_NOTIFIED,PRIM_CONTRIBUTORY_CAUSE,SEC_CONTRIBUTORY_CAUSE,STREET_NO,STREET_DIRECTION,STREET_NAME,BEAT_OF_OCCURRENCE,PHOTOS_TAKEN_I,STATEMENTS_TAKEN_I,DOORING_I,WORK_ZONE_I,WORK_ZONE_TYPE,WORKERS_PRESENT_I,NUM_UNITS,MOST_SEVERE_INJURY,INJURIES_TOTAL,INJURIES_FATAL,INJURIES_INCAPACITATING,INJURIES_NON_INCAPACITATING,INJURIES_REPORTED_NOT_EVIDENT,INJURIES_NO_INDICATION,INJURIES_UNKNOWN,CRASH_HOUR,CRASH_DAY_OF_WEEK,CRASH_MONTH,LATITUDE,LONGITUDE,LOCATION
a03877f9a8e0edc213c8b6b7ce4b96d490ae8cc890e6ab20943f76af5bdf67e80c0db5666f98f88d0e43a79ccec9a634571c1cc592cb62b56a524ebf13a1f9ac,JF163691,,3/4/2022 23:18,30,TRAFFIC SIGNAL,FUNCTIONING PROPERLY,CLEAR,"DARKNESS, LIGHTED ROAD",PEDALCYCLIST,FOUR WAY,,STRAIGHT AND LEVEL,DRY,NO DEFECTS,ON SCENE,INJURY AND / OR TOW DUE TO CRASH,Y,,,$500 OR LESS,3/4/2022 23:19,UNABLE TO DETERMINE,UNABLE TO DETERMINE,800,W,MAXWELL ST,1232,,,,,,,2,NONINCAPACITATING INJURY,1,0,0,1,0,1,0,23,6,3,41.86489174,-87.64690357,POINT (-87.646903572702 41.864891742773)
fa453dbb88b6962a331b449e8a58ee63033c84e88be4eb75c1b480ee9becaadbb6f8ff73bb2a9debb6d7657c4d28923a401fb7f33c2a587a55861ab9a746d6b3,JF170221,,3/11/2022 10:00,30,TRAFFIC SIGNAL,FUNCTIONING PROPERLY,CLEAR,DAYLIGHT,SIDESWIPE SAME DIRECTION,NOT DIVIDED,,STRAIGHT AND LEVEL,DRY,NO DEFECTS,NOT ON SCENE (DESK REPORT),NO INJURY / DRIVE AWAY,,,Y,"OVER $1,500",3/11/2022 11:30,UNABLE TO DETERMINE,NOT APPLICABLE,2156,S,ASHLAND AVE,1234,,,,,,,2,NO INDICATION OF INJURY,0,0,0,0,0,2,0,10,6,3,41.85243791,-87.66617189,POINT (-87.666171884733 41.852437910981)
80614cc748a9c85992f69dc6121c3b09f69ff7db61c069a5fa066568bc187d282fa11d48db3eb732f64f133578571642a30f4c9898027c638cbb22003beabcac,JF148228,,2/18/2022 8:00,30,TRAFFIC SIGNAL,FUNCTIONING PROPERLY,CLEAR,DAYLIGHT,TURNING,TRAFFIC ROUTE,,STRAIGHT AND LEVEL,WET,NO DEFECTS,ON SCENE,NO INJURY / DRIVE AWAY,Y,,,$500 OR LESS,2/18/2022 8:07,IMPROPER TURNING/NO SIGNAL,FAILING TO YIELD RIGHT-OF-WAY,6399,W,HIGGINS AVE,1622,,,,,,,2,NO INDICATION OF INJURY,0,0,0,0,0,2,0,8,6,2,41.97616594,-87.78785832,POINT (-87.787858316987 41.97616594121)
80fc18c262d6b094349aae4a0663a789399cd6344ac89c14a0a699625db7d1e45554109a6f27bf177a9ead67c2e0df063e07c756d58a6df20bb648c7bfd9586f,JF148571,,2/18/2022 13:20,30,TRAFFIC SIGNAL,FUNCTIONING PROPERLY,BLOWING SNOW,DAYLIGHT,REAR END,NOT DIVIDED,,STRAIGHT AND LEVEL,WET,NO DEFECTS,ON SCENE,NO INJURY / DRIVE AWAY,Y,,,"$501 - $1,500",2/18/2022 13:34,DISREGARDING TRAFFIC SIGNALS,DISREGARDING TRAFFIC SIGNALS,7555,N,WESTERN AVE,2411,,,,,,,2,NO INDICATION OF INJURY,0,0,0,0,0,3,0,13,6,2,42.0190689,-87.69003206,POINT (-87.690032056932 42.019068899467)
a0e9a98432ea951b30449df4e7097bb057a25743e90a87ad6caabedd89c49898fde852983329e9c7222e97c61a62d36832f244540e3cd6d3ebfdcf7e3c3a4114,JF162682,,3/4/2022 6:22,30,TRAFFIC SIGNAL,UNKNOWN,CLEAR,DAYLIGHT,REAR END,NOT DIVIDED,,STRAIGHT AND LEVEL,UNKNOWN,UNKNOWN,NOT ON SCENE (DESK REPORT),NO INJURY / DRIVE AWAY,,,,"$501 - $1,500",3/4/2022 7:10,UNABLE TO DETERMINE,NOT APPLICABLE,4798,W,MARQUETTE RD,833,,,,,,,2,NO INDICATION OF INJURY,0,0,0,0,0,3,0,6,6,3,41.7712395,-87.74199802,POINT (-87.741998016158 41.771239495484)
a6931f5eb6b4b5dc64b49ef5e5c35bbf0677e2dd0617a0b6e69b95c100499ee1e0b90628ee9cfff8c3d517952d65a7d3d7e133ee82d9802c2656d811a9809c8d,JF178577,,3/18/2022 15:09,30,TRAFFIC SIGNAL,FUNCTIONING PROPERLY,RAIN,DAYLIGHT,REAR END,NOT DIVIDED,,STRAIGHT AND LEVEL,WET,NO DEFECTS,ON SCENE,NO INJURY / DRIVE AWAY,,,,"$501 - $1,500",3/18/2022 15:11,FOLLOWING TOO CLOSELY,WEATHER,760,W,69TH ST,723,,,,,,,2,NO INDICATION OF INJURY,0,0,0,0,0,3,0,15,6,3,41.76895322,-87.64413027,POINT (-87.644130272665 41.768953222271)
a6f61c37580705a99ca71c30744b4a6d550245cc334ae428b5b7a7629564e520e9252fe19a93f6e7ec6a3329c499af5240abc8931354a08371bbf81b32c9f062,JF179682,Y,3/18/2022 15:00,30,UNKNOWN,UNKNOWN,CLEAR,DAYLIGHT,PEDESTRIAN,NOT DIVIDED,,STRAIGHT AND LEVEL,UNKNOWN,UNKNOWN,NOT ON SCENE (DESK REPORT),INJURY AND / OR TOW DUE TO CRASH,N,,Y,$500 OR LESS,3/19/2022 18:46,UNABLE TO DETERMINE,UNABLE TO DETERMINE,24,S,KOSTNER AVE,1113,,,,,,,2,NONINCAPACITATING INJURY,1,0,0,1,0,1,0,15,6,3,41.87976262,-87.73559412,POINT (-87.735594116772 41.879762622607)
a07a49141323d50d7024c749f3de0803aa74954fe0d53ec1dfdbc7ece70dbca1b85c09629522d087a449a6cd3d28e270c1e309d7670e2ea179b8a753e5d26769,JF120021,,1/21/2022 16:00,30,TRAFFIC SIGNAL,FUNCTIONING PROPERLY,CLEAR,DAYLIGHT,ANGLE,FOUR WAY,,STRAIGHT AND LEVEL,DRY,NO DEFECTS,,INJURY AND / OR TOW DUE TO CRASH,Y,,,"OVER $1,500",1/21/2022 16:06,FAILING TO YIELD RIGHT-OF-WAY,NOT APPLICABLE,7180,W,GRAND AVE,2512,,,,,,,3,INCAPACITATING INJURY,2,0,1,1,0,1,0,16,6,1,41.92402118,-87.80562441,POINT (-87.805624406301 41.92402117963)
a6e3d7b8176d22fa6bbfe7564fbc26f485ab36a2cf78661287f8ff3aef308e6be0667dcb3d34f812ab9fef7661283eb0b8cfa42193c37d85b1beada717e445ca,JD150737,,2/13/2020 16:45,30,STOP SIGN/FLASHER,FUNCTIONING PROPERLY,CLEAR,DUSK,REAR END,ONE-WAY,,STRAIGHT AND LEVEL,ICE,NO DEFECTS,,NO INJURY / DRIVE AWAY,Y,,,"$501 - $1,500",2/13/2020 16:49,ROAD ENGINEERING/SURFACE/MARKING DEFECTS,UNABLE TO DETERMINE,4058,W,28TH ST,1031,,,,,,,2,NO INDICATION OF INJURY,0,0,0,0,0,2,0,16,5,2,41.84064535,-87.72682542,POINT (-87.7268254202 41.840645351493)
fa7ceedb1ea33b4d9a45274dbe68a3825ff4677a315eb0feffaffde11ec4d6e28b442501f46ab59ba660199deb4da03ea3a50b2dfb572baa038e0ac294c6db61,JF171434,,3/11/2022 5:45,30,STOP SIGN/FLASHER,OTHER,CLEAR,DAYLIGHT,ANGLE,NOT DIVIDED,,STRAIGHT AND LEVEL,DRY,NO DEFECTS,NOT ON SCENE (DESK REPORT),NO INJURY / DRIVE AWAY,Y,,,"OVER $1,500",3/12/2022 12:45,UNABLE TO DETERMINE,UNABLE TO DETERMINE,5800,S,KEDZIE AVE,822,,,,,,,2,NO INDICATION OF INJURY,0,0,0,0,0,2,0,5,6,3,41.7879702,-87.70354447,POINT (-87.703544465118 41.787970201401)
69cefdd766663792cc256f51ab8a420aa6f4c1e875ce9dc1da92cb871c139b15316a7208834441cec6efe5e5cdbb4576fc17bbb5e662a908b5e1f7f070898c38,JF155769,,2/25/2022 14:00,30,TRAFFIC SIGNAL,FUNCTIONING PROPERLY,CLEAR,DAYLIGHT,REAR END,DIVIDED - W/MEDIAN (NOT RAISED),,STRAIGHT AND LEVEL,UNKNOWN,UNKNOWN,NOT ON SCENE (DESK REPORT),NO INJURY / DRIVE AWAY,,,,"OVER $1,500",2/25/2022 14:25,UNABLE TO DETERMINE,UNABLE TO DETERMINE,5535,W,NORTH AVE,2532,,,,,,,2,NO INDICATION OF INJURY,0,0,0,0,0,2,0,14,6,2,41.90928167,-87.76449986,POINT (-87.764499859541 41.909281666542)
b9ab396c00b151166c099c0949a5c0704ea545d05d70b60791942d699c69d10e36f9667d7a5731fb0f901ccf303c4a90eba32e5db9a6ea7a9cecbc236f994d0f,JF185374,,3/24/2022 17:38,20,NO CONTROLS,NO CONTROLS,RAIN,DAYLIGHT,ANGLE,ONE-WAY,,STRAIGHT AND LEVEL,WET,NO DEFECTS,ON SCENE,INJURY AND / OR TOW DUE TO CRASH,,Y,,"$501 - $1,500",3/24/2022 17:39,DRIVING SKILLS/KNOWLEDGE/EXPERIENCE,NOT APPLICABLE,2516,N,KILBOURN AVE,2521,,,,,,,2,NONINCAPACITATING INJURY,1,0,0,1,0,3,0,17,5,3,41.92691841,-87.73923223,POINT (-87.739232232272 41.926918413709)
fabf60ce23cc1d2d98bba6e8a1a8e3bf4c4728c5895236ad225e48bb76de351122459a3ee8f1939f1d93d96fdcb896497c70ce83483b69166333448345646614,JF170220,,3/11/2022 7:15,30,NO CONTROLS,NO CONTROLS,CLEAR,DAYLIGHT,REAR END,NOT DIVIDED,,STRAIGHT AND LEVEL,UNKNOWN,UNKNOWN,NOT ON SCENE (DESK REPORT),NO INJURY / DRIVE AWAY,,,,$500 OR LESS,3/11/2022 10:31,FOLLOWING TOO CLOSELY,UNABLE TO DETERMINE,3130,W,FOSTER AVE,1712,,,,,,,2,NO INDICATION OF INJURY,0,0,0,0,0,6,0,7,6,3,41.97586528,-87.70752359,POINT (-87.707523594215 41.975865277123)
a1a0e366289de466330e0b6278e43c24a8ee9d2ddc9f9d204a9a97599101273cfeca0eeb364552e417b8884236fb9b0e084a857af4c578d2cae50475a9c6cd3f,JF163343,,3/4/2022 15:20,15,NO CONTROLS,NO CONTROLS,CLEAR,DAYLIGHT,PARKED MOTOR VEHICLE,DIVIDED - W/MEDIAN (NOT RAISED),,STRAIGHT AND LEVEL,DRY,NO DEFECTS,ON SCENE,NO INJURY / DRIVE AWAY,,,Y,"$501 - $1,500",3/4/2022 15:20,UNABLE TO DETERMINE,UNABLE TO DETERMINE,5013,S,ADA ST,933,,,,,,,2,NO INDICATION OF INJURY,0,0,0,0,0,1,0,15,6,3,41.8027936,-87.65859339,POINT (-87.658593385739 41.802793604135)
6a3780da68f97ea01c1070d1d9d197bb09955f3bbcdb42dd3223977cf698362c377a58229d406e191910e39fa59b7d6d5734e6c56099ad6d54f74f25dc851e63,JF156142,,2/25/2022 19:46,30,NO CONTROLS,NO CONTROLS,CLEAR,"DARKNESS, LIGHTED ROAD",SIDESWIPE SAME DIRECTION,ONE-WAY,,STRAIGHT AND LEVEL,DRY,NO DEFECTS,NOT ON SCENE (DESK REPORT),INJURY AND / OR TOW DUE TO CRASH,,,,"OVER $1,500",2/25/2022 21:05,IMPROPER TURNING/NO SIGNAL,NOT APPLICABLE,2535,W,MONROE ST,1125,,,,,,,2,"REPORTED, NOT EVIDENT",3,0,0,0,3,1,0,19,6,2,41.88010593,-87.69020133,POINT (-87.690201332338 41.880105933364)
6a567f9516c1f9930cc3a0881cdf9f7527deece81b9573ffc7bd7fe21ec88d37a1cdd25bf07e80992760e5b7d928a9f84ffb78813cd2b1773d475853bbb1d1a2,JF156030,,2/25/2022 17:50,30,NO CONTROLS,NO CONTROLS,SNOW,"DARKNESS, LIGHTED ROAD",ANGLE,ONE-WAY,,STRAIGHT AND LEVEL,SNOW OR SLUSH,NO DEFECTS,NOT ON SCENE (DESK REPORT),NO INJURY / DRIVE AWAY,,,Y,"OVER $1,500",2/25/2022 18:35,FAILING TO REDUCE SPEED TO AVOID CRASH,DRIVING SKILLS/KNOWLEDGE/EXPERIENCE,7850,S,EMERALD AVE,621,,,,,,,2,NO INDICATION OF INJURY,0,0,0,0,0,2,0,17,6,2,41.75092758,-87.64297625,POINT (-87.642976247036 41.750927575297)
fac8e98846baddbfabe441f1ae1e4ef6414ab19e56339761ebbc4ab10d4f45d5fb53e1068366b28eaa7cfd1356a1ab49ab4297e3485319492f491755d6e83a7e,JF170616,,3/11/2022 13:30,20,STOP SIGN/FLASHER,FUNCTIONING PROPERLY,CLEAR,DAYLIGHT,PARKED MOTOR VEHICLE,ONE-WAY,,STRAIGHT AND LEVEL,DRY,NO DEFECTS,NOT ON SCENE (DESK REPORT),NO INJURY / DRIVE AWAY,Y,,Y,"OVER $1,500",3/11/2022 15:50,DRIVING SKILLS/KNOWLEDGE/EXPERIENCE,NOT APPLICABLE,3100,W,ARGYLE ST,1713,,,,,,,2,NO INDICATION OF INJURY,0,0,0,0,0,1,0,13,6,3,41.97221924,-87.70619772,POINT (-87.706197721606 41.97221924346)
6aab261ad1f5b76f4eea7d4d4f449f9b6a48e5fa41840eb0aae320cacdab4b95133d6f600a49299b2fe959e3dbdd8376cc118dfd9be86cba550d9c3e959afde7,JF156100,,2/25/2022 18:14,30,NO CONTROLS,NO CONTROLS,CLEAR,DARKNESS,SIDESWIPE OPPOSITE DIRECTION,NOT DIVIDED,,STRAIGHT AND LEVEL,DRY,NO DEFECTS,NOT ON SCENE (DESK REPORT),NO INJURY / DRIVE AWAY,,,Y,"$501 - $1,500",2/25/2022 20:24,NOT APPLICABLE,NOT APPLICABLE,2400,W,MARQUETTE RD,832,,,,,,,3,NO INDICATION OF INJURY,0,0,0,0,0,4,0,18,6,2,41.77208621,-87.68350886,POINT (-87.683508857816 41.772086214105)
6ab0f0589ea74836ea5c667dc851e788298ada077e70d9f5a0a7c43ece4a2f3a026f965ce870ea040d8c69ea8f782715446d55eecf5fe5cf96d834801594cd59,JF155853,,2/25/2022 15:30,30,NO CONTROLS,NO CONTROLS,CLEAR,DAYLIGHT,REAR END,NOT DIVIDED,,STRAIGHT AND LEVEL,DRY,NO DEFECTS,ON SCENE,INJURY AND / OR TOW DUE TO CRASH,,,,"OVER $1,500",2/25/2022 15:42,IMPROPER OVERTAKING/PASSING,FAILING TO REDUCE SPEED TO AVOID CRASH,8041,S,SOUTH CHICAGO AVE,414,,,,,,,2,NONINCAPACITATING INJURY,1,0,0,1,0,2,0,15,6,2,41.74874161,-87.58153461,POINT (-87.581534604983 41.748741611064)
a6fdcdad8e1ac14ecc4baf96b3016fdcdd30ebdb55a4d188eab58bb632389e19e4dfd9bf60bc89aaf50b38d452d160e2e87a277f11ffe4bb5ad497be6d8728ab,JF180361,Y,3/18/2022 18:01,30,NO CONTROLS,NO CONTROLS,UNKNOWN,UNKNOWN,PARKED MOTOR VEHICLE,ONE-WAY,,STRAIGHT AND LEVEL,UNKNOWN,NO DEFECTS,ON SCENE,NO INJURY / DRIVE AWAY,,,Y,"OVER $1,500",3/20/2022 13:19,UNABLE TO DETERMINE,NOT APPLICABLE,2861,W,PALMER ST,1414,,,,,,,2,NO INDICATION OF INJURY,0,0,0,0,0,1,0,18,6,3,41.92155855,-87.69973041,POINT (-87.699730410294 41.921558548812)
fafb4b3a6c124ad7d14afc9220ea6ed92fda37ac39c6689bbf2d10e33e130411a2ca21ca4d9aa4e5fe71b417ef9cd3e7276c1267f2a6034ff5a69a5155d04aa6,JF170089,,3/11/2022 7:50,30,NO CONTROLS,NO CONTROLS,SNOW,DAYLIGHT,PARKED MOTOR VEHICLE,ONE-WAY,,STRAIGHT AND LEVEL,WET,NO DEFECTS,NOT ON SCENE (DESK REPORT),NO INJURY / DRIVE AWAY,,,,"OVER $1,500",3/11/2022 8:30,NOT APPLICABLE,UNABLE TO DETERMINE,5550,N,BERNARD ST,1712,,,,,,,2,NO INDICATION OF INJURY,0,0,0,0,0,1,0,7,6,3,41.9826725,-87.71508241,POINT (-87.715082410425 41.982672497396)
a26694d460982c4c0dce82b1f0058e4b91386aa9e6d099c932837be3295a7d32e653f151fc70e0a1af0998356934f192d301bf2c2e392a8524196f31eb2af637,JF164008,,3/4/2022 16:45,30,NO CONTROLS,NO CONTROLS,CLEAR,DAYLIGHT,REAR END,NOT DIVIDED,,STRAIGHT AND LEVEL,DRY,NO DEFECTS,NOT ON SCENE (DESK REPORT),NO INJURY / DRIVE AWAY,,,Y,"OVER $1,500",3/5/2022 10:15,UNABLE TO DETERMINE,UNABLE TO DETERMINE,812,E,87TH ST,632,,,,,,,2,NO INDICATION OF INJURY,0,0,0,0,0,2,0,16,6,3,41.73676658,-87.6042591,POINT (-87.604259101734 41.736766578182)
ba6973029bf78286e478025f42386b5d792d72e9a2c13d69054fb3c2efd992ef71ae5361db9d337782f4ae1ee5a4fcdb7d84823974baf4e20c37534e2b554b8e,JF185768,,3/24/2022 22:30,30,TRAFFIC SIGNAL,FUNCTIONING PROPERLY,FREEZING RAIN/DRIZZLE,"DARKNESS, LIGHTED ROAD",SIDESWIPE SAME DIRECTION,NOT DIVIDED,,STRAIGHT AND LEVEL,WET,NO DEFECTS,NOT ON SCENE (DESK REPORT),NO INJURY / DRIVE AWAY,,,,"OVER $1,500",3/25/2022 7:30,UNABLE TO DETERMINE,NOT APPLICABLE,6402,N,CENTRAL AVE,1621,,,,,,,2,NO INDICATION OF INJURY,0,0,0,0,0,2,0,22,5,3,41.99745591,-87.7638982,POINT (-87.763898200836 41.997455914405)
a2a60d193bcc7c14fb0bc877be60c28f3b1c892b070e419708f72b44a82337f0a35ee4893fc0bbbf9b689af9f53200aa3d4f272d865c08f90b7b8ba7fa92bcef,JF162779,,3/4/2022 8:47,40,NO CONTROLS,NO CONTROLS,CLEAR,DAYLIGHT,REAR END,DIVIDED - W/MEDIAN BARRIER,,STRAIGHT AND LEVEL,DRY,NO DEFECTS,ON SCENE,INJURY AND / OR TOW DUE TO CRASH,,,,"OVER $1,500",3/4/2022 8:50,FAILING TO REDUCE SPEED TO AVOID CRASH,DRIVING SKILLS/KNOWLEDGE/EXPERIENCE,3834,W,63RD PL,823,,,,,,,3,NO INDICATION OF INJURY,0,0,0,0,0,4,0,8,6,3,41.77789524,-87.71924964,POINT (-87.719249640123 41.777895239452)
a2a98664ed5b75e76477895249dcc05ed91efb144cd350b990d899be6ea341564a2a1a8c53ec39c8833d71d9d3dab25f5199ae0a4709adca65cf47d4206c67ed,JF163410,,3/4/2022 17:00,30,YIELD,FUNCTIONING PROPERLY,CLEAR,DAYLIGHT,REAR TO REAR,DIVIDED - W/MEDIAN (NOT RAISED),,STRAIGHT AND LEVEL,DRY,NO DEFECTS,ON SCENE,INJURY AND / OR TOW DUE TO CRASH,,,Y,"OVER $1,500",3/4/2022 17:13,UNABLE TO DETERMINE,NOT APPLICABLE,4100,N,PULASKI RD,1722,,,,,,,3,INCAPACITATING INJURY,1,0,1,0,0,2,0,17,6,3,41.95556567,-87.72781803,POINT (-87.727818032148 41.955565668022)
6ba78dcca1055f612bc63b66d59e0ba8e0ef4516a36631c0d339612b906683fad9a041b1350da08e36df01c3652dc55a2301b0dfef36bbd58123f53b4ad6354c,JF155814,,2/25/2022 15:00,10,NO CONTROLS,NO CONTROLS,CLEAR,DAYLIGHT,TURNING,PARKING LOT,,STRAIGHT AND LEVEL,DRY,NO DEFECTS,NOT ON SCENE (DESK REPORT),NO INJURY / DRIVE AWAY,,Y,,"OVER $1,500",2/25/2022 15:25,DRIVING SKILLS/KNOWLEDGE/EXPERIENCE,NOT APPLICABLE,10001,S,PULASKI RD,2211,,N,,,,,2,NO INDICATION OF INJURY,0,0,0,0,0,4,0,15,6,2,41.71125823,-87.72093947,POINT (-87.720939473403 41.711258232205)
fbd9666cf7b6e16c5885a173b7c292e910dae3506166cba442056d70bcd64a3a4a8214895559bf6c4fdced753b62d0eedf567a3e6e53eeb3ccd483b2c3ae5739,JF170182,Y,3/11/2022 9:22,10,NO CONTROLS,NO CONTROLS,CLEAR,DAYLIGHT,PARKED MOTOR VEHICLE,DRIVEWAY,,STRAIGHT AND LEVEL,DRY,NO DEFECTS,ON SCENE,NO INJURY / DRIVE AWAY,,,Y,$500 OR LESS,3/11/2022 9:22,UNABLE TO DETERMINE,UNABLE TO DETERMINE,270,E,ONTARIO ST,1834,,,,,,,2,NO INDICATION OF INJURY,0,0,0,0,0,2,0,9,6,3,41.89350272,-87.62092724,POINT (-87.620927243824 41.893502714726)
a2dc5287f6301f960f8405fd8645408a2ca713153e0fec3c4c280af5e65da4a2867d120b5d257cde9670aff24e6bacdbd9c8becd99580de0a0a69a32edb9ede3,JE354208,,8/28/2021 22:00,30,NO CONTROLS,NO CONTROLS,CLEAR,DARKNESS,PARKED MOTOR VEHICLE,ONE-WAY,,STRAIGHT AND LEVEL,DRY,NO DEFECTS,,INJURY AND / OR TOW DUE TO CRASH,,,Y,"OVER $1,500",8/29/2021 13:42,UNABLE TO DETERMINE,UNABLE TO DETERMINE,3302,S,ABERDEEN ST,913,,,,,,,2,NO INDICATION OF INJURY,0,0,0,0,0,1,0,22,7,8,41.8341411,-87.65363282,POINT (-87.653632818453 41.834141100208)
a8b3f3a6edbf05c3c41215acab414180f00289a3aa453286e844509acd8345a55674502d5a014a49fb16997223d06373c8b06f9452ac92e8d6d15ef7402f3878,JC430200,,9/12/2019 12:55,30,TRAFFIC SIGNAL,FUNCTIONING PROPERLY,CLEAR,DAYLIGHT,SIDESWIPE SAME DIRECTION,ONE-WAY,,STRAIGHT AND LEVEL,DRY,NO DEFECTS,,NO INJURY / DRIVE AWAY,,,,"$501 - $1,500",9/12/2019 13:15,IMPROPER LANE USAGE,IMPROPER LANE USAGE,1,W,OHIO ST,1831,,,,,,,2,NO INDICATION OF INJURY,0,0,0,0,0,2,0,12,5,9,41.89235808,-87.62816807,POINT (-87.62816806925 41.892358081866)
fc637240524f494b339c8417c0527bd011ed4a08bf7077600906cafedc2cc36d9029660a2a79cb7c919a53141424943f1c8294d2c8c4c941492a2cf004877d6d,JB277263,,5/24/2018 20:30,30,STOP SIGN/FLASHER,FUNCTIONING PROPERLY,CLEAR,DUSK,TURNING,DIVIDED - W/MEDIAN (NOT RAISED),2,STRAIGHT AND LEVEL,DRY,NO DEFECTS,,INJURY AND / OR TOW DUE TO CRASH,Y,,,"OVER $1,500",5/24/2018 20:36,FAILING TO YIELD RIGHT-OF-WAY,UNABLE TO DETERMINE,9200,S,VINCENNES AVE,2222,,,,,,,2,NO INDICATION OF INJURY,0,0,0,0,0,2,0,20,5,5,41.72685055,-87.64878791,POINT (-87.648787911154 41.726850549145)
83bff77f1c840dcde5cea786b0068f1e9c5b7bf7c3c1a70748814d24c01469221f34cc8f968dfa3e324552b9d4568c31ed76f285dcc5f2fd07a2dd7996ec3827,JF148400,,2/18/2022 10:15,30,STOP SIGN/FLASHER,NO CONTROLS,CLEAR,DAYLIGHT,ANGLE,NOT DIVIDED,,STRAIGHT AND LEVEL,ICE,NO DEFECTS,NOT ON SCENE (DESK REPORT),NO INJURY / DRIVE AWAY,,,,"OVER $1,500",2/18/2022 11:20,WEATHER,WEATHER,5601,S,NATOMA AVE,811,,,,,,,2,NO INDICATION OF INJURY,0,0,0,0,0,2,0,10,6,2,41.79032166,-87.7876964,POINT (-87.787696396051 41.790321655035)
6d550a3779ffbe0f10803a3853d4230559ecec357e1f120a6edae95d86ee6308b10eb7d3b9a1e722065fa1e509c5a5da7c0880180a3ec1867f2eaeb075efec1c,JF155416,,2/25/2022 8:57,30,NO CONTROLS,NO CONTROLS,CLEAR,DAYLIGHT,PARKED MOTOR VEHICLE,NOT DIVIDED,,STRAIGHT AND LEVEL,DRY,NO DEFECTS,ON SCENE,NO INJURY / DRIVE AWAY,,,,"$501 - $1,500",2/25/2022 8:59,PHYSICAL CONDITION OF DRIVER,"OPERATING VEHICLE IN ERRATIC, RECKLESS, CARELESS, NEGLIGENT OR AGGRESSIVE MANNER",4932,W,DIVISION ST,2533,,,,,,,2,NO INDICATION OF INJURY,0,0,0,0,0,1,0,8,6,2,41.90242364,-87.74976242,POINT (-87.749762422863 41.90242363908)
a91983dedd89d7620e4a08a606ff08911606254d8ea7d76014b599ff2d193fcbc31a8fdb18a37e3977f9bb62e4cc778fac73a3099aba5135f1bd49dfaf617762,JF181300,,3/18/2022 16:45,30,UNKNOWN,UNKNOWN,UNKNOWN,UNKNOWN,PARKED MOTOR VEHICLE,NOT DIVIDED,,STRAIGHT AND LEVEL,UNKNOWN,UNKNOWN,NOT ON SCENE (DESK REPORT),NO INJURY / DRIVE AWAY,,,Y,"OVER $1,500",3/21/2022 11:10,UNABLE TO DETERMINE,UNABLE TO DETERMINE,1551,W,THOMAS ST,1213,,,,,,,2,NO INDICATION OF INJURY,0,0,0,0,0,1,0,16,6,3,41.9014208,-87.66708515,POINT (-87.667085145969 41.901420800259)
6cc31c1f3e413409c71ab0e2a4cf9654dcf1d4924b61240268af16b5a14bbc8ff2bc76d988df99399cf0d716ec3a8c2b8c704eb4ea9144a4ce9f5631b55f9f38,JE305013,,7/17/2021 16:00,30,TRAFFIC SIGNAL,FUNCTIONING PROPERLY,CLEAR,"DARKNESS, LIGHTED ROAD",REAR END,NOT DIVIDED,,STRAIGHT AND LEVEL,DRY,NO DEFECTS,,INJURY AND / OR TOW DUE TO CRASH,,,,"OVER $1,500",7/17/2021 21:45,TEXTING,UNABLE TO DETERMINE,1,S,AUSTIN BLVD,1513,,,,,,,2,NO INDICATION OF INJURY,0,0,0,0,0,2,0,16,7,7,41.88003314,-87.7745071,POINT (-87.774507097482 41.88003314198)
868b3f5af9a488180a96c009d9330a7cfa497b7049a6d7dcb297f6046cfedfbc4827da695d20283294f0bab19fb80d17072a0ef7c42c1f2d0df725e6cde659a6,JC466824,,10/9/2019 22:30,30,TRAFFIC SIGNAL,FUNCTIONING PROPERLY,CLEAR,"DARKNESS, LIGHTED ROAD",TURNING,FOUR WAY,,STRAIGHT AND LEVEL,DRY,UNKNOWN,,INJURY AND / OR TOW DUE TO CRASH,N,,Y,"OVER $1,500",10/9/2019 22:35,IMPROPER TURNING/NO SIGNAL,NOT APPLICABLE,55,W,WACKER DR,111,,,,,,,2,NONINCAPACITATING INJURY,1,0,0,1,0,5,0,22,4,10,41.88670693,-87.63006619,POINT (-87.630066190146 41.886706932286)