CRASH_RECORD_ID,RD_NO,CRASH_DATE_EST_I,CRASH_DATE,POSTED_SPEED_LIMIT,TRAFFIC_CONTROL_DEVICE,DEVICE_CONDITION,WEATHER_CONDITION,LIGHTING_CONDITION,FIRST_CRASH_TYPE,TRAFFICWAY_TYPE,LANE_CNT,ALIGNMENT,ROADWAY_SURFACE_COND,ROAD_DEFECT,REPORT_TYPE,CRASH_TYPE,INTERSECTION_RELATED_I,NOT_RIGHT_OF_WAY_I,HIT_AND_RUN_I,DAMAGE,DATE_POLICE_NOTIFIED,PRIM_CONTRIBUTORY_CAUSE,SEC_CONTRIBUTORY_CAUSE,STREET_NO,STREET_DIRECTION,STREET_NAME,BEAT_OF_OCCURRENCE,PHOTOS_TAKEN_I,STATEMENTS_TAKEN_I,DOORING_I,WORK_ZONE_I,WORK_ZONE_TYPE,WORKERS_PRESENT_I,NUM_UNITS,MOST_SEVERE_INJURY,INJURIES_TOTAL,INJURIES_FATAL,INJURIES_INCAPACITATING,INJURIES_NON_INCAPACITATING,INJURIES_REPORTED_NOT_EVIDENT,INJURIES_NO_INDICATION,INJURIES_UNKNOWN,CRASH_HOUR,CRASH_DAY_OF_WEEK,CRASH_MONTH,LATITUDE,LONGITUDE,LOCATION
a92f42d0528d80a940aa64283a988009e2cded6c5e5fb086cff362fe08c30cae05e67bcfe2609c90ec0eacd4615fe83e6572b5d4e9dc8c9c0bd82aced7c1a387,JE275205,,6/21/2021 21:58,30,NO CONTROLS,NO CONTROLS,CLEAR,"DARKNESS, LIGHTED ROAD",SIDESWIPE SAME DIRECTION,NOT DIVIDED,,STRAIGHT AND LEVEL,WET,NO DEFECTS,,NO INJURY / DRIVE AWAY,,,Y,"OVER $1,500",6/22/2021 8:50,UNABLE TO DETERMINE,UNABLE TO DETERMINE,6429,N,DAMEN AVE,2412,,,,,,,2,NO INDICATION OF INJURY,0,0,0,0,0,2,0,21,2,6,41.99872481,-87.68001744,POINT (-87.680017437977 41.998724806606)
ba9a88a231d09a4c086210274e57b5dbbb2594937146f53b7e8362c27e5dc114824f7a41d20bd8be3ed168b64e8a6ebf59ee6d7623ccf2bf7af9f7a34e8d2f0f,JF184608,,3/24/2022 7:18,30,NO CONTROLS,NO CONTROLS,RAIN,DAYLIGHT,SIDESWIPE SAME DIRECTION,NOT DIVIDED,,STRAIGHT AND LEVEL,WET,NO DEFECTS,ON SCENE,INJURY AND / OR TOW DUE TO CRASH,,,,"OVER $1,500",3/24/2022 7:19,UNABLE TO DETERMINE,UNABLE TO DETERMINE,5428,W,FULLERTON AVE,2515,,,,,,,2,NO INDICATION OF INJURY,0,0,0,0,0,2,0,7,5,3,41.92413728,-87.76223711,POINT (-87.762237109334 41.92413728074)
fcf05de6f86c025671aa094c0aabb849932f22687bc310eccf7f4c99e87a0930969f6525ca4dab7a215f3a67f3d3e88caff721ab770a819db25c478c57459ef8,JF170622,,3/11/2022 15:30,30,TRAFFIC SIGNAL,FUNCTIONING PROPERLY,UNKNOWN,UNKNOWN,ANGLE,NOT DIVIDED,,STRAIGHT AND LEVEL,UNKNOWN,UNKNOWN,NOT ON SCENE (DESK REPORT),NO INJURY / DRIVE AWAY,Y,,Y,"OVER $1,500",3/11/2022 16:00,UNABLE TO DETERMINE,NOT APPLICABLE,7900,S,ASHLAND AVE,611,,,,,,,2,NO INDICATION OF INJURY,0,0,0,0,0,2,0,15,6,3,41.75026224,-87.66358012,POINT (-87.663580117092 41.750262240415)
bb7d403fa6539e08ccbd4d6910aabc918d4a63113bd2c88289cfdba55f6f6634a7bfc258c9e041804a9bab7144c03dd1a537cffa6aea29c9b2fb4dce7e696538,JF184615,,3/24/2022 6:00,30,TRAFFIC SIGNAL,FUNCTIONING PROPERLY,CLOUDY/OVERCAST,DAYLIGHT,ANGLE,FOUR WAY,,STRAIGHT AND LEVEL,WET,NO DEFECTS,ON SCENE,INJURY AND / OR TOW DUE TO CRASH,Y,,,"$501 - $1,500",3/24/2022 6:41,DRIVING SKILLS/KNOWLEDGE/EXPERIENCE,NOT APPLICABLE,65,E,OHIO ST,1834,,,,,,,2,NO INDICATION OF INJURY,0,0,0,0,0,2,0,6,5,3,41.89241349,-87.62545339,POINT (-87.625453386562 41.89241348727)
fdcfd458abbd656cfe7bd7912596b154efed5cf5b60feded301de46ecbff7840eff8ace717d48809897b1148acebd7b4a404a485a30811069bf95593eb2a8498,JF170613,,3/11/2022 15:20,25,NO CONTROLS,NO CONTROLS,CLEAR,DAYLIGHT,PARKED MOTOR VEHICLE,NOT DIVIDED,,STRAIGHT AND LEVEL,DRY,NO DEFECTS,ON SCENE,NO INJURY / DRIVE AWAY,,,,$500 OR LESS,3/11/2022 15:36,UNABLE TO DETERMINE,NOT APPLICABLE,503,N,ASHLAND AVE,1215,,,,,,,2,NO INDICATION OF INJURY,0,0,0,0,0,1,0,15,6,3,41.89107575,-87.66699799,POINT (-87.666997985662 41.891075753126)
a58292ef269bc30ddb5c7d6a576d61a7b7fba22f3794844dcb6632c9c3ac94780c2ba2db6022a1e63fb0c8b7f0f7b07fe3bf329b42d85b5fb14c18c6caac0ea3,JF163508,,3/4/2022 15:57,30,NO CONTROLS,NO CONTROLS,CLEAR,"DARKNESS, LIGHTED ROAD",SIDESWIPE SAME DIRECTION,NOT DIVIDED,,STRAIGHT AND LEVEL,DRY,NO DEFECTS,NOT ON SCENE (DESK REPORT),NO INJURY / DRIVE AWAY,,,Y,"$501 - $1,500",3/4/2022 18:58,UNABLE TO DETERMINE,UNABLE TO DETERMINE,3111,N,WESTERN AVE,1931,,,,,,,2,NO INDICATION OF INJURY,0,0,0,0,0,2,0,15,6,3,41.93798045,-87.68774498,POINT (-87.687744980188 41.937980454137)
859ecc79109de3e717361dd4e9b2e4ea2ef6627aae5976a09cea7d8ed41b55b56b63d85c0d34fd58dba794edd631191268a0c145cdefeece5c44abcae52bbbea,JF148161,,2/18/2022 5:45,30,NO CONTROLS,NO CONTROLS,FREEZING RAIN/DRIZZLE,"DARKNESS, LIGHTED ROAD",REAR END,NOT DIVIDED,,STRAIGHT AND LEVEL,ICE,NO DEFECTS,NOT ON SCENE (DESK REPORT),NO INJURY / DRIVE AWAY,,,,"OVER $1,500",2/18/2022 7:00,FOLLOWING TOO CLOSELY,IMPROPER OVERTAKING/PASSING,5403,S,HARLEM AVE,811,,,,,,,2,NO INDICATION OF INJURY,0,0,0,0,0,2,0,5,6,2,41.79385031,-87.8014401,POINT (-87.801440102748 41.793850306853)
abd083734074246c7d45af3639abf06459152d390b6c58c3ff4889fa80ec25b0313c618c0ea224f4b09a7a3e5b01d855d43d1ec7c42ecdce0799fd340e198fc2,JF178552,,3/18/2022 17:05,30,TRAFFIC SIGNAL,FUNCTIONING PROPERLY,RAIN,DAYLIGHT,TURNING,NOT DIVIDED,,STRAIGHT AND LEVEL,WET,NO DEFECTS,NOT ON SCENE (DESK REPORT),NO INJURY / DRIVE AWAY,,,Y,"OVER $1,500",3/18/2022 17:10,FOLLOWING TOO CLOSELY,IMPROPER OVERTAKING/PASSING,3528,W,LAKE ST,1123,,,,,,,2,NO INDICATION OF INJURY,0,0,0,0,0,2,0,17,6,3,41.88495315,-87.714705,POINT (-87.714704996454 41.884953146967)
ac25bdaf68f995276acca23e772a4ebef55c21c6dbcaa98260ae2b0b57f39d7003ed2813f442dc86a68a27c1380ff5937a8fc05da393680cb7fd3b6b6816192d,JF178435,,3/18/2022 15:00,30,UNKNOWN,UNKNOWN,RAIN,DAYLIGHT,ANGLE,NOT DIVIDED,,STRAIGHT AND LEVEL,WET,UNKNOWN,NOT ON SCENE (DESK REPORT),NO INJURY / DRIVE AWAY,,,,"OVER $1,500",3/18/2022 15:40,UNABLE TO DETERMINE,UNABLE TO DETERMINE,3222,W,ADDISON ST,1733,,,,,,,2,NO INDICATION OF INJURY,0,0,0,0,0,2,0,15,6,3,41.94673324,-87.70879357,POINT (-87.708793567892 41.946733240155)
6f7d59579814ad47b2a0fc3b5687d99cfecf9feae926cc6257bab9c9d844efad39532e014c948f200976e63ef9ba7305ab286daa80d99abbeb0fb654b4827ef5,JF155330,,2/25/2022 7:25,30,NO CONTROLS,NO CONTROLS,SNOW,DAWN,SIDESWIPE SAME DIRECTION,NOT DIVIDED,,STRAIGHT AND LEVEL,SNOW OR SLUSH,UNKNOWN,NOT ON SCENE (DESK REPORT),NO INJURY / DRIVE AWAY,,,,"$501 - $1,500",2/25/2022 7:50,WEATHER,NOT APPLICABLE,430,E,35TH ST,211,,Y,,,,,2,NO INDICATION OF INJURY,0,0,0,0,0,2,0,7,6,2,41.83128253,-87.61569818,POINT (-87.615698175942 41.831282534192)
6f92041880c8e73f5d15eaa8c04414178a947a2aba870cbf82d6d8c8abe75506c7120e822078b79664bbc9be391cc767dfa9b21a05ae211531107db69baf615c,JF155434,,2/25/2022 9:00,15,NO CONTROLS,NO CONTROLS,UNKNOWN,UNKNOWN,PARKED MOTOR VEHICLE,NOT DIVIDED,,STRAIGHT AND LEVEL,UNKNOWN,NO DEFECTS,NOT ON SCENE (DESK REPORT),NO INJURY / DRIVE AWAY,,,Y,"OVER $1,500",2/25/2022 9:35,NOT APPLICABLE,NOT APPLICABLE,611,N,HOMAN AVE,1121,,,,,,,2,NO INDICATION OF INJURY,0,0,0,0,0,1,0,9,6,2,41.89222195,-87.71119098,POINT (-87.711190978344 41.892221945415)
6fdef34db12267fea439117cd10bf4daeee1f4ab5fdfc4afa78caba84ec3a9e6df466d2a13e4b28e8ba28c39d1d8ab7ec99bc1985b3cfea74b8781cf8d4b4f52,JF155384,,2/25/2022 8:05,30,TRAFFIC SIGNAL,FUNCTIONING PROPERLY,SNOW,DAYLIGHT,SIDESWIPE SAME DIRECTION,NOT DIVIDED,,STRAIGHT AND LEVEL,WET,UNKNOWN,NOT ON SCENE (DESK REPORT),NO INJURY / DRIVE AWAY,,,,"$501 - $1,500",2/25/2022 8:32,UNABLE TO DETERMINE,UNABLE TO DETERMINE,6266,S,KOSTNER AVE,813,,,,,,,2,NO INDICATION OF INJURY,0,0,0,0,0,4,0,8,6,2,41.77863247,-87.73267512,POINT (-87.732675117409 41.778632468127)
867e8d9f7b126753139152630bcda3b9339f16e6f3fb68becd8d4b49ccc5a17fd9a435658bf57bea93644d3ba79c5935650b3ce689b675fed2eb8905eee271f9,JF154846,,2/18/2022 23:45,30,NO CONTROLS,NO CONTROLS,CLEAR,DAYLIGHT,ANGLE,ONE-WAY,,STRAIGHT AND LEVEL,DRY,NO DEFECTS,NOT ON SCENE (DESK REPORT),NO INJURY / DRIVE AWAY,,,Y,"OVER $1,500",2/24/2022 16:34,DRIVING ON WRONG SIDE/WRONG WAY,DRIVING SKILLS/KNOWLEDGE/EXPERIENCE,600,N,CLARK ST,1832,,,,,,,2,NO INDICATION OF INJURY,0,0,0,0,0,2,0,23,6,2,41.89246403,-87.63129489,POINT (-87.631294885907 41.892464032993)
6fb27f5b73b8d06c26cbb1bd3ed210d61ddde146e0a8cd8add219dc98d8714397a09850467938d550eaefac747faa070f8ac1c9bcf54b46d08a85df7fba62218,JE204336,,4/19/2021 20:50,30,NO CONTROLS,NO CONTROLS,CLEAR,"DARKNESS, LIGHTED ROAD",REAR END,NOT DIVIDED,,STRAIGHT AND LEVEL,DRY,NO DEFECTS,,NO INJURY / DRIVE AWAY,,,,"OVER $1,500",4/19/2021 21:10,FOLLOWING TOO CLOSELY,NOT APPLICABLE,7910,S,WESTERN AVE,835,,,,,,,2,NO INDICATION OF INJURY,0,0,0,0,0,3,0,20,2,4,41.74976597,-87.68298326,POINT (-87.682983264495 41.749765967974)
a5cdcc8b47ce8d5117302c22cbc2bcaff0c4747d91bcbd5d10b17eeee15d3608cf82742b4f22821e3f0da91cdf0b104e31afa07e1ef2ead8fce4de774b336163,JD340045,,8/21/2020 11:47,30,NO CONTROLS,NO CONTROLS,CLEAR,DAYLIGHT,PARKED MOTOR VEHICLE,ONE-WAY,,STRAIGHT AND LEVEL,DRY,NO DEFECTS,,NO INJURY / DRIVE AWAY,,,,$500 OR LESS,8/21/2020 11:54,IMPROPER TURNING/NO SIGNAL,IMPROPER TURNING/NO SIGNAL,1629,S,KARLOV AVE,1012,,,,,,,2,NO INDICATION OF INJURY,0,0,0,0,0,1,0,11,6,8,41.85795108,-87.72722466,POINT (-87.727224657597 41.85795108024)
fe1394d4812d34c267bfad816fc762e263f33d3cbb895d939045fed472430b132d425afa4fb44ead158df88a909aecb2b521ad4ede92fe914844463054a30156,JC466637,,10/9/2019 19:47,30,NO CONTROLS,NO CONTROLS,CLEAR,"DARKNESS, LIGHTED ROAD",PARKED MOTOR VEHICLE,NOT DIVIDED,,STRAIGHT AND LEVEL,DRY,NO DEFECTS,,NO INJURY / DRIVE AWAY,,,Y,"$501 - $1,500",10/9/2019 19:54,UNABLE TO DETERMINE,UNABLE TO DETERMINE,4243,W,CARROLL AVE,1114,,,,,,,2,NO INDICATION OF INJURY,0,0,0,0,0,1,0,19,4,10,41.88680907,-87.73248144,POINT (-87.732481436178 41.886809072296)
bbb8549efa05dccb86262abdb57ed826621b761878a175f87ddbd05d3fb9cae5dd133152aec7ed5737e197178e8ee5c459199604be1863565f98e355b6bf7a88,JF185203,,3/24/2022 8:06,30,NO CONTROLS,NO CONTROLS,CLOUDY/OVERCAST,DAYLIGHT,SIDESWIPE SAME DIRECTION,NOT DIVIDED,,STRAIGHT AND LEVEL,WET,NO DEFECTS,NOT ON SCENE (DESK REPORT),NO INJURY / DRIVE AWAY,,,,"$501 - $1,500",3/24/2022 16:00,IMPROPER LANE USAGE,UNABLE TO DETERMINE,61,W,MADISON ST,112,,,,,,,2,NO INDICATION OF INJURY,0,0,0,0,0,3,0,8,5,3,41.88187856,-87.63010478,POINT (-87.630104776578 41.881878563463)
70b795dc2564a6f1f9c3a6851037991471da96fde67c92ff5dd72b5600ca806fe61e3efb51187b6de20a2a4009de3b61037eacbb7cf1dc11e7e37d078670520a,JF166354,,2/25/2022 10:30,30,NO CONTROLS,NO CONTROLS,CLEAR,DAYLIGHT,REAR END,NOT DIVIDED,,STRAIGHT AND LEVEL,UNKNOWN,NO DEFECTS,NOT ON SCENE (DESK REPORT),NO INJURY / DRIVE AWAY,,,,"$501 - $1,500",3/7/2022 16:13,UNABLE TO DETERMINE,ROAD CONSTRUCTION/MAINTENANCE,3410,N,WESTERN AVE,1921,,,,,,,2,NO INDICATION OF INJURY,0,0,0,0,0,2,0,10,6,2,41.9434687,-87.68830774,POINT (-87.688307735662 41.943468698575)
bd6f3f86d6cb5c4f6be7024e9c9d284a9fc8def07192c3cae4828fcc3c1c7269e8beb3c7ae85968fa2b054313ec8c45c0703283981227a9eba15d69730c95833,JF184589,,3/24/2022 6:28,30,TRAFFIC SIGNAL,FUNCTIONING PROPERLY,RAIN,"DARKNESS, LIGHTED ROAD",ANGLE,FOUR WAY,,STRAIGHT AND LEVEL,WET,NO DEFECTS,NOT ON SCENE (DESK REPORT),INJURY AND / OR TOW DUE TO CRASH,Y,,,"OVER $1,500",3/24/2022 6:28,FAILING TO YIELD RIGHT-OF-WAY,FAILING TO REDUCE SPEED TO AVOID CRASH,10300,S,HALSTED ST,2232,,,,,,,2,"REPORTED, NOT EVIDENT",1,0,0,0,1,2,0,6,5,3,41.70682334,-87.64297747,POINT (-87.642977469284 41.706823336585)
bda9f7ad607d255b538405c2cc577d915d1e9d604a52c49f59fff5f9e2bea336d0e889a44676e9f61d53e76635b0c2b4b0c6729b9316a40e633e51f35561bc08,,,4/8/2022 1:25,30,TRAFFIC SIGNAL,FUNCTIONING PROPERLY,CLEAR,"DARKNESS, LIGHTED ROAD",ANGLE,UNKNOWN INTERSECTION TYPE,,STRAIGHT AND LEVEL,DRY,NO DEFECTS,ON SCENE,INJURY AND / OR TOW DUE TO CRASH,,,Y,"OVER $1,500",4/8/2022 1:25,DISREGARDING TRAFFIC SIGNALS,NOT APPLICABLE,3800,W,HARRISON ST,1133,,,,,,,2,NO INDICATION OF INJURY,0,0,0,0,0,3,0,1,6,4,41.87362412,-87.72040656,POINT (-87.720406557306 41.873624118782)
873c97bb06313c2a7b905f1fe0c215e24b61bffea391d6a82db37356aa21e60130dece963da642a5e0322878d721d528b4e68b8cc6621d203a02760bf74dc735,JF148868,,2/18/2022 17:50,30,NO CONTROLS,NO CONTROLS,CLEAR,DARKNESS,REAR END,NOT DIVIDED,,STRAIGHT AND LEVEL,DRY,NO DEFECTS,ON SCENE,INJURY AND / OR TOW DUE TO CRASH,,,,"OVER $1,500",2/18/2022 17:54,FOLLOWING TOO CLOSELY,UNABLE TO DETERMINE,6099,N,CENTRAL AVE,1621,,,,,,,2,"REPORTED, NOT EVIDENT",1,0,0,0,1,1,0,17,6,2,41.99239212,-87.7654599,POINT (-87.765459896578 41.992392117989)
be28e98c769082d565f458e218e0fe1ebbd01ec1d3b26a3db91de80d1d1cb8e2549aa8764d9755fce40d226c2591c05e7b273f9ec6440de06ea117b81f63531e,JF185204,,3/24/2022 15:15,30,TRAFFIC SIGNAL,FUNCTIONING PROPERLY,RAIN,DAYLIGHT,FIXED OBJECT,FOUR WAY,,STRAIGHT AND LEVEL,WET,NO DEFECTS,ON SCENE,INJURY AND / OR TOW DUE TO CRASH,,,,"OVER $1,500",3/24/2022 15:15,DRIVING SKILLS/KNOWLEDGE/EXPERIENCE,UNABLE TO DETERMINE,2,E,63RD ST,311,,,,,,,1,NO INDICATION OF INJURY,0,0,0,0,0,1,0,15,5,3,41.78016863,-87.62529227,POINT (-87.625292267357 41.780168630918)
87dc0e003a3be8fbf6c8e12e7b4640aec804d182568b35cef7875d645ed5948e6aadb495fbf352f0d6d5f801f9c5178d3b4e93d4f38be52df84b2082803cc515,JF151717,,2/18/2022 16:00,30,NO CONTROLS,NO CONTROLS,BLOWING SNOW,DUSK,REAR END,NOT DIVIDED,,STRAIGHT ON HILLCREST,SNOW OR SLUSH,NO DEFECTS,NOT ON SCENE (DESK REPORT),NO INJURY / DRIVE AWAY,,,,"OVER $1,500",2/21/2022 17:30,UNABLE TO DETERMINE,UNABLE TO DETERMINE,1939,W,103RD ST,2212,,,,,,,3,NO INDICATION OF INJURY,0,0,0,0,0,3,0,16,6,2,41.70645367,-87.67061618,POINT (-87.67061618356 41.706453671493)
88069b5f28b7af6d3ae2698fbd1ab0c50192331922b91775404c26712e8a5d12bf5ddeb8f2f98a11f3ea43a2c75919b1db89e6fe2245ed0e98b97f11c2082787,JF148650,,2/18/2022 14:13,30,TRAFFIC SIGNAL,FUNCTIONING PROPERLY,CLEAR,DAYLIGHT,PEDESTRIAN,FOUR WAY,,STRAIGHT AND LEVEL,DRY,NO DEFECTS,ON SCENE,INJURY AND / OR TOW DUE TO CRASH,Y,,Y,"OVER $1,500",2/18/2022 14:23,DISREGARDING TRAFFIC SIGNALS,FAILING TO YIELD RIGHT-OF-WAY,1001,N,AUSTIN BLVD,1511,,Y,,,,,2,NONINCAPACITATING INJURY,1,0,0,1,0,1,0,14,6,2,41.89844948,-87.77510381,POINT (-87.775103806849 41.898449481093)
887b9c6218a050fb5fc2146770845c5ba5bda71fda5d262da87af6fb559bc334dfa94af97d533e67b7f2f00d55e08ea235fb61f96ac4a46dceb54d96f03c8bf7,JF148710,,2/18/2022 15:35,30,NO CONTROLS,NOT FUNCTIONING,CLEAR,DAYLIGHT,TURNING,NOT DIVIDED,,STRAIGHT AND LEVEL,WET,NO DEFECTS,ON SCENE,INJURY AND / OR TOW DUE TO CRASH,,,,"OVER $1,500",2/18/2022 16:07,DRIVING SKILLS/KNOWLEDGE/EXPERIENCE,DRIVING SKILLS/KNOWLEDGE/EXPERIENCE,2234,E,93RD ST,413,,,,,,,2,"REPORTED, NOT EVIDENT",1,0,0,0,1,1,0,15,6,2,41.7263047,-87.56922256,POINT (-87.569222560582 41.726304700617)
88d4c35e1cef9e3642b6ef5b818ce44043ecce60ddfcbde4f073cb480499c28149380c5024f4354fa3fcd2a5708521551b4c2ffb7b8f790338b965e713e33e49,JF148700,,2/18/2022 15:00,30,NO CONTROLS,NO CONTROLS,CLEAR,DAYLIGHT,PARKED MOTOR VEHICLE,NOT DIVIDED,,STRAIGHT AND LEVEL,SNOW OR SLUSH,NO DEFECTS,ON SCENE,NO INJURY / DRIVE AWAY,,,,"$501 - $1,500",2/18/2022 15:50,UNABLE TO DETERMINE,UNABLE TO DETERMINE,2547,S,LAWNDALE AVE,1013,,,,,,,2,NO INDICATION OF INJURY,0,0,0,0,0,1,0,15,6,2,41.8447875,-87.71709709,POINT (-87.71709709016 41.844787498003)
7205bd39f50d73584a17b1862be0e6f0a22a8f2a846d231730234d3c29acba04c596f302e97dd95c84e92b939390ef7aeaebd5999aee2fc5da707da7a0b9b872,JD427533,,11/10/2020 16:57,30,TRAFFIC SIGNAL,FUNCTIONING PROPERLY,CLEAR,DAYLIGHT,REAR END,DIVIDED - W/MEDIAN (NOT RAISED),,STRAIGHT AND LEVEL,DRY,NO DEFECTS,,NO INJURY / DRIVE AWAY,,,Y,"OVER $1,500",11/10/2020 17:23,FAILING TO REDUCE SPEED TO AVOID CRASH,DRIVING SKILLS/KNOWLEDGE/EXPERIENCE,5500,S,ASHLAND AVE,715,,,,,,,2,NO INDICATION OF INJURY,0,0,0,0,0,2,0,16,3,11,41.79359012,-87.664721,POINT (-87.664720995935 41.793590115883)
a7fbdd83139931791394e6452119f28a8a606684b2bb7b03faa2e096b36d7f4a0d6610dc8e870eed085ef6d4540251575344c52fd7f7b578653bab37124a0de1,JE413639,,10/18/2021 10:23,30,TRAFFIC SIGNAL,FUNCTIONING PROPERLY,CLEAR,DAYLIGHT,PEDALCYCLIST,NOT DIVIDED,,STRAIGHT AND LEVEL,DRY,NO DEFECTS,,INJURY AND / OR TOW DUE TO CRASH,Y,,,$500 OR LESS,10/18/2021 10:28,DISREGARDING OTHER TRAFFIC SIGNS,NOT APPLICABLE,5998,W,LAKE ST,1512,,,,,,,2,NONINCAPACITATING INJURY,1,0,0,1,0,1,0,10,2,10,41.88812654,-87.77476193,POINT (-87.774761932417 41.888126542183)
ff0d44b6afd156292176de1e043d0b421533ae6ef6a8877c63911abab4b965f253c3db35914f6d742ebd354202d151418dcd18f5ee22c5b2457c21cde4b09192,JE439078,,11/9/2021 7:35,30,NO CONTROLS,NO CONTROLS,CLEAR,DAYLIGHT,REAR TO FRONT,ONE-WAY,,STRAIGHT AND LEVEL,DRY,NO DEFECTS,,NO INJURY / DRIVE AWAY,,,,"$501 - $1,500",11/9/2021 9:36,IMPROPER BACKING,UNABLE TO DETERMINE,8432,S,GREEN ST,613,,,,,,,2,NO INDICATION OF INJURY,0,0,0,0,0,6,0,7,3,11,41.7405122,-87.64510812,POINT (-87.645108122891 41.740512203468)
890d8dba82bde07d24672a42bdf5ae1c88e6e4f9c37dc59c90566bd9b8777d9959eef2b185d6f4e538c88fddc44d3186d9f01a871411fc98d226eea0056ac193,JF148844,,2/18/2022 13:15,15,NO CONTROLS,NO CONTROLS,CLEAR,DAYLIGHT,TURNING,PARKING LOT,,STRAIGHT AND LEVEL,DRY,NO DEFECTS,NOT ON SCENE (DESK REPORT),NO INJURY / DRIVE AWAY,,,,"OVER $1,500",2/18/2022 17:35,UNABLE TO DETERMINE,NOT APPLICABLE,4545,S,RACINE AVE,925,,,,,,,2,NO INDICATION OF INJURY,0,0,0,0,0,2,0,13,6,2,41.81108829,-87.65506164,POINT (-87.655061641421 41.811088289748)
892b53f3a1c0c2c9f2aec628337f38ab000a1f21e92afadf0de2f3552f2f044a5ebe04b3ec0e62f4b3178bf3fe6410184e641ef2f9b45777cf7626f820dd029b,JF148946,,2/18/2022 19:26,30,STOP SIGN/FLASHER,FUNCTIONING PROPERLY,SEVERE CROSS WIND GATE,"DARKNESS, LIGHTED ROAD",PEDALCYCLIST,NOT DIVIDED,,STRAIGHT AND LEVEL,WET,NO DEFECTS,ON SCENE,INJURY AND / OR TOW DUE TO CRASH,Y,,,$500 OR LESS,2/18/2022 19:28,FAILING TO REDUCE SPEED TO AVOID CRASH,NOT APPLICABLE,4800,N,MAGNOLIA AVE,2033,,,N,,,,2,NONINCAPACITATING INJURY,1,0,0,1,0,1,0,19,6,2,41.96906429,-87.66119427,POINT (-87.661194270166 41.969064290678)
bef3aac660c0d4e8a5b96181d0dd09ccd8f286a83c963f6aecacdca83aa78c71d0d93d15ca092fbb98e28d7e7378b6d4c400fbbcd7a47667c92884e71948f237,JF186189,,3/24/2022 14:30,20,TRAFFIC SIGNAL,FUNCTIONING PROPERLY,RAIN,DAYLIGHT,REAR END,NOT DIVIDED,,STRAIGHT AND LEVEL,WET,UNKNOWN,NOT ON SCENE (DESK REPORT),NO INJURY / DRIVE AWAY,,,,"OVER $1,500",3/25/2022 13:20,UNABLE TO DETERMINE,UNABLE TO DETERMINE,2947,N,ROCKWELL ST,1411,,,,,,,3,NO INDICATION OF INJURY,0,0,0,0,0,3,0,14,5,3,41.9353685,-87.69267914,POINT (-87.692679134731 41.935368500141)
bf040c3c78afd57da39de6a0084bf5a41ea035116bf0ba9da3aa75c6aade6b95d7c5ea072713fb8d862f2e4e99484d1152a7a535f486d88b60383d39102d2cf9,JF185346,,3/24/2022 17:27,30,NO CONTROLS,NO CONTROLS,RAIN,DAYLIGHT,PARKED MOTOR VEHICLE,NOT DIVIDED,,STRAIGHT AND LEVEL,WET,NO DEFECTS,ON SCENE,INJURY AND / OR TOW DUE TO CRASH,,,,"OVER $1,500",3/24/2022 17:32,UNABLE TO DETERMINE,WEATHER,5957,S,KEDZIE AVE,824,,,,,,,3,NO INDICATION OF INJURY,0,0,0,0,0,1,0,17,5,3,41.78462928,-87.70315583,POINT (-87.703155834316 41.784629276126)
a8120cfc29c6486b6732293a9ac6d1d370e87d03bda56aefc7d7782c1f3d6045c03d04a0a0e8d83047099e54b5370fbed91c8a4d751198a356bfbea499655a99,JF163333,,3/4/2022 16:00,30,NO CONTROLS,NO CONTROLS,CLEAR,DAYLIGHT,PARKED MOTOR VEHICLE,DIVIDED - W/MEDIAN (NOT RAISED),,STRAIGHT AND LEVEL,DRY,NO DEFECTS,NOT ON SCENE (DESK REPORT),NO INJURY / DRIVE AWAY,,,,"OVER $1,500",3/4/2022 16:30,UNABLE TO DETERMINE,UNABLE TO DETERMINE,3636,N,KILBOURN AVE,1731,,,,,,,2,NO INDICATION OF INJURY,0,0,0,0,0,2,0,16,6,3,41.94728052,-87.74003111,POINT (-87.740031107836 41.94728051679)
89a2b7d50416e39c0d19d07138daf823a296faf3d4fd02c13c7681424cc7747f6e5c2e9879532691858a1e60a12a803f6982d84c65127c460b27f9a2c739039c,JF148097,,2/18/2022 2:09,35,NO CONTROLS,NO CONTROLS,SNOW,"DARKNESS, LIGHTED ROAD",FIXED OBJECT,NOT DIVIDED,,STRAIGHT AND LEVEL,SNOW OR SLUSH,NO DEFECTS,ON SCENE,INJURY AND / OR TOW DUE TO CRASH,,,,"OVER $1,500",2/18/2022 2:11,WEATHER,WEATHER,9705,S,WESTERN AVE,2213,,,,,,,1,NO INDICATION OF INJURY,0,0,0,0,0,1,0,2,6,2,41.71709669,-87.68180357,POINT (-87.681803574161 41.717096688104)
bf26e64fd7583c4e0866c87f1c638dd98d79eca3c0d512dd975c59e4076a9d33b8e2103a54dc72e25b1e5e6d7fef9b8b24bdd4ab02a8277c7a71ee91c2a07858,JF186629,,3/24/2022 22:10,15,NO CONTROLS,NO CONTROLS,CLEAR,DARKNESS,PARKED MOTOR VEHICLE,PARKING LOT,,STRAIGHT AND LEVEL,DRY,NO DEFECTS,NOT ON SCENE (DESK REPORT),NO INJURY / DRIVE AWAY,,,Y,"OVER $1,500",3/25/2022 19:45,IMPROPER BACKING,FAILING TO REDUCE SPEED TO AVOID CRASH,2463,S,ARCHER AVE,914,,,,,,,2,NO INDICATION OF INJURY,0,0,0,0,0,1,0,22,5,3,41.84782032,-87.64496902,POINT (-87.64496901488 41.847820322392)