CRASH_RECORD_ID,RD_NO,CRASH_DATE_EST_I,CRASH_DATE,POSTED_SPEED_LIMIT,TRAFFIC_CONTROL_DEVICE,DEVICE_CONDITION,WEATHER_CONDITION,LIGHTING_CONDITION,FIRST_CRASH_TYPE,TRAFFICWAY_TYPE,LANE_CNT,ALIGNMENT,ROADWAY_SURFACE_COND,ROAD_DEFECT,REPORT_TYPE,CRASH_TYPE,INTERSECTION_RELATED_I,NOT_RIGHT_OF_WAY_I,HIT_AND_RUN_I,DAMAGE,DATE_POLICE_NOTIFIED,PRIM_CONTRIBUTORY_CAUSE,SEC_CONTRIBUTORY_CAUSE,STREET_NO,STREET_DIRECTION,STREET_NAME,BEAT_OF_OCCURRENCE,PHOTOS_TAKEN_I,STATEMENTS_TAKEN_I,DOORING_I,WORK_ZONE_I,WORK_ZONE_TYPE,WORKERS_PRESENT_I,NUM_UNITS,MOST_SEVERE_INJURY,INJURIES_TOTAL,INJURIES_FATAL,INJURIES_INCAPACITATING,INJURIES_NON_INCAPACITATING,INJURIES_REPORTED_NOT_EVIDENT,INJURIES_NO_INDICATION,INJURIES_UNKNOWN,CRASH_HOUR,CRASH_DAY_OF_WEEK,CRASH_MONTH,LATITUDE,LONGITUDE,LOCATION
72a75dda2f7ab1cf14dde4e00ef99af434153562042f1a6d9f6b0e64b8afd8becc94cc723664334a97d799f4e18fdc4861c08aa1ad5ee9a4479b45a3606cf10f,JF158515,,2/25/2022 7:55,30,UNKNOWN,UNKNOWN,SNOW,DAYLIGHT,TURNING,NOT DIVIDED,,STRAIGHT AND LEVEL,SNOW OR SLUSH,UNKNOWN,,NO INJURY / DRIVE AWAY,,,,"OVER $1,500",2/28/2022 10:32,UNABLE TO DETERMINE,UNABLE TO DETERMINE,4399,S,ARCHER AVE,821,,,,,,,2,NO INDICATION OF INJURY,0,0,0,0,0,2,0,7,6,2,41.81330869,-87.7052871,POINT (-87.705287098287 41.813308692951)
a8cc8a2859444d8d259c12833855890eab0f0bbc67830896a2cb4ce8791fa71407aa0226714788fbafa8e5ad306e6e7e57932ae91305698c1a99880daef061a4,JF163289,,3/4/2022 15:40,30,NO CONTROLS,NO CONTROLS,CLEAR,DAYLIGHT,REAR END,NOT DIVIDED,,STRAIGHT AND LEVEL,DRY,NO DEFECTS,ON SCENE,INJURY AND / OR TOW DUE TO CRASH,,,Y,"OVER $1,500",3/4/2022 15:45,"OPERATING VEHICLE IN ERRATIC, RECKLESS, CARELESS, NEGLIGENT OR AGGRESSIVE MANNER",UNABLE TO DETERMINE,8200,S,KEDZIE AVE,834,,,,,,,3,"REPORTED, NOT EVIDENT",2,0,0,0,2,1,0,15,6,3,41.74423097,-87.70238569,POINT (-87.702385685116 41.744230973357)
72e1e2895ff801506acf0d154f16a3f78627a9d40001cedeae6b0540e734d8034d1267ab13c43ed3f85bb112cd476e14de9ea13573c55f247f45cbf32254c803,JF156059,,2/25/2022 18:55,35,OTHER,FUNCTIONING PROPERLY,CLEAR,"DARKNESS, LIGHTED ROAD",SIDESWIPE SAME DIRECTION,DIVIDED - W/MEDIAN BARRIER,,STRAIGHT AND LEVEL,DRY,NO DEFECTS,NOT ON SCENE (DESK REPORT),NO INJURY / DRIVE AWAY,,,,"$501 - $1,500",2/25/2022 19:10,IMPROPER OVERTAKING/PASSING,UNABLE TO DETERMINE,400,S,STATE ST,113,,,,,,,2,NO INDICATION OF INJURY,0,0,0,0,0,2,0,18,6,2,41.87686253,-87.62779697,POINT (-87.627796970132 41.876862529588)
73045da8ca57ef07fbd1cd504b7cb17728aa7ae8e6bcadeea20b761799c3c5328bd6f2266c768dae69332707754efc7b2600252e4d0551bb3aab61dc87811581,JF155811,,2/25/2022 14:45,40,NO CONTROLS,NO CONTROLS,SNOW,DAYLIGHT,SIDESWIPE SAME DIRECTION,OTHER,,STRAIGHT AND LEVEL,WET,NO DEFECTS,NOT ON SCENE (DESK REPORT),INJURY AND / OR TOW DUE TO CRASH,,,,"OVER $1,500",2/25/2022 14:55,IMPROPER OVERTAKING/PASSING,DRIVING SKILLS/KNOWLEDGE/EXPERIENCE,2399,N,LAKE SHORE DR SB,1814,,,,,,,2,NONINCAPACITATING INJURY,2,0,0,2,0,0,0,14,6,2,41.92608753,-87.63099255,POINT (-87.630992552046 41.926087529895)
735baeb07cd705197cfe8577e4de455af7587f928c9bb74ccd244afc62a97be5d6c724753e50afc686faeff3411e3ff127aba0dc7c0001cf855f090240133b75,JF156671,,2/25/2022 1:30,30,NO CONTROLS,NO CONTROLS,CLEAR,"DARKNESS, LIGHTED ROAD",SIDESWIPE SAME DIRECTION,NOT DIVIDED,,STRAIGHT AND LEVEL,WET,NO DEFECTS,NOT ON SCENE (DESK REPORT),INJURY AND / OR TOW DUE TO CRASH,,,Y,"OVER $1,500",2/26/2022 12:33,FAILING TO REDUCE SPEED TO AVOID CRASH,UNABLE TO DETERMINE,430,W,ROOSEVELT RD,124,,,,,,,2,NO INDICATION OF INJURY,0,0,0,0,0,2,0,1,6,2,41.86736764,-87.63871122,POINT (-87.638711221216 41.867367636623)
73dcbd7c96bf52df2f6a2cd0afa8be3c8fe6f674a5455783845576d48d3386a5b5d0c20668322e56159005f275408090f25e94dac39e38633a8d6565c43acb45,JF156020,,2/25/2022 18:18,30,TRAFFIC SIGNAL,FUNCTIONING PROPERLY,SNOW,DAWN,REAR END,DIVIDED - W/MEDIAN (NOT RAISED),,STRAIGHT AND LEVEL,WET,NO DEFECTS,ON SCENE,NO INJURY / DRIVE AWAY,Y,,,$500 OR LESS,2/25/2022 18:21,DRIVING SKILLS/KNOWLEDGE/EXPERIENCE,UNABLE TO DETERMINE,4857,W,IRVING PARK RD,1634,,,,,,,2,NO INDICATION OF INJURY,0,0,0,0,0,6,0,18,6,2,41.95328616,-87.74944233,POINT (-87.749442330866 41.953286161954)
8ad4687a52069ddfe98dda628e1f6255722115abf842ea85ac0caa5d4d5e0a7a4f80b211cab5b200eab766d6a7388e007eee18e7733b66fde7c671bea0ea615e,JF148878,,2/18/2022 18:00,25,STOP SIGN/FLASHER,FUNCTIONING PROPERLY,CLEAR,"DARKNESS, LIGHTED ROAD",TURNING,ONE-WAY,,STRAIGHT AND LEVEL,SNOW OR SLUSH,UNKNOWN,,NO INJURY / DRIVE AWAY,Y,,N,"OVER $1,500",2/18/2022 18:34,IMPROPER TURNING/NO SIGNAL,UNABLE TO DETERMINE,2500,S,KOSTNER AVE,1013,,,,,,,2,NO INDICATION OF INJURY,0,0,0,0,0,2,0,18,6,2,41.84589714,-87.73446378,POINT (-87.734463783882 41.845897142826)
ae7d9cb15c51813b119fa5a3b45c845636c6aa0b513db6a1caf90d895cee7f8bcf42efc22807a06198b3f56c6ac4624555ff35e89a655b6c24e1bc19e3f80bdd,JF178477,,3/18/2022 15:00,35,TRAFFIC SIGNAL,FUNCTIONING PROPERLY,RAIN,DAYLIGHT,TURNING,DIVIDED - W/MEDIAN BARRIER,,STRAIGHT AND LEVEL,WET,NO DEFECTS,NOT ON SCENE (DESK REPORT),NO INJURY / DRIVE AWAY,,,Y,"OVER $1,500",3/18/2022 16:20,FAILING TO YIELD RIGHT-OF-WAY,UNABLE TO DETERMINE,4190,W,IRVING PARK RD,1722,,,,,,,2,NO INDICATION OF INJURY,0,0,0,0,0,2,0,15,6,3,41.95370668,-87.73246469,POINT (-87.732464691187 41.953706683092)
bfca033ad954b379bef02c5e38254ffa8fe228c95bfffb6b58cf6affeb7757847c31058f911d837c0eb893d063cf52e03da938a6b5ea46d484a703133eef994e,JC415258,,8/31/2019 8:46,25,NO CONTROLS,NO CONTROLS,CLEAR,DAWN,ANGLE,FOUR WAY,,STRAIGHT AND LEVEL,DRY,NO DEFECTS,,INJURY AND / OR TOW DUE TO CRASH,,,,"OVER $1,500",8/31/2019 8:46,UNABLE TO DETERMINE,NOT APPLICABLE,1200,E,60TH ST,235,,,,,,,2,"REPORTED, NOT EVIDENT",1,0,0,0,1,1,0,8,7,8,41.78613114,-87.59627246,POINT (-87.596272456237 41.786131137004)
aeb60f602f9dc154053599f365f5b0ecc73e03a266b6320f77cc412b27370d8175d8d27a942c6e3efcc58e7ce5e76616b89b2da09f1d5faf6cb0937b5623bfc2,JF178860,Y,3/18/2022 22:17,25,NO CONTROLS,NO CONTROLS,RAIN,"DARKNESS, LIGHTED ROAD",FIXED OBJECT,NOT DIVIDED,,STRAIGHT AND LEVEL,WET,NO DEFECTS,ON SCENE,INJURY AND / OR TOW DUE TO CRASH,,Y,Y,"OVER $1,500",3/18/2022 22:17,NOT APPLICABLE,NOT APPLICABLE,408,S,KILPATRICK AVE,1131,,,,,,,1,NO INDICATION OF INJURY,0,0,0,0,0,1,0,22,6,3,41.87473217,-87.74277081,POINT (-87.74277081178 41.874732172167)
aace25dc92508340f6cd5e410d2a7fdd757e0dff658591db968cbd5a7cf2a612abb9d53108f5c1ea5eadfc609695c411f894d1a5b83a673d653717128f2140e8,JF163281,,3/4/2022 13:55,25,NO CONTROLS,NO CONTROLS,CLEAR,DAYLIGHT,PARKED MOTOR VEHICLE,NOT DIVIDED,,STRAIGHT AND LEVEL,DRY,NO DEFECTS,NOT ON SCENE (DESK REPORT),NO INJURY / DRIVE AWAY,,,Y,"OVER $1,500",3/4/2022 16:00,IMPROPER LANE USAGE,UNABLE TO DETERMINE,3348,W,87TH ST,834,,,,,,,2,NO INDICATION OF INJURY,0,0,0,0,0,2,0,13,6,3,41.73523016,-87.70630543,POINT (-87.706305426979 41.735230160255)
c0ffae32f94da7141706f208bfeeb9f721913ad7020ea9fd4d5d9cd1dbf1497b4eab4d67c2d1369d9f59575a1e5276e7a6586cc5d4cadfc1e7e4a3babd25b2c0,JF184530,,3/24/2022 3:00,25,NO CONTROLS,NO CONTROLS,RAIN,"DARKNESS, LIGHTED ROAD",FIXED OBJECT,DIVIDED - W/MEDIAN (NOT RAISED),,"CURVE, LEVEL",WET,NO DEFECTS,ON SCENE,INJURY AND / OR TOW DUE TO CRASH,,,,"OVER $1,500",3/24/2022 3:02,WEATHER,NOT APPLICABLE,860,N,LAKE SHORE DR SB,1833,,,,,,,1,NONINCAPACITATING INJURY,1,0,0,1,0,0,0,3,5,3,41.89834132,-87.61805786,POINT (-87.618057855957 41.898341319021)
af4a02c417a92b9fd98d883917b7739ca758c02ff0c8b591545e06a292628291e67357576a56d7c33f6df42ca132a24a09ed7f857017b2a45d1fbb2462600bcf,JF178560,,3/18/2022 16:30,45,NO CONTROLS,NO CONTROLS,RAIN,DAYLIGHT,REAR END,DIVIDED - W/MEDIAN (NOT RAISED),,STRAIGHT AND LEVEL,WET,UNKNOWN,NOT ON SCENE (DESK REPORT),NO INJURY / DRIVE AWAY,,,Y,"$501 - $1,500",3/18/2022 17:10,UNABLE TO DETERMINE,UNABLE TO DETERMINE,4000,N,LAKE SHORE DR NB,1915,,,,,,,2,NO INDICATION OF INJURY,0,0,0,0,0,3,0,16,6,3,41.95468924,-87.64497464,POINT (-87.644974644209 41.954689241342)
c134b095f9ed30ff6dfffd5372a04257e6d02836fb15aa8f325f1e1b4a52e39041f19b02b0de293ea60579ca362d30f62323e76dea4f6767fd81f92f0a3cb886,JF184687,,3/24/2022 7:56,30,TRAFFIC SIGNAL,FUNCTIONING PROPERLY,CLOUDY/OVERCAST,DAYLIGHT,REAR END,T-INTERSECTION,,STRAIGHT AND LEVEL,WET,NO DEFECTS,NOT ON SCENE (DESK REPORT),NO INJURY / DRIVE AWAY,,,,"OVER $1,500",3/24/2022 8:45,FOLLOWING TOO CLOSELY,NOT APPLICABLE,4800,W,65TH ST,813,,,,,,,2,NO INDICATION OF INJURY,0,0,0,0,0,2,0,7,5,3,41.77488737,-87.74223452,POINT (-87.74223451918 41.774887372605)
c1764acde0ae0ba6963babb21bd6424177fe5b412db8b694b3cf4dde81615e4fab37e4c7e13e7b0a83c5ab9ac3decb92ea7d5c884a4c1739048dd87503985440,JF185133,,3/24/2022 14:50,20,NO CONTROLS,NO CONTROLS,RAIN,DAYLIGHT,PEDESTRIAN,NOT DIVIDED,,STRAIGHT AND LEVEL,WET,NO DEFECTS,ON SCENE,INJURY AND / OR TOW DUE TO CRASH,,,,"OVER $1,500",3/24/2022 14:59,DRIVING SKILLS/KNOWLEDGE/EXPERIENCE,DRIVING SKILLS/KNOWLEDGE/EXPERIENCE,3459,W,77TH ST,835,,,,,,,3,INCAPACITATING INJURY,1,0,1,0,0,2,0,14,5,3,41.7532371,-87.70975215,POINT (-87.709752147893 41.753237098752)
751ef3b5d6c926f0fba685d5ba784b2da3d68a254da877d09dc38cc6a5e283d31cfbdd316d7d3648fdc5f6000daddd1515dfb00f312f49f808d359a6ad042686,JF155857,N,2/25/2022 15:43,30,TRAFFIC SIGNAL,FUNCTIONING PROPERLY,SNOW,DAYLIGHT,REAR END,NOT DIVIDED,,STRAIGHT AND LEVEL,WET,NO DEFECTS,ON SCENE,NO INJURY / DRIVE AWAY,,,Y,$500 OR LESS,2/25/2022 15:48,UNABLE TO DETERMINE,UNABLE TO DETERMINE,1600,N,WESTERN AVE,1434,,,,,,,2,NO INDICATION OF INJURY,0,0,0,0,0,2,0,15,6,2,41.91040902,-87.68737027,POINT (-87.687370268401 41.910409023629)
c046b47cc2cdd1cd04207ec224163e96e4696f433354ea9c5cbe9957d2b3e46f7cdc1e0609d4281c893d316aeec4ae1a5b47a1fb6397ba4d392cf60f7968fd6b,JD137383,,2/2/2020 12:53,30,TRAFFIC SIGNAL,FUNCTIONING PROPERLY,CLEAR,DAYLIGHT,TURNING,DIVIDED - W/MEDIAN (NOT RAISED),,STRAIGHT AND LEVEL,DRY,NO DEFECTS,,INJURY AND / OR TOW DUE TO CRASH,Y,,,"OVER $1,500",2/2/2020 12:53,DISREGARDING TRAFFIC SIGNALS,NOT APPLICABLE,5215,N,NAGLE AVE,1622,,,,,,,3,"REPORTED, NOT EVIDENT",2,0,0,0,2,3,0,12,1,2,41.97625213,-87.78771416,POINT (-87.787714158077 41.97625213242)
75cd45476c277a98ce4f111d371da163d52584706bf1a767e2bc28cca4616a52ec4418fde528a255978172a4b3b13d633a6b77737f4e264765fd5d4625958294,JF156634,,2/25/2022 11:00,30,TRAFFIC SIGNAL,FUNCTIONING PROPERLY,CLEAR,DAYLIGHT,ANGLE,FOUR WAY,,STRAIGHT AND LEVEL,SNOW OR SLUSH,NO DEFECTS,NOT ON SCENE (DESK REPORT),NO INJURY / DRIVE AWAY,Y,,,"OVER $1,500",2/26/2022 12:00,DISREGARDING TRAFFIC SIGNALS,FAILING TO REDUCE SPEED TO AVOID CRASH,4700,S,WALLACE ST,935,,,,,,,2,NO INDICATION OF INJURY,0,0,0,0,0,2,0,11,6,2,41.80890807,-87.64082622,POINT (-87.640826216105 41.808908069506)
75d2553ee11579287efd56eae851816d23899d50da616264e23f0170b64ae686f08f406c72f81df82544d40d74acf081f31009883ee56ee43bc62d1b417f10d0,JF156028,,2/25/2022 18:20,30,TRAFFIC SIGNAL,FUNCTIONING PROPERLY,CLEAR,"DARKNESS, LIGHTED ROAD",TURNING,ONE-WAY,,STRAIGHT AND LEVEL,DRY,NO DEFECTS,ON SCENE,NO INJURY / DRIVE AWAY,,,,"OVER $1,500",2/25/2022 18:29,IMPROPER TURNING/NO SIGNAL,DRIVING SKILLS/KNOWLEDGE/EXPERIENCE,6400,S,CORNELL DR,331,,,,,,,2,NO INDICATION OF INJURY,0,0,0,0,0,4,0,18,6,2,41.77868694,-87.58525645,POINT (-87.585256450246 41.778686940792)
8ce185926b6bf0cfb72ee4e627da38a03532077f63d9b3a3ac849b17a781b04d9c2092b52a822c03a81fd5879ecc55ddcad19886c7e99d83dade801c9b33aac1,JF148863,,2/18/2022 15:00,25,NO CONTROLS,NO CONTROLS,CLEAR,DAYLIGHT,PARKED MOTOR VEHICLE,ONE-WAY,,STRAIGHT AND LEVEL,SNOW OR SLUSH,NO DEFECTS,NOT ON SCENE (DESK REPORT),NO INJURY / DRIVE AWAY,,,Y,"OVER $1,500",2/18/2022 18:00,UNABLE TO DETERMINE,NOT APPLICABLE,5601,W,WEST END AVE,1512,,,,,,,2,NO INDICATION OF INJURY,0,0,0,0,0,1,0,15,6,2,41.8841247,-87.7650818,POINT (-87.765081800934 41.884124701486)
75f20f7af801a8c216acda4ff16474492785e26830190a83de940ad25ffb330f8f35f6016e32eaa1acf77b2b6eaa306020d9062f2fdb464f3144338f93f2bbc5,JF155343,,2/25/2022 7:29,30,NO CONTROLS,NO CONTROLS,CLEAR,DAYLIGHT,ANGLE,OTHER,,STRAIGHT AND LEVEL,WET,NO DEFECTS,ON SCENE,NO INJURY / DRIVE AWAY,,,,"OVER $1,500",2/25/2022 7:46,ROAD CONSTRUCTION/MAINTENANCE,NOT APPLICABLE,435,N,LOWER MICHIGAN AVE,1834,,,,,,,2,NO INDICATION OF INJURY,0,0,0,0,0,2,0,7,6,2,41.89042261,-87.62399893,POINT (-87.623998931508 41.890422609593)
ac9531de37b5bc75c7d4402dd35492f2856b888522f502ea2d8cbabc835e4bdf1e85573b6d2bad37542bf8df70df93cf72a7e646f9f15a51a1e9604951cd6760,JF162938,,3/4/2022 11:00,30,NO CONTROLS,NO CONTROLS,CLEAR,DAYLIGHT,REAR END,NOT DIVIDED,,STRAIGHT AND LEVEL,DRY,NO DEFECTS,NOT ON SCENE (DESK REPORT),NO INJURY / DRIVE AWAY,,,,"OVER $1,500",3/4/2022 11:20,FOLLOWING TOO CLOSELY,UNABLE TO DETERMINE,6400,S,CICERO AVE,813,,,,,,,2,NO INDICATION OF INJURY,0,0,0,0,0,2,0,11,6,3,41.7765116,-87.74237234,POINT (-87.742372341405 41.776511601051)
acb179a862c300f0401a59324f20b7c25a67729558455657facb4ac7c8b74094a4f5ba3306d7ebf92c4b853c933fdbf4b831460371a735ba60747baef88f5652,JF178429,,3/18/2022 15:10,30,NO CONTROLS,NO CONTROLS,RAIN,DAYLIGHT,PEDESTRIAN,ONE-WAY,,STRAIGHT AND LEVEL,WET,NO DEFECTS,,INJURY AND / OR TOW DUE TO CRASH,,,N,"$501 - $1,500",3/18/2022 15:43,UNABLE TO DETERMINE,NOT APPLICABLE,10050,S,LEAVITT ST,2213,,,,,,,2,"REPORTED, NOT EVIDENT",1,0,0,0,1,1,0,15,6,3,41.71040499,-87.67704723,POINT (-87.677047225933 41.71040499148)
b14b783a4b9bbb1f5102893b571813a29f2efa778148571f3fc7650e1ae3e89ac5267ff9e8ed6b107a7ef0c56ece3e970b07778e73a5f1bc97df8df2e2036c04,JF178632,,3/18/2022 14:21,30,TRAFFIC SIGNAL,FUNCTIONING PROPERLY,RAIN,"DARKNESS, LIGHTED ROAD",REAR END,T-INTERSECTION,,STRAIGHT AND LEVEL,WET,UNKNOWN,ON SCENE,INJURY AND / OR TOW DUE TO CRASH,Y,,,"OVER $1,500",3/18/2022 17:51,FAILING TO REDUCE SPEED TO AVOID CRASH,FAILING TO REDUCE SPEED TO AVOID CRASH,55,W,LOWER WACKER DR,111,,,,,,,2,NO INDICATION OF INJURY,0,0,0,0,0,3,0,14,6,3,41.88667954,-87.63001595,POINT (-87.630015954327 41.886679541267)
c33bada1f7e1e7f8230d8d77374dca037494e04995ab2fcca93f9a39df0441c4c495e25c6a4f1eb8b1ff0e99780f46f50b99ec7bb8c114e95221207442abbeee,JF185430,,3/24/2022 15:30,30,TRAFFIC SIGNAL,FUNCTIONING PROPERLY,RAIN,DAYLIGHT,REAR END,NOT DIVIDED,,STRAIGHT AND LEVEL,WET,NO DEFECTS,NOT ON SCENE (DESK REPORT),NO INJURY / DRIVE AWAY,,,Y,$500 OR LESS,3/24/2022 16:20,FOLLOWING TOO CLOSELY,FOLLOWING TOO CLOSELY,4007,W,JACKSON BLVD,1132,,,,,,,2,NO INDICATION OF INJURY,0,0,0,0,0,3,0,15,5,3,41.87697294,-87.72589456,POINT (-87.725894560269 41.876972943756)
8d992df3d8040b37ccfbfc41ab08c67f9dc1bced0f52fdd3fb5d748e0054c638289012816bac277fc2e0d0400d8444f404c2fe572a8a9c2ee245ecaf577800bd,JF148812,,2/18/2022 16:10,30,NO CONTROLS,NO CONTROLS,CLEAR,DAYLIGHT,SIDESWIPE SAME DIRECTION,DIVIDED - W/MEDIAN (NOT RAISED),,STRAIGHT AND LEVEL,DRY,NO DEFECTS,NOT ON SCENE (DESK REPORT),NO INJURY / DRIVE AWAY,,,Y,"OVER $1,500",2/18/2022 17:10,UNABLE TO DETERMINE,NOT APPLICABLE,10227,S,WESTERN AVE,2213,,,,,,,2,NO INDICATION OF INJURY,0,0,0,0,0,2,0,16,6,2,41.70737518,-87.68150569,POINT (-87.681505689121 41.707375175586)
adb2299b03988d59b1dcec698020a8d35819cd22f102535d9b2d008700a4596001caea50fb50af4ae1c6fdb5d18582e1e95175f15ebc7e5bd6960620d03647e9,JF162792,,3/4/2022 8:55,30,TRAFFIC SIGNAL,FUNCTIONING PROPERLY,CLEAR,DAYLIGHT,TURNING,FOUR WAY,,STRAIGHT AND LEVEL,DRY,NO DEFECTS,NOT ON SCENE (DESK REPORT),NO INJURY / DRIVE AWAY,Y,,Y,$500 OR LESS,3/4/2022 9:20,IMPROPER OVERTAKING/PASSING,IMPROPER OVERTAKING/PASSING,5500,S,STATE ST,225,,,,,,,2,NO INDICATION OF INJURY,0,0,0,0,0,2,0,8,6,3,41.79422529,-87.62583602,POINT (-87.625836015583 41.79422529104)
b1dcf4f7497b7dc696c3abb60ddc027b4f41f9759a855336246f33863ab67c149e83e653b48aef6d6c2e688323548f25ca1eda0f57b43d422ea085986398772d,JF180481,,3/18/2022 19:35,30,NO CONTROLS,NO CONTROLS,RAIN,DARKNESS,ANGLE,NOT DIVIDED,,STRAIGHT AND LEVEL,WET,NO DEFECTS,NOT ON SCENE (DESK REPORT),NO INJURY / DRIVE AWAY,,,,"$501 - $1,500",3/20/2022 15:30,UNABLE TO DETERMINE,UNABLE TO DETERMINE,2015,W,CRYSTAL ST,1424,,,,,,,2,NO INDICATION OF INJURY,0,0,0,0,0,2,0,19,6,3,41.90399951,-87.67793261,POINT (-87.677932608334 41.903999506222)
771664d53bd82eb0d8186c377013733dcb65b1787542869caf9efd8626ad41c7b5e1e3505ef0d13210cfd24b2af7ec7913a28d5e25a9bfa94d1b37ffe43e036c,JF155309,,2/25/2022 6:45,20,STOP SIGN/FLASHER,FUNCTIONING PROPERLY,SNOW,DAYLIGHT,ANGLE,T-INTERSECTION,,STRAIGHT AND LEVEL,SNOW OR SLUSH,NO DEFECTS,ON SCENE,NO INJURY / DRIVE AWAY,Y,,,"OVER $1,500",2/25/2022 6:48,UNABLE TO DETERMINE,NOT APPLICABLE,3232,W,73RD ST,831,,,,,,,2,NO INDICATION OF INJURY,0,0,0,0,0,5,0,6,6,2,41.76086024,-87.70399854,POINT (-87.703998542442 41.760860242774)
8e3c3d76badb3aaf7ff2fa3e328ff7eeb0562b255a2f56a614c4827730cf4ec52ad8fb1ec189e13ce8501e39c17b35f4b5f9d31b3f66b88a0d16c17bbe4bdc37,JF148806,Y,2/18/2022 10:00,30,NO CONTROLS,NO CONTROLS,CLEAR,DAYLIGHT,SIDESWIPE SAME DIRECTION,DIVIDED - W/MEDIAN BARRIER,,STRAIGHT AND LEVEL,DRY,NO DEFECTS,NOT ON SCENE (DESK REPORT),NO INJURY / DRIVE AWAY,,,,"OVER $1,500",2/18/2022 17:00,UNABLE TO DETERMINE,UNABLE TO DETERMINE,1845,S,MICHIGAN AVE,132,,,,,,,2,NO INDICATION OF INJURY,0,0,0,0,0,2,0,10,6,2,41.85667956,-87.62375958,POINT (-87.623759577221 41.856679560584)
8ea257243aac388d1ae028faea76762c139ea6551b549de34eabedc5a4d331de7487d94ca618178ec920eaf70aa15e5554db5baf0e888816b9e6bfe06958b5d5,JF148794,,2/18/2022 9:00,30,NO CONTROLS,NO CONTROLS,CLEAR,DAYLIGHT,PARKED MOTOR VEHICLE,NOT DIVIDED,,STRAIGHT AND LEVEL,DRY,NO DEFECTS,NOT ON SCENE (DESK REPORT),NO INJURY / DRIVE AWAY,,,Y,"OVER $1,500",2/18/2022 17:15,UNABLE TO DETERMINE,UNABLE TO DETERMINE,6720,S,WINCHESTER AVE,726,,,,,,,2,NO INDICATION OF INJURY,0,0,0,0,0,1,0,9,6,2,41.77147467,-87.67263714,POINT (-87.67263713671 41.771474668947)
b25fcf83b78543da79cef4eb1d5ec46d47f396050ba6108cec869a703204c0cd7828f1a2fe7da6d84efaed91541d7c2ce8dfc83ba969f0f46fb70b9ac8baf7a9,JF178306,,3/18/2022 13:00,30,NO CONTROLS,NO CONTROLS,RAIN,DAYLIGHT,PARKED MOTOR VEHICLE,DIVIDED - W/MEDIAN (NOT RAISED),,STRAIGHT AND LEVEL,WET,NO DEFECTS,NOT ON SCENE (DESK REPORT),NO INJURY / DRIVE AWAY,,,,"OVER $1,500",3/18/2022 13:00,UNABLE TO DETERMINE,UNABLE TO DETERMINE,100,N,CENTRAL AVE,1512,,,,,,,2,NO INDICATION OF INJURY,0,0,0,0,0,1,0,13,6,3,41.88233928,-87.76507801,POINT (-87.765078010279 41.882339281817)
77ae1b58362dd9e945e79b6b08cc7611d18636510cb9b86edc06a59645da62dabdd26f1f96eaec3fa035b61375e35fd521d53e77fff8b975aeb61b5e476be5e6,JF155578,,2/25/2022 11:09,30,NO CONTROLS,NO CONTROLS,CLOUDY/OVERCAST,DAYLIGHT,REAR END,NOT DIVIDED,,STRAIGHT AND LEVEL,WET,NO DEFECTS,NOT ON SCENE (DESK REPORT),NO INJURY / DRIVE AWAY,,,,"OVER $1,500",2/25/2022 11:50,UNABLE TO DETERMINE,NOT APPLICABLE,1400,W,47TH ST,924,,,,,,,2,NO INDICATION OF INJURY,0,0,0,0,0,2,0,11,6,2,41.80877779,-87.66016878,POINT (-87.66016878359 41.808777793301)
8ecb509e8293071d25a0ff8bced86df33b4ef9cc4dc3bdde959bdf6e6957f684b7b14ff54abc3b047c6a23e0f5ca857ebd39b46ce14da46252e8266702f78174,JF150518,,2/18/2022 12:00,30,NO CONTROLS,NO CONTROLS,CLEAR,DAYLIGHT,SIDESWIPE SAME DIRECTION,NOT DIVIDED,,STRAIGHT AND LEVEL,SNOW OR SLUSH,NO DEFECTS,NOT ON SCENE (DESK REPORT),NO INJURY / DRIVE AWAY,,,,"OVER $1,500",2/18/2022 12:05,UNABLE TO DETERMINE,DRIVING SKILLS/KNOWLEDGE/EXPERIENCE,1200,E,75TH ST,324,,,,,,,2,NO INDICATION OF INJURY,0,0,0,0,0,2,0,12,6,2,41.75880566,-87.59561844,POINT (-87.595618443022 41.758805660489)
8ee182ffa836b86a03b1d1086b0f174491c9284c4e303d43b7405f2800119371e9bb9dc5a970e0228a667b7d5f2cbfd2e78bcbd57f58efd63d027f7893d89b1b,JF148774,,2/18/2022 16:36,30,NO CONTROLS,NO CONTROLS,BLOWING SNOW,DAYLIGHT,REAR END,NOT DIVIDED,,STRAIGHT AND LEVEL,SNOW OR SLUSH,UNKNOWN,ON SCENE,NO INJURY / DRIVE AWAY,,,,"$501 - $1,500",2/18/2022 16:37,UNABLE TO DETERMINE,NOT APPLICABLE,2301,W,DEVON AVE,2413,,,,,,,2,NO INDICATION OF INJURY,0,0,0,0,0,2,0,16,6,2,41.99766158,-87.68750364,POINT (-87.687503643363 41.997661582787)
b27942ca3372fdfa517b60c2b0b0c5a26d5f2ed8ed4c488b8d183452341377cca49028fd9015e1f682287dfc9c3e3bbc615fc2c36f93bc93e46e5aea13934a7d,JF181624,,3/18/2022 19:20,15,NO CONTROLS,NO CONTROLS,UNKNOWN,DARKNESS,REAR TO SIDE,PARKING LOT,,STRAIGHT AND LEVEL,UNKNOWN,UNKNOWN,NOT ON SCENE (DESK REPORT),NO INJURY / DRIVE AWAY,,,,"$501 - $1,500",3/21/2022 15:49,IMPROPER BACKING,IMPROPER BACKING,1418,E,53RD ST,234,,,,,,,2,NO INDICATION OF INJURY,0,0,0,0,0,2,0,19,6,3,41.79962974,-87.59094144,POINT (-87.590941436265 41.799629744251)