CRASH_RECORD_ID,RD_NO,CRASH_DATE_EST_I,CRASH_DATE,POSTED_SPEED_LIMIT,TRAFFIC_CONTROL_DEVICE,DEVICE_CONDITION,WEATHER_CONDITION,LIGHTING_CONDITION,FIRST_CRASH_TYPE,TRAFFICWAY_TYPE,LANE_CNT,ALIGNMENT,ROADWAY_SURFACE_COND,ROAD_DEFECT,REPORT_TYPE,CRASH_TYPE,INTERSECTION_RELATED_I,NOT_RIGHT_OF_WAY_I,HIT_AND_RUN_I,DAMAGE,DATE_POLICE_NOTIFIED,PRIM_CONTRIBUTORY_CAUSE,SEC_CONTRIBUTORY_CAUSE,STREET_NO,STREET_DIRECTION,STREET_NAME,BEAT_OF_OCCURRENCE,PHOTOS_TAKEN_I,STATEMENTS_TAKEN_I,DOORING_I,WORK_ZONE_I,WORK_ZONE_TYPE,WORKERS_PRESENT_I,NUM_UNITS,MOST_SEVERE_INJURY,INJURIES_TOTAL,INJURIES_FATAL,INJURIES_INCAPACITATING,INJURIES_NON_INCAPACITATING,INJURIES_REPORTED_NOT_EVIDENT,INJURIES_NO_INDICATION,INJURIES_UNKNOWN,CRASH_HOUR,CRASH_DAY_OF_WEEK,CRASH_MONTH,LATITUDE,LONGITUDE,LOCATION
ae867383ad9bfc45f76e7fc75584ed60167bb996d37ca878c9dc605b73bf1e33d0db55484aad3be6096cff1945f54cf07b56e928295a8a5c44ee1a31cfeb77a6,JF162761,,3/4/2022 8:36,35,STOP SIGN/FLASHER,FUNCTIONING IMPROPERLY,CLEAR,DAYLIGHT,ANGLE,NOT DIVIDED,,STRAIGHT AND LEVEL,DRY,NO DEFECTS,ON SCENE,NO INJURY / DRIVE AWAY,Y,,,$500 OR LESS,3/4/2022 8:41,FAILING TO YIELD RIGHT-OF-WAY,NOT APPLICABLE,2200,E,79TH ST,414,,,,,,,2,NO INDICATION OF INJURY,0,0,0,0,0,3,0,8,6,3,41.75177889,-87.57104769,POINT (-87.571047692452 41.751778884699)
8f0f94c68e0bb3a344cc63a52ed3437523bb9739fc5d9d20a2565a36f9de8d9273b04a35742b8685805e89999bd5ea2ba9ce1d97888d48b80089fb4a290773f4,JF148548,,2/18/2022 10:30,30,TRAFFIC SIGNAL,FUNCTIONING PROPERLY,CLEAR,DAYLIGHT,REAR END,NOT DIVIDED,,STRAIGHT AND LEVEL,SNOW OR SLUSH,UNKNOWN,NOT ON SCENE (DESK REPORT),NO INJURY / DRIVE AWAY,,,N,"OVER $1,500",2/18/2022 13:20,UNABLE TO DETERMINE,HAD BEEN DRINKING (USE WHEN ARREST IS NOT MADE),2100,S,WESTERN AVE,1023,,,,,,,2,NO INDICATION OF INJURY,0,0,0,0,0,2,0,10,6,2,41.85382825,-87.68583397,POINT (-87.685833964746 41.853828252932)
8fec6c041869fdf2bea9198260ddf1c9fc25f211adeef11b332749438afafdc8b66ffb60eba658e9d92da4d4f113332444d780a6ecc03039f5e83d46b2c98ba5,JF148229,,2/18/2022 8:12,30,TRAFFIC SIGNAL,FUNCTIONING PROPERLY,SNOW,DAYLIGHT,TURNING,FOUR WAY,,STRAIGHT AND LEVEL,WET,NO DEFECTS,ON SCENE,INJURY AND / OR TOW DUE TO CRASH,Y,,,"OVER $1,500",2/18/2022 8:22,WEATHER,UNABLE TO DETERMINE,6501,S,CICERO AVE,833,,,,,,,2,NONINCAPACITATING INJURY,2,0,0,1,1,0,0,8,6,2,41.77469454,-87.7420133,POINT (-87.742013300808 41.774694541589)
af30124394d76ffaaa6d46bf2d4e42a8673c9d8cbbb24cfcc58f26732d015882e1dfc995f529abf8dd6f74035ccc423e85e857caf890520c7c2ae4e4f6f8323e,JF163342,,3/4/2022 16:24,20,TRAFFIC SIGNAL,FUNCTIONING PROPERLY,CLEAR,DAYLIGHT,SIDESWIPE SAME DIRECTION,NOT DIVIDED,,STRAIGHT AND LEVEL,DRY,NO DEFECTS,NOT ON SCENE (DESK REPORT),NO INJURY / DRIVE AWAY,Y,,,"$501 - $1,500",3/4/2022 16:45,IMPROPER OVERTAKING/PASSING,NOT APPLICABLE,1602,N,WESTERN AVE,1434,,,,,,,2,NO INDICATION OF INJURY,0,0,0,0,0,2,0,16,6,3,41.9104655,-87.68737191,POINT (-87.687371905642 41.910465498252)
90beb7c4b22f7d35a5339352c07e5d7c4e2da935436d52f78029e427d31a8c9690d849c0da3f0f87c19b3df3ada2976e496eb499ee80d3d68b623a70a429c8ca,JF148882,,2/18/2022 18:11,30,NO CONTROLS,NO CONTROLS,CLEAR,"DARKNESS, LIGHTED ROAD",PARKED MOTOR VEHICLE,DIVIDED - W/MEDIAN (NOT RAISED),,STRAIGHT AND LEVEL,DRY,NO DEFECTS,ON SCENE,NO INJURY / DRIVE AWAY,,,,"OVER $1,500",2/18/2022 18:11,UNABLE TO DETERMINE,NOT APPLICABLE,3540,W,IRVING PARK RD,1723,,,,,,,2,NO INDICATION OF INJURY,0,0,0,0,0,1,0,18,6,2,41.95390725,-87.7170461,POINT (-87.717046095648 41.953907252543)
c7a80513c515e601ee10f01527a87592b02d96ed3a46eee18c9fd161d3b2120ecd0b45098c958ef9554fc00c0493a7f992837d3f20846542538237a7773ad48a,JF185447,,3/24/2022 7:15,45,NO CONTROLS,NO CONTROLS,FREEZING RAIN/DRIZZLE,DAYLIGHT,FIXED OBJECT,DIVIDED - W/MEDIAN BARRIER,,STRAIGHT AND LEVEL,OTHER,DEBRIS ON ROADWAY,NOT ON SCENE (DESK REPORT),INJURY AND / OR TOW DUE TO CRASH,,,,"$501 - $1,500",3/24/2022 19:00,ROAD CONSTRUCTION/MAINTENANCE,UNABLE TO DETERMINE,3200,N,LAKE SHORE DR,1925,,,,,,,1,NO INDICATION OF INJURY,0,0,0,0,0,1,0,7,5,3,41.94090916,-87.63936916,POINT (-87.639369159955 41.940909163268)
b107be6fa98e355efa13f57fc7eeeaae4213dfb57d3e39f945a7d67d31b36a2666661be42f1463027426fd26af8d209c1a494e53889fcf2916ac8ada80769536,JF164212,,3/4/2022 15:40,30,NO CONTROLS,NO CONTROLS,CLEAR,DAYLIGHT,SIDESWIPE SAME DIRECTION,NOT DIVIDED,,STRAIGHT AND LEVEL,DRY,NO DEFECTS,NOT ON SCENE (DESK REPORT),NO INJURY / DRIVE AWAY,,,Y,"OVER $1,500",3/5/2022 13:50,IMPROPER OVERTAKING/PASSING,DRIVING SKILLS/KNOWLEDGE/EXPERIENCE,100,N,PULASKI RD,1114,,,,,,,2,NO INDICATION OF INJURY,0,0,0,0,0,2,0,15,6,3,41.88198557,-87.72585459,POINT (-87.72585458505 41.88198557029)
7af7bfef0c14679b71d84fda2951817a67d76b4576807a90d99d692a333fd43c6c9e699893578d72ded9a5e53b1c8fa0c0d2db506bda8fdacc915549acc41b15,JF156163,,2/25/2022 9:50,30,STOP SIGN/FLASHER,OTHER,CLOUDY/OVERCAST,DAYLIGHT,REAR END,NOT DIVIDED,,STRAIGHT AND LEVEL,SNOW OR SLUSH,NO DEFECTS,NOT ON SCENE (DESK REPORT),INJURY AND / OR TOW DUE TO CRASH,Y,,,"OVER $1,500",2/25/2022 21:30,UNABLE TO DETERMINE,UNABLE TO DETERMINE,928,W,DIVISION ST,1822,,,,,,,2,"REPORTED, NOT EVIDENT",1,0,0,0,1,1,0,9,6,2,41.90369461,-87.65222859,POINT (-87.652228587731 41.903694606841)
7b6064604e7bd1dcca1902917a38f8bff53849ce232595e08e32e47b981bc8e28aa04aa4ab54baed4796a0e75034d11cc071c9ceea6f6cc2dbaf1036475eeef7,JF155538,,2/25/2022 11:10,25,NO CONTROLS,NO CONTROLS,CLEAR,DAYLIGHT,ANGLE,ONE-WAY,,STRAIGHT AND LEVEL,ICE,NO DEFECTS,ON SCENE,NO INJURY / DRIVE AWAY,,,,"OVER $1,500",2/25/2022 11:10,WEATHER,NOT APPLICABLE,3148,W,FLOURNOY ST,1134,,Y,,,,,2,NO INDICATION OF INJURY,0,0,0,0,0,2,0,11,6,2,41.87289356,-87.70538666,POINT (-87.705386659645 41.872893559121)
7a72c346b21481d89587613abf97180053f4b3b670156200af62b77b67d48590c5bcc2c9f37186756daa6bb5aabd9f536adaa4eec277b662e1038fd787e2426b,JD369967,,9/17/2020 7:55,35,NO CONTROLS,NO CONTROLS,CLEAR,DAYLIGHT,FIXED OBJECT,NOT DIVIDED,,STRAIGHT AND LEVEL,DRY,NO DEFECTS,,INJURY AND / OR TOW DUE TO CRASH,,,,"OVER $1,500",9/17/2020 7:55,PHYSICAL CONDITION OF DRIVER,NOT APPLICABLE,3271,W,ARMITAGE AVE,1422,,,,,,,1,NONINCAPACITATING INJURY,1,0,0,1,0,0,0,7,5,9,41.91725634,-87.70982487,POINT (-87.709824873386 41.917256342194)
b12670b188618b83949b3907763080d3c1003deddd8e1a10cd349d8d0548ed83271aa14ed7cbe3b2cf1098748e6221d2ecdc865104035d03f2d2d04c090c2160,JF141828,,2/11/2022 23:34,30,NO CONTROLS,NO CONTROLS,SNOW,"DARKNESS, LIGHTED ROAD",FIXED OBJECT,DIVIDED - W/MEDIAN (NOT RAISED),,STRAIGHT AND LEVEL,WET,NO DEFECTS,,INJURY AND / OR TOW DUE TO CRASH,,,,"OVER $1,500",2/11/2022 23:34,UNABLE TO DETERMINE,UNABLE TO DETERMINE,4925,S,CALIFORNIA AVE,923,,,,,,,1,NONINCAPACITATING INJURY,1,0,0,1,0,0,0,23,6,2,41.80377365,-87.69393239,POINT (-87.693932393214 41.80377364642)
b131a6b75a4d3da99ae6eae700a82749f6e1df0561aa6b32550a62725286332ef08441e61e1defcb45ea7d4dcc4bc4252d892ea5932d584497a959d29a24f01d,JC386922,,8/6/2019 18:01,35,TRAFFIC SIGNAL,FUNCTIONING PROPERLY,CLEAR,DAYLIGHT,SIDESWIPE SAME DIRECTION,DIVIDED - W/MEDIAN BARRIER,,STRAIGHT AND LEVEL,DRY,NO DEFECTS,,NO INJURY / DRIVE AWAY,Y,,,"OVER $1,500",8/10/2019 15:15,DRIVING SKILLS/KNOWLEDGE/EXPERIENCE,FOLLOWING TOO CLOSELY,2743,N,WESTERN AVE,1432,,,,,,,2,NO INDICATION OF INJURY,0,0,0,0,0,3,0,18,3,8,41.93167914,-87.68774199,POINT (-87.687741984676 41.931679136031)
b16f56f40d0db37a742d1e2fc60872e29b16e4362e7ab67d4ce6bc7a8098f1e40e00e87a587feb9ac668f09ee5729919304487666abcbff67567c93bea40a8ab,JF163491,,3/4/2022 17:53,30,NO CONTROLS,NO CONTROLS,CLEAR,"DARKNESS, LIGHTED ROAD",SIDESWIPE SAME DIRECTION,NOT DIVIDED,,STRAIGHT AND LEVEL,DRY,NO DEFECTS,NOT ON SCENE (DESK REPORT),NO INJURY / DRIVE AWAY,,,,"OVER $1,500",3/4/2022 18:42,IMPROPER LANE USAGE,IMPROPER LANE USAGE,3658,W,55TH ST,822,,,,,,,2,NO INDICATION OF INJURY,0,0,0,0,0,2,0,17,6,3,41.79342392,-87.7157521,POINT (-87.715752094618 41.793423922565)
c7efc40569408f6fed1da9115556ea2a68fb3071ca73dc1b9e7b7c5869ad7c07f087bb0c01c92e98ecbd4b8e681d3817ba3a27f17cc07355da62c7db89c82c11,JF185354,,3/24/2022 15:30,30,NO CONTROLS,NO CONTROLS,RAIN,DAYLIGHT,TURNING,NOT DIVIDED,,STRAIGHT AND LEVEL,WET,NO DEFECTS,NOT ON SCENE (DESK REPORT),NO INJURY / DRIVE AWAY,,,,"OVER $1,500",3/24/2022 17:45,IMPROPER TURNING/NO SIGNAL,NOT APPLICABLE,1519,E,55TH ST,235,,,,,,,2,NO INDICATION OF INJURY,0,0,0,0,0,2,0,15,5,3,41.79508253,-87.58831294,POINT (-87.58831293903 41.795082532364)
92b3b2be1b806dc018cb89e704b5a9f41372182922f37c9c5e6a3c81936415b24e8ea6cdc37909812f5ae334efa2a8129061a80674b267b1f49e6bddb59ba97d,JF148511,,2/18/2022 13:00,30,TRAFFIC SIGNAL,FUNCTIONING PROPERLY,CLEAR,DAYLIGHT,ANGLE,FOUR WAY,,STRAIGHT AND LEVEL,DRY,NO DEFECTS,ON SCENE,INJURY AND / OR TOW DUE TO CRASH,,,,"$501 - $1,500",2/18/2022 13:03,FAILING TO REDUCE SPEED TO AVOID CRASH,NOT APPLICABLE,4499,W,MADISON ST,1113,,,,,,,2,NO INDICATION OF INJURY,0,0,0,0,0,4,0,13,6,2,41.88047455,-87.73780251,POINT (-87.737802507879 41.880474549538)
b46e368b7736bd725f19f4d229ccd26ffb66fb8c09d99ad22cc07b1c41474303eb7f1a0d2dd7a327cc5adec9ce4540bce9ec70d13e1a3fae643e66f59ea92879,JF177942,,3/18/2022 6:40,25,STOP SIGN/FLASHER,FUNCTIONING PROPERLY,CLEAR,DUSK,SIDESWIPE SAME DIRECTION,FOUR WAY,,STRAIGHT AND LEVEL,DRY,NO DEFECTS,ON SCENE,NO INJURY / DRIVE AWAY,,,Y,$500 OR LESS,3/18/2022 6:45,IMPROPER OVERTAKING/PASSING,NOT APPLICABLE,7100,S,PULASKI RD,833,,,,,,,2,NO INDICATION OF INJURY,0,0,0,0,0,2,0,6,6,3,41.76400775,-87.72249911,POINT (-87.722499107707 41.764007749308)
b4a659542a1b4d3047372a3cd185973bd988d12dfb313f6581b07930afd585c0c271d3f02109f97f606db6eb867373c1c853850352db55c83f61d7cac9e0e31a,JF178019,,3/18/2022 7:55,30,NO CONTROLS,NO CONTROLS,CLEAR,DAYLIGHT,SIDESWIPE OPPOSITE DIRECTION,NOT DIVIDED,,STRAIGHT AND LEVEL,DRY,UNKNOWN,NOT ON SCENE (DESK REPORT),NO INJURY / DRIVE AWAY,,,,"OVER $1,500",3/18/2022 9:30,UNABLE TO DETERMINE,UNABLE TO DETERMINE,7342,S,HOYNE AVE,735,,,,,,,2,NO INDICATION OF INJURY,0,0,0,0,0,2,0,7,6,3,41.75986813,-87.67598381,POINT (-87.675983804924 41.759868129423)
937cae3017d2f9cc4903de55d8609087212fd981ffac8c16ba3fa0a11a48234a555871e3bf6b2e97ded970d04fab4b60fe18e155e945e1ca86892829847d2674,JF150504,Y,2/18/2022 8:30,30,NO CONTROLS,NO CONTROLS,CLEAR,DAYLIGHT,REAR TO FRONT,NOT DIVIDED,,STRAIGHT AND LEVEL,DRY,NO DEFECTS,NOT ON SCENE (DESK REPORT),NO INJURY / DRIVE AWAY,,,Y,"$501 - $1,500",2/20/2022 14:40,UNABLE TO DETERMINE,UNABLE TO DETERMINE,8906,S,SAGINAW AVE,423,,,,,,,2,NO INDICATION OF INJURY,0,0,0,0,0,2,0,8,6,2,41.73351285,-87.56002549,POINT (-87.560025492248 41.733512846965)
7d53b8035608eda04cedfb24848bcf641ba1590f1ed19046e9ae82cf307d5063bb3fa303e2885746698f09b47eb3ae223429f4089813c5a0a065b2bee887ac2e,JF156158,,2/25/2022 20:40,35,TRAFFIC SIGNAL,FUNCTIONING PROPERLY,SNOW,DARKNESS,ANGLE,NOT DIVIDED,,STRAIGHT AND LEVEL,WET,NO DEFECTS,NOT ON SCENE (DESK REPORT),NO INJURY / DRIVE AWAY,Y,,,"OVER $1,500",2/25/2022 21:10,IMPROPER LANE USAGE,IMPROPER LANE USAGE,151,W,WACKER DR,122,,,,,,,2,NO INDICATION OF INJURY,0,0,0,0,0,2,0,20,6,2,41.88670391,-87.63255547,POINT (-87.632555467107 41.886703909369)
7db1672b9948e48e158a47238eac1c7ca72c7aa1b95fa612bbdc5c8e9498bf1abfd78f95bbc39bfa8fcb18d73cca159f15b48aa2514142064b60888fd3194d27,JF156089,,2/25/2022 19:29,30,TRAFFIC SIGNAL,FUNCTIONING PROPERLY,CLEAR,"DARKNESS, LIGHTED ROAD",TURNING,ONE-WAY,,STRAIGHT ON GRADE,WET,UNKNOWN,ON SCENE,NO INJURY / DRIVE AWAY,,,,"OVER $1,500",2/25/2022 19:56,IMPROPER LANE USAGE,UNABLE TO DETERMINE,800,E,MIDWAY PLAISANCE,235,,,,,,,2,NO INDICATION OF INJURY,0,0,0,0,0,2,0,19,6,2,41.78724132,-87.60594059,POINT (-87.605940587195 41.787241318357)
b4d2689efeb5d5c0dc4df56f71e2eb4ac0e18f2cc7e72ace8b3c2093a9f4cb60161f6b4156a19370ba96030233fa4d90fedee90b1fae0900c5244dcace3c5c0a,JF178514,,3/18/2022 16:03,30,NO CONTROLS,NO CONTROLS,RAIN,DAYLIGHT,PARKED MOTOR VEHICLE,NOT DIVIDED,,STRAIGHT AND LEVEL,WET,NO DEFECTS,NOT ON SCENE (DESK REPORT),NO INJURY / DRIVE AWAY,,,,"$501 - $1,500",3/18/2022 16:03,UNABLE TO DETERMINE,NOT APPLICABLE,4414,S,EVANS AVE,221,,,,,,,2,NO INDICATION OF INJURY,0,0,0,0,0,2,0,16,6,3,41.81447955,-87.60845505,POINT (-87.608455051394 41.814479549147)
7dfa01ba20b2a8a2baa96b52525a8eaf2a4dc8fc727998a1f6c9b21fe5b1ad289fb5350edb8979664bb4304c56fac55820cdcf14234d756c1c2914cd4aa778d6,JF156697,,2/25/2022 18:30,30,STOP SIGN/FLASHER,FUNCTIONING PROPERLY,CLEAR,"DARKNESS, LIGHTED ROAD",REAR END,NOT DIVIDED,,STRAIGHT AND LEVEL,WET,NO DEFECTS,NOT ON SCENE (DESK REPORT),INJURY AND / OR TOW DUE TO CRASH,Y,,,"OVER $1,500",2/26/2022 13:01,DISTRACTION - FROM INSIDE VEHICLE,UNABLE TO DETERMINE,700,W,128TH PL,523,,,,,,,2,"REPORTED, NOT EVIDENT",1,0,0,0,1,1,0,18,6,2,41.66060872,-87.63899368,POINT (-87.638993683992 41.660608716908)
943b863047d4f87acbf082bf4141e881fc82d808166ac41bb850686ea886a2ba789c73f70f0bd0ad6e111a4ff6e392907543164952ecdcf6e8437c70126e830c,JF149018,,2/18/2022 21:00,30,STOP SIGN/FLASHER,FUNCTIONING IMPROPERLY,CLOUDY/OVERCAST,"DARKNESS, LIGHTED ROAD",ANGLE,DIVIDED - W/MEDIAN (NOT RAISED),,STRAIGHT AND LEVEL,SNOW OR SLUSH,NO DEFECTS,ON SCENE,INJURY AND / OR TOW DUE TO CRASH,Y,,Y,"OVER $1,500",2/18/2022 21:12,FAILING TO YIELD RIGHT-OF-WAY,UNABLE TO DETERMINE,8900,S,VINCENNES AVE,2222,,,,,,,2,NO INDICATION OF INJURY,0,0,0,0,0,2,0,21,6,2,41.73246026,-87.64670295,POINT (-87.646702948308 41.732460257432)
0bca11d29d68f9804d736941b126ffce7258bf5bff5c5df8b3b534ab93fa61823854edd5bdc4e211606cbbcecf66f3aadf528dbf6f29a959022c32ad60433a7d,JE303542,,7/16/2021 15:30,20,NO CONTROLS,NO CONTROLS,CLEAR,DAYLIGHT,ANGLE,ONE-WAY,,STRAIGHT AND LEVEL,DRY,UNKNOWN,,INJURY AND / OR TOW DUE TO CRASH,,,,"OVER $1,500",7/16/2021 15:32,UNABLE TO DETERMINE,UNABLE TO DETERMINE,4014,W,WAVELAND AVE,1732,,,,,,,2,"REPORTED, NOT EVIDENT",1,0,0,0,1,1,0,15,6,7,41.948283,-87.72813925,POINT (-87.728139254248 41.948283003827)
0c2dcc53dc0a93e6bd885bd91630830f6eac7b643b3d9ec6b105122905ea2a3838183255806be656f05143dd63b055cdbafa4342e48b848fd75aedfa2944a8db,JE181424,,3/27/2021 14:15,35,TRAFFIC SIGNAL,FUNCTIONING PROPERLY,CLEAR,DAYLIGHT,TURNING,FOUR WAY,,STRAIGHT AND LEVEL,DRY,NO DEFECTS,,INJURY AND / OR TOW DUE TO CRASH,Y,,,"OVER $1,500",3/27/2021 14:20,UNABLE TO DETERMINE,FAILING TO YIELD RIGHT-OF-WAY,200,W,MARQUETTE RD,722,,,,,,,2,"REPORTED, NOT EVIDENT",1,0,0,0,1,1,0,14,7,3,41.77281768,-87.63002449,POINT (-87.630024485162 41.772817683552)
0c3d01400fac3c9852d2a3ecb6fd182b2ebc22947872af9dc10e9cebad536b5f2f8fbba269ebbc6e9f8adfdef05399be58b103785d2fe096ca74c50cd6faf052,JC381020,,8/6/2019 12:48,35,NO CONTROLS,NO CONTROLS,CLEAR,DAYLIGHT,SIDESWIPE SAME DIRECTION,NOT DIVIDED,,STRAIGHT AND LEVEL,DRY,NO DEFECTS,,INJURY AND / OR TOW DUE TO CRASH,,,,"OVER $1,500",8/6/2019 12:56,UNABLE TO DETERMINE,UNABLE TO DETERMINE,1257,W,NORTH AVE,1433,,,,,,,2,NONINCAPACITATING INJURY,1,0,0,1,0,3,0,12,3,8,41.91065442,-87.65908981,POINT (-87.659089812763 41.910654418111)
0c3d107f9815b3443c0ec382b854e4f1051d53d07b707fcf894d5fda5b47c0316c79710a47abbf4efcf31b88c7859e3b0da2966edae16c614daafd95ca1043f6,JE105043,,1/6/2021 13:00,30,NO CONTROLS,NO CONTROLS,CLEAR,DAYLIGHT,ANGLE,PARKING LOT,,STRAIGHT AND LEVEL,DRY,NO DEFECTS,,NO INJURY / DRIVE AWAY,,Y,,"$501 - $1,500",1/6/2021 13:36,UNABLE TO DETERMINE,NOT APPLICABLE,1211,W,ROOSEVELT RD,1233,,,,,,,2,NO INDICATION OF INJURY,0,0,0,0,0,3,0,13,4,1,41.86687982,-87.65713055,POINT (-87.65713054772 41.866879824442)
94bbabde6210d59f601c30a0e989beb5aadb0937f95a5f833bca0709664dfd09751cfb9d1391f90fd7314cc3ddac7de4ccbb00b2cf666539f57059ccec117eb5,JF148994,,2/18/2022 20:42,35,TRAFFIC SIGNAL,FUNCTIONING PROPERLY,CLEAR,"DARKNESS, LIGHTED ROAD",TURNING,FOUR WAY,,STRAIGHT AND LEVEL,WET,NO DEFECTS,ON SCENE,INJURY AND / OR TOW DUE TO CRASH,Y,,,"OVER $1,500",2/18/2022 20:43,UNABLE TO DETERMINE,UNABLE TO DETERMINE,5500,S,KEDZIE AVE,822,,,,,,,2,NO INDICATION OF INJURY,0,0,0,0,0,3,0,20,6,2,41.79342024,-87.70369751,POINT (-87.703697508454 41.793420236756)
c96c5d131c065992ba849bbfedaecfa219eec10ee0b9a9ecf8fd11772c7f9dc5f0136f9e6f91a4d3004055369b7ceeec4c86236c87e15af365ef99e20ca7289f,JF185007,,3/24/2022 12:15,30,TRAFFIC SIGNAL,FUNCTIONING PROPERLY,RAIN,DAYLIGHT,REAR END,NOT DIVIDED,,STRAIGHT AND LEVEL,WET,NO DEFECTS,NOT ON SCENE (DESK REPORT),NO INJURY / DRIVE AWAY,Y,,,"$501 - $1,500",3/24/2022 13:30,WEATHER,UNABLE TO DETERMINE,501,W,VAN BUREN ST,121,,,,,,,2,NO INDICATION OF INJURY,0,0,0,0,0,2,0,12,5,3,41.87666123,-87.63963095,POINT (-87.639630950748 41.876661231918)
c9e2ef3a00e1c51de9afc1316b260c4012c0d0f82d696b5881bc735c3459a0b717515d8c61fa1278ab8b2a7af4834d2aafd6fac7a2d0543cca16a01e4decd8fe,JF185105,,3/24/2022 14:20,30,NO CONTROLS,NO CONTROLS,RAIN,DAYLIGHT,PARKED MOTOR VEHICLE,NOT DIVIDED,,STRAIGHT AND LEVEL,WET,NO DEFECTS,NOT ON SCENE (DESK REPORT),NO INJURY / DRIVE AWAY,,,,"$501 - $1,500",3/24/2022 14:45,IMPROPER OVERTAKING/PASSING,UNABLE TO DETERMINE,4830,S,CALUMET AVE,224,,,,,,,2,NO INDICATION OF INJURY,0,0,0,0,0,2,0,14,5,3,41.80659773,-87.61823103,POINT (-87.618231027901 41.806597730214)
ca75774e85bb539ee286ccabb1d05d24b93efe1685528fb451d58cf1bd9bd7cacdda2b576319bb688f385c582589685ebbc50bd71c0bcc2fdc8ebf2320f027f6,JF184728,,3/24/2022 8:40,30,TRAFFIC SIGNAL,FUNCTIONING PROPERLY,RAIN,DAYLIGHT,TURNING,FOUR WAY,,STRAIGHT AND LEVEL,WET,NO DEFECTS,ON SCENE,INJURY AND / OR TOW DUE TO CRASH,Y,,,"OVER $1,500",3/24/2022 8:45,DRIVING SKILLS/KNOWLEDGE/EXPERIENCE,"OPERATING VEHICLE IN ERRATIC, RECKLESS, CARELESS, NEGLIGENT OR AGGRESSIVE MANNER",1100,E,87TH ST,412,,,,,,,2,NO INDICATION OF INJURY,0,0,0,0,0,2,0,8,5,3,41.73686159,-87.5974451,POINT (-87.597445103106 41.736861592332)
7f8266e037cbbdbd55005123388742b4cc666713f0b3131e785520dfa498a80dfbb72228ce79d298dd567f47c2641c924a4a4afe6b2141a60ec7137b68b29a5a,JF156219,,2/25/2022 22:40,40,NO CONTROLS,NO CONTROLS,CLEAR,"DARKNESS, LIGHTED ROAD",SIDESWIPE SAME DIRECTION,DIVIDED - W/MEDIAN BARRIER,,"CURVE, LEVEL",ICE,NO DEFECTS,ON SCENE,NO INJURY / DRIVE AWAY,,,,"$501 - $1,500",2/25/2022 22:48,WEATHER,NOT APPLICABLE,1001,N,LAKE SHORE DR NB,1824,,,,,,,2,NO INDICATION OF INJURY,0,0,0,0,0,2,0,22,6,2,41.90116542,-87.61958231,POINT (-87.619582305888 41.901165415908)
b35b3ce976bd8baf63c6e5849bf5bb5925374efb567ac367a38683acff5c280a3c33c6878aa2074c261e49fc338b78a4bc29494e50bb01485ad97e2c9491e66c,JF163712,,3/4/2022 23:19,30,TRAFFIC SIGNAL,FUNCTIONING PROPERLY,CLEAR,"DARKNESS, LIGHTED ROAD",REAR END,FOUR WAY,,STRAIGHT AND LEVEL,DRY,NO DEFECTS,ON SCENE,NO INJURY / DRIVE AWAY,Y,,Y,"$501 - $1,500",3/4/2022 23:59,FOLLOWING TOO CLOSELY,NOT APPLICABLE,2200,S,WENTWORTH AVE,914,,,,,,,2,NO INDICATION OF INJURY,0,0,0,0,0,2,0,23,6,3,41.85281668,-87.63215529,POINT (-87.632155289181 41.852816681706)
7fca8c0a0e98f6b7cc218db32cbdeef33a5e72e04b10bebd8615830c055fc3b770122b863457cf71abf86faee31706418655ad6c60e603a47020e8ae278973e4,JF156049,,2/25/2022 18:20,10,NO CONTROLS,NO CONTROLS,SNOW,"DARKNESS, LIGHTED ROAD",SIDESWIPE OPPOSITE DIRECTION,ONE-WAY,,STRAIGHT ON GRADE,WET,NO DEFECTS,ON SCENE,NO INJURY / DRIVE AWAY,,Y,,"OVER $1,500",2/25/2022 18:22,UNABLE TO DETERMINE,NOT APPLICABLE,1040,N,LAKE SHORE DR,1824,,,,,,,2,NO INDICATION OF INJURY,0,0,0,0,0,2,0,18,6,2,41.90198595,-87.62453667,POINT (-87.624536669475 41.901985945834)
b631f1f60cae09fcaf96848325ae4c32a5a80397ff6d09965dafd214da1e10a685b946c47c82f0f8411104851323188325f343994267642c16a4f35906c7bd36,JF178795,,3/18/2022 18:58,30,NO CONTROLS,NO CONTROLS,RAIN,DARKNESS,REAR END,NOT DIVIDED,,STRAIGHT AND LEVEL,WET,NO DEFECTS,ON SCENE,INJURY AND / OR TOW DUE TO CRASH,,,,"OVER $1,500",3/18/2022 19:00,WEATHER,FOLLOWING TOO CLOSELY,6401,W,DIVERSEY AVE,2512,,,,,,,2,"REPORTED, NOT EVIDENT",1,0,0,0,1,2,0,18,6,3,41.93089103,-87.78574735,POINT (-87.785747353903 41.93089103181)