CRASH_RECORD_ID,RD_NO,CRASH_DATE_EST_I,CRASH_DATE,POSTED_SPEED_LIMIT,TRAFFIC_CONTROL_DEVICE,DEVICE_CONDITION,WEATHER_CONDITION,LIGHTING_CONDITION,FIRST_CRASH_TYPE,TRAFFICWAY_TYPE,LANE_CNT,ALIGNMENT,ROADWAY_SURFACE_COND,ROAD_DEFECT,REPORT_TYPE,CRASH_TYPE,INTERSECTION_RELATED_I,NOT_RIGHT_OF_WAY_I,HIT_AND_RUN_I,DAMAGE,DATE_POLICE_NOTIFIED,PRIM_CONTRIBUTORY_CAUSE,SEC_CONTRIBUTORY_CAUSE,STREET_NO,STREET_DIRECTION,STREET_NAME,BEAT_OF_OCCURRENCE,PHOTOS_TAKEN_I,STATEMENTS_TAKEN_I,DOORING_I,WORK_ZONE_I,WORK_ZONE_TYPE,WORKERS_PRESENT_I,NUM_UNITS,MOST_SEVERE_INJURY,INJURIES_TOTAL,INJURIES_FATAL,INJURIES_INCAPACITATING,INJURIES_NON_INCAPACITATING,INJURIES_REPORTED_NOT_EVIDENT,INJURIES_NO_INDICATION,INJURIES_UNKNOWN,CRASH_HOUR,CRASH_DAY_OF_WEEK,CRASH_MONTH,LATITUDE,LONGITUDE,LOCATION
b6075601d4f6fb116dfa738768d76fe46c00fac523c8169558b2f64ed09eafa8373513cabaef8a50118e6522a58ade7f4c57ab40ec1df9491b338bf9107a1d0e,JD250195,,6/1/2020 14:40,30,TRAFFIC SIGNAL,FUNCTIONING PROPERLY,CLEAR,DAYLIGHT,REAR END,DIVIDED - W/MEDIAN BARRIER,,STRAIGHT AND LEVEL,DRY,NO DEFECTS,,NO INJURY / DRIVE AWAY,,,,"$501 - $1,500",6/1/2020 19:45,FOLLOWING TOO CLOSELY,UNABLE TO DETERMINE,1802,N,DAMEN AVE,1434,,,,,,,2,NO INDICATION OF INJURY,0,0,0,0,0,2,0,14,2,6,41.91458078,-87.67770031,POINT (-87.677700307164 41.914580783959)
caa526a8fae5ffb5659ca66bd83fea86b0fee75316138dff3e73a4037fcffc5375e6ada34f722b2cac93ee69ea13841192038859604b146fa923da5b368a4120,JD359629,,9/7/2020 14:00,30,NO CONTROLS,NO CONTROLS,CLEAR,DAYLIGHT,PARKED MOTOR VEHICLE,ONE-WAY,,STRAIGHT AND LEVEL,DRY,UNKNOWN,,NO INJURY / DRIVE AWAY,,,N,"$501 - $1,500",9/7/2020 14:21,NOT APPLICABLE,NOT APPLICABLE,3201,W,LELAND AVE,1713,,,,,,,2,NO INDICATION OF INJURY,0,0,0,0,0,1,0,14,2,9,41.96651919,-87.70847735,POINT (-87.708477349711 41.966519193584)
b82609cb4ee0310efede25292896ec16e2248f893872f71340a0015f7ac01c8e9e2b3516aaf5cf304a5564c792ee90d4e6bccf73ccec09c845e9fd421f3c0110,JF178610,,3/18/2022 17:29,35,NO CONTROLS,NO CONTROLS,RAIN,DAYLIGHT,TURNING,L-INTERSECTION,,STRAIGHT AND LEVEL,WET,NO DEFECTS,ON SCENE,INJURY AND / OR TOW DUE TO CRASH,Y,,,"OVER $1,500",3/18/2022 17:30,FAILING TO YIELD RIGHT-OF-WAY,UNABLE TO DETERMINE,8439,W,CATHERINE AVE,1614,,,,,,,2,"REPORTED, NOT EVIDENT",2,0,0,0,2,2,0,17,6,3,41.97735038,-87.83828812,POINT (-87.838288120756 41.977350381022)
b831701d299de01c048b87c06fa7da8c9485661e5e5bebee1396441b6326b887825634e8386998e9a71cf5437006e062aebc44d0f350b59d07430863b4ba71d3,JF178639,,3/18/2022 17:20,30,TRAFFIC SIGNAL,NOT FUNCTIONING,RAIN,DAYLIGHT,REAR END,DIVIDED - W/MEDIAN (NOT RAISED),,STRAIGHT AND LEVEL,WET,NO DEFECTS,ON SCENE,NO INJURY / DRIVE AWAY,,,,"OVER $1,500",3/18/2022 17:24,WEATHER,UNABLE TO DETERMINE,9212,S,SOUTH CHICAGO AVE,423,,,,,,,3,NO INDICATION OF INJURY,0,0,0,0,0,7,0,17,6,3,41.72779175,-87.55285449,POINT (-87.552854494206 41.727791746647)
b84163bc9c965bf8ac7edf862643f9c4327f345fed7d1a7a15a54c5ea92f5ce8e51dafe70cf4a26be5545b41c58885f4c7a024f26b2939c545db2c63960c9a27,JF178394,,3/18/2022 14:42,30,NO CONTROLS,NO CONTROLS,RAIN,DAYLIGHT,SIDESWIPE SAME DIRECTION,NOT DIVIDED,,STRAIGHT AND LEVEL,DRY,NO DEFECTS,NOT ON SCENE (DESK REPORT),NO INJURY / DRIVE AWAY,,,,"$501 - $1,500",3/18/2022 15:02,UNABLE TO DETERMINE,NOT APPLICABLE,1210,W,83RD ST,613,,,,,,,2,NO INDICATION OF INJURY,0,0,0,0,0,2,0,14,6,3,41.74331697,-87.65402386,POINT (-87.654023862525 41.743316972891)
97505679f9c42824656c9d2b2b8a7df1cfaf9e162bbb62f3204c1abbd5df287905aced42b2515d92d36e4bd1a08e23bb313b11b2a9cd0c59b8cc0a2d5b2f118a,JF157016,,2/18/2022 6:45,30,NO CONTROLS,NO CONTROLS,CLEAR,DAYLIGHT,FIXED OBJECT,DIVIDED - W/MEDIAN BARRIER,,STRAIGHT AND LEVEL,DRY,NO DEFECTS,NOT ON SCENE (DESK REPORT),NO INJURY / DRIVE AWAY,,,,"$501 - $1,500",2/26/2022 17:50,ROAD CONSTRUCTION/MAINTENANCE,ROAD ENGINEERING/SURFACE/MARKING DEFECTS,1302,S,COLUMBUS DR,132,,,,,,,1,NO INDICATION OF INJURY,0,0,0,0,0,1,0,6,6,2,41.86566424,-87.61987553,POINT (-87.619875524549 41.865664242007)
97572a180c17dc17ec531c4a790cfaa6b8a45bd1cada8226283e2a2279674c4e73b074e67e75298bb9ab8718940087f460fd34a104db25e7301aa4cc1159a612,JF149342,,2/18/2022 21:30,30,TRAFFIC SIGNAL,FUNCTIONING PROPERLY,SNOW,"DARKNESS, LIGHTED ROAD",REAR END,NOT DIVIDED,,STRAIGHT AND LEVEL,WET,NO DEFECTS,NOT ON SCENE (DESK REPORT),NO INJURY / DRIVE AWAY,,,,"$501 - $1,500",2/19/2022 10:20,FOLLOWING TOO CLOSELY,UNABLE TO DETERMINE,1000,W,MARQUETTE RD,724,,,,,,,2,NO INDICATION OF INJURY,0,0,0,0,0,2,0,21,6,2,41.7725135,-87.64951823,POINT (-87.649518231593 41.772513500467)
97c65c4030912b5a0fc0d46ebe42cf36ddc71ee9a45c1a5fa4719fa7f4c81ddda8fe358cc188684c9724ad77fd9089057bebb73191c92ca47862f8f05da973dc,JF148613,,2/18/2022 13:35,30,NO CONTROLS,NO CONTROLS,CLEAR,DAYLIGHT,SIDESWIPE SAME DIRECTION,DIVIDED - W/MEDIAN (NOT RAISED),,STRAIGHT AND LEVEL,WET,NO DEFECTS,NOT ON SCENE (DESK REPORT),NO INJURY / DRIVE AWAY,,,,"$501 - $1,500",2/18/2022 14:58,FAILING TO YIELD RIGHT-OF-WAY,NOT APPLICABLE,1201,S,HALSTED ST,1232,,,,,,,2,NO INDICATION OF INJURY,0,0,0,0,0,2,0,13,6,2,41.86712752,-87.64677113,POINT (-87.646771125612 41.86712751475)
97d7b05a6ee2f973e23c559ae6bd8100a328e3fc90f2c72d7a66442a71342b10dd5e31f867d7061425e4fd0eefbc29d81998537ba0eea470e17d75d424a95071,JF148508,,2/18/2022 12:00,30,NO CONTROLS,NO CONTROLS,CLEAR,DAYLIGHT,REAR END,DIVIDED - W/MEDIAN (NOT RAISED),,STRAIGHT AND LEVEL,WET,NO DEFECTS,NOT ON SCENE (DESK REPORT),NO INJURY / DRIVE AWAY,,,,"OVER $1,500",2/18/2022 13:10,UNABLE TO DETERMINE,UNABLE TO DETERMINE,4030,W,DIVERSEY AVE,2523,,,,,,,3,NO INDICATION OF INJURY,0,0,0,0,0,3,0,12,6,2,41.93188081,-87.72824556,POINT (-87.7282455573 41.931880805693)
97e570c5f1b64b45435fbb75621b392f5afa6051bd34d0b3bbf8cd5e205ac2dec501253d4708c22bc6d6ca57a3fcd89a42bb2694562a06755ba7e05978b3cfdf,JF148265,,2/18/2022 8:47,30,TRAFFIC SIGNAL,FUNCTIONING PROPERLY,CLEAR,DAYLIGHT,SIDESWIPE SAME DIRECTION,NOT DIVIDED,,"CURVE, LEVEL",DRY,NO DEFECTS,NOT ON SCENE (DESK REPORT),NO INJURY / DRIVE AWAY,,,Y,"OVER $1,500",2/18/2022 9:20,IMPROPER LANE USAGE,NOT APPLICABLE,141,E,LA SALLE DR,1814,,,,,,,2,NO INDICATION OF INJURY,0,0,0,0,0,2,0,8,6,2,41.91321516,-87.62597858,POINT (-87.625978584151 41.913215158885)
80b0c68ab8077363a877102b42943c941ac4f28c56e2f28a1d93ab69f0654ed757b3a7f5b64bcb30682f558141646df21161eb5b7c3baf69045cd5d23d6fffc2,JF155703,,2/25/2022 13:25,30,NO CONTROLS,NO CONTROLS,CLEAR,DAYLIGHT,SIDESWIPE SAME DIRECTION,DIVIDED - W/MEDIAN (NOT RAISED),,STRAIGHT AND LEVEL,DRY,UNKNOWN,ON SCENE,NO INJURY / DRIVE AWAY,,,,$500 OR LESS,2/25/2022 13:30,UNABLE TO DETERMINE,UNABLE TO DETERMINE,5438,S,CENTRAL AVE,811,,,,,,,2,NO INDICATION OF INJURY,0,0,0,0,0,2,0,13,6,2,41.7933834,-87.7624679,POINT (-87.762467900117 41.793383400688)
80cae18c34b6c577aa358a6166064b92b6a13e51366fac6290d7968af6682ffd83bf2619195097ff177dddbef27c879100ab10b742902ecbb3ea8995450c1c99,JF158800,,2/25/2022 8:45,30,NO CONTROLS,NO CONTROLS,UNKNOWN,DAYLIGHT,FIXED OBJECT,ONE-WAY,,STRAIGHT AND LEVEL,ICE,NO DEFECTS,NOT ON SCENE (DESK REPORT),NO INJURY / DRIVE AWAY,,,,"OVER $1,500",2/28/2022 15:32,UNABLE TO DETERMINE,NOT APPLICABLE,5900,S,THROOP ST,713,,,,,,,1,NO INDICATION OF INJURY,0,0,0,0,0,1,0,8,6,2,41.78675615,-87.65725729,POINT (-87.657257288286 41.78675615305)
982a5e2ab234f460035f93c1a80c13105cb22077e2b612948fb99259c23bc22234b9e60e37a578b7b89ee358b9557add1b79cf84002411080c438d560498448f,JF148904,,2/18/2022 18:44,30,TRAFFIC SIGNAL,FUNCTIONING PROPERLY,CLEAR,"DARKNESS, LIGHTED ROAD",TURNING,NOT DIVIDED,,STRAIGHT AND LEVEL,WET,NO DEFECTS,ON SCENE,INJURY AND / OR TOW DUE TO CRASH,Y,,,"OVER $1,500",2/18/2022 18:48,UNABLE TO DETERMINE,UNABLE TO DETERMINE,3610,N,MILWAUKEE AVE,1731,,,,,,,2,NONINCAPACITATING INJURY,3,0,0,3,0,1,0,18,6,2,41.94639767,-87.73607527,POINT (-87.736075274284 41.946397666823)
b85eca81113c21a35f14199167a4f0b59e1a583e67be60e0d2ef66d5e851c20c6c92a52dfa9e7007e949622db4630b7b8395d1862c4a91724c7ae9c0c7b31744,JD282540,,7/1/2020 17:35,30,STOP SIGN/FLASHER,FUNCTIONING PROPERLY,CLEAR,DAYLIGHT,REAR END,ONE-WAY,,STRAIGHT AND LEVEL,DRY,NO DEFECTS,,NO INJURY / DRIVE AWAY,,,,"OVER $1,500",7/1/2020 17:53,IMPROPER BACKING,UNABLE TO DETERMINE,4658,S,SPRINGFIELD AVE,821,,,,,,,2,NO INDICATION OF INJURY,0,0,0,0,0,2,0,17,4,7,41.80798736,-87.72127777,POINT (-87.721277770343 41.807987360096)
b554f92822f90fc996ebad209c895403125693543fe48e62a8289c1f973d56ccfbb67ee892e7719848bc1902153349028c500492df05c1ce0e3b1148c7818246,JF172789,,3/4/2022 16:52,30,TRAFFIC SIGNAL,FUNCTIONING PROPERLY,CLEAR,DAYLIGHT,REAR END,DIVIDED - W/MEDIAN (NOT RAISED),,STRAIGHT AND LEVEL,DRY,NO DEFECTS,NOT ON SCENE (DESK REPORT),NO INJURY / DRIVE AWAY,,,,"OVER $1,500",3/13/2022 17:45,FOLLOWING TOO CLOSELY,UNABLE TO DETERMINE,9801,S,WESTERN AVE,2213,,,,,,,2,NO INDICATION OF INJURY,0,0,0,0,0,5,0,16,6,3,41.71540878,-87.68174779,POINT (-87.681747789637 41.715408782633)
b9046748c33332e8623e1c8638b96e6dfc6b37aaad0fc71c999c5bd920965c21ca6d1094c8f8872dfbd4a69050fc6642a5c9f5d88bf68685fe17c2fb6de6573f,JF178401,,3/18/2022 15:00,15,NO CONTROLS,NO CONTROLS,RAIN,DAYLIGHT,PARKED MOTOR VEHICLE,PARKING LOT,,STRAIGHT AND LEVEL,WET,NO DEFECTS,NOT ON SCENE (DESK REPORT),NO INJURY / DRIVE AWAY,,,Y,"$501 - $1,500",3/18/2022 15:25,UNABLE TO DETERMINE,UNABLE TO DETERMINE,1615,S,CLARK ST,131,,,,,,,2,NO INDICATION OF INJURY,0,0,0,0,0,1,0,15,6,3,41.85962968,-87.6301249,POINT (-87.630124899277 41.859629677313)
b5e76e493a101be0a89e0dadf68bd13593bf3ca1dc3c8525beaeb4354fee03ad05e0df48a476cbcdad636ee2fe6b284a5d5c1c8e66f22439a666e9d9c77f3303,JF163099,,3/4/2022 12:40,15,NO CONTROLS,NO CONTROLS,CLEAR,DAYLIGHT,PARKED MOTOR VEHICLE,ALLEY,,STRAIGHT AND LEVEL,DRY,NO DEFECTS,ON SCENE,INJURY AND / OR TOW DUE TO CRASH,,,,"OVER $1,500",3/4/2022 13:20,"OPERATING VEHICLE IN ERRATIC, RECKLESS, CARELESS, NEGLIGENT OR AGGRESSIVE MANNER",DRIVING SKILLS/KNOWLEDGE/EXPERIENCE,2157,W,21ST PL,1234,,,,,,,3,NO INDICATION OF INJURY,0,0,0,0,0,1,0,12,6,3,41.85291334,-87.68056367,POINT (-87.680563665367 41.852913340169)
b9116843962816fdf6053af622828e4907060c6b2a35097327e02437cc077165d56336822b4c01f8490c7338ec4e37bdb9236ce91d9edbe3055a9e3b411c1d0c,JF179369,,3/18/2022 17:53,25,TRAFFIC SIGNAL,FUNCTIONING PROPERLY,UNKNOWN,UNKNOWN,SIDESWIPE OPPOSITE DIRECTION,NOT DIVIDED,,STRAIGHT AND LEVEL,UNKNOWN,UNKNOWN,NOT ON SCENE (DESK REPORT),NO INJURY / DRIVE AWAY,,,Y,"$501 - $1,500",3/19/2022 13:48,UNABLE TO DETERMINE,NOT APPLICABLE,4359,W,DIVISION ST,1111,,,,,,,3,NO INDICATION OF INJURY,0,0,0,0,0,3,0,17,6,3,41.90240592,-87.73601802,POINT (-87.736018016214 41.902405918652)
b61047af6dcd18f2774184f503ad196b8ac179d5f0454c669a242f004461cf3737b55106079876ef7a41a1f1deeaa973fe67bf483d5ea766bef1a988114fab56,JF163514,N,3/4/2022 18:00,20,NO CONTROLS,NO CONTROLS,CLEAR,"DARKNESS, LIGHTED ROAD",PARKED MOTOR VEHICLE,NOT DIVIDED,,STRAIGHT AND LEVEL,DRY,NO DEFECTS,ON SCENE,INJURY AND / OR TOW DUE TO CRASH,,,Y,"OVER $1,500",3/4/2022 18:29,UNABLE TO DETERMINE,NOT APPLICABLE,7733,N,PAULINA ST,2422,,,,,,,2,NO INDICATION OF INJURY,0,0,0,0,0,1,0,18,6,3,42.02213039,-87.67291842,POINT (-87.67291841748 42.022130388456)
9986db2092588a3fd5a40233dd3c17dae91e99e264f0edd74b3731c83cacf89da4da9aee18c5707abe2a0ed45b5ecbc514446b4a865023524c0e4e1d9d88ec9e,JF149080,,2/18/2022 11:16,40,NO CONTROLS,NO CONTROLS,CLEAR,"DARKNESS, LIGHTED ROAD",FIXED OBJECT,DIVIDED - W/MEDIAN BARRIER,,STRAIGHT AND LEVEL,ICE,NO DEFECTS,ON SCENE,INJURY AND / OR TOW DUE TO CRASH,,,,"OVER $1,500",2/18/2022 23:38,UNABLE TO DETERMINE,NOT APPLICABLE,3700,N,LAKE SHORE DR NB,1925,,,,,,,1,NO INDICATION OF INJURY,0,0,0,0,0,1,0,11,6,2,41.95055064,-87.64454657,POINT (-87.644546572439 41.950550636125)
998baf514d5e8ff37bcd7f227077af0be13ef8c7bb1becba72d49412964b117c78116a9473d6f626c92d1c61cbcbb47841bc14fa3ff14ffc6fa972a56245fe03,JF148772,,2/18/2022 16:00,30,NO CONTROLS,NO CONTROLS,CLEAR,DAYLIGHT,REAR TO SIDE,NOT DIVIDED,,STRAIGHT AND LEVEL,UNKNOWN,UNKNOWN,NOT ON SCENE (DESK REPORT),NO INJURY / DRIVE AWAY,,,Y,"$501 - $1,500",2/18/2022 16:50,IMPROPER BACKING,NOT APPLICABLE,3740,N,KILBOURN AVE,1731,,,,,,,2,NO INDICATION OF INJURY,0,0,0,0,0,2,0,16,6,2,41.94911593,-87.74097652,POINT (-87.740976516977 41.949115928408)
256604a7f0e4bd4652f6076b460080102f8bcb544718618cccffe696e77cbdf988c23f26824b1402c76d794d3ce7b3107300ab3deec070ed715511fd241105a3,JF183596,,3/23/2022 10:00,30,NO CONTROLS,NO CONTROLS,RAIN,DAYLIGHT,SIDESWIPE SAME DIRECTION,DIVIDED - W/MEDIAN (NOT RAISED),,STRAIGHT AND LEVEL,WET,UNKNOWN,,INJURY AND / OR TOW DUE TO CRASH,,,,"OVER $1,500",3/23/2022 10:15,IMPROPER OVERTAKING/PASSING,NOT APPLICABLE,413,N,SACRAMENTO BLVD,1221,,,,,,,2,NO INDICATION OF INJURY,0,0,0,0,0,2,0,10,4,3,41.88886014,-87.70128332,POINT (-87.701283314691 41.888860134629)
242868cf0563ca2109e202d97414739b06ae8e8f787e011a27a5b368761efe55ceebee10d9e944e81344235d7b6a05e462642cbf8fcc94e193238be09aed4b98,JF187608,,3/26/2022 19:40,30,NO CONTROLS,NO CONTROLS,CLEAR,DARKNESS,ANGLE,NOT DIVIDED,,STRAIGHT AND LEVEL,DRY,NO DEFECTS,ON SCENE,NO INJURY / DRIVE AWAY,,,,"$501 - $1,500",3/26/2022 19:43,UNABLE TO DETERMINE,UNABLE TO DETERMINE,4426,W,62ND ST,813,,,,,,,2,NO INDICATION OF INJURY,0,0,0,0,0,2,0,19,7,3,41.78046273,-87.73373947,POINT (-87.733739472606 41.780462726311)
b693a75e88f6497de9dcf0b5634493509f2ecb4ea6aa244a8b32955e07001ded4718355bee85bea3e9044b28842694560653ac7e3ae171a364677cfadf9de0be,JF163124,,3/4/2022 9:20,30,TRAFFIC SIGNAL,FUNCTIONING PROPERLY,CLEAR,DAYLIGHT,REAR END,NOT DIVIDED,,STRAIGHT AND LEVEL,UNKNOWN,UNKNOWN,NOT ON SCENE (DESK REPORT),NO INJURY / DRIVE AWAY,Y,,,"OVER $1,500",3/4/2022 14:07,FOLLOWING TOO CLOSELY,NOT APPLICABLE,720,S,CICERO AVE,1533,,,,,,,2,NO INDICATION OF INJURY,0,0,0,0,0,2,0,9,6,3,41.87145813,-87.74507456,POINT (-87.745074555577 41.87145813119)
9a58707d4c1f3288d3b6c5a297bdc1bd14500a387b600ccebc84b143fdfdf61563f8b9c2865eba2b5db0508008649f0d87271a514007d72740160ef3166bb020,JF148203,,2/18/2022 8:05,30,TRAFFIC SIGNAL,FUNCTIONING PROPERLY,SNOW,DAYLIGHT,REAR END,NOT DIVIDED,,STRAIGHT AND LEVEL,SNOW OR SLUSH,UNKNOWN,ON SCENE,NO INJURY / DRIVE AWAY,,,Y,"OVER $1,500",2/18/2022 8:08,FAILING TO REDUCE SPEED TO AVOID CRASH,WEATHER,7900,S,MARSHFIELD AVE,611,,,,,,,2,NO INDICATION OF INJURY,0,0,0,0,0,3,0,8,6,2,41.75031499,-87.66479716,POINT (-87.664797159811 41.750314984861)
2832a14308d7d798216d5b3ce85864c6b3792cf6b868407bcec59ecae7459b9f9164f424a44d0799bba2061ce86965b41675c8c840c5579d9618033a0085611a,,,3/27/2022 1:25,30,STOP SIGN/FLASHER,FUNCTIONING PROPERLY,CLEAR,"DARKNESS, LIGHTED ROAD",ANGLE,NOT DIVIDED,,STRAIGHT AND LEVEL,DRY,NO DEFECTS,NOT ON SCENE (DESK REPORT),NO INJURY / DRIVE AWAY,Y,,,"OVER $1,500",3/27/2022 2:30,DISREGARDING STOP SIGN,UNABLE TO DETERMINE,854,N,ORLEANS ST,1823,,,,,,,2,NO INDICATION OF INJURY,0,0,0,0,0,2,0,1,1,3,41.89812004,-87.63737677,POINT (-87.63737677022 41.898120040468)
ce1ea1e27e3a0abc78ecf8b98bc635aa8328f24944b461d44373e35dd694b6aff514f31f84737ef5e56d86244ac5671e5174a5204cbf56e0e287295b22a85d45,JF185498,,3/24/2022 19:40,30,TRAFFIC SIGNAL,FUNCTIONING PROPERLY,RAIN,"DARKNESS, LIGHTED ROAD",REAR END,NOT DIVIDED,,STRAIGHT AND LEVEL,WET,NO DEFECTS,ON SCENE,INJURY AND / OR TOW DUE TO CRASH,Y,,Y,"OVER $1,500",3/24/2022 19:42,UNABLE TO DETERMINE,FAILING TO REDUCE SPEED TO AVOID CRASH,10038,S,EWING AVE,432,,,,,,,2,NONINCAPACITATING INJURY,1,0,0,1,0,1,0,19,5,3,41.71277124,-87.53542219,POINT (-87.535422187416 41.712771241793)
26bab2aeed7f5c2a29efaba03af52ba6799db560d994ef7975918412c793a0139d547204e539c39a7c70af6c6b3896c6429294c194902a9cc8794edae1290f98,JF187027,,3/25/2022 22:05,25,NO CONTROLS,NO CONTROLS,CLEAR,DARKNESS,PARKED MOTOR VEHICLE,OTHER,,STRAIGHT AND LEVEL,DRY,NO DEFECTS,ON SCENE,NO INJURY / DRIVE AWAY,,,Y,"OVER $1,500",3/26/2022 8:30,IMPROPER OVERTAKING/PASSING,NOT APPLICABLE,5420,W,ADAMS ST,1522,,,,,,,2,NO INDICATION OF INJURY,0,0,0,0,0,1,0,22,6,3,41.87851138,-87.76051419,POINT (-87.760514184744 41.878511379976)
2755924ce48fd625fe4b25eed71199abc677ec9a169d422d4d0bda45e6c58784b400bcafe9c95bd7186192f0b14e4c4dddaf0130638b21306b1b86bebc6c1cf2,JF187448,,3/26/2022 14:50,15,NO CONTROLS,NO CONTROLS,CLEAR,DAYLIGHT,PARKED MOTOR VEHICLE,PARKING LOT,,STRAIGHT AND LEVEL,DRY,NO DEFECTS,NOT ON SCENE (DESK REPORT),NO INJURY / DRIVE AWAY,,Y,,"OVER $1,500",3/26/2022 16:30,UNABLE TO DETERMINE,UNABLE TO DETERMINE,5640,W,ROOSEVELT RD,1513,,,,,,,2,NO INDICATION OF INJURY,0,0,0,0,0,2,0,14,7,3,41.86568174,-87.76603699,POINT (-87.766036991842 41.865681741931)
8364e73d871b0b5fd370b26956ae4962375b893a6542d70524cec3b52f201ac18a5ed2bb02d142e60633c61ea34ebefbf9b130bcd1d9c14af82ea68c6e9c96f1,JF155796,,2/25/2022 14:00,30,UNKNOWN,UNKNOWN,SNOW,DAYLIGHT,PARKED MOTOR VEHICLE,ONE-WAY,,STRAIGHT AND LEVEL,SNOW OR SLUSH,UNKNOWN,NOT ON SCENE (DESK REPORT),NO INJURY / DRIVE AWAY,,,Y,"$501 - $1,500",2/25/2022 15:10,UNABLE TO DETERMINE,NOT APPLICABLE,8710,S,MARQUETTE AVE,423,,,,,,,2,NO INDICATION OF INJURY,0,0,0,0,0,1,0,14,6,2,41.73691903,-87.55849068,POINT (-87.558490679263 41.73691902951)
83cec0027e0cec1570d71043cd27a1e54eaf3dec8776d3c614e490bcc9cb85c546ff2e57fbe26267369662d80a712a83574bf1543316901e77d9157fdc9795d8,JF155794,,2/25/2022 14:38,30,NO CONTROLS,NO CONTROLS,CLEAR,DAYLIGHT,TURNING,DIVIDED - W/MEDIAN BARRIER,,STRAIGHT AND LEVEL,WET,"RUT, HOLES",ON SCENE,INJURY AND / OR TOW DUE TO CRASH,,,,"OVER $1,500",2/25/2022 14:38,FAILING TO YIELD RIGHT-OF-WAY,NOT APPLICABLE,431,W,47TH ST,935,,,,,,,2,"REPORTED, NOT EVIDENT",1,0,0,0,1,2,0,14,6,2,41.80891137,-87.63721971,POINT (-87.637219705865 41.80891137006)
29b7142ed489716feeead71533ccfaf33a86f95e4e81d9c7b2a255e51fb99884525a03cb05ae5cbc364b06d81440a5f81ff97ad2d71f1423ca39033e8b241d87,JF187729,,3/26/2022 23:15,30,TRAFFIC SIGNAL,FUNCTIONING PROPERLY,CLEAR,"DARKNESS, LIGHTED ROAD",PARKED MOTOR VEHICLE,NOT DIVIDED,,STRAIGHT AND LEVEL,DRY,NO DEFECTS,ON SCENE,INJURY AND / OR TOW DUE TO CRASH,Y,,,"OVER $1,500",3/26/2022 23:20,IMPROPER OVERTAKING/PASSING,FAILING TO REDUCE SPEED TO AVOID CRASH,5102,W,NORTH AVE,2533,,,,,,,6,NO INDICATION OF INJURY,0,0,0,0,0,1,0,23,7,3,41.90964865,-87.75277658,POINT (-87.752776582321 41.909648650086)
2b2ebe124c9a8fbdea343f98d8196f4d4562c9b5e87f3891589d615d252cd41ed6791cb059f04d43841038acd9b6377fc984bde8eed61301cad4fee9f568ca33,JF187597,,3/26/2022 19:21,30,NO CONTROLS,NO CONTROLS,CLEAR,"DARKNESS, LIGHTED ROAD",REAR END,ONE-WAY,,STRAIGHT AND LEVEL,DRY,NO DEFECTS,ON SCENE,NO INJURY / DRIVE AWAY,,,Y,"OVER $1,500",3/26/2022 19:39,UNABLE TO DETERMINE,NOT APPLICABLE,2299,E,71ST ST,333,,,,,,,3,NO INDICATION OF INJURY,0,0,0,0,0,3,0,19,7,3,41.76603497,-87.56899073,POINT (-87.568990724685 41.766034967155)
2c5bf88d1a771e1c2644ea1610e45b99aa4662bfe518ed2e9342d45dde99483b015f7621c97d866875fe1eb7dc56273c274bf1ec8911a989a6489be5cb7da7de,JF187165,,3/26/2022 11:00,30,NO CONTROLS,NO CONTROLS,CLEAR,DAYLIGHT,PARKED MOTOR VEHICLE,NOT DIVIDED,,STRAIGHT AND LEVEL,DRY,NO DEFECTS,NOT ON SCENE (DESK REPORT),NO INJURY / DRIVE AWAY,,,,"$501 - $1,500",3/26/2022 11:40,UNABLE TO DETERMINE,NOT APPLICABLE,2099,N,CENTRAL PARK AVE,1413,,,,,,,2,NO INDICATION OF INJURY,0,0,0,0,0,1,0,11,7,3,41.91907053,-87.71668003,POINT (-87.71668002614 41.919070531166)
b8b45f5dd307d2440af83c57bf232518c35ddc27ebe8ad10bf6f1a9e72a6c7a3cda687cb6131c8419f1de25e17508602b19dff7a401c6fe9de24be8088ef4127,JF162705,,3/4/2022 7:40,30,TRAFFIC SIGNAL,NO CONTROLS,CLEAR,DAYLIGHT,REAR END,NOT DIVIDED,,STRAIGHT AND LEVEL,DRY,NO DEFECTS,NOT ON SCENE (DESK REPORT),NO INJURY / DRIVE AWAY,,,,$500 OR LESS,3/4/2022 8:00,FOLLOWING TOO CLOSELY,FAILING TO YIELD RIGHT-OF-WAY,3501,W,63RD ST,823,,,,,,,2,NO INDICATION OF INJURY,0,0,0,0,0,2,0,7,6,3,41.77874211,-87.71052301,POINT (-87.710523012264 41.778742106034)
843a407f7b1203930a3e8f81c91d213ef695c75951da8487d9257eddd5981c5ea0189e2924c6ee92a7645d537d13331946912e25cd535961c58ce0369d1fce5a,JF155932,,2/25/2022 16:45,30,TRAFFIC SIGNAL,FUNCTIONING IMPROPERLY,CLEAR,DAYLIGHT,TURNING,NOT DIVIDED,,STRAIGHT AND LEVEL,WET,NO DEFECTS,ON SCENE,INJURY AND / OR TOW DUE TO CRASH,Y,,,"OVER $1,500",2/25/2022 17:00,FAILING TO YIELD RIGHT-OF-WAY,UNABLE TO DETERMINE,37,S,ASHLAND AVE,1224,,,,,,,2,NO INDICATION OF INJURY,0,0,0,0,0,3,0,16,6,2,41.88026692,-87.66661644,POINT (-87.666616439862 41.880266914882)