CRASH_RECORD_ID,RD_NO,CRASH_DATE_EST_I,CRASH_DATE,POSTED_SPEED_LIMIT,TRAFFIC_CONTROL_DEVICE,DEVICE_CONDITION,WEATHER_CONDITION,LIGHTING_CONDITION,FIRST_CRASH_TYPE,TRAFFICWAY_TYPE,LANE_CNT,ALIGNMENT,ROADWAY_SURFACE_COND,ROAD_DEFECT,REPORT_TYPE,CRASH_TYPE,INTERSECTION_RELATED_I,NOT_RIGHT_OF_WAY_I,HIT_AND_RUN_I,DAMAGE,DATE_POLICE_NOTIFIED,PRIM_CONTRIBUTORY_CAUSE,SEC_CONTRIBUTORY_CAUSE,STREET_NO,STREET_DIRECTION,STREET_NAME,BEAT_OF_OCCURRENCE,PHOTOS_TAKEN_I,STATEMENTS_TAKEN_I,DOORING_I,WORK_ZONE_I,WORK_ZONE_TYPE,WORKERS_PRESENT_I,NUM_UNITS,MOST_SEVERE_INJURY,INJURIES_TOTAL,INJURIES_FATAL,INJURIES_INCAPACITATING,INJURIES_NON_INCAPACITATING,INJURIES_REPORTED_NOT_EVIDENT,INJURIES_NO_INDICATION,INJURIES_UNKNOWN,CRASH_HOUR,CRASH_DAY_OF_WEEK,CRASH_MONTH,LATITUDE,LONGITUDE,LOCATION
9caa2d1e34572636c771b11fb02590b8491e4e13785ebed906ed2365b6417703eaf379456a3c5e2599cf6b6ad3b782db82966c6a82905d962cf69663a3055026,JF148064,,2/18/2022 0:01,30,STOP SIGN/FLASHER,NO CONTROLS,SNOW,DARKNESS,TURNING,NOT DIVIDED,,STRAIGHT AND LEVEL,SNOW OR SLUSH,NO DEFECTS,ON SCENE,NO INJURY / DRIVE AWAY,,,Y,"OVER $1,500",2/18/2022 0:02,FAILING TO YIELD RIGHT-OF-WAY,WEATHER,11500,S,ST LOUIS AVE,2211,,,,,,,2,NO INDICATION OF INJURY,0,0,0,0,0,2,0,0,6,2,41.68409582,-87.70800083,POINT (-87.708000832242 41.684095821116)
2f46f3d970904831150f445cb09ceb771d8ceb2223292acfa32f8b9383edd3031045d858c83592a442bf67ca30cf81b1f9fff1e2d7b2a1d3e9f948b7e9af3c9b,JF187399,,3/26/2022 14:18,30,NO CONTROLS,NO CONTROLS,CLEAR,DAYLIGHT,FIXED OBJECT,ONE-WAY,,STRAIGHT AND LEVEL,DRY,NO DEFECTS,ON SCENE,INJURY AND / OR TOW DUE TO CRASH,,,,"OVER $1,500",3/26/2022 14:18,UNABLE TO DETERMINE,UNABLE TO DETERMINE,624,S,INDEPENDENCE BLVD,1133,,,,,,,1,NONINCAPACITATING INJURY,1,0,0,1,0,0,0,14,7,3,41.87264549,-87.72048102,POINT (-87.720481023069 41.872645487141)
3181821c9018621d1317343b95ac3158c6b9f8f9fa66ec7ca276e7682a92f2f8b5ac1fbb81fe493183ae18584f116b28339eb4523b76892c3c7f378dbb6b869d,JF187344,,3/26/2022 14:02,10,NO CONTROLS,NO CONTROLS,CLEAR,DAYLIGHT,FIXED OBJECT,PARKING LOT,,STRAIGHT AND LEVEL,DRY,NO DEFECTS,ON SCENE,NO INJURY / DRIVE AWAY,,Y,,"OVER $1,500",3/26/2022 14:02,IMPROPER BACKING,NOT APPLICABLE,6402,W,63RD ST,812,,,,,,,1,NO INDICATION OF INJURY,0,0,0,0,0,1,0,14,7,3,41.77778297,-87.78142146,POINT (-87.781421456104 41.777782973079)
b8d3c30d54c3424cee2794cb5e79bef740ba3b2b6f8bf04d9eff71138ced8cc5c2d7c1d0c3af437d12eecff8446f9dc0cfdc8de283094acf8caaa85e45c3d693,JF143791,,2/14/2022 7:28,30,STOP SIGN/FLASHER,FUNCTIONING PROPERLY,CLEAR,DAYLIGHT,ANGLE,NOT DIVIDED,,STRAIGHT AND LEVEL,DRY,NO DEFECTS,,NO INJURY / DRIVE AWAY,Y,,,"OVER $1,500",2/14/2022 8:30,UNABLE TO DETERMINE,NOT APPLICABLE,7900,S,CALUMET AVE,623,,,,,,,2,NO INDICATION OF INJURY,0,0,0,0,0,3,0,7,2,2,41.75099675,-87.61668231,POINT (-87.616682311628 41.750996749531)
9cfa89e4bb5641c5e66bf14b4601085f0b13bf93bd186a73cace1cc39029c3e0d69e36cfa86fd8f84d9d1c43e85baed22cffa1a310a51166c8a9db119589fa55,JF148929,,2/18/2022 19:33,30,NO CONTROLS,NO CONTROLS,SNOW,"DARKNESS, LIGHTED ROAD",PARKED MOTOR VEHICLE,NOT DIVIDED,,STRAIGHT AND LEVEL,WET,NO DEFECTS,NOT ON SCENE (DESK REPORT),INJURY AND / OR TOW DUE TO CRASH,,,,"OVER $1,500",2/18/2022 19:33,DISTRACTION - FROM INSIDE VEHICLE,DRIVING SKILLS/KNOWLEDGE/EXPERIENCE,208,E,103RD ST,511,,,,,,,2,NO INDICATION OF INJURY,0,0,0,0,0,1,0,19,6,2,41.70735481,-87.61824779,POINT (-87.61824778754 41.707354813015)
b90fc5b39c6c1c2e0167e29fabb756f1304762d12e46155527f5388a18026ef39cdc6dc3c8d61647fd9e6e42203a946aecca7814a6f2c151b09cb2e30b156225,JF163457,,3/4/2022 17:25,30,UNKNOWN,UNKNOWN,CLEAR,DAYLIGHT,SIDESWIPE SAME DIRECTION,NOT DIVIDED,,STRAIGHT AND LEVEL,DRY,UNKNOWN,ON SCENE,NO INJURY / DRIVE AWAY,,,Y,"OVER $1,500",3/4/2022 17:25,UNABLE TO DETERMINE,NOT APPLICABLE,2320,W,MONTROSE AVE,1911,,,,,,,2,NO INDICATION OF INJURY,0,0,0,0,0,7,0,17,6,3,41.96144237,-87.68726062,POINT (-87.687260619846 41.961442367495)
b924ffa113159457d4e63e464724d774cba7ffd56b0ddd3e6da68dfd03e5f5bd21d74d8cb863a47b7c9b13d5e2ad92c5ece14ce91fd4f8f4f5c4b8bfb6f80f7e,JF163675,,3/4/2022 17:30,20,NO CONTROLS,NO CONTROLS,CLEAR,DAYLIGHT,REAR TO FRONT,PARKING LOT,,STRAIGHT AND LEVEL,DRY,NO DEFECTS,NOT ON SCENE (DESK REPORT),NO INJURY / DRIVE AWAY,,,,"$501 - $1,500",3/4/2022 22:00,FAILING TO REDUCE SPEED TO AVOID CRASH,UNABLE TO DETERMINE,1751,W,CHICAGO AVE,1215,,,,,,,2,NO INDICATION OF INJURY,0,0,0,0,0,2,0,17,6,3,41.89588888,-87.67179637,POINT (-87.671796365752 41.895888883918)
cf73245acc07ead91d8954ba9a72164bdfb1ba39e048a70cd4556bfbdeec30857ab291f9332bd46a9f550bd2f3583d4443cc9071cc46d6147f8b1715d30da7b5,JF186054,Y,3/25/2022 0:00,15,NO CONTROLS,NO CONTROLS,UNKNOWN,UNKNOWN,PARKED MOTOR VEHICLE,PARKING LOT,,STRAIGHT AND LEVEL,UNKNOWN,NO DEFECTS,ON SCENE,NO INJURY / DRIVE AWAY,,,Y,"OVER $1,500",3/25/2022 10:58,UNABLE TO DETERMINE,UNABLE TO DETERMINE,6425,S,LOWE AVE,723,,,,,,,2,NO INDICATION OF INJURY,0,0,0,0,0,1,0,0,6,3,41.7772212,-87.64065355,POINT (-87.64065355106 41.77722119984)
9db5d2dbaa30741d0aa424040aa052f4466915b114f5a83dcdd19772d3c870875455f184909e87db4a495410725d4fd67bb58d516b0608422e812e91766dfce5,JF148347,Y,2/18/2022 10:15,30,NO CONTROLS,NO CONTROLS,CLEAR,DAYLIGHT,ANGLE,NOT DIVIDED,,STRAIGHT AND LEVEL,SNOW OR SLUSH,NO DEFECTS,NOT ON SCENE (DESK REPORT),NO INJURY / DRIVE AWAY,,,Y,"OVER $1,500",2/18/2022 10:30,UNABLE TO DETERMINE,NOT APPLICABLE,31,E,71ST ST,323,,,,,,,2,NO INDICATION OF INJURY,0,0,0,0,0,3,0,10,6,2,41.76542753,-87.62346039,POINT (-87.623460389927 41.765427534162)
9dbb4ceeb99fef7a5d697ab2aa2a6ccb5d691a34924aece5e48b34878820cb7a1ab864a228d998249824ab04db854cefcdcb60042e3bab0853d032bc997b72d1,JF148749,,2/18/2022 15:40,30,TRAFFIC SIGNAL,FUNCTIONING PROPERLY,CLEAR,DAYLIGHT,REAR END,NOT DIVIDED,,STRAIGHT AND LEVEL,DRY,NO DEFECTS,NOT ON SCENE (DESK REPORT),NO INJURY / DRIVE AWAY,,,,"OVER $1,500",2/18/2022 16:42,FOLLOWING TOO CLOSELY,UNABLE TO DETERMINE,1300,W,ROOSEVELT RD,1231,,,,,,,2,NO INDICATION OF INJURY,0,0,0,0,0,2,0,15,6,2,41.86706467,-87.65924974,POINT (-87.659249736397 41.867064670267)
84e6984d4b4adb7da98009155cd4d80476aa508be372a24ef8f22f435cc2da835ec7d735c28fb4dd606ad24258589a8c5b531ec226fdd49c8f2bcd7d9c2ed341,JF156011,,2/25/2022 18:00,35,STOP SIGN/FLASHER,FUNCTIONING PROPERLY,CLOUDY/OVERCAST,"DARKNESS, LIGHTED ROAD",ANGLE,DIVIDED - W/MEDIAN (NOT RAISED),,STRAIGHT AND LEVEL,WET,UNKNOWN,ON SCENE,INJURY AND / OR TOW DUE TO CRASH,Y,,,"$501 - $1,500",2/25/2022 18:08,"VISION OBSCURED (SIGNS, TREE LIMBS, BUILDINGS, ETC.)",NOT APPLICABLE,2899,E,100TH ST,431,,,,,,,2,NO INDICATION OF INJURY,0,0,0,0,0,2,0,18,6,2,41.71326357,-87.55377029,POINT (-87.55377028505 41.713263570021)
ba4e7eaf04095e159b0e4afcf40377f9c399970d906d94176fbc2b62b42f016bc7f52a1445a21b660a832b20137a003bff805a92320798d871179b2ab3c1559c,JE386988,,9/25/2021 13:55,30,NO CONTROLS,NO CONTROLS,CLEAR,DAYLIGHT,PEDALCYCLIST,NOT DIVIDED,,STRAIGHT AND LEVEL,DRY,UNKNOWN,,INJURY AND / OR TOW DUE TO CRASH,,,Y,$500 OR LESS,9/25/2021 14:05,FAILING TO YIELD RIGHT-OF-WAY,NOT APPLICABLE,1902,N,LINCOLN AVE,1814,,,Y,,,,2,NONINCAPACITATING INJURY,1,0,0,1,0,2,0,13,7,9,41.91655052,-87.63653131,POINT (-87.636531310474 41.91655051975)
8628da9fcb185f83f9ca58b19d1a4d43f630e8c5f788a30584987bda3f55fabfa0f24a51197fd85b27fe9ad046653d20dcc83c7ee4ff9197df88b2ca43c80f8c,JF155338,,2/25/2022 7:23,30,NO CONTROLS,NO CONTROLS,SNOW,DAYLIGHT,TURNING,NOT DIVIDED,,STRAIGHT AND LEVEL,WET,NO DEFECTS,NOT ON SCENE (DESK REPORT),NO INJURY / DRIVE AWAY,,,,"$501 - $1,500",2/25/2022 8:09,FAILING TO YIELD RIGHT-OF-WAY,FAILING TO YIELD RIGHT-OF-WAY,3700,W,57TH ST,822,,,,,,,2,NO INDICATION OF INJURY,0,0,0,0,0,2,0,7,6,2,41.78979709,-87.71583807,POINT (-87.71583806587 41.789797086439)
cff7997056a840d688cd18c3516a7902e840d4cf65a6bfae4571519da3fef8f1ee96746b144e432e5663b59c712d42a8e0c86e0beb4dc2e4450b0cb7d259c263,JF184769,,3/24/2022 9:20,30,NO CONTROLS,NO CONTROLS,CLEAR,DAWN,SIDESWIPE SAME DIRECTION,NOT DIVIDED,,STRAIGHT AND LEVEL,DRY,NO DEFECTS,NOT ON SCENE (DESK REPORT),NO INJURY / DRIVE AWAY,,,,"OVER $1,500",3/24/2022 9:40,FAILING TO YIELD RIGHT-OF-WAY,FAILING TO YIELD RIGHT-OF-WAY,1610,W,87TH ST,614,,,,,,,2,NO INDICATION OF INJURY,0,0,0,0,0,2,0,9,5,3,41.73589278,-87.6635186,POINT (-87.663518603276 41.735892781602)
d0256d019ce19206310609f2e9c7c2f59ebc9a202da72cbbcf26db229ed77746e16d521cb34e3bc7e7013e1ca4ed6bccc9bc47651aa7b610e890e5560b179a44,JF185044,,3/24/2022 13:25,30,NO CONTROLS,NO CONTROLS,RAIN,DAYLIGHT,SIDESWIPE SAME DIRECTION,DIVIDED - W/MEDIAN (NOT RAISED),,STRAIGHT AND LEVEL,WET,NO DEFECTS,NOT ON SCENE (DESK REPORT),NO INJURY / DRIVE AWAY,,,,"OVER $1,500",3/24/2022 14:00,IMPROPER LANE USAGE,NOT APPLICABLE,1500,W,CHICAGO AVE,1213,,,,,,,2,NO INDICATION OF INJURY,0,0,0,0,0,3,0,13,5,3,41.89622007,-87.66494578,POINT (-87.664945781719 41.896220071913)
bb806c891c64191a5140d5200ea773cd556bdb79cf3fe4bce3dcf285a5849643a74d0946fe2b0de4ee7aaea18481a58f7923c06847eadb5d25ced9d8ceee22b4,JF178322,,3/18/2022 13:40,35,TRAFFIC SIGNAL,FUNCTIONING PROPERLY,RAIN,DAYLIGHT,TURNING,DIVIDED - W/MEDIAN (NOT RAISED),,STRAIGHT AND LEVEL,WET,NO DEFECTS,ON SCENE,INJURY AND / OR TOW DUE TO CRASH,Y,,,"OVER $1,500",3/18/2022 13:45,UNABLE TO DETERMINE,UNABLE TO DETERMINE,4301,S,CICERO AVE,815,,,,,,,2,"REPORTED, NOT EVIDENT",1,0,0,0,1,1,0,13,6,3,41.81484189,-87.7432081,POINT (-87.743208098805 41.814841893143)
d070c1133ce506a8d201f5ea36c41eeb5b801f020d293cc4efc46a6af6bd256845d94fcf446547828e478cb39967c557e688e17e08d80975798f836ca1942e1b,JF184572,,3/24/2022 5:37,30,STOP SIGN/FLASHER,FUNCTIONING IMPROPERLY,RAIN,"DARKNESS, LIGHTED ROAD",ANGLE,FOUR WAY,,STRAIGHT AND LEVEL,WET,UNKNOWN,,INJURY AND / OR TOW DUE TO CRASH,Y,,,"OVER $1,500",3/24/2022 5:37,FAILING TO YIELD RIGHT-OF-WAY,DISREGARDING STOP SIGN,9400,S,ESCANABA AVE,423,,,,,,,2,"REPORTED, NOT EVIDENT",2,0,0,0,2,1,0,5,5,3,41.72452499,-87.55403148,POINT (-87.55403148056 41.724524990635)
87517e6b7fd1f8476d529b550f6aea488cd6a1b329225c08e53ffcc80555faa3ef33881962dec29088a9c8dda1e25e05ddcf70e429ca74353264f1da6348106e,JF155959,,2/25/2022 17:10,35,NO CONTROLS,NO CONTROLS,SNOW,DAYLIGHT,SIDESWIPE OPPOSITE DIRECTION,NOT DIVIDED,,STRAIGHT AND LEVEL,WET,NO DEFECTS,ON SCENE,NO INJURY / DRIVE AWAY,,,,"OVER $1,500",2/25/2022 17:21,FAILING TO YIELD RIGHT-OF-WAY,NOT APPLICABLE,6400,S,DR MARTIN LUTHER KING JR DR,312,,,,,,,2,NO INDICATION OF INJURY,0,0,0,0,0,2,0,17,6,2,41.7783291,-87.61572579,POINT (-87.615725792181 41.778329098667)
ba1ee4a7c8479825445ea23914334fd85cea7dec9694f46b709ec4d0aa4e645151726c422411d117e2fad1e6370b4622abeafee234d09c04636b0053e6bc49a6,JF162736,,3/4/2022 7:45,30,STOP SIGN/FLASHER,FUNCTIONING PROPERLY,CLEAR,DAYLIGHT,PEDALCYCLIST,FOUR WAY,,STRAIGHT ON GRADE,DRY,NO DEFECTS,ON SCENE,INJURY AND / OR TOW DUE TO CRASH,Y,,Y,$500 OR LESS,3/4/2022 7:59,FAILING TO REDUCE SPEED TO AVOID CRASH,NOT APPLICABLE,2231,W,99TH ST,2213,,,,,,,2,NONINCAPACITATING INJURY,1,0,0,1,0,1,0,7,6,3,41.71360036,-87.67814672,POINT (-87.678146717806 41.713600359935)
bc6c60133317703e29314f0f1f1cc3b751b6957159a6062e6ea171541ddee17c5040651d6abf66091798a4e38e5f637d7edf0b9b2cb7f83da6b92afb10d50ad7,JF178405,,3/18/2022 14:43,30,NO CONTROLS,NO CONTROLS,RAIN,DAYLIGHT,PARKED MOTOR VEHICLE,NOT DIVIDED,,STRAIGHT AND LEVEL,WET,NO DEFECTS,ON SCENE,INJURY AND / OR TOW DUE TO CRASH,,,,"OVER $1,500",3/18/2022 14:50,UNABLE TO DETERMINE,NOT APPLICABLE,612,W,ROOSEVELT RD,124,,,,,,,2,NO INDICATION OF INJURY,0,0,0,0,0,1,0,14,6,3,41.86732191,-87.64273223,POINT (-87.642732231955 41.867321913739)
bcd7655bd837d31b6181597df567605c314aa9e50b43505abc6cba477a99abfe1aa94ca892d7d1335a31f5dfb23b5d1a191ba27aa20ac268dd2f93bc5bc8b786,JF178845,,3/18/2022 21:55,30,STOP SIGN/FLASHER,FUNCTIONING PROPERLY,RAIN,DUSK,REAR END,DIVIDED - W/MEDIAN (NOT RAISED),,STRAIGHT AND LEVEL,WET,NO DEFECTS,ON SCENE,INJURY AND / OR TOW DUE TO CRASH,Y,,,"$501 - $1,500",3/18/2022 21:56,FAILING TO REDUCE SPEED TO AVOID CRASH,UNABLE TO DETERMINE,2501,W,DIVISION ST,1211,,,,,,,2,NONINCAPACITATING INJURY,1,0,0,1,0,2,0,21,6,3,41.90288242,-87.68954863,POINT (-87.689548624987 41.902882415674)
d1d57b3a80dddfe3106ab7689486629b86c4bc77ceafba3b3b6425fcdddb6c0d73e32fd99269286d4001e63db2581bbfd349d1ea652c6625f159eacb07deb572,JF185474,,3/24/2022 5:00,30,NO CONTROLS,NO CONTROLS,CLEAR,DAYLIGHT,SIDESWIPE SAME DIRECTION,NOT DIVIDED,,STRAIGHT AND LEVEL,WET,NO DEFECTS,NOT ON SCENE (DESK REPORT),NO INJURY / DRIVE AWAY,,,,"$501 - $1,500",3/24/2022 19:29,NOT APPLICABLE,NOT APPLICABLE,6726,W,ARCHER AVE,811,,,,,,,2,NO INDICATION OF INJURY,0,0,0,0,0,2,0,5,5,3,41.79229061,-87.7902949,POINT (-87.790294903613 41.792290606299)
ba781fd1d782e81f38aad433112224152925d2a9406be86067f40fcac85d4097ca24c48e621d343cd1b877c6fce2ea3f7f6ccfc4559cd3511274d87bceb6ae31,JF163075,,3/4/2022 12:45,30,TRAFFIC SIGNAL,FUNCTIONING PROPERLY,CLEAR,DAYLIGHT,REAR END,DIVIDED - W/MEDIAN (NOT RAISED),,STRAIGHT AND LEVEL,DRY,NO DEFECTS,NOT ON SCENE (DESK REPORT),NO INJURY / DRIVE AWAY,Y,,Y,"OVER $1,500",3/4/2022 13:10,UNABLE TO DETERMINE,UNABLE TO DETERMINE,3901,S,HALSTED ST,925,,,,,,,2,NO INDICATION OF INJURY,0,0,0,0,0,3,0,12,6,3,41.8233669,-87.64577534,POINT (-87.645775343364 41.823366897236)
be3932464754c038ed58d2ef5a08385429ee0d97d2cf3dccfdcfe2940e8324425a78355c700167a253ab61fadc1250cec8230dbd933474b999473bd860923276,JF178651,,3/18/2022 18:00,35,TRAFFIC SIGNAL,FUNCTIONING PROPERLY,RAIN,DUSK,TURNING,FOUR WAY,,STRAIGHT AND LEVEL,WET,NO DEFECTS,ON SCENE,INJURY AND / OR TOW DUE TO CRASH,Y,,Y,"OVER $1,500",3/18/2022 18:01,FAILING TO YIELD RIGHT-OF-WAY,DRIVING SKILLS/KNOWLEDGE/EXPERIENCE,6900,S,ASHLAND AVE,735,,,,,,,2,NONINCAPACITATING INJURY,1,0,0,1,0,1,0,18,6,3,41.76845491,-87.66403843,POINT (-87.664038433009 41.768454909931)
d29249bde2289dadb8ec64f47fed7fe4db69125ee9827962b00310d701837d0870d235fcd7a73f26564cbc2b49c91e7f3822396f04f22eeec5e6bd7db0cd8abd,JF184590,,3/24/2022 6:10,30,TRAFFIC SIGNAL,FUNCTIONING PROPERLY,RAIN,DAWN,TURNING,T-INTERSECTION,,STRAIGHT AND LEVEL,WET,NO DEFECTS,ON SCENE,NO INJURY / DRIVE AWAY,Y,,,"OVER $1,500",3/24/2022 6:12,UNABLE TO DETERMINE,UNABLE TO DETERMINE,4701,S,RACINE AVE,933,,,,,,,2,NO INDICATION OF INJURY,0,0,0,0,0,2,0,6,5,3,41.80868932,-87.65509335,POINT (-87.655093352037 41.808689323217)
89604fcf25a0fb5305e08d13f380a535f76e987cd111a4230bbd0d1d38c06623d20d5bf0380f6dfffc2a0412447b60abbf1b2ce62bcad54c911dc593469b4b75,JF155912,,2/25/2022 16:00,30,TRAFFIC SIGNAL,FUNCTIONING PROPERLY,SNOW,DUSK,TURNING,CENTER TURN LANE,,STRAIGHT AND LEVEL,WET,NO DEFECTS,ON SCENE,NO INJURY / DRIVE AWAY,,,,"$501 - $1,500",2/25/2022 16:07,IMPROPER OVERTAKING/PASSING,NOT APPLICABLE,1542,W,CERMAK RD,1235,,,,,,,2,NO INDICATION OF INJURY,0,0,0,0,0,2,0,16,6,2,41.85245662,-87.66530966,POINT (-87.665309661744 41.852456622394)
8991c13fd8683ab1bb1e5c5f74a7706a77ee0f69c8acc69ed736fe8f97277d51cd98fb3a2911269a0ff810c0ad7c666fef619cefff9d36d895f17aeb7de2e796,JF155611,,2/25/2022 12:10,30,STOP SIGN/FLASHER,FUNCTIONING PROPERLY,CLEAR,DAYLIGHT,ANGLE,FOUR WAY,,STRAIGHT AND LEVEL,WET,UNKNOWN,ON SCENE,INJURY AND / OR TOW DUE TO CRASH,Y,,,"OVER $1,500",2/25/2022 12:12,FAILING TO YIELD RIGHT-OF-WAY,UNABLE TO DETERMINE,1600,S,ASHLAND AVE,1234,,,,,,,2,NO INDICATION OF INJURY,0,0,0,0,0,3,0,12,6,2,41.85955978,-87.66634385,POINT (-87.666343850368 41.859559781969)
bf43efd7eed9d5a1990f949b887c8944715d296ad0210c264809bc8147e8c6f2c0da5f2029ae788a96a3f97310f17c25b552d37ce692fa0f6c568dbe6774d1df,JD168189,,2/28/2020 14:30,20,NO CONTROLS,NO CONTROLS,CLEAR,DAYLIGHT,ANGLE,PARKING LOT,,STRAIGHT AND LEVEL,DRY,NO DEFECTS,,NO INJURY / DRIVE AWAY,,Y,,"$501 - $1,500",2/28/2020 16:45,UNABLE TO DETERMINE,UNABLE TO DETERMINE,1653,W,CONGRESS PKWY,1231,,,,,,,2,NO INDICATION OF INJURY,0,0,0,0,0,4,0,14,6,2,41.87503334,-87.668753,POINT (-87.668753001303 41.875033341441)
d3732cc99aaffc01bb353290915217890de00ff261b8064e46d9a6dbd4bfd2d23a0f08716c68a85502a273ec66a74753ddf2eace9b6fe600c6e769ee1920d391,JD472384,Y,12/28/2020 15:51,25,NO CONTROLS,NO CONTROLS,CLEAR,DAYLIGHT,PARKED MOTOR VEHICLE,ONE-WAY,,STRAIGHT AND LEVEL,DRY,NO DEFECTS,,INJURY AND / OR TOW DUE TO CRASH,,,Y,"OVER $1,500",12/29/2020 10:27,UNABLE TO DETERMINE,NOT APPLICABLE,6809,S,EVANS AVE,321,,,,,,,2,NO INDICATION OF INJURY,0,0,0,0,0,1,0,15,2,12,41.77098565,-87.60682792,POINT (-87.60682791502 41.770985645389)
d3b43302527fe6265239f4afeeab3a1942fe554d593efd5ead318ac8a1799d3b74290389441537f8e512365fb531c890ae345820062897689780ad117c183062,JE171615,,3/17/2021 15:10,35,NO CONTROLS,NO CONTROLS,CLOUDY/OVERCAST,DAYLIGHT,PEDESTRIAN,DIVIDED - W/MEDIAN (NOT RAISED),,STRAIGHT AND LEVEL,DRY,NO DEFECTS,,INJURY AND / OR TOW DUE TO CRASH,Y,,,"OVER $1,500",3/17/2021 15:18,FAILING TO YIELD RIGHT-OF-WAY,UNABLE TO DETERMINE,11200,S,KEDZIE AVE,2211,,,,,,,2,INCAPACITATING INJURY,1,0,1,0,0,1,0,15,4,3,41.68969339,-87.70090073,POINT (-87.700900727007 41.689693387719)
a1a7a404415bee0eb97f9a47b4ef77f41c872d93b62eaf0aaad781ff517f1ede644c2ee8b179694ff485a040ea1454de0fac586259c144021f10a148309d26d5,JF148754,,2/18/2022 16:23,30,TRAFFIC SIGNAL,FUNCTIONING PROPERLY,SNOW,DAYLIGHT,TURNING,FOUR WAY,,STRAIGHT AND LEVEL,SNOW OR SLUSH,UNKNOWN,ON SCENE,INJURY AND / OR TOW DUE TO CRASH,Y,,Y,"OVER $1,500",2/18/2022 16:23,IMPROPER TURNING/NO SIGNAL,NOT APPLICABLE,801,S,INDEPENDENCE BLVD,1133,,,,,,,2,NONINCAPACITATING INJURY,2,0,0,2,0,2,0,16,6,2,41.87076147,-87.71952858,POINT (-87.719528578627 41.870761472451)
bfdac4b9caf86f43015c6204478a4d7d62a1fcc24cca085afa8e48ec6ace3c2ad47904a18308d029738f4c67be103f9378a820e2f1e1a8df1db281a8ee75d901,JE330577,,8/8/2021 11:40,20,STOP SIGN/FLASHER,NO CONTROLS,CLEAR,DAYLIGHT,ANGLE,FOUR WAY,,STRAIGHT AND LEVEL,DRY,NO DEFECTS,,NO INJURY / DRIVE AWAY,,,N,"$501 - $1,500",8/8/2021 14:40,UNABLE TO DETERMINE,NOT APPLICABLE,7400,S,YATES BLVD,334,,,,,,,2,NO INDICATION OF INJURY,0,0,0,0,0,2,0,11,1,8,41.76071026,-87.56655643,POINT (-87.566556432659 41.760710264389)
d405ca68b7dd90e40105af5ab8d2dc6a77c03452ff90c068b24d39d51eb7a6b8619411e9caca5b2c3d9973ff5048423b4cd7f3b46f15ab9e7f0dfe4281961c9b,JF184209,,3/23/2022 17:55,30,NO CONTROLS,NO CONTROLS,RAIN,DAYLIGHT,SIDESWIPE SAME DIRECTION,NOT DIVIDED,,STRAIGHT AND LEVEL,WET,NO DEFECTS,,INJURY AND / OR TOW DUE TO CRASH,Y,,Y,"OVER $1,500",3/23/2022 17:59,DISTRACTION - FROM INSIDE VEHICLE,NOT APPLICABLE,2601,S,KOSTNER AVE,1031,,Y,,,,,5,NO INDICATION OF INJURY,0,0,0,0,0,4,0,17,4,3,41.84402319,-87.73413218,POINT (-87.7341321778 41.844023189231)
c1e08184c21a186374f1c55bbc1ec56b909282506e29a1af9b83968077bf33a450f7d6c46785a42a2deedf0c5f716d298617992be666f629a59ad1ce50eeb251,JF177913,,3/18/2022 6:55,30,TRAFFIC SIGNAL,FUNCTIONING PROPERLY,CLEAR,"DARKNESS, LIGHTED ROAD",TURNING,DIVIDED - W/MEDIAN (NOT RAISED),,STRAIGHT AND LEVEL,DRY,NO DEFECTS,NOT ON SCENE (DESK REPORT),NO INJURY / DRIVE AWAY,Y,,Y,"OVER $1,500",3/18/2022 7:45,UNABLE TO DETERMINE,UNABLE TO DETERMINE,6398,W,DEVON AVE,1611,,,,,,,2,NO INDICATION OF INJURY,0,0,0,0,0,2,0,6,6,3,41.9974642,-87.7875889,POINT (-87.787588900192 41.997464202336)
d491fc63f1b0d1537f5fadf7f1d49c4379393ca35cf1bfba22b3034a0e938b43967031ee3f280944196b6da147a4e6779cce8f9676b2669714eb6843c9039144,JF184623,,3/24/2022 7:16,30,NO CONTROLS,NO CONTROLS,CLEAR,DAYLIGHT,REAR END,NOT DIVIDED,,STRAIGHT AND LEVEL,DRY,NO DEFECTS,NOT ON SCENE (DESK REPORT),INJURY AND / OR TOW DUE TO CRASH,,,,"$501 - $1,500",3/24/2022 7:34,UNABLE TO DETERMINE,UNABLE TO DETERMINE,6834,S,SOUTH CHICAGO AVE,322,,,,,,,2,"REPORTED, NOT EVIDENT",1,0,0,0,1,1,0,7,5,3,41.77014135,-87.61175176,POINT (-87.611751755772 41.770141353974)
c283ecd2b6b258388b83b2450bf52b4956b1c0da3a6191d4f7e9f3c4b742fb593cfaee5c9c65565e00da537a21ffc963960977950abe5cc662ac0ded3e347edd,JF178299,,3/18/2022 12:54,25,NO CONTROLS,NO CONTROLS,RAIN,DAYLIGHT,OTHER OBJECT,DRIVEWAY,,STRAIGHT AND LEVEL,WET,NO DEFECTS,NOT ON SCENE (DESK REPORT),NO INJURY / DRIVE AWAY,,,,"$501 - $1,500",3/18/2022 13:03,WEATHER,NOT APPLICABLE,2538,S,BLUE ISLAND AVE,1034,,,,,,,1,NO INDICATION OF INJURY,0,0,0,0,0,1,0,12,6,3,41.84613509,-87.68234128,POINT (-87.682341276713 41.846135087739)