CRASH_RECORD_ID,RD_NO,CRASH_DATE_EST_I,CRASH_DATE,POSTED_SPEED_LIMIT,TRAFFIC_CONTROL_DEVICE,DEVICE_CONDITION,WEATHER_CONDITION,LIGHTING_CONDITION,FIRST_CRASH_TYPE,TRAFFICWAY_TYPE,LANE_CNT,ALIGNMENT,ROADWAY_SURFACE_COND,ROAD_DEFECT,REPORT_TYPE,CRASH_TYPE,INTERSECTION_RELATED_I,NOT_RIGHT_OF_WAY_I,HIT_AND_RUN_I,DAMAGE,DATE_POLICE_NOTIFIED,PRIM_CONTRIBUTORY_CAUSE,SEC_CONTRIBUTORY_CAUSE,STREET_NO,STREET_DIRECTION,STREET_NAME,BEAT_OF_OCCURRENCE,PHOTOS_TAKEN_I,STATEMENTS_TAKEN_I,DOORING_I,WORK_ZONE_I,WORK_ZONE_TYPE,WORKERS_PRESENT_I,NUM_UNITS,MOST_SEVERE_INJURY,INJURIES_TOTAL,INJURIES_FATAL,INJURIES_INCAPACITATING,INJURIES_NON_INCAPACITATING,INJURIES_REPORTED_NOT_EVIDENT,INJURIES_NO_INDICATION,INJURIES_UNKNOWN,CRASH_HOUR,CRASH_DAY_OF_WEEK,CRASH_MONTH,LATITUDE,LONGITUDE,LOCATION
c285b35a8df0a26d50679119aff97ccf04c6b6ff6b3f8aa6ef699ac864833a238bf39e1b77288b24383000f52f1e12c9525d4824da92950c0ab54a1cb21be6cb,JF178889,,3/18/2022 21:07,30,NO CONTROLS,NO CONTROLS,RAIN,"DARKNESS, LIGHTED ROAD",SIDESWIPE SAME DIRECTION,NOT DIVIDED,,STRAIGHT AND LEVEL,WET,NO DEFECTS,NOT ON SCENE (DESK REPORT),NO INJURY / DRIVE AWAY,,,Y,$500 OR LESS,3/18/2022 23:50,UNABLE TO DETERMINE,UNABLE TO DETERMINE,4735,N,CENTRAL PARK AVE,1723,,,,,,,2,NO INDICATION OF INJURY,0,0,0,0,0,2,0,21,6,3,41.96758238,-87.71808196,POINT (-87.71808195519 41.967582378239)
d4a8e97a2a299252326714dfaeecb3a090c5a60229baf30004da1dcbf3878e30c2771d4d08a8e4fc6420978b7335601dbdd7e9b8814de0a883a0d83e8875cbb2,JF184902,,3/24/2022 11:30,30,NO CONTROLS,NO CONTROLS,RAIN,DAYLIGHT,PARKED MOTOR VEHICLE,NOT DIVIDED,,STRAIGHT AND LEVEL,WET,NO DEFECTS,ON SCENE,NO INJURY / DRIVE AWAY,,,Y,"$501 - $1,500",3/24/2022 11:45,FAILING TO REDUCE SPEED TO AVOID CRASH,UNABLE TO DETERMINE,5443,S,WOOD ST,932,,,,,,,2,NO INDICATION OF INJURY,0,0,0,0,0,1,0,11,5,3,41.79452217,-87.66931232,POINT (-87.669312315161 41.794522169505)
d4bcdfa54ab1ff1b8906687a158134fabee5e10d6ed066b2536e82f0c80ba3412d56c21b8ca65448b5412657990d083dcfdbc114c3bfbb2c072d5424b3221100,JF184760,,3/24/2022 9:15,30,STOP SIGN/FLASHER,FUNCTIONING PROPERLY,RAIN,DAYLIGHT,PEDALCYCLIST,T-INTERSECTION,,STRAIGHT AND LEVEL,WET,NO DEFECTS,ON SCENE,INJURY AND / OR TOW DUE TO CRASH,Y,,,$500 OR LESS,3/24/2022 9:18,FAILING TO YIELD RIGHT-OF-WAY,WEATHER,842,W,31ST ST,913,,,,,,,2,"REPORTED, NOT EVIDENT",1,0,0,0,1,1,0,9,5,3,41.83813108,-87.64803564,POINT (-87.648035638684 41.838131082209)
8b114000800119076510968d594f3f8702454211d14378793954cb6bda1ce2c0d8f2b217aa434e0c3386386e16c479002538cbc1fa164d0ececb081cb433d673,JF155357,,2/25/2022 8:05,30,NO CONTROLS,NO CONTROLS,CLEAR,DAYLIGHT,SIDESWIPE SAME DIRECTION,NOT DIVIDED,,STRAIGHT AND LEVEL,SNOW OR SLUSH,NO DEFECTS,ON SCENE,NO INJURY / DRIVE AWAY,,,,"OVER $1,500",2/25/2022 8:05,UNABLE TO DETERMINE,ROAD ENGINEERING/SURFACE/MARKING DEFECTS,6350,W,ADDISON ST,1633,,,,,,,2,NO INDICATION OF INJURY,0,0,0,0,0,2,0,8,6,2,41.94577961,-87.78574984,POINT (-87.785749836372 41.945779606144)
c30e5d91349110239d0505c9a667aa6a2f7ef77fbe9885faa6d98199a09d1e15f49014940f069784fb89f1359263d979173380b2013692e56d7e226dc712373a,JF178850,,3/18/2022 22:11,30,TRAFFIC SIGNAL,FUNCTIONING PROPERLY,RAIN,"DARKNESS, LIGHTED ROAD",TURNING,FOUR WAY,,STRAIGHT AND LEVEL,WET,NO DEFECTS,ON SCENE,NO INJURY / DRIVE AWAY,Y,,Y,"$501 - $1,500",3/18/2022 22:11,FAILING TO YIELD RIGHT-OF-WAY,IMPROPER TURNING/NO SIGNAL,5200,N,ASHLAND AVE,2012,,,,,,,2,NO INDICATION OF INJURY,0,0,0,0,0,2,0,22,6,3,41.97621644,-87.6697616,POINT (-87.669761602136 41.976216437221)
a3027da0c1d2d5a9e6aef6a43319b2093e4ffc0a6d7ca5c90d061d806e4952a998e09ef95bb2cd396f006e793391b89a556b509f5685bbda135489b7ed97c1e6,JF149059,,2/18/2022 22:37,15,NO CONTROLS,NO CONTROLS,CLEAR,"DARKNESS, LIGHTED ROAD",PARKED MOTOR VEHICLE,PARKING LOT,,STRAIGHT AND LEVEL,WET,UNKNOWN,ON SCENE,NO INJURY / DRIVE AWAY,,,Y,"$501 - $1,500",2/18/2022 22:37,NOT APPLICABLE,NOT APPLICABLE,3901,S,ASHLAND AVE,924,,,,,,,2,NO INDICATION OF INJURY,0,0,0,0,0,1,0,22,6,2,41.82304078,-87.66514908,POINT (-87.665149082589 41.823040776042)
d4decf8204b4e1b292141660a0d95a56e791e6e64dcb035ffa0071c458a6f9b4f194a6cf245d9c8a5c8de2cb65c777fc0df2696b3f746b8a9a82155ea54cb15f,JF184712,,3/24/2022 9:10,35,TRAFFIC SIGNAL,UNKNOWN,UNKNOWN,DAYLIGHT,TURNING,NOT DIVIDED,,STRAIGHT AND LEVEL,UNKNOWN,UNKNOWN,NOT ON SCENE (DESK REPORT),NO INJURY / DRIVE AWAY,Y,,Y,"OVER $1,500",3/24/2022 9:25,UNABLE TO DETERMINE,NOT APPLICABLE,3555,N,WESTERN AVE,1921,,,,,,,2,NO INDICATION OF INJURY,0,0,0,0,0,2,0,9,5,3,41.94652948,-87.68810639,POINT (-87.688106391039 41.946529480518)
8c109ff27ac61812307a8eceb3001685e4ddc94672f81f89572a8e4a243f3afcd2dfd5f9d2ceaacc8df480ffc39191ad7dcf61db4ebeb2b37472727b0bf1501f,JF158582,,2/25/2022 21:30,30,TRAFFIC SIGNAL,UNKNOWN,RAIN,"DARKNESS, LIGHTED ROAD",OTHER OBJECT,NOT DIVIDED,,STRAIGHT AND LEVEL,WET,"RUT, HOLES",NOT ON SCENE (DESK REPORT),INJURY AND / OR TOW DUE TO CRASH,,,,"$501 - $1,500",2/28/2022 12:00,ROAD CONSTRUCTION/MAINTENANCE,NOT APPLICABLE,140,W,35TH ST,915,,,,,,,1,NO INDICATION OF INJURY,0,0,0,0,0,1,0,21,6,2,41.83106304,-87.63066076,POINT (-87.63066075743 41.831063035314)
be4e44053f1dd8e81b4854ba4e1de2a9e56d68fb8fe411e77162148ae29a3dca28e0ab0948276b9c8b3a820d29a32fe25be3d808504693d27dc18e1a1ad6ef1e,JF162563,,3/4/2022 0:21,25,STOP SIGN/FLASHER,NO CONTROLS,CLEAR,"DARKNESS, LIGHTED ROAD",ANGLE,T-INTERSECTION,,STRAIGHT AND LEVEL,DRY,UNKNOWN,ON SCENE,INJURY AND / OR TOW DUE TO CRASH,Y,,,"OVER $1,500",3/4/2022 0:27,UNABLE TO DETERMINE,UNABLE TO DETERMINE,4300,W,CARROLL AVE,1114,,,,,,,2,NONINCAPACITATING INJURY,2,0,0,2,0,0,0,0,6,3,41.88701812,-87.73334184,POINT (-87.733341840013 41.887018119659)
be8dc332b941c44b6fb3b3dcad1216153d670d4545123bc3af609b2741a2141b6a54140d5cfb0eb0b07cac3af7f4828fb9e29a3a3991a5ae07cbf8714bd76942,JF163505,,3/4/2022 18:30,30,TRAFFIC SIGNAL,FUNCTIONING PROPERLY,CLEAR,DAWN,ANGLE,FOUR WAY,,STRAIGHT AND LEVEL,DRY,NO DEFECTS,ON SCENE,INJURY AND / OR TOW DUE TO CRASH,Y,,Y,"OVER $1,500",3/4/2022 18:30,FAILING TO YIELD RIGHT-OF-WAY,FAILING TO YIELD RIGHT-OF-WAY,4700,S,STATE ST,224,,,,,,,2,NONINCAPACITATING INJURY,1,0,0,1,0,2,0,18,6,3,41.80914302,-87.62622913,POINT (-87.626229132272 41.809143017867)
c3c3304d0675d2639e04364914a87d5a0dca2ee95232d813526667de2ddbf06405999a17e9a654c10dbbb76fcbd5746cb1ea15cea269cf919d258b858823ed19,JF178815,,3/18/2022 16:11,30,TRAFFIC SIGNAL,FUNCTIONING PROPERLY,RAIN,DAYLIGHT,SIDESWIPE SAME DIRECTION,NOT DIVIDED,,STRAIGHT AND LEVEL,WET,NO DEFECTS,NOT ON SCENE (DESK REPORT),NO INJURY / DRIVE AWAY,,,,"$501 - $1,500",3/18/2022 21:15,UNABLE TO DETERMINE,UNABLE TO DETERMINE,600,N,LA SALLE DR,1832,,,,,,,2,NO INDICATION OF INJURY,0,0,0,0,0,2,0,16,6,3,41.89244528,-87.63275537,POINT (-87.632755374411 41.892445282365)
c3900e00dae84c60ec709a52c7f7265cd7afc3a73baae71dca163edad4d01fbb5219fce5428d4b686bca94aefe96d8144aafdb4b97056972db11f2fb67532c2e,JE240520,,5/23/2021 23:39,30,TRAFFIC SIGNAL,FUNCTIONING PROPERLY,CLEAR,"DARKNESS, LIGHTED ROAD",REAR END,UNKNOWN,,STRAIGHT AND LEVEL,DRY,UNKNOWN,,INJURY AND / OR TOW DUE TO CRASH,,,Y,"OVER $1,500",5/23/2021 23:44,UNABLE TO DETERMINE,NOT APPLICABLE,5500,S,LAFAYETTE AVE,225,Y,,,,,,2,"REPORTED, NOT EVIDENT",2,0,0,0,2,1,0,23,1,5,41.79419508,-87.62693076,POINT (-87.626930758373 41.79419508128)
d5e99d724153680378b4de82f82f6bc9b3dcabc7ebff00eb7f2a527fe101d87fc8932ba48a9deeec7b5d64ebfad0fe579f18ddeb2c4b8ef5dcfb64564c3fa353,JE188241,,4/3/2021 11:40,15,NO CONTROLS,NO CONTROLS,CLEAR,DAYLIGHT,REAR TO SIDE,PARKING LOT,,STRAIGHT AND LEVEL,DRY,NO DEFECTS,,NO INJURY / DRIVE AWAY,,,,"$501 - $1,500",4/3/2021 14:00,IMPROPER BACKING,UNABLE TO DETERMINE,9100,S,COMMERCIAL AVE,423,,,,,,,2,NO INDICATION OF INJURY,0,0,0,0,0,4,0,11,7,4,41.72998249,-87.55140127,POINT (-87.551401266962 41.729982488298)
d6004f3c3a7f8a7732991ee718b5a8ca9af83d786414f05ea9e06aa4c2ff3b41b5ae070caf9e3aa5dbfe57d6f064f18d1c63598e79e5af3c6fd5ddbd1e64e9e0,JF184918,,3/24/2022 11:57,25,TRAFFIC SIGNAL,UNKNOWN,RAIN,DAYLIGHT,TURNING,T-INTERSECTION,,STRAIGHT AND LEVEL,WET,UNKNOWN,ON SCENE,NO INJURY / DRIVE AWAY,Y,,,"OVER $1,500",3/24/2022 11:59,IMPROPER TURNING/NO SIGNAL,"OPERATING VEHICLE IN ERRATIC, RECKLESS, CARELESS, NEGLIGENT OR AGGRESSIVE MANNER",98,E,GRAND AVE,1834,,Y,,,,,2,NO INDICATION OF INJURY,0,0,0,0,0,5,0,11,5,3,41.89182003,-87.62544388,POINT (-87.625443874791 41.89182003397)
8cea786e41a69da15922897bf70b576cc4c200c40c5a994285ad95ff9a9aa287b0318c6f64c5591735e0c77b549f8168f2b315393ef0c292c31f3f8dc854cffd,JF155630,,2/25/2022 11:55,30,TRAFFIC SIGNAL,FUNCTIONING PROPERLY,CLEAR,DAYLIGHT,SIDESWIPE SAME DIRECTION,ONE-WAY,,STRAIGHT AND LEVEL,DRY,UNKNOWN,NOT ON SCENE (DESK REPORT),NO INJURY / DRIVE AWAY,Y,,,"OVER $1,500",2/25/2022 12:48,IMPROPER LANE USAGE,NOT APPLICABLE,56,N,DESPLAINES ST,121,,,,,,,2,NO INDICATION OF INJURY,0,0,0,0,0,2,0,11,6,2,41.88312948,-87.64431213,POINT (-87.644312129538 41.88312948059)
c5abc2496e0f7c49a6b0c9f23231c9f3e9217c4168c2960ab27598bd048d74364fe77d7e415b3df2a3ffec4c60ee10908d6eb2bc48d8ee70334222ae8e7fddb6,JF178390,,3/18/2022 14:45,25,STOP SIGN/FLASHER,FUNCTIONING PROPERLY,RAIN,DAYLIGHT,TURNING,FOUR WAY,,STRAIGHT AND LEVEL,WET,NO DEFECTS,NOT ON SCENE (DESK REPORT),NO INJURY / DRIVE AWAY,Y,,,"$501 - $1,500",3/18/2022 15:00,UNABLE TO DETERMINE,NOT APPLICABLE,4357,W,ALTGELD ST,2524,,,,,,,2,NO INDICATION OF INJURY,0,0,0,0,0,2,0,14,6,3,41.9260833,-87.7365083,POINT (-87.736508302569 41.926083300786)
c5ae745cec462aeaf1ccc14022cb2fd2d4b5ad5af12cedbde9d5e770d9dfca9b3f6f0f037e735a7700512bffb478de651a69d56782b465f8254f6cccf5376e1b,JF178364,,3/18/2022 13:58,30,TRAFFIC SIGNAL,FUNCTIONING PROPERLY,CLOUDY/OVERCAST,DAYLIGHT,TURNING,NOT DIVIDED,,STRAIGHT AND LEVEL,WET,UNKNOWN,NOT ON SCENE (DESK REPORT),NO INJURY / DRIVE AWAY,,,Y,"$501 - $1,500",3/18/2022 14:25,IMPROPER TURNING/NO SIGNAL,UNABLE TO DETERMINE,1181,W,HOLLYWOOD AVE,2022,,,,,,,2,NO INDICATION OF INJURY,0,0,0,0,0,4,0,13,6,3,41.98534626,-87.66003642,POINT (-87.660036421706 41.985346259294)
c0c966792e7cb3a876012a5d834d395e8c1d77a4645e254bd8448a97ace3eb4b7263931ab2510ebc19f63ee2add8acd1082c05ebf5bd5eb116da9f876b19e48b,JF163518,,3/4/2022 18:46,30,NO CONTROLS,NO CONTROLS,CLEAR,DARKNESS,FIXED OBJECT,NOT DIVIDED,,STRAIGHT AND LEVEL,DRY,"RUT, HOLES",ON SCENE,INJURY AND / OR TOW DUE TO CRASH,,,,"OVER $1,500",3/4/2022 18:50,DISTRACTION - FROM OUTSIDE VEHICLE,ROAD CONSTRUCTION/MAINTENANCE,4234,W,76TH ST,833,,,,,,,1,NONINCAPACITATING INJURY,1,0,0,1,0,0,0,18,6,3,41.75513473,-87.72835163,POINT (-87.728351633424 41.755134724568)
a577969f5f9065fcab82a1a779494215b94ab0c1b85250edeb228bba3cbfb17a7f4071b13f959467877da2407958936408b6bbd7874fe93808638ada0000237c,JF149045,,2/18/2022 20:35,40,TRAFFIC SIGNAL,FUNCTIONING PROPERLY,SNOW,"DARKNESS, LIGHTED ROAD",REAR END,DIVIDED - W/MEDIAN (NOT RAISED),,STRAIGHT AND LEVEL,SNOW OR SLUSH,NO DEFECTS,NOT ON SCENE (DESK REPORT),NO INJURY / DRIVE AWAY,,,,"OVER $1,500",2/18/2022 22:15,FOLLOWING TOO CLOSELY,UNABLE TO DETERMINE,150,N,LAKE SHORE DR SB,114,,,,,,,2,NO INDICATION OF INJURY,0,0,0,0,0,2,0,20,6,2,41.88434876,-87.61454978,POINT (-87.614549778133 41.884348763505)
c5f89b0789fa1fe716d282d808828aa9333659d7af6b1c8b9a4b7ef760d8b38fde663e67af667657350f1b390013e74c195aaf9aacd67bb7db2e83c351706642,JF178659,,3/18/2022 15:00,30,TRAFFIC SIGNAL,FUNCTIONING PROPERLY,RAIN,DUSK,TURNING,NOT DIVIDED,,STRAIGHT AND LEVEL,WET,UNKNOWN,NOT ON SCENE (DESK REPORT),NO INJURY / DRIVE AWAY,,,,"OVER $1,500",3/18/2022 15:00,IMPROPER TURNING/NO SIGNAL,NOT APPLICABLE,5400,S,WESTERN BLVD,923,,,,,,,2,NO INDICATION OF INJURY,0,0,0,0,0,2,0,15,6,3,41.79554891,-87.68366562,POINT (-87.683665622076 41.795548905521)
a58542f59b707f8ca5a8a5978fd38aaef86efa8397d0c77f4486111667b9e1330cb945db6a87920c204cec4dd80f7e78c78ee4562f301cb27b88751b0852c31d,JF148696,,2/18/2022 15:45,30,NO CONTROLS,NO CONTROLS,CLEAR,DAYLIGHT,REAR END,DIVIDED - W/MEDIAN BARRIER,,STRAIGHT AND LEVEL,WET,NO DEFECTS,ON SCENE,NO INJURY / DRIVE AWAY,,,,$500 OR LESS,2/18/2022 15:47,FOLLOWING TOO CLOSELY,NOT APPLICABLE,2200,W,59TH ST,824,,,,,,,2,NO INDICATION OF INJURY,0,0,0,0,0,2,0,15,6,2,41.78667292,-87.67919829,POINT (-87.679198287066 41.786672915986)
d6e9acbb011255b62a6ca81748521b932a82cb278266e358fd4570060d512f3084372b6c6151b239663b61a4fa5e5475832c1adf8a1280897a33c1d60a73f899,JF185258,,3/24/2022 16:25,30,STOP SIGN/FLASHER,FUNCTIONING PROPERLY,RAIN,DAYLIGHT,ANGLE,NOT DIVIDED,,STRAIGHT AND LEVEL,WET,NO DEFECTS,ON SCENE,INJURY AND / OR TOW DUE TO CRASH,,,,"OVER $1,500",3/24/2022 16:26,DISREGARDING STOP SIGN,FAILING TO YIELD RIGHT-OF-WAY,2432,N,OAK PARK AVE,2512,,,,,,,2,NO INDICATION OF INJURY,0,0,0,0,0,2,0,16,5,3,41.92459071,-87.79542132,POINT (-87.795421315936 41.924590705824)
d70177f4ed0ba31854273fcd05f283823a8a89c4ee136297be60fbd82c24aa5e883f8394ec919684a7026d5bb5db382fd122ec83e500d5d8f7a08f3e2e506b39,JF184978,,3/24/2022 12:15,30,TRAFFIC SIGNAL,FUNCTIONING PROPERLY,RAIN,DAYLIGHT,SIDESWIPE SAME DIRECTION,NOT DIVIDED,,STRAIGHT AND LEVEL,WET,UNKNOWN,NOT ON SCENE (DESK REPORT),NO INJURY / DRIVE AWAY,,,,"$501 - $1,500",3/24/2022 12:50,IMPROPER LANE USAGE,NOT APPLICABLE,1263,W,IRVING PARK RD,1923,,,,,,,2,NO INDICATION OF INJURY,0,0,0,0,0,2,0,12,5,3,41.95427492,-87.6618642,POINT (-87.661864202071 41.954274917217)
8e21426b3d88081f2bbeb1a178bedc37cb557154cdf5665c49856d8762f37a2428a5d6cb91d2f55ee739e65128dbfe672f461e9d981c06f75e94e8df1d0845ff,JF156243,,2/25/2022 23:19,40,TRAFFIC SIGNAL,FUNCTIONING PROPERLY,CLEAR,DARKNESS,REAR END,DIVIDED - W/MEDIAN BARRIER,,STRAIGHT ON GRADE,DRY,UNKNOWN,,INJURY AND / OR TOW DUE TO CRASH,,,,"OVER $1,500",2/25/2022 23:40,FAILING TO REDUCE SPEED TO AVOID CRASH,FAILING TO REDUCE SPEED TO AVOID CRASH,1332,S,LAKE SHORE DR E,132,,,,,,,2,NO INDICATION OF INJURY,0,0,0,0,0,2,0,23,6,2,41.86500742,-87.61914222,POINT (-87.619142221624 41.865007421246)
c18c1b96bed1188dbcca74cf51b7ea7f7b0548d309c2111eef2c85968d64c17bd4a8ff05f5dc261a37bd5ce70e4868039b2cb660beb9cbeffc2ddfe056fd713e,JF163369,,3/4/2022 16:50,30,UNKNOWN,UNKNOWN,CLEAR,DAYLIGHT,SIDESWIPE OPPOSITE DIRECTION,UNKNOWN INTERSECTION TYPE,,STRAIGHT AND LEVEL,DRY,NO DEFECTS,ON SCENE,NO INJURY / DRIVE AWAY,Y,,Y,"OVER $1,500",3/4/2022 16:52,UNABLE TO DETERMINE,NOT APPLICABLE,500,W,59TH ST,711,,,,,,,2,NO INDICATION OF INJURY,0,0,0,0,0,3,0,16,6,3,41.78726013,-87.63772771,POINT (-87.637727713273 41.787260128955)
d75a751e3ec3dae8451dbc800b056ee5b73ce8821d1f9a81338500b8d2009781465f285cc33c00863d85f61f5764c130c8918e255a4d814a9f29d1a1012d3a13,JF185280,,3/24/2022 16:31,10,OTHER,FUNCTIONING PROPERLY,RAIN,DUSK,REAR TO FRONT,PARKING LOT,,STRAIGHT AND LEVEL,WET,NO DEFECTS,NOT ON SCENE (DESK REPORT),NO INJURY / DRIVE AWAY,,,,"$501 - $1,500",3/24/2022 17:00,IMPROPER BACKING,UNABLE TO DETERMINE,2731,S,DEARBORN ST,133,,,,,,,2,NO INDICATION OF INJURY,0,0,0,0,0,2,0,16,5,3,41.84365998,-87.62816679,POINT (-87.628166789757 41.843659983463)
c6a215cb65cb23ab02d0e466dbe7aeb2176eccb3f43bd7208851723a0f3249e046914d8b304ab3562c9d82e3176efa5df3fe40cb7d951939b7a836a1a7e01c9d,JF178007,,3/18/2022 2:00,20,NO CONTROLS,NO CONTROLS,CLEAR,"DARKNESS, LIGHTED ROAD",PARKED MOTOR VEHICLE,NOT DIVIDED,,STRAIGHT AND LEVEL,DRY,NO DEFECTS,,INJURY AND / OR TOW DUE TO CRASH,,,Y,"OVER $1,500",3/18/2022 9:05,UNABLE TO DETERMINE,UNABLE TO DETERMINE,1903,S,PAULINA ST,1234,,,,,,,2,NO INDICATION OF INJURY,0,0,0,0,0,1,0,2,6,3,41.85582526,-87.6684511,POINT (-87.66845110365 41.855825256107)
8ea0a8a22f8a4a4820d079b1735296b2983717040c9a63710f1e5d873fadd2ce3a164ee522c02f70f91be9d1fa6d972efecde9ce3753403a96a2fd8a24df4d28,JF156073,,2/25/2022 19:31,15,NO CONTROLS,NO CONTROLS,CLEAR,DARKNESS,PARKED MOTOR VEHICLE,ONE-WAY,,STRAIGHT AND LEVEL,SNOW OR SLUSH,NO DEFECTS,ON SCENE,NO INJURY / DRIVE AWAY,,,,"$501 - $1,500",2/25/2022 19:32,WEATHER,NOT APPLICABLE,6952,W,BELDEN AVE,2512,,,,,,,2,NO INDICATION OF INJURY,0,0,0,0,0,2,0,19,6,2,41.92123188,-87.80019495,POINT (-87.800194948853 41.921231877054)
d83d1c3ec0b91353decef48d3b4fbf38865faefd0bb582f9eeaee9e9facb3fa47f1bbd91152f06a50eceb23cc13c5821eb5e225e13e5bed942e4e953778cc054,JF184710,,3/24/2022 8:00,40,DELINEATORS,FUNCTIONING PROPERLY,RAIN,DAYLIGHT,OTHER NONCOLLISION,DIVIDED - W/MEDIAN BARRIER,,STRAIGHT AND LEVEL,WET,NO DEFECTS,ON SCENE,INJURY AND / OR TOW DUE TO CRASH,,,,$500 OR LESS,3/24/2022 8:00,NOT APPLICABLE,NOT APPLICABLE,3200,N,LAKE SHORE DR SB,1925,,,,,,,1,NO INDICATION OF INJURY,0,0,0,0,0,1,0,8,5,3,41.9404429,-87.63863354,POINT (-87.638633539238 41.940442902597)
a66fc0427360d135e4bdf830baa688e91de3835d1268d6e26c69ffc3c63a910247a8f00234a271075fdb9f7c66f2cccd45e803a5f6b4c445d645924a87a3435f,JF148252,,2/18/2022 8:44,30,NO CONTROLS,NO CONTROLS,CLOUDY/OVERCAST,DAYLIGHT,SIDESWIPE SAME DIRECTION,NOT DIVIDED,,STRAIGHT AND LEVEL,SNOW OR SLUSH,NO DEFECTS,ON SCENE,NO INJURY / DRIVE AWAY,,,,$500 OR LESS,2/18/2022 8:45,IMPROPER LANE USAGE,DRIVING SKILLS/KNOWLEDGE/EXPERIENCE,2612,W,WILSON AVE,1911,,,,,,,2,NO INDICATION OF INJURY,0,0,0,0,0,2,0,8,6,2,41.96492193,-87.69424391,POINT (-87.694243912521 41.964921927619)
8f2382adb4418d4a9b2a0b6afff45428fb61662ee2badc48e97288f143b54a4dee8075d9718e1f1c44d1068c87679d3dbcc3178ea29ad26d15f853aad3fc4dbd,JF155231,Y,2/25/2022 0:30,30,TRAFFIC SIGNAL,FUNCTIONING PROPERLY,SNOW,"DARKNESS, LIGHTED ROAD",TURNING,DIVIDED - W/MEDIAN (NOT RAISED),,STRAIGHT AND LEVEL,SNOW OR SLUSH,NO DEFECTS,ON SCENE,INJURY AND / OR TOW DUE TO CRASH,Y,,Y,"OVER $1,500",2/25/2022 0:32,UNABLE TO DETERMINE,UNABLE TO DETERMINE,4399,N,CENTRAL AVE,1624,,,,,,,2,NO INDICATION OF INJURY,0,0,0,0,0,3,0,0,6,2,41.96044101,-87.76709447,POINT (-87.767094470963 41.960441007642)
a75aaf7d328fabe6c11bef6d82dcbf70f0eafe15c6b3a047449ff2e07ab2e086d6142922d194e572bf912c5527f1f81c2f22b2e05271a4dab8c25fc9e8856761,JF148734,,2/18/2022 16:07,30,NO CONTROLS,NO CONTROLS,CLEAR,DAYLIGHT,SIDESWIPE SAME DIRECTION,NOT DIVIDED,,STRAIGHT AND LEVEL,SNOW OR SLUSH,NO DEFECTS,ON SCENE,INJURY AND / OR TOW DUE TO CRASH,,,,"OVER $1,500",2/18/2022 16:09,IMPROPER LANE USAGE,IMPROPER LANE USAGE,865,N,LAKE SHORE DR NB,1833,,,,,,,2,NO INDICATION OF INJURY,0,0,0,0,0,2,0,16,6,2,41.89858556,-87.61770713,POINT (-87.617707132901 41.898585562866)
8eec58642ff46ee6d6659dac9ef274e5dca262c8e84be3348422de622bb022cc950fdf87fa8478695fde3bf3e58a3140c04e1a5bd18f855b22abb37d976db62a,JD284681,,7/3/2020 15:15,30,TRAFFIC SIGNAL,FUNCTIONING PROPERLY,CLEAR,DAYLIGHT,PEDALCYCLIST,NOT DIVIDED,,STRAIGHT AND LEVEL,DRY,NO DEFECTS,,INJURY AND / OR TOW DUE TO CRASH,,,,$500 OR LESS,7/3/2020 15:15,NOT APPLICABLE,NOT APPLICABLE,101,E,BALBO DR,114,,,,,,,2,"REPORTED, NOT EVIDENT",1,0,0,0,1,1,0,15,6,7,41.87305293,-87.62411988,POINT (-87.624119878427 41.873052926585)
8f1cce66e7bc8648b352e60a71cd6aefcdcfa6fc4f731879451830abf0f5fb64bec5b3df36647e9059d478b1fa546a4fdd45426b91a8df921a6a8d4ac2b67a94,JC391932,,8/14/2019 10:50,30,NO CONTROLS,NO CONTROLS,CLEAR,DAYLIGHT,SIDESWIPE SAME DIRECTION,DIVIDED - W/MEDIAN (NOT RAISED),,STRAIGHT AND LEVEL,DRY,OTHER,,INJURY AND / OR TOW DUE TO CRASH,,,,"OVER $1,500",8/14/2019 11:15,UNABLE TO DETERMINE,UNABLE TO DETERMINE,352,W,GRAND AVE,1831,,,,Y,UNKNOWN,Y,2,"REPORTED, NOT EVIDENT",1,0,0,0,1,2,0,10,4,8,41.89164706,-87.63759014,POINT (-87.637590143245 41.891647060358)
a6741f68be0a4f7730ab4b53ac3b2b5d1d3fab604771d1d13d8925c6e2920b1c1a0d7b226fdf7d8cafcc87f736fbd5c8a9d1d218d738adf941c7d7fea91ae108,JF123189,,1/24/2022 22:37,35,TRAFFIC SIGNAL,FUNCTIONING PROPERLY,SNOW,DARKNESS,TURNING,FOUR WAY,,STRAIGHT AND LEVEL,SNOW OR SLUSH,UNKNOWN,,INJURY AND / OR TOW DUE TO CRASH,Y,,,"OVER $1,500",1/24/2022 22:40,UNABLE TO DETERMINE,UNABLE TO DETERMINE,3401,W,IRVING PARK RD,1732,,,,,,,3,NONINCAPACITATING INJURY,3,0,0,3,0,0,0,22,2,1,41.95374619,-87.71296313,POINT (-87.712963125642 41.953746186808)
c758c8974e398670fb12e24b25f78f528d604c82faeb215f93edbdc25346c6f57de199681f245300d6a9c88b496c3890d9edd85e5f63c64efa866190a08e413b,JF178382,,3/18/2022 13:05,30,STOP SIGN/FLASHER,FUNCTIONING PROPERLY,RAIN,DAYLIGHT,ANGLE,FOUR WAY,,STRAIGHT AND LEVEL,WET,NO DEFECTS,ON SCENE,INJURY AND / OR TOW DUE TO CRASH,Y,,,"OVER $1,500",3/18/2022 13:05,FAILING TO YIELD RIGHT-OF-WAY,NOT APPLICABLE,8801,S,STONY ISLAND AVE,412,,,,,,,2,NO INDICATION OF INJURY,0,0,0,0,0,3,0,13,6,3,41.73500458,-87.58502866,POINT (-87.58502865972 41.735004576136)