CRASH_RECORD_ID,RD_NO,CRASH_DATE_EST_I,CRASH_DATE,POSTED_SPEED_LIMIT,TRAFFIC_CONTROL_DEVICE,DEVICE_CONDITION,WEATHER_CONDITION,LIGHTING_CONDITION,FIRST_CRASH_TYPE,TRAFFICWAY_TYPE,LANE_CNT,ALIGNMENT,ROADWAY_SURFACE_COND,ROAD_DEFECT,REPORT_TYPE,CRASH_TYPE,INTERSECTION_RELATED_I,NOT_RIGHT_OF_WAY_I,HIT_AND_RUN_I,DAMAGE,DATE_POLICE_NOTIFIED,PRIM_CONTRIBUTORY_CAUSE,SEC_CONTRIBUTORY_CAUSE,STREET_NO,STREET_DIRECTION,STREET_NAME,BEAT_OF_OCCURRENCE,PHOTOS_TAKEN_I,STATEMENTS_TAKEN_I,DOORING_I,WORK_ZONE_I,WORK_ZONE_TYPE,WORKERS_PRESENT_I,NUM_UNITS,MOST_SEVERE_INJURY,INJURIES_TOTAL,INJURIES_FATAL,INJURIES_INCAPACITATING,INJURIES_NON_INCAPACITATING,INJURIES_REPORTED_NOT_EVIDENT,INJURIES_NO_INDICATION,INJURIES_UNKNOWN,CRASH_HOUR,CRASH_DAY_OF_WEEK,CRASH_MONTH,LATITUDE,LONGITUDE,LOCATION
d8b1c1e50a09db7fbd7cea5e175aca727a8f789ee46635b85b54fc983ed43e3df07a3c661a0720192c8bfe22b019718f2b3c21176d63b52cb80d79f17d482643,JF185326,,3/24/2022 16:30,30,TRAFFIC SIGNAL,FUNCTIONING PROPERLY,RAIN,DAYLIGHT,TURNING,NOT DIVIDED,,STRAIGHT AND LEVEL,WET,NO DEFECTS,NOT ON SCENE (DESK REPORT),NO INJURY / DRIVE AWAY,Y,,Y,"$501 - $1,500",3/24/2022 17:40,UNABLE TO DETERMINE,NOT APPLICABLE,2200,N,DAMEN AVE,1432,,,,,,,2,NO INDICATION OF INJURY,0,0,0,0,0,2,0,16,5,3,41.92142214,-87.67790011,POINT (-87.677900108728 41.921422143149)
c82b55495259e6a0c668f5eec6a23fa80b336125bedec02df083ce8ca509e2982088179f12e1fff84c0dde1867be6033a9378853bdd99fe36812876277a9b5ba,JF181875,,3/18/2022 15:30,30,NO CONTROLS,NO CONTROLS,RAIN,DAYLIGHT,HEAD ON,NOT DIVIDED,,STRAIGHT AND LEVEL,WET,UNKNOWN,NOT ON SCENE (DESK REPORT),NO INJURY / DRIVE AWAY,,,,"OVER $1,500",3/21/2022 19:20,FAILING TO YIELD RIGHT-OF-WAY,NOT APPLICABLE,1586,W,LAWRENCE AVE,2032,,,,,,,2,NO INDICATION OF INJURY,0,0,0,0,0,2,0,15,6,3,41.96898585,-87.66934016,POINT (-87.669340158676 41.968985852106)
90b262d8e7c66f7937469b34078df9185df7c40aee650d4af41235f1c67e31e25096240b57341a4d0b6a1ee1407eabf7250e074acfa3ea340703c4eb240f4f14,JF155626,,2/25/2022 9:30,30,NO CONTROLS,NO CONTROLS,CLEAR,DAYLIGHT,OTHER OBJECT,NOT DIVIDED,,STRAIGHT AND LEVEL,DRY,NO DEFECTS,NOT ON SCENE (DESK REPORT),NO INJURY / DRIVE AWAY,,,,"$501 - $1,500",2/25/2022 12:30,ROAD ENGINEERING/SURFACE/MARKING DEFECTS,NOT APPLICABLE,529,W,ADDISON ST,1925,,Y,,,,,1,NO INDICATION OF INJURY,0,0,0,0,0,1,0,9,6,2,41.94817247,-87.64447831,POINT (-87.644478311881 41.948172471237)
a9bce17acc9b9eaa87355e134667f708967f0d829c479857d37b2a2cec760a3a13b247077e19d3f7d2fe352e52b805efc478dfb483bf5b11881ab94de94c9988,JF152216,,2/18/2022 3:00,30,NO CONTROLS,NO CONTROLS,UNKNOWN,UNKNOWN,PARKED MOTOR VEHICLE,DIVIDED - W/MEDIAN (NOT RAISED),,STRAIGHT AND LEVEL,UNKNOWN,UNKNOWN,NOT ON SCENE (DESK REPORT),NO INJURY / DRIVE AWAY,,,Y,"OVER $1,500",2/22/2022 9:35,UNABLE TO DETERMINE,UNABLE TO DETERMINE,12,S,HAMLIN BLVD,1122,,,,,,,2,NO INDICATION OF INJURY,0,0,0,0,0,1,0,3,6,2,41.88040308,-87.72088323,POINT (-87.720883225367 41.880403077143)
a9c8ac89c98ef82e643004a6dfb90be6ce6a8ebbf93468395838623ba0a4a3f9712d63b8b6d2ab8dbe160c2895a981dda25acd5c245f88e83360a84d8c054322,JF148845,,2/18/2022 16:00,30,TRAFFIC SIGNAL,FUNCTIONING PROPERLY,CLEAR,DAYLIGHT,SIDESWIPE SAME DIRECTION,DIVIDED - W/MEDIAN (NOT RAISED),,STRAIGHT AND LEVEL,DRY,NO DEFECTS,,INJURY AND / OR TOW DUE TO CRASH,,,,"OVER $1,500",2/18/2022 17:00,UNABLE TO DETERMINE,UNABLE TO DETERMINE,2300,W,CHICAGO AVE,1212,,,,,,,3,NONINCAPACITATING INJURY,3,0,0,3,0,4,0,16,6,2,41.89589286,-87.68452231,POINT (-87.68452231445 41.895892859757)
90690c990d6e45d437ed45923a7d4c4f4a453212bc8521b1998f1351395d3d0db0bb8eeac2b3c878491e0ada9c5ed6f50d706150543ffecc8e7e37ef8353af27,JE117492,,1/19/2021 20:05,30,NO CONTROLS,NO CONTROLS,SNOW,DARKNESS,TURNING,NOT DIVIDED,,STRAIGHT AND LEVEL,WET,UNKNOWN,,INJURY AND / OR TOW DUE TO CRASH,,,,"OVER $1,500",1/19/2021 20:07,UNABLE TO DETERMINE,NOT APPLICABLE,5920,W,NORTH AVE,2531,,,,,,,2,NO INDICATION OF INJURY,0,0,0,0,0,3,0,20,3,1,41.90938751,-87.77361418,POINT (-87.773614180946 41.909387510575)
c3abe744f01e5c01b9093ec38e6e91a30461f914a39ec7907af629d92780e5c571dc4525918bf39d32333f444364d938216112f0e29bcc4f93c87deead92827a,JE131660,Y,2/3/2021 17:25,30,TRAFFIC SIGNAL,FUNCTIONING PROPERLY,CLEAR,DUSK,PEDESTRIAN,FOUR WAY,,STRAIGHT AND LEVEL,DRY,NO DEFECTS,,INJURY AND / OR TOW DUE TO CRASH,Y,,Y,$500 OR LESS,2/3/2021 17:58,FAILING TO YIELD RIGHT-OF-WAY,FAILING TO YIELD RIGHT-OF-WAY,1600,W,BRYN MAWR AVE,2012,N,,,,,,2,"REPORTED, NOT EVIDENT",1,0,0,0,1,2,0,17,4,2,41.98358304,-87.6699427,POINT (-87.66994270177 41.983583041231)
c3c0da56daf9ac655f1969d9b2b0370fef916f4cb14f5c9b49340a09dacc56c91c11a665e314f44ac44ab81388be3475cca251c9aecea4ecc4bb430d501059a4,JC552902,,12/19/2019 15:15,30,NO CONTROLS,NO CONTROLS,CLEAR,DAYLIGHT,PARKED MOTOR VEHICLE,PARKING LOT,,STRAIGHT AND LEVEL,DRY,NO DEFECTS,,INJURY AND / OR TOW DUE TO CRASH,,Y,,"$501 - $1,500",12/19/2019 15:16,EQUIPMENT - VEHICLE CONDITION,FAILING TO REDUCE SPEED TO AVOID CRASH,8147,S,COTTAGE GROVE AVE,631,,,,,,,2,"REPORTED, NOT EVIDENT",2,0,0,0,2,0,0,15,5,12,41.74623231,-87.60494995,POINT (-87.604949944667 41.746232308925)
aa16509a7fda18857d949d248fd0c11fa837a49a8e3d88f72f83d306d42041d520df904c34f2b8d6ffbb01f06b6330b4d9d932d5a79f2c881743e09313eaca18,JF148622,,2/18/2022 14:37,30,TRAFFIC SIGNAL,FUNCTIONING PROPERLY,CLEAR,DAYLIGHT,PEDESTRIAN,DIVIDED - W/MEDIAN (NOT RAISED),,STRAIGHT AND LEVEL,SNOW OR SLUSH,NO DEFECTS,ON SCENE,INJURY AND / OR TOW DUE TO CRASH,Y,,,$500 OR LESS,2/18/2022 15:35,FAILING TO YIELD RIGHT-OF-WAY,UNABLE TO DETERMINE,5930,N,BROADWAY,2013,,,,,,,2,"REPORTED, NOT EVIDENT",1,0,0,0,1,1,0,14,6,2,41.98995275,-87.66041235,POINT (-87.660412345605 41.989952748326)
c4157f58f4f18d50fe1004502f1e71a637560a663633f0935968259df60dba2e761e08b1de98201b48fb59f1b27c933767914e8d7b54e6719daa679c543ed4ad,JF164105,Y,3/4/2022 17:00,30,NO CONTROLS,NO CONTROLS,UNKNOWN,UNKNOWN,PARKED MOTOR VEHICLE,ONE-WAY,,STRAIGHT AND LEVEL,DRY,NO DEFECTS,NOT ON SCENE (DESK REPORT),NO INJURY / DRIVE AWAY,,,Y,"OVER $1,500",3/5/2022 12:00,UNABLE TO DETERMINE,NOT APPLICABLE,2545,S,KEELER AVE,1013,,,,,,,2,NO INDICATION OF INJURY,0,0,0,0,0,1,0,17,6,3,41.84467666,-87.72928315,POINT (-87.729283147142 41.844676664197)
daa5d4ddd81c86f27f421a614cd053d6c1c18bd13ef8fd08c7380c105974fa6716e3c1011958c98d55d4932aabd5c4e45a2d73cecc8a27c8c31b3e21abece003,JF185331,,3/24/2022 17:00,30,TRAFFIC SIGNAL,FUNCTIONING PROPERLY,RAIN,DAYLIGHT,TURNING,FOUR WAY,,STRAIGHT ON HILLCREST,WET,NO DEFECTS,ON SCENE,NO INJURY / DRIVE AWAY,Y,,,"OVER $1,500",3/24/2022 17:04,IMPROPER LANE USAGE,FAILING TO YIELD RIGHT-OF-WAY,10000,W,OHARE ST,1651,,,,,,,2,NO INDICATION OF INJURY,0,0,0,0,0,2,0,17,5,3,41.97620114,-87.90530913,POINT (-87.905309125103 41.976201139024)
17ac9afb0286d1c7ea4d83e49788e1f9231209c74e737062e174e2bc8e0a4bf54ebe7ee86c63e3f418f18de66a7180673fe2420de08cb511547defd449d45886,JE472823,,12/10/2021 15:50,20,NO CONTROLS,NO CONTROLS,RAIN,"DARKNESS, LIGHTED ROAD",SIDESWIPE SAME DIRECTION,NOT DIVIDED,,STRAIGHT AND LEVEL,WET,NO DEFECTS,,NO INJURY / DRIVE AWAY,,,Y,"OVER $1,500",12/10/2021 15:51,UNABLE TO DETERMINE,NOT APPLICABLE,7300,S,CLYDE AVE,333,,,,,,,2,NO INDICATION OF INJURY,0,0,0,0,0,3,0,15,6,12,41.76245029,-87.57387895,POINT (-87.573878945194 41.762450285689)
17c0c7e8d93661d3f4fdb243ce8dcb1cd3020ce13acd14710340300d0f41ff872c0634d9afdebe32d2450d9ea4473baf01341a7d2bd8e21ccbfbbeb16a5349b6,JD367398,,9/14/2020 19:17,30,TRAFFIC SIGNAL,FUNCTIONING PROPERLY,CLEAR,DARKNESS,SIDESWIPE SAME DIRECTION,NOT DIVIDED,,STRAIGHT AND LEVEL,DRY,NO DEFECTS,,NO INJURY / DRIVE AWAY,,,,"OVER $1,500",9/14/2020 20:00,DRIVING SKILLS/KNOWLEDGE/EXPERIENCE,NOT APPLICABLE,1730,W,FULLERTON AVE,1931,,,,,,,2,NO INDICATION OF INJURY,0,0,0,0,0,2,0,19,2,9,41.92521233,-87.67192543,POINT (-87.671925425136 41.925212327594)
daa7e0b722238074084bfe1a4b10fdba1d51316d87133fbacf4e92d3a79f4b75fc7d6f37cb291a5831a3221e0ea621ed076f91094fb1cfc07881c37e96e20ca8,JD144907,,2/8/2020 16:24,30,NO CONTROLS,NO CONTROLS,CLEAR,DAYLIGHT,SIDESWIPE SAME DIRECTION,NOT DIVIDED,,STRAIGHT AND LEVEL,DRY,NO DEFECTS,,NO INJURY / DRIVE AWAY,,,Y,"OVER $1,500",2/8/2020 16:24,"OPERATING VEHICLE IN ERRATIC, RECKLESS, CARELESS, NEGLIGENT OR AGGRESSIVE MANNER",NOT APPLICABLE,8240,S,YATES BLVD,414,,,,,,,2,NO INDICATION OF INJURY,0,0,0,0,0,6,0,16,7,2,41.74505823,-87.5662806,POINT (-87.566280602846 41.745058233374)
c8f79d25a660db8c315d6fa65f626a5580d0ea3d53f366ebaeeba3a70dd0b00803891b27bf9288ee2d9e83728138ca864c1f372cfa734c375dab489c4c42b1b2,JF178430,,3/18/2022 15:10,30,STOP SIGN/FLASHER,FUNCTIONING PROPERLY,RAIN,DAYLIGHT,TURNING,ONE-WAY,,STRAIGHT AND LEVEL,WET,UNKNOWN,NOT ON SCENE (DESK REPORT),NO INJURY / DRIVE AWAY,,,,"OVER $1,500",3/18/2022 15:45,UNABLE TO DETERMINE,UNABLE TO DETERMINE,6200,N,ROCKWELL ST,2413,,,,,,,2,NO INDICATION OF INJURY,0,0,0,0,0,3,0,15,6,3,41.99412247,-87.69479543,POINT (-87.69479543355 41.994122474491)
c99cc25d547f7c87b1be067468a0d4ec111d37c4c355e1aed161a37d33950b4e9280dc856e9028ed885a164ea86c76433d85731decd3c553b999dd1ce649ceca,JF179277,Y,3/18/2022 21:00,30,NO CONTROLS,NO CONTROLS,RAIN,UNKNOWN,PARKED MOTOR VEHICLE,ONE-WAY,,STRAIGHT AND LEVEL,WET,UNKNOWN,NOT ON SCENE (DESK REPORT),NO INJURY / DRIVE AWAY,,,Y,"OVER $1,500",3/19/2022 12:25,UNABLE TO DETERMINE,UNABLE TO DETERMINE,7519,S,YALE AVE,623,,,,,,,2,NO INDICATION OF INJURY,0,0,0,0,0,1,0,21,6,3,41.75737976,-87.63108579,POINT (-87.631085792391 41.757379757796)
9207065edbeebc013c91be9537276dfecb98bed7f9f93f8c47f76b23909ae2a11d3005add278361e6eb18053aa5bfd735f8eb05f99a4be3edafd85cf689bea7b,JF155308,,2/25/2022 6:00,30,NO CONTROLS,NO CONTROLS,SNOW,DAYLIGHT,FIXED OBJECT,DIVIDED - W/MEDIAN (NOT RAISED),,STRAIGHT AND LEVEL,SNOW OR SLUSH,NO DEFECTS,ON SCENE,INJURY AND / OR TOW DUE TO CRASH,Y,,,"OVER $1,500",2/25/2022 6:49,WEATHER,NOT APPLICABLE,5601,W,FILLMORE ST,1513,,,,,,,1,NO INDICATION OF INJURY,0,0,0,0,0,1,0,6,6,2,41.86732602,-87.76456504,POINT (-87.764565040741 41.867326017574)
c4d0a4ba0b4dc14b5ef92f9479634fe3d1285f8f4382b19b4f6506e92332ca6113efabb6c96104ac120628d0978a3250ada65f4c8a02387d3f512c6a271bf4c0,JF164007,,3/4/2022 14:25,30,TRAFFIC SIGNAL,FUNCTIONING PROPERLY,CLEAR,DAYLIGHT,SIDESWIPE SAME DIRECTION,DIVIDED - W/MEDIAN BARRIER,,STRAIGHT AND LEVEL,DRY,NO DEFECTS,NOT ON SCENE (DESK REPORT),NO INJURY / DRIVE AWAY,,,Y,"OVER $1,500",3/5/2022 10:35,IMPROPER LANE USAGE,NOT APPLICABLE,148,N,MICHIGAN AVE,111,,,,,,,2,NO INDICATION OF INJURY,0,0,0,0,0,3,0,14,6,3,41.88440613,-87.62459604,POINT (-87.624596044441 41.884406129114)
92eb59daa6ba882c5b6b529310a040d5c88145660c1c9794b28dd3e5cd63cb016efc4fc0a862c6c41da73400df214114fc1232e3d0184e7a8f7f140d9dc6705d,JF155888,,2/25/2022 16:18,30,NO CONTROLS,NO CONTROLS,CLEAR,DAYLIGHT,TURNING,NOT DIVIDED,,STRAIGHT AND LEVEL,WET,NO DEFECTS,ON SCENE,INJURY AND / OR TOW DUE TO CRASH,N,,,"OVER $1,500",2/25/2022 16:18,FAILING TO YIELD RIGHT-OF-WAY,NOT APPLICABLE,1438,W,63RD ST,713,,,,,,,2,NO INDICATION OF INJURY,0,0,0,0,0,2,0,16,6,2,41.77963154,-87.66088702,POINT (-87.660887017333 41.779631535941)
931de4864f245f85ca9f2a813fb56ff102fa9fc1e59cc2a6c40feaf8ddf969afe80761474b6ea2636ff234ddfb6c7749680bad3e663d7363c327ffab63015120,JF156239,,2/25/2022 22:25,30,TRAFFIC SIGNAL,FUNCTIONING PROPERLY,CLEAR,"DARKNESS, LIGHTED ROAD",SIDESWIPE SAME DIRECTION,FOUR WAY,,STRAIGHT AND LEVEL,DRY,NO DEFECTS,ON SCENE,INJURY AND / OR TOW DUE TO CRASH,,,Y,"OVER $1,500",2/25/2022 22:26,IMPROPER LANE USAGE,IMPROPER OVERTAKING/PASSING,1951,E,95TH ST,431,,,,,,,2,NO INDICATION OF INJURY,0,0,0,0,0,2,0,22,6,2,41.72235445,-87.57577806,POINT (-87.575778064147 41.722354448293)
cb0f08291f503cdff7a5eb1d55e378ed45d6cbad95a5ae5098b10e361bf603bb8aa6d21fc9699a1ed370d3f69498d756362aa7dd511efd78be45fcff9266cbb0,,,4/2/2022 2:48,30,STOP SIGN/FLASHER,FUNCTIONING PROPERLY,CLEAR,"DARKNESS, LIGHTED ROAD",PARKED MOTOR VEHICLE,NOT DIVIDED,,STRAIGHT AND LEVEL,DRY,NO DEFECTS,ON SCENE,INJURY AND / OR TOW DUE TO CRASH,,,,"OVER $1,500",4/2/2022 2:54,DISREGARDING STOP SIGN,UNABLE TO DETERMINE,10000,S,BEVERLY AVE,2213,,,,,,,2,NONINCAPACITATING INJURY,1,0,0,1,0,0,0,2,7,4,41.71126195,-87.65838788,POINT (-87.658387880575 41.711261951808)
93456625150e5936ca7e9ba3f94793b9307f7ce871a25193e4493510156666a2079aee866dd78d41006f0fc4d30029f10a4316c0089654db2bfc581ea45278da,JF156087,,2/25/2022 18:34,30,STOP SIGN/FLASHER,FUNCTIONING PROPERLY,CLEAR,"DARKNESS, LIGHTED ROAD",PEDESTRIAN,ONE-WAY,,STRAIGHT AND LEVEL,DRY,NO DEFECTS,ON SCENE,INJURY AND / OR TOW DUE TO CRASH,,,Y,$500 OR LESS,2/25/2022 18:36,FAILING TO YIELD RIGHT-OF-WAY,UNABLE TO DETERMINE,8001,S,INGLESIDE AVE,631,,,,,,,2,NONINCAPACITATING INJURY,1,0,0,1,0,1,0,18,6,2,41.7494078,-87.60134825,POINT (-87.601348251768 41.749407797021)
93572818a0a9efc736254da083cec3d0d90463d1dd2c1a091b3067c8b2930f4495de35f331ecd4494d672570e7bc52e5daa5e888c040a62c9b6496bb530a6ec3,JF156221,,2/25/2022 22:30,30,TRAFFIC SIGNAL,FUNCTIONING PROPERLY,CLEAR,"DARKNESS, LIGHTED ROAD",TURNING,"FIVE POINT, OR MORE",,STRAIGHT AND LEVEL,WET,NO DEFECTS,ON SCENE,INJURY AND / OR TOW DUE TO CRASH,Y,,,"OVER $1,500",2/25/2022 22:37,FAILING TO YIELD RIGHT-OF-WAY,NOT APPLICABLE,2000,W,DIVERSEY PKWY,1931,,,,,,,2,NO INDICATION OF INJURY,0,0,0,0,0,5,0,22,6,2,41.93239416,-87.67817303,POINT (-87.678173030878 41.932394164037)
cb7a49282d07e3f88b302245769413bf87598c06ed6ff52c8eb80880f73f00779b3b9ac7054c837abda3387e2a6ae5497701746e44b4febd7a5d1d6a2c96e119,JF178554,,3/18/2022 13:50,30,NO CONTROLS,NO CONTROLS,RAIN,DAYLIGHT,REAR END,DIVIDED - W/MEDIAN (NOT RAISED),,STRAIGHT AND LEVEL,WET,UNKNOWN,NOT ON SCENE (DESK REPORT),NO INJURY / DRIVE AWAY,,,,$500 OR LESS,3/18/2022 17:00,FOLLOWING TOO CLOSELY,UNABLE TO DETERMINE,5498,N,LINCOLN AVE,2011,,,,,,,2,NO INDICATION OF INJURY,0,0,0,0,0,3,0,13,6,3,41.9813096,-87.69296702,POINT (-87.692967021886 41.981309599156)
dc0911954a322d9382f0df3e8e613298aa853c7ff789d3d261c95198bd5f3ee21f407914de69799a8affc65d5e84384dbe94fc7ff8d9a736d9851b96251c02ed,JF185017,,3/24/2022 12:40,20,NO CONTROLS,NO CONTROLS,RAIN,DAYLIGHT,HEAD ON,NOT DIVIDED,,STRAIGHT AND LEVEL,WET,UNKNOWN,NOT ON SCENE (DESK REPORT),NO INJURY / DRIVE AWAY,,,N,"OVER $1,500",3/24/2022 13:40,UNABLE TO DETERMINE,UNABLE TO DETERMINE,7302,S,WOLCOTT AVE,735,,,,,,,2,NO INDICATION OF INJURY,0,0,0,0,0,2,0,12,5,3,41.76104415,-87.67114928,POINT (-87.671149280491 41.761044147444)
cbbc7e824cfb067b5c5f9275d786f3b9953c8dbd243e8032a57a7240b8ad8073554dddab1110319bea950195da4f6900bcc6228c73fd9039049379797550e637,JF178509,,3/18/2022 15:12,30,TRAFFIC SIGNAL,FUNCTIONING PROPERLY,RAIN,DAYLIGHT,TURNING,FOUR WAY,,STRAIGHT AND LEVEL,WET,NO DEFECTS,ON SCENE,NO INJURY / DRIVE AWAY,,,Y,"OVER $1,500",3/18/2022 15:52,UNABLE TO DETERMINE,NOT APPLICABLE,1600,W,119TH ST,2234,,,,,,,2,NO INDICATION OF INJURY,0,0,0,0,0,2,0,15,6,3,41.67765356,-87.66138892,POINT (-87.661388920263 41.6776535606)
dc87241f1e86c5409d4def17de5ea4f5ffe74223e22e1decdba4017fe9aa9691e398004f33e38e5987fcef28db29afea4d74dc26171e3e8302deb613ec0be42e,JF185321,,3/24/2022 15:30,30,NO CONTROLS,NO CONTROLS,RAIN,DAYLIGHT,PARKED MOTOR VEHICLE,ONE-WAY,,STRAIGHT AND LEVEL,WET,NO DEFECTS,NOT ON SCENE (DESK REPORT),NO INJURY / DRIVE AWAY,,,,"$501 - $1,500",3/24/2022 17:30,UNABLE TO DETERMINE,UNABLE TO DETERMINE,2430,S,SACRAMENTO AVE,1033,,,,,,,2,NO INDICATION OF INJURY,0,0,0,0,0,3,0,15,5,3,41.84726941,-87.70036807,POINT (-87.700368068601 41.847269413024)
dcc683ec1d3f0e801bb581449df0f01675ec487c49ed3b965c08bd84a567581d958bd84ed2581119267c00e56d333ab704e5dbccdcb7a263ff5a08ec3bb3c013,JF184652,,3/24/2022 8:15,20,STOP SIGN/FLASHER,FUNCTIONING PROPERLY,RAIN,DAYLIGHT,TURNING,NOT DIVIDED,,STRAIGHT AND LEVEL,WET,UNKNOWN,ON SCENE,INJURY AND / OR TOW DUE TO CRASH,Y,,,"OVER $1,500",3/24/2022 8:16,FAILING TO YIELD RIGHT-OF-WAY,FAILING TO YIELD RIGHT-OF-WAY,3500,E,113TH ST,433,,,,,,,2,NO INDICATION OF INJURY,0,0,0,0,0,4,0,8,5,3,41.69014619,-87.53883973,POINT (-87.538839725197 41.690146185022)
dce15d02ea2089aabafcf43b14e6e7b9037052d8db65172814a1e0fb452b2d9a13c5e65fbf7f53ae12bec7c774ce3e29d1aae55d8b8b7cf5d634835a44c7bf43,JF185412,,3/24/2022 17:00,10,NO CONTROLS,NO CONTROLS,RAIN,DUSK,PEDESTRIAN,ALLEY,,STRAIGHT AND LEVEL,WET,NO DEFECTS,ON SCENE,INJURY AND / OR TOW DUE TO CRASH,,,,$500 OR LESS,3/24/2022 18:25,UNABLE TO DETERMINE,UNABLE TO DETERMINE,6011,N,ROCKWELL ST,2413,,,,,,,2,NONINCAPACITATING INJURY,1,0,0,1,0,1,0,17,5,3,41.99083356,-87.69439715,POINT (-87.694397152095 41.990833557482)
acad13a4f199501f4813f7224a9a46576d287b797673a4302a266a8b33cbf3c01e6b9bc0cf23b01a4f0593ffae68944064dc7c824151111289b1f4f9f38e24c9,JF149097,,2/18/2022 23:50,30,NO CONTROLS,NO CONTROLS,BLOWING SNOW,"DARKNESS, LIGHTED ROAD",TURNING,UNKNOWN INTERSECTION TYPE,,STRAIGHT AND LEVEL,WET,NO DEFECTS,ON SCENE,NO INJURY / DRIVE AWAY,Y,,,$500 OR LESS,2/19/2022 0:00,FAILING TO YIELD RIGHT-OF-WAY,IMPROPER OVERTAKING/PASSING,220,S,HOMAN AVE,1123,,Y,,,,,2,NO INDICATION OF INJURY,0,0,0,0,0,2,0,23,6,2,41.87759641,-87.71104651,POINT (-87.711046509066 41.877596405567)
ad21aa9e2627c0f3658259ac1cc4bdd1ac320a4c8f120ca7692e8093836cd5e0d8d7dfe9dc66159cad2292817a5d0f17c6b596a179c145f562a9491396a81366,JF148846,,2/18/2022 17:40,30,TRAFFIC SIGNAL,UNKNOWN,CLEAR,DARKNESS,REAR END,NOT DIVIDED,,STRAIGHT AND LEVEL,UNKNOWN,UNKNOWN,ON SCENE,NO INJURY / DRIVE AWAY,,,Y,"$501 - $1,500",2/18/2022 17:45,FOLLOWING TOO CLOSELY,FOLLOWING TOO CLOSELY,1145,W,DIVERSEY PKWY,1935,,,,,,,2,NO INDICATION OF INJURY,0,0,0,0,0,6,0,17,6,2,41.93246448,-87.65768216,POINT (-87.657682161505 41.932464476042)
cc3e5d01b8df9f47d5477e471a94c8c71ceec24295f067491e5a2d55a8dda763049381f44014bcd92b08518a824cb6dfb641c182028ff99eb2b238447f6aa861,JF178331,,3/18/2022 13:10,30,STOP SIGN/FLASHER,FUNCTIONING PROPERLY,RAIN,DAYLIGHT,TURNING,NOT DIVIDED,,STRAIGHT AND LEVEL,WET,NO DEFECTS,NOT ON SCENE (DESK REPORT),NO INJURY / DRIVE AWAY,,,Y,"OVER $1,500",3/18/2022 13:55,UNABLE TO DETERMINE,UNABLE TO DETERMINE,3400,S,DAMEN AVE,912,,,,,,,2,NO INDICATION OF INJURY,0,0,0,0,0,2,0,13,6,3,41.83218433,-87.67547416,POINT (-87.675474162226 41.832184333408)
9447f29340ce30ea6f2ae5023b988c1b90afc08a3efe4a4534da2ad64377f169212a453771732fce27be9059ef9fa8f0736f99fa850a11731abf131c5223c444,JF155404,,2/25/2022 8:41,30,STOP SIGN/FLASHER,FUNCTIONING PROPERLY,CLEAR,DAYLIGHT,REAR END,FOUR WAY,,STRAIGHT AND LEVEL,SNOW OR SLUSH,NO DEFECTS,ON SCENE,NO INJURY / DRIVE AWAY,N,,,"OVER $1,500",2/25/2022 8:44,FOLLOWING TOO CLOSELY,NOT APPLICABLE,599,W,119TH ST,524,,,,,,,2,NO INDICATION OF INJURY,0,0,0,0,0,2,0,8,6,2,41.67775789,-87.63703051,POINT (-87.637030511685 41.677757890147)
9478cfe0c728f1442158ca0e882f9d58bdd215215d35d5ab15b10c41a73823bec778d6b21efe3e8c1d25a3930059a0790b235a2d15b4a391e341280ca38623f4,JF155771,,2/25/2022 14:40,30,TRAFFIC SIGNAL,FUNCTIONING PROPERLY,CLEAR,DAYLIGHT,PARKED MOTOR VEHICLE,T-INTERSECTION,,STRAIGHT AND LEVEL,DRY,NO DEFECTS,NOT ON SCENE (DESK REPORT),NO INJURY / DRIVE AWAY,,,,"$501 - $1,500",2/25/2022 14:45,NOT APPLICABLE,NOT APPLICABLE,6901,S,INDIANA AVE,322,,,,,,,2,NO INDICATION OF INJURY,0,0,0,0,0,1,0,14,6,2,41.76920472,-87.62006368,POINT (-87.620063683702 41.769204715828)
addada32cdd3a906df0f96609c5788261e09abedf66791f1a1c00f2a671e4b626d63351d8619c37ce590f36e6e63aad2cb0b31ad475fba237bacf5905b871b32,JF149040,,2/18/2022 20:05,30,UNKNOWN,UNKNOWN,RAIN,"DARKNESS, LIGHTED ROAD",FIXED OBJECT,CENTER TURN LANE,,STRAIGHT AND LEVEL,WET,UNKNOWN,ON SCENE,INJURY AND / OR TOW DUE TO CRASH,,,,"OVER $1,500",2/18/2022 20:34,UNABLE TO DETERMINE,NOT APPLICABLE,9401,S,EWING AVE,432,,,,,,,1,NONINCAPACITATING INJURY,1,0,0,1,0,0,0,20,6,2,41.72494654,-87.53801303,POINT (-87.538013034333 41.724946544103)