CRASH_RECORD_ID,RD_NO,CRASH_DATE_EST_I,CRASH_DATE,POSTED_SPEED_LIMIT,TRAFFIC_CONTROL_DEVICE,DEVICE_CONDITION,WEATHER_CONDITION,LIGHTING_CONDITION,FIRST_CRASH_TYPE,TRAFFICWAY_TYPE,LANE_CNT,ALIGNMENT,ROADWAY_SURFACE_COND,ROAD_DEFECT,REPORT_TYPE,CRASH_TYPE,INTERSECTION_RELATED_I,NOT_RIGHT_OF_WAY_I,HIT_AND_RUN_I,DAMAGE,DATE_POLICE_NOTIFIED,PRIM_CONTRIBUTORY_CAUSE,SEC_CONTRIBUTORY_CAUSE,STREET_NO,STREET_DIRECTION,STREET_NAME,BEAT_OF_OCCURRENCE,PHOTOS_TAKEN_I,STATEMENTS_TAKEN_I,DOORING_I,WORK_ZONE_I,WORK_ZONE_TYPE,WORKERS_PRESENT_I,NUM_UNITS,MOST_SEVERE_INJURY,INJURIES_TOTAL,INJURIES_FATAL,INJURIES_INCAPACITATING,INJURIES_NON_INCAPACITATING,INJURIES_REPORTED_NOT_EVIDENT,INJURIES_NO_INDICATION,INJURIES_UNKNOWN,CRASH_HOUR,CRASH_DAY_OF_WEEK,CRASH_MONTH,LATITUDE,LONGITUDE,LOCATION
1bc572ef1b1d3dcfd0a9a3536cc64b062c9ee996d1763a3b5b932f41405ac5263ea162b49aff3231d478fc6f599abec20312a9e0a932def2a622bf0c6fc65b2e,JE244400,,5/27/2021 8:25,30,STOP SIGN/FLASHER,FUNCTIONING PROPERLY,CLOUDY/OVERCAST,DAYLIGHT,SIDESWIPE SAME DIRECTION,NOT DIVIDED,,STRAIGHT AND LEVEL,DRY,NO DEFECTS,,NO INJURY / DRIVE AWAY,,,,"OVER $1,500",5/27/2021 8:35,IMPROPER OVERTAKING/PASSING,NOT APPLICABLE,2603,W,WILSON AVE,1911,,,,,,,2,NO INDICATION OF INJURY,0,0,0,0,0,3,0,8,5,5,41.96470514,-87.69387531,POINT (-87.693875311096 41.964705135811)
cc4379fbe046d3f3eb8b1679b1bbdda164293ee6c3b14c09d25d87661e432a37e63ed98702e0223c11f7f9f7af6fb290c0d202832f0dabac4174a0b05b41ef24,JD443357,,11/25/2020 17:55,30,TRAFFIC SIGNAL,FUNCTIONING PROPERLY,CLEAR,"DARKNESS, LIGHTED ROAD",REAR END,OTHER,,STRAIGHT AND LEVEL,DRY,NO DEFECTS,,NO INJURY / DRIVE AWAY,Y,,,"OVER $1,500",11/27/2020 17:43,NOT APPLICABLE,NOT APPLICABLE,1,W,ROOSEVELT RD,131,,,,,,,2,NO INDICATION OF INJURY,0,0,0,0,0,3,0,17,4,11,41.86730244,-87.62751761,POINT (-87.627517611691 41.867302441194)
dd27a7a27de2983fd672860edbd7430ba546f240f43fc23a327de9daea5c2fc64513fab4ee3431b402fe95ed97f7154ff2820c0c79bc809807ab7a9badae0d4b,JE378483,,9/18/2021 13:51,30,TRAFFIC SIGNAL,FUNCTIONING PROPERLY,CLEAR,DAYLIGHT,SIDESWIPE SAME DIRECTION,NOT DIVIDED,,STRAIGHT AND LEVEL,DRY,UNKNOWN,,INJURY AND / OR TOW DUE TO CRASH,,,Y,"OVER $1,500",9/18/2021 14:27,IMPROPER OVERTAKING/PASSING,IMPROPER OVERTAKING/PASSING,311,S,CENTRAL AVE,1522,,,,,,,2,NONINCAPACITATING INJURY,1,0,0,1,0,1,0,13,7,9,41.8761547,-87.764568,POINT (-87.764568003327 41.8761546985)
ae0dbdcf957eb4fa4ac304b4de2787d6626409c697f40ed77a60588fb822adfc5b9f027a594635042918c2c7867b023b1c83d1095f045b4e36c54969f5be5467,JF149052,,2/18/2022 21:40,25,NO CONTROLS,NO CONTROLS,SNOW,"DARKNESS, LIGHTED ROAD",PARKED MOTOR VEHICLE,ONE-WAY,,STRAIGHT AND LEVEL,SNOW OR SLUSH,NO DEFECTS,ON SCENE,INJURY AND / OR TOW DUE TO CRASH,,,,"OVER $1,500",2/18/2022 21:45,PHYSICAL CONDITION OF DRIVER,UNABLE TO DETERMINE,8346,S,INGLESIDE AVE,632,,,,,,,5,FATAL,2,1,0,1,0,0,0,21,6,2,41.74260735,-87.60149582,POINT (-87.601495815452 41.742607348516)
952559aeb1e8b17ab640b614f865be9069e1d276b319533cf942d68a8230b9ac1e3faf24a3c1c8f8ca20da7f83bb6340e656e3147035befc37ceed28e40e8795,JF155854,,2/25/2022 15:50,35,NO CONTROLS,NO CONTROLS,SNOW,DAYLIGHT,PARKED MOTOR VEHICLE,NOT DIVIDED,,STRAIGHT AND LEVEL,SNOW OR SLUSH,NO DEFECTS,NOT ON SCENE (DESK REPORT),NO INJURY / DRIVE AWAY,,,,"$501 - $1,500",2/25/2022 16:00,FOLLOWING TOO CLOSELY,FOLLOWING TOO CLOSELY,901,S,PLYMOUTH CT,123,,,,,,,2,NO INDICATION OF INJURY,0,0,0,0,0,1,0,15,6,2,41.87050091,-87.6284461,POINT (-87.628446100225 41.870500910762)
cc92364e60994ab7a410d12927028dbc0f178956d7b6ab66b474ad86178790346dbd4fbc0956889ee0195e9c5d4899832aee7afb994d4832a8e60734a8cfe0c5,JF178160,,3/18/2022 10:50,30,TRAFFIC SIGNAL,FUNCTIONING PROPERLY,UNKNOWN,DAYLIGHT,TURNING,FOUR WAY,,STRAIGHT AND LEVEL,UNKNOWN,NO DEFECTS,NOT ON SCENE (DESK REPORT),NO INJURY / DRIVE AWAY,Y,,,"$501 - $1,500",3/18/2022 11:30,UNABLE TO DETERMINE,UNABLE TO DETERMINE,6300,N,BROADWAY,2433,,,,,,,2,NO INDICATION OF INJURY,0,0,0,0,0,2,0,10,6,3,41.996462,-87.66060967,POINT (-87.660609665094 41.996462001969)
956d85aa36641ea603a47800ba39f6ec56619fd7701c4e9366226d475b389cb0e879b773ea895aa61a15903c76d89ee0199f47815175f37f370a15af42031048,JF155766,,2/25/2022 14:35,30,NO CONTROLS,NO CONTROLS,CLEAR,DAYLIGHT,REAR TO FRONT,NOT DIVIDED,,STRAIGHT AND LEVEL,DRY,NO DEFECTS,NOT ON SCENE (DESK REPORT),NO INJURY / DRIVE AWAY,,,Y,"OVER $1,500",2/25/2022 14:50,DRIVING SKILLS/KNOWLEDGE/EXPERIENCE,NOT APPLICABLE,6200,S,KILPATRICK AVE,813,,,,,,,2,NO INDICATION OF INJURY,0,0,0,0,0,2,0,14,6,2,41.78018935,-87.74005052,POINT (-87.740050518852 41.780189352902)
c6baf647fbfbe5c02c2aab15945cc714594cde6a6bd12f41a95b46b0043826c4e7953bdee80d3ddd756d1de42e24e18bdc89d6d046c74c2e9ef6954bb71906dd,JF163049,,3/4/2022 12:30,25,NO CONTROLS,NO CONTROLS,CLEAR,DAYLIGHT,PARKED MOTOR VEHICLE,ONE-WAY,,STRAIGHT AND LEVEL,DRY,NO DEFECTS,ON SCENE,INJURY AND / OR TOW DUE TO CRASH,,,,"OVER $1,500",3/4/2022 12:34,UNDER THE INFLUENCE OF ALCOHOL/DRUGS (USE WHEN ARREST IS EFFECTED),NOT APPLICABLE,2131,E,80TH ST,414,,,,,,,2,NO INDICATION OF INJURY,0,0,0,0,0,1,0,12,6,3,41.7497255,-87.57235039,POINT (-87.572350392625 41.749725495687)
ddb14cd9ba6c01add638ae835e23fa72a2a867b8c59f5393eed36646b050188476704a2f598e93f7f18eed6753a77dcf6991c573cd76af1dc130cb941525c45b,JF185057,,3/24/2022 9:40,30,NO CONTROLS,NO CONTROLS,RAIN,DAYLIGHT,SIDESWIPE SAME DIRECTION,NOT DIVIDED,,STRAIGHT AND LEVEL,WET,SHOULDER DEFECT,NOT ON SCENE (DESK REPORT),NO INJURY / DRIVE AWAY,,,,"OVER $1,500",3/24/2022 14:15,IMPROPER OVERTAKING/PASSING,IMPROPER OVERTAKING/PASSING,901,W,DIVISION ST,1822,,,,,,,2,NO INDICATION OF INJURY,0,0,0,0,0,2,0,9,5,3,41.90349328,-87.65106447,POINT (-87.651064465952 41.903493281365)
ae7206b54b152f802a974db0cbcc8a3a4b5d0218432af310e2c63bb2b4abe9ac59b9c87b80f7f06cde74e7934c910ea563d8bd5b7ad2b5541451fe6493534b9c,JF148421,,2/18/2022 10:47,30,TRAFFIC SIGNAL,FUNCTIONING PROPERLY,CLEAR,DAYLIGHT,TURNING,FOUR WAY,,STRAIGHT AND LEVEL,WET,NO DEFECTS,ON SCENE,NO INJURY / DRIVE AWAY,Y,,,"OVER $1,500",2/18/2022 11:05,IMPROPER TURNING/NO SIGNAL,DRIVING SKILLS/KNOWLEDGE/EXPERIENCE,3710,S,WESTERN AVE,911,,,,,,,2,NO INDICATION OF INJURY,0,0,0,0,0,2,0,10,6,2,41.82613931,-87.68505671,POINT (-87.685056712063 41.826139308522)
cdf2d8e8e6abe307797342920fd06a67a926cb04613c8a8482b9d0d01ae18d29cb861584ecc9058a5043cc99140235f5eed262894a7c936be0c934b73372ebcd,JF177766,,3/18/2022 1:20,30,NO CONTROLS,NO CONTROLS,CLEAR,"DARKNESS, LIGHTED ROAD",PARKED MOTOR VEHICLE,NOT DIVIDED,,STRAIGHT AND LEVEL,DRY,NO DEFECTS,ON SCENE,INJURY AND / OR TOW DUE TO CRASH,,,Y,"OVER $1,500",3/18/2022 1:27,UNABLE TO DETERMINE,UNABLE TO DETERMINE,7340,W,ADDISON ST,1631,,,,,,,3,NO INDICATION OF INJURY,0,0,0,0,0,1,0,1,6,3,41.94529539,-87.81104072,POINT (-87.811040717764 41.945295393933)
95e5484b603a01867b8e9c8cfead46943261e54380cbee761bf03437f24c75f529973bba2eb611c2a25afd593e7953bea751d10f32baf881663e021c8888271c,JD156189,,2/25/2022 21:48,30,TRAFFIC SIGNAL,FUNCTIONING PROPERLY,CLEAR,"DARKNESS, LIGHTED ROAD",REAR END,ONE-WAY,,STRAIGHT AND LEVEL,OTHER,NO DEFECTS,ON SCENE,INJURY AND / OR TOW DUE TO CRASH,,,Y,"OVER $1,500",2/25/2022 22:00,FAILING TO REDUCE SPEED TO AVOID CRASH,FAILING TO REDUCE SPEED TO AVOID CRASH,5741,N,ASHLAND AVE,2012,,,,,,,2,NO INDICATION OF INJURY,0,0,0,0,0,3,0,21,6,2,41.98653616,-87.66955306,POINT (-87.669553060786 41.986536163682)
ce3c502fb5a5e4655d39a71bc02316380c14ca5eb0b73426b02fd4538d0993535f3d1d621cb9c364b2777c11a8fc7348aed217e703a626fd4b1afb70c602da45,JF178702,,3/18/2022 18:15,30,NO CONTROLS,NO CONTROLS,RAIN,DAYLIGHT,FIXED OBJECT,DIVIDED - W/MEDIAN BARRIER,,STRAIGHT AND LEVEL,WET,NO DEFECTS,ON SCENE,INJURY AND / OR TOW DUE TO CRASH,,,,"OVER $1,500",3/18/2022 18:17,UNABLE TO DETERMINE,UNABLE TO DETERMINE,4932,S,KEDZIE AVE,821,,,,,,,1,NO INDICATION OF INJURY,0,0,0,0,0,1,0,18,6,3,41.80349751,-87.70398757,POINT (-87.703987565889 41.803497510289)
af6c1f0337e68babec13dc85dc322fe311ec2c9080438196aac787d913745d35700774c9df99b5bba9d1655a20890daad49b6f4b6da068fc0399f8284fe122e5,JF148717,,2/18/2022 15:30,30,NO CONTROLS,NO CONTROLS,CLEAR,DAYLIGHT,FIXED OBJECT,NOT DIVIDED,,STRAIGHT AND LEVEL,WET,NO DEFECTS,ON SCENE,INJURY AND / OR TOW DUE TO CRASH,,,,"OVER $1,500",2/18/2022 15:41,EQUIPMENT - VEHICLE CONDITION,DISTRACTION - FROM INSIDE VEHICLE,6950,W,SCHOOL ST,1632,,,,,,,1,NO INDICATION OF INJURY,0,0,0,0,0,2,0,15,6,2,41.94002469,-87.80027083,POINT (-87.800270833911 41.940024690416)
afc7ac2481d646e87e6f50ab45dfbb129d71e2fbecd369115cdbb9b132399d5215345f27b049c2932de429fc0ebf3b5e9062a3d5a529834412bdadaf35d701d2,JF148715,,2/18/2022 14:51,15,NO CONTROLS,NO CONTROLS,CLOUDY/OVERCAST,DAYLIGHT,PARKED MOTOR VEHICLE,PARKING LOT,,STRAIGHT AND LEVEL,WET,UNKNOWN,NOT ON SCENE (DESK REPORT),NO INJURY / DRIVE AWAY,,,,"$501 - $1,500",2/18/2022 16:00,UNABLE TO DETERMINE,UNABLE TO DETERMINE,4710,S,WESTERN AVE,922,,,,,,,2,NO INDICATION OF INJURY,0,0,0,0,0,1,0,14,6,2,41.80804133,-87.68456051,POINT (-87.684560511949 41.808041332965)
cf4347f18652f150525526b38a68f828eb7512884657658cd6922497b73299df63d94e14b6c3568f43e620602253cd252d8d4882df33066778d4977018b2747f,JF178213,,3/18/2022 12:12,30,STOP SIGN/FLASHER,FUNCTIONING PROPERLY,RAIN,DAYLIGHT,TURNING,NOT DIVIDED,,STRAIGHT AND LEVEL,WET,NO DEFECTS,ON SCENE,INJURY AND / OR TOW DUE TO CRASH,Y,,,"OVER $1,500",3/18/2022 12:30,UNABLE TO DETERMINE,UNABLE TO DETERMINE,527,W,119TH ST,524,,,,,,,2,NO INDICATION OF INJURY,0,0,0,0,0,2,0,12,6,3,41.67777064,-87.63582612,POINT (-87.635826118685 41.677770642181)
c7d1bd32b0ded46890b6b18fbafcd460dcde2e4598b4c52a82c9c84274d2287a9703208b2e40427ba52bcef664e340fc3979ecb9ef3eee1d21e7007f659bdca3,JF163663,,3/4/2022 21:35,30,NO CONTROLS,NO CONTROLS,CLEAR,"DARKNESS, LIGHTED ROAD",TURNING,CENTER TURN LANE,,STRAIGHT AND LEVEL,DRY,UNKNOWN,NOT ON SCENE (DESK REPORT),NO INJURY / DRIVE AWAY,,,,"$501 - $1,500",3/4/2022 22:10,IMPROPER OVERTAKING/PASSING,NOT APPLICABLE,3201,W,ADDISON ST,1733,,,,,,,2,NO INDICATION OF INJURY,0,0,0,0,0,2,0,21,6,3,41.94652053,-87.70787045,POINT (-87.707870448595 41.946520532996)
c81d29236ed143c74878e36e62b563215e0e97655b268af529ebec9a3981c8f96740bf035fe0a993dd5d680919a5e2152c7022d6f67c3bf4136ae4cbd6e202be,JF163602,,3/4/2022 19:58,30,NO CONTROLS,NO CONTROLS,CLEAR,"DARKNESS, LIGHTED ROAD",REAR TO FRONT,NOT DIVIDED,,STRAIGHT AND LEVEL,DRY,NO DEFECTS,ON SCENE,NO INJURY / DRIVE AWAY,,,Y,$500 OR LESS,3/4/2022 20:15,IMPROPER BACKING,NOT APPLICABLE,1520,N,DAMEN AVE,1424,,,,,,,2,NO INDICATION OF INJURY,0,0,0,0,0,2,0,19,6,3,41.9089214,-87.6775678,POINT (-87.677567795523 41.908921400283)
b05c2036a0f244a2cbdfa21d4ed23dbafd0c2dd4c2d05219560cf2f75ee94e28f65f1482c91d2b2ccd80de36dae2c598a60f56824722f43260e03131785bc066,JF148480,,2/18/2022 12:20,40,NO CONTROLS,NO CONTROLS,CLEAR,DAYLIGHT,OTHER OBJECT,DIVIDED - W/MEDIAN BARRIER,,STRAIGHT AND LEVEL,DRY,NO DEFECTS,ON SCENE,INJURY AND / OR TOW DUE TO CRASH,,,,"OVER $1,500",2/18/2022 12:35,NOT APPLICABLE,NOT APPLICABLE,1300,N,LAKE SHORE DR SB,1824,,,,,,,1,NO INDICATION OF INJURY,0,0,0,0,0,1,0,12,6,2,41.90594014,-87.62526873,POINT (-87.625268730811 41.905940135182)
c86a2c3fefabad045b81023cc2c0798c9a2dabce95c33e2effe07c126828f7be710fd9eda925d3eaca86862a6300409209b427259cafe76c88023947459a5db9,JF163198,,3/4/2022 15:33,30,TRAFFIC SIGNAL,FUNCTIONING PROPERLY,CLEAR,DAYLIGHT,PARKED MOTOR VEHICLE,NOT DIVIDED,,STRAIGHT AND LEVEL,DRY,NO DEFECTS,ON SCENE,NO INJURY / DRIVE AWAY,,,,"OVER $1,500",3/4/2022 15:40,UNABLE TO DETERMINE,NOT APPLICABLE,4900,S,LAKE PARK AVE,222,,,,,,,2,NO INDICATION OF INJURY,0,0,0,0,0,1,0,15,6,3,41.80557147,-87.58927403,POINT (-87.589274026081 41.805571466308)
cfbd169b69c8d6c60a1c37f0c230cbf3951f70470e58241dcee572f510188f4017d44e44d290a2860ea2028ed5985e56f558f143060f589351f57a9ce4a79bc8,JF188195,Y,3/18/2022 20:30,30,UNKNOWN,UNKNOWN,UNKNOWN,UNKNOWN,PARKED MOTOR VEHICLE,UNKNOWN INTERSECTION TYPE,,STRAIGHT AND LEVEL,UNKNOWN,UNKNOWN,NOT ON SCENE (DESK REPORT),INJURY AND / OR TOW DUE TO CRASH,,,Y,"OVER $1,500",3/27/2022 13:00,UNABLE TO DETERMINE,NOT APPLICABLE,3600,W,CERMAK RD,1014,,,,,,,2,NO INDICATION OF INJURY,0,0,0,0,0,1,0,20,6,3,41.851773,-87.71505994,POINT (-87.715059935494 41.851772995227)
c88365767530160098759e992829d657fffb4fcf3b5e72eac2bb96923d40be2e4b7c715f29cadc2ca493908c64afa60f415be64ec30bd7c90a472bd65ef23539,JF163416,,3/4/2022 16:53,30,NO CONTROLS,NO CONTROLS,CLEAR,DAYLIGHT,PARKED MOTOR VEHICLE,DIVIDED - W/MEDIAN BARRIER,,STRAIGHT AND LEVEL,DRY,NO DEFECTS,ON SCENE,NO INJURY / DRIVE AWAY,,,,"$501 - $1,500",3/4/2022 17:03,IMPROPER OVERTAKING/PASSING,IMPROPER OVERTAKING/PASSING,860,N,MICHIGAN AVE,1833,,,,,,,2,NO INDICATION OF INJURY,0,0,0,0,0,1,0,16,6,3,41.89842395,-87.624251,POINT (-87.624251003871 41.898423950946)
97d6b7624669f863d11882443621ad9cf7a5fc038412c3cc381a4c162cf7bfd1ada46341230bd43571ea480a205c835695b596b88e4245117482ec228a97b6e3,JF155411,,2/25/2022 8:00,30,NO CONTROLS,NO CONTROLS,SNOW,DAYLIGHT,ANGLE,NOT DIVIDED,,STRAIGHT AND LEVEL,WET,NO DEFECTS,NOT ON SCENE (DESK REPORT),NO INJURY / DRIVE AWAY,,,,"$501 - $1,500",2/25/2022 9:33,FAILING TO YIELD RIGHT-OF-WAY,FAILING TO YIELD RIGHT-OF-WAY,5353,S,SAWYER AVE,822,,,,,,,3,NO INDICATION OF INJURY,0,0,0,0,0,2,0,8,6,2,41.79558555,-87.70469103,POINT (-87.704691026439 41.795585549375)
b13719be6176448aeae3da50b70f343a538a2acfcb9b903467855e51a0b496ae60fcb974dfb110e03b08942e3343333375d48428c4568549f53595d8ae5fc486,JF149818,,2/18/2022 19:00,30,STOP SIGN/FLASHER,FUNCTIONING PROPERLY,CLEAR,"DARKNESS, LIGHTED ROAD",ANGLE,FOUR WAY,,STRAIGHT AND LEVEL,WET,NO DEFECTS,NOT ON SCENE (DESK REPORT),NO INJURY / DRIVE AWAY,Y,,Y,"$501 - $1,500",2/19/2022 18:25,FAILING TO YIELD RIGHT-OF-WAY,NOT APPLICABLE,4700,W,AUGUSTA BLVD,1111,,,,,,,2,NO INDICATION OF INJURY,0,0,0,0,0,2,0,19,6,2,41.89884527,-87.74374066,POINT (-87.743740656365 41.898845265149)
986afe0a8b273abc70c0951aec06b40fa3f4b2db30e23d3dbf1351e3d4f0eb3a72fafbabc0364d604fcbc3cd4ad08f979678ab67d2b3e65bff543f67a144847d,JF162155,,2/25/2022 10:00,30,NO CONTROLS,NO CONTROLS,CLEAR,DAYLIGHT,PARKED MOTOR VEHICLE,ONE-WAY,,STRAIGHT AND LEVEL,DRY,NO DEFECTS,NOT ON SCENE (DESK REPORT),NO INJURY / DRIVE AWAY,,,Y,"OVER $1,500",3/3/2022 16:16,NOT APPLICABLE,NOT APPLICABLE,2333,N,MERRIMAC AVE,2512,,,,,,,2,NO INDICATION OF INJURY,0,0,0,0,0,1,0,10,6,2,41.92268405,-87.78161226,POINT (-87.781612254748 41.922684050632)
986be52105996617d834dd2901b1e7e654f7721f28a640b60af28602954a7657813ff5b6965e89efed4fb1fbafb5629095398e233edc7f44cf1f828a33c3952d,JF155658,,2/25/2022 12:30,30,TRAFFIC SIGNAL,FUNCTIONING PROPERLY,CLEAR,DAYLIGHT,SIDESWIPE SAME DIRECTION,DIVIDED - W/MEDIAN (NOT RAISED),,STRAIGHT AND LEVEL,DRY,NO DEFECTS,ON SCENE,NO INJURY / DRIVE AWAY,,,Y,"OVER $1,500",2/25/2022 13:00,IMPROPER OVERTAKING/PASSING,UNABLE TO DETERMINE,5501,S,HARLEM AVE,811,,,,,,,2,NO INDICATION OF INJURY,0,0,0,0,0,2,0,12,6,2,41.79185207,-87.8013778,POINT (-87.801377798929 41.79185206544)
cfbfa74bec095771df0e454f081d35c03d0013e4304c591212b24f85e91c1850b2324a3cd346bb80d497d2454780b5d579671be4867979d8f41a3a8da17e1913,JE406421,,10/11/2021 19:30,30,STOP SIGN/FLASHER,FUNCTIONING PROPERLY,CLEAR,"DARKNESS, LIGHTED ROAD",TURNING,NOT DIVIDED,,STRAIGHT AND LEVEL,WET,NO DEFECTS,,NO INJURY / DRIVE AWAY,,,,"$501 - $1,500",10/11/2021 19:50,UNABLE TO DETERMINE,UNABLE TO DETERMINE,2700,S,KEDZIE AVE,1032,,,,,,,2,NO INDICATION OF INJURY,0,0,0,0,0,2,0,19,2,10,41.84260253,-87.70512781,POINT (-87.705127810739 41.842602526365)
d04ac489a898a08951e326ac45c582689cd288765e017a538cca73c015483210bd0de5c444cd5e37cff0f93ba0521e774ea34b5946f78dcca3b01454876fcd5e,JF178413,,3/18/2022 14:18,10,NO CONTROLS,NO CONTROLS,RAIN,DAYLIGHT,ANGLE,PARKING LOT,,STRAIGHT AND LEVEL,WET,NO DEFECTS,ON SCENE,NO INJURY / DRIVE AWAY,,Y,,"OVER $1,500",3/18/2022 15:10,FAILING TO YIELD RIGHT-OF-WAY,UNABLE TO DETERMINE,4433,W,76TH ST,833,,,,,,,2,NO INDICATION OF INJURY,0,0,0,0,0,3,0,14,6,3,41.75449208,-87.73334667,POINT (-87.733346669667 41.754492078338)
b204c2127474f4ecbe8f8eaac213d24f15fa2ee0ea31091aae1d32bdb649cf8e311aeef406dc9432afc54adc21b97a0fbbe96b0282df50ffeabd2125a3715b91,JF148208,,2/18/2022 7:35,30,STOP SIGN/FLASHER,FUNCTIONING PROPERLY,CLEAR,DAYLIGHT,SIDESWIPE SAME DIRECTION,NOT DIVIDED,,STRAIGHT AND LEVEL,SNOW OR SLUSH,NO DEFECTS,NOT ON SCENE (DESK REPORT),NO INJURY / DRIVE AWAY,,,,"OVER $1,500",2/18/2022 8:15,UNABLE TO DETERMINE,UNABLE TO DETERMINE,4140,N,MARINE DR,1915,,,,,,,2,NO INDICATION OF INJURY,0,0,0,0,0,2,0,7,6,2,41.95680712,-87.6461175,POINT (-87.646117502244 41.956807122603)
98f0020752296c92bad8c719841ea57fdd8d659ceac209f0a3f1f59fa3368bef05ac1e541ec96b1f3019116be9f8d65ba5cd0a1bbdf65d7c123fcdbfdba6e7df,JF156180,,2/25/2022 21:39,35,NO CONTROLS,NO CONTROLS,CLEAR,"DARKNESS, LIGHTED ROAD",FIXED OBJECT,DIVIDED - W/MEDIAN BARRIER,,STRAIGHT AND LEVEL,DRY,NO DEFECTS,ON SCENE,INJURY AND / OR TOW DUE TO CRASH,,,,"OVER $1,500",2/25/2022 21:40,UNABLE TO DETERMINE,UNABLE TO DETERMINE,6057,S,CICERO AVE,813,,Y,,,,,1,NO INDICATION OF INJURY,0,0,0,0,0,1,0,21,6,2,41.78219045,-87.74226747,POINT (-87.742267472522 41.782190449847)
df74e57904e5e23a8a2a1edf6c8606b5c758facb25e46391020fb6b817a8f99f42befa2c9138adc4cee94eeaf5d4cfb6931c965bbf53079f8cd0c1f4c889983d,JF185569,Y,3/24/2022 21:20,30,NO CONTROLS,NO CONTROLS,RAIN,"DARKNESS, LIGHTED ROAD",PEDESTRIAN,NOT DIVIDED,,STRAIGHT AND LEVEL,WET,NO DEFECTS,ON SCENE,INJURY AND / OR TOW DUE TO CRASH,,,Y,"OVER $1,500",3/24/2022 21:35,FAILING TO YIELD RIGHT-OF-WAY,NOT APPLICABLE,1626,E,74TH PL,324,,,,,,,2,INCAPACITATING INJURY,1,0,1,0,0,1,0,21,5,3,41.75980243,-87.58467362,POINT (-87.584673619908 41.759802428116)
d0a5de8e91d99a5636d5f65f0120ad60f309704b7f148531fcb78e7a3fd708ae1c934fe0333ab8b508b617b100625975e756f9879cda6afdc5921e7b5d6243e3,JF162342,,3/3/2022 18:39,20,NO CONTROLS,NO CONTROLS,CLEAR,"DARKNESS, LIGHTED ROAD",SIDESWIPE SAME DIRECTION,DIVIDED - W/MEDIAN (NOT RAISED),,CURVE ON GRADE,DRY,UNKNOWN,,NO INJURY / DRIVE AWAY,,,,"$501 - $1,500",3/3/2022 18:39,IMPROPER LANE USAGE,IMPROPER LANE USAGE,2,W,TERMINAL ST,1652,,,,,,,2,NO INDICATION OF INJURY,0,0,0,0,0,2,0,18,5,3,,,
df7052f544dae40218b7f65d7e25b7913024175c3e11fa2163ca229c5158df421756b1e013203ffb34bbb1445554d005ff143bfacd947b3ba01a458f4e655630,JE192236,,4/6/2021 18:53,30,NO CONTROLS,NO CONTROLS,CLEAR,DUSK,PARKED MOTOR VEHICLE,DIVIDED - W/MEDIAN (NOT RAISED),,STRAIGHT AND LEVEL,DRY,NO DEFECTS,,NO INJURY / DRIVE AWAY,,,Y,"OVER $1,500",4/7/2021 12:30,UNABLE TO DETERMINE,UNABLE TO DETERMINE,5504,S,MICHIGAN AVE,225,,,,,,,2,NO INDICATION OF INJURY,0,0,0,0,0,2,0,18,3,4,41.79418988,-87.62260056,POINT (-87.622600563979 41.794189876043)
cafe5421585f9824744ce69de8c8a4cf48b22a0dc3a5c60c69e0faa9bf7948fd9b77c3cbe20e16d83de3cf031d24208153ce412e4eb0e18d167b35cff272ebd5,JF169617,,3/4/2022 10:00,10,NO CONTROLS,NO CONTROLS,CLEAR,DAYLIGHT,PARKED MOTOR VEHICLE,PARKING LOT,,STRAIGHT AND LEVEL,DRY,NO DEFECTS,NOT ON SCENE (DESK REPORT),NO INJURY / DRIVE AWAY,,,Y,"OVER $1,500",3/10/2022 17:20,IMPROPER BACKING,UNABLE TO DETERMINE,5401,N,ELSTON AVE,1621,,,,,,,2,NO INDICATION OF INJURY,0,0,0,0,0,2,0,10,6,3,41.97959355,-87.75858927,POINT (-87.758589271767 41.979593550153)
cb80abc68c3bb39c86a8467e6fda7c9af422f371898b1bebcaac7ca577ca7b5cb75be942bc5615bb2b0a5e1a003fb4bf1de35199dd4fcc78241120ce30bbd96a,JF163337,,3/4/2022 16:00,30,TRAFFIC SIGNAL,FUNCTIONING PROPERLY,CLEAR,DAYLIGHT,REAR END,NOT DIVIDED,,STRAIGHT AND LEVEL,DRY,NO DEFECTS,NOT ON SCENE (DESK REPORT),NO INJURY / DRIVE AWAY,,,Y,"OVER $1,500",3/4/2022 16:35,UNABLE TO DETERMINE,NOT APPLICABLE,1400,S,CANAL ST,124,,,,,,,2,NO INDICATION OF INJURY,0,0,0,0,0,2,0,16,6,3,41.86359876,-87.63927326,POINT (-87.639273257258 41.863598755874)
d1915d3f53ecb51a490be78b98e04b554ec449e3dc07c24981ca52b6b391be893a9972b47000689d5398c3b799951aa48eab925287f98d2f7a8145a4ebd0d097,JF192711,,3/18/2022 12:00,30,NO CONTROLS,NO CONTROLS,CLEAR,DAYLIGHT,PARKED MOTOR VEHICLE,PARKING LOT,,STRAIGHT AND LEVEL,DRY,NO DEFECTS,NOT ON SCENE (DESK REPORT),NO INJURY / DRIVE AWAY,,,,"OVER $1,500",3/31/2022 16:00,FAILING TO YIELD RIGHT-OF-WAY,FAILING TO REDUCE SPEED TO AVOID CRASH,2828,S,WENTWORTH AVE,914,,,,,,,2,NO INDICATION OF INJURY,0,0,0,0,0,1,0,12,6,3,41.84172282,-87.6319182,POINT (-87.631918199496 41.841722824371)