CRASH_RECORD_ID,RD_NO,CRASH_DATE_EST_I,CRASH_DATE,POSTED_SPEED_LIMIT,TRAFFIC_CONTROL_DEVICE,DEVICE_CONDITION,WEATHER_CONDITION,LIGHTING_CONDITION,FIRST_CRASH_TYPE,TRAFFICWAY_TYPE,LANE_CNT,ALIGNMENT,ROADWAY_SURFACE_COND,ROAD_DEFECT,REPORT_TYPE,CRASH_TYPE,INTERSECTION_RELATED_I,NOT_RIGHT_OF_WAY_I,HIT_AND_RUN_I,DAMAGE,DATE_POLICE_NOTIFIED,PRIM_CONTRIBUTORY_CAUSE,SEC_CONTRIBUTORY_CAUSE,STREET_NO,STREET_DIRECTION,STREET_NAME,BEAT_OF_OCCURRENCE,PHOTOS_TAKEN_I,STATEMENTS_TAKEN_I,DOORING_I,WORK_ZONE_I,WORK_ZONE_TYPE,WORKERS_PRESENT_I,NUM_UNITS,MOST_SEVERE_INJURY,INJURIES_TOTAL,INJURIES_FATAL,INJURIES_INCAPACITATING,INJURIES_NON_INCAPACITATING,INJURIES_REPORTED_NOT_EVIDENT,INJURIES_NO_INDICATION,INJURIES_UNKNOWN,CRASH_HOUR,CRASH_DAY_OF_WEEK,CRASH_MONTH,LATITUDE,LONGITUDE,LOCATION
b2dfe695e1c2d9fc36d60092c208f2d3b7c8468bc6bc49a0170592254b79a553785431a90af5c244874e4f4432973c33fbd9516aaddaaa0cba4ac088092b948b,JF148747,,2/18/2022 14:55,30,NO CONTROLS,NO CONTROLS,CLEAR,DAYLIGHT,PARKED MOTOR VEHICLE,ONE-WAY,,STRAIGHT AND LEVEL,DRY,NO DEFECTS,NOT ON SCENE (DESK REPORT),NO INJURY / DRIVE AWAY,,,Y,"$501 - $1,500",2/18/2022 16:36,NOT APPLICABLE,NOT APPLICABLE,6354,S,KILPATRICK AVE,813,,,,,,,2,NO INDICATION OF INJURY,0,0,0,0,0,1,0,14,6,2,41.7768393,-87.73994744,POINT (-87.739947438139 41.77683930401)
cd0ace0297164712f8c3007dbabc11d8a926224fe9d08a8b8c7db70650200f73207d96a653b49a4cf75077caf34fdc72bd90bc715e2ebc3d2eaed3326ccc8c63,JF162931,,3/4/2022 11:00,30,NO CONTROLS,NO CONTROLS,CLEAR,DAYLIGHT,SIDESWIPE SAME DIRECTION,DIVIDED - W/MEDIAN (NOT RAISED),,STRAIGHT AND LEVEL,DRY,NO DEFECTS,NOT ON SCENE (DESK REPORT),NO INJURY / DRIVE AWAY,,,,"$501 - $1,500",3/4/2022 11:20,FAILING TO YIELD RIGHT-OF-WAY,NOT APPLICABLE,3135,N,CICERO AVE,2521,,,,,,,2,NO INDICATION OF INJURY,0,0,0,0,0,5,0,11,6,3,41.93808077,-87.74671198,POINT (-87.746711983444 41.938080769654)
e08ce72c5346925994a6ae9eda325a6f0fff1238a9ebcb902525f3eaf35b8d17422f47706dea41d36f5ad16c3b8d6a758e691d54332a878ef20c7d981a907667,JF199256,,3/24/2022 15:00,30,TRAFFIC SIGNAL,FUNCTIONING PROPERLY,CLEAR,DAYLIGHT,SIDESWIPE SAME DIRECTION,DIVIDED - W/MEDIAN (NOT RAISED),,STRAIGHT AND LEVEL,DRY,NO DEFECTS,NOT ON SCENE (DESK REPORT),NO INJURY / DRIVE AWAY,Y,,Y,"$501 - $1,500",4/6/2022 13:45,UNABLE TO DETERMINE,UNABLE TO DETERMINE,1300,W,NORTH AVE,1433,,,,,,,2,NO INDICATION OF INJURY,0,0,0,0,0,2,0,15,5,3,41.91085036,-87.66044504,POINT (-87.66044504039 41.910850361976)
d30b9fc7e16e3aba7f9d69fcb0dacddb28b6d8355cc20e6c272e0b780d8db75726a8ae7f9437967814d217e735444eb5f71b7a0dd9e674c0006e52c6b8d5ffaf,JF178522,,3/18/2022 16:20,30,NO CONTROLS,NO CONTROLS,RAIN,DAYLIGHT,REAR END,NOT DIVIDED,,STRAIGHT AND LEVEL,WET,NO DEFECTS,NOT ON SCENE (DESK REPORT),NO INJURY / DRIVE AWAY,,,N,"$501 - $1,500",3/18/2022 16:49,NOT APPLICABLE,NOT APPLICABLE,3420,W,63RD ST,823,,,,,,,2,NO INDICATION OF INJURY,0,0,0,0,0,3,0,16,6,3,41.77898719,-87.70886382,POINT (-87.708863815297 41.778987188969)
d326efbd90bb1bac065b03ec994a03836453d75fa108a71af854e28759a065308915f9d0f270e4783dc3f38faf35434720e09619e0d761e875498d09e3f6e9dc,JF178535,,3/18/2022 16:25,30,NO CONTROLS,NO CONTROLS,RAIN,DAYLIGHT,REAR TO SIDE,FOUR WAY,,STRAIGHT AND LEVEL,WET,NO DEFECTS,NOT ON SCENE (DESK REPORT),NO INJURY / DRIVE AWAY,Y,,,"OVER $1,500",3/18/2022 17:00,IMPROPER BACKING,NOT APPLICABLE,6599,S,PARNELL AVE,722,,,,,,,2,NO INDICATION OF INJURY,0,0,0,0,0,8,0,16,6,3,41.77441858,-87.63864078,POINT (-87.638640784311 41.774418574585)
e0f7247e90c95917fccd2a50092233a0baf7d2f68532f4c408ad2918b44a3a427dafbc891a97c19a56021aa20db1ab0a25dc82e3b98b1cdd434c0f494b1487bd,JF185471,,3/24/2022 16:30,30,NO CONTROLS,NO CONTROLS,RAIN,DAYLIGHT,SIDESWIPE SAME DIRECTION,NOT DIVIDED,,STRAIGHT AND LEVEL,WET,NO DEFECTS,NOT ON SCENE (DESK REPORT),NO INJURY / DRIVE AWAY,,,Y,"$501 - $1,500",3/24/2022 19:20,UNABLE TO DETERMINE,UNABLE TO DETERMINE,320,N,LA SALLE DR,1831,,,,,,,2,NO INDICATION OF INJURY,0,0,0,0,0,2,0,16,5,3,41.88808707,-87.63265662,POINT (-87.632656619906 41.888087066022)
9ab9981abd290ed98f7ad0829ea8f046e9c1121b4531358a8d65919173a4b83d46fd57c042b702f69d8bab864e87f633e6e888a9f7f254112c9d5639b5e20080,JF155517,,2/25/2022 8:24,30,UNKNOWN,UNKNOWN,SNOW,DAYLIGHT,REAR END,NOT DIVIDED,,STRAIGHT AND LEVEL,SNOW OR SLUSH,NO DEFECTS,NOT ON SCENE (DESK REPORT),NO INJURY / DRIVE AWAY,,,,"$501 - $1,500",2/25/2022 11:00,FOLLOWING TOO CLOSELY,NOT APPLICABLE,2419,S,MICHIGAN AVE,132,,,,,,,2,NO INDICATION OF INJURY,0,0,0,0,0,2,0,8,6,2,41.84866133,-87.62355146,POINT (-87.623551455076 41.848661327273)
e0747e895151f13172460a7e83239717ec0aea46f82e68100d390c5bd47b60a2334a6040ca1537bf78b0b845826a3126347bdf21e42ed318980cba3965240bf5,JE135210,,2/7/2021 14:39,30,NO CONTROLS,NO CONTROLS,CLEAR,DAYLIGHT,SIDESWIPE SAME DIRECTION,NOT DIVIDED,,STRAIGHT AND LEVEL,SNOW OR SLUSH,NO DEFECTS,,INJURY AND / OR TOW DUE TO CRASH,,,,"OVER $1,500",2/7/2021 14:51,UNABLE TO DETERMINE,UNABLE TO DETERMINE,3727,W,26TH ST,1031,,,,,,,2,"REPORTED, NOT EVIDENT",1,0,0,0,1,5,0,14,1,2,41.84422094,-87.71838824,POINT (-87.718388238769 41.844220944108)
ce13ced0c9fb8ec122d2ecb68ed09525e3e2b2e3ef275f994288aeb5cb3478628587c96df273e65e5ab7de1c3b31db780aef56d224e4a231b2e236e5ffdd62b2,JF163298,Y,3/4/2022 15:15,30,NO CONTROLS,NO CONTROLS,CLEAR,DAYLIGHT,REAR END,DIVIDED - W/MEDIAN BARRIER,,STRAIGHT AND LEVEL,DRY,NO DEFECTS,ON SCENE,INJURY AND / OR TOW DUE TO CRASH,Y,,,"OVER $1,500",3/4/2022 15:21,FOLLOWING TOO CLOSELY,FOLLOWING TOO CLOSELY,1405,S,DAMEN AVE,1233,,,,,,,3,NONINCAPACITATING INJURY,2,0,0,2,0,4,0,15,6,3,41.86296983,-87.67600071,POINT (-87.676000712712 41.862969829823)
d42be2bf6cc88be3c409cc82c0b9dfc1f97b46f4311c1c18b67b3682686734be275e5a17147994c6336f3b55ef4b03cf5a5f6a5ff3d828fb9056499722e0c945,JF178645,,3/18/2022 16:05,30,NO CONTROLS,FUNCTIONING PROPERLY,RAIN,DAYLIGHT,SIDESWIPE SAME DIRECTION,NOT DIVIDED,,STRAIGHT AND LEVEL,WET,NO DEFECTS,NOT ON SCENE (DESK REPORT),NO INJURY / DRIVE AWAY,,,,"$501 - $1,500",3/18/2022 18:12,FAILING TO YIELD RIGHT-OF-WAY,NOT APPLICABLE,6247,W,IRVING PARK RD,1633,,,,,,,2,NO INDICATION OF INJURY,0,0,0,0,0,2,0,16,6,3,41.95284558,-87.78354472,POINT (-87.783544722434 41.952845581488)
b3c50fdf15a645c7fa452b59a757d5ced3f19e3371c7bf1cc13bcb48bf9edb19316d1f4b26f310531a6dc587af96dcc2e8ceca7eea9365e0507b18a44ef5c9af,JF148757,,2/18/2022 14:55,30,NO CONTROLS,NO CONTROLS,CLEAR,DAYLIGHT,PARKED MOTOR VEHICLE,PARKING LOT,,STRAIGHT AND LEVEL,DRY,NO DEFECTS,NOT ON SCENE (DESK REPORT),NO INJURY / DRIVE AWAY,,Y,Y,"$501 - $1,500",2/18/2022 16:51,UNABLE TO DETERMINE,UNABLE TO DETERMINE,1528,E,55TH ST,234,,,,,,,2,NO INDICATION OF INJURY,0,0,0,0,0,2,0,14,6,2,41.79530096,-87.58819709,POINT (-87.588197089281 41.795300959087)
ce82919a2196e4a33cf24ba263c191d573e7a5fd93e30b78d2e06f7f637f567cc939a198c0a23b055d5c750d1cc8e5ca268390fca65053604fb2f9c79c286558,JF163468,,3/4/2022 16:11,30,TRAFFIC SIGNAL,FUNCTIONING PROPERLY,CLEAR,"DARKNESS, LIGHTED ROAD",SIDESWIPE SAME DIRECTION,ONE-WAY,,STRAIGHT AND LEVEL,DRY,NO DEFECTS,NOT ON SCENE (DESK REPORT),NO INJURY / DRIVE AWAY,,,Y,"OVER $1,500",3/4/2022 18:20,NOT APPLICABLE,NOT APPLICABLE,71,E,JACKSON BLVD,113,,,,,,,2,NO INDICATION OF INJURY,0,0,0,0,0,2,0,16,6,3,41.87816035,-87.62501729,POINT (-87.625017286412 41.8781603484)
cec098b13a820a898514f00520116c0067b1f870f566c8168fdd4efeeebe85882349a2d623a5952651d9071c46054484513da0a06d4e0f992662f2ba8ce938af,JF162880,,3/4/2022 10:15,35,TRAFFIC SIGNAL,FUNCTIONING PROPERLY,CLEAR,DAYLIGHT,REAR END,DIVIDED - W/MEDIAN BARRIER,,STRAIGHT AND LEVEL,DRY,NO DEFECTS,ON SCENE,NO INJURY / DRIVE AWAY,,,,"OVER $1,500",3/4/2022 10:20,FOLLOWING TOO CLOSELY,NOT APPLICABLE,9600,S,HALSTED ST,2223,,,,,,,2,NO INDICATION OF INJURY,0,0,0,0,0,2,0,10,6,3,41.71925798,-87.64330122,POINT (-87.643301224122 41.719257980072)
d44e316af9164d40516bb20624f218a1a3241428d698188e5794750bf757bbc2c20763c2a6e2c330438490275d39b23fb5aac0438f999e699fa455b444341c3f,,,4/1/2022 21:40,30,TRAFFIC SIGNAL,FUNCTIONING PROPERLY,CLEAR,"DARKNESS, LIGHTED ROAD",TURNING,FOUR WAY,,STRAIGHT AND LEVEL,DRY,NO DEFECTS,NOT ON SCENE (DESK REPORT),NO INJURY / DRIVE AWAY,Y,,,"OVER $1,500",4/1/2022 22:00,UNABLE TO DETERMINE,UNABLE TO DETERMINE,530,N,FRANKLIN ST,1831,,,,,,,2,NO INDICATION OF INJURY,0,0,0,0,0,2,0,21,6,4,41.89160311,-87.63572431,POINT (-87.63572430583 41.891603112133)
9bc535817d03cc2b0539e1f364166fccb472f3c2b51fc8ee5293320c32cbacce24e5098707fce66a082593ce703c81c271cc0c97c68591180d1b58784a8a0265,JF155943,,2/25/2022 16:38,30,NO CONTROLS,NO CONTROLS,CLOUDY/OVERCAST,DAYLIGHT,TURNING,NOT DIVIDED,,STRAIGHT AND LEVEL,WET,NO DEFECTS,ON SCENE,INJURY AND / OR TOW DUE TO CRASH,,,Y,"OVER $1,500",2/25/2022 16:39,UNABLE TO DETERMINE,UNABLE TO DETERMINE,2533,S,WESTERN AVE,1034,,,,,,,2,NO INDICATION OF INJURY,0,0,0,0,0,3,0,16,6,2,41.84563187,-87.68531997,POINT (-87.685319970666 41.845631865466)
b463c5ee6e54f9f3bc9a0bd9262fc7de149dba5fa22c42c606bbc8db09878dd373b3f6e9b7de9f26419b793a4330c4434c5a0f79f3709ed0773b46e2a63a1f04,JF148859,,2/18/2022 10:45,30,TRAFFIC SIGNAL,FUNCTIONING PROPERLY,CLEAR,DAYLIGHT,SIDESWIPE SAME DIRECTION,NOT DIVIDED,,STRAIGHT AND LEVEL,DRY,NO DEFECTS,NOT ON SCENE (DESK REPORT),NO INJURY / DRIVE AWAY,,,,"OVER $1,500",2/18/2022 18:18,UNABLE TO DETERMINE,UNABLE TO DETERMINE,301,S,COLUMBUS DR,114,,,,,,,2,NO INDICATION OF INJURY,0,0,0,0,0,2,0,10,6,2,41.87826992,-87.62052861,POINT (-87.620528612011 41.87826991907)
d49c5a1cfc3bf394ce1c305dc1298ceb510cb359c02792332e5246f2fc4bf0eaa518fe5117ff975de5db6d0e23df523257e697ab9c640ecb351513c773fda9e7,JF186178,,3/18/2022 15:30,30,NO CONTROLS,NO CONTROLS,RAIN,DAYLIGHT,ANGLE,ALLEY,,STRAIGHT AND LEVEL,WET,NO DEFECTS,NOT ON SCENE (DESK REPORT),NO INJURY / DRIVE AWAY,,,,"OVER $1,500",3/25/2022 13:20,FAILING TO YIELD RIGHT-OF-WAY,UNABLE TO DETERMINE,5905,S,CALIFORNIA AVE,824,,,,,,,2,NO INDICATION OF INJURY,0,0,0,0,0,2,0,15,6,3,41.78620547,-87.69344227,POINT (-87.693442265385 41.786205474043)
d50e44a50836c1585fb0275ec92f44354df8b0abd9b8aea7fd91dd1b580919a2f4334ab762baff299541fc268f4edade300d9ea282907e5d343805ff6cc00197,JF178873,,3/18/2022 23:05,30,TRAFFIC SIGNAL,FUNCTIONING PROPERLY,RAIN,"DARKNESS, LIGHTED ROAD",REAR END,FOUR WAY,,STRAIGHT AND LEVEL,WET,NO DEFECTS,ON SCENE,NO INJURY / DRIVE AWAY,,,Y,"$501 - $1,500",3/18/2022 23:05,UNABLE TO DETERMINE,NOT APPLICABLE,3402,N,CICERO AVE,1634,,,,,,,2,NO INDICATION OF INJURY,0,0,0,0,0,3,0,23,6,3,41.94257857,-87.74711431,POINT (-87.747114309493 41.942578573697)
d516f725abf1b5e16c177659c028500c96f6cae5db5e15b12f89cecbd522efa64eb8f5d7d77d3e3b33d6af66c7b2871b7f6fabe0c80a6912231f54b10e53ca61,JF179255,,3/18/2022 18:00,30,NO CONTROLS,NO CONTROLS,CLEAR,DAYLIGHT,REAR END,DIVIDED - W/MEDIAN (NOT RAISED),,STRAIGHT AND LEVEL,DRY,NO DEFECTS,NOT ON SCENE (DESK REPORT),NO INJURY / DRIVE AWAY,,,,"OVER $1,500",3/19/2022 11:50,FOLLOWING TOO CLOSELY,NOT APPLICABLE,2526,W,GRAND AVE,1221,,,,,,,2,NO INDICATION OF INJURY,0,0,0,0,0,3,0,18,6,3,41.89179458,-87.68999504,POINT (-87.689995035818 41.891794581652)
e12fda394f381f2367739df7b20b63a8dde5090bc35703009acd0d5dbf6b51ee172f227eddaaf9f81d0d400efdd5a445afd4446ad053996981646fd11a9e751c,JF184748,,3/24/2022 8:42,30,NO CONTROLS,NO CONTROLS,RAIN,DAYLIGHT,TURNING,NOT DIVIDED,,STRAIGHT AND LEVEL,WET,NO DEFECTS,ON SCENE,NO INJURY / DRIVE AWAY,,,,"OVER $1,500",3/24/2022 9:02,IMPROPER LANE USAGE,NOT APPLICABLE,7300,W,TOUHY AVE,1611,,,,,,,2,NO INDICATION OF INJURY,0,0,0,0,0,3,0,8,5,3,42.01176101,-87.80916569,POINT (-87.80916569419 42.011761011208)
cf80b34054a2ca01fc2057add5f7bd9c55eb7e706b4b00d9678f91fbc5ee8f0f834668e965c9ca2c80eebffbac51761d48e57eff1113989e05f226a63ab91b2d,JF163092,,3/4/2022 13:05,15,NO CONTROLS,NO CONTROLS,CLEAR,DAYLIGHT,ANGLE,PARKING LOT,,STRAIGHT AND LEVEL,DRY,NO DEFECTS,ON SCENE,NO INJURY / DRIVE AWAY,,,,"OVER $1,500",3/4/2022 13:10,UNABLE TO DETERMINE,UNABLE TO DETERMINE,2200,S,WESTERN AVE,1034,,,,,,,2,NO INDICATION OF INJURY,0,0,0,0,0,2,0,13,6,3,41.85198384,-87.6857857,POINT (-87.685785704205 41.851983839573)
cfe93182160d2456d8ee6985cc43b239ca595752046ac3448aad7d7f8cccecfa93718a94a76359ce5e39bafbae78568ddb526a7b1d850ff1e12976eabfbf86aa,JF163546,,3/4/2022 15:36,30,UNKNOWN,UNKNOWN,UNKNOWN,UNKNOWN,SIDESWIPE SAME DIRECTION,ONE-WAY,,STRAIGHT AND LEVEL,UNKNOWN,UNKNOWN,NOT ON SCENE (DESK REPORT),INJURY AND / OR TOW DUE TO CRASH,,,,"$501 - $1,500",3/4/2022 19:30,UNABLE TO DETERMINE,NOT APPLICABLE,940,W,AGATITE AVE,1914,,,,,,,2,NO INDICATION OF INJURY,0,0,0,0,0,2,0,15,6,3,41.96280527,-87.65396721,POINT (-87.653967205825 41.962805266623)
cfee645213fdd992179aa12af444efdab64e8e4f47054be78eafcf7537efb62cf8a23d0c151a49b06b0e58f670e06af2006af3e55ba0f70ff7c4c2a6e537a1bf,JF163300,,3/4/2022 16:00,30,NO CONTROLS,NO CONTROLS,CLEAR,DAYLIGHT,TURNING,NOT DIVIDED,,STRAIGHT AND LEVEL,DRY,NO DEFECTS,NOT ON SCENE (DESK REPORT),NO INJURY / DRIVE AWAY,,,,"$501 - $1,500",3/4/2022 16:15,FAILING TO YIELD RIGHT-OF-WAY,FAILING TO YIELD RIGHT-OF-WAY,2020,W,OGDEN AVE,1225,,,,,,,2,NO INDICATION OF INJURY,0,0,0,0,0,2,0,16,6,3,41.87240435,-87.67703546,POINT (-87.677035459402 41.872404350718)
9d525f21a3fbc9b92139f382e07bbb42f22578dd1fd6706e7647e2f04f957fb63f7bc6c8a528f9ec282d61e10458db8d41cfc466720b036bc41d156ce64a295b,JF155671,,2/25/2022 12:22,30,UNKNOWN,UNKNOWN,SNOW,DAYLIGHT,PARKED MOTOR VEHICLE,NOT DIVIDED,,STRAIGHT AND LEVEL,SNOW OR SLUSH,UNKNOWN,NOT ON SCENE (DESK REPORT),NO INJURY / DRIVE AWAY,,,N,"OVER $1,500",2/25/2022 13:23,UNABLE TO DETERMINE,UNABLE TO DETERMINE,1477,W,SUMMERDALE AVE,2013,,,,,,,2,NO INDICATION OF INJURY,0,0,0,0,0,1,0,12,6,2,41.97883023,-87.66776831,POINT (-87.667768309395 41.978830233151)
d624f31a306096f1a7e5e5585285dde7ed46a17f09e7df680a63316890926f8625b9983207aba1fe9f9d1b776d7b63960f87ed08ce87a657b114d664732a230d,JF178892,Y,3/18/2022 23:53,30,NO CONTROLS,NO CONTROLS,RAIN,"DARKNESS, LIGHTED ROAD",FIXED OBJECT,NOT DIVIDED,,STRAIGHT AND LEVEL,WET,NO DEFECTS,ON SCENE,INJURY AND / OR TOW DUE TO CRASH,,,Y,"OVER $1,500",3/18/2022 23:53,UNABLE TO DETERMINE,NOT APPLICABLE,1221,S,KOSTNER AVE,1011,,,,,,,1,NO INDICATION OF INJURY,0,0,0,0,0,1,0,23,6,3,41.86537678,-87.73479817,POINT (-87.734798173277 41.865376782024)
b5bc7520a123e12ac7ea396471e7243e66cfb31ffcda45272fc82397bbb829ff089555f014857d9a7f3dd9d86c1be8df516c6548c8f95e536d23f96c3b069d8c,JF148333,,2/18/2022 9:55,0,TRAFFIC SIGNAL,FUNCTIONING PROPERLY,CLEAR,DAYLIGHT,SIDESWIPE SAME DIRECTION,T-INTERSECTION,,STRAIGHT AND LEVEL,DRY,NO DEFECTS,NOT ON SCENE (DESK REPORT),NO INJURY / DRIVE AWAY,Y,,,"OVER $1,500",2/18/2022 10:15,UNABLE TO DETERMINE,NOT APPLICABLE,3540,S,STATE ST,213,,,,,,,2,NO INDICATION OF INJURY,0,0,0,0,0,3,0,9,6,2,41.8297826,-87.62674826,POINT (-87.62674825919 41.829782597803)
d11ddb5c2c0a327f0523070186eb5558408e8eab467d43d1866803e2761d8d0f63e6a8d01b5bf54681b4cf66e8644ed39778de62afc3b6988ccc30bcbdc2982e,JF162874,,3/4/2022 10:00,30,NO CONTROLS,NO CONTROLS,CLEAR,DAYLIGHT,ANGLE,ONE-WAY,,STRAIGHT AND LEVEL,DRY,NO DEFECTS,ON SCENE,NO INJURY / DRIVE AWAY,,,,"OVER $1,500",3/4/2022 10:27,FAILING TO YIELD RIGHT-OF-WAY,NOT APPLICABLE,222,E,HURON ST,1834,,,,,,,2,NO INDICATION OF INJURY,0,0,0,0,0,2,0,10,6,3,41.89510811,-87.62180792,POINT (-87.621807922945 41.895108105791)
d17d20aabc7c95202ab953defe5be6767a37e3535f64b4a44ce7f17f87913701a97f034e419c823f34700f4760656d11000e953d323c49230386e683644872cc,JF163403,,3/4/2022 17:05,30,NO CONTROLS,NO CONTROLS,CLEAR,DAYLIGHT,REAR END,DIVIDED - W/MEDIAN (NOT RAISED),,STRAIGHT AND LEVEL,DRY,NO DEFECTS,ON SCENE,NO INJURY / DRIVE AWAY,,,Y,"$501 - $1,500",3/4/2022 17:11,FOLLOWING TOO CLOSELY,UNABLE TO DETERMINE,1434,W,LAWRENCE AVE,2033,,,,,,,2,NO INDICATION OF INJURY,0,0,0,0,0,2,0,17,6,3,41.96903895,-87.66587594,POINT (-87.665875942887 41.96903894781)
d20196270a8c8fef3c978ed02fd2488b2c4550e52e7a3539eb70e8df579e910a1589427b564df23eb4dcaa3d2d534af2950781d52187124f4e381bd90ec395f4,JF162912,,3/4/2022 9:45,5,NO CONTROLS,NO CONTROLS,CLEAR,DAYLIGHT,REAR END,OTHER,,STRAIGHT AND LEVEL,DRY,UNKNOWN,NOT ON SCENE (DESK REPORT),NO INJURY / DRIVE AWAY,,,,"$501 - $1,500",3/4/2022 11:00,UNABLE TO DETERMINE,UNABLE TO DETERMINE,1538,E,95TH ST,413,,,,,,,2,NO INDICATION OF INJURY,0,0,0,0,0,2,0,9,6,3,41.72243948,-87.58618584,POINT (-87.586185836462 41.722439475881)
d6b33163a15da40c525dc8faaf5d4d19b1dcf4147e5d20f4fbfbff090b62f1c564f9e192d0d49492a4aac68758df69975227886fa785e49c5bd9a607e3117a2e,JF177901,,3/18/2022 6:30,30,TRAFFIC SIGNAL,FUNCTIONING PROPERLY,CLEAR,DAWN,SIDESWIPE SAME DIRECTION,FOUR WAY,,STRAIGHT AND LEVEL,DRY,NO DEFECTS,NOT ON SCENE (DESK REPORT),NO INJURY / DRIVE AWAY,,,,"$501 - $1,500",3/18/2022 6:39,IMPROPER LANE USAGE,NOT APPLICABLE,37,S,MICHIGAN AVE,114,,,,,,,2,NO INDICATION OF INJURY,0,0,0,0,0,3,0,6,6,3,41.88118173,-87.62419433,POINT (-87.624194332737 41.881181734344)
b6611d7a4cb414968cff37582631cf7fce6123b94f799618c4b8a0b81fdac4baf28d9674fd34123176add94d973be77035e95d4b79c784d5b5efaa2211808bb3,JF148282,,2/18/2022 9:31,30,STOP SIGN/FLASHER,FUNCTIONING PROPERLY,CLEAR,DAYLIGHT,ANGLE,T-INTERSECTION,,STRAIGHT AND LEVEL,WET,NO DEFECTS,ON SCENE,INJURY AND / OR TOW DUE TO CRASH,Y,,,"OVER $1,500",2/18/2022 10:00,UNABLE TO DETERMINE,UNABLE TO DETERMINE,3500,E,100TH ST,432,,,,,,,2,NO INDICATION OF INJURY,0,0,0,0,0,3,0,9,6,2,41.71396947,-87.5388221,POINT (-87.53882209829 41.713969467321)
9e962f1bd1006af6572896c3a984d81197fbf99f2d5b88adcf6f58e39f61ba602db0a1de53c564caa7db70d976703756ca92ad510e924026fc46f262e50f0b7b,JF155555,,2/25/2022 11:15,40,NO CONTROLS,NO CONTROLS,SNOW,DAYLIGHT,REAR END,DIVIDED - W/MEDIAN BARRIER,,STRAIGHT ON GRADE,WET,NO DEFECTS,NOT ON SCENE (DESK REPORT),NO INJURY / DRIVE AWAY,,,,"OVER $1,500",2/25/2022 11:25,FOLLOWING TOO CLOSELY,NOT APPLICABLE,4000,N,LAKE SHORE DR SB,1915,,,,,,,2,NO INDICATION OF INJURY,0,0,0,0,0,3,0,11,6,2,41.95468924,-87.64497464,POINT (-87.644974644209 41.954689241342)
d38d762ee7ba9fe246e54f3e3a23f0787a30b1f3dbed88c1e4de6e40938e06adc2fc0de3055e722521c3ce1d7f99fc04c549b2ab1cad4d23e1229109fa511252,JF162773,,3/4/2022 6:30,30,NO CONTROLS,NO CONTROLS,CLEAR,DAYLIGHT,SIDESWIPE SAME DIRECTION,NOT DIVIDED,,STRAIGHT AND LEVEL,DRY,UNKNOWN,NOT ON SCENE (DESK REPORT),NO INJURY / DRIVE AWAY,,,Y,"OVER $1,500",3/4/2022 9:00,IMPROPER TURNING/NO SIGNAL,IMPROPER TURNING/NO SIGNAL,967,E,130TH ST,533,,,,,,,2,NO INDICATION OF INJURY,0,0,0,0,0,2,0,6,6,3,41.65920823,-87.59879615,POINT (-87.598796148341 41.659208231949)
b6e717fb8b4a0d5b47e87b72dbe31f49e0388509cac46c0ffcadfc76471a91e26cdf06aaa3d4f13dc44394b2cb2b709b2b7e08341477037d54bbc55e9bc96687,JF162871,,3/4/2022 9:30,30,TRAFFIC SIGNAL,FUNCTIONING PROPERLY,CLEAR,DAYLIGHT,TURNING,NOT DIVIDED,,STRAIGHT AND LEVEL,DRY,NO DEFECTS,,NO INJURY / DRIVE AWAY,Y,,N,"OVER $1,500",3/4/2022 10:30,IMPROPER TURNING/NO SIGNAL,NOT APPLICABLE,1800,S,MICHIGAN AVE,131,,,,,,,2,NO INDICATION OF INJURY,0,0,0,0,0,2,0,9,6,3,41.85781285,-87.62407862,POINT (-87.624078614891 41.857812845238)
b719dfab444c15115a4821ca0ed3a9e61fd465fa3c8d9e1b1aaa5628b5f345d45120c2c9f8cf25e215d26f30a93740d74a7c0c61e119fb43b3fe947da700dac2,JF148200,,2/18/2022 7:35,30,TRAFFIC SIGNAL,FUNCTIONING PROPERLY,CLEAR,DAYLIGHT,REAR END,DIVIDED - W/MEDIAN (NOT RAISED),,STRAIGHT AND LEVEL,SNOW OR SLUSH,UNKNOWN,,NO INJURY / DRIVE AWAY,,,Y,"OVER $1,500",2/18/2022 7:38,DRIVING SKILLS/KNOWLEDGE/EXPERIENCE,UNABLE TO DETERMINE,4807,W,63RD ST,813,,,,,,,2,NO INDICATION OF INJURY,0,0,0,0,0,2,0,7,6,2,41.77831495,-87.7426233,POINT (-87.742623294853 41.778314945312)
9f02814c963aed75be63b597eda01093e87f6d340b7d2b9a823c4ae7bc8800b02cf66373ce609dc7f7a313dd57caea5160a83db8898119bf86989227091d60d9,JF165879,,2/25/2022 14:00,35,NO CONTROLS,NO CONTROLS,CLEAR,DAYLIGHT,PARKED MOTOR VEHICLE,ONE-WAY,,STRAIGHT AND LEVEL,UNKNOWN,UNKNOWN,NOT ON SCENE (DESK REPORT),NO INJURY / DRIVE AWAY,,,Y,"OVER $1,500",2/25/2022 15:00,IMPROPER LANE USAGE,IMPROPER OVERTAKING/PASSING,750,N,WILLARD CT,1215,,,,,,,2,NO INDICATION OF INJURY,0,0,0,0,0,1,0,14,6,2,41.89573673,-87.65876857,POINT (-87.658768566469 41.8957367282)