CRASH_RECORD_ID,RD_NO,CRASH_DATE_EST_I,CRASH_DATE,POSTED_SPEED_LIMIT,TRAFFIC_CONTROL_DEVICE,DEVICE_CONDITION,WEATHER_CONDITION,LIGHTING_CONDITION,FIRST_CRASH_TYPE,TRAFFICWAY_TYPE,LANE_CNT,ALIGNMENT,ROADWAY_SURFACE_COND,ROAD_DEFECT,REPORT_TYPE,CRASH_TYPE,INTERSECTION_RELATED_I,NOT_RIGHT_OF_WAY_I,HIT_AND_RUN_I,DAMAGE,DATE_POLICE_NOTIFIED,PRIM_CONTRIBUTORY_CAUSE,SEC_CONTRIBUTORY_CAUSE,STREET_NO,STREET_DIRECTION,STREET_NAME,BEAT_OF_OCCURRENCE,PHOTOS_TAKEN_I,STATEMENTS_TAKEN_I,DOORING_I,WORK_ZONE_I,WORK_ZONE_TYPE,WORKERS_PRESENT_I,NUM_UNITS,MOST_SEVERE_INJURY,INJURIES_TOTAL,INJURIES_FATAL,INJURIES_INCAPACITATING,INJURIES_NON_INCAPACITATING,INJURIES_REPORTED_NOT_EVIDENT,INJURIES_NO_INDICATION,INJURIES_UNKNOWN,CRASH_HOUR,CRASH_DAY_OF_WEEK,CRASH_MONTH,LATITUDE,LONGITUDE,LOCATION
255dcca5d7f47d026a65aef4a1f676fec224368e33e52b86c1130893bf34752e56e33a6695366ebe9a1d06c157b2f0278e6f02126501bf981570b3fd0e3c8353,JC522736,,11/24/2019 12:45,30,NO CONTROLS,NO CONTROLS,CLEAR,DAYLIGHT,PEDESTRIAN,NOT DIVIDED,,STRAIGHT AND LEVEL,DRY,NO DEFECTS,,INJURY AND / OR TOW DUE TO CRASH,,,Y,"$501 - $1,500",11/24/2019 12:53,UNABLE TO DETERMINE,NOT APPLICABLE,3100,S,KEDVALE AVE,1031,,,,,,,2,INCAPACITATING INJURY,1,0,1,0,0,1,0,12,1,11,41.83674678,-87.72813894,POINT (-87.728138940775 41.836746784456)
2568c9ab25575e757bb3bb70aec2c71c7486ac35cd06d9d255fa8f46fd0fb6e716278ac8e2ef4f999e7e253a12d4cd8b948e6be950e50bd7308018212bbe0750,JD276859,,6/26/2020 10:45,30,TRAFFIC SIGNAL,FUNCTIONING PROPERLY,RAIN,DAYLIGHT,REAR END,NOT DIVIDED,,STRAIGHT AND LEVEL,WET,NO DEFECTS,,NO INJURY / DRIVE AWAY,,,Y,"OVER $1,500",6/26/2020 12:10,UNABLE TO DETERMINE,NOT APPLICABLE,6767,N,CALDWELL AVE,1621,,,,,,,2,NO INDICATION OF INJURY,0,0,0,0,0,3,0,10,6,6,42.00393534,-87.78066415,POINT (-87.780664148166 42.003935342)
2569a539ee007d674afd26937b8cbb4d42a3db916f1f5e39b8b091a55f15a7cbabbdf1aaea47a94b2075c6c391bd7c08a33a9887390e68f2afc280db9930656a,JE475384,,12/12/2021 20:43,30,NO CONTROLS,NO CONTROLS,CLEAR,"DARKNESS, LIGHTED ROAD",SIDESWIPE SAME DIRECTION,NOT DIVIDED,,STRAIGHT AND LEVEL,DRY,NO DEFECTS,,NO INJURY / DRIVE AWAY,,,Y,"$501 - $1,500",12/12/2021 21:30,IMPROPER OVERTAKING/PASSING,UNABLE TO DETERMINE,5700,S,LAKE SHORE DR,331,,,,,,,2,NO INDICATION OF INJURY,0,0,0,0,0,2,0,20,1,12,41.79142028,-87.58014777,POINT (-87.580147768689 41.791420282098)
b7671e28a59a3aa53d51ce9895e477ff9969350528cfcc77452c466c9b534755bfbdeb614cc4745b1a7269782040a397be7430fb3800815e3878b592d0e7bfb6,JF148256,,2/18/2022 8:50,40,TRAFFIC SIGNAL,FUNCTIONING PROPERLY,CLEAR,DAYLIGHT,SIDESWIPE SAME DIRECTION,DIVIDED - W/MEDIAN BARRIER,,STRAIGHT AND LEVEL,ICE,NO DEFECTS,ON SCENE,NO INJURY / DRIVE AWAY,Y,,,"OVER $1,500",2/18/2022 8:55,FAILING TO REDUCE SPEED TO AVOID CRASH,WEATHER,6345,N,MANNHEIM RD,1654,,,,,,,2,NO INDICATION OF INJURY,0,0,0,0,0,2,0,8,6,2,41.99410939,-87.88427163,POINT (-87.884271628898 41.994109385897)
d56dfe4ddde01903ab56efa82258304a08a72253fa4ddbb34c95c10c760a4f75ff0ebcf2d4c0efc69ef23eaa78fd5eed024d6423e3e50a5b2a640858c4c3adcf,JF164016,Y,3/4/2022 18:00,30,NO CONTROLS,NO CONTROLS,CLEAR,DARKNESS,PARKED MOTOR VEHICLE,NOT DIVIDED,,STRAIGHT AND LEVEL,DRY,NO DEFECTS,NOT ON SCENE (DESK REPORT),NO INJURY / DRIVE AWAY,,,Y,"OVER $1,500",3/5/2022 10:40,UNABLE TO DETERMINE,NOT APPLICABLE,4180,N,MARINE DR,1915,,,,,,,2,NO INDICATION OF INJURY,0,0,0,0,0,1,0,18,6,3,41.95792555,-87.64648324,POINT (-87.646483243065 41.957925546465)
b7975c1a2832d1dd9364114705a276e6878ee2e986a735d41d6fa20f30d626219da7bce0bb8cc0d634fc9e49ab4fcb0e946d979591e4a22d258420eeb5f038b7,JF148319,,2/18/2022 9:50,30,TRAFFIC SIGNAL,UNKNOWN,SNOW,DAYLIGHT,SIDESWIPE SAME DIRECTION,DIVIDED - W/MEDIAN BARRIER,,STRAIGHT AND LEVEL,SNOW OR SLUSH,NO DEFECTS,ON SCENE,INJURY AND / OR TOW DUE TO CRASH,,,,"OVER $1,500",2/18/2022 9:55,FAILING TO YIELD RIGHT-OF-WAY,FAILING TO YIELD RIGHT-OF-WAY,758,S,HALSTED ST,1232,N,N,,,,,2,NO INDICATION OF INJURY,0,0,0,0,0,2,0,9,6,2,41.87200402,-87.64717323,POINT (-87.647173229427 41.872004018832)
9fc1bfcf8ab1dda810bd2a7f9d617d1833fcd04608fad97a844d41cf2974c43cb4cefb0dc560f5fe80b8da0a1fddb8a17052bee3042b0d3703416ac30e8fcc3d,JF156015,,2/25/2022 18:00,35,NO CONTROLS,NO CONTROLS,CLEAR,"DARKNESS, LIGHTED ROAD",SIDESWIPE SAME DIRECTION,NOT DIVIDED,,STRAIGHT AND LEVEL,DRY,NO DEFECTS,NOT ON SCENE (DESK REPORT),NO INJURY / DRIVE AWAY,,,,"OVER $1,500",2/25/2022 18:29,DRIVING SKILLS/KNOWLEDGE/EXPERIENCE,NOT APPLICABLE,7025,S,PULASKI RD,833,,,,,,,2,NO INDICATION OF INJURY,0,0,0,0,0,2,0,18,6,2,41.76505721,-87.72227379,POINT (-87.722273793679 41.7650572103)
d9ce375f7c3f4783e3fc01404edad69f76f5f5c8b5c09eebcf46bc4c38783904f8153399f1fb97ff987f98bc952331b32e63a8689b718b4157c1f7503fe5e7ed,JF178575,,3/18/2022 17:08,30,NO CONTROLS,NO CONTROLS,RAIN,DAYLIGHT,PARKED MOTOR VEHICLE,DIVIDED - W/MEDIAN (NOT RAISED),,STRAIGHT AND LEVEL,WET,NO DEFECTS,ON SCENE,NO INJURY / DRIVE AWAY,,,Y,"OVER $1,500",3/18/2022 17:15,UNABLE TO DETERMINE,UNABLE TO DETERMINE,4400,N,MARINE DR,1914,,,,,,,4,NO INDICATION OF INJURY,0,0,0,0,0,1,0,17,6,3,41.9619278,-87.64700882,POINT (-87.647008823696 41.961927800876)
d641708f53bc4182ba74daf448136e14fce4445745f4b6ae2fd39d2f855c12501a4975e17f09e0fedd622b3ec8577cdbd8322ae65c953c2a3d626a5208a93462,JF165083,,3/4/2022 19:00,30,NO CONTROLS,NO CONTROLS,CLEAR,DAYLIGHT,PARKED MOTOR VEHICLE,ONE-WAY,,STRAIGHT AND LEVEL,DRY,NO DEFECTS,NOT ON SCENE (DESK REPORT),NO INJURY / DRIVE AWAY,,,,$500 OR LESS,3/6/2022 11:40,UNABLE TO DETERMINE,NOT APPLICABLE,2862,W,WELLINGTON AVE,1411,,,,,,,2,NO INDICATION OF INJURY,0,0,0,0,0,1,0,19,6,3,41.93584597,-87.70001314,POINT (-87.700013136822 41.935845968549)
a0892725c42db19eab8c44dc5c33a423b08d4f9f6b9f62fc268951c5deaa5d02185a8b759b6b88191ce69ac08e1a4116bf8f204edc38449ae9268a4794d4b10b,JF155690,,2/25/2022 10:30,25,NO CONTROLS,NO CONTROLS,UNKNOWN,UNKNOWN,PARKED MOTOR VEHICLE,NOT DIVIDED,,STRAIGHT AND LEVEL,UNKNOWN,UNKNOWN,NOT ON SCENE (DESK REPORT),NO INJURY / DRIVE AWAY,,,Y,"$501 - $1,500",2/25/2022 13:30,UNABLE TO DETERMINE,NOT APPLICABLE,100,W,97TH ST,511,,,,,,,2,NO INDICATION OF INJURY,0,0,0,0,0,1,0,10,6,2,41.71816273,-87.62622078,POINT (-87.626220776032 41.718162730966)
d9aae55a9550eed93ff3f02feea67220495e3f9731e76746776a2f5d2f75550d67cab2807ad24e2e50158d82cf869d402ba50a01a5fcf23bd1da63e74846bbe5,JE286659,,7/1/2021 22:10,35,TRAFFIC SIGNAL,FUNCTIONING PROPERLY,CLEAR,"DARKNESS, LIGHTED ROAD",SIDESWIPE SAME DIRECTION,T-INTERSECTION,,"CURVE, LEVEL",DRY,NO DEFECTS,,NO INJURY / DRIVE AWAY,,,,"$501 - $1,500",7/1/2021 22:20,UNABLE TO DETERMINE,UNABLE TO DETERMINE,40,N,BESSIE COLEMAN DR,1654,,,,,,,2,NO INDICATION OF INJURY,0,0,0,0,0,2,0,22,5,7,,,
e426f8220a0b074c213b62d47341e71f0365e5af3a887cf032c8de1f85982ba03a724460e151b9cf7f07e1bd6d2c1abe835890e034e72f03c2ea3e07b308c0ef,JD303082,,7/19/2020 15:15,30,NO CONTROLS,NO CONTROLS,CLEAR,DAYLIGHT,PARKED MOTOR VEHICLE,DIVIDED - W/MEDIAN (NOT RAISED),,STRAIGHT AND LEVEL,DRY,NO DEFECTS,,NO INJURY / DRIVE AWAY,,,,"OVER $1,500",7/19/2020 18:30,IMPROPER OVERTAKING/PASSING,IMPROPER OVERTAKING/PASSING,8440,S,STONY ISLAND AVE,412,,,,,,,2,NO INDICATION OF INJURY,0,0,0,0,0,1,0,15,1,7,41.74116699,-87.58589024,POINT (-87.585890236255 41.741166984976)
e487da757be51597c323d27e3c37b8a6018e1747da291135fbdd705369364b7b1190fd2d2f938ef3d1e96dcab17bd5b16624e9cf855fbeddc2781f6250cfbe1e,JE225509,,5/6/2021 18:00,30,NO CONTROLS,NO CONTROLS,UNKNOWN,UNKNOWN,SIDESWIPE SAME DIRECTION,NOT DIVIDED,,STRAIGHT AND LEVEL,UNKNOWN,UNKNOWN,,NO INJURY / DRIVE AWAY,,,Y,"$501 - $1,500",5/10/2021 11:50,UNABLE TO DETERMINE,UNABLE TO DETERMINE,3811,W,MARQUETTE RD,833,,,,,,,2,NO INDICATION OF INJURY,0,0,0,0,0,2,0,18,5,5,41.77133214,-87.71817272,POINT (-87.718172721223 41.771332134527)
e4f4b497a166fff0e70afe3e34f8b534db511fc66092f9f448f83a84ad50096c9a3f3dcdd479e792186610d31fc24fd88e3b0d7f92c0e127e541798cd693432f,JF186347,,3/24/2022 16:38,30,UNKNOWN,UNKNOWN,UNKNOWN,DAYLIGHT,REAR END,NOT DIVIDED,,STRAIGHT AND LEVEL,UNKNOWN,UNKNOWN,NOT ON SCENE (DESK REPORT),NO INJURY / DRIVE AWAY,,,,"OVER $1,500",3/25/2022 15:30,UNABLE TO DETERMINE,NOT APPLICABLE,5353,N,HARLEM AVE,1613,,,,,,,2,NO INDICATION OF INJURY,0,0,0,0,0,2,0,16,5,3,41.97862919,-87.80684493,POINT (-87.806844934235 41.978629192937)
e540c78307aeab29ba19fd3b329a7687f36b3c57a2158d2710c94de6f24751cb3d592e65b73ef6867999884468af24b2b483cbe41ec29e0f75a9113d17ec0340,JF184637,,3/24/2022 7:30,30,TRAFFIC SIGNAL,FUNCTIONING PROPERLY,CLEAR,DAYLIGHT,TURNING,OTHER,,STRAIGHT AND LEVEL,DRY,UNKNOWN,NOT ON SCENE (DESK REPORT),NO INJURY / DRIVE AWAY,,,,"$501 - $1,500",3/24/2022 8:00,UNABLE TO DETERMINE,UNABLE TO DETERMINE,10,W,GARFIELD BLVD,225,,,,,,,2,NO INDICATION OF INJURY,0,0,0,0,0,3,0,7,5,3,41.79475205,-87.62619149,POINT (-87.62619148968 41.794752052077)
a11bfa5a992e9c321ec608c94735460f0b9a8a5ec585f592d50b959120f2dd99ae24766d70477a64a5b7c9762384d8590f2b9ba3c7f3f6e669c322e26040cfc3,JF156058,,2/25/2022 1:00,30,NO CONTROLS,NO CONTROLS,UNKNOWN,UNKNOWN,FIXED OBJECT,ONE-WAY,,STRAIGHT AND LEVEL,UNKNOWN,UNKNOWN,NOT ON SCENE (DESK REPORT),NO INJURY / DRIVE AWAY,,,Y,"OVER $1,500",2/25/2022 19:00,HAD BEEN DRINKING (USE WHEN ARREST IS NOT MADE),UNABLE TO DETERMINE,3863,W,HARRISON ST,1133,,,,,,,1,NO INDICATION OF INJURY,0,0,0,0,0,1,0,1,6,2,41.87335316,-87.72288303,POINT (-87.722883024935 41.873353154988)
db74fab08bdaa18b5241418ad7ab1cc14e9d3af6d7ab22be1954fafd77bd6a8ab4900ac633a188bd4563672a38e8b492c1e29eb4e5758296a4ae5a550028ef8d,JF178489,,3/18/2022 15:00,30,NO CONTROLS,NO CONTROLS,RAIN,DAYLIGHT,SIDESWIPE SAME DIRECTION,NOT DIVIDED,,STRAIGHT AND LEVEL,WET,NO DEFECTS,NOT ON SCENE (DESK REPORT),NO INJURY / DRIVE AWAY,,,Y,"OVER $1,500",3/18/2022 16:15,UNABLE TO DETERMINE,UNABLE TO DETERMINE,2604,S,WESTERN AVE,1034,,,,,,,2,NO INDICATION OF INJURY,0,0,0,0,0,2,0,15,6,3,41.84456141,-87.68558098,POINT (-87.685580980791 41.844561413513)
a18c66b5a4948db500f7c5e2f3e06a5c8db3edfec54711f69a29c6e163b89f8d07fe6eaa64cbfbdb934a9873d02e75d557956f2ef88dc8cd92bbe887171f44fb,JF155983,,2/25/2022 16:00,30,NO CONTROLS,NO CONTROLS,CLEAR,DAYLIGHT,ANGLE,NOT DIVIDED,,STRAIGHT AND LEVEL,SNOW OR SLUSH,NO DEFECTS,NOT ON SCENE (DESK REPORT),NO INJURY / DRIVE AWAY,Y,,,"OVER $1,500",2/25/2022 17:49,UNABLE TO DETERMINE,NOT APPLICABLE,4315,S,FAIRFIELD AVE,922,,,,,,,2,NO INDICATION OF INJURY,0,0,0,0,0,3,0,16,6,2,41.8150826,-87.6930398,POINT (-87.693039802226 41.81508260258)
dbdc04427e63ceb01cb35e55fbbf2dd40ca4ecf347c629b652c45958debfae507416c3944a3be561230ee778757987e2a4762fcf8d5647cd3a0d36038bd3074c,JF178454,,3/18/2022 13:30,30,NO CONTROLS,NO CONTROLS,RAIN,DAYLIGHT,PARKED MOTOR VEHICLE,ONE-WAY,,STRAIGHT AND LEVEL,WET,NO DEFECTS,NOT ON SCENE (DESK REPORT),NO INJURY / DRIVE AWAY,,,Y,"OVER $1,500",3/18/2022 15:50,DRIVING SKILLS/KNOWLEDGE/EXPERIENCE,NOT APPLICABLE,5747,N,WINTHROP AVE,2022,,,,,,,2,NO INDICATION OF INJURY,0,0,0,0,0,1,0,13,6,3,41.9868788,-87.65796976,POINT (-87.657969757967 41.986878803736)
dbe699ac4f50d39541092027e76b8b15474083af3187b25a77dfcdf0d5cdf06658e41a226547d44d3abf7906b64ea21b983b813d2a7dde2fc63921ac0c135cfc,JF178895,,3/18/2022 23:10,15,NO CONTROLS,NO CONTROLS,RAIN,"DARKNESS, LIGHTED ROAD",FIXED OBJECT,ALLEY,,STRAIGHT AND LEVEL,WET,NO DEFECTS,ON SCENE,INJURY AND / OR TOW DUE TO CRASH,,,Y,"OVER $1,500",3/18/2022 23:12,UNDER THE INFLUENCE OF ALCOHOL/DRUGS (USE WHEN ARREST IS EFFECTED),UNDER THE INFLUENCE OF ALCOHOL/DRUGS (USE WHEN ARREST IS EFFECTED),4857,W,DEMING PL,2521,,,,,,,1,NO INDICATION OF INJURY,0,0,0,0,0,1,0,23,6,3,41.92686514,-87.74867932,POINT (-87.748679315703 41.926865141361)
a259fdc43592e5954d75266b3cdbebc733898c70d4df1ccc32d8bee8a94df6b9df08acdc882e3c61a61a6954f79e894fcc370b6b295fb89e090bb6472cc26376,JF155976,,2/25/2022 17:00,30,STOP SIGN/FLASHER,FUNCTIONING PROPERLY,CLEAR,DUSK,TURNING,DIVIDED - W/MEDIAN (NOT RAISED),,STRAIGHT AND LEVEL,UNKNOWN,UNKNOWN,NOT ON SCENE (DESK REPORT),NO INJURY / DRIVE AWAY,,,,"OVER $1,500",2/25/2022 17:30,UNABLE TO DETERMINE,UNABLE TO DETERMINE,4900,W,AUGUSTA BLVD,1531,,,,,,,2,NO INDICATION OF INJURY,0,0,0,0,0,3,0,17,6,2,41.89876409,-87.74846516,POINT (-87.748465161221 41.898764086064)
dc5e1d765663b7167e741495630188b20e817fb1c1e6808c6efb169e8797e03b79c1f3683073a743957969ed9f3b38f234324e4e8b0c160ab7462579c3faedd0,JF178418,,3/18/2022 14:51,30,NO CONTROLS,NO CONTROLS,RAIN,DAYLIGHT,PARKED MOTOR VEHICLE,NOT DIVIDED,,STRAIGHT AND LEVEL,WET,UNKNOWN,ON SCENE,NO INJURY / DRIVE AWAY,,,Y,$500 OR LESS,3/18/2022 15:04,FAILING TO REDUCE SPEED TO AVOID CRASH,NOT APPLICABLE,4959,S,ARCHER AVE,821,,,,,,,2,NO INDICATION OF INJURY,0,0,0,0,0,1,0,14,6,3,41.80304615,-87.72200673,POINT (-87.722006733579 41.803046146366)
e70c770a7f3068a0e97ad679bba7ffb85ec01d0db99507cd760f4f8612c8d0b7e8feaa53178f642b20485ee4b176d0c2ad991d8c03cbafbbd3d1dfd69ea2a547,JF184657,,3/24/2022 8:00,30,NO CONTROLS,NO CONTROLS,RAIN,DAYLIGHT,PARKED MOTOR VEHICLE,ONE-WAY,,STRAIGHT AND LEVEL,WET,UNKNOWN,ON SCENE,NO INJURY / DRIVE AWAY,,,,"$501 - $1,500",3/24/2022 8:41,UNABLE TO DETERMINE,UNABLE TO DETERMINE,6105,S,MOZART ST,823,,,,,,,2,NO INDICATION OF INJURY,0,0,0,0,0,1,0,8,5,3,41.7825404,-87.6945586,POINT (-87.69455859577 41.782540400811)
dcb519103eb49e6a3b0c9c93bbf82cac158598bae31686754d2ad913a6fe7cbf91d5ff218dc5e20a594a5957fdf4a7ab6bb58ca5ebe625aa26cd1e8caf6c00b3,JF178097,,3/18/2022 10:46,25,TRAFFIC SIGNAL,FUNCTIONING PROPERLY,CLEAR,DAYLIGHT,REAR END,NOT DIVIDED,,STRAIGHT AND LEVEL,DRY,NO DEFECTS,ON SCENE,INJURY AND / OR TOW DUE TO CRASH,,,,"$501 - $1,500",3/18/2022 10:50,FOLLOWING TOO CLOSELY,NOT APPLICABLE,7900,S,DAMEN AVE,611,,,,,,,3,NONINCAPACITATING INJURY,1,0,0,1,0,2,0,10,6,3,41.75018236,-87.67327886,POINT (-87.673278856776 41.750182355465)
db3aaee87a81cb2fdf952e859315da88863d8eacf206365e2726b0906b6ab13ac24557770753f35c22e4314282ae4698f08d8c53c219fef96d8faf6ff3f7e6dc,JF163011,,3/4/2022 10:30,30,STOP SIGN/FLASHER,FUNCTIONING PROPERLY,CLEAR,DAYLIGHT,REAR TO FRONT,NOT DIVIDED,,STRAIGHT AND LEVEL,DRY,NO DEFECTS,NOT ON SCENE (DESK REPORT),NO INJURY / DRIVE AWAY,,,,"$501 - $1,500",3/4/2022 12:00,IMPROPER BACKING,IMPROPER BACKING,10298,S,FRANCISCO AVE,2211,,,,,,,2,NO INDICATION OF INJURY,0,0,0,0,0,2,0,10,6,3,41.70633304,-87.69410453,POINT (-87.69410452786 41.706333036705)
dce7147170241b5b2cd5381f9cb4f3b95d5b758ced667455939ea300734a83ea224eae5d3df5cc5eec2718d4487675fb5ddada8f85d84bb17d31879d5fd934b9,JF178729,,3/18/2022 18:35,30,NO CONTROLS,NO CONTROLS,CLEAR,DARKNESS,SIDESWIPE SAME DIRECTION,ONE-WAY,,STRAIGHT AND LEVEL,WET,UNKNOWN,NOT ON SCENE (DESK REPORT),NO INJURY / DRIVE AWAY,,,Y,"OVER $1,500",3/18/2022 19:35,UNABLE TO DETERMINE,NOT APPLICABLE,1721,W,CONGRESS PKWY,1231,,,,,,,2,NO INDICATION OF INJURY,0,0,0,0,0,3,0,18,6,3,41.87502385,-87.67008365,POINT (-87.670083645239 41.875023845235)
e75b3f25e830e2ea199e3b2d72e63ef6076bae5673eba7ccaf65a848f7985b0315c8681c2786d590ea23c32b9d4572bbb2e003e7e758d5b59e4dedf7e527cf33,JF185194,,3/24/2022 15:32,30,STOP SIGN/FLASHER,FUNCTIONING PROPERLY,RAIN,DAYLIGHT,ANGLE,FOUR WAY,,STRAIGHT AND LEVEL,WET,NO DEFECTS,ON SCENE,INJURY AND / OR TOW DUE TO CRASH,Y,,,"OVER $1,500",3/24/2022 15:32,FAILING TO REDUCE SPEED TO AVOID CRASH,DRIVING SKILLS/KNOWLEDGE/EXPERIENCE,4300,S,GREENWOOD AVE,222,,,,,,,2,NO INDICATION OF INJURY,0,0,0,0,0,4,0,15,5,3,41.81680286,-87.59956169,POINT (-87.599561690678 41.816802857528)
dd453d95b3e572bf6b8c26018867b96d8e22662380f2a0225249aa7f7a718b1b009e85266a0bd1247b71840e7434095a5e209cd15a8275bf0818ec441cbdf4b3,JF178882,Y,3/18/2022 19:10,35,TRAFFIC SIGNAL,FUNCTIONING PROPERLY,RAIN,"DARKNESS, LIGHTED ROAD",REAR END,TRAFFIC ROUTE,,STRAIGHT AND LEVEL,WET,UNKNOWN,NOT ON SCENE (DESK REPORT),NO INJURY / DRIVE AWAY,Y,,,"OVER $1,500",3/18/2022 23:30,FOLLOWING TOO CLOSELY,FOLLOWING TOO CLOSELY,2400,N,WESTERN AVE,1431,,,,,,,2,NO INDICATION OF INJURY,0,0,0,0,0,2,0,19,6,3,41.92493594,-87.68779026,POINT (-87.687790254713 41.924935944091)
b9ab39f117dab55af5224cee02f71bc27f2498a5aaa2e3fc2ae6d509d83a7990f5d5cb4a3d5d627d00c9006ad08a2ad3c51e8310bab18ae154d9b81bd957cf69,JF148536,,2/18/2022 13:05,10,NO CONTROLS,NO CONTROLS,SNOW,DAYLIGHT,TURNING,PARKING LOT,,"CURVE, LEVEL",SNOW OR SLUSH,NO DEFECTS,ON SCENE,NO INJURY / DRIVE AWAY,,,,$500 OR LESS,2/18/2022 13:12,UNABLE TO DETERMINE,UNABLE TO DETERMINE,7621,S,VINCENNES AVE,623,,,,,,,2,NO INDICATION OF INJURY,0,0,0,0,0,2,0,13,6,2,41.75567146,-87.63239007,POINT (-87.632390068575 41.75567145638)
db8dc661f08d40b8631916c4713711ec65368913ebf6108a25417f400cf27fe8657d01bcc462e04fbf4f0ae77618c935706a7d398732253a6d4c7b5fcf31f199,JF164100,Y,3/4/2022 22:00,20,NO CONTROLS,NO CONTROLS,UNKNOWN,UNKNOWN,PARKED MOTOR VEHICLE,ONE-WAY,,STRAIGHT AND LEVEL,DRY,NO DEFECTS,NOT ON SCENE (DESK REPORT),NO INJURY / DRIVE AWAY,,,Y,"OVER $1,500",3/5/2022 11:50,UNABLE TO DETERMINE,NOT APPLICABLE,6042,W,WELLINGTON AVE,2511,,,,,,,2,NO INDICATION OF INJURY,0,0,0,0,0,1,0,22,6,3,41.93488172,-87.77783594,POINT (-87.777835937655 41.934881716877)
ddccbcae7baddaf5544e0f7fa1aa3a8e6b9a078b47ddb88d17d0c55ef8c5a854a8df60f0b9d8a2d541ce65594e4c498207cafd79a6f0f78c739dc68a228c5759,JF178745,Y,3/18/2022 15:40,30,STOP SIGN/FLASHER,UNKNOWN,UNKNOWN,UNKNOWN,ANGLE,UNKNOWN INTERSECTION TYPE,,STRAIGHT AND LEVEL,UNKNOWN,UNKNOWN,NOT ON SCENE (DESK REPORT),INJURY AND / OR TOW DUE TO CRASH,,,Y,"OVER $1,500",3/18/2022 19:56,UNABLE TO DETERMINE,UNABLE TO DETERMINE,1832,E,68TH ST,332,,,,,,,2,NO INDICATION OF INJURY,0,0,0,0,0,2,0,15,6,3,41.77169701,-87.58007155,POINT (-87.580071553436 41.771697005152)
dee5096375e5053645303d8aa4f8d6f0621159804acdf9b8cae3cfea1fabcb45997bcefd71611c6b634b917c831255b0e28307b233398055f9f33c098f0c427e,JF178818,,3/18/2022 20:55,30,TRAFFIC SIGNAL,FUNCTIONING PROPERLY,RAIN,"DARKNESS, LIGHTED ROAD",TURNING,NOT DIVIDED,,STRAIGHT AND LEVEL,WET,NO DEFECTS,NOT ON SCENE (DESK REPORT),INJURY AND / OR TOW DUE TO CRASH,,,Y,"OVER $1,500",3/18/2022 21:15,UNABLE TO DETERMINE,NOT APPLICABLE,5200,N,AUSTIN AVE,1622,,,,,,,2,NO INDICATION OF INJURY,0,0,0,0,0,2,0,20,6,3,41.97576096,-87.77832527,POINT (-87.778325268258 41.975760959522)
def7cdb78a53414b84975c6c01628043b203f32fd5cc2855962033640864d8a2081a571b400067de5b7b60a13607ba7425d0995f0dbf6971e7b59239a5d94b17,JF178802,,3/18/2022 18:00,30,NO CONTROLS,NO CONTROLS,RAIN,"DARKNESS, LIGHTED ROAD",REAR END,NOT DIVIDED,,STRAIGHT AND LEVEL,WET,NO DEFECTS,NOT ON SCENE (DESK REPORT),INJURY AND / OR TOW DUE TO CRASH,,,,"OVER $1,500",3/18/2022 21:00,UNABLE TO DETERMINE,NOT APPLICABLE,3800,W,BELMONT AVE,1732,,,,,,,2,NO INDICATION OF INJURY,0,0,0,0,0,2,0,18,6,3,41.93926428,-87.72235764,POINT (-87.722357642777 41.939264275842)
df305e6a6c1e49938e46a596feec8116ab27ceca8ec0799cb60a0a37b940a00f84517a73988049ff0b46f0fc8ab590200927dba17eee73c7e85d713ab21048bd,JF177983,,3/18/2022 8:38,10,NO CONTROLS,NO CONTROLS,CLOUDY/OVERCAST,DAYLIGHT,FIXED OBJECT,PARKING LOT,,STRAIGHT AND LEVEL,DRY,NO DEFECTS,ON SCENE,NO INJURY / DRIVE AWAY,,,,"$501 - $1,500",3/18/2022 8:40,DISREGARDING ROAD MARKINGS,NOT APPLICABLE,520,W,HARRISON ST,124,,,,,,,2,NO INDICATION OF INJURY,0,0,0,0,0,2,0,8,6,3,41.874505,-87.64046641,POINT (-87.640466414244 41.874504999844)
a4859b0489ca1726cc5ff59936e4987cc9828db1641aafc80bab6d76d6082033e14dd73d5515a73fa65403d7ab1351aeca3a09d6cab718e1afb1d65881694085,JF157734,,2/25/2022 15:30,45,NO CONTROLS,FUNCTIONING PROPERLY,CLEAR,DAYLIGHT,REAR END,DIVIDED - W/MEDIAN BARRIER,,STRAIGHT AND LEVEL,DRY,NO DEFECTS,NOT ON SCENE (DESK REPORT),NO INJURY / DRIVE AWAY,,,,"$501 - $1,500",2/27/2022 14:20,FOLLOWING TOO CLOSELY,NOT APPLICABLE,1620,N,LAKE SHORE DR NB,1814,Y,,,,,,2,NO INDICATION OF INJURY,0,0,0,0,0,2,0,15,6,2,41.9121614,-87.62624388,POINT (-87.626243876547 41.912161403205)
a49d7f749fdf30db039defc31113229ffa51c02eacedd827be3e971990b229e1a284e901b62fdc9d4d5937b407151c9bbf9497e8f1356114e3a8777943e9eec6,JF155901,,2/25/2022 15:45,30,NO CONTROLS,NO CONTROLS,SNOW,DAYLIGHT,REAR END,NOT DIVIDED,,STRAIGHT AND LEVEL,SNOW OR SLUSH,NO DEFECTS,NOT ON SCENE (DESK REPORT),NO INJURY / DRIVE AWAY,,,,$500 OR LESS,2/25/2022 16:35,UNABLE TO DETERMINE,UNABLE TO DETERMINE,2058,S,HALSTED ST,1235,,,,,,,2,NO INDICATION OF INJURY,0,0,0,0,0,4,0,15,6,2,41.85396018,-87.6466771,POINT (-87.646677095807 41.853960176783)