CRASH_RECORD_ID,RD_NO,CRASH_DATE_EST_I,CRASH_DATE,POSTED_SPEED_LIMIT,TRAFFIC_CONTROL_DEVICE,DEVICE_CONDITION,WEATHER_CONDITION,LIGHTING_CONDITION,FIRST_CRASH_TYPE,TRAFFICWAY_TYPE,LANE_CNT,ALIGNMENT,ROADWAY_SURFACE_COND,ROAD_DEFECT,REPORT_TYPE,CRASH_TYPE,INTERSECTION_RELATED_I,NOT_RIGHT_OF_WAY_I,HIT_AND_RUN_I,DAMAGE,DATE_POLICE_NOTIFIED,PRIM_CONTRIBUTORY_CAUSE,SEC_CONTRIBUTORY_CAUSE,STREET_NO,STREET_DIRECTION,STREET_NAME,BEAT_OF_OCCURRENCE,PHOTOS_TAKEN_I,STATEMENTS_TAKEN_I,DOORING_I,WORK_ZONE_I,WORK_ZONE_TYPE,WORKERS_PRESENT_I,NUM_UNITS,MOST_SEVERE_INJURY,INJURIES_TOTAL,INJURIES_FATAL,INJURIES_INCAPACITATING,INJURIES_NON_INCAPACITATING,INJURIES_REPORTED_NOT_EVIDENT,INJURIES_NO_INDICATION,INJURIES_UNKNOWN,CRASH_HOUR,CRASH_DAY_OF_WEEK,CRASH_MONTH,LATITUDE,LONGITUDE,LOCATION
a4b986d14421e49d1d9e18eb9399d82ae4ba3187955eb461ecace80afd4ac00450b77d1e33505ba86d38eda61937a641e109de5578d07fd36b887e78e5ce8205,JF155873,,2/25/2022 16:10,30,NO CONTROLS,NO CONTROLS,SNOW,DAYLIGHT,REAR END,NOT DIVIDED,,STRAIGHT AND LEVEL,SNOW OR SLUSH,NO DEFECTS,ON SCENE,NO INJURY / DRIVE AWAY,,,,"$501 - $1,500",2/25/2022 16:10,UNABLE TO DETERMINE,NOT APPLICABLE,5838,S,ASHLAND AVE,715,,,,,,,2,NO INDICATION OF INJURY,0,0,0,0,0,3,0,16,6,2,41.78735018,-87.6645599,POINT (-87.664559902773 41.787350178139)
08be30fbb1c468788f0a66577e0b302ef85c24a1a9d04acc40606715eb004b53c439692e88c23786d083824ab1a86563e802e472b1f7f6cf6fec92aedb48b518,JC452940,Y,9/29/2019 11:30,15,NO CONTROLS,NO CONTROLS,UNKNOWN,UNKNOWN,PARKED MOTOR VEHICLE,PARKING LOT,,STRAIGHT AND LEVEL,UNKNOWN,NO DEFECTS,ON SCENE,NO INJURY / DRIVE AWAY,,,Y,"OVER $1,500",9/29/2019 11:39,UNABLE TO DETERMINE,NOT APPLICABLE,614,W,OHARE ST,1654,,,,,,,2,NO INDICATION OF INJURY,0,0,0,0,0,1,0,11,1,9,,,
e8887fae85192fb60a03380238a36f77ab3ad1ab6298c3988d288f7813cfc484b80298bda1eb9e72c679d36a1cf30a313e244d619da6eb2ab1b87cbbe17bf144,JF184793,,3/24/2022 10:09,30,STOP SIGN/FLASHER,FUNCTIONING PROPERLY,FREEZING RAIN/DRIZZLE,DAYLIGHT,REAR END,NOT DIVIDED,,STRAIGHT AND LEVEL,WET,UNKNOWN,ON SCENE,NO INJURY / DRIVE AWAY,,,Y,"OVER $1,500",3/24/2022 10:11,DRIVING SKILLS/KNOWLEDGE/EXPERIENCE,NOT APPLICABLE,102,E,83RD ST,631,,,,,,,2,NO INDICATION OF INJURY,0,0,0,0,0,3,0,10,5,3,41.74381833,-87.62101661,POINT (-87.621016612152 41.74381833246)
dcc6122f25a725501609434545589a0585a9baf92423385618518e553a97d75d23d8e1a6fc3379ae50222d5d21962df08fd38974209d447e48569b6d7ed14abf,JF163365,,3/4/2022 16:40,30,NO CONTROLS,NO CONTROLS,CLEAR,DAYLIGHT,TURNING,NOT DIVIDED,,STRAIGHT AND LEVEL,DRY,NO DEFECTS,NOT ON SCENE (DESK REPORT),NO INJURY / DRIVE AWAY,,,,"OVER $1,500",3/4/2022 16:53,FAILING TO YIELD RIGHT-OF-WAY,FAILING TO YIELD RIGHT-OF-WAY,6651,S,KEDZIE AVE,831,,,,,,,2,NO INDICATION OF INJURY,0,0,0,0,0,2,0,16,6,3,41.77196268,-87.70282777,POINT (-87.702827768024 41.771962681728)
dcd895345fe93ca7f3c87192d9cf3935184bd0ee3b0eff24116d73522fa0cfdd6e1a339b9b1a9cde31902744b801993589928860c12078033d4e6f5b0d41f1db,JF163657,,3/4/2022 21:57,30,STOP SIGN/FLASHER,FUNCTIONING PROPERLY,CLEAR,"DARKNESS, LIGHTED ROAD",ANGLE,DIVIDED - W/MEDIAN (NOT RAISED),,STRAIGHT AND LEVEL,DRY,NO DEFECTS,ON SCENE,INJURY AND / OR TOW DUE TO CRASH,Y,,,"OVER $1,500",3/4/2022 22:08,DISREGARDING STOP SIGN,FAILING TO YIELD RIGHT-OF-WAY,707,N,KEDZIE AVE,1221,,,,,,,2,NO INDICATION OF INJURY,0,0,0,0,0,4,0,21,6,3,41.89398846,-87.706362,POINT (-87.706361996461 41.89398845975)
e8891fff43210b49be27227df610ae5926d938b1ecf9aad1e48b5cbe40fcc4d0fcc5d3d1b329fd88bdfe19e2ee523396d1a8d70f4ffaad2735f639bda9d5c6bd,JF184676,,3/24/2022 8:07,30,TRAFFIC SIGNAL,FUNCTIONING PROPERLY,CLEAR,DAYLIGHT,TURNING,NOT DIVIDED,,STRAIGHT AND LEVEL,DRY,NO DEFECTS,ON SCENE,NO INJURY / DRIVE AWAY,Y,,,"OVER $1,500",3/24/2022 8:15,DRIVING SKILLS/KNOWLEDGE/EXPERIENCE,DRIVING SKILLS/KNOWLEDGE/EXPERIENCE,3200,N,HALSTED ST,1924,,,,,,,2,NO INDICATION OF INJURY,0,0,0,0,0,2,0,8,5,3,41.94003278,-87.64941521,POINT (-87.649415211125 41.94003278106)
2e38aff3fbae01ba372f62694bfee487b132831eb320ea9674c261c0033b35800b4e758c7d13ed3ee54d55660a94c92d7729ab79717425506bd92dd645100a50,JD171611,,3/2/2020 16:00,30,NO CONTROLS,NO CONTROLS,CLEAR,DAYLIGHT,SIDESWIPE SAME DIRECTION,DIVIDED - W/MEDIAN (NOT RAISED),,STRAIGHT AND LEVEL,DRY,NO DEFECTS,,INJURY AND / OR TOW DUE TO CRASH,,,,"OVER $1,500",3/2/2020 16:00,FAILING TO YIELD RIGHT-OF-WAY,IMPROPER OVERTAKING/PASSING,753,E,79TH ST,624,,,,,,,3,NONINCAPACITATING INJURY,7,0,0,7,0,2,0,16,2,3,41.75117222,-87.6055255,POINT (-87.605525498036 41.751172219309)
2e4d457f1c17474fc22def50079c66ff41d68afe9d8fe1e54d327a7a42ec16d01f68dcd21becac6fa0a11e071cdd11cfb0d1608343c6f733c73ef27fdb57eaf6,JC492342,,10/30/2019 16:56,30,TRAFFIC SIGNAL,FUNCTIONING PROPERLY,RAIN,DAYLIGHT,REAR END,NOT DIVIDED,,STRAIGHT AND LEVEL,WET,NO DEFECTS,,INJURY AND / OR TOW DUE TO CRASH,Y,,N,"OVER $1,500",10/30/2019 16:56,IMPROPER OVERTAKING/PASSING,WEATHER,1801,E,103RD ST,434,,,,,,,4,INCAPACITATING INJURY,5,0,5,0,0,2,0,16,4,10,41.7077635,-87.58058284,POINT (-87.580582843382 41.707763500978)
bc46e81e5b8cf79615ceac97300753868d41fb890bc9983f424d35f0d0eeaac72a61cdb99f104b3868f0c203180df170facc956e7a404084f4ea37a481117cbd,JF148789,,2/18/2022 16:45,30,NO CONTROLS,NO CONTROLS,CLEAR,DAYLIGHT,PARKED MOTOR VEHICLE,NOT DIVIDED,,STRAIGHT AND LEVEL,DRY,NO DEFECTS,NOT ON SCENE (DESK REPORT),NO INJURY / DRIVE AWAY,,,Y,$500 OR LESS,2/18/2022 21:24,IMPROPER OVERTAKING/PASSING,UNABLE TO DETERMINE,1101,E,100TH PL,511,,,,,,,2,NO INDICATION OF INJURY,0,0,0,0,0,1,0,16,6,2,41.71155812,-87.59731321,POINT (-87.597313206393 41.711558117622)
bc9e1c9a9e09360ae109b4367bdd6777779867413abfb079776a4ff9d0d23a07a239988a70989a72f97c1cebfee74d4330a97e543cf20572dd28c344ec19b4f5,JF148365,,2/18/2022 10:30,30,NO CONTROLS,NO CONTROLS,CLEAR,DAYLIGHT,PARKED MOTOR VEHICLE,DIVIDED - W/MEDIAN (NOT RAISED),,STRAIGHT AND LEVEL,WET,NO DEFECTS,NOT ON SCENE (DESK REPORT),NO INJURY / DRIVE AWAY,,,Y,"OVER $1,500",2/18/2022 10:45,NOT APPLICABLE,NOT APPLICABLE,5743,W,63RD ST,812,,,,,,,2,NO INDICATION OF INJURY,0,0,0,0,0,1,0,10,6,2,41.7778595,-87.76591592,POINT (-87.765915917186 41.777859500916)
bca98759acb738a762637cfe581a9f0d84b6eefead5da76e47d5dd56274cf532326441d251ab785c1ff66824d1de6dd9b2c16e615a64e94a93fa0a7973437d20,JF149687,,2/18/2022 14:45,30,TRAFFIC SIGNAL,FUNCTIONING PROPERLY,CLEAR,DAYLIGHT,REAR END,DIVIDED - W/MEDIAN (NOT RAISED),,STRAIGHT AND LEVEL,UNKNOWN,UNKNOWN,NOT ON SCENE (DESK REPORT),NO INJURY / DRIVE AWAY,,,,"$501 - $1,500",2/19/2022 16:00,FOLLOWING TOO CLOSELY,FOLLOWING TOO CLOSELY,4400,W,OGDEN AVE,1013,,,,,,,2,NO INDICATION OF INJURY,0,0,0,0,0,2,0,14,6,2,41.84777752,-87.73450597,POINT (-87.734505968748 41.847777522805)
2e8bef2ccb1f4fed268bff5b1672a0e21f551613e2ad6183cdb6632f01220b1ee7b71f370d29af3671610fda56fa76076f4bfbe0dd1730742c3ccf8e0a9d0613,JD406970,,10/22/2020 3:50,30,NO CONTROLS,NO CONTROLS,RAIN,"DARKNESS, LIGHTED ROAD",SIDESWIPE SAME DIRECTION,NOT DIVIDED,,STRAIGHT AND LEVEL,WET,NO DEFECTS,,INJURY AND / OR TOW DUE TO CRASH,,,Y,"OVER $1,500",10/22/2020 3:52,IMPROPER OVERTAKING/PASSING,NOT APPLICABLE,3214,W,MARQUETTE RD,831,,,,,,,6,NO INDICATION OF INJURY,0,0,0,0,0,2,0,3,5,10,41.77177421,-87.70361533,POINT (-87.703615333086 41.771774214307)
a52ebd3520c16cce47ee7649b47df9a5633c0fc5e8fdecf8e85ff9cbd980537ace841a50b4b1204a8856dca3d41e7607580ef65c24bf407fed033756a4859537,JE334053,,8/11/2021 16:08,30,TRAFFIC SIGNAL,UNKNOWN,CLEAR,DAYLIGHT,PEDALCYCLIST,FOUR WAY,,STRAIGHT AND LEVEL,DRY,NO DEFECTS,,INJURY AND / OR TOW DUE TO CRASH,Y,,,$500 OR LESS,8/11/2021 16:11,FAILING TO YIELD RIGHT-OF-WAY,FAILING TO REDUCE SPEED TO AVOID CRASH,3100,S,DR MARTIN LUTHER KING JR DR,211,,,,,,,3,NONINCAPACITATING INJURY,2,0,0,2,0,1,0,16,4,8,41.83832694,-87.61761266,POINT (-87.617612661462 41.838326941218)
dd15904debdd16a76e7ca22ff7583d7647df412f9cb96fa70db4a9d80767c887b10735f51c3b126a8278f00b5e39642dd4bd06cfc47acac3241d0b85cde85b75,JD288236,,7/6/2020 15:00,35,TRAFFIC SIGNAL,FUNCTIONING PROPERLY,CLEAR,DAYLIGHT,ANGLE,DIVIDED - W/MEDIAN (NOT RAISED),,STRAIGHT AND LEVEL,DRY,NO DEFECTS,,INJURY AND / OR TOW DUE TO CRASH,Y,,,"OVER $1,500",7/6/2020 15:40,FAILING TO YIELD RIGHT-OF-WAY,NOT APPLICABLE,7500,S,STATE ST,623,,,,,,,2,"REPORTED, NOT EVIDENT",2,0,0,0,2,1,0,15,2,7,41.75809218,-87.62490223,POINT (-87.624902228247 41.758092176383)
df83c542c9e4ea23abc2241a5c684355a0a56b3d91045f81aa3675cd0d6d6c8e9554e4baaab492608af01b247d2c993bd1aefeaa6b2d50830700521290c00af6,JF178484,,3/18/2022 14:43,30,TRAFFIC SIGNAL,FUNCTIONING PROPERLY,RAIN,DAYLIGHT,SIDESWIPE SAME DIRECTION,NOT DIVIDED,,STRAIGHT AND LEVEL,WET,NO DEFECTS,NOT ON SCENE (DESK REPORT),NO INJURY / DRIVE AWAY,Y,,,"$501 - $1,500",3/18/2022 16:21,UNABLE TO DETERMINE,UNABLE TO DETERMINE,1200,N,HALSTED ST,1822,,,,,,,2,NO INDICATION OF INJURY,0,0,0,0,0,2,0,14,6,3,41.90369831,-87.64824535,POINT (-87.648245350626 41.90369830765)
dfb4f8725d01035df488a5513c36303137126b2cd1d535bc692ac969166207fcab2e58474b42d85d187307d8f8d2a0f5c0f186869b780bf847178ab6a62c3921,JF178727,,3/18/2022 19:00,30,STOP SIGN/FLASHER,FUNCTIONING PROPERLY,RAIN,"DARKNESS, LIGHTED ROAD",ANGLE,DIVIDED - W/MEDIAN (NOT RAISED),,STRAIGHT AND LEVEL,WET,NO DEFECTS,ON SCENE,INJURY AND / OR TOW DUE TO CRASH,Y,,,"OVER $1,500",3/18/2022 19:13,UNABLE TO DETERMINE,UNABLE TO DETERMINE,2930,W,SCHOOL ST,1733,,,,,,,2,NO INDICATION OF INJURY,0,0,0,0,0,3,0,19,6,3,41.94141204,-87.70129934,POINT (-87.701299336489 41.941412036309)
ddf64082a5b9ae8ca220e699ad44b6bf84b7ee706fb54d1128a92a5d211cc93d08a63bda0f2fb25eed2dd784881fc6c3336ac2aa503b2a520a23e6b63c994acf,JF163031,,3/4/2022 11:57,30,NO CONTROLS,NO CONTROLS,CLEAR,DAYLIGHT,TURNING,DIVIDED - W/MEDIAN (NOT RAISED),,STRAIGHT AND LEVEL,DRY,NO DEFECTS,ON SCENE,NO INJURY / DRIVE AWAY,,,,"$501 - $1,500",3/4/2022 12:13,IMPROPER TURNING/NO SIGNAL,NOT APPLICABLE,1517,W,CHICAGO AVE,1215,,,,,,,2,NO INDICATION OF INJURY,0,0,0,0,0,3,0,11,6,3,41.89598939,-87.66561734,POINT (-87.665617339393 41.895989386439)
e90c4d7364da9b4e0db341f7e119a1f78eea6aca7a704dd3f2c0ae12137cc472107f9f2a593341736dab04fff45cef11a8c0bd7c08733004dee6840a57d55085,JF184610,,3/24/2022 6:30,30,TRAFFIC SIGNAL,FUNCTIONING PROPERLY,RAIN,DAWN,TURNING,DIVIDED - W/MEDIAN (NOT RAISED),,STRAIGHT AND LEVEL,WET,NO DEFECTS,NOT ON SCENE (DESK REPORT),NO INJURY / DRIVE AWAY,,,,"$501 - $1,500",3/24/2022 7:35,FAILING TO YIELD RIGHT-OF-WAY,UNABLE TO DETERMINE,2802,N,LARAMIE AVE,2514,,,,,,,2,NO INDICATION OF INJURY,0,0,0,0,0,2,0,6,5,3,41.9315012,-87.75657106,POINT (-87.756571057235 41.931501198052)
bdbd225cbd6a6af70afa9b2a2a849fa41580d9b8fef2d6b7852e8973ed6750cd9c4b73f6760af572d4e9675d3ad97526b2efd705a94110323a97169615a88d24,JF148847,,2/18/2022 15:00,30,UNKNOWN,UNKNOWN,SNOW,DAYLIGHT,FIXED OBJECT,ONE-WAY,,STRAIGHT AND LEVEL,SNOW OR SLUSH,UNKNOWN,NOT ON SCENE (DESK REPORT),NO INJURY / DRIVE AWAY,,,,"OVER $1,500",2/18/2022 18:00,ROAD CONSTRUCTION/MAINTENANCE,NOT APPLICABLE,7200,S,RIDGELAND AVE,324,,,,,,,1,NO INDICATION OF INJURY,0,0,0,0,0,1,0,15,6,2,41.76422113,-87.58254635,POINT (-87.582546351717 41.764221134294)
de15eaafbdac1228e574e1489009d67990f30bef5dd414acca5f83f75ae7c09328d77c387727e32f6a3d41886b13cea59b768b05577c08042cebbf5707f844e8,JF163473,,3/4/2022 16:30,25,NO CONTROLS,NO CONTROLS,CLEAR,DUSK,REAR TO FRONT,OTHER,,STRAIGHT AND LEVEL,DRY,NO DEFECTS,NOT ON SCENE (DESK REPORT),NO INJURY / DRIVE AWAY,,,,"OVER $1,500",3/4/2022 18:15,IMPROPER BACKING,NOT APPLICABLE,5500,S,ASHLAND AVE,715,,,,,,,2,NO INDICATION OF INJURY,0,0,0,0,0,2,0,16,6,3,41.79359012,-87.664721,POINT (-87.664720995935 41.793590115883)
be1b5bea9404a929a0f704a25c21034e8418b99793a477d08f2ae46d9d04ca93213a4deac7916c67074721b24ebd2616bd88cca8e42ab68fbd92ae0c1f4c8ddb,JF148595,Y,2/18/2022 10:30,30,NO CONTROLS,NO CONTROLS,UNKNOWN,UNKNOWN,PARKED MOTOR VEHICLE,DIVIDED - W/MEDIAN (NOT RAISED),,STRAIGHT AND LEVEL,WET,UNKNOWN,NOT ON SCENE (DESK REPORT),NO INJURY / DRIVE AWAY,,,Y,"OVER $1,500",2/18/2022 14:20,UNABLE TO DETERMINE,UNABLE TO DETERMINE,2046,N,NARRAGANSETT AVE,2512,,,,,,,2,NO INDICATION OF INJURY,0,0,0,0,0,1,0,10,6,2,41.91784963,-87.78541397,POINT (-87.785413971515 41.91784963049)
bec939e5489fe08d8806daf8762e39279ed4925fd21b5b1fa39b3aeb97035f68f9dc07fb30570f341a47ca29dbd6883c7bbaf8f7167b7489dc2c65fa3982b3fb,JF148489,,2/18/2022 12:48,25,NO CONTROLS,NO CONTROLS,CLEAR,DAYLIGHT,REAR END,DIVIDED - W/MEDIAN BARRIER,,STRAIGHT AND LEVEL,DRY,NO DEFECTS,ON SCENE,NO INJURY / DRIVE AWAY,,,,"$501 - $1,500",2/18/2022 12:48,FOLLOWING TOO CLOSELY,FOLLOWING TOO CLOSELY,6717,S,ASHLAND AVE,725,,,,,,,2,NO INDICATION OF INJURY,0,0,0,0,0,2,0,12,6,2,41.77165152,-87.66385811,POINT (-87.663858105681 41.77165151642)
a72e8db1f57dbd10d017f07884ccbef3a171c6d0ca61e4143bbee740ed50a04a16438f42cefb3929c27f024489dea8beb50f221e495bd78857f6f3a0a754695f,JF155751,,2/25/2022 9:45,30,TRAFFIC SIGNAL,FUNCTIONING PROPERLY,CLOUDY/OVERCAST,DAYLIGHT,TURNING,NOT DIVIDED,,STRAIGHT AND LEVEL,UNKNOWN,UNKNOWN,NOT ON SCENE (DESK REPORT),NO INJURY / DRIVE AWAY,Y,,,"OVER $1,500",2/25/2022 14:30,UNABLE TO DETERMINE,UNABLE TO DETERMINE,3500,S,ASHLAND AVE,912,,,,,,,2,NO INDICATION OF INJURY,0,0,0,0,0,2,0,9,6,2,41.83040813,-87.66571276,POINT (-87.66571275812 41.830408132944)
2f88ca46d9731651f7a5cca7521dcbea650d7c0cc630d4f077c9d1a895b4f3f9accb29d5da9ed08b37edd500eb4f52ff338595d43df2b26b1033f9130e2347d7,JF135116,,2/5/2022 19:20,30,NO CONTROLS,NO CONTROLS,CLEAR,"DARKNESS, LIGHTED ROAD",SIDESWIPE SAME DIRECTION,DIVIDED - W/MEDIAN (NOT RAISED),,STRAIGHT AND LEVEL,SNOW OR SLUSH,NO DEFECTS,,NO INJURY / DRIVE AWAY,,,,"OVER $1,500",2/5/2022 21:30,FAILING TO YIELD RIGHT-OF-WAY,UNABLE TO DETERMINE,1447,E,53RD ST,234,,,,,,,2,NO INDICATION OF INJURY,0,0,0,0,0,2,0,19,7,2,41.79942351,-87.58996408,POINT (-87.589964079168 41.799423505424)
a6472eb28be37cf9523ebab8384cc0dfd30994652a39204eae67cb97318a6ca9ba396d11d314f094647825a22e6ec9e3af3378220e860536dadec60053e3c9fd,JE288025,,7/3/2021 1:35,20,NO CONTROLS,NO CONTROLS,CLEAR,"DARKNESS, LIGHTED ROAD",PARKED MOTOR VEHICLE,NOT DIVIDED,,STRAIGHT AND LEVEL,DRY,NO DEFECTS,,INJURY AND / OR TOW DUE TO CRASH,,,Y,"OVER $1,500",7/3/2021 1:45,UNABLE TO DETERMINE,NOT APPLICABLE,1540,N,CENTRAL PARK AVE,2535,,,,,,,4,NO INDICATION OF INJURY,0,0,0,0,0,1,0,1,7,7,41.90941527,-87.71692388,POINT (-87.716923876364 41.909415265619)
de70be75aea5acb2cf5de49d82c1d3ec50d6d2325b7d74f1856d77b2381999eb4bb96be3c89fb6f98335d7bf939a8c09366a8f13939783653dd6d4a755ee556f,JD355764,,9/4/2020 2:24,25,TRAFFIC SIGNAL,FUNCTIONING PROPERLY,CLEAR,DARKNESS,TURNING,NOT DIVIDED,,STRAIGHT AND LEVEL,DRY,NO DEFECTS,,INJURY AND / OR TOW DUE TO CRASH,,,,"OVER $1,500",9/4/2020 2:38,FAILING TO REDUCE SPEED TO AVOID CRASH,"OPERATING VEHICLE IN ERRATIC, RECKLESS, CARELESS, NEGLIGENT OR AGGRESSIVE MANNER",2332,E,103RD ST,431,,,,,,,2,INCAPACITATING INJURY,3,0,1,2,0,0,0,2,6,9,41.70817645,-87.5668696,POINT (-87.566869600987 41.708176446255)
a74eb5c8c168e318a3f2e11b4c71799444d3342ba71cc4d183fe0be60d4f574ea071ec6110b5feeb82371826e41ae9f6282df2a621d2537e2f6ef9893bb145f9,JF155620,,2/25/2022 12:19,30,TRAFFIC SIGNAL,FUNCTIONING PROPERLY,CLEAR,DAYLIGHT,REAR END,DIVIDED - W/MEDIAN (NOT RAISED),,STRAIGHT AND LEVEL,DRY,NO DEFECTS,ON SCENE,NO INJURY / DRIVE AWAY,,,,"OVER $1,500",2/25/2022 12:22,FOLLOWING TOO CLOSELY,NOT APPLICABLE,9105,S,ASHLAND AVE,2221,,,,,,,2,NO INDICATION OF INJURY,0,0,0,0,0,3,0,12,6,2,41.72828096,-87.66269963,POINT (-87.662699631261 41.728280955521)
e04f407350131aeca6730ce3ae0853f5efb7afdfdf6415a0373707e38a00bbc31610cbf675b2ca27556641afc623623c32da72e28b284063599d495882a20e35,JF178510,,3/18/2022 12:10,30,NO CONTROLS,NO CONTROLS,CLEAR,DAYLIGHT,SIDESWIPE SAME DIRECTION,NOT DIVIDED,,STRAIGHT AND LEVEL,WET,NO DEFECTS,NOT ON SCENE (DESK REPORT),NO INJURY / DRIVE AWAY,,,,"$501 - $1,500",3/18/2022 16:40,FAILING TO YIELD RIGHT-OF-WAY,FAILING TO YIELD RIGHT-OF-WAY,1743,W,18TH ST,1234,,,,,,,2,NO INDICATION OF INJURY,0,0,0,0,0,2,0,12,6,3,41.85762437,-87.67042287,POINT (-87.670422871526 41.857624366287)
e06720018cd78477911433c9da24d297cd9f4b3f0613aa3c95f82cde196d844a01c2bd564699c211ef772b06379ae1c96082b09d4df937fb4b299343c3bc7f2c,JF178162,,3/18/2022 11:05,30,NO CONTROLS,NO CONTROLS,CLEAR,DAYLIGHT,SIDESWIPE SAME DIRECTION,NOT DIVIDED,,STRAIGHT AND LEVEL,DRY,NO DEFECTS,ON SCENE,NO INJURY / DRIVE AWAY,,,Y,$500 OR LESS,3/18/2022 11:10,UNABLE TO DETERMINE,UNABLE TO DETERMINE,1739,W,NEWPORT AVE,1922,,,,,,,2,NO INDICATION OF INJURY,0,0,0,0,0,2,0,11,6,3,41.94408831,-87.672743,POINT (-87.672743000052 41.944088310691)
bf7a9d56fe3a07b9b4efd7f813bd7487a5ceeb716f014ca53a8f53dd41ecf3effe392175e05276ab4f2f08a2d3a49b69f7dc4fb1351dbe7565642538c44917b3,JF148594,,2/18/2022 14:10,25,STOP SIGN/FLASHER,NO CONTROLS,CLEAR,DAYLIGHT,ANGLE,NOT DIVIDED,,STRAIGHT AND LEVEL,SNOW OR SLUSH,NO DEFECTS,NOT ON SCENE (DESK REPORT),NO INJURY / DRIVE AWAY,Y,,,"$501 - $1,500",2/18/2022 14:25,UNABLE TO DETERMINE,UNABLE TO DETERMINE,6056,N,KIMBALL AVE,1711,,,,,,,2,NO INDICATION OF INJURY,0,0,0,0,0,2,0,14,6,2,41.99195272,-87.71418244,POINT (-87.714182438346 41.991952718069)
e0f44c18a2b08782cbae6493d409f89fc80cb9506ef723967a18805c71bf11233babbcc6e1ec4f95979e643440759f70c18a97cb90155414c1fa4c962c963bc0,JF178635,,3/18/2022 16:38,35,NO CONTROLS,NO CONTROLS,RAIN,DAYLIGHT,TURNING,NOT DIVIDED,,STRAIGHT AND LEVEL,WET,NO DEFECTS,ON SCENE,INJURY AND / OR TOW DUE TO CRASH,,,,"OVER $1,500",3/18/2022 17:38,IMPROPER TURNING/NO SIGNAL,"OPERATING VEHICLE IN ERRATIC, RECKLESS, CARELESS, NEGLIGENT OR AGGRESSIVE MANNER",5302,W,DIVISION ST,2532,,,,,,,2,NO INDICATION OF INJURY,0,0,0,0,0,3,0,16,6,3,41.90232925,-87.75839558,POINT (-87.758395582015 41.902329247173)
c007119f49789a39937df0a5fb8f1c88c6fcb248877ee9aea3f648652a05ef4a5ff722cd8bc6736592925f3247241684a1bdb9774d8e60e465984ed658b735f3,JF148931,,2/18/2022 16:52,30,TRAFFIC SIGNAL,FUNCTIONING PROPERLY,CLEAR,"DARKNESS, LIGHTED ROAD",REAR END,DIVIDED - W/MEDIAN (NOT RAISED),,STRAIGHT AND LEVEL,OTHER,UNKNOWN,ON SCENE,NO INJURY / DRIVE AWAY,Y,,,$500 OR LESS,2/18/2022 19:30,UNABLE TO DETERMINE,NOT APPLICABLE,7101,N,CALDWELL AVE,1621,,,,,,,2,NO INDICATION OF INJURY,0,0,0,0,0,3,0,16,6,2,42.01023138,-87.78703874,POINT (-87.787038736708 42.010231380136)
ea19095e14010da3fa6c3410408551799e93adbb10910aa3eb4617ed771afce66e6c748966447691524a8e540b3c901a059e5dff4d1f55982c225458c6589069,JF185211,,3/24/2022 14:57,30,NO CONTROLS,NO CONTROLS,CLEAR,DAYLIGHT,SIDESWIPE SAME DIRECTION,DIVIDED - W/MEDIAN (NOT RAISED),,STRAIGHT AND LEVEL,WET,UNKNOWN,NOT ON SCENE (DESK REPORT),NO INJURY / DRIVE AWAY,,,,"OVER $1,500",3/24/2022 16:10,UNABLE TO DETERMINE,UNABLE TO DETERMINE,2630,S,KEDZIE AVE,1032,,,,,,,2,NO INDICATION OF INJURY,0,0,0,0,0,4,0,14,5,3,41.84357598,-87.70516023,POINT (-87.705160226138 41.843575982562)
a915ceadbf9d5ecefa4e2a62389d8be3cf7f2f8dc8e5ca7918b0b6c3911c2851752719bfe4a317d3089027c1963a5c5aac919189877c9825f20e885b40e89e82,JF156167,,2/25/2022 20:47,20,NO CONTROLS,NO CONTROLS,CLEAR,"DARKNESS, LIGHTED ROAD",PARKED MOTOR VEHICLE,ONE-WAY,,STRAIGHT AND LEVEL,ICE,NO DEFECTS,ON SCENE,INJURY AND / OR TOW DUE TO CRASH,,,Y,"OVER $1,500",2/25/2022 21:31,FAILING TO REDUCE SPEED TO AVOID CRASH,UNABLE TO DETERMINE,6542,S,KOLIN AVE,833,,,,,,,5,NO INDICATION OF INJURY,0,0,0,0,0,2,0,20,6,2,41.77363487,-87.7313161,POINT (-87.731316098791 41.773634870994)
c05e52e57aff7970330e93243c0580734da847e28732abd624477842e2acc561065662ca3dd96e563ced1b73c5cd7f718c4559270a648d1f683e96c6ab123b29,JF148633,,2/18/2022 14:48,30,NO CONTROLS,NO CONTROLS,CLEAR,DAYLIGHT,PARKED MOTOR VEHICLE,DIVIDED - W/MEDIAN (NOT RAISED),,STRAIGHT AND LEVEL,SNOW OR SLUSH,NO DEFECTS,ON SCENE,INJURY AND / OR TOW DUE TO CRASH,,,,"OVER $1,500",2/18/2022 14:48,"OPERATING VEHICLE IN ERRATIC, RECKLESS, CARELESS, NEGLIGENT OR AGGRESSIVE MANNER",UNABLE TO DETERMINE,5026,N,LINCOLN AVE,2031,,,,,,,2,NONINCAPACITATING INJURY,2,0,0,2,0,2,0,14,6,2,41.97253857,-87.69125232,POINT (-87.691252314576 41.972538568043)