CRASH_RECORD_ID,RD_NO,CRASH_DATE_EST_I,CRASH_DATE,POSTED_SPEED_LIMIT,TRAFFIC_CONTROL_DEVICE,DEVICE_CONDITION,WEATHER_CONDITION,LIGHTING_CONDITION,FIRST_CRASH_TYPE,TRAFFICWAY_TYPE,LANE_CNT,ALIGNMENT,ROADWAY_SURFACE_COND,ROAD_DEFECT,REPORT_TYPE,CRASH_TYPE,INTERSECTION_RELATED_I,NOT_RIGHT_OF_WAY_I,HIT_AND_RUN_I,DAMAGE,DATE_POLICE_NOTIFIED,PRIM_CONTRIBUTORY_CAUSE,SEC_CONTRIBUTORY_CAUSE,STREET_NO,STREET_DIRECTION,STREET_NAME,BEAT_OF_OCCURRENCE,PHOTOS_TAKEN_I,STATEMENTS_TAKEN_I,DOORING_I,WORK_ZONE_I,WORK_ZONE_TYPE,WORKERS_PRESENT_I,NUM_UNITS,MOST_SEVERE_INJURY,INJURIES_TOTAL,INJURIES_FATAL,INJURIES_INCAPACITATING,INJURIES_NON_INCAPACITATING,INJURIES_REPORTED_NOT_EVIDENT,INJURIES_NO_INDICATION,INJURIES_UNKNOWN,CRASH_HOUR,CRASH_DAY_OF_WEEK,CRASH_MONTH,LATITUDE,LONGITUDE,LOCATION
c1662f4e5515bd84460f7b483f108a1b5e9a57582218807ca4a63e669b54547fab2c449a984fa7e4904e356265d82112e0f2bfcb6481e78981693f6886219eee,JF148258,,2/18/2022 8:25,30,NO CONTROLS,NO CONTROLS,CLEAR,DAYLIGHT,PARKED MOTOR VEHICLE,ONE-WAY,,STRAIGHT AND LEVEL,SNOW OR SLUSH,NO DEFECTS,ON SCENE,INJURY AND / OR TOW DUE TO CRASH,,,,"OVER $1,500",2/18/2022 8:30,NOT APPLICABLE,NOT APPLICABLE,1746,W,GARFIELD BLVD,932,,,,,,,4,NO INDICATION OF INJURY,0,0,0,0,0,1,0,8,6,2,41.79408602,-87.66888061,POINT (-87.668880613682 41.794086017542)
a9dcadc72ee3f8ae7a27acc7a3c4e6ee9f28bcdd29713517fc80104e4e4e8e0e89bb0d8396cb9ae11a1032c0fa97a807e98cb57f675bdfac0f15b5fc8b19f301,JF156469,,2/25/2022 19:29,30,TRAFFIC SIGNAL,UNKNOWN,CLEAR,"DARKNESS, LIGHTED ROAD",REAR END,DIVIDED - W/MEDIAN (NOT RAISED),,STRAIGHT AND LEVEL,UNKNOWN,UNKNOWN,NOT ON SCENE (DESK REPORT),NO INJURY / DRIVE AWAY,,,,"OVER $1,500",2/26/2022 8:15,FOLLOWING TOO CLOSELY,FOLLOWING TOO CLOSELY,810,E,55TH ST,233,,,,,,,3,NO INDICATION OF INJURY,0,0,0,0,0,3,0,19,6,2,41.79507572,-87.60571616,POINT (-87.605716157696 41.795075724107)
dfdfccf404d03e05fc02e0a25ec4f8a059c6bd2c7dec92f5e776398b1f89c3dd5651e766f50cd59c95b017aff3d8ba70134bc593bf38d8837a8f61c91f4da143,JF163404,,3/4/2022 17:09,20,OTHER WARNING SIGN,FUNCTIONING PROPERLY,CLEAR,DAWN,FIXED OBJECT,ONE-WAY,,STRAIGHT AND LEVEL,DRY,NO DEFECTS,ON SCENE,INJURY AND / OR TOW DUE TO CRASH,,,,"OVER $1,500",3/4/2022 17:09,UNABLE TO DETERMINE,UNABLE TO DETERMINE,655,W,57TH ST,711,,,,,,,1,"REPORTED, NOT EVIDENT",1,0,0,0,1,1,0,17,6,3,41.79060272,-87.64239822,POINT (-87.64239821689 41.79060271887)
aa1064ddbdc8cba359e7df0f654c19965879a8ef5dd987466b620fa9de681c491ccad71035082143741e0e5f0293876e1e4cbe53a18ea021cbd81099cdc973bc,JF158683,,2/25/2022 9:00,35,NO CONTROLS,NO CONTROLS,CLEAR,DAYLIGHT,REAR END,NOT DIVIDED,,STRAIGHT AND LEVEL,DRY,NO DEFECTS,NOT ON SCENE (DESK REPORT),NO INJURY / DRIVE AWAY,,,,"OVER $1,500",2/28/2022 13:30,FOLLOWING TOO CLOSELY,NOT APPLICABLE,2429,W,LAKE ST,1222,,,,,,,2,NO INDICATION OF INJURY,0,0,0,0,0,3,0,9,6,2,41.88448316,-87.6876884,POINT (-87.687688401247 41.88448316017)
31a1c88325fc9081e8b0213d2bb98dab5ac05b4bea456801e15cfc346b3899e32b29f39ddbfbaa1d5d3a0ed980f62784d005537676e37142f8bedf3bf637a48d,JE482198,,12/18/2021 22:23,30,NO CONTROLS,NO CONTROLS,CLEAR,DARKNESS,REAR END,OTHER,,STRAIGHT AND LEVEL,DRY,NO DEFECTS,,INJURY AND / OR TOW DUE TO CRASH,,,Y,"OVER $1,500",12/18/2021 22:24,FAILING TO REDUCE SPEED TO AVOID CRASH,NOT APPLICABLE,3130,S,WESTERN AVE,911,,,,,,,2,NO INDICATION OF INJURY,0,0,0,0,0,3,0,22,7,12,41.83628614,-87.68535046,POINT (-87.68535045718 41.836286137142)
a999968560b57eccbf7a3385d29bc1249246ce728488fe30997471bf2f4b8cec617373ded95a078576d198d4b6e58abd5398a208ecc0d0f2f30a1e63384a345d,JE409205,,10/14/2021 8:35,30,YIELD,FUNCTIONING PROPERLY,RAIN,DAYLIGHT,ANGLE,FOUR WAY,,STRAIGHT AND LEVEL,DRY,NO DEFECTS,,NO INJURY / DRIVE AWAY,Y,,,"OVER $1,500",10/14/2021 9:00,DISREGARDING YIELD SIGN,UNABLE TO DETERMINE,2534,E,74TH ST,334,,,,,,,2,NO INDICATION OF INJURY,0,0,0,0,0,2,0,8,5,10,41.76097986,-87.56190911,POINT (-87.56190911291 41.76097986205)
dfe288c188e32cbb14c561b1219eb83816d20e81edd591d6c6b40d1f640df1358640a4d3ce7e9aa274d8f9ff31e7df37f4d383f37bf46b16ef7307c04e7721f1,JF111972,,1/13/2022 18:50,35,TRAFFIC SIGNAL,FUNCTIONING PROPERLY,CLEAR,"DARKNESS, LIGHTED ROAD",REAR END,NOT DIVIDED,,STRAIGHT AND LEVEL,DRY,NO DEFECTS,,NO INJURY / DRIVE AWAY,,,,"$501 - $1,500",1/13/2022 19:24,FAILING TO REDUCE SPEED TO AVOID CRASH,UNABLE TO DETERMINE,1201,W,59TH ST,713,,,,,,,2,NO INDICATION OF INJURY,0,0,0,0,0,3,0,18,5,1,41.78677549,-87.65474295,POINT (-87.654742951949 41.786775488542)
e1e3b6045cc95488b3c264f495e7baf43548cd3dc5180590e41f07297d4a05721b751972da688d114932b07cb160d603f6c2b025f32339780c2cdbf6e2d247a6,JF178886,,3/18/2022 23:00,30,TRAFFIC SIGNAL,FUNCTIONING PROPERLY,RAIN,"DARKNESS, LIGHTED ROAD",SIDESWIPE SAME DIRECTION,ONE-WAY,,STRAIGHT AND LEVEL,WET,UNKNOWN,ON SCENE,INJURY AND / OR TOW DUE TO CRASH,,,,"OVER $1,500",3/18/2022 23:19,UNABLE TO DETERMINE,NOT APPLICABLE,101,N,DESPLAINES ST,121,,,,,,,3,NO INDICATION OF INJURY,0,0,0,0,0,5,0,23,6,3,41.88319578,-87.64402,POINT (-87.644019995578 41.883195775848)
e04833d71f5d0d3672aff6f59e9adbe015ff9d4c3fc2630601a027d899f950b8aeeaae429a279ee5029d79d9babb65003d8b3006d4d8b5c310502be512c4d0fd,JF163673,,3/4/2022 19:38,30,NO CONTROLS,NO CONTROLS,CLEAR,"DARKNESS, LIGHTED ROAD",PARKED MOTOR VEHICLE,ONE-WAY,,STRAIGHT AND LEVEL,DRY,NO DEFECTS,NOT ON SCENE (DESK REPORT),NO INJURY / DRIVE AWAY,,,,"OVER $1,500",3/4/2022 22:45,UNABLE TO DETERMINE,UNABLE TO DETERMINE,30,E,CHESTNUT ST,1833,,,,,,,2,NO INDICATION OF INJURY,0,0,0,0,0,2,0,19,6,3,41.8984538,-87.6269743,POINT (-87.626974304002 41.89845380149)
c2706a877b47e4ebf022fe1e52b8c3bd92cbb0bf7446d4acab2a363bcb05c49537838fdc1923e19f65e646b0d1d69583e581d90e93f5cd402879221cdcfcef39,JF150057,,2/18/2022 22:30,30,NO CONTROLS,NO CONTROLS,SLEET/HAIL,"DARKNESS, LIGHTED ROAD",FIXED OBJECT,FOUR WAY,,STRAIGHT AND LEVEL,SNOW OR SLUSH,NO DEFECTS,NOT ON SCENE (DESK REPORT),NO INJURY / DRIVE AWAY,,,,"OVER $1,500",2/18/2022 23:10,WEATHER,UNABLE TO DETERMINE,4007,N,ELSTON AVE,1723,,,,,,,1,NO INDICATION OF INJURY,0,0,0,0,0,1,0,22,6,2,41.95395871,-87.71931777,POINT (-87.719317766542 41.953958708524)
e088e9971f28a7366aaf2e4e450ad37b3ead646dee97661acfc6ad1c00f487f03a1032e5467a827e97f3e64c6663d398c8a1d6c589731ef29c3a82f4cceade28,JF163353,,3/4/2022 15:35,30,STOP SIGN/FLASHER,FUNCTIONING PROPERLY,CLEAR,DAYLIGHT,REAR END,ONE-WAY,,STRAIGHT AND LEVEL,DRY,NO DEFECTS,NOT ON SCENE (DESK REPORT),NO INJURY / DRIVE AWAY,,,,"$501 - $1,500",3/4/2022 16:40,FOLLOWING TOO CLOSELY,FOLLOWING TOO CLOSELY,2758,W,12TH PL,1023,,,,,,,2,NO INDICATION OF INJURY,0,0,0,0,0,2,0,15,6,3,41.86571152,-87.69575439,POINT (-87.695754393057 41.865711516243)
c295eacde6bc766b197e7984237daf73f6e84a8c2320f98ec68b5fe901db763bde01fa361f3cc7756a1bb360ad76c388d62b19ae73499dcc4a6e4d30fdaec288,JF148983,,2/18/2022 20:15,25,NO CONTROLS,UNKNOWN,BLOWING SNOW,"DARKNESS, LIGHTED ROAD",SIDESWIPE SAME DIRECTION,ONE-WAY,,STRAIGHT AND LEVEL,WET,UNKNOWN,ON SCENE,INJURY AND / OR TOW DUE TO CRASH,,,,"OVER $1,500",2/18/2022 20:15,UNABLE TO DETERMINE,NOT APPLICABLE,1,W,TERMINAL ST,1651,,,,,,,2,NO INDICATION OF INJURY,0,0,0,0,0,2,0,20,6,2,,,
e2c192e3d6163d4c138c7ccf9821a7125be43fd5930906a96f0b2349596a899b752b01c866089dbecddeaaa9356dd8aacc51c570699e5a635a8d32ddc47bcc18,JF178678,,3/18/2022 17:55,30,TRAFFIC SIGNAL,FUNCTIONING PROPERLY,RAIN,DAYLIGHT,REAR END,FOUR WAY,,STRAIGHT AND LEVEL,WET,NO DEFECTS,ON SCENE,NO INJURY / DRIVE AWAY,Y,,Y,"$501 - $1,500",3/18/2022 18:02,FOLLOWING TOO CLOSELY,NOT APPLICABLE,3401,W,PETERSON AVE,1711,,,,,,,2,NO INDICATION OF INJURY,0,0,0,0,0,2,0,17,6,3,41.99021233,-87.71404362,POINT (-87.714043615307 41.990212325566)
e1022f1f5f66d15998a4d2a330f143986e03a219a6a0744b9692bbef652bc0e42da4b8a26169a9ca55e42798c99564b9a68584b5f18132b787e516517060684c,JF162737,,3/4/2022 7:38,30,TRAFFIC SIGNAL,FUNCTIONING PROPERLY,CLEAR,DAYLIGHT,TURNING,FOUR WAY,,STRAIGHT AND LEVEL,DRY,NO DEFECTS,ON SCENE,INJURY AND / OR TOW DUE TO CRASH,Y,,,"OVER $1,500",3/4/2022 7:38,IMPROPER OVERTAKING/PASSING,NOT APPLICABLE,600,E,63RD ST,313,,,,,,,2,NO INDICATION OF INJURY,0,0,0,0,0,2,0,7,6,3,41.78043549,-87.61074457,POINT (-87.610744573734 41.780435492844)
c316fe1d887170b220f2a61b5b88dbc429f9613d3496b1b43e746cada3608e029319539e966829f53e5f248a6d00ab826ea14f78b676e495fd0c8e453daac6e6,JF148760,,2/18/2022 16:30,15,NO CONTROLS,NO CONTROLS,CLEAR,DAYLIGHT,REAR END,NOT DIVIDED,,STRAIGHT AND LEVEL,SNOW OR SLUSH,UNKNOWN,ON SCENE,NO INJURY / DRIVE AWAY,,,,$500 OR LESS,2/18/2022 16:31,FOLLOWING TOO CLOSELY,NOT APPLICABLE,13257,S,BRANDON AVE,433,,,,,,,2,NO INDICATION OF INJURY,0,0,0,0,0,2,0,16,6,2,41.65382527,-87.54576633,POINT (-87.545766333993 41.653825266646)
e31b37fa1021cbf449d4f2ef82bb2700e439d18b055d5c5aebd7f47be5d2d169400e241d396cb16f88265285811f47d9a889c30c3646b1f718ca72abcc55fbac,JF178529,,3/18/2022 16:08,30,NO CONTROLS,NO CONTROLS,RAIN,DAYLIGHT,TURNING,NOT DIVIDED,,STRAIGHT AND LEVEL,WET,NO DEFECTS,ON SCENE,INJURY AND / OR TOW DUE TO CRASH,,,,"OVER $1,500",3/18/2022 16:10,FAILING TO YIELD RIGHT-OF-WAY,NOT APPLICABLE,1455,N,CLARK ST,1824,,,,,,,2,NONINCAPACITATING INJURY,1,0,0,1,0,1,0,16,6,3,41.90933355,-87.63145632,POINT (-87.631456317607 41.909333554242)
c3495eda5029b10f204c64d58fdb6f8b2d432a7252211873217f8194f8ded5dfc7fcdd8ff662e60b2118451ff0f27f8211cc3b216d33d7a8de6a1de2b97efc54,JF148441,Y,2/18/2022 11:45,30,TRAFFIC SIGNAL,FUNCTIONING PROPERLY,CLEAR,DAYLIGHT,SIDESWIPE OPPOSITE DIRECTION,NOT DIVIDED,,STRAIGHT AND LEVEL,DRY,NO DEFECTS,ON SCENE,NO INJURY / DRIVE AWAY,Y,,,"OVER $1,500",2/18/2022 11:45,FAILING TO YIELD RIGHT-OF-WAY,FAILING TO REDUCE SPEED TO AVOID CRASH,1110,N,STATE ST,1824,,,,,,,2,NO INDICATION OF INJURY,0,0,0,0,0,3,0,11,6,2,41.90212753,-87.6285014,POINT (-87.628501399225 41.902127532558)
eb600d6d726947e4d8e462144e3e011308e26e51c176e8c5b5e3d42997e970bd5516cd153c1837131b04bea650ba16a968e59c9ac1409e5fbe567a12afa954d8,JF184827,,3/24/2022 9:45,30,NO CONTROLS,NO CONTROLS,CLEAR,DAYLIGHT,SIDESWIPE SAME DIRECTION,OTHER,,STRAIGHT AND LEVEL,DRY,NO DEFECTS,NOT ON SCENE (DESK REPORT),NO INJURY / DRIVE AWAY,,,,"$501 - $1,500",3/24/2022 10:40,DISTRACTION - FROM INSIDE VEHICLE,NOT APPLICABLE,108,N,DEARBORN ST,111,,,,,,,2,NO INDICATION OF INJURY,0,0,0,0,0,3,0,9,5,3,41.88342184,-87.62957351,POINT (-87.629573506122 41.883421836313)
e309aedfcf3755ecbe65da77703dfcbff79e5186db7f098ea24d7e66b0475a4320fe8960cf974c13dd44bdca67e442df73d61cd2bc96dcb3b046bf69c4f9a9ac,JE332714,,8/10/2021 12:20,20,STOP SIGN/FLASHER,FUNCTIONING PROPERLY,CLEAR,DAYLIGHT,PARKED MOTOR VEHICLE,FOUR WAY,,STRAIGHT AND LEVEL,DRY,NO DEFECTS,,INJURY AND / OR TOW DUE TO CRASH,Y,,,"$501 - $1,500",8/10/2021 13:31,UNABLE TO DETERMINE,NOT APPLICABLE,1113,W,BALMORAL AVE,2023,,,,,,,2,NO INDICATION OF INJURY,0,0,0,0,0,1,0,12,3,8,41.97988358,-87.65849581,POINT (-87.658495809808 41.979883574509)
eb1b82eb5cfa2c2307915258a67544f1f633ceebbff61159490ebef7070052172f8d00012d1e7c768149fbf5bd658716094527148dbb79ab4ff89cf38cb26bdc,JD439764,,11/23/2020 16:10,30,NO CONTROLS,NO CONTROLS,CLEAR,DAYLIGHT,TURNING,PARKING LOT,,STRAIGHT AND LEVEL,DRY,NO DEFECTS,,NO INJURY / DRIVE AWAY,,,,"$501 - $1,500",11/23/2020 16:15,FAILING TO YIELD RIGHT-OF-WAY,NOT APPLICABLE,5350,N,BROADWAY,2013,,,,,,,2,NO INDICATION OF INJURY,0,0,0,0,0,2,0,16,2,11,41.9796508,-87.66010597,POINT (-87.660105970227 41.979650803957)
abaa1aad6cae999fe0ad6c2cb7962648c114b9217f914cf1b4eef34b9fd2b20ab13b8d222bf54497c9c2da2f50f458bc0623dfc16a4596615ed2904bc0e98bda,JF155349,,2/25/2022 7:49,30,NO CONTROLS,NO CONTROLS,BLOWING SNOW,DAYLIGHT,ANGLE,NOT DIVIDED,,STRAIGHT AND LEVEL,SNOW OR SLUSH,UNKNOWN,ON SCENE,INJURY AND / OR TOW DUE TO CRASH,Y,,,"OVER $1,500",2/25/2022 7:50,FAILING TO YIELD RIGHT-OF-WAY,"VISION OBSCURED (SIGNS, TREE LIMBS, BUILDINGS, ETC.)",4730,N,AUSTIN AVE,1622,,,,,,,2,NO INDICATION OF INJURY,0,0,0,0,0,4,0,7,6,2,41.96678377,-87.77738249,POINT (-87.777382493535 41.966783774477)
e446db0b49acaff181ef13f1e8607b18df4d81a844a7fd1529ac25ee8aafc9d38c9b413139e3579a24c8f52875519494a5339b17b6c7409e9a2e725463d7a9d3,JF178284,,3/18/2022 13:20,35,TRAFFIC SIGNAL,NO CONTROLS,RAIN,DAYLIGHT,REAR END,NOT DIVIDED,,STRAIGHT AND LEVEL,WET,NO DEFECTS,NOT ON SCENE (DESK REPORT),NO INJURY / DRIVE AWAY,,,Y,"OVER $1,500",3/18/2022 13:40,IMPROPER BACKING,IMPROPER BACKING,49,E,CERMAK RD,131,,,,,,,2,NO INDICATION OF INJURY,0,0,0,0,0,2,0,13,6,3,41.85274548,-87.62510919,POINT (-87.625109193706 41.852745476004)
c411392e7d47d80b00242d5b0f87550f1fd51f3b67339d8d72d1fc60eda34a5e038fdb3180891ea72c10028a47bcd556e5d035bce83d7b843655994fc541d373,JF148186,,2/18/2022 7:41,30,NO CONTROLS,NO CONTROLS,SNOW,DAYLIGHT,SIDESWIPE SAME DIRECTION,DIVIDED - W/MEDIAN (NOT RAISED),,STRAIGHT AND LEVEL,SNOW OR SLUSH,NO DEFECTS,ON SCENE,INJURY AND / OR TOW DUE TO CRASH,N,,,"OVER $1,500",2/18/2022 7:42,IMPROPER OVERTAKING/PASSING,WEATHER,4601,S,PULASKI RD,821,,,,,,,3,NO INDICATION OF INJURY,0,0,0,0,0,3,0,7,6,2,41.80961442,-87.72350171,POINT (-87.723501708754 41.809614414683)
e271a11e4d7ef1dfd96c2329b0630c641321ba00cc2c106820f2d07d70fe9a2ef45b3be8e350dc0622411ee95bfff7176805ca294b3ce19d92c0d263e4632598,JF163348,,3/4/2022 16:25,20,NO CONTROLS,NO CONTROLS,CLEAR,DAYLIGHT,TURNING,ONE-WAY,,STRAIGHT AND LEVEL,DRY,UNKNOWN,ON SCENE,INJURY AND / OR TOW DUE TO CRASH,,,,"OVER $1,500",3/4/2022 16:27,FAILING TO YIELD RIGHT-OF-WAY,NOT APPLICABLE,5213,N,SAWYER AVE,1712,,,,,,,3,NO INDICATION OF INJURY,0,0,0,0,0,2,0,16,6,3,41.97616952,-87.70976065,POINT (-87.709760650908 41.97616951592)
e28194312368058ad49825b6987b16b7b35c51cfda97a2096b1a13a315e4d5c808c1e164a4d28d20c93438bb749a170cecf0126068083e33056ff9568cba8f8b,JF162802,,3/4/2022 7:00,30,UNKNOWN,UNKNOWN,UNKNOWN,UNKNOWN,PARKED MOTOR VEHICLE,NOT DIVIDED,,STRAIGHT AND LEVEL,UNKNOWN,UNKNOWN,NOT ON SCENE (DESK REPORT),NO INJURY / DRIVE AWAY,,,Y,"OVER $1,500",3/4/2022 9:30,UNABLE TO DETERMINE,UNABLE TO DETERMINE,455,E,134TH ST,533,,,,,,,2,NO INDICATION OF INJURY,0,0,0,0,0,1,0,7,6,3,41.65175611,-87.61036333,POINT (-87.610363330701 41.651756112388)
ad6200c86b50f16a34fd9e7dc774eee5b3602cff229dc84520e1d8f24036a2ddec644883c1b548ec700a47c3bca851cc5feecbf99556734b95eb7d0238687037,JF156820,Y,2/25/2022 23:00,20,NO CONTROLS,NO CONTROLS,CLEAR,"DARKNESS, LIGHTED ROAD",PARKED MOTOR VEHICLE,NOT DIVIDED,,STRAIGHT AND LEVEL,UNKNOWN,UNKNOWN,ON SCENE,NO INJURY / DRIVE AWAY,,,Y,"OVER $1,500",2/26/2022 14:58,NOT APPLICABLE,NOT APPLICABLE,4645,N,BEACON ST,1913,,,,,,,2,NO INDICATION OF INJURY,0,0,0,0,0,1,0,23,6,2,41.9666552,-87.66389611,POINT (-87.663896111009 41.966655196823)
e651709964385c292b8c807353dde67265e69e4b38dafd21817afb5e87482c3cb31c4cc14fe89048f78345f00398f0cbd35bef75501f9a2f8865ef1e735e12e2,JF178383,,3/18/2022 14:37,30,STOP SIGN/FLASHER,FUNCTIONING PROPERLY,RAIN,DAYLIGHT,REAR END,NOT DIVIDED,,STRAIGHT AND LEVEL,WET,UNKNOWN,ON SCENE,NO INJURY / DRIVE AWAY,,,,$500 OR LESS,3/18/2022 14:37,FOLLOWING TOO CLOSELY,FOLLOWING TOO CLOSELY,3574,N,MILWAUKEE AVE,1731,,,,,,,2,NO INDICATION OF INJURY,0,0,0,0,0,3,0,14,6,3,41.9456133,-87.73478082,POINT (-87.734780815507 41.945613294896)
ade77cc5d7912a06b01cc24823afac6fb5f5cc8444d6800f314f2a190c75196a1ce0761c050d33c7c19747d1b480c72a55685789bc2186c11a2658aba9874fe6,JF155930,,2/25/2022 7:59,30,NO CONTROLS,NO CONTROLS,SNOW,DAYLIGHT,FIXED OBJECT,OTHER,,STRAIGHT AND LEVEL,SNOW OR SLUSH,NO DEFECTS,NOT ON SCENE (DESK REPORT),NO INJURY / DRIVE AWAY,,,Y,"OVER $1,500",2/25/2022 16:50,UNABLE TO DETERMINE,NOT APPLICABLE,4968,N,MILWAUKEE AVE,1623,,,,,,,1,NO INDICATION OF INJURY,0,0,0,0,0,1,0,7,6,2,41.97114416,-87.76384792,POINT (-87.763847919973 41.971144163649)
e6b87f365207f38336b7ab2f340b93098527d11a54e1ee82e20cc08cefb47fa21835445e33da1cea8ee0b4e18393ca5f7d7bfa64874b02208d8a336d605557ae,JF178111,,3/18/2022 10:45,20,NO CONTROLS,NO CONTROLS,CLEAR,DAYLIGHT,PARKED MOTOR VEHICLE,OTHER,,STRAIGHT AND LEVEL,DRY,NO DEFECTS,NOT ON SCENE (DESK REPORT),NO INJURY / DRIVE AWAY,,,,"$501 - $1,500",3/18/2022 11:00,IMPROPER BACKING,NOT APPLICABLE,1356,S,MUSEUM CAMPUS DR,132,,,,,,,2,NO INDICATION OF INJURY,0,0,0,0,0,1,0,10,6,3,41.86343354,-87.61483526,POINT (-87.614835263093 41.86343353645)
e6549e93ee3e9d5ae3fcabd9cf07c36a0c8a2d52af2a64352328980ed9fdd29d11a220eeee53222b25544c7395589cde5584fdaaf16e8933f3a8b42ac5cedce2,JC392490,,8/13/2019 18:07,30,NO CONTROLS,NO CONTROLS,CLEAR,DAYLIGHT,PARKED MOTOR VEHICLE,ONE-WAY,,STRAIGHT AND LEVEL,DRY,NO DEFECTS,,NO INJURY / DRIVE AWAY,,,Y,"OVER $1,500",8/14/2019 17:25,IMPROPER BACKING,UNABLE TO DETERMINE,4825,N,ALBANY AVE,1713,,,,,,,2,NO INDICATION OF INJURY,0,0,0,0,0,1,0,18,3,8,41.96922194,-87.70590712,POINT (-87.705907123998 41.96922194235)
ed47dc2ed945dddcad60e17d33ec523c81efba99862edfbd11ccc03bfbc2deeb8478a7b1d57f82d997bfaedd7a613bf724c684aec2d682680e71a143a0fedbcb,JE352469,,8/27/2021 22:03,30,NO CONTROLS,NO CONTROLS,CLEAR,"DARKNESS, LIGHTED ROAD",SIDESWIPE SAME DIRECTION,ONE-WAY,,STRAIGHT AND LEVEL,DRY,NO DEFECTS,,NO INJURY / DRIVE AWAY,Y,,,"OVER $1,500",8/27/2021 22:10,UNABLE TO DETERMINE,NOT APPLICABLE,3700,S,WENTWORTH AVE,915,,,,,,,2,NO INDICATION OF INJURY,0,0,0,0,0,4,0,22,6,8,41.82720231,-87.63156539,POINT (-87.631565394199 41.827202311791)
ed7abb97c2e4ca4c6dd80f64543e5ba54465d20970cccd0bc06ddc4ea5016b85ec044314ee82212295ec2977fa7a5f2d597e23e143012410c69e5dca85bd69c7,JE382324,,9/21/2021 13:00,15,NO CONTROLS,NO CONTROLS,CLEAR,DAYLIGHT,PARKED MOTOR VEHICLE,PARKING LOT,,STRAIGHT AND LEVEL,DRY,NO DEFECTS,,NO INJURY / DRIVE AWAY,,Y,Y,"OVER $1,500",9/21/2021 16:50,DRIVING SKILLS/KNOWLEDGE/EXPERIENCE,NOT APPLICABLE,7963,S,WABASH AVE,623,,,,,,,2,NO INDICATION OF INJURY,0,0,0,0,0,1,0,13,3,9,41.74924561,-87.62280547,POINT (-87.622805472592 41.749245610194)
ed87e25f347ff29383a21f22717f3dbffeb0b6c37ffdd9030ccd61553000185ba0ba6c40aa476ac5014cbba26f8928d855e8eed36f7f1d10868c5fc80fcdbed3,JF184940,,3/24/2022 12:09,30,NO CONTROLS,NO CONTROLS,CLEAR,DAYLIGHT,PARKED MOTOR VEHICLE,NOT DIVIDED,,STRAIGHT AND LEVEL,UNKNOWN,NO DEFECTS,NOT ON SCENE (DESK REPORT),INJURY AND / OR TOW DUE TO CRASH,,,,"OVER $1,500",3/24/2022 12:35,NOT APPLICABLE,NOT APPLICABLE,7441,S,EGGLESTON AVE,732,,,,,,,2,"REPORTED, NOT EVIDENT",1,0,0,0,1,3,0,12,5,3,41.75865982,-87.63556946,POINT (-87.635569455401 41.758659815155)
ae5c585c622a345cde044237f623fc17f6e6c9af92d3f59fe64a117b6ee554d53d3bcfd4194ea0b536de138b466a8fcae2d36c1f7e925ffae3cdcea5b942441f,JF155430,,2/25/2022 8:00,30,NO CONTROLS,NO CONTROLS,CLEAR,DAYLIGHT,TURNING,NOT DIVIDED,,STRAIGHT AND LEVEL,DRY,NO DEFECTS,NOT ON SCENE (DESK REPORT),NO INJURY / DRIVE AWAY,,,,"OVER $1,500",2/25/2022 9:40,FAILING TO YIELD RIGHT-OF-WAY,NOT APPLICABLE,3406,W,CORTLAND ST,1422,,,,,,,2,NO INDICATION OF INJURY,0,0,0,0,0,2,0,8,6,2,41.91563113,-87.71218656,POINT (-87.71218656265 41.91563113191)
e5203c33223c7ebce796752f5193591c70156f460297a18b1493c8091ef1bc3088f3804861cccc39146ec11daa9914fecd8c90b930fa43f9f6152bf5b4b0b65e,JF170160,,3/4/2022 8:00,30,TRAFFIC SIGNAL,FUNCTIONING PROPERLY,CLEAR,DAYLIGHT,TURNING,NOT DIVIDED,,STRAIGHT AND LEVEL,DRY,NO DEFECTS,NOT ON SCENE (DESK REPORT),NO INJURY / DRIVE AWAY,Y,,,"OVER $1,500",3/11/2022 9:30,FAILING TO YIELD RIGHT-OF-WAY,DISREGARDING ROAD MARKINGS,4526,W,NORTH AVE,2533,,,,,,,2,NO INDICATION OF INJURY,0,0,0,0,0,2,0,8,6,3,41.90981565,-87.73970549,POINT (-87.7397054944 41.909815646644)
ae73c1f7c1ce11a38a6ed855a689ef80f91c515aca64b1ef4d94130b867e7abbebc25c39f79cf5defe99623e89233bbfdc4b49b7df4f1aeaf94c634194e1fccd,JF156335,,2/25/2022 2:00,30,TRAFFIC SIGNAL,FUNCTIONING PROPERLY,CLEAR,"DARKNESS, LIGHTED ROAD",ANGLE,NOT DIVIDED,,STRAIGHT AND LEVEL,WET,NO DEFECTS,ON SCENE,INJURY AND / OR TOW DUE TO CRASH,Y,,,"OVER $1,500",2/26/2022 2:06,DISREGARDING TRAFFIC SIGNALS,NOT APPLICABLE,1200,S,RUBLE ST,1232,,,,,,,2,NO INDICATION OF INJURY,0,0,0,0,0,5,0,2,6,2,41.86713421,-87.64423752,POINT (-87.644237519792 41.867134208293)