CRASH_RECORD_ID,RD_NO,CRASH_DATE_EST_I,CRASH_DATE,POSTED_SPEED_LIMIT,TRAFFIC_CONTROL_DEVICE,DEVICE_CONDITION,WEATHER_CONDITION,LIGHTING_CONDITION,FIRST_CRASH_TYPE,TRAFFICWAY_TYPE,LANE_CNT,ALIGNMENT,ROADWAY_SURFACE_COND,ROAD_DEFECT,REPORT_TYPE,CRASH_TYPE,INTERSECTION_RELATED_I,NOT_RIGHT_OF_WAY_I,HIT_AND_RUN_I,DAMAGE,DATE_POLICE_NOTIFIED,PRIM_CONTRIBUTORY_CAUSE,SEC_CONTRIBUTORY_CAUSE,STREET_NO,STREET_DIRECTION,STREET_NAME,BEAT_OF_OCCURRENCE,PHOTOS_TAKEN_I,STATEMENTS_TAKEN_I,DOORING_I,WORK_ZONE_I,WORK_ZONE_TYPE,WORKERS_PRESENT_I,NUM_UNITS,MOST_SEVERE_INJURY,INJURIES_TOTAL,INJURIES_FATAL,INJURIES_INCAPACITATING,INJURIES_NON_INCAPACITATING,INJURIES_REPORTED_NOT_EVIDENT,INJURIES_NO_INDICATION,INJURIES_UNKNOWN,CRASH_HOUR,CRASH_DAY_OF_WEEK,CRASH_MONTH,LATITUDE,LONGITUDE,LOCATION
aeb0328ab64de7c1d1e95aeac2bab4821357989ad6c1c4407e894351e0ea40f1e395b4b04b558838519aa32eeb15cd3337b2f168c36c58ffdef4e6c2134c3a18,JF156032,,2/25/2022 18:31,30,NO CONTROLS,NO CONTROLS,SNOW,"DARKNESS, LIGHTED ROAD",SIDESWIPE SAME DIRECTION,ONE-WAY,,STRAIGHT AND LEVEL,WET,NO DEFECTS,ON SCENE,NO INJURY / DRIVE AWAY,,,,$500 OR LESS,2/25/2022 18:55,FAILING TO YIELD RIGHT-OF-WAY,NOT APPLICABLE,5438,S,WELLS ST,935,,,,,,,2,NO INDICATION OF INJURY,0,0,0,0,0,2,0,18,6,2,41.79517811,-87.63196738,POINT (-87.631967383756 41.795178105259)
e7d27677b3f3611a78f3cf0d4aa6a04b4be4707613588ece2e21230844d98e6e3cdd4cf52362a55bfc46134fedc2acb46cf7b1c27a1b4e927fa50a60908f72bd,JF178064,,3/18/2022 10:10,15,NO CONTROLS,NO CONTROLS,CLEAR,DAYLIGHT,REAR TO FRONT,PARKING LOT,,STRAIGHT AND LEVEL,DRY,NO DEFECTS,NOT ON SCENE (DESK REPORT),NO INJURY / DRIVE AWAY,,Y,,"$501 - $1,500",3/18/2022 10:25,IMPROPER BACKING,UNABLE TO DETERMINE,6155,N,WESTERN AVE,2413,,,,,,,2,NO INDICATION OF INJURY,0,0,0,0,0,2,0,10,6,3,41.99389168,-87.68961039,POINT (-87.689610391926 41.993891676212)
e59ed4a31d85706deb4727a740fd2229dc6463f6d9b4364292a99b27287070b5ad481f38e128e65ed0769ea6c4cc44edbec31775120aa81aa604d0bf7fd575a1,JF163248,,3/4/2022 14:45,30,STOP SIGN/FLASHER,FUNCTIONING PROPERLY,CLEAR,DAYLIGHT,TURNING,NOT DIVIDED,,STRAIGHT AND LEVEL,DRY,NO DEFECTS,,INJURY AND / OR TOW DUE TO CRASH,,,,"$501 - $1,500",3/4/2022 15:48,FAILING TO YIELD RIGHT-OF-WAY,FAILING TO REDUCE SPEED TO AVOID CRASH,1600,N,RUTHERFORD AVE,2513,,,,,,,2,NO INDICATION OF INJURY,0,0,0,0,0,2,0,14,6,3,41.90913088,-87.79371531,POINT (-87.793715310758 41.909130881289)
e7eb74f83a5dd71c61c307d92b668c6ba2df91b8b5bed463ad170cae561af351a52e5eb76a1178292832d2f25e06c18ab366bee022b1f436fdad190cb3551bf4,JF178436,,3/18/2022 15:30,30,NO CONTROLS,NO CONTROLS,RAIN,DUSK,PEDESTRIAN,NOT DIVIDED,,STRAIGHT AND LEVEL,WET,NO DEFECTS,NOT ON SCENE (DESK REPORT),NO INJURY / DRIVE AWAY,Y,,,"OVER $1,500",3/18/2022 15:30,UNABLE TO DETERMINE,NOT APPLICABLE,1900,W,63RD ST,714,,,,,,,2,NO INDICATION OF INJURY,0,0,0,0,0,2,0,15,6,3,41.77945939,-87.67155723,POINT (-87.671557226939 41.779459389224)
af37b48b9f0196d2365c501c0e854e1a07996ab826cd660f010d442ddc4d67c5486f1eb9aee83ac2093ec0108aa28dc6c41442caff2b998bc92c982d44f0723d,JF155995,,2/25/2022 15:05,30,TRAFFIC SIGNAL,UNKNOWN,SNOW,DAYLIGHT,REAR TO FRONT,ONE-WAY,,STRAIGHT AND LEVEL,SNOW OR SLUSH,UNKNOWN,NOT ON SCENE (DESK REPORT),NO INJURY / DRIVE AWAY,,,Y,$500 OR LESS,2/25/2022 17:45,IMPROPER BACKING,NOT APPLICABLE,7500,S,ST LAWRENCE AVE,624,,,,,,,2,NO INDICATION OF INJURY,0,0,0,0,0,2,0,15,6,2,41.75839281,-87.61040025,POINT (-87.610400252018 41.758392809135)
af88db7e875c8191f4bc93874b74d216f903cfeb6a12e9fc1e57dc2bb654497be9c10b2b4fbd3b89a9ba187f16ecb17c7250ceaf270298da61ebd4dd175ec98d,JF155423,,2/25/2022 8:30,30,NO CONTROLS,NO CONTROLS,CLEAR,DAYLIGHT,OTHER OBJECT,DIVIDED - W/MEDIAN BARRIER,,STRAIGHT AND LEVEL,SNOW OR SLUSH,NO DEFECTS,NOT ON SCENE (DESK REPORT),NO INJURY / DRIVE AWAY,,,,"OVER $1,500",2/25/2022 9:20,NOT APPLICABLE,UNABLE TO DETERMINE,3651,N,CUMBERLAND AVE,1631,,,,,,,1,NO INDICATION OF INJURY,0,0,0,0,0,1,0,8,6,2,41.94626477,-87.83633928,POINT (-87.836339275919 41.946264773507)
b009b8b266a60770e55324fa38035fa6110effcdd7d22de25188574415a06c79d8e66bc1f3d8416ee949d5b946941aa2b4a3ffe69c8ad8a1e3b1e0c1ef349bb0,JF155365,,2/25/2022 8:20,30,STOP SIGN/FLASHER,FUNCTIONING PROPERLY,SNOW,DAYLIGHT,REAR END,ONE-WAY,,STRAIGHT AND LEVEL,ICE,OTHER,ON SCENE,NO INJURY / DRIVE AWAY,,,,"$501 - $1,500",2/25/2022 8:25,WEATHER,FOLLOWING TOO CLOSELY,7100,N,BELL AVE,2411,,,,,,,2,NO INDICATION OF INJURY,0,0,0,0,0,2,0,8,6,2,42.01116358,-87.68620739,POINT (-87.686207385341 42.011163579955)
e6666aed736d1dc82cda67c440f47c5fb2516deb1a6bdc0d05a34f35757ef63f6325e64661469d40a8e074b2b77ba870d0a2f6b8dd29b0f8ddc836c19311667c,JF163171,,3/4/2022 14:00,30,NO CONTROLS,NO CONTROLS,CLEAR,DAYLIGHT,REAR END,NOT DIVIDED,,STRAIGHT AND LEVEL,DRY,NO DEFECTS,NOT ON SCENE (DESK REPORT),NO INJURY / DRIVE AWAY,,,,"OVER $1,500",3/4/2022 14:45,FOLLOWING TOO CLOSELY,IMPROPER OVERTAKING/PASSING,1140,N,WESTERN AVE,1212,,,,,,,2,NO INDICATION OF INJURY,0,0,0,0,0,2,0,14,6,3,41.90241025,-87.68715822,POINT (-87.687158221859 41.902410247949)
e6a3086125949f70763463379a5f26ef182dd4a03005ec7df8785147dd35b799a8da1afa12ba2d54eca8f8787d7e97594129f2f516dd072f2d3c3f9f9e8d083e,JF163742,,3/4/2022 23:39,40,NO CONTROLS,NO CONTROLS,CLEAR,"DARKNESS, LIGHTED ROAD",FIXED OBJECT,NOT DIVIDED,,STRAIGHT AND LEVEL,DRY,NO DEFECTS,ON SCENE,INJURY AND / OR TOW DUE TO CRASH,,Y,,"$501 - $1,500",3/4/2022 23:40,NOT APPLICABLE,NOT APPLICABLE,7715,S,SOUTH SHORE DR,421,Y,,,,,,1,NO INDICATION OF INJURY,0,0,0,0,0,1,0,23,6,3,41.75675474,-87.55298474,POINT (-87.552984738793 41.756754737047)
e8c9e3e1f53dae9a7e597d29d033c6bec72cdeb4f031293a132675944ab5261d06fd7a232756f66bac94ff48367a619f0403c9d65127dd057f5d6ff39f78416b,JF178897,,3/18/2022 23:51,30,NO CONTROLS,NO CONTROLS,CLEAR,"DARKNESS, LIGHTED ROAD",PARKED MOTOR VEHICLE,NOT DIVIDED,,STRAIGHT AND LEVEL,WET,NO DEFECTS,ON SCENE,INJURY AND / OR TOW DUE TO CRASH,,,Y,"OVER $1,500",3/18/2022 23:58,FAILING TO REDUCE SPEED TO AVOID CRASH,NOT APPLICABLE,5802,S,PAYNE DR,233,,,,,,,2,NO INDICATION OF INJURY,0,0,0,0,0,1,0,23,6,3,41.78938872,-87.60785432,POINT (-87.607854316697 41.789388716702)
e909ac08a171fdd5153bedea4dd3c7f7680939824fda29f678d7636a892e882b85b4bf08e02677a4a8fc4e5b6a5da0bb6000c00b1e808dede2b8c7e5b26b206a,JF178202,,3/18/2022 10:50,30,TRAFFIC SIGNAL,FUNCTIONING PROPERLY,CLEAR,DAYLIGHT,SIDESWIPE SAME DIRECTION,NOT DIVIDED,,STRAIGHT AND LEVEL,DRY,NO DEFECTS,NOT ON SCENE (DESK REPORT),NO INJURY / DRIVE AWAY,,,,"OVER $1,500",3/18/2022 12:15,UNABLE TO DETERMINE,UNABLE TO DETERMINE,3200,N,CUMBERLAND AVE,1631,,,,,,,2,NO INDICATION OF INJURY,0,0,0,0,0,2,0,10,6,3,41.93763891,-87.83620975,POINT (-87.836209749528 41.937638905337)
c7c64d325830fd0d7cd7fa63e0bbbf199cf1cafde99b2385185cf9998061cfb128f81e482b40d4011e4090337ae219d63ca4345ad3321a706531bb5f1af637c5,JF148098,,2/18/2022 2:15,30,NO CONTROLS,NO CONTROLS,CLEAR,"DARKNESS, LIGHTED ROAD",PARKED MOTOR VEHICLE,DIVIDED - W/MEDIAN (NOT RAISED),,STRAIGHT AND LEVEL,SNOW OR SLUSH,NO DEFECTS,ON SCENE,INJURY AND / OR TOW DUE TO CRASH,,,,"OVER $1,500",2/18/2022 2:17,UNABLE TO DETERMINE,NOT APPLICABLE,4101,N,KEDZIE AVE,1724,,,,,,,3,NO INDICATION OF INJURY,0,0,0,0,0,2,0,2,6,2,41.95578585,-87.70792271,POINT (-87.707922710588 41.955785846603)
c81b2f5d8c10baba72ca8c3d2bc149662f14159598359f5678e722c3308bbab2ac0829bc2f7d70951428f7c90e1da00a8150291da51273df00d7c139fdecbb3f,JF148586,,2/18/2022 13:37,30,NO CONTROLS,NO CONTROLS,CLEAR,DAYLIGHT,SIDESWIPE SAME DIRECTION,NOT DIVIDED,,STRAIGHT AND LEVEL,SNOW OR SLUSH,NO DEFECTS,ON SCENE,NO INJURY / DRIVE AWAY,,,Y,$500 OR LESS,2/18/2022 13:45,UNABLE TO DETERMINE,UNABLE TO DETERMINE,822,E,79TH ST,624,,,,,,,2,NO INDICATION OF INJURY,0,0,0,0,0,2,0,13,6,2,41.75140771,-87.60427207,POINT (-87.604272071763 41.751407706951)
c858bf07656031e3d86ba04d28cb7fce038b139cf3f421a2d360443a2f024b1e193e1c691ef0b3b2ac794e94e7ccc11ffbacc7988ca1bbddd4d14d8278021651,JF150548,,2/18/2022 22:31,30,TRAFFIC SIGNAL,FUNCTIONING PROPERLY,CLEAR,"DARKNESS, LIGHTED ROAD",REAR END,DIVIDED - W/MEDIAN (NOT RAISED),,STRAIGHT AND LEVEL,DRY,NO DEFECTS,NOT ON SCENE (DESK REPORT),NO INJURY / DRIVE AWAY,,,Y,"$501 - $1,500",2/20/2022 15:20,FAILING TO YIELD RIGHT-OF-WAY,UNABLE TO DETERMINE,2551,W,PERSHING RD,921,,,,,,,2,NO INDICATION OF INJURY,0,0,0,0,0,2,0,22,6,2,41.82278113,-87.68929974,POINT (-87.689299743214 41.822781126461)
e797f435a1c1b7faa106885676c98566df91559f347e3c5b7463b6213615426023fddce1c1633450b6abba81035599bad836732e3acd917926bde84b47854f98,JF163536,,3/4/2022 18:45,30,TRAFFIC SIGNAL,FUNCTIONING PROPERLY,CLOUDY/OVERCAST,"DARKNESS, LIGHTED ROAD",TURNING,FOUR WAY,,STRAIGHT AND LEVEL,DRY,NO DEFECTS,ON SCENE,NO INJURY / DRIVE AWAY,Y,,,"OVER $1,500",3/4/2022 18:46,UNABLE TO DETERMINE,NOT APPLICABLE,533,N,ORLEANS ST,1831,,,,,,,2,NO INDICATION OF INJURY,0,0,0,0,0,2,0,18,6,3,41.89166377,-87.63688636,POINT (-87.636886360851 41.891663773313)
b1676f0dfe124f3356443f1035818961b034d9d2e4eb337e64250a4d67b6e5ba31f80867351e35fd397b71fb8672d7db998b28772ee299fa0dd4a02920ae4daf,JF155999,,2/25/2022 17:34,35,NO CONTROLS,NO CONTROLS,CLEAR,DARKNESS,TURNING,Y-INTERSECTION,,STRAIGHT AND LEVEL,UNKNOWN,UNKNOWN,NOT ON SCENE (DESK REPORT),NO INJURY / DRIVE AWAY,Y,,,"OVER $1,500",2/25/2022 18:00,IMPROPER OVERTAKING/PASSING,NOT APPLICABLE,850,N,LARRABEE ST,1822,,,,,,,2,NO INDICATION OF INJURY,0,0,0,0,0,3,0,17,6,2,41.89796216,-87.643136,POINT (-87.643135998212 41.897962164447)
b16ee1bb8bb941f2ac34bd1805b8d3338f7b610b2958c87e016e327f13ecd1782550b22e942cdb1b6d6ca022c645ef18a0db8e5f3500e73778ff76289958e8af,JF155755,,2/25/2022 14:05,30,NO CONTROLS,NO CONTROLS,CLOUDY/OVERCAST,DAYLIGHT,ANGLE,DIVIDED - W/MEDIAN (NOT RAISED),,STRAIGHT AND LEVEL,WET,NO DEFECTS,ON SCENE,INJURY AND / OR TOW DUE TO CRASH,,,,"OVER $1,500",2/25/2022 14:07,DISREGARDING ROAD MARKINGS,FAILING TO REDUCE SPEED TO AVOID CRASH,3961,N,ELSTON AVE,1732,,,,,,,2,NO INDICATION OF INJURY,0,0,0,0,0,2,0,14,6,2,41.95319322,-87.71820127,POINT (-87.718201272823 41.953193223064)
e7e7a0a94ed2bf634b2936270906ef36fbc538b71bdb5d3863939ee47f547f416c48d292c78201b50b9c6feacda7df8c63d33ca98511d0660f3f9245ba717bdb,JF162881,,3/4/2022 10:00,30,NO CONTROLS,NO CONTROLS,CLEAR,DAYLIGHT,PARKED MOTOR VEHICLE,ONE-WAY,,STRAIGHT AND LEVEL,DRY,NO DEFECTS,ON SCENE,NO INJURY / DRIVE AWAY,,,,"$501 - $1,500",3/4/2022 10:04,UNABLE TO DETERMINE,UNABLE TO DETERMINE,2639,W,LUTHER ST,1034,,,,,,,2,NO INDICATION OF INJURY,0,0,0,0,0,1,0,10,6,3,41.84700825,-87.69197307,POINT (-87.691973066993 41.847008244813)
b1ee3fbe078aaddb28483c6a2ada5576ef0b06e762a72bc6583842307dc6ca89e5fe31d9f92ef438d09fcd2ecc8e8a17bad2a669b8270c16cce70a57badaf959,JF156555,Y,2/25/2022 6:45,30,NO CONTROLS,NO CONTROLS,CLEAR,DAYLIGHT,PARKED MOTOR VEHICLE,ONE-WAY,,STRAIGHT AND LEVEL,DRY,NO DEFECTS,NOT ON SCENE (DESK REPORT),NO INJURY / DRIVE AWAY,,,Y,"$501 - $1,500",2/26/2022 10:20,UNABLE TO DETERMINE,UNABLE TO DETERMINE,10623,S,LAFAYETTE AVE,512,,,,,,,2,NO INDICATION OF INJURY,0,0,0,0,0,1,0,6,6,2,41.70087313,-87.62438807,POINT (-87.624388074336 41.700873133275)
b1fa8ca0e2b82f783ff97e48557e2363184c952381f04c0980abc4e1a850b223c09ae8fad1de10389edae789903f476233fa051661ac7e6b5136742cd989de01,JF156238,,2/25/2022 23:35,30,NO CONTROLS,NO CONTROLS,CLEAR,"DARKNESS, LIGHTED ROAD",PARKED MOTOR VEHICLE,NOT DIVIDED,,STRAIGHT AND LEVEL,WET,NO DEFECTS,ON SCENE,INJURY AND / OR TOW DUE TO CRASH,,,Y,"OVER $1,500",2/25/2022 23:40,UNABLE TO DETERMINE,UNABLE TO DETERMINE,5936,S,CALIFORNIA AVE,824,,,,,,,3,NO INDICATION OF INJURY,0,0,0,0,0,1,0,23,6,2,41.78529557,-87.69371007,POINT (-87.693710068335 41.785295571236)
c9aaad28b698594acad7b07fb3165c02734ad6809ed635c4561a0d0888991d3e762d37756baad710002449aa0f696212350f746a76950eb30ff366d6fa4c198f,JF148305,Y,2/18/2022 9:00,30,NO CONTROLS,NO CONTROLS,CLEAR,DAYLIGHT,REAR END,NOT DIVIDED,,STRAIGHT AND LEVEL,SNOW OR SLUSH,NO DEFECTS,NOT ON SCENE (DESK REPORT),INJURY AND / OR TOW DUE TO CRASH,Y,,,"OVER $1,500",2/18/2022 9:30,UNABLE TO DETERMINE,NOT APPLICABLE,600,E,63RD ST,313,,,,,,,2,NO INDICATION OF INJURY,0,0,0,0,0,2,0,9,6,2,41.78043549,-87.61074457,POINT (-87.610744573734 41.780435492844)
b25ebb13c64d2dc6ce2760ef4c6f98fb63d01bd3c5a5bbe9d2e7be383c2e8e5d16fda38b2e111e62bbf3a3b5d6eff4392ef649c4dec5a6123c351d7f57111bff,JF156009,,2/25/2022 17:13,30,NO CONTROLS,NO CONTROLS,SNOW,"DARKNESS, LIGHTED ROAD",FIXED OBJECT,DIVIDED - W/MEDIAN BARRIER,,STRAIGHT AND LEVEL,WET,NO DEFECTS,ON SCENE,INJURY AND / OR TOW DUE TO CRASH,N,,N,"OVER $1,500",2/25/2022 17:56,"EVASIVE ACTION DUE TO ANIMAL, OBJECT, NONMOTORIST",NOT APPLICABLE,440,E,81ST ST,631,,,,,,,1,NO INDICATION OF INJURY,0,0,0,0,0,1,0,17,6,2,41.74759566,-87.61319263,POINT (-87.61319262761 41.747595659603)
e8e72c868ecc2550615470aabbaabe0c00e5af78cf2489eac58762f9142e68d008b9d0de65a1c1456e38fe36c414ea2125df31519cccf6ce5ee08ddc2be8761d,JF162955,,3/4/2022 11:00,30,NO CONTROLS,NO CONTROLS,CLEAR,DAYLIGHT,REAR END,NOT DIVIDED,,STRAIGHT AND LEVEL,DRY,NO DEFECTS,NOT ON SCENE (DESK REPORT),NO INJURY / DRIVE AWAY,,,,"$501 - $1,500",3/4/2022 11:40,FOLLOWING TOO CLOSELY,UNABLE TO DETERMINE,6658,S,HALSTED ST,723,,,,,,,2,NO INDICATION OF INJURY,0,0,0,0,0,2,0,11,6,3,41.77251649,-87.64474488,POINT (-87.644744876564 41.772516487708)
f22ff017d6e48c00a8685ad0b839d4fff161152ce4a6b4bf493239c5fa03af44fbbf8f45286e338e744ddaa0023b61cdb57aebcb39c64d2a134e02a7d0b08282,JF185373,,3/24/2022 17:00,30,NO CONTROLS,NO CONTROLS,RAIN,DAYLIGHT,SIDESWIPE SAME DIRECTION,NOT DIVIDED,,STRAIGHT AND LEVEL,WET,UNKNOWN,NOT ON SCENE (DESK REPORT),NO INJURY / DRIVE AWAY,,,Y,"$501 - $1,500",3/24/2022 18:02,IMPROPER OVERTAKING/PASSING,IMPROPER OVERTAKING/PASSING,2343,N,SACRAMENTO AVE,1414,,,,,,,2,NO INDICATION OF INJURY,0,0,0,0,0,2,0,17,5,3,41.92460138,-87.70216682,POINT (-87.702166824128 41.924601375592)
b2dd3c3a1ec0a8dd33b61ab44381a944602e21f694c0fb9a75a85747d0ec8395d68aafa51f4e92e9c28b044df3bc5ad2ffcde8b2d694073e506208513d97eebf,JF155521,,2/25/2022 10:00,30,STOP SIGN/FLASHER,FUNCTIONING PROPERLY,SNOW,DAYLIGHT,ANGLE,OTHER,,STRAIGHT AND LEVEL,SNOW OR SLUSH,NO DEFECTS,ON SCENE,NO INJURY / DRIVE AWAY,Y,,,"OVER $1,500",2/25/2022 10:07,WEATHER,NOT APPLICABLE,300,W,32ND ST,915,,,,,,,2,NO INDICATION OF INJURY,0,0,0,0,0,3,0,10,6,2,41.83647933,-87.63404831,POINT (-87.63404830543 41.836479330859)
ec33ba1ce1f2a04adacb718ecbbabf261d64055c87a38b624ae967bdfc61cffe80fc4db3a738bd52dc780965bea55d5ea44e967ff3d563fb8c4ffb27aff68a25,JF178676,,3/18/2022 17:45,30,NO CONTROLS,NO CONTROLS,RAIN,DAYLIGHT,SIDESWIPE SAME DIRECTION,NOT DIVIDED,,STRAIGHT AND LEVEL,WET,NO DEFECTS,NOT ON SCENE (DESK REPORT),NO INJURY / DRIVE AWAY,,,,"$501 - $1,500",3/18/2022 18:33,NOT APPLICABLE,NOT APPLICABLE,5222,S,ARCHER AVE,815,,,,,,,2,NO INDICATION OF INJURY,0,0,0,0,0,2,0,17,6,3,41.79993993,-87.73556833,POINT (-87.735568325585 41.799939929807)
f25b6648fabbd4aee2dd029a0d814a3f589ae32142f201a75d632aefdd2c1885612b038b882863da9150436ce11340f735df7e82841956c99702e240276d9198,JE428959,,10/31/2021 10:50,30,NO CONTROLS,NO CONTROLS,CLEAR,DAYLIGHT,SIDESWIPE OPPOSITE DIRECTION,NOT DIVIDED,,STRAIGHT AND LEVEL,DRY,NO DEFECTS,,NO INJURY / DRIVE AWAY,,,,"OVER $1,500",10/31/2021 12:21,UNABLE TO DETERMINE,UNABLE TO DETERMINE,558,S,KILPATRICK AVE,1131,,,,,,,2,NO INDICATION OF INJURY,0,0,0,0,0,2,0,10,1,10,41.87324519,-87.74271378,POINT (-87.742713782372 41.873245184667)
cb8ff992e9f583fed164616f76f3b37b8d473a42802888312e93332acb1aa4037c0b22e558cac40869c7d5c870d0179712500705f58490915998b5d54b7dc1f5,JF149047,N,2/18/2022 16:00,30,UNKNOWN,UNKNOWN,UNKNOWN,DAYLIGHT,SIDESWIPE SAME DIRECTION,FOUR WAY,,STRAIGHT AND LEVEL,UNKNOWN,UNKNOWN,NOT ON SCENE (DESK REPORT),NO INJURY / DRIVE AWAY,Y,,,"OVER $1,500",2/18/2022 21:45,UNABLE TO DETERMINE,NOT APPLICABLE,405,S,JEFFERSON ST,121,,,,,,,2,NO INDICATION OF INJURY,0,0,0,0,0,2,0,16,6,2,41.87657727,-87.64234636,POINT (-87.642346357831 41.876577268602)
ec77bbae0d73f1efe9b0a4d47467557be4a14dcfe2ff9466af283c83c15732a67fafe61e12abb515dbb85b6ec5b1089810caadb622a077602e8f168065287f56,JF178139,,3/18/2022 10:44,35,NO CONTROLS,NO CONTROLS,CLEAR,DAYLIGHT,HEAD ON,NOT DIVIDED,,STRAIGHT AND LEVEL,DRY,NO DEFECTS,ON SCENE,INJURY AND / OR TOW DUE TO CRASH,,,,"OVER $1,500",3/18/2022 10:44,IMPROPER LANE USAGE,NOT APPLICABLE,4127,W,WASHINGTON BLVD,1115,,,,,,,3,NO INDICATION OF INJURY,0,0,0,0,0,2,0,10,6,3,41.88189117,-87.72926995,POINT (-87.729269954452 41.881891169924)
b3c1f9c144dd77aaf64dea207627bb8516814bb2a6b42f893c1ca1bd00ab37d1a5ae06c82456714d5e632f619258204bb84dfbdc9a6b7acec977e55a848bd707,JF156251,,2/25/2022 23:15,30,TRAFFIC SIGNAL,FUNCTIONING PROPERLY,CLEAR,"DARKNESS, LIGHTED ROAD",ANGLE,FOUR WAY,,STRAIGHT AND LEVEL,DRY,UNKNOWN,ON SCENE,INJURY AND / OR TOW DUE TO CRASH,Y,,,"OVER $1,500",2/25/2022 23:32,DISREGARDING TRAFFIC SIGNALS,UNABLE TO DETERMINE,100,W,MONROE ST,122,,,,,,,2,NONINCAPACITATING INJURY,1,0,0,1,0,1,0,23,6,2,41.88080528,-87.63092933,POINT (-87.630929332143 41.880805278204)
ed08d8b7b68b096778b6bc466a8acd1c4ee8636487702874e9d39af7bc9f457a20b9980ab1312d735cdf3f01d33c5da3391d38a730adf64158de528b2aa3f0da,JF178612,,3/18/2022 14:30,30,NO CONTROLS,NO CONTROLS,CLEAR,DAYLIGHT,PARKED MOTOR VEHICLE,ONE-WAY,,STRAIGHT AND LEVEL,OTHER,UNKNOWN,NOT ON SCENE (DESK REPORT),NO INJURY / DRIVE AWAY,,,,"$501 - $1,500",3/18/2022 17:45,UNABLE TO DETERMINE,UNABLE TO DETERMINE,4300,N,WINCHESTER AVE,1912,,,,,,,2,NO INDICATION OF INJURY,0,0,0,0,0,1,0,14,6,3,41.9597372,-87.67758196,POINT (-87.677581954617 41.959737194804)
cc509a0d2598c29e747bf85474a978b11f347cc292be03a5c972976491bc071b73f2d5ba684bfa636a927845b38e8e0a324dcf6bcae5f9232edc4e753c9c5fa9,JF148838,,2/18/2022 16:15,20,NO CONTROLS,NO CONTROLS,CLEAR,DUSK,REAR END,DIVIDED - W/MEDIAN (NOT RAISED),,STRAIGHT AND LEVEL,SNOW OR SLUSH,NO DEFECTS,ON SCENE,INJURY AND / OR TOW DUE TO CRASH,,,,"OVER $1,500",2/18/2022 17:24,FAILING TO YIELD RIGHT-OF-WAY,WEATHER,2105,S,WESTERN AVE,1234,,,,,,,2,NO INDICATION OF INJURY,0,0,0,0,0,2,0,16,6,2,41.85370436,-87.68553732,POINT (-87.685537318388 41.853704359772)
cc521500da387df106cd10bbe4c612873337f7fc8e6793be7cdd4fdbc1d51bcfed201396f7f924ab570e8e686ad3250f8817f63fc8364ae6149694985a99f48b,JF148170,,2/18/2022 7:16,35,NO CONTROLS,NO CONTROLS,SNOW,DAYLIGHT,REAR END,NOT DIVIDED,,STRAIGHT AND LEVEL,SNOW OR SLUSH,NO DEFECTS,ON SCENE,INJURY AND / OR TOW DUE TO CRASH,,,,"OVER $1,500",2/18/2022 7:16,RELATED TO BUS STOP,RELATED TO BUS STOP,7720,S,ASHLAND AVE,611,,,,,,,2,"REPORTED, NOT EVIDENT",1,0,0,0,1,2,0,7,6,2,41.75333655,-87.66365663,POINT (-87.663656633615 41.753336552831)
ece2e5c7003a2649b404fa88444e41dacb44bc16034a86b39096164726dc18c1b6884d518228bc187e8ef824fd14b4c32b5de22c34f716daab4bb2a72e6223a9,JE141531,,2/14/2021 13:28,30,UNKNOWN,UNKNOWN,CLEAR,DAYLIGHT,REAR END,NOT DIVIDED,,STRAIGHT AND LEVEL,SNOW OR SLUSH,UNKNOWN,,INJURY AND / OR TOW DUE TO CRASH,,,,"OVER $1,500",2/14/2021 13:46,DISTRACTION - FROM INSIDE VEHICLE,NOT APPLICABLE,7100,S,STONY ISLAND AVE,324,,,,,,,4,NONINCAPACITATING INJURY,1,0,0,1,0,4,0,13,1,2,41.76592819,-87.58647008,POINT (-87.586470077922 41.76592819222)
f2f06f9f76866b3f2073003dbe6b0b8cd13025e744f0a79cd17510ff23908f6a9a45db122d8a3ef1fdd06143b7dcb189b768189a32bea422912ca6709caea70a,JE313204,,7/25/2021 2:19,30,NO CONTROLS,NO CONTROLS,CLEAR,"DARKNESS, LIGHTED ROAD",PARKED MOTOR VEHICLE,ONE-WAY,,STRAIGHT AND LEVEL,DRY,NO DEFECTS,,INJURY AND / OR TOW DUE TO CRASH,,,Y,"OVER $1,500",7/25/2021 2:42,UNABLE TO DETERMINE,UNABLE TO DETERMINE,7704,S,UNION AVE,621,,,,,,,2,NO INDICATION OF INJURY,0,0,0,0,0,1,0,2,1,7,41.75409718,-87.64183647,POINT (-87.641836469558 41.754097180798)
cc53223cab95bcce3a78a92f8a19264564bb5c7d2145b4b52284936ad267c2955fface9bb47027d1a2d4d58e9ffe3b63308d6596623ffb89289d0c720642c119,JF148733,,2/18/2022 16:20,25,NO CONTROLS,NO CONTROLS,CLEAR,DAYLIGHT,REAR END,NOT DIVIDED,,STRAIGHT AND LEVEL,DRY,NO DEFECTS,ON SCENE,INJURY AND / OR TOW DUE TO CRASH,,,,"OVER $1,500",2/18/2022 16:25,UNABLE TO DETERMINE,UNABLE TO DETERMINE,2920,S,ARCHER AVE,913,,,,,,,2,NO INDICATION OF INJURY,0,0,0,0,0,2,0,16,6,2,41.84151533,-87.6584986,POINT (-87.658498599335 41.841515333495)