CRASH_RECORD_ID,RD_NO,CRASH_DATE_EST_I,CRASH_DATE,POSTED_SPEED_LIMIT,TRAFFIC_CONTROL_DEVICE,DEVICE_CONDITION,WEATHER_CONDITION,LIGHTING_CONDITION,FIRST_CRASH_TYPE,TRAFFICWAY_TYPE,LANE_CNT,ALIGNMENT,ROADWAY_SURFACE_COND,ROAD_DEFECT,REPORT_TYPE,CRASH_TYPE,INTERSECTION_RELATED_I,NOT_RIGHT_OF_WAY_I,HIT_AND_RUN_I,DAMAGE,DATE_POLICE_NOTIFIED,PRIM_CONTRIBUTORY_CAUSE,SEC_CONTRIBUTORY_CAUSE,STREET_NO,STREET_DIRECTION,STREET_NAME,BEAT_OF_OCCURRENCE,PHOTOS_TAKEN_I,STATEMENTS_TAKEN_I,DOORING_I,WORK_ZONE_I,WORK_ZONE_TYPE,WORKERS_PRESENT_I,NUM_UNITS,MOST_SEVERE_INJURY,INJURIES_TOTAL,INJURIES_FATAL,INJURIES_INCAPACITATING,INJURIES_NON_INCAPACITATING,INJURIES_REPORTED_NOT_EVIDENT,INJURIES_NO_INDICATION,INJURIES_UNKNOWN,CRASH_HOUR,CRASH_DAY_OF_WEEK,CRASH_MONTH,LATITUDE,LONGITUDE,LOCATION
eaf4ae6b64056c57f7e09944e6962e58c934fabda5d23348a2e0cc375a29e8d21ee638030965cf734ebf74a24979625aaff9c882b04ab13c21ab458dba1f0301,JF163357,,3/4/2022 16:30,30,STOP SIGN/FLASHER,FUNCTIONING PROPERLY,CLEAR,DAYLIGHT,REAR END,NOT DIVIDED,,STRAIGHT AND LEVEL,DRY,NO DEFECTS,ON SCENE,NO INJURY / DRIVE AWAY,Y,,,"OVER $1,500",3/4/2022 16:44,DRIVING SKILLS/KNOWLEDGE/EXPERIENCE,NOT APPLICABLE,400,E,66TH ST,312,,,,,,,2,NO INDICATION OF INJURY,0,0,0,0,0,4,0,16,6,3,41.77489674,-87.61543603,POINT (-87.615436032896 41.774896740363)
b4547652f577ece4d0cd4ef0fa203cce6bf75ef1602467fc4781d4e22194f9ea468aecdd72da9c8df50bcc999614854554936391b6231ef2dab1b407a172849d,JF155649,Y,2/25/2022 12:45,30,NO CONTROLS,NO CONTROLS,UNKNOWN,UNKNOWN,PARKED MOTOR VEHICLE,NOT DIVIDED,,STRAIGHT AND LEVEL,UNKNOWN,NO DEFECTS,ON SCENE,NO INJURY / DRIVE AWAY,,,Y,"OVER $1,500",2/25/2022 12:45,UNABLE TO DETERMINE,UNABLE TO DETERMINE,5633,S,HALSTED ST,711,,,,,,,2,NO INDICATION OF INJURY,0,0,0,0,0,1,0,12,6,2,41.7915147,-87.64493737,POINT (-87.64493736479 41.791514702321)
b4891c08b67d0762c084524d9a9fd319f79ffdf0a19f29f10fa8c09a92d52d96a821795894e7654c1c5b780aeccae2c3aa0bd501e28cbb2035ea40911038770e,JF158953,,2/25/2022 17:00,45,NO CONTROLS,NO CONTROLS,UNKNOWN,DUSK,SIDESWIPE SAME DIRECTION,DIVIDED - W/MEDIAN BARRIER,,STRAIGHT AND LEVEL,UNKNOWN,NO DEFECTS,NOT ON SCENE (DESK REPORT),NO INJURY / DRIVE AWAY,,,,"OVER $1,500",2/28/2022 17:30,IMPROPER OVERTAKING/PASSING,NOT APPLICABLE,2100,S,LAKE SHORE DR E,132,,,,,,,2,NO INDICATION OF INJURY,0,0,0,0,0,2,0,17,6,2,41.85439434,-87.61475052,POINT (-87.614750518411 41.854394341289)
cd7efaaaaf3cc228edb21177a7a0b0942fff7bec493e395917c2227c69352654545a8b3e9617cfacbb0d305304b1cf4d900b31ecfe3fb9c6a6d4191bb18b5d5e,JF149023,,2/18/2022 20:02,45,NO CONTROLS,NO CONTROLS,CLOUDY/OVERCAST,"DARKNESS, LIGHTED ROAD",FIXED OBJECT,DIVIDED - W/MEDIAN BARRIER,,STRAIGHT AND LEVEL,WET,NO DEFECTS,ON SCENE,INJURY AND / OR TOW DUE TO CRASH,,,,"OVER $1,500",2/18/2022 20:02,UNABLE TO DETERMINE,UNABLE TO DETERMINE,5700,S,LAKE SHORE DR,331,,,,,,,1,NONINCAPACITATING INJURY,1,0,0,1,0,0,0,20,6,2,41.79142028,-87.58014777,POINT (-87.580147768689 41.791420282098)
f4d6e58485045e5e4b0a388235999025eafc056de5b8a86d8e52d4e5dd9d412be25286c4838b67f76f121dfd0ed240ef441c1676b7067a38a56dc0ee2d8dadfa,JF185124,,3/24/2022 14:04,25,STOP SIGN/FLASHER,FUNCTIONING PROPERLY,RAIN,DAYLIGHT,REAR END,FOUR WAY,,STRAIGHT AND LEVEL,WET,NO DEFECTS,NOT ON SCENE (DESK REPORT),NO INJURY / DRIVE AWAY,Y,,Y,"OVER $1,500",3/24/2022 15:00,FOLLOWING TOO CLOSELY,NOT APPLICABLE,10300,S,ELIZABETH ST,2232,,,,,,,2,NO INDICATION OF INJURY,0,0,0,0,0,3,0,14,5,3,41.7067142,-87.65381347,POINT (-87.653813467968 41.706714202986)
f58294c469d442eb455291fb4310e6b358e39ff385b5cdbc3efce23506c6a90f04db476813889a399d058c09958bb58bd4872b79e24f5fbcdec32543928408ce,JF185543,,3/24/2022 20:31,30,STOP SIGN/FLASHER,FUNCTIONING PROPERLY,RAIN,DARKNESS,SIDESWIPE OPPOSITE DIRECTION,DIVIDED - W/MEDIAN (NOT RAISED),,STRAIGHT AND LEVEL,WET,NO DEFECTS,ON SCENE,INJURY AND / OR TOW DUE TO CRASH,Y,,,"OVER $1,500",3/24/2022 20:37,FAILING TO REDUCE SPEED TO AVOID CRASH,UNABLE TO DETERMINE,4256,W,ARMITAGE AVE,2522,,,,,,,2,NO INDICATION OF INJURY,0,0,0,0,0,2,0,20,5,3,41.91718138,-87.73374969,POINT (-87.733749686788 41.917181379424)
b544da3cae355de686586b7f42c3718c973d8bba547dc596beac2615ec1990f845afdf63919a2ce3ef31f68e8eb3b6cf25613f8d2f7a0eca1508404d539fe35d,JF155575,,2/25/2022 11:58,30,TRAFFIC SIGNAL,FUNCTIONING PROPERLY,CLEAR,DAYLIGHT,REAR TO FRONT,NOT DIVIDED,,STRAIGHT AND LEVEL,SNOW OR SLUSH,NO DEFECTS,NOT ON SCENE (DESK REPORT),NO INJURY / DRIVE AWAY,,,,$500 OR LESS,2/25/2022 11:58,IMPROPER TURNING/NO SIGNAL,IMPROPER LANE USAGE,2361,W,43RD ST,922,,,,,,,2,NO INDICATION OF INJURY,0,0,0,0,0,2,0,11,6,2,41.8155933,-87.68409764,POINT (-87.684097635643 41.815593301633)
f59ebcab30b8c91a0d678dea79a90648398dfc42dfb5d402dd9dbab98155a9d26e940b9825af4d359afdce56f9a8797faddcd27016c400e804d87925152bcff1,JF185180,,3/24/2022 15:30,30,NO CONTROLS,FUNCTIONING PROPERLY,RAIN,DAYLIGHT,TURNING,NOT DIVIDED,,STRAIGHT AND LEVEL,WET,NO DEFECTS,NOT ON SCENE (DESK REPORT),NO INJURY / DRIVE AWAY,,,,$500 OR LESS,3/24/2022 16:12,FAILING TO REDUCE SPEED TO AVOID CRASH,NOT APPLICABLE,1598,N,LARAMIE AVE,2532,,,,,,,2,NO INDICATION OF INJURY,0,0,0,0,0,2,0,15,5,3,41.90943232,-87.75596288,POINT (-87.755962880802 41.909432315345)
ec55836ae0829ff538b363636ea2e75a2584e791b65d0b55ea34241e5be100e3d02e6ee9d617b6a29d8b3f3f4a283c8064a8349b85273a1d245cb10aa9dcdce3,JF162710,,3/4/2022 7:30,30,TRAFFIC SIGNAL,FUNCTIONING PROPERLY,CLEAR,DAYLIGHT,TURNING,DIVIDED - W/MEDIAN (NOT RAISED),,STRAIGHT AND LEVEL,DRY,NO DEFECTS,NOT ON SCENE (DESK REPORT),NO INJURY / DRIVE AWAY,Y,,,"OVER $1,500",3/4/2022 8:00,FAILING TO YIELD RIGHT-OF-WAY,NOT APPLICABLE,6359,N,CANFIELD AVE,1612,,,,,,,2,NO INDICATION OF INJURY,0,0,0,0,0,2,0,7,6,3,41.99666577,-87.82131381,POINT (-87.821313813529 41.996665772535)
b54f1054f4ebcf5c08a9cc59d2564fdf58f46e9317840890e0873be1beb916c3c4c4f0ed4f94a42bc9bb84d807b9daa614651fed383e7b004dc2e64bdfaa9087,JF156115,,2/25/2022 20:25,30,NO CONTROLS,NO CONTROLS,CLOUDY/OVERCAST,"DARKNESS, LIGHTED ROAD",FIXED OBJECT,DIVIDED - W/MEDIAN BARRIER,,STRAIGHT AND LEVEL,WET,NO DEFECTS,ON SCENE,INJURY AND / OR TOW DUE TO CRASH,,,,"OVER $1,500",2/25/2022 20:32,DRIVING SKILLS/KNOWLEDGE/EXPERIENCE,NOT APPLICABLE,1650,N,LAKE SHORE DR,1814,,,,,,,1,NO INDICATION OF INJURY,0,0,0,0,0,2,0,20,6,2,41.91215751,-87.62783947,POINT (-87.627839468089 41.9121575105)
ec5dba57f9927b611313ed698f85ddba0f2ced6b8fb895bcaabf7d04dfdcf3a9078df3a5a052100b100d614efce27f7f9ed42c7df31b88a73c1cb8a5ad655dcb,JF163234,,3/4/2022 15:05,30,TRAFFIC SIGNAL,FUNCTIONING PROPERLY,CLEAR,DAYLIGHT,REAR END,ONE-WAY,,STRAIGHT AND LEVEL,DRY,UNKNOWN,NOT ON SCENE (DESK REPORT),NO INJURY / DRIVE AWAY,Y,,,$500 OR LESS,3/4/2022 15:25,UNABLE TO DETERMINE,NOT APPLICABLE,801,W,99TH ST,2232,,,,,,,2,NO INDICATION OF INJURY,0,0,0,0,0,2,0,15,6,3,41.71410383,-87.64306208,POINT (-87.643062079768 41.714103825758)
f643b3b71377bca19ef8fffdf13617a8e4ed19555bf4e0f4d81e2b32d1b32eddd16906b7f31ed947f41189666efe90f5d1c03450824825928ba7b593c9a79099,JF185442,,3/24/2022 18:04,30,TRAFFIC SIGNAL,FUNCTIONING PROPERLY,RAIN,DARKNESS,TURNING,NOT DIVIDED,,STRAIGHT AND LEVEL,WET,UNKNOWN,NOT ON SCENE (DESK REPORT),NO INJURY / DRIVE AWAY,,,,"OVER $1,500",3/24/2022 19:00,IMPROPER TURNING/NO SIGNAL,NOT APPLICABLE,1620,W,FULLERTON AVE,1931,,,,,,,2,NO INDICATION OF INJURY,0,0,0,0,0,4,0,18,5,3,41.92524991,-87.66901082,POINT (-87.669010820321 41.925249910144)
ecca5dc0f2b00b3128f584f97a7990dd41087f89d2c8505620d09c000cc036d0aafd07d4f98d392ddf9f27aa3b7162a1a8a4b7c9854fbf896c73a5503943bd50,JF166919,,3/4/2022 11:00,0,NO CONTROLS,NO CONTROLS,CLEAR,DAYLIGHT,SIDESWIPE SAME DIRECTION,DIVIDED - W/MEDIAN (NOT RAISED),,STRAIGHT AND LEVEL,DRY,NO DEFECTS,NOT ON SCENE (DESK REPORT),NO INJURY / DRIVE AWAY,,,,"OVER $1,500",3/8/2022 9:00,UNABLE TO DETERMINE,NOT APPLICABLE,4600,S,COTTAGE GROVE AVE,221,,,,,,,2,NO INDICATION OF INJURY,0,0,0,0,0,3,0,11,6,3,41.81126144,-87.60674997,POINT (-87.606749972034 41.811261436387)
ecf19667ca3e39566f839622f97f0eb8dd077b9f350f4b016e287b36146e8086e1c7e463a95a670548c268ba638a1cb51449640b615b678182f98194d8744981,JF162762,,3/4/2022 8:47,30,TRAFFIC SIGNAL,FUNCTIONING PROPERLY,CLEAR,DAYLIGHT,TURNING,FOUR WAY,,STRAIGHT AND LEVEL,DRY,NO DEFECTS,ON SCENE,NO INJURY / DRIVE AWAY,Y,,,"OVER $1,500",3/4/2022 8:57,FAILING TO YIELD RIGHT-OF-WAY,FAILING TO YIELD RIGHT-OF-WAY,5500,S,WESTERN AVE,824,,,,,,,2,NO INDICATION OF INJURY,0,0,0,0,0,5,0,8,6,3,41.79337055,-87.68417538,POINT (-87.684175376759 41.79337055433)
eeb6136f0847d80d2b3af732cb784dedc01adc8f36d0f090f64e38859d1072800183a6e08834fdbd74f41659284d5b7101256ae450e37be1345fd8732109ab50,JF178501,,3/18/2022 16:28,20,STOP SIGN/FLASHER,FUNCTIONING PROPERLY,RAIN,DAYLIGHT,ANGLE,FOUR WAY,,STRAIGHT AND LEVEL,WET,NO DEFECTS,ON SCENE,INJURY AND / OR TOW DUE TO CRASH,Y,,,"OVER $1,500",3/18/2022 16:28,FAILING TO YIELD RIGHT-OF-WAY,NOT APPLICABLE,8200,S,RHODES AVE,631,,,,,,,2,NO INDICATION OF INJURY,0,0,0,0,0,3,0,16,6,3,41.7456055,-87.61128607,POINT (-87.611286070266 41.745605500209)
cf0e4e8f8680503303bb698d1e7c93035f01da026523c47fb91c59a8712d0122dc8b3936708ca6fca645dcc9e55e4a435687003bce0b2d97ec3a8d42932af99c,JF148332,,2/18/2022 10:08,30,UNKNOWN,UNKNOWN,SNOW,DAYLIGHT,REAR END,DIVIDED - W/MEDIAN (NOT RAISED),,STRAIGHT AND LEVEL,SNOW OR SLUSH,UNKNOWN,ON SCENE,NO INJURY / DRIVE AWAY,,,,"$501 - $1,500",2/18/2022 10:25,FOLLOWING TOO CLOSELY,FOLLOWING TOO CLOSELY,3355,N,LINCOLN AVE,1922,,,,,,,2,NO INDICATION OF INJURY,0,0,0,0,0,2,0,10,6,2,41.94297834,-87.67080338,POINT (-87.670803378013 41.94297834098)
f6c39610705e4fffd52304896ff00ff853652676f6ac98c3c1a51b452fb346d25bccc6fc4d41b3736c1663a14e9a173d21f634ab1b746a54dcbb8ba072fdf8d4,JF184857,,3/24/2022 10:50,30,TRAFFIC SIGNAL,FUNCTIONING PROPERLY,CLEAR,DAYLIGHT,SIDESWIPE SAME DIRECTION,DIVIDED - W/MEDIAN BARRIER,,STRAIGHT AND LEVEL,DRY,NO DEFECTS,ON SCENE,INJURY AND / OR TOW DUE TO CRASH,,,,"OVER $1,500",3/24/2022 10:59,UNABLE TO DETERMINE,NOT APPLICABLE,5900,S,CICERO AVE,813,,,,,,,2,NO INDICATION OF INJURY,0,0,0,0,0,3,0,10,5,3,41.78564332,-87.74148578,POINT (-87.741485778405 41.785643323876)
cf74b576b60e812273765ab09cdfc6b1d373e938cf074966a14099ae665379d3d9b48da2c095a1f8544c3735a04ed6fb42bdda6f01e9ed850d2b1cffa4c767c0,JF148818,,2/18/2022 17:05,30,NO CONTROLS,NO CONTROLS,SNOW,DAYLIGHT,SIDESWIPE SAME DIRECTION,NOT DIVIDED,,STRAIGHT AND LEVEL,SNOW OR SLUSH,UNKNOWN,ON SCENE,NO INJURY / DRIVE AWAY,,,,"OVER $1,500",2/18/2022 17:16,IMPROPER LANE USAGE,IMPROPER LANE USAGE,13729,S,BRAINARD AVE,433,,,,,,,2,NO INDICATION OF INJURY,0,0,0,0,0,3,0,17,6,2,41.64586013,-87.54235177,POINT (-87.542351765369 41.645860133011)
f726e5cbef199757725154376b352199164580765ed7a97dd8fba2238bed012365a8535e5aec2e297a8c795880aaf6712db5532083783087193992101e809160,JF185329,,3/24/2022 17:00,30,NO CONTROLS,NO CONTROLS,RAIN,DAYLIGHT,PARKED MOTOR VEHICLE,NOT DIVIDED,,STRAIGHT AND LEVEL,WET,UNKNOWN,NOT ON SCENE (DESK REPORT),NO INJURY / DRIVE AWAY,,,Y,"$501 - $1,500",3/24/2022 17:30,UNABLE TO DETERMINE,UNABLE TO DETERMINE,5502,W,JACKSON BLVD,1522,,,,,,,2,NO INDICATION OF INJURY,0,0,0,0,0,1,0,17,5,3,41.876679,-87.76191724,POINT (-87.761917236622 41.876679000164)
efe84737c1742d99d6e9516a0c60777ed34cfe7194d9d3442942825b87730fcde8dd91714c6da8aced00339f95d65d6518e5721eafeb5d0e8c02acfa8202c1bc,JF178302,,3/18/2022 12:52,30,STOP SIGN/FLASHER,FUNCTIONING PROPERLY,RAIN,DAYLIGHT,PEDESTRIAN,NOT DIVIDED,,STRAIGHT AND LEVEL,WET,NO DEFECTS,NOT ON SCENE (DESK REPORT),NO INJURY / DRIVE AWAY,Y,,,$500 OR LESS,3/18/2022 13:30,TEXTING,NOT APPLICABLE,7499,S,WABASH AVE,323,N,,,,,,2,NO INDICATION OF INJURY,0,0,0,0,0,2,0,12,6,3,41.7583551,-87.6230035,POINT (-87.623003498758 41.758355104431)
b698b7567be52e2e61ea4a6caf8abe40a1a6626f26f816a1e11decef096ebc85e5a8233110b8ff72f1a41486cce73ffcb9a63537a2773c6fe2a32db8dba610e7,JF156181,,2/25/2022 21:40,30,NO CONTROLS,NO CONTROLS,CLEAR,DARKNESS,PARKED MOTOR VEHICLE,NOT DIVIDED,,STRAIGHT AND LEVEL,DRY,NO DEFECTS,ON SCENE,NO INJURY / DRIVE AWAY,,,,"$501 - $1,500",2/25/2022 21:43,IMPROPER LANE USAGE,NOT APPLICABLE,742,W,103RD ST,2232,,,,,,,2,NO INDICATION OF INJURY,0,0,0,0,0,3,0,21,6,2,41.70703529,-87.64210165,POINT (-87.642101645014 41.707035289222)
f0657c88c19203858e556522fff1c95238e16dc12c9ff5ee1f6c7e774712bebcb16cf29a710bd37e92496db4c1cfc4f983fff34e19f85fd797e2cd250ee5c876,JF179472,,3/18/2022 17:30,30,TRAFFIC SIGNAL,FUNCTIONING PROPERLY,RAIN,DAYLIGHT,SIDESWIPE SAME DIRECTION,DIVIDED - W/MEDIAN (NOT RAISED),,STRAIGHT AND LEVEL,WET,UNKNOWN,NOT ON SCENE (DESK REPORT),NO INJURY / DRIVE AWAY,,,,"OVER $1,500",3/19/2022 15:45,UNABLE TO DETERMINE,UNABLE TO DETERMINE,3558,W,CHICAGO AVE,1121,,,,,,,2,NO INDICATION OF INJURY,0,0,0,0,0,2,0,17,6,3,41.89557127,-87.7162551,POINT (-87.716255102261 41.895571267027)
f755f79e65c7396a5ea4ce5bb35b86fdf9741fefbec20750a0587b881072903e1d7064e63d22207e58abf2e386a7e3ac1430149c4c012a07c5363dd5f5c23c3a,JF184800,,3/24/2022 10:10,25,TRAFFIC SIGNAL,FUNCTIONING PROPERLY,FREEZING RAIN/DRIZZLE,DAYLIGHT,REAR END,FOUR WAY,,STRAIGHT AND LEVEL,WET,NO DEFECTS,ON SCENE,INJURY AND / OR TOW DUE TO CRASH,,,,"OVER $1,500",3/24/2022 10:15,WEATHER,DRIVING SKILLS/KNOWLEDGE/EXPERIENCE,10000,W,OHARE ST,1651,,,,,,,2,"REPORTED, NOT EVIDENT",1,0,0,0,1,2,0,10,5,3,41.97620114,-87.90530913,POINT (-87.905309125103 41.976201139024)
f107a52cc8585ca6765a8ab9898c6e8e95cf73bd4343ff99d40ed96aa3db170013ffe6865c9ada636e3cdd48cfb64cc93bed56598c6f23bfc36e07442957948b,JF178757,,3/18/2022 20:00,30,TRAFFIC SIGNAL,FUNCTIONING PROPERLY,RAIN,"DARKNESS, LIGHTED ROAD",REAR END,NOT DIVIDED,,STRAIGHT AND LEVEL,WET,UNKNOWN,NOT ON SCENE (DESK REPORT),NO INJURY / DRIVE AWAY,Y,,,"$501 - $1,500",3/18/2022 20:10,UNABLE TO DETERMINE,UNABLE TO DETERMINE,1476,W,FOSTER AVE,2013,,,,,,,2,NO INDICATION OF INJURY,0,0,0,0,0,2,0,20,6,3,41.97631288,-87.66772377,POINT (-87.667723769303 41.976312884412)
f10ed31233fbe4772552d6e535d14d449da64f46f992363d612dd6a273af93ccf7b699424ccb778069099498f7ccc8ce5a5416a7e6c9f37bbc8a61f1e5895b60,JF177807,,3/18/2022 3:08,30,TRAFFIC SIGNAL,FUNCTIONING PROPERLY,CLEAR,"DARKNESS, LIGHTED ROAD",ANGLE,NOT DIVIDED,,STRAIGHT AND LEVEL,DRY,NO DEFECTS,ON SCENE,INJURY AND / OR TOW DUE TO CRASH,Y,,,"OVER $1,500",3/18/2022 3:10,DISREGARDING TRAFFIC SIGNALS,DISREGARDING TRAFFIC SIGNALS,700,N,LA SALLE DR,1832,,,,,,,2,INCAPACITATING INJURY,1,0,1,0,0,2,0,3,6,3,41.89485028,-87.63282366,POINT (-87.632823660501 41.89485027637)
d033b354c08cf12f31c58ebe78db2861cc0aa8b9d511d2c4159635ca729530598e88aa0a690701a49fc141e8eef1248ce672bc9359d5524bf4a6080d75ce930d,JF150326,,2/18/2022 19:00,30,TRAFFIC SIGNAL,FUNCTIONING PROPERLY,SNOW,DAYLIGHT,REAR END,NOT DIVIDED,,STRAIGHT AND LEVEL,SNOW OR SLUSH,NO DEFECTS,NOT ON SCENE (DESK REPORT),INJURY AND / OR TOW DUE TO CRASH,,,,"OVER $1,500",2/20/2022 11:50,"OPERATING VEHICLE IN ERRATIC, RECKLESS, CARELESS, NEGLIGENT OR AGGRESSIVE MANNER",NOT APPLICABLE,9400,S,STONY ISLAND AVE,413,,,,,,,3,NO INDICATION OF INJURY,0,0,0,0,0,3,0,19,6,2,41.72407478,-87.58530323,POINT (-87.585303232497 41.724074783765)
d050a4057d0ff9dd914507433ccb97201fe8908640ad6d4e6cb859c5263d15e0a2ab4bfa7b401aa9ddf72877ccdc4adfe3374d243913c3112db902ca57c1a5c7,JF148706,,2/18/2022 14:30,30,NO CONTROLS,NO CONTROLS,CLEAR,DAYLIGHT,PEDESTRIAN,DIVIDED - W/MEDIAN (NOT RAISED),,STRAIGHT AND LEVEL,DRY,NO DEFECTS,NOT ON SCENE (DESK REPORT),NO INJURY / DRIVE AWAY,,,,$500 OR LESS,2/18/2022 16:00,UNABLE TO DETERMINE,NOT APPLICABLE,139,S,CENTRAL AVE,1522,,,,,,,2,NO INDICATION OF INJURY,0,0,0,0,0,2,0,14,6,2,41.87814102,-87.76463982,POINT (-87.764639815172 41.878141016423)
ee50f47c2675fc50a8810a8d460a444929b247e247aecea5852cc7f69d8d4c520ee5e752116b178cb51a2993a51842b07bf9502d11e4dca3d2d22fba64e1ad70,JF162760,,3/4/2022 8:50,30,NO CONTROLS,NO CONTROLS,CLEAR,DAYLIGHT,ANGLE,PARKING LOT,,STRAIGHT AND LEVEL,DRY,UNKNOWN,ON SCENE,INJURY AND / OR TOW DUE TO CRASH,,,,"OVER $1,500",3/4/2022 9:00,UNABLE TO DETERMINE,UNABLE TO DETERMINE,7860,S,HALSTED ST,621,,,,,,,2,NONINCAPACITATING INJURY,2,0,0,2,0,1,0,8,6,3,41.75073157,-87.64419244,POINT (-87.644192443281 41.750731568364)
f7860672564aa0d558884439d4509bbc36f405945c01b869396e43bc661e48656f674dc96ff733e29153ff23dcc092ad92e8bb4a7f34dd91dd667856cec78b91,JD358838,Y,9/5/2020 18:00,25,NO CONTROLS,NO CONTROLS,UNKNOWN,UNKNOWN,PARKED MOTOR VEHICLE,ONE-WAY,,STRAIGHT AND LEVEL,UNKNOWN,UNKNOWN,,NO INJURY / DRIVE AWAY,,,Y,"OVER $1,500",9/6/2020 18:45,NOT APPLICABLE,NOT APPLICABLE,3904,N,NOTTINGHAM AVE,1632,,,,,,,2,NO INDICATION OF INJURY,0,0,0,0,0,1,0,18,7,9,41.95098276,-87.80491322,POINT (-87.804913217884 41.950982757839)
f1b23c712a0f0b319544ee87abf0b86b06649529d7b1f3a51c5c41bef5f132d19fc58f3acd8c29c705801cb88c8f437c99e26cc51685b68f1a6617f14b2ea77e,,,4/2/2022 2:18,30,TRAFFIC SIGNAL,UNKNOWN,CLEAR,"DARKNESS, LIGHTED ROAD",SIDESWIPE SAME DIRECTION,NOT DIVIDED,,STRAIGHT AND LEVEL,DRY,UNKNOWN,NOT ON SCENE (DESK REPORT),NO INJURY / DRIVE AWAY,,,Y,"OVER $1,500",4/2/2022 2:40,IMPROPER LANE USAGE,UNABLE TO DETERMINE,1801,S,HALSTED ST,1235,,,,,,,2,NO INDICATION OF INJURY,0,0,0,0,0,2,0,2,7,4,41.85750277,-87.64648608,POINT (-87.646486079541 41.857502764937)
d0ed825d2f88d1576bf20f94629268dbf93ebf10e6977f51b52f59c8c050ff45ac44f33f5708a68d8d847382c2053e4c66eef7106d8c1dd49a81485389928aed,JF148636,Y,2/18/2022 10:50,30,NO CONTROLS,NO CONTROLS,UNKNOWN,UNKNOWN,PARKED MOTOR VEHICLE,ONE-WAY,,STRAIGHT AND LEVEL,UNKNOWN,UNKNOWN,NOT ON SCENE (DESK REPORT),NO INJURY / DRIVE AWAY,,,Y,"OVER $1,500",2/18/2022 15:10,UNABLE TO DETERMINE,UNABLE TO DETERMINE,4130,W,IOWA ST,1111,,,,,,,2,NO INDICATION OF INJURY,0,0,0,0,0,1,0,10,6,2,41.89725396,-87.72977556,POINT (-87.729775559938 41.897253955411)
f84ac458f9251a8e3dbbbd8143c240e2ca2a0ea3e204317ff08e377351f0e89e64262c49eb5635591b1f313a4a541ec970ef693c98e45dac796356828ae9bc60,JF185279,,3/24/2022 16:30,30,TRAFFIC SIGNAL,FUNCTIONING PROPERLY,CLEAR,DAYLIGHT,SIDESWIPE SAME DIRECTION,NOT DIVIDED,,STRAIGHT AND LEVEL,DRY,NO DEFECTS,NOT ON SCENE (DESK REPORT),NO INJURY / DRIVE AWAY,,,Y,"OVER $1,500",3/24/2022 17:00,UNABLE TO DETERMINE,NOT APPLICABLE,1201,S,KEDZIE AVE,1022,,,,,,,2,NO INDICATION OF INJURY,0,0,0,0,0,2,0,16,5,3,41.86631596,-87.70551988,POINT (-87.705519880996 41.866315958256)
f899128d0f4005f2855dbc698253dafda27a33dd8a70f538f4d7cc616e4c6c1c558ee65fb18ac5ec00967ae55c1cbbf0fe480cb72c74e5949f9f6cacc45467f6,JF185272,,3/24/2022 16:40,30,NO CONTROLS,NO CONTROLS,RAIN,DAYLIGHT,TURNING,NOT DIVIDED,,STRAIGHT AND LEVEL,WET,NO DEFECTS,NOT ON SCENE (DESK REPORT),NO INJURY / DRIVE AWAY,,,,"$501 - $1,500",3/24/2022 16:40,UNABLE TO DETERMINE,UNABLE TO DETERMINE,1708,W,CERMAK RD,1234,,,,,,,2,NO INDICATION OF INJURY,0,0,0,0,0,2,0,16,5,3,41.85238861,-87.66889962,POINT (-87.668899616949 41.852388612618)
f21d6d08a23b4e509757f38943ee07837c85c290e990c75d7765202202d5437241bc20b9dfb5160693a3bb6533abc12de99095636755634cb13f7ebab93e7f9c,JF178452,,3/18/2022 15:40,35,NO CONTROLS,NO CONTROLS,RAIN,DAYLIGHT,REAR END,NOT DIVIDED,,STRAIGHT AND LEVEL,WET,NO DEFECTS,NOT ON SCENE (DESK REPORT),NO INJURY / DRIVE AWAY,,,Y,"OVER $1,500",3/18/2022 16:00,FOLLOWING TOO CLOSELY,NOT APPLICABLE,5624,W,FOSTER AVE,1622,,,,,,,2,NO INDICATION OF INJURY,0,0,0,0,0,2,0,15,6,3,41.97579142,-87.76927689,POINT (-87.769276892934 41.975791419681)
d1b3210de2d68c3a3a84b9fabe726acf70595357f01fd260ab9f91f267aacdb6e9f953271cc03a727323ce654b760f59dd1a336453e8607bc8ba224792cec8e7,JF148530,,2/18/2022 11:50,10,NO CONTROLS,NO CONTROLS,CLEAR,DAYLIGHT,TURNING,NOT DIVIDED,,STRAIGHT AND LEVEL,DRY,NO DEFECTS,NOT ON SCENE (DESK REPORT),NO INJURY / DRIVE AWAY,,,,"OVER $1,500",2/18/2022 13:20,UNABLE TO DETERMINE,NOT APPLICABLE,1044,W,SUNNYSIDE AVE,1914,,,,,,,2,NO INDICATION OF INJURY,0,0,0,0,0,2,0,11,6,2,41.96367779,-87.65655932,POINT (-87.656559315221 41.963677793904)
d1b336b87c885518c7472e13136a751d6adad1e9db62408b3e2dd183ed7afa770481dd4ee8383e8ce6e8b5259454947be20e8119ede97a2c0b75c0578ec6178a,JF149568,Y,2/18/2022 22:30,30,NO CONTROLS,NO CONTROLS,SNOW,DAYLIGHT,PARKED MOTOR VEHICLE,UNKNOWN,,STRAIGHT AND LEVEL,SNOW OR SLUSH,NO DEFECTS,ON SCENE,NO INJURY / DRIVE AWAY,,,Y,"OVER $1,500",2/19/2022 14:10,UNABLE TO DETERMINE,UNABLE TO DETERMINE,11445,S,PRAIRIE AVE,531,,,,,,,2,NO INDICATION OF INJURY,0,0,0,0,0,1,0,22,6,2,41.68587679,-87.61667475,POINT (-87.616674751606 41.685876786132)