CRASH_RECORD_ID,RD_NO,CRASH_DATE_EST_I,CRASH_DATE,POSTED_SPEED_LIMIT,TRAFFIC_CONTROL_DEVICE,DEVICE_CONDITION,WEATHER_CONDITION,LIGHTING_CONDITION,FIRST_CRASH_TYPE,TRAFFICWAY_TYPE,LANE_CNT,ALIGNMENT,ROADWAY_SURFACE_COND,ROAD_DEFECT,REPORT_TYPE,CRASH_TYPE,INTERSECTION_RELATED_I,NOT_RIGHT_OF_WAY_I,HIT_AND_RUN_I,DAMAGE,DATE_POLICE_NOTIFIED,PRIM_CONTRIBUTORY_CAUSE,SEC_CONTRIBUTORY_CAUSE,STREET_NO,STREET_DIRECTION,STREET_NAME,BEAT_OF_OCCURRENCE,PHOTOS_TAKEN_I,STATEMENTS_TAKEN_I,DOORING_I,WORK_ZONE_I,WORK_ZONE_TYPE,WORKERS_PRESENT_I,NUM_UNITS,MOST_SEVERE_INJURY,INJURIES_TOTAL,INJURIES_FATAL,INJURIES_INCAPACITATING,INJURIES_NON_INCAPACITATING,INJURIES_REPORTED_NOT_EVIDENT,INJURIES_NO_INDICATION,INJURIES_UNKNOWN,CRASH_HOUR,CRASH_DAY_OF_WEEK,CRASH_MONTH,LATITUDE,LONGITUDE,LOCATION
d1e05a8b17553fd211ea8869228e07ef61b9c538c34a002743cb36258cc0b68c2bdf7d7c4486d22cdf724554c41a2b7c254134c977908d683d65089047927678,JF152207,Y,2/18/2022 17:10,30,UNKNOWN,UNKNOWN,UNKNOWN,UNKNOWN,SIDESWIPE SAME DIRECTION,NOT DIVIDED,,STRAIGHT AND LEVEL,UNKNOWN,UNKNOWN,NOT ON SCENE (DESK REPORT),NO INJURY / DRIVE AWAY,,,,$500 OR LESS,2/22/2022 9:40,UNABLE TO DETERMINE,UNABLE TO DETERMINE,7544,S,STONY ISLAND AVE,411,,,,,,,2,NO INDICATION OF INJURY,0,0,0,0,0,2,0,17,6,2,41.75739621,-87.58625101,POINT (-87.586251011984 41.757396213166)
d2292462e0dac7a928317b07a655b3a7875d075788448f17a9163867a3e99b1430dd571df803cee026ab68916af488e6a3b83f613c00ce7b02fb5c6b0578e09a,JF148756,,2/18/2022 15:00,30,NO CONTROLS,NO CONTROLS,CLEAR,DAYLIGHT,PARKED MOTOR VEHICLE,ONE-WAY,,STRAIGHT AND LEVEL,DRY,NO DEFECTS,NOT ON SCENE (DESK REPORT),NO INJURY / DRIVE AWAY,,,Y,"OVER $1,500",2/18/2022 16:33,UNABLE TO DETERMINE,UNABLE TO DETERMINE,3231,N,SPRINGFIELD AVE,1732,,,,,,,2,NO INDICATION OF INJURY,0,0,0,0,0,1,0,15,6,2,41.94001885,-87.72474354,POINT (-87.724743541253 41.940018850907)
f0a17642134542259de9068532342609c500d60e1fccc8a77ea7378121f1a8ba422e4f01410f23515b951db3c5d47ba7b039186e2ad5f84a77a8341f9c51f7da,JF162671,,3/4/2022 5:45,30,UNKNOWN,UNKNOWN,UNKNOWN,UNKNOWN,PARKED MOTOR VEHICLE,UNKNOWN,,STRAIGHT AND LEVEL,UNKNOWN,UNKNOWN,NOT ON SCENE (DESK REPORT),INJURY AND / OR TOW DUE TO CRASH,,,Y,"OVER $1,500",3/4/2022 8:30,UNABLE TO DETERMINE,UNABLE TO DETERMINE,6875,S,CRANDON AVE,331,,,,,,,2,NO INDICATION OF INJURY,0,0,0,0,0,1,0,5,6,3,41.76996773,-87.56972966,POINT (-87.569729663571 41.769967729397)
f2a9c2fddc9c573714e2b0edb2eaa36f872b560093f8a810eb3cbf63c33a2f2bb5adf552c1bcf6926f43b5c0c1ddc5d4ac314e16444b4e4f4dded18b9fd0e2e0,JF178730,,3/18/2022 19:27,30,NO CONTROLS,NO CONTROLS,RAIN,"DARKNESS, LIGHTED ROAD",REAR TO FRONT,PARKING LOT,,STRAIGHT AND LEVEL,WET,NO DEFECTS,ON SCENE,NO INJURY / DRIVE AWAY,,,,"OVER $1,500",3/18/2022 19:28,IMPROPER BACKING,IMPROPER BACKING,5203,S,KEDZIE AVE,923,,,,,,,2,NO INDICATION OF INJURY,0,0,0,0,0,2,0,19,6,3,41.79884773,-87.70356309,POINT (-87.703563090232 41.798847724535)
b8a3ccc4285f52506c4c6cc60278892a5b5d23f5e968598ce730aea4a0caff2aa5c21a6e886c111747d5fb06e34a7c979ac386eb6f4c0ef35fc9f27b992e80bf,JF157921,,2/25/2022 23:30,30,TRAFFIC SIGNAL,UNKNOWN,UNKNOWN,UNKNOWN,ANGLE,NOT DIVIDED,,STRAIGHT AND LEVEL,ICE,UNKNOWN,NOT ON SCENE (DESK REPORT),INJURY AND / OR TOW DUE TO CRASH,Y,,,"OVER $1,500",2/27/2022 17:30,WEATHER,UNABLE TO DETERMINE,3410,S,DAMEN AVE,912,,,,,,,2,NONINCAPACITATING INJURY,1,0,0,1,0,1,0,23,6,2,41.83183581,-87.67546184,POINT (-87.6754618393 41.831835810861)
d3728488293ae80f609e5aea79a5fc27673605456201adc045f94963720ec2798fb1929ec9ac1025fcb706c7b79f9c8bc486cde31bdbd4d6baa934a22b7d5b15,JF148877,,2/18/2022 18:11,30,TRAFFIC SIGNAL,FUNCTIONING PROPERLY,CLEAR,"DARKNESS, LIGHTED ROAD",TURNING,NOT DIVIDED,,STRAIGHT AND LEVEL,SNOW OR SLUSH,UNKNOWN,ON SCENE,NO INJURY / DRIVE AWAY,,,Y,"$501 - $1,500",2/18/2022 18:28,UNABLE TO DETERMINE,UNABLE TO DETERMINE,5100,S,LOOMIS BLVD,934,,,,,,,3,NO INDICATION OF INJURY,0,0,0,0,0,5,0,18,6,2,41.80129112,-87.66006476,POINT (-87.66006476312 41.801291117241)
fc20d0a64e0384619b32ca671a649f7b3c9091d2d2a392443af0d9e06aa64a43b4a60a0e1b6455232ad08c5bb0c1c0d8929b869cb09e5c86e58c7ce3bb01fee9,JF185171,,3/24/2022 14:35,30,NO CONTROLS,NO CONTROLS,CLOUDY/OVERCAST,DAYLIGHT,SIDESWIPE SAME DIRECTION,NOT DIVIDED,,STRAIGHT AND LEVEL,WET,NO DEFECTS,ON SCENE,NO INJURY / DRIVE AWAY,,,Y,$500 OR LESS,3/24/2022 14:50,UNABLE TO DETERMINE,NOT APPLICABLE,5031,S,PULASKI RD,821,,,,,,,2,NO INDICATION OF INJURY,0,0,0,0,0,3,0,14,5,3,41.80140618,-87.72325125,POINT (-87.723251253009 41.801406179982)
f3281c37169a72febeaff4f94e265984c965a20a6086435d7a0d8b1a0e705a10e231bda02eb680332b514032fb8544b9d6603b07a902d9acfcff090f25cdb93e,JF178869,,3/18/2022 23:00,30,TRAFFIC SIGNAL,UNKNOWN,RAIN,"DARKNESS, LIGHTED ROAD",REAR END,FOUR WAY,,STRAIGHT AND LEVEL,WET,UNKNOWN,NOT ON SCENE (DESK REPORT),NO INJURY / DRIVE AWAY,,,Y,"OVER $1,500",3/18/2022 23:15,WEATHER,UNABLE TO DETERMINE,3700,S,KEDZIE AVE,911,,,,,,,2,NO INDICATION OF INJURY,0,0,0,0,0,2,0,23,6,3,41.82622161,-87.70465031,POINT (-87.704650314326 41.82622160482)
b92935820a495bc7ee577c898bd952946431e11809f86e86ef1a6e439dd34511209a70e8e640df6c598b27a8b620fd5b94330411dacc06ff849e26574b5ddc9f,JF155863,,2/25/2022 15:45,30,NO CONTROLS,NO CONTROLS,SNOW,DAYLIGHT,REAR END,NOT DIVIDED,,STRAIGHT AND LEVEL,SNOW OR SLUSH,NO DEFECTS,NOT ON SCENE (DESK REPORT),NO INJURY / DRIVE AWAY,,,,"OVER $1,500",2/25/2022 16:16,FOLLOWING TOO CLOSELY,FOLLOWING TOO CLOSELY,7100,S,MICHIGAN AVE,323,,,,,,,3,NO INDICATION OF INJURY,0,0,0,0,0,3,0,15,6,2,41.76548541,-87.62183435,POINT (-87.621834351116 41.765485411808)
fc98f68cea1eb39e21ac114da346eb7044c2ea40255802d329b330156a68a3e918defbab3dbeabe66a7838d37131b49b76345dbddff532ad93b214e147891530,JF184515,,3/24/2022 1:35,30,NO CONTROLS,NO CONTROLS,CLEAR,"DARKNESS, LIGHTED ROAD",PARKED MOTOR VEHICLE,NOT DIVIDED,,STRAIGHT AND LEVEL,WET,UNKNOWN,ON SCENE,INJURY AND / OR TOW DUE TO CRASH,,,,"OVER $1,500",3/24/2022 1:38,UNDER THE INFLUENCE OF ALCOHOL/DRUGS (USE WHEN ARREST IS EFFECTED),UNDER THE INFLUENCE OF ALCOHOL/DRUGS (USE WHEN ARREST IS EFFECTED),2330,W,BARRY AVE,1931,,,,,,,4,NO INDICATION OF INJURY,0,0,0,0,0,1,0,1,5,3,41.93775631,-87.68677038,POINT (-87.686770379004 41.937756305809)
d4df56256590301cbcb844e17c034a61acf78baaedfd1e785321b7b3fafcd1e22283b6afcadaa41a7e27bbf4975cc695064cd59dd5b225a6d305ab1aa785893e,JF148670,,2/18/2022 14:30,30,NO CONTROLS,NO CONTROLS,CLEAR,DAYLIGHT,REAR END,NOT DIVIDED,,STRAIGHT AND LEVEL,UNKNOWN,UNKNOWN,NOT ON SCENE (DESK REPORT),INJURY AND / OR TOW DUE TO CRASH,,,,"OVER $1,500",2/18/2022 15:30,UNABLE TO DETERMINE,UNABLE TO DETERMINE,5855,N,LINCOLN AVE,2011,,,,,,,2,NONINCAPACITATING INJURY,1,0,0,1,0,2,0,14,6,2,41.98796404,-87.70306859,POINT (-87.703068591872 41.987964042697)
d502daa95a13fd2faa7f829f97e87520ee0adb1cd78d5b57e19e873a5f618ae838802994aef382e7de315ae93d067671a1b87c9f54b3465e9b5fc05f62a399ff,JF148481,,2/18/2022 12:15,30,NO CONTROLS,NO CONTROLS,CLEAR,DAYLIGHT,TURNING,DIVIDED - W/MEDIAN BARRIER,,STRAIGHT AND LEVEL,SNOW OR SLUSH,UNKNOWN,ON SCENE,INJURY AND / OR TOW DUE TO CRASH,Y,,,"OVER $1,500",2/18/2022 12:15,FAILING TO YIELD RIGHT-OF-WAY,UNABLE TO DETERMINE,1500,S,WOOD ST,1233,,,,,,,2,"REPORTED, NOT EVIDENT",1,0,0,0,1,1,0,12,6,2,41.86135775,-87.671341,POINT (-87.671340996355 41.861357745509)
46d77e396e6656d98a83b3e052bc653878228eb93b7a6dfba846be8ddf0b1d8d18fe994173d5dec36eab295ca22c6736bb837fdc9a10f6d4b570697da502ab41,JE123981,,1/21/2021 20:30,30,STOP SIGN/FLASHER,FUNCTIONING PROPERLY,CLEAR,"DARKNESS, LIGHTED ROAD",ANGLE,T-INTERSECTION,,STRAIGHT AND LEVEL,DRY,NO DEFECTS,,NO INJURY / DRIVE AWAY,Y,,Y,"OVER $1,500",1/26/2021 17:15,DISREGARDING STOP SIGN,FAILING TO YIELD RIGHT-OF-WAY,7500,S,EGGLESTON AVE,621,,,,,,,2,NO INDICATION OF INJURY,0,0,0,0,0,3,0,20,5,1,41.7579638,-87.63584533,POINT (-87.635845330525 41.757963798527)
46dafe4a108baebfa10a99bc36f6056226557e94bc624f4d6b31136d409296b00185efbac666b2a70103f2fbd2d806f6eb75d19c71ce5982e29e17aa8d7f616d,JE414196,,10/18/2021 17:03,30,STOP SIGN/FLASHER,FUNCTIONING PROPERLY,CLEAR,DAYLIGHT,TURNING,DIVIDED - W/MEDIAN (NOT RAISED),,STRAIGHT AND LEVEL,DRY,NO DEFECTS,,INJURY AND / OR TOW DUE TO CRASH,Y,,,"OVER $1,500",10/18/2021 17:07,FAILING TO YIELD RIGHT-OF-WAY,UNABLE TO DETERMINE,4400,N,LINCOLN AVE,1911,,,,,,,2,NO INDICATION OF INJURY,0,0,0,0,0,3,0,17,2,10,41.96142634,-87.6840214,POINT (-87.684021397337 41.961426336795)
fcea72301899ba1b89b93a3b72626e0256abcccb30da3917f062126fc1cae906ad822cb5a22785f8e8ce7bb1d9023188f2545315e7e5f13b3e51ecb0d39ef7c1,JD365395,N,9/12/2020 20:45,30,NO CONTROLS,NO CONTROLS,CLEAR,"DARKNESS, LIGHTED ROAD",PARKED MOTOR VEHICLE,DIVIDED - W/MEDIAN (NOT RAISED),,STRAIGHT AND LEVEL,WET,NO DEFECTS,,INJURY AND / OR TOW DUE TO CRASH,,,Y,"OVER $1,500",9/12/2020 21:24,UNABLE TO DETERMINE,NOT APPLICABLE,4907,W,HARRISON ST,1533,,,,,,,2,NO INDICATION OF INJURY,0,0,0,0,0,1,0,20,7,9,41.87297584,-87.74741085,POINT (-87.74741084504 41.872975834609)
b9c10c5a539d138f1c299c9c39a6d5cab5fbcb2e28199948fd7444fb3ac8f7c677dde690ba3f63ce36b70d393111fbb0bacccf431301e9a55d402a5730b64e51,JF155725,,2/25/2022 13:30,30,NO CONTROLS,NO CONTROLS,SNOW,DAYLIGHT,PARKED MOTOR VEHICLE,PARKING LOT,,STRAIGHT AND LEVEL,SNOW OR SLUSH,NO DEFECTS,,INJURY AND / OR TOW DUE TO CRASH,,,,"$501 - $1,500",2/25/2022 14:00,"OPERATING VEHICLE IN ERRATIC, RECKLESS, CARELESS, NEGLIGENT OR AGGRESSIVE MANNER","OPERATING VEHICLE IN ERRATIC, RECKLESS, CARELESS, NEGLIGENT OR AGGRESSIVE MANNER",870,W,DIVISION ST,1822,,,,,,,2,NO INDICATION OF INJURY,0,0,0,0,0,2,0,13,6,2,41.903716,-87.65075532,POINT (-87.650755323502 41.903716001812)
b9f0018a6f498f277aec55f8b79c00bc6050489cd99c970a029f1623ac8f1ca740f7e15cde5eb6bb8a2abb5f8d643d1c4cf2e33a07a74522a3c3059646ef2490,JF156090,,2/25/2022 1:37,30,NO CONTROLS,NO CONTROLS,UNKNOWN,"DARKNESS, LIGHTED ROAD",PARKED MOTOR VEHICLE,DIVIDED - W/MEDIAN (NOT RAISED),,STRAIGHT AND LEVEL,UNKNOWN,UNKNOWN,ON SCENE,INJURY AND / OR TOW DUE TO CRASH,,,Y,"OVER $1,500",2/25/2022 19:57,UNABLE TO DETERMINE,UNABLE TO DETERMINE,6319,N,PULASKI RD,1711,,,,,,,2,NO INDICATION OF INJURY,0,0,0,0,0,1,0,1,6,2,41.99603109,-87.72875689,POINT (-87.728756892833 41.996031091322)
f21f36ef04c6a8eb8cd5f18eae2d638d7fc6b92d046bd7f552f2965b7c213ad4d86bbc45aaa13cea65211cb5d4ed312c17700dacedf4838ca52399c08fd0c308,JF163021,,3/4/2022 11:30,30,NO CONTROLS,NO CONTROLS,CLEAR,DAYLIGHT,PARKED MOTOR VEHICLE,OTHER,,STRAIGHT AND LEVEL,UNKNOWN,UNKNOWN,NOT ON SCENE (DESK REPORT),NO INJURY / DRIVE AWAY,,,,"OVER $1,500",3/4/2022 12:00,UNABLE TO DETERMINE,UNABLE TO DETERMINE,6700,S,ASHLAND AVE,725,,,,,,,2,NO INDICATION OF INJURY,0,0,0,0,0,1,0,11,6,3,41.77209823,-87.66416462,POINT (-87.664164617596 41.77209823278)
ba294e5f01113fe6049c91c0777e08e30b181fd7bb0d9ff14855db33d8c2dfecfbae2050880470da7a915a7f96ddd4f0877a5b4cf8dfc4ab031475f2ede26fd0,JF155315,,2/25/2022 6:52,30,NO CONTROLS,NO CONTROLS,SNOW,DAYLIGHT,HEAD ON,NOT DIVIDED,,STRAIGHT AND LEVEL,SNOW OR SLUSH,NO DEFECTS,ON SCENE,INJURY AND / OR TOW DUE TO CRASH,,,,"OVER $1,500",2/25/2022 7:11,WEATHER,WEATHER,4101,S,KEDZIE AVE,921,,,,,,,3,NO INDICATION OF INJURY,0,0,0,0,0,3,0,6,6,2,41.81894621,-87.70425143,POINT (-87.704251431756 41.818946207448)
f3a5c86133c370f7cfa7eee06429c5d03708e0b8bf414e5559554a4b6ac9f6f0b7e192a1601ff8b0d36e67d1394e5ff8fb0992b30677750973d4be1ebe55dcad,JF178449,,3/18/2022 14:16,30,TRAFFIC SIGNAL,FUNCTIONING PROPERLY,RAIN,DAYLIGHT,ANGLE,FOUR WAY,,STRAIGHT AND LEVEL,WET,NO DEFECTS,ON SCENE,INJURY AND / OR TOW DUE TO CRASH,Y,,,"OVER $1,500",3/18/2022 16:14,FAILING TO YIELD RIGHT-OF-WAY,NOT APPLICABLE,8605,S,HALSTED ST,622,,,,,,,2,NONINCAPACITATING INJURY,5,0,0,5,0,0,0,14,6,3,41.7378492,-87.64352086,POINT (-87.643520856539 41.73784919965)
ba4e77acc4b53b30d6299a34a541e0223a9f4d04fe619af32d393b9c4d9ecc78a7c68c459057b31dc00f86c9575623572f29c80eeb7c3f66624a5d7004ba7a6d,JF156230,Y,2/25/2022 22:45,10,STOP SIGN/FLASHER,FUNCTIONING PROPERLY,SNOW,DARKNESS,FIXED OBJECT,PARKING LOT,,STRAIGHT AND LEVEL,SNOW OR SLUSH,NO DEFECTS,ON SCENE,INJURY AND / OR TOW DUE TO CRASH,,Y,,"OVER $1,500",2/25/2022 22:49,UNABLE TO DETERMINE,NOT APPLICABLE,1430,S,ASHLAND AVE,1233,,,,,,,1,NO INDICATION OF INJURY,0,0,0,0,0,1,0,22,6,2,41.86240243,-87.66641897,POINT (-87.666418968157 41.862402424927)
ba5ed52ac7b7188b183ca657169cdc7f426d6bc550526e6cffd2488bd7b73dbf40c53d1c326b7f2daedac16c80bfdf747308762a46b3fa7adf0c12208ed80404,JF555551,,2/25/2022 11:05,30,STOP SIGN/FLASHER,FUNCTIONING PROPERLY,CLEAR,DAYLIGHT,ANGLE,NOT DIVIDED,,STRAIGHT AND LEVEL,DRY,NO DEFECTS,NOT ON SCENE (DESK REPORT),NO INJURY / DRIVE AWAY,,,,"OVER $1,500",2/25/2022 11:25,FAILING TO YIELD RIGHT-OF-WAY,NOT APPLICABLE,3300,N,HALSTED ST,1924,,,,,,,2,NO INDICATION OF INJURY,0,0,0,0,0,2,0,11,6,2,41.94183828,-87.64947571,POINT (-87.649475713797 41.941838281218)
d66c3989add74b6aeec3e4f1498ff6e428ec4e83cc230b81142daa12d296565775b03b450d99fd711e36244a4c0e32549eb3ac3c694a6b59c631ab5667f680f2,JF148656,,2/18/2022 15:20,30,STOP SIGN/FLASHER,FUNCTIONING PROPERLY,SNOW,DAYLIGHT,REAR END,NOT DIVIDED,,STRAIGHT AND LEVEL,SNOW OR SLUSH,NO DEFECTS,ON SCENE,NO INJURY / DRIVE AWAY,Y,,,"OVER $1,500",2/18/2022 15:24,FOLLOWING TOO CLOSELY,NOT APPLICABLE,3500,S,ARCHER AVE,912,,,,,,,2,NO INDICATION OF INJURY,0,0,0,0,0,2,0,15,6,2,41.83040913,-87.67787617,POINT (-87.6778761696 41.830409126743)
f49a81b51a5688d2d6c61cdcb565d6b39b6bea6dc9204a38d5cc3504cf40621e6f8e377880b501a0717cc44f59f7f3dd1cf5d9feca5add162d9022ad1686ae6d,JF178759,,3/18/2022 19:23,35,NO CONTROLS,NO CONTROLS,RAIN,DUSK,TURNING,OTHER,,STRAIGHT AND LEVEL,WET,NO DEFECTS,ON SCENE,NO INJURY / DRIVE AWAY,,,,"OVER $1,500",3/18/2022 19:23,UNDER THE INFLUENCE OF ALCOHOL/DRUGS (USE WHEN ARREST IS EFFECTED),DRIVING SKILLS/KNOWLEDGE/EXPERIENCE,9361,S,COTTAGE GROVE AVE,633,,N,,,,,2,NO INDICATION OF INJURY,0,0,0,0,0,3,0,19,6,3,41.72386029,-87.60436472,POINT (-87.604364720842 41.72386028931)
f4fd69d8b66ce9e1c351349687e5baec0f0bf2ddca496fc88c2a286bf1b37b22ecbca9563d894bdd23b194fe3db16ec5e443979e1ee6feb6c22f371a7685d985,JF178874,,3/18/2022 23:00,30,NO CONTROLS,NO CONTROLS,RAIN,"DARKNESS, LIGHTED ROAD",HEAD ON,NOT DIVIDED,,STRAIGHT AND LEVEL,WET,NO DEFECTS,ON SCENE,INJURY AND / OR TOW DUE TO CRASH,,,,"OVER $1,500",3/18/2022 23:00,UNDER THE INFLUENCE OF ALCOHOL/DRUGS (USE WHEN ARREST IS EFFECTED),UNDER THE INFLUENCE OF ALCOHOL/DRUGS (USE WHEN ARREST IS EFFECTED),10,W,31ST ST,133,,,,,,,3,INCAPACITATING INJURY,3,0,3,0,0,3,0,23,6,3,41.83840558,-87.62715546,POINT (-87.62715545802 41.838405578816)
bad43185c134aa0602a30bd9c068bf88f24dcb433a0dca45a04a959f9bc357620183b575a59fadaec0c9d00c5a467d2478dc56807554e2caae16b429f30e8ee8,JF155894,,2/25/2022 16:20,30,NO CONTROLS,NO CONTROLS,SNOW,DAYLIGHT,PEDESTRIAN,NOT DIVIDED,,STRAIGHT AND LEVEL,SNOW OR SLUSH,UNKNOWN,ON SCENE,INJURY AND / OR TOW DUE TO CRASH,,,,"OVER $1,500",2/25/2022 16:21,UNABLE TO DETERMINE,NOT APPLICABLE,3318,S,HALSTED ST,913,,,,,,,2,NONINCAPACITATING INJURY,1,0,0,1,0,1,0,16,6,2,41.83417914,-87.64633708,POINT (-87.646337075839 41.834179138546)
d7247e9708c16aa5cc6774c1ddbd918892648cf4a151bfe26db56c6e2a94e79920a1cc81c18c97df9f39b3719624875b7079c1475e8f21b9bb1ab584338173a7,JF148420,,2/18/2022 11:14,30,TRAFFIC SIGNAL,FUNCTIONING PROPERLY,CLEAR,DAYLIGHT,ANGLE,FOUR WAY,,STRAIGHT AND LEVEL,WET,NO DEFECTS,ON SCENE,INJURY AND / OR TOW DUE TO CRASH,Y,,,"OVER $1,500",2/18/2022 11:14,FAILING TO YIELD RIGHT-OF-WAY,NOT APPLICABLE,8700,S,JEFFERY BLVD,412,Y,Y,,,,,2,FATAL,2,1,0,1,0,0,0,11,6,2,41.73696313,-87.57586271,POINT (-87.575862708451 41.736963127272)
fdbf14014320196d3b1b491d30e65c6d1d990ea5cffd05d0fa455c20c6799bbdd54168adffc9da9d09b24209702124d51dd5c65bc3efafa4fd6d46b900c08d53,JF184702,,3/24/2022 8:31,30,STOP SIGN/FLASHER,UNKNOWN,RAIN,DAYLIGHT,ANGLE,FOUR WAY,,STRAIGHT AND LEVEL,WET,NO DEFECTS,ON SCENE,INJURY AND / OR TOW DUE TO CRASH,Y,,,"OVER $1,500",3/24/2022 8:42,WEATHER,FAILING TO REDUCE SPEED TO AVOID CRASH,10768,S,MICHIGAN AVE,513,,Y,,,,,2,"REPORTED, NOT EVIDENT",1,0,0,0,1,2,0,8,5,3,41.69817,-87.6210242,POINT (-87.621024196753 41.698169997345)
fd513d10e664f2def020f1cacfc56e902758d2e0bd744632f5af5a3ab191d6fe6533fb01fce230e56a92334da73ab29e971624c21cfdee79f065785846cfe85f,JD101193,,1/1/2020 23:18,35,TRAFFIC SIGNAL,FUNCTIONING PROPERLY,CLEAR,"DARKNESS, LIGHTED ROAD",TURNING,FOUR WAY,,STRAIGHT AND LEVEL,DRY,NO DEFECTS,,INJURY AND / OR TOW DUE TO CRASH,Y,,,"OVER $1,500",1/1/2020 23:18,IMPROPER OVERTAKING/PASSING,UNABLE TO DETERMINE,1448,W,112TH PL,2234,,,,,,,2,FATAL,3,1,0,2,0,2,0,23,4,1,41.68942688,-87.65875179,POINT (-87.658751788386 41.689426881132)
d7c51dfab91fc636cff62a8399a77293365eaaeea6c8626134e2f4c3be8ffc8a0625031b697c9f5f90076b1630e53c4785ae9b1802b13b8b0beaf1d8aababc60,JF148829,,2/18/2022 12:48,30,NO CONTROLS,NO CONTROLS,UNKNOWN,UNKNOWN,PARKED MOTOR VEHICLE,OTHER,,STRAIGHT AND LEVEL,UNKNOWN,UNKNOWN,NOT ON SCENE (DESK REPORT),NO INJURY / DRIVE AWAY,,,Y,"OVER $1,500",2/18/2022 17:45,UNABLE TO DETERMINE,NOT APPLICABLE,10000,W,OHARE ST,1651,,,,,,,2,NO INDICATION OF INJURY,0,0,0,0,0,1,0,12,6,2,41.97620114,-87.90530913,POINT (-87.905309125103 41.976201139024)
bb63ae8c714ec4f3a4023eb5a25c5973aa24b6b0073039bfaec4c9d577ee4c633aa387de7d5658669eebbc09e64eb83663ea0aca50ac936cf8b571eed72eddc5,JF156007,,2/25/2022 17:20,30,NO CONTROLS,NO CONTROLS,CLEAR,DUSK,SIDESWIPE SAME DIRECTION,NOT DIVIDED,,STRAIGHT AND LEVEL,WET,NO DEFECTS,NOT ON SCENE (DESK REPORT),NO INJURY / DRIVE AWAY,,,Y,$500 OR LESS,2/25/2022 18:20,UNABLE TO DETERMINE,UNABLE TO DETERMINE,1417,S,MICHIGAN AVE,132,,,,,,,2,NO INDICATION OF INJURY,0,0,0,0,0,2,0,17,6,2,41.86358121,-87.62392148,POINT (-87.623921479068 41.863581214325)
bb7bccb1c946ceedd4ba7b827d1845edeaaede811b762ce724f3f2ceaa838669fe64941ef48241af92cae37907913f58e7b9df02d7fbeab730bbb0f5226e3dd0,JF155868,,2/25/2022 15:15,30,TRAFFIC SIGNAL,FUNCTIONING PROPERLY,SNOW,DAYLIGHT,TURNING,CENTER TURN LANE,,STRAIGHT AND LEVEL,WET,NO DEFECTS,ON SCENE,NO INJURY / DRIVE AWAY,,,,"$501 - $1,500",2/25/2022 15:30,IMPROPER TURNING/NO SIGNAL,NOT APPLICABLE,7906,S,WESTERN AVE,835,,,,,,,3,NO INDICATION OF INJURY,0,0,0,0,0,2,0,15,6,2,41.74988069,-87.68298645,POINT (-87.682986447515 41.749880689923)
bb7bd29ff5eb2046e8a3f2e21cd545bd381808ece934cad916c9c678a8b39663c9ce260140eb539c18a3bbc06149af900389a32e9908ff293156dda19f640a3b,JF156117,,2/25/2022 20:26,30,NO CONTROLS,NO CONTROLS,CLEAR,"DARKNESS, LIGHTED ROAD",PARKED MOTOR VEHICLE,NOT DIVIDED,,STRAIGHT AND LEVEL,DRY,NO DEFECTS,ON SCENE,INJURY AND / OR TOW DUE TO CRASH,,,,"OVER $1,500",2/25/2022 20:33,FAILING TO REDUCE SPEED TO AVOID CRASH,UNABLE TO DETERMINE,705,W,119TH ST,524,,,,,,,5,NO INDICATION OF INJURY,0,0,0,0,0,2,0,20,6,2,41.67772654,-87.63973823,POINT (-87.639738226125 41.677726540821)
f5a2059614d7edc7d536ff6e17e250481d14e68403abb78b649ba1d2d9616e7fe7122b2a53916579bf89d961b0938636f4dfde84cd2b3d29ed894954ef17b5f8,JD286119,,7/4/2020 21:58,30,TRAFFIC SIGNAL,UNKNOWN,CLEAR,UNKNOWN,REAR END,NOT DIVIDED,,STRAIGHT AND LEVEL,DRY,UNKNOWN,,NO INJURY / DRIVE AWAY,,,N,"OVER $1,500",7/4/2020 22:30,FOLLOWING TOO CLOSELY,FAILING TO REDUCE SPEED TO AVOID CRASH,605,E,75TH ST,624,,,,,,,3,NO INDICATION OF INJURY,0,0,0,0,0,4,0,21,7,7,41.75837919,-87.61002483,POINT (-87.610024827117 41.758379193848)
fdd288e1ab233c09f83555084a179154a8b368d23fc95ddd3398f1a1e51daffa97225ca6c145f507f7464ae212940203170580424f8a2810b0586243ed5afa76,JD371945,,9/18/2020 23:33,30,STOP SIGN/FLASHER,FUNCTIONING PROPERLY,CLEAR,"DARKNESS, LIGHTED ROAD",ANGLE,NOT DIVIDED,,STRAIGHT AND LEVEL,DRY,NO DEFECTS,,INJURY AND / OR TOW DUE TO CRASH,Y,,,"$501 - $1,500",9/18/2020 23:33,UNABLE TO DETERMINE,UNABLE TO DETERMINE,4600,W,LAKE ST,1113,,,,,,,2,INCAPACITATING INJURY,3,0,3,0,0,0,0,23,6,9,41.88640484,-87.74028542,POINT (-87.740285417973 41.886404835909)