CRASH_RECORD_ID,RD_NO,CRASH_DATE_EST_I,CRASH_DATE,POSTED_SPEED_LIMIT,TRAFFIC_CONTROL_DEVICE,DEVICE_CONDITION,WEATHER_CONDITION,LIGHTING_CONDITION,FIRST_CRASH_TYPE,TRAFFICWAY_TYPE,LANE_CNT,ALIGNMENT,ROADWAY_SURFACE_COND,ROAD_DEFECT,REPORT_TYPE,CRASH_TYPE,INTERSECTION_RELATED_I,NOT_RIGHT_OF_WAY_I,HIT_AND_RUN_I,DAMAGE,DATE_POLICE_NOTIFIED,PRIM_CONTRIBUTORY_CAUSE,SEC_CONTRIBUTORY_CAUSE,STREET_NO,STREET_DIRECTION,STREET_NAME,BEAT_OF_OCCURRENCE,PHOTOS_TAKEN_I,STATEMENTS_TAKEN_I,DOORING_I,WORK_ZONE_I,WORK_ZONE_TYPE,WORKERS_PRESENT_I,NUM_UNITS,MOST_SEVERE_INJURY,INJURIES_TOTAL,INJURIES_FATAL,INJURIES_INCAPACITATING,INJURIES_NON_INCAPACITATING,INJURIES_REPORTED_NOT_EVIDENT,INJURIES_NO_INDICATION,INJURIES_UNKNOWN,CRASH_HOUR,CRASH_DAY_OF_WEEK,CRASH_MONTH,LATITUDE,LONGITUDE,LOCATION
f72713f34f11874de9749ce36d04967c5bf5de2780d08f2312ed9a265cb866a63a7e4bcbd295f09acfcf18a3bece0db39f365e3d2e0099abbec6d301aec855b5,JF178386,,3/18/2022 14:30,30,NO CONTROLS,NO CONTROLS,RAIN,DAYLIGHT,SIDESWIPE SAME DIRECTION,NOT DIVIDED,,STRAIGHT AND LEVEL,WET,NO DEFECTS,NOT ON SCENE (DESK REPORT),NO INJURY / DRIVE AWAY,,,Y,"OVER $1,500",3/18/2022 14:50,UNABLE TO DETERMINE,NOT APPLICABLE,250,W,87TH ST,622,,,,,,,2,NO INDICATION OF INJURY,0,0,0,0,0,2,0,14,6,3,41.73613995,-87.63030152,POINT (-87.630301515795 41.736139947861)
f3bed9bca5571748ebbae0f093f8da3b9b36ab495e06a340f685145d933d65a9336ee1cdeb4caaebb9f4f2a760fcadf9da08874cb285c6d71dc88f114181a855,JF163073,,3/4/2022 11:30,30,TRAFFIC SIGNAL,FUNCTIONING PROPERLY,CLEAR,DAYLIGHT,REAR END,DIVIDED - W/MEDIAN (NOT RAISED),,STRAIGHT AND LEVEL,DRY,NO DEFECTS,NOT ON SCENE (DESK REPORT),INJURY AND / OR TOW DUE TO CRASH,,,,$500 OR LESS,3/4/2022 13:28,UNABLE TO DETERMINE,UNABLE TO DETERMINE,3153,N,KIMBALL AVE,1412,,,,,,,2,"REPORTED, NOT EVIDENT",1,0,0,0,1,1,0,11,6,3,41.9390249,-87.71232813,POINT (-87.71232813413 41.939024903573)
d9c92b30190aa1c39a0213fd8c0f98c3a2200f264b8c6a972eb0e5768c2fd886a073d6d84508c598b64cf4bb0c57b5289fb1206fc16f515d10e1ba882447793f,JF152556,,2/18/2022 3:00,25,NO CONTROLS,NO CONTROLS,UNKNOWN,UNKNOWN,PARKED MOTOR VEHICLE,ONE-WAY,,STRAIGHT AND LEVEL,UNKNOWN,UNKNOWN,NOT ON SCENE (DESK REPORT),NO INJURY / DRIVE AWAY,,,,"$501 - $1,500",2/22/2022 14:50,UNABLE TO DETERMINE,NOT APPLICABLE,2204,N,MOBILE AVE,2512,,,,,,,2,NO INDICATION OF INJURY,0,0,0,0,0,1,0,3,6,2,41.92080062,-87.78306831,POINT (-87.783068313088 41.920800616674)
bcef8377a2357f2fa52c2755794e0d941ad54e1a098c163c57387d59553eafedb2fe18b58589b9605289cff2bc8e7f1cc3ad599b4d99c707bebaf31b11b68688,JF156145,,2/25/2022 19:00,30,NO CONTROLS,NO CONTROLS,CLEAR,"DARKNESS, LIGHTED ROAD",REAR END,DIVIDED - W/MEDIAN (NOT RAISED),,STRAIGHT AND LEVEL,DRY,NO DEFECTS,NOT ON SCENE (DESK REPORT),NO INJURY / DRIVE AWAY,,,,"$501 - $1,500",2/25/2022 21:15,UNABLE TO DETERMINE,UNABLE TO DETERMINE,425,N,LA SALLE DR,1831,,,,,,,2,NO INDICATION OF INJURY,0,0,0,0,0,2,0,19,6,2,41.88996409,-87.63239972,POINT (-87.632399724456 41.889964087532)
f781ca1aaa991b0447c0c48b9ef93733983b98ada1ab4066fb8d2cd70ce93d7348f3e954949aab93ef21720dc4133322120657289fde2941f9fe196c6310c9a9,JF178879,,3/18/2022 21:37,25,NO CONTROLS,NO CONTROLS,RAIN,DARKNESS,FIXED OBJECT,NOT DIVIDED,,STRAIGHT AND LEVEL,WET,UNKNOWN,ON SCENE,NO INJURY / DRIVE AWAY,,,,"OVER $1,500",3/18/2022 23:07,DRIVING SKILLS/KNOWLEDGE/EXPERIENCE,NOT APPLICABLE,4545,W,PALMER ST,2522,,,,,,,1,NO INDICATION OF INJURY,0,0,0,0,0,1,0,21,6,3,41.92054615,-87.74063917,POINT (-87.740639172995 41.920546150517)
bd841ae4dd8bab0ca115daba28c3656d2140089776eedea4d12b156c192dd57c5b11b64311a4b15df2db7c34487efbcc59669b6e7e1996ffec631e18b8a743a2,JF155253,,2/25/2022 2:20,30,TRAFFIC SIGNAL,FUNCTIONING PROPERLY,SNOW,"DARKNESS, LIGHTED ROAD",FIXED OBJECT,NOT DIVIDED,,STRAIGHT AND LEVEL,SNOW OR SLUSH,NO DEFECTS,ON SCENE,INJURY AND / OR TOW DUE TO CRASH,Y,,,"OVER $1,500",2/25/2022 2:21,UNABLE TO DETERMINE,WEATHER,5499,S,LARAMIE AVE,814,,,,,,,1,NO INDICATION OF INJURY,0,0,0,0,0,3,0,2,6,2,41.79297982,-87.75236283,POINT (-87.752362829822 41.792979818748)
db00eb03067a0b72658994dfaa4efaa5b1755bb6c043a4571c035902750e841cf01dd4cbc58c556aece05df0443f4f0433d2829045cb393facd628302f0ca9e1,JF149498,,2/18/2022 8:00,30,STOP SIGN/FLASHER,FUNCTIONING PROPERLY,CLEAR,DAYLIGHT,ANGLE,DIVIDED - W/MEDIAN (NOT RAISED),,STRAIGHT AND LEVEL,WET,UNKNOWN,NOT ON SCENE (DESK REPORT),NO INJURY / DRIVE AWAY,,,Y,"OVER $1,500",2/19/2022 14:20,UNABLE TO DETERMINE,UNABLE TO DETERMINE,1651,N,KEDZIE AVE,1421,,,,,,,2,NO INDICATION OF INJURY,0,0,0,0,0,2,0,8,6,2,41.91162177,-87.70664465,POINT (-87.706644649413 41.911621768552)
f4ea1495fe4494423ccb2e8849d10a1421fb31194c919bfbcc2cc821d108c8328fde4e387535ea9c0fbd907b2dc9005c1083deb373dd7f1e43757662825d0c14,JF163217,,3/4/2022 14:50,30,STOP SIGN/FLASHER,FUNCTIONING PROPERLY,CLEAR,DAYLIGHT,ANGLE,NOT DIVIDED,,STRAIGHT AND LEVEL,DRY,NO DEFECTS,ON SCENE,INJURY AND / OR TOW DUE TO CRASH,,,,"$501 - $1,500",3/4/2022 14:53,FAILING TO YIELD RIGHT-OF-WAY,NOT APPLICABLE,5926,W,DIVISION ST,2531,,,,,,,2,NO INDICATION OF INJURY,0,0,0,0,0,5,0,14,6,3,41.90212684,-87.77409148,POINT (-87.774091484496 41.902126837144)
ffb9a4a24ce0676ac564e58751943185542561199ca7a81f33526ae9d2ca0e9ed96bd8fe131e6096818126c3cf757a5c9757cd885d6fba7571a38aab6e2498ec,JF185817,,3/24/2022 6:00,40,NO CONTROLS,NO CONTROLS,RAIN,DAWN,SIDESWIPE SAME DIRECTION,NOT DIVIDED,,STRAIGHT AND LEVEL,WET,UNKNOWN,NOT ON SCENE (DESK REPORT),NO INJURY / DRIVE AWAY,,,Y,"OVER $1,500",3/25/2022 8:34,IMPROPER OVERTAKING/PASSING,DRIVING SKILLS/KNOWLEDGE/EXPERIENCE,954,N,LAKE SHORE DR,1833,,,,,,,3,NO INDICATION OF INJURY,0,0,0,0,0,3,0,6,5,3,41.90033266,-87.61957923,POINT (-87.619579230882 41.900332657888)
ffe785c73266a2a94c1c0429f2ed10c4d0565e051ef907ab5b192e4601eee2ad1160db4cd3aa9b9ae298ee74901c6fb78ef860bf9a992a47478a58769f0f7cb9,JF184729,,3/24/2022 8:48,30,TRAFFIC SIGNAL,FUNCTIONING PROPERLY,RAIN,DAYLIGHT,TURNING,Y-INTERSECTION,,STRAIGHT AND LEVEL,WET,NO DEFECTS,ON SCENE,NO INJURY / DRIVE AWAY,Y,,,"OVER $1,500",3/24/2022 8:52,FAILING TO YIELD RIGHT-OF-WAY,FAILING TO YIELD RIGHT-OF-WAY,200,E,130TH ST,532,,,,,,,3,NO INDICATION OF INJURY,0,0,0,0,0,4,0,8,5,3,41.65921351,-87.61718909,POINT (-87.617189092757 41.659213513068)
f91487055b09cc2f0047c2d160beddd8d314bfcd8a91e1777eff78886453e5740ddab9481ff2df5b138a74393d8ea023f20ccec43975f201e9008ad7021f17c4,JF178422,,3/18/2022 14:00,30,NO CONTROLS,UNKNOWN,RAIN,DAYLIGHT,PARKED MOTOR VEHICLE,NOT DIVIDED,,STRAIGHT AND LEVEL,WET,UNKNOWN,ON SCENE,INJURY AND / OR TOW DUE TO CRASH,,,,"OVER $1,500",3/18/2022 15:27,UNABLE TO DETERMINE,UNABLE TO DETERMINE,5534,S,RACINE AVE,713,,,,,,,2,NO INDICATION OF INJURY,0,0,0,0,0,1,0,14,6,3,41.7927145,-87.65498482,POINT (-87.654984823164 41.792714501094)
f9383e29661b993efa281656d77ac88517f108b37a7e58462431214133e7731efdd1af743b30c6827bd6f25fa0fe5892763222d7228989b90a41d9f1486b8465,JF178240,,3/18/2022 12:26,30,STOP SIGN/FLASHER,NO CONTROLS,RAIN,DAYLIGHT,PARKED MOTOR VEHICLE,NOT DIVIDED,,STRAIGHT AND LEVEL,WET,NO DEFECTS,ON SCENE,INJURY AND / OR TOW DUE TO CRASH,,,,"OVER $1,500",3/18/2022 12:30,FAILING TO REDUCE SPEED TO AVOID CRASH,NOT APPLICABLE,6038,W,BRYN MAWR AVE,1622,,,,,,,2,NO INDICATION OF INJURY,0,0,0,0,0,1,0,12,6,3,41.98301795,-87.77954026,POINT (-87.779540262986 41.983017947086)
dbba79dec96da3e37516a4f06d0394e5baff47485fac8d195db15df90e768f8a617584604a9002eccc00b127792ea2ec9abffdb36676aebdaa1a3b516de218a0,JF148541,,2/18/2022 13:01,30,NO CONTROLS,NO CONTROLS,CLEAR,DAYLIGHT,PARKED MOTOR VEHICLE,NOT DIVIDED,,STRAIGHT AND LEVEL,SNOW OR SLUSH,NO DEFECTS,ON SCENE,NO INJURY / DRIVE AWAY,,,Y,"OVER $1,500",2/18/2022 13:56,UNABLE TO DETERMINE,NOT APPLICABLE,3925,W,FILLMORE ST,1132,,,,,,,2,NO INDICATION OF INJURY,0,0,0,0,0,1,0,13,6,2,41.86789814,-87.72382578,POINT (-87.723825776875 41.867898142225)
bf64cce15182f90d9ff7dadba25b599d437209ee6949a080aab20126d4cf0d085c2145bd9dcbf0f7deb5429d9bf3aac96b3661f8fd11d90b87e3af5d2ad4e87a,JF155884,,2/25/2022 14:45,30,NO CONTROLS,NO CONTROLS,SNOW,DAYLIGHT,ANGLE,NOT DIVIDED,,STRAIGHT AND LEVEL,SNOW OR SLUSH,NO DEFECTS,NOT ON SCENE (DESK REPORT),INJURY AND / OR TOW DUE TO CRASH,,,,"$501 - $1,500",2/25/2022 16:30,FAILING TO YIELD RIGHT-OF-WAY,NOT APPLICABLE,2018,S,LOOMIS ST,1235,,,,,,,2,NO INDICATION OF INJURY,0,0,0,0,0,3,0,14,6,2,41.85454082,-87.66137243,POINT (-87.661372432013 41.854540823005)
dc3c91595a732bddc2d2e3f62895fbb4c89fd5f31c25ef790faca06d3f5a965f8a520e614e32196771350c4a92c114a70f61499815c85e34bbb4113a4d99c1fe,JF148817,,2/18/2022 14:26,30,NO CONTROLS,UNKNOWN,UNKNOWN,UNKNOWN,PARKED MOTOR VEHICLE,DIVIDED - W/MEDIAN (NOT RAISED),,STRAIGHT AND LEVEL,UNKNOWN,UNKNOWN,NOT ON SCENE (DESK REPORT),NO INJURY / DRIVE AWAY,,,,$500 OR LESS,2/18/2022 17:15,UNABLE TO DETERMINE,NOT APPLICABLE,2455,W,DEVON AVE,2413,,,,,,,2,NO INDICATION OF INJURY,0,0,0,0,0,1,0,14,6,2,41.99758421,-87.692089,POINT (-87.69208900063 41.997584207296)
fae45dca9121c5bcbdfb89d9a3aa263cad313fd993b8f5f248c82ef12ab67d8aff716040adc34765c9ae8f8599da5de4f803549b73eb887a2cc8ac756bff175d,JF180282,Y,3/18/2022 10:00,25,NO CONTROLS,NO CONTROLS,UNKNOWN,UNKNOWN,PARKED MOTOR VEHICLE,ONE-WAY,,STRAIGHT ON GRADE,UNKNOWN,NO DEFECTS,NOT ON SCENE (DESK REPORT),NO INJURY / DRIVE AWAY,,,Y,"OVER $1,500",3/20/2022 11:55,UNABLE TO DETERMINE,NOT APPLICABLE,553,W,WELLINGTON AVE,1934,,,,,,,2,NO INDICATION OF INJURY,0,0,0,0,0,1,0,10,6,3,41.93641571,-87.64392601,POINT (-87.643926011945 41.936415709774)
dc6eeebb0fc123d1397faf947aa8d60042a8c42bd7a892517fdc50d54d961427eb3f21652eb98aa1284ff2c82c98a8d89c610d690143600f3bcb0235fe7f72f2,JF148811,Y,2/18/2022 8:30,45,NO CONTROLS,NO CONTROLS,CLEAR,DAYLIGHT,REAR END,DIVIDED - W/MEDIAN BARRIER,,STRAIGHT AND LEVEL,DRY,NO DEFECTS,NOT ON SCENE (DESK REPORT),NO INJURY / DRIVE AWAY,,,,"$501 - $1,500",2/18/2022 17:20,FOLLOWING TOO CLOSELY,UNABLE TO DETERMINE,11600,W,IRVING PARK RD,1654,,,,,,,2,NO INDICATION OF INJURY,0,0,0,0,0,2,0,8,6,2,41.95376608,-87.91419707,POINT (-87.914197072743 41.953766077129)
f6033b7056d89edfb2b4d63b6e0bfc3cf6228e2f4fbff3f0a8adedaa0f469635a48be3e0484f71a29b8c5a7eb9c2dcaed720b255e8eedf3a6fa215a6e6fd0fbb,JF162740,,3/4/2022 7:40,30,NO CONTROLS,NO CONTROLS,CLEAR,DAYLIGHT,REAR END,NOT DIVIDED,,STRAIGHT AND LEVEL,DRY,NO DEFECTS,NOT ON SCENE (DESK REPORT),NO INJURY / DRIVE AWAY,,,,"OVER $1,500",3/4/2022 8:30,FOLLOWING TOO CLOSELY,FAILING TO YIELD RIGHT-OF-WAY,7001,W,63RD ST,812,,,,,,,2,NO INDICATION OF INJURY,0,0,0,0,0,2,0,7,6,3,41.77729821,-87.7960865,POINT (-87.796086502028 41.777298211004)
bfc620c537f607f3b4b6c8884ade7cfdbf72f2b0b4489d5064347677a559feb69dab141656b107825dc4f8b995be3b25ebdc92d770b3fd5ef56d04bb21cceb16,JF155659,,2/25/2022 12:45,30,NO CONTROLS,NO CONTROLS,SNOW,DAYLIGHT,ANGLE,NOT DIVIDED,,STRAIGHT AND LEVEL,SNOW OR SLUSH,NO DEFECTS,NOT ON SCENE (DESK REPORT),NO INJURY / DRIVE AWAY,,,,"OVER $1,500",2/25/2022 13:00,UNABLE TO DETERMINE,NOT APPLICABLE,3801,N,NORDICA AVE,1632,,,,,,,2,NO INDICATION OF INJURY,0,0,0,0,0,2,0,12,6,2,41.94906534,-87.8033049,POINT (-87.80330490126 41.949065337497)
f663e3dbeb359d5b7a14c1e43ad1cd420e18b0f4cc4e1084b993c95ef23904a27dcf0e8a6400c3c07ecceca91b3c8a782ca7b583ded5a8ce4f2f3d645b98d072,JF164176,,3/4/2022 21:30,30,TRAFFIC SIGNAL,FUNCTIONING PROPERLY,CLEAR,"DARKNESS, LIGHTED ROAD",FIXED OBJECT,DIVIDED - W/MEDIAN BARRIER,,STRAIGHT AND LEVEL,DRY,NO DEFECTS,NOT ON SCENE (DESK REPORT),NO INJURY / DRIVE AWAY,,,,"OVER $1,500",3/5/2022 13:20,NOT APPLICABLE,NOT APPLICABLE,200,S,LAKE SHORE DR NB,114,,,,,,,1,NO INDICATION OF INJURY,0,0,0,0,0,1,0,21,6,3,41.87958346,-87.61760712,POINT (-87.617607116909 41.879583457474)
bfe431b19936ac143dbfcb9848b25e2679764ad0efa680d4b1cb8bf762b4cd755ac1d3f65ac6884b0ff49f83c02a2f5a215eb9b719c4f90fd20d9b5e4b4f71b4,JF155410,,2/25/2022 8:55,30,TRAFFIC SIGNAL,FUNCTIONING PROPERLY,CLEAR,DAYLIGHT,ANGLE,FOUR WAY,,STRAIGHT AND LEVEL,WET,NO DEFECTS,ON SCENE,INJURY AND / OR TOW DUE TO CRASH,Y,,Y,"OVER $1,500",2/25/2022 8:56,FAILING TO YIELD RIGHT-OF-WAY,IMPROPER TURNING/NO SIGNAL,6909,S,WESTERN AVE,832,,,,,,,2,NO INDICATION OF INJURY,0,0,0,0,0,2,0,8,6,2,41.76801863,-87.68318627,POINT (-87.683186264859 41.768018625123)
f6bf30a642ea0324a9db1923ffde8d2b525921eb79de72c9d010ae0f8a547fcb77abe5622a7f7c3325a825dcc233fc16ffa098f58ce64a80be453984e6366888,JF163194,,3/4/2022 14:22,30,TRAFFIC SIGNAL,UNKNOWN,CLEAR,DAYLIGHT,ANGLE,NOT DIVIDED,,STRAIGHT AND LEVEL,DRY,NO DEFECTS,ON SCENE,NO INJURY / DRIVE AWAY,Y,,,"OVER $1,500",3/4/2022 14:47,NOT APPLICABLE,NOT APPLICABLE,300,W,RANDOLPH ST,122,,,,,,,2,NO INDICATION OF INJURY,0,0,0,0,0,3,0,14,6,3,41.8845749,-87.6354507,POINT (-87.635450694754 41.884574896475)
fb6ba429a393df78c9bea863ed976fddd392c3d0ab92efe7403a7354dc9a933411649a8bcbe5d41c4d651ffd540c1a2fd02a2613c97352ab7b1a622793974139,JF193005,,3/18/2022 0:52,25,NO CONTROLS,NO CONTROLS,CLEAR,"DARKNESS, LIGHTED ROAD",PARKED MOTOR VEHICLE,ONE-WAY,,STRAIGHT AND LEVEL,UNKNOWN,NO DEFECTS,ON SCENE,NO INJURY / DRIVE AWAY,,,Y,"OVER $1,500",3/31/2022 19:00,DRIVING SKILLS/KNOWLEDGE/EXPERIENCE,NOT APPLICABLE,6551,S,ARTESIAN AVE,832,,,,,,,2,NO INDICATION OF INJURY,0,0,0,0,0,1,0,0,6,3,41.77409788,-87.68457522,POINT (-87.684575223021 41.774097875441)
c0e602f0c9c6c14e48df24571dbc2475a18aae4736d399286f5076183429b17b9a1477bd48a56ed01b26cfb88349cacc7cc0c6e834e153046a5a9bae2e30732a,JF155497,,2/25/2022 10:11,30,TRAFFIC SIGNAL,FUNCTIONING PROPERLY,CLEAR,DAYLIGHT,TURNING,DIVIDED - W/MEDIAN BARRIER,,STRAIGHT AND LEVEL,DRY,NO DEFECTS,ON SCENE,INJURY AND / OR TOW DUE TO CRASH,Y,,,"OVER $1,500",2/25/2022 10:28,FAILING TO YIELD RIGHT-OF-WAY,NOT APPLICABLE,10700,S,HALSTED ST,2233,,,,,,,2,NO INDICATION OF INJURY,0,0,0,0,0,6,0,10,6,2,41.69954742,-87.64275192,POINT (-87.64275191512 41.699547414667)
fbbd0cba5b6823178d66ceb32c02ea3fdc24affa80728c24770356c4f57a644259f4d46c4a26b99cf46daf244b2296de1abb8c60f9d8423bfccfd403f98bd24c,JF178883,,3/18/2022 23:00,30,STOP SIGN/FLASHER,NO CONTROLS,RAIN,"DARKNESS, LIGHTED ROAD",TURNING,NOT DIVIDED,,STRAIGHT AND LEVEL,WET,NO DEFECTS,NOT ON SCENE (DESK REPORT),NO INJURY / DRIVE AWAY,,,Y,"OVER $1,500",3/18/2022 23:30,IMPROPER TURNING/NO SIGNAL,UNABLE TO DETERMINE,5264,W,GRAND AVE,2515,,,,,,,2,NO INDICATION OF INJURY,0,0,0,0,0,2,0,23,6,3,41.91749859,-87.75835472,POINT (-87.758354722523 41.917498592041)
de5094c1429473bc048582a4cbe1bf861c57ebf41dd17f9de4a46476abec0d0e4291aff689ac8e14bc713a0ee1adee62321f32dbbde635564cb09ada592785dd,JF157015,,2/18/2022 23:30,30,NO CONTROLS,NO CONTROLS,CLEAR,DAYLIGHT,ANGLE,NOT DIVIDED,,STRAIGHT AND LEVEL,DRY,NO DEFECTS,NOT ON SCENE (DESK REPORT),NO INJURY / DRIVE AWAY,,,Y,"OVER $1,500",2/26/2022 18:48,DISREGARDING STOP SIGN,UNABLE TO DETERMINE,11500,S,STEWART AVE,522,,,,,,,2,NO INDICATION OF INJURY,0,0,0,0,0,2,0,23,6,2,41.68511035,-87.63262479,POINT (-87.632624789256 41.685110353116)
de6457fe0e4ab1d068a66956e44bf06cb79e51eebabb460aaac8fa1439ad9a6f0e3512e34cd909976def788f3887322b72fcba206d7344db47c9f41aa8cd0743,JF159064,,2/18/2022 17:30,30,NO CONTROLS,NO CONTROLS,CLEAR,DAYLIGHT,PARKED MOTOR VEHICLE,NOT DIVIDED,,STRAIGHT AND LEVEL,SNOW OR SLUSH,NO DEFECTS,NOT ON SCENE (DESK REPORT),NO INJURY / DRIVE AWAY,,,Y,"OVER $1,500",2/28/2022 18:45,"OPERATING VEHICLE IN ERRATIC, RECKLESS, CARELESS, NEGLIGENT OR AGGRESSIVE MANNER",NOT APPLICABLE,6129,S,COTTAGE GROVE AVE,313,,,,,,,2,NO INDICATION OF INJURY,0,0,0,0,0,1,0,17,6,2,41.78317579,-87.60584352,POINT (-87.605843515532 41.783175785112)
de9e0557a0984b6449ffb42c48ca65c9acba49ec700efe161b0ff88d57e0d190b690673263b242436c4dd7f67e31ed5111f16b71e74332faddde5c621c6549ef,JF148960,,2/18/2022 19:25,30,UNKNOWN,UNKNOWN,CLEAR,DARKNESS,REAR END,UNKNOWN,,STRAIGHT AND LEVEL,SNOW OR SLUSH,UNKNOWN,NOT ON SCENE (DESK REPORT),NO INJURY / DRIVE AWAY,,,Y,"OVER $1,500",2/18/2022 20:15,UNABLE TO DETERMINE,UNABLE TO DETERMINE,498,E,ONTARIO ST,1834,,,,,,,2,NO INDICATION OF INJURY,0,0,0,0,0,2,0,19,6,2,41.89358542,-87.61501756,POINT (-87.61501756269 41.893585422488)
f79077e29e60e92195715673a04011611281697b4a2dec60dc6707ddc9bc8c16695bef5d95e66edbb5ff442d4365ba02b861a974fc504bb09e711bb001d51902,JF163286,,3/4/2022 15:28,30,NO CONTROLS,NO CONTROLS,CLEAR,DAYLIGHT,TURNING,NOT DIVIDED,,STRAIGHT AND LEVEL,DRY,NO DEFECTS,ON SCENE,INJURY AND / OR TOW DUE TO CRASH,,,,"OVER $1,500",3/4/2022 15:35,IMPROPER TURNING/NO SIGNAL,NOT APPLICABLE,5100,W,CHICAGO AVE,1531,,,,,,,2,INCAPACITATING INJURY,3,0,1,2,0,0,0,15,6,3,41.89506772,-87.7532091,POINT (-87.753209103366 41.895067719769)
057c601da4754fa485f7450c3c77c4cfbd75887f57ca9fc8bc7110209f3d160c7401a6c0302b3ef271cec7614d22f67bbfebe71af7dc80899ece46b330e90dca,JE336616,,8/13/2021 18:38,30,TRAFFIC SIGNAL,FUNCTIONING PROPERLY,CLEAR,DAYLIGHT,PEDESTRIAN,NOT DIVIDED,,STRAIGHT AND LEVEL,DRY,NO DEFECTS,,INJURY AND / OR TOW DUE TO CRASH,Y,,Y,$500 OR LESS,8/13/2021 18:39,DISREGARDING TRAFFIC SIGNALS,NOT APPLICABLE,6199,W,FULLERTON AVE,2512,,,,,,,3,NONINCAPACITATING INJURY,2,0,0,2,0,1,0,18,6,8,41.92364289,-87.78051367,POINT (-87.78051367304 41.923642891376)
4ec1d58ed6e4120e6f10a35b61fb57443136ba9198cdc1395fc7e241d459af636100dfee5ce813635dd3dc5b50a62a2804fbffe69c88a2c2bce03c4db500dc27,JE371803,,9/13/2021 11:30,25,TRAFFIC SIGNAL,FUNCTIONING PROPERLY,CLEAR,DAYLIGHT,REAR END,NOT DIVIDED,,STRAIGHT AND LEVEL,DRY,NO DEFECTS,,NO INJURY / DRIVE AWAY,,,,"$501 - $1,500",9/13/2021 11:50,UNABLE TO DETERMINE,NOT APPLICABLE,4176,W,MONTROSE AVE,1722,,,,,,,2,NO INDICATION OF INJURY,0,0,0,0,0,2,0,11,2,9,41.9610027,-87.7326578,POINT (-87.732657802448 41.961002702771)
4ec7ab0f083ab0adcc379b5e2812f9d308ab04261379888812081cc795a0cc0c13df897bf95f73426c14e95b0c6dbb54926f62f53aea8624e14ce283af64e95d,JC452701,,9/29/2019 4:42,30,TRAFFIC SIGNAL,FUNCTIONING PROPERLY,RAIN,"DARKNESS, LIGHTED ROAD",PEDESTRIAN,FOUR WAY,,STRAIGHT AND LEVEL,WET,NO DEFECTS,,INJURY AND / OR TOW DUE TO CRASH,,,Y,"OVER $1,500",9/29/2019 4:42,UNABLE TO DETERMINE,NOT APPLICABLE,40,W,ILLINOIS ST,1831,,,,,,,2,INCAPACITATING INJURY,1,0,1,0,0,1,0,4,1,9,41.89094466,-87.62955405,POINT (-87.629554048003 41.890944656709)
f81fb0a3a8e52719b914888acdf2148228e1a755baeddf82fad05e39a4dcefb386a9c8977afd1569b8837e551304db0aac9c8e9361d22f3ae709cfaa525acce2,JF163695,,3/4/2022 23:00,20,NO CONTROLS,NO CONTROLS,CLEAR,"DARKNESS, LIGHTED ROAD",PARKED MOTOR VEHICLE,ONE-WAY,,STRAIGHT AND LEVEL,DRY,UNKNOWN,ON SCENE,NO INJURY / DRIVE AWAY,,,,"OVER $1,500",3/4/2022 23:09,NOT APPLICABLE,NOT APPLICABLE,3,W,TERMINAL ST,1653,,,,,,,2,NO INDICATION OF INJURY,0,0,0,0,0,3,0,23,6,3,,,
fd96c7d36592a45c357aab13a0f1b7bf03590d92542049e1545a1033ca4078428b2261b93446816b33509810734fb05485f99ec8b46860a32187da30e937c5c3,JF178456,,3/18/2022 15:12,30,NO CONTROLS,NO CONTROLS,RAIN,DAYLIGHT,SIDESWIPE SAME DIRECTION,NOT DIVIDED,,STRAIGHT AND LEVEL,WET,NO DEFECTS,NOT ON SCENE (DESK REPORT),NO INJURY / DRIVE AWAY,,,Y,"$501 - $1,500",3/18/2022 16:11,IMPROPER OVERTAKING/PASSING,DRIVING ON WRONG SIDE/WRONG WAY,2611,W,48TH ST,922,,,,,,,2,NO INDICATION OF INJURY,0,0,0,0,0,3,0,15,6,3,41.8064639,-87.68978289,POINT (-87.689782888308 41.806463899771)
fdcd40a882b08c436cf2a340d2c7a20b9773552b4c5ca534bc1e262df694cb7488703e60f3f0314c379319edcc2d45d81ebc77785c80f13a4dec3f635bc862a7,JF178513,,3/18/2022 15:30,20,NO CONTROLS,NO CONTROLS,RAIN,DAYLIGHT,PARKED MOTOR VEHICLE,PARKING LOT,,STRAIGHT AND LEVEL,WET,NO DEFECTS,NOT ON SCENE (DESK REPORT),NO INJURY / DRIVE AWAY,,,Y,"OVER $1,500",3/18/2022 16:20,UNABLE TO DETERMINE,UNABLE TO DETERMINE,87,W,87TH ST,634,,,,,,,2,NO INDICATION OF INJURY,0,0,0,0,0,1,0,15,6,3,41.73614513,-87.62691784,POINT (-87.626917843973 41.736145128237)
fdda3fa883b59160e2bcf0d789f9ab0af46bcba962cda7ba4740b28b1b6afa71f4c310501a1b05524e95ee78fa8b5c7c69d229132cfec1613c957cac7f143c1d,JF178864,,3/18/2022 19:06,30,NO CONTROLS,NO CONTROLS,CLEAR,"DARKNESS, LIGHTED ROAD",REAR END,NOT DIVIDED,,STRAIGHT AND LEVEL,WET,NO DEFECTS,NOT ON SCENE (DESK REPORT),INJURY AND / OR TOW DUE TO CRASH,,,,"OVER $1,500",3/18/2022 23:00,FAILING TO YIELD RIGHT-OF-WAY,NOT APPLICABLE,5454,W,DIVERSEY AVE,2514,,,,,,,2,NO INDICATION OF INJURY,0,0,0,0,0,2,0,19,6,3,41.93142324,-87.76357327,POINT (-87.763573271031 41.93142323623)