CRASH_RECORD_ID,RD_NO,CRASH_DATE_EST_I,CRASH_DATE,POSTED_SPEED_LIMIT,TRAFFIC_CONTROL_DEVICE,DEVICE_CONDITION,WEATHER_CONDITION,LIGHTING_CONDITION,FIRST_CRASH_TYPE,TRAFFICWAY_TYPE,LANE_CNT,ALIGNMENT,ROADWAY_SURFACE_COND,ROAD_DEFECT,REPORT_TYPE,CRASH_TYPE,INTERSECTION_RELATED_I,NOT_RIGHT_OF_WAY_I,HIT_AND_RUN_I,DAMAGE,DATE_POLICE_NOTIFIED,PRIM_CONTRIBUTORY_CAUSE,SEC_CONTRIBUTORY_CAUSE,STREET_NO,STREET_DIRECTION,STREET_NAME,BEAT_OF_OCCURRENCE,PHOTOS_TAKEN_I,STATEMENTS_TAKEN_I,DOORING_I,WORK_ZONE_I,WORK_ZONE_TYPE,WORKERS_PRESENT_I,NUM_UNITS,MOST_SEVERE_INJURY,INJURIES_TOTAL,INJURIES_FATAL,INJURIES_INCAPACITATING,INJURIES_NON_INCAPACITATING,INJURIES_REPORTED_NOT_EVIDENT,INJURIES_NO_INDICATION,INJURIES_UNKNOWN,CRASH_HOUR,CRASH_DAY_OF_WEEK,CRASH_MONTH,LATITUDE,LONGITUDE,LOCATION
e02d6e31564dfd5d854e765ff7acc87066318964a576c55f10887940fe77603cd6d4e4f88f2a508f6393197320dd02638fa33340b7a028869dd97af8471c2472,JF148520,,2/18/2022 12:50,30,NO CONTROLS,NO CONTROLS,SNOW,DAYLIGHT,TURNING,NOT DIVIDED,,STRAIGHT AND LEVEL,SNOW OR SLUSH,NO DEFECTS,ON SCENE,NO INJURY / DRIVE AWAY,,,,"$501 - $1,500",2/18/2022 12:55,"VISION OBSCURED (SIGNS, TREE LIMBS, BUILDINGS, ETC.)","VISION OBSCURED (SIGNS, TREE LIMBS, BUILDINGS, ETC.)",2509,W,47TH ST,922,,,,,,,2,NO INDICATION OF INJURY,0,0,0,0,0,2,0,12,6,2,41.80828274,-87.68727984,POINT (-87.687279838023 41.808282740874)
f9a811242b40c47200121a9a7802e4922ae49f193c6d47ff87fe40c62a2d3020d9a42483027e8229a401adacff0f885221e0242cff45ecb1d265d4f8e76cfb28,JF162627,,3/4/2022 3:00,25,NO CONTROLS,NO CONTROLS,CLEAR,"DARKNESS, LIGHTED ROAD",PARKED MOTOR VEHICLE,ONE-WAY,,STRAIGHT ON GRADE,DRY,NO DEFECTS,ON SCENE,INJURY AND / OR TOW DUE TO CRASH,,,Y,"OVER $1,500",3/4/2022 4:20,UNABLE TO DETERMINE,UNABLE TO DETERMINE,10917,S,GREEN BAY AVE,432,,,,,,,3,NO INDICATION OF INJURY,0,0,0,0,0,1,0,3,6,3,41.6967781,-87.54120382,POINT (-87.541203819392 41.696778099579)
c3ac5311d90221fc2691221c1686423eb2add3dbd07fbf260a7b88560863f55090ab989896d04caa9ea0c782e3de7125d4f57967c99e2c4600b571ca18453313,JF155994,,2/25/2022 16:30,35,TRAFFIC SIGNAL,FUNCTIONING PROPERLY,CLEAR,"DARKNESS, LIGHTED ROAD",ANGLE,NOT DIVIDED,,STRAIGHT AND LEVEL,DRY,NO DEFECTS,ON SCENE,NO INJURY / DRIVE AWAY,,,Y,"OVER $1,500",2/25/2022 17:12,NOT APPLICABLE,NOT APPLICABLE,4200,S,PULASKI RD,815,,,,,,,2,NO INDICATION OF INJURY,0,0,0,0,0,3,0,16,6,2,41.81690171,-87.72405154,POINT (-87.724051536308 41.816901707548)
c3af506417a15525587655066b9405291fba1f4c7c14d4251c8e7ab404f750c911542db659c77d31bb762cc144d6a82b1ea514ff1f6da7409efb717ebc132bd8,JF155834,,2/25/2022 15:10,25,NO CONTROLS,NO CONTROLS,CLEAR,DAYLIGHT,TURNING,DIVIDED - W/MEDIAN (NOT RAISED),,STRAIGHT AND LEVEL,WET,NO DEFECTS,NOT ON SCENE (DESK REPORT),NO INJURY / DRIVE AWAY,Y,,Y,"$501 - $1,500",2/25/2022 15:40,UNABLE TO DETERMINE,UNABLE TO DETERMINE,3618,W,25TH ST,1013,,,,,,,2,NO INDICATION OF INJURY,0,0,0,0,0,2,0,15,6,2,41.84632044,-87.71572954,POINT (-87.715729542734 41.846320440597)
fdf6449e2d8de989cbfa561bf5b9653b22307c9ae8f455b0a086bf2f67e64677b8693d594fb6575c15e2c4176c8b58b856a370951ad0c9ef464560a3ee875853,JF178067,,3/18/2022 9:50,30,NO CONTROLS,NO CONTROLS,UNKNOWN,UNKNOWN,TURNING,NOT DIVIDED,,STRAIGHT AND LEVEL,UNKNOWN,UNKNOWN,NOT ON SCENE (DESK REPORT),NO INJURY / DRIVE AWAY,Y,,,"OVER $1,500",3/18/2022 10:20,FAILING TO YIELD RIGHT-OF-WAY,UNABLE TO DETERMINE,5100,S,CICERO AVE,814,,,,,,,2,NO INDICATION OF INJURY,0,0,0,0,0,2,0,9,6,3,41.80024268,-87.74310389,POINT (-87.743103891831 41.800242677844)
fa3b8cbc5a8ffb4cdff7a4a43ddb0ff4c85474b6bc56919570ed8f0086c13d5c249abb15404fb054d22c9338b72180e4f95567c0b18cf9f9e583f898a072a48a,JF163539,,3/4/2022 18:30,30,NO CONTROLS,NO CONTROLS,CLEAR,"DARKNESS, LIGHTED ROAD",SIDESWIPE SAME DIRECTION,DIVIDED - W/MEDIAN (NOT RAISED),,STRAIGHT AND LEVEL,DRY,UNKNOWN,NOT ON SCENE (DESK REPORT),NO INJURY / DRIVE AWAY,,,,"OVER $1,500",3/4/2022 19:15,UNABLE TO DETERMINE,UNABLE TO DETERMINE,2147,N,WESTERN AVE,1432,,,,,,,2,NO INDICATION OF INJURY,0,0,0,0,0,2,0,18,6,3,41.92121095,-87.68738062,POINT (-87.687380615015 41.921210945594)
e0a3e03c06ef1483a0e36a1a558433e128224647c1049d9414649e39ea8431fc96ad00955880d02da234dca1dcb652854b0bf00f371ba3fc785267aaaf8a0238,JF148113,,2/18/2022 3:25,30,NO CONTROLS,NO CONTROLS,SNOW,"DARKNESS, LIGHTED ROAD",REAR END,ONE-WAY,,STRAIGHT AND LEVEL,ICE,NO DEFECTS,ON SCENE,NO INJURY / DRIVE AWAY,Y,,,"OVER $1,500",2/18/2022 3:28,WEATHER,UNABLE TO DETERMINE,5505,S,WENTWORTH AVE,225,,,,,,,2,NO INDICATION OF INJURY,0,0,0,0,0,2,0,3,6,2,41.79404183,-87.63035663,POINT (-87.630356624947 41.79404183264)
08ba396783f99eec29ffd91007f8a6fa1294cd474b41f9002d90a78353c1b20d7c11c118171043620d09c01561ef62d8a1eddd97411642f3bc706b938a1bff36,JD379095,,9/25/2020 16:53,25,NO CONTROLS,NO CONTROLS,CLEAR,DAYLIGHT,REAR END,NOT DIVIDED,,STRAIGHT AND LEVEL,DRY,NO DEFECTS,,INJURY AND / OR TOW DUE TO CRASH,,,,"OVER $1,500",9/25/2020 16:58,FOLLOWING TOO CLOSELY,UNABLE TO DETERMINE,7606,W,DEVON AVE,1612,,,,,,,3,NO INDICATION OF INJURY,0,0,0,0,0,3,0,16,6,9,41.99707743,-87.81705545,POINT (-87.8170554525 41.997077434067)
fe3eaab0d623b0b0b44ba915e2b44fb58159243984b54ac50074193505eb436fe0347f412a7c3aeb4ce97bcd72db2ec5034ceb3e0b1628cee53bc05ffac89ff9,JD333974,,8/15/2020 22:49,55,NO CONTROLS,NO CONTROLS,CLEAR,DARKNESS,REAR END,ONE-WAY,,STRAIGHT AND LEVEL,DRY,NO DEFECTS,,INJURY AND / OR TOW DUE TO CRASH,,,Y,"OVER $1,500",8/15/2020 23:52,UNABLE TO DETERMINE,NOT APPLICABLE,4911,S,LAKE SHORE DR NB,222,,,,,,,3,NO INDICATION OF INJURY,0,0,0,0,0,3,0,22,7,8,41.80586644,-87.58392757,POINT (-87.583927566924 41.805866437077)
fae300f741f7634930534cb0ae9c36147a3f3d91c2bc93d14d448ab43a0e4973a2fd005ffda0ba7c3c8ba485db599b8a5bd35c4237b1710c3aee207c78ee9246,JF170593,Y,3/4/2022 16:00,30,NO CONTROLS,NO CONTROLS,UNKNOWN,UNKNOWN,PARKED MOTOR VEHICLE,ONE-WAY,,STRAIGHT AND LEVEL,UNKNOWN,UNKNOWN,ON SCENE,NO INJURY / DRIVE AWAY,,,Y,"OVER $1,500",3/11/2022 15:07,UNABLE TO DETERMINE,UNABLE TO DETERMINE,7100,S,EMERALD AVE,732,,,,,,,2,NO INDICATION OF INJURY,0,0,0,0,0,1,0,16,6,3,41.76513226,-87.64317211,POINT (-87.643172108401 41.765132264417)
c50173d9d2ef438a44a89379849f166e22864957c594ade161cf064dbcfd6052032acf5bf4b643da1b5073795331e1d43c2a3986cbc87658ef43fb4c63438661,JF155741,Y,2/25/2022 12:00,30,STOP SIGN/FLASHER,FUNCTIONING PROPERLY,SNOW,DARKNESS,ANGLE,FOUR WAY,,STRAIGHT AND LEVEL,SNOW OR SLUSH,UNKNOWN,NOT ON SCENE (DESK REPORT),NO INJURY / DRIVE AWAY,Y,,Y,"$501 - $1,500",2/25/2022 14:30,UNABLE TO DETERMINE,UNABLE TO DETERMINE,659,N,LEAMINGTON AVE,1532,,,,,,,2,NO INDICATION OF INJURY,0,0,0,0,0,2,0,12,6,2,41.89292756,-87.7541584,POINT (-87.754158402976 41.892927559378)
fb1d7805c1744bbc2ac996e1fa992206c485f0391aeb90a3e30939ed8a08cf9207a34a2fa2290065f0c9f78974a32d1042d88ada39c78c4b68b3d1682eb9d36b,JF163193,,3/4/2022 2:00,30,STOP SIGN/FLASHER,UNKNOWN,CLEAR,"DARKNESS, LIGHTED ROAD",ANGLE,CENTER TURN LANE,,STRAIGHT AND LEVEL,UNKNOWN,UNKNOWN,NOT ON SCENE (DESK REPORT),NO INJURY / DRIVE AWAY,Y,,,"OVER $1,500",3/4/2022 2:07,UNABLE TO DETERMINE,UNABLE TO DETERMINE,1157,W,WRIGHTWOOD AVE,1932,N,,,,,,2,NO INDICATION OF INJURY,0,0,0,0,0,2,0,2,6,3,41.92881692,-87.65837884,POINT (-87.658378836567 41.928816915506)
fb404f67166919f6ce1a99e97e9228db16e48f13a2330aab7f2aeb7bfc4e6788b7d3cbae33dfa6ddbb9e50e57e835a012ba656b0fd0252e839fe2b3bc09e054a,JF163044,,3/4/2022 12:30,30,NO CONTROLS,NO CONTROLS,CLEAR,DAYLIGHT,REAR END,NOT DIVIDED,,STRAIGHT AND LEVEL,DRY,NO DEFECTS,ON SCENE,INJURY AND / OR TOW DUE TO CRASH,,,Y,"OVER $1,500",3/4/2022 12:36,UNABLE TO DETERMINE,NOT APPLICABLE,1326,S,MICHIGAN AVE,131,,,,,,,3,NO INDICATION OF INJURY,0,0,0,0,0,2,0,12,6,3,41.86499953,-87.62424301,POINT (-87.624243005511 41.864999533491)
ff4583b5ba74eb5eecc0f788f42513d33a52fde9038d40a8c09819824b915e8b68f7705d3f8f3beb4dc0d7d4e08fb93d2bf3f691d5c647c1e03100322c84ef17,JF178767,,3/18/2022 20:12,30,NO CONTROLS,NO CONTROLS,RAIN,DARKNESS,HEAD ON,DIVIDED - W/MEDIAN (NOT RAISED),,STRAIGHT AND LEVEL,WET,UNKNOWN,ON SCENE,NO INJURY / DRIVE AWAY,,,,"OVER $1,500",3/18/2022 20:13,IMPROPER OVERTAKING/PASSING,IMPROPER LANE USAGE,5921,W,FULLERTON AVE,2515,,,,,,,3,NO INDICATION OF INJURY,0,0,0,0,0,3,0,20,6,3,41.92374063,-87.77425479,POINT (-87.774254792098 41.923740630418)
ff87657f1b17bcfc5aadbda8e9d900a662d0d6aeda8a9e16b3b4f0acb5a630ba4be2cd86204e08bbb00d9fb43f3f33b72a6c62c13df55a91b9e27fdb1399f9b7,JF178872,,3/18/2022 23:00,30,NO CONTROLS,NO CONTROLS,RAIN,"DARKNESS, LIGHTED ROAD",FIXED OBJECT,DIVIDED - W/MEDIAN BARRIER,,STRAIGHT AND LEVEL,WET,NO DEFECTS,ON SCENE,INJURY AND / OR TOW DUE TO CRASH,,,,"OVER $1,500",3/18/2022 23:10,UNABLE TO DETERMINE,NOT APPLICABLE,4001,S,HALSTED ST,925,,,,,,,1,NO INDICATION OF INJURY,0,0,0,0,0,1,0,23,6,3,41.82144984,-87.64572257,POINT (-87.645722572555 41.821449843238)
e186df8cd4c9cb0c44c490d6d4d618534a5ae959094722036987e3fa3c20245453e6513cd2d4788feda90183c318940597df337f0675020490cc92f7624ee5bf,JF148658,,2/18/2022 14:17,30,NO CONTROLS,NO CONTROLS,CLEAR,DAYLIGHT,SIDESWIPE SAME DIRECTION,NOT DIVIDED,,STRAIGHT AND LEVEL,DRY,NO DEFECTS,ON SCENE,NO INJURY / DRIVE AWAY,,,Y,"OVER $1,500",2/18/2022 14:17,IMPROPER OVERTAKING/PASSING,NOT APPLICABLE,631,N,STATE ST,1834,,,,,,,2,NO INDICATION OF INJURY,0,0,0,0,0,2,0,14,6,2,41.89330776,-87.62796757,POINT (-87.627967573325 41.893307761373)
fceb7438a39e61f7a08512bb21a1126c3cad531af189e92bdce5f8e79d1d231fbdf46aac103033cb9780ccfe66d2da1e4731f3c4f7e36a11e536de0de77a8217,JF168333,,3/4/2022 17:32,30,TRAFFIC SIGNAL,FUNCTIONING PROPERLY,CLEAR,DAYLIGHT,SIDESWIPE SAME DIRECTION,ONE-WAY,,STRAIGHT AND LEVEL,DRY,NO DEFECTS,NOT ON SCENE (DESK REPORT),NO INJURY / DRIVE AWAY,Y,,,"OVER $1,500",3/9/2022 16:00,IMPROPER OVERTAKING/PASSING,UNABLE TO DETERMINE,1144,S,WESTERN AVE,1135,,,,,,,2,NO INDICATION OF INJURY,0,0,0,0,0,2,0,17,6,3,41.86709655,-87.6862,POINT (-87.68619999926 41.867096552166)
fd8841bdfda5898dc072606836db361e7f2cdec0575804db1a7551d25177f8075ed0f0135bf0c2feb3a995174d42bbef86a9887ca26f3bc33f316cab046102f8,JF163654,,3/4/2022 22:05,30,TRAFFIC SIGNAL,FUNCTIONING PROPERLY,CLEAR,"DARKNESS, LIGHTED ROAD",ANGLE,FOUR WAY,,STRAIGHT AND LEVEL,DRY,NO DEFECTS,ON SCENE,INJURY AND / OR TOW DUE TO CRASH,Y,,,"OVER $1,500",3/4/2022 22:08,FAILING TO YIELD RIGHT-OF-WAY,DRIVING SKILLS/KNOWLEDGE/EXPERIENCE,2,S,WACKER DR,122,,,,,,,2,NO INDICATION OF INJURY,0,0,0,0,0,6,0,22,6,3,41.88184808,-87.63716539,POINT (-87.637165388067 41.881848080614)
fd9189a81735626e3a7d7203ff257c6672c3e51bb494b95bf06c28af7b96cedec9411622fae69e7b7b8b041e6eda348ecae07c28a2cb6b694c49430c56369147,JF162787,,3/4/2022 9:00,30,TRAFFIC SIGNAL,FUNCTIONING PROPERLY,CLEAR,DAYLIGHT,TURNING,NOT DIVIDED,,STRAIGHT AND LEVEL,DRY,NO DEFECTS,ON SCENE,NO INJURY / DRIVE AWAY,,,,"OVER $1,500",3/4/2022 9:09,FAILING TO YIELD RIGHT-OF-WAY,DRIVING SKILLS/KNOWLEDGE/EXPERIENCE,1,E,35TH ST,213,,,,,,,2,NO INDICATION OF INJURY,0,0,0,0,0,4,0,9,6,3,41.8309112,-87.6264135,POINT (-87.6264134996 41.830911194641)
e2cfbfef036815129fa2b6178aabbcf33184c71fe2909538fcc6e62e4fff1db71bbb5d95ff51afcf3d56abd2988795af338aba4f83b1348e6bab4f56d622c37b,JF148271,,2/18/2022 9:15,35,TRAFFIC SIGNAL,FUNCTIONING PROPERLY,CLEAR,DAYLIGHT,TURNING,FOUR WAY,,STRAIGHT AND LEVEL,SNOW OR SLUSH,NO DEFECTS,ON SCENE,INJURY AND / OR TOW DUE TO CRASH,Y,,,"OVER $1,500",2/18/2022 9:40,UNABLE TO DETERMINE,UNABLE TO DETERMINE,800,W,ROOSEVELT RD,1232,,,,,,,2,NO INDICATION OF INJURY,0,0,0,0,0,2,0,9,6,2,41.8672631,-87.64697269,POINT (-87.646972686016 41.867263098369)
e3b1fa63200945299a874c667b24c793049b8da6d0dfe0171a536d189e28bef77f77eeb68b508344292ad8c8f99c6e73d31a589cf695418bb3b9908fc6e6fb06,JF148213,,2/18/2022 7:40,30,NO CONTROLS,NO CONTROLS,SNOW,DAYLIGHT,REAR END,NOT DIVIDED,,STRAIGHT AND LEVEL,SNOW OR SLUSH,NO DEFECTS,ON SCENE,NO INJURY / DRIVE AWAY,,,Y,"OVER $1,500",2/18/2022 8:08,FOLLOWING TOO CLOSELY,WEATHER,2624,S,KEDZIE AVE,1032,,,,,,,2,NO INDICATION OF INJURY,0,0,0,0,0,2,0,7,6,2,41.84374552,-87.70516596,POINT (-87.705165955986 41.843745521154)
e3b43fb2079d7efe800a17b03d78be1e727b78c2f3bfa7adbad1e71eb89fcc420a6fd62e2f53bdfe25c74160027f11aef929ef799faff11677a9759146ffe529,JF148259,,2/18/2022 8:45,30,TRAFFIC SIGNAL,FUNCTIONING PROPERLY,CLEAR,DAYLIGHT,TURNING,NOT DIVIDED,,STRAIGHT AND LEVEL,SNOW OR SLUSH,NO DEFECTS,NOT ON SCENE (DESK REPORT),NO INJURY / DRIVE AWAY,,,,"OVER $1,500",2/18/2022 9:09,UNABLE TO DETERMINE,NOT APPLICABLE,4300,W,MADISON ST,1115,,,,,,,2,NO INDICATION OF INJURY,0,0,0,0,0,2,0,8,6,2,41.88074788,-87.73314974,POINT (-87.733149738886 41.880747883076)
c7f73b7837d7bf20da9d40754f38ea3a5a05d894c3ca4db9c2c93c8c423a3e0c1b160149cc9c021a38e2f486cd09d5a52eb1efe2e877b8cab7da042a4cfe9ba8,JF155414,,2/25/2022 8:46,25,NO CONTROLS,NO CONTROLS,SNOW,DAYLIGHT,ANGLE,UNKNOWN INTERSECTION TYPE,,STRAIGHT AND LEVEL,SNOW OR SLUSH,NO DEFECTS,ON SCENE,INJURY AND / OR TOW DUE TO CRASH,Y,,Y,"OVER $1,500",2/25/2022 8:46,DISREGARDING STOP SIGN,WEATHER,929,W,70TH ST,733,,,,,,,2,NO INDICATION OF INJURY,0,0,0,0,0,2,0,8,6,2,41.76685867,-87.64803769,POINT (-87.648037692826 41.766858668682)
e444f2d8465d7951541cf1e4cc23127434922ffe0771dc8343de77bd433b5bed46c5dfa98a0f6211bf4df3b5d2ac015d9600635e56236b4bc9a0ef26322e0a2a,JF148779,,2/18/2022 15:30,30,UNKNOWN,UNKNOWN,CLEAR,DAYLIGHT,ANGLE,UNKNOWN,,STRAIGHT AND LEVEL,DRY,UNKNOWN,NOT ON SCENE (DESK REPORT),NO INJURY / DRIVE AWAY,Y,,,"OVER $1,500",2/18/2022 17:50,UNABLE TO DETERMINE,UNABLE TO DETERMINE,4839,S,FORRESTVILLE AVE,223,,,,,,,2,NO INDICATION OF INJURY,0,0,0,0,0,2,0,15,6,2,41.80646152,-87.61245609,POINT (-87.612456094186 41.80646151514)
ff3cb55807e6c30c26cbdd3ec0c51e5aff5fc6fd9d9323540c8ba94d91adc18b97355052cfa4beb9f5203bfaf14d989fa57d5ba34b873f266729ba189c0dff08,JF162628,,3/4/2022 4:30,30,NO CONTROLS,NO CONTROLS,CLEAR,"DARKNESS, LIGHTED ROAD",FIXED OBJECT,NOT DIVIDED,,STRAIGHT AND LEVEL,DRY,NO DEFECTS,ON SCENE,INJURY AND / OR TOW DUE TO CRASH,,Y,,"OVER $1,500",3/4/2022 4:30,UNABLE TO DETERMINE,UNABLE TO DETERMINE,1135,W,SHERIDAN RD,2433,,Y,,,,,1,NO INDICATION OF INJURY,0,0,0,0,0,1,0,4,6,3,41.99808611,-87.65988358,POINT (-87.659883579061 41.998086107222)
ff483ff37472e2db51acdd745e3ed447f65b96d8d1898f09064c04b1ac0d7c873ae673a0c845977975c7119172c79fae3951da7329850b7a2b2117b44ea8a9dc,JF162959,,3/4/2022 9:15,30,TRAFFIC SIGNAL,FUNCTIONING PROPERLY,CLEAR,DAYLIGHT,REAR END,DIVIDED - W/MEDIAN BARRIER,,STRAIGHT AND LEVEL,DRY,NO DEFECTS,NOT ON SCENE (DESK REPORT),NO INJURY / DRIVE AWAY,,,,"OVER $1,500",3/4/2022 11:50,UNABLE TO DETERMINE,UNABLE TO DETERMINE,5301,S,HARLEM AVE,811,,,,,,,2,NO INDICATION OF INJURY,0,0,0,0,0,2,0,9,6,3,41.79568805,-87.80145967,POINT (-87.801459670523 41.795688052768)
ffd78d6f5164074a3a279e600ec4412b75ea4aa59c1cdd2524a79ab7576d656789c767c55abf4eb417f19a39274fd8f528aff9f514f20810457fa447f3700bd1,JF163390,,3/4/2022 16:45,30,STOP SIGN/FLASHER,FUNCTIONING PROPERLY,CLEAR,DAYLIGHT,REAR END,NOT DIVIDED,,STRAIGHT AND LEVEL,DRY,NO DEFECTS,NOT ON SCENE (DESK REPORT),NO INJURY / DRIVE AWAY,,,Y,"OVER $1,500",3/4/2022 17:15,FOLLOWING TOO CLOSELY,FOLLOWING TOO CLOSELY,1532,W,95TH ST,2221,,,,,,,2,NO INDICATION OF INJURY,0,0,0,0,0,2,0,16,6,3,41.72133996,-87.66152761,POINT (-87.661527604939 41.721339961534)
ca0d4a0d1942b76729d89f45a950e6deb3d23f63106bf6d78f76e77ff928153c0a2c71269714d02d707146a3cd0166f03aa449875aa5d99a2957b12a90da9cff,JF155846,,2/25/2022 14:15,35,NO CONTROLS,NO CONTROLS,CLEAR,DAYLIGHT,TURNING,DIVIDED - W/MEDIAN (NOT RAISED),,STRAIGHT AND LEVEL,DRY,NO DEFECTS,ON SCENE,NO INJURY / DRIVE AWAY,N,,,"OVER $1,500",2/25/2022 15:37,IMPROPER TURNING/NO SIGNAL,IMPROPER TURNING/NO SIGNAL,4000,S,CICERO AVE,1031,,,,,,,2,NO INDICATION OF INJURY,0,0,0,0,0,2,0,14,6,2,41.82056577,-87.7436532,POINT (-87.743653198213 41.820565772976)
ca1fb835f1b81fff1e48f8c2c65bf8aea5efacad38da8901adf100b7d3c116c1dbe99941a3d63b955751acc7e37f6bc268d1ba1ff3bbd1a7718f71dae081e57b,JF156749,,2/25/2022 16:50,30,NO CONTROLS,NO CONTROLS,CLEAR,DAYLIGHT,TURNING,NOT DIVIDED,,STRAIGHT AND LEVEL,DRY,NO DEFECTS,NOT ON SCENE (DESK REPORT),NO INJURY / DRIVE AWAY,,,,"OVER $1,500",2/26/2022 13:55,IMPROPER TURNING/NO SIGNAL,DRIVING SKILLS/KNOWLEDGE/EXPERIENCE,4630,W,55TH ST,815,,,,,,,2,NO INDICATION OF INJURY,0,0,0,0,0,2,0,16,6,2,41.79317768,-87.73916814,POINT (-87.739168138584 41.793177676889)
ca402e8d140dc486b462700a114f698e9be0fe551d3dfcf9484cacd307254e9824815eabec85b09ff2f2331d66f8fe5a0c7b020cc2b40a734b7992623ad2481d,JF155862,,2/25/2022 15:15,30,NO CONTROLS,NO CONTROLS,CLEAR,DAYLIGHT,ANGLE,NOT DIVIDED,,STRAIGHT AND LEVEL,DRY,NO DEFECTS,NOT ON SCENE (DESK REPORT),NO INJURY / DRIVE AWAY,,,,"$501 - $1,500",2/25/2022 16:47,DISTRACTION - FROM INSIDE VEHICLE,FAILING TO REDUCE SPEED TO AVOID CRASH,5558,W,ALTGELD ST,2515,,,,,,,2,NO INDICATION OF INJURY,0,0,0,0,0,3,0,15,6,2,41.92591494,-87.76599549,POINT (-87.765995489716 41.925914934898)
ca7ea3e5cb1f6d873b1a7aa2e76ff39fe46901696b4779bee8e14cee12bf9f8e728aad0412881c36a20e6f2b3993840f6c35aaaa17b2f0a833873067638a467c,JF156075,,2/25/2022 17:41,30,NO CONTROLS,NO CONTROLS,CLEAR,"DARKNESS, LIGHTED ROAD",PARKED MOTOR VEHICLE,ONE-WAY,,STRAIGHT AND LEVEL,DRY,NO DEFECTS,ON SCENE,NO INJURY / DRIVE AWAY,,,Y,"OVER $1,500",2/25/2022 17:46,UNABLE TO DETERMINE,NOT APPLICABLE,2848,W,ALBION AVE,2412,,,,,,,3,NO INDICATION OF INJURY,0,0,0,0,0,1,0,17,6,2,42.0012811,-87.70170135,POINT (-87.701701349426 42.001281095464)
e6b69bc1209ba5389c8585ef36570846c2c4c14f86d168d1be55da1a49242e419dccf3228210949c915d94af213f66e32117e77ea02dabd69a8f149a3fe44668,JF148611,,2/18/2022 14:30,30,NO CONTROLS,NO CONTROLS,CLEAR,DAYLIGHT,REAR END,OTHER,,STRAIGHT AND LEVEL,DRY,NO DEFECTS,ON SCENE,INJURY AND / OR TOW DUE TO CRASH,,,,"OVER $1,500",2/18/2022 14:45,FOLLOWING TOO CLOSELY,DRIVING SKILLS/KNOWLEDGE/EXPERIENCE,1800,S,LAKE SHORE DR E,132,,,,,,,2,NO INDICATION OF INJURY,0,0,0,0,0,2,0,14,6,2,41.85790967,-87.61659414,POINT (-87.616594138523 41.857909668758)
cc45d5cb30f56a2d412658b1193a06c67d0fc6ca3fe40fb3aa2fd3f79391fb42ecaf108c2662f4eb3ad45f0a7462279ee194cbd7931f285cfa7d40287bc27f0b,JF156277,,2/25/2022 23:30,30,NO CONTROLS,UNKNOWN,UNKNOWN,UNKNOWN,REAR END,NOT DIVIDED,,STRAIGHT AND LEVEL,UNKNOWN,UNKNOWN,NOT ON SCENE (DESK REPORT),NO INJURY / DRIVE AWAY,,,Y,"$501 - $1,500",2/26/2022 0:40,UNABLE TO DETERMINE,NOT APPLICABLE,6130,N,SHERIDAN RD,2433,,,,,,,2,NO INDICATION OF INJURY,0,0,0,0,0,3,0,23,6,2,41.99326388,-87.65563353,POINT (-87.65563353047 41.993263883492)
cc4875fc93790675f0dfc79742eb4bf617180046d9c51975453e623dee55c0eb96e8f4611fe4bdab24d728ab79741bc98102b77f4c89e0dffe03a24fab4c2bda,JD366757,,9/14/2020 10:30,30,TRAFFIC SIGNAL,FUNCTIONING PROPERLY,CLEAR,DAYLIGHT,REAR END,DIVIDED - W/MEDIAN (NOT RAISED),,STRAIGHT AND LEVEL,DRY,NO DEFECTS,,INJURY AND / OR TOW DUE TO CRASH,,,,"$501 - $1,500",9/14/2020 10:55,FOLLOWING TOO CLOSELY,NOT APPLICABLE,7900,S,ASHLAND AVE,611,,,,,,,2,"REPORTED, NOT EVIDENT",2,0,0,0,2,1,0,10,2,9,41.75026224,-87.66358012,POINT (-87.663580117092 41.750262240415)
cc57697abb7cdefa0bc2d11e444c2fb40b3a284035231ed66cfc041d0b3da8d567a62250efde09f437422df9e5e6ec54559726e0684e4400391ddb4a138d4575,JE329746,,8/6/2021 17:00,20,TRAFFIC SIGNAL,NO CONTROLS,CLEAR,DAYLIGHT,REAR END,NOT DIVIDED,,STRAIGHT AND LEVEL,DRY,NO DEFECTS,,NO INJURY / DRIVE AWAY,,,,"$501 - $1,500",8/7/2021 19:00,UNABLE TO DETERMINE,NOT APPLICABLE,26,E,87TH ST,632,,,,,,,2,NO INDICATION OF INJURY,0,0,0,0,0,3,0,17,6,8,41.73646321,-87.62310874,POINT (-87.623108742593 41.736463213216)
cc5b3707babe9aad77d8385dad76e247eae44ae14652cbc9e2e083dff9f1e02e7e3509813d21779caeaa81feb1e9dbc4800e450604b8cebf022c4471fdb521f6,JE472821,,12/10/2021 15:15,30,TRAFFIC SIGNAL,FUNCTIONING PROPERLY,RAIN,"DARKNESS, LIGHTED ROAD",REAR END,NOT DIVIDED,,STRAIGHT AND LEVEL,WET,NO DEFECTS,,INJURY AND / OR TOW DUE TO CRASH,,,Y,"OVER $1,500",12/10/2021 15:58,UNABLE TO DETERMINE,NOT APPLICABLE,340,S,HOMAN AVE,1133,,,,,,,2,NONINCAPACITATING INJURY,1,0,0,1,0,1,0,15,6,12,41.87602807,-87.71098969,POINT (-87.710989686225 41.876028067444)