CRASH_RECORD_ID,RD_NO,CRASH_DATE_EST_I,CRASH_DATE,POSTED_SPEED_LIMIT,TRAFFIC_CONTROL_DEVICE,DEVICE_CONDITION,WEATHER_CONDITION,LIGHTING_CONDITION,FIRST_CRASH_TYPE,TRAFFICWAY_TYPE,LANE_CNT,ALIGNMENT,ROADWAY_SURFACE_COND,ROAD_DEFECT,REPORT_TYPE,CRASH_TYPE,INTERSECTION_RELATED_I,NOT_RIGHT_OF_WAY_I,HIT_AND_RUN_I,DAMAGE,DATE_POLICE_NOTIFIED,PRIM_CONTRIBUTORY_CAUSE,SEC_CONTRIBUTORY_CAUSE,STREET_NO,STREET_DIRECTION,STREET_NAME,BEAT_OF_OCCURRENCE,PHOTOS_TAKEN_I,STATEMENTS_TAKEN_I,DOORING_I,WORK_ZONE_I,WORK_ZONE_TYPE,WORKERS_PRESENT_I,NUM_UNITS,MOST_SEVERE_INJURY,INJURIES_TOTAL,INJURIES_FATAL,INJURIES_INCAPACITATING,INJURIES_NON_INCAPACITATING,INJURIES_REPORTED_NOT_EVIDENT,INJURIES_NO_INDICATION,INJURIES_UNKNOWN,CRASH_HOUR,CRASH_DAY_OF_WEEK,CRASH_MONTH,LATITUDE,LONGITUDE,LOCATION
e86b3b3775fecb96c19a2eb254a68d6a1ca5df93652e4f45f44efcc5f61297cf3ed212065a3238653e2a2c105205e27a1fba44718c60930edf7993beeecfa609,JF148226,,2/18/2022 7:59,30,STOP SIGN/FLASHER,NO CONTROLS,CLEAR,DAYLIGHT,ANGLE,FOUR WAY,,STRAIGHT AND LEVEL,SNOW OR SLUSH,NO DEFECTS,ON SCENE,INJURY AND / OR TOW DUE TO CRASH,Y,,,"OVER $1,500",2/18/2022 7:59,UNABLE TO DETERMINE,UNABLE TO DETERMINE,2559,N,OAK PARK AVE,2512,,,,,,,2,NO INDICATION OF INJURY,0,0,0,0,0,5,0,7,6,2,41.92715001,-87.79520494,POINT (-87.795204939991 41.927150010749)
e87f9e28d4bb910eb372695f6b0a6bec627fb56cc65be8e9b275fa3375e83d28fd027edd8fb8f58385852967626d4f66cdc89c712d0837bc882f552dde3f1b30,JF148655,,2/18/2022 15:25,30,NO CONTROLS,NO CONTROLS,CLEAR,DAYLIGHT,REAR END,NOT DIVIDED,,STRAIGHT AND LEVEL,DRY,NO DEFECTS,NOT ON SCENE (DESK REPORT),NO INJURY / DRIVE AWAY,,,,"$501 - $1,500",2/18/2022 15:25,NOT APPLICABLE,NOT APPLICABLE,6333,S,CICERO AVE,813,,,,,,,2,NO INDICATION OF INJURY,0,0,0,0,0,2,0,15,6,2,41.77743609,-87.74211358,POINT (-87.742113582426 41.77743608499)
528d5311caf27c0a3b54e7e448d3e1ac09bdeb3d75885f606112ef0d78dc78112d76b238d1878c1609ac05315ea1c43ed2d1804368085024e5446fcfaf6b77fd,,,4/4/2022 0:01,30,NO CONTROLS,NO CONTROLS,CLEAR,DARKNESS,PARKED MOTOR VEHICLE,ALLEY,,STRAIGHT AND LEVEL,WET,NO DEFECTS,NOT ON SCENE (DESK REPORT),NO INJURY / DRIVE AWAY,,,Y,"$501 - $1,500",4/8/2022 18:00,UNABLE TO DETERMINE,NOT APPLICABLE,1800,S,MARSHFIELD AVE,1234,,,,,,,2,NO INDICATION OF INJURY,0,0,0,0,0,1,0,0,2,4,41.85771781,-87.66697555,POINT (-87.666975553756 41.857717807699)
5185c8e5d0b809ca4e05572b32ce013a814ef9630670b65a14c9a407759648e4875a2aa62db4305eed1ccff661d9db8f48f2bf1f14db7a317f9d737c1386043a,,,4/7/2022 12:15,20,NO CONTROLS,NO CONTROLS,CLEAR,DAYLIGHT,PARKED MOTOR VEHICLE,NOT DIVIDED,,STRAIGHT AND LEVEL,DRY,NO DEFECTS,ON SCENE,NO INJURY / DRIVE AWAY,,,,"OVER $1,500",4/7/2022 12:25,PHYSICAL CONDITION OF DRIVER,PHYSICAL CONDITION OF DRIVER,637,S,WOOD ST,1231,,,,,,,3,NO INDICATION OF INJURY,0,0,0,0,0,1,0,12,5,4,41.87300411,-87.67138266,POINT (-87.671382662207 41.873004109254)
04254d96eb34886471d16e7665887c8d1079926075f6b4e98e3c0ca8ba08e57f17414a63567e715cb34c8092bfda878f410729ec7d504a368c94758adf59f225,JE255507,,6/6/2021 5:18,30,TRAFFIC SIGNAL,FUNCTIONING PROPERLY,CLEAR,DAWN,TURNING,FOUR WAY,,STRAIGHT AND LEVEL,DRY,NO DEFECTS,,NO INJURY / DRIVE AWAY,Y,,Y,"OVER $1,500",6/6/2021 5:20,"OPERATING VEHICLE IN ERRATIC, RECKLESS, CARELESS, NEGLIGENT OR AGGRESSIVE MANNER",NOT APPLICABLE,799,W,47TH ST,935,,,,,,,2,NO INDICATION OF INJURY,0,0,0,0,0,2,0,5,1,6,41.80875233,-87.64548308,POINT (-87.64548307821 41.808752327935)
e9755476fedfce97fea844a29fc687cbeb64a7882ce11fe86a64395104f1005052cc9e78dc6d913aaa28c3c7915dd4eb19ab0f048d144f48aa5306df0bf9e7f8,JF148810,,2/18/2022 16:22,30,TRAFFIC SIGNAL,FUNCTIONING PROPERLY,CLEAR,DAYLIGHT,REAR END,DIVIDED - W/MEDIAN (NOT RAISED),,STRAIGHT AND LEVEL,DRY,NO DEFECTS,NOT ON SCENE (DESK REPORT),NO INJURY / DRIVE AWAY,,,,"OVER $1,500",2/18/2022 17:18,NOT APPLICABLE,NOT APPLICABLE,542,W,ROOSEVELT RD,124,,,,,,,2,NO INDICATION OF INJURY,0,0,0,0,0,2,0,16,6,2,41.86734929,-87.64088505,POINT (-87.640885052194 41.867349286268)
ea95200a3e00988ffbc7b7f4b6b332977d57985ef8b09d6e7bf40f910978b3612f68cfa714d0e737cda83eb87a5cd26571f5665581e9a5a4206c12fbdbf6d079,JF148693,,2/18/2022 15:30,25,NO CONTROLS,NO CONTROLS,CLEAR,DAYLIGHT,PEDESTRIAN,ONE-WAY,,STRAIGHT AND LEVEL,WET,NO DEFECTS,ON SCENE,INJURY AND / OR TOW DUE TO CRASH,,,,$500 OR LESS,2/18/2022 15:42,IMPROPER BACKING,UNABLE TO DETERMINE,4346,S,FAIRFIELD AVE,922,,,,,,,2,NONINCAPACITATING INJURY,1,0,0,1,0,1,0,15,6,2,41.81418185,-87.69330859,POINT (-87.693308586468 41.814181845773)
eaba6ce3103e74e636110c90749746ae792f5d2f265cbc76efe5f98b8e39328b3dd1df2d5fc681c99d80f18409fc2eb3b67be0742a1048b9189d71428b375470,JF148343,,2/18/2022 10:06,35,TRAFFIC SIGNAL,UNKNOWN,BLOWING SNOW,DAYLIGHT,TURNING,TRAFFIC ROUTE,,STRAIGHT AND LEVEL,SNOW OR SLUSH,UNKNOWN,ON SCENE,NO INJURY / DRIVE AWAY,Y,,,"OVER $1,500",2/18/2022 10:06,UNABLE TO DETERMINE,UNABLE TO DETERMINE,11859,S,MARSHFIELD AVE,2234,,,,,,,2,NO INDICATION OF INJURY,0,0,0,0,0,2,0,10,6,2,41.67762033,-87.66232644,POINT (-87.662326437356 41.677620330949)
0c6717db8cd89ac6637e193b24288eb003df45280bf69d1a5f74f4e7f9c5e98cf74ea355685a6dda59bf8f06da58fb9062e7946d6332ff47d322f4c6df5305da,JD380629,Y,9/27/2020 2:00,35,UNKNOWN,UNKNOWN,CLEAR,"DARKNESS, LIGHTED ROAD",PEDESTRIAN,OTHER,,STRAIGHT AND LEVEL,DRY,NO DEFECTS,,INJURY AND / OR TOW DUE TO CRASH,,,Y,$500 OR LESS,9/27/2020 2:10,NOT APPLICABLE,NOT APPLICABLE,6413,S,CORNELL DR,331,,,,,,,2,"REPORTED, NOT EVIDENT",1,0,0,0,1,1,0,2,1,9,41.77832382,-87.58491182,POINT (-87.584911820628 41.77832382348)
0c8345cd4d49255a39919d62d2a3a2deed5c062b4d8d4dc11fcb9f980d323b77d17238652d335711a8347ced0540b76493ffca0a1f4610ec94eea35260abbf8d,JF106151,,1/7/2022 13:30,30,NO CONTROLS,NO CONTROLS,CLEAR,DAYLIGHT,REAR END,NOT DIVIDED,,STRAIGHT AND LEVEL,DRY,NO DEFECTS,,NO INJURY / DRIVE AWAY,,,,"OVER $1,500",1/7/2022 17:10,UNABLE TO DETERMINE,NOT APPLICABLE,3700,S,ARCHER AVE,911,,,,,,,2,NO INDICATION OF INJURY,0,0,0,0,0,2,0,13,6,1,41.82634907,-87.6844724,POINT (-87.684472400749 41.826349067226)
0c91389c25e1ae8aadee8f51d9fa76627a389e5cef86738c29bcdb6a8aa0bd2f45105d03b9bb54e2f13d110567064fc0ff6a0eca30e958f2bf72179cf6d7966a,JD339972,,8/21/2020 10:15,30,TRAFFIC SIGNAL,FUNCTIONING PROPERLY,CLEAR,DAYLIGHT,TURNING,DIVIDED - W/MEDIAN (NOT RAISED),,STRAIGHT AND LEVEL,DRY,NO DEFECTS,,NO INJURY / DRIVE AWAY,Y,,,"OVER $1,500",8/21/2020 10:16,DRIVING SKILLS/KNOWLEDGE/EXPERIENCE,NOT APPLICABLE,1100,W,DIVISION ST,1822,,,,,,,2,NO INDICATION OF INJURY,0,0,0,0,0,2,0,10,6,8,41.90363993,-87.65554697,POINT (-87.655546970003 41.903639930952)
cfa3c148e4b73b93df659e95d26ba76cf9a72c8f9ed0e3ddff823547deabc5cff7841460970a1bb7e11f090e485ef9053dbb99eee415a653db7761c97cd12ff6,JF155235,,2/25/2022 0:50,30,NO CONTROLS,NO CONTROLS,SNOW,"DARKNESS, LIGHTED ROAD",FIXED OBJECT,ONE-WAY,,"CURVE, LEVEL",SNOW OR SLUSH,NO DEFECTS,ON SCENE,INJURY AND / OR TOW DUE TO CRASH,,,,"OVER $1,500",2/25/2022 1:01,WEATHER,UNABLE TO DETERMINE,500,S,LOWER WACKER DR,123,,,,,,,1,NO INDICATION OF INJURY,0,0,0,0,0,2,0,0,6,2,41.87546162,-87.63602735,POINT (-87.636027349495 41.875461621165)
eb408150d561cdca250c9edfcba2790fd5d5abfac8e7b836b2cc9063c6093c28e42d37a9b1d61eacd983aace534992e2c60348b62d1f883cbf2429dba0134f36,JF148370,,2/18/2022 9:30,30,TRAFFIC SIGNAL,FUNCTIONING PROPERLY,CLEAR,DAYLIGHT,SIDESWIPE OPPOSITE DIRECTION,NOT DIVIDED,,STRAIGHT AND LEVEL,WET,UNKNOWN,NOT ON SCENE (DESK REPORT),NO INJURY / DRIVE AWAY,,,Y,"OVER $1,500",2/18/2022 10:45,DRIVING SKILLS/KNOWLEDGE/EXPERIENCE,UNABLE TO DETERMINE,100,E,63RD ST,311,,,,,,,2,NO INDICATION OF INJURY,0,0,0,0,0,2,0,9,6,2,41.78014675,-87.62190091,POINT (-87.621900909245 41.780146746557)
eb7d6052669df947098680162c7dec6177d74b3aaaf813f4fed0a8416d919827659761049d684c62381037baf26451e65b100e344b697cf3a9f8c369ceb4fc96,JF148572,,2/18/2022 7:50,30,STOP SIGN/FLASHER,FUNCTIONING PROPERLY,CLEAR,DAYLIGHT,TURNING,ONE-WAY,,STRAIGHT AND LEVEL,SNOW OR SLUSH,NO DEFECTS,NOT ON SCENE (DESK REPORT),NO INJURY / DRIVE AWAY,,,,"$501 - $1,500",2/18/2022 17:00,FAILING TO YIELD RIGHT-OF-WAY,FAILING TO REDUCE SPEED TO AVOID CRASH,1401,N,KILDARE AVE,2534,,,,,,,2,NO INDICATION OF INJURY,0,0,0,0,0,4,0,7,6,2,41.90625205,-87.73363028,POINT (-87.733630280407 41.906252051073)
ebba9969555bbd60546cf1c7d418fb1386bc5039e8777671f15576863d69d76f175fc39b8ba19adfb85aa28a267849060d377ae8e7e64314960c1f7a4cebc715,JF148273,,2/18/2022 9:22,20,NO CONTROLS,NO CONTROLS,CLEAR,DAYLIGHT,TURNING,NOT DIVIDED,,STRAIGHT AND LEVEL,SNOW OR SLUSH,NO DEFECTS,ON SCENE,INJURY AND / OR TOW DUE TO CRASH,,,,"OVER $1,500",2/18/2022 9:26,FAILING TO REDUCE SPEED TO AVOID CRASH,DRIVING SKILLS/KNOWLEDGE/EXPERIENCE,3519,W,BLOOMINGDALE AVE,1422,,,,,,,2,NONINCAPACITATING INJURY,1,0,0,1,0,1,0,9,6,2,41.91346905,-87.71422576,POINT (-87.71422576395 41.913469048823)
ebf6183ec640a378ba98f5dc7e83c6183949447df43d1533b9537bd493874eaf2f5917c22ffca7316c79623693e4cc21556772595e45f4e6141d797d83b17eb2,JF148583,,2/18/2022 11:30,10,NO CONTROLS,NO CONTROLS,SNOW,DAYLIGHT,OTHER OBJECT,ALLEY,,STRAIGHT AND LEVEL,SNOW OR SLUSH,NO DEFECTS,ON SCENE,NO INJURY / DRIVE AWAY,,,N,"OVER $1,500",2/18/2022 11:30,WEATHER,NOT APPLICABLE,2515,E,75TH ST,421,,,,,,,1,NO INDICATION OF INJURY,0,0,0,0,0,1,0,11,6,2,41.7589166,-87.5632732,POINT (-87.563273203068 41.758916598504)
d0c21bb3993b23839fd01690ace1a83b8fcf6432be940f2dfc057e0cdb780e022d615677e12e132e4f175f69174f7d3ba9f136abc4e4bafb43590d61e5037d1e,JF155580,,2/25/2022 10:00,30,NO CONTROLS,NO CONTROLS,CLEAR,DAYLIGHT,PARKED MOTOR VEHICLE,DIVIDED - W/MEDIAN (NOT RAISED),,STRAIGHT AND LEVEL,DRY,NO DEFECTS,ON SCENE,INJURY AND / OR TOW DUE TO CRASH,,,Y,"OVER $1,500",2/25/2022 10:30,IMPROPER OVERTAKING/PASSING,NOT APPLICABLE,9341,S,HALSTED ST,2223,,,,,,,3,NO INDICATION OF INJURY,0,0,0,0,0,1,0,10,6,2,41.72384972,-87.64312945,POINT (-87.643129446159 41.723849715694)
ec34aff80c55d98170842ad67e92ba899efab535956fd82e3262c83555c0984fcdc9906e4fa5974b322f48bd2dbc5042ae4a7d535c846b1362bff219b1e1dc4d,JF148246,Y,2/18/2022 8:40,30,NO CONTROLS,NO CONTROLS,SNOW,DAYLIGHT,SIDESWIPE SAME DIRECTION,DIVIDED - W/MEDIAN (NOT RAISED),,STRAIGHT ON GRADE,WET,NO DEFECTS,ON SCENE,INJURY AND / OR TOW DUE TO CRASH,,,,"OVER $1,500",2/18/2022 9:00,DRIVING SKILLS/KNOWLEDGE/EXPERIENCE,NOT APPLICABLE,3608,W,FULLERTON AVE,2524,,,,,,,2,NO INDICATION OF INJURY,0,0,0,0,0,2,0,8,6,2,41.92470866,-87.71737133,POINT (-87.717371333013 41.924708659649)
d1da59954d6c9a1ee280933de995963902393bc427d55e97a9ba2b36b0b11c9ef503bf5a0e9e79eb5f0a6f0df94990ebfbba2eaaeba574e4dbb6eaad9e4f0c91,JF155489,Y,2/25/2022 9:00,30,NO CONTROLS,NO CONTROLS,SNOW,UNKNOWN,PARKED MOTOR VEHICLE,NOT DIVIDED,,STRAIGHT AND LEVEL,SNOW OR SLUSH,UNKNOWN,ON SCENE,INJURY AND / OR TOW DUE TO CRASH,,,Y,"OVER $1,500",2/25/2022 10:17,UNABLE TO DETERMINE,NOT APPLICABLE,4700,W,ADDISON ST,1731,,,,,,,2,NO INDICATION OF INJURY,0,0,0,0,0,1,0,9,6,2,41.94626869,-87.74458058,POINT (-87.744580576993 41.946268693672)
d245c7a5d1bc10257feb9ca3f75b717b6c425fd10f26151d8afc12ccaa8a8b55df2e78f135e949f21413b16b3de2bd456740bfc6375cc94dc548638178c80dc7,JF156151,,2/25/2022 17:30,30,TRAFFIC SIGNAL,FUNCTIONING PROPERLY,CLEAR,"DARKNESS, LIGHTED ROAD",TURNING,FOUR WAY,,STRAIGHT AND LEVEL,DRY,NO DEFECTS,ON SCENE,NO INJURY / DRIVE AWAY,Y,,,"OVER $1,500",2/25/2022 19:08,UNABLE TO DETERMINE,UNABLE TO DETERMINE,699,S,CICERO AVE,1131,,,,,,,2,NO INDICATION OF INJURY,0,0,0,0,0,2,0,17,6,2,41.87208345,-87.74478582,POINT (-87.744785816519 41.87208344809)
d2a79535147c293152033d904bd5e4908491a8ef03c22ce06db7877304c08b4d1c283f29295324e6a19f47098ec25dc4a9f62a64a9943ad72b9035bd9298a045,JF155851,,2/25/2022 15:48,30,NO CONTROLS,NO CONTROLS,SNOW,DAYLIGHT,PARKED MOTOR VEHICLE,NOT DIVIDED,,STRAIGHT AND LEVEL,SNOW OR SLUSH,NO DEFECTS,ON SCENE,NO INJURY / DRIVE AWAY,,,,"OVER $1,500",2/25/2022 16:00,UNABLE TO DETERMINE,UNABLE TO DETERMINE,4343,S,HONORE ST,924,,,,,,,2,NO INDICATION OF INJURY,0,0,0,0,0,1,0,15,6,2,41.81454807,-87.6710525,POINT (-87.671052497829 41.814548074395)
d2bd141ba1d4209c5bcdf2cd1040ececb5d4ae9c9aa5b5e41c4900b8cb17e0ebfc66d490bffd6c18daed8a7d220a12b5a26ebbe2d0c08adcbb061757a38dad89,JF155876,,2/25/2022 15:20,30,TRAFFIC SIGNAL,FUNCTIONING PROPERLY,CLEAR,DAYLIGHT,REAR END,DIVIDED - W/MEDIAN (NOT RAISED),,STRAIGHT AND LEVEL,DRY,NO DEFECTS,NOT ON SCENE (DESK REPORT),NO INJURY / DRIVE AWAY,Y,,N,"$501 - $1,500",2/25/2022 16:00,UNABLE TO DETERMINE,NOT APPLICABLE,5605,W,HIGGINS AVE,1622,,,,,,,2,NO INDICATION OF INJURY,0,0,0,0,0,2,0,15,6,2,41.97030371,-87.76790022,POINT (-87.767900216144 41.970303711878)
ecf7dd06ef9c2c73c8a9452884b9c0bb507161d8aab16d9371b68c6c03f4a433630947ee8ceb9bdf42368bbf1ed56a747fcc22f2f809d30522bbaa5cf8c879f8,JF148505,,2/18/2022 11:30,30,NO CONTROLS,NO CONTROLS,CLEAR,DAYLIGHT,SIDESWIPE SAME DIRECTION,NOT DIVIDED,,STRAIGHT AND LEVEL,SNOW OR SLUSH,NO DEFECTS,NOT ON SCENE (DESK REPORT),NO INJURY / DRIVE AWAY,,,,"$501 - $1,500",2/18/2022 13:00,UNABLE TO DETERMINE,NOT APPLICABLE,4300,S,LAKE SHORE DR SB,222,,,,,,,2,NO INDICATION OF INJURY,0,0,0,0,0,2,0,11,6,2,41.81680907,-87.59532793,POINT (-87.595327927215 41.816809068809)
ed5ab8b166f375eaa063a9b504fd716bd4bd19b7afeb610a759196f8952400861c0f01f6b0ffac457407bc277b68de20f6638deee48074de608fb31cc35883e4,JF148958,,2/18/2022 15:30,30,NO CONTROLS,NO CONTROLS,CLEAR,DAYLIGHT,ANGLE,NOT DIVIDED,,STRAIGHT AND LEVEL,DRY,NO DEFECTS,NOT ON SCENE (DESK REPORT),NO INJURY / DRIVE AWAY,Y,,,"OVER $1,500",2/18/2022 20:00,UNABLE TO DETERMINE,NOT APPLICABLE,3132,W,IRVING PARK RD,1724,,,,,,,2,NO INDICATION OF INJURY,0,0,0,0,0,2,0,15,6,2,41.95403705,-87.7069353,POINT (-87.706935299312 41.954037051449)
57876c38f228432d4ee103ecc36f482bec350c2ab7f75a6a690da1f70c9279d3114a2e348f1fb902d4c483210e28f84466ce3f0d8ced4b44b8a5844f64d4d98a,,,4/2/2022 14:45,30,NO CONTROLS,NO CONTROLS,RAIN,DAYLIGHT,SIDESWIPE SAME DIRECTION,DIVIDED - W/MEDIAN (NOT RAISED),,STRAIGHT AND LEVEL,WET,UNKNOWN,NOT ON SCENE (DESK REPORT),NO INJURY / DRIVE AWAY,,,,"OVER $1,500",4/2/2022 15:50,UNABLE TO DETERMINE,UNABLE TO DETERMINE,5624,W,BELMONT AVE,1633,,,,,,,2,NO INDICATION OF INJURY,0,0,0,0,0,2,0,14,7,4,41.93867286,-87.76749816,POINT (-87.767498164085 41.938672861757)
565345baa72693829e3854d833b754cacb6e0694f48b94f0340b821fdf616d56d95b62eb46f00050b0452ab869d2aaa29bb9899f0621a5f376336aa7b458ac21,,Y,4/2/2022 3:15,30,NO CONTROLS,NO CONTROLS,CLEAR,"DARKNESS, LIGHTED ROAD",PARKED MOTOR VEHICLE,NOT DIVIDED,,STRAIGHT AND LEVEL,DRY,NO DEFECTS,ON SCENE,NO INJURY / DRIVE AWAY,,,Y,"OVER $1,500",4/2/2022 3:25,UNABLE TO DETERMINE,UNABLE TO DETERMINE,739,E,79TH ST,624,,N,,,,,2,NO INDICATION OF INJURY,0,0,0,0,0,1,0,3,7,4,41.75115674,-87.60612628,POINT (-87.606126276592 41.751156739528)
d3145e8feb536ad008466d40af21752baa662eddad77785869fd823c294f4638c68b2015ac1474a192eb79523e5009882ef48aa45d5495714f97620a3767efea,JF155812,,2/25/2022 14:45,30,NO CONTROLS,NO CONTROLS,SNOW,DAYLIGHT,SIDESWIPE SAME DIRECTION,NOT DIVIDED,,STRAIGHT AND LEVEL,WET,NO DEFECTS,NOT ON SCENE (DESK REPORT),NO INJURY / DRIVE AWAY,,,,"OVER $1,500",2/25/2022 15:25,FAILING TO YIELD RIGHT-OF-WAY,NOT APPLICABLE,1524,W,TAYLOR ST,1231,,,,,,,2,NO INDICATION OF INJURY,0,0,0,0,0,3,0,14,6,2,41.86939364,-87.66515239,POINT (-87.665152388106 41.869393639406)
d4d6b14376497fd3179706b3a7af66f1ed66607afdcd0b1016eb3590ab828f700e08bffc0e6ccb18747646615dabf7af2afb180ec3ae7381ab8fb8f42cf1eb9f,JF155781,,2/25/2022 14:31,30,NO CONTROLS,NO CONTROLS,SNOW,DAYLIGHT,SIDESWIPE SAME DIRECTION,ONE-WAY,,STRAIGHT AND LEVEL,SNOW OR SLUSH,NO DEFECTS,ON SCENE,INJURY AND / OR TOW DUE TO CRASH,,,,"OVER $1,500",2/25/2022 14:49,IMPROPER LANE USAGE,UNABLE TO DETERMINE,153,E,ERIE ST,1834,,,,,,,2,"REPORTED, NOT EVIDENT",1,0,0,0,1,2,0,14,6,2,41.89404236,-87.62338516,POINT (-87.623385155458 41.894042358283)
eecbe2f71081f99ce76ea0ba0ab2ed2ea2c846889d81229bd6844af107f295e6192452973ce69c50f9d8fe087ed097e1dfa9f36355f679050acd47c663f113d7,JF148876,,2/18/2022 17:55,30,NO CONTROLS,NO CONTROLS,CLEAR,"DARKNESS, LIGHTED ROAD",TURNING,DIVIDED - W/MEDIAN (NOT RAISED),,STRAIGHT AND LEVEL,SNOW OR SLUSH,NO DEFECTS,ON SCENE,NO INJURY / DRIVE AWAY,,,,$500 OR LESS,2/18/2022 18:00,FAILING TO REDUCE SPEED TO AVOID CRASH,UNABLE TO DETERMINE,1155,S,WESTERN AVE,1225,,,,,,,2,NO INDICATION OF INJURY,0,0,0,0,0,3,0,17,6,2,41.86678654,-87.68589714,POINT (-87.685897137251 41.866786540198)
d5507c7396d3cfe1c27ef0b0af6ca1e78ede6b47a2f90c96e0e8b11bb1d1a19d1c6ffbdab7eff6e58aa3c2d1411207bd25579b911a5490bad326b9e370cd8ccc,JF156094,,2/25/2022 19:42,30,STOP SIGN/FLASHER,FUNCTIONING PROPERLY,CLEAR,"DARKNESS, LIGHTED ROAD",SIDESWIPE SAME DIRECTION,FOUR WAY,,STRAIGHT AND LEVEL,DRY,NO DEFECTS,NOT ON SCENE (DESK REPORT),NO INJURY / DRIVE AWAY,,,Y,"OVER $1,500",2/25/2022 19:43,IMPROPER OVERTAKING/PASSING,IMPROPER TURNING/NO SIGNAL,2400,N,ASHLAND AVE,1931,,,,,,,2,NO INDICATION OF INJURY,0,0,0,0,0,2,0,19,6,2,41.92519389,-87.66829436,POINT (-87.668294363399 41.92519388981)
eeecc6f95702a5f073263e08a774264f29c8067530e9db0bb76218e698541cb2bc07d874da4471d541abb3ca15000a2f20c4f067f82476f81e40c2798dcdacbc,JF151169,,2/18/2022 10:30,30,NO CONTROLS,NO CONTROLS,CLEAR,DAYLIGHT,ANGLE,PARKING LOT,,STRAIGHT AND LEVEL,DRY,NO DEFECTS,NOT ON SCENE (DESK REPORT),NO INJURY / DRIVE AWAY,,Y,,"$501 - $1,500",2/21/2022 9:30,NOT APPLICABLE,NOT APPLICABLE,5629,W,FILLMORE ST,1513,,,,,,,2,NO INDICATION OF INJURY,0,0,0,0,0,2,0,10,6,2,41.86731565,-87.76559794,POINT (-87.765597942961 41.867315647879)
d5dfbe0bdb2b958e60cb03665e19788ec2ea0e8588089be2fe110cd93d0a2e2acf72f919679bbe6363a5387ff6ae503faeb29c4e28e98465e210d1f689cf66ac,JF155436,,2/25/2022 9:16,30,TRAFFIC SIGNAL,FUNCTIONING PROPERLY,SNOW,DAYLIGHT,ANGLE,NOT DIVIDED,,STRAIGHT AND LEVEL,SNOW OR SLUSH,NO DEFECTS,ON SCENE,INJURY AND / OR TOW DUE TO CRASH,Y,,,"OVER $1,500",2/25/2022 9:16,DISREGARDING TRAFFIC SIGNALS,FAILING TO YIELD RIGHT-OF-WAY,1798,N,HALSTED ST,1813,,,,,,,5,INCAPACITATING INJURY,2,0,1,1,0,1,0,9,6,2,41.91377314,-87.64850695,POINT (-87.648506952981 41.91377313589)
ef86ec1fd8e7a7a21f3aa2a38d24aa9da7affeb268bca4a82986fff507f23191e54548f0aa8cf06f7df5cd691b2f61c69eb5888eeccbb1be42724cf5d67a93af,JF149516,,2/18/2022 19:44,30,STOP SIGN/FLASHER,UNKNOWN,UNKNOWN,UNKNOWN,ANGLE,FOUR WAY,,STRAIGHT AND LEVEL,UNKNOWN,UNKNOWN,NOT ON SCENE (DESK REPORT),NO INJURY / DRIVE AWAY,Y,,,"$501 - $1,500",2/19/2022 13:00,UNABLE TO DETERMINE,NOT APPLICABLE,3832,W,WILSON AVE,1723,,,,,,,2,NO INDICATION OF INJURY,0,0,0,0,0,2,0,19,6,2,41.96474372,-87.72440202,POINT (-87.724402019543 41.964743716269)
efa3be0398ca8fa205899c51254313c278f3a09e7938b75491c8746283c690b51058dc8a27b29dd5bbe9e49a3279615b4fb5f5a2b26bcc472462a54d3ccc1d4d,JF162264,,2/18/2022 11:37,15,NO CONTROLS,NO CONTROLS,CLEAR,DAYLIGHT,REAR END,PARKING LOT,,STRAIGHT AND LEVEL,SNOW OR SLUSH,NO DEFECTS,NOT ON SCENE (DESK REPORT),NO INJURY / DRIVE AWAY,,Y,,"$501 - $1,500",3/3/2022 17:45,UNABLE TO DETERMINE,UNABLE TO DETERMINE,47,W,POLK ST,123,,,,,,,2,NO INDICATION OF INJURY,0,0,0,0,0,2,0,11,6,2,41.87216696,-87.6295768,POINT (-87.6295767973 41.872166957801)
efb40530b053741c4e3077cfc32eab21cf21a21a492b7e6056e1f857661b7cfeac5f8f5bfc75930b7f140fe535c6cd1783fddd0466ba954a091e38a3854b654c,JF148179,,2/18/2022 7:30,25,TRAFFIC SIGNAL,FUNCTIONING PROPERLY,SNOW,DAYLIGHT,REAR TO FRONT,DIVIDED - W/MEDIAN (NOT RAISED),,STRAIGHT AND LEVEL,WET,NO DEFECTS,ON SCENE,NO INJURY / DRIVE AWAY,,,,$500 OR LESS,2/18/2022 7:35,UNABLE TO DETERMINE,UNABLE TO DETERMINE,10000,W,OHARE ST,1651,,,,,,,2,NO INDICATION OF INJURY,0,0,0,0,0,2,0,7,6,2,41.97620114,-87.90530913,POINT (-87.905309125103 41.976201139024)
effde85760b7883c1ef4b447627b1e1c0512828f79fab87db8cd824bca2253336503cedc7f99fcb4b66e029c8ac12ed3d5a227db6125055b09270e0edd0a895f,JF154597,,2/18/2022 18:30,25,NO CONTROLS,NO CONTROLS,CLEAR,"DARKNESS, LIGHTED ROAD",PARKED MOTOR VEHICLE,ONE-WAY,,STRAIGHT AND LEVEL,DRY,NO DEFECTS,NOT ON SCENE (DESK REPORT),NO INJURY / DRIVE AWAY,,,Y,"OVER $1,500",2/24/2022 12:12,UNABLE TO DETERMINE,NOT APPLICABLE,5660,W,GUNNISON ST,1622,,,,,,,2,NO INDICATION OF INJURY,0,0,0,0,0,1,0,18,6,2,41.968764,-87.76991425,POINT (-87.769914253687 41.968763997502)