CRASH_RECORD_ID,RD_NO,CRASH_DATE_EST_I,CRASH_DATE,POSTED_SPEED_LIMIT,TRAFFIC_CONTROL_DEVICE,DEVICE_CONDITION,WEATHER_CONDITION,LIGHTING_CONDITION,FIRST_CRASH_TYPE,TRAFFICWAY_TYPE,LANE_CNT,ALIGNMENT,ROADWAY_SURFACE_COND,ROAD_DEFECT,REPORT_TYPE,CRASH_TYPE,INTERSECTION_RELATED_I,NOT_RIGHT_OF_WAY_I,HIT_AND_RUN_I,DAMAGE,DATE_POLICE_NOTIFIED,PRIM_CONTRIBUTORY_CAUSE,SEC_CONTRIBUTORY_CAUSE,STREET_NO,STREET_DIRECTION,STREET_NAME,BEAT_OF_OCCURRENCE,PHOTOS_TAKEN_I,STATEMENTS_TAKEN_I,DOORING_I,WORK_ZONE_I,WORK_ZONE_TYPE,WORKERS_PRESENT_I,NUM_UNITS,MOST_SEVERE_INJURY,INJURIES_TOTAL,INJURIES_FATAL,INJURIES_INCAPACITATING,INJURIES_NON_INCAPACITATING,INJURIES_REPORTED_NOT_EVIDENT,INJURIES_NO_INDICATION,INJURIES_UNKNOWN,CRASH_HOUR,CRASH_DAY_OF_WEEK,CRASH_MONTH,LATITUDE,LONGITUDE,LOCATION
d77705ba7f2800ecf55aba766b0a6fc686a8ce4e7380b6ddbf83aed2a79337a9691244e9ff19ce99d4e62480b88a6cce9f43a2da83abc8f3235c3504993fc58e,JF156502,,2/25/2022 18:10,30,TRAFFIC SIGNAL,FUNCTIONING PROPERLY,CLEAR,DAYLIGHT,SIDESWIPE SAME DIRECTION,DIVIDED - W/MEDIAN (NOT RAISED),,STRAIGHT AND LEVEL,DRY,NO DEFECTS,NOT ON SCENE (DESK REPORT),NO INJURY / DRIVE AWAY,Y,,,"$501 - $1,500",2/26/2022 9:15,IMPROPER LANE USAGE,FAILING TO REDUCE SPEED TO AVOID CRASH,2757,N,NARRAGANSETT AVE,2512,,,,,,,2,NO INDICATION OF INJURY,0,0,0,0,0,2,0,18,6,2,41.9308555,-87.78553787,POINT (-87.78553787309 41.930855498081)
d777eab19ae2b9b88c957f1a8b7fe1a8a4fcbc851aefe2db256753720a3bb020b4052f8ac9c616da92ac6f539cf974cc33458462bd9e17ccbd4d4ecc4e90fc29,JF156506,,2/25/2022 19:07,30,NO CONTROLS,NO CONTROLS,CLEAR,"DARKNESS, LIGHTED ROAD",TURNING,ONE-WAY,,STRAIGHT AND LEVEL,ICE,NO DEFECTS,NOT ON SCENE (DESK REPORT),NO INJURY / DRIVE AWAY,,,,"OVER $1,500",2/26/2022 9:20,IMPROPER TURNING/NO SIGNAL,WEATHER,1824,W,ADAMS ST,1223,,,,,,,2,NO INDICATION OF INJURY,0,0,0,0,0,5,0,19,6,2,41.87890988,-87.6728495,POINT (-87.672849499302 41.878909882382)
09e9b82c72cace81d36b51d14bf018474612d328fa929260537e08f3f763a7c3c5e92c049ce5b87555440004437b496bfc75e9e46a34a3f05c618abbaaa21953,JE404594,,10/10/2021 4:20,10,NO CONTROLS,NO CONTROLS,CLEAR,"DARKNESS, LIGHTED ROAD",ANGLE,ALLEY,,STRAIGHT AND LEVEL,DRY,UNKNOWN,,INJURY AND / OR TOW DUE TO CRASH,,,N,"OVER $1,500",10/10/2021 4:23,UNABLE TO DETERMINE,NOT APPLICABLE,5344,N,MILWAUKEE AVE,1622,,,,,,,2,NO INDICATION OF INJURY,0,0,0,0,0,2,0,4,1,10,41.97770844,-87.76977918,POINT (-87.769779174973 41.97770843682)
0a22f56baa9a18cf4d2cd72a2bb0db2387ff37ea41c9bb5b72b8476edf91d18fcdd3f6e7a516db048493ed751d116a3abc1668740dc50785414b2d5cdee7b6f9,JD301973,,7/18/2020 17:36,20,NO CONTROLS,NO CONTROLS,CLEAR,DAYLIGHT,REAR END,NOT DIVIDED,,STRAIGHT AND LEVEL,DRY,NO DEFECTS,,NO INJURY / DRIVE AWAY,,,Y,"OVER $1,500",7/18/2020 17:45,IMPROPER BACKING,NOT APPLICABLE,6200,S,MARSHFIELD AVE,714,,,,,,,2,NO INDICATION OF INJURY,0,0,0,0,0,4,0,17,7,7,41.781183,-87.66561779,POINT (-87.665617789172 41.781183001028)
172adece1586479f51a4e0d63805c432355d155c7136873fb40a6a8f039963f3403e2b22b912219c1c5e4f85d40352fa4c9abe33a832913837ce750d2039afe9,JD180029,,3/9/2020 19:14,30,STOP SIGN/FLASHER,FUNCTIONING PROPERLY,RAIN,"DARKNESS, LIGHTED ROAD",PEDESTRIAN,FOUR WAY,,STRAIGHT AND LEVEL,WET,NO DEFECTS,,INJURY AND / OR TOW DUE TO CRASH,N,,Y,"OVER $1,500",3/9/2020 19:25,FAILING TO YIELD RIGHT-OF-WAY,UNABLE TO DETERMINE,9020,S,LANGLEY AVE,633,,,,,,,2,INCAPACITATING INJURY,1,0,1,0,0,1,0,19,2,3,41.73040895,-87.60724307,POINT (-87.607243066561 41.730408949396)
d7a429a928fc011e7d27dd3ac1e4ae3923a83bf122a82db2d17848c0a23a059dba440b36135b18295fe3f03a9328ab95056c8a069cad6df8e003752eafeb3602,JF155443,,2/25/2022 9:30,30,TRAFFIC SIGNAL,FUNCTIONING PROPERLY,CLEAR,DAYLIGHT,REAR END,DIVIDED - W/MEDIAN (NOT RAISED),,STRAIGHT AND LEVEL,SNOW OR SLUSH,NO DEFECTS,NOT ON SCENE (DESK REPORT),NO INJURY / DRIVE AWAY,,,,"$501 - $1,500",2/25/2022 9:45,FOLLOWING TOO CLOSELY,UNABLE TO DETERMINE,2301,W,LAWRENCE AVE,1911,,,,,,,3,NO INDICATION OF INJURY,0,0,0,0,0,3,0,9,6,2,41.96853652,-87.68653111,POINT (-87.686531112794 41.968536515552)
d7e643a2d979aa55da52fddfd43527ebc39bf6fc7ba9a2344e67b801658dac620bd91ff74097d80b2e1ea4b211afee4f98e3ee549866239179ca068b4752a1cc,JF155536,,2/25/2022 10:30,25,STOP SIGN/FLASHER,FUNCTIONING PROPERLY,CLEAR,DAYLIGHT,TURNING,DIVIDED - W/MEDIAN (NOT RAISED),,STRAIGHT AND LEVEL,SNOW OR SLUSH,NO DEFECTS,NOT ON SCENE (DESK REPORT),NO INJURY / DRIVE AWAY,,,,"$501 - $1,500",2/25/2022 10:55,UNABLE TO DETERMINE,UNABLE TO DETERMINE,3058,N,LAWNDALE AVE,2523,,,,,,,2,NO INDICATION OF INJURY,0,0,0,0,0,2,0,10,6,2,41.93719527,-87.71978676,POINT (-87.719786757489 41.937195266192)
f116ae9a07c11a9279dcad925a1b53f1c1cf4053bbb617954bedd2f72cb690e3e0f22ac36fa3665a59de07eb422c4b812b76045b60dcb9af32da46ee53564628,JF148215,,2/18/2022 7:40,30,NO CONTROLS,NO CONTROLS,SNOW,DAYLIGHT,REAR END,NOT DIVIDED,,STRAIGHT AND LEVEL,SNOW OR SLUSH,NO DEFECTS,ON SCENE,INJURY AND / OR TOW DUE TO CRASH,N,,,"$501 - $1,500",2/18/2022 7:44,IMPROPER LANE USAGE,NOT APPLICABLE,4115,S,ARCHER AVE,921,,,,,,,2,NO INDICATION OF INJURY,0,0,0,0,0,2,0,7,6,2,41.81866283,-87.69655704,POINT (-87.696557042654 41.81866282927)
0c278342be0daa4d08777b912676daf184e046ab3a8e15b6ccd2b65e48a76fe4faa20c580598290d1f5ae5a87d23c6c8f0a3c15881c4d5d61426deefeeb03702,JC387223,,8/10/2019 19:13,30,NO CONTROLS,NO CONTROLS,CLEAR,DAYLIGHT,PEDESTRIAN,NOT DIVIDED,,STRAIGHT AND LEVEL,DRY,NO DEFECTS,,INJURY AND / OR TOW DUE TO CRASH,,,,"OVER $1,500",8/10/2019 19:13,"OPERATING VEHICLE IN ERRATIC, RECKLESS, CARELESS, NEGLIGENT OR AGGRESSIVE MANNER",UNABLE TO DETERMINE,405,E,61ST ST,313,,,,,,,3,INCAPACITATING INJURY,3,0,1,2,0,0,0,19,7,8,41.78377901,-87.61547286,POINT (-87.615472856644 41.783779009672)
0c29502a3cb914b232a3443bfc602e1a34773fa61b2db04b5b6098bdc076952bbec0c668cff934137b91f8ebce9213d53d695c606e281a05ad3b4a87ff425bb8,JC365260,,7/26/2019 10:45,30,STOP SIGN/FLASHER,FUNCTIONING PROPERLY,CLEAR,DAYLIGHT,REAR END,NOT DIVIDED,,STRAIGHT AND LEVEL,DRY,NO DEFECTS,,INJURY AND / OR TOW DUE TO CRASH,Y,,,"OVER $1,500",7/26/2019 10:50,FOLLOWING TOO CLOSELY,NOT APPLICABLE,1402,S,MCCORMICK PL BUSWAY,132,,,,,,,2,"REPORTED, NOT EVIDENT",1,0,0,0,1,2,0,10,6,7,41.86424791,-87.62039617,POINT (-87.620396170134 41.864247912186)
d807ea4e230be79f8bf72428ae6a61c76ff8223f0635396d1cebd3adc4dd8154cf2a9f3bfe841f632fa80d96de51ce55a39a20bf596a255d6869b0594cfa93c3,JD402328,,10/17/2020 0:30,30,TRAFFIC SIGNAL,FUNCTIONING PROPERLY,CLEAR,"DARKNESS, LIGHTED ROAD",REAR TO FRONT,ONE-WAY,,STRAIGHT AND LEVEL,DRY,NO DEFECTS,,NO INJURY / DRIVE AWAY,,,Y,"OVER $1,500",10/17/2020 13:00,IMPROPER BACKING,HAD BEEN DRINKING (USE WHEN ARREST IS NOT MADE),5502,S,WENTWORTH AVE,225,,,,,,,2,NO INDICATION OF INJURY,0,0,0,0,0,2,0,0,7,10,,,
d8e3aee363beaddb69dd83fa04c5bca855f0945d1e4a722a0d63dba267e19043a037038cfa2e79200c7da2ad14a8b65713649851e2ea88ff43193a48c8ec052e,JF155708,,2/25/2022 12:57,35,NO CONTROLS,NO CONTROLS,CLEAR,DAYLIGHT,FIXED OBJECT,NOT DIVIDED,,STRAIGHT AND LEVEL,DRY,WORN SURFACE,ON SCENE,INJURY AND / OR TOW DUE TO CRASH,,Y,,"$501 - $1,500",2/25/2022 13:45,EQUIPMENT - VEHICLE CONDITION,NOT APPLICABLE,233,E,75TH ST,623,,,,,,,1,NO INDICATION OF INJURY,0,0,0,0,0,1,0,12,6,2,41.75823818,-87.61846763,POINT (-87.618467629478 41.758238178553)
d8f485d3dac66c256b388bb1ef437a5a6da65a6c439ed5e749a5553ac60d5dd98857ae9c58adaf3890f1a4eb5d299f421095eef1843b63394d19f464b6e1f2db,JF155542,,2/25/2022 11:00,35,SCHOOL ZONE,OTHER,CLOUDY/OVERCAST,DAYLIGHT,REAR END,DIVIDED - W/MEDIAN (NOT RAISED),,STRAIGHT AND LEVEL,WET,NO DEFECTS,ON SCENE,INJURY AND / OR TOW DUE TO CRASH,,,,"$501 - $1,500",2/25/2022 11:18,FOLLOWING TOO CLOSELY,FOLLOWING TOO CLOSELY,1302,S,ASHLAND AVE,1233,,,,,,,2,NO INDICATION OF INJURY,0,0,0,0,0,3,0,11,6,2,41.86497057,-87.66648616,POINT (-87.666486163477 41.864970564509)
d936b0f36d86ee37e4119ce51b43cf9648301bdac7e0939b217fb7cfa5e2611761fbe8985d1948ced12b5143d88536ae963418d60e395ff3bc150e923723c84e,JF155855,,2/25/2022 15:29,30,TRAFFIC SIGNAL,FUNCTIONING PROPERLY,CLEAR,DAYLIGHT,REAR END,NOT DIVIDED,,STRAIGHT AND LEVEL,DRY,NO DEFECTS,NOT ON SCENE (DESK REPORT),NO INJURY / DRIVE AWAY,,,,"OVER $1,500",2/25/2022 16:00,FOLLOWING TOO CLOSELY,NOT APPLICABLE,3535,N,WESTERN AVE,1921,,Y,,,,,2,NO INDICATION OF INJURY,0,0,0,0,0,2,0,15,6,2,41.94596833,-87.68809,POINT (-87.68809000326 41.945968328061)
d9b5083c0f2bc470c862a084ed2e67ca221a5a02b7a5cd1dfd7afb06a5f0803df7522d31d1330ab6cecc3f51fd38efa7daa12e75345c5a5e78f76d4844e2cf74,JF156120,,2/25/2022 20:20,30,TRAFFIC SIGNAL,FUNCTIONING PROPERLY,CLEAR,"DARKNESS, LIGHTED ROAD",TURNING,NOT DIVIDED,,STRAIGHT AND LEVEL,DRY,NO DEFECTS,ON SCENE,INJURY AND / OR TOW DUE TO CRASH,Y,,,"$501 - $1,500",2/25/2022 20:40,FAILING TO YIELD RIGHT-OF-WAY,NOT APPLICABLE,12700,W,IRVING PARK RD,1654,,,,,,,2,NO INDICATION OF INJURY,0,0,0,0,0,2,0,20,6,2,,,
da0359fb4b603ac9dd8b220dc0994dc1c68e4c4c984e57ed18d773eae8b75dfd961654f302911bab1cdb275ec58d76ad3c4ab19d27ebc2d09d5afad779281851,JF155588,,2/25/2022 11:50,30,NO CONTROLS,NO CONTROLS,CLEAR,DAYLIGHT,ANGLE,NOT DIVIDED,,STRAIGHT AND LEVEL,DRY,NO DEFECTS,NOT ON SCENE (DESK REPORT),INJURY AND / OR TOW DUE TO CRASH,,,,"OVER $1,500",2/25/2022 12:00,FAILING TO YIELD RIGHT-OF-WAY,IMPROPER OVERTAKING/PASSING,3441,W,63RD ST,823,,,,,,,2,NONINCAPACITATING INJURY,1,0,0,1,0,1,0,11,6,2,41.77875565,-87.70960963,POINT (-87.70960962573 41.778755650736)
da98c6e2816a29fef26cabeca534dfebb9a7420ab3965e2073bffc60e20b59ed4589ab91505731f9a008f271e7a77b1524726e99f26637a9acaac33f4c21bac5,JF156189,,2/25/2022 21:48,30,TRAFFIC SIGNAL,FUNCTIONING PROPERLY,CLEAR,"DARKNESS, LIGHTED ROAD",REAR END,ONE-WAY,,STRAIGHT AND LEVEL,OTHER,NO DEFECTS,,INJURY AND / OR TOW DUE TO CRASH,,,Y,"OVER $1,500",2/25/2022 22:00,FAILING TO REDUCE SPEED TO AVOID CRASH,FAILING TO REDUCE SPEED TO AVOID CRASH,5741,N,ASHLAND AVE,2012,,,,,,,2,NO INDICATION OF INJURY,0,0,0,0,0,2,0,21,6,2,41.98653616,-87.66955306,POINT (-87.669553060786 41.986536163682)
dc319979c27a8bb1b535e43911f082825dbffc5f65c58baf1aae6b13b31e5e5e94b1d4b5367a2b99fd4591dc4fae28e1bc506bb23505702c75b65090e2d212ca,JF155422,,2/25/2022 8:10,30,STOP SIGN/FLASHER,FUNCTIONING PROPERLY,CLEAR,DAYLIGHT,PARKED MOTOR VEHICLE,T-INTERSECTION,,STRAIGHT AND LEVEL,WET,NO DEFECTS,NOT ON SCENE (DESK REPORT),NO INJURY / DRIVE AWAY,Y,,,"OVER $1,500",2/25/2022 9:05,WEATHER,UNABLE TO DETERMINE,4988,S,HONORE ST,931,,,,,,,2,NO INDICATION OF INJURY,0,0,0,0,0,1,0,8,6,2,41.80316012,-87.67105692,POINT (-87.671056920501 41.803160114832)
dde2c673a55117ae1025717ee2cb0c6884f28d3dc2acd71f408269b1fc4015a2af7183bd4bb4ddeb011e7fac6eb67374accc400acad3934edabd710474937180,JF156843,,2/25/2022 21:00,30,UNKNOWN,UNKNOWN,CLEAR,DAYLIGHT,PARKED MOTOR VEHICLE,UNKNOWN,,STRAIGHT AND LEVEL,DRY,UNKNOWN,NOT ON SCENE (DESK REPORT),NO INJURY / DRIVE AWAY,,,Y,"OVER $1,500",2/26/2022 15:45,UNABLE TO DETERMINE,UNABLE TO DETERMINE,1001,E,43RD ST,222,,,,,,,2,NO INDICATION OF INJURY,0,0,0,0,0,1,0,21,6,2,41.81676172,-87.60178732,POINT (-87.601787318617 41.816761720874)
f5f93a78a902263da4c9efba3c09ff02e68fce7a3c3417710c3667ea3e6138277280a05bab91f304cf94440d9231c6f792f086ae418eca6a9822dea4e496f91f,JF148714,,2/18/2022 15:52,30,TRAFFIC SIGNAL,FUNCTIONING PROPERLY,CLEAR,DAYLIGHT,TURNING,NOT DIVIDED,,STRAIGHT AND LEVEL,ICE,NO DEFECTS,ON SCENE,NO INJURY / DRIVE AWAY,Y,,,"$501 - $1,500",2/18/2022 15:55,FAILING TO YIELD RIGHT-OF-WAY,NOT APPLICABLE,1830,W,WRIGHTWOOD AVE,1931,,,,,,,2,NO INDICATION OF INJURY,0,0,0,0,0,2,0,15,6,2,41.92881049,-87.67396497,POINT (-87.673964970612 41.928810488109)
de91c5e672328a0de1737443ca50d8a9ff14f2617327061265b6262bddb124dd16f4c808e62a3b35c7a479639bef0a943143ba48651e25bc17f9ba6efdeeec43,JF155775,,2/25/2022 6:00,25,NO CONTROLS,NO CONTROLS,SNOW,DAYLIGHT,TURNING,NOT DIVIDED,,STRAIGHT AND LEVEL,WET,NO DEFECTS,NOT ON SCENE (DESK REPORT),NO INJURY / DRIVE AWAY,Y,,,"OVER $1,500",2/25/2022 14:50,IMPROPER TURNING/NO SIGNAL,NOT APPLICABLE,7299,N,CALIFORNIA AVE,2411,,,,,,,2,NO INDICATION OF INJURY,0,0,0,0,0,2,0,6,6,2,42.01383642,-87.69954307,POINT (-87.699543071651 42.013836416117)
e016f72ec52e4637f2548584492dbcf5e2ad60994f97a159e5c2fba6d9de7b99763e90a77bbc0f186a530a557401559f617143b57bca3d1a45dac6d82fb07284,JF155255,,2/25/2022 2:00,30,NO CONTROLS,NO CONTROLS,SNOW,"DARKNESS, LIGHTED ROAD",PARKED MOTOR VEHICLE,ONE-WAY,,STRAIGHT AND LEVEL,SNOW OR SLUSH,NO DEFECTS,ON SCENE,NO INJURY / DRIVE AWAY,,,Y,"$501 - $1,500",2/25/2022 2:30,IMPROPER BACKING,WEATHER,1821,W,PATTERSON AVE,1922,,,,,,,2,NO INDICATION OF INJURY,0,0,0,0,0,1,0,2,6,2,41.94771871,-87.67525644,POINT (-87.675256442828 41.947718708195)
f7fda27a2e4471c03800a13a52f3231601eb04c2ef8f68903311b8206c517f0f934b8ea9876a5753f29cb1162dc798b296621991b75471ea219b7ffcb4aab2c8,JF148601,,2/18/2022 14:00,30,NO CONTROLS,NO CONTROLS,CLEAR,DAYLIGHT,ANGLE,NOT DIVIDED,,STRAIGHT AND LEVEL,DRY,NO DEFECTS,NOT ON SCENE (DESK REPORT),NO INJURY / DRIVE AWAY,,,,"$501 - $1,500",2/18/2022 14:29,NOT APPLICABLE,NOT APPLICABLE,6500,S,PULASKI RD,833,,,,,,,2,NO INDICATION OF INJURY,0,0,0,0,0,2,0,14,6,2,41.774965,-87.72281223,POINT (-87.722812226815 41.774964998435)
137a34726f11968a7e2a5ee988ca3f1b0c255be2082fb7fe84382d57fade0f978fef400691e221a711ded56eebd336d671624446dd8a8c82e27928de7896c5a6,JE119874,Y,1/22/2021 8:55,30,TRAFFIC SIGNAL,FUNCTIONING PROPERLY,CLEAR,DAYLIGHT,PEDALCYCLIST,ONE-WAY,,STRAIGHT AND LEVEL,DRY,NO DEFECTS,,INJURY AND / OR TOW DUE TO CRASH,Y,,Y,$500 OR LESS,1/22/2021 10:14,FAILING TO YIELD RIGHT-OF-WAY,DISREGARDING TRAFFIC SIGNALS,150,W,RANDOLPH ST,122,,,,,,,2,NONINCAPACITATING INJURY,1,0,0,1,0,1,0,8,6,1,41.88458266,-87.63250801,POINT (-87.632508009736 41.884582656121)
139d881c888644c509075d4f929ed9d3e4ec02792f17b7f8fb78876cc41839218694bb1b44bd9b015cd5b325cf52b22b36aacc235450b6e9d77b02651aca71e9,JE223891,,5/8/2021 16:45,30,TRAFFIC SIGNAL,FUNCTIONING PROPERLY,CLEAR,DAYLIGHT,ANGLE,DIVIDED - W/MEDIAN (NOT RAISED),,STRAIGHT AND LEVEL,DRY,NO DEFECTS,,INJURY AND / OR TOW DUE TO CRASH,,,,"OVER $1,500",5/8/2021 17:00,DISREGARDING TRAFFIC SIGNALS,UNABLE TO DETERMINE,2632,E,106TH ST,434,,,,,,,2,INCAPACITATING INJURY,3,0,1,2,0,1,0,16,7,5,41.70288672,-87.55953862,POINT (-87.559538621947 41.702886722138)
1c45242f817756ef30dd165e7f3df31abc48281c39fd357239bbfeb550109c836e635b1256a7f1467ac1d607c19f2e0126f347d27992a35b555b4ee74101d2e3,JF179701,,3/19/2022 19:00,30,NO CONTROLS,NO CONTROLS,CLEAR,"DARKNESS, LIGHTED ROAD",REAR END,NOT DIVIDED,,STRAIGHT AND LEVEL,WET,NO DEFECTS,ON SCENE,NO INJURY / DRIVE AWAY,,,,$500 OR LESS,3/19/2022 19:08,WEATHER,UNABLE TO DETERMINE,855,W,87TH ST,2222,,,,,,,2,NO INDICATION OF INJURY,0,0,0,0,0,2,0,19,7,3,41.73593237,-87.64580479,POINT (-87.645804790227 41.735932372267)
1d95f594830a121fe8f7d9da7b041f84830b4cefafd0e5b84c61230847fbf39c31adc863769f9c4c3dc398ca60b6bf42462a7c5f63de16dccfb3342ff6bdcc81,JF179239,,3/19/2022 2:00,30,TRAFFIC SIGNAL,FUNCTIONING PROPERLY,UNKNOWN,"DARKNESS, LIGHTED ROAD",TURNING,UNKNOWN INTERSECTION TYPE,,STRAIGHT AND LEVEL,UNKNOWN,UNKNOWN,NOT ON SCENE (DESK REPORT),NO INJURY / DRIVE AWAY,Y,,,"OVER $1,500",3/19/2022 11:30,UNABLE TO DETERMINE,UNABLE TO DETERMINE,5500,S,KEDZIE AVE,822,,,,,,,2,NO INDICATION OF INJURY,0,0,0,0,0,2,0,2,7,3,41.79342024,-87.70369751,POINT (-87.703697508454 41.793420236756)
1de8a4448ed2d60ab92a2a0ddb9625da9b62535cebdd3573767aed6196fb71d200f871eef7437574657df20063be970fb7db8c8e934bfeb9ad6b41ca2fa493a2,JF179208,,3/19/2022 10:40,35,NO CONTROLS,NO CONTROLS,RAIN,DAYLIGHT,PARKED MOTOR VEHICLE,NOT DIVIDED,,STRAIGHT AND LEVEL,WET,NO DEFECTS,ON SCENE,INJURY AND / OR TOW DUE TO CRASH,,,,"OVER $1,500",3/19/2022 10:45,EQUIPMENT - VEHICLE CONDITION,WEATHER,5535,W,ADDISON ST,1633,,,,,,,5,NO INDICATION OF INJURY,0,0,0,0,0,1,0,10,7,3,41.94577968,-87.76574635,POINT (-87.765746346542 41.945779680752)
f908a683e569d38ade3e3f7abeafd58bcc7c1825fd136327288e6bc540a7caeb47ea5b2bd31df1ca1e900f51b255c702dfb6ab6eb353d68008caf3a90f63ecfc,JF148191,,2/18/2022 1:00,30,NO CONTROLS,NO CONTROLS,SNOW,"DARKNESS, LIGHTED ROAD",PARKED MOTOR VEHICLE,PARKING LOT,,STRAIGHT AND LEVEL,SNOW OR SLUSH,NO DEFECTS,NOT ON SCENE (DESK REPORT),NO INJURY / DRIVE AWAY,,Y,,"OVER $1,500",2/18/2022 1:00,IMPROPER BACKING,FAILING TO REDUCE SPEED TO AVOID CRASH,4123,W,PETERSON AVE,1711,,,,,,,2,NO INDICATION OF INJURY,0,0,0,0,0,1,0,1,6,2,41.98997935,-87.73221122,POINT (-87.732211224171 41.989979345294)
e081da9ddd8bd6267f3bf4af3eb583ac81dec41a64b63ba2d3620b60d389f0aee9224c6dca9cc041e3f7e82710081965e807bc2721cb008e69673ec2c501230a,JC485310,,10/24/2019 21:03,30,TRAFFIC SIGNAL,FUNCTIONING PROPERLY,CLEAR,"DARKNESS, LIGHTED ROAD",TURNING,DIVIDED - W/MEDIAN BARRIER,,STRAIGHT AND LEVEL,DRY,NO DEFECTS,,INJURY AND / OR TOW DUE TO CRASH,Y,,,"OVER $1,500",10/24/2019 21:03,FAILING TO YIELD RIGHT-OF-WAY,FAILING TO REDUCE SPEED TO AVOID CRASH,101,N,WACKER DR,122,Y,Y,,,,,2,FATAL,3,1,1,1,0,2,0,21,5,10,41.88323435,-87.63664906,POINT (-87.636649061859 41.883234347768)
fa52b732cb9832439707fdbab7926e9c7d82cfd51701234edc9040a2846998776d07689ecd9c6ad6b05ccf26f5f4990a339c2be60f03be57ef31c393cf2a4159,JF148466,,2/18/2022 12:19,30,STOP SIGN/FLASHER,FUNCTIONING PROPERLY,SNOW,DAYLIGHT,ANGLE,FOUR WAY,,STRAIGHT AND LEVEL,SNOW OR SLUSH,NO DEFECTS,ON SCENE,INJURY AND / OR TOW DUE TO CRASH,Y,,,"OVER $1,500",2/18/2022 12:20,FAILING TO YIELD RIGHT-OF-WAY,DRIVING SKILLS/KNOWLEDGE/EXPERIENCE,6056,N,ST LOUIS AVE,1711,,,,,,,2,NO INDICATION OF INJURY,0,0,0,0,0,3,0,12,6,2,41.99192402,-87.71661925,POINT (-87.716619245984 41.9919240223)
e10df1d20ac0c53817ff7c45c85106c7411ae6c11dd5fa2786b515a89e49ce60e59347db00a15bbc85654325a1c92dbd90cde3f7649e0c483122aad27d7908e8,JF155334,,2/25/2022 7:15,45,NO CONTROLS,NO CONTROLS,SNOW,DAYLIGHT,OTHER OBJECT,RAMP,,CURVE ON HILLCREST,ICE,NO DEFECTS,ON SCENE,NO INJURY / DRIVE AWAY,,,,"OVER $1,500",2/25/2022 7:20,WEATHER,DRIVING SKILLS/KNOWLEDGE/EXPERIENCE,5500,N,MANNHEIM RD,1654,,,,,,,1,NO INDICATION OF INJURY,0,0,0,0,0,1,0,7,6,2,41.97966859,-87.87926906,POINT (-87.879269063943 41.979668590388)
28758248e4c425a2d74b97e73788efa0ca27d043b28dbdc258b6a35a838fca3da4d6a77876daa9228a1806c86d023de160167166330b031de5152ff327a5fc38,JF178792,,3/18/2022 20:19,30,TRAFFIC SIGNAL,FUNCTIONING PROPERLY,RAIN,DARKNESS,TURNING,DIVIDED - W/MEDIAN (NOT RAISED),,STRAIGHT AND LEVEL,WET,NO DEFECTS,ON SCENE,NO INJURY / DRIVE AWAY,Y,,Y,"OVER $1,500",3/18/2022 20:24,DRIVING SKILLS/KNOWLEDGE/EXPERIENCE,UNABLE TO DETERMINE,8700,S,VINCENNES AVE,2222,,,,,,,2,NO INDICATION OF INJURY,0,0,0,0,0,2,0,20,6,3,41.73600657,-87.64534182,POINT (-87.64534181898 41.736006564585)
ab8f2ac2e8a25d7fe684d07dc348238d19f4bea2f95d790a40e2efdf5406c4444f1f16c28da4e3e307d169f7b39037df887001f463f1856d17b5f545c5e74532,JF187020,,3/26/2022 8:00,30,NO CONTROLS,NO CONTROLS,CLEAR,DAYLIGHT,PARKED MOTOR VEHICLE,ONE-WAY,,STRAIGHT AND LEVEL,WET,NO DEFECTS,NOT ON SCENE (DESK REPORT),NO INJURY / DRIVE AWAY,,,Y,"OVER $1,500",3/26/2022 8:35,UNABLE TO DETERMINE,UNABLE TO DETERMINE,2224,S,DRAKE AVE,1024,,,,,,,2,NO INDICATION OF INJURY,0,0,0,0,0,3,0,8,7,3,41.8509971,-87.7139042,POINT (-87.713904198771 41.850997096232)
299b59d9390eedd5e3e8be2689b0c9cb38634d2d0766a8e52e0163b2f6beb1eb57bfae8ba3fddd350b7a488068c0c00a59bc8b3130cf2766684e033e8c763bf3,JF179120,,3/19/2022 9:20,20,STOP SIGN/FLASHER,FUNCTIONING PROPERLY,CLOUDY/OVERCAST,DAYLIGHT,REAR TO FRONT,ONE-WAY,,STRAIGHT AND LEVEL,DRY,UNKNOWN,ON SCENE,NO INJURY / DRIVE AWAY,,,Y,"OVER $1,500",3/19/2022 9:23,"OPERATING VEHICLE IN ERRATIC, RECKLESS, CARELESS, NEGLIGENT OR AGGRESSIVE MANNER",IMPROPER BACKING,2101,N,MASON AVE,2515,,,,,,,2,NO INDICATION OF INJURY,0,0,0,0,0,1,0,9,7,3,41.91805055,-87.77415578,POINT (-87.774155778719 41.918050554325)
2a1c05b3935380aa8bde174dbfa6bd807afdb309e2c6d6c2f42111217f3beacddfb740ec28ff89a56f3610ec4c0c43ade5543e8ef102f4cdf15c64fc09fddd72,JF179880,,3/19/2022 23:30,30,TRAFFIC SIGNAL,FUNCTIONING PROPERLY,RAIN,"DARKNESS, LIGHTED ROAD",REAR END,FOUR WAY,,STRAIGHT AND LEVEL,WET,NO DEFECTS,,NO INJURY / DRIVE AWAY,Y,,Y,"OVER $1,500",3/19/2022 23:40,UNABLE TO DETERMINE,NOT APPLICABLE,3255,N,PULASKI RD,1732,,,,,,,2,NO INDICATION OF INJURY,0,0,0,0,0,3,0,23,7,3,41.94064232,-87.7270811,POINT (-87.727081097925 41.940642320286)