CRASH_RECORD_ID,RD_NO,CRASH_DATE_EST_I,CRASH_DATE,POSTED_SPEED_LIMIT,TRAFFIC_CONTROL_DEVICE,DEVICE_CONDITION,WEATHER_CONDITION,LIGHTING_CONDITION,FIRST_CRASH_TYPE,TRAFFICWAY_TYPE,LANE_CNT,ALIGNMENT,ROADWAY_SURFACE_COND,ROAD_DEFECT,REPORT_TYPE,CRASH_TYPE,INTERSECTION_RELATED_I,NOT_RIGHT_OF_WAY_I,HIT_AND_RUN_I,DAMAGE,DATE_POLICE_NOTIFIED,PRIM_CONTRIBUTORY_CAUSE,SEC_CONTRIBUTORY_CAUSE,STREET_NO,STREET_DIRECTION,STREET_NAME,BEAT_OF_OCCURRENCE,PHOTOS_TAKEN_I,STATEMENTS_TAKEN_I,DOORING_I,WORK_ZONE_I,WORK_ZONE_TYPE,WORKERS_PRESENT_I,NUM_UNITS,MOST_SEVERE_INJURY,INJURIES_TOTAL,INJURIES_FATAL,INJURIES_INCAPACITATING,INJURIES_NON_INCAPACITATING,INJURIES_REPORTED_NOT_EVIDENT,INJURIES_NO_INDICATION,INJURIES_UNKNOWN,CRASH_HOUR,CRASH_DAY_OF_WEEK,CRASH_MONTH,LATITUDE,LONGITUDE,LOCATION
2a82ea9b73f8087d1ac40200ec83a76aa6deccc01cd818a58b9373c52818a1696c15e73e9409d7479b84a88c233ba1c341133fca1b64b5719580159191fb9b6b,JF179429,,3/19/2022 14:39,30,NO CONTROLS,NO CONTROLS,RAIN,DAYLIGHT,ANGLE,ONE-WAY,,STRAIGHT AND LEVEL,WET,NO DEFECTS,ON SCENE,INJURY AND / OR TOW DUE TO CRASH,,,,"$501 - $1,500",3/19/2022 14:51,FAILING TO YIELD RIGHT-OF-WAY,UNABLE TO DETERMINE,5808,S,RUTHERFORD AVE,811,,,,,,,2,NO INDICATION OF INJURY,0,0,0,0,0,2,0,14,7,3,41.78638477,-87.79028303,POINT (-87.79028302639 41.786384770071)
3071ced06b754e88ab1f151c0a1d5897701331a7fa594db3444ea2afad6075a0aab55f876786715e04f8f852c4850cfbbfcfde41236df6b7257e675833d04f3b,JF178746,,3/18/2022 19:32,30,NO CONTROLS,NO CONTROLS,RAIN,DARKNESS,REAR END,NOT DIVIDED,,STRAIGHT AND LEVEL,WET,NO DEFECTS,NOT ON SCENE (DESK REPORT),NO INJURY / DRIVE AWAY,,,,"$501 - $1,500",3/18/2022 19:52,NOT APPLICABLE,NOT APPLICABLE,6100,S,KEDZIE AVE,823,,,,,,,2,NO INDICATION OF INJURY,0,0,0,0,0,4,0,19,6,3,41.7825569,-87.70338965,POINT (-87.703389652003 41.782556901255)
374fbb1abda5a8d9bad4b4fb67720633007c7d416f7cc4a22dc267a0e86501d3b654d2a0db42c198bfa6b78fd78abb1166837b5289931ca0c38b35bed1c53191,JF179000,,3/19/2022 3:13,30,TRAFFIC SIGNAL,FUNCTIONING PROPERLY,RAIN,"DARKNESS, LIGHTED ROAD",TURNING,FOUR WAY,,STRAIGHT AND LEVEL,WET,NO DEFECTS,ON SCENE,NO INJURY / DRIVE AWAY,Y,,,"OVER $1,500",3/19/2022 3:42,IMPROPER TURNING/NO SIGNAL,FAILING TO YIELD RIGHT-OF-WAY,653,N,STATE ST,1834,,,,,,,2,NO INDICATION OF INJURY,0,0,0,0,0,3,0,3,7,3,41.89403581,-87.62798619,POINT (-87.627986189795 41.894035812211)
3799695da1284ee75f4a9398ed64a6af87726c926fed02e1604547fc47a398f90cf83d8f89b1045e978086b38df793d962888a76af084d080bcaef5d3ed220c4,JF179455,,3/19/2022 5:00,20,NO CONTROLS,NO CONTROLS,CLEAR,DAYLIGHT,PARKED MOTOR VEHICLE,NOT DIVIDED,,STRAIGHT AND LEVEL,DRY,NO DEFECTS,NOT ON SCENE (DESK REPORT),NO INJURY / DRIVE AWAY,,,Y,"OVER $1,500",3/19/2022 5:00,"OPERATING VEHICLE IN ERRATIC, RECKLESS, CARELESS, NEGLIGENT OR AGGRESSIVE MANNER",NOT APPLICABLE,5307,S,HYDE PARK BLVD,234,,,,,,,2,NO INDICATION OF INJURY,0,0,0,0,0,1,0,5,7,3,41.79936491,-87.58390325,POINT (-87.583903248775 41.799364913941)
e3852b2ede1466b692d4de729592c2723c3501e51aa64342dc544a4b93a822c0f2254ee80bf4b88bbf61f890e7bf37e441426b253ee5428538983030f67975e6,JF155638,,2/25/2022 11:45,30,NO CONTROLS,NO CONTROLS,SNOW,DAYLIGHT,FIXED OBJECT,NOT DIVIDED,,STRAIGHT AND LEVEL,SNOW OR SLUSH,NO DEFECTS,ON SCENE,INJURY AND / OR TOW DUE TO CRASH,,,,"OVER $1,500",2/25/2022 12:00,UNABLE TO DETERMINE,WEATHER,2,S,PAULINA ST,1224,,,,,,,1,NO INDICATION OF INJURY,0,0,0,0,0,1,0,11,6,2,41.88137565,-87.66944872,POINT (-87.66944872265 41.881375653103)
37c2512ad88f5987fec6aa4b7b70ebc24250ca08399e16812779c9b262a2b76a09a4ea863907ad71694587b1eeea275d3b7dec55127e68cb69e4a8640f84a562,JF179118,,3/19/2022 9:15,30,TRAFFIC SIGNAL,FUNCTIONING PROPERLY,CLOUDY/OVERCAST,DAYLIGHT,TURNING,NOT DIVIDED,,STRAIGHT AND LEVEL,DRY,UNKNOWN,ON SCENE,INJURY AND / OR TOW DUE TO CRASH,Y,,Y,"OVER $1,500",3/19/2022 9:27,FAILING TO YIELD RIGHT-OF-WAY,FAILING TO REDUCE SPEED TO AVOID CRASH,6000,W,FULLERTON AVE,2512,,,,,,,2,"REPORTED, NOT EVIDENT",1,0,0,0,1,1,0,9,7,3,41.92393534,-87.77577956,POINT (-87.775779561919 41.923935335172)
bb309ded5c5388cc84657c896242c8151dc3e3a89fea87bc52e925d973bb799c5037c1b13dfd1058b8f4ae36dd4697e380b858a7be8f573b7e9a360d63fda9de,,,3/27/2022 2:20,35,NO CONTROLS,NO CONTROLS,CLEAR,"DARKNESS, LIGHTED ROAD",SIDESWIPE SAME DIRECTION,DIVIDED - W/MEDIAN BARRIER,,STRAIGHT ON GRADE,DRY,NO DEFECTS,ON SCENE,NO INJURY / DRIVE AWAY,,,,"$501 - $1,500",3/27/2022 2:22,UNABLE TO DETERMINE,UNABLE TO DETERMINE,100,E,CONGRESS DR,114,Y,,,,,,2,NO INDICATION OF INJURY,0,0,0,0,0,5,0,2,1,3,41.87583508,-87.62421289,POINT (-87.624212886292 41.875835081627)
3639caf29169b3e5b0c88622c64622bc7cdf88bb7b349965dc2b180361bc3c9dbd82bbae20e2f7a72b6896f1ff7a65628efb1f326344e479b0c2a8596311c8cd,JF179490,,3/15/2022 21:30,15,NO CONTROLS,NO CONTROLS,CLEAR,"DARKNESS, LIGHTED ROAD",PARKED MOTOR VEHICLE,PARKING LOT,,STRAIGHT AND LEVEL,DRY,NO DEFECTS,NOT ON SCENE (DESK REPORT),NO INJURY / DRIVE AWAY,,,Y,"OVER $1,500",3/19/2022 16:00,UNABLE TO DETERMINE,UNABLE TO DETERMINE,3001,S,DR MARTIN LUTHER KING JR DR,133,,,,,,,2,NO INDICATION OF INJURY,0,0,0,0,0,1,0,21,3,3,41.84018461,-87.61700654,POINT (-87.617006543002 41.84018461325)
e3abf659cd760a8cad7ea44f8ea6fdb9269a50abebc80647a876ba51c3f26169030e48943037d8d2c93ad82376060a50fd7fc079b5884ecd392c5cee2369790b,JF155918,,2/25/2022 15:17,30,UNKNOWN,UNKNOWN,CLEAR,UNKNOWN,SIDESWIPE OPPOSITE DIRECTION,UNKNOWN,,STRAIGHT AND LEVEL,DRY,UNKNOWN,NOT ON SCENE (DESK REPORT),NO INJURY / DRIVE AWAY,,,,"OVER $1,500",2/25/2022 16:30,UNABLE TO DETERMINE,UNABLE TO DETERMINE,4629,S,GREENWOOD AVE,222,,,,,,,2,NO INDICATION OF INJURY,0,0,0,0,0,2,0,15,6,2,41.810555,-87.59913977,POINT (-87.599139768103 41.810554999889)
e3bb98c79c07493fe6c0c87350eb26951191e13fea2d74899da19df04c03d77b1b8d56fc8ed9bd09799c6cb71c5fd2e6fa3c59e5b44089c9464a8669d7a12390,JF156220,,2/25/2022 22:35,30,NO CONTROLS,UNKNOWN,UNKNOWN,"DARKNESS, LIGHTED ROAD",REAR END,DIVIDED - W/MEDIAN (NOT RAISED),,STRAIGHT AND LEVEL,UNKNOWN,UNKNOWN,NOT ON SCENE (DESK REPORT),NO INJURY / DRIVE AWAY,,,,"OVER $1,500",2/25/2022 23:00,UNABLE TO DETERMINE,UNABLE TO DETERMINE,1634,W,MADISON ST,1224,,,,,,,2,NO INDICATION OF INJURY,0,0,0,0,0,2,0,22,6,2,41.88154799,-87.66809034,POINT (-87.66809033587 41.881547992685)
38bf977ea0440d6496f3426d3d6f84680deeceaa876f9d1e6ea0e9a5f3a8f2c3781fa3b78a540f70ae5eb723b8192563e1e0babeb3bf876a65a1856c629071d1,JF179148,,3/18/2022 17:30,30,NO CONTROLS,NO CONTROLS,RAIN,DAYLIGHT,PARKED MOTOR VEHICLE,NOT DIVIDED,,STRAIGHT AND LEVEL,WET,NO DEFECTS,NOT ON SCENE (DESK REPORT),NO INJURY / DRIVE AWAY,,,,"$501 - $1,500",3/19/2022 10:00,NOT APPLICABLE,NOT APPLICABLE,7047,S,STATE ST,322,,,,,,,2,NO INDICATION OF INJURY,0,0,0,0,0,1,0,17,6,3,41.76602561,-87.62477633,POINT (-87.624776325687 41.766025605135)
e3d54ffea4109d5bbcc50052ee35a6615d146f22097a0bbd98591ea541e7e82cb3448aa1d986f8949548544279d531149fe8f3909f28c26fd6a2081575e80c00,JF155733,,2/25/2022 13:26,30,NO CONTROLS,NO CONTROLS,CLEAR,DAYLIGHT,SIDESWIPE SAME DIRECTION,NOT DIVIDED,,STRAIGHT AND LEVEL,DRY,NO DEFECTS,NOT ON SCENE (DESK REPORT),NO INJURY / DRIVE AWAY,,,,"$501 - $1,500",2/25/2022 14:11,NOT APPLICABLE,NOT APPLICABLE,3308,W,47TH ST,821,,,,,,,2,NO INDICATION OF INJURY,0,0,0,0,0,2,0,13,6,2,41.80819301,-87.70688631,POINT (-87.706886313039 41.808193006247)
398ae4299fd9dad0b4fd78199146692cd14398badc5ffc6db7d07207794608dfcc568f021108150387e43d58f468e174dffda2e3a4f5069388dedca00ad90945,JF178470,,3/18/2022 15:30,30,NO CONTROLS,NO CONTROLS,RAIN,DUSK,PARKED MOTOR VEHICLE,DIVIDED - W/MEDIAN (NOT RAISED),,STRAIGHT AND LEVEL,WET,NO DEFECTS,ON SCENE,NO INJURY / DRIVE AWAY,,,,"OVER $1,500",3/18/2022 15:32,EQUIPMENT - VEHICLE CONDITION,UNABLE TO DETERMINE,6832,S,WESTERN AVE,832,,,,,,,5,NO INDICATION OF INJURY,0,0,0,0,0,1,0,15,6,3,41.76915414,-87.68351302,POINT (-87.683513022598 41.769154135839)
bdeeadef020e0842fda7a00539ed244e4e72e1cb8b83b06818cd94b84d25eba3cba03995b65626d13e8d7a038843005f5763e4ee6895b2678557174758f380d9,JF186978,,3/26/2022 6:45,30,STOP SIGN/FLASHER,NO CONTROLS,CLEAR,DAYLIGHT,SIDESWIPE SAME DIRECTION,NOT DIVIDED,4,STRAIGHT AND LEVEL,WET,"RUT, HOLES",NOT ON SCENE (DESK REPORT),NO INJURY / DRIVE AWAY,,,,"OVER $1,500",3/26/2022 7:30,UNABLE TO DETERMINE,UNABLE TO DETERMINE,1000,E,87TH ST,412,,,,,,,2,NO INDICATION OF INJURY,0,0,0,0,0,2,0,6,7,3,41.7368201,-87.60038946,POINT (-87.600389455776 41.73682010303)
fe35ef9c9cc9e3b917a000922a44a07638008e9c48920e4f8cbf48425d37401bb17846cb16c9ba02a1993c2ad3bf704b109a20997dcad70c8c01b73e8a041ff9,JF148249,,2/18/2022 8:40,30,TRAFFIC SIGNAL,NO CONTROLS,CLEAR,DAYLIGHT,REAR END,NOT DIVIDED,,STRAIGHT AND LEVEL,ICE,NO DEFECTS,NOT ON SCENE (DESK REPORT),NO INJURY / DRIVE AWAY,,,,"OVER $1,500",2/18/2022 9:00,IMPROPER OVERTAKING/PASSING,FOLLOWING TOO CLOSELY,4959,S,ARCHER AVE,821,,,,,,,2,NO INDICATION OF INJURY,0,0,0,0,0,2,0,8,6,2,41.80304615,-87.72200673,POINT (-87.722006733579 41.803046146366)
1a7fe2d45810be37e3d792a4ed5371580431fff67783595df5933834881f929b776f7c51321df628f7f1c4f59c6e940827a445618eff175943d1af4ac7c1b5c0,JE428794,,10/31/2021 3:00,25,STOP SIGN/FLASHER,UNKNOWN,CLEAR,"DARKNESS, LIGHTED ROAD",PEDESTRIAN,DIVIDED - W/MEDIAN (NOT RAISED),,STRAIGHT AND LEVEL,DRY,UNKNOWN,,INJURY AND / OR TOW DUE TO CRASH,,,Y,"OVER $1,500",10/31/2021 9:31,"OPERATING VEHICLE IN ERRATIC, RECKLESS, CARELESS, NEGLIGENT OR AGGRESSIVE MANNER","OPERATING VEHICLE IN ERRATIC, RECKLESS, CARELESS, NEGLIGENT OR AGGRESSIVE MANNER",2801,W,CHICAGO AVE,1221,,Y,,,,,2,INCAPACITATING INJURY,1,0,1,0,0,1,0,3,1,10,41.89554371,-87.69676464,POINT (-87.696764640231 41.895543708081)
e593ffba57eb16703e3d50b5cef3fdbcfc768042f001c69297429820e71c567482880fbc7b3695f07815f7f76cb454c37af09cd37edf1344105b584403281a53,JF155978,,2/25/2022 17:12,30,NO CONTROLS,NO CONTROLS,SNOW,DUSK,ANGLE,NOT DIVIDED,,STRAIGHT AND LEVEL,SNOW OR SLUSH,NO DEFECTS,ON SCENE,INJURY AND / OR TOW DUE TO CRASH,,,,"OVER $1,500",2/25/2022 17:12,FAILING TO YIELD RIGHT-OF-WAY,DRIVING SKILLS/KNOWLEDGE/EXPERIENCE,10415,S,WESTERN AVE,2212,,,,,,,3,NONINCAPACITATING INJURY,1,0,0,1,0,1,0,17,6,2,41.70407041,-87.6814024,POINT (-87.681402398037 41.704070407294)
e6b1a7c00239f17f5b1608e7761b21a297e537a3b52a01cb50b4d78013fc825d08d8dc5141b019dbb329bca8fa83ce3e45789cfa1cc9e6d7d1f500a2995aba5f,JF156002,,2/25/2022 17:20,30,TRAFFIC SIGNAL,FUNCTIONING PROPERLY,CLEAR,"DARKNESS, LIGHTED ROAD",REAR END,NOT DIVIDED,,STRAIGHT AND LEVEL,SNOW OR SLUSH,NO DEFECTS,NOT ON SCENE (DESK REPORT),NO INJURY / DRIVE AWAY,,,,"$501 - $1,500",2/25/2022 18:27,FOLLOWING TOO CLOSELY,FAILING TO REDUCE SPEED TO AVOID CRASH,3730,W,ARMITAGE AVE,2525,,,,,,,2,NO INDICATION OF INJURY,0,0,0,0,0,2,0,17,6,2,41.91734908,-87.72050316,POINT (-87.720503161108 41.917349082288)
e87cf29937f017497ed03258008163c692eb236060a332a358aceb3a37ce06baea2440b19ecd63ed26601dc082ac51c38e8f0867e7b2dc764302b7221f0b04f6,JF159455,,2/25/2022 15:42,30,TRAFFIC SIGNAL,FUNCTIONING PROPERLY,CLEAR,DAYLIGHT,SIDESWIPE SAME DIRECTION,DIVIDED - W/MEDIAN (NOT RAISED),,STRAIGHT AND LEVEL,DRY,NO DEFECTS,NOT ON SCENE (DESK REPORT),NO INJURY / DRIVE AWAY,,,,"OVER $1,500",3/1/2022 9:00,IMPROPER LANE USAGE,NOT APPLICABLE,3958,W,MARQUETTE RD,833,,,,,,,2,NO INDICATION OF INJURY,0,0,0,0,0,2,0,15,6,2,41.77148555,-87.72245642,POINT (-87.722456414987 41.771485551112)
e9115ed0b68bdb0ffdc97c285cd4c7ade02cd23b09967e52e5d53a58aef6291c37cbe07bfab6a7706b08335f8e243191f45a852a3d64449333f06951f9cf79a1,JF155518,,2/25/2022 10:45,30,TRAFFIC SIGNAL,FUNCTIONING PROPERLY,SNOW,DAYLIGHT,REAR END,DIVIDED - W/MEDIAN (NOT RAISED),,STRAIGHT AND LEVEL,SNOW OR SLUSH,NO DEFECTS,NOT ON SCENE (DESK REPORT),NO INJURY / DRIVE AWAY,Y,,,"OVER $1,500",2/25/2022 11:00,UNABLE TO DETERMINE,UNABLE TO DETERMINE,3601,N,ASHLAND AVE,1922,,,,,,,2,NO INDICATION OF INJURY,0,0,0,0,0,3,0,10,6,2,41.94708325,-87.66871328,POINT (-87.668713279207 41.947083247714)
14079c52b060647e829570229cc548607de8fdbf9fd5924d4b6c80e2b1ffc427666fd879bfaef0a9cd2b66c73fc11c29e504e6bf8a6db000fa81701211b3a431,JE451569,,11/19/2021 17:45,30,NO CONTROLS,FUNCTIONING PROPERLY,CLEAR,DAYLIGHT,OTHER NONCOLLISION,NOT DIVIDED,,STRAIGHT AND LEVEL,DRY,NO DEFECTS,,NO INJURY / DRIVE AWAY,,,,"OVER $1,500",11/20/2021 15:16,UNABLE TO DETERMINE,NOT APPLICABLE,6170,S,LAKE SHORE DR,331,,,,,,,1,NO INDICATION OF INJURY,0,0,0,0,0,1,0,17,6,11,41.78253056,-87.57596243,POINT (-87.575962430492 41.782530562944)
1409d0af66b09f5751aa811cf1b7427cc74e9ceee7d52fdcd517b2f6d642c185e548989cfbdbfd58890d7ac3b61ab61baf936e28885157303f21f61df7cb5b62,JF157530,,2/25/2022 10:20,30,TRAFFIC SIGNAL,FUNCTIONING PROPERLY,CLEAR,DAYLIGHT,SIDESWIPE SAME DIRECTION,NOT DIVIDED,,STRAIGHT AND LEVEL,DRY,NO DEFECTS,,NO INJURY / DRIVE AWAY,Y,,,"$501 - $1,500",2/27/2022 10:15,IMPROPER OVERTAKING/PASSING,NOT APPLICABLE,71,E,CONGRESS PKWY,123,,,,,,,2,NO INDICATION OF INJURY,0,0,0,0,0,2,0,10,6,2,41.87559908,-87.62496631,POINT (-87.62496630597 41.875599078601)
ea49c3fffbcdb6139f76d4d6cbb419e028184062f56f8ccb331cfd2bf0b461b46937f2f1a52eba1fe5b98cdb8c3c4d9d86f84b2464d42ccc40c437e960f5764f,JF156195,,2/25/2022 5:45,30,TRAFFIC SIGNAL,FUNCTIONING PROPERLY,CLEAR,DAYLIGHT,REAR END,NOT DIVIDED,,STRAIGHT AND LEVEL,DRY,NO DEFECTS,NOT ON SCENE (DESK REPORT),NO INJURY / DRIVE AWAY,,,Y,"OVER $1,500",2/25/2022 22:45,FAILING TO REDUCE SPEED TO AVOID CRASH,NOT APPLICABLE,4802,W,ROOSEVELT RD,1533,,,,,,,2,NO INDICATION OF INJURY,0,0,0,0,0,2,0,5,6,2,41.86600526,-87.7448908,POINT (-87.744890804215 41.866005263925)
140ad2a03a0f6421571db0881141b307d172b7a8083a3af5d60d127cc38d761274f665bba66eb2d88db57c5780e780c0a1beba0d2dbfe7d40d66fbf4cf76e85e,JE456099,,11/24/2021 18:00,30,RR CROSSING SIGN,FUNCTIONING PROPERLY,CLEAR,"DARKNESS, LIGHTED ROAD",TRAIN,OTHER,,STRAIGHT AND LEVEL,DRY,NO DEFECTS,,INJURY AND / OR TOW DUE TO CRASH,,,,"OVER $1,500",11/24/2021 18:00,DRIVING SKILLS/KNOWLEDGE/EXPERIENCE,DISREGARDING ROAD MARKINGS,3900,S,CICERO AVE,1031,,,,,,,1,NO INDICATION OF INJURY,0,0,0,0,0,2,0,18,4,11,41.82194483,-87.7436766,POINT (-87.743676596199 41.821944833083)
ea73a805ce6196b34bf4723b06a9d85e397a33e45f58b885df05313b26d8f09aa10a9c991c4a80e5c37c478059b8aabc52aa806c06fc5c9e7fe848cdda64b4ac,JF156283,,2/25/2022 22:55,30,TRAFFIC SIGNAL,FUNCTIONING PROPERLY,CLEAR,"DARKNESS, LIGHTED ROAD",ANGLE,NOT DIVIDED,,STRAIGHT AND LEVEL,WET,NO DEFECTS,NOT ON SCENE (DESK REPORT),NO INJURY / DRIVE AWAY,Y,,,"OVER $1,500",2/26/2022 0:39,DISREGARDING TRAFFIC SIGNALS,DISREGARDING TRAFFIC SIGNALS,3412,S,ARCHER AVE,912,,,,,,,2,NO INDICATION OF INJURY,0,0,0,0,0,2,0,22,6,2,41.83192152,-87.67537934,POINT (-87.675379340782 41.831921521573)
eaeabeb18bdb8e94d1553da99e2abaf0c9c85c7de0d24876d1598b56f845774c3c2ccdad37fe23f7fc8d959b3dcbf061af8fa1d0548e82438d214fceced1b6c6,JF155850,,2/25/2022 15:30,30,NO CONTROLS,NO CONTROLS,CLEAR,DAYLIGHT,SIDESWIPE SAME DIRECTION,DIVIDED - W/MEDIAN BARRIER,,STRAIGHT ON GRADE,WET,NO DEFECTS,NOT ON SCENE (DESK REPORT),NO INJURY / DRIVE AWAY,,,Y,"$501 - $1,500",2/25/2022 15:50,IMPROPER OVERTAKING/PASSING,DRIVING SKILLS/KNOWLEDGE/EXPERIENCE,10900,S,HALSTED ST,2233,,,,,,,2,NO INDICATION OF INJURY,0,0,0,0,0,2,0,15,6,2,41.69590407,-87.64263571,POINT (-87.642635714198 41.695904064634)
ec3adadf28c894ae920e60b4a1a49e046bb32457b84d3a24b56509d0747f87b272adf93c56a2f4eecf3c6b14605a75d39d58bf0ba0f281fa407d525618d59d24,JF155698,,2/25/2022 12:30,30,UNKNOWN,UNKNOWN,SNOW,DAYLIGHT,PARKED MOTOR VEHICLE,NOT DIVIDED,,STRAIGHT AND LEVEL,SNOW OR SLUSH,UNKNOWN,NOT ON SCENE (DESK REPORT),NO INJURY / DRIVE AWAY,,,,"$501 - $1,500",2/25/2022 13:40,UNABLE TO DETERMINE,NOT APPLICABLE,8712,S,JEFFERY BLVD,412,,,,,,,2,NO INDICATION OF INJURY,0,0,0,0,0,1,0,12,6,2,41.73662356,-87.57585584,POINT (-87.575855842208 41.736623560822)
1642f8606983bb48bb79f88abb831f0dfa738161222e7a17817301e5de828f163afde95ee74985aa84476421c51429f09987424c3938743765f02561631724c6,JE385610,,9/24/2021 12:22,30,NO CONTROLS,NO CONTROLS,CLEAR,DAYLIGHT,PEDALCYCLIST,NOT DIVIDED,,STRAIGHT AND LEVEL,DRY,NO DEFECTS,,INJURY AND / OR TOW DUE TO CRASH,Y,,Y,"OVER $1,500",9/24/2021 12:25,DRIVING ON WRONG SIDE/WRONG WAY,UNABLE TO DETERMINE,2323,S,DAMEN AVE,1034,,Y,,,,,2,INCAPACITATING INJURY,1,0,1,0,0,1,0,12,6,9,41.84967396,-87.67562886,POINT (-87.67562885757 41.849673956282)
3191dcb7fb4e1e134fd0992cbda260f261dc8456e6211e1bf9b353448f634cfd85c596f32571825f0e6ec7738e1ecbd9fc24262795cbadabb1cbbfbceb9391a8,JE461039,,11/29/2021 9:00,30,TRAFFIC SIGNAL,FUNCTIONING PROPERLY,CLEAR,"DARKNESS, LIGHTED ROAD",ANGLE,TRAFFIC ROUTE,,STRAIGHT AND LEVEL,DRY,NO DEFECTS,,INJURY AND / OR TOW DUE TO CRASH,,,Y,"OVER $1,500",11/29/2021 9:00,DISREGARDING TRAFFIC SIGNALS,DISREGARDING TRAFFIC SIGNALS,515,N,MAY ST,1214,,,,,,,2,NONINCAPACITATING INJURY,1,0,0,1,0,1,0,9,2,11,41.89161399,-87.65565625,POINT (-87.655656253701 41.891613991752)
3197266e79ad2e68e49c4a4e5ab3a1e36d20bd4daabbea0f24e03b563fae92cbdb7f983086c1e23a677ea23f6432399fbc75678f4d2c5c69e1a3a5c4fa228b54,JD363596,,9/11/2020 9:56,35,NO CONTROLS,NO CONTROLS,CLEAR,DAYLIGHT,REAR END,ONE-WAY,,STRAIGHT AND LEVEL,DRY,UNKNOWN,,INJURY AND / OR TOW DUE TO CRASH,,,Y,"OVER $1,500",9/11/2020 10:48,FOLLOWING TOO CLOSELY,NOT APPLICABLE,9457,S,STATE ST,634,,,,,,,2,"REPORTED, NOT EVIDENT",1,0,0,0,1,1,0,9,6,9,41.72178595,-87.62358537,POINT (-87.623585364599 41.72178595263)
efc3438ecc865b9564cbe59a36065378f14bdb0b8e0e4b941ae60f5c8dec83980d7afb9ecc3a7de46c3ce65d0da623b119a0e01f7e77dc34a69bbc1e310275bd,JF155848,,2/25/2022 8:52,30,NO CONTROLS,NO CONTROLS,CLEAR,DAYLIGHT,PARKED MOTOR VEHICLE,NOT DIVIDED,,STRAIGHT AND LEVEL,DRY,NO DEFECTS,NOT ON SCENE (DESK REPORT),NO INJURY / DRIVE AWAY,,,,"$501 - $1,500",2/25/2022 16:00,IMPROPER BACKING,NOT APPLICABLE,5802,W,GRAND AVE,2515,,,,,,,2,NO INDICATION OF INJURY,0,0,0,0,0,2,0,8,6,2,41.91979053,-87.77081131,POINT (-87.770811314256 41.919790533835)
f05c1d32cea42eff67967b3ef835e2f5d61586befdb54248d2903030aebcff05f06fd13e727a926de06e4eb49ffc22d56d59e5e4d5187597bbb8de8905e4b1a9,JF156112,,2/25/2022 20:32,30,TRAFFIC SIGNAL,FUNCTIONING PROPERLY,CLEAR,"DARKNESS, LIGHTED ROAD",REAR END,FOUR WAY,,STRAIGHT AND LEVEL,WET,NO DEFECTS,ON SCENE,INJURY AND / OR TOW DUE TO CRASH,Y,,,"OVER $1,500",2/25/2022 20:35,FAILING TO REDUCE SPEED TO AVOID CRASH,NOT APPLICABLE,4500,S,DR MARTIN LUTHER KING JR DR,215,,,,,,,2,NO INDICATION OF INJURY,0,0,0,0,0,2,0,20,6,2,41.81296274,-87.61683559,POINT (-87.616835585954 41.812962741184)
f28e20ea0899d934194c46c9460a9d57781793dace9ddc612853ccb35441eb7217c0e13afb81167e2e3bc9a1cf8c1cf54fcfc84a0ae07b394cc8be528340d00f,JF155965,,2/25/2022 17:15,35,TRAFFIC SIGNAL,FUNCTIONING PROPERLY,SNOW,DUSK,TURNING,NOT DIVIDED,,STRAIGHT AND LEVEL,WET,NO DEFECTS,ON SCENE,INJURY AND / OR TOW DUE TO CRASH,,,Y,"OVER $1,500",2/25/2022 17:29,UNABLE TO DETERMINE,UNABLE TO DETERMINE,2400,S,ARCHER AVE,914,,,,,,,2,"REPORTED, NOT EVIDENT",1,0,0,0,1,2,0,17,6,2,41.84899461,-87.64237544,POINT (-87.642375442318 41.848994610553)
f3a6792a6e5300039f019508b6d03cf120c9fbe3a0910ce64d7cf50d4486970319b8920db106628b407ad5973e0b2e806ab4c9db8003d33188584c2abcd83e9c,JF158685,,2/25/2022 18:00,30,NO CONTROLS,NO CONTROLS,CLEAR,DAYLIGHT,PARKED MOTOR VEHICLE,NOT DIVIDED,,STRAIGHT AND LEVEL,DRY,NO DEFECTS,NOT ON SCENE (DESK REPORT),NO INJURY / DRIVE AWAY,,,Y,"OVER $1,500",2/28/2022 13:30,UNABLE TO DETERMINE,NOT APPLICABLE,157,W,ERIE ST,1832,,,,,,,2,NO INDICATION OF INJURY,0,0,0,0,0,1,0,18,6,2,41.89389001,-87.63343834,POINT (-87.633438335572 41.893890004532)
f4521614b13d858af72f618d2931f10d8cb2e75ebde65673a708a4103ad89c2bd9bdcb7d147ab3a0e9aa992833ad59281bc65608f8ce588ae2cdc17d405dd1a9,JF156141,,2/25/2022 19:50,35,TRAFFIC SIGNAL,FUNCTIONING PROPERLY,CLEAR,UNKNOWN,ANGLE,CENTER TURN LANE,,STRAIGHT AND LEVEL,UNKNOWN,UNKNOWN,NOT ON SCENE (DESK REPORT),NO INJURY / DRIVE AWAY,,,,"OVER $1,500",2/25/2022 20:50,FAILING TO YIELD RIGHT-OF-WAY,UNABLE TO DETERMINE,2405,W,FULLERTON AVE,1431,,,,,,,2,NO INDICATION OF INJURY,0,0,0,0,0,2,0,19,6,2,41.92478911,-87.68785888,POINT (-87.687858877957 41.924789111067)