CRASH_RECORD_ID,RD_NO,CRASH_DATE_EST_I,CRASH_DATE,POSTED_SPEED_LIMIT,TRAFFIC_CONTROL_DEVICE,DEVICE_CONDITION,WEATHER_CONDITION,LIGHTING_CONDITION,FIRST_CRASH_TYPE,TRAFFICWAY_TYPE,LANE_CNT,ALIGNMENT,ROADWAY_SURFACE_COND,ROAD_DEFECT,REPORT_TYPE,CRASH_TYPE,INTERSECTION_RELATED_I,NOT_RIGHT_OF_WAY_I,HIT_AND_RUN_I,DAMAGE,DATE_POLICE_NOTIFIED,PRIM_CONTRIBUTORY_CAUSE,SEC_CONTRIBUTORY_CAUSE,STREET_NO,STREET_DIRECTION,STREET_NAME,BEAT_OF_OCCURRENCE,PHOTOS_TAKEN_I,STATEMENTS_TAKEN_I,DOORING_I,WORK_ZONE_I,WORK_ZONE_TYPE,WORKERS_PRESENT_I,NUM_UNITS,MOST_SEVERE_INJURY,INJURIES_TOTAL,INJURIES_FATAL,INJURIES_INCAPACITATING,INJURIES_NON_INCAPACITATING,INJURIES_REPORTED_NOT_EVIDENT,INJURIES_NO_INDICATION,INJURIES_UNKNOWN,CRASH_HOUR,CRASH_DAY_OF_WEEK,CRASH_MONTH,LATITUDE,LONGITUDE,LOCATION
20ec0e9707f3da89f2f9d45404d2df95bbb086b519235804bad039231ca4f21a49bf542adc5e238062429f068ee6f60dc20fb88f1928f187000226a0b0ad4d62,JD409907,,10/24/2020 16:30,30,STOP SIGN/FLASHER,FUNCTIONING PROPERLY,CLEAR,DAYLIGHT,TURNING,NOT DIVIDED,,STRAIGHT AND LEVEL,DRY,NO DEFECTS,,INJURY AND / OR TOW DUE TO CRASH,Y,,Y,"$501 - $1,500",10/24/2020 18:41,DISREGARDING STOP SIGN,FAILING TO YIELD RIGHT-OF-WAY,5800,W,LAKE ST,1512,,,,,,,2,"REPORTED, NOT EVIDENT",2,0,0,0,2,2,0,16,7,10,41.88798159,-87.7700029,POINT (-87.770002903389 41.887981585623)
81392e76751de10733f823f30a66415d96dfba673b97547eb6cde3cb79a08248978ddb4146a8d6ae8111ad6fd44091558d21a0037347ddba691218b0e2f6d8c0,JE333342,,8/10/2021 23:15,30,STOP SIGN/FLASHER,NO CONTROLS,CLEAR,"DARKNESS, LIGHTED ROAD",PARKED MOTOR VEHICLE,NOT DIVIDED,,STRAIGHT AND LEVEL,DRY,NO DEFECTS,,NO INJURY / DRIVE AWAY,,,,"OVER $1,500",8/10/2021 23:24,IMPROPER LANE USAGE,NOT APPLICABLE,400,S,JEFFERSON ST,121,,,,,,,3,NO INDICATION OF INJURY,0,0,0,0,0,1,0,23,3,8,41.87668424,-87.64264312,POINT (-87.642643120897 41.876684243747)
8197890b98ab7bfa1f973b2df866a282d32c2421b54ab668c3eb4b03727cc21ca11a15d1c6978c9c311cfeedb1342a2d7f462c076c4d485ceefacabebf34a16d,JD227615,,5/8/2020 17:02,30,NO CONTROLS,NO CONTROLS,CLEAR,DAYLIGHT,PARKED MOTOR VEHICLE,DIVIDED - W/MEDIAN (NOT RAISED),,STRAIGHT AND LEVEL,DRY,NO DEFECTS,,NO INJURY / DRIVE AWAY,,,Y,"OVER $1,500",5/8/2020 19:55,HAD BEEN DRINKING (USE WHEN ARREST IS NOT MADE),UNABLE TO DETERMINE,7900,S,EBERHART AVE,624,,,,,,,2,NO INDICATION OF INJURY,0,0,0,0,0,7,0,17,6,5,41.75106607,-87.61264685,POINT (-87.612646846049 41.751066067075)
819e2351e6fe34d57231673dc84675c7092b3783f6d4a43ef600f13733948955ab3ad0d10a311d5bf6053d9fc9f67c53efddc0209b088b4105ac422a5be51479,JF159051,,2/28/2022 17:55,30,TRAFFIC SIGNAL,FUNCTIONING PROPERLY,CLEAR,DUSK,SIDESWIPE SAME DIRECTION,ONE-WAY,,STRAIGHT AND LEVEL,WET,UNKNOWN,,INJURY AND / OR TOW DUE TO CRASH,,,Y,"$501 - $1,500",2/28/2022 18:03,IMPROPER OVERTAKING/PASSING,NOT APPLICABLE,1158,S,INDEPENDENCE BLVD,1133,,,,,,,2,NO INDICATION OF INJURY,0,0,0,0,0,2,0,17,2,2,41.86628287,-87.72027101,POINT (-87.720271004669 41.866282866644)
fa0e53f107cf842dc4921de1f60f825a2b153ea57f1d0b13b56ff3e50ef20ecb09750ee0df7b0f149a18120db5b89e545ada99d7511d0c16b690ddaca311c448,JF155991,,2/25/2022 17:10,30,NO CONTROLS,NO CONTROLS,CLEAR,DAYLIGHT,ANGLE,ONE-WAY,,STRAIGHT AND LEVEL,DRY,NO DEFECTS,NOT ON SCENE (DESK REPORT),NO INJURY / DRIVE AWAY,,,,"OVER $1,500",2/25/2022 18:00,FAILING TO YIELD RIGHT-OF-WAY,FAILING TO YIELD RIGHT-OF-WAY,3148,W,66TH ST,831,,,,,,,2,NO INDICATION OF INJURY,0,0,0,0,0,2,0,17,6,2,41.77361804,-87.70252498,POINT (-87.702524981115 41.773618038027)
fa7ce390012ceb757f23b4b441fbdcaa3a509ef19044fbbcc3f8f1f7f862b07add295f95f314eff3613a173735834996897e48043e5051383ded61e803828804,JF155738,,2/25/2022 13:30,30,STOP SIGN/FLASHER,UNKNOWN,UNKNOWN,DAYLIGHT,ANGLE,FOUR WAY,,STRAIGHT AND LEVEL,UNKNOWN,UNKNOWN,NOT ON SCENE (DESK REPORT),NO INJURY / DRIVE AWAY,Y,,Y,"$501 - $1,500",2/25/2022 14:05,UNABLE TO DETERMINE,NOT APPLICABLE,7300,N,CALIFORNIA AVE,2411,,,,,,,2,NO INDICATION OF INJURY,0,0,0,0,0,4,0,13,6,2,42.01393021,-87.69983579,POINT (-87.699835793156 42.013930212727)
fac1264ae500e8556286a097c5472f306fa0b5d82c4d70ddb94cbb7d7cc9d6a024cdfcd69b0e9839e123c74b93c85185df6361eb6a2f93ccecedc661819ca27d,JF155984,,2/25/2022 17:25,30,STOP SIGN/FLASHER,FUNCTIONING PROPERLY,SNOW,DARKNESS,ANGLE,T-INTERSECTION,,STRAIGHT AND LEVEL,WET,NO DEFECTS,ON SCENE,INJURY AND / OR TOW DUE TO CRASH,Y,,,"OVER $1,500",2/25/2022 17:47,DRIVING SKILLS/KNOWLEDGE/EXPERIENCE,UNABLE TO DETERMINE,8200,S,YATES BLVD,414,,,,,,,2,"REPORTED, NOT EVIDENT",1,0,0,0,1,1,0,17,6,2,41.74618521,-87.56629471,POINT (-87.566294706625 41.746185212935)
fae9a0de16e27477418a9f38b6c92ccbb5b548d04b0d650a1d985aab704a9ab44886e608fa82077ef6e337336fb822dddce21cda401234cfea7ee7d92289d5e9,JF156004,,2/25/2022 17:30,30,TRAFFIC SIGNAL,FUNCTIONING PROPERLY,CLEAR,DUSK,PARKED MOTOR VEHICLE,NOT DIVIDED,,STRAIGHT AND LEVEL,WET,UNKNOWN,ON SCENE,NO INJURY / DRIVE AWAY,Y,,,"OVER $1,500",2/25/2022 17:41,UNABLE TO DETERMINE,NOT APPLICABLE,5559,W,BRYN MAWR AVE,1623,,,,,,,2,NO INDICATION OF INJURY,0,0,0,0,0,1,0,17,6,2,41.98283025,-87.76828237,POINT (-87.768282367338 41.982830250941)
fb0a4b3209d7c34cce706207c0315bc4614e3e25012fee70959bea66160bc5da33f9c1be980d0478c96efd675e35b820abe423a595506bf5ae25915ec3e925b2,JF156034,,2/25/2022 18:00,30,NO CONTROLS,NO CONTROLS,CLEAR,"DARKNESS, LIGHTED ROAD",REAR END,NOT DIVIDED,,STRAIGHT AND LEVEL,DRY,NO DEFECTS,NOT ON SCENE (DESK REPORT),NO INJURY / DRIVE AWAY,,,,"OVER $1,500",2/25/2022 18:49,FOLLOWING TOO CLOSELY,FOLLOWING TOO CLOSELY,3901,S,WESTERN AVE,921,,,,,,,2,NO INDICATION OF INJURY,0,0,0,0,0,2,0,18,6,2,41.82302139,-87.68473353,POINT (-87.684733530341 41.823021386901)
faad18b7b337ba5a320b4114b9e1db035c620998e927b6cccc331f19cedc4757d1830bddaaf9d1d08b85ccea16a3c51dfaa59bacc32ab642c7ae3520f4644e1c,JF166800,,3/8/2022 6:46,25,STOP SIGN/FLASHER,FUNCTIONING PROPERLY,CLEAR,DAYLIGHT,TURNING,DIVIDED - W/MEDIAN (NOT RAISED),,STRAIGHT AND LEVEL,DRY,NO DEFECTS,,INJURY AND / OR TOW DUE TO CRASH,Y,,,"OVER $1,500",3/8/2022 6:48,UNABLE TO DETERMINE,NOT APPLICABLE,4200,S,WESTERN AVE,921,,,,,,,2,INCAPACITATING INJURY,3,0,1,2,0,1,0,6,3,3,41.81741987,-87.68481948,POINT (-87.684819475725 41.817419869684)
fc6139532efedf23b2709d74a0d32a836040ce5828b14c312c4c353363aa0855dbc6424f7829c3c105abe2aec20b92875dadf6ba79d8fe79d28e80b0b94cd964,JF155789,,2/25/2022 13:30,30,NO CONTROLS,NO CONTROLS,CLEAR,DAYLIGHT,TURNING,OTHER,,STRAIGHT AND LEVEL,DRY,NO DEFECTS,NOT ON SCENE (DESK REPORT),NO INJURY / DRIVE AWAY,,,,"OVER $1,500",2/25/2022 14:55,UNABLE TO DETERMINE,NOT APPLICABLE,1106,S,CLINTON ST,124,,,,,,,2,NO INDICATION OF INJURY,0,0,0,0,0,2,0,13,6,2,41.86878882,-87.64091692,POINT (-87.640916922355 41.868788822285)
fc85551346974fcecfdcc830f592d539771238f160c7622604a379c165aecca508137bf1378fe76e66bd15d01fdc414e51e3b13d3580973e543a5388aa2689a1,JF156135,,2/25/2022 20:22,35,NO CONTROLS,NO CONTROLS,CLEAR,DARKNESS,TURNING,UNKNOWN INTERSECTION TYPE,,STRAIGHT AND LEVEL,DRY,UNKNOWN,ON SCENE,INJURY AND / OR TOW DUE TO CRASH,,,,"OVER $1,500",2/25/2022 20:42,UNABLE TO DETERMINE,UNABLE TO DETERMINE,4708,N,CUMBERLAND AVE,1614,,,,,,,2,NO INDICATION OF INJURY,0,0,0,0,0,6,0,20,6,2,41.96515429,-87.83683412,POINT (-87.836834120058 41.965154292567)
27648b8f7416c643a519cbf1b63fc438c552836de1d80aa8feae6fef8d7c4f320fc9aac3bfff15b1780d14071b7f8fcfd0cb7173b73a3cdcb41a618df07a39eb,JE428290,,10/30/2021 20:24,30,STOP SIGN/FLASHER,FUNCTIONING PROPERLY,CLEAR,"DARKNESS, LIGHTED ROAD",ANGLE,FOUR WAY,,STRAIGHT AND LEVEL,DRY,NO DEFECTS,,INJURY AND / OR TOW DUE TO CRASH,Y,,,"OVER $1,500",10/30/2021 20:24,DISREGARDING STOP SIGN,NOT APPLICABLE,2000,W,FULTON ST,1223,,,,,,,2,NONINCAPACITATING INJURY,5,0,0,5,0,2,0,20,7,10,41.88687976,-87.67691677,POINT (-87.676916772121 41.886879757638)
279fd1f1c37ae65274f570f86ec96b48dda355f46e2ecbeb31e6c94905d30fd9cc4a78fc48f89487dd01a7b63a3ad9c346ece849c5f85a51f84e70d305d87259,JD345673,Y,8/26/2020 9:30,30,NO CONTROLS,UNKNOWN,UNKNOWN,UNKNOWN,PARKED MOTOR VEHICLE,DIVIDED - W/MEDIAN (NOT RAISED),,STRAIGHT AND LEVEL,DRY,NO DEFECTS,,NO INJURY / DRIVE AWAY,,,Y,"$501 - $1,500",8/26/2020 11:10,UNABLE TO DETERMINE,NOT APPLICABLE,2533,N,HARLEM AVE,2512,,,,N,,,2,NO INDICATION OF INJURY,0,0,0,0,0,1,0,9,4,8,41.92633882,-87.80618927,POINT (-87.806189273007 41.926338819926)
fcdab6e77963406df63136339ab5214a7ff8cf47b7dcc8bee939d20ec4cf5ff1aeb95938f99358adfec56331cf0a2dc91dd40a5b161de8773a11a5d995a5ea5c,JF156260,,2/25/2022 23:30,30,TRAFFIC SIGNAL,FUNCTIONING PROPERLY,CLEAR,"DARKNESS, LIGHTED ROAD",TURNING,NOT DIVIDED,,STRAIGHT AND LEVEL,DRY,NO DEFECTS,ON SCENE,INJURY AND / OR TOW DUE TO CRASH,Y,,,"OVER $1,500",2/25/2022 23:43,FAILING TO YIELD RIGHT-OF-WAY,DRIVING SKILLS/KNOWLEDGE/EXPERIENCE,2030,S,HALSTED ST,1235,,,,,,,2,"REPORTED, NOT EVIDENT",1,0,0,0,1,1,0,23,6,2,41.8546054,-87.64669663,POINT (-87.646696632605 41.854605400757)
ff3fc91957aa9de80981359ed3ed54d273215a0411f3da4077d5d886465570900fdf2364532473e8f7a687c997f478114bfa9a4ef038e0d6cd5206fddcc8be31,JF155717,,2/25/2022 13:00,30,NO CONTROLS,NO CONTROLS,CLEAR,DAYLIGHT,REAR END,PARKING LOT,,STRAIGHT AND LEVEL,DRY,NO DEFECTS,NOT ON SCENE (DESK REPORT),NO INJURY / DRIVE AWAY,,,Y,"OVER $1,500",2/25/2022 14:00,UNABLE TO DETERMINE,UNABLE TO DETERMINE,800,N,KEDZIE AVE,1121,,,,,,,2,NO INDICATION OF INJURY,0,0,0,0,0,2,0,13,6,2,41.89561531,-87.70670533,POINT (-87.706705325106 41.895615313545)
002bbbc3eae14d9564f51ea8ede9a7644dab74f9ebf78f796b390834b7ab4311e326af643d093dba459ab25a3585f18e9295321db8298ce5e58722164497239a,JF129519,,1/31/2022 10:33,25,NO CONTROLS,NO CONTROLS,SNOW,DAYLIGHT,PARKED MOTOR VEHICLE,NOT DIVIDED,,STRAIGHT AND LEVEL,WET,NO DEFECTS,,INJURY AND / OR TOW DUE TO CRASH,,,Y,"OVER $1,500",1/31/2022 10:35,UNABLE TO DETERMINE,UNABLE TO DETERMINE,2241,W,CULLERTON ST,1234,,,,,,,3,NO INDICATION OF INJURY,0,0,0,0,0,1,0,10,2,1,41.85472425,-87.68247629,POINT (-87.682476285707 41.854724246999)
003bbd6548d68d5b9f144ef940cc967e6d81398caf2e784a2d66acbf532705e37a1f3d68d88860def25709a3efdfd44e6ad052c6274664ca63ad850ea301347d,JC350464,,7/15/2019 20:20,30,TRAFFIC SIGNAL,FUNCTIONING PROPERLY,CLEAR,DAWN,PEDESTRIAN,NOT DIVIDED,,STRAIGHT AND LEVEL,DRY,NO DEFECTS,,INJURY AND / OR TOW DUE TO CRASH,Y,,Y,$500 OR LESS,7/15/2019 20:22,FAILING TO YIELD RIGHT-OF-WAY,TURNING RIGHT ON RED,1999,W,CHICAGO AVE,1221,,,,,,,2,NONINCAPACITATING INJURY,1,0,0,1,0,1,0,20,2,7,41.89580312,-87.67698748,POINT (-87.676987476039 41.895803114893)
2aef9d7396515082e0845b39ed22766d4f6979818002180c1d68b92bc82bdf023811ce1504f5a29abad9fd812b343f2cc443fcb18cc45e205a4d206644dcd2af,JD118213,Y,1/16/2020 17:30,30,UNKNOWN,FUNCTIONING PROPERLY,CLEAR,DUSK,REAR END,DIVIDED - W/MEDIAN (NOT RAISED),,STRAIGHT AND LEVEL,DRY,NO DEFECTS,,NO INJURY / DRIVE AWAY,,,Y,"$501 - $1,500",1/16/2020 17:30,FOLLOWING TOO CLOSELY,NOT APPLICABLE,502,W,OHARE ST,1653,Y,,,,,,2,NO INDICATION OF INJURY,0,0,0,0,0,5,0,17,5,1,,,
2b64e78ccc5d262995d5f8898aa84b7a098ee63eaa0bf2e5b296591e9ac71595f54dfb4802ec723a95c27c91f2c566b52ddf552a180225a3e50e12c3781d7da9,JD170441,,2/28/2020 11:55,25,TRAFFIC SIGNAL,FUNCTIONING PROPERLY,CLEAR,DAYLIGHT,TURNING,NOT DIVIDED,,STRAIGHT AND LEVEL,DRY,NO DEFECTS,,NO INJURY / DRIVE AWAY,Y,,,"$501 - $1,500",3/1/2020 16:31,IMPROPER TURNING/NO SIGNAL,UNABLE TO DETERMINE,5199,N,DAMEN AVE,2032,,,,,,,2,NO INDICATION OF INJURY,0,0,0,0,0,3,0,11,6,2,41.97596978,-87.67925366,POINT (-87.679253661962 41.97596978252)
671d6c6744c37b8203d7f3dd110a62e7208a51f12f6bdb90eb2f419258a0dc11a13fa266e5c1d6bad30e554bb490204aeb1deeff4a668c09b51966355208211e,JD440845,,11/24/2020 17:43,30,TRAFFIC SIGNAL,FUNCTIONING PROPERLY,RAIN,DARKNESS,TURNING,T-INTERSECTION,,STRAIGHT AND LEVEL,WET,NO DEFECTS,,NO INJURY / DRIVE AWAY,,,,"$501 - $1,500",11/24/2020 17:43,UNABLE TO DETERMINE,UNABLE TO DETERMINE,11500,S,COTTAGE GROVE AVE,532,,,,,,,2,NO INDICATION OF INJURY,0,0,0,0,0,2,0,17,3,11,41.68539921,-87.61124747,POINT (-87.611247473326 41.685399210486)
673a071ccb9eabab547e07408df2b46cbc16d0cb3beca27fb4d0c26ffb78edaf5e2ccdb3a7876c392a597f2881ab99d78c29bd01673f31e4295b984e73c828e6,JF181931,,3/21/2022 20:24,30,NO CONTROLS,NO CONTROLS,CLEAR,"DARKNESS, LIGHTED ROAD",SIDESWIPE SAME DIRECTION,DIVIDED - W/MEDIAN BARRIER,,STRAIGHT AND LEVEL,DRY,NO DEFECTS,,INJURY AND / OR TOW DUE TO CRASH,,Y,Y,"OVER $1,500",3/21/2022 20:24,IMPROPER OVERTAKING/PASSING,IMPROPER OVERTAKING/PASSING,4422,W,79TH PL,834,,,,,,,2,NONINCAPACITATING INJURY,1,0,0,1,0,1,0,20,2,3,41.74881352,-87.73279611,POINT (-87.732796105886 41.74881351581)
c35d392cdb6066a770e880e66603d4f0e2e7fa8c407149893e737601bbe2b5fea16b6c44b41ff21966c7e2d6142a20887a92406f05ad894e29cd2cb139178033,JE424643,,10/27/2021 17:18,30,TRAFFIC SIGNAL,FUNCTIONING PROPERLY,CLEAR,"DARKNESS, LIGHTED ROAD",SIDESWIPE SAME DIRECTION,NOT DIVIDED,,STRAIGHT AND LEVEL,DRY,NO DEFECTS,,NO INJURY / DRIVE AWAY,,,,"OVER $1,500",10/27/2021 18:40,UNABLE TO DETERMINE,NOT APPLICABLE,1745,W,FULLERTON AVE,1811,,,,,,,2,NO INDICATION OF INJURY,0,0,0,0,0,3,0,17,4,10,41.92498479,-87.67246113,POINT (-87.672461134431 41.924984793551)
c360e9e77adc23cbe50cf39b8b867946bdef600373a2c7d07e8c5e58170f952a8df354754d5de70ae34afce0277a4429b01033bd4f40732d42cca946182589a0,JE419976,,10/23/2021 16:02,30,TRAFFIC SIGNAL,FUNCTIONING PROPERLY,CLEAR,DAYLIGHT,ANGLE,DIVIDED - W/MEDIAN (NOT RAISED),,STRAIGHT AND LEVEL,DRY,NO DEFECTS,,INJURY AND / OR TOW DUE TO CRASH,Y,,,"OVER $1,500",10/23/2021 16:10,WEATHER,UNABLE TO DETERMINE,2798,N,ASHLAND AVE,1931,,,,,,,3,NONINCAPACITATING INJURY,2,0,0,2,0,2,0,16,7,10,41.93231273,-87.66853724,POINT (-87.66853724028 41.932312725534)
c37641f4ae93f7988b27d7fec2ebb64e1da14abc8c34cb1917b97a88916307d8db005b15bd5997345c1c4a744a45535d90d70f6f2a1e97db95a29c969f53024e,JE205141,,4/20/2021 17:30,35,STOP SIGN/FLASHER,FUNCTIONING PROPERLY,CLEAR,DAYLIGHT,PEDALCYCLIST,DIVIDED - W/MEDIAN BARRIER,,STRAIGHT AND LEVEL,DRY,NO DEFECTS,,NO INJURY / DRIVE AWAY,Y,,,"OVER $1,500",4/20/2021 17:56,UNABLE TO DETERMINE,UNABLE TO DETERMINE,5400,S,LAKE PARK AVE,234,,,,,,,2,NO INDICATION OF INJURY,0,0,0,0,0,2,0,17,3,4,41.7979498,-87.5873944,POINT (-87.587394398496 41.79794980011)
0369ec871985cc4a29e02e4b96c247cc069e3fba6adcee4538802ee605553c1908fbb1491988ebb875aa0cf71bfea2e54d8180fc2505921d63ed2081ae8cb3fe,JF187466,,3/26/2022 16:52,30,TRAFFIC SIGNAL,FUNCTIONING PROPERLY,CLOUDY/OVERCAST,DAYLIGHT,TURNING,UNKNOWN INTERSECTION TYPE,,STRAIGHT AND LEVEL,DRY,UNKNOWN,ON SCENE,INJURY AND / OR TOW DUE TO CRASH,Y,,,"OVER $1,500",3/26/2022 16:55,UNABLE TO DETERMINE,UNABLE TO DETERMINE,4300,S,LA SALLE ST,215,,,,,,,2,NO INDICATION OF INJURY,0,0,0,0,0,3,0,16,7,3,41.81643881,-87.6295866,POINT (-87.629586596136 41.816438804918)
090c488b7391787750737cc7e5d88406bd871692f9485c4344418699cd3c7601cd7636e0c8b32e913b0715ae82d2da56513b4f65a41055b3c96f1c67898a1115,JF187299,,3/26/2022 12:30,30,NO CONTROLS,NO CONTROLS,CLOUDY/OVERCAST,DAYLIGHT,PARKED MOTOR VEHICLE,NOT DIVIDED,,STRAIGHT AND LEVEL,UNKNOWN,UNKNOWN,NOT ON SCENE (DESK REPORT),NO INJURY / DRIVE AWAY,,,,"$501 - $1,500",3/26/2022 13:49,IMPROPER OVERTAKING/PASSING,UNABLE TO DETERMINE,4432,N,CLARENDON AVE,1914,,,,,,,2,NO INDICATION OF INJURY,0,0,0,0,0,3,0,12,7,3,41.96279102,-87.65008611,POINT (-87.650086113951 41.962791019872)
0ceea1ce39723410ba6ead11426c72290926645184882cf24c2b62237611696fdeeb701570959efeeec8c1e77a5e6ec8171104cd0eee86e92d77d154cc656433,JF187511,,3/26/2022 13:30,30,NO CONTROLS,NO CONTROLS,UNKNOWN,UNKNOWN,SIDESWIPE SAME DIRECTION,PARKING LOT,,STRAIGHT AND LEVEL,UNKNOWN,UNKNOWN,NOT ON SCENE (DESK REPORT),NO INJURY / DRIVE AWAY,,,,"OVER $1,500",3/26/2022 18:00,UNABLE TO DETERMINE,UNABLE TO DETERMINE,1400,S,ASHLAND AVE,1233,,,,,,,2,NO INDICATION OF INJURY,0,0,0,0,0,2,0,13,7,3,41.86322023,-87.66644157,POINT (-87.666441569504 41.863220226428)
013b91d09fa10aa4e769493d6fb2223d3a0a82a8af22d92fdfd7d707696d073499cd5f6378bbc9044e8c319225f5983efc33895d2884e31af0f27144349870af,JF187650,,3/26/2022 18:41,30,NO CONTROLS,NO CONTROLS,CLEAR,DAYLIGHT,FIXED OBJECT,PARKING LOT,,STRAIGHT AND LEVEL,DRY,NO DEFECTS,ON SCENE,INJURY AND / OR TOW DUE TO CRASH,,N,,"OVER $1,500",3/26/2022 20:16,UNABLE TO DETERMINE,UNABLE TO DETERMINE,7601,S,CICERO AVE,833,,,,,,,1,NO INDICATION OF INJURY,0,0,0,0,0,3,0,18,7,3,41.75466012,-87.74138476,POINT (-87.741384758605 41.754660124394)
05d458f1d69efa963c65cf2a5bcd8579e41069b54dc19291831d2ac15d42e93e7144e9dd5d48fde10d51b6dbf3e2f7bae8066084a0498a21a1b3d5fb9e2a26b5,JF187088,,3/26/2022 9:53,30,TRAFFIC SIGNAL,FUNCTIONING PROPERLY,CLEAR,DAYLIGHT,REAR END,NOT DIVIDED,,STRAIGHT AND LEVEL,DRY,NO DEFECTS,NOT ON SCENE (DESK REPORT),NO INJURY / DRIVE AWAY,,,,"OVER $1,500",3/26/2022 10:02,FAILING TO REDUCE SPEED TO AVOID CRASH,UNABLE TO DETERMINE,733,N,CICERO AVE,1111,,,,,,,3,NO INDICATION OF INJURY,0,0,0,0,0,4,0,9,7,3,41.89410338,-87.74563046,POINT (-87.745630463339 41.89410338202)
09dd6798ab622170181fbe24d02438feb6106299fccba9f4130ce45ef71a9c3ce71931e3cae7a8b329021e52ea0f474b31644a5f32ba2152f441a0ac165c25f3,JF186899,,3/26/2022 3:20,35,NO CONTROLS,NO CONTROLS,SNOW,"DARKNESS, LIGHTED ROAD",SIDESWIPE SAME DIRECTION,PARKING LOT,,STRAIGHT AND LEVEL,WET,NO DEFECTS,ON SCENE,INJURY AND / OR TOW DUE TO CRASH,,,,"OVER $1,500",3/26/2022 3:28,UNABLE TO DETERMINE,UNABLE TO DETERMINE,9900,S,HALSTED ST,2232,,,,,,,2,NO INDICATION OF INJURY,0,0,0,0,0,2,0,3,7,3,41.71411887,-87.64314541,POINT (-87.643145408182 41.71411886809)
0c910e72902f3c4ef34b20fa892c6349fa8e4d8440b31fd76dd9e4a173fd466b35d8a6351a678420c3122f1dcb00a81efce819e93657845af7c714e495ad21e0,JF187205,,3/26/2022 11:35,30,NO CONTROLS,NO CONTROLS,CLEAR,DAYLIGHT,PARKED MOTOR VEHICLE,PARKING LOT,,STRAIGHT AND LEVEL,DRY,NO DEFECTS,NOT ON SCENE (DESK REPORT),NO INJURY / DRIVE AWAY,,,,$500 OR LESS,3/26/2022 12:00,UNABLE TO DETERMINE,NOT APPLICABLE,1951,N,WESTERN AVE,1434,,,,,,,2,NO INDICATION OF INJURY,0,0,0,0,0,1,0,11,7,3,41.91710363,-87.68724877,POINT (-87.687248767006 41.917103631009)
035be235d9437b8ca82ea4c0af5a1515e07b7d301afaa870a0936b023c16ccc71fc845bae8c9cb2c812562b8061fecab69f61415f342a012fc3c703642a37a01,JF186449,,3/25/2022 13:48,30,NO CONTROLS,NO CONTROLS,CLEAR,DAYLIGHT,PARKED MOTOR VEHICLE,NOT DIVIDED,,STRAIGHT AND LEVEL,DRY,NO DEFECTS,NOT ON SCENE (DESK REPORT),NO INJURY / DRIVE AWAY,,,,"$501 - $1,500",3/25/2022 16:00,UNABLE TO DETERMINE,UNABLE TO DETERMINE,360,W,HUBBARD ST,1831,,,,,,,2,NO INDICATION OF INJURY,0,0,0,0,0,1,0,13,6,3,41.89004183,-87.63786864,POINT (-87.637868638808 41.890041834402)
0a5f59da8bed0cf7e6ee9351a5444d75c028a2ea1dac255e4714b6adda8afe33777df61928c7cd3af761b88dfb6438f08e90999e62fb067f093117fd1a132fbb,JF187633,,3/26/2022 20:19,30,UNKNOWN,UNKNOWN,CLEAR,DARKNESS,PARKED MOTOR VEHICLE,NOT DIVIDED,,STRAIGHT AND LEVEL,DRY,NO DEFECTS,ON SCENE,INJURY AND / OR TOW DUE TO CRASH,,,,"OVER $1,500",3/26/2022 20:20,TEXTING,TEXTING,703,E,67TH ST,321,,,,,,,2,NO INDICATION OF INJURY,0,0,0,0,0,2,0,20,7,3,41.77299099,-87.60807168,POINT (-87.608071674962 41.77299098776)
0c740fcfc98a1560bafb7eec4b9d28d4a355badd0380c7a38e079bb34f06ab940b5add9735b344315f240107858016ce4e117693c3d0b767088e6328e1b93d5e,JF187284,,3/26/2022 13:15,30,TRAFFIC SIGNAL,FUNCTIONING PROPERLY,CLEAR,DAYLIGHT,SIDESWIPE SAME DIRECTION,NOT DIVIDED,,STRAIGHT AND LEVEL,DRY,NO DEFECTS,NOT ON SCENE (DESK REPORT),NO INJURY / DRIVE AWAY,,,Y,"OVER $1,500",3/26/2022 13:32,IMPROPER OVERTAKING/PASSING,NOT APPLICABLE,800,W,76TH ST,621,,,,,,,2,NO INDICATION OF INJURY,0,0,0,0,0,2,0,13,7,3,41.75620369,-87.64422198,POINT (-87.64422197609 41.756203689605)
02c2737e042543dcabf1f1056c9946aefc72775fbcc24cb723ccf6aa3a0b9e5de43629696a8665f1e5219d1026595d99c4b6b2306af56efb6d66fbf62cb2f62d,JF185314,,3/24/2022 16:25,30,NO CONTROLS,NO CONTROLS,CLOUDY/OVERCAST,DAYLIGHT,TURNING,NOT DIVIDED,,STRAIGHT AND LEVEL,DRY,NO DEFECTS,ON SCENE,INJURY AND / OR TOW DUE TO CRASH,Y,,,"OVER $1,500",3/24/2022 17:16,UNABLE TO DETERMINE,UNABLE TO DETERMINE,4600,W,LAKE ST,1113,,,,,,,2,NO INDICATION OF INJURY,0,0,0,0,0,2,0,16,5,3,41.88640484,-87.74028542,POINT (-87.740285417973 41.886404835909)