CRASH_RECORD_ID,RD_NO,CRASH_DATE_EST_I,CRASH_DATE,POSTED_SPEED_LIMIT,TRAFFIC_CONTROL_DEVICE,DEVICE_CONDITION,WEATHER_CONDITION,LIGHTING_CONDITION,FIRST_CRASH_TYPE,TRAFFICWAY_TYPE,LANE_CNT,ALIGNMENT,ROADWAY_SURFACE_COND,ROAD_DEFECT,REPORT_TYPE,CRASH_TYPE,INTERSECTION_RELATED_I,NOT_RIGHT_OF_WAY_I,HIT_AND_RUN_I,DAMAGE,DATE_POLICE_NOTIFIED,PRIM_CONTRIBUTORY_CAUSE,SEC_CONTRIBUTORY_CAUSE,STREET_NO,STREET_DIRECTION,STREET_NAME,BEAT_OF_OCCURRENCE,PHOTOS_TAKEN_I,STATEMENTS_TAKEN_I,DOORING_I,WORK_ZONE_I,WORK_ZONE_TYPE,WORKERS_PRESENT_I,NUM_UNITS,MOST_SEVERE_INJURY,INJURIES_TOTAL,INJURIES_FATAL,INJURIES_INCAPACITATING,INJURIES_NON_INCAPACITATING,INJURIES_REPORTED_NOT_EVIDENT,INJURIES_NO_INDICATION,INJURIES_UNKNOWN,CRASH_HOUR,CRASH_DAY_OF_WEEK,CRASH_MONTH,LATITUDE,LONGITUDE,LOCATION
0d0e75a03bccd45e528d0f7ac3376bc223932b0663c6ce0d0a7b9c425eac4414e150e31edeaad1d1548a0c856080fabf92fdf1a89be56d1d5e70ee97ce635bf1,JF186610,,3/25/2022 16:30,30,NO CONTROLS,NO CONTROLS,RAIN,DAYLIGHT,SIDESWIPE SAME DIRECTION,ONE-WAY,,STRAIGHT AND LEVEL,WET,UNKNOWN,NOT ON SCENE (DESK REPORT),NO INJURY / DRIVE AWAY,,,,"$501 - $1,500",3/25/2022 19:15,FAILING TO YIELD RIGHT-OF-WAY,FAILING TO YIELD RIGHT-OF-WAY,3801,W,HARRISON ST,1133,,,,,,,2,NO INDICATION OF INJURY,0,0,0,0,0,2,0,16,6,3,41.87340465,-87.72039963,POINT (-87.720399628297 41.873404645345)
0722fc3d408ab3b7485af3932c1516868bc0241bd632cf97a6c58337acef23c8c641e84a526087ceee2df23d591d9273bef53f6c67390b197c25939b4553cebd,JF186987,,3/26/2022 7:40,30,TRAFFIC SIGNAL,FUNCTIONING PROPERLY,CLEAR,DAYLIGHT,TURNING,NOT DIVIDED,,STRAIGHT AND LEVEL,DRY,NO DEFECTS,ON SCENE,INJURY AND / OR TOW DUE TO CRASH,,,,"OVER $1,500",3/26/2022 7:40,FAILING TO YIELD RIGHT-OF-WAY,UNABLE TO DETERMINE,1602,N,CENTRAL AVE,2531,,,,,,,2,NO INDICATION OF INJURY,0,0,0,0,0,2,0,7,7,3,41.90955201,-87.76581174,POINT (-87.765811738402 41.909552010121)
0ddd6357b8fccfb46d93553f192a2538f75648ee843145f188873c1246a90bab27791a8986462e97602b595f3778202216a7ed57d12a480c1b24308b743765cf,JF182777,,3/22/2022 14:30,55,NO CONTROLS,NO CONTROLS,CLEAR,DAYLIGHT,SIDESWIPE SAME DIRECTION,DIVIDED - W/MEDIAN BARRIER,,STRAIGHT AND LEVEL,DRY,NO DEFECTS,ON SCENE,NO INJURY / DRIVE AWAY,,,,"OVER $1,500",3/22/2022 14:40,UNABLE TO DETERMINE,UNABLE TO DETERMINE,9759,W,KENNEDY EXPY OB,1654,,,,,,,2,NO INDICATION OF INJURY,0,0,0,0,0,2,0,14,3,3,,,
1300bb57bbfe3679bfa2c5b032ff46e3b109a09e31b390d7646a241cdb894acd7e41d6bfe409af1e9154e7d00fc0dbd5987632dee05f082c22748bf4c480b2e1,,,3/27/2022 3:05,30,TRAFFIC SIGNAL,FUNCTIONING PROPERLY,CLEAR,"DARKNESS, LIGHTED ROAD",REAR END,FOUR WAY,,STRAIGHT AND LEVEL,DRY,NO DEFECTS,ON SCENE,NO INJURY / DRIVE AWAY,,,,"$501 - $1,500",3/27/2022 3:08,EQUIPMENT - VEHICLE CONDITION,FAILING TO REDUCE SPEED TO AVOID CRASH,4800,W,CHICAGO AVE,1531,,,,,,,2,NO INDICATION OF INJURY,0,0,0,0,0,3,0,3,1,3,41.89511222,-87.74593243,POINT (-87.745932427015 41.895112218578)
1eb7b2d8316f4241623a5f580a36dce62f584534d6f66efbd26add9f34042b24aed8b184c99a3f864f5a8647070ec51bf7815680e6c090a40f124226d52f4c07,,,3/27/2022 2:25,30,STOP SIGN/FLASHER,FUNCTIONING PROPERLY,CLEAR,"DARKNESS, LIGHTED ROAD",ANGLE,NOT DIVIDED,,STRAIGHT AND LEVEL,DRY,NO DEFECTS,NOT ON SCENE (DESK REPORT),NO INJURY / DRIVE AWAY,Y,,N,"OVER $1,500",3/27/2022 3:30,DISREGARDING STOP SIGN,UNABLE TO DETERMINE,2100,S,MICHIGAN AVE,131,,,,,,,2,NO INDICATION OF INJURY,0,0,0,0,0,2,0,2,1,3,41.85421145,-87.62399649,POINT (-87.623996494321 41.854211448485)
0b4482c95bac386d239be9fc90f99bf5819a3a5189b9b001f0492bdd8a7259789c67e2ea41ba9eacb0b373e11cbd0f07b6b544abe067420690638ee5bd7fccdd,JF187033,,3/26/2022 8:55,30,TRAFFIC SIGNAL,FUNCTIONING PROPERLY,BLOWING SNOW,DAYLIGHT,REAR END,DIVIDED - W/MEDIAN (NOT RAISED),,STRAIGHT AND LEVEL,DRY,NO DEFECTS,ON SCENE,NO INJURY / DRIVE AWAY,,,,"$501 - $1,500",3/26/2022 8:57,FOLLOWING TOO CLOSELY,UNABLE TO DETERMINE,801,W,63RD ST,723,,,,,,,2,NO INDICATION OF INJURY,0,0,0,0,0,2,0,8,7,3,41.77964017,-87.64484857,POINT (-87.644848574219 41.779640165629)
9262a6f457a47ea46389f918e84d20c1f177bd28288155a7552c2cd3faeeb75b8a1ba98297c1d16f82bfa2fe99e58d48d6730febcbcdab6a7681446d8cb4566a,JF187710,,3/26/2022 23:00,30,NO CONTROLS,NO CONTROLS,CLEAR,"DARKNESS, LIGHTED ROAD",OTHER OBJECT,DIVIDED - W/MEDIAN (NOT RAISED),,STRAIGHT AND LEVEL,DRY,NO DEFECTS,ON SCENE,INJURY AND / OR TOW DUE TO CRASH,,,,"OVER $1,500",3/26/2022 23:10,UNABLE TO DETERMINE,UNABLE TO DETERMINE,10869,S,VINCENNES AVE,2234,,,,,,,2,NONINCAPACITATING INJURY,1,0,0,1,0,0,0,23,7,3,41.69597005,-87.66046924,POINT (-87.660469237912 41.695970048381)
6c8f072ff99c9db212352f3ee8ec0f90ea2b57fc644d58e7928e49166cf94aeb3cc874b12c75fbef49622fafd6b778475e24da71b6c108576750619b818f6f66,JF187015,,12/1/2021 21:00,30,TRAFFIC SIGNAL,UNKNOWN,UNKNOWN,"DARKNESS, LIGHTED ROAD",PEDESTRIAN,FOUR WAY,,STRAIGHT ON GRADE,UNKNOWN,UNKNOWN,ON SCENE,INJURY AND / OR TOW DUE TO CRASH,Y,,Y,$500 OR LESS,3/26/2022 7:51,UNABLE TO DETERMINE,NOT APPLICABLE,8655,S,ASHLAND AVE,614,,,,,,,2,INCAPACITATING INJURY,1,0,1,0,0,1,0,21,4,12,41.73599603,-87.66292337,POINT (-87.662923367776 41.735996031688)
33e663a96813927e94ff3a49c235a823b1e4521d95a1b5b099be2296bf1ccbee07bbbbc6d229efedb5357d18e1645e9fa4597dd63cc798bc5d15cf887ac9c1a0,JF187024,,3/25/2022 3:00,45,NO CONTROLS,NO CONTROLS,RAIN,DARKNESS,SIDESWIPE SAME DIRECTION,DIVIDED - W/MEDIAN (NOT RAISED),,STRAIGHT AND LEVEL,WET,UNKNOWN,NOT ON SCENE (DESK REPORT),NO INJURY / DRIVE AWAY,,,Y,"OVER $1,500",3/26/2022 8:30,IMPROPER LANE USAGE,UNABLE TO DETERMINE,7500,S,MERRILL AVE,414,,,,,,,2,NO INDICATION OF INJURY,0,0,0,0,0,2,0,3,6,3,41.75884531,-87.57262383,POINT (-87.572623833575 41.758845307387)
171007d33c315a79414fb8a122495de4097a9b972e38886751cde96a3f53a27b8f742db946c8a86d3915ff48563b0c0732fd7beacecf4ed14ff4ed01cb7102ae,JF187406,Y,3/26/2022 15:00,35,NO CONTROLS,NO CONTROLS,CLEAR,DAYLIGHT,TURNING,T-INTERSECTION,,STRAIGHT AND LEVEL,DRY,NO DEFECTS,ON SCENE,INJURY AND / OR TOW DUE TO CRASH,Y,,Y,"OVER $1,500",3/26/2022 15:22,FAILING TO YIELD RIGHT-OF-WAY,UNABLE TO DETERMINE,5500,S,KOLIN AVE,813,,,,,,,2,NO INDICATION OF INJURY,0,0,0,0,0,2,0,15,7,3,41.79303338,-87.73188413,POINT (-87.731884124874 41.793033380456)
327ee413f4a1cec7163d14ef92d0484840474c1493e31d84be67f40028ff2474f15c0607af810f77659d3801dfd52a3834918632f21a8c83f207b35361f713e4,JF186907,,3/26/2022 4:00,30,STOP SIGN/FLASHER,FUNCTIONING PROPERLY,SNOW,"DARKNESS, LIGHTED ROAD",ANGLE,NOT DIVIDED,,STRAIGHT AND LEVEL,SNOW OR SLUSH,NO DEFECTS,ON SCENE,INJURY AND / OR TOW DUE TO CRASH,Y,,Y,"OVER $1,500",3/26/2022 4:04,UNABLE TO DETERMINE,NOT APPLICABLE,2000,W,54TH ST,932,,,,,,,2,NO INDICATION OF INJURY,0,0,0,0,0,2,0,4,7,3,41.79587018,-87.67443485,POINT (-87.674434848106 41.795870179808)
38d84f9e65a9eff2d6678b975d52ee018064375a2d51063facecec0cfd0f2264378cacf05dfed62f52ab72c83a766e6f6945af656d088c08d56b64ba1f35afb3,JF186744,,3/25/2022 21:22,30,TRAFFIC SIGNAL,FUNCTIONING PROPERLY,CLEAR,DAWN,ANGLE,FOUR WAY,,STRAIGHT AND LEVEL,DRY,NO DEFECTS,ON SCENE,INJURY AND / OR TOW DUE TO CRASH,Y,,,"OVER $1,500",3/25/2022 22:08,UNABLE TO DETERMINE,UNABLE TO DETERMINE,4159,W,FULLERTON AVE,2525,,,,,,,2,NONINCAPACITATING INJURY,1,0,0,1,0,1,0,21,6,3,41.92431656,-87.73160368,POINT (-87.731603675826 41.92431655616)
43acc5ca2b1ae49b99e06ab0879183906dba23deb5355b04590fb58a4a0130dba8354bda6474813f8745074a36424527faaedc4af085aad0ab37bf23c030e903,JF186902,,3/26/2022 3:30,25,NO CONTROLS,NO CONTROLS,CLEAR,"DARKNESS, LIGHTED ROAD",SIDESWIPE SAME DIRECTION,ONE-WAY,,STRAIGHT AND LEVEL,UNKNOWN,UNKNOWN,NOT ON SCENE (DESK REPORT),NO INJURY / DRIVE AWAY,,,,"OVER $1,500",3/26/2022 4:00,FAILING TO YIELD RIGHT-OF-WAY,UNABLE TO DETERMINE,1857,S,LAWNDALE AVE,1014,,,,,,,2,NO INDICATION OF INJURY,0,0,0,0,0,2,0,3,7,3,41.85545416,-87.71743087,POINT (-87.717430868843 41.855454162853)
a2411f8d1aded80fa5e4cef5f8187d985ebf791168b0c75c0b9b2f97e398c1507d0ef79fbac042d613d058b0e3e08ce217f4d88de4bd54f43fc98f2783c19186,JF187091,,3/20/2022 12:45,20,STOP SIGN/FLASHER,FUNCTIONING PROPERLY,CLEAR,DAYLIGHT,ANGLE,FOUR WAY,,STRAIGHT AND LEVEL,DRY,NO DEFECTS,NOT ON SCENE (DESK REPORT),NO INJURY / DRIVE AWAY,Y,,,"OVER $1,500",3/26/2022 10:10,FAILING TO YIELD RIGHT-OF-WAY,NOT APPLICABLE,5100,S,LINDER AVE,814,,,,,,,2,NO INDICATION OF INJURY,0,0,0,0,0,2,0,12,1,3,41.79999154,-87.7602148,POINT (-87.760214796915 41.799991542549)
b3af8a9df32c7642fbcb12e91a1511e4da80c94085f1db6e44316f62f848190b2b36a58b1b1119d5a5118809aa793f436696a9eeb30f640116452f9010c527c1,JF187253,,3/15/2022 12:57,30,NO CONTROLS,NO CONTROLS,CLEAR,DAYLIGHT,PARKED MOTOR VEHICLE,NOT DIVIDED,,STRAIGHT AND LEVEL,UNKNOWN,UNKNOWN,NOT ON SCENE (DESK REPORT),NO INJURY / DRIVE AWAY,,,,"$501 - $1,500",3/26/2022 13:15,IMPROPER BACKING,UNABLE TO DETERMINE,3475,N,CLARK ST,1924,,,,,,,2,NO INDICATION OF INJURY,0,0,0,0,0,1,0,12,3,3,41.94544657,-87.65493058,POINT (-87.654930575054 41.945446568546)
d5732471cdacb2c2486fc783ce06ce080a46906a9cd85d47d2a7142f7874c7ee023642127bb18ca3417e734b7a5d3beb50fb87063342593c094d44e482dc1406,JF182629,,3/21/2022 12:00,30,NO CONTROLS,NO CONTROLS,CLEAR,DAYLIGHT,ANGLE,PARKING LOT,,STRAIGHT AND LEVEL,DRY,UNKNOWN,NOT ON SCENE (DESK REPORT),NO INJURY / DRIVE AWAY,,,,"OVER $1,500",3/23/2022 11:00,UNABLE TO DETERMINE,UNABLE TO DETERMINE,501,W,ROOSEVELT RD,124,,,,,,,2,NO INDICATION OF INJURY,0,0,0,0,0,3,0,12,2,3,41.86714316,-87.63929317,POINT (-87.639293174131 41.867143159823)
9b7806a4aecc0a0ff1e103cb38a064ea73e0bc25bbec96dea9c7ace4af0762cf01daccc70ce2cac6c46e5194390a0e954b2fca9af5cdf780894ffe88bf91d9f9,JF187079,,3/24/2022 18:45,30,NO CONTROLS,NO CONTROLS,UNKNOWN,UNKNOWN,PARKED MOTOR VEHICLE,ONE-WAY,,STRAIGHT AND LEVEL,UNKNOWN,UNKNOWN,NOT ON SCENE (DESK REPORT),NO INJURY / DRIVE AWAY,,,Y,"OVER $1,500",3/26/2022 10:00,UNABLE TO DETERMINE,UNABLE TO DETERMINE,3100,W,BIRCHWOOD AVE,2411,,,,,,,2,NO INDICATION OF INJURY,0,0,0,0,0,1,0,18,5,3,42.01746801,-87.70680414,POINT (-87.70680414093 42.017468005926)
85a1b6c38bad33beb402c414bc93cfdd72a8ff73171b866fb4b336ecaffb1a165c497a03515bd699c40b7f37f19d9f452cf518f62a1a06befd55bb0d39137af3,JF186308,,3/25/2022 14:35,30,TRAFFIC SIGNAL,FUNCTIONING PROPERLY,CLEAR,DAYLIGHT,TURNING,DIVIDED - W/MEDIAN (NOT RAISED),,STRAIGHT AND LEVEL,DRY,NO DEFECTS,NOT ON SCENE (DESK REPORT),NO INJURY / DRIVE AWAY,Y,,,"OVER $1,500",3/25/2022 14:50,FAILING TO YIELD RIGHT-OF-WAY,NOT APPLICABLE,7600,S,VINCENNES AVE,623,,,,,,,2,NO INDICATION OF INJURY,0,0,0,0,0,2,0,14,6,3,41.7562857,-87.63240666,POINT (-87.632406662789 41.756285700818)
0f7ccc7954d294d599b903de21bb218f1db19e2a5a689b2aa40f65ca628d91dd6e1e910ddd91fbed96901475a54f5f91a896da07278ea898ce2b65b263e9a2c4,JF186849,,3/26/2022 1:53,35,NO CONTROLS,NO CONTROLS,RAIN,DARKNESS,PARKED MOTOR VEHICLE,NOT DIVIDED,,STRAIGHT AND LEVEL,WET,NO DEFECTS,ON SCENE,INJURY AND / OR TOW DUE TO CRASH,,,,"OVER $1,500",3/26/2022 1:54,UNABLE TO DETERMINE,NOT APPLICABLE,5808,W,CHICAGO AVE,1511,,,,,,,2,NONINCAPACITATING INJURY,3,0,0,3,0,0,0,1,7,3,41.89488909,-87.77068374,POINT (-87.770683741049 41.8948890913)
172804ee7e8deea57eb6f9088fb9e91712c1344e7269f7795b9b0a5948a85a18a6fc00a9a276f8ecd731d11446cb7db7c639beec50232fa8626e4af923a9ae90,JF187672,Y,3/26/2022 20:30,30,TRAFFIC SIGNAL,FUNCTIONING PROPERLY,CLEAR,"DARKNESS, LIGHTED ROAD",TURNING,CENTER TURN LANE,,STRAIGHT AND LEVEL,DRY,NO DEFECTS,NOT ON SCENE (DESK REPORT),NO INJURY / DRIVE AWAY,N,,,"OVER $1,500",3/26/2022 21:10,IMPROPER TURNING/NO SIGNAL,NOT APPLICABLE,799,W,74TH ST,732,,,,,,,2,NO INDICATION OF INJURY,0,0,0,0,0,2,0,20,7,3,41.75963572,-87.64421103,POINT (-87.644211028239 41.759635722519)
ba494ba6605ac5afab92e503dac33e11139b24caaa737f9628a696208e7456623a42277fa826dde33f1ce1c7ea485fa37bc314e8aa50399f6d7f10c50b972a8d,JF187530,,3/19/2022 9:54,30,NO CONTROLS,NO CONTROLS,CLEAR,DAYLIGHT,PARKED MOTOR VEHICLE,ONE-WAY,,STRAIGHT AND LEVEL,DRY,NO DEFECTS,NOT ON SCENE (DESK REPORT),NO INJURY / DRIVE AWAY,,,Y,"$501 - $1,500",3/26/2022 18:17,NOT APPLICABLE,NOT APPLICABLE,1339,W,49TH PL,933,,,,,,,3,NO INDICATION OF INJURY,0,0,0,0,0,1,0,9,7,3,41.80399016,-87.65910763,POINT (-87.659107630269 41.803990160106)
3e7d665317fa239bb2c472aa9c70d0427c82fc3be7f4e86a12d5e789836f82b138467a4e5e1e86cba3d6f3fbff4fa663f5f8ebe3dbf6ba5b9e7e07611cb24eba,JF186818,,3/26/2022 0:30,30,NO CONTROLS,NO CONTROLS,CLEAR,"DARKNESS, LIGHTED ROAD",PARKED MOTOR VEHICLE,NOT DIVIDED,,STRAIGHT AND LEVEL,DRY,NO DEFECTS,ON SCENE,INJURY AND / OR TOW DUE TO CRASH,,,,"OVER $1,500",3/26/2022 0:40,IMPROPER LANE USAGE,PHYSICAL CONDITION OF DRIVER,732,W,IRVING PARK RD,1915,,,,,,,3,NO INDICATION OF INJURY,0,0,0,0,0,1,0,0,7,3,41.95467789,-87.64936512,POINT (-87.649365115438 41.954677892933)
68644587990387bf9b76a08cabb0807a034255adda21e902a1b19a2f51a4da69229f359ec229059a335cae800f6d40481501f7b2b20803bd78c3281a0b78475d,JF187266,,3/26/2022 13:00,30,NO CONTROLS,NO CONTROLS,CLOUDY/OVERCAST,DAYLIGHT,REAR END,DIVIDED - W/MEDIAN (NOT RAISED),,STRAIGHT AND LEVEL,DRY,UNKNOWN,NOT ON SCENE (DESK REPORT),NO INJURY / DRIVE AWAY,,,,"OVER $1,500",3/26/2022 13:30,UNABLE TO DETERMINE,UNABLE TO DETERMINE,3359,N,HARLEM AVE,1632,,,,,,,2,NO INDICATION OF INJURY,0,0,0,0,0,2,0,13,7,3,41.94146315,-87.80672279,POINT (-87.806722786353 41.941463151346)
773c43ad5c71d0a2f8f97b6dcd0259aed9eb327724121d4d50dcfd18d528e8a4daf8313316077417b36b7de24f2af0e66ce06f8886addd9c2422528b5c324e57,JF187346,,3/26/2022 14:39,30,NO CONTROLS,NO CONTROLS,CLEAR,DAYLIGHT,TURNING,T-INTERSECTION,,STRAIGHT AND LEVEL,DRY,NO DEFECTS,ON SCENE,INJURY AND / OR TOW DUE TO CRASH,Y,,,"OVER $1,500",3/26/2022 14:49,FAILING TO YIELD RIGHT-OF-WAY,DRIVING SKILLS/KNOWLEDGE/EXPERIENCE,2856,N,WESTERN AVE,1411,,,,,,,2,NONINCAPACITATING INJURY,1,0,0,1,0,2,0,14,7,3,41.93391531,-87.6880869,POINT (-87.688086902415 41.933915311691)
5c002fcbac70b5198b483399ebe6cf9ee1fcf080ecc3d5b7852a398036e40163c9d5636df8c818858b02a190fcd4b62981b90c60f2cb3a182dcc7fbe50fe157e,JF187457,,3/24/2022 14:30,30,NO CONTROLS,NO CONTROLS,RAIN,DAYLIGHT,SIDESWIPE SAME DIRECTION,DIVIDED - W/MEDIAN (NOT RAISED),,STRAIGHT AND LEVEL,WET,NO DEFECTS,NOT ON SCENE (DESK REPORT),NO INJURY / DRIVE AWAY,,,,"OVER $1,500",3/26/2022 16:50,IMPROPER OVERTAKING/PASSING,UNABLE TO DETERMINE,2317,N,CICERO AVE,2522,,,,,,,2,NO INDICATION OF INJURY,0,0,0,0,0,2,0,14,5,3,41.92293104,-87.74611948,POINT (-87.746119477943 41.922931042554)
7d857be20a2a3fde29081e6306da974b2fe68b10f631024b94b5e0bd61a6a36f7d9ec997243cd582ca218eca244328ea3fba949095008d9aa131eada300d6a5e,JF186130,,3/25/2022 11:45,30,NO CONTROLS,NO CONTROLS,CLEAR,DAYLIGHT,PARKED MOTOR VEHICLE,OTHER,,STRAIGHT AND LEVEL,DRY,NO DEFECTS,NOT ON SCENE (DESK REPORT),NO INJURY / DRIVE AWAY,,,,"$501 - $1,500",3/25/2022 12:30,DRIVING SKILLS/KNOWLEDGE/EXPERIENCE,UNABLE TO DETERMINE,100,S,STATE ST,112,,,,,,,2,NO INDICATION OF INJURY,0,0,0,0,0,1,0,11,6,3,41.88071514,-87.62787608,POINT (-87.627876078416 41.880715137843)
3e78024ae6a493c9688a74e42c7eb62b48eaec98a80f88dba7e2ac8f4c161c4a6bf646b90ab59a70cd6537144bf4ad4b3b45febff8b3c93a80d35b9aab49e166,JF187663,,3/26/2022 21:04,40,NO CONTROLS,NO CONTROLS,OTHER,DARKNESS,FIXED OBJECT,DIVIDED - W/MEDIAN BARRIER,,STRAIGHT AND LEVEL,DRY,NO DEFECTS,ON SCENE,INJURY AND / OR TOW DUE TO CRASH,,,,"OVER $1,500",3/26/2022 21:08,UNABLE TO DETERMINE,UNABLE TO DETERMINE,5300,S,LAKE SHORE DR SB,234,,,,,,,1,NO INDICATION OF INJURY,0,0,0,0,0,1,0,21,7,3,41.7995694,-87.58154906,POINT (-87.581549060329 41.7995693995)
496df5f250bdee6da4452224db95d4fafa904a0d65caaf828b446f3346330871ecd02bb6ab8ea52d77f598ccba4f54dae62cf626dc2996d2d8059ce94cb63fb7,JF187025,,3/26/2022 0:29,30,NO CONTROLS,NO CONTROLS,SNOW,DAWN,PARKED MOTOR VEHICLE,ONE-WAY,,STRAIGHT AND LEVEL,SNOW OR SLUSH,UNKNOWN,ON SCENE,NO INJURY / DRIVE AWAY,,,Y,"OVER $1,500",3/26/2022 0:31,UNABLE TO DETERMINE,NOT APPLICABLE,7554,S,BLACKSTONE AVE,411,,,,,,,3,NO INDICATION OF INJURY,0,0,0,0,0,1,0,0,7,3,41.75707654,-87.58847231,POINT (-87.588472312246 41.75707654173)
657510a4538c4c7d48627eca5e6230b77308c810e2d15ddb5c05643ee011b93ba3593d557846a168169abc2c0dedf9bf195c85431d714af2b6bdf427d6f2e54c,JF187089,,3/26/2022 10:00,30,NO CONTROLS,NO CONTROLS,CLEAR,DAYLIGHT,PARKED MOTOR VEHICLE,ONE-WAY,,STRAIGHT AND LEVEL,DRY,UNKNOWN,ON SCENE,INJURY AND / OR TOW DUE TO CRASH,,,Y,"OVER $1,500",3/26/2022 10:10,UNABLE TO DETERMINE,UNABLE TO DETERMINE,2815,W,65TH ST,831,,,,,,,2,NO INDICATION OF INJURY,0,0,0,0,0,1,0,10,7,3,41.77535056,-87.69390245,POINT (-87.693902448898 41.775350555836)
967bd69cf2651058a07206f63118df05592da4a6ac0232243f5de003d378a05b8bd17f72feb72653029c609581b3fcd26280f5d9264e06c93e77fa387e57bdd0,JF187680,,3/26/2022 21:33,30,TRAFFIC SIGNAL,FUNCTIONING PROPERLY,CLEAR,"DARKNESS, LIGHTED ROAD",REAR END,FOUR WAY,,STRAIGHT AND LEVEL,DRY,NO DEFECTS,NOT ON SCENE (DESK REPORT),NO INJURY / DRIVE AWAY,Y,,Y,"OVER $1,500",3/26/2022 21:40,FOLLOWING TOO CLOSELY,UNABLE TO DETERMINE,9458,S,ASHLAND AVE,2221,,,,,,,2,NO INDICATION OF INJURY,0,0,0,0,0,2,0,21,7,3,41.72130329,-87.66283295,POINT (-87.66283294688 41.72130329006)
ae1bb6daba3cdb0fa6a4ebe8637f05af411ff30e9c27d6654239aa3a35e00f335d6c4f25697a6d6c8167ba09784fa8e144e637afd48883c8d5dbac2037ef8f4d,JF187354,,3/26/2022 14:47,30,NO CONTROLS,NO CONTROLS,CLEAR,DAYLIGHT,HEAD ON,PARKING LOT,,STRAIGHT AND LEVEL,DRY,NO DEFECTS,ON SCENE,NO INJURY / DRIVE AWAY,,Y,Y,$500 OR LESS,3/26/2022 14:49,UNABLE TO DETERMINE,UNABLE TO DETERMINE,3435,S,ARCHER AVE,912,,,,,,,2,NO INDICATION OF INJURY,0,0,0,0,0,2,0,14,7,3,41.8313499,-87.67584785,POINT (-87.675847847859 41.831349900077)
2064b078d26f908342fee677642e1761ff0b4c45b94ce5a5ddd8ec5f2c7e9629b475d5b491d21f8fe11d3277c65c509dfcb8bfba5aa31bd6bce3144116f521ab,JF186688,,3/25/2022 20:00,30,TRAFFIC SIGNAL,NOT FUNCTIONING,CLOUDY/OVERCAST,"DARKNESS, LIGHTED ROAD",ANGLE,NOT DIVIDED,,STRAIGHT AND LEVEL,WET,NO DEFECTS,ON SCENE,NO INJURY / DRIVE AWAY,Y,,,"OVER $1,500",3/25/2022 20:06,DISREGARDING TRAFFIC SIGNALS,NOT APPLICABLE,5200,N,NAGLE AVE,1613,,,,,,,2,NO INDICATION OF INJURY,0,0,0,0,0,2,0,20,6,3,41.97568567,-87.78802041,POINT (-87.788020406203 41.975685669719)
139ecc5bd5ea42b7c96728ebd596b6f7cfa901e78c5550d9074cbd05ffbef00ecadae490b423cbbdb92a83f455d3b38921e285bf142c755b3e4a620d8e5f4b6c,JF187037,Y,3/26/2022 2:00,30,NO CONTROLS,NO CONTROLS,RAIN,DARKNESS,PARKED MOTOR VEHICLE,NOT DIVIDED,,STRAIGHT AND LEVEL,WET,NO DEFECTS,ON SCENE,INJURY AND / OR TOW DUE TO CRASH,,,Y,"OVER $1,500",3/26/2022 8:50,UNABLE TO DETERMINE,UNABLE TO DETERMINE,5540,S,NARRAGANSETT AVE,811,,,,,,,3,NO INDICATION OF INJURY,0,0,0,0,0,1,0,2,7,3,41.79111292,-87.78190806,POINT (-87.781908064035 41.791112919251)
1c24957f976a9b00f545e05c03d52c1a090bf4aa7eed8573ccba2b9cb5db0980b967271e83ec6d0960c9ba5f3a30f4fa8d92e9271598e49d1030eece3fbf7731,JF187617,,3/26/2022 10:00,20,STOP SIGN/FLASHER,NO CONTROLS,RAIN,DAYLIGHT,SIDESWIPE SAME DIRECTION,NOT DIVIDED,,STRAIGHT ON GRADE,WET,NO DEFECTS,NOT ON SCENE (DESK REPORT),NO INJURY / DRIVE AWAY,Y,,Y,"$501 - $1,500",3/26/2022 20:15,DRIVING SKILLS/KNOWLEDGE/EXPERIENCE,NOT APPLICABLE,8554,S,COTTAGE GROVE AVE,632,,,,,,,2,NO INDICATION OF INJURY,0,0,0,0,0,2,0,10,7,3,41.7387136,-87.60502775,POINT (-87.605027745665 41.738713595665)
3a2195a70d4d80ed8d44ac7a3966968749a55d65e82feaeed4097f0143a33b84e26621768b896671496c7874b179c181b974017719ee408c40c8a14b0f2b3623,JF186796,,3/26/2022 0:04,30,TRAFFIC SIGNAL,FUNCTIONING PROPERLY,CLEAR,"DARKNESS, LIGHTED ROAD",REAR END,FOUR WAY,,STRAIGHT AND LEVEL,DRY,NO DEFECTS,ON SCENE,NO INJURY / DRIVE AWAY,Y,,Y,"OVER $1,500",3/26/2022 0:10,FAILING TO REDUCE SPEED TO AVOID CRASH,FAILING TO REDUCE SPEED TO AVOID CRASH,7301,S,COTTAGE GROVE AVE,323,,,,,,,2,NO INDICATION OF INJURY,0,0,0,0,0,2,0,0,7,3,41.76214062,-87.60534033,POINT (-87.60534033028 41.762140619913)
c01170ee426c3c43ad88581fa8ec0340d6ff9ee84b222024d878862fedb0df7da8228c3bd8928e9b883267140d23954fce41c043428eb9bd81c711c8ab69af3d,JF187108,,3/26/2022 10:29,30,UNKNOWN,FUNCTIONING PROPERLY,CLEAR,DAYLIGHT,TURNING,NOT DIVIDED,,STRAIGHT AND LEVEL,DRY,UNKNOWN,ON SCENE,NO INJURY / DRIVE AWAY,,,,"$501 - $1,500",3/26/2022 10:33,UNABLE TO DETERMINE,UNABLE TO DETERMINE,1000,W,79TH ST,612,,,,,,,2,NO INDICATION OF INJURY,0,0,0,0,0,2,0,10,7,3,41.75067847,-87.64895143,POINT (-87.6489514311 41.750678464653)