CRASH_RECORD_ID,RD_NO,CRASH_DATE_EST_I,CRASH_DATE,POSTED_SPEED_LIMIT,TRAFFIC_CONTROL_DEVICE,DEVICE_CONDITION,WEATHER_CONDITION,LIGHTING_CONDITION,FIRST_CRASH_TYPE,TRAFFICWAY_TYPE,LANE_CNT,ALIGNMENT,ROADWAY_SURFACE_COND,ROAD_DEFECT,REPORT_TYPE,CRASH_TYPE,INTERSECTION_RELATED_I,NOT_RIGHT_OF_WAY_I,HIT_AND_RUN_I,DAMAGE,DATE_POLICE_NOTIFIED,PRIM_CONTRIBUTORY_CAUSE,SEC_CONTRIBUTORY_CAUSE,STREET_NO,STREET_DIRECTION,STREET_NAME,BEAT_OF_OCCURRENCE,PHOTOS_TAKEN_I,STATEMENTS_TAKEN_I,DOORING_I,WORK_ZONE_I,WORK_ZONE_TYPE,WORKERS_PRESENT_I,NUM_UNITS,MOST_SEVERE_INJURY,INJURIES_TOTAL,INJURIES_FATAL,INJURIES_INCAPACITATING,INJURIES_NON_INCAPACITATING,INJURIES_REPORTED_NOT_EVIDENT,INJURIES_NO_INDICATION,INJURIES_UNKNOWN,CRASH_HOUR,CRASH_DAY_OF_WEEK,CRASH_MONTH,LATITUDE,LONGITUDE,LOCATION
978a96c1574fc2c605618af6b5411fa2740d24f66cf8cd5d9f0a42c7a6d931c883d6ddda337b1985e65bd47c1b3838c102b8b570025293af5200cc1267c17d3a,JF187356,,3/22/2022 11:20,30,UNKNOWN,UNKNOWN,UNKNOWN,UNKNOWN,SIDESWIPE SAME DIRECTION,DIVIDED - W/MEDIAN (NOT RAISED),,STRAIGHT AND LEVEL,UNKNOWN,UNKNOWN,NOT ON SCENE (DESK REPORT),NO INJURY / DRIVE AWAY,,,,"$501 - $1,500",3/26/2022 15:00,UNABLE TO DETERMINE,NOT APPLICABLE,7737,N,SHERIDAN RD,2422,,,,,,,2,NO INDICATION OF INJURY,0,0,0,0,0,2,0,11,3,3,42.02216381,-87.66671521,POINT (-87.66671520621 42.022163811488)
5feedd264ed2cf18ac7f617ce95ffa16653d0d8cabe43abad61ffce0e54dc1ca51dad8b201638b88011ba566558e7303977292e281b3e9bafc31365e46853ce5,JF186346,,3/21/2022 19:30,30,STOP SIGN/FLASHER,FUNCTIONING PROPERLY,CLEAR,"DARKNESS, LIGHTED ROAD",REAR END,ONE-WAY,,STRAIGHT AND LEVEL,DRY,NO DEFECTS,NOT ON SCENE (DESK REPORT),NO INJURY / DRIVE AWAY,,,,"OVER $1,500",3/25/2022 15:43,FOLLOWING TOO CLOSELY,FOLLOWING TOO CLOSELY,5900,S,KOMENSKY AVE,813,,,,,,,2,NO INDICATION OF INJURY,0,0,0,0,0,2,0,19,2,3,41.78583142,-87.72433151,POINT (-87.724331510283 41.785831417968)
18673fe9730900c9585485d71e82fed1178f02cb2a1423d5ab98dc1c8a45962fe7b29b5abb71f4171d84bc5ec800fd48a70a4bbfec6c2da003636cc037dcc0fa,JF186591,,3/25/2022 16:30,30,NO CONTROLS,NO CONTROLS,CLEAR,DAYLIGHT,OTHER OBJECT,ONE-WAY,,STRAIGHT AND LEVEL,DRY,UNKNOWN,NOT ON SCENE (DESK REPORT),NO INJURY / DRIVE AWAY,,,,"OVER $1,500",3/25/2022 17:00,NOT APPLICABLE,NOT APPLICABLE,301,E,GRAND AVE,1834,,,,,,,2,NO INDICATION OF INJURY,0,0,0,0,0,4,0,16,6,3,41.8916941,-87.62018507,POINT (-87.620185068696 41.891694101125)
433444c35b7e15dd697a527c29efaebe46a1e589dcc095dce99706a1d56ce13c6bd8c1a957592f9cfbc92e0695179d80378f3de5e58b80c905bed3f5f783dfb2,JF187488,,3/26/2022 17:00,30,TRAFFIC SIGNAL,UNKNOWN,UNKNOWN,UNKNOWN,SIDESWIPE SAME DIRECTION,NOT DIVIDED,,STRAIGHT AND LEVEL,UNKNOWN,UNKNOWN,ON SCENE,NO INJURY / DRIVE AWAY,,,Y,$500 OR LESS,3/26/2022 17:29,UNABLE TO DETERMINE,UNABLE TO DETERMINE,501,W,18TH ST,1235,,,,,,,2,NO INDICATION OF INJURY,0,0,0,0,0,2,0,17,7,3,41.85755492,-87.63898418,POINT (-87.638984179032 41.857554919296)
6da9f9d95f1e379712430a776751f8b4c38c017f4601b1d52f1102da7ecb6a78e32ee0eb8c9ef7130c2465065100e768377a38c4fc0d65879556293b1f60b345,JF187748,,3/26/2022 23:40,45,NO CONTROLS,NO CONTROLS,CLEAR,DAYLIGHT,REAR END,DIVIDED - W/MEDIAN BARRIER,,STRAIGHT AND LEVEL,DRY,NO DEFECTS,NOT ON SCENE (DESK REPORT),NO INJURY / DRIVE AWAY,,,Y,"OVER $1,500",3/27/2022 0:00,FOLLOWING TOO CLOSELY,UNABLE TO DETERMINE,3900,S,LAKE SHORE DR SB,212,,,,,,,2,NO INDICATION OF INJURY,0,0,0,0,0,3,0,23,7,3,41.82588259,-87.60097185,POINT (-87.600971854237 41.825882585011)
90af1b3884efa8588f00e97b2cd82d2c3c9e4754514ada7c858605bd1a0abb5050cc9132769eceb238076c31948a55ea4ec4f4297ce776c4eed712f2ebfa29ee,JF187496,,3/26/2022 13:00,10,NO CONTROLS,NO CONTROLS,CLEAR,DAYLIGHT,ANGLE,PARKING LOT,,STRAIGHT AND LEVEL,DRY,UNKNOWN,NOT ON SCENE (DESK REPORT),NO INJURY / DRIVE AWAY,,Y,,"OVER $1,500",3/26/2022 17:35,UNABLE TO DETERMINE,UNABLE TO DETERMINE,2906,W,CERMAK RD,1022,,,,,,,2,NO INDICATION OF INJURY,0,0,0,0,0,2,0,13,7,3,41.85195988,-87.69953768,POINT (-87.699537676451 41.851959876509)
d23e154b5652841fc85b639d5ced4b5602a3b43bca65a740eedbaab3f92b5ad093ef2eca7a59cbbcc0d9118766ec64be0049101d3b494704eb7dfe5ccde0eb0d,JF185319,,3/24/2022 17:25,30,NO CONTROLS,NO CONTROLS,RAIN,DAYLIGHT,HEAD ON,ONE-WAY,,STRAIGHT AND LEVEL,WET,NO DEFECTS,ON SCENE,NO INJURY / DRIVE AWAY,,,Y,"$501 - $1,500",3/24/2022 17:28,DRIVING ON WRONG SIDE/WRONG WAY,DRIVING ON WRONG SIDE/WRONG WAY,2513,N,MEADE AVE,2512,,,,,,,2,NO INDICATION OF INJURY,0,0,0,0,0,2,0,17,5,3,41.9260543,-87.77807897,POINT (-87.778078964663 41.926054299284)
232dd8212c5a3406f5aa14ce871f4838ba4db746ec8c6e6564b1154b711455d6fce55353658734b7ffc413303de319aee47e7f0b2c05783b919ccdaed3deed4e,JF187432,,3/25/2022 15:58,35,TRAFFIC SIGNAL,FUNCTIONING PROPERLY,CLEAR,DAYLIGHT,REAR END,NOT DIVIDED,,STRAIGHT AND LEVEL,DRY,NO DEFECTS,NOT ON SCENE (DESK REPORT),NO INJURY / DRIVE AWAY,,,,"OVER $1,500",3/26/2022 16:25,DRIVING SKILLS/KNOWLEDGE/EXPERIENCE,NOT APPLICABLE,8600,S,PULASKI RD,834,,,,,,,2,NO INDICATION OF INJURY,0,0,0,0,0,2,0,15,6,3,41.73662828,-87.72164008,POINT (-87.721640082906 41.736628283167)
0eddbd25a3f4c49d1a815873cfcbdc7311d711960b76edff00f2f86763b50477c0e13f9d11b3b3fb47dcbe3a579c9b369a3877a9cdf95deb0cd059c8318ffad4,JF187286,,3/26/2022 13:15,30,STOP SIGN/FLASHER,FUNCTIONING PROPERLY,UNKNOWN,UNKNOWN,ANGLE,FOUR WAY,,STRAIGHT AND LEVEL,UNKNOWN,UNKNOWN,NOT ON SCENE (DESK REPORT),NO INJURY / DRIVE AWAY,Y,,Y,"OVER $1,500",3/26/2022 15:00,HAD BEEN DRINKING (USE WHEN ARREST IS NOT MADE),NOT APPLICABLE,7900,S,MICHIGAN AVE,623,,,,,,,2,NO INDICATION OF INJURY,0,0,0,0,0,2,0,13,7,3,41.75091397,-87.62152996,POINT (-87.621529963295 41.750913965595)
3ae1131b5d15e03b5ebc9506f163e67cc4e44bf3d72692d156404637389c5defa4e74f6208ae2c7afab7ce924252e9a481898b9e22e960037ff74b6e2c4effcb,JF187414,,3/26/2022 16:01,30,TRAFFIC SIGNAL,FUNCTIONING PROPERLY,CLEAR,DAYLIGHT,SIDESWIPE SAME DIRECTION,NOT DIVIDED,,STRAIGHT AND LEVEL,DRY,NO DEFECTS,ON SCENE,INJURY AND / OR TOW DUE TO CRASH,,,,"OVER $1,500",3/26/2022 16:05,IMPROPER OVERTAKING/PASSING,IMPROPER OVERTAKING/PASSING,8300,W,BELMONT AVE,1631,,,,,,,2,NONINCAPACITATING INJURY,1,0,0,1,0,1,0,16,7,3,41.9377027,-87.83369535,POINT (-87.833695353414 41.937702697054)
978eaff5489739d5f232d6a2a0bcd34f6cb03d166d98b0d9266cec52385a7c3b4bdfd6229e397d899be0b067cddaf6ad33b64d5d38c20f20437005425dc04f86,JF187552,,3/26/2022 17:29,30,NO CONTROLS,NO CONTROLS,CLOUDY/OVERCAST,DAYLIGHT,REAR TO FRONT,ONE-WAY,,STRAIGHT AND LEVEL,DRY,NO DEFECTS,NOT ON SCENE (DESK REPORT),NO INJURY / DRIVE AWAY,,,,"OVER $1,500",3/26/2022 18:30,IMPROPER BACKING,NOT APPLICABLE,1634,W,JUNEWAY TER,2422,,,,,,,2,NO INDICATION OF INJURY,0,0,0,0,0,2,0,17,7,3,42.02263415,-87.67193973,POINT (-87.67193973427 42.02263415406)
1a717f08946f17ab9612e51d8ded7aeceb536ef22caf86cd73d0a83cceaa509fc6f263e7b54050b5d748508b7e1afd43662960b8497bcdb61195d34c3025b718,JF186906,,3/26/2022 3:40,30,NO CONTROLS,NO CONTROLS,SNOW,"DARKNESS, LIGHTED ROAD",PARKED MOTOR VEHICLE,ONE-WAY,,STRAIGHT AND LEVEL,WET,UNKNOWN,NOT ON SCENE (DESK REPORT),NO INJURY / DRIVE AWAY,,,Y,"OVER $1,500",3/26/2022 4:00,UNABLE TO DETERMINE,UNABLE TO DETERMINE,7445,S,STATE ST,323,,,,,,,2,NO INDICATION OF INJURY,0,0,0,0,0,2,0,3,7,3,41.75872001,-87.62462454,POINT (-87.624624543653 41.758720013411)
3ffe2448b92f4219d90fc74bc45adf8ff739d7894d44d5baa5f160e9aa4475e18f5a3159915036998a6e271ad61782995490c9e3162aae6d2c25f399ec9e68d3,JF187651,,3/26/2022 19:45,30,NO CONTROLS,NO CONTROLS,CLEAR,"DARKNESS, LIGHTED ROAD",PARKED MOTOR VEHICLE,NOT DIVIDED,,STRAIGHT AND LEVEL,DRY,UNKNOWN,ON SCENE,NO INJURY / DRIVE AWAY,,,Y,"OVER $1,500",3/26/2022 19:45,UNABLE TO DETERMINE,UNABLE TO DETERMINE,1354,W,BRYN MAWR AVE,2013,N,,,,,,3,NO INDICATION OF INJURY,0,0,0,0,0,1,0,19,7,3,41.98366061,-87.66476342,POINT (-87.664763418674 41.983660613002)
692c1b81f1b8529b09fdbf5d623c81ac50f24fef7ff56f4fddffd397334937bb5e97ba1dfc5b15e887d8e24fd9cd604baecd80e8f6208667686b0f8f75974de0,JF183490,,3/23/2022 8:05,30,TRAFFIC SIGNAL,FUNCTIONING PROPERLY,CLOUDY/OVERCAST,DAYLIGHT,ANGLE,FOUR WAY,,STRAIGHT AND LEVEL,WET,NO DEFECTS,NOT ON SCENE (DESK REPORT),NO INJURY / DRIVE AWAY,Y,,Y,"OVER $1,500",3/23/2022 8:35,DISREGARDING TRAFFIC SIGNALS,UNABLE TO DETERMINE,2801,W,HARRISON ST,1135,,,,,,,2,NO INDICATION OF INJURY,0,0,0,0,0,2,0,8,4,3,41.87368289,-87.69622204,POINT (-87.696222042305 41.873682884646)
58ead42f016d9b50a51ced43a6feef4ec3a961ba4aa0f24b550e78b099b0d77a6eace724cf0a4ff1d22bdbe83d18a2d56cc66f5b2da4ab7ffff8a0afb57d1f5d,JF186105,,3/24/2022 22:00,30,UNKNOWN,NO CONTROLS,CLEAR,DARKNESS,OTHER OBJECT,NOT DIVIDED,,STRAIGHT AND LEVEL,DRY,UNKNOWN,NOT ON SCENE (DESK REPORT),NO INJURY / DRIVE AWAY,,,,$500 OR LESS,3/25/2022 12:22,NOT APPLICABLE,NOT APPLICABLE,4862,N,ASHLAND AVE,2032,,,,,,,1,NO INDICATION OF INJURY,0,0,0,0,0,1,0,22,5,3,41.97071834,-87.66963589,POINT (-87.669635887352 41.970718335567)
44f9b4787f56385cfd6046059a6cb8219a9f9d926e05c7b169bc4f5dd9c1c4664536ccb934979b74a725b656d29f6eeb472f399051e1f45736c5cd0571b4ddfb,JF186491,,3/25/2022 16:22,30,NO CONTROLS,NO CONTROLS,CLEAR,DAYLIGHT,SIDESWIPE SAME DIRECTION,ONE-WAY,,STRAIGHT AND LEVEL,DRY,NO DEFECTS,ON SCENE,INJURY AND / OR TOW DUE TO CRASH,,,,"OVER $1,500",3/25/2022 16:53,IMPROPER LANE USAGE,DISREGARDING ROAD MARKINGS,25,E,GRAND AVE,1834,,,,,,,2,NO INDICATION OF INJURY,0,0,0,0,0,2,0,16,6,3,41.8915781,-87.62695453,POINT (-87.626954526561 41.891578103978)
f2d058bc881698d1264f338d0b8759a1b694c3ba105a90bb77af3ab399fc7d82b93b2c0e2a486385c02c2d8dd38bc0bc6213881c8a0391d5b56ebcfda9f1370c,JF182456,,3/18/2022 18:00,30,TRAFFIC SIGNAL,UNKNOWN,CLEAR,DAYLIGHT,REAR END,FOUR WAY,,STRAIGHT AND LEVEL,UNKNOWN,UNKNOWN,NOT ON SCENE (DESK REPORT),NO INJURY / DRIVE AWAY,Y,,,"$501 - $1,500",3/22/2022 10:30,DRIVING SKILLS/KNOWLEDGE/EXPERIENCE,NOT APPLICABLE,2600,S,KEDVALE AVE,1031,,,,,,,2,NO INDICATION OF INJURY,0,0,0,0,0,2,0,18,6,3,41.84411037,-87.72834255,POINT (-87.728342550546 41.844110369173)
1411c0b6c60690fa87bd0dc6b62f7f004774a92e6bee45aafea4172c56308be9d3ee8079b59d451b8c5ca0c4de4bb7c1f19c2e134896f75a2fea810e587f3201,JF180428,,3/20/2022 14:33,30,STOP SIGN/FLASHER,OTHER,CLEAR,DAYLIGHT,PEDESTRIAN,DIVIDED - W/MEDIAN (NOT RAISED),,STRAIGHT AND LEVEL,DRY,NO DEFECTS,ON SCENE,INJURY AND / OR TOW DUE TO CRASH,,,,$500 OR LESS,3/20/2022 14:34,FAILING TO YIELD RIGHT-OF-WAY,NOT APPLICABLE,5254,N,ASHLAND AVE,2012,,,,,,,3,NONINCAPACITATING INJURY,2,0,0,2,0,1,0,14,1,3,41.97782533,-87.66980606,POINT (-87.669806055745 41.977825328683)
42db66906a7bdbfb2b7d068bccc033ce1d2ad0070f7a3fd30cf74622c21f0b50aafdf2e0707a47faee6d8bdbcbfe3553451c2814b9f1cce7fc7219bf77c1b37c,JF187223,Y,3/26/2022 12:20,30,STOP SIGN/FLASHER,UNKNOWN,CLEAR,DAYLIGHT,ANGLE,ONE-WAY,,STRAIGHT AND LEVEL,DRY,UNKNOWN,ON SCENE,NO INJURY / DRIVE AWAY,,,,"OVER $1,500",3/26/2022 12:28,DRIVING SKILLS/KNOWLEDGE/EXPERIENCE,DRIVING SKILLS/KNOWLEDGE/EXPERIENCE,2600,S,CHRISTIANA AVE,1032,,,,,,,2,NO INDICATION OF INJURY,0,0,0,0,0,2,0,12,7,3,41.844372,-87.70883138,POINT (-87.708831378391 41.844372003536)
6996e958ea181a1590766d4261efba43977369a871e8c57122b2a6179368bee698b8f7604c731bfb9ed3598da56e5509f16c0808a74cfd594e6cfebdea627914,JE201868,Y,4/17/2021 8:20,15,NO CONTROLS,NO CONTROLS,CLEAR,DAYLIGHT,REAR TO REAR,PARKING LOT,,STRAIGHT AND LEVEL,DRY,NO DEFECTS,,NO INJURY / DRIVE AWAY,,,,"OVER $1,500",4/17/2021 9:45,UNABLE TO DETERMINE,NOT APPLICABLE,3350,N,WESTERN AVE,1921,,,,,,,2,NO INDICATION OF INJURY,0,0,0,0,0,2,0,8,7,4,41.9427472,-87.68835432,POINT (-87.688354321496 41.942747195164)
76116f85342af43a2ef29c8db1dbf5f7c2a76940d0363eb20e44ddada48b30a5fb9c616961fe3a722a8d030b6973ec040b47dadc1377800aec628cdbd26d80e3,JE245402,,5/28/2021 5:33,30,NO CONTROLS,NO CONTROLS,RAIN,DAWN,REAR END,DIVIDED - W/MEDIAN BARRIER,,STRAIGHT ON GRADE,WET,NO DEFECTS,,INJURY AND / OR TOW DUE TO CRASH,,,,"OVER $1,500",5/28/2021 5:35,UNABLE TO DETERMINE,WEATHER,6731,S,CICERO AVE,833,,,,,,,2,NONINCAPACITATING INJURY,1,0,0,1,0,1,0,5,6,5,41.77024265,-87.74188391,POINT (-87.741883911686 41.770242651018)
763ef2cdafc656904c1552dcd21606d648050b1a9844d4627d47472cd123f6075b4896f208add96545a3659b8bda029ddca5bfde31394bfec555f19d4d048620,JC532618,,12/3/2019 7:30,30,TRAFFIC SIGNAL,FUNCTIONING PROPERLY,CLEAR,DAYLIGHT,SIDESWIPE SAME DIRECTION,NOT DIVIDED,,STRAIGHT AND LEVEL,UNKNOWN,NO DEFECTS,,NO INJURY / DRIVE AWAY,,,,$500 OR LESS,12/3/2019 8:06,UNABLE TO DETERMINE,UNABLE TO DETERMINE,1530,W,111TH ST,2234,,,,,,,2,NO INDICATION OF INJURY,0,0,0,0,0,2,0,7,3,12,41.69223013,-87.66156571,POINT (-87.661565707968 41.692230131849)
7646d7c070e4ede7493f4fd930003b31b48979a561637252055813f1939f72ee657adbbd7e99674a4f647616cb2b9a33c3b4e7b306a4b4422bceb467c1c25def,JD335586,,8/17/2020 12:10,35,NO CONTROLS,NO CONTROLS,CLEAR,DAYLIGHT,ANGLE,DIVIDED - W/MEDIAN (NOT RAISED),,STRAIGHT AND LEVEL,DRY,NO DEFECTS,,NO INJURY / DRIVE AWAY,,,,"OVER $1,500",8/17/2020 14:00,FAILING TO YIELD RIGHT-OF-WAY,UNABLE TO DETERMINE,7900,S,EBERHART AVE,624,,,,,,,2,NO INDICATION OF INJURY,0,0,0,0,0,2,0,12,2,8,41.75106607,-87.61264685,POINT (-87.612646846049 41.751066067075)
37f9b686a38ecb74afcb99098279dfce20fa1073c782d600cdc496612d15a102d7071ec7d1746345117eefcfe9c99426109a3ad562a599a10e2c710f3dd8671b,JF184935,,3/24/2022 12:15,30,NO CONTROLS,NO CONTROLS,CLEAR,DAYLIGHT,ANGLE,OTHER,,STRAIGHT AND LEVEL,DRY,NO DEFECTS,NOT ON SCENE (DESK REPORT),NO INJURY / DRIVE AWAY,,,,"OVER $1,500",3/24/2022 13:00,NOT APPLICABLE,UNABLE TO DETERMINE,5001,N,KEDZIE AVE,1713,,,,,,,2,NO INDICATION OF INJURY,0,0,0,0,0,2,0,12,5,3,41.97218434,-87.70843537,POINT (-87.708435369745 41.972184336677)
20d875401bc1224c83861b4a6f10ede69897e4e2abf6a4b461cc4bbaa5df2d0af8fe05d9ea9e239ff516500d59723c095c93f0610116bc3206cba12f475dec51,JF186639,,3/25/2022 19:00,30,STOP SIGN/FLASHER,FUNCTIONING PROPERLY,CLEAR,"DARKNESS, LIGHTED ROAD",ANGLE,FOUR WAY,,STRAIGHT AND LEVEL,DRY,NO DEFECTS,ON SCENE,INJURY AND / OR TOW DUE TO CRASH,Y,,,"OVER $1,500",3/25/2022 19:04,FAILING TO REDUCE SPEED TO AVOID CRASH,NOT APPLICABLE,3400,N,MENARD AVE,1633,,,,,,,2,"REPORTED, NOT EVIDENT",1,0,0,0,1,1,0,19,6,3,41.94221147,-87.77164202,POINT (-87.771642023218 41.942211473831)
5f36fec62181189d625021027a91eb97f074f6ab93a4fcf92c08ccc67c6ae8166d25c7d158c3b227f010fb3a822eb0d418d4814525e9a0e32f4d74e8000eb191,JF186039,,3/25/2022 9:35,35,YIELD,OTHER,CLOUDY/OVERCAST,DAYLIGHT,TURNING,FOUR WAY,,STRAIGHT AND LEVEL,DRY,NO DEFECTS,ON SCENE,NO INJURY / DRIVE AWAY,,,Y,"OVER $1,500",3/25/2022 11:25,FAILING TO YIELD RIGHT-OF-WAY,UNABLE TO DETERMINE,1751,S,RUBLE ST,1235,,,,,,,2,NO INDICATION OF INJURY,0,0,0,0,0,3,0,9,6,3,41.85760471,-87.643636,POINT (-87.643635996318 41.857604709783)
109521b3e2b0017b1f3298b8f842a886b3e1c5ae09726a8593accfd874c0c55598aef4ebb07bc40a92db99f2fc11f054edbcc383e20356887eda6a8c5e8d35b1,JF187046,,3/26/2022 8:00,15,NO CONTROLS,NO CONTROLS,CLEAR,DAYLIGHT,ANGLE,ALLEY,,STRAIGHT AND LEVEL,DRY,NO DEFECTS,NOT ON SCENE (DESK REPORT),NO INJURY / DRIVE AWAY,,,,"OVER $1,500",3/26/2022 9:15,FAILING TO YIELD RIGHT-OF-WAY,NOT APPLICABLE,6028,W,GRACE ST,1633,,,,,,,2,NO INDICATION OF INJURY,0,0,0,0,0,2,0,8,7,3,41.94950742,-87.77782638,POINT (-87.777826378678 41.9495074162)
1c923ededcbe66df3cf1f01ef79b0d127ac027745b6822a23bdd6944ca57164c6c690f65ca83da0990f0dfc65532d7c8d314f5fe83791e583cd8168976b5943e,JF186853,,3/26/2022 1:45,30,NO CONTROLS,NO CONTROLS,SLEET/HAIL,DARKNESS,REAR TO FRONT,NOT DIVIDED,,STRAIGHT AND LEVEL,WET,NO DEFECTS,ON SCENE,INJURY AND / OR TOW DUE TO CRASH,,,,"OVER $1,500",3/26/2022 1:51,UNABLE TO DETERMINE,UNABLE TO DETERMINE,1301,S,KEELER AVE,1011,,,,,,,2,NO INDICATION OF INJURY,0,0,0,0,0,4,0,1,7,3,41.86418613,-87.72985761,POINT (-87.72985760471 41.864186128518)
4f4d33674791db2089833d50fc3538a30da8bbe05d6c50c2842da64c72a55089a5cf4c7dcfcd9f25fb592fd9856b5466f8d28bacce96733081f6cdbb0bbe77aa,JF187364,,3/26/2022 14:10,30,NO CONTROLS,NO CONTROLS,CLEAR,DAYLIGHT,SIDESWIPE OPPOSITE DIRECTION,OTHER,,STRAIGHT AND LEVEL,DRY,NO DEFECTS,NOT ON SCENE (DESK REPORT),NO INJURY / DRIVE AWAY,,Y,,"$501 - $1,500",3/26/2022 14:30,FAILING TO YIELD RIGHT-OF-WAY,NOT APPLICABLE,5201,W,ADDISON ST,1634,,,,,,,2,NO INDICATION OF INJURY,0,0,0,0,0,3,0,14,7,3,41.94588918,-87.75704112,POINT (-87.757041123001 41.945889175533)
7010dc47b8ab92d6e562e99d0aee6b85f115c33eccd48f280b3cc7a738786923dbb253893fb8af339fe5ca7ee416507c2a96661ea1150aa895902ee8075b9c2c,JF186975,,3/26/2022 6:10,30,TRAFFIC SIGNAL,FUNCTIONING PROPERLY,SNOW,"DARKNESS, LIGHTED ROAD",TURNING,ONE-WAY,,STRAIGHT AND LEVEL,WET,NO DEFECTS,ON SCENE,NO INJURY / DRIVE AWAY,Y,,Y,"OVER $1,500",3/26/2022 6:44,UNABLE TO DETERMINE,NOT APPLICABLE,3758,W,CONGRESS PKWY,1133,,,,,,,2,NO INDICATION OF INJURY,0,0,0,0,0,2,0,6,7,3,41.87455027,-87.72036792,POINT (-87.720367918922 41.874550270876)
0e9b9b6b211760e1548b0a3d47e48157a59952b3dd9b194528be7a55582799696410b5db363d5718ac2e4782cd78710f5f425fb109d7868f82d8613287770f8c,JF186312,,3/25/2022 14:32,25,NO CONTROLS,NO CONTROLS,CLEAR,DAYLIGHT,SIDESWIPE SAME DIRECTION,DIVIDED - W/MEDIAN (NOT RAISED),,STRAIGHT AND LEVEL,DRY,NO DEFECTS,ON SCENE,NO INJURY / DRIVE AWAY,,,Y,$500 OR LESS,3/25/2022 14:46,FAILING TO YIELD RIGHT-OF-WAY,NOT APPLICABLE,2740,W,CERMAK RD,1023,,,,,,,2,NO INDICATION OF INJURY,0,0,0,0,0,2,0,14,6,3,41.85202311,-87.69461604,POINT (-87.694616039527 41.852023111784)
b945429ec3213ecfa3a0e65b88e6871aa47209aa50c4a517ae84cb1df0b4d9e837858616a127ca4d0cdfc3665a261d053b8310114414bb81055516c4c10ce242,JF187411,,3/21/2022 16:00,30,TRAFFIC SIGNAL,FUNCTIONING PROPERLY,UNKNOWN,DAYLIGHT,SIDESWIPE SAME DIRECTION,DIVIDED - W/MEDIAN (NOT RAISED),,STRAIGHT AND LEVEL,UNKNOWN,UNKNOWN,NOT ON SCENE (DESK REPORT),NO INJURY / DRIVE AWAY,,,,"OVER $1,500",3/26/2022 16:00,HAD BEEN DRINKING (USE WHEN ARREST IS NOT MADE),UNABLE TO DETERMINE,5554,W,ADDISON ST,1633,,,,,,,2,NO INDICATION OF INJURY,0,0,0,0,0,2,0,16,2,3,41.94598885,-87.76653925,POINT (-87.766539247668 41.945988848057)
17f2156ce53bc8da665d92ba7bd0950bb8fbb6c5018a013aa26feb16ce098128fc2146dfdbb4b72ea9c7fbe4162a79dc5420bb78b7b4a0306595e588820eb773,JF187295,,3/25/2022 0:45,35,TRAFFIC SIGNAL,FUNCTIONING PROPERLY,CLEAR,"DARKNESS, LIGHTED ROAD",REAR END,NOT DIVIDED,,STRAIGHT AND LEVEL,DRY,NO DEFECTS,NOT ON SCENE (DESK REPORT),NO INJURY / DRIVE AWAY,,,Y,"OVER $1,500",3/26/2022 14:00,UNABLE TO DETERMINE,NOT APPLICABLE,3200,W,55TH ST,822,,,,,,,2,NO INDICATION OF INJURY,0,0,0,0,0,2,0,0,6,3,41.7936228,-87.70361814,POINT (-87.70361814062 41.7936228033)
5b7ab64b504bc700ac57e51e4b9a9dc8fc8d7370fc3dc946459475ce5d9f5c301675340097df5bd4aa9e6040822c816a1b752d9c54c0a15079913378a2f98463,JF187486,,3/26/2022 16:50,30,NO CONTROLS,NO CONTROLS,CLOUDY/OVERCAST,DAYLIGHT,SIDESWIPE SAME DIRECTION,NOT DIVIDED,,STRAIGHT AND LEVEL,DRY,NO DEFECTS,NOT ON SCENE (DESK REPORT),NO INJURY / DRIVE AWAY,,,,$500 OR LESS,3/26/2022 17:00,UNABLE TO DETERMINE,NOT APPLICABLE,306,S,LARAMIE AVE,1522,,,,,,,2,NO INDICATION OF INJURY,0,0,0,0,0,2,0,16,7,3,41.87640667,-87.75506646,POINT (-87.755066462811 41.876406665125)
5d27282db95539f167eb2457054c4861f147550dc80539620e2bb59649e13e47d8ab2ce3a696be3c8b170339f3791eb101a8a98f1a93a612be534abb604591cf,JF187713,,3/26/2022 22:49,30,NO CONTROLS,NO CONTROLS,CLEAR,DUSK,PARKED MOTOR VEHICLE,PARKING LOT,,STRAIGHT AND LEVEL,DRY,NO DEFECTS,ON SCENE,NO INJURY / DRIVE AWAY,,,Y,"$501 - $1,500",3/26/2022 22:58,IMPROPER BACKING,NOT APPLICABLE,5959,W,BELMONT AVE,2514,,,,,,,2,NO INDICATION OF INJURY,0,0,0,0,0,1,0,22,7,3,41.93833921,-87.77615139,POINT (-87.776151386897 41.938339211916)
866ae1e1dcf23cc64068502a1e18599e5b92b313ea198c9e95c6b0390ee7c28071739554b05008b024af40a3de8980969a0ea17e34def5ab17a66be250387682,JF187386,,3/26/2022 13:55,30,NO CONTROLS,NO CONTROLS,CLEAR,DAYLIGHT,SIDESWIPE SAME DIRECTION,NOT DIVIDED,,STRAIGHT AND LEVEL,DRY,NO DEFECTS,NOT ON SCENE (DESK REPORT),NO INJURY / DRIVE AWAY,,,,"OVER $1,500",3/26/2022 15:40,UNABLE TO DETERMINE,NOT APPLICABLE,3571,W,ARMITAGE AVE,1422,,,,,,,2,NO INDICATION OF INJURY,0,0,0,0,0,2,0,13,7,3,41.91717778,-87.71632463,POINT (-87.716324626203 41.917177779704)