CRASH_RECORD_ID,RD_NO,CRASH_DATE_EST_I,CRASH_DATE,POSTED_SPEED_LIMIT,TRAFFIC_CONTROL_DEVICE,DEVICE_CONDITION,WEATHER_CONDITION,LIGHTING_CONDITION,FIRST_CRASH_TYPE,TRAFFICWAY_TYPE,LANE_CNT,ALIGNMENT,ROADWAY_SURFACE_COND,ROAD_DEFECT,REPORT_TYPE,CRASH_TYPE,INTERSECTION_RELATED_I,NOT_RIGHT_OF_WAY_I,HIT_AND_RUN_I,DAMAGE,DATE_POLICE_NOTIFIED,PRIM_CONTRIBUTORY_CAUSE,SEC_CONTRIBUTORY_CAUSE,STREET_NO,STREET_DIRECTION,STREET_NAME,BEAT_OF_OCCURRENCE,PHOTOS_TAKEN_I,STATEMENTS_TAKEN_I,DOORING_I,WORK_ZONE_I,WORK_ZONE_TYPE,WORKERS_PRESENT_I,NUM_UNITS,MOST_SEVERE_INJURY,INJURIES_TOTAL,INJURIES_FATAL,INJURIES_INCAPACITATING,INJURIES_NON_INCAPACITATING,INJURIES_REPORTED_NOT_EVIDENT,INJURIES_NO_INDICATION,INJURIES_UNKNOWN,CRASH_HOUR,CRASH_DAY_OF_WEEK,CRASH_MONTH,LATITUDE,LONGITUDE,LOCATION
a2a03a23336d035b5269c7a71ae604698cd92a672ec43960536a268f8c0747eb68db320e4ba66d32fedf47c9a67bd7804d95c1318476839772431688ac5c4748,JF187213,,3/26/2022 10:45,15,NO CONTROLS,NO CONTROLS,CLEAR,DAYLIGHT,PARKED MOTOR VEHICLE,PARKING LOT,,STRAIGHT AND LEVEL,DRY,NO DEFECTS,NOT ON SCENE (DESK REPORT),NO INJURY / DRIVE AWAY,,Y,,$500 OR LESS,3/26/2022 12:30,UNABLE TO DETERMINE,NOT APPLICABLE,2600,W,ADDISON ST,1921,,,,,,,2,NO INDICATION OF INJURY,0,0,0,0,0,2,0,10,7,3,41.94682488,-87.69321291,POINT (-87.693212912693 41.946824879097)
484462f6c89959df1d130a58180292b855e24f5e21aab5ba7d7a86a9d5499dd21b0524e8736799b3b276c6d50baf4e75254cfcf08e5161c3135d3c82153d5999,JF187007,,3/24/2022 7:30,30,NO CONTROLS,NO CONTROLS,CLEAR,DAYLIGHT,TURNING,DIVIDED - W/MEDIAN (NOT RAISED),,STRAIGHT AND LEVEL,UNKNOWN,UNKNOWN,NOT ON SCENE (DESK REPORT),NO INJURY / DRIVE AWAY,,,Y,"OVER $1,500",3/26/2022 8:00,FAILING TO YIELD RIGHT-OF-WAY,NOT APPLICABLE,4838,W,BELMONT AVE,1634,,,,,,,2,NO INDICATION OF INJURY,0,0,0,0,0,2,0,7,5,3,41.93891602,-87.74845337,POINT (-87.748453367539 41.938916023035)
1a129b379750361db6640ca0e4663d297491f8b0660f20db3a52b46399e1cc7eea03b4ecad6e6773446ab861eb8d0b1d2f465ec250fcc37d603723757f465db5,JF186734,,3/25/2022 21:49,30,NO CONTROLS,NO CONTROLS,CLEAR,"DARKNESS, LIGHTED ROAD",FIXED OBJECT,NOT DIVIDED,,STRAIGHT AND LEVEL,DRY,"RUT, HOLES",ON SCENE,INJURY AND / OR TOW DUE TO CRASH,,,,"OVER $1,500",3/25/2022 22:00,PHYSICAL CONDITION OF DRIVER,UNABLE TO DETERMINE,2800,S,HALSTED ST,913,,,,,,,1,NO INDICATION OF INJURY,0,0,0,0,0,1,0,21,6,3,41.843415,-87.64655667,POINT (-87.646556671363 41.843414996486)
4c3aeaee58f6ba95a88b63106ac3c567ae3c344955f03a7cf007a059f6d460567245bf19c703c1b7b33c8c8a9d5e5cf17a83435d9119fc6a4299fd54bee84b38,JF187317,,3/26/2022 12:10,30,UNKNOWN,UNKNOWN,CLOUDY/OVERCAST,DAYLIGHT,SIDESWIPE SAME DIRECTION,DIVIDED - W/MEDIAN (NOT RAISED),,STRAIGHT AND LEVEL,UNKNOWN,UNKNOWN,NOT ON SCENE (DESK REPORT),NO INJURY / DRIVE AWAY,,,,"$501 - $1,500",3/26/2022 14:25,UNABLE TO DETERMINE,NOT APPLICABLE,7555,N,WESTERN AVE,2411,,,,,,,2,NO INDICATION OF INJURY,0,0,0,0,0,2,0,12,7,3,42.0190689,-87.69003206,POINT (-87.690032056932 42.019068899467)
9edabf6cb8e9a185a4658f28ca03cf6a65da11db5ad3f1453c06441b52f826bf9e2c6c3c94f4e12fa543c47a4057692b395a0e96432acf2205817e5d4c0155af,JF186954,,3/26/2022 4:57,30,NO CONTROLS,NO CONTROLS,SNOW,"DARKNESS, LIGHTED ROAD",PARKED MOTOR VEHICLE,NOT DIVIDED,,STRAIGHT AND LEVEL,WET,NO DEFECTS,ON SCENE,NO INJURY / DRIVE AWAY,,,Y,"OVER $1,500",3/26/2022 6:47,UNABLE TO DETERMINE,UNABLE TO DETERMINE,5009,W,45TH ST,814,,,,,,,2,NO INDICATION OF INJURY,0,0,0,0,0,1,0,4,7,3,41.81109504,-87.74857209,POINT (-87.748572093795 41.811095043717)
a05cb629a5a15e4dad95b29110759927beb1efabd28d82c48e54370656cfdcccce1cf4280ce8d1d57b01813286aac0ec168435936f1b911f35cfdf0b0e4b276c,JF187467,,3/26/2022 16:40,30,NO CONTROLS,NO CONTROLS,CLEAR,DAYLIGHT,PARKED MOTOR VEHICLE,ONE-WAY,,STRAIGHT AND LEVEL,DRY,NO DEFECTS,ON SCENE,INJURY AND / OR TOW DUE TO CRASH,,,Y,"OVER $1,500",3/26/2022 16:55,IMPROPER LANE USAGE,NOT APPLICABLE,6230,S,MAPLEWOOD AVE,825,,,,,,,4,NO INDICATION OF INJURY,0,0,0,0,0,1,0,16,7,3,41.78008668,-87.68747599,POINT (-87.687475992315 41.780086684031)
bc65397a1063ddee868e168f951b7b59368e165ff1b2310267a8713af3db83f720f73c874c7840038db487aeb2d65e11e8f2f70acc572125fb9781e92b783579,JF187288,,3/26/2022 12:50,30,TRAFFIC SIGNAL,FUNCTIONING PROPERLY,CLEAR,DAYLIGHT,ANGLE,FOUR WAY,,STRAIGHT AND LEVEL,DRY,NO DEFECTS,NOT ON SCENE (DESK REPORT),NO INJURY / DRIVE AWAY,Y,,,"$501 - $1,500",3/26/2022 12:51,FAILING TO YIELD RIGHT-OF-WAY,NOT APPLICABLE,9500,S,VINCENNES AVE,2213,,,,,,,2,NO INDICATION OF INJURY,0,0,0,0,0,2,0,12,7,3,41.72134589,-87.65079633,POINT (-87.650796333578 41.721345885031)
1d75af19d70375cdf6aa9e5eab3d68e5e78816500b5e97990b9a3e589680f4de7178ed9ad7f5cf551f59414937d7ad50bc644f336b0b95214174b4861f0440e4,JF186162,,3/17/2022 14:00,30,STOP SIGN/FLASHER,WORN REFLECTIVE MATERIAL,CLEAR,DAYLIGHT,REAR END,DIVIDED - W/MEDIAN (NOT RAISED),,STRAIGHT AND LEVEL,DRY,NO DEFECTS,NOT ON SCENE (DESK REPORT),NO INJURY / DRIVE AWAY,,,,"$501 - $1,500",3/25/2022 12:20,UNABLE TO DETERMINE,UNABLE TO DETERMINE,340,N,DEARBORN ST,1831,,,,,,,2,NO INDICATION OF INJURY,0,0,0,0,0,2,0,14,5,3,41.88863264,-87.62971277,POINT (-87.629712764887 41.888632642298)
f2da5bd1e0b8b09628da34b69676e192c0596eefead5873b5d6543d533c6d454ac08bd24e6cae6d9a83c4e535576a301ae88c28e4edb1e4aa22627a710110c67,JF183310,,3/22/2022 23:30,35,TRAFFIC SIGNAL,FUNCTIONING PROPERLY,RAIN,"DARKNESS, LIGHTED ROAD",REAR END,ONE-WAY,,STRAIGHT AND LEVEL,WET,UNKNOWN,ON SCENE,INJURY AND / OR TOW DUE TO CRASH,,,Y,"OVER $1,500",3/22/2022 23:32,UNABLE TO DETERMINE,NOT APPLICABLE,93,N,BESSIE COLEMAN DR,1654,,,,,,,2,NONINCAPACITATING INJURY,1,0,0,1,0,1,0,23,3,3,,,
69c2a6518a1d36a56926adbfa4fcb8ff3aec468cd8f01adc78b251b234688f3fa5979a3166a1635310c286f688d7e4cb0745acbd009a5d905e23416584cf601f,JF187745,,3/26/2022 23:08,30,NO CONTROLS,NO CONTROLS,CLEAR,"DARKNESS, LIGHTED ROAD",FIXED OBJECT,PARKING LOT,,STRAIGHT AND LEVEL,DRY,NO DEFECTS,NOT ON SCENE (DESK REPORT),INJURY AND / OR TOW DUE TO CRASH,,,,"OVER $1,500",3/26/2022 23:40,UNABLE TO DETERMINE,DRIVING SKILLS/KNOWLEDGE/EXPERIENCE,3343,W,ADDISON ST,1733,,,,,,,1,NONINCAPACITATING INJURY,1,0,0,1,0,0,0,23,7,3,41.9464678,-87.7120241,POINT (-87.712024097067 41.946467795996)
82d02ed2a30f0011453f17fdbc22b3f27b6d2aefff209bcbb9a1ea625f0e81d63fc242b4de1395aca5c4d8c22060445c36729cffbc26bab33749ffb4b4aabeba,JF187631,,3/26/2022 18:00,30,NO CONTROLS,FUNCTIONING PROPERLY,CLEAR,DAYLIGHT,PARKED MOTOR VEHICLE,NOT DIVIDED,,STRAIGHT AND LEVEL,DRY,UNKNOWN,NOT ON SCENE (DESK REPORT),NO INJURY / DRIVE AWAY,,,,"$501 - $1,500",3/26/2022 20:18,UNABLE TO DETERMINE,UNABLE TO DETERMINE,5200,S,WOODLAWN AVE,233,,,,,,,2,NO INDICATION OF INJURY,0,0,0,0,0,1,0,18,7,3,41.80084776,-87.59682187,POINT (-87.596821865163 41.800847762755)
9391d59f70c871262a053fdc23efa0747740fb709821efb90a5c4b10b355db7a167479aed6e18dab4ec5fdef7267cf46da5a531c013182b5806958ae780714d0,JF187515,,3/26/2022 17:30,10,OTHER,OTHER,CLEAR,DAYLIGHT,ANGLE,OTHER,,STRAIGHT AND LEVEL,DRY,NO DEFECTS,NOT ON SCENE (DESK REPORT),NO INJURY / DRIVE AWAY,,,,"OVER $1,500",3/26/2022 17:56,NOT APPLICABLE,NOT APPLICABLE,1158,S,DELANO CT W,123,,,,,,,2,NO INDICATION OF INJURY,0,0,0,0,0,2,0,17,7,3,41.86737187,-87.63251992,POINT (-87.632519916312 41.867371872086)
aabeebbed5cc54f47b0a58ae34ee590b53ab9f621dcc55034391d8f7d8b8f50386c9024153b263e3bc98b9ac6015b93daae2ee5264b542c67b43700f2b6f6ab5,JF187258,,3/26/2022 12:00,30,NO CONTROLS,NO CONTROLS,CLEAR,DAYLIGHT,PARKED MOTOR VEHICLE,NOT DIVIDED,,STRAIGHT AND LEVEL,DRY,NO DEFECTS,NOT ON SCENE (DESK REPORT),NO INJURY / DRIVE AWAY,,,Y,"$501 - $1,500",3/26/2022 13:20,UNABLE TO DETERMINE,UNABLE TO DETERMINE,3514,N,LINCOLN AVE,1922,,,,,,,2,NO INDICATION OF INJURY,0,0,0,0,0,1,0,12,7,3,41.94553305,-87.67291707,POINT (-87.672917071157 41.945533052881)
b2a3d7641f1d1ebdd2cccfc40e9573c12498497101f3dc7f2dc9cd5d48606b4e8c9e795db3e0d2b30b2591ebdf403e9374dac3870ff4dfb3713e61c5fb66b5e1,JF187257,,3/26/2022 13:00,30,UNKNOWN,UNKNOWN,CLEAR,DAYLIGHT,REAR END,DIVIDED - W/MEDIAN (NOT RAISED),,STRAIGHT AND LEVEL,DRY,UNKNOWN,NOT ON SCENE (DESK REPORT),NO INJURY / DRIVE AWAY,,,,"$501 - $1,500",3/26/2022 13:28,UNABLE TO DETERMINE,UNABLE TO DETERMINE,2400,W,AINSLIE ST,2031,,,,,,,2,NO INDICATION OF INJURY,0,0,0,0,0,2,0,13,7,3,41.97052061,-87.68900166,POINT (-87.689001662761 41.970520611604)
4204c1946869f2c18c820675992d794029b7b39c4d000d80d70ef3af8cd480bcbb99d5f850fcf521a5e9769d2e24d3b3c14a5b71bcc62cd1e880d821d5510633,JF183354,,3/23/2022 1:30,25,STOP SIGN/FLASHER,FUNCTIONING PROPERLY,RAIN,"DARKNESS, LIGHTED ROAD",TURNING,NOT DIVIDED,,STRAIGHT AND LEVEL,WET,NO DEFECTS,ON SCENE,NO INJURY / DRIVE AWAY,,Y,,"$501 - $1,500",3/23/2022 1:35,IMPROPER TURNING/NO SIGNAL,NOT APPLICABLE,1,W,PARKING LOT E ST,1654,,,,,,,2,NO INDICATION OF INJURY,0,0,0,0,0,2,0,1,4,3,,,
394bf96aafab0774d6a2f6a3965eb0540562412775e8c2d889aa738b011f1ecd1ff48eaaae1df0414bb3ccefd0fc1cbe81eae193e43ff17622d2a28d9283c487,JF186106,,3/25/2022 9:40,10,NO CONTROLS,NO CONTROLS,CLEAR,DAYLIGHT,PARKED MOTOR VEHICLE,NOT DIVIDED,,STRAIGHT AND LEVEL,DRY,NO DEFECTS,NOT ON SCENE (DESK REPORT),NO INJURY / DRIVE AWAY,,,Y,"OVER $1,500",3/25/2022 12:11,IMPROPER BACKING,NOT APPLICABLE,4500,W,45TH ST,815,,,,,,,2,NO INDICATION OF INJURY,0,0,0,0,0,1,0,9,6,3,,,
1580562e417b27087deec78eb206393029aceda0bdec76680959f1f46cb0b1bc75250e61070e3f86d9a5a0979a566b366df94b4d1cac3a2690b1e0d1b5fd2ee2,JF187252,,3/26/2022 12:00,30,NO CONTROLS,NO CONTROLS,UNKNOWN,DAYLIGHT,PARKED MOTOR VEHICLE,PARKING LOT,,STRAIGHT AND LEVEL,UNKNOWN,UNKNOWN,NOT ON SCENE (DESK REPORT),NO INJURY / DRIVE AWAY,,Y,Y,"OVER $1,500",3/26/2022 13:30,UNABLE TO DETERMINE,NOT APPLICABLE,7624,S,HALSTED ST,621,,,,,,,2,NO INDICATION OF INJURY,0,0,0,0,0,1,0,12,7,3,41.75531918,-87.64430934,POINT (-87.644309342956 41.755319177209)
4f17645538254ea548a9010c0666c9e523db2d510651ef8825d57b25c4a3999cd05e7daaa7d8d86dbcfa8e59291490a1064b2fc60ba46a0a6d75ff51dc8e8ee9,,,3/27/2022 1:07,30,TRAFFIC SIGNAL,FUNCTIONING PROPERLY,CLEAR,"DARKNESS, LIGHTED ROAD",ANGLE,FOUR WAY,,STRAIGHT AND LEVEL,DRY,UNKNOWN,ON SCENE,INJURY AND / OR TOW DUE TO CRASH,Y,,Y,"OVER $1,500",3/27/2022 1:08,DISREGARDING TRAFFIC SIGNALS,FAILING TO YIELD RIGHT-OF-WAY,39,W,WACKER DR,111,,,,,,,2,INCAPACITATING INJURY,3,0,1,2,0,3,0,1,1,3,41.88670889,-87.62945025,POINT (-87.629450249338 41.886708887224)
ef7c598fd063fd2fdbc5aae9a3b8fbbd02b622b186cc0d02d1285b1df27bae3da0831e80a842cb0e4c59c0eaf422091dac205e7b5991e481da133973d967004c,,,3/27/2022 2:03,30,UNKNOWN,UNKNOWN,CLEAR,UNKNOWN,FIXED OBJECT,UNKNOWN,,STRAIGHT AND LEVEL,DRY,UNKNOWN,ON SCENE,NO INJURY / DRIVE AWAY,,,Y,"OVER $1,500",3/27/2022 2:03,UNABLE TO DETERMINE,UNABLE TO DETERMINE,4119,W,VAN BUREN ST,1132,,,,,,,1,NO INDICATION OF INJURY,0,0,0,0,0,1,0,2,1,3,41.87511636,-87.72874036,POINT (-87.728740359727 41.875116359207)
7b87120fba4374e41906f104e90e38bf01a464ce1cc7306103162e748bc333e8f7226cb8f104981a22e30a005ee9a96ae2c6e02f76a1dbee36c59967a291fdb6,JF187482,,3/26/2022 13:25,30,NO CONTROLS,NO CONTROLS,CLEAR,DAYLIGHT,PARKED MOTOR VEHICLE,PARKING LOT,,STRAIGHT AND LEVEL,DRY,NO DEFECTS,NOT ON SCENE (DESK REPORT),NO INJURY / DRIVE AWAY,,,Y,"$501 - $1,500",3/26/2022 17:19,UNDER THE INFLUENCE OF ALCOHOL/DRUGS (USE WHEN ARREST IS EFFECTED),NOT APPLICABLE,758,W,117TH ST,524,,,,,,,2,NO INDICATION OF INJURY,0,0,0,0,0,1,0,13,7,3,41.68194036,-87.64195936,POINT (-87.641959362902 41.681940360159)
a20206b6392d0464f630e800c3d1fd6ef767edfa255f96bfccca91b4f50632df21723151ce3cc8eaebe5b18f6dfe564ca90c3197e23996e4a5072f5c4d738505,JF187181,,3/26/2022 11:30,30,NO CONTROLS,NO CONTROLS,SNOW,DAYLIGHT,SIDESWIPE SAME DIRECTION,NOT DIVIDED,,STRAIGHT AND LEVEL,WET,NO DEFECTS,NOT ON SCENE (DESK REPORT),NO INJURY / DRIVE AWAY,,,,"$501 - $1,500",3/26/2022 11:55,FAILING TO YIELD RIGHT-OF-WAY,UNABLE TO DETERMINE,7854,S,RACINE AVE,612,,,,,,,2,NO INDICATION OF INJURY,0,0,0,0,0,3,0,11,7,3,41.75066586,-87.65388865,POINT (-87.653888646824 41.750665861314)
dd2eef0893ff7262c127cde457c974818c7cc39cbc28ba8b89639a929c8669131c72597bdcd75d87e22f7fdf8aa3d948d5fe4deb8b19f44926d54731b4a15ecb,JF187618,,3/26/2022 19:35,25,NO CONTROLS,NO CONTROLS,CLEAR,"DARKNESS, LIGHTED ROAD",PARKED MOTOR VEHICLE,NOT DIVIDED,,STRAIGHT AND LEVEL,DRY,NO DEFECTS,ON SCENE,INJURY AND / OR TOW DUE TO CRASH,,,,"OVER $1,500",3/26/2022 19:35,DISTRACTION - FROM OUTSIDE VEHICLE,NOT APPLICABLE,4807,W,ARTHINGTON ST,1533,,,,,,,2,INCAPACITATING INJURY,1,0,1,0,0,1,0,19,7,3,41.86924425,-87.7451954,POINT (-87.745195402192 41.869244254085)
6efa925c69c57e4e5a7577d6fd3fbd9f2b0abd53d8412e8690633265307eb5a8100316c22c0545fb6279207adb12349b75cc34c2a37c08a55d9b2347b2d248cb,JD119762,,1/17/2020 10:38,30,TRAFFIC SIGNAL,FUNCTIONING PROPERLY,SNOW,"DARKNESS, LIGHTED ROAD",TURNING,NOT DIVIDED,,STRAIGHT AND LEVEL,SNOW OR SLUSH,NO DEFECTS,,INJURY AND / OR TOW DUE TO CRASH,Y,,,"OVER $1,500",1/17/2020 22:39,DISREGARDING OTHER TRAFFIC SIGNS,FAILING TO REDUCE SPEED TO AVOID CRASH,4799,W,MONTROSE AVE,1722,,,,,,,2,NO INDICATION OF INJURY,0,0,0,0,0,4,0,10,6,1,41.96061348,-87.74747997,POINT (-87.747479964722 41.960613478733)
6f0cbc474c6d5a48c818d189f2c7b9fdcc277b6c09da1f2ccbeb92d8b95313833766d2ba997c390aa37276d129443dea1b60bebeeff1ca7fe722c5aefbb17301,JC564602,,12/29/2019 20:15,30,NO CONTROLS,NO CONTROLS,RAIN,"DARKNESS, LIGHTED ROAD",PEDESTRIAN,DIVIDED - W/MEDIAN (NOT RAISED),,STRAIGHT AND LEVEL,WET,NO DEFECTS,,INJURY AND / OR TOW DUE TO CRASH,,,Y,$500 OR LESS,12/29/2019 20:37,UNABLE TO DETERMINE,UNABLE TO DETERMINE,3513,W,LAWRENCE AVE,1723,,,,,,,2,"REPORTED, NOT EVIDENT",1,0,0,0,1,1,0,20,1,12,41.96826073,-87.71641815,POINT (-87.716418153012 41.96826072601)
b315e925d7d734d68b95d81213fd3c6d0243cf7bc8948e1db2a0b1a9c0267a0ff445f616044e3edde28abebda200f0bfcf065ba37b6242901ac6564da54592d7,JC384463,,8/8/2019 18:00,30,UNKNOWN,UNKNOWN,CLEAR,DAYLIGHT,PARKED MOTOR VEHICLE,ONE-WAY,,STRAIGHT AND LEVEL,DRY,NO DEFECTS,,INJURY AND / OR TOW DUE TO CRASH,,,Y,"OVER $1,500",8/8/2019 18:23,DISTRACTION - FROM INSIDE VEHICLE,FAILING TO REDUCE SPEED TO AVOID CRASH,3217,W,WELLINGTON AVE,1412,,,,,,,2,NO INDICATION OF INJURY,0,0,0,0,0,2,0,18,5,8,41.9355932,-87.70825605,POINT (-87.708256052063 41.935593204421)
b31c004f2265ae65eb0828e17fb0ec19f3d698864a141d9bf0c6604feb574db2fb55a9f41022ac59dbb1e2e7191f006a4344a6cb2df554233b299a924c63632f,JC468279,,10/11/2019 7:23,30,TRAFFIC SIGNAL,FUNCTIONING PROPERLY,RAIN,DAYLIGHT,TURNING,NOT DIVIDED,,STRAIGHT AND LEVEL,WET,NO DEFECTS,,INJURY AND / OR TOW DUE TO CRASH,,,,"OVER $1,500",10/11/2019 7:23,IMPROPER LANE USAGE,FAILING TO YIELD RIGHT-OF-WAY,1211,E,95TH ST,511,,,,,,,2,NONINCAPACITATING INJURY,1,0,0,1,0,1,0,7,6,10,41.72208529,-87.59433885,POINT (-87.594338850749 41.722085285686)
4431bf6c0697642e1812f0d8ad76705da5ed154d6513596ac79c6d9a2ad5fcba7b22c7296071a13cb4e410106274564dc78672735be6f8b24326e5ae309e7800,JF187282,,3/26/2022 12:30,15,NO CONTROLS,NO CONTROLS,CLEAR,DAYLIGHT,REAR TO FRONT,RAMP,,STRAIGHT ON GRADE,DRY,UNKNOWN,NOT ON SCENE (DESK REPORT),NO INJURY / DRIVE AWAY,,Y,,"$501 - $1,500",3/26/2022 13:30,IMPROPER BACKING,UNABLE TO DETERMINE,1840,N,CLYBOURN AVE,1811,,,,,,,2,NO INDICATION OF INJURY,0,0,0,0,0,3,0,12,7,3,41.91442371,-87.65462784,POINT (-87.65462784303 41.91442371409)
12e79d6db1a12ecf7da03ae36d0c16a9d8206d2a440d9b51e8ed785623f24e4c33cb6687ad37bcd5814e46fd71053fa98d44330cf1dc8b18e73883e5ebf3fc60,JF183736,Y,3/20/2022 16:51,35,NO CONTROLS,NO CONTROLS,CLEAR,DAYLIGHT,FIXED OBJECT,NOT DIVIDED,,STRAIGHT AND LEVEL,DRY,NO DEFECTS,NOT ON SCENE (DESK REPORT),NO INJURY / DRIVE AWAY,,,Y,"$501 - $1,500",3/23/2022 12:00,UNABLE TO DETERMINE,UNABLE TO DETERMINE,5860,N,PULASKI RD,1711,,,,,,,1,NO INDICATION OF INJURY,0,0,0,0,0,1,0,16,1,3,41.98830913,-87.72872257,POINT (-87.728722565588 41.988309132005)
4890952d64a3a11090a24604f1c5cdd4e493e4d24943cba4881c6ca08185bc6c5e37f5af2dba3e72118fc55edaebf7fc8ad0765b409384ec8b4c2cfe11530d8c,JF187544,,3/26/2022 17:00,30,TRAFFIC SIGNAL,FUNCTIONING PROPERLY,CLEAR,DAYLIGHT,ANGLE,DIVIDED - W/MEDIAN BARRIER,,STRAIGHT AND LEVEL,DRY,NO DEFECTS,NOT ON SCENE (DESK REPORT),NO INJURY / DRIVE AWAY,Y,,Y,"OVER $1,500",3/26/2022 18:00,FAILING TO YIELD RIGHT-OF-WAY,UNABLE TO DETERMINE,9500,S,STATE ST,511,,,,,,,2,NO INDICATION OF INJURY,0,0,0,0,0,3,0,17,7,3,41.72157071,-87.62387335,POINT (-87.623873353867 41.721570706446)
a67d1ed486e8600757f2478c1798a83e2d37837f1c8c3f363db3b3ad8d750b9ea50db3a75af9d0d76dbfc603b26ecc3637967025799e6c6294aaff22e8b781bb,JF186923,,3/26/2022 4:25,30,NO CONTROLS,NO CONTROLS,CLEAR,DARKNESS,PARKED MOTOR VEHICLE,NOT DIVIDED,,STRAIGHT AND LEVEL,DRY,NO DEFECTS,ON SCENE,INJURY AND / OR TOW DUE TO CRASH,,,,"OVER $1,500",3/26/2022 4:30,UNDER THE INFLUENCE OF ALCOHOL/DRUGS (USE WHEN ARREST IS EFFECTED),NOT APPLICABLE,6922,W,FOSTER AVE,1613,,,,,,,3,INCAPACITATING INJURY,1,0,1,0,0,1,0,4,7,3,41.97565498,-87.80073018,POINT (-87.800730181695 41.97565497463)
e341234ad27c36892fec3988a7812be18b4c460b6ed72b5a7b71b8cd54565ab47be5597e6dd7ba6911ce58aa1dbe4fc88a9568742a1e5df8a74e35cd2a76a28c,JF187087,,3/26/2022 9:30,30,TRAFFIC SIGNAL,FUNCTIONING PROPERLY,CLEAR,DAYLIGHT,REAR END,DIVIDED - W/MEDIAN (NOT RAISED),,STRAIGHT AND LEVEL,DRY,NO DEFECTS,ON SCENE,NO INJURY / DRIVE AWAY,,,,"$501 - $1,500",3/26/2022 9:35,UNABLE TO DETERMINE,UNABLE TO DETERMINE,6807,W,63RD ST,812,,,,,,,2,NO INDICATION OF INJURY,0,0,0,0,0,2,0,9,7,3,41.77741201,-87.79136891,POINT (-87.791368904898 41.77741200613)
ec3a337011321320e767300b1065332d8d57282b969b26107c1eda9099843b9d999472b9867474f24c777c2904b691a26545514031e0cd8baf5cc16986ef2b1b,JF187561,,3/26/2022 18:24,35,TRAFFIC SIGNAL,FUNCTIONING PROPERLY,CLEAR,DAYLIGHT,HEAD ON,FOUR WAY,,STRAIGHT AND LEVEL,DRY,NO DEFECTS,ON SCENE,INJURY AND / OR TOW DUE TO CRASH,Y,,,"OVER $1,500",3/26/2022 18:25,DRIVING ON WRONG SIDE/WRONG WAY,NOT APPLICABLE,4699,S,MICHIGAN AVE,215,,,,,,,5,INCAPACITATING INJURY,2,0,1,1,0,4,0,18,7,3,41.80938059,-87.62269197,POINT (-87.622691971646 41.809380586729)
1a0423e708c4355fea5a743d155b4451d1c8460e9f558d983426c0285877b217f5c2c5be6f91fbba349b538254155984a06392f7c41d331c86cc43cfc438e658,,,3/27/2022 0:18,30,TRAFFIC SIGNAL,FUNCTIONING PROPERLY,CLEAR,"DARKNESS, LIGHTED ROAD",REAR END,NOT DIVIDED,,STRAIGHT AND LEVEL,DRY,NO DEFECTS,NOT ON SCENE (DESK REPORT),INJURY AND / OR TOW DUE TO CRASH,Y,,Y,"OVER $1,500",3/27/2022 0:45,UNABLE TO DETERMINE,UNABLE TO DETERMINE,298,W,ILLINOIS ST,1831,,,,,,,2,"REPORTED, NOT EVIDENT",1,0,0,0,1,1,0,0,1,3,41.89087628,-87.63548296,POINT (-87.635482963369 41.890876278384)
412c75838909d71139293a53ad4f3f63858f050408e6ff66718ec7df8746230f48b8c110d633147d5d55c8bfd9dffec705bb505881ef351a48741353bb2167de,JF186933,,3/26/2022 5:23,45,NO CONTROLS,NO CONTROLS,SNOW,"DARKNESS, LIGHTED ROAD",SIDESWIPE SAME DIRECTION,OTHER,,"CURVE, LEVEL",WET,NO DEFECTS,ON SCENE,INJURY AND / OR TOW DUE TO CRASH,,,Y,"OVER $1,500",3/26/2022 5:25,IMPROPER OVERTAKING/PASSING,FAILING TO REDUCE SPEED TO AVOID CRASH,3100,S,LAKE SHORE DR NB,211,,,,,,,2,NO INDICATION OF INJURY,0,0,0,0,0,3,0,5,7,3,41.8383933,-87.60874952,POINT (-87.608749520406 41.838393299151)
4cc340b9920de32325315ae9749ceccdf2c1c71ef87b81b4f74c4f392673dee11cd0c03fbb53616ea0b0e4cbfe19f7915d0c3efb13ac6de93a359ff99083e1b6,JF187035,,3/26/2022 4:00,30,TRAFFIC SIGNAL,FUNCTIONING PROPERLY,CLEAR,"DARKNESS, LIGHTED ROAD",FIXED OBJECT,ONE-WAY,,STRAIGHT AND LEVEL,WET,NO DEFECTS,,NO INJURY / DRIVE AWAY,Y,Y,Y,"OVER $1,500",3/26/2022 8:49,UNABLE TO DETERMINE,UNABLE TO DETERMINE,4001,W,14TH ST,1011,,,,,,,1,NO INDICATION OF INJURY,0,0,0,0,0,1,0,4,7,3,41.86241316,-87.72511971,POINT (-87.725119711625 41.862413156792)
94536df0134cf622b2d4939a82d74488e9f90a6bb3242f5f3f1ff802569641fdd84ca890eeffc0d50acd5b6d23b951439c79ccc0e26882aa51980084feb4a7da,JF181984,,3/21/2022 21:24,55,NO CONTROLS,NO CONTROLS,CLEAR,"DARKNESS, LIGHTED ROAD",SIDESWIPE SAME DIRECTION,DIVIDED - W/MEDIAN BARRIER,,STRAIGHT AND LEVEL,DRY,NO DEFECTS,ON SCENE,NO INJURY / DRIVE AWAY,,,,"$501 - $1,500",3/21/2022 21:25,IMPROPER LANE USAGE,NOT APPLICABLE,12379,W,IRVING PARK RD,1654,,,,,,,2,NO INDICATION OF INJURY,0,0,0,0,0,2,0,21,2,3,,,