CRASH_RECORD_ID,RD_NO,CRASH_DATE_EST_I,CRASH_DATE,POSTED_SPEED_LIMIT,TRAFFIC_CONTROL_DEVICE,DEVICE_CONDITION,WEATHER_CONDITION,LIGHTING_CONDITION,FIRST_CRASH_TYPE,TRAFFICWAY_TYPE,LANE_CNT,ALIGNMENT,ROADWAY_SURFACE_COND,ROAD_DEFECT,REPORT_TYPE,CRASH_TYPE,INTERSECTION_RELATED_I,NOT_RIGHT_OF_WAY_I,HIT_AND_RUN_I,DAMAGE,DATE_POLICE_NOTIFIED,PRIM_CONTRIBUTORY_CAUSE,SEC_CONTRIBUTORY_CAUSE,STREET_NO,STREET_DIRECTION,STREET_NAME,BEAT_OF_OCCURRENCE,PHOTOS_TAKEN_I,STATEMENTS_TAKEN_I,DOORING_I,WORK_ZONE_I,WORK_ZONE_TYPE,WORKERS_PRESENT_I,NUM_UNITS,MOST_SEVERE_INJURY,INJURIES_TOTAL,INJURIES_FATAL,INJURIES_INCAPACITATING,INJURIES_NON_INCAPACITATING,INJURIES_REPORTED_NOT_EVIDENT,INJURIES_NO_INDICATION,INJURIES_UNKNOWN,CRASH_HOUR,CRASH_DAY_OF_WEEK,CRASH_MONTH,LATITUDE,LONGITUDE,LOCATION
172b80ef9ea7e6300785a06de94f2e37e306c0de2af6b3b35a9c70c0d1a3f546dd09f27ef5ee295780e867f7433cd77e7121e04f1c364bdefe754c4b4fab3735,JF186542,,3/25/2022 18:00,30,NO CONTROLS,NO CONTROLS,CLEAR,DAYLIGHT,ANGLE,FOUR WAY,,STRAIGHT AND LEVEL,DRY,NO DEFECTS,ON SCENE,INJURY AND / OR TOW DUE TO CRASH,Y,,,"OVER $1,500",3/25/2022 18:02,FAILING TO REDUCE SPEED TO AVOID CRASH,UNABLE TO DETERMINE,1856,N,NARRAGANSETT AVE,2513,,,,,,,2,NO INDICATION OF INJURY,0,0,0,0,0,2,0,18,6,3,41.91444262,-87.7853198,POINT (-87.785319802523 41.914442620135)
213067d53f219bad45e11af1dae0dbcca89a09f88913eb1972848b92e29915c5e8fdcd60fbcfeab73261b74babbee9b77fc288dae93dc066ce3f5ba064286318,JF187098,,3/25/2022 11:00,30,UNKNOWN,UNKNOWN,UNKNOWN,UNKNOWN,REAR END,ONE-WAY,,STRAIGHT AND LEVEL,UNKNOWN,UNKNOWN,NOT ON SCENE (DESK REPORT),NO INJURY / DRIVE AWAY,,,,"OVER $1,500",3/26/2022 10:30,FAILING TO REDUCE SPEED TO AVOID CRASH,UNABLE TO DETERMINE,2231,N,TRIPP AVE,2522,,,,,,,2,NO INDICATION OF INJURY,0,0,0,0,0,2,0,11,6,3,41.92169667,-87.73266095,POINT (-87.732660954193 41.921696664956)
1ddd4a5c35181005b00f492ccacc1a371965369010b29d46c592cce9bf4611a25280cc8b5853dca2212b230a47a196b9b47121332090346016ac7375efe3939a,JF187189,,3/26/2022 11:20,30,NO CONTROLS,NO CONTROLS,CLOUDY/OVERCAST,DAYLIGHT,TURNING,NOT DIVIDED,,STRAIGHT AND LEVEL,DRY,NO DEFECTS,ON SCENE,NO INJURY / DRIVE AWAY,,,Y,"OVER $1,500",3/26/2022 11:39,UNABLE TO DETERMINE,UNABLE TO DETERMINE,4351,W,16TH ST,1012,,,,,,,2,NO INDICATION OF INJURY,0,0,0,0,0,3,0,11,7,3,41.85862488,-87.7343558,POINT (-87.734355798336 41.858624877535)
aa48a09ac33c7afa0b7f682c6eecad55c90aae0faeab9cf7512097af1dcedb4437b336e509891d5be161bb84e0141c55c594cf15f568134881331fdef9758eb3,JF187323,,3/26/2022 14:00,30,NO CONTROLS,NO CONTROLS,CLEAR,DAYLIGHT,FIXED OBJECT,NOT DIVIDED,,STRAIGHT AND LEVEL,DRY,NO DEFECTS,ON SCENE,NO INJURY / DRIVE AWAY,,Y,,"$501 - $1,500",3/26/2022 14:13,DRIVING SKILLS/KNOWLEDGE/EXPERIENCE,NOT APPLICABLE,11927,S,UNION AVE,524,,,,,,,1,NO INDICATION OF INJURY,0,0,0,0,0,1,0,14,7,3,41.6770174,-87.63932741,POINT (-87.639327408315 41.677017401422)
c5804d8926c51c8463530784611fa5e001e92782707aec614411fc1232b2d5c7f7f62834ea3d5e1ac122326725cdee7a59eb42d0dea404722ed14a9d61e6a40c,JF187532,,3/26/2022 16:58,30,NO CONTROLS,NO CONTROLS,CLEAR,DAYLIGHT,PARKED MOTOR VEHICLE,OTHER,,STRAIGHT AND LEVEL,DRY,NO DEFECTS,ON SCENE,NO INJURY / DRIVE AWAY,,,Y,$500 OR LESS,3/26/2022 18:20,UNABLE TO DETERMINE,NOT APPLICABLE,8300,S,STEWART AVE,622,,,,,,,2,NO INDICATION OF INJURY,0,0,0,0,0,1,0,16,7,3,41.74339816,-87.63425177,POINT (-87.634251774458 41.74339815788)
c64ff2c6682e9e6344e548648e4197046bf8f2e4790113cb51d4c85120d687ee0851a8d558e088ff022d69eb8255ab1a6d7c4104794a35e02f52e60537d4e11f,JF187584,,3/26/2022 18:00,30,NO CONTROLS,UNKNOWN,CLEAR,DARKNESS,PARKED MOTOR VEHICLE,ONE-WAY,,STRAIGHT AND LEVEL,UNKNOWN,UNKNOWN,ON SCENE,NO INJURY / DRIVE AWAY,,,Y,"OVER $1,500",3/26/2022 19:15,UNABLE TO DETERMINE,UNABLE TO DETERMINE,5452,W,HURON ST,1524,,,,,,,2,NO INDICATION OF INJURY,0,0,0,0,0,1,0,18,7,3,41.89305397,-87.76264664,POINT (-87.762646640663 41.893053969365)
f9810bdd99e88a0a12d7502b0fff137b8f1037c46b392fd3a7634fac820031636de7e7fdc5a12f7b7d9ebdd331a9efda37842272b1ba33e2701166a7ecf89716,JF187514,,3/26/2022 16:30,30,NO CONTROLS,NO CONTROLS,CLEAR,DAYLIGHT,PARKED MOTOR VEHICLE,NOT DIVIDED,,STRAIGHT AND LEVEL,DRY,NO DEFECTS,NOT ON SCENE (DESK REPORT),NO INJURY / DRIVE AWAY,,,Y,"OVER $1,500",3/26/2022 18:05,DRIVING SKILLS/KNOWLEDGE/EXPERIENCE,UNABLE TO DETERMINE,3758,W,59TH ST,822,,,,,,,2,NO INDICATION OF INJURY,0,0,0,0,0,1,0,16,7,3,41.78612501,-87.71793742,POINT (-87.717937416216 41.786125012916)
85217f27e6c60ea46952844bc97a7ae9db6a0474e574923e08558ea2540f5a5c4320ac2eb35a4cb41505a6cd17088ee11b44a860e628ee54f3cc4e037bdb853e,JF186190,Y,3/22/2022 11:00,5,NO CONTROLS,NO CONTROLS,UNKNOWN,UNKNOWN,PARKED MOTOR VEHICLE,PARKING LOT,,STRAIGHT AND LEVEL,UNKNOWN,UNKNOWN,NOT ON SCENE (DESK REPORT),NO INJURY / DRIVE AWAY,,,Y,"$501 - $1,500",3/25/2022 13:20,UNABLE TO DETERMINE,NOT APPLICABLE,3025,W,JACKSON BLVD,1124,,,,,,,2,NO INDICATION OF INJURY,0,0,0,0,0,1,0,11,3,3,41.87725043,-87.70219378,POINT (-87.702193775745 41.877250427182)
cd5dd9b37a3f4d436e607e37f2af67bbd621fa5722e98f187f14ab84d50955c7bdc2e68d70adab288b20d2c295ec557e8fa035376a0e1b4a921f8463daf36a71,JD125409,,1/23/2020 7:45,30,STOP SIGN/FLASHER,UNKNOWN,SNOW,DAYLIGHT,HEAD ON,NOT DIVIDED,,STRAIGHT AND LEVEL,SNOW OR SLUSH,NO DEFECTS,,INJURY AND / OR TOW DUE TO CRASH,Y,,,"OVER $1,500",1/23/2020 7:45,WEATHER,NOT APPLICABLE,11505,S,DOTY AVE E,434,,,,,,,2,NONINCAPACITATING INJURY,1,0,0,1,0,1,0,7,5,1,41.68582785,-87.60039227,POINT (-87.600392266774 41.685827851238)
cd68e3218ffe768cfc1a5e0c75fd3a54365ef1d53e67c586056898643cb755cc2c67fb3e36fd1302e0000502a1fdd5253c99516a597dd1510e5ff25cf825f27c,JC479956,,10/20/2019 17:20,30,STOP SIGN/FLASHER,FUNCTIONING PROPERLY,CLEAR,DAYLIGHT,PEDALCYCLIST,NOT DIVIDED,,STRAIGHT AND LEVEL,DRY,NO DEFECTS,,INJURY AND / OR TOW DUE TO CRASH,Y,,,"OVER $1,500",10/20/2019 17:20,IMPROPER TURNING/NO SIGNAL,FAILING TO YIELD RIGHT-OF-WAY,5300,N,DAMEN AVE,2012,,,,,,,2,NONINCAPACITATING INJURY,1,0,0,1,0,2,0,17,1,10,41.97789264,-87.67960719,POINT (-87.679607192658 41.977892642182)
cd9ba6d6ea4fd757bd703dcc82ba72acdc8a70bb8817e048394046d316727ffded11d732e65193b402563164d34ba42fe986cb6185456f8c4b3c7ce74d66ee08,JD442926,,11/27/2020 9:05,40,NO CONTROLS,NO CONTROLS,CLOUDY/OVERCAST,DAYLIGHT,SIDESWIPE SAME DIRECTION,DIVIDED - W/MEDIAN BARRIER,,STRAIGHT AND LEVEL,DRY,NO DEFECTS,,INJURY AND / OR TOW DUE TO CRASH,,,,"OVER $1,500",11/27/2020 9:07,IMPROPER LANE USAGE,FAILING TO YIELD RIGHT-OF-WAY,1430,N,LAKE SHORE DR NB,1824,,,,,,,2,NO INDICATION OF INJURY,0,0,0,0,0,2,0,9,6,11,41.90871602,-87.62593804,POINT (-87.625938038181 41.908716017469)
cda8f234baf240e7fd903b0d537ae1f6a02a5fe12654ad7e68ad7502ec3719e8c53e644b82601cc6f25eaf7ea1707bc26f91a868ee86b74d3ac266e1a824350d,JD248048,,5/30/2020 22:30,35,TRAFFIC SIGNAL,UNKNOWN,CLEAR,"DARKNESS, LIGHTED ROAD",REAR END,DIVIDED - W/MEDIAN (NOT RAISED),,STRAIGHT AND LEVEL,DRY,NO DEFECTS,,NO INJURY / DRIVE AWAY,Y,,,$500 OR LESS,5/31/2020 1:12,UNABLE TO DETERMINE,UNABLE TO DETERMINE,600,W,ROOSEVELT RD,124,,,,,,,3,NO INDICATION OF INJURY,0,0,0,0,0,3,0,22,7,5,41.86732839,-87.64226424,POINT (-87.642264238244 41.867328391469)
132f8488796280a87b0f259089fd1cd94b5f8d6c3b93c40ab2bdc57ccfc2b2ecf1ae3dea4e24568b2d047c910b202c67d883cd1434788e7762b43479eacfa10a,JE444974,,11/14/2021 2:00,25,NO CONTROLS,NO CONTROLS,UNKNOWN,UNKNOWN,PARKED MOTOR VEHICLE,ONE-WAY,,STRAIGHT AND LEVEL,UNKNOWN,UNKNOWN,,NO INJURY / DRIVE AWAY,,,Y,"$501 - $1,500",11/14/2021 14:38,UNABLE TO DETERMINE,NOT APPLICABLE,2242,N,KENNETH AVE,2522,,,,,,,2,NO INDICATION OF INJURY,0,0,0,0,0,1,0,2,1,11,41.92197267,-87.73785506,POINT (-87.737855061552 41.921972667462)
1ca50ead92b3884ccbfb268d3e3bef10ac26ea25df9935db336b15a20841dec03634f79cd49329366672c8084ee4357940abe8e6235c29328b51e70d67f689cd,JF171022,Y,3/12/2022 0:29,30,UNKNOWN,NO CONTROLS,CLEAR,"DARKNESS, LIGHTED ROAD",PARKED MOTOR VEHICLE,OTHER,,STRAIGHT AND LEVEL,DRY,NO DEFECTS,ON SCENE,NO INJURY / DRIVE AWAY,,,Y,"OVER $1,500",3/12/2022 0:29,FAILING TO REDUCE SPEED TO AVOID CRASH,FAILING TO REDUCE SPEED TO AVOID CRASH,7158,S,MAY ST,733,,,,,,,2,NO INDICATION OF INJURY,0,0,0,0,0,1,0,0,7,3,41.76334472,-87.65300539,POINT (-87.65300538531 41.763344721035)
242596d37741661836c4ba28be3f2c2931f7f445d498432905213106bd0f3c9df4f06207c7778e0c9573246f66b23bf4366d7f8ecdfca9826a2a5ea0f5f35a27,JF171454,,3/12/2022 11:00,30,NO CONTROLS,NO CONTROLS,CLEAR,DAYLIGHT,PARKED MOTOR VEHICLE,NOT DIVIDED,,STRAIGHT AND LEVEL,DRY,NO DEFECTS,NOT ON SCENE (DESK REPORT),NO INJURY / DRIVE AWAY,,,Y,"$501 - $1,500",3/12/2022 13:00,IMPROPER OVERTAKING/PASSING,FAILING TO REDUCE SPEED TO AVOID CRASH,5152,W,DIVISION ST,2533,,,,,,,2,NO INDICATION OF INJURY,0,0,0,0,0,1,0,11,7,3,41.90236423,-87.75546229,POINT (-87.755462293911 41.902364230949)
26fe039f83ace8985abbf2cbed795ce6200f17e855f25528fa7073157078bd956fa40a589cb0b831a72df458c6c16ef5d8a3ecce24ef7a4de9d740323face919,JF171404,,3/12/2022 12:20,30,TRAFFIC SIGNAL,FUNCTIONING PROPERLY,CLEAR,DAYLIGHT,REAR END,DIVIDED - W/MEDIAN (NOT RAISED),,STRAIGHT AND LEVEL,DRY,NO DEFECTS,ON SCENE,NO INJURY / DRIVE AWAY,,,,"OVER $1,500",3/12/2022 12:30,FOLLOWING TOO CLOSELY,DISTRACTION - FROM INSIDE VEHICLE,10317,S,WESTERN AVE,2212,,,,,,,2,NO INDICATION OF INJURY,0,0,0,0,0,4,0,12,7,3,41.70583515,-87.68145602,POINT (-87.681456023636 41.705835153212)
29374d784d0c554fafcb2bfee9281db4c0a297f674a83b18e0abf6a36872eb30d7edfac01b4bb5a74bd6c9714bccf7ba6f2c32a5b817fee857c313f803d04b4e,JF171746,,3/12/2022 16:57,30,STOP SIGN/FLASHER,FUNCTIONING PROPERLY,CLEAR,DAYLIGHT,HEAD ON,DIVIDED - W/MEDIAN (NOT RAISED),,STRAIGHT AND LEVEL,DRY,UNKNOWN,ON SCENE,NO INJURY / DRIVE AWAY,Y,,,"OVER $1,500",3/12/2022 17:15,UNABLE TO DETERMINE,NOT APPLICABLE,7000,S,STONY ISLAND AVE,332,,,,,,,2,NO INDICATION OF INJURY,0,0,0,0,0,4,0,16,7,3,41.76779096,-87.58651632,POINT (-87.586516318899 41.767790956328)
28c2161d9a05cacdb714937808026e2bce0a9bea70378a19015a97af2c29620955d9effaa1736602461494f5c8eb42fc0efeaf3c206a597a765684525d13c08b,JD108871,,1/8/2020 17:28,30,UNKNOWN,UNKNOWN,CLEAR,"DARKNESS, LIGHTED ROAD",REAR END,NOT DIVIDED,,STRAIGHT AND LEVEL,DRY,NO DEFECTS,,INJURY AND / OR TOW DUE TO CRASH,,,,$500 OR LESS,1/8/2020 17:28,UNABLE TO DETERMINE,NOT APPLICABLE,3715,W,MADISON ST,1122,,,,,,,3,NONINCAPACITATING INJURY,2,0,0,2,0,4,0,17,4,1,41.8807043,-87.71893993,POINT (-87.718939932622 41.88070430317)
2b1e84603afe64ded3034a63f6f6fb8a17d0d555862035f9aa3ba2e5bff4cbe737fe85f7261142ebd7f2384bb19a13e73d219065d543360122a5dc6edb2529a6,JF173631,,3/12/2022 13:00,30,NO CONTROLS,NO CONTROLS,CLEAR,DAYLIGHT,PARKED MOTOR VEHICLE,NOT DIVIDED,,STRAIGHT AND LEVEL,DRY,NO DEFECTS,NOT ON SCENE (DESK REPORT),NO INJURY / DRIVE AWAY,,,Y,"OVER $1,500",3/14/2022 14:35,DRIVING SKILLS/KNOWLEDGE/EXPERIENCE,UNABLE TO DETERMINE,4109,S,ROCKWELL ST,921,,,,,,,2,NO INDICATION OF INJURY,0,0,0,0,0,1,0,13,7,3,41.81893052,-87.68947825,POINT (-87.689478252956 41.81893052199)
0139db06bb94ed2e7f9496af9b84fd3eb3ad1ff9b0c5b9279ceb07ecd650675b33a4fafc24c1e2a9cff80b9fa2e9be0a973ca2f1e2fe93a79ece67402a20c5d9,,Y,4/7/2022 19:00,20,NO CONTROLS,NO CONTROLS,UNKNOWN,UNKNOWN,PARKED MOTOR VEHICLE,NOT DIVIDED,,STRAIGHT AND LEVEL,UNKNOWN,NO DEFECTS,NOT ON SCENE (DESK REPORT),NO INJURY / DRIVE AWAY,,,Y,"OVER $1,500",4/8/2022 11:30,UNABLE TO DETERMINE,UNABLE TO DETERMINE,2400,W,WARNER AVE,1911,,,,,,,2,NO INDICATION OF INJURY,0,0,0,0,0,1,0,19,5,4,41.95686492,-87.68867069,POINT (-87.688670690707 41.956864917865)
ffa40215445ac99266a7361b76226b4f7bf812475657219993459216ecdd0f6b59fde08ed93268bfd6fcca4d3babee36787dc8667ec0e54ea6adeadd06ac6a10,JD450631,,11/26/2020 23:00,30,TRAFFIC SIGNAL,FUNCTIONING PROPERLY,UNKNOWN,DARKNESS,TURNING,DIVIDED - W/MEDIAN (NOT RAISED),,STRAIGHT AND LEVEL,UNKNOWN,UNKNOWN,,NO INJURY / DRIVE AWAY,Y,,,"$501 - $1,500",12/5/2020 17:00,UNABLE TO DETERMINE,UNABLE TO DETERMINE,2355,W,ADDISON ST,1921,,,,,,,2,NO INDICATION OF INJURY,0,0,0,0,0,2,0,23,5,11,41.94662323,-87.68802683,POINT (-87.688026832456 41.946623228221)
ffa6c292466fd9b03e8d8b39377f04e4e582af3b0414a8fd38c6696421d0c737212f664796579bb28e6774d2a98ea308f53ecb40510661aaef5c888d32205d5b,JE247986,,5/30/2021 15:00,30,TRAFFIC SIGNAL,UNKNOWN,CLEAR,DAYLIGHT,SIDESWIPE SAME DIRECTION,DIVIDED - W/MEDIAN (NOT RAISED),,STRAIGHT AND LEVEL,UNKNOWN,UNKNOWN,,NO INJURY / DRIVE AWAY,Y,,,"OVER $1,500",5/30/2021 15:45,UNABLE TO DETERMINE,UNABLE TO DETERMINE,1600,W,ROOSEVELT RD,1231,,,,,,,2,NO INDICATION OF INJURY,0,0,0,0,0,3,0,15,1,5,41.86697112,-87.66650974,POINT (-87.666509743796 41.86697111645)
05764ee77b9b9c1a3c00bfea327d5a997590ea25512c520109a429fc2118b398b6d9f60c7f4eb080f7887cd5ad0eee09409406b33631c91a5299b0322a6139da,,,4/8/2022 22:00,10,NO CONTROLS,NO CONTROLS,SNOW,"DARKNESS, LIGHTED ROAD",PARKED MOTOR VEHICLE,NOT DIVIDED,,STRAIGHT AND LEVEL,SNOW OR SLUSH,NO DEFECTS,NOT ON SCENE (DESK REPORT),NO INJURY / DRIVE AWAY,,,Y,"OVER $1,500",4/8/2022 22:16,UNABLE TO DETERMINE,UNABLE TO DETERMINE,5958,S,CALIFORNIA AVE,824,,,,,,,2,NO INDICATION OF INJURY,0,0,0,0,0,1,0,22,6,4,41.78467194,-87.69369503,POINT (-87.693695025397 41.784671942425)
006362e68efdae1f962048f96a43ad9c2030ea973017de3f07909cc79c35de3e4b9e880d0e593d8531e02aca0675f2da4d4cf0f9bb26201845620b256545baca,,,4/8/2022 5:30,30,TRAFFIC SIGNAL,FUNCTIONING PROPERLY,RAIN,"DARKNESS, LIGHTED ROAD",PEDALCYCLIST,FOUR WAY,,STRAIGHT AND LEVEL,WET,NO DEFECTS,NOT ON SCENE (DESK REPORT),NO INJURY / DRIVE AWAY,Y,,Y,"OVER $1,500",4/8/2022 9:20,DISREGARDING TRAFFIC SIGNALS,NOT APPLICABLE,800,W,RANDOLPH ST,1224,,,,,,,2,NO INDICATION OF INJURY,0,0,0,0,0,2,0,5,6,4,41.88451546,-87.6474973,POINT (-87.647497300321 41.884515458362)
03ab69fc3199fc0c83aacc544957aec0434490e43451a6a8a0725872ffb4b50e776649e656416180ae5fe0235fabc13322bd4e4ececbc027f3dabed04078fb87,,,4/8/2022 13:15,30,UNKNOWN,UNKNOWN,CLOUDY/OVERCAST,DAYLIGHT,REAR END,NOT DIVIDED,,STRAIGHT AND LEVEL,UNKNOWN,UNKNOWN,NOT ON SCENE (DESK REPORT),NO INJURY / DRIVE AWAY,,,,"OVER $1,500",4/8/2022 14:12,UNABLE TO DETERMINE,NOT APPLICABLE,1649,W,BELMONT AVE,1931,,,,,,,2,NO INDICATION OF INJURY,0,0,0,0,0,2,0,13,6,4,41.93956055,-87.67059269,POINT (-87.670592693852 41.939560545664)
06a5f040f4a999abd58736855267dcb9c874b48ea2a40ab2f617d9a08ac0891ac665724d5314b4c98f38da5a8f0669914d0f8c44759a103547a18e8150abfedc,,,4/8/2022 11:30,30,TRAFFIC SIGNAL,FUNCTIONING PROPERLY,CLEAR,DAYLIGHT,REAR END,NOT DIVIDED,,STRAIGHT AND LEVEL,DRY,NO DEFECTS,NOT ON SCENE (DESK REPORT),NO INJURY / DRIVE AWAY,,,,"OVER $1,500",4/8/2022 11:45,UNABLE TO DETERMINE,NOT APPLICABLE,5100,W,GRAND AVE,2522,,,,,,,2,NO INDICATION OF INJURY,0,0,0,0,0,2,0,11,6,4,41.91695371,-87.75343731,POINT (-87.75343730604 41.916953706087)
2f99978749305060939a62187448124eb801c9c2f0fbadcec8c77daa7035b1892824a833e85ebe77467c8baa3fa0e2e981de31cf245dab6d3028c8dce7e671eb,JF168342,,3/9/2022 14:25,30,TRAFFIC SIGNAL,FUNCTIONING IMPROPERLY,CLEAR,DAYLIGHT,TURNING,FOUR WAY,,STRAIGHT AND LEVEL,DRY,NO DEFECTS,,NO INJURY / DRIVE AWAY,Y,,,"OVER $1,500",3/9/2022 15:10,IMPROPER LANE USAGE,NOT APPLICABLE,4000,W,IRVING PARK RD,1722,,,,,,,2,NO INDICATION OF INJURY,0,0,0,0,0,2,0,14,4,3,41.95375687,-87.72769851,POINT (-87.727698513129 41.953756874475)
0bd11622229e04716d02665b382a46f813a7ceb55f7ba5102d8b672591af198862c0f03d3da588f832dd3cbe0d99df6dac6d64171120837b5d69095bf80c8b9e,,,4/8/2022 22:28,30,YIELD,FUNCTIONING PROPERLY,RAIN,"DARKNESS, LIGHTED ROAD",SIDESWIPE SAME DIRECTION,FOUR WAY,,STRAIGHT AND LEVEL,WET,UNKNOWN,NOT ON SCENE (DESK REPORT),NO INJURY / DRIVE AWAY,Y,,Y,"OVER $1,500",4/8/2022 23:00,"OPERATING VEHICLE IN ERRATIC, RECKLESS, CARELESS, NEGLIGENT OR AGGRESSIVE MANNER","OPERATING VEHICLE IN ERRATIC, RECKLESS, CARELESS, NEGLIGENT OR AGGRESSIVE MANNER",3601,N,CICERO AVE,1731,,,,,,,2,NO INDICATION OF INJURY,0,0,0,0,0,3,0,22,6,4,41.94617573,-87.74692156,POINT (-87.746921560168 41.946175733934)
06b86129a8224f3eb5b58700fbb3b782599cc92467728478668d71eb4e09d54a718fe1840886740bab79ab716ffc935b798b5a213585c6ce69c5cbf7b96ed362,,,4/8/2022 5:00,30,TRAFFIC SIGNAL,FUNCTIONING PROPERLY,CLEAR,"DARKNESS, LIGHTED ROAD",TURNING,FOUR WAY,,STRAIGHT AND LEVEL,DRY,NO DEFECTS,NOT ON SCENE (DESK REPORT),NO INJURY / DRIVE AWAY,Y,,,"OVER $1,500",4/8/2022 5:20,DRIVING SKILLS/KNOWLEDGE/EXPERIENCE,NOT APPLICABLE,200,W,OHIO ST,1831,,,,,,,2,NO INDICATION OF INJURY,0,0,0,0,0,2,0,5,6,4,41.89249742,-87.63416623,POINT (-87.634166225396 41.89249742233)
043a7a48d46e7c04425ef44422848e2dc7e9a935968915715298be8328e37cfc08589b236050d0cc13023f74ca8025bd0742f9c77262c31f7ba67cf8ed2cffb2,,,4/9/2022 1:20,30,NO CONTROLS,NO CONTROLS,RAIN,"DARKNESS, LIGHTED ROAD",PARKED MOTOR VEHICLE,NOT DIVIDED,,STRAIGHT AND LEVEL,WET,NO DEFECTS,ON SCENE,INJURY AND / OR TOW DUE TO CRASH,,,,"OVER $1,500",4/9/2022 1:23,DISTRACTION - FROM OUTSIDE VEHICLE,DRIVING SKILLS/KNOWLEDGE/EXPERIENCE,5529,N,NORTHWEST HWY,1622,,,,,,,2,NO INDICATION OF INJURY,0,0,0,0,0,1,0,1,7,4,41.98129121,-87.77909736,POINT (-87.779097358809 41.981291210496)
00f582dea3e7b8c04d2fc1a013250980bc0645669eac52dc69589f26c3a19aa0902ba2d53485c1b0aca9aad0401295cd12209a6c5cfd2c3c48aff94354cc6191,,,4/8/2022 7:56,30,NO CONTROLS,NO CONTROLS,CLEAR,DAYLIGHT,FIXED OBJECT,NOT DIVIDED,,STRAIGHT AND LEVEL,DRY,NO DEFECTS,ON SCENE,INJURY AND / OR TOW DUE TO CRASH,,,N,"OVER $1,500",4/8/2022 7:57,FAILING TO REDUCE SPEED TO AVOID CRASH,DRIVING SKILLS/KNOWLEDGE/EXPERIENCE,1819,E,103RD ST,434,,,,,,,1,NO INDICATION OF INJURY,0,0,0,0,0,1,0,7,6,4,41.70776863,-87.57989907,POINT (-87.579899067364 41.707768628933)
0a09ed608165d27bd84f75f8afe8bbb294b46b8180e6fcec97360d6918d8646fa0c57d50163d757f5c20840e05b951998470585b849128d3960d80e7c4f9cf5a,,,4/8/2022 18:10,30,STOP SIGN/FLASHER,FUNCTIONING PROPERLY,SNOW,DAYLIGHT,TURNING,NOT DIVIDED,,STRAIGHT AND LEVEL,WET,NO DEFECTS,ON SCENE,INJURY AND / OR TOW DUE TO CRASH,Y,,,"OVER $1,500",4/8/2022 18:12,FAILING TO YIELD RIGHT-OF-WAY,NOT APPLICABLE,5632,N,HARLEM AVE,1612,,,,,,,2,NO INDICATION OF INJURY,0,0,0,0,0,2,0,18,6,4,41.98368204,-87.80708045,POINT (-87.807080454036 41.9836820367)
06ff324fc79a24d9153beb2eed5c2508cb9676124d6fe4636512886c14394e42573e84f7e1f96341f618335fa7d858b9aeefb9e90524d0114eb634bc72b7ea90,,,4/7/2022 16:30,30,STOP SIGN/FLASHER,FUNCTIONING PROPERLY,CLEAR,DAYLIGHT,ANGLE,NOT DIVIDED,,STRAIGHT AND LEVEL,DRY,NO DEFECTS,NOT ON SCENE (DESK REPORT),NO INJURY / DRIVE AWAY,Y,,,"OVER $1,500",4/8/2022 17:50,FAILING TO YIELD RIGHT-OF-WAY,NOT APPLICABLE,1430,W,ADDISON ST,1922,,,,,,,2,NO INDICATION OF INJURY,0,0,0,0,0,2,0,16,5,4,41.94715911,-87.66517202,POINT (-87.665172020097 41.947159113581)
04c9844bfa4a8792754cc25095eb831c17897d49f0cd10cea27396956e6165c2c9d472d728db73008503f34327bedb4d6c3cdb993616c8fd2616b0eb41f26a70,,,4/8/2022 7:56,30,NO CONTROLS,NO CONTROLS,CLEAR,DAYLIGHT,ANGLE,NOT DIVIDED,,STRAIGHT AND LEVEL,DRY,UNKNOWN,NOT ON SCENE (DESK REPORT),NO INJURY / DRIVE AWAY,,,,"OVER $1,500",4/8/2022 9:00,UNABLE TO DETERMINE,UNABLE TO DETERMINE,2323,W,HARRISON ST,1225,,,,,,,2,NO INDICATION OF INJURY,0,0,0,0,0,2,0,7,6,4,41.87380026,-87.6847721,POINT (-87.684772095657 41.873800258505)
338e03c02037970caf97e66de8ef91889d1dba5b72aaa7c46227e76b64141a51e48dfca75e2ad32f02cd441f6ace80d9a17dd5dd0d5e219b8df483d9bae8d90f,JD170908,,3/2/2020 3:42,30,TRAFFIC SIGNAL,NO CONTROLS,CLEAR,DARKNESS,ANGLE,NOT DIVIDED,,STRAIGHT AND LEVEL,DRY,NO DEFECTS,,INJURY AND / OR TOW DUE TO CRASH,,,,"OVER $1,500",3/2/2020 3:43,DISREGARDING TRAFFIC SIGNALS,NOT APPLICABLE,232,W,OHIO ST,1831,,,,,,,3,NO INDICATION OF INJURY,0,0,0,0,0,3,0,3,2,3,41.89247902,-87.63552273,POINT (-87.635522728521 41.892479021816)