CRASH_RECORD_ID,RD_NO,CRASH_DATE_EST_I,CRASH_DATE,POSTED_SPEED_LIMIT,TRAFFIC_CONTROL_DEVICE,DEVICE_CONDITION,WEATHER_CONDITION,LIGHTING_CONDITION,FIRST_CRASH_TYPE,TRAFFICWAY_TYPE,LANE_CNT,ALIGNMENT,ROADWAY_SURFACE_COND,ROAD_DEFECT,REPORT_TYPE,CRASH_TYPE,INTERSECTION_RELATED_I,NOT_RIGHT_OF_WAY_I,HIT_AND_RUN_I,DAMAGE,DATE_POLICE_NOTIFIED,PRIM_CONTRIBUTORY_CAUSE,SEC_CONTRIBUTORY_CAUSE,STREET_NO,STREET_DIRECTION,STREET_NAME,BEAT_OF_OCCURRENCE,PHOTOS_TAKEN_I,STATEMENTS_TAKEN_I,DOORING_I,WORK_ZONE_I,WORK_ZONE_TYPE,WORKERS_PRESENT_I,NUM_UNITS,MOST_SEVERE_INJURY,INJURIES_TOTAL,INJURIES_FATAL,INJURIES_INCAPACITATING,INJURIES_NON_INCAPACITATING,INJURIES_REPORTED_NOT_EVIDENT,INJURIES_NO_INDICATION,INJURIES_UNKNOWN,CRASH_HOUR,CRASH_DAY_OF_WEEK,CRASH_MONTH,LATITUDE,LONGITUDE,LOCATION
f2abab334169614ef331391c7714a5a3f15c49f8a29f810cf8cb9ffa4070bed0bf4ab765eef2d70ae7d0e23e4182381ba269cb7b9cd4425ef741bb51a93a86aa,JC492863,,10/30/2019 19:30,30,NO CONTROLS,NO CONTROLS,SLEET/HAIL,"DARKNESS, LIGHTED ROAD",SIDESWIPE SAME DIRECTION,DIVIDED - W/MEDIAN BARRIER,,STRAIGHT AND LEVEL,WET,NO DEFECTS,,INJURY AND / OR TOW DUE TO CRASH,,,,"OVER $1,500",10/30/2019 19:35,IMPROPER LANE USAGE,"OPERATING VEHICLE IN ERRATIC, RECKLESS, CARELESS, NEGLIGENT OR AGGRESSIVE MANNER",1043,S,ASHLAND AVE,1231,Y,,,,,,2,"REPORTED, NOT EVIDENT",1,0,0,0,1,1,0,19,4,10,41.86851681,-87.66628852,POINT (-87.666288519713 41.868516810116)
bbab8b62f0f7b4aa1a268f3021c39796946385669fb75b1112c47a5d8e7fcc61fe030c79c3bca22e68d429a03a198b5d94ec31b4a0cece614c16a89975ca334d,JE386331,,9/25/2021 0:15,45,NO CONTROLS,UNKNOWN,RAIN,"DARKNESS, LIGHTED ROAD",REAR END,DIVIDED - W/MEDIAN BARRIER,,STRAIGHT AND LEVEL,WET,NO DEFECTS,,INJURY AND / OR TOW DUE TO CRASH,,,Y,"OVER $1,500",9/25/2021 0:20,FAILING TO REDUCE SPEED TO AVOID CRASH,UNABLE TO DETERMINE,700,N,LAKE SHORE DR NB,1834,,,,,,,2,NONINCAPACITATING INJURY,1,0,0,1,0,1,0,0,7,9,41.89507884,-87.61584666,POINT (-87.615846658479 41.895078838031)
00802b0e75990a21e8819bcde99f29b6dba71830f1c51ad0c31d819206bfa17e507a1734821e52f9faf3c6cdb632fc49fa4f7cf4531103772d9b4b5b3a833148,,,4/9/2022 1:50,35,NO CONTROLS,NO CONTROLS,OTHER,"DARKNESS, LIGHTED ROAD",SIDESWIPE SAME DIRECTION,DIVIDED - W/MEDIAN BARRIER,,STRAIGHT AND LEVEL,WET,NO DEFECTS,ON SCENE,NO INJURY / DRIVE AWAY,,,Y,"$501 - $1,500",4/9/2022 1:56,UNABLE TO DETERMINE,NOT APPLICABLE,3901,N,CUMBERLAND AVE,1631,,,,,,,3,NO INDICATION OF INJURY,0,0,0,0,0,5,0,1,7,4,41.9503149,-87.83648199,POINT (-87.836481988838 41.950314896495)
3550b21a45e41fb756161daf3189ad8c1c7ea4b545474ddab65c1c050f990db38ce35db0a10c3c90d7827872135990fe59abfddece1d37f6de68383adaa7bc7c,JC490206,Y,11/1/2019 2:00,30,NO CONTROLS,UNKNOWN,UNKNOWN,UNKNOWN,PARKED MOTOR VEHICLE,ONE-WAY,,STRAIGHT AND LEVEL,UNKNOWN,NO DEFECTS,,NO INJURY / DRIVE AWAY,,,Y,"OVER $1,500",11/1/2019 7:45,UNABLE TO DETERMINE,UNABLE TO DETERMINE,4511,S,VINCENNES AVE,221,,,,,,,2,NO INDICATION OF INJURY,0,0,0,0,0,1,0,2,6,11,41.81274521,-87.61377718,POINT (-87.613777182623 41.812745207008)
3660c5e6193bf395fe5dbec88af49241e30f15df0892fa92671af19b17d4054d4ec223e0f7c251358436ba0fe6c70891b52976f78c57dd6753e6487d0cc6f00a,JF172369,,3/12/2022 22:07,30,NO CONTROLS,NO CONTROLS,CLEAR,"DARKNESS, LIGHTED ROAD",REAR TO REAR,NOT DIVIDED,,STRAIGHT AND LEVEL,DRY,NO DEFECTS,NOT ON SCENE (DESK REPORT),NO INJURY / DRIVE AWAY,,,,"OVER $1,500",3/13/2022 10:30,IMPROPER BACKING,FAILING TO YIELD RIGHT-OF-WAY,548,W,ERIE ST,1831,,,,,,,2,NO INDICATION OF INJURY,0,0,0,0,0,2,0,22,7,3,41.89399188,-87.64284995,POINT (-87.642849947697 41.893991883801)
074eebf9f4f648862caa351a42c04ee95b62764266583a596ba36fdb6651051c9885080125132a0ec022175043f375af1e49b5e6b5b923d3ac844e996647fc50,,,4/8/2022 20:52,30,TRAFFIC SIGNAL,FUNCTIONING PROPERLY,RAIN,"DARKNESS, LIGHTED ROAD",ANGLE,T-INTERSECTION,,STRAIGHT AND LEVEL,WET,UNKNOWN,ON SCENE,NO INJURY / DRIVE AWAY,Y,,,"OVER $1,500",4/8/2022 21:03,UNABLE TO DETERMINE,UNABLE TO DETERMINE,1600,N,KEELER AVE,2534,,,,,,,2,NO INDICATION OF INJURY,0,0,0,0,0,3,0,20,6,4,41.9099076,-87.73136033,POINT (-87.731360332207 41.909907599746)
8bd54022b16d95da0878ec03c2b4f1878412f88c69699cdfc6ad9e325c5078af2b1be6a9d5698be1b719811686b632958212e58522e9f7cc1d7abd8ecea0e669,,,4/7/2022 23:00,15,NO CONTROLS,NO CONTROLS,CLEAR,"DARKNESS, LIGHTED ROAD",PARKED MOTOR VEHICLE,NOT DIVIDED,,STRAIGHT AND LEVEL,DRY,NO DEFECTS,NOT ON SCENE (DESK REPORT),NO INJURY / DRIVE AWAY,,,Y,"OVER $1,500",4/8/2022 18:40,UNABLE TO DETERMINE,NOT APPLICABLE,1504,W,71ST ST,734,,,,,,,2,NO INDICATION OF INJURY,0,0,0,0,0,1,0,23,5,4,41.76504855,-87.66161528,POINT (-87.66161527635 41.765048547004)
19f4b6af11cdf94985bd658686e2132ffc06d10ebdcf430ad9185cc6de6d8e64f32971a10a4255f3031bca61c57e08a77ddd47962c95bd767b951bb9c509d24e,,,4/8/2022 15:51,30,NO CONTROLS,NO CONTROLS,RAIN,DAYLIGHT,SIDESWIPE SAME DIRECTION,NOT DIVIDED,,STRAIGHT AND LEVEL,WET,NO DEFECTS,ON SCENE,NO INJURY / DRIVE AWAY,,,,"OVER $1,500",4/8/2022 15:52,FAILING TO YIELD RIGHT-OF-WAY,FAILING TO REDUCE SPEED TO AVOID CRASH,5620,W,ROOSEVELT RD,1513,,,,,,,2,NO INDICATION OF INJURY,0,0,0,0,0,2,0,15,6,4,41.86569254,-87.76521996,POINT (-87.765219956428 41.865692539241)
e1ff7b3c41d23f916a45e9078696311ed29d66bef65f50af433ae07b0cd8c2348d379ae02f17c0345a31ca058748b6b5aa62d9f757b5f88b7cc73e3841f799bf,,,4/8/2022 18:00,30,STOP SIGN/FLASHER,FUNCTIONING PROPERLY,RAIN,DAYLIGHT,REAR END,DIVIDED - W/MEDIAN (NOT RAISED),,STRAIGHT AND LEVEL,WET,UNKNOWN,NOT ON SCENE (DESK REPORT),NO INJURY / DRIVE AWAY,,,,"OVER $1,500",4/8/2022 19:08,FOLLOWING TOO CLOSELY,UNABLE TO DETERMINE,1531,N,TRIPP AVE,2534,,,,,,,2,NO INDICATION OF INJURY,0,0,0,0,0,2,0,18,6,4,41.90858056,-87.73246222,POINT (-87.732462214715 41.908580557505)
1097dca341898fa939cdff16d9ae85b49d2945a9c6807e43bff3db83c6af03c44badb3b334e221d701311d893907a16897a313138dbed97e5297d5ef177fa951,,,4/8/2022 16:30,30,NO CONTROLS,NO CONTROLS,FREEZING RAIN/DRIZZLE,DAYLIGHT,SIDESWIPE SAME DIRECTION,CENTER TURN LANE,,STRAIGHT AND LEVEL,WET,NO DEFECTS,ON SCENE,INJURY AND / OR TOW DUE TO CRASH,Y,,,"OVER $1,500",4/8/2022 18:17,FAILING TO REDUCE SPEED TO AVOID CRASH,UNABLE TO DETERMINE,4931,N,HARLEM AVE,1613,,,,,,,2,NO INDICATION OF INJURY,0,0,0,0,0,2,0,16,6,4,41.9710191,-87.80695214,POINT (-87.806952141909 41.971019100444)
e112c29fbb0379cb870e4a662d89a488ee180969e2ae022134434fd739cc4b915497e114753fd4cbb99f7e5cf840558d1b2f214196a79644641af838d25432e9,,,4/7/2022 14:20,30,STOP SIGN/FLASHER,FUNCTIONING PROPERLY,UNKNOWN,DAYLIGHT,ANGLE,UNKNOWN INTERSECTION TYPE,,STRAIGHT AND LEVEL,WET,UNKNOWN,ON SCENE,INJURY AND / OR TOW DUE TO CRASH,Y,,,"OVER $1,500",4/7/2022 14:25,FAILING TO YIELD RIGHT-OF-WAY,UNABLE TO DETERMINE,2000,W,HUBBARD ST,1221,,,,,,,2,NO INDICATION OF INJURY,0,0,0,0,0,2,0,14,5,4,41.88983392,-87.67699972,POINT (-87.676999723815 41.889833922823)
9e62f6752cf4baee95161c3e8886ce19ad9261d875cba44910addfa7b011893a4ac15fd3204bf99005e9a2004cfd51fbe44fa72f5df2e67c016b1bd6f65e9cb1,,,4/8/2022 16:45,15,NO CONTROLS,NO CONTROLS,RAIN,DAYLIGHT,PARKED MOTOR VEHICLE,PARKING LOT,,STRAIGHT AND LEVEL,WET,UNKNOWN,NOT ON SCENE (DESK REPORT),NO INJURY / DRIVE AWAY,,Y,,"OVER $1,500",4/8/2022 17:50,UNABLE TO DETERMINE,UNABLE TO DETERMINE,5650,W,DIVISION ST,2531,,,,,,,2,NO INDICATION OF INJURY,0,0,0,0,0,2,0,16,6,4,41.902223,-87.76768778,POINT (-87.767687777949 41.902222995753)
1303e9441dc3586da265e1f55499e3ae32ed37bd04a516a7a4432878b1eb71d152bbcf2c4a71bd833c77799c7e77fc1a7a9e83ce1ac98ed33a68f38f5233b058,,,4/9/2022 0:25,30,TRAFFIC SIGNAL,FUNCTIONING PROPERLY,RAIN,"DARKNESS, LIGHTED ROAD",SIDESWIPE SAME DIRECTION,ONE-WAY,,STRAIGHT AND LEVEL,WET,UNKNOWN,NOT ON SCENE (DESK REPORT),NO INJURY / DRIVE AWAY,,,,"OVER $1,500",4/9/2022 1:10,IMPROPER LANE USAGE,NOT APPLICABLE,7541,S,STONY ISLAND AVE,411,,,,,,,2,NO INDICATION OF INJURY,0,0,0,0,0,3,0,0,7,4,41.75752343,-87.58555759,POINT (-87.585557586199 41.75752342608)
6d9a27107f4bd186d4d122fd29b37845eb284615299a636b64e83b70f614bae3d6e40c26be3cde7adcf4bc260e2958ae18a8439de08674f511f24ceac1077dfc,,Y,4/4/2022 9:30,30,UNKNOWN,UNKNOWN,UNKNOWN,UNKNOWN,PARKED MOTOR VEHICLE,DIVIDED - W/MEDIAN (NOT RAISED),,STRAIGHT AND LEVEL,UNKNOWN,UNKNOWN,NOT ON SCENE (DESK REPORT),NO INJURY / DRIVE AWAY,,,Y,"$501 - $1,500",4/7/2022 23:30,UNABLE TO DETERMINE,NOT APPLICABLE,1831,S,KEDZIE AVE,1022,,,,,,,2,NO INDICATION OF INJURY,0,0,0,0,0,1,0,9,2,4,41.85681956,-87.70525015,POINT (-87.705250153788 41.856819556497)
49d9815c8422ba630817e624e90fb7f7a4688a9e6c1b9763a4690bd45220f365a1264d0423fcace892397bcb2ae5636bc7b64ff5d0d3ae61b7ed20a036e09041,,,4/3/2022 12:34,30,NO CONTROLS,NO CONTROLS,CLEAR,DAYLIGHT,PARKED MOTOR VEHICLE,NOT DIVIDED,,STRAIGHT AND LEVEL,DRY,NO DEFECTS,NOT ON SCENE (DESK REPORT),NO INJURY / DRIVE AWAY,,,Y,"$501 - $1,500",4/8/2022 19:15,UNABLE TO DETERMINE,NOT APPLICABLE,630,W,WRIGHTWOOD AVE,1935,,,,,,,2,NO INDICATION OF INJURY,0,0,0,0,0,1,0,12,1,4,41.92946068,-87.64414043,POINT (-87.644140434156 41.929460684386)
b935b89cedcbbe1b8f92ef2879684a30837dbabd4295a54c60e255ec2be8eab60236614018fa592bb02535611a5994bbb66399d47f9ed172d397a89db5e62bd9,,,4/8/2022 13:45,30,POLICE/FLAGMAN,NO CONTROLS,CLEAR,DAYLIGHT,SIDESWIPE SAME DIRECTION,DIVIDED - W/MEDIAN (NOT RAISED),,STRAIGHT AND LEVEL,DRY,UNKNOWN,NOT ON SCENE (DESK REPORT),NO INJURY / DRIVE AWAY,,,,"$501 - $1,500",4/8/2022 14:12,UNABLE TO DETERMINE,UNABLE TO DETERMINE,2318,W,BERWYN AVE,2012,,,,,,,2,NO INDICATION OF INJURY,0,0,0,0,0,2,0,13,6,4,41.97784129,-87.68771786,POINT (-87.687717855597 41.977841286541)
8ee4cd27e757c5b40585dc1b5b8be24e7d56f92ab2151e1175e3688763abeb0ba345b4d205e1129352c96003284892c811eb6a54ee0224d810c3cf842c0c29d4,,,4/8/2022 7:55,0,NO CONTROLS,NO CONTROLS,RAIN,DAYLIGHT,OTHER OBJECT,PARKING LOT,,STRAIGHT AND LEVEL,WET,NO DEFECTS,ON SCENE,NO INJURY / DRIVE AWAY,,,,$500 OR LESS,4/8/2022 9:15,UNABLE TO DETERMINE,NOT APPLICABLE,5230,S,CICERO AVE,814,,,,,,,1,NO INDICATION OF INJURY,0,0,0,0,0,1,0,7,6,4,41.79781451,-87.74304502,POINT (-87.74304501633 41.797814512031)
f4ec7ec49646413606115fb6bc201ebddbc8e24b4020400742d3022c06624e703cdfb3ad327f1add0396c61dd3e964ac77111d18bb429fc23185d153947e50eb,,,4/7/2022 13:10,30,NO CONTROLS,NO CONTROLS,CLEAR,DAYLIGHT,PARKED MOTOR VEHICLE,NOT DIVIDED,,STRAIGHT AND LEVEL,DRY,NO DEFECTS,ON SCENE,INJURY AND / OR TOW DUE TO CRASH,,,Y,"OVER $1,500",4/7/2022 13:10,UNABLE TO DETERMINE,UNABLE TO DETERMINE,5937,S,LA SALLE ST,232,,,,,,,3,NO INDICATION OF INJURY,0,0,0,0,0,5,0,13,5,4,41.78619623,-87.62890694,POINT (-87.628906937442 41.786196231183)
d033637f0edd8a64ba7ecd806197e9e321f64978fce71f3612639268db69a972969f779908bc760ea84d9fa395c72cf7b9a6de26ae1abd2bb553d3f688e76596,,,4/7/2022 9:30,30,STOP SIGN/FLASHER,FUNCTIONING PROPERLY,SLEET/HAIL,DAYLIGHT,REAR END,DIVIDED - W/MEDIAN (NOT RAISED),,STRAIGHT AND LEVEL,ICE,NO DEFECTS,NOT ON SCENE (DESK REPORT),NO INJURY / DRIVE AWAY,,,,"OVER $1,500",4/7/2022 10:40,FOLLOWING TOO CLOSELY,WEATHER,4701,S,CICERO AVE,815,,,,,,,2,NO INDICATION OF INJURY,0,0,0,0,0,2,0,9,5,4,41.80753346,-87.74300342,POINT (-87.743003421203 41.807533457298)
c25aa2a42a4676d97f6c36e4d47a36c109c55513b0c20b2313eb3520f2277cdeada88833bb002bf9c8ee4425749b000ed6456f236d43a586991ebb74e98cda30,,,4/7/2022 21:00,35,NO CONTROLS,NO CONTROLS,UNKNOWN,"DARKNESS, LIGHTED ROAD",TURNING,NOT DIVIDED,,STRAIGHT AND LEVEL,UNKNOWN,UNKNOWN,NOT ON SCENE (DESK REPORT),NO INJURY / DRIVE AWAY,,,,"OVER $1,500",4/8/2022 11:30,UNABLE TO DETERMINE,UNABLE TO DETERMINE,4745,W,BELMONT AVE,2521,,,,,,,2,NO INDICATION OF INJURY,0,0,0,0,0,2,0,21,5,4,41.93872475,-87.74624148,POINT (-87.746241481449 41.938724749984)
286214a9709b183088c66403c092f982cf6ed06188e7adad8ac36c8701bac3101b2ddac708ffa5782e21411d5e921b43abaa023ce7ecf739ae58550356dc7014,,,4/8/2022 16:00,35,NO CONTROLS,NO CONTROLS,CLEAR,DAYLIGHT,SIDESWIPE SAME DIRECTION,DIVIDED - W/MEDIAN BARRIER,,STRAIGHT AND LEVEL,DRY,NO DEFECTS,NOT ON SCENE (DESK REPORT),NO INJURY / DRIVE AWAY,,,Y,"$501 - $1,500",4/8/2022 16:21,IMPROPER LANE USAGE,IMPROPER LANE USAGE,300,S,LOWER WACKER DR,122,,,,,,,2,NO INDICATION OF INJURY,0,0,0,0,0,2,0,16,6,4,41.87800941,-87.63709519,POINT (-87.63709519022 41.878009410984)
e3e7d0c13063b7b95746ffa2c2aba68c5418b68a6f1c7cbc08654c0c25b974a3166a9ea33b876bcc44f7f89daf7f2cc76ca070653d4795dbbc20ae00b57aa2b6,,,4/7/2022 21:23,30,STOP SIGN/FLASHER,FUNCTIONING PROPERLY,RAIN,"DARKNESS, LIGHTED ROAD",REAR END,NOT DIVIDED,,STRAIGHT AND LEVEL,WET,UNKNOWN,ON SCENE,NO INJURY / DRIVE AWAY,,,,"OVER $1,500",4/7/2022 21:28,DISTRACTION - FROM INSIDE VEHICLE,NOT APPLICABLE,4049,S,ROCKWELL ST,921,,,,,,,2,NO INDICATION OF INJURY,0,0,0,0,0,5,0,21,5,4,41.81969631,-87.68949827,POINT (-87.689498266536 41.819696312868)
d804be59db5e73e3973e451c00d22ffd94294855415aad9138c405ea3a98826bf5c572412d47e28a03eac6e754dd85d13df8b3b2deb4c9546fab54991f7d80bb,,,4/8/2022 18:10,30,TRAFFIC SIGNAL,FUNCTIONING PROPERLY,RAIN,"DARKNESS, LIGHTED ROAD",REAR END,Y-INTERSECTION,,STRAIGHT AND LEVEL,WET,NO DEFECTS,NOT ON SCENE (DESK REPORT),NO INJURY / DRIVE AWAY,Y,,,"OVER $1,500",4/8/2022 19:15,UNABLE TO DETERMINE,NOT APPLICABLE,6124,N,MILWAUKEE AVE,1611,,,,,,,2,NO INDICATION OF INJURY,0,0,0,0,0,3,0,18,6,4,41.99289537,-87.78389025,POINT (-87.783890247274 41.992895374477)
2a18411c644ca014b0849889af5db815a765a52ca8cb8a77aa38daf34ebc52c0f3a0e9ecbb8f89e5b5e0b968ae7c25197fd24c2d31581c90a621a441b8178ef3,,,4/7/2022 16:00,0,NO CONTROLS,NO CONTROLS,CLEAR,DAYLIGHT,PARKED MOTOR VEHICLE,OTHER,,STRAIGHT AND LEVEL,DRY,NO DEFECTS,NOT ON SCENE (DESK REPORT),NO INJURY / DRIVE AWAY,,N,,"OVER $1,500",4/8/2022 14:30,DRIVING SKILLS/KNOWLEDGE/EXPERIENCE,NOT APPLICABLE,348,E,KENSINGTON AVE,532,,,,,,,2,NO INDICATION OF INJURY,0,0,0,0,0,1,0,16,5,4,41.68408918,-87.61489839,POINT (-87.614898388933 41.684089176844)
29ca5aed23c8f728b8876bc1d5309f1179186439f303a2d063c64e123623dbe8e56fc155cd77a7fc0466fc54c9556009b90331c620e8308dd2c92e9313e39dc2,,,4/8/2022 9:00,30,NO CONTROLS,NO CONTROLS,RAIN,DAYLIGHT,PARKED MOTOR VEHICLE,NOT DIVIDED,,STRAIGHT ON GRADE,WET,NO DEFECTS,NOT ON SCENE (DESK REPORT),NO INJURY / DRIVE AWAY,,,Y,"OVER $1,500",4/8/2022 10:10,UNABLE TO DETERMINE,NOT APPLICABLE,1310,W,ADDISON ST,1923,,,,,,,2,NO INDICATION OF INJURY,0,0,0,0,0,1,0,9,6,4,41.94721008,-87.66207895,POINT (-87.662078952219 41.94721007682)
fd8eb6ca0cf275eca8b3facde0dd0441a78cb179a40e2a51be2f22eb7b669e24fdd396626ff23c7b2b6d6d659de1afa55ac7a730d6289437595fa76c9c591938,,,4/7/2022 17:45,30,TRAFFIC SIGNAL,FUNCTIONING PROPERLY,CLOUDY/OVERCAST,DAYLIGHT,SIDESWIPE SAME DIRECTION,NOT DIVIDED,,STRAIGHT AND LEVEL,DRY,NO DEFECTS,NOT ON SCENE (DESK REPORT),NO INJURY / DRIVE AWAY,Y,,,"$501 - $1,500",4/8/2022 11:45,IMPROPER OVERTAKING/PASSING,IMPROPER LANE USAGE,300,W,FULLERTON PKWY,1935,,,,,,,2,NO INDICATION OF INJURY,0,0,0,0,0,2,0,17,5,4,41.92576556,-87.63665127,POINT (-87.636651273282 41.925765554709)
c900674f3eeb32331c613bab06dea32bf956918a19b92886cb080a5b3dc620d5ca9dab2ad121d0407d70c6493dc3ae696c8f7abfba2ceeb8642ff97a680f6993,,,4/8/2022 17:14,30,NO CONTROLS,NO CONTROLS,FREEZING RAIN/DRIZZLE,"DARKNESS, LIGHTED ROAD",REAR END,DIVIDED - W/MEDIAN (NOT RAISED),,STRAIGHT AND LEVEL,WET,NO DEFECTS,ON SCENE,NO INJURY / DRIVE AWAY,,,Y,"$501 - $1,500",4/8/2022 18:29,UNABLE TO DETERMINE,UNABLE TO DETERMINE,1832,N,WESTERN AVE,1434,,,,,,,2,NO INDICATION OF INJURY,0,0,0,0,0,3,0,17,6,4,41.91489787,-87.6874885,POINT (-87.687488501573 41.914897865122)
c75323d97a7c0fd55017cfd0e38faeffef2d38763a767af18fbc937ce2e7166a9b5f6beb52476ba71cd345f53e0e9d33f0275fcbf428047858d5032d262cbbb8,,Y,4/8/2022 18:45,30,NO CONTROLS,NO CONTROLS,UNKNOWN,UNKNOWN,PARKED MOTOR VEHICLE,ONE-WAY,,STRAIGHT AND LEVEL,UNKNOWN,NO DEFECTS,ON SCENE,NO INJURY / DRIVE AWAY,,,Y,"OVER $1,500",4/8/2022 18:51,UNABLE TO DETERMINE,UNABLE TO DETERMINE,5113,S,DORCHESTER AVE,234,,,,,,,2,NO INDICATION OF INJURY,0,0,0,0,0,1,0,18,6,4,41.80197965,-87.59169732,POINT (-87.591697318687 41.801979651282)
8005223d8814ba7a86d7e9bbc65ee7cdffc6be00822d2827bbbf733181dfbcef392f0274e3afc4be17411761fb5a7f4adbc363affde2d523fb4de6fccec93d50,,,4/8/2022 15:00,30,NO CONTROLS,NO CONTROLS,RAIN,DAYLIGHT,REAR END,DIVIDED - W/MEDIAN (NOT RAISED),,STRAIGHT AND LEVEL,WET,UNKNOWN,NOT ON SCENE (DESK REPORT),NO INJURY / DRIVE AWAY,,,Y,"OVER $1,500",4/8/2022 16:30,UNABLE TO DETERMINE,UNABLE TO DETERMINE,5648,W,FULLERTON AVE,2515,,,,,,,2,NO INDICATION OF INJURY,0,0,0,0,0,3,0,15,6,4,41.92405986,-87.76797345,POINT (-87.767973445618 41.924059860704)
870f0d69df3717ea5ef86f77fc280dba8d9128a873b6dcbeb791b22db14154ec85863608c50ae3cfb065e2fd27609e57bf5ac71086323f9f0e3c30027e093bf4,,,4/8/2022 14:55,30,NO CONTROLS,NO CONTROLS,SNOW,DAWN,SIDESWIPE SAME DIRECTION,NOT DIVIDED,,STRAIGHT AND LEVEL,WET,NO DEFECTS,ON SCENE,INJURY AND / OR TOW DUE TO CRASH,,,Y,"OVER $1,500",4/8/2022 17:07,FAILING TO YIELD RIGHT-OF-WAY,FAILING TO YIELD RIGHT-OF-WAY,7500,S,COTTAGE GROVE AVE,624,,,,,,,2,NO INDICATION OF INJURY,0,0,0,0,0,2,0,14,6,4,41.75848489,-87.60553322,POINT (-87.605533219704 41.758484887637)
b20bfae3ed7c3771c11d681e7b2ccc889a5f10eb3c7620b3c45d0425ba85174c32c4f573f0d1dc86d430f0e87e4f46718dbf9d7fc14b987c12d4c5e400695870,,,4/8/2022 20:20,35,TRAFFIC SIGNAL,UNKNOWN,RAIN,"DARKNESS, LIGHTED ROAD",PEDALCYCLIST,FOUR WAY,,STRAIGHT AND LEVEL,WET,UNKNOWN,ON SCENE,NO INJURY / DRIVE AWAY,,,Y,$500 OR LESS,4/8/2022 20:26,UNABLE TO DETERMINE,UNABLE TO DETERMINE,2898,N,LINCOLN AVE,1932,,,,,,,2,NO INDICATION OF INJURY,0,0,0,0,0,2,0,20,6,4,41.93416882,-87.66117542,POINT (-87.661175422464 41.934168817096)
f01549f5195cdccdc63469c58862264533d453ba4fc631bdf9a75d213bccaacfe018259526a61a4c22a6c9db3d77a503b80b1c1f0450bbd0d2525d0388218b3a,,,4/7/2022 14:50,30,STOP SIGN/FLASHER,FUNCTIONING PROPERLY,CLEAR,DAYLIGHT,TURNING,NOT DIVIDED,,STRAIGHT AND LEVEL,DRY,NO DEFECTS,NOT ON SCENE (DESK REPORT),NO INJURY / DRIVE AWAY,,,,"OVER $1,500",4/7/2022 15:30,UNABLE TO DETERMINE,UNABLE TO DETERMINE,350,S,KEDZIE AVE,1134,,,,,,,2,NO INDICATION OF INJURY,0,0,0,0,0,3,0,14,5,4,41.87585439,-87.70611732,POINT (-87.706117315149 41.87585439245)
ccdb35c862d92cfad088f26c8eb850106e964992642d4200b4ef118b4db49d9940290b61b0481c7da250eeac8769adc6cf854d9593c6720e4b905242b486f8e8,,,4/8/2022 17:09,30,TRAFFIC SIGNAL,FUNCTIONING PROPERLY,RAIN,DAYLIGHT,REAR END,NOT DIVIDED,,STRAIGHT AND LEVEL,WET,NO DEFECTS,ON SCENE,NO INJURY / DRIVE AWAY,,,,"OVER $1,500",4/8/2022 17:16,UNABLE TO DETERMINE,NOT APPLICABLE,3864,S,ARCHER AVE,911,,,,,,,2,NO INDICATION OF INJURY,0,0,0,0,0,2,0,17,6,4,41.8233332,-87.6894144,POINT (-87.68941439961 41.823333195454)
471175bbd62706e9d1a23dca708efe2d5835703051105a1d5f585c7e64c87ac0d015a88bce169781de446b70eb3110819692789544440364dd9f5e94b5c8f01a,,,4/8/2022 13:25,15,NO CONTROLS,NO CONTROLS,CLEAR,DAYLIGHT,PARKED MOTOR VEHICLE,PARKING LOT,,STRAIGHT AND LEVEL,DRY,NO DEFECTS,NOT ON SCENE (DESK REPORT),NO INJURY / DRIVE AWAY,,,Y,"OVER $1,500",4/8/2022 14:52,UNABLE TO DETERMINE,UNABLE TO DETERMINE,625,W,ADAMS ST,121,,,,,,,2,NO INDICATION OF INJURY,0,0,0,0,0,1,0,13,6,4,41.8791526,-87.64370274,POINT (-87.643702742233 41.879152597061)
aae70c2e4f33f4acf093ec9ca5825f2e6739490311d959b4c2f9c1c796cd6e32b0adac0ba76b39ed888038d35a81469342816e81d99e6f8acf1222f13fac386b,,,4/8/2022 23:15,30,NO CONTROLS,NO CONTROLS,FREEZING RAIN/DRIZZLE,"DARKNESS, LIGHTED ROAD",SIDESWIPE OPPOSITE DIRECTION,NOT DIVIDED,,STRAIGHT AND LEVEL,WET,NO DEFECTS,NOT ON SCENE (DESK REPORT),NO INJURY / DRIVE AWAY,,,Y,"$501 - $1,500",4/8/2022 23:35,IMPROPER LANE USAGE,UNABLE TO DETERMINE,1500,W,DEVON AVE,2432,,,,,,,2,NO INDICATION OF INJURY,0,0,0,0,0,2,0,23,6,4,41.99821788,-87.66802505,POINT (-87.668025053649 41.998217876132)
517b17e590fbd52190a1c029b1bdc24932173f62a51c17539909d0ac700e52ed43e6447538de915eef173a7635aff5617ec5c34460754ecbe337c514930d6d8a,,,4/7/2022 12:00,30,NO CONTROLS,NO CONTROLS,CLEAR,DAYLIGHT,PARKED MOTOR VEHICLE,NOT DIVIDED,,STRAIGHT AND LEVEL,DRY,NO DEFECTS,NOT ON SCENE (DESK REPORT),NO INJURY / DRIVE AWAY,,,Y,"OVER $1,500",4/8/2022 10:15,UNABLE TO DETERMINE,UNABLE TO DETERMINE,2027,N,SHEFFIELD AVE,1812,,,,,,,2,NO INDICATION OF INJURY,0,0,0,0,0,1,0,12,5,4,41.91893208,-87.65325035,POINT (-87.653250352422 41.918932084218)