CRASH_RECORD_ID,RD_NO,CRASH_DATE_EST_I,CRASH_DATE,POSTED_SPEED_LIMIT,TRAFFIC_CONTROL_DEVICE,DEVICE_CONDITION,WEATHER_CONDITION,LIGHTING_CONDITION,FIRST_CRASH_TYPE,TRAFFICWAY_TYPE,LANE_CNT,ALIGNMENT,ROADWAY_SURFACE_COND,ROAD_DEFECT,REPORT_TYPE,CRASH_TYPE,INTERSECTION_RELATED_I,NOT_RIGHT_OF_WAY_I,HIT_AND_RUN_I,DAMAGE,DATE_POLICE_NOTIFIED,PRIM_CONTRIBUTORY_CAUSE,SEC_CONTRIBUTORY_CAUSE,STREET_NO,STREET_DIRECTION,STREET_NAME,BEAT_OF_OCCURRENCE,PHOTOS_TAKEN_I,STATEMENTS_TAKEN_I,DOORING_I,WORK_ZONE_I,WORK_ZONE_TYPE,WORKERS_PRESENT_I,NUM_UNITS,MOST_SEVERE_INJURY,INJURIES_TOTAL,INJURIES_FATAL,INJURIES_INCAPACITATING,INJURIES_NON_INCAPACITATING,INJURIES_REPORTED_NOT_EVIDENT,INJURIES_NO_INDICATION,INJURIES_UNKNOWN,CRASH_HOUR,CRASH_DAY_OF_WEEK,CRASH_MONTH,LATITUDE,LONGITUDE,LOCATION
bf10df448b13abe4e0650f3187bd5fab522b9b52b9928d1add6db062fb11e613fe0214842e638749e5ec574b8843d3f139189c3040a265379aaad7c325dcdf88,,,4/7/2022 9:30,30,NO CONTROLS,NO CONTROLS,UNKNOWN,DAYLIGHT,REAR TO REAR,DIVIDED - W/MEDIAN (NOT RAISED),,STRAIGHT AND LEVEL,UNKNOWN,UNKNOWN,NOT ON SCENE (DESK REPORT),NO INJURY / DRIVE AWAY,,,,"$501 - $1,500",4/8/2022 12:45,UNABLE TO DETERMINE,UNABLE TO DETERMINE,2737,N,HOYNE AVE,1931,,,,,,,2,NO INDICATION OF INJURY,0,0,0,0,0,2,0,9,5,4,41.93140726,-87.67868693,POINT (-87.678686933467 41.931407256079)
65de84c188d11612c9af16500511476b0d92bad485346354e518353fd0be5af6d23e3de99b3b3eb788dd38b3b6a4997e58af031208cdca051891c3132ce6df93,,,4/4/2022 17:35,30,NO CONTROLS,NO CONTROLS,RAIN,DAYLIGHT,PARKED MOTOR VEHICLE,NOT DIVIDED,,STRAIGHT AND LEVEL,WET,NO DEFECTS,ON SCENE,INJURY AND / OR TOW DUE TO CRASH,,,Y,"OVER $1,500",4/4/2022 17:42,"OPERATING VEHICLE IN ERRATIC, RECKLESS, CARELESS, NEGLIGENT OR AGGRESSIVE MANNER",IMPROPER LANE USAGE,5841,W,ADDISON ST,1633,,,,,,,2,NO INDICATION OF INJURY,0,0,0,0,0,4,0,17,2,4,41.94569635,-87.77326031,POINT (-87.773260308559 41.945696351073)
a239a38ea7b8d5f457b4a67c876020ed116d1173067d1d8a07aea400f992cb3aab98e67882a802bb6251111956fea0a948e7bafee0dcd5db0e685bd27a60d1de,,,4/8/2022 17:40,30,NO CONTROLS,NO CONTROLS,RAIN,DAYLIGHT,PARKED MOTOR VEHICLE,DIVIDED - W/MEDIAN (NOT RAISED),,STRAIGHT AND LEVEL,WET,NO DEFECTS,ON SCENE,NO INJURY / DRIVE AWAY,,,Y,$500 OR LESS,4/8/2022 17:43,UNABLE TO DETERMINE,NOT APPLICABLE,671,N,FRANKLIN ST,1831,,,,,,,2,NO INDICATION OF INJURY,0,0,0,0,0,1,0,17,6,4,41.89444468,-87.63550325,POINT (-87.635503246918 41.894444675862)
9392ac1be9e8920a181382fb91ee693bfae31bf4aa565d7baf684644eb90bbc32e6442377a732d9516fff961fa9e0ce6de085071486d66376de6470b74eef27c,,,4/2/2022 20:36,30,UNKNOWN,UNKNOWN,UNKNOWN,UNKNOWN,OTHER OBJECT,DIVIDED - W/MEDIAN (NOT RAISED),,STRAIGHT AND LEVEL,UNKNOWN,UNKNOWN,NOT ON SCENE (DESK REPORT),NO INJURY / DRIVE AWAY,,,,"$501 - $1,500",4/8/2022 15:45,UNABLE TO DETERMINE,NOT APPLICABLE,6801,N,CLARK ST,2431,,,,,,,1,NO INDICATION OF INJURY,0,0,0,0,0,2,0,20,7,4,42.00541939,-87.67297632,POINT (-87.672976316483 42.005419387691)
2c92152e9ba06eef425b70528c1172e45b916e8f1dc770df0a59c5184fbdb1f37dcacc88ea32bf47335d2d88509cc2e4a31bb2e9145dc8a812cda8f81c9c6799,,,4/8/2022 17:00,35,TRAFFIC SIGNAL,FUNCTIONING PROPERLY,RAIN,DAYLIGHT,REAR END,NOT DIVIDED,,STRAIGHT AND LEVEL,WET,NO DEFECTS,NOT ON SCENE (DESK REPORT),NO INJURY / DRIVE AWAY,,,Y,"$501 - $1,500",4/8/2022 17:41,FOLLOWING TOO CLOSELY,FOLLOWING TOO CLOSELY,60,E,BALBO AVE,123,,,,,,,2,NO INDICATION OF INJURY,0,0,0,0,0,2,0,17,6,4,41.87324248,-87.625696,POINT (-87.625696001047 41.873242481485)
fab3ad4174202c57fc8e40256fd86cbec6051fc05e8c8ee2c80f3d07445b17adbf464cf7bdd45c1626f5350d094147c232d29b47052ec5afe1492f91b5b54450,,,4/8/2022 7:34,30,STOP SIGN/FLASHER,FUNCTIONING PROPERLY,CLOUDY/OVERCAST,DAYLIGHT,ANGLE,DIVIDED - W/MEDIAN (NOT RAISED),,STRAIGHT AND LEVEL,WET,NO DEFECTS,ON SCENE,INJURY AND / OR TOW DUE TO CRASH,Y,,,"OVER $1,500",4/8/2022 7:57,"VISION OBSCURED (SIGNS, TREE LIMBS, BUILDINGS, ETC.)",NOT APPLICABLE,4180,N,ELSTON AVE,1723,,,,,,,2,NO INDICATION OF INJURY,0,0,0,0,0,2,0,7,6,4,41.9569048,-87.72407759,POINT (-87.724077587619 41.956904797338)
21f5286c51e45f2680277bc49fad529db373533ced7b2170dcb8a84afacb1175ddad327ec6dc49b0a29e9c232e2e8be65435652e2df4142ff3ba0e7579a76b9e,,Y,4/7/2022 17:30,30,NO CONTROLS,NO CONTROLS,UNKNOWN,UNKNOWN,PARKED MOTOR VEHICLE,NOT DIVIDED,,STRAIGHT AND LEVEL,UNKNOWN,UNKNOWN,NOT ON SCENE (DESK REPORT),NO INJURY / DRIVE AWAY,,,,"OVER $1,500",4/7/2022 20:40,UNABLE TO DETERMINE,UNABLE TO DETERMINE,4950,S,DAMEN AVE,931,,,,,,,2,NO INDICATION OF INJURY,0,0,0,0,0,1,0,17,5,4,41.80335613,-87.67470708,POINT (-87.674707078788 41.803356132366)
3b33054c5271de37bc9e27d0bbfde5584af5648c559d021b1eb621e0242d3cd2508cbc17a17827b8e09feaa5da94eb8b7a38d09bd259376c12664ed473b32a2f,JF171321,,3/12/2022 9:45,30,NO CONTROLS,NO CONTROLS,CLEAR,DAYLIGHT,PARKED MOTOR VEHICLE,ONE-WAY,,STRAIGHT AND LEVEL,DRY,NO DEFECTS,NOT ON SCENE (DESK REPORT),NO INJURY / DRIVE AWAY,,,,"OVER $1,500",3/12/2022 11:15,NOT APPLICABLE,NOT APPLICABLE,2919,W,LEXINGTON ST,1135,,,,,,,2,NO INDICATION OF INJURY,0,0,0,0,0,1,0,9,7,3,41.87182767,-87.69931017,POINT (-87.699310172457 41.871827673581)
84bc688f30311d2a78ab87bdf45dac2891e11578e6ca7e3801845acf545217870b92cb188228295c6b8a4e0fe74baafdbb78cf4fb43e4766484b2c07a50bc698,,,4/7/2022 12:15,30,NO CONTROLS,NO CONTROLS,CLOUDY/OVERCAST,DAYLIGHT,PARKED MOTOR VEHICLE,NOT DIVIDED,,STRAIGHT AND LEVEL,DRY,NO DEFECTS,NOT ON SCENE (DESK REPORT),NO INJURY / DRIVE AWAY,,,Y,"OVER $1,500",4/7/2022 12:30,IMPROPER LANE USAGE,UNABLE TO DETERMINE,7445,N,SHERIDAN RD,2422,,,,,,,2,NO INDICATION OF INJURY,0,0,0,0,0,2,0,12,5,4,42.01757052,-87.66538488,POINT (-87.665384877915 42.017570518615)
a4769dbbbc3da55dce5aa4bd81222ed33d22872815e375549f3971e4ebc079ec264df71bf6ece91bda20e769387643b3d80ad61a2c4969c6a67e91153e78a210,,,4/8/2022 22:50,30,NO CONTROLS,NO CONTROLS,RAIN,"DARKNESS, LIGHTED ROAD",FIXED OBJECT,NOT DIVIDED,,STRAIGHT AND LEVEL,WET,"RUT, HOLES",ON SCENE,INJURY AND / OR TOW DUE TO CRASH,,,,"OVER $1,500",4/8/2022 22:53,UNABLE TO DETERMINE,NOT APPLICABLE,3608,W,47TH ST,821,,,,,,,1,NO INDICATION OF INJURY,0,0,0,0,0,1,0,22,6,4,41.80809777,-87.71429136,POINT (-87.714291357145 41.808097772378)
720bb5f3d2d00f87269a1180b4253423480ae7b593100f58cac60c49120c2a73b9f24842734e64cf16fbabecf5ff576fcef970d9da033c39e434aaf2e0ef6c39,,,4/7/2022 19:30,30,TRAFFIC SIGNAL,FUNCTIONING PROPERLY,RAIN,"DARKNESS, LIGHTED ROAD",ANGLE,NOT DIVIDED,,STRAIGHT AND LEVEL,WET,NO DEFECTS,NOT ON SCENE (DESK REPORT),NO INJURY / DRIVE AWAY,,,,"OVER $1,500",4/8/2022 11:25,FAILING TO YIELD RIGHT-OF-WAY,UNABLE TO DETERMINE,3155,N,CICERO AVE,2521,,,,,,,2,NO INDICATION OF INJURY,0,0,0,0,0,2,0,19,5,4,41.93866355,-87.74672488,POINT (-87.746724876893 41.938663551133)
0df62e29f6584be5a04945202c4933a21ea88041717ddd3f5adddbc8064d42fa1a60cf17fd2ba180be6f5976f6e1ca04205d5ab6209b62b826cb1d4d68a16526,,,4/8/2022 3:00,30,NO CONTROLS,NO CONTROLS,CLOUDY/OVERCAST,"DARKNESS, LIGHTED ROAD",PARKED MOTOR VEHICLE,ONE-WAY,,STRAIGHT AND LEVEL,WET,NO DEFECTS,ON SCENE,NO INJURY / DRIVE AWAY,,,Y,"OVER $1,500",4/8/2022 3:16,UNABLE TO DETERMINE,UNABLE TO DETERMINE,515,W,BRIAR PL,1934,,,,,,,2,NO INDICATION OF INJURY,0,0,0,0,0,1,0,3,6,4,41.9386048,-87.64258745,POINT (-87.642587451022 41.938604797925)
e7b2ca01981f6f4cc2e4fabae2de0726790fc0cdace003296b64eb92c3e68304c0afdf59e990eef7a9771ed44112956eeb72aa556fe12066c7e8ca7b9f8c8adf,,,4/6/2022 14:05,30,TRAFFIC SIGNAL,FUNCTIONING PROPERLY,CLEAR,DAYLIGHT,ANGLE,NOT DIVIDED,,STRAIGHT AND LEVEL,DRY,NO DEFECTS,ON SCENE,INJURY AND / OR TOW DUE TO CRASH,,,,"OVER $1,500",4/6/2022 14:10,DISREGARDING TRAFFIC SIGNALS,DISREGARDING TRAFFIC SIGNALS,1800,W,WARREN BLVD,1223,,,,,,,2,NO INDICATION OF INJURY,0,0,0,0,0,2,0,14,4,4,41.88241826,-87.67189725,POINT (-87.671897246463 41.882418258746)
165e567689ab8d5b8e0a8fa07950b01658481b4b800bb6151c807bd8ec882433590d7118842e4b1a51bef6945ca4da391818f5e1ec052c9a7ba17d41834403f1,,Y,4/8/2022 0:00,30,NO CONTROLS,NO CONTROLS,CLEAR,"DARKNESS, LIGHTED ROAD",PARKED MOTOR VEHICLE,ONE-WAY,,STRAIGHT AND LEVEL,DRY,NO DEFECTS,ON SCENE,NO INJURY / DRIVE AWAY,,,Y,"OVER $1,500",4/8/2022 16:10,UNABLE TO DETERMINE,NOT APPLICABLE,7305,S,KENWOOD AVE,324,,,,,,,2,NO INDICATION OF INJURY,0,0,0,0,0,1,0,0,6,4,41.76216328,-87.59196691,POINT (-87.591966911291 41.762163281414)
b697e9aecc8513ad3ef1508cf64da4a9ad5419518ea69b4d2fef3eff2bfa71e09c2e763a8a8f5f6d0355fffbdf3fe85e04f57ae885de37027c16d7454acf0fd5,,,4/8/2022 7:57,30,NO CONTROLS,NO CONTROLS,CLEAR,DAYLIGHT,FIXED OBJECT,NOT DIVIDED,,STRAIGHT AND LEVEL,DRY,NO DEFECTS,NOT ON SCENE (DESK REPORT),NO INJURY / DRIVE AWAY,,,,"OVER $1,500",4/8/2022 8:50,UNABLE TO DETERMINE,UNABLE TO DETERMINE,5834,S,CALIFORNIA AVE,824,,,,,,,1,NO INDICATION OF INJURY,0,0,0,0,0,1,0,7,6,4,41.78717416,-87.69376203,POINT (-87.693762030183 41.787174157691)
973fd5aba11e581407edb723ab314d36eb29a467d7bfe1e533262730eec92365102dacb470151db5982755dd705251f68937797b318a7f05b421a059ef7f333c,,,4/8/2022 20:00,30,NO CONTROLS,NO CONTROLS,RAIN,"DARKNESS, LIGHTED ROAD",REAR END,NOT DIVIDED,,STRAIGHT AND LEVEL,WET,UNKNOWN,NOT ON SCENE (DESK REPORT),NO INJURY / DRIVE AWAY,Y,,,"$501 - $1,500",4/8/2022 21:00,WEATHER,WEATHER,3800,S,CAMPBELL AVE,911,,,,,,,2,NO INDICATION OF INJURY,0,0,0,0,0,2,0,20,6,4,41.82473559,-87.68749971,POINT (-87.687499705645 41.824735591643)
ceb3e7aceb6aec654405144918eb3157fda27e7cc0966c21c6c26c68bdd5be2179276b118e26af161e666c742488dbe56d133e55b24528bfd837927048f54ad0,,Y,4/8/2022 13:00,30,NO CONTROLS,NO CONTROLS,UNKNOWN,UNKNOWN,SIDESWIPE SAME DIRECTION,DIVIDED - W/MEDIAN BARRIER,,STRAIGHT AND LEVEL,UNKNOWN,UNKNOWN,NOT ON SCENE (DESK REPORT),NO INJURY / DRIVE AWAY,,,Y,"OVER $1,500",4/8/2022 13:20,UNABLE TO DETERMINE,NOT APPLICABLE,710,W,87TH ST,622,,,,,,,2,NO INDICATION OF INJURY,0,0,0,0,0,2,0,13,6,4,41.73625587,-87.64166778,POINT (-87.64166778278 41.73625587308)
3c137b32c8360b801f036fdada402937f03f6138daf3683fe42313fab298dbdb4b8813c02d240b1cda008873971cbd4b4346835eaa602bc674080ce9f4e70b29,,,3/27/2022 2:40,30,STOP SIGN/FLASHER,FUNCTIONING PROPERLY,CLEAR,"DARKNESS, LIGHTED ROAD",ANGLE,FOUR WAY,,STRAIGHT AND LEVEL,DRY,NO DEFECTS,ON SCENE,INJURY AND / OR TOW DUE TO CRASH,Y,,,"OVER $1,500",3/27/2022 2:42,UNABLE TO DETERMINE,UNABLE TO DETERMINE,7901,S,PAXTON AVE,414,,,,,,,2,NO INDICATION OF INJURY,0,0,0,0,0,2,0,2,1,3,41.75157913,-87.57095796,POINT (-87.570957959103 41.751579126557)
db8ad92ebbb9ec0fa9db736eaea0759d7bed118af0c4d3a7a58861f67e2032299eddd6c44fcaffb6546af5b7513a0330da39f5814eabd0120513eee6b4bd5cb7,,,4/8/2022 19:00,30,TRAFFIC SIGNAL,FUNCTIONING PROPERLY,RAIN,"DARKNESS, LIGHTED ROAD",TURNING,NOT DIVIDED,,STRAIGHT AND LEVEL,WET,NO DEFECTS,NOT ON SCENE (DESK REPORT),NO INJURY / DRIVE AWAY,Y,,,"OVER $1,500",4/8/2022 19:38,DRIVING SKILLS/KNOWLEDGE/EXPERIENCE,DISREGARDING OTHER TRAFFIC SIGNS,1550,W,CHICAGO AVE,1213,,,,,,,2,NO INDICATION OF INJURY,0,0,0,0,0,2,0,19,6,4,41.89618984,-87.66691929,POINT (-87.666919290095 41.896189838031)
565375d08dc92fdf31223819169b19d2c8c957280793dba03554e403b1b805d4f79a10c4e936a3d3774a4c1eedb204f3887065965360bf962467f852ddb2b612,,,4/4/2022 20:00,30,STOP SIGN/FLASHER,FUNCTIONING PROPERLY,CLEAR,"DARKNESS, LIGHTED ROAD",ANGLE,FOUR WAY,,STRAIGHT AND LEVEL,DRY,NO DEFECTS,NOT ON SCENE (DESK REPORT),NO INJURY / DRIVE AWAY,Y,,Y,"OVER $1,500",4/8/2022 15:00,DISREGARDING STOP SIGN,NOT APPLICABLE,200,N,LOCKWOOD AVE,1523,,,,,,,2,NO INDICATION OF INJURY,0,0,0,0,0,2,0,20,2,4,41.88447835,-87.75780945,POINT (-87.757809450149 41.884478344781)
95bb1c4fed4b35db1ed0ab091e6bfd40520c8c73d7d27ef40ac099af43fa9c83c2f110d95fff2d1a879018574df3b74e8d2ba7638b51d2db85f2b4437c572f17,,,4/8/2022 15:50,30,NO CONTROLS,NO CONTROLS,CLOUDY/OVERCAST,DAYLIGHT,PARKED MOTOR VEHICLE,NOT DIVIDED,,STRAIGHT AND LEVEL,WET,NO DEFECTS,ON SCENE,INJURY AND / OR TOW DUE TO CRASH,,,Y,"OVER $1,500",4/8/2022 16:08,UNABLE TO DETERMINE,UNABLE TO DETERMINE,1335,E,76TH ST,411,,,,,,,3,NONINCAPACITATING INJURY,1,0,0,1,0,4,0,15,6,4,41.75678433,-87.59175027,POINT (-87.59175026536 41.756784326011)
51421e6804f86379194b7c676bdf26954b8f9ede67def2002128e49954ac0abf218568944d6bacb2513e961cf02434b8be9ec67b79a08c4aefa43bf04cc4c2f0,,,4/8/2022 20:40,30,NO CONTROLS,NO CONTROLS,RAIN,"DARKNESS, LIGHTED ROAD",TURNING,DIVIDED - W/MEDIAN (NOT RAISED),,STRAIGHT AND LEVEL,WET,NO DEFECTS,ON SCENE,NO INJURY / DRIVE AWAY,,,Y,"OVER $1,500",4/8/2022 20:56,IMPROPER TURNING/NO SIGNAL,NOT APPLICABLE,300,E,87TH ST,632,,,,,,,2,NO INDICATION OF INJURY,0,0,0,0,0,2,0,20,6,4,41.7365662,-87.6176809,POINT (-87.6176808952 41.736566200603)
3c9717a99670e3f4f0f7eeb84080240cf64eb60df5c6f696be973df8ad9d5ff837845adb64474d1a4ac706584b9db9767144e8b35a23221b8b612d340e438065,JF171663,,3/12/2022 15:45,30,STOP SIGN/FLASHER,FUNCTIONING PROPERLY,CLEAR,DAYLIGHT,ANGLE,FOUR WAY,,STRAIGHT AND LEVEL,DRY,NO DEFECTS,NOT ON SCENE (DESK REPORT),NO INJURY / DRIVE AWAY,Y,,Y,"$501 - $1,500",3/12/2022 16:00,DISREGARDING STOP SIGN,NOT APPLICABLE,7100,S,PEORIA ST,733,,,,,,,2,NO INDICATION OF INJURY,0,0,0,0,0,2,0,15,7,3,41.76507023,-87.6469833,POINT (-87.646983303434 41.765070225282)
bd71107db7213eb60074cce6bdee45326aefbe1b43de0e239a19a24fa3264b462beff7a200e8505f39f572633d848b544bcb1a381a255d97bed05e5e75e44f27,,,4/4/2022 8:18,30,STOP SIGN/FLASHER,FUNCTIONING PROPERLY,CLEAR,DAYLIGHT,ANGLE,NOT DIVIDED,,STRAIGHT AND LEVEL,WET,UNKNOWN,ON SCENE,INJURY AND / OR TOW DUE TO CRASH,Y,,,"OVER $1,500",4/4/2022 8:22,DISREGARDING STOP SIGN,FAILING TO YIELD RIGHT-OF-WAY,1600,S,LAWNDALE AVE,1014,,,,,,,2,NONINCAPACITATING INJURY,1,0,0,1,0,1,0,8,2,4,41.85885291,-87.71782129,POINT (-87.717821290091 41.858852908363)
886eed2150c486f193faaffe02a3a6980071e01e531225a19958149da73d18ab2aacb82fb5bb68f89ac734f79c105bcd2998ca7cd348975abd080c57b52c0efa,,,4/1/2022 16:30,30,TRAFFIC SIGNAL,FUNCTIONING PROPERLY,CLEAR,DAYLIGHT,ANGLE,NOT DIVIDED,,STRAIGHT AND LEVEL,DRY,NO DEFECTS,NOT ON SCENE (DESK REPORT),NO INJURY / DRIVE AWAY,,,,"$501 - $1,500",4/7/2022 12:30,UNABLE TO DETERMINE,UNABLE TO DETERMINE,4659,S,WESTERN AVE,922,,,,,,,2,NO INDICATION OF INJURY,0,0,0,0,0,2,0,16,6,4,41.80847456,-87.68428004,POINT (-87.684280037857 41.808474557998)
ff6d3df2869739fb81e93a53632578d8a5762669c8561b0dde5be073e2dcd6d2df5c6160386eabd90effcf331a2cebeb0ed34eab2656271808c5ac4c2e775aca,,,4/8/2022 20:36,30,STOP SIGN/FLASHER,FUNCTIONING PROPERLY,RAIN,"DARKNESS, LIGHTED ROAD",SIDESWIPE SAME DIRECTION,NOT DIVIDED,,STRAIGHT AND LEVEL,WET,NO DEFECTS,NOT ON SCENE (DESK REPORT),NO INJURY / DRIVE AWAY,Y,,Y,"$501 - $1,500",4/8/2022 21:36,UNABLE TO DETERMINE,UNABLE TO DETERMINE,500,S,OAKLEY BLVD,1225,Y,,,,,,2,NO INDICATION OF INJURY,0,0,0,0,0,3,0,20,6,4,41.87490535,-87.6839445,POINT (-87.683944497378 41.87490535443)
dfc5b11ffe342fbddd5f4ee59a765d6b4e2326ccf93a422f6932db5373689c6c537e7e7baf99a3b8e097fa25859a63fd5cb179134a192f6454fa620361d7bb15,,,4/8/2022 10:07,25,NO CONTROLS,NO CONTROLS,RAIN,DAYLIGHT,PARKED MOTOR VEHICLE,NOT DIVIDED,,STRAIGHT AND LEVEL,WET,NO DEFECTS,NOT ON SCENE (DESK REPORT),NO INJURY / DRIVE AWAY,,,,"$501 - $1,500",4/8/2022 10:37,UNABLE TO DETERMINE,NOT APPLICABLE,1948,W,18TH ST,1234,,,,,,,2,NO INDICATION OF INJURY,0,0,0,0,0,1,0,10,6,4,41.85777873,-87.67549579,POINT (-87.675495788166 41.857778728099)
a6f43b773d8c17288d4fca0a7345ebd4bf635b68816a621e7e24e63e02ec281181454fb2bda89dcabdacb0b3d239f259952bcf7acc3621f147c450c0af03f40c,,,4/6/2022 9:50,30,NO CONTROLS,NO CONTROLS,CLEAR,DAYLIGHT,FIXED OBJECT,DIVIDED - W/MEDIAN (NOT RAISED),,STRAIGHT AND LEVEL,DRY,OTHER,NOT ON SCENE (DESK REPORT),NO INJURY / DRIVE AWAY,,,,$500 OR LESS,4/8/2022 15:05,FAILING TO YIELD RIGHT-OF-WAY,ROAD ENGINEERING/SURFACE/MARKING DEFECTS,5346,S,CICERO AVE,814,,,,,,,1,NO INDICATION OF INJURY,0,0,0,0,0,1,0,9,4,4,41.79524756,-87.74296813,POINT (-87.742968125482 41.795247564343)
24c1373055ae430556a3d0385d621a35bd0308a99f0fcdaa7c65491bc40a1a237bb4e0442b638bd8cb9fac8856fc5d3248d4dafa1945d188ffc2287a737630bf,,,4/8/2022 19:00,35,UNKNOWN,UNKNOWN,RAIN,UNKNOWN,ANGLE,NOT DIVIDED,,STRAIGHT AND LEVEL,WET,NO DEFECTS,NOT ON SCENE (DESK REPORT),NO INJURY / DRIVE AWAY,,,,"$501 - $1,500",4/8/2022 20:30,UNABLE TO DETERMINE,NOT APPLICABLE,6000,W,SUNNYSIDE AVE,1622,,,,,,,2,NO INDICATION OF INJURY,0,0,0,0,0,2,0,19,6,4,41.9622544,-87.77714326,POINT (-87.77714326407 41.962254396769)
3d62caa0b133bd414457a67b2cc119e2e536c84d2439a4fe1147a7cb010a588538b98fa90ceef3bd20430fe21a98da6448018e50c5b76bdc21df22346ec8f5da,,,3/27/2022 3:10,30,TRAFFIC SIGNAL,FUNCTIONING PROPERLY,CLEAR,"DARKNESS, LIGHTED ROAD",ANGLE,TRAFFIC ROUTE,,STRAIGHT AND LEVEL,DRY,UNKNOWN,NOT ON SCENE (DESK REPORT),NO INJURY / DRIVE AWAY,Y,,Y,"OVER $1,500",3/27/2022 3:20,DISREGARDING OTHER TRAFFIC SIGNS,DRIVING SKILLS/KNOWLEDGE/EXPERIENCE,5200,W,MADISON ST,1522,,,,,,,2,NO INDICATION OF INJURY,0,0,0,0,0,2,0,3,1,3,41.88048075,-87.75513043,POINT (-87.755130432965 41.880480751702)
70237ca2fc2a7733da21227238d7ff56abc0cd9e080e88c2a26a0935e295b26635dbee10c5fb9ccfb081fc9ec60a29f451355a490a889f39a8c6305c148d95ff,,,4/8/2022 8:50,30,TRAFFIC SIGNAL,FUNCTIONING PROPERLY,RAIN,DAYLIGHT,REAR END,NOT DIVIDED,,STRAIGHT AND LEVEL,WET,NO DEFECTS,NOT ON SCENE (DESK REPORT),NO INJURY / DRIVE AWAY,Y,,,"OVER $1,500",4/8/2022 10:35,FOLLOWING TOO CLOSELY,NOT APPLICABLE,299,S,COLUMBUS DR,114,,,,,,,2,NO INDICATION OF INJURY,0,0,0,0,0,2,0,8,6,4,41.87840575,-87.62053929,POINT (-87.620539289382 41.878405745325)
7538d9c001c5732eeea8399c0f574950e4a5b979b3412b7f1e04831616b1655074fc76686f17de58e132057d97eb78157abbd99d6722fb71a3a94c16d6e37703,,,4/7/2022 18:15,30,TRAFFIC SIGNAL,FUNCTIONING PROPERLY,RAIN,"DARKNESS, LIGHTED ROAD",REAR END,DIVIDED - W/MEDIAN (NOT RAISED),,STRAIGHT AND LEVEL,WET,NO DEFECTS,NOT ON SCENE (DESK REPORT),NO INJURY / DRIVE AWAY,,,,"OVER $1,500",4/7/2022 19:55,FAILING TO REDUCE SPEED TO AVOID CRASH,DRIVING SKILLS/KNOWLEDGE/EXPERIENCE,8700,S,SANGAMON ST,2222,,,,,,,2,NO INDICATION OF INJURY,0,0,0,0,0,2,0,18,5,4,41.73593012,-87.64742896,POINT (-87.647428959217 41.735930121441)
10e25fc390ecbfb6d6b4f5841d9b19f0c7ede34375a3b7762688765be2fde62a7d4c40b7fa052103d8ad358bac82d14452c1ea3310ba39dd8c1117806c9763b7,,,4/7/2022 21:35,30,TRAFFIC SIGNAL,FUNCTIONING PROPERLY,FREEZING RAIN/DRIZZLE,"DARKNESS, LIGHTED ROAD",REAR END,DIVIDED - W/MEDIAN (NOT RAISED),,STRAIGHT AND LEVEL,WET,NO DEFECTS,NOT ON SCENE (DESK REPORT),NO INJURY / DRIVE AWAY,,,,"OVER $1,500",4/8/2022 17:15,FOLLOWING TOO CLOSELY,UNABLE TO DETERMINE,4000,S,ARCHER AVE,921,,,,,,,2,NO INDICATION OF INJURY,0,0,0,0,0,2,0,21,5,4,41.82112968,-87.69299977,POINT (-87.69299977387 41.821129679699)
13ac56674f4f79aded36b697e71dadc4e3fe8a6da3fa0c63b82ca00b191553c87d3f872e3da448a90f5db66fd1ad7fe995bd36154c0fa86486992e81c3aae5f3,,,4/8/2022 9:45,15,NO CONTROLS,NO CONTROLS,RAIN,DAYLIGHT,PARKED MOTOR VEHICLE,NOT DIVIDED,,STRAIGHT AND LEVEL,WET,NO DEFECTS,ON SCENE,INJURY AND / OR TOW DUE TO CRASH,,,,"OVER $1,500",4/8/2022 9:50,UNABLE TO DETERMINE,UNABLE TO DETERMINE,6060,N,HIAWATHA AVE,1711,,,,,,,2,NO INDICATION OF INJURY,0,0,0,0,0,1,0,9,6,4,41.99093372,-87.74408415,POINT (-87.744084149819 41.990933718721)
de57dd11338698faede6c7b0f066efdd50ce6a5b70741d29064f24f9081704ee92bcf2ca91d8001a770177516a43884f1f256ca70e1e37fd0c94551cc33577da,,,3/31/2022 13:20,30,NO CONTROLS,NO CONTROLS,UNKNOWN,DAYLIGHT,PARKED MOTOR VEHICLE,NOT DIVIDED,,STRAIGHT AND LEVEL,UNKNOWN,UNKNOWN,NOT ON SCENE (DESK REPORT),NO INJURY / DRIVE AWAY,,,Y,"OVER $1,500",4/7/2022 13:20,UNABLE TO DETERMINE,UNABLE TO DETERMINE,450,N,WOLCOTT AVE,1221,,,,,,,2,NO INDICATION OF INJURY,0,0,0,0,0,1,0,13,5,3,41.89020391,-87.67459151,POINT (-87.674591509951 41.890203912849)
3d909870a66b37a3527e8b7a7818e4a51b5ca43da9767076059d430fa338d48f850c729b1432c0061af51567cabbd73c790d2daa91be340e1a7a50da8cb2380f,,,4/8/2022 16:48,15,NO CONTROLS,NO CONTROLS,RAIN,DAYLIGHT,PARKED MOTOR VEHICLE,PARKING LOT,,STRAIGHT ON GRADE,WET,NO DEFECTS,NOT ON SCENE (DESK REPORT),NO INJURY / DRIVE AWAY,,,,"$501 - $1,500",4/8/2022 17:40,IMPROPER BACKING,NOT APPLICABLE,9615,S,WESTERN AVE,2213,,,,,,,2,NO INDICATION OF INJURY,0,0,0,0,0,1,0,16,6,4,41.71862595,-87.68184548,POINT (-87.681845480692 41.718625945454)