CRASH_RECORD_ID,RD_NO,CRASH_DATE_EST_I,CRASH_DATE,POSTED_SPEED_LIMIT,TRAFFIC_CONTROL_DEVICE,DEVICE_CONDITION,WEATHER_CONDITION,LIGHTING_CONDITION,FIRST_CRASH_TYPE,TRAFFICWAY_TYPE,LANE_CNT,ALIGNMENT,ROADWAY_SURFACE_COND,ROAD_DEFECT,REPORT_TYPE,CRASH_TYPE,INTERSECTION_RELATED_I,NOT_RIGHT_OF_WAY_I,HIT_AND_RUN_I,DAMAGE,DATE_POLICE_NOTIFIED,PRIM_CONTRIBUTORY_CAUSE,SEC_CONTRIBUTORY_CAUSE,STREET_NO,STREET_DIRECTION,STREET_NAME,BEAT_OF_OCCURRENCE,PHOTOS_TAKEN_I,STATEMENTS_TAKEN_I,DOORING_I,WORK_ZONE_I,WORK_ZONE_TYPE,WORKERS_PRESENT_I,NUM_UNITS,MOST_SEVERE_INJURY,INJURIES_TOTAL,INJURIES_FATAL,INJURIES_INCAPACITATING,INJURIES_NON_INCAPACITATING,INJURIES_REPORTED_NOT_EVIDENT,INJURIES_NO_INDICATION,INJURIES_UNKNOWN,CRASH_HOUR,CRASH_DAY_OF_WEEK,CRASH_MONTH,LATITUDE,LONGITUDE,LOCATION
bbe25c8efc8d4eba1f86c82fbfefaa55d125e4561742e31df8c959976e29aedb5aa633b913ebb83a84208d47c22d6122a12334f6eebf0e14c7fc1abac7ae5572,,,4/8/2022 21:45,30,UNKNOWN,UNKNOWN,BLOWING SNOW,DARKNESS,SIDESWIPE SAME DIRECTION,DIVIDED - W/MEDIAN (NOT RAISED),,STRAIGHT AND LEVEL,WET,NO DEFECTS,ON SCENE,NO INJURY / DRIVE AWAY,,,Y,"OVER $1,500",4/8/2022 22:30,UNABLE TO DETERMINE,NOT APPLICABLE,1827,N,CICERO AVE,2533,,,,,,,2,NO INDICATION OF INJURY,0,0,0,0,0,2,0,21,6,4,41.91412328,-87.74585022,POINT (-87.745850219246 41.914123277706)
9cb5fd1fa75b6828e8f880c49e69bb20abfcf3b4dd01aa7e00ce67c0ebbc3489da5444e7f11cd4aa5c06c0447d4caa7fe1c0864925c1ddeebe5f73853f26a9c1,,,4/8/2022 21:01,30,TRAFFIC SIGNAL,FUNCTIONING PROPERLY,RAIN,"DARKNESS, LIGHTED ROAD",PEDESTRIAN,FOUR WAY,,STRAIGHT AND LEVEL,WET,NO DEFECTS,ON SCENE,INJURY AND / OR TOW DUE TO CRASH,Y,,,$500 OR LESS,4/8/2022 21:02,FAILING TO YIELD RIGHT-OF-WAY,NOT APPLICABLE,699,W,ADDISON ST,1925,,,,,,,2,INCAPACITATING INJURY,1,0,1,0,0,1,0,21,6,4,41.94727552,-87.64713629,POINT (-87.647136289354 41.947275515235)
f6acb2242d9a22e6a26ef260483c0c73c77b8941bd9981a008bc9961fcbc977d6cd14e91b5852ce5df6fb8cf4f510f670e3ce4d214f02efcae2b52c91143dbf9,,,4/8/2022 19:25,30,NO CONTROLS,NO CONTROLS,SLEET/HAIL,"DARKNESS, LIGHTED ROAD",PARKED MOTOR VEHICLE,NOT DIVIDED,,STRAIGHT AND LEVEL,WET,NO DEFECTS,ON SCENE,INJURY AND / OR TOW DUE TO CRASH,,,,"OVER $1,500",4/8/2022 19:25,UNDER THE INFLUENCE OF ALCOHOL/DRUGS (USE WHEN ARREST IS EFFECTED),IMPROPER LANE USAGE,5723,W,63RD ST,812,,,,,,,3,NO INDICATION OF INJURY,0,0,0,0,0,1,0,19,6,4,41.77787774,-87.76508771,POINT (-87.765087709036 41.777877739375)
9376cf000498a8b72628e001e0e8ef007bc5716ab023e2cb729f20af6a260cad77086535c9e0a385a83871219c9dd9114889f5a9fd99265f02374c56cadc5432,,,4/8/2022 16:12,30,NO CONTROLS,NO CONTROLS,RAIN,DAYLIGHT,SIDESWIPE SAME DIRECTION,NOT DIVIDED,,STRAIGHT AND LEVEL,WET,NO DEFECTS,NOT ON SCENE (DESK REPORT),NO INJURY / DRIVE AWAY,,,,"OVER $1,500",4/8/2022 17:10,UNABLE TO DETERMINE,UNABLE TO DETERMINE,4250,S,WESTERN AVE,921,,,,,,,2,NO INDICATION OF INJURY,0,0,0,0,0,2,0,16,6,4,41.81600989,-87.6847834,POINT (-87.684783396166 41.816009889303)
3e3e745e927725ff96ecf64e8330e240b22c2eb6a6978617fc343e36def0a8600fde0aae3066c54ab92fb6208c1fc1ad6d995b158a586d735f503215faf62e09,JF171482,,3/12/2022 13:10,30,STOP SIGN/FLASHER,FUNCTIONING PROPERLY,CLEAR,DAYLIGHT,TURNING,T-INTERSECTION,,STRAIGHT AND LEVEL,DRY,NO DEFECTS,ON SCENE,NO INJURY / DRIVE AWAY,Y,,Y,"OVER $1,500",3/12/2022 13:20,DISREGARDING STOP SIGN,FAILING TO YIELD RIGHT-OF-WAY,3101,W,36TH ST,911,,,,,,,2,NO INDICATION OF INJURY,0,0,0,0,0,2,0,13,7,3,41.82801338,-87.70222431,POINT (-87.702224312022 41.828013382761)
3c157a817b9d54e278b978ad7ef59b815b97427d97e5f7bff1c853573b092a1bbd5d8dc58cc54df49b321b01af41df3e6a12332c890de0cfd17340d893129a82,,,4/8/2022 17:00,35,TRAFFIC SIGNAL,FUNCTIONING PROPERLY,RAIN,DAYLIGHT,TURNING,DIVIDED - W/MEDIAN (NOT RAISED),,STRAIGHT AND LEVEL,WET,NO DEFECTS,NOT ON SCENE (DESK REPORT),NO INJURY / DRIVE AWAY,Y,,,"OVER $1,500",4/8/2022 17:30,IMPROPER LANE USAGE,IMPROPER LANE USAGE,7900,S,LAFLIN ST,612,,,,,,,2,NO INDICATION OF INJURY,0,0,0,0,0,2,0,17,6,4,41.75036856,-87.66115973,POINT (-87.661159726529 41.750368557656)
c4c7dbf9966ae825e3494abfbb4cd7cf598d5f37484db9791fd12ecb35ca182c293f25ea11376621bfe643c04b3d8e7da5425c8724b8974dfb58cd54d3358401,,,4/8/2022 13:25,30,TRAFFIC SIGNAL,FUNCTIONING PROPERLY,RAIN,DAYLIGHT,ANGLE,T-INTERSECTION,,STRAIGHT AND LEVEL,WET,NO DEFECTS,ON SCENE,INJURY AND / OR TOW DUE TO CRASH,,,,"OVER $1,500",4/8/2022 13:25,DISREGARDING TRAFFIC SIGNALS,DISREGARDING TRAFFIC SIGNALS,1559,S,ASHLAND AVE,1233,,,,,,,2,"REPORTED, NOT EVIDENT",2,0,0,0,2,3,0,13,6,4,41.85962985,-87.66605201,POINT (-87.666052007734 41.859629845607)
4f2819e82e9db118f821bde1f5ac2b4e6be1ab01c6091081ce7eb8b4cbd3db5594f71348dceb69a9e64812576301915a9a252453b71e81d461c92bff2665c299,,,4/8/2022 8:30,30,TRAFFIC SIGNAL,FUNCTIONING PROPERLY,RAIN,DAYLIGHT,TURNING,NOT DIVIDED,,STRAIGHT AND LEVEL,WET,NO DEFECTS,NOT ON SCENE (DESK REPORT),NO INJURY / DRIVE AWAY,Y,,,"OVER $1,500",4/8/2022 9:00,NOT APPLICABLE,NOT APPLICABLE,1332,W,NORTH AVE,1433,,,,,,,2,NO INDICATION OF INJURY,0,0,0,0,0,2,0,8,6,4,41.91082181,-87.66175491,POINT (-87.661754911688 41.910821809629)
5cf776d15b51722c73d45c05fce13eefbc4db4340123e61f0ed4d956cb72d469c562ab453302a989c4c9269d34a4ce4530524f548e4d8e5844cb06bdf833f977,,,4/8/2022 15:21,30,TRAFFIC SIGNAL,FUNCTIONING PROPERLY,RAIN,DAYLIGHT,TURNING,FOUR WAY,,STRAIGHT AND LEVEL,WET,UNKNOWN,ON SCENE,INJURY AND / OR TOW DUE TO CRASH,,,,"OVER $1,500",4/8/2022 16:13,FAILING TO YIELD RIGHT-OF-WAY,NOT APPLICABLE,4624,W,47TH ST,815,,,,,,,2,NO INDICATION OF INJURY,0,0,0,0,0,2,0,15,6,4,41.80778003,-87.73943065,POINT (-87.739430650421 41.807780027373)
e5877b893ec698f640605128f0c0929b0cdcebb12c4265388e653b5b1cd4f2b33297bf6bf7dd5d71a3fed655b16b7a7e948a58b7ac2588b9bcf81b74b6d1b30c,,,4/8/2022 11:30,30,STOP SIGN/FLASHER,FUNCTIONING PROPERLY,CLEAR,DAYLIGHT,TURNING,T-INTERSECTION,,STRAIGHT AND LEVEL,DRY,NO DEFECTS,NOT ON SCENE (DESK REPORT),NO INJURY / DRIVE AWAY,Y,,,"$501 - $1,500",4/8/2022 13:00,UNABLE TO DETERMINE,UNABLE TO DETERMINE,1500,W,37TH ST,912,,,,,,,2,NO INDICATION OF INJURY,0,0,0,0,0,2,0,11,6,4,41.82699789,-87.66338884,POINT (-87.663388844234 41.826997889555)
d061ec8fc3948357277dac8de95b0d0fed2e9c4bb63acf6ebed4b41747d151241426d575cee6ee03c1bfed786e6cfe20249708bd8d8f9daa73c9e86715569af9,,,4/7/2022 11:32,20,NO CONTROLS,NO CONTROLS,CLEAR,DAYLIGHT,PARKED MOTOR VEHICLE,ONE-WAY,,STRAIGHT AND LEVEL,DRY,NO DEFECTS,ON SCENE,NO INJURY / DRIVE AWAY,,,,"$501 - $1,500",4/7/2022 11:32,NOT APPLICABLE,DRIVING SKILLS/KNOWLEDGE/EXPERIENCE,6607,S,ROCKWELL ST,832,,,,,,,2,NO INDICATION OF INJURY,0,0,0,0,0,1,0,11,5,4,41.77345193,-87.68822403,POINT (-87.688224027636 41.773451925415)
73cdbe95c6b66c54fbaa10e7a384b0ac5ab6f13ae1b0ac0b5621e8894b2b83589fc2a691755b6933d7c4b6e0f2eecb3f60fdce8c7d7b31412871d276ff5f018a,,,4/6/2022 9:05,10,STOP SIGN/FLASHER,OTHER,CLEAR,DAYLIGHT,PARKED MOTOR VEHICLE,PARKING LOT,,STRAIGHT AND LEVEL,DRY,NO DEFECTS,NOT ON SCENE (DESK REPORT),NO INJURY / DRIVE AWAY,,Y,Y,"$501 - $1,500",4/8/2022 14:00,UNABLE TO DETERMINE,IMPROPER BACKING,2401,W,GRACE ST,1921,,,,,,,2,NO INDICATION OF INJURY,0,0,0,0,0,2,0,9,4,4,41.95026697,-87.68847562,POINT (-87.688475623159 41.950266970425)
3f32eeb5ebcc5389f94dabef142707ae8240739a4fb6978c013cf3137d7b083751258aa18b04b68b157145e05b1204a5919ebd1760e88f552dd9f93d9d78c75c,JF171715,,3/12/2022 13:40,30,NO CONTROLS,NO CONTROLS,CLEAR,DAYLIGHT,PARKED MOTOR VEHICLE,ONE-WAY,,STRAIGHT AND LEVEL,DRY,NO DEFECTS,ON SCENE,NO INJURY / DRIVE AWAY,,,N,"OVER $1,500",3/12/2022 16:22,UNABLE TO DETERMINE,NOT APPLICABLE,4746,W,CONGRESS PKWY,1131,,,,,,,2,NO INDICATION OF INJURY,0,0,0,0,0,1,0,13,7,3,41.87422432,-87.74446568,POINT (-87.7444656769 41.874224319158)
28c6d1e1c90573c7dd86bb443f7c148044e3b63bcdc4c1df5f100b458800f44693a0762aebce9de78a17b45288201ffb0e6c59418fbfcf70a9abcd3ab0aa8657,,,4/6/2022 10:30,30,TRAFFIC SIGNAL,FUNCTIONING PROPERLY,UNKNOWN,UNKNOWN,REAR END,NOT DIVIDED,,STRAIGHT AND LEVEL,UNKNOWN,UNKNOWN,NOT ON SCENE (DESK REPORT),NO INJURY / DRIVE AWAY,N,,,"OVER $1,500",4/8/2022 18:20,FOLLOWING TOO CLOSELY,FAILING TO REDUCE SPEED TO AVOID CRASH,1201,W,35TH ST,912,,,,,,,2,NO INDICATION OF INJURY,0,0,0,0,0,2,0,10,4,4,41.83050933,-87.65580769,POINT (-87.655807689135 41.830509330812)
290fb7e71268aa5080e834b8b219f67981566bb53dc0402ac814f5e23757c02806388eb963c979ecc4624133e2051d226513fdfd15bd5eef012b72420a694084,,,4/5/2022 0:30,25,NO CONTROLS,NO CONTROLS,CLEAR,DAYLIGHT,PARKED MOTOR VEHICLE,NOT DIVIDED,,STRAIGHT AND LEVEL,DRY,NO DEFECTS,NOT ON SCENE (DESK REPORT),NO INJURY / DRIVE AWAY,,,Y,"$501 - $1,500",4/7/2022 19:54,NOT APPLICABLE,NOT APPLICABLE,3201,W,36TH PL,911,,,,,,,2,NO INDICATION OF INJURY,0,0,0,0,0,1,0,0,3,4,41.82705632,-87.7045619,POINT (-87.704561898038 41.82705631547)
afb1ec75c24323ce96d5b2562415eb2777b2ac415bcdd8d653e455317cd65d7b0110d25c6ab0210e058f48ac44faef537f6ca21e1a546a4e5b7df6db5b4ea32a,,,4/8/2022 18:45,30,TRAFFIC SIGNAL,FUNCTIONING PROPERLY,RAIN,DAYLIGHT,SIDESWIPE SAME DIRECTION,NOT DIVIDED,,STRAIGHT AND LEVEL,WET,NO DEFECTS,NOT ON SCENE (DESK REPORT),NO INJURY / DRIVE AWAY,Y,,Y,"OVER $1,500",4/8/2022 19:20,FOLLOWING TOO CLOSELY,NOT APPLICABLE,950,N,CENTRAL AVE,1511,,,,,,,2,NO INDICATION OF INJURY,0,0,0,0,0,2,0,18,6,4,41.89821076,-87.76566264,POINT (-87.765662637096 41.898210756695)
3f80f18a463cf6eee476550fe309a71bf066ce18dff48c8ce999ef796ebe1f119abecafe4f9bf1ccdf6067e1ee1deeee80daf205b097bff10cd5640e719ce296,JF171669,,3/12/2022 15:55,25,TRAFFIC SIGNAL,FUNCTIONING PROPERLY,CLEAR,DAYLIGHT,REAR END,NOT DIVIDED,,STRAIGHT AND LEVEL,DRY,UNKNOWN,NOT ON SCENE (DESK REPORT),NO INJURY / DRIVE AWAY,,,,"OVER $1,500",3/12/2022 15:58,UNABLE TO DETERMINE,UNABLE TO DETERMINE,4798,N,MILWAUKEE AVE,1623,,,,,,,2,NO INDICATION OF INJURY,0,0,0,0,0,2,0,15,7,3,41.96775481,-87.76081786,POINT (-87.760817858805 41.967754810076)
f50df2cf0bc59a6b98270e7869ddd00026ea7818e257ffdac0421697556c9ada9c011e691063593691177e424ef2eeaa87147e0162460f12dada5b4f52aa33d6,,,4/7/2022 21:50,30,STOP SIGN/FLASHER,FUNCTIONING PROPERLY,RAIN,"DARKNESS, LIGHTED ROAD",TURNING,T-INTERSECTION,,STRAIGHT AND LEVEL,WET,NO DEFECTS,ON SCENE,INJURY AND / OR TOW DUE TO CRASH,,,Y,"OVER $1,500",4/7/2022 21:50,FAILING TO REDUCE SPEED TO AVOID CRASH,UNABLE TO DETERMINE,434,W,43RD ST,925,,,,,,,2,NO INDICATION OF INJURY,0,0,0,0,0,3,0,21,5,4,41.81643468,-87.63738102,POINT (-87.637381024066 41.81643467616)
9fb0bf87a993d4659a963114dae26051a9193552c947e93bc32bca3324f1144b927d6cd6c243c9aab8899bbb500987bb3830660cdba9069f4d493ba2d94d6c32,,,4/8/2022 19:45,30,TRAFFIC SIGNAL,FUNCTIONING PROPERLY,RAIN,"DARKNESS, LIGHTED ROAD",SIDESWIPE SAME DIRECTION,FOUR WAY,,STRAIGHT AND LEVEL,WET,NO DEFECTS,NOT ON SCENE (DESK REPORT),NO INJURY / DRIVE AWAY,Y,,,"OVER $1,500",4/8/2022 20:15,UNABLE TO DETERMINE,NOT APPLICABLE,5160,N,CICERO AVE,1621,,,,,,,2,NO INDICATION OF INJURY,0,0,0,0,0,4,0,19,6,4,41.97524891,-87.74813542,POINT (-87.748135414961 41.975248913843)
1122644c2103fcd5b86a49058d75f647b55b16a25a3064a7c7f657dd8f54a05f269b754199c19747d7757c621bf6381afdef39ac31e1644e69647ed6bed9aae2,,,4/8/2022 22:30,30,NO CONTROLS,NO CONTROLS,RAIN,"DARKNESS, LIGHTED ROAD",SIDESWIPE SAME DIRECTION,DIVIDED - W/MEDIAN BARRIER,,STRAIGHT AND LEVEL,WET,NO DEFECTS,ON SCENE,NO INJURY / DRIVE AWAY,,,Y,"$501 - $1,500",4/8/2022 22:42,UNABLE TO DETERMINE,UNABLE TO DETERMINE,3826,N,ASHLAND AVE,1922,,,,,,,2,NO INDICATION OF INJURY,0,0,0,0,0,2,0,22,6,4,41.95146597,-87.66912618,POINT (-87.66912617821 41.951465964866)
2ebaee12e1ed123c0aa2d168edae5e40f2a609cdb613aaa07ee54a9598e02a875795595940034733d14437b2b030e94fa060c01033a8355d339aab074c088d9f,,,4/8/2022 6:05,30,NO CONTROLS,NO CONTROLS,CLOUDY/OVERCAST,DAYLIGHT,SIDESWIPE SAME DIRECTION,DIVIDED - W/MEDIAN (NOT RAISED),,STRAIGHT AND LEVEL,WET,NO DEFECTS,NOT ON SCENE (DESK REPORT),INJURY AND / OR TOW DUE TO CRASH,,,Y,"OVER $1,500",4/8/2022 6:15,DRIVING SKILLS/KNOWLEDGE/EXPERIENCE,FOLLOWING TOO CLOSELY,4799,W,MARQUETTE RD,833,,,,,,,2,NO INDICATION OF INJURY,0,0,0,0,0,2,0,6,6,4,41.77102002,-87.74199126,POINT (-87.741991254612 41.771020014926)
599eaec9b159693d96cee74a74ef34b141e7f0a5afee68c996000121ca4720530a7105357d8359946f9f55a194b1ae606a1b139dc32383ca475a22b76fc0add5,,,4/8/2022 1:55,20,NO CONTROLS,NO CONTROLS,CLEAR,DARKNESS,PARKED MOTOR VEHICLE,NOT DIVIDED,,STRAIGHT AND LEVEL,WET,NO DEFECTS,ON SCENE,INJURY AND / OR TOW DUE TO CRASH,,,,"OVER $1,500",4/8/2022 1:55,UNDER THE INFLUENCE OF ALCOHOL/DRUGS (USE WHEN ARREST IS EFFECTED),IMPROPER LANE USAGE,1848,S,PAULINA ST,1234,,,,,,,3,NO INDICATION OF INJURY,0,0,0,0,0,1,0,1,6,4,41.85629042,-87.668759,POINT (-87.668759000321 41.856290415665)
493fa1a1007535cf0d251e693053425254a46d35536d8ae71c2e165718cac2475d97b8942f9cf880b595793bcdfa091a65642690d7e255b954d799f40e314fef,,,4/5/2022 0:30,30,NO CONTROLS,NO CONTROLS,RAIN,"DARKNESS, LIGHTED ROAD",FIXED OBJECT,NOT DIVIDED,,STRAIGHT AND LEVEL,WET,OTHER,NOT ON SCENE (DESK REPORT),NO INJURY / DRIVE AWAY,,,,$500 OR LESS,4/8/2022 14:25,FAILING TO YIELD RIGHT-OF-WAY,ROAD ENGINEERING/SURFACE/MARKING DEFECTS,4616,W,NORTH AVE,2533,,,,,,,1,NO INDICATION OF INJURY,0,0,0,0,0,1,0,0,3,4,41.90978246,-87.74213263,POINT (-87.742132633665 41.909782457671)
ccfda67f5bddcec2eb27a3e237f481ef03435ff71a043c29f7cdd3466f22a78df4f5f53f371ff490ca7e53f3de516fc1920925020d12a394bf6dab184020a1fa,,,4/8/2022 15:00,30,TRAFFIC SIGNAL,FUNCTIONING PROPERLY,RAIN,DAYLIGHT,TURNING,UNKNOWN INTERSECTION TYPE,,STRAIGHT AND LEVEL,WET,NO DEFECTS,NOT ON SCENE (DESK REPORT),NO INJURY / DRIVE AWAY,,,,"$501 - $1,500",4/8/2022 16:50,IMPROPER TURNING/NO SIGNAL,FAILING TO REDUCE SPEED TO AVOID CRASH,1600,E,95TH ST,413,,,,,,,2,NO INDICATION OF INJURY,0,0,0,0,0,3,0,15,6,4,41.72244946,-87.58500357,POINT (-87.585003569109 41.722449457011)
5d7600a0e2fe72f1a693958ec560bd0a7ec600bfbb592865de6b691f0f9df56ef31a9aefdcfa8a7084e6916649bb44e3f1a04370a3bc3459c285df01031aae4a,,Y,4/4/2022 15:00,30,UNKNOWN,UNKNOWN,UNKNOWN,UNKNOWN,PARKED MOTOR VEHICLE,ONE-WAY,,STRAIGHT AND LEVEL,UNKNOWN,UNKNOWN,NOT ON SCENE (DESK REPORT),NO INJURY / DRIVE AWAY,,,Y,"OVER $1,500",4/8/2022 16:00,UNABLE TO DETERMINE,UNABLE TO DETERMINE,2403,S,TROY ST,1033,,,,,,,2,NO INDICATION OF INJURY,0,0,0,0,0,1,0,15,2,4,41.84801117,-87.70376475,POINT (-87.703764749043 41.848011173623)
8fb5c2cb38f8ba438566ceacd15ae4f8a5d6c00c5203f5db84ab4081398b7a736eb3057c66b464706299bc1c84abd98e13557932bad1a5143d296064dc73c93e,,,4/5/2022 12:23,30,NO CONTROLS,NO CONTROLS,CLEAR,DAYLIGHT,ANGLE,DIVIDED - W/MEDIAN (NOT RAISED),,STRAIGHT AND LEVEL,DRY,NO DEFECTS,NOT ON SCENE (DESK REPORT),NO INJURY / DRIVE AWAY,Y,,Y,"OVER $1,500",4/8/2022 12:50,UNABLE TO DETERMINE,UNABLE TO DETERMINE,4927,N,PULASKI RD,1712,,,,,,,2,NO INDICATION OF INJURY,0,0,0,0,0,2,0,12,3,4,41.97089155,-87.72795732,POINT (-87.727957315648 41.970891544703)
c21b4100cea5d5c65492889c3c279bd22abb98c886c333a397bc550c188a740210d78e824b5c5fe9bd879314d50c243eda1bff2a4eb5c4b7a551569a6879338a,,,4/8/2022 8:30,30,NO CONTROLS,NO CONTROLS,UNKNOWN,DAYLIGHT,PARKED MOTOR VEHICLE,NOT DIVIDED,,STRAIGHT AND LEVEL,UNKNOWN,UNKNOWN,NOT ON SCENE (DESK REPORT),NO INJURY / DRIVE AWAY,,,Y,"OVER $1,500",4/8/2022 23:00,UNABLE TO DETERMINE,UNABLE TO DETERMINE,4701,W,WEST END AVE,1113,,,,,,,2,NO INDICATION OF INJURY,0,0,0,0,0,1,0,8,6,4,41.88305242,-87.74304812,POINT (-87.743048119868 41.883052423185)
18e383b06550ab5cbdb0e722b1cdc913c732d4ade90946f8973b477d1d19d51014d3c20932d8154388289786c3378240410c77e4c8dc23bf1e13cc8656122d1b,,,4/5/2022 22:05,30,NO CONTROLS,NO CONTROLS,CLEAR,"DARKNESS, LIGHTED ROAD",PARKED MOTOR VEHICLE,NOT DIVIDED,,STRAIGHT AND LEVEL,DRY,NO DEFECTS,ON SCENE,INJURY AND / OR TOW DUE TO CRASH,,,,"OVER $1,500",4/5/2022 22:49,UNABLE TO DETERMINE,UNABLE TO DETERMINE,3112,S,PULASKI RD,1031,,,,,,,2,NO INDICATION OF INJURY,0,0,0,0,0,1,0,22,3,4,41.83645071,-87.72448795,POINT (-87.724487948393 41.836450707953)
b3acb7c7a5559d7626e17641a2a423e40c0c589742860dd1ffffab11bebcffc50d715a3a7f4b6344a947861f19e770c1ee6cadab1bce3f5297a33594df7c4537,,,4/8/2022 9:15,30,NO CONTROLS,NO CONTROLS,RAIN,DAYLIGHT,PARKED MOTOR VEHICLE,NOT DIVIDED,,STRAIGHT AND LEVEL,WET,NO DEFECTS,ON SCENE,NO INJURY / DRIVE AWAY,,,,"OVER $1,500",4/8/2022 9:20,UNABLE TO DETERMINE,DRIVING SKILLS/KNOWLEDGE/EXPERIENCE,295,E,PEARSON ST,1833,,,,,,,2,NO INDICATION OF INJURY,0,0,0,0,0,3,0,9,6,4,41.89756379,-87.61791646,POINT (-87.617916461078 41.897563788765)
e443e2647baad63cc7ffa5607ba230bee9f589d841247bd93b07af21b9246550763b360eb77e00dc3bafed49c769fd6334f4df0688e431c976ab70e5a50b195e,,,4/8/2022 18:10,30,NO CONTROLS,NO CONTROLS,RAIN,DAYLIGHT,PARKED MOTOR VEHICLE,DIVIDED - W/MEDIAN BARRIER,,STRAIGHT AND LEVEL,WET,NO DEFECTS,ON SCENE,NO INJURY / DRIVE AWAY,,,,"$501 - $1,500",4/8/2022 18:11,"EVASIVE ACTION DUE TO ANIMAL, OBJECT, NONMOTORIST",NOT APPLICABLE,4801,S,ASHLAND AVE,933,,,,,,,2,NO INDICATION OF INJURY,0,0,0,0,0,1,0,18,6,4,41.80669392,-87.66477165,POINT (-87.664771652618 41.806693924231)
655739459b6a880f0adc6e0f309f24b04fbe72fe72f673a37b39e8b4d7c9c853be1fe5cd1388c3d9ef41944f8a8674c8399e68de9d81e0251d39b643be79197b,,,4/4/2022 16:30,30,TRAFFIC SIGNAL,FUNCTIONING PROPERLY,CLEAR,DAYLIGHT,ANGLE,NOT DIVIDED,,STRAIGHT AND LEVEL,DRY,NO DEFECTS,NOT ON SCENE (DESK REPORT),NO INJURY / DRIVE AWAY,,,Y,"OVER $1,500",4/8/2022 13:30,UNABLE TO DETERMINE,UNABLE TO DETERMINE,600,S,CENTRAL PARK AVE,1133,,,,,,,2,NO INDICATION OF INJURY,0,0,0,0,0,2,0,16,2,4,41.87352192,-87.71580489,POINT (-87.715804884879 41.873521922591)
954829fb75325d73841f6ccf75565fdbde1e29881b5fcaa62d93dd605bc2ab0d644f0223b3e66fe46b0493c34babd884cb4801c982ef502f5365475be2dd1375,,,4/8/2022 14:33,25,NO CONTROLS,NO CONTROLS,CLEAR,DAYLIGHT,TURNING,NOT DIVIDED,,STRAIGHT AND LEVEL,WET,NO DEFECTS,NOT ON SCENE (DESK REPORT),NO INJURY / DRIVE AWAY,,,,"$501 - $1,500",4/8/2022 16:30,NOT APPLICABLE,NOT APPLICABLE,500,N,HAMLIN AVE,1122,,,,,,,2,NO INDICATION OF INJURY,0,0,0,0,0,2,0,14,6,4,41.88999401,-87.72118582,POINT (-87.721185823804 41.889994004514)
e78b3c26acc5caffbbd019ee010e8154a91fe0c594109657b086f6049c29b9f8cb7eed6e6fc84fbb46cfad5cecbea4ccd628f518c415ef29ea89b0ff0ebd2ab8,,,4/8/2022 18:00,45,NO CONTROLS,NO CONTROLS,CLEAR,DAYLIGHT,REAR END,NOT DIVIDED,,STRAIGHT AND LEVEL,DRY,NO DEFECTS,NOT ON SCENE (DESK REPORT),NO INJURY / DRIVE AWAY,,,,"$501 - $1,500",4/8/2022 18:20,FOLLOWING TOO CLOSELY,NOT APPLICABLE,2800,N,LAKE SHORE DR,1934,Y,,,,,,2,NO INDICATION OF INJURY,0,0,0,0,0,2,0,18,6,4,41.93290247,-87.63637317,POINT (-87.636373165151 41.932902466506)
424eccee990d0658f4fa189c980cd0445a9fd99cdb50acf0a068a5e46618923c3ff3ba1cd30e0d637186b0e2f65274539f4c77cc4028bba073065196ec653971,JF171722,,3/12/2022 13:29,30,UNKNOWN,UNKNOWN,CLEAR,DAYLIGHT,REAR END,DIVIDED - W/MEDIAN (NOT RAISED),,STRAIGHT AND LEVEL,DRY,NO DEFECTS,NOT ON SCENE (DESK REPORT),NO INJURY / DRIVE AWAY,,,,"$501 - $1,500",3/12/2022 16:45,FAILING TO REDUCE SPEED TO AVOID CRASH,UNABLE TO DETERMINE,6544,N,SHERIDAN RD,2432,,,,,,,2,NO INDICATION OF INJURY,0,0,0,0,0,2,0,13,7,3,42.00143154,-87.66088961,POINT (-87.660889605428 42.001431535834)
a61eaf1503357eb9f728337332de4f061ce3d2cdc093424dedcc67b16034042688fc54056c2b17f6381f593e7c4d51f246bfc6e3d00408384d4f3b38dd0c5ce2,,,4/8/2022 15:30,35,UNKNOWN,UNKNOWN,RAIN,DAYLIGHT,REAR END,NOT DIVIDED,,STRAIGHT AND LEVEL,DRY,NO DEFECTS,NOT ON SCENE (DESK REPORT),NO INJURY / DRIVE AWAY,,,,"$501 - $1,500",4/8/2022 18:30,UNABLE TO DETERMINE,NOT APPLICABLE,3901,W,BYRON ST,1732,,,,,,,2,NO INDICATION OF INJURY,0,0,0,0,0,2,0,15,6,4,41.95175845,-87.72513513,POINT (-87.725135133414 41.951758450726)
c01aba40d130392f9634c3caa8372b5bd2af5b8e18b8083cb8a92d20f428ca85fdc93acc231d32c679a44ee78f3f6a3bb5bc8737853416d6e7784fe108a04e34,,,4/9/2022 0:05,30,TRAFFIC SIGNAL,NO CONTROLS,RAIN,"DARKNESS, LIGHTED ROAD",REAR END,DIVIDED - W/MEDIAN BARRIER,,STRAIGHT AND LEVEL,WET,NO DEFECTS,ON SCENE,INJURY AND / OR TOW DUE TO CRASH,Y,,,"OVER $1,500",4/9/2022 0:05,FAILING TO REDUCE SPEED TO AVOID CRASH,FAILING TO REDUCE SPEED TO AVOID CRASH,3658,S,ASHLAND AVE,912,,Y,,,,,2,NO INDICATION OF INJURY,0,0,0,0,0,2,0,0,7,4,41.82705151,-87.66563129,POINT (-87.665631287867 41.827051508107)