CRASH_RECORD_ID,RD_NO,CRASH_DATE_EST_I,CRASH_DATE,POSTED_SPEED_LIMIT,TRAFFIC_CONTROL_DEVICE,DEVICE_CONDITION,WEATHER_CONDITION,LIGHTING_CONDITION,FIRST_CRASH_TYPE,TRAFFICWAY_TYPE,LANE_CNT,ALIGNMENT,ROADWAY_SURFACE_COND,ROAD_DEFECT,REPORT_TYPE,CRASH_TYPE,INTERSECTION_RELATED_I,NOT_RIGHT_OF_WAY_I,HIT_AND_RUN_I,DAMAGE,DATE_POLICE_NOTIFIED,PRIM_CONTRIBUTORY_CAUSE,SEC_CONTRIBUTORY_CAUSE,STREET_NO,STREET_DIRECTION,STREET_NAME,BEAT_OF_OCCURRENCE,PHOTOS_TAKEN_I,STATEMENTS_TAKEN_I,DOORING_I,WORK_ZONE_I,WORK_ZONE_TYPE,WORKERS_PRESENT_I,NUM_UNITS,MOST_SEVERE_INJURY,INJURIES_TOTAL,INJURIES_FATAL,INJURIES_INCAPACITATING,INJURIES_NON_INCAPACITATING,INJURIES_REPORTED_NOT_EVIDENT,INJURIES_NO_INDICATION,INJURIES_UNKNOWN,CRASH_HOUR,CRASH_DAY_OF_WEEK,CRASH_MONTH,LATITUDE,LONGITUDE,LOCATION
eae0a407adc517807b2841f5bcebec629b7321a9be118600b1b2c4f92c1accfa71e5676a308b2a5b3066742c691ed75214f3e933e29903dd7250438c7003018c,,,4/8/2022 11:45,35,NO CONTROLS,NO CONTROLS,CLEAR,DAYLIGHT,SIDESWIPE SAME DIRECTION,DIVIDED - W/MEDIAN (NOT RAISED),,STRAIGHT AND LEVEL,DRY,NO DEFECTS,NOT ON SCENE (DESK REPORT),NO INJURY / DRIVE AWAY,,,Y,"OVER $1,500",4/8/2022 14:30,IMPROPER OVERTAKING/PASSING,UNABLE TO DETERMINE,8306,S,COTTAGE GROVE AVE,632,,,,,,,2,NO INDICATION OF INJURY,0,0,0,0,0,3,0,11,6,4,41.74370158,-87.605171,POINT (-87.605170998337 41.743701582708)
d67b5904ba2e821c49d88d45e9b0bc048e0c765a554bfb36c427fc234177c9f3abf510fc278af6388c94702f1a694cc577a715b359c4e306b8d50c4d98aba623,,,4/7/2022 17:25,10,NO CONTROLS,NO CONTROLS,RAIN,DAYLIGHT,PARKED MOTOR VEHICLE,OTHER,,"CURVE, LEVEL",WET,OTHER,ON SCENE,INJURY AND / OR TOW DUE TO CRASH,,,,"OVER $1,500",4/7/2022 17:43,EQUIPMENT - VEHICLE CONDITION,DISTRACTION - FROM OUTSIDE VEHICLE,1600,N,LAKE SHORE DR,1814,Y,,,,,,2,NO INDICATION OF INJURY,0,0,0,0,0,1,0,17,5,4,41.91122456,-87.62648257,POINT (-87.626482572426 41.911224555611)
6f86d8214ea18e0d6316e934959712bcd2fdbf821ed12bbaaf5220f8279be1689a1d7ae7583b4d7e5bd06c799533eb2aae5843dc340a7aa2746f395d77de1e37,,,4/8/2022 14:40,30,NO CONTROLS,NO CONTROLS,RAIN,DAYLIGHT,REAR END,DIVIDED - W/MEDIAN (NOT RAISED),,STRAIGHT AND LEVEL,WET,NO DEFECTS,ON SCENE,NO INJURY / DRIVE AWAY,,,,"OVER $1,500",4/8/2022 15:08,FAILING TO REDUCE SPEED TO AVOID CRASH,NOT APPLICABLE,6401,S,CICERO AVE,813,,,,,,,3,NO INDICATION OF INJURY,0,0,0,0,0,2,0,14,6,4,41.77651629,-87.74207912,POINT (-87.742079120687 41.776516287153)
4651a47bf5cd72a805aca6358190e016cb3d9322a08f19d654f47c219b45977dcddf65dc3f23eb1a803213b3628cda59d23e41298d0e7fa6b9cdd18adf6073f9,,,4/8/2022 8:40,30,TRAFFIC SIGNAL,FUNCTIONING PROPERLY,RAIN,DAYLIGHT,TURNING,NOT DIVIDED,,STRAIGHT AND LEVEL,WET,NO DEFECTS,ON SCENE,NO INJURY / DRIVE AWAY,Y,,,"OVER $1,500",4/8/2022 8:45,IMPROPER OVERTAKING/PASSING,IMPROPER LANE USAGE,5533,N,NAGLE AVE,1622,,,,,,,2,NO INDICATION OF INJURY,0,0,0,0,0,2,0,8,6,4,41.98207456,-87.78760448,POINT (-87.787604479379 41.982074555519)
2c69c2667c4642dd438ee8976f6629f68ff033d0301b4476a039f8be70ad16563943926768daeac5c7901bd2231d6d87adda8eb939a6c34db228f1ff56540942,,,4/7/2022 15:25,30,STOP SIGN/FLASHER,FUNCTIONING PROPERLY,CLEAR,DAYLIGHT,PEDESTRIAN,FOUR WAY,,STRAIGHT AND LEVEL,WET,NO DEFECTS,ON SCENE,INJURY AND / OR TOW DUE TO CRASH,Y,,,$500 OR LESS,4/7/2022 15:40,FAILING TO YIELD RIGHT-OF-WAY,NOT APPLICABLE,1759,W,18TH ST,1234,,,,,,,2,NONINCAPACITATING INJURY,1,0,0,1,0,1,0,15,5,4,41.85761669,-87.67099633,POINT (-87.670996330709 41.857616687124)
8a489c8afdc606c64bc28b71a7ffb741ac98cc03c014947d127db7af1c92178d829e6b3f59f5b6af152ce0322690c2d329be856214dc00e322ed15c84a1e9310,,,4/8/2022 18:13,20,NO CONTROLS,NO CONTROLS,RAIN,DUSK,PARKED MOTOR VEHICLE,NOT DIVIDED,,STRAIGHT AND LEVEL,WET,NO DEFECTS,ON SCENE,INJURY AND / OR TOW DUE TO CRASH,,,,"OVER $1,500",4/8/2022 18:13,UNABLE TO DETERMINE,UNABLE TO DETERMINE,4343,W,WRIGHTWOOD AVE,2524,,,,,,,2,NO INDICATION OF INJURY,0,0,0,0,0,1,0,18,6,4,41.92789092,-87.73600171,POINT (-87.736001714327 41.927890920023)
dc0fb76951372ef21e547761373fad8e9d01473a384e9305e8567a4b42bd6cdf0c69a5bb5e6a730e6812ffec38e26f84b9148f75cc9c3db287e2164169e591d8,,,4/4/2022 8:00,30,UNKNOWN,UNKNOWN,UNKNOWN,UNKNOWN,REAR END,NOT DIVIDED,,STRAIGHT AND LEVEL,UNKNOWN,UNKNOWN,NOT ON SCENE (DESK REPORT),INJURY AND / OR TOW DUE TO CRASH,Y,,,"OVER $1,500",4/8/2022 16:30,FOLLOWING TOO CLOSELY,FAILING TO REDUCE SPEED TO AVOID CRASH,4158,S,CALIFORNIA AVE,921,,,,,,,2,NO INDICATION OF INJURY,0,0,0,0,0,2,0,8,2,4,41.81813441,-87.69465735,POINT (-87.694657349357 41.818134406952)
15d5a44c8ca60480579ef1598f38f1df9862c77cf8f0e8ac4877830d9d8f03899af0ca966f12213c9442fa15136254ccb391267bec9b2abb82d2e2f7e3a71907,,,4/8/2022 18:58,30,NO CONTROLS,NO CONTROLS,RAIN,DUSK,TURNING,NOT DIVIDED,,STRAIGHT AND LEVEL,WET,UNKNOWN,ON SCENE,INJURY AND / OR TOW DUE TO CRASH,,,Y,"OVER $1,500",4/8/2022 19:11,UNABLE TO DETERMINE,UNABLE TO DETERMINE,5054,W,JACKSON BLVD,1533,,,,,,,2,NO INDICATION OF INJURY,0,0,0,0,0,2,0,18,6,4,41.87681202,-87.7515418,POINT (-87.751541801518 41.876812023793)
53f532ca09c48d3e8e3acd3d9e91396de4141b58630007b1fcb304823cbe9b018f0c89f5e935a620a24c9e7236b803d84af100ef99c5a8056a30f28e4290de10,,,4/8/2022 17:57,30,TRAFFIC SIGNAL,FUNCTIONING PROPERLY,RAIN,DUSK,OTHER OBJECT,CENTER TURN LANE,,STRAIGHT AND LEVEL,WET,NO DEFECTS,ON SCENE,INJURY AND / OR TOW DUE TO CRASH,Y,,,"OVER $1,500",4/8/2022 17:57,FAILING TO REDUCE SPEED TO AVOID CRASH,NOT APPLICABLE,5501,S,ASHLAND AVE,713,,,,,,,2,NONINCAPACITATING INJURY,1,0,0,1,0,1,0,17,6,4,41.79359129,-87.66442764,POINT (-87.664427637221 41.793591294116)
e5c76e88f13c12babc2c7cdc17b0392dc818c21968782ff25131d63e76cc74b2c66d57fcfaaa5535de583f1fa47d63d64077ff9685fd9f50b034d5812adfa64f,,,4/8/2022 13:20,30,NO CONTROLS,NO CONTROLS,UNKNOWN,UNKNOWN,ANGLE,PARKING LOT,,STRAIGHT AND LEVEL,DRY,NO DEFECTS,NOT ON SCENE (DESK REPORT),NO INJURY / DRIVE AWAY,,Y,Y,"OVER $1,500",4/8/2022 14:00,UNABLE TO DETERMINE,UNABLE TO DETERMINE,112,W,87TH ST,622,,,,,,,2,NO INDICATION OF INJURY,0,0,0,0,0,2,0,13,6,4,41.73638005,-87.62750922,POINT (-87.627509219026 41.736380045588)
c0c649aa32ed3b73b8fac65002e5f35b828d939609305b5abf6a5eeb8f8fc2c3bb10b5b77a1d4995d7a5303ec13119fb5be77dbfab0f210b31ba79285085ffee,,,4/8/2022 11:19,30,NO CONTROLS,NO CONTROLS,CLEAR,DAYLIGHT,PARKED MOTOR VEHICLE,NOT DIVIDED,,STRAIGHT AND LEVEL,DRY,NO DEFECTS,ON SCENE,NO INJURY / DRIVE AWAY,,,Y,"$501 - $1,500",4/8/2022 11:19,"OPERATING VEHICLE IN ERRATIC, RECKLESS, CARELESS, NEGLIGENT OR AGGRESSIVE MANNER",IMPROPER TURNING/NO SIGNAL,211,E,107TH ST,513,,,,,,,2,NO INDICATION OF INJURY,0,0,0,0,0,2,0,11,6,4,41.69983937,-87.6179578,POINT (-87.617957796489 41.699839366453)
fd83f979626fe22e53761f5ca3e5584f557855e4dc0c67814d7b559b7f30e7650c28a3fce79d9c74ff377c3239346a033e3dc43a04190263d65ef29c3aaec506,,,4/7/2022 23:55,30,NO CONTROLS,NO CONTROLS,RAIN,"DARKNESS, LIGHTED ROAD",PARKED MOTOR VEHICLE,ONE-WAY,,STRAIGHT AND LEVEL,WET,NO DEFECTS,ON SCENE,NO INJURY / DRIVE AWAY,,,Y,"OVER $1,500",4/7/2022 23:55,UNABLE TO DETERMINE,NOT APPLICABLE,5112,S,KEATING AVE,815,,,,,,,3,NO INDICATION OF INJURY,0,0,0,0,0,1,0,23,5,4,41.79989948,-87.74187139,POINT (-87.741871389174 41.799899479392)
95a2aa0727c5ff15a16e0f85f78171ffd73fb7055af2f3f045f5f4730ccddebe9864ad89f7f9b649039e9e5bb83dd771c577ec42a3380b73a4fd57b74ea33289,,,4/8/2022 15:00,30,TRAFFIC SIGNAL,FUNCTIONING PROPERLY,RAIN,DAYLIGHT,SIDESWIPE SAME DIRECTION,NOT DIVIDED,,STRAIGHT AND LEVEL,WET,NO DEFECTS,ON SCENE,NO INJURY / DRIVE AWAY,,,Y,"$501 - $1,500",4/8/2022 15:51,IMPROPER OVERTAKING/PASSING,IMPROPER OVERTAKING/PASSING,501,S,WABASH AVE,123,,,,,,,2,NO INDICATION OF INJURY,0,0,0,0,0,2,0,15,6,4,41.8756261,-87.62587904,POINT (-87.62587904087 41.875626101521)
2ffa823bfa7f9783e44c92717fcab09dd7c27726f80071a34f5275e5b3c869ee2ff1e957cbdd7835c62aec7e9317b358208c5a95cc51232434d2fd08c3ebf68e,,,4/8/2022 4:52,30,NO CONTROLS,NO CONTROLS,CLEAR,"DARKNESS, LIGHTED ROAD",FIXED OBJECT,DIVIDED - W/MEDIAN (NOT RAISED),,STRAIGHT AND LEVEL,DRY,NO DEFECTS,ON SCENE,INJURY AND / OR TOW DUE TO CRASH,,,,"OVER $1,500",4/8/2022 4:53,UNABLE TO DETERMINE,UNABLE TO DETERMINE,3532,W,63RD ST,823,,,,,,,1,INCAPACITATING INJURY,1,0,1,0,0,0,0,4,6,4,41.77894241,-87.71171973,POINT (-87.711719726596 41.778942411268)
be86593b5470b4893f1ab9d70852367b22b49259aaf922218e6b029464eb13a4108eea6fddbdf58a9d7591e0fdd7922c817dccbc4cb69a7b6861dcc27c21d5c7,,,4/8/2022 7:55,30,NO CONTROLS,NO CONTROLS,RAIN,DAYLIGHT,TURNING,NOT DIVIDED,,STRAIGHT AND LEVEL,WET,NO DEFECTS,NOT ON SCENE (DESK REPORT),NO INJURY / DRIVE AWAY,,,,"OVER $1,500",4/8/2022 8:57,UNABLE TO DETERMINE,NOT APPLICABLE,2319,W,HARRISON ST,1225,,,,,,,2,NO INDICATION OF INJURY,0,0,0,0,0,2,0,7,6,4,41.87380329,-87.68460124,POINT (-87.684601239357 41.873803291965)
de7554953b1f042d5ef73af2e942c593037ffeb104083ffc9912ffb0e35ae81ea816565e3fda2d8805fdef3060f72015999f2ad154ef813d666dffea80b7562d,,,4/8/2022 15:44,35,NO CONTROLS,NO CONTROLS,RAIN,DUSK,TURNING,NOT DIVIDED,,STRAIGHT AND LEVEL,WET,NO DEFECTS,ON SCENE,INJURY AND / OR TOW DUE TO CRASH,,,,"OVER $1,500",4/8/2022 16:10,UNABLE TO DETERMINE,UNABLE TO DETERMINE,7299,W,IRVING PARK RD,1631,,,,,,,3,NO INDICATION OF INJURY,0,0,0,0,0,3,0,15,6,4,41.95260064,-87.80965096,POINT (-87.809650954807 41.95260064207)
675315b6f3242c7bf08160a5d8fa16ae661f15ef4e5242310a53b1c6aca3c18e154c11e9b6229b77614be99b22bcf35137c7d3e15e89881dda606a3c47f05681,,,4/8/2022 9:25,30,TRAFFIC SIGNAL,FUNCTIONING PROPERLY,RAIN,DAYLIGHT,SIDESWIPE SAME DIRECTION,DIVIDED - W/MEDIAN (NOT RAISED),,STRAIGHT AND LEVEL,WET,NO DEFECTS,NOT ON SCENE (DESK REPORT),NO INJURY / DRIVE AWAY,Y,,,"OVER $1,500",4/8/2022 9:35,FAILING TO YIELD RIGHT-OF-WAY,FAILING TO REDUCE SPEED TO AVOID CRASH,5523,W,FOSTER AVE,1623,,,,,,,2,NO INDICATION OF INJURY,0,0,0,0,0,3,0,9,6,4,41.97457797,-87.7666943,POINT (-87.766694303288 41.974577964775)
876b599549b87a294bd91e120bef2dcc8c8574bb57a122f3bdeb8f69f5295d84b095cfe4d089e900ae70eb8f6afaec6f6656bcbd1092629f9e3bb388c1b27bfa,,,4/7/2022 20:30,30,TRAFFIC SIGNAL,FUNCTIONING PROPERLY,RAIN,"DARKNESS, LIGHTED ROAD",TURNING,NOT DIVIDED,,STRAIGHT AND LEVEL,WET,NO DEFECTS,ON SCENE,NO INJURY / DRIVE AWAY,Y,,,$500 OR LESS,4/7/2022 20:35,IMPROPER OVERTAKING/PASSING,IMPROPER OVERTAKING/PASSING,1600,W,LAKE ST,1215,,,,,,,2,NO INDICATION OF INJURY,0,0,0,0,0,3,0,20,5,4,41.88543499,-87.66708806,POINT (-87.667088055261 41.885434986143)
e7a2b96dfa227d4938d9a8b209c0e0ced6a8c1479d2a86cecf565f852fba87dafd0364de0ce4c83fa20975dc570cc94f536b9b02f24a2e80d5bfb0ce86afdf9d,,,4/7/2022 16:55,30,TRAFFIC SIGNAL,FUNCTIONING PROPERLY,RAIN,DAYLIGHT,REAR END,NOT DIVIDED,,STRAIGHT AND LEVEL,WET,NO DEFECTS,NOT ON SCENE (DESK REPORT),NO INJURY / DRIVE AWAY,,,,"$501 - $1,500",4/8/2022 10:30,FOLLOWING TOO CLOSELY,FOLLOWING TOO CLOSELY,3100,S,CALIFORNIA AVE,1033,,,,,,,2,NO INDICATION OF INJURY,0,0,0,0,0,2,0,16,5,4,41.83727705,-87.69517225,POINT (-87.695172246519 41.837277050366)
c6ced2274f8921d08977dc11523e84dc9e0e6ffa639364c4da0406b35ff25bf18d06d03778e05dbef63fc71de27f847ac12e15795885d72e815da0ddacec8c06,,,4/8/2022 6:00,15,NO CONTROLS,NO CONTROLS,CLEAR,DAYLIGHT,FIXED OBJECT,RAMP,,STRAIGHT AND LEVEL,DRY,NO DEFECTS,NOT ON SCENE (DESK REPORT),NO INJURY / DRIVE AWAY,,,,"$501 - $1,500",4/8/2022 14:16,NOT APPLICABLE,NOT APPLICABLE,20,E,RANDOLPH ST,111,,,,,,,1,NO INDICATION OF INJURY,0,0,0,0,0,1,0,6,6,4,41.88460286,-87.62718694,POINT (-87.627186940196 41.884602854888)
1fc24b40a49262b3a05b979366a33276c67540619ef19da3b7f430d14f27efba23498247b5443478a352b8b30c6d23a064cd6d14814fe95c12e2db3608ab99f5,,,4/8/2022 16:00,25,NO CONTROLS,NO CONTROLS,RAIN,DAYLIGHT,REAR END,NOT DIVIDED,,STRAIGHT AND LEVEL,WET,NO DEFECTS,NOT ON SCENE (DESK REPORT),NO INJURY / DRIVE AWAY,,,,"$501 - $1,500",4/8/2022 19:05,FOLLOWING TOO CLOSELY,DRIVING SKILLS/KNOWLEDGE/EXPERIENCE,6367,N,RIDGE AVE,2433,,,,,,,2,NO INDICATION OF INJURY,0,0,0,0,0,3,0,16,6,4,41.99748615,-87.67646291,POINT (-87.67646291298 41.997486151292)
6f99b0eee6a75da51fb0edf4c50d72d1aa5fbaad4f569bf4de501311374610e1d766078d3e737c42a74add889db6e8a3547b864f428f8d19558d27dca0f529d5,,,4/7/2022 19:17,30,NO CONTROLS,FUNCTIONING PROPERLY,RAIN,"DARKNESS, LIGHTED ROAD",SIDESWIPE SAME DIRECTION,DIVIDED - W/MEDIAN (NOT RAISED),,STRAIGHT ON GRADE,WET,NO DEFECTS,NOT ON SCENE (DESK REPORT),NO INJURY / DRIVE AWAY,,,Y,"OVER $1,500",4/8/2022 10:10,UNABLE TO DETERMINE,NOT APPLICABLE,2822,N,ASHLAND AVE,1931,,,,,,,2,NO INDICATION OF INJURY,0,0,0,0,0,2,0,19,5,4,41.93313505,-87.66857183,POINT (-87.668571828315 41.933135050825)
0dd4684f05e19c853958bb62e22beda92d330e3173198ea5ce7170fb96da466223858b3cedc0aebe0ee80e8a74d64cea74fdfa419270b0f1a7e2f809c598ddbd,,,4/7/2022 21:23,30,NO CONTROLS,NO CONTROLS,UNKNOWN,"DARKNESS, LIGHTED ROAD",PARKED MOTOR VEHICLE,ONE-WAY,,STRAIGHT AND LEVEL,UNKNOWN,UNKNOWN,ON SCENE,NO INJURY / DRIVE AWAY,,,Y,"OVER $1,500",4/8/2022 9:00,"OPERATING VEHICLE IN ERRATIC, RECKLESS, CARELESS, NEGLIGENT OR AGGRESSIVE MANNER",UNABLE TO DETERMINE,2912,S,WENTWORTH AVE,914,,,,,,,2,NO INDICATION OF INJURY,0,0,0,0,0,1,0,21,5,4,41.84075046,-87.63187953,POINT (-87.631879529695 41.840750461069)
187e1ccd8f0d997cf5d18fae73140500f9d0a6c9291a1a23807e7608e79f6138c73bef5261ce74bfb8a58cc8dfd59429bb27ce84673f5c6f8eac514703de9752,,,4/7/2022 12:15,15,NO CONTROLS,NO CONTROLS,RAIN,DAWN,ANGLE,PARKING LOT,,STRAIGHT AND LEVEL,WET,NO DEFECTS,ON SCENE,NO INJURY / DRIVE AWAY,,,,$500 OR LESS,4/8/2022 12:16,UNABLE TO DETERMINE,UNABLE TO DETERMINE,4932,S,KEDZIE AVE,821,,,,,,,2,NO INDICATION OF INJURY,0,0,0,0,0,5,0,12,5,4,41.80349751,-87.70398757,POINT (-87.703987565889 41.803497510289)
3f0a1d11ea5b656435f7a4f8ed5e897b9a68e981a47de41b1c463dc2b2f6329f89030f0821c5825ca2c03295d0f4da772a2b27e9fc6b0296e42307a8c13f7258,,,4/8/2022 15:00,30,NO CONTROLS,NO CONTROLS,RAIN,DAYLIGHT,SIDESWIPE SAME DIRECTION,DIVIDED - W/MEDIAN (NOT RAISED),,STRAIGHT AND LEVEL,WET,NO DEFECTS,NOT ON SCENE (DESK REPORT),NO INJURY / DRIVE AWAY,,,N,"$501 - $1,500",4/8/2022 16:15,IMPROPER OVERTAKING/PASSING,IMPROPER LANE USAGE,33,S,ASHLAND AVE,1224,,,,,,,2,NO INDICATION OF INJURY,0,0,0,0,0,2,0,15,6,4,41.88038763,-87.66662269,POINT (-87.666622692682 41.880387628175)
9c62f6ec15dfab199f6163c87beb8445d0a41dfd1cb469dcb12a5810bee567df1e2eea041f929c8a4cf5e4459ca11894c68ce4b3ca8af3f5ff23c7f19d74ea63,,,4/8/2022 12:15,25,STOP SIGN/FLASHER,FUNCTIONING PROPERLY,CLEAR,DAYLIGHT,TURNING,NOT DIVIDED,,STRAIGHT AND LEVEL,DRY,NO DEFECTS,ON SCENE,NO INJURY / DRIVE AWAY,Y,,Y,$500 OR LESS,4/8/2022 12:30,IMPROPER TURNING/NO SIGNAL,IMPROPER LANE USAGE,999,N,STATE ST,1833,,,,,,,2,NO INDICATION OF INJURY,0,0,0,0,0,2,0,12,6,4,41.90073551,-87.62817002,POINT (-87.628170017509 41.900735507552)
f89bed53cb0ad134d7dd2cba7896a46c7ae280ed8ea864290f45c4c987941065cfc8f37d33bccf2474744acf324247073cf67d986d9a39bcb4e67878263a4e03,,,4/8/2022 18:00,15,NO CONTROLS,NO CONTROLS,RAIN,DAYLIGHT,PARKED MOTOR VEHICLE,OTHER,,STRAIGHT AND LEVEL,WET,NO DEFECTS,NOT ON SCENE (DESK REPORT),NO INJURY / DRIVE AWAY,,,,"$501 - $1,500",4/8/2022 18:53,IMPROPER BACKING,IMPROPER BACKING,301,E,NORTH WATER ST,1834,,,,,,,2,NO INDICATION OF INJURY,0,0,0,0,0,1,0,18,6,4,41.88945828,-87.62036838,POINT (-87.620368376429 41.889458280109)
a3c23b37d8efd1e7731d9cbf952e94d1b51398e5e45fafcb4db79c3e18c1bad60b1b0d3e5b2ffc37a3dce6f3f2830ce817afe34638d23e2556b7efc4dc264f77,,,4/8/2022 9:00,35,UNKNOWN,NO CONTROLS,RAIN,DAYLIGHT,REAR END,NOT DIVIDED,,STRAIGHT AND LEVEL,UNKNOWN,NO DEFECTS,NOT ON SCENE (DESK REPORT),NO INJURY / DRIVE AWAY,,,,"$501 - $1,500",4/8/2022 17:20,UNABLE TO DETERMINE,NOT APPLICABLE,3699,N,MILWAUKEE AVE,1731,,,,,,,2,NO INDICATION OF INJURY,0,0,0,0,0,2,0,9,6,4,41.94807158,-87.73834952,POINT (-87.738349522722 41.948071581782)
4fc627d53a79aba3501ea1641f6ea3f3801aa688bed7b8795a5eb6d6aa4d3b5b3262baecaa6fc9b38bbf85c1037ea5d743c9a64d17477ce0b6cf9105d1bd8bac,,,4/8/2022 7:45,30,NO CONTROLS,NO CONTROLS,RAIN,DAYLIGHT,PARKED MOTOR VEHICLE,ONE-WAY,,STRAIGHT AND LEVEL,WET,NO DEFECTS,NOT ON SCENE (DESK REPORT),NO INJURY / DRIVE AWAY,,,Y,"OVER $1,500",4/8/2022 11:10,UNABLE TO DETERMINE,NOT APPLICABLE,5104,W,PARKER AVE,2521,,,,,,,2,NO INDICATION OF INJURY,0,0,0,0,0,1,0,7,6,4,41.93063387,-87.75420522,POINT (-87.754205223571 41.930633873773)
59e87ff0a5d4bfc2cebab9b01630421bdf1fe1edb91e43e645eaa5fcde6d5b4ad3931fcbdb672ad7d0de89ef50c1ee4afa7c51196c9c3cb6656a6df8e258116d,,,4/7/2022 10:00,30,NO CONTROLS,NO CONTROLS,CLEAR,DAYLIGHT,TURNING,T-INTERSECTION,,STRAIGHT AND LEVEL,WET,NO DEFECTS,NOT ON SCENE (DESK REPORT),NO INJURY / DRIVE AWAY,,,,"OVER $1,500",4/8/2022 10:00,FAILING TO YIELD RIGHT-OF-WAY,NOT APPLICABLE,4337,W,47TH ST,815,,,,,,,2,NO INDICATION OF INJURY,0,0,0,0,0,2,0,10,5,4,41.80764846,-87.73250321,POINT (-87.732503210714 41.807648458379)
5ed3ce172bdb54262bd50226f16ec4930adf71c4dd770e3bb045aa4dc69891992bc9a13a01b081048b8cdd6c33a5b1c489c3ee372ebd9c71ebe067606b34adff,,,4/8/2022 17:02,30,NO CONTROLS,NO CONTROLS,RAIN,DAYLIGHT,SIDESWIPE SAME DIRECTION,NOT DIVIDED,,STRAIGHT AND LEVEL,WET,NO DEFECTS,ON SCENE,INJURY AND / OR TOW DUE TO CRASH,Y,,,"OVER $1,500",4/8/2022 17:02,NOT APPLICABLE,NOT APPLICABLE,5101,W,LAKE ST,1532,,Y,,N,,,2,NO INDICATION OF INJURY,0,0,0,0,0,2,0,17,6,4,41.88695504,-87.75315204,POINT (-87.753152042732 41.886955043433)
c3cf5461649eb572c4900747dd69b31f841eae0ffee9990bb86b5f37c2535b3099b4e161f38b4654576928b656ebbed3f82f1813eda258c7fd4dc29526050b6f,,Y,4/3/2022 11:18,30,NO CONTROLS,NO CONTROLS,CLEAR,DAYLIGHT,REAR END,DIVIDED - W/MEDIAN (NOT RAISED),,STRAIGHT AND LEVEL,DRY,NO DEFECTS,ON SCENE,INJURY AND / OR TOW DUE TO CRASH,,,,"OVER $1,500",4/3/2022 11:18,UNABLE TO DETERMINE,UNABLE TO DETERMINE,4548,W,16TH ST,1012,,,,,,,2,NO INDICATION OF INJURY,0,0,0,0,0,2,0,11,1,4,41.85877395,-87.73911173,POINT (-87.739111727996 41.858773951132)
bb382f4cbbe5755fe3fc0c09b8df5c60e1a803a53802e7ee4e5c2bb3cfd21ef1462036360b87db6f7b56b5845b7e288637411d543f398449aebd159114356d6a,,,4/9/2022 1:00,30,NO CONTROLS,NO CONTROLS,CLEAR,"DARKNESS, LIGHTED ROAD",PARKED MOTOR VEHICLE,NOT DIVIDED,,STRAIGHT AND LEVEL,DRY,NO DEFECTS,NOT ON SCENE (DESK REPORT),NO INJURY / DRIVE AWAY,,,Y,"OVER $1,500",4/9/2022 1:30,UNABLE TO DETERMINE,NOT APPLICABLE,2939,N,PULASKI RD,2523,,,,,,,2,NO INDICATION OF INJURY,0,0,0,0,0,1,0,1,7,4,41.93478999,-87.72691546,POINT (-87.726915455859 41.934789989764)
cfd5f405574f64403a0163f673ff1da868af0394d6b5eee5c8d5a06b4a7bc40862b39861f15236142ba7a75214a5eb4874063f53f5261ce1c6d4b1bcef8675a8,,,4/8/2022 12:30,15,NO CONTROLS,NO CONTROLS,CLOUDY/OVERCAST,DAYLIGHT,PARKED MOTOR VEHICLE,PARKING LOT,,STRAIGHT AND LEVEL,UNKNOWN,UNKNOWN,NOT ON SCENE (DESK REPORT),NO INJURY / DRIVE AWAY,,Y,,"OVER $1,500",4/8/2022 13:45,UNABLE TO DETERMINE,UNABLE TO DETERMINE,2222,W,DIVISION ST,1424,,,,,,,2,NO INDICATION OF INJURY,0,0,0,0,0,1,0,12,6,4,41.90319856,-87.68312414,POINT (-87.683124136212 41.903198561266)
e0e11ea6b1f702082abaefa6b814d78c60f3304d4dca47c6a50481a95c7be93896d7fc319da6e4ed976e8876c66a6885aecdc8f22aa947298ee270b02b54b97b,,,4/8/2022 19:30,35,TRAFFIC SIGNAL,UNKNOWN,RAIN,"DARKNESS, LIGHTED ROAD",REAR END,NOT DIVIDED,,STRAIGHT AND LEVEL,WET,UNKNOWN,NOT ON SCENE (DESK REPORT),NO INJURY / DRIVE AWAY,,,Y,"OVER $1,500",4/8/2022 22:52,UNABLE TO DETERMINE,UNABLE TO DETERMINE,302,N,CENTRAL AVE,1512,,,,,,,2,NO INDICATION OF INJURY,0,0,0,0,0,2,0,19,6,4,41.88585028,-87.76520772,POINT (-87.765207724087 41.885850279124)
24afad9745f5bbc9ce6252c36ba07093ee36c5baf9351893d4f28bb1549d3dc3eb6d25d4174b14d4f739ceff5cce95bbb5ef361416d6bfc8690958625d11b018,,Y,4/8/2022 16:44,30,NO CONTROLS,NO CONTROLS,RAIN,DUSK,PARKED MOTOR VEHICLE,NOT DIVIDED,,STRAIGHT AND LEVEL,WET,NO DEFECTS,ON SCENE,INJURY AND / OR TOW DUE TO CRASH,,,,"$501 - $1,500",4/8/2022 16:45,"EVASIVE ACTION DUE TO ANIMAL, OBJECT, NONMOTORIST",WEATHER,1642,N,KIMBALL AVE,1422,,,,,,,3,NONINCAPACITATING INJURY,1,0,0,1,0,0,0,16,6,4,41.91132476,-87.71186556,POINT (-87.71186555481 41.911324757244)