CRASH_RECORD_ID,RD_NO,CRASH_DATE_EST_I,CRASH_DATE,POSTED_SPEED_LIMIT,TRAFFIC_CONTROL_DEVICE,DEVICE_CONDITION,WEATHER_CONDITION,LIGHTING_CONDITION,FIRST_CRASH_TYPE,TRAFFICWAY_TYPE,LANE_CNT,ALIGNMENT,ROADWAY_SURFACE_COND,ROAD_DEFECT,REPORT_TYPE,CRASH_TYPE,INTERSECTION_RELATED_I,NOT_RIGHT_OF_WAY_I,HIT_AND_RUN_I,DAMAGE,DATE_POLICE_NOTIFIED,PRIM_CONTRIBUTORY_CAUSE,SEC_CONTRIBUTORY_CAUSE,STREET_NO,STREET_DIRECTION,STREET_NAME,BEAT_OF_OCCURRENCE,PHOTOS_TAKEN_I,STATEMENTS_TAKEN_I,DOORING_I,WORK_ZONE_I,WORK_ZONE_TYPE,WORKERS_PRESENT_I,NUM_UNITS,MOST_SEVERE_INJURY,INJURIES_TOTAL,INJURIES_FATAL,INJURIES_INCAPACITATING,INJURIES_NON_INCAPACITATING,INJURIES_REPORTED_NOT_EVIDENT,INJURIES_NO_INDICATION,INJURIES_UNKNOWN,CRASH_HOUR,CRASH_DAY_OF_WEEK,CRASH_MONTH,LATITUDE,LONGITUDE,LOCATION
cd0ab0b5e2c1e43bb6cf3eff919e4f52330ab1a1d672ad165a2034d4e59eac18f32ae1c55fdae516e7a43ffc97349bab6a653d92ba792313c3a25a75baf38c0b,,,4/7/2022 9:13,30,TRAFFIC SIGNAL,FUNCTIONING PROPERLY,RAIN,DAYLIGHT,PEDESTRIAN,NOT DIVIDED,,STRAIGHT AND LEVEL,WET,NO DEFECTS,ON SCENE,INJURY AND / OR TOW DUE TO CRASH,,,Y,$500 OR LESS,4/7/2022 9:20,FAILING TO YIELD RIGHT-OF-WAY,NOT APPLICABLE,2798,W,MADISON ST,1222,,,,,,,2,NONINCAPACITATING INJURY,1,0,0,1,0,1,0,9,5,4,41.88118802,-87.69617358,POINT (-87.696173577764 41.881188016379)
594456805f62b76089c70ce2e9436185f4eb093cb9d93ade258635d3e7e017c004f2f4089f2edf9c0e4552fb00966f898c9db384757cb623e906c5ffae370e98,,,4/8/2022 7:50,35,NO CONTROLS,NO CONTROLS,RAIN,DAYLIGHT,PARKED MOTOR VEHICLE,NOT DIVIDED,,STRAIGHT AND LEVEL,WET,NO DEFECTS,NOT ON SCENE (DESK REPORT),NO INJURY / DRIVE AWAY,,,Y,"OVER $1,500",4/8/2022 10:35,UNABLE TO DETERMINE,UNABLE TO DETERMINE,4835,W,GRAND AVE,2533,,,,,,,2,NO INDICATION OF INJURY,0,0,0,0,0,1,0,7,6,4,41.91423005,-87.74741664,POINT (-87.747416643561 41.914230052699)
afdecd250258c7b8cf7d773f5689ed812a57b98c7bac220359b148754db20552a2cd4fc1eda52c5b173c59f02d32f8b0fd4b0203b6076d13531968f8d351c118,,,4/7/2022 23:30,30,NO CONTROLS,NO CONTROLS,CLEAR,DARKNESS,REAR END,ONE-WAY,,STRAIGHT AND LEVEL,DRY,NO DEFECTS,NOT ON SCENE (DESK REPORT),NO INJURY / DRIVE AWAY,,,Y,"$501 - $1,500",4/8/2022 18:08,FOLLOWING TOO CLOSELY,FOLLOWING TOO CLOSELY,9100,S,STATE ST,634,,,,,,,2,NO INDICATION OF INJURY,0,0,0,0,0,2,0,23,5,4,41.72894795,-87.6240813,POINT (-87.62408130375 41.728947946995)
44d6b081e2ca674674a2308b29104e51de433b76af07409b35cb62a69e7fbc8b9af7257e87b09958d510ab5e9053df96744bc3a7216764261d99abbced355790,,,4/8/2022 12:26,15,NO CONTROLS,NO CONTROLS,RAIN,DAYLIGHT,REAR END,ALLEY,,STRAIGHT AND LEVEL,WET,NO DEFECTS,NOT ON SCENE (DESK REPORT),NO INJURY / DRIVE AWAY,,,,$500 OR LESS,4/8/2022 12:27,WEATHER,NOT APPLICABLE,6810,S,WABASH AVE,322,,,,,,,2,NO INDICATION OF INJURY,0,0,0,0,0,4,0,12,6,4,41.77062741,-87.62358212,POINT (-87.623582116794 41.770627410255)
050ec9ce46e83aa7f5181ad3a1c4a6b2359583f6f581cae1cc0db4ada9d7ecce92f5990a146dd6539c867537ff9669da11cb0a03cd7aec957da1153c2cbfeb5e,,,4/2/2022 14:50,30,NO CONTROLS,NO CONTROLS,RAIN,DAYLIGHT,PARKED MOTOR VEHICLE,NOT DIVIDED,,STRAIGHT AND LEVEL,WET,NO DEFECTS,NOT ON SCENE (DESK REPORT),NO INJURY / DRIVE AWAY,,,,"$501 - $1,500",4/2/2022 15:48,IMPROPER OVERTAKING/PASSING,IMPROPER OVERTAKING/PASSING,5124,W,BELMONT AVE,1634,,,,,,,2,NO INDICATION OF INJURY,0,0,0,0,0,1,0,14,7,4,41.93882891,-87.75527923,POINT (-87.755279232443 41.938828909878)
91f29a7b26b855836511ff6e445bf9bd0a12926052f772108a1d880f3466e77c56a9c73bb01744203346567ed9f31f8b89223d105cb503226ef7c5b2ec58fea0,,,4/8/2022 13:00,10,NO CONTROLS,NO CONTROLS,RAIN,DAYLIGHT,PARKED MOTOR VEHICLE,PARKING LOT,,STRAIGHT AND LEVEL,WET,NO DEFECTS,NOT ON SCENE (DESK REPORT),NO INJURY / DRIVE AWAY,,Y,Y,$500 OR LESS,4/8/2022 13:30,NOT APPLICABLE,NOT APPLICABLE,4501,W,DIVERSEY AVE,2521,,,,,,,2,NO INDICATION OF INJURY,0,0,0,0,0,1,0,13,6,4,41.93151922,-87.7393069,POINT (-87.739306899233 41.931519223598)
bcfe4cc53fecdbdc39fc1450c4625aca3ee6aa82b45bbb6903eef3b3622c52da32e47bafa73b6ca0bda70f2c4daf1bc7452cdd086f5be8f27dbc4c07c5d182d0,,,4/8/2022 12:02,25,NO CONTROLS,OTHER,CLOUDY/OVERCAST,DAYLIGHT,PARKED MOTOR VEHICLE,NOT DIVIDED,,STRAIGHT AND LEVEL,WET,NO DEFECTS,ON SCENE,NO INJURY / DRIVE AWAY,,,,"$501 - $1,500",4/8/2022 12:10,UNABLE TO DETERMINE,UNABLE TO DETERMINE,1839,S,LAFLIN ST,1233,,,,,,,2,NO INDICATION OF INJURY,0,0,0,0,0,2,0,12,6,4,41.85665317,-87.66358206,POINT (-87.663582057486 41.856653168688)
e4d40fb830e90f2937da86de3bf641c2f9de662d2b536e1273f7aa7539c4151e8af55ea0dee2aaabd301bf610e3f65ba6186492dd4ae86f5e3c69784e0839be3,,,4/8/2022 18:10,30,NO CONTROLS,NO CONTROLS,RAIN,DAYLIGHT,REAR END,DIVIDED - W/MEDIAN (NOT RAISED),,STRAIGHT AND LEVEL,WET,UNKNOWN,NOT ON SCENE (DESK REPORT),NO INJURY / DRIVE AWAY,Y,,Y,"OVER $1,500",4/8/2022 18:30,UNABLE TO DETERMINE,UNABLE TO DETERMINE,732,S,CALIFORNIA AVE,1135,,,,,,,2,NO INDICATION OF INJURY,0,0,0,0,0,2,0,18,6,4,41.87192396,-87.69619429,POINT (-87.696194284848 41.871923963556)
0721a4235b19153a6220cbfa4b613907c1382067bdf76b04d0ea20b568ae0e5f75ba863c84a180ecdabd37d827dafce2b3157f2566bfe38b4f01e8d20d9a78ba,,,4/2/2022 15:10,30,NO CONTROLS,NO CONTROLS,RAIN,DAYLIGHT,REAR END,DIVIDED - W/MEDIAN (NOT RAISED),,STRAIGHT AND LEVEL,WET,UNKNOWN,NOT ON SCENE (DESK REPORT),NO INJURY / DRIVE AWAY,,,,"OVER $1,500",4/2/2022 15:50,DRIVING SKILLS/KNOWLEDGE/EXPERIENCE,WEATHER,3246,S,KEDZIE AVE,1032,,,,,,,2,NO INDICATION OF INJURY,0,0,0,0,0,6,0,15,7,4,41.83390139,-87.70487453,POINT (-87.704874528353 41.833901393897)
4fd76e2cc147f234cb14a3aa676e0f55f448a55552e463a2ba9c718a700d0a0cc61a754563caf001b27a75b1d265b79f5e20b7be8b4116c673fafd463d65cfae,,,4/7/2022 20:20,30,TRAFFIC SIGNAL,FUNCTIONING PROPERLY,RAIN,"DARKNESS, LIGHTED ROAD",OVERTURNED,FOUR WAY,,STRAIGHT AND LEVEL,WET,NO DEFECTS,ON SCENE,INJURY AND / OR TOW DUE TO CRASH,Y,,,"OVER $1,500",4/7/2022 20:20,UNABLE TO DETERMINE,WEATHER,2348,W,PERSHING RD,911,,Y,,,,,1,NONINCAPACITATING INJURY,1,0,0,1,0,2,0,20,5,4,41.82311538,-87.68471873,POINT (-87.684718730674 41.823115381875)
2e39601a588064bb941715892c8b029d1a8f4b8513e9752cfde250af1de01646cbb446b780f016d26d21b08185d9f8793f0130da008d42331102150e4f6e7204,,,4/8/2022 23:06,30,NO CONTROLS,NO CONTROLS,FREEZING RAIN/DRIZZLE,"DARKNESS, LIGHTED ROAD",PEDESTRIAN,NOT DIVIDED,,STRAIGHT AND LEVEL,WET,NO DEFECTS,ON SCENE,INJURY AND / OR TOW DUE TO CRASH,Y,,,"OVER $1,500",4/8/2022 23:07,FAILING TO YIELD RIGHT-OF-WAY,NOT APPLICABLE,5632,W,GRAND AVE,2515,,,,,,,2,NONINCAPACITATING INJURY,1,0,0,1,0,1,0,23,6,4,41.91911042,-87.76711357,POINT (-87.767113569422 41.919110417587)
296081803e1fb850f0c67758f72e55853d8fea24af2edfdcbfa2aa28d9b113defd44513e6d0151ab7fa9a5b60302a5e72b2f736902c3e094852bd5ade047b33f,,,4/8/2022 16:00,30,NO CONTROLS,NO CONTROLS,SNOW,DAYLIGHT,TURNING,NOT DIVIDED,,STRAIGHT AND LEVEL,WET,NO DEFECTS,NOT ON SCENE (DESK REPORT),NO INJURY / DRIVE AWAY,,,,"$501 - $1,500",4/8/2022 17:10,FAILING TO YIELD RIGHT-OF-WAY,NOT APPLICABLE,7015,N,WESTERN AVE,2411,,,,,,,2,NO INDICATION OF INJURY,0,0,0,0,0,2,0,16,6,4,42.00910382,-87.69002531,POINT (-87.6900253078 42.009103815447)
0162c8ae7bb8f2eadbfaa550e6415100643b8e8ff58f57a9cf0a0c970c05db520b74a0059d45a685871ecc404c7e0287b31df68600c177b30ab64f483913baf0,,,4/2/2022 9:00,25,NO CONTROLS,NO CONTROLS,CLEAR,DAYLIGHT,REAR TO SIDE,NOT DIVIDED,,STRAIGHT AND LEVEL,DRY,NO DEFECTS,NOT ON SCENE (DESK REPORT),NO INJURY / DRIVE AWAY,,,,"$501 - $1,500",4/2/2022 9:30,FAILING TO YIELD RIGHT-OF-WAY,NOT APPLICABLE,5595,W,BARRY AVE,2514,,,,,,,2,NO INDICATION OF INJURY,0,0,0,0,0,3,0,9,7,4,41.93664349,-87.76637119,POINT (-87.76637118474 41.936643490772)
7e19c011777a62db7a1b85dc6a6e17518bad032a4934ba07d12f0bf095069f99afa32873e5a7ebae89d9eeca67649ba7302d2032437c9c1cdc05ddf3345172ec,,,4/8/2022 14:45,30,TRAFFIC SIGNAL,FUNCTIONING PROPERLY,RAIN,DAYLIGHT,TURNING,NOT DIVIDED,,STRAIGHT AND LEVEL,WET,NO DEFECTS,ON SCENE,NO INJURY / DRIVE AWAY,,,Y,"$501 - $1,500",4/8/2022 15:16,FOLLOWING TOO CLOSELY,UNABLE TO DETERMINE,3158,W,BELMONT AVE,1733,,,,,,,2,NO INDICATION OF INJURY,0,0,0,0,0,2,0,14,6,4,41.93944802,-87.70696747,POINT (-87.706967471758 41.939448022823)
9cf297655ed918721bb256452e000bbc0d5cbc9e142d6b53d6363c721b0161bb0f5f9eac16ac322748adaa0e815d6bce6f221b30f0b166ab6dd7a029eff38249,,,4/8/2022 9:45,30,NO CONTROLS,NO CONTROLS,RAIN,DAYLIGHT,TURNING,FOUR WAY,,STRAIGHT AND LEVEL,WET,NO DEFECTS,ON SCENE,INJURY AND / OR TOW DUE TO CRASH,Y,,,"OVER $1,500",4/8/2022 9:53,FAILING TO YIELD RIGHT-OF-WAY,FAILING TO YIELD RIGHT-OF-WAY,4653,S,ARCHER AVE,821,,,,,,,2,NONINCAPACITATING INJURY,1,0,0,1,0,1,0,9,6,4,41.80883011,-87.71259032,POINT (-87.712590322714 41.808830113555)
f4883b54ce6dd1ba1547d71b4749af405639c84c39681102c09cf2d12482d469a93dcc6e14548e9d0b7b699cf7db67198d9a981b24f20c9d0d8e194f7c821f53,,,4/8/2022 8:55,30,STOP SIGN/FLASHER,FUNCTIONING PROPERLY,RAIN,DAYLIGHT,TURNING,FOUR WAY,,STRAIGHT AND LEVEL,WET,NO DEFECTS,ON SCENE,INJURY AND / OR TOW DUE TO CRASH,Y,,Y,"OVER $1,500",4/8/2022 8:57,FAILING TO YIELD RIGHT-OF-WAY,FAILING TO YIELD RIGHT-OF-WAY,1501,N,AUSTIN BLVD,2531,Y,,,,,,2,NONINCAPACITATING INJURY,1,0,0,1,0,2,0,8,6,4,41.90753299,-87.77539871,POINT (-87.775398704604 41.907532986626)
11f0ec0788cf7235c4d48edc14eb5e0701541c8a2f296d12e9c0a9fc734c168881ee9e1c5bde3fb4dec2b1c4d9dd12c93331b7f7d4f4589c538cbcc43d79857e,,Y,4/8/2022 21:49,30,TRAFFIC SIGNAL,FUNCTIONING PROPERLY,SNOW,"DARKNESS, LIGHTED ROAD",REAR END,FOUR WAY,,STRAIGHT AND LEVEL,WET,NO DEFECTS,NOT ON SCENE (DESK REPORT),INJURY AND / OR TOW DUE TO CRASH,Y,,,"OVER $1,500",4/8/2022 22:30,DISREGARDING TRAFFIC SIGNALS,NOT APPLICABLE,600,W,87TH ST,622,,,,,,,2,"REPORTED, NOT EVIDENT",1,0,0,0,1,1,0,21,6,4,41.73627238,-87.63881572,POINT (-87.638815714536 41.736272377346)
482e1fad31fedb0f4379d620c6c0f2553a878d0aefcb0d07eea6a679078fdd264e5315de1143902eaa5b3fb6164f3aedfc1371d3d4acb05ac453698ae0409f27,,,4/8/2022 13:07,20,NO CONTROLS,NO CONTROLS,RAIN,DAYLIGHT,PARKED MOTOR VEHICLE,ONE-WAY,,STRAIGHT AND LEVEL,WET,NO DEFECTS,ON SCENE,INJURY AND / OR TOW DUE TO CRASH,,,,"OVER $1,500",4/8/2022 13:10,DRIVING SKILLS/KNOWLEDGE/EXPERIENCE,NOT APPLICABLE,3632,N,KILPATRICK AVE,1731,,,,,,,2,NONINCAPACITATING INJURY,1,0,0,1,0,0,0,13,6,4,41.94716327,-87.74471039,POINT (-87.744710385325 41.947163271223)
689d11aa19d2301cbe90075eeac9f82a4872ca488e7455e37f57558ba29d6446ec8084b8cd27e21be5bdade5e1b37e129692ea75343efa6c96b6973503ed9141,,,4/8/2022 13:42,30,NO CONTROLS,NO CONTROLS,CLOUDY/OVERCAST,DAYLIGHT,REAR END,ONE-WAY,,STRAIGHT AND LEVEL,WET,NO DEFECTS,ON SCENE,NO INJURY / DRIVE AWAY,,,Y,"$501 - $1,500",4/8/2022 13:45,FOLLOWING TOO CLOSELY,NOT APPLICABLE,8744,S,MUSKEGON AVE,423,,,,,,,2,NO INDICATION OF INJURY,0,0,0,0,0,3,0,13,6,4,41.73599215,-87.55569641,POINT (-87.555696405104 41.735992150171)
9874cc29a5a6e7781f119bff40d415029fc6fd3d8ba467d15c575aa841acb64c647fa03df752a549852e3f9ec2608810d5df7f21dd2dda8acde1499e9a173e97,,,4/8/2022 0:10,30,TRAFFIC SIGNAL,FUNCTIONING PROPERLY,CLEAR,"DARKNESS, LIGHTED ROAD",FIXED OBJECT,FOUR WAY,,STRAIGHT AND LEVEL,WET,NO DEFECTS,ON SCENE,INJURY AND / OR TOW DUE TO CRASH,Y,Y,,"OVER $1,500",4/8/2022 0:10,FAILING TO REDUCE SPEED TO AVOID CRASH,UNABLE TO DETERMINE,1411,W,105TH ST,2212,,,,,,,1,INCAPACITATING INJURY,2,0,1,0,1,0,0,0,6,4,41.70301578,-87.65788397,POINT (-87.657883973169 41.703015782148)
f594d885eadfc4b316c7f08a2bb36a0a3dd5a45dac319cf218820ccea7cf57e183f27aa2187f33b2d8e6dd365e13d49d24b559eed0b0981f2dfbd2959e2c0987,,,4/8/2022 14:34,30,TRAFFIC SIGNAL,FUNCTIONING PROPERLY,RAIN,DAYLIGHT,PEDESTRIAN,FOUR WAY,,STRAIGHT AND LEVEL,WET,NO DEFECTS,ON SCENE,INJURY AND / OR TOW DUE TO CRASH,Y,,,$500 OR LESS,4/8/2022 14:47,FAILING TO YIELD RIGHT-OF-WAY,NOT APPLICABLE,1401,N,WESTERN AVE,1424,,,,,,,2,INCAPACITATING INJURY,1,0,1,0,0,1,0,14,6,4,41.90675983,-87.68697887,POINT (-87.686978873112 41.906759833692)
266fa4b9499f14ee8127de168d159beca2ae1cd98a1cb190026862c8eb24b3b83ac22e3cd484ec6601083304d9322cd497246b9f510783f8ae9d74f57a580e07,,,4/8/2022 16:42,30,TRAFFIC SIGNAL,FUNCTIONING PROPERLY,RAIN,DAYLIGHT,REAR END,FOUR WAY,,STRAIGHT AND LEVEL,WET,NO DEFECTS,ON SCENE,INJURY AND / OR TOW DUE TO CRASH,Y,,Y,"OVER $1,500",4/8/2022 16:46,FAILING TO REDUCE SPEED TO AVOID CRASH,NOT APPLICABLE,58,W,GARFIELD BLVD,225,,,,,,,2,NONINCAPACITATING INJURY,2,0,0,2,0,1,0,16,6,4,41.79472432,-87.62773719,POINT (-87.627737191124 41.794724323874)
072ae9e8b7322f7ce77787b23a86d940c25b8cd1c4f2fc08464eee8d713444931dc5c5817c8054ba569b6b1991b4a22434152bd544487b95dc15dace86d891fa,,,4/2/2022 3:00,30,NO CONTROLS,NO CONTROLS,CLEAR,"DARKNESS, LIGHTED ROAD",PARKED MOTOR VEHICLE,NOT DIVIDED,,STRAIGHT AND LEVEL,DRY,NO DEFECTS,ON SCENE,INJURY AND / OR TOW DUE TO CRASH,,,Y,"OVER $1,500",4/2/2022 3:19,UNABLE TO DETERMINE,NOT APPLICABLE,517,W,46TH ST,925,,,,,,,2,NO INDICATION OF INJURY,0,0,0,0,0,1,0,3,7,4,41.81070432,-87.6390123,POINT (-87.639012296502 41.810704319514)
bedd991bd231a9c47d146b847d14bb2037f52618efb11b54aff2a120452858845643f2fcd18cbfa81be956e58fc5d17da78d12cd6b129e498ad6a383d466430b,,Y,4/8/2022 17:10,20,NO CONTROLS,NO CONTROLS,RAIN,DAYLIGHT,ANGLE,ONE-WAY,,STRAIGHT AND LEVEL,WET,NO DEFECTS,ON SCENE,INJURY AND / OR TOW DUE TO CRASH,,,,"OVER $1,500",4/8/2022 17:22,FAILING TO YIELD RIGHT-OF-WAY,NOT APPLICABLE,902,E,82ND ST,631,,,,,,,3,NO INDICATION OF INJURY,0,0,0,0,0,2,0,17,6,4,41.74593499,-87.60245951,POINT (-87.602459514329 41.745934985577)
05121637e3b5167e047f53a5816a0a27e314b5601656cb8d5d14d176ed6e4dda895dc955c7ee8370c7f390bdd7e61d595af63a9e1c04f2d2f33a78cbb1002705,,,4/2/2022 23:55,30,STOP SIGN/FLASHER,UNKNOWN,CLEAR,"DARKNESS, LIGHTED ROAD",ANGLE,FOUR WAY,,STRAIGHT AND LEVEL,DRY,NO DEFECTS,NOT ON SCENE (DESK REPORT),NO INJURY / DRIVE AWAY,Y,,,"$501 - $1,500",4/3/2022 2:00,UNABLE TO DETERMINE,UNABLE TO DETERMINE,658,N,FRANKLIN ST,1831,,,,,,,2,NO INDICATION OF INJURY,0,0,0,0,0,2,0,23,7,4,41.89400704,-87.63578698,POINT (-87.635786979778 41.894007037329)
18f0ad7c14ecace6b64249378dc9a0b19ba897eb700e44e3946f745928682308913635463f3a9dd4fad1400d92758d4f9ddd72d169e6ef94a0d4f7ac87d67ad3,,,4/8/2022 19:35,30,NO CONTROLS,NO CONTROLS,RAIN,"DARKNESS, LIGHTED ROAD",PARKED MOTOR VEHICLE,ONE-WAY,,STRAIGHT AND LEVEL,WET,UNKNOWN,ON SCENE,NO INJURY / DRIVE AWAY,,,Y,"$501 - $1,500",4/8/2022 19:42,UNABLE TO DETERMINE,NOT APPLICABLE,302,N,PINE AVE,1523,,,,,,,2,NO INDICATION OF INJURY,0,0,0,0,0,2,0,19,6,4,41.88587309,-87.76352579,POINT (-87.763525794157 41.885873086846)
6439329dfa180ab916d4898f97c89752462ee30590cbae549d184720d2a1ede14bfd96bc9da591e7eec498b652e5feecc2e55d810791e8fffbed843323c0be22,,,4/7/2022 11:05,30,TRAFFIC SIGNAL,FUNCTIONING PROPERLY,CLEAR,DAYLIGHT,TURNING,OTHER,,STRAIGHT AND LEVEL,DRY,NO DEFECTS,NOT ON SCENE (DESK REPORT),NO INJURY / DRIVE AWAY,Y,,,"OVER $1,500",4/7/2022 11:55,DRIVING SKILLS/KNOWLEDGE/EXPERIENCE,UNABLE TO DETERMINE,150,E,CONGRESS DR,114,,,,,,,2,NO INDICATION OF INJURY,0,0,0,0,0,2,0,11,5,4,41.87585922,-87.62240879,POINT (-87.622408785167 41.875859216548)
da09ef752e4450b340108cda37a63ca3a48e42cdc9f0e1dc558162218855836e0edc28427699707126676b38824dd1f2ba9faa08e4b2ffca144f6e669e20b637,,,4/8/2022 12:30,30,NO CONTROLS,NO CONTROLS,CLEAR,DAYLIGHT,PARKED MOTOR VEHICLE,ONE-WAY,,STRAIGHT AND LEVEL,WET,NO DEFECTS,NOT ON SCENE (DESK REPORT),NO INJURY / DRIVE AWAY,,,Y,"OVER $1,500",4/8/2022 16:15,UNABLE TO DETERMINE,NOT APPLICABLE,1255,W,COLUMBIA AVE,2432,,,,,,,2,NO INDICATION OF INJURY,0,0,0,0,0,1,0,12,6,4,42.00439025,-87.66301635,POINT (-87.663016348162 42.004390248719)
2b1c15f8e69a3c47fd7c361a0e79d38079dfc9edc991730f921aa663f64ea9d975fb09f356ce4196fccb3148a8d37946f011314e43b1d848b50c6e90735b97e5,,,4/7/2022 18:35,30,NO CONTROLS,NO CONTROLS,RAIN,DAYLIGHT,FIXED OBJECT,NOT DIVIDED,,"CURVE, LEVEL",WET,UNKNOWN,ON SCENE,INJURY AND / OR TOW DUE TO CRASH,,,,"OVER $1,500",4/7/2022 18:41,WEATHER,UNABLE TO DETERMINE,3351,N,CAMPBELL AVE,1921,,,,,,,1,NONINCAPACITATING INJURY,3,0,0,3,0,1,0,18,5,4,41.94265699,-87.69054111,POINT (-87.690541107955 41.94265699156)
88bd43631e28f6215809b3ae7076e4166863bd5f25920308b56f4c067845417c65a61b8c1f4c6208adead88b7fdedee006b8e794ef10d432f32def6ba2aa307a,,,4/8/2022 12:00,15,STOP SIGN/FLASHER,FUNCTIONING PROPERLY,CLEAR,DAYLIGHT,SIDESWIPE SAME DIRECTION,DIVIDED - W/MEDIAN (NOT RAISED),,STRAIGHT AND LEVEL,DRY,NO DEFECTS,NOT ON SCENE (DESK REPORT),NO INJURY / DRIVE AWAY,,,Y,"OVER $1,500",4/8/2022 13:00,IMPROPER OVERTAKING/PASSING,UNABLE TO DETERMINE,210,W,87TH ST,622,,,,,,,2,NO INDICATION OF INJURY,0,0,0,0,0,2,0,12,6,4,41.73621796,-87.62931044,POINT (-87.629310436538 41.736217960782)
1039779e036668e27b82aac8285934e6a216d5d74666a75f3f1d94433a125ff2b79bbec04431c09a34ac8d5da511e1337a479462865198efa4bea781056b81f6,,,4/6/2022 23:45,30,NO CONTROLS,NO CONTROLS,CLEAR,DARKNESS,SIDESWIPE OPPOSITE DIRECTION,NOT DIVIDED,,STRAIGHT AND LEVEL,DRY,NO DEFECTS,ON SCENE,NO INJURY / DRIVE AWAY,,,,"$501 - $1,500",4/6/2022 23:50,FAILING TO REDUCE SPEED TO AVOID CRASH,NOT APPLICABLE,1008,W,47TH ST,925,,,,,,,2,NO INDICATION OF INJURY,0,0,0,0,0,2,0,23,4,4,41.80889947,-87.65082146,POINT (-87.650821459717 41.808899471106)
1ab47e2718b7bda8641acb271056f435cce81c713ad4f7d9efad9cf5a2fba8b8314193fc73fb7e31db7d10bff1a8f79908ad71c1aca2612b77ef30305f6c4d59,,,4/7/2022 21:53,35,NO CONTROLS,NO CONTROLS,RAIN,"DARKNESS, LIGHTED ROAD",FIXED OBJECT,NOT DIVIDED,,STRAIGHT AND LEVEL,WET,NO DEFECTS,,INJURY AND / OR TOW DUE TO CRASH,,Y,,"OVER $1,500",4/7/2022 21:54,UNDER THE INFLUENCE OF ALCOHOL/DRUGS (USE WHEN ARREST IS EFFECTED),DISREGARDING ROAD MARKINGS,8600,S,DAMEN AVE,614,,,,,,,1,NO INDICATION OF INJURY,0,0,0,0,0,1,0,21,5,4,41.7373887,-87.67297631,POINT (-87.67297630778 41.737388703507)
a57dd0a535bada79903e91dda27ab9302112afb7ed9c2a70c361d10692e6a22ebbd7ad27762ba262ccfb251257ac6ec1e8887ac6694a619be19648de86d555a0,,,4/8/2022 9:40,30,STOP SIGN/FLASHER,FUNCTIONING PROPERLY,RAIN,DAYLIGHT,ANGLE,DIVIDED - W/MEDIAN (NOT RAISED),,STRAIGHT AND LEVEL,WET,NO DEFECTS,ON SCENE,INJURY AND / OR TOW DUE TO CRASH,Y,,,$500 OR LESS,4/8/2022 9:41,FAILING TO YIELD RIGHT-OF-WAY,FAILING TO YIELD RIGHT-OF-WAY,4528,W,GRAND AVE,2533,,,,,,,2,NO INDICATION OF INJURY,0,0,0,0,0,2,0,9,6,4,41.9115638,-87.73972652,POINT (-87.739726522403 41.911563800949)
72fa0f1fa16e1514ff5fcb31049009a266a9edf445825265f4730e5a2c47bb6cdd9ed2cbf83f6bdac9d4059aaa1df149e995199c9153beba9973222becdd9977,,,3/31/2022 19:55,30,NO CONTROLS,NO CONTROLS,SNOW,DAYLIGHT,REAR END,NOT DIVIDED,,STRAIGHT AND LEVEL,SNOW OR SLUSH,NO DEFECTS,NOT ON SCENE (DESK REPORT),NO INJURY / DRIVE AWAY,,,,"$501 - $1,500",4/8/2022 16:20,FOLLOWING TOO CLOSELY,NOT APPLICABLE,1219,W,DEVON AVE,2433,,,,,,,2,NO INDICATION OF INJURY,0,0,0,0,0,2,0,19,5,3,41.99806897,-87.66140994,POINT (-87.66140993912 41.99806896931)
bab0e673f7579272239c8b695e169c55f3ec6441f5f6cdd06162d86e0279e8179fc3b74611493d9a8ecf955985054512b2cf1d1392b8f8366064e79d9d02d6bc,,,4/4/2022 7:50,30,NO CONTROLS,NO CONTROLS,CLEAR,DAYLIGHT,SIDESWIPE SAME DIRECTION,NOT DIVIDED,,STRAIGHT AND LEVEL,DRY,NO DEFECTS,NOT ON SCENE (DESK REPORT),NO INJURY / DRIVE AWAY,,,,"OVER $1,500",4/7/2022 11:20,IMPROPER OVERTAKING/PASSING,FAILING TO REDUCE SPEED TO AVOID CRASH,2401,W,76TH ST,835,,,,,,,2,NO INDICATION OF INJURY,0,0,0,0,0,2,0,7,2,4,41.75527437,-87.6830459,POINT (-87.68304589967 41.755274366014)
01297357d7084a8f55098a739e73b14f5cf88f8a3c2853d4e68ecd4224447e5d00e555283d8a345b0bedf78954457319a38f830c63dcd84f99a51a2decc41542,,,4/2/2022 9:15,30,TRAFFIC SIGNAL,FUNCTIONING PROPERLY,CLEAR,DAYLIGHT,REAR END,FOUR WAY,,STRAIGHT AND LEVEL,DRY,NO DEFECTS,ON SCENE,NO INJURY / DRIVE AWAY,Y,,,"OVER $1,500",4/2/2022 9:19,UNABLE TO DETERMINE,UNABLE TO DETERMINE,4000,N,WESTERN AVE,1911,,,,,,,2,NO INDICATION OF INJURY,0,0,0,0,0,2,0,9,7,4,41.95405671,-87.68861447,POINT (-87.688614471985 41.954056713542)
082c5e0cf4d95e09968e5c8c589acb82d688034b2924bb6c98bc652033ca59488c23cca61abbb62b93288ae956e4015e53c347c4286405d9b48283729a8c4bdb,,,4/2/2022 20:30,30,TRAFFIC SIGNAL,FUNCTIONING PROPERLY,CLEAR,DARKNESS,TURNING,DIVIDED - W/MEDIAN (NOT RAISED),,STRAIGHT AND LEVEL,WET,NO DEFECTS,ON SCENE,INJURY AND / OR TOW DUE TO CRASH,Y,,,"OVER $1,500",4/2/2022 20:31,FAILING TO YIELD RIGHT-OF-WAY,NOT APPLICABLE,2399,W,111TH ST,2212,,,,,,,2,NO INDICATION OF INJURY,0,0,0,0,0,2,0,20,7,4,41.69166843,-87.68104406,POINT (-87.681044061653 41.691668430032)