CRASH_RECORD_ID,RD_NO,CRASH_DATE_EST_I,CRASH_DATE,POSTED_SPEED_LIMIT,TRAFFIC_CONTROL_DEVICE,DEVICE_CONDITION,WEATHER_CONDITION,LIGHTING_CONDITION,FIRST_CRASH_TYPE,TRAFFICWAY_TYPE,LANE_CNT,ALIGNMENT,ROADWAY_SURFACE_COND,ROAD_DEFECT,REPORT_TYPE,CRASH_TYPE,INTERSECTION_RELATED_I,NOT_RIGHT_OF_WAY_I,HIT_AND_RUN_I,DAMAGE,DATE_POLICE_NOTIFIED,PRIM_CONTRIBUTORY_CAUSE,SEC_CONTRIBUTORY_CAUSE,STREET_NO,STREET_DIRECTION,STREET_NAME,BEAT_OF_OCCURRENCE,PHOTOS_TAKEN_I,STATEMENTS_TAKEN_I,DOORING_I,WORK_ZONE_I,WORK_ZONE_TYPE,WORKERS_PRESENT_I,NUM_UNITS,MOST_SEVERE_INJURY,INJURIES_TOTAL,INJURIES_FATAL,INJURIES_INCAPACITATING,INJURIES_NON_INCAPACITATING,INJURIES_REPORTED_NOT_EVIDENT,INJURIES_NO_INDICATION,INJURIES_UNKNOWN,CRASH_HOUR,CRASH_DAY_OF_WEEK,CRASH_MONTH,LATITUDE,LONGITUDE,LOCATION
06663dc7d10ea225ded3d2b1b68d3dfac5412be8eb4f2f795fa481145dde724c95408583d6cea06c115c00e721848fd04e14df05648cd407ab860b4f9583627a,,,4/1/2022 20:30,10,NO CONTROLS,NO CONTROLS,CLEAR,DARKNESS,ANGLE,PARKING LOT,,STRAIGHT AND LEVEL,DRY,NO DEFECTS,NOT ON SCENE (DESK REPORT),NO INJURY / DRIVE AWAY,,,,"$501 - $1,500",4/2/2022 10:00,UNABLE TO DETERMINE,NOT APPLICABLE,5841,W,STRONG ST,1622,,,,,,,2,NO INDICATION OF INJURY,0,0,0,0,0,2,0,20,6,4,41.97017553,-87.77509945,POINT (-87.775099449044 41.970175532687)
418f114e2f49d95ff1a3b570047ca7285a90f5459525ebc7366d00a6ddafaa275596c413a0acd34ba8c5acba95c0b1f215c9e438ee600bd57f3fdb4fbd5120db,,,4/8/2022 8:30,30,NO CONTROLS,NO CONTROLS,RAIN,DAYLIGHT,PARKED MOTOR VEHICLE,ONE-WAY,,STRAIGHT AND LEVEL,WET,NO DEFECTS,ON SCENE,NO INJURY / DRIVE AWAY,,,Y,"OVER $1,500",4/8/2022 14:59,UNABLE TO DETERMINE,UNABLE TO DETERMINE,1819,N,LUNA AVE,2532,,,,,,,2,NO INDICATION OF INJURY,0,0,0,0,0,1,0,8,6,4,41.91365388,-87.76422769,POINT (-87.764227688469 41.913653876536)
f923024d1e1c54b9ffd8b7d2545058de5e4f315f643746979aa64b3d1b43f21b1cf8c8708d1e0560cae0256d9ac5d7546d50b6b746476253e6fb1b29dae352f0,,,4/8/2022 5:40,30,TRAFFIC SIGNAL,FUNCTIONING PROPERLY,CLOUDY/OVERCAST,"DARKNESS, LIGHTED ROAD",PEDALCYCLIST,NOT DIVIDED,,STRAIGHT AND LEVEL,WET,NO DEFECTS,NOT ON SCENE (DESK REPORT),INJURY AND / OR TOW DUE TO CRASH,,,Y,"OVER $1,500",4/8/2022 18:40,FAILING TO YIELD RIGHT-OF-WAY,UNABLE TO DETERMINE,150,N,HALSTED ST,1224,,,,,,,2,NONINCAPACITATING INJURY,1,0,0,1,0,1,0,5,6,4,41.88454696,-87.64758764,POINT (-87.647587639978 41.884546961039)
370b85f0ddc12fbcf9d39870581a93a87f824e5501892ebc30300925a82a728a4fec60819f1711cb0e35e818a5e403ec934f8aa9ff982bcc2c6dba0d37c9d961,,,4/7/2022 23:00,35,NO CONTROLS,NO CONTROLS,CLEAR,DAYLIGHT,PARKED MOTOR VEHICLE,DIVIDED - W/MEDIAN (NOT RAISED),,STRAIGHT AND LEVEL,WET,UNKNOWN,NOT ON SCENE (DESK REPORT),NO INJURY / DRIVE AWAY,,,Y,"OVER $1,500",4/8/2022 15:00,DRIVING SKILLS/KNOWLEDGE/EXPERIENCE,UNABLE TO DETERMINE,4520,S,MICHIGAN AVE,215,,,,,,,2,NO INDICATION OF INJURY,0,0,0,0,0,1,0,23,5,4,41.81244159,-87.62306863,POINT (-87.623068632032 41.812441592084)
c591077a1bd582d07cb953062182ccd218d7e941f1e14d6b4df1b3302ca3c9a5f1f50fbae6506f3236466b9299a2577dcb68fa814e941b23a0be3aa9da1419a2,,,4/8/2022 4:30,35,TRAFFIC SIGNAL,FUNCTIONING PROPERLY,CLEAR,"DARKNESS, LIGHTED ROAD",REAR END,NOT DIVIDED,,STRAIGHT AND LEVEL,DRY,NO DEFECTS,NOT ON SCENE (DESK REPORT),NO INJURY / DRIVE AWAY,,,Y,"OVER $1,500",4/8/2022 9:00,IMPROPER OVERTAKING/PASSING,NOT APPLICABLE,157,W,CERMAK RD,914,,,,,,,2,NO INDICATION OF INJURY,0,0,0,0,0,2,0,4,6,4,41.85274906,-87.63157002,POINT (-87.631570021689 41.852749060069)
66f00f102a7239a471688b8160fd4deea9679a9acedfd0a542161e78ca3151e15301b8bca5ccd887ee8eb07650a5e99a99a2e30cc188b4598099909d392fd0ad,,,4/7/2022 18:02,30,NO CONTROLS,NO CONTROLS,FREEZING RAIN/DRIZZLE,DAYLIGHT,SIDESWIPE SAME DIRECTION,DIVIDED - W/MEDIAN BARRIER,,STRAIGHT AND LEVEL,WET,NO DEFECTS,NOT ON SCENE (DESK REPORT),NO INJURY / DRIVE AWAY,,,,"$501 - $1,500",4/7/2022 19:31,NOT APPLICABLE,NOT APPLICABLE,5301,S,HARLEM AVE,811,,,,,,,2,NO INDICATION OF INJURY,0,0,0,0,0,3,0,18,5,4,41.79568805,-87.80145967,POINT (-87.801459670523 41.795688052768)
602581fbcacaab55c4e0bd18ea4d7d27d5f1853cd7585d9e4dfd6cd9986a7b4336ec6df47f81e57be5caa5ddd190cfa2f259307441b5f85a9841f5eeff8f126c,,,4/8/2022 15:54,30,STOP SIGN/FLASHER,FUNCTIONING PROPERLY,RAIN,DAYLIGHT,TURNING,FOUR WAY,,STRAIGHT AND LEVEL,WET,NO DEFECTS,ON SCENE,INJURY AND / OR TOW DUE TO CRASH,Y,,,"OVER $1,500",4/8/2022 15:54,DRIVING SKILLS/KNOWLEDGE/EXPERIENCE,DISTRACTION - FROM INSIDE VEHICLE,4300,W,DIVERSEY AVE,2523,,,,,,,2,NO INDICATION OF INJURY,0,0,0,0,0,4,0,15,6,4,41.93180272,-87.73440883,POINT (-87.734408830388 41.931802716934)
02de58f2c0e6d5e3b805b465e3716c37a61e40efcb86ef287c665b9755b3d6a9aef3040b5ef50d638660c6a0b65537c0611a6bf6604f3fb29b76aa44e3ad2fd8,,,4/2/2022 11:45,30,TRAFFIC SIGNAL,FUNCTIONING PROPERLY,CLEAR,DAYLIGHT,REAR END,NOT DIVIDED,,STRAIGHT AND LEVEL,DRY,NO DEFECTS,NOT ON SCENE (DESK REPORT),NO INJURY / DRIVE AWAY,,,,"$501 - $1,500",4/2/2022 14:00,IMPROPER OVERTAKING/PASSING,UNABLE TO DETERMINE,757,E,87TH ST,632,,,,,,,2,NO INDICATION OF INJURY,0,0,0,0,0,2,0,11,7,4,41.73653806,-87.60494174,POINT (-87.604941737063 41.736538063572)
d4e78bcf4a4c488f413680d3ef4528030745be3a4b964ca1e0fb63b269d11ce9f7156f1928e72163986a8db5206819c93a1bcc0b1ff2c5080ca3451e5c1bab59,,,4/8/2022 11:00,30,TRAFFIC SIGNAL,FUNCTIONING PROPERLY,CLEAR,DAYLIGHT,TURNING,NOT DIVIDED,,STRAIGHT AND LEVEL,DRY,NO DEFECTS,NOT ON SCENE (DESK REPORT),NO INJURY / DRIVE AWAY,Y,,,"OVER $1,500",4/8/2022 12:00,IMPROPER TURNING/NO SIGNAL,NOT APPLICABLE,298,E,ROOSEVELT RD,114,,,,,,,2,NO INDICATION OF INJURY,0,0,0,0,0,2,0,11,6,4,41.86762194,-87.62043251,POINT (-87.620432506772 41.867621935698)
876196dd5361ba4f78c21261894ada5e798c76dc18ef12085b7248336fe87de2ffbd8c07a0aed6bd6f3c7485707179b8a246891d08908b259d1c8490984c47d2,,Y,4/8/2022 14:12,30,NO CONTROLS,NO CONTROLS,CLOUDY/OVERCAST,DAYLIGHT,PARKED MOTOR VEHICLE,NOT DIVIDED,,STRAIGHT AND LEVEL,WET,NO DEFECTS,ON SCENE,INJURY AND / OR TOW DUE TO CRASH,,Y,,"OVER $1,500",4/8/2022 14:14,UNABLE TO DETERMINE,UNABLE TO DETERMINE,1118,W,63RD ST,712,,,,,,,2,INCAPACITATING INJURY,1,0,1,0,0,0,0,14,6,4,41.77974424,-87.65289237,POINT (-87.652892368065 41.779744243671)
fd1f6bdd8a05f6f3e65d409bf4a6a18b075c8e937eb1eefa0cfedceb8893cb4e05d77a053459adbbca8920969e85d67f2b4d87aafddceb8b9f281e1a55ce9bf9,,,4/8/2022 16:20,30,NO CONTROLS,NO CONTROLS,RAIN,DAYLIGHT,PARKED MOTOR VEHICLE,ONE-WAY,,STRAIGHT AND LEVEL,WET,NO DEFECTS,ON SCENE,NO INJURY / DRIVE AWAY,,,,$500 OR LESS,4/8/2022 16:21,"VISION OBSCURED (SIGNS, TREE LIMBS, BUILDINGS, ETC.)",WEATHER,6020,S,MAPLEWOOD AVE,825,,,,N,,,2,NO INDICATION OF INJURY,0,0,0,0,0,1,0,16,6,4,41.784021,-87.68757799,POINT (-87.687577989452 41.784020995011)
5c21d30b6799b363ea7a52a0d0ee0fc9c95af579654efc146ea0a03ab51bf2fd2c037f5124d0f8152a37329f11a7a3b98d729bbecc79fac1078ec991c9b2f03f,,Y,4/8/2022 20:35,35,NO CONTROLS,NO CONTROLS,RAIN,DARKNESS,SIDESWIPE SAME DIRECTION,NOT DIVIDED,,STRAIGHT AND LEVEL,WET,NO DEFECTS,ON SCENE,NO INJURY / DRIVE AWAY,,,,"$501 - $1,500",4/8/2022 20:36,FAILING TO YIELD RIGHT-OF-WAY,IMPROPER OVERTAKING/PASSING,7310,W,BELMONT AVE,1631,,,,,,,2,NO INDICATION OF INJURY,0,0,0,0,0,2,0,20,6,4,41.93810141,-87.80965786,POINT (-87.809657860514 41.938101414488)
0844616c377620bf071a8a064311746a562c7cd529fcc7fb4f52bf7a2c86ee84060e95adc06eef2ea55523e4a9c4e4bcb5f42770998e06b3d59c257fc76a0c8c,,,4/2/2022 14:10,30,NO CONTROLS,NO CONTROLS,RAIN,DAYLIGHT,SIDESWIPE SAME DIRECTION,DIVIDED - W/MEDIAN (NOT RAISED),,STRAIGHT AND LEVEL,WET,NO DEFECTS,NOT ON SCENE (DESK REPORT),NO INJURY / DRIVE AWAY,,,,"$501 - $1,500",4/2/2022 14:50,"VISION OBSCURED (SIGNS, TREE LIMBS, BUILDINGS, ETC.)",NOT APPLICABLE,4790,N,KEDZIE AVE,1713,,,,,,,2,NO INDICATION OF INJURY,0,0,0,0,0,2,0,14,7,4,41.96835764,-87.70861492,POINT (-87.708614922589 41.968357637127)
e0a13eeec50eaae1663c148763a59a65841ef05145ac67b3a85ad75d16d55788f7d3836a2bf04b42a90228d94b12ff03fbf000297b073fb3275cb21814755e57,,,4/7/2022 19:00,20,NO CONTROLS,NO CONTROLS,UNKNOWN,DARKNESS,PARKED MOTOR VEHICLE,ONE-WAY,,STRAIGHT AND LEVEL,UNKNOWN,UNKNOWN,NOT ON SCENE (DESK REPORT),NO INJURY / DRIVE AWAY,,,Y,"OVER $1,500",4/7/2022 19:00,UNABLE TO DETERMINE,UNABLE TO DETERMINE,3900,W,POLK ST,1132,,,,,,,2,NO INDICATION OF INJURY,0,0,0,0,0,1,0,19,5,4,41.8708572,-87.72301183,POINT (-87.723011829562 41.870857201018)
a345c14b36772adf682806b5f1586ed6e024ff40b790ad5bb505ce4e43ef1d989bda8dd6fc334d208fd65cd545d989abdf6b1f419fcb331c27a9dc272141b953,,,4/8/2022 15:25,30,NO CONTROLS,NO CONTROLS,RAIN,DAYLIGHT,PARKED MOTOR VEHICLE,NOT DIVIDED,,STRAIGHT AND LEVEL,WET,NO DEFECTS,ON SCENE,NO INJURY / DRIVE AWAY,,,,"$501 - $1,500",4/8/2022 16:32,IMPROPER LANE USAGE,NOT APPLICABLE,5419,S,MASSASOIT AVE,811,,,,,,,2,NO INDICATION OF INJURY,0,0,0,0,0,1,0,15,6,4,41.79453103,-87.76624815,POINT (-87.766248146697 41.794531028176)
071903fa7a683302f14af01b99eae4ddb06373e2282a7276f7cfc616224e2d8d90fd6c3122a086b38a5a4268a66279782931a458f150a052b54d09bbd5ba242e,,,4/2/2022 21:45,30,TRAFFIC SIGNAL,FUNCTIONING PROPERLY,CLEAR,"DARKNESS, LIGHTED ROAD",REAR END,NOT DIVIDED,,STRAIGHT AND LEVEL,DRY,NO DEFECTS,ON SCENE,INJURY AND / OR TOW DUE TO CRASH,,,,"OVER $1,500",4/2/2022 23:03,FOLLOWING TOO CLOSELY,NOT APPLICABLE,3458,W,MARQUETTE RD,831,,,,,,,2,"REPORTED, NOT EVIDENT",3,0,0,0,3,1,0,21,7,4,41.77167007,-87.71011986,POINT (-87.710119859114 41.771670068353)
248094731926b0713e33b62b2235be418c4cb2209c752aa9f692cd00d60b0ae4df7d87dbab7dced7a5f4ccbfbdb851a0b6c55ee8d961730bcad9ff27b8e84b8c,,,4/8/2022 22:45,30,TRAFFIC SIGNAL,FUNCTIONING PROPERLY,RAIN,"DARKNESS, LIGHTED ROAD",REAR END,NOT DIVIDED,,STRAIGHT AND LEVEL,WET,NO DEFECTS,ON SCENE,NO INJURY / DRIVE AWAY,,,,"$501 - $1,500",4/8/2022 22:48,FOLLOWING TOO CLOSELY,DRIVING SKILLS/KNOWLEDGE/EXPERIENCE,4400,W,GRAND AVE,2533,,,,,,,3,NO INDICATION OF INJURY,0,0,0,0,0,3,0,22,6,4,41.91018141,-87.73624887,POINT (-87.736248870407 41.910181409597)
1533bca3053d587c223d8061f512feef38ec4507410c957636c2fc2f630947235f0a1e91c9f2349312ea0a6a1831a26a5c207e457fe54390ec3aa957fe17d064,,,4/8/2022 19:24,30,STOP SIGN/FLASHER,FUNCTIONING PROPERLY,SNOW,"DARKNESS, LIGHTED ROAD",FIXED OBJECT,NOT DIVIDED,,STRAIGHT AND LEVEL,WET,NO DEFECTS,ON SCENE,INJURY AND / OR TOW DUE TO CRASH,,,,"$501 - $1,500",4/8/2022 19:25,PHYSICAL CONDITION OF DRIVER,PHYSICAL CONDITION OF DRIVER,3099,N,LAKE SHORE DR,1934,,,,,,,1,NONINCAPACITATING INJURY,1,0,0,1,0,0,0,19,6,4,41.93773848,-87.63712669,POINT (-87.637126692744 41.937738483908)
dec53ee29f367d85296845b41ea11a787f25e084dbf921e3f95805d453d1e89f265ae0ef8b5accd3ea60f6f473dcd3c049b3d375950be7df6ba229a925b69e70,,,4/8/2022 10:53,30,TRAFFIC SIGNAL,UNKNOWN,CLEAR,"DARKNESS, LIGHTED ROAD",TURNING,DIVIDED - W/MEDIAN BARRIER,,"CURVE, LEVEL",WET,NO DEFECTS,ON SCENE,INJURY AND / OR TOW DUE TO CRASH,Y,,,"OVER $1,500",4/8/2022 10:56,UNABLE TO DETERMINE,UNABLE TO DETERMINE,35,W,LOWER WACKER DR,111,,,,,,,2,NONINCAPACITATING INJURY,1,0,0,1,0,1,0,10,6,4,41.88668219,-87.62930979,POINT (-87.629309786975 41.886682188824)
d0018cdcf7acceb58baac9f4eaf384cdaa26028ca08ac9943d4dfa6b9cb9288c68589e72c0e70b55e46c04a296fc3d83459107a2898996e38acaf09836dbab2a,,Y,4/7/2022 0:00,30,NO CONTROLS,NO CONTROLS,UNKNOWN,UNKNOWN,PARKED MOTOR VEHICLE,ONE-WAY,,STRAIGHT AND LEVEL,UNKNOWN,NO DEFECTS,NOT ON SCENE (DESK REPORT),NO INJURY / DRIVE AWAY,,,Y,"OVER $1,500",4/8/2022 14:56,UNABLE TO DETERMINE,NOT APPLICABLE,520,N,LAMON AVE,1532,,,,,,,2,NO INDICATION OF INJURY,0,0,0,0,0,1,0,0,5,4,41.89026957,-87.74824029,POINT (-87.74824028637 41.890269568059)
50efa51ed1d135cd97a6793a97d8f625908f4d4b694b59aa922a6996c40358eedffae0ad4a5245eb5b32a8fd16a65d4231e2414d343273e5ddc4ade3f38b0a5c,,,4/8/2022 12:35,30,STOP SIGN/FLASHER,FUNCTIONING PROPERLY,CLEAR,DAYLIGHT,ANGLE,NOT DIVIDED,,STRAIGHT AND LEVEL,DRY,NO DEFECTS,ON SCENE,INJURY AND / OR TOW DUE TO CRASH,Y,,,"OVER $1,500",4/8/2022 12:36,UNABLE TO DETERMINE,UNABLE TO DETERMINE,5900,S,FAIRFIELD AVE,824,,,,,,,2,NO INDICATION OF INJURY,0,0,0,0,0,2,0,12,6,4,41.78633359,-87.69251991,POINT (-87.692519905095 41.786333590678)
c352ca1908925bf9825e1a324a93ac3d58fbab00cef3885f2f6dfd85ba7a514ad5a9a390956b0e76105bb51a5db56a229be4879fad3c26cc042c69d1e04207ac,,,4/8/2022 22:19,25,STOP SIGN/FLASHER,FUNCTIONING PROPERLY,RAIN,"DARKNESS, LIGHTED ROAD",ANGLE,FOUR WAY,,STRAIGHT AND LEVEL,WET,NO DEFECTS,ON SCENE,INJURY AND / OR TOW DUE TO CRASH,Y,,,"OVER $1,500",4/8/2022 22:20,NOT APPLICABLE,NOT APPLICABLE,7030,S,LAWNDALE AVE,833,,,,,,,2,NO INDICATION OF INJURY,0,0,0,0,0,2,0,22,6,4,41.76515602,-87.71521775,POINT (-87.715217749313 41.765156019946)
4ac0b37d595ae5c46c117f4d8186b3adce5efb02868f75e89673ea7dbba8849decf2a4c865bd64529a15b9c71a0a761322e6ffd7d419ab8ba6eedd147951ee67,,Y,4/7/2022 18:42,30,NO CONTROLS,NO CONTROLS,CLEAR,DARKNESS,PARKED MOTOR VEHICLE,NOT DIVIDED,,STRAIGHT AND LEVEL,WET,NO DEFECTS,ON SCENE,INJURY AND / OR TOW DUE TO CRASH,,,,"$501 - $1,500",4/7/2022 19:45,WEATHER,WEATHER,3800,N,HARLEM AVE,1631,,,,,,,2,NO INDICATION OF INJURY,0,0,0,0,0,1,0,18,5,4,41.94898738,-87.80728418,POINT (-87.807284183553 41.948987377046)
1f503d00cc32c0ed0887338230dc9add907a4c7c3fbd0a4642ac285359076d98622b5fbf71f9b1563f66f648153323b3fe01718554390657600919f6755d29e9,,,4/8/2022 14:40,30,NO CONTROLS,NO CONTROLS,CLEAR,DAYLIGHT,SIDESWIPE SAME DIRECTION,NOT DIVIDED,,STRAIGHT AND LEVEL,DRY,NO DEFECTS,ON SCENE,NO INJURY / DRIVE AWAY,,,,$500 OR LESS,4/8/2022 14:45,IMPROPER OVERTAKING/PASSING,NOT APPLICABLE,3730,S,KEDZIE AVE,911,,,,,,,2,NO INDICATION OF INJURY,0,0,0,0,0,2,0,14,6,4,41.8251989,-87.7046237,POINT (-87.704623700702 41.825198904284)
026c82357586c9f6eb8a8e771d8ca1d2b8103ba839301d0bdc396ab42d3b235b85d31cea9050cfcc56798081aee924c7585de4d7e082b46410bd15dd1e1c79f3,,,4/1/2022 20:55,30,NO CONTROLS,NO CONTROLS,CLEAR,"DARKNESS, LIGHTED ROAD",SIDESWIPE SAME DIRECTION,NOT DIVIDED,,STRAIGHT AND LEVEL,DRY,NO DEFECTS,NOT ON SCENE (DESK REPORT),NO INJURY / DRIVE AWAY,,,,"OVER $1,500",4/1/2022 21:25,UNABLE TO DETERMINE,UNABLE TO DETERMINE,1924,W,CHICAGO AVE,1212,,,,,,,2,NO INDICATION OF INJURY,0,0,0,0,0,2,0,20,6,4,41.89604363,-87.67568937,POINT (-87.675689366302 41.896043627115)
84a3c6efab025fde1b8697bfa994c2e7de7f4803b8a73fd56c63b94ddd16b802760c362df5abedc4ee75ea944922cbeabdb4753fb33827de2e240cd32d97a4d7,,,4/8/2022 16:37,30,NO CONTROLS,NO CONTROLS,RAIN,DAYLIGHT,ANGLE,NOT DIVIDED,,STRAIGHT AND LEVEL,WET,NO DEFECTS,NOT ON SCENE (DESK REPORT),NO INJURY / DRIVE AWAY,Y,,,"OVER $1,500",4/8/2022 17:55,FAILING TO YIELD RIGHT-OF-WAY,UNABLE TO DETERMINE,3800,S,ARCHER AVE,911,,,,,,,2,NO INDICATION OF INJURY,0,0,0,0,0,3,0,16,6,4,41.82445623,-87.68755151,POINT (-87.687551506694 41.824456229628)
9fc3ea993136ad2fbfda5a12863613db9122ddf9ddb9560e0c3d1f20e0303902a6129759bb8758b9670fc81c6f5bc1b671a790346eec5ee06474b72ad614f6b7,,,4/8/2022 14:49,30,NO CONTROLS,NO CONTROLS,RAIN,DAYLIGHT,SIDESWIPE SAME DIRECTION,NOT DIVIDED,,STRAIGHT AND LEVEL,WET,NO DEFECTS,ON SCENE,INJURY AND / OR TOW DUE TO CRASH,,,,"OVER $1,500",4/8/2022 14:50,FAILING TO YIELD RIGHT-OF-WAY,NOT APPLICABLE,2275,W,37TH ST,912,,,,,,,3,NO INDICATION OF INJURY,0,0,0,0,0,6,0,14,6,4,41.82654679,-87.68285232,POINT (-87.682852322704 41.826546786332)
ea9059124af22877c0ccb5f57e7186d8e9b72ddc576ce4dc12f0649d6b7a727673ab1cbf05ca56ad24d4327bb44d45e4f64f3a4560123282e9c4119d9a74a429,,,4/8/2022 13:15,30,TRAFFIC SIGNAL,FUNCTIONING PROPERLY,CLEAR,DAYLIGHT,PEDALCYCLIST,FOUR WAY,,STRAIGHT AND LEVEL,WET,NO DEFECTS,ON SCENE,INJURY AND / OR TOW DUE TO CRASH,,,,"OVER $1,500",4/8/2022 13:20,UNABLE TO DETERMINE,NOT APPLICABLE,430,N,LA SALLE DR,1831,,,,,,,2,NONINCAPACITATING INJURY,1,0,0,1,0,1,0,13,6,4,41.89004243,-87.63269468,POINT (-87.632694681299 41.890042429682)
c3de7e75d2932dc6f71a5d14052d4ec84f3d3a9843767ee666a64ab8885ca2e958dabbb01337a59953b3950d3025c54424abce0dba4e5f0c6e16cb2ace782284,,,4/8/2022 20:50,30,NO CONTROLS,NO CONTROLS,RAIN,"DARKNESS, LIGHTED ROAD",SIDESWIPE SAME DIRECTION,DIVIDED - W/MEDIAN (NOT RAISED),,STRAIGHT AND LEVEL,WET,NO DEFECTS,NOT ON SCENE (DESK REPORT),NO INJURY / DRIVE AWAY,,,,"$501 - $1,500",4/8/2022 21:10,UNABLE TO DETERMINE,NOT APPLICABLE,4802,W,65TH ST,813,,,,,,,2,NO INDICATION OF INJURY,0,0,0,0,0,2,0,20,6,4,41.77488368,-87.74232646,POINT (-87.742326462931 41.77488368213)
17523804ec21a9f659cc950fff8d3a99889c9f0c13bbdf12496cd3220311734257673c396d708110f567eadb06f0fd6e8e9d52fe54c405b081b6387ad8459004,,,4/8/2022 19:00,30,UNKNOWN,UNKNOWN,RAIN,DARKNESS,ANGLE,NOT DIVIDED,,STRAIGHT AND LEVEL,WET,UNKNOWN,ON SCENE,NO INJURY / DRIVE AWAY,,,,$500 OR LESS,4/8/2022 19:16,UNABLE TO DETERMINE,UNABLE TO DETERMINE,6800,S,HALSTED ST,723,,,,,,,2,NO INDICATION OF INJURY,0,0,0,0,0,2,0,19,6,4,41.77056204,-87.64469722,POINT (-87.644697222903 41.770562042929)
befdccece94782c5be8b75386e1ce3f18b976ed07bde6d2c7549c9b382610d06e716b6c78b52162bcbb77be0dc9bee674d4a792b955e44d0489c8b8efcc0e3da,,,4/8/2022 16:48,30,NO CONTROLS,NO CONTROLS,RAIN,DAYLIGHT,REAR END,DIVIDED - W/MEDIAN (NOT RAISED),,STRAIGHT AND LEVEL,WET,NO DEFECTS,ON SCENE,NO INJURY / DRIVE AWAY,,,,$500 OR LESS,4/8/2022 16:50,UNABLE TO DETERMINE,UNABLE TO DETERMINE,2737,N,MULLIGAN AVE,2512,,,,,,,2,NO INDICATION OF INJURY,0,0,0,0,0,2,0,16,6,4,41.93030491,-87.78430327,POINT (-87.784303273449 41.930304908495)
9df34937dc32c46ea95b2fafe0c1a4968d86ed5e813cd4011a3d665a6eaeb15765cce97e1de6dfad1adce11959851ccdfd4b79cd83ec9d8a4de07ad14a226968,,,4/8/2022 23:00,30,NO CONTROLS,NO CONTROLS,RAIN,"DARKNESS, LIGHTED ROAD",HEAD ON,NOT DIVIDED,,STRAIGHT AND LEVEL,WET,NO DEFECTS,ON SCENE,INJURY AND / OR TOW DUE TO CRASH,,,,"OVER $1,500",4/8/2022 23:00,UNDER THE INFLUENCE OF ALCOHOL/DRUGS (USE WHEN ARREST IS EFFECTED),DRIVING ON WRONG SIDE/WRONG WAY,710,W,CERMAK RD,1235,,,,,,,2,NO INDICATION OF INJURY,0,0,0,0,0,2,0,23,6,4,41.85277533,-87.64497666,POINT (-87.644976661938 41.85277533147)
f465f0f53fa9531eb39b76975d1e31a16b883eeaf5be549dedf699c2c4af9b75363c57fc99af00b0f16a91aff0b1a613f598a4e39bbed140434869f123e2d102,,,4/8/2022 15:00,30,STOP SIGN/FLASHER,FUNCTIONING PROPERLY,RAIN,DAYLIGHT,ANGLE,FOUR WAY,,STRAIGHT AND LEVEL,WET,NO DEFECTS,ON SCENE,NO INJURY / DRIVE AWAY,Y,,,"OVER $1,500",4/8/2022 15:04,UNABLE TO DETERMINE,NOT APPLICABLE,5800,S,AUSTIN AVE,811,,,,,,,2,NO INDICATION OF INJURY,0,0,0,0,0,3,0,15,6,4,41.78694565,-87.77199438,POINT (-87.771994374615 41.786945650934)
de09184b4963e077faa4e3b0ba145f45d66cead9cc047dcde2eea02a7cfbe17bd681b4d9cbcbf718c0dbae2551fbe587a868c9b939d61e08478314a142f06335,,,4/8/2022 19:00,35,NO CONTROLS,NO CONTROLS,RAIN,"DARKNESS, LIGHTED ROAD",PARKED MOTOR VEHICLE,ONE-WAY,,STRAIGHT AND LEVEL,WET,NO DEFECTS,NOT ON SCENE (DESK REPORT),NO INJURY / DRIVE AWAY,,,Y,$500 OR LESS,4/8/2022 19:48,IMPROPER BACKING,IMPROPER BACKING,730,S,CLARK ST,123,,,,,,,2,NO INDICATION OF INJURY,0,0,0,0,0,1,0,19,6,4,41.87278061,-87.63077151,POINT (-87.63077151243 41.872780614066)
2a2f241f17c7925f4eb83940b0795b80707ade0e096646425627b512130b7da4cd5868677a4c2fa93ef4a230f09af538200da5166e34f3586cbc3f2a3659ea79,,Y,4/7/2022 22:00,25,NO CONTROLS,NO CONTROLS,CLEAR,"DARKNESS, LIGHTED ROAD",PARKED MOTOR VEHICLE,NOT DIVIDED,,STRAIGHT AND LEVEL,DRY,NO DEFECTS,ON SCENE,NO INJURY / DRIVE AWAY,,,,"$501 - $1,500",4/8/2022 8:07,DRIVING SKILLS/KNOWLEDGE/EXPERIENCE,NOT APPLICABLE,7030,S,OAKLEY AVE,832,,,,,,,2,NO INDICATION OF INJURY,0,0,0,0,0,1,0,22,5,4,41.7656104,-87.68088045,POINT (-87.680880452068 41.765610404284)
08c7e908b0df8fa4538fd100903357a459c3efa36e9ed77e773d310c876f00fbfc59e72b9957faea98efc8d65bc4382c990f2cad5845372eac1802c1b80cece3,,,4/2/2022 17:20,20,UNKNOWN,UNKNOWN,CLEAR,DAYLIGHT,PARKED MOTOR VEHICLE,NOT DIVIDED,,STRAIGHT AND LEVEL,WET,NO DEFECTS,ON SCENE,NO INJURY / DRIVE AWAY,,,Y,"$501 - $1,500",4/2/2022 18:39,UNABLE TO DETERMINE,NOT APPLICABLE,6254,S,ROCKWELL ST,825,,,,,,,2,NO INDICATION OF INJURY,0,0,0,0,0,1,0,17,7,4,41.77938971,-87.68867494,POINT (-87.688674943099 41.77938970558)