CRASH_RECORD_ID,RD_NO,CRASH_DATE_EST_I,CRASH_DATE,POSTED_SPEED_LIMIT,TRAFFIC_CONTROL_DEVICE,DEVICE_CONDITION,WEATHER_CONDITION,LIGHTING_CONDITION,FIRST_CRASH_TYPE,TRAFFICWAY_TYPE,LANE_CNT,ALIGNMENT,ROADWAY_SURFACE_COND,ROAD_DEFECT,REPORT_TYPE,CRASH_TYPE,INTERSECTION_RELATED_I,NOT_RIGHT_OF_WAY_I,HIT_AND_RUN_I,DAMAGE,DATE_POLICE_NOTIFIED,PRIM_CONTRIBUTORY_CAUSE,SEC_CONTRIBUTORY_CAUSE,STREET_NO,STREET_DIRECTION,STREET_NAME,BEAT_OF_OCCURRENCE,PHOTOS_TAKEN_I,STATEMENTS_TAKEN_I,DOORING_I,WORK_ZONE_I,WORK_ZONE_TYPE,WORKERS_PRESENT_I,NUM_UNITS,MOST_SEVERE_INJURY,INJURIES_TOTAL,INJURIES_FATAL,INJURIES_INCAPACITATING,INJURIES_NON_INCAPACITATING,INJURIES_REPORTED_NOT_EVIDENT,INJURIES_NO_INDICATION,INJURIES_UNKNOWN,CRASH_HOUR,CRASH_DAY_OF_WEEK,CRASH_MONTH,LATITUDE,LONGITUDE,LOCATION
8e2c617302831570c6f14a708e9393fee8e1298f459b48c96df033a9ee3b64694425f3f30cf7cb2b9df60e83a7732e7403d86ef1d08a1efdbdb30863f310e366,,,4/8/2022 10:30,30,NO CONTROLS,NO CONTROLS,RAIN,DAYLIGHT,PARKED MOTOR VEHICLE,DIVIDED - W/MEDIAN BARRIER,,STRAIGHT AND LEVEL,WET,NO DEFECTS,ON SCENE,INJURY AND / OR TOW DUE TO CRASH,,,,"OVER $1,500",4/8/2022 10:30,PHYSICAL CONDITION OF DRIVER,NOT APPLICABLE,5241,W,CHICAGO AVE,1524,,,,,,,2,FATAL,1,1,0,0,0,0,0,10,6,4,41.89480803,-87.7572791,POINT (-87.757279102063 41.894808034011)
c812b280405abf97ad61a2083847b8537b71dc9ec4409a011ee3be37836ca50d7babfe0a673802f9b6b34447499979441b041fe2da682ea86fc4064ec6c102fe,,,4/8/2022 19:20,30,STOP SIGN/FLASHER,FUNCTIONING PROPERLY,SNOW,"DARKNESS, LIGHTED ROAD",ANGLE,FOUR WAY,,STRAIGHT AND LEVEL,WET,NO DEFECTS,ON SCENE,INJURY AND / OR TOW DUE TO CRASH,Y,,,"OVER $1,500",4/8/2022 19:24,UNABLE TO DETERMINE,UNABLE TO DETERMINE,2225,E,79TH ST,414,,,,,,,2,NO INDICATION OF INJURY,0,0,0,0,0,2,0,19,6,4,41.75157217,-87.57002935,POINT (-87.570029345733 41.751572165431)
754e1d130fdad3c4d883cfd0aa635c768f50a832a7d9954e518fa7874972cb1456a64c39ec893b5004c8ce448e3319eb652d27dc977b9771d36e51de4433d671,,Y,3/31/2022 6:00,30,NO CONTROLS,NO CONTROLS,UNKNOWN,UNKNOWN,PARKED MOTOR VEHICLE,NOT DIVIDED,,STRAIGHT AND LEVEL,UNKNOWN,UNKNOWN,NOT ON SCENE (DESK REPORT),NO INJURY / DRIVE AWAY,,,Y,"$501 - $1,500",4/2/2022 15:52,UNABLE TO DETERMINE,UNABLE TO DETERMINE,4400,N,MAGNOLIA AVE,1913,,,,,,,2,NO INDICATION OF INJURY,0,0,0,0,0,1,0,6,5,3,41.96179069,-87.6611185,POINT (-87.661118496579 41.961790694089)
1cc03967280d0d3365e87e0d7855560d36a15c3dc0f0364420a01dc030dfaf5b45367673f2ee3acaa8875c19635d016472f4c3b10d64ef78891f6f07f45db75d,,,4/2/2022 23:30,15,NO CONTROLS,NO CONTROLS,CLEAR,"DARKNESS, LIGHTED ROAD",PARKED MOTOR VEHICLE,PARKING LOT,,STRAIGHT AND LEVEL,DRY,NO DEFECTS,NOT ON SCENE (DESK REPORT),NO INJURY / DRIVE AWAY,,,,"OVER $1,500",4/3/2022 0:04,UNABLE TO DETERMINE,UNABLE TO DETERMINE,5000,S,HALSTED ST,933,,,,,,,2,NO INDICATION OF INJURY,0,0,0,0,0,1,0,23,7,4,41.80335609,-87.64553798,POINT (-87.645537975337 41.803356093154)
4e732bba1349cbc4dc1738f7f69a2cfd0b16c22f8c7a33e9a8009722950ed225606a5be3a68c931557027f74ae0c411c17094a51cdae907abbb59138122b43d1,JF172053,,3/12/2022 23:20,30,NO CONTROLS,NO CONTROLS,CLEAR,"DARKNESS, LIGHTED ROAD",ANGLE,DIVIDED - W/MEDIAN (NOT RAISED),,STRAIGHT AND LEVEL,DRY,NO DEFECTS,ON SCENE,INJURY AND / OR TOW DUE TO CRASH,Y,,N,"OVER $1,500",3/12/2022 23:26,FAILING TO YIELD RIGHT-OF-WAY,DRIVING SKILLS/KNOWLEDGE/EXPERIENCE,2000,S,ASHLAND AVE,1234,,,,,,,2,NO INDICATION OF INJURY,0,0,0,0,0,5,0,23,7,3,41.85501801,-87.66621889,POINT (-87.666218894165 41.85501801358)
e2c97f96975a65050ae0afe99243d89f269415c78a541ce961aac44aa7ae833a30fa6e87ebf50819ab2be913246884a0ff044ca89e0fd593391b0080fd78e933,,,4/2/2022 3:17,30,NO CONTROLS,NO CONTROLS,CLEAR,"DARKNESS, LIGHTED ROAD",FIXED OBJECT,FOUR WAY,,STRAIGHT AND LEVEL,DRY,NO DEFECTS,ON SCENE,INJURY AND / OR TOW DUE TO CRASH,Y,,Y,"OVER $1,500",4/2/2022 4:17,UNABLE TO DETERMINE,NOT APPLICABLE,199,W,108TH PL,513,,,,,,,1,NO INDICATION OF INJURY,0,0,0,0,0,2,0,3,7,4,41.69697482,-87.62789353,POINT (-87.627893524909 41.696974816086)
0d6df7bae7c4742a23ea7db7f19e19ce7cd7b026bc87aa059b5191707c95f01b9769efa91adc8df860a5b77486a8985795dc575de6b3a65b09d1c1fe3832db48,,,4/1/2022 18:45,30,NO CONTROLS,NO CONTROLS,CLEAR,"DARKNESS, LIGHTED ROAD",TURNING,NOT DIVIDED,,STRAIGHT AND LEVEL,DRY,NO DEFECTS,NOT ON SCENE (DESK REPORT),NO INJURY / DRIVE AWAY,,,,"OVER $1,500",4/2/2022 2:00,UNABLE TO DETERMINE,UNABLE TO DETERMINE,627,W,GRAND AVE,1214,,,,,,,2,NO INDICATION OF INJURY,0,0,0,0,0,2,0,18,6,4,41.89112284,-87.64414236,POINT (-87.64414236337 41.891122835699)
4ebe36c74e7cd61fe4521ddb30e282464f7e558cec25d603db35a157c9d943cc7aba6f70975e204577303343811a8ba317ff6512297405e0854576118c1ff676,JF173393,,3/12/2022 13:50,30,NO CONTROLS,NO CONTROLS,CLEAR,DAYLIGHT,TURNING,NOT DIVIDED,,STRAIGHT AND LEVEL,DRY,NO DEFECTS,NOT ON SCENE (DESK REPORT),NO INJURY / DRIVE AWAY,,,,"OVER $1,500",3/14/2022 10:55,FAILING TO YIELD RIGHT-OF-WAY,UNABLE TO DETERMINE,5229,S,WOODLAWN AVE,234,,,,,,,2,NO INDICATION OF INJURY,0,0,0,0,0,2,0,13,7,3,41.80001218,-87.59650722,POINT (-87.596507215785 41.800012181289)
ff31d5b92e4408f115beb32ee66b8a154ef79cb39681a320f566defc65bb6509d38c2c57e19199cb6a52939ddda24ef98a157e50a35c6031ddac6981bbffdd31,,,4/2/2022 12:18,30,TRAFFIC SIGNAL,UNKNOWN,RAIN,UNKNOWN,REAR END,FOUR WAY,,STRAIGHT AND LEVEL,WET,UNKNOWN,NOT ON SCENE (DESK REPORT),INJURY AND / OR TOW DUE TO CRASH,,,,"OVER $1,500",4/2/2022 13:40,UNABLE TO DETERMINE,UNABLE TO DETERMINE,1920,S,RUBLE ST,1235,,,,,,,2,NONINCAPACITATING INJURY,1,0,0,1,0,2,0,12,7,4,41.85595346,-87.64389232,POINT (-87.643892320422 41.855953459038)
4f9455c8b2479b63b783369f067db1506d7b4c21341bb233fb3be08f0a616e4345f9c6646baa0534569bd09d738b1939835cd1c1e68917d72390cba2f3a5f067,JF172058,,3/12/2022 23:00,30,TRAFFIC SIGNAL,FUNCTIONING PROPERLY,CLEAR,"DARKNESS, LIGHTED ROAD",SIDESWIPE OPPOSITE DIRECTION,NOT DIVIDED,,STRAIGHT AND LEVEL,DRY,NO DEFECTS,ON SCENE,NO INJURY / DRIVE AWAY,Y,,Y,"OVER $1,500",3/12/2022 23:07,UNABLE TO DETERMINE,NOT APPLICABLE,7600,S,STONY ISLAND AVE,411,,,,,,,2,NO INDICATION OF INJURY,0,0,0,0,0,3,0,23,7,3,41.75689717,-87.58623429,POINT (-87.58623428507 41.756897172602)
e29e2c69064187ee05bd97de9651444c2260a32691317a6eb6f0ecb258fac5eea695ff158637294a79492b825d7f0d93f16ed2ad1758c21ee2941b989f5e4865,,,4/2/2022 5:16,30,NO CONTROLS,NO CONTROLS,CLEAR,"DARKNESS, LIGHTED ROAD",FIXED OBJECT,DIVIDED - W/MEDIAN BARRIER,,STRAIGHT AND LEVEL,DRY,NO DEFECTS,ON SCENE,INJURY AND / OR TOW DUE TO CRASH,,,,"OVER $1,500",4/2/2022 5:16,FAILING TO REDUCE SPEED TO AVOID CRASH,DRIVING SKILLS/KNOWLEDGE/EXPERIENCE,6002,S,HALSTED ST,712,,,,,,,1,NONINCAPACITATING INJURY,1,0,0,1,0,1,0,5,7,4,41.78499449,-87.64506315,POINT (-87.645063144859 41.784994493905)
85323c6a6be6e069bf65c9b781367db7bfde3bb23bfff0b1e0f4a01142480d9e4d0abdb8cd5edecabb674e3f7e622fc80b6f6dd66a7afd97f17fffc8600c76fa,,,4/2/2022 23:47,30,UNKNOWN,FUNCTIONING PROPERLY,UNKNOWN,"DARKNESS, LIGHTED ROAD",ANGLE,"FIVE POINT, OR MORE",,STRAIGHT AND LEVEL,UNKNOWN,UNKNOWN,NOT ON SCENE (DESK REPORT),NO INJURY / DRIVE AWAY,Y,,Y,"OVER $1,500",4/3/2022 1:10,FAILING TO YIELD RIGHT-OF-WAY,FAILING TO REDUCE SPEED TO AVOID CRASH,3159,W,BELMONT AVE,1411,,,,,,,2,NO INDICATION OF INJURY,0,0,0,0,0,3,0,23,7,4,41.93922851,-87.70696356,POINT (-87.706963560677 41.939228510536)
b4df4a2ca65e45e0fe0f11bb1e24c1bfa6bd091dfb437e395734a42d837082dfae739b99082d6aa0666fc5de7fbfb35fd1cc65cc807fdcd1b7e42d8dfa523a1d,,,4/2/2022 17:50,30,NO CONTROLS,NO CONTROLS,RAIN,DAYLIGHT,SIDESWIPE SAME DIRECTION,ONE-WAY,,STRAIGHT AND LEVEL,WET,NO DEFECTS,NOT ON SCENE (DESK REPORT),NO INJURY / DRIVE AWAY,,,,"OVER $1,500",4/2/2022 19:00,UNABLE TO DETERMINE,NOT APPLICABLE,2200,N,KEELER AVE,2522,,,,,,,2,NO INDICATION OF INJURY,0,0,0,0,0,2,0,17,7,4,41.92085639,-87.73170884,POINT (-87.73170883536 41.920856390612)
b26f73937655b8b7784f7d4a164bf02d7ce98fcf765dd7b4e00f08f8c467ec02efd21c2e85f8898ec395253f4da21d66b29db2e761222a00afc87ae5f4957e68,,,4/3/2022 0:38,25,NO CONTROLS,NO CONTROLS,CLEAR,"DARKNESS, LIGHTED ROAD",PARKED MOTOR VEHICLE,NOT DIVIDED,,STRAIGHT AND LEVEL,DRY,NO DEFECTS,ON SCENE,INJURY AND / OR TOW DUE TO CRASH,,,Y,"OVER $1,500",4/3/2022 0:38,UNABLE TO DETERMINE,UNABLE TO DETERMINE,1232,W,GLENLAKE AVE,2433,,,,,,,6,NO INDICATION OF INJURY,0,0,0,0,0,1,0,0,1,4,41.99282017,-87.6616558,POINT (-87.661655801942 41.99282016928)
504f62a06989493b1093e44a3ad66c17a8b8e5d4d7b7142c4687e1a905dd053cf123df5924bb4cbd54fc2ff86a1a39995c652d4b93187a651bf694e8a101564d,JF171878,,3/12/2022 18:22,35,NO CONTROLS,NO CONTROLS,CLEAR,UNKNOWN,PARKED MOTOR VEHICLE,OTHER,,STRAIGHT AND LEVEL,DRY,NO DEFECTS,NOT ON SCENE (DESK REPORT),NO INJURY / DRIVE AWAY,,,Y,"$501 - $1,500",3/12/2022 19:00,UNABLE TO DETERMINE,NOT APPLICABLE,4122,W,63RD ST,813,,,,,,,2,NO INDICATION OF INJURY,0,0,0,0,0,1,0,18,7,3,41.7787254,-87.72627335,POINT (-87.726273351972 41.778725395368)
138fed3ccdad7a3f8c7c3bb918d287485970c1f944de80ff5531ba5a78ce6dff60b8092be137985c48887a4837ecee084ad58e83fd72f058e5948a9860e9e48b,,,4/2/2022 15:15,30,NO CONTROLS,NO CONTROLS,RAIN,DAYLIGHT,SIDESWIPE SAME DIRECTION,NOT DIVIDED,,STRAIGHT AND LEVEL,DRY,NO DEFECTS,NOT ON SCENE (DESK REPORT),NO INJURY / DRIVE AWAY,,,,"OVER $1,500",4/2/2022 16:20,UNABLE TO DETERMINE,NOT APPLICABLE,3003,N,CENTRAL PARK AVE,1412,,,,,,,2,NO INDICATION OF INJURY,0,0,0,0,0,2,0,15,7,4,41.93536843,-87.71714021,POINT (-87.717140211882 41.935368432779)
6ac9620b118dc7eb53a719ed6412226f7e27db4db7c01d15b9cd2310bd4be662b3dc3761fd9450642096fef55c206701945e3055c78c1865e4e55305dedba48e,,,3/30/2022 10:00,30,UNKNOWN,UNKNOWN,UNKNOWN,UNKNOWN,REAR TO FRONT,ONE-WAY,,STRAIGHT AND LEVEL,UNKNOWN,UNKNOWN,NOT ON SCENE (DESK REPORT),NO INJURY / DRIVE AWAY,,,Y,"OVER $1,500",4/2/2022 11:25,UNABLE TO DETERMINE,UNABLE TO DETERMINE,1615,W,ADAMS ST,1231,,,,,,,2,NO INDICATION OF INJURY,0,0,0,0,0,2,0,10,4,3,41.87877454,-87.66741093,POINT (-87.667410925656 41.878774535995)
509ca5e3d13c48380636bed9301fe6ad80cb25d3dba7c7b2c38043f8b7e5f23661faa65360fa2d5049cbb833ce3f881bacbcb2b0fb92e077938e4f83a33b77dc,JF172078,,3/12/2022 23:32,30,STOP SIGN/FLASHER,NO CONTROLS,CLEAR,"DARKNESS, LIGHTED ROAD",HEAD ON,NOT DIVIDED,,STRAIGHT AND LEVEL,DRY,NO DEFECTS,ON SCENE,INJURY AND / OR TOW DUE TO CRASH,,Y,,"OVER $1,500",3/12/2022 23:32,"OPERATING VEHICLE IN ERRATIC, RECKLESS, CARELESS, NEGLIGENT OR AGGRESSIVE MANNER",FAILING TO REDUCE SPEED TO AVOID CRASH,4617,W,DIVISION ST,1111,,,,,,,2,NO INDICATION OF INJURY,0,0,0,0,0,3,0,23,7,3,41.90230569,-87.74224285,POINT (-87.742242846171 41.902305686385)
42984a53b9ec93255c4635324b99df9c38edafdf48c6c5df4756e288af17fa2fb7fc2016a23a1375ca27382ef7c08fff914c23959a6e919aa6e19f0aaa3ad109,,,4/2/2022 17:45,30,STOP SIGN/FLASHER,FUNCTIONING PROPERLY,RAIN,DAYLIGHT,TURNING,FOUR WAY,,STRAIGHT AND LEVEL,WET,WORN SURFACE,ON SCENE,NO INJURY / DRIVE AWAY,,,Y,$500 OR LESS,4/2/2022 17:50,TURNING RIGHT ON RED,NOT APPLICABLE,7200,S,VINCENNES AVE,731,,,,,,,2,NO INDICATION OF INJURY,0,0,0,0,0,2,0,17,7,4,41.76357334,-87.62896817,POINT (-87.628968164686 41.763573343716)
9a42adea92433f36ae27dcd531e154888eba9af5c55840cd251ef63e0171952f9703e7ecff6177f6d3b97f1829b45fa35cb678297efaac48eb9129b8627ab814,,,4/2/2022 16:00,25,NO CONTROLS,NO CONTROLS,RAIN,DAYLIGHT,PARKED MOTOR VEHICLE,ONE-WAY,,STRAIGHT AND LEVEL,WET,NO DEFECTS,ON SCENE,NO INJURY / DRIVE AWAY,,,Y,"$501 - $1,500",4/2/2022 16:26,DRIVING ON WRONG SIDE/WRONG WAY,DRIVING ON WRONG SIDE/WRONG WAY,2603,W,23RD ST,1034,,,,,,,2,NO INDICATION OF INJURY,0,0,0,0,0,1,0,16,7,4,41.85003263,-87.69068787,POINT (-87.690687867526 41.850032628214)
50efbb6ba92fcb34f2d0ee575611de407750242c93c81e455630e60e6c6f963ef593dbe174a70333dde8dcb7aa426548b46305fa7e5298dd406b205cffb88630,JF172633,,3/12/2022 19:20,15,NO CONTROLS,NO CONTROLS,CLEAR,"DARKNESS, LIGHTED ROAD",PARKED MOTOR VEHICLE,PARKING LOT,,STRAIGHT AND LEVEL,DRY,NO DEFECTS,NOT ON SCENE (DESK REPORT),NO INJURY / DRIVE AWAY,,Y,,"OVER $1,500",3/13/2022 15:38,UNABLE TO DETERMINE,UNABLE TO DETERMINE,4044,S,OAKENWALD AVE,214,,,,,,,2,NO INDICATION OF INJURY,0,0,0,0,0,1,0,19,7,3,41.82181703,-87.60053354,POINT (-87.600533543306 41.821817032261)
783ca2408d97554127accc03f479b20a317419b7678de0b322b24376bc815d095480ca9d180f80262812d47f25a803aab2797c7e16f42548898c79f14480af58,,,4/2/2022 8:30,30,NO CONTROLS,NO CONTROLS,CLOUDY/OVERCAST,DAYLIGHT,PEDALCYCLIST,NOT DIVIDED,,STRAIGHT AND LEVEL,DRY,NO DEFECTS,ON SCENE,INJURY AND / OR TOW DUE TO CRASH,,,,$500 OR LESS,4/2/2022 8:34,DRIVING SKILLS/KNOWLEDGE/EXPERIENCE,NOT APPLICABLE,1818,N,HALSTED ST,1813,,,Y,,,,2,NONINCAPACITATING INJURY,1,0,0,1,0,1,0,8,7,4,41.91441703,-87.6485142,POINT (-87.648514202518 41.914417032034)
f37eb00a29cd9940587a12123ab5a16414fa98b348a311dcb30dfd655ba051f8dc85689045a8172cb0fa448563802512afbfd052fcd405f8d19db07141e8a701,,,4/2/2022 13:00,35,NO CONTROLS,NO CONTROLS,RAIN,DAYLIGHT,SIDESWIPE OPPOSITE DIRECTION,DIVIDED - W/MEDIAN (NOT RAISED),,STRAIGHT AND LEVEL,WET,NO DEFECTS,NOT ON SCENE (DESK REPORT),NO INJURY / DRIVE AWAY,N,,Y,"OVER $1,500",4/2/2022 13:40,DRIVING ON WRONG SIDE/WRONG WAY,UNABLE TO DETERMINE,7000,S,OAKLEY AVE,832,,,,,,,2,NO INDICATION OF INJURY,0,0,0,0,0,2,0,13,7,4,41.76645353,-87.68090384,POINT (-87.680903838858 41.766453533751)
d1b960a432e5ada6d30d467346d115600cf46611d9c8604c96126a26c33938dd8c9eb7aafa3581dc0b052fac4359ad0dfeec5b560b47d729d40dd13e76db915d,,,4/1/2022 15:25,20,SCHOOL ZONE,OTHER,CLEAR,DAYLIGHT,PARKED MOTOR VEHICLE,DIVIDED - W/MEDIAN (NOT RAISED),,STRAIGHT AND LEVEL,DRY,NO DEFECTS,ON SCENE,INJURY AND / OR TOW DUE TO CRASH,,,,"OVER $1,500",4/1/2022 16:28,FOLLOWING TOO CLOSELY,FOLLOWING TOO CLOSELY,2907,W,24TH BLVD,1033,,,,,,,2,NO INDICATION OF INJURY,0,0,0,0,0,1,0,15,6,4,41.8477367,-87.6981169,POINT (-87.698116903612 41.847736696766)
514904382cbd9179124e1f8258ee3cad1c24a189ad958af5092351740e002ffc33f91b301a332afd78580cba8fc323657186c4217b0a6ee612e45769504b21b0,JF171901,,3/12/2022 17:00,30,NO CONTROLS,NO CONTROLS,CLEAR,DARKNESS,SIDESWIPE SAME DIRECTION,DIVIDED - W/MEDIAN (NOT RAISED),,STRAIGHT AND LEVEL,DRY,NO DEFECTS,ON SCENE,INJURY AND / OR TOW DUE TO CRASH,,,,"OVER $1,500",3/12/2022 17:05,FAILING TO REDUCE SPEED TO AVOID CRASH,FAILING TO YIELD RIGHT-OF-WAY,5620,W,NORTH AVE,2531,,,,,,,2,NO INDICATION OF INJURY,0,0,0,0,0,2,0,17,7,3,41.90947958,-87.76648124,POINT (-87.766481242374 41.909479582654)
a829b433d32ea08f12b412a9b5eb89029ff90397015ea47318cdabc3c2269eff6724e262f2aba87c972ad19d2545478a1f619a75a43cb81ed294f97dd3c8d6c3,,,4/2/2022 14:07,30,NO CONTROLS,NO CONTROLS,RAIN,DAYLIGHT,PARKED MOTOR VEHICLE,DIVIDED - W/MEDIAN (NOT RAISED),,STRAIGHT AND LEVEL,WET,NO DEFECTS,ON SCENE,INJURY AND / OR TOW DUE TO CRASH,,,,"OVER $1,500",4/2/2022 14:40,IMPROPER LANE USAGE,NOT APPLICABLE,7321,S,WESTERN AVE,835,,,,,,,2,NO INDICATION OF INJURY,0,0,0,0,0,3,0,14,7,4,41.76039939,-87.68298872,POINT (-87.682988715233 41.760399387259)
e11dd821179c4661f1e8fefe0cc1cba03f68ec3a94134f88142c2bb825d178de23e60528b0ea735547ccfb039e2f28cf82a6d7076e8cefc8bc90ba7ab10b5823,,,4/8/2022 23:25,30,NO CONTROLS,NO CONTROLS,SNOW,"DARKNESS, LIGHTED ROAD",REAR END,NOT DIVIDED,,STRAIGHT AND LEVEL,WET,OTHER,ON SCENE,INJURY AND / OR TOW DUE TO CRASH,,,,"OVER $1,500",4/8/2022 23:27,FOLLOWING TOO CLOSELY,FOLLOWING TOO CLOSELY,3800,W,PETERSON AVE,1711,,,,,,,2,NO INDICATION OF INJURY,0,0,0,0,0,2,0,23,6,4,41.99030247,-87.72409755,POINT (-87.724097553346 41.990302465091)
2b6c5ecfc4c492446f4ec9a43b4344ad98008803788c0a9e7b28a77f2530b6cbc4da018e0261978fd93123de107fc428be0c9783101c071f68ffae59c2ff0798,,,3/31/2022 17:10,35,NO CONTROLS,NO CONTROLS,CLEAR,DAYLIGHT,ANGLE,NOT DIVIDED,,STRAIGHT AND LEVEL,WET,NO DEFECTS,NOT ON SCENE (DESK REPORT),NO INJURY / DRIVE AWAY,,,Y,"OVER $1,500",4/2/2022 9:50,UNABLE TO DETERMINE,UNABLE TO DETERMINE,4728,N,PULASKI RD,1722,,,,,,,2,NO INDICATION OF INJURY,0,0,0,0,0,2,0,17,5,3,41.96726667,-87.72814705,POINT (-87.728147047777 41.967266670066)
5cd6f0f57f4278fab7760962e7e98192ec9d6764902c2db7c79e6b0d17abf127bb8b89d83651cbecbd1f5360945dad8af0b5728ed99b6f100bac0d16cfd8d60a,,,4/2/2022 17:00,25,NO CONTROLS,NO CONTROLS,CLEAR,DAYLIGHT,PARKED MOTOR VEHICLE,NOT DIVIDED,,STRAIGHT AND LEVEL,DRY,UNKNOWN,NOT ON SCENE (DESK REPORT),NO INJURY / DRIVE AWAY,,,,"$501 - $1,500",4/2/2022 17:30,UNABLE TO DETERMINE,NOT APPLICABLE,6247,W,TOUHY AVE,1621,,,,,,,2,NO INDICATION OF INJURY,0,0,0,0,0,1,0,17,7,4,42.0118935,-87.7837698,POINT (-87.783769795566 42.011893499079)
d767f0fd77d596bdc6bedc7f6da1556a7a1b38810b629a6bcb121fd86077194ef6a59a140e71c69f7397474fd138a60447c4f20b3b5220e491d1210d76cd08f0,,,4/2/2022 15:54,25,NO CONTROLS,NO CONTROLS,RAIN,"DARKNESS, LIGHTED ROAD",SIDESWIPE SAME DIRECTION,NOT DIVIDED,,STRAIGHT AND LEVEL,WET,NO DEFECTS,,INJURY AND / OR TOW DUE TO CRASH,,,,"OVER $1,500",4/2/2022 15:55,IMPROPER OVERTAKING/PASSING,IMPROPER OVERTAKING/PASSING,250,E,LAKE LOWER ST,114,,Y,,,,,2,NONINCAPACITATING INJURY,1,0,0,1,0,7,0,15,7,4,41.88591101,-87.62079772,POINT (-87.620797723961 41.885911012157)
2fb31a22c7158f7ad1750144369ff797c940757965dfe30a4cce19a0203845ee706c74503bdf198893930b55a85be9914a8b45ffd1aa04b22be51ed38218e4af,,,4/2/2022 10:30,30,TRAFFIC SIGNAL,FUNCTIONING PROPERLY,CLEAR,DAYLIGHT,SIDESWIPE SAME DIRECTION,DIVIDED - W/MEDIAN (NOT RAISED),,STRAIGHT AND LEVEL,DRY,NO DEFECTS,NOT ON SCENE (DESK REPORT),NO INJURY / DRIVE AWAY,,,,"OVER $1,500",4/2/2022 10:55,IMPROPER LANE USAGE,UNABLE TO DETERMINE,5701,N,SHERIDAN RD,2022,,,,,,,2,NO INDICATION OF INJURY,0,0,0,0,0,5,0,10,7,4,41.98563842,-87.65509432,POINT (-87.655094323271 41.985638421049)
5223c4e7c9c872068b24318c074a810789ac90d310bddb302bc4f2a1d1429658963754dccdda47154251f0355454748a5742754ffe71ed7b8e1b2c4d66142f4e,JF171520,,3/12/2022 13:25,30,NO CONTROLS,NO CONTROLS,CLEAR,DAYLIGHT,PARKED MOTOR VEHICLE,ONE-WAY,,STRAIGHT AND LEVEL,UNKNOWN,UNKNOWN,NOT ON SCENE (DESK REPORT),INJURY AND / OR TOW DUE TO CRASH,,,,"$501 - $1,500",3/12/2022 13:45,IMPROPER OVERTAKING/PASSING,IMPROPER TURNING/NO SIGNAL,4024,W,GLADYS AVE,1132,,,,,,,2,"REPORTED, NOT EVIDENT",1,0,0,0,1,1,0,13,7,3,41.87627613,-87.7265538,POINT (-87.726553799613 41.876276134406)
2f793ee91373a4fb7e052488d4325364fed26fd599e6d6c9b13284f4cebead5898fedcf044db45d1060a1d55cb59046321e3da8d94b4432525e5b1dc5b1782c4,,Y,4/2/2022 10:00,30,NO CONTROLS,NO CONTROLS,UNKNOWN,UNKNOWN,PARKED MOTOR VEHICLE,NOT DIVIDED,,STRAIGHT AND LEVEL,UNKNOWN,UNKNOWN,NOT ON SCENE (DESK REPORT),NO INJURY / DRIVE AWAY,,,Y,"OVER $1,500",4/2/2022 23:00,UNABLE TO DETERMINE,UNABLE TO DETERMINE,5963,W,ADAMS BLVD,1513,,,,,,,2,NO INDICATION OF INJURY,0,0,0,0,0,1,0,10,7,4,41.87751182,-87.77374867,POINT (-87.773748670187 41.87751181585)
fd44d2bfacaca69651cf9039ca2ff9ffc6a0c1100ed9eeda20b9704b57c97d7344700df38841dce0a8b347aa8963edb749966a55593da4f4ec47625781e8afc7,JF195108,,1/10/2022 22:30,30,NO CONTROLS,NO CONTROLS,UNKNOWN,DAWN,PARKED MOTOR VEHICLE,NOT DIVIDED,,STRAIGHT AND LEVEL,UNKNOWN,UNKNOWN,NOT ON SCENE (DESK REPORT),NO INJURY / DRIVE AWAY,,,Y,"OVER $1,500",4/2/2022 19:34,DRIVING SKILLS/KNOWLEDGE/EXPERIENCE,NOT APPLICABLE,316,W,ERIE ST,1831,,,,,,,2,NO INDICATION OF INJURY,0,0,0,0,0,1,0,22,2,1,41.89406892,-87.63641745,POINT (-87.636417444611 41.894068923118)
c9bb3b8a24f87de761c065317821bd0e3424f5c6edc1ea0b5e213b9eb1dd8607e2f04e7f96c8f3567ba5cf00a065dcbfc7bb396f24d6dc8986fa7db4bce1a215,,,4/2/2022 15:45,30,NO CONTROLS,NO CONTROLS,RAIN,DAYLIGHT,REAR END,DIVIDED - W/MEDIAN (NOT RAISED),,STRAIGHT AND LEVEL,WET,UNKNOWN,NOT ON SCENE (DESK REPORT),NO INJURY / DRIVE AWAY,,,Y,"OVER $1,500",4/2/2022 16:15,UNABLE TO DETERMINE,UNABLE TO DETERMINE,5839,W,NORTH AVE,2531,,,,,,,2,NO INDICATION OF INJURY,0,0,0,0,0,5,0,15,7,4,41.90918617,-87.77225635,POINT (-87.772256352848 41.90918617139)
c6c78e90d4b88dd2242b644298f078570d191a68ad85393179230214dd8a12e8cb04839c1c3ee19e1f746e919bb6393ae2a24c161ee9a151a6a32d920e7e4533,,,4/1/2022 16:50,30,NO CONTROLS,NO CONTROLS,CLEAR,DAYLIGHT,REAR END,DIVIDED - W/MEDIAN (NOT RAISED),,STRAIGHT AND LEVEL,DRY,NO DEFECTS,ON SCENE,NO INJURY / DRIVE AWAY,,,,"$501 - $1,500",4/1/2022 16:52,FOLLOWING TOO CLOSELY,UNABLE TO DETERMINE,2636,W,26TH ST,1034,,,,,,,2,NO INDICATION OF INJURY,0,0,0,0,0,3,0,16,6,4,41.84484859,-87.69165794,POINT (-87.691657943468 41.844848594036)