CRASH_RECORD_ID,RD_NO,CRASH_DATE_EST_I,CRASH_DATE,POSTED_SPEED_LIMIT,TRAFFIC_CONTROL_DEVICE,DEVICE_CONDITION,WEATHER_CONDITION,LIGHTING_CONDITION,FIRST_CRASH_TYPE,TRAFFICWAY_TYPE,LANE_CNT,ALIGNMENT,ROADWAY_SURFACE_COND,ROAD_DEFECT,REPORT_TYPE,CRASH_TYPE,INTERSECTION_RELATED_I,NOT_RIGHT_OF_WAY_I,HIT_AND_RUN_I,DAMAGE,DATE_POLICE_NOTIFIED,PRIM_CONTRIBUTORY_CAUSE,SEC_CONTRIBUTORY_CAUSE,STREET_NO,STREET_DIRECTION,STREET_NAME,BEAT_OF_OCCURRENCE,PHOTOS_TAKEN_I,STATEMENTS_TAKEN_I,DOORING_I,WORK_ZONE_I,WORK_ZONE_TYPE,WORKERS_PRESENT_I,NUM_UNITS,MOST_SEVERE_INJURY,INJURIES_TOTAL,INJURIES_FATAL,INJURIES_INCAPACITATING,INJURIES_NON_INCAPACITATING,INJURIES_REPORTED_NOT_EVIDENT,INJURIES_NO_INDICATION,INJURIES_UNKNOWN,CRASH_HOUR,CRASH_DAY_OF_WEEK,CRASH_MONTH,LATITUDE,LONGITUDE,LOCATION
704bae6611c0c8bb999a4547fdeadff9c5c1c500ac7f2a9504e00526bd51ed0d16e7fc409805669a9ff2ed85ec96bf10a77a3a033005dd35bf720fe1d2cb97f4,,,4/2/2022 17:24,30,NO CONTROLS,NO CONTROLS,RAIN,DAYLIGHT,REAR END,NOT DIVIDED,,STRAIGHT AND LEVEL,WET,NO DEFECTS,ON SCENE,INJURY AND / OR TOW DUE TO CRASH,,,,"OVER $1,500",4/2/2022 17:24,DISTRACTION - FROM INSIDE VEHICLE,"OPERATING VEHICLE IN ERRATIC, RECKLESS, CARELESS, NEGLIGENT OR AGGRESSIVE MANNER",532,E,115TH ST,531,,,,,,,4,"REPORTED, NOT EVIDENT",1,0,0,0,1,3,0,17,7,4,41.6855643,-87.61013385,POINT (-87.610133845731 41.685564296886)
9360bac10a33dc1a050bbb0bbfc60b509bf7aa0eb98a453ec3270e230c2bc128fca4f79899db88733ca967343033b50569386276705c9eb051d5fbd6c00d289f,,,4/2/2022 20:54,30,NO CONTROLS,NO CONTROLS,CLEAR,"DARKNESS, LIGHTED ROAD",TURNING,NOT DIVIDED,,STRAIGHT AND LEVEL,WET,UNKNOWN,ON SCENE,INJURY AND / OR TOW DUE TO CRASH,,,,"$501 - $1,500",4/2/2022 20:54,IMPROPER TURNING/NO SIGNAL,NOT APPLICABLE,4217,W,LAWRENCE AVE,1722,,,,,,,2,NO INDICATION OF INJURY,0,0,0,0,0,5,0,20,7,4,41.96806799,-87.73371086,POINT (-87.733710856465 41.968067986214)
f090f9da1972133176b946a64f21d5862217d8555025eb2a2cc7cd3f44545308e0208c12863723b33d4d5476f9c4a8a9121e1c78916446970a937abf2c889e63,,,4/2/2022 14:51,30,NO CONTROLS,NO CONTROLS,RAIN,DAYLIGHT,SIDESWIPE SAME DIRECTION,DIVIDED - W/MEDIAN (NOT RAISED),,STRAIGHT AND LEVEL,WET,NO DEFECTS,ON SCENE,NO INJURY / DRIVE AWAY,,,Y,"OVER $1,500",4/2/2022 14:51,UNABLE TO DETERMINE,UNABLE TO DETERMINE,3110,S,DR MARTIN LUTHER KING JR DR,211,,,,,,,2,NO INDICATION OF INJURY,0,0,0,0,0,4,0,14,7,4,41.83804617,-87.61761776,POINT (-87.617617762533 41.838046167319)
b3b79d262497dd888227209370a6e3669ce4a24f8435781de93bad63e3c8142cfbd196b5dc0d8ff27d853e9b53a3ff308af9d9e09f43ff1f228e4fa212ac9e4a,,,4/2/2022 5:07,45,TRAFFIC SIGNAL,FUNCTIONING PROPERLY,CLEAR,"DARKNESS, LIGHTED ROAD",TURNING,T-INTERSECTION,,STRAIGHT AND LEVEL,DRY,NO DEFECTS,ON SCENE,INJURY AND / OR TOW DUE TO CRASH,Y,,,"OVER $1,500",4/2/2022 6:10,FAILING TO YIELD RIGHT-OF-WAY,DRIVING SKILLS/KNOWLEDGE/EXPERIENCE,10300,W,IRVING PARK RD,1654,,,,,,,2,INCAPACITATING INJURY,2,0,1,0,1,0,0,5,7,4,41.95840752,-87.88633325,POINT (-87.886333247534 41.958407523899)
c2aea7a241bf2a51f2c36578ec553fdc559376786f33c8c277fcaa82c44cb9090a760f2b0a452b3c6b600463afad63da735110c1d4b59afe8730b4e451c83ae1,,,4/8/2022 10:20,30,STOP SIGN/FLASHER,FUNCTIONING PROPERLY,RAIN,DAYLIGHT,TURNING,DIVIDED - W/MEDIAN BARRIER,,STRAIGHT AND LEVEL,WET,NO DEFECTS,ON SCENE,NO INJURY / DRIVE AWAY,Y,,Y,"OVER $1,500",4/8/2022 10:48,UNABLE TO DETERMINE,UNABLE TO DETERMINE,1600,N,KILDARE AVE,2534,,,,,,,2,NO INDICATION OF INJURY,0,0,0,0,0,2,0,10,6,4,41.90987793,-87.73380491,POINT (-87.73380491017 41.909877925525)
e2927dfae447e09aaa06a686f301f76a97329607ee73cf9696a6657060ef87cd94e9eea445859b0668ea7198885c8a209b2b7931c6c4d8e2717556962f9572d1,,,4/4/2022 9:57,20,YIELD,NO CONTROLS,CLOUDY/OVERCAST,DAYLIGHT,PEDALCYCLIST,DIVIDED - W/MEDIAN (NOT RAISED),,STRAIGHT AND LEVEL,DRY,NO DEFECTS,ON SCENE,INJURY AND / OR TOW DUE TO CRASH,Y,,Y,$500 OR LESS,4/4/2022 9:58,FAILING TO YIELD RIGHT-OF-WAY,DISREGARDING YIELD SIGN,2701,W,LAWRENCE AVE,1911,,,,,,,2,NONINCAPACITATING INJURY,1,0,0,1,0,1,0,9,2,4,41.96844205,-87.69630358,POINT (-87.696303578973 41.968442053562)
b0c72b3f89cb4725d90c56d2b350093ffb2d18b4b8e49608eeed51801d912cb5e740c3bd0b7111265cdaaa33d0f98d202ef9b41bceeb9ea5b03da98537c6412f,,,4/8/2022 23:30,25,STOP SIGN/FLASHER,FUNCTIONING PROPERLY,FREEZING RAIN/DRIZZLE,"DARKNESS, LIGHTED ROAD",TURNING,L-INTERSECTION,,STRAIGHT AND LEVEL,WET,NO DEFECTS,ON SCENE,INJURY AND / OR TOW DUE TO CRASH,N,,Y,"OVER $1,500",4/8/2022 23:35,IMPROPER OVERTAKING/PASSING,NOT APPLICABLE,3500,S,LAKE PARK AVE,212,,,,,,,2,"REPORTED, NOT EVIDENT",1,0,0,0,1,1,0,23,6,4,41.83109682,-87.60836966,POINT (-87.608369662514 41.831096821337)
e3d149aeea109a118bab5c5177287eccb763504e11294333b58d24d80016999c1a86ebc93af5ef28bf2057633af51d83aa293eb80c6c37454cd41d4e88e0ae5d,,,4/7/2022 8:20,30,NO CONTROLS,NO CONTROLS,CLEAR,DAYLIGHT,FIXED OBJECT,NOT DIVIDED,,STRAIGHT AND LEVEL,DRY,NO DEFECTS,ON SCENE,INJURY AND / OR TOW DUE TO CRASH,,,,"OVER $1,500",4/7/2022 8:25,"EVASIVE ACTION DUE TO ANIMAL, OBJECT, NONMOTORIST",UNABLE TO DETERMINE,150,W,85TH ST,622,,,,,,,1,NO INDICATION OF INJURY,0,0,0,0,0,1,0,8,5,4,41.74007201,-87.62873546,POINT (-87.62873546126 41.740072008411)
100152ff204a627f234416a4e75ddb1c48a7568835f5c71cc2881e991c2b10a3588a39b8334a73eed307f13455017c39e8bbaa6924dd92539d399b28aeaf0da6,JF177940,,3/18/2022 8:00,30,STOP SIGN/FLASHER,FUNCTIONING PROPERLY,CLOUDY/OVERCAST,DAYLIGHT,ANGLE,FOUR WAY,,STRAIGHT AND LEVEL,DRY,NO DEFECTS,NOT ON SCENE (DESK REPORT),NO INJURY / DRIVE AWAY,Y,,Y,"$501 - $1,500",3/18/2022 8:15,FAILING TO YIELD RIGHT-OF-WAY,NOT APPLICABLE,7200,S,ASHLAND AVE,735,,,,,,,2,NO INDICATION OF INJURY,0,0,0,0,0,2,0,8,6,3,41.76304349,-87.66387945,POINT (-87.663879453918 41.76304349267)
cb44059f3d2cabfd3a4eed148868bf46ea7bc9fea45aa7fd9f5eb791d24e4cef6e2028c490e2abd29560e626dc363f4d5e3deab8dc9dd3c5cad6c0e3754c1ec8,,,4/1/2022 20:30,30,NO CONTROLS,NO CONTROLS,CLEAR,"DARKNESS, LIGHTED ROAD",FIXED OBJECT,DIVIDED - W/MEDIAN (NOT RAISED),,STRAIGHT AND LEVEL,DRY,NO DEFECTS,NOT ON SCENE (DESK REPORT),NO INJURY / DRIVE AWAY,,,,"OVER $1,500",4/2/2022 10:30,"EVASIVE ACTION DUE TO ANIMAL, OBJECT, NONMOTORIST","EVASIVE ACTION DUE TO ANIMAL, OBJECT, NONMOTORIST",620,W,111TH ST,2233,,,,,,,1,NO INDICATION OF INJURY,0,0,0,0,0,1,0,20,6,4,41.69251329,-87.63850466,POINT (-87.638504657883 41.692513292365)
40dad3dab61157b10273fbf525abfe61e943b2114501e38d92f9989a768612eb82a68b2c1e3e8d3f6d10685ec1f951e87bc7e0e64b3fbf64af590645d7622211,,,4/2/2022 15:40,30,NO CONTROLS,NO CONTROLS,RAIN,DAYLIGHT,SIDESWIPE SAME DIRECTION,DIVIDED - W/MEDIAN BARRIER,,STRAIGHT ON GRADE,WET,NO DEFECTS,NOT ON SCENE (DESK REPORT),INJURY AND / OR TOW DUE TO CRASH,,,Y,"OVER $1,500",4/2/2022 16:00,FAILING TO REDUCE SPEED TO AVOID CRASH,NOT APPLICABLE,12008,S,HALSTED ST,524,,,,,,,2,"REPORTED, NOT EVIDENT",1,0,0,0,1,2,0,15,7,4,41.67568582,-87.64198373,POINT (-87.641983727337 41.675685819455)
8fd85eb924e54e298d98778712aae01691b91b49fea23bafd90d97783a711b608a98d6224075cb13b9b5c129c3773f12e92b7a12ef4edcd637f917461688d567,,,4/1/2022 7:30,45,NO CONTROLS,NO CONTROLS,CLEAR,DAYLIGHT,OTHER OBJECT,NOT DIVIDED,,STRAIGHT AND LEVEL,WET,"RUT, HOLES",NOT ON SCENE (DESK REPORT),NO INJURY / DRIVE AWAY,,,,"OVER $1,500",4/2/2022 10:30,UNABLE TO DETERMINE,UNABLE TO DETERMINE,4720,N,LAKE SHORE DR SB,1914,,,,,,,1,NO INDICATION OF INJURY,0,0,0,0,0,1,0,7,6,4,41.96799251,-87.64801747,POINT (-87.648017473938 41.967992513123)
4791ab5fa8c61815ea3d57b9767fd0c9d86a7920e23e67685ab1cd6f801e9a89188550a4e4d0f93132fc3fd00baf254f8ffce808f9c085f164b5e8d8d58a1187,,,4/2/2022 1:00,20,STOP SIGN/FLASHER,FUNCTIONING PROPERLY,UNKNOWN,"DARKNESS, LIGHTED ROAD",PARKED MOTOR VEHICLE,DIVIDED - W/MEDIAN (NOT RAISED),,STRAIGHT AND LEVEL,UNKNOWN,NO DEFECTS,NOT ON SCENE (DESK REPORT),NO INJURY / DRIVE AWAY,,,Y,"OVER $1,500",4/2/2022 14:45,UNABLE TO DETERMINE,UNABLE TO DETERMINE,4203,N,KEELER AVE,1722,,,,,,,2,NO INDICATION OF INJURY,0,0,0,0,0,1,0,1,7,4,41.95739605,-87.73244098,POINT (-87.732440978224 41.957396051442)
033274e3b24450c7d99b8f4add11b67edc9682f1484c5e9fa9a5246cf8984fc2e4dd212f607b9e0ca3594e74ba778da90fe8ccf1e56ebf18bdbdd3e05e5f4002,JF179878,,3/19/2022 23:34,25,TRAFFIC SIGNAL,FUNCTIONING PROPERLY,FOG/SMOKE/HAZE,"DARKNESS, LIGHTED ROAD",PEDESTRIAN,FOUR WAY,,STRAIGHT AND LEVEL,WET,NO DEFECTS,ON SCENE,INJURY AND / OR TOW DUE TO CRASH,Y,,,$500 OR LESS,3/19/2022 23:36,"VISION OBSCURED (SIGNS, TREE LIMBS, BUILDINGS, ETC.)",UNABLE TO DETERMINE,3398,W,CONGRESS PKWY,1134,,,,,,,2,INCAPACITATING INJURY,1,0,1,0,0,1,0,23,7,3,41.87465427,-87.71077075,POINT (-87.710770751817 41.874654271607)
086db4f3f4ee00e82a3c4a09b80310c6e53bedac0acde087dff6db2a90564bd88b8163042bf818830635ce51ee9551b104c71c6b973c301af19cf559f394b518,JF179633,Y,3/19/2022 17:30,30,NO CONTROLS,NO CONTROLS,UNKNOWN,UNKNOWN,PARKED MOTOR VEHICLE,NOT DIVIDED,,STRAIGHT AND LEVEL,UNKNOWN,UNKNOWN,ON SCENE,NO INJURY / DRIVE AWAY,,,Y,"OVER $1,500",3/19/2022 17:37,UNABLE TO DETERMINE,NOT APPLICABLE,5919,W,WASHINGTON BLVD,1513,,,,,,,2,NO INDICATION OF INJURY,0,0,0,0,0,1,0,17,7,3,41.88202534,-87.77269855,POINT (-87.77269855315 41.882025338193)
953b1266bdfd0498784db08f883264b66ddc9232af62d081d0dc6e103777565d647a7543a20238fcaa7d01a5190dc0169b2bc058f02139f64403c31705fb1de3,,,4/2/2022 17:35,30,TRAFFIC SIGNAL,FUNCTIONING PROPERLY,RAIN,DUSK,REAR END,NOT DIVIDED,,STRAIGHT AND LEVEL,WET,UNKNOWN,NOT ON SCENE (DESK REPORT),NO INJURY / DRIVE AWAY,Y,,,"$501 - $1,500",4/2/2022 18:05,UNABLE TO DETERMINE,UNABLE TO DETERMINE,1204,W,WILSON AVE,1913,,,,,,,2,NO INDICATION OF INJURY,0,0,0,0,0,2,0,17,7,4,41.96547192,-87.6598584,POINT (-87.659858402204 41.965471921936)
bcd4b930abac495a8e311b8ebe57aab1934a52478a12ed2a4a1bd4b21e44cc556d38f52e3753f0a2dcbb037ee36ec9e3f1a01d1108036fc10a2f5feaec1c0a7a,,,4/1/2022 19:50,35,TRAFFIC SIGNAL,FUNCTIONING PROPERLY,CLEAR,"DARKNESS, LIGHTED ROAD",REAR END,DIVIDED - W/MEDIAN (NOT RAISED),,STRAIGHT AND LEVEL,DRY,NO DEFECTS,NOT ON SCENE (DESK REPORT),NO INJURY / DRIVE AWAY,Y,,Y,"OVER $1,500",4/2/2022 15:20,FOLLOWING TOO CLOSELY,UNABLE TO DETERMINE,9000,S,ASHLAND AVE,2221,,,,,,,2,NO INDICATION OF INJURY,0,0,0,0,0,2,0,19,6,4,41.73020471,-87.66304669,POINT (-87.663046692127 41.730204709887)
5ac380539110b26814435f0c38cc05631cfce1b172168e96fbb3382fea6cc7ef02c69b02be8f57c56622fdd6f49607cb9769a24ad5c4f5fa7aa94b42499458fd,,,3/31/2022 19:02,35,NO CONTROLS,NO CONTROLS,SNOW,DARKNESS,REAR END,DIVIDED - W/MEDIAN BARRIER,,STRAIGHT AND LEVEL,WET,NO DEFECTS,ON SCENE,INJURY AND / OR TOW DUE TO CRASH,,,Y,"OVER $1,500",3/31/2022 19:08,FOLLOWING TOO CLOSELY,FOLLOWING TOO CLOSELY,5400,S,LAKE SHORE DR NB,234,,,,,,,2,NO INDICATION OF INJURY,0,0,0,0,0,2,0,19,5,3,41.79796105,-87.58091488,POINT (-87.58091488167 41.797961049216)
88b53e986a162b8019d9a3892cbfd2917107cbaf99d6d50e084f51f3986f6efd61d9fb8dd70a78be6c4b9ae57fd7c2cde282d272f04cda745f5dd689fd08acc7,,,4/2/2022 16:40,30,TRAFFIC SIGNAL,UNKNOWN,RAIN,UNKNOWN,TURNING,ONE-WAY,,STRAIGHT AND LEVEL,WET,UNKNOWN,NOT ON SCENE (DESK REPORT),NO INJURY / DRIVE AWAY,,,,"OVER $1,500",4/2/2022 17:48,UNABLE TO DETERMINE,UNABLE TO DETERMINE,20,N,WACKER DR,122,,,,,,,2,NO INDICATION OF INJURY,0,0,0,0,0,2,0,16,7,4,41.88241091,-87.63717471,POINT (-87.637174710464 41.882410906485)
197466529d1f9c2cb54986cb7690b9c3a5bfa5ffd6f499751618eecefaca3585558636dee0efdb7d5f61170e9438d4badb732fafd2e4b59e4b4418c1a10ef48d,,Y,4/7/2022 11:59,25,NO CONTROLS,UNKNOWN,CLEAR,DARKNESS,PARKED MOTOR VEHICLE,ONE-WAY,,STRAIGHT AND LEVEL,UNKNOWN,UNKNOWN,NOT ON SCENE (DESK REPORT),NO INJURY / DRIVE AWAY,,,Y,"OVER $1,500",4/8/2022 8:00,UNABLE TO DETERMINE,NOT APPLICABLE,644,E,49TH ST,223,,,,,,,2,NO INDICATION OF INJURY,0,0,0,0,0,1,0,11,5,4,41.80595963,-87.60960998,POINT (-87.609609977565 41.80595963032)
7b4f8aa12538494ca0b496a8777dd99a381cb47cf20c43d0b6a500580b13e97ee2a523162ad6be32f7e6886bc1c2d63fb06bd0b5cef97086620e49fdae82a199,,,4/2/2022 17:15,30,NO CONTROLS,NO CONTROLS,SNOW,DAYLIGHT,REAR END,NOT DIVIDED,,STRAIGHT AND LEVEL,WET,NO DEFECTS,NOT ON SCENE (DESK REPORT),NO INJURY / DRIVE AWAY,,,,"$501 - $1,500",4/2/2022 18:00,WEATHER,NOT APPLICABLE,2840,W,DEVON AVE,2412,,,,,,,2,NO INDICATION OF INJURY,0,0,0,0,0,7,0,17,7,4,41.9976417,-87.70126028,POINT (-87.701260281131 41.997641701374)
aa7b7f291ec39e7eaf01f013fb16eec1ee22020f455b37b3cd2546449217368c0c049628af7e23efc145de7758b57d50197663e90ef463fa62236676548c1825,,,4/8/2022 19:13,30,NO CONTROLS,NO CONTROLS,RAIN,"DARKNESS, LIGHTED ROAD",SIDESWIPE SAME DIRECTION,ONE-WAY,,STRAIGHT AND LEVEL,WET,NO DEFECTS,NOT ON SCENE (DESK REPORT),NO INJURY / DRIVE AWAY,,,Y,"$501 - $1,500",4/8/2022 19:49,FAILING TO YIELD RIGHT-OF-WAY,NOT APPLICABLE,5133,W,MONTANA ST,2521,,,,,,,2,NO INDICATION OF INJURY,0,0,0,0,0,2,0,19,6,4,41.92496327,-87.75506152,POINT (-87.755061521359 41.924963272847)
fa3d8a6059a2484377b070f0b765994f2541ae35672725594c0dcd0520de094ecc57e1b7fa8b869129759a0957c909b32a543bc32c131528194d588c6666508b,,,4/2/2022 19:40,30,NO CONTROLS,NO CONTROLS,CLEAR,"DARKNESS, LIGHTED ROAD",REAR TO SIDE,NOT DIVIDED,,STRAIGHT AND LEVEL,WET,NO DEFECTS,,NO INJURY / DRIVE AWAY,,,,"$501 - $1,500",4/2/2022 19:55,IMPROPER BACKING,UNABLE TO DETERMINE,3062,W,27TH ST,1033,,,,,,,2,NO INDICATION OF INJURY,0,0,0,0,0,2,0,19,7,4,41.84284159,-87.70238904,POINT (-87.702389039939 41.842841587053)
24c16bf1646e09def6f4b557de98a8776fc087c151e397092d039fe36680283b3ef93c06d35bd498d1be3dfe408519769b29c2068e9c1c8f5480d568ca487ee0,,,4/2/2022 2:08,10,NO CONTROLS,NO CONTROLS,CLEAR,"DARKNESS, LIGHTED ROAD",PARKED MOTOR VEHICLE,PARKING LOT,,STRAIGHT AND LEVEL,DRY,NO DEFECTS,ON SCENE,NO INJURY / DRIVE AWAY,,Y,,"$501 - $1,500",4/2/2022 2:08,NOT APPLICABLE,NOT APPLICABLE,3216,N,HARLEM AVE,1631,,,,,,,2,NO INDICATION OF INJURY,0,0,0,0,0,2,0,2,7,4,41.93853493,-87.80691268,POINT (-87.806912679221 41.938534926546)
7046acc1571fd375c45d5606816ee65967c33c1d59d8dc614652c11125c89117549befcfaaf676557766c743cc6a9557f8ab967ba2b038633d6e777ccdcee91b,,,4/2/2022 17:00,30,NO CONTROLS,NO CONTROLS,RAIN,DUSK,PARKED MOTOR VEHICLE,DIVIDED - W/MEDIAN (NOT RAISED),,STRAIGHT AND LEVEL,WET,NO DEFECTS,NOT ON SCENE (DESK REPORT),NO INJURY / DRIVE AWAY,,,Y,"OVER $1,500",4/2/2022 19:10,IMPROPER BACKING,UNABLE TO DETERMINE,3741,W,IRVING PARK RD,1732,,,,,,,2,NO INDICATION OF INJURY,0,0,0,0,0,1,0,17,7,4,41.95362412,-87.72193907,POINT (-87.721939065857 41.953624120251)
1bac88d8859e1e634334bfa32e6bb5af1b4120ebfec3dc57a26b8d38eed36f6bdc710aa47afbdbe5417df6b0e1866ba35a6d40643656c80fc62c4bb048f60ef4,,,4/8/2022 12:30,30,NO CONTROLS,NO CONTROLS,CLEAR,DAYLIGHT,REAR END,DIVIDED - W/MEDIAN BARRIER,,STRAIGHT AND LEVEL,DRY,NO DEFECTS,NOT ON SCENE (DESK REPORT),NO INJURY / DRIVE AWAY,,,,"OVER $1,500",4/8/2022 13:03,FOLLOWING TOO CLOSELY,NOT APPLICABLE,901,W,ROOSEVELT RD,1232,,,,,,,2,NO INDICATION OF INJURY,0,0,0,0,0,2,0,12,6,4,41.86700714,-87.64915695,POINT (-87.64915694938 41.867007142843)
8b4ca8bc038cdc68fb9f0042f2088ef2a87f8122c14f7ca283f565e4f56e3d7b81c8fea26f58b00c89f82a9462997df6f695d0a0cfe72aba0f904c27dfea4065,,,4/2/2022 16:33,30,NO CONTROLS,NO CONTROLS,SNOW,DAYLIGHT,PARKED MOTOR VEHICLE,DIVIDED - W/MEDIAN (NOT RAISED),,STRAIGHT AND LEVEL,WET,UNKNOWN,ON SCENE,NO INJURY / DRIVE AWAY,,,,"OVER $1,500",4/2/2022 17:09,UNABLE TO DETERMINE,UNABLE TO DETERMINE,5732,N,RIDGE AVE,2013,,,,,,,2,NO INDICATION OF INJURY,0,0,0,0,0,1,0,16,7,4,41.98620569,-87.66451626,POINT (-87.664516262583 41.986205687463)
6bebad75dc17123f900e4d9dd03cb1140a10b9b4886663c8bef150707129293019300477b7431ef454c4f2a9488c95a98f681fe14661ec50ae69af919c9912d7,,,4/1/2022 8:00,35,NO CONTROLS,NO CONTROLS,CLEAR,DAYLIGHT,SIDESWIPE SAME DIRECTION,ONE-WAY,,"CURVE, LEVEL",DRY,NO DEFECTS,ON SCENE,NO INJURY / DRIVE AWAY,,,Y,"OVER $1,500",4/1/2022 8:20,UNABLE TO DETERMINE,NOT APPLICABLE,3,W,TERMINAL ST,1653,,,,,,,2,NO INDICATION OF INJURY,0,0,0,0,0,2,0,8,6,4,,,
555e59b29c44844cba3dad4878a444a3822c10d4a9a126114400f4779e69b81b067fcac8cfb22339d0fd136702c357dca5eb692017f7c3957b5fb5b8234dd601,JF171861,,3/12/2022 18:25,10,OTHER,FUNCTIONING PROPERLY,CLEAR,"DARKNESS, LIGHTED ROAD",PARKED MOTOR VEHICLE,PARKING LOT,,STRAIGHT AND LEVEL,DRY,NO DEFECTS,NOT ON SCENE (DESK REPORT),NO INJURY / DRIVE AWAY,,,,"$501 - $1,500",3/12/2022 18:40,IMPROPER BACKING,UNABLE TO DETERMINE,2001,S,MICHIGAN AVE,132,,,,,,,2,NO INDICATION OF INJURY,0,0,0,0,0,1,0,18,7,3,41.855432,-87.62372822,POINT (-87.623728215571 41.855431999021)
55905526784d72cef788d26f8aa0c156d2ccd930d2c63c62c7b944324e857006f148b47b2505550762bcbffc9dc46d1a374ea4828f905898c32193415529e447,JF171739,,3/12/2022 16:35,25,NO CONTROLS,NO CONTROLS,CLEAR,DAYLIGHT,PARKED MOTOR VEHICLE,NOT DIVIDED,,STRAIGHT AND LEVEL,DRY,NO DEFECTS,ON SCENE,NO INJURY / DRIVE AWAY,,,Y,"$501 - $1,500",3/12/2022 16:43,NOT APPLICABLE,FAILING TO REDUCE SPEED TO AVOID CRASH,6121,N,HAMILTON AVE,2413,,,,,,,2,NO INDICATION OF INJURY,0,0,0,0,0,1,0,16,7,3,41.99248708,-87.68341275,POINT (-87.683412748236 41.992487083237)
0c1e77de87a896564d94f559ff8bcd0e1a2697e40438b905d5064dbb2a12ece65326ae45aac8835377a3cbe561ff4236543f493d7150931010b8e7fe79fc2dff,,,4/2/2022 14:15,30,NO CONTROLS,NO CONTROLS,RAIN,DAYLIGHT,SIDESWIPE SAME DIRECTION,NOT DIVIDED,,STRAIGHT AND LEVEL,WET,NO DEFECTS,NOT ON SCENE (DESK REPORT),NO INJURY / DRIVE AWAY,,,Y,"$501 - $1,500",4/2/2022 14:45,IMPROPER OVERTAKING/PASSING,IMPROPER LANE USAGE,1000,W,51ST ST,933,,,,,,,2,NO INDICATION OF INJURY,0,0,0,0,0,2,0,14,7,4,41.80162621,-87.65026589,POINT (-87.650265891468 41.801626208367)
ec9fce5f3a07740126e25d1af4f1e46c232693957459ef845dc142765e7f19bff17cea7e30e2cc26c2eccf8771f13d8ad6c72519bd51720296da964bbdde4816,,,4/2/2022 17:45,30,STOP SIGN/FLASHER,FUNCTIONING PROPERLY,RAIN,DAYLIGHT,REAR END,NOT DIVIDED,,STRAIGHT AND LEVEL,WET,NO DEFECTS,NOT ON SCENE (DESK REPORT),NO INJURY / DRIVE AWAY,Y,,,$500 OR LESS,4/2/2022 18:05,FOLLOWING TOO CLOSELY,NOT APPLICABLE,1701,W,79TH ST,611,,,,,,,2,NO INDICATION OF INJURY,0,0,0,0,0,2,0,17,7,4,41.75021512,-87.6659241,POINT (-87.665924102473 41.750215122857)
155339d84a15bb0bd70900323abbae978bcb3850d53d89f80a3e4590e797a77648be677ec81f52f9cdabcc580faad576f2b5aa5834276f166a28472e6c4921a9,,,4/2/2022 13:55,30,NO CONTROLS,NO CONTROLS,RAIN,DAYLIGHT,REAR END,DIVIDED - W/MEDIAN (NOT RAISED),,STRAIGHT AND LEVEL,WET,NO DEFECTS,ON SCENE,NO INJURY / DRIVE AWAY,,,Y,"OVER $1,500",4/2/2022 14:52,FOLLOWING TOO CLOSELY,FAILING TO REDUCE SPEED TO AVOID CRASH,4909,N,NAGLE AVE,1622,,,,,,,2,NO INDICATION OF INJURY,0,0,0,0,0,2,0,13,7,4,41.97053675,-87.78782942,POINT (-87.78782941598 41.970536748647)
979def03c1f9f44da883452b225b4b57897a38960981f11c8feb6223dc5eb6413b52b1ae71918abb6a96815b02ead98986139b78457daa3cd7368ab6587a180c,,,4/2/2022 20:54,20,NO CONTROLS,UNKNOWN,RAIN,"DARKNESS, LIGHTED ROAD",SIDESWIPE SAME DIRECTION,ONE-WAY,,STRAIGHT AND LEVEL,UNKNOWN,UNKNOWN,ON SCENE,NO INJURY / DRIVE AWAY,,,,"OVER $1,500",4/2/2022 20:55,UNABLE TO DETERMINE,UNABLE TO DETERMINE,2339,N,HAMLIN AVE,2525,,,,,,,2,NO INDICATION OF INJURY,0,0,0,0,0,2,0,20,7,4,41.92388612,-87.7217166,POINT (-87.721716595263 41.923886121038)
7f3a9c3448f1cb40548a603f447b07061f3b900f79694442f7b3d14c635d6c93f35997e7455bcb5980b55c7c3b924b2d9731e5aced96763f850f9abfdb871689,,,4/2/2022 21:05,30,NO CONTROLS,NO CONTROLS,CLEAR,"DARKNESS, LIGHTED ROAD",TURNING,NOT DIVIDED,,STRAIGHT AND LEVEL,DRY,NO DEFECTS,NOT ON SCENE (DESK REPORT),NO INJURY / DRIVE AWAY,,,Y,"OVER $1,500",4/2/2022 21:40,IMPROPER TURNING/NO SIGNAL,UNABLE TO DETERMINE,8300,S,ASHLAND AVE,614,,,,,,,2,NO INDICATION OF INJURY,0,0,0,0,0,2,0,21,7,4,41.74298409,-87.66339656,POINT (-87.663396555268 41.742984089771)