CRASH_RECORD_ID,RD_NO,CRASH_DATE_EST_I,CRASH_DATE,POSTED_SPEED_LIMIT,TRAFFIC_CONTROL_DEVICE,DEVICE_CONDITION,WEATHER_CONDITION,LIGHTING_CONDITION,FIRST_CRASH_TYPE,TRAFFICWAY_TYPE,LANE_CNT,ALIGNMENT,ROADWAY_SURFACE_COND,ROAD_DEFECT,REPORT_TYPE,CRASH_TYPE,INTERSECTION_RELATED_I,NOT_RIGHT_OF_WAY_I,HIT_AND_RUN_I,DAMAGE,DATE_POLICE_NOTIFIED,PRIM_CONTRIBUTORY_CAUSE,SEC_CONTRIBUTORY_CAUSE,STREET_NO,STREET_DIRECTION,STREET_NAME,BEAT_OF_OCCURRENCE,PHOTOS_TAKEN_I,STATEMENTS_TAKEN_I,DOORING_I,WORK_ZONE_I,WORK_ZONE_TYPE,WORKERS_PRESENT_I,NUM_UNITS,MOST_SEVERE_INJURY,INJURIES_TOTAL,INJURIES_FATAL,INJURIES_INCAPACITATING,INJURIES_NON_INCAPACITATING,INJURIES_REPORTED_NOT_EVIDENT,INJURIES_NO_INDICATION,INJURIES_UNKNOWN,CRASH_HOUR,CRASH_DAY_OF_WEEK,CRASH_MONTH,LATITUDE,LONGITUDE,LOCATION
ce8d62cf58cab4ffc2f81f8572883436a7581f4899c90f2afc30c61226458b51048378082a63e277e224558ba644754cfac0a4527e7921f27058c8e16fa3c917,,,4/2/2022 13:50,30,NO CONTROLS,NO CONTROLS,RAIN,DAYLIGHT,TURNING,NOT DIVIDED,,STRAIGHT AND LEVEL,WET,NO DEFECTS,NOT ON SCENE (DESK REPORT),NO INJURY / DRIVE AWAY,,,,"OVER $1,500",4/2/2022 15:20,UNABLE TO DETERMINE,NOT APPLICABLE,707,N,ASHLAND AVE,1215,,,,,,,2,NO INDICATION OF INJURY,0,0,0,0,0,2,0,13,7,4,41.89450705,-87.6670979,POINT (-87.667097899128 41.894507050183)
4a708d89365860ebbc0357bcce1fabd848a8bcb0ca22b1781b58674d48ee4a1aa192986061fbb1ace3e1b4dfad8d9275090c963eca9a48b49d797ec57dd2adc2,,,3/31/2022 19:00,10,NO CONTROLS,NO CONTROLS,FREEZING RAIN/DRIZZLE,DUSK,ANGLE,PARKING LOT,,STRAIGHT AND LEVEL,WET,UNKNOWN,NOT ON SCENE (DESK REPORT),NO INJURY / DRIVE AWAY,,Y,,"OVER $1,500",4/1/2022 11:30,FAILING TO YIELD RIGHT-OF-WAY,PHYSICAL CONDITION OF DRIVER,2666,N,ELSTON AVE,1432,,,,,,,2,NO INDICATION OF INJURY,0,0,0,0,0,2,0,19,5,3,41.9300223,-87.68489626,POINT (-87.684896259359 41.930022300916)
7fcd441ff89228680bbb5a40314b7a53427dbb73766417b31a4b605cf755f7b4fc18822e4d6ab5f29d44a2ab5d817cba55dfa00776449c41a369b5d770711293,,,4/7/2022 22:40,25,TRAFFIC SIGNAL,FUNCTIONING PROPERLY,UNKNOWN,"DARKNESS, LIGHTED ROAD",REAR END,NOT DIVIDED,,STRAIGHT AND LEVEL,UNKNOWN,UNKNOWN,NOT ON SCENE (DESK REPORT),NO INJURY / DRIVE AWAY,Y,,,$500 OR LESS,4/7/2022 22:40,UNABLE TO DETERMINE,UNABLE TO DETERMINE,6401,N,KEDZIE AVE,2412,,,,,,,2,NO INDICATION OF INJURY,0,0,0,0,0,2,0,22,5,4,41.99748145,-87.70919807,POINT (-87.709198069582 41.997481446282)
d95cd1df6c2b61d6a24eb98306a549684b51c66335cb750301b21e499b7daa35170784a7390b1e551391dcd486683d1349debccc9d923086c03a304557da614f,,,4/2/2022 18:18,25,NO CONTROLS,NO CONTROLS,CLEAR,DAYLIGHT,REAR END,NOT DIVIDED,,STRAIGHT AND LEVEL,WET,NO DEFECTS,,INJURY AND / OR TOW DUE TO CRASH,,,,"OVER $1,500",4/2/2022 18:21,UNABLE TO DETERMINE,UNABLE TO DETERMINE,4545,W,NORTH AVE,2533,,,,,,,2,NONINCAPACITATING INJURY,2,0,0,1,1,3,0,18,7,4,41.90958596,-87.74052597,POINT (-87.74052596724 41.909585963669)
7de2cbbf68f7addbc5854d24782c42ed0ab20a809c9af86c88967605357d094b9eec42ad490339565b860903675fa6833c0554fc78cf8d95496eeff53a9c4a81,,,4/1/2022 6:00,30,NO CONTROLS,NO CONTROLS,RAIN,DAYLIGHT,SIDESWIPE SAME DIRECTION,NOT DIVIDED,,STRAIGHT AND LEVEL,WET,NO DEFECTS,NOT ON SCENE (DESK REPORT),NO INJURY / DRIVE AWAY,,,Y,"$501 - $1,500",4/2/2022 13:59,NOT APPLICABLE,NOT APPLICABLE,4756,W,MARQUETTE RD,833,,,,,,,2,NO INDICATION OF INJURY,0,0,0,0,0,2,0,6,6,4,41.77124093,-87.74191508,POINT (-87.741915076564 41.771240927378)
a1f20ddd385fc9c217ce2b155525783f3ab825aceb810afc1475d7317718ad8588d6924dc8ec1c1e6ac0b34a48153c6afc6407a94de969fa66682d913f839ff9,,,4/8/2022 18:00,30,NO CONTROLS,NO CONTROLS,CLEAR,DAYLIGHT,SIDESWIPE OPPOSITE DIRECTION,NOT DIVIDED,,STRAIGHT AND LEVEL,WET,NO DEFECTS,NOT ON SCENE (DESK REPORT),NO INJURY / DRIVE AWAY,,,,"OVER $1,500",4/8/2022 19:00,IMPROPER OVERTAKING/PASSING,NOT APPLICABLE,2329,N,COMMONWEALTH AVE,1814,,,,,,,2,NO INDICATION OF INJURY,0,0,0,0,0,2,0,18,6,4,41.92468364,-87.63793426,POINT (-87.63793425582 41.924683640364)
a1ed306f1e75fecbd0e46225f3c29e5c7f94b85ba8c1c31c5240061ece3954e6ab1c45d50ccc72dc715b7eb08fb658392c121cd3c8b4b8a0b526f251cb62aafc,,,4/2/2022 6:00,30,NO CONTROLS,NO CONTROLS,CLEAR,DAWN,PARKED MOTOR VEHICLE,DIVIDED - W/MEDIAN (NOT RAISED),,STRAIGHT AND LEVEL,DRY,NO DEFECTS,ON SCENE,INJURY AND / OR TOW DUE TO CRASH,,,,"OVER $1,500",4/2/2022 6:05,UNABLE TO DETERMINE,NOT APPLICABLE,2023,N,HARLEM AVE,2512,,,,,,,4,NO INDICATION OF INJURY,0,0,0,0,0,1,0,6,7,4,41.91690953,-87.80588291,POINT (-87.805882912183 41.916909526813)
60563fd5b170d082ff92a32d9a376aac1612332ef31daceb5c2fb63256df789e4e36132b84590fbd7cd622bb2662b74a06cbb54183d1af5e83749160aa245096,,Y,4/2/2022 0:00,30,NO CONTROLS,NO CONTROLS,CLEAR,UNKNOWN,PARKED MOTOR VEHICLE,DIVIDED - W/MEDIAN (NOT RAISED),,STRAIGHT AND LEVEL,DRY,NO DEFECTS,ON SCENE,NO INJURY / DRIVE AWAY,,,Y,"OVER $1,500",4/2/2022 9:04,UNABLE TO DETERMINE,NOT APPLICABLE,2738,E,87TH ST,423,,,,,,,2,NO INDICATION OF INJURY,0,0,0,0,0,1,0,0,7,4,41.73741853,-87.55729113,POINT (-87.557291126992 41.737418526703)
bae1974122c93ed47014e1846a59b9c3e0eeebb86b15e8cea0c535f48cedece73b911753b6c2613189bd85c71f02d4e5eeb5a964bbbc2055a8ca54e2d6648b92,,,4/2/2022 15:30,35,TRAFFIC SIGNAL,NO CONTROLS,RAIN,DAYLIGHT,ANGLE,NOT DIVIDED,,STRAIGHT AND LEVEL,DRY,NO DEFECTS,NOT ON SCENE (DESK REPORT),NO INJURY / DRIVE AWAY,,,,"OVER $1,500",4/2/2022 16:15,WEATHER,NOT APPLICABLE,5900,S,CICERO AVE,813,,,,,,,2,NO INDICATION OF INJURY,0,0,0,0,0,2,0,15,7,4,41.78564332,-87.74148578,POINT (-87.741485778405 41.785643323876)
d94fead5ce644f0d4cebbb694d018de0790d9aa3b669a5541bde19117e0e289a4abe53760f284e28a7366363b85a0b501757cdf437cbab828c257894f159b192,,,4/8/2022 17:57,30,NO CONTROLS,NO CONTROLS,RAIN,DAYLIGHT,REAR END,DIVIDED - W/MEDIAN (NOT RAISED),,STRAIGHT AND LEVEL,WET,NO DEFECTS,ON SCENE,NO INJURY / DRIVE AWAY,,,,$500 OR LESS,4/8/2022 18:06,UNABLE TO DETERMINE,UNABLE TO DETERMINE,2714,N,AUSTIN AVE,2512,,,,,,,2,NO INDICATION OF INJURY,0,0,0,0,0,3,0,17,6,4,41.9297684,-87.77606571,POINT (-87.776065704936 41.929768402062)
735bc7817f5c313106fe841119eae64776b02ed9fd68837af16701f080ecf7aa60bde0eb8303089e612e53ce396bfdfc9da806b52c0d31faa4db29a2cf68c5c6,,,4/2/2022 15:45,30,TRAFFIC SIGNAL,FUNCTIONING PROPERLY,RAIN,DAYLIGHT,TURNING,OTHER,,STRAIGHT AND LEVEL,WET,NO DEFECTS,NOT ON SCENE (DESK REPORT),NO INJURY / DRIVE AWAY,,,Y,"OVER $1,500",4/2/2022 15:59,NOT APPLICABLE,NOT APPLICABLE,1800,S,STATE ST,131,,,,,,,2,NO INDICATION OF INJURY,0,0,0,0,0,2,0,15,7,4,41.85774485,-87.62734138,POINT (-87.627341378293 41.857744853451)
122b17e063b30abfe6bb497ffde4c71dd0294fcc3bc602504de00a3521909f504d945f2a7565c0de110339239b24ead5af88260b139c11f58e83b4327f3b6788,,,4/7/2022 8:30,30,NO CONTROLS,NO CONTROLS,RAIN,DAYLIGHT,REAR END,NOT DIVIDED,,STRAIGHT AND LEVEL,WET,NO DEFECTS,NOT ON SCENE (DESK REPORT),NO INJURY / DRIVE AWAY,,,,"OVER $1,500",4/7/2022 10:00,WEATHER,FOLLOWING TOO CLOSELY,4363,S,ARCHER AVE,922,,,,,,,2,NO INDICATION OF INJURY,0,0,0,0,0,2,0,8,5,4,41.81421181,-87.7038199,POINT (-87.703819895437 41.814211810102)
cb3354b50e992c444c78d6a49fcfdeda8d5c7e85f89c408fa4d890d66bf7bfef8d01c2097637ace545603ffe29cd339ad7cfa57fd31572316b62d9cf2b2360a6,,,4/7/2022 17:15,25,NO CONTROLS,NO CONTROLS,RAIN,DAYLIGHT,REAR END,NOT DIVIDED,,STRAIGHT AND LEVEL,WET,NO DEFECTS,NOT ON SCENE (DESK REPORT),NO INJURY / DRIVE AWAY,,,,"$501 - $1,500",4/7/2022 18:55,NOT APPLICABLE,NOT APPLICABLE,1750,W,HARRISON ST,1231,,,,,,,2,NO INDICATION OF INJURY,0,0,0,0,0,4,0,17,5,4,41.87423685,-87.67109608,POINT (-87.671096079111 41.874236845206)
2e0c2409229ddce6eabbfe0ef28b456dd6da57bacf0321db139945d1558b3efd5f889ce00cb761bfeee1b2c9797ade4c2a61587b87e41e20555f8d1edc3fc9d9,,,4/4/2022 12:30,45,NO CONTROLS,NO CONTROLS,CLEAR,DAYLIGHT,OTHER OBJECT,OTHER,,STRAIGHT AND LEVEL,DRY,NO DEFECTS,NOT ON SCENE (DESK REPORT),NO INJURY / DRIVE AWAY,,,,"$501 - $1,500",4/8/2022 12:40,ROAD ENGINEERING/SURFACE/MARKING DEFECTS,UNABLE TO DETERMINE,4531,N,LAKE SHORE DR NB,1914,,,,,,,1,NO INDICATION OF INJURY,0,0,0,0,0,1,0,12,2,4,41.96476715,-87.64669679,POINT (-87.646696793707 41.964767144861)
acda72b2bd27de58ae050fc0de643bff6c47e8cc4eaa0a06f9920fb837eb84872cf1ecd2da9ee9bef0ee60b7c77ba978c5c34f6321b99d49f0e6bd24fe6a9170,,,4/2/2022 3:02,30,TRAFFIC SIGNAL,FUNCTIONING PROPERLY,CLEAR,"DARKNESS, LIGHTED ROAD",ANGLE,NOT DIVIDED,,STRAIGHT AND LEVEL,DRY,NO DEFECTS,ON SCENE,INJURY AND / OR TOW DUE TO CRASH,Y,,,"OVER $1,500",4/2/2022 3:04,DISREGARDING TRAFFIC SIGNALS,UNABLE TO DETERMINE,526,N,ORLEANS ST,1831,,,,,,,2,NONINCAPACITATING INJURY,1,0,0,1,0,4,0,3,7,4,41.89150383,-87.63717644,POINT (-87.637176441212 41.891503833012)
fde21eae6e1855961aa84612b32e0ff0fd796588629cce58b02be0e66f91daf326b76a269f504a76b24191f18edaf8f55199262d0c1d809c02f5ed3f5e54033b,,,4/1/2022 19:00,35,NO CONTROLS,NO CONTROLS,CLEAR,"DARKNESS, LIGHTED ROAD",TURNING,DIVIDED - W/MEDIAN (NOT RAISED),,STRAIGHT AND LEVEL,DRY,NO DEFECTS,ON SCENE,NO INJURY / DRIVE AWAY,N,,,"OVER $1,500",4/1/2022 19:11,FAILING TO YIELD RIGHT-OF-WAY,UNABLE TO DETERMINE,4656,S,WESTERN AVE,922,,Y,,,,,2,NO INDICATION OF INJURY,0,0,0,0,0,5,0,19,6,4,41.80853398,-87.68457529,POINT (-87.68457528483 41.808533977248)
0b45d29f729a3dd114f7eee6bb5d2a7ec985ae41c1e9ca293dbe0e24e6a86063a0898c0c64963345e6f0432e73b624858df25a1f1c33395454d3c60b5ec09f63,JF175911,,3/16/2022 14:08,25,NO CONTROLS,NO CONTROLS,CLEAR,DAYLIGHT,FIXED OBJECT,ONE-WAY,,STRAIGHT AND LEVEL,DRY,NO DEFECTS,ON SCENE,INJURY AND / OR TOW DUE TO CRASH,,Y,,"OVER $1,500",3/16/2022 14:11,UNABLE TO DETERMINE,NOT APPLICABLE,1518,E,HARPER CT,234,,,,,,,1,NO INDICATION OF INJURY,0,0,0,0,0,1,0,14,4,3,41.80040952,-87.58836369,POINT (-87.588363686351 41.800409523948)
0c5e86a23fdae484a83112e9755d75600ff881737f51a305cb5b3989512b2dbbe6602230e33b638be67b8fdd4901239c7e1cde519670e4eb1fa060109eab79c5,JF178753,,3/18/2022 19:56,30,NO CONTROLS,NO CONTROLS,RAIN,"DARKNESS, LIGHTED ROAD",ANGLE,NOT DIVIDED,,STRAIGHT AND LEVEL,WET,NO DEFECTS,ON SCENE,INJURY AND / OR TOW DUE TO CRASH,N,,,"OVER $1,500",3/18/2022 19:56,FAILING TO YIELD RIGHT-OF-WAY,NOT APPLICABLE,12143,S,ASHLAND AVE,524,,,,,,,2,NO INDICATION OF INJURY,0,0,0,0,0,2,0,19,6,3,41.67261253,-87.66108182,POINT (-87.661081816334 41.672612533006)
6b0232ed4716611c0b222bd507a53885f55ecc78b6aa8826bd6e7932cd2871b9dc3abf76a3014d92d25f2cfa3d83927e9c24f87fa792b2581a358247e28b61b0,,,4/7/2022 22:30,30,TRAFFIC SIGNAL,FUNCTIONING PROPERLY,CLEAR,"DARKNESS, LIGHTED ROAD",SIDESWIPE SAME DIRECTION,NOT DIVIDED,,STRAIGHT AND LEVEL,DRY,NO DEFECTS,NOT ON SCENE (DESK REPORT),NO INJURY / DRIVE AWAY,,,Y,"$501 - $1,500",4/8/2022 9:10,IMPROPER OVERTAKING/PASSING,NOT APPLICABLE,1900,W,JACKSON BLVD,1225,,,,,,,2,NO INDICATION OF INJURY,0,0,0,0,0,3,0,22,5,4,41.87761166,-87.67422787,POINT (-87.674227867806 41.877611658237)
dd872b498ea41f69130e9a6a7d317a149df94c77ae01283d3ddadde46b99010102bbad3af2ed94be99ce4f785872e9d37a7e378e736e2768f60729afabcaae06,,,4/2/2022 1:45,30,NO CONTROLS,NO CONTROLS,CLEAR,"DARKNESS, LIGHTED ROAD",REAR END,DIVIDED - W/MEDIAN (NOT RAISED),,STRAIGHT AND LEVEL,DRY,NO DEFECTS,ON SCENE,INJURY AND / OR TOW DUE TO CRASH,,,Y,"OVER $1,500",4/2/2022 2:05,UNABLE TO DETERMINE,UNABLE TO DETERMINE,3016,N,HARLEM AVE,2511,,,,,,,4,NO INDICATION OF INJURY,0,0,0,0,0,3,0,1,7,4,41.93496553,-87.80678773,POINT (-87.806787734402 41.934965527089)
5d8cf450cb4637fe91241c8f63489526d0dfe52268ec5e32931c0dbde45ffc58bfa3c3b31ce448ab0ad6106dcc83baadf281440dd6265f9c565b02fbe1f767ea,,,4/1/2022 11:10,30,NO CONTROLS,NO CONTROLS,CLEAR,DAYLIGHT,TURNING,NOT DIVIDED,,STRAIGHT AND LEVEL,UNKNOWN,NO DEFECTS,ON SCENE,NO INJURY / DRIVE AWAY,,,Y,"$501 - $1,500",4/1/2022 15:53,UNABLE TO DETERMINE,NOT APPLICABLE,2746,W,45TH ST,922,,,,,,,2,NO INDICATION OF INJURY,0,0,0,0,0,2,0,11,6,4,41.81203134,-87.69374943,POINT (-87.69374942762 41.812031341619)
8c5393b96e2f5001ce76224ffa444b1ae98e23569f4c057b0cf3fb7233a126038cdf19507e65f2bac0b7ab213263d95d0b5f598f321243f21929be1a25016428,,,4/2/2022 5:30,10,NO CONTROLS,NO CONTROLS,CLEAR,"DARKNESS, LIGHTED ROAD",REAR TO SIDE,PARKING LOT,,STRAIGHT AND LEVEL,DRY,NO DEFECTS,NOT ON SCENE (DESK REPORT),NO INJURY / DRIVE AWAY,,Y,,"OVER $1,500",4/2/2022 6:10,IMPROPER BACKING,NOT APPLICABLE,3050,N,PULASKI RD,2523,,,,,,,2,NO INDICATION OF INJURY,0,0,0,0,0,2,0,5,7,4,41.93696637,-87.72727227,POINT (-87.727272268022 41.93696637019)
28f2127d90606d8f38346236faf294a833093a99e548a385cb1ff882b06e3826a64dff96e9a33df2e734592e6ab202c9fceb3fbde021e2293c79fef18412ac13,,,4/2/2022 9:30,30,NO CONTROLS,NO CONTROLS,RAIN,DAYLIGHT,PARKED MOTOR VEHICLE,ONE-WAY,,STRAIGHT AND LEVEL,WET,NO DEFECTS,NOT ON SCENE (DESK REPORT),NO INJURY / DRIVE AWAY,,,,"OVER $1,500",4/2/2022 18:00,FAILING TO YIELD RIGHT-OF-WAY,UNABLE TO DETERMINE,4711,S,DR MARTIN LUTHER KING JR DR,223,,,,,,,2,NO INDICATION OF INJURY,0,0,0,0,0,1,0,9,7,4,41.80901279,-87.61643193,POINT (-87.616431926626 41.809012790741)
6b590f6b3d79304945e7b211cb1c016f413394525e413b9bc0cf7badbbdc7199a3ea102f1984e0476a28fef7342ab4fe7ce46ef2d629636e565820e7881479b8,,,4/2/2022 13:22,30,NO CONTROLS,NO CONTROLS,RAIN,DAYLIGHT,SIDESWIPE SAME DIRECTION,DIVIDED - W/MEDIAN BARRIER,,STRAIGHT AND LEVEL,WET,NO DEFECTS,ON SCENE,NO INJURY / DRIVE AWAY,,,Y,$500 OR LESS,4/2/2022 14:39,UNABLE TO DETERMINE,UNABLE TO DETERMINE,1101,S,WESTERN AVE,1225,,,,,,,2,NO INDICATION OF INJURY,0,0,0,0,0,2,0,13,7,4,41.86838956,-87.68593943,POINT (-87.685939425137 41.868389556081)
6e88d2b4882d49c8d33b3b202f4d15655ef13a68575c93b0164ee0e4c252611fa95a3e535f5fe0459ab9e56de9ef02a536d98fec5d273d4f8b4118ebe0e08591,,,4/2/2022 16:25,35,TRAFFIC SIGNAL,FUNCTIONING PROPERLY,RAIN,DAYLIGHT,TURNING,DIVIDED - W/MEDIAN (NOT RAISED),,STRAIGHT AND LEVEL,WET,NO DEFECTS,ON SCENE,INJURY AND / OR TOW DUE TO CRASH,Y,,,"OVER $1,500",4/2/2022 16:30,FAILING TO YIELD RIGHT-OF-WAY,UNABLE TO DETERMINE,4401,S,PULASKI RD,821,,,,,,,3,NONINCAPACITATING INJURY,1,0,0,1,0,3,0,16,7,4,41.81327793,-87.72364188,POINT (-87.723641881733 41.813277928858)
0d98ca19e5006dd8fb4c05031dde1fe4de4000da55251b2ba3bcdb5b1bc656646f6746e37c6b8e7a7a50282350bfe9d60e5004c2454f9f9e3ffbe020fcbc06b3,,,4/2/2022 13:05,30,STOP SIGN/FLASHER,FUNCTIONING PROPERLY,RAIN,UNKNOWN,TURNING,FOUR WAY,,STRAIGHT AND LEVEL,WET,UNKNOWN,NOT ON SCENE (DESK REPORT),NO INJURY / DRIVE AWAY,Y,,,"OVER $1,500",4/2/2022 14:08,UNABLE TO DETERMINE,UNABLE TO DETERMINE,2100,S,MICHIGAN AVE,131,,,,,,,2,NO INDICATION OF INJURY,0,0,0,0,0,2,0,13,7,4,41.85421145,-87.62399649,POINT (-87.623996494321 41.854211448485)
025baad90ec0a175b8a3e3a3b318e1e30c079457870d12d58867acae7db04835ecc2df97ba1226ec2b6057931f0c27e565647a87f4c7bcb4f7381e46c03b82fd,JF179873,,3/19/2022 23:25,30,TRAFFIC SIGNAL,FUNCTIONING PROPERLY,RAIN,"DARKNESS, LIGHTED ROAD",ANGLE,"FIVE POINT, OR MORE",,STRAIGHT AND LEVEL,WET,NO DEFECTS,ON SCENE,INJURY AND / OR TOW DUE TO CRASH,Y,,,"OVER $1,500",3/19/2022 23:41,DISREGARDING TRAFFIC SIGNALS,WEATHER,1607,N,KOSTNER AVE,2534,,,,,,,2,NO INDICATION OF INJURY,0,0,0,0,0,2,0,23,7,3,41.91009471,-87.73603565,POINT (-87.736035647623 41.91009470766)
10671505c9692a5a6ed1eb1ba56db8ab533e77b496a61a257a90a3425474c621344af4a2db84bacda6d6d862711688f8164fb387c41bc858d4ccfd2496d0b38f,JF178989,,3/19/2022 3:30,25,NO CONTROLS,NO CONTROLS,RAIN,"DARKNESS, LIGHTED ROAD",SIDESWIPE SAME DIRECTION,DIVIDED - W/MEDIAN BARRIER,,"CURVE, LEVEL",WET,NO DEFECTS,ON SCENE,INJURY AND / OR TOW DUE TO CRASH,,,,"OVER $1,500",3/19/2022 3:35,UNABLE TO DETERMINE,WEATHER,920,N,LAKE SHORE DR SB,1833,,,,,,,2,INCAPACITATING INJURY,1,0,1,0,0,1,0,3,7,3,41.89987255,-87.61908034,POINT (-87.61908033561 41.899872553571)
bf0a9a8673fefb28e91d519bb0c832f42ee4660b6acbb5ce16d16cb1e7ce8575189814e1a0ddcbca654d893246e3aeb574598ee1348ce33cdd7045798f8a2db1,,,4/1/2022 8:30,30,NO CONTROLS,NO CONTROLS,CLEAR,DAYLIGHT,PARKED MOTOR VEHICLE,NOT DIVIDED,,STRAIGHT AND LEVEL,DRY,NO DEFECTS,NOT ON SCENE (DESK REPORT),NO INJURY / DRIVE AWAY,,,Y,"OVER $1,500",4/2/2022 9:25,UNABLE TO DETERMINE,NOT APPLICABLE,3510,N,CICERO AVE,1634,,,,,,,2,NO INDICATION OF INJURY,0,0,0,0,0,2,0,8,6,4,41.94469463,-87.7471732,POINT (-87.747173198306 41.944694634354)
444221ecedcf1985bce009f28ba88bec07be8fcb178adf9b6d98b7fc19b2a8210dda4be7c1a455e73190f06bf23ee8c73c8da545e0e5a64e1ea72ef070f22f5a,,,4/7/2022 22:08,35,TRAFFIC SIGNAL,FUNCTIONING PROPERLY,RAIN,"DARKNESS, LIGHTED ROAD",REAR END,NOT DIVIDED,,STRAIGHT AND LEVEL,WET,NO DEFECTS,NOT ON SCENE (DESK REPORT),INJURY AND / OR TOW DUE TO CRASH,,,Y,"OVER $1,500",4/7/2022 22:08,UNABLE TO DETERMINE,UNABLE TO DETERMINE,2100,S,WESTERN AVE,1023,,,,,,,2,"REPORTED, NOT EVIDENT",1,0,0,0,1,1,0,22,5,4,41.85382825,-87.68583397,POINT (-87.685833964746 41.853828252932)
14b5240175f85c816e7b9900a934436b65cc5628e67313fb8e77a3a6ab9a27782f55b2ce214eb5a4c7e093491a169401d8be05ed02f96a0739db7e76dd2e87d3,,,4/2/2022 14:00,30,NO CONTROLS,NO CONTROLS,RAIN,DAYLIGHT,FIXED OBJECT,DIVIDED - W/MEDIAN (NOT RAISED),,STRAIGHT AND LEVEL,WET,NO DEFECTS,ON SCENE,INJURY AND / OR TOW DUE TO CRASH,,,,"OVER $1,500",4/2/2022 14:00,WEATHER,UNABLE TO DETERMINE,4054,S,DR MARTIN LUTHER KING JR DR,213,,,,,,,1,NO INDICATION OF INJURY,0,0,0,0,0,2,0,14,7,4,41.82039107,-87.61704847,POINT (-87.617048467469 41.820391067093)
ca0b4175edec80c808d353d01af3bb0d993221309c129029634d6fd1ddf6c0d106130ccd365d5d1bba7238d0e456eb7ccdd4ecf24d5ebe63916312bd394a1eaa,,,4/8/2022 15:15,30,TRAFFIC SIGNAL,FUNCTIONING PROPERLY,RAIN,DAYLIGHT,REAR END,FOUR WAY,,STRAIGHT AND LEVEL,WET,NO DEFECTS,ON SCENE,INJURY AND / OR TOW DUE TO CRASH,Y,,Y,"OVER $1,500",4/8/2022 15:44,FOLLOWING TOO CLOSELY,FAILING TO REDUCE SPEED TO AVOID CRASH,2415,W,47TH ST,922,,Y,,,,,2,"REPORTED, NOT EVIDENT",2,0,0,0,2,1,0,15,6,4,41.80831807,-87.68509958,POINT (-87.685099575575 41.808318069665)
daef26dff139a647fe72bd60eeb84cb5906e865fbd1ec27744466d4cc17bd1c4ffdde9534eca6ae4e373c6686315684857f7e904778bee86770be65e68e4627a,,,4/2/2022 17:25,15,TRAFFIC SIGNAL,FUNCTIONING PROPERLY,RAIN,DUSK,REAR END,DIVIDED - W/MEDIAN (NOT RAISED),,STRAIGHT AND LEVEL,WET,NO DEFECTS,ON SCENE,NO INJURY / DRIVE AWAY,,,,"$501 - $1,500",4/2/2022 17:35,IMPROPER BACKING,NOT APPLICABLE,10000,W,OHARE ST,1651,,,,,,,2,NO INDICATION OF INJURY,0,0,0,0,0,2,0,17,7,4,41.97620114,-87.90530913,POINT (-87.905309125103 41.976201139024)
284bc679c3e4a22b1564fa3d0f27bbe387b0149e2ddb5d9e812b3e685165e175a7661439e654257bf981168364a9e2ad04b354f37a13913328ea32f2534bff45,,,4/8/2022 19:47,30,YIELD,FUNCTIONING PROPERLY,RAIN,DARKNESS,PEDESTRIAN,DIVIDED - W/MEDIAN (NOT RAISED),,STRAIGHT AND LEVEL,WET,NO DEFECTS,ON SCENE,INJURY AND / OR TOW DUE TO CRASH,,,,"$501 - $1,500",4/8/2022 19:53,FAILING TO YIELD RIGHT-OF-WAY,NOT APPLICABLE,439,N,WABASH AVE,1834,,,,,,,2,NONINCAPACITATING INJURY,1,0,0,1,0,3,0,19,6,4,41.89041949,-87.62652841,POINT (-87.626528412101 41.890419489032)
9ee2ed73a25df07eb423c9dfbde8331dce6b1045e8cf9d67f09838c62e34cf3fa3b49d0ccc91d8ad2524ba308ecacd3c1f2df369b7db2f936e3ea337ead1ba9b,,,4/2/2022 5:28,30,UNKNOWN,UNKNOWN,CLEAR,"DARKNESS, LIGHTED ROAD",SIDESWIPE OPPOSITE DIRECTION,NOT DIVIDED,,STRAIGHT AND LEVEL,DRY,NO DEFECTS,ON SCENE,INJURY AND / OR TOW DUE TO CRASH,,,,"OVER $1,500",4/2/2022 5:28,DRIVING ON WRONG SIDE/WRONG WAY,DRIVING ON WRONG SIDE/WRONG WAY,3725,S,WESTERN BLVD,912,,,,,,,2,NO INDICATION OF INJURY,0,0,0,0,0,2,0,5,7,4,41.82575668,-87.68418695,POINT (-87.684186951671 41.82575668199)
829299b62a32746bcbb74ba703d63b8244fdc624b45ddcef48f1bf843f2d937acbb2c9d45f0e3e8b431e212895e383ee778843dcf389b65584faee5453c3ae10,,,4/1/2022 20:15,30,TRAFFIC SIGNAL,FUNCTIONING PROPERLY,CLEAR,"DARKNESS, LIGHTED ROAD",SIDESWIPE SAME DIRECTION,NOT DIVIDED,,STRAIGHT AND LEVEL,DRY,NO DEFECTS,NOT ON SCENE (DESK REPORT),NO INJURY / DRIVE AWAY,Y,,,"OVER $1,500",4/2/2022 0:48,UNABLE TO DETERMINE,UNABLE TO DETERMINE,200,W,ONTARIO ST,1831,,,,,,,2,NO INDICATION OF INJURY,0,0,0,0,0,2,0,20,6,4,41.89329744,-87.63418828,POINT (-87.634188275005 41.893297436503)
5a29af9aca2fbfd4342f1f40ab859d772eee0c4eab5082434b792e9091e27397852ff6039c89900e9f7d6e595307962acedb32b2b3f01be5a56d39220cf465ea,JF171584,,3/12/2022 14:00,30,TRAFFIC SIGNAL,UNKNOWN,CLEAR,DAYLIGHT,ANGLE,FOUR WAY,,STRAIGHT AND LEVEL,DRY,UNKNOWN,NOT ON SCENE (DESK REPORT),NO INJURY / DRIVE AWAY,Y,,Y,"$501 - $1,500",3/12/2022 15:00,UNABLE TO DETERMINE,UNABLE TO DETERMINE,4400,W,ROOSEVELT RD,1131,,,,,,,2,NO INDICATION OF INJURY,0,0,0,0,0,2,0,14,7,3,41.86614087,-87.73508956,POINT (-87.735089560082 41.866140867642)