CRASH_RECORD_ID,RD_NO,CRASH_DATE_EST_I,CRASH_DATE,POSTED_SPEED_LIMIT,TRAFFIC_CONTROL_DEVICE,DEVICE_CONDITION,WEATHER_CONDITION,LIGHTING_CONDITION,FIRST_CRASH_TYPE,TRAFFICWAY_TYPE,LANE_CNT,ALIGNMENT,ROADWAY_SURFACE_COND,ROAD_DEFECT,REPORT_TYPE,CRASH_TYPE,INTERSECTION_RELATED_I,NOT_RIGHT_OF_WAY_I,HIT_AND_RUN_I,DAMAGE,DATE_POLICE_NOTIFIED,PRIM_CONTRIBUTORY_CAUSE,SEC_CONTRIBUTORY_CAUSE,STREET_NO,STREET_DIRECTION,STREET_NAME,BEAT_OF_OCCURRENCE,PHOTOS_TAKEN_I,STATEMENTS_TAKEN_I,DOORING_I,WORK_ZONE_I,WORK_ZONE_TYPE,WORKERS_PRESENT_I,NUM_UNITS,MOST_SEVERE_INJURY,INJURIES_TOTAL,INJURIES_FATAL,INJURIES_INCAPACITATING,INJURIES_NON_INCAPACITATING,INJURIES_REPORTED_NOT_EVIDENT,INJURIES_NO_INDICATION,INJURIES_UNKNOWN,CRASH_HOUR,CRASH_DAY_OF_WEEK,CRASH_MONTH,LATITUDE,LONGITUDE,LOCATION
f8343f71625717ece389716e2eab98c2ed58ef60aa390c76deceb5c9f2fa8d4ecaabd0ad8f3811d8ad70dccdc2edae61cebe3acece5d0573f477b97d025133b3,,,4/1/2022 16:28,35,NO CONTROLS,NO CONTROLS,CLEAR,DAYLIGHT,REAR END,DIVIDED - W/MEDIAN BARRIER,,STRAIGHT AND LEVEL,DRY,NO DEFECTS,ON SCENE,INJURY AND / OR TOW DUE TO CRASH,,,Y,"OVER $1,500",4/1/2022 16:32,FOLLOWING TOO CLOSELY,FOLLOWING TOO CLOSELY,5300,S,LAKE SHORE DR SB,234,,,,,,,2,NO INDICATION OF INJURY,0,0,0,0,0,2,0,16,6,4,41.7995694,-87.58154906,POINT (-87.581549060329 41.7995693995)
79fe4e029995a3673ad895fecd2ed409254b2f562b2fd2b4b09b15b984bf8c32bc799ee633107c2f19be22cf83b3b00f08bd8e22b01af153345a33c0761772df,,,3/30/2022 17:50,30,NO CONTROLS,NO CONTROLS,CLEAR,DUSK,FIXED OBJECT,UNKNOWN,,STRAIGHT AND LEVEL,DRY,"RUT, HOLES",NOT ON SCENE (DESK REPORT),NO INJURY / DRIVE AWAY,,,,"$501 - $1,500",4/1/2022 13:00,NOT APPLICABLE,NOT APPLICABLE,5900,S,CORNELL DR,331,,,,Y,CONSTRUCTION,,1,NO INDICATION OF INJURY,0,0,0,0,0,1,0,17,4,3,41.78797748,-87.58535205,POINT (-87.58535204872 41.787977478522)
07e3d918effe9fe053536d842db203151737c9719a2fcef16683a0dc2ecee9cc80e1d7e13993acebc22531ea5bb5590d11c87f57e6ee8029b91cdacf4c0e9aae,JF179907,,3/20/2022 0:03,30,NO CONTROLS,NO CONTROLS,CLEAR,"DARKNESS, LIGHTED ROAD",TURNING,NOT DIVIDED,,STRAIGHT AND LEVEL,DRY,NO DEFECTS,ON SCENE,INJURY AND / OR TOW DUE TO CRASH,,,,"OVER $1,500",3/20/2022 0:05,FAILING TO YIELD RIGHT-OF-WAY,DRIVING SKILLS/KNOWLEDGE/EXPERIENCE,6400,N,RIDGE BLVD,2412,,,,,,,2,NONINCAPACITATING INJURY,1,0,0,1,0,1,0,0,1,3,41.99801926,-87.67701946,POINT (-87.677019460109 41.998019258165)
0210f0007ac86fc1af2ca945fd72ae8a84567b82d2c5b7fed295b33d0af5ec0a7642fd43c37ff60c9b293d51f916cd0efac23adcea1b40c6ef70e12f2eb283b1,JF179422,,3/18/2022 19:00,30,NO CONTROLS,NO CONTROLS,CLEAR,"DARKNESS, LIGHTED ROAD",SIDESWIPE SAME DIRECTION,NOT DIVIDED,,STRAIGHT AND LEVEL,DRY,NO DEFECTS,NOT ON SCENE (DESK REPORT),NO INJURY / DRIVE AWAY,,,,"OVER $1,500",3/19/2022 15:05,IMPROPER LANE USAGE,IMPROPER LANE USAGE,4372,S,ARCHER AVE,821,,,,,,,2,NO INDICATION OF INJURY,0,0,0,0,0,2,0,19,6,3,41.81401306,-87.70460372,POINT (-87.704603717516 41.814013060064)
627f381acf2a9bf7c05607f41e9789a9245097f5b5ceb81bf6d36529749c03ad19579abf5891cb13b9280626a5c61880ed9d72424e42410901a0fdf40f2a1157,,,4/7/2022 21:40,30,NO CONTROLS,NO CONTROLS,RAIN,DARKNESS,SIDESWIPE OPPOSITE DIRECTION,NOT DIVIDED,,STRAIGHT AND LEVEL,WET,NO DEFECTS,ON SCENE,NO INJURY / DRIVE AWAY,,,Y,"OVER $1,500",4/7/2022 21:55,UNABLE TO DETERMINE,UNABLE TO DETERMINE,2125,W,BELMONT AVE,1931,,,,,,,2,NO INDICATION OF INJURY,0,0,0,0,0,3,0,21,5,4,41.93942149,-87.68180013,POINT (-87.681800130349 41.939421493705)
37398f5c7f7d6581fa74e828e824fef658d3224e9d2b12805c8901cbafeacf020d455b7bc90b879a480fe3518bf5a330cfb77d2a3c40cc30c1510c45b3eefbd5,,,4/2/2022 6:50,30,TRAFFIC SIGNAL,FUNCTIONING PROPERLY,CLEAR,DAYLIGHT,REAR TO SIDE,FOUR WAY,,STRAIGHT AND LEVEL,UNKNOWN,UNKNOWN,ON SCENE,INJURY AND / OR TOW DUE TO CRASH,Y,,,"OVER $1,500",4/2/2022 6:50,FAILING TO YIELD RIGHT-OF-WAY,FAILING TO YIELD RIGHT-OF-WAY,7900,S,HALSTED ST,621,,,,,,,2,NONINCAPACITATING INJURY,1,0,0,1,0,2,0,6,7,4,41.75054956,-87.64418837,POINT (-87.644188367841 41.750549559439)
c2d660ad00d98eba788755275aa65558b242031768ac7ee6d98521ef7588793fe63f6abeefca16eb73e4dad946684c9b24077ffc323c4a6fdceec59266d41e07,,,4/2/2022 12:45,30,NO CONTROLS,NO CONTROLS,CLEAR,DAYLIGHT,SIDESWIPE SAME DIRECTION,OTHER,,STRAIGHT AND LEVEL,DRY,NO DEFECTS,NOT ON SCENE (DESK REPORT),NO INJURY / DRIVE AWAY,,,,"OVER $1,500",4/2/2022 13:55,DRIVING SKILLS/KNOWLEDGE/EXPERIENCE,NOT APPLICABLE,5630,S,KOSTNER AVE,813,,,,,,,2,NO INDICATION OF INJURY,0,0,0,0,0,2,0,12,7,4,41.79035894,-87.73302717,POINT (-87.733027174229 41.790358943198)
44039c8ad48ad1fed0fd177507fd715850ffe612e3c7ec960506c44654cec05591fc2e27e187b71fedd8232a71200f4822538b6190648b03899b4ebe3c456a0a,,,4/2/2022 11:20,30,TRAFFIC SIGNAL,FUNCTIONING PROPERLY,RAIN,DAYLIGHT,TURNING,DIVIDED - W/MEDIAN (NOT RAISED),,STRAIGHT AND LEVEL,WET,NO DEFECTS,NOT ON SCENE (DESK REPORT),NO INJURY / DRIVE AWAY,,,,"OVER $1,500",4/2/2022 15:00,UNABLE TO DETERMINE,UNABLE TO DETERMINE,2401,W,ADDISON ST,1921,,,,,,,2,NO INDICATION OF INJURY,0,0,0,0,0,2,0,11,7,4,41.94662048,-87.68831645,POINT (-87.688316451533 41.946620477784)
ac21d3bd8f3ebfb68ac305613a62cc45e1ca7d71937a6c1c194d15c80727c93409b1b43520e313bc67d88abadc5ee46a73291bf2b32cdf079140a055bb6fe731,,,3/29/2022 17:22,30,NO CONTROLS,FUNCTIONING PROPERLY,CLEAR,DAYLIGHT,PARKED MOTOR VEHICLE,NOT DIVIDED,,STRAIGHT AND LEVEL,DRY,NO DEFECTS,NOT ON SCENE (DESK REPORT),NO INJURY / DRIVE AWAY,,,Y,"OVER $1,500",3/29/2022 18:10,UNABLE TO DETERMINE,UNABLE TO DETERMINE,5701,W,WASHINGTON BLVD,1513,,,,,,,3,NO INDICATION OF INJURY,0,0,0,0,0,2,0,17,3,3,41.88208153,-87.76827003,POINT (-87.768270031848 41.882081534369)
50b7b5b849736c8d1804a5c929b9b13157b6a1ea9a10e20d06a2b8c185fe1459379f8a4e3cf28201331df5e69180734a2b96f6dd043bc44d81e519051871b79c,,,4/2/2022 13:41,30,NO CONTROLS,NO CONTROLS,RAIN,DAYLIGHT,TURNING,NOT DIVIDED,,STRAIGHT AND LEVEL,WET,NO DEFECTS,NOT ON SCENE (DESK REPORT),NO INJURY / DRIVE AWAY,,,Y,"OVER $1,500",4/2/2022 15:40,IMPROPER TURNING/NO SIGNAL,DRIVING SKILLS/KNOWLEDGE/EXPERIENCE,800,W,LAKE ST,1214,,,,,,,2,NO INDICATION OF INJURY,0,0,0,0,0,2,0,13,7,4,41.88577328,-87.64753569,POINT (-87.647535691736 41.885773283507)
e935e39febb720fb781087f83907c54f21504d9990940cbdf7dd52717c97ada9ba49dee956cea00983fdf1ed5e2ad3fe4d8998a953c4851960c919cf1c08951b,,Y,4/1/2022 17:30,30,TRAFFIC SIGNAL,FUNCTIONING PROPERLY,CLEAR,DAYLIGHT,TURNING,DIVIDED - W/MEDIAN (NOT RAISED),,STRAIGHT AND LEVEL,DRY,NO DEFECTS,NOT ON SCENE (DESK REPORT),NO INJURY / DRIVE AWAY,,,,"$501 - $1,500",4/1/2022 17:45,NOT APPLICABLE,UNABLE TO DETERMINE,2200,S,ASHLAND AVE,1034,,,,,,,2,NO INDICATION OF INJURY,0,0,0,0,0,2,0,17,6,4,41.852218,-87.66617016,POINT (-87.666170161509 41.852217996528)
fe983259d0d79f7225627b9a034dbf194835d458564a4c7889bce2a90238f5b982a62abafa4d94e0e9ce2ed67f288ca4b00e5c784d12d615d0019a87cc0e7f04,,,4/8/2022 15:22,30,TRAFFIC SIGNAL,FUNCTIONING PROPERLY,RAIN,DAYLIGHT,REAR END,DIVIDED - W/MEDIAN BARRIER,,STRAIGHT AND LEVEL,WET,UNKNOWN,ON SCENE,INJURY AND / OR TOW DUE TO CRASH,,,,"OVER $1,500",4/8/2022 15:26,NOT APPLICABLE,NOT APPLICABLE,4025,N,CICERO AVE,1722,,,,,,,4,NONINCAPACITATING INJURY,1,0,0,1,0,4,0,15,6,4,41.95423098,-87.74718156,POINT (-87.747181561037 41.954230980822)
6debaf6d3360bb449594312ef8bb7681ae5ae869d445223b5d1dc82ec6638bae809a4ded95fd4a385a8391fe97ace8ad59cfe001f700da3a0702bc68c2da6bee,,,4/2/2022 14:30,30,NO CONTROLS,NO CONTROLS,RAIN,DAYLIGHT,SIDESWIPE SAME DIRECTION,DIVIDED - W/MEDIAN (NOT RAISED),,STRAIGHT AND LEVEL,WET,NO DEFECTS,NOT ON SCENE (DESK REPORT),NO INJURY / DRIVE AWAY,,,Y,"OVER $1,500",4/2/2022 15:15,FAILING TO YIELD RIGHT-OF-WAY,NOT APPLICABLE,1331,W,99TH ST,2213,,,,,,,2,NO INDICATION OF INJURY,0,0,0,0,0,2,0,14,7,4,41.71393597,-87.65636826,POINT (-87.656368259369 41.713935972197)
ff98fd074d3dafca5826d92829ab66f02348d217b476a9d17540de792162ff88c9f584b9644817adfc42837360783f88c01c9a0ff36dc7307d86578d83550a11,,,4/2/2022 14:32,30,TRAFFIC SIGNAL,FUNCTIONING PROPERLY,FREEZING RAIN/DRIZZLE,DAYLIGHT,SIDESWIPE OPPOSITE DIRECTION,NOT DIVIDED,,STRAIGHT AND LEVEL,WET,NO DEFECTS,ON SCENE,NO INJURY / DRIVE AWAY,Y,,,"$501 - $1,500",4/2/2022 14:32,DRIVING ON WRONG SIDE/WRONG WAY,IMPROPER LANE USAGE,4900,N,BROADWAY,2033,,,,,,,2,NO INDICATION OF INJURY,0,0,0,0,0,3,0,14,7,4,41.97151644,-87.65988564,POINT (-87.659885636238 41.971516440921)
106610a566d165efbb98d63f7642ca1a96674dcea76b7535928b4343a37f5deef92f7ce714b42fe180bed1c4c3eb257cb9b6be6cd150565fb5dcaa61ee6ce7dd,JF179352,,3/19/2022 12:00,30,STOP SIGN/FLASHER,FUNCTIONING PROPERLY,CLEAR,DAYLIGHT,TURNING,DIVIDED - W/MEDIAN BARRIER,,STRAIGHT AND LEVEL,WET,NO DEFECTS,NOT ON SCENE (DESK REPORT),NO INJURY / DRIVE AWAY,Y,,,"$501 - $1,500",3/19/2022 12:44,IMPROPER OVERTAKING/PASSING,UNABLE TO DETERMINE,10500,S,HALSTED ST,2233,,,,,,,2,NO INDICATION OF INJURY,0,0,0,0,0,2,0,12,7,3,41.70318582,-87.64286459,POINT (-87.642864592211 41.703185818716)
297a2486ab857ca48fd2bfa54bf832e7fa7a041edc18b993d8d7f9422be4aeaba51567a09e45dd1f5cb7ef401b5dfd4cf8bac1b4cb5678044716be23da0e7980,,,4/7/2022 20:15,30,NO CONTROLS,NO CONTROLS,RAIN,"DARKNESS, LIGHTED ROAD",FIXED OBJECT,ONE-WAY,,"CURVE, LEVEL",WET,DEBRIS ON ROADWAY,NOT ON SCENE (DESK REPORT),NO INJURY / DRIVE AWAY,,,,"OVER $1,500",4/8/2022 14:30,UNABLE TO DETERMINE,NOT APPLICABLE,1500,E,94TH ST,413,,,,,,,1,NO INDICATION OF INJURY,0,0,0,0,0,1,0,20,5,4,41.72413026,-87.58742353,POINT (-87.587423528574 41.724130257948)
1045c09652a82fd67f50904bccd9e53134d548b48a28cfb9d938cc23b33618d724af5951e9ca3012d0120095cbee52002da63db8a3d6a25914ed4bf5bd0106fd,,,4/8/2022 16:45,30,NO CONTROLS,NO CONTROLS,RAIN,DAYLIGHT,REAR END,NOT DIVIDED,,STRAIGHT AND LEVEL,WET,NO DEFECTS,ON SCENE,INJURY AND / OR TOW DUE TO CRASH,,,,"OVER $1,500",4/8/2022 16:51,IMPROPER BACKING,NOT APPLICABLE,340,W,ROOT ST,925,,,,,,,2,NONINCAPACITATING INJURY,1,0,0,1,0,1,0,16,6,4,41.81916593,-87.63560631,POINT (-87.635606308933 41.819165933392)
21b47bbda5fc065baad3f238d7b412edcebe3a761c58106bab54666fb95175d5ec627910b9ae10785e85156e544f3b3f63fa4bf08898dc4250ab59d9007b670d,JF178774,,3/18/2022 19:50,30,STOP SIGN/FLASHER,NO CONTROLS,RAIN,"DARKNESS, LIGHTED ROAD",ANGLE,FOUR WAY,,STRAIGHT AND LEVEL,WET,NO DEFECTS,ON SCENE,NO INJURY / DRIVE AWAY,Y,,,"OVER $1,500",3/18/2022 19:55,DRIVING ON WRONG SIDE/WRONG WAY,FAILING TO YIELD RIGHT-OF-WAY,2931,E,100TH ST,431,,,,,,,2,NO INDICATION OF INJURY,0,0,0,0,0,3,0,19,6,3,41.713271,-87.55239583,POINT (-87.55239583272 41.71327100191)
97762b885e3771edcbd4221309c5ce7a167dc3b57f210cccafbd8b41b62b7d04139e78cea45b47c2aa72b334347d5980b77d7c6f6493585d6155f201ef7c155f,,,4/8/2022 14:00,30,TRAFFIC SIGNAL,FUNCTIONING PROPERLY,RAIN,DAYLIGHT,SIDESWIPE SAME DIRECTION,DIVIDED - W/MEDIAN (NOT RAISED),,STRAIGHT AND LEVEL,WET,NO DEFECTS,NOT ON SCENE (DESK REPORT),NO INJURY / DRIVE AWAY,,,Y,"OVER $1,500",4/8/2022 14:38,IMPROPER OVERTAKING/PASSING,IMPROPER LANE USAGE,2400,N,ASHLAND AVE,1931,,,,,,,2,NO INDICATION OF INJURY,0,0,0,0,0,2,0,14,6,4,41.92519389,-87.66829436,POINT (-87.668294363399 41.92519388981)
f5a9a92f6ba158940b26b8320184669c11509ec1dc7a05888d161d6518e207d3dccb2a761ba21f38205adcb4e2986200ffa35df4862cf1e880d58277cf1f7168,,,4/8/2022 15:10,30,NO CONTROLS,NO CONTROLS,CLEAR,DAYLIGHT,SIDESWIPE SAME DIRECTION,NOT DIVIDED,,STRAIGHT AND LEVEL,WET,NO DEFECTS,NOT ON SCENE (DESK REPORT),NO INJURY / DRIVE AWAY,,,Y,"$501 - $1,500",4/8/2022 16:35,FAILING TO YIELD RIGHT-OF-WAY,DRIVING SKILLS/KNOWLEDGE/EXPERIENCE,1646,S,WESTERN AVE,1023,,,,,,,2,NO INDICATION OF INJURY,0,0,0,0,0,2,0,15,6,4,41.85846082,-87.68595893,POINT (-87.685958930614 41.858460819684)
a487c11f6e2f0e8094b88a2f67e64c06fa8691a285c71ecedf8418f5f3c229594c391256be7ac631359e51e6dbe892a2c3bc699691925f7e339e6f58875049d5,,,4/8/2022 8:15,25,NO CONTROLS,NO CONTROLS,RAIN,DAYLIGHT,PARKED MOTOR VEHICLE,OTHER,,STRAIGHT AND LEVEL,WET,UNKNOWN,NOT ON SCENE (DESK REPORT),NO INJURY / DRIVE AWAY,,,,"OVER $1,500",4/8/2022 10:55,UNABLE TO DETERMINE,UNABLE TO DETERMINE,6104,N,OAKLEY AVE,2413,,,,,,,2,NO INDICATION OF INJURY,0,0,0,0,0,1,0,8,6,4,41.99251668,-87.6874125,POINT (-87.6874124987 41.992516683505)
d1f97f3e4d28b6e9874537e3880db3af05c3fcbfdd74532d977f4790a56f7e80b7c53dda3f7b65e37e2110c83d3ed42fd168d16a78c18dd376e3a4aadd2fc503,,,4/7/2022 21:15,30,TRAFFIC SIGNAL,UNKNOWN,RAIN,"DARKNESS, LIGHTED ROAD",REAR END,DIVIDED - W/MEDIAN (NOT RAISED),,STRAIGHT AND LEVEL,WET,UNKNOWN,NOT ON SCENE (DESK REPORT),NO INJURY / DRIVE AWAY,Y,,Y,"$501 - $1,500",4/7/2022 22:30,FAILING TO REDUCE SPEED TO AVOID CRASH,FOLLOWING TOO CLOSELY,3000,W,PETERSON AVE,2413,,,,,,,2,NO INDICATION OF INJURY,0,0,0,0,0,2,0,21,5,4,41.99052413,-87.70431579,POINT (-87.704315794102 41.990524132595)
603a39b74b8f21be0b9f033c133b5367484a74b98c7b23f57aa84215c942c320b9c186a426e40932fad9d90c97075dc5a1b233126852ec9ae64a8ef474006b9d,,,4/8/2022 21:20,30,TRAFFIC SIGNAL,FUNCTIONING PROPERLY,RAIN,"DARKNESS, LIGHTED ROAD",TURNING,FOUR WAY,,STRAIGHT AND LEVEL,WET,UNKNOWN,NOT ON SCENE (DESK REPORT),NO INJURY / DRIVE AWAY,Y,,,"OVER $1,500",4/8/2022 21:45,FAILING TO YIELD RIGHT-OF-WAY,NOT APPLICABLE,198,N,OGDEN AVE,1224,,,,,,,2,NO INDICATION OF INJURY,0,0,0,0,0,3,0,21,6,4,41.88541149,-87.6628417,POINT (-87.662841698356 41.885411488387)
4b0e8959c6ef98c38d2779eed2a41d0e36f49b0b4ce3e360e62da3423ae61ba7fcb5624e9a95cbf6db819dfdbb84c29a60309ea2fb9640a03c33b49c9d4e2c3e,,,4/8/2022 8:20,10,NO CONTROLS,NO CONTROLS,CLEAR,DAYLIGHT,PARKED MOTOR VEHICLE,PARKING LOT,,STRAIGHT AND LEVEL,DRY,NO DEFECTS,ON SCENE,NO INJURY / DRIVE AWAY,,,,"OVER $1,500",4/8/2022 8:31,IMPROPER BACKING,DRIVING SKILLS/KNOWLEDGE/EXPERIENCE,7971,S,CICERO AVE,834,,,,,,,2,NO INDICATION OF INJURY,0,0,0,0,0,1,0,8,6,4,41.747682,-87.74115727,POINT (-87.741157266283 41.74768199829)
0badd52c9998fc72f965984fecd19c16ea701a5c4c13da5501a3b647a1c93fcf96db2182e901769eabe5bdff5a21539a2bd8b8b701574e449dcffb97cd321fdf,JF179468,,3/19/2022 6:30,30,NO CONTROLS,NO CONTROLS,RAIN,DAYLIGHT,PARKED MOTOR VEHICLE,ONE-WAY,,STRAIGHT AND LEVEL,WET,NO DEFECTS,NOT ON SCENE (DESK REPORT),NO INJURY / DRIVE AWAY,,,Y,"OVER $1,500",3/19/2022 15:50,UNABLE TO DETERMINE,UNABLE TO DETERMINE,3800,W,60TH ST,822,,,,,,,2,NO INDICATION OF INJURY,0,0,0,0,0,1,0,6,7,3,41.78430052,-87.71813298,POINT (-87.718132983043 41.784300518971)
4a44288b9e3333a86c3eee9a88709d4b394d7bc3a136302acc395af248b662ea8f29748a6ba50ad1c056441f4170bd621c57a1a60c03db63205e11ddad6bbbd5,JF179088,,3/19/2022 8:00,30,TRAFFIC SIGNAL,FUNCTIONING PROPERLY,RAIN,DAYLIGHT,REAR END,NOT DIVIDED,,STRAIGHT AND LEVEL,WET,UNKNOWN,NOT ON SCENE (DESK REPORT),INJURY AND / OR TOW DUE TO CRASH,Y,,,"OVER $1,500",3/19/2022 9:00,DRIVING SKILLS/KNOWLEDGE/EXPERIENCE,DRIVING SKILLS/KNOWLEDGE/EXPERIENCE,7458,S,JEFFERY BLVD,333,,,,,,,2,NO INDICATION OF INJURY,0,0,0,0,0,2,0,8,7,3,41.75889675,-87.57628903,POINT (-87.576289032556 41.758896747619)
8da699cd250e7f99f91b93cc06a328d73b612afba9d8fd7ceab8960828f91c0a709b73907737063b7505f2b1edf741e90d4730aa82e4f7f225796cd781d4312f,JF179763,,3/19/2022 20:30,35,UNKNOWN,NO CONTROLS,RAIN,"DARKNESS, LIGHTED ROAD",FIXED OBJECT,DIVIDED - W/MEDIAN BARRIER,,STRAIGHT AND LEVEL,WET,NO DEFECTS,ON SCENE,INJURY AND / OR TOW DUE TO CRASH,,N,,"OVER $1,500",3/19/2022 20:35,UNABLE TO DETERMINE,UNABLE TO DETERMINE,11130,S,HALSTED ST,2233,,,,,,,1,"REPORTED, NOT EVIDENT",1,0,0,0,1,0,0,20,7,3,41.69141564,-87.64250036,POINT (-87.6425003571 41.691415640772)
9033785a27d2749f6f87814de3210c81ce6ce0810718d5277cdd9c20d9be7bc170a941a0f67c9e5126b3973fafba80c1728d0adc593889b9c72cc185e3a62624,JF179646,,3/19/2022 17:58,30,UNKNOWN,UNKNOWN,RAIN,DAYLIGHT,SIDESWIPE SAME DIRECTION,NOT DIVIDED,,STRAIGHT AND LEVEL,WET,UNKNOWN,NOT ON SCENE (DESK REPORT),NO INJURY / DRIVE AWAY,,,,"OVER $1,500",3/19/2022 18:15,UNABLE TO DETERMINE,UNABLE TO DETERMINE,4842,W,ADDISON ST,1634,,,,,,,2,NO INDICATION OF INJURY,0,0,0,0,0,2,0,17,7,3,41.94621291,-87.74877482,POINT (-87.748774824213 41.946212905155)
cd2d9225d1f3361b49f2f15f33927edd69876d980cd17c0e68617739696314d2a3f409fa0e8eae2c02eb1c1a5aef024b9b873f909d92a1ebc8c9c15e5dbc45cd,JF178994,N,3/19/2022 3:53,30,UNKNOWN,UNKNOWN,RAIN,"DARKNESS, LIGHTED ROAD",REAR END,NOT DIVIDED,,STRAIGHT AND LEVEL,WET,NO DEFECTS,ON SCENE,NO INJURY / DRIVE AWAY,,,,"$501 - $1,500",3/19/2022 3:56,UNABLE TO DETERMINE,NOT APPLICABLE,4800,W,CHICAGO AVE,1531,,,,,,,2,NO INDICATION OF INJURY,0,0,0,0,0,2,0,3,7,3,41.89511222,-87.74593243,POINT (-87.745932427015 41.895112218578)
cd1cdf1e2358fc1a02662db835910f8b2c9b1e743be3897483bf1156093c4792c594a716a94649de3d2eff956010e7092df5537634948de92c0886b453e5dda1,,,4/8/2022 11:20,30,NO CONTROLS,NO CONTROLS,RAIN,DAYLIGHT,SIDESWIPE SAME DIRECTION,NOT DIVIDED,,STRAIGHT AND LEVEL,WET,NO DEFECTS,ON SCENE,NO INJURY / DRIVE AWAY,,,,$500 OR LESS,4/8/2022 11:30,UNABLE TO DETERMINE,UNABLE TO DETERMINE,1343,W,WRIGHTWOOD AVE,1932,,,,,,,2,NO INDICATION OF INJURY,0,0,0,0,0,4,0,11,6,4,41.92875055,-87.66270748,POINT (-87.662707475772 41.928750551935)
477cfcb9ae9ec30838fb67352f98ece808bcb0402a00e7c02836b0539f7dfb9fc7c941ef6b8f75fd31002651abb5acded9e779ec19c0c8b62f58b55ce6a1130c,,,4/8/2022 17:00,30,STOP SIGN/FLASHER,FUNCTIONING PROPERLY,RAIN,DAYLIGHT,SIDESWIPE SAME DIRECTION,NOT DIVIDED,,STRAIGHT AND LEVEL,WET,NO DEFECTS,NOT ON SCENE (DESK REPORT),NO INJURY / DRIVE AWAY,Y,,,"OVER $1,500",4/8/2022 18:05,IMPROPER OVERTAKING/PASSING,NOT APPLICABLE,662,N,SANGAMON ST,1214,,,,,,,2,NO INDICATION OF INJURY,0,0,0,0,0,2,0,17,6,4,41.89401916,-87.65126294,POINT (-87.651262937306 41.894019163468)
889bc527fafef29d4b549a381623be30a76d675e02c1c23dca15c24abd6a0c34e81941959ea41b0534ce09c611766336d926386cf2fd422605bc4f4f28ecfd17,,,4/8/2022 11:50,20,STOP SIGN/FLASHER,FUNCTIONING PROPERLY,FREEZING RAIN/DRIZZLE,DAYLIGHT,PARKED MOTOR VEHICLE,FOUR WAY,,STRAIGHT AND LEVEL,WET,NO DEFECTS,ON SCENE,NO INJURY / DRIVE AWAY,Y,,,"OVER $1,500",4/8/2022 11:50,OBSTRUCTED CROSSWALKS,WEATHER,535,W,119TH ST,524,,Y,,,,,2,NO INDICATION OF INJURY,0,0,0,0,0,1,0,11,6,4,41.67776827,-87.63603007,POINT (-87.636030068864 41.677768269818)
5698088d5c8c4b506aef50e9dd2cb8171712c8358647e91f2f95f92fe47ab6cc20f6749c285e8e883530f60c35b8fae7019d3b68a12ad67558450a4a72ef168a,,,4/8/2022 10:41,30,STOP SIGN/FLASHER,FUNCTIONING PROPERLY,CLOUDY/OVERCAST,DAYLIGHT,ANGLE,FOUR WAY,,STRAIGHT AND LEVEL,WET,NO DEFECTS,ON SCENE,NO INJURY / DRIVE AWAY,Y,,,"OVER $1,500",4/8/2022 10:41,DISREGARDING STOP SIGN,UNABLE TO DETERMINE,5800,S,EMERALD AVE,711,,,,,,,2,NO INDICATION OF INJURY,0,0,0,0,0,2,0,10,6,4,41.78882376,-87.64394301,POINT (-87.643943009508 41.788823759702)
23c8d82354a472c474e171659715da1104c0b5afb4fde372551fd0eb777321fa9fa99403d2a10c53ac7c6d0a6d2b3e77630a12386c097df1f35dbab545cd732f,,,4/6/2022 15:09,30,NO CONTROLS,NO CONTROLS,CLOUDY/OVERCAST,DAYLIGHT,PARKED MOTOR VEHICLE,NOT DIVIDED,,STRAIGHT AND LEVEL,DRY,NO DEFECTS,ON SCENE,NO INJURY / DRIVE AWAY,,,,"OVER $1,500",4/6/2022 17:34,PHYSICAL CONDITION OF DRIVER,UNABLE TO DETERMINE,3058,S,POPLAR AVE,913,,,,,,,2,NO INDICATION OF INJURY,0,0,0,0,0,1,0,15,4,4,41.83834791,-87.64748754,POINT (-87.647487535192 41.838347913847)
fc3ccb73ca45a233db946af66f0fa9d33606a52aaea34c364fc3ee468bf9143f753f1db0fd4c6981490bc5bb0cb947d4b834b030cbda2d0dab93e49f10bd853d,JF176536,,3/17/2022 1:38,30,NO CONTROLS,NO CONTROLS,CLEAR,"DARKNESS, LIGHTED ROAD",REAR END,NOT DIVIDED,,STRAIGHT AND LEVEL,DRY,UNKNOWN,ON SCENE,INJURY AND / OR TOW DUE TO CRASH,,,Y,"OVER $1,500",3/17/2022 1:38,FAILING TO REDUCE SPEED TO AVOID CRASH,FAILING TO REDUCE SPEED TO AVOID CRASH,13513,S,BRAINARD AVE,433,,,,,,,2,NO INDICATION OF INJURY,0,0,0,0,0,2,0,1,5,3,41.64923259,-87.54668252,POINT (-87.546682522454 41.649232588792)