CRASH_RECORD_ID,RD_NO,CRASH_DATE_EST_I,CRASH_DATE,POSTED_SPEED_LIMIT,TRAFFIC_CONTROL_DEVICE,DEVICE_CONDITION,WEATHER_CONDITION,LIGHTING_CONDITION,FIRST_CRASH_TYPE,TRAFFICWAY_TYPE,LANE_CNT,ALIGNMENT,ROADWAY_SURFACE_COND,ROAD_DEFECT,REPORT_TYPE,CRASH_TYPE,INTERSECTION_RELATED_I,NOT_RIGHT_OF_WAY_I,HIT_AND_RUN_I,DAMAGE,DATE_POLICE_NOTIFIED,PRIM_CONTRIBUTORY_CAUSE,SEC_CONTRIBUTORY_CAUSE,STREET_NO,STREET_DIRECTION,STREET_NAME,BEAT_OF_OCCURRENCE,PHOTOS_TAKEN_I,STATEMENTS_TAKEN_I,DOORING_I,WORK_ZONE_I,WORK_ZONE_TYPE,WORKERS_PRESENT_I,NUM_UNITS,MOST_SEVERE_INJURY,INJURIES_TOTAL,INJURIES_FATAL,INJURIES_INCAPACITATING,INJURIES_NON_INCAPACITATING,INJURIES_REPORTED_NOT_EVIDENT,INJURIES_NO_INDICATION,INJURIES_UNKNOWN,CRASH_HOUR,CRASH_DAY_OF_WEEK,CRASH_MONTH,LATITUDE,LONGITUDE,LOCATION
3d423801f09f7a00ef87f8bae3fcc5bbfe8ae31b5a173f7d22a171cabb9427ade698d01377b22bf024182241cbd5557681fc418d84292e9ec3f9d86a0f3c88b3,JF179561,,3/18/2022 7:40,30,TRAFFIC SIGNAL,FUNCTIONING PROPERLY,CLEAR,DAYLIGHT,ANGLE,FOUR WAY,,STRAIGHT AND LEVEL,DRY,NO DEFECTS,NOT ON SCENE (DESK REPORT),NO INJURY / DRIVE AWAY,Y,,Y,"OVER $1,500",3/19/2022 16:55,UNABLE TO DETERMINE,NOT APPLICABLE,1600,W,VAN BUREN ST,1231,,,,,,,2,NO INDICATION OF INJURY,0,0,0,0,0,2,0,7,6,3,41.87646093,-87.66670765,POINT (-87.666707650735 41.876460927341)
68be73bf179eee5305e58b936530498f216fb49273231cafa74431e6286afeef20b87e2898c61a34333ad06edfd2621eb133a3c02c1cc64468f1b09f779cb0f3,JF179488,,3/19/2022 15:30,10,NO CONTROLS,NO CONTROLS,CLEAR,DAYLIGHT,REAR TO SIDE,PARKING LOT,,STRAIGHT AND LEVEL,WET,NO DEFECTS,ON SCENE,NO INJURY / DRIVE AWAY,,,,"$501 - $1,500",3/19/2022 15:45,UNABLE TO DETERMINE,FAILING TO YIELD RIGHT-OF-WAY,2551,W,CERMAK RD,1034,,,,,,,2,NO INDICATION OF INJURY,0,0,0,0,0,5,0,15,7,3,41.85186827,-87.69007512,POINT (-87.690075121295 41.851868271661)
85403fc1eee9dc4c0d1abc0c8a051782bfca96039479dc8354a606215c5e1ce8ffb613eb05d2030ae960a7639cc57b5f3f47a0986a28a5767900f954e3e24436,JF179435,,3/19/2022 14:31,30,NO CONTROLS,NO CONTROLS,FREEZING RAIN/DRIZZLE,DAYLIGHT,TURNING,T-INTERSECTION,,STRAIGHT AND LEVEL,WET,UNKNOWN,ON SCENE,NO INJURY / DRIVE AWAY,Y,,,$500 OR LESS,3/19/2022 14:42,FAILING TO YIELD RIGHT-OF-WAY,FAILING TO REDUCE SPEED TO AVOID CRASH,7100,S,LAFLIN ST,734,,,,,,,2,NO INDICATION OF INJURY,0,0,0,0,0,2,0,14,7,3,41.76488401,-87.66234382,POINT (-87.662343820823 41.764884007414)
d257f42a31b9df6e1a31f8b229fd66c32fef0c56a8cf40019f788e4b2f07dc5f1b9aba6514f8551a2ba3b0c2c79e54ef21277cf971de5f695d44ddaf6d996ba4,JF179619,,3/19/2022 17:30,30,NO CONTROLS,NO CONTROLS,RAIN,DAYLIGHT,SIDESWIPE SAME DIRECTION,NOT DIVIDED,,STRAIGHT AND LEVEL,WET,NO DEFECTS,ON SCENE,NO INJURY / DRIVE AWAY,,,Y,"OVER $1,500",3/19/2022 17:35,UNABLE TO DETERMINE,NOT APPLICABLE,58,W,79TH ST,623,,,,,,,2,NO INDICATION OF INJURY,0,0,0,0,0,3,0,17,7,3,41.7510225,-87.62698029,POINT (-87.626980293637 41.751022502989)
f2b8f05aee10765bfa7b73afae2062cbb17075967261ac4c6b5da5d7e2d1720852c33760ff5a929f84e77ff30ec36b0b493a57ea73a72146dcf4732e0ae3c822,JF179658,,3/19/2022 17:50,30,NO CONTROLS,NO CONTROLS,RAIN,DAYLIGHT,TURNING,T-INTERSECTION,,STRAIGHT AND LEVEL,WET,NO DEFECTS,ON SCENE,INJURY AND / OR TOW DUE TO CRASH,,,,"OVER $1,500",3/19/2022 17:51,IMPROPER TURNING/NO SIGNAL,FAILING TO YIELD RIGHT-OF-WAY,232,W,87TH ST,622,,,,,,,2,NO INDICATION OF INJURY,0,0,0,0,0,3,0,17,7,3,41.73615497,-87.62984512,POINT (-87.629845119553 41.73615496893)
fd0cfeb6ac7637f6ab22977e5682d14e7b17c712073b3379939d9a94c336cdb15c096b1d60bbbd3aa3431a49b801c6153e22b042b1206ac954d51498660bfb53,JF179406,,3/19/2022 13:00,25,NO CONTROLS,NO CONTROLS,RAIN,DAYLIGHT,PARKED MOTOR VEHICLE,NOT DIVIDED,,STRAIGHT AND LEVEL,WET,NO DEFECTS,NOT ON SCENE (DESK REPORT),NO INJURY / DRIVE AWAY,,,,$500 OR LESS,3/19/2022 14:40,"OPERATING VEHICLE IN ERRATIC, RECKLESS, CARELESS, NEGLIGENT OR AGGRESSIVE MANNER",NOT APPLICABLE,2320,W,113TH PL,2212,,,,,,,2,NO INDICATION OF INJURY,0,0,0,0,0,1,0,13,7,3,41.6872288,-87.67964686,POINT (-87.679646858406 41.68722880203)
dccd6fa7bf5e739db2440b331beeea25cb1930b8bb91eb354fe12e066f1e74e079cc5db03a2a9033e912d0dc115555f717c18de3a99dbcd34adfb4feb6eb4de8,JF179923,,3/20/2022 0:33,30,NO CONTROLS,NO CONTROLS,CLEAR,"DARKNESS, LIGHTED ROAD",PARKED MOTOR VEHICLE,NOT DIVIDED,,STRAIGHT AND LEVEL,DRY,NO DEFECTS,ON SCENE,NO INJURY / DRIVE AWAY,,,,$500 OR LESS,3/20/2022 0:36,DRIVING SKILLS/KNOWLEDGE/EXPERIENCE,DRIVING SKILLS/KNOWLEDGE/EXPERIENCE,1221,N,STATE PKWY,1824,,,N,,,,2,NO INDICATION OF INJURY,0,0,0,0,0,1,0,0,1,3,41.90462213,-87.62855539,POINT (-87.628555393701 41.904622130889)
70600a43aac5c586f1b11043b6744889c30ad196ebf1a48e29f1de93380fc77dbcaff08ae2f3a7864a86528217c7f57645d60ecc6a6267695b093eab6460a141,,,4/8/2022 12:25,30,NO CONTROLS,NO CONTROLS,RAIN,DAYLIGHT,PEDALCYCLIST,NOT DIVIDED,,STRAIGHT AND LEVEL,WET,NO DEFECTS,ON SCENE,INJURY AND / OR TOW DUE TO CRASH,,,,"$501 - $1,500",4/8/2022 12:25,UNABLE TO DETERMINE,UNABLE TO DETERMINE,2812,N,WOLCOTT AVE,1931,,,,,,,2,INCAPACITATING INJURY,1,0,1,0,0,1,0,12,6,4,41.93273196,-87.67584927,POINT (-87.675849269447 41.932731956407)
af124caab91489e0f7dc78e39c4eebba6c311dd364c3eb740dedab106c4c2e8cbe71579a3df482eb117468e0f3491ecf9d082674675d66c8050524c313ffea9c,JF178647,,3/18/2022 6:00,30,NO CONTROLS,NO CONTROLS,UNKNOWN,UNKNOWN,PARKED MOTOR VEHICLE,NOT DIVIDED,,STRAIGHT AND LEVEL,UNKNOWN,NO DEFECTS,ON SCENE,NO INJURY / DRIVE AWAY,,,Y,"OVER $1,500",3/18/2022 17:39,UNABLE TO DETERMINE,NOT APPLICABLE,10840,S,BEVERLY AVE,2234,,,,,,,2,NO INDICATION OF INJURY,0,0,0,0,0,1,0,6,6,3,41.69653417,-87.65047503,POINT (-87.650475032381 41.6965341736)
171a109db2bd323f5a451b47a9ca8a162bea520d083d19ca9ed25edf1e20409d13f94e1ff86daa810be437f82f6f10858153bee7fdcf1471ee6bbf864eaa899a,,,4/8/2022 23:45,15,NO CONTROLS,NO CONTROLS,SNOW,"DARKNESS, LIGHTED ROAD",ANGLE,ALLEY,,STRAIGHT AND LEVEL,WET,NO DEFECTS,ON SCENE,NO INJURY / DRIVE AWAY,,,,"$501 - $1,500",4/8/2022 23:45,UNABLE TO DETERMINE,UNABLE TO DETERMINE,1015,W,ARDMORE AVE,2022,,,,,,,2,NO INDICATION OF INJURY,0,0,0,0,0,2,0,23,6,4,41.98723551,-87.65596997,POINT (-87.65596996973 41.987235510725)
660f5aff52098690fa6c68ee7e26b810901002736091ed6fcdbdb07325ed40169f6ef1d81e987b76bbe5aa2ad272e67d2e87c7748330d4ae093eeda88336615c,,,4/7/2022 16:40,30,UNKNOWN,UNKNOWN,UNKNOWN,UNKNOWN,SIDESWIPE SAME DIRECTION,DIVIDED - W/MEDIAN (NOT RAISED),,STRAIGHT AND LEVEL,UNKNOWN,UNKNOWN,NOT ON SCENE (DESK REPORT),NO INJURY / DRIVE AWAY,,,Y,"OVER $1,500",4/8/2022 8:30,UNABLE TO DETERMINE,UNABLE TO DETERMINE,936,N,ASHLAND AVE,1213,,,,,,,2,NO INDICATION OF INJURY,0,0,0,0,0,2,0,16,5,4,41.89900506,-87.66751989,POINT (-87.667519889457 41.899005057673)
41f4fba020cff3c7991fa615f0ffbf1469a1a68adc6c18aac6b5b9ec3485cc519a2f63dfe565b0f087357bcad39427741c7153d5fd7adcf90e784971e9e01603,,,4/8/2022 22:56,35,TRAFFIC SIGNAL,FUNCTIONING PROPERLY,SNOW,"DARKNESS, LIGHTED ROAD",TURNING,FOUR WAY,,STRAIGHT AND LEVEL,WET,NO DEFECTS,ON SCENE,INJURY AND / OR TOW DUE TO CRASH,Y,,Y,"OVER $1,500",4/8/2022 22:56,IMPROPER TURNING/NO SIGNAL,FAILING TO YIELD RIGHT-OF-WAY,6800,N,RIDGE BLVD,2411,,,,,,,2,"REPORTED, NOT EVIDENT",1,0,0,0,1,2,0,22,6,4,42.00523149,-87.68033813,POINT (-87.680338131596 42.005231485732)
fbd0055d81c9e7ac8bbdf874533fe5ae0e1d64ed6e7f4edc6d43885e77585a22083a46e7697ddf1eea44438dd235858686627bbf1f8e6800556da8fd013b920b,,,4/7/2022 23:19,30,NO CONTROLS,NO CONTROLS,CLEAR,"DARKNESS, LIGHTED ROAD",ANGLE,DIVIDED - W/MEDIAN (NOT RAISED),,STRAIGHT AND LEVEL,DRY,NO DEFECTS,NOT ON SCENE (DESK REPORT),NO INJURY / DRIVE AWAY,,,Y,"$501 - $1,500",4/7/2022 23:45,FAILING TO YIELD RIGHT-OF-WAY,NOT APPLICABLE,4001,W,59TH ST,813,,,,,,,2,NO INDICATION OF INJURY,0,0,0,0,0,2,0,23,5,4,41.78582569,-87.72301907,POINT (-87.723019071166 41.785825693622)
9671b1f6969f193cfbb65c65060a240bbdb9af4c1a46a71379bea309250373a6677a23343238914a250a3740545409a5ef179092f23f590aba8637e61ca8333b,,,4/8/2022 8:45,30,TRAFFIC SIGNAL,FUNCTIONING PROPERLY,CLEAR,DAYLIGHT,REAR END,NOT DIVIDED,,STRAIGHT AND LEVEL,DRY,NO DEFECTS,NOT ON SCENE (DESK REPORT),NO INJURY / DRIVE AWAY,Y,,Y,"$501 - $1,500",4/8/2022 9:00,FOLLOWING TOO CLOSELY,NOT APPLICABLE,625,W,DIVISION ST,1822,,,,,,,2,NO INDICATION OF INJURY,0,0,0,0,0,2,0,8,6,4,41.90358744,-87.64433208,POINT (-87.64433208359 41.903587439786)
142290f171261efbf427d2d1c050d8b26a796618c0957f20ce3e9bcb6bd54077331be05495de57d361403843a868cd7c6bd17172637d3710453b2a5b7f067fc5,JF179365,,3/19/2022 13:15,30,TRAFFIC SIGNAL,FUNCTIONING PROPERLY,CLEAR,DAYLIGHT,SIDESWIPE SAME DIRECTION,NOT DIVIDED,,STRAIGHT AND LEVEL,WET,NO DEFECTS,NOT ON SCENE (DESK REPORT),NO INJURY / DRIVE AWAY,,,,"$501 - $1,500",3/19/2022 13:40,UNABLE TO DETERMINE,UNABLE TO DETERMINE,400,W,NORTH AVE,1813,,,,,,,2,NO INDICATION OF INJURY,0,0,0,0,0,3,0,13,7,3,41.91122338,-87.63865603,POINT (-87.638656031792 41.911223379944)
66dd44477930ead6d9f187afd95711efafd8bb07bbc68d54e1374076a06ce7ff917b41c818762bb3f48c5174d7caadab790bad7c28476296df6af015bb677643,JF174000,,3/14/2022 19:45,10,NO CONTROLS,NO CONTROLS,CLEAR,"DARKNESS, LIGHTED ROAD",REAR TO SIDE,PARKING LOT,,STRAIGHT AND LEVEL,DRY,UNKNOWN,ON SCENE,NO INJURY / DRIVE AWAY,,,Y,$500 OR LESS,3/14/2022 19:52,NOT APPLICABLE,NOT APPLICABLE,1045,W,95TH ST,2223,,,,,,,2,NO INDICATION OF INJURY,0,0,0,0,0,2,0,19,2,3,41.72126847,-87.6498212,POINT (-87.649821199502 41.721268465879)
3f68c1f5199d55df18c142dd9094919b0a1c010b3c5093a1df21e46e2d2f22ecbd5d2c5f9332aa6dcba8d05bb676916f18d14fa743ef293142b33a0631fb2c72,JF174572,,3/15/2022 11:20,25,NO CONTROLS,NO CONTROLS,CLEAR,DAYLIGHT,PARKED MOTOR VEHICLE,NOT DIVIDED,,STRAIGHT AND LEVEL,DRY,NO DEFECTS,ON SCENE,NO INJURY / DRIVE AWAY,,,Y,"OVER $1,500",3/15/2022 11:34,UNABLE TO DETERMINE,NOT APPLICABLE,1801,W,70TH ST,735,,,,,,,2,NO INDICATION OF INJURY,0,0,0,0,0,1,0,11,3,3,41.76656684,-87.6687868,POINT (-87.66878680406 41.766566841027)
2e1d7b0e06daf9553482e2abf6f7b03e8accfa3b39edcf7b61157c241a96cf222963bd6b0451c2fb2966244f7bc0f9bac75c8bf1906493b6ea38efb15f398610,JF179524,,3/19/2022 14:51,30,TRAFFIC SIGNAL,FUNCTIONING PROPERLY,CLEAR,DAYLIGHT,TURNING,NOT REPORTED,,STRAIGHT AND LEVEL,WET,NO DEFECTS,NOT ON SCENE (DESK REPORT),NO INJURY / DRIVE AWAY,Y,,,"$501 - $1,500",3/19/2022 16:30,DISREGARDING TRAFFIC SIGNALS,UNABLE TO DETERMINE,8657,S,PULASKI RD,834,Y,,,,,,2,NO INDICATION OF INJURY,0,0,0,0,0,2,0,14,7,3,41.73489932,-87.7212934,POINT (-87.721293398349 41.734899321134)
47acf3383b3e5c2f3b28ec70a65d8c29dba84710bda07979a684a41c6d9c3552f60f02633d6125140ae5d0b45359197ecc21dbe61d2e4da0b430e17633e01be0,JF179926,,3/20/2022 0:40,30,TRAFFIC SIGNAL,FUNCTIONING PROPERLY,CLEAR,"DARKNESS, LIGHTED ROAD",SIDESWIPE SAME DIRECTION,DIVIDED - W/MEDIAN (NOT RAISED),,STRAIGHT AND LEVEL,WET,NO DEFECTS,ON SCENE,NO INJURY / DRIVE AWAY,,,Y,"OVER $1,500",3/20/2022 0:40,IMPROPER OVERTAKING/PASSING,IMPROPER LANE USAGE,2,E,CERMAK RD,131,,,,,,,3,NO INDICATION OF INJURY,0,0,0,0,0,3,0,0,1,3,41.85297598,-87.62703309,POINT (-87.62703308833 41.852975976988)
a6d0840011cc068b8b120388d45bdc14ab8af50e3f1c9cdc07f801e5d135c7d51e59689af4ad367df20bf4dae096857fb8dbda1505b205a5c577bc0b368537e1,JF179944,Y,3/20/2022 1:00,30,NO CONTROLS,NO CONTROLS,CLEAR,"DARKNESS, LIGHTED ROAD",PARKED MOTOR VEHICLE,ONE-WAY,,STRAIGHT AND LEVEL,WET,NO DEFECTS,ON SCENE,INJURY AND / OR TOW DUE TO CRASH,,,Y,"OVER $1,500",3/20/2022 1:04,UNABLE TO DETERMINE,UNABLE TO DETERMINE,5621,W,OHIO ST,1512,,,,,,,2,NO INDICATION OF INJURY,0,0,0,0,0,1,0,1,1,3,41.89097739,-87.7661983,POINT (-87.766198303057 41.890977385038)
171ea8c07c9d77c35a04ad7295caff66c46acbcbedb2f5bf26a6da9f11655326043256a2f3a2eef8745454842f3bced9382ec854b282ba3eadf18b70556d9ff3,JF178241,Y,3/11/2022 4:00,20,NO CONTROLS,NO CONTROLS,CLEAR,"DARKNESS, LIGHTED ROAD",PARKED MOTOR VEHICLE,ONE-WAY,,STRAIGHT AND LEVEL,DRY,NO DEFECTS,NOT ON SCENE (DESK REPORT),NO INJURY / DRIVE AWAY,,,Y,"OVER $1,500",3/18/2022 12:20,UNABLE TO DETERMINE,NOT APPLICABLE,167,N,LONG AVE,1523,,,,,,,2,NO INDICATION OF INJURY,0,0,0,0,0,1,0,4,6,3,41.88417327,-87.76011118,POINT (-87.76011117851 41.884173265653)
f9fb755896b39c9c94d425ba213f4585499b53d56179b71e42d57b0f697556f7b827d1b234bea681c65a8f3b8649d135880e13c250435a3072af9fa6704844cb,,,4/8/2022 13:00,15,NO CONTROLS,NO CONTROLS,RAIN,DAYLIGHT,SIDESWIPE SAME DIRECTION,ONE-WAY,,STRAIGHT AND LEVEL,WET,NO DEFECTS,NOT ON SCENE (DESK REPORT),NO INJURY / DRIVE AWAY,,,Y,"$501 - $1,500",4/8/2022 14:05,UNABLE TO DETERMINE,NOT APPLICABLE,4055,W,SCHOOL ST,1731,,,,,,,2,NO INDICATION OF INJURY,0,0,0,0,0,2,0,13,6,4,41.9407509,-87.72947825,POINT (-87.729478249195 41.940750903924)
513df7181b4b3d6e204220e5b069293ea808db906501fe1c79642615fc61aba78971bf71138486e38ce3a2baca4d58880bd3f25b11c464e117a7c33bb69f41d9,,,4/7/2022 22:35,30,TRAFFIC SIGNAL,FUNCTIONING PROPERLY,FREEZING RAIN/DRIZZLE,"DARKNESS, LIGHTED ROAD",REAR END,DIVIDED - W/MEDIAN (NOT RAISED),,STRAIGHT AND LEVEL,WET,NO DEFECTS,NOT ON SCENE (DESK REPORT),NO INJURY / DRIVE AWAY,,,Y,"OVER $1,500",4/8/2022 17:55,FOLLOWING TOO CLOSELY,UNABLE TO DETERMINE,400,W,DIVISION ST,1821,,,,,,,2,NO INDICATION OF INJURY,0,0,0,0,0,2,0,22,5,4,41.90390274,-87.63837089,POINT (-87.63837088624 41.903902742747)
bd0f5e153fdece119bbb090a9321e39b74d3108df84b4481ffa4295a6a677d78922ef8f1685fbc469f0705cbf400e4ec728ac8d1c16f71767ee8706674681404,,,4/8/2022 22:20,30,TRAFFIC SIGNAL,FUNCTIONING PROPERLY,RAIN,"DARKNESS, LIGHTED ROAD",TURNING,TRAFFIC ROUTE,,STRAIGHT AND LEVEL,WET,NO DEFECTS,ON SCENE,INJURY AND / OR TOW DUE TO CRASH,Y,,Y,"OVER $1,500",4/8/2022 22:24,FAILING TO YIELD RIGHT-OF-WAY,WEATHER,4000,W,LAKE ST,1114,,,,,,,2,INCAPACITATING INJURY,1,0,1,0,0,4,0,22,6,4,41.88558032,-87.72592192,POINT (-87.725921923893 41.885580318349)
3768d972c90ed724c7e48d71aa5c1e4a3d6b7d8ed00f916b75a2a574763128afbbf29c8a2907373966e247d26dcdeed30122e0c00c2143a515d87a75e58abb3c,,,4/8/2022 12:49,30,STOP SIGN/FLASHER,FUNCTIONING PROPERLY,RAIN,DAYLIGHT,TURNING,NOT DIVIDED,,STRAIGHT AND LEVEL,WET,NO DEFECTS,NOT ON SCENE (DESK REPORT),NO INJURY / DRIVE AWAY,,,,"OVER $1,500",4/8/2022 15:37,IMPROPER TURNING/NO SIGNAL,IMPROPER LANE USAGE,3801,W,HAYFORD ST,833,,,,,,,2,NO INDICATION OF INJURY,0,0,0,0,0,2,0,12,6,4,41.75560984,-87.71851106,POINT (-87.718511057149 41.755609837407)
c58ba83f33bdcc2cc8b8603abb6b03b4d835111407cd0a28c518f7e759fa0e07a7b7f375a4ccf43be6af0fe007f44e6e2d2f013dc5bed50a24f21ede7f4e3d58,,,4/8/2022 13:45,30,NO CONTROLS,NO CONTROLS,CLEAR,DAYLIGHT,SIDESWIPE SAME DIRECTION,DIVIDED - W/MEDIAN BARRIER,,STRAIGHT AND LEVEL,WET,NO DEFECTS,ON SCENE,NO INJURY / DRIVE AWAY,,,,"OVER $1,500",4/8/2022 13:45,IMPROPER TURNING/NO SIGNAL,NOT APPLICABLE,2009,W,GARFIELD BLVD,715,,,,,,,2,NO INDICATION OF INJURY,0,0,0,0,0,3,0,13,6,4,41.79344623,-87.67470801,POINT (-87.674708012302 41.793446233198)
5c2ac8dec0c91d13ca555cbf5f450a1e620d3e29c2fbfb362d730c1458e5996631a234ebb9de053928a7246bfa7ed746814e3b133039420b4f1081df6b7f76c9,JF201302,,3/23/2022 16:30,30,TRAFFIC SIGNAL,FUNCTIONING PROPERLY,UNKNOWN,DAYLIGHT,REAR END,NOT DIVIDED,,STRAIGHT AND LEVEL,UNKNOWN,NO DEFECTS,NOT ON SCENE (DESK REPORT),NO INJURY / DRIVE AWAY,,,,"OVER $1,500",4/8/2022 10:44,DRIVING SKILLS/KNOWLEDGE/EXPERIENCE,NOT APPLICABLE,900,N,MICHIGAN AVE,1833,,,,,,,2,NO INDICATION OF INJURY,0,0,0,0,0,2,0,16,4,3,41.8992486,-87.62427498,POINT (-87.624274978205 41.899248597036)
e7f24126a88b7313f16001c064e8016a3238e3fa4ae8c2a7b085e0673387e6f95305bb120d7e6ea730db09afffa749766973172534fc62ca889b48acbec8cec7,,,4/8/2022 14:57,30,TRAFFIC SIGNAL,FUNCTIONING PROPERLY,RAIN,DAYLIGHT,SIDESWIPE SAME DIRECTION,DIVIDED - W/MEDIAN BARRIER,,STRAIGHT AND LEVEL,WET,UNKNOWN,ON SCENE,NO INJURY / DRIVE AWAY,,,,"$501 - $1,500",4/8/2022 15:24,UNABLE TO DETERMINE,UNABLE TO DETERMINE,151,N,MICHIGAN AVE,114,,,,,,,2,NO INDICATION OF INJURY,0,0,0,0,0,5,0,14,6,4,41.88454011,-87.62430852,POINT (-87.62430852246 41.884540110592)
5290c01357f5bbe164cb2390a9b82aabf816b856c0ff03ae64f89a6962221cafd940382b9de03d708f49e5b8c571de16f3679d24fed5076392ea6813f02b33bc,JF179229,,3/18/2022 16:30,30,UNKNOWN,UNKNOWN,UNKNOWN,UNKNOWN,PARKED MOTOR VEHICLE,NOT DIVIDED,,STRAIGHT AND LEVEL,UNKNOWN,UNKNOWN,NOT ON SCENE (DESK REPORT),NO INJURY / DRIVE AWAY,,,,"OVER $1,500",3/19/2022 11:15,UNABLE TO DETERMINE,UNABLE TO DETERMINE,1734,N,PAULINA ST,1433,,,,,,,2,NO INDICATION OF INJURY,0,0,0,0,0,1,0,16,6,3,41.91342142,-87.67035633,POINT (-87.670356332335 41.913421415023)
b70dfd959806f08eef6486c70f43a6001c3738210ef35534a38799469e57bb9f1824eb1b8c2bea4b2eb8d3fcdb0b212dc5b5050cf366422abbb66f0420913e64,JF174618,,3/15/2022 11:30,30,TRAFFIC SIGNAL,FUNCTIONING PROPERLY,CLEAR,DAYLIGHT,REAR END,FOUR WAY,,STRAIGHT AND LEVEL,DRY,WORN SURFACE,ON SCENE,INJURY AND / OR TOW DUE TO CRASH,Y,,,"OVER $1,500",3/15/2022 11:35,UNABLE TO DETERMINE,UNABLE TO DETERMINE,3716,S,WESTERN AVE,911,,,,,,,2,"REPORTED, NOT EVIDENT",2,0,0,0,2,2,0,11,3,3,41.82596129,-87.68505021,POINT (-87.685050206983 41.825961294422)
260109c75c0d80f9f194620626149ee944232d1a06753d908c0f3cef0c34f021d18fbf405b81998a6c0337ec00fab26d86f3e2c38095119a069916a541f88a8b,JF179541,,3/19/2022 16:25,30,NO CONTROLS,NO CONTROLS,FREEZING RAIN/DRIZZLE,DAYLIGHT,PARKED MOTOR VEHICLE,NOT DIVIDED,,STRAIGHT AND LEVEL,WET,NO DEFECTS,ON SCENE,NO INJURY / DRIVE AWAY,,,,"OVER $1,500",3/19/2022 16:33,UNABLE TO DETERMINE,UNABLE TO DETERMINE,326,N,CENTRAL AVE,1512,,,,,,,2,NO INDICATION OF INJURY,0,0,0,0,0,3,0,16,7,3,41.8865545,-87.7652343,POINT (-87.765234302914 41.886554498524)
99fb13dea186890e7a7528db5827a940ffafb7e17f1c62de8525b775d40a584b23f9690647d31f16b39a1e4b8a88fa5fdd1700184cd0bf237d2b3d8bdfd02a39,JF179405,,3/19/2022 13:15,30,TRAFFIC SIGNAL,NO CONTROLS,CLEAR,DAYLIGHT,ANGLE,FOUR WAY,,STRAIGHT AND LEVEL,DRY,NO DEFECTS,NOT ON SCENE (DESK REPORT),INJURY AND / OR TOW DUE TO CRASH,Y,,Y,"OVER $1,500",3/19/2022 14:36,DISREGARDING TRAFFIC SIGNALS,NOT APPLICABLE,7600,S,COTTAGE GROVE AVE,624,,,,,,,2,NO INDICATION OF INJURY,0,0,0,0,0,3,0,13,7,3,41.75666358,-87.60548737,POINT (-87.605487366182 41.756663577514)
9aaac61095a3737b2c9f0282b29c8d64e811d36a9c51681dc082023dc45ac8061dfa409f4362ad6fd5c6fb6458b56d18f44830481427c547605ce4b31fbe4819,JF179571,,3/19/2022 16:50,30,TRAFFIC SIGNAL,FUNCTIONING PROPERLY,RAIN,DAYLIGHT,REAR END,NOT DIVIDED,,STRAIGHT AND LEVEL,WET,UNKNOWN,ON SCENE,NO INJURY / DRIVE AWAY,,,,"OVER $1,500",3/19/2022 16:53,FOLLOWING TOO CLOSELY,NOT APPLICABLE,4846,S,PULASKI RD,815,,,,,,,2,NO INDICATION OF INJURY,0,0,0,0,0,3,0,16,7,3,41.80463806,-87.72363618,POINT (-87.723636182553 41.804638057874)
c48b1d7bab2a5969adc744077e5a0060640d1dcb4963862e5c0efeafbf85a392a6ce779ca78559f42c48055a2e2c91a1b6534c5f2668b88afc214a1188cd5fd0,,,4/9/2022 1:06,30,TRAFFIC SIGNAL,FUNCTIONING PROPERLY,RAIN,"DARKNESS, LIGHTED ROAD",REAR END,DIVIDED - W/MEDIAN (NOT RAISED),,STRAIGHT AND LEVEL,WET,NO DEFECTS,ON SCENE,INJURY AND / OR TOW DUE TO CRASH,,,,"OVER $1,500",4/9/2022 1:08,UNDER THE INFLUENCE OF ALCOHOL/DRUGS (USE WHEN ARREST IS EFFECTED),FOLLOWING TOO CLOSELY,2780,N,MILWAUKEE AVE,1412,,,,,,,2,NONINCAPACITATING INJURY,1,0,0,1,0,2,0,1,7,4,41.93163697,-87.71184932,POINT (-87.711849320636 41.93163696909)
b6afd7dd1360e063019f996d1305735a9b8aa85343d7ca4ff2332303ea3fe534312381d31e735c4b36c64643a32f83c41b73b4e7898cb0f3a5898d8503446724,,,4/8/2022 15:35,10,NO CONTROLS,NO CONTROLS,CLEAR,DAYLIGHT,ANGLE,PARKING LOT,,STRAIGHT AND LEVEL,DRY,NO DEFECTS,ON SCENE,INJURY AND / OR TOW DUE TO CRASH,,,,"OVER $1,500",4/8/2022 15:41,FAILING TO YIELD RIGHT-OF-WAY,NOT APPLICABLE,12900,S,TORRENCE AVE,433,,,,,,,2,NONINCAPACITATING INJURY,1,0,0,1,0,1,0,15,6,4,41.66096618,-87.55912969,POINT (-87.559129691968 41.660966175762)
dfadb3210079d7dfccb0c6990a172a29eaa0584efbe3ea59d7a1db898eefa016e3446f5b1016802a564296156189980f0b2d5a3fba3329e12f194bf816dcf752,,,4/6/2022 18:20,30,NO CONTROLS,NO CONTROLS,CLEAR,"DARKNESS, LIGHTED ROAD",PEDALCYCLIST,ONE-WAY,,STRAIGHT AND LEVEL,DRY,UNKNOWN,NOT ON SCENE (DESK REPORT),INJURY AND / OR TOW DUE TO CRASH,,,,$500 OR LESS,4/8/2022 10:59,NOT APPLICABLE,NOT APPLICABLE,838,W,KINZIE ST,1214,,,Y,,,,2,INCAPACITATING INJURY,1,0,1,0,0,1,0,18,4,4,41.88913511,-87.64905166,POINT (-87.649051662977 41.889135109268)