CRASH_RECORD_ID,RD_NO,CRASH_DATE_EST_I,CRASH_DATE,POSTED_SPEED_LIMIT,TRAFFIC_CONTROL_DEVICE,DEVICE_CONDITION,WEATHER_CONDITION,LIGHTING_CONDITION,FIRST_CRASH_TYPE,TRAFFICWAY_TYPE,LANE_CNT,ALIGNMENT,ROADWAY_SURFACE_COND,ROAD_DEFECT,REPORT_TYPE,CRASH_TYPE,INTERSECTION_RELATED_I,NOT_RIGHT_OF_WAY_I,HIT_AND_RUN_I,DAMAGE,DATE_POLICE_NOTIFIED,PRIM_CONTRIBUTORY_CAUSE,SEC_CONTRIBUTORY_CAUSE,STREET_NO,STREET_DIRECTION,STREET_NAME,BEAT_OF_OCCURRENCE,PHOTOS_TAKEN_I,STATEMENTS_TAKEN_I,DOORING_I,WORK_ZONE_I,WORK_ZONE_TYPE,WORKERS_PRESENT_I,NUM_UNITS,MOST_SEVERE_INJURY,INJURIES_TOTAL,INJURIES_FATAL,INJURIES_INCAPACITATING,INJURIES_NON_INCAPACITATING,INJURIES_REPORTED_NOT_EVIDENT,INJURIES_NO_INDICATION,INJURIES_UNKNOWN,CRASH_HOUR,CRASH_DAY_OF_WEEK,CRASH_MONTH,LATITUDE,LONGITUDE,LOCATION
ba73aebe9c08c0fa046eab92c2d1b99da803b4a80363a4ae063ff74368bc45696cc9dfeaa1fc03148751d607c80de99834b3b4fae7399bff2bfee725d40fd66f,,,4/8/2022 9:00,35,UNKNOWN,UNKNOWN,RAIN,DAYLIGHT,REAR END,NOT DIVIDED,,STRAIGHT AND LEVEL,WET,NO DEFECTS,NOT ON SCENE (DESK REPORT),NO INJURY / DRIVE AWAY,,,,"$501 - $1,500",4/8/2022 15:20,UNABLE TO DETERMINE,NOT APPLICABLE,1555,N,DEARBORN PKWY,1824,,,,,,,2,NO INDICATION OF INJURY,0,0,0,0,0,2,0,9,6,4,41.91106097,-87.63005551,POINT (-87.630055506762 41.911060967872)
6cd9f5bf275d62ca2c8d4f4de23b3be750053237b2ef67e565309f9e70ef68c0fa09368ee5486402a30a89f72565d45a679c04eeca11f055f22015ef5d6fa056,JF179585,,2/17/2022 16:00,30,STOP SIGN/FLASHER,WORN REFLECTIVE MATERIAL,CLEAR,DAYLIGHT,REAR END,DIVIDED - W/MEDIAN (NOT RAISED),,STRAIGHT AND LEVEL,DRY,NO DEFECTS,NOT ON SCENE (DESK REPORT),NO INJURY / DRIVE AWAY,,,,"OVER $1,500",3/19/2022 17:00,FOLLOWING TOO CLOSELY,UNABLE TO DETERMINE,10658,S,LONGWOOD DR,2212,,,,,,,2,NO INDICATION OF INJURY,0,0,0,0,0,2,0,16,5,2,41.69933161,-87.67130984,POINT (-87.67130984043 41.699331607361)
8ce574047dfe257e7c1789258ac7348de4f60b6b44d497b0198749a719c7aa733d58ef1da2dffb85de708791d69bd00bfdd406f773dd7ae9bee64b4111f9e118,,,4/8/2022 14:46,30,TRAFFIC SIGNAL,FUNCTIONING PROPERLY,RAIN,DAYLIGHT,REAR END,FOUR WAY,,STRAIGHT AND LEVEL,WET,NO DEFECTS,ON SCENE,NO INJURY / DRIVE AWAY,,,,"OVER $1,500",4/8/2022 14:47,FOLLOWING TOO CLOSELY,WEATHER,5201,W,MADISON ST,1522,,,,,,,2,NO INDICATION OF INJURY,0,0,0,0,0,2,0,14,6,4,41.88026125,-87.75512498,POINT (-87.755124979873 41.880261254492)
a1aa4ac6dbeec0b36a2f48659c515c8e0e996ad535d96f66b159f0eb02fce72aa24f1f92d92c04dd810966da32ba23744baf2dcfeece3403b4edae48fc4b5fd2,,,4/8/2022 10:04,30,NO CONTROLS,NO CONTROLS,RAIN,DAYLIGHT,ANGLE,UNKNOWN INTERSECTION TYPE,,STRAIGHT AND LEVEL,WET,NO DEFECTS,ON SCENE,NO INJURY / DRIVE AWAY,Y,,,"OVER $1,500",4/8/2022 10:06,UNABLE TO DETERMINE,UNABLE TO DETERMINE,2400,N,MANGO AVE,2515,,,,,,,2,NO INDICATION OF INJURY,0,0,0,0,0,2,0,10,6,4,41.92401269,-87.76978808,POINT (-87.769788083883 41.924012691849)
724483dcd782114697d906f1870c3a8a8d7ae7b9312b9106bedf9d5925f99140ceff219ade9c88949beb567cadb3033e904492afce48379e567d2f7eaa2d7aa8,JF179775,,3/19/2022 20:50,30,NO CONTROLS,NO CONTROLS,CLEAR,"DARKNESS, LIGHTED ROAD",REAR END,NOT DIVIDED,,STRAIGHT AND LEVEL,WET,NO DEFECTS,ON SCENE,NO INJURY / DRIVE AWAY,Y,,,"$501 - $1,500",3/19/2022 20:55,FOLLOWING TOO CLOSELY,WEATHER,732,W,79TH ST,621,,,,,,,2,NO INDICATION OF INJURY,0,0,0,0,0,2,0,20,7,3,41.75076935,-87.64288577,POINT (-87.642885764788 41.75076934558)
841b7bb1a66f29e6caf6165ace6f0192d1d521869331acad6b970b5a6dd7a26e2d1d1cc05186e66c30b9bbdfe05319eae8c604163e70f110a2fd2fe06a0df0de,JF179552,,3/19/2022 16:18,30,NO CONTROLS,NO CONTROLS,RAIN,DAYLIGHT,PEDALCYCLIST,DIVIDED - W/MEDIAN (NOT RAISED),,STRAIGHT AND LEVEL,WET,NO DEFECTS,ON SCENE,INJURY AND / OR TOW DUE TO CRASH,,,,"OVER $1,500",3/19/2022 16:30,WEATHER,"VISION OBSCURED (SIGNS, TREE LIMBS, BUILDINGS, ETC.)",2548,W,AUGUSTA BLVD,1211,,,Y,,,,2,NONINCAPACITATING INJURY,1,0,0,1,0,1,0,16,7,3,41.89944458,-87.69135884,POINT (-87.691358842845 41.899444575738)
acd376deefdfe6c3ef6eae69f0d73077a498eb43a5b3af8c1d709de6ca4a3a193ffde166e282309ea60803457e2eb4594cfc1d605b14a183c42d5a1a31c82263,JF179734,,3/19/2022 18:00,30,TRAFFIC SIGNAL,FUNCTIONING PROPERLY,RAIN,DAYLIGHT,REAR END,NOT DIVIDED,,STRAIGHT AND LEVEL,WET,UNKNOWN,NOT ON SCENE (DESK REPORT),NO INJURY / DRIVE AWAY,N,,,"OVER $1,500",3/19/2022 20:00,FOLLOWING TOO CLOSELY,NOT APPLICABLE,7722,S,STONY ISLAND AVE,411,,,,,,,2,NO INDICATION OF INJURY,0,0,0,0,0,2,0,18,7,3,41.75447011,-87.58625448,POINT (-87.586254483476 41.754470111953)
e8a8a5adea7ee401e86fbd9ff183cd7e6e39737ed9745a760de7e6961a616114792abe2ee0a4170dff12b79baf73a98b508d36d6d4bd0ca2a60588cb2cc15410,JF179157,,3/19/2022 9:55,30,NO CONTROLS,NO CONTROLS,RAIN,DAYLIGHT,SIDESWIPE SAME DIRECTION,DIVIDED - W/MEDIAN (NOT RAISED),,STRAIGHT AND LEVEL,WET,NO DEFECTS,ON SCENE,NO INJURY / DRIVE AWAY,,,,"OVER $1,500",3/19/2022 9:57,IMPROPER TURNING/NO SIGNAL,UNABLE TO DETERMINE,5635,W,BELMONT AVE,2514,,,,,,,2,NO INDICATION OF INJURY,0,0,0,0,0,2,0,9,7,3,41.93844782,-87.76792705,POINT (-87.767927048618 41.938447821635)
ebc66d5cc161d3850219fffe9482e81ab93b565243d5935f9b9a7cedd4a1e899cef6b19c533e8e99895c497df7ab178e7472c6b6c8dda7bf3579e195c366c979,JF179440,,3/19/2022 14:19,30,TRAFFIC SIGNAL,FUNCTIONING PROPERLY,UNKNOWN,DAYLIGHT,ANGLE,NOT DIVIDED,,STRAIGHT AND LEVEL,WET,NO DEFECTS,ON SCENE,NO INJURY / DRIVE AWAY,,,Y,"OVER $1,500",3/19/2022 14:25,IMPROPER TURNING/NO SIGNAL,UNABLE TO DETERMINE,2413,W,CERMAK RD,1034,,,,,,,2,NO INDICATION OF INJURY,0,0,0,0,0,2,0,14,7,3,41.85191917,-87.68623229,POINT (-87.686232289436 41.851919168291)
803bfa1e1c225f6ce8be74a81a1d0f521f86c28c2f5c46141db3360e77889cea8dba2c47067f2f29f6676024b427d1476c7b4a75e430bd5828f5220413c7113e,JF179936,Y,3/20/2022 0:45,20,NO CONTROLS,NO CONTROLS,RAIN,"DARKNESS, LIGHTED ROAD",PARKED MOTOR VEHICLE,ONE-WAY,,STRAIGHT AND LEVEL,WET,UNKNOWN,ON SCENE,NO INJURY / DRIVE AWAY,,,Y,"OVER $1,500",3/20/2022 0:50,UNABLE TO DETERMINE,UNABLE TO DETERMINE,4129,W,NELSON ST,2523,,,,,,,3,NO INDICATION OF INJURY,0,0,0,0,0,1,0,0,1,3,41.93619739,-87.73076374,POINT (-87.730763741909 41.936197394016)
dfe363aa4e8ffe4561ff1e95408c6f64f8553fb56207b74d56226c6e1c2003f6be2cb798eac92a8cf1a692937e22bfd1690103edcc4f7c4df6daf1d2fbc7281c,,,4/8/2022 15:25,30,TRAFFIC SIGNAL,FUNCTIONING PROPERLY,RAIN,DAYLIGHT,REAR END,NOT DIVIDED,,STRAIGHT AND LEVEL,WET,NO DEFECTS,NOT ON SCENE (DESK REPORT),INJURY AND / OR TOW DUE TO CRASH,Y,,,"OVER $1,500",4/8/2022 16:05,FOLLOWING TOO CLOSELY,WEATHER,5526,W,ROOSEVELT RD,1522,,,,,,,2,NONINCAPACITATING INJURY,1,0,0,1,0,1,0,15,6,4,41.86573667,-87.76286242,POINT (-87.762862420084 41.865736669527)
91f342857719463330d83dc0d28478e008a7bc744140d81f7a9c71ac1a38ecd78122b3a7f6b001435449df10e10f14c3e3452768087e3042f7a5e5cf662fa3a0,,,4/7/2022 12:30,30,NO CONTROLS,NO CONTROLS,CLEAR,DAYLIGHT,FIXED OBJECT,DIVIDED - W/MEDIAN BARRIER,,STRAIGHT AND LEVEL,DRY,NO DEFECTS,NOT ON SCENE (DESK REPORT),NO INJURY / DRIVE AWAY,,,,"$501 - $1,500",4/8/2022 10:50,ROAD CONSTRUCTION/MAINTENANCE,FAILING TO REDUCE SPEED TO AVOID CRASH,4400,N,LAKE SHORE DR NB,1914,,,,,,,1,NO INDICATION OF INJURY,0,0,0,0,0,1,0,12,5,4,41.96202716,-87.64663966,POINT (-87.64663966128 41.962027155537)
1e5be85be137034ecbb3e9c97251036a12b30ff6723cdfc8a7b43791ebd1c261490419f8da3372752d083857d88732b0ba75309f0dfde7fdadabab1b6fc1137a,,,4/8/2022 9:00,30,NO CONTROLS,NO CONTROLS,RAIN,DAYLIGHT,PARKED MOTOR VEHICLE,ONE-WAY,,STRAIGHT AND LEVEL,WET,NO DEFECTS,NOT ON SCENE (DESK REPORT),NO INJURY / DRIVE AWAY,,,Y,"OVER $1,500",4/8/2022 10:00,IMPROPER BACKING,NOT APPLICABLE,259,E,ERIE ST,1834,,,,,,,2,NO INDICATION OF INJURY,0,0,0,0,0,1,0,9,6,4,41.89408538,-87.62040431,POINT (-87.620404310022 41.894085380663)
13d9b785585110ab4d18f4ef34bfaa36aef61926ba2ca7a3103b2d0f0ff5141367014682d3acd35e6edfeb116043d6aa671ad0172b5c94e4fd49b2db72161707,,,4/8/2022 21:21,30,YIELD,FUNCTIONING PROPERLY,FREEZING RAIN/DRIZZLE,"DARKNESS, LIGHTED ROAD",TURNING,T-INTERSECTION,,STRAIGHT AND LEVEL,WET,NO DEFECTS,ON SCENE,INJURY AND / OR TOW DUE TO CRASH,Y,,,"OVER $1,500",4/8/2022 21:32,FAILING TO YIELD RIGHT-OF-WAY,IMPROPER OVERTAKING/PASSING,10900,S,DOTY AVE W,513,,,,,,,2,NO INDICATION OF INJURY,0,0,0,0,0,3,0,21,6,4,41.69631368,-87.59663224,POINT (-87.596632243933 41.696313683973)
e50fadd6b91b52c890689a1df71bf5317714b7a36edd9cb98fc2698d495f108bff764fb98f2b4b04b21d3e473001a7524a41a227db57ce362b73d5bdb1643914,,,4/7/2022 9:14,45,NO CONTROLS,NO CONTROLS,CLOUDY/OVERCAST,DAYLIGHT,OTHER OBJECT,DIVIDED - W/MEDIAN BARRIER,,STRAIGHT ON GRADE,DRY,NO DEFECTS,ON SCENE,INJURY AND / OR TOW DUE TO CRASH,,,,"OVER $1,500",4/7/2022 9:19,"EVASIVE ACTION DUE TO ANIMAL, OBJECT, NONMOTORIST",NOT APPLICABLE,9500,S,CHICAGO SKYWAY IB,431,,,,,,,1,NO INDICATION OF INJURY,0,0,0,0,0,1,0,9,5,4,41.72268066,-87.54904528,POINT (-87.549045281644 41.722680663547)
ffd4564ac3754a6e2cd0235d46955a1981a969b4e5c8cc166268325a38c14504d26f9c388a3ead6a81dc33d73d55680dcc1de89a229aed7c18fe54752bda1d1e,,Y,4/7/2022 8:30,35,STOP SIGN/FLASHER,OTHER,UNKNOWN,UNKNOWN,PARKED MOTOR VEHICLE,DIVIDED - W/MEDIAN BARRIER,,STRAIGHT AND LEVEL,UNKNOWN,UNKNOWN,NOT ON SCENE (DESK REPORT),NO INJURY / DRIVE AWAY,,,Y,"OVER $1,500",4/8/2022 9:39,UNABLE TO DETERMINE,NOT APPLICABLE,1251,N,LA SALLE DR,1821,,,,,,,2,NO INDICATION OF INJURY,0,0,0,0,0,1,0,8,5,4,41.9053378,-87.63282446,POINT (-87.632824462864 41.905337802614)
b0a27fc0ced2d881d4c40b0c8203727d6f48b084b9feec367dc552c6438ebd86af3bb58daf21fb15edc5cf20b06b716a9dc01f49844ab350625929ccf3eb2e49,,,4/8/2022 16:15,35,TRAFFIC SIGNAL,FUNCTIONING PROPERLY,RAIN,DAYLIGHT,REAR END,NOT DIVIDED,,STRAIGHT AND LEVEL,WET,NO DEFECTS,NOT ON SCENE (DESK REPORT),NO INJURY / DRIVE AWAY,,,Y,"OVER $1,500",4/8/2022 17:15,FOLLOWING TOO CLOSELY,NOT APPLICABLE,545,S,WESTERN AVE,1225,,,,,,,2,NO INDICATION OF INJURY,0,0,0,0,0,2,0,16,6,4,41.87394699,-87.68608838,POINT (-87.686088377789 41.873946986842)
4ee4aae741d941fa8c87ec177f83176c88edf23238a32d7479de954400f99ef5db7e23ecadde6b9e0b0bc266fc4d2310efe535d282012448fe259e746d5cd919,JF177463,,3/17/2022 17:07,30,NO CONTROLS,NO CONTROLS,CLEAR,DAYLIGHT,SIDESWIPE SAME DIRECTION,NOT DIVIDED,,STRAIGHT AND LEVEL,DRY,NO DEFECTS,NOT ON SCENE (DESK REPORT),NO INJURY / DRIVE AWAY,,,,"$501 - $1,500",3/17/2022 18:13,NOT APPLICABLE,NOT APPLICABLE,6080,S,ARCHER AVE,811,,,,,,,2,NO INDICATION OF INJURY,0,0,0,0,0,2,0,17,5,3,41.7947279,-87.76954519,POINT (-87.769545189241 41.794727903297)
19861a76bbcc3d19df7948617ef526cc18bc52bb6ba51ac8b56da38406e419829bf68133937abb8c83a7d74e937e141a3cb0f30e682714a3870f26ad602e4a51,,,4/8/2022 7:55,25,STOP SIGN/FLASHER,OTHER,RAIN,DAYLIGHT,ANGLE,FOUR WAY,,STRAIGHT AND LEVEL,WET,UNKNOWN,,NO INJURY / DRIVE AWAY,Y,,,"OVER $1,500",4/8/2022 8:10,UNABLE TO DETERMINE,UNABLE TO DETERMINE,7200,N,PAULINA ST,2423,,,,,,,2,NO INDICATION OF INJURY,0,0,0,0,0,3,0,7,6,4,42.0127281,-87.67251596,POINT (-87.67251595812 42.01272810412)
a10ce3898f690387d8193a5cc7f4cc72a087b71e4a1ffb99058f24e9ca4b90bfa2840731f99b29a64cb9011026b34d6272cd630573b5c4aa3c8bba5fdca665f2,JF178741,,3/18/2022 19:53,40,NO CONTROLS,NO CONTROLS,RAIN,"DARKNESS, LIGHTED ROAD",REAR END,DIVIDED - W/MEDIAN BARRIER,,STRAIGHT AND LEVEL,WET,NO DEFECTS,ON SCENE,NO INJURY / DRIVE AWAY,,,Y,"OVER $1,500",3/18/2022 20:15,WEATHER,UNABLE TO DETERMINE,2400,N,LAKE SHORE DR NB,1935,,,,,,,3,NO INDICATION OF INJURY,0,0,0,0,0,3,0,19,6,3,41.92616072,-87.63151467,POINT (-87.631514664826 41.926160719812)
41ab83498bb5a8d9fc365854c5dfda30b05ddd545712733d96c518be95ab9bc4d642a1afad15b41de004e5c376c02ba84e442812c72da20530eb349bcb256f45,JF179235,,3/19/2022 11:20,30,NO CONTROLS,NO CONTROLS,RAIN,DAYLIGHT,TURNING,NOT DIVIDED,,STRAIGHT AND LEVEL,WET,NO DEFECTS,ON SCENE,INJURY AND / OR TOW DUE TO CRASH,,,,"OVER $1,500",3/19/2022 11:22,FAILING TO YIELD RIGHT-OF-WAY,UNABLE TO DETERMINE,5829,W,63RD ST,812,,,,,,,2,NO INDICATION OF INJURY,0,0,0,0,0,2,0,11,7,3,41.77782601,-87.76776081,POINT (-87.767760808231 41.777826010825)
682285686d0b718e5faa207f7f8aef86de4d109118e431200f86f7e9d1c952a8fe4824a6929011f36053d7201e3d4fc91d102777a66d95167f81f49aa3bf7457,JF179750,,3/19/2022 19:40,30,NO CONTROLS,NO CONTROLS,CLEAR,"DARKNESS, LIGHTED ROAD",TURNING,NOT DIVIDED,,STRAIGHT AND LEVEL,DRY,NO DEFECTS,ON SCENE,NO INJURY / DRIVE AWAY,,,,"OVER $1,500",3/19/2022 19:43,FAILING TO REDUCE SPEED TO AVOID CRASH,UNABLE TO DETERMINE,4944,S,ARCHER AVE,821,,,,,,,2,NO INDICATION OF INJURY,0,0,0,0,0,6,0,19,7,3,41.80346698,-87.72178643,POINT (-87.721786429648 41.8034669806)
8392f40176e3f0701d34fcde081f7bc311099d42fbf394e23860ac5286c615dc2c2035db40a1a4139b73069554e009a56229b1c3c54886023b14bc4709b598f6,JF179611,,3/19/2022 16:50,30,NO CONTROLS,NO CONTROLS,RAIN,DAYLIGHT,SIDESWIPE SAME DIRECTION,DIVIDED - W/MEDIAN (NOT RAISED),,STRAIGHT AND LEVEL,WET,NO DEFECTS,NOT ON SCENE (DESK REPORT),NO INJURY / DRIVE AWAY,,,,"OVER $1,500",3/19/2022 17:49,FAILING TO YIELD RIGHT-OF-WAY,NOT APPLICABLE,1611,N,CLYBOURN AVE,1813,,,,,,,2,NO INDICATION OF INJURY,0,0,0,0,0,2,0,16,7,3,41.91123395,-87.64975372,POINT (-87.649753714718 41.911233948093)
a6fab2f5b1ee32a4f0938aac1618de504b31ef7a633405188a91dbbeac42c8c5aaea8821757a9dc2489016787828891fcd2f13e540d652a5c919043b2f6d54d8,,,4/8/2022 13:45,30,TRAFFIC SIGNAL,FUNCTIONING PROPERLY,CLEAR,DAYLIGHT,SIDESWIPE SAME DIRECTION,ONE-WAY,,STRAIGHT AND LEVEL,DRY,NO DEFECTS,NOT ON SCENE (DESK REPORT),NO INJURY / DRIVE AWAY,Y,,,"OVER $1,500",4/8/2022 15:45,IMPROPER OVERTAKING/PASSING,NOT APPLICABLE,340,W,ONTARIO ST,1831,,,,,,,2,NO INDICATION OF INJURY,0,0,0,0,0,3,0,13,6,4,41.89325533,-87.63715992,POINT (-87.637159915596 41.893255328806)
84ab2186ac5afb51e198cd79b46c0f0a0e34e9732ef34f29f980fa8670c2014e5a12e40077bb497e75e34ead96411f1f3e4e9c4b04717e82a17c16203afe7e07,,,4/8/2022 9:19,30,STOP SIGN/FLASHER,FUNCTIONING PROPERLY,CLEAR,DAYLIGHT,SIDESWIPE SAME DIRECTION,NOT DIVIDED,,STRAIGHT AND LEVEL,DRY,UNKNOWN,ON SCENE,INJURY AND / OR TOW DUE TO CRASH,,,Y,"$501 - $1,500",4/8/2022 9:23,NOT APPLICABLE,NOT APPLICABLE,887,E,87TH ST,632,,,,,,,2,NO INDICATION OF INJURY,0,0,0,0,0,2,0,9,6,4,41.73658652,-87.60132277,POINT (-87.601322767851 41.736586519138)
b4f47c6ac0ecefe8b26b953019a7821a4be9c4745a9fbed1a00370879bc9a39e30d197248e9977eb8c089d1141287682b09bd0a055ee842e1581c97bab78f705,JF177458,,3/17/2022 17:00,35,UNKNOWN,UNKNOWN,CLEAR,DAYLIGHT,REAR END,NOT DIVIDED,,STRAIGHT AND LEVEL,DRY,UNKNOWN,NOT ON SCENE (DESK REPORT),NO INJURY / DRIVE AWAY,,,,$500 OR LESS,3/17/2022 18:00,UNABLE TO DETERMINE,NOT APPLICABLE,142,E,ONTARIO ST,1834,,,,,,,2,NO INDICATION OF INJURY,0,0,0,0,0,2,0,17,5,3,41.89345042,-87.62385391,POINT (-87.623853909642 41.893450416324)
2aeb33434d23d69bda87db14801fffede79f215b736f097c0ce18597d9cb0c4aeb7360f30174e1d258b3a866cdfa98b14a6c3523725583b127be45874d6017de,JF179901,,3/19/2022 23:52,30,NO CONTROLS,NO CONTROLS,CLEAR,"DARKNESS, LIGHTED ROAD",REAR END,DIVIDED - W/MEDIAN (NOT RAISED),,STRAIGHT AND LEVEL,WET,UNKNOWN,ON SCENE,INJURY AND / OR TOW DUE TO CRASH,,,,"OVER $1,500",3/19/2022 23:56,UNABLE TO DETERMINE,NOT APPLICABLE,4600,W,MADISON ST,1113,,,,,,,2,NO INDICATION OF INJURY,0,0,0,0,0,2,0,23,7,3,41.88066007,-87.74072813,POINT (-87.740728133013 41.880660066981)
85bd7dfdc3adc8268505b4590965a8b49bc08d63b8692f46d268c50ac57bea38f180378e2945c97bb801f09bb4e0e6d2e228edc6315c722c563d5990070666b4,JF179987,,3/20/2022 2:40,30,NO CONTROLS,NO CONTROLS,CLEAR,"DARKNESS, LIGHTED ROAD",PARKED MOTOR VEHICLE,NOT DIVIDED,,STRAIGHT AND LEVEL,DRY,UNKNOWN,ON SCENE,INJURY AND / OR TOW DUE TO CRASH,,,Y,"OVER $1,500",3/20/2022 2:40,IMPROPER LANE USAGE,UNABLE TO DETERMINE,3107,N,NARRAGANSETT AVE,2511,,,,,,,3,NO INDICATION OF INJURY,0,0,0,0,0,1,0,2,1,3,41.93671726,-87.78573243,POINT (-87.785732426066 41.936717257355)
3f18f6ed9d82803b992d5e186cbf00d073102ae1796f003cb39a1a3fce68042e51effbe927217ce082027661cb86a7cf78646459647a1e86ed44cd92213df347,JF179372,,3/19/2022 13:27,30,TRAFFIC SIGNAL,FUNCTIONING PROPERLY,RAIN,DAYLIGHT,TURNING,ONE-WAY,,STRAIGHT AND LEVEL,WET,NO DEFECTS,ON SCENE,NO INJURY / DRIVE AWAY,,,,"$501 - $1,500",3/19/2022 13:35,DRIVING SKILLS/KNOWLEDGE/EXPERIENCE,NOT APPLICABLE,66,E,GRAND AVE,1834,,,,,,,2,NO INDICATION OF INJURY,0,0,0,0,0,3,0,13,7,3,41.89182003,-87.62544388,POINT (-87.625443874791 41.89182003397)
c40e58ebb7edaa39d70091b088a34dd7dcbfb7d83cfef6f2503f7cc2e21592f1d1b9a5d9e69db5334b89938cae24d19568d0e0f6184a09d11993e9de628d547c,JF179921,,3/20/2022 0:25,30,TRAFFIC SIGNAL,FUNCTIONING PROPERLY,RAIN,"DARKNESS, LIGHTED ROAD",TURNING,NOT DIVIDED,,STRAIGHT AND LEVEL,WET,NO DEFECTS,,NO INJURY / DRIVE AWAY,,,,"OVER $1,500",3/20/2022 0:35,FOLLOWING TOO CLOSELY,UNABLE TO DETERMINE,10000,S,TORRENCE AVE,431,,,,,,,2,NO INDICATION OF INJURY,0,0,0,0,0,3,0,0,1,3,41.71337386,-87.55989468,POINT (-87.559894682333 41.71337385748)
614422f4b3657da8102e042055da82f9813e62d8e9d8330e7514f961992e812ede1458168bdd000c7c0de6b1816b149787b2542d465f80cc05b9289d0636a0ec,,Y,4/1/2022 7:00,15,NO CONTROLS,NO CONTROLS,CLEAR,DAYLIGHT,PARKED MOTOR VEHICLE,PARKING LOT,,STRAIGHT AND LEVEL,DRY,UNKNOWN,NOT ON SCENE (DESK REPORT),NO INJURY / DRIVE AWAY,,Y,Y,"$501 - $1,500",4/1/2022 17:20,NOT APPLICABLE,UNABLE TO DETERMINE,1300,N,ASHLAND AVE,1433,,,,,,,2,NO INDICATION OF INJURY,0,0,0,0,0,1,0,7,6,4,41.90513176,-87.66768922,POINT (-87.667689220736 41.905131758862)
2dd9981632fce9e7cd02d5938841344ff81e8e59474bafa96dd36b3ef947287cfc54fd51170099fef35e619393e78d61a248f5a9391c7055d026456a7eedcf36,,,4/2/2022 20:20,40,TRAFFIC SIGNAL,FUNCTIONING PROPERLY,CLEAR,"DARKNESS, LIGHTED ROAD",REAR END,DIVIDED - W/MEDIAN BARRIER,,STRAIGHT AND LEVEL,WET,NO DEFECTS,ON SCENE,NO INJURY / DRIVE AWAY,Y,,Y,"$501 - $1,500",4/2/2022 20:33,FOLLOWING TOO CLOSELY,NOT APPLICABLE,1200,S,LAKE SHORE DR E,132,,,,,,,2,NO INDICATION OF INJURY,0,0,0,0,0,3,0,20,7,4,41.86744611,-87.61890449,POINT (-87.618904488078 41.867446111851)
cc555f0e0c7508e06e9cafc594d5f7b112c1731bd6761583b84e9ba73fb55260843608aeaf1b1513dd01bec9d5c973511123ceacc16e98dd402a58335b143bfd,JF179896,,3/20/2022 0:03,30,TRAFFIC SIGNAL,FUNCTIONING PROPERLY,CLEAR,"DARKNESS, LIGHTED ROAD",ANGLE,FOUR WAY,,STRAIGHT AND LEVEL,DRY,UNKNOWN,ON SCENE,INJURY AND / OR TOW DUE TO CRASH,Y,,,"OVER $1,500",3/20/2022 0:03,DISREGARDING TRAFFIC SIGNALS,UNDER THE INFLUENCE OF ALCOHOL/DRUGS (USE WHEN ARREST IS EFFECTED),400,S,DAMEN AVE,1225,,,,,,,2,INCAPACITATING INJURY,1,0,1,0,0,2,0,0,1,3,41.87618617,-87.67667397,POINT (-87.67667397249 41.876186166555)
f83959d5fe0ce5b3f1d45659cfddb7219684977fa764129f56ad75f20a39db033f4125d7d28a6bd621e05bc781eceba1f5639e050d6f64f07057fe0bfd72eb8b,JF178828,,3/18/2022 21:16,30,NO CONTROLS,NO CONTROLS,RAIN,"DARKNESS, LIGHTED ROAD",SIDESWIPE SAME DIRECTION,DIVIDED - W/MEDIAN (NOT RAISED),,STRAIGHT AND LEVEL,WET,NO DEFECTS,ON SCENE,INJURY AND / OR TOW DUE TO CRASH,,,,"OVER $1,500",3/18/2022 21:30,FAILING TO YIELD RIGHT-OF-WAY,UNABLE TO DETERMINE,2530,N,CLARK ST,1935,,,,,,,2,NONINCAPACITATING INJURY,1,0,0,1,0,3,0,21,6,3,41.92858516,-87.64242391,POINT (-87.642423912707 41.928585159058)
1715e7ae486d1e914f13b62c1a4d6b6cd7ea2799362975d24e2f7e65aaf883e2a5bb0cb93ef4512f943b256137776407dec9864bd6b527f4d1250f5190b70832,JF179630,,3/19/2022 17:00,10,NO CONTROLS,NO CONTROLS,RAIN,DAYLIGHT,REAR TO FRONT,PARKING LOT,,STRAIGHT AND LEVEL,DRY,NO DEFECTS,NOT ON SCENE (DESK REPORT),NO INJURY / DRIVE AWAY,,Y,,"OVER $1,500",3/19/2022 18:00,IMPROPER BACKING,NOT APPLICABLE,600,E,GRAND AVE,1834,,,,,,,2,NO INDICATION OF INJURY,0,0,0,0,0,4,0,17,7,3,41.89209414,-87.61156988,POINT (-87.611569883947 41.892094136862)
4fc48f2872487c3689535ae09560237861b06ab7ea6ebc0a20440961a35694e16ff59165705cf5ac69c082b6e27f6790376d0a70c6622c7c8f3a9493891af9cf,JF179986,,3/20/2022 2:40,30,NO CONTROLS,NO CONTROLS,CLEAR,"DARKNESS, LIGHTED ROAD",SIDESWIPE SAME DIRECTION,DIVIDED - W/MEDIAN BARRIER,,STRAIGHT AND LEVEL,DRY,NO DEFECTS,ON SCENE,NO INJURY / DRIVE AWAY,,,,"OVER $1,500",3/20/2022 2:40,UNABLE TO DETERMINE,NOT APPLICABLE,8924,S,STONY ISLAND AVE,413,,,,,,,2,NO INDICATION OF INJURY,0,0,0,0,0,2,0,2,1,3,41.73250458,-87.58570048,POINT (-87.585700481182 41.732504579623)