CRASH_RECORD_ID,RD_NO,CRASH_DATE_EST_I,CRASH_DATE,POSTED_SPEED_LIMIT,TRAFFIC_CONTROL_DEVICE,DEVICE_CONDITION,WEATHER_CONDITION,LIGHTING_CONDITION,FIRST_CRASH_TYPE,TRAFFICWAY_TYPE,LANE_CNT,ALIGNMENT,ROADWAY_SURFACE_COND,ROAD_DEFECT,REPORT_TYPE,CRASH_TYPE,INTERSECTION_RELATED_I,NOT_RIGHT_OF_WAY_I,HIT_AND_RUN_I,DAMAGE,DATE_POLICE_NOTIFIED,PRIM_CONTRIBUTORY_CAUSE,SEC_CONTRIBUTORY_CAUSE,STREET_NO,STREET_DIRECTION,STREET_NAME,BEAT_OF_OCCURRENCE,PHOTOS_TAKEN_I,STATEMENTS_TAKEN_I,DOORING_I,WORK_ZONE_I,WORK_ZONE_TYPE,WORKERS_PRESENT_I,NUM_UNITS,MOST_SEVERE_INJURY,INJURIES_TOTAL,INJURIES_FATAL,INJURIES_INCAPACITATING,INJURIES_NON_INCAPACITATING,INJURIES_REPORTED_NOT_EVIDENT,INJURIES_NO_INDICATION,INJURIES_UNKNOWN,CRASH_HOUR,CRASH_DAY_OF_WEEK,CRASH_MONTH,LATITUDE,LONGITUDE,LOCATION
46840e335094840eb56e9e91e7ef31acbe2b2e0a329769b563b64bc4b40b3c8ca7f587573500cebe4c81f2cb9dade4965ba7a34b63aa6fb2c859830ddf5281c2,JF178670,,3/18/2022 17:08,30,NO CONTROLS,NO CONTROLS,RAIN,DAYLIGHT,SIDESWIPE SAME DIRECTION,ONE-WAY,,STRAIGHT AND LEVEL,WET,NO DEFECTS,NOT ON SCENE (DESK REPORT),NO INJURY / DRIVE AWAY,,,,"OVER $1,500",3/18/2022 18:26,DRIVING SKILLS/KNOWLEDGE/EXPERIENCE,NOT APPLICABLE,3830,W,68TH ST,833,,,,,,,2,NO INDICATION OF INJURY,0,0,0,0,0,2,0,17,6,3,41.76971973,-87.71889375,POINT (-87.718893751452 41.769719726881)
5cc9ea8e7c02231b5f9e7a555f3ad528bd3306f1782c9fe8180d30212ee5b229bec2538e8ac5b09dbcf5f22e0460e9f5af0fbb9738a77de2ae2bb00d61d11d8e,,,4/2/2022 16:00,30,NO CONTROLS,NO CONTROLS,RAIN,DAYLIGHT,REAR END,NOT DIVIDED,,STRAIGHT AND LEVEL,WET,UNKNOWN,ON SCENE,INJURY AND / OR TOW DUE TO CRASH,,,,"OVER $1,500",4/2/2022 16:17,UNABLE TO DETERMINE,UNABLE TO DETERMINE,5730,W,ROOSEVELT RD,1513,,,,,,,2,NO INDICATION OF INJURY,0,0,0,0,0,3,0,16,7,4,41.86565489,-87.76805078,POINT (-87.768050778972 41.865654886095)
bb5fcd1e2d406cfcab5e7273a7b7715cb97ab94b60aeeebc954d1b2ac84c8228d9ace2d9ea29b6b4d48d0afb14846199d9ac7402a1e3e7ab3fee4af368f30ceb,JF179675,,3/15/2022 7:10,30,STOP SIGN/FLASHER,FUNCTIONING PROPERLY,CLEAR,DAYLIGHT,TURNING,FOUR WAY,,STRAIGHT AND LEVEL,DRY,NO DEFECTS,NOT ON SCENE (DESK REPORT),NO INJURY / DRIVE AWAY,Y,,,"$501 - $1,500",3/19/2022 19:00,UNABLE TO DETERMINE,UNABLE TO DETERMINE,1301,W,WILSON AVE,1913,,,,,,,2,NO INDICATION OF INJURY,0,0,0,0,0,2,0,7,3,3,41.96521865,-87.66250078,POINT (-87.662500782543 41.965218650309)
3074bcb2076450c7199146df877338792ab1d51c29f66a424a34affc92ea6984d6edbcac6d6080a450f396801325c10caa6ca4b3f35a66d8202b269635aaef28,JF179508,,3/19/2022 14:00,30,TRAFFIC SIGNAL,FUNCTIONING PROPERLY,RAIN,DAYLIGHT,REAR END,FOUR WAY,,STRAIGHT AND LEVEL,WET,UNKNOWN,ON SCENE,NO INJURY / DRIVE AWAY,Y,,,"OVER $1,500",3/19/2022 15:57,DRIVING SKILLS/KNOWLEDGE/EXPERIENCE,WEATHER,2,N,CANAL ST,121,,,,,,,2,NO INDICATION OF INJURY,0,0,0,0,0,3,0,14,7,3,41.88194712,-87.639833,POINT (-87.6398329945 41.881947123607)
51e96c19ad8925208807c1a60d5b9457ad6bd71f11e70e97b1bc62fb88cd65d51c064052146caf35da7468f901f9e51e0a5eb8060fc7b1e49f1afe285c4c9312,JF161288,,3/2/2022 19:00,30,NO CONTROLS,NO CONTROLS,CLEAR,"DARKNESS, LIGHTED ROAD",TURNING,NOT DIVIDED,,STRAIGHT ON GRADE,DRY,NO DEFECTS,ON SCENE,NO INJURY / DRIVE AWAY,,,Y,"$501 - $1,500",3/2/2022 19:06,UNABLE TO DETERMINE,UNABLE TO DETERMINE,756,W,111TH ST,2233,,,,,,,2,NO INDICATION OF INJURY,0,0,0,0,0,2,0,19,4,3,41.69246702,-87.64223538,POINT (-87.642235381943 41.692467017851)
2100a688fa0b31389177a4652ded71a277aaa41961584133161c64eb107f7f1a5da946d50fdb1ec89bc7624e35bba03ff40a515aff3f519fbf253d184214cc63,JF178531,,3/18/2022 16:20,30,TRAFFIC SIGNAL,FUNCTIONING PROPERLY,RAIN,DAYLIGHT,REAR END,NOT DIVIDED,,STRAIGHT AND LEVEL,WET,NO DEFECTS,NOT ON SCENE (DESK REPORT),NO INJURY / DRIVE AWAY,,,,"$501 - $1,500",3/18/2022 16:45,FOLLOWING TOO CLOSELY,DRIVING SKILLS/KNOWLEDGE/EXPERIENCE,1633,W,MONTEREY AVE,2234,,,,,,,2,NO INDICATION OF INJURY,0,0,0,0,0,2,0,16,6,3,41.68943193,-87.66301447,POINT (-87.663014473932 41.689431926833)
491910ca6cccad0ca9ee88a69ce56595ca703287bd404c4f1183554612fd50401ee2807234893606b250e2edee1754bf9dacc36b3b1602ecc951381717e64701,JF179457,,3/19/2022 10:30,30,NO CONTROLS,NO CONTROLS,CLEAR,DAYLIGHT,SIDESWIPE SAME DIRECTION,NOT DIVIDED,,STRAIGHT AND LEVEL,DRY,NO DEFECTS,NOT ON SCENE (DESK REPORT),NO INJURY / DRIVE AWAY,,,,"OVER $1,500",3/19/2022 15:40,UNABLE TO DETERMINE,NOT APPLICABLE,3055,W,BELMONT AVE,1411,,,,,,,2,NO INDICATION OF INJURY,0,0,0,0,0,3,0,10,7,3,41.93924303,-87.70476435,POINT (-87.70476434748 41.939243032147)
76ccd0c19491bf100355aa2ec45d3ac8426b074c55dc418e64b17c243af0eacbc612680ec668f4490c664eb591aaeff79112aee9fe38323c99d14a7b72d198bc,JF179918,,3/19/2022 23:45,30,UNKNOWN,UNKNOWN,UNKNOWN,"DARKNESS, LIGHTED ROAD",SIDESWIPE SAME DIRECTION,ONE-WAY,,STRAIGHT AND LEVEL,UNKNOWN,UNKNOWN,NOT ON SCENE (DESK REPORT),INJURY AND / OR TOW DUE TO CRASH,N,,,"OVER $1,500",3/20/2022 0:48,FAILING TO YIELD RIGHT-OF-WAY,IMPROPER LANE USAGE,23,W,OAK ST,1832,,,,,,,2,"REPORTED, NOT EVIDENT",1,0,0,0,1,1,0,23,7,3,41.90047142,-87.62925596,POINT (-87.629255957221 41.900471419375)
842c172c855645df8e6f4a9acd21e03afdc58f48e69bbbc88c3bd1f9cf7aecadd29239fdedb91cf8e7c2d480703f0e289a1625400f596feb2252312bee306ff4,JF179127,,3/19/2022 8:15,30,NO CONTROLS,NO CONTROLS,RAIN,DAYLIGHT,SIDESWIPE SAME DIRECTION,NOT DIVIDED,,STRAIGHT AND LEVEL,WET,NO DEFECTS,ON SCENE,NO INJURY / DRIVE AWAY,,,,"OVER $1,500",3/19/2022 9:10,DRIVING SKILLS/KNOWLEDGE/EXPERIENCE,UNABLE TO DETERMINE,1756,W,LAWRENCE AVE,2032,,,,,,,2,NO INDICATION OF INJURY,0,0,0,0,0,2,0,8,7,3,41.96894294,-87.67323029,POINT (-87.673230292628 41.968942942327)
820c5f4407d3d54a973ec4d9b2422a6552ad148c1b897ee441fb6b8a8b7e1278579eed1ee584f882b8d7efb8253d22d884dfefc59b1543a0b23a4cc105cd68e4,JF177402,,3/17/2022 10:30,30,TRAFFIC SIGNAL,FUNCTIONING PROPERLY,CLEAR,DAYLIGHT,TURNING,NOT DIVIDED,,STRAIGHT AND LEVEL,DRY,NO DEFECTS,NOT ON SCENE (DESK REPORT),NO INJURY / DRIVE AWAY,,,,"$501 - $1,500",3/17/2022 17:23,NOT APPLICABLE,NOT APPLICABLE,7100,S,KEDZIE AVE,831,,,,,,,2,NO INDICATION OF INJURY,0,0,0,0,0,2,0,10,5,3,41.76429504,-87.70295716,POINT (-87.702957162118 41.764295036757)
cd978699ae74091afe6f4b4dcbdd3d724a2d38338488d7957f7408d48fb295e719132f068709b301a9eb3619b0db0ad8cd8e5f7142d60bc0be0781c523c1d975,JF179238,,3/18/2022 8:00,10,NO CONTROLS,NO CONTROLS,CLEAR,DAYLIGHT,PARKED MOTOR VEHICLE,PARKING LOT,,STRAIGHT AND LEVEL,UNKNOWN,NO DEFECTS,NOT ON SCENE (DESK REPORT),NO INJURY / DRIVE AWAY,,N,,"OVER $1,500",3/19/2022 12:30,DRIVING SKILLS/KNOWLEDGE/EXPERIENCE,NOT APPLICABLE,2236,N,ROCKWELL ST,1431,,,,,,,2,NO INDICATION OF INJURY,0,0,0,0,0,1,0,8,6,3,41.9228282,-87.69293638,POINT (-87.692936374629 41.922828200045)
fd8bc2debc0791cae677f2ed5395e06cc9b864d044ca7ab31e464746b6d916a26e1304e34a38bd5fb159723c8d7b82a7101e88a2021516f210c12ae1866bea94,JF178246,,3/18/2022 12:35,30,TRAFFIC SIGNAL,FUNCTIONING PROPERLY,RAIN,DAYLIGHT,SIDESWIPE OPPOSITE DIRECTION,FOUR WAY,,STRAIGHT AND LEVEL,WET,NO DEFECTS,ON SCENE,NO INJURY / DRIVE AWAY,,,,"OVER $1,500",3/18/2022 12:37,NOT APPLICABLE,NOT APPLICABLE,1400,W,79TH ST,612,,,,,,,3,NO INDICATION OF INJURY,0,0,0,0,0,2,0,12,6,3,41.75053498,-87.65865206,POINT (-87.65865206229 41.750534981258)
198a91bdb72e6c3299a096d8c1bce1a1fc1e2a2b4ead6daadbaf9393950e57b1ac2d05c4b1790316efb6f1c3eae9813525ea4779cfa82370cacc2c6ccdb7e455,JF179814,,3/19/2022 19:30,30,STOP SIGN/FLASHER,FUNCTIONING PROPERLY,RAIN,"DARKNESS, LIGHTED ROAD",REAR END,NOT DIVIDED,,STRAIGHT AND LEVEL,WET,NO DEFECTS,NOT ON SCENE (DESK REPORT),NO INJURY / DRIVE AWAY,,,,"OVER $1,500",3/19/2022 22:00,UNABLE TO DETERMINE,NOT APPLICABLE,7158,W,63RD ST,812,,,,,,,2,NO INDICATION OF INJURY,0,0,0,0,0,2,0,19,7,3,41.77740409,-87.80084074,POINT (-87.800840737555 41.777404087501)
2cb5f4d8de0466b042728f114112278f3a554c3cb5a0eebad45028ad4064740c4a8cf5565edab74510c35e811545ea2488b0a395367ed962910b8bca62f3275e,JF179075,,3/19/2022 6:12,30,STOP SIGN/FLASHER,NO CONTROLS,RAIN,DAYLIGHT,TURNING,NOT DIVIDED,,STRAIGHT AND LEVEL,WET,NO DEFECTS,ON SCENE,NO INJURY / DRIVE AWAY,Y,,Y,"OVER $1,500",3/19/2022 8:30,FOLLOWING TOO CLOSELY,DRIVING SKILLS/KNOWLEDGE/EXPERIENCE,1434,E,76TH ST,411,,,,,,,2,NO INDICATION OF INJURY,0,0,0,0,0,2,0,6,7,3,41.75702583,-87.58939593,POINT (-87.589395924719 41.757025831787)
16e54dfeb794d8dd7607a7deae5b47fe7c969508450e3c37c298ff033d00927e31fa4217f593fe086864e2ca1af5e6ce35c7b2c7a6e81bb617026102c30f5ad9,JF178367,,3/18/2022 14:44,30,STOP SIGN/FLASHER,NO CONTROLS,RAIN,DAYLIGHT,TURNING,FOUR WAY,,STRAIGHT AND LEVEL,WET,NO DEFECTS,ON SCENE,INJURY AND / OR TOW DUE TO CRASH,Y,,Y,"OVER $1,500",3/18/2022 14:45,FAILING TO YIELD RIGHT-OF-WAY,NOT APPLICABLE,8801,S,STONY ISLAND AVE,412,,,,,,,2,NO INDICATION OF INJURY,0,0,0,0,0,2,0,14,6,3,41.73500458,-87.58502866,POINT (-87.58502865972 41.735004576136)
40d183baea72426351dab767bc4bdba30fd3ab5180648cfa1b6c1111dfccbfccc9d008babc811d4135c3286b7cfeb7bdac5a857ee7c79f4c51b7df31152e2d07,JF179532,,3/19/2022 16:04,30,NO CONTROLS,NO CONTROLS,RAIN,DAYLIGHT,SIDESWIPE SAME DIRECTION,NOT DIVIDED,,STRAIGHT AND LEVEL,WET,NO DEFECTS,NOT ON SCENE (DESK REPORT),NO INJURY / DRIVE AWAY,,,,"$501 - $1,500",3/19/2022 16:29,UNABLE TO DETERMINE,UNABLE TO DETERMINE,950,W,CONCORD PL,1813,,,,,,,2,NO INDICATION OF INJURY,0,0,0,0,0,3,0,16,7,3,41.91186847,-87.65270299,POINT (-87.652702994362 41.911868472557)
5d41cb3fbd308654d0f497f7fa884f83d66d85696a7cb01040258e17db6eac5add0bfe16c1e4b6b150761f8ef0425cf173d3b31c42cd6b2fc1f073ef3a6cf020,JF179655,,3/19/2022 18:05,30,TRAFFIC SIGNAL,FUNCTIONING PROPERLY,RAIN,"DARKNESS, LIGHTED ROAD",ANGLE,DIVIDED - W/MEDIAN (NOT RAISED),,STRAIGHT AND LEVEL,WET,NO DEFECTS,ON SCENE,INJURY AND / OR TOW DUE TO CRASH,Y,,Y,"OVER $1,500",3/19/2022 18:51,UNABLE TO DETERMINE,UNABLE TO DETERMINE,2040,W,FULLERTON AVE,1432,,,,,,,2,"REPORTED, NOT EVIDENT",1,0,0,0,1,3,0,18,7,3,41.9251154,-87.67955542,POINT (-87.679555417669 41.925115399007)
60565841f3e8c8134aaec6d7eab3428e3829d1b6084bede4d9337cff5c313d8aebbed82ba6a133dfa3446ff93f53385df87aab65b0d8ba6311a6402d6a61034f,JF179916,,3/20/2022 0:00,30,NO CONTROLS,NO CONTROLS,CLEAR,"DARKNESS, LIGHTED ROAD",TURNING,NOT DIVIDED,,STRAIGHT AND LEVEL,WET,NO DEFECTS,NOT ON SCENE (DESK REPORT),NO INJURY / DRIVE AWAY,,,Y,"OVER $1,500",3/20/2022 0:30,IMPROPER TURNING/NO SIGNAL,NOT APPLICABLE,1910,W,MADISON ST,1223,,,,,,,2,NO INDICATION OF INJURY,0,0,0,0,0,2,0,0,1,3,41.88145496,-87.67467627,POINT (-87.674676270536 41.881454960889)
673b1fa606c15fa98ac414eea0bf2d4566e7bd698bcfa9c8e765283ea89a5803ff7c6982a81edb205a0f67644b3a9964e6467eec2be4a415ad45c01bc12fdd74,JF179304,,3/19/2022 12:30,30,NO CONTROLS,NO CONTROLS,RAIN,DAYLIGHT,PEDESTRIAN,NOT DIVIDED,,STRAIGHT AND LEVEL,WET,NO DEFECTS,ON SCENE,INJURY AND / OR TOW DUE TO CRASH,,,,$500 OR LESS,3/19/2022 12:33,UNABLE TO DETERMINE,NOT APPLICABLE,2062,N,MILWAUKEE AVE,1431,,,,,,,2,"REPORTED, NOT EVIDENT",1,0,0,0,1,2,0,12,7,3,41.9187007,-87.69070293,POINT (-87.690702926349 41.918700697483)
d1832265d2e2551f428aebd225328893c722979321eec3112fcf66b89c729b5911e3d0a2ddbd1c36ad5edd259f01f21d53186e84ff98d9c0aa4def014adcdd06,JF179980,,3/20/2022 2:30,30,TRAFFIC SIGNAL,FUNCTIONING PROPERLY,CLEAR,"DARKNESS, LIGHTED ROAD",ANGLE,FOUR WAY,,STRAIGHT AND LEVEL,DRY,NO DEFECTS,ON SCENE,INJURY AND / OR TOW DUE TO CRASH,Y,,,"OVER $1,500",3/20/2022 2:50,DISREGARDING TRAFFIC SIGNALS,DISREGARDING TRAFFIC SIGNALS,4300,S,STATE ST,215,,,,,,,2,NO INDICATION OF INJURY,0,0,0,0,0,2,0,2,1,3,41.81639583,-87.62641289,POINT (-87.626412894288 41.816395833928)
eb3f91bd341f5f6dcf646e756799e2a1fcb60f977d8795b86682335c7e8e81d63a915f35df7ac71defbca5c11d519f8a36a9c233b48d3eb705487f1d85f57929,JF180004,,3/20/2022 1:00,15,NO CONTROLS,NO CONTROLS,CLEAR,"DARKNESS, LIGHTED ROAD",HEAD ON,NOT DIVIDED,,STRAIGHT AND LEVEL,WET,UNKNOWN,NOT ON SCENE (DESK REPORT),INJURY AND / OR TOW DUE TO CRASH,,,Y,"OVER $1,500",3/20/2022 3:00,UNABLE TO DETERMINE,NOT APPLICABLE,7601,S,CICERO AVE,833,,,,,,,2,NO INDICATION OF INJURY,0,0,0,0,0,7,0,1,1,3,41.75466012,-87.74138476,POINT (-87.741384758605 41.754660124394)
27ef0c38fba0f3987ad724724237064a21f74caa100c4fd7c0dcd1c05004be66d3d1a85372e8b866424edd458b5465eff79ff358b086f655a64a9886e879d516,JF179273,,3/19/2022 11:28,35,NO CONTROLS,NO CONTROLS,CLEAR,DAYLIGHT,PARKED MOTOR VEHICLE,ONE-WAY,,STRAIGHT AND LEVEL,WET,UNKNOWN,NOT ON SCENE (DESK REPORT),NO INJURY / DRIVE AWAY,,,Y,"$501 - $1,500",3/19/2022 12:25,IMPROPER BACKING,NOT APPLICABLE,153,E,ERIE ST,1834,,,,,,,2,NO INDICATION OF INJURY,0,0,0,0,0,3,0,11,7,3,41.89404236,-87.62338516,POINT (-87.623385155458 41.894042358283)
4b09c7b43358e666b49ef9133d4132cdedde759b1dc4f6596662ca9b1fbeb79848652e2d40439b88b39b8db9167502edb935b4c7924ae232f5d009822c652d4a,JF179134,N,3/19/2022 9:45,30,TRAFFIC SIGNAL,FUNCTIONING PROPERLY,CLEAR,DAYLIGHT,TURNING,OTHER,,STRAIGHT AND LEVEL,WET,NO DEFECTS,NOT ON SCENE (DESK REPORT),NO INJURY / DRIVE AWAY,Y,,,"$501 - $1,500",3/19/2022 10:05,DRIVING SKILLS/KNOWLEDGE/EXPERIENCE,UNABLE TO DETERMINE,161,W,CERMAK RD,914,,,,,,,2,NO INDICATION OF INJURY,0,0,0,0,0,4,0,9,7,3,41.85274622,-87.63174979,POINT (-87.631749784656 41.852746219724)
524b02ba0f28a913d3181aaf4feeb121ad0b475c1350068a4031498e143120a291a0e27677a6821faa8230d972501dd54c75771c6c406b736dee7ee6e8c29cbd,JF179302,,3/19/2022 12:04,30,TRAFFIC SIGNAL,FUNCTIONING PROPERLY,RAIN,DAYLIGHT,ANGLE,NOT DIVIDED,,STRAIGHT AND LEVEL,WET,UNKNOWN,NOT ON SCENE (DESK REPORT),INJURY AND / OR TOW DUE TO CRASH,N,,,"OVER $1,500",3/19/2022 12:45,UNABLE TO DETERMINE,NOT APPLICABLE,401,E,87TH ST,632,,,,,,,2,INCAPACITATING INJURY,1,0,1,0,0,1,0,12,7,3,41.73639447,-87.61444398,POINT (-87.61444398049 41.73639447257)
c1b48ad6ebd9e84dc7c99ddb6780b5be43fa0cc859158b4a4a7e4c09e367c72f05a2f0af83be311c3a2e2b6f3218f9c28675f6edcb95782b04f819199231e039,JF179931,,3/20/2022 0:10,15,NO CONTROLS,NO CONTROLS,CLEAR,"DARKNESS, LIGHTED ROAD",PARKED MOTOR VEHICLE,NOT DIVIDED,,STRAIGHT AND LEVEL,WET,NO DEFECTS,NOT ON SCENE (DESK REPORT),NO INJURY / DRIVE AWAY,,,Y,"OVER $1,500",3/20/2022 0:50,NOT APPLICABLE,NOT APPLICABLE,14,N,ALBANY AVE,1222,,,,,,,2,NO INDICATION OF INJURY,0,0,0,0,0,1,0,0,1,3,41.88145647,-87.70382333,POINT (-87.70382333115 41.881456464706)
d0b1b3f09cd7a4ef3c03441ddcc4a69f68a07d9b83c0df086559e8822eff742892f553004bc7e3f95c2694093ed6b9a34562000f92524d910fdfe863845b3879,JF180033,,3/20/2022 0:19,20,NO CONTROLS,NO CONTROLS,OTHER,DUSK,ANGLE,NOT DIVIDED,,STRAIGHT AND LEVEL,WET,UNKNOWN,ON SCENE,INJURY AND / OR TOW DUE TO CRASH,Y,,Y,"OVER $1,500",3/20/2022 0:21,UNABLE TO DETERMINE,NOT APPLICABLE,5432,W,WASHINGTON BLVD,1523,,,,,,,2,NONINCAPACITATING INJURY,1,0,0,1,0,1,0,0,1,3,41.88239811,-87.76154082,POINT (-87.761540816972 41.882398105064)
03b9749b86d05ff241896a3639dde325fde3d69e521adeb62efc2b294f4ddabe87b14c391147c5c6669d3e0f33d135ceef31ac23c3e2e7421186749d4fb72a54,JF187310,,3/25/2022 20:00,30,TRAFFIC SIGNAL,UNKNOWN,UNKNOWN,UNKNOWN,TURNING,T-INTERSECTION,,STRAIGHT AND LEVEL,UNKNOWN,UNKNOWN,NOT ON SCENE (DESK REPORT),NO INJURY / DRIVE AWAY,Y,,Y,"OVER $1,500",3/26/2022 14:15,UNABLE TO DETERMINE,NOT APPLICABLE,600,S,KOSTNER AVE,1131,,,,,,,2,NO INDICATION OF INJURY,0,0,0,0,0,2,0,20,6,3,41.87349948,-87.73536819,POINT (-87.73536818697 41.873499482485)
743144944ece5bb7e079b3d66e90612858fefb7709c59c070411b9ba71a8ae7f8338858ba468043d5a0014fa06f05c59fc92fbb9cb35bd317ea6f9b6c00024ed,JF178269,,3/18/2022 12:51,30,TRAFFIC SIGNAL,FUNCTIONING PROPERLY,RAIN,DAYLIGHT,TURNING,FOUR WAY,,STRAIGHT AND LEVEL,WET,NO DEFECTS,ON SCENE,INJURY AND / OR TOW DUE TO CRASH,,,,"OVER $1,500",3/18/2022 12:51,UNABLE TO DETERMINE,NOT APPLICABLE,2348,W,PERSHING RD,911,,,,,,,2,NONINCAPACITATING INJURY,2,0,0,2,0,2,0,12,6,3,41.82311538,-87.68471873,POINT (-87.684718730674 41.823115381875)
3e03c5a98d193ba0cce904753babb0fa571f0ef3b91c2b3308d6c20138fea19ae0c119197fcff294986a90ec54bbb12922622ae4971de0259c8d07186b4a85f4,JF179716,,3/19/2022 19:25,30,NO CONTROLS,NO CONTROLS,CLEAR,"DARKNESS, LIGHTED ROAD",TURNING,NOT DIVIDED,,STRAIGHT AND LEVEL,WET,NO DEFECTS,NOT ON SCENE (DESK REPORT),NO INJURY / DRIVE AWAY,,,Y,"OVER $1,500",3/19/2022 19:34,IMPROPER TURNING/NO SIGNAL,UNABLE TO DETERMINE,1038,W,74TH ST,733,,,,,,,2,NO INDICATION OF INJURY,0,0,0,0,0,2,0,19,7,3,41.75975492,-87.65065424,POINT (-87.650654237593 41.759754918709)
6ff75585e4f39d78300331d0aa5a48a66f0eaabafddae564799ab833390c7c359a6c6d9a7f4ec07941ed9ff34f9f7fe3b4b0989e491ae11fc62fe6e4543c0b8c,JF178951,,3/19/2022 1:48,30,TRAFFIC SIGNAL,FUNCTIONING PROPERLY,CLEAR,"DARKNESS, LIGHTED ROAD",SIDESWIPE SAME DIRECTION,NOT DIVIDED,,STRAIGHT AND LEVEL,WET,NO DEFECTS,ON SCENE,NO INJURY / DRIVE AWAY,,,,"OVER $1,500",3/19/2022 1:50,IMPROPER LANE USAGE,NOT APPLICABLE,2958,W,ADDISON ST,1733,,,,,,,2,NO INDICATION OF INJURY,0,0,0,0,0,2,0,1,7,3,41.94676317,-87.70286455,POINT (-87.702864547197 41.9467631666)
218277770b86bd510d5d5cacafd4a79d4344f104d86c210d2a3727b451652ad1a3f6ad1015d9a5161c1e42039749bcb7c0e204b983a207f0911bb36880b47368,JF157632,Y,2/27/2022 12:10,30,NO CONTROLS,NO CONTROLS,CLEAR,DAYLIGHT,TURNING,DIVIDED - W/MEDIAN (NOT RAISED),,STRAIGHT AND LEVEL,DRY,NO DEFECTS,NOT ON SCENE (DESK REPORT),NO INJURY / DRIVE AWAY,,,,"$501 - $1,500",2/27/2022 12:30,FAILING TO YIELD RIGHT-OF-WAY,NOT APPLICABLE,4825,W,ARMITAGE AVE,2533,,,,,,,2,NO INDICATION OF INJURY,0,0,0,0,0,3,0,12,1,2,41.9168114,-87.74723169,POINT (-87.747231694186 41.916811400215)
3f7a85875267eaeaf595287e0a4b99ecd8e0a3ca02012f17885e1236fd21b8c41c91d7abfa5632f118d513e76f25257560904a8da6a267670c1d014cddee9acf,JF179322,,3/19/2022 12:30,30,NO CONTROLS,NO CONTROLS,RAIN,DAYLIGHT,TURNING,DIVIDED - W/MEDIAN (NOT RAISED),,STRAIGHT AND LEVEL,WET,NO DEFECTS,NOT ON SCENE (DESK REPORT),NO INJURY / DRIVE AWAY,Y,,,"OVER $1,500",3/19/2022 13:14,FAILING TO YIELD RIGHT-OF-WAY,NOT APPLICABLE,4412,N,PULASKI RD,1722,,,,,,,2,NO INDICATION OF INJURY,0,0,0,0,0,4,0,12,7,3,41.96136649,-87.72798668,POINT (-87.727986678074 41.961366489024)
463fc5a1e9a38738b6527f38d760fb02e83503a3c1547e9f24caf775f7519456b03172003b30356c2000c467deea10f8be72370681f75861d5d7db767e94d04a,JF179862,,3/19/2022 22:15,45,TRAFFIC SIGNAL,FUNCTIONING PROPERLY,UNKNOWN,UNKNOWN,REAR END,ONE-WAY,,STRAIGHT AND LEVEL,UNKNOWN,UNKNOWN,NOT ON SCENE (DESK REPORT),NO INJURY / DRIVE AWAY,Y,,,"OVER $1,500",3/19/2022 23:30,FAILING TO REDUCE SPEED TO AVOID CRASH,FOLLOWING TOO CLOSELY,530,N,LAKE SHORE DR,1834,,,,,,,2,NO INDICATION OF INJURY,0,0,0,0,0,2,0,22,7,3,41.89197561,-87.61458027,POINT (-87.614580270889 41.891975608018)
550be8ef9338074b6b2dcb74250ff7c470fc3510da64bfb2c105b58fa652abc94c4926967725411b614507f83378ddb885ccf6dac7e71dfcc7711fd3605aa784,JF178971,,3/19/2022 2:00,30,TRAFFIC SIGNAL,FUNCTIONING PROPERLY,RAIN,"DARKNESS, LIGHTED ROAD",ANGLE,FOUR WAY,,STRAIGHT AND LEVEL,WET,UNKNOWN,ON SCENE,INJURY AND / OR TOW DUE TO CRASH,Y,,Y,"OVER $1,500",3/19/2022 2:52,DISREGARDING TRAFFIC SIGNALS,UNABLE TO DETERMINE,3200,W,59TH ST,822,,,,,,,2,NO INDICATION OF INJURY,0,0,0,0,0,2,0,2,7,3,41.78635732,-87.70341239,POINT (-87.70341238607 41.786357318651)
36064a1d5ea29813861e32b6f25cea25e3e4e85ec0f76efac8300e3f3cd9c8733e4dc50171d5de15cac147219d57c30e72ceddb3517214be98ac9dbbd43fdeb8,JF179473,Y,3/18/2022 20:00,30,UNKNOWN,UNKNOWN,UNKNOWN,UNKNOWN,PARKED MOTOR VEHICLE,NOT DIVIDED,,STRAIGHT AND LEVEL,UNKNOWN,UNKNOWN,NOT ON SCENE (DESK REPORT),NO INJURY / DRIVE AWAY,,,Y,"OVER $1,500",3/19/2022 16:47,UNABLE TO DETERMINE,NOT APPLICABLE,4234,W,49TH ST,815,,,,,,,2,NO INDICATION OF INJURY,0,0,0,0,0,1,0,20,6,3,41.80424585,-87.72974841,POINT (-87.729748411697 41.804245851532)
4d825b6a13e670c4625126ccbfc586df164ab4333b1a44eb42411c43f7a2ffb688d0da89130e350cba51fd7cfe48415d9f5f87fb8835198f2b6999648ea5bd7a,JF179390,,3/19/2022 13:04,30,STOP SIGN/FLASHER,FUNCTIONING PROPERLY,RAIN,DAYLIGHT,ANGLE,FOUR WAY,,STRAIGHT AND LEVEL,WET,NO DEFECTS,ON SCENE,INJURY AND / OR TOW DUE TO CRASH,Y,,Y,"OVER $1,500",3/19/2022 13:07,DISREGARDING STOP SIGN,IMPROPER OVERTAKING/PASSING,2200,E,76TH ST,414,,Y,,,,,2,NO INDICATION OF INJURY,0,0,0,0,0,2,0,13,7,3,41.75722836,-87.57117446,POINT (-87.571174459614 41.757228359172)