CRASH_RECORD_ID,RD_NO,CRASH_DATE_EST_I,CRASH_DATE,POSTED_SPEED_LIMIT,TRAFFIC_CONTROL_DEVICE,DEVICE_CONDITION,WEATHER_CONDITION,LIGHTING_CONDITION,FIRST_CRASH_TYPE,TRAFFICWAY_TYPE,LANE_CNT,ALIGNMENT,ROADWAY_SURFACE_COND,ROAD_DEFECT,REPORT_TYPE,CRASH_TYPE,INTERSECTION_RELATED_I,NOT_RIGHT_OF_WAY_I,HIT_AND_RUN_I,DAMAGE,DATE_POLICE_NOTIFIED,PRIM_CONTRIBUTORY_CAUSE,SEC_CONTRIBUTORY_CAUSE,STREET_NO,STREET_DIRECTION,STREET_NAME,BEAT_OF_OCCURRENCE,PHOTOS_TAKEN_I,STATEMENTS_TAKEN_I,DOORING_I,WORK_ZONE_I,WORK_ZONE_TYPE,WORKERS_PRESENT_I,NUM_UNITS,MOST_SEVERE_INJURY,INJURIES_TOTAL,INJURIES_FATAL,INJURIES_INCAPACITATING,INJURIES_NON_INCAPACITATING,INJURIES_REPORTED_NOT_EVIDENT,INJURIES_NO_INDICATION,INJURIES_UNKNOWN,CRASH_HOUR,CRASH_DAY_OF_WEEK,CRASH_MONTH,LATITUDE,LONGITUDE,LOCATION
6438c123861cccf3c59ada15c46b5e5ed95d556074084b9cd9db6d998b9a3d78f986e53cf8ce557096e685f5f58a5081a10967b9d2c4879a8822069d681d5bed,JF179568,,3/19/2022 14:00,30,STOP SIGN/FLASHER,FUNCTIONING PROPERLY,RAIN,DAYLIGHT,ANGLE,ONE-WAY,,STRAIGHT AND LEVEL,WET,NO DEFECTS,ON SCENE,INJURY AND / OR TOW DUE TO CRASH,Y,,,"OVER $1,500",3/19/2022 16:51,DISREGARDING STOP SIGN,FAILING TO REDUCE SPEED TO AVOID CRASH,8400,S,MICHIGAN AVE,632,,,,,,,2,NONINCAPACITATING INJURY,2,0,0,2,0,0,0,14,7,3,41.74178837,-87.62128157,POINT (-87.621281565184 41.741788364596)
64ad05589960de2195d111c2bf70ed8921a3c63a2fdc74df46227a304697ec46f008f2dbbff44bd006cd1896bb28a23d551514cb285b2a73a8f9cd7f252a907c,JF178975,,3/19/2022 2:55,30,TRAFFIC SIGNAL,FUNCTIONING PROPERLY,RAIN,"DARKNESS, LIGHTED ROAD",FIXED OBJECT,FOUR WAY,,STRAIGHT AND LEVEL,WET,NO DEFECTS,ON SCENE,INJURY AND / OR TOW DUE TO CRASH,Y,,Y,"OVER $1,500",3/19/2022 3:16,NOT APPLICABLE,NOT APPLICABLE,201,N,OGDEN AVE,1215,,,,,,,1,NO INDICATION OF INJURY,0,0,0,0,0,1,0,2,7,3,41.88582845,-87.66229939,POINT (-87.662299389219 41.885828446802)
2e8209bdccb7f7204579e45d753eed6dc7085bf477a4637df784b4466d04906154303b2c5f251031f46c323c13caeacd6e9aa066c3e71bc6a9bbd4aaa8ad5d1a,JF178607,,3/18/2022 16:40,35,NO CONTROLS,NO CONTROLS,RAIN,DAYLIGHT,SIDESWIPE SAME DIRECTION,NOT DIVIDED,,STRAIGHT ON GRADE,WET,NO DEFECTS,NOT ON SCENE (DESK REPORT),NO INJURY / DRIVE AWAY,,,,"OVER $1,500",3/18/2022 17:45,WEATHER,NOT APPLICABLE,5166,S,ARCHER AVE,815,,,,,,,2,NO INDICATION OF INJURY,0,0,0,0,0,2,0,16,6,3,41.80035072,-87.73288692,POINT (-87.732886920119 41.800350719351)
585a370d1842501550e9d922bb0aa64cfea2b57caa081e73c4f6ab96928f5cb0534e0256fd112aeb0ac6f2bdac620e994a6f9687411e76f7ddaf1541f855ea95,JF179882,,3/19/2022 23:41,35,TRAFFIC SIGNAL,FUNCTIONING PROPERLY,CLEAR,"DARKNESS, LIGHTED ROAD",ANGLE,NOT DIVIDED,,STRAIGHT AND LEVEL,WET,NO DEFECTS,ON SCENE,INJURY AND / OR TOW DUE TO CRASH,Y,,,"OVER $1,500",3/19/2022 23:42,DISREGARDING TRAFFIC SIGNALS,DISREGARDING TRAFFIC SIGNALS,7102,S,INDIANA AVE,323,,,,,,,2,NO INDICATION OF INJURY,0,0,0,0,0,2,0,23,7,3,41.76546249,-87.62022574,POINT (-87.620225741355 41.765462488248)
07004810758e83fd0f0a2b8ffd57b9a7fd1d9089e4b9931a0f444e7fe9ff1ee5f67ba7f5535db05f8bd83f62e71ebceea4ae0e956631ba1cfa6ad92ffb2e566d,JE149243,,2/22/2021 19:43,30,TRAFFIC SIGNAL,FUNCTIONING PROPERLY,CLEAR,"DARKNESS, LIGHTED ROAD",TURNING,FOUR WAY,,STRAIGHT AND LEVEL,DRY,NO DEFECTS,,INJURY AND / OR TOW DUE TO CRASH,,,Y,"$501 - $1,500",2/22/2021 20:03,FAILING TO YIELD RIGHT-OF-WAY,FAILING TO REDUCE SPEED TO AVOID CRASH,1501,S,CALIFORNIA BLVD,1023,,,,,,,2,NO INDICATION OF INJURY,0,0,0,0,0,2,0,19,2,2,41.86112443,-87.69560234,POINT (-87.695602337173 41.861124432598)
8b4eff1c0912f9b20cf81e378c982edd29f94f0af17a6550dcb8911d16a836820a827b4937141f780db83237f5f24c4e1b69c923f16dbe02a1d7935618b6fabf,JF179491,N,3/19/2022 14:00,30,NO CONTROLS,NO CONTROLS,RAIN,DAYLIGHT,PARKED MOTOR VEHICLE,NOT DIVIDED,,STRAIGHT AND LEVEL,WET,UNKNOWN,ON SCENE,INJURY AND / OR TOW DUE TO CRASH,,,,"OVER $1,500",3/19/2022 15:35,NOT APPLICABLE,NOT APPLICABLE,308,E,53RD ST,231,,,,,,,2,NO INDICATION OF INJURY,0,0,0,0,0,1,0,14,7,3,41.79852265,-87.61889762,POINT (-87.618897615788 41.79852264768)
07085d28ed950182160ca1c075ca447d3e8db1bc5ea39eef0e775b94dee7b7edd2f1c391ee4482ddd531e6e4da593effac45686f8a772db4256bd9ac5766a269,JC340638,,7/8/2019 21:34,30,TRAFFIC SIGNAL,FUNCTIONING PROPERLY,CLEAR,"DARKNESS, LIGHTED ROAD",SIDESWIPE SAME DIRECTION,NOT DIVIDED,,STRAIGHT AND LEVEL,DRY,NO DEFECTS,,NO INJURY / DRIVE AWAY,,,,"$501 - $1,500",7/8/2019 21:34,UNABLE TO DETERMINE,UNABLE TO DETERMINE,10256,S,HALSTED ST,2232,,Y,,,,,2,NO INDICATION OF INJURY,0,0,0,0,0,2,0,21,2,7,41.7070619,-87.64298517,POINT (-87.642985171588 41.707061903841)
bc58db5552242a20405f3d6ad0d449a2d5c9b7e2e10f65a0eac944f912e98d83b81d169ad599e212d6e1e31908c736f49ed9dc876a1df8cd8b041fe87ab3e7e1,JF179345,,2/21/2022 12:00,30,STOP SIGN/FLASHER,FUNCTIONING PROPERLY,UNKNOWN,DAYLIGHT,ANGLE,FOUR WAY,,STRAIGHT AND LEVEL,UNKNOWN,NO DEFECTS,NOT ON SCENE (DESK REPORT),NO INJURY / DRIVE AWAY,Y,,,"$501 - $1,500",3/19/2022 13:20,FAILING TO YIELD RIGHT-OF-WAY,UNABLE TO DETERMINE,8500,S,RACINE AVE,613,,,,,,,2,NO INDICATION OF INJURY,0,0,0,0,0,2,0,12,2,2,41.73948395,-87.6535841,POINT (-87.653584103794 41.73948395236)
4131531f28843088fe2b7570aa2016ee17f28232b07c2c3f8cb3cb1005d3200ff81c348d291434d60d02e0d0ac6f4085ef21a18771ef3ca7876d07d829a2ede9,JF179360,,3/18/2022 22:00,45,NO CONTROLS,NO CONTROLS,RAIN,"DARKNESS, LIGHTED ROAD",SIDESWIPE SAME DIRECTION,DIVIDED - W/MEDIAN BARRIER,,STRAIGHT AND LEVEL,WET,UNKNOWN,NOT ON SCENE (DESK REPORT),NO INJURY / DRIVE AWAY,Y,,,"OVER $1,500",3/19/2022 13:30,IMPROPER LANE USAGE,IMPROPER LANE USAGE,799,N,LAKE SHORE DR NB,1833,,,,,,,2,NO INDICATION OF INJURY,0,0,0,0,0,2,0,22,6,3,41.89682661,-87.61650404,POINT (-87.616504038799 41.896826606292)
26b8ecd7b74ffe9c20d123f4efc1d37e232606c5fea474aab7cdd829b691a23e39a3d92bb0aa27f86cef0ae68720fd82f3a13b8fb26ebb7f7676c54ca2f6d8bc,JF179029,,3/19/2022 5:17,30,NO CONTROLS,NO CONTROLS,RAIN,"DARKNESS, LIGHTED ROAD",TURNING,NOT DIVIDED,,STRAIGHT AND LEVEL,WET,UNKNOWN,ON SCENE,INJURY AND / OR TOW DUE TO CRASH,,,,"OVER $1,500",3/19/2022 5:18,IMPROPER TURNING/NO SIGNAL,NOT APPLICABLE,3241,S,KEDZIE AVE,1033,,,,,,,2,NO INDICATION OF INJURY,0,0,0,0,0,2,0,5,7,3,41.83407368,-87.70458749,POINT (-87.704587492822 41.834073680513)
5268787c50f7deab92a5d7b0c70e94ccb9a405950ec4342ad6950b6b61799eef7cba73d300f0634f1b69d87498b1f1fee871eca9c9e3a840275f2f0602788f97,JF179622,,3/19/2022 1:00,30,NO CONTROLS,NO CONTROLS,RAIN,DAWN,REAR END,NOT DIVIDED,,STRAIGHT AND LEVEL,WET,NO DEFECTS,NOT ON SCENE (DESK REPORT),NO INJURY / DRIVE AWAY,,,,"OVER $1,500",3/19/2022 18:00,"OPERATING VEHICLE IN ERRATIC, RECKLESS, CARELESS, NEGLIGENT OR AGGRESSIVE MANNER","OPERATING VEHICLE IN ERRATIC, RECKLESS, CARELESS, NEGLIGENT OR AGGRESSIVE MANNER",3404,N,CLARK ST,1924,Y,,,,,,2,NO INDICATION OF INJURY,0,0,0,0,0,2,0,1,7,3,41.94364615,-87.65382314,POINT (-87.653823139982 41.943646148999)
8088f76bc2a9e078d59200c372b502e3d51d041c672707b63e35c800b435c50a6626a74ca1b07d8f245d1d295bf5b828a081dfd58035d6603bc67fbeac83db36,JF179877,,3/19/2022 23:37,30,NO CONTROLS,NO CONTROLS,CLEAR,"DARKNESS, LIGHTED ROAD",FIXED OBJECT,ONE-WAY,,STRAIGHT AND LEVEL,DRY,NO DEFECTS,ON SCENE,INJURY AND / OR TOW DUE TO CRASH,,,,"OVER $1,500",3/19/2022 23:38,"OPERATING VEHICLE IN ERRATIC, RECKLESS, CARELESS, NEGLIGENT OR AGGRESSIVE MANNER",UNDER THE INFLUENCE OF ALCOHOL/DRUGS (USE WHEN ARREST IS EFFECTED),2712,W,MELROSE ST,1733,,,,,,,2,NO INDICATION OF INJURY,0,0,0,0,0,1,0,23,7,3,41.94036441,-87.69582218,POINT (-87.695822176365 41.940364411883)
9a7d95a4cdf28fc174686553a786625a03f99e9566a40e823df6224d99997813ba2711f28cc9f8ee0b87f952f08a3a3fa205dc344146d80cc4214ccde98d4b72,JF179644,,3/19/2022 17:48,15,NO CONTROLS,NO CONTROLS,RAIN,DAYLIGHT,PEDALCYCLIST,NOT DIVIDED,,STRAIGHT AND LEVEL,WET,NO DEFECTS,ON SCENE,NO INJURY / DRIVE AWAY,,,,"$501 - $1,500",3/19/2022 17:52,FAILING TO YIELD RIGHT-OF-WAY,UNABLE TO DETERMINE,4947,S,WOLCOTT AVE,931,,,,,,,2,NO INDICATION OF INJURY,0,0,0,0,0,2,0,17,7,3,41.80349062,-87.67198093,POINT (-87.671980931945 41.803490619874)
2cf708d467bda48bbb7aeb8e2800d74aca5c06cd460a74e7a32465046ffd4a01405310d81692222b557bbe2e5df27d8096936072b4585d7329d72e7ffa299111,JF178289,,3/18/2022 13:05,30,TRAFFIC SIGNAL,FUNCTIONING PROPERLY,RAIN,DAYLIGHT,TURNING,FOUR WAY,,STRAIGHT AND LEVEL,WET,NO DEFECTS,ON SCENE,NO INJURY / DRIVE AWAY,Y,,,"$501 - $1,500",3/18/2022 13:07,UNABLE TO DETERMINE,UNABLE TO DETERMINE,6300,S,CENTRAL AVE,812,,,,,,,2,NO INDICATION OF INJURY,0,0,0,0,0,2,0,13,6,3,41.77800459,-87.76185936,POINT (-87.761859354734 41.778004590539)
092d3410c046066d0319761ac4d3dde69126eed6c944ff946cf280c12fab576b43771c75d6015a662d3b1ec6fd238d044dcbdce002578c3a81df705e454e505f,JF186408,,3/25/2022 15:25,30,TRAFFIC SIGNAL,FUNCTIONING PROPERLY,CLEAR,DAYLIGHT,REAR END,FOUR WAY,,STRAIGHT AND LEVEL,DRY,NO DEFECTS,NOT ON SCENE (DESK REPORT),NO INJURY / DRIVE AWAY,Y,,,"OVER $1,500",3/25/2022 15:40,FOLLOWING TOO CLOSELY,FOLLOWING TOO CLOSELY,900,W,GARFIELD BLVD,934,,,,,,,2,NO INDICATION OF INJURY,0,0,0,0,0,2,0,15,6,3,41.79438646,-87.64772262,POINT (-87.64772261911 41.794386462984)
22b8ccb129b36ca936d1f0ab61d7b2c6de51e98ac003f823f62184b857e648f8b64d56733cafb5b775ade80c3a4a7b71833f1fdb40290eccda2f31fc1498b3c2,JF179389,,3/19/2022 13:30,30,TRAFFIC SIGNAL,FUNCTIONING IMPROPERLY,RAIN,DAYLIGHT,TURNING,FOUR WAY,,STRAIGHT AND LEVEL,WET,UNKNOWN,NOT ON SCENE (DESK REPORT),INJURY AND / OR TOW DUE TO CRASH,Y,,,"OVER $1,500",3/19/2022 14:00,IMPROPER TURNING/NO SIGNAL,FOLLOWING TOO CLOSELY,651,S,DESPLAINES ST,124,Y,Y,,,,,2,NO INDICATION OF INJURY,0,0,0,0,0,2,0,13,7,3,41.87357464,-87.64371723,POINT (-87.643717234346 41.873574640299)
8ea7c785e94b7df6616393bcb3ca02af52dc281af498a361dfdb2ec593d3d081462dc1cbd46f6c95f0a33b9a1d6fda46eb5d6db9eebde0cdbb17049f84552126,JF178976,Y,3/19/2022 3:15,30,NO CONTROLS,NO CONTROLS,RAIN,DUSK,PARKED MOTOR VEHICLE,NOT DIVIDED,,STRAIGHT AND LEVEL,WET,NO DEFECTS,ON SCENE,INJURY AND / OR TOW DUE TO CRASH,,,,"$501 - $1,500",3/19/2022 3:16,WEATHER,DISTRACTION - FROM INSIDE VEHICLE,845,E,76TH ST,624,,,,,,,2,NO INDICATION OF INJURY,0,0,0,0,0,1,0,3,7,3,41.75666908,-87.60353586,POINT (-87.603535862826 41.756669082277)
9075889dd2abca865376cd920ede6a05d7619c6f83c44555b1ededd8c777227f3f50364eda8588a370d7db252ee485242b7d858eb98811656d3b1fbb22e4227c,JF179781,Y,3/13/2022 0:01,25,UNKNOWN,UNKNOWN,UNKNOWN,UNKNOWN,PARKED MOTOR VEHICLE,UNKNOWN,,STRAIGHT AND LEVEL,UNKNOWN,UNKNOWN,ON SCENE,NO INJURY / DRIVE AWAY,,,,"$501 - $1,500",3/19/2022 20:25,NOT APPLICABLE,NOT APPLICABLE,701,N,SACRAMENTO BLVD,1221,,,,,,,2,NO INDICATION OF INJURY,0,0,0,0,0,1,0,0,1,3,41.89379723,-87.70200421,POINT (-87.702004213035 41.893797229945)
6cab618231b6cb5c6b6dc4e606b53ec12bb7ac81182d9cf5a532be1e886c5974fae6e13b7e2c604cf609e957783129bfaab29146516f3b2ff0ff474ee640cd07,JF179537,,3/14/2022 16:00,20,NO CONTROLS,NO CONTROLS,UNKNOWN,DAYLIGHT,PARKED MOTOR VEHICLE,PARKING LOT,,STRAIGHT AND LEVEL,UNKNOWN,NO DEFECTS,NOT ON SCENE (DESK REPORT),NO INJURY / DRIVE AWAY,,Y,Y,"$501 - $1,500",3/19/2022 16:15,UNABLE TO DETERMINE,UNABLE TO DETERMINE,12600,S,TORRENCE AVE,433,,,,,,,2,NO INDICATION OF INJURY,0,0,0,0,0,1,0,16,2,3,41.66611299,-87.55900308,POINT (-87.559003080261 41.666112991211)
a4d20291247e7cb9f30dec286c3e6e5bd3bcee82fb55c284dde60a0859354283987e21c9d12eb3c1512690f680e675da683a25760c285fb4232e6d858206b2f7,JF179512,,3/19/2022 15:57,35,NO CONTROLS,NO CONTROLS,RAIN,DAYLIGHT,SIDESWIPE SAME DIRECTION,T-INTERSECTION,,STRAIGHT AND LEVEL,WET,NO DEFECTS,ON SCENE,NO INJURY / DRIVE AWAY,Y,,,"$501 - $1,500",3/19/2022 15:57,DRIVING SKILLS/KNOWLEDGE/EXPERIENCE,UNABLE TO DETERMINE,700,W,83RD ST,622,,,,,,,2,NO INDICATION OF INJURY,0,0,0,0,0,3,0,15,7,3,41.74350139,-87.64187955,POINT (-87.641879548276 41.743501393885)
b730b447bd30b44c151dc9aceecbeb1f4980305ac3bb5e070369db5836aa58399651e211ce64de46defc7b083da51dfcba31c253bec19ba0517ecd7cf71df9a3,JF179215,,3/19/2022 11:30,30,TRAFFIC SIGNAL,FUNCTIONING PROPERLY,RAIN,DAYLIGHT,ANGLE,DIVIDED - W/MEDIAN (NOT RAISED),,STRAIGHT AND LEVEL,WET,NO DEFECTS,ON SCENE,INJURY AND / OR TOW DUE TO CRASH,Y,,,"OVER $1,500",3/19/2022 11:33,DISREGARDING TRAFFIC SIGNALS,NOT APPLICABLE,6700,S,STEWART AVE,722,,,,,,,2,NO INDICATION OF INJURY,0,0,0,0,0,3,0,11,7,3,41.77257233,-87.63499899,POINT (-87.634998989473 41.772572327591)
b24eab08b7f21309899bba398e4fbd683822734b0251a8e3dac27c7045cdd0a99fee8678bed8b7e4f74cf7e7e1570d1e631e4f16353afb65a24b5a826f32f045,JF179132,,3/17/2022 16:25,30,NO CONTROLS,NO CONTROLS,CLEAR,DAYLIGHT,TURNING,NOT DIVIDED,,STRAIGHT AND LEVEL,DRY,NO DEFECTS,NOT ON SCENE (DESK REPORT),NO INJURY / DRIVE AWAY,,,N,"$501 - $1,500",3/19/2022 9:50,IMPROPER TURNING/NO SIGNAL,NOT APPLICABLE,2300,N,LINCOLN AVE,1812,,,,,,,2,NO INDICATION OF INJURY,0,0,0,0,0,5,0,16,5,3,41.92362447,-87.64642729,POINT (-87.64642729029 41.92362446591)
2ec0b51db3cb4db824b702896f0eea8efa84e653b22a77e88b0762fa01796e0d3d15c3c85d063047218984ed77452702cd8017ef4a653c6b13a1631783fef983,,,3/30/2022 8:00,30,NO CONTROLS,NO CONTROLS,CLEAR,DAYLIGHT,PARKED MOTOR VEHICLE,ONE-WAY,,STRAIGHT AND LEVEL,UNKNOWN,UNKNOWN,ON SCENE,NO INJURY / DRIVE AWAY,,,,"OVER $1,500",3/30/2022 9:00,UNABLE TO DETERMINE,UNABLE TO DETERMINE,1041,N,LONG AVE,1524,,,,,,,2,NO INDICATION OF INJURY,0,0,0,0,0,1,0,8,4,3,41.89979495,-87.76066447,POINT (-87.760664472138 41.899794947731)
8fea151e89093b3b633c14029789f4f0f49f18e70cf2564cc7abb4aebe5db007e7052317622a1966559603e80a365ea950e038c2269b9d49439b9f702edc503e,,,4/1/2022 15:00,30,TRAFFIC SIGNAL,FUNCTIONING PROPERLY,CLEAR,DAYLIGHT,TURNING,DIVIDED - W/MEDIAN (NOT RAISED),,STRAIGHT AND LEVEL,DRY,NO DEFECTS,NOT ON SCENE (DESK REPORT),NO INJURY / DRIVE AWAY,Y,,,"OVER $1,500",4/2/2022 14:45,UNABLE TO DETERMINE,UNABLE TO DETERMINE,4601,W,ADDISON ST,1731,,,,,,,2,NO INDICATION OF INJURY,0,0,0,0,0,2,0,15,6,4,41.94607298,-87.74255925,POINT (-87.742559252857 41.946072982408)
1f9e10de5917a4a08ac8d50367f2762d251729ba19e6232e1555e2f286318d1d6807b1af80d90ea9bbbd2bae6bd6303d5283b7710ee0e674abef9202762ce286,,,4/2/2022 16:15,35,STOP SIGN/FLASHER,FUNCTIONING PROPERLY,RAIN,DAYLIGHT,ANGLE,NOT DIVIDED,,STRAIGHT AND LEVEL,WET,NO DEFECTS,NOT ON SCENE (DESK REPORT),NO INJURY / DRIVE AWAY,,,,"OVER $1,500",4/2/2022 16:33,NOT APPLICABLE,NOT APPLICABLE,4934,S,KEDZIE AVE,821,,,,,,,2,NO INDICATION OF INJURY,0,0,0,0,0,4,0,16,7,4,41.80344571,-87.70398627,POINT (-87.70398627177 41.803445713074)
6f465f34272d234f021cda59480ed6f0a3b03e8a55e86135b0290c23a3deb57bb37025ab43c6fcbc41564705238f1212a9dbe07b243e3abcef40c31ecb4c74e7,,,4/2/2022 16:59,30,NO CONTROLS,NO CONTROLS,RAIN,DAYLIGHT,TURNING,NOT DIVIDED,,STRAIGHT AND LEVEL,WET,NO DEFECTS,ON SCENE,INJURY AND / OR TOW DUE TO CRASH,,,,"OVER $1,500",4/2/2022 17:02,FAILING TO YIELD RIGHT-OF-WAY,DRIVING SKILLS/KNOWLEDGE/EXPERIENCE,4751,W,HARRISON ST,1131,,,,,,,2,NO INDICATION OF INJURY,0,0,0,0,0,5,0,16,7,4,41.87305042,-87.74456521,POINT (-87.744565208686 41.873050422045)
f462bb5445efd6d71a0f5d1966ac78f78a6fbb5276e3071799ff4f7e814d65ddb9fc4d311acad26c039d5a66baeebf6c48b74b8281ded150eeaae0abb214816b,,,4/1/2022 4:19,30,STOP SIGN/FLASHER,FUNCTIONING PROPERLY,RAIN,"DARKNESS, LIGHTED ROAD",REAR TO SIDE,FOUR WAY,,STRAIGHT AND LEVEL,WET,NO DEFECTS,ON SCENE,NO INJURY / DRIVE AWAY,Y,,,"OVER $1,500",4/1/2022 4:28,UNABLE TO DETERMINE,UNABLE TO DETERMINE,4800,S,CICERO AVE,814,,,,,,,2,NO INDICATION OF INJURY,0,0,0,0,0,2,0,4,6,4,41.80570701,-87.74325203,POINT (-87.743252028253 41.805707012223)
861c816327ea1e3bf1b973413323357ae68ec8a0d4a6996578710ed5d18dff08b476b95aa6699c65d0e9c8006a32ea183805a7090e2984c8fd69179753f4c1b0,,,4/2/2022 18:45,30,NO CONTROLS,NO CONTROLS,SNOW,DUSK,TURNING,DIVIDED - W/MEDIAN (NOT RAISED),,STRAIGHT AND LEVEL,WET,NO DEFECTS,ON SCENE,INJURY AND / OR TOW DUE TO CRASH,,,,"OVER $1,500",4/2/2022 18:45,FAILING TO YIELD RIGHT-OF-WAY,NOT APPLICABLE,1604,W,MORSE AVE,2431,,,,,,,2,NONINCAPACITATING INJURY,1,0,0,1,0,1,0,18,7,4,42.00794416,-87.67030208,POINT (-87.670302082245 42.007944158926)
12f194562aede627ddce12e4246a6663481da0059ba775fcf7cfbd51966d0581f66625359a60c4b5bd4745c85af342b9f8f551c29af4247987e3c6c6a3a08fa1,,,4/2/2022 17:10,30,NO CONTROLS,NO CONTROLS,RAIN,DAYLIGHT,PARKED MOTOR VEHICLE,NOT DIVIDED,,STRAIGHT AND LEVEL,WET,UNKNOWN,NOT ON SCENE (DESK REPORT),NO INJURY / DRIVE AWAY,,,,"$501 - $1,500",4/2/2022 17:20,UNABLE TO DETERMINE,UNABLE TO DETERMINE,2621,W,LAWRENCE AVE,1911,,,,,,,2,NO INDICATION OF INJURY,0,0,0,0,0,1,0,17,7,4,41.96845371,-87.69470467,POINT (-87.694704670191 41.968453711367)
33681c8ad3d2bd74d44b2421b1e346785d2adf3076a555c3ee8596d655f9dabefcf72f1a16691188f33602366b925fd9bc272b46542ac0421a08d91749c91d9e,,,4/2/2022 15:18,30,TRAFFIC SIGNAL,UNKNOWN,RAIN,DAYLIGHT,PEDESTRIAN,NOT DIVIDED,,STRAIGHT AND LEVEL,WET,UNKNOWN,ON SCENE,INJURY AND / OR TOW DUE TO CRASH,,,,$500 OR LESS,4/2/2022 15:38,FAILING TO YIELD RIGHT-OF-WAY,WEATHER,149,W,WASHINGTON ST,122,,Y,,,,,2,"REPORTED, NOT EVIDENT",1,0,0,0,1,1,0,15,7,4,41.88309967,-87.63233102,POINT (-87.632331022684 41.883099668424)
73a732b0d2a9991b2af151151c5047d2eed6fdb0777b0da11089701754ab7f387934af1b5035edef3ae6aae751078882bf927ec2534066e3ab8d6db15d4b32ac,JF179843,,3/19/2022 22:39,30,TRAFFIC SIGNAL,FUNCTIONING PROPERLY,CLEAR,"DARKNESS, LIGHTED ROAD",REAR END,TRAFFIC ROUTE,,STRAIGHT AND LEVEL,WET,NO DEFECTS,ON SCENE,INJURY AND / OR TOW DUE TO CRASH,Y,,,"OVER $1,500",3/19/2022 22:39,DISREGARDING TRAFFIC SIGNALS,NOT APPLICABLE,3400,W,ROOSEVELT RD,1133,,,,,,,3,INCAPACITATING INJURY,1,0,1,0,0,3,0,22,7,3,41.86645727,-87.71066733,POINT (-87.710667331739 41.866457268922)
4c948f4086702488f915e109037ba6d71805f4192cba076d763fd554cd280c5cc75ecb0b52981c8cf96c7f69593c41f238760bbfee06c2c1d9350b021ad2b4e9,,,4/1/2022 10:45,25,NO CONTROLS,NO CONTROLS,CLEAR,DAYLIGHT,SIDESWIPE SAME DIRECTION,ONE-WAY,,STRAIGHT AND LEVEL,DRY,NO DEFECTS,NOT ON SCENE (DESK REPORT),NO INJURY / DRIVE AWAY,,,,"OVER $1,500",4/1/2022 10:48,FAILING TO YIELD RIGHT-OF-WAY,DRIVING SKILLS/KNOWLEDGE/EXPERIENCE,1,W,TERMINAL ST,1651,,,,,,,2,NO INDICATION OF INJURY,0,0,0,0,0,2,0,10,6,4,,,
42149a6bca724163feaf51fa704ec27dee92572ca7cd980435340dc3ac0a6d22ee83cc0f6bc385e32aac660abbc23f39e9d8b66c33773c74711f7fc27b75ef0f,,,4/2/2022 15:05,30,TRAFFIC SIGNAL,FUNCTIONING PROPERLY,RAIN,DAYLIGHT,REAR END,DIVIDED - W/MEDIAN (NOT RAISED),,STRAIGHT AND LEVEL,WET,NO DEFECTS,NOT ON SCENE (DESK REPORT),NO INJURY / DRIVE AWAY,,,,"OVER $1,500",4/2/2022 15:30,UNABLE TO DETERMINE,UNABLE TO DETERMINE,4444,N,ELSTON AVE,1722,,,,,,,2,NO INDICATION OF INJURY,0,0,0,0,0,2,0,15,7,4,41.96171972,-87.73106111,POINT (-87.731061111851 41.961719723595)
cdb9dfc37211726cdb369c0fbc26335e911a89150353bcace6c4f164340f6f55d84f546737a8381ff7ea5d230a2713838ad8efba62dbda793ed623ba88ee2577,,,4/1/2022 7:30,30,NO CONTROLS,NO CONTROLS,UNKNOWN,UNKNOWN,PARKED MOTOR VEHICLE,NOT DIVIDED,,STRAIGHT AND LEVEL,UNKNOWN,UNKNOWN,NOT ON SCENE (DESK REPORT),NO INJURY / DRIVE AWAY,,,Y,"OVER $1,500",4/2/2022 12:26,UNABLE TO DETERMINE,UNABLE TO DETERMINE,11347,S,CENTRAL PARK AVE,2211,,,,,,,2,NO INDICATION OF INJURY,0,0,0,0,0,1,0,7,6,4,41.68639649,-87.71023099,POINT (-87.710230987535 41.686396491962)
5229d135fcf6ebc5b6f24066183bae37850ed555ac819d78d95387a20c60e84ec278f6600d0fd2d33fc7ebc60c04d506df286a728880d051dc0dc9d68a578336,,Y,4/2/2022 2:00,30,NO CONTROLS,NO CONTROLS,CLEAR,"DARKNESS, LIGHTED ROAD",PARKED MOTOR VEHICLE,ONE-WAY,,STRAIGHT ON GRADE,DRY,NO DEFECTS,ON SCENE,NO INJURY / DRIVE AWAY,,,Y,"$501 - $1,500",4/2/2022 8:11,FAILING TO REDUCE SPEED TO AVOID CRASH,NOT APPLICABLE,11123,S,ASHLAND AVE,2234,,,,,,,2,NO INDICATION OF INJURY,0,0,0,0,0,1,0,2,7,4,41.69143106,-87.66207032,POINT (-87.662070317391 41.691431058328)
7874e4cf3a94c89c7fd3847314dfc31837fec4275edab5070c2decde14c5d1bc32d9fd8e4f399d889c22decc34be918738e9375ef65adb6a913d995352cbda2c,,,4/2/2022 0:54,35,TRAFFIC SIGNAL,FUNCTIONING PROPERLY,CLEAR,"DARKNESS, LIGHTED ROAD",FIXED OBJECT,NOT DIVIDED,,STRAIGHT AND LEVEL,DRY,NO DEFECTS,ON SCENE,INJURY AND / OR TOW DUE TO CRASH,,,,"OVER $1,500",4/2/2022 0:54,FAILING TO REDUCE SPEED TO AVOID CRASH,UNABLE TO DETERMINE,1750,W,119TH ST,2234,,,,,,,1,NO INDICATION OF INJURY,0,0,0,0,0,1,0,0,7,4,41.67756731,-87.66584493,POINT (-87.665844925659 41.677567307473)