CRASH_RECORD_ID,RD_NO,CRASH_DATE_EST_I,CRASH_DATE,POSTED_SPEED_LIMIT,TRAFFIC_CONTROL_DEVICE,DEVICE_CONDITION,WEATHER_CONDITION,LIGHTING_CONDITION,FIRST_CRASH_TYPE,TRAFFICWAY_TYPE,LANE_CNT,ALIGNMENT,ROADWAY_SURFACE_COND,ROAD_DEFECT,REPORT_TYPE,CRASH_TYPE,INTERSECTION_RELATED_I,NOT_RIGHT_OF_WAY_I,HIT_AND_RUN_I,DAMAGE,DATE_POLICE_NOTIFIED,PRIM_CONTRIBUTORY_CAUSE,SEC_CONTRIBUTORY_CAUSE,STREET_NO,STREET_DIRECTION,STREET_NAME,BEAT_OF_OCCURRENCE,PHOTOS_TAKEN_I,STATEMENTS_TAKEN_I,DOORING_I,WORK_ZONE_I,WORK_ZONE_TYPE,WORKERS_PRESENT_I,NUM_UNITS,MOST_SEVERE_INJURY,INJURIES_TOTAL,INJURIES_FATAL,INJURIES_INCAPACITATING,INJURIES_NON_INCAPACITATING,INJURIES_REPORTED_NOT_EVIDENT,INJURIES_NO_INDICATION,INJURIES_UNKNOWN,CRASH_HOUR,CRASH_DAY_OF_WEEK,CRASH_MONTH,LATITUDE,LONGITUDE,LOCATION
a7a26367591d363bf2671a53965ac0a7c7e93e55dad15ab4383b5c80ad941abe9c24586cf00514e3ec272a122f80e2925ea444e767d83f99a5c999ca5cd060d0,,,4/2/2022 14:31,15,NO CONTROLS,NO CONTROLS,RAIN,DAYLIGHT,PARKED MOTOR VEHICLE,PARKING LOT,,STRAIGHT AND LEVEL,WET,UNKNOWN,NOT ON SCENE (DESK REPORT),NO INJURY / DRIVE AWAY,,,Y,"$501 - $1,500",4/2/2022 16:20,IMPROPER OVERTAKING/PASSING,IMPROPER OVERTAKING/PASSING,3939,W,OGDEN AVE,1013,,,,,,,2,NO INDICATION OF INJURY,0,0,0,0,0,1,0,14,7,4,41.85128849,-87.72385084,POINT (-87.723850843329 41.851288488406)
1827214dd11e9f7022ac7847827b3292e046ab45470d8a6dd52f547084df45a6305db1172828819329bbd1ab28f7cd1e8706d2da70c308dad93017ebc5847482,,,4/1/2022 19:40,30,STOP SIGN/FLASHER,FUNCTIONING PROPERLY,CLEAR,DAYLIGHT,SIDESWIPE SAME DIRECTION,ONE-WAY,,STRAIGHT AND LEVEL,DRY,NO DEFECTS,NOT ON SCENE (DESK REPORT),NO INJURY / DRIVE AWAY,,,,"$501 - $1,500",4/1/2022 19:50,NOT APPLICABLE,NOT APPLICABLE,6700,S,TRIPP AVE,833,,,,,,,2,NO INDICATION OF INJURY,0,0,0,0,0,3,0,19,6,4,41.77120925,-87.72881443,POINT (-87.728814424996 41.771209248654)
93cf850ac2801cb3dc5d74662102d9106a805bb548a6d839ee9ad9c79cb689238e05ac8fdbd8ba3f40f46187f66e8f4b762348a40a1abb60aa54299fcdb4da22,,,4/2/2022 11:22,25,NO CONTROLS,NO CONTROLS,CLEAR,DAYLIGHT,PARKED MOTOR VEHICLE,NOT DIVIDED,,STRAIGHT AND LEVEL,DRY,UNKNOWN,ON SCENE,NO INJURY / DRIVE AWAY,,,,"OVER $1,500",4/2/2022 11:22,FOLLOWING TOO CLOSELY,NOT APPLICABLE,6543,N,RIDGE BLVD,2432,,,,,,,2,NO INDICATION OF INJURY,0,0,0,0,0,2,0,11,7,4,42.00099814,-87.67807703,POINT (-87.678077030409 42.000998144385)
e5ff40ede61d24c8f4a008631522105f75aaae1774f81c8dc7fbdd5e9a76ba21c384d467784a153634132b72e408e7cb16129331d8e21e073c2e794042605c90,,,4/2/2022 16:30,30,NO CONTROLS,NO CONTROLS,RAIN,DAYLIGHT,PARKED MOTOR VEHICLE,ONE-WAY,,STRAIGHT AND LEVEL,WET,NO DEFECTS,NOT ON SCENE (DESK REPORT),NO INJURY / DRIVE AWAY,,,Y,"$501 - $1,500",4/2/2022 17:13,NOT APPLICABLE,NOT APPLICABLE,4645,S,SAWYER AVE,821,,,,,,,2,NO INDICATION OF INJURY,0,0,0,0,0,1,0,16,7,4,41.80859458,-87.70505878,POINT (-87.705058782463 41.808594580818)
588790b7426594b2cdf90d1f984065ae439ea265a12d25c366cd60a04a81fca0c5ccebcc7952c868f94cbf0f1fc10c011ab3bf6c4acced38a7d78eb632e0a9a5,,,4/1/2022 15:00,30,TRAFFIC SIGNAL,FUNCTIONING PROPERLY,CLEAR,DAYLIGHT,TURNING,NOT DIVIDED,,STRAIGHT AND LEVEL,DRY,SHOULDER DEFECT,NOT ON SCENE (DESK REPORT),NO INJURY / DRIVE AWAY,,,,"OVER $1,500",4/2/2022 10:20,UNABLE TO DETERMINE,NOT APPLICABLE,1600,W,GRAND AVE,1215,,,,,,,2,NO INDICATION OF INJURY,0,0,0,0,0,2,0,15,6,4,41.89108711,-87.66720406,POINT (-87.667204058408 41.891087112201)
b27a47b2c8bcb1433784e7efd1d5cb1fba6d03738ac7f7a81af27e1a56d890d5d954cdd2083de24b6ef4ba0d61d4a21b1bbe85f8d628dd49ce3118bddafa7d88,,,4/2/2022 11:45,20,NO CONTROLS,NO CONTROLS,CLEAR,DAYLIGHT,PARKED MOTOR VEHICLE,NOT DIVIDED,,STRAIGHT AND LEVEL,DRY,UNKNOWN,NOT ON SCENE (DESK REPORT),NO INJURY / DRIVE AWAY,Y,N,,"OVER $1,500",4/2/2022 13:20,UNABLE TO DETERMINE,NOT APPLICABLE,6199,N,CHRISTIANA AVE,1711,,,,,,,2,NO INDICATION OF INJURY,0,0,0,0,0,1,0,11,7,4,41.99341945,-87.71246931,POINT (-87.712469309511 41.993419449517)
7bf089ea3cde2dfd28a9c3b7d7ff4f615ea37c4f0e9051c82f0836049fddac4eca9ef7ad2598d3cbbd19aa8d4e3628f68035bb8e6c754b40aa1d890f047ab5cd,,,4/2/2022 14:45,30,NO CONTROLS,NO CONTROLS,RAIN,DAYLIGHT,PARKED MOTOR VEHICLE,NOT DIVIDED,,STRAIGHT AND LEVEL,WET,NO DEFECTS,ON SCENE,NO INJURY / DRIVE AWAY,,,,"OVER $1,500",4/2/2022 14:55,DRIVING SKILLS/KNOWLEDGE/EXPERIENCE,WEATHER,1219,N,HALSTED ST,1822,,,,,,,2,NO INDICATION OF INJURY,0,0,0,0,0,1,0,14,7,4,41.90397186,-87.64796269,POINT (-87.647962693536 41.903971863922)
ea15d74c6cffc6530e46e860587ab9b4328fd93dbaf3284337b4fe846895499be604826797b2cbcd8e197758d64fcd0cca052ecccd94d6d790135c220f9a020e,,,4/1/2022 17:00,30,TRAFFIC SIGNAL,FUNCTIONING PROPERLY,CLEAR,DAYLIGHT,REAR END,DIVIDED - W/MEDIAN (NOT RAISED),,STRAIGHT AND LEVEL,DRY,NO DEFECTS,NOT ON SCENE (DESK REPORT),NO INJURY / DRIVE AWAY,,,,"OVER $1,500",4/2/2022 13:20,UNABLE TO DETERMINE,UNABLE TO DETERMINE,3033,W,IRVING PARK RD,1733,,,,,,,2,NO INDICATION OF INJURY,0,0,0,0,0,3,0,17,6,4,41.95383191,-87.70449127,POINT (-87.704491272298 41.95383190814)
8c3e0efba4dbb227b41d670df9c77f9eeed96e0ed7bf785b1e6fdb5b246ba7883438cd43f300648b812618f50298d757137121f77cb13662df4e48ccfb905b07,,,3/31/2022 9:20,35,DELINEATORS,FUNCTIONING PROPERLY,RAIN,DAYLIGHT,REAR END,DIVIDED - W/MEDIAN BARRIER,,STRAIGHT ON GRADE,WET,NO DEFECTS,ON SCENE,NO INJURY / DRIVE AWAY,,,,"OVER $1,500",3/31/2022 9:20,DRIVING SKILLS/KNOWLEDGE/EXPERIENCE,NOT APPLICABLE,1501,S,LAKE SHORE DR E,132,,,,,,,3,NO INDICATION OF INJURY,0,0,0,0,0,4,0,9,5,3,41.86205243,-87.61813635,POINT (-87.618136351336 41.862052428489)
a6f64598de29bf452296f3980f5651d47bd5e9e87c5ec96201c1671a5f2f73bc9b7d14fe12e8b6471bfbe5539a56cb6bd6d18fafd19745685cd0d20af23d0f4d,,Y,4/2/2022 6:30,30,TRAFFIC SIGNAL,FUNCTIONING PROPERLY,CLEAR,DAYLIGHT,FIXED OBJECT,DIVIDED - W/MEDIAN (NOT RAISED),,STRAIGHT AND LEVEL,DRY,NO DEFECTS,ON SCENE,INJURY AND / OR TOW DUE TO CRASH,Y,Y,Y,"OVER $1,500",4/2/2022 6:32,UNABLE TO DETERMINE,UNABLE TO DETERMINE,5163,W,LAKE ST,1532,,,,,,,2,NO INDICATION OF INJURY,0,0,0,0,0,2,0,6,7,4,41.88708388,-87.75521877,POINT (-87.755218774228 41.88708387666)
f04f3c251f4e8218a490a96b52f2f391a6074dc300d57c9214a1ab6532020a53d403b6a4202099d757a18c89dc957e0d7e126798cc7b1a9cca12880b7b2313b0,,,4/2/2022 3:30,30,NO CONTROLS,NO CONTROLS,CLEAR,"DARKNESS, LIGHTED ROAD",FIXED OBJECT,NOT DIVIDED,,STRAIGHT AND LEVEL,DRY,NO DEFECTS,ON SCENE,INJURY AND / OR TOW DUE TO CRASH,,Y,Y,"OVER $1,500",4/2/2022 7:15,UNABLE TO DETERMINE,UNABLE TO DETERMINE,13356,S,CARONDOLET AVE,433,,,,,,,1,NO INDICATION OF INJURY,0,0,0,0,0,1,0,3,7,4,41.65200461,-87.54972657,POINT (-87.549726566034 41.652004610433)
65cb51f60f20b59d807a5431c11678a584944f03b154aabc4a91353c47af7c33c1eb8256c5931495fca03119da456b61ca6bfd946c5f050781ca9bd5d36e0ac3,,Y,4/1/2022 22:00,15,NO CONTROLS,NO CONTROLS,UNKNOWN,UNKNOWN,FIXED OBJECT,ALLEY,,STRAIGHT AND LEVEL,UNKNOWN,NO DEFECTS,ON SCENE,NO INJURY / DRIVE AWAY,,Y,Y,"OVER $1,500",4/2/2022 10:11,UNABLE TO DETERMINE,UNABLE TO DETERMINE,814,N,KEELER AVE,1111,Y,,,,,,1,NO INDICATION OF INJURY,0,0,0,0,0,1,0,22,6,4,41.89576383,-87.73117528,POINT (-87.73117528372 41.895763825641)
b3aa2b3e39f187dd3f20bea661c53b69ba6cb69d1a6cc73b55c999e287f3224f1b82dc88bb4ad8ce56b529277e319aa4b204bb340be21f00ac992d7b39782a99,,,4/2/2022 15:30,30,NO CONTROLS,NO CONTROLS,RAIN,DAYLIGHT,REAR END,UNKNOWN,,STRAIGHT AND LEVEL,WET,NO DEFECTS,NOT ON SCENE (DESK REPORT),NO INJURY / DRIVE AWAY,,,,"OVER $1,500",4/2/2022 16:48,FOLLOWING TOO CLOSELY,NOT APPLICABLE,800,N,LAKE SHORE DR,1833,,,,,,,2,NO INDICATION OF INJURY,0,0,0,0,0,2,0,15,7,4,41.89682805,-87.6172077,POINT (-87.617207703311 41.896828045009)
d62f68bef2101df60049cf1d8fe769c0763a63ce40ac63ed2b11626bb396b1dbfd6a0c4c63cf87dc0e38ee8fce04cae154a084ffd8b926aad87fe9311dd3ec1e,,,4/2/2022 22:45,30,TRAFFIC SIGNAL,FUNCTIONING PROPERLY,RAIN,"DARKNESS, LIGHTED ROAD",SIDESWIPE SAME DIRECTION,NOT DIVIDED,,STRAIGHT AND LEVEL,WET,NO DEFECTS,NOT ON SCENE (DESK REPORT),NO INJURY / DRIVE AWAY,,,Y,"OVER $1,500",4/3/2022 0:10,UNABLE TO DETERMINE,NOT APPLICABLE,5000,W,FULLERTON AVE,2521,,,,,,,2,NO INDICATION OF INJURY,0,0,0,0,0,4,0,22,7,4,41.9242835,-87.75135196,POINT (-87.751351963724 41.92428350376)
6b2249d9c9030456c665eeffb493d39d20941941b802895d15617af6b47eb7afdc904c6bf152171b2b63aa4abf12516b791bd3ca9537a7150373d88cb9c9f423,,,4/2/2022 13:10,30,TRAFFIC SIGNAL,UNKNOWN,RAIN,DAYLIGHT,ANGLE,NOT DIVIDED,,STRAIGHT AND LEVEL,WET,UNKNOWN,NOT ON SCENE (DESK REPORT),NO INJURY / DRIVE AWAY,Y,,,"OVER $1,500",4/2/2022 14:15,FAILING TO YIELD RIGHT-OF-WAY,FAILING TO YIELD RIGHT-OF-WAY,3200,W,ROOSEVELT RD,1134,,,,,,,2,NO INDICATION OF INJURY,0,0,0,0,0,2,0,13,7,4,41.86651389,-87.7057336,POINT (-87.705733599026 41.866513888192)
6027c58749d0cc5e838529b32ff46fe26b08a7c562dd42903905fb2900902cc77bbb66eb9a80636b19c7cfc5263fc240bea7cdbea36b0a74d570790a7e95371e,JF171227,,3/12/2022 1:30,20,NO CONTROLS,NO CONTROLS,UNKNOWN,"DARKNESS, LIGHTED ROAD",PARKED MOTOR VEHICLE,NOT DIVIDED,,STRAIGHT AND LEVEL,UNKNOWN,WORN SURFACE,ON SCENE,NO INJURY / DRIVE AWAY,,,Y,"OVER $1,500",3/12/2022 8:50,FAILING TO REDUCE SPEED TO AVOID CRASH,IMPROPER LANE USAGE,524,W,44TH ST,925,,,,,,,3,NO INDICATION OF INJURY,0,0,0,0,0,1,0,1,7,3,41.81457176,-87.63936904,POINT (-87.639369034926 41.814571758512)
60298b363f9ac9271917ff53f4e1151008877cf4de0c8963a89b4622cd087f2d95072afd70c5ffebd80bd29d65ed059ccb2de8214ed9deeca1b4e3dc505aad58,JF171981,,3/12/2022 20:33,30,STOP SIGN/FLASHER,FUNCTIONING PROPERLY,CLEAR,DARKNESS,TURNING,NOT DIVIDED,,STRAIGHT AND LEVEL,DRY,NO DEFECTS,ON SCENE,INJURY AND / OR TOW DUE TO CRASH,,,,"OVER $1,500",3/12/2022 20:37,UNABLE TO DETERMINE,FAILING TO YIELD RIGHT-OF-WAY,7400,S,PRAIRIE AVE,323,,,,,,,2,NO INDICATION OF INJURY,0,0,0,0,0,2,0,20,7,3,41.76008209,-87.61849493,POINT (-87.618494932563 41.760082091739)
75211454c664f5e3cf7d71c683a12a54746dc56b248e82653b2cc07a5511b36c6e14345dfd51a288603905d3fae9ac3139462e7c950304475c07225c90adbc31,JF194512,,3/24/2022 20:05,30,TRAFFIC SIGNAL,FUNCTIONING PROPERLY,RAIN,DARKNESS,SIDESWIPE SAME DIRECTION,NOT DIVIDED,,STRAIGHT AND LEVEL,WET,NO DEFECTS,NOT ON SCENE (DESK REPORT),NO INJURY / DRIVE AWAY,,,Y,"OVER $1,500",4/2/2022 8:25,HAD BEEN DRINKING (USE WHEN ARREST IS NOT MADE),NOT APPLICABLE,7900,S,WESTERN AVE,835,,,,,,,2,NO INDICATION OF INJURY,0,0,0,0,0,2,0,20,5,3,41.75005493,-87.6829922,POINT (-87.682992202902 41.75005493365)
3006b07ecdb8b7a1a78803ef23e812d4b7f3bfa65bb9384eeef7c0ef87dfc5b1e7dcce351da4e56e8fab08e36efeed37728dda1173c696421f44d96fe7e76c57,,,4/2/2022 11:30,30,NO CONTROLS,NO CONTROLS,CLEAR,DAYLIGHT,PARKED MOTOR VEHICLE,NOT DIVIDED,,STRAIGHT AND LEVEL,DRY,NO DEFECTS,NOT ON SCENE (DESK REPORT),NO INJURY / DRIVE AWAY,,,,"OVER $1,500",4/2/2022 11:45,DRIVING SKILLS/KNOWLEDGE/EXPERIENCE,DRIVING SKILLS/KNOWLEDGE/EXPERIENCE,9505,S,OAKLEY AVE,2213,,,,,,,2,NO INDICATION OF INJURY,0,0,0,0,0,2,0,11,7,4,41.72077378,-87.67947445,POINT (-87.679474451628 41.720773776589)
d96e66d3705164358dfe22b594876ec4eb530f41ba55b8ced658a874abff16416780a5516599b8aa7a18fa659fb884a5455da379edd9d13bad07e89325b0bd66,,,4/1/2022 11:52,30,TRAFFIC SIGNAL,FUNCTIONING PROPERLY,CLEAR,"DARKNESS, LIGHTED ROAD",REAR TO SIDE,CENTER TURN LANE,,STRAIGHT AND LEVEL,DRY,NO DEFECTS,ON SCENE,NO INJURY / DRIVE AWAY,,,Y,"OVER $1,500",4/1/2022 11:54,IMPROPER BACKING,FAILING TO YIELD RIGHT-OF-WAY,1202,N,CENTRAL AVE,2531,,,,,,,2,NO INDICATION OF INJURY,0,0,0,0,0,4,0,11,6,4,41.90224638,-87.76580247,POINT (-87.765802466157 41.902246380354)
151df9d6511c2070d849bb457e766509c7d921f71be609ac78ebf4b1c21f095201c3aaac46f4879a01a67ea68a551569fda870cadd547cbe5bd3370b5899b812,,,4/2/2022 2:00,30,NO CONTROLS,NO CONTROLS,CLEAR,"DARKNESS, LIGHTED ROAD",PARKED MOTOR VEHICLE,NOT DIVIDED,,STRAIGHT AND LEVEL,DRY,NO DEFECTS,ON SCENE,NO INJURY / DRIVE AWAY,,,Y,"OVER $1,500",4/2/2022 2:01,FAILING TO REDUCE SPEED TO AVOID CRASH,UNABLE TO DETERMINE,1529,N,WELLS ST,1821,,,,,,,2,NO INDICATION OF INJURY,0,0,0,0,0,1,0,2,7,4,41.9100256,-87.63452807,POINT (-87.634528070784 41.910025600782)
4a14c3b2ef02ad500eda1fd817117210609dd9a9e3d901a4c84135c34b702a568b8412990b91be86361043287e03d543c399f3959dadbe64c3ef239ea7f2fe6f,,,4/2/2022 5:30,30,TRAFFIC SIGNAL,FUNCTIONING PROPERLY,CLEAR,"DARKNESS, LIGHTED ROAD",TURNING,NOT DIVIDED,,STRAIGHT AND LEVEL,UNKNOWN,UNKNOWN,NOT ON SCENE (DESK REPORT),NO INJURY / DRIVE AWAY,,,,"OVER $1,500",4/2/2022 5:56,DISREGARDING TRAFFIC SIGNALS,UNABLE TO DETERMINE,3142,W,LAWRENCE AVE,1713,,,,,,,2,NO INDICATION OF INJURY,0,0,0,0,0,2,0,5,7,4,41.96857277,-87.7077877,POINT (-87.707787701272 41.968572772124)
bb5cd931c2ba1b7f5d1b039f6fe1cce976a30b9356cbc2ba7856dea81ee11fe99ba10dd77d3ec8544d502fe4805d1f35cc1cb4c846553f9f4ec0c92df4edbe60,,,4/2/2022 13:36,30,NO CONTROLS,NO CONTROLS,RAIN,DAYLIGHT,SIDESWIPE SAME DIRECTION,NOT DIVIDED,,STRAIGHT AND LEVEL,WET,NO DEFECTS,NOT ON SCENE (DESK REPORT),INJURY AND / OR TOW DUE TO CRASH,,,Y,"OVER $1,500",4/2/2022 14:45,IMPROPER OVERTAKING/PASSING,NOT APPLICABLE,1608,S,KEDZIE AVE,1022,,,,,,,2,NO INDICATION OF INJURY,0,0,0,0,0,2,0,13,7,4,41.85880531,-87.70559481,POINT (-87.705594809374 41.858805310681)
aaac4c5b403179b220a8ee9b56fda0a04b6b6cb376bc849c655b3a750aae0332208828c7a6adc679234e4e089e54f7279131573240a76405fdce1e56f57c6c59,,,4/2/2022 20:56,30,STOP SIGN/FLASHER,FUNCTIONING PROPERLY,CLEAR,"DARKNESS, LIGHTED ROAD",TURNING,NOT DIVIDED,,STRAIGHT AND LEVEL,DRY,NO DEFECTS,ON SCENE,INJURY AND / OR TOW DUE TO CRASH,,,,"OVER $1,500",4/2/2022 20:56,UNABLE TO DETERMINE,NOT APPLICABLE,2034,N,WESTERN AVE,1431,,,,,,,2,NO INDICATION OF INJURY,0,0,0,0,0,2,0,20,7,4,41.91856977,-87.68758979,POINT (-87.687589790786 41.918569766262)
60ea9b2de3116080ff275e7ae35a4e576ce33898b5ac429be0779973f18d842e403f77d9c47b117f0b8eb88e226bd0492a989aa7134618d34b2b503e0585a1df,JF171617,,3/12/2022 14:15,40,TRAFFIC SIGNAL,FUNCTIONING PROPERLY,CLEAR,DAYLIGHT,SIDESWIPE SAME DIRECTION,NOT DIVIDED,,STRAIGHT AND LEVEL,DRY,NO DEFECTS,NOT ON SCENE (DESK REPORT),NO INJURY / DRIVE AWAY,,,Y,"$501 - $1,500",3/12/2022 15:20,UNABLE TO DETERMINE,UNABLE TO DETERMINE,1400,S,LAKE SHORE DR E,132,,,,,,,2,NO INDICATION OF INJURY,0,0,0,0,0,3,0,14,7,3,41.86411696,-87.61894998,POINT (-87.618949975476 41.864116957253)
e9b5824c71e404548303b2f9aa2f8b166a58748f7e949303f8262d010210e58b70c2765ab339c5cb875d974f4744c2b3c02ace5729f87c8fb2883b6b39c8831a,,,4/2/2022 7:30,30,TRAFFIC SIGNAL,FUNCTIONING PROPERLY,CLEAR,DAYLIGHT,FIXED OBJECT,FOUR WAY,,STRAIGHT AND LEVEL,DRY,NO DEFECTS,ON SCENE,INJURY AND / OR TOW DUE TO CRASH,Y,,,"$501 - $1,500",4/2/2022 7:44,UNABLE TO DETERMINE,NOT APPLICABLE,501,N,WOOD ST,1215,,,,Y,UNKNOWN,,1,NO INDICATION OF INJURY,0,0,0,0,0,2,0,7,7,4,41.89094242,-87.67187638,POINT (-87.671876375933 41.890942420797)
a756a2980e232212132acc6b7d3f591ddc77e6e1f5ac49f9eaeb7e81275a9dddd4ee4c85c008e560c8ca86d7bc01365329a19bb1809b32b21c407c7de737a766,,,4/1/2022 10:29,30,STOP SIGN/FLASHER,FUNCTIONING PROPERLY,CLEAR,DAYLIGHT,REAR END,PARKING LOT,,STRAIGHT AND LEVEL,DRY,UNKNOWN,ON SCENE,NO INJURY / DRIVE AWAY,,,Y,"$501 - $1,500",4/1/2022 10:30,DRIVING SKILLS/KNOWLEDGE/EXPERIENCE,DRIVING SKILLS/KNOWLEDGE/EXPERIENCE,8700,S,LANGLEY AVE,632,,,,,,,2,NO INDICATION OF INJURY,0,0,0,0,0,2,0,10,6,4,41.73658917,-87.60739696,POINT (-87.60739695691 41.736589165166)
fb5dac6f3ba0ff72cba45f753d40de1df548a59553906a3a35cb8d46ecd311912db250664424ed07ada7e780f39b185879ef301e43dbdb1cebee8c02f29c39c5,,,4/2/2022 15:54,30,NO CONTROLS,NO CONTROLS,RAIN,DAYLIGHT,REAR END,DIVIDED - W/MEDIAN (NOT RAISED),,STRAIGHT AND LEVEL,WET,NO DEFECTS,ON SCENE,NO INJURY / DRIVE AWAY,,,Y,"$501 - $1,500",4/2/2022 16:02,FAILING TO REDUCE SPEED TO AVOID CRASH,NOT APPLICABLE,4748,W,47TH ST,815,,,,,,,2,NO INDICATION OF INJURY,0,0,0,0,0,3,0,15,7,4,41.80775585,-87.74267335,POINT (-87.742673348742 41.80775585109)
7ce041c79446ea726ffcfee97492ce3c882f90d3e38d1ce969db312a1094805868d9b70dd1b0e3f157adc7d53890c1934b0e7463ed52d0a548b6a74a82a35873,,,4/2/2022 19:15,30,TRAFFIC SIGNAL,FUNCTIONING PROPERLY,CLOUDY/OVERCAST,"DARKNESS, LIGHTED ROAD",REAR END,NOT DIVIDED,,STRAIGHT AND LEVEL,WET,NO DEFECTS,NOT ON SCENE (DESK REPORT),NO INJURY / DRIVE AWAY,Y,,,"OVER $1,500",4/2/2022 19:45,FOLLOWING TOO CLOSELY,UNABLE TO DETERMINE,201,W,43RD ST,925,,,,,,,2,NO INDICATION OF INJURY,0,0,0,0,0,2,0,19,7,4,41.81630785,-87.63124998,POINT (-87.631249978515 41.816307850397)
3467b116d2831504de9b0a8ec82c058e8a869de1ba39066f5f2c249d8017e1f7c3d2e387abe6b56b3401658b2c83cb7b5c27de73600ff5a1459d5fbbeebc7668,,,4/2/2022 13:10,30,NO CONTROLS,NO CONTROLS,RAIN,DAYLIGHT,REAR END,NOT DIVIDED,,STRAIGHT AND LEVEL,WET,NO DEFECTS,ON SCENE,INJURY AND / OR TOW DUE TO CRASH,,,,"OVER $1,500",4/2/2022 13:12,FOLLOWING TOO CLOSELY,WEATHER,3757,N,PULASKI RD,1732,,,,,,,2,"REPORTED, NOT EVIDENT",1,0,0,0,1,1,0,13,7,4,41.94975639,-87.72735248,POINT (-87.727352479846 41.94975638758)
a2807e8a7e5686be2538f453df924ffa2a8dbbd9a2f459926ed819fa3a08d1e6db2d688d5282a7e057a690f18449dfd5bf12a779b34c99c6d41c39a93b8cc2c3,,,4/2/2022 12:57,10,NO CONTROLS,NO CONTROLS,CLEAR,DAYLIGHT,PARKED MOTOR VEHICLE,ONE-WAY,,STRAIGHT AND LEVEL,DRY,UNKNOWN,NOT ON SCENE (DESK REPORT),NO INJURY / DRIVE AWAY,,,,"OVER $1,500",4/2/2022 14:30,UNABLE TO DETERMINE,NOT APPLICABLE,5415,N,SHERIDAN RD,2023,,,,,,,2,NO INDICATION OF INJURY,0,0,0,0,0,1,0,12,7,4,41.98047333,-87.65495264,POINT (-87.65495264053 41.980473329827)
db19165df4e054d598d401678cf8b557b5864ff6145f7cb188024ea3da78456341500d6675ecfac7c0ee4972e41c69689e0e15a193c017075998bad3a8115048,,,4/2/2022 9:35,30,NO CONTROLS,NO CONTROLS,CLEAR,DAYLIGHT,SIDESWIPE SAME DIRECTION,NOT DIVIDED,,STRAIGHT AND LEVEL,DRY,NO DEFECTS,NOT ON SCENE (DESK REPORT),NO INJURY / DRIVE AWAY,,,,"OVER $1,500",4/2/2022 9:55,UNABLE TO DETERMINE,NOT APPLICABLE,5601,W,FULLERTON AVE,2515,,,,,,,2,NO INDICATION OF INJURY,0,0,0,0,0,2,0,9,7,4,41.92387069,-87.76604922,POINT (-87.766049221352 41.923870688815)
ae04bc7563c395a4186ea26d544b13f1aac6545c31a1bab8259ad550de315b6806af7a7f39def0298949901753957bef78b9989a6c6f51709f51916fe7083187,,,4/2/2022 12:35,30,STOP SIGN/FLASHER,FUNCTIONING PROPERLY,RAIN,DAYLIGHT,ANGLE,UNKNOWN INTERSECTION TYPE,,STRAIGHT AND LEVEL,WET,NO DEFECTS,ON SCENE,NO INJURY / DRIVE AWAY,Y,,Y,"OVER $1,500",4/2/2022 12:39,FAILING TO YIELD RIGHT-OF-WAY,NOT APPLICABLE,3300,N,OAK PARK AVE,1632,,,,,,,2,NO INDICATION OF INJURY,0,0,0,0,0,3,0,12,7,4,41.94006969,-87.79591996,POINT (-87.795919964422 41.940069691315)
670194fef95beef8ad9803b06b15598edeae04c0c10cefd5f9c6f0f72335f4a0cec1b0b060a26bda6ba18ce3860c786fba8d00db2aad2a998420d8627bbb91fd,,,4/2/2022 13:30,30,NO CONTROLS,NO CONTROLS,RAIN,DAYLIGHT,TURNING,DIVIDED - W/MEDIAN (NOT RAISED),,STRAIGHT AND LEVEL,WET,NO DEFECTS,NOT ON SCENE (DESK REPORT),NO INJURY / DRIVE AWAY,,,,"OVER $1,500",4/2/2022 14:00,FAILING TO YIELD RIGHT-OF-WAY,UNABLE TO DETERMINE,4546,N,KEDZIE AVE,1724,,,,,,,2,NO INDICATION OF INJURY,0,0,0,0,0,2,0,13,7,4,41.96438753,-87.70849248,POINT (-87.708492478441 41.964387528635)
729e73b7b27083f12f82772f8cab555df63bdbcff743297233ff4fecd40599911b599c8562e3676bb8eba5da028dff419aa6d302cef3be5fbca8df1f0d9df36e,,,4/2/2022 22:15,30,STOP SIGN/FLASHER,UNKNOWN,CLEAR,"DARKNESS, LIGHTED ROAD",TURNING,FOUR WAY,,STRAIGHT AND LEVEL,DRY,NO DEFECTS,NOT ON SCENE (DESK REPORT),NO INJURY / DRIVE AWAY,Y,,,"$501 - $1,500",4/2/2022 22:45,UNABLE TO DETERMINE,UNABLE TO DETERMINE,823,N,ORLEANS ST,1823,,,,,,,2,NO INDICATION OF INJURY,0,0,0,0,0,2,0,22,7,4,41.89734336,-87.63705168,POINT (-87.637051679582 41.897343356843)
eb3236170a1f7e11ea36d42b047a05f72f72c5fc7c35449b947731ebcc9884a218d202e7a2e25477e7ad4d92cb673a11e5ad10cd3af391e303277ff7e1a7897a,,,4/2/2022 21:00,30,TRAFFIC SIGNAL,FUNCTIONING PROPERLY,CLEAR,"DARKNESS, LIGHTED ROAD",REAR END,ONE-WAY,,STRAIGHT AND LEVEL,DRY,NO DEFECTS,NOT ON SCENE (DESK REPORT),NO INJURY / DRIVE AWAY,,,Y,"OVER $1,500",4/2/2022 22:10,FOLLOWING TOO CLOSELY,UNABLE TO DETERMINE,7029,S,STATE ST,322,,,,,,,2,NO INDICATION OF INJURY,0,0,0,0,0,5,0,21,7,4,41.76649764,-87.62477739,POINT (-87.624777386687 41.766497636529)