CRASH_RECORD_ID,RD_NO,CRASH_DATE_EST_I,CRASH_DATE,POSTED_SPEED_LIMIT,TRAFFIC_CONTROL_DEVICE,DEVICE_CONDITION,WEATHER_CONDITION,LIGHTING_CONDITION,FIRST_CRASH_TYPE,TRAFFICWAY_TYPE,LANE_CNT,ALIGNMENT,ROADWAY_SURFACE_COND,ROAD_DEFECT,REPORT_TYPE,CRASH_TYPE,INTERSECTION_RELATED_I,NOT_RIGHT_OF_WAY_I,HIT_AND_RUN_I,DAMAGE,DATE_POLICE_NOTIFIED,PRIM_CONTRIBUTORY_CAUSE,SEC_CONTRIBUTORY_CAUSE,STREET_NO,STREET_DIRECTION,STREET_NAME,BEAT_OF_OCCURRENCE,PHOTOS_TAKEN_I,STATEMENTS_TAKEN_I,DOORING_I,WORK_ZONE_I,WORK_ZONE_TYPE,WORKERS_PRESENT_I,NUM_UNITS,MOST_SEVERE_INJURY,INJURIES_TOTAL,INJURIES_FATAL,INJURIES_INCAPACITATING,INJURIES_NON_INCAPACITATING,INJURIES_REPORTED_NOT_EVIDENT,INJURIES_NO_INDICATION,INJURIES_UNKNOWN,CRASH_HOUR,CRASH_DAY_OF_WEEK,CRASH_MONTH,LATITUDE,LONGITUDE,LOCATION
c59d517c9c74821930e03ea9c493f748f9e7f1cc242240bc41b0cdab697d18dce0c23d5511190178ddc5f207bdb66b1575dcbed9cbdd2181538a5da91156d270,,,4/3/2022 1:10,30,NO CONTROLS,NO CONTROLS,RAIN,"DARKNESS, LIGHTED ROAD",SIDESWIPE OPPOSITE DIRECTION,NOT DIVIDED,,STRAIGHT AND LEVEL,WET,NO DEFECTS,NOT ON SCENE (DESK REPORT),NO INJURY / DRIVE AWAY,,,Y,"OVER $1,500",4/3/2022 2:08,UNABLE TO DETERMINE,NOT APPLICABLE,3955,W,BELMONT AVE,2523,,,,,,,2,NO INDICATION OF INJURY,0,0,0,0,0,2,0,1,1,4,41.93900047,-87.72589036,POINT (-87.725890363389 41.93900046907)
2455b493be5d566162ba18dc58c406eca76226a3db41ae27dd8b7aa85f7522d3930498950095269d3f9234b1b5f993cd446125ff77aef91bd79cd711d056a871,,,4/2/2022 14:30,30,TRAFFIC SIGNAL,FUNCTIONING PROPERLY,RAIN,DAYLIGHT,SIDESWIPE SAME DIRECTION,NOT DIVIDED,,STRAIGHT AND LEVEL,WET,UNKNOWN,NOT ON SCENE (DESK REPORT),NO INJURY / DRIVE AWAY,,,,"OVER $1,500",4/2/2022 15:00,UNABLE TO DETERMINE,NOT APPLICABLE,3602,N,HARLEM AVE,1631,,,,,,,2,NO INDICATION OF INJURY,0,0,0,0,0,2,0,14,7,4,41.94539537,-87.80715656,POINT (-87.807156558243 41.945395366227)
6b334ea41536217137756262ff426c6fb8a1add1e0ff80093a674d2bdc536ceb6c87b85d4fd4835a21995dbe17376c33feaf69ec64147b8bb7b3715f370de03e,,,4/2/2022 19:23,35,TRAFFIC SIGNAL,FUNCTIONING PROPERLY,RAIN,"DARKNESS, LIGHTED ROAD",TURNING,DIVIDED - W/MEDIAN (NOT RAISED),,STRAIGHT AND LEVEL,WET,NO DEFECTS,ON SCENE,INJURY AND / OR TOW DUE TO CRASH,Y,,,"OVER $1,500",4/2/2022 19:23,FAILING TO YIELD RIGHT-OF-WAY,WEATHER,10300,S,VINCENNES AVE,2212,,,,,,,2,INCAPACITATING INJURY,1,0,1,0,0,10,0,19,7,4,41.70672358,-87.65619454,POINT (-87.65619454086 41.706723577926)
0acc6e1e368b1c64b44c52c07b7e1ee5cbf8be143096bfb4bde6ab4385d8ba762acf0a4bc216f6ee92f0636d60ec08992bac89e50af2025116ba515bceb84b1c,,,4/2/2022 12:30,25,NO CONTROLS,NO CONTROLS,CLEAR,DAYLIGHT,SIDESWIPE SAME DIRECTION,NOT DIVIDED,,STRAIGHT AND LEVEL,DRY,NO DEFECTS,NOT ON SCENE (DESK REPORT),NO INJURY / DRIVE AWAY,,,,"OVER $1,500",4/2/2022 13:00,IMPROPER LANE USAGE,NOT APPLICABLE,5500,S,ALBANY AVE,824,,,,,,,2,NO INDICATION OF INJURY,0,0,0,0,0,2,0,12,7,4,41.79346771,-87.70126313,POINT (-87.70126312639 41.793467708748)
180101968f68e583ffe6e0e83b418a75454e0b47d0b2ab90d173d604ba0dac2553f87e0384dee992d84b38a21f94fc948a95785a893738363688450f5ea28315,,,4/3/2022 0:25,30,TRAFFIC SIGNAL,FUNCTIONING PROPERLY,CLEAR,"DARKNESS, LIGHTED ROAD",REAR END,NOT DIVIDED,,STRAIGHT AND LEVEL,DRY,NO DEFECTS,ON SCENE,INJURY AND / OR TOW DUE TO CRASH,,,Y,"OVER $1,500",4/3/2022 0:26,UNABLE TO DETERMINE,UNABLE TO DETERMINE,5111,W,GRAND AVE,2533,,,,,,,2,NONINCAPACITATING INJURY,1,0,0,1,0,3,0,0,1,4,41.9167386,-87.75342294,POINT (-87.753422938403 41.916738596108)
3aa1f223d5ecff3198210f4bb68adbb3e37b08d8d72eae653432bfef2a8bea6d3815cdee2e3f689588addb0c3722d269051ab0af32a9521bcf0f4c4eff9e1246,,,4/1/2022 20:25,25,NO CONTROLS,NO CONTROLS,UNKNOWN,UNKNOWN,PARKED MOTOR VEHICLE,NOT DIVIDED,,STRAIGHT AND LEVEL,UNKNOWN,UNKNOWN,NOT ON SCENE (DESK REPORT),NO INJURY / DRIVE AWAY,,,N,"OVER $1,500",4/1/2022 23:00,NOT APPLICABLE,NOT APPLICABLE,10300,S,BENSLEY AVE,434,,,,,,,2,NO INDICATION OF INJURY,0,0,0,0,0,1,0,20,6,4,41.70803284,-87.56344836,POINT (-87.56344836316 41.708032836311)
81fcdaba91c762c544a1ed5da9d3a7ebaaf76a820a9bd084894d78585dbe32481d34ba6e598c63376090bb3ff0bc1aaef882be4b1c0aa06b5edf6b3957a7e69f,,,4/1/2022 12:55,35,TRAFFIC SIGNAL,FUNCTIONING PROPERLY,CLEAR,DAYLIGHT,SIDESWIPE SAME DIRECTION,NOT DIVIDED,,STRAIGHT AND LEVEL,DRY,NO DEFECTS,ON SCENE,NO INJURY / DRIVE AWAY,,,Y,"$501 - $1,500",4/1/2022 13:00,RELATED TO BUS STOP,UNABLE TO DETERMINE,7058,S,WESTERN AVE,832,,,,,,,2,NO INDICATION OF INJURY,0,0,0,0,0,2,0,12,6,4,41.76479095,-87.68339146,POINT (-87.683391460594 41.764790954422)
f9c221d7dcb46f346489d02f03052fb8e6a7e1ecca38d782f26aedc5672818ed54112b5c6f53c97705771f97f73751a41f4dd181f2182e79ce33c306f72939d6,,,4/2/2022 13:30,30,TRAFFIC SIGNAL,FUNCTIONING PROPERLY,SNOW,DAYLIGHT,REAR END,NOT DIVIDED,,STRAIGHT AND LEVEL,SNOW OR SLUSH,UNKNOWN,ON SCENE,INJURY AND / OR TOW DUE TO CRASH,Y,,N,"OVER $1,500",4/2/2022 15:30,UNABLE TO DETERMINE,UNABLE TO DETERMINE,5950,N,BROADWAY,2013,,,,,,,3,NO INDICATION OF INJURY,0,0,0,0,0,3,0,13,7,4,41.99051561,-87.66043011,POINT (-87.660430111466 41.990515611652)
6291774450f8eb4d30f8f399b3c5dea013934295e85c0aa20686b9222cdabe998cdc33224a63e1e4c97e6733fe161d1597463b3b22e75bbfae7acdc7683140f8,JF171832,,3/12/2022 6:40,15,STOP SIGN/FLASHER,NO CONTROLS,CLEAR,DAWN,FIXED OBJECT,NOT DIVIDED,,STRAIGHT AND LEVEL,ICE,NO DEFECTS,ON SCENE,INJURY AND / OR TOW DUE TO CRASH,,,,"OVER $1,500",3/12/2022 17:50,UNABLE TO DETERMINE,UNABLE TO DETERMINE,1532,W,54TH ST,934,,Y,,,,,1,NONINCAPACITATING INJURY,1,0,0,1,0,0,0,6,7,3,41.79597924,-87.66339175,POINT (-87.663391749013 41.795979240764)
8a89f4dabaf3b73a5ac73abce0eb5aa91cd69c687e23def6ec798dfec5c7e000c54679854c56e694bda14873631cc0b070bed6792a327b66e787770a113f626d,,,4/2/2022 23:44,30,NO CONTROLS,NO CONTROLS,CLEAR,"DARKNESS, LIGHTED ROAD",SIDESWIPE OPPOSITE DIRECTION,ONE-WAY,,STRAIGHT AND LEVEL,DRY,NO DEFECTS,NOT ON SCENE (DESK REPORT),NO INJURY / DRIVE AWAY,,,,"OVER $1,500",4/3/2022 1:10,UNABLE TO DETERMINE,NOT APPLICABLE,616,W,BARRY AVE,1934,,,,,,,2,NO INDICATION OF INJURY,0,0,0,0,0,2,0,23,7,4,41.93800265,-87.64504756,POINT (-87.645047562613 41.938002653058)
447bea89ea707c39236c5ac3e854bd3ec6a8060a8596d845e25f2d44f3dfeee5315dd500bacd5b107a771613cc6d4fd97ad3f99af0d407550e90a4b1366e341f,,,4/2/2022 19:23,30,TRAFFIC SIGNAL,FUNCTIONING PROPERLY,CLEAR,"DARKNESS, LIGHTED ROAD",REAR END,T-INTERSECTION,,STRAIGHT AND LEVEL,WET,NO DEFECTS,ON SCENE,NO INJURY / DRIVE AWAY,,,Y,"$501 - $1,500",4/2/2022 19:25,FOLLOWING TOO CLOSELY,UNABLE TO DETERMINE,4600,N,PULASKI RD,1722,,,,,,,2,NO INDICATION OF INJURY,0,0,0,0,0,2,0,19,7,4,41.96464477,-87.72807656,POINT (-87.728076564314 41.964644765911)
4eb6ecd502d8dbfb36643608f4793482abc5906b2901b843eef89faa9d2c6b4a3e5180542345bdb71e5c8a5bfaabb4670e688be673dacad89e00881873ab44d7,,,4/2/2022 0:01,30,NO CONTROLS,NO CONTROLS,CLEAR,UNKNOWN,PARKED MOTOR VEHICLE,ONE-WAY,,STRAIGHT AND LEVEL,DRY,NO DEFECTS,ON SCENE,NO INJURY / DRIVE AWAY,,,Y,"OVER $1,500",4/2/2022 12:17,IMPROPER OVERTAKING/PASSING,UNABLE TO DETERMINE,3206,W,66TH ST,831,,,,,,,2,NO INDICATION OF INJURY,0,0,0,0,0,1,0,0,7,4,41.77361682,-87.7033593,POINT (-87.703359298166 41.773616814927)
5307f98c3245f5d6d0ac0035c9628d0f2a8da8ba48f24eff3e4fbeffa4e0ec2d51b43d3e1664e5e2f09191d1a2786407f6427276deaa30550d0007dde770b8a1,,,4/2/2022 12:05,30,NO CONTROLS,NO CONTROLS,CLEAR,DAYLIGHT,PARKED MOTOR VEHICLE,ONE-WAY,,STRAIGHT AND LEVEL,DRY,NO DEFECTS,NOT ON SCENE (DESK REPORT),NO INJURY / DRIVE AWAY,,,Y,"$501 - $1,500",4/2/2022 12:05,UNABLE TO DETERMINE,NOT APPLICABLE,2814,N,ALBANY AVE,1411,,,,,,,2,NO INDICATION OF INJURY,0,0,0,0,0,1,0,12,7,4,41.93252806,-87.70513964,POINT (-87.705139643292 41.932528062549)
bf150067d6e61e8f6519dcb70d8b4fe5f4fa4e54d0ab1a6184a1a5f67831bf8aa81a68d61b9a6fd4854f77e443a37e7f2a13b783078ad4bf3f63afae24ba02d6,,,3/30/2022 15:30,30,NO CONTROLS,NO CONTROLS,RAIN,DAYLIGHT,PEDALCYCLIST,NOT DIVIDED,,STRAIGHT ON GRADE,DRY,NO DEFECTS,NOT ON SCENE (DESK REPORT),INJURY AND / OR TOW DUE TO CRASH,,,,$500 OR LESS,4/1/2022 12:00,FAILING TO YIELD RIGHT-OF-WAY,NOT APPLICABLE,3021,N,LINCOLN AVE,1933,,,,,,,2,NONINCAPACITATING INJURY,1,0,0,1,0,0,0,15,4,3,41.93669219,-87.6642862,POINT (-87.664286198578 41.936692187726)
9e11f4fc571106f333e7fefa6a8025c552e8f6c6bd62bae88beb21d448203e08e371bfbff8031bbb323851265e32a4d27615bec071dd5b6667fa8c5f1a1a3a7b,,,4/2/2022 6:30,30,TRAFFIC SIGNAL,FUNCTIONING PROPERLY,CLEAR,DAWN,ANGLE,FOUR WAY,,STRAIGHT AND LEVEL,DRY,NO DEFECTS,ON SCENE,INJURY AND / OR TOW DUE TO CRASH,Y,,Y,"OVER $1,500",4/2/2022 6:35,DISREGARDING TRAFFIC SIGNALS,NOT APPLICABLE,5500,S,AUSTIN AVE,811,,,,,,,2,NO INDICATION OF INJURY,0,0,0,0,0,2,0,6,7,4,41.792448,-87.77220973,POINT (-87.772209725203 41.792447999377)
d0bf973f71c525083573e9530204cf6d1f541c2429670110f789021f33f8ed303b3ad8994f848afd784153617b6131e35e1616120f0808254431adef69a43bbe,,,3/30/2022 19:02,30,NO CONTROLS,NO CONTROLS,RAIN,"DARKNESS, LIGHTED ROAD",PEDALCYCLIST,NOT DIVIDED,,STRAIGHT AND LEVEL,WET,NO DEFECTS,ON SCENE,NO INJURY / DRIVE AWAY,,,,"$501 - $1,500",3/30/2022 19:05,WEATHER,NOT APPLICABLE,433,W,HARRISON ST,124,,,Y,,,,2,NO INDICATION OF INJURY,0,0,0,0,0,1,0,19,4,3,41.87430104,-87.63908212,POINT (-87.639082121332 41.874301044496)
5e1b36c7744bf002005b0397a90f71190873d1e70a4d5f4b1adf364d9a8a06556f50c7062d6ba40a57af626add55905219681dc9571fb4256666ba3be5a243d5,,,4/1/2022 9:23,30,NO CONTROLS,NO CONTROLS,CLEAR,DAYLIGHT,SIDESWIPE SAME DIRECTION,NOT DIVIDED,,STRAIGHT AND LEVEL,DRY,NO DEFECTS,NOT ON SCENE (DESK REPORT),NO INJURY / DRIVE AWAY,,,,"$501 - $1,500",4/1/2022 10:36,UNABLE TO DETERMINE,UNABLE TO DETERMINE,6501,S,COTTAGE GROVE AVE,321,,,,,,,2,NO INDICATION OF INJURY,0,0,0,0,0,6,0,9,6,4,41.77668884,-87.60570035,POINT (-87.605700349293 41.776688836116)
e23cc7a9e97783011edfa27714c86f427698bc956e8d6e17f62f88990d60a6f1fb2067564ace85a24dda1b995b0cbeeabd4359105616167cf1c6ceb83a5df7d1,,,4/1/2022 9:45,30,NO CONTROLS,NO CONTROLS,CLEAR,DAYLIGHT,PARKED MOTOR VEHICLE,ONE-WAY,,STRAIGHT AND LEVEL,DRY,NO DEFECTS,ON SCENE,NO INJURY / DRIVE AWAY,,,Y,"OVER $1,500",4/1/2022 9:58,UNABLE TO DETERMINE,NOT APPLICABLE,6623,S,ST LAWRENCE AVE,321,,,,,,,2,NO INDICATION OF INJURY,0,0,0,0,0,1,0,9,6,4,41.7741646,-87.61051454,POINT (-87.610514541884 41.774164603616)
282c609fb919212606d6e711b25dbc49408d87a0949b4aabe922f722c7f9a22c48227866131eb7efd61e0cc92e87d8cd56a75a397afda91d26d74c5a26c2852a,,,4/2/2022 15:35,30,NO CONTROLS,NO CONTROLS,RAIN,DAYLIGHT,ANGLE,NOT DIVIDED,,STRAIGHT AND LEVEL,WET,NO DEFECTS,NOT ON SCENE (DESK REPORT),NO INJURY / DRIVE AWAY,,,,"OVER $1,500",4/2/2022 16:50,UNABLE TO DETERMINE,NOT APPLICABLE,2656,N,ELSTON AVE,1432,,,,,,,2,NO INDICATION OF INJURY,0,0,0,0,0,3,0,15,7,4,41.929849,-87.68464378,POINT (-87.684643783527 41.929848996597)
ce4b4d8e3a9bcfaf3b3bc8cac78194b04178e443224bd193d3caed6f9ec3b8d66566f854400159991f9a746db2ba35e8ec98bfcee6303db5991d0168bfb07938,,,4/2/2022 8:00,30,NO CONTROLS,NO CONTROLS,CLEAR,DAYLIGHT,PARKED MOTOR VEHICLE,NOT DIVIDED,,STRAIGHT AND LEVEL,DRY,NO DEFECTS,NOT ON SCENE (DESK REPORT),INJURY AND / OR TOW DUE TO CRASH,,,Y,"OVER $1,500",4/2/2022 9:50,UNABLE TO DETERMINE,UNABLE TO DETERMINE,1324,N,LARAMIE AVE,2532,,,,,,,2,NO INDICATION OF INJURY,0,0,0,0,0,1,0,8,7,4,41.90482579,-87.75598092,POINT (-87.755980922171 41.904825786347)
d98927aa979473d04ecdc02f12f24d7d011b1f687c1dcce7c1b1d2bbd1473a72c16a9a256e8b02e7ea31d86359019554f2d89a43774fdf36585a92d30cbe078d,,,4/2/2022 18:00,30,STOP SIGN/FLASHER,FUNCTIONING PROPERLY,CLEAR,DAYLIGHT,TURNING,NOT DIVIDED,,STRAIGHT AND LEVEL,WET,NO DEFECTS,NOT ON SCENE (DESK REPORT),NO INJURY / DRIVE AWAY,Y,,,"OVER $1,500",4/2/2022 18:20,IMPROPER TURNING/NO SIGNAL,NOT APPLICABLE,1200,N,LAKE SHORE DR SB,1824,,,,,,,2,NO INDICATION OF INJURY,0,0,0,0,0,2,0,18,7,4,41.90407674,-87.62480394,POINT (-87.624803937073 41.904076743028)
4c2d2bd5a31a559c59883990fda13f631249e2005c2d19d44631b182b042706190acce64351816c72afbd091be4cee93b4c52c7aeef83441105b6f1a932aff07,,,4/2/2022 14:30,30,NO CONTROLS,NO CONTROLS,RAIN,DAYLIGHT,TURNING,NOT DIVIDED,,STRAIGHT AND LEVEL,WET,NO DEFECTS,ON SCENE,INJURY AND / OR TOW DUE TO CRASH,,,,"OVER $1,500",4/2/2022 14:32,FAILING TO YIELD RIGHT-OF-WAY,NOT APPLICABLE,3644,S,ARCHER AVE,912,,,,,,,2,"REPORTED, NOT EVIDENT",1,0,0,0,1,1,0,14,7,4,41.8275839,-87.68245444,POINT (-87.682454442461 41.827583896764)
91001c3a5b4be5cc6e9ced20f235cc562c2bc66add8d470e9b9fd764de5255e97a55627419eb37af5250c6f0ea95ace32f5ce59ce23e5a6d7ed29f8333947bf4,,,4/1/2022 20:00,30,TRAFFIC SIGNAL,FUNCTIONING PROPERLY,CLEAR,"DARKNESS, LIGHTED ROAD",TURNING,NOT DIVIDED,,STRAIGHT AND LEVEL,DRY,NO DEFECTS,NOT ON SCENE (DESK REPORT),NO INJURY / DRIVE AWAY,,,,"$501 - $1,500",4/2/2022 9:15,FAILING TO YIELD RIGHT-OF-WAY,NOT APPLICABLE,1600,W,GRAND AVE,1215,,,,,,,2,NO INDICATION OF INJURY,0,0,0,0,0,2,0,20,6,4,41.89108711,-87.66720406,POINT (-87.667204058408 41.891087112201)
3ff552f7871a5c61fbe8af4c105e8db4f0b46cbbfd235137b22b50439d2a398b988a170d1cc827ddc8f41d56bc4b4119ff2cd91d57b1a57ba809ce10c9512a82,,,4/2/2022 17:00,30,STOP SIGN/FLASHER,FUNCTIONING PROPERLY,RAIN,DAYLIGHT,REAR END,NOT DIVIDED,,STRAIGHT AND LEVEL,WET,NO DEFECTS,NOT ON SCENE (DESK REPORT),NO INJURY / DRIVE AWAY,,,Y,"$501 - $1,500",4/2/2022 19:00,FOLLOWING TOO CLOSELY,FOLLOWING TOO CLOSELY,2500,W,JACKSON BLVD,1125,,,,,,,2,NO INDICATION OF INJURY,0,0,0,0,0,2,0,17,7,4,41.87763073,-87.68883325,POINT (-87.688833248099 41.877630731084)
788c456ad285eb4ebd7c3ae6fbf2e5f72973535ac0e315dc8b5e44bc1bfc189ec29afc4f4859ee59ee6b6a30739ca3d24722bd3cbbc08ff821f7ccd568f2a0e3,,,4/1/2022 23:15,30,NO CONTROLS,NO CONTROLS,CLEAR,"DARKNESS, LIGHTED ROAD",TURNING,DRIVEWAY,,STRAIGHT AND LEVEL,DRY,NO DEFECTS,ON SCENE,INJURY AND / OR TOW DUE TO CRASH,,,,"OVER $1,500",4/2/2022 0:47,FAILING TO YIELD RIGHT-OF-WAY,NOT APPLICABLE,8711,S,STONY ISLAND AVE,412,,,,,,,2,NO INDICATION OF INJURY,0,0,0,0,0,2,0,23,6,4,41.73654502,-87.58506251,POINT (-87.585062509786 41.736545018595)
9f8f4e3de617b3bcbaa4c6beb91b9fc778fac555a27ded74c61ee6bdf04653f49624e003bd415baf411adec02068c889abec7970706ff08111435fe8fe9d9beb,,,4/1/2022 16:15,30,NO CONTROLS,NO CONTROLS,CLEAR,DAYLIGHT,PARKED MOTOR VEHICLE,NOT DIVIDED,,STRAIGHT AND LEVEL,DRY,NO DEFECTS,NOT ON SCENE (DESK REPORT),INJURY AND / OR TOW DUE TO CRASH,,,,"$501 - $1,500",4/1/2022 19:15,EQUIPMENT - VEHICLE CONDITION,UNABLE TO DETERMINE,8016,S,ASHLAND AVE,611,,,,,,,2,NO INDICATION OF INJURY,0,0,0,0,0,1,0,16,6,4,41.74798478,-87.66352233,POINT (-87.66352233191 41.7479847812)
bc50e500eebbf42937a7339b92ce4bbc9e78e4bc3c8f44bc8cb674ec3f878c4d0d3dc8f55cd58ddd15e56cb843285d86d2ceb2e2ccb872aa3ef619d5bc795ca1,,,4/2/2022 17:58,30,TRAFFIC SIGNAL,FUNCTIONING PROPERLY,RAIN,DAYLIGHT,REAR END,NOT DIVIDED,,STRAIGHT AND LEVEL,WET,NO DEFECTS,ON SCENE,INJURY AND / OR TOW DUE TO CRASH,Y,,,"OVER $1,500",4/2/2022 18:00,FOLLOWING TOO CLOSELY,NOT APPLICABLE,200,E,71ST ST,322,,,,,,,2,INCAPACITATING INJURY,1,0,1,0,0,2,0,17,7,4,41.76572356,-87.62002024,POINT (-87.62002023706 41.765723556348)
e622b9c5206d383bce0f326239f92ee9a2e214659aadc9cb4c3b342173afc5c81670441fcc4a7ba683e9b8a685dc9575fef4e3943720be2222f54265d67f23c1,,,4/1/2022 21:46,50,TRAFFIC SIGNAL,FUNCTIONING PROPERLY,UNKNOWN,"DARKNESS, LIGHTED ROAD",TURNING,DIVIDED - W/MEDIAN (NOT RAISED),,STRAIGHT AND LEVEL,UNKNOWN,UNKNOWN,ON SCENE,INJURY AND / OR TOW DUE TO CRASH,Y,,,"OVER $1,500",4/1/2022 22:23,UNABLE TO DETERMINE,UNABLE TO DETERMINE,300,N,LAKE SHORE DR NB,114,,,,,,,2,NO INDICATION OF INJURY,0,0,0,0,0,2,0,21,6,4,41.88614049,-87.61427411,POINT (-87.614274106164 41.8861404879)
45cdec0932f0a6238acfdae5e6cb135dd8748ab05551caaa8377360f7a45df79bdf41b7a4517164190f0c67839b48e484298f01c7bb497935a6656c6d568e5d3,,,4/1/2022 17:55,30,NO CONTROLS,NO CONTROLS,CLEAR,DAYLIGHT,SIDESWIPE OPPOSITE DIRECTION,NOT DIVIDED,,STRAIGHT AND LEVEL,DRY,NO DEFECTS,NOT ON SCENE (DESK REPORT),NO INJURY / DRIVE AWAY,,,,$500 OR LESS,4/2/2022 16:20,UNABLE TO DETERMINE,NOT APPLICABLE,747,W,IRVING PARK RD,1925,,,,,,,2,NO INDICATION OF INJURY,0,0,0,0,0,2,0,17,6,4,41.95445467,-87.64954151,POINT (-87.649541507123 41.954454668441)
322bf8c27fa34014ef7b770d63b324df59f9e3c527fa21d8c49005b63602b20de23d46cf604a7e263d40c5ad77526d1de18c6844b0f80eb8af6cb833c2895bd4,,,4/2/2022 18:30,15,NO CONTROLS,NO CONTROLS,RAIN,DAYLIGHT,SIDESWIPE SAME DIRECTION,ONE-WAY,,STRAIGHT AND LEVEL,WET,NO DEFECTS,ON SCENE,NO INJURY / DRIVE AWAY,,,,"$501 - $1,500",4/2/2022 18:33,UNABLE TO DETERMINE,NOT APPLICABLE,1,W,TERMINAL ST,1651,,,,,,,2,NO INDICATION OF INJURY,0,0,0,0,0,2,0,18,7,4,,,
5f23d024919d3bf00ed622965ea80e5b973b0234231634ffe6176c016210964c04cd74c7838f9465e26075d0b9718c20cf6a76a57fac9ed19c4491311881c89f,,,4/1/2022 23:15,30,STOP SIGN/FLASHER,NO CONTROLS,CLEAR,"DARKNESS, LIGHTED ROAD",PARKED MOTOR VEHICLE,ONE-WAY,,STRAIGHT AND LEVEL,DRY,NO DEFECTS,ON SCENE,NO INJURY / DRIVE AWAY,,,,$500 OR LESS,4/1/2022 23:15,DRIVING SKILLS/KNOWLEDGE/EXPERIENCE,NOT APPLICABLE,4759,N,DRAKE AVE,1723,,,,,,,2,NO INDICATION OF INJURY,0,0,0,0,0,1,0,23,6,4,41.96827519,-87.71688274,POINT (-87.716882739645 41.968275193669)
2f0d305a1194cc5e405826328e923688dd1cee6dc6819d70f72adc5d60399ca58d8baae36a35aee48c2d72fb7dfd49c66deb7db2341a0c92018a84406639cb25,,,4/1/2022 20:28,35,NO CONTROLS,NO CONTROLS,CLEAR,"DARKNESS, LIGHTED ROAD",PARKED MOTOR VEHICLE,DIVIDED - W/MEDIAN BARRIER,,STRAIGHT AND LEVEL,DRY,NO DEFECTS,ON SCENE,INJURY AND / OR TOW DUE TO CRASH,,,,"OVER $1,500",4/1/2022 20:29,EQUIPMENT - VEHICLE CONDITION,UNABLE TO DETERMINE,2901,N,ASHLAND AVE,1932,,,,,,,2,NO INDICATION OF INJURY,0,0,0,0,0,1,0,20,6,4,41.93427577,-87.66831645,POINT (-87.66831645216 41.934275774014)
6ec0c91bf674407f46369146f21c43c7432e499049f81795baf90b81cc783d4f43505edf1d91dca744ccff6d70ae7cda5c24606053b6b262ecaaffcac489d600,,,4/1/2022 22:12,30,NO CONTROLS,NO CONTROLS,CLEAR,"DARKNESS, LIGHTED ROAD",PARKED MOTOR VEHICLE,NOT DIVIDED,,STRAIGHT AND LEVEL,DRY,NO DEFECTS,ON SCENE,INJURY AND / OR TOW DUE TO CRASH,Y,,,"OVER $1,500",4/1/2022 22:12,IMPROPER LANE USAGE,UNABLE TO DETERMINE,2557,W,HOWARD ST,2411,,,,,,,2,NO INDICATION OF INJURY,0,0,0,0,0,1,0,22,6,4,42.01932095,-87.69479639,POINT (-87.694796394115 42.019320950954)
ffd9dbb02c6bb33c71edefe946cfcba57b4c2f3da600c574d61ad4dd9ca521b657c1ec4b875708a5dde2a919c99c99184a140c43bcaf361a210c453a204bf8ac,,,4/2/2022 17:15,20,NO CONTROLS,NO CONTROLS,RAIN,DAYLIGHT,PARKED MOTOR VEHICLE,ONE-WAY,,STRAIGHT AND LEVEL,WET,NO DEFECTS,ON SCENE,INJURY AND / OR TOW DUE TO CRASH,,,,"OVER $1,500",4/2/2022 17:17,FAILING TO REDUCE SPEED TO AVOID CRASH,NOT APPLICABLE,5216,S,NORMANDY AVE,811,,,,,,,4,NONINCAPACITATING INJURY,1,0,0,1,0,0,0,17,7,4,41.79720718,-87.78942268,POINT (-87.789422677472 41.797207181876)
83564d7f0a0765570bb6b9635d2cf7dc8bfb3b495413462191da487670857072dd77dd61032d1e8db8fcaf1e3d46d93d63891af832f464a4130ed832eaf31e56,,,4/2/2022 21:30,30,NO CONTROLS,NO CONTROLS,CLEAR,"DARKNESS, LIGHTED ROAD",TURNING,NOT DIVIDED,,STRAIGHT AND LEVEL,DRY,NO DEFECTS,NOT ON SCENE (DESK REPORT),INJURY AND / OR TOW DUE TO CRASH,,,,"OVER $1,500",4/2/2022 22:32,UNABLE TO DETERMINE,NOT APPLICABLE,1225,E,87TH ST,412,,,,,,,2,NO INDICATION OF INJURY,0,0,0,0,0,5,0,21,7,4,41.73668847,-87.59419686,POINT (-87.594196860608 41.736688466467)
f33f7d47ed5ebcebb0932aafe226d442e8a9ad46a49f6bd96de4cc81fbe044413bcd37cde39ecca343b04e2be43705c46dfef3acb4f1e7ad7d9b10c7c344d899,,,4/2/2022 19:48,30,NO CONTROLS,NO CONTROLS,FREEZING RAIN/DRIZZLE,"DARKNESS, LIGHTED ROAD",TURNING,FOUR WAY,,STRAIGHT AND LEVEL,WET,NO DEFECTS,ON SCENE,INJURY AND / OR TOW DUE TO CRASH,Y,,,"OVER $1,500",4/2/2022 19:48,FAILING TO YIELD RIGHT-OF-WAY,FAILING TO YIELD RIGHT-OF-WAY,7800,S,YATES BLVD,414,,,,,,,2,NONINCAPACITATING INJURY,3,0,0,2,1,0,0,19,7,4,41.75345317,-87.56641302,POINT (-87.566413019363 41.75345316606)