CRASH_RECORD_ID,RD_NO,CRASH_DATE_EST_I,CRASH_DATE,POSTED_SPEED_LIMIT,TRAFFIC_CONTROL_DEVICE,DEVICE_CONDITION,WEATHER_CONDITION,LIGHTING_CONDITION,FIRST_CRASH_TYPE,TRAFFICWAY_TYPE,LANE_CNT,ALIGNMENT,ROADWAY_SURFACE_COND,ROAD_DEFECT,REPORT_TYPE,CRASH_TYPE,INTERSECTION_RELATED_I,NOT_RIGHT_OF_WAY_I,HIT_AND_RUN_I,DAMAGE,DATE_POLICE_NOTIFIED,PRIM_CONTRIBUTORY_CAUSE,SEC_CONTRIBUTORY_CAUSE,STREET_NO,STREET_DIRECTION,STREET_NAME,BEAT_OF_OCCURRENCE,PHOTOS_TAKEN_I,STATEMENTS_TAKEN_I,DOORING_I,WORK_ZONE_I,WORK_ZONE_TYPE,WORKERS_PRESENT_I,NUM_UNITS,MOST_SEVERE_INJURY,INJURIES_TOTAL,INJURIES_FATAL,INJURIES_INCAPACITATING,INJURIES_NON_INCAPACITATING,INJURIES_REPORTED_NOT_EVIDENT,INJURIES_NO_INDICATION,INJURIES_UNKNOWN,CRASH_HOUR,CRASH_DAY_OF_WEEK,CRASH_MONTH,LATITUDE,LONGITUDE,LOCATION
131d0a9373fd79255e4d9e586ee28fb8e9745b7b1e57537cfb3687dbd9a918198b7cb9272dfe3153ffa68dfccf02378021eee51826f374dac7c03dc23976466b,JF176338,,3/16/2022 19:40,30,STOP SIGN/FLASHER,FUNCTIONING PROPERLY,CLEAR,DARKNESS,SIDESWIPE SAME DIRECTION,DIVIDED - W/MEDIAN (NOT RAISED),,STRAIGHT AND LEVEL,DRY,UNKNOWN,NOT ON SCENE (DESK REPORT),NO INJURY / DRIVE AWAY,,,Y,"$501 - $1,500",3/16/2022 20:00,FAILING TO YIELD RIGHT-OF-WAY,NOT APPLICABLE,3651,S,KEDZIE AVE,911,,,,,,,2,NO INDICATION OF INJURY,0,0,0,0,0,2,0,19,4,3,41.82646573,-87.70436458,POINT (-87.704364577163 41.826465730219)
41df3fc0651599f7af735db62430761b19b031f84cf1c5d7da078ef7031ea0b887d1fc457dd924d89a2dcc7c6729002c957ceea8c551ae7c04f36424bd009a14,,Y,4/2/2022 18:57,30,STOP SIGN/FLASHER,NO CONTROLS,CLEAR,"DARKNESS, LIGHTED ROAD",TURNING,FOUR WAY,,STRAIGHT AND LEVEL,DRY,NO DEFECTS,ON SCENE,INJURY AND / OR TOW DUE TO CRASH,Y,,,"$501 - $1,500",4/2/2022 19:01,IMPROPER TURNING/NO SIGNAL,FAILING TO YIELD RIGHT-OF-WAY,2132,N,LEAVITT ST,1432,,,,,,,2,NO INDICATION OF INJURY,0,0,0,0,0,3,0,18,7,4,41.92084587,-87.68276825,POINT (-87.682768245439 41.920845871483)
6720b0a25b305629b62e107e1c1d985bc9c815024a8414aa5cfad7af8b82cf5a1e255a21fea9aaa0a25c9a314b215e7682520e37c290b3dad42ddff6811677ed,,,4/1/2022 19:00,30,UNKNOWN,UNKNOWN,UNKNOWN,UNKNOWN,REAR END,ONE-WAY,,STRAIGHT AND LEVEL,UNKNOWN,UNKNOWN,NOT ON SCENE (DESK REPORT),NO INJURY / DRIVE AWAY,,,Y,"OVER $1,500",4/2/2022 12:10,UNABLE TO DETERMINE,UNABLE TO DETERMINE,740,N,ABERDEEN ST,1214,,,,,,,2,NO INDICATION OF INJURY,0,0,0,0,0,3,0,19,6,4,41.89533182,-87.65523984,POINT (-87.655239839628 41.8953318242)
815ff21e93911deacc9538df877dff6152f79bb1158b4b225a79baca7a7fb527f300dd1080260a4a719e28216b0fb20b8265f254315a832da790df900bb59ccd,,,4/2/2022 5:20,30,TRAFFIC SIGNAL,FUNCTIONING PROPERLY,RAIN,DAYLIGHT,TURNING,FOUR WAY,,STRAIGHT AND LEVEL,WET,NO DEFECTS,ON SCENE,INJURY AND / OR TOW DUE TO CRASH,Y,,,"OVER $1,500",4/2/2022 5:25,FOLLOWING TOO CLOSELY,FAILING TO REDUCE SPEED TO AVOID CRASH,2200,S,WENTWORTH AVE,914,,Y,,,,,2,NO INDICATION OF INJURY,0,0,0,0,0,2,0,5,7,4,41.85281668,-87.63215529,POINT (-87.632155289181 41.852816681706)
49da5eafa897983d38bf30e08c0f27eb8c2545866685dc5f533fb8807190a6fde1a7177a82339cde853039bfdcfe393e134cbe8beb851a37a381a6558e0fb1e5,,,3/31/2022 23:50,35,TRAFFIC SIGNAL,FUNCTIONING PROPERLY,SNOW,"DARKNESS, LIGHTED ROAD",ANGLE,UNKNOWN,,STRAIGHT AND LEVEL,WET,UNKNOWN,ON SCENE,NO INJURY / DRIVE AWAY,Y,,Y,"$501 - $1,500",3/31/2022 23:50,UNABLE TO DETERMINE,UNABLE TO DETERMINE,499,E,ERIE ST,1834,,,,,,,2,NO INDICATION OF INJURY,0,0,0,0,0,2,0,23,5,3,41.89417234,-87.61548362,POINT (-87.615483621103 41.89417233502)
64f63523e344f049e259c2c406ef577f6e99486c7777f6eac68293cdfae6ded872154554141fa0aecb0588d2a2a31d7a03238ee76f5b5ea5007fe89fcf52648e,JF176457,Y,3/12/2022 22:30,30,NO CONTROLS,NO CONTROLS,CLEAR,"DARKNESS, LIGHTED ROAD",REAR TO REAR,PARKING LOT,,STRAIGHT AND LEVEL,DRY,NO DEFECTS,ON SCENE,NO INJURY / DRIVE AWAY,,,Y,"OVER $1,500",3/12/2022 22:30,HAD BEEN DRINKING (USE WHEN ARREST IS NOT MADE),IMPROPER BACKING,3958,S,KEDZIE AVE,821,,,,,,,2,NO INDICATION OF INJURY,0,0,0,0,0,6,0,22,7,3,41.82083092,-87.70461887,POINT (-87.70461886854 41.820830924351)
f5f0c8a0c2ed98aad869486525bbb0ee33c6178fe9f176002fe1ddb2112071e68827b9095d969e54dbd7c161aa6cb08499d2910c72e4626f968eac558edbc951,,Y,3/31/2022 23:00,30,UNKNOWN,UNKNOWN,UNKNOWN,UNKNOWN,PARKED MOTOR VEHICLE,NOT DIVIDED,,STRAIGHT AND LEVEL,UNKNOWN,UNKNOWN,NOT ON SCENE (DESK REPORT),NO INJURY / DRIVE AWAY,,,Y,"OVER $1,500",4/2/2022 14:30,UNABLE TO DETERMINE,NOT APPLICABLE,2925,W,DIVERSEY AVE,1411,,,,,,,2,NO INDICATION OF INJURY,0,0,0,0,0,1,0,23,5,3,41.93196266,-87.70107837,POINT (-87.701078367067 41.931962663521)
2aef2a876c8da8b9473394b4a8649f930840a80659b38dd7ef280da44c46077dace219623cd7b56d62ac11dfaac34e3da947ddbdb8c9ec911c184023f647b831,,,4/2/2022 0:05,40,NO CONTROLS,NO CONTROLS,CLEAR,"DARKNESS, LIGHTED ROAD",FIXED OBJECT,DIVIDED - W/MEDIAN BARRIER,,STRAIGHT AND LEVEL,DRY,NO DEFECTS,ON SCENE,INJURY AND / OR TOW DUE TO CRASH,,,Y,"OVER $1,500",4/2/2022 0:08,UNABLE TO DETERMINE,NOT APPLICABLE,2800,N,LAKE SHORE DR SB,1934,,,,,,,1,NO INDICATION OF INJURY,0,0,0,0,0,1,0,0,7,4,41.93267701,-87.63224771,POINT (-87.632247708301 41.932677008738)
a32b66674633cc2966ddc6d08dc3b8bc55e784a9f3f12ab205db69a5bb810fd830d68d322ffc79dc7f9fe84e67398f31a5fef8ef87d116e13e3daa45f441213d,,,4/2/2022 0:30,30,TRAFFIC SIGNAL,FUNCTIONING PROPERLY,CLEAR,"DARKNESS, LIGHTED ROAD",REAR END,DIVIDED - W/MEDIAN (NOT RAISED),,STRAIGHT AND LEVEL,DRY,NO DEFECTS,NOT ON SCENE (DESK REPORT),NO INJURY / DRIVE AWAY,,,,"OVER $1,500",4/2/2022 19:42,NOT APPLICABLE,NOT APPLICABLE,100,S,LAKE SHORE DR NB,114,,,,,,,2,NO INDICATION OF INJURY,0,0,0,0,0,2,0,0,7,4,41.88085605,-87.61763589,POINT (-87.617635891755 41.880856047671)
01898f0169d254912bd0a20a12ee9ae5ee1fb4243bb4b1c87844f01f324c56dcedb21776a4e75ab56de1be945a9d8ab209875b4068aad1dc62318c05d5635863,JD409579,,10/24/2020 14:10,30,TRAFFIC SIGNAL,FUNCTIONING PROPERLY,CLEAR,DAYLIGHT,SIDESWIPE OPPOSITE DIRECTION,NOT DIVIDED,,STRAIGHT AND LEVEL,DRY,NO DEFECTS,,INJURY AND / OR TOW DUE TO CRASH,,,Y,"OVER $1,500",10/24/2020 14:25,DRIVING ON WRONG SIDE/WRONG WAY,DISREGARDING ROAD MARKINGS,1138,W,63RD ST,712,,,,,,,2,NO INDICATION OF INJURY,0,0,0,0,0,2,0,14,7,10,41.77973139,-87.65360368,POINT (-87.653603681327 41.779731387146)
019686d77a8168054af5b142442f775929fc1d9e100b36936db7d0a0a80795d5af6900bf6d8f6e0cbfd81c432b90c9621d24a250c3d47ef412c179fd64b61df0,JC386098,,8/9/2019 21:10,30,NO CONTROLS,NO CONTROLS,CLEAR,"DARKNESS, LIGHTED ROAD",ANGLE,NOT DIVIDED,,STRAIGHT AND LEVEL,DRY,NO DEFECTS,,INJURY AND / OR TOW DUE TO CRASH,Y,,Y,"OVER $1,500",8/9/2019 21:14,FAILING TO YIELD RIGHT-OF-WAY,UNABLE TO DETERMINE,5300,S,ARCHER AVE,815,,,,,,,2,NONINCAPACITATING INJURY,1,0,0,1,0,2,0,21,6,8,41.79936348,-87.73934924,POINT (-87.739349243882 41.799363483204)
01ab2f5527d54ca712ad3a2913d1b8bced1d5b0332d1dc2e9d1726a028257748aeb0de71a79863e50ad0a775de23bcd20df8d477fb24a36f2c073469f638cffb,JE482258,,12/18/2021 23:50,30,NO CONTROLS,NO CONTROLS,CLEAR,"DARKNESS, LIGHTED ROAD",TURNING,DIVIDED - W/MEDIAN (NOT RAISED),,STRAIGHT AND LEVEL,DRY,NO DEFECTS,,INJURY AND / OR TOW DUE TO CRASH,Y,,,"OVER $1,500",12/19/2021 0:00,FAILING TO YIELD RIGHT-OF-WAY,FAILING TO REDUCE SPEED TO AVOID CRASH,7531,W,BELMONT AVE,2511,,,,,,,2,NO INDICATION OF INJURY,0,0,0,0,0,4,0,23,7,12,41.93784812,-87.8152337,POINT (-87.815233703235 41.937848118819)
d3d2151973ff487d86585f60b5d8cd537332e4b4ae8f756d9bee896ab53de312a7cd2049e2845e564dd7700fafdda2d819ebfdd2954b01ebf27a0e163e64b44f,JD365260,,9/12/2020 19:10,30,TRAFFIC SIGNAL,FUNCTIONING PROPERLY,RAIN,"DARKNESS, LIGHTED ROAD",ANGLE,FOUR WAY,,STRAIGHT AND LEVEL,WET,NO DEFECTS,,NO INJURY / DRIVE AWAY,Y,,,"OVER $1,500",9/12/2020 19:20,DISREGARDING TRAFFIC SIGNALS,FAILING TO YIELD RIGHT-OF-WAY,698,W,VAN BUREN ST,121,,,,,,,2,NO INDICATION OF INJURY,0,0,0,0,0,4,0,19,7,9,41.8768258,-87.64388938,POINT (-87.64388938208 41.876825795085)
185c4bf9f14397c17e69dc1cf4210beaa6f7d35e71b360730df87fcb0be8b91e896014c193242330d311ba890eb564eb846ba7911e8094ee3a2a1daf10136c47,,,4/1/2022 4:01,30,UNKNOWN,UNKNOWN,UNKNOWN,DAWN,REAR END,NOT DIVIDED,,STRAIGHT AND LEVEL,UNKNOWN,UNKNOWN,NOT ON SCENE (DESK REPORT),NO INJURY / DRIVE AWAY,,,,"OVER $1,500",4/1/2022 12:09,UNABLE TO DETERMINE,UNABLE TO DETERMINE,799,W,MADISON ST,1232,,,,,,,2,NO INDICATION OF INJURY,0,0,0,0,0,2,0,4,6,4,41.88166887,-87.64731407,POINT (-87.647314066525 41.881668870103)
61324f9a9c2e6b9c87436ef63287185a8da5181164934aa84996ae7abef536dc9c86d5c76c156c888e4df5feb3f54f7369415d4f1b340732543bd350ce2d5fe5,,,4/2/2022 3:00,30,TRAFFIC SIGNAL,FUNCTIONING PROPERLY,CLEAR,"DARKNESS, LIGHTED ROAD",REAR END,TRAFFIC ROUTE,,STRAIGHT AND LEVEL,DRY,NO DEFECTS,ON SCENE,INJURY AND / OR TOW DUE TO CRASH,Y,,,"OVER $1,500",4/2/2022 3:35,FAILING TO REDUCE SPEED TO AVOID CRASH,FOLLOWING TOO CLOSELY,199,W,43RD ST,925,,,,,,,2,NO INDICATION OF INJURY,0,0,0,0,0,2,0,3,7,4,41.8163091,-87.63116823,POINT (-87.631168226794 41.816309098512)
d90c48ed8c2a6fa259b987f768e3c0fff6109594afbc257644ce6b42dd6c408ae53076d163142383ea5e33a2198db5ba0e23d3102705f546a0afe2eb9b32d4be,,,4/2/2022 18:36,35,NO CONTROLS,NO CONTROLS,CLEAR,DAYLIGHT,TURNING,NOT DIVIDED,,STRAIGHT AND LEVEL,DRY,NO DEFECTS,ON SCENE,NO INJURY / DRIVE AWAY,,,,"$501 - $1,500",4/2/2022 19:10,UNABLE TO DETERMINE,NOT APPLICABLE,3329,N,OAK PARK AVE,1632,,,,,,,2,NO INDICATION OF INJURY,0,0,0,0,0,2,0,18,7,4,41.94087124,-87.79565518,POINT (-87.795655175173 41.940871244124)
2fd9930bf445a2d462d400ff02e51dc7be0652688753497f9faabb456bc6cf00b5e4bd418979524056c807fed543c065db9451a46980d4002313aa3e0051f918,,,4/2/2022 14:16,30,STOP SIGN/FLASHER,FUNCTIONING PROPERLY,RAIN,DAYLIGHT,ANGLE,NOT DIVIDED,,STRAIGHT AND LEVEL,WET,NO DEFECTS,NOT ON SCENE (DESK REPORT),NO INJURY / DRIVE AWAY,Y,,,"OVER $1,500",4/2/2022 15:30,FAILING TO YIELD RIGHT-OF-WAY,NOT APPLICABLE,100,N,MAYFIELD AVE,1512,,,,,,,2,NO INDICATION OF INJURY,0,0,0,0,0,5,0,14,7,4,41.88224314,-87.77200623,POINT (-87.772006233056 41.88224314172)
743a88065c08a7a6ed8b197172b8a8908dfc9d4837400f27537be932cd5a14bf1a83919d0b33cc33a2d749f8c4d1d9298d0ab0081cfb3d98f70ccf665677f5f5,,,4/2/2022 17:00,30,NO CONTROLS,NO CONTROLS,SNOW,DAYLIGHT,TURNING,T-INTERSECTION,,STRAIGHT AND LEVEL,WET,NO DEFECTS,ON SCENE,INJURY AND / OR TOW DUE TO CRASH,Y,,,"OVER $1,500",4/2/2022 17:04,IMPROPER TURNING/NO SIGNAL,NOT APPLICABLE,4259,W,ADDISON ST,1731,,,,,,,2,NO INDICATION OF INJURY,0,0,0,0,0,2,0,17,7,4,41.94616915,-87.73461785,POINT (-87.734617844687 41.946169152108)
0c69a34b3ffad547e58af11ce8c962b2e3dff8206a48c250b764b21892ac3474e3ae5cb4fa21a12c166a9b47d396b1b3c36c8866206cc36404141279b4fb07b0,,N,4/2/2022 2:35,30,NO CONTROLS,NO CONTROLS,CLEAR,"DARKNESS, LIGHTED ROAD",PARKED MOTOR VEHICLE,NOT DIVIDED,,STRAIGHT AND LEVEL,DRY,NO DEFECTS,ON SCENE,INJURY AND / OR TOW DUE TO CRASH,,,Y,"OVER $1,500",4/2/2022 2:37,UNABLE TO DETERMINE,UNABLE TO DETERMINE,4315,N,BROADWAY,1915,N,,,,,,3,NO INDICATION OF INJURY,0,0,0,0,0,1,0,2,7,4,41.96056718,-87.65422066,POINT (-87.654220660453 41.960567177127)
20081eedb4357601f1f1b672e3451a3996588b2562e93c4ca4425e2dc8a2facf5afc6420caacf8b2e08e6b2cdf772c20045b78e4c8ca47d667e4107e62d45f2f,,,4/2/2022 13:30,20,NO CONTROLS,NO CONTROLS,RAIN,DAYLIGHT,PARKED MOTOR VEHICLE,ONE-WAY,,STRAIGHT AND LEVEL,WET,NO DEFECTS,ON SCENE,NO INJURY / DRIVE AWAY,,,,"OVER $1,500",4/2/2022 13:35,IMPROPER LANE USAGE,NOT APPLICABLE,4013,N,BERNARD ST,1723,,,,,,,2,NO INDICATION OF INJURY,0,0,0,0,0,2,0,13,7,4,41.95427069,-87.71400664,POINT (-87.714006641969 41.954270692262)
8c117ae9bddca7133b5544a99c84bd972da8413a80da3fb983ddea53740ec0cc342293c735e492c662cdee63bb23cba974af3cfd24a6ddc63b18028e62275323,,,4/2/2022 16:20,15,NO CONTROLS,NO CONTROLS,RAIN,DAYLIGHT,PARKED MOTOR VEHICLE,PARKING LOT,,STRAIGHT AND LEVEL,WET,NO DEFECTS,NOT ON SCENE (DESK REPORT),NO INJURY / DRIVE AWAY,,,Y,"$501 - $1,500",4/2/2022 17:29,UNABLE TO DETERMINE,NOT APPLICABLE,3803,W,ROOSEVELT RD,1011,,,,,,,2,NO INDICATION OF INJURY,0,0,0,0,0,1,0,16,7,4,41.86612813,-87.72026401,POINT (-87.720264008274 41.866128129787)
6dc37f3d0b4473d5c73bf3404b11393d1fb00bec15d9ac377653bcbe049614661c5efb5f974f5ff849d4c082931c09d3782130f762da73e5fb093e10b28b4bc6,,,4/2/2022 12:50,30,NO CONTROLS,NO CONTROLS,RAIN,DAYLIGHT,TURNING,NOT DIVIDED,,STRAIGHT AND LEVEL,OTHER,UNKNOWN,NOT ON SCENE (DESK REPORT),NO INJURY / DRIVE AWAY,,,,"$501 - $1,500",4/2/2022 13:17,IMPROPER TURNING/NO SIGNAL,IMPROPER OVERTAKING/PASSING,1124,W,GRACE ST,1923,,,,,,,2,NO INDICATION OF INJURY,0,0,0,0,0,3,0,12,7,4,41.95117598,-87.65800573,POINT (-87.658005727627 41.951175979012)
b2c21b5f68923766fba584aec6e208dcd5fdc17eec083b60ca596280590a9c503041a4d51f9debae13cde02a0d35d908bc85577897b6b86bb0757f1ba08ea803,,,4/2/2022 20:08,30,NO CONTROLS,NO CONTROLS,CLEAR,"DARKNESS, LIGHTED ROAD",FIXED OBJECT,NOT DIVIDED,,STRAIGHT AND LEVEL,DRY,NO DEFECTS,ON SCENE,NO INJURY / DRIVE AWAY,,N,Y,"OVER $1,500",4/2/2022 20:08,UNABLE TO DETERMINE,NOT APPLICABLE,7401,S,MAY ST,733,,,,,,,1,NO INDICATION OF INJURY,0,0,0,0,0,1,0,20,7,4,41.75954462,-87.65260966,POINT (-87.652609660774 41.759544618042)
65dda8fe8b54f56682b8da46410ab789490b50be321ee6de1e172fa79b4ba92c668d086e712bb279b230cbf44ddb118131dc30db9ade934deab9aa5832995c05,JF171028,,3/12/2022 0:52,30,NO CONTROLS,NO CONTROLS,CLEAR,"DARKNESS, LIGHTED ROAD",FIXED OBJECT,NOT DIVIDED,,STRAIGHT AND LEVEL,DRY,NO DEFECTS,ON SCENE,INJURY AND / OR TOW DUE TO CRASH,N,,,"OVER $1,500",3/12/2022 0:52,UNABLE TO DETERMINE,UNABLE TO DETERMINE,3201,W,16TH ST,1022,,,,,,,1,NO INDICATION OF INJURY,0,0,0,0,0,4,0,0,7,3,41.85897327,-87.70551477,POINT (-87.70551477448 41.858973271078)
9cb7d145ce3e106e32a28a1302dd9cc3be79bbe7551c3f7d0348d5252becfcfe3aed0ab0cb65a84a25926b8362d2fcecbcc29ab175b7fd2d843d3a21fe3c8557,,,4/1/2022 10:05,30,TRAFFIC SIGNAL,FUNCTIONING PROPERLY,CLEAR,DAYLIGHT,TURNING,NOT DIVIDED,,STRAIGHT AND LEVEL,DRY,NO DEFECTS,ON SCENE,NO INJURY / DRIVE AWAY,,,,"$501 - $1,500",4/1/2022 10:09,DRIVING SKILLS/KNOWLEDGE/EXPERIENCE,DRIVING SKILLS/KNOWLEDGE/EXPERIENCE,3200,W,CERMAK RD,1022,,,,,,,2,NO INDICATION OF INJURY,0,0,0,0,0,2,0,10,6,4,41.85187404,-87.70531833,POINT (-87.705318326267 41.851874039784)
3bcd5c72abfe537353e410737ebfe442153261cf987b5dbe977222540e58924514ac1120ddedfc15f0ed599dbc3fb6f3193126af7e384f01e38d73a2a30f71ee,,,4/2/2022 15:45,30,NO CONTROLS,NO CONTROLS,RAIN,DAYLIGHT,TURNING,DIVIDED - W/MEDIAN (NOT RAISED),,STRAIGHT AND LEVEL,WET,UNKNOWN,NOT ON SCENE (DESK REPORT),NO INJURY / DRIVE AWAY,,,,"$501 - $1,500",4/2/2022 16:00,UNABLE TO DETERMINE,UNABLE TO DETERMINE,6236,N,WESTERN AVE,2413,,,,,,,2,NO INDICATION OF INJURY,0,0,0,0,0,4,0,15,7,4,41.99519703,-87.68994741,POINT (-87.689947407317 41.995197026668)
02daa58f3f312dd6d2f7efa8ab6f2aa4806611aebe03d836f52b0f3b87dcb1465030f07abba6e8c5d628c5de47ccf28a05d634c5621f579ecbfe4247ef3880f8,JF163958,,3/5/2022 7:00,30,NO CONTROLS,NO CONTROLS,CLEAR,DAYLIGHT,PARKED MOTOR VEHICLE,ONE-WAY,,STRAIGHT AND LEVEL,DRY,NO DEFECTS,NOT ON SCENE (DESK REPORT),NO INJURY / DRIVE AWAY,,,,"$501 - $1,500",3/5/2022 9:20,UNABLE TO DETERMINE,NOT APPLICABLE,6400,S,HARVARD AVE,722,,,,,,,2,NO INDICATION OF INJURY,0,0,0,0,0,1,0,7,7,3,41.77802658,-87.63352884,POINT (-87.633528837657 41.778026582474)
0389b0450d13cce49d58a56f5dddbf7734121b6bfef615986c1a0c395b4213103f0df3b70653ad98e865057706a2760026355c17069f2b34b4b141a9f0a72b6b,JF164200,,3/5/2022 12:25,30,TRAFFIC SIGNAL,FUNCTIONING PROPERLY,CLEAR,DAYLIGHT,ANGLE,NOT DIVIDED,,STRAIGHT AND LEVEL,DRY,NO DEFECTS,NOT ON SCENE (DESK REPORT),NO INJURY / DRIVE AWAY,Y,,,"OVER $1,500",3/5/2022 13:30,UNABLE TO DETERMINE,UNABLE TO DETERMINE,1700,N,STOCKTON DR,1814,,,,,,,2,NO INDICATION OF INJURY,0,0,0,0,0,5,0,12,7,3,41.91341247,-87.63187356,POINT (-87.631873557423 41.913412465781)
f9e9b568309d4ef1e44d10c6d09776694cc4d02bf3b76c51c3209aff21af2fe86bd1c0852e28debb0c846217ac4a2f297829936e62b89ff38135f860aac03259,,,4/1/2022 3:06,55,NO CONTROLS,NO CONTROLS,CLEAR,"DARKNESS, LIGHTED ROAD",REAR END,DIVIDED - W/MEDIAN (NOT RAISED),,STRAIGHT AND LEVEL,WET,NO DEFECTS,NOT ON SCENE (DESK REPORT),NO INJURY / DRIVE AWAY,,,Y,"OVER $1,500",4/1/2022 12:30,UNABLE TO DETERMINE,UNABLE TO DETERMINE,3200,N,LAKE SHORE DR,1925,,,,,,,2,NO INDICATION OF INJURY,0,0,0,0,0,2,0,3,6,4,41.94090916,-87.63936916,POINT (-87.639369159955 41.940909163268)
34fe6b398e099489b2984058d15825a952e7fab0dab580ceffedb0b4f2fc9da233b5b816ec3ee5879e1d6184edae8292ce04e721a704046968fb5158fba0fc4d,,,4/2/2022 15:33,30,TRAFFIC SIGNAL,FUNCTIONING PROPERLY,RAIN,DAYLIGHT,REAR END,TRAFFIC ROUTE,,STRAIGHT AND LEVEL,WET,NO DEFECTS,ON SCENE,NO INJURY / DRIVE AWAY,Y,,Y,"$501 - $1,500",4/2/2022 15:34,UNABLE TO DETERMINE,NOT APPLICABLE,11131,S,HAMLET AVE,2234,,,,,,,2,NO INDICATION OF INJURY,0,0,0,0,0,2,0,15,7,4,41.69118331,-87.65993871,POINT (-87.659938708074 41.691183309722)
5c9603a0b667b66ce464fd201f05ac93b93cdc7654ac63703426824ebb90c57d1970874e2c631157ce4bb276719210d4f00d6e132efdc7893a21f96839ef8a0e,,,3/31/2022 20:00,30,UNKNOWN,UNKNOWN,UNKNOWN,UNKNOWN,PARKED MOTOR VEHICLE,ONE-WAY,,STRAIGHT AND LEVEL,UNKNOWN,UNKNOWN,,NO INJURY / DRIVE AWAY,,,Y,"$501 - $1,500",4/2/2022 14:30,UNABLE TO DETERMINE,UNABLE TO DETERMINE,1534,W,ELMDALE AVE,2433,,,,,,,3,NO INDICATION OF INJURY,0,0,0,0,0,1,0,20,5,3,41.99092002,-87.66900248,POINT (-87.669002482555 41.990920020308)
c49faeb6bd7886261a5c81255c4404abf8bee0285830a4019e279e76bb93aa0ae4b7e64483c4b498d0aa66c4a0da63838195da2bcf9c63be6cfdce1f3373c757,,,4/2/2022 20:20,30,NO CONTROLS,NO CONTROLS,CLEAR,"DARKNESS, LIGHTED ROAD",FIXED OBJECT,NOT DIVIDED,,STRAIGHT AND LEVEL,WET,"RUT, HOLES",NOT ON SCENE (DESK REPORT),NO INJURY / DRIVE AWAY,,,,"$501 - $1,500",4/3/2022 2:00,NOT APPLICABLE,NOT APPLICABLE,3459,W,ADDISON ST,1732,Y,,,,,,1,NO INDICATION OF INJURY,0,0,0,0,0,1,0,20,7,4,41.94641943,-87.71503006,POINT (-87.715030064279 41.946419427713)
5313328c2ef8fb461351d39e4127b5f342f649b8f83249865540c2a1c58c74bca6cadfbfa526b11ccf0ace90528c047d2ef8ca5d96d6185c3bc57587fb3bd030,,,4/2/2022 14:00,30,STOP SIGN/FLASHER,FUNCTIONING PROPERLY,RAIN,DAYLIGHT,TURNING,DIVIDED - W/MEDIAN (NOT RAISED),,STRAIGHT AND LEVEL,WET,NO DEFECTS,NOT ON SCENE (DESK REPORT),NO INJURY / DRIVE AWAY,,,,"OVER $1,500",4/2/2022 14:30,UNABLE TO DETERMINE,UNABLE TO DETERMINE,2928,N,CALIFORNIA AVE,1411,,,,,,,2,NO INDICATION OF INJURY,0,0,0,0,0,2,0,14,7,4,41.9348492,-87.69784672,POINT (-87.697846718372 41.934849199839)
d6129c203daca98a13ae0e9b3cc02d4d95ea41a631d793014cd86ea7779007297b9692520eb05730a9c2970104bc8abf6fa9ab16e466e9a6f4ec865fff7c9c12,,Y,4/2/2022 0:20,30,TRAFFIC SIGNAL,FUNCTIONING PROPERLY,CLEAR,"DARKNESS, LIGHTED ROAD",TURNING,FOUR WAY,,STRAIGHT AND LEVEL,DRY,NO DEFECTS,ON SCENE,NO INJURY / DRIVE AWAY,,,Y,"OVER $1,500",4/2/2022 0:20,DRIVING SKILLS/KNOWLEDGE/EXPERIENCE,UNABLE TO DETERMINE,4700,S,LAKE PARK AVE,222,,,,,,,2,NO INDICATION OF INJURY,0,0,0,0,0,4,0,0,7,4,41.80953478,-87.59245022,POINT (-87.592450223394 41.809534780826)
b15ae724ab0967b866e4191b4d2ce77fbbfca72cdb9e9a918e90c00fbabcbda10099c81b599561945013f0024a0d57bfd11c35b530cd4d63feed64f11c450916,,,4/1/2022 20:00,30,NO CONTROLS,NO CONTROLS,CLEAR,"DARKNESS, LIGHTED ROAD",PARKED MOTOR VEHICLE,NOT DIVIDED,,STRAIGHT AND LEVEL,DRY,UNKNOWN,ON SCENE,NO INJURY / DRIVE AWAY,,,Y,"OVER $1,500",4/2/2022 0:28,UNABLE TO DETERMINE,UNABLE TO DETERMINE,2616,W,45TH ST,922,,,,,,,2,NO INDICATION OF INJURY,0,0,0,0,0,1,0,20,6,4,41.81208876,-87.69016802,POINT (-87.690168019006 41.812088755483)
718476092afd7684dbed0a0a69c6121249103e8212b88502769a501e556f945c480f9fd9002b9f083a47eefca2833604e37723decf98996f064b0bdbad8c2422,,,4/2/2022 19:59,30,TRAFFIC SIGNAL,FUNCTIONING PROPERLY,RAIN,"DARKNESS, LIGHTED ROAD",ANGLE,FOUR WAY,,STRAIGHT AND LEVEL,WET,NO DEFECTS,ON SCENE,INJURY AND / OR TOW DUE TO CRASH,Y,,,"OVER $1,500",4/2/2022 20:00,DISREGARDING TRAFFIC SIGNALS,NOT APPLICABLE,6300,S,HALSTED PKWY,723,,,,,,,2,"REPORTED, NOT EVIDENT",1,0,0,0,1,1,0,19,7,4,41.77974244,-87.64294723,POINT (-87.642947228668 41.779742438895)
fad8289d4bfac2ddbd8f7784b2ee061252b48edb74d682b9fbafcf93e15e8b3b07172f54b883fd7b57f7433b4234eeb30ee00c22c461d7803bedbae7462eb07d,,,4/2/2022 23:00,30,NO CONTROLS,NO CONTROLS,CLEAR,"DARKNESS, LIGHTED ROAD",PARKED MOTOR VEHICLE,NOT DIVIDED,,STRAIGHT AND LEVEL,UNKNOWN,NO DEFECTS,NOT ON SCENE (DESK REPORT),NO INJURY / DRIVE AWAY,,N,Y,"OVER $1,500",4/2/2022 23:40,"OPERATING VEHICLE IN ERRATIC, RECKLESS, CARELESS, NEGLIGENT OR AGGRESSIVE MANNER",IMPROPER BACKING,505,E,67TH ST,321,,,,,,,2,NO INDICATION OF INJURY,0,0,0,0,0,2,0,23,7,4,41.77290647,-87.61281384,POINT (-87.612813838651 41.772906471729)