CRASH_RECORD_ID,RD_NO,CRASH_DATE_EST_I,CRASH_DATE,POSTED_SPEED_LIMIT,TRAFFIC_CONTROL_DEVICE,DEVICE_CONDITION,WEATHER_CONDITION,LIGHTING_CONDITION,FIRST_CRASH_TYPE,TRAFFICWAY_TYPE,LANE_CNT,ALIGNMENT,ROADWAY_SURFACE_COND,ROAD_DEFECT,REPORT_TYPE,CRASH_TYPE,INTERSECTION_RELATED_I,NOT_RIGHT_OF_WAY_I,HIT_AND_RUN_I,DAMAGE,DATE_POLICE_NOTIFIED,PRIM_CONTRIBUTORY_CAUSE,SEC_CONTRIBUTORY_CAUSE,STREET_NO,STREET_DIRECTION,STREET_NAME,BEAT_OF_OCCURRENCE,PHOTOS_TAKEN_I,STATEMENTS_TAKEN_I,DOORING_I,WORK_ZONE_I,WORK_ZONE_TYPE,WORKERS_PRESENT_I,NUM_UNITS,MOST_SEVERE_INJURY,INJURIES_TOTAL,INJURIES_FATAL,INJURIES_INCAPACITATING,INJURIES_NON_INCAPACITATING,INJURIES_REPORTED_NOT_EVIDENT,INJURIES_NO_INDICATION,INJURIES_UNKNOWN,CRASH_HOUR,CRASH_DAY_OF_WEEK,CRASH_MONTH,LATITUDE,LONGITUDE,LOCATION
4f78dcc61f48a674e0c0b802e38cdadcd9abbb76e3a35a197352a075f0b17cddc655f19d400cd2f962768e623830c31ad3146e403b2637e25d39bb7426a79fcd,,,4/2/2022 8:30,30,NO CONTROLS,NO CONTROLS,CLEAR,DAYLIGHT,PARKED MOTOR VEHICLE,PARKING LOT,,STRAIGHT AND LEVEL,DRY,NO DEFECTS,ON SCENE,NO INJURY / DRIVE AWAY,,,,"$501 - $1,500",4/2/2022 8:45,PHYSICAL CONDITION OF DRIVER,NOT APPLICABLE,5414,S,ARCHER AVE,814,,,,,,,2,NO INDICATION OF INJURY,0,0,0,0,0,1,0,8,7,4,41.79867203,-87.74359878,POINT (-87.743598778437 41.798672032748)
e0a7f7a616dbbbbc73f7f2e13e280f63777330c5a5f8a4eedc4ad517b29dce520271490998d7ac60d7ed5c0c2a244e1c7ff169769b2966e98aa84b28088768ef,,,4/2/2022 4:22,30,NO CONTROLS,NO CONTROLS,CLEAR,"DARKNESS, LIGHTED ROAD",SIDESWIPE SAME DIRECTION,DIVIDED - W/MEDIAN (NOT RAISED),,STRAIGHT AND LEVEL,DRY,UNKNOWN,ON SCENE,INJURY AND / OR TOW DUE TO CRASH,,,,"OVER $1,500",4/2/2022 4:46,IMPROPER OVERTAKING/PASSING,UNABLE TO DETERMINE,2300,N,CICERO AVE,2522,,,,,,,2,NO INDICATION OF INJURY,0,0,0,0,0,3,0,4,7,4,41.92245937,-87.74640269,POINT (-87.746402691551 41.922459371079)
89369f93bf29ae5fa4bc567e166b8b2f52ac8d024b439278fa611f57b156aa67be34bd86aebd7c71c312e2083544e2a90882487d98e7599fd6f8e85ad5081f55,,,3/31/2022 10:00,30,NO CONTROLS,NO CONTROLS,UNKNOWN,DAYLIGHT,SIDESWIPE SAME DIRECTION,ONE-WAY,,STRAIGHT AND LEVEL,UNKNOWN,UNKNOWN,NOT ON SCENE (DESK REPORT),NO INJURY / DRIVE AWAY,,,,"$501 - $1,500",4/2/2022 16:15,FAILING TO REDUCE SPEED TO AVOID CRASH,UNABLE TO DETERMINE,90,E,RANDOLPH ST,111,,,,,,,2,NO INDICATION OF INJURY,0,0,0,0,0,2,0,10,5,3,41.88460914,-87.62470538,POINT (-87.62470537879 41.884609141954)
276fea10f512b424b46eb6ba9ea294e5b5931ceca77668c3050f26e5548195a8b25315136b1a72c3008084fe6410faea94761e8eee3484c0856d433dd0fb8cd4,,,4/2/2022 15:07,30,NO CONTROLS,NO CONTROLS,RAIN,DAYLIGHT,PARKED MOTOR VEHICLE,NOT DIVIDED,,STRAIGHT AND LEVEL,WET,NO DEFECTS,NOT ON SCENE (DESK REPORT),NO INJURY / DRIVE AWAY,,,Y,"$501 - $1,500",4/2/2022 15:47,FAILING TO YIELD RIGHT-OF-WAY,UNABLE TO DETERMINE,349,E,47TH ST,224,,,,,,,2,NO INDICATION OF INJURY,0,0,0,0,0,1,0,15,7,4,41.80925659,-87.61766628,POINT (-87.617666276445 41.809256591345)
b616382e1942cbf5e6af90ed15408de1515d8d1ff04e7d30fa12794020129f1b20af3b4b9d27d2f8e270fdc5a960b95bca87adfa1dfb1197ea0acf368e61b077,,,4/2/2022 11:10,30,NO CONTROLS,NO CONTROLS,CLEAR,DAYLIGHT,FIXED OBJECT,NOT DIVIDED,,STRAIGHT AND LEVEL,DRY,SHOULDER DEFECT,ON SCENE,NO INJURY / DRIVE AWAY,,,,"OVER $1,500",4/2/2022 11:15,UNABLE TO DETERMINE,UNABLE TO DETERMINE,404,N,MILWAUKEE AVE,1214,,,,,,,1,NO INDICATION OF INJURY,0,0,0,0,0,1,0,11,7,4,41.88909806,-87.64461303,POINT (-87.644613034111 41.889098059279)
150a37a7903d3b6d0bdc0bdac7157446071db4437bcfbf96a580a8b1173dcaa43c755a8b2d00e223fbd4a4e4e51a19d8bbb7459dc696a92896c29f78b6901b48,,,4/2/2022 16:05,30,STOP SIGN/FLASHER,FUNCTIONING PROPERLY,SNOW,"DARKNESS, LIGHTED ROAD",ANGLE,NOT DIVIDED,,STRAIGHT AND LEVEL,SNOW OR SLUSH,NO DEFECTS,ON SCENE,INJURY AND / OR TOW DUE TO CRASH,,,,"OVER $1,500",4/2/2022 16:07,FAILING TO YIELD RIGHT-OF-WAY,NOT APPLICABLE,6313,N,HARLEM AVE,1612,,,,,,,2,NONINCAPACITATING INJURY,4,0,0,1,3,2,0,16,7,4,41.99578712,-87.80666548,POINT (-87.806665480894 41.995787119275)
db571823965f05eb35409f91ba1243f55448938358789bcbd4e7164de9bc8ba6f7f450318b2d5ebbc8df7196c955debccaf68767ef71b8d34ed240e25fdc511e,,,4/2/2022 21:41,30,NO CONTROLS,NO CONTROLS,CLEAR,DARKNESS,REAR END,NOT DIVIDED,,STRAIGHT AND LEVEL,WET,UNKNOWN,ON SCENE,INJURY AND / OR TOW DUE TO CRASH,,,,"OVER $1,500",4/2/2022 21:42,FOLLOWING TOO CLOSELY,UNABLE TO DETERMINE,930,N,CICERO AVE,1531,,,,,,,3,NO INDICATION OF INJURY,0,0,0,0,0,6,0,21,7,4,41.89772078,-87.74601133,POINT (-87.746011333964 41.897720778468)
d16317812cbabf5d7aa30ff28f3cec716710304376339bd5d9d4c522a1830bebe225093ff3d6d0c5b0bf218a2eb817028862230cad83cc4cde55fac141966046,,,4/2/2022 13:35,35,NO CONTROLS,NO CONTROLS,RAIN,DAYLIGHT,REAR END,NOT DIVIDED,,STRAIGHT AND LEVEL,WET,NO DEFECTS,NOT ON SCENE (DESK REPORT),NO INJURY / DRIVE AWAY,,,,"OVER $1,500",4/2/2022 14:30,WEATHER,NOT APPLICABLE,6250,S,CICERO AVE,813,,,,,,,2,NO INDICATION OF INJURY,0,0,0,0,0,2,0,13,7,4,41.77874434,-87.74244967,POINT (-87.742449667056 41.778744343983)
ba0e6109e43501c91dc8b95fb5b17f06c8bda9affad8c20c2f0c47397f852438c3e80241d1bc3abb4767a7dbb815228e0fc22c4a855be4c8230239e6bf8ba61b,,,4/2/2022 7:45,30,TRAFFIC SIGNAL,UNKNOWN,CLEAR,DAYLIGHT,SIDESWIPE SAME DIRECTION,FOUR WAY,,STRAIGHT AND LEVEL,UNKNOWN,UNKNOWN,NOT ON SCENE (DESK REPORT),NO INJURY / DRIVE AWAY,Y,,,"OVER $1,500",4/2/2022 8:37,IMPROPER LANE USAGE,IMPROPER LANE USAGE,6705,S,ASHLAND AVE,725,,,,,,,2,NO INDICATION OF INJURY,0,0,0,0,0,2,0,7,7,4,41.77199041,-87.66386774,POINT (-87.663867743995 41.771990408711)
46606adfa6c40fee0f4055ed04672fe9c48a5ae56957c8a70a47f7013522edd01232ad8b10d563d1b340a9984f5c384a4287e123df776783b3a59f13d3ccfb19,,,4/2/2022 3:45,40,NO CONTROLS,NO CONTROLS,CLEAR,"DARKNESS, LIGHTED ROAD",REAR END,FOUR WAY,,STRAIGHT AND LEVEL,DRY,UNKNOWN,ON SCENE,INJURY AND / OR TOW DUE TO CRASH,,,,"OVER $1,500",4/2/2022 3:51,NOT APPLICABLE,NOT APPLICABLE,5699,N,LAKE SHORE DR NB,2022,,,,,,,2,"REPORTED, NOT EVIDENT",1,0,0,0,1,1,0,3,7,4,41.98555677,-87.65336148,POINT (-87.653361480328 41.985556766551)
a9ddd4904bb4a09f4a06cd4778eabbc80bfc99f5a376224b90b42a8b4d2f5e792ba7dbaba4a91e100ebb4c57cba4a3e2337d41ce2ca54cf7b8c5dd1914a55614,,,4/2/2022 22:50,30,NO CONTROLS,NO CONTROLS,CLEAR,"DARKNESS, LIGHTED ROAD",ANGLE,T-INTERSECTION,,STRAIGHT AND LEVEL,WET,UNKNOWN,ON SCENE,INJURY AND / OR TOW DUE TO CRASH,,,,"OVER $1,500",4/2/2022 22:50,FAILING TO YIELD RIGHT-OF-WAY,UNABLE TO DETERMINE,3426,N,MILWAUKEE AVE,1731,,,,,,,3,NO INDICATION OF INJURY,0,0,0,0,0,3,0,22,7,4,41.94347059,-87.73125967,POINT (-87.731259673553 41.943470594374)
4348f6dc640217cacc53b6808d9587f3d3f5c0e24e741241801aef2ee2370d15590598f8e5109fc30087debbb734c7c6ca23e9ad5a01ba8204ca12820c1253c7,,Y,4/2/2022 11:00,30,NO CONTROLS,NO CONTROLS,CLOUDY/OVERCAST,DAYLIGHT,PARKED MOTOR VEHICLE,ONE-WAY,,STRAIGHT AND LEVEL,DRY,UNKNOWN,ON SCENE,NO INJURY / DRIVE AWAY,,,Y,"$501 - $1,500",4/2/2022 12:11,FAILING TO REDUCE SPEED TO AVOID CRASH,UNABLE TO DETERMINE,3957,W,WABANSIA AVE,2535,,,,,,,2,NO INDICATION OF INJURY,0,0,0,0,0,1,0,11,7,4,41.91160015,-87.7262462,POINT (-87.72624620008 41.911600151981)
5d29a09905f5d8ee0e086e1efe3dc42a7e78bf282b7dc4911a71374579aac2ebc08bda9c8c4d28c4c2b94f27fa56650f4109ffa2066d0d5aa5b3554948c33f35,,,4/2/2022 15:59,30,TRAFFIC SIGNAL,FUNCTIONING PROPERLY,RAIN,DAYLIGHT,REAR END,NOT DIVIDED,,STRAIGHT AND LEVEL,WET,NO DEFECTS,ON SCENE,NO INJURY / DRIVE AWAY,,,,"OVER $1,500",4/2/2022 16:04,CELL PHONE USE OTHER THAN TEXTING,CELL PHONE USE OTHER THAN TEXTING,4343,N,CICERO AVE,1722,,,,,,,2,NO INDICATION OF INJURY,0,0,0,0,0,2,0,15,7,4,41.96017474,-87.74735618,POINT (-87.747356181098 41.960174738165)
22f00d889f75cc5a8ae06db9bd360a6660ad6154fc563bee80707dec39d6cfc7311c1244ad492f8b1246152dfafef60ce02232ccefe61f2821b5b7ed810da563,,,3/30/2022 17:30,30,NO CONTROLS,NO CONTROLS,RAIN,DAYLIGHT,ANGLE,ONE-WAY,,STRAIGHT AND LEVEL,WET,UNKNOWN,NOT ON SCENE (DESK REPORT),NO INJURY / DRIVE AWAY,,,,"OVER $1,500",3/31/2022 17:15,FAILING TO YIELD RIGHT-OF-WAY,FAILING TO YIELD RIGHT-OF-WAY,832,N,ROCKWELL ST,1211,,,,,,,2,NO INDICATION OF INJURY,0,0,0,0,0,2,0,17,4,3,41.8966479,-87.69194446,POINT (-87.691944455281 41.896647894769)
700fd890f6a6397f2b66341a3326dd1c77a109677a3bb780c1ecacd3cf57ae1af913c6106bb70017d45efd15d4d4c78c2714f07bb8f67f8e98239172999f5fbb,,,3/29/2022 18:20,20,NO CONTROLS,NO CONTROLS,CLOUDY/OVERCAST,DAYLIGHT,SIDESWIPE OPPOSITE DIRECTION,PARKING LOT,,STRAIGHT AND LEVEL,DRY,NO DEFECTS,ON SCENE,NO INJURY / DRIVE AWAY,,,,"OVER $1,500",3/29/2022 18:25,IMPROPER OVERTAKING/PASSING,NOT APPLICABLE,10000,W,OHARE ST,1651,,,,,,,2,NO INDICATION OF INJURY,0,0,0,0,0,2,0,18,3,3,41.97620114,-87.90530913,POINT (-87.905309125103 41.976201139024)
8742d73f8bfdfd8b640e971c86a39b7cd7bd1b0cfea51c890ba7a67192ed3937993a9659c48e9c3f0b1e2b4f162218cb1f0967f606c6214a6afce31afd5fff93,,,4/2/2022 16:30,30,NO CONTROLS,NO CONTROLS,RAIN,DAYLIGHT,TURNING,NOT DIVIDED,,STRAIGHT AND LEVEL,DRY,NO DEFECTS,NOT ON SCENE (DESK REPORT),NO INJURY / DRIVE AWAY,Y,,Y,"OVER $1,500",4/2/2022 17:00,"OPERATING VEHICLE IN ERRATIC, RECKLESS, CARELESS, NEGLIGENT OR AGGRESSIVE MANNER","OPERATING VEHICLE IN ERRATIC, RECKLESS, CARELESS, NEGLIGENT OR AGGRESSIVE MANNER",226,E,47TH ST,215,,,,,,,2,NO INDICATION OF INJURY,0,0,0,0,0,2,0,16,7,4,41.80943984,-87.61995044,POINT (-87.619950438518 41.809439843533)
ed8837472410b85996689af04cde8a4d3edb2a0f3efaf7fc0c76a333db042881b195a179c2d9ed686d1aab805e8e72743a9705bca14f1d88947b70b0650b9fee,,,4/1/2022 23:45,30,TRAFFIC SIGNAL,FUNCTIONING PROPERLY,CLEAR,"DARKNESS, LIGHTED ROAD",SIDESWIPE SAME DIRECTION,NOT DIVIDED,,STRAIGHT AND LEVEL,DRY,NO DEFECTS,NOT ON SCENE (DESK REPORT),NO INJURY / DRIVE AWAY,Y,,,"$501 - $1,500",4/2/2022 17:00,IMPROPER LANE USAGE,UNABLE TO DETERMINE,1387,E,47TH ST,222,,,,,,,2,NO INDICATION OF INJURY,0,0,0,0,0,4,0,23,6,4,41.80957558,-87.59256462,POINT (-87.592564621144 41.809575580294)
c085fa0de3069fb29f9bdc249499856cc6ad18b8ccda99ea87c1e86a690ba45d0c46a738d401adafd79fe644a9a3443c894b0a3f969a15a7edecfbd3f5ec9151,,,4/2/2022 13:55,30,STOP SIGN/FLASHER,UNKNOWN,CLEAR,DAYLIGHT,TURNING,DIVIDED - W/MEDIAN (NOT RAISED),,STRAIGHT AND LEVEL,UNKNOWN,UNKNOWN,NOT ON SCENE (DESK REPORT),NO INJURY / DRIVE AWAY,,,,"$501 - $1,500",4/2/2022 15:30,FAILING TO YIELD RIGHT-OF-WAY,NOT APPLICABLE,3930,N,LARAMIE AVE,1634,,,,,,,2,NO INDICATION OF INJURY,0,0,0,0,0,2,0,13,7,4,41.95239584,-87.7572668,POINT (-87.757266804283 41.952395838272)
17031268961b7e32754be54f1498d6057a592fbb1017cf4f1f4abbf88b6f889e209487df3c60d00046b0894349d192a0d0273437e97de6ba9235df5024c6bf77,,,4/2/2022 17:05,30,UNKNOWN,UNKNOWN,RAIN,DAYLIGHT,SIDESWIPE SAME DIRECTION,NOT DIVIDED,,STRAIGHT AND LEVEL,WET,UNKNOWN,ON SCENE,NO INJURY / DRIVE AWAY,,,,"$501 - $1,500",4/2/2022 17:11,IMPROPER OVERTAKING/PASSING,IMPROPER OVERTAKING/PASSING,3400,N,LAKE SHORE DR,1925,,,,,,,2,NO INDICATION OF INJURY,0,0,0,0,0,2,0,17,7,4,41.94340222,-87.64068544,POINT (-87.64068543656 41.943402218415)
a4dc55af7bdffc2a928d69d09c342b613b12061386d3ac997cd272681840af2e857088263a26f1bbb30c27bbae20467c0857b5bb796ea04107df8e7389da335a,,,4/2/2022 9:17,30,NO CONTROLS,NO CONTROLS,CLEAR,DAYLIGHT,PARKED MOTOR VEHICLE,ONE-WAY,,STRAIGHT AND LEVEL,DRY,NO DEFECTS,ON SCENE,NO INJURY / DRIVE AWAY,,,Y,"OVER $1,500",4/2/2022 9:17,UNABLE TO DETERMINE,UNABLE TO DETERMINE,7842,S,BISHOP ST,612,,,,,,,2,NO INDICATION OF INJURY,0,0,0,0,0,1,0,9,7,4,41.75094346,-87.66036451,POINT (-87.660364510178 41.750943462305)
840a7baaa2489e3c47c0425261e501538d87ca9ece05e6a8488f981f71d8087d2ad750f8560d073900315bb65bbbfbc10ece82d7e05a27ca450bdff79b0ced78,,,4/3/2022 0:05,30,STOP SIGN/FLASHER,FUNCTIONING PROPERLY,CLEAR,"DARKNESS, LIGHTED ROAD",PARKED MOTOR VEHICLE,DIVIDED - W/MEDIAN (NOT RAISED),,STRAIGHT AND LEVEL,DRY,NO DEFECTS,ON SCENE,NO INJURY / DRIVE AWAY,,,Y,"OVER $1,500",4/3/2022 0:45,UNABLE TO DETERMINE,FAILING TO REDUCE SPEED TO AVOID CRASH,9800,S,COMMERCIAL AVE,431,,,,,,,3,NO INDICATION OF INJURY,0,0,0,0,0,1,0,0,1,4,41.71721682,-87.55115019,POINT (-87.551150188646 41.717216820518)
f11256abc66cc6d7c3f7bb2b74050c7341e8efae89dae56a2047a15dde1b6883405835d5479b4eb5f476cecb25530ecda4da533f35d6a5da50afbe5cb714555b,,,4/2/2022 11:38,35,NO CONTROLS,NO CONTROLS,CLEAR,DAYLIGHT,TURNING,NOT DIVIDED,,STRAIGHT AND LEVEL,DRY,NO DEFECTS,ON SCENE,INJURY AND / OR TOW DUE TO CRASH,,,,"OVER $1,500",4/2/2022 11:45,IMPROPER TURNING/NO SIGNAL,UNABLE TO DETERMINE,5045,S,PULASKI RD,821,,,,,,,2,"REPORTED, NOT EVIDENT",1,0,0,0,1,1,0,11,7,4,41.80102188,-87.72323975,POINT (-87.723239751654 41.801021882684)
b43036522579d968cc978c7a91711d12f50f12f2d93b08ff5520cb82ceb3dbac0af24a01485eb8ad45b254d8c08b8d8a5a98e5f902d2980377713dec0c8716e0,,,4/1/2022 21:00,30,NO CONTROLS,NO CONTROLS,UNKNOWN,UNKNOWN,PARKED MOTOR VEHICLE,NOT DIVIDED,,STRAIGHT AND LEVEL,UNKNOWN,UNKNOWN,ON SCENE,NO INJURY / DRIVE AWAY,,,Y,"OVER $1,500",4/2/2022 7:11,IMPROPER BACKING,UNABLE TO DETERMINE,1641,W,ESTES AVE,2423,,,,,,,2,NO INDICATION OF INJURY,0,0,0,0,0,1,0,21,6,4,42.0113491,-87.67182316,POINT (-87.671823158732 42.011349101439)
d9fbf31befd8c1b0060fda5a86e238545cbfe4b24d1c4a79d0fbd00ff4bba95ccf65e1a1f7092c0026e9963d305508a622280f866a8f220f802bc445e6665e76,,,4/2/2022 18:05,30,TRAFFIC SIGNAL,FUNCTIONING PROPERLY,RAIN,DAYLIGHT,REAR TO FRONT,NOT DIVIDED,,STRAIGHT AND LEVEL,WET,NO DEFECTS,ON SCENE,NO INJURY / DRIVE AWAY,Y,,Y,"$501 - $1,500",4/2/2022 18:19,IMPROPER BACKING,WEATHER,50,E,14TH ST,131,,,,,,,2,NO INDICATION OF INJURY,0,0,0,0,0,3,0,18,7,4,41.86418131,-87.62540321,POINT (-87.625403212204 41.864181306612)
2fbd867be437ab2abfc5b13d268ed6853c32ea1a8e12ad56a780d48ea642aba5f8730c9e9451250e6175ae987b5ee2d8f8bd744545a05e4227754182ac3743d7,,,4/2/2022 16:10,30,UNKNOWN,UNKNOWN,UNKNOWN,DAYLIGHT,SIDESWIPE SAME DIRECTION,NOT DIVIDED,,STRAIGHT AND LEVEL,UNKNOWN,UNKNOWN,NOT ON SCENE (DESK REPORT),NO INJURY / DRIVE AWAY,,,,"OVER $1,500",4/2/2022 17:00,UNABLE TO DETERMINE,NOT APPLICABLE,2746,N,CLYBOURN AVE,1931,,,,,,,2,NO INDICATION OF INJURY,0,0,0,0,0,2,0,16,7,4,41.93102101,-87.67686402,POINT (-87.676864018134 41.931021005798)
5f77597c22c918fdddb878894910004d8c70494b434041831b239bc97ad008f7d429a27f787387b63effe527ce409992f9954f0ac1131dbaad629062d8e9f1d7,,,3/30/2022 14:30,20,NO CONTROLS,NO CONTROLS,CLEAR,DAWN,PARKED MOTOR VEHICLE,PARKING LOT,,STRAIGHT AND LEVEL,UNKNOWN,NO DEFECTS,ON SCENE,NO INJURY / DRIVE AWAY,,,Y,"OVER $1,500",4/1/2022 6:00,FOLLOWING TOO CLOSELY,DRIVING SKILLS/KNOWLEDGE/EXPERIENCE,10000,W,OHARE ST,1651,,,,,,,2,NO INDICATION OF INJURY,0,0,0,0,0,1,0,14,4,3,41.97620114,-87.90530913,POINT (-87.905309125103 41.976201139024)
7796de97cacee67c8b550a550c8e9843b553e477d5fa1bfc00c80a666473c9974dec5af8945e3ff4b23a80459806395617f8774f2b2c631fb85fec7f41d9c033,,,4/1/2022 13:00,30,NO CONTROLS,NO CONTROLS,CLEAR,DAYLIGHT,PARKED MOTOR VEHICLE,ONE-WAY,,STRAIGHT AND LEVEL,DRY,NO DEFECTS,NOT ON SCENE (DESK REPORT),NO INJURY / DRIVE AWAY,,,Y,"OVER $1,500",4/1/2022 13:00,UNABLE TO DETERMINE,UNABLE TO DETERMINE,4300,S,INDIANA AVE,215,,,,,,,2,NO INDICATION OF INJURY,0,0,0,0,0,1,0,13,6,4,41.81647096,-87.62155146,POINT (-87.621551462374 41.816470963666)
c8967eb3fad8328f45c9405636c8601fecc6815ff423ef78cc3300bb3d5da83cd0ad715e0604e6352071eb7fd5f64c80c0efb804413c4c33f6175bfd49a16048,,,4/2/2022 15:02,25,NO CONTROLS,NO CONTROLS,RAIN,DAYLIGHT,SIDESWIPE SAME DIRECTION,NOT DIVIDED,,STRAIGHT AND LEVEL,WET,NO DEFECTS,NOT ON SCENE (DESK REPORT),INJURY AND / OR TOW DUE TO CRASH,,,Y,"OVER $1,500",4/2/2022 15:03,WEATHER,WEATHER,730,S,RACINE AVE,1231,,,,,,,3,NO INDICATION OF INJURY,0,0,0,0,0,5,0,15,7,4,41.87229208,-87.65696501,POINT (-87.656965013073 41.87229208257)
e2c6da691dd13f85458bb720237823597e8517395829cc622a2aa45199a726abc4848adc8428938d1a5d3fc504038aeeb631a78d38c65577d3c40ed115875350,,,4/2/2022 15:50,30,NO CONTROLS,NO CONTROLS,FREEZING RAIN/DRIZZLE,DAYLIGHT,TURNING,DIVIDED - W/MEDIAN (NOT RAISED),,STRAIGHT AND LEVEL,WET,NO DEFECTS,ON SCENE,INJURY AND / OR TOW DUE TO CRASH,,,,"OVER $1,500",4/2/2022 15:50,IMPROPER TURNING/NO SIGNAL,IMPROPER LANE USAGE,4739,W,FULLERTON AVE,2522,,,,,,,2,"REPORTED, NOT EVIDENT",1,0,0,0,1,1,0,15,7,4,41.92414169,-87.74545061,POINT (-87.745450609189 41.924141685887)
6b3201d2a6b302c0d0461f76a1313312bf967c42e24275c21342fe3a7a4746c3c96e941e872670a7e0a8fb97fda70d27ca3df6dfff54dcf26cf1b429c59af364,JF171956,,3/12/2022 20:05,30,NO CONTROLS,NO CONTROLS,CLEAR,"DARKNESS, LIGHTED ROAD",SIDESWIPE SAME DIRECTION,DIVIDED - W/MEDIAN BARRIER,,STRAIGHT AND LEVEL,DRY,NO DEFECTS,NOT ON SCENE (DESK REPORT),NO INJURY / DRIVE AWAY,,,,"OVER $1,500",3/12/2022 20:30,UNABLE TO DETERMINE,UNABLE TO DETERMINE,10400,S,HALSTED ST,2233,,,,,,,2,NO INDICATION OF INJURY,0,0,0,0,0,2,0,20,7,3,41.70500155,-87.64292094,POINT (-87.642920936522 41.705001545737)
a90fa3bac0716f18153d602309282263f5aa3a7721323e65a35854cc7847e5c9cf2b9ddea144b723cea46b025606b905c4bcad70433a06767afde5a0bb815f75,,,3/31/2022 12:20,30,TRAFFIC SIGNAL,FUNCTIONING PROPERLY,UNKNOWN,DAYLIGHT,REAR END,FOUR WAY,,STRAIGHT AND LEVEL,DRY,UNKNOWN,NOT ON SCENE (DESK REPORT),NO INJURY / DRIVE AWAY,,,,"OVER $1,500",3/31/2022 13:40,UNABLE TO DETERMINE,UNABLE TO DETERMINE,301,N,HAMLIN AVE,1122,,,,,,,3,NO INDICATION OF INJURY,0,0,0,0,0,3,0,12,5,3,41.88528722,-87.72077582,POINT (-87.720775818859 41.885287223936)
e4b24d6a5e0f03b9654b97fc29f2536f3dc972131b23c098e58619394c01c85a81588ed693250a72db6b4d33b3a9511bba81e5e6b0dfacf575070000e11e8867,,,4/2/2022 17:23,35,TRAFFIC SIGNAL,FUNCTIONING PROPERLY,SNOW,DAYLIGHT,TURNING,FOUR WAY,,STRAIGHT AND LEVEL,WET,NO DEFECTS,ON SCENE,INJURY AND / OR TOW DUE TO CRASH,Y,,,"OVER $1,500",4/2/2022 17:24,FAILING TO YIELD RIGHT-OF-WAY,IMPROPER TURNING/NO SIGNAL,2398,W,PETERSON AVE,2413,,,,,,,2,NONINCAPACITATING INJURY,1,0,0,1,0,2,0,17,7,4,41.99061051,-87.68961315,POINT (-87.689613146859 41.990610512367)
fec21bd1a90b529ec36dd66ff1010e35af1a0d193b563bf8a6c1a697641e6e6a591cd968e7e1b97586ee52e85410420cf22de38012ac95918f356da31f6a732c,,,4/2/2022 16:27,30,TRAFFIC SIGNAL,NO CONTROLS,RAIN,DAYLIGHT,REAR END,NOT DIVIDED,,STRAIGHT AND LEVEL,WET,NO DEFECTS,ON SCENE,NO INJURY / DRIVE AWAY,Y,,,"OVER $1,500",4/2/2022 16:48,NOT APPLICABLE,NOT APPLICABLE,401,N,AUSTIN BLVD,1512,,,,,,,3,NO INDICATION OF INJURY,0,0,0,0,0,3,0,16,7,4,41.88711788,-87.77473497,POINT (-87.774734967223 41.887117879376)
9236e4d81f416899c492ca94ac180d8b095e29c17ad4090194c3c9ee28ce31cbe8decdda2cc6f25817516009802c869e3fb44de7c0cb4dd25123de2759b5445f,,,4/1/2022 21:57,30,NO CONTROLS,NO CONTROLS,CLEAR,"DARKNESS, LIGHTED ROAD",PARKED MOTOR VEHICLE,DIVIDED - W/MEDIAN (NOT RAISED),,STRAIGHT AND LEVEL,DRY,NO DEFECTS,,INJURY AND / OR TOW DUE TO CRASH,,,Y,"OVER $1,500",4/1/2022 21:58,UNABLE TO DETERMINE,FAILING TO REDUCE SPEED TO AVOID CRASH,156,N,CENTRAL AVE,1512,,,,,,,3,INCAPACITATING INJURY,1,0,1,0,0,0,0,21,6,4,41.88390856,-87.76513491,POINT (-87.765134910555 41.88390855545)
60993670f382a93cba9bf7042eec4333a035e3afafc37621aff296d53bafd536b29d70600c11090074833c2e7062536db0c7e4aff800c416c4ca86294d920805,,,4/1/2022 11:00,30,STOP SIGN/FLASHER,FUNCTIONING PROPERLY,CLEAR,DAYLIGHT,ANGLE,FOUR WAY,,STRAIGHT AND LEVEL,DRY,NO DEFECTS,ON SCENE,INJURY AND / OR TOW DUE TO CRASH,Y,,,"OVER $1,500",4/1/2022 11:03,FAILING TO YIELD RIGHT-OF-WAY,UNABLE TO DETERMINE,5400,W,WASHINGTON BLVD,1523,,,,,,,2,NONINCAPACITATING INJURY,2,0,0,2,0,4,0,11,6,4,41.88241581,-87.76026421,POINT (-87.76026420606 41.882415810171)
e517b90fe8785aa7e66758c1167d6f266116ccac014b30377f9231e078a9ddc958e606dc0ca7ab35cc1af91bac26053a62852eea1c9cf56bb66c58863c990539,,,4/2/2022 16:15,30,TRAFFIC SIGNAL,FUNCTIONING PROPERLY,FREEZING RAIN/DRIZZLE,DAYLIGHT,REAR END,DIVIDED - W/MEDIAN (NOT RAISED),,STRAIGHT AND LEVEL,WET,NO DEFECTS,ON SCENE,INJURY AND / OR TOW DUE TO CRASH,,,,$500 OR LESS,4/2/2022 16:43,FAILING TO REDUCE SPEED TO AVOID CRASH,FAILING TO REDUCE SPEED TO AVOID CRASH,5702,N,BROADWAY,2013,,,,,,,2,"REPORTED, NOT EVIDENT",1,0,0,0,1,3,0,16,7,4,41.98569817,-87.66027888,POINT (-87.660278882293 41.985698165046)