CRASH_RECORD_ID,RD_NO,CRASH_DATE_EST_I,CRASH_DATE,POSTED_SPEED_LIMIT,TRAFFIC_CONTROL_DEVICE,DEVICE_CONDITION,WEATHER_CONDITION,LIGHTING_CONDITION,FIRST_CRASH_TYPE,TRAFFICWAY_TYPE,LANE_CNT,ALIGNMENT,ROADWAY_SURFACE_COND,ROAD_DEFECT,REPORT_TYPE,CRASH_TYPE,INTERSECTION_RELATED_I,NOT_RIGHT_OF_WAY_I,HIT_AND_RUN_I,DAMAGE,DATE_POLICE_NOTIFIED,PRIM_CONTRIBUTORY_CAUSE,SEC_CONTRIBUTORY_CAUSE,STREET_NO,STREET_DIRECTION,STREET_NAME,BEAT_OF_OCCURRENCE,PHOTOS_TAKEN_I,STATEMENTS_TAKEN_I,DOORING_I,WORK_ZONE_I,WORK_ZONE_TYPE,WORKERS_PRESENT_I,NUM_UNITS,MOST_SEVERE_INJURY,INJURIES_TOTAL,INJURIES_FATAL,INJURIES_INCAPACITATING,INJURIES_NON_INCAPACITATING,INJURIES_REPORTED_NOT_EVIDENT,INJURIES_NO_INDICATION,INJURIES_UNKNOWN,CRASH_HOUR,CRASH_DAY_OF_WEEK,CRASH_MONTH,LATITUDE,LONGITUDE,LOCATION
bcc8c5afcdfb90e3bca027b1b815fba1e959c05fef932729dd16a0738303081a9b219650c2ac26995d026d72d1324d4e16f78a2017eed0332bcb99e380c726ce,,,4/2/2022 16:50,30,NO CONTROLS,NO CONTROLS,RAIN,DAYLIGHT,TURNING,NOT DIVIDED,,STRAIGHT AND LEVEL,WET,NO DEFECTS,NOT ON SCENE (DESK REPORT),NO INJURY / DRIVE AWAY,,,,"$501 - $1,500",4/2/2022 17:25,FAILING TO YIELD RIGHT-OF-WAY,FAILING TO YIELD RIGHT-OF-WAY,7200,W,FOSTER AVE,1613,,,,,,,2,NO INDICATION OF INJURY,0,0,0,0,0,2,0,16,7,4,41.974648,-87.80712789,POINT (-87.807127890417 41.974647997741)
1a6ee96b8dba4b12173e04c5391d9dd453e9b6e46bfaf70788f50f46d1459ec9c7e40c22356482199d6528b754c9aec697afc6483ed4f44517620742e8e12671,,,4/2/2022 14:03,45,NO CONTROLS,NO CONTROLS,RAIN,DAYLIGHT,OTHER OBJECT,DIVIDED - W/MEDIAN BARRIER,,STRAIGHT AND LEVEL,WET,NO DEFECTS,ON SCENE,INJURY AND / OR TOW DUE TO CRASH,,,,"OVER $1,500",4/2/2022 14:03,NOT APPLICABLE,NOT APPLICABLE,4500,S,LAKE SHORE DR NB,222,,,,,,,1,NONINCAPACITATING INJURY,1,0,0,1,0,0,0,14,7,4,41.81419293,-87.59301118,POINT (-87.5930111758 41.814192926512)
07b91f8f8dcf94c4a98881622de638299e32c3c511da4b6797a39cf18f32dca3ea16223f2fca4a16b13faacfae36e598eafc98fb04072c70ed690b3cfbda35ee,JF164123,,3/5/2022 11:05,30,NO CONTROLS,NO CONTROLS,CLEAR,DAYLIGHT,PARKED MOTOR VEHICLE,NOT DIVIDED,,STRAIGHT AND LEVEL,DRY,NO DEFECTS,NOT ON SCENE (DESK REPORT),NO INJURY / DRIVE AWAY,,,Y,"$501 - $1,500",3/5/2022 12:15,UNABLE TO DETERMINE,NOT APPLICABLE,6425,W,IRVING PARK RD,1632,,,,,,,2,NO INDICATION OF INJURY,0,0,0,0,0,3,0,11,7,3,41.95279262,-87.78758106,POINT (-87.787581062043 41.952792615633)
b169b166a1b0d1ae3d6a08743b30ca80e6f511d339106b384fb1e530bce75cb607ce1c2e978f23982fe39950ee5046b4081056a989df427ff0ca45f487495c0b,,,4/1/2022 20:58,30,TRAFFIC SIGNAL,FUNCTIONING PROPERLY,CLEAR,"DARKNESS, LIGHTED ROAD",TURNING,ONE-WAY,,STRAIGHT AND LEVEL,DRY,NO DEFECTS,ON SCENE,NO INJURY / DRIVE AWAY,Y,,,"OVER $1,500",4/1/2022 20:59,IMPROPER TURNING/NO SIGNAL,DRIVING SKILLS/KNOWLEDGE/EXPERIENCE,100,W,VAN BUREN ST,122,,,,,,,2,NO INDICATION OF INJURY,0,0,0,0,0,2,0,20,6,4,41.87699341,-87.63080248,POINT (-87.630802482505 41.87699341363)
8f321ba3d893e89f6702a8a0748d2e7188ee780f491158ed4495f142db097ab85a202d7ceb7c277073cbdbabf0f99db176857946bd4ba03ca15e1d4439058203,,,4/1/2022 20:00,30,NO CONTROLS,NO CONTROLS,CLEAR,DAYLIGHT,TURNING,NOT DIVIDED,,STRAIGHT AND LEVEL,DRY,NO DEFECTS,NOT ON SCENE (DESK REPORT),NO INJURY / DRIVE AWAY,,,,"$501 - $1,500",4/1/2022 21:15,NOT APPLICABLE,NOT APPLICABLE,4344,S,KEDZIE AVE,821,,,,,,,2,NO INDICATION OF INJURY,0,0,0,0,0,4,0,20,6,4,41.81417563,-87.70436011,POINT (-87.704360113963 41.814175627891)
2151c8f58eb3bb1619cc955f26113a6e319be99c634804f27e741d3103e63b7cc91cd71be93a0356d71d646881f0b3d2d6ed1a9a53e48176772546da541ad79a,,,3/30/2022 15:21,30,STOP SIGN/FLASHER,FUNCTIONING PROPERLY,RAIN,DAYLIGHT,TURNING,NOT DIVIDED,,STRAIGHT AND LEVEL,WET,UNKNOWN,ON SCENE,NO INJURY / DRIVE AWAY,,,,"OVER $1,500",3/30/2022 15:29,UNABLE TO DETERMINE,UNABLE TO DETERMINE,1420,N,ASHLAND AVE,1433,,,,,,,2,NO INDICATION OF INJURY,0,0,0,0,0,2,0,15,4,3,41.90757339,-87.66775167,POINT (-87.667751669244 41.907573385145)
6f2a5ae7679a35e1ef7dd2b8673667668df90353551df0805465fa6b6192cd07935d3c1b50af291cb9c5b711b1544b1311f3679e513d877065c245bb13b95cfe,,,4/1/2022 20:14,40,NO CONTROLS,NO CONTROLS,CLEAR,"DARKNESS, LIGHTED ROAD",REAR END,RAMP,,STRAIGHT AND LEVEL,DRY,NO DEFECTS,ON SCENE,NO INJURY / DRIVE AWAY,,,,"OVER $1,500",4/1/2022 20:14,IMPROPER OVERTAKING/PASSING,NOT APPLICABLE,4800,N,LAKE SHORE DR NB,2024,,,,,,,2,NO INDICATION OF INJURY,0,0,0,0,0,2,0,20,6,4,41.96940862,-87.64831726,POINT (-87.648317263699 41.969408617919)
88930a83b69d786779c309445b810d64504cb6cf7f0a913c68afa11fe5a987cfef8b9172f7d181987b5fb29441123d76f46d63b8fa97c83b67a9d73bc78ee18a,,,4/1/2022 13:00,20,NO CONTROLS,NO CONTROLS,CLEAR,DAYLIGHT,PEDESTRIAN,FOUR WAY,,STRAIGHT AND LEVEL,DRY,NO DEFECTS,ON SCENE,INJURY AND / OR TOW DUE TO CRASH,,,Y,$500 OR LESS,4/1/2022 13:10,UNABLE TO DETERMINE,UNABLE TO DETERMINE,6500,S,SPAULDING AVE,831,,,,,,,2,INCAPACITATING INJURY,1,0,1,0,0,1,0,13,6,4,41.77523849,-87.70561176,POINT (-87.705611754822 41.775238487774)
d8ac710262c1624cde5f24da5a7871b5da431af411215c37b626a12399393b1f5580dbaa9897b6eb7e693d3f5d274879e94b1fb56b6bf93605bac4d3de0760ce,,,4/2/2022 0:46,30,NO CONTROLS,NO CONTROLS,CLEAR,"DARKNESS, LIGHTED ROAD",FIXED OBJECT,DIVIDED - W/MEDIAN BARRIER,,STRAIGHT AND LEVEL,DRY,NO DEFECTS,ON SCENE,INJURY AND / OR TOW DUE TO CRASH,,,N,"OVER $1,500",4/2/2022 0:46,NOT APPLICABLE,NOT APPLICABLE,2200,W,83RD ST,614,,,,,,,1,NO INDICATION OF INJURY,0,0,0,0,0,1,0,0,7,4,41.74298667,-87.67807183,POINT (-87.678071828035 41.742986671614)
131d7eb7f8bfbac77ed6a8c637fe74afdcba349c3fd3bee2a1ecd62fa6ecc456699248339e08280bf31d881d654494ccb5b89a8b417d7ba7e61434c0ea882917,,,4/2/2022 12:02,30,TRAFFIC SIGNAL,FUNCTIONING PROPERLY,CLEAR,"DARKNESS, LIGHTED ROAD",SIDESWIPE SAME DIRECTION,NOT DIVIDED,,STRAIGHT AND LEVEL,UNKNOWN,UNKNOWN,NOT ON SCENE (DESK REPORT),NO INJURY / DRIVE AWAY,,,Y,"$501 - $1,500",4/2/2022 15:30,UNABLE TO DETERMINE,UNABLE TO DETERMINE,2300,N,LINCOLN AVE,1812,,,,,,,2,NO INDICATION OF INJURY,0,0,0,0,0,2,0,12,7,4,41.92362447,-87.64642729,POINT (-87.64642729029 41.92362446591)
cadb29bc20a90da5b9d6b8ebec75d61ff40ac73ca2f39712ec5299f772000b8660b69baae0b7832cb5887e1af93515ff152abafa89e1797243465ab687082ea3,,,4/2/2022 8:58,30,NO CONTROLS,NO CONTROLS,CLEAR,DAYLIGHT,PARKED MOTOR VEHICLE,ONE-WAY,,STRAIGHT AND LEVEL,DRY,NO DEFECTS,ON SCENE,NO INJURY / DRIVE AWAY,,,Y,"$501 - $1,500",4/2/2022 8:58,NOT APPLICABLE,NOT APPLICABLE,3434,S,MICHIGAN AVE,211,,,,,,,2,NO INDICATION OF INJURY,0,0,0,0,0,1,0,8,7,4,41.83181856,-87.62342183,POINT (-87.62342183192 41.831818555086)
31225e2bf87c8b0661478050effac2fb32721bd3b0b6c4265ce0beec02c491fbb08e581ceae9d3476275ebfcdf488712a8aade5978e2be6a8a7a289c65e9572e,,,4/2/2022 1:15,30,NO CONTROLS,NO CONTROLS,CLEAR,"DARKNESS, LIGHTED ROAD",PARKED MOTOR VEHICLE,NOT DIVIDED,,STRAIGHT AND LEVEL,DRY,NO DEFECTS,ON SCENE,INJURY AND / OR TOW DUE TO CRASH,,,,"OVER $1,500",4/2/2022 1:16,FAILING TO REDUCE SPEED TO AVOID CRASH,UNABLE TO DETERMINE,2702,W,50TH ST,923,,,,,,,4,NO INDICATION OF INJURY,0,0,0,0,0,1,0,1,7,4,41.80296149,-87.69175604,POINT (-87.691756035812 41.802961490476)
67b1a3f258c31869432b4f2f2af9f3fb975bdc7f69cf8cbd73d293af7336684b77893a07e4d9b7f0ce7fef8b5f6354173a763cb7574f67058b7ca623a844cf9f,,,3/30/2022 15:00,30,NO CONTROLS,NO CONTROLS,CLEAR,DAYLIGHT,PARKED MOTOR VEHICLE,ONE-WAY,,STRAIGHT AND LEVEL,DRY,NO DEFECTS,NOT ON SCENE (DESK REPORT),NO INJURY / DRIVE AWAY,,,Y,"OVER $1,500",3/31/2022 15:24,UNABLE TO DETERMINE,UNABLE TO DETERMINE,3211,W,62ND PL,823,,,,,,,2,NO INDICATION OF INJURY,0,0,0,0,0,1,0,15,4,3,41.77977695,-87.70365522,POINT (-87.703655219248 41.779776951308)
3dc9a9a09b1b8e5fe62fdf2057027196eae64b4f5aeb5701f72b3f5be9fcc0d6ed090e48157afd65d0f38d5ff2c6893ef1f36a37bd85a5f033553586115db091,,,4/2/2022 17:22,30,UNKNOWN,NO CONTROLS,UNKNOWN,UNKNOWN,PARKED MOTOR VEHICLE,NOT DIVIDED,,STRAIGHT AND LEVEL,UNKNOWN,UNKNOWN,NOT ON SCENE (DESK REPORT),NO INJURY / DRIVE AWAY,,,Y,"$501 - $1,500",4/2/2022 18:05,UNABLE TO DETERMINE,NOT APPLICABLE,2058,W,FARGO AVE,2424,,,,,,,2,NO INDICATION OF INJURY,0,0,0,0,0,1,0,17,7,4,42.01659199,-87.68285479,POINT (-87.682854791623 42.016591988093)
4957eb5fb6619bc560a4478b4f7a3192a1ad15ce0ae5ddce7e937aefeb4df4f52092f4f768b31f8a9836ed5cac42df4cd00542a0df268ba0ddbe573edeb90256,,,3/30/2022 18:23,40,TRAFFIC SIGNAL,FUNCTIONING PROPERLY,RAIN,DAYLIGHT,SIDESWIPE SAME DIRECTION,DIVIDED - W/MEDIAN BARRIER,,"CURVE, LEVEL",WET,NO DEFECTS,ON SCENE,NO INJURY / DRIVE AWAY,,,Y,"$501 - $1,500",3/30/2022 18:30,UNABLE TO DETERMINE,NOT APPLICABLE,5699,S,LAKE SHORE DR SB,331,,,,,,,2,NO INDICATION OF INJURY,0,0,0,0,0,2,0,18,4,3,41.79161657,-87.57993697,POINT (-87.579936972138 41.79161657424)
ca540cb4a76c3d440931aa002245403f0f185d2cc3c4fb6a7936d32ada5977ca89e06b892a8453706d00bbcf6fe0c9ecd36c0f713593fae89c451176d5a954fd,,,4/2/2022 14:34,30,STOP SIGN/FLASHER,FUNCTIONING PROPERLY,RAIN,DAYLIGHT,ANGLE,NOT DIVIDED,,STRAIGHT AND LEVEL,WET,NO DEFECTS,ON SCENE,NO INJURY / DRIVE AWAY,,,,"$501 - $1,500",4/2/2022 14:52,WEATHER,UNABLE TO DETERMINE,3835,W,31ST ST,1031,,,,,,,2,NO INDICATION OF INJURY,0,0,0,0,0,2,0,14,7,4,41.83683368,-87.72083155,POINT (-87.720831547272 41.836833676559)
2af94cbf8b7df65c9543c5468ef2917eaf81c79e427ee14f2cca3edc601a0993b1612286ac8244f104b5f1ab15dc01c6d9fbabeab69b7e417b93fd20668fb306,,,4/2/2022 18:26,25,STOP SIGN/FLASHER,FUNCTIONING PROPERLY,FREEZING RAIN/DRIZZLE,DUSK,ANGLE,FOUR WAY,,STRAIGHT AND LEVEL,WET,NO DEFECTS,ON SCENE,NO INJURY / DRIVE AWAY,Y,,,"OVER $1,500",4/2/2022 18:43,UNABLE TO DETERMINE,UNABLE TO DETERMINE,3799,W,57TH PL,822,,,,,,,2,NO INDICATION OF INJURY,0,0,0,0,0,2,0,18,7,4,41.78863359,-87.71800747,POINT (-87.718007470173 41.788633593779)
fd94755ae5028cebbca90a755f90e413174ea52fbb21e91cb911f43b5d59d2520b07b261618e8130ca090a2cc5d90b62caf8d1fb907e56360dc988a98e643d03,,,4/2/2022 15:10,30,NO CONTROLS,NO CONTROLS,RAIN,DAYLIGHT,TURNING,NOT DIVIDED,,STRAIGHT AND LEVEL,WET,NO DEFECTS,NOT ON SCENE (DESK REPORT),INJURY AND / OR TOW DUE TO CRASH,,,,"OVER $1,500",4/2/2022 15:11,UNABLE TO DETERMINE,NOT APPLICABLE,1630,E,75TH ST,324,,Y,,,,,2,NO INDICATION OF INJURY,0,0,0,0,0,4,0,15,7,4,41.75889319,-87.58445752,POINT (-87.58445751687 41.758893184894)
2f43c869dce786d77863406fd85b9713367f2b0eeb081a00e98e148c087da4c52e5c4f8c472c42d36cfc9525e9d921c5b2d6755582f3050b25ef91de7495cb8b,,,4/2/2022 2:16,30,NO CONTROLS,NO CONTROLS,CLEAR,"DARKNESS, LIGHTED ROAD",PARKED MOTOR VEHICLE,NOT DIVIDED,,STRAIGHT AND LEVEL,DRY,UNKNOWN,ON SCENE,INJURY AND / OR TOW DUE TO CRASH,,,,"OVER $1,500",4/2/2022 2:16,EQUIPMENT - VEHICLE CONDITION,UNABLE TO DETERMINE,3938,S,CALIFORNIA AVE,921,,,,,,,3,NO INDICATION OF INJURY,0,0,0,0,0,1,0,2,7,4,41.8216543,-87.69476959,POINT (-87.694769593489 41.821654297301)
0c6a7d67f915b8852766f450323579c9ddbef8c066ee781529a859d8bb4bb50798ae150b0244ad9d063279e5dbeb2c814e01821875c2eff4fa75d7ed5d75e161,,,4/2/2022 13:15,30,NO CONTROLS,NO CONTROLS,RAIN,DAYLIGHT,TURNING,PARKING LOT,,STRAIGHT AND LEVEL,DRY,NO DEFECTS,NOT ON SCENE (DESK REPORT),INJURY AND / OR TOW DUE TO CRASH,,,Y,"OVER $1,500",4/2/2022 14:05,UNABLE TO DETERMINE,NOT APPLICABLE,8640,S,LAFAYETTE AVE,622,,,,,,,2,"REPORTED, NOT EVIDENT",2,0,0,0,2,1,0,13,7,4,41.73687017,-87.62560729,POINT (-87.62560729062 41.736870166364)
6dba8a55cf46e27917f6fa4cf4ed003cfc2c4428013d8519f165806c2e87197e8b5349d6a3d19d65845bab4a3cb94f16bd624dbd221dc1a579d307bdfc99cc79,,,4/3/2022 0:25,30,NO CONTROLS,NO CONTROLS,CLOUDY/OVERCAST,"DARKNESS, LIGHTED ROAD",FIXED OBJECT,NOT DIVIDED,,STRAIGHT ON GRADE,WET,NO DEFECTS,NOT ON SCENE (DESK REPORT),INJURY AND / OR TOW DUE TO CRASH,Y,,,"OVER $1,500",4/3/2022 0:28,UNABLE TO DETERMINE,UNABLE TO DETERMINE,9301,S,EWING AVE,432,,,,,,,1,NO INDICATION OF INJURY,0,0,0,0,0,1,0,0,1,4,41.72751917,-87.54126473,POINT (-87.541264734403 41.727519172142)
8082a67af78dc8633ecfde80216d363c936b66a1d3680b8600103918f9d31fbfc75c9b6deeded872712dfbe474bbc6d736bc7b0bd5db1bd767c0c608ea6b34e0,,,4/2/2022 14:55,30,NO CONTROLS,NO CONTROLS,RAIN,DAYLIGHT,REAR END,DIVIDED - W/MEDIAN (NOT RAISED),,STRAIGHT AND LEVEL,WET,NO DEFECTS,NOT ON SCENE (DESK REPORT),NO INJURY / DRIVE AWAY,,,,"$501 - $1,500",4/2/2022 15:10,FOLLOWING TOO CLOSELY,FOLLOWING TOO CLOSELY,1209,W,31ST ST,913,,,,,,,2,NO INDICATION OF INJURY,0,0,0,0,0,2,0,14,7,4,41.83779949,-87.65637242,POINT (-87.656372415173 41.837799486462)
0a0a3d78ff5af17d991433c2d0cc873a339edf948d6797448959047786b9c13fe5ecfb0516968e936303184bb575a1b13785271e50a9e829c3e8ba37366d2f22,JF164282,,3/5/2022 14:00,25,NO CONTROLS,NO CONTROLS,CLEAR,DAYLIGHT,SIDESWIPE SAME DIRECTION,NOT DIVIDED,,STRAIGHT AND LEVEL,DRY,NO DEFECTS,NOT ON SCENE (DESK REPORT),NO INJURY / DRIVE AWAY,,,Y,"$501 - $1,500",3/5/2022 15:37,NOT APPLICABLE,NOT APPLICABLE,4400,W,CHICAGO AVE,1111,,,,,,,2,NO INDICATION OF INJURY,0,0,0,0,0,2,0,14,7,3,41.89529263,-87.73607061,POINT (-87.736070611267 41.895292625513)
f6f6cdf721be7008a3ee1c523b7d33d60727bfe29697c60b445420f558edd1a1494a23e51c4f07c7ea9a6c427c01a81b9f0b29d092c9d5c7564b217a387c8449,,,4/1/2022 10:20,30,NO CONTROLS,NO CONTROLS,CLEAR,DAYLIGHT,PARKED MOTOR VEHICLE,ONE-WAY,,STRAIGHT AND LEVEL,DRY,"RUT, HOLES",ON SCENE,INJURY AND / OR TOW DUE TO CRASH,Y,,,"OVER $1,500",4/1/2022 10:55,ROAD CONSTRUCTION/MAINTENANCE,ROAD CONSTRUCTION/MAINTENANCE,6715,S,CORNELL AVE,332,,,,Y,UTILITY,,2,NO INDICATION OF INJURY,0,0,0,0,0,3,0,10,6,4,41.77285848,-87.58491999,POINT (-87.584919988587 41.772858474783)
8bea46eafb526a3cf176fd5673a997143256037241fb54d95f802d18a4f8de435a85d76f0bb03a175e578b669b6762babddfdfc1cfc57912499256b356b46b1f,,,4/2/2022 12:15,30,NO CONTROLS,NO CONTROLS,RAIN,DAYLIGHT,SIDESWIPE SAME DIRECTION,NOT DIVIDED,,STRAIGHT AND LEVEL,WET,NO DEFECTS,NOT ON SCENE (DESK REPORT),NO INJURY / DRIVE AWAY,,,Y,"OVER $1,500",4/2/2022 14:45,IMPROPER OVERTAKING/PASSING,IMPROPER OVERTAKING/PASSING,7100,S,HALSTED ST,733,,,,,,,2,NO INDICATION OF INJURY,0,0,0,0,0,2,0,12,7,4,41.76510943,-87.64455695,POINT (-87.644556951763 41.765109431911)
d1f7b83d6c7d4c45a66da69af07f8101d9a9d68b516078aa8c405a1d31d7c293ec4f24c4ea1285294c64058e43d5319d32833e0557b5c40ba5a20664a3aff555,,,3/28/2022 13:00,30,NO CONTROLS,NO CONTROLS,CLEAR,DAYLIGHT,PARKED MOTOR VEHICLE,NOT DIVIDED,,STRAIGHT AND LEVEL,DRY,NO DEFECTS,NOT ON SCENE (DESK REPORT),NO INJURY / DRIVE AWAY,,,Y,"$501 - $1,500",4/1/2022 14:50,UNABLE TO DETERMINE,UNABLE TO DETERMINE,5359,W,WILSON AVE,1623,,,,,,,2,NO INDICATION OF INJURY,0,0,0,0,0,1,0,13,2,3,41.96450703,-87.76242198,POINT (-87.762421976862 41.964507033639)
5f8870c409f95d8f992194247b19dc5e6b6cf99b7b9298be8980ac35712cc5cfa9d62a04c95df8b5a40f55af57202bfe77f7a7bbb25c80fc8d211daa54028cc2,,,4/1/2022 14:15,30,NO CONTROLS,NO CONTROLS,CLEAR,DAYLIGHT,PARKED MOTOR VEHICLE,DIVIDED - W/MEDIAN (NOT RAISED),,STRAIGHT AND LEVEL,DRY,NO DEFECTS,ON SCENE,NO INJURY / DRIVE AWAY,,,,"OVER $1,500",4/1/2022 14:20,UNABLE TO DETERMINE,UNABLE TO DETERMINE,5718,W,63RD ST,812,,,,,,,2,NO INDICATION OF INJURY,0,0,0,0,0,1,0,14,6,4,41.77809797,-87.76505611,POINT (-87.765056112925 41.778097972559)
b5fb37510b327b264c1add3f6055bb4cd5d030401e50d27a9630c557f3a015e83c5839da6f239754784e8a848463f36b698b448409a894e91b6f1592a3d9b556,,,4/1/2022 16:49,30,TRAFFIC SIGNAL,FUNCTIONING PROPERLY,CLEAR,DAYLIGHT,REAR END,NOT DIVIDED,,STRAIGHT AND LEVEL,DRY,NO DEFECTS,NOT ON SCENE (DESK REPORT),NO INJURY / DRIVE AWAY,,,,"OVER $1,500",4/2/2022 12:12,FOLLOWING TOO CLOSELY,FAILING TO REDUCE SPEED TO AVOID CRASH,7215,W,TOUHY AVE,1611,,,,,,,2,NO INDICATION OF INJURY,0,0,0,0,0,2,0,16,6,4,42.01159181,-87.80724197,POINT (-87.807241972497 42.011591806491)
5325859bb8a7c62871130d98eaab147b39fdea25cef8575dc4cde464cd518f23db52387d7987af2cac3e9ee724d0563b73820b38afa643fba64a3cefec0d515e,,,4/2/2022 1:00,25,NO CONTROLS,NO CONTROLS,CLEAR,"DARKNESS, LIGHTED ROAD",PARKED MOTOR VEHICLE,NOT DIVIDED,,STRAIGHT AND LEVEL,DRY,NO DEFECTS,NOT ON SCENE (DESK REPORT),NO INJURY / DRIVE AWAY,,,Y,"OVER $1,500",4/2/2022 11:30,UNABLE TO DETERMINE,NOT APPLICABLE,1421,N,KEDVALE AVE,2534,,,,,,,2,NO INDICATION OF INJURY,0,0,0,0,0,1,0,1,7,4,41.90694268,-87.72995467,POINT (-87.729954666763 41.906942675014)
ce62f7b8348615037ec0abd5ac0f104808d5e061d8deecaaaa07637348f762423438ad41fa5a6d315a345cc2bd38c74b5114e5e475859c82c98e0907ba9ce784,JF194646,,3/23/2022 23:25,30,NO CONTROLS,NO CONTROLS,UNKNOWN,"DARKNESS, LIGHTED ROAD",TURNING,NOT DIVIDED,,STRAIGHT AND LEVEL,UNKNOWN,UNKNOWN,NOT ON SCENE (DESK REPORT),NO INJURY / DRIVE AWAY,Y,,,"OVER $1,500",4/2/2022 11:20,DRIVING ON WRONG SIDE/WRONG WAY,UNABLE TO DETERMINE,7500,S,COTTAGE GROVE AVE,624,,,,,,,2,NO INDICATION OF INJURY,0,0,0,0,0,2,0,23,4,3,41.75848489,-87.60553322,POINT (-87.605533219704 41.758484887637)
415827fea390f2d54302386d005203ab0a47c7845d6ec7e58e45e0af7501735352fcd4d6e80d53058ba167ffdf0fff09508e8404f6da27c0f5da200d1c04bb8e,,,4/2/2022 15:00,30,NO CONTROLS,NO CONTROLS,RAIN,DAYLIGHT,REAR TO REAR,NOT DIVIDED,,STRAIGHT AND LEVEL,WET,NO DEFECTS,NOT ON SCENE (DESK REPORT),NO INJURY / DRIVE AWAY,,,,"OVER $1,500",4/2/2022 15:00,FOLLOWING TOO CLOSELY,FAILING TO REDUCE SPEED TO AVOID CRASH,3311,W,CHICAGO AVE,1121,,,,,,,2,NO INDICATION OF INJURY,0,0,0,0,0,2,0,15,7,4,41.89541599,-87.70938305,POINT (-87.709383045994 41.895415991782)
73e4c7599afa7d4d30998fe8de5e3319d8c14b3024d52eca104f14f3be85d2a2f8be453ad371e837bdc1b58bb03ee8bc3847dd8d189c34cf0f9544257bd3b711,,Y,4/2/2022 15:35,30,NO CONTROLS,NO CONTROLS,RAIN,DAYLIGHT,PARKED MOTOR VEHICLE,NOT DIVIDED,,STRAIGHT AND LEVEL,WET,NO DEFECTS,ON SCENE,INJURY AND / OR TOW DUE TO CRASH,,,,"OVER $1,500",4/2/2022 15:35,UNABLE TO DETERMINE,NOT APPLICABLE,2234,S,KOSTNER AVE,1013,,,,,,,5,"REPORTED, NOT EVIDENT",1,0,0,0,1,1,0,15,7,4,41.85034767,-87.73461443,POINT (-87.734614426667 41.850347668722)
4b7e9f500782f430b13d7c67e9f406c82b47b7242a9cc68a32aa1f1bf880063027357674c8f12f7ed2f451cc33b2c819c0620cd93a122d66cbd92686bcfab762,,,4/2/2022 16:55,20,NO CONTROLS,NO CONTROLS,SNOW,DAYLIGHT,PARKED MOTOR VEHICLE,ONE-WAY,,STRAIGHT AND LEVEL,WET,NO DEFECTS,NOT ON SCENE (DESK REPORT),NO INJURY / DRIVE AWAY,,,,"$501 - $1,500",4/2/2022 17:46,FAILING TO YIELD RIGHT-OF-WAY,NOT APPLICABLE,4802,W,POTOMAC AVE,2533,,,,,,,2,NO INDICATION OF INJURY,0,0,0,0,0,4,0,16,7,4,41.90427941,-87.74620556,POINT (-87.74620555726 41.904279410108)
27647a2aa4cfb4d0e614eccfdf351e3b07ef6ba7b6525bd38a1bc490da2245bb5259856ca55c6acae391c568c32bf45221d048fe97069d84b4deff4e4153fc57,,,4/2/2022 1:40,45,UNKNOWN,NO CONTROLS,CLEAR,"DARKNESS, LIGHTED ROAD",REAR TO SIDE,DIVIDED - W/MEDIAN BARRIER,,STRAIGHT AND LEVEL,DRY,NO DEFECTS,ON SCENE,INJURY AND / OR TOW DUE TO CRASH,,,Y,"OVER $1,500",4/2/2022 1:40,UNABLE TO DETERMINE,NOT APPLICABLE,5757,S,LAKE SHORE DR,331,,,,,,,2,NONINCAPACITATING INJURY,4,0,0,1,3,2,0,1,7,4,41.79031852,-87.57902241,POINT (-87.57902241313 41.790318516516)
6ba9448d428450749989058e7b373795656f321099e27ad5ec1efcc1f41e50c9d5028303bb972ca70ea40a5607df2726236fbb220a510a18a4e44480d89aecda,,,4/2/2022 16:02,30,STOP SIGN/FLASHER,FUNCTIONING PROPERLY,SNOW,DAYLIGHT,TURNING,T-INTERSECTION,,STRAIGHT AND LEVEL,WET,NO DEFECTS,NOT ON SCENE (DESK REPORT),INJURY AND / OR TOW DUE TO CRASH,,,,"OVER $1,500",4/2/2022 16:02,FAILING TO YIELD RIGHT-OF-WAY,UNABLE TO DETERMINE,1741,N,WESTERN AVE,1434,,,,,,,2,NONINCAPACITATING INJURY,2,0,0,2,0,1,0,16,7,4,41.91332611,-87.68715329,POINT (-87.68715328833 41.913326111684)
161c9a215bb9c918ad4f9526223d44e8a3bf1e38853b463b35d81472e6b6ce1e6f29c190bb29248c2663873d3b9c927fd697788c6f36a60d50be6582be182455,,,4/2/2022 15:16,35,NO CONTROLS,NO CONTROLS,RAIN,DAWN,REAR END,NOT DIVIDED,,STRAIGHT AND LEVEL,WET,NO DEFECTS,ON SCENE,INJURY AND / OR TOW DUE TO CRASH,,,,"OVER $1,500",4/2/2022 15:20,FOLLOWING TOO CLOSELY,WEATHER,10936,S,KEDZIE AVE,2211,,,,,,,3,NO INDICATION OF INJURY,0,0,0,0,0,7,0,15,7,4,41.69410527,-87.70105645,POINT (-87.701056446598 41.694105271279)