CRASH_RECORD_ID,RD_NO,CRASH_DATE_EST_I,CRASH_DATE,POSTED_SPEED_LIMIT,TRAFFIC_CONTROL_DEVICE,DEVICE_CONDITION,WEATHER_CONDITION,LIGHTING_CONDITION,FIRST_CRASH_TYPE,TRAFFICWAY_TYPE,LANE_CNT,ALIGNMENT,ROADWAY_SURFACE_COND,ROAD_DEFECT,REPORT_TYPE,CRASH_TYPE,INTERSECTION_RELATED_I,NOT_RIGHT_OF_WAY_I,HIT_AND_RUN_I,DAMAGE,DATE_POLICE_NOTIFIED,PRIM_CONTRIBUTORY_CAUSE,SEC_CONTRIBUTORY_CAUSE,STREET_NO,STREET_DIRECTION,STREET_NAME,BEAT_OF_OCCURRENCE,PHOTOS_TAKEN_I,STATEMENTS_TAKEN_I,DOORING_I,WORK_ZONE_I,WORK_ZONE_TYPE,WORKERS_PRESENT_I,NUM_UNITS,MOST_SEVERE_INJURY,INJURIES_TOTAL,INJURIES_FATAL,INJURIES_INCAPACITATING,INJURIES_NON_INCAPACITATING,INJURIES_REPORTED_NOT_EVIDENT,INJURIES_NO_INDICATION,INJURIES_UNKNOWN,CRASH_HOUR,CRASH_DAY_OF_WEEK,CRASH_MONTH,LATITUDE,LONGITUDE,LOCATION
5b78237039dc3716348c088d306952476a0a864418d9fcba5ba40dee632c88d67ad5a96f14c7736caa0f2d8f45f5b12c578c528418bddd0fb70e03071ab449f5,,,4/1/2022 21:13,35,TRAFFIC SIGNAL,FUNCTIONING PROPERLY,CLEAR,"DARKNESS, LIGHTED ROAD",TURNING,T-INTERSECTION,,STRAIGHT AND LEVEL,DRY,NO DEFECTS,ON SCENE,NO INJURY / DRIVE AWAY,,,,"OVER $1,500",4/1/2022 21:14,IMPROPER OVERTAKING/PASSING,NOT APPLICABLE,170,W,ONTARIO ST,1832,,,,,,,2,NO INDICATION OF INJURY,0,0,0,0,0,2,0,21,6,4,41.89329935,-87.63403946,POINT (-87.634039457919 41.893299346846)
3cc209f0bebc3523aec000c4109074a5b99553acd93b796faa6c83cefe8f7870ab90b712263f61e2dd5ce8a54889c4df3a45720b8829b789b9935feaacfe4985,,,4/2/2022 4:25,30,NO CONTROLS,NO CONTROLS,RAIN,DAYLIGHT,TURNING,NOT DIVIDED,,STRAIGHT AND LEVEL,WET,NO DEFECTS,NOT ON SCENE (DESK REPORT),NO INJURY / DRIVE AWAY,,,,$500 OR LESS,4/2/2022 4:45,UNABLE TO DETERMINE,UNABLE TO DETERMINE,235,W,104TH ST,512,,,,,,,2,NO INDICATION OF INJURY,0,0,0,0,0,2,0,4,7,4,41.7051549,-87.62950106,POINT (-87.62950106078 41.705154895879)
fa7fafe671bfc793d862863a7221199c1ac0682fd2ff5562371a8ba74eaa0ed8a36bee0358bc2ed1056258bedd1c84a663beb7879083c4f00c5ea217a38801c9,,,4/2/2022 8:15,30,NO CONTROLS,NO CONTROLS,CLEAR,UNKNOWN,PARKED MOTOR VEHICLE,ONE-WAY,,STRAIGHT AND LEVEL,DRY,NO DEFECTS,ON SCENE,NO INJURY / DRIVE AWAY,,,Y,"OVER $1,500",4/2/2022 8:15,UNABLE TO DETERMINE,NOT APPLICABLE,13326,S,AVENUE K,433,,,,,,,2,NO INDICATION OF INJURY,0,0,0,0,0,1,0,8,7,4,41.65283036,-87.53518119,POINT (-87.53518118473 41.652830358397)
7e90a53df5bc53509c3218c1a2d359575ff7c16e6fa7e1955c6f819df76b9ab3ba6b69a483b70144a8f83ceddc751ea4d02158b0fa8a6e09c5df98a03694bdca,,,4/2/2022 12:38,30,NO CONTROLS,NO CONTROLS,RAIN,DAYLIGHT,SIDESWIPE SAME DIRECTION,NOT DIVIDED,,STRAIGHT AND LEVEL,WET,NO DEFECTS,NOT ON SCENE (DESK REPORT),NO INJURY / DRIVE AWAY,,,Y,"OVER $1,500",4/2/2022 14:25,UNABLE TO DETERMINE,UNABLE TO DETERMINE,2437,W,GRENSHAW ST,1135,,,,,,,2,NO INDICATION OF INJURY,0,0,0,0,0,3,0,12,7,4,41.86739841,-87.68754026,POINT (-87.687540258704 41.867398410816)
f9f0e640f22e8c4f8253bb5be0647b75a10d596715274b511ff3d6c6e5e62b410d69c154ef83835cfa1b3d02f1a5b13b9c1222b54fca568401c48663109d7b78,,,4/2/2022 22:05,30,NO CONTROLS,NO CONTROLS,UNKNOWN,UNKNOWN,PARKED MOTOR VEHICLE,PARKING LOT,,STRAIGHT AND LEVEL,UNKNOWN,UNKNOWN,NOT ON SCENE (DESK REPORT),NO INJURY / DRIVE AWAY,,,Y,"$501 - $1,500",4/2/2022 23:00,UNABLE TO DETERMINE,UNABLE TO DETERMINE,10301,S,CALUMET AVE,512,,,,,,,2,NO INDICATION OF INJURY,0,0,0,0,0,1,0,22,7,4,41.70720552,-87.61483848,POINT (-87.614838476807 41.707205520112)
474f8682310d85ad5532f010730ca5b3496a9568376dbc9b6af0cf25855fc8ad45f2bd4a87f0bdf41dfd61d34ad521674b405e05c82cdf439e996291994c7e84,,,4/2/2022 11:30,30,TRAFFIC SIGNAL,FUNCTIONING PROPERLY,CLEAR,DAYLIGHT,REAR END,NOT DIVIDED,,STRAIGHT AND LEVEL,DRY,NO DEFECTS,NOT ON SCENE (DESK REPORT),NO INJURY / DRIVE AWAY,,,Y,"OVER $1,500",4/2/2022 12:00,FAILING TO REDUCE SPEED TO AVOID CRASH,NOT APPLICABLE,5995,W,IRVING PARK RD,1633,,,,,,,2,NO INDICATION OF INJURY,0,0,0,0,0,4,0,11,7,4,41.95294851,-87.77670734,POINT (-87.776707336464 41.952948507454)
363bb9456680f534f916a96525ff3b1f2776bae49f5c09d1f1d7d965aa3e4208bceac8baf44584ee3299c29c440629cb93edd630732e514190da251a1398acd8,,,4/1/2022 23:30,30,STOP SIGN/FLASHER,UNKNOWN,CLEAR,"DARKNESS, LIGHTED ROAD",TURNING,NOT DIVIDED,,STRAIGHT AND LEVEL,DRY,NO DEFECTS,ON SCENE,INJURY AND / OR TOW DUE TO CRASH,,,,"OVER $1,500",4/2/2022 0:02,FAILING TO YIELD RIGHT-OF-WAY,FAILING TO YIELD RIGHT-OF-WAY,7159,S,JEFFERY BLVD,333,,,,,,,2,"REPORTED, NOT EVIDENT",2,0,0,0,2,0,0,23,6,4,41.76438067,-87.57611562,POINT (-87.576115618194 41.764380671954)
4fe67a3fd06d7c6414eed0f23cc4cdf57da26789253868ca80f93b3d0e86c9cd2bc93fdbd67c70985da41d7c53d370a138940541123549774ca2035cc9b3a1fb,,,4/2/2022 1:32,30,TRAFFIC SIGNAL,UNKNOWN,CLEAR,DAWN,REAR END,DIVIDED - W/MEDIAN (NOT RAISED),,STRAIGHT AND LEVEL,UNKNOWN,UNKNOWN,ON SCENE,INJURY AND / OR TOW DUE TO CRASH,,,,"OVER $1,500",4/2/2022 1:35,UNABLE TO DETERMINE,NOT APPLICABLE,751,S,AUSTIN BLVD,1513,,,,,,,2,NO INDICATION OF INJURY,0,0,0,0,0,2,0,1,7,4,41.87042138,-87.77412884,POINT (-87.774128841398 41.870421383124)
ecece5c0190abfb22bf54b716ded13a0fcad154c4d40a633094b5c82165512fde78176b76ce966d5131d8fc32b34f85ba4ac3293dcdc38933870d321b9db98ed,,,4/2/2022 11:51,30,TRAFFIC SIGNAL,FUNCTIONING PROPERLY,CLEAR,DAYLIGHT,SIDESWIPE SAME DIRECTION,Y-INTERSECTION,,STRAIGHT AND LEVEL,DRY,NO DEFECTS,ON SCENE,NO INJURY / DRIVE AWAY,Y,,,"OVER $1,500",4/2/2022 11:51,UNABLE TO DETERMINE,UNABLE TO DETERMINE,7900,S,STONY ISLAND AVE,411,,,,,,,2,NO INDICATION OF INJURY,0,0,0,0,0,2,0,11,7,4,41.7514606,-87.58597199,POINT (-87.585971992965 41.751460603167)
c156c1058da7df29ff2e22a8f05b1a9f02c6a2d856ec67dcc6ff5f26fb7132e39af65698f92e70a11522e44fc6644ef0ec4b510e5ce997678f6c420fa9d147b2,,,4/1/2022 21:05,30,TRAFFIC SIGNAL,FUNCTIONING PROPERLY,CLEAR,"DARKNESS, LIGHTED ROAD",REAR TO FRONT,FOUR WAY,,STRAIGHT AND LEVEL,DRY,NO DEFECTS,NOT ON SCENE (DESK REPORT),NO INJURY / DRIVE AWAY,Y,,Y,"OVER $1,500",4/1/2022 22:00,UNABLE TO DETERMINE,UNABLE TO DETERMINE,430,N,LA SALLE DR,1831,,,,,,,2,NO INDICATION OF INJURY,0,0,0,0,0,2,0,21,6,4,41.89004243,-87.63269468,POINT (-87.632694681299 41.890042429682)
dc3402419a9a4d47e5ce1634592fd715562026d7e373eec3840efdd63fd6b6f2350235b9e502c23c773181471ca42356fbf7326d524440ecbfda6ba732cd4fb5,,,4/2/2022 16:15,30,TRAFFIC SIGNAL,FUNCTIONING PROPERLY,RAIN,DAYLIGHT,REAR END,NOT DIVIDED,,STRAIGHT AND LEVEL,WET,NO DEFECTS,NOT ON SCENE (DESK REPORT),NO INJURY / DRIVE AWAY,,,,$500 OR LESS,4/2/2022 16:45,FOLLOWING TOO CLOSELY,WEATHER,3058,S,CENTRAL PARK AVE,1032,,,,,,,2,NO INDICATION OF INJURY,0,0,0,0,0,2,0,16,7,4,41.83714669,-87.71474144,POINT (-87.714741436793 41.837146692537)
9ab7dfd05b0bf15e4681f056433a7a001530902cb5a040a0b9c642e16ce6b0bfedbb0029328f6b733392d3650ba01158fb4324108f82e1dd4e9b387aa57b928b,,,4/2/2022 13:00,35,NO CONTROLS,NO CONTROLS,CLEAR,DAYLIGHT,PARKED MOTOR VEHICLE,DIVIDED - W/MEDIAN (NOT RAISED),,STRAIGHT AND LEVEL,WET,NO DEFECTS,NOT ON SCENE (DESK REPORT),NO INJURY / DRIVE AWAY,,,,"OVER $1,500",4/2/2022 18:50,FOLLOWING TOO CLOSELY,UNABLE TO DETERMINE,8200,S,CHAMPLAIN AVE,631,,,,,,,2,NO INDICATION OF INJURY,0,0,0,0,0,1,0,13,7,4,41.74564585,-87.60886304,POINT (-87.608863039653 41.745645849379)
7491cacd23a3838d4bc9a2c50956dd60c074587b03a5655811c75ff046e594e633aeb5c5d24b149fa200bff5d3ddae24bbd34d834209777ca945fdaf740f1afb,JF171789,,3/12/2022 17:20,15,NO CONTROLS,NO CONTROLS,CLEAR,DAYLIGHT,PARKED MOTOR VEHICLE,PARKING LOT,,STRAIGHT AND LEVEL,DRY,NO DEFECTS,ON SCENE,NO INJURY / DRIVE AWAY,,,,"OVER $1,500",3/12/2022 17:25,IMPROPER TURNING/NO SIGNAL,UNABLE TO DETERMINE,1208,E,53RD ST,234,,,,,,,2,NO INDICATION OF INJURY,0,0,0,0,0,1,0,17,7,3,41.79957001,-87.59623911,POINT (-87.596239107831 41.799570005699)
74a4461b85300479ee71b9df9c93c15f26d0f4ed6f43aa1759b395eeca869666c9045c87b09e77568b29d84fa6f09b5b3a2b2c2779257717a096c43bbea44da7,JF171970,,3/12/2022 20:22,30,TRAFFIC SIGNAL,FUNCTIONING PROPERLY,CLEAR,"DARKNESS, LIGHTED ROAD",FIXED OBJECT,DIVIDED - W/MEDIAN BARRIER,,STRAIGHT AND LEVEL,DRY,NO DEFECTS,ON SCENE,INJURY AND / OR TOW DUE TO CRASH,,,Y,"OVER $1,500",3/12/2022 20:39,UNABLE TO DETERMINE,NOT APPLICABLE,4458,W,CHICAGO AVE,1111,,,,,,,1,NO INDICATION OF INJURY,0,0,0,0,0,1,0,20,7,3,41.89525217,-87.73829289,POINT (-87.738292886751 41.895252165521)
765d7906ad5653a59b3373392bdcccb142af4b4185b7964ef87695283d5f6ead56d943900f043ef52a6fab2a5959bec8373037187c71fe68724478559d831f3c,,,4/2/2022 0:00,15,NO CONTROLS,NO CONTROLS,CLEAR,DARKNESS,PARKED MOTOR VEHICLE,NOT DIVIDED,,STRAIGHT AND LEVEL,DRY,NO DEFECTS,NOT ON SCENE (DESK REPORT),NO INJURY / DRIVE AWAY,,,Y,"OVER $1,500",4/2/2022 11:30,UNABLE TO DETERMINE,NOT APPLICABLE,1116,E,67TH ST,321,,,,,,,2,NO INDICATION OF INJURY,0,0,0,0,0,1,0,0,7,4,41.77332902,-87.59774231,POINT (-87.597742307563 41.773329017751)
87ff97c9f3c0ee9453d251001789cf3e5eeef060770e91bbd5835d952672f60a357967e3f4891e6114160e5e0338d8d0eb7b2c5f1b843650fb970f8f9f2cd3d5,,,4/2/2022 17:15,30,NO CONTROLS,NO CONTROLS,CLEAR,DAYLIGHT,ANGLE,NOT DIVIDED,,STRAIGHT AND LEVEL,WET,NO DEFECTS,NOT ON SCENE (DESK REPORT),NO INJURY / DRIVE AWAY,,,,"$501 - $1,500",4/2/2022 17:50,FAILING TO YIELD RIGHT-OF-WAY,FAILING TO YIELD RIGHT-OF-WAY,3230,N,KIMBALL AVE,1732,,,,,,,2,NO INDICATION OF INJURY,0,0,0,0,0,2,0,17,7,4,41.94020148,-87.71268177,POINT (-87.712681772371 41.940201477566)
dff81842168b3627d3b6be57f4ab924302a7bb04857f2791385ab41a1e98c3100715f21b6c55a55f14e3573934084e50a5c4c2cca7e985d2ec60e3388f7d6994,,,4/2/2022 17:28,30,STOP SIGN/FLASHER,UNKNOWN,RAIN,DAYLIGHT,REAR END,ONE-WAY,,STRAIGHT AND LEVEL,WET,UNKNOWN,NOT ON SCENE (DESK REPORT),NO INJURY / DRIVE AWAY,Y,,,$500 OR LESS,4/2/2022 18:30,UNABLE TO DETERMINE,NOT APPLICABLE,3700,N,KOSTNER AVE,1731,,,,,,,2,NO INDICATION OF INJURY,0,0,0,0,0,6,0,17,7,4,41.94814939,-87.73849643,POINT (-87.738496431049 41.948149385831)
79c71587133d82d9c4e51ddcf1bda769d3f6ae99b9eb1b149c81f936ef3f5621720ac82cc07126b356188ad6523f831c2547dad3e779efa1d168877d8b397555,,,4/2/2022 19:06,30,NO CONTROLS,NOT FUNCTIONING,RAIN,"DARKNESS, LIGHTED ROAD",OTHER OBJECT,NOT DIVIDED,,STRAIGHT AND LEVEL,WET,NO DEFECTS,ON SCENE,INJURY AND / OR TOW DUE TO CRASH,,,,"OVER $1,500",4/2/2022 19:07,UNABLE TO DETERMINE,UNABLE TO DETERMINE,12699,S,WALLACE ST,523,,,,,,,1,NONINCAPACITATING INJURY,1,0,0,1,0,1,0,19,7,4,41.66330367,-87.63646687,POINT (-87.636466871795 41.663303665258)
5d6c3fc7d6ddc983ca739dceca40b3d93563ea116c4e747585b0c87575bf10cc552fba40bd07d5b9ec655530c4500ea11c1c8c8cdc777a0f9f00c6e5dd5bdbb5,,,4/2/2022 4:30,30,NO CONTROLS,NO CONTROLS,CLEAR,"DARKNESS, LIGHTED ROAD",PARKED MOTOR VEHICLE,OTHER,,STRAIGHT AND LEVEL,DRY,NO DEFECTS,NOT ON SCENE (DESK REPORT),NO INJURY / DRIVE AWAY,,,,"OVER $1,500",4/2/2022 5:00,FAILING TO REDUCE SPEED TO AVOID CRASH,UNABLE TO DETERMINE,5702,S,CICERO AVE,813,,,,,,,2,NO INDICATION OF INJURY,0,0,0,0,0,1,0,4,7,4,41.78927566,-87.7416426,POINT (-87.741642597943 41.789275663084)
2155e6eadb42914db73f1b5b0e777a35ec9294fe4497c24b74a783b5c2d96014c24c021c829661af23afe96236af3b9e37c54509822f1fd203e442712a3c66c3,,,4/1/2022 18:30,30,TRAFFIC SIGNAL,FUNCTIONING PROPERLY,CLEAR,DAWN,REAR END,NOT DIVIDED,,STRAIGHT AND LEVEL,DRY,NO DEFECTS,NOT ON SCENE (DESK REPORT),NO INJURY / DRIVE AWAY,,,,"OVER $1,500",4/1/2022 19:30,UNABLE TO DETERMINE,NOT APPLICABLE,336,N,LARAMIE AVE,1523,,,,,,,2,NO INDICATION OF INJURY,0,0,0,0,0,2,0,18,6,4,41.88676298,-87.7554371,POINT (-87.755437099734 41.886762976723)
ac6dc4ebdd8178998f9ed867dc3884f5d473657b4bc7b1e693ecab17df7c7de42d6a89159acbf566e4f3227b30ae265b5c3641733e97581906bc97d3184612f9,,,4/2/2022 11:10,30,TRAFFIC SIGNAL,FUNCTIONING PROPERLY,CLEAR,DAYLIGHT,SIDESWIPE SAME DIRECTION,NOT DIVIDED,,STRAIGHT AND LEVEL,DRY,UNKNOWN,NOT ON SCENE (DESK REPORT),NO INJURY / DRIVE AWAY,Y,,,"OVER $1,500",4/2/2022 11:31,DRIVING SKILLS/KNOWLEDGE/EXPERIENCE,DRIVING SKILLS/KNOWLEDGE/EXPERIENCE,3934,W,DIVERSEY AVE,2523,,,,,,,2,NO INDICATION OF INJURY,0,0,0,0,0,2,0,11,7,4,41.93191327,-87.72598057,POINT (-87.725980567289 41.931913273072)
ba18ae328ab87f3a88fe5e7fb4cfcec0bbbc5b70844bf70c0c20604ab67ca1aab4a3857bcd73153f949ddc67db693804f6199871a2944a2b9e3a871f0fa7a77f,,,3/30/2022 14:50,30,NO CONTROLS,NO CONTROLS,RAIN,DAYLIGHT,REAR END,NOT DIVIDED,,STRAIGHT AND LEVEL,WET,UNKNOWN,NOT ON SCENE (DESK REPORT),NO INJURY / DRIVE AWAY,,,,"OVER $1,500",3/31/2022 15:40,FOLLOWING TOO CLOSELY,FOLLOWING TOO CLOSELY,7301,W,DEVON AVE,1612,,,,,,,2,NO INDICATION OF INJURY,0,0,0,0,0,2,0,14,4,3,41.99701459,-87.81041348,POINT (-87.810413481578 41.997014586114)
14becf8f87b876eb9cf099bb01d347b835e407a90beebf85a73bd1f80906961f6ceaec0ef19d19fcb661ad0472ce751fb178294f3ed20a7f62dd5178104c540d,,,4/2/2022 8:35,25,NO CONTROLS,NO CONTROLS,CLEAR,DAYLIGHT,SIDESWIPE SAME DIRECTION,NOT DIVIDED,,STRAIGHT ON GRADE,DRY,NO DEFECTS,ON SCENE,NO INJURY / DRIVE AWAY,,,,"OVER $1,500",4/2/2022 8:37,UNABLE TO DETERMINE,UNABLE TO DETERMINE,1705,W,MORSE AVE,2431,,,,,,,2,NO INDICATION OF INJURY,0,0,0,0,0,3,0,8,7,4,42.00767597,-87.6731234,POINT (-87.673123396878 42.007675974129)
acd26e5406cdd751c72a22b248bf0742817480948d72df195a7a940f8ba53b776131d78beb61c576995afb7ba120f817815d5db615c819ba626d605f894cd6fc,,,4/2/2022 12:23,25,NO CONTROLS,NO CONTROLS,CLEAR,DAYLIGHT,FIXED OBJECT,ALLEY,,STRAIGHT AND LEVEL,DRY,NO DEFECTS,ON SCENE,NO INJURY / DRIVE AWAY,,,,$500 OR LESS,4/2/2022 12:24,NOT APPLICABLE,NOT APPLICABLE,7700,S,ESSEX AVE,421,,,,,,,1,NO INDICATION OF INJURY,0,0,0,0,0,2,0,12,7,4,41.75529927,-87.56402149,POINT (-87.564021493544 41.75529926781)
e75cd76c1479d311acb0adeb6c85a878936218f121f099b4831debf4591be6c38fd46b9a810a09001b63f6c8725f50ea9b361c65c41a8e3c0cb1f0393b43a166,,,3/30/2022 9:00,30,UNKNOWN,NO CONTROLS,CLEAR,DAYLIGHT,PARKED MOTOR VEHICLE,NOT DIVIDED,,STRAIGHT AND LEVEL,DRY,NO DEFECTS,NOT ON SCENE (DESK REPORT),NO INJURY / DRIVE AWAY,,,,"$501 - $1,500",4/2/2022 15:40,UNABLE TO DETERMINE,NOT APPLICABLE,5114,W,BERWYN AVE,1623,,,,,,,2,NO INDICATION OF INJURY,0,0,0,0,0,1,0,9,4,3,41.97717725,-87.75599715,POINT (-87.755997152231 41.977177249639)
91a950e0a9bc143d24d10ec2792fb3e1d0a38506ebd8ce0942ffef267b2cc6042b753c81bbbf5ee24b939705de492882f0d8108179120349f4e22025c9125667,,,3/31/2022 10:30,40,TRAFFIC SIGNAL,FUNCTIONING PROPERLY,RAIN,DAYLIGHT,REAR END,DIVIDED - W/MEDIAN BARRIER,,STRAIGHT AND LEVEL,WET,NO DEFECTS,ON SCENE,INJURY AND / OR TOW DUE TO CRASH,,,,"OVER $1,500",3/31/2022 10:39,PHYSICAL CONDITION OF DRIVER,NOT APPLICABLE,711,S,LAKE SHORE DR E,114,,,,,,,2,"REPORTED, NOT EVIDENT",1,0,0,0,1,1,0,10,5,3,41.87304748,-87.61693252,POINT (-87.61693251984 41.873047483727)
62d4060c92a15cb6e1d5c591c7a20850a859b93bf4c70b290fcbc0d4a869b863b70f7f50b4cd759d29189e7e210ff5aa3ac26b9f3ae09c9483a337166fe3940f,,,4/2/2022 19:44,30,NO CONTROLS,NO CONTROLS,RAIN,DAYLIGHT,PARKED MOTOR VEHICLE,NOT DIVIDED,,STRAIGHT AND LEVEL,WET,NO DEFECTS,ON SCENE,NO INJURY / DRIVE AWAY,,,Y,"OVER $1,500",4/2/2022 20:59,UNABLE TO DETERMINE,UNABLE TO DETERMINE,2851,N,MULLIGAN AVE,2511,,,,,,,2,NO INDICATION OF INJURY,0,0,0,0,0,1,0,19,7,4,41.93253196,-87.78437702,POINT (-87.784377018028 41.932531961634)
1a9255338d8bccbd1197b2bfd5f8635c77dfc97367679d26a0f442f558f316156f959948bcec678dde0828d6efd4ae7b596fe26314b30366b3512416ccd58702,,,4/2/2022 17:30,10,NO CONTROLS,NO CONTROLS,SNOW,DAYLIGHT,PARKED MOTOR VEHICLE,PARKING LOT,,STRAIGHT AND LEVEL,WET,NO DEFECTS,ON SCENE,NO INJURY / DRIVE AWAY,,,Y,"$501 - $1,500",4/2/2022 17:52,IMPROPER BACKING,IMPROPER BACKING,2100,W,IRVING PARK RD,1911,,,,,,,2,NO INDICATION OF INJURY,0,0,0,0,0,2,0,17,7,4,41.95422964,-87.68124681,POINT (-87.681246806111 41.954229640918)
8e4c96d03386f15dc44e66fd4f7fce43af8f596369595481b6624ea30d6f749655ffa431267ea80610b499d188d6c8be2565d0147b31084a9221a83bf1a128a1,,,4/2/2022 16:50,30,NO CONTROLS,NO CONTROLS,RAIN,DAYLIGHT,SIDESWIPE SAME DIRECTION,NOT DIVIDED,,STRAIGHT AND LEVEL,WET,NO DEFECTS,ON SCENE,NO INJURY / DRIVE AWAY,,,,$500 OR LESS,4/2/2022 17:38,IMPROPER LANE USAGE,IMPROPER LANE USAGE,5901,N,SHERIDAN RD,2022,,,,,,,2,NO INDICATION OF INJURY,0,0,0,0,0,3,0,16,7,4,41.9892552,-87.65521256,POINT (-87.655212560586 41.989255198914)
702cef92ee485c99791db464fbe6c1006579422fcd04e4bfeb1c9aa411e40ea49e5d4d9d114e0d4b40453d19ffe8563c4a07449876b85be5730603dc1f2ed129,,,4/2/2022 11:35,30,NO CONTROLS,NO CONTROLS,CLEAR,DAYLIGHT,PARKED MOTOR VEHICLE,ALLEY,,STRAIGHT AND LEVEL,DRY,NO DEFECTS,ON SCENE,NO INJURY / DRIVE AWAY,,,,$500 OR LESS,4/2/2022 11:35,DRIVING SKILLS/KNOWLEDGE/EXPERIENCE,NOT APPLICABLE,3615,W,BELLE PLAINE AVE,1723,,,,,,,2,NO INDICATION OF INJURY,0,0,0,0,0,1,0,11,7,4,41.95548985,-87.71851906,POINT (-87.718519062728 41.955489849717)
0e735b8651a8590bcd25c3b954e2b92ddc5d390c5c73307a5cbc456cd33d54b4e217a353fa038601bc53371311996e4a58b34a3fb19b9ab16f90b31c30740eca,JF185694,,3/25/2022 3:00,40,TRAFFIC SIGNAL,FUNCTIONING PROPERLY,CLEAR,"DARKNESS, LIGHTED ROAD",REAR END,DIVIDED - W/MEDIAN BARRIER,,STRAIGHT AND LEVEL,DRY,NO DEFECTS,ON SCENE,INJURY AND / OR TOW DUE TO CRASH,,,Y,"$501 - $1,500",3/25/2022 3:10,DISREGARDING TRAFFIC SIGNALS,FAILING TO YIELD RIGHT-OF-WAY,1651,S,LAKE SHORE DR W,132,,,,,,,2,NO INDICATION OF INJURY,0,0,0,0,0,2,0,3,6,3,41.85916066,-87.61689352,POINT (-87.616893519782 41.859160656667)
0fb94eebf000b64a6882cc5810ada5b68e38f9a296c0b51de082c4eede10e0a0ed5266c22acb1642f27ba80519065c4a4a6b6c55c69a01c7683dfde2f35b33ff,JF164649,,3/5/2022 21:05,30,NO CONTROLS,NO CONTROLS,CLEAR,"DARKNESS, LIGHTED ROAD",PARKED MOTOR VEHICLE,NOT DIVIDED,,STRAIGHT AND LEVEL,DRY,NO DEFECTS,ON SCENE,NO INJURY / DRIVE AWAY,,,Y,"OVER $1,500",3/5/2022 21:30,"OPERATING VEHICLE IN ERRATIC, RECKLESS, CARELESS, NEGLIGENT OR AGGRESSIVE MANNER",UNABLE TO DETERMINE,7022,S,CALIFORNIA AVE,831,,,,,,,2,NO INDICATION OF INJURY,0,0,0,0,0,1,0,21,7,3,41.76564395,-87.69320164,POINT (-87.693201641674 41.765643951393)
77de0150bb038750614e334c531b2125e3b75257b691aa07e5bd808b5875ef61b16a380684a89177aaeffa88347dc59c0932fad4f30a884d24cfa64f8b725558,JF171438,,3/12/2022 12:47,30,TRAFFIC SIGNAL,FUNCTIONING PROPERLY,CLEAR,DAYLIGHT,TURNING,NOT DIVIDED,,STRAIGHT AND LEVEL,DRY,NO DEFECTS,ON SCENE,NO INJURY / DRIVE AWAY,,,Y,"$501 - $1,500",3/12/2022 12:51,FAILING TO YIELD RIGHT-OF-WAY,NOT APPLICABLE,7300,N,SHERIDAN RD,2423,,,,,,,2,NO INDICATION OF INJURY,0,0,0,0,0,2,0,12,7,3,42.01395778,-87.66424324,POINT (-87.664243236398 42.013957776681)
784791b0afe3986d26abc8b195110eb773efb857a4e1b5ec6061338732b4d36f889ae0a1e3f61c9624f26434624a4283d67ff7bbb489bb701b5777d3cffe4db1,JF171826,,3/12/2022 17:49,30,NO CONTROLS,NO CONTROLS,CLEAR,DAYLIGHT,PARKED MOTOR VEHICLE,ONE-WAY,,STRAIGHT AND LEVEL,DRY,NO DEFECTS,ON SCENE,INJURY AND / OR TOW DUE TO CRASH,,,Y,"OVER $1,500",3/12/2022 17:50,UNABLE TO DETERMINE,NOT APPLICABLE,5616,W,POTOMAC AVE,2531,,,,,,,2,NO INDICATION OF INJURY,0,0,0,0,0,1,0,17,7,3,41.90405114,-87.76651043,POINT (-87.766510428519 41.904051144219)
110a7422b1ff6f22d7782054668470ec03130de1ef823ade739372781680893ab312d35f0028323791deb02f7a1a66e8f8420759d5653090b743c419ff97fdc1,JC371468,,7/30/2019 12:10,30,NO CONTROLS,NO CONTROLS,CLEAR,DAYLIGHT,PARKED MOTOR VEHICLE,ONE-WAY,,STRAIGHT AND LEVEL,DRY,NO DEFECTS,,NO INJURY / DRIVE AWAY,,,Y,"OVER $1,500",7/30/2019 17:32,UNABLE TO DETERMINE,NOT APPLICABLE,5127,S,SPAULDING AVE,822,,,,,,,2,NO INDICATION OF INJURY,0,0,0,0,0,1,0,12,3,7,41.7999623,-87.70604486,POINT (-87.706044857416 41.799962297497)
13563bc8ca5b6b09a641d7ef8f746ffc2f898d5e8f36b6a9899a6f8e1bd06c14d970c9f6cc4ab6b99666ab2f4f9469f3f81eb395b2d47e880bba9796d6fa8602,JF187202,,3/25/2022 12:22,30,TRAFFIC SIGNAL,FUNCTIONING PROPERLY,RAIN,DAYLIGHT,REAR TO FRONT,FOUR WAY,,STRAIGHT AND LEVEL,WET,NO DEFECTS,NOT ON SCENE (DESK REPORT),NO INJURY / DRIVE AWAY,,,,"OVER $1,500",3/26/2022 12:20,DRIVING SKILLS/KNOWLEDGE/EXPERIENCE,NOT APPLICABLE,36,W,GRAND AVE,1831,,,,,,,2,NO INDICATION OF INJURY,0,0,0,0,0,2,0,12,6,3,41.89175706,-87.62957511,POINT (-87.629575106754 41.891757056624)