CRASH_RECORD_ID,RD_NO,CRASH_DATE_EST_I,CRASH_DATE,POSTED_SPEED_LIMIT,TRAFFIC_CONTROL_DEVICE,DEVICE_CONDITION,WEATHER_CONDITION,LIGHTING_CONDITION,FIRST_CRASH_TYPE,TRAFFICWAY_TYPE,LANE_CNT,ALIGNMENT,ROADWAY_SURFACE_COND,ROAD_DEFECT,REPORT_TYPE,CRASH_TYPE,INTERSECTION_RELATED_I,NOT_RIGHT_OF_WAY_I,HIT_AND_RUN_I,DAMAGE,DATE_POLICE_NOTIFIED,PRIM_CONTRIBUTORY_CAUSE,SEC_CONTRIBUTORY_CAUSE,STREET_NO,STREET_DIRECTION,STREET_NAME,BEAT_OF_OCCURRENCE,PHOTOS_TAKEN_I,STATEMENTS_TAKEN_I,DOORING_I,WORK_ZONE_I,WORK_ZONE_TYPE,WORKERS_PRESENT_I,NUM_UNITS,MOST_SEVERE_INJURY,INJURIES_TOTAL,INJURIES_FATAL,INJURIES_INCAPACITATING,INJURIES_NON_INCAPACITATING,INJURIES_REPORTED_NOT_EVIDENT,INJURIES_NO_INDICATION,INJURIES_UNKNOWN,CRASH_HOUR,CRASH_DAY_OF_WEEK,CRASH_MONTH,LATITUDE,LONGITUDE,LOCATION
7c771dabab04534980c17f397171e025c29eeb8a84ce8f737f5d4fd3fe00941701405ea40dafe8efd9ca7e8e85ec573d5e2ccad7450c603a77f9b78e6e1155bc,JF171642,,3/12/2022 14:40,30,NO CONTROLS,NO CONTROLS,CLEAR,DAYLIGHT,SIDESWIPE SAME DIRECTION,NOT DIVIDED,,STRAIGHT AND LEVEL,DRY,NO DEFECTS,ON SCENE,NO INJURY / DRIVE AWAY,,,,"OVER $1,500",3/12/2022 14:44,FAILING TO YIELD RIGHT-OF-WAY,NOT APPLICABLE,3355,E,100TH ST,432,,,,,,,2,NO INDICATION OF INJURY,0,0,0,0,0,2,0,14,7,3,41.71372239,-87.54135182,POINT (-87.541351816148 41.713722390145)
14469faf7a46e82de87ac490728520441400dba8dadfa6a733a5fa49de0fb10bf3611307e4493ac68a53647b5a04eee1410526571d0d08d9bee1d3dc3bd2768b,,Y,4/3/2022 16:40,35,NO CONTROLS,NO CONTROLS,CLEAR,DAYLIGHT,PARKED MOTOR VEHICLE,NOT DIVIDED,,STRAIGHT AND LEVEL,DRY,NO DEFECTS,,INJURY AND / OR TOW DUE TO CRASH,,,,"OVER $1,500",4/3/2022 16:41,UNABLE TO DETERMINE,NOT APPLICABLE,4444,W,MONTROSE AVE,1722,,,,,,,5,INCAPACITATING INJURY,1,0,1,0,0,0,0,16,1,4,41.96091855,-87.74014544,POINT (-87.740145435636 41.960918546801)
7cac4ad6a1c62ae68b01f5378a035364d40acb00daee7f2030e2a759db0f1cbb38e824749b9c9a64b97f80fd18bfff0789450e912862ca8391c82351bd1c48eb,JF172528,,3/12/2022 14:43,30,TRAFFIC SIGNAL,FUNCTIONING PROPERLY,CLEAR,DAYLIGHT,SIDESWIPE SAME DIRECTION,DIVIDED - W/MEDIAN (NOT RAISED),,STRAIGHT AND LEVEL,DRY,NO DEFECTS,NOT ON SCENE (DESK REPORT),NO INJURY / DRIVE AWAY,,,,"OVER $1,500",3/13/2022 13:40,UNABLE TO DETERMINE,UNABLE TO DETERMINE,2369,N,OAK PARK AVE,2512,,,,,,,2,NO INDICATION OF INJURY,0,0,0,0,0,2,0,14,7,3,41.9232826,-87.7950802,POINT (-87.795080199329 41.923282602567)
15ba020fb03d4397ee5bebe7bdfe7a82b87c8c9cb167586e363e0df8894740e62655c7af564e5ef348f08bd64b26575d995261b0018e2a20867d145913c07664,JF164252,,3/5/2022 14:15,15,NO CONTROLS,NO CONTROLS,CLEAR,DAYLIGHT,REAR TO FRONT,DRIVEWAY,,STRAIGHT AND LEVEL,DRY,UNKNOWN,NOT ON SCENE (DESK REPORT),NO INJURY / DRIVE AWAY,,Y,,"OVER $1,500",3/5/2022 14:30,UNABLE TO DETERMINE,UNABLE TO DETERMINE,2665,N,HALSTED ST,1935,,,,,,,2,NO INDICATION OF INJURY,0,0,0,0,0,2,0,14,7,3,41.9308999,-87.6488032,POINT (-87.648803203039 41.930899896796)
168e47b1783fb7d2bbd0612d9c71b74dfa3586eabf9c5080b202ea879554b6c64520eeeb8998d4838265db36ad8b3fb6a577d4288c3de06ae3f9bed214027fad,JF164170,,3/5/2022 12:40,30,TRAFFIC SIGNAL,FUNCTIONING PROPERLY,CLEAR,DAYLIGHT,TURNING,DIVIDED - W/MEDIAN BARRIER,,STRAIGHT AND LEVEL,DRY,NO DEFECTS,ON SCENE,NO INJURY / DRIVE AWAY,,,,"OVER $1,500",3/5/2022 12:45,UNABLE TO DETERMINE,NOT APPLICABLE,1300,S,WESTERN AVE,1023,,,,,,,2,NO INDICATION OF INJURY,0,0,0,0,0,2,0,12,7,3,41.86473994,-87.68613406,POINT (-87.686134063238 41.864739941196)
176fbd45c70226ad9a63ff015d87090dd51b2674d0f23e9a9c4a634277abea0efa0c5402cf267f11ec161e1f632d4bfe5f9d22b50feaa91de8758760d9108353,JD181795,,3/11/2020 10:00,10,NO CONTROLS,NO CONTROLS,CLEAR,DAYLIGHT,REAR TO REAR,PARKING LOT,,STRAIGHT AND LEVEL,DRY,NO DEFECTS,,NO INJURY / DRIVE AWAY,,Y,,"$501 - $1,500",3/11/2020 11:00,IMPROPER BACKING,NOT APPLICABLE,11505,S,WESTERN AVE,2212,,,,,,,2,NO INDICATION OF INJURY,0,0,0,0,0,2,0,10,4,3,41.68430796,-87.68077472,POINT (-87.680774721691 41.68430795958)
7d0932323a63c77f7951484c6bd3380f73ecd5ada5283a50b7c27c3d688e8d499a620a2c7e375b669765fe9c510683f26d53dd35ca9d13f6752d9639e1ef3eac,,,3/27/2022 1:45,30,NO CONTROLS,NO CONTROLS,CLEAR,"DARKNESS, LIGHTED ROAD",PARKED MOTOR VEHICLE,PARKING LOT,,STRAIGHT AND LEVEL,UNKNOWN,NO DEFECTS,NOT ON SCENE (DESK REPORT),NO INJURY / DRIVE AWAY,,N,Y,"OVER $1,500",3/27/2022 2:30,IMPROPER TURNING/NO SIGNAL,NOT APPLICABLE,2349,E,79TH ST,414,,,,,,,2,NO INDICATION OF INJURY,0,0,0,0,0,2,0,1,1,3,41.75161167,-87.56671252,POINT (-87.566712518842 41.751611669451)
7d740577a3b7036ef2d6c6d065a80e5dc223d403cf59afd48a79908a0dc89eb2021c2665e05bc4fad6c9e48f5ae43500773c7f4c30be50c2f969c98dafbcd6eb,JF171665,,3/12/2022 14:50,30,TRAFFIC SIGNAL,FUNCTIONING PROPERLY,CLEAR,DAYLIGHT,TURNING,NOT DIVIDED,,STRAIGHT AND LEVEL,DRY,NO DEFECTS,NOT ON SCENE (DESK REPORT),NO INJURY / DRIVE AWAY,Y,,,"OVER $1,500",3/12/2022 15:50,UNABLE TO DETERMINE,NOT APPLICABLE,1701,N,CLARK ST,1814,,,,,,,2,NO INDICATION OF INJURY,0,0,0,0,0,6,0,14,7,3,41.91318608,-87.63270105,POINT (-87.632701052268 41.913186078418)
1955827c7a136f03864f28ef64bfe803771c5ca934501b5d78c379bfdad23ab36914e1b73c212a6fe22d9f6b48fcf6634d7a85328c5f39147966fafe604f75cb,JF200417,,3/25/2022 14:00,30,UNKNOWN,UNKNOWN,UNKNOWN,DAYLIGHT,FIXED OBJECT,NOT DIVIDED,,STRAIGHT AND LEVEL,UNKNOWN,UNKNOWN,NOT ON SCENE (DESK REPORT),NO INJURY / DRIVE AWAY,,,,$500 OR LESS,4/7/2022 14:06,UNABLE TO DETERMINE,UNABLE TO DETERMINE,6000,N,PULASKI RD,1711,,,,Y,UNKNOWN,,1,NO INDICATION OF INJURY,0,0,0,0,0,1,0,14,6,3,41.99016092,-87.72879075,POINT (-87.728790747599 41.990160922806)
19e05fad5a82c45ed692589276311779b8420b3dab2aebabbebcb2914588973178785baece441f4f69828e9672ff0a91d4fe9103920aa571b1dcbed8e50e31e1,JC534124,Y,12/4/2019 10:00,30,NO CONTROLS,NO CONTROLS,CLEAR,DAYLIGHT,SIDESWIPE SAME DIRECTION,DIVIDED - W/MEDIAN (NOT RAISED),,STRAIGHT AND LEVEL,DRY,UNKNOWN,,NO INJURY / DRIVE AWAY,,,Y,"OVER $1,500",12/4/2019 10:55,UNABLE TO DETERMINE,UNABLE TO DETERMINE,4027,W,DIVERSEY AVE,2524,,,,,,,2,NO INDICATION OF INJURY,0,0,0,0,0,2,0,10,4,12,41.93166402,-87.72808651,POINT (-87.728086510723 41.931664017314)
1a0e8b45c9b7a4110ab744aa95bda0175f5a8e794854aaf0ae632c0bbf37968e294dd5efe9b126753c94479b0bce6d97b863fa17965f0dd1c9795a2a033d75b2,JE135099,,2/7/2021 11:00,30,NO CONTROLS,NO CONTROLS,CLEAR,DAYLIGHT,PARKED MOTOR VEHICLE,NOT DIVIDED,,STRAIGHT ON GRADE,SNOW OR SLUSH,UNKNOWN,,NO INJURY / DRIVE AWAY,,,Y,"$501 - $1,500",2/7/2021 12:43,UNABLE TO DETERMINE,UNABLE TO DETERMINE,1827,W,105TH ST,2212,,,,,,,2,NO INDICATION OF INJURY,0,0,0,0,0,1,0,11,1,2,41.70273258,-87.66809777,POINT (-87.66809776943 41.702732574865)
1a1b0a8af39d708bfcad8f52f8cc6cff44dc27423925c1573a9e7838ed47a5df069595e16efc96c3239879343edfbc63ed5393df7d8b2a15a0759b1a33bc1b49,JE113788,,1/15/2022 12:40,20,NO CONTROLS,NO CONTROLS,CLEAR,DAYLIGHT,PARKED MOTOR VEHICLE,NOT DIVIDED,,STRAIGHT AND LEVEL,DRY,NO DEFECTS,,NO INJURY / DRIVE AWAY,,,,"$501 - $1,500",1/15/2022 14:15,FOLLOWING TOO CLOSELY,NOT APPLICABLE,630,W,WAVELAND AVE,1925,Y,,,,,,2,NO INDICATION OF INJURY,0,0,0,0,0,1,0,12,7,1,41.95016631,-87.64577428,POINT (-87.645774274752 41.950166307158)
1a2b8811491c8c99d81192eaaa8206de4c1c45dcc2f26a652fbe3e525ac0e0f08c686e56c75ca6ed50c86edc8b8b08af123e7963a82fd58f7ff12299d89e845d,,,4/9/2022 1:44,30,NO CONTROLS,NO CONTROLS,RAIN,"DARKNESS, LIGHTED ROAD",PEDALCYCLIST,FOUR WAY,,STRAIGHT AND LEVEL,WET,NO DEFECTS,ON SCENE,INJURY AND / OR TOW DUE TO CRASH,Y,,Y,"$501 - $1,500",4/9/2022 1:44,UNABLE TO DETERMINE,NOT APPLICABLE,5204,S,WESTERN AVE,923,,,,,,,2,NONINCAPACITATING INJURY,1,0,0,1,0,1,0,1,7,4,41.79912739,-87.68431867,POINT (-87.68431867338 41.799127389719)
807b9eafc224a7615304f45e2212b1d3ac18ff2a27302476bb912287a5799603043b861e2e4db95e6a205d0c0b6add5db4857702a3909a585a2262b2e654622a,JF171846,,3/12/2022 17:40,30,TRAFFIC SIGNAL,FUNCTIONING PROPERLY,CLEAR,DAYLIGHT,REAR END,NOT DIVIDED,,STRAIGHT AND LEVEL,DRY,NO DEFECTS,NOT ON SCENE (DESK REPORT),NO INJURY / DRIVE AWAY,N,,Y,"OVER $1,500",3/12/2022 18:15,"OPERATING VEHICLE IN ERRATIC, RECKLESS, CARELESS, NEGLIGENT OR AGGRESSIVE MANNER",NOT APPLICABLE,1154,S,PULASKI RD,1132,,,,,,,2,NO INDICATION OF INJURY,0,0,0,0,0,2,0,17,7,3,41.86634048,-87.72533573,POINT (-87.725335726112 41.866340474511)
1c3d36534afa4852a13e2f0804f8b9212556a59485c95ac291e7e1262f3596839ef3b352cc39526ed5f39fa541247be6ddc4864577fe8d7baaedeeb3674ed2db,JF188067,Y,3/25/2022 17:30,25,UNKNOWN,UNKNOWN,UNKNOWN,UNKNOWN,PARKED MOTOR VEHICLE,NOT DIVIDED,,STRAIGHT AND LEVEL,UNKNOWN,UNKNOWN,,INJURY AND / OR TOW DUE TO CRASH,,,Y,"OVER $1,500",3/27/2022 10:50,IMPROPER LANE USAGE,UNABLE TO DETERMINE,1134,W,AINSLIE ST,2033,,,,,,,2,NO INDICATION OF INJURY,0,0,0,0,0,1,0,17,6,3,41.97162901,-87.65916105,POINT (-87.659161053571 41.971629005109)
825f399f556d07d860bfdfb4905c544490d03f8a90ff893546ff6a58c41d9de1ca77bedaa5350264b2a593ba5f5325a3b860edefb8d060f0234e188a039f3d84,JF171202,,3/12/2022 6:10,30,TRAFFIC SIGNAL,FUNCTIONING PROPERLY,CLEAR,DAYLIGHT,SIDESWIPE SAME DIRECTION,FOUR WAY,,STRAIGHT AND LEVEL,DRY,NO DEFECTS,ON SCENE,INJURY AND / OR TOW DUE TO CRASH,Y,,Y,"OVER $1,500",3/12/2022 8:20,IMPROPER OVERTAKING/PASSING,UNABLE TO DETERMINE,7500,S,SOUTH SHORE DR,421,,,,,,,2,NO INDICATION OF INJURY,0,0,0,0,0,2,0,6,7,3,41.76043692,-87.55721244,POINT (-87.557212437438 41.76043692141)
1ce07a93c165f3b160804021ecff873d3634564a3b5c4d226661069879aeaab14caf385f630cb83a144175e6e7a2b2b75d12d786a8dd8deb2b7963832ff50bd4,JD398794,,10/14/2020 6:45,30,TRAFFIC SIGNAL,FUNCTIONING PROPERLY,CLEAR,"DARKNESS, LIGHTED ROAD",SIDESWIPE SAME DIRECTION,DIVIDED - W/MEDIAN (NOT RAISED),,STRAIGHT AND LEVEL,DRY,NO DEFECTS,,INJURY AND / OR TOW DUE TO CRASH,,,,"OVER $1,500",10/14/2020 6:48,IMPROPER OVERTAKING/PASSING,UNABLE TO DETERMINE,6301,S,PULASKI RD,823,,,,,,,2,NONINCAPACITATING INJURY,1,0,0,1,0,2,0,6,4,10,41.7786395,-87.72261309,POINT (-87.722613087091 41.778639504347)
1ce2a12c8bbd6597f709fe03cd46b722b37ad157492bb3ded30d2f8a82023e2714ac4ffe0e5e3cb56aaac0d6fe9552a6e803fae8bff6553af9ecdb71fe6a73a3,JD431544,,11/14/2020 16:30,30,TRAFFIC SIGNAL,FUNCTIONING PROPERLY,CLEAR,"DARKNESS, LIGHTED ROAD",REAR END,NOT DIVIDED,,STRAIGHT AND LEVEL,UNKNOWN,UNKNOWN,,INJURY AND / OR TOW DUE TO CRASH,,,,"OVER $1,500",11/14/2020 20:39,UNABLE TO DETERMINE,NOT APPLICABLE,2402,W,47TH ST,922,,,,,,,2,NONINCAPACITATING INJURY,1,0,0,1,0,2,0,16,7,11,41.80854217,-87.68461738,POINT (-87.684617381805 41.808542171705)
fb93c3183712074555fc2062c807c10dc6e25be439705b7e3ef8a5a0fa5819644936b9a83d32f1d3461c31910388e8e1c43cf704d8a0903d9e25b499f6fee6b2,JD244997,,5/28/2020 0:12,30,STOP SIGN/FLASHER,FUNCTIONING PROPERLY,RAIN,"DARKNESS, LIGHTED ROAD",PARKED MOTOR VEHICLE,NOT DIVIDED,,STRAIGHT AND LEVEL,WET,NO DEFECTS,ON SCENE,NO INJURY / DRIVE AWAY,,,Y,"OVER $1,500",5/28/2020 0:12,UNABLE TO DETERMINE,UNABLE TO DETERMINE,4427,W,PALMER ST,2522,,,,,,,2,NO INDICATION OF INJURY,0,0,0,0,0,1,0,0,5,5,41.92058262,-87.73760586,POINT (-87.737605858165 41.920582618046)
00944fdfb169f7b18fa3645bfdd5a2cea2227aff6ba827026c8adf37f5caa875a4040015d294bceda2f92c4c120bfee538d7d2b7da782cc59a61e769c95300c7,JF179206,,3/19/2022 10:30,30,NO CONTROLS,NO CONTROLS,RAIN,DAYLIGHT,FIXED OBJECT,DIVIDED - W/MEDIAN (NOT RAISED),,STRAIGHT AND LEVEL,WET,UNKNOWN,ON SCENE,INJURY AND / OR TOW DUE TO CRASH,,,,"OVER $1,500",3/19/2022 10:38,DISTRACTION - FROM INSIDE VEHICLE,NOT APPLICABLE,2749,W,LAKE ST,1222,,,,,,,1,NO INDICATION OF INJURY,0,0,0,0,0,1,0,10,7,3,41.88416132,-87.69579437,POINT (-87.695794366396 41.884161317818)
013d736d57f1cd312178da0c906de0f259eb449ba6f8d647914dc1218dd3d6f0a2c552339dd1c7766d6bf94dcf12dbe7d55e6a1b3b91569218eecef767b62034,JF179419,,3/19/2022 14:28,30,NO CONTROLS,NO CONTROLS,UNKNOWN,UNKNOWN,ANGLE,ONE-WAY,,STRAIGHT AND LEVEL,UNKNOWN,UNKNOWN,NOT ON SCENE (DESK REPORT),NO INJURY / DRIVE AWAY,,,,"OVER $1,500",3/19/2022 15:00,UNABLE TO DETERMINE,UNABLE TO DETERMINE,1246,W,THORNDALE AVE,2013,,,,,,,2,NO INDICATION OF INJURY,0,0,0,0,0,2,0,14,7,3,41.99007943,-87.66216223,POINT (-87.66216222961 41.990079425038)
03ac490d19416e82aeb5f101f41e94daa51caace46b28dde367787031e4524e8deeec91c16b860b78fe1befbe4a01fa8a7a2ac8b2a3dbc997e435cb978eef541,JF179037,Y,3/19/2022 5:20,10,NO CONTROLS,NO CONTROLS,RAIN,UNKNOWN,PARKED MOTOR VEHICLE,ALLEY,,STRAIGHT AND LEVEL,WET,UNKNOWN,NOT ON SCENE (DESK REPORT),NO INJURY / DRIVE AWAY,,,Y,"OVER $1,500",3/19/2022 7:00,UNABLE TO DETERMINE,UNABLE TO DETERMINE,2313,W,WARREN BLVD,1223,,,,,,,2,NO INDICATION OF INJURY,0,0,0,0,0,1,0,5,7,3,41.88199765,-87.6845642,POINT (-87.684564201131 41.881997649281)
026c39a96a1dc49ca8cd08de174aa97a09415c1281edbf6642370a3108a6c9f979dd1755d524bb1c8f92ea56c22c244b8bcd356569ae5e62535f82b8ce0d3de4,JE272542,,6/19/2021 23:30,15,NO CONTROLS,NO CONTROLS,CLEAR,"DARKNESS, LIGHTED ROAD",HEAD ON,FOUR WAY,,STRAIGHT AND LEVEL,DRY,NO DEFECTS,,NO INJURY / DRIVE AWAY,,,,"$501 - $1,500",6/20/2021 0:15,NOT APPLICABLE,NOT APPLICABLE,1,S,KEDZIE AVE,1124,,,,,,,2,NO INDICATION OF INJURY,0,0,0,0,0,2,0,23,7,6,41.8809088,-87.70597408,POINT (-87.705974079243 41.880908803496)
8371fbb06451c8041bc663a8fad4fd6e4af1b7e1b65c0562cd8ad4d247abf853bff31293ec63e562ae2f0fcc8c3b1101db1951c75c70ab68bc2119c29fd4fd22,JF171971,,3/12/2022 20:28,15,NO CONTROLS,NO CONTROLS,CLEAR,"DARKNESS, LIGHTED ROAD",FIXED OBJECT,ALLEY,,STRAIGHT AND LEVEL,DRY,NO DEFECTS,ON SCENE,INJURY AND / OR TOW DUE TO CRASH,,Y,,"OVER $1,500",3/12/2022 20:28,UNABLE TO DETERMINE,NOT APPLICABLE,726,N,PINE AVE,1524,,,,,,,1,NO INDICATION OF INJURY,0,0,0,0,0,1,0,20,7,3,41.89378378,-87.76367044,POINT (-87.763670436973 41.893783782768)
1d1dcc7c989a08447181828d8f1db2778ed2b9fd67fdfcd05ddb933d1d8151ac3ec6b990ef9c665a6f1b0e5e15a2403cb0bb8dd478b3245f8c3f9f684599c8fb,JE197286,,4/12/2021 14:10,30,NO CONTROLS,NO CONTROLS,CLEAR,DAYLIGHT,REAR END,NOT DIVIDED,,STRAIGHT AND LEVEL,DRY,NO DEFECTS,,NO INJURY / DRIVE AWAY,,,Y,"OVER $1,500",4/12/2021 14:44,FOLLOWING TOO CLOSELY,UNABLE TO DETERMINE,2320,W,LAWRENCE AVE,2031,,,,,,,2,NO INDICATION OF INJURY,0,0,0,0,0,3,0,14,2,4,41.96874626,-87.68726322,POINT (-87.687263221916 41.968746255256)
1e340335de950f1748e0df70e3ea6841a4849a87e1fdee7bb86f99c39c7ddac4010c1ee378fe4dadb01c91e21a84d61c937716aae86a7b83cd1278ede274ff33,JF164186,,3/5/2022 12:45,30,NO CONTROLS,NO CONTROLS,CLEAR,DAYLIGHT,ANGLE,NOT DIVIDED,,STRAIGHT AND LEVEL,DRY,NO DEFECTS,NOT ON SCENE (DESK REPORT),NO INJURY / DRIVE AWAY,,,,"$501 - $1,500",3/5/2022 13:30,FAILING TO YIELD RIGHT-OF-WAY,NOT APPLICABLE,5799,N,CALIFORNIA AVE,2011,,,,,,,2,NO INDICATION OF INJURY,0,0,0,0,0,3,0,12,7,3,41.98669967,-87.69912847,POINT (-87.699128464571 41.986699671785)
850a9a2c10e7a376948f786887faee08ad2d9a2600f87be78cf6ec03897afba1d235a7ecc11c37a1fcfd16d271e3837cc93acf506625654fdc8f440bca3ded27,,,3/27/2022 0:47,30,NO CONTROLS,NO CONTROLS,CLEAR,"DARKNESS, LIGHTED ROAD",PARKED MOTOR VEHICLE,NOT DIVIDED,,STRAIGHT AND LEVEL,DRY,NO DEFECTS,,INJURY AND / OR TOW DUE TO CRASH,,,,"OVER $1,500",3/27/2022 0:48,"OPERATING VEHICLE IN ERRATIC, RECKLESS, CARELESS, NEGLIGENT OR AGGRESSIVE MANNER","OPERATING VEHICLE IN ERRATIC, RECKLESS, CARELESS, NEGLIGENT OR AGGRESSIVE MANNER",2139,W,83RD ST,614,,,,,,,2,NONINCAPACITATING INJURY,1,0,0,1,0,0,0,0,1,3,41.74278191,-87.67694838,POINT (-87.676948383579 41.742781913286)
05ec5a7312ed59f27df7e8e4b9ef40d282b0fb46e24339f6809f328c24a15a7ca4cae890ff34cc6e26aac8d94d6d49f97d2e97c6dedf9833e905ae6193429232,JC426146,,9/9/2019 13:52,30,STOP SIGN/FLASHER,NO CONTROLS,CLEAR,UNKNOWN,REAR END,NOT DIVIDED,,STRAIGHT AND LEVEL,UNKNOWN,UNKNOWN,,NO INJURY / DRIVE AWAY,,,,$500 OR LESS,9/9/2019 14:45,FOLLOWING TOO CLOSELY,UNABLE TO DETERMINE,1900,W,CERMAK RD,1234,,,,,,,2,NO INDICATION OF INJURY,0,0,0,0,0,2,0,13,2,9,41.85231917,-87.67351598,POINT (-87.673515979577 41.85231916935)
1dec764448c3db3dc9778de476c8b194916cd9bcf0dd98c59bf346708a2722fa7a7d82845d4e3ebeadbcb6c3f5b64f4eefbeed1ed85825da2ef8a907308bca12,JF149855,Y,2/19/2022 19:00,20,NO CONTROLS,NO CONTROLS,CLEAR,"DARKNESS, LIGHTED ROAD",PARKED MOTOR VEHICLE,ONE-WAY,,STRAIGHT AND LEVEL,SNOW OR SLUSH,NO DEFECTS,,INJURY AND / OR TOW DUE TO CRASH,,,Y,"OVER $1,500",2/19/2022 19:05,UNABLE TO DETERMINE,UNABLE TO DETERMINE,425,N,LONG AVE,1523,,,,,,,2,NO INDICATION OF INJURY,0,0,0,0,0,1,0,19,7,2,41.88849762,-87.76025716,POINT (-87.760257158377 41.888497618554)
85f472de9e4f98352e67071ba700629140867e0c2bb6b0dcec7b9566e49f1e907b9bdcd389e95b56a923adb9a0dc204e4bb6e913f248c3076c65fa9349b57a2f,JF171034,,3/12/2022 1:18,15,NO CONTROLS,NO CONTROLS,CLEAR,"DARKNESS, LIGHTED ROAD",FIXED OBJECT,ALLEY,,STRAIGHT AND LEVEL,DRY,NO DEFECTS,ON SCENE,INJURY AND / OR TOW DUE TO CRASH,,,Y,"OVER $1,500",3/12/2022 1:19,UNABLE TO DETERMINE,UNABLE TO DETERMINE,4700,W,VAN BUREN ST,1131,,,,,,,1,NO INDICATION OF INJURY,0,0,0,0,0,1,0,1,7,3,41.8751605,-87.74275767,POINT (-87.74275766881 41.875160497289)
0678b7d967a2c73b6ed73336ef2e977888faf51e6ef59a800300215c964ad936fe97c36b610a3bb618a430200435b6c0bb9251bffb98278970b1c636a007de78,JE165575,Y,3/11/2021 7:10,30,TRAFFIC SIGNAL,FUNCTIONING PROPERLY,CLEAR,DAYLIGHT,TURNING,FOUR WAY,,STRAIGHT ON GRADE,DRY,NO DEFECTS,,NO INJURY / DRIVE AWAY,Y,,,"$501 - $1,500",3/11/2021 7:14,UNABLE TO DETERMINE,UNABLE TO DETERMINE,3574,W,47TH ST,821,,,,,,,2,NO INDICATION OF INJURY,0,0,0,0,0,2,0,7,5,3,41.80809846,-87.71388921,POINT (-87.713889208468 41.808098458577)
067c3eebd5d5c63789511bb70290ce0bec7db12b275219be74626337c3c74b413c198f62886a00f5bb53ac83813fe251c5986f46e4240b73833e0a677e00e6da,JF131042,,2/1/2022 15:05,30,OTHER,OTHER,RAIN,DAYLIGHT,PARKED MOTOR VEHICLE,NOT DIVIDED,,STRAIGHT AND LEVEL,WET,NO DEFECTS,,INJURY AND / OR TOW DUE TO CRASH,,,Y,"OVER $1,500",2/1/2022 15:56,UNABLE TO DETERMINE,UNABLE TO DETERMINE,4020,W,OGDEN AVE,1013,,,,Y,UNKNOWN,Y,2,NO INDICATION OF INJURY,0,0,0,0,0,1,0,15,3,2,41.85092242,-87.72556979,POINT (-87.725569786848 41.850922422268)
0684b32cf02c4d03065e6f0362fd538a67fb2672db5f30eda69e022af1e9bdb83165ff84360c07fbf0acdb9f5d8478737b394d3e5c8d4844c8392aeda8126587,JE382803,,9/22/2021 5:45,30,UNKNOWN,UNKNOWN,RAIN,"DARKNESS, LIGHTED ROAD",ANGLE,FOUR WAY,,STRAIGHT AND LEVEL,WET,UNKNOWN,,INJURY AND / OR TOW DUE TO CRASH,Y,,,"OVER $1,500",9/22/2021 5:45,FAILING TO YIELD RIGHT-OF-WAY,UNABLE TO DETERMINE,5643,W,MONTROSE AVE,1624,,,,,,,3,NONINCAPACITATING INJURY,2,0,0,2,0,0,0,5,4,9,41.96035059,-87.76899942,POINT (-87.76899942382 41.960350588644)
85bd94a9b7159f768a4c3d3f78decdb2279cfd9fd5fdb8a5b09a00bce17d92a6b376f8b2248bf3eaad4692f58ef73756115e2744fe307a0c6a13c0fad8e10b10,JE113362,,1/14/2021 18:00,30,STOP SIGN/FLASHER,FUNCTIONING PROPERLY,RAIN,"DARKNESS, LIGHTED ROAD",REAR END,FOUR WAY,,STRAIGHT AND LEVEL,WET,NO DEFECTS,,NO INJURY / DRIVE AWAY,Y,,,"OVER $1,500",1/15/2021 11:15,UNABLE TO DETERMINE,NOT APPLICABLE,5400,S,DAMEN AVE,932,,,,,,,3,NO INDICATION OF INJURY,0,0,0,0,0,3,0,18,5,1,41.79567268,-87.67449746,POINT (-87.674497461248 41.795672678944)
21121b3101f1b5eac6e3d143035fea3645bd58b7742a9d3be7b51952f9627c4182613a64be77476c443fbff46888c88a77150af292e56ffdf0415f21c54b5337,JF164642,,3/5/2022 18:00,45,NO CONTROLS,NO CONTROLS,CLEAR,"DARKNESS, LIGHTED ROAD",REAR END,OTHER,,STRAIGHT AND LEVEL,DRY,NO DEFECTS,NOT ON SCENE (DESK REPORT),NO INJURY / DRIVE AWAY,,,Y,"OVER $1,500",3/5/2022 21:30,UNABLE TO DETERMINE,UNABLE TO DETERMINE,399,N,LAKE SHORE DR NB,1834,,,,,,,2,NO INDICATION OF INJURY,0,0,0,0,0,2,0,18,7,3,41.88901302,-87.61384281,POINT (-87.613842808623 41.889013019659)
214e596f8989ba0659c183a918202bd9a453e3a6a562b3d2c51e0a338181a6bf1efdec116ab6366948cf12eaf0b3e857dd0aded1c44183f5842431f4aee67148,JF164441,Y,3/5/2022 14:00,30,NO CONTROLS,NO CONTROLS,CLEAR,DAYLIGHT,PARKED MOTOR VEHICLE,DIVIDED - W/MEDIAN (NOT RAISED),,STRAIGHT AND LEVEL,DRY,NO DEFECTS,NOT ON SCENE (DESK REPORT),NO INJURY / DRIVE AWAY,,,Y,"OVER $1,500",3/5/2022 17:50,UNABLE TO DETERMINE,UNABLE TO DETERMINE,3936,N,CICERO AVE,1634,,,,,,,2,NO INDICATION OF INJURY,0,0,0,0,0,1,0,14,7,3,41.95270073,-87.747445,POINT (-87.747445003598 41.952700732135)