CRASH_RECORD_ID,RD_NO,CRASH_DATE_EST_I,CRASH_DATE,POSTED_SPEED_LIMIT,TRAFFIC_CONTROL_DEVICE,DEVICE_CONDITION,WEATHER_CONDITION,LIGHTING_CONDITION,FIRST_CRASH_TYPE,TRAFFICWAY_TYPE,LANE_CNT,ALIGNMENT,ROADWAY_SURFACE_COND,ROAD_DEFECT,REPORT_TYPE,CRASH_TYPE,INTERSECTION_RELATED_I,NOT_RIGHT_OF_WAY_I,HIT_AND_RUN_I,DAMAGE,DATE_POLICE_NOTIFIED,PRIM_CONTRIBUTORY_CAUSE,SEC_CONTRIBUTORY_CAUSE,STREET_NO,STREET_DIRECTION,STREET_NAME,BEAT_OF_OCCURRENCE,PHOTOS_TAKEN_I,STATEMENTS_TAKEN_I,DOORING_I,WORK_ZONE_I,WORK_ZONE_TYPE,WORKERS_PRESENT_I,NUM_UNITS,MOST_SEVERE_INJURY,INJURIES_TOTAL,INJURIES_FATAL,INJURIES_INCAPACITATING,INJURIES_NON_INCAPACITATING,INJURIES_REPORTED_NOT_EVIDENT,INJURIES_NO_INDICATION,INJURIES_UNKNOWN,CRASH_HOUR,CRASH_DAY_OF_WEEK,CRASH_MONTH,LATITUDE,LONGITUDE,LOCATION
06dad73446edccdc4ef2cab3e955f12a2aecff1a794666079bebb1c7d8cad1c1afa7d9b9d12786a552ee7634f414f97d654c16946c278ebdc55b2d864ef49c5d,JF179335,,3/19/2022 13:05,30,NO CONTROLS,NO CONTROLS,RAIN,DAYLIGHT,TURNING,OTHER,,STRAIGHT AND LEVEL,WET,NO DEFECTS,ON SCENE,INJURY AND / OR TOW DUE TO CRASH,,,Y,"OVER $1,500",3/19/2022 13:07,IMPROPER TURNING/NO SIGNAL,NOT APPLICABLE,10831,S,TORRENCE AVE,434,,,,,,,2,NONINCAPACITATING INJURY,1,0,0,1,0,1,0,13,7,3,41.69818559,-87.55939147,POINT (-87.559391467387 41.698185589466)
88e0998f1d95b1e36b8e904ae6a9db7dbd7720e283127b00a4fc76a920a6047c9e9569db3739243b8f4e3c7e69104467c150b6b49e97e2853d46240c5285840f,JF171931,,3/12/2022 19:35,10,NO CONTROLS,NO CONTROLS,CLEAR,"DARKNESS, LIGHTED ROAD",REAR TO FRONT,OTHER,,STRAIGHT AND LEVEL,DRY,NO DEFECTS,NOT ON SCENE (DESK REPORT),NO INJURY / DRIVE AWAY,,Y,Y,"OVER $1,500",3/12/2022 19:45,DRIVING SKILLS/KNOWLEDGE/EXPERIENCE,NOT APPLICABLE,8605,S,HALSTED ST,622,,,,,,,2,NO INDICATION OF INJURY,0,0,0,0,0,2,0,19,7,3,41.7378492,-87.64352086,POINT (-87.643520856539 41.73784919965)
89f443863bffc4e62cdb810f92a2a675a7168e99d17413b4cda0db5390b5c3aa81173036597c863d0b434ff039d25966ebd73e1ff1e5744eb26ed57104f748ed,JF171829,,3/12/2022 17:50,30,TRAFFIC SIGNAL,UNKNOWN,CLEAR,DAYLIGHT,PEDESTRIAN,DIVIDED - W/MEDIAN (NOT RAISED),,STRAIGHT AND LEVEL,DRY,UNKNOWN,ON SCENE,NO INJURY / DRIVE AWAY,Y,,Y,$500 OR LESS,3/12/2022 17:55,FAILING TO REDUCE SPEED TO AVOID CRASH,FAILING TO YIELD RIGHT-OF-WAY,4700,S,ASHLAND AVE,931,,,,,,,2,NO INDICATION OF INJURY,0,0,0,0,0,2,0,17,7,3,41.8085116,-87.66511729,POINT (-87.665117291733 41.808511597247)
099df0fb1acf8285aeae4e87fb978d5e495ddb7200877ecb39ce802c17acdb8e1316f57954a4be048ffab7b529daeb0507dd37a6599b2ad60b5c52d48c34f281,JD145578,,2/7/2020 20:49,30,NO CONTROLS,NO CONTROLS,CLEAR,"DARKNESS, LIGHTED ROAD",PARKED MOTOR VEHICLE,NOT DIVIDED,,STRAIGHT AND LEVEL,DRY,UNKNOWN,,NO INJURY / DRIVE AWAY,,,Y,"OVER $1,500",2/9/2020 11:50,UNABLE TO DETERMINE,UNABLE TO DETERMINE,2901,N,KOSTNER AVE,2523,,,,,,,2,NO INDICATION OF INJURY,0,0,0,0,0,1,0,20,6,2,41.93359149,-87.73671461,POINT (-87.73671461251 41.933591490041)
09c446d2a132c818a87f4b633e77622faa4655dbb043c51ee8d8d2c8430e35e7088d8e10620d79707c3ac935be904ecd4f78c9510779f28bb548c1a6af2840d5,JD408991,,10/23/2020 19:25,30,NO CONTROLS,NO CONTROLS,CLEAR,DUSK,REAR END,NOT DIVIDED,,STRAIGHT AND LEVEL,DRY,NO DEFECTS,,NO INJURY / DRIVE AWAY,,,Y,"$501 - $1,500",10/23/2020 19:30,NOT APPLICABLE,NOT APPLICABLE,5600,S,KEDZIE AVE,822,,,,,,,2,NO INDICATION OF INJURY,0,0,0,0,0,3,0,19,6,10,41.79160504,-87.70364888,POINT (-87.703648882176 41.791605035051)
09d6f4ac63265fb3764744f2d0cb021175bcf87a2990444de9e270ddd9a5001a9158384283dc2c31a4157e2e19418ce5fb7001b94fa7a73e68bd810d415e78a0,JE338539,,8/15/2021 18:34,30,TRAFFIC SIGNAL,NO CONTROLS,CLEAR,DAYLIGHT,ANGLE,FOUR WAY,,STRAIGHT AND LEVEL,DRY,NO DEFECTS,,INJURY AND / OR TOW DUE TO CRASH,,,,"OVER $1,500",8/15/2021 18:36,UNABLE TO DETERMINE,UNABLE TO DETERMINE,2,W,75TH ST,323,,,,,,,2,NO INDICATION OF INJURY,0,0,0,0,0,8,0,18,1,8,41.7582911,-87.62479001,POINT (-87.624790013679 41.758291097628)
898fc81495ec7ac407971388cca4e3f64115f8938c05c412e6980b0ba44bd6c3bbd75db773ae9cf432e72a6a7cec31c68eb505059c70c6632e9d8307cc946f42,JD177743,,3/7/2020 19:20,25,TRAFFIC SIGNAL,FUNCTIONING PROPERLY,CLEAR,"DARKNESS, LIGHTED ROAD",REAR END,NOT DIVIDED,,STRAIGHT AND LEVEL,DRY,NO DEFECTS,,NO INJURY / DRIVE AWAY,,,Y,"OVER $1,500",3/7/2020 19:50,FOLLOWING TOO CLOSELY,NOT APPLICABLE,800,E,57TH ST,235,,,,,,,2,NO INDICATION OF INJURY,0,0,0,0,0,3,0,19,7,3,41.79144162,-87.60612088,POINT (-87.606120878225 41.791441621456)
2122a4ea7602dee4022811452a7f074e951dbbf79bc03ff563a0891ba42d22adc2d3143c1c6f68f135725781b2fcb05c6aa264c21f16612f0a20332129e1be73,JF186317,,3/25/2022 14:00,30,TRAFFIC SIGNAL,FUNCTIONING PROPERLY,CLEAR,DAYLIGHT,TURNING,NOT DIVIDED,,STRAIGHT AND LEVEL,DRY,NO DEFECTS,NOT ON SCENE (DESK REPORT),NO INJURY / DRIVE AWAY,,,Y,"OVER $1,500",3/25/2022 15:00,UNABLE TO DETERMINE,HAD BEEN DRINKING (USE WHEN ARREST IS NOT MADE),1,N,HAMLIN BLVD,1122,,,,,,,2,NO INDICATION OF INJURY,0,0,0,0,0,3,0,14,6,3,41.88084857,-87.72060857,POINT (-87.720608574354 41.880848568006)
0a017ff3c2006753b049543531c56bda0f0fed17a1c59b67ccd8a0133e271b155de7cecb86f16848798e96e5ea5f90e3e99db0d92dfc08b542f72f6c88f44bae,JF179276,,3/19/2022 11:47,30,TRAFFIC SIGNAL,FUNCTIONING PROPERLY,RAIN,DAYLIGHT,ANGLE,FOUR WAY,,STRAIGHT AND LEVEL,WET,NO DEFECTS,ON SCENE,INJURY AND / OR TOW DUE TO CRASH,Y,,,"OVER $1,500",3/19/2022 11:49,DISREGARDING TRAFFIC SIGNALS,NOT APPLICABLE,5599,N,NAGLE AVE,1622,,,,,,,2,NO INDICATION OF INJURY,0,0,0,0,0,3,0,11,7,3,41.98288295,-87.78758816,POINT (-87.787588154962 41.982882946329)
8b27d6d11e66a263ebef1720dea4ce8f6d4bda80dea26f96b70c4954f076cb3a6efd2478d4d6ef7eaefbd60940385ad0a00a236ccce5c15534a84ee8ba0a91f1,JF171411,,3/12/2022 11:00,30,TRAFFIC SIGNAL,FUNCTIONING PROPERLY,CLEAR,DAYLIGHT,SIDESWIPE SAME DIRECTION,NOT DIVIDED,,STRAIGHT AND LEVEL,DRY,NO DEFECTS,NOT ON SCENE (DESK REPORT),NO INJURY / DRIVE AWAY,,,Y,"OVER $1,500",3/12/2022 12:20,IMPROPER OVERTAKING/PASSING,NOT APPLICABLE,4809,W,IRVING PARK RD,1634,,,,,,,2,NO INDICATION OF INJURY,0,0,0,0,0,2,0,11,7,3,41.95329664,-87.74771421,POINT (-87.747714211501 41.953296639208)
8b2f2c2a257a95d7bb6c90717bcc4056139ea28cd2a121ba920d7de2e7a82a332dbcb6eb328fcce8d0e71f6d7fda6a008afbd3b2d39e9f11a8e730666a47315b,JF178270,,3/12/2022 17:00,30,NO CONTROLS,NO CONTROLS,CLEAR,DAYLIGHT,PARKED MOTOR VEHICLE,ONE-WAY,,STRAIGHT AND LEVEL,DRY,NO DEFECTS,NOT ON SCENE (DESK REPORT),NO INJURY / DRIVE AWAY,,,Y,"OVER $1,500",3/18/2022 13:10,UNABLE TO DETERMINE,NOT APPLICABLE,3713,W,LEXINGTON ST,1133,,,,,,,2,NO INDICATION OF INJURY,0,0,0,0,0,1,0,17,7,3,41.87161942,-87.71861495,POINT (-87.718614945441 41.87161942381)
8b801d25942b4f91f95e0091339f17d940b50e487a61dfaf4ec896f4fc821a977c0e8460a02c85820ebdc66610f788abbf30e8e053e605a56c278e0b6f3ff75a,JF172011,,3/12/2022 20:30,20,NO CONTROLS,NO CONTROLS,CLEAR,"DARKNESS, LIGHTED ROAD",SIDESWIPE SAME DIRECTION,ONE-WAY,,STRAIGHT AND LEVEL,DRY,NO DEFECTS,NOT ON SCENE (DESK REPORT),NO INJURY / DRIVE AWAY,,,,$500 OR LESS,3/12/2022 20:30,FAILING TO YIELD RIGHT-OF-WAY,UNABLE TO DETERMINE,9450,W,FOSTER AVE,1654,,,,,,,2,NO INDICATION OF INJURY,0,0,0,0,0,5,0,20,7,3,41.97339671,-87.86319393,POINT (-87.863193927013 41.97339671186)
0a5504fe381a539f1b7bb3e4fb78773f4bcc8fc542a8d96c95a6e96e4688ef54a47a4f24e63d8b0c99584fa76479ff17441861b2d56bf6a06e5dac23f50f80d1,JF179769,,3/19/2022 19:47,20,NO CONTROLS,NO CONTROLS,RAIN,"DARKNESS, LIGHTED ROAD",PARKED MOTOR VEHICLE,NOT DIVIDED,,STRAIGHT AND LEVEL,WET,NO DEFECTS,ON SCENE,NO INJURY / DRIVE AWAY,,,Y,"$501 - $1,500",3/19/2022 20:45,DRIVING SKILLS/KNOWLEDGE/EXPERIENCE,UNABLE TO DETERMINE,440,N,DRAKE AVE,1123,,,,,,,2,NO INDICATION OF INJURY,0,0,0,0,0,1,0,19,7,3,41.88944778,-87.71506703,POINT (-87.715067029487 41.889447781091)
276f09b0847906c3bdc093aa86d2be4ab36345fcfb1259624fa9bd5785f27a90e1c9b7ea91c0f8bb9229ecb79ac488174a2bd4f4ae435d634aab7ada6666e66a,JF164295,,3/5/2022 15:00,30,NO CONTROLS,NO CONTROLS,CLEAR,DAYLIGHT,REAR END,DIVIDED - W/MEDIAN BARRIER,,STRAIGHT AND LEVEL,DRY,NO DEFECTS,ON SCENE,INJURY AND / OR TOW DUE TO CRASH,,,,"OVER $1,500",3/5/2022 15:37,FOLLOWING TOO CLOSELY,FOLLOWING TOO CLOSELY,170,E,CONGRESS DR,114,,,,,,,3,"REPORTED, NOT EVIDENT",1,0,0,0,1,2,0,15,7,3,41.87585922,-87.62240879,POINT (-87.622408785167 41.875859216548)
21810dc75cb79e2db63f5671e1465498a5dc0512cd2529c53661431f9501f7a6a673ca1aae1f63c6dd7b7cfbecd3c59dbbc014072a2f71de9278dbc33763fd51,JD188402,,3/17/2020 11:15,20,NO CONTROLS,NO CONTROLS,CLEAR,DAYLIGHT,REAR TO FRONT,ONE-WAY,,STRAIGHT AND LEVEL,DRY,NO DEFECTS,,NO INJURY / DRIVE AWAY,,,,"$501 - $1,500",3/17/2020 11:45,NOT APPLICABLE,NOT APPLICABLE,2222,E,70TH PL,331,,,,,,,2,NO INDICATION OF INJURY,0,0,0,0,0,2,0,11,3,3,41.76723149,-87.57050185,POINT (-87.570501852419 41.767231489578)
8d99906ff36a532d1d4aab2654bdbf55df0f2b36b29b6ad8a13cb018ca32ed6656a392cded2e17a0b639f6d039d515269972458411bf6729eec57d4d8854ad68,JF171734,,3/12/2022 16:28,30,NO CONTROLS,NO CONTROLS,CLEAR,DAYLIGHT,REAR END,ONE-WAY,,STRAIGHT AND LEVEL,DRY,NO DEFECTS,ON SCENE,INJURY AND / OR TOW DUE TO CRASH,,,,"OVER $1,500",3/12/2022 16:29,UNABLE TO DETERMINE,UNDER THE INFLUENCE OF ALCOHOL/DRUGS (USE WHEN ARREST IS EFFECTED),116,N,JEFFERSON ST,121,,,,,,,2,INCAPACITATING INJURY,1,0,1,0,0,1,0,16,7,3,41.8837372,-87.64286161,POINT (-87.642861607632 41.88373719654)
0e304d1039f052fa9ad4928c9476c1294061f48d1d8e5153c705b98d7dca3ca9cd88382835648a89084ba052541142a0a5dbdb5bcf4df0a4722051a188741799,JF179128,,3/19/2022 9:30,30,NO CONTROLS,NO CONTROLS,RAIN,DAYLIGHT,SIDESWIPE SAME DIRECTION,FOUR WAY,,STRAIGHT AND LEVEL,WET,NO DEFECTS,ON SCENE,NO INJURY / DRIVE AWAY,,,Y,"$501 - $1,500",3/19/2022 9:31,IMPROPER LANE USAGE,NOT APPLICABLE,6199,N,MILWAUKEE AVE,1611,,,,,,,2,NO INDICATION OF INJURY,0,0,0,0,0,2,0,9,7,3,41.99378202,-87.78430121,POINT (-87.78430121016 41.993782021995)
0dbf0d3c69ebdfb0864c19b8b736de10c86c9d4dd4471db5da6142fe3a19b5246c9afc4a2c2f75295996e95f5216fd7eef5750a5b47de37576dca02aac319ccb,JE259926,,6/9/2021 16:00,30,TRAFFIC SIGNAL,FUNCTIONING PROPERLY,CLEAR,DAYLIGHT,REAR END,NOT DIVIDED,,STRAIGHT AND LEVEL,DRY,NO DEFECTS,,NO INJURY / DRIVE AWAY,,,,"OVER $1,500",6/9/2021 16:30,FOLLOWING TOO CLOSELY,UNABLE TO DETERMINE,8700,S,STONY ISLAND AVE,412,,,,,,,2,NO INDICATION OF INJURY,0,0,0,0,0,2,0,16,4,6,41.73682263,-87.58578342,POINT (-87.585783420329 41.736822630157)
234564b6f6114939265ee1cdad41a48364c88883bb3a01422ca9b2bc0112b9a2d3d17bb6928ac2a4a5a38439b66eea17c5ad2622434539eafbf323617310ff1a,JC409453,,8/27/2019 14:43,30,STOP SIGN/FLASHER,FUNCTIONING PROPERLY,CLEAR,DAYLIGHT,TURNING,FOUR WAY,,STRAIGHT AND LEVEL,DRY,NO DEFECTS,,INJURY AND / OR TOW DUE TO CRASH,Y,,,"OVER $1,500",8/27/2019 14:43,FAILING TO YIELD RIGHT-OF-WAY,IMPROPER TURNING/NO SIGNAL,2300,W,ARMITAGE AVE,1432,,,,,,,3,NONINCAPACITATING INJURY,1,0,0,1,0,3,0,14,3,8,41.91772263,-87.68506044,POINT (-87.685060437685 41.917722630349)
0f5a2569788f84a1e8826fe6c98d7eafe52cfecf79594d18197d597333b922dafb34391c07dbd69cf99942554f50226b9fc1942bcc95d0f1ff3eebf154c7bfa9,JF179999,,3/19/2022 21:30,30,UNKNOWN,UNKNOWN,CLEAR,DARKNESS,SIDESWIPE SAME DIRECTION,DIVIDED - W/MEDIAN BARRIER,,STRAIGHT AND LEVEL,UNKNOWN,UNKNOWN,,INJURY AND / OR TOW DUE TO CRASH,,,,"OVER $1,500",3/19/2022 21:30,FAILING TO REDUCE SPEED TO AVOID CRASH,UNABLE TO DETERMINE,200,W,63RD ST,311,,,,,,,2,"REPORTED, NOT EVIDENT",1,0,0,0,1,1,0,21,7,3,41.7800965,-87.6301722,POINT (-87.630172198939 41.780096500488)
29c15a42d60646eb40907890771238109ad915ec2dbd851f87a82bca32cb2e86a86056189291aff074a49b57d726cbdeb85ae47124c650cd76789977f316fc49,JF164421,,3/5/2022 15:51,30,NO CONTROLS,NO CONTROLS,CLEAR,DAYLIGHT,SIDESWIPE SAME DIRECTION,NOT DIVIDED,,STRAIGHT AND LEVEL,DRY,NO DEFECTS,NOT ON SCENE (DESK REPORT),NO INJURY / DRIVE AWAY,,,Y,"$501 - $1,500",3/5/2022 17:20,IMPROPER OVERTAKING/PASSING,FAILING TO REDUCE SPEED TO AVOID CRASH,4759,N,CICERO AVE,1722,,,,,,,2,NO INDICATION OF INJURY,0,0,0,0,0,6,0,15,7,3,41.96793836,-87.74757498,POINT (-87.747574975271 41.967938354619)
1029e8f4079ff8b2b958fa50de5c42ad60af6f18591c32c84da0c07a89854c8c51015a1089234dc0ce2cc882af6068d431c6a96d41aee9c781d535748637ac7a,JF179454,,3/19/2022 14:38,30,NO CONTROLS,NO CONTROLS,RAIN,DAYLIGHT,TURNING,DIVIDED - W/MEDIAN (NOT RAISED),,STRAIGHT AND LEVEL,WET,NO DEFECTS,ON SCENE,INJURY AND / OR TOW DUE TO CRASH,,,,"$501 - $1,500",3/19/2022 14:51,FAILING TO YIELD RIGHT-OF-WAY,UNABLE TO DETERMINE,5638,S,CENTRAL AVE,811,,,,,,,2,NO INDICATION OF INJURY,0,0,0,0,0,2,0,14,7,3,41.78972265,-87.76234048,POINT (-87.762340476791 41.789722647617)
8f2a69f4546db56b7eab3c90f83af5a38457a231fd50af30d5dc0b6dfb7aaf901a1f0efeeda7bd1d2cbcb11567df52257b417d5b478cade50c2423e0df689aef,JF172103,,3/12/2022 22:41,30,NO CONTROLS,NO CONTROLS,CLEAR,"DARKNESS, LIGHTED ROAD",PARKED MOTOR VEHICLE,NOT DIVIDED,,STRAIGHT AND LEVEL,DRY,UNKNOWN,ON SCENE,NO INJURY / DRIVE AWAY,,,Y,"OVER $1,500",3/12/2022 22:42,IMPROPER LANE USAGE,NOT APPLICABLE,8023,S,ST LOUIS AVE,834,,,,,,,2,NO INDICATION OF INJURY,0,0,0,0,0,1,0,22,7,3,41.74717271,-87.70949019,POINT (-87.709490193347 41.747172705604)
2523f3578c56d636bd285009f0d6e509c9bd92553166d0a62ea1b76b6b5001db7da2bc8b4bc2a5d95f784eacaf8ed429289039e83e7fe4a20d09f8cdbb5ee8c0,JF186788,,3/25/2022 23:27,30,NO CONTROLS,NO CONTROLS,CLEAR,"DARKNESS, LIGHTED ROAD",PARKED MOTOR VEHICLE,ONE-WAY,,STRAIGHT AND LEVEL,DRY,NO DEFECTS,ON SCENE,INJURY AND / OR TOW DUE TO CRASH,,,Y,"OVER $1,500",3/25/2022 23:48,UNABLE TO DETERMINE,NOT APPLICABLE,4329,S,FRANCISCO AVE,922,,,,,,,4,NO INDICATION OF INJURY,0,0,0,0,0,1,0,23,6,3,41.81462965,-87.69670779,POINT (-87.696707788969 41.814629651777)
8ffad99baae1f0f33621481e8c72d18b5cf090c08aa104b41ac27737af69c405089bd2c5321cf6a1277f6243cd0bb9fdea4a7c696dcb59a87083c7d0bce27bc2,JF171487,,3/12/2022 12:30,30,TRAFFIC SIGNAL,FUNCTIONING PROPERLY,CLEAR,DAYLIGHT,TURNING,NOT DIVIDED,,STRAIGHT AND LEVEL,DRY,NO DEFECTS,NOT ON SCENE (DESK REPORT),NO INJURY / DRIVE AWAY,,,,"$501 - $1,500",3/12/2022 13:15,IMPROPER OVERTAKING/PASSING,UNABLE TO DETERMINE,230,W,GARFIELD BLVD,935,,,,,,,2,NO INDICATION OF INJURY,0,0,0,0,0,2,0,12,7,3,41.79464267,-87.63177187,POINT (-87.631771869692 41.794642668627)
10ad6c8efdb3fcb9694dd65a37b7cff4c347c6389c5cab72e75897e9dd9c6a77eb03470e4c62e62d6a719f541fae80201627e66bb9e435c351dd275677a62efc,JF179858,,3/19/2022 23:00,35,NO CONTROLS,NO CONTROLS,CLEAR,"DARKNESS, LIGHTED ROAD",PARKED MOTOR VEHICLE,DIVIDED - W/MEDIAN (NOT RAISED),,STRAIGHT AND LEVEL,DRY,NO DEFECTS,ON SCENE,NO INJURY / DRIVE AWAY,,,,$500 OR LESS,3/19/2022 23:19,UNABLE TO DETERMINE,NOT APPLICABLE,5431,N,WESTERN AVE,2012,,,,,,,2,NO INDICATION OF INJURY,0,0,0,0,0,1,0,23,7,3,41.98045378,-87.68918114,POINT (-87.689181141622 41.980453778805)
90576e9c6ed962babbc6be0dabc33d36a59a239608e4fb24dcdb85d4db7a93483a9c345d0a46684cd9905b591ca95fa520effdaa36e57e08c26bfc2a45cf3a02,JF171868,,3/12/2022 15:15,30,TRAFFIC SIGNAL,FUNCTIONING PROPERLY,CLEAR,DAYLIGHT,SIDESWIPE SAME DIRECTION,NOT DIVIDED,,STRAIGHT AND LEVEL,DRY,NO DEFECTS,NOT ON SCENE (DESK REPORT),NO INJURY / DRIVE AWAY,,,Y,"OVER $1,500",3/12/2022 18:37,UNABLE TO DETERMINE,NOT APPLICABLE,8700,S,VINCENNES AVE,2222,,,,,,,2,NO INDICATION OF INJURY,0,0,0,0,0,2,0,15,7,3,41.73600657,-87.64534182,POINT (-87.64534181898 41.736006564585)
2d32a28dbb3d75db43f6dc290e75dbc0b19dc09e1054d922eb5501a2703afa5b2237ddc7e6e7de293d89f8c8942f0dfe41f5164fa368c9efbf5a429e6185bdff,JF163817,,3/5/2022 3:40,30,NO CONTROLS,NO CONTROLS,CLEAR,"DARKNESS, LIGHTED ROAD",PARKED MOTOR VEHICLE,NOT DIVIDED,,STRAIGHT AND LEVEL,DRY,NO DEFECTS,ON SCENE,INJURY AND / OR TOW DUE TO CRASH,,,Y,"OVER $1,500",3/5/2022 3:43,UNABLE TO DETERMINE,NOT APPLICABLE,955,N,KEDZIE AVE,1211,,,,,,,3,NO INDICATION OF INJURY,0,0,0,0,0,1,0,3,7,3,41.8990877,-87.70652369,POINT (-87.706523693204 41.899087702028)
10c76baa8907a1b9c9a4506741507d6d2f5cc493ccb05bbfe26f6942ff149088fd4d80cd6ebdcbec030fd8100e6c9020d468e911631f25c51f513b5189627835,JF179416,,3/19/2022 14:20,30,NO CONTROLS,NO CONTROLS,RAIN,DAYLIGHT,SIDESWIPE SAME DIRECTION,ONE-WAY,,STRAIGHT AND LEVEL,WET,NO DEFECTS,NOT ON SCENE (DESK REPORT),NO INJURY / DRIVE AWAY,,,,"OVER $1,500",3/19/2022 14:45,FAILING TO YIELD RIGHT-OF-WAY,NOT APPLICABLE,525,W,HAWTHORNE PL,1925,,,,,,,2,NO INDICATION OF INJURY,0,0,0,0,0,2,0,14,7,3,41.944531,-87.64233707,POINT (-87.642337070097 41.94453099904)
260c03aa3b7843daf247eda48c1e69d0c93659a959a75bf5e4bdcc503cc385414dddbdc0d964108ae1edc4c02a332980c028c1f137d3248002310b0a62fac460,JD423525,,11/7/2020 0:26,25,NO CONTROLS,UNKNOWN,CLEAR,"DARKNESS, LIGHTED ROAD",PARKED MOTOR VEHICLE,ONE-WAY,,STRAIGHT AND LEVEL,DRY,UNKNOWN,,NO INJURY / DRIVE AWAY,,,,"OVER $1,500",11/7/2020 0:27,UNABLE TO DETERMINE,NOT APPLICABLE,3151,N,LAWNDALE AVE,2523,,,,,,,6,NO INDICATION OF INJURY,0,0,0,0,0,1,0,0,7,11,41.93887126,-87.71953258,POINT (-87.719532577876 41.938871258854)
261c9dca7163603c654811123e6634991c907b82c1f8ee8f3df51abcabe77f78196d5747ed92a87356050fa3e456e57afa5d813ec40a1fbd0262f8aacf056ca9,JE262256,,6/11/2021 14:20,30,TRAFFIC SIGNAL,FUNCTIONING PROPERLY,CLEAR,DAYLIGHT,REAR END,FOUR WAY,,STRAIGHT AND LEVEL,DRY,NO DEFECTS,,NO INJURY / DRIVE AWAY,,,Y,"OVER $1,500",6/11/2021 14:25,FOLLOWING TOO CLOSELY,NOT APPLICABLE,3850,W,103RD ST,2211,,,,,,,3,NO INDICATION OF INJURY,0,0,0,0,0,4,0,14,6,6,41.70605313,-87.71812096,POINT (-87.718120963444 41.706053131235)
11364d4b8f9b5eea3d29d59c1195aa4c41ab583c7138b1044b8543fd3d3c063b347cf2f98a01cbeb20f3103db179c6e207d5d8ef3bafc90495fb8660e9d025a1,JF179008,,3/19/2022 4:17,30,TRAFFIC SIGNAL,FUNCTIONING PROPERLY,RAIN,"DARKNESS, LIGHTED ROAD",TURNING,NOT DIVIDED,,STRAIGHT AND LEVEL,WET,NO DEFECTS,ON SCENE,INJURY AND / OR TOW DUE TO CRASH,Y,,,"OVER $1,500",3/19/2022 4:17,DISREGARDING TRAFFIC SIGNALS,FAILING TO REDUCE SPEED TO AVOID CRASH,3100,S,WESTERN AVE,911,,,,,,,2,NONINCAPACITATING INJURY,3,0,0,3,0,0,0,4,7,3,41.8377949,-87.68514875,POINT (-87.685148751027 41.837794899723)
91fdf34ced2d0b0615addaa95e75d125add14362376070bf47c44993de9d5862ba84e450b337005538596cc64038d05b4c6bac41df25b4b64de7b96394d68547,JF171616,,3/12/2022 15:07,30,NO CONTROLS,NO CONTROLS,CLEAR,DAYLIGHT,PARKED MOTOR VEHICLE,NOT DIVIDED,,STRAIGHT AND LEVEL,UNKNOWN,UNKNOWN,ON SCENE,INJURY AND / OR TOW DUE TO CRASH,,,,"OVER $1,500",3/12/2022 15:07,FAILING TO REDUCE SPEED TO AVOID CRASH,NOT APPLICABLE,6819,S,RACINE AVE,724,,,,,,,5,NONINCAPACITATING INJURY,2,0,0,1,1,1,0,15,7,3,41.76991666,-87.65409813,POINT (-87.65409813336 41.769916661276)
11affdb74f4c6df4fe25e7ecb54e2434bc68c56960d00bedf03795f68add9bb917fdd9105dc13e5ae4db7a9c51d8df34882f3a2714a0a7e17601fa601557414e,JE304384,,7/17/2021 10:30,30,NO CONTROLS,NO CONTROLS,CLEAR,DAYLIGHT,PEDALCYCLIST,NOT DIVIDED,,STRAIGHT AND LEVEL,DRY,NO DEFECTS,,INJURY AND / OR TOW DUE TO CRASH,,,,"$501 - $1,500",7/17/2021 10:40,NOT APPLICABLE,NOT APPLICABLE,2740,W,ROOSEVELT RD,1135,,,,,,,2,FATAL,1,1,0,0,0,1,0,10,7,7,41.86662933,-87.69509809,POINT (-87.695098090954 41.866629331397)
2739126af29d830d9ef23dd791ae2433d7e3230cde842df859bf0c65e297304480a838b39172f1eacaf14ec6489bd9e79073c306387d9fe85d5a7f60ce675b78,JE153404,,2/26/2021 16:09,15,NO CONTROLS,NO CONTROLS,CLEAR,"DARKNESS, LIGHTED ROAD",FIXED OBJECT,NOT DIVIDED,,STRAIGHT AND LEVEL,DRY,NO DEFECTS,,NO INJURY / DRIVE AWAY,,Y,N,"OVER $1,500",2/26/2021 19:32,UNABLE TO DETERMINE,UNABLE TO DETERMINE,6837,S,KOMENSKY AVE,833,,,,,,,1,NO INDICATION OF INJURY,0,0,0,0,0,1,0,16,6,2,41.76843313,-87.72357227,POINT (-87.723572268771 41.768433126365)
92ef33afb63139396ec2a73d748d9c3b2cc2154797e91deaa463d5d00ffc3ca3629bd210b55d23e0439cc6126d2a9d0355399be6e02c2d989b6d4a7b1824eb0f,,,3/27/2022 2:40,35,NO CONTROLS,NO CONTROLS,CLEAR,"DARKNESS, LIGHTED ROAD",FIXED OBJECT,DIVIDED - W/MEDIAN (NOT RAISED),,STRAIGHT AND LEVEL,DRY,UNKNOWN,,INJURY AND / OR TOW DUE TO CRASH,,,N,"OVER $1,500",3/27/2022 2:44,DRIVING SKILLS/KNOWLEDGE/EXPERIENCE,UNABLE TO DETERMINE,3431,W,WASHINGTON BLVD,1123,,,,,,,1,NO INDICATION OF INJURY,0,0,0,0,0,1,0,2,1,3,41.88171433,-87.7124051,POINT (-87.712405101616 41.881714333885)