CRASH_RECORD_ID,RD_NO,CRASH_DATE_EST_I,CRASH_DATE,POSTED_SPEED_LIMIT,TRAFFIC_CONTROL_DEVICE,DEVICE_CONDITION,WEATHER_CONDITION,LIGHTING_CONDITION,FIRST_CRASH_TYPE,TRAFFICWAY_TYPE,LANE_CNT,ALIGNMENT,ROADWAY_SURFACE_COND,ROAD_DEFECT,REPORT_TYPE,CRASH_TYPE,INTERSECTION_RELATED_I,NOT_RIGHT_OF_WAY_I,HIT_AND_RUN_I,DAMAGE,DATE_POLICE_NOTIFIED,PRIM_CONTRIBUTORY_CAUSE,SEC_CONTRIBUTORY_CAUSE,STREET_NO,STREET_DIRECTION,STREET_NAME,BEAT_OF_OCCURRENCE,PHOTOS_TAKEN_I,STATEMENTS_TAKEN_I,DOORING_I,WORK_ZONE_I,WORK_ZONE_TYPE,WORKERS_PRESENT_I,NUM_UNITS,MOST_SEVERE_INJURY,INJURIES_TOTAL,INJURIES_FATAL,INJURIES_INCAPACITATING,INJURIES_NON_INCAPACITATING,INJURIES_REPORTED_NOT_EVIDENT,INJURIES_NO_INDICATION,INJURIES_UNKNOWN,CRASH_HOUR,CRASH_DAY_OF_WEEK,CRASH_MONTH,LATITUDE,LONGITUDE,LOCATION
1278cde8a44789f3bbc3b0d5cdf39355532182b6abb7e131f75107fefa6263c4840611632ac0a400517af5bfa0a7fe841a7f8893a11984d8e14f17972b471d11,JF123604,,1/25/2022 12:30,25,TRAFFIC SIGNAL,FUNCTIONING PROPERLY,CLEAR,DAYLIGHT,REAR END,DIVIDED - W/MEDIAN (NOT RAISED),,STRAIGHT AND LEVEL,WET,NO DEFECTS,,NO INJURY / DRIVE AWAY,,,,"OVER $1,500",1/25/2022 12:30,FAILING TO REDUCE SPEED TO AVOID CRASH,NOT APPLICABLE,2255,E,103RD ST,434,,,,,,,3,NO INDICATION OF INJURY,0,0,0,0,0,3,0,12,3,1,41.70793329,-87.56834912,POINT (-87.568349122821 41.707933290572)
12847478079c89819abe73c1d6c88540df183bc1193a0ab4c60f5cb9dde114b46aa0d577483d29b2d668e10c2b4d64b7cbe9c9295df5bf6b0e281a799224c9c1,JD199583,,4/1/2020 12:02,35,TRAFFIC SIGNAL,FUNCTIONING PROPERLY,CLEAR,DAYLIGHT,ANGLE,DIVIDED - W/MEDIAN (NOT RAISED),,STRAIGHT AND LEVEL,DRY,NO DEFECTS,,INJURY AND / OR TOW DUE TO CRASH,Y,,Y,"OVER $1,500",4/1/2020 12:06,UNABLE TO DETERMINE,UNABLE TO DETERMINE,3601,W,FULLERTON AVE,2525,,,,,,,2,NO INDICATION OF INJURY,0,0,0,0,0,5,0,12,4,4,41.92449291,-87.71705265,POINT (-87.717052645641 41.924492909822)
95e0862e2962092687abd65751bf75e0e60003900ee1e92658afcf7384d1aa3d0edc7009f42d4990c6e27df4c748a9dbfec9424d84f2775af0b0efcdad5eb9b8,JF172107,,3/12/2022 22:25,30,NO CONTROLS,NO CONTROLS,CLEAR,"DARKNESS, LIGHTED ROAD",SIDESWIPE OPPOSITE DIRECTION,NOT DIVIDED,,STRAIGHT AND LEVEL,DRY,NO DEFECTS,NOT ON SCENE (DESK REPORT),INJURY AND / OR TOW DUE TO CRASH,,,,"OVER $1,500",3/13/2022 0:45,UNABLE TO DETERMINE,UNABLE TO DETERMINE,20,W,KINZIE ST,1831,,,,,,,2,NO INDICATION OF INJURY,0,0,0,0,0,2,0,22,7,3,41.88935203,-87.62884885,POINT (-87.628848850273 41.889352033014)
95ee7130f02397e824140f215c7fbace6409bb2757ba8a4821f3b195c49c5ac55ac8f9997f2d615e20f7d61a01baccfb3947b8a7061857aadf014e9b08ae2195,JF172019,,3/12/2022 21:54,30,TRAFFIC SIGNAL,FUNCTIONING PROPERLY,UNKNOWN,"DARKNESS, LIGHTED ROAD",TURNING,NOT DIVIDED,,STRAIGHT AND LEVEL,UNKNOWN,UNKNOWN,ON SCENE,INJURY AND / OR TOW DUE TO CRASH,,,,$500 OR LESS,3/12/2022 21:54,IMPROPER TURNING/NO SIGNAL,FAILING TO REDUCE SPEED TO AVOID CRASH,177,N,STATE ST,111,,,,,,,2,NONINCAPACITATING INJURY,1,0,0,1,0,2,0,21,7,3,41.88527796,-87.62778288,POINT (-87.627782875171 41.88527795661)
962848b37088d1e05c2d23446a7ec6dfa75b1766ba94de182669a6ce7776d16c67d7283de0d1becd94857aa433896c7a178765d256ceb4ac25dc896bb887c86a,JF171153,,3/12/2022 6:30,20,NO CONTROLS,NO CONTROLS,CLEAR,DAYLIGHT,REAR END,ONE-WAY,,STRAIGHT AND LEVEL,DRY,NO DEFECTS,ON SCENE,NO INJURY / DRIVE AWAY,,,,"OVER $1,500",3/12/2022 6:35,FOLLOWING TOO CLOSELY,DRIVING SKILLS/KNOWLEDGE/EXPERIENCE,2,W,TERMINAL ST,1652,,,,,,,2,NO INDICATION OF INJURY,0,0,0,0,0,2,0,6,7,3,,,
977fa339bb047fcb46d321984f1916171a45271816a022a2d455102270b3dc8cdee2d4566bfc49f1ccb94c3c560fc1f99530761d5bd48ae3722dcdd15c14a26a,,,3/27/2022 2:16,30,TRAFFIC SIGNAL,FUNCTIONING PROPERLY,CLEAR,"DARKNESS, LIGHTED ROAD",SIDESWIPE SAME DIRECTION,NOT DIVIDED,,STRAIGHT AND LEVEL,DRY,NO DEFECTS,ON SCENE,INJURY AND / OR TOW DUE TO CRASH,,,,"OVER $1,500",3/27/2022 2:19,UNABLE TO DETERMINE,NOT APPLICABLE,5699,N,SHERIDAN RD,2022,,,,,,,3,"REPORTED, NOT EVIDENT",1,0,0,0,1,4,0,2,1,3,41.98546058,-87.65509723,POINT (-87.655097227911 41.985460581867)
97ce0f9b7fb230fd4fcc9eca0e67d005ee45a3195111741978985b189cb9bcf0dc32e0e5da103bcd4b1ce31951dd712b890c0c21f9322ab179eaa20739591ba6,JF171819,,3/12/2022 17:00,30,TRAFFIC SIGNAL,FUNCTIONING PROPERLY,CLEAR,DAYLIGHT,REAR END,NOT DIVIDED,,STRAIGHT AND LEVEL,DRY,UNKNOWN,NOT ON SCENE (DESK REPORT),NO INJURY / DRIVE AWAY,,,Y,"$501 - $1,500",3/12/2022 18:00,FOLLOWING TOO CLOSELY,UNABLE TO DETERMINE,13770,S,BRAINARD AVE,433,,,,,,,3,NO INDICATION OF INJURY,0,0,0,0,0,4,0,17,7,3,41.64494653,-87.54158122,POINT (-87.541581222178 41.64494653197)
982188b0b3fd0daa813c1eb4eca3098ebbc8aa3660197264d6e477571abf4ff0503f60d3233e483b4e06e8677015e39ea985948a175a00000c9232b2d1d3917c,JF171105,,3/12/2022 3:30,30,NO CONTROLS,NO CONTROLS,CLEAR,"DARKNESS, LIGHTED ROAD",PARKED MOTOR VEHICLE,NOT DIVIDED,,STRAIGHT AND LEVEL,DRY,NO DEFECTS,ON SCENE,INJURY AND / OR TOW DUE TO CRASH,,,,"OVER $1,500",3/12/2022 3:31,DISTRACTION - FROM OUTSIDE VEHICLE,NOT APPLICABLE,5220,S,CALIFORNIA AVE,923,,,,,,,5,NO INDICATION OF INJURY,0,0,0,0,0,1,0,3,7,3,41.79850384,-87.69407831,POINT (-87.694078312763 41.798503840105)
988b07847d3ed519c2c4e9cf59a29cb76763907b115864614f1029c2ab3c8d4801d1a7403dd8c83f5cc6e0d5f650b30fd45afd2dd3aec890a684ce6788c537e5,JF171942,,3/12/2022 19:39,35,NO CONTROLS,NO CONTROLS,CLEAR,"DARKNESS, LIGHTED ROAD",PARKED MOTOR VEHICLE,NOT DIVIDED,,STRAIGHT AND LEVEL,DRY,NO DEFECTS,,INJURY AND / OR TOW DUE TO CRASH,,,,"OVER $1,500",3/12/2022 19:39,UNDER THE INFLUENCE OF ALCOHOL/DRUGS (USE WHEN ARREST IS EFFECTED),UNDER THE INFLUENCE OF ALCOHOL/DRUGS (USE WHEN ARREST IS EFFECTED),6823,N,NORTHWEST HWY,1611,,,,,,,5,NO INDICATION OF INJURY,0,0,0,0,0,1,0,19,7,3,42.0049972,-87.81943246,POINT (-87.819432459035 42.004997198809)
17e3c53564b1567507519e769785133a7162c4dcbc14806b78fb6f9ea60c85f0f77b09ebdca9e5f9bbd438a69cb8cbba28aa731dca5960b668969ca4c5a08de7,JC529085,N,11/30/2019 1:30,35,NO CONTROLS,NO CONTROLS,RAIN,"DARKNESS, LIGHTED ROAD",PARKED MOTOR VEHICLE,NOT DIVIDED,,STRAIGHT AND LEVEL,WET,NO DEFECTS,,INJURY AND / OR TOW DUE TO CRASH,,,Y,"OVER $1,500",11/30/2019 2:06,UNABLE TO DETERMINE,WEATHER,6737,S,RHODES AVE,321,,,,,,,2,,,,,,,,,1,7,11,41.77196668,-87.61164247,POINT (-87.611642464647 41.771966679783)
29f5b78dc260ae5afc9e080cb3bec926f22dcbcac2ebc71b1e68ba279d270c17963688437cef37284684e6d6db111579c5b10380f452486575490474c7b2720f,JE118592,,1/18/2021 0:00,35,TRAFFIC SIGNAL,FUNCTIONING PROPERLY,UNKNOWN,"DARKNESS, LIGHTED ROAD",SIDESWIPE SAME DIRECTION,ONE-WAY,,STRAIGHT AND LEVEL,UNKNOWN,NO DEFECTS,,NO INJURY / DRIVE AWAY,,,Y,"OVER $1,500",1/20/2021 23:24,FAILING TO REDUCE SPEED TO AVOID CRASH,IMPROPER LANE USAGE,6259,S,MICHIGAN AVE,311,,,,,,,2,NO INDICATION OF INJURY,0,0,0,0,0,2,0,0,2,1,41.78024023,-87.62183369,POINT (-87.621833684592 41.780240231352)
99463f536808bdd7dba0817eeb5e0947d6e92d8bdcbb89966db0e6427a17fd7a52b939b253b4be39706372945c7636ce43562ede6abdba0c80427d905beecb37,,,3/27/2022 1:46,30,NO CONTROLS,NO CONTROLS,CLEAR,"DARKNESS, LIGHTED ROAD",TURNING,DIVIDED - W/MEDIAN (NOT RAISED),,STRAIGHT AND LEVEL,DRY,NO DEFECTS,ON SCENE,NO INJURY / DRIVE AWAY,,,,"OVER $1,500",3/27/2022 1:46,IMPROPER TURNING/NO SIGNAL,NOT APPLICABLE,1249,E,87TH ST,412,,,,,,,2,NO INDICATION OF INJURY,0,0,0,0,0,5,0,1,1,3,41.73670526,-87.5930218,POINT (-87.593021800194 41.736705257054)
9985b6703b66dae0205729bc34ecec632bd78bf9f29b6b7d1f623abdaf384687a3eb6388380e96a3edae96b08b248b12e92c77745b55aaf71b06a2d44ca822c2,JF171778,,3/12/2022 16:45,30,NO CONTROLS,NO CONTROLS,CLEAR,DAYLIGHT,SIDESWIPE SAME DIRECTION,ONE-WAY,,STRAIGHT AND LEVEL,DRY,UNKNOWN,ON SCENE,NO INJURY / DRIVE AWAY,,,,"OVER $1,500",3/12/2022 17:04,FOLLOWING TOO CLOSELY,IMPROPER OVERTAKING/PASSING,598,N,CLARK ST,1831,,,,,,,2,NO INDICATION OF INJURY,0,0,0,0,0,2,0,16,7,3,41.89240419,-87.63129242,POINT (-87.631292418514 41.892404189108)
2cf519f124b6635227ec5fd66b8ac3eea32889ce8cb9cc721e06fea4f5e81598bfa67718d997388f9c21c6c22cf729bd648d623626d4606ded9718a78638e7bc,JF191210,,3/25/2022 13:15,30,NO CONTROLS,NO CONTROLS,CLEAR,DAYLIGHT,PARKED MOTOR VEHICLE,ONE-WAY,,STRAIGHT AND LEVEL,DRY,NO DEFECTS,NOT ON SCENE (DESK REPORT),NO INJURY / DRIVE AWAY,,,Y,"OVER $1,500",3/30/2022 10:15,IMPROPER OVERTAKING/PASSING,UNABLE TO DETERMINE,3318,W,OGDEN AVE,1021,,,,,,,2,NO INDICATION OF INJURY,0,0,0,0,0,1,0,13,6,3,41.85694359,-87.70866339,POINT (-87.708663386169 41.856943592982)
2f045a1f487f664ca83289da0ce070cf8a20a161d1a3e40bcc74cfc3d253b65d2518b840d0dcc91b37e32c1d1f61c54de0e7f9ce01198d1a969d899dc0e8ee12,JF186141,,3/25/2022 8:45,30,TRAFFIC SIGNAL,FUNCTIONING PROPERLY,CLEAR,DAYLIGHT,REAR END,FOUR WAY,,STRAIGHT AND LEVEL,DRY,NO DEFECTS,NOT ON SCENE (DESK REPORT),NO INJURY / DRIVE AWAY,,,Y,"OVER $1,500",3/25/2022 12:40,FOLLOWING TOO CLOSELY,UNABLE TO DETERMINE,1199,S,CENTRAL AVE,1522,,,,,,,2,NO INDICATION OF INJURY,0,0,0,0,0,2,0,8,6,3,41.86563905,-87.76416458,POINT (-87.764164581141 41.865639054076)
9b6d1680ee0f274fa7b2ddbfe4a97a8f0cfeb6e619baa4a843098a5bbc884d2f88a0fd477fa8447cd9fdbd6f449baeae327954fac2622307de4bde19e04bfe3b,JF171099,,3/12/2022 2:59,30,NO CONTROLS,NO CONTROLS,CLEAR,"DARKNESS, LIGHTED ROAD",PARKED MOTOR VEHICLE,ONE-WAY,,STRAIGHT AND LEVEL,DRY,NO DEFECTS,ON SCENE,INJURY AND / OR TOW DUE TO CRASH,,,Y,"OVER $1,500",3/12/2022 3:24,UNABLE TO DETERMINE,UNABLE TO DETERMINE,7127,S,PEORIA ST,733,,,,,,,2,NO INDICATION OF INJURY,0,0,0,0,0,1,0,2,7,3,41.76434238,-87.64666887,POINT (-87.646668865414 41.764342374536)
2d4fee3054bd57e5738af243d49fbb7e127fa027d2659b1579ff564093dcffdaf3fe32acf7cf88ccc72a215bb4ce680c66efc0333a48c467d602ea34c787fdef,JE198364,,4/13/2021 15:00,30,TRAFFIC SIGNAL,UNKNOWN,CLEAR,DAYLIGHT,REAR END,NOT DIVIDED,,STRAIGHT AND LEVEL,UNKNOWN,UNKNOWN,,NO INJURY / DRIVE AWAY,,,Y,"OVER $1,500",4/13/2021 15:30,UNABLE TO DETERMINE,NOT APPLICABLE,9500,S,STATE ST,511,,,,,,,2,NO INDICATION OF INJURY,0,0,0,0,0,2,0,15,3,4,41.72157071,-87.62387335,POINT (-87.623873353867 41.721570706446)
9b86317b7aa84c0219d1c63c9edc0fa458b419c70cead88686a98abcd430be2f5edf3d4d3c80f3647ade175e3112a6e342e1578da21396843ab22ebdd965e1d7,JF172057,,3/12/2022 23:00,30,TRAFFIC SIGNAL,FUNCTIONING PROPERLY,CLEAR,"DARKNESS, LIGHTED ROAD",TURNING,NOT DIVIDED,,STRAIGHT AND LEVEL,DRY,UNKNOWN,ON SCENE,INJURY AND / OR TOW DUE TO CRASH,Y,,Y,"OVER $1,500",3/12/2022 23:22,DISREGARDING TRAFFIC SIGNALS,FAILING TO YIELD RIGHT-OF-WAY,7500,S,JEFFERY BLVD,414,,,,,,,2,"REPORTED, NOT EVIDENT",1,0,0,0,1,2,0,23,7,3,41.75878382,-87.57628665,POINT (-87.576286649151 41.758783819129)
9d5247fa64b67694ce41786ca17185795de4a0c10e4b22cefd0ad7d863461c8e00cdf5ece7743c3ca793cf4b5bdaa83763b3c771e361f00d2525408fc82334f1,JF172566,,3/12/2022 13:11,30,NO CONTROLS,NO CONTROLS,CLEAR,DAYLIGHT,REAR END,DIVIDED - W/MEDIAN BARRIER,,STRAIGHT AND LEVEL,DRY,NO DEFECTS,NOT ON SCENE (DESK REPORT),NO INJURY / DRIVE AWAY,,,,"OVER $1,500",3/13/2022 14:19,FOLLOWING TOO CLOSELY,UNABLE TO DETERMINE,200,N,LAKE SHORE DR NB,114,,,,,,,2,NO INDICATION OF INJURY,0,0,0,0,0,2,0,13,7,3,41.88505246,-87.61421574,POINT (-87.614215739327 41.885052462405)
034e6fcfced2f07fd687f037fcbff21df675325ab302542eaaba684157d833d463daaa222b26c01ce4950933efda829e429e4834a08076269c71b98e45adba65,JF171540,,3/12/2022 12:07,30,NO CONTROLS,NO CONTROLS,CLEAR,DAYLIGHT,PARKED MOTOR VEHICLE,ALLEY,,STRAIGHT AND LEVEL,DRY,NO DEFECTS,ON SCENE,INJURY AND / OR TOW DUE TO CRASH,,,Y,"$501 - $1,500",3/12/2022 12:50,IMPROPER BACKING,NOT APPLICABLE,4245,W,MAYPOLE AVE,1114,,,,,,,2,NO INDICATION OF INJURY,0,0,0,0,0,1,0,12,7,3,41.8844916,-87.73248905,POINT (-87.732489048231 41.884491595591)
06eaeccdc3af4634ae1b02e14cdf806085cbc37ade8dc3d10867f05decc084504430386113fd3b99cb5b77ba1e4a8df1ddf17ff136ca588008ce43c55ff2808a,JF172001,Y,3/12/2022 21:18,35,RAILROAD CROSSING GATE,UNKNOWN,CLEAR,"DARKNESS, LIGHTED ROAD",REAR END,DIVIDED - W/MEDIAN (NOT RAISED),,STRAIGHT AND LEVEL,DRY,UNKNOWN,ON SCENE,NO INJURY / DRIVE AWAY,,,,"OVER $1,500",3/12/2022 21:20,FOLLOWING TOO CLOSELY,FAILING TO REDUCE SPEED TO AVOID CRASH,5244,S,ARCHER AVE,815,,,,,,,2,NO INDICATION OF INJURY,0,0,0,0,0,2,0,21,7,3,41.79975352,-87.73678782,POINT (-87.736787816678 41.799753519548)
0050b4b8a8c30e2bbd9eb3928f6eaa998dfc6638307bd4e93a25d38b6c12da67f23943cd4b822a803bcc8a87a63bf398abae1da55600d3710be3bd7320bc3f79,JF171067,,3/12/2022 1:50,30,TRAFFIC SIGNAL,FUNCTIONING PROPERLY,CLEAR,"DARKNESS, LIGHTED ROAD",TURNING,FOUR WAY,,STRAIGHT AND LEVEL,DRY,NO DEFECTS,ON SCENE,NO INJURY / DRIVE AWAY,Y,,Y,"OVER $1,500",3/12/2022 1:50,DISREGARDING TRAFFIC SIGNALS,"EVASIVE ACTION DUE TO ANIMAL, OBJECT, NONMOTORIST",1600,W,GARFIELD BLVD,932,,,,,,,2,NO INDICATION OF INJURY,0,0,0,0,0,2,0,1,7,3,41.79413322,-87.66464526,POINT (-87.664645263203 41.794133220224)
3ab795893eb02653e776ec84f05a15808a6c653260cab0d2dd5a532aa2b8d57be20fd4a16d68c7d0837720afe3d7bab5c59803fe8dd67da0594d1afa0c3f86ab,JF164584,,3/5/2022 20:20,30,TRAFFIC SIGNAL,FUNCTIONING PROPERLY,RAIN,"DARKNESS, LIGHTED ROAD",ANGLE,FOUR WAY,,STRAIGHT AND LEVEL,WET,UNKNOWN,ON SCENE,INJURY AND / OR TOW DUE TO CRASH,Y,,,"OVER $1,500",3/5/2022 20:30,DISREGARDING TRAFFIC SIGNALS,DRIVING SKILLS/KNOWLEDGE/EXPERIENCE,925,N,KEDZIE AVE,1211,,,,,,,2,NO INDICATION OF INJURY,0,0,0,0,0,2,0,20,7,3,41.89828555,-87.70649868,POINT (-87.706498674705 41.898285552187)
3abb95e990d08506dcc712108cce9eb9a556d5ae24e03755bb2ebec1da27d75147d8619ae86bdd5c9767c8a00b2864e31105ed847d75e7acf1d81a8d4f794b2d,JF164475,,3/5/2022 17:55,30,TRAFFIC SIGNAL,FUNCTIONING PROPERLY,CLEAR,"DARKNESS, LIGHTED ROAD",REAR END,NOT DIVIDED,,STRAIGHT AND LEVEL,DRY,UNKNOWN,ON SCENE,INJURY AND / OR TOW DUE TO CRASH,Y,,,"$501 - $1,500",3/5/2022 17:57,IMPROPER LANE USAGE,UNABLE TO DETERMINE,4758,W,GRAND AVE,2533,,,,,,,2,NONINCAPACITATING INJURY,1,0,0,1,0,1,0,17,7,3,41.9138412,-87.74544798,POINT (-87.745447978991 41.913841200601)
03691aa5b462568f749a72b1003c99228568c74cb6ff8fa96e2c2b5ae0be38965b87993eeee401948f5ce637e70a73cc106c4d2bdf9139ffc3c224f12e29118f,JF167158,,3/8/2022 12:55,30,STOP SIGN/FLASHER,UNKNOWN,CLEAR,DAYLIGHT,TURNING,DIVIDED - W/MEDIAN (NOT RAISED),,STRAIGHT AND LEVEL,DRY,UNKNOWN,ON SCENE,NO INJURY / DRIVE AWAY,Y,,Y,"$501 - $1,500",3/8/2022 13:00,DISREGARDING STOP SIGN,DISREGARDING STOP SIGN,1532,W,63RD ST,713,,,,,,,2,NO INDICATION OF INJURY,0,0,0,0,0,2,0,12,3,3,41.77960159,-87.66306103,POINT (-87.663061033655 41.779601592639)
0e5b8074440b37e24002fddd9ad231a14977362a941926aec3e6c19b666585e8eff58e48be60f99d29e54b6846766ac319d032176966eb0e9799e0fe63778cb2,JF166742,,3/8/2022 3:05,30,NO CONTROLS,NO CONTROLS,CLEAR,"DARKNESS, LIGHTED ROAD",TURNING,NOT DIVIDED,,STRAIGHT AND LEVEL,DRY,NO DEFECTS,ON SCENE,NO INJURY / DRIVE AWAY,,,,"OVER $1,500",3/8/2022 3:05,FAILING TO YIELD RIGHT-OF-WAY,FAILING TO YIELD RIGHT-OF-WAY,4623,N,CLARK ST,1913,,,,,,,2,NO INDICATION OF INJURY,0,0,0,0,0,2,0,3,3,3,41.96599534,-87.66673935,POINT (-87.666739345098 41.965995336657)
1e8bd9e747bc9789e1d54295f65e8fb28fc3c0a595afbb21189e912546b73f2bea77ac5bb6034dcf4f21160697dc18642bb411cdc5f1a8fae60b602e5f64d1c5,JE483090,Y,12/19/2021 18:23,30,NO CONTROLS,NO CONTROLS,CLEAR,"DARKNESS, LIGHTED ROAD",PARKED MOTOR VEHICLE,NOT DIVIDED,,STRAIGHT AND LEVEL,DRY,NO DEFECTS,,INJURY AND / OR TOW DUE TO CRASH,,,Y,"OVER $1,500",12/19/2021 19:40,UNABLE TO DETERMINE,NOT APPLICABLE,2753,W,42ND ST,921,,,,,,,2,NO INDICATION OF INJURY,0,0,0,0,0,1,0,18,1,12,41.81726383,-87.69416343,POINT (-87.694163427378 41.817263825861)
9e3165b262c50c4ef08ecae83f2f832eb7a7c83d924afc8fd516517bb76d25db82f141108517da4f12115bfb67f15b1344b59a6fc0f4be3109abd98f0d04d0fb,JD117339,,1/16/2020 0:43,30,TRAFFIC SIGNAL,FUNCTIONING PROPERLY,CLEAR,"DARKNESS, LIGHTED ROAD",ANGLE,FOUR WAY,,STRAIGHT AND LEVEL,DRY,NO DEFECTS,,INJURY AND / OR TOW DUE TO CRASH,,,,"OVER $1,500",1/16/2020 0:43,DISREGARDING TRAFFIC SIGNALS,UNABLE TO DETERMINE,6000,W,MONTROSE AVE,1622,,,,,,,2,NO INDICATION OF INJURY,0,0,0,0,0,4,0,0,5,1,41.96046054,-87.77708283,POINT (-87.777082832894 41.960460538426)
082750ea992609058f6c6b3a1145b2461eeaa859f08cd6d58389b144672a07d581a413771866284321d2c728ea19d6daad5e468e48a10abe61cc4787153ed9c2,JF172018,,3/12/2022 21:15,30,NO CONTROLS,NO CONTROLS,CLEAR,"DARKNESS, LIGHTED ROAD",PARKED MOTOR VEHICLE,DIVIDED - W/MEDIAN (NOT RAISED),,STRAIGHT AND LEVEL,DRY,NO DEFECTS,NOT ON SCENE (DESK REPORT),NO INJURY / DRIVE AWAY,,,Y,"$501 - $1,500",3/12/2022 22:10,FAILING TO REDUCE SPEED TO AVOID CRASH,IMPROPER LANE USAGE,63,E,LAKE ST,111,,,,,,,2,NO INDICATION OF INJURY,0,0,0,0,0,2,0,21,7,3,41.8856197,-87.62576044,POINT (-87.62576043519 41.885619703216)
0e12e305ba38e8c9355f2be81e7a82569001bb38fec39a21f1b5a0993b32d91f4355852ae65a3b6489f47bac38779402a015155f6084064c380f095c43cf5491,JF171825,,3/12/2022 17:20,35,NO CONTROLS,NO CONTROLS,CLEAR,DAYLIGHT,SIDESWIPE SAME DIRECTION,NOT DIVIDED,,STRAIGHT AND LEVEL,DRY,NO DEFECTS,NOT ON SCENE (DESK REPORT),NO INJURY / DRIVE AWAY,,,,"OVER $1,500",3/12/2022 18:00,DRIVING SKILLS/KNOWLEDGE/EXPERIENCE,NOT APPLICABLE,5500,S,WESTERN AVE,824,,,,,,,2,NO INDICATION OF INJURY,0,0,0,0,0,2,0,17,7,3,41.79337055,-87.68417538,POINT (-87.684175376759 41.79337055433)
31ebfd4159f50918eca635cb35abe24ff0d7dc964339d95dccc9cc1c26adff3e0b8cab8e18475f1ea7ca5a6a759fabc2afa959654ce7538fcc2a45b1dc2cda07,JF186148,,3/25/2022 12:00,30,TRAFFIC SIGNAL,FUNCTIONING PROPERLY,CLEAR,DAYLIGHT,REAR END,DIVIDED - W/MEDIAN (NOT RAISED),,STRAIGHT AND LEVEL,DRY,NO DEFECTS,ON SCENE,INJURY AND / OR TOW DUE TO CRASH,Y,,,"OVER $1,500",3/25/2022 12:36,FOLLOWING TOO CLOSELY,NOT APPLICABLE,2400,W,DIVERSEY AVE,1411,,,,,,,2,"REPORTED, NOT EVIDENT",1,0,0,0,1,2,0,12,6,3,41.93228718,-87.68795009,POINT (-87.687950093412 41.932287182991)
9f13f179565db073f372b2ca0009f15f74b544dd3862467f83b571d3ec55bab35e88dd3f2424c5f99d19222da7a6d59bc499e52629cc50fc5131c1ae9fc56357,JF171779,,3/12/2022 17:09,30,STOP SIGN/FLASHER,FUNCTIONING PROPERLY,CLEAR,DAYLIGHT,ANGLE,FOUR WAY,,STRAIGHT AND LEVEL,DRY,NO DEFECTS,ON SCENE,INJURY AND / OR TOW DUE TO CRASH,Y,,,"OVER $1,500",3/12/2022 17:09,FAILING TO YIELD RIGHT-OF-WAY,FAILING TO YIELD RIGHT-OF-WAY,4600,S,MICHIGAN AVE,215,,,,,,,2,NONINCAPACITATING INJURY,1,0,0,1,0,2,0,17,7,3,41.81100705,-87.62302911,POINT (-87.623029109238 41.811007046873)
04240a73c5294827334fba211c4bec25db8220c6313afdcff1c89455a16a49e49aa76bee42dcd79aceb12728a9ea3dba9077bc45795125a4ef92af62a878316a,JF170097,,3/11/2022 8:20,30,STOP SIGN/FLASHER,FUNCTIONING PROPERLY,FREEZING RAIN/DRIZZLE,DAYLIGHT,TURNING,NOT DIVIDED,,STRAIGHT AND LEVEL,ICE,NO DEFECTS,ON SCENE,NO INJURY / DRIVE AWAY,,,,"OVER $1,500",3/11/2022 8:29,WEATHER,UNABLE TO DETERMINE,6958,S,HOYNE AVE,735,,,,,,,2,NO INDICATION OF INJURY,0,0,0,0,0,2,0,8,6,3,41.76664098,-87.67616225,POINT (-87.676162254346 41.766640975082)
0c1d33a1367ee1a11ccb2a0411620b615efab4b7602c94c63f4f73eae665bfe72b5450f5b769281f6923863be6876ba81128c7eea854c500b42a24d4c11f16af,JF171681,,3/12/2022 16:00,30,TRAFFIC SIGNAL,FUNCTIONING PROPERLY,CLEAR,DAYLIGHT,SIDESWIPE SAME DIRECTION,DIVIDED - W/MEDIAN BARRIER,,STRAIGHT AND LEVEL,DRY,NO DEFECTS,ON SCENE,NO INJURY / DRIVE AWAY,,,Y,"$501 - $1,500",3/12/2022 16:00,UNABLE TO DETERMINE,UNABLE TO DETERMINE,10655,S,HALSTED ST,2233,,,,,,,2,NO INDICATION OF INJURY,0,0,0,0,0,2,0,16,7,3,41.69984693,-87.6424673,POINT (-87.642467301253 41.699846928381)
9f41f9be0182af58888cd8afc7e85fa9bc3bb47bccc2c70e7b8a6f5236b6b2f24379cb7438ec1a2d65e83263d8d892937dbcf295a55e950487ab525004d617d2,JF171372,,3/12/2022 7:15,20,NO CONTROLS,NO CONTROLS,CLEAR,DAYLIGHT,PARKED MOTOR VEHICLE,NOT DIVIDED,,STRAIGHT AND LEVEL,DRY,NO DEFECTS,NOT ON SCENE (DESK REPORT),NO INJURY / DRIVE AWAY,,,,"OVER $1,500",3/12/2022 11:50,IMPROPER OVERTAKING/PASSING,NOT APPLICABLE,6130,W,52ND ST,811,,,,,,,2,NO INDICATION OF INJURY,0,0,0,0,0,1,0,7,7,3,41.79808579,-87.77582398,POINT (-87.775823981631 41.798085791774)
32bf8889a34925512a66cd13a990cc4e0382b6e21e8a244fc6167cf8b504b4fedda60d4779e1ea63d3c7e22f137f60fead83be62171c2c3f419482ce6c269267,JF186528,,3/25/2022 17:30,30,NO CONTROLS,NO CONTROLS,CLEAR,DAYLIGHT,REAR TO SIDE,PARKING LOT,,STRAIGHT AND LEVEL,UNKNOWN,UNKNOWN,NOT ON SCENE (DESK REPORT),NO INJURY / DRIVE AWAY,,Y,,"OVER $1,500",3/25/2022 18:00,UNABLE TO DETERMINE,UNABLE TO DETERMINE,5940,N,RIDGE AVE,2012,,,,,,,2,NO INDICATION OF INJURY,0,0,0,0,0,2,0,17,6,3,41.98967694,-87.67020682,POINT (-87.670206816488 41.98967693564)