CRASH_RECORD_ID,RD_NO,CRASH_DATE_EST_I,CRASH_DATE,POSTED_SPEED_LIMIT,TRAFFIC_CONTROL_DEVICE,DEVICE_CONDITION,WEATHER_CONDITION,LIGHTING_CONDITION,FIRST_CRASH_TYPE,TRAFFICWAY_TYPE,LANE_CNT,ALIGNMENT,ROADWAY_SURFACE_COND,ROAD_DEFECT,REPORT_TYPE,CRASH_TYPE,INTERSECTION_RELATED_I,NOT_RIGHT_OF_WAY_I,HIT_AND_RUN_I,DAMAGE,DATE_POLICE_NOTIFIED,PRIM_CONTRIBUTORY_CAUSE,SEC_CONTRIBUTORY_CAUSE,STREET_NO,STREET_DIRECTION,STREET_NAME,BEAT_OF_OCCURRENCE,PHOTOS_TAKEN_I,STATEMENTS_TAKEN_I,DOORING_I,WORK_ZONE_I,WORK_ZONE_TYPE,WORKERS_PRESENT_I,NUM_UNITS,MOST_SEVERE_INJURY,INJURIES_TOTAL,INJURIES_FATAL,INJURIES_INCAPACITATING,INJURIES_NON_INCAPACITATING,INJURIES_REPORTED_NOT_EVIDENT,INJURIES_NO_INDICATION,INJURIES_UNKNOWN,CRASH_HOUR,CRASH_DAY_OF_WEEK,CRASH_MONTH,LATITUDE,LONGITUDE,LOCATION
2001d7a20dc4505854d8e0304e35aa18e221a434ebb5aad37caf7f5c8c3b4434def2fe56957d94d562bde3705d7dca70edb3c9c83e49d599022d57a1bf7aab18,JD144503,,2/8/2020 11:40,30,STOP SIGN/FLASHER,NO CONTROLS,CLEAR,DAYLIGHT,ANGLE,DIVIDED - W/MEDIAN (NOT RAISED),,STRAIGHT AND LEVEL,DRY,UNKNOWN,,INJURY AND / OR TOW DUE TO CRASH,Y,,,"OVER $1,500",2/8/2020 11:45,DISREGARDING STOP SIGN,NOT APPLICABLE,12501,S,STATE ST,532,,,,,,,2,NO INDICATION OF INJURY,0,0,0,0,0,2,0,11,7,2,41.66707858,-87.62211835,POINT (-87.622118352861 41.667078582045)
325c2dcda6a227a7c24aab8415999af1f7d91ed31db8ef8a9a6d05dcfd2d8cd2d59112c2d7305dd458d2d2fccfcb97740d2edacbdb3c9f8d40315c193490bd6b,JD322723,Y,8/6/2020 12:30,30,NO CONTROLS,NO CONTROLS,CLEAR,DAYLIGHT,SIDESWIPE SAME DIRECTION,DIVIDED - W/MEDIAN (NOT RAISED),,STRAIGHT AND LEVEL,DRY,NO DEFECTS,,INJURY AND / OR TOW DUE TO CRASH,,,,"OVER $1,500",8/6/2020 12:40,IMPROPER OVERTAKING/PASSING,DRIVING SKILLS/KNOWLEDGE/EXPERIENCE,3950,W,MADISON ST,1122,,,,,,,3,NO INDICATION OF INJURY,0,0,0,0,0,2,0,12,5,8,41.88085129,-87.72458417,POINT (-87.724584170641 41.880851290422)
0db25d258b623f105ab9abfcd409cd8eb6c9ff5ee3c0785a4f00e82af35d79a6b70c67a4386d08bfcad9a14703f99ae3f735e95803e66a11b9d64f88a07f0706,JF171252,Y,3/11/2022 7:30,15,NO CONTROLS,NO CONTROLS,UNKNOWN,UNKNOWN,PARKED MOTOR VEHICLE,PARKING LOT,,STRAIGHT AND LEVEL,UNKNOWN,NO DEFECTS,NOT ON SCENE (DESK REPORT),NO INJURY / DRIVE AWAY,,,,"$501 - $1,500",3/12/2022 9:15,UNABLE TO DETERMINE,UNABLE TO DETERMINE,1521,S,LYNN WHITE DR,132,,,,,,,2,NO INDICATION OF INJURY,0,0,0,0,0,1,0,7,6,3,41.8619186,-87.60950956,POINT (-87.609509563704 41.86191860041)
03224f2d7725c338fede4e8e86488fdda78ce278e15788112e694030faa3ca884bc04fae7e517b86aadc293b0c2a48c0f1743b2de32486dee212054275b90f3d,JF171552,,3/12/2022 11:15,30,TRAFFIC SIGNAL,FUNCTIONING PROPERLY,CLEAR,DAYLIGHT,ANGLE,FOUR WAY,,STRAIGHT AND LEVEL,DRY,UNKNOWN,NOT ON SCENE (DESK REPORT),NO INJURY / DRIVE AWAY,Y,,Y,"OVER $1,500",3/12/2022 14:20,UNABLE TO DETERMINE,UNABLE TO DETERMINE,3398,W,JACKSON BLVD,1124,,,,,,,2,NO INDICATION OF INJURY,0,0,0,0,0,4,0,11,7,3,41.87738767,-87.71083342,POINT (-87.710833421927 41.877387671513)
3d3bdac92055af1e9c99fef57fc0cf31463be0787fbb2c6d75f460ec06ebf6243b7cf610f2d0acbfd76601ae38112b81a59fe3d81e988acba35c70590a19f00f,JF164097,,3/5/2022 11:30,30,TRAFFIC SIGNAL,FUNCTIONING PROPERLY,CLEAR,DAYLIGHT,TURNING,FOUR WAY,,STRAIGHT AND LEVEL,DRY,NO DEFECTS,ON SCENE,NO INJURY / DRIVE AWAY,Y,,,"$501 - $1,500",3/5/2022 11:34,FAILING TO YIELD RIGHT-OF-WAY,NOT APPLICABLE,1600,W,51ST ST,931,,,,,,,2,NO INDICATION OF INJURY,0,0,0,0,0,2,0,11,7,3,41.80142703,-87.66484075,POINT (-87.664840745091 41.801427026617)
20ba828969b0e088d9266a86b1cf5bff01e10d71fd5cfcf92e6672f67d91052a2d8af77a3d86a227d09bb91cbcfc3c6211b5bb5ce133a2ae2a2e6e22084dee68,JF179647,,3/19/2022 18:16,30,STOP SIGN/FLASHER,FUNCTIONING PROPERLY,CLEAR,DAYLIGHT,TURNING,DIVIDED - W/MEDIAN (NOT RAISED),,STRAIGHT AND LEVEL,DRY,NO DEFECTS,ON SCENE,INJURY AND / OR TOW DUE TO CRASH,,,Y,"OVER $1,500",3/19/2022 18:30,IMPROPER TURNING/NO SIGNAL,UNABLE TO DETERMINE,2400,N,GENEVA TER,1935,,,,,,,2,NO INDICATION OF INJURY,0,0,0,0,0,2,0,18,7,3,41.9255788,-87.64408272,POINT (-87.644082715255 41.925578799138)
208c8f1e0dc506cbddf073d4d4e27bfa75d8fdbcee294b1dd131e22f213c1711e915268a7fae449bf2332f95c833adadba5daf4ff4cfd33c4e542bc53f55984a,JE252429,,6/3/2021 15:06,30,STOP SIGN/FLASHER,UNKNOWN,CLEAR,DAYLIGHT,TURNING,T-INTERSECTION,,STRAIGHT AND LEVEL,DRY,UNKNOWN,,NO INJURY / DRIVE AWAY,Y,,,"OVER $1,500",6/3/2021 15:10,UNABLE TO DETERMINE,UNABLE TO DETERMINE,6198,W,NORTH AVE,2513,,,,,,,3,NO INDICATION OF INJURY,0,0,0,0,0,5,0,15,5,6,41.90930721,-87.78008097,POINT (-87.780080967948 41.909307205732)
3306a344eb61e56decb2ac87cec42550f74d067bb2fd4740af09a43ca9af945a40fb4a793aea71d1d4e99ec18952052cd60bcdccf3ac22dcd5cc6d7e322869c2,JC503807,,11/8/2019 22:50,30,TRAFFIC SIGNAL,FUNCTIONING PROPERLY,CLEAR,"DARKNESS, LIGHTED ROAD",SIDESWIPE SAME DIRECTION,T-INTERSECTION,,STRAIGHT AND LEVEL,DRY,NO DEFECTS,,INJURY AND / OR TOW DUE TO CRASH,Y,,,"OVER $1,500",11/8/2019 22:55,TURNING RIGHT ON RED,IMPROPER OVERTAKING/PASSING,1200,N,LAKE SHORE DR NB,1824,,,,,,,2,NO INDICATION OF INJURY,0,0,0,0,0,2,0,22,6,11,41.90407674,-87.62480394,POINT (-87.624803937073 41.904076743028)
06b541e011af62c40d8ca04c499c0b93a8819c8ae179798d837565a2c59a13b4512583601915024df5e3e95409c0774b91f11c1d49dcc6d4d8ca826690577f19,JF170056,,3/11/2022 6:45,0,NO CONTROLS,NO CONTROLS,CLEAR,DAYLIGHT,PARKED MOTOR VEHICLE,DIVIDED - W/MEDIAN BARRIER,,STRAIGHT AND LEVEL,DRY,NO DEFECTS,NOT ON SCENE (DESK REPORT),NO INJURY / DRIVE AWAY,,,,"OVER $1,500",3/11/2022 7:30,UNABLE TO DETERMINE,NOT APPLICABLE,53,E,GARFIELD BLVD,225,,,,,,,2,NO INDICATION OF INJURY,0,0,0,0,0,3,0,6,6,3,41.79423349,-87.62365159,POINT (-87.623651585141 41.794233487886)
0cc478780279883c9eff095bb455924559a70262eefe942106d236dfa2e41438e2d7ef3a445e1c24b8cca0a859aae9ad53b0adccaa20e8ade61bd3a699afe6dd,JF170386,,3/11/2022 12:00,30,NO CONTROLS,NO CONTROLS,CLEAR,DAYLIGHT,SIDESWIPE SAME DIRECTION,NOT DIVIDED,,STRAIGHT AND LEVEL,DRY,UNKNOWN,NOT ON SCENE (DESK REPORT),NO INJURY / DRIVE AWAY,,,Y,"OVER $1,500",3/11/2022 12:25,UNABLE TO DETERMINE,UNABLE TO DETERMINE,1600,E,103RD ST,431,,,,,,,2,NO INDICATION OF INJURY,0,0,0,0,0,2,0,12,6,3,41.70789989,-87.58482289,POINT (-87.584822888781 41.707899886453)
3dba28de18cc8ce900ce5d52b795abcb1344e8aeb9ab7fec6811dd7889a4f3968b4265420b49e7744d7d734ae88858dbd37244cc734eb2166fb6ae9da44d8e8b,JF167133,,3/5/2022 12:11,30,NO CONTROLS,NO CONTROLS,CLEAR,DAYLIGHT,PARKED MOTOR VEHICLE,NOT DIVIDED,,STRAIGHT AND LEVEL,DRY,NO DEFECTS,NOT ON SCENE (DESK REPORT),NO INJURY / DRIVE AWAY,,,,"$501 - $1,500",3/8/2022 12:50,IMPROPER BACKING,UNABLE TO DETERMINE,1138,S,WABASH AVE,123,,,,,,,2,NO INDICATION OF INJURY,0,0,0,0,0,1,0,12,7,3,41.868094,-87.62598255,POINT (-87.625982546867 41.868094001891)
3e00af4453cc21d2df6f95f99ec7cbdbc77dc32391ea6a4b00d6512f4a08edbbc8aaa211cb550ff61deabece675065b4bc113aa5bd393248c2dc5087d24f5bf3,JF163977,,3/5/2022 9:19,30,NO CONTROLS,UNKNOWN,CLEAR,DAYLIGHT,REAR END,NOT DIVIDED,,STRAIGHT AND LEVEL,DRY,NO DEFECTS,ON SCENE,NO INJURY / DRIVE AWAY,,,,"$501 - $1,500",3/5/2022 9:23,IMPROPER BACKING,NOT APPLICABLE,3229,W,WRIGHTWOOD AVE,1413,,Y,,,,,2,NO INDICATION OF INJURY,0,0,0,0,0,2,0,9,7,3,41.92824824,-87.70847293,POINT (-87.70847293357 41.928248240223)
a0caba5a020607d40632258465a368a5a69cbfcfd6127cf655d357abcf166224a3424f04f1897bb22be5b9dc094a325e2b2c3420d53771f50c45356238826b54,JF172636,,3/12/2022 12:30,20,STOP SIGN/FLASHER,FUNCTIONING PROPERLY,SLEET/HAIL,"DARKNESS, LIGHTED ROAD",PARKED MOTOR VEHICLE,ONE-WAY,,STRAIGHT AND LEVEL,WET,NO DEFECTS,NOT ON SCENE (DESK REPORT),NO INJURY / DRIVE AWAY,,,,"OVER $1,500",3/13/2022 15:00,IMPROPER OVERTAKING/PASSING,NOT APPLICABLE,1643,N,LEAVITT ST,1434,Y,,,,,,2,NO INDICATION OF INJURY,0,0,0,0,0,1,0,12,7,3,41.91170961,-87.68222988,POINT (-87.682229878577 41.911709609185)
026b581181bb73b6a0047eb5f8fe224ace29dd7453c0b486f5ef49f6c765223d1cf2d883451c24c5c2fda55a2054f5e2b7a14110d6c8e3da51aaf3923579ecd4,JF171759,,3/12/2022 16:20,30,STOP SIGN/FLASHER,FUNCTIONING PROPERLY,CLEAR,DAYLIGHT,REAR END,DIVIDED - W/MEDIAN (NOT RAISED),,STRAIGHT AND LEVEL,DRY,NO DEFECTS,NOT ON SCENE (DESK REPORT),NO INJURY / DRIVE AWAY,Y,,Y,"OVER $1,500",3/12/2022 17:00,UNABLE TO DETERMINE,NOT APPLICABLE,5400,W,HARRISON ST,1522,,,,,,,2,NO INDICATION OF INJURY,0,0,0,0,0,3,0,16,7,3,41.87299923,-87.75961375,POINT (-87.759613745588 41.872999232783)
0f7143d610075402aec76998fa03bfdd2a72455f792b6c6c5ffc5e246eb0ad6c68f33630d8b042e6a17d9bade12c3cbb67b8ce500aba3a54524a3aca1efb78b5,JF171609,,3/12/2022 15:00,30,TRAFFIC SIGNAL,FUNCTIONING PROPERLY,CLEAR,DAYLIGHT,REAR END,NOT DIVIDED,,STRAIGHT AND LEVEL,UNKNOWN,UNKNOWN,ON SCENE,NO INJURY / DRIVE AWAY,,,,"OVER $1,500",3/12/2022 15:04,UNABLE TO DETERMINE,FOLLOWING TOO CLOSELY,2,E,115TH ST,531,,,,,,,3,NO INDICATION OF INJURY,0,0,0,0,0,3,0,15,7,3,41.6854327,-87.62278722,POINT (-87.622787216598 41.685432699419)
353154954662440e535a30516cf7b465b7246075dbd5aa9880e604cd693c11ad1a93f67443317c6c1a1de9821e145cf96c5d0636bf0b3997a8ac7c2f404463e1,JD251505,,6/2/2020 17:25,30,UNKNOWN,UNKNOWN,CLEAR,DAYLIGHT,TURNING,NOT DIVIDED,,STRAIGHT AND LEVEL,DRY,UNKNOWN,,NO INJURY / DRIVE AWAY,,,,"OVER $1,500",6/2/2020 18:10,UNABLE TO DETERMINE,NOT APPLICABLE,5300,N,CICERO AVE,1621,,,,,,,2,NO INDICATION OF INJURY,0,0,0,0,0,2,0,17,3,6,41.97799197,-87.74822908,POINT (-87.74822907932 41.97799197324)
06a0e4afe91f337878ef7ea81e52682f825815df9dc1477d1123ab31302f1a1960641b5b87e4f8f2becda69d2ddd27af3d5e5afff14780cbe22a5a1bba017fbd,JF163943,,3/5/2022 8:02,30,TRAFFIC SIGNAL,FUNCTIONING PROPERLY,CLEAR,DAYLIGHT,FIXED OBJECT,FOUR WAY,,STRAIGHT AND LEVEL,DRY,NO DEFECTS,ON SCENE,INJURY AND / OR TOW DUE TO CRASH,Y,,,"OVER $1,500",3/5/2022 8:02,NOT APPLICABLE,NOT APPLICABLE,801,S,AUSTIN BLVD,1513,,,,,,,1,NONINCAPACITATING INJURY,1,0,0,1,0,0,0,8,7,3,,,
0d6712d27489d5143beeed939e1cd25d564590273a99d9aa88b610dfa8579c97eaf1313cb7c3efab6a64e2e8039f2f0d8b6cd514082f391502f0eddfa5e201fd,JF171948,,3/12/2022 20:13,30,STOP SIGN/FLASHER,FUNCTIONING PROPERLY,CLEAR,"DARKNESS, LIGHTED ROAD",SIDESWIPE SAME DIRECTION,DIVIDED - W/MEDIAN (NOT RAISED),,STRAIGHT AND LEVEL,DRY,NO DEFECTS,ON SCENE,NO INJURY / DRIVE AWAY,N,,,"OVER $1,500",3/12/2022 20:13,IMPROPER OVERTAKING/PASSING,NOT APPLICABLE,1120,W,MADISON ST,1224,,,,,,,2,NO INDICATION OF INJURY,0,0,0,0,0,2,0,20,7,3,41.8817605,-87.65532425,POINT (-87.655324248943 41.881760498856)
154079224d5d3c0103b276a6bd25bf182c60c27c9d62d064f92dce93fd730653e3d4e628040bfa890c852b4999b934af77a94717f07b2bb40342b98f0dd952aa,JF171555,,3/12/2022 13:40,30,NO CONTROLS,NO CONTROLS,CLEAR,DAYLIGHT,PARKED MOTOR VEHICLE,NOT DIVIDED,,STRAIGHT AND LEVEL,DRY,UNKNOWN,NOT ON SCENE (DESK REPORT),NO INJURY / DRIVE AWAY,,,,"OVER $1,500",3/12/2022 14:25,"EVASIVE ACTION DUE TO ANIMAL, OBJECT, NONMOTORIST",NOT APPLICABLE,3130,W,25TH ST,1033,,,,,,,2,NO INDICATION OF INJURY,0,0,0,0,0,1,0,13,7,3,41.84646066,-87.70380376,POINT (-87.703803764073 41.846460663996)
35904e47a075df9c5626b6948cfb860a3f78eb97c1a25696f1938a25eaf078e5c51ae651dcd076742f0e08a69e2018530daba1c4500e0328f20dde4ae3fa1c10,JF186464,,3/25/2022 16:30,30,NO CONTROLS,NO CONTROLS,CLEAR,DAYLIGHT,TURNING,NOT DIVIDED,,STRAIGHT AND LEVEL,DRY,UNKNOWN,NOT ON SCENE (DESK REPORT),NO INJURY / DRIVE AWAY,,,Y,"$501 - $1,500",3/25/2022 17:05,IMPROPER TURNING/NO SIGNAL,UNABLE TO DETERMINE,1332,E,87TH ST,412,,,,,,,2,NO INDICATION OF INJURY,0,0,0,0,0,2,0,16,6,3,41.736935,-87.59223313,POINT (-87.592233127595 41.736934996537)
6f0f1a0d645fd378912075490337a868673314ce9a3be130f44c2c124a9c7d5173f729d144466e2014b8901e22cf066c20574d77a486cbec6884b4353be9fbc1,JF171313,,3/12/2022 10:45,30,NO CONTROLS,NO CONTROLS,CLEAR,DAYLIGHT,FIXED OBJECT,DIVIDED - W/MEDIAN (NOT RAISED),,STRAIGHT AND LEVEL,DRY,NO DEFECTS,ON SCENE,NO INJURY / DRIVE AWAY,,,,"OVER $1,500",3/12/2022 10:46,UNABLE TO DETERMINE,UNABLE TO DETERMINE,4900,W,CHICAGO AVE,1531,,,,,,,1,NO INDICATION OF INJURY,0,0,0,0,0,1,0,10,7,3,41.89509362,-87.74838172,POINT (-87.748381714962 41.895093614751)
64e884cb1b37c6e322d0fd3e3cce235d5b85a6deaead00d35d0c2bd7e297237607d979522abedf40f2ba62649085f0a3f1be155a0a85f9c7b0aaf69cdcdec843,JF170242,Y,3/9/2022 9:00,30,NO CONTROLS,NO CONTROLS,CLEAR,DAYLIGHT,PARKED MOTOR VEHICLE,ONE-WAY,,STRAIGHT AND LEVEL,DRY,NO DEFECTS,NOT ON SCENE (DESK REPORT),NO INJURY / DRIVE AWAY,,,Y,"OVER $1,500",3/11/2022 10:45,UNABLE TO DETERMINE,UNABLE TO DETERMINE,7632,S,CREGIER AVE,414,,,,,,,2,NO INDICATION OF INJURY,0,0,0,0,0,1,0,9,4,3,41.7560055,-87.58111762,POINT (-87.58111762072 41.756005496032)
c7ec62c2df9df603df51f4ef77bd5d3c69a8960bfeadf0638c768048f0ae3d9c9d51370ebd9362288e9574e32b785519e053398d6ffc716af46f305c4912b2e1,JF170876,,3/11/2022 19:45,20,NO CONTROLS,NO CONTROLS,CLEAR,"DARKNESS, LIGHTED ROAD",PARKED MOTOR VEHICLE,NOT DIVIDED,,STRAIGHT AND LEVEL,DRY,NO DEFECTS,ON SCENE,INJURY AND / OR TOW DUE TO CRASH,,,,"OVER $1,500",3/11/2022 19:55,IMPROPER LANE USAGE,DRIVING SKILLS/KNOWLEDGE/EXPERIENCE,6009,N,NEOLA AVE,1611,,,,,,,2,"REPORTED, NOT EVIDENT",1,0,0,0,1,0,0,19,6,3,41.99036548,-87.79488727,POINT (-87.794887264967 41.990365474647)
239a7cd0f47fbda789634d9f8e730a4886a2baaf3e31a894642d4a206a58240ec27fc4ba39b860cada96c09459d902001a025cf8a14f6fcd602488bc1b2eda77,JF180430,,3/19/2022 21:00,30,TRAFFIC SIGNAL,FUNCTIONING PROPERLY,CLEAR,"DARKNESS, LIGHTED ROAD",REAR END,FOUR WAY,,STRAIGHT AND LEVEL,WET,NO DEFECTS,NOT ON SCENE (DESK REPORT),NO INJURY / DRIVE AWAY,Y,,,"OVER $1,500",3/20/2022 14:30,UNABLE TO DETERMINE,NOT APPLICABLE,1558,W,FULLERTON AVE,1932,,,,,,,2,NO INDICATION OF INJURY,0,0,0,0,0,2,0,21,7,3,41.92526209,-87.66809055,POINT (-87.66809055308 41.925262084631)
179806149c1bd4fb03d5690981f78cef6c9da001650c0d4ee86ba41ecc530b2db49a8dd9e35e8f3231c039745fcfa153ff2cd614aabda22022435549703a4e21,JF171215,,3/12/2022 8:20,30,TRAFFIC SIGNAL,FUNCTIONING PROPERLY,CLEAR,DAYLIGHT,FIXED OBJECT,NOT DIVIDED,,STRAIGHT AND LEVEL,DRY,NO DEFECTS,ON SCENE,INJURY AND / OR TOW DUE TO CRASH,,,,"OVER $1,500",3/12/2022 8:23,PHYSICAL CONDITION OF DRIVER,PHYSICAL CONDITION OF DRIVER,3269,S,ARCHER AVE,912,,,,,,,1,NONINCAPACITATING INJURY,1,0,0,1,0,0,0,8,7,3,41.83461378,-87.67052943,POINT (-87.670529429411 41.83461378379)
8e89dfc8d6853c0807ae5617c7a647116fe7bfbd387743177b7fdcfe669204911fa0419a20d59a342a9e333e9f933c9762702ef1022d836e4f55e98f3b191155,JF169612,,3/8/2022 21:37,30,NO CONTROLS,NO CONTROLS,CLEAR,DAYLIGHT,PARKED MOTOR VEHICLE,DIVIDED - W/MEDIAN (NOT RAISED),,STRAIGHT AND LEVEL,DRY,UNKNOWN,NOT ON SCENE (DESK REPORT),NO INJURY / DRIVE AWAY,,,,"OVER $1,500",3/10/2022 17:00,UNABLE TO DETERMINE,UNABLE TO DETERMINE,90,E,8TH ST,123,,,,,,,2,NO INDICATION OF INJURY,0,0,0,0,0,1,0,21,3,3,41.8719863,-87.6242628,POINT (-87.624262798513 41.8719863014)
493c5031cf9e6e6a62901d4fb335db9b4dfc699ddebb49a8bf64c6ed0821df39effbcea5b8c7239ce3a65211bf406e7a79e5a0da91389a372d72fe8732257fdf,JF157165,,3/12/2022 22:00,55,UNKNOWN,UNKNOWN,CLEAR,"DARKNESS, LIGHTED ROAD",FIXED OBJECT,OTHER,,STRAIGHT AND LEVEL,DRY,UNKNOWN,ON SCENE,INJURY AND / OR TOW DUE TO CRASH,,,N,"OVER $1,500",3/12/2022 22:05,FAILING TO REDUCE SPEED TO AVOID CRASH,NOT APPLICABLE,3109,S,LAKE SHORE DR NB,211,,,,,,,1,NO INDICATION OF INJURY,0,0,0,0,0,1,0,22,7,3,41.83813457,-87.60801971,POINT (-87.608019712612 41.838134565162)
713897615ef7f769bcaa8f0fe769cd727b7fd21615875c3e1996bbbc0f9f3ad194f3b7537711157b7d973bbf366c140f8c5f27963981cdf6bcb42d02afcb578c,JF171407,,3/12/2022 12:05,30,TRAFFIC SIGNAL,FUNCTIONING PROPERLY,CLEAR,DAYLIGHT,REAR END,DIVIDED - W/MEDIAN (NOT RAISED),,STRAIGHT AND LEVEL,DRY,NO DEFECTS,ON SCENE,INJURY AND / OR TOW DUE TO CRASH,,,,"OVER $1,500",3/12/2022 12:10,FOLLOWING TOO CLOSELY,UNABLE TO DETERMINE,6223,W,IRVING PARK RD,1633,,,,,,,2,NO INDICATION OF INJURY,0,0,0,0,0,2,0,12,7,3,41.95285844,-87.78257875,POINT (-87.782578748798 41.952858439115)
ddce24278f4f97f438ed3a1a60ed18a34e70d25a22a4dd0b0c138b05548bf12dbe44547924a97c6d1516acdf6c6c1b3dd3ac349ac4f5a9d956b245e0971609a4,JF172096,,3/13/2022 0:12,30,NO CONTROLS,NO CONTROLS,CLEAR,DARKNESS,PARKED MOTOR VEHICLE,NOT DIVIDED,,STRAIGHT AND LEVEL,DRY,NO DEFECTS,ON SCENE,INJURY AND / OR TOW DUE TO CRASH,,,,"OVER $1,500",3/13/2022 0:12,IMPROPER LANE USAGE,UNABLE TO DETERMINE,4722,W,ARMITAGE AVE,2522,,,,,,,2,NO INDICATION OF INJURY,0,0,0,0,0,1,0,0,1,3,41.91705942,-87.74464321,POINT (-87.744643209413 41.917059422821)
234d8083e003df53df35507d1179d56198effc445fdcc045d6deecd51e5103cead5c859087e77108137693f123f777e9a7d76e4200da6a28af9be80de394aa66,JD351428,,8/31/2020 10:10,30,NO CONTROLS,OTHER,CLEAR,DAYLIGHT,SIDESWIPE SAME DIRECTION,NOT DIVIDED,,STRAIGHT AND LEVEL,DRY,NO DEFECTS,,NO INJURY / DRIVE AWAY,,,,"OVER $1,500",8/31/2020 10:15,UNABLE TO DETERMINE,UNABLE TO DETERMINE,1155,W,HOLLYWOOD AVE,2022,,,,,,,2,NO INDICATION OF INJURY,0,0,0,0,0,2,0,10,2,8,41.98534626,-87.66003642,POINT (-87.660036421706 41.985346259294)
36c39b23d54e98576a1d712efcfa3b76d3a0af87abf0f10dae881c9e811e41df73ac6fad1d56d8c347d80da1905a1624dcd6606dcff0dafee373b82f59db6138,JF186482,,3/25/2022 16:00,30,STOP SIGN/FLASHER,FUNCTIONING PROPERLY,CLEAR,DAYLIGHT,TURNING,FOUR WAY,,STRAIGHT AND LEVEL,DRY,NO DEFECTS,ON SCENE,INJURY AND / OR TOW DUE TO CRASH,Y,,,"OVER $1,500",3/25/2022 16:08,UNABLE TO DETERMINE,UNABLE TO DETERMINE,4027,W,16TH ST,1012,,,,,,,2,NO INDICATION OF INJURY,0,0,0,0,0,2,0,16,6,3,41.85874289,-87.72611355,POINT (-87.726113551602 41.858742884859)
d2dd3499e90a3a53cc8e5257316b3216a6da45e2f2afd15230817e666cc188710a44858a3964fd10e82034387ce4d707f16a85c7a3481328a3a3d0f75a447858,JF170400,,3/9/2022 8:30,30,NO CONTROLS,NO CONTROLS,CLEAR,DAYLIGHT,REAR END,NOT DIVIDED,,STRAIGHT AND LEVEL,DRY,NO DEFECTS,NOT ON SCENE (DESK REPORT),NO INJURY / DRIVE AWAY,,,,"OVER $1,500",3/11/2022 12:15,UNABLE TO DETERMINE,NOT APPLICABLE,2018,W,WEBSTER AVE,1432,,,,,,,2,NO INDICATION OF INJURY,0,0,0,0,0,2,0,8,4,3,41.92148806,-87.67853169,POINT (-87.678531685532 41.921488057466)
075676e139b595bd4d3f45fa314c85904986fb8ed1f47b508bcfe88775f3a591f1b0072db43ad92e530abbaf732f9c2ee03d59ea1f3030895f92eda05c6e48aa,JF164597,,3/5/2022 20:25,30,NO CONTROLS,NO CONTROLS,RAIN,"DARKNESS, LIGHTED ROAD",PEDESTRIAN,DIVIDED - W/MEDIAN (NOT RAISED),,STRAIGHT AND LEVEL,WET,NO DEFECTS,ON SCENE,INJURY AND / OR TOW DUE TO CRASH,,,,$500 OR LESS,3/5/2022 20:25,WEATHER,FAILING TO YIELD RIGHT-OF-WAY,252,W,26TH ST,914,,,,,,,3,NONINCAPACITATING INJURY,2,0,0,2,0,2,0,20,7,3,41.8456065,-87.63388561,POINT (-87.633885614463 41.845606500779)
df2f15af77b4b09e9982a23b39139d1743dc2e54c8e66f4423cb5d688e74fa1064516f2cf21d6e1fb65d0a0d5612f1f006de25a2901c917513f0d307d9086b5a,JF169441,,3/10/2022 12:00,30,STOP SIGN/FLASHER,FUNCTIONING PROPERLY,UNKNOWN,UNKNOWN,ANGLE,FOUR WAY,,STRAIGHT AND LEVEL,UNKNOWN,UNKNOWN,NOT ON SCENE (DESK REPORT),NO INJURY / DRIVE AWAY,,,,"OVER $1,500",3/10/2022 17:00,DISREGARDING STOP SIGN,NOT APPLICABLE,1736,W,83RD ST,614,,,,,,,2,NO INDICATION OF INJURY,0,0,0,0,0,2,0,12,5,3,41.74312873,-87.66712777,POINT (-87.667127772846 41.743128730698)
0ab85094b72785cea6a779a0a18b5ab5c33afb423a638d9aba15edcf9edf6de911be323713436e4adfccc7b535fc8aef3afe958f896fddd6aae2f8b9b7023954,JF164796,,3/6/2022 2:03,30,NO CONTROLS,NO CONTROLS,CLEAR,"DARKNESS, LIGHTED ROAD",TURNING,NOT DIVIDED,,STRAIGHT AND LEVEL,WET,NO DEFECTS,,INJURY AND / OR TOW DUE TO CRASH,Y,,,"OVER $1,500",3/6/2022 2:05,UNABLE TO DETERMINE,NOT APPLICABLE,1501,N,AUSTIN BLVD,2531,,,,,,,3,NO INDICATION OF INJURY,0,0,0,0,0,4,0,2,1,3,41.90753299,-87.77539871,POINT (-87.775398704604 41.907532986626)
3043c4fa14453e510769e577be619a626be021cfaed5ba9be97f3f412966cc46b84b1b09efe19c7f75462f81220739e2aacbfdab6487338c8ab6634ecd441485,JF170505,,3/11/2022 13:55,30,TRAFFIC SIGNAL,FUNCTIONING PROPERLY,CLEAR,DAYLIGHT,REAR END,NOT DIVIDED,,STRAIGHT AND LEVEL,DRY,NO DEFECTS,ON SCENE,NO INJURY / DRIVE AWAY,Y,,,"$501 - $1,500",3/11/2022 13:58,FOLLOWING TOO CLOSELY,UNABLE TO DETERMINE,4001,W,MONTROSE AVE,1722,,,,,,,2,NO INDICATION OF INJURY,0,0,0,0,0,2,0,13,6,3,41.96083631,-87.72788611,POINT (-87.72788610903 41.960836305309)