CRASH_RECORD_ID,RD_NO,CRASH_DATE_EST_I,CRASH_DATE,POSTED_SPEED_LIMIT,TRAFFIC_CONTROL_DEVICE,DEVICE_CONDITION,WEATHER_CONDITION,LIGHTING_CONDITION,FIRST_CRASH_TYPE,TRAFFICWAY_TYPE,LANE_CNT,ALIGNMENT,ROADWAY_SURFACE_COND,ROAD_DEFECT,REPORT_TYPE,CRASH_TYPE,INTERSECTION_RELATED_I,NOT_RIGHT_OF_WAY_I,HIT_AND_RUN_I,DAMAGE,DATE_POLICE_NOTIFIED,PRIM_CONTRIBUTORY_CAUSE,SEC_CONTRIBUTORY_CAUSE,STREET_NO,STREET_DIRECTION,STREET_NAME,BEAT_OF_OCCURRENCE,PHOTOS_TAKEN_I,STATEMENTS_TAKEN_I,DOORING_I,WORK_ZONE_I,WORK_ZONE_TYPE,WORKERS_PRESENT_I,NUM_UNITS,MOST_SEVERE_INJURY,INJURIES_TOTAL,INJURIES_FATAL,INJURIES_INCAPACITATING,INJURIES_NON_INCAPACITATING,INJURIES_REPORTED_NOT_EVIDENT,INJURIES_NO_INDICATION,INJURIES_UNKNOWN,CRASH_HOUR,CRASH_DAY_OF_WEEK,CRASH_MONTH,LATITUDE,LONGITUDE,LOCATION
33a043a4cf6aaeb9cf2da1df6d5b9241ff67e3144e6bcae5fddacccd84d5d355f9fd980ed9a60fe0d64ab603db6d7fffe32b81e919b70526fdeb5cda15815bbe,JF170395,,3/11/2022 12:15,30,NO CONTROLS,NO CONTROLS,CLEAR,DAYLIGHT,REAR END,NOT DIVIDED,,STRAIGHT AND LEVEL,DRY,NO DEFECTS,NOT ON SCENE (DESK REPORT),NO INJURY / DRIVE AWAY,,,,"OVER $1,500",3/11/2022 12:45,FOLLOWING TOO CLOSELY,NOT APPLICABLE,900,N,MICHIGAN AVE,1833,,,,,,,2,NO INDICATION OF INJURY,0,0,0,0,0,3,0,12,6,3,41.8992486,-87.62427498,POINT (-87.624274978205 41.899248597036)
3446f733bc4017b873225e6d15f25c4681a484df583ff4898ba8adbf7864c05e9bdb2e0ce2350dc28a2c68ee3d1cb3b41981792c801a5cc65f2610d839e72c9b,JF171644,,3/12/2022 15:19,30,TRAFFIC SIGNAL,FUNCTIONING PROPERLY,CLEAR,DAYLIGHT,TURNING,ONE-WAY,,STRAIGHT AND LEVEL,DRY,NO DEFECTS,ON SCENE,NO INJURY / DRIVE AWAY,N,,,"OVER $1,500",3/12/2022 15:20,UNABLE TO DETERMINE,UNABLE TO DETERMINE,7098,S,LAFAYETTE AVE,731,,,,,,,2,NO INDICATION OF INJURY,0,0,0,0,0,3,0,15,7,3,41.76549413,-87.62669673,POINT (-87.626696732048 41.765494132738)
5bf780adb403596bb8e4c51cf262f058cd4b3157f1149347e335d6d94c1faea93227e94b46aaf796b280b734f6198fb18a5883b61df31692a26ff72576d5107c,JF171575,Y,3/12/2022 2:00,30,NO CONTROLS,NO CONTROLS,CLEAR,"DARKNESS, LIGHTED ROAD",PARKED MOTOR VEHICLE,ONE-WAY,,STRAIGHT AND LEVEL,DRY,NO DEFECTS,NOT ON SCENE (DESK REPORT),NO INJURY / DRIVE AWAY,,,Y,"OVER $1,500",3/12/2022 14:48,DISREGARDING ROAD MARKINGS,NOT APPLICABLE,632,N,DEARBORN ST,1832,,,,,,,2,NO INDICATION OF INJURY,0,0,0,0,0,1,0,2,7,3,41.89335935,-87.62984515,POINT (-87.629845146787 41.893359354192)
7ce87830bfaf10db2f27a8b2aa427b068c5cd56dbfbf32cd0f0312ecb9d1ffdf0f3c2f022fc5a656a9f58dd87c6e1a9fe1b740a83c2a6106aaf4bad47dc66b29,JF172121,,3/13/2022 1:02,30,NO CONTROLS,NO CONTROLS,CLEAR,"DARKNESS, LIGHTED ROAD",PARKED MOTOR VEHICLE,OTHER,,STRAIGHT AND LEVEL,DRY,NO DEFECTS,ON SCENE,NO INJURY / DRIVE AWAY,,,Y,"OVER $1,500",3/13/2022 1:15,UNABLE TO DETERMINE,UNABLE TO DETERMINE,138,N,LOREL AVE,1523,,,,,,,2,NO INDICATION OF INJURY,0,0,0,0,0,1,0,1,1,3,41.88347539,-87.75899709,POINT (-87.758997094418 41.883475394113)
a4f6de9cbb865f5fec1449a24d85afd40e5fd3de3b9c14ae7379007f7576cc06931795c0eda74a6c9162e2796a2dd88cf4de124f0d912319767a18cbc60279ac,JF171574,Y,3/11/2022 18:00,15,NO CONTROLS,NO CONTROLS,UNKNOWN,UNKNOWN,PARKED MOTOR VEHICLE,ONE-WAY,,STRAIGHT AND LEVEL,UNKNOWN,UNKNOWN,NOT ON SCENE (DESK REPORT),NO INJURY / DRIVE AWAY,,,Y,"OVER $1,500",3/12/2022 15:00,IMPROPER OVERTAKING/PASSING,UNABLE TO DETERMINE,1540,E,67TH PL,332,,,,,,,2,NO INDICATION OF INJURY,0,0,0,0,0,1,0,18,6,3,41.77252781,-87.58710345,POINT (-87.587103449025 41.772527806504)
24fd19636317cc6d2ee0ef8830085395ba8da22c6ad390fc6bef1569205ef7b1670f4f89087113e9de48a02240577bea5cdf1a4a84bfe1b89da2469dffe9b0c2,JF179805,,3/19/2022 21:00,30,NO CONTROLS,NO CONTROLS,RAIN,"DARKNESS, LIGHTED ROAD",PARKED MOTOR VEHICLE,NOT DIVIDED,,STRAIGHT AND LEVEL,WET,NO DEFECTS,NOT ON SCENE (DESK REPORT),NO INJURY / DRIVE AWAY,,,Y,"$501 - $1,500",3/19/2022 22:00,UNABLE TO DETERMINE,NOT APPLICABLE,6435,N,DAMEN AVE,2412,,,,,,,2,NO INDICATION OF INJURY,0,0,0,0,0,1,0,21,7,3,41.99888251,-87.68002217,POINT (-87.680022167043 41.998882509447)
f6942fd895af54daf1b6e53a971079a78fdbc3f9d3fc87927b922e5d35d8275360b7c33194f29c87a5f4879eb8ed84e7071bc086983d08dd5a01f5a352f96091,JF170148,,3/11/2022 8:00,15,NO CONTROLS,NO CONTROLS,CLEAR,DAYLIGHT,ANGLE,NOT DIVIDED,,STRAIGHT AND LEVEL,DRY,NO DEFECTS,NOT ON SCENE (DESK REPORT),NO INJURY / DRIVE AWAY,,,,"$501 - $1,500",3/11/2022 9:00,FAILING TO YIELD RIGHT-OF-WAY,FAILING TO REDUCE SPEED TO AVOID CRASH,2611,W,44TH ST,922,,,,,,,3,NO INDICATION OF INJURY,0,0,0,0,0,2,0,8,6,3,41.81368832,-87.68995766,POINT (-87.689957657218 41.813688314644)
43545cae80e6853962a62b6edbb501db54541a94f559222f1b3ff6aec6dab222cc04f42803414c01bec3e0d38efcc4346729d4b712f3992893dd35280b6d3d7f,JF171985,,3/12/2022 20:36,30,NO CONTROLS,NO CONTROLS,CLEAR,"DARKNESS, LIGHTED ROAD",TURNING,NOT DIVIDED,,STRAIGHT AND LEVEL,DRY,NO DEFECTS,ON SCENE,NO INJURY / DRIVE AWAY,,,,"OVER $1,500",3/12/2022 20:42,IMPROPER TURNING/NO SIGNAL,DISREGARDING ROAD MARKINGS,10302,S,KEDZIE AVE,2211,,,,,,,2,NO INDICATION OF INJURY,0,0,0,0,0,6,0,20,7,3,41.70602635,-87.70146391,POINT (-87.701463906181 41.706026348378)
ab5f4b14bad71b62bc3c4e4ba9ea098e80d601fb5e6a5440d0fe1f7595270f4fdac071faf0440880fa6898dca818685d66486393a1860002a43cb2177e7e3cab,JF170545,Y,2/23/2022 5:00,10,NO CONTROLS,NO CONTROLS,CLEAR,DAYLIGHT,PARKED MOTOR VEHICLE,UNKNOWN,,STRAIGHT AND LEVEL,UNKNOWN,UNKNOWN,NOT ON SCENE (DESK REPORT),NO INJURY / DRIVE AWAY,,,Y,"OVER $1,500",2/23/2022 6:58,UNABLE TO DETERMINE,UNABLE TO DETERMINE,1438,W,63RD ST,713,Y,,,,,,2,NO INDICATION OF INJURY,0,0,0,0,0,1,0,5,4,2,41.77963154,-87.66088702,POINT (-87.660887017333 41.779631535941)
1416c3eff642d2f88e00a3a80751cb7ef23d174696b7982e888cf44f0920d6934416ec55f45e2ecbf596fbfc819b7c143994db761a1519a7a6e1b559818da7f0,JF163740,,3/5/2022 0:42,30,TRAFFIC SIGNAL,FUNCTIONING PROPERLY,CLEAR,"DARKNESS, LIGHTED ROAD",TURNING,FOUR WAY,,STRAIGHT AND LEVEL,DRY,NO DEFECTS,ON SCENE,INJURY AND / OR TOW DUE TO CRASH,Y,,,"OVER $1,500",3/5/2022 0:43,UNABLE TO DETERMINE,UNABLE TO DETERMINE,5200,S,ARCHER AVE,815,,,,,,,2,NO INDICATION OF INJURY,0,0,0,0,0,5,0,0,7,3,41.80010754,-87.73446827,POINT (-87.734468273475 41.800107535416)
504191689e6bd84e45caf04ba25f5350562337a7329deafd4e6288139d419e7b6aec1623c4702f116971c4e70c2d99bf7e75186f1ba1cff1e8a297413ff62a27,JF171094,,3/12/2022 1:30,30,TRAFFIC SIGNAL,FUNCTIONING PROPERLY,CLEAR,"DARKNESS, LIGHTED ROAD",REAR END,NOT DIVIDED,,STRAIGHT AND LEVEL,DRY,UNKNOWN,NOT ON SCENE (DESK REPORT),NO INJURY / DRIVE AWAY,,,,"$501 - $1,500",3/12/2022 3:00,FOLLOWING TOO CLOSELY,FOLLOWING TOO CLOSELY,4752,W,CHICAGO AVE,1111,,,,,,,2,NO INDICATION OF INJURY,0,0,0,0,0,2,0,1,7,3,41.89511652,-87.74561965,POINT (-87.745619645799 41.895116516031)
b81e3a4a5fb61720c5d408cdea770971d62ba03a04922a29b9b7c72933d91bf9900758d0c5ed875746c606e561b6cc26fe644418f9049861cac88834f223fff8,JF172199,,3/13/2022 1:56,30,NO CONTROLS,NO CONTROLS,CLEAR,"DARKNESS, LIGHTED ROAD",PARKED MOTOR VEHICLE,ALLEY,,STRAIGHT AND LEVEL,DRY,NO DEFECTS,NOT ON SCENE (DESK REPORT),NO INJURY / DRIVE AWAY,,,,"$501 - $1,500",3/13/2022 4:20,UNABLE TO DETERMINE,UNABLE TO DETERMINE,412,N,CLARK ST,1831,,,,,,,2,NO INDICATION OF INJURY,0,0,0,0,0,1,0,1,1,3,41.88968728,-87.6312191,POINT (-87.63121909812 41.88968727652)
07e08e311f39d361530a9ecb2779196ccd4d6136e727ecec3c78c41d20eadbbc24fb3e522a7617cb55c01e728e631b8e0ca99f90f486eeea7920a12ec191bfcd,JF164151,,3/5/2022 11:20,25,NO CONTROLS,NO CONTROLS,CLEAR,DAYLIGHT,SIDESWIPE SAME DIRECTION,NOT DIVIDED,,STRAIGHT AND LEVEL,DRY,NO DEFECTS,ON SCENE,NO INJURY / DRIVE AWAY,,,,"OVER $1,500",3/5/2022 12:30,UNABLE TO DETERMINE,UNABLE TO DETERMINE,86,E,113TH ST,531,,,,,,,2,NO INDICATION OF INJURY,0,0,0,0,0,2,0,11,7,3,41.6890916,-87.62110779,POINT (-87.621107789652 41.68909160202)
2bf79fff7bf77262f7145fea3abff6f86f168fcb2b28e92e903e518188901eaa8f46f14ea47ee25e1f4e015085e6614361676631c2ad7032b0fde86fb3f752ef,JF169855,N,3/10/2022 20:45,30,NO CONTROLS,NO CONTROLS,SNOW,"DARKNESS, LIGHTED ROAD",PARKED MOTOR VEHICLE,ONE-WAY,,STRAIGHT AND LEVEL,WET,NO DEFECTS,ON SCENE,INJURY AND / OR TOW DUE TO CRASH,,,Y,"OVER $1,500",3/10/2022 20:50,UNABLE TO DETERMINE,UNABLE TO DETERMINE,1370,W,78TH ST,612,,,,,,,2,NO INDICATION OF INJURY,0,0,0,0,0,1,0,20,5,3,41.75236558,-87.65817135,POINT (-87.658171353811 41.752365581906)
5973e239f08be7f63da6c18e74e4d1d076ec21b7eb36612e8392fd9d39b45bed75c777973848accdd39f74975cfc9d1194435c0de8076a773960e336dbd20cde,JF171478,,3/10/2022 14:15,30,NO CONTROLS,NO CONTROLS,CLEAR,DAYLIGHT,PARKED MOTOR VEHICLE,ONE-WAY,,STRAIGHT AND LEVEL,DRY,NO DEFECTS,NOT ON SCENE (DESK REPORT),NO INJURY / DRIVE AWAY,,,,$500 OR LESS,3/12/2022 13:00,IMPROPER TURNING/NO SIGNAL,NOT APPLICABLE,6159,W,GRACE ST,1633,,,,,,,2,NO INDICATION OF INJURY,0,0,0,0,0,1,0,14,5,3,41.94924468,-87.78139971,POINT (-87.781399709845 41.949244678495)
76e88eae66a5a2614a7713aa5ea34af9c9520c441358c7b78648bed98341816bdfc63a247af936e79893ed4fb1e90f6f084c8e199a4ec060a62d22e1f910271a,JF171276,,3/8/2022 19:50,30,NO CONTROLS,NO CONTROLS,CLEAR,"DARKNESS, LIGHTED ROAD",REAR END,DIVIDED - W/MEDIAN (NOT RAISED),,STRAIGHT AND LEVEL,DRY,NO DEFECTS,NOT ON SCENE (DESK REPORT),NO INJURY / DRIVE AWAY,,,,"OVER $1,500",3/12/2022 10:15,UNABLE TO DETERMINE,UNABLE TO DETERMINE,3954,N,PULASKI RD,1732,,,,,,,2,NO INDICATION OF INJURY,0,0,0,0,0,2,0,19,3,3,41.95348027,-87.72775979,POINT (-87.727759792738 41.953480272297)
0abebc448cc1e464a75e7e79590e9d5d24b6c6ec06dc1e8bddc171c1c0c21bca2913292f10739e951aa72ed5c6232a213d8dbcc1b0534196ddb3ff10a3966513,JF164188,,2/28/2022 11:00,30,NO CONTROLS,NO CONTROLS,CLEAR,DAYLIGHT,PARKED MOTOR VEHICLE,PARKING LOT,,STRAIGHT AND LEVEL,DRY,NO DEFECTS,NOT ON SCENE (DESK REPORT),NO INJURY / DRIVE AWAY,,,,"OVER $1,500",3/5/2022 13:15,DRIVING SKILLS/KNOWLEDGE/EXPERIENCE,NOT APPLICABLE,1900,E,71ST ST,332,,,,,,,2,NO INDICATION OF INJURY,0,0,0,0,0,1,0,11,2,2,41.76632897,-87.5787326,POINT (-87.578732603241 41.766328969011)
13f9c0b9918d483ebab1491f70e5d80912fa76f3fee55920fc112dc0bc1614c1ff19fa4c85f59848029d79170e48587a58a900f658fbd40720b706c61d9e06d6,JF171275,Y,3/12/2022 9:30,35,TRAFFIC SIGNAL,FUNCTIONING PROPERLY,CLEAR,DAYLIGHT,REAR END,NOT DIVIDED,,STRAIGHT AND LEVEL,DRY,NO DEFECTS,ON SCENE,NO INJURY / DRIVE AWAY,Y,,,"OVER $1,500",3/12/2022 9:30,FAILING TO REDUCE SPEED TO AVOID CRASH,DRIVING SKILLS/KNOWLEDGE/EXPERIENCE,5201,S,CICERO AVE,815,,,,,,,2,NO INDICATION OF INJURY,0,0,0,0,0,2,0,9,7,3,41.79856465,-87.7427786,POINT (-87.742778601646 41.798564648779)
36f87450de02c1bcfa5d13eff870984fe8e4d776f13f32282bc74efae55f618acf468555b86cece0eb510c79e696534045e42005ec5d384f059688e0f67fed79,JF171406,,3/12/2022 11:00,10,NO CONTROLS,NO CONTROLS,CLEAR,DAYLIGHT,PARKED MOTOR VEHICLE,PARKING LOT,,STRAIGHT AND LEVEL,DRY,NO DEFECTS,NOT ON SCENE (DESK REPORT),NO INJURY / DRIVE AWAY,,,Y,"OVER $1,500",3/12/2022 12:15,NOT APPLICABLE,NOT APPLICABLE,7155,S,HAMLIN AVE,833,,,,,,,2,NO INDICATION OF INJURY,0,0,0,0,0,1,0,11,7,3,41.76255057,-87.71729766,POINT (-87.717297656503 41.762550565975)
9dde3d3abdd16b66f13b692c2d4eb6da2c618f469948d6b66d3d0b1dd6cbb6bfa09bd5cab91fa90f88a7bd51bedf32f376e3e7cbe12864d29d1c68c34ece886d,JF172130,Y,3/13/2022 1:20,30,NO CONTROLS,NO CONTROLS,CLEAR,"DARKNESS, LIGHTED ROAD",PARKED MOTOR VEHICLE,ONE-WAY,,STRAIGHT AND LEVEL,DRY,NO DEFECTS,ON SCENE,INJURY AND / OR TOW DUE TO CRASH,,,Y,"OVER $1,500",3/13/2022 1:20,UNABLE TO DETERMINE,NOT APPLICABLE,4507,N,SAWYER AVE,1724,,,,,,,3,NO INDICATION OF INJURY,0,0,0,0,0,1,0,1,1,3,41.96325571,-87.70938803,POINT (-87.709388033332 41.96325570747)
05185e1a648e71860110b61b76e469b5a369172018236567da25662402c4fd55a50cd498d7dcd3eea2a734e5dc978323b7a297626d4154338ff4301a3321a2e5,JF164224,Y,3/5/2022 10:30,15,NO CONTROLS,NO CONTROLS,CLEAR,DAYLIGHT,OTHER OBJECT,ALLEY,,STRAIGHT AND LEVEL,DRY,NO DEFECTS,NOT ON SCENE (DESK REPORT),NO INJURY / DRIVE AWAY,,Y,Y,"OVER $1,500",3/5/2022 14:00,UNABLE TO DETERMINE,UNABLE TO DETERMINE,2109,N,WHIPPLE ST,1414,,,,,,,1,NO INDICATION OF INJURY,0,0,0,0,0,1,0,10,7,3,41.91957511,-87.70372624,POINT (-87.703726239725 41.91957511298)
6de9c676481ad54c9e320dfcc3f9b02651fa96f37898500b37053942b2ab9281d85ddf76572c957e418dec533e32b0279cac9eb796e841b42c0bb5f190ca9371,JF168916,,3/10/2022 5:10,30,TRAFFIC SIGNAL,FUNCTIONING PROPERLY,CLEAR,DUSK,REAR END,NOT DIVIDED,,STRAIGHT AND LEVEL,DRY,NO DEFECTS,ON SCENE,INJURY AND / OR TOW DUE TO CRASH,,,,"OVER $1,500",3/10/2022 5:19,FAILING TO REDUCE SPEED TO AVOID CRASH,FOLLOWING TOO CLOSELY,150,W,ROOSEVELT RD,123,,,,,,,2,INCAPACITATING INJURY,1,0,1,0,0,1,0,5,5,3,41.86745273,-87.63233424,POINT (-87.632334236597 41.867452730876)
37eb044bd4c496853338d58099d33dcd2bdee29713d0f4e452434c62e0df8002f79fa2835693c6c375c901919dc4339e539dc2dd5be565f8faf16f15ecc4b348,JF186386,,3/25/2022 16:00,30,TRAFFIC SIGNAL,FUNCTIONING PROPERLY,CLOUDY/OVERCAST,DAYLIGHT,REAR END,DIVIDED - W/MEDIAN BARRIER,,STRAIGHT AND LEVEL,WET,NO DEFECTS,ON SCENE,INJURY AND / OR TOW DUE TO CRASH,Y,,,"OVER $1,500",3/25/2022 16:02,FOLLOWING TOO CLOSELY,UNABLE TO DETERMINE,9455,S,ASHLAND AVE,2221,,,,,,,3,"REPORTED, NOT EVIDENT",1,0,0,0,1,3,0,16,6,3,41.72142165,-87.66254381,POINT (-87.662543807618 41.721421653036)
938bfbdde530fcae8cf909e612dc5016ee3160afa26065f21abdb249288bda88bb2a0fb3b4239e3971d204137bf59d313244c083e4bbefe29717878917c7b7a1,JF170803,,3/11/2022 17:25,20,NO CONTROLS,NO CONTROLS,CLEAR,DUSK,ANGLE,FOUR WAY,,"CURVE, LEVEL",DRY,UNKNOWN,ON SCENE,INJURY AND / OR TOW DUE TO CRASH,Y,,,"OVER $1,500",3/11/2022 17:48,FAILING TO YIELD RIGHT-OF-WAY,FAILING TO YIELD RIGHT-OF-WAY,8725,W,WILSON AVE,1614,,,,,,,2,NO INDICATION OF INJURY,0,0,0,0,0,2,0,17,6,3,41.96292546,-87.84474209,POINT (-87.844742085036 41.962925458962)
e2b83fbaa62aa1440a678a5344ce1edcef3b4cbea6b0f4dba51dad27c92495835e8e1021b006c95aec3d4b3965d87f396d27da16d9b3be8634918311bc2ee2a7,JF170958,,3/11/2022 22:22,30,TRAFFIC SIGNAL,FUNCTIONING PROPERLY,CLEAR,"DARKNESS, LIGHTED ROAD",TURNING,FOUR WAY,,STRAIGHT AND LEVEL,DRY,NO DEFECTS,ON SCENE,NO INJURY / DRIVE AWAY,Y,,,"$501 - $1,500",3/11/2022 22:22,IMPROPER TURNING/NO SIGNAL,IMPROPER LANE USAGE,1700,W,VAN BUREN ST,1231,,,,,,,2,NO INDICATION OF INJURY,0,0,0,0,0,4,0,22,6,3,41.87642685,-87.66917652,POINT (-87.669176520302 41.876426852211)
388124c6efac467c406ad501c9c12bb993cb2d0cac3d1864aaf7f8475e26de2c74bcfb236992d5dc5b5eb7f51cf6865b2ad321a1be2c5ccfac792e682ded126a,JF186098,,3/25/2022 11:25,30,TRAFFIC SIGNAL,FUNCTIONING PROPERLY,RAIN,DAYLIGHT,REAR END,NOT DIVIDED,,STRAIGHT AND LEVEL,WET,NO DEFECTS,ON SCENE,NO INJURY / DRIVE AWAY,,,Y,"OVER $1,500",3/25/2022 11:30,FOLLOWING TOO CLOSELY,NOT APPLICABLE,1955,N,KEDZIE AVE,1421,,,,,,,2,NO INDICATION OF INJURY,0,0,0,0,0,2,0,11,6,3,41.9172413,-87.70681515,POINT (-87.706815146826 41.91724130078)
51402f1a198624041652f7938b7e6d7e565543296d0bc7173e25b506e1c011173b324ee7034e19be8787ed700a765c8b7721486b522fcf7a04e74f81d01a40e7,JF171859,,3/12/2022 18:20,35,TRAFFIC SIGNAL,FUNCTIONING PROPERLY,CLEAR,"DARKNESS, LIGHTED ROAD",REAR END,DIVIDED - W/MEDIAN BARRIER,,STRAIGHT AND LEVEL,DRY,NO DEFECTS,ON SCENE,NO INJURY / DRIVE AWAY,,,,"OVER $1,500",3/12/2022 18:28,FOLLOWING TOO CLOSELY,UNABLE TO DETERMINE,259,E,WACKER DR,114,,,,,,,2,NO INDICATION OF INJURY,0,0,0,0,0,2,0,18,7,3,41.88772085,-87.62075091,POINT (-87.62075091087 41.887720847466)
0d32863ad0516100b50cb235893e6624d19303b4892286f05c912e6a5d8ab0c2f98157cc439c4951efdb8055547ba968682507720b618dfa81429853c2a45115,JF164781,,3/6/2022 1:55,30,NO CONTROLS,NO CONTROLS,RAIN,"DARKNESS, LIGHTED ROAD",PARKED MOTOR VEHICLE,NOT DIVIDED,,STRAIGHT AND LEVEL,WET,UNKNOWN,ON SCENE,INJURY AND / OR TOW DUE TO CRASH,,,Y,"OVER $1,500",3/6/2022 1:55,UNABLE TO DETERMINE,NOT APPLICABLE,2815,N,LARAMIE AVE,2521,,,,,,,3,NO INDICATION OF INJURY,0,0,0,0,0,1,0,1,1,3,41.93185996,-87.75629118,POINT (-87.756291179123 41.931859955069)
94cc0f477f63007053eec582b2c510dede99f99053688a79832074f1dc846402c015f6da16104843d2431b8cda754a295185a762b6eb144ed307144824944814,JF171330,,3/12/2022 11:15,30,TRAFFIC SIGNAL,FUNCTIONING PROPERLY,CLEAR,DAYLIGHT,REAR END,NOT DIVIDED,,STRAIGHT AND LEVEL,DRY,NO DEFECTS,ON SCENE,INJURY AND / OR TOW DUE TO CRASH,Y,,,"OVER $1,500",3/12/2022 11:15,FOLLOWING TOO CLOSELY,NOT APPLICABLE,4200,N,CENTRAL AVE,1624,,,,,,,2,"REPORTED, NOT EVIDENT",2,0,0,0,2,0,0,11,7,3,41.95687429,-87.76727186,POINT (-87.767271860138 41.956874286464)
282eab134e7c7d0994fcb6b06673f5d260dd57a2d6d9344c334fea9a3c2d6b9e327ce459a18cbd66a3ee48f95822c7caae2a434e0a62c9c818ab41a3cf24f77c,JF179530,,3/19/2022 16:00,30,NO CONTROLS,NO CONTROLS,RAIN,DAYLIGHT,REAR END,NOT DIVIDED,,STRAIGHT AND LEVEL,WET,NO DEFECTS,ON SCENE,INJURY AND / OR TOW DUE TO CRASH,,,,"OVER $1,500",3/19/2022 16:05,WEATHER,UNABLE TO DETERMINE,9198,S,VINCENNES AVE,2222,,,,,,,3,"REPORTED, NOT EVIDENT",1,0,0,0,1,2,0,16,7,3,41.72698785,-87.64873759,POINT (-87.648737592062 41.726987853544)
2e0262b0308b0b4d6543454aec6e2b0c3cedd76437c4be578bca28628aaf83b5b0dd33bf68bf9b3666da9b740879b9402e5d76020d0636daaee0b6b630c75e42,JF171426,,3/12/2022 12:15,30,UNKNOWN,UNKNOWN,CLEAR,DAYLIGHT,REAR END,DIVIDED - W/MEDIAN (NOT RAISED),,STRAIGHT AND LEVEL,DRY,NO DEFECTS,NOT ON SCENE (DESK REPORT),NO INJURY / DRIVE AWAY,,,,"OVER $1,500",3/12/2022 12:45,UNABLE TO DETERMINE,UNABLE TO DETERMINE,2841,N,ASHLAND AVE,1932,,,,,,,2,NO INDICATION OF INJURY,0,0,0,0,0,2,0,12,7,3,41.93361123,-87.66829109,POINT (-87.668291092808 41.933611224956)
03cd8dd9bc6993f469e81a2f6fa380e999619ce628fc233f1f3810b38224289296929205263ee7c3e77d97d3003b2e79d31f4a9da583e030ab51d2dd22144cb2,JF163523,,3/4/2022 18:10,30,STOP SIGN/FLASHER,FUNCTIONING PROPERLY,CLEAR,"DARKNESS, LIGHTED ROAD",ANGLE,FOUR WAY,,STRAIGHT AND LEVEL,DRY,NO DEFECTS,ON SCENE,INJURY AND / OR TOW DUE TO CRASH,Y,,,"OVER $1,500",3/4/2022 18:55,FAILING TO YIELD RIGHT-OF-WAY,NOT APPLICABLE,529,E,75TH ST,624,,,,,,,2,NO INDICATION OF INJURY,0,0,0,0,0,2,0,18,6,3,41.75836338,-87.61152325,POINT (-87.611523254155 41.758363380785)
503f077110f43d20eea3d4fb90afbab0db6abd5c521c08e661e87576e25ce409f6658607fcfb58640553cf83107c65e2dd3da30f8ffbf3c967a92532c5f86050,JF171922,,3/12/2022 19:28,30,TRAFFIC SIGNAL,FUNCTIONING PROPERLY,OTHER,"DARKNESS, LIGHTED ROAD",PARKED MOTOR VEHICLE,NOT DIVIDED,,STRAIGHT AND LEVEL,DRY,NO DEFECTS,ON SCENE,INJURY AND / OR TOW DUE TO CRASH,Y,,Y,"OVER $1,500",3/12/2022 19:31,DRIVING ON WRONG SIDE/WRONG WAY,UNABLE TO DETERMINE,3806,W,JACKSON BLVD,1122,,,,,,,4,NO INDICATION OF INJURY,0,0,0,0,0,3,0,19,7,3,41.87725539,-87.72099441,POINT (-87.720994411866 41.877255392198)
63a8bc6fc0055339ade9f880a7a3faeecfe93978685a7f634a00b25c8d69c92115e04760835c7ef019d753be023de5c3a113fb37e3af98a66567b7aa8478397f,JF172119,,3/13/2022 0:27,30,UNKNOWN,UNKNOWN,CLEAR,"DARKNESS, LIGHTED ROAD",SIDESWIPE SAME DIRECTION,NOT DIVIDED,,STRAIGHT AND LEVEL,UNKNOWN,UNKNOWN,ON SCENE,NO INJURY / DRIVE AWAY,,,N,"$501 - $1,500",3/13/2022 0:53,UNABLE TO DETERMINE,UNABLE TO DETERMINE,6,W,KINZIE ST,1831,,,,,,,2,NO INDICATION OF INJURY,0,0,0,0,0,3,0,0,1,3,41.88935898,-87.62826977,POINT (-87.628269766016 41.889358979287)
101a72380c0a1b0d965b7328b0446be451a21f5740b38fc8252798054af3cfe97b162a42fec8db0463b9ff20eb807fa4aff7bb83c6d6acf369abee55f4591832,JF164250,,3/5/2022 13:30,30,TRAFFIC SIGNAL,FUNCTIONING PROPERLY,CLEAR,DAYLIGHT,REAR END,FOUR WAY,,STRAIGHT AND LEVEL,DRY,NO DEFECTS,NOT ON SCENE (DESK REPORT),NO INJURY / DRIVE AWAY,Y,,,"$501 - $1,500",3/5/2022 14:30,UNABLE TO DETERMINE,UNABLE TO DETERMINE,1159,N,CICERO AVE,1111,,,,,,,2,NO INDICATION OF INJURY,0,0,0,0,0,2,0,13,7,3,41.90230799,-87.74583059,POINT (-87.745830587239 41.902307988818)
0924f05e9e1512d4c0a28fbcb3cbd92ea9fe1adaca2703df70ed728cbad0b2dc47aa922e106429d23eb441cd260410c4d6b8b10dd7514514312c70204e9c0df4,JF157391,,2/27/2022 4:00,35,NO CONTROLS,UNKNOWN,CLEAR,"DARKNESS, LIGHTED ROAD",PARKED MOTOR VEHICLE,NOT DIVIDED,,STRAIGHT AND LEVEL,DRY,NO DEFECTS,ON SCENE,NO INJURY / DRIVE AWAY,,,,"OVER $1,500",2/27/2022 4:15,NOT APPLICABLE,NOT APPLICABLE,799,W,83RD ST,622,,,,,,,2,NO INDICATION OF INJURY,0,0,0,0,0,1,0,4,1,2,41.74324922,-87.64376694,POINT (-87.64376694291 41.743249222684)