CRASH_RECORD_ID,RD_NO,CRASH_DATE_EST_I,CRASH_DATE,POSTED_SPEED_LIMIT,TRAFFIC_CONTROL_DEVICE,DEVICE_CONDITION,WEATHER_CONDITION,LIGHTING_CONDITION,FIRST_CRASH_TYPE,TRAFFICWAY_TYPE,LANE_CNT,ALIGNMENT,ROADWAY_SURFACE_COND,ROAD_DEFECT,REPORT_TYPE,CRASH_TYPE,INTERSECTION_RELATED_I,NOT_RIGHT_OF_WAY_I,HIT_AND_RUN_I,DAMAGE,DATE_POLICE_NOTIFIED,PRIM_CONTRIBUTORY_CAUSE,SEC_CONTRIBUTORY_CAUSE,STREET_NO,STREET_DIRECTION,STREET_NAME,BEAT_OF_OCCURRENCE,PHOTOS_TAKEN_I,STATEMENTS_TAKEN_I,DOORING_I,WORK_ZONE_I,WORK_ZONE_TYPE,WORKERS_PRESENT_I,NUM_UNITS,MOST_SEVERE_INJURY,INJURIES_TOTAL,INJURIES_FATAL,INJURIES_INCAPACITATING,INJURIES_NON_INCAPACITATING,INJURIES_REPORTED_NOT_EVIDENT,INJURIES_NO_INDICATION,INJURIES_UNKNOWN,CRASH_HOUR,CRASH_DAY_OF_WEEK,CRASH_MONTH,LATITUDE,LONGITUDE,LOCATION
394c9c50bfc0fde31a7d8c70d5923ad16f1d93832bc4904c9f7304140d1cfc442889cbf49c245c00331af93cbb7be77a552d17e8cf4a593dbfd3b66f2a7b2f40,JE103137,,1/4/2021 14:55,30,NO CONTROLS,NO CONTROLS,CLEAR,DAYLIGHT,TURNING,T-INTERSECTION,,STRAIGHT AND LEVEL,DRY,NO DEFECTS,,INJURY AND / OR TOW DUE TO CRASH,Y,,,"OVER $1,500",1/4/2021 14:58,FAILING TO YIELD RIGHT-OF-WAY,IMPROPER TURNING/NO SIGNAL,3100,W,51ST ST,923,,,,,,,3,NO INDICATION OF INJURY,0,0,0,0,0,6,0,14,2,1,41.80097202,-87.70138976,POINT (-87.701389755833 41.800972017784)
17c1fc1614b86c57ad01496bf2431605ddb3fb2cbf14998071496c605798da729231a2673cc24a4e6a377246011596032f805e8682d97dfdeb205c1a5c694ff4,JF168735,,3/9/2022 21:17,30,NO CONTROLS,NO CONTROLS,CLEAR,"DARKNESS, LIGHTED ROAD",PARKED MOTOR VEHICLE,ONE-WAY,,STRAIGHT AND LEVEL,DRY,NO DEFECTS,,INJURY AND / OR TOW DUE TO CRASH,,,Y,"OVER $1,500",3/9/2022 21:36,UNABLE TO DETERMINE,UNABLE TO DETERMINE,1354,W,BALMORAL AVE,2013,,,,,,,4,NO INDICATION OF INJURY,0,0,0,0,0,1,0,21,4,3,41.98000994,-87.66470372,POINT (-87.664703724363 41.980009936984)
b26c6bf6d3c0ecb66be5996202a969541dd3b8a150997280029ec0c937dcd1b25549aeb77135bf374d1f233c82bd4a1aeaa35487fb6aab08d0bf8df2d55ecbd7,JF168328,,3/9/2022 14:17,30,STOP SIGN/FLASHER,UNKNOWN,CLEAR,DAYLIGHT,ANGLE,NOT DIVIDED,,STRAIGHT AND LEVEL,DRY,UNKNOWN,NOT ON SCENE (DESK REPORT),NO INJURY / DRIVE AWAY,Y,,,$500 OR LESS,3/9/2022 14:45,UNABLE TO DETERMINE,UNABLE TO DETERMINE,700,N,HOMAN AVE,1121,,,,,,,2,NO INDICATION OF INJURY,0,0,0,0,0,2,0,14,4,3,41.89376462,-87.71153218,POINT (-87.711532177271 41.893764624095)
1560238dfcd1aa3e899518d05514b76a671cd025655637d7a4f2af8b5d2586d4f223f744b50857ee58d1049b1aaf0f3126735573bf6336cc868e1c650756254c,JF170215,,3/11/2022 9:45,25,NO CONTROLS,NO CONTROLS,CLEAR,DAYLIGHT,PARKED MOTOR VEHICLE,ONE-WAY,,STRAIGHT AND LEVEL,DRY,NO DEFECTS,NOT ON SCENE (DESK REPORT),NO INJURY / DRIVE AWAY,,,Y,"$501 - $1,500",3/11/2022 10:14,UNABLE TO DETERMINE,UNABLE TO DETERMINE,6757,S,MERRILL AVE,331,,,,,,,2,NO INDICATION OF INJURY,0,0,0,0,0,1,0,9,6,3,41.77182225,-87.57264052,POINT (-87.572640516919 41.771822244689)
3c2013458b06f7063b5c4a67df59a54857be08f7082f2813c46feee103c3d65e329e5420c2bee6857104b8dc2c5052de5b7c416cbb4f756e83c69ef4e95271b5,JF171573,,3/12/2022 12:50,30,NO CONTROLS,NO CONTROLS,CLEAR,DAYLIGHT,PARKED MOTOR VEHICLE,NOT DIVIDED,,STRAIGHT AND LEVEL,DRY,NO DEFECTS,NOT ON SCENE (DESK REPORT),NO INJURY / DRIVE AWAY,,,Y,"$501 - $1,500",3/12/2022 14:43,UNABLE TO DETERMINE,UNABLE TO DETERMINE,300,N,STATE ST,1831,,,,,,,2,NO INDICATION OF INJURY,0,0,0,0,0,1,0,12,7,3,41.88755787,-87.62815307,POINT (-87.628153064672 41.887557872813)
7905efca42ea23294033d62fedd301a60dbc92ce0c7f8a11933a36cc1f0899dbeb981c4da6992213dd578b0e52730a549298075bf88a04f863a662eb5cf6d18f,JF172205,,3/13/2022 3:30,35,NO CONTROLS,NO CONTROLS,CLEAR,"DARKNESS, LIGHTED ROAD",REAR END,DIVIDED - W/MEDIAN BARRIER,,STRAIGHT AND LEVEL,DRY,NO DEFECTS,ON SCENE,INJURY AND / OR TOW DUE TO CRASH,,,Y,"OVER $1,500",3/13/2022 3:35,IMPROPER LANE USAGE,"OPERATING VEHICLE IN ERRATIC, RECKLESS, CARELESS, NEGLIGENT OR AGGRESSIVE MANNER",2200,N,LAKE SHORE DR SB,1814,Y,,,,,,2,NONINCAPACITATING INJURY,1,0,0,1,0,1,0,3,1,3,41.9221208,-87.63024326,POINT (-87.630243260328 41.922120796559)
91e03ed09c5b4ed1b6c81fc752394fb4c569424efa4c1e8bea3044a4cd8e8f0cf4dc24728f40abff27fe51c7a651b12f913b8295aeafd134682375b6c2fe405e,JF164128,,3/4/2022 17:20,20,STOP SIGN/FLASHER,FUNCTIONING PROPERLY,CLEAR,DAYLIGHT,TURNING,ONE-WAY,,STRAIGHT AND LEVEL,DRY,NO DEFECTS,NOT ON SCENE (DESK REPORT),NO INJURY / DRIVE AWAY,,,,"$501 - $1,500",3/5/2022 12:30,IMPROPER OVERTAKING/PASSING,UNABLE TO DETERMINE,2600,S,RIDGEWAY AVE,1031,,,,,,,2,NO INDICATION OF INJURY,0,0,0,0,0,2,0,17,6,3,41.84423596,-87.71859703,POINT (-87.718597030844 41.844235964136)
0c4925914d22cbed88bafb316147d377722ec83d12997b49aca57c0130b97cfa9eb3dd7e3af2367d9746da5b614696f2855c32aadb97b339472ff72cc930e094,JF164476,,3/5/2022 17:25,10,NO CONTROLS,NO CONTROLS,CLEAR,DAYLIGHT,ANGLE,ALLEY,,STRAIGHT AND LEVEL,DRY,NO DEFECTS,ON SCENE,INJURY AND / OR TOW DUE TO CRASH,,,,"OVER $1,500",3/5/2022 17:52,FAILING TO YIELD RIGHT-OF-WAY,NOT APPLICABLE,3940,W,CORNELIA AVE,1732,,,,,,,2,NO INDICATION OF INJURY,0,0,0,0,0,2,0,17,7,3,41.94467332,-87.72657949,POINT (-87.726579486598 41.94467332131)
11fbf4b4e43e64c69b74c4b4d88aa3426fe18d2a0de76c103059e447e8a02fcad8b3ba7c15ed755a35c8d0862ee5bd303bcf69b92cc3101e79273085e6fbb680,JF164823,,3/6/2022 2:19,25,NO CONTROLS,NO CONTROLS,CLEAR,"DARKNESS, LIGHTED ROAD",FIXED OBJECT,DIVIDED - W/MEDIAN BARRIER,,STRAIGHT AND LEVEL,DRY,NO DEFECTS,ON SCENE,INJURY AND / OR TOW DUE TO CRASH,,,,"OVER $1,500",3/6/2022 3:17,PHYSICAL CONDITION OF DRIVER,NOT APPLICABLE,6423,S,HALSTED ST,723,,,,,,,1,NO INDICATION OF INJURY,0,0,0,0,0,1,0,2,1,3,41.77728999,-87.64457674,POINT (-87.644576738743 41.777289987244)
a24e164b3ed44bf5a781977a588acab0a6c0b22742189c2a6ad4e25396b65b4dfd466bd74ab487b091f899b572afddf4a291a6ae2ed387b99b4c0729dd828516,JF172820,,3/12/2022 23:15,30,TRAFFIC SIGNAL,MISSING,CLEAR,"DARKNESS, LIGHTED ROAD",REAR END,FOUR WAY,,STRAIGHT AND LEVEL,DRY,NO DEFECTS,NOT ON SCENE (DESK REPORT),INJURY AND / OR TOW DUE TO CRASH,Y,,Y,"OVER $1,500",3/13/2022 18:38,DISREGARDING TRAFFIC SIGNALS,NOT APPLICABLE,700,W,TAYLOR ST,124,,,,,,,2,NONINCAPACITATING INJURY,1,0,0,1,0,1,0,23,7,3,41.86980522,-87.6437763,POINT (-87.643776301838 41.869805222061)
78b6da134b36a32049897315040f1f5fc23758d7cdd6e9697061e15ee90f69e11f5cf64e9b554bf789678b6441b39e2ac63351ffc9afd243ac97d592d2503c7a,JF163029,,3/4/2022 10:30,30,NO CONTROLS,NO CONTROLS,CLEAR,DAYLIGHT,SIDESWIPE SAME DIRECTION,NOT DIVIDED,,STRAIGHT AND LEVEL,DRY,NO DEFECTS,NOT ON SCENE (DESK REPORT),NO INJURY / DRIVE AWAY,,,,"OVER $1,500",3/4/2022 12:13,IMPROPER OVERTAKING/PASSING,NOT APPLICABLE,505,N,AUSTIN BLVD,1512,,,,,,,2,NO INDICATION OF INJURY,0,0,0,0,0,2,0,10,6,3,41.88914726,-87.77479958,POINT (-87.77479957687 41.889147260385)
2102989764b764942c3b71470388d2cce334c1c433d1cd9ec01fcb92387629ebd0f18f78a3da997f654e44ab2e37e7ee274bcfd3df2a544f6b281ddba3c3afaa,JF164020,,3/5/2022 10:25,15,NO CONTROLS,NO CONTROLS,CLEAR,DAYLIGHT,REAR TO REAR,PARKING LOT,,STRAIGHT AND LEVEL,DRY,NO DEFECTS,ON SCENE,NO INJURY / DRIVE AWAY,,Y,,"OVER $1,500",3/5/2022 10:36,UNABLE TO DETERMINE,UNABLE TO DETERMINE,3346,W,DIVERSEY AVE,1412,,,,,,,2,NO INDICATION OF INJURY,0,0,0,0,0,4,0,10,7,3,41.93208956,-87.71183714,POINT (-87.711837139148 41.932089557988)
a33b70c2fd23cd95163412780d571bde5227a15e628de75adeb49eddb85cab74940851ef4254e4e023dfc7bda90927d1afb81b08e03e2da6d23eb74770ac7f85,JF173803,,3/12/2022 20:30,30,NO CONTROLS,NO CONTROLS,CLEAR,DARKNESS,SIDESWIPE SAME DIRECTION,NOT DIVIDED,,STRAIGHT AND LEVEL,DRY,NO DEFECTS,NOT ON SCENE (DESK REPORT),NO INJURY / DRIVE AWAY,,,Y,"OVER $1,500",3/14/2022 17:15,IMPROPER OVERTAKING/PASSING,NOT APPLICABLE,7400,S,ASHLAND AVE,735,,,,,,,2,NO INDICATION OF INJURY,0,0,0,0,0,2,0,20,7,3,41.7593684,-87.66378572,POINT (-87.663785715867 41.75936839646)
a38b780df8a78dffbbb68ac1b7aa183d544e9ae9ca83457afbe7bff1dd603317059f2daa660e1d04d54a0c33e8ab0b4f03e038244fe4943b958cb28e1c514d0b,JF171966,,3/12/2022 20:03,30,TRAFFIC SIGNAL,FUNCTIONING PROPERLY,CLOUDY/OVERCAST,DARKNESS,ANGLE,NOT DIVIDED,,STRAIGHT AND LEVEL,UNKNOWN,UNKNOWN,ON SCENE,INJURY AND / OR TOW DUE TO CRASH,Y,,Y,"OVER $1,500",3/12/2022 20:05,DISREGARDING TRAFFIC SIGNALS,UNABLE TO DETERMINE,1000,W,GARFIELD BLVD,934,,,,,,,2,NONINCAPACITATING INJURY,1,0,0,1,0,1,0,20,7,3,41.79435114,-87.65007204,POINT (-87.650072038445 41.794351140093)
ab643a2c8e560efdc6a9f691321256274006bb35735f4a8cb9fc36ad2233b2c86bd2689bdbe5a8b3d4a5a235b7cfe83458784f0d7d23007466ebd1f1934f00df,JF164487,,3/4/2022 9:00,30,NO CONTROLS,NO CONTROLS,CLEAR,DAYLIGHT,PARKED MOTOR VEHICLE,NOT DIVIDED,,STRAIGHT AND LEVEL,DRY,NO DEFECTS,NOT ON SCENE (DESK REPORT),NO INJURY / DRIVE AWAY,,,Y,"OVER $1,500",3/5/2022 18:33,IMPROPER OVERTAKING/PASSING,IMPROPER OVERTAKING/PASSING,140,W,115TH ST,522,,,,,,,2,NO INDICATION OF INJURY,0,0,0,0,0,1,0,9,6,3,41.68537737,-87.62730974,POINT (-87.627309738713 41.685377369582)
6e6e392430ec980cbeaa69db23caa77aa5a9764adf96fa52c438e238cff658dc78dda4216e2c45430aec27fa36a0c9c5be4884bc3fb2ff38b053e3818458931c,JF164333,,3/5/2022 15:49,30,TRAFFIC SIGNAL,FUNCTIONING PROPERLY,CLEAR,DAYLIGHT,PARKED MOTOR VEHICLE,NOT DIVIDED,,STRAIGHT AND LEVEL,DRY,NO DEFECTS,ON SCENE,NO INJURY / DRIVE AWAY,,,,$500 OR LESS,3/5/2022 15:49,UNABLE TO DETERMINE,NOT APPLICABLE,11915,S,WENTWORTH AVE,522,,,,,,,2,NO INDICATION OF INJURY,0,0,0,0,0,4,0,15,7,3,41.67748686,-87.62730434,POINT (-87.627304342909 41.67748686199)
8ced874f9988157b433b6892c9b67866052391fa6b361389fcc73ecfc21b430f4dc25dff5abd4ae9537759f4f82d524d527a94e330054a833564f4a5dde999c6,JF163792,,3/5/2022 2:00,30,NO CONTROLS,NO CONTROLS,CLEAR,"DARKNESS, LIGHTED ROAD",FIXED OBJECT,DIVIDED - W/MEDIAN (NOT RAISED),,STRAIGHT AND LEVEL,DRY,NO DEFECTS,ON SCENE,INJURY AND / OR TOW DUE TO CRASH,,,,"OVER $1,500",3/5/2022 3:00,UNABLE TO DETERMINE,NOT APPLICABLE,5800,S,KEDZIE AVE,822,,,,,,,1,NO INDICATION OF INJURY,0,0,0,0,0,2,0,2,7,3,41.7879702,-87.70354447,POINT (-87.703544465118 41.787970201401)
e8136fa039ed6a2133610bccee0b0be4940b998aa4ce57cfdd56e332f5f2493ff9c59e0ca1c164bf0fc6d050a132724797ccb351298ba98c5f1aca532ca42cf4,JF164777,,3/6/2022 1:30,30,NO CONTROLS,NO CONTROLS,RAIN,"DARKNESS, LIGHTED ROAD",PARKED MOTOR VEHICLE,L-INTERSECTION,,STRAIGHT AND LEVEL,WET,NO DEFECTS,ON SCENE,INJURY AND / OR TOW DUE TO CRASH,Y,,,"OVER $1,500",3/6/2022 1:32,PHYSICAL CONDITION OF DRIVER,PHYSICAL CONDITION OF DRIVER,5059,N,ALBANY AVE,1713,,,,,,,2,NO INDICATION OF INJURY,0,0,0,0,0,1,0,1,1,3,41.97379201,-87.70603401,POINT (-87.706034008553 41.973792009386)
2ad9c08e470ac7bc7dc9adf27193f90acb9d871349319c37a7627cc8d389bec1bba4b22f374d942736429a0b16918ca97fdff252822ff97f2c4ed0a715708695,JF179355,Y,3/19/2022 13:00,20,NO CONTROLS,NO CONTROLS,RAIN,DAYLIGHT,PARKED MOTOR VEHICLE,ONE-WAY,,STRAIGHT AND LEVEL,WET,NO DEFECTS,NOT ON SCENE (DESK REPORT),NO INJURY / DRIVE AWAY,,,,"OVER $1,500",3/19/2022 13:20,IMPROPER BACKING,UNABLE TO DETERMINE,8013,S,GREEN ST,621,,,,,,,2,NO INDICATION OF INJURY,0,0,0,0,0,1,0,13,7,3,41.7483732,-87.64504194,POINT (-87.645041939316 41.748373201371)
1c14dee75f60ae25fbb7892b084615b229c5e7a08f2ba3ddb170c5de0a48c109d361592828c4acd8b6efc619d6efe6a93587f911fdbe4fb969c101555acdb876,JF164139,,3/5/2022 11:57,30,NO CONTROLS,NO CONTROLS,CLEAR,DAYLIGHT,REAR END,NOT DIVIDED,,STRAIGHT AND LEVEL,DRY,NO DEFECTS,NOT ON SCENE (DESK REPORT),NO INJURY / DRIVE AWAY,,,,"OVER $1,500",3/5/2022 12:40,UNABLE TO DETERMINE,NOT APPLICABLE,502,E,79TH ST,624,,,,,,,2,NO INDICATION OF INJURY,0,0,0,0,0,2,0,11,7,3,41.75127072,-87.61236063,POINT (-87.612360629115 41.751270719617)
2378dd9735102b1ccc90831bcf922b85bb9951dd0a413674d9a9bcdbc64880ddf8660f3b3493e9e357292201f424ab34a695b5187c4288cc4ea8ddf7457a75db,JF164337,,3/5/2022 15:45,30,NO CONTROLS,NO CONTROLS,CLEAR,DAYLIGHT,SIDESWIPE SAME DIRECTION,NOT DIVIDED,,STRAIGHT AND LEVEL,DRY,NO DEFECTS,NOT ON SCENE (DESK REPORT),NO INJURY / DRIVE AWAY,,,Y,"OVER $1,500",3/5/2022 16:10,IMPROPER OVERTAKING/PASSING,FAILING TO YIELD RIGHT-OF-WAY,2300,W,NORTH AVE,1434,,,,,,,2,NO INDICATION OF INJURY,0,0,0,0,0,2,0,15,7,3,41.91046646,-87.68484542,POINT (-87.684845418568 41.910466464416)
30716fa8e9d7a7246d93c4d30b4ff292c76a6087674254c35c12cd1c2d1a4f375e52fdf16b8104d019afc3525cd508a8dcab0b98128e5111f13023f84607fc98,JF164173,,3/5/2022 13:00,30,NO CONTROLS,NO CONTROLS,CLEAR,DAYLIGHT,SIDESWIPE OPPOSITE DIRECTION,PARKING LOT,,STRAIGHT AND LEVEL,DRY,NO DEFECTS,NOT ON SCENE (DESK REPORT),NO INJURY / DRIVE AWAY,,Y,,"$501 - $1,500",3/5/2022 13:40,FAILING TO YIELD RIGHT-OF-WAY,NOT APPLICABLE,4958,W,FULLERTON AVE,2521,,,,,,,2,NO INDICATION OF INJURY,0,0,0,0,0,2,0,13,7,3,41.92428589,-87.75110573,POINT (-87.751105733682 41.924285888333)
50f950f88850f74330fb7fec4b010656ddd03d16e961463dbfc78e7a90e885ae838b1d0d3565e5e6085c141aa310aa3d6935377257a13d6ae0c8de05aee43265,JF164406,,3/5/2022 16:03,30,STOP SIGN/FLASHER,FUNCTIONING PROPERLY,CLEAR,DAYLIGHT,ANGLE,FOUR WAY,,STRAIGHT AND LEVEL,DRY,NO DEFECTS,ON SCENE,INJURY AND / OR TOW DUE TO CRASH,Y,,,"OVER $1,500",3/5/2022 16:03,EQUIPMENT - VEHICLE CONDITION,EQUIPMENT - VEHICLE CONDITION,2900,W,BRYN MAWR AVE,2011,,,,,,,2,NO INDICATION OF INJURY,0,0,0,0,0,2,0,16,7,3,41.98321925,-87.7016462,POINT (-87.701646198914 41.983219249229)
71cd88c08aab14a0bfcb245b02cb85e516f3b4dc7126dca3ae6869a31766ce9777c4823576d57fb55dce19f8f866ca7ed2d0061aedbeb4f8255106c73218eb6f,JF164167,,3/5/2022 12:51,30,STOP SIGN/FLASHER,FUNCTIONING PROPERLY,CLEAR,DAYLIGHT,REAR END,FOUR WAY,,STRAIGHT AND LEVEL,DRY,NO DEFECTS,ON SCENE,NO INJURY / DRIVE AWAY,Y,,,"$501 - $1,500",3/5/2022 12:58,EQUIPMENT - VEHICLE CONDITION,FOLLOWING TOO CLOSELY,2203,W,99TH ST,2213,,,,,,,2,NO INDICATION OF INJURY,0,0,0,0,0,2,0,12,7,3,41.71361665,-87.67714177,POINT (-87.677141770792 41.713616646919)
a491a3312ab6e8daa49505001dc299499533e457e5eb763f95ad59968e69fc99f19ab4d658fe6fc3dbbba3f3eb81ae7b4b38bcb683bff7a3a619f425a1963b22,JF171179,,3/12/2022 7:30,30,NO CONTROLS,NO CONTROLS,CLEAR,DAYLIGHT,SIDESWIPE SAME DIRECTION,DIVIDED - W/MEDIAN (NOT RAISED),,STRAIGHT AND LEVEL,DRY,NO DEFECTS,ON SCENE,INJURY AND / OR TOW DUE TO CRASH,,,Y,"OVER $1,500",3/12/2022 7:51,IMPROPER OVERTAKING/PASSING,NOT APPLICABLE,2731,N,WESTERN AVE,1432,,,,,,,2,NO INDICATION OF INJURY,0,0,0,0,0,2,0,7,7,3,41.9313275,-87.6877287,POINT (-87.687728698449 41.931327501921)
b09b95a95e08fcf5c5c7ba69f1f84d68e0e797c5554f872355dec71793cf6ad8b0a4d2ca5286652da6c6f95e3278240cc36ee61b480f70cadc252f4a99e6950e,JF163141,,3/4/2022 13:50,30,NO CONTROLS,NO CONTROLS,CLEAR,DAYLIGHT,PARKED MOTOR VEHICLE,T-INTERSECTION,,STRAIGHT AND LEVEL,DRY,NO DEFECTS,ON SCENE,INJURY AND / OR TOW DUE TO CRASH,,,,"OVER $1,500",3/4/2022 13:55,DISTRACTION - FROM OUTSIDE VEHICLE,NOT APPLICABLE,249,N,CALIFORNIA AVE,1222,,,,,,,4,NO INDICATION OF INJURY,0,0,0,0,0,1,0,13,6,3,41.88567328,-87.69626374,POINT (-87.696263738364 41.885673283057)
1e718474c410e3fca34a1a71b8a5b407fbb38cd032e00e87238e1b4ba3d7a130b33d3fb713cd17d20cfa8d4796fbc9dcdd2fb3754710b393f65a7828d3f4c11f,JF164211,,3/5/2022 13:03,30,NO CONTROLS,NO CONTROLS,CLEAR,DAYLIGHT,REAR END,NOT DIVIDED,,STRAIGHT AND LEVEL,DRY,NO DEFECTS,NOT ON SCENE (DESK REPORT),NO INJURY / DRIVE AWAY,,,Y,"OVER $1,500",3/5/2022 13:30,FOLLOWING TOO CLOSELY,NOT APPLICABLE,3600,N,LARAMIE AVE,1634,,,,,,,2,NO INDICATION OF INJURY,0,0,0,0,0,3,0,13,7,3,41.9460441,-87.7570697,POINT (-87.757069703693 41.946044102655)
3b1e4ac03e3e1fe54136221991f9c22c9a7e830998ff7e08d46037fd6ff1bb22ae323a9506ed151528d34eb82952a0f29d08b6884faf44433fc0ecfd45a97193,JF164754,,3/6/2022 0:33,30,NO CONTROLS,NO CONTROLS,RAIN,"DARKNESS, LIGHTED ROAD",SIDESWIPE OPPOSITE DIRECTION,OTHER,,STRAIGHT AND LEVEL,WET,NO DEFECTS,NOT ON SCENE (DESK REPORT),NO INJURY / DRIVE AWAY,,,Y,"OVER $1,500",3/6/2022 1:15,UNABLE TO DETERMINE,UNABLE TO DETERMINE,10,W,GRAND AVE,1831,,,,,,,2,NO INDICATION OF INJURY,0,0,0,0,0,2,0,0,1,3,41.89177159,-87.62848552,POINT (-87.628485521409 41.891771588534)
2c38cc9b7511f90a69e2efb84c07d374bf603dae593166cec27dd1e1637d4b19c1db8778d2f93504e5e6e945d3c5622393a5a015b219fae6c031bcb0cffbfd05,JE288749,,7/3/2021 15:30,30,STOP SIGN/FLASHER,FUNCTIONING PROPERLY,CLEAR,DAYLIGHT,ANGLE,FOUR WAY,,STRAIGHT AND LEVEL,DRY,NO DEFECTS,,INJURY AND / OR TOW DUE TO CRASH,Y,,Y,"OVER $1,500",7/3/2021 16:31,IMPROPER TURNING/NO SIGNAL,FAILING TO REDUCE SPEED TO AVOID CRASH,7100,S,MERRILL AVE,333,,,,,,,2,NONINCAPACITATING INJURY,1,0,0,1,0,1,0,15,7,7,41.76606401,-87.57273841,POINT (-87.572738411621 41.766064012128)
3c5243d3a80942f489197503a52516eedb7892fc0f8cee045ae28bd0f41d5003ab7b6249b4df4c82e8ddc7416989a1ed31c6ec9540d139222deab465986e1522,JC496532,,11/3/2019 1:10,30,TRAFFIC SIGNAL,FUNCTIONING PROPERLY,CLEAR,"DARKNESS, LIGHTED ROAD",TURNING,DIVIDED - W/MEDIAN BARRIER,,STRAIGHT AND LEVEL,DRY,NO DEFECTS,,INJURY AND / OR TOW DUE TO CRASH,Y,,,"OVER $1,500",11/3/2019 1:25,DISREGARDING OTHER TRAFFIC SIGNS,DRIVING SKILLS/KNOWLEDGE/EXPERIENCE,55,W,LOWER WACKER DR,111,,,,,,,2,INCAPACITATING INJURY,3,0,1,1,1,0,0,1,1,11,41.88667954,-87.63001595,POINT (-87.630015954327 41.886679541267)
2dcb7ff1b931ae497709fb2175dc1251df94b213088438675e3649a43e6345144e625ed86aab3420d4cd6d23cfee80442d6da1bc7155b7078858d73122e99381,JF179531,Y,3/19/2022 14:30,20,NO CONTROLS,NO CONTROLS,RAIN,DAYLIGHT,SIDESWIPE SAME DIRECTION,NOT DIVIDED,,STRAIGHT AND LEVEL,WET,NO DEFECTS,NOT ON SCENE (DESK REPORT),NO INJURY / DRIVE AWAY,,,,"$501 - $1,500",3/19/2022 14:30,IMPROPER OVERTAKING/PASSING,UNABLE TO DETERMINE,1236,W,95TH ST,2222,,,,,,,2,NO INDICATION OF INJURY,0,0,0,0,0,2,0,14,7,3,41.7214307,-87.65439205,POINT (-87.654392048153 41.721430697851)
a539d4d7908b9ad86cf83adc966ead7a32d766dcdf325d26f524021dc0e7f6ef46574e3f140e8ffede2d842d4e99eccbd17d2159a6bbc06a566cc53b99400883,JF171236,,3/12/2022 8:50,10,NO CONTROLS,NO CONTROLS,CLEAR,DAYLIGHT,PARKED MOTOR VEHICLE,PARKING LOT,,STRAIGHT AND LEVEL,DRY,NO DEFECTS,NOT ON SCENE (DESK REPORT),NO INJURY / DRIVE AWAY,,Y,Y,"$501 - $1,500",3/12/2022 9:15,NOT APPLICABLE,NOT APPLICABLE,1101,S,STATE ST,123,,,,,,,2,NO INDICATION OF INJURY,0,0,0,0,0,1,0,8,7,3,41.86914591,-87.62731902,POINT (-87.627319014706 41.869145914067)
a5424f230df5f2c0a5b41a9d06945281278b35133b72bae53bae6d68005af06c05ddba36c148f00e45707666f3c72ffbc5f6608ae99c31af7cd8a34e90ffad0c,JF173992,,3/13/2022 0:00,30,NO CONTROLS,NO CONTROLS,UNKNOWN,UNKNOWN,HEAD ON,NOT DIVIDED,,STRAIGHT AND LEVEL,UNKNOWN,UNKNOWN,NOT ON SCENE (DESK REPORT),NO INJURY / DRIVE AWAY,,,Y,"OVER $1,500",3/14/2022 19:50,UNABLE TO DETERMINE,NOT APPLICABLE,4224,S,CALIFORNIA AVE,921,,,,,,,2,NO INDICATION OF INJURY,0,0,0,0,0,2,0,0,1,3,41.81659034,-87.6946057,POINT (-87.694605697369 41.816590343241)
3fb8ada8e1184f096e623e778696b8996d110a9c3b60d8dc9f66a0b868a20dd1eb91dd4242b94b6299efe8caaeadb2fb37aee3a39bbf1747436a7f0f1a79e3d4,JF164126,,3/5/2022 12:06,35,TRAFFIC SIGNAL,FUNCTIONING PROPERLY,CLEAR,DAYLIGHT,TURNING,NOT DIVIDED,,STRAIGHT AND LEVEL,DRY,NO DEFECTS,ON SCENE,NO INJURY / DRIVE AWAY,Y,,,"$501 - $1,500",3/5/2022 12:06,IMPROPER TURNING/NO SIGNAL,UNABLE TO DETERMINE,4400,W,CERMAK RD,1012,,,,,,,2,NO INDICATION OF INJURY,0,0,0,0,0,2,0,12,7,3,41.8515092,-87.73455933,POINT (-87.734559326014 41.851509196295)
57c5295db535b234dd4436ed0faf5bd7cd16261530ad7724cbeb5d245e092ba97e287aa6a006da4bd87be86add2dba9a60018048844ca15122ecca5842e3e9fb,JF164357,,3/5/2022 15:30,30,NO CONTROLS,NO CONTROLS,CLEAR,DAYLIGHT,ANGLE,NOT DIVIDED,,STRAIGHT AND LEVEL,DRY,NO DEFECTS,NOT ON SCENE (DESK REPORT),NO INJURY / DRIVE AWAY,Y,,,"$501 - $1,500",3/5/2022 16:15,FAILING TO YIELD RIGHT-OF-WAY,NOT APPLICABLE,2566,N,ELSTON AVE,1432,Y,,,,,,2,NO INDICATION OF INJURY,0,0,0,0,0,2,0,15,7,3,41.92812969,-87.68214741,POINT (-87.682147414033 41.9281296874)