CRASH_RECORD_ID,RD_NO,CRASH_DATE_EST_I,CRASH_DATE,POSTED_SPEED_LIMIT,TRAFFIC_CONTROL_DEVICE,DEVICE_CONDITION,WEATHER_CONDITION,LIGHTING_CONDITION,FIRST_CRASH_TYPE,TRAFFICWAY_TYPE,LANE_CNT,ALIGNMENT,ROADWAY_SURFACE_COND,ROAD_DEFECT,REPORT_TYPE,CRASH_TYPE,INTERSECTION_RELATED_I,NOT_RIGHT_OF_WAY_I,HIT_AND_RUN_I,DAMAGE,DATE_POLICE_NOTIFIED,PRIM_CONTRIBUTORY_CAUSE,SEC_CONTRIBUTORY_CAUSE,STREET_NO,STREET_DIRECTION,STREET_NAME,BEAT_OF_OCCURRENCE,PHOTOS_TAKEN_I,STATEMENTS_TAKEN_I,DOORING_I,WORK_ZONE_I,WORK_ZONE_TYPE,WORKERS_PRESENT_I,NUM_UNITS,MOST_SEVERE_INJURY,INJURIES_TOTAL,INJURIES_FATAL,INJURIES_INCAPACITATING,INJURIES_NON_INCAPACITATING,INJURIES_REPORTED_NOT_EVIDENT,INJURIES_NO_INDICATION,INJURIES_UNKNOWN,CRASH_HOUR,CRASH_DAY_OF_WEEK,CRASH_MONTH,LATITUDE,LONGITUDE,LOCATION
3eb697f4c37ea4fe067af708eca825cc779b1feb0bdb31d6da9ceb5582852008357bc7a88cfdaafe97a7836fe016638930626405677dcdd26af6a13c4533856e,JF164733,,3/6/2022 0:30,35,TRAFFIC SIGNAL,FUNCTIONING PROPERLY,RAIN,"DARKNESS, LIGHTED ROAD",FIXED OBJECT,DIVIDED - W/MEDIAN (NOT RAISED),,STRAIGHT AND LEVEL,WET,UNKNOWN,ON SCENE,INJURY AND / OR TOW DUE TO CRASH,,,N,"OVER $1,500",3/6/2022 0:30,UNABLE TO DETERMINE,UNABLE TO DETERMINE,5199,W,LEXINGTON ST,1533,,,,,,,1,NO INDICATION OF INJURY,0,0,0,0,0,1,0,0,1,3,41.87093495,-87.7546493,POINT (-87.754649301515 41.870934948681)
30447659c6099f6c32ea305882e5be12288f75623600b500215a33cf0ec26de64cb2ba232abfe6a91ceb322ba3cd6b01ccfe3c2121928d2442c5038b1889353e,JF182755,,3/19/2022 12:30,10,NO CONTROLS,NO CONTROLS,CLEAR,DAYLIGHT,PARKED MOTOR VEHICLE,PARKING LOT,,STRAIGHT AND LEVEL,DRY,NO DEFECTS,NOT ON SCENE (DESK REPORT),NO INJURY / DRIVE AWAY,,Y,Y,"$501 - $1,500",3/22/2022 14:53,NOT APPLICABLE,NOT APPLICABLE,6640,W,BELDEN AVE,2512,,,,,,,2,NO INDICATION OF INJURY,0,0,0,0,0,1,0,12,7,3,41.92131571,-87.79182387,POINT (-87.791823865072 41.921315712344)
bfb5d3c65ab3d9e5dd01f4d074c1af227462f5d73d9a4be09f9f2d58f77e210a94814097d5b6db4d036ea5141bd510b9f673dfc7c6fa7262a89226cdd36f6ee2,JF164001,,3/4/2022 18:50,30,NO CONTROLS,NO CONTROLS,CLEAR,"DARKNESS, LIGHTED ROAD",SIDESWIPE SAME DIRECTION,NOT DIVIDED,,STRAIGHT AND LEVEL,DRY,NO DEFECTS,NOT ON SCENE (DESK REPORT),NO INJURY / DRIVE AWAY,,,Y,"OVER $1,500",3/5/2022 10:25,UNABLE TO DETERMINE,UNABLE TO DETERMINE,4827,W,MONTROSE AVE,1624,,,,,,,2,NO INDICATION OF INJURY,0,0,0,0,0,2,0,18,6,3,41.96059678,-87.74861563,POINT (-87.748615626893 41.96059678032)
1f8fb942f78649c4b27eb5cbc6d08e66852e69d63b40eadd3ba07884018a812645cf125b4e64f6f00bc951378b038044d620cedb6e1abcd2e4d571bd7eebf73f,JF164302,,3/5/2022 15:20,30,TRAFFIC SIGNAL,FUNCTIONING PROPERLY,CLEAR,DAYLIGHT,SIDESWIPE SAME DIRECTION,NOT DIVIDED,,STRAIGHT AND LEVEL,DRY,NO DEFECTS,ON SCENE,NO INJURY / DRIVE AWAY,,,,$500 OR LESS,3/5/2022 15:23,UNABLE TO DETERMINE,UNABLE TO DETERMINE,3052,S,PULASKI RD,1031,,,,Y,UNKNOWN,,2,NO INDICATION OF INJURY,0,0,0,0,0,2,0,15,7,3,41.8371443,-87.72450226,POINT (-87.724502262514 41.837144299297)
30f6c78974c508c7a09117aade9266f15fc3ffd12f8049dee7af54f919c39554cb488c78f20037b280ddba11ec1ee62810315bba8fa8596f2c2b8d9c8fc32eb2,JF194550,,3/19/2022 14:00,30,NO CONTROLS,NO CONTROLS,CLEAR,DAYLIGHT,OTHER OBJECT,ONE-WAY,,STRAIGHT AND LEVEL,DRY,NO DEFECTS,NOT ON SCENE (DESK REPORT),NO INJURY / DRIVE AWAY,,,,"$501 - $1,500",4/2/2022 9:23,ROAD ENGINEERING/SURFACE/MARKING DEFECTS,UNABLE TO DETERMINE,9201,S,WENTWORTH AVE,634,,,,,,,1,NO INDICATION OF INJURY,0,0,0,0,0,1,0,14,7,3,41.72704147,-87.62866025,POINT (-87.628660248354 41.727041469833)
7c953c1e704c822383dcfebdf6899f6ccfb24ed59a8dd1171da012dc1b13925f71f14dfdc77e05e1b19e1a842c63510c0f04f6e5cb1eb0d13cf20036181734d8,JF163306,,3/4/2022 15:45,30,NO CONTROLS,NO CONTROLS,CLEAR,DAYLIGHT,PARKED MOTOR VEHICLE,DIVIDED - W/MEDIAN BARRIER,,STRAIGHT AND LEVEL,DRY,NO DEFECTS,ON SCENE,NO INJURY / DRIVE AWAY,,,Y,"$501 - $1,500",3/4/2022 15:45,IMPROPER LANE USAGE,NOT APPLICABLE,30,N,MICHIGAN AVE,112,,,,,,,2,NO INDICATION OF INJURY,0,0,0,0,0,2,0,15,6,3,41.88275463,-87.62453528,POINT (-87.62453527696 41.882754628875)
222fde57fc80c7d834993a03f3bf8a912903a5d6e84635384feecf25f46be3199eebe2e2e52582797aa5eb3a454f8efb91c6029deb51713f3172fa453bc3baf4,JF164573,Y,3/5/2022 18:00,30,NO CONTROLS,NO CONTROLS,CLEAR,"DARKNESS, LIGHTED ROAD",PARKED MOTOR VEHICLE,NOT DIVIDED,,STRAIGHT AND LEVEL,DRY,NO DEFECTS,ON SCENE,INJURY AND / OR TOW DUE TO CRASH,,,,"OVER $1,500",3/5/2022 18:15,UNABLE TO DETERMINE,UNABLE TO DETERMINE,11343,S,MICHIGAN AVE,531,,,,,,,2,"REPORTED, NOT EVIDENT",1,0,0,0,1,0,0,18,7,3,41.68773114,-87.62082775,POINT (-87.620827752899 41.687731142778)
502fae2d9aadcb0f33f0feb0e206ce2abdd39306807bd8f65dcee849a268b968deb080185eeb5c3bc5b0c2668f4ca2528aa588dcf52f36dcc7847e706d3866c5,JF164133,,3/5/2022 11:20,30,TRAFFIC SIGNAL,FUNCTIONING PROPERLY,CLEAR,DAYLIGHT,SIDESWIPE SAME DIRECTION,FOUR WAY,,STRAIGHT AND LEVEL,DRY,NO DEFECTS,ON SCENE,INJURY AND / OR TOW DUE TO CRASH,Y,,,$500 OR LESS,3/5/2022 11:20,"OPERATING VEHICLE IN ERRATIC, RECKLESS, CARELESS, NEGLIGENT OR AGGRESSIVE MANNER",MOTORCYCLE ADVANCING LEGALLY ON RED LIGHT,8500,S,PULASKI RD,834,,,,,,,2,NONINCAPACITATING INJURY,2,0,0,2,0,1,0,11,7,3,41.7384684,-87.72170401,POINT (-87.721704009921 41.738468404342)
a89c0a54fd2d2ec36f5e47baeb2a609edfcc8b2776cd2b163c4563a88613fe910b08c997c80bd1b7e164ed6a190d9ee70edc3a09f5489797a5ceb01061ddb9fb,JF171308,,3/12/2022 10:30,15,NO CONTROLS,NO CONTROLS,CLEAR,DAYLIGHT,PARKED MOTOR VEHICLE,OTHER,,STRAIGHT AND LEVEL,DRY,NO DEFECTS,ON SCENE,NO INJURY / DRIVE AWAY,,,,"OVER $1,500",3/12/2022 10:40,EQUIPMENT - VEHICLE CONDITION,UNABLE TO DETERMINE,3300,W,ROOSEVELT RD,1134,,,,,,,2,NO INDICATION OF INJURY,0,0,0,0,0,1,0,10,7,3,41.86648803,-87.7081656,POINT (-87.708165600979 41.866488032618)
407ea3a2b8b43bbc55e684199fb13214dcc9f60d2f3e9d1ca22b1fcd45aa0844e9b255bcf6094e5b0599b54ef62f99e3d6b209d107224a963a3a668932ae1c6e,JF186757,,3/25/2022 21:40,30,TRAFFIC SIGNAL,FUNCTIONING PROPERLY,CLEAR,"DARKNESS, LIGHTED ROAD",TURNING,NOT DIVIDED,,STRAIGHT AND LEVEL,DRY,NO DEFECTS,NOT ON SCENE (DESK REPORT),NO INJURY / DRIVE AWAY,Y,,,"OVER $1,500",3/25/2022 22:30,IMPROPER TURNING/NO SIGNAL,DISREGARDING TRAFFIC SIGNALS,99,E,MADISON ST,112,,,,,,,2,NO INDICATION OF INJURY,0,0,0,0,0,2,0,21,6,3,41.88199989,-87.62441164,POINT (-87.624411634823 41.881999893424)
78ca99ef94688fc86cac304f044ca50ef0d03ce263145a4f5d495c690856026517adad879fbf3dbc1eb565367acf6d4158a8c0c48ba5bdde3f9ff7a05392f927,JF161741,,3/3/2022 9:27,30,TRAFFIC SIGNAL,FUNCTIONING PROPERLY,CLEAR,DAYLIGHT,TURNING,NOT DIVIDED,,STRAIGHT AND LEVEL,DRY,NO DEFECTS,ON SCENE,NO INJURY / DRIVE AWAY,Y,,,"OVER $1,500",3/3/2022 9:40,UNABLE TO DETERMINE,UNABLE TO DETERMINE,4400,W,FIFTH AVE,1131,,,,,,,2,NO INDICATION OF INJURY,0,0,0,0,0,2,0,9,5,3,41.87038633,-87.73522858,POINT (-87.73522857587 41.870386328135)
5a7fb3ee1be1d2d6b8254c398e73f29e08eaa6450a4bbd1bde9942f65e9d158bced3f7b2112791f4f52f846efc7334d6718febc28563d76c897107e03e3d6bfb,JF162681,,3/4/2022 7:30,35,TRAFFIC SIGNAL,FUNCTIONING PROPERLY,CLEAR,DAWN,SIDESWIPE SAME DIRECTION,DIVIDED - W/MEDIAN (NOT RAISED),,STRAIGHT AND LEVEL,DRY,NO DEFECTS,ON SCENE,INJURY AND / OR TOW DUE TO CRASH,,,Y,"OVER $1,500",3/4/2022 7:40,IMPROPER OVERTAKING/PASSING,IMPROPER LANE USAGE,10600,S,HALSTED ST,2233,,,,,,,2,NO INDICATION OF INJURY,0,0,0,0,0,2,0,7,6,3,41.70136473,-87.64280754,POINT (-87.642807537152 41.701364724583)
274653983a69f5c8df5ebdd70c2c654f381b874d10974a3cd65507ec1d73e7d7254b237b37eef89448efe9b1f427a16302f5f2d0506bd666dff225a5532a6d2d,JF164673,,3/5/2022 22:30,25,NO CONTROLS,NO CONTROLS,RAIN,DUSK,PARKED MOTOR VEHICLE,ONE-WAY,,STRAIGHT AND LEVEL,WET,NO DEFECTS,NOT ON SCENE (DESK REPORT),NO INJURY / DRIVE AWAY,,,,"OVER $1,500",3/5/2022 23:00,"VISION OBSCURED (SIGNS, TREE LIMBS, BUILDINGS, ETC.)",DRIVING SKILLS/KNOWLEDGE/EXPERIENCE,1728,N,LOREL AVE,2532,,,,,,,2,NO INDICATION OF INJURY,0,0,0,0,0,1,0,22,7,3,41.91216833,-87.75957493,POINT (-87.759574925201 41.912168331433)
2fd0262c201aa2647a0ee383dce8b4e0242abc8f28c581ba310aceffc2f54a01c2e419f3a9eb84b3c9b1e083d94a66d4b5c77f7af29a22ed7d4e85644bde2d24,JF164284,,3/5/2022 14:05,20,TRAFFIC SIGNAL,FUNCTIONING PROPERLY,CLEAR,DAYLIGHT,TURNING,NOT DIVIDED,,STRAIGHT AND LEVEL,DRY,NO DEFECTS,NOT ON SCENE (DESK REPORT),NO INJURY / DRIVE AWAY,,,Y,"OVER $1,500",3/5/2022 15:05,IMPROPER TURNING/NO SIGNAL,NOT APPLICABLE,7100,S,LOOMIS BLVD,734,,,,,,,2,NO INDICATION OF INJURY,0,0,0,0,0,2,0,14,7,3,41.76493354,-87.65911281,POINT (-87.659112806662 41.764933541062)
7d2e8b94c1e4ad8ac257d89c3e0cea8ba9d16003e2b5a66df77fa5ae7efab372cf72e44e9bc1bc0ac2dccbd54c794bb15462a23018a0bedfa6610e3ee7f84d63,JF163925,,3/5/2022 8:40,30,TRAFFIC SIGNAL,FUNCTIONING PROPERLY,CLEAR,DAYLIGHT,TURNING,NOT DIVIDED,,STRAIGHT AND LEVEL,DRY,NO DEFECTS,ON SCENE,INJURY AND / OR TOW DUE TO CRASH,Y,,,"OVER $1,500",3/5/2022 8:45,UNABLE TO DETERMINE,UNABLE TO DETERMINE,6900,S,WENTWORTH AVE,731,,,,,,,2,NO INDICATION OF INJURY,0,0,0,0,0,2,0,8,7,3,41.7689916,-87.63000741,POINT (-87.630007405551 41.76899160004)
aa00698265a734ec6176c84f4b24465317f2af2eced78a71281d1845a551a6390fc82a3f34f82dac4f510ee7268653c7b7388b15c6fa3edf60ac1c657404679e,JF171257,,3/12/2022 8:50,30,TRAFFIC SIGNAL,FUNCTIONING PROPERLY,CLEAR,DAYLIGHT,REAR END,OTHER,,STRAIGHT AND LEVEL,DRY,NO DEFECTS,NOT ON SCENE (DESK REPORT),NO INJURY / DRIVE AWAY,Y,,,"$501 - $1,500",3/12/2022 9:45,DRIVING SKILLS/KNOWLEDGE/EXPERIENCE,UNABLE TO DETERMINE,100,N,MICHIGAN AVE,111,,,,,,,2,NO INDICATION OF INJURY,0,0,0,0,0,2,0,8,7,3,41.88328915,-87.6245494,POINT (-87.624549396399 41.883289151389)
b82901fdd7407f6efbe6455ce6d6c5d842d6e43a0b27d08d30223f618aa2c403a7002fd6786cd7f7dd4553a818a660273728f9b3c4f4f5b6fdc9aff2d13dde98,JF125311,,1/27/2022 1:30,35,TRAFFIC SIGNAL,UNKNOWN,CLEAR,"DARKNESS, LIGHTED ROAD",ANGLE,DIVIDED - W/MEDIAN (NOT RAISED),,STRAIGHT AND LEVEL,DRY,UNKNOWN,ON SCENE,NO INJURY / DRIVE AWAY,Y,,,"OVER $1,500",1/27/2022 1:33,PHYSICAL CONDITION OF DRIVER,NOT APPLICABLE,9500,S,WENTWORTH AVE,511,,,,,,,2,NO INDICATION OF INJURY,0,0,0,0,0,2,0,1,5,1,41.72156745,-87.62880904,POINT (-87.628809038591 41.721567447856)
3afa1012d7041284c3a6f441d410e2663757ee997e44bb8c7046f87e3de35e3a57471d96be84c4dc798c3755f53f22cda7cef31f24a8e8dff12c05828d5fbf46,JF161976,,3/3/2022 13:10,25,NO CONTROLS,NO CONTROLS,CLEAR,DAYLIGHT,REAR END,NOT DIVIDED,,STRAIGHT AND LEVEL,DRY,NO DEFECTS,ON SCENE,NO INJURY / DRIVE AWAY,,,,"OVER $1,500",3/3/2022 13:20,IMPROPER BACKING,UNABLE TO DETERMINE,1198,N,WOOD ST,1212,,Y,,,,,2,NO INDICATION OF INJURY,0,0,0,0,0,2,0,13,5,3,41.90322216,-87.67252803,POINT (-87.672528033508 41.903222164079)
ac116ca22f8704aea01ee84c93bd6b642cbbfd2078c71a943c65c382549c37934a5593505445712b8bab727a8faecdb6802361838a7f1774e5496e53018a4896,JF163488,,3/4/2022 18:05,30,NO CONTROLS,UNKNOWN,CLEAR,DAWN,SIDESWIPE SAME DIRECTION,DIVIDED - W/MEDIAN (NOT RAISED),,STRAIGHT AND LEVEL,DRY,NO DEFECTS,ON SCENE,INJURY AND / OR TOW DUE TO CRASH,,,,"OVER $1,500",3/4/2022 18:17,FAILING TO YIELD RIGHT-OF-WAY,NOT APPLICABLE,6525,N,RIDGE BLVD,2432,,,,,,,2,NO INDICATION OF INJURY,0,0,0,0,0,2,0,18,6,3,42.00055439,-87.6778729,POINT (-87.677872895357 42.000554391156)
c788881e831bef1bf6cf63e28d7e3625cab64ba53bc0067dc8bb1e3c46b1e86ad47715d4cb6887c1caa02bfb20a4d3898250d4a1c0a9d49577edc597ff64825a,JF163157,,3/4/2022 13:30,30,TRAFFIC SIGNAL,FUNCTIONING PROPERLY,CLEAR,DAYLIGHT,REAR END,DIVIDED - W/MEDIAN (NOT RAISED),,STRAIGHT AND LEVEL,DRY,NO DEFECTS,ON SCENE,INJURY AND / OR TOW DUE TO CRASH,,,,"OVER $1,500",3/4/2022 13:30,DRIVING SKILLS/KNOWLEDGE/EXPERIENCE,DRIVING SKILLS/KNOWLEDGE/EXPERIENCE,3608,N,AUSTIN AVE,1633,,,,,,,2,NO INDICATION OF INJURY,0,0,0,0,0,2,0,13,6,3,41.94604754,-87.77666229,POINT (-87.776662289347 41.946047538768)
5e943e4474c7ee4093e035a089fefa7387b17d9c8faa09512d98d0e90782d52921a99d987a612e7b45ea8d2dfd571d1d0c68e05011f1dc5f9179476dc7340ab8,JF164689,,3/5/2022 22:59,15,STOP SIGN/FLASHER,FUNCTIONING PROPERLY,RAIN,"DARKNESS, LIGHTED ROAD",PEDESTRIAN,ONE-WAY,,STRAIGHT AND LEVEL,WET,NO DEFECTS,ON SCENE,INJURY AND / OR TOW DUE TO CRASH,Y,,,$500 OR LESS,3/5/2022 23:05,UNABLE TO DETERMINE,NOT APPLICABLE,1000,W,ROSCOE ST,1924,,,,,,,2,NONINCAPACITATING INJURY,1,0,0,1,0,2,0,22,7,3,41.94367913,-87.65428423,POINT (-87.654284228693 41.943679131838)
7571e7314444adca72b4f4f32c5ecffad49838ccd912509c99ead7a9c741d0e69f61d14dc50b5eca1a04d38a9da137b30c0e672b9ea02e85a331be4e79225c3b,JF164136,,3/5/2022 11:29,30,NO CONTROLS,NO CONTROLS,CLEAR,DAYLIGHT,PARKED MOTOR VEHICLE,ONE-WAY,,STRAIGHT AND LEVEL,DRY,NO DEFECTS,ON SCENE,NO INJURY / DRIVE AWAY,,,Y,$500 OR LESS,3/5/2022 11:41,UNABLE TO DETERMINE,NOT APPLICABLE,2219,S,CHRISTIANA AVE,1024,,,,,,,2,NO INDICATION OF INJURY,0,0,0,0,0,1,0,11,7,3,41.85112739,-87.70874232,POINT (-87.708742317432 41.851127390874)
3235f6e74d5bb5fb50c26eb0648e32fb6b43c6e844db50ead85bef3908b2839de6b3d41782e3ee86782d5240ed304f10b49a5bc8d468cad7860f93608926f1e7,JE460242,Y,10/29/2021 12:00,20,NO CONTROLS,NO CONTROLS,CLEAR,DAYLIGHT,PARKED MOTOR VEHICLE,PARKING LOT,,STRAIGHT AND LEVEL,DRY,NO DEFECTS,,NO INJURY / DRIVE AWAY,,,Y,$500 OR LESS,11/29/2021 13:00,IMPROPER BACKING,IMPROPER BACKING,1000,E,OHIO ST,1834,,,,,,,2,NO INDICATION OF INJURY,0,0,0,0,0,1,0,12,6,10,41.89343485,-87.60256644,POINT (-87.602566439037 41.893434847949)
40c7a01b9daa5288b21dde51caa5563ae40b864f39e29f4fbbc6a7d4255d2b5e27717b5d642ff1ef71bac6b7aca655c2a70028c42d99fea62711b51904805ef1,JC433165,,9/14/2019 13:53,30,TRAFFIC SIGNAL,FUNCTIONING PROPERLY,CLEAR,DAYLIGHT,PEDALCYCLIST,FOUR WAY,,STRAIGHT AND LEVEL,DRY,NO DEFECTS,,INJURY AND / OR TOW DUE TO CRASH,Y,,,"OVER $1,500",9/14/2019 13:56,FAILING TO YIELD RIGHT-OF-WAY,FAILING TO YIELD RIGHT-OF-WAY,9900,S,LONGWOOD DR,2213,,,,,,,2,NONINCAPACITATING INJURY,1,0,0,1,0,1,0,13,7,9,41.71377132,-87.66907584,POINT (-87.669075840815 41.713771324054)
aac20745a753b996884e51a816d4190e91cdf952622ed1c52b789a621f13d0c2095916c2356b0f9488fe165fedafdc4ebb98d194b6f2b1588d115c19a5610e89,JF172016,,3/12/2022 20:50,30,NO CONTROLS,NO CONTROLS,CLEAR,"DARKNESS, LIGHTED ROAD",REAR END,NOT DIVIDED,,STRAIGHT AND LEVEL,DRY,NO DEFECTS,NOT ON SCENE (DESK REPORT),NO INJURY / DRIVE AWAY,,,,"OVER $1,500",3/12/2022 22:20,FOLLOWING TOO CLOSELY,UNABLE TO DETERMINE,3500,W,LAWRENCE AVE,1712,,,,,,,2,NO INDICATION OF INJURY,0,0,0,0,0,2,0,20,7,3,41.96848537,-87.71587133,POINT (-87.715871329515 41.968485373318)
3bf62ddbe9a5740f90e33053dfff1b06b18551639c8bc680505ed58ae24b1bfbf36303fd955195903715015c70a24575f9520925b75e1ac790234f98ce956dea,JF164267,,3/2/2022 14:20,15,TRAFFIC SIGNAL,UNKNOWN,UNKNOWN,DAYLIGHT,REAR END,NOT DIVIDED,,STRAIGHT AND LEVEL,UNKNOWN,UNKNOWN,NOT ON SCENE (DESK REPORT),NO INJURY / DRIVE AWAY,,,,$500 OR LESS,3/5/2022 15:00,UNABLE TO DETERMINE,NOT APPLICABLE,3958,N,OCTAVIA AVE,1631,,,,,,,2,NO INDICATION OF INJURY,0,0,0,0,0,2,0,14,4,3,41.95242397,-87.80982845,POINT (-87.809828445254 41.952423968314)
85117c42d146e63140958afcb7a2ae05082e1f344384498c688b192195bb191d9fe38967c4de1c8f840a2ce6b3c6cd0956d800249c69e12d6cb79fb58dbf9cd9,JF162764,,3/4/2022 8:00,30,STOP SIGN/FLASHER,FUNCTIONING PROPERLY,CLEAR,DAYLIGHT,TURNING,FOUR WAY,,STRAIGHT AND LEVEL,DRY,NO DEFECTS,NOT ON SCENE (DESK REPORT),NO INJURY / DRIVE AWAY,Y,,,"OVER $1,500",3/4/2022 9:05,FAILING TO YIELD RIGHT-OF-WAY,FAILING TO REDUCE SPEED TO AVOID CRASH,10900,S,EWING AVE,432,,,,,,,2,NO INDICATION OF INJURY,0,0,0,0,0,2,0,8,6,3,41.69720515,-87.53542915,POINT (-87.535429151574 41.697205153748)
206f64a6b602ec19b16b7c498201c14f735d63a2e2595cdfcb8f766aa44cdacd7d100feb98c298d46808379d4c5c418b59806b215b557ef7052781d895574b2e,JF164507,,3/5/2022 18:54,30,NO CONTROLS,NO CONTROLS,CLEAR,DARKNESS,SIDESWIPE SAME DIRECTION,DIVIDED - W/MEDIAN (NOT RAISED),,STRAIGHT AND LEVEL,DRY,NO DEFECTS,ON SCENE,NO INJURY / DRIVE AWAY,,,Y,$500 OR LESS,3/5/2022 19:04,UNABLE TO DETERMINE,NOT APPLICABLE,3010,W,ADDISON ST,1733,,,,,,,2,NO INDICATION OF INJURY,0,0,0,0,0,2,0,18,7,3,41.94676448,-87.70341046,POINT (-87.7034104579 41.946764484408)
29034937db74f2b64389f121ca7f61a8fe88e30bc2f25f61397565bdb7b672fbabcc9740df6803ddb4c5082592fb7fef74574da21c2b834c4e7c2d466f427025,JF163832,,3/5/2022 4:35,30,TRAFFIC SIGNAL,FUNCTIONING PROPERLY,CLEAR,"DARKNESS, LIGHTED ROAD",ANGLE,FOUR WAY,,STRAIGHT AND LEVEL,DRY,NO DEFECTS,ON SCENE,INJURY AND / OR TOW DUE TO CRASH,Y,,,"OVER $1,500",3/5/2022 4:38,DISREGARDING TRAFFIC SIGNALS,FAILING TO REDUCE SPEED TO AVOID CRASH,4007,W,63RD ST,813,,,,,,,2,NO INDICATION OF INJURY,0,0,0,0,0,2,0,4,7,3,41.77854514,-87.72309452,POINT (-87.723094522629 41.778545142946)
a20a180243c8b7e8d4835066ea0ec2e75efb9b93a5d18f1f8d73c19e9af0cdc8d539d10d26722e52697f5731f872671358a4785dd7966377f39b25be3bc15ba7,JF164803,,3/6/2022 2:20,20,NO CONTROLS,NO CONTROLS,CLEAR,"DARKNESS, LIGHTED ROAD",REAR END,PARKING LOT,,STRAIGHT AND LEVEL,DRY,NO DEFECTS,ON SCENE,NO INJURY / DRIVE AWAY,,,Y,"$501 - $1,500",3/6/2022 2:30,UNABLE TO DETERMINE,IMPROPER BACKING,3154,W,FOSTER AVE,1712,,,,,,,2,NO INDICATION OF INJURY,0,0,0,0,0,4,0,2,1,3,41.97585969,-87.70846497,POINT (-87.70846496773 41.975859694203)
cb15aac1ef6724581d29378debc54324212aa601459f1df323f11cf07246fbaad67a2ebaa735f7d6c64d9042dfce29f10f11d964de887f2603fceaafd15dc0d7,JF164740,,3/6/2022 0:30,15,NO CONTROLS,OTHER,RAIN,"DARKNESS, LIGHTED ROAD",PARKED MOTOR VEHICLE,ONE-WAY,,STRAIGHT AND LEVEL,WET,NO DEFECTS,ON SCENE,INJURY AND / OR TOW DUE TO CRASH,,,Y,"OVER $1,500",3/6/2022 0:43,UNABLE TO DETERMINE,NOT APPLICABLE,215,S,KARLOV AVE,1115,,,,,,,2,NO INDICATION OF INJURY,0,0,0,0,0,1,0,0,1,3,41.8774386,-87.72786246,POINT (-87.72786246158 41.877438595906)
32c561629f3f7a583c375b7d97ca490df602b6ffa56c184ca21959f5ea7f39a93d198bfbf9da52874e6408b2d892f1d3ef7d79bdec925996fcf354f09c56ecc9,JD384380,,9/30/2020 15:20,30,NO CONTROLS,NO CONTROLS,CLEAR,DAYLIGHT,PARKED MOTOR VEHICLE,DIVIDED - W/MEDIAN (NOT RAISED),,STRAIGHT AND LEVEL,DRY,NO DEFECTS,,NO INJURY / DRIVE AWAY,,,Y,"OVER $1,500",9/30/2020 15:22,UNABLE TO DETERMINE,NOT APPLICABLE,2100,S,KILBOURN AVE,1012,,,,,,,2,NO INDICATION OF INJURY,0,0,0,0,0,1,0,15,4,9,41.85312696,-87.73714968,POINT (-87.737149681524 41.853126957884)
40ef0776f94487a85646629e2a5919e417282e89e23174e42d3a6548ae58a135f061de4e547b86522fcdc34cc450ad222a9bf6fba0821b13003f45702ae2c2ad,JE260074,,6/9/2021 18:43,30,NO CONTROLS,NO CONTROLS,CLEAR,DAYLIGHT,REAR END,NOT DIVIDED,,STRAIGHT AND LEVEL,DRY,NO DEFECTS,,INJURY AND / OR TOW DUE TO CRASH,,,,"$501 - $1,500",6/9/2021 19:35,UNABLE TO DETERMINE,WEATHER,3857,S,DR MARTIN LUTHER KING JR DR,212,,,,,,,2,"REPORTED, NOT EVIDENT",1,0,0,0,1,3,0,18,4,6,41.82398325,-87.61685389,POINT (-87.616853890785 41.823983251515)
5b51700e7b28cbe84c2f4eef53eb5e9945d425e698b44452359d979f26458ac1050a202f0d44470aad456e345d3157b30bdcb71594f5d9c220c1826a5204b632,JF162453,,3/3/2022 19:57,30,STOP SIGN/FLASHER,UNKNOWN,CLEAR,"DARKNESS, LIGHTED ROAD",ANGLE,DIVIDED - W/MEDIAN (NOT RAISED),,STRAIGHT AND LEVEL,UNKNOWN,UNKNOWN,NOT ON SCENE (DESK REPORT),NO INJURY / DRIVE AWAY,Y,,,"OVER $1,500",3/3/2022 21:00,UNABLE TO DETERMINE,UNABLE TO DETERMINE,800,W,HUBBARD ST,1214,,,,,,,2,NO INDICATION OF INJURY,0,0,0,0,0,2,0,19,5,3,41.89019488,-87.6476687,POINT (-87.647668699131 41.890194882661)
ab21a21e5183e3e5848bb3e4f829e8cd3c86632447595a5bb4eabfe8461f1bbf81791cd67db6c5fe69cbcf7ed5c4f306d62308d5b6c742ed796c6bbc638c38bc,JF171306,,3/12/2022 10:15,30,STOP SIGN/FLASHER,FUNCTIONING PROPERLY,CLEAR,DAYLIGHT,ANGLE,FOUR WAY,,STRAIGHT AND LEVEL,DRY,NO DEFECTS,NOT ON SCENE (DESK REPORT),NO INJURY / DRIVE AWAY,,,,"$501 - $1,500",3/12/2022 10:50,FAILING TO YIELD RIGHT-OF-WAY,UNABLE TO DETERMINE,2729,N,AUSTIN AVE,2514,,,,,,,2,NO INDICATION OF INJURY,0,0,0,0,0,4,0,10,7,3,41.93016659,-87.77578521,POINT (-87.775785212394 41.930166594141)
ab6ccbdfbb0f48912049f670bd1212e104f0d2a0e0f86f3aa109ec86868c0a2718424dd7d0bc5b0f7e31b3db3c8772794d2169e6003b6a9ce6ec399a5332bb5b,JF171864,,3/12/2022 18:10,30,STOP SIGN/FLASHER,FUNCTIONING PROPERLY,CLEAR,"DARKNESS, LIGHTED ROAD",REAR END,DIVIDED - W/MEDIAN (NOT RAISED),,STRAIGHT AND LEVEL,DRY,NO DEFECTS,NOT ON SCENE (DESK REPORT),NO INJURY / DRIVE AWAY,Y,,,"OVER $1,500",3/12/2022 18:35,FOLLOWING TOO CLOSELY,NOT APPLICABLE,2600,S,ASHLAND AVE,912,,,,,,,2,NO INDICATION OF INJURY,0,0,0,0,0,3,0,18,7,3,41.84484115,-87.66602127,POINT (-87.666021267163 41.844841146019)