CRASH_RECORD_ID,RD_NO,CRASH_DATE_EST_I,CRASH_DATE,POSTED_SPEED_LIMIT,TRAFFIC_CONTROL_DEVICE,DEVICE_CONDITION,WEATHER_CONDITION,LIGHTING_CONDITION,FIRST_CRASH_TYPE,TRAFFICWAY_TYPE,LANE_CNT,ALIGNMENT,ROADWAY_SURFACE_COND,ROAD_DEFECT,REPORT_TYPE,CRASH_TYPE,INTERSECTION_RELATED_I,NOT_RIGHT_OF_WAY_I,HIT_AND_RUN_I,DAMAGE,DATE_POLICE_NOTIFIED,PRIM_CONTRIBUTORY_CAUSE,SEC_CONTRIBUTORY_CAUSE,STREET_NO,STREET_DIRECTION,STREET_NAME,BEAT_OF_OCCURRENCE,PHOTOS_TAKEN_I,STATEMENTS_TAKEN_I,DOORING_I,WORK_ZONE_I,WORK_ZONE_TYPE,WORKERS_PRESENT_I,NUM_UNITS,MOST_SEVERE_INJURY,INJURIES_TOTAL,INJURIES_FATAL,INJURIES_INCAPACITATING,INJURIES_NON_INCAPACITATING,INJURIES_REPORTED_NOT_EVIDENT,INJURIES_NO_INDICATION,INJURIES_UNKNOWN,CRASH_HOUR,CRASH_DAY_OF_WEEK,CRASH_MONTH,LATITUDE,LONGITUDE,LOCATION
55ef3ad92394f4e8eba9ada081b3d486c267f8f208301097ec93c2de6d8ae1b2b8fe5f8f68a09da6398ab22bb3425e3f8e99ecbf38886768e6b411584d04bcf1,JF164110,,3/4/2022 8:35,35,TRAFFIC SIGNAL,FUNCTIONING PROPERLY,CLEAR,DAYLIGHT,TURNING,NOT DIVIDED,,STRAIGHT AND LEVEL,DRY,NO DEFECTS,NOT ON SCENE (DESK REPORT),NO INJURY / DRIVE AWAY,,,,"OVER $1,500",3/5/2022 11:45,UNABLE TO DETERMINE,NOT APPLICABLE,5501,S,STATE ST,225,,,,,,,2,NO INDICATION OF INJURY,0,0,0,0,0,2,0,8,6,3,41.79422973,-87.62554271,POINT (-87.625542710987 41.794229727661)
8d521fcdef21018333194365b468136cbc45a6472265dc546849788cb184786352f1c3358c6a55defba3ba0e333b62227a8c1825e4f71d32af5fe44659ca3e5d,JF164706,,3/4/2022 18:00,25,NO CONTROLS,NO CONTROLS,UNKNOWN,UNKNOWN,FIXED OBJECT,NOT DIVIDED,,STRAIGHT AND LEVEL,UNKNOWN,UNKNOWN,NOT ON SCENE (DESK REPORT),NO INJURY / DRIVE AWAY,,,,"OVER $1,500",3/6/2022 0:05,NOT APPLICABLE,NOT APPLICABLE,9500,S,JEFFERY AVE,431,,,,,,,1,NO INDICATION OF INJURY,0,0,0,0,0,1,0,18,6,3,41.72237591,-87.5754999,POINT (-87.575499903328 41.722375907041)
2dfafd9ccba365dd18ffaf2b4194cda2dfe3f015c0e9e346986827516afbfb0077f3f562af859461c3def4a1d402fbf99e5e839928cf124ec2d4c5b91b60272e,JF164254,,3/5/2022 13:40,30,NO CONTROLS,NO CONTROLS,CLEAR,DAYLIGHT,REAR END,NOT DIVIDED,,STRAIGHT AND LEVEL,DRY,NO DEFECTS,ON SCENE,NO INJURY / DRIVE AWAY,,,,"$501 - $1,500",3/5/2022 13:50,FAILING TO REDUCE SPEED TO AVOID CRASH,FOLLOWING TOO CLOSELY,5912,W,ADDISON ST,1633,,,,,,,4,NO INDICATION OF INJURY,0,0,0,0,0,4,0,13,7,3,41.9459006,-87.77464232,POINT (-87.774642319053 41.945900596482)
a9c596b08a2bf7e911ed8cf90eb4bcefdd4c8a09a5642a6a7a7e541206207878e8c01d22330b91c7203012e433d46fdb885e8b25d100e9a3619c69b81066ff8b,JF163957,Y,3/2/2022 22:30,30,NO CONTROLS,NO CONTROLS,CLEAR,"DARKNESS, LIGHTED ROAD",PARKED MOTOR VEHICLE,ONE-WAY,,STRAIGHT AND LEVEL,DRY,NO DEFECTS,NOT ON SCENE (DESK REPORT),NO INJURY / DRIVE AWAY,,,Y,"$501 - $1,500",3/5/2022 9:40,UNABLE TO DETERMINE,NOT APPLICABLE,5629,S,DORCHESTER AVE,235,,,,,,,2,NO INDICATION OF INJURY,0,0,0,0,0,1,0,22,4,3,41.79244309,-87.59147203,POINT (-87.591472032517 41.792443085814)
fd5b054295dc96e7f0ed21fef0366102550aa66c8290b95dc02ec1d329938d075f2be162f7d26b325769a59fb4c94ee37645b9d29a443e0728718cc07f8c2d1a,JF162490,,3/3/2022 22:13,20,NO CONTROLS,NO CONTROLS,CLEAR,"DARKNESS, LIGHTED ROAD",PARKED MOTOR VEHICLE,DIVIDED - W/MEDIAN (NOT RAISED),,STRAIGHT AND LEVEL,DRY,NO DEFECTS,ON SCENE,NO INJURY / DRIVE AWAY,,,,"OVER $1,500",3/3/2022 22:13,DISTRACTION - FROM INSIDE VEHICLE,DISTRACTION - FROM INSIDE VEHICLE,1371,N,MILWAUKEE AVE,1433,,,,,,,2,NO INDICATION OF INJURY,0,0,0,0,0,2,0,22,5,3,41.90683417,-87.67169568,POINT (-87.671695682403 41.906834169218)
16e8afdd9cf6f51d7d14f16b22c317b7455bf1d0c6792c25c0efb2e83bf4956a767879af5c61364dd8083b5c240ebe40ebf66f0275e2a21d97fd0437fdd7857e,JF164325,,3/5/2022 15:30,30,OTHER,UNKNOWN,CLEAR,DAYLIGHT,PARKED MOTOR VEHICLE,NOT DIVIDED,,STRAIGHT AND LEVEL,DRY,NO DEFECTS,NOT ON SCENE (DESK REPORT),NO INJURY / DRIVE AWAY,,,,$500 OR LESS,3/5/2022 15:37,IMPROPER BACKING,NOT APPLICABLE,601,W,ROOSEVELT RD,124,Y,N,,,,,2,NO INDICATION OF INJURY,0,0,0,0,0,2,0,15,7,3,41.8671089,-87.6422588,POINT (-87.642258801375 41.867108896215)
2fcd47e22e8aa0fa5757782db13e397fc545540b35d447cb1ae0a34e9d133fbd5d8d7abf2e378ae824455fb7751c8c0f5d4c5647fdf098c66b9be4f34256ff2f,JF164359,,3/5/2022 15:30,30,NO CONTROLS,NO CONTROLS,CLEAR,DAYLIGHT,SIDESWIPE SAME DIRECTION,NOT DIVIDED,,STRAIGHT AND LEVEL,DRY,NO DEFECTS,NOT ON SCENE (DESK REPORT),INJURY AND / OR TOW DUE TO CRASH,,,,"$501 - $1,500",3/5/2022 16:24,NOT APPLICABLE,NOT APPLICABLE,3780,W,COLUMBUS AVE,834,,,,,,,2,NONINCAPACITATING INJURY,1,0,0,1,0,3,0,15,7,3,41.7396409,-87.71650783,POINT (-87.716507825793 41.739640894954)
33715c1aaa412d6e3317a34c55d4c86f31b7bb12d663213fb5e86de258665e13de31552504ae920c78e7cf6fb6f3bea5fe06d6661e85c6d78e70063269d20e03,JC431380,,9/13/2019 7:56,30,NO CONTROLS,NO CONTROLS,RAIN,DAYLIGHT,SIDESWIPE SAME DIRECTION,ONE-WAY,,STRAIGHT AND LEVEL,WET,NO DEFECTS,,NO INJURY / DRIVE AWAY,N,,,"OVER $1,500",9/13/2019 9:20,IMPROPER LANE USAGE,UNABLE TO DETERMINE,56,W,ILLINOIS ST,1831,,,,,,,2,NO INDICATION OF INJURY,0,0,0,0,0,2,0,7,6,9,41.89093545,-87.6301431,POINT (-87.630143101233 41.890935446553)
add7d45d4cdc44b4661efbc0ffa7924d4370ca03cfc9bbb62121d8258680ab1110551137878c93dae5e1ecaa74169d542928f20e25ce372f9b994b64e6c3311e,JF171335,,3/12/2022 10:40,30,NO CONTROLS,NO CONTROLS,CLEAR,DAYLIGHT,SIDESWIPE SAME DIRECTION,ONE-WAY,,STRAIGHT AND LEVEL,DRY,NO DEFECTS,NOT ON SCENE (DESK REPORT),NO INJURY / DRIVE AWAY,,,,"OVER $1,500",3/12/2022 11:00,UNABLE TO DETERMINE,NOT APPLICABLE,500,N,LAKE SHORE DR,1834,,,,,,,2,NO INDICATION OF INJURY,0,0,0,0,0,2,0,10,7,3,41.89111833,-87.61438469,POINT (-87.614384684631 41.891118332732)
cfd13cf4469d1a80eeb7a5d833efc58ff639956f301db5e15975cfd618befefcf9b1cdf9606ce7d90c14fb92cf5187a4118a52ae7ab8053f5aa54e685eb180a3,JF162680,,3/4/2022 6:23,25,TRAFFIC SIGNAL,FUNCTIONING PROPERLY,CLEAR,DAYLIGHT,REAR END,NOT DIVIDED,,STRAIGHT AND LEVEL,DRY,NO DEFECTS,ON SCENE,INJURY AND / OR TOW DUE TO CRASH,,,,"$501 - $1,500",3/4/2022 6:57,FOLLOWING TOO CLOSELY,FAILING TO REDUCE SPEED TO AVOID CRASH,1157,N,CICERO AVE,1111,,,,,,,2,NONINCAPACITATING INJURY,2,0,0,2,0,1,0,6,6,3,41.90224448,-87.74582941,POINT (-87.745829406759 41.902244480501)
3527a3fcd2ae18f932599cc7ee3ba3b26ea9c698f41dfcc5fcb0359db2ab22a01ad558d7634617ae95a5ebb1aa079c1b5fd29e44f42552c1ff7cf908c43b9836,JF179861,,3/19/2022 22:50,30,TRAFFIC SIGNAL,FUNCTIONING PROPERLY,CLEAR,"DARKNESS, LIGHTED ROAD",ANGLE,FOUR WAY,,STRAIGHT AND LEVEL,WET,UNKNOWN,NOT ON SCENE (DESK REPORT),NO INJURY / DRIVE AWAY,,,Y,"OVER $1,500",3/19/2022 23:30,UNABLE TO DETERMINE,UNABLE TO DETERMINE,3558,W,ROOSEVELT RD,1133,,,,,,,2,NO INDICATION OF INJURY,0,0,0,0,0,2,0,22,7,3,41.86640092,-87.71530102,POINT (-87.715301017193 41.86640091617)
77471cd24f98e96658813972b3b6eccacf8801fe7a2c7231a8bea183f0784a3e34a3d3f6617507266dd1c36ffa7a588e9fd4ec6b2bd1a3f11de7d6495b4c3268,JF162709,,3/1/2022 15:40,15,NO CONTROLS,NO CONTROLS,CLEAR,DAYLIGHT,PARKED MOTOR VEHICLE,ONE-WAY,,STRAIGHT AND LEVEL,DRY,NO DEFECTS,NOT ON SCENE (DESK REPORT),NO INJURY / DRIVE AWAY,,,,"OVER $1,500",3/4/2022 8:00,FAILING TO REDUCE SPEED TO AVOID CRASH,FAILING TO REDUCE SPEED TO AVOID CRASH,9342,S,KIMBARK AVE,413,,,,,,,2,NO INDICATION OF INJURY,0,0,0,0,0,1,0,15,3,3,41.72461971,-87.59257206,POINT (-87.592572064316 41.724619707676)
2639987bbb62fcba3263aca66e6ff0caec500534314cfc587f3d08d9debc956e89032da53f2c470fb7baaf25d7a5dfa15db62594234022af72de93e85507e1ae,JF164365,,3/5/2022 15:11,30,NO CONTROLS,NO CONTROLS,CLEAR,DAYLIGHT,SIDESWIPE SAME DIRECTION,NOT DIVIDED,,STRAIGHT AND LEVEL,DRY,NO DEFECTS,NOT ON SCENE (DESK REPORT),NO INJURY / DRIVE AWAY,,,,"OVER $1,500",3/5/2022 16:30,DRIVING SKILLS/KNOWLEDGE/EXPERIENCE,NOT APPLICABLE,5006,S,BLACKSTONE AVE,222,,,,,,,2,NO INDICATION OF INJURY,0,0,0,0,0,2,0,15,7,3,41.80398468,-87.59068068,POINT (-87.590680676932 41.803984675179)
361f75bc81ba1dcd7c4d55709f928b565a2ed8e4d3d25c0618879702442710da4bbbc86605826fb4d622c3727e9fe2c2a6037a2817052f08f986c25f5f075336,JF179857,,3/19/2022 22:35,30,STOP SIGN/FLASHER,FUNCTIONING PROPERLY,UNKNOWN,"DARKNESS, LIGHTED ROAD",REAR END,ROUNDABOUT,,STRAIGHT AND LEVEL,UNKNOWN,UNKNOWN,NOT ON SCENE (DESK REPORT),NO INJURY / DRIVE AWAY,,,Y,"OVER $1,500",3/19/2022 23:30,FAILING TO REDUCE SPEED TO AVOID CRASH,NOT APPLICABLE,2132,W,64TH ST,726,,,,,,,2,NO INDICATION OF INJURY,0,0,0,0,0,5,0,22,7,3,,,
805dd1790f0b6b86b9625dd3839abe7b762ee3cca8a6a1312f333a935c18a7d7b48e1ea5dd384829b805c86da97b6b9640c0f0bb9b0889af5d02bd7294c1f5cb,JF157763,,2/25/2022 7:00,30,TRAFFIC SIGNAL,FUNCTIONING PROPERLY,CLEAR,DAYLIGHT,TURNING,DIVIDED - W/MEDIAN (NOT RAISED),,STRAIGHT AND LEVEL,SNOW OR SLUSH,NO DEFECTS,NOT ON SCENE (DESK REPORT),NO INJURY / DRIVE AWAY,Y,,,"$501 - $1,500",2/27/2022 15:00,WEATHER,NOT APPLICABLE,4700,W,ADDISON ST,1731,,,,,,,2,NO INDICATION OF INJURY,0,0,0,0,0,2,0,7,6,2,41.94626869,-87.74458058,POINT (-87.744580576993 41.946268693672)
2e28570f069b91f643134aa96d3c502b883d49552abcc91cbd8303cb966a3887a9a43b4b3051aff69e858706168fb594fc6a53709c9d2788216cf138c2b9fbaa,JF164158,,3/4/2022 18:40,30,NO CONTROLS,NO CONTROLS,CLEAR,"DARKNESS, LIGHTED ROAD",PARKED MOTOR VEHICLE,ONE-WAY,,STRAIGHT AND LEVEL,DRY,NO DEFECTS,NOT ON SCENE (DESK REPORT),NO INJURY / DRIVE AWAY,,,,"OVER $1,500",3/5/2022 12:55,UNABLE TO DETERMINE,UNABLE TO DETERMINE,9312,S,CORNELL AVE,413,,,,,,,2,NO INDICATION OF INJURY,0,0,0,0,0,2,0,18,6,3,41.72558616,-87.58393191,POINT (-87.583931905226 41.725586164202)
43000d4ea1de4e2fe3dc6c7d4bf7d95964be3f7e69a108dd21d16e97da8c3d24dab3bc4dab3ac1fd5dc6865e9fafb336502421e3813cc12092bd5111ff95b36b,JD459122,,12/14/2020 17:24,25,NO CONTROLS,NO CONTROLS,CLEAR,"DARKNESS, LIGHTED ROAD",SIDESWIPE SAME DIRECTION,NOT DIVIDED,,STRAIGHT AND LEVEL,DRY,NO DEFECTS,,NO INJURY / DRIVE AWAY,,,,"OVER $1,500",12/14/2020 17:24,DRIVING SKILLS/KNOWLEDGE/EXPERIENCE,FAILING TO YIELD RIGHT-OF-WAY,7463,N,SEELEY AVE,2424,,,,,,,3,NO INDICATION OF INJURY,0,0,0,0,0,2,0,17,2,12,42.01768886,-87.68149662,POINT (-87.681496619351 42.017688855207)
208983ae7313cfa73dc264e5973fd04872606dca0aa3649065daf611111a15d1eb469643864eb7ccc9ecbb8010977acc533d320fff8b809a0935db3f2b439563,JF164144,,3/5/2022 12:05,30,TRAFFIC SIGNAL,FUNCTIONING PROPERLY,CLEAR,DAYLIGHT,ANGLE,FOUR WAY,,STRAIGHT AND LEVEL,DRY,NO DEFECTS,NOT ON SCENE (DESK REPORT),NO INJURY / DRIVE AWAY,Y,,,"OVER $1,500",3/5/2022 12:35,UNABLE TO DETERMINE,UNABLE TO DETERMINE,2759,W,DEVON AVE,2413,,,,,,,2,NO INDICATION OF INJURY,0,0,0,0,0,2,0,12,7,3,41.99745454,-87.69943283,POINT (-87.699432826936 41.99745454104)
3cb8093eab194c0d338233e40d3717eca8667ee1a6fa13715b7e5417f6507169423df3209e98e1d103b919f04d67249e4a56b1699baa8b8935c1f9af03d3b14a,JF163830,Y,3/5/2022 4:45,30,NO CONTROLS,NO CONTROLS,CLEAR,DARKNESS,PARKED MOTOR VEHICLE,ONE-WAY,,STRAIGHT AND LEVEL,DRY,NO DEFECTS,ON SCENE,INJURY AND / OR TOW DUE TO CRASH,,,Y,"OVER $1,500",3/5/2022 4:45,UNABLE TO DETERMINE,UNABLE TO DETERMINE,519,N,RACINE AVE,1214,,,,,,,4,NO INDICATION OF INJURY,0,0,0,0,0,1,0,4,7,3,41.89172105,-87.65725426,POINT (-87.657254264158 41.891721049262)
afdc2b91fb54e0ca8dfb805c7e1871062164d489de9d463d90664d3f122e3b02ae17724ca0db3194872eb71b36ce71b6a7436e112788d54966acef2096dec1ab,JF172486,Y,3/12/2022 22:00,15,NO CONTROLS,NO CONTROLS,UNKNOWN,UNKNOWN,PARKED MOTOR VEHICLE,ONE-WAY,,STRAIGHT AND LEVEL,UNKNOWN,UNKNOWN,ON SCENE,NO INJURY / DRIVE AWAY,,,N,"$501 - $1,500",3/13/2022 12:50,UNABLE TO DETERMINE,UNABLE TO DETERMINE,5355,W,IOWA ST,1524,,Y,,,,,2,NO INDICATION OF INJURY,0,0,0,0,0,1,0,22,7,3,41.89660817,-87.76033943,POINT (-87.760339429746 41.89660816945)
ec2fccb01cf68f85b49ba1cd5c9307b87049bbfd3fdcfd0d5a5e7099e27892bed2a6b6926112f4b7150e7da160b9baacd6bdaa5f4b7467a41c2d9e62b4384f56,JF164045,,1/31/2022 7:30,25,NO CONTROLS,NO CONTROLS,CLEAR,DAWN,SIDESWIPE OPPOSITE DIRECTION,OTHER,,STRAIGHT AND LEVEL,DRY,NO DEFECTS,ON SCENE,NO INJURY / DRIVE AWAY,,,,"OVER $1,500",3/5/2022 11:01,UNABLE TO DETERMINE,NOT APPLICABLE,2701,W,68TH ST,831,,,,,,,2,NO INDICATION OF INJURY,0,0,0,0,0,2,0,7,2,1,41.76992924,-87.69084134,POINT (-87.690841338941 41.769929242296)
449ad662bcb7325f8a25c6814fd44f4445ef40a20c9b6b7b2efc5d95307cf61bd0ccf0772e760adb0d2cde227268a2c54b40d4a1615d05c2f50faab1bc174d8d,JF194715,Y,3/25/2022 17:30,30,STOP SIGN/FLASHER,NO CONTROLS,CLEAR,"DARKNESS, LIGHTED ROAD",TURNING,NOT DIVIDED,,STRAIGHT AND LEVEL,UNKNOWN,UNKNOWN,NOT ON SCENE (DESK REPORT),NO INJURY / DRIVE AWAY,,,,$500 OR LESS,4/2/2022 11:50,UNABLE TO DETERMINE,UNABLE TO DETERMINE,4900,W,FOSTER AVE,1621,,,,,,,2,NO INDICATION OF INJURY,0,0,0,0,0,2,0,17,6,3,41.97540665,-87.75069586,POINT (-87.750695855458 41.975406653614)
43e49c4444efd4010eee507e8b6d4762caf09f6c284735f29817bb6b472148bee5eab9a6d6705c26828005ac246d86f60cb42d40e4a6ddb29feece1bb8777769,JD364818,,9/12/2020 11:50,30,NO CONTROLS,NO CONTROLS,RAIN,DAYLIGHT,PARKED MOTOR VEHICLE,DIVIDED - W/MEDIAN (NOT RAISED),,STRAIGHT AND LEVEL,WET,NO DEFECTS,,NO INJURY / DRIVE AWAY,,,,$500 OR LESS,9/12/2020 11:55,IMPROPER OVERTAKING/PASSING,FAILING TO REDUCE SPEED TO AVOID CRASH,2108,N,LARAMIE AVE,2515,,,,,,,2,NO INDICATION OF INJURY,0,0,0,0,0,1,0,11,7,9,41.91896397,-87.75614747,POINT (-87.756147466602 41.918963972932)
165398daa984b3223b1d44a298b0f5c3490db6f90c0950ab14e10b098592b0ecac1f6f08ad97969e8eff2dceffb7be9951f5748fb06f50f265c738ee7fcbf883,JF164490,,3/5/2022 18:30,30,NO CONTROLS,NO CONTROLS,CLOUDY/OVERCAST,DUSK,SIDESWIPE SAME DIRECTION,DIVIDED - W/MEDIAN (NOT RAISED),,STRAIGHT AND LEVEL,DRY,NO DEFECTS,ON SCENE,INJURY AND / OR TOW DUE TO CRASH,,,,"OVER $1,500",3/5/2022 18:30,IMPROPER LANE USAGE,IMPROPER OVERTAKING/PASSING,1348,S,HALSTED ST,1232,,,,,,,3,NO INDICATION OF INJURY,0,0,0,0,0,3,0,18,7,3,41.86408439,-87.64697711,POINT (-87.646977111798 41.86408438684)
3474d9dee0aa6949255c42a2789572146a96aec3ac4ec91b5ab1f61e44e9f7e6b3b40147c59a93273a29b190076239c044cd6806d6c4852adaca1c44b4c4c0f4,JF164012,,3/5/2022 10:17,30,NO CONTROLS,NO CONTROLS,CLEAR,DAYLIGHT,PARKED MOTOR VEHICLE,NOT DIVIDED,,STRAIGHT AND LEVEL,DRY,NO DEFECTS,ON SCENE,NO INJURY / DRIVE AWAY,,,Y,"OVER $1,500",3/5/2022 10:17,IMPROPER BACKING,UNABLE TO DETERMINE,7837,S,CHAMPLAIN AVE,624,,,,,,,2,NO INDICATION OF INJURY,0,0,0,0,0,1,0,10,7,3,41.75193681,-87.60874356,POINT (-87.608743555111 41.75193680676)
1db4e798224830a46f6dd77235511bcd3c47b98192abc6e23043081e24e8a537659c6083852825cde606747c51c095fbfbba1e74d71605ef5d9e6c9f28f03431,JF164743,,3/6/2022 0:10,30,TRAFFIC SIGNAL,FUNCTIONING PROPERLY,RAIN,"DARKNESS, LIGHTED ROAD",TURNING,NOT DIVIDED,,STRAIGHT AND LEVEL,WET,NO DEFECTS,NOT ON SCENE (DESK REPORT),NO INJURY / DRIVE AWAY,,,,"OVER $1,500",3/6/2022 1:03,UNABLE TO DETERMINE,NOT APPLICABLE,3198,N,CLARK ST,1933,,,,,,,2,NO INDICATION OF INJURY,0,0,0,0,0,2,0,0,1,3,41.9398567,-87.65077339,POINT (-87.650773390933 41.939856703732)
fac6fcee50c824a89e2a58c4b01cacf8a7db3f8f9f940aea607bd93182844111b6f8d4c1b9246902db28384fa8c1cba1e63b39faa536dc5a0fd07cfb93108eac,JF171146,Y,3/12/2022 5:57,30,NO CONTROLS,NO CONTROLS,CLEAR,DAYLIGHT,FIXED OBJECT,DIVIDED - W/MEDIAN (NOT RAISED),,STRAIGHT AND LEVEL,DRY,NO DEFECTS,ON SCENE,INJURY AND / OR TOW DUE TO CRASH,,,Y,"OVER $1,500",3/12/2022 6:10,NOT APPLICABLE,NOT APPLICABLE,2900,S,CALIFORNIA AVE,1033,,,,,,,1,NO INDICATION OF INJURY,0,0,0,0,0,1,0,5,7,3,41.83924404,-87.69523331,POINT (-87.695233304817 41.839244042791)
9f9ad49f1d71fd774d3e34fc2c7a1d09b814fa4f5b70a40bba6f4676a801df794421a042206cb59535bce62f94d4e15dca005dccc97c7ffba9463842dcc72337,JF163275,,3/2/2022 15:17,30,STOP SIGN/FLASHER,FUNCTIONING PROPERLY,CLEAR,DAYLIGHT,REAR END,NOT DIVIDED,,STRAIGHT AND LEVEL,DRY,NO DEFECTS,NOT ON SCENE (DESK REPORT),INJURY AND / OR TOW DUE TO CRASH,,,,"$501 - $1,500",3/4/2022 16:00,FOLLOWING TOO CLOSELY,FOLLOWING TOO CLOSELY,5550,S,LAKE PARK AVE,235,,,,,,,2,"REPORTED, NOT EVIDENT",1,0,0,0,1,1,0,15,4,3,41.7936937,-87.58801316,POINT (-87.588013160293 41.793693696122)
4549f90a62dc28eb523fda37e5f1760d489b5834f03b5957155a012684f9237f7758e0b01f0fd80ca5bca9512e53dca6cc73965c6f4cd3e7d42880e347eb7934,JF187126,Y,3/25/2022 19:35,35,TRAFFIC SIGNAL,UNKNOWN,CLEAR,"DARKNESS, LIGHTED ROAD",FIXED OBJECT,UNKNOWN INTERSECTION TYPE,,STRAIGHT AND LEVEL,UNKNOWN,UNKNOWN,NOT ON SCENE (DESK REPORT),NO INJURY / DRIVE AWAY,,,,"OVER $1,500",3/26/2022 10:33,DISREGARDING OTHER TRAFFIC SIGNS,UNABLE TO DETERMINE,300,W,CHICAGO AVE,1823,,,,,,,1,NO INDICATION OF INJURY,0,0,0,0,0,1,0,19,6,3,41.89668592,-87.63577669,POINT (-87.635776690588 41.896685918295)
6ba0db71e6df20b55c89b1ff10e159cd40ed11adaad7f85417545e4c32b13d8e1660ead6ca7416737d589b5ee97d8900a0776f3e6f12540dac1ac3cf862a6f14,JF163356,,3/4/2022 16:10,30,NO CONTROLS,NO CONTROLS,CLEAR,DAYLIGHT,REAR END,NOT DIVIDED,,STRAIGHT AND LEVEL,DRY,NO DEFECTS,ON SCENE,INJURY AND / OR TOW DUE TO CRASH,,,,"OVER $1,500",3/4/2022 16:14,FOLLOWING TOO CLOSELY,UNABLE TO DETERMINE,6741,S,COTTAGE GROVE AVE,321,,Y,,,,,2,NONINCAPACITATING INJURY,1,0,0,1,0,1,0,16,6,3,41.7719226,-87.60559279,POINT (-87.605592790249 41.771922594863)
5bc40901d5ee08dfe8b9c9c2c5e25deba706bc615e6ced31d89b922822d682fa91ae710376655fd05093584e6b7807bdbf4d96a5159509d19e5eb41eb3aece39,JF164384,,3/5/2022 13:45,30,TRAFFIC SIGNAL,UNKNOWN,CLEAR,DAYLIGHT,SIDESWIPE SAME DIRECTION,NOT DIVIDED,,STRAIGHT AND LEVEL,DRY,NO DEFECTS,NOT ON SCENE (DESK REPORT),NO INJURY / DRIVE AWAY,Y,,Y,"OVER $1,500",3/5/2022 16:30,UNABLE TO DETERMINE,NOT APPLICABLE,7900,S,STONY ISLAND AVE,411,,,,,,,2,NO INDICATION OF INJURY,0,0,0,0,0,2,0,13,7,3,41.7514606,-87.58597199,POINT (-87.585971992965 41.751460603167)
94091f38adae4d48c00133fcaa5c2e9c4b522b3b8d1a0c605e50486ff18620420ffc3ae16153283c4d1f592f47421d69a9b69a9b0cdea0315f5fb838b3ac02c0,JF163820,,3/5/2022 4:12,30,NO CONTROLS,NO CONTROLS,CLEAR,"DARKNESS, LIGHTED ROAD",PARKED MOTOR VEHICLE,PARKING LOT,,STRAIGHT AND LEVEL,DRY,NO DEFECTS,ON SCENE,NO INJURY / DRIVE AWAY,,,,"OVER $1,500",3/5/2022 4:12,UNABLE TO DETERMINE,UNABLE TO DETERMINE,1400,W,79TH ST,612,,,,,,,2,NO INDICATION OF INJURY,0,0,0,0,0,1,0,4,7,3,41.75053498,-87.65865206,POINT (-87.65865206229 41.750534981258)
aa05cef2e716a7eb8ac9cde0cf9edef63a37f212683fcf1c278b128e573466ec4cdbdb793d0a2e900f1f124a28290f8e81d18a3cbe3af5dd18c20cff1de873bf,JF164041,,3/5/2022 10:25,30,STOP SIGN/FLASHER,FUNCTIONING PROPERLY,CLEAR,DAYLIGHT,REAR END,NOT DIVIDED,,STRAIGHT AND LEVEL,DRY,NO DEFECTS,ON SCENE,INJURY AND / OR TOW DUE TO CRASH,Y,,,"OVER $1,500",3/5/2022 10:26,FAILING TO REDUCE SPEED TO AVOID CRASH,DISREGARDING STOP SIGN,1001,W,115TH ST,524,,,,,,,2,NONINCAPACITATING INJURY,2,0,0,2,0,0,0,10,7,3,41.68490677,-87.64707375,POINT (-87.647073751342 41.68490676992)
c38363ff1ceff5fe60f53fe61eb7b43c8fabce4420bde1c6e66ed81fdafc4cf5f2ad4d5154f710befa7c4b9043e4bc2a7ad4c540afc01c1f2e6cca126ecc3db7,JF163850,,3/5/2022 5:40,35,NO CONTROLS,NO CONTROLS,CLEAR,DAYLIGHT,FIXED OBJECT,PARKING LOT,,STRAIGHT AND LEVEL,DRY,NO DEFECTS,ON SCENE,NO INJURY / DRIVE AWAY,,Y,,"OVER $1,500",3/5/2022 5:44,DRIVING SKILLS/KNOWLEDGE/EXPERIENCE,NOT APPLICABLE,1831,W,31ST PL,912,,,,,,,1,NO INDICATION OF INJURY,0,0,0,0,0,1,0,5,7,3,41.83668429,-87.6718173,POINT (-87.671817300478 41.836684290733)
3c183cfe420f784b3b537be50b55b72bc4b65916d25a8d4e14f3cc59d3be039994daf2627ed67036dbbf8813894fb13122b6a7438dc7ffb4b18b671cabbdf52a,JF171116,,3/12/2022 3:44,25,NO CONTROLS,NO CONTROLS,CLEAR,"DARKNESS, LIGHTED ROAD",PARKED MOTOR VEHICLE,ONE-WAY,,STRAIGHT AND LEVEL,DRY,NO DEFECTS,ON SCENE,NO INJURY / DRIVE AWAY,,,Y,"OVER $1,500",3/12/2022 3:44,UNABLE TO DETERMINE,UNABLE TO DETERMINE,7844,S,GREEN ST,621,,,,,,,2,NO INDICATION OF INJURY,0,0,0,0,0,2,0,3,7,3,41.75110854,-87.64541873,POINT (-87.645418726733 41.751108542618)
6805e3e276dd0e89fe011fec06e7c7b700d848382f2f4a37f780467b6e45bbc00a6c72b36586cfcb1bfd592fe27bc6ccaf42fc26e63a16ea8238a67c89b047f1,JF171246,,3/12/2022 9:10,15,NO CONTROLS,NO CONTROLS,CLEAR,DAYLIGHT,PARKED MOTOR VEHICLE,PARKING LOT,,STRAIGHT AND LEVEL,DRY,NO DEFECTS,ON SCENE,NO INJURY / DRIVE AWAY,,,Y,$500 OR LESS,3/12/2022 9:20,UNABLE TO DETERMINE,NOT APPLICABLE,3500,N,KIMBALL AVE,1732,,,,,,,2,NO INDICATION OF INJURY,0,0,0,0,0,1,0,9,7,3,41.94488107,-87.71280509,POINT (-87.712805088759 41.944881073845)