CRASH_RECORD_ID,RD_NO,CRASH_DATE_EST_I,CRASH_DATE,POSTED_SPEED_LIMIT,TRAFFIC_CONTROL_DEVICE,DEVICE_CONDITION,WEATHER_CONDITION,LIGHTING_CONDITION,FIRST_CRASH_TYPE,TRAFFICWAY_TYPE,LANE_CNT,ALIGNMENT,ROADWAY_SURFACE_COND,ROAD_DEFECT,REPORT_TYPE,CRASH_TYPE,INTERSECTION_RELATED_I,NOT_RIGHT_OF_WAY_I,HIT_AND_RUN_I,DAMAGE,DATE_POLICE_NOTIFIED,PRIM_CONTRIBUTORY_CAUSE,SEC_CONTRIBUTORY_CAUSE,STREET_NO,STREET_DIRECTION,STREET_NAME,BEAT_OF_OCCURRENCE,PHOTOS_TAKEN_I,STATEMENTS_TAKEN_I,DOORING_I,WORK_ZONE_I,WORK_ZONE_TYPE,WORKERS_PRESENT_I,NUM_UNITS,MOST_SEVERE_INJURY,INJURIES_TOTAL,INJURIES_FATAL,INJURIES_INCAPACITATING,INJURIES_NON_INCAPACITATING,INJURIES_REPORTED_NOT_EVIDENT,INJURIES_NO_INDICATION,INJURIES_UNKNOWN,CRASH_HOUR,CRASH_DAY_OF_WEEK,CRASH_MONTH,LATITUDE,LONGITUDE,LOCATION
90a3b68233882b7e7c5ba7c593210ae3b7656b8403391e363295c1ade0176bd118b63e9d22061dfa5d2a556b6d4510ba71ca586d12128e337f732d698c3cd9eb,JF171531,,3/12/2022 13:15,20,NO CONTROLS,NO CONTROLS,CLEAR,DAYLIGHT,REAR TO SIDE,NOT DIVIDED,,STRAIGHT AND LEVEL,DRY,NO DEFECTS,NOT ON SCENE (DESK REPORT),NO INJURY / DRIVE AWAY,,,,$500 OR LESS,3/12/2022 14:00,FAILING TO YIELD RIGHT-OF-WAY,NOT APPLICABLE,1130,W,CORNELIA AVE,1924,,,,,,,2,NO INDICATION OF INJURY,0,0,0,0,0,2,0,13,7,3,41.945441,-87.65795101,POINT (-87.657951014192 41.945441002237)
4550ed27add8f8d32a8e6fa6b935f086fab82649cea1de47904a4b565e3570ce2ae2775daa843e1d613b18a66b0ce3286affe6b61d203b6ce04be8bb57f10c08,JC396988,,8/18/2019 1:05,30,TRAFFIC SIGNAL,FUNCTIONING PROPERLY,CLEAR,"DARKNESS, LIGHTED ROAD",ANGLE,FOUR WAY,,STRAIGHT AND LEVEL,DRY,NO DEFECTS,,INJURY AND / OR TOW DUE TO CRASH,Y,,Y,"OVER $1,500",8/18/2019 1:10,DISREGARDING TRAFFIC SIGNALS,DISREGARDING TRAFFIC SIGNALS,4700,S,KEDZIE AVE,821,,,,,,,2,NO INDICATION OF INJURY,0,0,0,0,0,2,0,1,1,8,41.80804727,-87.70411882,POINT (-87.704118822299 41.80804727165)
2143f63e1723718f4772cfde8ff9e31d542866847a2f256a3c290b8e3d6558d4809c97b6b6996c177a22c963e1ea94c0a51bca91b53e2aae827efa2d3441f599,JF163926,,3/3/2022 18:28,30,NO CONTROLS,NO CONTROLS,CLEAR,DAYLIGHT,PARKED MOTOR VEHICLE,DIVIDED - W/MEDIAN (NOT RAISED),,STRAIGHT AND LEVEL,DRY,UNKNOWN,NOT ON SCENE (DESK REPORT),NO INJURY / DRIVE AWAY,,,Y,"$501 - $1,500",3/5/2022 8:40,UNABLE TO DETERMINE,UNABLE TO DETERMINE,5325,S,COTTAGE GROVE AVE,233,,,,,,,2,NO INDICATION OF INJURY,0,0,0,0,0,1,0,18,5,3,41.79787081,-87.60615497,POINT (-87.60615496879 41.797870809359)
2b0ae8fa00cb05ad6c1b85a901b6a371e93368eac2bedff1cbb2dcfe37d21f08b6f46c4ea3d8f76d3f4bf40a4900e8773c6427cd58ef6bd8b665b30628e03169,JF163035,,3/4/2022 9:00,30,TRAFFIC SIGNAL,FUNCTIONING PROPERLY,CLEAR,DAYLIGHT,REAR END,NOT DIVIDED,,STRAIGHT AND LEVEL,DRY,NO DEFECTS,NOT ON SCENE (DESK REPORT),NO INJURY / DRIVE AWAY,,,,"$501 - $1,500",3/4/2022 12:00,UNABLE TO DETERMINE,NOT APPLICABLE,1200,S,DAMEN AVE,1233,,,,,,,2,NO INDICATION OF INJURY,0,0,0,0,0,2,0,9,6,3,41.86670668,-87.67639524,POINT (-87.676395238652 41.86670667489)
9a3d11c3123a9195359dd182dec805b7efbaff06a708a9f3e1df8a9160afd8f9f05b512794cabb41b7fc7302257dba76038a23f7a02327abfdaf5fd45bcb4da0,JF164567,,3/5/2022 19:55,30,TRAFFIC SIGNAL,FUNCTIONING PROPERLY,RAIN,DUSK,SIDESWIPE SAME DIRECTION,DIVIDED - W/MEDIAN (NOT RAISED),,STRAIGHT AND LEVEL,WET,NO DEFECTS,ON SCENE,NO INJURY / DRIVE AWAY,,,Y,"OVER $1,500",3/5/2022 19:58,IMPROPER OVERTAKING/PASSING,IMPROPER OVERTAKING/PASSING,2808,W,63RD ST,823,,,,,,,2,NO INDICATION OF INJURY,0,0,0,0,0,5,0,19,7,3,41.77921919,-87.69379314,POINT (-87.6937931385 41.779219189777)
d3244036e9d1ec8c3c7e974da4833113615d9a916b2c7cf8b5be73030e33389577b24081b5aed8db10595c5e3853d6f1dc7f19ca6d4bca0ebd3872606b24ff15,JF164027,,3/5/2022 8:30,20,UNKNOWN,UNKNOWN,UNKNOWN,UNKNOWN,OTHER NONCOLLISION,UNKNOWN,,STRAIGHT AND LEVEL,UNKNOWN,UNKNOWN,NOT ON SCENE (DESK REPORT),NO INJURY / DRIVE AWAY,,,,"$501 - $1,500",3/5/2022 10:25,UNABLE TO DETERMINE,NOT APPLICABLE,4045,E,106TH ST,432,,,,,,,1,NO INDICATION OF INJURY,0,0,0,0,0,1,0,8,7,3,41.70257364,-87.52517832,POINT (-87.525178322964 41.702573636607)
ff4a22aca129908d3b52faa512ee5312b505ebb57588a1500bf30ec4aadf54e6be95430866636b2207ba26a74edf7379f7791d931c07fb354cc291122cfb4ccb,JF164709,,3/5/2022 23:15,30,STOP SIGN/FLASHER,FUNCTIONING PROPERLY,RAIN,"DARKNESS, LIGHTED ROAD",TURNING,T-INTERSECTION,,STRAIGHT AND LEVEL,WET,NO DEFECTS,NOT ON SCENE (DESK REPORT),NO INJURY / DRIVE AWAY,Y,,,"$501 - $1,500",3/5/2022 23:55,UNABLE TO DETERMINE,NOT APPLICABLE,1730,W,31ST ST,912,,,,,,,2,NO INDICATION OF INJURY,0,0,0,0,0,3,0,23,7,3,41.8378238,-87.66934569,POINT (-87.669345694294 41.837823803418)
45c1edc52decdcfe9886ba20a80840123141f99579f63cd2e25a581e1379f95733b08e8841a9313e2337da7a4388ab09e74564de2d6206cf454b04338a57b2f0,JF196206,,3/25/2022 15:30,30,NO CONTROLS,NO CONTROLS,CLEAR,DAYLIGHT,SIDESWIPE SAME DIRECTION,DIVIDED - W/MEDIAN (NOT RAISED),,STRAIGHT AND LEVEL,DRY,NO DEFECTS,NOT ON SCENE (DESK REPORT),NO INJURY / DRIVE AWAY,,,,"OVER $1,500",4/3/2022 20:30,UNABLE TO DETERMINE,UNABLE TO DETERMINE,60,N,CICERO AVE,1533,,,,,,,2,NO INDICATION OF INJURY,0,0,0,0,0,3,0,15,6,3,41.88174807,-87.74548559,POINT (-87.745485593811 41.881748070129)
4dd382b8e79b464b21e86b03fc59ea12acbfedd84eed363eb74643269f728ef37b43a3011afefcbe8ff6045bf78693be9d9ca8a41f428657beef77aa764b9ea8,JF169825,,3/10/2022 20:23,30,TRAFFIC SIGNAL,FUNCTIONING PROPERLY,SNOW,"DARKNESS, LIGHTED ROAD",FIXED OBJECT,CENTER TURN LANE,,STRAIGHT AND LEVEL,WET,NO DEFECTS,ON SCENE,INJURY AND / OR TOW DUE TO CRASH,,,,"OVER $1,500",3/10/2022 20:47,EQUIPMENT - VEHICLE CONDITION,WEATHER,1,W,87TH ST,632,,,,,,,1,NO INDICATION OF INJURY,0,0,0,0,0,1,0,20,5,3,41.73618924,-87.62417653,POINT (-87.624176525958 41.736189235332)
30b2189ac2846fa6504e40cfbb143dc88d5e0186b1271f46d636398125a0efeddfc03f92f9f1fb48ad81afdb600765cadd2b11d620642db9f8fb0013d53c3f02,JF171389,,3/12/2022 11:30,30,TRAFFIC SIGNAL,FUNCTIONING PROPERLY,CLEAR,DAYLIGHT,ANGLE,DIVIDED - W/MEDIAN (NOT RAISED),,STRAIGHT AND LEVEL,DRY,NO DEFECTS,NOT ON SCENE (DESK REPORT),NO INJURY / DRIVE AWAY,,,Y,$500 OR LESS,3/12/2022 11:50,FAILING TO YIELD RIGHT-OF-WAY,NOT APPLICABLE,4400,N,CICERO AVE,1623,,,,,,,2,NO INDICATION OF INJURY,0,0,0,0,0,2,0,11,7,3,41.96079002,-87.74768936,POINT (-87.747689358768 41.960790022702)
32611abbbab1491ca98e77656b457607c5ef75da74f06d24d1f1ee7a8392112315fca9bfca0f38c75cb76a9c0fd365ff447d7e9e6212e7b2d1c3bf77ff502353,JF171368,Y,3/12/2022 9:00,30,UNKNOWN,UNKNOWN,UNKNOWN,UNKNOWN,PARKED MOTOR VEHICLE,NOT DIVIDED,,STRAIGHT AND LEVEL,UNKNOWN,UNKNOWN,NOT ON SCENE (DESK REPORT),NO INJURY / DRIVE AWAY,,,Y,"$501 - $1,500",3/12/2022 11:30,UNABLE TO DETERMINE,NOT APPLICABLE,2434,W,60TH ST,824,,,,,,,2,NO INDICATION OF INJURY,0,0,0,0,0,1,0,9,7,3,41.78482624,-87.68516338,POINT (-87.685163383031 41.784826234816)
248caea30f47b90b931df56f9bfc581bd7698ea4f8dfe49f5e75195ab6c6e7fc775b1dfe6f397ecbf02fb95e7160358de2f4c7f5fda9deaac2cdeb03f5d932bc,JF172201,,3/13/2022 4:25,30,NO CONTROLS,NO CONTROLS,CLEAR,"DARKNESS, LIGHTED ROAD",SIDESWIPE SAME DIRECTION,NOT DIVIDED,,STRAIGHT AND LEVEL,DRY,NO DEFECTS,ON SCENE,INJURY AND / OR TOW DUE TO CRASH,,,Y,"OVER $1,500",3/13/2022 4:27,UNABLE TO DETERMINE,UNABLE TO DETERMINE,6552,S,LOOMIS BLVD,725,,,,,,,3,NO INDICATION OF INJURY,0,0,0,0,0,2,0,4,1,3,41.77433679,-87.65937048,POINT (-87.659370484007 41.774336786374)
1eb5fd4ccf7edf5ed31c48fb9933a9154b9c655679113706692aa73b384206019765dac282f036d89e1e70720cc271fd255e1977318ff946bfbd93612384ff2a,JF171517,,3/9/2022 14:15,20,NO CONTROLS,NO CONTROLS,CLEAR,DAYLIGHT,PARKED MOTOR VEHICLE,NOT DIVIDED,,STRAIGHT AND LEVEL,DRY,NO DEFECTS,NOT ON SCENE (DESK REPORT),NO INJURY / DRIVE AWAY,,,Y,"OVER $1,500",3/12/2022 13:15,IMPROPER LANE USAGE,NOT APPLICABLE,815,W,63RD ST,723,,,,,,,2,NO INDICATION OF INJURY,0,0,0,0,0,1,0,14,4,3,41.77963108,-87.64546977,POINT (-87.645469768851 41.779631076859)
39a658d2141ee9fd5c538fd57a26d42c5e50db604ea014705e30b046c7078170ffe2d0ade904efac183ccf7afe5973976e1e495844ffb09abf5dc08f0bdd3f81,,,4/3/2022 1:30,25,NO CONTROLS,NO CONTROLS,RAIN,"DARKNESS, LIGHTED ROAD",FIXED OBJECT,NOT DIVIDED,,STRAIGHT AND LEVEL,WET,NO DEFECTS,ON SCENE,INJURY AND / OR TOW DUE TO CRASH,,,,"OVER $1,500",4/3/2022 1:45,UNABLE TO DETERMINE,UNABLE TO DETERMINE,4338,W,BRYN MAWR AVE,1711,,,,,,,1,INCAPACITATING INJURY,1,0,1,0,0,1,0,1,1,4,41.98284942,-87.73767223,POINT (-87.737672230564 41.982849424178)
455f4e64d8193fd0f6d901e77cd7fa8a174442d6a809b87e38ee2d5592a87362774146cdb9503ef13492ea515c952afe7824b862909efd3241afba61b340f9f6,JF170830,,3/11/2022 19:00,20,NO CONTROLS,NO CONTROLS,CLEAR,DUSK,OTHER OBJECT,NOT DIVIDED,,STRAIGHT AND LEVEL,DRY,NO DEFECTS,ON SCENE,NO INJURY / DRIVE AWAY,,,,"OVER $1,500",3/11/2022 19:05,UNABLE TO DETERMINE,UNABLE TO DETERMINE,2199,W,HASTINGS ST,1233,,,,,,,1,NO INDICATION OF INJURY,0,0,0,0,0,1,0,19,6,3,41.86385724,-87.68095775,POINT (-87.680957750762 41.863857238861)
1677ad5fbadb2f8d3c54330121c128f0637c472d2aa7ba2e5805d74a626cecbe509cd5c3e3b958986948289ae27cd41dbdbbaa36e50435d0fea188dbeed21776,JF171818,,3/12/2022 17:15,30,TRAFFIC SIGNAL,FUNCTIONING PROPERLY,CLEAR,DAYLIGHT,REAR END,NOT DIVIDED,,STRAIGHT AND LEVEL,DRY,NO DEFECTS,ON SCENE,INJURY AND / OR TOW DUE TO CRASH,,,,"OVER $1,500",3/12/2022 17:21,UNABLE TO DETERMINE,UNABLE TO DETERMINE,9901,S,PULASKI RD,2211,,,,,,,2,"REPORTED, NOT EVIDENT",1,0,0,0,1,1,0,17,7,3,41.71312666,-87.72097713,POINT (-87.720977130053 41.713126654937)
3969a0489ee2e4fe095228306668bca9eae7df6554ad918aa23065551c1b9c960877f13e49a4cc010115ff32fea8fed96e93839699c7fd11e5697e2dd0dba618,JF171851,,3/12/2022 17:50,30,TRAFFIC SIGNAL,FUNCTIONING PROPERLY,CLEAR,DAYLIGHT,REAR END,DIVIDED - W/MEDIAN (NOT RAISED),,STRAIGHT AND LEVEL,DRY,NO DEFECTS,NOT ON SCENE (DESK REPORT),NO INJURY / DRIVE AWAY,,,,"OVER $1,500",3/12/2022 18:10,UNABLE TO DETERMINE,NOT APPLICABLE,5150,W,FLOURNOY ST,1533,,,,,,,2,NO INDICATION OF INJURY,0,0,0,0,0,2,0,17,7,3,41.87206833,-87.75469864,POINT (-87.754698635907 41.872068325045)
555f1a9bb8ff0235e57f2dcb028759fdeb6fb709fee5f78809b6c16983eb3275a08c7b406f3cae1e533182a236ba58281db8943c6eca97b1fe2acc6c9c95362f,JF171909,,3/12/2022 19:05,30,NO CONTROLS,NO CONTROLS,CLEAR,DARKNESS,TURNING,T-INTERSECTION,,STRAIGHT AND LEVEL,DRY,NO DEFECTS,NOT ON SCENE (DESK REPORT),NO INJURY / DRIVE AWAY,,,Y,"OVER $1,500",3/12/2022 19:25,UNABLE TO DETERMINE,NOT APPLICABLE,2200,N,LONG AVE,2515,,,,,,,2,NO INDICATION OF INJURY,0,0,0,0,0,3,0,19,7,3,41.92048138,-87.76109871,POINT (-87.761098705963 41.920481377914)
6a03d9cf3d003ccc7614c54c177a65e0f5d817743ce61610f46ce4444302869d70c9da05d82890635f9d447ddfaf413e688350d8236b9b68da8ba0c6881b5e7d,JF171415,,2/20/2022 17:00,30,UNKNOWN,UNKNOWN,UNKNOWN,UNKNOWN,SIDESWIPE SAME DIRECTION,NOT DIVIDED,,STRAIGHT AND LEVEL,UNKNOWN,UNKNOWN,NOT ON SCENE (DESK REPORT),NO INJURY / DRIVE AWAY,,,Y,"$501 - $1,500",3/12/2022 12:37,IMPROPER LANE USAGE,UNABLE TO DETERMINE,2301,S,DR MARTIN LUTHER KING JR DR,132,,,,,,,2,NO INDICATION OF INJURY,0,0,0,0,0,2,0,17,1,2,41.85119984,-87.61881948,POINT (-87.618819484211 41.851199836578)
59222407d96a0189a74775be48aa874e46c0954a98b67e838f474cafffc05e68ce017776efbd9d7750ab2d15984d757cc075c45d8404ab07d395d4938fd0d1f8,JF171307,,3/11/2022 23:11,35,STOP SIGN/FLASHER,FUNCTIONING PROPERLY,CLEAR,"DARKNESS, LIGHTED ROAD",ANGLE,DIVIDED - W/MEDIAN (NOT RAISED),,STRAIGHT AND LEVEL,DRY,NO DEFECTS,NOT ON SCENE (DESK REPORT),NO INJURY / DRIVE AWAY,Y,,,"$501 - $1,500",3/12/2022 10:45,UNABLE TO DETERMINE,NOT APPLICABLE,5200,W,LAWRENCE AVE,1623,,,,,,,2,NO INDICATION OF INJURY,0,0,0,0,0,2,0,23,6,3,41.9680103,-87.7577819,POINT (-87.757781898594 41.968010298556)
6e9e8563d8ab17ad0b9830a965cd1caf86e025d476495dea0292632316cf825669a04d9113933ca057a3124b6195a2d4e1d078e68475c8b24568e26f480a608a,JF171183,,3/12/2022 7:54,30,TRAFFIC SIGNAL,FUNCTIONING PROPERLY,CLEAR,DAYLIGHT,FIXED OBJECT,FOUR WAY,,STRAIGHT AND LEVEL,DRY,NO DEFECTS,ON SCENE,NO INJURY / DRIVE AWAY,Y,,,"OVER $1,500",3/12/2022 8:01,EQUIPMENT - VEHICLE CONDITION,NOT APPLICABLE,1600,W,LAKE ST,1215,,,,,,,1,NO INDICATION OF INJURY,0,0,0,0,0,1,0,7,7,3,41.88543499,-87.66708806,POINT (-87.667088055261 41.885434986143)
6f22fc26200889c435b02dd34bca147e5da28938eaaadffc836477f2bdec45eda650b9a91364e4b8d7b3aaaad70d28c33a7dba1d2cc6020d8156da0fd232a0ba,JF171533,,3/12/2022 10:00,30,NO CONTROLS,NO CONTROLS,CLEAR,DAYLIGHT,PARKED MOTOR VEHICLE,ONE-WAY,,STRAIGHT AND LEVEL,DRY,NO DEFECTS,NOT ON SCENE (DESK REPORT),NO INJURY / DRIVE AWAY,,,Y,"$501 - $1,500",3/12/2022 14:00,NOT APPLICABLE,NOT APPLICABLE,4528,W,WRIGHTWOOD AVE,2521,,,,,,,2,NO INDICATION OF INJURY,0,0,0,0,0,1,0,10,7,3,41.92872349,-87.7402832,POINT (-87.740283199574 41.928723485786)
3a22c2c752979be3bfafd7e7f598a3284634650a152a5085a12ca94cc42b21b3414e2b15c4a284f07e115afb8e91330a860c23ebb30e23bc428d3527756bb9fd,JF167068,,3/8/2022 9:30,30,NO CONTROLS,NO CONTROLS,CLEAR,DAYLIGHT,TURNING,NOT DIVIDED,,STRAIGHT AND LEVEL,DRY,NO DEFECTS,NOT ON SCENE (DESK REPORT),NO INJURY / DRIVE AWAY,,,,"$501 - $1,500",3/8/2022 9:30,IMPROPER OVERTAKING/PASSING,NOT APPLICABLE,2147,S,LUMBER ST,1235,,,,,,,2,NO INDICATION OF INJURY,0,0,0,0,0,2,0,9,3,3,41.85294346,-87.64134828,POINT (-87.641348277019 41.852943462504)
498aca56fdb31f032e3388ebb74dc10817a9afe86a47fa0466c46ea580a2bc19184eead7783d6c83b14ab3f65849996d833ee6e86196bee2a159d30f327742e0,JC506589,,11/10/2019 15:30,30,NO CONTROLS,NO CONTROLS,CLEAR,DAYLIGHT,PEDALCYCLIST,NOT DIVIDED,,STRAIGHT AND LEVEL,DRY,NO DEFECTS,,NO INJURY / DRIVE AWAY,,,Y,"$501 - $1,500",11/11/2019 14:20,UNABLE TO DETERMINE,UNABLE TO DETERMINE,900,W,ARMITAGE AVE,1812,,,,,,,2,NO INDICATION OF INJURY,0,0,0,0,0,2,0,15,1,11,41.91825205,-87.65100157,POINT (-87.65100156848 41.918252049629)
726d123e6892a1ad4d31526590059b8166f7e728ecc9b339d292d56a398d40dfdef6012732c4a71d9d91228891e79e7b439c2892f6f4927735dc34883e5bef2f,JF169413,,3/10/2022 14:10,30,TRAFFIC SIGNAL,FUNCTIONING PROPERLY,CLEAR,DAYLIGHT,TURNING,DIVIDED - W/MEDIAN BARRIER,,STRAIGHT AND LEVEL,DRY,NO DEFECTS,ON SCENE,NO INJURY / DRIVE AWAY,,,,$500 OR LESS,3/10/2022 14:12,UNABLE TO DETERMINE,NOT APPLICABLE,4000,W,76TH ST,833,,,,,,,2,NO INDICATION OF INJURY,0,0,0,0,0,3,0,14,5,3,41.75519334,-87.72223043,POINT (-87.722230431257 41.755193334868)
b9ef1ecaa36b9d7229fae380f15d1b86a72419561c30cd07e29952afca9b9fd4f038565ecbbb01f37fa4e33d6d68be061f987f4e52f8b1f4d6d1731e4088f0ff,JF170438,,3/11/2022 13:00,30,NO CONTROLS,NO CONTROLS,CLEAR,DAYLIGHT,SIDESWIPE SAME DIRECTION,DIVIDED - W/MEDIAN (NOT RAISED),,STRAIGHT AND LEVEL,DRY,NO DEFECTS,ON SCENE,NO INJURY / DRIVE AWAY,,,,$500 OR LESS,3/11/2022 13:05,IMPROPER LANE USAGE,NOT APPLICABLE,5445,S,HARLEM AVE,811,,,,,,,2,NO INDICATION OF INJURY,0,0,0,0,0,2,0,13,6,3,41.79256532,-87.80140184,POINT (-87.80140183967 41.792565319731)
1862b218a26df43aeba8b184e3ce032214cb6bc18f60ffdbaa4386fb2b7c8c49f79437a7c40b978440d838aa440b06d1140912e29aa17444498cced9677cf69f,JF172051,,3/12/2022 20:05,30,NO CONTROLS,NO CONTROLS,CLEAR,"DARKNESS, LIGHTED ROAD",PARKED MOTOR VEHICLE,NOT DIVIDED,,STRAIGHT AND LEVEL,DRY,NO DEFECTS,NOT ON SCENE (DESK REPORT),NO INJURY / DRIVE AWAY,,,Y,"$501 - $1,500",3/12/2022 23:00,UNABLE TO DETERMINE,NOT APPLICABLE,3820,W,CHICAGO AVE,1112,,,,,,,2,NO INDICATION OF INJURY,0,0,0,0,0,1,0,20,7,3,41.895513,-87.72216982,POINT (-87.722169815122 41.895512999952)
938029fb1b32504b74715dceeee73dc7e25a6dc68cbed1fa86143dc6778d8d319df7f9d49de5a70bdefeb589fe6e05f90f103b46805218d60947b7f3b6ef8237,JF171420,Y,3/12/2022 5:00,30,NO CONTROLS,NO CONTROLS,CLEAR,UNKNOWN,PARKED MOTOR VEHICLE,ONE-WAY,,STRAIGHT AND LEVEL,DRY,NO DEFECTS,ON SCENE,INJURY AND / OR TOW DUE TO CRASH,,,Y,"OVER $1,500",3/12/2022 12:09,UNABLE TO DETERMINE,UNABLE TO DETERMINE,811,N,MONTICELLO AVE,1112,,,,,,,3,NO INDICATION OF INJURY,0,0,0,0,0,1,0,5,7,3,41.89582583,-87.71739736,POINT (-87.717397364086 41.895825832401)
f35b4e398dec0f0d473e7a6bfe85e5b707a6e5fb8d73780c415ddb69163506007868f5c9581727444c6ba37c58097ca41244363d68262b68c1bf0deb948e7b2e,JF168736,,3/9/2022 20:34,30,NO CONTROLS,NO CONTROLS,CLEAR,"DARKNESS, LIGHTED ROAD",ANGLE,ONE-WAY,,STRAIGHT AND LEVEL,DRY,NO DEFECTS,ON SCENE,INJURY AND / OR TOW DUE TO CRASH,,,Y,"OVER $1,500",3/9/2022 20:36,FAILING TO YIELD RIGHT-OF-WAY,UNABLE TO DETERMINE,9513,S,INDIANA AVE,511,,,,,,,2,NO INDICATION OF INJURY,0,0,0,0,0,2,0,20,4,3,41.72138162,-87.61885296,POINT (-87.618852955353 41.721381615737)
e5295e95de1c5913630779ac13d92d055a9f43d136139e2f65e31c4038b917cbb1f98942e2140d922c4be20ad8e4698a0d6cc463dfe762e267f6174fc1943531,JF170443,Y,3/10/2022 21:00,30,NO CONTROLS,NO CONTROLS,UNKNOWN,UNKNOWN,PARKED MOTOR VEHICLE,ONE-WAY,,STRAIGHT AND LEVEL,UNKNOWN,UNKNOWN,ON SCENE,INJURY AND / OR TOW DUE TO CRASH,,,Y,"OVER $1,500",3/11/2022 13:08,UNABLE TO DETERMINE,UNABLE TO DETERMINE,7213,S,EXCHANGE AVE,334,,,,,,,2,NO INDICATION OF INJURY,0,0,0,0,0,1,0,21,5,3,41.76423392,-87.56449532,POINT (-87.564495323183 41.764233917995)
1e55d3d37f737eb9bcbaf88a12a35cecd95063d8bf67a6931886fb064a519b99e346b659df250ab8f0e0c2abc15edead9159d32676d5869a871c3c234d5ea084,JF164756,N,3/6/2022 1:18,30,STOP SIGN/FLASHER,FUNCTIONING PROPERLY,CLEAR,"DARKNESS, LIGHTED ROAD",ANGLE,FOUR WAY,,STRAIGHT AND LEVEL,WET,NO DEFECTS,ON SCENE,INJURY AND / OR TOW DUE TO CRASH,Y,,,"OVER $1,500",3/6/2022 1:18,DRIVING SKILLS/KNOWLEDGE/EXPERIENCE,UNABLE TO DETERMINE,4800,S,DR MARTIN LUTHER KING JR DR,224,,Y,,,,,2,NONINCAPACITATING INJURY,2,0,0,2,0,0,0,1,1,3,41.80747002,-87.61668477,POINT (-87.6166847743 41.807470016864)
d24616f492a25691061d81f754fccf3b87ab68327d974915b0fc3c41343fbd209b2ac1288dab7126baf399b45a75e0d14fffbcf490aa14e8de32a87714958b18,JF166727,,3/8/2022 1:53,30,TRAFFIC SIGNAL,FUNCTIONING PROPERLY,CLEAR,"DARKNESS, LIGHTED ROAD",FIXED OBJECT,DIVIDED - W/MEDIAN BARRIER,,STRAIGHT AND LEVEL,DRY,NO DEFECTS,ON SCENE,INJURY AND / OR TOW DUE TO CRASH,Y,,N,"OVER $1,500",3/8/2022 1:53,UNABLE TO DETERMINE,UNABLE TO DETERMINE,100,E,ROOSEVELT RD,114,,,,,,,1,NO INDICATION OF INJURY,0,0,0,0,0,1,0,1,3,3,41.86756654,-87.62409418,POINT (-87.624094174802 41.867566540607)
6acc8048e7369569ea2178768d12f0d90b22cecb10ebec2f7b37abf7d5c8e7afac5e53f605f4cd59880868655fae6295efb35140698a82a3528aeab0e524982f,JF170152,,3/11/2022 7:48,30,STOP SIGN/FLASHER,FUNCTIONING PROPERLY,OTHER,DAYLIGHT,REAR END,UNKNOWN,,STRAIGHT AND LEVEL,OTHER,UNKNOWN,NOT ON SCENE (DESK REPORT),NO INJURY / DRIVE AWAY,,,Y,"$501 - $1,500",3/11/2022 9:17,WEATHER,NOT APPLICABLE,5201,S,LONG AVE,814,,,,,,,2,NO INDICATION OF INJURY,0,0,0,0,0,3,0,7,6,3,41.79820754,-87.75742585,POINT (-87.75742585055 41.798207534657)
12feebf51bb3f6a9f6431267c76f20573c894bcb4af2c799797a9b9ecfa09025f27b6a27703976a27670f915176cd998eccb1d50e67835a6cbaa30f4da8051bf,JF171692,,3/12/2022 1:26,30,TRAFFIC SIGNAL,FUNCTIONING PROPERLY,CLEAR,"DARKNESS, LIGHTED ROAD",ANGLE,FOUR WAY,,STRAIGHT AND LEVEL,DRY,NO DEFECTS,NOT ON SCENE (DESK REPORT),NO INJURY / DRIVE AWAY,Y,,Y,"OVER $1,500",3/12/2022 16:30,FAILING TO YIELD RIGHT-OF-WAY,UNABLE TO DETERMINE,400,E,GARFIELD BLVD,233,,,,,,,2,NO INDICATION OF INJURY,0,0,0,0,0,2,0,1,7,3,41.79491006,-87.61591569,POINT (-87.615915687849 41.794910056687)
2b0bc571331544d129fe52c9b65fe358c0885305ad82d400d7c89441dc84186a1c4188d978c409bd82db5dbc8b3815c0924ff56363d7d50d62a0a588f66cf322,JF171201,,3/12/2022 8:25,30,NO CONTROLS,NO CONTROLS,CLEAR,DAYLIGHT,SIDESWIPE SAME DIRECTION,DIVIDED - W/MEDIAN (NOT RAISED),,STRAIGHT AND LEVEL,DRY,NO DEFECTS,ON SCENE,NO INJURY / DRIVE AWAY,,,,"$501 - $1,500",3/12/2022 8:30,UNABLE TO DETERMINE,UNABLE TO DETERMINE,6726,W,ARCHER AVE,811,,,,,,,2,NO INDICATION OF INJURY,0,0,0,0,0,2,0,8,7,3,41.79229061,-87.7902949,POINT (-87.790294903613 41.792290606299)