CRASH_RECORD_ID,RD_NO,CRASH_DATE_EST_I,CRASH_DATE,POSTED_SPEED_LIMIT,TRAFFIC_CONTROL_DEVICE,DEVICE_CONDITION,WEATHER_CONDITION,LIGHTING_CONDITION,FIRST_CRASH_TYPE,TRAFFICWAY_TYPE,LANE_CNT,ALIGNMENT,ROADWAY_SURFACE_COND,ROAD_DEFECT,REPORT_TYPE,CRASH_TYPE,INTERSECTION_RELATED_I,NOT_RIGHT_OF_WAY_I,HIT_AND_RUN_I,DAMAGE,DATE_POLICE_NOTIFIED,PRIM_CONTRIBUTORY_CAUSE,SEC_CONTRIBUTORY_CAUSE,STREET_NO,STREET_DIRECTION,STREET_NAME,BEAT_OF_OCCURRENCE,PHOTOS_TAKEN_I,STATEMENTS_TAKEN_I,DOORING_I,WORK_ZONE_I,WORK_ZONE_TYPE,WORKERS_PRESENT_I,NUM_UNITS,MOST_SEVERE_INJURY,INJURIES_TOTAL,INJURIES_FATAL,INJURIES_INCAPACITATING,INJURIES_NON_INCAPACITATING,INJURIES_REPORTED_NOT_EVIDENT,INJURIES_NO_INDICATION,INJURIES_UNKNOWN,CRASH_HOUR,CRASH_DAY_OF_WEEK,CRASH_MONTH,LATITUDE,LONGITUDE,LOCATION
60b99c1c3df61580b07ba4342a60217c8ccd54c9a4d8dc1f2ee8b4dfc97730378665e968ceab24c0c5eae860c2c9206a40c8786b8ec4766b6c3fd4ff872a6868,JF170932,,3/11/2022 21:15,30,TRAFFIC SIGNAL,FUNCTIONING PROPERLY,CLEAR,"DARKNESS, LIGHTED ROAD",TURNING,FOUR WAY,,STRAIGHT AND LEVEL,DRY,NO DEFECTS,ON SCENE,INJURY AND / OR TOW DUE TO CRASH,Y,,,"OVER $1,500",3/11/2022 21:24,IMPROPER LANE USAGE,IMPROPER OVERTAKING/PASSING,1600,W,95TH ST,2221,,,,,,,3,NO INDICATION OF INJURY,0,0,0,0,0,4,0,21,6,3,41.72132441,-87.66272415,POINT (-87.662724152651 41.721324411975)
2d9ad507a66e9da0317268c999d5c91504aa43f94ba67d5e51394a3e4cab32edb6a25b8abda33c0c81776aea6d26d41337bbc11bce9e0cfeee328abb408d9359,JF171049,,3/12/2022 1:25,35,NO CONTROLS,UNKNOWN,CLEAR,"DARKNESS, LIGHTED ROAD",FIXED OBJECT,DIVIDED - W/MEDIAN BARRIER,,STRAIGHT AND LEVEL,DRY,NO DEFECTS,ON SCENE,INJURY AND / OR TOW DUE TO CRASH,Y,,,"OVER $1,500",3/12/2022 1:29,UNABLE TO DETERMINE,DISTRACTION - FROM OUTSIDE VEHICLE,9500,S,EGGLESTON AVE,2223,,,,,,,1,NONINCAPACITATING INJURY,1,0,0,1,0,0,0,1,7,3,41.72153995,-87.63411079,POINT (-87.634110789336 41.721539945413)
4e08115503bc0d47925c8d9f789c081f9342055e25f16a0fff7fee9b7de01c144ab304f06f92158356544c5e12c173b2ca3fde1a0975fc89763332278fbd4941,JF171688,,3/12/2022 15:20,30,NO CONTROLS,NO CONTROLS,CLEAR,DAYLIGHT,TURNING,NOT DIVIDED,,STRAIGHT AND LEVEL,DRY,NO DEFECTS,ON SCENE,INJURY AND / OR TOW DUE TO CRASH,,,,"OVER $1,500",3/12/2022 15:20,FAILING TO YIELD RIGHT-OF-WAY,NOT APPLICABLE,930,W,63RD ST,712,,,,,,,2,NO INDICATION OF INJURY,0,0,0,0,0,3,0,15,7,3,41.77979909,-87.64834167,POINT (-87.648341669684 41.779799090023)
52eaba8ed887fb906ade26f94d1f5a6f26841a5b8cd10cc56779a239197cb5fe690e5dcf6626cf2578663dc0d00f379ac97b915aa9582f62f81f65cb7df38865,JF171509,,3/12/2022 13:27,30,NO CONTROLS,NO CONTROLS,CLEAR,DAYLIGHT,PEDESTRIAN,NOT DIVIDED,,STRAIGHT AND LEVEL,DRY,NO DEFECTS,ON SCENE,INJURY AND / OR TOW DUE TO CRASH,,,,"$501 - $1,500",3/12/2022 13:46,NOT APPLICABLE,NOT APPLICABLE,198,S,CICERO AVE,1533,,,,,,,2,"REPORTED, NOT EVIDENT",1,0,0,0,1,1,0,13,7,3,41.87862651,-87.74535573,POINT (-87.745355734146 41.878626506802)
3fa61a6d361ef30bf33901b323f588ea48768ffa68190dc308b7d220841dabfb762ab2a8ec02324401cad1a3f6b7568b13e1abd0d4dee1247ba92795d43130e0,JE275137,,6/22/2021 6:19,30,TRAFFIC SIGNAL,FUNCTIONING PROPERLY,CLEAR,DAWN,ANGLE,NOT DIVIDED,,STRAIGHT AND LEVEL,DRY,NO DEFECTS,,INJURY AND / OR TOW DUE TO CRASH,,,,"OVER $1,500",6/22/2021 6:24,FAILING TO REDUCE SPEED TO AVOID CRASH,NOT APPLICABLE,5815,S,MARYLAND AVE,235,,,,,,,2,"REPORTED, NOT EVIDENT",1,0,0,0,1,3,0,6,3,6,41.78904196,-87.60481372,POINT (-87.604813722068 41.789041956129)
3fca11aee8354f8985000195b5463d6f81e5d1254f763c698a00cdfa305429fe30125b14d83db0f80e3bf7b720795703b7eb23159dd75f80c7319fb517d6b954,JC537480,,12/6/2019 21:32,30,STOP SIGN/FLASHER,UNKNOWN,CLEAR,"DARKNESS, LIGHTED ROAD",ANGLE,FOUR WAY,,STRAIGHT AND LEVEL,DRY,NO DEFECTS,,NO INJURY / DRIVE AWAY,,,Y,"$501 - $1,500",12/6/2019 21:40,FAILING TO YIELD RIGHT-OF-WAY,NOT APPLICABLE,8199,S,ASHLAND AVE,614,,,,,,,2,NO INDICATION OF INJURY,0,0,0,0,0,3,0,21,6,12,41.7449863,-87.66315761,POINT (-87.663157607866 41.74498629512)
3fd86b403c7e610ca696acc9ea87109587797de6a3e3877815d9adf34d85c5d684929e912a2f60fa3cc7c8c2865d975b1dfa98c253e204cd7e64361a4a58a0c0,JC335753,,7/5/2019 11:45,30,TRAFFIC SIGNAL,FUNCTIONING PROPERLY,CLEAR,DAYLIGHT,SIDESWIPE SAME DIRECTION,DIVIDED - W/MEDIAN (NOT RAISED),,STRAIGHT AND LEVEL,DRY,NO DEFECTS,,NO INJURY / DRIVE AWAY,,,,"$501 - $1,500",7/5/2019 11:45,IMPROPER OVERTAKING/PASSING,FAILING TO REDUCE SPEED TO AVOID CRASH,2400,N,NARRAGANSETT AVE,2512,,,,,,,2,NO INDICATION OF INJURY,0,0,0,0,0,2,0,11,6,7,41.92377708,-87.78559306,POINT (-87.785593062676 41.923777078794)
3ffb347497dd12cadd2abe3030af8f2fa32cf012e7fd56a292f3b9d0b25bc11950d90ed1b229e122826abb3698a96e49115dd1868f9b987aa42103c740256254,JD307519,,7/15/2020 15:23,15,NO CONTROLS,NO CONTROLS,UNKNOWN,UNKNOWN,PEDESTRIAN,PARKING LOT,,STRAIGHT AND LEVEL,UNKNOWN,UNKNOWN,,INJURY AND / OR TOW DUE TO CRASH,,,Y,"OVER $1,500",7/23/2020 17:30,UNABLE TO DETERMINE,NOT APPLICABLE,300,E,35TH ST,211,,,,,,,2,"REPORTED, NOT EVIDENT",1,0,0,0,1,1,0,15,4,7,41.83119241,-87.6192892,POINT (-87.619289199481 41.831192408738)
00c1b8b09f9928542a14cbeee64a9576d1a3629776daf56f19527392c62a1ad616a26912a10d56989ce6aeb6b6bc406c352580a2914d1f6305ff8125915baf98,JF149096,,2/19/2022 0:05,30,NO CONTROLS,NO CONTROLS,CLEAR,"DARKNESS, LIGHTED ROAD",FIXED OBJECT,NOT DIVIDED,,STRAIGHT AND LEVEL,WET,NO DEFECTS,ON SCENE,NO INJURY / DRIVE AWAY,,,,"$501 - $1,500",2/19/2022 0:09,UNABLE TO DETERMINE,UNABLE TO DETERMINE,6002,S,LANGLEY AVE,313,,,,,,,1,NO INDICATION OF INJURY,0,0,0,0,0,1,0,0,7,2,41.78567964,-87.60868231,POINT (-87.608682306934 41.785679640564)
00f234441eddf6b6adbb5a788fd47ce4eeeb75a086d995822a395dc8457482d4196648eec66e94514f4e5172e7f6e8d8b634b1f0089d54120cb06651983ca233,JF149497,,2/19/2022 11:55,30,NO CONTROLS,NO CONTROLS,CLEAR,DAYLIGHT,REAR END,DIVIDED - W/MEDIAN (NOT RAISED),,STRAIGHT AND LEVEL,UNKNOWN,UNKNOWN,NOT ON SCENE (DESK REPORT),NO INJURY / DRIVE AWAY,,,,"OVER $1,500",2/19/2022 13:10,UNABLE TO DETERMINE,UNABLE TO DETERMINE,3347,N,HARLEM AVE,1632,,,,,,,2,NO INDICATION OF INJURY,0,0,0,0,0,2,0,11,7,2,41.94114043,-87.8067114,POINT (-87.80671139567 41.941140425276)
a5a13037f306ac725ca96f9ace01823693623f2081cc63224041acc538359a490bd55670f47c4613585316783e2473e31f86f8412f77781027288326df9be279,JF170343,,3/11/2022 11:30,30,STOP SIGN/FLASHER,FUNCTIONING PROPERLY,CLEAR,DAYLIGHT,REAR END,ONE-WAY,,STRAIGHT AND LEVEL,DRY,NO DEFECTS,ON SCENE,NO INJURY / DRIVE AWAY,,,Y,"OVER $1,500",3/11/2022 11:35,FOLLOWING TOO CLOSELY,FAILING TO YIELD RIGHT-OF-WAY,3201,W,MAYPOLE AVE,1123,,,,,,,3,NO INDICATION OF INJURY,0,0,0,0,0,3,0,11,6,3,41.88350767,-87.70631767,POINT (-87.70631766989 41.883507667899)
3879f3ff7f33bcf06188a5259bc6993ebd6ed3e165ca231456cb86aa7d1a88d57f0ccb6a04f6bac4b58552cd4daf908495dadbecd594c9971dc06c0c6387c704,JF171342,,3/12/2022 11:15,30,TRAFFIC SIGNAL,UNKNOWN,CLEAR,DAYLIGHT,ANGLE,DIVIDED - W/MEDIAN (NOT RAISED),,STRAIGHT AND LEVEL,DRY,UNKNOWN,NOT ON SCENE (DESK REPORT),NO INJURY / DRIVE AWAY,Y,,,"OVER $1,500",3/12/2022 11:20,DISREGARDING TRAFFIC SIGNALS,UNABLE TO DETERMINE,1600,S,HALSTED ST,1235,,,,,,,2,NO INDICATION OF INJURY,0,0,0,0,0,4,0,11,7,3,41.85987078,-87.64685126,POINT (-87.646851262921 41.85987077668)
32f3079312149b760deec1cac0774c079287de3f66e689b1855fdfd6411c6d4fcf401ee87491c388eab8cbdf6bdbd50f57e112e94ed107cc1f60905074fc5b0d,JF172151,,3/13/2022 3:00,30,NO CONTROLS,NO CONTROLS,CLEAR,"DARKNESS, LIGHTED ROAD",PARKED MOTOR VEHICLE,ONE-WAY,,STRAIGHT AND LEVEL,DRY,NO DEFECTS,ON SCENE,NO INJURY / DRIVE AWAY,,,Y,"OVER $1,500",3/13/2022 3:14,UNABLE TO DETERMINE,UNABLE TO DETERMINE,122,N,KILDARE AVE,1114,,,,,,,2,NO INDICATION OF INJURY,0,0,0,0,0,1,0,3,1,3,41.88278795,-87.7332384,POINT (-87.733238398497 41.882787946411)
790dc1250d6f59250dfb725f56c3c008290ee7bd7e1eb559ded4bc263c133429d9620ca9c995941b1821db6e421e170c68851377c2d6a8c8423dd9c0a042e3b8,JF172208,,3/13/2022 3:52,30,TRAFFIC SIGNAL,FUNCTIONING PROPERLY,CLEAR,"DARKNESS, LIGHTED ROAD",REAR END,T-INTERSECTION,,STRAIGHT AND LEVEL,DRY,NO DEFECTS,ON SCENE,INJURY AND / OR TOW DUE TO CRASH,Y,,,"OVER $1,500",3/13/2022 3:52,FAILING TO REDUCE SPEED TO AVOID CRASH,UNABLE TO DETERMINE,4400,W,MADISON ST,1113,,,,,,,2,"REPORTED, NOT EVIDENT",1,0,0,0,1,1,0,3,1,3,41.88071896,-87.73560061,POINT (-87.735600609006 41.880718957876)
3dc9316426690a001439a7e8a15ef93da79c5801dbf603c335352afe4eb43a227d61e5aa0cf58da0cbc7d3c08d903ae2e756813417ab18e948d64652e5d61a50,JE161016,,3/6/2021 13:45,30,NO CONTROLS,NO CONTROLS,CLEAR,DAYLIGHT,PARKED MOTOR VEHICLE,NOT DIVIDED,,STRAIGHT AND LEVEL,DRY,NO DEFECTS,,NO INJURY / DRIVE AWAY,,,,"OVER $1,500",3/6/2021 15:38,UNABLE TO DETERMINE,UNABLE TO DETERMINE,6426,S,COTTAGE GROVE AVE,312,,,,,,,2,NO INDICATION OF INJURY,0,0,0,0,0,1,0,13,7,3,41.77776844,-87.60601754,POINT (-87.606017544461 41.777768441049)
4b3387a3f2efe63adf1094e033aadd241e8f4d5cbc7dfdb2d241cb5c1edd8fd13689b3bfa9f54cff656f6f4c808ce98163dbf219500f6644ce234c201a9cda12,JE146597,N,2/20/2021 3:07,30,NO CONTROLS,NO CONTROLS,SNOW,"DARKNESS, LIGHTED ROAD",FIXED OBJECT,NOT DIVIDED,,STRAIGHT AND LEVEL,SNOW OR SLUSH,NO DEFECTS,,INJURY AND / OR TOW DUE TO CRASH,,,Y,"OVER $1,500",2/20/2021 3:07,WEATHER,UNABLE TO DETERMINE,10111,S,PULASKI RD,2211,,,,,,,1,NO INDICATION OF INJURY,0,0,0,0,0,1,0,3,7,2,41.70916455,-87.72087779,POINT (-87.720877791192 41.709164546314)
f9bc2ca0576c120788d03a26373c3315507b711ba9ee225f563105a54a8c8882f59c15758746ef8359131ab42f0dda420c69479fe80a2ea8bb529b5dbe84bb5c,JF169760,,3/10/2022 18:15,30,NO CONTROLS,NO CONTROLS,UNKNOWN,UNKNOWN,PARKED MOTOR VEHICLE,NOT DIVIDED,,STRAIGHT AND LEVEL,UNKNOWN,NO DEFECTS,NOT ON SCENE (DESK REPORT),NO INJURY / DRIVE AWAY,,,Y,"OVER $1,500",3/10/2022 19:30,UNABLE TO DETERMINE,NOT APPLICABLE,8507,S,ASHLAND AVE,614,,,,,,,2,NO INDICATION OF INJURY,0,0,0,0,0,1,0,18,5,3,41.73917369,-87.66300378,POINT (-87.663003776773 41.739173688084)
3e4b43b1adafed75f728647443d0607677f0dea383a684f00cedaf37d82b114a36b169e9987b34f6ef8d0824ab7427593e2d240bfe1a245ba4cc844caa2d6941,JF179481,,3/19/2022 15:37,30,TRAFFIC SIGNAL,FUNCTIONING PROPERLY,RAIN,DAYLIGHT,TURNING,DIVIDED - W/MEDIAN (NOT RAISED),,STRAIGHT AND LEVEL,DRY,UNKNOWN,ON SCENE,INJURY AND / OR TOW DUE TO CRASH,,,Y,"OVER $1,500",3/19/2022 15:40,DISREGARDING TRAFFIC SIGNALS,NOT APPLICABLE,600,W,TAYLOR ST,124,,,,,,,2,NO INDICATION OF INJURY,0,0,0,0,0,3,0,15,7,3,41.86982575,-87.64234896,POINT (-87.642348957484 41.869825746793)
017b81d6de34c09cdd6c9e29e09edac5feefaf23e086e9aee6a95f45ee7d53241b68b0779afce7ed57390d4199502cf61fbb6bd9c3aa31eb65a21c4fbfd5179a,JF149237,,2/19/2022 6:30,25,NO CONTROLS,NO CONTROLS,CLEAR,DAYLIGHT,PARKED MOTOR VEHICLE,NOT DIVIDED,,STRAIGHT AND LEVEL,SNOW OR SLUSH,NO DEFECTS,ON SCENE,INJURY AND / OR TOW DUE TO CRASH,,,N,"OVER $1,500",2/19/2022 6:50,FAILING TO REDUCE SPEED TO AVOID CRASH,PHYSICAL CONDITION OF DRIVER,3911,W,109TH ST,2211,,,,,,,2,NO INDICATION OF INJURY,0,0,0,0,0,1,0,6,7,2,41.69477388,-87.71852118,POINT (-87.718521178089 41.694773881802)
20aca71f777b0c326abd8bc66c95745b1a8d7a0e06bac57941d525ede32c259d218a873f8085d02c0c1aa6aa0e011112087b7b165be82538a138c1df9602d83c,JF170354,,3/11/2022 11:55,30,NO CONTROLS,NO CONTROLS,CLEAR,DAYLIGHT,PARKED MOTOR VEHICLE,ONE-WAY,,STRAIGHT AND LEVEL,SNOW OR SLUSH,NO DEFECTS,ON SCENE,INJURY AND / OR TOW DUE TO CRASH,,,Y,"OVER $1,500",3/11/2022 11:59,UNABLE TO DETERMINE,UNABLE TO DETERMINE,6857,S,OGLESBY AVE,331,,,,,,,2,NO INDICATION OF INJURY,0,0,0,0,0,1,0,11,6,3,41.77003701,-87.56810029,POINT (-87.568100292832 41.770037007815)
16f387482532f485ee21f6c80a6994aeb1c534a0efca4b1efdef9357e412bdbe1780d184ddf7258e87e4e16d9d1c1181238ff2a3211e12875e24a5b5f0ba19e0,JF171425,,3/12/2022 11:50,30,TRAFFIC SIGNAL,FUNCTIONING PROPERLY,CLEAR,DAYLIGHT,SIDESWIPE SAME DIRECTION,DIVIDED - W/MEDIAN BARRIER,,STRAIGHT AND LEVEL,DRY,NO DEFECTS,ON SCENE,NO INJURY / DRIVE AWAY,,,,"$501 - $1,500",3/12/2022 12:19,IMPROPER LANE USAGE,IMPROPER OVERTAKING/PASSING,806,N,MICHIGAN AVE,1833,,,,,,,2,NO INDICATION OF INJURY,0,0,0,0,0,2,0,11,7,3,41.89699206,-87.62434569,POINT (-87.624345686496 41.896992060685)
455229e2b8ec50f4a4437ab641ddda84b7348a88e101838b3fd796c02832396d398ccfa7952e2a0dedfa8654fec84c6732d1564d2f0c66622386f480dadd4e4a,JF171791,,3/12/2022 17:00,30,NO CONTROLS,NO CONTROLS,CLEAR,DAYLIGHT,TURNING,DIVIDED - W/MEDIAN (NOT RAISED),,STRAIGHT AND LEVEL,DRY,NO DEFECTS,NOT ON SCENE (DESK REPORT),NO INJURY / DRIVE AWAY,,,,"$501 - $1,500",3/12/2022 17:30,IMPROPER TURNING/NO SIGNAL,NOT APPLICABLE,429,W,TAYLOR ST,124,,,,,,,2,NO INDICATION OF INJURY,0,0,0,0,0,2,0,17,7,3,41.86965666,-87.63838824,POINT (-87.638388241657 41.869656656545)
70813b5e032e4359fc17bced1fd4d81452851a66a31abb5e727abbb78422717c186263378ea4a2b26b1d022bee50c48f08432120f5b2a41e86d9c23acc26f4a4,JF171830,,3/12/2022 17:46,30,NO CONTROLS,NO CONTROLS,CLEAR,"DARKNESS, LIGHTED ROAD",REAR END,DIVIDED - W/MEDIAN (NOT RAISED),,STRAIGHT AND LEVEL,DRY,NO DEFECTS,ON SCENE,NO INJURY / DRIVE AWAY,,,Y,"OVER $1,500",3/12/2022 18:00,FOLLOWING TOO CLOSELY,UNABLE TO DETERMINE,350,W,BELMONT AVE,1925,,,,,,,2,NO INDICATION OF INJURY,0,0,0,0,0,2,0,17,7,3,41.94029733,-87.63907422,POINT (-87.639074222297 41.940297326019)
958be5909e8c44214bb39dc19947180a559b73773cd60a92da02aac1f934b3f622250418106e352c5afe5b38597578741f5dea89bfa164292481d3a9621bd313,JF171090,,3/12/2022 2:25,30,TRAFFIC SIGNAL,FUNCTIONING PROPERLY,CLEAR,"DARKNESS, LIGHTED ROAD",FIXED OBJECT,RAMP,,STRAIGHT ON GRADE,DRY,NO DEFECTS,ON SCENE,INJURY AND / OR TOW DUE TO CRASH,,,,"OVER $1,500",3/12/2022 2:25,UNABLE TO DETERMINE,UNABLE TO DETERMINE,1250,W,DIVISION ST,1433,,,,,,,1,NO INDICATION OF INJURY,0,0,0,0,0,4,0,2,7,3,41.90359031,-87.65921321,POINT (-87.659213209195 41.903590314092)
3df073f577fe11068500f2ae52556420709c5ccc0bb7bb655511b8b80d336348942085acfab0aba491ffba1e74f03cf3b151c5c3360b11ce08cadae6ef4f390e,JE451340,,11/20/2021 10:30,35,TRAFFIC SIGNAL,FUNCTIONING PROPERLY,CLEAR,DAYLIGHT,TURNING,NOT DIVIDED,,STRAIGHT AND LEVEL,DRY,NO DEFECTS,,INJURY AND / OR TOW DUE TO CRASH,,,,"OVER $1,500",11/20/2021 10:40,IMPROPER TURNING/NO SIGNAL,NOT APPLICABLE,1720,W,119TH ST,2234,,,,,,,2,NO INDICATION OF INJURY,0,0,0,0,0,2,0,10,7,11,41.67758779,-87.66466705,POINT (-87.664667051188 41.677587793071)
01ac35f53012c45da37680e26c1c5943a9165cb2ab9ceb2a310723972c2f989f117c062dba14b40cf70fc01d4983719f4e6fd50d949d43c66153ca4b87259e08,JF149464,,2/19/2022 12:10,30,NO CONTROLS,NO CONTROLS,CLEAR,DAYLIGHT,REAR END,NOT DIVIDED,,STRAIGHT AND LEVEL,UNKNOWN,UNKNOWN,NOT ON SCENE (DESK REPORT),NO INJURY / DRIVE AWAY,,,,"OVER $1,500",2/19/2022 12:35,DRIVING SKILLS/KNOWLEDGE/EXPERIENCE,DRIVING SKILLS/KNOWLEDGE/EXPERIENCE,1733,W,PETERSON AVE,2012,,,,,,,2,NO INDICATION OF INJURY,0,0,0,0,0,3,0,12,7,2,41.99068274,-87.67303625,POINT (-87.673036247005 41.990682741788)
020b3527ef3d820823102b519eb44b61d4f36ab7ec26e84856c272569c6de8ac9785984a28c5e2f477dd436f40ec6a763af500283e9ddbc66610dcf598c3d4b3,JF149753,,2/19/2022 16:40,30,NO CONTROLS,NO CONTROLS,CLEAR,DAYLIGHT,ANGLE,NOT DIVIDED,,STRAIGHT AND LEVEL,DRY,NO DEFECTS,NOT ON SCENE (DESK REPORT),NO INJURY / DRIVE AWAY,,,Y,"$501 - $1,500",2/19/2022 17:25,FAILING TO YIELD RIGHT-OF-WAY,UNABLE TO DETERMINE,1615,W,BELLE PLAINE AVE,1912,,,,,,,3,NO INDICATION OF INJURY,0,0,0,0,0,2,0,16,7,2,41.95601897,-87.66972606,POINT (-87.669726062301 41.956018970342)
0224d6219172b3e7321b500ee7566790200fb1059819551d63e422f876141402fd3a5773d43e6227f0a56c9251e623c9a9b73e85d2f746c3f9eb9d0e0fdb3639,JF149698,,2/19/2022 16:40,30,NO CONTROLS,NO CONTROLS,CLEAR,DAYLIGHT,SIDESWIPE SAME DIRECTION,DIVIDED - W/MEDIAN (NOT RAISED),,STRAIGHT AND LEVEL,DRY,NO DEFECTS,ON SCENE,NO INJURY / DRIVE AWAY,,,Y,"$501 - $1,500",2/19/2022 16:42,UNABLE TO DETERMINE,NOT APPLICABLE,2026,W,119TH ST,2234,,,,,,,2,NO INDICATION OF INJURY,0,0,0,0,0,2,0,16,7,2,41.67745336,-87.67181479,POINT (-87.671814788111 41.677453356567)
35febacff766738274463a82e97e605c6ee71729bef56b0021894d3ee0937615153fbf5fa73852f055fc13ecb996a12c8ee00b691568a8655a7cce17935b8de8,JF170020,,3/11/2022 5:35,30,NO CONTROLS,NO CONTROLS,SNOW,"DARKNESS, LIGHTED ROAD",FIXED OBJECT,DIVIDED - W/MEDIAN (NOT RAISED),,STRAIGHT AND LEVEL,SNOW OR SLUSH,NO DEFECTS,ON SCENE,INJURY AND / OR TOW DUE TO CRASH,,Y,,"OVER $1,500",3/11/2022 5:50,WEATHER,FAILING TO REDUCE SPEED TO AVOID CRASH,3507,W,51ST ST,822,,,,,,,1,NO INDICATION OF INJURY,0,0,0,0,0,1,0,5,6,3,41.80060197,-87.71142456,POINT (-87.711424563438 41.800601972207)
14b5e221da8a6e43147a24a75012489ae71153ddc440d1e7ced32236cbc97c2d0438e378cf7efb7e5486b046fe624ef72b0e96c89990e657459b5c1f828b4c1e,JF171835,,3/12/2022 15:50,30,NO CONTROLS,NO CONTROLS,CLEAR,DAYLIGHT,PARKED MOTOR VEHICLE,PARKING LOT,,STRAIGHT AND LEVEL,DRY,NO DEFECTS,NOT ON SCENE (DESK REPORT),NO INJURY / DRIVE AWAY,,,Y,"$501 - $1,500",3/12/2022 18:00,UNABLE TO DETERMINE,NOT APPLICABLE,4052,W,GRAND AVE,2534,,,,,,,2,NO INDICATION OF INJURY,0,0,0,0,0,1,0,15,7,3,41.9069871,-87.72819796,POINT (-87.728197960656 41.906987096663)
7832d21062a36a477a99223d2d2581f9ea3137815c46198b6d490c87cd5845c26d2bd6d61c7a228587d7a57f8de6d5a8df9f810f05787f01572b537526c61517,JF171206,,3/12/2022 8:25,30,NO CONTROLS,NO CONTROLS,CLEAR,DAYLIGHT,TURNING,DIVIDED - W/MEDIAN (NOT RAISED),,STRAIGHT AND LEVEL,DRY,NO DEFECTS,NOT ON SCENE (DESK REPORT),NO INJURY / DRIVE AWAY,,,Y,"OVER $1,500",3/12/2022 8:35,IMPROPER TURNING/NO SIGNAL,NOT APPLICABLE,6400,S,CICERO AVE,813,,,,,,,2,NO INDICATION OF INJURY,0,0,0,0,0,2,0,8,7,3,41.7765116,-87.74237234,POINT (-87.742372341405 41.776511601051)
876304e29ad58c6fc711a5ba4c22aba8a842c059c508fe17b90c73e2f05d4057f4cb07d3b935ec8c7226b34c51d611ef137ba068bca0fd2660c7845ee8e2e19d,JF171135,,3/12/2022 5:00,35,NO CONTROLS,NO CONTROLS,CLEAR,DARKNESS,OTHER OBJECT,DIVIDED - W/MEDIAN BARRIER,,STRAIGHT AND LEVEL,DRY,NO DEFECTS,ON SCENE,INJURY AND / OR TOW DUE TO CRASH,,,,"OVER $1,500",3/12/2022 5:08,UNABLE TO DETERMINE,NOT APPLICABLE,2851,S,DR MARTIN LUTHER KING JR DR,133,,,,,,,1,"REPORTED, NOT EVIDENT",1,0,0,0,1,0,0,5,7,3,41.84213693,-87.61705822,POINT (-87.617058219784 41.842136926199)
a03009e038e8f2c9ea1297433c3ed7fa7eab8cb06cd14e08498cf2b25ebd9a2453a3bb58c38e2411e1230cee462c203a0f45f002c59bd5d0c6fa51e1fc19ac57,JF171271,,3/12/2022 9:37,30,NO CONTROLS,NO CONTROLS,CLEAR,DAYLIGHT,ANGLE,NOT DIVIDED,,STRAIGHT AND LEVEL,DRY,NO DEFECTS,ON SCENE,NO INJURY / DRIVE AWAY,,,,"OVER $1,500",3/12/2022 9:47,FAILING TO YIELD RIGHT-OF-WAY,IMPROPER LANE USAGE,3123,S,ARCHER AVE,912,,,,,,,2,NO INDICATION OF INJURY,0,0,0,0,0,4,0,9,7,3,41.83715762,-87.66637347,POINT (-87.666373472387 41.837157615305)
4ca8fdf796bf7b5bfd1b051827134ede527659186e643b671e4829a540521edd96a247a70d160474caa61ab170a7743797f751e775f17e050f7452a1e19fd0df,JE389310,,9/27/2021 13:45,20,NO CONTROLS,NO CONTROLS,CLEAR,DAYLIGHT,FIXED OBJECT,NOT DIVIDED,,STRAIGHT AND LEVEL,UNKNOWN,UNKNOWN,,NO INJURY / DRIVE AWAY,,,,$500 OR LESS,9/27/2021 16:00,UNABLE TO DETERMINE,NOT APPLICABLE,6600,S,MARQUETTE RD,312,,,,,,,2,NO INDICATION OF INJURY,0,0,0,0,0,1,0,13,2,9,41.77473833,-87.61324046,POINT (-87.613240463362 41.774738328394)
5306f5a6fc767fb9a4a5160ce4ec5e44e1f109c0385628e687778a3fbb5fbef6577e144e0b4315ea3082b2eff3dc773f4082507a86101e24bb59cf9d484f46c1,JF170039,,3/11/2022 7:00,30,NO CONTROLS,NO CONTROLS,SNOW,DAYLIGHT,REAR END,CENTER TURN LANE,,STRAIGHT AND LEVEL,SNOW OR SLUSH,NO DEFECTS,ON SCENE,INJURY AND / OR TOW DUE TO CRASH,,,,"OVER $1,500",3/11/2022 7:00,UNABLE TO DETERMINE,UNABLE TO DETERMINE,5631,S,PULASKI RD,822,,,,,,,2,"REPORTED, NOT EVIDENT",1,0,0,0,1,1,0,7,6,3,41.79053383,-87.72293959,POINT (-87.722939586652 41.790533827538)
3ac281631f30f1b9ea1fc897f4c62c31091cf7f01dc5fa0b2aa33f2036ce4eb8ce9d2e6b74d95c5d78b90b5501e7437ab4764b1150f45da3f0b687c83e02283c,JF171558,,3/12/2022 12:30,5,NO CONTROLS,NO CONTROLS,CLEAR,DAYLIGHT,HEAD ON,ALLEY,,STRAIGHT AND LEVEL,UNKNOWN,UNKNOWN,NOT ON SCENE (DESK REPORT),NO INJURY / DRIVE AWAY,,,,"$501 - $1,500",3/12/2022 14:41,FAILING TO REDUCE SPEED TO AVOID CRASH,UNABLE TO DETERMINE,5514,S,OAK PARK AVE,811,,,,,,,2,NO INDICATION OF INJURY,0,0,0,0,0,2,0,12,7,3,41.7916565,-87.79170301,POINT (-87.791703004996 41.79165649532)