CRASH_RECORD_ID,RD_NO,CRASH_DATE_EST_I,CRASH_DATE,POSTED_SPEED_LIMIT,TRAFFIC_CONTROL_DEVICE,DEVICE_CONDITION,WEATHER_CONDITION,LIGHTING_CONDITION,FIRST_CRASH_TYPE,TRAFFICWAY_TYPE,LANE_CNT,ALIGNMENT,ROADWAY_SURFACE_COND,ROAD_DEFECT,REPORT_TYPE,CRASH_TYPE,INTERSECTION_RELATED_I,NOT_RIGHT_OF_WAY_I,HIT_AND_RUN_I,DAMAGE,DATE_POLICE_NOTIFIED,PRIM_CONTRIBUTORY_CAUSE,SEC_CONTRIBUTORY_CAUSE,STREET_NO,STREET_DIRECTION,STREET_NAME,BEAT_OF_OCCURRENCE,PHOTOS_TAKEN_I,STATEMENTS_TAKEN_I,DOORING_I,WORK_ZONE_I,WORK_ZONE_TYPE,WORKERS_PRESENT_I,NUM_UNITS,MOST_SEVERE_INJURY,INJURIES_TOTAL,INJURIES_FATAL,INJURIES_INCAPACITATING,INJURIES_NON_INCAPACITATING,INJURIES_REPORTED_NOT_EVIDENT,INJURIES_NO_INDICATION,INJURIES_UNKNOWN,CRASH_HOUR,CRASH_DAY_OF_WEEK,CRASH_MONTH,LATITUDE,LONGITUDE,LOCATION
3dbb2b40870ffe35bbc93a6b8ab392b021631b7e19b805846f5ccfb0f67ff870fcd5892f986db5083cef0fab022311fe68f71b52beeacce253c7fbf618ddd23c,JF171539,,3/12/2022 13:10,30,NO CONTROLS,NO CONTROLS,CLEAR,DAYLIGHT,FIXED OBJECT,DIVIDED - W/MEDIAN BARRIER,,STRAIGHT AND LEVEL,DRY,"RUT, HOLES",NOT ON SCENE (DESK REPORT),NO INJURY / DRIVE AWAY,,,,"OVER $1,500",3/12/2022 14:15,ROAD ENGINEERING/SURFACE/MARKING DEFECTS,ROAD ENGINEERING/SURFACE/MARKING DEFECTS,323,W,51ST ST,935,,,,,,,1,NO INDICATION OF INJURY,0,0,0,0,0,1,0,13,7,3,41.80168395,-87.63420075,POINT (-87.634200747725 41.801683947437)
9e80ce5c5d173878f03f603b2932cc0027d8d032a0c17dd31077182841efacb55cfb195005327ec9226ad0ddf8d20024cab2b07350c497e633ccfed6247a0873,JF171148,,3/12/2022 6:23,30,POLICE/FLAGMAN,NO CONTROLS,CLEAR,DAYLIGHT,PARKED MOTOR VEHICLE,NOT DIVIDED,,STRAIGHT AND LEVEL,DRY,NO DEFECTS,ON SCENE,INJURY AND / OR TOW DUE TO CRASH,,,Y,"OVER $1,500",3/12/2022 6:23,UNABLE TO DETERMINE,UNABLE TO DETERMINE,5220,S,CALIFORNIA AVE,923,,,,,,,2,NO INDICATION OF INJURY,0,0,0,0,0,1,0,6,7,3,41.79850384,-87.69407831,POINT (-87.694078312763 41.798503840105)
c5c086b4d609895caadee71b7496bf4bc7cdc9fa5e71b07ab1905c9e15f58da82280902808cb585e74f584592a96d725dd3ff09fb540ef904fc1b5201df15813,JF171757,,3/12/2022 14:30,25,NO CONTROLS,NO CONTROLS,CLEAR,DAYLIGHT,REAR TO FRONT,ONE-WAY,,STRAIGHT AND LEVEL,DRY,NO DEFECTS,NOT ON SCENE (DESK REPORT),NO INJURY / DRIVE AWAY,,,Y,"$501 - $1,500",3/12/2022 17:00,UNABLE TO DETERMINE,UNABLE TO DETERMINE,2200,W,HURON ST,1221,,,,,,,2,NO INDICATION OF INJURY,0,0,0,0,0,2,0,14,7,3,41.89412133,-87.682025,POINT (-87.682025004425 41.894121332698)
d139f983cafde7b25f4d95325e28a162c5d49d5134f199a38551d0a24ffb11fe239fd5ca03bd854b80aad8941cbe53ff4609f5ad216aa52039336e9d63355e73,JF172054,,3/12/2022 18:59,30,POLICE/FLAGMAN,UNKNOWN,UNKNOWN,"DARKNESS, LIGHTED ROAD",REAR TO FRONT,PARKING LOT,,STRAIGHT AND LEVEL,UNKNOWN,UNKNOWN,NOT ON SCENE (DESK REPORT),NO INJURY / DRIVE AWAY,,,,"$501 - $1,500",3/12/2022 22:50,IMPROPER BACKING,IMPROPER BACKING,1901,W,MADISON ST,1223,,,,,,,2,NO INDICATION OF INJURY,0,0,0,0,0,2,0,18,7,3,41.88124146,-87.67428253,POINT (-87.674282533953 41.881241456803)
deeb9b096654e6837ef450673d299b74b631272d409fc2513e008891631bdc1951d3eac0f9c534f7ac74abd1e858b0236f7e35b88112551198c5fbd2fa641cc0,JF171766,,3/12/2022 16:33,30,TRAFFIC SIGNAL,FUNCTIONING PROPERLY,CLEAR,DAYLIGHT,TURNING,FOUR WAY,,STRAIGHT AND LEVEL,DRY,NO DEFECTS,ON SCENE,INJURY AND / OR TOW DUE TO CRASH,Y,,,"OVER $1,500",3/12/2022 16:37,UNABLE TO DETERMINE,UNABLE TO DETERMINE,5502,S,WESTERN AVE,824,,,,,,,2,NO INDICATION OF INJURY,0,0,0,0,0,4,0,16,7,3,41.79330959,-87.68417348,POINT (-87.684173481434 41.79330959346)
3f795136bf9135e57639373e8fc665377c506843fd75d7776f63ffa8cc45dab85bb9a512862a02c0ed43e284a5eee9e38372e2af99207b74d0ff98da85d2d553,JF180529,,3/19/2022 20:30,30,NO CONTROLS,NO CONTROLS,UNKNOWN,DARKNESS,PARKED MOTOR VEHICLE,ONE-WAY,,STRAIGHT AND LEVEL,UNKNOWN,UNKNOWN,ON SCENE,NO INJURY / DRIVE AWAY,,,Y,"OVER $1,500",3/20/2022 14:39,UNABLE TO DETERMINE,NOT APPLICABLE,4256,N,LONG AVE,1624,,,,,,,2,NO INDICATION OF INJURY,0,0,0,0,0,1,0,20,7,3,41.95860495,-87.7623994,POINT (-87.762399401289 41.95860494593)
4f0e02e411f83d5b9c3e62d9851ba04c3eaefe25654fd4ee5eebafd802166f7f4fa51be17f74d3c6653170c502463e25cc252b89ef38bf9f5ea3a015366ad973,JF169112,Y,3/9/2022 23:59,20,STOP SIGN/FLASHER,NO CONTROLS,CLEAR,"DARKNESS, LIGHTED ROAD",PARKED MOTOR VEHICLE,ONE-WAY,,STRAIGHT AND LEVEL,DRY,NO DEFECTS,ON SCENE,NO INJURY / DRIVE AWAY,,,Y,"OVER $1,500",3/10/2022 10:05,IMPROPER LANE USAGE,NOT APPLICABLE,7957,S,WABASH AVE,623,,,,,,,2,NO INDICATION OF INJURY,0,0,0,0,0,2,0,23,4,3,41.74930232,-87.6228069,POINT (-87.62280689944 41.749302323285)
2c5cb3ea5d6b4d30199227fbdef1e8f71ba4c3b86012152563579cadefa8b3af854d92a2defffc52812e4f189db869d3f6188584ccf3f7130fb405c326cf4563,JF170345,,3/11/2022 9:30,25,NO CONTROLS,NO CONTROLS,CLEAR,DAYLIGHT,PARKED MOTOR VEHICLE,OTHER,,STRAIGHT AND LEVEL,DRY,NO DEFECTS,NOT ON SCENE (DESK REPORT),NO INJURY / DRIVE AWAY,,,Y,"OVER $1,500",3/11/2022 12:00,IMPROPER BACKING,IMPROPER BACKING,2848,W,ALBION AVE,2412,,,,,,,2,NO INDICATION OF INJURY,0,0,0,0,0,3,0,9,6,3,42.0012811,-87.70170135,POINT (-87.701701349426 42.001281095464)
040b3ee8372f4c2d4e7f62ba567421f579f246cbc65e64b37451873525cb76be01375940a08f4febb50404f02701bf12cce5ecb529085e44cfcaa626065c2dcd,JF149336,,2/19/2022 9:57,30,NO CONTROLS,NO CONTROLS,SNOW,DAYLIGHT,REAR END,NOT DIVIDED,,STRAIGHT ON GRADE,WET,NO DEFECTS,ON SCENE,NO INJURY / DRIVE AWAY,,,,"OVER $1,500",2/19/2022 10:00,FOLLOWING TOO CLOSELY,FOLLOWING TOO CLOSELY,3351,S,KEDZIE AVE,1033,,,,,,,2,NO INDICATION OF INJURY,0,0,0,0,0,2,0,9,7,2,41.83196149,-87.70452687,POINT (-87.704526867535 41.831961489212)
5e835dcec17583f75de740a8e7f47a062ab6fd3642a0c6bc78ce74435a9779982ee1f982dba166087c45b26668847b50dc506b9d54f7a3f4c470838c68903e89,JF170425,,3/7/2022 9:50,30,TRAFFIC SIGNAL,FUNCTIONING PROPERLY,CLEAR,DAYLIGHT,SIDESWIPE SAME DIRECTION,ONE-WAY,,STRAIGHT AND LEVEL,SNOW OR SLUSH,NO DEFECTS,NOT ON SCENE (DESK REPORT),NO INJURY / DRIVE AWAY,,,Y,"$501 - $1,500",3/11/2022 11:30,IMPROPER LANE USAGE,IMPROPER LANE USAGE,143,W,OHIO ST,1831,,,,,,,2,NO INDICATION OF INJURY,0,0,0,0,0,2,0,9,2,3,41.89229626,-87.63276681,POINT (-87.632766806427 41.892296258172)
184a6fc1c4bbaf3664f88bfa0b921016a6f26e3c3807b6a4cadc207ff4b4daea5c85c4c034223f0fabc3c568384953cb37ccd5cc074d9c538bcf9116078858c7,JF171310,,3/12/2022 10:15,30,TRAFFIC SIGNAL,FUNCTIONING PROPERLY,CLEAR,DAYLIGHT,SIDESWIPE SAME DIRECTION,NOT DIVIDED,,STRAIGHT AND LEVEL,DRY,NO DEFECTS,NOT ON SCENE (DESK REPORT),NO INJURY / DRIVE AWAY,,,,"OVER $1,500",3/12/2022 11:00,UNABLE TO DETERMINE,UNABLE TO DETERMINE,4358,W,CHICAGO AVE,1111,,,,,,,2,NO INDICATION OF INJURY,0,0,0,0,0,2,0,10,7,3,41.89529597,-87.7358857,POINT (-87.735885695347 41.895295967168)
4bdc990a4fc19794f5b76b40d77f0a186d977ebe21aa73d02b0fcfa927ff1a0e51a1637c665c572d6eca685033c235a007aba09d4aeb371af049a4c06b7fd3a2,JF171720,,3/12/2022 10:40,30,TRAFFIC SIGNAL,FUNCTIONING PROPERLY,CLEAR,DAYLIGHT,SIDESWIPE SAME DIRECTION,NOT DIVIDED,,STRAIGHT AND LEVEL,DRY,NO DEFECTS,NOT ON SCENE (DESK REPORT),NO INJURY / DRIVE AWAY,,,,"$501 - $1,500",3/12/2022 17:00,IMPROPER OVERTAKING/PASSING,NOT APPLICABLE,1158,W,GRAND AVE,1214,,,,,,,2,NO INDICATION OF INJURY,0,0,0,0,0,2,0,10,7,3,41.89119436,-87.65697067,POINT (-87.656970665758 41.891194357876)
3f2ec97c4b72db207dd936f5572ca31aaa70092f0b6e64b1684de27a0b40c05640a557581840eb0e1ca9960af6cea4933655241a9f8e3af0ae360702c3bdeae9,JE302579,,7/15/2021 16:20,30,UNKNOWN,UNKNOWN,CLEAR,DAYLIGHT,TURNING,DIVIDED - W/MEDIAN (NOT RAISED),,STRAIGHT AND LEVEL,DRY,NO DEFECTS,,INJURY AND / OR TOW DUE TO CRASH,,,Y,"$501 - $1,500",7/15/2021 17:00,IMPROPER TURNING/NO SIGNAL,NOT APPLICABLE,7701,S,SOUTH SHORE DR,421,,,,,,,2,NONINCAPACITATING INJURY,1,0,0,1,0,1,0,16,5,7,41.75705321,-87.55330678,POINT (-87.553306782622 41.757053208029)
4ce1d0beafe694ff9a547765e3bdafe517867614e7eb707ec68ffb15547d6b03f5743513ca535cea274eb03ba3328f7c7b31c81c2571e10440894f190af0c186,JE179848,,3/25/2021 22:01,30,TRAFFIC SIGNAL,FUNCTIONING PROPERLY,RAIN,"DARKNESS, LIGHTED ROAD",ANGLE,FOUR WAY,,STRAIGHT AND LEVEL,WET,NO DEFECTS,,INJURY AND / OR TOW DUE TO CRASH,Y,,,"OVER $1,500",3/25/2021 22:03,DISREGARDING TRAFFIC SIGNALS,DISREGARDING TRAFFIC SIGNALS,2010,S,CLARK ST,131,,,,,,,2,NO INDICATION OF INJURY,0,0,0,0,0,3,0,22,5,3,41.85507511,-87.63030449,POINT (-87.63030448865 41.855075112405)
40486dc3974a6af2036f2330d7ef2a7a1718475c9998880d561a40c30eb54d8018232f34faaba63035e51ab4bf8ecc9aafd8077ebaf7633cf3db139733ba5a3e,JF179793,,3/19/2022 20:30,30,TRAFFIC SIGNAL,FUNCTIONING PROPERLY,CLEAR,"DARKNESS, LIGHTED ROAD",REAR END,OTHER,,STRAIGHT AND LEVEL,WET,NO DEFECTS,NOT ON SCENE (DESK REPORT),NO INJURY / DRIVE AWAY,,,,"OVER $1,500",3/19/2022 21:30,FOLLOWING TOO CLOSELY,NOT APPLICABLE,600,S,LARAMIE AVE,1522,,,,,,,2,NO INDICATION OF INJURY,0,0,0,0,0,2,0,20,7,3,41.87289554,-87.75495203,POINT (-87.754952034216 41.872895536655)
408f9034e49c96e619d1dea5cc7e408c3d77ae381b879e30738bf2e35effda9af523cf6fe3cd892ea4f8692bd2a636f00f286362995e3ac8919f2149b157c206,JF179693,,3/19/2022 18:45,30,TRAFFIC SIGNAL,FUNCTIONING PROPERLY,RAIN,DUSK,ANGLE,DIVIDED - W/MEDIAN (NOT RAISED),,STRAIGHT AND LEVEL,WET,NO DEFECTS,ON SCENE,NO INJURY / DRIVE AWAY,,,,"OVER $1,500",3/19/2022 19:03,FAILING TO YIELD RIGHT-OF-WAY,DISREGARDING ROAD MARKINGS,2357,N,DAMEN AVE,1432,,,,,,,2,NO INDICATION OF INJURY,0,0,0,0,0,3,0,18,7,3,41.92443221,-87.677719,POINT (-87.677719001927 41.924432207209)
40afb9e38d5cdeb6826fae693cd49b35ee33588119a2c4292ef7ae250d35cd79be04a74c730f04d8943c7126c29031d5b7112bfdddf59326e452c53f64317e41,,,4/3/2022 0:57,30,TRAFFIC SIGNAL,FUNCTIONING PROPERLY,RAIN,"DARKNESS, LIGHTED ROAD",ANGLE,FOUR WAY,,STRAIGHT AND LEVEL,WET,UNKNOWN,,INJURY AND / OR TOW DUE TO CRASH,Y,,Y,"OVER $1,500",4/3/2022 1:24,DISREGARDING TRAFFIC SIGNALS,NOT APPLICABLE,4370,S,KEDZIE AVE,821,,,,,,,2,NO INDICATION OF INJURY,0,0,0,0,0,2,0,0,1,4,41.81360176,-87.704338,POINT (-87.704337997193 41.813601755946)
8e4b199d18abd508633f22fd083232278f5597c066176009fa6598fdb7049c7d58acb6d1f0b81200022944c24982784f991d15d4c0f4c94ec72d5f7483943c79,JF171610,Y,3/11/2022 10:45,45,NO CONTROLS,NO CONTROLS,CLEAR,DAYLIGHT,SIDESWIPE SAME DIRECTION,ONE-WAY,,STRAIGHT AND LEVEL,DRY,NO DEFECTS,NOT ON SCENE (DESK REPORT),NO INJURY / DRIVE AWAY,,,Y,"OVER $1,500",3/12/2022 15:20,UNABLE TO DETERMINE,UNABLE TO DETERMINE,800,N,LAKE SHORE DR,1833,,,,,,,2,NO INDICATION OF INJURY,0,0,0,0,0,3,0,10,6,3,41.89682805,-87.6172077,POINT (-87.617207703311 41.896828045009)
1bf5561a27db7c87f5d141e5cec7abf65c8e9735c70ee139220a5b27fc47eab1d03c8c5185a0ccc7eec2e620dfb42ecca2c086650a5537d3d660b8b7e5c35d13,JF171480,,3/12/2022 13:00,25,STOP SIGN/FLASHER,FUNCTIONING PROPERLY,CLEAR,DAYLIGHT,ANGLE,NOT DIVIDED,,STRAIGHT AND LEVEL,DRY,NO DEFECTS,ON SCENE,INJURY AND / OR TOW DUE TO CRASH,Y,,,"OVER $1,500",3/12/2022 13:12,FAILING TO YIELD RIGHT-OF-WAY,DISREGARDING STOP SIGN,5501,W,WASHINGTON BLVD,1522,,,,,,,2,NONINCAPACITATING INJURY,1,0,0,1,0,1,0,13,7,3,41.88215569,-87.763339,POINT (-87.763339002478 41.882155685348)
34f5e3bd834ee0227f2eb323dac569a5fd0ff5b7f9f1b08d1b34780114db21d5c717c23201c8f995ed61efe115b42da313a8365b9862bffafe52b6477ff24b55,JF171561,,3/12/2022 13:20,30,UNKNOWN,UNKNOWN,CLEAR,DAYLIGHT,ANGLE,UNKNOWN,,STRAIGHT AND LEVEL,DRY,UNKNOWN,NOT ON SCENE (DESK REPORT),NO INJURY / DRIVE AWAY,,,,"OVER $1,500",3/12/2022 14:30,UNABLE TO DETERMINE,UNABLE TO DETERMINE,5035,S,EAST END AVE,222,,,,,,,2,NO INDICATION OF INJURY,0,0,0,0,0,2,0,13,7,3,41.80331559,-87.58528742,POINT (-87.585287418104 41.803315590602)
cc9a320d8ca930de6e055dcf3a4e71a73e19d2118362216ed304d3a07d5781ba70aa21c04990ac818a8819770cb7e35de8bf8a345007357db5443b52de9bd47c,JF172186,,3/13/2022 3:15,30,NO CONTROLS,NO CONTROLS,CLEAR,"DARKNESS, LIGHTED ROAD",PARKED MOTOR VEHICLE,NOT DIVIDED,,STRAIGHT AND LEVEL,UNKNOWN,UNKNOWN,NOT ON SCENE (DESK REPORT),NO INJURY / DRIVE AWAY,,,Y,"OVER $1,500",3/13/2022 4:00,UNABLE TO DETERMINE,NOT APPLICABLE,5114,S,DAMEN AVE,932,,,,,,,2,NO INDICATION OF INJURY,0,0,0,0,0,4,0,3,1,3,41.80075959,-87.67464326,POINT (-87.674643257384 41.800759589602)
4f1e45d7c5d5dfbf7b2bce73af2db63b9f7655e345c18f9f72575e74bbe64cf3c7028bdf65e06a5e40c705b95d6e46c99575d2a4d5ebc827febbca964424cd5b,JF186048,,3/25/2022 11:00,25,NO CONTROLS,NO CONTROLS,CLEAR,DAYLIGHT,PARKED MOTOR VEHICLE,NOT DIVIDED,,STRAIGHT AND LEVEL,DRY,NO DEFECTS,ON SCENE,NO INJURY / DRIVE AWAY,,,,"$501 - $1,500",3/25/2022 11:10,UNABLE TO DETERMINE,UNABLE TO DETERMINE,1526,W,CHICAGO AVE,1213,,,,,,,2,NO INDICATION OF INJURY,0,0,0,0,0,1,0,11,6,3,41.89620179,-87.66603733,POINT (-87.666037330597 41.89620178558)
4f4fb13f28d60719a36835f92f60ce06d0c042d78d0c96f48fa5779cf582132f3ce846ef73a6cee4ae1d265e6b9aeaf4cbd09b8166bfc9345aa85b7d120c5f9a,JF186510,,3/25/2022 17:09,30,NO CONTROLS,NO CONTROLS,CLEAR,DAYLIGHT,REAR END,NOT DIVIDED,,STRAIGHT AND LEVEL,DRY,NO DEFECTS,NOT ON SCENE (DESK REPORT),NO INJURY / DRIVE AWAY,,,,"$501 - $1,500",3/25/2022 17:44,NOT APPLICABLE,NOT APPLICABLE,3355,W,51ST ST,822,,,,,,,2,NO INDICATION OF INJURY,0,0,0,0,0,3,0,17,6,3,41.80064555,-87.70851751,POINT (-87.708517513194 41.800645550719)
bec46fc4221b225a16e5700ae31631a51a23ef55496e4a79877fc1a673c0377c56e2e0f996f5980a8a6b9a948ebaaf42f61f14e20ebfb7d0decbbb5c05a8719e,JF170615,,3/11/2022 15:10,30,NO CONTROLS,NO CONTROLS,CLEAR,DAYLIGHT,ANGLE,NOT DIVIDED,,STRAIGHT AND LEVEL,DRY,NO DEFECTS,NOT ON SCENE (DESK REPORT),NO INJURY / DRIVE AWAY,,,Y,"OVER $1,500",3/11/2022 16:00,FAILING TO YIELD RIGHT-OF-WAY,NOT APPLICABLE,4320,N,CICERO AVE,1624,,,,,,,2,NO INDICATION OF INJURY,0,0,0,0,0,2,0,15,6,3,41.9595751,-87.74764569,POINT (-87.747645687079 41.959575099443)
216c11497c7672a5a82d6bc98603df3daa2857b07b8d7722a24a4fd1b4fef01e3563e73b69c7e20d4297c46aa91f0d3a16dc52520c866a9b5313bb9ee0b372f8,JF171493,,3/12/2022 12:50,35,NO CONTROLS,NO CONTROLS,CLEAR,DAYLIGHT,PARKED MOTOR VEHICLE,NOT DIVIDED,,STRAIGHT AND LEVEL,DRY,NO DEFECTS,NOT ON SCENE (DESK REPORT),NO INJURY / DRIVE AWAY,,,,"OVER $1,500",3/12/2022 13:35,DRIVING SKILLS/KNOWLEDGE/EXPERIENCE,NOT APPLICABLE,6640,W,56TH ST,811,,,,,,,2,NO INDICATION OF INJURY,0,0,0,0,0,1,0,12,7,3,41.79051339,-87.7882481,POINT (-87.78824809861 41.790513386144)
654c4c5c6e348f571b33a61e93435d986f473905ae2642606a32f8074022a90df1f1053bdd88896b0d6d3e53f17dce273b6e438b3f5ed15306352fcc136251be,JF171141,,3/12/2022 5:20,30,NO CONTROLS,NO CONTROLS,CLEAR,DAYLIGHT,FIXED OBJECT,DIVIDED - W/MEDIAN BARRIER,,STRAIGHT AND LEVEL,DRY,NO DEFECTS,ON SCENE,INJURY AND / OR TOW DUE TO CRASH,,,Y,"OVER $1,500",3/12/2022 5:35,DISREGARDING ROAD MARKINGS,UNABLE TO DETERMINE,4607,W,59TH ST,813,,,,,,,1,NO INDICATION OF INJURY,0,0,0,0,0,1,0,5,7,3,41.78562796,-87.73804242,POINT (-87.738042415802 41.785627960543)
17760bd455204239465e09f297ce94d00ec4062c42c98d4deecf425351a30d72bf04269bcfe1454c9e46cf2ea411b622ef6b715347307e8d7ee79c89c668e791,JF169181,,3/10/2022 10:15,30,NO CONTROLS,NO CONTROLS,CLEAR,DAYLIGHT,REAR END,DIVIDED - W/MEDIAN (NOT RAISED),,STRAIGHT AND LEVEL,DRY,NO DEFECTS,NOT ON SCENE (DESK REPORT),NO INJURY / DRIVE AWAY,,,,"$501 - $1,500",3/10/2022 10:55,UNABLE TO DETERMINE,UNABLE TO DETERMINE,7528,S,STONY ISLAND AVE,411,,,,,,,2,NO INDICATION OF INJURY,0,0,0,0,0,3,0,10,5,3,41.75790005,-87.58626875,POINT (-87.586268747646 41.757900053552)
064f5a2378e7f4cc65d6d9f888a39db87c6c9b85c32b85eaa3b88778b27550b550f7d914efa9fd013ed3561779d042da62418944c96b0d818b1c98ae17f5446e,JF149748,,2/19/2022 15:43,30,OTHER,NO CONTROLS,SNOW,DAYLIGHT,PARKED MOTOR VEHICLE,ALLEY,,STRAIGHT ON GRADE,SNOW OR SLUSH,OTHER,ON SCENE,NO INJURY / DRIVE AWAY,,,Y,"OVER $1,500",2/19/2022 17:15,UNABLE TO DETERMINE,NOT APPLICABLE,2812,S,WENTWORTH AVE,914,,,,,,,2,NO INDICATION OF INJURY,0,0,0,0,0,1,0,15,7,2,41.84219741,-87.63193027,POINT (-87.631930272735 41.84219740756)
586470481dd375202a70759ae5b4ed12f5cdc1d4f425a1a49624f28267de6dc91bfbb453ffdfa88a4eb185ffe150f8eec06ad0770b8bbdc10cbbea5947a735c8,JF172003,,3/11/2022 7:30,25,UNKNOWN,UNKNOWN,UNKNOWN,UNKNOWN,OTHER OBJECT,NOT DIVIDED,,STRAIGHT AND LEVEL,UNKNOWN,UNKNOWN,NOT ON SCENE (DESK REPORT),NO INJURY / DRIVE AWAY,,,,"OVER $1,500",3/12/2022 21:30,NOT APPLICABLE,NOT APPLICABLE,10500,S,INDIANAPOLIS AVE,432,,,,,,,1,NO INDICATION OF INJURY,0,0,0,0,0,1,0,7,6,3,41.70438329,-87.52648857,POINT (-87.526488572157 41.704383289607)
14e14ea034f4ebdfb891b235d3987348daafeee00dc870902befe290a8b0d2fc1b14bcd9c91bc9cb5d516233bc0d071d1b76710738384fcfc284616c1914123a,JF171704,,3/12/2022 15:30,30,NO CONTROLS,NO CONTROLS,CLEAR,DAYLIGHT,SIDESWIPE SAME DIRECTION,DIVIDED - W/MEDIAN (NOT RAISED),,STRAIGHT AND LEVEL,DRY,NO DEFECTS,ON SCENE,INJURY AND / OR TOW DUE TO CRASH,Y,,,"OVER $1,500",3/12/2022 15:30,IMPROPER LANE USAGE,IMPROPER LANE USAGE,4699,W,63RD ST,813,,,,,,,2,"REPORTED, NOT EVIDENT",1,0,0,0,1,2,0,15,7,3,41.77834874,-87.73978338,POINT (-87.739783374861 41.778348742145)
33001e438295930b131f396eb42ce3a0714dd51614c6eaf3b594475f71bd33d176855cf0f5780e99bf6d2881b8f5d066da07750f318e40449884f7b67fa21517,JF171904,,3/12/2022 15:36,10,NO CONTROLS,NO CONTROLS,CLEAR,DAYLIGHT,PARKED MOTOR VEHICLE,PARKING LOT,,STRAIGHT AND LEVEL,DRY,NO DEFECTS,NOT ON SCENE (DESK REPORT),NO INJURY / DRIVE AWAY,,Y,Y,"$501 - $1,500",3/12/2022 19:45,IMPROPER TURNING/NO SIGNAL,FAILING TO REDUCE SPEED TO AVOID CRASH,4847,W,NORTH AVE,2533,,,,,,,2,NO INDICATION OF INJURY,0,0,0,0,0,2,0,15,7,3,41.90949257,-87.7478958,POINT (-87.747895795875 41.909492574152)
3749cd135706d21056d0787bacd2ffc359b46b6397bbb8b8ae563c8f1ce87df8e8e99c93a4b12e9cbd8c73dced3c5243e92a071f99660bfff32647bb33c497b5,JF171278,,3/12/2022 9:30,30,TRAFFIC SIGNAL,UNKNOWN,CLEAR,DAYLIGHT,ANGLE,NOT DIVIDED,,STRAIGHT AND LEVEL,DRY,UNKNOWN,ON SCENE,INJURY AND / OR TOW DUE TO CRASH,Y,,,"OVER $1,500",3/12/2022 9:56,UNABLE TO DETERMINE,UNABLE TO DETERMINE,5899,S,CALIFORNIA AVE,824,,,,,,,2,NO INDICATION OF INJURY,0,0,0,0,0,2,0,9,7,3,41.7865005,-87.69345107,POINT (-87.693451064998 41.786500497186)
42396beefa9a21a49a97053d9ec7fc93de3d144b4eefac85695da30734ca98eb0b1b2cd47ea50fe766fd3a7584c32ad83d870951207aab6bfb8de25a24b58bf0,JF179077,,3/19/2022 8:25,30,STOP SIGN/FLASHER,FUNCTIONING PROPERLY,RAIN,DAYLIGHT,FIXED OBJECT,NOT DIVIDED,,STRAIGHT AND LEVEL,WET,UNKNOWN,ON SCENE,INJURY AND / OR TOW DUE TO CRASH,,,,"OVER $1,500",3/19/2022 8:29,WEATHER,EQUIPMENT - VEHICLE CONDITION,10900,S,MICHIGAN AVE,513,,,,,,,1,NO INDICATION OF INJURY,0,0,0,0,0,1,0,8,7,3,41.69616302,-87.62094819,POINT (-87.620948186529 41.696163019788)
06d95feb1a8f8db4d871ff2b02b617a228794e1a2ab05f1b3a21b50853aa44eeb6f5fd335c71858ef3457771f7a6e7b7973ef31ef2508e318069b1217ed62dcc,JF149876,,2/19/2022 19:40,30,NO CONTROLS,NO CONTROLS,CLEAR,"DARKNESS, LIGHTED ROAD",SIDESWIPE SAME DIRECTION,DIVIDED - W/MEDIAN BARRIER,,STRAIGHT AND LEVEL,WET,NO DEFECTS,ON SCENE,INJURY AND / OR TOW DUE TO CRASH,,,,"OVER $1,500",2/19/2022 19:50,IMPROPER LANE USAGE,NOT APPLICABLE,1829,W,IRVING PARK RD,1922,,,,,,,2,NO INDICATION OF INJURY,0,0,0,0,0,2,0,19,7,2,41.95409114,-87.67534123,POINT (-87.675341225424 41.954091142874)
514d52632c9040dce1e94bd7aa67938216c5b9442902f28a4b8ebd2d6d1d08e5740e5a865dd830fbe94d56be831cc6ac75f0e8f68357f44ac9b26bca9bb3559d,JF185761,,3/25/2022 7:05,30,TRAFFIC SIGNAL,UNKNOWN,RAIN,DAYLIGHT,TURNING,T-INTERSECTION,,STRAIGHT AND LEVEL,WET,NO DEFECTS,ON SCENE,NO INJURY / DRIVE AWAY,Y,,,"OVER $1,500",3/25/2022 7:10,UNABLE TO DETERMINE,NOT APPLICABLE,6398,W,NORTH AVE,2513,,,,,,,2,NO INDICATION OF INJURY,0,0,0,0,0,3,0,7,6,3,41.90925843,-87.784922,POINT (-87.784921994803 41.909258432645)
6310323fafbc31db66ef6b65eb163ebaf59050ae0d64f6cfec1f1b4b81fe5b4cc491d5ffe8565067f50f44004549527eb4f0cfb0cccb2444093ef54bdd9a54ab,JF170326,,3/11/2022 11:29,30,STOP SIGN/FLASHER,FUNCTIONING PROPERLY,CLEAR,DAYLIGHT,TURNING,NOT DIVIDED,,STRAIGHT AND LEVEL,WET,UNKNOWN,ON SCENE,INJURY AND / OR TOW DUE TO CRASH,Y,,,"OVER $1,500",3/11/2022 11:32,UNABLE TO DETERMINE,UNABLE TO DETERMINE,3998,W,79TH ST,833,,,,,,,2,NONINCAPACITATING INJURY,1,0,0,1,0,1,0,11,6,3,41.74968144,-87.7218363,POINT (-87.721836296149 41.74968144127)