CRASH_RECORD_ID,RD_NO,CRASH_DATE_EST_I,CRASH_DATE,POSTED_SPEED_LIMIT,TRAFFIC_CONTROL_DEVICE,DEVICE_CONDITION,WEATHER_CONDITION,LIGHTING_CONDITION,FIRST_CRASH_TYPE,TRAFFICWAY_TYPE,LANE_CNT,ALIGNMENT,ROADWAY_SURFACE_COND,ROAD_DEFECT,REPORT_TYPE,CRASH_TYPE,INTERSECTION_RELATED_I,NOT_RIGHT_OF_WAY_I,HIT_AND_RUN_I,DAMAGE,DATE_POLICE_NOTIFIED,PRIM_CONTRIBUTORY_CAUSE,SEC_CONTRIBUTORY_CAUSE,STREET_NO,STREET_DIRECTION,STREET_NAME,BEAT_OF_OCCURRENCE,PHOTOS_TAKEN_I,STATEMENTS_TAKEN_I,DOORING_I,WORK_ZONE_I,WORK_ZONE_TYPE,WORKERS_PRESENT_I,NUM_UNITS,MOST_SEVERE_INJURY,INJURIES_TOTAL,INJURIES_FATAL,INJURIES_INCAPACITATING,INJURIES_NON_INCAPACITATING,INJURIES_REPORTED_NOT_EVIDENT,INJURIES_NO_INDICATION,INJURIES_UNKNOWN,CRASH_HOUR,CRASH_DAY_OF_WEEK,CRASH_MONTH,LATITUDE,LONGITUDE,LOCATION
4cb76c5994908baa6cb123c3353954c4732e35f982b0c0e6fbeaae19126e9f80a6c5c5da57340ca49129c3eaf262011a3d39575e93140ca1f2512c5eda50a007,JF172125,,3/12/2022 23:35,30,TRAFFIC SIGNAL,FUNCTIONING PROPERLY,CLEAR,"DARKNESS, LIGHTED ROAD",REAR END,UNKNOWN INTERSECTION TYPE,,STRAIGHT AND LEVEL,UNKNOWN,UNKNOWN,NOT ON SCENE (DESK REPORT),NO INJURY / DRIVE AWAY,Y,,Y,"OVER $1,500",3/13/2022 1:30,UNABLE TO DETERMINE,NOT APPLICABLE,955,E,MIDWAY PLAISANCE,235,,,,,,,2,NO INDICATION OF INJURY,0,0,0,0,0,3,0,23,7,3,41.78635617,-87.60139902,POINT (-87.601399019634 41.786356172936)
51b52d2f16b9e5d71ce5e11a65552f73ce36f959d3b17b3bfa96363328e109f3314d3f50bf109181b1b5b1b11e32aa553465956e3f975780a83c47a4eb9ac7c0,JF172033,,3/12/2022 6:30,30,NO CONTROLS,NO CONTROLS,CLEAR,DAYLIGHT,PARKED MOTOR VEHICLE,ONE-WAY,,STRAIGHT AND LEVEL,DRY,NO DEFECTS,NOT ON SCENE (DESK REPORT),NO INJURY / DRIVE AWAY,,,Y,"$501 - $1,500",3/12/2022 22:30,IMPROPER LANE USAGE,UNABLE TO DETERMINE,6510,N,ARTESIAN AVE,2412,,,,,,,2,NO INDICATION OF INJURY,0,0,0,0,0,1,0,6,7,3,41.99989508,-87.69130799,POINT (-87.691307988839 41.99989508342)
5805a3ffed444bad3a4063f5b0e1d1c06c81afe578e77d4361eb651f184a5b11bb06bdad20b8a9384365914ae33e80be1f18045e29fc7fad29a674444840749f,JF171794,,3/12/2022 14:30,30,NO CONTROLS,NO CONTROLS,CLEAR,DAYLIGHT,ANGLE,NOT DIVIDED,,STRAIGHT AND LEVEL,DRY,NO DEFECTS,NOT ON SCENE (DESK REPORT),NO INJURY / DRIVE AWAY,,,,"$501 - $1,500",3/12/2022 17:30,UNABLE TO DETERMINE,NOT APPLICABLE,33,W,ONTARIO ST,1832,,,,,,,2,NO INDICATION OF INJURY,0,0,0,0,0,2,0,14,7,3,41.89314176,-87.6295306,POINT (-87.629530602186 41.893141757499)
873a0682255f90f84a1165350f872eea8e02b571d2f0deaf83ba3bf36fc42d0a320aa0cba4b2224991f13ac312bff0f47033f81e01435dac8c00b7d09e617751,JF171845,,3/12/2022 18:00,15,NO CONTROLS,NO CONTROLS,CLOUDY/OVERCAST,DUSK,PARKED MOTOR VEHICLE,PARKING LOT,,STRAIGHT AND LEVEL,WET,UNKNOWN,ON SCENE,NO INJURY / DRIVE AWAY,,,,"$501 - $1,500",3/12/2022 18:01,FAILING TO YIELD RIGHT-OF-WAY,UNABLE TO DETERMINE,501,W,31ST ST,915,,,,,,,2,NO INDICATION OF INJURY,0,0,0,0,0,2,0,18,7,3,41.83802904,-87.6390328,POINT (-87.639032802694 41.838029036548)
51935395e2e464eeab01127c1c19c13f68e50c834ae359e8e0c6c296006d9e0e125c06ff87ddc12ee98ea8f87c9d4cb03818036da974d9ccb5a17c00f6199d77,JF187255,,3/25/2022 17:30,30,STOP SIGN/FLASHER,UNKNOWN,UNKNOWN,UNKNOWN,ANGLE,NOT DIVIDED,,STRAIGHT AND LEVEL,UNKNOWN,UNKNOWN,NOT ON SCENE (DESK REPORT),NO INJURY / DRIVE AWAY,,,Y,"OVER $1,500",3/26/2022 13:15,FAILING TO YIELD RIGHT-OF-WAY,UNABLE TO DETERMINE,504,E,43RD ST,214,,,,,,,2,NO INDICATION OF INJURY,0,0,0,0,0,3,0,17,6,3,41.81679663,-87.61387372,POINT (-87.613873724384 41.816796628728)
078b488f19528bf62b14468c2885812f583afe26221d8beeaeb1532a3da00c7ee29ce1ea2c5fd406c2d146e672e4d4e30204fb2569f5eff51e90d29a011e48d0,JF149603,,2/19/2022 14:40,30,STOP SIGN/FLASHER,FUNCTIONING PROPERLY,CLEAR,DAYLIGHT,HEAD ON,NOT DIVIDED,,STRAIGHT AND LEVEL,DRY,NO DEFECTS,,NO INJURY / DRIVE AWAY,Y,,,"$501 - $1,500",2/19/2022 14:59,FAILING TO YIELD RIGHT-OF-WAY,NOT APPLICABLE,5300,W,LE MOYNE ST,2532,,,,,,,2,NO INDICATION OF INJURY,0,0,0,0,0,2,0,14,7,2,41.90776521,-87.75845513,POINT (-87.758455125693 41.907765211808)
522169a3d7b00b839b20e3de5667d9bc21c75b6f56b5dc2f778b9f34bdcce8ce7aeafb8e01ba088643c05ed523c1f4282f6631154e98f7d698e4ae347b330c16,JF186201,,3/25/2022 13:16,20,STOP SIGN/FLASHER,NO CONTROLS,CLEAR,DAYLIGHT,PARKED MOTOR VEHICLE,PARKING LOT,,STRAIGHT AND LEVEL,DRY,NO DEFECTS,ON SCENE,INJURY AND / OR TOW DUE TO CRASH,,,,"OVER $1,500",3/25/2022 13:16,DRIVING SKILLS/KNOWLEDGE/EXPERIENCE,NOT APPLICABLE,1950,W,PETERSON AVE,2413,,,,,,,5,NONINCAPACITATING INJURY,1,0,0,1,0,0,0,13,6,3,41.99079738,-87.67904906,POINT (-87.679049055059 41.990797378322)
0841f0bacd792b0937a43830d912c7a2d623217768e684d7e974ccc01259a73ebc3ab13cd52f5ffa08d2f3957cf3efb748dafd0868ee6fab7edbc4950dccd776,JF150406,,2/19/2022 19:15,30,STOP SIGN/FLASHER,FUNCTIONING PROPERLY,CLEAR,DARKNESS,ANGLE,NOT DIVIDED,,STRAIGHT AND LEVEL,DRY,UNKNOWN,NOT ON SCENE (DESK REPORT),NO INJURY / DRIVE AWAY,,,,"OVER $1,500",2/20/2022 13:00,FAILING TO YIELD RIGHT-OF-WAY,UNABLE TO DETERMINE,2800,W,ARTHUR AVE,2412,,,,,,,2,NO INDICATION OF INJURY,0,0,0,0,0,9,0,19,7,2,41.99949536,-87.69976182,POINT (-87.699761815053 41.999495354597)
1b4914541b9936b4d942cd947aab7f6a69557177fd9b69a8ec2be08ef1b99375c542eeed051a48f7a747596258ac69f887d589a8479f0abc45359a4904883acd,JF171351,,3/12/2022 10:50,30,STOP SIGN/FLASHER,FUNCTIONING PROPERLY,CLEAR,DAYLIGHT,REAR END,NOT DIVIDED,,STRAIGHT AND LEVEL,DRY,NO DEFECTS,NOT ON SCENE (DESK REPORT),NO INJURY / DRIVE AWAY,,,,"OVER $1,500",3/12/2022 11:22,FOLLOWING TOO CLOSELY,NOT APPLICABLE,3858,W,71ST ST,833,,,,,,,2,NO INDICATION OF INJURY,0,0,0,0,0,2,0,10,7,3,41.76423839,-87.71988737,POINT (-87.719887366854 41.764238385238)
2c414017935b1e337ea89ab2e3480c1f740a9cc639daeff2017ca9c29b51e3d9fe041c0b4fa45069b8c1736138e83597e4977950981b2a7619a7aeacdfb39c70,JF171479,,3/12/2022 13:10,15,NO CONTROLS,NO CONTROLS,CLEAR,DAYLIGHT,PARKED MOTOR VEHICLE,ONE-WAY,,STRAIGHT ON GRADE,DRY,SHOULDER DEFECT,ON SCENE,NO INJURY / DRIVE AWAY,,,,"$501 - $1,500",3/12/2022 13:20,DRIVING SKILLS/KNOWLEDGE/EXPERIENCE,UNABLE TO DETERMINE,6321,S,ARTESIAN AVE,825,,,,,,,2,NO INDICATION OF INJURY,0,0,0,0,0,1,0,13,7,3,41.77858772,-87.68469651,POINT (-87.68469651177 41.778587715466)
43f8b979483e943ad2686c0a689f0e460558d4210589ce22175ff8bc723a25ed2efe6d7eae45d9077f72f61516b06bb7209b3863c8f039dc8f5e6ddd0a338c43,,,4/3/2022 2:15,35,NO CONTROLS,NO CONTROLS,CLEAR,"DARKNESS, LIGHTED ROAD",PARKED MOTOR VEHICLE,NOT DIVIDED,,STRAIGHT AND LEVEL,DRY,UNKNOWN,ON SCENE,INJURY AND / OR TOW DUE TO CRASH,,,,"OVER $1,500",4/3/2022 2:15,UNABLE TO DETERMINE,NOT APPLICABLE,10432,S,DR MARTIN LUTHER KING JR DR,512,,,,,,,3,"REPORTED, NOT EVIDENT",1,0,0,0,1,0,0,2,1,4,41.70448905,-87.61383963,POINT (-87.613839624617 41.704489054244)
44586ec3e828d97328183f618a57b476dc052162e367a425af57634b5b87c6d86cea130bd1c6b2e00b31927eefd16c8b863c3f38832c905f8c362b8099f78f93,JF178935,,3/19/2022 1:12,30,POLICE/FLAGMAN,FUNCTIONING PROPERLY,RAIN,"DARKNESS, LIGHTED ROAD",ANGLE,DIVIDED - W/MEDIAN (NOT RAISED),,STRAIGHT AND LEVEL,WET,NO DEFECTS,ON SCENE,NO INJURY / DRIVE AWAY,,,,"OVER $1,500",3/19/2022 1:12,FAILING TO YIELD RIGHT-OF-WAY,IMPROPER OVERTAKING/PASSING,8601,S,VINCENNES AVE,622,,,,,,,2,NO INDICATION OF INJURY,0,0,0,0,0,4,0,1,7,3,41.73835086,-87.64152725,POINT (-87.641527253375 41.738350860644)
08cecb13478a5a475dc952ad2e71a55d4d706567054b3e0e077b959f7a20b4adf98dad06a73cba3893f9e38bf637476bce60815eb8e9d2ec5edadd1564f9b307,JF149868,,2/19/2022 19:00,35,TRAFFIC SIGNAL,UNKNOWN,CLEAR,"DARKNESS, LIGHTED ROAD",ANGLE,DIVIDED - W/MEDIAN (NOT RAISED),,STRAIGHT AND LEVEL,UNKNOWN,UNKNOWN,NOT ON SCENE (DESK REPORT),NO INJURY / DRIVE AWAY,Y,,,"OVER $1,500",2/19/2022 19:24,UNABLE TO DETERMINE,UNABLE TO DETERMINE,2400,W,55TH ST,923,,N,,,,,2,NO INDICATION OF INJURY,0,0,0,0,0,2,0,19,7,2,41.79398135,-87.68414174,POINT (-87.684141741284 41.793981346574)
09172bef9ffce59724a104ac31b89ee610708813838ef17632ff9a5f617c4a488e89045e4b812c48a362d4fb60f68190681231430b8178cdfddfab648696488a,JF149811,,2/19/2022 14:00,30,TRAFFIC SIGNAL,FUNCTIONING PROPERLY,CLEAR,DAYLIGHT,SIDESWIPE SAME DIRECTION,NOT DIVIDED,,STRAIGHT AND LEVEL,DRY,UNKNOWN,,NO INJURY / DRIVE AWAY,Y,,,"$501 - $1,500",2/19/2022 19:00,IMPROPER OVERTAKING/PASSING,NOT APPLICABLE,1105,W,CHICAGO AVE,1215,,,,,,,2,NO INDICATION OF INJURY,0,0,0,0,0,2,0,14,7,2,41.89615635,-87.65547454,POINT (-87.655474544459 41.896156346949)
ae72dd9d437491bb6151ad3af21c30b0059d3001425734c127f9b1f06bca9771c87fbc732b7c6fdf05f1e6f4c709f290a547e8745ceda8bc01911989273ef101,JF170655,,3/11/2022 15:55,30,NO CONTROLS,NO CONTROLS,CLOUDY/OVERCAST,DAYLIGHT,REAR END,DIVIDED - W/MEDIAN BARRIER,,STRAIGHT AND LEVEL,WET,UNKNOWN,ON SCENE,NO INJURY / DRIVE AWAY,,,,$500 OR LESS,3/11/2022 15:57,UNABLE TO DETERMINE,UNABLE TO DETERMINE,5230,S,WESTERN AVE,923,,,,,,,2,NO INDICATION OF INJURY,0,0,0,0,0,4,0,15,6,3,41.79839166,-87.6842988,POINT (-87.684298803486 41.798391656901)
536f9f9d678cc99b08a674ad288e812ffd19e37955ca8824c4b02b1a98c72fde9de3e4bcfaed3a1b9e8f3adcea9432b87af6b05e5cb53c6948617d1fa3933476,JF171828,Y,3/12/2022 1:00,30,NO CONTROLS,NO CONTROLS,CLEAR,UNKNOWN,PARKED MOTOR VEHICLE,ONE-WAY,,STRAIGHT AND LEVEL,DRY,NO DEFECTS,NOT ON SCENE (DESK REPORT),NO INJURY / DRIVE AWAY,,,,"$501 - $1,500",3/12/2022 6:00,UNABLE TO DETERMINE,NOT APPLICABLE,3567,W,27TH ST,1032,,,,,,,2,NO INDICATION OF INJURY,0,0,0,0,0,1,0,1,7,3,41.84244173,-87.7146779,POINT (-87.714677897737 41.842441727416)
6bd1407a29e90959c1566a445ce83c9d5924a59cac9cbf9f45d1ad4402d2614c959551660eb581a527b5db10cd2c431416ce62ac5e5943b198ec6bfdc23fbae0,JF171662,,3/12/2022 9:30,30,TRAFFIC SIGNAL,FUNCTIONING PROPERLY,CLEAR,DAYLIGHT,SIDESWIPE OPPOSITE DIRECTION,NOT DIVIDED,,STRAIGHT AND LEVEL,DRY,NO DEFECTS,NOT ON SCENE (DESK REPORT),NO INJURY / DRIVE AWAY,,,Y,"$501 - $1,500",3/12/2022 16:00,IMPROPER OVERTAKING/PASSING,NOT APPLICABLE,3527,W,ARMITAGE AVE,1422,,,,,,,2,NO INDICATION OF INJURY,0,0,0,0,0,2,0,9,7,3,41.91719803,-87.71466037,POINT (-87.714660372195 41.917198029831)
ac32bc3dd21cf0df1ca23f796518ef3154a1e166cea3f4a55f0674f89826d4a52a50a813a83d446127dd8e7dd57805de2ddf8ef5a8d253c65bfb5a97756dbd51,JF172083,,3/13/2022 0:03,35,TRAFFIC SIGNAL,FUNCTIONING PROPERLY,CLEAR,"DARKNESS, LIGHTED ROAD",REAR END,"FIVE POINT, OR MORE",,STRAIGHT AND LEVEL,DRY,NO DEFECTS,ON SCENE,INJURY AND / OR TOW DUE TO CRASH,Y,,,"OVER $1,500",3/13/2022 0:03,PHYSICAL CONDITION OF DRIVER,UNABLE TO DETERMINE,3430,N,SHEFFIELD AVE,1924,,,,,,,2,NO INDICATION OF INJURY,0,0,0,0,0,2,0,0,1,3,41.94441893,-87.65439047,POINT (-87.654390468716 41.944418928698)
44d73ac934445b23f3c93eb8236b20f1bd9e99233f1a1d1ed4e9950afae19f21b6bf1c2c3d6e6e4910cbb8a5eb7301ce6682208315349fec5b42aa582e0bfe50,JF179897,,3/19/2022 22:50,20,STOP SIGN/FLASHER,UNKNOWN,UNKNOWN,"DARKNESS, LIGHTED ROAD",TURNING,NOT DIVIDED,,STRAIGHT AND LEVEL,UNKNOWN,UNKNOWN,NOT ON SCENE (DESK REPORT),NO INJURY / DRIVE AWAY,Y,,,"OVER $1,500",3/19/2022 23:30,UNABLE TO DETERMINE,UNABLE TO DETERMINE,6100,S,SPRINGFIELD AVE,823,,,,,,,2,NO INDICATION OF INJURY,0,0,0,0,0,2,0,22,7,3,41.7822863,-87.72055563,POINT (-87.720555632486 41.782286299221)
17ec6bc45a0e594b1a88af6abf333f8e3b422a43f623c15450ee7fbe9debb1e001983b6ef1dc35a40fe5ea5ac6117c85aaa383fac3c7c8645b77874b289da530,JF171980,,3/12/2022 20:45,30,NO CONTROLS,NO CONTROLS,CLEAR,"DARKNESS, LIGHTED ROAD",HEAD ON,NOT DIVIDED,,STRAIGHT AND LEVEL,DRY,NO DEFECTS,ON SCENE,INJURY AND / OR TOW DUE TO CRASH,,,,"OVER $1,500",3/12/2022 20:46,UNDER THE INFLUENCE OF ALCOHOL/DRUGS (USE WHEN ARREST IS EFFECTED),"OPERATING VEHICLE IN ERRATIC, RECKLESS, CARELESS, NEGLIGENT OR AGGRESSIVE MANNER",7201,S,KEDZIE AVE,831,,,,,,,2,NONINCAPACITATING INJURY,2,0,0,1,1,0,0,20,7,3,41.76246798,-87.70261135,POINT (-87.7026113465 41.762467981716)
2243c3feb5526827c9d9b5e277b133c15858f1da2ac2a326c154fb544adbc09eb754706f88d218c0dd8a48e8e7b1fe045b2345ea0726726f85a10a48ff8adbe2,JF171947,,3/12/2022 16:37,30,TRAFFIC SIGNAL,FUNCTIONING PROPERLY,CLEAR,DARKNESS,TURNING,DIVIDED - W/MEDIAN (NOT RAISED),,STRAIGHT AND LEVEL,DRY,NO DEFECTS,NOT ON SCENE (DESK REPORT),NO INJURY / DRIVE AWAY,,,Y,"OVER $1,500",3/12/2022 19:35,FAILING TO YIELD RIGHT-OF-WAY,DRIVING SKILLS/KNOWLEDGE/EXPERIENCE,1602,E,87TH ST,412,,,,,,,2,NO INDICATION OF INJURY,0,0,0,0,0,2,0,16,7,3,41.73703207,-87.58501023,POINT (-87.585010228686 41.737032064512)
7d5bb734041024021f3ff06e1a95cb643a23a648066f8419c1c4246e8769cf6c08a12657ba7cee574731b12db26f78eb229c8197bb85c8badc1d9fe00b5c2bd5,JF172065,Y,3/12/2022 21:00,30,TRAFFIC SIGNAL,UNKNOWN,UNKNOWN,UNKNOWN,REAR END,FOUR WAY,,STRAIGHT AND LEVEL,UNKNOWN,UNKNOWN,NOT ON SCENE (DESK REPORT),NO INJURY / DRIVE AWAY,Y,,,"OVER $1,500",3/12/2022 23:50,UNABLE TO DETERMINE,NOT APPLICABLE,3707,W,26TH ST,1031,,,,,,,2,NO INDICATION OF INJURY,0,0,0,0,0,3,0,21,7,3,41.84423497,-87.7175647,POINT (-87.717564695538 41.844234965792)
45b740b8423c7e539161454c3fa718f4b92ee6dc8134c746e24fa32451c6463a69e8071b084a3e2f8fc0e1deff11f2d9a65117ca45d7394d24c662adf1eba6b7,JF179013,,3/19/2022 4:00,30,TRAFFIC SIGNAL,UNKNOWN,UNKNOWN,"DARKNESS, LIGHTED ROAD",REAR END,NOT DIVIDED,,STRAIGHT AND LEVEL,UNKNOWN,UNKNOWN,NOT ON SCENE (DESK REPORT),NO INJURY / DRIVE AWAY,Y,,,"OVER $1,500",3/19/2022 4:30,UNABLE TO DETERMINE,NOT APPLICABLE,6500,S,COTTAGE GROVE AVE,321,,,,,,,2,NO INDICATION OF INJURY,0,0,0,0,0,2,0,4,7,3,41.77668462,-87.60599358,POINT (-87.60599357891 41.776684614718)
4609c86f912aff1b774faa03a6c05a873fb214103e3e08ec2ad0d1ee7368cc2d8c35d4981aa7d96014b0d30a04bf3d2084f423225ae3c0eab4af993cb5f27976,JE322530,,8/1/2021 19:01,30,TRAFFIC SIGNAL,FUNCTIONING PROPERLY,CLEAR,DAYLIGHT,ANGLE,FOUR WAY,,STRAIGHT AND LEVEL,DRY,NO DEFECTS,,INJURY AND / OR TOW DUE TO CRASH,,,Y,"OVER $1,500",8/1/2021 19:09,DISREGARDING TRAFFIC SIGNALS,NOT APPLICABLE,7899,S,LAFAYETTE AVE,623,,,,,,,2,NO INDICATION OF INJURY,0,0,0,0,0,2,0,19,1,8,41.75097855,-87.6256817,POINT (-87.625681695457 41.750978549489)
538d16355e0d04965f0f61c65c31aafa4f82b96103d86690555cc48ce113eb5d816b83b970c2b2299762614b80a05f8093f8dd8da56d403a6f0d44487fa7cffd,JE487353,,12/23/2021 22:36,40,TRAFFIC SIGNAL,FUNCTIONING PROPERLY,CLEAR,"DARKNESS, LIGHTED ROAD",ANGLE,FOUR WAY,,STRAIGHT AND LEVEL,DRY,NO DEFECTS,,INJURY AND / OR TOW DUE TO CRASH,Y,,Y,"OVER $1,500",12/23/2021 22:40,UNABLE TO DETERMINE,UNABLE TO DETERMINE,10000,W,OHARE ST,1651,,,,,,,2,NONINCAPACITATING INJURY,1,0,0,1,0,1,0,22,5,12,41.97620114,-87.90530913,POINT (-87.905309125103 41.976201139024)
53cde6fc51a75d0a6a0f9d22c28812af1325a25b6584fdf7830cc7cec5da055691fef8ed666cfccd6015294cee2f9cd7aa91130f1281e6a6282aa597314c34ec,JF166287,,3/7/2022 14:22,30,TRAFFIC SIGNAL,FUNCTIONING PROPERLY,CLEAR,DAYLIGHT,TURNING,NOT DIVIDED,,STRAIGHT AND LEVEL,DRY,NO DEFECTS,,INJURY AND / OR TOW DUE TO CRASH,Y,,,"OVER $1,500",3/7/2022 14:44,IMPROPER TURNING/NO SIGNAL,UNABLE TO DETERMINE,3501,S,CALIFORNIA AVE,911,,,,,,,2,NO INDICATION OF INJURY,0,0,0,0,0,2,0,14,2,3,41.83003355,-87.69464443,POINT (-87.694644428457 41.830033550869)
4774943064edf43b6f6eb511cf6558b1607668fd10d0c9d27ff93b2a0c25fa433532b48cce0562e71d158300c3d9dbe07b5de111f0c7ea1f27383803eb3669f9,JF179648,,3/19/2022 14:00,30,NO CONTROLS,NO CONTROLS,RAIN,DAYLIGHT,PARKED MOTOR VEHICLE,ONE-WAY,,STRAIGHT AND LEVEL,WET,NO DEFECTS,NOT ON SCENE (DESK REPORT),INJURY AND / OR TOW DUE TO CRASH,,,Y,"OVER $1,500",3/19/2022 18:10,UNABLE TO DETERMINE,NOT APPLICABLE,4119,W,HARRISON ST,1132,,,,,,,2,NO INDICATION OF INJURY,0,0,0,0,0,1,0,14,7,3,41.87329835,-87.72864233,POINT (-87.72864232545 41.873298345108)
4779716d4d9b8f2420db6dee3e2609f9acceefaafe8c3f3dd6af6f2d95d338e868f17076cb55b038649c8636675f1aaa26d69bbb10e1068b18ce61592550e56a,,,4/3/2022 1:39,30,NO CONTROLS,NO CONTROLS,CLEAR,"DARKNESS, LIGHTED ROAD",TURNING,NOT DIVIDED,,STRAIGHT AND LEVEL,DRY,NO DEFECTS,ON SCENE,INJURY AND / OR TOW DUE TO CRASH,,,Y,"OVER $1,500",4/3/2022 1:53,"OPERATING VEHICLE IN ERRATIC, RECKLESS, CARELESS, NEGLIGENT OR AGGRESSIVE MANNER",FAILING TO REDUCE SPEED TO AVOID CRASH,7212,S,HALSTED ST,733,,,,,,,3,NO INDICATION OF INJURY,0,0,0,0,0,2,0,1,1,4,41.76295109,-87.64450235,POINT (-87.644502352079 41.762951086709)
5583a80c5e1b7d75c2b8dd5a9ae4aea6c6b725741a50db8b9f802e61535c73a28d2e13db1a2d5b3692d95ae574dc615df6f92b852dbd6bfcdbdc345baef1fc69,JF186494,,3/25/2022 17:43,30,NO CONTROLS,NO CONTROLS,CLEAR,DAYLIGHT,REAR END,ONE-WAY,,STRAIGHT AND LEVEL,DRY,NO DEFECTS,ON SCENE,INJURY AND / OR TOW DUE TO CRASH,,,Y,"OVER $1,500",3/25/2022 17:43,FOLLOWING TOO CLOSELY,UNABLE TO DETERMINE,11911,S,YALE AVE,522,,Y,,,,,2,NONINCAPACITATING INJURY,1,0,0,1,0,3,0,17,6,3,41.67758743,-87.62850458,POINT (-87.62850457472 41.677587426754)
b1eee70dff4c3f65677811e3f6263026caa354e5f3753476ece167e8609802eb8fcdd8e11c4fb5b0f751fa8a3880518dfe7882001858cbe2afaa21c7ff2fb890,JF171185,Y,3/12/2022 7:49,30,NO CONTROLS,NO CONTROLS,CLEAR,DAYLIGHT,TURNING,T-INTERSECTION,,STRAIGHT AND LEVEL,DRY,NO DEFECTS,ON SCENE,NO INJURY / DRIVE AWAY,,,,"$501 - $1,500",3/12/2022 7:49,UNABLE TO DETERMINE,NOT APPLICABLE,311,N,CICERO AVE,1113,,,,,,,2,NO INDICATION OF INJURY,0,0,0,0,0,3,0,7,7,3,41.88575739,-87.74532241,POINT (-87.745322411862 41.885757393363)
495170404ca3449c79bcf0fb34b92835cb16007ba4567fc53228530b6c977fcc456316738ebe87d6472f53f7c809bab32e6a5257b4b23821d2f2f05f3ff63a22,,,4/1/2022 16:18,30,OTHER,NO CONTROLS,CLEAR,DAYLIGHT,REAR END,NOT DIVIDED,,STRAIGHT AND LEVEL,DRY,NO DEFECTS,,NO INJURY / DRIVE AWAY,Y,,,"OVER $1,500",4/1/2022 16:48,UNABLE TO DETERMINE,NOT APPLICABLE,1,W,87TH ST,632,,,,,,,2,NO INDICATION OF INJURY,0,0,0,0,0,2,0,16,6,4,41.73618924,-87.62417653,POINT (-87.624176525958 41.736189235332)
57338389bcde6ed88529f9e13244ec4f2e3115b4e4789dead82cdacfec2800d4ef7543419e94c9b8401fa5636fd9fc5a5b0cd4bce7d65961d9388a142b4b9373,JF186436,,3/25/2022 16:15,30,NO CONTROLS,NO CONTROLS,RAIN,DAYLIGHT,TURNING,NOT DIVIDED,,STRAIGHT AND LEVEL,WET,NO DEFECTS,ON SCENE,INJURY AND / OR TOW DUE TO CRASH,,,,"OVER $1,500",3/25/2022 16:20,FAILING TO YIELD RIGHT-OF-WAY,NOT APPLICABLE,4121,S,ARCHER AVE,921,,,,,,,2,NO INDICATION OF INJURY,0,0,0,0,0,3,0,16,6,3,41.81854154,-87.69675439,POINT (-87.696754384586 41.818541535945)
b2cf2c4e1f5ced0facc9ff51d6cac652e6990a71e39224885b62086f1eecdc6cdcd097d3e01b6eedbd3dfb32d032cf4d864273fdf2315df1af891b3012a1ce6a,JF171457,,3/12/2022 7:53,30,NO CONTROLS,NO CONTROLS,CLEAR,DAYLIGHT,SIDESWIPE SAME DIRECTION,NOT DIVIDED,,STRAIGHT AND LEVEL,DRY,UNKNOWN,NOT ON SCENE (DESK REPORT),NO INJURY / DRIVE AWAY,,,Y,"$501 - $1,500",3/12/2022 13:15,IMPROPER OVERTAKING/PASSING,UNABLE TO DETERMINE,1914,E,95TH ST,413,,,,,,,2,NO INDICATION OF INJURY,0,0,0,0,0,2,0,7,7,3,41.72255531,-87.57721793,POINT (-87.577217931784 41.722555306243)
4344d88ff59fd21b08a117882514e61c423fdf48dd8b4f976b7e8180c2e85502f36f589197a837a5c04ceef421bd62ce12d55d5563b49cc58aec72e532001849,JF164313,,3/5/2022 8:30,35,TRAFFIC SIGNAL,FUNCTIONING PROPERLY,CLEAR,DAYLIGHT,REAR END,DIVIDED - W/MEDIAN (NOT RAISED),,STRAIGHT AND LEVEL,DRY,NO DEFECTS,NOT ON SCENE (DESK REPORT),NO INJURY / DRIVE AWAY,,,Y,"OVER $1,500",3/5/2022 15:30,FOLLOWING TOO CLOSELY,FAILING TO REDUCE SPEED TO AVOID CRASH,4801,W,PETERSON AVE,1621,,,,,,,2,NO INDICATION OF INJURY,0,0,0,0,0,2,0,8,7,3,41.98978849,-87.74837384,POINT (-87.748373844489 41.989788488824)
441b64ad686c679bc2b2ee2ab2db032ba17f95e6db974a0d43643df3a806f491f7e896fe7c5e6c25a9a4645aa9e790d474b0266e3f8676e4bb781ff0c22a3ee2,JF164563,Y,3/5/2022 19:23,35,NO CONTROLS,NO CONTROLS,CLEAR,DARKNESS,FIXED OBJECT,DIVIDED - W/MEDIAN BARRIER,,STRAIGHT AND LEVEL,UNKNOWN,UNKNOWN,ON SCENE,INJURY AND / OR TOW DUE TO CRASH,,,,"$501 - $1,500",3/5/2022 19:59,NOT APPLICABLE,NOT APPLICABLE,9557,S,STONY ISLAND AVE,431,,,,,,,1,NONINCAPACITATING INJURY,1,0,0,1,0,0,0,19,7,3,41.72042114,-87.58480739,POINT (-87.584807393677 41.720421144017)
44d233ea63ccb96f6e0a8ce9d1b446a66b4877f023d33b611b4c289705b431b95dde6bb4343ec034b8117878d9b1aaea9ce4f346ea915c86e76192e68a9a8959,JF164484,,3/5/2022 17:35,30,NO CONTROLS,NO CONTROLS,CLEAR,DAYLIGHT,REAR TO FRONT,DIVIDED - W/MEDIAN (NOT RAISED),,STRAIGHT AND LEVEL,DRY,NO DEFECTS,NOT ON SCENE (DESK REPORT),NO INJURY / DRIVE AWAY,,,,"OVER $1,500",3/5/2022 18:30,IMPROPER BACKING,UNABLE TO DETERMINE,1452,N,HONORE ST,1424,,,,,,,2,NO INDICATION OF INJURY,0,0,0,0,0,2,0,17,7,3,41.90900092,-87.67542139,POINT (-87.675421393192 41.909000922132)