CRASH_RECORD_ID,RD_NO,CRASH_DATE_EST_I,CRASH_DATE,POSTED_SPEED_LIMIT,TRAFFIC_CONTROL_DEVICE,DEVICE_CONDITION,WEATHER_CONDITION,LIGHTING_CONDITION,FIRST_CRASH_TYPE,TRAFFICWAY_TYPE,LANE_CNT,ALIGNMENT,ROADWAY_SURFACE_COND,ROAD_DEFECT,REPORT_TYPE,CRASH_TYPE,INTERSECTION_RELATED_I,NOT_RIGHT_OF_WAY_I,HIT_AND_RUN_I,DAMAGE,DATE_POLICE_NOTIFIED,PRIM_CONTRIBUTORY_CAUSE,SEC_CONTRIBUTORY_CAUSE,STREET_NO,STREET_DIRECTION,STREET_NAME,BEAT_OF_OCCURRENCE,PHOTOS_TAKEN_I,STATEMENTS_TAKEN_I,DOORING_I,WORK_ZONE_I,WORK_ZONE_TYPE,WORKERS_PRESENT_I,NUM_UNITS,MOST_SEVERE_INJURY,INJURIES_TOTAL,INJURIES_FATAL,INJURIES_INCAPACITATING,INJURIES_NON_INCAPACITATING,INJURIES_REPORTED_NOT_EVIDENT,INJURIES_NO_INDICATION,INJURIES_UNKNOWN,CRASH_HOUR,CRASH_DAY_OF_WEEK,CRASH_MONTH,LATITUDE,LONGITUDE,LOCATION
49b614a386004bcdbb9f8cb8a51b5e3adecd4126f30e7148d5f0a71a78ce88c2e3064408f30196f07341bdab754bf9e42f41efc7511ec36fe68c14d0f9c71a6c,JF179186,,3/19/2022 2:00,20,NO CONTROLS,NO CONTROLS,UNKNOWN,DARKNESS,PARKED MOTOR VEHICLE,PARKING LOT,,STRAIGHT AND LEVEL,UNKNOWN,UNKNOWN,NOT ON SCENE (DESK REPORT),NO INJURY / DRIVE AWAY,,,Y,"OVER $1,500",3/19/2022 10:40,IMPROPER BACKING,IMPROPER BACKING,7124,N,CLARK ST,2424,,,,,,,2,NO INDICATION OF INJURY,0,0,0,0,0,1,0,2,7,3,42.01219415,-87.67471606,POINT (-87.67471606126 42.012194145952)
433dbb7b4e26d8e8bf8baeb15cf403802497fc57f53f6d286f559debef818d70b19fac645023e0714577843094e82b9b97d148a924b29e610d055fd2158a7a91,JC517890,,11/20/2019 15:45,30,TRAFFIC SIGNAL,FUNCTIONING PROPERLY,CLEAR,DAYLIGHT,REAR END,NOT DIVIDED,,STRAIGHT AND LEVEL,DRY,NO DEFECTS,,NO INJURY / DRIVE AWAY,,,Y,"OVER $1,500",11/20/2019 16:13,UNABLE TO DETERMINE,UNABLE TO DETERMINE,499,S,KEELER AVE,1132,,,,,,,3,NO INDICATION OF INJURY,0,0,0,0,0,3,0,15,4,11,41.87434793,-87.73020077,POINT (-87.730200769259 41.874347932543)
49b6de2bf340d84d1af9aeb441aafa1fb00c1e416c859390f4c1cafd1913f17b192e5bd6b214dfa1e3c1fdc8e776c2a03bd024d7311fa2cb79eb8a6fcb54813e,JE336570,,8/13/2021 21:10,30,NO CONTROLS,NO CONTROLS,CLEAR,"DARKNESS, LIGHTED ROAD",TURNING,DIVIDED - W/MEDIAN (NOT RAISED),,STRAIGHT AND LEVEL,DRY,NO DEFECTS,,INJURY AND / OR TOW DUE TO CRASH,Y,,,"OVER $1,500",8/13/2021 21:17,UNABLE TO DETERMINE,UNABLE TO DETERMINE,2527,W,47TH ST,922,,,,,,,2,NONINCAPACITATING INJURY,1,0,0,1,0,2,0,21,6,8,41.80827212,-87.68803747,POINT (-87.688037469404 41.808272117914)
b331787af438d2ef5ffe30abfe667b383a29c19591718880d6d23132ca18db62e2ea06b0535952742fe5a1005b8594d6f30726d7a2939e0af111a42d5e72a303,JF171190,,3/12/2022 5:03,0,NO CONTROLS,OTHER,CLEAR,UNKNOWN,OTHER OBJECT,OTHER,,STRAIGHT AND LEVEL,OTHER,OTHER,ON SCENE,NO INJURY / DRIVE AWAY,,Y,,"$501 - $1,500",3/12/2022 6:50,UNABLE TO DETERMINE,UNABLE TO DETERMINE,1768,W,ARMITAGE AVE,1432,,,,,,,2,NO INDICATION OF INJURY,0,0,0,0,0,3,0,5,7,3,41.91796074,-87.67270437,POINT (-87.672704369807 41.917960741746)
b4234de94f398eae527de9ac344390c57558fe9d5ccb72738cbd50125dc9a1ded5df23a2d8580c66e18996acc86501aad7738a5696671f2d6daa3c50c9363dfa,JF171569,,3/12/2022 14:10,25,NO CONTROLS,NO CONTROLS,CLEAR,DAYLIGHT,REAR TO SIDE,PARKING LOT,,STRAIGHT AND LEVEL,DRY,NO DEFECTS,NOT ON SCENE (DESK REPORT),NO INJURY / DRIVE AWAY,,,,"OVER $1,500",3/12/2022 14:50,DRIVING SKILLS/KNOWLEDGE/EXPERIENCE,NOT APPLICABLE,5201,S,PULASKI RD,822,,,,,,,2,NO INDICATION OF INJURY,0,0,0,0,0,2,0,14,7,3,41.79850995,-87.72316542,POINT (-87.723165423106 41.798509947768)
598822865f50f63baa254c304f93ae57a4ee7f52bce9a38d2bd0a24255ea0d7034d1f6b8f31ac02df7a054068575cd8f2983072241f8ba68e4bcd8cd4ef52c19,JF187394,,3/25/2022 20:00,30,NO CONTROLS,NO CONTROLS,SNOW,DARKNESS,FIXED OBJECT,DIVIDED - W/MEDIAN (NOT RAISED),,STRAIGHT AND LEVEL,WET,OTHER,NOT ON SCENE (DESK REPORT),NO INJURY / DRIVE AWAY,,,,"$501 - $1,500",3/26/2022 15:30,UNABLE TO DETERMINE,UNABLE TO DETERMINE,766,W,CHICAGO AVE,1213,,,,,,,1,NO INDICATION OF INJURY,0,0,0,0,0,1,0,20,6,3,41.89650565,-87.64765458,POINT (-87.647654579153 41.896505646882)
59cc1d946dedcd6072550d5f0901bdc3e7031e0651145c1ff128b8930bfd4d18502a4229db9b282adf20ffea1f6fe905fe3eb36a19629d35cf261de24c4f29e4,JF186324,,3/25/2022 15:05,30,NO CONTROLS,NO CONTROLS,CLEAR,DAYLIGHT,PARKED MOTOR VEHICLE,NOT DIVIDED,,STRAIGHT AND LEVEL,DRY,NO DEFECTS,ON SCENE,NO INJURY / DRIVE AWAY,,,,$500 OR LESS,3/25/2022 15:07,UNABLE TO DETERMINE,UNABLE TO DETERMINE,123,N,CENTRAL AVE,1523,,,,,,,2,NO INDICATION OF INJURY,0,0,0,0,0,1,0,15,6,3,41.8829625,-87.76480546,POINT (-87.764805456469 41.882962498718)
4ce4b2ea4be7dfb46b475702a8e82d496721cc9d303cd378759acf3301b046805ad073ee1ad311117062e46ffb6dfcaae0d6e5793c33324f8eb22aa2a416caf3,JF179309,Y,3/19/2022 9:00,5,NO CONTROLS,NO CONTROLS,RAIN,DAYLIGHT,PARKED MOTOR VEHICLE,PARKING LOT,,STRAIGHT AND LEVEL,WET,NO DEFECTS,ON SCENE,NO INJURY / DRIVE AWAY,,,Y,$500 OR LESS,3/19/2022 12:36,UNABLE TO DETERMINE,UNABLE TO DETERMINE,5461,N,EAST RIVER RD,1614,,,,,,,2,NO INDICATION OF INJURY,0,0,0,0,0,1,0,9,7,3,41.97900968,-87.84630142,POINT (-87.846301419068 41.979009679704)
5ab76e17d6fcce5198dd304a16a3a40f6d89d74188d29df5632e7e4d3b206695fd20570a563d50a3d1e25580e0d0794fa74af5ae82f1d15bca6d0338005fc6a1,JF186274,,3/25/2022 13:30,30,TRAFFIC SIGNAL,FUNCTIONING PROPERLY,CLEAR,DAYLIGHT,TURNING,DIVIDED - W/MEDIAN (NOT RAISED),,STRAIGHT AND LEVEL,DRY,NO DEFECTS,NOT ON SCENE (DESK REPORT),NO INJURY / DRIVE AWAY,Y,,,"OVER $1,500",3/25/2022 14:30,UNABLE TO DETERMINE,UNABLE TO DETERMINE,4800,W,MADISON ST,1533,,,,,,,2,NO INDICATION OF INJURY,0,0,0,0,0,2,0,13,6,3,41.88060622,-87.74540229,POINT (-87.745402285926 41.880606224313)
b5fdc61ffc637b2a22654b447ff1a96c34d0926f8326cd4b73ba56be51198a2ba978d2883a2b62702f1a8bddc41a9242043777cfe1c1503c7fe64c56b9abfebb,JF171691,,3/12/2022 15:50,30,STOP SIGN/FLASHER,NO CONTROLS,CLEAR,DAYLIGHT,ANGLE,NOT DIVIDED,,STRAIGHT AND LEVEL,DRY,NO DEFECTS,ON SCENE,INJURY AND / OR TOW DUE TO CRASH,Y,,,"OVER $1,500",3/12/2022 16:25,UNABLE TO DETERMINE,UNABLE TO DETERMINE,2339,N,HARLEM AVE,2512,,,,,,,2,NO INDICATION OF INJURY,0,0,0,0,0,4,0,15,7,3,41.92223478,-87.80605183,POINT (-87.806051833107 41.922234777404)
b612459ca7f1a6413e64fe975bb846521193c6ee25bbce5a0ef60b9730665ed3bdddc7d18b1ea12a7a960a65bbd666ae63d24a53b1e653b27e9d36555f7401c6,JF171387,,3/12/2022 10:00,30,STOP SIGN/FLASHER,FUNCTIONING PROPERLY,CLEAR,DAYLIGHT,PARKED MOTOR VEHICLE,NOT DIVIDED,,STRAIGHT AND LEVEL,DRY,NO DEFECTS,NOT ON SCENE (DESK REPORT),NO INJURY / DRIVE AWAY,,,,"$501 - $1,500",3/12/2022 12:00,IMPROPER LANE USAGE,IMPROPER LANE USAGE,2158,W,HARRISON ST,1225,,,,,,,2,NO INDICATION OF INJURY,0,0,0,0,0,1,0,10,7,3,41.87407706,-87.68122558,POINT (-87.681225577178 41.874077054773)
013d929e50fba4d20afe5583c2e8d5af1c68140a0bf2e82f4d8c40715194a96d588a397737fa331060c43c77671e9ed5835ee5f7a6a10446298ec73e35d0b1d6,JF156528,,2/26/2022 8:43,30,STOP SIGN/FLASHER,FUNCTIONING PROPERLY,CLEAR,DAYLIGHT,FIXED OBJECT,NOT DIVIDED,,STRAIGHT AND LEVEL,DRY,NO DEFECTS,ON SCENE,INJURY AND / OR TOW DUE TO CRASH,,Y,,"OVER $1,500",2/26/2022 8:43,PHYSICAL CONDITION OF DRIVER,DISREGARDING STOP SIGN,1507,E,67TH ST,332,Y,,,,,,2,INCAPACITATING INJURY,2,0,1,1,0,0,0,8,7,2,41.77320278,-87.58841091,POINT (-87.588410911975 41.773202779502)
112cc24a76424714bdb309f752953790836879ae27ad0be3aee398a0ae1f8860c01d1d1d7f5c9f261eca964440dddde8bdac5e6c19d71257838c9a967e70ada2,JE415879,N,10/20/2021 6:46,30,STOP SIGN/FLASHER,FUNCTIONING PROPERLY,CLEAR,DAYLIGHT,PEDALCYCLIST,ONE-WAY,,STRAIGHT AND LEVEL,DRY,NO DEFECTS,,NO INJURY / DRIVE AWAY,,,,"$501 - $1,500",10/20/2021 6:46,UNABLE TO DETERMINE,UNABLE TO DETERMINE,5308,W,GRAND AVE,2515,,,,,,,2,NO INDICATION OF INJURY,0,0,0,0,0,2,0,6,4,10,41.91759375,-87.75887746,POINT (-87.758877455337 41.917593752451)
4866523a92b03885c33bf6b7f0a5c537b0322ed9b07d8afb222fe85148baa975e20c30882b955be6f3b164b2b3fe7711cfa43f4dff9c29555fed6edde37d9df8,JE317900,,7/27/2021 15:30,35,TRAFFIC SIGNAL,FUNCTIONING PROPERLY,CLEAR,DAYLIGHT,ANGLE,NOT DIVIDED,,STRAIGHT AND LEVEL,DRY,NO DEFECTS,,INJURY AND / OR TOW DUE TO CRASH,Y,,Y,"OVER $1,500",7/28/2021 22:15,DISREGARDING TRAFFIC SIGNALS,DISREGARDING TRAFFIC SIGNALS,3100,S,DR MARTIN LUTHER KING JR DR,211,,,,,,,2,NONINCAPACITATING INJURY,1,0,0,1,0,2,0,15,3,7,41.83832694,-87.61761266,POINT (-87.617612661462 41.838326941218)
488e099fc5870ef7906ebf2eeebec0fb8f345c457ef843f11ca7d47d51e5a4da1a79ccc7683c094420a469c32ce470e6d195536217f838c2d32a3425a0348e01,JD112057,Y,1/11/2020 23:00,30,NO CONTROLS,NO CONTROLS,CLEAR,"DARKNESS, LIGHTED ROAD",PARKED MOTOR VEHICLE,ONE-WAY,,STRAIGHT AND LEVEL,DRY,NO DEFECTS,,NO INJURY / DRIVE AWAY,,,Y,"OVER $1,500",1/12/2020 11:00,UNABLE TO DETERMINE,UNABLE TO DETERMINE,1105,N,LECLAIRE AVE,1531,,,,,,,2,NO INDICATION OF INJURY,0,0,0,0,0,1,0,23,7,1,41.90064999,-87.75314006,POINT (-87.75314005799 41.900649984735)
cee42b9427bc7493e295e1a179b94c686b02520822e8a0a98d559a9ac4355f23e6f5803d441ef734742dd0368f0228b348d7ebe113267f1bed0036285f9054bc,JC559392,,12/24/2019 22:25,30,TRAFFIC SIGNAL,FUNCTIONING PROPERLY,CLEAR,"DARKNESS, LIGHTED ROAD",REAR END,DIVIDED - W/MEDIAN BARRIER,,STRAIGHT AND LEVEL,DRY,NO DEFECTS,,NO INJURY / DRIVE AWAY,,,N,"OVER $1,500",12/24/2019 22:30,UNABLE TO DETERMINE,FOLLOWING TOO CLOSELY,630,N,LA SALLE DR,1832,,,,,,,2,NO INDICATION OF INJURY,0,0,0,0,0,4,0,22,3,12,41.89324477,-87.6327867,POINT (-87.632786703841 41.893244773868)
01624e14b60c5e717af394efe6af5168ea5f5652f6ee7c0fcfbdb15af8d2cdb3fddd603bae70f32b7c831c6ee229a9af2be4c08d295651b02a4398b6e5c90b97,JF156660,,2/26/2022 11:38,30,TRAFFIC SIGNAL,FUNCTIONING PROPERLY,CLEAR,DAYLIGHT,REAR END,FOUR WAY,,STRAIGHT AND LEVEL,DRY,NO DEFECTS,ON SCENE,NO INJURY / DRIVE AWAY,,,,$500 OR LESS,2/26/2022 11:38,UNDER THE INFLUENCE OF ALCOHOL/DRUGS (USE WHEN ARREST IS EFFECTED),NOT APPLICABLE,769,N,CENTRAL AVE,1524,,,,,,,2,NO INDICATION OF INJURY,0,0,0,0,0,2,0,11,7,2,41.89475998,-87.76524493,POINT (-87.765244926534 41.894759975417)
514be389a3294bd495a1666e9b730b005c4044b70fcd8ae1df1469cbb51ea7687e8d93fdef9baf31df168fc991e5bcfe68439e80d7e4b2e5da853a17197c1ffb,JF180307,,3/19/2022 21:10,30,NO CONTROLS,NO CONTROLS,CLEAR,"DARKNESS, LIGHTED ROAD",PARKED MOTOR VEHICLE,ONE-WAY,,STRAIGHT AND LEVEL,DRY,NO DEFECTS,NOT ON SCENE (DESK REPORT),NO INJURY / DRIVE AWAY,,,Y,$500 OR LESS,3/20/2022 12:00,NOT APPLICABLE,NOT APPLICABLE,2436,W,ROSEMONT AVE,2413,,,,,,,2,NO INDICATION OF INJURY,0,0,0,0,0,1,0,21,7,3,41.99599865,-87.69133373,POINT (-87.691333729795 41.995998649411)
b712e993a2c766627ca2bb58326c220af3bc68aadae8f9e5ed9d9d5e5befd7c607fb60138926c691306f36e526900047f053a3bc04f2c99fa4ccfef2c194f8d8,JF171403,,3/12/2022 11:30,30,NO CONTROLS,NO CONTROLS,CLEAR,DAYLIGHT,SIDESWIPE SAME DIRECTION,ONE-WAY,,STRAIGHT AND LEVEL,DRY,NO DEFECTS,NOT ON SCENE (DESK REPORT),INJURY AND / OR TOW DUE TO CRASH,,,,"OVER $1,500",3/12/2022 12:20,UNABLE TO DETERMINE,UNABLE TO DETERMINE,1329,S,SPAULDING AVE,1022,,,,,,,2,NO INDICATION OF INJURY,0,0,0,0,0,2,0,11,7,3,41.86362122,-87.70787726,POINT (-87.707877262448 41.863621218672)
5c360b78bce1cf0f94e094a51c5d5207f1f0fae3dfefe228e350191456803a2c596c688ceddff46c68bd3c7888f6dd8d6295ebee570386e05df120fe15c5f197,JF186690,,3/25/2022 18:00,35,NO CONTROLS,NO CONTROLS,CLEAR,DAYLIGHT,PARKED MOTOR VEHICLE,NOT DIVIDED,,STRAIGHT AND LEVEL,DRY,NO DEFECTS,NOT ON SCENE (DESK REPORT),NO INJURY / DRIVE AWAY,,,Y,"OVER $1,500",3/25/2022 20:30,UNABLE TO DETERMINE,NOT APPLICABLE,5316,N,MILWAUKEE AVE,1622,,,,,,,2,NO INDICATION OF INJURY,0,0,0,0,0,1,0,18,6,3,41.97693689,-87.76907431,POINT (-87.76907431197 41.976936887697)
12e5edc309edb0efe809b31a0d7401076748a36f25c03338c77e1ac13c49a9639a17a5b695024da4c299f65dfe0f424538fa7e1979da7a9904c3bcc1d62b0aff,JF150216,,2/19/2022 17:15,40,UNKNOWN,UNKNOWN,UNKNOWN,DUSK,OTHER NONCOLLISION,OTHER,,STRAIGHT AND LEVEL,UNKNOWN,UNKNOWN,NOT ON SCENE (DESK REPORT),NO INJURY / DRIVE AWAY,,,,"OVER $1,500",2/20/2022 8:35,UNABLE TO DETERMINE,UNABLE TO DETERMINE,2400,N,LAKE SHORE DR NB,1935,,,,,,,1,NO INDICATION OF INJURY,0,0,0,0,0,1,0,17,7,2,41.92616072,-87.63151467,POINT (-87.631514664826 41.926160719812)
12edf87d2fe9e5253fe2d7d39f361eab5744fa5cb8eb4a281698eb614701b01de9c75ef1ba5b94b294cd259332dfd8bc76335e563d76a0ffc880a62c5629c94f,JF149781,,2/19/2022 16:30,30,NO CONTROLS,NO CONTROLS,CLEAR,DAYLIGHT,REAR END,NOT DIVIDED,,STRAIGHT AND LEVEL,DRY,NO DEFECTS,NOT ON SCENE (DESK REPORT),NO INJURY / DRIVE AWAY,,,,$500 OR LESS,2/19/2022 17:51,NOT APPLICABLE,NOT APPLICABLE,8300,S,WESTERN AVE,835,,,,,,,3,NO INDICATION OF INJURY,0,0,0,0,0,2,0,16,7,2,41.74272797,-87.68282479,POINT (-87.68282479295 41.742727965581)
5c4489eb641f67074e7c4fc38d1f967103971ec84161334ffc9e7348a372f1078f257b5f8897af1f7c5b92b8577106a56b7ae7f267fb4d6a3347afcc5aae168a,JF189134,,3/25/2022 16:30,30,STOP SIGN/FLASHER,FUNCTIONING PROPERLY,CLEAR,DAYLIGHT,TURNING,NOT DIVIDED,,STRAIGHT AND LEVEL,DRY,NO DEFECTS,NOT ON SCENE (DESK REPORT),NO INJURY / DRIVE AWAY,,,,"OVER $1,500",3/28/2022 11:40,UNABLE TO DETERMINE,UNABLE TO DETERMINE,7050,N,SHERIDAN RD,2423,,,,,,,2,NO INDICATION OF INJURY,0,0,0,0,0,2,0,16,6,3,42.010608,-87.66270556,POINT (-87.662705561112 42.010608002484)
b804f9299eb8526ee1ca9ffe26ee33b340e9f0a3944dbd4c52a59545299577d59060a2329bb199fbde4feb07625f9275d72fc8bd2c0a3ef6731ec3e8e32264ab,JF171706,,3/12/2022 16:10,30,NO CONTROLS,NO CONTROLS,CLEAR,DAYLIGHT,TURNING,FOUR WAY,,STRAIGHT AND LEVEL,DRY,NO DEFECTS,ON SCENE,INJURY AND / OR TOW DUE TO CRASH,Y,,,"OVER $1,500",3/12/2022 16:30,DRIVING SKILLS/KNOWLEDGE/EXPERIENCE,NOT APPLICABLE,4530,N,CENTRAL AVE,1622,,,,,,,2,NONINCAPACITATING INJURY,1,0,0,1,0,3,0,16,7,3,41.9633148,-87.76748156,POINT (-87.767481563749 41.9633147995)
498f32cd80e9bc196b79647f8a3aea9079c7edca965a8a128d76577f7e8c2b66e989342ff8aeff51c9dd8e2ae61ad6a6fee993ad4ee6f0daa3dd65daee0a9177,JE239176,,5/22/2021 18:30,30,STOP SIGN/FLASHER,FUNCTIONING PROPERLY,CLEAR,DAYLIGHT,REAR END,DIVIDED - W/MEDIAN (NOT RAISED),,STRAIGHT AND LEVEL,DRY,NO DEFECTS,,INJURY AND / OR TOW DUE TO CRASH,,,,"OVER $1,500",5/22/2021 18:34,UNABLE TO DETERMINE,NOT APPLICABLE,3949,W,COLUMBUS AVE,834,,,,,,,3,NO INDICATION OF INJURY,0,0,0,0,0,3,0,18,7,5,41.73638928,-87.7202658,POINT (-87.720265804065 41.736389281353)
51e84dc09d0cacdc271d4dc37f02748880bd365488f2754b985866e2a7e4fc4829b6caa788005f094f37094a116a7b507687df81100c4239d71c11270fff3dad,JE107347,,1/8/2021 19:33,30,TRAFFIC SIGNAL,FUNCTIONING PROPERLY,CLEAR,"DARKNESS, LIGHTED ROAD",REAR END,DIVIDED - W/MEDIAN (NOT RAISED),,STRAIGHT AND LEVEL,DRY,UNKNOWN,,INJURY AND / OR TOW DUE TO CRASH,Y,,Y,"$501 - $1,500",1/8/2021 19:33,UNABLE TO DETERMINE,NOT APPLICABLE,3965,W,IRVING PARK RD,1732,,,,,,,2,NONINCAPACITATING INJURY,1,0,0,1,0,2,0,19,6,1,41.95353894,-87.72755316,POINT (-87.727553160825 41.953538937105)
b7f02b1c64988d10113603b385c02fe1d35862419e3fbafa75d173dae249ee1449b6e8c3acbec1c6c676c2cd8f740d05a21f524ac1912bbbc79ec997be7db832,JD452476,,12/7/2020 17:40,35,NO CONTROLS,NO CONTROLS,CLEAR,DARKNESS,REAR END,DIVIDED - W/MEDIAN (NOT RAISED),,STRAIGHT AND LEVEL,DRY,NO DEFECTS,,INJURY AND / OR TOW DUE TO CRASH,,,,"OVER $1,500",12/7/2020 17:43,FAILING TO REDUCE SPEED TO AVOID CRASH,FOLLOWING TOO CLOSELY,13000,S,EBERHART AVE,533,,,,,,,2,NONINCAPACITATING INJURY,3,0,0,3,0,1,0,17,2,12,41.65904408,-87.6107931,POINT (-87.610793096398 41.659044079517)
037fab8c606d8f52506c61dda5925c43657090e7b604773f534d3b65f4ce42d88cd03c1158eaef9a6cdfc93e9c6681403059ca98ae93ad269bbae1257dbc27d7,JF156517,,2/26/2022 9:05,15,STOP SIGN/FLASHER,FUNCTIONING PROPERLY,CLEAR,DAYLIGHT,TURNING,NOT DIVIDED,,STRAIGHT AND LEVEL,ICE,NO DEFECTS,ON SCENE,NO INJURY / DRIVE AWAY,Y,,Y,"$501 - $1,500",2/26/2022 9:18,FOLLOWING TOO CLOSELY,FOLLOWING TOO CLOSELY,1858,N,MULLIGAN AVE,2513,,,,,,,2,NO INDICATION OF INJURY,0,0,0,0,0,3,0,9,7,2,41.91452841,-87.78365884,POINT (-87.783658843792 41.914528408359)
03a324ab1b87641cd9be57331d8b7b41db5dd90cd2399ba245e7ac02e6332a8e2b70e3ff96d98265c44b1a848b7333820c5b40142bd1386b6998f0ff4f48ac56,JF156771,,2/26/2022 13:52,30,NO CONTROLS,NO CONTROLS,CLEAR,DAYLIGHT,REAR END,NOT DIVIDED,,STRAIGHT AND LEVEL,DRY,NO DEFECTS,ON SCENE,NO INJURY / DRIVE AWAY,,,Y,"OVER $1,500",2/26/2022 14:00,UNABLE TO DETERMINE,UNABLE TO DETERMINE,4424,W,ARMITAGE AVE,2522,,,,,,,2,NO INDICATION OF INJURY,0,0,0,0,0,2,0,13,7,2,41.91714147,-87.73749525,POINT (-87.737495253955 41.917141469436)
4a0ce0ba96cfaae8a040ca2a33cd3588cc83b103606796ab5196ba33e4603e38d98bdb696d422a1e12c262d8c218fe3e916dd172e6ddd32fe7a4d1b9b16e59a1,JF164529,,3/5/2022 19:07,35,NO CONTROLS,NO CONTROLS,CLEAR,DARKNESS,PARKED MOTOR VEHICLE,DIVIDED - W/MEDIAN (NOT RAISED),,STRAIGHT AND LEVEL,DRY,NO DEFECTS,ON SCENE,INJURY AND / OR TOW DUE TO CRASH,,,,"OVER $1,500",3/5/2022 19:07,DRIVING SKILLS/KNOWLEDGE/EXPERIENCE,DISTRACTION - FROM OUTSIDE VEHICLE,4251,W,NORTH AVE,2534,,,,,,,2,NONINCAPACITATING INJURY,3,0,0,3,0,1,0,19,7,3,41.9096831,-87.73335457,POINT (-87.733354568407 41.909683098038)
0421e58b331e4170bb53ba66bca5ab408ebd2a10966d1ab7ab05bd8f4a4f0850c58ea3f29875d3be9636519824ab7ddf37f02bfa424f757d060751b45fbe0b89,JF133913,,2/4/2022 15:50,30,NO CONTROLS,NO CONTROLS,CLEAR,DAYLIGHT,REAR END,NOT DIVIDED,,STRAIGHT AND LEVEL,SNOW OR SLUSH,NO DEFECTS,,NO INJURY / DRIVE AWAY,,,,$500 OR LESS,2/4/2022 17:00,UNABLE TO DETERMINE,NOT APPLICABLE,1001,W,ARMITAGE AVE,1811,,,,,,,2,NO INDICATION OF INJURY,0,0,0,0,0,3,0,15,6,2,41.9179944,-87.65341562,POINT (-87.65341562435 41.917994399933)
5d10f09b9a337f84a0e0c3493ff046abb3ae3273d6e04575136f0a552fffa2e88437b082372e7835748c0fcb6cf1532ea105cfa47d27f665e8273e74b7fc82e8,JF186086,,3/25/2022 10:15,30,NO CONTROLS,NO CONTROLS,CLEAR,DAYLIGHT,SIDESWIPE SAME DIRECTION,NOT DIVIDED,,STRAIGHT AND LEVEL,DRY,NO DEFECTS,NOT ON SCENE (DESK REPORT),NO INJURY / DRIVE AWAY,,,Y,"$501 - $1,500",3/25/2022 11:45,UNABLE TO DETERMINE,UNABLE TO DETERMINE,7838,S,COTTAGE GROVE AVE,624,,,,,,,2,NO INDICATION OF INJURY,0,0,0,0,0,2,0,10,6,3,41.7519405,-87.60536808,POINT (-87.605368081793 41.751940503348)
5d154b7c99b96d46566e221190ef79a85275b2943cbfa77ec01eddcbd415a663ff22af83bad718fc49ee4e402a256227a5f4a76c506af48592dc7b721dd4b48f,JF185837,,3/25/2022 8:35,30,NO CONTROLS,NO CONTROLS,RAIN,DAYLIGHT,REAR END,NOT DIVIDED,,STRAIGHT AND LEVEL,WET,UNKNOWN,ON SCENE,NO INJURY / DRIVE AWAY,,,,$500 OR LESS,3/25/2022 8:38,UNABLE TO DETERMINE,NOT APPLICABLE,331,E,73RD ST,323,,,,,,,2,NO INDICATION OF INJURY,0,0,0,0,0,3,0,8,6,3,41.76191505,-87.61703403,POINT (-87.617034024808 41.7619150464)
147d4280064aa6668e7913b8aec81bed2db401ec004f684208f24d6da8b72c56e39e08fda83c2258baeed5d214b6ade5698a5514d9033a3c6de1b6164aa88345,JF149919,,2/19/2022 20:30,30,TRAFFIC SIGNAL,UNKNOWN,CLEAR,DARKNESS,REAR END,NOT DIVIDED,,STRAIGHT AND LEVEL,UNKNOWN,UNKNOWN,ON SCENE,NO INJURY / DRIVE AWAY,,,,"$501 - $1,500",2/19/2022 20:35,FOLLOWING TOO CLOSELY,FOLLOWING TOO CLOSELY,1609,W,BELMONT AVE,1931,,,,,,,2,NO INDICATION OF INJURY,0,0,0,0,0,4,0,20,7,2,41.93958118,-87.66908272,POINT (-87.669082715018 41.93958118144)
14ef6449b2f0cd11e4a82c98b93c4ee28a9efc584d2831a0fd134aaa44fe9fb0d83a6ee2fcf397ecd37995ee0b72d572033fdde6592ea65c1e14c450eabbc23c,JF150006,,2/19/2022 23:25,30,UNKNOWN,UNKNOWN,CLEAR,"DARKNESS, LIGHTED ROAD",PARKED MOTOR VEHICLE,NOT DIVIDED,,"CURVE, LEVEL",DRY,UNKNOWN,,INJURY AND / OR TOW DUE TO CRASH,,,,"OVER $1,500",2/19/2022 23:25,UNABLE TO DETERMINE,NOT APPLICABLE,2358,S,MARSHALL BLVD,1033,,,,,,,5,NO INDICATION OF INJURY,0,0,0,0,0,1,0,23,7,2,41.84826113,-87.69913134,POINT (-87.699131342226 41.848261132802)
525ec61daaedc6862e7ab31c940b6683505bf2bd072c3ed64d0b297d4204bf8e7ab2b21c55f1abf392561ccbe1a35107cd72ef3c75a339fbf7cb47a4ccdd9fec,JF179292,Y,3/19/2022 11:55,20,NO CONTROLS,NO CONTROLS,RAIN,DAYLIGHT,SIDESWIPE SAME DIRECTION,OTHER,,STRAIGHT AND LEVEL,WET,UNKNOWN,ON SCENE,NO INJURY / DRIVE AWAY,,,Y,"$501 - $1,500",3/19/2022 12:11,FOLLOWING TOO CLOSELY,NOT APPLICABLE,4413,W,15TH ST,1012,,,,,,,2,NO INDICATION OF INJURY,0,0,0,0,0,2,0,11,7,3,41.86043948,-87.73539746,POINT (-87.735397463197 41.860439483917)