CRASH_RECORD_ID,RD_NO,CRASH_DATE_EST_I,CRASH_DATE,POSTED_SPEED_LIMIT,TRAFFIC_CONTROL_DEVICE,DEVICE_CONDITION,WEATHER_CONDITION,LIGHTING_CONDITION,FIRST_CRASH_TYPE,TRAFFICWAY_TYPE,LANE_CNT,ALIGNMENT,ROADWAY_SURFACE_COND,ROAD_DEFECT,REPORT_TYPE,CRASH_TYPE,INTERSECTION_RELATED_I,NOT_RIGHT_OF_WAY_I,HIT_AND_RUN_I,DAMAGE,DATE_POLICE_NOTIFIED,PRIM_CONTRIBUTORY_CAUSE,SEC_CONTRIBUTORY_CAUSE,STREET_NO,STREET_DIRECTION,STREET_NAME,BEAT_OF_OCCURRENCE,PHOTOS_TAKEN_I,STATEMENTS_TAKEN_I,DOORING_I,WORK_ZONE_I,WORK_ZONE_TYPE,WORKERS_PRESENT_I,NUM_UNITS,MOST_SEVERE_INJURY,INJURIES_TOTAL,INJURIES_FATAL,INJURIES_INCAPACITATING,INJURIES_NON_INCAPACITATING,INJURIES_REPORTED_NOT_EVIDENT,INJURIES_NO_INDICATION,INJURIES_UNKNOWN,CRASH_HOUR,CRASH_DAY_OF_WEEK,CRASH_MONTH,LATITUDE,LONGITUDE,LOCATION
52a64ae61704501e1bd130f3a1d5614b2e5900df04eea9af96a557d21dc2fbce1d3a2684801362bb923d57a20d32f20628141e1a090024529c08d195bab1f770,JF179509,,3/19/2022 15:45,30,TRAFFIC SIGNAL,FUNCTIONING PROPERLY,RAIN,DAYLIGHT,REAR END,NOT DIVIDED,,STRAIGHT AND LEVEL,WET,OTHER,NOT ON SCENE (DESK REPORT),INJURY AND / OR TOW DUE TO CRASH,,,,"OVER $1,500",3/19/2022 16:00,HAD BEEN DRINKING (USE WHEN ARREST IS NOT MADE),UNABLE TO DETERMINE,15,W,103RD ST,512,,,,,,,3,"REPORTED, NOT EVIDENT",1,0,0,0,1,2,0,15,7,3,41.70704526,-87.62416591,POINT (-87.624165910598 41.707045254805)
1526a4f5934adebc10fbae794520c8d75af5aea8ff4baaf0f40b321e7545eb9e628d509cede8e4307603908283744d0dc00fa2f8bbcdd2548a31da4155262b2e,JF149272,,2/19/2022 4:06,30,OTHER,OTHER,CLEAR,"DARKNESS, LIGHTED ROAD",HEAD ON,NOT DIVIDED,,STRAIGHT AND LEVEL,DRY,NO DEFECTS,ON SCENE,NO INJURY / DRIVE AWAY,,,N,"OVER $1,500",2/19/2022 7:35,DRIVING ON WRONG SIDE/WRONG WAY,NOT APPLICABLE,8159,W,SCHOOL ST,1631,,,,,,,3,NO INDICATION OF INJURY,0,0,0,0,0,3,0,4,7,2,41.93921341,-87.83124233,POINT (-87.831242324901 41.939213412856)
5d6fc3aa095c9461ebc4424e28687d3b845ec6add7168867286fc7c4ba7d9d3d9b18cfa24d6f99cc1595e5543f428b32dcd235b6af8f8d0532d2b25d6d3cc8c5,JF186547,,3/25/2022 18:00,30,TRAFFIC SIGNAL,FUNCTIONING PROPERLY,CLEAR,DAYLIGHT,ANGLE,NOT REPORTED,,STRAIGHT AND LEVEL,DRY,NO DEFECTS,ON SCENE,INJURY AND / OR TOW DUE TO CRASH,Y,,,"$501 - $1,500",3/25/2022 18:00,UNABLE TO DETERMINE,UNABLE TO DETERMINE,2400,N,MENARD AVE,2515,,,,,,,3,"REPORTED, NOT EVIDENT",1,0,0,0,1,1,0,18,6,3,41.92399362,-87.77100396,POINT (-87.771003956729 41.923993616442)
4a873e65e39fef902b5b27f8a9feb8f6a3f965af627a562e7fc94e51ec5a5590f7328fd0f225038be9fa166254274baf8239a003ef9495b73f2801feb4dbe6c5,JF164178,,3/5/2022 13:00,30,OTHER REG. SIGN,FUNCTIONING PROPERLY,CLEAR,DAYLIGHT,SIDESWIPE SAME DIRECTION,DIVIDED - W/MEDIAN (NOT RAISED),,STRAIGHT AND LEVEL,DRY,NO DEFECTS,ON SCENE,NO INJURY / DRIVE AWAY,,,,"OVER $1,500",3/5/2022 13:15,IMPROPER OVERTAKING/PASSING,FAILING TO YIELD RIGHT-OF-WAY,6922,W,GRAND AVE,2512,,,,,,,2,NO INDICATION OF INJURY,0,0,0,0,0,5,0,13,7,3,41.9236807,-87.79867613,POINT (-87.798676128636 41.923680700297)
5e484f907acf3159bb11ddc6796a1b9c44062e0aa91a7b6320e01697b7e0bee08a28ead83439a3072c28d9be36b3cd11642b59fcd4c7126a8390ea7a6e80638f,JF185986,,3/25/2022 8:30,30,NO CONTROLS,NO CONTROLS,CLEAR,DAYLIGHT,TURNING,DIVIDED - W/MEDIAN (NOT RAISED),,STRAIGHT AND LEVEL,DRY,NO DEFECTS,ON SCENE,INJURY AND / OR TOW DUE TO CRASH,,,,"OVER $1,500",3/25/2022 9:57,FAILING TO YIELD RIGHT-OF-WAY,FAILING TO YIELD RIGHT-OF-WAY,2401,W,COLUMBUS AVE,835,,,,,,,3,"REPORTED, NOT EVIDENT",2,0,0,0,2,2,0,8,6,3,41.75897011,-87.68308201,POINT (-87.683082011378 41.758970106603)
5f8ffacd2719c7b740668e0904da3aaa4a14a14a8266d347fdfa18c76d004f1314510ecbd2f613a8738e9d435f64bd05533af96e85f58ded2e433cc50bdb9faf,JF186224,,3/25/2022 4:00,30,NO CONTROLS,NO CONTROLS,CLOUDY/OVERCAST,"DARKNESS, LIGHTED ROAD",PARKED MOTOR VEHICLE,ONE-WAY,,STRAIGHT AND LEVEL,DRY,NO DEFECTS,NOT ON SCENE (DESK REPORT),NO INJURY / DRIVE AWAY,,,Y,"OVER $1,500",3/25/2022 13:40,UNABLE TO DETERMINE,UNABLE TO DETERMINE,9255,S,ELIZABETH ST,2222,,,,,,,2,NO INDICATION OF INJURY,0,0,0,0,0,1,0,4,6,3,41.72518027,-87.65411158,POINT (-87.654111580574 41.725180274291)
06ab924534f9000cf7d2100525128a17d63c63eb290f5aaae13a65a35dee9ab0fc360dddc71a0bd3ebf9097a7c9b6019e2f269a7800ee8bbeae42916213d327d,JF156485,,2/26/2022 8:35,30,NO CONTROLS,NO CONTROLS,CLEAR,DAYLIGHT,HEAD ON,NOT DIVIDED,,STRAIGHT AND LEVEL,SNOW OR SLUSH,NO DEFECTS,ON SCENE,INJURY AND / OR TOW DUE TO CRASH,,,Y,"OVER $1,500",2/26/2022 8:35,IMPROPER LANE USAGE,UNABLE TO DETERMINE,2313,N,HARLEM AVE,2512,,,,,,,3,NO INDICATION OF INJURY,0,0,0,0,0,3,0,8,7,2,41.92150281,-87.80602823,POINT (-87.806028230298 41.921502814314)
06d374a1a0f74ffa5859ddff6ea98a3f1c89a9f9c95ee20dd3f2817e70f75712556bc86c253794feda69cbc9d54761c97d9fa1c82418c742c6e72e3fe163607b,JF157120,,2/26/2022 17:00,30,NO CONTROLS,NO CONTROLS,SNOW,"DARKNESS, LIGHTED ROAD",PARKED MOTOR VEHICLE,ONE-WAY,,STRAIGHT AND LEVEL,SNOW OR SLUSH,NO DEFECTS,ON SCENE,NO INJURY / DRIVE AWAY,,,Y,"OVER $1,500",2/26/2022 20:38,UNABLE TO DETERMINE,UNABLE TO DETERMINE,4909,W,HURON ST,1532,,,,,,,2,NO INDICATION OF INJURY,0,0,0,0,0,1,0,17,7,2,41.89302579,-87.74861779,POINT (-87.74861779365 41.893025792737)
561e8abb1557601201cc33ca8b73d8484de978f6cb4588a2dbce464dc4244fbb33a64b65540e6dc59cf0908b2a9047c71c7684900c54c531c825de7294bd7b0f,JF187430,N,3/19/2022 14:30,15,NO CONTROLS,NO CONTROLS,CLEAR,DAYLIGHT,PARKED MOTOR VEHICLE,PARKING LOT,,STRAIGHT AND LEVEL,DRY,NO DEFECTS,ON SCENE,NO INJURY / DRIVE AWAY,,,Y,"$501 - $1,500",3/26/2022 16:12,UNABLE TO DETERMINE,UNABLE TO DETERMINE,1550,E,79TH ST,411,,,,,,,2,NO INDICATION OF INJURY,0,0,0,0,0,1,0,14,7,3,41.75160323,-87.58656543,POINT (-87.58656542529 41.751603225932)
bac211fb304951e64851134a70da6fa9b34c750cda6b714320e579e60b0cc6fd0b119d61efd716439b6516578e931b3da6987d463d99c40a6abdd72428e27d00,JF183215,,3/12/2022 23:30,30,TRAFFIC SIGNAL,FUNCTIONING PROPERLY,CLEAR,"DARKNESS, LIGHTED ROAD",REAR END,DIVIDED - W/MEDIAN (NOT RAISED),,STRAIGHT AND LEVEL,DRY,NO DEFECTS,NOT ON SCENE (DESK REPORT),NO INJURY / DRIVE AWAY,,,,"OVER $1,500",3/22/2022 21:00,FOLLOWING TOO CLOSELY,UNABLE TO DETERMINE,2302,W,FULLERTON AVE,1432,,,,,,,2,NO INDICATION OF INJURY,0,0,0,0,0,2,0,23,7,3,41.92503906,-87.68538306,POINT (-87.685383064393 41.925039055789)
bac41cd0386f8e50e37a328189bf0057e64f5ac1b7e8bb798b2debbef9dbc7d0e59bd3829a6f76f0dc60453cee9df25507fe60d30ff076e01a8f875f31bbe5c6,JF171763,,3/12/2022 16:33,35,OTHER,FUNCTIONING PROPERLY,CLEAR,DAYLIGHT,PARKED MOTOR VEHICLE,DIVIDED - W/MEDIAN (NOT RAISED),,STRAIGHT AND LEVEL,DRY,NO DEFECTS,NOT ON SCENE (DESK REPORT),NO INJURY / DRIVE AWAY,Y,,,"OVER $1,500",3/12/2022 17:12,IMPROPER LANE USAGE,IMPROPER TURNING/NO SIGNAL,1163,N,DEARBORN ST,1824,,,,,,,2,NO INDICATION OF INJURY,0,0,0,0,0,1,0,16,7,3,41.90369842,-87.62983258,POINT (-87.629832577273 41.903698423703)
5550b60b8dcbbf5ad7bb1e2591887aad0eeef3df91faa5988aee572c0579821eae9fb7ef98be9903285c97dc3582fdc19888852e7458b53492b83cd257c5c7e5,JD181882,,3/11/2020 11:40,30,TRAFFIC SIGNAL,FUNCTIONING PROPERLY,CLEAR,DAYLIGHT,REAR END,NOT DIVIDED,,STRAIGHT AND LEVEL,DRY,NO DEFECTS,,NO INJURY / DRIVE AWAY,,,,"$501 - $1,500",3/11/2020 12:36,UNABLE TO DETERMINE,UNABLE TO DETERMINE,400,N,MICHIGAN AVE,1834,,,,,,,2,NO INDICATION OF INJURY,0,0,0,0,0,2,0,11,4,3,41.88939788,-87.6243904,POINT (-87.624390394571 41.8893978833)
6040909bc80f58117512661eab66782fc2a3a3e40450c418e6f2b050ed7991920eef67470402335faa76b3c0e0804550f69e41c667e517dc1c864694f7c8597a,JE140121,,2/12/2021 17:30,30,NO CONTROLS,NO CONTROLS,CLEAR,"DARKNESS, LIGHTED ROAD",ANGLE,OTHER,,STRAIGHT AND LEVEL,DRY,NO DEFECTS,,NO INJURY / DRIVE AWAY,,,Y,"$501 - $1,500",2/12/2021 18:45,UNABLE TO DETERMINE,NOT APPLICABLE,6718,S,PULASKI RD,833,,,,,,,2,NO INDICATION OF INJURY,0,0,0,0,0,2,0,17,6,2,41.77079668,-87.72270817,POINT (-87.72270816984 41.77079668442)
1816331920bb337ca3045678d6a7e82c33fd0f12be8c1c068ce8c97b0c9e74e50ac5da0e15459cfef2b2126c38ecb78ddb58ed7fb2adc11a4d808eb5f1afcdc4,JF149383,,2/19/2022 8:55,30,NO CONTROLS,NO CONTROLS,CLEAR,DAYLIGHT,REAR END,NOT DIVIDED,,STRAIGHT AND LEVEL,UNKNOWN,UNKNOWN,NOT ON SCENE (DESK REPORT),NO INJURY / DRIVE AWAY,,,,$500 OR LESS,2/19/2022 10:58,UNABLE TO DETERMINE,UNABLE TO DETERMINE,7015,N,WESTERN AVE,2411,,,,,,,2,NO INDICATION OF INJURY,0,0,0,0,0,2,0,8,7,2,42.00910382,-87.69002531,POINT (-87.6900253078 42.009103815447)
56f62aabd61d82fe1960fc8f279be93f5fc359e37c19c29d5092f12e8ebe63c984ac46b493c56d0bac41594311e504df5efcff8562afcb53cf12156ac66b4a30,JF179883,,3/19/2022 23:20,30,NO CONTROLS,NO CONTROLS,CLEAR,"DARKNESS, LIGHTED ROAD",TURNING,NOT DIVIDED,,STRAIGHT AND LEVEL,WET,NO DEFECTS,ON SCENE,INJURY AND / OR TOW DUE TO CRASH,,,,"OVER $1,500",3/19/2022 23:30,FAILING TO REDUCE SPEED TO AVOID CRASH,UNABLE TO DETERMINE,513,N,WOOD ST,1215,,,,,,,3,NO INDICATION OF INJURY,0,0,0,0,0,2,0,23,7,3,41.89133307,-87.67188859,POINT (-87.671888594018 41.891333064835)
4e2e604a4ec25dd55f01031edcb7acd43d25edcc060be4db64b1c77cfb265935fece185222fd351142d5aae7ce7bfce20c19900877e75d2ae337aee74599376d,JF164646,,3/5/2022 21:15,15,NO CONTROLS,NO CONTROLS,UNKNOWN,UNKNOWN,HEAD ON,DRIVEWAY,,STRAIGHT AND LEVEL,UNKNOWN,UNKNOWN,NOT ON SCENE (DESK REPORT),NO INJURY / DRIVE AWAY,,,,"$501 - $1,500",3/5/2022 22:30,DRIVING ON WRONG SIDE/WRONG WAY,NOT APPLICABLE,5701,N,SHERIDAN RD,2022,,,,,,,2,NO INDICATION OF INJURY,0,0,0,0,0,2,0,21,7,3,41.98563842,-87.65509432,POINT (-87.655094323271 41.985638421049)
079ab3fcccb0f313ec7f08f92380f99d6860b5e29ad1f1af4b09652d8b334c804c443170539002a33693c3cd44a14e5b3ceb89153d224c04e5e44f6c76b89b9a,JF157012,,2/26/2022 17:28,30,STOP SIGN/FLASHER,NO CONTROLS,CLEAR,DAYLIGHT,ANGLE,NOT DIVIDED,,STRAIGHT AND LEVEL,DRY,NO DEFECTS,ON SCENE,INJURY AND / OR TOW DUE TO CRASH,,,,"OVER $1,500",2/26/2022 17:28,FAILING TO YIELD RIGHT-OF-WAY,NOT APPLICABLE,5900,S,MOZART ST,824,,,,,,,2,NO INDICATION OF INJURY,0,0,0,0,0,2,0,17,7,2,41.78629249,-87.69495944,POINT (-87.694959437179 41.786292489904)
0831eb2f086a4dda9f2afbb45dfe57735c38edca4569b068c9b20d7b0b8206f0a3a0472f1aaf879d17b3053cf7da7d63f614c084cd67ab319766bb58816676aa,JF156476,,2/26/2022 8:00,30,TRAFFIC SIGNAL,FUNCTIONING PROPERLY,OTHER,DAYLIGHT,REAR END,FOUR WAY,,STRAIGHT AND LEVEL,WET,SHOULDER DEFECT,ON SCENE,INJURY AND / OR TOW DUE TO CRASH,Y,,Y,"OVER $1,500",2/26/2022 8:09,"OPERATING VEHICLE IN ERRATIC, RECKLESS, CARELESS, NEGLIGENT OR AGGRESSIVE MANNER",DISREGARDING TRAFFIC SIGNALS,199,W,MARQUETTE RD,722,,,,,,,3,"REPORTED, NOT EVIDENT",1,0,0,0,1,2,0,8,7,2,41.77260053,-87.62987275,POINT (-87.629872752049 41.772600529899)
1910cf51ed336eaa2c8e7d5001258e33dc88648334db4a6def9c65b523539282ecb49a2d8cd29113cd93427b4a16b198bd7932682abb778a9571d4ca8738e938,JF149188,,2/19/2022 3:50,15,NO CONTROLS,NO CONTROLS,CLEAR,DARKNESS,PARKED MOTOR VEHICLE,NOT DIVIDED,,STRAIGHT AND LEVEL,DRY,NO DEFECTS,NOT ON SCENE (DESK REPORT),NO INJURY / DRIVE AWAY,,,,$500 OR LESS,2/19/2022 3:50,UNABLE TO DETERMINE,UNABLE TO DETERMINE,720,S,CICERO AVE,1533,,,,,,,2,NO INDICATION OF INJURY,0,0,0,0,0,1,0,3,7,2,41.87145813,-87.74507456,POINT (-87.745074555577 41.87145813119)
089efc691cda387bfcddfefb693ab6ff4dc70b655e414eb0bdf2a2257c9f342f873e5c8b747fc61f9c85364252299fb97a4429756b0ff461ccf7fb98700d4b3e,JE341938,,8/18/2021 18:03,30,TRAFFIC SIGNAL,FUNCTIONING PROPERLY,CLEAR,DAYLIGHT,REAR END,FOUR WAY,,STRAIGHT AND LEVEL,DRY,UNKNOWN,,NO INJURY / DRIVE AWAY,Y,,Y,"$501 - $1,500",8/18/2021 19:18,FOLLOWING TOO CLOSELY,UNABLE TO DETERMINE,6801,W,GRAND AVE,2512,,,,,,,2,NO INDICATION OF INJURY,0,0,0,0,0,3,0,18,4,8,41.92348867,-87.79529732,POINT (-87.795297322185 41.92348867384)
4e948809c3f101fbd0d739e55aaca6db4ee9079bdd71b1ee7b2303b8dc598194fab6907a99a81b0b5799df231d2c98efd2354ed07f49169ce4bd247682f1a684,JD324359,,8/7/2020 19:45,30,TRAFFIC SIGNAL,FUNCTIONING PROPERLY,CLEAR,DUSK,REAR END,DIVIDED - W/MEDIAN (NOT RAISED),,STRAIGHT AND LEVEL,DRY,NO DEFECTS,,NO INJURY / DRIVE AWAY,Y,,,"$501 - $1,500",8/7/2020 20:15,FOLLOWING TOO CLOSELY,UNABLE TO DETERMINE,3360,W,NORTH AVE,1422,,,,,,,2,NO INDICATION OF INJURY,0,0,0,0,0,2,0,19,6,8,41.91016453,-87.71179209,POINT (-87.711792085028 41.910164526859)
09145534fa16ee31f37d7fc7da51b3a02db6611ad129c4a498d9d7ee31da40c6f6b247596c8d74b449b8ce2eb501a3dc52609d58bc0e7b9bdfef79a03536df3b,JF156698,,2/26/2022 12:00,30,NO CONTROLS,NO CONTROLS,CLEAR,DAYLIGHT,REAR END,NOT DIVIDED,,STRAIGHT AND LEVEL,DRY,NO DEFECTS,NOT ON SCENE (DESK REPORT),NO INJURY / DRIVE AWAY,,,,"$501 - $1,500",2/26/2022 13:05,UNABLE TO DETERMINE,NOT APPLICABLE,5444,N,CUMBERLAND AVE,1614,,,,,,,2,NO INDICATION OF INJURY,0,0,0,0,0,2,0,12,7,2,41.97880762,-87.83673509,POINT (-87.836735084783 41.978807623905)
501949cfcab29249c788426e0dfc8ce64d8fd537232e53e275c44462b7ef27e30bf3a2c4d3641cb0cfe7f01768f6161270a10ba4d56f9735cc4291b63cd5eaab,JF164345,,3/5/2022 15:25,30,TRAFFIC SIGNAL,UNKNOWN,CLEAR,DAYLIGHT,SIDESWIPE SAME DIRECTION,NOT DIVIDED,,STRAIGHT AND LEVEL,DRY,UNKNOWN,NOT ON SCENE (DESK REPORT),INJURY AND / OR TOW DUE TO CRASH,,,Y,"OVER $1,500",3/5/2022 15:45,UNABLE TO DETERMINE,NOT APPLICABLE,4200,W,16TH ST,1012,,,Y,,,,2,"REPORTED, NOT EVIDENT",2,0,0,0,2,1,0,15,7,3,41.85890883,-87.72990427,POINT (-87.729904271964 41.85890883299)
1a66a5941f339a5eaed497e0ee97e11010deaf989ab4f314aeb2bf09ea56c3c431555881684b0730458052b0a98b2d90011bb3bf901d62d93dbe74903ab6832e,JF149455,,2/19/2022 11:20,15,NO CONTROLS,NO CONTROLS,CLEAR,DAYLIGHT,REAR END,ONE-WAY,,STRAIGHT AND LEVEL,DRY,NO DEFECTS,NOT ON SCENE (DESK REPORT),NO INJURY / DRIVE AWAY,,,N,"OVER $1,500",2/19/2022 12:00,NOT APPLICABLE,NOT APPLICABLE,2438,W,CERMAK RD,1023,,,,,,,2,NO INDICATION OF INJURY,0,0,0,0,0,4,0,11,7,2,41.85212453,-87.68728217,POINT (-87.687282164902 41.852124531449)
bc93ee012d4d8012a44ae2039b865b320c4c7d52c9d773f1de0e48e6e8452b4fca764eee1e216967c20c85ad556f0b82f50959c4194505279ab175673a6d1d52,JF173602,,3/12/2022 19:00,30,TRAFFIC SIGNAL,NO CONTROLS,CLEAR,"DARKNESS, LIGHTED ROAD",TURNING,NOT DIVIDED,,STRAIGHT AND LEVEL,DRY,NO DEFECTS,NOT ON SCENE (DESK REPORT),NO INJURY / DRIVE AWAY,,,,"OVER $1,500",3/14/2022 14:00,UNABLE TO DETERMINE,NOT APPLICABLE,301,N,MICHIGAN AVE,114,,,,,,,2,NO INDICATION OF INJURY,0,0,0,0,0,2,0,19,7,3,41.88688002,-87.62439145,POINT (-87.624391453126 41.886880019905)
1aae166521a92ccdf482391a56449f42e3b0c4e9ed51807d6df0eb0890341a100df397516dfdc542383b7e937dc7398687b00f8aef353cee8dd4101da955dfbd,JF149943,N,2/19/2022 20:49,30,TRAFFIC SIGNAL,FUNCTIONING PROPERLY,CLEAR,"DARKNESS, LIGHTED ROAD",SIDESWIPE SAME DIRECTION,NOT DIVIDED,,STRAIGHT AND LEVEL,UNKNOWN,UNKNOWN,ON SCENE,NO INJURY / DRIVE AWAY,,,Y,"OVER $1,500",2/19/2022 21:00,IMPROPER OVERTAKING/PASSING,NOT APPLICABLE,599,N,KEDZIE AVE,1221,,,,,,,2,NO INDICATION OF INJURY,0,0,0,0,0,2,0,20,7,2,41.89181911,-87.70629658,POINT (-87.706296583108 41.89181911119)
0a27aba825ec02fbfa17eaebbbb4a57daffb7670e08c137411529c9fb92e6fe571d7418d8234c9ea12b1406617c52c1c7a58f35597414e24db958bad81778972,JF156839,,2/26/2022 14:15,10,NO CONTROLS,NO CONTROLS,OTHER,DAYLIGHT,FIXED OBJECT,PARKING LOT,,STRAIGHT AND LEVEL,DRY,NO DEFECTS,NOT ON SCENE (DESK REPORT),NO INJURY / DRIVE AWAY,,N,,"OVER $1,500",2/26/2022 15:25,DRIVING SKILLS/KNOWLEDGE/EXPERIENCE,DISTRACTION - FROM OUTSIDE VEHICLE,1154,S,CLARK ST,123,,,,,,,1,NO INDICATION OF INJURY,0,0,0,0,0,1,0,14,7,2,41.86757102,-87.63058647,POINT (-87.630586473861 41.867571015433)
507e4bd72348173082a9273cd079a888978322f8b2cd97d81b095c21fce28045e67c392b9d9699065c7547a0fd6a469c2852585aa06e289bd99977e42532c8b3,JE411954,,10/16/2021 16:50,35,NO CONTROLS,FUNCTIONING PROPERLY,CLEAR,DAYLIGHT,TURNING,FOUR WAY,,STRAIGHT AND LEVEL,DRY,NO DEFECTS,,INJURY AND / OR TOW DUE TO CRASH,Y,,N,"OVER $1,500",10/16/2021 17:01,IMPROPER TURNING/NO SIGNAL,IMPROPER OVERTAKING/PASSING,4100,S,MICHIGAN AVE,213,,,,,,,2,NO INDICATION OF INJURY,0,0,0,0,0,4,0,16,7,10,41.82005543,-87.62326884,POINT (-87.623268836451 41.8200554259)
590e1dca6a932c5a52b2d586d0f20fb35267b245873454b6ab6edce4ec4f81c46725375730b8d772abb3ce5be5274ea6a2604e0e7aab2de90ff40e10060c5a5f,JC433907,,9/15/2019 1:50,30,NO CONTROLS,NO CONTROLS,CLEAR,"DARKNESS, LIGHTED ROAD",PARKED MOTOR VEHICLE,NOT DIVIDED,,STRAIGHT AND LEVEL,DRY,NO DEFECTS,,NO INJURY / DRIVE AWAY,,,Y,"$501 - $1,500",9/15/2019 3:00,IMPROPER LANE USAGE,NOT APPLICABLE,5803,N,ROGERS AVE,1711,,,,,,,2,NO INDICATION OF INJURY,0,0,0,0,0,1,0,1,1,9,41.98633149,-87.73808499,POINT (-87.738084985978 41.986331493565)
bd5afedfacdf7305fcbbef7cc9a50f02584f8b4c89c28c622790e0c0896fbf09fbd796ec1345df119e9d4a9e3526aba55d11c9f5d098f7b52da180e759fb2da8,JF171637,,3/12/2022 15:30,35,STOP SIGN/FLASHER,FUNCTIONING PROPERLY,CLEAR,DAYLIGHT,REAR END,NOT DIVIDED,,STRAIGHT AND LEVEL,DRY,NO DEFECTS,ON SCENE,NO INJURY / DRIVE AWAY,Y,,,$500 OR LESS,3/12/2022 15:30,"VISION OBSCURED (SIGNS, TREE LIMBS, BUILDINGS, ETC.)",NOT APPLICABLE,1956,W,79TH ST,611,,,,,,,2,NO INDICATION OF INJURY,0,0,0,0,0,3,0,15,7,3,41.75034206,-87.67300239,POINT (-87.673002390874 41.750342061599)
59448444bb74a2e92e80413be2c89d43b3a1d840bdbbad9af2ba2ac5327320e5e184aefdd8e3f7ddcaad037cd9dc155bfe7fe2727c7142fd8ac963aa7e37fc4f,JF179710,,3/19/2022 19:00,30,TRAFFIC SIGNAL,FUNCTIONING PROPERLY,RAIN,DARKNESS,REAR END,NOT DIVIDED,,STRAIGHT AND LEVEL,WET,NO DEFECTS,NOT ON SCENE (DESK REPORT),NO INJURY / DRIVE AWAY,,,,"$501 - $1,500",3/19/2022 19:33,UNABLE TO DETERMINE,UNABLE TO DETERMINE,511,N,MC CLURG CT,1834,,,,,,,2,NO INDICATION OF INJURY,0,0,0,0,0,3,0,19,7,3,41.89145142,-87.61753456,POINT (-87.617534555018 41.891451414638)
be39ccf4187c537bcd30a397428ada5707696a438544311ec12a8c0b7daed1e4b3ff7bf39f807edc23e1dd40d687331cd2906c6e762ab0ab7bb68af5cb60d985,JF173692,Y,3/12/2022 20:30,30,NO CONTROLS,NO CONTROLS,CLEAR,UNKNOWN,PARKED MOTOR VEHICLE,NOT DIVIDED,,STRAIGHT AND LEVEL,DRY,NO DEFECTS,NOT ON SCENE (DESK REPORT),NO INJURY / DRIVE AWAY,,,Y,"OVER $1,500",3/14/2022 15:00,FAILING TO YIELD RIGHT-OF-WAY,UNABLE TO DETERMINE,3837,S,WOOD ST,912,,,,,,,2,NO INDICATION OF INJURY,0,0,0,0,0,1,0,20,7,3,41.82387941,-87.67008212,POINT (-87.670082121285 41.823879406385)
0b99502eeac2c422bc1a911d9c0ad36e31399797e5d6c239f577771803d08ee5ad62847cc037d7146528238023de22bd7296a99d9908fea5a9492f7bd2b6c537,JF156539,,2/26/2022 9:30,30,NO CONTROLS,NO CONTROLS,CLEAR,DAYLIGHT,TURNING,NOT DIVIDED,,STRAIGHT AND LEVEL,DRY,NO DEFECTS,ON SCENE,INJURY AND / OR TOW DUE TO CRASH,,,,"OVER $1,500",2/26/2022 9:45,UNABLE TO DETERMINE,IMPROPER TURNING/NO SIGNAL,1430,W,GRAND AVE,1215,,,,,,,2,NO INDICATION OF INJURY,0,0,0,0,0,3,0,9,7,2,41.89112477,-87.66356297,POINT (-87.663562968787 41.891124772921)
529304541bb0cf24b6a303fdcb5a75cf0080bd34fc9d836f2f158c8321d15caea08485bd7977361696c0a48cc439f848101672cc477c8f8515265e98734b4e70,JF163821,,3/5/2022 3:28,30,TRAFFIC SIGNAL,FUNCTIONING PROPERLY,CLEAR,"DARKNESS, LIGHTED ROAD",SIDESWIPE SAME DIRECTION,FOUR WAY,,STRAIGHT AND LEVEL,DRY,NO DEFECTS,ON SCENE,NO INJURY / DRIVE AWAY,Y,,,"OVER $1,500",3/5/2022 3:28,UNABLE TO DETERMINE,UNABLE TO DETERMINE,4398,W,CERMAK RD,1012,,,,,,,2,NO INDICATION OF INJURY,0,0,0,0,0,1,0,3,7,3,41.85151057,-87.73444965,POINT (-87.734449649711 41.851510573725)
0bee989e94640d07c83babd282af9f535ac4a7096978e5b9cd821a519348fa334677ea3cdfe077674b092b298cce7aa32471c62db25c675bd2d980fb606539d7,JF164255,,2/26/2022 19:30,30,UNKNOWN,UNKNOWN,UNKNOWN,UNKNOWN,REAR END,DIVIDED - W/MEDIAN (NOT RAISED),,STRAIGHT AND LEVEL,UNKNOWN,UNKNOWN,NOT ON SCENE (DESK REPORT),NO INJURY / DRIVE AWAY,,,,"$501 - $1,500",3/5/2022 14:40,UNABLE TO DETERMINE,NOT APPLICABLE,2235,W,FOSTER AVE,2031,,,,,,,2,NO INDICATION OF INJURY,0,0,0,0,0,3,0,19,7,2,41.9758318,-87.6856975,POINT (-87.685697497755 41.975831796389)
1ccd45d713fc481a92a4ede408ea271cbe1b118b1422cc2ae2788cbfaf3ed7d239765d0c0ddd5d1be347570088dabf6ff5f9b7f18cfbb5a28af51ce516775a51,JF149437,,2/19/2022 11:40,30,STOP SIGN/FLASHER,FUNCTIONING PROPERLY,CLEAR,DAYLIGHT,TURNING,FOUR WAY,,STRAIGHT AND LEVEL,SNOW OR SLUSH,NO DEFECTS,ON SCENE,INJURY AND / OR TOW DUE TO CRASH,Y,,,"OVER $1,500",2/19/2022 12:00,FAILING TO REDUCE SPEED TO AVOID CRASH,NOT APPLICABLE,3429,W,111TH ST,2211,,,,,,,2,NO INDICATION OF INJURY,0,0,0,0,0,3,0,11,7,2,41.69136118,-87.70687777,POINT (-87.706877767051 41.691361176501)