CRASH_RECORD_ID,RD_NO,CRASH_DATE_EST_I,CRASH_DATE,POSTED_SPEED_LIMIT,TRAFFIC_CONTROL_DEVICE,DEVICE_CONDITION,WEATHER_CONDITION,LIGHTING_CONDITION,FIRST_CRASH_TYPE,TRAFFICWAY_TYPE,LANE_CNT,ALIGNMENT,ROADWAY_SURFACE_COND,ROAD_DEFECT,REPORT_TYPE,CRASH_TYPE,INTERSECTION_RELATED_I,NOT_RIGHT_OF_WAY_I,HIT_AND_RUN_I,DAMAGE,DATE_POLICE_NOTIFIED,PRIM_CONTRIBUTORY_CAUSE,SEC_CONTRIBUTORY_CAUSE,STREET_NO,STREET_DIRECTION,STREET_NAME,BEAT_OF_OCCURRENCE,PHOTOS_TAKEN_I,STATEMENTS_TAKEN_I,DOORING_I,WORK_ZONE_I,WORK_ZONE_TYPE,WORKERS_PRESENT_I,NUM_UNITS,MOST_SEVERE_INJURY,INJURIES_TOTAL,INJURIES_FATAL,INJURIES_INCAPACITATING,INJURIES_NON_INCAPACITATING,INJURIES_REPORTED_NOT_EVIDENT,INJURIES_NO_INDICATION,INJURIES_UNKNOWN,CRASH_HOUR,CRASH_DAY_OF_WEEK,CRASH_MONTH,LATITUDE,LONGITUDE,LOCATION
bea28a790e19a3e5e110af0130b884de636a83a9be350f89f2f6c6e2f83af5342e426bd1dfaa921c78ee4ec7a52d1543dc14702b81ea11c13a8da011051f8865,JF172071,,3/12/2022 23:29,30,TRAFFIC SIGNAL,UNKNOWN,CLEAR,"DARKNESS, LIGHTED ROAD",TURNING,FOUR WAY,,STRAIGHT ON HILLCREST,DRY,UNKNOWN,ON SCENE,INJURY AND / OR TOW DUE TO CRASH,Y,,,"OVER $1,500",3/12/2022 23:29,PHYSICAL CONDITION OF DRIVER,FAILING TO REDUCE SPEED TO AVOID CRASH,2100,W,TOUHY AVE,2411,,,,,,,2,NONINCAPACITATING INJURY,2,0,0,2,0,0,0,23,7,3,42.01232755,-87.68315456,POINT (-87.68315455919 42.012327547727)
bee3a40ae442804aaa65988601cc81b9b99b8ee9fe2487ec06d3a4b079f703c1817eab49932f31191b879f6d582d9e4ceec7157c949067930036f71c90120c6b,JF172070,Y,3/12/2022 14:00,30,NO CONTROLS,NO CONTROLS,CLEAR,"DARKNESS, LIGHTED ROAD",PARKED MOTOR VEHICLE,ONE-WAY,,STRAIGHT AND LEVEL,DRY,NO DEFECTS,NOT ON SCENE (DESK REPORT),INJURY AND / OR TOW DUE TO CRASH,,,Y,"OVER $1,500",3/12/2022 23:55,UNABLE TO DETERMINE,NOT APPLICABLE,5115,W,VAN BUREN ST,1533,,,,,,,2,NO INDICATION OF INJURY,0,0,0,0,0,1,0,14,7,3,41.87474997,-87.75401543,POINT (-87.75401542691 41.874749973536)
0c46a243e9868583b0a59c3b0461cfbf3550916f26c05fede8dfd6fa6e879bc08cdeb452a7bea723fd6f9a84749ddadf5eb755ec2a63577c8dc65ba219f5c6ec,JF156351,,2/26/2022 2:30,30,NO CONTROLS,NO CONTROLS,CLEAR,"DARKNESS, LIGHTED ROAD",REAR TO FRONT,NOT DIVIDED,,STRAIGHT AND LEVEL,DRY,NO DEFECTS,ON SCENE,NO INJURY / DRIVE AWAY,,,,$500 OR LESS,2/26/2022 3:00,IMPROPER BACKING,IMPROPER BACKING,3458,N,HALSTED ST,1924,,,,,,,2,NO INDICATION OF INJURY,0,0,0,0,0,1,0,2,7,2,41.9454116,-87.64957509,POINT (-87.649575086361 41.945411604149)
bf231831355906e18cd24f6db5865e2e40de9a38ea650bb53cb20cf4fa260bd94c9a3ec44cbf921f22e9c6490200ed046a143fa8ce60485c51c81e09f301a1ee,JF171541,,3/12/2022 14:08,30,NO CONTROLS,NO CONTROLS,CLEAR,DAYLIGHT,SIDESWIPE SAME DIRECTION,NOT DIVIDED,,STRAIGHT AND LEVEL,DRY,NO DEFECTS,ON SCENE,NO INJURY / DRIVE AWAY,,,,"$501 - $1,500",3/12/2022 14:09,IMPROPER OVERTAKING/PASSING,UNABLE TO DETERMINE,700,W,79TH ST,621,,,,,,,2,NO INDICATION OF INJURY,0,0,0,0,0,3,0,14,7,3,41.7507875,-87.64166665,POINT (-87.64166664542 41.750787498481)
5ac2f4c420feea178d33ad95170e595ecd79b6c527d01950acfed006a5f2a60b1666245a20053ca27677a0b926b39de68ff1b71d2616181dfe984ae0e517113f,JF179227,,3/19/2022 11:00,30,TRAFFIC SIGNAL,FUNCTIONING PROPERLY,RAIN,DAYLIGHT,TURNING,NOT DIVIDED,,STRAIGHT AND LEVEL,WET,NO DEFECTS,ON SCENE,INJURY AND / OR TOW DUE TO CRASH,Y,,,"OVER $1,500",3/19/2022 11:15,UNABLE TO DETERMINE,UNABLE TO DETERMINE,4600,N,ASHLAND AVE,1912,,,,,,,2,NO INDICATION OF INJURY,0,0,0,0,0,3,0,11,7,3,41.96532238,-87.66949683,POINT (-87.66949682492 41.965322383076)
1db0a6465cbd06b1a3a07618e5c38cae041bdcafa39ba95c60ae72c0f46e6e68362776b6e8446de8b2082539e5a90ee23ca1f41f5597e5e0619833fc0b263118,JF149396,Y,2/19/2022 8:00,20,NO CONTROLS,NO CONTROLS,CLEAR,DAYLIGHT,PARKED MOTOR VEHICLE,NOT DIVIDED,,STRAIGHT AND LEVEL,SNOW OR SLUSH,NO DEFECTS,ON SCENE,NO INJURY / DRIVE AWAY,,,Y,"OVER $1,500",2/19/2022 11:05,PASSING STOPPED SCHOOL BUS,UNABLE TO DETERMINE,754,E,133RD ST,533,,,,,,,2,NO INDICATION OF INJURY,0,0,0,0,0,1,0,8,7,2,41.65457959,-87.60258022,POINT (-87.602580218426 41.654579586665)
bfcf383f743555aff161378f170dcc110e42405002d28a391010cf43369ecdf0fcf6f5a30d6492f5398f844d1099ba9122fb93db2afa24d933e1beebf9286e1c,JF171385,,3/12/2022 11:41,30,TRAFFIC SIGNAL,FUNCTIONING PROPERLY,CLEAR,DAYLIGHT,SIDESWIPE SAME DIRECTION,DIVIDED - W/MEDIAN (NOT RAISED),,STRAIGHT AND LEVEL,DRY,NO DEFECTS,ON SCENE,INJURY AND / OR TOW DUE TO CRASH,Y,,,"OVER $1,500",3/12/2022 12:14,FAILING TO REDUCE SPEED TO AVOID CRASH,DRIVING SKILLS/KNOWLEDGE/EXPERIENCE,6700,S,CALIFORNIA AVE,831,,Y,,,,,2,NO INDICATION OF INJURY,0,0,0,0,0,2,0,11,7,3,41.77172918,-87.69334992,POINT (-87.693349922161 41.771729174636)
536828b19795220ff468a9e47d676b223d351207d5574d50dd4e2ac4b892fdf4ee780e727ecb9f53b0342ade4002905e805a14f79da664b69c1323277ea10db5,JF164223,,3/5/2022 12:23,20,NO CONTROLS,NO CONTROLS,CLEAR,DAYLIGHT,TURNING,ONE-WAY,,STRAIGHT AND LEVEL,DRY,NO DEFECTS,ON SCENE,INJURY AND / OR TOW DUE TO CRASH,,,,"OVER $1,500",3/5/2022 14:02,FAILING TO YIELD RIGHT-OF-WAY,NOT APPLICABLE,3940,N,FREMONT ST,1923,,,,,,,2,NO INDICATION OF INJURY,0,0,0,0,0,3,0,12,7,3,41.95391115,-87.6522503,POINT (-87.652250295834 41.953911146231)
5443ed788875fd74c10130e77acc87f79fe70dff1991721a19c435dd468f06fe0fcfcf05b4f8d612b390aa09abdf77b3976c53328612f6427d8e80771d3ccddc,JF163898,,3/5/2022 8:00,30,TRAFFIC SIGNAL,FUNCTIONING PROPERLY,CLEAR,DAYLIGHT,ANGLE,FOUR WAY,,STRAIGHT AND LEVEL,DRY,NO DEFECTS,ON SCENE,INJURY AND / OR TOW DUE TO CRASH,Y,,,"OVER $1,500",3/5/2022 8:01,DISREGARDING TRAFFIC SIGNALS,FAILING TO YIELD RIGHT-OF-WAY,1000,E,83RD ST,631,,,,,,,2,NO INDICATION OF INJURY,0,0,0,0,0,3,0,8,7,3,41.74414571,-87.60010274,POINT (-87.600102740193 41.744145709574)
54574ec06945a489f42f31d0361ca16c47584e61700f0c407c41aeb3c41b51582c67c51b5488990e501188a034a453cb725236c94763b98b91d8f86819e966cb,JF164582,,3/5/2022 20:00,30,NO CONTROLS,NO CONTROLS,CLEAR,"DARKNESS, LIGHTED ROAD",REAR END,DIVIDED - W/MEDIAN BARRIER,,STRAIGHT AND LEVEL,DRY,NO DEFECTS,NOT ON SCENE (DESK REPORT),NO INJURY / DRIVE AWAY,,,,"OVER $1,500",3/5/2022 20:20,UNABLE TO DETERMINE,UNABLE TO DETERMINE,8206,S,STONY ISLAND AVE,411,,,,,,,2,NO INDICATION OF INJURY,0,0,0,0,0,2,0,20,7,3,41.74575851,-87.58599109,POINT (-87.585991089574 41.74575850488)
6540876c9e4c0be577dac9183750b21584243d299f639ec91743a74f7f10c527891ddeabb358c737814bd87324e659e2ef8bb59869546fd25f48904acc8f52bc,JF186684,,3/25/2022 19:10,30,NO CONTROLS,NO CONTROLS,CLEAR,"DARKNESS, LIGHTED ROAD",SIDESWIPE SAME DIRECTION,NOT DIVIDED,,STRAIGHT AND LEVEL,DRY,NO DEFECTS,NOT ON SCENE (DESK REPORT),NO INJURY / DRIVE AWAY,Y,,,"OVER $1,500",3/25/2022 20:35,UNABLE TO DETERMINE,NOT APPLICABLE,1506,N,WESTERN AVE,1423,,,,,,,2,NO INDICATION OF INJURY,0,0,0,0,0,2,0,19,6,3,41.90875153,-87.68732768,POINT (-87.687327682878 41.908751529116)
6589fe6a671c0237855f358e05b2aaf152078a7b5ff8a5c49eee69e149aa4ec7c5175a00b15ee4f048cb2e8c16a626313eaa9e4d471a08b2a7dc3461ce837376,JF187008,,3/25/2022 16:48,30,TRAFFIC SIGNAL,FUNCTIONING PROPERLY,CLEAR,DAYLIGHT,SIDESWIPE SAME DIRECTION,NOT DIVIDED,,STRAIGHT AND LEVEL,DRY,NO DEFECTS,NOT ON SCENE (DESK REPORT),NO INJURY / DRIVE AWAY,,,Y,"OVER $1,500",3/26/2022 8:30,UNABLE TO DETERMINE,NOT APPLICABLE,9500,S,COTTAGE GROVE AVE,511,,,,,,,2,NO INDICATION OF INJURY,0,0,0,0,0,2,0,16,6,3,41.72197047,-87.60334804,POINT (-87.603348040077 41.721970465227)
bff52b8fb5e9b6f21e4413599e78051742bd46f823218893f046722d25ace0ea5d9c38cb6ef86b3fd82f5f67b88e92248adacca1a8db16141784d9fdaa13e5cf,JF175922,,3/12/2022 15:00,30,NO CONTROLS,NO CONTROLS,UNKNOWN,DAYLIGHT,SIDESWIPE SAME DIRECTION,DIVIDED - W/MEDIAN (NOT RAISED),,STRAIGHT AND LEVEL,UNKNOWN,UNKNOWN,NOT ON SCENE (DESK REPORT),NO INJURY / DRIVE AWAY,,,,"OVER $1,500",3/16/2022 14:30,UNABLE TO DETERMINE,NOT APPLICABLE,427,N,WESTERN AVE,1221,,,,,,,2,NO INDICATION OF INJURY,0,0,0,0,0,2,0,15,7,3,41.8894065,-87.68650295,POINT (-87.686502951915 41.889406499441)
53c6c30bc2392e662ef414a0ef4c14f136e6630a1572e262a5e97b7f76d01a6733c622e829952f0c98ffefe57cb0e6192023befcf30cc63a1facfe705545f6ca,JD376862,,9/23/2020 16:28,30,NO CONTROLS,NO CONTROLS,CLEAR,DAYLIGHT,SIDESWIPE SAME DIRECTION,NOT DIVIDED,,STRAIGHT AND LEVEL,DRY,NO DEFECTS,,NO INJURY / DRIVE AWAY,,,,"OVER $1,500",9/23/2020 16:29,NOT APPLICABLE,NOT APPLICABLE,3930,W,MADISON ST,1122,,,,,,,2,NO INDICATION OF INJURY,0,0,0,0,0,4,0,16,4,9,41.8808568,-87.72410115,POINT (-87.7241011529 41.880856800574)
6554e7da3c96140aae5672ffe833f75ac5ad63914b20ae43f44a5fd92f049b73e8e557b1d783653056876087dab414e4dbcf3e5433409bfa48b639490429928e,JD230120,,5/12/2020 2:50,25,NO CONTROLS,NO CONTROLS,CLEAR,"DARKNESS, LIGHTED ROAD",PARKED MOTOR VEHICLE,ONE-WAY,,STRAIGHT AND LEVEL,DRY,NO DEFECTS,,INJURY AND / OR TOW DUE TO CRASH,,,N,"OVER $1,500",5/12/2020 3:00,FAILING TO REDUCE SPEED TO AVOID CRASH,UNABLE TO DETERMINE,8110,S,EVANS AVE,631,,,,,,,5,NO INDICATION OF INJURY,0,0,0,0,0,1,0,2,3,5,41.74723153,-87.606482,POINT (-87.606481999782 41.747231534376)
c01575a823f4a215c27543bd1ff40220507d04775c017e61019ec166ec7a7748ac4e076495670a237b47967f02c47cd88093a8982890985c41d41426cf00196d,JF171513,,3/12/2022 13:14,30,TRAFFIC SIGNAL,FUNCTIONING PROPERLY,CLEAR,DAYLIGHT,REAR END,NOT DIVIDED,,STRAIGHT AND LEVEL,DRY,NO DEFECTS,ON SCENE,NO INJURY / DRIVE AWAY,,,,"OVER $1,500",3/12/2022 13:37,FOLLOWING TOO CLOSELY,UNABLE TO DETERMINE,3800,S,DR MARTIN LUTHER KING JR DR,212,,,,,,,3,NO INDICATION OF INJURY,0,0,0,0,0,6,0,13,7,3,41.825556,-87.61717842,POINT (-87.617178418099 41.82555599761)
1f29d5091d37ef0c2401debe545534d4481a6870a5bbe734f589b8c1e88397ad9d0058e946c076f88d3d14148bbb346865b21cdff8dfd139b937445e85d48521,JF149364,,2/19/2022 10:15,30,STOP SIGN/FLASHER,FUNCTIONING PROPERLY,CLEAR,DAYLIGHT,ANGLE,NOT DIVIDED,,STRAIGHT AND LEVEL,DRY,NO DEFECTS,ON SCENE,NO INJURY / DRIVE AWAY,Y,,Y,"OVER $1,500",2/19/2022 10:15,FAILING TO YIELD RIGHT-OF-WAY,FAILING TO YIELD RIGHT-OF-WAY,3931,N,LARAMIE AVE,1634,,,,,,,3,NO INDICATION OF INJURY,0,0,0,0,0,2,0,10,7,2,41.95240089,-87.75697279,POINT (-87.75697278923 41.952400889896)
65a151175ef761db6ffd6a702cdc86fa1495f735b7f17df25d657eb96a94157347d85c6dc8119804fb6a9b37ede9cbfd881802a017b4da65c6ace51b8590cd4d,JF186505,,3/25/2022 17:15,30,NO CONTROLS,NO CONTROLS,CLEAR,DAYLIGHT,PARKED MOTOR VEHICLE,ONE-WAY,,STRAIGHT AND LEVEL,DRY,NO DEFECTS,ON SCENE,INJURY AND / OR TOW DUE TO CRASH,,,,"OVER $1,500",3/25/2022 17:21,UNABLE TO DETERMINE,UNABLE TO DETERMINE,7250,S,INDIANA AVE,323,,,,,,,5,INCAPACITATING INJURY,1,0,1,0,0,0,0,17,6,3,41.76228269,-87.6201555,POINT (-87.620155500052 41.762282688847)
1f8a5579826d6d494df0c8a08f614277509fc58d05bd8e941f506f8a78970f1a970923aaf8624813a18161071f08b16b587b13d4f6794b12ebb7bc65e0b81813,JF149894,,2/19/2022 19:30,30,TRAFFIC SIGNAL,FUNCTIONING PROPERLY,CLEAR,"DARKNESS, LIGHTED ROAD",REAR END,NOT DIVIDED,,STRAIGHT AND LEVEL,DRY,NO DEFECTS,NOT ON SCENE (DESK REPORT),NO INJURY / DRIVE AWAY,,,,"OVER $1,500",2/19/2022 20:05,NOT APPLICABLE,NOT APPLICABLE,400,E,PERSHING RD,212,,,,,,,2,NO INDICATION OF INJURY,0,0,0,0,0,2,0,19,7,2,41.82394884,-87.61667242,POINT (-87.61667241604 41.823948841721)
6620d09a703be9a762eba046aeddc8e2aac134e862bc293aea7d6e72fa292822f8117cac091a53823a64b759dd147e20ed8f41f6a2a0cfcf72a0729d344a127d,JF186157,,3/25/2022 12:43,30,TRAFFIC SIGNAL,FUNCTIONING PROPERLY,RAIN,DAYLIGHT,PEDESTRIAN,DIVIDED - W/MEDIAN (NOT RAISED),,STRAIGHT AND LEVEL,WET,UNKNOWN,ON SCENE,INJURY AND / OR TOW DUE TO CRASH,Y,,,$500 OR LESS,3/25/2022 12:47,"VISION OBSCURED (SIGNS, TREE LIMBS, BUILDINGS, ETC.)",UNABLE TO DETERMINE,4770,W,GRAND AVE,2533,,,,,,,2,INCAPACITATING INJURY,1,0,1,0,0,1,0,12,6,3,41.91399921,-87.74586369,POINT (-87.745863692183 41.913999209306)
c12d599f1b1e2029d0c4622539924dbecc2352f3c9d6a843ed34c3c5824e97500dd4ec1e723fb04a3ffd17850d71d795e4b6b7c67db0eacf34865701edcb6198,JF171762,,3/12/2022 14:10,30,TRAFFIC SIGNAL,FUNCTIONING PROPERLY,CLEAR,DAYLIGHT,REAR END,DIVIDED - W/MEDIAN BARRIER,,STRAIGHT AND LEVEL,DRY,NO DEFECTS,ON SCENE,NO INJURY / DRIVE AWAY,Y,,,"$501 - $1,500",3/12/2022 14:15,FOLLOWING TOO CLOSELY,FAILING TO REDUCE SPEED TO AVOID CRASH,799,N,LAKE SHORE DR,1833,,,,,,,2,NO INDICATION OF INJURY,0,0,0,0,0,3,0,14,7,3,41.89683927,-87.6168843,POINT (-87.616884297948 41.896839271517)
c25bfd0bfdca86896c8af9de5414287a312abb30279aa1b342ff65eedf499565cde9787576f478fc573c448884a1cbf93671d31336662521e1a5fcb57ee57a14,JF171725,,3/12/2022 16:00,35,TRAFFIC SIGNAL,FUNCTIONING PROPERLY,CLEAR,DAYLIGHT,SIDESWIPE SAME DIRECTION,Y-INTERSECTION,,STRAIGHT AND LEVEL,DRY,UNKNOWN,NOT ON SCENE (DESK REPORT),NO INJURY / DRIVE AWAY,Y,,,"OVER $1,500",3/12/2022 17:00,DISTRACTION - FROM OUTSIDE VEHICLE,DISREGARDING ROAD MARKINGS,5700,S,LAKE SHORE DR,331,,,,,,,2,NO INDICATION OF INJURY,0,0,0,0,0,3,0,16,7,3,41.79142028,-87.58014777,POINT (-87.580147768689 41.791420282098)
5be688d3ee281d9c4323a56542c697fa724dca2546502e4a58bd2e8f739c4bcaf54f931e2b292339d813ae80fe574920b9975a692bd6274630005c4c9a75751a,JF179495,,3/19/2022 15:00,30,UNKNOWN,UNKNOWN,RAIN,DAYLIGHT,SIDESWIPE SAME DIRECTION,NOT DIVIDED,,STRAIGHT AND LEVEL,WET,UNKNOWN,NOT ON SCENE (DESK REPORT),NO INJURY / DRIVE AWAY,,,,"OVER $1,500",3/19/2022 16:00,UNABLE TO DETERMINE,UNABLE TO DETERMINE,5498,W,IRVING PARK RD,1624,,,,,,,2,NO INDICATION OF INJURY,0,0,0,0,0,2,0,15,7,3,41.95332595,-87.76442008,POINT (-87.764420076334 41.953325947039)
201aab87ef88efa604c199e2e670d6383bc83f8b50d431d61d52f9d689e34dd4cff6c1789023c7d706f351b117ac4d321271edd3da80c2a67e9c1b58050522cf,JF150269,,2/19/2022 14:50,30,NO CONTROLS,NO CONTROLS,CLEAR,DAYLIGHT,REAR END,ONE-WAY,,STRAIGHT AND LEVEL,DRY,NO DEFECTS,NOT ON SCENE (DESK REPORT),NO INJURY / DRIVE AWAY,,,,"OVER $1,500",2/20/2022 10:20,FOLLOWING TOO CLOSELY,UNABLE TO DETERMINE,2550,N,KEDZIE BLVD,1413,,,,,,,2,NO INDICATION OF INJURY,0,0,0,0,0,2,0,14,7,2,41.92799077,-87.70778709,POINT (-87.707787093093 41.927990770289)
0e8e0877e781b1d74ecea1c5d84f357dbae817cc77d4476648d4420b2cf26b6dfd670752105ae9751d4651686d79fd198ab926d4c767aa47c98e10135dbdef76,JF156389,,2/26/2022 4:15,30,NO CONTROLS,NO CONTROLS,CLEAR,"DARKNESS, LIGHTED ROAD",FIXED OBJECT,NOT DIVIDED,,STRAIGHT AND LEVEL,DRY,NO DEFECTS,ON SCENE,INJURY AND / OR TOW DUE TO CRASH,,,,"OVER $1,500",2/26/2022 4:16,EQUIPMENT - VEHICLE CONDITION,UNABLE TO DETERMINE,6429,S,LOOMIS BLVD,724,,,,,,,1,NO INDICATION OF INJURY,0,0,0,0,0,1,0,4,7,2,41.7768423,-87.65913998,POINT (-87.659139978418 41.776842304341)
5747a0a765bca8c03e64a37120d760482374d50b40bbd4db1b7e7243ea1fa6beb72998c1f9614c41aee3e91824160764f7303962aa5d0dc1551a3da726d2f3b4,JF163769,,3/5/2022 2:30,45,NO CONTROLS,NO CONTROLS,CLEAR,"DARKNESS, LIGHTED ROAD",REAR END,DIVIDED - W/MEDIAN BARRIER,,STRAIGHT AND LEVEL,DRY,NO DEFECTS,ON SCENE,INJURY AND / OR TOW DUE TO CRASH,,,Y,"OVER $1,500",3/5/2022 2:30,"OPERATING VEHICLE IN ERRATIC, RECKLESS, CARELESS, NEGLIGENT OR AGGRESSIVE MANNER",UNABLE TO DETERMINE,5250,S,LAKE SHORE DR SB,234,,,,,,,2,"REPORTED, NOT EVIDENT",1,0,0,0,1,2,0,2,7,3,41.79996008,-87.58163188,POINT (-87.581631876674 41.799960078393)
55ef04df7339cd9f92e1b9d35fb4a6b3fd7bb61ff4cdf5740c07c3fd5e25acd373416eb0feaf271ed0a82b5df6d6d2c59fccbb8151e09de2188f0c3ac52cc314,JD289441,,7/7/2020 12:12,30,NO CONTROLS,NO CONTROLS,CLEAR,DAYLIGHT,REAR END,FOUR WAY,,STRAIGHT AND LEVEL,DRY,NO DEFECTS,,NO INJURY / DRIVE AWAY,,,,"OVER $1,500",7/7/2020 16:00,DISTRACTION - FROM INSIDE VEHICLE,FOLLOWING TOO CLOSELY,8700,S,PEORIA ST,2222,,,,,,,2,NO INDICATION OF INJURY,0,0,0,0,0,2,0,12,3,7,41.73595365,-87.64623314,POINT (-87.646233139093 41.735953651212)
5c2a7220a57a7c693d1e704bdd1fd35b84e8b337205bcc9535ccc06d38b9d263a294e2dd70ee9a4452da3ce6e71cb00a15a146392ed0421e95c975d98c177ecf,JC394939,,8/16/2019 12:55,30,TRAFFIC SIGNAL,FUNCTIONING PROPERLY,CLEAR,DAYLIGHT,SIDESWIPE SAME DIRECTION,NOT DIVIDED,,STRAIGHT AND LEVEL,DRY,NO DEFECTS,,NO INJURY / DRIVE AWAY,,,,"OVER $1,500",8/16/2019 13:35,IMPROPER LANE USAGE,NOT APPLICABLE,2355,N,STOCKTON DR,1814,,,,,,,2,NO INDICATION OF INJURY,0,0,0,0,0,5,0,12,6,8,41.92550085,-87.63583666,POINT (-87.635836663514 41.925500844718)
c288512e06bf488513c86b7896caa16cdb23fba23cbc021e256813f5b945bb7c4fd23b79e921caf09281a96346540a5a62d13bdf399cb182f43d18bfb343328e,JD234983,,5/17/2020 13:30,25,STOP SIGN/FLASHER,FUNCTIONING PROPERLY,RAIN,DAYLIGHT,ANGLE,FOUR WAY,,STRAIGHT AND LEVEL,WET,UNKNOWN,,INJURY AND / OR TOW DUE TO CRASH,Y,,Y,"OVER $1,500",5/17/2020 13:38,FAILING TO YIELD RIGHT-OF-WAY,NOT APPLICABLE,5100,W,AUGUSTA BLVD,1531,,,,,,,2,NO INDICATION OF INJURY,0,0,0,0,0,3,0,13,1,5,41.8987157,-87.75330473,POINT (-87.753304727671 41.898715700151)
c2f0d7c7710c01a6d267ccb1d996e0687fb71ece44fb7cfa7eb6a7b54334f526cfd71310e7f9a5ede86356ce1150a20c699dc24d49b19f649123a7dd909c1081,JF171461,Y,3/12/2022 11:00,30,NO CONTROLS,NO CONTROLS,UNKNOWN,UNKNOWN,PARKED MOTOR VEHICLE,DIVIDED - W/MEDIAN (NOT RAISED),,STRAIGHT AND LEVEL,DRY,NO DEFECTS,NOT ON SCENE (DESK REPORT),NO INJURY / DRIVE AWAY,,,Y,"OVER $1,500",3/12/2022 13:15,UNABLE TO DETERMINE,NOT APPLICABLE,5852,W,AUGUSTA BLVD,1511,,,,,,,2,NO INDICATION OF INJURY,0,0,0,0,0,1,0,11,7,3,41.89850268,-87.7724426,POINT (-87.772442602578 41.898502677127)
66cd8d0a41d8f2f4190912dcaf49d5cf15f42f6c81b1540bad152e6e26d8bb265e525b46e01120887d6ec19337677cc93448cb00b9635bbde947b16a47b75d67,JF186012,,3/25/2022 10:40,30,NO CONTROLS,NO CONTROLS,CLEAR,DAYLIGHT,SIDESWIPE SAME DIRECTION,NOT DIVIDED,,STRAIGHT AND LEVEL,WET,NO DEFECTS,NOT ON SCENE (DESK REPORT),NO INJURY / DRIVE AWAY,,,,"OVER $1,500",3/25/2022 10:50,FAILING TO YIELD RIGHT-OF-WAY,FOLLOWING TOO CLOSELY,5217,W,LAWRENCE AVE,1623,,,,,,,2,NO INDICATION OF INJURY,0,0,0,0,0,2,0,10,6,3,41.96778619,-87.7583439,POINT (-87.75834389787 41.967786187529)
0fd0a641dfebc147e4cc74915667fc2aa445a03ba967de77622616b3294273a9c465da3fe07399e65a988385f55a61833985479bbc061dbc18cb0fd1fa427e54,JF157213,,2/26/2022 22:36,30,TRAFFIC SIGNAL,FUNCTIONING PROPERLY,CLEAR,"DARKNESS, LIGHTED ROAD",TURNING,FOUR WAY,,STRAIGHT AND LEVEL,DRY,NO DEFECTS,ON SCENE,INJURY AND / OR TOW DUE TO CRASH,Y,,,"OVER $1,500",2/26/2022 22:45,FAILING TO YIELD RIGHT-OF-WAY,IMPROPER TURNING/NO SIGNAL,2000,W,63RD ST,714,,,,,,,2,NONINCAPACITATING INJURY,1,0,0,1,0,3,0,22,7,2,41.77942466,-87.67396821,POINT (-87.67396821288 41.779424663295)
6725150b20a6ef0d0ece7d84a46d3294a73726232c4435ad498f940686d949510df6429601cef6aeb8ff43ceda0561d1846c6d7f988108254704375a7f18d7f8,,,4/8/2022 19:35,30,TRAFFIC SIGNAL,UNKNOWN,RAIN,"DARKNESS, LIGHTED ROAD",REAR END,NOT DIVIDED,,STRAIGHT AND LEVEL,WET,UNKNOWN,,NO INJURY / DRIVE AWAY,Y,,,"$501 - $1,500",4/8/2022 19:35,UNABLE TO DETERMINE,NOT APPLICABLE,10,E,GRAND AVE,1834,,,,,,,3,NO INDICATION OF INJURY,0,0,0,0,0,3,0,19,6,4,41.89179146,-87.62765774,POINT (-87.6276577412 41.891791463112)
68302c51ca3a9a91bf73aac798500857ee3c1c6e084479b4b1cc87558c1678cc1670ce3c09b2b8d3204ad3af6fd29e783c7a05064cf653c01698011c3dfd4882,JF185876,,3/25/2022 8:45,30,TRAFFIC SIGNAL,FUNCTIONING PROPERLY,RAIN,DAYLIGHT,TURNING,UNKNOWN INTERSECTION TYPE,,STRAIGHT AND LEVEL,WET,UNKNOWN,ON SCENE,NO INJURY / DRIVE AWAY,Y,,,"OVER $1,500",3/25/2022 8:45,IMPROPER LANE USAGE,IMPROPER LANE USAGE,476,N,LOWER LAKE SHORE DR,1834,,,,,,,2,NO INDICATION OF INJURY,0,0,0,0,0,2,0,8,6,3,,,
58f38563ba61e36d2ee8232618b5f7d49f7747adb73b8b411ecfd9402276c29d408d25bd99b3d20ad26b0ff1cfe23b4eb2ecf1896070e4b5d8af8a6be32bce7a,JF164338,,3/5/2022 14:45,30,NO CONTROLS,NO CONTROLS,CLEAR,DAYLIGHT,REAR TO SIDE,NOT DIVIDED,,STRAIGHT AND LEVEL,DRY,NO DEFECTS,NOT ON SCENE (DESK REPORT),NO INJURY / DRIVE AWAY,,Y,,"OVER $1,500",3/5/2022 15:50,UNABLE TO DETERMINE,NOT APPLICABLE,9148,S,COMMERCIAL AVE,423,,,,,,,2,NO INDICATION OF INJURY,0,0,0,0,0,2,0,14,7,3,41.72862174,-87.55136647,POINT (-87.551366465947 41.728621735569)