CRASH_RECORD_ID,RD_NO,CRASH_DATE_EST_I,CRASH_DATE,POSTED_SPEED_LIMIT,TRAFFIC_CONTROL_DEVICE,DEVICE_CONDITION,WEATHER_CONDITION,LIGHTING_CONDITION,FIRST_CRASH_TYPE,TRAFFICWAY_TYPE,LANE_CNT,ALIGNMENT,ROADWAY_SURFACE_COND,ROAD_DEFECT,REPORT_TYPE,CRASH_TYPE,INTERSECTION_RELATED_I,NOT_RIGHT_OF_WAY_I,HIT_AND_RUN_I,DAMAGE,DATE_POLICE_NOTIFIED,PRIM_CONTRIBUTORY_CAUSE,SEC_CONTRIBUTORY_CAUSE,STREET_NO,STREET_DIRECTION,STREET_NAME,BEAT_OF_OCCURRENCE,PHOTOS_TAKEN_I,STATEMENTS_TAKEN_I,DOORING_I,WORK_ZONE_I,WORK_ZONE_TYPE,WORKERS_PRESENT_I,NUM_UNITS,MOST_SEVERE_INJURY,INJURIES_TOTAL,INJURIES_FATAL,INJURIES_INCAPACITATING,INJURIES_NON_INCAPACITATING,INJURIES_REPORTED_NOT_EVIDENT,INJURIES_NO_INDICATION,INJURIES_UNKNOWN,CRASH_HOUR,CRASH_DAY_OF_WEEK,CRASH_MONTH,LATITUDE,LONGITUDE,LOCATION
5e0f37b2e4092717906247e5857f241b855a1ffa305d0dae8d415ff94451c50189cdd6d04f87cd9a42e649500312d96cce747c940fa388134ca2eeaddf41d743,JF179526,,3/19/2022 16:10,30,TRAFFIC SIGNAL,FUNCTIONING PROPERLY,CLEAR,DAYLIGHT,TURNING,FOUR WAY,,STRAIGHT AND LEVEL,WET,NO DEFECTS,ON SCENE,INJURY AND / OR TOW DUE TO CRASH,Y,,Y,"OVER $1,500",3/19/2022 16:17,DISREGARDING TRAFFIC SIGNALS,NOT APPLICABLE,4801,N,CICERO AVE,1712,,,,,,,2,"REPORTED, NOT EVIDENT",2,0,0,0,2,1,0,16,7,3,41.96800718,-87.74756331,POINT (-87.747563313757 41.968007184196)
c444245dc915168e885ea836042ed9a86c11a0fe5f5a550f4c8f7ca235b37cd7c8e7dea797f4a5015463aa22309973effcd7a2cf76889707b93d12915e5eed6d,JF171742,,3/12/2022 16:45,30,TRAFFIC SIGNAL,FUNCTIONING PROPERLY,CLEAR,DAYLIGHT,TURNING,NOT DIVIDED,,STRAIGHT AND LEVEL,DRY,NO DEFECTS,ON SCENE,NO INJURY / DRIVE AWAY,Y,,,"OVER $1,500",3/12/2022 16:50,IMPROPER TURNING/NO SIGNAL,NOT APPLICABLE,1200,W,76TH ST,612,,,,,,,2,NO INDICATION OF INJURY,0,0,0,0,0,3,0,16,7,3,41.75616151,-87.653958,POINT (-87.653957998055 41.756161509625)
693449414f06fba688fed81bc0e286a12660e6e6c68e07ec20a1a27a716af487e8315ed9259d11d7a6f32488efde98c12462e614a7076080a53b2a60b1e46a21,JF186775,,3/25/2022 23:30,30,NO CONTROLS,NO CONTROLS,CLEAR,"DARKNESS, LIGHTED ROAD",OTHER NONCOLLISION,DIVIDED - W/MEDIAN BARRIER,,STRAIGHT AND LEVEL,DRY,NO DEFECTS,ON SCENE,INJURY AND / OR TOW DUE TO CRASH,,,Y,"OVER $1,500",3/25/2022 23:33,NOT APPLICABLE,NOT APPLICABLE,923,S,INDEPENDENCE BLVD,1133,,,,,,,2,NO INDICATION OF INJURY,0,0,0,0,0,3,0,23,6,3,41.86931186,-87.71947845,POINT (-87.719478449016 41.869311855271)
693b02396b35c8068a620eb51cd7d5d13be3415ae2f9694b99169ac76aba02e8781eabab3c2b45035f71d5a68e103445108bbd216d5145f19de8d10fcf51f08d,JF186345,,3/25/2022 14:05,10,NO CONTROLS,NO CONTROLS,CLEAR,DAYLIGHT,PARKED MOTOR VEHICLE,PARKING LOT,,STRAIGHT AND LEVEL,DRY,NO DEFECTS,NOT ON SCENE (DESK REPORT),NO INJURY / DRIVE AWAY,,Y,Y,"$501 - $1,500",3/25/2022 15:07,DISTRACTION - FROM INSIDE VEHICLE,UNABLE TO DETERMINE,7535,S,ASHLAND AVE,612,,N,,,,,2,NO INDICATION OF INJURY,0,0,0,0,0,2,0,14,6,3,41.75654541,-87.66344385,POINT (-87.663443852852 41.756545414126)
1219fbe6a596891fd65c014f8212626a80b396e4f70de94356aaa6304661b4f004ccbf7518d8f0af34489c40cb306d8fd0cc65d86c977b4680c59c51de40b7d8,JF164361,,2/26/2022 20:00,35,NO CONTROLS,NO CONTROLS,UNKNOWN,"DARKNESS, LIGHTED ROAD",REAR END,OTHER,,STRAIGHT AND LEVEL,DRY,UNKNOWN,NOT ON SCENE (DESK REPORT),NO INJURY / DRIVE AWAY,,,,"OVER $1,500",3/5/2022 16:20,UNABLE TO DETERMINE,UNABLE TO DETERMINE,7535,S,SAGINAW AVE,421,,,,,,,2,NO INDICATION OF INJURY,0,0,0,0,0,2,0,20,7,2,41.7579727,-87.55988842,POINT (-87.559888415987 41.757972696854)
121a65c293c3401e7ea1b028abbb1882a8e6f39709ebe8831383d19c4066767b4cf1cc956d4829d64d54170cda64e1bef8be049c33b2e83e7e76a959bccd77b6,JE280485,,6/26/2021 18:18,30,TRAFFIC SIGNAL,FUNCTIONING PROPERLY,RAIN,DAYLIGHT,ANGLE,DIVIDED - W/MEDIAN (NOT RAISED),,STRAIGHT AND LEVEL,WET,NO DEFECTS,,INJURY AND / OR TOW DUE TO CRASH,Y,,,"OVER $1,500",6/26/2021 18:26,WEATHER,UNABLE TO DETERMINE,9500,S,LOOMIS ST,2213,,,,,,,2,NONINCAPACITATING INJURY,2,0,0,2,0,2,0,18,7,6,41.72118177,-87.65784508,POINT (-87.657845084367 41.721181774255)
59df447a6d82317fab7bdd10744597d73b6bf46c8d505a6f5ccb0f7d8725584dc409ecc50530cfc88885937b451a7b93d3e0df05d9d9a8c5fbb317ac84e98a29,JE344056,,8/20/2021 17:15,30,TRAFFIC SIGNAL,FUNCTIONING PROPERLY,CLEAR,DAYLIGHT,SIDESWIPE SAME DIRECTION,NOT DIVIDED,,STRAIGHT AND LEVEL,DRY,NO DEFECTS,,NO INJURY / DRIVE AWAY,,,,"OVER $1,500",8/20/2021 17:45,UNABLE TO DETERMINE,UNABLE TO DETERMINE,458,W,ROOSEVELT RD,124,,,,,,,2,NO INDICATION OF INJURY,0,0,0,0,0,2,0,17,6,8,41.86736349,-87.63913709,POINT (-87.63913708847 41.867363493083)
59e8f7745dbf2806a1f0549c6e2cac4933f70b658014fec73ebd7df8d37d1cb5a063145eb74944cc2ec411401dd58f563257e48d5a3c2231b992390b4cbbc28f,JE107737,,1/9/2021 9:00,30,NO CONTROLS,NO CONTROLS,CLEAR,DAYLIGHT,SIDESWIPE SAME DIRECTION,NOT DIVIDED,,STRAIGHT AND LEVEL,SNOW OR SLUSH,NO DEFECTS,NOT ON SCENE (DESK REPORT),NO INJURY / DRIVE AWAY,,,,"OVER $1,500",1/9/2021 10:00,IMPROPER OVERTAKING/PASSING,IMPROPER OVERTAKING/PASSING,7900,S,DOBSON AVE,624,,,,,,,2,NO INDICATION OF INJURY,0,0,0,0,0,2,0,9,7,1,41.75125766,-87.59926708,POINT (-87.599267081833 41.75125766243)
59f04fa1fb8a083d3259f3084f1c5a93cf2f53daf263232a4f77934dfe259e715d172fe340d3e18e19430fa18f94513617a7162f6f59e5afe0926ec6cc9a8877,JE239748,,5/23/2021 10:14,30,TRAFFIC SIGNAL,UNKNOWN,CLEAR,DAYLIGHT,TURNING,FOUR WAY,,STRAIGHT AND LEVEL,DRY,NO DEFECTS,,INJURY AND / OR TOW DUE TO CRASH,Y,,,"$501 - $1,500",5/23/2021 10:14,IMPROPER TURNING/NO SIGNAL,NOT APPLICABLE,56,E,BALBO AVE,123,,,,,,,2,NONINCAPACITATING INJURY,1,0,0,1,0,1,0,10,1,5,41.8732376,-87.62588295,POINT (-87.625882944504 41.873237600165)
c4fdcaaff960c1b4e0c8a66b3915a2568435319b82c138a40d69b3ebd3cbe4a5e0188ab9d4125cc63330074603de1ccaa10652c2d571c282854d1e5b10f72501,JF171615,,3/12/2022 14:48,30,STOP SIGN/FLASHER,FUNCTIONING PROPERLY,CLEAR,DAYLIGHT,TURNING,DIVIDED - W/MEDIAN (NOT RAISED),,STRAIGHT AND LEVEL,DRY,NO DEFECTS,ON SCENE,INJURY AND / OR TOW DUE TO CRASH,Y,,,"OVER $1,500",3/12/2022 14:49,FAILING TO YIELD RIGHT-OF-WAY,NOT APPLICABLE,2358,W,GRAND AVE,1221,,,,,,,2,NO INDICATION OF INJURY,0,0,0,0,0,2,0,14,7,3,41.89075892,-87.686671,POINT (-87.68667100405 41.890758920149)
239b5cf7410f959668b44aa7f01207b67967570b72126fd21ad09bce07d5a8d64318c4c63a71e29417e3b2b3613700d96e29498da3b6d2b46da4cbaab8ddef58,JF149132,,2/19/2022 1:43,30,NO CONTROLS,NO CONTROLS,CLEAR,"DARKNESS, LIGHTED ROAD",FIXED OBJECT,DIVIDED - W/MEDIAN BARRIER,,STRAIGHT AND LEVEL,DRY,NO DEFECTS,ON SCENE,INJURY AND / OR TOW DUE TO CRASH,,,,"OVER $1,500",2/19/2022 1:43,UNABLE TO DETERMINE,NOT APPLICABLE,2207,W,51ST ST,932,,,,,,,1,NO INDICATION OF INJURY,0,0,0,0,0,1,0,1,7,2,41.80105747,-87.67969505,POINT (-87.679695052509 41.801057472454)
24606ab0e0c26cd5778b457a4c8f903b24300a463665b48069d15991ca284c0faa627e3e6f99ce58e568ea46bf2a5ed9ffdf584cada884525a53c2ceabda9ba0,JF153499,,2/19/2022 17:20,30,TRAFFIC SIGNAL,UNKNOWN,CLEAR,DUSK,TURNING,OTHER,,STRAIGHT AND LEVEL,DRY,NO DEFECTS,NOT ON SCENE (DESK REPORT),NO INJURY / DRIVE AWAY,,,Y,"$501 - $1,500",2/23/2022 12:00,IMPROPER TURNING/NO SIGNAL,NOT APPLICABLE,1800,S,LOOMIS ST,1233,,,,,,,2,NO INDICATION OF INJURY,0,0,0,0,0,3,0,17,7,2,41.85786355,-87.66146632,POINT (-87.66146632242 41.857863551436)
69629a76f4fdbce062215ab4bac24471191bd35c72223b3cb6d638d80afe1ea5bf626afbec54399e076186eb06486adacb36a5b9c02b2fb889b9831fcd4873e8,JF186072,,3/25/2022 8:55,30,NO CONTROLS,NO CONTROLS,CLEAR,DAYLIGHT,REAR END,NOT DIVIDED,,STRAIGHT AND LEVEL,DRY,NO DEFECTS,NOT ON SCENE (DESK REPORT),NO INJURY / DRIVE AWAY,,,Y,"$501 - $1,500",3/25/2022 11:50,UNABLE TO DETERMINE,NOT APPLICABLE,2600,N,PULASKI RD,2524,,,,,,,2,NO INDICATION OF INJURY,0,0,0,0,0,3,0,8,6,3,41.92822191,-87.72702494,POINT (-87.727024942983 41.928221906766)
5ebcc659f95a11a0964abce8d19f0d45bf779189ee47c7a302ff276b28b455f2fa76de90dd42ea5fd4501540163daf2a94e736bb79c19cb5e0a61eaf1b3873af,JE114787,,1/16/2021 17:30,35,TRAFFIC SIGNAL,FUNCTIONING PROPERLY,CLEAR,"DARKNESS, LIGHTED ROAD",TURNING,ONE-WAY,,STRAIGHT AND LEVEL,DRY,NO DEFECTS,,INJURY AND / OR TOW DUE TO CRASH,Y,,Y,$500 OR LESS,1/16/2021 17:35,IMPROPER LANE USAGE,UNABLE TO DETERMINE,500,N,LOWER MICHIGAN AVE,1834,,,,,,,2,"REPORTED, NOT EVIDENT",1,0,0,0,1,3,0,17,7,1,41.89096978,-87.62430764,POINT (-87.624307641776 41.890969780111)
695005f81ce29ca2a9f9a1762d4c03970c6260d373adabd087ec6c9bdcf7bf3b0c350135d16f7abc6c439102f538a35a18ee1d5424fd125192beacb1ed65b465,JE460845,,11/29/2021 21:45,30,NO CONTROLS,NO CONTROLS,CLEAR,"DARKNESS, LIGHTED ROAD",TURNING,FOUR WAY,,STRAIGHT AND LEVEL,DRY,NO DEFECTS,,NO INJURY / DRIVE AWAY,,,Y,"OVER $1,500",11/30/2021 0:10,FAILING TO YIELD RIGHT-OF-WAY,"OPERATING VEHICLE IN ERRATIC, RECKLESS, CARELESS, NEGLIGENT OR AGGRESSIVE MANNER",617,N,OGDEN AVE,1214,,,,,,,2,NO INDICATION OF INJURY,0,0,0,0,0,2,0,21,2,11,41.89309677,-87.65710111,POINT (-87.657101105917 41.893096766985)
2485ed9adedf60ac44fc19b1d3730cef26d0a1c30d21c6cea2807580f95c87d687160b20752ff624cbcac6a909e9bfd601250d70aa058daa4fb28b489a09922a,JF150023,Y,2/19/2022 22:30,35,NO CONTROLS,NO CONTROLS,CLEAR,"DARKNESS, LIGHTED ROAD",PARKED MOTOR VEHICLE,NOT DIVIDED,,STRAIGHT AND LEVEL,DRY,NO DEFECTS,ON SCENE,NO INJURY / DRIVE AWAY,,,Y,"$501 - $1,500",2/19/2022 23:47,"OPERATING VEHICLE IN ERRATIC, RECKLESS, CARELESS, NEGLIGENT OR AGGRESSIVE MANNER",NOT APPLICABLE,1535,N,HOMAN AVE,1422,,,,,,,2,NO INDICATION OF INJURY,0,0,0,0,0,1,0,22,7,2,41.90929949,-87.71174173,POINT (-87.711741727597 41.90929948616)
5eede93e7a397ec8e780259cb69c511aae4ba5d88a8739fb7c1c6ee79e1f43ebce6c882759c3ccd7801cb08e401307cb1bc63d26869b25ae6e679f6cad4bd3b9,JF179290,,3/19/2022 12:20,30,TRAFFIC SIGNAL,NO CONTROLS,RAIN,DAYLIGHT,FIXED OBJECT,DIVIDED - W/MEDIAN BARRIER,,STRAIGHT AND LEVEL,WET,NO DEFECTS,ON SCENE,INJURY AND / OR TOW DUE TO CRASH,,,,$500 OR LESS,3/19/2022 12:23,PHYSICAL CONDITION OF DRIVER,UNABLE TO DETERMINE,2357,W,MARQUETTE RD,832,,,,,,,1,"REPORTED, NOT EVIDENT",1,0,0,0,1,1,0,12,7,3,41.77187085,-87.68328092,POINT (-87.68328092354 41.771870853173)
5f7d43c154c03bb557650873aa4e0d1e6f5da08dc17aadb72f32ba06f685cd6686964e7160a38496c5d05d62e3170d79512bb3b5e27d8f5ed79eb67b886f17db,JF179590,,3/19/2022 15:50,15,NO CONTROLS,NO CONTROLS,RAIN,DAYLIGHT,FIXED OBJECT,ALLEY,,STRAIGHT AND LEVEL,WET,NO DEFECTS,ON SCENE,NO INJURY / DRIVE AWAY,,,,"OVER $1,500",3/19/2022 16:57,WEATHER,UNABLE TO DETERMINE,8407,S,MUSKEGON AVE,423,,,,,,,1,NO INDICATION OF INJURY,0,0,0,0,0,1,0,15,7,3,41.74253062,-87.55501613,POINT (-87.555016127997 41.742530616993)
6064fbfa916c4a0c2fad6f1d8fb81c904af3dce03b9a095e60609db98919a56424520268cf23e4dae576e7f8143d39914904f82d0b7dc90f0a821149896eaa04,,,4/3/2022 1:43,30,TRAFFIC SIGNAL,FUNCTIONING PROPERLY,RAIN,"DARKNESS, LIGHTED ROAD",TURNING,T-INTERSECTION,,STRAIGHT AND LEVEL,WET,UNKNOWN,ON SCENE,INJURY AND / OR TOW DUE TO CRASH,Y,,,"OVER $1,500",4/3/2022 2:19,DISREGARDING TRAFFIC SIGNALS,DISREGARDING TRAFFIC SIGNALS,4300,S,HALSTED ST,925,,,,,,,2,NO INDICATION OF INJURY,0,0,0,0,0,5,0,1,1,4,41.81611303,-87.64587156,POINT (-87.645871563037 41.816113029851)
25d96a587a850977d2ce4f045e2fd8ad01390a7b5d85370a7594a2dc62e0250f7457b523609bbd0b30c70282bbec7cb81d376bd606a6c42bf0ebc77fa001ece8,JF149602,,2/19/2022 12:50,30,NO CONTROLS,NO CONTROLS,CLEAR,DAYLIGHT,PARKED MOTOR VEHICLE,NOT DIVIDED,,STRAIGHT AND LEVEL,DRY,NO DEFECTS,ON SCENE,INJURY AND / OR TOW DUE TO CRASH,,,,"OVER $1,500",2/19/2022 14:50,FAILING TO REDUCE SPEED TO AVOID CRASH,IMPROPER LANE USAGE,3033,W,CERMAK RD,1033,,,,,,,2,NO INDICATION OF INJURY,0,0,0,0,0,1,0,12,7,2,41.85170859,-87.70151949,POINT (-87.701519490916 41.851708590512)
c7570578693c37150cca17b97d54287c943d98ba97b3d8b48d891d20c6a7e9fca24c7d8623e65ad2765accfe41d036eb228e503e195a083f39e25cee704e3024,JF171926,,3/12/2022 19:05,30,NO CONTROLS,NO CONTROLS,CLEAR,DAYLIGHT,REAR END,NOT DIVIDED,,STRAIGHT AND LEVEL,DRY,NO DEFECTS,NOT ON SCENE (DESK REPORT),NO INJURY / DRIVE AWAY,,,,$500 OR LESS,3/12/2022 19:45,UNABLE TO DETERMINE,NOT APPLICABLE,1357,W,18TH ST,1233,,,,,,,2,NO INDICATION OF INJURY,0,0,0,0,0,2,0,19,7,3,41.85777042,-87.66106498,POINT (-87.661064981221 41.857770421372)
264364b2e3e69a36b1968fa36d2ada1cec407d0229a2d4060eb4fd432e8478e84c9cc071576ae2462b8afd5f588f7901afa736a8fa8e55f9324f2b40d5668663,JF149325,,2/19/2022 9:35,30,TRAFFIC SIGNAL,FUNCTIONING PROPERLY,CLEAR,DAYLIGHT,SIDESWIPE SAME DIRECTION,DIVIDED - W/MEDIAN (NOT RAISED),,STRAIGHT AND LEVEL,DRY,NO DEFECTS,ON SCENE,NO INJURY / DRIVE AWAY,Y,,,"$501 - $1,500",2/19/2022 9:45,IMPROPER OVERTAKING/PASSING,NOT APPLICABLE,1550,W,ADDISON ST,1922,,,,,,,2,NO INDICATION OF INJURY,0,0,0,0,0,3,0,9,7,2,41.94710464,-87.66846856,POINT (-87.668468558351 41.947104638382)
264cc896dcca3ce648a874242df9bb030f287cea027cf8105c7eb1a0214914789b41b2a83cbeb29f4eecc66ae0d720bae03eed92c8a37ffea028f431e4565017,JF149772,,2/19/2022 17:20,30,TRAFFIC SIGNAL,UNKNOWN,CLEAR,DUSK,REAR END,NOT DIVIDED,,STRAIGHT AND LEVEL,UNKNOWN,UNKNOWN,NOT ON SCENE (DESK REPORT),NO INJURY / DRIVE AWAY,,,Y,"OVER $1,500",2/19/2022 17:40,FAILING TO REDUCE SPEED TO AVOID CRASH,FAILING TO REDUCE SPEED TO AVOID CRASH,921,N,KEDZIE AVE,1211,,,,,,,2,NO INDICATION OF INJURY,0,0,0,0,0,3,0,17,7,2,41.89828555,-87.70649868,POINT (-87.706498674705 41.898285552187)
c834536751a0f0f8137772c388d72fafff35bc8ea6f2990f269d0b0ebfaaa9b52bab6f291d53a017d4eb5779580d702ae0797e21aed10eae6b17962510e2514c,JF171623,,3/12/2022 15:30,30,TRAFFIC SIGNAL,FUNCTIONING PROPERLY,CLEAR,DAYLIGHT,REAR END,DIVIDED - W/MEDIAN BARRIER,,STRAIGHT AND LEVEL,DRY,NO DEFECTS,ON SCENE,INJURY AND / OR TOW DUE TO CRASH,,,,"OVER $1,500",3/12/2022 15:35,UNABLE TO DETERMINE,UNABLE TO DETERMINE,4300,S,CICERO AVE,814,,,,,,,2,NO INDICATION OF INJURY,0,0,0,0,0,2,0,15,7,3,41.81483675,-87.74350148,POINT (-87.743501480634 41.81483675036)
6e0ef4ac778853ebbe7971a3ad0fe5ec688db1df582ef42be902e8664baaede67f86d8c867a045ffc8a40e1dad086105a09976d85d70ecc1f7fb3fc5634f0700,JF186112,,3/25/2022 12:00,30,STOP SIGN/FLASHER,FUNCTIONING PROPERLY,CLEAR,DAYLIGHT,ANGLE,NOT DIVIDED,,STRAIGHT AND LEVEL,DRY,NO DEFECTS,NOT ON SCENE (DESK REPORT),NO INJURY / DRIVE AWAY,Y,,,"OVER $1,500",3/25/2022 12:25,DISREGARDING STOP SIGN,FAILING TO YIELD RIGHT-OF-WAY,6200,W,BRYN MAWR AVE,1622,,,,,,,2,NO INDICATION OF INJURY,0,0,0,0,0,2,0,12,6,3,41.98302366,-87.78363025,POINT (-87.783630251292 41.983023658824)
6e32f378133fb5f56ee1413206a394ffb6ac67b2bdd051173c8b60238abb0dc272addb9889182b647abfb62f4f49e4cafabc47a234910ebffb075fa7cbf12944,JF185785,,3/25/2022 7:48,30,TRAFFIC SIGNAL,FUNCTIONING PROPERLY,RAIN,DAYLIGHT,REAR END,FOUR WAY,,STRAIGHT AND LEVEL,WET,NO DEFECTS,ON SCENE,INJURY AND / OR TOW DUE TO CRASH,Y,,,"OVER $1,500",3/25/2022 7:49,FOLLOWING TOO CLOSELY,DRIVING SKILLS/KNOWLEDGE/EXPERIENCE,5939,N,PULASKI RD,1711,,Y,,,,,2,NONINCAPACITATING INJURY,1,0,0,1,0,2,0,7,6,3,41.98951508,-87.72846312,POINT (-87.7284631233 41.989515084105)
150e63f76b79a2c40dbde06b7480a513d692ce860665b19cf18bc92cb630e33a335b9b27b1b37ba5f923561c17cc9489a72f0f3fa53b8ab84bef49930dfbd640,JE359311,,9/2/2021 16:40,30,TRAFFIC SIGNAL,FUNCTIONING PROPERLY,CLEAR,DAYLIGHT,PEDALCYCLIST,"FIVE POINT, OR MORE",,STRAIGHT AND LEVEL,DRY,NO DEFECTS,,INJURY AND / OR TOW DUE TO CRASH,N,,,"$501 - $1,500",9/2/2021 18:40,"VISION OBSCURED (SIGNS, TREE LIMBS, BUILDINGS, ETC.)",NOT APPLICABLE,1901,N,LINCOLN PARK WEST,1814,,,,,,,2,NONINCAPACITATING INJURY,1,0,0,1,0,1,0,16,5,9,41.91660704,-87.63617257,POINT (-87.636172573171 41.916607038578)
1513c4e320663d118bfa282c580bac1b1ba9982c85feed0f617d82640b5f26154b4f6257203b5da650e51af49dfbe07dc10346f3f6b6d5218ac1c9ff933d7d73,JE425860,Y,10/28/2021 18:10,30,TRAFFIC SIGNAL,UNKNOWN,RAIN,"DARKNESS, LIGHTED ROAD",TURNING,NOT DIVIDED,,STRAIGHT AND LEVEL,WET,UNKNOWN,,INJURY AND / OR TOW DUE TO CRASH,Y,,Y,"OVER $1,500",10/28/2021 18:40,FAILING TO YIELD RIGHT-OF-WAY,UNABLE TO DETERMINE,1600,E,MARQUETTE DR,331,,,,,,,2,NO INDICATION OF INJURY,0,0,0,0,0,3,0,18,5,10,41.77528611,-87.58622347,POINT (-87.586223465209 41.775286111575)
1523b912c766fd38897ef5b5ad28f73c9c7108faf5de50c7d8fe075de3dc397b6bdebde52dfc9019fdeb2326a0d5f3d88bc384eed79c90276ef3cbabd0d3f606,JD383525,,9/29/2020 13:55,15,NO CONTROLS,NO CONTROLS,CLEAR,DAYLIGHT,PARKED MOTOR VEHICLE,PARKING LOT,,STRAIGHT AND LEVEL,DRY,NO DEFECTS,,NO INJURY / DRIVE AWAY,,Y,,"OVER $1,500",9/29/2020 18:40,IMPROPER TURNING/NO SIGNAL,FAILING TO REDUCE SPEED TO AVOID CRASH,5200,W,ADDISON ST,1634,,,,,,,2,NO INDICATION OF INJURY,0,0,0,0,0,2,0,13,3,9,41.94610866,-87.75704703,POINT (-87.75704702771 41.946108663844)
26f551c76d9d50f049aa7daf49befdc8cf466f5e4be008d444cfb5d030aaae1307e3b619d97f0105f59724e5e68b79dc52f00ad719f4f614792a40b6d2fedd59,JE368327,,9/10/2021 10:55,30,STOP SIGN/FLASHER,FUNCTIONING PROPERLY,CLEAR,DAYLIGHT,TURNING,DIVIDED - W/MEDIAN (NOT RAISED),,STRAIGHT AND LEVEL,DRY,NO DEFECTS,,NO INJURY / DRIVE AWAY,Y,,,"$501 - $1,500",9/10/2021 12:10,IMPROPER LANE USAGE,UNABLE TO DETERMINE,1721,W,GRAND AVE,1215,,,,,,,2,NO INDICATION OF INJURY,0,0,0,0,0,3,0,10,6,9,41.89082038,-87.67048147,POINT (-87.670481470461 41.890820379146)
c99ccfb98b62b9202c52ad46a971ba9601c471f129ba5713e6210c3a637735f01598a828641b88166d62e38e4568e311f63b1c5ca56dfd84aa07397c19f9f5a0,JF171842,Y,3/12/2022 17:10,30,TRAFFIC SIGNAL,FUNCTIONING PROPERLY,CLEAR,DAYLIGHT,SIDESWIPE SAME DIRECTION,DIVIDED - W/MEDIAN (NOT RAISED),,STRAIGHT AND LEVEL,DRY,NO DEFECTS,NOT ON SCENE (DESK REPORT),NO INJURY / DRIVE AWAY,,,Y,"OVER $1,500",3/12/2022 18:10,UNABLE TO DETERMINE,UNABLE TO DETERMINE,301,S,COLUMBUS DR,114,,,,,,,2,NO INDICATION OF INJURY,0,0,0,0,0,2,0,17,7,3,41.87826992,-87.62052861,POINT (-87.620528612011 41.87826991907)
5dfd5ac91f02cff7a378a5329a1f000bd8bf62b0458f69cfadeaec3bc452031643065b8b6c063fd2de2ec9962c85b9e704e5d0b912e29cd636e47ff9051fa514,JF179694,,3/19/2022 15:30,30,TRAFFIC SIGNAL,FUNCTIONING PROPERLY,RAIN,DAYLIGHT,REAR END,DIVIDED - W/MEDIAN (NOT RAISED),,STRAIGHT AND LEVEL,WET,NO DEFECTS,,INJURY AND / OR TOW DUE TO CRASH,Y,,,"OVER $1,500",3/19/2022 19:00,FOLLOWING TOO CLOSELY,FAILING TO REDUCE SPEED TO AVOID CRASH,751,N,HALSTED ST,1214,,,,,,,2,"REPORTED, NOT EVIDENT",2,0,0,0,2,1,0,15,7,3,41.89638468,-87.64759748,POINT (-87.647597483287 41.896384683474)
6e8be7863013bcb601695ae006382de4c5b39b6362f974b099d6508b0e79ab1a1a523c453bb6710b853993f9c9cfd5f5f895be64be5113e1c8986aaef4182e62,JF185762,,3/25/2022 6:07,30,NO CONTROLS,NO CONTROLS,CLOUDY/OVERCAST,DAWN,REAR END,DIVIDED - W/MEDIAN BARRIER,,STRAIGHT AND LEVEL,WET,WORN SURFACE,ON SCENE,INJURY AND / OR TOW DUE TO CRASH,,,Y,"OVER $1,500",3/25/2022 6:13,FAILING TO REDUCE SPEED TO AVOID CRASH,UNABLE TO DETERMINE,754,W,GARFIELD BLVD,935,,,,,,,2,NO INDICATION OF INJURY,0,0,0,0,0,2,0,6,6,3,41.79441531,-87.64489156,POINT (-87.644891555591 41.794415311759)
1598e93d616ee195469be23077ca1b629147dbe51e1b61284aeb2b941250f1461b20d61e2009c603265dba0661fa2d7be8d30521285379c729d696cec91fdea6,JF156403,,2/26/2022 4:52,5,UNKNOWN,UNKNOWN,CLEAR,UNKNOWN,PARKED MOTOR VEHICLE,UNKNOWN,,STRAIGHT AND LEVEL,UNKNOWN,UNKNOWN,NOT ON SCENE (DESK REPORT),NO INJURY / DRIVE AWAY,,,Y,"OVER $1,500",2/26/2022 5:30,UNABLE TO DETERMINE,NOT APPLICABLE,1835,E,95TH ST,431,,,,,,,2,NO INDICATION OF INJURY,0,0,0,0,0,1,0,4,7,2,41.72231522,-87.57885432,POINT (-87.578854323402 41.72231521886)
2885683e4b723011f825d8e81665d89566613ddc72486e69d6be8bc81add056ea5c662ae99eb9f56b5700f8124e3db7b6cc804dc4a49cc8f6ca86be665d002a2,JF154058,,2/19/2022 5:00,30,NO CONTROLS,NO CONTROLS,CLEAR,DARKNESS,PARKED MOTOR VEHICLE,ONE-WAY,,STRAIGHT AND LEVEL,DRY,NO DEFECTS,NOT ON SCENE (DESK REPORT),NO INJURY / DRIVE AWAY,,,Y,"$501 - $1,500",2/23/2022 20:10,UNABLE TO DETERMINE,UNABLE TO DETERMINE,1962,N,BISSELL ST,1813,,,,,,,2,NO INDICATION OF INJURY,0,0,0,0,0,1,0,5,7,2,41.91774512,-87.65228707,POINT (-87.652287069075 41.917745114848)
625b6bc12313a4a2767fb1e8589b1c5bda40c56c5de2557e297769362653651a862bcc0046d9b3e709be812f6c81054fcd0d090e340e928fd607507adabe0f84,,,4/3/2022 4:15,35,NO CONTROLS,NO CONTROLS,RAIN,"DARKNESS, LIGHTED ROAD",FIXED OBJECT,NOT DIVIDED,,STRAIGHT AND LEVEL,WET,NO DEFECTS,ON SCENE,INJURY AND / OR TOW DUE TO CRASH,,,Y,"OVER $1,500",4/3/2022 4:21,FAILING TO REDUCE SPEED TO AVOID CRASH,NOT APPLICABLE,324,S,LARAMIE AVE,1522,,,,,,,1,NO INDICATION OF INJURY,0,0,0,0,0,1,0,4,1,4,41.87579572,-87.75504255,POINT (-87.755042549612 41.875795717752)