CRASH_RECORD_ID,RD_NO,CRASH_DATE_EST_I,CRASH_DATE,POSTED_SPEED_LIMIT,TRAFFIC_CONTROL_DEVICE,DEVICE_CONDITION,WEATHER_CONDITION,LIGHTING_CONDITION,FIRST_CRASH_TYPE,TRAFFICWAY_TYPE,LANE_CNT,ALIGNMENT,ROADWAY_SURFACE_COND,ROAD_DEFECT,REPORT_TYPE,CRASH_TYPE,INTERSECTION_RELATED_I,NOT_RIGHT_OF_WAY_I,HIT_AND_RUN_I,DAMAGE,DATE_POLICE_NOTIFIED,PRIM_CONTRIBUTORY_CAUSE,SEC_CONTRIBUTORY_CAUSE,STREET_NO,STREET_DIRECTION,STREET_NAME,BEAT_OF_OCCURRENCE,PHOTOS_TAKEN_I,STATEMENTS_TAKEN_I,DOORING_I,WORK_ZONE_I,WORK_ZONE_TYPE,WORKERS_PRESENT_I,NUM_UNITS,MOST_SEVERE_INJURY,INJURIES_TOTAL,INJURIES_FATAL,INJURIES_INCAPACITATING,INJURIES_NON_INCAPACITATING,INJURIES_REPORTED_NOT_EVIDENT,INJURIES_NO_INDICATION,INJURIES_UNKNOWN,CRASH_HOUR,CRASH_DAY_OF_WEEK,CRASH_MONTH,LATITUDE,LONGITUDE,LOCATION
cac8d44ac6ec71eb8240c62516ea4447217b517e648a57fdacb5b5f77ec80669c6e86cf788ad6be9781bc72e28164a08b10d971becae2a827c97b7990cca8c03,JF172074,,3/12/2022 23:11,30,NO CONTROLS,NO CONTROLS,CLEAR,"DARKNESS, LIGHTED ROAD",PARKED MOTOR VEHICLE,ONE-WAY,,STRAIGHT AND LEVEL,DRY,NO DEFECTS,ON SCENE,INJURY AND / OR TOW DUE TO CRASH,,,,"OVER $1,500",3/12/2022 23:49,DRIVING SKILLS/KNOWLEDGE/EXPERIENCE,NOT APPLICABLE,4330,N,ALBANY AVE,1724,,,,,,,2,NO INDICATION OF INJURY,0,0,0,0,0,1,0,23,7,3,41.96031841,-87.7059229,POINT (-87.705922896936 41.960318406992)
5e7cb301208f3682226fc2a04e6fde1fee993f51468a3d52a5a2f24f5ce94b3cf8d9829924338402db96fff776275cccf54033de2ffbada33df275100b115ffd,JF164197,,3/5/2022 11:30,30,NO CONTROLS,NO CONTROLS,CLEAR,DAYLIGHT,PARKED MOTOR VEHICLE,ONE-WAY,,STRAIGHT AND LEVEL,UNKNOWN,UNKNOWN,NOT ON SCENE (DESK REPORT),NO INJURY / DRIVE AWAY,,,Y,"OVER $1,500",3/5/2022 13:15,UNABLE TO DETERMINE,NOT APPLICABLE,4230,S,DR MARTIN LUTHER KING JR DR,213,,,,,,,2,NO INDICATION OF INJURY,0,0,0,0,0,1,0,11,7,3,41.81748551,-87.61696316,POINT (-87.616963163475 41.817485506221)
1755052295ef6d519528d36acf66d3e22ca0141171e633eebaa6660bda7aa0a36892f089ea948003e60362167988b74345001cc013846038e107c22cab155796,JF156329,,2/26/2022 1:03,30,TRAFFIC SIGNAL,FUNCTIONING PROPERLY,CLEAR,"DARKNESS, LIGHTED ROAD",REAR END,FOUR WAY,,STRAIGHT AND LEVEL,DRY,UNKNOWN,ON SCENE,NO INJURY / DRIVE AWAY,Y,,Y,"OVER $1,500",2/26/2022 1:41,UNABLE TO DETERMINE,UNABLE TO DETERMINE,7505,S,STONY ISLAND AVE,411,,,,,,,2,NO INDICATION OF INJURY,0,0,0,0,0,2,0,1,7,2,41.75860676,-87.58558844,POINT (-87.585588440432 41.758606761304)
175ad0980890dc6f90c57ebee47822e6c35d6e9d383e9e81d760f560cb4e52e9d07dcaf5734e31b3c3932aa540d85cd042cec6060b2a1f9e94bd027d00be119d,JF156889,,2/26/2022 15:50,30,NO CONTROLS,NO CONTROLS,CLEAR,DAYLIGHT,PARKED MOTOR VEHICLE,NOT DIVIDED,,STRAIGHT AND LEVEL,DRY,NO DEFECTS,ON SCENE,NO INJURY / DRIVE AWAY,,,,"OVER $1,500",2/26/2022 16:02,FOLLOWING TOO CLOSELY,UNABLE TO DETERMINE,4522,N,MILWAUKEE AVE,1623,,,,,,,2,NO INDICATION OF INJURY,0,0,0,0,0,1,0,15,7,2,41.96295007,-87.7566614,POINT (-87.756661400564 41.962950066774)
cbd7964018d243cc4cff5bf0320c26e743e1f1a21fd85939957f098c6fabc2d89075994a4b6b1732f5c74ceebfdf396a41cc9f3bb5c8062c014b3db5000a7604,JF171847,,3/12/2022 9:10,30,RAILROAD CROSSING GATE,UNKNOWN,CLEAR,DAYLIGHT,SIDESWIPE SAME DIRECTION,DIVIDED - W/MEDIAN (NOT RAISED),,STRAIGHT AND LEVEL,DRY,NO DEFECTS,NOT ON SCENE (DESK REPORT),NO INJURY / DRIVE AWAY,,,,"OVER $1,500",3/12/2022 18:15,IMPROPER OVERTAKING/PASSING,UNABLE TO DETERMINE,7100,S,STONY ISLAND AVE,324,,,,,,,2,NO INDICATION OF INJURY,0,0,0,0,0,2,0,9,7,3,41.76592819,-87.58647008,POINT (-87.586470077922 41.76592819222)
5f9f251fabebc820d8f81bdd616795b97b45564ed0f9f74da04f379d6db0255fcb1e3545ba50bc2695ce774f00b55cf5c550e928a2e30b43400e55d9a448b128,JF163756,,3/5/2022 1:15,35,NO CONTROLS,NO CONTROLS,CLEAR,"DARKNESS, LIGHTED ROAD",REAR END,DIVIDED - W/MEDIAN BARRIER,,STRAIGHT AND LEVEL,DRY,NO DEFECTS,ON SCENE,INJURY AND / OR TOW DUE TO CRASH,,,,"OVER $1,500",3/5/2022 1:15,FOLLOWING TOO CLOSELY,UNABLE TO DETERMINE,112,W,87TH ST,622,N,Y,,,,,2,INCAPACITATING INJURY,2,0,1,1,0,2,0,1,7,3,41.73638005,-87.62750922,POINT (-87.627509219026 41.736380045588)
62cb5487c6480f1c89dc5864f5fe6c32d976b07ed0fda11f2cd93fc54aab9e83e688aff21526ed8c19139308c33fb338593df0ee151df1dcf695fccae3aae13e,JD291299,,7/9/2020 9:49,30,STOP SIGN/FLASHER,FUNCTIONING PROPERLY,CLEAR,DAYLIGHT,REAR END,NOT DIVIDED,,STRAIGHT AND LEVEL,DRY,NO DEFECTS,,INJURY AND / OR TOW DUE TO CRASH,,,Y,"$501 - $1,500",7/9/2020 9:49,FAILING TO YIELD RIGHT-OF-WAY,FOLLOWING TOO CLOSELY,2400,W,ROSCOE ST,1921,,,,,,,2,"REPORTED, NOT EVIDENT",1,0,0,0,1,1,0,9,5,7,41.94320647,-87.68825611,POINT (-87.688256107495 41.94320647326)
1874c7fa068e3749247479cdf4fc166a0146c1585c454a870a3694d3663591516bde0d6ba0d7b15f5dde79e8ddd343eef3cea78701882989b6232c8536d65f54,JF171660,,3/12/2022 14:47,30,NO CONTROLS,NO CONTROLS,CLEAR,DAYLIGHT,REAR END,DIVIDED - W/MEDIAN (NOT RAISED),,STRAIGHT AND LEVEL,DRY,NO DEFECTS,,NO INJURY / DRIVE AWAY,,,,"OVER $1,500",3/12/2022 15:30,FOLLOWING TOO CLOSELY,UNABLE TO DETERMINE,800,W,WRIGHTWOOD AVE,1935,,,,,,,3,NO INDICATION OF INJURY,0,0,0,0,0,4,0,14,7,3,41.92919321,-87.64894931,POINT (-87.648949313167 41.929193209157)
cc2c6aeb4f1affbfd975c5345bc3a907af9ce28523d4cf758609be3a16702d5a12ce1b103a8163f4d6aa38989b5496835317c2ef5a3986cc1e4ecfa12f7d33b5,JF172010,,3/12/2022 21:20,30,STOP SIGN/FLASHER,FUNCTIONING PROPERLY,CLEAR,"DARKNESS, LIGHTED ROAD",REAR END,NOT DIVIDED,,STRAIGHT AND LEVEL,DRY,NO DEFECTS,ON SCENE,NO INJURY / DRIVE AWAY,Y,,,$500 OR LESS,3/12/2022 21:22,FOLLOWING TOO CLOSELY,UNABLE TO DETERMINE,102,E,75TH ST,323,,,,,,,2,NO INDICATION OF INJURY,0,0,0,0,0,3,0,21,7,3,41.75840508,-87.6213734,POINT (-87.621373400167 41.758405076229)
1801174974e501f481d1abbd86672d27161f14d028ca1dbead192491deb8bb36df7727a3f810c27e94d72a7924f664b28a7c3fb2f09c154e61494b43276fee69,JF158503,,2/26/2022 17:00,30,TRAFFIC SIGNAL,FUNCTIONING PROPERLY,CLEAR,DUSK,REAR END,NOT DIVIDED,,STRAIGHT AND LEVEL,DRY,NO DEFECTS,NOT ON SCENE (DESK REPORT),NO INJURY / DRIVE AWAY,,,Y,"$501 - $1,500",2/28/2022 10:45,FAILING TO YIELD RIGHT-OF-WAY,UNABLE TO DETERMINE,1000,E,130TH ST,532,Y,,,,,,2,NO INDICATION OF INJURY,0,0,0,0,0,2,0,17,7,2,41.65958318,-87.59760738,POINT (-87.597607376284 41.659583177355)
18821a3e92eca65ba5ab238abf88a3660c46905baf0c84ab7884c45efdad447de5d71694b00867865c983f315026b4ab47b10c619bdea97afe5c5e216a9c7c2e,JF156680,,2/26/2022 12:21,30,TRAFFIC SIGNAL,FUNCTIONING PROPERLY,CLEAR,DAYLIGHT,TURNING,CENTER TURN LANE,,STRAIGHT AND LEVEL,DRY,NO DEFECTS,ON SCENE,INJURY AND / OR TOW DUE TO CRASH,Y,,,"OVER $1,500",2/26/2022 12:21,UNABLE TO DETERMINE,UNABLE TO DETERMINE,5599,W,FULLERTON AVE,2515,,,,,,,2,"REPORTED, NOT EVIDENT",2,0,0,0,2,2,0,12,7,2,41.92387203,-87.76592699,POINT (-87.765926987972 41.923872026899)
6faf149c9bababbe90f1e768eab70857d57ba7cf3be8dc2e1802cfed0f44c9ac736fb25bf5d286538dbab477ea16c3c4a3b3adda055c980e919a047b93b0b2e4,JF186364,Y,3/25/2022 14:00,30,NO CONTROLS,NO CONTROLS,CLEAR,DAYLIGHT,TURNING,DIVIDED - W/MEDIAN (NOT RAISED),,STRAIGHT AND LEVEL,DRY,NO DEFECTS,ON SCENE,INJURY AND / OR TOW DUE TO CRASH,,,,"OVER $1,500",3/25/2022 14:19,IMPROPER TURNING/NO SIGNAL,FAILING TO YIELD RIGHT-OF-WAY,1522,W,18TH ST,1233,,,,,,,2,NO INDICATION OF INJURY,0,0,0,0,0,2,0,14,6,3,41.85793107,-87.6646959,POINT (-87.664695900319 41.85793107125)
63b49650861d25666fc68a01f54595541c5618df84dbd67261f3e089a18a0f13b8705b98d350d641cd83b0ea85a0dfd10322c44a3f25b00417ac015a5aca9e02,JD306092,,7/22/2020 12:17,30,NO CONTROLS,NO CONTROLS,CLEAR,DAYLIGHT,REAR END,NOT DIVIDED,,STRAIGHT AND LEVEL,DRY,UNKNOWN,,NO INJURY / DRIVE AWAY,Y,,Y,"$501 - $1,500",7/22/2020 13:33,UNABLE TO DETERMINE,UNABLE TO DETERMINE,220,W,47TH ST,925,,,,,,,2,NO INDICATION OF INJURY,0,0,0,0,0,2,0,12,4,7,41.80923716,-87.6318671,POINT (-87.631867098157 41.809237163628)
6f7df2e39b0a4f31ca1472062ba9ab22a1aeaf4ca5e0d3197e8b3a8532cf4814a6088383843c0879fd0a611764d5272b1b6ecd5510c5861864cda67d6dcc10d8,JE472925,,12/10/2021 17:00,30,STOP SIGN/FLASHER,FUNCTIONING PROPERLY,CLOUDY/OVERCAST,DUSK,PEDESTRIAN,T-INTERSECTION,,STRAIGHT AND LEVEL,DRY,NO DEFECTS,,INJURY AND / OR TOW DUE TO CRASH,Y,,,"OVER $1,500",12/10/2021 17:02,UNABLE TO DETERMINE,NOT APPLICABLE,2001,N,RACINE AVE,1811,,,,,,,2,NONINCAPACITATING INJURY,1,0,0,1,0,1,0,17,6,12,41.91812779,-87.6580755,POINT (-87.658075501724 41.918127792998)
cc74f9f0e93429cf5ceaf107b72601be348d8ee06e86afb7601973f04ccfe2502f049be08dc5766d4633582d09ce1cfeead0fef3758283f23eb071f565ccbe13,JF171925,,3/12/2022 18:45,30,TRAFFIC SIGNAL,FUNCTIONING PROPERLY,CLEAR,"DARKNESS, LIGHTED ROAD",SIDESWIPE SAME DIRECTION,NOT DIVIDED,,STRAIGHT AND LEVEL,DRY,NO DEFECTS,NOT ON SCENE (DESK REPORT),NO INJURY / DRIVE AWAY,,,,"$501 - $1,500",3/12/2022 19:45,IMPROPER OVERTAKING/PASSING,NOT APPLICABLE,3939,W,FULLERTON AVE,2525,,,,,,,2,NO INDICATION OF INJURY,0,0,0,0,0,2,0,18,7,3,41.92438315,-87.72586366,POINT (-87.725863662836 41.92438315083)
cc8cbe7b97d80e54829d1431f19da3361adec47252669a32983c1c4e1536e3a2551644190dcad883c2cbd38d2b5fd66e1945351c9bc7d63df2546936936ef30f,JF172024,,3/12/2022 21:30,30,NO CONTROLS,NO CONTROLS,CLEAR,"DARKNESS, LIGHTED ROAD",SIDESWIPE SAME DIRECTION,NOT DIVIDED,,STRAIGHT AND LEVEL,DRY,NO DEFECTS,NOT ON SCENE (DESK REPORT),NO INJURY / DRIVE AWAY,,,,"OVER $1,500",3/12/2022 22:15,UNABLE TO DETERMINE,UNABLE TO DETERMINE,722,W,GRAND AVE,1214,,,,,,,2,NO INDICATION OF INJURY,0,0,0,0,0,2,0,21,7,3,41.89130556,-87.64680663,POINT (-87.646806628471 41.891305557856)
2a205a20c1d616d8eafefdea817a1ef8c3feab033cbb9eff37bba20eb9c70e43227d0f7df3075db53f441b4106455febdb5b445857e90e8bce7143e6f7b31fa2,JF149245,,2/19/2022 7:30,10,NO CONTROLS,NO CONTROLS,CLEAR,DAYLIGHT,SIDESWIPE SAME DIRECTION,NOT DIVIDED,,STRAIGHT AND LEVEL,DRY,NO DEFECTS,ON SCENE,NO INJURY / DRIVE AWAY,,,,$500 OR LESS,2/19/2022 7:35,FAILING TO YIELD RIGHT-OF-WAY,UNABLE TO DETERMINE,5700,S,CICERO AVE,813,,Y,,,,,2,NO INDICATION OF INJURY,0,0,0,0,0,2,0,7,7,2,41.78932932,-87.74164564,POINT (-87.741645644196 41.789329323265)
cc9961522bdc2a7d35184496ded552b166c8b1c302ba92bfc6a0de212d7f76fa9093539a3a93de996a0dd625f8aa671a3a8c518782d7d51c895475f62d8ce985,JF171773,,3/12/2022 16:15,30,UNKNOWN,UNKNOWN,CLEAR,DAYLIGHT,SIDESWIPE SAME DIRECTION,UNKNOWN,,STRAIGHT AND LEVEL,DRY,UNKNOWN,NOT ON SCENE (DESK REPORT),NO INJURY / DRIVE AWAY,,,,"OVER $1,500",3/12/2022 16:50,UNABLE TO DETERMINE,UNABLE TO DETERMINE,324,S,DESPLAINES ST,121,,,,,,,2,NO INDICATION OF INJURY,0,0,0,0,0,2,0,16,7,3,41.87725156,-87.64412491,POINT (-87.644124910952 41.877251555867)
70e02e7da85fe2e1b4887bd3701f76503cf00edf0729df2f20ea3540c29262ebd9bca75407e52b2f410f1688e8c888f5581872b76ded02ce1e817e09bc2147ab,JF186598,,3/25/2022 18:20,30,TRAFFIC SIGNAL,UNKNOWN,RAIN,DUSK,REAR END,NOT DIVIDED,,STRAIGHT AND LEVEL,UNKNOWN,UNKNOWN,NOT ON SCENE (DESK REPORT),NO INJURY / DRIVE AWAY,,,,"OVER $1,500",3/25/2022 19:15,UNABLE TO DETERMINE,UNABLE TO DETERMINE,7524,N,MILWAUKEE AVE,1611,,,,,,,2,NO INDICATION OF INJURY,0,0,0,0,0,2,0,18,6,3,42.01781491,-87.80673624,POINT (-87.806736237114 42.01781491259)
1976f7394b96b25887f2f5a6659af8ce6545923f6f436326c80d99249bf6b0b6700ac462cd2ef8da1c1025f95b8cec36f55842b002675f90bff649b1aa56a52f,JE142506,,2/14/2021 21:00,30,NO CONTROLS,NO CONTROLS,CLEAR,DAYLIGHT,REAR END,NOT DIVIDED,,STRAIGHT AND LEVEL,DRY,NO DEFECTS,,NO INJURY / DRIVE AWAY,,,N,"OVER $1,500",2/15/2021 16:27,FAILING TO REDUCE SPEED TO AVOID CRASH,DRIVING SKILLS/KNOWLEDGE/EXPERIENCE,6900,S,DAMEN AVE,735,,,,,,,2,NO INDICATION OF INJURY,0,0,0,0,0,2,0,21,1,2,41.76839298,-87.67377006,POINT (-87.673770056146 41.768392979654)
1978a1d79c9334eeb69ea2bc5507dfcad40fc0e22618305da18a76bebadc2aad85efc0a0ad2c77f3f7825f0ed1bffdb4fae01f155c42a0bf4be91df53971bb1d,JD376368,,9/23/2020 6:45,35,TRAFFIC SIGNAL,FUNCTIONING PROPERLY,CLEAR,DAYLIGHT,TURNING,FOUR WAY,,STRAIGHT AND LEVEL,DRY,NO DEFECTS,,NO INJURY / DRIVE AWAY,Y,,,"$501 - $1,500",9/23/2020 8:40,UNABLE TO DETERMINE,NOT APPLICABLE,9500,S,HALSTED ST,2223,,,,,,,2,NO INDICATION OF INJURY,0,0,0,0,0,3,0,6,4,9,41.72136506,-87.64335804,POINT (-87.643358042341 41.721365060783)
198447c76ec100743af48d0ea2d6b4dc3b593f4f2e3ba75b132c41e21490b415377c873c7abf990d0344f71f7465451d285d0d3aa0497763565c3d6b08765e01,JE320999,,7/31/2021 12:28,30,NO CONTROLS,FUNCTIONING PROPERLY,CLEAR,DAYLIGHT,ANGLE,FOUR WAY,,STRAIGHT AND LEVEL,DRY,NO DEFECTS,,INJURY AND / OR TOW DUE TO CRASH,Y,,,"OVER $1,500",7/31/2021 12:48,FAILING TO YIELD RIGHT-OF-WAY,DISREGARDING TRAFFIC SIGNALS,10700,S,VINCENNES AVE,2212,,,,,,,2,NO INDICATION OF INJURY,0,0,0,0,0,5,0,12,7,7,41.69938874,-87.65891336,POINT (-87.658913357315 41.699388741856)
19a07a9f852e9f41ab7d27f92406258ff36599a5b671b84f52d312e8bdb3fc9a0124cf00aca9b1fa164f8985c3ff8be4786f8b3f37912cebd3be50c0e627ea69,JF156368,,2/26/2022 2:00,25,STOP SIGN/FLASHER,FUNCTIONING PROPERLY,CLEAR,"DARKNESS, LIGHTED ROAD",PARKED MOTOR VEHICLE,FOUR WAY,,STRAIGHT AND LEVEL,DRY,NO DEFECTS,ON SCENE,NO INJURY / DRIVE AWAY,,,Y,"OVER $1,500",2/26/2022 2:56,UNABLE TO DETERMINE,NOT APPLICABLE,4205,W,SCHOOL ST,1731,,,,,,,2,NO INDICATION OF INJURY,0,0,0,0,0,1,0,2,7,2,41.94073648,-87.73236419,POINT (-87.732364189669 41.940736478677)
2cf3e892e888c605a3f05642fd7fbd9ce0ce31fa787334ac1c177cb4e802cb664e1c05bb64e4025057500a8dc63aa37aa3842875cbc6586793c2c217c49bfc01,JF149770,,2/19/2022 17:25,30,NO CONTROLS,NO CONTROLS,CLEAR,DUSK,REAR END,DIVIDED - W/MEDIAN (NOT RAISED),,STRAIGHT AND LEVEL,DRY,UNKNOWN,NOT ON SCENE (DESK REPORT),NO INJURY / DRIVE AWAY,,,,"OVER $1,500",2/19/2022 17:45,UNABLE TO DETERMINE,UNABLE TO DETERMINE,6820,W,BELMONT AVE,1632,,,,,,,2,NO INDICATION OF INJURY,0,0,0,0,0,2,0,17,7,2,41.93825445,-87.79660439,POINT (-87.79660438609 41.938254445859)
626eb3758a7ddefdf80d4430f9c08e48f5d194a5b79e587b8227e5dc48aa46af5ad88151c783c7e8ad9e7035519d2e554495b8166fa9389fcd5d488b5d091eb3,JF164619,,3/5/2022 20:51,30,NO CONTROLS,NO CONTROLS,RAIN,DUSK,PEDESTRIAN,NOT DIVIDED,,STRAIGHT AND LEVEL,WET,NO DEFECTS,ON SCENE,INJURY AND / OR TOW DUE TO CRASH,,,Y,$500 OR LESS,3/5/2022 20:51,UNABLE TO DETERMINE,NOT APPLICABLE,5061,N,ASHLAND AVE,2032,,,,,,,2,"REPORTED, NOT EVIDENT",1,0,0,0,1,1,0,20,7,3,41.97423227,-87.66942893,POINT (-87.669428925434 41.974232269031)
6212e250d4e2e431d2ed07d4d3a93c024384641254bf66134cc42dde1b62d0c5fe3e4df96dc1595998f881e789d1facf764d7ad687fd757c6903e4a3b981d44c,JE482116,,12/9/2021 20:00,30,TRAFFIC SIGNAL,UNKNOWN,UNKNOWN,UNKNOWN,PEDESTRIAN,FOUR WAY,,STRAIGHT AND LEVEL,UNKNOWN,UNKNOWN,,INJURY AND / OR TOW DUE TO CRASH,Y,,,$500 OR LESS,12/18/2021 20:30,UNABLE TO DETERMINE,UNABLE TO DETERMINE,2200,N,CLARK ST,1812,,,,,,,2,INCAPACITATING INJURY,1,0,1,0,0,2,0,20,5,12,41.92199843,-87.63845794,POINT (-87.638457941942 41.921998431987)
7131e69135dabc42e925b5cde0d01109e02062374c5e5aa7d6b9b1d255a46dcbf09e23caad90a4dbc4d4fcdc3b323b2a789b5935bcac10039775254a347052bb,JF186470,,3/25/2022 15:00,30,NO CONTROLS,NO CONTROLS,CLEAR,DAYLIGHT,SIDESWIPE SAME DIRECTION,NOT DIVIDED,,STRAIGHT AND LEVEL,DRY,NO DEFECTS,NOT ON SCENE (DESK REPORT),NO INJURY / DRIVE AWAY,,,,"OVER $1,500",3/25/2022 17:15,UNABLE TO DETERMINE,UNABLE TO DETERMINE,3739,W,HARRISON ST,1133,,,,,,,2,NO INDICATION OF INJURY,0,0,0,0,0,2,0,15,6,3,41.87340547,-87.71973354,POINT (-87.719733540185 41.87340547339)
720fe3c33dbebb5ea4c8d82fef797a50988352818ce8cdcce914ee4fbf35b0de060a1657b58e3f774f8d9d04df09b53337b48acdccdcb1cb820bbbb765bc8a82,,,4/9/2022 1:21,30,NO CONTROLS,NO CONTROLS,RAIN,"DARKNESS, LIGHTED ROAD",FIXED OBJECT,DIVIDED - W/MEDIAN BARRIER,,STRAIGHT AND LEVEL,WET,NO DEFECTS,ON SCENE,INJURY AND / OR TOW DUE TO CRASH,,,,"OVER $1,500",4/9/2022 1:24,WEATHER,FAILING TO REDUCE SPEED TO AVOID CRASH,530,W,NORTH AVE,1813,,,,,,,2,INCAPACITATING INJURY,2,0,2,0,0,0,0,1,7,4,41.91117234,-87.64216716,POINT (-87.642167155619 41.911172339484)
628dff864504f6898c690615c30b313f480df795ae78e7917db436576f546d81b2fc230b2cc714888f901ab79c69fb72105ea8a181cf50dc6358f293fcaaf44a,JF164598,,3/5/2022 19:45,30,STOP SIGN/FLASHER,FUNCTIONING PROPERLY,RAIN,"DARKNESS, LIGHTED ROAD",SIDESWIPE SAME DIRECTION,T-INTERSECTION,,STRAIGHT AND LEVEL,WET,NO DEFECTS,NOT ON SCENE (DESK REPORT),NO INJURY / DRIVE AWAY,,,Y,"$501 - $1,500",3/5/2022 21:00,IMPROPER OVERTAKING/PASSING,NOT APPLICABLE,4800,N,AVERS AVE,1712,,,,,,,3,NO INDICATION OF INJURY,0,0,0,0,0,2,0,19,7,3,41.96828423,-87.72453525,POINT (-87.724535249982 41.968284232513)
cdc327aedb99e3fbc116557d43bfcbbac17617ab9f494905f44292e89d24f613eeefa0fa790094a92dca98e33bbd666292312b8293359d957601beafa4ceddc0,JF171649,,3/12/2022 14:15,20,NO CONTROLS,NO CONTROLS,CLEAR,DAYLIGHT,ANGLE,OTHER,,STRAIGHT AND LEVEL,DRY,NO DEFECTS,NOT ON SCENE (DESK REPORT),NO INJURY / DRIVE AWAY,,,Y,"$501 - $1,500",3/12/2022 15:53,DRIVING SKILLS/KNOWLEDGE/EXPERIENCE,UNABLE TO DETERMINE,7109,S,WASHTENAW AVE,831,,,,,,,2,NO INDICATION OF INJURY,0,0,0,0,0,3,0,14,7,3,41.76426202,-87.6904277,POINT (-87.690427697693 41.764262016266)
668e1eeec63768a7f52e98b6720c042e9860fefc24231f5d2761388870d700f26ad9f05c81502598100a33afe649ec5f089a1debab38c3b9e1ae4c8ca6efdf46,JF179886,,3/19/2022 23:57,20,NO CONTROLS,NO CONTROLS,RAIN,"DARKNESS, LIGHTED ROAD",PARKED MOTOR VEHICLE,ONE-WAY,,STRAIGHT AND LEVEL,WET,UNKNOWN,ON SCENE,INJURY AND / OR TOW DUE TO CRASH,,,Y,"OVER $1,500",3/19/2022 23:59,UNABLE TO DETERMINE,NOT APPLICABLE,2550,W,66TH ST,832,,,,,,,3,NO INDICATION OF INJURY,0,0,0,0,0,1,0,23,7,3,41.77383806,-87.68798245,POINT (-87.687982452788 41.773838059079)
2e39f11afbbb17380c45a302de97272f45e445775eb384aa8aed48a94c825e0b01bfd82fc5302abe80bf73710570d7cf89229d48c677b8a55741bed9261dab9a,JF149327,,2/19/2022 9:30,20,NO CONTROLS,FUNCTIONING PROPERLY,CLEAR,DAYLIGHT,ANGLE,NOT DIVIDED,,STRAIGHT AND LEVEL,DRY,NO DEFECTS,NOT ON SCENE (DESK REPORT),NO INJURY / DRIVE AWAY,Y,,,"OVER $1,500",2/19/2022 9:45,FAILING TO YIELD RIGHT-OF-WAY,FAILING TO YIELD RIGHT-OF-WAY,2707,S,STEWART AVE,914,,,,,,,2,NO INDICATION OF INJURY,0,0,0,0,0,2,0,9,7,2,41.84374327,-87.63636735,POINT (-87.636367344973 41.843743264559)
2e46939933173951bc7111a49d6455ca12456af947a313bcece637148d3318f98797fe21d44c23aae1b6bf340a2995a43f626899e66e4963f409e648ba5d00ec,JF149918,,2/19/2022 20:33,30,STOP SIGN/FLASHER,FUNCTIONING PROPERLY,CLEAR,"DARKNESS, LIGHTED ROAD",ANGLE,DIVIDED - W/MEDIAN (NOT RAISED),,STRAIGHT AND LEVEL,DRY,NO DEFECTS,ON SCENE,INJURY AND / OR TOW DUE TO CRASH,Y,,Y,"OVER $1,500",2/19/2022 20:33,UNABLE TO DETERMINE,UNABLE TO DETERMINE,6234,W,GRAND AVE,2512,,,,,,,2,NO INDICATION OF INJURY,0,0,0,0,0,8,0,20,7,2,41.92181742,-87.78183088,POINT (-87.781830883401 41.921817417239)
630c40e7c89b320b0d53ad8aed9d7aa1167bc7e8a1ae7a5e6ce44f8c5d60853431ec3043fe03dd5988222faa4baf6a4135cb31acc137073815ed28c902d8ea9f,JF164080,,3/5/2022 11:18,30,TRAFFIC SIGNAL,FUNCTIONING PROPERLY,CLEAR,DAYLIGHT,TURNING,NOT DIVIDED,,STRAIGHT AND LEVEL,DRY,NO DEFECTS,ON SCENE,NO INJURY / DRIVE AWAY,Y,,,"OVER $1,500",3/5/2022 11:24,DISREGARDING ROAD MARKINGS,UNABLE TO DETERMINE,6000,N,WESTERN AVE,2413,,,,,,,2,NO INDICATION OF INJURY,0,0,0,0,0,2,0,11,7,3,41.99058604,-87.68982247,POINT (-87.689822472944 41.99058604242)
ce8554af2e0b5ca8898691bdebdf6f5e2255cdb27a4fed50462ba746b9466cf72c8b04fc96e72d6f303fb359323c7146d22365f53e64f0de32cf300014ae1738,JF171744,,3/12/2022 16:30,30,UNKNOWN,UNKNOWN,UNKNOWN,UNKNOWN,SIDESWIPE OPPOSITE DIRECTION,NOT DIVIDED,,STRAIGHT AND LEVEL,UNKNOWN,UNKNOWN,NOT ON SCENE (DESK REPORT),NO INJURY / DRIVE AWAY,,,,"OVER $1,500",3/12/2022 16:50,UNABLE TO DETERMINE,UNABLE TO DETERMINE,5224,S,KEELER AVE,815,,,,,,,2,NO INDICATION OF INJURY,0,0,0,0,0,2,0,16,7,3,41.79783388,-87.7283417,POINT (-87.72834170005 41.797833879049)
2eaf0b85e4cffe0f88b6d1cd45cb26cb52864f783854a8848dc8758d40356f13ff56feb7066d8f13d1f8694d817513a3825db04e851f9eee5a933e3beb3a6752,JF149815,,2/19/2022 17:55,30,NO CONTROLS,NO CONTROLS,CLEAR,DUSK,REAR END,NOT DIVIDED,,STRAIGHT AND LEVEL,DRY,NO DEFECTS,ON SCENE,NO INJURY / DRIVE AWAY,,,Y,"$501 - $1,500",2/19/2022 18:00,UNABLE TO DETERMINE,UNABLE TO DETERMINE,2324,W,MONTROSE AVE,1911,,,,,,,2,NO INDICATION OF INJURY,0,0,0,0,0,2,0,17,7,2,41.96144154,-87.68732109,POINT (-87.687321085937 41.961441534539)