CRASH_RECORD_ID,RD_NO,CRASH_DATE_EST_I,CRASH_DATE,POSTED_SPEED_LIMIT,TRAFFIC_CONTROL_DEVICE,DEVICE_CONDITION,WEATHER_CONDITION,LIGHTING_CONDITION,FIRST_CRASH_TYPE,TRAFFICWAY_TYPE,LANE_CNT,ALIGNMENT,ROADWAY_SURFACE_COND,ROAD_DEFECT,REPORT_TYPE,CRASH_TYPE,INTERSECTION_RELATED_I,NOT_RIGHT_OF_WAY_I,HIT_AND_RUN_I,DAMAGE,DATE_POLICE_NOTIFIED,PRIM_CONTRIBUTORY_CAUSE,SEC_CONTRIBUTORY_CAUSE,STREET_NO,STREET_DIRECTION,STREET_NAME,BEAT_OF_OCCURRENCE,PHOTOS_TAKEN_I,STATEMENTS_TAKEN_I,DOORING_I,WORK_ZONE_I,WORK_ZONE_TYPE,WORKERS_PRESENT_I,NUM_UNITS,MOST_SEVERE_INJURY,INJURIES_TOTAL,INJURIES_FATAL,INJURIES_INCAPACITATING,INJURIES_NON_INCAPACITATING,INJURIES_REPORTED_NOT_EVIDENT,INJURIES_NO_INDICATION,INJURIES_UNKNOWN,CRASH_HOUR,CRASH_DAY_OF_WEEK,CRASH_MONTH,LATITUDE,LONGITUDE,LOCATION
66d3d4c5d829cfe0ae107fd80f67ff70ce77eafd4951e8f076c8f5fe7b693159cb38bd2eaaa56904d731404aed2838e81d2f96d12684d03ab9f7df0e3e2fbe6d,JF179855,,3/19/2022 23:10,30,NO CONTROLS,NO CONTROLS,CLEAR,"DARKNESS, LIGHTED ROAD",TURNING,NOT DIVIDED,,STRAIGHT AND LEVEL,DRY,NO DEFECTS,NOT ON SCENE (DESK REPORT),NO INJURY / DRIVE AWAY,,,Y,"OVER $1,500",3/19/2022 23:10,IMPROPER TURNING/NO SIGNAL,IMPROPER OVERTAKING/PASSING,800,W,ROOSEVELT RD,1232,,,,,,,2,NO INDICATION OF INJURY,0,0,0,0,0,2,0,23,7,3,41.8672631,-87.64697269,POINT (-87.646972686016 41.867263098369)
737dd7ac07f264840ee57d2d695f9ca6c2360001deaad3eaa67055bde243c58056670befa43743ded104960349be65d2ef0a34962a210584249f3ad1e9d864ca,,Y,4/7/2022 17:16,30,NO CONTROLS,NO CONTROLS,RAIN,DAYLIGHT,TURNING,NOT DIVIDED,,STRAIGHT AND LEVEL,WET,NO DEFECTS,,NO INJURY / DRIVE AWAY,,,,"OVER $1,500",4/7/2022 17:20,FAILING TO YIELD RIGHT-OF-WAY,FAILING TO YIELD RIGHT-OF-WAY,8300,W,IRVING PARK RD,1614,,,,,,,2,NO INDICATION OF INJURY,0,0,0,0,0,2,0,17,5,4,41.95220953,-87.83431786,POINT (-87.834317862655 41.952209527931)
2ec7b4cd946414307ecd6de7adeab4fe8baa7762a8eca3f82dc63a799860a58ea24008f3ad265df2d02575fd76d10038e2450c7a872afb377cd4c7b0fc96b7b9,JF149605,,2/19/2022 14:35,30,NO CONTROLS,NO CONTROLS,CLEAR,DAYLIGHT,TURNING,NOT DIVIDED,,STRAIGHT AND LEVEL,UNKNOWN,UNKNOWN,NOT ON SCENE (DESK REPORT),NO INJURY / DRIVE AWAY,,,,"$501 - $1,500",2/19/2022 14:46,IMPROPER OVERTAKING/PASSING,UNABLE TO DETERMINE,841,W,IRVING PARK RD,1923,,,,,,,2,NO INDICATION OF INJURY,0,0,0,0,0,2,0,14,7,2,41.95442502,-87.65132402,POINT (-87.65132401707 41.954425018612)
642ba678a087f51dfd1e05e8543491aa932d977d3a0fa109b482e2c9fea4d338c03b18007e468f8f7738b2f18dc450c486c810c8ab46ec3a6acd8d89b9324c15,JF164340,,3/5/2022 9:47,15,NO CONTROLS,NO CONTROLS,UNKNOWN,UNKNOWN,HEAD ON,RAMP,,STRAIGHT ON GRADE,UNKNOWN,UNKNOWN,NOT ON SCENE (DESK REPORT),NO INJURY / DRIVE AWAY,,Y,,"OVER $1,500",3/5/2022 16:05,UNABLE TO DETERMINE,UNABLE TO DETERMINE,1323,W,MORSE AVE,2431,,,,,,,2,NO INDICATION OF INJURY,0,0,0,0,0,2,0,9,7,3,42.00782052,-87.66471558,POINT (-87.664715577378 42.007820515693)
d0fce673d76aeb0d03d691515997c1b83ed2cb38fad51c4b3d31c8585435d21e266c9ecf105e9d918dbaaa8012ff2c8e3284b597e2904f069e9c48d45aae58ae,JF171556,,3/12/2022 12:20,30,NO CONTROLS,NO CONTROLS,CLEAR,DAYLIGHT,SIDESWIPE OPPOSITE DIRECTION,DIVIDED - W/MEDIAN (NOT RAISED),,STRAIGHT AND LEVEL,DRY,NO DEFECTS,ON SCENE,INJURY AND / OR TOW DUE TO CRASH,,,Y,"OVER $1,500",3/12/2022 14:20,DRIVING ON WRONG SIDE/WRONG WAY,DISREGARDING ROAD MARKINGS,2501,E,95TH ST,431,,,,,,,2,NONINCAPACITATING INJURY,3,0,0,3,0,1,0,12,7,3,41.72250672,-87.5632631,POINT (-87.563263096897 41.722506717124)
64f609e12309e24c35d6f0a121b1f0e48863757cc807163dcae7de92ca358e537ebcb0f39f4f70be5a3bf17e00eea953d4b2a5868b3a6f6d3801b24cd612926b,JF164341,,3/5/2022 15:00,30,NO CONTROLS,NO CONTROLS,CLEAR,DAYLIGHT,REAR END,NOT DIVIDED,,STRAIGHT AND LEVEL,DRY,NO DEFECTS,NOT ON SCENE (DESK REPORT),NO INJURY / DRIVE AWAY,,,,"OVER $1,500",3/5/2022 16:10,FAILING TO REDUCE SPEED TO AVOID CRASH,DRIVING SKILLS/KNOWLEDGE/EXPERIENCE,5115,W,63RD ST,813,,,,,,,2,NO INDICATION OF INJURY,0,0,0,0,0,2,0,15,7,3,41.77816516,-87.75026446,POINT (-87.750264456164 41.778165162179)
1d6f43b2f392afb73da7894a98e62b289b8678fe3cc74646f6dcf7a2f0433d8da5d35d1525219e47a895c36c7f5d0346cf55aa4fcd8e98549169e3ac84fadad5,JF156791,,2/26/2022 13:15,15,NO CONTROLS,NO CONTROLS,CLEAR,DAYLIGHT,ANGLE,PARKING LOT,,STRAIGHT AND LEVEL,DRY,NO DEFECTS,NOT ON SCENE (DESK REPORT),NO INJURY / DRIVE AWAY,,,Y,"OVER $1,500",2/26/2022 14:30,IMPROPER BACKING,IMPROPER BACKING,2944,W,47TH ST,922,,,,,,,2,NO INDICATION OF INJURY,0,0,0,0,0,2,0,13,7,2,41.80832199,-87.6984052,POINT (-87.69840519824 41.808321986697)
d1f2d5ef7abc791fa37e0c721545a52bf850fefd827bebaabf161cc4bf0482667204c4ffeae28423b7fab27d753af11e361abf9f354bb0748ee19f7177065ec8,JF171784,Y,3/12/2022 14:55,30,NO CONTROLS,NO CONTROLS,CLEAR,DAYLIGHT,REAR END,DIVIDED - W/MEDIAN (NOT RAISED),,STRAIGHT AND LEVEL,DRY,NO DEFECTS,NOT ON SCENE (DESK REPORT),NO INJURY / DRIVE AWAY,,,Y,"$501 - $1,500",3/12/2022 17:00,UNABLE TO DETERMINE,UNABLE TO DETERMINE,500,S,LAKE SHORE DR NB,114,,,,,,,2,NO INDICATION OF INJURY,0,0,0,0,0,4,0,14,7,3,41.87575626,-87.61751568,POINT (-87.617515679751 41.875756255241)
1da2cedc37eb55ff46adb242ca8da662fafbea2c1355a889a0fad3644562f41a31b06c737e22f3b19a9ba017d04ddfa12dc65305d475f54e6ea70bcd2d90c47c,JF156636,,2/26/2022 9:30,30,UNKNOWN,UNKNOWN,CLEAR,DAYLIGHT,REAR END,DIVIDED - W/MEDIAN (NOT RAISED),,STRAIGHT AND LEVEL,UNKNOWN,UNKNOWN,NOT ON SCENE (DESK REPORT),NO INJURY / DRIVE AWAY,,,,"OVER $1,500",2/26/2022 12:05,FOLLOWING TOO CLOSELY,FOLLOWING TOO CLOSELY,2005,W,BELMONT AVE,1931,,,,,,,2,NO INDICATION OF INJURY,0,0,0,0,0,2,0,9,7,2,41.93945993,-87.6786245,POINT (-87.678624499748 41.939459932683)
d29ba913a3e251fba42d9f7a370f3abdc947ca4f40ff95e0ac2c4eeefcaf374a6bd9608d5c16c094a60a8c1ed0ab6bd9579f6200a51839377e13344c3a6f290b,JF173888,,3/12/2022 21:15,30,TRAFFIC SIGNAL,FUNCTIONING PROPERLY,UNKNOWN,"DARKNESS, LIGHTED ROAD",REAR END,NOT DIVIDED,,STRAIGHT AND LEVEL,UNKNOWN,UNKNOWN,NOT ON SCENE (DESK REPORT),NO INJURY / DRIVE AWAY,Y,,Y,"$501 - $1,500",3/14/2022 18:14,FOLLOWING TOO CLOSELY,NOT APPLICABLE,130,E,RANDOLPH ST,114,,,,,,,2,NO INDICATION OF INJURY,0,0,0,0,0,4,0,21,7,3,41.88458837,-87.62327256,POINT (-87.623272561055 41.884588371969)
3019e680c5a31f69804dd061a191a238971c1dc284384f48fc508649b16889892d2f1131f82d106df5c32f85c1f7e7156d677394557bd19585b669d064bca270,JF149443,,2/19/2022 11:00,30,NO CONTROLS,NO CONTROLS,CLEAR,DAYLIGHT,ANGLE,NOT DIVIDED,,STRAIGHT AND LEVEL,DRY,NO DEFECTS,NOT ON SCENE (DESK REPORT),NO INJURY / DRIVE AWAY,,,,"OVER $1,500",2/19/2022 11:50,IMPROPER LANE USAGE,IMPROPER LANE USAGE,2310,W,NORTH AVE,1434,,,,,,,2,NO INDICATION OF INJURY,0,0,0,0,0,2,0,11,7,2,41.91045978,-87.68526704,POINT (-87.685267041184 41.910459777547)
d2ce5eafb4ef8880b52f222e8c78cc50980055013d27d3230223b133560509d8c86788193dd7fadeec02197b3fcd3832c790592586944fb6235f683a032439a1,JF171097,,3/12/2022 3:00,40,NO CONTROLS,NO CONTROLS,CLEAR,"DARKNESS, LIGHTED ROAD",FIXED OBJECT,DIVIDED - W/MEDIAN BARRIER,,STRAIGHT AND LEVEL,DRY,NO DEFECTS,ON SCENE,INJURY AND / OR TOW DUE TO CRASH,,,,"OVER $1,500",3/12/2022 3:03,FAILING TO REDUCE SPEED TO AVOID CRASH,NOT APPLICABLE,3101,N,LAKE SHORE DR NB,1934,,,,,,,1,NO INDICATION OF INJURY,0,0,0,0,0,1,0,3,7,3,41.93788919,-87.63494178,POINT (-87.634941783631 41.93788919152)
698bf02f3db6c9498e27682eada448994e5eda60efe8bbba136ef9af2f41c4bde6a29cb48450534e63797a374db33fd5e6711cbfc36649a4c2085fcb0d1265bb,JF179894,,3/19/2022 23:39,30,NO CONTROLS,NO CONTROLS,CLEAR,"DARKNESS, LIGHTED ROAD",ANGLE,OTHER,,STRAIGHT AND LEVEL,UNKNOWN,UNKNOWN,NOT ON SCENE (DESK REPORT),NO INJURY / DRIVE AWAY,,,,"OVER $1,500",3/20/2022 0:00,FAILING TO YIELD RIGHT-OF-WAY,IMPROPER LANE USAGE,3159,W,ADDISON ST,1733,,,,,,,2,NO INDICATION OF INJURY,0,0,0,0,0,2,0,23,7,3,41.94652197,-87.70775808,POINT (-87.707758079983 41.946521971142)
6918a842bbeddc8d4f9c7b1279432bdd5c9a0eaa9def2b73015a5d6070819d97877b9493e19e1aeca2fad0fba9431a842297bd1ea3eef61c4abaab422c4194e2,JE208876,,4/24/2021 15:51,25,NO CONTROLS,FUNCTIONING PROPERLY,CLEAR,DAYLIGHT,ANIMAL,NOT DIVIDED,,STRAIGHT AND LEVEL,DRY,NO DEFECTS,,NO INJURY / DRIVE AWAY,Y,,,"OVER $1,500",4/24/2021 16:14,ANIMAL,ANIMAL,1027,S,AUSTIN BLVD,1513,,,,,,,1,NO INDICATION OF INJURY,0,0,0,0,0,1,0,15,7,4,41.86828929,-87.77408607,POINT (-87.774086072211 41.868289287665)
757294bd9c939c1e5cc97225a0af02501ed3dbb2a10638d34e326e006da3380bcb50f3508eda53135a805639b53c2566aaaf297fcec2fbc0915f41d1b81ec17a,JE321041,,7/31/2021 12:25,5,NO CONTROLS,NO CONTROLS,CLEAR,DAYLIGHT,PARKED MOTOR VEHICLE,PARKING LOT,,STRAIGHT AND LEVEL,DRY,NO DEFECTS,,NO INJURY / DRIVE AWAY,,,Y,"$501 - $1,500",7/31/2021 12:38,IMPROPER BACKING,NOT APPLICABLE,7364,N,GREENVIEW AVE,2423,,,,,,,2,NO INDICATION OF INJURY,0,0,0,0,0,1,0,12,7,7,42.01576256,-87.66827645,POINT (-87.668276449561 42.015762563925)
65a58ddc4b587e67c5df9cf0e45088851cf9881521088288264f6307444ffbee2da175a37439725cd17baf5abdf60a79fa95ff88800f3ba7e3da187bb0bac019,JF164028,,3/5/2022 10:20,30,TRAFFIC SIGNAL,FUNCTIONING PROPERLY,CLEAR,DAYLIGHT,PEDESTRIAN,T-INTERSECTION,,STRAIGHT AND LEVEL,DRY,NO DEFECTS,ON SCENE,INJURY AND / OR TOW DUE TO CRASH,Y,,,"OVER $1,500",3/5/2022 10:57,FAILING TO YIELD RIGHT-OF-WAY,NOT APPLICABLE,901,N,WESTERN AVE,1212,,,,,,,2,NONINCAPACITATING INJURY,1,0,0,1,0,2,0,10,7,3,41.89760985,-87.68674277,POINT (-87.686742766725 41.897609848225)
65c83ae0d0d3b40331dd1b939f7da84702b7b6d91cca1a312aab14a33eb6b94903440ecc624ccca43f0d0cb2cbb2cabf1ce2825829e9950b270aafbb33d50ae8,JF164260,,3/5/2022 12:07,30,NO CONTROLS,NO CONTROLS,CLEAR,UNKNOWN,PARKED MOTOR VEHICLE,ONE-WAY,,STRAIGHT AND LEVEL,UNKNOWN,UNKNOWN,NOT ON SCENE (DESK REPORT),NO INJURY / DRIVE AWAY,,,Y,"OVER $1,500",3/5/2022 14:45,UNABLE TO DETERMINE,NOT APPLICABLE,6700,S,WABASH AVE,322,,,,,,,2,NO INDICATION OF INJURY,0,0,0,0,0,1,0,12,7,3,41.77271581,-87.62364073,POINT (-87.623640729144 41.772715812168)
76a4553c403195f5519d08a16b677ec690c32b50d90faf50fe04e92af001da3832eff36b53fb204ebccc6fda2964ed7aaaf3dcd2207f22886dd17941ae88839f,JF186294,,3/25/2022 13:37,30,TRAFFIC SIGNAL,FUNCTIONING PROPERLY,CLEAR,DAYLIGHT,ANGLE,NOT DIVIDED,,STRAIGHT AND LEVEL,DRY,NO DEFECTS,NOT ON SCENE (DESK REPORT),INJURY AND / OR TOW DUE TO CRASH,Y,,,"$501 - $1,500",3/25/2022 14:20,UNABLE TO DETERMINE,NOT APPLICABLE,300,N,WESTERN AVE,1222,,,,,,,2,NO INDICATION OF INJURY,0,0,0,0,0,3,0,13,6,3,41.88672176,-87.68672736,POINT (-87.686727364298 41.88672176412)
d3ceef349044298a4c5e003057fa9dfa7cecbf972090ce1970bfe89a8697f25f0a5abde04a935902ce2822b2dfdd6c50eef39def5d35191e19ad3e6f847167cc,JF172022,,3/12/2022 14:40,25,NO CONTROLS,UNKNOWN,UNKNOWN,UNKNOWN,PARKED MOTOR VEHICLE,PARKING LOT,,STRAIGHT AND LEVEL,UNKNOWN,UNKNOWN,NOT ON SCENE (DESK REPORT),NO INJURY / DRIVE AWAY,,Y,Y,"OVER $1,500",3/12/2022 22:00,NOT APPLICABLE,NOT APPLICABLE,7633,S,JEFFERY BLVD,414,,,,,,,2,NO INDICATION OF INJURY,0,0,0,0,0,1,0,14,7,3,41.75606758,-87.57593691,POINT (-87.575936912507 41.756067574527)
d3ef899cd5844324a01481fe9f924fbb216aea1d32b85b4db3293a9486b9e859ae5d1cdf5e6af7373737da744f42b1b065bb299d7dcca681e693679057bfd779,JF171253,,3/12/2022 8:45,30,NO CONTROLS,NO CONTROLS,CLEAR,DAYLIGHT,PARKED MOTOR VEHICLE,PARKING LOT,,STRAIGHT AND LEVEL,DRY,NO DEFECTS,NOT ON SCENE (DESK REPORT),NO INJURY / DRIVE AWAY,,Y,Y,"OVER $1,500",3/12/2022 9:30,UNABLE TO DETERMINE,NOT APPLICABLE,1300,W,LAKE ST,1215,,,,,,,2,NO INDICATION OF INJURY,0,0,0,0,0,1,0,8,7,3,41.88558042,-87.65895691,POINT (-87.658956910752 41.885580420009)
6ace725089f290e8497ae6b6325722aeb0a06622e21390c7586117ab28761c87a36ee6557341e610911f2a52ce80e0fe2e8206e476564f59f4d803428b6a5456,JF180423,,3/19/2022 11:00,30,NO CONTROLS,NO CONTROLS,CLEAR,DAYLIGHT,TURNING,ONE-WAY,,STRAIGHT AND LEVEL,DRY,NO DEFECTS,NOT ON SCENE (DESK REPORT),NO INJURY / DRIVE AWAY,,,,"OVER $1,500",3/20/2022 14:20,UNABLE TO DETERMINE,UNABLE TO DETERMINE,604,N,RUSH ST,1834,,,,,,,2,NO INDICATION OF INJURY,0,0,0,0,0,2,0,11,7,3,41.89270575,-87.62554655,POINT (-87.625546546409 41.89270574971)
6ae0822d3a5787fe65acfe59c39b4e5c7823ec0c71f4eb2442d3fbfb33a638b89aacb2759aa4c1d98f622a7b5c30b99a8efec9db4590f0105fe8c12c128d75cc,JF180340,,3/19/2022 14:45,10,NO CONTROLS,NO CONTROLS,OTHER,DAYLIGHT,REAR TO FRONT,PARKING LOT,,STRAIGHT AND LEVEL,OTHER,NO DEFECTS,NOT ON SCENE (DESK REPORT),NO INJURY / DRIVE AWAY,,,Y,"OVER $1,500",3/20/2022 13:05,NOT APPLICABLE,NOT APPLICABLE,2551,W,CERMAK RD,1034,,,,,,,2,NO INDICATION OF INJURY,0,0,0,0,0,2,0,14,7,3,41.85186827,-87.69007512,POINT (-87.690075121295 41.851868271661)
d4de1f43b6ea755657dd8f6f4e80aad374d05420383aeab2dfedc2fc05a9285f2eba503674a897f1300672853b81ac8542492c1a3bb7ce562fe2a37485c56cfb,JF171837,,3/12/2022 16:09,30,TRAFFIC SIGNAL,FUNCTIONING PROPERLY,CLOUDY/OVERCAST,DUSK,REAR END,NOT DIVIDED,,STRAIGHT AND LEVEL,DRY,NO DEFECTS,NOT ON SCENE (DESK REPORT),NO INJURY / DRIVE AWAY,,,Y,"OVER $1,500",3/12/2022 17:15,UNABLE TO DETERMINE,UNABLE TO DETERMINE,9500,S,WOOD ST,2213,,,,,,,2,NO INDICATION OF INJURY,0,0,0,0,0,2,0,16,7,3,41.72110053,-87.66759026,POINT (-87.667590262094 41.721100527432)
d4f77459749f8a6efdeeb8b84dc929d857b071620eaf9d8caa8322f66c209be94ba117f035bcd0ce69368a38d4baa5ab58705528a31913e36f68ce79fa081800,JF171103,,3/12/2022 3:30,30,UNKNOWN,UNKNOWN,CLEAR,"DARKNESS, LIGHTED ROAD",ANGLE,NOT DIVIDED,,STRAIGHT AND LEVEL,DRY,NO DEFECTS,ON SCENE,NO INJURY / DRIVE AWAY,,,,"$501 - $1,500",3/12/2022 3:30,UNABLE TO DETERMINE,NOT APPLICABLE,4401,W,NORTH AVE,2533,,,,,,,2,NO INDICATION OF INJURY,0,0,0,0,0,2,0,3,7,3,41.90964409,-87.73637433,POINT (-87.73637432847 41.909644085158)
d515a5fcaacd681d97261ddf584335486b9b2699681ab251a10fece1e8a782ffc2ab18cd95f13f4b68302edcb3eaa8d1005e475c7c893267b85d679bd4a61020,JF174420,,3/12/2022 11:00,30,NO CONTROLS,NO CONTROLS,CLEAR,DAYLIGHT,SIDESWIPE SAME DIRECTION,NOT DIVIDED,,STRAIGHT AND LEVEL,DRY,NO DEFECTS,NOT ON SCENE (DESK REPORT),NO INJURY / DRIVE AWAY,,,,"$501 - $1,500",3/15/2022 9:00,UNABLE TO DETERMINE,NOT APPLICABLE,5412,W,DEVON AVE,1621,,,,,,,2,NO INDICATION OF INJURY,0,0,0,0,0,2,0,11,7,3,41.99743809,-87.76432201,POINT (-87.764322010577 41.997438091519)
1fc16cf9800dd310f5a3726da87167dc9936bb86b40a5674cb83f48ff509f28a1cf0d45f5178bcd300b231fa01237c972db5dca55a61192a1615c5c2b79692af,JF156511,Y,2/26/2022 9:10,30,STOP SIGN/FLASHER,NO CONTROLS,CLEAR,DAYLIGHT,REAR END,DIVIDED - W/MEDIAN (NOT RAISED),,STRAIGHT AND LEVEL,WET,NO DEFECTS,ON SCENE,INJURY AND / OR TOW DUE TO CRASH,,,,"OVER $1,500",2/26/2022 9:15,DRIVING SKILLS/KNOWLEDGE/EXPERIENCE,"VISION OBSCURED (SIGNS, TREE LIMBS, BUILDINGS, ETC.)",2100,N,PULASKI RD,2525,,,,,,,2,NO INDICATION OF INJURY,0,0,0,0,0,3,0,9,7,2,41.91903719,-87.72676314,POINT (-87.726763139745 41.919037192151)
6b1e72e6ea77b38476d239fc442001aaf36a23cb994182786efa71ef93b82e155990bd72d4920b057b389eb83361dbe5719bc5a5b704c136dcd3c57b40320391,JD325495,Y,8/8/2020 19:25,25,NO CONTROLS,NO CONTROLS,CLEAR,DARKNESS,SIDESWIPE SAME DIRECTION,DIVIDED - W/MEDIAN (NOT RAISED),,STRAIGHT AND LEVEL,DRY,NO DEFECTS,,NO INJURY / DRIVE AWAY,,,,"OVER $1,500",8/8/2020 21:00,NOT APPLICABLE,NOT APPLICABLE,3102,W,TOUHY AVE,2411,,,,,,,2,NO INDICATION OF INJURY,0,0,0,0,0,4,0,19,7,8,42.01201442,-87.70700938,POINT (-87.707009375359 42.012014417063)
771da97a1248b8d19aa237ab1be77da2caab7567155777bcc1fbf646f9c335f67c915ea3f342d6faed17729fad1907b1010828004d4e4bbde9e8441c6c6c6220,JF133479,,12/31/2021 16:13,30,NO CONTROLS,NO CONTROLS,UNKNOWN,DARKNESS,REAR END,NOT DIVIDED,,STRAIGHT AND LEVEL,UNKNOWN,UNKNOWN,,NO INJURY / DRIVE AWAY,,,N,"OVER $1,500",2/4/2022 11:00,UNABLE TO DETERMINE,UNABLE TO DETERMINE,10001,S,PULASKI RD,2211,,,,,,,2,NO INDICATION OF INJURY,0,0,0,0,0,4,0,16,6,12,41.71125823,-87.72093947,POINT (-87.720939473403 41.711258232205)
3276dd76222cf523ba58a092c49e58c7de91b528b366d4b11fdc2d5af9489019173c1414a9acfef8d95dd6f668dea492efe82447a711884fe54e39d6ba668f61,JF149705,,2/19/2022 15:30,30,STOP SIGN/FLASHER,NO CONTROLS,CLEAR,DAYLIGHT,TURNING,NOT DIVIDED,,STRAIGHT AND LEVEL,DRY,NO DEFECTS,NOT ON SCENE (DESK REPORT),NO INJURY / DRIVE AWAY,,,,"$501 - $1,500",2/19/2022 16:45,UNABLE TO DETERMINE,UNABLE TO DETERMINE,4425,S,ARCHER AVE,821,,,,,,,2,NO INDICATION OF INJURY,0,0,0,0,0,2,0,15,7,2,41.81275676,-87.706186,POINT (-87.706185995281 41.81275675469)
69138ab50a773d473808be92c8c92ccc58bcc04c6741fc3d5f875681ce2c3febd20b4c3c64f26f76e1ff4c684b9d963bcb102052a4c2b403f523f661a366d7a6,JF164703,,3/5/2022 23:54,20,TRAFFIC SIGNAL,FUNCTIONING PROPERLY,RAIN,"DARKNESS, LIGHTED ROAD",REAR END,DIVIDED - W/MEDIAN (NOT RAISED),,STRAIGHT AND LEVEL,WET,NO DEFECTS,ON SCENE,INJURY AND / OR TOW DUE TO CRASH,Y,,Y,"$501 - $1,500",3/5/2022 23:56,UNABLE TO DETERMINE,UNABLE TO DETERMINE,1401,W,47TH ST,933,,Y,,,,,2,INCAPACITATING INJURY,1,0,1,0,0,3,0,23,7,3,41.80855828,-87.66016424,POINT (-87.660164242463 41.808558284036)
695a6b4eb048bf748bda15b7255ecb5bcd48ee5603cb8f7145b045231272c981485971fba8d01125066fa2209f4f4107232da8659d5b030f27fa2f9361144ec4,JF165181,,3/5/2022 21:30,25,NO CONTROLS,NO CONTROLS,UNKNOWN,UNKNOWN,OTHER OBJECT,ONE-WAY,,STRAIGHT AND LEVEL,UNKNOWN,NO DEFECTS,NOT ON SCENE (DESK REPORT),NO INJURY / DRIVE AWAY,,,,"$501 - $1,500",3/6/2022 13:50,WEATHER,NOT APPLICABLE,2754,N,NEW ENGLAND AVE,2512,,,,,,,1,,,,,,,,,21,7,3,41.93064601,-87.79805511,POINT (-87.798055109189 41.930646009267)
687dfbf1bc439bef3b7d50513f7e36cb27a0fea471e0ddd9ecf2bdbc8052fcd109e4946015d45a5e4ad771abb1f6c5d5b4af6359b2b894f3ba46107083e5460c,JD171572,,3/2/2020 15:33,30,NO CONTROLS,NO CONTROLS,CLEAR,DAYLIGHT,REAR END,NOT DIVIDED,,STRAIGHT AND LEVEL,DRY,NO DEFECTS,,NO INJURY / DRIVE AWAY,,,Y,"$501 - $1,500",3/2/2020 16:40,FOLLOWING TOO CLOSELY,NOT APPLICABLE,4800,N,CENTRAL AVE,1622,,,,,,,2,NO INDICATION OF INJURY,0,0,0,0,0,2,0,15,2,3,41.96782599,-87.76762486,POINT (-87.767624856049 41.967825990817)
20f5d86de70892f874f57d0d336604436724f719f1ee030e9e652b74afaa1fd18d09d3d9797eca22225f2066ede79d637e4e60480748c26d49978a9a10bfdcd1,JF156741,,2/26/2022 13:05,45,NO CONTROLS,NO CONTROLS,CLEAR,DAYLIGHT,ANGLE,DIVIDED - W/MEDIAN BARRIER,,STRAIGHT AND LEVEL,UNKNOWN,UNKNOWN,NOT ON SCENE (DESK REPORT),NO INJURY / DRIVE AWAY,,,,"$501 - $1,500",2/26/2022 13:27,IMPROPER BACKING,NOT APPLICABLE,8801,S,ANTHONY AVE,412,,,,,,,2,NO INDICATION OF INJURY,0,0,0,0,0,2,0,13,7,2,41.73543017,-87.56695992,POINT (-87.566959921223 41.735430166081)
77c39ed4790635b7b3d401f74ca390034d58ec6def2dfc61316f44405ac70825cd04d228451291280fcb6abcc57c1eeb127fd8068c1a3d7bff86ab8e3fd2dd54,JF187197,,3/25/2022 17:37,30,NO CONTROLS,NO CONTROLS,CLEAR,DAYLIGHT,SIDESWIPE SAME DIRECTION,NOT DIVIDED,,STRAIGHT AND LEVEL,DRY,NO DEFECTS,NOT ON SCENE (DESK REPORT),NO INJURY / DRIVE AWAY,,,,"OVER $1,500",3/26/2022 12:26,FAILING TO YIELD RIGHT-OF-WAY,FAILING TO YIELD RIGHT-OF-WAY,5950,S,PULASKI RD,813,,,,,,,2,NO INDICATION OF INJURY,0,0,0,0,0,2,0,17,6,3,41.78441181,-87.72306694,POINT (-87.723066937287 41.784411807921)
69e89274528412ef3fe5938775920d77bada9e10c019ba24a5dbb87ffd269e74abc38739c7fb0fe518bd1ddf371244fe8eaaa16755450c30c5ac70873850747f,JF164029,,3/5/2022 10:00,25,NO CONTROLS,NO CONTROLS,CLEAR,DAYLIGHT,SIDESWIPE SAME DIRECTION,NOT DIVIDED,,STRAIGHT AND LEVEL,DRY,NO DEFECTS,NOT ON SCENE (DESK REPORT),NO INJURY / DRIVE AWAY,,,,"OVER $1,500",3/5/2022 10:50,IMPROPER OVERTAKING/PASSING,NOT APPLICABLE,5401,N,KIMBALL AVE,1712,,,,,,,2,NO INDICATION OF INJURY,0,0,0,0,0,2,0,10,7,3,41.97945087,-87.71349071,POINT (-87.713490706776 41.979450874024)
77e6851ef624845da836cb3b639b6390e1d1414785c97ef2fe0c73e8709efa18c5defbd79864edb79b549fa3370545c940545f24962fb1d703d6b5b2cdac24b3,JF186055,,3/25/2022 10:55,15,NO CONTROLS,NO CONTROLS,CLEAR,DAYLIGHT,PARKED MOTOR VEHICLE,PARKING LOT,,STRAIGHT AND LEVEL,DRY,NO DEFECTS,ON SCENE,NO INJURY / DRIVE AWAY,,Y,Y,"OVER $1,500",3/25/2022 11:03,IMPROPER BACKING,FAILING TO REDUCE SPEED TO AVOID CRASH,1933,W,103RD ST,2212,,,,,,,2,NO INDICATION OF INJURY,0,0,0,0,0,2,0,10,6,3,41.70645424,-87.67053217,POINT (-87.670532173095 41.706454243021)