CRASH_RECORD_ID,RD_NO,CRASH_DATE_EST_I,CRASH_DATE,POSTED_SPEED_LIMIT,TRAFFIC_CONTROL_DEVICE,DEVICE_CONDITION,WEATHER_CONDITION,LIGHTING_CONDITION,FIRST_CRASH_TYPE,TRAFFICWAY_TYPE,LANE_CNT,ALIGNMENT,ROADWAY_SURFACE_COND,ROAD_DEFECT,REPORT_TYPE,CRASH_TYPE,INTERSECTION_RELATED_I,NOT_RIGHT_OF_WAY_I,HIT_AND_RUN_I,DAMAGE,DATE_POLICE_NOTIFIED,PRIM_CONTRIBUTORY_CAUSE,SEC_CONTRIBUTORY_CAUSE,STREET_NO,STREET_DIRECTION,STREET_NAME,BEAT_OF_OCCURRENCE,PHOTOS_TAKEN_I,STATEMENTS_TAKEN_I,DOORING_I,WORK_ZONE_I,WORK_ZONE_TYPE,WORKERS_PRESENT_I,NUM_UNITS,MOST_SEVERE_INJURY,INJURIES_TOTAL,INJURIES_FATAL,INJURIES_INCAPACITATING,INJURIES_NON_INCAPACITATING,INJURIES_REPORTED_NOT_EVIDENT,INJURIES_NO_INDICATION,INJURIES_UNKNOWN,CRASH_HOUR,CRASH_DAY_OF_WEEK,CRASH_MONTH,LATITUDE,LONGITUDE,LOCATION
7861c692e4b6d7b9ffeb9a6934ec8c8ee27b15ddb8fc1f4cfe4fd4b32e1595d4d1baf71ba7f57463f969de51486661c78e2d19515293b30a52fddda0e44871ec,JF186678,,3/25/2022 20:10,20,STOP SIGN/FLASHER,FUNCTIONING PROPERLY,CLEAR,"DARKNESS, LIGHTED ROAD",ANGLE,FOUR WAY,,STRAIGHT AND LEVEL,DRY,NO DEFECTS,NOT ON SCENE (DESK REPORT),NO INJURY / DRIVE AWAY,Y,,,"OVER $1,500",3/25/2022 20:40,DRIVING SKILLS/KNOWLEDGE/EXPERIENCE,NOT APPLICABLE,1500,E,73RD ST,324,,,,,,,2,NO INDICATION OF INJURY,0,0,0,0,0,2,0,20,6,3,41.76250354,-87.58835055,POINT (-87.588350553373 41.762503537082)
7942d5f5352a5c7ffba490df085fdbebaedf3e24b7e55499250120b0a25c6db6eefc5672b08ba94058450b4497a3395181d7e3eab859dfe566212b9904c69e5f,JF186613,Y,3/25/2022 18:15,30,NO CONTROLS,NO CONTROLS,RAIN,DUSK,REAR END,DIVIDED - W/MEDIAN (NOT RAISED),,STRAIGHT AND LEVEL,WET,NO DEFECTS,NOT ON SCENE (DESK REPORT),NO INJURY / DRIVE AWAY,,,,"OVER $1,500",3/25/2022 19:30,UNABLE TO DETERMINE,UNABLE TO DETERMINE,1005,S,STATE ST,123,,,,,,,2,NO INDICATION OF INJURY,0,0,0,0,0,2,0,18,6,3,41.86975823,-87.62733068,POINT (-87.627330683998 41.869758229458)
794b2a5b6730079c95c785d3b2ba5a70bde54bba112e44f230e9ca8efebd8e24fd8881bd92b4861c357e2f9dd4032c507d2ab770b37f8240644f0d55e4cdd646,JF186514,,3/25/2022 16:44,30,UNKNOWN,UNKNOWN,CLEAR,DAYLIGHT,SIDESWIPE OPPOSITE DIRECTION,NOT DIVIDED,,STRAIGHT AND LEVEL,DRY,UNKNOWN,NOT ON SCENE (DESK REPORT),NO INJURY / DRIVE AWAY,,,Y,"$501 - $1,500",3/25/2022 17:45,IMPROPER OVERTAKING/PASSING,IMPROPER OVERTAKING/PASSING,2543,S,ALBANY AVE,1033,,,,,,,2,NO INDICATION OF INJURY,0,0,0,0,0,7,0,16,6,3,41.84505323,-87.70245034,POINT (-87.702450336389 41.84505323385)
21ff48bbbc28af3bb6ec6fe352fb57fcf49bff3b8de7994f77cdea2b3ab28afc34f7ec1965b58900e363635acacad79138cf22106763edb18c403af9da9e47aa,JF157789,,2/26/2022 17:30,20,NO CONTROLS,NO CONTROLS,UNKNOWN,"DARKNESS, LIGHTED ROAD",REAR TO REAR,PARKING LOT,,STRAIGHT AND LEVEL,UNKNOWN,UNKNOWN,NOT ON SCENE (DESK REPORT),NO INJURY / DRIVE AWAY,,,,"$501 - $1,500",2/27/2022 15:20,UNABLE TO DETERMINE,NOT APPLICABLE,9155,S,STONY ISLAND AVE,413,,,,,,,2,NO INDICATION OF INJURY,0,0,0,0,0,2,0,17,7,2,41.72803849,-87.58486722,POINT (-87.584867223924 41.72803849373)
d717bdd7f9437198e8f070aa38994e02684631da189ac7bc983b235f2bdc693e6b3aaf23998a135e2bc477aca1f8b548e7496ff18b668ebab75be3967a0b18ee,JF171576,,3/12/2022 14:15,30,TRAFFIC SIGNAL,FUNCTIONING PROPERLY,CLEAR,DAYLIGHT,TURNING,DIVIDED - W/MEDIAN (NOT RAISED),,STRAIGHT AND LEVEL,DRY,NO DEFECTS,ON SCENE,INJURY AND / OR TOW DUE TO CRASH,Y,,,"OVER $1,500",3/12/2022 14:20,IMPROPER TURNING/NO SIGNAL,IMPROPER TURNING/NO SIGNAL,1501,W,NORTH AVE,1433,,,,,,,2,NO INDICATION OF INJURY,0,0,0,0,0,6,0,14,7,3,41.91055465,-87.66521232,POINT (-87.665212316888 41.910554645603)
6ec464d6b598bc778129b06093eeb537c2168455a72e17d60caf76aba0cec4155e55ab9ac014f7860a9e99230649f57f0dd6d45d7a9fb8bd36527942289e212a,JF178965,,3/19/2022 2:29,15,NO CONTROLS,NO CONTROLS,RAIN,"DARKNESS, LIGHTED ROAD",PARKED MOTOR VEHICLE,NOT DIVIDED,,STRAIGHT AND LEVEL,WET,WORN SURFACE,ON SCENE,NO INJURY / DRIVE AWAY,,,Y,"OVER $1,500",3/19/2022 2:34,UNABLE TO DETERMINE,UNABLE TO DETERMINE,5842,S,TALMAN AVE,824,,,,,,,3,NO INDICATION OF INJURY,0,0,0,0,0,1,0,2,7,3,41.78700828,-87.69009766,POINT (-87.690097657665 41.787008276347)
22a0f8df0cb9b0e933fdbe140e70d96bdcb66daec5a5a500c771cf6de49cb4fbe724ac1c8f7f14e88bdaafb1c8a29734da63cf860fb9b63746932c7ffe10926b,JF156375,,2/26/2022 3:36,30,UNKNOWN,UNKNOWN,CLEAR,"DARKNESS, LIGHTED ROAD",PARKED MOTOR VEHICLE,NOT DIVIDED,,STRAIGHT AND LEVEL,DRY,NO DEFECTS,ON SCENE,INJURY AND / OR TOW DUE TO CRASH,,,Y,"OVER $1,500",2/26/2022 3:36,NOT APPLICABLE,NOT APPLICABLE,1737,N,WESTERN AVE,1434,,,,,,,4,NO INDICATION OF INJURY,0,0,0,0,0,1,0,3,7,2,41.91321687,-87.6871502,POINT (-87.68715019889 41.913216870346)
22d24ba8f65372d31b6e578ca5b5bd31241fc99ccccca1fe1389d2e423e268e33bf263c9c069b140fb5d22a8c5744e87a38572f0853146ce28d85071775c0983,JF156869,,2/26/2022 15:40,25,NO CONTROLS,NO CONTROLS,SNOW,DAYLIGHT,PARKED MOTOR VEHICLE,ONE-WAY,,STRAIGHT AND LEVEL,SNOW OR SLUSH,NO DEFECTS,ON SCENE,NO INJURY / DRIVE AWAY,,,,"OVER $1,500",2/26/2022 15:45,WEATHER,UNABLE TO DETERMINE,6559,S,TALMAN AVE,831,,Y,,,,,2,NO INDICATION OF INJURY,0,0,0,0,0,3,0,15,7,2,41.77377472,-87.68945168,POINT (-87.68945167548 41.77377471557)
22e3170993acf6b07fdce4f7ce1185a7b52d4573d11f94a05df4a85e7937b37289c6f6ff099e54728b0d0a37441f26ce80f40b36bcf5bef3948e1bfda1451533,JF158708,,2/26/2022 13:00,30,NO CONTROLS,NO CONTROLS,CLEAR,DAYLIGHT,REAR END,NOT DIVIDED,,STRAIGHT AND LEVEL,DRY,NO DEFECTS,NOT ON SCENE (DESK REPORT),NO INJURY / DRIVE AWAY,,,,"$501 - $1,500",2/28/2022 14:08,NOT APPLICABLE,NOT APPLICABLE,4900,S,PULASKI RD,815,,,,,,,2,NO INDICATION OF INJURY,0,0,0,0,0,2,0,13,7,2,41.80411036,-87.72362341,POINT (-87.723623413779 41.804110358929)
347b0f91cd6248c6c456716dbcc203b1aa52b22ca736d517c2ce58419f6726588681e22c494e74dca29b8bf41f5c7908a7cdc2394ec4e00245839eb9edb030ae,JF149239,,2/19/2022 7:10,30,NO CONTROLS,NO CONTROLS,CLEAR,DAYLIGHT,PARKED MOTOR VEHICLE,NOT DIVIDED,,STRAIGHT AND LEVEL,DRY,NO DEFECTS,,NO INJURY / DRIVE AWAY,,,N,"$501 - $1,500",2/19/2022 7:10,IMPROPER BACKING,NOT APPLICABLE,1434,W,TAYLOR ST,1231,N,,,,,,2,NO INDICATION OF INJURY,0,0,0,0,0,3,0,7,7,2,41.86942753,-87.66302278,POINT (-87.663022783348 41.869427533632)
34d2cea4a6f3601096ac537feb9b903fe353c5636a40217f6ee79420ad066d0e08e8655345cfe1d38c428b1ea7b87de676ef2181b0d025a070a2c5103bb2f392,JF149506,Y,2/19/2022 13:00,30,TRAFFIC SIGNAL,FUNCTIONING PROPERLY,CLEAR,DAYLIGHT,PARKED MOTOR VEHICLE,DIVIDED - W/MEDIAN (NOT RAISED),,STRAIGHT AND LEVEL,WET,NO DEFECTS,NOT ON SCENE (DESK REPORT),NO INJURY / DRIVE AWAY,,,Y,"$501 - $1,500",2/19/2022 13:15,NOT APPLICABLE,UNABLE TO DETERMINE,1164,W,MADISON ST,1224,,,,,,,2,NO INDICATION OF INJURY,0,0,0,0,0,1,0,13,7,2,41.88173388,-87.65671488,POINT (-87.656714878224 41.881733876869)
d79b254feeb56903aab655121ea35684045a74e915664bb18db8be91f2f0bfe8324ec32ffff54bf5d23349face0354b2d6562c8496a44901e2b970ec9baa2290,JF171221,,3/12/2022 8:00,10,NO CONTROLS,NO CONTROLS,CLEAR,DAYLIGHT,ANGLE,PARKING LOT,,STRAIGHT AND LEVEL,DRY,NO DEFECTS,NOT ON SCENE (DESK REPORT),NO INJURY / DRIVE AWAY,,,,"OVER $1,500",3/12/2022 9:00,IMPROPER BACKING,NOT APPLICABLE,45,N,WESTERN AVE,1223,,,,,,,2,NO INDICATION OF INJURY,0,0,0,0,0,2,0,8,7,3,41.88251162,-87.68632443,POINT (-87.686324433222 41.882511624325)
6c07aa852c6bb294c48834bf525f0c9fe2795198e98caf6df71713b06094db09bacaa628230634ec3ee9bb1a78deea6c2b177babe4fad05b825fd748544cfbf5,JF164566,,3/5/2022 19:46,25,STOP SIGN/FLASHER,OTHER,RAIN,DARKNESS,ANGLE,FOUR WAY,,STRAIGHT AND LEVEL,WET,NO DEFECTS,ON SCENE,INJURY AND / OR TOW DUE TO CRASH,Y,,,"OVER $1,500",3/5/2022 19:46,UNABLE TO DETERMINE,UNABLE TO DETERMINE,5800,S,MICHIGAN AVE,232,,,,,,,2,NO INDICATION OF INJURY,0,0,0,0,0,2,0,19,7,3,41.78914772,-87.62247236,POINT (-87.622472361425 41.789147719083)
7027c98632fdac343c506490240540c62f2b82acc15d4e00af7dabcea82e536c06d0c01d62fe5c3c45e89912d96fc5b81f496ccf435bae0ec4c6596b97bae82e,JF179450,,3/19/2022 14:35,30,TRAFFIC SIGNAL,FUNCTIONING PROPERLY,RAIN,DAYLIGHT,TURNING,T-INTERSECTION,,STRAIGHT AND LEVEL,WET,NO DEFECTS,ON SCENE,INJURY AND / OR TOW DUE TO CRASH,Y,,,"OVER $1,500",3/19/2022 15:04,IMPROPER TURNING/NO SIGNAL,FAILING TO YIELD RIGHT-OF-WAY,5300,S,LAKE PARK AVE,234,,,,,,,2,NONINCAPACITATING INJURY,3,0,0,3,0,1,0,14,7,3,41.79948383,-87.58744204,POINT (-87.587442036314 41.799483825503)
7a8a6847ffe2c701e138bbc084c713269d77d1deb2a51932955f6c702155c712930a1c9629f9b0e3ad54b4888c7f394036f29563b74f5e5bd15bc64391830e96,JF186503,,3/25/2022 17:00,30,NO CONTROLS,NO CONTROLS,CLEAR,DAYLIGHT,REAR END,NOT DIVIDED,,STRAIGHT AND LEVEL,DRY,UNKNOWN,NOT ON SCENE (DESK REPORT),INJURY AND / OR TOW DUE TO CRASH,,,,"OVER $1,500",3/25/2022 17:46,FOLLOWING TOO CLOSELY,NOT APPLICABLE,4124,W,ARMITAGE AVE,2525,,,,,,,2,"REPORTED, NOT EVIDENT",1,0,0,0,1,2,0,17,6,3,41.91723057,-87.73007884,POINT (-87.730078836952 41.91723056775)
d9a49e8e90b749c7ab8c390339987cc7d8d177fd9a9a0a555b5e70ed6b76f48002f4c2243f330d2f2954f822a266eb7abad61d933a4391098056d4b1998b8b13,JF171093,,3/12/2022 2:51,25,TRAFFIC SIGNAL,UNKNOWN,CLEAR,"DARKNESS, LIGHTED ROAD",TURNING,NOT DIVIDED,,STRAIGHT AND LEVEL,UNKNOWN,UNKNOWN,ON SCENE,INJURY AND / OR TOW DUE TO CRASH,Y,,,"OVER $1,500",3/12/2022 2:53,IMPROPER TURNING/NO SIGNAL,NOT APPLICABLE,1999,E,69TH ST,332,,,,,,,2,"REPORTED, NOT EVIDENT",1,0,0,0,1,1,0,2,7,3,41.76969088,-87.57645814,POINT (-87.576458141734 41.769690879804)
71be06261853e28d228dc42cb05a96de36b0617d0c9d18fbb179fd03a1f35a691186091ede3cffb4cce368cf3c51acbc25ec74fb240a39a0a56e3819b5b92d8e,JF179306,,3/19/2022 12:15,30,TRAFFIC SIGNAL,FUNCTIONING PROPERLY,RAIN,DAYLIGHT,REAR END,DIVIDED - W/MEDIAN (NOT RAISED),,STRAIGHT AND LEVEL,WET,NO DEFECTS,ON SCENE,INJURY AND / OR TOW DUE TO CRASH,,,Y,"OVER $1,500",3/19/2022 12:21,UNABLE TO DETERMINE,UNABLE TO DETERMINE,3232,W,79TH ST,835,Y,,,,,,2,"REPORTED, NOT EVIDENT",1,0,0,0,1,1,0,12,7,3,41.74994623,-87.70376534,POINT (-87.703765339147 41.749946230784)
35d5d749ec99623cc9d5b536cd0abac26f0d2af87500047614e83a0ccef32585494cfde63e16f31a1beec9852391a57e9cf6c2e16fb5e9b3d90365bbe67716f8,JF149658,,2/19/2022 12:00,30,TRAFFIC SIGNAL,FUNCTIONING PROPERLY,CLEAR,DAYLIGHT,REAR END,NOT DIVIDED,,STRAIGHT AND LEVEL,DRY,SHOULDER DEFECT,NOT ON SCENE (DESK REPORT),NO INJURY / DRIVE AWAY,,,,"$501 - $1,500",2/19/2022 16:00,DRIVING SKILLS/KNOWLEDGE/EXPERIENCE,NOT APPLICABLE,4823,W,63RD ST,813,,,,,,,2,NO INDICATION OF INJURY,0,0,0,0,0,2,0,12,7,2,41.77829988,-87.7433486,POINT (-87.743348594832 41.778299878595)
23c8a7529951884ccbe5f2ba5d45bc7c873840d5583627777300ed17f075f11e45aa7da4b0f7bb033aa181532bc358a5e4643cd3f0c179b2df0c5d7cbaea579b,JF156381,,2/26/2022 3:40,20,TRAFFIC SIGNAL,FUNCTIONING PROPERLY,CLEAR,"DARKNESS, LIGHTED ROAD",SIDESWIPE OPPOSITE DIRECTION,NOT DIVIDED,,STRAIGHT AND LEVEL,DRY,NO DEFECTS,ON SCENE,INJURY AND / OR TOW DUE TO CRASH,Y,,,"OVER $1,500",2/26/2022 3:40,IMPROPER LANE USAGE,"OPERATING VEHICLE IN ERRATIC, RECKLESS, CARELESS, NEGLIGENT OR AGGRESSIVE MANNER",1200,N,LAKE SHORE DR,1824,,,,,,,2,NO INDICATION OF INJURY,0,0,0,0,0,2,0,3,7,2,41.90402236,-87.62516042,POINT (-87.625160424397 41.90402235915)
36a9025d49e8e9fdbe0e35822334b9fbf3f4ee93027618eca9c9b73fd6546878a63d5046b61cc5e908cdd07be1841caba208c82165bf3ee26636c72b59cba962,JF152468,,2/19/2022 0:30,30,NO CONTROLS,NO CONTROLS,CLEAR,DARKNESS,PARKED MOTOR VEHICLE,NOT DIVIDED,,STRAIGHT AND LEVEL,SNOW OR SLUSH,NO DEFECTS,NOT ON SCENE (DESK REPORT),NO INJURY / DRIVE AWAY,,,Y,"OVER $1,500",2/22/2022 13:25,UNABLE TO DETERMINE,UNABLE TO DETERMINE,2455,W,ARTHINGTON ST,1135,,,,,,,2,NO INDICATION OF INJURY,0,0,0,0,0,1,0,0,7,2,41.87012163,-87.68829626,POINT (-87.688296254971 41.870121626945)
7386daa8637a3a812da181a73420e6ad9bb2718c8052e7844b467b787484a34cdaba0e0cb278e69d7ceccac625bf771531357b5b98de27cafd9caaa2d325e0a8,JF180120,Y,3/20/2022 0:00,20,NO CONTROLS,NO CONTROLS,CLEAR,UNKNOWN,PARKED MOTOR VEHICLE,NOT DIVIDED,,STRAIGHT AND LEVEL,UNKNOWN,NO DEFECTS,ON SCENE,NO INJURY / DRIVE AWAY,,,Y,$500 OR LESS,3/20/2022 7:54,NOT APPLICABLE,NOT APPLICABLE,7338,S,PAULINA ST,735,,,,,,,2,NO INDICATION OF INJURY,0,0,0,0,0,1,0,0,1,3,41.76007808,-87.66626321,POINT (-87.66626321295 41.760078080932)
36dd98333f8992588b812626240b018dca58b746a50661161db8ad05baf081801bc77ebeebf79b5c6612552267904b97569a275d69e27030b497f235d1d76283,JF149420,,2/19/2022 11:24,30,NO CONTROLS,NO CONTROLS,CLEAR,DAYLIGHT,REAR END,DIVIDED - W/MEDIAN BARRIER,,STRAIGHT AND LEVEL,DRY,NO DEFECTS,NOT ON SCENE (DESK REPORT),NO INJURY / DRIVE AWAY,,,,"OVER $1,500",2/19/2022 11:44,FOLLOWING TOO CLOSELY,NOT APPLICABLE,532,W,95TH ST,2223,,,,,,,2,NO INDICATION OF INJURY,0,0,0,0,0,2,0,11,7,2,41.72165072,-87.63721721,POINT (-87.637217213351 41.721650718156)
2566c7ce999f3f4004d10c9dc97dbb23d4fbe0a7ed570c2d10aa95783e47af1b19804abd7cbf17e4f3a1e993592469e4fe0a520caaae394b30e2fa5140e72a3c,JF156996,,2/26/2022 16:31,30,TRAFFIC SIGNAL,FUNCTIONING PROPERLY,CLEAR,DAYLIGHT,REAR END,DIVIDED - W/MEDIAN BARRIER,,STRAIGHT AND LEVEL,DRY,NO DEFECTS,ON SCENE,INJURY AND / OR TOW DUE TO CRASH,,,Y,"OVER $1,500",2/26/2022 16:31,FOLLOWING TOO CLOSELY,DRIVING SKILLS/KNOWLEDGE/EXPERIENCE,2111,W,PETERSON AVE,2012,,N,,,,,3,NONINCAPACITATING INJURY,1,0,0,1,0,4,0,16,7,2,41.99051094,-87.68290745,POINT (-87.682907449584 41.990510942121)
370651fe0b376a16cbcdca57b06af3c0937cefc304b0c8e10d68553c34db0e6de4f9d92c9a15c93d4eddff54f515c0ccc964d720cfc975f79f3587d98480269b,JF150400,,2/19/2022 19:30,30,TRAFFIC SIGNAL,FUNCTIONING PROPERLY,CLEAR,"DARKNESS, LIGHTED ROAD",SIDESWIPE SAME DIRECTION,DIVIDED - W/MEDIAN (NOT RAISED),,STRAIGHT AND LEVEL,DRY,UNKNOWN,NOT ON SCENE (DESK REPORT),NO INJURY / DRIVE AWAY,,,Y,"$501 - $1,500",2/20/2022 13:13,UNABLE TO DETERMINE,UNABLE TO DETERMINE,801,W,GARFIELD BLVD,712,,,,,,,2,NO INDICATION OF INJURY,0,0,0,0,0,2,0,19,7,2,41.79383347,-87.64520728,POINT (-87.645207274947 41.793833474309)
7df9a293ba69ee37b8218c838209e8bbb0b60cfb961ce59e2324b4f421c2989742abcde329259f3459c921a836c899c1582f4e008ffac9e4e3a17b5d32844891,JF186617,,3/25/2022 18:00,30,NO CONTROLS,NO CONTROLS,CLEAR,DAYLIGHT,SIDESWIPE SAME DIRECTION,NOT DIVIDED,,STRAIGHT AND LEVEL,DRY,NO DEFECTS,NOT ON SCENE (DESK REPORT),NO INJURY / DRIVE AWAY,,,,"OVER $1,500",3/25/2022 19:30,IMPROPER LANE USAGE,FAILING TO YIELD RIGHT-OF-WAY,700,E,79TH ST,624,,,,,,,2,NO INDICATION OF INJURY,0,0,0,0,0,2,0,18,6,3,41.75135424,-87.60760037,POINT (-87.607600368342 41.751354237509)
7e8bdd51edb2db8f7d14d15d810e3638efd317c999903ed0cb0a2009e7b9739b20111f3051489c8d487ab13781da96581f727ab4eed38e090bc17f0763cf1ec1,JF187278,,3/25/2022 19:00,30,UNKNOWN,UNKNOWN,UNKNOWN,DARKNESS,OTHER NONCOLLISION,NOT DIVIDED,,STRAIGHT AND LEVEL,UNKNOWN,"RUT, HOLES",NOT ON SCENE (DESK REPORT),NO INJURY / DRIVE AWAY,,,,$500 OR LESS,3/26/2022 13:45,NOT APPLICABLE,NOT APPLICABLE,4450,N,CICERO AVE,1623,,,,,,,2,NO INDICATION OF INJURY,0,0,0,0,0,2,0,19,6,3,41.96215652,-87.74773193,POINT (-87.747731924918 41.962156519303)
376e3836a614ef237c8ab52f1f06f73941189bd132dd4ac820cab92b7e3f960eb2bf781b12a554a0da1e0beb3175dc780453aeff40d42f7264209f293f5fa006,JF149250,,2/19/2022 7:30,30,UNKNOWN,UNKNOWN,CLEAR,DAYLIGHT,SIDESWIPE SAME DIRECTION,ONE-WAY,,STRAIGHT AND LEVEL,UNKNOWN,UNKNOWN,NOT ON SCENE (DESK REPORT),NO INJURY / DRIVE AWAY,,,,"$501 - $1,500",2/19/2022 7:58,UNABLE TO DETERMINE,UNABLE TO DETERMINE,3721,W,62ND PL,823,,,,,,,2,NO INDICATION OF INJURY,0,0,0,0,0,2,0,7,7,2,41.77956003,-87.71630548,POINT (-87.716305476213 41.779560030389)
754037f98d2322f3ac8ac1b706efe58310504e918633cba213c7dbf8d59e3f7f3aa2c7a213c0b86afc872bf611cc54aa69262eb8a95c4862e53c83a890da4b8d,JF179702,,3/19/2022 19:25,30,NO CONTROLS,NO CONTROLS,CLEAR,DAYLIGHT,REAR TO FRONT,ONE-WAY,,STRAIGHT AND LEVEL,DRY,NO DEFECTS,NOT ON SCENE (DESK REPORT),NO INJURY / DRIVE AWAY,,,,"OVER $1,500",3/19/2022 19:38,UNABLE TO DETERMINE,UNABLE TO DETERMINE,7730,S,COLES AVE,421,,,,,,,2,NO INDICATION OF INJURY,0,0,0,0,0,2,0,19,7,3,41.75547463,-87.55416902,POINT (-87.554169021718 41.755474626285)
2699499a1aa8adb1ac5c19329f1eeb367ba8c7c2db98c6fe0cbca6467efa167c57429a0bbbe42cd78079c601ab1b8b3619c1742b8d74eff84615d5b33bd444a5,JF156413,,2/26/2022 6:00,35,NO CONTROLS,NO CONTROLS,CLEAR,"DARKNESS, LIGHTED ROAD",TURNING,CENTER TURN LANE,,STRAIGHT AND LEVEL,DRY,OTHER,ON SCENE,INJURY AND / OR TOW DUE TO CRASH,Y,,,"OVER $1,500",2/26/2022 6:03,UNABLE TO DETERMINE,UNABLE TO DETERMINE,9601,S,WESTERN AVE,2213,,,,,,,2,NONINCAPACITATING INJURY,3,0,0,3,0,0,0,6,7,2,41.71902228,-87.68185843,POINT (-87.681858434193 41.71902228377)
272989b77f7481db699a91ef4a21431f357adeec0b0baa52b31671042e1c59132b0757019a5b43a07ffdaeedf84971f746b35c32a3c2b2d979c4a43ba3075ab1,JF157112,,2/26/2022 19:53,30,TRAFFIC SIGNAL,FUNCTIONING PROPERLY,CLEAR,DARKNESS,TURNING,NOT DIVIDED,,STRAIGHT AND LEVEL,DRY,NO DEFECTS,ON SCENE,NO INJURY / DRIVE AWAY,,,,"OVER $1,500",2/26/2022 19:53,UNABLE TO DETERMINE,NOT APPLICABLE,4357,N,WESTERN AVE,1911,,,,,,,2,NO INDICATION OF INJURY,0,0,0,0,0,2,0,19,7,2,41.96121115,-87.688533,POINT (-87.688533003551 41.961211146736)
75a7bb2cbd9f9808b547ecb459ff31f31c46cf4ebe5ffa75dd909dd0bb25fb171b803704592b3123c485db17072fd80af409b34ecf1a5fb8110ae44af12a01f5,JF179237,,3/19/2022 11:15,30,NO CONTROLS,NO CONTROLS,CLOUDY/OVERCAST,DAYLIGHT,PEDESTRIAN,ONE-WAY,,STRAIGHT AND LEVEL,WET,NO DEFECTS,ON SCENE,INJURY AND / OR TOW DUE TO CRASH,,,,$500 OR LESS,3/19/2022 11:22,DISTRACTION - FROM OUTSIDE VEHICLE,UNABLE TO DETERMINE,233,E,ONTARIO ST,1834,,,,,,,2,NONINCAPACITATING INJURY,1,0,0,1,0,1,0,11,7,3,41.89326515,-87.62181212,POINT (-87.621812120153 41.893265148987)
27421ea62724e07f8166a164d34a9a7b28326150a3005678c10cbb7db23d1ca9ac460f6ee29f8ea4ca5bded0063e5ebb43c3cee4050a1111b27b5dfd305fa142,JF156460,,2/26/2022 7:43,10,NO CONTROLS,NO CONTROLS,CLEAR,DAYLIGHT,PARKED MOTOR VEHICLE,ONE-WAY,,STRAIGHT AND LEVEL,SNOW OR SLUSH,UNKNOWN,ON SCENE,INJURY AND / OR TOW DUE TO CRASH,,,Y,"OVER $1,500",2/26/2022 7:43,UNABLE TO DETERMINE,NOT APPLICABLE,3006,W,ALBION AVE,2412,,,,,,,3,NO INDICATION OF INJURY,0,0,0,0,0,1,0,7,7,2,42.00122364,-87.70493847,POINT (-87.704938469035 42.001223638037)
3876d123b5d4f530a6add9ae3f47b03024dcd642300aeeb8f7c6282f61f71618ab7d2c84e89407b62c113f9b64459027c30f43de37246fba93126a9261dc920b,JF149969,,2/19/2022 20:30,25,NO CONTROLS,NO CONTROLS,CLEAR,"DARKNESS, LIGHTED ROAD",PARKED MOTOR VEHICLE,ONE-WAY,,STRAIGHT AND LEVEL,DRY,NO DEFECTS,NOT ON SCENE (DESK REPORT),NO INJURY / DRIVE AWAY,,,Y,"$501 - $1,500",2/19/2022 22:00,UNABLE TO DETERMINE,UNABLE TO DETERMINE,1618,N,SPRINGFIELD AVE,2535,,,,,,,2,NO INDICATION OF INJURY,0,0,0,0,0,1,0,20,7,2,41.91051184,-87.72405658,POINT (-87.724056575659 41.910511836631)
dc3b1f063890a6bc371797b665c5046b2798a7dad043b0d167bd133ffa9cb084a411f7c90a74ed59cf7c4b094867218011bcdef9608e5be198965b425b071e66,JF172073,,3/12/2022 23:49,30,TRAFFIC SIGNAL,FUNCTIONING PROPERLY,CLEAR,"DARKNESS, LIGHTED ROAD",TURNING,DIVIDED - W/MEDIAN BARRIER,,STRAIGHT ON GRADE,DRY,NO DEFECTS,ON SCENE,INJURY AND / OR TOW DUE TO CRASH,Y,,,"OVER $1,500",3/12/2022 23:49,FAILING TO YIELD RIGHT-OF-WAY,IMPROPER TURNING/NO SIGNAL,2402,W,LOGAN BLVD,1411,,,,,,,2,NO INDICATION OF INJURY,0,0,0,0,0,2,0,23,7,3,41.92865836,-87.68798479,POINT (-87.687984786079 41.928658364418)
754d077e8a8c245688f8da43203cf2ad5ee88787c9c36d57e8bd9d6b3c79f1726350215be59ded95fe4ff63df38fb9cc07e11a27608295ce13355882e88b5ac6,JD280456,,6/29/2020 18:00,30,STOP SIGN/FLASHER,FUNCTIONING PROPERLY,CLOUDY/OVERCAST,DAYLIGHT,PEDESTRIAN,NOT DIVIDED,,STRAIGHT AND LEVEL,WET,UNKNOWN,,INJURY AND / OR TOW DUE TO CRASH,,,Y,"OVER $1,500",6/29/2020 18:08,UNABLE TO DETERMINE,NOT APPLICABLE,5600,S,WOOD ST,715,,,,,,,2,INCAPACITATING INJURY,1,0,1,0,0,1,0,18,2,6,41.79206066,-87.66953685,POINT (-87.669536847061 41.792060658303)
387b092207a7d9f903084f8575a6272de5103d365bc2e26089d04a1bf94db0d170bfe1f41fa74466d5a2bfcc56e68d2a57a78415905e6198b99f8c04602e2ccc,JF150277,,2/19/2022 16:15,30,NO CONTROLS,NO CONTROLS,CLEAR,DAYLIGHT,SIDESWIPE SAME DIRECTION,ONE-WAY,,STRAIGHT AND LEVEL,DRY,UNKNOWN,NOT ON SCENE (DESK REPORT),NO INJURY / DRIVE AWAY,,,,"OVER $1,500",2/20/2022 10:47,UNABLE TO DETERMINE,UNABLE TO DETERMINE,1226,W,NORTH SHORE AVE,2432,,,,,,,2,NO INDICATION OF INJURY,0,0,0,0,0,2,0,16,7,2,42.00363657,-87.66193542,POINT (-87.661935418258 42.003636565434)