CRASH_RECORD_ID,RD_NO,CRASH_DATE_EST_I,CRASH_DATE,POSTED_SPEED_LIMIT,TRAFFIC_CONTROL_DEVICE,DEVICE_CONDITION,WEATHER_CONDITION,LIGHTING_CONDITION,FIRST_CRASH_TYPE,TRAFFICWAY_TYPE,LANE_CNT,ALIGNMENT,ROADWAY_SURFACE_COND,ROAD_DEFECT,REPORT_TYPE,CRASH_TYPE,INTERSECTION_RELATED_I,NOT_RIGHT_OF_WAY_I,HIT_AND_RUN_I,DAMAGE,DATE_POLICE_NOTIFIED,PRIM_CONTRIBUTORY_CAUSE,SEC_CONTRIBUTORY_CAUSE,STREET_NO,STREET_DIRECTION,STREET_NAME,BEAT_OF_OCCURRENCE,PHOTOS_TAKEN_I,STATEMENTS_TAKEN_I,DOORING_I,WORK_ZONE_I,WORK_ZONE_TYPE,WORKERS_PRESENT_I,NUM_UNITS,MOST_SEVERE_INJURY,INJURIES_TOTAL,INJURIES_FATAL,INJURIES_INCAPACITATING,INJURIES_NON_INCAPACITATING,INJURIES_REPORTED_NOT_EVIDENT,INJURIES_NO_INDICATION,INJURIES_UNKNOWN,CRASH_HOUR,CRASH_DAY_OF_WEEK,CRASH_MONTH,LATITUDE,LONGITUDE,LOCATION
dc563a872ff94b84df438665f2f877f772434767de7a28e51221a4cb070271d065b01055a7a4463f6d68cafe65bf7544d976a07b42753c248b51cc1850b94dee,JF171069,,3/12/2022 0:51,35,NO CONTROLS,NO CONTROLS,CLEAR,"DARKNESS, LIGHTED ROAD",PARKED MOTOR VEHICLE,CENTER TURN LANE,,STRAIGHT AND LEVEL,WET,UNKNOWN,ON SCENE,INJURY AND / OR TOW DUE TO CRASH,,,Y,"OVER $1,500",3/12/2022 2:06,UNDER THE INFLUENCE OF ALCOHOL/DRUGS (USE WHEN ARREST IS EFFECTED),"OPERATING VEHICLE IN ERRATIC, RECKLESS, CARELESS, NEGLIGENT OR AGGRESSIVE MANNER",2300,S,MICHIGAN AVE,131,,,,,,,4,NONINCAPACITATING INJURY,1,0,0,1,0,1,0,0,7,3,41.85102108,-87.62390505,POINT (-87.623905048197 41.851021081261)
28372f0c1ead9de80661b420ed9d7b2c2575929dd01af0375b0ee7ef0641fd8dfea876f39aba66b24c2f88daa1639c89de20c16c77efc080d864083452d1fe23,JD260102,,6/10/2020 17:15,30,NO CONTROLS,NO CONTROLS,CLEAR,DAYLIGHT,TURNING,DIVIDED - W/MEDIAN BARRIER,,STRAIGHT AND LEVEL,DRY,NO DEFECTS,,NO INJURY / DRIVE AWAY,,,,"OVER $1,500",6/10/2020 17:37,IMPROPER LANE USAGE,NOT APPLICABLE,11548,S,HALSTED ST,524,,,,,,,2,NO INDICATION OF INJURY,0,0,0,0,0,2,0,17,4,6,41.68361318,-87.64225108,POINT (-87.642251082433 41.683613174704)
75e4f82d512d8d1eb598b3ceb61188465b36f744e35ab2779bb48a83582e89fc3e4619cf576d092a7331fc6d4ab08b2d75290fa0cecb5821cd6a76839042b505,JE113376,,1/15/2021 10:49,30,TRAFFIC SIGNAL,FUNCTIONING PROPERLY,FREEZING RAIN/DRIZZLE,DAYLIGHT,REAR END,DIVIDED - W/MEDIAN (NOT RAISED),,STRAIGHT AND LEVEL,WET,NO DEFECTS,,INJURY AND / OR TOW DUE TO CRASH,,,Y,"OVER $1,500",1/15/2021 10:50,"OPERATING VEHICLE IN ERRATIC, RECKLESS, CARELESS, NEGLIGENT OR AGGRESSIVE MANNER",NOT APPLICABLE,6705,S,JEFFERY BLVD,331,,,,,,,3,NONINCAPACITATING INJURY,1,0,0,1,0,2,0,10,6,1,41.77325802,-87.5763382,POINT (-87.57633819551 41.773258014577)
28b49290df7f744838e298a645d6c26aa7b1e139172225de0632d58e195beac10c43b7a14bf7cf2cc56edcb826817a2c463c4a0f173bb0f085243bdcc84d9685,JF156712,,2/26/2022 13:00,30,STOP SIGN/FLASHER,FUNCTIONING PROPERLY,CLEAR,DAYLIGHT,ANGLE,DIVIDED - W/MEDIAN (NOT RAISED),,STRAIGHT AND LEVEL,ICE,NO DEFECTS,ON SCENE,INJURY AND / OR TOW DUE TO CRASH,Y,,,"OVER $1,500",2/26/2022 13:00,UNABLE TO DETERMINE,NOT APPLICABLE,3724,W,16TH ST,1014,,,,,,,2,NONINCAPACITATING INJURY,2,0,0,2,0,1,0,13,7,2,41.8590458,-87.71854845,POINT (-87.718548451363 41.859045803373)
39c762dc43153fac8da3d80d492e368abb26a638a22a70fd89bfb144c87b51907df7a05cb99698c2c49df7b56b4fdf0b1e04798bff9e4986020a84776edf0275,JF149668,,2/19/2022 15:12,30,STOP SIGN/FLASHER,FUNCTIONING PROPERLY,CLEAR,DAYLIGHT,ANGLE,FOUR WAY,,STRAIGHT AND LEVEL,DRY,NO DEFECTS,NOT ON SCENE (DESK REPORT),NO INJURY / DRIVE AWAY,Y,,,"OVER $1,500",2/19/2022 16:14,DRIVING SKILLS/KNOWLEDGE/EXPERIENCE,NOT APPLICABLE,4700,S,GREENWOOD AVE,222,,,,,,,2,NO INDICATION OF INJURY,0,0,0,0,0,2,0,15,7,2,41.80952205,-87.59941065,POINT (-87.599410648045 41.809522052561)
2921a3b51a4574ea28eb32dbc5f52c0c877bdafdee7e4f0d4aa0958abe753fd31162322dc076e55f8cbe50e653951dc6e0210cc613cd95ab1a2c4ed593522e52,JE245022,,5/27/2021 16:25,30,NO CONTROLS,NO CONTROLS,CLEAR,DAYLIGHT,TURNING,NOT DIVIDED,,STRAIGHT AND LEVEL,DRY,NO DEFECTS,,NO INJURY / DRIVE AWAY,,,,"OVER $1,500",5/27/2021 16:50,UNABLE TO DETERMINE,NOT APPLICABLE,4045,W,LAWRENCE AVE,1722,,,,,,,2,NO INDICATION OF INJURY,0,0,0,0,0,3,0,16,5,5,41.96811179,-87.72986788,POINT (-87.729867882515 41.968111786581)
6fcb5d0ce4b7492fe2d36a5b4846f8782e10dd820f5b1ee5eb206fea83f89b83cbc4c2cc5e8ae0b1c43a1d52753cd4795b3a9a6cd5b161675973e9f371074b78,JC422932,,9/6/2019 20:00,30,TRAFFIC SIGNAL,FUNCTIONING PROPERLY,CLEAR,"DARKNESS, LIGHTED ROAD",SIDESWIPE SAME DIRECTION,NOT DIVIDED,,STRAIGHT AND LEVEL,DRY,NO DEFECTS,,NO INJURY / DRIVE AWAY,Y,,,"OVER $1,500",9/6/2019 20:00,FAILING TO YIELD RIGHT-OF-WAY,UNABLE TO DETERMINE,50,E,CHICAGO AVE,1833,,,,,,,2,NO INDICATION OF INJURY,0,0,0,0,0,2,0,20,6,9,41.89681404,-87.62627782,POINT (-87.626277823438 41.896814039218)
3adec4de297b2a8dea9c7b6d29657c67e9835bbeaab1874ed3f1c1d8ac845713dcf8341f4bccf9b37b01d3250cbe930d12a45ba0abf22998a715b5f08dc4c13a,JF149974,,2/19/2022 20:52,30,NO CONTROLS,NO CONTROLS,CLEAR,"DARKNESS, LIGHTED ROAD",PARKED MOTOR VEHICLE,PARKING LOT,,STRAIGHT AND LEVEL,WET,NO DEFECTS,ON SCENE,NO INJURY / DRIVE AWAY,,,Y,"$501 - $1,500",2/19/2022 20:56,UNABLE TO DETERMINE,NOT APPLICABLE,5342,N,CUMBERLAND AVE,1614,,,,,,,2,NO INDICATION OF INJURY,0,0,0,0,0,1,0,20,7,2,41.97680539,-87.83676096,POINT (-87.836760960823 41.976805393655)
82132a0b39099499d19d70e3ab3724111d639dbe58b50c3b2dddcc4ff4e4a0a23ca2cf1eb10cf49b0f1bb72dc2196f2ca5b476b435c9f704ffe6436fbb2d191c,JF186499,,3/25/2022 17:29,30,TRAFFIC SIGNAL,FUNCTIONING PROPERLY,RAIN,DAYLIGHT,TURNING,T-INTERSECTION,,STRAIGHT AND LEVEL,WET,NO DEFECTS,ON SCENE,INJURY AND / OR TOW DUE TO CRASH,Y,,,"OVER $1,500",3/25/2022 17:29,FAILING TO REDUCE SPEED TO AVOID CRASH,UNABLE TO DETERMINE,4500,S,WESTERN BLVD,922,,,,,,,3,NO INDICATION OF INJURY,0,0,0,0,0,4,0,17,6,3,41.8120386,-87.68410951,POINT (-87.684109504952 41.812038598238)
718a2b4f28aa17bf7ad4b23fd14f5b1d11f2429c7a483f92ab68fa832aed735d884aa32b557adf3202f53b7c5aa3efe9570853839b7560757e1f04c809199b4a,JF164240,,3/5/2022 12:36,30,TRAFFIC SIGNAL,FUNCTIONING PROPERLY,CLEAR,DAYLIGHT,SIDESWIPE SAME DIRECTION,NOT DIVIDED,,STRAIGHT AND LEVEL,DRY,NO DEFECTS,NOT ON SCENE (DESK REPORT),INJURY AND / OR TOW DUE TO CRASH,Y,,Y,"OVER $1,500",3/5/2022 13:30,UNABLE TO DETERMINE,UNABLE TO DETERMINE,1569,N,CLYBOURN AVE,1822,,,,,,,3,NO INDICATION OF INJURY,0,0,0,0,0,3,0,12,7,3,41.91006441,-87.64812416,POINT (-87.648124161562 41.910064407469)
debf0c3a2e81c340f6c8da8a482fc0bd85897da0b783b3ce50aa0f356a5a75ede2bc5c86318c0ff1d29091a2e85cb05313e2bd79286f027863cb5b68a2fbea13,JF171543,,3/12/2022 11:01,30,TRAFFIC SIGNAL,FUNCTIONING PROPERLY,CLEAR,DAYLIGHT,SIDESWIPE SAME DIRECTION,DIVIDED - W/MEDIAN (NOT RAISED),,STRAIGHT AND LEVEL,DRY,NO DEFECTS,NOT ON SCENE (DESK REPORT),NO INJURY / DRIVE AWAY,,,,"OVER $1,500",3/12/2022 13:45,IMPROPER OVERTAKING/PASSING,IMPROPER LANE USAGE,1156,W,GRAND AVE,1214,,,,,,,2,NO INDICATION OF INJURY,0,0,0,0,0,3,0,11,7,3,41.89119527,-87.65688616,POINT (-87.656886158057 41.891195270786)
72e28b09a252255208e62907d703028bf7077d542d04303ffffe99a10c7e1e52671a4a89cac46c3c87a47201afe499837a466d3021be9c68cb3fdf9fece736fe,JF168610,,3/5/2022 23:00,30,TRAFFIC SIGNAL,FUNCTIONING PROPERLY,RAIN,DUSK,REAR END,DIVIDED - W/MEDIAN (NOT RAISED),,STRAIGHT AND LEVEL,DRY,NO DEFECTS,NOT ON SCENE (DESK REPORT),NO INJURY / DRIVE AWAY,Y,,,"OVER $1,500",3/9/2022 18:30,FOLLOWING TOO CLOSELY,FAILING TO REDUCE SPEED TO AVOID CRASH,4800,W,BELMONT AVE,1634,,,,,,,2,NO INDICATION OF INJURY,0,0,0,0,0,3,0,23,7,3,41.93893395,-87.74699869,POINT (-87.746998688735 41.938933949963)
7832c53cf9af2a1cd980aa8e4dc136e6d3e9844689456e30077fc1f09e714dd1081f6e7f01aef6198982f0dfc4f0545714d043348a27b554fae58cb1e80e98cd,JF179487,,3/19/2022 15:10,30,NO CONTROLS,NO CONTROLS,UNKNOWN,DAYLIGHT,PARKED MOTOR VEHICLE,ONE-WAY,,STRAIGHT AND LEVEL,UNKNOWN,NO DEFECTS,NOT ON SCENE (DESK REPORT),NO INJURY / DRIVE AWAY,,,Y,"$501 - $1,500",3/19/2022 15:50,UNABLE TO DETERMINE,NOT APPLICABLE,531,W,DRUMMOND PL,1935,,,,,,,2,NO INDICATION OF INJURY,0,0,0,0,0,1,0,15,7,3,41.93139952,-87.64373105,POINT (-87.643731049037 41.931399521012)
3c1b76dfc16e4f5c93080aab43f758436f8d180c5ce84ae27477c01fb65eea9be0c99ed933725c31c8094a40bfb5310e3338514d87a0aa4f8e5f7b78ade97a46,JF149870,,2/19/2022 16:30,30,STOP SIGN/FLASHER,FUNCTIONING PROPERLY,CLEAR,DAYLIGHT,TURNING,FOUR WAY,,STRAIGHT AND LEVEL,DRY,NO DEFECTS,NOT ON SCENE (DESK REPORT),NO INJURY / DRIVE AWAY,,,Y,"OVER $1,500",2/19/2022 19:30,"VISION OBSCURED (SIGNS, TREE LIMBS, BUILDINGS, ETC.)",UNABLE TO DETERMINE,8300,S,STEWART AVE,622,,,,,,,2,NO INDICATION OF INJURY,0,0,0,0,0,2,0,16,7,2,41.74339816,-87.63425177,POINT (-87.634251774458 41.74339815788)
7344bc5f8ae12024c14748cf10c8ed29d8b906df24054fb0499b6ce54c3ab4c385875f5d81bc4fe70362984b3dc0a77eaa7cb06ea833a2d8d844bd10fbde1023,JF164652,,3/5/2022 21:13,30,TRAFFIC SIGNAL,FUNCTIONING PROPERLY,RAIN,"DARKNESS, LIGHTED ROAD",ANGLE,FOUR WAY,,STRAIGHT AND LEVEL,WET,NO DEFECTS,ON SCENE,INJURY AND / OR TOW DUE TO CRASH,Y,,,"OVER $1,500",3/5/2022 22:16,DISREGARDING TRAFFIC SIGNALS,NOT APPLICABLE,5601,W,CORCORAN PL,1512,,,,,,,2,NONINCAPACITATING INJURY,2,0,0,2,0,1,0,21,7,3,41.88710917,-87.76518716,POINT (-87.765187156075 41.887109173286)
defe996d6ff931147fc4923883e29560ba0b65dee09658003fcbd7f87c5ebab09f045484138d824cf229efa56ab7c34d321cf261272c8b7fc138445db1afcc38,JF171982,,3/12/2022 20:20,30,NO CONTROLS,NO CONTROLS,CLEAR,"DARKNESS, LIGHTED ROAD",REAR END,DIVIDED - W/MEDIAN (NOT RAISED),,STRAIGHT AND LEVEL,DRY,NO DEFECTS,NOT ON SCENE (DESK REPORT),NO INJURY / DRIVE AWAY,,,,"OVER $1,500",3/12/2022 20:50,UNABLE TO DETERMINE,NOT APPLICABLE,3000,N,CALIFORNIA AVE,1411,,,,,,,2,NO INDICATION OF INJURY,0,0,0,0,0,3,0,20,7,3,41.9357874,-87.69787266,POINT (-87.697872655578 41.935787397465)
78919e0a5a1dec2ed8e9298ed731e99148bd66fd7db0de2bf4dda2e88489b7d857f7ba6102c64924eba2533e307c92a92a3cf734b7c931bd8efb735af9686db5,JF179400,Y,3/19/2022 13:20,35,TRAFFIC SIGNAL,FUNCTIONING PROPERLY,CLEAR,DAYLIGHT,REAR END,NOT DIVIDED,,STRAIGHT AND LEVEL,WET,NO DEFECTS,NOT ON SCENE (DESK REPORT),NO INJURY / DRIVE AWAY,,,,"$501 - $1,500",3/19/2022 14:30,WEATHER,NOT APPLICABLE,4101,S,CALIFORNIA AVE,921,,,,,,,2,NO INDICATION OF INJURY,0,0,0,0,0,4,0,13,7,3,41.81918705,-87.69439486,POINT (-87.694394864282 41.819187052665)
2aa5d43a3d3e9fb613291acce25756f9c8e3690e7f1cb06a7c2c044e3ffee611959e3188624ccb1b8482c6db36da6e0e76bfaca10c86db24e4c1cbe45c5d876b,JF157092,,2/26/2022 19:10,30,STOP SIGN/FLASHER,UNKNOWN,UNKNOWN,UNKNOWN,REAR END,NOT DIVIDED,,STRAIGHT AND LEVEL,UNKNOWN,UNKNOWN,NOT ON SCENE (DESK REPORT),NO INJURY / DRIVE AWAY,,,Y,"OVER $1,500",2/26/2022 19:30,FOLLOWING TOO CLOSELY,FAILING TO REDUCE SPEED TO AVOID CRASH,1500,N,LARAMIE AVE,2532,,,,,,,2,NO INDICATION OF INJURY,0,0,0,0,0,2,0,19,7,2,41.90777573,-87.75605131,POINT (-87.756051311421 41.907775731969)
8376abf19f9454cd692af7cbca1f371d6149cd84fd25933e888eb1b524175b1b0c2ad7e4a4aa3feca78914ef7f350ad2d71057e8be93ced1d549569e58192743,JF186586,,3/25/2022 18:20,15,NO CONTROLS,NO CONTROLS,CLEAR,DAYLIGHT,FIXED OBJECT,NOT DIVIDED,,STRAIGHT AND LEVEL,DRY,NO DEFECTS,NOT ON SCENE (DESK REPORT),NO INJURY / DRIVE AWAY,,,,"OVER $1,500",3/25/2022 19:08,IMPROPER LANE USAGE,IMPROPER LANE USAGE,3922,W,65TH PL,833,,,,,,,1,NO INDICATION OF INJURY,0,0,0,0,0,1,0,18,6,3,41.77423599,-87.72115479,POINT (-87.72115478578 41.774235994315)
3d38002cdec4b2f184e90b0ac3565a68cf217e6b133667bbf7e4d43c2d73952b4e68e3974d53042669e78c5616d1dfaab4590bdd41f14fae4a17ca869d402900,JF150379,,2/19/2022 8:30,30,NO CONTROLS,NO CONTROLS,CLEAR,DAYLIGHT,PARKED MOTOR VEHICLE,NOT DIVIDED,,STRAIGHT AND LEVEL,UNKNOWN,UNKNOWN,NOT ON SCENE (DESK REPORT),NO INJURY / DRIVE AWAY,,,,"$501 - $1,500",2/20/2022 12:36,IMPROPER TURNING/NO SIGNAL,IMPROPER OVERTAKING/PASSING,1734,N,LEAVITT ST,1434,,,,,,,2,NO INDICATION OF INJURY,0,0,0,0,0,2,0,8,7,2,41.91353363,-87.68256521,POINT (-87.682565206021 41.913533625897)
83ebe5ca91647cab0f90db8a074b5c884488d996cc86df861ed594fd0c114ee266c653013715f5000bb4214cc6821964aea2da7583943d5444cbbc67f76cf043,,,4/9/2022 0:59,25,STOP SIGN/FLASHER,FUNCTIONING PROPERLY,SNOW,"DARKNESS, LIGHTED ROAD",PARKED MOTOR VEHICLE,ONE-WAY,,STRAIGHT AND LEVEL,SNOW OR SLUSH,NO DEFECTS,ON SCENE,INJURY AND / OR TOW DUE TO CRASH,,,,"OVER $1,500",4/9/2022 0:59,FAILING TO REDUCE SPEED TO AVOID CRASH,UNABLE TO DETERMINE,1511,W,54TH ST,934,,,,,,,2,NO INDICATION OF INJURY,0,0,0,0,0,1,0,0,7,4,41.79576974,-87.66268583,POINT (-87.662685825422 41.795769742199)
8418a4781f7aecbd7079c883824e682d40236eba5039f0a5c63403d3915e4fe8df2acedd0de6b3ec3a917cf7004f60eaf9871e37f8415108ff093db231b1efe2,JF186810,,3/25/2022 23:26,35,UNKNOWN,UNKNOWN,UNKNOWN,UNKNOWN,SIDESWIPE SAME DIRECTION,DIVIDED - W/MEDIAN BARRIER,,STRAIGHT AND LEVEL,UNKNOWN,UNKNOWN,NOT ON SCENE (DESK REPORT),NO INJURY / DRIVE AWAY,,,Y,"OVER $1,500",3/26/2022 0:30,UNABLE TO DETERMINE,NOT APPLICABLE,2400,N,LAKE SHORE DR SB,1935,,,,,,,2,NO INDICATION OF INJURY,0,0,0,0,0,5,0,23,6,3,41.92616072,-87.63151467,POINT (-87.631514664826 41.926160719812)
2bc05dd5415530c8c91469d70690ea55b387d0a6ef66f549685ab045bbb78072c0b846892a0b5082a8459b121fe9d79f63edfc9c22bca429c4e850594e5afd14,JF156848,,2/26/2022 4:38,30,UNKNOWN,UNKNOWN,UNKNOWN,UNKNOWN,REAR END,DIVIDED - W/MEDIAN (NOT RAISED),,STRAIGHT AND LEVEL,UNKNOWN,UNKNOWN,NOT ON SCENE (DESK REPORT),NO INJURY / DRIVE AWAY,,,,"$501 - $1,500",2/26/2022 15:05,UNABLE TO DETERMINE,NOT APPLICABLE,6401,N,SHERIDAN RD,2432,,,,,,,2,NO INDICATION OF INJURY,0,0,0,0,0,3,0,4,7,2,41.99830881,-87.65969638,POINT (-87.659696383256 41.99830880639)
3e6f0647be8802cd2ac45d902fb831034a0ae774b9df2d8a89f13fa107217e6a5b4b4c73adc9b4a6b97f5cc250319189e5d5449cfe55b568cc35272cefa15e92,JF149891,,2/19/2022 19:38,30,STOP SIGN/FLASHER,FUNCTIONING PROPERLY,CLEAR,"DARKNESS, LIGHTED ROAD",ANGLE,UNKNOWN INTERSECTION TYPE,,STRAIGHT AND LEVEL,SNOW OR SLUSH,NO DEFECTS,ON SCENE,INJURY AND / OR TOW DUE TO CRASH,Y,,,"OVER $1,500",2/19/2022 19:40,FAILING TO YIELD RIGHT-OF-WAY,DISREGARDING STOP SIGN,100,E,58TH ST,232,,,,,,,3,NO INDICATION OF INJURY,0,0,0,0,0,5,0,19,7,2,41.78935188,-87.6222498,POINT (-87.622249799846 41.789351880907)
7bb36fbfe2d407c96ae423c7fee7ed75976435bd872a2dea134c87b8a8af9f366d6407fd0bc99e84f6321169d130e26cba5c880d480fb9b8c9e9a4dae5ac0b18,JF178950,,3/19/2022 0:10,30,TRAFFIC SIGNAL,FUNCTIONING PROPERLY,RAIN,"DARKNESS, LIGHTED ROAD",TURNING,NOT DIVIDED,,STRAIGHT AND LEVEL,WET,NO DEFECTS,NOT ON SCENE (DESK REPORT),NO INJURY / DRIVE AWAY,,,Y,"$501 - $1,500",3/19/2022 1:00,UNABLE TO DETERMINE,UNABLE TO DETERMINE,1600,W,ARMITAGE AVE,1432,,,,,,,2,NO INDICATION OF INJURY,0,0,0,0,0,2,0,0,7,3,41.91804205,-87.66799618,POINT (-87.667996179817 41.918042045647)
2c2069ffeea05a584ea85999d5ab89c5268eeee264d3b77bc80fd998db86de3af3b32aa35b2989602badf580baaed9e0e319925674910b872636f33da934473e,JF157234,Y,2/26/2022 23:30,40,NO CONTROLS,NO CONTROLS,CLEAR,"DARKNESS, LIGHTED ROAD",SIDESWIPE SAME DIRECTION,DIVIDED - W/MEDIAN BARRIER,,STRAIGHT AND LEVEL,DRY,NO DEFECTS,ON SCENE,INJURY AND / OR TOW DUE TO CRASH,,,N,"OVER $1,500",2/26/2022 23:45,IMPROPER OVERTAKING/PASSING,IMPROPER LANE USAGE,1750,S,LAKE SHORE DR E,132,,,,,,,2,NO INDICATION OF INJURY,0,0,0,0,0,2,0,23,7,2,41.85802949,-87.61665388,POINT (-87.616653884447 41.858029484947)
2c3b3d5ab94495dd0c31fe8f5f4d39ce2961e4c5cfd307a0b151f4a5cb5f9d9481f1e1d916834cb2182b30e5a6e514ecd5b3a60b395a4979b664d7c32795e54b,JF156364,,2/26/2022 3:15,30,NO CONTROLS,NO CONTROLS,CLEAR,"DARKNESS, LIGHTED ROAD",SIDESWIPE SAME DIRECTION,CENTER TURN LANE,,STRAIGHT AND LEVEL,DRY,NO DEFECTS,ON SCENE,NO INJURY / DRIVE AWAY,,,Y,"$501 - $1,500",2/26/2022 3:16,IMPROPER OVERTAKING/PASSING,IMPROPER OVERTAKING/PASSING,5608,W,ROOSEVELT RD,1513,,,,,,,2,NO INDICATION OF INJURY,0,0,0,0,0,2,0,3,7,2,41.86570024,-87.76471159,POINT (-87.764711592433 41.865700241281)
850d55ac8a13cf16456567650d67c8d18f0ed1ff0e7eff9dc275beed88d08b6358de92023a98ab059ae3d123fe47fe6889893eeeda757504b98cacf751e4b843,JF186768,,3/25/2022 23:00,30,TRAFFIC SIGNAL,FUNCTIONING PROPERLY,CLEAR,"DARKNESS, LIGHTED ROAD",SIDESWIPE SAME DIRECTION,FOUR WAY,,STRAIGHT AND LEVEL,UNKNOWN,NO DEFECTS,ON SCENE,NO INJURY / DRIVE AWAY,,,Y,$500 OR LESS,3/25/2022 23:05,UNABLE TO DETERMINE,UNABLE TO DETERMINE,955,N,CICERO AVE,1111,,,,,,,2,NO INDICATION OF INJURY,0,0,0,0,0,2,0,23,6,3,41.89851559,-87.74573869,POINT (-87.745738693942 41.89851558804)
2cab477d7762794e1ec2a771fd743d70f3894e58c61c3565ae496bbc9caae3214fd9130d969e57e032cc568fc20f1a63ce22b5c84646c4b458b31ab9041e28ed,JF157071,,2/26/2022 18:56,30,NO CONTROLS,NO CONTROLS,CLEAR,"DARKNESS, LIGHTED ROAD",FIXED OBJECT,DIVIDED - W/MEDIAN BARRIER,,STRAIGHT AND LEVEL,DRY,NO DEFECTS,ON SCENE,INJURY AND / OR TOW DUE TO CRASH,,,,"OVER $1,500",2/26/2022 18:56,FAILING TO REDUCE SPEED TO AVOID CRASH,FAILING TO REDUCE SPEED TO AVOID CRASH,4582,W,DIVISION ST,2533,,,,,,,1,NONINCAPACITATING INJURY,2,0,0,2,0,0,0,18,7,2,41.90254065,-87.7412677,POINT (-87.741267703139 41.902540654239)
3f9f9402630cb341c45283e3a3d32c105d18f5ad3bc67ea77a964968fe4e4817ea156173679492044862ec4a0a8d2ddcc7ca4184d43deec3fa66686af782c42d,JF149648,,2/19/2022 15:40,30,NO CONTROLS,NO CONTROLS,CLEAR,DAYLIGHT,ANGLE,NOT DIVIDED,,STRAIGHT AND LEVEL,DRY,NO DEFECTS,NOT ON SCENE (DESK REPORT),NO INJURY / DRIVE AWAY,,,Y,"OVER $1,500",2/19/2022 15:48,IMPROPER BACKING,NOT APPLICABLE,6000,W,HIGGINS AVE,1622,,,,,,,2,NO INDICATION OF INJURY,0,0,0,0,0,2,0,15,7,2,41.97329205,-87.77824229,POINT (-87.778242286984 41.973292044606)
2e3fe7108f1b3d51c1c08538c901126d4b24dde00cfe6cb37345e73ceecf2d44e62593f2107323e253360e81f76e0280904e4cb135b72ed747df5f559e8c687f,JF156824,,2/26/2022 14:10,30,NO CONTROLS,NO CONTROLS,CLEAR,DAYLIGHT,TURNING,DIVIDED - W/MEDIAN BARRIER,,STRAIGHT AND LEVEL,DRY,NO DEFECTS,ON SCENE,INJURY AND / OR TOW DUE TO CRASH,,,,"OVER $1,500",2/26/2022 14:14,FAILING TO YIELD RIGHT-OF-WAY,UNABLE TO DETERMINE,5428,N,MILWAUKEE AVE,1622,,,,,,,2,NO INDICATION OF INJURY,0,0,0,0,0,2,0,14,7,2,41.9800302,-87.77189891,POINT (-87.771898904523 41.98003020038)
85b919b7daac35b59c85cd7f538c7f025698c6232a4a81b7255008832cef61fe88ed4162845008bfb6167379153d19ee3c461ea920fac04a5e7e8c5de5b15805,JF186014,,3/25/2022 6:30,30,TRAFFIC SIGNAL,FUNCTIONING PROPERLY,CLEAR,DAYLIGHT,SIDESWIPE SAME DIRECTION,NOT DIVIDED,,STRAIGHT AND LEVEL,DRY,NO DEFECTS,NOT ON SCENE (DESK REPORT),NO INJURY / DRIVE AWAY,Y,,Y,"OVER $1,500",3/25/2022 10:56,IMPROPER OVERTAKING/PASSING,NOT APPLICABLE,6117,S,STATE ST,311,,,,,,,2,NO INDICATION OF INJURY,0,0,0,0,0,2,0,6,6,3,41.78323693,-87.62525798,POINT (-87.625257983516 41.783236931078)
85c20b080b1305473dcc46dca93c2d14dd68284c15131189e2c8203f5272173894adf9be83c2cd0f5313fe2410ae881bb74ac5f3c95c04617f1af42e1f5054f0,JF186634,,3/25/2022 15:30,30,TRAFFIC SIGNAL,FUNCTIONING PROPERLY,CLEAR,DAYLIGHT,TURNING,NOT DIVIDED,,STRAIGHT AND LEVEL,DRY,NO DEFECTS,NOT ON SCENE (DESK REPORT),NO INJURY / DRIVE AWAY,,,,"$501 - $1,500",3/25/2022 19:41,NOT APPLICABLE,NOT APPLICABLE,5100,S,KEDZIE AVE,822,,,,,,,2,NO INDICATION OF INJURY,0,0,0,0,0,4,0,15,6,3,41.80072726,-87.70391022,POINT (-87.703910217369 41.800727259896)
2e43a95e10d87ac6df06eef68e59ae19320a3804c419e94458ceb8a3dd4ddcfdb9e7004202a51a121194ad8758b64dd7beb61454c21118870d19e440cb00bf0e,JF156505,Y,2/26/2022 7:30,30,NO CONTROLS,NO CONTROLS,CLEAR,DAYLIGHT,PARKED MOTOR VEHICLE,NOT DIVIDED,,STRAIGHT AND LEVEL,DRY,NO DEFECTS,NOT ON SCENE (DESK REPORT),NO INJURY / DRIVE AWAY,,,Y,"$501 - $1,500",2/26/2022 9:00,UNABLE TO DETERMINE,UNABLE TO DETERMINE,707,W,119TH ST,524,,,,,,,2,NO INDICATION OF INJURY,0,0,0,0,0,1,0,7,7,2,41.67772568,-87.63982948,POINT (-87.639829477906 41.677725682837)