CRASH_RECORD_ID,RD_NO,CRASH_DATE_EST_I,CRASH_DATE,POSTED_SPEED_LIMIT,TRAFFIC_CONTROL_DEVICE,DEVICE_CONDITION,WEATHER_CONDITION,LIGHTING_CONDITION,FIRST_CRASH_TYPE,TRAFFICWAY_TYPE,LANE_CNT,ALIGNMENT,ROADWAY_SURFACE_COND,ROAD_DEFECT,REPORT_TYPE,CRASH_TYPE,INTERSECTION_RELATED_I,NOT_RIGHT_OF_WAY_I,HIT_AND_RUN_I,DAMAGE,DATE_POLICE_NOTIFIED,PRIM_CONTRIBUTORY_CAUSE,SEC_CONTRIBUTORY_CAUSE,STREET_NO,STREET_DIRECTION,STREET_NAME,BEAT_OF_OCCURRENCE,PHOTOS_TAKEN_I,STATEMENTS_TAKEN_I,DOORING_I,WORK_ZONE_I,WORK_ZONE_TYPE,WORKERS_PRESENT_I,NUM_UNITS,MOST_SEVERE_INJURY,INJURIES_TOTAL,INJURIES_FATAL,INJURIES_INCAPACITATING,INJURIES_NON_INCAPACITATING,INJURIES_REPORTED_NOT_EVIDENT,INJURIES_NO_INDICATION,INJURIES_UNKNOWN,CRASH_HOUR,CRASH_DAY_OF_WEEK,CRASH_MONTH,LATITUDE,LONGITUDE,LOCATION
772e58cbe0037129de4b78dace3228ea9821b5bf93ebf018d691cc9ee563aa3c65414cca757b5561437cde667c800fd45ddc2e8a5a86b3228138585ba6bb73cd,JF166575,,3/5/2022 16:10,30,OTHER REG. SIGN,FUNCTIONING PROPERLY,CLEAR,DAYLIGHT,SIDESWIPE SAME DIRECTION,NOT DIVIDED,,STRAIGHT AND LEVEL,DRY,NO DEFECTS,NOT ON SCENE (DESK REPORT),INJURY AND / OR TOW DUE TO CRASH,,,,"OVER $1,500",3/7/2022 19:30,FAILING TO YIELD RIGHT-OF-WAY,IMPROPER OVERTAKING/PASSING,220,W,FULLERTON DR,1935,,,,,,,2,INCAPACITATING INJURY,1,0,1,0,0,1,0,16,7,3,41.92580707,-87.63448492,POINT (-87.634484916772 41.925807073125)
e23eded757ff8aa641ed15bf6f4b6a595896f726e1a3a90844d7d9654372ea30af577c7e67e473e51f2c7d7565e2400a4f009c189a6b22b173cb63d1e3e54af2,JF171903,,3/12/2022 2:00,30,NO CONTROLS,NO CONTROLS,CLEAR,"DARKNESS, LIGHTED ROAD",PARKED MOTOR VEHICLE,NOT DIVIDED,,STRAIGHT AND LEVEL,WET,NO DEFECTS,NOT ON SCENE (DESK REPORT),NO INJURY / DRIVE AWAY,,,,"$501 - $1,500",3/12/2022 19:30,UNABLE TO DETERMINE,UNABLE TO DETERMINE,177,N,MORGAN ST,1224,,,,,,,2,NO INDICATION OF INJURY,0,0,0,0,0,2,0,2,7,3,41.88531278,-87.65198514,POINT (-87.651985140488 41.885312780714)
2f350d06359b9cc1735c8d9385ab99d31c73d96979ea24c656321595dc3fb4cc91212fc172a7759f059c5cbf3fddd3e50d02f83e612bcff27b10c2f8bf46de4e,JF156764,,2/26/2022 12:40,30,TRAFFIC SIGNAL,FUNCTIONING PROPERLY,CLEAR,DAYLIGHT,SIDESWIPE SAME DIRECTION,DIVIDED - W/MEDIAN (NOT RAISED),,STRAIGHT AND LEVEL,DRY,NO DEFECTS,NOT ON SCENE (DESK REPORT),NO INJURY / DRIVE AWAY,N,,Y,"$501 - $1,500",2/26/2022 13:58,IMPROPER LANE USAGE,NOT APPLICABLE,2348,W,119TH ST,2212,,,,,,,2,NO INDICATION OF INJURY,0,0,0,0,0,3,0,12,7,2,41.67736264,-87.6805995,POINT (-87.680599497959 41.677362637062)
78bc22756a429d94b65f6bf2d8e97601f595ae69289022ef83f0d914c2431c9c928d01a3c468bbcbf0059cbb19f825658774ee044ffa5d49c3666f7a92060d57,JF164278,,3/5/2022 14:48,35,TRAFFIC SIGNAL,FUNCTIONING PROPERLY,CLOUDY/OVERCAST,DAYLIGHT,SIDESWIPE SAME DIRECTION,DIVIDED - W/MEDIAN (NOT RAISED),,STRAIGHT AND LEVEL,DRY,UNKNOWN,ON SCENE,NO INJURY / DRIVE AWAY,,,,"OVER $1,500",3/5/2022 15:04,UNABLE TO DETERMINE,NOT APPLICABLE,3551,N,SOUTHPORT AVE,1924,,,Y,,,,3,NO INDICATION OF INJURY,0,0,0,0,0,3,0,14,7,3,41.94676758,-87.66386031,POINT (-87.663860305946 41.946767577825)
7f46770075159a77b49aca00924ad06e1d4c5dae9e72fac73b4dc354e642fad9064c90e7fc8a9c9534e442c9702f5e426f75c6e31efc92b9ab997c3801364e30,JF179545,,3/19/2022 15:54,30,PEDESTRIAN CROSSING SIGN,FUNCTIONING PROPERLY,RAIN,DAYLIGHT,REAR END,NOT DIVIDED,,STRAIGHT AND LEVEL,WET,UNKNOWN,NOT ON SCENE (DESK REPORT),NO INJURY / DRIVE AWAY,,,,"OVER $1,500",3/19/2022 16:20,FOLLOWING TOO CLOSELY,NOT APPLICABLE,1505,W,IRVING PARK RD,1922,,,,,,,3,NO INDICATION OF INJURY,0,0,0,0,0,6,0,15,7,3,41.95419726,-87.66776543,POINT (-87.667765427428 41.954197256344)
78f92f5a58a31bf12191e68c5ea39f92c3578891213315fd51236ecd2e3cb1c4b451dfdb018309b6d193a019ab023c03461dbbed4e47e6332f539b7161e2f617,JF164591,,3/5/2022 20:27,30,TRAFFIC SIGNAL,FUNCTIONING PROPERLY,RAIN,"DARKNESS, LIGHTED ROAD",PEDESTRIAN,NOT DIVIDED,,STRAIGHT AND LEVEL,WET,NO DEFECTS,ON SCENE,INJURY AND / OR TOW DUE TO CRASH,Y,,,$500 OR LESS,3/5/2022 20:27,WEATHER,DISTRACTION - FROM INSIDE VEHICLE,1459,W,47TH ST,933,,,,,,,2,NONINCAPACITATING INJURY,1,0,0,1,0,1,0,20,7,3,41.80852779,-87.66247034,POINT (-87.662470341603 41.808527793044)
7f91583d39841e3d0591a644fa9ccd8edbdd149c177cc8adb5660c8cf4f011d2890cacdbd1150f7678885620882188db409cc0d300b4e99f37551598d3feda42,JF180420,,3/19/2022 22:30,30,STOP SIGN/FLASHER,FUNCTIONING PROPERLY,CLEAR,DARKNESS,SIDESWIPE OPPOSITE DIRECTION,NOT DIVIDED,,STRAIGHT AND LEVEL,UNKNOWN,UNKNOWN,NOT ON SCENE (DESK REPORT),NO INJURY / DRIVE AWAY,,,,"$501 - $1,500",3/20/2022 14:21,IMPROPER OVERTAKING/PASSING,UNABLE TO DETERMINE,2901,N,PINE GROVE AVE,1934,,,,,,,2,NO INDICATION OF INJURY,0,0,0,0,0,2,0,22,7,3,41.934364,-87.64163661,POINT (-87.641636612125 41.934364003243)
e2cb220a4df84fc03d52762f0690abbcedc5f074711ba052ec11a95f5337421e06103171f09de97ee7d8af30b57ca7efb0820170a24d09af365672aa887e93c9,JF171266,,3/12/2022 5:40,30,TRAFFIC SIGNAL,FUNCTIONING PROPERLY,CLEAR,DAWN,TURNING,CENTER TURN LANE,,STRAIGHT AND LEVEL,DRY,NO DEFECTS,NOT ON SCENE (DESK REPORT),NO INJURY / DRIVE AWAY,,,Y,"$501 - $1,500",3/12/2022 9:50,FAILING TO YIELD RIGHT-OF-WAY,UNABLE TO DETERMINE,2803,N,HARLEM AVE,2511,,,,,,,2,NO INDICATION OF INJURY,0,0,0,0,0,2,0,5,7,3,41.93095995,-87.80635333,POINT (-87.806353327573 41.930959949225)
421e384e741066fd1bf64e3659c11f225261e0c35d134ff522c1c07417e482c822269bf671499f40409c00e8ceebda49ae7c9d4045370fd67280ede910cb9d4e,JF150031,,2/19/2022 23:20,30,NO CONTROLS,NO CONTROLS,CLEAR,"DARKNESS, LIGHTED ROAD",PARKED MOTOR VEHICLE,PARKING LOT,,STRAIGHT AND LEVEL,DRY,NO DEFECTS,NOT ON SCENE (DESK REPORT),NO INJURY / DRIVE AWAY,,,Y,"OVER $1,500",2/19/2022 23:40,HAD BEEN DRINKING (USE WHEN ARREST IS NOT MADE),NOT APPLICABLE,7900,S,VINCENNES AVE,621,,,,,,,2,NO INDICATION OF INJURY,0,0,0,0,0,1,0,23,7,2,41.75075039,-87.63438435,POINT (-87.634384345423 41.750750386696)
423c50cd6d480277192a28d9b3c2719f147049b7a53d27184379f28fa090c0033e410878106f4abfcd3b698dcefd110435d87a927585fdb1efcc38972b204a77,JF149293,,2/19/2022 8:49,30,TRAFFIC SIGNAL,FUNCTIONING PROPERLY,CLEAR,DAYLIGHT,REAR END,NOT DIVIDED,,STRAIGHT AND LEVEL,DRY,NO DEFECTS,NOT ON SCENE (DESK REPORT),NO INJURY / DRIVE AWAY,Y,,Y,"OVER $1,500",2/19/2022 9:14,FOLLOWING TOO CLOSELY,NOT APPLICABLE,3100,S,MICHIGAN AVE,211,,,,,,,2,NO INDICATION OF INJURY,0,0,0,0,0,2,0,8,7,2,41.83824953,-87.62358837,POINT (-87.623588365364 41.838249529106)
e30780d37c533ddddc9336a1d5eacb08f0b35a6c703ed1a52230b72823dc377e8becc55ab8f784787e58ac355821d3f0bbb7e6a2b12dbc62499cc4c1fbc3037b,JF171290,,3/12/2022 10:05,30,NO CONTROLS,NO CONTROLS,CLEAR,DAYLIGHT,SIDESWIPE SAME DIRECTION,RAMP,,STRAIGHT AND LEVEL,DRY,NO DEFECTS,ON SCENE,NO INJURY / DRIVE AWAY,,,Y,"OVER $1,500",3/12/2022 10:25,UNABLE TO DETERMINE,UNABLE TO DETERMINE,5401,S,CICERO AVE,815,,,,,,,2,NO INDICATION OF INJURY,0,0,0,0,0,2,0,10,7,3,41.79460253,-87.74260722,POINT (-87.742607214988 41.794602528951)
300467cc2cf7c6e73c25d9c33420dc96becd5fe0f68af23b2128996c8e9eb63c8d3ef6376be65df23779ac3105afb86a3ab5562b27cf1f90b899ed68162a27e6,JF156956,,2/26/2022 16:40,30,NO CONTROLS,UNKNOWN,CLEAR,DAYLIGHT,REAR END,NOT DIVIDED,,STRAIGHT AND LEVEL,DRY,NO DEFECTS,NOT ON SCENE (DESK REPORT),NO INJURY / DRIVE AWAY,,,,"OVER $1,500",2/26/2022 17:00,UNABLE TO DETERMINE,NOT APPLICABLE,6222,N,NIAGARA AVE,1611,,,,,,,2,NO INDICATION OF INJURY,0,0,0,0,0,2,0,16,7,2,41.99405225,-87.80036243,POINT (-87.80036243119 41.994052254406)
2fa247c359ffa0b809f837b58151fccb0e6ab0d2e2bb64f95b9bb3bf790b45cfe138ff28ee99993d365f7811d53fa05ea1eba3f87031e304f57e54224b000c33,JF172142,,3/13/2022 1:18,30,NO CONTROLS,NO CONTROLS,CLEAR,"DARKNESS, LIGHTED ROAD",PARKED MOTOR VEHICLE,NOT DIVIDED,,STRAIGHT AND LEVEL,DRY,NO DEFECTS,,INJURY AND / OR TOW DUE TO CRASH,N,,Y,"OVER $1,500",3/13/2022 1:18,FAILING TO REDUCE SPEED TO AVOID CRASH,FAILING TO REDUCE SPEED TO AVOID CRASH,1952,N,KOSTNER AVE,2533,,,,,,,4,NO INDICATION OF INJURY,0,0,0,0,0,1,0,1,1,3,41.91678211,-87.73646657,POINT (-87.736466565338 41.916782108274)
42849608462e2bdcc9eaca615ba5438d60fd57dc2f0060c9d65438624943f52cf57aba6de102440f849abbaa7fc7edba7eca1e297874166e4357b1b726ede9a3,JF149892,Y,2/19/2022 19:06,30,NO CONTROLS,NO CONTROLS,CLEAR,"DARKNESS, LIGHTED ROAD",TURNING,FOUR WAY,,STRAIGHT AND LEVEL,WET,NO DEFECTS,ON SCENE,INJURY AND / OR TOW DUE TO CRASH,Y,,,"$501 - $1,500",2/19/2022 19:33,FAILING TO YIELD RIGHT-OF-WAY,DRIVING SKILLS/KNOWLEDGE/EXPERIENCE,2632,W,FULLERTON AVE,1431,,,,,,,2,"REPORTED, NOT EVIDENT",1,0,0,0,1,5,0,19,7,2,41.92495216,-87.69381572,POINT (-87.693815715592 41.924952163739)
42931e53f5de72c45b2f68103ac33d4a45280ae60e8e3f1570c8540bc429fa096f1ce3ac24f351a3cb71abcb9457ee58f9f4e514f538edce1f9f617571a27dde,JF149394,,2/19/2022 10:30,30,TRAFFIC SIGNAL,FUNCTIONING PROPERLY,CLEAR,DAYLIGHT,TURNING,NOT DIVIDED,,STRAIGHT AND LEVEL,DRY,NO DEFECTS,NOT ON SCENE (DESK REPORT),NO INJURY / DRIVE AWAY,Y,,,"OVER $1,500",2/19/2022 11:10,FAILING TO YIELD RIGHT-OF-WAY,NOT APPLICABLE,5601,W,MONTROSE AVE,1624,,,,,,,2,NO INDICATION OF INJURY,0,0,0,0,0,4,0,10,7,2,41.96037399,-87.76730208,POINT (-87.767302075969 41.960373985481)
305df3836a058e4ac561bd493e97cc785da31ed62aa59896d11b7d361b694e94e556fd4e2daf9c4094e0c0f97900af0bf63310b2998983d43feb417875cf79a8,JD387839,,10/3/2020 20:45,35,NO CONTROLS,NO CONTROLS,RAIN,"DARKNESS, LIGHTED ROAD",REAR END,DIVIDED - W/MEDIAN BARRIER,,STRAIGHT AND LEVEL,WET,NO DEFECTS,,INJURY AND / OR TOW DUE TO CRASH,,,,"OVER $1,500",10/3/2020 21:04,FOLLOWING TOO CLOSELY,WEATHER,2000,N,LAKE SHORE DR SB,1814,,,,,,,3,NONINCAPACITATING INJURY,4,0,0,3,1,1,0,20,7,10,41.91841623,-87.62922482,POINT (-87.62922482077 41.918416233534)
427bf18e3c60781e2189531c2243409d8f8b61d453b8862f266bce0c5ca08e6220e255d8fd766d22e0f0ee4d743edf28100fa51cf1df3db5ea2561d738f7ab7b,JE123205,,1/25/2021 18:40,35,NO CONTROLS,NO CONTROLS,SNOW,DUSK,SIDESWIPE SAME DIRECTION,NOT DIVIDED,,STRAIGHT AND LEVEL,SNOW OR SLUSH,NO DEFECTS,,INJURY AND / OR TOW DUE TO CRASH,,,Y,"OVER $1,500",1/25/2021 18:43,UNABLE TO DETERMINE,UNABLE TO DETERMINE,6250,S,ASHLAND AVE,714,,,,,,,3,INCAPACITATING INJURY,1,0,1,0,0,3,0,18,2,1,41.7797811,-87.6643749,POINT (-87.664374897222 41.779781100994)
e3fc6f9f2695d9773797ae71a247092998ee43a00af5ee4b6a2e9e9570695e1400c3ff2041a96a3e3b1a559604fa1b82bc94b9bbce5e096a512c7eb8693b9020,JF171261,,3/12/2022 9:15,30,TRAFFIC SIGNAL,FUNCTIONING PROPERLY,CLEAR,DAYLIGHT,REAR END,NOT DIVIDED,,STRAIGHT AND LEVEL,DRY,NO DEFECTS,NOT ON SCENE (DESK REPORT),NO INJURY / DRIVE AWAY,,,,"OVER $1,500",3/12/2022 9:45,FAILING TO REDUCE SPEED TO AVOID CRASH,FOLLOWING TOO CLOSELY,1001,W,ARMITAGE AVE,1811,,,,,,,3,NO INDICATION OF INJURY,0,0,0,0,0,3,0,9,7,3,41.9179944,-87.65341562,POINT (-87.65341562435 41.917994399933)
81949d58b742129cfd8df5971a267293ae241603e12b06cf5be57651bd086981d34615b0bfca2ceb3db69c39d944f71d4627e1a41fb07ccb79b2218936595225,JF180086,,3/19/2022 23:00,20,STOP SIGN/FLASHER,FUNCTIONING PROPERLY,CLEAR,"DARKNESS, LIGHTED ROAD",SIDESWIPE OPPOSITE DIRECTION,NOT DIVIDED,,STRAIGHT AND LEVEL,DRY,UNKNOWN,NOT ON SCENE (DESK REPORT),NO INJURY / DRIVE AWAY,,,,"OVER $1,500",3/20/2022 6:58,IMPROPER OVERTAKING/PASSING,NOT APPLICABLE,5114,N,WASHTENAW AVE,2031,,,,,,,2,NO INDICATION OF INJURY,0,0,0,0,0,3,0,23,7,3,41.97453669,-87.69655872,POINT (-87.696558721497 41.974536685359)
437455b7d198a08e2995a5f3c7c1130a8136c974ed2b31fbcc763151281d01591bb854e2d747141db6ffd7aa061a2cf766b43761f55b990e5a08139be499f81c,JF149120,,2/19/2022 0:50,45,NO CONTROLS,NO CONTROLS,CLEAR,"DARKNESS, LIGHTED ROAD",PARKED MOTOR VEHICLE,DIVIDED - W/MEDIAN BARRIER,,STRAIGHT AND LEVEL,DRY,NO DEFECTS,ON SCENE,INJURY AND / OR TOW DUE TO CRASH,,,N,"OVER $1,500",2/19/2022 0:50,UNABLE TO DETERMINE,UNABLE TO DETERMINE,4900,S,CHICAGO BEACH DR,222,,,,,,,4,NONINCAPACITATING INJURY,1,0,0,1,0,0,0,0,7,2,41.80617039,-87.58579957,POINT (-87.585799572515 41.806170387633)
e4a698f549c300d37049199f5e7de3e82f0f3b7e665f6bbcb2780c6b338661cc3adaa3cd819b5c53aa31801a8966faa2665c41e29a3ec5f6da4cc6a6d5d32a2d,JF171953,,3/12/2022 20:25,30,TRAFFIC SIGNAL,FUNCTIONING PROPERLY,CLEAR,DARKNESS,SIDESWIPE SAME DIRECTION,DIVIDED - W/MEDIAN (NOT RAISED),,STRAIGHT AND LEVEL,DRY,UNKNOWN,ON SCENE,NO INJURY / DRIVE AWAY,,,,"$501 - $1,500",3/12/2022 20:34,IMPROPER OVERTAKING/PASSING,UNABLE TO DETERMINE,6400,N,SHERIDAN RD,2432,,,,,,,2,NO INDICATION OF INJURY,0,0,0,0,0,2,0,20,7,3,41.99821792,-87.66069526,POINT (-87.660695255572 41.998217920532)
81a2a029b6b8fffa4bd81148693ed03e152cd9fb286fb757744c3763f1cd4e08d897fac83092d87cd1a42e1ba70d9845802af64cfa0e20b87d277238ef7be093,JF179236,,3/19/2022 11:14,30,NO CONTROLS,NO CONTROLS,RAIN,DAYLIGHT,SIDESWIPE SAME DIRECTION,T-INTERSECTION,,STRAIGHT AND LEVEL,WET,NO DEFECTS,ON SCENE,INJURY AND / OR TOW DUE TO CRASH,Y,,,"OVER $1,500",3/19/2022 11:19,FAILING TO YIELD RIGHT-OF-WAY,UNABLE TO DETERMINE,6601,S,WENTWORTH AVE,722,,,,,,,2,NO INDICATION OF INJURY,0,0,0,0,0,2,0,11,7,3,41.77444503,-87.62986718,POINT (-87.62986718061 41.77444502619)
43b85047c7d410d824a52b1715fb9a901d24cacd5e05e77492dc1c32d92fd47c107490ffd0e724e51dfb5a476fefb68a91f92eb25140ee9e4f2c81223b7e6b2d,JF149775,,2/19/2022 17:14,30,TRAFFIC SIGNAL,FUNCTIONING PROPERLY,CLEAR,"DARKNESS, LIGHTED ROAD",SIDESWIPE SAME DIRECTION,NOT DIVIDED,,STRAIGHT AND LEVEL,DRY,NO DEFECTS,ON SCENE,NO INJURY / DRIVE AWAY,,,Y,"OVER $1,500",2/19/2022 17:43,IMPROPER OVERTAKING/PASSING,NOT APPLICABLE,644,W,43RD ST,925,,,,,,,2,NO INDICATION OF INJURY,0,0,0,0,0,2,0,17,7,2,41.81634248,-87.64265262,POINT (-87.642652619315 41.81634248032)
e545b16d5a6d578a42011d8792f0d452990e43f8ce398eb3d3cad13aeba66da90c8a61703fb4b1ac5aececa6d5bc7b587e836b02141722dae4ab43f8717025ac,JF171703,,3/12/2022 15:48,30,TRAFFIC SIGNAL,FUNCTIONING PROPERLY,CLEAR,DAYLIGHT,SIDESWIPE SAME DIRECTION,NOT DIVIDED,,STRAIGHT AND LEVEL,DRY,NO DEFECTS,ON SCENE,NO INJURY / DRIVE AWAY,Y,,,"OVER $1,500",3/12/2022 16:28,IMPROPER OVERTAKING/PASSING,FOLLOWING TOO CLOSELY,3158,W,ROOSEVELT RD,1134,,,,,,,2,NO INDICATION OF INJURY,0,0,0,0,0,2,0,15,7,3,41.8665162,-87.70561177,POINT (-87.705611772637 41.86651619878)
30b64af34e8ba5ecf2a53725844ec873e5b77149ca8921bd8b7c1709dc4d9d77cd6a2789e25d0a228cd955883491557fc09b5d91b0dd7b67f5abfb112d4cd7bc,JF156887,,2/26/2022 13:30,35,NO CONTROLS,FUNCTIONING PROPERLY,CLEAR,DAYLIGHT,SIDESWIPE SAME DIRECTION,ONE-WAY,,STRAIGHT AND LEVEL,DRY,NO DEFECTS,NOT ON SCENE (DESK REPORT),NO INJURY / DRIVE AWAY,,,Y,"OVER $1,500",2/26/2022 16:10,IMPROPER OVERTAKING/PASSING,NOT APPLICABLE,7942,S,VERNON AVE,624,,,,,,,2,NO INDICATION OF INJURY,0,0,0,0,0,2,0,13,7,2,41.74985509,-87.61382517,POINT (-87.613825171883 41.749855092932)
30eeef7a0a5ddb87251993a00abd4f4ba56ae1e66f9f05f27235cef450d716aa04182f2bbc400266bcd006f8b4bc8080f0bae102c266cdec6ede49ff5f6a7f3b,JF157656,Y,2/26/2022 16:00,30,NO CONTROLS,NO CONTROLS,UNKNOWN,UNKNOWN,PARKED MOTOR VEHICLE,NOT DIVIDED,,STRAIGHT AND LEVEL,UNKNOWN,UNKNOWN,NOT ON SCENE (DESK REPORT),INJURY AND / OR TOW DUE TO CRASH,,,Y,"OVER $1,500",2/27/2022 13:00,UNABLE TO DETERMINE,UNABLE TO DETERMINE,3419,W,FULTON BLVD,1123,,,,,,,2,NO INDICATION OF INJURY,0,0,0,0,0,1,0,16,7,2,41.88623235,-87.71196653,POINT (-87.711966529241 41.886232351675)
44ee681dbdd131b54050212f6ee684654a7ad669a90f3956ab1ed5c9b24be6c57bb6d75a149b6fb2c5ffdf0d35b56a3d8ee40ff720026cbed1fa6a30b4708c82,JF149664,,2/19/2022 15:07,30,TRAFFIC SIGNAL,UNKNOWN,CLEAR,DAYLIGHT,ANGLE,NOT DIVIDED,,STRAIGHT AND LEVEL,UNKNOWN,UNKNOWN,NOT ON SCENE (DESK REPORT),NO INJURY / DRIVE AWAY,Y,,,"OVER $1,500",2/19/2022 15:30,UNABLE TO DETERMINE,UNABLE TO DETERMINE,3200,W,FRANKLIN BLVD,1121,,,,,,,2,NO INDICATION OF INJURY,0,0,0,0,0,3,0,15,7,2,41.89017867,-87.70651465,POINT (-87.706514652313 41.890178667648)
30b233a9dd6ff0bf5be08a24d2509c9f4b1800d557d7f3411f3c174ac6a5b682bbea2dd356a335ba276fc93f9c70bae57dc4e29c34f64577d1a3a846c7ede552,JD363529,,9/10/2020 17:30,30,TRAFFIC SIGNAL,FUNCTIONING PROPERLY,CLEAR,DAYLIGHT,REAR END,NOT DIVIDED,,STRAIGHT AND LEVEL,DRY,NO DEFECTS,,NO INJURY / DRIVE AWAY,,,,"$501 - $1,500",9/11/2020 9:40,UNABLE TO DETERMINE,NOT APPLICABLE,1551,N,CENTRAL AVE,2532,,,,,,,3,NO INDICATION OF INJURY,0,0,0,0,0,3,0,17,5,9,41.90905371,-87.76569404,POINT (-87.765694035412 41.909053705026)
79fe9d2447eb21024e388c2384dbadb48a9f8cea5dd59bbaaea88df23b864c13de64c5bf3c89a214bbe434324d32f11a99be471ec794821b38d7a9cae6deb0f4,JC484212,,10/24/2019 0:04,30,TRAFFIC SIGNAL,FUNCTIONING IMPROPERLY,RAIN,"DARKNESS, LIGHTED ROAD",SIDESWIPE SAME DIRECTION,ONE-WAY,,STRAIGHT AND LEVEL,WET,NO DEFECTS,,INJURY AND / OR TOW DUE TO CRASH,,,,"OVER $1,500",10/24/2019 0:08,FAILING TO YIELD RIGHT-OF-WAY,UNABLE TO DETERMINE,336,W,ONTARIO ST,1831,,,,,,,2,"REPORTED, NOT EVIDENT",1,0,0,0,1,1,0,0,5,10,41.89325671,-87.6370078,POINT (-87.637007797127 41.893256711085)
e58140b4bc368d0c6a5c4600334bf65506866a177ae8ed1ef700a4f7153fa7fd3ace8ea16db0dab6509e266e869516a83239983b8a944902b59ac07b3f8b872f,JF170728,,3/11/2022 16:25,25,UNKNOWN,UNKNOWN,CLEAR,DAYLIGHT,PARKED MOTOR VEHICLE,T-INTERSECTION,,STRAIGHT AND LEVEL,UNKNOWN,UNKNOWN,,NO INJURY / DRIVE AWAY,Y,,,"OVER $1,500",3/11/2022 16:31,DRIVING SKILLS/KNOWLEDGE/EXPERIENCE,UNABLE TO DETERMINE,1951,N,DRAKE AVE,1422,,,,,,,2,NO INDICATION OF INJURY,0,0,0,0,0,1,0,16,6,3,41.91700811,-87.71499844,POINT (-87.714998444157 41.917008109073)
44f8ef6a7ad23fc1fd678bc7c5280b51c087a3b151cdb075e996b36a27211b5148a411ee56f7cdaa0b33ba73eb227a50a26867bf276deb25241a9a99d181bcc5,JF149746,,2/19/2022 17:00,30,TRAFFIC SIGNAL,FUNCTIONING PROPERLY,CLEAR,DAYLIGHT,REAR END,NOT DIVIDED,,STRAIGHT AND LEVEL,ICE,UNKNOWN,NOT ON SCENE (DESK REPORT),NO INJURY / DRIVE AWAY,,,,"OVER $1,500",2/19/2022 17:15,FOLLOWING TOO CLOSELY,UNABLE TO DETERMINE,2300,W,LAWRENCE AVE,2031,,,,,,,2,NO INDICATION OF INJURY,0,0,0,0,0,4,0,17,7,2,41.968756,-87.68653737,POINT (-87.686537374419 41.96875599592)
3182e2c34fae9e85f5da1743d97ccfaa9a173ad7c4c0e06e8e854f4cfef74c35eeaafa1a383263b2cf42ff24ba43a7c3351a9e9ecf35b12d74cf0d5b721ae9fb,JF156609,Y,2/26/2022 6:00,30,NO CONTROLS,NO CONTROLS,CLEAR,DAYLIGHT,PARKED MOTOR VEHICLE,NOT DIVIDED,,STRAIGHT AND LEVEL,DRY,NO DEFECTS,ON SCENE,NO INJURY / DRIVE AWAY,,,Y,"OVER $1,500",2/26/2022 11:10,UNABLE TO DETERMINE,UNABLE TO DETERMINE,5238,S,UNION AVE,935,,,,,,,2,NO INDICATION OF INJURY,0,0,0,0,0,1,0,6,7,2,41.79863869,-87.64298472,POINT (-87.642984714514 41.798638685177)
7adaa3c78c4450ae72d6dcad6d45ded2dbc54e25a06e1d9e5ffcfa832f9eec1ed7cab4239d6f48ee0eec41de3b95810460eda8c4d90459f2c2f229d8e5c5cc23,JF163789,,3/5/2022 2:26,62,TRAFFIC SIGNAL,FUNCTIONING PROPERLY,CLEAR,"DARKNESS, LIGHTED ROAD",REAR END,DIVIDED - W/MEDIAN (NOT RAISED),,STRAIGHT AND LEVEL,DRY,NO DEFECTS,ON SCENE,NO INJURY / DRIVE AWAY,,,,"OVER $1,500",3/5/2022 2:30,UNABLE TO DETERMINE,NOT APPLICABLE,5100,S,PULASKI RD,815,,,,,,,2,NO INDICATION OF INJURY,0,0,0,0,0,1,0,2,7,3,41.8005277,-87.72351928,POINT (-87.723519274799 41.80052770213)
e60118fb43f6ebb3a98af65677502e07fa6ee060b6375f96faf339c3c6561454cf9e0462504be44ed31a1a952aa177204624de29899d580edf9e8925ecb18125,JF172044,,3/12/2022 22:54,25,NO CONTROLS,NO CONTROLS,CLEAR,"DARKNESS, LIGHTED ROAD",PARKED MOTOR VEHICLE,PARKING LOT,,STRAIGHT AND LEVEL,DRY,NO DEFECTS,ON SCENE,NO INJURY / DRIVE AWAY,,,Y,"$501 - $1,500",3/12/2022 22:55,IMPROPER BACKING,UNABLE TO DETERMINE,3047,W,111TH ST,2211,,,,,,,2,NO INDICATION OF INJURY,0,0,0,0,0,1,0,22,7,3,41.69149317,-87.69796355,POINT (-87.697963546176 41.691493170985)
31b4ea6b319e135a8e3a2e51347177a68f84ca12215d27666ed2f61b8713762d06d9ad1680e696962fe39cc3dc5a5eb1a7d051e71e93840bdfc1741ac21f8c8c,JF158434,,2/26/2022 8:00,30,UNKNOWN,UNKNOWN,UNKNOWN,UNKNOWN,PARKED MOTOR VEHICLE,NOT DIVIDED,,STRAIGHT AND LEVEL,UNKNOWN,UNKNOWN,NOT ON SCENE (DESK REPORT),NO INJURY / DRIVE AWAY,,,Y,"$501 - $1,500",2/28/2022 10:00,UNABLE TO DETERMINE,NOT APPLICABLE,5636,S,CALIFORNIA AVE,824,,,,,,,2,NO INDICATION OF INJURY,0,0,0,0,0,1,0,8,7,2,41.79075931,-87.69386361,POINT (-87.693863605341 41.79075930985)
81ac1fd4bd6df58c3de4c5eecb8bca66057370b6d8a8a6c4acdd8d4b5d25a249037f29e6fbddd36272ce1aef20d87256b2a8f5980552b9a93ceea05cff4eb30f,JC379858,,8/5/2019 16:00,30,TRAFFIC SIGNAL,FUNCTIONING PROPERLY,CLEAR,DAYLIGHT,SIDESWIPE SAME DIRECTION,NOT DIVIDED,,STRAIGHT AND LEVEL,DRY,NO DEFECTS,,INJURY AND / OR TOW DUE TO CRASH,,,,"OVER $1,500",8/5/2019 16:21,IMPROPER LANE USAGE,IMPROPER OVERTAKING/PASSING,702,W,47TH ST,925,,,,,,,3,NONINCAPACITATING INJURY,2,0,0,1,1,1,0,16,2,8,41.80901278,-87.6432724,POINT (-87.643272395768 41.80901278227)