CRASH_RECORD_ID,RD_NO,CRASH_DATE_EST_I,CRASH_DATE,POSTED_SPEED_LIMIT,TRAFFIC_CONTROL_DEVICE,DEVICE_CONDITION,WEATHER_CONDITION,LIGHTING_CONDITION,FIRST_CRASH_TYPE,TRAFFICWAY_TYPE,LANE_CNT,ALIGNMENT,ROADWAY_SURFACE_COND,ROAD_DEFECT,REPORT_TYPE,CRASH_TYPE,INTERSECTION_RELATED_I,NOT_RIGHT_OF_WAY_I,HIT_AND_RUN_I,DAMAGE,DATE_POLICE_NOTIFIED,PRIM_CONTRIBUTORY_CAUSE,SEC_CONTRIBUTORY_CAUSE,STREET_NO,STREET_DIRECTION,STREET_NAME,BEAT_OF_OCCURRENCE,PHOTOS_TAKEN_I,STATEMENTS_TAKEN_I,DOORING_I,WORK_ZONE_I,WORK_ZONE_TYPE,WORKERS_PRESENT_I,NUM_UNITS,MOST_SEVERE_INJURY,INJURIES_TOTAL,INJURIES_FATAL,INJURIES_INCAPACITATING,INJURIES_NON_INCAPACITATING,INJURIES_REPORTED_NOT_EVIDENT,INJURIES_NO_INDICATION,INJURIES_UNKNOWN,CRASH_HOUR,CRASH_DAY_OF_WEEK,CRASH_MONTH,LATITUDE,LONGITUDE,LOCATION
88738236447b0d1ab1db515bbe350cecaf80b1a81a87692ebf863f54000c9c41fc90f628dd4019ee9dd57371ffb9f1d95aebcd2e852c024d5eadd70d3dcbabb0,JE149843,,2/19/2021 15:30,30,TRAFFIC SIGNAL,FUNCTIONING PROPERLY,SNOW,DAYLIGHT,SIDESWIPE SAME DIRECTION,DIVIDED - W/MEDIAN (NOT RAISED),,STRAIGHT AND LEVEL,SNOW OR SLUSH,NO DEFECTS,,NO INJURY / DRIVE AWAY,,,Y,"$501 - $1,500",2/23/2021 12:30,UNABLE TO DETERMINE,UNABLE TO DETERMINE,200,E,35TH ST,211,,,,,,,2,NO INDICATION OF INJURY,0,0,0,0,0,3,0,15,6,2,41.83116948,-87.62170521,POINT (-87.621705208836 41.831169482324)
89134e9d229d0ea3f645d7652c66dfd063140dda7da1ac9615f23a15aa26449c4ef69c9da71c3724710836329de9e71dd94bad0d18528f521dd44eb3e4bc0b4c,JF185770,,3/25/2022 7:25,35,TRAFFIC SIGNAL,FUNCTIONING PROPERLY,CLOUDY/OVERCAST,DAYLIGHT,REAR END,T-INTERSECTION,,STRAIGHT AND LEVEL,WET,NO DEFECTS,ON SCENE,NO INJURY / DRIVE AWAY,Y,,Y,"OVER $1,500",3/25/2022 7:37,UNABLE TO DETERMINE,UNABLE TO DETERMINE,6700,S,ASHLAND AVE,725,,Y,,,,,2,NO INDICATION OF INJURY,0,0,0,0,0,3,0,7,6,3,41.77209823,-87.66416462,POINT (-87.664164617596 41.77209823278)
325361dd1afb4813deee41f5be426ca290d4b188e7c237d70918a48a0fe7cac1999a52e1d59b99b32dac76517b6fd2d371b1303759fcbcc07a78446ba2db6eda,JF157510,,2/26/2022 21:45,30,STOP SIGN/FLASHER,FUNCTIONING PROPERLY,CLEAR,"DARKNESS, LIGHTED ROAD",PARKED MOTOR VEHICLE,NOT DIVIDED,,STRAIGHT AND LEVEL,UNKNOWN,UNKNOWN,NOT ON SCENE (DESK REPORT),NO INJURY / DRIVE AWAY,,,,$500 OR LESS,2/27/2022 9:37,UNABLE TO DETERMINE,NOT APPLICABLE,1400,W,BALMORAL AVE,2013,,,,,,,2,NO INDICATION OF INJURY,0,0,0,0,0,1,0,21,7,2,41.98000579,-87.66502485,POINT (-87.665024846584 41.980005785829)
e717b3c02a5cd5ab2537c3d2ccf56ab825705dbe410bbb24aa8caf83223592cc2ead02bdd2ed27d8e114798126fac83a4cb02aa5f02fb1beb913263c5c553882,JF171495,,3/12/2022 12:10,30,NO CONTROLS,NO CONTROLS,CLEAR,DAYLIGHT,TURNING,ALLEY,,STRAIGHT AND LEVEL,DRY,NO DEFECTS,NOT ON SCENE (DESK REPORT),INJURY AND / OR TOW DUE TO CRASH,,,Y,"OVER $1,500",3/12/2022 13:22,UNABLE TO DETERMINE,NOT APPLICABLE,932,W,76TH ST,621,,,,,,,2,NO INDICATION OF INJURY,0,0,0,0,0,2,0,12,7,3,41.75615621,-87.6478832,POINT (-87.647883202094 41.756156212741)
46af6743e8292e348ed052125eb2950b7bb44be09e6b1f09cb5970cff99788fbb29fe8102d8738a50cee55572776192052b2e16d740a1e0f004ac25f7b514a60,JF149913,,2/19/2022 20:37,30,NO CONTROLS,NO CONTROLS,CLEAR,"DARKNESS, LIGHTED ROAD",ANGLE,NOT DIVIDED,,STRAIGHT AND LEVEL,SNOW OR SLUSH,UNKNOWN,ON SCENE,INJURY AND / OR TOW DUE TO CRASH,Y,,,"OVER $1,500",2/19/2022 20:37,FAILING TO YIELD RIGHT-OF-WAY,FAILING TO REDUCE SPEED TO AVOID CRASH,6,N,LARAMIE AVE,1522,,,,,,,2,NO INDICATION OF INJURY,0,0,0,0,0,5,0,20,7,2,41.88055664,-87.75521998,POINT (-87.755219981358 41.880556637075)
332e7f78929bf9b77dfe429504800cf46e50039a7c1f0c60e7faec3ee2aa24f05fa61d78239703efcccea3a33d75ed8d37dc376cb9f8a05f604240d7253e256b,JF156344,,2/26/2022 1:39,30,STOP SIGN/FLASHER,UNKNOWN,OTHER,"DARKNESS, LIGHTED ROAD",REAR END,ONE-WAY,,STRAIGHT AND LEVEL,SNOW OR SLUSH,UNKNOWN,NOT ON SCENE (DESK REPORT),INJURY AND / OR TOW DUE TO CRASH,,,,"OVER $1,500",2/26/2022 2:00,UNABLE TO DETERMINE,UNABLE TO DETERMINE,299,W,OHIO ST,1831,,,,,,,2,"REPORTED, NOT EVIDENT",1,0,0,0,1,1,0,1,7,2,41.89225952,-87.63551823,POINT (-87.635518225521 41.89225951586)
7d5fddfd4a97ec2622c184a2f27055c5a67246e86b358471dcecf25abcc27c106fa9863e70d27a48ef491cc12a33f0bd479ca8cdb899833e97b508ce22e2c2a2,JF164723,,3/5/2022 23:00,30,UNKNOWN,UNKNOWN,RAIN,UNKNOWN,PARKED MOTOR VEHICLE,PARKING LOT,,STRAIGHT AND LEVEL,UNKNOWN,UNKNOWN,NOT ON SCENE (DESK REPORT),NO INJURY / DRIVE AWAY,,,Y,$500 OR LESS,3/6/2022 0:01,UNABLE TO DETERMINE,UNABLE TO DETERMINE,2600,N,WESTERN AVE,1411,,,,,,,2,NO INDICATION OF INJURY,0,0,0,0,0,1,0,23,7,3,41.92866979,-87.68792224,POINT (-87.687922235539 41.92866978991)
7d7806c436fc7e0d69d11891607992874f6f87ba48d83c733ab03e2665ae864e311762ba495b74bb6ded1c9df3356f35621ebd266724b657b636f79bf6b3acdd,JF164134,,3/5/2022 12:14,15,STOP SIGN/FLASHER,FUNCTIONING PROPERLY,CLEAR,DAYLIGHT,ANGLE,FOUR WAY,,STRAIGHT AND LEVEL,DRY,NO DEFECTS,ON SCENE,INJURY AND / OR TOW DUE TO CRASH,Y,,,"OVER $1,500",3/5/2022 12:14,UNABLE TO DETERMINE,NOT APPLICABLE,2700,N,NORDICA AVE,2512,,,,,,,2,NO INDICATION OF INJURY,0,0,0,0,0,2,0,12,7,3,41.92907039,-87.80290525,POINT (-87.802905250007 41.92907039301)
7d94cd66202e67103e810d5c16c394524716d32f8ecdf12e24a52b3eb0581d8dc1185fe2de857dc38711cd4a7dee173f19269c59426fbb11bef8ae3824aa5f69,JF164546,,3/5/2022 19:05,30,NO CONTROLS,NO CONTROLS,CLEAR,DUSK,REAR END,NOT DIVIDED,,STRAIGHT AND LEVEL,DRY,UNKNOWN,NOT ON SCENE (DESK REPORT),NO INJURY / DRIVE AWAY,,,,"$501 - $1,500",3/5/2022 19:45,UNABLE TO DETERMINE,NOT APPLICABLE,9500,S,VINCENNES AVE,2213,,,,,,,2,NO INDICATION OF INJURY,0,0,0,0,0,2,0,19,7,3,41.72134589,-87.65079633,POINT (-87.650796333578 41.721345885031)
835b97faa816cc4806a5d60e5612597d2e36457fb817cf6d85085a44fb98ff3935bf7788c4733fe3e0b043a1db25d162d514946001e2865b1d28d6bdce1032d3,JC553805,,12/20/2019 10:00,30,NO CONTROLS,NO CONTROLS,CLEAR,DAYLIGHT,TURNING,NOT DIVIDED,,STRAIGHT AND LEVEL,DRY,NO DEFECTS,,NO INJURY / DRIVE AWAY,,,,"$501 - $1,500",12/20/2019 11:00,DRIVING SKILLS/KNOWLEDGE/EXPERIENCE,NOT APPLICABLE,5455,W,BELMONT AVE,2514,,,,,,,2,NO INDICATION OF INJURY,0,0,0,0,0,2,0,10,6,12,41.93850044,-87.76382633,POINT (-87.763826329247 41.938500437505)
89c1e834ef048152e6dc66fe35839f330a3d78aaadafe19fd8a3c0415f96832ab6894e971632726bfe15be0f3ebfcb5ad486cf1bfa57053a6cf8f35b912cf465,JE410881,,10/14/2021 17:20,30,UNKNOWN,UNKNOWN,UNKNOWN,UNKNOWN,PEDESTRIAN,FOUR WAY,,STRAIGHT AND LEVEL,UNKNOWN,UNKNOWN,,INJURY AND / OR TOW DUE TO CRASH,,,,"OVER $1,500",10/15/2021 17:25,UNABLE TO DETERMINE,NOT APPLICABLE,100,E,24TH PL,132,,,,,,,2,NONINCAPACITATING INJURY,1,0,0,1,0,1,0,17,5,10,41.84853665,-87.62363178,POINT (-87.623631784223 41.848536652451)
47550d21db153ae91220f0e2d3aad812b502ab553c7639652b4b630764565331661c051fbe241e7c3c303efcef8751a0f6a698daf0a0bfeffbb273cf035125ef,JF149236,,2/19/2022 5:40,30,NO CONTROLS,NO CONTROLS,CLEAR,"DARKNESS, LIGHTED ROAD",PARKED MOTOR VEHICLE,ONE-WAY,,STRAIGHT AND LEVEL,DRY,NO DEFECTS,NOT ON SCENE (DESK REPORT),INJURY AND / OR TOW DUE TO CRASH,,,Y,"OVER $1,500",2/19/2022 7:30,UNABLE TO DETERMINE,UNABLE TO DETERMINE,2245,N,LA CROSSE AVE,2522,,,,,,,2,NO INDICATION OF INJURY,0,0,0,0,0,1,0,5,7,2,41.9219175,-87.74732543,POINT (-87.747325433458 41.921917496938)
8a2bf9fda63dab3f556cf34d7ef23b663f80e3124964684937854a9c25f256bdb395912b4e42b2203290e55e4ae7ca91e258bc5eb9312734f7694c37415debf4,JF186518,,3/25/2022 17:20,30,NO CONTROLS,NO CONTROLS,CLEAR,DAYLIGHT,FIXED OBJECT,DIVIDED - W/MEDIAN (NOT RAISED),,STRAIGHT AND LEVEL,DRY,NO DEFECTS,ON SCENE,INJURY AND / OR TOW DUE TO CRASH,,,,"OVER $1,500",3/25/2022 17:25,FAILING TO REDUCE SPEED TO AVOID CRASH,UNABLE TO DETERMINE,4799,N,KILDARE AVE,1722,,,,,,,1,NO INDICATION OF INJURY,0,0,0,0,0,1,0,17,6,3,41.96810564,-87.73528456,POINT (-87.735284560711 41.968105635148)
8a438fda602185608c6aed66e436165a4e775a9ecfaaf927f4c0ed97800adef18f412b794130e93cefd93f174bbfe36851457e70b241ffc0c80ec627b00598e2,JF185979,,3/25/2022 9:30,25,NO CONTROLS,NO CONTROLS,CLEAR,DAYLIGHT,SIDESWIPE SAME DIRECTION,NOT DIVIDED,,STRAIGHT AND LEVEL,WET,NO DEFECTS,ON SCENE,INJURY AND / OR TOW DUE TO CRASH,,,,"OVER $1,500",3/25/2022 10:15,DISTRACTION - FROM INSIDE VEHICLE,NOT APPLICABLE,124,S,JEFFERSON ST,121,,,,,,,2,NO INDICATION OF INJURY,0,0,0,0,0,2,0,9,6,3,41.87979287,-87.64274147,POINT (-87.642741469656 41.879792871125)
33da4b6f490c5a9e5fc2f27805b716e090087720f7b4318bc9b9d3cacb2543b02369ff61f689a58f5e6d6df61e27a7f84b087dfc7d23134f4d845876f23323fc,JF157661,,2/26/2022 9:30,30,NO CONTROLS,NO CONTROLS,CLEAR,DAYLIGHT,TURNING,CENTER TURN LANE,,STRAIGHT AND LEVEL,UNKNOWN,UNKNOWN,NOT ON SCENE (DESK REPORT),INJURY AND / OR TOW DUE TO CRASH,Y,,,"OVER $1,500",2/27/2022 13:00,UNABLE TO DETERMINE,UNABLE TO DETERMINE,2121,N,CLYBOURN AVE,1811,,,,,,,2,NO INDICATION OF INJURY,0,0,0,0,0,2,0,9,7,2,41.91989968,-87.66180554,POINT (-87.661805536366 41.919899683968)
7e816deea65769e3532dd380ae38151a893eec296cd4bf3247f7423554b48d3c8bde4fe5991d488e5da11a43e41849f975295972415029467ce496d639d5a60d,JF164532,,3/5/2022 12:45,30,NO CONTROLS,NO CONTROLS,UNKNOWN,DAYLIGHT,SIDESWIPE SAME DIRECTION,DIVIDED - W/MEDIAN (NOT RAISED),,STRAIGHT AND LEVEL,UNKNOWN,UNKNOWN,NOT ON SCENE (DESK REPORT),NO INJURY / DRIVE AWAY,,,,"$501 - $1,500",3/5/2022 19:15,IMPROPER LANE USAGE,NOT APPLICABLE,6307,N,CALDWELL AVE,1621,,,,,,,2,NO INDICATION OF INJURY,0,0,0,0,0,2,0,12,7,3,41.99600848,-87.76365427,POINT (-87.763654269491 41.996008477233)
e9120766c7e0203184b1c8918e5d6a6e84a03d40167eafd9c66b223f9886dd8fead1fda893a4ef2d7e6f0faf1530cf5d10319f72b3f7b08c290d94604dacb1f2,JF171456,,3/12/2022 11:00,30,NO CONTROLS,NO CONTROLS,CLEAR,DAYLIGHT,TURNING,ONE-WAY,,STRAIGHT AND LEVEL,DRY,NO DEFECTS,NOT ON SCENE (DESK REPORT),NO INJURY / DRIVE AWAY,,,,"OVER $1,500",3/12/2022 13:05,FAILING TO YIELD RIGHT-OF-WAY,UNABLE TO DETERMINE,2815,W,52ND ST,923,,,,,,,2,NO INDICATION OF INJURY,0,0,0,0,0,2,0,11,7,3,41.79904069,-87.6946491,POINT (-87.694649104472 41.799040693274)
7f1af615f90556aee98d3913389a12bd72709c7032c9f554001ba555b658af8a59b6bfd94fa0a31997b19894c29d42499d5de7b498ee35381bc06f7f409e5361,JF164428,,3/5/2022 15:45,30,TRAFFIC SIGNAL,FUNCTIONING PROPERLY,CLEAR,DAYLIGHT,REAR END,NOT DIVIDED,,STRAIGHT AND LEVEL,DRY,NO DEFECTS,NOT ON SCENE (DESK REPORT),NO INJURY / DRIVE AWAY,Y,,,$500 OR LESS,3/5/2022 17:00,FOLLOWING TOO CLOSELY,NOT APPLICABLE,5800,W,IRVING PARK RD,1624,,,,,,,2,NO INDICATION OF INJURY,0,0,0,0,0,2,0,15,7,3,41.95322816,-87.77195585,POINT (-87.771955845557 41.953228156494)
8b09161769daeecbdd1d9c600e4d03745eaaf69bf5e65b8126dcfb5fbeb5f562e1ba54e21f9e0ed68fcf602c05b92f282b6f449988823560f470fccba553d8b9,JF185861,Y,3/25/2022 8:30,20,NO CONTROLS,NO CONTROLS,CLEAR,DAWN,PARKED MOTOR VEHICLE,ONE-WAY,,STRAIGHT AND LEVEL,DRY,NO DEFECTS,ON SCENE,NO INJURY / DRIVE AWAY,,,Y,"OVER $1,500",3/25/2022 8:44,NOT APPLICABLE,UNABLE TO DETERMINE,6129,S,LANGLEY AVE,313,,,,,,,2,NO INDICATION OF INJURY,0,0,0,0,0,1,0,8,6,3,41.7831316,-87.60829899,POINT (-87.608298986364 41.783131600127)
34bf26da1be80cb3eb17f8748ed8d887e31b487b3867f7779f6dc33db417567501740bb18d1cb42a9972c7f4a21fe18d47046f10745bbd8b3ec3dc451994287c,JF156621,,2/26/2022 9:00,20,NO CONTROLS,NO CONTROLS,CLEAR,DAYLIGHT,PARKED MOTOR VEHICLE,NOT DIVIDED,,STRAIGHT AND LEVEL,WET,NO DEFECTS,NOT ON SCENE (DESK REPORT),NO INJURY / DRIVE AWAY,,,,"OVER $1,500",2/26/2022 11:30,UNABLE TO DETERMINE,UNABLE TO DETERMINE,3232,N,ROCKWELL ST,1921,,,,,,,2,NO INDICATION OF INJURY,0,0,0,0,0,2,0,9,7,2,41.94066442,-87.69288878,POINT (-87.692888775509 41.940664419393)
84d9bcbe758bcac0955996fa1ee8ec51bffcc5370a1aa5d88300530d61d3ca7dc3523dfcc240b3ee61bd3c9c54882cbc69c557e3ec960f04166282f70d1a8122,JF179899,,3/19/2022 23:50,30,NO CONTROLS,NO CONTROLS,CLEAR,"DARKNESS, LIGHTED ROAD",SIDESWIPE SAME DIRECTION,NOT DIVIDED,,STRAIGHT AND LEVEL,DRY,NO DEFECTS,NOT ON SCENE (DESK REPORT),NO INJURY / DRIVE AWAY,,,Y,"$501 - $1,500",3/20/2022 0:09,UNABLE TO DETERMINE,UNABLE TO DETERMINE,2298,W,FOSTER AVE,2012,,,,,,,2,NO INDICATION OF INJURY,0,0,0,0,0,2,0,23,7,3,41.97603832,-87.68661237,POINT (-87.686612374157 41.97603832259)
7f56f6dbc4159e83b592751e3279734d397088517c8f2c7222cbbf1b4b685cdb8a807725d9201606d0559ccd54c46d6e59473f0ea2a5ecbe12dab4d409168cdd,JF164558,,3/5/2022 19:20,30,NO CONTROLS,NO CONTROLS,CLEAR,DARKNESS,REAR END,NOT DIVIDED,,STRAIGHT AND LEVEL,DRY,NO DEFECTS,NOT ON SCENE (DESK REPORT),INJURY AND / OR TOW DUE TO CRASH,,,,"$501 - $1,500",3/5/2022 20:00,FOLLOWING TOO CLOSELY,NOT APPLICABLE,1800,W,DIVISION ST,1424,,,,,,,2,"REPORTED, NOT EVIDENT",1,0,0,0,1,1,0,19,7,3,41.90337562,-87.67242958,POINT (-87.672429583224 41.903375619156)
7f7861e53a9e94f9d19703357fc7c5ac73759cfe437a49804c8ac0022ef2d4054e274b7f4545a155b05b91104939285cbdfd90fe4463660f1d312b31d4070b46,JF164615,,3/5/2022 20:55,30,TRAFFIC SIGNAL,FUNCTIONING PROPERLY,RAIN,"DARKNESS, LIGHTED ROAD",TURNING,NOT DIVIDED,,STRAIGHT AND LEVEL,WET,NO DEFECTS,NOT ON SCENE (DESK REPORT),NO INJURY / DRIVE AWAY,,,Y,"OVER $1,500",3/5/2022 21:10,IMPROPER TURNING/NO SIGNAL,UNABLE TO DETERMINE,100,S,DAMEN AVE,1223,,,,,,,2,NO INDICATION OF INJURY,0,0,0,0,0,2,0,20,7,3,41.87994759,-87.67675699,POINT (-87.676756993386 41.87994758579)
360f48e705433041f768a57e98046d6e9b86c5880d735a98d212afd946909beb992d7061ac1416d505dadf12337941319b08c7ed27bedf28683cd90bfd6e226e,JF159867,,2/26/2022 16:35,30,NO CONTROLS,NO CONTROLS,CLEAR,DAYLIGHT,PARKED MOTOR VEHICLE,NOT DIVIDED,,STRAIGHT AND LEVEL,UNKNOWN,UNKNOWN,NOT ON SCENE (DESK REPORT),NO INJURY / DRIVE AWAY,,,Y,"$501 - $1,500",3/1/2022 14:38,IMPROPER OVERTAKING/PASSING,UNABLE TO DETERMINE,752,W,SCHUBERT AVE,1935,,,,,,,2,NO INDICATION OF INJURY,0,0,0,0,0,1,0,16,7,2,41.93166385,-87.64867742,POINT (-87.648677415216 41.931663853555)
85bed3db941cd64c7a31235f175634d48a09295e9f9f046966b1a374bdc968206b7d27037ecb780f40bf585ca4559b1bcf97b782894e10566ec58e167a70c843,JE412693,,10/17/2021 12:00,30,STOP SIGN/FLASHER,NO CONTROLS,CLEAR,DAYLIGHT,ANGLE,OTHER,,STRAIGHT AND LEVEL,DRY,NO DEFECTS,,INJURY AND / OR TOW DUE TO CRASH,,,,"OVER $1,500",10/17/2021 12:20,DISREGARDING STOP SIGN,DISREGARDING STOP SIGN,7600,S,INDIANA AVE,623,,,,,,,2,"REPORTED, NOT EVIDENT",1,0,0,0,1,1,0,12,1,10,41.75640481,-87.6200325,POINT (-87.62003250391 41.756404805121)
8c1c4d2424c5e0d09aea0d444c9d01deda718c5ea9ee25c15de2bdb74fdcf5f40752b427216b0ad908bee21a023134bdd40136b418806be347a44e3d8ea9127d,JD248930,,5/31/2020 19:00,30,NO CONTROLS,NO CONTROLS,CLEAR,"DARKNESS, LIGHTED ROAD",REAR END,NOT DIVIDED,,STRAIGHT AND LEVEL,DRY,NO DEFECTS,,NO INJURY / DRIVE AWAY,,,,$500 OR LESS,5/31/2020 19:30,UNABLE TO DETERMINE,UNABLE TO DETERMINE,1600,W,DEVON AVE,2432,,,,,,,2,NO INDICATION OF INJURY,0,0,0,0,0,2,0,19,1,5,41.99818477,-87.67066256,POINT (-87.670662562225 41.998184771032)
8c273dc45b229f86bb3f79541cbd99c558f3a48c389103be3482cbddbf9912ee082fc64c108a81eb74e10238fb31319d8090ffd970aa62fd0539cd0ba0e760f2,JE149561,,2/17/2021 19:30,30,NO CONTROLS,NO CONTROLS,SNOW,"DARKNESS, LIGHTED ROAD",ANGLE,NOT DIVIDED,,STRAIGHT AND LEVEL,SNOW OR SLUSH,NO DEFECTS,,NO INJURY / DRIVE AWAY,,,Y,"$501 - $1,500",2/23/2021 8:45,FAILING TO YIELD RIGHT-OF-WAY,WEATHER,13550,S,TORRENCE AVE,434,,,,,,,2,NO INDICATION OF INJURY,0,0,0,0,0,2,0,19,4,2,41.64852796,-87.55944931,POINT (-87.559449307429 41.648527963179)
496b4591cf96e5ccea119f61f512d7c33b6fd4e5ec09ecb80c9485073f52b93fd8d92086cb1a18f332ec251670a73b8074906838db309cd412374c01829f6465,JF149632,,2/19/2022 2:00,30,TRAFFIC SIGNAL,FUNCTIONING PROPERLY,CLEAR,"DARKNESS, LIGHTED ROAD",SIDESWIPE SAME DIRECTION,NOT DIVIDED,,STRAIGHT AND LEVEL,DRY,NO DEFECTS,NOT ON SCENE (DESK REPORT),NO INJURY / DRIVE AWAY,,,Y,"$501 - $1,500",2/19/2022 15:30,UNABLE TO DETERMINE,UNABLE TO DETERMINE,3359,N,PULASKI RD,1732,,,,,,,2,NO INDICATION OF INJURY,0,0,0,0,0,2,0,2,7,2,41.94265778,-87.72714415,POINT (-87.727144153225 41.942657774921)
8c813385477521d48476b4ac364f99a7b6bdd73784fcffc65cfc4d2b1e572585b20a22655847f6b30bb559acac50f4effd05efe3e0f8a84764a4c75fbcd0c0ce,JF186042,Y,3/25/2022 8:15,30,NO CONTROLS,NO CONTROLS,CLEAR,DAYLIGHT,PARKED MOTOR VEHICLE,ONE-WAY,,STRAIGHT AND LEVEL,WET,NO DEFECTS,ON SCENE,NO INJURY / DRIVE AWAY,,,Y,"OVER $1,500",3/25/2022 10:52,FAILING TO REDUCE SPEED TO AVOID CRASH,"OPERATING VEHICLE IN ERRATIC, RECKLESS, CARELESS, NEGLIGENT OR AGGRESSIVE MANNER",2344,W,ALTGELD ST,1432,,,,,,,2,NO INDICATION OF INJURY,0,0,0,0,0,1,0,8,6,3,41.92654054,-87.68710332,POINT (-87.68710332356 41.92654054052)
86d7c334ffd301915059c73bb688e0d89f3b19c77bdd1675ed30c5801b114ba22d0f1eea65852ad88ab9f50dfdf19d160e3b72bc9d725e21c06c08318a459188,JF179403,,3/19/2022 13:55,30,TRAFFIC SIGNAL,FUNCTIONING PROPERLY,CLOUDY/OVERCAST,DAYLIGHT,REAR END,DIVIDED - W/MEDIAN (NOT RAISED),,STRAIGHT AND LEVEL,DRY,NO DEFECTS,NOT ON SCENE (DESK REPORT),NO INJURY / DRIVE AWAY,Y,,,"$501 - $1,500",3/19/2022 14:15,FAILING TO REDUCE SPEED TO AVOID CRASH,NOT APPLICABLE,214,E,87TH ST,632,,,,,,,3,NO INDICATION OF INJURY,0,0,0,0,0,3,0,13,7,3,41.73654941,-87.61869795,POINT (-87.618697945558 41.736549411757)
3695b719d1bdfbaa425e42afa55d6e537b25281b6d9762cca466f02164fbe1a062d668a2cdb73dd90fcfaefe585f9d9e874513182132b89835498c36ea05977c,JF156347,,2/26/2022 2:35,30,TRAFFIC SIGNAL,FUNCTIONING PROPERLY,SNOW,"DARKNESS, LIGHTED ROAD",TURNING,DIVIDED - W/MEDIAN (NOT RAISED),,STRAIGHT AND LEVEL,SNOW OR SLUSH,NO DEFECTS,,INJURY AND / OR TOW DUE TO CRASH,N,,,"OVER $1,500",2/26/2022 3:39,IMPROPER TURNING/NO SIGNAL,NOT APPLICABLE,1825,S,ASHLAND AVE,1233,,,,,,,2,NO INDICATION OF INJURY,0,0,0,0,0,2,0,2,7,2,41.85699484,-87.66597823,POINT (-87.665978232652 41.85699483488)
87620abecb6362326a2a926c67a3ed2f4b87ddcee62a3ea789cf688e69c0ef926ccbfed64b12e89b065c9726b9fb74887c165ca9a48fe061a723628c71769fe2,JF179395,,3/19/2022 14:05,30,NO CONTROLS,NO CONTROLS,RAIN,DAYLIGHT,REAR END,NOT DIVIDED,,STRAIGHT AND LEVEL,WET,NO DEFECTS,NOT ON SCENE (DESK REPORT),NO INJURY / DRIVE AWAY,,,Y,"OVER $1,500",3/19/2022 14:25,FOLLOWING TOO CLOSELY,NOT APPLICABLE,5620,W,FOSTER AVE,1622,,,,,,,3,NO INDICATION OF INJURY,0,0,0,0,0,3,0,14,7,3,41.97579142,-87.76927689,POINT (-87.769276892934 41.975791419681)
80ab5b7ef05a1cfd4132658512b1a0f16f6af02f08d00388166749266b4f2a8673d6c46ce4cadebc03a506c9d9fbb29c28737e7752851366f032ae129f002acb,JF164339,,3/5/2022 16:00,20,NO CONTROLS,NO CONTROLS,CLEAR,DAYLIGHT,PARKED MOTOR VEHICLE,PARKING LOT,,STRAIGHT AND LEVEL,DRY,NO DEFECTS,NOT ON SCENE (DESK REPORT),NO INJURY / DRIVE AWAY,,,Y,"$501 - $1,500",3/5/2022 16:05,NOT APPLICABLE,NOT APPLICABLE,3307,W,63RD ST,823,,,,,,,2,NO INDICATION OF INJURY,0,0,0,0,0,1,0,16,7,3,41.77881858,-87.70590358,POINT (-87.70590357549 41.778818577108)
4aa8444370341c929c762eda15909c8367537759fb8a1a115ad29306603a3d023bb63a17ae3b9a9bf4a6af54d09e854eb4d281ee2170cf4c9779dcc922816f52,JF149372,,2/19/2022 10:15,30,NO CONTROLS,NO CONTROLS,CLEAR,DAYLIGHT,ANGLE,NOT DIVIDED,,STRAIGHT AND LEVEL,DRY,NO DEFECTS,NOT ON SCENE (DESK REPORT),NO INJURY / DRIVE AWAY,,,,"OVER $1,500",2/19/2022 10:47,DRIVING SKILLS/KNOWLEDGE/EXPERIENCE,NOT APPLICABLE,751,N,KINGSBURY ST,1831,,,,,,,2,NO INDICATION OF INJURY,0,0,0,0,0,3,0,10,7,2,41.896308,-87.64137208,POINT (-87.641372075102 41.896308003639)
80f54dea2b0fc443e696aa46607998d977b9021325f554cf37f5410b33606bcfe2d284a1ebb9f75a6457008521dfdd9380eee94b61f9265b74965c893a1980f4,JE165116,,3/10/2021 13:40,30,UNKNOWN,UNKNOWN,UNKNOWN,DAYLIGHT,SIDESWIPE SAME DIRECTION,NOT DIVIDED,,STRAIGHT AND LEVEL,UNKNOWN,UNKNOWN,,NO INJURY / DRIVE AWAY,,,Y,"OVER $1,500",3/10/2021 16:50,UNABLE TO DETERMINE,NOT APPLICABLE,1700,W,VAN BUREN ST,1231,,,,,,,2,NO INDICATION OF INJURY,0,0,0,0,0,2,0,13,4,3,41.87642685,-87.66917652,POINT (-87.669176520302 41.876426852211)