CRASH_RECORD_ID,RD_NO,CRASH_DATE_EST_I,CRASH_DATE,POSTED_SPEED_LIMIT,TRAFFIC_CONTROL_DEVICE,DEVICE_CONDITION,WEATHER_CONDITION,LIGHTING_CONDITION,FIRST_CRASH_TYPE,TRAFFICWAY_TYPE,LANE_CNT,ALIGNMENT,ROADWAY_SURFACE_COND,ROAD_DEFECT,REPORT_TYPE,CRASH_TYPE,INTERSECTION_RELATED_I,NOT_RIGHT_OF_WAY_I,HIT_AND_RUN_I,DAMAGE,DATE_POLICE_NOTIFIED,PRIM_CONTRIBUTORY_CAUSE,SEC_CONTRIBUTORY_CAUSE,STREET_NO,STREET_DIRECTION,STREET_NAME,BEAT_OF_OCCURRENCE,PHOTOS_TAKEN_I,STATEMENTS_TAKEN_I,DOORING_I,WORK_ZONE_I,WORK_ZONE_TYPE,WORKERS_PRESENT_I,NUM_UNITS,MOST_SEVERE_INJURY,INJURIES_TOTAL,INJURIES_FATAL,INJURIES_INCAPACITATING,INJURIES_NON_INCAPACITATING,INJURIES_REPORTED_NOT_EVIDENT,INJURIES_NO_INDICATION,INJURIES_UNKNOWN,CRASH_HOUR,CRASH_DAY_OF_WEEK,CRASH_MONTH,LATITUDE,LONGITUDE,LOCATION
ead2372979e8f7e1d56492bacf0bd476667ddc536e7e0714ffe6e6e164d74ce5e1242b075ad6214e88e97257f38a897581441288df61e1d8c86fe79a6d1ce78a,JC417360,,9/2/2019 16:00,35,NO CONTROLS,NO CONTROLS,CLEAR,DAYLIGHT,ANGLE,NOT DIVIDED,,STRAIGHT AND LEVEL,DRY,NO DEFECTS,,NO INJURY / DRIVE AWAY,,,,"OVER $1,500",9/2/2019 16:15,IMPROPER BACKING,FAILING TO YIELD RIGHT-OF-WAY,941,E,83RD ST,632,,,,,,,2,NO INDICATION OF INJURY,0,0,0,0,0,2,0,16,2,9,41.74391686,-87.60096575,POINT (-87.600965748721 41.743916856598)
4b479dd1060dd20d3219497aa0b9b5b54a41682b9bddfd7eede25a4163320abf068cf23c83e0c2dda525d713b4453936bf5f70e5c4d5824af5453b2b445d4669,JF149881,,2/19/2022 19:10,30,NO CONTROLS,NO CONTROLS,CLEAR,"DARKNESS, LIGHTED ROAD",FIXED OBJECT,PARKING LOT,,STRAIGHT AND LEVEL,DRY,NO DEFECTS,ON SCENE,NO INJURY / DRIVE AWAY,,,,"OVER $1,500",2/19/2022 19:13,UNABLE TO DETERMINE,UNABLE TO DETERMINE,2301,S,INDIANA AVE,132,,,,,,,1,NO INDICATION OF INJURY,0,0,0,0,0,1,0,19,7,2,41.85104668,-87.62209309,POINT (-87.622093084554 41.851046674633)
37e6250c7f9fed813dce311e7b02fb881155b67f85f45b5ff784f439d00ecb3966371d77fc709cc435f81f93aad28d90a068ab2e6464982a8613ccf6e95121ea,JE199615,,4/14/2021 19:26,30,NO CONTROLS,NO CONTROLS,CLEAR,DAYLIGHT,PARKED MOTOR VEHICLE,ONE-WAY,,STRAIGHT AND LEVEL,DRY,NO DEFECTS,,INJURY AND / OR TOW DUE TO CRASH,,,Y,"OVER $1,500",4/14/2021 19:30,UNABLE TO DETERMINE,UNABLE TO DETERMINE,1441,W,78TH ST,612,,,,,,,2,NONINCAPACITATING INJURY,1,0,0,1,0,0,0,19,4,4,41.75211371,-87.66016367,POINT (-87.660163667246 41.75211370939)
381c7a9f95286c34e9869cd44639390bacf639d1583dcc1fdfd0f24441f242d6895082500e3ab180d874fc5591b8a1cd29e66dded6502906162781152673efb9,JE481591,,12/18/2021 10:20,30,NO CONTROLS,NO CONTROLS,RAIN,DAYLIGHT,SIDESWIPE SAME DIRECTION,NOT DIVIDED,,STRAIGHT AND LEVEL,WET,UNKNOWN,,NO INJURY / DRIVE AWAY,,,,"OVER $1,500",12/18/2021 10:40,UNABLE TO DETERMINE,UNABLE TO DETERMINE,1569,N,CLYBOURN AVE,1822,,,,,,,2,NO INDICATION OF INJURY,0,0,0,0,0,2,0,10,7,12,41.91006441,-87.64812416,POINT (-87.648124161562 41.910064407469)
381d1f61d3097461ef7d2da67a8ce1baefefae0a807836ddb1542e7f0c826c808099cb9f03cc92f63a4121184e757ff86c5def765dc0b2f73c2be5d9d5d30972,JE434958,,11/5/2021 13:56,25,TRAFFIC SIGNAL,FUNCTIONING PROPERLY,UNKNOWN,DAYLIGHT,SIDESWIPE SAME DIRECTION,T-INTERSECTION,,STRAIGHT AND LEVEL,UNKNOWN,UNKNOWN,,NO INJURY / DRIVE AWAY,Y,,,"OVER $1,500",11/5/2021 14:50,UNABLE TO DETERMINE,UNABLE TO DETERMINE,216,E,87TH ST,632,,,,,,,2,NO INDICATION OF INJURY,0,0,0,0,0,2,0,13,6,11,41.73655074,-87.6186124,POINT (-87.618612396287 41.736550737688)
4b1ddc701441ee9d83ffab2ec6553a047de2603c0d9b437be51d4648332ca01077bc71d8c6fb61352b64d1d18fe90e293022f9da9543ea2cc0bc5d1fb21a6431,JC465841,,10/9/2019 10:16,35,UNKNOWN,UNKNOWN,CLEAR,DAYLIGHT,TURNING,NOT DIVIDED,,STRAIGHT AND LEVEL,DRY,NO DEFECTS,,NO INJURY / DRIVE AWAY,,,,$500 OR LESS,10/9/2019 10:16,UNABLE TO DETERMINE,NOT APPLICABLE,7825,S,STONY ISLAND AVE,411,,,,,,,2,NO INDICATION OF INJURY,0,0,0,0,0,2,0,10,4,10,41.75253191,-87.58533779,POINT (-87.585337792522 41.75253191013)
821d78be11683a5f9b09a783cffdf0841d440d96f58b5943f6e8114d8a8a288ace824ba5d3c84d81e8c6b787c8fb09d34c71bd767c585abed64f04fcb6b12de0,JF164479,,3/5/2022 18:12,30,NO CONTROLS,NO CONTROLS,CLEAR,"DARKNESS, LIGHTED ROAD",PARKED MOTOR VEHICLE,NOT DIVIDED,,STRAIGHT AND LEVEL,DRY,NO DEFECTS,ON SCENE,INJURY AND / OR TOW DUE TO CRASH,,,,"OVER $1,500",3/5/2022 18:17,DISTRACTION - FROM INSIDE VEHICLE,UNABLE TO DETERMINE,453,W,FULLERTON PKWY,1812,,,,,,,3,NO INDICATION OF INJURY,0,0,0,0,0,1,0,18,7,3,41.92546323,-87.64125065,POINT (-87.641250646818 41.925463228311)
3842d25705d689950cbbaa1071f01f971077a555fa8e431b009bf463281061da47188c2a2e8d54a74efbcfc3161186224d50aa3216abc176ac66fc32aeb32749,JF161978,,2/26/2022 21:00,30,NO CONTROLS,NO CONTROLS,CLEAR,"DARKNESS, LIGHTED ROAD",PARKED MOTOR VEHICLE,NOT DIVIDED,,STRAIGHT AND LEVEL,DRY,NO DEFECTS,NOT ON SCENE (DESK REPORT),NO INJURY / DRIVE AWAY,,,Y,"$501 - $1,500",3/3/2022 13:25,UNABLE TO DETERMINE,NOT APPLICABLE,4000,W,ARMITAGE AVE,2525,,,,,,,2,NO INDICATION OF INJURY,0,0,0,0,0,1,0,21,7,2,41.91727507,-87.72662275,POINT (-87.726622746448 41.917275069409)
38fd873573736703f8cb9aa61df01ee9bce795c6533185de8dd815c52622baafd04956f395750eac18b5324c7e8021675829f88bf7226ed66b097992fec455e6,JF157262,,2/26/2022 23:30,30,NO CONTROLS,NO CONTROLS,CLEAR,"DARKNESS, LIGHTED ROAD",REAR END,DIVIDED - W/MEDIAN BARRIER,,STRAIGHT AND LEVEL,DRY,NO DEFECTS,NOT ON SCENE (DESK REPORT),INJURY AND / OR TOW DUE TO CRASH,,,,"OVER $1,500",2/27/2022 0:32,FAILING TO REDUCE SPEED TO AVOID CRASH,UNABLE TO DETERMINE,1563,N,LAKE SHORE DR,1824,,,,,,,2,NO INDICATION OF INJURY,0,0,0,0,0,2,0,23,7,2,41.91118805,-87.62615081,POINT (-87.626150812083 41.911188052315)
4cc2e67899ecd29d4bd3af3f089ada89a23f6de6ec511bd51030635564772a251708e7221c2fd09a0712e78fef92e0b8f308448e2fbbc502c964c50c0bfdaefe,JF149586,,2/19/2022 13:25,30,STOP SIGN/FLASHER,FUNCTIONING PROPERLY,CLEAR,DAYLIGHT,ANGLE,NOT DIVIDED,,STRAIGHT AND LEVEL,DRY,NO DEFECTS,NOT ON SCENE (DESK REPORT),NO INJURY / DRIVE AWAY,,,,"OVER $1,500",2/19/2022 14:40,DISREGARDING STOP SIGN,NOT APPLICABLE,8300,S,LAWNDALE AVE,834,,,,,,,2,NO INDICATION OF INJURY,0,0,0,0,0,2,0,13,7,2,41.74225137,-87.7145173,POINT (-87.714517304252 41.742251371415)
397b1b9e1c7cc8bf0e49ca459aba77a72be4595f000edda3e5fbc4ebc95e970feadb473766726d698f2bb2b45b8e1495fed438868fff54caa90e49efb9150efb,JF157942,,2/26/2022 23:45,30,NO CONTROLS,NO CONTROLS,CLEAR,"DARKNESS, LIGHTED ROAD",PARKED MOTOR VEHICLE,PARKING LOT,,STRAIGHT AND LEVEL,DRY,NO DEFECTS,NOT ON SCENE (DESK REPORT),NO INJURY / DRIVE AWAY,,,,"OVER $1,500",2/27/2022 18:00,UNABLE TO DETERMINE,UNABLE TO DETERMINE,7601,S,CICERO AVE,833,,,,,,,2,NO INDICATION OF INJURY,0,0,0,0,0,2,0,23,7,2,41.75466012,-87.74138476,POINT (-87.741384758605 41.754660124394)
39bc5e8cc9bc344d27912189ba03cef3b73aa55554b99631d502d9bfa22eb9afe1a2d60a1323e7bbf2cb910a6bcb845186146edcad312317ac42143310f4ca30,JF156300,,2/26/2022 1:12,30,TRAFFIC SIGNAL,FUNCTIONING PROPERLY,CLEAR,"DARKNESS, LIGHTED ROAD",TURNING,DIVIDED - W/MEDIAN (NOT RAISED),,STRAIGHT AND LEVEL,WET,UNKNOWN,ON SCENE,INJURY AND / OR TOW DUE TO CRASH,Y,,,"OVER $1,500",2/26/2022 1:12,UNABLE TO DETERMINE,UNABLE TO DETERMINE,1600,N,CICERO AVE,2533,,,,,,,2,NO INDICATION OF INJURY,0,0,0,0,0,2,0,1,7,2,41.909672,-87.7462613,POINT (-87.74626130363 41.90967200151)
8d1a11c55b44c3cc6fe7e42568e1279ee00cbf97072a300957dc00eda513778f33512162584539f3b5e768f8add84b79b925d69e2553c8ce50e2652540deb5aa,JD432003,,11/15/2020 12:23,45,NO CONTROLS,OTHER,CLOUDY/OVERCAST,DAYLIGHT,FIXED OBJECT,OTHER,,STRAIGHT AND LEVEL,WET,NO DEFECTS,,NO INJURY / DRIVE AWAY,,,,"OVER $1,500",11/15/2020 12:50,WEATHER,FOLLOWING TOO CLOSELY,1300,N,LAKE SHORE DR NB,1824,,,,,,,2,NO INDICATION OF INJURY,0,0,0,0,0,3,0,12,1,11,41.90594014,-87.62526873,POINT (-87.625268730811 41.905940135182)
39e904b3728461a742cba3e9a2e30df6a74274a077138c1fcb90d7c6d0b418b05eae9ec9c2917fd53007c680eb371ad72c216c2ecc89801d5a098929322fe5de,JF156472,,2/26/2022 7:50,30,NO CONTROLS,NO CONTROLS,CLEAR,DAYLIGHT,REAR END,NOT DIVIDED,,STRAIGHT AND LEVEL,DRY,NO DEFECTS,ON SCENE,NO INJURY / DRIVE AWAY,,,,"$501 - $1,500",2/26/2022 8:00,FOLLOWING TOO CLOSELY,NOT APPLICABLE,2215,S,INDIANA AVE,132,,,,,,,2,NO INDICATION OF INJURY,0,0,0,0,0,2,0,7,7,2,41.85241943,-87.62211499,POINT (-87.622114986405 41.85241942655)
83352088fb3e8b280d9b72611f38862655c92d2c7bbc44d99bfce5d9fa7c29e0f31e57e9dec0ad95228f1a3e1317fc8ba116f495dff58c92861fdc0498b5f051,JF164641,,3/5/2022 20:00,30,NO CONTROLS,NO CONTROLS,RAIN,DUSK,SIDESWIPE SAME DIRECTION,NOT DIVIDED,,STRAIGHT AND LEVEL,WET,NO DEFECTS,NOT ON SCENE (DESK REPORT),NO INJURY / DRIVE AWAY,,,,"$501 - $1,500",3/5/2022 21:40,IMPROPER OVERTAKING/PASSING,DRIVING SKILLS/KNOWLEDGE/EXPERIENCE,7498,N,OLCOTT AVE,1611,,,,,,,2,NO INDICATION OF INJURY,0,0,0,0,0,2,0,20,7,3,42.01689049,-87.81404471,POINT (-87.814044712571 42.016890489915)
4e2f6e092202af02466b8d1d23ace4614986555b085dadb5140b9c1422f11ffd03ed7029e751e01a61352d9a9627efdb0ec5d489a54ab84552fc154252dc7749,JF149329,,2/19/2022 9:40,20,STOP SIGN/FLASHER,FUNCTIONING PROPERLY,BLOWING SNOW,DAYLIGHT,SIDESWIPE SAME DIRECTION,NOT DIVIDED,,STRAIGHT AND LEVEL,ICE,NO DEFECTS,ON SCENE,INJURY AND / OR TOW DUE TO CRASH,,,,"OVER $1,500",2/19/2022 9:41,FAILING TO YIELD RIGHT-OF-WAY,UNABLE TO DETERMINE,3829,N,LONG AVE,1634,,,,,,,2,NO INDICATION OF INJURY,0,0,0,0,0,2,0,9,7,2,41.95046758,-87.76184027,POINT (-87.76184026614 41.950467575725)
8ee76f21b366d8cd35951af8852f080cc157d1f1c89e7b3b0a7ebc94d15ffd3c40548ed03659bb749ab6ded1707ce1a51616ba558ce99bca9266c2ed3d9ba39b,JF186799,,3/25/2022 23:55,30,TRAFFIC SIGNAL,UNKNOWN,CLEAR,"DARKNESS, LIGHTED ROAD",ANGLE,DIVIDED - W/MEDIAN (NOT RAISED),,STRAIGHT AND LEVEL,UNKNOWN,UNKNOWN,ON SCENE,INJURY AND / OR TOW DUE TO CRASH,Y,,Y,"OVER $1,500",3/26/2022 0:30,DISREGARDING TRAFFIC SIGNALS,FAILING TO REDUCE SPEED TO AVOID CRASH,400,S,SACRAMENTO BLVD,1134,,,,,,,2,NO INDICATION OF INJURY,0,0,0,0,0,2,0,23,6,3,41.87589394,-87.70122497,POINT (-87.701224964612 41.875893940871)
4e4e836694bf52fd46609e8696ebf79f85bc4cfb424ecffc4d64683044f2b60ec1baea92828cd76e06284c293c7b80b00137cebfb78528d5a3e63cfc078c8d78,JF149576,,2/19/2022 10:30,10,NO CONTROLS,NO CONTROLS,CLEAR,DAYLIGHT,PARKED MOTOR VEHICLE,PARKING LOT,,STRAIGHT AND LEVEL,DRY,NO DEFECTS,,NO INJURY / DRIVE AWAY,,Y,Y,"OVER $1,500",2/19/2022 14:15,UNABLE TO DETERMINE,NOT APPLICABLE,8205,S,CALIFORNIA AVE,835,,,,,,,2,NO INDICATION OF INJURY,0,0,0,0,0,1,0,10,7,2,41.74428037,-87.69233145,POINT (-87.692331445568 41.744280367068)
3a305442f556deb276960dc372df9171e5a668c790a5f6d652f634e1daf0f33ce24c8dd24040f92ccf5f746e1132276a84c7ce7118647ca5e2bb6d5f08d6f7c6,JF156679,,2/26/2022 12:23,30,STOP SIGN/FLASHER,FUNCTIONING PROPERLY,CLEAR,DAYLIGHT,ANGLE,FOUR WAY,,STRAIGHT AND LEVEL,DRY,NO DEFECTS,ON SCENE,INJURY AND / OR TOW DUE TO CRASH,Y,,,"OVER $1,500",2/26/2022 12:24,UNABLE TO DETERMINE,UNABLE TO DETERMINE,3700,N,CHRISTIANA AVE,1733,,,,,,,2,NO INDICATION OF INJURY,0,0,0,0,0,3,0,12,7,2,41.94855986,-87.7116962,POINT (-87.711696204079 41.94855985919)
3a3d8bf80094f7b563af37d8cc91ac2414eb2bbf1d4ccb39455595a3788ecca195ccb4e468c6763502e15bfbf5f4d17df27043b9d4f95f1cb2c7ac6d008774c8,JF156912,,2/26/2022 16:10,30,NO CONTROLS,NO CONTROLS,CLEAR,DAYLIGHT,SIDESWIPE SAME DIRECTION,NOT DIVIDED,,STRAIGHT AND LEVEL,DRY,NO DEFECTS,NOT ON SCENE (DESK REPORT),NO INJURY / DRIVE AWAY,,,Y,"OVER $1,500",2/26/2022 16:30,IMPROPER LANE USAGE,IMPROPER LANE USAGE,124,E,PERSHING RD,212,,,,,,,2,NO INDICATION OF INJURY,0,0,0,0,0,2,0,16,7,2,41.82387969,-87.62202925,POINT (-87.622029245596 41.823879686835)
3ac5233c6479383fa6583c02c90ac41c4cf30fd1194157319d99ec23914efdd7a4ba3edf29209c33c535b6e6af540f734cfabb914c7a866adfc9edbf736fa3c1,JF156974,,2/26/2022 17:00,30,NO CONTROLS,NO CONTROLS,CLEAR,DAYLIGHT,REAR END,NOT DIVIDED,,STRAIGHT AND LEVEL,DRY,NO DEFECTS,NOT ON SCENE (DESK REPORT),NO INJURY / DRIVE AWAY,,,Y,"OVER $1,500",2/26/2022 17:30,FOLLOWING TOO CLOSELY,FOLLOWING TOO CLOSELY,13000,S,ELLIS AVE,533,,,,,,,3,NO INDICATION OF INJURY,0,0,0,0,0,3,0,17,7,2,41.6594343,-87.59785303,POINT (-87.597853029354 41.659434297709)
8abdf44ffdb1141fdc1bcaaa93ac3f8a496264fc0b643ba208f8f8f9a96eff64d30d3bdebbd652fc282c0e0f8f2812c8bfc6fb334ff7459b3eeb4bf6dbe623fe,JF179739,,3/19/2022 19:41,30,TRAFFIC SIGNAL,FUNCTIONING PROPERLY,RAIN,DUSK,REAR END,DIVIDED - W/MEDIAN (NOT RAISED),,STRAIGHT AND LEVEL,WET,NO DEFECTS,NOT ON SCENE (DESK REPORT),NO INJURY / DRIVE AWAY,Y,,,"OVER $1,500",3/19/2022 20:20,FOLLOWING TOO CLOSELY,FAILING TO REDUCE SPEED TO AVOID CRASH,215,W,OHIO ST,1831,,,,,,,2,NO INDICATION OF INJURY,0,0,0,0,0,2,0,19,7,3,41.89227073,-87.634755,POINT (-87.634755003073 41.892270732599)
8bf56789ceb6762e2c7da44fd5d7857e8b7204437b00605adfc5eafac2a571cbadcc2ca375876ba5bb863d92fb207abf5628710ef212dcaf6e017caedb11f979,JF179462,,3/19/2022 15:14,40,NO CONTROLS,NO CONTROLS,RAIN,DAYLIGHT,SIDESWIPE SAME DIRECTION,DIVIDED - W/MEDIAN BARRIER,,STRAIGHT AND LEVEL,WET,NO DEFECTS,NOT ON SCENE (DESK REPORT),NO INJURY / DRIVE AWAY,,,Y,"OVER $1,500",3/19/2022 15:30,IMPROPER LANE USAGE,NOT APPLICABLE,481,N,LAKE SHORE DR NB,1834,,,,,,,2,NO INDICATION OF INJURY,0,0,0,0,0,4,0,15,7,3,41.89066089,-87.61374204,POINT (-87.613742038236 41.890660889644)
4eeafae819a93c65ab436e3697e9274321ee00daca92ef0006717ac0a814efebc28e8adfe4f695b62605b8990a184687d1f529a4cde90c22a49be8e8b2b07c04,JF150818,,2/19/2022 12:00,35,NO CONTROLS,NO CONTROLS,CLEAR,DAYLIGHT,PARKED MOTOR VEHICLE,NOT DIVIDED,,STRAIGHT AND LEVEL,DRY,NO DEFECTS,NOT ON SCENE (DESK REPORT),NO INJURY / DRIVE AWAY,,,Y,"$501 - $1,500",2/20/2022 20:30,UNABLE TO DETERMINE,NOT APPLICABLE,5201,W,WELLINGTON AVE,2514,,,,,,,2,NO INDICATION OF INJURY,0,0,0,0,0,1,0,12,7,2,41.93494041,-87.7566756,POINT (-87.756675594688 41.934940406209)
83fac82c5e499c48d8f33a55c8f15ab29125e171fa653ecd9286da5d7052df5a97c12374058149e9da3120626d73b7fef0aedf22d9015ed44e400527a698cfda,JF165068,,3/5/2022 12:30,30,TRAFFIC SIGNAL,FUNCTIONING PROPERLY,CLEAR,DAYLIGHT,REAR END,DIVIDED - W/MEDIAN (NOT RAISED),,STRAIGHT AND LEVEL,DRY,NO DEFECTS,NOT ON SCENE (DESK REPORT),NO INJURY / DRIVE AWAY,,,,"$501 - $1,500",3/6/2022 11:40,FAILING TO REDUCE SPEED TO AVOID CRASH,UNABLE TO DETERMINE,2753,N,KOSTNER AVE,2524,,,,,,,2,NO INDICATION OF INJURY,0,0,0,0,0,2,0,12,7,3,41.93142513,-87.73667314,POINT (-87.736673142837 41.931425134282)
3b722103585492cef460e7bf31375c1dc6f2b39acfd88c5c81d880867fb9214acba75d67d04cc664decbf3c1eaf3e2fccf0b84e8a3fbcde7049dd8055294f535,JF156705,,2/26/2022 12:32,35,STOP SIGN/FLASHER,FUNCTIONING PROPERLY,CLEAR,DAYLIGHT,REAR END,ONE-WAY,,STRAIGHT AND LEVEL,WET,NO DEFECTS,ON SCENE,NO INJURY / DRIVE AWAY,,,,$500 OR LESS,2/26/2022 12:32,FOLLOWING TOO CLOSELY,NOT APPLICABLE,4367,W,14TH ST,1011,,,,,,,2,NO INDICATION OF INJURY,0,0,0,0,0,3,0,12,7,2,41.86227154,-87.73478449,POINT (-87.734784493018 41.862271542414)
edb6b66c47456a18b20962359067845d4af211fd23f86871accb0f8401cf6429de41e7ff379c0938a4837722611b9f67247c8b87fcdb137d3af03eda1d6f87d8,JF171627,,3/12/2022 14:29,30,NO CONTROLS,NO CONTROLS,CLEAR,DAYLIGHT,PARKED MOTOR VEHICLE,NOT DIVIDED,,STRAIGHT AND LEVEL,DRY,NO DEFECTS,NOT ON SCENE (DESK REPORT),NO INJURY / DRIVE AWAY,,,,"OVER $1,500",3/12/2022 15:49,UNABLE TO DETERMINE,UNABLE TO DETERMINE,9123,S,COTTAGE GROVE AVE,633,,,,,,,2,NO INDICATION OF INJURY,0,0,0,0,0,1,0,14,7,3,41.72866727,-87.60448429,POINT (-87.604484288951 41.728667265235)
9149f33c7674447f1a1433c33fa8bcb48ae658ab2371b8a4868545e70fca68cc978d0fcd2c616bfccc4778aeb20c309733d61e14e6606236adbe0b6a3679be26,JF185782,,3/25/2022 7:53,10,NO CONTROLS,NO CONTROLS,RAIN,DAYLIGHT,PARKED MOTOR VEHICLE,PARKING LOT,,STRAIGHT AND LEVEL,WET,NO DEFECTS,ON SCENE,NO INJURY / DRIVE AWAY,,Y,,$500 OR LESS,3/25/2022 8:52,IMPROPER BACKING,IMPROPER LANE USAGE,1140,N,WELLS ST,1823,,,,,,,2,NO INDICATION OF INJURY,0,0,0,0,0,2,0,7,6,3,41.90331113,-87.6346058,POINT (-87.634605802299 41.903311130583)
915acb28c1801b661a7247f85a8a112d2644c31c12f77eeb6cde327f3ccd940b0eeab661f73c87a4ab26fd634cee6bcfe0dc9b1ac5a00a648e36c3a9fdd23cad,JF186298,,3/25/2022 13:30,25,NO CONTROLS,NO CONTROLS,CLOUDY/OVERCAST,DAYLIGHT,REAR END,NOT DIVIDED,,STRAIGHT AND LEVEL,DRY,NO DEFECTS,NOT ON SCENE (DESK REPORT),NO INJURY / DRIVE AWAY,,,,"$501 - $1,500",3/25/2022 15:00,FOLLOWING TOO CLOSELY,DRIVING SKILLS/KNOWLEDGE/EXPERIENCE,2242,W,DEVON AVE,2412,,,,,,,2,NO INDICATION OF INJURY,0,0,0,0,0,2,0,13,6,3,41.99789572,-87.68665868,POINT (-87.68665868063 41.997895714584)
8ccbe2497e5b70b48526136819ad7a244c6dae056560ce8ef510580b3b3a648e70286d92689f688d761ac6010756aa4d16e8ba71772f165fb776dab5539d2958,JF179383,,3/19/2022 13:52,30,TRAFFIC SIGNAL,FUNCTIONING PROPERLY,RAIN,DAYLIGHT,REAR END,NOT DIVIDED,,STRAIGHT AND LEVEL,WET,NO DEFECTS,NOT ON SCENE (DESK REPORT),NO INJURY / DRIVE AWAY,,,,"$501 - $1,500",3/19/2022 14:00,FOLLOWING TOO CLOSELY,FAILING TO REDUCE SPEED TO AVOID CRASH,5600,W,NORTH AVE,2531,,,,,,,2,NO INDICATION OF INJURY,0,0,0,0,0,4,0,13,7,3,41.90948796,-87.76577699,POINT (-87.76577698728 41.909487955523)
ee4a258454adfa847fc8e3828dcefcc890a2e90c48fc137a8bc1dcb1ab2acb01de4274136864e9a210d83ff518f2ed6b0c508fc7ddf750a9e184898a17f68ce3,JF171058,,3/12/2022 1:30,40,NO CONTROLS,NO CONTROLS,CLEAR,"DARKNESS, LIGHTED ROAD",REAR END,DIVIDED - W/MEDIAN BARRIER,,STRAIGHT AND LEVEL,DRY,NO DEFECTS,NOT ON SCENE (DESK REPORT),NO INJURY / DRIVE AWAY,,,,"$501 - $1,500",3/12/2022 2:00,EQUIPMENT - VEHICLE CONDITION,FOLLOWING TOO CLOSELY,4750,S,LAKE SHORE DR NB,222,,,,,,,2,NO INDICATION OF INJURY,0,0,0,0,0,2,0,1,7,3,41.80907991,-87.58809055,POINT (-87.588090548667 41.809079906141)
3c3be6ee1c06730dd09a974f43617d3a620e7b48dc4c128a88c54153e23594d7123f5fb6d989c75011ff880e841c889208834f19bb225c6e2102af43aa02fd44,JF156424,,2/26/2022 6:36,30,TRAFFIC SIGNAL,FUNCTIONING PROPERLY,CLEAR,DUSK,REAR END,NOT DIVIDED,,STRAIGHT AND LEVEL,WET,NO DEFECTS,ON SCENE,INJURY AND / OR TOW DUE TO CRASH,,,,"OVER $1,500",2/26/2022 6:37,UNABLE TO DETERMINE,UNABLE TO DETERMINE,4400,W,BELMONT AVE,1731,,,,,,,2,NO INDICATION OF INJURY,0,0,0,0,0,4,0,6,7,2,41.93907041,-87.7370979,POINT (-87.737097898014 41.939070409301)
50d4733c4291c1db078dac76178622407cd085cf642fc84b873943ced27f2bd10243ad6bc12f597bf0c8fa8608daa0f38f5b55a4ad9edabf5cdd0d12a0f73cd9,JF149583,,2/19/2022 1:23,30,NO CONTROLS,NO CONTROLS,CLEAR,DAYLIGHT,REAR END,NOT DIVIDED,,STRAIGHT AND LEVEL,DRY,NO DEFECTS,ON SCENE,INJURY AND / OR TOW DUE TO CRASH,,,,"OVER $1,500",2/19/2022 14:10,DRIVING SKILLS/KNOWLEDGE/EXPERIENCE,DRIVING SKILLS/KNOWLEDGE/EXPERIENCE,2504,E,71ST ST,334,,,N,,,,2,NO INDICATION OF INJURY,0,0,0,0,0,3,0,1,7,2,,,
859656aa3275972d2b516d2309d977a36e1c392d6dd4ff776f863cd63fba732b1bd6bcc14f37c53ba9e1d99da3e7e55eff689db1a62700f86805b452cfd5dfa9,JF164332,,3/5/2022 14:43,30,NO CONTROLS,NO CONTROLS,CLEAR,DAYLIGHT,PARKED MOTOR VEHICLE,ONE-WAY,,STRAIGHT AND LEVEL,DRY,NO DEFECTS,ON SCENE,NO INJURY / DRIVE AWAY,,,Y,"OVER $1,500",3/5/2022 15:16,UNABLE TO DETERMINE,UNABLE TO DETERMINE,1416,N,RIDGEWAY AVE,2535,,,,,,,3,NO INDICATION OF INJURY,0,0,0,0,0,1,0,14,7,3,41.90686899,-87.72049862,POINT (-87.720498618439 41.906868992724)
85a89182179ed0fa910d2fb2133bbc39645f89439b7b9f92472330e3e82bdd17aeed4d81c4701f22d4e68e832722507eb45a27275cca203e10ffd6eddd7453ae,JF164480,Y,3/5/2022 18:01,20,NO CONTROLS,NO CONTROLS,CLEAR,"DARKNESS, LIGHTED ROAD",PARKED MOTOR VEHICLE,ONE-WAY,,STRAIGHT ON GRADE,DRY,NO DEFECTS,ON SCENE,NO INJURY / DRIVE AWAY,,,Y,$500 OR LESS,3/5/2022 18:06,FAILING TO REDUCE SPEED TO AVOID CRASH,NOT APPLICABLE,6357,N,TALMAN AVE,2413,,,,,,,2,NO INDICATION OF INJURY,0,0,0,0,0,1,0,18,7,3,41.99748433,-87.69583028,POINT (-87.695830275913 41.997484325128)
91a50c583a041e524a0807626ebcc57cc302a97270d1608b828361b00dd986389e86a266b4b5bb2fd11f29804259f97b1c7896e98a40573d1e9bbdd0c02fff2c,JF185724,,3/25/2022 4:45,30,NO CONTROLS,NO CONTROLS,FREEZING RAIN/DRIZZLE,"DARKNESS, LIGHTED ROAD",REAR END,DIVIDED - W/MEDIAN (NOT RAISED),,STRAIGHT AND LEVEL,WET,NO DEFECTS,ON SCENE,INJURY AND / OR TOW DUE TO CRASH,,,Y,"OVER $1,500",3/25/2022 4:56,FOLLOWING TOO CLOSELY,UNABLE TO DETERMINE,4901,W,NORTH AVE,2533,,,,,,,2,NONINCAPACITATING INJURY,1,0,0,1,0,3,0,4,6,3,41.90948219,-87.74869831,POINT (-87.748698310623 41.909482191491)