CRASH_RECORD_ID,RD_NO,CRASH_DATE_EST_I,CRASH_DATE,POSTED_SPEED_LIMIT,TRAFFIC_CONTROL_DEVICE,DEVICE_CONDITION,WEATHER_CONDITION,LIGHTING_CONDITION,FIRST_CRASH_TYPE,TRAFFICWAY_TYPE,LANE_CNT,ALIGNMENT,ROADWAY_SURFACE_COND,ROAD_DEFECT,REPORT_TYPE,CRASH_TYPE,INTERSECTION_RELATED_I,NOT_RIGHT_OF_WAY_I,HIT_AND_RUN_I,DAMAGE,DATE_POLICE_NOTIFIED,PRIM_CONTRIBUTORY_CAUSE,SEC_CONTRIBUTORY_CAUSE,STREET_NO,STREET_DIRECTION,STREET_NAME,BEAT_OF_OCCURRENCE,PHOTOS_TAKEN_I,STATEMENTS_TAKEN_I,DOORING_I,WORK_ZONE_I,WORK_ZONE_TYPE,WORKERS_PRESENT_I,NUM_UNITS,MOST_SEVERE_INJURY,INJURIES_TOTAL,INJURIES_FATAL,INJURIES_INCAPACITATING,INJURIES_NON_INCAPACITATING,INJURIES_REPORTED_NOT_EVIDENT,INJURIES_NO_INDICATION,INJURIES_UNKNOWN,CRASH_HOUR,CRASH_DAY_OF_WEEK,CRASH_MONTH,LATITUDE,LONGITUDE,LOCATION
eeb00d131becf1abde9116141d9142b341f338bd4a9b37f96d4e66d698072c527fae9f5927d24421ca66a0d4b303893bf6958bbc81e37b1b4e77ea417cb72b15,JF171422,,3/12/2022 12:30,30,NO CONTROLS,NO CONTROLS,CLEAR,DAYLIGHT,TURNING,DIVIDED - W/MEDIAN (NOT RAISED),,STRAIGHT AND LEVEL,DRY,NO DEFECTS,ON SCENE,INJURY AND / OR TOW DUE TO CRASH,,,,"OVER $1,500",3/12/2022 12:40,UNABLE TO DETERMINE,UNABLE TO DETERMINE,3600,N,CENTRAL AVE,1633,,,,,,,2,NONINCAPACITATING INJURY,1,0,0,1,0,1,0,12,7,3,41.94591949,-87.76690459,POINT (-87.766904594263 41.945919490555)
ef0010d76ee719b0b588d314e11fe38bcd06daf52f51b46679847541a3d6f8c05a819882cecca6e19de8ce1618c598292bf27a9283deed64206410805679834f,JF171838,,3/12/2022 17:40,30,STOP SIGN/FLASHER,FUNCTIONING PROPERLY,CLEAR,DUSK,SIDESWIPE SAME DIRECTION,NOT DIVIDED,,STRAIGHT AND LEVEL,UNKNOWN,UNKNOWN,NOT ON SCENE (DESK REPORT),NO INJURY / DRIVE AWAY,,,,"OVER $1,500",3/12/2022 17:58,IMPROPER OVERTAKING/PASSING,UNABLE TO DETERMINE,5100,N,SHERIDAN RD,2024,,,,,,,2,NO INDICATION OF INJURY,0,0,0,0,0,3,0,17,7,3,41.9753331,-87.65512984,POINT (-87.655129839509 41.975333097223)
ef349223c004862b7d80f8cd86977b81f0f9ce64a7a71eae89dc52c1f541a380b67eace568aec2c94b27898479816ab8fe04bcad08570158276278f55574b597,JF172009,,3/12/2022 21:57,45,NO CONTROLS,NO CONTROLS,CLEAR,"DARKNESS, LIGHTED ROAD",SIDESWIPE SAME DIRECTION,DIVIDED - W/MEDIAN BARRIER,,STRAIGHT AND LEVEL,DRY,NO DEFECTS,ON SCENE,NO INJURY / DRIVE AWAY,,,Y,"OVER $1,500",3/12/2022 22:01,UNABLE TO DETERMINE,NOT APPLICABLE,3842,S,LAKE SHORE DR SB,212,,,,,,,2,NO INDICATION OF INJURY,0,0,0,0,0,2,0,21,7,3,41.82665238,-87.60160835,POINT (-87.601608349155 41.826652377698)
87159f4294441d32bf896acaa44f0ff7f6a69fc487f230bbc62cbf2e2e39c756057e6b10d9f37b41d05cefb106fbb509a1a03878040828c5183e34ed5143ca13,JF164317,,3/5/2022 13:45,30,NO CONTROLS,NO CONTROLS,CLEAR,DAYLIGHT,PARKED MOTOR VEHICLE,ONE-WAY,,STRAIGHT AND LEVEL,DRY,NO DEFECTS,NOT ON SCENE (DESK REPORT),NO INJURY / DRIVE AWAY,,,,"OVER $1,500",3/5/2022 15:40,IMPROPER TURNING/NO SIGNAL,UNABLE TO DETERMINE,2820,S,WENTWORTH AVE,914,,,,,,,2,NO INDICATION OF INJURY,0,0,0,0,0,1,0,13,7,3,41.84196063,-87.63192409,POINT (-87.631924088626 41.841960624942)
ef90f0033ff7c312cafa75c8d3b3770e6b6ce5f6877c9c415e094dcb62af1b413cce7029eeb2db2d61e20acad0df747899f02994db9f0adb3f65fc387a9c8431,JF171782,,3/12/2022 16:35,30,TRAFFIC SIGNAL,FUNCTIONING PROPERLY,CLEAR,DAYLIGHT,REAR END,DIVIDED - W/MEDIAN BARRIER,,STRAIGHT AND LEVEL,DRY,NO DEFECTS,ON SCENE,NO INJURY / DRIVE AWAY,,,,"OVER $1,500",3/12/2022 17:00,IMPROPER LANE USAGE,UNABLE TO DETERMINE,25,N,MICHIGAN AVE,114,,,,,,,2,NO INDICATION OF INJURY,0,0,0,0,0,4,0,16,7,3,41.8826705,-87.62424154,POINT (-87.624241538569 41.882670496958)
8d32e2fb59b0ec1df26e19f407cf2f8870c855057498e15c3a7396ad7f3707ffa7591796ab5422a10785f66644022e10e02528b62bddefd938dbdda13c87922a,JD472954,,12/29/2020 17:00,30,NO CONTROLS,NO CONTROLS,SNOW,DAYLIGHT,REAR END,NOT DIVIDED,,STRAIGHT AND LEVEL,SNOW OR SLUSH,NO DEFECTS,,NO INJURY / DRIVE AWAY,,,Y,"OVER $1,500",12/29/2020 18:27,UNABLE TO DETERMINE,NOT APPLICABLE,900,W,87TH ST,613,,,,,,,2,NO INDICATION OF INJURY,0,0,0,0,0,3,0,17,3,12,41.73614463,-87.64629861,POINT (-87.646298612641 41.736144632778)
92a461f51cb13de3912572c6c9087d7b65ab625aa41ad1b77d8884261d47f1fbee16884a5ce885374b2066dffe24c516e331f5cc3d877d65180e6132d6800645,JE383007,,9/22/2021 9:30,30,NO CONTROLS,NO CONTROLS,RAIN,DAYLIGHT,SIDESWIPE SAME DIRECTION,NOT DIVIDED,,STRAIGHT AND LEVEL,WET,NO DEFECTS,,NO INJURY / DRIVE AWAY,,,,"$501 - $1,500",9/22/2021 10:00,IMPROPER LANE USAGE,NOT APPLICABLE,3901,N,DAMEN AVE,1922,,,,,,,2,NO INDICATION OF INJURY,0,0,0,0,0,3,0,9,4,9,41.95242545,-87.67855905,POINT (-87.678559046536 41.952425447834)
3ec8cc7d25ae6a5673a21d5a3d19204e81950625ad1de9b5064d42f56fe382305531b710d81283d9da9c04bc735138cfa060646bc533dfd68189c771c18aee69,JF157046,,2/26/2022 16:48,30,TRAFFIC SIGNAL,FUNCTIONING PROPERLY,CLEAR,DAYLIGHT,REAR END,NOT DIVIDED,,STRAIGHT AND LEVEL,DRY,NO DEFECTS,NOT ON SCENE (DESK REPORT),NO INJURY / DRIVE AWAY,,,Y,"$501 - $1,500",2/26/2022 18:30,FOLLOWING TOO CLOSELY,FOLLOWING TOO CLOSELY,1136,W,LAWRENCE AVE,2033,,,,,,,2,NO INDICATION OF INJURY,0,0,0,0,0,2,0,16,7,2,41.96914479,-87.65910172,POINT (-87.659101718929 41.969144793495)
ef95b41d7f39ab1618a18914e944e88df2fff33caca61fa9d7672ba233b34a8c38371f62a07b70ca2022b58c118960d0d3fc49232ce8cb8642a89315468689b8,JF171244,,3/12/2022 9:00,30,TRAFFIC SIGNAL,FUNCTIONING PROPERLY,CLEAR,DAYLIGHT,REAR END,DIVIDED - W/MEDIAN (NOT RAISED),,STRAIGHT AND LEVEL,DRY,NO DEFECTS,NOT ON SCENE (DESK REPORT),NO INJURY / DRIVE AWAY,,,Y,"OVER $1,500",3/12/2022 9:20,FOLLOWING TOO CLOSELY,NOT APPLICABLE,4732,W,79TH ST,834,,,,,,,2,NO INDICATION OF INJURY,0,0,0,0,0,2,0,9,7,3,41.74928806,-87.74021705,POINT (-87.740217047797 41.749288058203)
53002ba983935cbd5fb2d8589ad834327c51d009f885d31d4a261d43beae588418eba831a95f8f554c044581466ef071d169e23578c66aa597ef1a874ca7faf3,JF151745,,2/19/2022 23:00,30,NO CONTROLS,NO CONTROLS,CLEAR,"DARKNESS, LIGHTED ROAD",PARKED MOTOR VEHICLE,NOT DIVIDED,,STRAIGHT AND LEVEL,DRY,NO DEFECTS,NOT ON SCENE (DESK REPORT),NO INJURY / DRIVE AWAY,,,Y,"$501 - $1,500",2/21/2022 18:10,NOT APPLICABLE,NOT APPLICABLE,2447,N,CENTRAL AVE,2515,,,,,,,2,NO INDICATION OF INJURY,0,0,0,0,0,1,0,23,7,2,41.92537654,-87.76589334,POINT (-87.765893341008 41.925376539744)
887c4f70ab903e410885f35b58670447c45c681b1bd8cb48fd408a708e8f747876c7a2fa0756bf72669c17f267c8de06f613ae270c077d239a02c4aad9b43f5e,JD101598,,12/30/2019 10:45,20,NO CONTROLS,NO CONTROLS,SNOW,DAYLIGHT,PARKED MOTOR VEHICLE,ONE-WAY,,STRAIGHT AND LEVEL,SNOW OR SLUSH,NO DEFECTS,,NO INJURY / DRIVE AWAY,,,,"OVER $1,500",1/2/2020 12:25,UNABLE TO DETERMINE,UNABLE TO DETERMINE,3165,W,ARTHUR AVE,2412,,,,,,,2,NO INDICATION OF INJURY,0,0,0,0,0,1,0,10,2,12,41.99910389,-87.70930268,POINT (-87.709302679545 41.999103884951)
88f149cfdf6b676cf6895def9ccd0b683d3fd87ebf72528fdfea9004b9914c9dcf4c27658dab6ef8ccdc66bc334cd2c4de9c948e51fcfccc5b99c76ef4911891,JF164595,,3/5/2022 20:53,30,NO CONTROLS,NO CONTROLS,RAIN,"DARKNESS, LIGHTED ROAD",FIXED OBJECT,DIVIDED - W/MEDIAN BARRIER,,STRAIGHT AND LEVEL,WET,NO DEFECTS,ON SCENE,INJURY AND / OR TOW DUE TO CRASH,,,,"OVER $1,500",3/5/2022 21:00,WEATHER,FAILING TO REDUCE SPEED TO AVOID CRASH,300,W,ROOSEVELT RD,124,,,,,,,1,NONINCAPACITATING INJURY,1,0,0,1,0,1,0,20,7,3,41.86742412,-87.63476485,POINT (-87.634764845439 41.867424120223)
532726e2fb09229badf10a279305f15bcdd4fb5a6b43c0c6094a818dcc8dd3e51d1b819244d35e41d1d70393f50828d27552fa146caac1616232a7a4bd6afe96,JF149604,,2/19/2022 14:40,30,TRAFFIC SIGNAL,UNKNOWN,CLEAR,DAYLIGHT,PEDESTRIAN,NOT DIVIDED,,STRAIGHT AND LEVEL,UNKNOWN,UNKNOWN,ON SCENE,INJURY AND / OR TOW DUE TO CRASH,,,,$500 OR LESS,2/19/2022 15:15,FAILING TO YIELD RIGHT-OF-WAY,FAILING TO YIELD RIGHT-OF-WAY,1630,W,FULLERTON AVE,1931,,,,,,,2,INCAPACITATING INJURY,1,0,1,0,0,1,0,14,7,2,41.92524665,-87.6692521,POINT (-87.669252097327 41.925246648779)
f07b8aee4493d3522f12b7d813561b7e213e66d4d6e8d0a7e62a4919ad2e87664b59094804f1dc9df5cc1c9bb4e5a12041f41fae4154bc24d318980f3db6b708,JF171892,,3/12/2022 16:15,30,TRAFFIC SIGNAL,FUNCTIONING PROPERLY,CLEAR,DAYLIGHT,TURNING,FOUR WAY,,STRAIGHT AND LEVEL,DRY,NO DEFECTS,NOT ON SCENE (DESK REPORT),NO INJURY / DRIVE AWAY,Y,,N,"OVER $1,500",3/12/2022 19:10,UNABLE TO DETERMINE,UNABLE TO DETERMINE,4800,S,DAMEN AVE,931,,,,,,,2,NO INDICATION OF INJURY,0,0,0,0,0,3,0,16,7,3,41.80659375,-87.67478564,POINT (-87.674785643758 41.806593753387)
8f1ae428c5ce73dca11ca5cbbf95be7612a978bad1564618f277b8045ce87d38a4331df482a98e10b12a1729945dd927571c2cb03a4ff2112f16a982b0a9ff86,JF179846,,3/19/2022 13:30,30,NO CONTROLS,NO CONTROLS,RAIN,DAYLIGHT,PARKED MOTOR VEHICLE,ONE-WAY,,STRAIGHT AND LEVEL,WET,NO DEFECTS,NOT ON SCENE (DESK REPORT),NO INJURY / DRIVE AWAY,,,Y,"$501 - $1,500",3/19/2022 22:00,UNABLE TO DETERMINE,NOT APPLICABLE,6366,N,HERMITAGE AVE,2433,,,,,,,2,NO INDICATION OF INJURY,0,0,0,0,0,1,0,13,7,3,41.99756371,-87.67364526,POINT (-87.673645261944 41.997563707777)
8e545d88be35ec5a91b078ef5c19594192c3a2776428b67838ef846db94fd5cd7a7c84d45be9a8741bec5254533ff8e9010e69df337d7941eb5eaac2bbe610d1,JD459922,Y,12/15/2020 14:00,30,STOP SIGN/FLASHER,FUNCTIONING PROPERLY,CLEAR,DAYLIGHT,TURNING,FOUR WAY,,STRAIGHT ON GRADE,DRY,NO DEFECTS,,INJURY AND / OR TOW DUE TO CRASH,,,Y,"$501 - $1,500",12/15/2020 15:40,UNABLE TO DETERMINE,UNABLE TO DETERMINE,7359,S,LOWE AVE,732,,,,,,,2,"REPORTED, NOT EVIDENT",2,0,0,0,2,2,0,14,3,12,41.75989357,-87.64047522,POINT (-87.640475220103 41.759893571011)
941251897184e345d74871df20cc2f1ad3fac87d2b72df0ac13e380c6e79220f2d1365939664703f873266f1ac335188e59763b5e9745475a502db8283aa7a93,JE210516,,4/24/2021 13:00,30,NO CONTROLS,NO CONTROLS,CLEAR,DAYLIGHT,PARKED MOTOR VEHICLE,NOT DIVIDED,,STRAIGHT AND LEVEL,DRY,NO DEFECTS,,NO INJURY / DRIVE AWAY,,,Y,"OVER $1,500",4/26/2021 12:30,UNABLE TO DETERMINE,UNABLE TO DETERMINE,6935,S,WASHTENAW AVE,831,,,,,,,2,NO INDICATION OF INJURY,0,0,0,0,0,1,0,13,7,4,41.76716858,-87.69050076,POINT (-87.690500762816 41.767168574683)
401a4eb8a1be74e6ea431188d72fcc11150db30b4e9f3d92e477a0a774fad5ae4d9a7cb177a8d94b59927da512a3f14ff9b51635a39d76a9ff70c5a9641e3d9f,JE373325,,9/11/2021 17:45,10,NO CONTROLS,NO CONTROLS,UNKNOWN,UNKNOWN,PEDESTRIAN,OTHER,,STRAIGHT AND LEVEL,UNKNOWN,UNKNOWN,,INJURY AND / OR TOW DUE TO CRASH,,,Y,"$501 - $1,500",9/14/2021 14:30,FAILING TO YIELD RIGHT-OF-WAY,NOT APPLICABLE,300,N,CENTRAL PARK AVE,1123,,,,,,,2,NONINCAPACITATING INJURY,1,0,0,1,0,4,0,17,7,9,41.88633641,-87.71620313,POINT (-87.716203130599 41.886336409761)
402325ea85ec2e6c27756dcad883ec22ebb0f79216c2cbdecd4db62b348d8d99638988a9101314558c74344c1d25ddd7f4b3f241f24b39cf26f1d4a192333958,JD462461,Y,12/17/2020 9:45,20,NO CONTROLS,NO CONTROLS,UNKNOWN,"DARKNESS, LIGHTED ROAD",PARKED MOTOR VEHICLE,ONE-WAY,,STRAIGHT AND LEVEL,UNKNOWN,NO DEFECTS,,INJURY AND / OR TOW DUE TO CRASH,,,Y,"OVER $1,500",12/18/2020 11:49,FOLLOWING TOO CLOSELY,NOT APPLICABLE,4644,N,DOVER ST,1913,,,,,,,3,NO INDICATION OF INJURY,0,0,0,0,0,1,0,9,5,12,41.966599,-87.66585513,POINT (-87.665855130979 41.966599004137)
404d356147b7c2ae25b3c52bd0c4e8a04381c9dae2cbba917b4bcf94e18dda27d9cc11557b806dd019f7e0a860fab32a9cfec2286e0476e9eb213c70a435a3a9,JD207091,,4/11/2020 18:08,15,NO CONTROLS,NO CONTROLS,CLEAR,DAYLIGHT,REAR TO REAR,PARKING LOT,,STRAIGHT AND LEVEL,UNKNOWN,UNKNOWN,,INJURY AND / OR TOW DUE TO CRASH,,,Y,"OVER $1,500",4/11/2020 18:08,IMPROPER BACKING,NOT APPLICABLE,3125,W,ADDISON ST,1733,,,,,,,2,NO INDICATION OF INJURY,0,0,0,0,0,2,0,18,7,4,41.9465308,-87.70644852,POINT (-87.706448524009 41.946530798506)
537ee4e0daaee2cf0b4ffcb697c8d595b484e74304c6434a9b31fccb0c54bffdad9b5f72a52c2035cc9adac5af71ae54dc04282d1d7176c6c63b591dc1707f14,JD434067,,11/17/2020 14:05,35,NO CONTROLS,NO CONTROLS,CLEAR,DAYLIGHT,SIDESWIPE SAME DIRECTION,DIVIDED - W/MEDIAN BARRIER,,STRAIGHT AND LEVEL,DRY,NO DEFECTS,,INJURY AND / OR TOW DUE TO CRASH,,,,"OVER $1,500",11/17/2020 14:05,IMPROPER OVERTAKING/PASSING,NOT APPLICABLE,2912,W,79TH ST,835,,,,,,,2,NONINCAPACITATING INJURY,1,0,0,1,0,1,0,14,3,11,41.75002641,-87.69639982,POINT (-87.696399816732 41.750026410175)
94f45fd49fedd31660119de2352c38e64701e7866f82c082d8acc3138b203fd5253202d0119edc5324ab76d52b8775fd0eecb4b9449adc682c098af06834089f,JF186297,,3/25/2022 14:30,30,TRAFFIC SIGNAL,FUNCTIONING PROPERLY,CLEAR,DAYLIGHT,SIDESWIPE SAME DIRECTION,NOT DIVIDED,,STRAIGHT AND LEVEL,DRY,NO DEFECTS,ON SCENE,NO INJURY / DRIVE AWAY,,,,"$501 - $1,500",3/25/2022 14:46,EQUIPMENT - VEHICLE CONDITION,UNABLE TO DETERMINE,6145,N,ELSTON AVE,1611,,,,,,,2,NO INDICATION OF INJURY,0,0,0,0,0,2,0,14,6,3,41.99248843,-87.78250856,POINT (-87.782508555415 41.992488428525)
409ea0d6341cc07eb4fdb9979a09f3c4f162e9cd59dd790a5999e26bca47751013d3e3aa58ad5d5efb0501a3297a01b471c7c97c5a1975e3fb366abbd3fc4246,JF156659,Y,2/26/2022 0:01,30,NO CONTROLS,NO CONTROLS,UNKNOWN,UNKNOWN,PARKED MOTOR VEHICLE,ONE-WAY,,STRAIGHT AND LEVEL,UNKNOWN,UNKNOWN,ON SCENE,NO INJURY / DRIVE AWAY,,,Y,"OVER $1,500",2/26/2022 11:50,UNABLE TO DETERMINE,NOT APPLICABLE,4816,N,NEW ENGLAND AVE,1613,,,,,,,2,NO INDICATION OF INJURY,0,0,0,0,0,1,0,0,7,2,41.96889828,-87.79905743,POINT (-87.799057432466 41.968898275787)
95feddf8363a67b3c6df4d5687dab055ef70aeb5743a81113557184b31a27ded05b630f1d87d96459e1edd56dd23c3a5c3d533bb76d654497f59714e88db125c,JF186587,,3/25/2022 17:30,30,TRAFFIC SIGNAL,FUNCTIONING PROPERLY,CLEAR,DAYLIGHT,ANGLE,DIVIDED - W/MEDIAN (NOT RAISED),,STRAIGHT AND LEVEL,UNKNOWN,UNKNOWN,NOT ON SCENE (DESK REPORT),NO INJURY / DRIVE AWAY,Y,,,"OVER $1,500",3/25/2022 19:00,UNABLE TO DETERMINE,NOT APPLICABLE,2800,W,IRVING PARK RD,1724,,,,,,,2,NO INDICATION OF INJURY,0,0,0,0,0,2,0,17,6,3,41.95408332,-87.69830277,POINT (-87.69830277007 41.954083317715)
f1d7894c5eb3a2906c82de39ee0d232a4ce77690333d530c3271cd8df3767ed2d4f3b58215067382f1b0b624bdc75ebd8bb84477da881c74a942b330089fd113,JF172055,,3/12/2022 22:08,30,TRAFFIC SIGNAL,FUNCTIONING PROPERLY,CLEAR,DARKNESS,REAR END,DIVIDED - W/MEDIAN (NOT RAISED),,STRAIGHT AND LEVEL,DRY,NO DEFECTS,NOT ON SCENE (DESK REPORT),NO INJURY / DRIVE AWAY,,,Y,"OVER $1,500",3/12/2022 22:10,FOLLOWING TOO CLOSELY,FAILING TO REDUCE SPEED TO AVOID CRASH,2710,W,51ST ST,923,,N,,,,,2,NO INDICATION OF INJURY,0,0,0,0,0,2,0,22,7,3,41.80113081,-87.69208102,POINT (-87.692081017068 41.801130814463)
412a681f7af071ec5ece2a15039b87c302fbc8fe1cdaf08dbe6ffa41914f75a71f3dbccf54393a24ea45e201cb5a3337cde326a2b8abcf30d2e7d58de0dd4d52,JF156739,,2/26/2022 13:30,30,STOP SIGN/FLASHER,FUNCTIONING PROPERLY,CLEAR,DAYLIGHT,TURNING,FOUR WAY,,STRAIGHT AND LEVEL,DRY,NO DEFECTS,NOT ON SCENE (DESK REPORT),NO INJURY / DRIVE AWAY,Y,,,"OVER $1,500",2/26/2022 13:45,UNABLE TO DETERMINE,UNABLE TO DETERMINE,4200,N,HAMLIN AVE,1723,,,,,,,2,NO INDICATION OF INJURY,0,0,0,0,0,6,0,13,7,2,41.95745307,-87.72297003,POINT (-87.722970034212 41.957453070857)
94f092fe5b834b160c069256ffd4dab7c2af675ad7614cb52658520dae0e89d3d41ffa5ad6b8d8157ce2674b28717764ff51b53d85d9a059361515e36efa0ede,JC508062,,11/12/2019 16:10,30,TRAFFIC SIGNAL,UNKNOWN,CLEAR,DARKNESS,REAR END,NOT DIVIDED,,STRAIGHT AND LEVEL,DRY,UNKNOWN,,NO INJURY / DRIVE AWAY,,,Y,"OVER $1,500",11/12/2019 17:38,UNABLE TO DETERMINE,UNABLE TO DETERMINE,8600,S,PULASKI RD,834,,,,,,,2,NO INDICATION OF INJURY,0,0,0,0,0,2,0,16,3,11,41.73662828,-87.72164008,POINT (-87.721640082906 41.736628283167)
f211c6b5bbc76b9167d8afbf4ae6fe0cf9860694aa75f290175a354a0ddf2755e271310baed80b25686170c4b211ab88cc461be272f38c7161141756e4160992,JF171231,,3/12/2022 8:45,30,TRAFFIC SIGNAL,FUNCTIONING PROPERLY,CLEAR,DAYLIGHT,TURNING,OTHER,,STRAIGHT AND LEVEL,DRY,NO DEFECTS,NOT ON SCENE (DESK REPORT),NO INJURY / DRIVE AWAY,Y,,Y,"$501 - $1,500",3/12/2022 9:15,DRIVING SKILLS/KNOWLEDGE/EXPERIENCE,UNABLE TO DETERMINE,100,E,ROOSEVELT RD,114,,,,,,,2,NO INDICATION OF INJURY,0,0,0,0,0,2,0,8,7,3,41.86756654,-87.62409418,POINT (-87.624094174802 41.867566540607)
41ae5bb782bf395e861160a30cf9b07f339609705b3bfde07e08e18149ae766fc99936364fe7eceb7577ac2b6ed4a7890dae1a53377fbd4bcd9d3efb7da679b6,JF156708,,2/26/2022 11:10,10,NO CONTROLS,NO CONTROLS,CLEAR,DAYLIGHT,REAR END,OTHER,,STRAIGHT AND LEVEL,DRY,NO DEFECTS,NOT ON SCENE (DESK REPORT),NO INJURY / DRIVE AWAY,,,,"$501 - $1,500",2/26/2022 13:00,IMPROPER BACKING,IMPROPER BACKING,3900,S,WALLACE ST,925,,,,,,,2,NO INDICATION OF INJURY,0,0,0,0,0,2,0,11,7,2,41.82343237,-87.64120789,POINT (-87.641207888873 41.823432370008)
56e4999c3f5cdc846eca2260bdc3c812cce1e5a348c022a2af0e88a073f7ab4b105d2d612dab4111282921b47ab630efc38b1e4dd3d95f493a1d4ebaeb119adc,JF149148,,2/19/2022 2:14,30,NO CONTROLS,NO CONTROLS,CLEAR,"DARKNESS, LIGHTED ROAD",REAR TO FRONT,NOT DIVIDED,,STRAIGHT AND LEVEL,WET,NO DEFECTS,ON SCENE,NO INJURY / DRIVE AWAY,,,Y,"OVER $1,500",2/19/2022 2:16,IMPROPER BACKING,NOT APPLICABLE,5616,W,DIVERSEY AVE,2514,,,,,,,2,NO INDICATION OF INJURY,0,0,0,0,0,4,0,2,7,2,41.93137409,-87.76703856,POINT (-87.767038556602 41.931374091846)
8f99e8e21518dd6d40ea5747ceddc7196eecd8602acae2fc5ab24a13e62321bf593bba6ce0d36d4d1fbc663c2f18d3554dcbbdfdafffb86bd9fe7776a248c2f0,JE311932,Y,7/23/2021 22:52,30,NO CONTROLS,NO CONTROLS,CLEAR,"DARKNESS, LIGHTED ROAD",HEAD ON,DIVIDED - W/MEDIAN (NOT RAISED),,STRAIGHT AND LEVEL,DRY,NO DEFECTS,,INJURY AND / OR TOW DUE TO CRASH,,,,"OVER $1,500",7/23/2021 22:52,UNDER THE INFLUENCE OF ALCOHOL/DRUGS (USE WHEN ARREST IS EFFECTED),FAILING TO REDUCE SPEED TO AVOID CRASH,532,W,59TH ST,711,Y,Y,,,,,2,FATAL,3,1,0,2,0,1,0,22,6,7,41.78724155,-87.6387639,POINT (-87.638763895468 41.787241551952)
8fa7e45337a763918098c6bb71e163f8fb9b7fc2fbc278f20aac4318bb6c1e4afa59e890f48f611c184d0664485bad0d7f1195cefed058d631579b05fcc82eb9,JE401861,,10/7/2021 18:21,30,NO CONTROLS,NO CONTROLS,RAIN,DAYLIGHT,PARKED MOTOR VEHICLE,NOT DIVIDED,,STRAIGHT AND LEVEL,WET,NO DEFECTS,,INJURY AND / OR TOW DUE TO CRASH,,,Y,"OVER $1,500",10/7/2021 18:21,UNABLE TO DETERMINE,FAILING TO REDUCE SPEED TO AVOID CRASH,9529,S,COLFAX AVE,431,,,,,,,3,NO INDICATION OF INJURY,0,0,0,0,0,1,0,18,5,10,41.72173202,-87.56055255,POINT (-87.5605525497 41.721732016209)
90167f47790af580da82a274ebd421f3e74ffa0391d302bb636b93c3e585e39b2c90ef9657d8389d09260e0f93c9d733e360e103e65fbdbad4c30f382d79fa1d,JE173477,,3/19/2021 15:11,30,TRAFFIC SIGNAL,FUNCTIONING PROPERLY,CLEAR,DAYLIGHT,PARKED MOTOR VEHICLE,DIVIDED - W/MEDIAN BARRIER,,STRAIGHT AND LEVEL,DRY,NO DEFECTS,,INJURY AND / OR TOW DUE TO CRASH,,,,"OVER $1,500",3/19/2021 15:11,UNABLE TO DETERMINE,NOT APPLICABLE,3451,S,WESTERN BLVD,912,,,,,,,2,NO INDICATION OF INJURY,0,0,0,0,0,2,0,15,6,3,41.83059726,-87.68432023,POINT (-87.684320226978 41.830597255294)
907459238233579f9870103f066f0ea9fdb19bfbdab30b8bab0589c429fbe77e6ded7d58b2d1ad542b891c5ca7fcabd2ec83d136ad840082e13cb163d6a336c0,JF179163,,3/19/2022 9:55,30,NO CONTROLS,NO CONTROLS,CLOUDY/OVERCAST,DAYLIGHT,TURNING,ALLEY,,STRAIGHT AND LEVEL,DRY,NO DEFECTS,,NO INJURY / DRIVE AWAY,,,,"OVER $1,500",3/19/2022 10:18,UNABLE TO DETERMINE,NOT APPLICABLE,2399,W,POLK ST,1225,,,,,,,2,NO INDICATION OF INJURY,0,0,0,0,0,2,0,9,7,3,41.87121976,-87.68610523,POINT (-87.686105226109 41.871219754775)
58180d8989cb23426733a60df2e9464a9c65a79b53c283f0a0175de5028050a87892297e0932472b17df977618dd9df446ae2c947ea90784feacc04732f606e8,JF149474,,2/19/2022 12:20,35,NO CONTROLS,NO CONTROLS,CLEAR,DAYLIGHT,SIDESWIPE SAME DIRECTION,NOT DIVIDED,,STRAIGHT AND LEVEL,WET,UNKNOWN,ON SCENE,INJURY AND / OR TOW DUE TO CRASH,,,,"OVER $1,500",2/19/2022 12:24,UNABLE TO DETERMINE,UNABLE TO DETERMINE,6949,S,PULASKI RD,833,,,,,,,2,NONINCAPACITATING INJURY,1,0,0,1,0,2,0,12,7,2,41.76628566,-87.72230263,POINT (-87.722302629199 41.766285662756)
f30ea0748a0a8ad4edf49e14ef12d5ef3b1aab095c326d00169f76966c3a311c976aecb7f4b831fb862c698c1c75bd9a3cd86bd767bca437eeb85f78b0d5a7dd,JF171436,,3/12/2022 12:00,30,TRAFFIC SIGNAL,FUNCTIONING PROPERLY,CLEAR,DAYLIGHT,REAR END,NOT DIVIDED,,STRAIGHT AND LEVEL,DRY,NO DEFECTS,NOT ON SCENE (DESK REPORT),NO INJURY / DRIVE AWAY,Y,,,"OVER $1,500",3/12/2022 12:50,IMPROPER OVERTAKING/PASSING,NOT APPLICABLE,2604,N,ASHLAND AVE,1931,Y,,,,,,2,NO INDICATION OF INJURY,0,0,0,0,0,2,0,12,7,3,41.92897276,-87.66842621,POINT (-87.668426210694 41.928972760641)