CRASH_RECORD_ID,RD_NO,CRASH_DATE_EST_I,CRASH_DATE,POSTED_SPEED_LIMIT,TRAFFIC_CONTROL_DEVICE,DEVICE_CONDITION,WEATHER_CONDITION,LIGHTING_CONDITION,FIRST_CRASH_TYPE,TRAFFICWAY_TYPE,LANE_CNT,ALIGNMENT,ROADWAY_SURFACE_COND,ROAD_DEFECT,REPORT_TYPE,CRASH_TYPE,INTERSECTION_RELATED_I,NOT_RIGHT_OF_WAY_I,HIT_AND_RUN_I,DAMAGE,DATE_POLICE_NOTIFIED,PRIM_CONTRIBUTORY_CAUSE,SEC_CONTRIBUTORY_CAUSE,STREET_NO,STREET_DIRECTION,STREET_NAME,BEAT_OF_OCCURRENCE,PHOTOS_TAKEN_I,STATEMENTS_TAKEN_I,DOORING_I,WORK_ZONE_I,WORK_ZONE_TYPE,WORKERS_PRESENT_I,NUM_UNITS,MOST_SEVERE_INJURY,INJURIES_TOTAL,INJURIES_FATAL,INJURIES_INCAPACITATING,INJURIES_NON_INCAPACITATING,INJURIES_REPORTED_NOT_EVIDENT,INJURIES_NO_INDICATION,INJURIES_UNKNOWN,CRASH_HOUR,CRASH_DAY_OF_WEEK,CRASH_MONTH,LATITUDE,LONGITUDE,LOCATION
58585dad3028dcf4f551713263ccea14afbbb05ceca8275772902e11848ac36457a6ddaca3f5c0ae085ce00071b4f846455bc61f1ae14495f8365435e6062708,JF150047,,2/19/2022 23:40,30,NO CONTROLS,NO CONTROLS,CLEAR,"DARKNESS, LIGHTED ROAD",FIXED OBJECT,PARKING LOT,,STRAIGHT AND LEVEL,WET,UNKNOWN,ON SCENE,NO INJURY / DRIVE AWAY,,Y,,"$501 - $1,500",2/19/2022 23:46,WEATHER,WEATHER,6125,N,MILWAUKEE AVE,1611,,,,,,,1,NO INDICATION OF INJURY,0,0,0,0,0,1,0,23,7,2,41.99287544,-87.78352149,POINT (-87.783521484588 41.992875442761)
586f170d63c7ed948f890d3de8aa286aef728feb16f2983bceca3683b7ab5a863d928c52fe2597f1e7319124aa21cb67ffa5110ae4fc3ef1362278b391584f40,JF150245,Y,2/19/2022 10:00,10,NO CONTROLS,NO CONTROLS,CLEAR,DAYLIGHT,PARKED MOTOR VEHICLE,PARKING LOT,,STRAIGHT AND LEVEL,SNOW OR SLUSH,NO DEFECTS,NOT ON SCENE (DESK REPORT),NO INJURY / DRIVE AWAY,,,Y,"$501 - $1,500",2/20/2022 9:30,UNABLE TO DETERMINE,UNABLE TO DETERMINE,4137,N,ELSTON AVE,1723,,,,,,,2,NO INDICATION OF INJURY,0,0,0,0,0,1,0,10,7,2,41.9561262,-87.72248283,POINT (-87.722482826292 41.956126201479)
f369a6840e6b344b0f40708388e2d87afa500301bafe40761ac8c00ac8bbb41c4524d00f41d00dad4cff3562a3f0e3b31c15594691f33203471551ae5d01699d,JF171212,,3/12/2022 8:16,30,STOP SIGN/FLASHER,FUNCTIONING PROPERLY,CLEAR,DAYLIGHT,ANGLE,T-INTERSECTION,,STRAIGHT AND LEVEL,DRY,NO DEFECTS,ON SCENE,INJURY AND / OR TOW DUE TO CRASH,Y,,,"OVER $1,500",3/12/2022 8:17,DRIVING SKILLS/KNOWLEDGE/EXPERIENCE,DRIVING SKILLS/KNOWLEDGE/EXPERIENCE,3232,N,AUSTIN AVE,1633,,,,,,,2,NO INDICATION OF INJURY,0,0,0,0,0,3,0,8,7,3,41.93946497,-87.7764018,POINT (-87.776401798007 41.939464966136)
924df7d7fb972933383feee6363df42c1a0106b6d220ee81f19c6a838f4c4a49e1b6276a2e6e22740bccd1c3020b98184bacdf2103c397d7069da4d9b247ebc5,JF179086,,3/19/2022 8:36,30,STOP SIGN/FLASHER,FUNCTIONING PROPERLY,RAIN,DAYLIGHT,TURNING,DIVIDED - W/MEDIAN (NOT RAISED),,STRAIGHT AND LEVEL,WET,UNKNOWN,ON SCENE,INJURY AND / OR TOW DUE TO CRASH,Y,,,"OVER $1,500",3/19/2022 8:37,UNABLE TO DETERMINE,UNABLE TO DETERMINE,5529,S,PULASKI RD,822,,,,,,,2,NONINCAPACITATING INJURY,3,0,0,3,0,0,0,8,7,3,41.79233004,-87.72298623,POINT (-87.722986230219 41.792330039883)
f4522bf639088733546e24788ce059e6836fb62fedeb7a13f3d7cfff1008f2b22bdbb382ff8faf5ab74d0b1cb1c1a12fc2253e9e0b0d1c01c8576a94b9511484,JF172127,,3/12/2022 23:01,30,OTHER REG. SIGN,FUNCTIONING PROPERLY,CLEAR,"DARKNESS, LIGHTED ROAD",ANGLE,FOUR WAY,,STRAIGHT AND LEVEL,DRY,NO DEFECTS,NOT ON SCENE (DESK REPORT),NO INJURY / DRIVE AWAY,Y,,Y,"OVER $1,500",3/13/2022 1:40,UNABLE TO DETERMINE,DISREGARDING TRAFFIC SIGNALS,7600,S,STONY ISLAND AVE,411,,,,,,,2,NO INDICATION OF INJURY,0,0,0,0,0,2,0,23,7,3,41.75689717,-87.58623429,POINT (-87.58623428507 41.756897172602)
43525882a3295804a465d2b6559bad87897403ce79c554dab2494fa0903d17fc7cc5db3288a56c63889186b2f235a8691ed30fe388f685985f08debff4f1dccb,JF156840,,2/26/2022 14:00,30,NO CONTROLS,NO CONTROLS,CLEAR,DAYLIGHT,TURNING,NOT DIVIDED,,STRAIGHT AND LEVEL,WET,NO DEFECTS,NOT ON SCENE (DESK REPORT),NO INJURY / DRIVE AWAY,,,Y,$500 OR LESS,2/26/2022 15:00,IMPROPER TURNING/NO SIGNAL,NOT APPLICABLE,1249,W,DIVERSEY PKWY,1932,,,,,,,2,NO INDICATION OF INJURY,0,0,0,0,0,2,0,14,7,2,41.93241601,-87.66064586,POINT (-87.660645861611 41.93241601419)
594b3640071efba999de4c30f9eac841e23e33b6c3bdb03875f98ebcf8e177d13874e03695f59305540e8ba97abdcd02b08a839a34d5ce2bedd7f4feb647e4d1,JF151695,,2/19/2022 12:00,30,NO CONTROLS,NO CONTROLS,CLEAR,DAYLIGHT,FIXED OBJECT,ONE-WAY,,STRAIGHT AND LEVEL,UNKNOWN,"RUT, HOLES",NOT ON SCENE (DESK REPORT),NO INJURY / DRIVE AWAY,,,,"OVER $1,500",2/21/2022 17:10,ROAD ENGINEERING/SURFACE/MARKING DEFECTS,UNABLE TO DETERMINE,4057,W,47TH ST,815,N,,,,,,1,NO INDICATION OF INJURY,0,0,0,0,0,1,0,12,7,2,41.80773331,-87.72587588,POINT (-87.725875883696 41.80773331076)
8e855f195d5d505c340e2a0faea289affaa26972233306d7effee9c9032e4ed0b722d246c120a45e8cf82ab0005c12949a2087988fd34db7cf487a99c54e5a2f,JF163776,,3/5/2022 1:30,45,NO CONTROLS,NO CONTROLS,CLEAR,"DARKNESS, LIGHTED ROAD",REAR TO FRONT,DIVIDED - W/MEDIAN (NOT RAISED),,STRAIGHT AND LEVEL,DRY,NO DEFECTS,NOT ON SCENE (DESK REPORT),NO INJURY / DRIVE AWAY,,,Y,"OVER $1,500",3/5/2022 2:07,IMPROPER BACKING,UNABLE TO DETERMINE,5700,S,LAKE SHORE DR,331,,,,,,,2,NO INDICATION OF INJURY,0,0,0,0,0,5,0,1,7,3,41.79142028,-87.58014777,POINT (-87.580147768689 41.791420282098)
93b2e6372bd2b65ae18a9b5b13d55c8c56fee4581b474f25eaa8c52ba2b914beb6d3ed7fb12c782a5b594ddf07f557cf29d883a7ded42c169dcd113bc76e7764,JF179754,,3/19/2022 20:00,30,NO CONTROLS,NO CONTROLS,CLOUDY/OVERCAST,"DARKNESS, LIGHTED ROAD",REAR END,DIVIDED - W/MEDIAN (NOT RAISED),,STRAIGHT AND LEVEL,UNKNOWN,UNKNOWN,NOT ON SCENE (DESK REPORT),NO INJURY / DRIVE AWAY,,,Y,"OVER $1,500",3/19/2022 20:45,UNABLE TO DETERMINE,UNABLE TO DETERMINE,1859,N,CENTRAL AVE,2532,,,,,,,2,NO INDICATION OF INJURY,0,0,0,0,0,2,0,20,7,3,41.9147846,-87.76539686,POINT (-87.765396857557 41.914784599646)
9993c3b34369c82eb60391b1db383218c82ebc8e3f34a7ff23067f54877916c75d7c6caf5d086245aaba58d8e0c363c2153172467b5159d3bffad2ddf6d297e9,JF186023,,3/25/2022 10:30,15,NO CONTROLS,NO CONTROLS,CLEAR,DAYLIGHT,PEDESTRIAN,OTHER,,STRAIGHT AND LEVEL,DRY,NO DEFECTS,ON SCENE,INJURY AND / OR TOW DUE TO CRASH,,Y,,"OVER $1,500",3/25/2022 10:40,IMPROPER BACKING,NOT APPLICABLE,4201,S,ASHLAND AVE,924,,,,,,,2,INCAPACITATING INJURY,1,0,1,0,0,1,0,10,6,3,41.81768373,-87.6650402,POINT (-87.665040200043 41.817683733038)
9276db199f60affa01b67773245b60248c2d0450932d09b10065ade926271d1a5180f1dd252fa705edbf1bf68d37dc3fa7f2ade5849c73dc5bb7ff839447c824,JE431316,,11/2/2021 11:13,30,NO CONTROLS,NO CONTROLS,CLEAR,DAYLIGHT,PEDESTRIAN,DRIVEWAY,,STRAIGHT AND LEVEL,DRY,NO DEFECTS,,INJURY AND / OR TOW DUE TO CRASH,,Y,,$500 OR LESS,11/2/2021 11:13,UNABLE TO DETERMINE,NOT APPLICABLE,10325,S,COMMERCIAL AVE,431,,,,,,,2,FATAL,1,1,0,0,0,1,0,11,3,11,41.70745778,-87.55345421,POINT (-87.553454209314 41.707457774656)
998eacace326ffa5c84f5165f6d29aef77beb30a48dbf22cc115923c2b281e83d6095f892c43abf3008b3bfde06544b4ef18b5fb4e638ece8e84afff34ea3594,JD275265,,6/24/2020 20:24,30,STOP SIGN/FLASHER,NO CONTROLS,CLEAR,"DARKNESS, LIGHTED ROAD",ANGLE,NOT DIVIDED,,STRAIGHT AND LEVEL,DRY,NO DEFECTS,,NO INJURY / DRIVE AWAY,,,,"OVER $1,500",6/24/2020 21:11,FAILING TO YIELD RIGHT-OF-WAY,NOT APPLICABLE,6800,W,WABANSIA AVE,2513,,,,,,,2,NO INDICATION OF INJURY,0,0,0,0,0,4,0,20,4,6,41.91094799,-87.79490807,POINT (-87.794908073021 41.91094798501)
8f4490927d563b2fbb8239e82ce4f45d58a157c0aef305c9eed28f505e022282ad6283f88357b8635964f211ffc4ee74b8ab401847bfd4e6b4b036c23d98bebe,JF164199,,3/5/2022 11:45,30,STOP SIGN/FLASHER,FUNCTIONING PROPERLY,CLEAR,DAYLIGHT,REAR END,ONE-WAY,,STRAIGHT AND LEVEL,DRY,NO DEFECTS,NOT ON SCENE (DESK REPORT),NO INJURY / DRIVE AWAY,,,Y,"OVER $1,500",3/5/2022 13:45,UNABLE TO DETERMINE,UNABLE TO DETERMINE,3531,N,HAMLIN AVE,1732,,,,,,,2,NO INDICATION OF INJURY,0,0,0,0,0,3,0,11,7,3,41.94557649,-87.72233484,POINT (-87.722334840655 41.945576490883)
444bafb38e02db1a54804a29a38a4afd453485f3568867e9b6649394a3fcbe8246fa70defbe5e08487dfd7ade43c295ce9b12b6625a22a2efc72df20ec9236e1,JF156340,,2/26/2022 2:21,30,TRAFFIC SIGNAL,FUNCTIONING PROPERLY,CLEAR,"DARKNESS, LIGHTED ROAD",TURNING,FOUR WAY,,STRAIGHT AND LEVEL,WET,NO DEFECTS,ON SCENE,NO INJURY / DRIVE AWAY,Y,,,"$501 - $1,500",2/26/2022 2:27,UNABLE TO DETERMINE,UNABLE TO DETERMINE,2,N,HALSTED ST,1224,,,,,,,2,NO INDICATION OF INJURY,0,0,0,0,0,5,0,2,7,2,41.88180868,-87.64750834,POINT (-87.647508335359 41.881808681646)
948b80adf30a5ce6a793c2cc0974b72f7b325104e5858cb946cb9ae630258d302ada0e482d894f07be8636d35a05bf9de12c0d7a1c3030ded13fb566bad19dbe,JF179599,,3/19/2022 9:00,30,TRAFFIC SIGNAL,FUNCTIONING PROPERLY,RAIN,DAYLIGHT,TURNING,NOT DIVIDED,,STRAIGHT AND LEVEL,WET,NO DEFECTS,NOT ON SCENE (DESK REPORT),NO INJURY / DRIVE AWAY,Y,,,"OVER $1,500",3/19/2022 17:45,FAILING TO YIELD RIGHT-OF-WAY,FOLLOWING TOO CLOSELY,2000,N,PULASKI RD,2525,,,,,,,2,NO INDICATION OF INJURY,0,0,0,0,0,2,0,9,7,3,41.91720737,-87.72670826,POINT (-87.726708262295 41.91720736863)
5a411d5b81048ca696a2499ef75e8f3b25bbabc0de4c097562aa5fcdeb6c27cecd8c8f2fd46fc341eed7747658ca05f9534be38b6409a26e3401eac8dc2b4471,JF149322,,2/19/2022 9:38,35,TRAFFIC SIGNAL,FUNCTIONING PROPERLY,CLEAR,DAYLIGHT,ANGLE,FOUR WAY,,STRAIGHT AND LEVEL,WET,NO DEFECTS,ON SCENE,NO INJURY / DRIVE AWAY,Y,,,"OVER $1,500",2/19/2022 9:41,FAILING TO YIELD RIGHT-OF-WAY,UNABLE TO DETERMINE,800,W,MARQUETTE RD,723,,,,,,,2,NO INDICATION OF INJURY,0,0,0,0,0,2,0,9,7,2,41.77258118,-87.64466131,POINT (-87.644661310011 41.77258117979)
93f75289502972f31b191b0df24f91bd00392abf5788cd4fba3610501d07d4c473b877f986ac398cfa0a8f7443734639f5936eb9d4302ff76f84f272b08e3e7b,JD171250,,3/2/2020 11:43,25,TRAFFIC SIGNAL,FUNCTIONING PROPERLY,CLEAR,DAYLIGHT,PEDESTRIAN,NOT DIVIDED,,STRAIGHT AND LEVEL,DRY,NO DEFECTS,,INJURY AND / OR TOW DUE TO CRASH,,,Y,"OVER $1,500",3/2/2020 11:43,UNABLE TO DETERMINE,NOT APPLICABLE,1200,W,WILSON AVE,1913,,,,,,,2,NONINCAPACITATING INJURY,1,0,0,1,0,1,0,11,2,3,41.96547545,-87.65970156,POINT (-87.659701561519 41.965475453158)
99a313b4072cbe2481c0b9ad5443a85fb32b528a98427e5d80c4232b6a1da61640af3fb346975c620449e77f8dffdef8ef2ce523dd9d3cb3a28cc0fceb368494,JF155420,,2/25/2022 8:55,30,TRAFFIC SIGNAL,FUNCTIONING PROPERLY,CLEAR,DAYLIGHT,PEDESTRIAN,FOUR WAY,,STRAIGHT AND LEVEL,DRY,NO DEFECTS,,NO INJURY / DRIVE AWAY,Y,,Y,$500 OR LESS,2/25/2022 9:04,FAILING TO YIELD RIGHT-OF-WAY,"VISION OBSCURED (SIGNS, TREE LIMBS, BUILDINGS, ETC.)",460,S,WESTERN AVE,1135,,,,,,,2,NO INDICATION OF INJURY,0,0,0,0,0,2,0,8,6,2,41.87501239,-87.68640461,POINT (-87.686404613175 41.875012387404)
9a20af55b05c26db740fddd9ada4564d7488a0bbf85a8eadf8819f8b573bbfa2ba89b795324948e4b3b8310db289238a8c9398826a2d5948d48b702d17e04c4f,JF192754,,3/25/2022 9:00,30,STOP SIGN/FLASHER,FUNCTIONING PROPERLY,RAIN,DAYLIGHT,REAR END,DIVIDED - W/MEDIAN BARRIER,,STRAIGHT AND LEVEL,WET,UNKNOWN,NOT ON SCENE (DESK REPORT),NO INJURY / DRIVE AWAY,,,,"OVER $1,500",3/31/2022 16:45,FOLLOWING TOO CLOSELY,NOT APPLICABLE,121,N,LA SALLE ST,122,,,,,,,2,NO INDICATION OF INJURY,0,0,0,0,0,2,0,9,6,3,41.8837646,-87.63227535,POINT (-87.632275353537 41.883764598103)
f5ecfc3fb9be631bc2a5c4993246b50cb03baa8febd654824c7e2095e5a5c3a3c5b7632fb5199fb01fc6ed45a56175b6ba1cd17d6c8c5db1f29aa7519bbe3900,JF172031,,3/12/2022 20:30,30,UNKNOWN,UNKNOWN,CLEAR,"DARKNESS, LIGHTED ROAD",REAR END,NOT DIVIDED,,STRAIGHT AND LEVEL,DRY,UNKNOWN,NOT ON SCENE (DESK REPORT),NO INJURY / DRIVE AWAY,,,,"OVER $1,500",3/12/2022 22:32,FAILING TO REDUCE SPEED TO AVOID CRASH,NOT APPLICABLE,620,W,63RD ST,711,,,,,,,2,NO INDICATION OF INJURY,0,0,0,0,0,2,0,20,7,3,41.77992005,-87.64092551,POINT (-87.640925510749 41.779920047341)
95feeed0b6c20395660f9cfefb3146ddaba90027e457eebcb1b1a943319d0133f1ded7307ea02c1da111890a189f7519baf97cb477da6dafeeedc34c563cd626,JF179209,,3/19/2022 10:50,10,STOP SIGN/FLASHER,FUNCTIONING PROPERLY,CLOUDY/OVERCAST,DAYLIGHT,REAR TO FRONT,PARKING LOT,,STRAIGHT AND LEVEL,WET,NO DEFECTS,NOT ON SCENE (DESK REPORT),NO INJURY / DRIVE AWAY,,,,"$501 - $1,500",3/19/2022 10:52,IMPROPER BACKING,IMPROPER BACKING,1730,W,119TH ST,2234,,,,,,,2,NO INDICATION OF INJURY,0,0,0,0,0,5,0,10,7,3,41.67758412,-87.66490264,POINT (-87.664902636332 41.677584119445)
5a869508b4ca10b027beb67d3fd74025437840fc0162df397a3cb5cb98334c1dc6542abaa7fdb2cb14b5d6e30623ef77515feeee4b21a9f1e5b7b06e6667cd2f,JF150502,,2/19/2022 10:55,30,NO CONTROLS,NO CONTROLS,UNKNOWN,UNKNOWN,OTHER NONCOLLISION,ONE-WAY,,STRAIGHT AND LEVEL,DRY,"RUT, HOLES",NOT ON SCENE (DESK REPORT),NO INJURY / DRIVE AWAY,,,,"OVER $1,500",2/20/2022 15:00,NOT APPLICABLE,NOT APPLICABLE,1856,E,HAYES DR,331,,,,,,,1,NO INDICATION OF INJURY,0,0,0,0,0,1,0,10,7,2,41.77995982,-87.57919521,POINT (-87.579195205329 41.779959819068)
901d027be6235c265c5f539328031f96b5e285d2d33840e683c1c9b7a092d7f8e9df84a779dd06c362c15c27d3650cea8b14f361b2c41ca3137d7225037c3107,JF163782,,3/5/2022 1:55,30,TRAFFIC SIGNAL,FUNCTIONING PROPERLY,CLEAR,DARKNESS,PEDESTRIAN,FOUR WAY,,STRAIGHT AND LEVEL,DRY,NO DEFECTS,ON SCENE,INJURY AND / OR TOW DUE TO CRASH,Y,,,$500 OR LESS,3/5/2022 2:11,FAILING TO YIELD RIGHT-OF-WAY,UNABLE TO DETERMINE,653,N,FAIRBANKS CT,1834,,,,,,,2,NONINCAPACITATING INJURY,1,0,0,1,0,1,0,1,7,3,41.89416428,-87.62014473,POINT (-87.620144729206 41.89416428252)
f6daeeab3a29a9690cdd1a7a38f418fa9c6853608bc618e3622621fec2cc06f27a3c9244a174ad0f414cea69bac20ec1c1b54f16de9c994c85afd65cbd5e1564,JF171518,,3/12/2022 12:25,30,NO CONTROLS,NO CONTROLS,CLEAR,DAYLIGHT,SIDESWIPE SAME DIRECTION,NOT DIVIDED,,STRAIGHT AND LEVEL,DRY,NO DEFECTS,NOT ON SCENE (DESK REPORT),NO INJURY / DRIVE AWAY,,,,"$501 - $1,500",3/12/2022 13:45,UNABLE TO DETERMINE,UNABLE TO DETERMINE,1250,W,DIVISION ST,1433,,,,,,,2,NO INDICATION OF INJURY,0,0,0,0,0,2,0,12,7,3,41.90359031,-87.65921321,POINT (-87.659213209195 41.903590314092)
5b37a44bfab3e4f6cbb3ce4edafaec7bb3a19fc186f21a9b633f05071953f991e82aabb8df8488787a0648622ee006268125a1e8f406d634b41f357069300f3b,JF149612,,2/19/2022 14:50,35,TRAFFIC SIGNAL,FUNCTIONING PROPERLY,CLEAR,DAYLIGHT,REAR END,DIVIDED - W/MEDIAN BARRIER,,STRAIGHT AND LEVEL,DRY,NO DEFECTS,ON SCENE,INJURY AND / OR TOW DUE TO CRASH,,,,"OVER $1,500",2/19/2022 14:53,FOLLOWING TOO CLOSELY,FOLLOWING TOO CLOSELY,1332,S,LAKE SHORE DR E,132,,,,,,,3,NO INDICATION OF INJURY,0,0,0,0,0,3,0,14,7,2,41.86500742,-87.61914222,POINT (-87.619142221624 41.865007421246)
459d876f9c372255cbaf10cb1dc774887b41b454c612ed3800c64f1c159d4a12721a56738ad46e6866b0a2ca4baffa057e380096c3dfab3795c715b9f3bc0b1b,JF156762,,2/26/2022 13:15,25,TRAFFIC SIGNAL,FUNCTIONING PROPERLY,CLEAR,DAYLIGHT,REAR END,FOUR WAY,,STRAIGHT AND LEVEL,DRY,NO DEFECTS,NOT ON SCENE (DESK REPORT),INJURY AND / OR TOW DUE TO CRASH,Y,,,"OVER $1,500",2/26/2022 13:50,FOLLOWING TOO CLOSELY,NOT APPLICABLE,10258,S,BEVERLY AVE,2213,,,,,,,2,NONINCAPACITATING INJURY,1,0,0,1,0,1,0,13,7,2,41.70726649,-87.65636766,POINT (-87.656367660699 41.707266494139)
96b8d87c83890319912a43f32ae73a709b6277cf6e0c705aa7f0d393afffde3fb90aeaac22ddc9d75d46ca111232c8e4df79d5df7a76ea7b7313c54a80c49514,JE405105,,10/9/2021 15:00,10,NO CONTROLS,NO CONTROLS,CLEAR,DAYLIGHT,REAR TO FRONT,PARKING LOT,,STRAIGHT AND LEVEL,DRY,NO DEFECTS,,NO INJURY / DRIVE AWAY,,,Y,"OVER $1,500",10/10/2021 16:30,IMPROPER BACKING,IMPROPER BACKING,5900,S,THROOP ST,713,,,,,,,2,NO INDICATION OF INJURY,0,0,0,0,0,4,0,15,7,10,41.78675615,-87.65725729,POINT (-87.657257288286 41.78675615305)
46544800a28bb46794f704ccb0c77930bb42983d2c280abf70bc0369a51c7eb5749bf60f7e2fef7f74efa963c92f58666cd243489d1742ed035c25c27a4958ba,JF156341,,2/26/2022 2:10,35,TRAFFIC SIGNAL,FUNCTIONING PROPERLY,CLEAR,"DARKNESS, LIGHTED ROAD",TURNING,FOUR WAY,,STRAIGHT AND LEVEL,DRY,NO DEFECTS,ON SCENE,INJURY AND / OR TOW DUE TO CRASH,Y,,,$500 OR LESS,2/26/2022 2:22,UNABLE TO DETERMINE,UNABLE TO DETERMINE,8701,S,RACINE AVE,2222,,,,,,,2,NONINCAPACITATING INJURY,1,0,0,1,0,2,0,2,7,2,41.73584654,-87.65319092,POINT (-87.653190923064 41.735846538528)
5c338496403f23ad0f06f69ba3ac7ca74bef74c8e8a64324bacaafd96512ef8041e10ec937f427f0c6bc36ef025b6e08d6cf28d807aeecee20a07213d74dad37,JF149597,,2/19/2022 14:28,30,STOP SIGN/FLASHER,FUNCTIONING PROPERLY,CLEAR,DAYLIGHT,PEDESTRIAN,NOT DIVIDED,,STRAIGHT AND LEVEL,OTHER,NO DEFECTS,ON SCENE,INJURY AND / OR TOW DUE TO CRASH,Y,,,$500 OR LESS,2/19/2022 14:38,FAILING TO YIELD RIGHT-OF-WAY,DRIVING SKILLS/KNOWLEDGE/EXPERIENCE,2200,N,SOUTHPORT AVE,1811,,,,,,,2,NONINCAPACITATING INJURY,1,0,0,1,0,2,0,14,7,2,41.92170732,-87.66334756,POINT (-87.66334755872 41.921707321157)
9167f7c22df84fd5ee5a0ea6f3a4aba66a9c4c4967069d73a77be57323357fa8838a9e1e3f0357a4d4e8b2cc77190327c7f062d3a574458e946cf10c77ee7a4e,JF164481,,3/5/2022 18:15,30,STOP SIGN/FLASHER,FUNCTIONING PROPERLY,CLEAR,"DARKNESS, LIGHTED ROAD",ANGLE,FOUR WAY,,STRAIGHT AND LEVEL,DRY,NO DEFECTS,ON SCENE,INJURY AND / OR TOW DUE TO CRASH,Y,,Y,"OVER $1,500",3/5/2022 18:25,DISREGARDING STOP SIGN,UNABLE TO DETERMINE,4800,S,PRAIRIE AVE,224,,,,,,,2,NO INDICATION OF INJURY,0,0,0,0,0,2,0,18,7,3,41.80742286,-87.61968604,POINT (-87.619686040674 41.807422856661)
45bf6059249bd8d81d60230f14e7a23b699c6583325584d43c65397c9d879694ae393657ec3845bf48ecc8e35722df428162c2286ab462d6b1fc826cd50440c8,JD410133,,10/24/2020 22:10,25,NO CONTROLS,NO CONTROLS,CLEAR,DARKNESS,PARKED MOTOR VEHICLE,ONE-WAY,,STRAIGHT AND LEVEL,DRY,UNKNOWN,,INJURY AND / OR TOW DUE TO CRASH,,,,"OVER $1,500",10/24/2020 22:10,NOT APPLICABLE,NOT APPLICABLE,928,N,LAWNDALE AVE,1112,Y,Y,,,,,2,NONINCAPACITATING INJURY,1,0,0,1,0,1,0,22,7,10,41.89814029,-87.71898877,POINT (-87.71898876974 41.898140290884)
974e7b475fa860956ab4ec70a6ddd7dd46bfbd7ebb8344bd6b84b11910d0ade1c54f1039b2f6cebe5777c2f4ff272587468b41e79fabacb0c34081305c0d8e71,JF168212,,3/9/2022 12:40,30,TRAFFIC SIGNAL,FUNCTIONING PROPERLY,CLEAR,DAYLIGHT,SIDESWIPE SAME DIRECTION,DIVIDED - W/MEDIAN (NOT RAISED),,STRAIGHT AND LEVEL,DRY,UNKNOWN,,NO INJURY / DRIVE AWAY,,,,"OVER $1,500",3/9/2022 13:00,UNABLE TO DETERMINE,UNABLE TO DETERMINE,6358,W,NORTH AVE,2513,,,,,,,2,NO INDICATION OF INJURY,0,0,0,0,0,2,0,12,4,3,41.90925843,-87.784922,POINT (-87.784921994803 41.909258432645)
9753583b04f748a59d5874f8a5f7258baaa3cbcdcb564fd691df0a5e8dab58d9165c3c9bf1cc5298c5de145cf990980a46c8a5447bc761ff07809436189ba231,JD343407,,8/24/2020 12:15,30,NO CONTROLS,FUNCTIONING IMPROPERLY,CLEAR,DUSK,SIDESWIPE OPPOSITE DIRECTION,DIVIDED - W/MEDIAN (NOT RAISED),,STRAIGHT AND LEVEL,DRY,NO DEFECTS,,INJURY AND / OR TOW DUE TO CRASH,,,,"$501 - $1,500",8/24/2020 12:16,FAILING TO YIELD RIGHT-OF-WAY,FAILING TO YIELD RIGHT-OF-WAY,820,W,47TH ST,925,,,,,,,2,"REPORTED, NOT EVIDENT",1,0,0,0,1,2,0,12,2,8,41.80896768,-87.6464134,POINT (-87.646413401299 41.8089676836)
91780b5a3f81ea0ef1384dfd05054421cf02b99e1e5216896c874afe9b1a15aaedd5f37e89f5a8189e0c47c3fd4ed60c3fce49243464e530d79bf18d37649e86,JF164209,,3/5/2022 13:19,35,NO CONTROLS,NOT FUNCTIONING,CLEAR,DAWN,FIXED OBJECT,NOT DIVIDED,,STRAIGHT AND LEVEL,DRY,NO DEFECTS,ON SCENE,INJURY AND / OR TOW DUE TO CRASH,Y,Y,N,"OVER $1,500",3/5/2022 13:19,NOT APPLICABLE,NOT APPLICABLE,6001,S,RACINE AVE,712,,,,,,,1,NO INDICATION OF INJURY,0,0,0,0,0,2,0,13,7,3,41.78497514,-87.65449203,POINT (-87.654492027215 41.784975138023)
46aab91801004ec1b1f40a997731863e72e229fcfddd38b50c972018378a3592f2ef26233f3d7579db029ec8ab8dc3e00525c3de433e72a6ae76de5dcbe8549a,JF156608,,2/26/2022 11:05,30,NO CONTROLS,NO CONTROLS,CLEAR,DAYLIGHT,FIXED OBJECT,NOT DIVIDED,,STRAIGHT AND LEVEL,DRY,NO DEFECTS,ON SCENE,INJURY AND / OR TOW DUE TO CRASH,,,,"OVER $1,500",2/26/2022 11:06,DISREGARDING OTHER TRAFFIC SIGNS,NOT APPLICABLE,1114,W,LAWRENCE AVE,2033,,,,,,,1,NO INDICATION OF INJURY,0,0,0,0,0,1,0,11,7,2,41.96915415,-87.6582945,POINT (-87.658294498359 41.969154147538)
9aca77f29f86ee888d0e466d24522bdea26221070375cef436ee7e0d835c08749cd485dbb920bb23bd3958b884e26b501a2040cab4184436f176167b4ecd48a8,JF186396,,3/25/2022 16:00,30,STOP SIGN/FLASHER,FUNCTIONING PROPERLY,CLEAR,DAYLIGHT,ANGLE,NOT DIVIDED,,STRAIGHT AND LEVEL,DRY,NO DEFECTS,NOT ON SCENE (DESK REPORT),NO INJURY / DRIVE AWAY,,,,"OVER $1,500",3/25/2022 16:25,DISREGARDING STOP SIGN,FAILING TO YIELD RIGHT-OF-WAY,4701,W,59TH ST,813,,,,,,,2,NO INDICATION OF INJURY,0,0,0,0,0,2,0,16,6,3,41.78416618,-87.74006186,POINT (-87.740061859878 41.78416617689)