CRASH_RECORD_ID,RD_NO,CRASH_DATE_EST_I,CRASH_DATE,POSTED_SPEED_LIMIT,TRAFFIC_CONTROL_DEVICE,DEVICE_CONDITION,WEATHER_CONDITION,LIGHTING_CONDITION,FIRST_CRASH_TYPE,TRAFFICWAY_TYPE,LANE_CNT,ALIGNMENT,ROADWAY_SURFACE_COND,ROAD_DEFECT,REPORT_TYPE,CRASH_TYPE,INTERSECTION_RELATED_I,NOT_RIGHT_OF_WAY_I,HIT_AND_RUN_I,DAMAGE,DATE_POLICE_NOTIFIED,PRIM_CONTRIBUTORY_CAUSE,SEC_CONTRIBUTORY_CAUSE,STREET_NO,STREET_DIRECTION,STREET_NAME,BEAT_OF_OCCURRENCE,PHOTOS_TAKEN_I,STATEMENTS_TAKEN_I,DOORING_I,WORK_ZONE_I,WORK_ZONE_TYPE,WORKERS_PRESENT_I,NUM_UNITS,MOST_SEVERE_INJURY,INJURIES_TOTAL,INJURIES_FATAL,INJURIES_INCAPACITATING,INJURIES_NON_INCAPACITATING,INJURIES_REPORTED_NOT_EVIDENT,INJURIES_NO_INDICATION,INJURIES_UNKNOWN,CRASH_HOUR,CRASH_DAY_OF_WEEK,CRASH_MONTH,LATITUDE,LONGITUDE,LOCATION
9af7e70e0c7904f6a5017b4d60af959dbb2756efa43ee248d82a6ac36b90f2a6cf03b173da442ce21a833f2415980c8ce93951bfaa5fb6e9dcf9cd537553b14d,JF145613,,3/25/2022 11:30,30,NO CONTROLS,NO CONTROLS,CLEAR,DAYLIGHT,ANGLE,FOUR WAY,,STRAIGHT AND LEVEL,DRY,NO DEFECTS,NOT ON SCENE (DESK REPORT),NO INJURY / DRIVE AWAY,Y,,Y,"$501 - $1,500",3/25/2022 14:45,FAILING TO YIELD RIGHT-OF-WAY,HAD BEEN DRINKING (USE WHEN ARREST IS NOT MADE),2000,W,21ST PL,1234,,,,,,,2,NO INDICATION OF INJURY,0,0,0,0,0,3,0,11,6,3,41.85320389,-87.67599513,POINT (-87.67599512695 41.853203888835)
98a0e8f70bcaf21c56c13739a97d4929698a84bf1712996025bede14033af6695e97222974f7b936ed06b24a52835a197e2035406cfb331bedd7c3e834db9019,JF178967,Y,3/19/2022 2:42,30,TRAFFIC SIGNAL,FUNCTIONING PROPERLY,RAIN,"DARKNESS, LIGHTED ROAD",REAR END,T-INTERSECTION,,STRAIGHT AND LEVEL,WET,NO DEFECTS,ON SCENE,INJURY AND / OR TOW DUE TO CRASH,,,Y,"OVER $1,500",3/19/2022 2:43,UNABLE TO DETERMINE,UNABLE TO DETERMINE,1400,E,67TH ST,321,,,,,,,2,NO INDICATION OF INJURY,0,0,0,0,0,3,0,2,7,3,41.77339086,-87.59156667,POINT (-87.591566672222 41.773390859307)
5e0a4c9c52efa51238e50601387640ae00a43a545b388c74de62281903f6069027edb38f062b0353ae010cae4d42871e2af5d24b8e8794f8e63b125b7eec939a,JF149711,,2/19/2022 16:29,30,TRAFFIC SIGNAL,FUNCTIONING PROPERLY,CLEAR,DAYLIGHT,TURNING,DIVIDED - W/MEDIAN (NOT RAISED),,STRAIGHT AND LEVEL,DRY,NO DEFECTS,ON SCENE,INJURY AND / OR TOW DUE TO CRASH,,,,"OVER $1,500",2/19/2022 16:30,IMPROPER LANE USAGE,NOT APPLICABLE,4010,N,ELSTON AVE,1723,,N,,,,,2,"REPORTED, NOT EVIDENT",2,0,0,0,2,1,0,16,7,2,41.95387296,-87.71962752,POINT (-87.719627521347 41.953872959507)
5e24d110643a2ac08de119963e13c7954bb18ad5080e575a854732afce6d47ea3704a4c5ca77aad7bf49bdc095fd9b5df0b7f1e4f1a65e13fd9891486964acd2,JF152310,,2/19/2022 17:00,30,NO CONTROLS,NO CONTROLS,CLEAR,DAYLIGHT,ANGLE,NOT DIVIDED,,STRAIGHT AND LEVEL,DRY,NO DEFECTS,NOT ON SCENE (DESK REPORT),NO INJURY / DRIVE AWAY,,,,$500 OR LESS,2/22/2022 10:50,UNABLE TO DETERMINE,NOT APPLICABLE,6300,N,HARLEM AVE,1612,,,,,,,2,NO INDICATION OF INJURY,0,0,0,0,0,2,0,17,7,2,41.99541208,-87.80696503,POINT (-87.806965026884 41.995412084135)
5e828c78e768d8152be3ad85d4640db5583e67f85692be325746c564cd17e334e7fb14cf44330939ff1b4b5406cfe2be950c8345511629a76e6c86b8997a3ed1,JF149291,,2/19/2022 8:30,15,NO CONTROLS,NO CONTROLS,CLEAR,DAYLIGHT,REAR END,RAMP,,STRAIGHT AND LEVEL,WET,NO DEFECTS,ON SCENE,NO INJURY / DRIVE AWAY,,Y,,"$501 - $1,500",2/19/2022 8:36,UNABLE TO DETERMINE,UNABLE TO DETERMINE,8698,S,KEDZIE AVE,834,,,,,,,2,NO INDICATION OF INJURY,0,0,0,0,0,2,0,8,7,2,41.73528998,-87.70222673,POINT (-87.702226732143 41.735289979)
478f0fe752a668fb2895f0e96eef317209789ebddc5656c7b74ec74e0d71c5535ba100b297a8db5e33eba7f5090425845d7dd92765e061d4912b7142d869697f,JD213618,,4/21/2020 8:30,30,NO CONTROLS,NO CONTROLS,CLEAR,DAYLIGHT,FIXED OBJECT,NOT DIVIDED,,STRAIGHT AND LEVEL,DRY,NO DEFECTS,,INJURY AND / OR TOW DUE TO CRASH,,,,"$501 - $1,500",4/21/2020 8:30,PHYSICAL CONDITION OF DRIVER,NOT APPLICABLE,3142,W,26TH ST,1033,,,,,,,1,NONINCAPACITATING INJURY,1,0,0,1,0,0,0,8,3,4,41.84463442,-87.7043004,POINT (-87.704300402536 41.844634423505)
9379726e0331d16ba26a33c631cf97bd944c288fea1c50fc0eb373ca36a7d647eff5433abc12f0662f5299a09c9f209b19769e34d6a8c397de07f1fc29daf873,JD377146,,9/23/2020 21:05,30,NO CONTROLS,NO CONTROLS,CLEAR,DARKNESS,PARKED MOTOR VEHICLE,NOT DIVIDED,,STRAIGHT AND LEVEL,DRY,NO DEFECTS,,INJURY AND / OR TOW DUE TO CRASH,,,,"OVER $1,500",9/23/2020 21:07,IMPROPER LANE USAGE,NOT APPLICABLE,2732,W,26TH ST,1034,,,,,,,3,"REPORTED, NOT EVIDENT",1,0,0,0,1,0,0,21,4,9,41.84481765,-87.69411169,POINT (-87.694111694195 41.844817645273)
f8e9eb918d7246808fa58bf8b77c0d12fdce043596d02c380029b691a7d644212f440c676940ece26a6f6755ae1671cf918fbfcdef69291d1402fddaef21877e,JC464846,,10/8/2019 14:25,30,NO CONTROLS,NO CONTROLS,CLEAR,DAYLIGHT,PEDESTRIAN,PARKING LOT,,STRAIGHT AND LEVEL,DRY,NO DEFECTS,,INJURY AND / OR TOW DUE TO CRASH,,,,"$501 - $1,500",10/8/2019 14:33,UNABLE TO DETERMINE,UNABLE TO DETERMINE,1951,W,CERMAK RD,1034,,,,,,,2,NONINCAPACITATING INJURY,1,0,0,1,0,1,0,14,3,10,41.85207385,-87.67541027,POINT (-87.675410269145 41.852073847998)
f8efe2c254937c17d5f344066b82eb7ee9975ece11175b30a90957204aa6419c873cfbbf5244d3544a68d0e5c380668d5ecf6fe801b70605cbcc6dbeda2f3fba,JE110460,,1/12/2021 9:54,30,NO CONTROLS,NO CONTROLS,CLEAR,DAYLIGHT,TURNING,NOT DIVIDED,,STRAIGHT AND LEVEL,DRY,UNKNOWN,,INJURY AND / OR TOW DUE TO CRASH,,,,"$501 - $1,500",1/12/2021 10:00,IMPROPER OVERTAKING/PASSING,NOT APPLICABLE,400,N,LOWER LAKE SHORE DR,1834,,,,,,,2,NONINCAPACITATING INJURY,1,0,0,1,0,1,0,9,3,1,,,
f8f9cdf214401695b5381f06bdd904719669a15662f9dfd95ef194298446621d4b75ed3363438b161b32723de9787a7a057eb579a8a26f956c5c1d50eb6967fe,JE113572,,1/15/2021 9:00,30,TRAFFIC SIGNAL,FUNCTIONING PROPERLY,CLEAR,DAYLIGHT,REAR END,DIVIDED - W/MEDIAN (NOT RAISED),,STRAIGHT AND LEVEL,DRY,NO DEFECTS,,NO INJURY / DRIVE AWAY,,,,$500 OR LESS,1/15/2021 14:00,UNABLE TO DETERMINE,UNABLE TO DETERMINE,5031,S,CICERO AVE,815,,,,,,,2,NO INDICATION OF INJURY,0,0,0,0,0,3,0,9,6,1,41.80121189,-87.74283422,POINT (-87.742834217782 41.801211888223)
48b012868218299a5f4e3f145e0febcf6c2d7366d60dd123d69946220c71f48f340734fe403e6abb536ae57954e4ab93276c6f3c7befec3616f3fb2d213b84f1,JF157250,N,2/26/2022 23:48,30,TRAFFIC SIGNAL,FUNCTIONING PROPERLY,CLEAR,DARKNESS,SIDESWIPE SAME DIRECTION,FOUR WAY,,STRAIGHT AND LEVEL,SNOW OR SLUSH,NO DEFECTS,ON SCENE,INJURY AND / OR TOW DUE TO CRASH,,,Y,"OVER $1,500",2/27/2022 0:01,IMPROPER OVERTAKING/PASSING,IMPROPER TURNING/NO SIGNAL,11100,S,MARSHFIELD AVE,2234,,,,,,,2,NO INDICATION OF INJURY,0,0,0,0,0,2,0,23,7,2,41.6920732,-87.66100306,POINT (-87.661003057986 41.692073198171)
94445d53cf654f930fa5ebb1e95fa2d5fc73ae79c568f686dd023c79f0cc8e42a1055693780a4778ea5f01b797998998ea1782086f11e4d471a42fca70dbbc2b,JF164180,,3/5/2022 12:48,20,NO CONTROLS,NO CONTROLS,CLEAR,DAYLIGHT,TURNING,PARKING LOT,,STRAIGHT AND LEVEL,DRY,NO DEFECTS,ON SCENE,NO INJURY / DRIVE AWAY,,,,"$501 - $1,500",3/5/2022 12:50,FAILING TO YIELD RIGHT-OF-WAY,IMPROPER TURNING/NO SIGNAL,200,W,87TH ST,622,,,,,,,2,NO INDICATION OF INJURY,0,0,0,0,0,2,0,12,7,3,41.7362617,-87.62906472,POINT (-87.629064716425 41.736261699376)
490ec1e590dd6a0d2672e6ac65381afdf7d286c0cad91d3bcc582d85a0f9281cdab715a8defa495f44cc119f54d6679aa01b0a49c0d8330d6f50d538db8bf2bb,JF156746,,2/26/2022 13:17,30,NO CONTROLS,NO CONTROLS,CLEAR,DAYLIGHT,TURNING,NOT DIVIDED,,STRAIGHT AND LEVEL,DRY,NO DEFECTS,NOT ON SCENE (DESK REPORT),NO INJURY / DRIVE AWAY,,,,"$501 - $1,500",2/26/2022 13:55,FAILING TO YIELD RIGHT-OF-WAY,NOT APPLICABLE,1100,W,VAN BUREN ST,1232,,,,,,,2,NO INDICATION OF INJURY,0,0,0,0,0,4,0,13,7,2,41.87667163,-87.65462624,POINT (-87.654626239294 41.876671627774)
4921f993e2d64d11d73dc030f7c0ee5bb85c296e072ee47c8f8eb611e4619355aa5ced2a1153fe4fbeec0d15290663cd7356bb8b6dc309182bce37738ed71f97,JF156685,,2/26/2022 12:00,10,NO CONTROLS,NO CONTROLS,CLEAR,DAYLIGHT,PARKED MOTOR VEHICLE,NOT DIVIDED,,STRAIGHT AND LEVEL,DRY,NO DEFECTS,NOT ON SCENE (DESK REPORT),NO INJURY / DRIVE AWAY,,,Y,"OVER $1,500",2/26/2022 12:35,NOT APPLICABLE,NOT APPLICABLE,3311,W,26TH ST,1032,,,,,,,2,NO INDICATION OF INJURY,0,0,0,0,0,1,0,12,7,2,41.84436673,-87.70789805,POINT (-87.707898053784 41.844366728746)
f918babf28fd6ae70f43985014454983fc11155e40ac0b8aba4305f6d716abd5b8dc482d5823d6fd5e1896e0a48b998d2919848bed60205400be40788035e71c,JF171840,,3/12/2022 17:55,30,NO CONTROLS,NO CONTROLS,CLEAR,DAYLIGHT,REAR END,DIVIDED - W/MEDIAN (NOT RAISED),,STRAIGHT AND LEVEL,DRY,NO DEFECTS,ON SCENE,INJURY AND / OR TOW DUE TO CRASH,,,,"$501 - $1,500",3/12/2022 17:55,FOLLOWING TOO CLOSELY,FAILING TO REDUCE SPEED TO AVOID CRASH,1130,W,DIVISION ST,1822,,,,,,,2,"REPORTED, NOT EVIDENT",1,0,0,0,1,3,0,17,7,3,41.90362428,-87.65695315,POINT (-87.656953151592 41.903624281157)
f95b06e1b70b6f7ef6f4f18c77d7ed82870637c75a20ce74b5f049e84426d7090337b4111e92a111e66e58356e832582a8a955072c8f56109948fd6e968a24de,JF171437,,3/12/2022 11:45,30,STOP SIGN/FLASHER,FUNCTIONING PROPERLY,CLEAR,DAYLIGHT,TURNING,NOT DIVIDED,,STRAIGHT AND LEVEL,DRY,NO DEFECTS,ON SCENE,NO INJURY / DRIVE AWAY,,,,"OVER $1,500",3/12/2022 12:45,FAILING TO YIELD RIGHT-OF-WAY,FAILING TO YIELD RIGHT-OF-WAY,6000,S,NARRAGANSETT AVE,812,,,,,,,2,NO INDICATION OF INJURY,0,0,0,0,0,2,0,11,7,3,41.78308183,-87.78161182,POINT (-87.781611818876 41.783081827272)
943c7789d51bc57f8c6b49a3cf86dd94af510602b3f16a2cbd5a2d2691ecd1c3f2d7e090110cd75f14f9728c3bf75edbb3fd9ebf64cfddd42199e7c9fff7b273,JC526254,,11/25/2019 15:10,35,NO CONTROLS,NO CONTROLS,RAIN,"DARKNESS, LIGHTED ROAD",ANGLE,NOT DIVIDED,,STRAIGHT AND LEVEL,WET,NO DEFECTS,,NO INJURY / DRIVE AWAY,,,Y,"OVER $1,500",11/27/2019 9:45,UNABLE TO DETERMINE,UNABLE TO DETERMINE,600,S,KEDZIE AVE,1134,,,,,,,2,NO INDICATION OF INJURY,0,0,0,0,0,2,0,15,2,11,41.87363915,-87.70606189,POINT (-87.706061892749 41.873639149472)
f95221327b917708769bf76d623bf110638e1a73e323dcd2bba78435a9901004906d0cadde411cb39b3033bc1227d4f7150991b630dbd8cfe547ba0868e8e9be,JD193690,,3/24/2020 0:06,30,TRAFFIC SIGNAL,FUNCTIONING PROPERLY,CLEAR,"DARKNESS, LIGHTED ROAD",REAR END,NOT DIVIDED,,STRAIGHT AND LEVEL,DRY,NO DEFECTS,,INJURY AND / OR TOW DUE TO CRASH,,,Y,"$501 - $1,500",3/24/2020 0:06,FAILING TO REDUCE SPEED TO AVOID CRASH,FOLLOWING TOO CLOSELY,2360,W,PETERSON AVE,2413,,,,,,,2,"REPORTED, NOT EVIDENT",1,0,0,0,1,1,0,0,3,3,41.99061051,-87.68961315,POINT (-87.689613146859 41.990610512367)
9be32560d01659b654a711bcad0b92dabc361d8ea7d4872a56902e3105b099ef4fc4794dad5abaeb0cffa8f628be145fedd23eda8338345ff470562c9a565b4f,JF186344,,3/25/2022 15:20,30,UNKNOWN,UNKNOWN,CLEAR,DAYLIGHT,REAR TO SIDE,PARKING LOT,,STRAIGHT AND LEVEL,DRY,NO DEFECTS,ON SCENE,NO INJURY / DRIVE AWAY,,Y,,$500 OR LESS,3/25/2022 15:20,UNABLE TO DETERMINE,NOT APPLICABLE,5205,W,FULLERTON AVE,2515,,,,,,,2,NO INDICATION OF INJURY,0,0,0,0,0,2,0,15,6,3,41.92399361,-87.75636156,POINT (-87.756361555346 41.923993605155)
4accc22d703f6ec95be3c3a5df69f1268dce9d4cd2e522fb27b4aa4ec839b4d4a1dc7c09a763ad3d76f45f310cbde0c48885eb231989beb237adb6168f061bee,JF156725,,2/26/2022 12:50,30,TRAFFIC SIGNAL,FUNCTIONING PROPERLY,CLEAR,DAYLIGHT,REAR END,DIVIDED - W/MEDIAN (NOT RAISED),,STRAIGHT AND LEVEL,DRY,NO DEFECTS,NOT ON SCENE (DESK REPORT),NO INJURY / DRIVE AWAY,,,,"OVER $1,500",2/26/2022 13:25,UNABLE TO DETERMINE,UNABLE TO DETERMINE,603,S,AUSTIN BLVD,1513,,,,,,,2,NO INDICATION OF INJURY,0,0,0,0,0,2,0,12,7,2,41.87264083,-87.77425673,POINT (-87.774256729578 41.872640826996)
6167e606a9164263881caab2fcc9aec8ce0b580e7fe4e5483c31da50ec2a2d76f6c15431d28abba257d50b00ae0f0aee81dc7083964c102e79753db33fad2420,JF149645,,2/19/2022 14:00,30,NO CONTROLS,NO CONTROLS,CLEAR,DAYLIGHT,PARKED MOTOR VEHICLE,UNKNOWN,,STRAIGHT AND LEVEL,UNKNOWN,UNKNOWN,NOT ON SCENE (DESK REPORT),NO INJURY / DRIVE AWAY,,,Y,"$501 - $1,500",2/19/2022 15:30,IMPROPER OVERTAKING/PASSING,IMPROPER OVERTAKING/PASSING,1855,S,CALIFORNIA AVE,1023,,,,,,,2,NO INDICATION OF INJURY,0,0,0,0,0,1,0,14,7,2,41.85576034,-87.6954295,POINT (-87.695429498471 41.855760339226)
4b07e41fadc3bc032f0c64688b45e1dcb15090c0fe88adc8e63fe2d085c7818a092359e08c13c4d05f88d1f7afcab1882553a9efac2abf3e9cb8b1ca83b3b21e,JF157724,,2/26/2022 16:30,35,UNKNOWN,UNKNOWN,CLEAR,DAYLIGHT,ANGLE,NOT DIVIDED,,STRAIGHT AND LEVEL,DRY,NO DEFECTS,NOT ON SCENE (DESK REPORT),NO INJURY / DRIVE AWAY,,,,"$501 - $1,500",2/27/2022 14:15,UNABLE TO DETERMINE,NOT APPLICABLE,5690,W,ADAMS BLVD,1513,,,,,,,2,NO INDICATION OF INJURY,0,0,0,0,0,2,0,16,7,2,41.87781982,-87.76795313,POINT (-87.767953130498 41.877819818378)
4ba019229c8183bd823c0e6c82ab4e5efdc8b020a0ad4e022690041f18e06a3eaa1353512c230a6d0f2e46efb0ff20177cb1ed9cdf0ea0265c9e515ef30a1316,JF157965,,2/26/2022 14:00,30,UNKNOWN,UNKNOWN,UNKNOWN,UNKNOWN,REAR END,NOT DIVIDED,,STRAIGHT AND LEVEL,UNKNOWN,UNKNOWN,NOT ON SCENE (DESK REPORT),NO INJURY / DRIVE AWAY,,,,"OVER $1,500",2/27/2022 18:20,DISTRACTION - FROM INSIDE VEHICLE,NOT APPLICABLE,3500,W,ADDISON ST,1732,,,,,,,2,NO INDICATION OF INJURY,0,0,0,0,0,3,0,14,7,2,41.94663744,-87.71522878,POINT (-87.71522878441 41.94663744277)
4af1632bfb1ad96be09499d1cb8808d8adf934b37e26e13cd92a4471fb37abbf3fe86cbe7e1f4538247d549df59243315584097389d26e03244dce30ffb43045,JC456253,,10/1/2019 18:50,30,OTHER,OTHER,CLEAR,"DARKNESS, LIGHTED ROAD",PEDALCYCLIST,NOT DIVIDED,,STRAIGHT AND LEVEL,DRY,OTHER,,INJURY AND / OR TOW DUE TO CRASH,,,Y,"OVER $1,500",10/1/2019 18:56,NOT APPLICABLE,NOT APPLICABLE,4527,W,IRVING PARK RD,1731,,,,,,,2,INCAPACITATING INJURY,1,0,1,0,0,1,0,18,3,10,41.95337467,-87.74162083,POINT (-87.741620830753 41.953374669656)
fb36253608e13e5cb551e8682a298c0017431f182f4c2833d4afa64f8189d42df1c0299365cbeba5ed940b1c7c7c42a4f32feff39279b44003642be303c24b97,JF171641,,3/12/2022 14:45,30,TRAFFIC SIGNAL,FUNCTIONING PROPERLY,CLEAR,DAYLIGHT,REAR END,NOT DIVIDED,,STRAIGHT AND LEVEL,UNKNOWN,UNKNOWN,NOT ON SCENE (DESK REPORT),NO INJURY / DRIVE AWAY,,,,"OVER $1,500",3/12/2022 15:32,FOLLOWING TOO CLOSELY,UNABLE TO DETERMINE,2600,W,ADDISON ST,1921,,,,,,,2,NO INDICATION OF INJURY,0,0,0,0,0,7,0,14,7,3,41.94682488,-87.69321291,POINT (-87.693212912693 41.946824879097)
9cfbc5868d551706ed022d240bb108b76b108cd6d75f50b92879dfa109497856841115774048d53bc0a7de8a71bc13dc31302b71c2feb79dbff0665fc3fb402b,JF186569,,3/25/2022 17:45,30,NO CONTROLS,NO CONTROLS,CLEAR,DAYLIGHT,SIDESWIPE SAME DIRECTION,DIVIDED - W/MEDIAN (NOT RAISED),,STRAIGHT AND LEVEL,DRY,UNKNOWN,NOT ON SCENE (DESK REPORT),NO INJURY / DRIVE AWAY,,,Y,"OVER $1,500",3/25/2022 18:38,UNABLE TO DETERMINE,UNABLE TO DETERMINE,1300,S,INDEPENDENCE BLVD,1011,,,,,,,2,NO INDICATION OF INJURY,0,0,0,0,0,3,0,17,6,3,41.86433637,-87.72020533,POINT (-87.720205332875 41.864336374148)
9cff360dbc9c6f2842d1b28b66ee9d715e53e69b41862d1a4ed69c82810247cb3426845103763a5dcccbb624818f7d291ddbc955790774cdcae1d9d9dac714b7,JF185947,,3/25/2022 8:30,30,NO CONTROLS,NO CONTROLS,UNKNOWN,UNKNOWN,PARKED MOTOR VEHICLE,ONE-WAY,,STRAIGHT AND LEVEL,UNKNOWN,UNKNOWN,NOT ON SCENE (DESK REPORT),NO INJURY / DRIVE AWAY,,,Y,"$501 - $1,500",3/25/2022 10:00,UNABLE TO DETERMINE,UNABLE TO DETERMINE,1551,N,WALLER AVE,2531,,,,,,,2,NO INDICATION OF INJURY,0,0,0,0,0,1,0,8,6,3,41.90903001,-87.76817569,POINT (-87.76817569023 41.909030009349)
9d035363170d609f2472ed76c041daf53a06708463701c5532f8a13f1809c4e29cd985ac7b0f6a13252925cfaeb5f3e10ba6702cabfe22b12b5bac2b9b47217b,JF187062,,3/25/2022 14:45,40,NO CONTROLS,NO CONTROLS,CLEAR,DAYLIGHT,REAR END,DIVIDED - W/MEDIAN BARRIER,,STRAIGHT AND LEVEL,DRY,NO DEFECTS,NOT ON SCENE (DESK REPORT),NO INJURY / DRIVE AWAY,,,,"OVER $1,500",3/26/2022 9:30,FAILING TO REDUCE SPEED TO AVOID CRASH,NOT APPLICABLE,5631,N,LAKE SHORE DR NB,2022,,,,,,,2,NO INDICATION OF INJURY,0,0,0,0,0,2,0,14,6,3,41.98486648,-87.6526059,POINT (-87.652605901573 41.984866477115)
96f2af7a381bae5cb232ee6a08c91f0b5c9e03d6bfa60edf871ffe0a79e0cfcf2f20fc85175eeddc8f6d7c34297cad7a4d4e5f08b9b841ceb3fb29da38f22cb9,JF164113,,3/5/2022 10:50,25,TRAFFIC SIGNAL,FUNCTIONING PROPERLY,CLOUDY/OVERCAST,DAYLIGHT,REAR END,NOT DIVIDED,,STRAIGHT AND LEVEL,DRY,NO DEFECTS,NOT ON SCENE (DESK REPORT),NO INJURY / DRIVE AWAY,Y,,,"$501 - $1,500",3/5/2022 12:00,FOLLOWING TOO CLOSELY,FOLLOWING TOO CLOSELY,2411,W,TOUHY AVE,2411,,,,,,,2,NO INDICATION OF INJURY,0,0,0,0,0,2,0,10,7,3,42.01216035,-87.69073855,POINT (-87.690738547562 42.012160352442)
9d62644a5ec8a17bafcaef72ac587777495d57832420b4efa9efeb59c26186105a956fb29dc37498a1277b7f5d729d10b52bfcc317a3b21ce6db6dc7ca3913c4,JF186031,,3/25/2022 9:37,30,TRAFFIC SIGNAL,FUNCTIONING PROPERLY,CLEAR,DAYLIGHT,SIDESWIPE SAME DIRECTION,NOT DIVIDED,,STRAIGHT AND LEVEL,WET,UNKNOWN,NOT ON SCENE (DESK REPORT),NO INJURY / DRIVE AWAY,Y,,,"OVER $1,500",3/25/2022 11:00,DRIVING SKILLS/KNOWLEDGE/EXPERIENCE,DRIVING SKILLS/KNOWLEDGE/EXPERIENCE,100,W,71ST ST,731,N,,,,,,2,NO INDICATION OF INJURY,0,0,0,0,0,2,0,9,6,3,41.76556378,-87.62793555,POINT (-87.627935550436 41.765563775096)
4cac0d9678144734717451f1e8e3b7ba7285087a03779fef401fc5c7c080dd5d548c901b98cb3cf4c594efa62e17a344961699f73589993bad4fc19d82fded42,JF157134,,2/26/2022 17:40,10,NO CONTROLS,NO CONTROLS,CLEAR,"DARKNESS, LIGHTED ROAD",FIXED OBJECT,PARKING LOT,,STRAIGHT AND LEVEL,DRY,NO DEFECTS,,NO INJURY / DRIVE AWAY,,Y,,$500 OR LESS,2/26/2022 19:49,NOT APPLICABLE,NOT APPLICABLE,2301,S,PRAIRIE AVE,132,,,,,,,1,NO INDICATION OF INJURY,0,0,0,0,0,1,0,17,7,2,41.85112493,-87.62047146,POINT (-87.620471458298 41.851124933029)
97dd098e46e0b731fd8d88da84984788d7e326cfca6d464c04c43da9d677e231c80967882d64047c6ef2de6b1622f2c0140af5bcb42997e4c9e44f3a735e05dd,JF163781,,3/5/2022 1:35,30,NO CONTROLS,NO CONTROLS,CLEAR,"DARKNESS, LIGHTED ROAD",SIDESWIPE SAME DIRECTION,DIVIDED - W/MEDIAN (NOT RAISED),,STRAIGHT AND LEVEL,DRY,NO DEFECTS,ON SCENE,NO INJURY / DRIVE AWAY,,,Y,"$501 - $1,500",3/5/2022 2:15,UNABLE TO DETERMINE,UNABLE TO DETERMINE,6100,S,CICERO AVE,813,,,,,,,2,NO INDICATION OF INJURY,0,0,0,0,0,2,0,1,7,3,41.78198966,-87.74255508,POINT (-87.742555081534 41.781989656337)
639fd9b2d0fa10143a96ef6a8bbd618d0ce4c83a25341e5ef026081526f0812cc8b0e132e8db8f8243a8249ead48788b697ab4a89674785c9719aafc880b9931,JF152979,,2/19/2022 23:30,30,STOP SIGN/FLASHER,UNKNOWN,UNKNOWN,UNKNOWN,ANGLE,NOT DIVIDED,,STRAIGHT AND LEVEL,UNKNOWN,UNKNOWN,NOT ON SCENE (DESK REPORT),NO INJURY / DRIVE AWAY,Y,,,"OVER $1,500",2/22/2022 21:00,DISREGARDING STOP SIGN,NOT APPLICABLE,1800,S,WOOD ST,1234,,,,,,,2,NO INDICATION OF INJURY,0,0,0,0,0,2,0,23,7,2,41.85767505,-87.67124224,POINT (-87.671242241978 41.857675050702)
fd4da2ee59f07b6b1b0fe81a95a220808f410dce5b352b7bc3ddeb95e240a11b5f9851481d9a5084b1401f01ba8ed6da317bc815e82fdca9049e4b85c2901748,JF177029,,3/12/2022 14:30,30,NO CONTROLS,NO CONTROLS,CLEAR,DAYLIGHT,PARKED MOTOR VEHICLE,NOT DIVIDED,,STRAIGHT AND LEVEL,DRY,NO DEFECTS,NOT ON SCENE (DESK REPORT),NO INJURY / DRIVE AWAY,,,Y,"OVER $1,500",3/17/2022 13:40,UNABLE TO DETERMINE,UNABLE TO DETERMINE,1904,N,LAWNDALE AVE,2535,,,,,,,2,NO INDICATION OF INJURY,0,0,0,0,0,1,0,14,7,3,41.91559981,-87.71931553,POINT (-87.719315531245 41.915599805642)
63d587abd4188bbaf23b6a699cf5d5095c372bdc1eac19d0ca3b502a78e8e876f76aa0dd2e66512a5475dda8699e95b3e6d82cba16df9b696a112b365e172350,JF149522,,2/19/2022 10:45,30,STOP SIGN/FLASHER,FUNCTIONING PROPERLY,CLEAR,DAYLIGHT,REAR END,DIVIDED - W/MEDIAN (NOT RAISED),,STRAIGHT AND LEVEL,DRY,UNKNOWN,NOT ON SCENE (DESK REPORT),NO INJURY / DRIVE AWAY,Y,,,"$501 - $1,500",2/19/2022 13:30,UNABLE TO DETERMINE,UNABLE TO DETERMINE,2100,W,CERMAK RD,1234,,,,,,,2,NO INDICATION OF INJURY,0,0,0,0,0,2,0,10,7,2,41.85224519,-87.67841789,POINT (-87.67841788835 41.852245185595)
4da93d76ddbfc3388382fc9354e3467436d8c1736a7df47b0536238c14a7dc81e1e8465624954ba6cf8aa29afd8eb98f0225fba43dfbd3990e6f446b09ca11f7,JF157885,Y,2/26/2022 9:00,30,NO CONTROLS,NO CONTROLS,CLEAR,UNKNOWN,PARKED MOTOR VEHICLE,DIVIDED - W/MEDIAN (NOT RAISED),,STRAIGHT AND LEVEL,SNOW OR SLUSH,NO DEFECTS,NOT ON SCENE (DESK REPORT),NO INJURY / DRIVE AWAY,,,Y,"OVER $1,500",2/27/2022 16:40,UNABLE TO DETERMINE,NOT APPLICABLE,320,N,LOCKWOOD AVE,1523,,,,,,,2,NO INDICATION OF INJURY,0,0,0,0,0,1,0,9,7,2,41.88626689,-87.75787707,POINT (-87.757877064697 41.886266894425)