CRASH_RECORD_ID,RD_NO,CRASH_DATE_EST_I,CRASH_DATE,POSTED_SPEED_LIMIT,TRAFFIC_CONTROL_DEVICE,DEVICE_CONDITION,WEATHER_CONDITION,LIGHTING_CONDITION,FIRST_CRASH_TYPE,TRAFFICWAY_TYPE,LANE_CNT,ALIGNMENT,ROADWAY_SURFACE_COND,ROAD_DEFECT,REPORT_TYPE,CRASH_TYPE,INTERSECTION_RELATED_I,NOT_RIGHT_OF_WAY_I,HIT_AND_RUN_I,DAMAGE,DATE_POLICE_NOTIFIED,PRIM_CONTRIBUTORY_CAUSE,SEC_CONTRIBUTORY_CAUSE,STREET_NO,STREET_DIRECTION,STREET_NAME,BEAT_OF_OCCURRENCE,PHOTOS_TAKEN_I,STATEMENTS_TAKEN_I,DOORING_I,WORK_ZONE_I,WORK_ZONE_TYPE,WORKERS_PRESENT_I,NUM_UNITS,MOST_SEVERE_INJURY,INJURIES_TOTAL,INJURIES_FATAL,INJURIES_INCAPACITATING,INJURIES_NON_INCAPACITATING,INJURIES_REPORTED_NOT_EVIDENT,INJURIES_NO_INDICATION,INJURIES_UNKNOWN,CRASH_HOUR,CRASH_DAY_OF_WEEK,CRASH_MONTH,LATITUDE,LONGITUDE,LOCATION
5e4933085bee89248ba9af1c8598ce8236ceeead9f617eaac8a47f9174bac7f22314eccc16c994ac40f60f29c3b28c833991818d1f4ecadfe68a6c5feec67a9b,JF156963,,2/26/2022 16:30,30,NO CONTROLS,NO CONTROLS,CLEAR,DAYLIGHT,REAR END,NOT DIVIDED,,STRAIGHT AND LEVEL,DRY,NO DEFECTS,NOT ON SCENE (DESK REPORT),NO INJURY / DRIVE AWAY,,,,$500 OR LESS,2/26/2022 17:10,UNABLE TO DETERMINE,NOT APPLICABLE,5241,W,LAWRENCE AVE,1623,,,,,,,2,NO INDICATION OF INJURY,0,0,0,0,0,2,0,16,7,2,41.96777903,-87.75919149,POINT (-87.759191494079 41.967779025483)
73b81c6523ce77b2ecf9d94e347665dbf5cb01090d961d1170200237e942ced75ef5b03a2e1aa768784d2088b2fd937f08c446753883b6e27429a9d613641e51,JF150050,,2/19/2022 23:30,30,NO CONTROLS,NO CONTROLS,CLEAR,"DARKNESS, LIGHTED ROAD",PARKED MOTOR VEHICLE,NOT DIVIDED,,STRAIGHT AND LEVEL,UNKNOWN,UNKNOWN,NOT ON SCENE (DESK REPORT),NO INJURY / DRIVE AWAY,,,,"$501 - $1,500",2/20/2022 0:20,UNABLE TO DETERMINE,NOT APPLICABLE,1231,W,18TH ST,1233,,,,,,,2,NO INDICATION OF INJURY,0,0,0,0,0,2,0,23,7,2,41.8578251,-87.65758553,POINT (-87.657585534374 41.857825103306)
5e4a7e0390bae00033881a1115cda0d6e4adb3c4a9683a5ed6598e0b7b92223733a15000f5261f3eab3fd88e4f0cfffc4d131ca35049f69b0331b6cf271972a2,JF156898,,2/26/2022 15:42,30,STOP SIGN/FLASHER,FUNCTIONING PROPERLY,SNOW,DAYLIGHT,TURNING,FOUR WAY,,STRAIGHT AND LEVEL,SNOW OR SLUSH,UNKNOWN,ON SCENE,INJURY AND / OR TOW DUE TO CRASH,Y,,,"OVER $1,500",2/26/2022 15:55,FAILING TO REDUCE SPEED TO AVOID CRASH,NOT APPLICABLE,8200,S,EUCLID AVE,414,,,,,,,2,NO INDICATION OF INJURY,0,0,0,0,0,2,0,15,7,2,41.74609921,-87.57724295,POINT (-87.577242946406 41.746099208451)
a6f2dc2206319e29792c677f39ee09249f0956cbb9ff559a172ee7ce86a0b327eaf5bcee6130506510277b7895e5a12223a79267fd33201e92617033bda37ee5,JF164003,,3/5/2022 10:13,30,TRAFFIC SIGNAL,FUNCTIONING PROPERLY,CLEAR,DAYLIGHT,REAR END,FOUR WAY,,STRAIGHT ON GRADE,DRY,NO DEFECTS,ON SCENE,INJURY AND / OR TOW DUE TO CRASH,Y,,Y,"OVER $1,500",3/5/2022 10:14,FAILING TO REDUCE SPEED TO AVOID CRASH,NOT APPLICABLE,2350,W,95TH ST,2221,,,,,,,5,NONINCAPACITATING INJURY,3,0,0,3,0,2,0,10,7,3,41.72104991,-87.68174912,POINT (-87.681749117857 41.721049906015)
aef2c3a9660ebeb73d088d018853214df0178cbfac58ceea9bbb8a40a3df8b36bb00ec9557ee37570c222251743a03d0d9d3dc1a1db105a465d24a666362dbaf,JF186151,,3/25/2022 12:25,30,TRAFFIC SIGNAL,FUNCTIONING PROPERLY,CLOUDY/OVERCAST,DAYLIGHT,TURNING,NOT DIVIDED,,STRAIGHT AND LEVEL,DRY,NO DEFECTS,NOT ON SCENE (DESK REPORT),NO INJURY / DRIVE AWAY,Y,,Y,$500 OR LESS,3/25/2022 12:45,UNABLE TO DETERMINE,UNABLE TO DETERMINE,1000,N,ASHLAND AVE,1213,,,,,,,2,NO INDICATION OF INJURY,0,0,0,0,0,2,0,12,6,3,41.89975116,-87.66754062,POINT (-87.667540614866 41.899751161011)
aad234b364c6500404851bf2286053b811a85c04131b13d740bb99e56eabcd5064da2211c3a5d00eaaabda593a2a4b8befa7e8d17eb50ace17e0acdb84ae4e49,JC553090,,12/13/2019 17:30,30,NO CONTROLS,NO CONTROLS,CLEAR,"DARKNESS, LIGHTED ROAD",PARKED MOTOR VEHICLE,NOT DIVIDED,,STRAIGHT AND LEVEL,UNKNOWN,UNKNOWN,,NO INJURY / DRIVE AWAY,,,,"OVER $1,500",12/19/2019 18:18,UNABLE TO DETERMINE,NOT APPLICABLE,3329,S,LITUANICA AVE,913,,,,,,,2,NO INDICATION OF INJURY,0,0,0,0,0,1,0,17,6,12,41.83385512,-87.64845843,POINT (-87.648458425766 41.833855118488)
5efcc18681737700170454290873312425c6b80c0daf33659e265ce9e69bb57b0f90d818f2f8358577d4e079a40ceb8153aa40b63ff4801209da5945b4c85d44,JF156360,,2/26/2022 2:50,30,NO CONTROLS,NO CONTROLS,CLEAR,"DARKNESS, LIGHTED ROAD",SIDESWIPE SAME DIRECTION,NOT DIVIDED,,STRAIGHT AND LEVEL,DRY,NO DEFECTS,ON SCENE,INJURY AND / OR TOW DUE TO CRASH,,,,"OVER $1,500",2/26/2022 2:58,UNABLE TO DETERMINE,UNABLE TO DETERMINE,4758,W,FIFTH AVE,1131,,,,,,,2,NONINCAPACITATING INJURY,3,0,0,3,0,2,0,2,7,2,41.86863584,-87.74473016,POINT (-87.744730161967 41.868635837952)
748d10edde384494f5e1f22cc569e39a38edae5e4027e05547985fbdbd91294b5282f74a6e2c16df9cb1f62b51046d208745c6985f125355b27900383628f55f,JF150568,,2/19/2022 21:30,30,STOP SIGN/FLASHER,OTHER,CLEAR,"DARKNESS, LIGHTED ROAD",TURNING,T-INTERSECTION,,STRAIGHT AND LEVEL,DRY,NO DEFECTS,NOT ON SCENE (DESK REPORT),NO INJURY / DRIVE AWAY,,,Y,"$501 - $1,500",2/20/2022 15:55,FAILING TO YIELD RIGHT-OF-WAY,IMPROPER OVERTAKING/PASSING,5900,S,DR MARTIN LUTHER KING JR DR,232,,,,,,,2,NO INDICATION OF INJURY,0,0,0,0,0,5,0,21,7,2,41.78742935,-87.61594643,POINT (-87.615946427121 41.787429346503)
74af38d63fcbe3fcc3643dfc02f1a6c4ff0b91fe46de49be70e34f62e82434ecc3f2d5a28b08a057643717494ee34acf314070b3cb9187cbc7249f7c3eb2395f,JF149271,,2/19/2022 8:20,30,NO CONTROLS,NO CONTROLS,UNKNOWN,UNKNOWN,PARKED MOTOR VEHICLE,NOT DIVIDED,,STRAIGHT AND LEVEL,UNKNOWN,NO DEFECTS,ON SCENE,INJURY AND / OR TOW DUE TO CRASH,,,Y,"OVER $1,500",2/19/2022 8:27,UNABLE TO DETERMINE,NOT APPLICABLE,6102,W,GRAND AVE,2512,,,,,,,3,NO INDICATION OF INJURY,0,0,0,0,0,1,0,8,7,2,41.92114351,-87.77815949,POINT (-87.778159493905 41.921143505004)
a7a0155af76577b56a5dcb980b1f7e4168648e5ed75cf00bb84c434e6f46a89edfeab42960dd5de8b841fa51080845eb83c5addba2cd61e31e7a4a71361b2cc8,JF164509,,3/5/2022 18:45,30,NO CONTROLS,NO CONTROLS,CLEAR,"DARKNESS, LIGHTED ROAD",SIDESWIPE SAME DIRECTION,NOT DIVIDED,,STRAIGHT AND LEVEL,DRY,NO DEFECTS,ON SCENE,INJURY AND / OR TOW DUE TO CRASH,,,,"OVER $1,500",3/5/2022 18:47,FAILING TO YIELD RIGHT-OF-WAY,UNABLE TO DETERMINE,536,N,HOMAN AVE,1121,,,,,,,2,NO INDICATION OF INJURY,0,0,0,0,0,2,0,18,7,3,41.89136127,-87.71145941,POINT (-87.711459405421 41.891361265967)
5ed7c4096af4acc7133c1295ff60999aa9fd522a0acd3455767c6130ad0942ece574bd97dfead3dbb05cd92b0c9873dc065efa2a45197e8bce3fc3b21d287c32,JD340554,,8/21/2020 18:13,30,NO CONTROLS,NO CONTROLS,CLEAR,DAYLIGHT,TURNING,NOT DIVIDED,,STRAIGHT AND LEVEL,DRY,NO DEFECTS,,NO INJURY / DRIVE AWAY,,,,"OVER $1,500",8/21/2020 19:05,FAILING TO YIELD RIGHT-OF-WAY,DRIVING SKILLS/KNOWLEDGE/EXPERIENCE,1532,W,119TH ST,524,,,,,,,2,NO INDICATION OF INJURY,0,0,0,0,0,3,0,18,6,8,41.67766754,-87.66023679,POINT (-87.660236786686 41.677667534966)
a77c0f01d1b5a8d6fa0ff0c1457e5887a1940fa605cbec68df5698f51cc743b6ac857cfb8f50f8375760a0710570f801458299b4add86396f6811200dc924fe5,JD285745,,7/4/2020 15:40,30,TRAFFIC SIGNAL,FUNCTIONING PROPERLY,CLEAR,DAYLIGHT,TURNING,FOUR WAY,,STRAIGHT AND LEVEL,DRY,NO DEFECTS,,INJURY AND / OR TOW DUE TO CRASH,,,,"OVER $1,500",7/4/2020 15:46,FAILING TO YIELD RIGHT-OF-WAY,NOT APPLICABLE,8701,S,HALSTED ST,2223,,,,,,,3,"REPORTED, NOT EVIDENT",1,0,0,0,1,3,0,15,7,7,41.73579085,-87.64346583,POINT (-87.643465825495 41.735790852391)
af832f1ac5d658f789ec5aafbeaa9f8e85f77397f8e8b6825714186adb3e0e3963db636534e4cd83164dc8c4c5862bd79d7c6b18bac40961e1011aeb2b7d2e8f,JF186444,,3/25/2022 15:20,30,NO CONTROLS,NO CONTROLS,CLEAR,DAYLIGHT,PEDALCYCLIST,ONE-WAY,,STRAIGHT AND LEVEL,DRY,NO DEFECTS,NOT ON SCENE (DESK REPORT),INJURY AND / OR TOW DUE TO CRASH,,,,"$501 - $1,500",3/25/2022 16:45,FAILING TO YIELD RIGHT-OF-WAY,NOT APPLICABLE,6638,N,GLENWOOD AVE,2432,,,Y,,,,2,NONINCAPACITATING INJURY,1,0,0,1,0,1,0,15,6,3,42.00294371,-87.66580801,POINT (-87.665808007454 42.002943707781)
b0898065019ec18f7270ee2146e9c2c67781690812cf6271ea2e8bd96830004eac5ff1ebf020fcedc1c11fd6c5573db80e431279df23d9d94818fe46730ac268,JF186191,,3/25/2022 12:00,25,NO CONTROLS,NO CONTROLS,UNKNOWN,UNKNOWN,SIDESWIPE SAME DIRECTION,NOT DIVIDED,,STRAIGHT AND LEVEL,UNKNOWN,UNKNOWN,NOT ON SCENE (DESK REPORT),NO INJURY / DRIVE AWAY,,,Y,"$501 - $1,500",3/25/2022 13:19,UNABLE TO DETERMINE,NOT APPLICABLE,4357,W,DIVERSEY AVE,2524,,,,,,,2,NO INDICATION OF INJURY,0,0,0,0,0,2,0,12,6,3,41.93155339,-87.73667031,POINT (-87.736670304848 41.931553388062)
753e1e58eea61049dd2892f58caa638779bdd83eabad3f166996c032990af6a8cc8d3702a7d3cbfc16b4f087b82020ca9b90a7d6cc6f954d68bfbedc0166c26c,JF149703,,2/19/2022 16:15,30,STOP SIGN/FLASHER,FUNCTIONING PROPERLY,CLEAR,DAYLIGHT,TURNING,NOT DIVIDED,,STRAIGHT AND LEVEL,DRY,NO DEFECTS,NOT ON SCENE (DESK REPORT),NO INJURY / DRIVE AWAY,,,,"$501 - $1,500",2/19/2022 16:40,"OPERATING VEHICLE IN ERRATIC, RECKLESS, CARELESS, NEGLIGENT OR AGGRESSIVE MANNER",UNABLE TO DETERMINE,4800,W,BYRON ST,1634,,,,,,,2,NO INDICATION OF INJURY,0,0,0,0,0,2,0,16,7,2,41.95168061,-87.74739449,POINT (-87.747394493293 41.951680611949)
a9de79f83e2c4fb9c9e93f2fad859fd66b64cf27ece5e9b133c3b3afdea5595b3bb49819076fdc931505d6060f897aafe165f11c5dccd76370fc5e6cdaa00db5,JF163731,,3/5/2022 0:42,30,NO CONTROLS,NO CONTROLS,CLEAR,"DARKNESS, LIGHTED ROAD",TURNING,DIVIDED - W/MEDIAN (NOT RAISED),,STRAIGHT AND LEVEL,DRY,NO DEFECTS,ON SCENE,INJURY AND / OR TOW DUE TO CRASH,,,Y,"OVER $1,500",3/5/2022 0:42,IMPROPER TURNING/NO SIGNAL,NOT APPLICABLE,1300,S,STATE ST,131,,,,,,,2,NO INDICATION OF INJURY,0,0,0,0,0,3,0,0,7,3,41.86565703,-87.62752942,POINT (-87.627529418922 41.865657029899)
764e0c0244e1239747cfe3d8e25e6671babe4ab61193c4c93f0f2549be081fb5e687a78a6b4cdb8be1a46da80044002edc0462d28ad970e1670b1808f68455a3,JF149723,,2/19/2022 16:40,30,NO CONTROLS,NO CONTROLS,CLEAR,DAYLIGHT,REAR END,NOT DIVIDED,,STRAIGHT AND LEVEL,DRY,UNKNOWN,ON SCENE,NO INJURY / DRIVE AWAY,,,,"OVER $1,500",2/19/2022 16:43,"VISION OBSCURED (SIGNS, TREE LIMBS, BUILDINGS, ETC.)",FOLLOWING TOO CLOSELY,784,W,DIVISION ST,1822,,,,,,,2,NO INDICATION OF INJURY,0,0,0,0,0,2,0,16,7,2,41.90374714,-87.64808078,POINT (-87.648080779561 41.903747138119)
181ebdee1c1ef0fcda59a7c616bb91fbd6cef5667e5cdcae606dea9cca994dedf7dbe6a3d326d96fc547e1d1d38a27d47d042722350a3d41f9428c1fbc3d8942,,N,3/27/2022 2:13,30,NO CONTROLS,NO CONTROLS,CLEAR,"DARKNESS, LIGHTED ROAD",PARKED MOTOR VEHICLE,NOT DIVIDED,,STRAIGHT AND LEVEL,DRY,NO DEFECTS,ON SCENE,NO INJURY / DRIVE AWAY,,,Y,"OVER $1,500",3/27/2022 2:17,UNABLE TO DETERMINE,UNABLE TO DETERMINE,765,S,KOLMAR AVE,1131,,,,,,,3,NO INDICATION OF INJURY,0,0,0,0,0,1,0,2,1,3,41.87058495,-87.73880059,POINT (-87.738800594091 41.870584954156)
b10e5899f0998507dc77a41f83bfae56fc6600a70c27b09b9532374ceaacb9cec1f0cf237070950c4cc960b3e25b405fd296544f4f3312d0e643b9547c800c7c,JF186726,,3/25/2022 19:10,30,NO CONTROLS,NO CONTROLS,CLEAR,DAYLIGHT,SIDESWIPE SAME DIRECTION,ONE-WAY,,STRAIGHT AND LEVEL,DRY,NO DEFECTS,NOT ON SCENE (DESK REPORT),NO INJURY / DRIVE AWAY,,,,"$501 - $1,500",3/25/2022 21:40,NOT APPLICABLE,NOT APPLICABLE,501,S,WELLS ST,123,,,,,,,2,NO INDICATION OF INJURY,0,0,0,0,0,2,0,19,6,3,41.8755372,-87.63351022,POINT (-87.633510217783 41.875537195373)
aa2dfac2b97d63204ddb024eca73b2d16ff69a7fad786fcec4d635f23cb0f54f5147af4e0a17c648720890c86016b6000b59ec2d84a936a60d46af1ee131c931,JF164410,,3/5/2022 14:04,35,TRAFFIC SIGNAL,FUNCTIONING PROPERLY,CLEAR,DAYLIGHT,REAR END,DIVIDED - W/MEDIAN (NOT RAISED),,STRAIGHT AND LEVEL,DRY,NO DEFECTS,ON SCENE,INJURY AND / OR TOW DUE TO CRASH,,,,"OVER $1,500",3/5/2022 15:44,FAILING TO REDUCE SPEED TO AVOID CRASH,NOT APPLICABLE,3045,N,KIMBALL AVE,1412,,,,,,,2,NO INDICATION OF INJURY,0,0,0,0,0,2,0,14,7,3,41.93707576,-87.71227195,POINT (-87.712271950026 41.937075759013)
ac366ad3f5ca1c538cd85cca9975206fa3baea77e97636931a209fb4b9b3483f1cf212ec9ce353eeef6116e05b930eff03ec8bba536c48055e779b3e14fbcd80,JF179624,,3/19/2022 17:20,35,TRAFFIC SIGNAL,FUNCTIONING PROPERLY,RAIN,DAYLIGHT,REAR END,NOT DIVIDED,,STRAIGHT AND LEVEL,WET,NO DEFECTS,ON SCENE,NO INJURY / DRIVE AWAY,,,,"OVER $1,500",3/19/2022 17:25,FOLLOWING TOO CLOSELY,FOLLOWING TOO CLOSELY,1199,N,LAKE SHORE DR,1824,,,,,,,2,NO INDICATION OF INJURY,0,0,0,0,0,2,0,17,7,3,41.90398642,-87.62484912,POINT (-87.624849123547 41.903986423479)
ac5edecb26bdf5b5c9d536fff1aabf526e676bc746e56add4f82ee028c49f7a88cebaa8d6ac6f7fb90467e660795f7f10cd37cc3deafefa98672052aff287269,JF178955,,3/19/2022 2:08,30,TRAFFIC SIGNAL,FUNCTIONING PROPERLY,RAIN,"DARKNESS, LIGHTED ROAD",FIXED OBJECT,DIVIDED - W/MEDIAN BARRIER,,STRAIGHT AND LEVEL,WET,NO DEFECTS,ON SCENE,INJURY AND / OR TOW DUE TO CRASH,,,,"OVER $1,500",3/19/2022 2:26,UNABLE TO DETERMINE,NOT APPLICABLE,43,W,69TH ST,731,,,,,,,1,"REPORTED, NOT EVIDENT",1,0,0,0,1,0,0,2,7,3,41.7690611,-87.62670105,POINT (-87.626701046614 41.769061097295)
6256c11e787aa3253b6af4065d0f4865e445fd1e281573774b82997196aab24b6175a097db9799a5868b2634008e4340c577c5e3589fcfcb104c8f458daa2b9f,JF156552,,2/26/2022 10:15,45,NO CONTROLS,NO CONTROLS,CLEAR,DAYLIGHT,FIXED OBJECT,DIVIDED - W/MEDIAN BARRIER,,STRAIGHT AND LEVEL,DRY,NO DEFECTS,ON SCENE,INJURY AND / OR TOW DUE TO CRASH,,,,"OVER $1,500",2/26/2022 10:15,FAILING TO REDUCE SPEED TO AVOID CRASH,DRIVING SKILLS/KNOWLEDGE/EXPERIENCE,3900,S,LAKE SHORE DR SB,212,,,,,,,1,NO INDICATION OF INJURY,0,0,0,0,0,1,0,10,7,2,41.82588259,-87.60097185,POINT (-87.600971854237 41.825882585011)
acb80f6d3f8c31bfcc55e42d2b6e5a27af4387f50f10f60aab4df01a3641c21bbe426e685bed8dd02ccad77d99050b3e0d7d877e6a2b697b274f372771245570,JF179184,,3/19/2022 10:10,30,TRAFFIC SIGNAL,FUNCTIONING PROPERLY,CLEAR,DAYLIGHT,TURNING,NOT DIVIDED,,STRAIGHT AND LEVEL,WET,NO DEFECTS,ON SCENE,NO INJURY / DRIVE AWAY,Y,,,"OVER $1,500",3/19/2022 10:13,FAILING TO YIELD RIGHT-OF-WAY,IMPROPER TURNING/NO SIGNAL,2400,N,CENTRAL PARK AVE,2524,,,,,,,2,NO INDICATION OF INJURY,0,0,0,0,0,2,0,10,7,3,41.92469215,-87.71714291,POINT (-87.717142910619 41.924692154013)
ad6dbfeeef6ad1f47f2a2b4750a83eb2c16742be68e5c0473bc9d7820d9ef2abcc1beb6be45a3f5d99398ae6c713f7d69dd7660dd5f2fd0f8eeedff21b971219,JF179581,,3/19/2022 16:39,15,NO CONTROLS,NO CONTROLS,CLEAR,DAYLIGHT,PARKED MOTOR VEHICLE,ONE-WAY,,STRAIGHT AND LEVEL,WET,NO DEFECTS,ON SCENE,NO INJURY / DRIVE AWAY,,,,$500 OR LESS,3/19/2022 16:41,UNABLE TO DETERMINE,NOT APPLICABLE,6203,S,SACRAMENTO AVE,823,,,,,,,2,NO INDICATION OF INJURY,0,0,0,0,0,1,0,16,7,3,41.78071881,-87.6981662,POINT (-87.698166196165 41.780718810017)
62d879f634f2b8d916dada6b9664e8802dce86df8cf20444de2489e51c45ac8372faa81097fd519d8a9814b991eed80d73c9aaa8981e20b63247b84b12ad3dfa,JF156581,,2/26/2022 10:30,30,NO CONTROLS,NO CONTROLS,CLEAR,DAYLIGHT,SIDESWIPE SAME DIRECTION,NOT DIVIDED,,STRAIGHT AND LEVEL,DRY,NO DEFECTS,ON SCENE,INJURY AND / OR TOW DUE TO CRASH,,,,"OVER $1,500",2/26/2022 10:35,FAILING TO YIELD RIGHT-OF-WAY,NOT APPLICABLE,1723,W,DEVON AVE,2433,,,,,,,2,NO INDICATION OF INJURY,0,0,0,0,0,2,0,10,7,2,41.99792364,-87.67291498,POINT (-87.672914984215 41.997923642893)
ad735fc5411aab6d4b23090781abbf834dc1f05ce7078fb839d4e13b98897ddb806b5aa6b24fb703cccce23d5231ab79e50ca6f8dff5f9de8cd47e4ae08ffebc,JF179756,,3/19/2022 3:50,30,TRAFFIC SIGNAL,FUNCTIONING PROPERLY,CLEAR,"DARKNESS, LIGHTED ROAD",ANGLE,ONE-WAY,,STRAIGHT AND LEVEL,DRY,NO DEFECTS,NOT ON SCENE (DESK REPORT),NO INJURY / DRIVE AWAY,,,,"$501 - $1,500",3/19/2022 20:48,DISREGARDING TRAFFIC SIGNALS,FAILING TO REDUCE SPEED TO AVOID CRASH,99,W,OHIO ST,1831,,,,,,,2,NO INDICATION OF INJURY,0,0,0,0,0,2,0,3,7,3,41.89231842,-87.63107065,POINT (-87.631070653192 41.892318420842)
ab50fa268ac558cd5146ae8eb81eefd2d6db42917cd519a760bd96c88eebb25d5faa9cb9f8f59186e9753d36fe16041fcc435bc69cac9941b7c355c61c33b6c4,JF165359,,3/5/2022 21:30,30,NO CONTROLS,NO CONTROLS,CLEAR,"DARKNESS, LIGHTED ROAD",OTHER NONCOLLISION,NOT DIVIDED,,STRAIGHT AND LEVEL,UNKNOWN,"RUT, HOLES",NOT ON SCENE (DESK REPORT),NO INJURY / DRIVE AWAY,,,,"$501 - $1,500",3/6/2022 16:45,ROAD ENGINEERING/SURFACE/MARKING DEFECTS,NOT APPLICABLE,45,N,WESTERN AVE,1223,,,,,,,1,NO INDICATION OF INJURY,0,0,0,0,0,1,0,21,7,3,41.88251162,-87.68632443,POINT (-87.686324433222 41.882511624325)
636363688cb35d65f1f7a8aea971209e1edda4940f4c83e0a71eccd76fc120d0a7df4d2ac0ffead95cd8949a53db01c6f048afd833cff0a5247c60b504f585ad,JF158606,,2/26/2022 11:00,30,NO CONTROLS,NO CONTROLS,CLEAR,DAYLIGHT,PARKED MOTOR VEHICLE,NOT DIVIDED,,STRAIGHT AND LEVEL,DRY,NO DEFECTS,NOT ON SCENE (DESK REPORT),NO INJURY / DRIVE AWAY,,,,"$501 - $1,500",2/28/2022 12:00,"EVASIVE ACTION DUE TO ANIMAL, OBJECT, NONMOTORIST",UNABLE TO DETERMINE,11039,S,CAMPBELL AVE,2212,,,,,,,2,NO INDICATION OF INJURY,0,0,0,0,0,1,0,11,7,2,41.69240797,-87.6835215,POINT (-87.683521504108 41.692407974004)
b2409da79805cf68f5ebd1a7bf978cda09545b55303e176bb8db982e8d8e7a9c0e7cb4efd4fffb59219c8440d074b0f0a4dc38fd9d0ecec67e112f7df475de7f,JD372075,,9/19/2020 5:11,25,NO CONTROLS,NO CONTROLS,CLEAR,DAWN,PARKED MOTOR VEHICLE,ONE-WAY,,STRAIGHT AND LEVEL,DRY,NO DEFECTS,,NO INJURY / DRIVE AWAY,,,,$500 OR LESS,9/19/2020 5:24,UNABLE TO DETERMINE,NOT APPLICABLE,10416,S,MARYLAND AVE,512,,,,,,,2,NO INDICATION OF INJURY,0,0,0,0,0,1,0,5,7,9,41.70510559,-87.60288671,POINT (-87.602886713778 41.70510558891)
317d965f931fe727892bbdadb26faf7d335e4c6193a0ce8b1a7c30b322937bfc562299f90230b9b4da2e1c26824f9281765ba35209be570025320ac8e68e2b5c,JF188412,,3/23/2022 17:00,10,NO CONTROLS,NO CONTROLS,UNKNOWN,UNKNOWN,ANGLE,PARKING LOT,,STRAIGHT AND LEVEL,UNKNOWN,UNKNOWN,NOT ON SCENE (DESK REPORT),NO INJURY / DRIVE AWAY,,,,"$501 - $1,500",3/27/2022 17:05,UNABLE TO DETERMINE,NOT APPLICABLE,12600,S,TORRENCE AVE,433,,,,,,,2,NO INDICATION OF INJURY,0,0,0,0,0,2,0,17,4,3,41.66611299,-87.55900308,POINT (-87.559003080261 41.666112991211)
78a329b559dd50980689c882f408e3417bb1c52009ec7bd07659b43087b4b601013397ea38ff523c95ca9c48f9c7f41f6ce4f2ea4d9d06299a12412ce1b1b57c,JF150563,,2/19/2022 20:30,30,NO CONTROLS,NO CONTROLS,CLEAR,"DARKNESS, LIGHTED ROAD",PARKED MOTOR VEHICLE,ONE-WAY,,STRAIGHT AND LEVEL,DRY,NO DEFECTS,NOT ON SCENE (DESK REPORT),NO INJURY / DRIVE AWAY,,,Y,"$501 - $1,500",2/20/2022 15:50,UNABLE TO DETERMINE,UNABLE TO DETERMINE,8147,S,WOOD ST,614,,,,,,,2,NO INDICATION OF INJURY,0,0,0,0,0,1,0,20,7,2,41.74526231,-87.66802006,POINT (-87.668020056568 41.745262305987)
78a45a19432d89ed24a325f96687299f8dc910791525aea814746bceaabece0f4b3c4543f939a55936025093912ac4e1735e58178ea73f40ed54fcc1e19129e0,JF151388,Y,2/19/2022 12:00,25,NO CONTROLS,NO CONTROLS,CLEAR,"DARKNESS, LIGHTED ROAD",PARKED MOTOR VEHICLE,NOT DIVIDED,,STRAIGHT AND LEVEL,DRY,NO DEFECTS,NOT ON SCENE (DESK REPORT),NO INJURY / DRIVE AWAY,,,Y,"$501 - $1,500",2/19/2022 13:15,UNABLE TO DETERMINE,UNABLE TO DETERMINE,2901,S,DR MARTIN LUTHER KING JR DR,133,,,,,,,2,NO INDICATION OF INJURY,0,0,0,0,0,1,0,12,7,2,41.84198407,-87.61705417,POINT (-87.617054173346 41.841984074087)
7902ecfb7fe885789501899b7e6f1877c2367cbce1bba1dfaede78f9fbc35716b9c450c8e8557c6958b837a4f869fdbd54af4d998f909afe652c6f6f9b063796,JF149709,,2/19/2022 16:30,30,NO CONTROLS,NO CONTROLS,CLEAR,DAYLIGHT,SIDESWIPE SAME DIRECTION,DIVIDED - W/MEDIAN (NOT RAISED),,STRAIGHT AND LEVEL,DRY,UNKNOWN,NOT ON SCENE (DESK REPORT),NO INJURY / DRIVE AWAY,,,,"OVER $1,500",2/19/2022 16:45,DISTRACTION - FROM INSIDE VEHICLE,CELL PHONE USE OTHER THAN TEXTING,1117,W,74TH ST,733,,,,,,,2,NO INDICATION OF INJURY,0,0,0,0,0,2,0,16,7,2,41.75951229,-87.65227627,POINT (-87.652276274173 41.759512286781)
b2421ed1c4189a06dbe19b3ae54cc2396dcff7b77771e0f85537279bae410a194c446cc096aea39397245693cb982df417d08bf92e6261ec202e20c257c97e62,JE193855,,4/6/2021 14:00,30,NO CONTROLS,UNKNOWN,UNKNOWN,DAYLIGHT,PARKED MOTOR VEHICLE,NOT DIVIDED,,STRAIGHT AND LEVEL,UNKNOWN,UNKNOWN,,INJURY AND / OR TOW DUE TO CRASH,,,,"OVER $1,500",4/6/2021 14:40,UNABLE TO DETERMINE,NOT APPLICABLE,6306,S,STEWART AVE,722,,,,,,,2,NO INDICATION OF INJURY,0,0,0,0,0,1,0,14,3,4,41.77964453,-87.63519004,POINT (-87.635190037944 41.779644529443)