CRASH_RECORD_ID,RD_NO,CRASH_DATE_EST_I,CRASH_DATE,POSTED_SPEED_LIMIT,TRAFFIC_CONTROL_DEVICE,DEVICE_CONDITION,WEATHER_CONDITION,LIGHTING_CONDITION,FIRST_CRASH_TYPE,TRAFFICWAY_TYPE,LANE_CNT,ALIGNMENT,ROADWAY_SURFACE_COND,ROAD_DEFECT,REPORT_TYPE,CRASH_TYPE,INTERSECTION_RELATED_I,NOT_RIGHT_OF_WAY_I,HIT_AND_RUN_I,DAMAGE,DATE_POLICE_NOTIFIED,PRIM_CONTRIBUTORY_CAUSE,SEC_CONTRIBUTORY_CAUSE,STREET_NO,STREET_DIRECTION,STREET_NAME,BEAT_OF_OCCURRENCE,PHOTOS_TAKEN_I,STATEMENTS_TAKEN_I,DOORING_I,WORK_ZONE_I,WORK_ZONE_TYPE,WORKERS_PRESENT_I,NUM_UNITS,MOST_SEVERE_INJURY,INJURIES_TOTAL,INJURIES_FATAL,INJURIES_INCAPACITATING,INJURIES_NON_INCAPACITATING,INJURIES_REPORTED_NOT_EVIDENT,INJURIES_NO_INDICATION,INJURIES_UNKNOWN,CRASH_HOUR,CRASH_DAY_OF_WEEK,CRASH_MONTH,LATITUDE,LONGITUDE,LOCATION
317ec1e37792abe6d917b503dd33bd35d44bae0120f418d7891d89c2882ba9a6215203234bf6bc352381489f1d509c761bad0bea73b2baedd371c47227606646,,,3/27/2022 18:31,30,NO CONTROLS,NO CONTROLS,CLEAR,DAYLIGHT,FIXED OBJECT,ONE-WAY,,STRAIGHT AND LEVEL,DRY,NO DEFECTS,ON SCENE,INJURY AND / OR TOW DUE TO CRASH,,,,"OVER $1,500",3/27/2022 18:43,UNABLE TO DETERMINE,UNABLE TO DETERMINE,5116,W,MAYPOLE AVE,1532,,,,,,,1,NO INDICATION OF INJURY,0,0,0,0,0,1,0,18,1,3,41.8844536,-87.7535638,POINT (-87.753563798633 41.884453601981)
63f4bccb520d01fd010f98bbfd87d88e8a03cd007862352e876954eccf2bf7d9d3f7bbf00ab64f7299ac7242fd2c9603a6fb382d8f8aeaec3bda28e450e25eaa,JF156324,,2/26/2022 1:48,30,STOP SIGN/FLASHER,FUNCTIONING PROPERLY,SLEET/HAIL,DARKNESS,ANGLE,FOUR WAY,,STRAIGHT AND LEVEL,WET,UNKNOWN,ON SCENE,NO INJURY / DRIVE AWAY,Y,,,"$501 - $1,500",2/26/2022 1:52,FAILING TO YIELD RIGHT-OF-WAY,WEATHER,3400,N,RACINE AVE,1924,,Y,,,,,2,NO INDICATION OF INJURY,0,0,0,0,0,2,0,1,7,2,41.94353641,-87.65922105,POINT (-87.65922104519 41.943536411136)
64465ef4b396fcc39f1367c399eaae76686687474d00ab974aa792009276b3504178ef2c84a7ed2d916ac312c2a06beb231dad27a0268648a4c77c0c4b52f492,JF156411,,2/26/2022 5:15,30,TRAFFIC SIGNAL,FUNCTIONING PROPERLY,CLEAR,"DARKNESS, LIGHTED ROAD",TURNING,FOUR WAY,,STRAIGHT AND LEVEL,DRY,NO DEFECTS,ON SCENE,INJURY AND / OR TOW DUE TO CRASH,,,Y,"OVER $1,500",2/26/2022 5:16,IMPROPER TURNING/NO SIGNAL,FAILING TO YIELD RIGHT-OF-WAY,1600,E,87TH ST,412,,,,,,,2,NO INDICATION OF INJURY,0,0,0,0,0,2,0,5,7,2,41.73703099,-87.58508645,POINT (-87.585086453532 41.737030992315)
33b83028533a18b3a558d22d5db55d48de476804c4d70e7a8ba5b40965dea0af63a786b37463a547418abbfa3ce9f955bbfd847fe8d119b15a06f1cf08067f5c,,,3/27/2022 10:00,30,TRAFFIC SIGNAL,FUNCTIONING PROPERLY,CLEAR,DAYLIGHT,ANGLE,FOUR WAY,,STRAIGHT AND LEVEL,DRY,NO DEFECTS,ON SCENE,INJURY AND / OR TOW DUE TO CRASH,Y,,,"OVER $1,500",3/27/2022 10:08,DISREGARDING TRAFFIC SIGNALS,FAILING TO YIELD RIGHT-OF-WAY,1300,N,WESTERN AVE,1423,,,,,,,2,NONINCAPACITATING INJURY,2,0,0,2,0,0,0,10,1,3,41.90493125,-87.6872251,POINT (-87.687225094559 41.904931250046)
338830937c8615fda524b65d5ea0f6e68383dff176943bcc06c29e2dbb8dacb1f2165749f010574b1e7279b4c2781063a19babd0d40cc0858e65bc9b488aac91,JF187521,,3/26/2022 17:45,30,TRAFFIC SIGNAL,FUNCTIONING PROPERLY,CLEAR,DAYLIGHT,REAR END,ONE-WAY,,STRAIGHT AND LEVEL,DRY,UNKNOWN,ON SCENE,NO INJURY / DRIVE AWAY,,,Y,"OVER $1,500",3/26/2022 18:01,FOLLOWING TOO CLOSELY,NOT APPLICABLE,7045,S,LAFAYETTE AVE,731,,,,,,,2,NO INDICATION OF INJURY,0,0,0,0,0,2,0,17,7,3,41.76592734,-87.62640944,POINT (-87.626409442352 41.765927342105)
63eabe87f077a380310d2fe4aca28f6267d5c80b0fa45b5d946cfcf0eba40fb14025013686e192ee56ce140e36b9db1fdd722ed345246d197c0d473776dc34e9,JD302179,,7/18/2020 20:51,30,NO CONTROLS,NO CONTROLS,CLEAR,"DARKNESS, LIGHTED ROAD",REAR TO FRONT,PARKING LOT,,STRAIGHT AND LEVEL,DRY,NO DEFECTS,,NO INJURY / DRIVE AWAY,,,Y,"OVER $1,500",7/18/2020 21:38,IMPROPER BACKING,UNABLE TO DETERMINE,4142,N,ELSTON AVE,1723,,,,,,,2,NO INDICATION OF INJURY,0,0,0,0,0,2,0,20,7,7,41.95606956,-87.72283569,POINT (-87.722835687141 41.956069564265)
ac9f261c03c66285f2de77c2e7b74de75ae2f8739748e2344bfb8fc8824a5c0a4f850f5b45cbd1a903cbe52e2771316a537865d0f032e95c169659aa283d501b,JE403710,,10/9/2021 10:15,25,NO CONTROLS,NO CONTROLS,CLEAR,DAYLIGHT,PARKED MOTOR VEHICLE,NOT DIVIDED,,STRAIGHT AND LEVEL,DRY,NO DEFECTS,,INJURY AND / OR TOW DUE TO CRASH,,,,"OVER $1,500",10/9/2021 10:15,UNABLE TO DETERMINE,NOT APPLICABLE,7039,N,SHERIDAN RD,2423,,,,,,,5,NONINCAPACITATING INJURY,2,0,0,2,0,0,0,10,7,10,42.01036715,-87.66232207,POINT (-87.662322067584 42.010367145799)
ad8405d5d008a7e4e11b95d4f9591c27c0e5028c6f09b8722c0d79be9e51c8c33f00c407fe5e6ca256130f2fccebd5bce36a9227fc8e185048d65b90591a649d,JF164433,,3/5/2022 16:54,30,TRAFFIC SIGNAL,FUNCTIONING PROPERLY,CLEAR,DAYLIGHT,TURNING,FOUR WAY,,STRAIGHT AND LEVEL,DRY,NO DEFECTS,ON SCENE,INJURY AND / OR TOW DUE TO CRASH,Y,,,"OVER $1,500",3/5/2022 17:00,TURNING RIGHT ON RED,FAILING TO YIELD RIGHT-OF-WAY,12659,S,HALSTED ST,523,,,,,,,2,NO INDICATION OF INJURY,0,0,0,0,0,2,0,16,7,3,41.66333889,-87.64127765,POINT (-87.641277649552 41.663338886782)
658fec1548f23394132b8a1d1a6d600d76cd3892c2d441ceb8739588351b3875385e7a7bfafc51275f39c711514042f36667f7645ac8e012cdcace1c37647913,JF160918,,2/26/2022 12:10,30,NO CONTROLS,NO CONTROLS,CLEAR,DAYLIGHT,SIDESWIPE SAME DIRECTION,ONE-WAY,,STRAIGHT AND LEVEL,DRY,NO DEFECTS,NOT ON SCENE (DESK REPORT),NO INJURY / DRIVE AWAY,,,,"OVER $1,500",3/2/2022 13:30,FAILING TO YIELD RIGHT-OF-WAY,NOT APPLICABLE,721,N,ADA ST,1215,,,,,,,2,NO INDICATION OF INJURY,0,0,0,0,0,2,0,12,7,2,41.89505745,-87.66122964,POINT (-87.661229639818 41.895057451777)
7a5b78c3d2a01833a3c035f7f45e67e0161870e4b783bea785402e7b0717d4a013cd30b326e1b81ac5beb42a50b758faddc24dcec848bca62c04eec67069dc21,JF149813,,2/19/2022 18:16,30,STOP SIGN/FLASHER,FUNCTIONING PROPERLY,CLEAR,"DARKNESS, LIGHTED ROAD",ANGLE,FOUR WAY,,STRAIGHT AND LEVEL,UNKNOWN,UNKNOWN,ON SCENE,INJURY AND / OR TOW DUE TO CRASH,Y,,,"OVER $1,500",2/19/2022 18:16,FAILING TO REDUCE SPEED TO AVOID CRASH,FAILING TO REDUCE SPEED TO AVOID CRASH,10200,S,EWING AVE,432,,,,,,,2,NONINCAPACITATING INJURY,1,0,0,1,0,3,0,18,7,2,41.70995467,-87.53543113,POINT (-87.535431128125 41.70995466518)
aece4791b471047025ce03d7b43767e15144a059f2337853a6a8fa3af77aa10857c79393103a1a4d3b1b92b8db8ae71695bdf080df9c029d13d308c89bf21188,JF179663,,3/19/2022 18:00,30,NO CONTROLS,NO CONTROLS,RAIN,DAYLIGHT,PARKED MOTOR VEHICLE,NOT DIVIDED,,STRAIGHT AND LEVEL,WET,UNKNOWN,NOT ON SCENE (DESK REPORT),NO INJURY / DRIVE AWAY,,,Y,"$501 - $1,500",3/19/2022 18:45,UNABLE TO DETERMINE,UNABLE TO DETERMINE,8554,S,COTTAGE GROVE AVE,632,,,,,,,2,NO INDICATION OF INJURY,0,0,0,0,0,1,0,18,7,3,41.7387136,-87.60502775,POINT (-87.605027745665 41.738713595665)
b28dc77f094b721b7bf6d565a7c40f9cc8ad9040d0380733726d240198648a52c4ff9dce16def0ca98b7180ada032b5e9089509744274e877c99cc5176f01d75,JF185751,,3/25/2022 5:40,25,NO CONTROLS,NO CONTROLS,RAIN,"DARKNESS, LIGHTED ROAD",HEAD ON,ONE-WAY,,STRAIGHT AND LEVEL,WET,UNKNOWN,NOT ON SCENE (DESK REPORT),NO INJURY / DRIVE AWAY,,,,"OVER $1,500",3/25/2022 6:30,IMPROPER BACKING,NOT APPLICABLE,10910,S,AVENUE G,432,,,,,,,2,NO INDICATION OF INJURY,0,0,0,0,0,2,0,5,6,3,41.69689907,-87.53180671,POINT (-87.531806707022 41.696899070372)
3dbe014dd7e73255803a25271cf62e477e64b4c4d2b4c90a6d5c9c38125a431a8e2aaf064d9fb6d64d2e444574f99acbb76633f47503a7b54ec450910f02df36,,,3/28/2022 1:20,40,NO CONTROLS,NO CONTROLS,CLEAR,"DARKNESS, LIGHTED ROAD",OVERTURNED,DIVIDED - W/MEDIAN BARRIER,,"CURVE, LEVEL",DRY,NO DEFECTS,ON SCENE,INJURY AND / OR TOW DUE TO CRASH,,,,"OVER $1,500",3/28/2022 1:29,PHYSICAL CONDITION OF DRIVER,NOT APPLICABLE,6100,N,MANNHEIM RD,1654,,,,,,,1,INCAPACITATING INJURY,1,0,1,0,0,0,0,1,2,3,41.99035914,-87.88129316,POINT (-87.881293163486 41.990359135609)
65be85a40dadbac1f267b1c27571c33b8bcaadb5dbe561bc4bba54eda644c53da166f333052cbe22ba0043cdd0ea745769a6a0ed532e15cc3491eb0fa3dac5c8,JF156402,,2/26/2022 5:15,40,NO CONTROLS,NO CONTROLS,CLEAR,"DARKNESS, LIGHTED ROAD",FIXED OBJECT,DIVIDED - W/MEDIAN BARRIER,,STRAIGHT AND LEVEL,DRY,NO DEFECTS,ON SCENE,NO INJURY / DRIVE AWAY,,,,"OVER $1,500",2/26/2022 5:15,PHYSICAL CONDITION OF DRIVER,NOT APPLICABLE,1800,S,LAKE SHORE DR W,132,,,,,,,1,NO INDICATION OF INJURY,0,0,0,0,0,1,0,5,7,2,41.85784909,-87.61684088,POINT (-87.616840879395 41.857849087118)
65e7570fab7df143586d67499eca6b415bc72fc365974f34ccd17fc2c4c6d0db8522b25c1bf8a361f9b3d0fa7a540621b1bf6b5ca6d00e0f686a9b059452d8c6,JF157126,,2/26/2022 20:35,25,NO CONTROLS,NO CONTROLS,CLEAR,DARKNESS,REAR END,NOT DIVIDED,,STRAIGHT AND LEVEL,DRY,NO DEFECTS,ON SCENE,NO INJURY / DRIVE AWAY,,,,"OVER $1,500",2/26/2022 20:36,UNABLE TO DETERMINE,UNABLE TO DETERMINE,5410,W,FULLERTON AVE,2515,,,,,,,2,NO INDICATION OF INJURY,0,0,0,0,0,2,0,20,7,2,41.92414718,-87.76152771,POINT (-87.761527712083 41.924147180551)
7b10e3b0b44d631412ca9d29b8b36f1b023e52d96f11d0e2dd29246b3804bc7e33e07172be33ffbaf1919b429013754a9cd39cc3d29cbd54cb5232ac9d88819c,JF149150,,2/19/2022 2:05,30,STOP SIGN/FLASHER,FUNCTIONING PROPERLY,SNOW,"DARKNESS, LIGHTED ROAD",ANGLE,T-INTERSECTION,,STRAIGHT AND LEVEL,WET,NO DEFECTS,ON SCENE,INJURY AND / OR TOW DUE TO CRASH,Y,,Y,"OVER $1,500",2/19/2022 2:10,DISREGARDING STOP SIGN,DISREGARDING STOP SIGN,199,E,127TH ST,532,,Y,,,,,2,NONINCAPACITATING INJURY,1,0,0,1,0,2,0,2,7,2,41.66323253,-87.61771683,POINT (-87.617716829553 41.66323253011)
af42bfe464dff3d6e80071ebd6514dc730df2ea77ad2146ba99ce5021723a6678fa2293ab714c46b23d56d40c1caefe8eb18575d3a4fd9dbc177488af99c7f1e,JF178966,Y,3/19/2022 2:34,30,TRAFFIC SIGNAL,FUNCTIONING PROPERLY,RAIN,"DARKNESS, LIGHTED ROAD",REAR END,FOUR WAY,,STRAIGHT AND LEVEL,WET,NO DEFECTS,ON SCENE,NO INJURY / DRIVE AWAY,,,,$500 OR LESS,3/19/2022 2:34,FOLLOWING TOO CLOSELY,WEATHER,9500,S,LEAVITT ST,2213,,,,,,,2,NO INDICATION OF INJURY,0,0,0,0,0,2,0,2,7,3,41.72091719,-87.67736348,POINT (-87.677363474566 41.72091719019)
b2c7cca31fd54e5a86b9c63ce2116ab70059835f5490a692f579ec71484a205f62f375b0789b6e4ba861cc3e3e2572b7b7e557c3442b5b3aae6ed29a0588840d,JE241333,,5/24/2021 15:15,30,TRAFFIC SIGNAL,FUNCTIONING PROPERLY,CLEAR,DAYLIGHT,TURNING,FOUR WAY,,STRAIGHT AND LEVEL,DRY,NO DEFECTS,,NO INJURY / DRIVE AWAY,Y,,,"OVER $1,500",5/24/2021 16:00,UNABLE TO DETERMINE,UNABLE TO DETERMINE,1200,W,CONGRESS PKWY,1231,,,,,,,2,NO INDICATION OF INJURY,0,0,0,0,0,2,0,15,2,5,41.87544973,-87.65706187,POINT (-87.657061870729 41.875449727558)
b011639f3ecc9df90a846e42012013a8d1f0a7221c49cb9ca2e707bd5e37446778a03a15a7ee84a188725ce2a643f46fefe26a6e3062b6c2720c93abf87cbe95,JF179016,,3/19/2022 4:30,30,NO CONTROLS,NO CONTROLS,RAIN,"DARKNESS, LIGHTED ROAD",REAR END,DIVIDED - W/MEDIAN BARRIER,,"CURVE, LEVEL",WET,NO DEFECTS,NOT ON SCENE (DESK REPORT),NO INJURY / DRIVE AWAY,,,Y,"OVER $1,500",3/19/2022 5:00,UNABLE TO DETERMINE,NOT APPLICABLE,1000,N,LAKE SHORE DR SB,1824,,,,,,,2,NO INDICATION OF INJURY,0,0,0,0,0,2,0,4,7,3,41.90095892,-87.61992817,POINT (-87.619928173678 41.900958919109)
7b421614b468884c2dfd84cc935b9a6ff8e0379b383562f2acca591dd28c8301d0bf8e190332d8f4058072954cde0040a2072b8532a642af0a90d9095e64849f,JF149802,,2/19/2022 18:05,25,TRAFFIC SIGNAL,FUNCTIONING PROPERLY,CLEAR,"DARKNESS, LIGHTED ROAD",TURNING,NOT DIVIDED,,STRAIGHT AND LEVEL,DRY,NO DEFECTS,ON SCENE,INJURY AND / OR TOW DUE TO CRASH,Y,,,"OVER $1,500",2/19/2022 18:08,IMPROPER TURNING/NO SIGNAL,FAILING TO REDUCE SPEED TO AVOID CRASH,2000,W,ARMITAGE AVE,1432,,,,,,,2,NO INDICATION OF INJURY,0,0,0,0,0,2,0,18,7,2,41.91786481,-87.67774954,POINT (-87.677749540697 41.917864805963)
b011a79f7bc438b4668476cb4a5ae9978eae46c5287d866bba5497fc322855c7532ca75f40630ff34f60362aed75d9a5b30ea1071818d004f1da02c49ceed96d,JF191895,,3/23/2022 15:45,30,TRAFFIC SIGNAL,FUNCTIONING PROPERLY,RAIN,DAYLIGHT,SIDESWIPE SAME DIRECTION,NOT DIVIDED,,STRAIGHT AND LEVEL,WET,NO DEFECTS,,NO INJURY / DRIVE AWAY,,,Y,"$501 - $1,500",3/30/2022 20:33,IMPROPER OVERTAKING/PASSING,FAILING TO REDUCE SPEED TO AVOID CRASH,3166,W,FULLERTON AVE,1413,,,,,,,2,NO INDICATION OF INJURY,0,0,0,0,0,3,0,15,4,3,41.92482614,-87.70723594,POINT (-87.707235935693 41.924826142208)
7c1b9d26ffe23117afe2b3accd04cc7e76af3f485477753beead5cb14adca4e55610bce2cf2f312b011dd80a3823e8751bdbc23df63f6903731a1b1100e344e7,JF149259,,2/19/2022 8:05,30,TRAFFIC SIGNAL,FUNCTIONING PROPERLY,CLEAR,DAYLIGHT,TURNING,FOUR WAY,,STRAIGHT AND LEVEL,DRY,NO DEFECTS,ON SCENE,NO INJURY / DRIVE AWAY,Y,,Y,"OVER $1,500",2/19/2022 8:05,UNABLE TO DETERMINE,UNABLE TO DETERMINE,1600,N,HUMBOLDT BLVD,1421,,,,,,,2,NO INDICATION OF INJURY,0,0,0,0,0,3,0,8,7,2,41.91026903,-87.70201587,POINT (-87.702015872469 41.910269033664)
b04dbfdea86fd2f509c419a7632bdd4f4d48e0cf5bc0e2d4e59ee743ec18a01786d06e6aa73f91174d99a350fafeabb6dc7427a4ddaf90228be8b4d517b8ffe0,JD168158,,2/28/2020 15:00,30,UNKNOWN,UNKNOWN,CLEAR,DAYLIGHT,REAR END,NOT DIVIDED,,STRAIGHT AND LEVEL,DRY,UNKNOWN,,NO INJURY / DRIVE AWAY,,,,"OVER $1,500",2/28/2020 16:15,UNABLE TO DETERMINE,NOT APPLICABLE,3201,S,PULASKI RD,1031,,,,,,,2,NO INDICATION OF INJURY,0,0,0,0,0,2,0,15,6,2,41.83497592,-87.72416125,POINT (-87.724161252848 41.834975917455)
b332434dd4fa8afc081a2d5f75c946adf5c816fe01bf74bd0f6bd6d317be5e75a302b6167090843af96b860e20c114a5bcbd5bc0a14ea282d3a4db8e4c75d972,JE344948,,8/21/2021 13:01,35,NO CONTROLS,NO CONTROLS,CLEAR,DAYLIGHT,PARKED MOTOR VEHICLE,DIVIDED - W/MEDIAN BARRIER,,STRAIGHT AND LEVEL,DRY,NO DEFECTS,,NO INJURY / DRIVE AWAY,,,Y,"OVER $1,500",8/21/2021 13:05,UNABLE TO DETERMINE,UNABLE TO DETERMINE,4643,S,ASHLAND AVE,924,,,,,,,2,NO INDICATION OF INJURY,0,0,0,0,0,1,0,13,7,8,41.80923782,-87.66484094,POINT (-87.664840935711 41.809237821758)
b355226ef6b838344ba42f9496285e531327e07f0a8daf74e6b07a26a3ffdc9281f4cf37f8ca0ec6d6942b2eb1222cd2c5940303b278a25a62dc422b16ccea32,JC451156,,9/27/2019 20:20,30,TRAFFIC SIGNAL,FUNCTIONING PROPERLY,RAIN,"DARKNESS, LIGHTED ROAD",REAR END,NOT DIVIDED,,STRAIGHT AND LEVEL,WET,NO DEFECTS,,NO INJURY / DRIVE AWAY,Y,,Y,"$501 - $1,500",9/27/2019 20:21,UNABLE TO DETERMINE,UNABLE TO DETERMINE,2350,W,47TH ST,924,,,,,,,2,NO INDICATION OF INJURY,0,0,0,0,0,2,0,20,6,9,41.80852657,-87.68377824,POINT (-87.683778235311 41.808526571636)
673223e9a609ba1b93c101fab0c5475f768d19470a8da0bd285bae6b7862bad0176264cf0861b80104fc4aab48c250464909ee0cd1550cf10c1eb50f2873caff,JF158584,,2/26/2022 16:00,30,NO CONTROLS,NO CONTROLS,CLEAR,DAYLIGHT,PARKED MOTOR VEHICLE,PARKING LOT,,STRAIGHT AND LEVEL,DRY,NO DEFECTS,NOT ON SCENE (DESK REPORT),NO INJURY / DRIVE AWAY,,,,"$501 - $1,500",2/28/2022 12:14,IMPROPER BACKING,UNABLE TO DETERMINE,12814,S,LOWE AVE,523,,,,,,,2,NO INDICATION OF INJURY,0,0,0,0,0,1,0,16,7,2,41.66100537,-87.63789454,POINT (-87.637894535967 41.661005366343)
aedbaa20615244261713f2928919f9a4c814990bd1ce42cc7dcba3ce68f073bb68724e794d046f2614b8fdaa365f34dfe51cac6b419eddb3ef1fba85ee86d84a,JF164482,,3/5/2022 18:05,30,TRAFFIC SIGNAL,FUNCTIONING PROPERLY,CLEAR,DUSK,TURNING,FOUR WAY,,STRAIGHT AND LEVEL,DRY,NO DEFECTS,ON SCENE,NO INJURY / DRIVE AWAY,,,,"OVER $1,500",3/5/2022 18:11,FAILING TO YIELD RIGHT-OF-WAY,NOT APPLICABLE,1588,E,67TH ST,331,,,,,,,2,NO INDICATION OF INJURY,0,0,0,0,0,3,0,18,7,3,41.77345395,-87.58611392,POINT (-87.586113923166 41.773453951546)
aeef21a22fd15c7ce18b961c1fef3940a2e98203a1f838263ca5fc90dc3ab1037c49e7d89e20f5b6bffe3386f77624542555de3a0489bc82ca5c6868d17b308a,JF164461,,3/5/2022 16:45,45,NO CONTROLS,NO CONTROLS,CLEAR,DAYLIGHT,REAR END,ONE-WAY,,STRAIGHT AND LEVEL,DRY,NO DEFECTS,NOT ON SCENE (DESK REPORT),NO INJURY / DRIVE AWAY,,,,"$501 - $1,500",3/5/2022 17:50,UNABLE TO DETERMINE,NOT APPLICABLE,2400,N,LAKE SHORE DR SB,1935,,,,,,,2,NO INDICATION OF INJURY,0,0,0,0,0,2,0,16,7,3,41.92616072,-87.63151467,POINT (-87.631514664826 41.926160719812)
6826e6e16b00ffb2a67f267700f1ee9e8acb6e16c6ece93815d90846e63ac0ce818302c4b70776484048c48b84f74d2147e4410cbfb3771098e90e1d76187e48,JF156740,,2/26/2022 11:30,20,NO CONTROLS,NO CONTROLS,CLEAR,DAYLIGHT,REAR TO FRONT,UNKNOWN,,STRAIGHT AND LEVEL,DRY,NO DEFECTS,NOT ON SCENE (DESK REPORT),NO INJURY / DRIVE AWAY,,,,"OVER $1,500",2/26/2022 13:30,UNABLE TO DETERMINE,NOT APPLICABLE,2567,S,EMERALD AVE,914,,,,,,,2,NO INDICATION OF INJURY,0,0,0,0,0,2,0,11,7,2,41.84565596,-87.64528809,POINT (-87.645288093068 41.845655963302)
b09edc65c73ad284dc878e23db4b513297dc2feaa5b10b53b9275c15d04d0c35d6300fe38a3e0e2b97c833b5301faf4c84e9da41ed591c20f6553e8043a749f1,JF164319,,3/5/2022 15:25,30,NO CONTROLS,NO CONTROLS,CLEAR,DAYLIGHT,TURNING,DIVIDED - W/MEDIAN (NOT RAISED),,STRAIGHT AND LEVEL,DRY,NO DEFECTS,ON SCENE,INJURY AND / OR TOW DUE TO CRASH,Y,,,"OVER $1,500",3/5/2022 15:25,UNABLE TO DETERMINE,UNABLE TO DETERMINE,8400,S,KEDZIE AVE,834,,,,,,,2,"REPORTED, NOT EVIDENT",1,0,0,0,1,1,0,15,7,3,41.74062079,-87.70229118,POINT (-87.702291178055 41.740620792259)
5a9fa40ccdb4c478b85a8c4ef386c6570efbfc1d4a87adec8dcb0ab26ffa5941d3f15a3e32339c24f78f969733061bb9cd8b84b1c03868f70d833b1ee5f787d7,,,3/28/2022 2:10,30,TRAFFIC SIGNAL,NO CONTROLS,CLEAR,"DARKNESS, LIGHTED ROAD",REAR END,NOT DIVIDED,,STRAIGHT AND LEVEL,DRY,NO DEFECTS,NOT ON SCENE (DESK REPORT),NO INJURY / DRIVE AWAY,,,Y,"OVER $1,500",3/28/2022 2:20,FOLLOWING TOO CLOSELY,UNABLE TO DETERMINE,4603,N,PULASKI RD,1723,,,,,,,2,NO INDICATION OF INJURY,0,0,0,0,0,3,0,2,2,3,41.96470448,-87.7277838,POINT (-87.727783802623 41.964704474858)
69c167a35f8066e950cef9b0bd44e4577ea3e8585ca89e692f85c8de370ed78b6aa1aa189899d028d7c346fb70c11f9384ab500156f0df250445fbda2262d993,JF157077,,2/26/2022 16:00,30,NO CONTROLS,NO CONTROLS,CLEAR,DAYLIGHT,PARKED MOTOR VEHICLE,NOT DIVIDED,,STRAIGHT AND LEVEL,DRY,NO DEFECTS,NOT ON SCENE (DESK REPORT),NO INJURY / DRIVE AWAY,,,,"OVER $1,500",2/26/2022 19:15,UNABLE TO DETERMINE,UNABLE TO DETERMINE,2709,E,76TH ST,421,,,,,,,2,NO INDICATION OF INJURY,0,0,0,0,0,1,0,16,7,2,41.75738684,-87.55766631,POINT (-87.557666305603 41.757386835915)
6a2a380b1512737b60c3c542e05f08518d266344bacfe761675309434b2bcd0dfc7e394712e1fd35a84641d3981d35ed1f8db478a8158c4d200174e8f25ba500,JF157296,,2/26/2022 17:00,30,NO CONTROLS,NO CONTROLS,CLEAR,"DARKNESS, LIGHTED ROAD",ANGLE,ALLEY,,STRAIGHT AND LEVEL,UNKNOWN,NO DEFECTS,NOT ON SCENE (DESK REPORT),NO INJURY / DRIVE AWAY,,,,"$501 - $1,500",2/27/2022 1:25,UNABLE TO DETERMINE,NOT APPLICABLE,2400,N,LINDER AVE,2515,,,,,,,2,NO INDICATION OF INJURY,0,0,0,0,0,2,0,17,7,2,41.92410003,-87.76367848,POINT (-87.763678474541 41.924100025418)
b20eb19df3a03bdc97059d5a9f21cd9e513504d80cd2634fe4efbae954b0ef53ebf9101644a429ad86c8e51af59b70c36c2f8d5f46f3408bb66164c5dcb2ebce,JF166214,Y,3/5/2022 9:00,30,NO CONTROLS,NO CONTROLS,UNKNOWN,UNKNOWN,PARKED MOTOR VEHICLE,PARKING LOT,,STRAIGHT AND LEVEL,UNKNOWN,NO DEFECTS,ON SCENE,NO INJURY / DRIVE AWAY,,,Y,$500 OR LESS,3/7/2022 12:42,DRIVING SKILLS/KNOWLEDGE/EXPERIENCE,UNABLE TO DETERMINE,5451,N,EAST RIVER RD,1614,,,,,,,2,NO INDICATION OF INJURY,0,0,0,0,0,1,0,9,7,3,41.97865803,-87.84630906,POINT (-87.846309059516 41.978658030406)
6adc4243e65b5539b4bd61883ea6580e5fc0ab883f4b54d316e3d04c3687f9f2003839f7caca7b93c2f53ca19ffb2614d4e8a516b4a4e5903971f738fc55bab9,JF158392,,2/26/2022 16:55,30,TRAFFIC SIGNAL,FUNCTIONING PROPERLY,CLEAR,DAYLIGHT,REAR END,OTHER,,STRAIGHT AND LEVEL,DRY,NO DEFECTS,NOT ON SCENE (DESK REPORT),NO INJURY / DRIVE AWAY,,,,"$501 - $1,500",2/28/2022 9:15,FOLLOWING TOO CLOSELY,FOLLOWING TOO CLOSELY,23,E,PERSHING RD,213,,,,,,,2,NO INDICATION OF INJURY,0,0,0,0,0,2,0,16,7,2,41.82361847,-87.62534986,POINT (-87.625349855767 41.823618472809)
6af8677a11343ae10b5d36a53fb66bd165297bbc1e35aab1bfda4024d8c969e26dae5659261b910ef4b82fda6eb03e96e44db4d4748da44d6e79077da44dae08,JF157640,,2/26/2022 13:20,30,NO CONTROLS,NO CONTROLS,CLEAR,DAYLIGHT,PARKED MOTOR VEHICLE,NOT DIVIDED,,STRAIGHT AND LEVEL,DRY,NO DEFECTS,NOT ON SCENE (DESK REPORT),NO INJURY / DRIVE AWAY,,,,"OVER $1,500",2/27/2022 12:50,IMPROPER BACKING,NOT APPLICABLE,2711,N,CLARK ST,1935,,,,,,,2,NO INDICATION OF INJURY,0,0,0,0,0,1,0,13,7,2,41.93169155,-87.64432231,POINT (-87.644322310859 41.931691546859)
80e83389cb0f74c1ccf3cdaa87f45106bb1fc44173f177487d642c63181bd2f5574801ef15eec8d505c99afa7c7d2fb626b160ff89605821d56342afcb51d7e7,JF149521,,2/19/2022 13:00,30,TRAFFIC SIGNAL,FUNCTIONING PROPERLY,CLEAR,DAYLIGHT,REAR END,NOT DIVIDED,,STRAIGHT AND LEVEL,DRY,NO DEFECTS,NOT ON SCENE (DESK REPORT),NO INJURY / DRIVE AWAY,,,Y,"OVER $1,500",2/19/2022 13:30,FOLLOWING TOO CLOSELY,UNABLE TO DETERMINE,495,N,OGDEN AVE,1215,,,,,,,2,NO INDICATION OF INJURY,0,0,0,0,0,2,0,13,7,2,41.8909476,-87.6589495,POINT (-87.65894950179 41.890947598575)