CRASH_RECORD_ID,RD_NO,CRASH_DATE_EST_I,CRASH_DATE,POSTED_SPEED_LIMIT,TRAFFIC_CONTROL_DEVICE,DEVICE_CONDITION,WEATHER_CONDITION,LIGHTING_CONDITION,FIRST_CRASH_TYPE,TRAFFICWAY_TYPE,LANE_CNT,ALIGNMENT,ROADWAY_SURFACE_COND,ROAD_DEFECT,REPORT_TYPE,CRASH_TYPE,INTERSECTION_RELATED_I,NOT_RIGHT_OF_WAY_I,HIT_AND_RUN_I,DAMAGE,DATE_POLICE_NOTIFIED,PRIM_CONTRIBUTORY_CAUSE,SEC_CONTRIBUTORY_CAUSE,STREET_NO,STREET_DIRECTION,STREET_NAME,BEAT_OF_OCCURRENCE,PHOTOS_TAKEN_I,STATEMENTS_TAKEN_I,DOORING_I,WORK_ZONE_I,WORK_ZONE_TYPE,WORKERS_PRESENT_I,NUM_UNITS,MOST_SEVERE_INJURY,INJURIES_TOTAL,INJURIES_FATAL,INJURIES_INCAPACITATING,INJURIES_NON_INCAPACITATING,INJURIES_REPORTED_NOT_EVIDENT,INJURIES_NO_INDICATION,INJURIES_UNKNOWN,CRASH_HOUR,CRASH_DAY_OF_WEEK,CRASH_MONTH,LATITUDE,LONGITUDE,LOCATION
6b2582edaa8de96c55584111334990707f1e3ed05c9e102fab9a66961d5b61d16ca2bc6584222a2ade0b7651e6c10166037a59f464b5d05087191f89bb959089,JF157259,,2/26/2022 23:15,30,NO CONTROLS,NO CONTROLS,SNOW,"DARKNESS, LIGHTED ROAD",ANGLE,ONE-WAY,,STRAIGHT AND LEVEL,SNOW OR SLUSH,NO DEFECTS,NOT ON SCENE (DESK REPORT),NO INJURY / DRIVE AWAY,,,,"OVER $1,500",2/27/2022 0:25,FAILING TO YIELD RIGHT-OF-WAY,UNABLE TO DETERMINE,6950,N,OAKLEY AVE,2411,,,,,,,2,NO INDICATION OF INJURY,0,0,0,0,0,2,0,23,7,2,42.00777641,-87.68822244,POINT (-87.688222436115 42.007776413932)
812f666a7cede5735768b4508ff8ccdb631cb7f81fdba660e479ff91498faf7b0ed56c4230710d00527d98599fcdf558e6bcfee07d9c2734e3c4d83324902036,JF152823,,2/19/2022 12:25,30,NO CONTROLS,NO CONTROLS,CLEAR,DAYLIGHT,TURNING,NOT DIVIDED,,STRAIGHT AND LEVEL,DRY,NO DEFECTS,NOT ON SCENE (DESK REPORT),NO INJURY / DRIVE AWAY,,,,"OVER $1,500",2/22/2022 18:00,IMPROPER TURNING/NO SIGNAL,IMPROPER TURNING/NO SIGNAL,2165,W,TOUHY AVE,2411,,,,,,,2,NO INDICATION OF INJURY,0,0,0,0,0,2,0,12,7,2,42.01212276,-87.68549742,POINT (-87.685497420224 42.012122758791)
b296f221f309289e499d290f3223786e38f97730c79d71bb16dcb42f5ce4adec8d2535c3789698200efd37d59a8847f57dbe7271b5e30d730b4cce17efa00967,JF164510,,3/5/2022 18:50,30,NO CONTROLS,NO CONTROLS,CLEAR,"DARKNESS, LIGHTED ROAD",PEDALCYCLIST,ONE-WAY,,STRAIGHT AND LEVEL,DRY,UNKNOWN,ON SCENE,INJURY AND / OR TOW DUE TO CRASH,,,,"OVER $1,500",3/5/2022 18:51,UNABLE TO DETERMINE,UNABLE TO DETERMINE,534,N,CLARK ST,1831,,,Y,,,,2,NONINCAPACITATING INJURY,1,0,0,1,0,2,0,18,7,3,41.89182683,-87.63127921,POINT (-87.631279210382 41.891826827681)
6b9305940de876d2d339339822593e77b895dd8bbdbd12f9b5c04411fb148e2bea8f2b876c471f20cc00343e4152b4ece5a9b410454c5731fafff45eafb371d9,JF156322,,2/26/2022 1:35,30,TRAFFIC SIGNAL,FUNCTIONING PROPERLY,CLEAR,"DARKNESS, LIGHTED ROAD",FIXED OBJECT,Y-INTERSECTION,,STRAIGHT AND LEVEL,SNOW OR SLUSH,NO DEFECTS,ON SCENE,INJURY AND / OR TOW DUE TO CRASH,Y,,,"OVER $1,500",2/26/2022 1:39,EQUIPMENT - VEHICLE CONDITION,UNABLE TO DETERMINE,1,N,OGDEN AVE,1224,,,,,,,1,NO INDICATION OF INJURY,0,0,0,0,0,2,0,1,7,2,41.88143691,-87.66592136,POINT (-87.665921359546 41.881436906939)
6ba2f371eab3ff0250e7817f57905ddeec56eeeb3d2d42acf1602dcbb44622a8e5921d0c1dae2232df62eb4d9081c49a4b22ac0c9c93eb9cf3ad71ab6f61f153,JF156578,,2/26/2022 10:30,30,STOP SIGN/FLASHER,FUNCTIONING PROPERLY,CLEAR,DAYLIGHT,ANGLE,NOT DIVIDED,,STRAIGHT AND LEVEL,DRY,NO DEFECTS,ON SCENE,NO INJURY / DRIVE AWAY,,,,"OVER $1,500",2/26/2022 10:37,DISREGARDING STOP SIGN,DISREGARDING STOP SIGN,7200,S,CHAMPLAIN AVE,323,,,,,,,2,NO INDICATION OF INJURY,0,0,0,0,0,2,0,10,7,2,41.76389781,-87.60932351,POINT (-87.609323504727 41.763897805147)
6ba7a046e6f1420dfdee7c919ba171026566afe13223c6f9ebb04bbaece1fcac7318b73a1bf99c0705d53476f6da9f5140fe6473564d9ad992fc586ad2da65c1,JF156759,,2/26/2022 13:20,30,TRAFFIC SIGNAL,FUNCTIONING PROPERLY,CLEAR,DAYLIGHT,REAR END,NOT DIVIDED,,STRAIGHT AND LEVEL,DRY,NO DEFECTS,NOT ON SCENE (DESK REPORT),NO INJURY / DRIVE AWAY,Y,,Y,"OVER $1,500",2/26/2022 14:00,FOLLOWING TOO CLOSELY,UNABLE TO DETERMINE,800,E,55TH ST,233,,,,,,,2,NO INDICATION OF INJURY,0,0,0,0,0,2,0,13,7,2,41.79507521,-87.60609661,POINT (-87.606096609283 41.795075206809)
b63b11c40c007d895b966ebf5e4d92d2fdaa17f60d0160d5b090131d4f99a34ff1abaeb220037399fbac6671ffa010f1e20039c004f075dd87d579fbe0e1477c,,,4/9/2022 0:57,30,TRAFFIC SIGNAL,FUNCTIONING PROPERLY,RAIN,DARKNESS,FIXED OBJECT,NOT DIVIDED,,STRAIGHT AND LEVEL,WET,"RUT, HOLES",ON SCENE,INJURY AND / OR TOW DUE TO CRASH,,,,"$501 - $1,500",4/9/2022 1:00,ROAD ENGINEERING/SURFACE/MARKING DEFECTS,WEATHER,599,S,CANAL ST,124,,,,,,,1,NO INDICATION OF INJURY,0,0,0,0,0,2,0,0,7,4,41.87450613,-87.63939113,POINT (-87.63939112459 41.874506133919)
b59048c2a2f13e35c812f99f6d434dc0fe8f956487b075b0a003d93bd4353a35a1369e4bab938e379e2dd0fb9006cd0cd210d567050175158f862c9f4c29a978,JE252519,,6/3/2021 16:47,30,NO CONTROLS,NO CONTROLS,CLEAR,DAYLIGHT,SIDESWIPE SAME DIRECTION,FOUR WAY,,STRAIGHT AND LEVEL,DRY,UNKNOWN,,NO INJURY / DRIVE AWAY,,,Y,"OVER $1,500",6/3/2021 16:48,UNABLE TO DETERMINE,NOT APPLICABLE,1439,W,87TH ST,2222,,,,,,,2,NO INDICATION OF INJURY,0,0,0,0,0,4,0,16,5,6,41.73573131,-87.65972882,POINT (-87.659728817358 41.7357313086)
b50886b14083fdebfb7c3e2892f4a377ab2313465781eea9746622c82066e47af449c610042f0fda55e23e3c28ee6e244a08131ca8de480dc2f67722634d27a3,JF179263,,3/19/2022 11:00,30,NO CONTROLS,NO CONTROLS,RAIN,DAYLIGHT,PARKED MOTOR VEHICLE,NOT DIVIDED,,STRAIGHT AND LEVEL,WET,NO DEFECTS,ON SCENE,NO INJURY / DRIVE AWAY,,,Y,"OVER $1,500",3/19/2022 11:48,UNABLE TO DETERMINE,UNABLE TO DETERMINE,5048,S,LEAMINGTON AVE,814,,,,,,,2,NO INDICATION OF INJURY,0,0,0,0,0,1,0,11,7,3,41.80057738,-87.75166855,POINT (-87.751668553478 41.800577383179)
b3594c46cff402ddc1567a6ddef2f901692cd0730076c66f03166de16f66c896242407011837df030917470140ea36bee34d1c9cf030c7dfd01fb36e5073bdb0,JF163908,,3/5/2022 7:15,30,TRAFFIC SIGNAL,FUNCTIONING PROPERLY,CLEAR,DAYLIGHT,PARKED MOTOR VEHICLE,NOT DIVIDED,,STRAIGHT AND LEVEL,DRY,NO DEFECTS,ON SCENE,INJURY AND / OR TOW DUE TO CRASH,Y,,,"OVER $1,500",3/5/2022 7:22,EQUIPMENT - VEHICLE CONDITION,NOT APPLICABLE,2617,W,47TH ST,922,,,,,,,3,NO INDICATION OF INJURY,0,0,0,0,0,2,0,7,7,3,41.80823799,-87.69005873,POINT (-87.690058729165 41.808237985776)
6c95871f9f2c35df4f2515a3d9e6ffab89f7c2db2c029209435cb3b0127cca0677c8c45e8178701da851480de5bf08fab1580bded2e2b8f56caeb7b757ba03f6,JF156396,,2/26/2022 4:18,30,NO CONTROLS,NO CONTROLS,CLEAR,"DARKNESS, LIGHTED ROAD",FIXED OBJECT,NOT DIVIDED,,CURVE ON GRADE,WET,NO DEFECTS,ON SCENE,INJURY AND / OR TOW DUE TO CRASH,,,,"OVER $1,500",2/26/2022 4:20,UNABLE TO DETERMINE,NOT APPLICABLE,4723,S,CORNELL AVE,222,,,,N,,,1,NO INDICATION OF INJURY,0,0,0,0,0,1,0,4,7,2,41.80947229,-87.58991349,POINT (-87.589913485931 41.809472289774)
82ab4d4aea1ee6b10c028325c618ce2c3602474fb63897feb2fe5f4a425893cb43d9215721c3dc82c07ba316903978f1db7dbfb97e8a22e199cc086c424d1b1c,JF149895,Y,2/19/2022 6:00,30,NO CONTROLS,NO CONTROLS,UNKNOWN,UNKNOWN,PARKED MOTOR VEHICLE,NOT DIVIDED,,STRAIGHT AND LEVEL,UNKNOWN,UNKNOWN,ON SCENE,INJURY AND / OR TOW DUE TO CRASH,,,Y,"OVER $1,500",2/19/2022 20:00,NOT APPLICABLE,NOT APPLICABLE,2253,W,51ST ST,932,,,,,,,2,NO INDICATION OF INJURY,0,0,0,0,0,1,0,6,7,2,41.80103342,-87.68153944,POINT (-87.681539444448 41.801033418923)
82ce7182c6e03f704d0422b02f2accc16983fc0b6f3f9e4a11a0fc2c4c85107a5c13caa1d4146c8e8805bfb5439b417b876d8d96b039b7fb6081fb1ea9489f4c,JF151489,,2/19/2022 14:30,30,UNKNOWN,UNKNOWN,UNKNOWN,UNKNOWN,REAR END,ONE-WAY,,STRAIGHT AND LEVEL,UNKNOWN,UNKNOWN,NOT ON SCENE (DESK REPORT),NO INJURY / DRIVE AWAY,,N,Y,"OVER $1,500",2/21/2022 16:00,UNABLE TO DETERMINE,NOT APPLICABLE,800,W,99TH ST,2232,,,,,,,2,NO INDICATION OF INJURY,0,0,0,0,0,2,0,14,7,2,41.71432334,-87.64306671,POINT (-87.643066714219 41.714323337011)
6d99006c6fbfb1e4c9320ca43220272c17c9a2194faf6643904579b6057611f0fcac954d34472c77c09d6e1f251e1333d74efab79e5014c84dc747fcffbf0ca2,JF157614,Y,2/26/2022 4:00,30,NO CONTROLS,NO CONTROLS,CLEAR,DAYLIGHT,PARKED MOTOR VEHICLE,NOT DIVIDED,,STRAIGHT AND LEVEL,SNOW OR SLUSH,NO DEFECTS,ON SCENE,NO INJURY / DRIVE AWAY,,,Y,"$501 - $1,500",2/27/2022 11:51,UNABLE TO DETERMINE,UNABLE TO DETERMINE,4951,S,DAMEN AVE,931,,,,,,,2,NO INDICATION OF INJURY,0,0,0,0,0,1,0,4,7,2,41.80336049,-87.67441373,POINT (-87.674413728727 41.803360488276)
8306c6eaedcda2b6d463b98754adf8f2f2f657b5e3c18acf77e6fb651e6edbc3b75211cc7d347360e81d6e5c9f9166269552e2aad36289a89e9c995edc47a5fe,JF149874,,2/19/2022 0:30,30,TRAFFIC SIGNAL,FUNCTIONING PROPERLY,CLEAR,"DARKNESS, LIGHTED ROAD",TURNING,DIVIDED - W/MEDIAN (NOT RAISED),,STRAIGHT AND LEVEL,DRY,NO DEFECTS,NOT ON SCENE (DESK REPORT),NO INJURY / DRIVE AWAY,,,,"OVER $1,500",2/19/2022 19:50,IMPROPER TURNING/NO SIGNAL,UNABLE TO DETERMINE,1212,N,MILWAUKEE AVE,1424,,,,,,,2,NO INDICATION OF INJURY,0,0,0,0,0,3,0,0,7,2,41.90358077,-87.66705977,POINT (-87.667059773272 41.903580764799)
834133fb4398b79eb4db8c9464ab1b5deaf8e92cea107eb449af0c0d0892cf7f7741c29bb3e60b04c3db30630ca84424a1cea424d3a79d24605849cc2a0588ee,JF150084,,2/20/2022 0:00,30,STOP SIGN/FLASHER,FUNCTIONING PROPERLY,CLEAR,"DARKNESS, LIGHTED ROAD",TURNING,NOT DIVIDED,,STRAIGHT AND LEVEL,DRY,NO DEFECTS,ON SCENE,NO INJURY / DRIVE AWAY,,,Y,"OVER $1,500",2/20/2022 0:46,"OPERATING VEHICLE IN ERRATIC, RECKLESS, CARELESS, NEGLIGENT OR AGGRESSIVE MANNER",IMPROPER TURNING/NO SIGNAL,4001,W,SUNNYSIDE AVE,1722,,,,,,,2,NO INDICATION OF INJURY,0,0,0,0,0,3,0,0,1,2,41.96242079,-87.72792787,POINT (-87.727927864933 41.962420793877)
b712c3a9f6baba41b895332e1ba18bb6e1d04011d9ac8ec4d4aa6e83d2abe3994df5e1034cb9241aff92795292e0016cc991da0d1ca72253b0e58c41540059c0,,,4/3/2022 2:43,30,NO CONTROLS,NO CONTROLS,RAIN,"DARKNESS, LIGHTED ROAD",REAR END,DIVIDED - W/MEDIAN BARRIER,,STRAIGHT AND LEVEL,WET,NO DEFECTS,ON SCENE,INJURY AND / OR TOW DUE TO CRASH,,,,"OVER $1,500",4/3/2022 2:51,UNABLE TO DETERMINE,UNABLE TO DETERMINE,7054,W,NORTH AVE,2513,,,,,,,2,NO INDICATION OF INJURY,0,0,0,0,0,5,0,2,1,4,41.90904449,-87.80206755,POINT (-87.802067548093 41.909044484739)
6eda4d53b5c2e608d357245518a8f54f8ddf0ea36f4a806334943253dec96628aad804b52285b89cb359895d75944519cfda11d6f57c4fb4d3edbb26084107c9,JF156332,,2/26/2022 1:59,30,TRAFFIC SIGNAL,FUNCTIONING PROPERLY,CLEAR,"DARKNESS, LIGHTED ROAD",TURNING,NOT DIVIDED,,STRAIGHT AND LEVEL,ICE,NO DEFECTS,ON SCENE,NO INJURY / DRIVE AWAY,N,,,"OVER $1,500",2/26/2022 2:02,IMPROPER LANE USAGE,DRIVING SKILLS/KNOWLEDGE/EXPERIENCE,8700,S,STONY ISLAND AVE,412,,,,,,,2,NO INDICATION OF INJURY,0,0,0,0,0,3,0,1,7,2,41.73682263,-87.58578342,POINT (-87.585783420329 41.736822630157)
b61c1734e5c02b30682cfdb693bf72232c9e6aef864d77a033c981bc48c70ded50da411b8fc6dbebc4840c0dca1c610413bc278794e5e19379d74c79c7a79091,JF164276,,3/5/2022 12:00,20,NO CONTROLS,NO CONTROLS,CLEAR,DAYLIGHT,PARKED MOTOR VEHICLE,PARKING LOT,,STRAIGHT AND LEVEL,DRY,NO DEFECTS,NOT ON SCENE (DESK REPORT),NO INJURY / DRIVE AWAY,,,Y,"OVER $1,500",3/5/2022 15:00,"OPERATING VEHICLE IN ERRATIC, RECKLESS, CARELESS, NEGLIGENT OR AGGRESSIVE MANNER",NOT APPLICABLE,8437,S,STEWART AVE,622,,,,,,,2,NO INDICATION OF INJURY,0,0,0,0,0,1,0,12,7,3,41.7407254,-87.6338841,POINT (-87.633884099033 41.740725400151)
6f4b9c78410fa75d85a186105cbd0aba2433fc3d6e5248e4c6e970eba88f1e767638bdd08446e34aadc57625c1612a05c5c34b0f9a7d4b4a054964afc1deff91,JF156628,,2/26/2022 11:06,40,NO CONTROLS,NO CONTROLS,CLEAR,DAYLIGHT,REAR END,DIVIDED - W/MEDIAN BARRIER,,STRAIGHT AND LEVEL,DRY,NO DEFECTS,ON SCENE,INJURY AND / OR TOW DUE TO CRASH,,,,"OVER $1,500",2/26/2022 11:08,FAILING TO REDUCE SPEED TO AVOID CRASH,NOT APPLICABLE,1601,S,LAKE SHORE DR E,132,,,,,,,2,NO INDICATION OF INJURY,0,0,0,0,0,5,0,11,7,2,41.86033222,-87.61743462,POINT (-87.617434624284 41.860332216546)
6fe652e23ab5023d6ed7c3660a81619b6c1f74caadcac886e3fb21d10ed1a7cfc5e23cd6bc8523358362af6987aaf8cae2a021b63a5068030c33d980065262c3,JF157248,,2/26/2022 23:59,30,TRAFFIC SIGNAL,FUNCTIONING PROPERLY,CLEAR,"DARKNESS, LIGHTED ROAD",REAR END,T-INTERSECTION,,STRAIGHT AND LEVEL,DRY,NO DEFECTS,ON SCENE,NO INJURY / DRIVE AWAY,Y,,Y,"OVER $1,500",2/26/2022 23:59,UNABLE TO DETERMINE,UNABLE TO DETERMINE,501,W,GARFIELD BLVD,711,,,,,,,2,NO INDICATION OF INJURY,0,0,0,0,0,2,0,23,7,2,41.79396552,-87.63796278,POINT (-87.637962779287 41.793965517427)
b846757d2f43dfa13793837fb46b823193f5a3f18d47434e9085d22b4682764a960dff2c712e1a93dc9c5f9314ae17e110f1e18956c485cc80bc09fc0cca8f20,JF165316,,3/5/2022 9:50,30,TRAFFIC SIGNAL,FUNCTIONING PROPERLY,CLEAR,DAYLIGHT,SIDESWIPE SAME DIRECTION,DIVIDED - W/MEDIAN (NOT RAISED),,STRAIGHT AND LEVEL,DRY,NO DEFECTS,NOT ON SCENE (DESK REPORT),NO INJURY / DRIVE AWAY,,,,"$501 - $1,500",3/6/2022 16:20,UNABLE TO DETERMINE,UNABLE TO DETERMINE,4800,N,CICERO AVE,1623,,,,,,,2,NO INDICATION OF INJURY,0,0,0,0,0,2,0,9,7,3,41.96804801,-87.74787599,POINT (-87.747875984681 41.968048007294)
714a1e038c3aaf82d466cce3c220f0915c1f95383f35443af6e47acbf8712bb1d2b034a4de79b4e44406a33ea85d8e925d85cd4c71ef3a8b3185dfde9912af03,JF157048,,2/26/2022 18:02,35,NO CONTROLS,NO CONTROLS,CLEAR,DUSK,TURNING,NOT DIVIDED,,STRAIGHT AND LEVEL,DRY,NO DEFECTS,ON SCENE,INJURY AND / OR TOW DUE TO CRASH,Y,,,"OVER $1,500",2/26/2022 18:15,FAILING TO YIELD RIGHT-OF-WAY,NOT APPLICABLE,1600,W,90TH ST,2221,,,,,,,2,INCAPACITATING INJURY,2,0,2,0,0,1,0,18,7,2,41.73038781,-87.66300652,POINT (-87.663006517701 41.730387812013)
857b5d05bc5651fe99c05127de2bf808f31afcc053035a82df61c9db5261736e62e223d13b00f42399b2dca6dce1f214a04e044fe0e46e2ad1efe5dd9cd624d3,JF149439,,2/19/2022 3:30,30,NO CONTROLS,NO CONTROLS,CLEAR,"DARKNESS, LIGHTED ROAD",PARKED MOTOR VEHICLE,NOT DIVIDED,,STRAIGHT AND LEVEL,SNOW OR SLUSH,NO DEFECTS,NOT ON SCENE (DESK REPORT),NO INJURY / DRIVE AWAY,,,Y,"OVER $1,500",2/19/2022 12:06,UNABLE TO DETERMINE,NOT APPLICABLE,6806,W,WRIGHTWOOD AVE,2512,,,,,,,2,NO INDICATION OF INJURY,0,0,0,0,0,1,0,3,7,2,41.92734539,-87.79565364,POINT (-87.795653641984 41.927345386866)
7185be00cb8be28bb249ce8b11ef574ac32342320a15fdc5561c52fa3bec8c36683f088e524e69092f24fde578e8cf0f45af334554423533b49eed57ed4beb31,JF156864,,2/26/2022 15:35,30,UNKNOWN,UNKNOWN,CLEAR,DAYLIGHT,REAR END,UNKNOWN,,STRAIGHT AND LEVEL,DRY,UNKNOWN,NOT ON SCENE (DESK REPORT),NO INJURY / DRIVE AWAY,Y,,,"OVER $1,500",2/26/2022 16:00,UNABLE TO DETERMINE,UNABLE TO DETERMINE,4700,S,SHIELDS AVE,935,,,,,,,2,NO INDICATION OF INJURY,0,0,0,0,0,2,0,15,7,2,41.80897693,-87.63472697,POINT (-87.634726964533 41.808976925035)
b9d8c3c17d8df1ddf5993a27ff73a3680c2ce4fa1bdafac84fa7ebfd821ab6694c2d73f0f9fe4fca1e07241c370fd2dfd54e6948e3c46b76ddcd85f7196fed80,JF178972,,3/19/2022 2:54,30,TRAFFIC SIGNAL,FUNCTIONING PROPERLY,RAIN,"DARKNESS, LIGHTED ROAD",REAR END,FOUR WAY,,STRAIGHT AND LEVEL,WET,UNKNOWN,ON SCENE,NO INJURY / DRIVE AWAY,,,,"$501 - $1,500",3/19/2022 2:54,WEATHER,NOT APPLICABLE,1599,W,VAN BUREN ST,1231,,,,,,,2,NO INDICATION OF INJURY,0,0,0,0,0,2,0,2,7,3,41.8762411,-87.66662345,POINT (-87.666623445803 41.876241099101)
71cfdd09e68a0dd98c53cabb046d1b4174fd5a32bcde7081763e43b2ecee728befa8a8d5edd21b927ee3b143bef2f3da50dcc0e75b0789ca74cb4d945ed99a66,JF156918,,2/26/2022 16:07,30,NO CONTROLS,NO CONTROLS,CLEAR,DAYLIGHT,SIDESWIPE SAME DIRECTION,ONE-WAY,,STRAIGHT AND LEVEL,DRY,NO DEFECTS,ON SCENE,INJURY AND / OR TOW DUE TO CRASH,,,,"$501 - $1,500",2/26/2022 16:18,FAILING TO YIELD RIGHT-OF-WAY,NOT APPLICABLE,6507,S,TALMAN AVE,831,,,,,,,2,NO INDICATION OF INJURY,0,0,0,0,0,3,0,16,7,2,41.77522384,-87.68949123,POINT (-87.689491227673 41.775223844127)
b947dbb544aa2e32defc70620e70e93dce2517c498cc2799c653bfa8a8cfe5fc292da1d77ac6641f7268ebfe71d8cbe0007af18c5b6accb0e268d9d1fbee96f4,JE413065,,10/17/2021 18:00,30,NO CONTROLS,NO CONTROLS,CLEAR,DAYLIGHT,ANGLE,DIVIDED - W/MEDIAN (NOT RAISED),,STRAIGHT AND LEVEL,DRY,NO DEFECTS,,INJURY AND / OR TOW DUE TO CRASH,,,Y,"OVER $1,500",10/17/2021 18:15,UNABLE TO DETERMINE,UNABLE TO DETERMINE,5203,W,NORTH AVE,2533,,,,,,,3,NONINCAPACITATING INJURY,5,0,0,5,0,2,0,18,1,10,41.90939086,-87.75584752,POINT (-87.755847519478 41.909390862415)
badd83e8b72dfc74beb1caff88c8109009f287c8be8a40305d1ae45f41dbab06c090662a4b60af8f108ec294915f3f6f92887f3ea19bac7756a964af59d344f1,JD421532,,11/5/2020 9:52,30,TRAFFIC SIGNAL,FUNCTIONING PROPERLY,CLEAR,DAYLIGHT,PARKED MOTOR VEHICLE,NOT DIVIDED,,STRAIGHT AND LEVEL,DRY,NO DEFECTS,,INJURY AND / OR TOW DUE TO CRASH,,,,"OVER $1,500",11/5/2020 9:53,UNABLE TO DETERMINE,UNABLE TO DETERMINE,2323,W,47TH ST,931,,Y,,,,,2,NO INDICATION OF INJURY,0,0,0,0,0,1,0,9,5,11,41.80831217,-87.68296864,POINT (-87.682968635108 41.808312172031)
86333daa5b02a2d5ebc3aa3de06f3b36afac78dfb4bb1e9c9ba4960dc15a733da52d60c9ff75853b2a4d3cbb706b1e4843b8c3223ebe9a26a218205d3ad1f0a2,JF149808,,2/19/2022 18:13,30,TRAFFIC SIGNAL,FUNCTIONING PROPERLY,CLEAR,"DARKNESS, LIGHTED ROAD",TURNING,DIVIDED - W/MEDIAN (NOT RAISED),,STRAIGHT AND LEVEL,DRY,NO DEFECTS,ON SCENE,INJURY AND / OR TOW DUE TO CRASH,Y,,,"OVER $1,500",2/19/2022 18:13,FAILING TO YIELD RIGHT-OF-WAY,FAILING TO YIELD RIGHT-OF-WAY,4759,W,ROSCOE ST,1731,,,,,,,2,NO INDICATION OF INJURY,0,0,0,0,0,3,0,18,7,2,41.94237595,-87.74629693,POINT (-87.746296926741 41.9423759446)
722ab69a1d225b9f5c244cedf9a216066ed942367c04bcfcb11f8f0f87301ee7fc443831337dfee61c1b20c3987f3a3d2b6fa79b7c8b58ed3254596303c1c77b,JF156569,,2/26/2022 10:00,30,NO CONTROLS,NO CONTROLS,CLEAR,DAYLIGHT,FIXED OBJECT,OTHER,,STRAIGHT AND LEVEL,ICE,NO DEFECTS,ON SCENE,NO INJURY / DRIVE AWAY,,Y,,"$501 - $1,500",2/26/2022 10:08,UNABLE TO DETERMINE,NOT APPLICABLE,5300,S,MC VICKER AVE,811,,,,,,,1,NO INDICATION OF INJURY,0,0,0,0,0,1,0,10,7,2,41.79610455,-87.77353504,POINT (-87.773535039265 41.796104547466)
ba19866e9ccd4687ef7d7b333f652a1de97ed54442c44eaf87d39091137e633e8ac585fd9bd4a68c278ed88b458e36f61d4f66dfef7562ee92a204b174bfcaee,JF179325,,3/19/2022 11:40,30,STOP SIGN/FLASHER,FUNCTIONING PROPERLY,RAIN,DAYLIGHT,ANGLE,OTHER,,STRAIGHT AND LEVEL,WET,UNKNOWN,NOT ON SCENE (DESK REPORT),NO INJURY / DRIVE AWAY,,,,"OVER $1,500",3/19/2022 13:00,UNABLE TO DETERMINE,UNABLE TO DETERMINE,6701,W,DIVERSEY AVE,2512,,,,,,,2,NO INDICATION OF INJURY,0,0,0,0,0,4,0,11,7,3,41.93080279,-87.7930863,POINT (-87.793086301119 41.930802790061)
16f4ba8501d75b4e583610b3ea16d9643e25e7ed540a09cc66ecdfb87c60998691122b0ce47eab715879a98005654733d3082ed9529333d709940605e5a8ce9b,JE244909,,5/27/2021 15:15,0,NO CONTROLS,NO CONTROLS,FREEZING RAIN/DRIZZLE,DAYLIGHT,FIXED OBJECT,PARKING LOT,,STRAIGHT AND LEVEL,WET,NO DEFECTS,,NO INJURY / DRIVE AWAY,,Y,,$500 OR LESS,5/27/2021 15:30,"VISION OBSCURED (SIGNS, TREE LIMBS, BUILDINGS, ETC.)",WEATHER,5734,W,ROOSEVELT RD,1513,,,,,,,1,NO INDICATION OF INJURY,0,0,0,0,0,2,0,15,5,5,41.86565244,-87.76820857,POINT (-87.768208565844 41.865652441482)
71ff437fddf3a41946eddee6e0b8038c9460b5db436213a943f90d369419f15debe4fe1f41db4bda99b2561f8e74702239aaf44e38a2be680464a7eec5b70fb4,JE123040,,1/23/2021 16:27,30,UNKNOWN,UNKNOWN,UNKNOWN,UNKNOWN,REAR END,NOT DIVIDED,,STRAIGHT AND LEVEL,UNKNOWN,UNKNOWN,,INJURY AND / OR TOW DUE TO CRASH,,,,"OVER $1,500",1/25/2021 16:10,UNABLE TO DETERMINE,NOT APPLICABLE,3401,W,BELMONT AVE,1412,,,,,,,2,NONINCAPACITATING INJURY,2,0,0,2,0,2,0,16,7,1,41.93916783,-87.71254599,POINT (-87.712545991172 41.93916783377)
b9f54070f4e031204871031a5c399e028c6cad9775f554295f389961d2b2cbd23d75270e0add4613258e3b3adc9a6496ac70a8ee99fa35940d17a4ea961d4e39,JD169039,,2/29/2020 11:40,30,NO CONTROLS,NO CONTROLS,CLEAR,DAYLIGHT,PEDESTRIAN,ONE-WAY,,STRAIGHT AND LEVEL,DRY,NO DEFECTS,,INJURY AND / OR TOW DUE TO CRASH,,,Y,"OVER $1,500",2/29/2020 11:42,"OPERATING VEHICLE IN ERRATIC, RECKLESS, CARELESS, NEGLIGENT OR AGGRESSIVE MANNER",FAILING TO REDUCE SPEED TO AVOID CRASH,1540,S,KILDARE AVE,1012,,,,,,,4,NONINCAPACITATING INJURY,1,0,0,1,0,3,0,11,7,2,41.85935986,-87.73245459,POINT (-87.732454588393 41.859359854788)