CRASH_RECORD_ID,RD_NO,CRASH_DATE_EST_I,CRASH_DATE,POSTED_SPEED_LIMIT,TRAFFIC_CONTROL_DEVICE,DEVICE_CONDITION,WEATHER_CONDITION,LIGHTING_CONDITION,FIRST_CRASH_TYPE,TRAFFICWAY_TYPE,LANE_CNT,ALIGNMENT,ROADWAY_SURFACE_COND,ROAD_DEFECT,REPORT_TYPE,CRASH_TYPE,INTERSECTION_RELATED_I,NOT_RIGHT_OF_WAY_I,HIT_AND_RUN_I,DAMAGE,DATE_POLICE_NOTIFIED,PRIM_CONTRIBUTORY_CAUSE,SEC_CONTRIBUTORY_CAUSE,STREET_NO,STREET_DIRECTION,STREET_NAME,BEAT_OF_OCCURRENCE,PHOTOS_TAKEN_I,STATEMENTS_TAKEN_I,DOORING_I,WORK_ZONE_I,WORK_ZONE_TYPE,WORKERS_PRESENT_I,NUM_UNITS,MOST_SEVERE_INJURY,INJURIES_TOTAL,INJURIES_FATAL,INJURIES_INCAPACITATING,INJURIES_NON_INCAPACITATING,INJURIES_REPORTED_NOT_EVIDENT,INJURIES_NO_INDICATION,INJURIES_UNKNOWN,CRASH_HOUR,CRASH_DAY_OF_WEEK,CRASH_MONTH,LATITUDE,LONGITUDE,LOCATION
871feca2275e9874a99b4876c2911e8496db6de6c4641c99841f84b828381a0614e0bc635d0b4ab20040038f3d511bb65e653736971a275ae989dc816031d60b,JF150070,,2/19/2022 23:20,15,STOP SIGN/FLASHER,FUNCTIONING PROPERLY,CLEAR,"DARKNESS, LIGHTED ROAD",TURNING,FOUR WAY,,STRAIGHT AND LEVEL,SNOW OR SLUSH,NO DEFECTS,ON SCENE,NO INJURY / DRIVE AWAY,,,Y,"OVER $1,500",2/19/2022 23:26,FAILING TO YIELD RIGHT-OF-WAY,UNABLE TO DETERMINE,8200,S,ESSEX AVE,423,,,,,,,2,NO INDICATION OF INJURY,0,0,0,0,0,2,0,23,7,2,41.74621854,-87.5638662,POINT (-87.563866202629 41.746218543096)
72f5734487336b89757ac1afe5ac487c6cba71d6e097a9ee74042a913ce6fc21b224c086c7604c2c3c202dca26961203e1e991c9970c940e2ae127dec2dce3d5,JF156856,,2/26/2022 13:15,30,TRAFFIC SIGNAL,FUNCTIONING PROPERLY,CLEAR,DAYLIGHT,REAR END,FOUR WAY,,STRAIGHT AND LEVEL,DRY,NO DEFECTS,ON SCENE,INJURY AND / OR TOW DUE TO CRASH,Y,,,"OVER $1,500",2/26/2022 15:25,FOLLOWING TOO CLOSELY,NOT APPLICABLE,9301,S,STONY ISLAND AVE,413,,,,,,,2,"REPORTED, NOT EVIDENT",1,0,0,0,1,2,0,13,7,2,41.7258958,-87.58482432,POINT (-87.584824315172 41.725895796966)
73a3a69a57820b4f361e5637878bafa3aaafe793b948c1c3cecab4beeee8d53650fe416e2a837fa350fbbf81ef1421eaf25bfb57518f2d0b37427cd335a76bcd,JF156810,,2/26/2022 14:42,30,NO CONTROLS,NO CONTROLS,CLEAR,DAYLIGHT,ANGLE,DIVIDED - W/MEDIAN (NOT RAISED),,STRAIGHT AND LEVEL,DRY,NO DEFECTS,ON SCENE,INJURY AND / OR TOW DUE TO CRASH,,Y,,"OVER $1,500",2/26/2022 14:44,NOT APPLICABLE,NOT APPLICABLE,5732,N,LINCOLN AVE,2011,,,,,,,3,NO INDICATION OF INJURY,0,0,0,0,0,3,0,14,7,2,41.98559287,-87.69955727,POINT (-87.699557268824 41.985592873475)
87c668faa97fc987c65ce49a16f73b3d23b1c8a8582669978e2453c288ab271163ccc8b187551aabf6436f4dfb8253b70010a71010936ed3814f537afe0005b6,JF149262,,2/19/2022 7:57,30,NO CONTROLS,NO CONTROLS,CLEAR,DAYLIGHT,PARKED MOTOR VEHICLE,NOT DIVIDED,,STRAIGHT AND LEVEL,DRY,NO DEFECTS,ON SCENE,INJURY AND / OR TOW DUE TO CRASH,,,Y,"OVER $1,500",2/19/2022 8:24,FAILING TO REDUCE SPEED TO AVOID CRASH,NOT APPLICABLE,1641,W,NORTH AVE,1433,,,,,,,2,NO INDICATION OF INJURY,0,0,0,0,0,1,0,7,7,2,41.91049784,-87.66936313,POINT (-87.669363127882 41.910497841465)
bc2a712d0575e582bfa955ae5f1a4148580987dc27a52fd352bae2fd614470ec8b52bea31a56bfce66bb2d80badaf1bef8aad368e78e440ebd6bd0964beaa075,JF186147,,3/25/2022 12:35,30,NO CONTROLS,NO CONTROLS,RAIN,DAYLIGHT,FIXED OBJECT,NOT DIVIDED,,STRAIGHT AND LEVEL,WET,NO DEFECTS,ON SCENE,INJURY AND / OR TOW DUE TO CRASH,,,,"OVER $1,500",3/25/2022 12:36,EQUIPMENT - VEHICLE CONDITION,UNABLE TO DETERMINE,13401,S,BRAINARD AVE,433,,,,,,,1,INCAPACITATING INJURY,2,0,1,1,0,0,0,12,6,3,41.65187245,-87.55009347,POINT (-87.550093467583 41.651872452611)
73fae8a1bf967d3eb236d789be4fdd2f0b3992d825b8937463b5dbc05a125a38c562e129a9f9492a5bdfd414caa310017b536a1e595581e63176b0083312f173,JF157185,,2/26/2022 21:37,30,NO CONTROLS,NO CONTROLS,CLEAR,DARKNESS,REAR END,NOT DIVIDED,,STRAIGHT AND LEVEL,DRY,NO DEFECTS,NOT ON SCENE (DESK REPORT),NO INJURY / DRIVE AWAY,,,Y,"OVER $1,500",2/26/2022 22:05,UNABLE TO DETERMINE,NOT APPLICABLE,4051,W,115TH ST,2211,,,,,,,2,NO INDICATION OF INJURY,0,0,0,0,0,2,0,21,7,2,41.68382251,-87.72209369,POINT (-87.722093686286 41.683822505661)
bca52a367d2f053f3a338c9199261b11b245fb00db3b9ece86b6af6cf7a955c835dc1b8d69f640c093b81a3ee5834826c9fac04c5fdfabc623d010e2cb761425,JF185730,,3/25/2022 5:10,35,TRAFFIC SIGNAL,FUNCTIONING PROPERLY,CLEAR,"DARKNESS, LIGHTED ROAD",TURNING,DIVIDED - W/MEDIAN (NOT RAISED),,STRAIGHT AND LEVEL,DRY,NO DEFECTS,ON SCENE,INJURY AND / OR TOW DUE TO CRASH,Y,,,"OVER $1,500",3/25/2022 5:17,FAILING TO YIELD RIGHT-OF-WAY,NOT APPLICABLE,2400,N,PULASKI RD,2524,Y,Y,,,,,3,NO INDICATION OF INJURY,0,0,0,0,0,3,0,5,6,3,41.92457257,-87.72691911,POINT (-87.726919111442 41.924572574169)
881f4d7c69ecf887807534d60340ede48908fff66208d946236ecba58cec144f56395d0f67949bae76250e1cd86acbf8f8138d741ffa72711ca8f087edff5f92,JF149715,,2/19/2022 16:00,35,NO CONTROLS,NO CONTROLS,CLEAR,DAYLIGHT,ANGLE,NOT DIVIDED,,STRAIGHT AND LEVEL,DRY,NO DEFECTS,NOT ON SCENE (DESK REPORT),NO INJURY / DRIVE AWAY,,,,"$501 - $1,500",2/19/2022 16:50,UNABLE TO DETERMINE,NOT APPLICABLE,5200,N,NAGLE AVE,1613,,,,,,,2,NO INDICATION OF INJURY,0,0,0,0,0,2,0,16,7,2,41.97568567,-87.78802041,POINT (-87.788020406203 41.975685669719)
744e32599dfbbe952158b30a07ab3710d1f3b9aacb0609210cf840dea5f444be4c703b403af67173fbb48d8ed25938bcf2b170402b24bc0cdec532c2c732d934,JF156885,,2/26/2022 16:00,15,NO CONTROLS,NO CONTROLS,CLEAR,DAYLIGHT,PARKED MOTOR VEHICLE,PARKING LOT,,STRAIGHT AND LEVEL,DRY,NO DEFECTS,ON SCENE,NO INJURY / DRIVE AWAY,,Y,Y,"OVER $1,500",2/26/2022 16:03,UNABLE TO DETERMINE,NOT APPLICABLE,1808,W,47TH ST,924,,,,,,,2,NO INDICATION OF INJURY,0,0,0,0,0,1,0,16,7,2,41.8086626,-87.67025444,POINT (-87.67025444016 41.808662601878)
bdf8a346abd9c0e3532734fde04f3cc65c11a90bfe81e2a67c4c2af020702f8f9943fbc0c7889430f3e5c46fb88faf55563e0e7979e489ec79c97de0160425b8,JF192316,,3/25/2022 17:52,30,NO CONTROLS,NO CONTROLS,CLEAR,DAYLIGHT,PARKED MOTOR VEHICLE,ONE-WAY,,STRAIGHT AND LEVEL,DRY,NO DEFECTS,NOT ON SCENE (DESK REPORT),NO INJURY / DRIVE AWAY,,,Y,"OVER $1,500",3/31/2022 10:30,IMPROPER OVERTAKING/PASSING,NOT APPLICABLE,2225,S,RIDGEWAY AVE,1013,,,,,,,2,NO INDICATION OF INJURY,0,0,0,0,0,1,0,17,6,3,41.85080548,-87.71848318,POINT (-87.718483181685 41.850805482748)
b9f0ce946dfbe98541c9b9a93251c9ec713f21e0e8dd9937c856fb05ef90ad01f9e82a44c884ff0ac70d713e8f7b632b081b159d44e54ed191e8a74e3030f23e,JF166022,,3/5/2022 14:22,30,NO CONTROLS,NO CONTROLS,UNKNOWN,DAYLIGHT,TURNING,DIVIDED - W/MEDIAN (NOT RAISED),,STRAIGHT AND LEVEL,UNKNOWN,NO DEFECTS,NOT ON SCENE (DESK REPORT),INJURY AND / OR TOW DUE TO CRASH,,,Y,"OVER $1,500",3/7/2022 11:00,FAILING TO YIELD RIGHT-OF-WAY,NOT APPLICABLE,200,N,PULASKI RD,1114,,,,,,,2,INCAPACITATING INJURY,1,0,1,0,0,1,0,14,7,3,41.88339231,-87.72589344,POINT (-87.725893438622 41.883392310474)
be3075cbfe2216b1bb8ed03109fab34d0d55dc9affe2986496cda971f1f03720f9a9ccfc73e5eb29fb3258641e17290b9373ea816c7ad40809ef5af847d0f8ef,JF186184,,3/25/2022 12:30,30,NO CONTROLS,NO CONTROLS,CLEAR,DAYLIGHT,PARKED MOTOR VEHICLE,NOT DIVIDED,,STRAIGHT AND LEVEL,DRY,NO DEFECTS,NOT ON SCENE (DESK REPORT),NO INJURY / DRIVE AWAY,,,Y,"$501 - $1,500",3/25/2022 13:20,UNABLE TO DETERMINE,NOT APPLICABLE,5545,N,CLARK ST,2013,,,,,,,2,NO INDICATION OF INJURY,0,0,0,0,0,1,0,12,6,3,41.98303858,-87.66851089,POINT (-87.668510889603 41.983038584307)
bcf50e708251d0ad312a85d501c76393d4df7707a2fb2547efb4fc06a1cb0a13334aa8949c44a49766e03dc5feab3f4c30e2274edd255e90b154ae73a2614d80,JF179015,,3/19/2022 4:30,30,NO CONTROLS,NO CONTROLS,RAIN,"DARKNESS, LIGHTED ROAD",PARKED MOTOR VEHICLE,NOT DIVIDED,,STRAIGHT AND LEVEL,WET,NO DEFECTS,NOT ON SCENE (DESK REPORT),INJURY AND / OR TOW DUE TO CRASH,,,Y,"OVER $1,500",3/19/2022 4:35,FAILING TO REDUCE SPEED TO AVOID CRASH,UNABLE TO DETERMINE,11210,S,KEDZIE AVE,2211,,,,,,,2,NO INDICATION OF INJURY,0,0,0,0,0,1,0,4,7,3,41.68939021,-87.70088951,POINT (-87.700889505408 41.689390208854)
bd1034e3924ecae74a60ee30afb66bc1b7fd00c5e6b70062281a53b96a9e5388d09c913a106b582ec0e1f00b784c7b96b2126e860aeffe59b1b8b0167987b41a,JF179643,,3/19/2022 17:50,30,TRAFFIC SIGNAL,FUNCTIONING PROPERLY,RAIN,DAYLIGHT,SIDESWIPE SAME DIRECTION,NOT DIVIDED,,STRAIGHT AND LEVEL,WET,NO DEFECTS,NOT ON SCENE (DESK REPORT),NO INJURY / DRIVE AWAY,,,Y,"$501 - $1,500",3/19/2022 18:19,UNABLE TO DETERMINE,UNABLE TO DETERMINE,149,N,LOWER WACKER DR,122,,,,,,,2,NO INDICATION OF INJURY,0,0,0,0,0,3,0,17,7,3,41.88440044,-87.63664056,POINT (-87.636640558797 41.884400440039)
bd60dfcca4b21beeacf7c36791cfca7e0ad9e288517bc5e144f8e9bed88de0c5c5280416c07a8930b7fbb056f6ccc9674ff402861371a593857a34ea13ed7bfd,JF179289,,3/19/2022 11:45,30,NO CONTROLS,NO CONTROLS,CLEAR,DAYLIGHT,PARKED MOTOR VEHICLE,ONE-WAY,,STRAIGHT AND LEVEL,UNKNOWN,UNKNOWN,NOT ON SCENE (DESK REPORT),NO INJURY / DRIVE AWAY,,,,"$501 - $1,500",3/19/2022 12:40,DRIVING SKILLS/KNOWLEDGE/EXPERIENCE,DRIVING SKILLS/KNOWLEDGE/EXPERIENCE,5523,N,BERNARD ST,1712,,,,,,,2,NO INDICATION OF INJURY,0,0,0,0,0,1,0,11,7,3,41.98188786,-87.71477012,POINT (-87.714770120084 41.981887863514)
7555aaeeb5a78f3fabbae264dc5f25ea3a6e45bd01c2733fbce1c4644c75e1045d8414f0fd15b94fa0007be378623828a73e17d9a861f19ec9a34fb767141216,JF156379,,2/26/2022 3:32,35,NO CONTROLS,NO CONTROLS,CLEAR,"DARKNESS, LIGHTED ROAD",PEDESTRIAN,NOT DIVIDED,,STRAIGHT AND LEVEL,DRY,NO DEFECTS,ON SCENE,INJURY AND / OR TOW DUE TO CRASH,,,Y,"OVER $1,500",2/26/2022 3:34,UNABLE TO DETERMINE,UNABLE TO DETERMINE,7041,S,JEFFERY BLVD,331,,,,,,,3,NONINCAPACITATING INJURY,1,0,0,1,0,1,0,3,7,2,41.76681807,-87.57617083,POINT (-87.576170828234 41.766818067539)
7574dac373964b7bbd8d2122601aeea2b2a9c774c1d84d37209550f014c81c7c3a6696a795a9969c6f2f78cdb2ade0865fdd664cd287fe0c132d91020bb553a4,JF156833,,2/26/2022 13:40,30,TRAFFIC SIGNAL,UNKNOWN,CLEAR,DAYLIGHT,REAR END,NOT DIVIDED,,STRAIGHT AND LEVEL,UNKNOWN,UNKNOWN,NOT ON SCENE (DESK REPORT),NO INJURY / DRIVE AWAY,,,Y,"OVER $1,500",2/26/2022 15:15,UNABLE TO DETERMINE,UNABLE TO DETERMINE,3059,S,ROCKWELL ST,1034,,,,,,,2,NO INDICATION OF INJURY,0,0,0,0,0,2,0,13,7,2,,,
75a0b31ee5280d8f675461da66d3815389abee5f7e60d46add5c057d7da24249831e7107fbbeaad49fa5ac70c8e7f44d5c0a8b2278fda4b23dba6f9fedc50feb,JF157222,,2/26/2022 22:00,30,NO CONTROLS,NO CONTROLS,CLEAR,"DARKNESS, LIGHTED ROAD",PARKED MOTOR VEHICLE,NOT DIVIDED,,STRAIGHT AND LEVEL,DRY,NO DEFECTS,ON SCENE,NO INJURY / DRIVE AWAY,,,Y,$500 OR LESS,2/26/2022 23:01,UNABLE TO DETERMINE,NOT APPLICABLE,3126,W,41ST PL,921,,,,,,,2,NO INDICATION OF INJURY,0,0,0,0,0,1,0,22,7,2,41.81822499,-87.70298815,POINT (-87.702988153684 41.818224990273)
badb382a6a491400396503c231107b3421a44932e1a1f450d5cb52f508520082ab52aa017442d22bbff64a56a81c64f447d78eaa5b487d0c70b5f0f00fa798c3,JF164495,,3/5/2022 18:30,15,STOP SIGN/FLASHER,FUNCTIONING PROPERLY,CLEAR,"DARKNESS, LIGHTED ROAD",PEDESTRIAN,FOUR WAY,,STRAIGHT AND LEVEL,DRY,NO DEFECTS,ON SCENE,INJURY AND / OR TOW DUE TO CRASH,Y,,,$500 OR LESS,3/5/2022 18:35,FAILING TO YIELD RIGHT-OF-WAY,UNABLE TO DETERMINE,4058,W,68TH ST,833,,,,,,,2,NONINCAPACITATING INJURY,2,0,0,1,1,3,0,18,7,3,41.76963422,-87.72490913,POINT (-87.72490912478 41.769634223884)
8a641ca078d1482fa0c0a6e99d0ea8c078c8b33b8ad898ac69c4d6d9a04a9e0d5b400bc47bbe81f9cebb32d2dcdee03313dbafb864053288e9e2bfeaef160015,JF149681,,2/19/2022 16:00,30,NO CONTROLS,NO CONTROLS,CLEAR,DAYLIGHT,REAR END,NOT DIVIDED,,STRAIGHT AND LEVEL,WET,NO DEFECTS,ON SCENE,NO INJURY / DRIVE AWAY,,,,"OVER $1,500",2/19/2022 16:10,FOLLOWING TOO CLOSELY,WEATHER,1398,W,ADDISON ST,1923,,,,,,,2,NO INDICATION OF INJURY,0,0,0,0,0,2,0,16,7,2,41.94717871,-87.66395828,POINT (-87.663958275018 41.947178705406)
be9b272e710303514ca46854a2728ad4f77e493dcb74f6da4e273f7e8282ce05652eb810b2211168538e43f33491167d98c0441409aa3540a98e77c5fe8e76ec,JF180627,,3/19/2022 19:00,30,NO CONTROLS,NO CONTROLS,CLEAR,DAYLIGHT,PARKED MOTOR VEHICLE,ONE-WAY,,STRAIGHT AND LEVEL,OTHER,UNKNOWN,NOT ON SCENE (DESK REPORT),NO INJURY / DRIVE AWAY,,,Y,"$501 - $1,500",3/20/2022 18:13,IMPROPER OVERTAKING/PASSING,IMPROPER OVERTAKING/PASSING,11014,S,VERNON AVE,513,,,,,,,2,NO INDICATION OF INJURY,0,0,0,0,0,1,0,19,7,3,41.69409563,-87.61234094,POINT (-87.612340938732 41.694095632229)
c006d5a9cd9af2e0e993d83f1971e1be5e1a7e4a34ae8b14556a7bdf525297f4fc9556a160fc2dd64d0fcd6f08cc29e0c9d219575c4a639db8c8d7324a3cb0c0,JF186336,,3/25/2022 15:07,35,TRAFFIC SIGNAL,FUNCTIONING PROPERLY,CLOUDY/OVERCAST,DAWN,SIDESWIPE SAME DIRECTION,DIVIDED - W/MEDIAN (NOT RAISED),,STRAIGHT AND LEVEL,DRY,UNKNOWN,ON SCENE,NO INJURY / DRIVE AWAY,,,,"OVER $1,500",3/25/2022 15:13,UNABLE TO DETERMINE,NOT APPLICABLE,1524,W,DIVERSEY PKWY,1932,,,,,,,2,NO INDICATION OF INJURY,0,0,0,0,0,2,0,15,6,3,41.93253267,-87.66697945,POINT (-87.666979452034 41.932532670592)
8ba2c95c6c65adfe76263bef0b1dc2efe9f87ea709ab6c5e71a1799f7f03a0efe33cd37d6adec4424c075c00d12670d5820e64bc32f9b7029082d1535951ea87,JF149136,,2/19/2022 1:49,30,TRAFFIC SIGNAL,FUNCTIONING PROPERLY,SNOW,"DARKNESS, LIGHTED ROAD",REAR END,FOUR WAY,,STRAIGHT AND LEVEL,WET,NO DEFECTS,ON SCENE,NO INJURY / DRIVE AWAY,Y,,Y,"OVER $1,500",2/19/2022 1:52,FAILING TO REDUCE SPEED TO AVOID CRASH,FOLLOWING TOO CLOSELY,737,W,RANDOLPH ST,1224,,,,,,,2,NO INDICATION OF INJURY,0,0,0,0,0,3,0,1,7,2,41.88429952,-87.64721332,POINT (-87.647213322762 41.88429951671)
8bb8c03da46dc582450d53f4399715ad4e0dd0d97676e4e6523c93c9e7e9a2fba9e1747b1f35579f82b1d7292add4cb9b4b0f5459d1a2ae97e9e338852a90d2a,JF150303,,2/19/2022 23:50,20,NO CONTROLS,NO CONTROLS,FREEZING RAIN/DRIZZLE,"DARKNESS, LIGHTED ROAD",PARKED MOTOR VEHICLE,ONE-WAY,,STRAIGHT AND LEVEL,SNOW OR SLUSH,NO DEFECTS,NOT ON SCENE (DESK REPORT),NO INJURY / DRIVE AWAY,,,Y,"OVER $1,500",2/20/2022 11:20,UNABLE TO DETERMINE,UNABLE TO DETERMINE,2729,S,KARLOV AVE,1031,,,,,,,2,NO INDICATION OF INJURY,0,0,0,0,0,1,0,23,7,2,41.84148763,-87.72676087,POINT (-87.726760869997 41.841487631075)
8c27be2106acf2d611785b77d265b8c5e1e4026f88b912194b4aeb1c83d440481054acad4c1b8c8d23536f124a3d1e5a2394fb26fbed4589f9d1202edfb7195b,JF149256,,2/19/2022 5:49,15,NO CONTROLS,NO CONTROLS,CLEAR,DAWN,PARKED MOTOR VEHICLE,ONE-WAY,,STRAIGHT AND LEVEL,SNOW OR SLUSH,NO DEFECTS,ON SCENE,INJURY AND / OR TOW DUE TO CRASH,,,Y,"OVER $1,500",2/19/2022 5:49,UNABLE TO DETERMINE,UNABLE TO DETERMINE,8048,S,CALUMET AVE,623,,,,,,,3,NO INDICATION OF INJURY,0,0,0,0,0,1,0,5,7,2,41.74780908,-87.61659462,POINT (-87.616594616106 41.747809080543)
8c40e9c8f006af14f0a09149fad45ed8fb3d9751fd4eb241f672838b2d0624fbc9667afafe6844134471e20dc3f47db49a0ea3d88063f0b638e97f0550cd60ff,JF149622,,2/19/2022 14:20,30,STOP SIGN/FLASHER,FUNCTIONING PROPERLY,CLEAR,DAYLIGHT,ANGLE,FOUR WAY,,STRAIGHT AND LEVEL,WET,NO DEFECTS,NOT ON SCENE (DESK REPORT),NO INJURY / DRIVE AWAY,Y,,,"OVER $1,500",2/19/2022 14:40,FAILING TO YIELD RIGHT-OF-WAY,FAILING TO REDUCE SPEED TO AVOID CRASH,10400,S,TORRENCE AVE,434,,,,,,,2,NO INDICATION OF INJURY,0,0,0,0,0,3,0,14,7,2,41.70630772,-87.55979092,POINT (-87.559790917563 41.706307721812)
c00f5ebd4658439c6c8b61fe72f734fb1a6ec4ed46ab5ad64da9769c210f34e7a6b62fafbc4e91d77156f3fea33f1b087be6da8745ea99e644c71327a025d8e8,JF179685,,3/19/2022 14:30,30,TRAFFIC SIGNAL,FUNCTIONING PROPERLY,CLEAR,DAYLIGHT,SIDESWIPE SAME DIRECTION,NOT DIVIDED,,STRAIGHT AND LEVEL,DRY,NO DEFECTS,NOT ON SCENE (DESK REPORT),NO INJURY / DRIVE AWAY,,,,"$501 - $1,500",3/19/2022 19:16,IMPROPER OVERTAKING/PASSING,FAILING TO REDUCE SPEED TO AVOID CRASH,2400,W,18TH ST,1023,,,,,,,2,NO INDICATION OF INJURY,0,0,0,0,0,2,0,14,7,3,41.85784189,-87.68599815,POINT (-87.685998153292 41.85784189329)
bd4ad589ec30b26c743a630b2a932191862dde5f2f7ab543d3a9ec4b0deeb7374a5fb4ae8c3fc8bcd98ab102df9876111763e32d2df6ca82eeab8d7758f989e1,JF163831,,3/5/2022 4:19,25,STOP SIGN/FLASHER,FUNCTIONING PROPERLY,CLEAR,"DARKNESS, LIGHTED ROAD",PARKED MOTOR VEHICLE,FOUR WAY,,STRAIGHT AND LEVEL,DRY,NO DEFECTS,ON SCENE,NO INJURY / DRIVE AWAY,Y,,,$500 OR LESS,3/5/2022 4:22,UNDER THE INFLUENCE OF ALCOHOL/DRUGS (USE WHEN ARREST IS EFFECTED),UNDER THE INFLUENCE OF ALCOHOL/DRUGS (USE WHEN ARREST IS EFFECTED),1859,S,LOOMIS ST,1233,,,,,,,2,NO INDICATION OF INJURY,0,0,0,0,0,1,0,4,7,3,41.85610866,-87.66112253,POINT (-87.66112253448 41.85610865606)
785ab32a17cddfb4d8427973d7ecade3345a1b0e6eab4c46665ebc82d34980ec5cbeef2ea22ec9fcc974b424d45cb2e55277e098737fdac9ad3cfce8201da585,JF157212,,2/26/2022 22:31,30,TRAFFIC SIGNAL,FUNCTIONING PROPERLY,CLEAR,"DARKNESS, LIGHTED ROAD",TURNING,FOUR WAY,,STRAIGHT AND LEVEL,DRY,NO DEFECTS,ON SCENE,INJURY AND / OR TOW DUE TO CRASH,Y,,,"OVER $1,500",2/26/2022 22:31,TURNING RIGHT ON RED,FAILING TO YIELD RIGHT-OF-WAY,3599,N,CALIFORNIA AVE,1733,,,,,,,2,NO INDICATION OF INJURY,0,0,0,0,0,3,0,22,7,2,41.94659611,-87.697882,POINT (-87.69788199776 41.946596109211)
c253fb077fbd59d03cfe382483a5f7e7faf425d28c06d19ac31f5651cfd7142a87b913e594fceee2e713fc244ac74b06d14f7568078ce8d8eb2b9446542a1c43,JF186878,,3/25/2022 15:00,30,NO CONTROLS,NO CONTROLS,CLEAR,DAYLIGHT,REAR END,DIVIDED - W/MEDIAN (NOT RAISED),,STRAIGHT AND LEVEL,WET,NO DEFECTS,NOT ON SCENE (DESK REPORT),NO INJURY / DRIVE AWAY,,,,"OVER $1,500",3/26/2022 3:00,"OPERATING VEHICLE IN ERRATIC, RECKLESS, CARELESS, NEGLIGENT OR AGGRESSIVE MANNER",DRIVING SKILLS/KNOWLEDGE/EXPERIENCE,464,N,CARPENTER ST,1214,,,,,,,2,NO INDICATION OF INJURY,0,0,0,0,0,2,0,15,6,3,41.89086668,-87.65360203,POINT (-87.653602026074 41.890866679994)
bdfe925dfe3d3a49cf3c47f801a7e248de65697fae7d15a713e58b10fd7aea22d4eb087a71b2023d38b554b89533ba044ab68928b42c7a88b62edcd127999030,JF164006,,3/5/2022 2:00,30,NO CONTROLS,NO CONTROLS,CLEAR,"DARKNESS, LIGHTED ROAD",PARKED MOTOR VEHICLE,NOT DIVIDED,,STRAIGHT AND LEVEL,DRY,NO DEFECTS,NOT ON SCENE (DESK REPORT),NO INJURY / DRIVE AWAY,,,Y,"OVER $1,500",3/5/2022 10:30,FAILING TO REDUCE SPEED TO AVOID CRASH,NOT APPLICABLE,1328,N,KOSTNER AVE,2533,,,,,,,2,NO INDICATION OF INJURY,0,0,0,0,0,1,0,2,7,3,41.90518214,-87.73636114,POINT (-87.736361142945 41.905182136704)
c28060a71b9cba08eb1d60c56e8e24c5d838270aa0910196beefdbaec3a670600232b763d553fe4ceb91af07f85c9d35489ca1827e15a6347959e8fd47e24eb6,JF189304,,3/25/2022 16:30,30,TRAFFIC SIGNAL,FUNCTIONING PROPERLY,CLEAR,DAYLIGHT,TURNING,FOUR WAY,,STRAIGHT AND LEVEL,DRY,NO DEFECTS,NOT ON SCENE (DESK REPORT),NO INJURY / DRIVE AWAY,Y,,Y,"OVER $1,500",3/28/2022 13:50,UNABLE TO DETERMINE,UNABLE TO DETERMINE,4141,W,PETERSON AVE,1711,,,,,,,2,NO INDICATION OF INJURY,0,0,0,0,0,2,0,16,6,3,41.98997319,-87.73284357,POINT (-87.732843573378 41.989973185129)
8d187746464c05abddfd77b20b36a54806ade9103551e79c762ad817a53d42aa0d7b18612a80a1efa24e9b8e19101b1d6eb8217a080937ad66f69afe4d9eec5d,JF149528,,2/19/2022 13:08,30,TRAFFIC SIGNAL,FUNCTIONING PROPERLY,CLEAR,DAYLIGHT,REAR END,FOUR WAY,,STRAIGHT AND LEVEL,DRY,NO DEFECTS,NOT ON SCENE (DESK REPORT),INJURY AND / OR TOW DUE TO CRASH,,,Y,"OVER $1,500",2/19/2022 13:53,"OPERATING VEHICLE IN ERRATIC, RECKLESS, CARELESS, NEGLIGENT OR AGGRESSIVE MANNER",FAILING TO REDUCE SPEED TO AVOID CRASH,6900,S,SOUTH CHICAGO AVE,322,,,,,,,2,NONINCAPACITATING INJURY,1,0,0,1,0,1,0,13,7,2,41.76925878,-87.61052286,POINT (-87.610522855327 41.769258781089)
c2b46e0bc6b72bed9229198e2b72c71078c4ca65fe2047f21057943b2e63205624ff2acd2618b136ec6a9f4423739228e50eab57334cdfd84166f9d956c20726,JF185875,,3/25/2022 8:47,25,TRAFFIC SIGNAL,FUNCTIONING PROPERLY,RAIN,DAYLIGHT,REAR END,ONE-WAY,,STRAIGHT AND LEVEL,WET,NO DEFECTS,ON SCENE,INJURY AND / OR TOW DUE TO CRASH,,,,"$501 - $1,500",3/25/2022 8:48,FOLLOWING TOO CLOSELY,DRIVING SKILLS/KNOWLEDGE/EXPERIENCE,7100,S,STATE ST,323,,,,,,,2,"REPORTED, NOT EVIDENT",2,0,0,0,2,2,0,8,6,3,41.76539361,-87.62505048,POINT (-87.625050475006 41.765393607783)
c324a553a7504cd4fe4205bc00c777786e1fc224b8ca25bfac234b5f8095f0af09e89ee609dd8724e2f8cd1fcb0b990c5aff923347ef1f7156b8c8534b68d65c,JF179094,N,3/19/2022 8:40,30,NO CONTROLS,NO CONTROLS,RAIN,DAYLIGHT,PARKED MOTOR VEHICLE,ONE-WAY,,STRAIGHT AND LEVEL,WET,NO DEFECTS,ON SCENE,NO INJURY / DRIVE AWAY,,,Y,"OVER $1,500",3/19/2022 8:47,UNABLE TO DETERMINE,NOT APPLICABLE,5835,N,ARTESIAN AVE,2011,,,,,,,2,NO INDICATION OF INJURY,0,0,0,0,0,1,0,8,7,3,41.98785783,-87.69065535,POINT (-87.690655350875 41.987857833873)