CRASH_RECORD_ID,RD_NO,CRASH_DATE_EST_I,CRASH_DATE,POSTED_SPEED_LIMIT,TRAFFIC_CONTROL_DEVICE,DEVICE_CONDITION,WEATHER_CONDITION,LIGHTING_CONDITION,FIRST_CRASH_TYPE,TRAFFICWAY_TYPE,LANE_CNT,ALIGNMENT,ROADWAY_SURFACE_COND,ROAD_DEFECT,REPORT_TYPE,CRASH_TYPE,INTERSECTION_RELATED_I,NOT_RIGHT_OF_WAY_I,HIT_AND_RUN_I,DAMAGE,DATE_POLICE_NOTIFIED,PRIM_CONTRIBUTORY_CAUSE,SEC_CONTRIBUTORY_CAUSE,STREET_NO,STREET_DIRECTION,STREET_NAME,BEAT_OF_OCCURRENCE,PHOTOS_TAKEN_I,STATEMENTS_TAKEN_I,DOORING_I,WORK_ZONE_I,WORK_ZONE_TYPE,WORKERS_PRESENT_I,NUM_UNITS,MOST_SEVERE_INJURY,INJURIES_TOTAL,INJURIES_FATAL,INJURIES_INCAPACITATING,INJURIES_NON_INCAPACITATING,INJURIES_REPORTED_NOT_EVIDENT,INJURIES_NO_INDICATION,INJURIES_UNKNOWN,CRASH_HOUR,CRASH_DAY_OF_WEEK,CRASH_MONTH,LATITUDE,LONGITUDE,LOCATION
8da3da09c8a627284968ea283d500be583644b2ffc803a47874d4612eb28bfc02027fdba0025717a2e76d07ceae100160806de4b3dead335c7f3d11c225d93b5,JF151374,,2/19/2022 17:15,30,NO CONTROLS,NO CONTROLS,CLEAR,DAYLIGHT,OTHER NONCOLLISION,NOT DIVIDED,,STRAIGHT AND LEVEL,DRY,"RUT, HOLES",NOT ON SCENE (DESK REPORT),NO INJURY / DRIVE AWAY,,,,"OVER $1,500",2/21/2022 13:00,ROAD ENGINEERING/SURFACE/MARKING DEFECTS,ROAD CONSTRUCTION/MAINTENANCE,4100,W,IRVING PARK RD,1722,,,,,,,1,NO INDICATION OF INJURY,0,0,0,0,0,1,0,17,7,2,41.95374332,-87.72925407,POINT (-87.729254067147 41.953743321298)
c34b50d2d3a1c96a486d40b4fe6cd555d0441bfc5c136eb78b5e36266d451be6b6339bd7a36baa688fb66ee91caf15a10a7cd8832d16a5c7cbe9c57fa3bb9901,JF179361,,3/19/2022 13:21,0,NO CONTROLS,NO CONTROLS,RAIN,DAYLIGHT,PEDESTRIAN,DRIVEWAY,,STRAIGHT ON GRADE,WET,UNKNOWN,ON SCENE,INJURY AND / OR TOW DUE TO CRASH,,Y,,$500 OR LESS,3/19/2022 13:21,EQUIPMENT - VEHICLE CONDITION,EQUIPMENT - VEHICLE CONDITION,3917,S,CALIFORNIA AVE,921,,,,,,,2,INCAPACITATING INJURY,1,0,1,0,0,1,0,13,7,3,41.82225069,-87.69449446,POINT (-87.694494456159 41.822250684528)
c37ec6cdde1ccdf77232653c85098edd767ebbaad01a7fc5b38c369b3819298b89b95b3e2bf1eb9769c944470e7f993dd4a893ec5da50b4ba200f68911116674,JF185855,,3/25/2022 8:00,30,TRAFFIC SIGNAL,FUNCTIONING PROPERLY,RAIN,DAYLIGHT,TURNING,NOT DIVIDED,,STRAIGHT AND LEVEL,WET,NO DEFECTS,NOT ON SCENE (DESK REPORT),NO INJURY / DRIVE AWAY,,,Y,"OVER $1,500",3/25/2022 8:41,UNABLE TO DETERMINE,NOT APPLICABLE,5200,W,ADDISON ST,1634,,,,,,,3,NO INDICATION OF INJURY,0,0,0,0,0,3,0,8,6,3,41.94610866,-87.75704703,POINT (-87.75704702771 41.946108663844)
79d8c0b13dc7761b39c3eaff24eaa89c1e68d50abe86b648b5379648c0459bce6af80062bfe2ce79fc7497235cced1eade6f5b97479ebff43773644d088d5195,JF157564,Y,2/26/2022 15:00,30,NO CONTROLS,NO CONTROLS,UNKNOWN,UNKNOWN,PARKED MOTOR VEHICLE,NOT DIVIDED,,STRAIGHT AND LEVEL,UNKNOWN,NO DEFECTS,NOT ON SCENE (DESK REPORT),NO INJURY / DRIVE AWAY,,,Y,"OVER $1,500",2/27/2022 10:55,UNABLE TO DETERMINE,NOT APPLICABLE,2145,N,WESTERN AVE,1432,,,,,,,2,NO INDICATION OF INJURY,0,0,0,0,0,1,0,15,7,2,41.9211562,-87.68737888,POINT (-87.687378881537 41.92115620213)
c3758d26a0c1251f00b2e483d4d54f5221a3de12d1f1867ab1e4d342b703da135c12dd7960745618972d17d3bd41cbe9bea7b1fd012805bb64b6075df51536c4,,Y,4/3/2022 2:00,30,NO CONTROLS,NO CONTROLS,RAIN,"DARKNESS, LIGHTED ROAD",PARKED MOTOR VEHICLE,NOT DIVIDED,,STRAIGHT AND LEVEL,WET,NO DEFECTS,ON SCENE,INJURY AND / OR TOW DUE TO CRASH,,,Y,"OVER $1,500",4/3/2022 2:02,UNABLE TO DETERMINE,NOT APPLICABLE,4418,W,JACKSON BLVD,1113,,,,,,,3,NO INDICATION OF INJURY,0,0,0,0,0,1,0,2,1,4,41.8770659,-87.73615784,POINT (-87.736157843799 41.877065902973)
c40d062555d24379513497db9fb81efecae71ba2fd29332018d707ce90d9689786801ca4179a7f96e1bb2faf2cfc7f01ef0ec68180fab41b7ee07779235ec594,JF186716,,3/25/2022 20:16,30,NO CONTROLS,NO CONTROLS,RAIN,"DARKNESS, LIGHTED ROAD",TURNING,NOT DIVIDED,,STRAIGHT AND LEVEL,WET,NO DEFECTS,NOT ON SCENE (DESK REPORT),NO INJURY / DRIVE AWAY,,,,"$501 - $1,500",3/25/2022 21:45,UNABLE TO DETERMINE,UNABLE TO DETERMINE,3637,N,SOUTHPORT AVE,1923,,,,,,,2,NO INDICATION OF INJURY,0,0,0,0,0,3,0,20,6,3,41.9481786,-87.66389687,POINT (-87.663896872023 41.948178600234)
7a85230ffc92aee612d8f9cae6252ce4a0a7a51c09bbb827ea0014654fa46a31d1791ebec56400a48e1ea8da19283124166b4e4187d561a69c444ab5f93e6d23,JF157094,,2/26/2022 19:00,35,STOP SIGN/FLASHER,UNKNOWN,UNKNOWN,"DARKNESS, LIGHTED ROAD",ANGLE,FOUR WAY,,STRAIGHT AND LEVEL,UNKNOWN,UNKNOWN,NOT ON SCENE (DESK REPORT),NO INJURY / DRIVE AWAY,Y,,,"OVER $1,500",2/26/2022 19:35,UNABLE TO DETERMINE,NOT APPLICABLE,940,W,GRAND AVE,1214,,,,,,,2,NO INDICATION OF INJURY,0,0,0,0,0,3,0,19,7,2,41.89125435,-87.6511275,POINT (-87.651127498387 41.891254347039)
c4784cc6815f1f24f3159e457f2877f9fec83e3c16c6a2b98ed3592609adb64c6343e26a0a413c70af004cff53ab8bf8f0f68fd55dde1bccb262537aff3234cf,JF186604,,3/25/2022 19:10,30,STOP SIGN/FLASHER,FUNCTIONING PROPERLY,CLEAR,DAWN,SIDESWIPE SAME DIRECTION,NOT DIVIDED,,STRAIGHT AND LEVEL,DRY,NO DEFECTS,ON SCENE,NO INJURY / DRIVE AWAY,,,,"OVER $1,500",3/25/2022 19:19,FAILING TO YIELD RIGHT-OF-WAY,NOT APPLICABLE,7393,S,PULASKI RD,833,,,,,,,2,NO INDICATION OF INJURY,0,0,0,0,0,2,0,19,6,3,41.75807147,-87.72205214,POINT (-87.722052138109 41.758071465796)
c5321a4d7757a888361f81ea70bd516b3ff5533a3160cc58266e5741e4859b3b4207843f3f88fe43494f20b8aec94a82b7ed08d0f4a1fc2844be0bc29bfe5c32,JF186533,,3/25/2022 17:35,30,TRAFFIC SIGNAL,FUNCTIONING PROPERLY,UNKNOWN,DAYLIGHT,SIDESWIPE SAME DIRECTION,NOT DIVIDED,,STRAIGHT AND LEVEL,UNKNOWN,UNKNOWN,NOT ON SCENE (DESK REPORT),NO INJURY / DRIVE AWAY,Y,,,"OVER $1,500",3/25/2022 18:35,IMPROPER OVERTAKING/PASSING,NOT APPLICABLE,525,N,ORLEANS ST,1831,,,,,,,2,NO INDICATION OF INJURY,0,0,0,0,0,2,0,17,6,3,41.8915077,-87.63688268,POINT (-87.636882677276 41.891507704413)
7ba4e255234a1b61945dfefc4b06c8d33f508047dfc9a14af58f33c40cce19dd164321d8e40e2e3616436296de55abf00ec5a12318da450a50fded081c6e5e66,JF156281,,2/26/2022 0:15,30,TRAFFIC SIGNAL,FUNCTIONING PROPERLY,CLEAR,DARKNESS,TURNING,FOUR WAY,,STRAIGHT AND LEVEL,DRY,NO DEFECTS,ON SCENE,INJURY AND / OR TOW DUE TO CRASH,Y,,,"OVER $1,500",2/26/2022 0:39,IMPROPER TURNING/NO SIGNAL,IMPROPER LANE USAGE,381,E,51ST ST,231,,,,,,,2,NO INDICATION OF INJURY,0,0,0,0,0,4,0,0,7,2,41.80199258,-87.61613561,POINT (-87.616135606567 41.801992582569)
7be25720bae0d3a34131c4bc523f82ada11cd734aab06d8897495f03db663a5b60ce1266002c6bfacd261042a08f6d6c4206852277179d2f09a3b7b06f0a6e6c,JF156990,,2/26/2022 16:40,30,NO CONTROLS,NO CONTROLS,CLEAR,DAYLIGHT,REAR END,DIVIDED - W/MEDIAN (NOT RAISED),,STRAIGHT AND LEVEL,UNKNOWN,UNKNOWN,NOT ON SCENE (DESK REPORT),NO INJURY / DRIVE AWAY,,,,"OVER $1,500",2/26/2022 17:30,UNABLE TO DETERMINE,UNABLE TO DETERMINE,3300,N,HARLEM AVE,1631,,,,,,,2,NO INDICATION OF INJURY,0,0,0,0,0,2,0,16,7,2,41.93989605,-87.80696191,POINT (-87.806961906105 41.939896054432)
90178baa946060efeae62a79ef1ad3bda9bd84d5f94583842a27b5f1b7ca19d54dcbb037965dd850e126415333c424d89a2e11ff8a91c9bcbc2752feaea25487,JF149707,,2/19/2022 16:15,25,NO CONTROLS,NO CONTROLS,CLEAR,DAYLIGHT,SIDESWIPE SAME DIRECTION,NOT DIVIDED,,STRAIGHT AND LEVEL,DRY,NO DEFECTS,ON SCENE,NO INJURY / DRIVE AWAY,,,,"$501 - $1,500",2/19/2022 16:19,FAILING TO YIELD RIGHT-OF-WAY,NOT APPLICABLE,245,W,23RD PL,914,,,,,,,2,NO INDICATION OF INJURY,0,0,0,0,0,5,0,16,7,2,41.84993219,-87.63371215,POINT (-87.633712144807 41.849932187253)
210edd5fc42c22c3ecd7f44d6e9e3abcadd1623cc228bf2fe90e8973181218ff4ca4e34ec50f05c3d4815badc9dae386db5812e07d19fa220aeb563058243c95,JE401829,,10/7/2021 17:00,30,NO CONTROLS,NO CONTROLS,CLEAR,"DARKNESS, LIGHTED ROAD",TURNING,NOT DIVIDED,,STRAIGHT AND LEVEL,UNKNOWN,UNKNOWN,,INJURY AND / OR TOW DUE TO CRASH,,,,"OVER $1,500",10/7/2021 17:01,UNABLE TO DETERMINE,NOT APPLICABLE,3945,W,71ST ST,833,,,,,,,2,NONINCAPACITATING INJURY,2,0,0,2,0,1,0,17,5,10,41.76399614,-87.72186732,POINT (-87.721867321077 41.763996140111)
211013f9db3e0b876a495006f24c5cd3f6230248a65d0f109b4c465fd464ea872fcca4388c5fbc4b720925d0877c873f6c007158aaca658c11242297d913792a,JD320643,,8/4/2020 13:46,30,NO CONTROLS,NO CONTROLS,CLEAR,DAWN,SIDESWIPE SAME DIRECTION,NOT DIVIDED,,STRAIGHT AND LEVEL,DRY,NO DEFECTS,,NO INJURY / DRIVE AWAY,,,,"$501 - $1,500",8/4/2020 14:46,UNABLE TO DETERMINE,UNABLE TO DETERMINE,9500,S,STONY ISLAND AVE,511,,,,,,,2,NO INDICATION OF INJURY,0,0,0,0,0,3,0,13,3,8,41.72225727,-87.58527557,POINT (-87.585275565077 41.722257273006)
c56f19d2d87fd5e2c7edb24540bf5d2d561fb91902394f966a2f3b49b845570f966863971f99f303f8e1d30438435169acf997fb4bbc16aacbe45da62230c14a,JF186705,,3/25/2022 20:30,30,NO CONTROLS,NO CONTROLS,CLEAR,"DARKNESS, LIGHTED ROAD",FIXED OBJECT,NOT DIVIDED,,STRAIGHT AND LEVEL,WET,"RUT, HOLES",NOT ON SCENE (DESK REPORT),NO INJURY / DRIVE AWAY,,,,"OVER $1,500",3/25/2022 21:10,ROAD ENGINEERING/SURFACE/MARKING DEFECTS,NOT APPLICABLE,621,W,TAYLOR ST,124,,,,,,,1,NO INDICATION OF INJURY,0,0,0,0,0,1,0,20,6,3,41.86959639,-87.64312013,POINT (-87.643120132064 41.869596391182)
c5503cb63fb036b083621cdfc8bad418b5caa28cbbdd1e7060c984c658d87d30e2a63d92ce87233dd7c845560f83822e76353becf1076358bb6636eda02d33a3,JF179684,,3/19/2022 14:40,30,TRAFFIC SIGNAL,FUNCTIONING PROPERLY,RAIN,DAYLIGHT,TURNING,T-INTERSECTION,,STRAIGHT AND LEVEL,WET,NO DEFECTS,NOT ON SCENE (DESK REPORT),NO INJURY / DRIVE AWAY,Y,,,"OVER $1,500",3/19/2022 18:55,UNABLE TO DETERMINE,NOT APPLICABLE,2398,W,18TH ST,1234,,,,,,,2,NO INDICATION OF INJURY,0,0,0,0,0,2,0,14,7,3,41.85737012,-87.68571068,POINT (-87.685710679657 41.857370122951)
c58330477a6d4c98559af9fe53bee61b6fc9b2cf5eb4df3cd90f5d8207b0f8e78de454b2b803e0c4f86bfc2244ddd0dcd6ef05158a1914001a5fe7a7ac9529d6,JF179356,,3/19/2022 13:20,30,NO CONTROLS,NO CONTROLS,RAIN,DAYLIGHT,REAR END,NOT DIVIDED,,STRAIGHT AND LEVEL,WET,NO DEFECTS,ON SCENE,NO INJURY / DRIVE AWAY,,,,"$501 - $1,500",3/19/2022 13:21,UNABLE TO DETERMINE,UNABLE TO DETERMINE,3511,S,WESTERN BLVD,912,,,,,,,2,NO INDICATION OF INJURY,0,0,0,0,0,3,0,13,7,3,41.82991997,-87.68430322,POINT (-87.684303219216 41.82991996632)
90cf3ebec888657d5b9a665a05b6834fb376ff1d4e06a5f6741694db3983e7800ae40df3345a167b93f0c7167b182438396c72c92850d3a73396cb66c0f0606b,JF149357,,2/19/2022 10:15,30,NO CONTROLS,NO CONTROLS,CLEAR,DAYLIGHT,FIXED OBJECT,DIVIDED - W/MEDIAN (NOT RAISED),,STRAIGHT AND LEVEL,DRY,NO DEFECTS,ON SCENE,INJURY AND / OR TOW DUE TO CRASH,,,,"OVER $1,500",2/19/2022 10:23,UNABLE TO DETERMINE,UNABLE TO DETERMINE,3832,S,DR MARTIN LUTHER KING JR DR,212,,,,,,,1,NO INDICATION OF INJURY,0,0,0,0,0,1,0,10,7,2,41.82465553,-87.61716053,POINT (-87.617160524704 41.824655527683)
c28391852649c4933dcdb807a125885321604c743f2addc516386bbc89f0d42d4f1dd43e461b6739a748e675cf59bbdf17c2d74d0a636064d04911bf478dd8fe,JF163861,,3/5/2022 6:30,20,NO CONTROLS,NO CONTROLS,CLEAR,DAYLIGHT,SIDESWIPE SAME DIRECTION,ONE-WAY,,STRAIGHT AND LEVEL,DRY,NO DEFECTS,ON SCENE,NO INJURY / DRIVE AWAY,,,,"OVER $1,500",3/5/2022 6:33,DISTRACTION - FROM INSIDE VEHICLE,NOT APPLICABLE,3,W,TERMINAL ST,1653,,,,,,,2,NO INDICATION OF INJURY,0,0,0,0,0,2,0,6,7,3,,,
c6a64690bd8cd044814cff0afa7e1fd09e5106b06514bc27e11c1a85699aa50d54d8bd8420b9e763257a7e9ef1c9ebcc820c54f79f187f23db414b7f0eeddf8b,JF188384,,3/25/2022 11:40,30,TRAFFIC SIGNAL,FUNCTIONING PROPERLY,CLEAR,DAYLIGHT,REAR END,NOT DIVIDED,,STRAIGHT AND LEVEL,DRY,NO DEFECTS,NOT ON SCENE (DESK REPORT),NO INJURY / DRIVE AWAY,,,,$500 OR LESS,3/27/2022 16:40,FOLLOWING TOO CLOSELY,FOLLOWING TOO CLOSELY,4259,S,CICERO AVE,815,,,,,,,2,NO INDICATION OF INJURY,0,0,0,0,0,2,0,11,6,3,41.81501174,-87.74321342,POINT (-87.743213418365 41.815011741675)
7de9ca1a804277e321a89faecef0f2dfcc36c50c8675b7321d4be43d7d82677a3cbb6c1311b4fccff92a39a2dbc56135dc4eed99d361dfa4d49459ff7a5ffdc0,JF156936,,2/26/2022 16:20,30,NO CONTROLS,NO CONTROLS,CLEAR,DAYLIGHT,ANGLE,PARKING LOT,,STRAIGHT AND LEVEL,DRY,NO DEFECTS,NOT ON SCENE (DESK REPORT),NO INJURY / DRIVE AWAY,,,,"OVER $1,500",2/26/2022 16:48,DISREGARDING ROAD MARKINGS,DISREGARDING ROAD MARKINGS,6341,W,64TH PL,812,,,,,,,2,NO INDICATION OF INJURY,0,0,0,0,0,2,0,16,7,2,41.77485083,-87.78034915,POINT (-87.780349144722 41.7748508309)
c6909d222894f9f92ed6258bf3476109ffcf0730ae9282b0f22fabaf5e2e0b889dd73c02420fb4407436ccc17c5c9f90f1874fadaffffb894f8fa61e1a70e4dc,JF179426,Y,3/19/2022 13:45,35,TRAFFIC SIGNAL,NO CONTROLS,CLEAR,DAYLIGHT,ANGLE,FOUR WAY,,STRAIGHT AND LEVEL,WET,NO DEFECTS,NOT ON SCENE (DESK REPORT),NO INJURY / DRIVE AWAY,Y,,,"OVER $1,500",3/19/2022 13:50,FAILING TO YIELD RIGHT-OF-WAY,DRIVING SKILLS/KNOWLEDGE/EXPERIENCE,6300,S,CICERO AVE,813,,,,,,,2,NO INDICATION OF INJURY,0,0,0,0,0,2,0,13,7,3,41.77833539,-87.74243649,POINT (-87.74243649416 41.778335390453)
c2aa2da96de3471e88213b7dd67cf9b8d64d8bf29f197e2314b84a88187a59568a4127366e97062eb7b51509917bdca2bb390152e08e9739882b3ae324b5163b,JF164399,,3/5/2022 13:44,30,NO CONTROLS,NO CONTROLS,CLEAR,DAYLIGHT,PARKED MOTOR VEHICLE,NOT DIVIDED,,STRAIGHT AND LEVEL,DRY,NO DEFECTS,NOT ON SCENE (DESK REPORT),NO INJURY / DRIVE AWAY,,,,"$501 - $1,500",3/5/2022 16:30,UNABLE TO DETERMINE,UNABLE TO DETERMINE,2800,N,LAKE SHORE DR,1934,,,,,,,2,NO INDICATION OF INJURY,0,0,0,0,0,2,0,13,7,3,41.93290247,-87.63637317,POINT (-87.636373165151 41.932902466506)
c696bd96049276687875063b8734439e89b4fc8d42cf3bcda466408505d559b32469c2289e9e83ae0b24f00bcafacc08399a3054a778f9700681da347273b1cf,JF179699,Y,3/19/2022 10:30,10,NO CONTROLS,NO CONTROLS,RAIN,DAYLIGHT,PARKED MOTOR VEHICLE,PARKING LOT,,STRAIGHT AND LEVEL,WET,NO DEFECTS,NOT ON SCENE (DESK REPORT),NO INJURY / DRIVE AWAY,,,,"$501 - $1,500",3/19/2022 19:30,UNABLE TO DETERMINE,UNABLE TO DETERMINE,5841,S,MARYLAND AVE,235,,,,,,,2,NO INDICATION OF INJURY,0,0,0,0,0,1,0,10,7,3,41.78831126,-87.60476984,POINT (-87.604769835881 41.788311258411)
7e16c255c7c87d6a1600acffc7a1ffa1848fa1d5db3d684cdb8c6631a8fb453d975cc8a411dcb1d61c12b20a0ee456ff6430c4c5eeb876bec771ab5b236d67ac,JF156792,,2/26/2022 13:30,30,STOP SIGN/FLASHER,UNKNOWN,CLEAR,DAYLIGHT,ANGLE,NOT DIVIDED,,STRAIGHT AND LEVEL,DRY,NO DEFECTS,ON SCENE,NO INJURY / DRIVE AWAY,Y,,,$500 OR LESS,2/26/2022 13:45,UNABLE TO DETERMINE,UNABLE TO DETERMINE,3922,N,LARAMIE AVE,1634,,,,,,,2,NO INDICATION OF INJURY,0,0,0,0,0,2,0,13,7,2,41.95217903,-87.75726012,POINT (-87.757260118834 41.952179032196)
91dfdefa8661f6d6b89af855882e7bdaf9d55410a4ec216a54e6d7b1ce01cdd9395f5b03235823cfb8ca04353b949b22c68cf3876c790f986481f316777909ad,JF149795,,2/19/2022 16:10,30,TRAFFIC SIGNAL,FUNCTIONING PROPERLY,CLEAR,"DARKNESS, LIGHTED ROAD",SIDESWIPE SAME DIRECTION,NOT DIVIDED,,STRAIGHT AND LEVEL,DRY,NO DEFECTS,NOT ON SCENE (DESK REPORT),NO INJURY / DRIVE AWAY,,,,"OVER $1,500",2/19/2022 18:00,NOT APPLICABLE,NOT APPLICABLE,400,N,FRANKLIN ST,1831,,,,,,,2,NO INDICATION OF INJURY,0,0,0,0,0,2,0,16,7,2,41.88918681,-87.63565618,POINT (-87.635656176835 41.889186808356)
c74d988be64d488928f7299d9b236b09751bab7f9f044ae550526a921ec9493ce88cd6141dbc02a1911c0226d78f1a33f40df2a44f47245b68a545d81a022e8c,JF179588,Y,3/19/2022 17:05,30,TRAFFIC SIGNAL,FUNCTIONING PROPERLY,RAIN,DUSK,SIDESWIPE SAME DIRECTION,NOT DIVIDED,,STRAIGHT AND LEVEL,WET,NO DEFECTS,ON SCENE,NO INJURY / DRIVE AWAY,N,,,"OVER $1,500",3/19/2022 17:06,FOLLOWING TOO CLOSELY,NOT APPLICABLE,424,W,FULLERTON PKWY,1935,,,,,,,2,NO INDICATION OF INJURY,0,0,0,0,0,3,0,17,7,3,41.92569892,-87.64016869,POINT (-87.640168689391 41.925698921196)
c7585cce6dfdbeadbb1660c9c9bb45822179462c316a81a5c9287f87e1c08b037bca142dd54e4e0aac474613193baa65fe0deb851b3ea685c10b520cb27aa203,JF179307,,3/19/2022 12:20,30,STOP SIGN/FLASHER,FUNCTIONING PROPERLY,OTHER,DAYLIGHT,ANGLE,OTHER,,STRAIGHT AND LEVEL,WET,UNKNOWN,NOT ON SCENE (DESK REPORT),NO INJURY / DRIVE AWAY,Y,,,"$501 - $1,500",3/19/2022 12:45,UNABLE TO DETERMINE,UNABLE TO DETERMINE,2953,W,53RD ST,923,,,,,,,2,NO INDICATION OF INJURY,0,0,0,0,0,2,0,12,7,3,41.79714803,-87.69846403,POINT (-87.69846402517 41.797148032414)
c3ef1edbf34f7e24ba65a6cf85c39d82c6a7fd4276a800c9a35284872798553b061386563aca09890648517adebe8ebe40b03f04cffee1bbb73ac6e1bb42d710,JF164622,,3/5/2022 20:30,0,NO CONTROLS,NO CONTROLS,UNKNOWN,DARKNESS,PARKED MOTOR VEHICLE,PARKING LOT,,STRAIGHT AND LEVEL,UNKNOWN,UNKNOWN,NOT ON SCENE (DESK REPORT),NO INJURY / DRIVE AWAY,,Y,,"OVER $1,500",3/5/2022 21:30,DRIVING SKILLS/KNOWLEDGE/EXPERIENCE,UNABLE TO DETERMINE,1647,N,PULASKI RD,2535,,,,,,,2,NO INDICATION OF INJURY,0,0,0,0,0,1,0,20,7,3,41.91127953,-87.7262288,POINT (-87.726228801844 41.911279532597)
7f6450c2169b3f975671c4fbb334d75765f87b381f4da63167263440b445c7fd56792a7069806a5caa6a56707bf3d0a607db5d245aeaa8c3c8d9b60a3a9ab348,JF156426,,2/26/2022 6:50,30,NO CONTROLS,NO CONTROLS,CLEAR,DAWN,REAR END,NOT DIVIDED,,STRAIGHT AND LEVEL,DRY,NO DEFECTS,ON SCENE,NO INJURY / DRIVE AWAY,,,,"$501 - $1,500",2/26/2022 6:55,FAILING TO REDUCE SPEED TO AVOID CRASH,NOT APPLICABLE,5945,S,NARRAGANSETT AVE,812,,,,,,,2,NO INDICATION OF INJURY,0,0,0,0,0,3,0,6,7,2,41.78369791,-87.78134114,POINT (-87.78134113562 41.783697907774)
7feffcf56458e7078b4bc5108cc82f192e5e4aab50699a24a22fee827652aeff0fdc72cd30cbad6c4639d6c8e18aa05fca923543c223a3743534012ec27e253e,JF156507,,2/26/2022 9:00,0,NO CONTROLS,NO CONTROLS,CLEAR,DAYLIGHT,PARKED MOTOR VEHICLE,PARKING LOT,,STRAIGHT AND LEVEL,DRY,NO DEFECTS,NOT ON SCENE (DESK REPORT),NO INJURY / DRIVE AWAY,,Y,,$500 OR LESS,2/26/2022 9:40,IMPROPER BACKING,NOT APPLICABLE,1147,S,WABASH AVE,123,,,,,,,2,NO INDICATION OF INJURY,0,0,0,0,0,1,0,9,7,2,41.86786709,-87.62568684,POINT (-87.625686841193 41.867867090171)
93f27fa0e128611ed0ab450d9fb0316167fa8bbd4c27cc39d4f08bff06df7609ef78bc0f2c9a4f3d19c297595b86a0aa14e168992396e32c41b310920666c496,JF150492,Y,2/19/2022 23:00,30,NO CONTROLS,NO CONTROLS,CLEAR,"DARKNESS, LIGHTED ROAD",PARKED MOTOR VEHICLE,NOT DIVIDED,,STRAIGHT AND LEVEL,DRY,NO DEFECTS,NOT ON SCENE (DESK REPORT),NO INJURY / DRIVE AWAY,,,Y,"OVER $1,500",2/20/2022 14:40,DRIVING SKILLS/KNOWLEDGE/EXPERIENCE,UNABLE TO DETERMINE,2254,S,HOMAN AVE,1024,,,,,,,2,NO INDICATION OF INJURY,0,0,0,0,0,1,0,23,7,2,41.85009184,-87.71022469,POINT (-87.710224687921 41.850091841617)
93feaae1074b460919fa1851eaa93f74c6741b278fe5b931cb1f6eda8903d8f4da34161473e8ad73b8987d376f7a7cfc5db6ed6aa491575e3614cb14f4a39424,JF149809,,2/19/2022 12:25,30,TRAFFIC SIGNAL,FUNCTIONING PROPERLY,CLEAR,DAYLIGHT,REAR END,FOUR WAY,,STRAIGHT AND LEVEL,DRY,NO DEFECTS,NOT ON SCENE (DESK REPORT),NO INJURY / DRIVE AWAY,,,Y,"OVER $1,500",2/19/2022 18:39,DRIVING SKILLS/KNOWLEDGE/EXPERIENCE,NOT APPLICABLE,9900,S,DR MARTIN LUTHER KING JR DR,511,,,,,,,3,NO INDICATION OF INJURY,0,0,0,0,0,3,0,12,7,2,41.71458064,-87.6141234,POINT (-87.614123395176 41.714580637087)
c8be7f76da03da662d74debec87728f88d07de90f60dff6044569e2d42349c6bbbb1f9fa01c6d8231b81da766130c0405e0739b8d75c43e0f7278395962ec655,JF197910,,3/25/2022 14:30,30,NO CONTROLS,NO CONTROLS,CLEAR,DAYLIGHT,SIDESWIPE SAME DIRECTION,NOT DIVIDED,,STRAIGHT AND LEVEL,DRY,NO DEFECTS,NOT ON SCENE (DESK REPORT),NO INJURY / DRIVE AWAY,,,Y,"OVER $1,500",4/5/2022 11:40,FAILING TO YIELD RIGHT-OF-WAY,UNABLE TO DETERMINE,3359,W,ROOSEVELT RD,1021,,,,,,,2,NO INDICATION OF INJURY,0,0,0,0,0,2,0,14,6,3,41.86624019,-87.7104792,POINT (-87.710479203738 41.866240191352)
9417f6f3b3fe17c2efd793b9c0bd7971caff86f4c142ca9728d54c68a3de3237ff4898c9eea68120688a6a9b07b8d75ca52f1ac699975956766bac058c577103,JF149639,,2/19/2022 13:00,15,NO CONTROLS,NO CONTROLS,CLEAR,DAYLIGHT,REAR END,OTHER,,STRAIGHT AND LEVEL,DRY,NO DEFECTS,ON SCENE,NO INJURY / DRIVE AWAY,,,N,"OVER $1,500",2/19/2022 14:00,"OPERATING VEHICLE IN ERRATIC, RECKLESS, CARELESS, NEGLIGENT OR AGGRESSIVE MANNER",NOT APPLICABLE,12440,S,STONY ISLAND AVE,434,,,,,,,2,NO INDICATION OF INJURY,0,0,0,0,0,3,0,13,7,2,41.67051743,-87.57547255,POINT (-87.575472549454 41.670517430543)
942cef5eb7bfb383739624b1db38e2e7dfa84354c692c8c026892cb28f8b6d9a1a533792677c44c31a31e56918629e4a1fdefa64f3cfd71d768e3d6597612e4c,JF149162,,2/19/2022 2:47,30,TRAFFIC SIGNAL,FUNCTIONING PROPERLY,SNOW,"DARKNESS, LIGHTED ROAD",PARKED MOTOR VEHICLE,NOT DIVIDED,,STRAIGHT AND LEVEL,SNOW OR SLUSH,NO DEFECTS,ON SCENE,INJURY AND / OR TOW DUE TO CRASH,,,,"OVER $1,500",2/19/2022 2:47,FAILING TO REDUCE SPEED TO AVOID CRASH,FOLLOWING TOO CLOSELY,8437,S,JEFFERY BLVD,412,,,,,,,2,NO INDICATION OF INJURY,0,0,0,0,0,1,0,2,7,2,41.74138904,-87.57564203,POINT (-87.575642028856 41.741389037954)