CRASH_RECORD_ID,RD_NO,CRASH_DATE_EST_I,CRASH_DATE,POSTED_SPEED_LIMIT,TRAFFIC_CONTROL_DEVICE,DEVICE_CONDITION,WEATHER_CONDITION,LIGHTING_CONDITION,FIRST_CRASH_TYPE,TRAFFICWAY_TYPE,LANE_CNT,ALIGNMENT,ROADWAY_SURFACE_COND,ROAD_DEFECT,REPORT_TYPE,CRASH_TYPE,INTERSECTION_RELATED_I,NOT_RIGHT_OF_WAY_I,HIT_AND_RUN_I,DAMAGE,DATE_POLICE_NOTIFIED,PRIM_CONTRIBUTORY_CAUSE,SEC_CONTRIBUTORY_CAUSE,STREET_NO,STREET_DIRECTION,STREET_NAME,BEAT_OF_OCCURRENCE,PHOTOS_TAKEN_I,STATEMENTS_TAKEN_I,DOORING_I,WORK_ZONE_I,WORK_ZONE_TYPE,WORKERS_PRESENT_I,NUM_UNITS,MOST_SEVERE_INJURY,INJURIES_TOTAL,INJURIES_FATAL,INJURIES_INCAPACITATING,INJURIES_NON_INCAPACITATING,INJURIES_REPORTED_NOT_EVIDENT,INJURIES_NO_INDICATION,INJURIES_UNKNOWN,CRASH_HOUR,CRASH_DAY_OF_WEEK,CRASH_MONTH,LATITUDE,LONGITUDE,LOCATION
8086a20b3f4350cfaed1731b2cd90d54ad281c6314fc8265790728c4b0537db87c7531407f4548cdef6e813cecedb4abe99ad4a8b2f936d6e6ef5eeed8a1a191,JF156467,,2/26/2022 8:02,30,NO CONTROLS,NO CONTROLS,CLEAR,DAYLIGHT,SIDESWIPE SAME DIRECTION,DIVIDED - W/MEDIAN (NOT RAISED),,STRAIGHT AND LEVEL,DRY,NO DEFECTS,ON SCENE,INJURY AND / OR TOW DUE TO CRASH,,,Y,"OVER $1,500",2/26/2022 8:05,IMPROPER OVERTAKING/PASSING,UNABLE TO DETERMINE,429,E,87TH ST,632,,,,,,,2,NO INDICATION OF INJURY,0,0,0,0,0,2,0,8,7,2,41.7364099,-87.61336841,POINT (-87.613368408895 41.73640989694)
c9d8c2db76b5b9a729d784bac83f4ae5783c03a8075238e3080c4c5ae8812aec5b6871bfcbc7ea58ce8b30f1cacbdb6fe310da259d587472f85f08e5b7c85ff5,JF179398,,3/19/2022 12:05,15,NO CONTROLS,NO CONTROLS,CLOUDY/OVERCAST,DAYLIGHT,FIXED OBJECT,ALLEY,,STRAIGHT AND LEVEL,WET,NO DEFECTS,NOT ON SCENE (DESK REPORT),NO INJURY / DRIVE AWAY,,,Y,"$501 - $1,500",3/19/2022 14:25,UNABLE TO DETERMINE,NOT APPLICABLE,640,N,PARKSIDE AVE,1511,,,,,,,1,NO INDICATION OF INJURY,0,0,0,0,0,1,0,12,7,3,41.8923064,-87.76672386,POINT (-87.766723859943 41.892306402598)
c54802b61114692629399b2078f94bfe6d7686c9439e5c82da0c674bfb3065cac9ae5370bf6e7e1a3f98452ba3b4d70a5677a86c4a84e42a426aa9a2d0dd9264,JF172008,,3/5/2022 23:15,30,TRAFFIC SIGNAL,FUNCTIONING PROPERLY,UNKNOWN,"DARKNESS, LIGHTED ROAD",PEDALCYCLIST,DIVIDED - W/MEDIAN BARRIER,,STRAIGHT AND LEVEL,UNKNOWN,NO DEFECTS,NOT ON SCENE (DESK REPORT),INJURY AND / OR TOW DUE TO CRASH,,,,"$501 - $1,500",3/12/2022 21:15,IMPROPER TURNING/NO SIGNAL,IMPROPER LANE USAGE,1018,W,ROOSEVELT RD,1232,,,,,,,2,NONINCAPACITATING INJURY,1,0,0,1,0,1,0,23,7,3,41.86718534,-87.65189519,POINT (-87.651895184582 41.867185336027)
81b6e79c1e15dd702e5085ce663dded0054771f8b16015bf3930ff3fe532e3f379a456f539a0eaf8550636e7bc8998e830efdab9753c7c7d80052075639af766,JF157104,,2/26/2022 17:39,25,NO CONTROLS,NO CONTROLS,CLEAR,"DARKNESS, LIGHTED ROAD",PARKED MOTOR VEHICLE,DIVIDED - W/MEDIAN (NOT RAISED),,STRAIGHT AND LEVEL,DRY,NO DEFECTS,ON SCENE,NO INJURY / DRIVE AWAY,,,,"$501 - $1,500",2/26/2022 19:50,DRIVING SKILLS/KNOWLEDGE/EXPERIENCE,DRIVING SKILLS/KNOWLEDGE/EXPERIENCE,4055,N,BROADWAY,1915,,Y,,,,,2,NO INDICATION OF INJURY,0,0,0,0,0,2,0,17,7,2,41.95601827,-87.6513131,POINT (-87.651313102832 41.956018270578)
26205ab4bcce4f6c3751a4947c94e5ad28b0dc0738cb27eb3d8924cdd0eb6b14cc303c41e93c9290f6581d7886fe556ed87ee3fcbd019b7422ef3c6372bbb7c6,JC557419,,12/22/2019 20:11,30,TRAFFIC SIGNAL,FUNCTIONING PROPERLY,CLEAR,"DARKNESS, LIGHTED ROAD",REAR END,DIVIDED - W/MEDIAN (NOT RAISED),,STRAIGHT AND LEVEL,DRY,NO DEFECTS,,NO INJURY / DRIVE AWAY,,,Y,"$501 - $1,500",12/23/2019 10:15,UNABLE TO DETERMINE,UNABLE TO DETERMINE,9802,S,HALSTED ST,2223,,,,,,,2,NO INDICATION OF INJURY,0,0,0,0,0,2,0,20,1,12,41.71580477,-87.64320825,POINT (-87.643208253244 41.715804770128)
c56adac9fd88067db5fbdc9d1936e61aa03a7f51d417bf1fa85a792dcc37181105ecd2b29111fd743c42f3b621b67268c6d39aa85efc1bd065e634b757eec766,JF169261,Y,3/10/2022 12:10,10,NO CONTROLS,UNKNOWN,UNKNOWN,UNKNOWN,PARKED MOTOR VEHICLE,PARKING LOT,,STRAIGHT AND LEVEL,UNKNOWN,NO DEFECTS,,NO INJURY / DRIVE AWAY,,,Y,"OVER $1,500",3/10/2022 12:30,UNABLE TO DETERMINE,UNABLE TO DETERMINE,1,N,BESSIE COLEMAN DR,1654,,,,,,,2,NO INDICATION OF INJURY,0,0,0,0,0,1,0,12,5,3,,,
26295cffa6a45fd818ba8785d547e480a64bf6b4db9234c926be4fe40eb1adf03eddae832696961e5e481f840e3caf715db08da859841314577fa4683c7acd5e,JE127164,,1/30/2021 0:31,15,NO CONTROLS,NO CONTROLS,SNOW,"DARKNESS, LIGHTED ROAD",FIXED OBJECT,ALLEY,,STRAIGHT AND LEVEL,SNOW OR SLUSH,NO DEFECTS,,NO INJURY / DRIVE AWAY,,Y,Y,"OVER $1,500",1/30/2021 0:45,UNABLE TO DETERMINE,NOT APPLICABLE,5429,N,SAWYER AVE,1712,,,,,,,2,NO INDICATION OF INJURY,0,0,0,0,0,1,0,0,7,1,41.9802973,-87.70986452,POINT (-87.709864522756 41.980297298523)
81cdcbc3ba2a3d0c54fed5a40ae47454c9414aaf873e6d04b42149cb56a9041ec69b26d3f1cf180ba98bb5f3462e671837f4c48c79b781029a542f9013ef2a5f,JF156817,,2/26/2022 13:56,30,NO CONTROLS,NO CONTROLS,CLEAR,DAYLIGHT,PEDESTRIAN,NOT DIVIDED,,STRAIGHT AND LEVEL,DRY,NO DEFECTS,NOT ON SCENE (DESK REPORT),INJURY AND / OR TOW DUE TO CRASH,,,Y,"$501 - $1,500",2/26/2022 15:00,UNABLE TO DETERMINE,UNABLE TO DETERMINE,1701,S,STATE ST,131,,,,,,,2,NONINCAPACITATING INJURY,1,0,0,1,0,1,0,13,7,2,41.85894524,-87.62708031,POINT (-87.627080310356 41.858945240268)
95eaccd03980423ee737dfec69cb9a40e58b3577035fc70f6a5dc9c4a2cf0ac313f92d41b95adc411a0a8869721565d2edf7011804a84d835f41038575318352,JF149173,,2/19/2022 3:23,30,STOP SIGN/FLASHER,NO CONTROLS,SNOW,DARKNESS,ANGLE,FOUR WAY,,STRAIGHT AND LEVEL,SNOW OR SLUSH,NO DEFECTS,ON SCENE,INJURY AND / OR TOW DUE TO CRASH,,,Y,"OVER $1,500",2/19/2022 3:23,FAILING TO YIELD RIGHT-OF-WAY,NOT APPLICABLE,5302,S,CAMPBELL AVE,923,,,,,,,3,"REPORTED, NOT EVIDENT",2,0,0,0,2,1,0,3,7,2,41.79729554,-87.68672292,POINT (-87.686722916041 41.797295535333)
95fd32dfe3ade72e4e89e17e83dbdba83c1ac3d60a8beb9a8e5bb9c4698a439d6738b874f3277d52179ffbf759251e586a99d32a10993718cda10a6b5f758653,JF149122,,2/19/2022 1:25,30,TRAFFIC SIGNAL,FUNCTIONING PROPERLY,CLEAR,"DARKNESS, LIGHTED ROAD",PARKED MOTOR VEHICLE,NOT DIVIDED,,STRAIGHT AND LEVEL,SNOW OR SLUSH,NO DEFECTS,ON SCENE,INJURY AND / OR TOW DUE TO CRASH,,,Y,"OVER $1,500",2/19/2022 1:27,UNABLE TO DETERMINE,FAILING TO REDUCE SPEED TO AVOID CRASH,1719,W,NORTH AVE,1433,,,,,,,3,NO INDICATION OF INJURY,0,0,0,0,0,1,0,1,7,2,41.91047625,-87.67089978,POINT (-87.670899777473 41.910476247748)
c6086da5c5c93f1e4410c87fa5b357dab01a75484c75254a62fbd3b0da18781afd2edac8c28715be6f67353c0808bcb6b722833d950fbbe61255b0e1b74a0151,JF165256,,3/5/2022 23:24,30,NO CONTROLS,NO CONTROLS,UNKNOWN,UNKNOWN,PARKED MOTOR VEHICLE,UNKNOWN,,STRAIGHT AND LEVEL,UNKNOWN,UNKNOWN,NOT ON SCENE (DESK REPORT),NO INJURY / DRIVE AWAY,,,Y,"OVER $1,500",3/6/2022 15:23,UNABLE TO DETERMINE,NOT APPLICABLE,1838,S,LAWNDALE AVE,1014,,,,,,,2,NO INDICATION OF INJURY,0,0,0,0,0,1,0,23,7,3,41.85595312,-87.71773846,POINT (-87.717738461023 41.855953118447)
c901931989296cf7cd5e341e04a81fee37ddab97faf52af7573b787cb7f924c6c72f260f90719a205191d04e5693fe1a5be5c4587fc7073c1c52cd2892a79790,JE179273,,3/24/2021 15:30,30,NO CONTROLS,NO CONTROLS,CLEAR,DAYLIGHT,PEDESTRIAN,NOT DIVIDED,,STRAIGHT AND LEVEL,DRY,NO DEFECTS,,INJURY AND / OR TOW DUE TO CRASH,,,Y,"OVER $1,500",3/25/2021 12:00,FAILING TO YIELD RIGHT-OF-WAY,NOT APPLICABLE,666,N,FAIRBANKS CT,1834,,,,,,,2,NONINCAPACITATING INJURY,1,0,0,1,0,1,0,15,4,3,41.89453235,-87.62045035,POINT (-87.620450344873 41.894532344879)
ca13fb1d01bbb926470bd3e26de9b4b5c559e68fb21b29c7806db7baf3c22e8bee277180e9e8b299c81651750a0233aca5182016ce42855869a86955879c1336,JF186007,,3/25/2022 10:45,35,TRAFFIC SIGNAL,FUNCTIONING PROPERLY,CLEAR,DAYLIGHT,ANGLE,DIVIDED - W/MEDIAN BARRIER,,STRAIGHT AND LEVEL,DRY,NO DEFECTS,ON SCENE,INJURY AND / OR TOW DUE TO CRASH,Y,,,"OVER $1,500",3/25/2022 10:50,UNABLE TO DETERMINE,UNABLE TO DETERMINE,7200,W,BRYN MAWR AVE,1612,,,,,,,3,"REPORTED, NOT EVIDENT",1,0,0,0,1,2,0,10,6,3,41.98287647,-87.80707684,POINT (-87.807076841426 41.982876468384)
ca182b68704b16ec7cf7d805c65bf9f3c55ce159eea879af344a87a8c4f8b63b69587299d045e5a1fa7458f1d399722fde6057e7117266596d3838d76b78288d,JF186182,,3/25/2022 12:45,30,NO CONTROLS,NO CONTROLS,CLEAR,DAYLIGHT,SIDESWIPE SAME DIRECTION,DIVIDED - W/MEDIAN (NOT RAISED),,STRAIGHT AND LEVEL,DRY,NO DEFECTS,NOT ON SCENE (DESK REPORT),NO INJURY / DRIVE AWAY,,,,"OVER $1,500",3/25/2022 13:30,FAILING TO YIELD RIGHT-OF-WAY,IMPROPER LANE USAGE,4733,W,LAWRENCE AVE,1722,,,,,,,2,NO INDICATION OF INJURY,0,0,0,0,0,2,0,12,6,3,41.96793247,-87.74663889,POINT (-87.746638893942 41.967932467319)
966636d5d69e95916d81584e8736c2f1a01c077a878f6d9119b677af2cee8081cb4004c5af3b0df9ace7dfa9c348869ed7b5012d631642605c0a426e5a52ffce,JF149899,,2/19/2022 18:11,30,NO CONTROLS,NO CONTROLS,CLEAR,DARKNESS,PARKED MOTOR VEHICLE,ONE-WAY,,STRAIGHT AND LEVEL,DRY,NO DEFECTS,ON SCENE,NO INJURY / DRIVE AWAY,,,Y,"$501 - $1,500",2/19/2022 19:38,UNABLE TO DETERMINE,NOT APPLICABLE,4604,N,LOWELL AVE,1722,,,,,,,2,NO INDICATION OF INJURY,0,0,0,0,0,1,0,18,7,2,41.96467219,-87.73726841,POINT (-87.737268407502 41.964672189106)
ca435082c68bf87f2098800ff096539d6de085bbbd836fa8eba18651013f6b55633e4b00e54d939b1cf55a2cf7facf4d281556f8757ca842402a8602a2397183,JF186579,,3/25/2022 17:20,30,TRAFFIC SIGNAL,FUNCTIONING PROPERLY,CLEAR,DAYLIGHT,TURNING,NOT DIVIDED,,STRAIGHT AND LEVEL,DRY,NO DEFECTS,ON SCENE,NO INJURY / DRIVE AWAY,,,,"$501 - $1,500",3/25/2022 17:50,FAILING TO YIELD RIGHT-OF-WAY,UNABLE TO DETERMINE,4703,S,CICERO AVE,815,,,,,,,2,NO INDICATION OF INJURY,0,0,0,0,0,3,0,17,6,3,41.80747687,-87.74300236,POINT (-87.743002358605 41.807476869543)
82cf7fdd44bed549c4c3ec3db1a255266c864c6ce03e30a9316e6c92d3a2441cd2366b657db5a1c36e0fca328063e803ee6cc58c13bf979d66c1744b4a8b2d6c,JF156900,,2/26/2022 15:15,25,NO CONTROLS,NO CONTROLS,CLEAR,DAYLIGHT,PARKED MOTOR VEHICLE,ONE-WAY,,STRAIGHT AND LEVEL,WET,NO DEFECTS,ON SCENE,NO INJURY / DRIVE AWAY,,,,$500 OR LESS,2/26/2022 15:20,NOT APPLICABLE,NOT APPLICABLE,742,N,PINE AVE,1524,,,,,,,2,,,,,,,,,15,7,2,41.89424641,-87.76368958,POINT (-87.763689575719 41.894246405536)
82fabb975d31315856058e15b1f2cb6d5e5fdae1435c8bd3db820980c984c7156c1fa76c3498c17f3761a20271d14d4d50e9a7e10dd4c8534332f3fb58f34dfa,JF156894,,2/26/2022 15:57,30,STOP SIGN/FLASHER,FUNCTIONING PROPERLY,CLEAR,DAYLIGHT,PEDESTRIAN,FOUR WAY,,STRAIGHT AND LEVEL,DRY,NO DEFECTS,ON SCENE,INJURY AND / OR TOW DUE TO CRASH,Y,,,"OVER $1,500",2/26/2022 15:58,FAILING TO YIELD RIGHT-OF-WAY,"VISION OBSCURED (SIGNS, TREE LIMBS, BUILDINGS, ETC.)",3057,N,CENTRAL AVE,2514,,,,,,,2,NONINCAPACITATING INJURY,1,0,0,1,0,1,0,15,7,2,41.93650507,-87.76627956,POINT (-87.766279557926 41.93650506871)
97680c6a25230d7754d807131ddd1a2613a7739d87d02274ed8d7bffbd12c8db1ccdfd987f7299a8bdd637d6c7e3192ae858e9f5d8f8497622d3b7ebaddf167c,JF151225,,2/19/2022 15:30,30,UNKNOWN,UNKNOWN,CLEAR,DAYLIGHT,REAR END,NOT DIVIDED,,STRAIGHT AND LEVEL,DRY,UNKNOWN,NOT ON SCENE (DESK REPORT),NO INJURY / DRIVE AWAY,,,,"OVER $1,500",2/21/2022 10:50,FOLLOWING TOO CLOSELY,UNABLE TO DETERMINE,2100,W,DEVON AVE,2412,,,,,,,2,NO INDICATION OF INJURY,0,0,0,0,0,2,0,15,7,2,41.99796272,-87.68263764,POINT (-87.682637637121 41.997962721021)
cd11fca77446548f3162c4097e1d1b25042a1ac720230500137af91657feb2a92e9d2446c3a114c138dc8e8082281b7929ef8605ad1bfee43b0b3a2accb07d54,JF179135,,3/19/2022 9:33,20,UNKNOWN,FUNCTIONING PROPERLY,RAIN,DAYLIGHT,SIDESWIPE SAME DIRECTION,DIVIDED - W/MEDIAN (NOT RAISED),,STRAIGHT AND LEVEL,WET,NO DEFECTS,ON SCENE,NO INJURY / DRIVE AWAY,,,,$500 OR LESS,3/19/2022 9:41,IMPROPER OVERTAKING/PASSING,NOT APPLICABLE,7998,S,DR MARTIN LUTHER KING JR DR,623,,,,,,,2,NO INDICATION OF INJURY,0,0,0,0,0,2,0,9,7,3,41.74937987,-87.61506923,POINT (-87.615069232001 41.749379867916)
cd2632a74bf174d6b014a59f38ec69da73003a23147f6fa8cb78bf78c4333a06d4b85dc502fbb734f5586b207c60b8edca495def74185f8acb912a3ff5ca44c5,JF179423,,3/19/2022 14:30,25,NO CONTROLS,NO CONTROLS,RAIN,DAYLIGHT,REAR END,ONE-WAY,,STRAIGHT AND LEVEL,WET,NO DEFECTS,NOT ON SCENE (DESK REPORT),NO INJURY / DRIVE AWAY,,,Y,"OVER $1,500",3/19/2022 15:00,UNABLE TO DETERMINE,UNABLE TO DETERMINE,4850,W,KINZIE ST,1532,,,,,,,2,NO INDICATION OF INJURY,0,0,0,0,0,4,0,14,7,3,41.88800249,-87.74745501,POINT (-87.747455013763 41.888002486214)
c6c4152e55e314881dc1f731136aa118bc53ce7791ffb4d524e9fbb27373f2147f905aef327788c2e95166172dc2ce454e43a3810aeb0780cac247915e6ff4c1,JF164680,,3/5/2022 22:50,30,NO CONTROLS,NO CONTROLS,RAIN,"DARKNESS, LIGHTED ROAD",SIDESWIPE SAME DIRECTION,NOT DIVIDED,,STRAIGHT AND LEVEL,WET,NO DEFECTS,ON SCENE,NO INJURY / DRIVE AWAY,,,Y,$500 OR LESS,3/5/2022 22:55,UNABLE TO DETERMINE,UNABLE TO DETERMINE,10900,S,DOTY AVE W,513,,,,,,,2,NO INDICATION OF INJURY,0,0,0,0,0,3,0,22,7,3,41.69631368,-87.59663224,POINT (-87.596632243933 41.696313683973)
cd49164aaba6a2a29641ee510b330699a979c48a8d3085b768614bf7c8a8e159066b3991a22716e305b35eb7cf34f3418626698c0b3762f16af0ee8bfbafd3ed,JF179448,,3/19/2022 14:20,30,NO CONTROLS,NO CONTROLS,RAIN,DAYLIGHT,REAR END,NOT DIVIDED,,STRAIGHT AND LEVEL,WET,NO DEFECTS,NOT ON SCENE (DESK REPORT),NO INJURY / DRIVE AWAY,,,,"$501 - $1,500",3/19/2022 15:30,NOT APPLICABLE,NOT APPLICABLE,6246,W,BRYN MAWR AVE,1622,,,,,,,2,NO INDICATION OF INJURY,0,0,0,0,0,2,0,14,7,3,41.98300849,-87.78449884,POINT (-87.784498835187 41.983008493189)
cdc0443e7745acc19b7a7717d49e82aa36d80cb16e92a229c62b218d94543e60e7f11406a4a95280fd66979ac61dd3bdb5ad6c9925bc73be21c9bd2181e594bc,JF179443,,3/19/2022 14:00,30,TRAFFIC SIGNAL,FUNCTIONING PROPERLY,RAIN,DAYLIGHT,TURNING,FOUR WAY,,STRAIGHT AND LEVEL,WET,NO DEFECTS,NOT ON SCENE (DESK REPORT),NO INJURY / DRIVE AWAY,Y,,Y,"OVER $1,500",3/19/2022 15:30,DISREGARDING TRAFFIC SIGNALS,DISREGARDING TRAFFIC SIGNALS,8712,S,STONY ISLAND AVE,412,,,,,,,2,NO INDICATION OF INJURY,0,0,0,0,0,2,0,14,7,3,41.73648161,-87.58578401,POINT (-87.585784013468 41.736481612063)
c6e0e332021963bc7a0eb67e0a4926cbca769666451bdd3abce35e796fabd984d92fe7e6e11779c8ba2f6526d35abc7faf01187719a1bcdf5cff37691616d65a,JF163811,,3/5/2022 3:25,30,STOP SIGN/FLASHER,FUNCTIONING PROPERLY,CLEAR,"DARKNESS, LIGHTED ROAD",TURNING,NOT DIVIDED,,STRAIGHT AND LEVEL,DRY,NO DEFECTS,ON SCENE,NO INJURY / DRIVE AWAY,Y,,Y,"OVER $1,500",3/5/2022 3:45,IMPROPER TURNING/NO SIGNAL,IMPROPER LANE USAGE,3439,E,112TH ST,433,,,,,,,2,NO INDICATION OF INJURY,0,0,0,0,0,2,0,3,7,3,41.69174999,-87.53979787,POINT (-87.539797870248 41.691749994066)
cc296349fa134c3f9824bbc96d3a3606b3407ffbf9eabbefdef1b3e44959cfaf9ebbf345e7ad4e14891f32b4e18892941777c42363f4b09e89d997981322633a,JF185766,,3/25/2022 7:07,30,TRAFFIC SIGNAL,FUNCTIONING PROPERLY,CLEAR,DAYLIGHT,TURNING,FOUR WAY,,STRAIGHT AND LEVEL,DRY,NO DEFECTS,NOT ON SCENE (DESK REPORT),NO INJURY / DRIVE AWAY,Y,,,"OVER $1,500",3/25/2022 7:30,FAILING TO YIELD RIGHT-OF-WAY,UNABLE TO DETERMINE,4200,W,OGDEN AVE,1013,,,,,,,2,NO INDICATION OF INJURY,0,0,0,0,0,3,0,7,6,3,41.84946577,-87.72969713,POINT (-87.729697130042 41.849465774309)
9911f0eec190d409fd032a289a2230d15696c212495ef1660738adb3e9bf9468417fe0f45e321b88afc024bcc5093c3dc5c576e1e8130e7816ef24b29d6d55f4,JF149784,,2/19/2022 17:15,30,TRAFFIC SIGNAL,FUNCTIONING PROPERLY,CLEAR,DAYLIGHT,REAR END,NOT DIVIDED,,STRAIGHT AND LEVEL,DRY,NO DEFECTS,NOT ON SCENE (DESK REPORT),NO INJURY / DRIVE AWAY,Y,,Y,"$501 - $1,500",2/19/2022 17:55,FOLLOWING TOO CLOSELY,NOT APPLICABLE,800,N,CICERO AVE,1531,,,,,,,2,NO INDICATION OF INJURY,0,0,0,0,0,2,0,17,7,2,41.89504904,-87.74595552,POINT (-87.745955516269 41.895049037964)
841e52ee330d77fc045d6757baf94a94fd67e230e73790d46ffe83fdce8e47d0dd4d19703afc8ad7253bbc00273c235d46c677967c4f7b7ef934c47e83ca89b1,JF156613,,2/26/2022 10:41,30,NO CONTROLS,NO CONTROLS,SNOW,DAYLIGHT,ANGLE,DIVIDED - W/MEDIAN (NOT RAISED),,STRAIGHT AND LEVEL,SNOW OR SLUSH,NO DEFECTS,,INJURY AND / OR TOW DUE TO CRASH,Y,,,"OVER $1,500",2/26/2022 10:45,UNABLE TO DETERMINE,UNABLE TO DETERMINE,1955,E,74TH ST,333,,,,,,,2,NO INDICATION OF INJURY,0,0,0,0,0,3,0,10,7,2,41.76058394,-87.57640803,POINT (-87.576408034102 41.760583936229)
ce3f2db933458b74decf46a148f2867d6848ca8491c3c0c97854dea14bdbc1ce16abab8bc061f332bac92e997e2045124aa9eaaa1527e81d287a3a4220b58865,JF179881,,3/19/2022 23:01,30,NO CONTROLS,NO CONTROLS,CLEAR,"DARKNESS, LIGHTED ROAD",FIXED OBJECT,PARKING LOT,,STRAIGHT ON GRADE,DRY,NO DEFECTS,ON SCENE,INJURY AND / OR TOW DUE TO CRASH,,Y,,"OVER $1,500",3/19/2022 23:02,UNABLE TO DETERMINE,NOT APPLICABLE,2625,W,TOUHY AVE,2411,,,,,,,1,NO INDICATION OF INJURY,0,0,0,0,0,1,0,23,7,3,42.01204323,-87.69601187,POINT (-87.696011870127 42.012043227801)
cc53d45f3daaeb8ab3eca6711979d364f90827d233526745ead26a669e040ef8521e0b92e07dae9b6ad9c94d3a1534ccfce89207fa6e5c0decc53fda92cd4003,JF185750,,3/25/2022 6:00,25,NO CONTROLS,NO CONTROLS,CLOUDY/OVERCAST,DAWN,PARKED MOTOR VEHICLE,ONE-WAY,,STRAIGHT AND LEVEL,WET,NO DEFECTS,ON SCENE,NO INJURY / DRIVE AWAY,,,Y,"OVER $1,500",3/25/2022 6:09,IMPROPER LANE USAGE,DRIVING SKILLS/KNOWLEDGE/EXPERIENCE,1,W,TERMINAL ST,1651,,,,,,,2,NO INDICATION OF INJURY,0,0,0,0,0,1,0,6,6,3,,,
847ea03b46a1f688620e930fceadbe08d6ed843e9fa26c115d765c468f851732a444d45f010f8d4cfff7aed1a094fd1d1e969fd201c90001924925aa4ec113f0,JF157206,,2/26/2022 22:18,30,NO CONTROLS,NO CONTROLS,OTHER,"DARKNESS, LIGHTED ROAD",SIDESWIPE SAME DIRECTION,NOT DIVIDED,,STRAIGHT AND LEVEL,SNOW OR SLUSH,NO DEFECTS,NOT ON SCENE (DESK REPORT),NO INJURY / DRIVE AWAY,,,,"OVER $1,500",2/26/2022 22:30,UNABLE TO DETERMINE,UNABLE TO DETERMINE,1425,N,MOHAWK ST,1821,,,,,,,2,NO INDICATION OF INJURY,0,0,0,0,0,2,0,22,7,2,41.90835934,-87.6419942,POINT (-87.641994198609 41.908359340084)
cc39eaf721bf4acf469702c1eb3154969b6cc35316b951b3ae4815cac2a2204f2e3e3f16b151fc703064d927f362964739ad961f32e0373b14efc52d663600a3,JE249249,Y,5/31/2021 19:56,30,NO CONTROLS,NO CONTROLS,CLEAR,DAYLIGHT,PARKED MOTOR VEHICLE,ONE-WAY,,STRAIGHT AND LEVEL,DRY,NO DEFECTS,,INJURY AND / OR TOW DUE TO CRASH,,,Y,"OVER $1,500",5/31/2021 19:57,UNABLE TO DETERMINE,NOT APPLICABLE,10505,S,AVENUE G,432,,,,,,,2,NO INDICATION OF INJURY,0,0,0,0,0,1,0,19,2,5,41.70434792,-87.53151109,POINT (-87.531511085831 41.704347920061)
ccc1987b9bc4b5ef690673bfa2a48c662ab5188b5317f9d445e2949c37381b1d52261cedb9c131a19af0b94b3692624642052f7441958da857afefc36ae6d4e4,JC511171,,11/15/2019 9:15,35,NO CONTROLS,NO CONTROLS,CLEAR,DAYLIGHT,REAR END,NOT DIVIDED,,STRAIGHT AND LEVEL,DRY,NO DEFECTS,,INJURY AND / OR TOW DUE TO CRASH,,,Y,"OVER $1,500",11/15/2019 9:17,FAILING TO REDUCE SPEED TO AVOID CRASH,FOLLOWING TOO CLOSELY,1042,N,KEDZIE AVE,1121,,,,,,,5,NO INDICATION OF INJURY,0,0,0,0,0,3,0,9,6,11,41.90037308,-87.70685847,POINT (-87.706858471226 41.900373080244)
84ba7d4c873e8c25e417b55fd590b20fc19204e732deca851e49d8605e8aca491cc5db9a58468bd562418ba47648d9f7b380defa21fa4cfa008410072b0e8462,JF157146,,2/26/2022 21:06,30,STOP SIGN/FLASHER,FUNCTIONING PROPERLY,CLEAR,"DARKNESS, LIGHTED ROAD",REAR END,NOT DIVIDED,,STRAIGHT AND LEVEL,DRY,NO DEFECTS,ON SCENE,INJURY AND / OR TOW DUE TO CRASH,,,,"OVER $1,500",2/26/2022 21:06,FOLLOWING TOO CLOSELY,NOT APPLICABLE,1044,W,MARQUETTE RD,724,,,,,,,2,NONINCAPACITATING INJURY,1,0,0,1,0,6,0,21,7,2,41.77248754,-87.6512355,POINT (-87.651235502523 41.772487536003)
84bdb2989b1e074c9111b2883e1a5c35b75d57a7a5979c4989870a677ec9fb29dc20bf75ca11554410e8dbdc7d4b9c416932ec1f15be1c5be332a7ace9d5c17f,JF156345,,2/26/2022 2:39,30,NO CONTROLS,NO CONTROLS,CLEAR,"DARKNESS, LIGHTED ROAD",ANGLE,NOT DIVIDED,,STRAIGHT AND LEVEL,DRY,NO DEFECTS,ON SCENE,NO INJURY / DRIVE AWAY,Y,,Y,"OVER $1,500",2/26/2022 2:45,DISREGARDING STOP SIGN,NOT APPLICABLE,435,N,HALSTED ST,1214,,,,,,,2,NO INDICATION OF INJURY,0,0,0,0,0,2,0,2,7,2,41.8900733,-87.64746235,POINT (-87.647462350782 41.890073300607)
9a822a6c4c10dc55588e3ab49e0f5cffa1370fe60e42c6b9beee1a2e017f8cb9b0677a7dd99f647f8d139189756a19026db7749fd4deb3de70d858fa21a141ee,JF149573,,2/19/2022 0:01,30,NO CONTROLS,NO CONTROLS,UNKNOWN,UNKNOWN,PARKED MOTOR VEHICLE,NOT DIVIDED,,STRAIGHT ON GRADE,DRY,NO DEFECTS,NOT ON SCENE (DESK REPORT),NO INJURY / DRIVE AWAY,,,Y,"OVER $1,500",2/19/2022 14:15,FAILING TO REDUCE SPEED TO AVOID CRASH,NOT APPLICABLE,1138,W,115TH ST,2234,,,,,,,2,NO INDICATION OF INJURY,0,0,0,0,0,1,0,0,7,2,41.68507295,-87.65097643,POINT (-87.650976430231 41.685072947467)