CRASH_RECORD_ID,RD_NO,CRASH_DATE_EST_I,CRASH_DATE,POSTED_SPEED_LIMIT,TRAFFIC_CONTROL_DEVICE,DEVICE_CONDITION,WEATHER_CONDITION,LIGHTING_CONDITION,FIRST_CRASH_TYPE,TRAFFICWAY_TYPE,LANE_CNT,ALIGNMENT,ROADWAY_SURFACE_COND,ROAD_DEFECT,REPORT_TYPE,CRASH_TYPE,INTERSECTION_RELATED_I,NOT_RIGHT_OF_WAY_I,HIT_AND_RUN_I,DAMAGE,DATE_POLICE_NOTIFIED,PRIM_CONTRIBUTORY_CAUSE,SEC_CONTRIBUTORY_CAUSE,STREET_NO,STREET_DIRECTION,STREET_NAME,BEAT_OF_OCCURRENCE,PHOTOS_TAKEN_I,STATEMENTS_TAKEN_I,DOORING_I,WORK_ZONE_I,WORK_ZONE_TYPE,WORKERS_PRESENT_I,NUM_UNITS,MOST_SEVERE_INJURY,INJURIES_TOTAL,INJURIES_FATAL,INJURIES_INCAPACITATING,INJURIES_NON_INCAPACITATING,INJURIES_REPORTED_NOT_EVIDENT,INJURIES_NO_INDICATION,INJURIES_UNKNOWN,CRASH_HOUR,CRASH_DAY_OF_WEEK,CRASH_MONTH,LATITUDE,LONGITUDE,LOCATION
84bf2da2dc6c68364e6c1c447336d63ac8f5f2c4a33ce9b12cb1564e7707695764aa7acae51b5bb00c1f5aa8f33499ea5dd1e503b5d6c59e9e0bb4771559532a,JD474088,,12/30/2020 23:00,25,NO CONTROLS,NO CONTROLS,CLEAR,"DARKNESS, LIGHTED ROAD",PARKED MOTOR VEHICLE,NOT DIVIDED,,STRAIGHT AND LEVEL,SNOW OR SLUSH,NO DEFECTS,,NO INJURY / DRIVE AWAY,,,,"OVER $1,500",12/30/2020 23:40,UNABLE TO DETERMINE,UNABLE TO DETERMINE,4300,S,PULASKI RD,815,,,,,,,3,NO INDICATION OF INJURY,0,0,0,0,0,1,0,23,4,12,41.81510102,-87.72400523,POINT (-87.724005233406 41.815101021137)
8b2e8c7f0fed57af5008c94326a9f71dca79c77b5ef9de090a767e6b8ff8e8e422729e76369951fe5f795e19afef4556843bfc0d21c27b08176077d6b04646cf,JD184608,Y,3/13/2020 16:30,30,NO CONTROLS,NO CONTROLS,CLEAR,DAYLIGHT,ANGLE,DIVIDED - W/MEDIAN BARRIER,,STRAIGHT AND LEVEL,DRY,NO DEFECTS,,INJURY AND / OR TOW DUE TO CRASH,,,,"OVER $1,500",3/13/2020 16:35,UNABLE TO DETERMINE,UNABLE TO DETERMINE,2548,W,OGDEN AVE,1023,,Y,,,,,2,INCAPACITATING INJURY,1,0,1,0,0,1,0,16,6,3,41.86348852,-87.68994288,POINT (-87.689942876269 41.863488514564)
8b85ff78b7b9290bfd47eec43aa0d6f6f2ec47c416d406493283ea2e87c99c2f4ff760d22121864433744c651721db94a825e12006b37fe1ae3bc216cc74f46e,JD260000,,6/9/2020 15:30,30,NO CONTROLS,NO CONTROLS,CLEAR,DAYLIGHT,REAR END,NOT DIVIDED,,STRAIGHT AND LEVEL,DRY,NO DEFECTS,,NO INJURY / DRIVE AWAY,,,,$500 OR LESS,6/10/2020 16:17,NOT APPLICABLE,NOT APPLICABLE,5900,S,CENTRAL PARK AVE,822,,,,,,,2,NO INDICATION OF INJURY,0,0,0,0,0,2,0,15,3,6,41.78605918,-87.71304733,POINT (-87.713047333003 41.7860591748)
9b645ae06674dbc16619b75201b24b77bfa9f6a818ca4fbbd56a2d9f7b7d25ec2666150f77642554e36532a9e0cc8d4364385a0306b1bb75b4b5476b96e94a78,JF149690,,2/19/2022 12:35,30,NO CONTROLS,NO CONTROLS,SNOW,DAYLIGHT,PEDESTRIAN,DIVIDED - W/MEDIAN (NOT RAISED),,STRAIGHT AND LEVEL,WET,NO DEFECTS,NOT ON SCENE (DESK REPORT),NO INJURY / DRIVE AWAY,,,,$500 OR LESS,2/19/2022 16:12,RELATED TO BUS STOP,UNABLE TO DETERMINE,7502,N,CLARK ST,2424,,Y,,,,,2,NO INDICATION OF INJURY,0,0,0,0,0,2,0,12,7,2,42.01798553,-87.67588397,POINT (-87.675883972966 42.017985530537)
8644fc77e7d517633a33edcc6783ddfd82513d4128fda523421a9d22dad5a2adfd44047d43693865f5a87ab945344e8f121735b104d2c5227a08dd83c2b02f2c,JF158368,Y,2/26/2022 1:00,30,STOP SIGN/FLASHER,UNKNOWN,UNKNOWN,"DARKNESS, LIGHTED ROAD",PARKED MOTOR VEHICLE,ONE-WAY,,STRAIGHT ON GRADE,UNKNOWN,UNKNOWN,NOT ON SCENE (DESK REPORT),NO INJURY / DRIVE AWAY,,,,"OVER $1,500",2/28/2022 7:49,UNABLE TO DETERMINE,NOT APPLICABLE,1332,N,SPAULDING AVE,1422,,,,,,,2,NO INDICATION OF INJURY,0,0,0,0,0,1,0,1,7,2,41.90549482,-87.7094672,POINT (-87.709467199674 41.905494820658)
2bf4c4afb0f6092493aad39174187ec4a8ea555e7cdc9e9d8a3cf0bced5240cdc04bedd218ddb4de0f7e57cdb2224be24a6d7b55d9fcd188f2fd6bfddd630062,JC420161,,9/4/2019 17:00,30,NO CONTROLS,NO CONTROLS,CLEAR,DAYLIGHT,PEDALCYCLIST,DIVIDED - W/MEDIAN (NOT RAISED),,STRAIGHT AND LEVEL,DRY,NO DEFECTS,,INJURY AND / OR TOW DUE TO CRASH,Y,,Y,"$501 - $1,500",9/4/2019 17:05,FAILING TO YIELD RIGHT-OF-WAY,NOT APPLICABLE,3868,W,GRAND AVE,2535,,,,,,,2,NONINCAPACITATING INJURY,1,0,0,1,0,1,0,17,4,9,41.90525297,-87.7238126,POINT (-87.723812603401 41.905252966116)
2c24549e99b91f0e103b4c510d9a30a504ece460c0c3bc2aa57f0a0ed558ec321f9b9dec03ffca91f8fc5155856766033e360fc146baccb1c1883931d6c95674,JD364163,,9/11/2020 18:00,30,TRAFFIC SIGNAL,FUNCTIONING PROPERLY,CLEAR,DAWN,SIDESWIPE OPPOSITE DIRECTION,T-INTERSECTION,,STRAIGHT AND LEVEL,DRY,UNKNOWN,,NO INJURY / DRIVE AWAY,Y,,Y,"OVER $1,500",9/11/2020 19:00,UNABLE TO DETERMINE,UNABLE TO DETERMINE,6700,S,SOUTH SHORE DR,331,,,,,,,2,NO INDICATION OF INJURY,0,0,0,0,0,3,0,18,6,9,41.77343857,-87.56689931,POINT (-87.566899305833 41.773438566009)
c83db13132b919b2c20799e1e58772bb06a782e854f79f0620f091f3c222f740e255cce0d1e484f3d85106c74b99164022f9a019ebdcc3630c17a6ee96cef15a,JF164554,,3/5/2022 19:10,35,OTHER,FUNCTIONING PROPERLY,CLEAR,"DARKNESS, LIGHTED ROAD",SIDESWIPE SAME DIRECTION,DIVIDED - W/MEDIAN BARRIER,,STRAIGHT AND LEVEL,DRY,NO DEFECTS,NOT ON SCENE (DESK REPORT),NO INJURY / DRIVE AWAY,,,,"$501 - $1,500",3/5/2022 19:50,IMPROPER OVERTAKING/PASSING,UNABLE TO DETERMINE,48,E,ROOSEVELT RD,123,,,,,,,2,NO INDICATION OF INJURY,0,0,0,0,0,2,0,19,7,3,41.86754443,-87.62556862,POINT (-87.625568618998 41.867544427569)
c8634d0b53bc6842d90a7bb9e621a5a3d4ab0d3460f169c2abccf67d2ec968214f9f8ac4d928258e8d73bffd1ad9cee7835821b75c4dcaf7f0a52a270be13a06,JF164321,,3/5/2022 15:30,30,TRAFFIC SIGNAL,FUNCTIONING PROPERLY,CLEAR,DAYLIGHT,REAR END,FOUR WAY,,STRAIGHT ON GRADE,DRY,NO DEFECTS,ON SCENE,NO INJURY / DRIVE AWAY,Y,,Y,"$501 - $1,500",3/5/2022 15:35,FAILING TO REDUCE SPEED TO AVOID CRASH,NOT APPLICABLE,6408,N,RIDGE BLVD,2412,,,,,,,2,NO INDICATION OF INJURY,0,0,0,0,0,2,0,15,7,3,41.99822573,-87.67711251,POINT (-87.6771125106 41.998225733495)
cecb8a2aa6f3609db836cf233d6bb97d78d02ea393d098938f856cc8d2d3caefa8fb3fc3bd0ab8bd68229dc1c262710ec9587a6ae01c3c0c706146f0d1eac04b,JF187032,,3/25/2022 14:10,10,NO CONTROLS,NO CONTROLS,CLEAR,"DARKNESS, LIGHTED ROAD",PARKED MOTOR VEHICLE,PARKING LOT,,STRAIGHT AND LEVEL,DRY,NO DEFECTS,NOT ON SCENE (DESK REPORT),NO INJURY / DRIVE AWAY,,Y,,"OVER $1,500",3/26/2022 8:50,IMPROPER BACKING,UNABLE TO DETERMINE,342,E,OHIO ST,1834,,,,,,,2,NO INDICATION OF INJURY,0,0,0,0,0,1,0,14,6,3,41.89273648,-87.61858304,POINT (-87.618583037622 41.892736479596)
86ee9ee205753f7919ccc4048addbba2380f3b00b5d06a3020b8b30260d0bc3f7f349f3b11a81b26190676e48bb35cbaed68f5a5b46194572f5ddadabcdbac40,JF157196,,2/26/2022 22:10,35,NO CONTROLS,NO CONTROLS,FREEZING RAIN/DRIZZLE,"DARKNESS, LIGHTED ROAD",OVERTURNED,DIVIDED - W/MEDIAN BARRIER,,STRAIGHT AND LEVEL,WET,NO DEFECTS,ON SCENE,INJURY AND / OR TOW DUE TO CRASH,,,,"OVER $1,500",2/26/2022 22:15,"EVASIVE ACTION DUE TO ANIMAL, OBJECT, NONMOTORIST",NOT APPLICABLE,4994,N,ELSTON AVE,1712,,,,,,,1,NO INDICATION OF INJURY,0,0,0,0,0,1,0,22,7,2,41.97138206,-87.74571331,POINT (-87.745713304886 41.971382059101)
86f84f79e8407f8cb1b89c406cbd1574ee5eb4007b02d31b2e221fce749afae89e7e2caa85a0e3c13743fa3c1f41be4af48bf6c5ce7ed986ba5abc586031abd5,JF156952,,2/26/2022 16:00,30,NO CONTROLS,NO CONTROLS,CLEAR,DAYLIGHT,PARKED MOTOR VEHICLE,NOT DIVIDED,,STRAIGHT AND LEVEL,DRY,NO DEFECTS,ON SCENE,NO INJURY / DRIVE AWAY,,,,"OVER $1,500",2/26/2022 17:10,UNABLE TO DETERMINE,NOT APPLICABLE,11619,S,STEWART AVE,522,,,,,,,2,NO INDICATION OF INJURY,0,0,0,0,0,4,0,16,7,2,41.68278523,-87.63226185,POINT (-87.632261849464 41.682785226237)
870187106374266beea6c53d66831d5e2d3e22a1b69bdff28a57a844224e753021b673d66ce451fa0df175d0ee852d07d2c437a34f1f839e20a4f194d3654f1d,JF158997,Y,2/26/2022 13:00,30,NO CONTROLS,NO CONTROLS,UNKNOWN,UNKNOWN,PARKED MOTOR VEHICLE,NOT DIVIDED,,STRAIGHT AND LEVEL,DRY,NO DEFECTS,NOT ON SCENE (DESK REPORT),NO INJURY / DRIVE AWAY,,,Y,"OVER $1,500",2/28/2022 19:00,UNABLE TO DETERMINE,UNABLE TO DETERMINE,1932,N,KEELER AVE,2534,,,,,,,2,NO INDICATION OF INJURY,0,0,0,0,0,1,0,13,7,2,41.91627561,-87.7315579,POINT (-87.73155789749 41.916275608597)
d09f019c066851a6a72d6a1674ad8250273f395892d8933933ed910bc68ccb78c97054c6f00eb36edb42010ce32320c6df81ee3dc7ddfa6a0f10262bc8e46707,JF179073,,3/19/2022 8:20,30,NO CONTROLS,NO CONTROLS,RAIN,DAYLIGHT,ANGLE,NOT DIVIDED,,STRAIGHT AND LEVEL,WET,NO DEFECTS,ON SCENE,INJURY AND / OR TOW DUE TO CRASH,,,,"OVER $1,500",3/19/2022 8:24,UNABLE TO DETERMINE,UNABLE TO DETERMINE,6503,N,NORTHWEST HWY,1611,,,,,,,2,NO INDICATION OF INJURY,0,0,0,0,0,2,0,8,7,3,41.99910037,-87.81006479,POINT (-87.810064792642 41.999100371903)
c9b3fdf0e680965ecff95aeffcf36d23d1d45a271a6b0092a68c27c4dd879e16508b2f1d8281227d254dfc642107b8c9f6321f7e9c021106d37663dd8794d7f4,JF164386,,3/5/2022 15:55,30,TRAFFIC SIGNAL,FUNCTIONING PROPERLY,CLEAR,DAYLIGHT,SIDESWIPE SAME DIRECTION,DIVIDED - W/MEDIAN BARRIER,,STRAIGHT AND LEVEL,DRY,NO DEFECTS,ON SCENE,NO INJURY / DRIVE AWAY,Y,,,"OVER $1,500",3/5/2022 16:01,FAILING TO YIELD RIGHT-OF-WAY,NOT APPLICABLE,1005,N,LAKE SHORE DR,1824,,,,,,,2,NO INDICATION OF INJURY,0,0,0,0,0,2,0,15,7,3,41.90105225,-87.62407526,POINT (-87.624075258678 41.901052251717)
9d41fd4b19aca5a51d27858834bf0f50fc3fdcc442e325b25091debb45614e0cabaf35505c64406c009a5a3a13764f470501a580bdf6f64f8022adcce16b92ff,JF149973,,2/19/2022 21:45,30,TRAFFIC SIGNAL,FUNCTIONING PROPERLY,CLEAR,"DARKNESS, LIGHTED ROAD",REAR END,T-INTERSECTION,,STRAIGHT AND LEVEL,DRY,NO DEFECTS,NOT ON SCENE (DESK REPORT),NO INJURY / DRIVE AWAY,Y,,Y,"OVER $1,500",2/19/2022 22:10,FOLLOWING TOO CLOSELY,UNABLE TO DETERMINE,160,W,87TH ST,622,,,,,,,2,NO INDICATION OF INJURY,0,0,0,0,0,2,0,21,7,2,41.73633471,-87.62864522,POINT (-87.62864522161 41.736334713231)
87c0a3c7a75549a53bf4700829c14c672632621bde2ae6ab203601b812ddd888b279411658b561deb42c4800acdeb0d9a5e2200cf27b99b269c90ef1d7d95810,JF157160,,2/26/2022 21:29,30,NO CONTROLS,NO CONTROLS,CLOUDY/OVERCAST,"DARKNESS, LIGHTED ROAD",HEAD ON,NOT DIVIDED,,STRAIGHT AND LEVEL,WET,NO DEFECTS,ON SCENE,INJURY AND / OR TOW DUE TO CRASH,,,,"OVER $1,500",2/26/2022 21:30,UNDER THE INFLUENCE OF ALCOHOL/DRUGS (USE WHEN ARREST IS EFFECTED),NOT APPLICABLE,4106,W,ARMITAGE AVE,2525,,,,,,,4,NONINCAPACITATING INJURY,1,0,0,1,0,3,0,21,7,2,41.9172408,-87.72931763,POINT (-87.729317625939 41.917240799468)
d10792e34ae428a2626dcfc5088b7465281a4672066fe6b75919eafe25661bcef446afdeb846903b844a93477db09ee5dee30265481d3594a700541befc709fd,JF179080,,3/19/2022 8:35,15,NO CONTROLS,NO CONTROLS,RAIN,DAYLIGHT,TURNING,ONE-WAY,,STRAIGHT AND LEVEL,WET,NO DEFECTS,ON SCENE,INJURY AND / OR TOW DUE TO CRASH,,,,"OVER $1,500",3/19/2022 8:38,FAILING TO YIELD RIGHT-OF-WAY,"VISION OBSCURED (SIGNS, TREE LIMBS, BUILDINGS, ETC.)",3845,W,BELDEN AVE,2525,,,,,,,3,NO INDICATION OF INJURY,0,0,0,0,0,2,0,8,7,3,41.92258117,-87.72366074,POINT (-87.723660736807 41.922581168944)
d11d0dbd8b3d0157bbe70678dc146a8c9435821864c2a38435a28474fa8d0dfd929dcc1dd60b77f5e2f22bfd2d84e50becc02c7d5d9697b53775c3d0e4333d4b,JF179606,,3/19/2022 17:28,30,STOP SIGN/FLASHER,FUNCTIONING PROPERLY,RAIN,DAYLIGHT,ANGLE,FOUR WAY,,STRAIGHT AND LEVEL,WET,NO DEFECTS,ON SCENE,INJURY AND / OR TOW DUE TO CRASH,Y,,,"OVER $1,500",3/19/2022 17:28,UNABLE TO DETERMINE,NOT APPLICABLE,4600,W,WASHINGTON BLVD,1113,,,,,,,2,NONINCAPACITATING INJURY,1,0,0,1,0,2,0,17,7,3,41.88198444,-87.74016301,POINT (-87.740163011434 41.881984434835)
d01df0921bafcbbc24e67b5a299a065419b0a85d88fadaaeea74852cd70050944fa3e56f38e85c392d908d32773b2dba1d6db8c7d56273e25857a2b8bcbc19c0,JF185719,,3/25/2022 4:16,30,NO CONTROLS,NOT FUNCTIONING,RAIN,"DARKNESS, LIGHTED ROAD",FIXED OBJECT,NOT DIVIDED,,"CURVE, LEVEL",WET,NO DEFECTS,ON SCENE,INJURY AND / OR TOW DUE TO CRASH,,,,"OVER $1,500",3/25/2022 4:16,UNABLE TO DETERMINE,UNABLE TO DETERMINE,3078,S,CALIFORNIA AVE,1033,,,,,,,1,"REPORTED, NOT EVIDENT",1,0,0,0,1,0,0,4,6,3,41.83746879,-87.69517807,POINT (-87.69517807175 41.837468784711)
d06fd56e970f2cd6da0395bd2a3e31d0e99a214237265d8e917a1dd257d8af6208d63345b20b1a7a4779345ae18592f031dce7b8fd99f9c805dfe1d9d37c456a,JF186421,,3/25/2022 16:10,30,NO CONTROLS,NO CONTROLS,CLEAR,DAYLIGHT,REAR END,NOT DIVIDED,,STRAIGHT AND LEVEL,DRY,NO DEFECTS,NOT ON SCENE (DESK REPORT),NO INJURY / DRIVE AWAY,,,,"OVER $1,500",3/25/2022 16:40,FAILING TO YIELD RIGHT-OF-WAY,FOLLOWING TOO CLOSELY,3132,W,COLUMBUS AVE,835,,,,,,,2,NO INDICATION OF INJURY,0,0,0,0,0,2,0,16,6,3,41.75116899,-87.70119309,POINT (-87.7011930928 41.751168991184)
9e5d0b6ddae70fbdf44cd0913531930b665a111118603f9db28c5c95d72d996b4d4f97c0e3d9acf88afb85bc20cd816446b60cee65206c55be1b043bbda2a473,JF152220,,2/19/2022 23:30,30,NO CONTROLS,NO CONTROLS,CLEAR,"DARKNESS, LIGHTED ROAD",SIDESWIPE SAME DIRECTION,NOT DIVIDED,,STRAIGHT AND LEVEL,DRY,NO DEFECTS,NOT ON SCENE (DESK REPORT),NO INJURY / DRIVE AWAY,,,Y,"OVER $1,500",2/22/2022 9:50,IMPROPER OVERTAKING/PASSING,UNABLE TO DETERMINE,3308,S,ARCHER AVE,912,,,,,,,2,NO INDICATION OF INJURY,0,0,0,0,0,2,0,23,7,2,41.83392333,-87.67211523,POINT (-87.672115229307 41.833923328456)
d086af6a8d695a0fe96f771f720edf1c7ee7475b06971a6611701fa12e7b935d3762f88ecc2ef7c61e178122630ec4ecaaca87473b1eeda26cd8ba4cf19d342b,JF187458,,3/25/2022 19:10,30,NO CONTROLS,NO CONTROLS,CLEAR,"DARKNESS, LIGHTED ROAD",REAR END,NOT DIVIDED,,STRAIGHT AND LEVEL,DRY,NO DEFECTS,NOT ON SCENE (DESK REPORT),NO INJURY / DRIVE AWAY,,,,"$501 - $1,500",3/26/2022 17:00,UNABLE TO DETERMINE,UNABLE TO DETERMINE,2457,N,HARLEM AVE,2512,,,,,,,2,NO INDICATION OF INJURY,0,0,0,0,0,2,0,19,6,3,41.92519567,-87.80615174,POINT (-87.80615173762 41.925195673281)
d15ac66a2cd895177245396c61941b8142735ddbfb66fa275f27df784023de4f999326f1d0bcf2db5a0bca3036cecd3339e0aa2249a902682106e7af30811cb3,JF179359,,3/19/2022 13:00,35,TRAFFIC SIGNAL,FUNCTIONING PROPERLY,RAIN,DAYLIGHT,REAR END,NOT DIVIDED,,STRAIGHT AND LEVEL,WET,NO DEFECTS,NOT ON SCENE (DESK REPORT),NO INJURY / DRIVE AWAY,,,,"OVER $1,500",3/19/2022 13:40,UNABLE TO DETERMINE,UNABLE TO DETERMINE,7000,S,PULASKI RD,833,,,,,,,2,NO INDICATION OF INJURY,0,0,0,0,0,2,0,13,7,3,41.76588129,-87.72258716,POINT (-87.722587157729 41.76588128582)
d19ff01095458796acbfb0340e662aa658711f7945854f4f2f2c69f4b345e84965d6a793ebc16fca86205637d26012b8108987e1184cef19d4f832c776f194d0,JF179193,,3/19/2022 10:37,30,TRAFFIC SIGNAL,FUNCTIONING PROPERLY,RAIN,DAYLIGHT,TURNING,FOUR WAY,,STRAIGHT AND LEVEL,WET,WORN SURFACE,ON SCENE,INJURY AND / OR TOW DUE TO CRASH,Y,,,"OVER $1,500",3/19/2022 10:39,FAILING TO YIELD RIGHT-OF-WAY,UNABLE TO DETERMINE,800,W,47TH ST,925,,,,,,,2,"REPORTED, NOT EVIDENT",1,0,0,0,1,2,0,10,7,3,41.80897699,-87.64565669,POINT (-87.645656688873 41.808976990618)
88cf51d58ec2bdbb0b179c5e8f70c4a8454567750ec9160f089796458884d4729621e9c51029b55f620d6b8419707fbb8c0918db8ee5b34c85e221aea587a0ef,JF156877,,2/26/2022 15:45,30,TRAFFIC SIGNAL,FUNCTIONING PROPERLY,CLEAR,DAYLIGHT,REAR END,NOT DIVIDED,,STRAIGHT AND LEVEL,DRY,NO DEFECTS,ON SCENE,NO INJURY / DRIVE AWAY,,,Y,"OVER $1,500",2/26/2022 15:50,UNABLE TO DETERMINE,UNABLE TO DETERMINE,1158,S,HOMAN AVE,1133,,,,,,,2,NO INDICATION OF INJURY,0,0,0,0,0,2,0,15,7,2,41.86639438,-87.71069103,POINT (-87.710691032326 41.866394383244)
d30126026cddbae9def435f8b13d7caed78998259b232835b3a85919c3fc6afdee4692939a13babc6c8797a078284bef50c9fcbcce93900fe0ea3dd570949d4e,JF179411,,3/19/2022 14:04,30,NO CONTROLS,NO CONTROLS,CLEAR,DAYLIGHT,SIDESWIPE SAME DIRECTION,NOT DIVIDED,,STRAIGHT AND LEVEL,WET,NO DEFECTS,NOT ON SCENE (DESK REPORT),NO INJURY / DRIVE AWAY,,,,"$501 - $1,500",3/19/2022 14:41,UNABLE TO DETERMINE,UNABLE TO DETERMINE,668,N,KINGSBURY ST,1831,,,,,,,2,NO INDICATION OF INJURY,0,0,0,0,0,3,0,14,7,3,41.89429668,-87.64162115,POINT (-87.641621151319 41.894296680796)
d12f6bc085e35d0006720d22104a443aeb2eaf497c35613aa82c0dd473a674d753e5362cfae529dac960b6f3a2d2fc9a359e2bd572b6168985339a7c27badc0f,JF185987,,3/25/2022 10:10,30,NO CONTROLS,NO CONTROLS,CLEAR,DAYLIGHT,FIXED OBJECT,L-INTERSECTION,,STRAIGHT AND LEVEL,DRY,NO DEFECTS,ON SCENE,NO INJURY / DRIVE AWAY,,,,"OVER $1,500",3/25/2022 10:11,IMPROPER BACKING,IMPROPER BACKING,2059,N,KOLMAR AVE,2522,,,,,,,1,NO INDICATION OF INJURY,0,0,0,0,0,1,0,10,6,3,41.91862521,-87.73990254,POINT (-87.739902535216 41.918625210165)
d1404617a00ba35b0c8d4c76dfb44d9761314cf00c7d4af3356432c3405d2a820c9870e3f7aff4261a809b2a73234a934b5043b9656d49674ea4a356eb38bc04,JF186511,,3/25/2022 16:00,30,NO CONTROLS,NO CONTROLS,CLOUDY/OVERCAST,DAYLIGHT,TURNING,DIVIDED - W/MEDIAN (NOT RAISED),,STRAIGHT AND LEVEL,UNKNOWN,UNKNOWN,NOT ON SCENE (DESK REPORT),NO INJURY / DRIVE AWAY,,,,"OVER $1,500",3/25/2022 17:45,UNABLE TO DETERMINE,UNABLE TO DETERMINE,5500,W,FULLERTON AVE,2515,,,,,,,2,NO INDICATION OF INJURY,0,0,0,0,0,4,0,16,6,3,41.92412062,-87.76359263,POINT (-87.763592629504 41.924120619367)
8a44e7c8fad5a258af8e6025e89d88d9c91db6a1320b3e3cb2a3235961ee495d6bc411a396488e56f6ecb91dcb387636c186dd43a1e01aeefc729b398fecddd7,JF156311,,2/26/2022 1:22,30,NO CONTROLS,NO CONTROLS,CLEAR,"DARKNESS, LIGHTED ROAD",PARKED MOTOR VEHICLE,DIVIDED - W/MEDIAN (NOT RAISED),,STRAIGHT AND LEVEL,DRY,UNKNOWN,ON SCENE,INJURY AND / OR TOW DUE TO CRASH,,,N,"OVER $1,500",2/26/2022 1:22,DRIVING SKILLS/KNOWLEDGE/EXPERIENCE,UNABLE TO DETERMINE,622,E,51ST ST,223,,Y,,,,,5,NO INDICATION OF INJURY,0,0,0,0,0,2,0,1,7,2,41.80229409,-87.61027824,POINT (-87.610278242763 41.802294088868)
9f1303f4e19ee728ffd792f3652068bd9d4d55b389960ee74506f4ff6f925683fcd506961816de129a5890360495b0be2e7ed3057bdd761bd980cce2de247921,JF149281,,2/19/2022 8:10,30,TRAFFIC SIGNAL,FUNCTIONING PROPERLY,CLEAR,DAYLIGHT,REAR END,DIVIDED - W/MEDIAN (NOT RAISED),,STRAIGHT AND LEVEL,DRY,NO DEFECTS,NOT ON SCENE (DESK REPORT),NO INJURY / DRIVE AWAY,,,,"$501 - $1,500",2/19/2022 8:37,DISTRACTION - FROM OUTSIDE VEHICLE,UNABLE TO DETERMINE,631,E,31ST DR,211,,,,,,,3,NO INDICATION OF INJURY,0,0,0,0,0,3,0,8,7,2,41.83842947,-87.60965013,POINT (-87.609650133248 41.838429466546)
cc301fc59162958e98ea85703e739d3b06382216d0c4c73ecfb387cb9924120143c3cb2968b714fd59a015a76ba650c00fe0d5b033f1ff16c6d69d2ae0d98299,JF163988,,3/5/2022 9:20,30,TRAFFIC SIGNAL,FUNCTIONING PROPERLY,CLEAR,DAYLIGHT,REAR END,FOUR WAY,,STRAIGHT AND LEVEL,DRY,NO DEFECTS,NOT ON SCENE (DESK REPORT),NO INJURY / DRIVE AWAY,,,,"OVER $1,500",3/5/2022 10:00,FOLLOWING TOO CLOSELY,NOT APPLICABLE,3700,W,COLUMBUS AVE,834,,,,,,,2,NO INDICATION OF INJURY,0,0,0,0,0,2,0,9,7,3,41.74123841,-87.71449227,POINT (-87.714492266332 41.741238404792)
8a73da73a01e0ba8c41ab2c24caa63ef591d8f90e62a03dd5544dbc1e7c8390569da02f025dfb0f20b9b4b86cff0c67e0092de1e88899e164d2b7f9ee1fab8e2,JF157153,,2/26/2022 21:15,30,NO CONTROLS,NO CONTROLS,CLEAR,"DARKNESS, LIGHTED ROAD",REAR END,NOT DIVIDED,,STRAIGHT AND LEVEL,DRY,NO DEFECTS,ON SCENE,INJURY AND / OR TOW DUE TO CRASH,,,,"OVER $1,500",2/26/2022 21:20,UNABLE TO DETERMINE,NOT APPLICABLE,3421,W,DEVON AVE,1711,,,,,,,2,"REPORTED, NOT EVIDENT",1,0,0,0,1,2,0,21,7,2,41.99719153,-87.71508101,POINT (-87.715081012023 41.99719153195)
cc521eec0fa9c058ab8166d152ee2863ee7a5d5c2513ea68f38d881b1be47c4f981a0756d9dae1180a0401f968ec4ed286849c0a53da8f70668fa193cdd5adce,JF164017,,3/5/2022 10:20,30,NO CONTROLS,NO CONTROLS,CLEAR,DAYLIGHT,SIDESWIPE SAME DIRECTION,NOT DIVIDED,,STRAIGHT AND LEVEL,DRY,NO DEFECTS,ON SCENE,INJURY AND / OR TOW DUE TO CRASH,,,,$500 OR LESS,3/5/2022 10:25,FAILING TO YIELD RIGHT-OF-WAY,UNABLE TO DETERMINE,9131,S,ASHLAND AVE,2221,,,,,,,2,NO INDICATION OF INJURY,0,0,0,0,0,3,0,10,7,3,41.72754844,-87.66268042,POINT (-87.662680423685 41.727548435385)
d4a6d95d658c7e4fe6c65aa7869e8516c47cd98964f3f609dbf15534a24da00b7e8eafb52267e3acd92ed1836a29ffc1281b6449efc9ecfbcb405f7efad17684,JF179270,,3/19/2022 11:55,25,NO CONTROLS,NO CONTROLS,RAIN,DAYLIGHT,TURNING,NOT DIVIDED,,STRAIGHT AND LEVEL,WET,NO DEFECTS,ON SCENE,INJURY AND / OR TOW DUE TO CRASH,,,,"$501 - $1,500",3/19/2022 12:11,FAILING TO YIELD RIGHT-OF-WAY,UNABLE TO DETERMINE,1,E,83RD ST,632,,,,,,,2,NO INDICATION OF INJURY,0,0,0,0,0,3,0,11,7,3,41.74354676,-87.62425219,POINT (-87.624252185934 41.743546757867)
d339f7e09d3244b5f8c163fbf0e024555b026bcd0abb306d28b775ca0822f4fc85dcc494781f45f33a6eee26ca6af2e4904e5ebcf0352a3981bf12cfce4e3f2a,JF186027,,3/25/2022 10:40,30,STOP SIGN/FLASHER,FUNCTIONING PROPERLY,CLEAR,DAYLIGHT,ANGLE,FOUR WAY,,STRAIGHT AND LEVEL,WET,UNKNOWN,NOT ON SCENE (DESK REPORT),NO INJURY / DRIVE AWAY,Y,,,"OVER $1,500",3/25/2022 11:00,FAILING TO YIELD RIGHT-OF-WAY,"VISION OBSCURED (SIGNS, TREE LIMBS, BUILDINGS, ETC.)",1900,W,GRAND AVE,1221,,,,Y,CONSTRUCTION,,2,NO INDICATION OF INJURY,0,0,0,0,0,3,0,10,6,3,41.89097247,-87.67459058,POINT (-87.674590583081 41.890972465107)