CRASH_RECORD_ID,RD_NO,CRASH_DATE_EST_I,CRASH_DATE,POSTED_SPEED_LIMIT,TRAFFIC_CONTROL_DEVICE,DEVICE_CONDITION,WEATHER_CONDITION,LIGHTING_CONDITION,FIRST_CRASH_TYPE,TRAFFICWAY_TYPE,LANE_CNT,ALIGNMENT,ROADWAY_SURFACE_COND,ROAD_DEFECT,REPORT_TYPE,CRASH_TYPE,INTERSECTION_RELATED_I,NOT_RIGHT_OF_WAY_I,HIT_AND_RUN_I,DAMAGE,DATE_POLICE_NOTIFIED,PRIM_CONTRIBUTORY_CAUSE,SEC_CONTRIBUTORY_CAUSE,STREET_NO,STREET_DIRECTION,STREET_NAME,BEAT_OF_OCCURRENCE,PHOTOS_TAKEN_I,STATEMENTS_TAKEN_I,DOORING_I,WORK_ZONE_I,WORK_ZONE_TYPE,WORKERS_PRESENT_I,NUM_UNITS,MOST_SEVERE_INJURY,INJURIES_TOTAL,INJURIES_FATAL,INJURIES_INCAPACITATING,INJURIES_NON_INCAPACITATING,INJURIES_REPORTED_NOT_EVIDENT,INJURIES_NO_INDICATION,INJURIES_UNKNOWN,CRASH_HOUR,CRASH_DAY_OF_WEEK,CRASH_MONTH,LATITUDE,LONGITUDE,LOCATION
d3505b4b20bfc240b0884125a62f61e101a12e0e11dab69f208e6159f4c98e1318c3b5ff6d16cd0e690eb10066c8d3beca19b11ea9b0cd99f194a326f61335ab,JF185806,,3/25/2022 7:59,25,STOP SIGN/FLASHER,FUNCTIONING PROPERLY,RAIN,DAWN,ANGLE,T-INTERSECTION,,STRAIGHT AND LEVEL,WET,NO DEFECTS,ON SCENE,INJURY AND / OR TOW DUE TO CRASH,Y,,,"OVER $1,500",3/25/2022 8:11,UNABLE TO DETERMINE,UNABLE TO DETERMINE,1301,S,INDEPENDENCE BLVD,1011,,,,,,,2,NONINCAPACITATING INJURY,1,0,0,1,0,3,0,7,6,3,41.86434945,-87.71931908,POINT (-87.719319075007 41.864349450029)
d363275901663920d0b32f2ccd378edeae9f788e0f8ac89c2f7c245c262eff057ad803b8a2fc2a250d6c7dc8aa3cb5f434d5cc2cdb4e98a5f235ba1ef55409c0,JF185982,,3/25/2022 7:30,25,NO CONTROLS,NO CONTROLS,RAIN,DAYLIGHT,TURNING,NOT DIVIDED,,STRAIGHT AND LEVEL,WET,NO DEFECTS,NOT ON SCENE (DESK REPORT),NO INJURY / DRIVE AWAY,,,,"OVER $1,500",3/25/2022 10:20,FAILING TO YIELD RIGHT-OF-WAY,FAILING TO YIELD RIGHT-OF-WAY,1387,W,BRYN MAWR AVE,2013,,,,,,,2,NO INDICATION OF INJURY,0,0,0,0,0,2,0,7,6,3,41.98343912,-87.66489282,POINT (-87.664892817038 41.983439123889)
8c0299686458d96f8981ed5fabf35db8bcb7903389d8ae25f129c9ad909d04cd3a7ad05504c60513e18c7ca2a5d47a1a9f15971c790dfd10cab51bb20d0c0f53,JF157600,,2/26/2022 21:30,30,STOP SIGN/FLASHER,FUNCTIONING PROPERLY,UNKNOWN,"DARKNESS, LIGHTED ROAD",ANGLE,T-INTERSECTION,,STRAIGHT AND LEVEL,UNKNOWN,NO DEFECTS,ON SCENE,NO INJURY / DRIVE AWAY,Y,,Y,"OVER $1,500",2/27/2022 11:26,UNABLE TO DETERMINE,NOT APPLICABLE,2532,E,83RD ST,423,,,,,,,2,NO INDICATION OF INJURY,0,0,0,0,0,2,0,21,7,2,41.74461884,-87.56241901,POINT (-87.562419007744 41.744618835065)
a105af8a166377571db5277ef0a4062ac34d9d2ba78ac4fe645871143556f66568ed95efbd570c28ebfb6160ea0551f707b03c0d0b0d015f5475d90c67a5342c,JF149402,,2/19/2022 11:05,30,STOP SIGN/FLASHER,FUNCTIONING PROPERLY,CLEAR,DAYLIGHT,ANGLE,FOUR WAY,,STRAIGHT AND LEVEL,UNKNOWN,NO DEFECTS,NOT ON SCENE (DESK REPORT),NO INJURY / DRIVE AWAY,Y,,Y,"$501 - $1,500",2/19/2022 11:25,FAILING TO YIELD RIGHT-OF-WAY,NOT APPLICABLE,1432,W,ARTHUR AVE,2432,,,,,,,2,NO INDICATION OF INJURY,0,0,0,0,0,2,0,11,7,2,42.00006128,-87.66686066,POINT (-87.666860662574 42.00006127975)
cc958af8444b8fe2344fc28408d24def8e43e017636b96e3952ca26d54c11fffe5872f2ee28d3304220b29e40428c97258526ae1c593ead8b10c8ddd4589f055,JF164194,,3/5/2022 12:37,30,NO CONTROLS,NO CONTROLS,CLEAR,DAYLIGHT,PARKED MOTOR VEHICLE,NOT DIVIDED,,STRAIGHT AND LEVEL,DRY,UNKNOWN,ON SCENE,NO INJURY / DRIVE AWAY,,,,"OVER $1,500",3/5/2022 12:39,UNABLE TO DETERMINE,NOT APPLICABLE,8181,S,SCOTTSDALE AVE,834,,,,,,,2,NO INDICATION OF INJURY,0,0,0,0,0,1,0,12,7,3,41.74428204,-87.735606,POINT (-87.735605997207 41.744282042352)
a131c543324cfe16478fe31a0b9f3b58bd540fb870dc6debe2f035b25bbb532549981c4895001c061e60eca5d82086f3a221278b2ded55797e4eeb4d7b77c8a8,JF149223,N,2/19/2022 6:30,30,TRAFFIC SIGNAL,FUNCTIONING PROPERLY,CLEAR,DAYLIGHT,SIDESWIPE SAME DIRECTION,DIVIDED - W/MEDIAN (NOT RAISED),,STRAIGHT AND LEVEL,DRY,NO DEFECTS,NOT ON SCENE (DESK REPORT),NO INJURY / DRIVE AWAY,,,,"OVER $1,500",2/19/2022 7:15,IMPROPER OVERTAKING/PASSING,IMPROPER LANE USAGE,694,S,CENTRAL AVE,1513,,,,,,,2,NO INDICATION OF INJURY,0,0,0,0,0,3,0,6,7,2,41.87186257,-87.76471995,POINT (-87.764719946783 41.871862569875)
ce1080d00b11d616100815069166092f1135d93b88628d0ed99a081fd5c3947c9f8c6f4a0ba69616abb84312ad81d11f5347d13576d501accbd617f37217eff9,JF164666,,3/5/2022 21:42,30,TRAFFIC SIGNAL,FUNCTIONING PROPERLY,RAIN,"DARKNESS, LIGHTED ROAD",REAR END,DIVIDED - W/MEDIAN (NOT RAISED),,STRAIGHT AND LEVEL,WET,NO DEFECTS,NOT ON SCENE (DESK REPORT),NO INJURY / DRIVE AWAY,,,,"OVER $1,500",3/5/2022 22:30,UNABLE TO DETERMINE,NOT APPLICABLE,3900,S,KEDZIE AVE,821,,,,,,,2,NO INDICATION OF INJURY,0,0,0,0,0,2,0,21,7,3,41.82257679,-87.70459757,POINT (-87.704597572764 41.822576787534)
d6e405bf71b87566d98e978c7f6e111ce2f33cd21ca8ca8bcec0c8d3b29bb6c680010491d0abd3538cbe3df6f9cc32e213f1cc1d71e37fc41fd16d00e119b661,JF185802,,3/25/2022 7:45,30,NO CONTROLS,NO CONTROLS,RAIN,DAYLIGHT,HEAD ON,NOT DIVIDED,,STRAIGHT AND LEVEL,WET,UNKNOWN,ON SCENE,INJURY AND / OR TOW DUE TO CRASH,,,,"OVER $1,500",3/25/2022 7:54,UNABLE TO DETERMINE,UNABLE TO DETERMINE,11340,S,PULASKI RD,2211,,,,,,,2,NO INDICATION OF INJURY,0,0,0,0,0,2,0,7,6,3,41.68637464,-87.72028191,POINT (-87.720281904707 41.686374635551)
d76ff23456548043d78d82fa9881b7a5f9ee1bd8fa756a9adf6887e3ef7b49fe158fddcd00652ba46c189d4fdb56f9d7a8d58eb530ec4a3dfce1b9097318015c,JF186309,Y,3/25/2022 13:40,30,NO CONTROLS,NO CONTROLS,CLEAR,DAYLIGHT,SIDESWIPE SAME DIRECTION,NOT DIVIDED,,STRAIGHT AND LEVEL,DRY,NO DEFECTS,ON SCENE,INJURY AND / OR TOW DUE TO CRASH,,,Y,"OVER $1,500",3/25/2022 14:42,UNABLE TO DETERMINE,UNABLE TO DETERMINE,1847,S,CANALPORT AVE,1235,,,,,,,3,NO INDICATION OF INJURY,0,0,0,0,0,2,0,13,6,3,41.85676206,-87.64156176,POINT (-87.641561757509 41.856762054814)
cf3e9d5ac4884a7e996d3a59ce16bfd34a85b65daf9ae358d3d4d0a71a475bd063dfec84c44a5119c4051a362f14a9d200aa56163996f7a215e07296ec5519bb,JF164107,,3/5/2022 11:50,30,NO CONTROLS,NO CONTROLS,CLEAR,DAYLIGHT,REAR END,DIVIDED - W/MEDIAN (NOT RAISED),,STRAIGHT AND LEVEL,DRY,NO DEFECTS,ON SCENE,INJURY AND / OR TOW DUE TO CRASH,,,,"OVER $1,500",3/5/2022 12:00,FOLLOWING TOO CLOSELY,UNABLE TO DETERMINE,955,W,119TH ST,524,,,,,,,3,NO INDICATION OF INJURY,0,0,0,0,0,7,0,11,7,3,41.67764011,-87.64650971,POINT (-87.646509708596 41.677640106445)
cf6e10860223c6ce6a0dd28ee46759aea07776d1a03cf47369f7940e3ea77ddc42003c61c17de39775e1b408bfb7e55dd105d289337961ba63e960c7f0aaec1d,JF163729,,3/5/2022 0:27,30,TRAFFIC SIGNAL,FUNCTIONING PROPERLY,CLEAR,"DARKNESS, LIGHTED ROAD",ANGLE,NOT DIVIDED,,STRAIGHT AND LEVEL,DRY,NO DEFECTS,ON SCENE,INJURY AND / OR TOW DUE TO CRASH,Y,,,"OVER $1,500",3/5/2022 0:27,DISREGARDING TRAFFIC SIGNALS,NOT APPLICABLE,3200,W,111TH ST,2211,,,,,,,2,INCAPACITATING INJURY,3,0,1,2,0,0,0,0,7,3,41.69167691,-87.7008919,POINT (-87.700891900592 41.691676913525)
8dfc24ab0f56646e5a66ec62c321d8383bba2fcc03142430467e5bc5e1d5a1971975a40cb1bebdc3f62ef6748edce6d0cf44a5781a2d5780eb3aef9255caa44a,JF165927,,2/26/2022 9:35,30,NO CONTROLS,NO CONTROLS,CLEAR,DAYLIGHT,OTHER NONCOLLISION,NOT DIVIDED,,STRAIGHT ON GRADE,DRY,"RUT, HOLES",NOT ON SCENE (DESK REPORT),NO INJURY / DRIVE AWAY,,,,$500 OR LESS,3/7/2022 10:15,NOT APPLICABLE,NOT APPLICABLE,833,W,CHICAGO AVE,1214,,,,,,,1,NO INDICATION OF INJURY,0,0,0,0,0,1,0,9,7,2,41.89626551,-87.64896193,POINT (-87.648961925497 41.896265509989)
a2daf7467f83e98fcafeefc466f89fa5282798ee96e5c4c4dfede716f02573d546f48cdf60b51d2762ba4ff09cf31a653436cbd75cedaca3a53f4b559943a811,JF149102,,2/19/2022 0:05,35,NO CONTROLS,NO CONTROLS,CLEAR,"DARKNESS, LIGHTED ROAD",SIDESWIPE SAME DIRECTION,ONE-WAY,,STRAIGHT AND LEVEL,SNOW OR SLUSH,NO DEFECTS,ON SCENE,NO INJURY / DRIVE AWAY,,,Y,$500 OR LESS,2/19/2022 0:12,FOLLOWING TOO CLOSELY,UNABLE TO DETERMINE,632,N,DEARBORN ST,1832,,,,,,,2,NO INDICATION OF INJURY,0,0,0,0,0,2,0,0,7,2,41.89335935,-87.62984515,POINT (-87.629845146787 41.893359354192)
a2ef6c59ab30b2b0bff2a1d3c72a67da45923216a459d7e1588ff2dc2ed11ae4f7fbd9100af12cd8c4f795e7f3077854f150dea7c92f108d9b392c47cc9f769d,JF149550,,2/19/2022 11:40,30,TRAFFIC SIGNAL,FUNCTIONING PROPERLY,CLEAR,DAYLIGHT,SIDESWIPE SAME DIRECTION,DIVIDED - W/MEDIAN (NOT RAISED),,STRAIGHT AND LEVEL,DRY,NO DEFECTS,ON SCENE,INJURY AND / OR TOW DUE TO CRASH,Y,,,"OVER $1,500",2/19/2022 13:39,IMPROPER LANE USAGE,NOT APPLICABLE,3856,S,KEDZIE AVE,911,,,,,,,2,NO INDICATION OF INJURY,0,0,0,0,0,5,0,11,7,2,41.82266449,-87.70456343,POINT (-87.704563429119 41.822664485221)
8edbeae9fc89cdcc59fabf6b47fcac451068136b4138be5d5dfea71ad98a769d7bfa580afd7af52f93426c8a0e4ac35dbd86e77714aa4f37cc2bd19d8a945ecf,JF156284,,2/26/2022 0:15,30,NO CONTROLS,NO CONTROLS,CLEAR,"DARKNESS, LIGHTED ROAD",REAR END,PARKING LOT,,STRAIGHT AND LEVEL,UNKNOWN,UNKNOWN,NOT ON SCENE (DESK REPORT),NO INJURY / DRIVE AWAY,,,Y,"OVER $1,500",2/26/2022 0:30,UNABLE TO DETERMINE,FOLLOWING TOO CLOSELY,7901,S,SOUTH CHICAGO AVE,411,,,,,,,2,NO INDICATION OF INJURY,0,0,0,0,0,2,0,0,7,2,41.75150375,-87.58543744,POINT (-87.585437436949 41.751503748743)
d88bfea5969e9f73c250545ef1bd2064ed0f6c73ca562b5a78633b6e38806179a2fdb4b7c305ef0180f6d79622c5b49a76c05ae62aeab28428831176d15320d3,JF186094,,3/25/2022 11:45,20,NO CONTROLS,NO CONTROLS,CLEAR,DAYLIGHT,PARKED MOTOR VEHICLE,NOT DIVIDED,,STRAIGHT AND LEVEL,DRY,NO DEFECTS,ON SCENE,NO INJURY / DRIVE AWAY,,,,"OVER $1,500",3/25/2022 12:25,UNABLE TO DETERMINE,NOT APPLICABLE,2520,S,KARLOV AVE,1013,,,,,,,2,NO INDICATION OF INJURY,0,0,0,0,0,1,0,11,6,3,41.84532539,-87.72634998,POINT (-87.726349978472 41.845325392599)
d995638344efd3b06ab8b21f27fde29000c40fac647b9ccd29e683298092e271b143839e268a357591f3bd8b64c2c0e4d7960cc4187a06c1f33d955ff72547e6,JF185808,,3/25/2022 8:01,30,STOP SIGN/FLASHER,FUNCTIONING PROPERLY,CLEAR,DAYLIGHT,ANGLE,DIVIDED - W/MEDIAN (NOT RAISED),,STRAIGHT AND LEVEL,WET,NO DEFECTS,ON SCENE,NO INJURY / DRIVE AWAY,Y,,,"OVER $1,500",3/25/2022 8:13,FAILING TO YIELD RIGHT-OF-WAY,NOT APPLICABLE,3434,W,FOSTER AVE,1712,,,,,,,2,NO INDICATION OF INJURY,0,0,0,0,0,2,0,8,6,3,41.97578511,-87.71499498,POINT (-87.714994975991 41.975785113021)
d82469fb51d08a03ca8899ea9a6714fcff2069efe3c4f6d16c24458fe29babae88905fabf766d769029f90463e4686bb44a23bb05a2b6f0ebb641ccaf3f93d63,JF179632,,3/19/2022 18:00,30,TRAFFIC SIGNAL,FUNCTIONING PROPERLY,RAIN,DAYLIGHT,TURNING,FOUR WAY,,STRAIGHT AND LEVEL,WET,NO DEFECTS,ON SCENE,INJURY AND / OR TOW DUE TO CRASH,Y,,Y,"OVER $1,500",3/19/2022 18:05,FAILING TO YIELD RIGHT-OF-WAY,NOT APPLICABLE,11100,S,MICHIGAN AVE,531,,,,,,,3,NONINCAPACITATING INJURY,1,0,0,1,0,2,0,18,7,3,41.69255976,-87.6211937,POINT (-87.621193695398 41.692559762592)
d850f3d4a25a8fa5ced34727d36ede6d920a944dab687687d58d2a078015ff92239b71dee0811366d4c5ba59ff78d79f97360dcf6ab10632c2357b0553af7007,JF179190,,3/19/2022 9:00,25,UNKNOWN,UNKNOWN,UNKNOWN,UNKNOWN,PARKED MOTOR VEHICLE,NOT DIVIDED,,STRAIGHT AND LEVEL,UNKNOWN,UNKNOWN,NOT ON SCENE (DESK REPORT),NO INJURY / DRIVE AWAY,,,Y,"OVER $1,500",3/19/2022 10:50,UNABLE TO DETERMINE,UNABLE TO DETERMINE,1337,W,BRYN MAWR AVE,2013,,,,,,,2,NO INDICATION OF INJURY,0,0,0,0,0,1,0,9,7,3,41.98345161,-87.66409867,POINT (-87.664098666197 41.98345160529)
cff07d629b66fb6095c3132caac81abc1135d3462e4f36e4a51c414597b269bb09de6d9837178260a4b60138e79c71a4016a2f81b28aff46d33f582da23fd9cb,JF164423,,3/5/2022 16:00,30,NO CONTROLS,NO CONTROLS,CLOUDY/OVERCAST,DAYLIGHT,ANGLE,NOT DIVIDED,,STRAIGHT AND LEVEL,DRY,NO DEFECTS,NOT ON SCENE (DESK REPORT),NO INJURY / DRIVE AWAY,Y,,Y,"OVER $1,500",3/5/2022 17:10,FAILING TO YIELD RIGHT-OF-WAY,UNABLE TO DETERMINE,1221,W,MORSE AVE,2431,,,,,,,2,NO INDICATION OF INJURY,0,0,0,0,0,2,0,16,7,3,42.00785505,-87.66258826,POINT (-87.662588257212 42.007855045076)
cffb8427f4887e204cfa2b669a5fefbcb462f9548cd099908f90eed6eb740045cf882ed0f16ea234cb59711dfa34806c39acf1661b97e9d48e2e69678747c163,JF165169,,3/5/2022 20:20,30,NO CONTROLS,NO CONTROLS,RAIN,"DARKNESS, LIGHTED ROAD",REAR END,DIVIDED - W/MEDIAN (NOT RAISED),,STRAIGHT AND LEVEL,WET,NO DEFECTS,NOT ON SCENE (DESK REPORT),NO INJURY / DRIVE AWAY,Y,,Y,"OVER $1,500",3/6/2022 13:45,FOLLOWING TOO CLOSELY,UNABLE TO DETERMINE,10300,S,HAMILTON AVE,2212,,,,,,,2,NO INDICATION OF INJURY,0,0,0,0,0,3,0,20,7,3,41.70638069,-87.67571455,POINT (-87.675714550572 41.706380685269)
d88127d5e35690eccaae9332bec6424309ecef65d17d26c9eb847f9f262a81c5e92873e3ed9ef61b643a2d3dd278900cd43c4802f91fa8c43a98e6dcf9f3e4c5,JF179904,,3/20/2022 0:00,30,NO CONTROLS,NO CONTROLS,CLEAR,"DARKNESS, LIGHTED ROAD",FIXED OBJECT,NOT DIVIDED,,"CURVE, LEVEL",UNKNOWN,UNKNOWN,ON SCENE,INJURY AND / OR TOW DUE TO CRASH,,,Y,"OVER $1,500",3/20/2022 0:03,UNABLE TO DETERMINE,UNABLE TO DETERMINE,11033,S,LANGLEY AVE,513,,,,,,,1,,,,,,,,,0,1,3,41.69401645,-87.60543602,POINT (-87.60543601623 41.694016452329)
d9c1f442890bdababc54bb2c786308e44f38d6630474477d8774016a937f24c5ea99dedd098adcf8ed78ef33facd737c99aff0c8e8ffba2842f8cef7fc57aedc,JF185967,,3/25/2022 10:10,30,TRAFFIC SIGNAL,FUNCTIONING PROPERLY,CLEAR,DAYLIGHT,REAR END,DIVIDED - W/MEDIAN (NOT RAISED),,STRAIGHT AND LEVEL,DRY,NO DEFECTS,NOT ON SCENE (DESK REPORT),NO INJURY / DRIVE AWAY,,,,"$501 - $1,500",3/25/2022 10:25,UNABLE TO DETERMINE,UNABLE TO DETERMINE,11500,S,STATE ST,522,,,,,,,2,NO INDICATION OF INJURY,0,0,0,0,0,2,0,10,6,3,41.68526063,-87.62303448,POINT (-87.623034482813 41.685260629881)
90137f099c18f305d9c3112fdfbfdd4666912469b87c0475a6251a2ebb813054687e3db823019cbad7d2cbff48feb23ab8f1d30d5736966bb2d862848994bb85,JF157626,,2/26/2022 21:50,30,NO CONTROLS,NO CONTROLS,CLEAR,"DARKNESS, LIGHTED ROAD",PARKED MOTOR VEHICLE,NOT DIVIDED,,STRAIGHT AND LEVEL,DRY,NO DEFECTS,NOT ON SCENE (DESK REPORT),NO INJURY / DRIVE AWAY,,,Y,"OVER $1,500",2/27/2022 12:20,UNABLE TO DETERMINE,UNABLE TO DETERMINE,160,W,DIVISION ST,1821,,,,,,,2,NO INDICATION OF INJURY,0,0,0,0,0,1,0,21,7,2,41.90397323,-87.63382601,POINT (-87.633826005363 41.903973231985)
da8ed68f07d726043f380b251387ab46718e353cda138a4e8d7c3c255c04cf3d48cfbe47ce040b803bb18cab73f827787d19c3e26e847da7de3dd788f8e27b41,JF186429,,3/25/2022 16:25,30,NO CONTROLS,NO CONTROLS,CLEAR,DAYLIGHT,SIDESWIPE SAME DIRECTION,NOT DIVIDED,,STRAIGHT AND LEVEL,DRY,NO DEFECTS,ON SCENE,INJURY AND / OR TOW DUE TO CRASH,,,,"OVER $1,500",3/25/2022 16:29,IMPROPER LANE USAGE,NOT APPLICABLE,3658,W,LAWRENCE AVE,1712,,,,,,,2,"REPORTED, NOT EVIDENT",2,0,0,0,2,0,0,16,6,3,41.96843263,-87.72063796,POINT (-87.720637956888 41.968432629998)
da25ec6e1fb09f78a4b132473808ac742d3d354d435ac131f97c579a8586898f19f05a8998cb1119c8b618c007d80ad0c19412fd97789be987df86bf4224f3fb,JF179604,,3/19/2022 17:22,30,NO CONTROLS,NO CONTROLS,RAIN,DAYLIGHT,REAR END,DIVIDED - W/MEDIAN (NOT RAISED),,STRAIGHT AND LEVEL,WET,NO DEFECTS,ON SCENE,NO INJURY / DRIVE AWAY,,,,"$501 - $1,500",3/19/2022 17:27,UNABLE TO DETERMINE,UNABLE TO DETERMINE,4733,W,BELMONT AVE,2521,,,,,,,2,NO INDICATION OF INJURY,0,0,0,0,0,2,0,17,7,3,41.93873197,-87.74575637,POINT (-87.745756364602 41.938731967076)
a4f7e388ca4ea6dc78b6f9b8056888d469a789933a19e3907c5a4f21ff9533a898a7c67e13a74660ba381204eff027270253648f6cf85b984cb3fa82714da55a,JF150463,,2/19/2022 22:00,25,NO CONTROLS,NO CONTROLS,CLEAR,"DARKNESS, LIGHTED ROAD",PARKED MOTOR VEHICLE,ONE-WAY,,STRAIGHT AND LEVEL,DRY,NO DEFECTS,NOT ON SCENE (DESK REPORT),NO INJURY / DRIVE AWAY,,,Y,"OVER $1,500",2/20/2022 14:00,"OPERATING VEHICLE IN ERRATIC, RECKLESS, CARELESS, NEGLIGENT OR AGGRESSIVE MANNER",NOT APPLICABLE,9327,S,THROOP ST,2222,,,,,,,2,NO INDICATION OF INJURY,0,0,0,0,0,1,0,22,7,2,41.72413198,-87.6553021,POINT (-87.655302098369 41.724131981332)
db24dc03055e47bed1be25b8d0caa25926ab2cf9161f6797c2cd53d66b008405d9eeb56926c66dedcb04fba327372604e720a38a1b37f1b79fca9284b15e9812,JF179414,,3/19/2022 14:35,30,TRAFFIC SIGNAL,FUNCTIONING PROPERLY,RAIN,DAYLIGHT,PEDALCYCLIST,NOT DIVIDED,,STRAIGHT AND LEVEL,WET,NO DEFECTS,ON SCENE,INJURY AND / OR TOW DUE TO CRASH,Y,,,$500 OR LESS,3/19/2022 14:42,FAILING TO YIELD RIGHT-OF-WAY,UNABLE TO DETERMINE,2,W,CHICAGO AVE,1832,,,,,,,2,"REPORTED, NOT EVIDENT",1,0,0,0,1,4,0,14,7,3,41.89678605,-87.62828088,POINT (-87.62828087456 41.896786050908)
a545a2d00e5397b349a7957cf9e714d7a3159feeb548bfe08c61b32b4ba71b45aea501ef2db2c85dd07fe8e87918f2fc587b021074e19103740c6a1e3ad4fa56,JF149938,,2/19/2022 19:56,25,NO CONTROLS,NO CONTROLS,CLEAR,"DARKNESS, LIGHTED ROAD",SIDESWIPE SAME DIRECTION,DIVIDED - W/MEDIAN (NOT RAISED),,STRAIGHT AND LEVEL,DRY,NO DEFECTS,,NO INJURY / DRIVE AWAY,,,Y,"$501 - $1,500",2/19/2022 20:51,UNABLE TO DETERMINE,NOT APPLICABLE,3396,N,MILWAUKEE AVE,1731,,,,,,,2,NO INDICATION OF INJURY,0,0,0,0,0,2,0,19,7,2,41.94299154,-87.73047712,POINT (-87.730477119936 41.942991537179)
a56f18c00c255111ce1accca5189384b6adaae37bc9a39bc097537dae77dbf4b40dc5576e29a041f75a3ea9d97c24df7fd476a456812f467d811b0a2d14661f3,JF149839,,2/19/2022 16:53,30,NO CONTROLS,NO CONTROLS,CLEAR,DAYLIGHT,SIDESWIPE SAME DIRECTION,DIVIDED - W/MEDIAN (NOT RAISED),,STRAIGHT AND LEVEL,DRY,NO DEFECTS,NOT ON SCENE (DESK REPORT),NO INJURY / DRIVE AWAY,,,,"OVER $1,500",2/19/2022 18:33,UNABLE TO DETERMINE,NOT APPLICABLE,9154,S,HARVARD AVE,634,,,,,,,2,NO INDICATION OF INJURY,0,0,0,0,0,2,0,16,7,2,41.727799,-87.63200574,POINT (-87.632005741048 41.727798999282)
d36273d20763d067967913ee8688acc6f110f544d1d59414f7c994cdc9d432f4aace9e13bec5f14904fb1346725e84dcf6d6049c987bc70a30aed2f4624708e2,JF164516,,3/5/2022 19:07,30,TRAFFIC SIGNAL,FUNCTIONING PROPERLY,CLEAR,"DARKNESS, LIGHTED ROAD",TURNING,DIVIDED - W/MEDIAN (NOT RAISED),,STRAIGHT AND LEVEL,DRY,NO DEFECTS,ON SCENE,INJURY AND / OR TOW DUE TO CRASH,Y,,,"OVER $1,500",3/5/2022 19:08,IMPROPER OVERTAKING/PASSING,UNABLE TO DETERMINE,7600,S,STATE ST,623,,,,,,,2,NONINCAPACITATING INJURY,2,0,0,2,0,1,0,19,7,3,41.75640041,-87.62486969,POINT (-87.624869685896 41.756400406673)
a6740f8e40cc8efdef35d5b348a205fc99f79062a3a94686de9bfb0089c0ccc066e12acf70046634893ca186c7a9bc85250d7c9ab61de455f34f95f51b32448f,JF149328,,2/19/2022 9:30,30,NO CONTROLS,NO CONTROLS,CLOUDY/OVERCAST,DAYLIGHT,SIDESWIPE SAME DIRECTION,NOT DIVIDED,,STRAIGHT AND LEVEL,DRY,NO DEFECTS,,NO INJURY / DRIVE AWAY,,,Y,"OVER $1,500",2/19/2022 9:50,IMPROPER OVERTAKING/PASSING,IMPROPER OVERTAKING/PASSING,2015,W,79TH ST,611,,,,,,,2,NO INDICATION OF INJURY,0,0,0,0,0,2,0,9,7,2,41.75011504,-87.67374179,POINT (-87.673741785293 41.75011503901)
dce134eb95695ffdabfda488db500f3e0bd201229b9b55643c32101019920fb5039b73ae9a1f57ba141c577902c498b5fd2f1f731d2deed8685d834d47c3d895,JF186525,,3/25/2022 16:06,30,TRAFFIC SIGNAL,FUNCTIONING PROPERLY,CLEAR,DAYLIGHT,SIDESWIPE SAME DIRECTION,DIVIDED - W/MEDIAN (NOT RAISED),,STRAIGHT AND LEVEL,DRY,NO DEFECTS,NOT ON SCENE (DESK REPORT),NO INJURY / DRIVE AWAY,Y,,Y,"OVER $1,500",3/25/2022 17:33,FAILING TO YIELD RIGHT-OF-WAY,IMPROPER OVERTAKING/PASSING,808,E,47TH ST,221,,,,,,,2,NO INDICATION OF INJURY,0,0,0,0,0,2,0,16,6,3,41.80964915,-87.60614324,POINT (-87.606143239955 41.809649152602)
920088ef0c59c725fd7b7f1b5147dc5ad469ab2cf886f5470579cebd577b53b5dd8f89bd50f191924b69e50204e61f96200ee69c2cf3c1058a2288734b8f48de,JD230802,,5/12/2020 20:36,30,NO CONTROLS,NO CONTROLS,CLEAR,"DARKNESS, LIGHTED ROAD",PARKED MOTOR VEHICLE,DIVIDED - W/MEDIAN (NOT RAISED),,STRAIGHT AND LEVEL,DRY,NO DEFECTS,,INJURY AND / OR TOW DUE TO CRASH,,,,"OVER $1,500",5/12/2020 20:36,FAILING TO REDUCE SPEED TO AVOID CRASH,IMPROPER LANE USAGE,4653,W,DEVON AVE,1711,,,,,,,2,INCAPACITATING INJURY,2,0,2,0,0,3,0,20,3,5,41.99716663,-87.74557277,POINT (-87.745572768998 41.997166625794)
924a1094079f28066c345b3777eecaa0431cee9eacd528f499500431767cff9ad5e1a41477a71346f14491e820e85a68b11acc67d5732525d51c767d7855c881,JE203313,,4/18/2021 20:35,30,TRAFFIC SIGNAL,FUNCTIONING PROPERLY,CLEAR,DARKNESS,TURNING,FOUR WAY,,STRAIGHT AND LEVEL,DRY,NO DEFECTS,,INJURY AND / OR TOW DUE TO CRASH,Y,,,"OVER $1,500",4/18/2021 20:42,FAILING TO YIELD RIGHT-OF-WAY,"OPERATING VEHICLE IN ERRATIC, RECKLESS, CARELESS, NEGLIGENT OR AGGRESSIVE MANNER",11100,S,WESTERN AVE,2212,,,,,,,2,NO INDICATION OF INJURY,0,0,0,0,0,3,0,20,1,4,41.69172739,-87.68130013,POINT (-87.681300128278 41.691727387818)