CRASH_RECORD_ID,RD_NO,CRASH_DATE_EST_I,CRASH_DATE,POSTED_SPEED_LIMIT,TRAFFIC_CONTROL_DEVICE,DEVICE_CONDITION,WEATHER_CONDITION,LIGHTING_CONDITION,FIRST_CRASH_TYPE,TRAFFICWAY_TYPE,LANE_CNT,ALIGNMENT,ROADWAY_SURFACE_COND,ROAD_DEFECT,REPORT_TYPE,CRASH_TYPE,INTERSECTION_RELATED_I,NOT_RIGHT_OF_WAY_I,HIT_AND_RUN_I,DAMAGE,DATE_POLICE_NOTIFIED,PRIM_CONTRIBUTORY_CAUSE,SEC_CONTRIBUTORY_CAUSE,STREET_NO,STREET_DIRECTION,STREET_NAME,BEAT_OF_OCCURRENCE,PHOTOS_TAKEN_I,STATEMENTS_TAKEN_I,DOORING_I,WORK_ZONE_I,WORK_ZONE_TYPE,WORKERS_PRESENT_I,NUM_UNITS,MOST_SEVERE_INJURY,INJURIES_TOTAL,INJURIES_FATAL,INJURIES_INCAPACITATING,INJURIES_NON_INCAPACITATING,INJURIES_REPORTED_NOT_EVIDENT,INJURIES_NO_INDICATION,INJURIES_UNKNOWN,CRASH_HOUR,CRASH_DAY_OF_WEEK,CRASH_MONTH,LATITUDE,LONGITUDE,LOCATION
9263e30db62e3bd0ed2b27927fb9344e1a00da5edab9b996c74ab6a8f06ca004dffec13c594852bacd4c0af53e9c2581765f3d32611bb501651a4e3d07d6f7c4,JD455315,,12/10/2020 14:57,35,NO CONTROLS,NO CONTROLS,CLEAR,DAYLIGHT,FIXED OBJECT,ONE-WAY,,STRAIGHT AND LEVEL,DRY,NO DEFECTS,,INJURY AND / OR TOW DUE TO CRASH,,,,"OVER $1,500",12/10/2020 14:57,UNABLE TO DETERMINE,NOT APPLICABLE,4000,S,MICHIGAN AVE,213,,,,,,,2,INCAPACITATING INJURY,2,0,1,1,0,1,0,14,5,12,41.82190428,-87.62331768,POINT (-87.623317678183 41.821904282347)
a6980ba1824d4de93d756195cbd9432dd9efb71917e744dc7b1004c4a2b8b6158ebfed1eea3fd2e30b94ccfe2bbbe36d2745647fe47ca2a1f4cb15148cf817f7,JE137076,,2/6/2021 18:20,30,TRAFFIC SIGNAL,FUNCTIONING PROPERLY,SNOW,"DARKNESS, LIGHTED ROAD",TURNING,NOT DIVIDED,,STRAIGHT AND LEVEL,SNOW OR SLUSH,NO DEFECTS,,NO INJURY / DRIVE AWAY,Y,,Y,"OVER $1,500",2/9/2021 16:07,UNABLE TO DETERMINE,NOT APPLICABLE,799,W,14TH ST,1232,,,,,,,2,NO INDICATION OF INJURY,0,0,0,0,0,2,0,18,7,2,41.86345145,-87.64674827,POINT (-87.646748264597 41.863451449712)
d45e3788fc261b4b0ff2184c824e178791035d48eb4fec5135f68a96963baf871624054a0433cea9d93ba342fbd255fde811f671751ea71a353fd0681965c790,JF164058,,3/5/2022 10:30,25,TRAFFIC SIGNAL,FUNCTIONING PROPERLY,CLOUDY/OVERCAST,DAYLIGHT,REAR TO SIDE,ONE-WAY,,STRAIGHT AND LEVEL,DRY,NO DEFECTS,NOT ON SCENE (DESK REPORT),NO INJURY / DRIVE AWAY,,,,"$501 - $1,500",3/5/2022 11:15,FAILING TO YIELD RIGHT-OF-WAY,UNABLE TO DETERMINE,1007,W,GLENLAKE AVE,2433,,,,,,,2,NO INDICATION OF INJURY,0,0,0,0,0,2,0,10,7,3,41.99224421,-87.655782,POINT (-87.655782003565 41.992244207364)
928ea918cc2f57f4f157ca1ec00c0ee3ca8cba90aa57ea01dde241a0af1bfb009ac04bae9f971d37993b050b39b2fcc55d762f036b9b6e3e733a4fe11cdb4674,JF157237,,2/26/2022 23:30,40,NO CONTROLS,NO CONTROLS,CLEAR,"DARKNESS, LIGHTED ROAD",REAR END,DIVIDED - W/MEDIAN BARRIER,,STRAIGHT AND LEVEL,DRY,NO DEFECTS,NOT ON SCENE (DESK REPORT),NO INJURY / DRIVE AWAY,,,,"$501 - $1,500",2/26/2022 23:45,FOLLOWING TOO CLOSELY,NOT APPLICABLE,1760,S,LAKE SHORE DR E,132,,,,,,,2,NO INDICATION OF INJURY,0,0,0,0,0,2,0,23,7,2,41.85802949,-87.61665388,POINT (-87.616653884447 41.858029484947)
a8b9b1fdf3e90535bf8b0f027cfe0b4cbbb3516c97933219682bd4d89ef9afc4090a68eb536079f80607131d58ce89ad1240e8f7f4507f64437a24efcdc1a288,JF149240,,2/19/2022 1:00,30,TRAFFIC SIGNAL,FUNCTIONING PROPERLY,CLEAR,"DARKNESS, LIGHTED ROAD",PARKED MOTOR VEHICLE,NOT DIVIDED,,STRAIGHT AND LEVEL,DRY,NO DEFECTS,NOT ON SCENE (DESK REPORT),NO INJURY / DRIVE AWAY,,,Y,"OVER $1,500",2/19/2022 7:44,UNABLE TO DETERMINE,NOT APPLICABLE,2199,S,PRINCETON AVE,914,,,,,,,2,NO INDICATION OF INJURY,0,0,0,0,0,1,0,1,7,2,41.85296666,-87.63473549,POINT (-87.63473549079 41.852966660585)
a8e4e19490ee69b1c250ac45954dc760e0ff9798945ab1e62598c31191c6d313e35c852971f1f507a8273240450faa02dd1e50fe45f04b625eeed43a42371235,JF149518,,2/19/2022 11:00,30,NO CONTROLS,NO CONTROLS,SNOW,DAYLIGHT,PARKED MOTOR VEHICLE,ONE-WAY,,STRAIGHT AND LEVEL,SNOW OR SLUSH,NO DEFECTS,NOT ON SCENE (DESK REPORT),NO INJURY / DRIVE AWAY,,,Y,"OVER $1,500",2/19/2022 13:50,UNABLE TO DETERMINE,UNABLE TO DETERMINE,6502,S,PEORIA ST,723,,,,,,,2,NO INDICATION OF INJURY,0,0,0,0,0,1,0,11,7,2,41.77592521,-87.64726453,POINT (-87.647264530361 41.775925211746)
93136d7417da4e2d43d194320ef4e41b5ef2e85c2d37aa546709551f3373ebc49edcd725886fa85a6e050fd620004986a8430efe0b6d935aa210928fd88e9e21,JF158296,,2/26/2022 3:00,30,TRAFFIC SIGNAL,FUNCTIONING PROPERLY,UNKNOWN,"DARKNESS, LIGHTED ROAD",OTHER OBJECT,NOT DIVIDED,,STRAIGHT AND LEVEL,UNKNOWN,"RUT, HOLES",NOT ON SCENE (DESK REPORT),NO INJURY / DRIVE AWAY,Y,,,"$501 - $1,500",2/28/2022 7:35,UNABLE TO DETERMINE,UNABLE TO DETERMINE,329,W,18TH ST,1235,,,,,,,1,NO INDICATION OF INJURY,0,0,0,0,0,1,0,3,7,2,41.85761689,-87.63607109,POINT (-87.636071092472 41.857616887316)
dd0c5c7226dc7b462f8c4122ee3ea2966b78276b078a8d73623015fc3b2a0616b2cf190fc97f56ee25e2181dd261d7118d8da8e049971f1c37f5055c851d074d,,,4/9/2022 2:30,15,NO CONTROLS,NO CONTROLS,FREEZING RAIN/DRIZZLE,"DARKNESS, LIGHTED ROAD",SIDESWIPE SAME DIRECTION,PARKING LOT,,STRAIGHT AND LEVEL,WET,NO DEFECTS,ON SCENE,NO INJURY / DRIVE AWAY,,,,"OVER $1,500",4/9/2022 2:35,IMPROPER OVERTAKING/PASSING,NOT APPLICABLE,3457,S,DR MARTIN LUTHER KING JR DR,211,,,,,,,2,NO INDICATION OF INJURY,0,0,0,0,0,3,0,2,7,4,41.8316399,-87.61682736,POINT (-87.616827356867 41.831639903733)
dbc1bf8077e7640cfc12a933a4c39906fe16410e8f95f898c735b7803b23f20db875c9908b925fa162779b479e99c08b257650ddd8c7035f2d179f8d1d71fcf3,JE172619,,3/18/2021 9:00,20,NO CONTROLS,NO CONTROLS,UNKNOWN,DAYLIGHT,PARKED MOTOR VEHICLE,NOT DIVIDED,,STRAIGHT AND LEVEL,UNKNOWN,UNKNOWN,,NO INJURY / DRIVE AWAY,,,Y,"$501 - $1,500",3/18/2021 16:30,UNABLE TO DETERMINE,NOT APPLICABLE,2405,N,LONG AVE,2515,,,,,,,2,NO INDICATION OF INJURY,0,0,0,0,0,1,0,9,5,3,41.9242524,-87.76092787,POINT (-87.760927868388 41.9242524021)
9361be0caa447139d31a80a49e1745e5504c91698d8035fc3aaf4f3e08ff4199a9c4876b653df7b9d51519f21464f522c888365046761453a297551b5525b92b,JF156597,,2/26/2022 10:45,30,STOP SIGN/FLASHER,FUNCTIONING PROPERLY,CLEAR,DAYLIGHT,TURNING,NOT DIVIDED,,STRAIGHT AND LEVEL,DRY,NO DEFECTS,ON SCENE,INJURY AND / OR TOW DUE TO CRASH,N,Y,,"OVER $1,500",2/26/2022 10:57,FAILING TO REDUCE SPEED TO AVOID CRASH,NOT APPLICABLE,726,N,WESTERN AVE,1221,,,,,,,2,NONINCAPACITATING INJURY,1,0,0,1,0,1,0,10,7,2,41.89477982,-87.68696403,POINT (-87.686964028592 41.894779818139)
939589464c784a91813b7662be2e8209a9da272772a077675bf4895286873cb2cde4436cd01165dd3e88158b8c713ff187a1f66248bd8df9ba5a558f2e559098,JF156801,,2/26/2022 12:00,30,NO CONTROLS,NO CONTROLS,CLEAR,DAYLIGHT,FIXED OBJECT,DIVIDED - W/MEDIAN (NOT RAISED),,STRAIGHT AND LEVEL,DRY,NO DEFECTS,NOT ON SCENE (DESK REPORT),NO INJURY / DRIVE AWAY,,,,"$501 - $1,500",2/26/2022 14:32,NOT APPLICABLE,NOT APPLICABLE,11219,S,LONGWOOD DR,2212,,,,,,,1,NO INDICATION OF INJURY,0,0,0,0,0,1,0,12,7,2,41.68922799,-87.67223201,POINT (-87.67223200694 41.689227988962)
de18617f1a9cdbade4c4f516a3696386a55f8a38516c2b492e86742002997b69d915e148b2916204c3c136cae47b23af039c9efda21949f4a7587d0ab1bf87d0,JF185757,,3/25/2022 6:45,30,NO CONTROLS,NO CONTROLS,RAIN,DAYLIGHT,ANGLE,NOT DIVIDED,,STRAIGHT AND LEVEL,WET,UNKNOWN,NOT ON SCENE (DESK REPORT),NO INJURY / DRIVE AWAY,,,,"OVER $1,500",3/25/2022 7:15,UNABLE TO DETERMINE,UNABLE TO DETERMINE,5101,N,LINCOLN AVE,2031,,,,,,,2,NO INDICATION OF INJURY,0,0,0,0,0,2,0,6,6,3,41.97412038,-87.69191131,POINT (-87.691911312928 41.974120378159)
940b2f7b2e4de4164a1519b1d453cdd36a9a056ad3244997ab6aa088fd5129edbd192bc904e6d2f4c654b4b86b573eb34e5d80fa5ffc550c4a0d261e547bf400,JF156875,,2/26/2022 13:50,30,NO CONTROLS,NO CONTROLS,CLEAR,DAYLIGHT,PEDESTRIAN,PARKING LOT,,STRAIGHT AND LEVEL,DRY,UNKNOWN,ON SCENE,INJURY AND / OR TOW DUE TO CRASH,,Y,,$500 OR LESS,2/26/2022 13:58,DRIVING SKILLS/KNOWLEDGE/EXPERIENCE,IMPROPER OVERTAKING/PASSING,6122,W,ADDISON ST,1633,,,,,,,2,INCAPACITATING INJURY,1,0,1,0,0,1,0,13,7,2,41.9458467,-87.77989371,POINT (-87.779893705187 41.945846699272)
aa19de5a94083bc49946c53207ccdc760f456b34693401ddb7817ebf3cc891132eb8146d95ca5ddbf78d76b62172452cfd5425056c98e914baceb442a2cb43c9,JF149879,,2/19/2022 19:37,40,NO CONTROLS,NO CONTROLS,CLEAR,"DARKNESS, LIGHTED ROAD",REAR END,DIVIDED - W/MEDIAN BARRIER,,STRAIGHT AND LEVEL,DRY,NO DEFECTS,ON SCENE,NO INJURY / DRIVE AWAY,,,,"OVER $1,500",2/19/2022 19:37,FOLLOWING TOO CLOSELY,NOT APPLICABLE,505,N,LAKE SHORE DR NB,1834,,,,,,,2,NO INDICATION OF INJURY,0,0,0,0,0,2,0,19,7,2,41.89125508,-87.61375081,POINT (-87.613750814226 41.891255081885)
ddf41001b4cc062800e6a59f89f4e68db2623dbf5b3c6e8a80fcb6fe57db8678bdf89073a6db1ceac87f2efdf2f4089f5ee6dbc2df8e3bd37846ea1e63a2dd99,JF180289,,3/19/2022 19:30,30,UNKNOWN,UNKNOWN,UNKNOWN,UNKNOWN,TURNING,UNKNOWN INTERSECTION TYPE,,STRAIGHT AND LEVEL,UNKNOWN,UNKNOWN,NOT ON SCENE (DESK REPORT),NO INJURY / DRIVE AWAY,Y,,,"OVER $1,500",3/20/2022 11:50,UNABLE TO DETERMINE,NOT APPLICABLE,2,E,ROOSEVELT RD,123,,,,,,,2,NO INDICATION OF INJURY,0,0,0,0,0,2,0,19,7,3,41.86752386,-87.62738386,POINT (-87.627383863898 41.867523858508)
de567e2e9fa9c6506a0db02aeee6a3ef5c8f8a6df8732fb67638afb75f3cd86c931d34731daf9df713f84275b020483332d0936ab6a7d89ed950fcf1ffee2ae8,JF178995,,3/19/2022 3:45,30,SCHOOL ZONE,NO CONTROLS,RAIN,"DARKNESS, LIGHTED ROAD",FIXED OBJECT,NOT DIVIDED,,STRAIGHT AND LEVEL,WET,NO DEFECTS,NOT ON SCENE (DESK REPORT),INJURY AND / OR TOW DUE TO CRASH,,,Y,"OVER $1,500",3/19/2022 3:47,UNABLE TO DETERMINE,UNABLE TO DETERMINE,248,N,CENTRAL AVE,1512,,,,,,,1,NO INDICATION OF INJURY,0,0,0,0,0,2,0,3,7,3,41.88564228,-87.76520222,POINT (-87.765202216468 41.885642279393)
948ac053dc0da3d9dabb6bc852e25f8d9a0bb9a2dfb0497817752f836de19230ca0631ab62b40da16550aabbb2d1aa33144bd30f16eb514213e520daa2d1124e,JF158906,,2/26/2022 11:15,30,NO CONTROLS,NO CONTROLS,CLEAR,DAYLIGHT,TURNING,NOT DIVIDED,,STRAIGHT AND LEVEL,DRY,NO DEFECTS,NOT ON SCENE (DESK REPORT),NO INJURY / DRIVE AWAY,,,,"$501 - $1,500",2/28/2022 16:47,UNABLE TO DETERMINE,NOT APPLICABLE,4132,W,PETERSON AVE,1711,,,,,,,2,NO INDICATION OF INJURY,0,0,0,0,0,2,0,11,7,2,41.99019459,-87.73257419,POINT (-87.732574190316 41.990194593434)
948beac5ab63dba0e3ba2c3de066354ec9381b1995c5924284b5a5309d58adcbb6dbf9afd160bd0513c5cba801101fe39dcab43848cdcf037c20eb534d857959,JF157166,,2/26/2022 21:01,30,TRAFFIC SIGNAL,FUNCTIONING PROPERLY,CLEAR,DARKNESS,TURNING,DIVIDED - W/MEDIAN (NOT RAISED),,STRAIGHT AND LEVEL,DRY,NO DEFECTS,ON SCENE,INJURY AND / OR TOW DUE TO CRASH,Y,,Y,"OVER $1,500",2/26/2022 21:27,UNABLE TO DETERMINE,NOT APPLICABLE,4800,W,FLOURNOY ST,1533,,,,,,,2,NONINCAPACITATING INJURY,1,0,0,1,0,1,0,21,7,2,41.87218093,-87.74498443,POINT (-87.744984427653 41.87218092888)
d723382ca4af57385b0ff31e3bbef6272464b397f0bf6d72f9be52236f1978e0209b08503847ce181d58bc7ac31ad47d70a4e999afa2d2c39d0b00657e6f6771,JF165177,,3/5/2022 12:00,15,NO CONTROLS,NO CONTROLS,CLEAR,DAYLIGHT,PARKED MOTOR VEHICLE,PARKING LOT,,STRAIGHT AND LEVEL,DRY,NO DEFECTS,NOT ON SCENE (DESK REPORT),NO INJURY / DRIVE AWAY,,,Y,$500 OR LESS,3/6/2022 14:00,UNABLE TO DETERMINE,UNABLE TO DETERMINE,10000,W,OHARE ST,1651,,,,,,,2,NO INDICATION OF INJURY,0,0,0,0,0,1,0,12,7,3,41.97620114,-87.90530913,POINT (-87.905309125103 41.976201139024)
95019cbc0eb3a616ba76c2333ddaba96255cd009150e32b2c0a74963f341d4f005516579d511cf75d15d26e091f6e36ebd1c4f46a525f79508fdb298333c9ee2,JF156414,,2/26/2022 5:20,30,TRAFFIC SIGNAL,UNKNOWN,CLEAR,"DARKNESS, LIGHTED ROAD",REAR END,DIVIDED - W/MEDIAN (NOT RAISED),,STRAIGHT AND LEVEL,DRY,UNKNOWN,NOT ON SCENE (DESK REPORT),NO INJURY / DRIVE AWAY,Y,,Y,"OVER $1,500",2/26/2022 6:05,FOLLOWING TOO CLOSELY,FOLLOWING TOO CLOSELY,6100,S,DAMEN AVE,714,,,,,,,2,NO INDICATION OF INJURY,0,0,0,0,0,2,0,5,7,2,41.78288864,-87.67414463,POINT (-87.674144627312 41.782888643678)
d785dc645871d5cde7013466cf5a339ad0be0aefb45386f91f48992998a2034b650d8cb56cc70d0f9f277fa404b66fb83b51bfa6cabd0d50dd9a08f1619daa28,JF164327,,3/5/2022 3:00,10,NO CONTROLS,NO CONTROLS,CLEAR,"DARKNESS, LIGHTED ROAD",REAR TO FRONT,PARKING LOT,,STRAIGHT AND LEVEL,DRY,NO DEFECTS,NOT ON SCENE (DESK REPORT),NO INJURY / DRIVE AWAY,,,,"OVER $1,500",3/5/2022 15:30,IMPROPER BACKING,NOT APPLICABLE,4734,N,CUMBERLAND AVE,1614,,,,,,,2,NO INDICATION OF INJURY,0,0,0,0,0,2,0,3,7,3,41.9660114,-87.83683117,POINT (-87.836831169138 41.966011401336)
d7905ad3c9c6a512b28c8b4687f894f2c56051e01fa8a25c2338f9d7e215f20ffe4725ddb4ec5ea9efe242913294d98be274dc71b343093785a774cc49f73dea,JF164469,,3/5/2022 15:00,30,STOP SIGN/FLASHER,FUNCTIONING PROPERLY,CLEAR,DAYLIGHT,TURNING,NOT DIVIDED,,STRAIGHT AND LEVEL,DRY,NO DEFECTS,NOT ON SCENE (DESK REPORT),INJURY AND / OR TOW DUE TO CRASH,Y,,Y,"OVER $1,500",3/5/2022 18:15,UNABLE TO DETERMINE,UNABLE TO DETERMINE,9700,S,JEFFERY AVE,431,,,,,,,2,"REPORTED, NOT EVIDENT",2,0,0,0,2,1,0,15,7,3,41.71873108,-87.57541342,POINT (-87.575413422788 41.71873107752)
ab162d9f1cd79db705c8f9c7f9be8f6bcf6be6213e97f2b321b330694e2977ac453881a27c765fcbc39881cb23e9e73257723fc4fba28a24f8a9814901059182,JF149734,,2/19/2022 11:10,30,TRAFFIC SIGNAL,FUNCTIONING PROPERLY,CLEAR,DAYLIGHT,REAR END,DIVIDED - W/MEDIAN (NOT RAISED),,STRAIGHT AND LEVEL,DRY,NO DEFECTS,NOT ON SCENE (DESK REPORT),NO INJURY / DRIVE AWAY,,,,"$501 - $1,500",2/19/2022 17:00,FAILING TO YIELD RIGHT-OF-WAY,NOT APPLICABLE,4803,W,63RD ST,813,,,,,,,2,NO INDICATION OF INJURY,0,0,0,0,0,5,0,11,7,2,41.77831736,-87.74244155,POINT (-87.742441547843 41.778317359829)
df6bde5aef69e6371bbf21bf315bf477898ea7c0d3d3bd8177a51c33a3e146cf2669efad4e6c1729f4b0c49944e0081bd259542ff353d03f00ee88487179dde6,JE482313,,12/19/2021 1:23,30,NO CONTROLS,NO CONTROLS,CLEAR,"DARKNESS, LIGHTED ROAD",FIXED OBJECT,PARKING LOT,,STRAIGHT AND LEVEL,DRY,NO DEFECTS,,NO INJURY / DRIVE AWAY,,Y,Y,"OVER $1,500",12/19/2021 1:23,UNABLE TO DETERMINE,NOT APPLICABLE,4445,N,PULASKI RD,1723,,,,,,,1,NO INDICATION OF INJURY,0,0,0,0,0,1,0,1,1,12,41.96223481,-87.72771372,POINT (-87.727713718165 41.962234811627)
d8d82102d22265c082c9d30a7c49da6c4ff812765e9d08552f3ee29af6af7e6c8e1053fe2a875b4ed05efb9a2dabc15252ea5f0e1b23b2b408107d4ac857b1ec,JF164185,,3/5/2022 12:30,30,TRAFFIC SIGNAL,FUNCTIONING PROPERLY,CLEAR,DAYLIGHT,SIDESWIPE SAME DIRECTION,NOT DIVIDED,,STRAIGHT AND LEVEL,DRY,NO DEFECTS,NOT ON SCENE (DESK REPORT),NO INJURY / DRIVE AWAY,Y,,,"OVER $1,500",3/5/2022 13:15,UNABLE TO DETERMINE,NOT APPLICABLE,5700,N,CENTRAL AVE,1622,,,,,,,2,NO INDICATION OF INJURY,0,0,0,0,0,2,0,12,7,3,41.98477952,-87.76845057,POINT (-87.768450567113 41.984779519506)
e01c61604ac99047f3c15d9a0e561a7eb88fbc5f8f3305e6d3626ee01fe3e853593cc25cba977f60e8450d1189c6e6cc6bf3b62d58d5ecb207776d35045b12ce,JF179041,,3/19/2022 6:15,30,TRAFFIC SIGNAL,UNKNOWN,RAIN,UNKNOWN,REAR END,NOT DIVIDED,,STRAIGHT AND LEVEL,WET,UNKNOWN,NOT ON SCENE (DESK REPORT),NO INJURY / DRIVE AWAY,,,,"$501 - $1,500",3/19/2022 7:00,WEATHER,NOT APPLICABLE,4711,S,ARCHER AVE,821,,,,,,,3,NO INDICATION OF INJURY,0,0,0,0,0,3,0,6,7,3,41.80766572,-87.71448494,POINT (-87.714484935022 41.807665718339)
da22b770bf5e9273a12ec1431462939812ceb54a7529fb0e0dedf113a8e7a89b672c9386ed64246374096f21dcdd4282d5f07c09c352b503f9ace19603f774dd,JF164712,,3/5/2022 23:22,30,NO CONTROLS,NO CONTROLS,RAIN,"DARKNESS, LIGHTED ROAD",PARKED MOTOR VEHICLE,ONE-WAY,,STRAIGHT AND LEVEL,WET,NO DEFECTS,ON SCENE,INJURY AND / OR TOW DUE TO CRASH,,,Y,"OVER $1,500",3/5/2022 23:25,UNABLE TO DETERMINE,UNABLE TO DETERMINE,827,N,MONTICELLO AVE,1112,,,,,,,3,NONINCAPACITATING INJURY,3,0,0,3,0,1,0,23,7,3,41.8962788,-87.71741271,POINT (-87.717412708747 41.896278795557)
da3a4e2a233898f73e4ccb74d288ff5fddb86a54aa68246702a2afde34b30fb749161b62f9027f789168578e8cd3a8dcaa8167e63fd00337d058bb5efda7da34,JF165085,Y,3/5/2022 20:00,30,NO CONTROLS,NO CONTROLS,UNKNOWN,UNKNOWN,PARKED MOTOR VEHICLE,NOT DIVIDED,,STRAIGHT AND LEVEL,DRY,NO DEFECTS,NOT ON SCENE (DESK REPORT),NO INJURY / DRIVE AWAY,,,Y,"OVER $1,500",3/6/2022 11:40,UNABLE TO DETERMINE,NOT APPLICABLE,2550,S,ROCKWELL ST,1034,,,,,,,2,NO INDICATION OF INJURY,0,0,0,0,0,1,0,20,7,3,41.84499336,-87.6904948,POINT (-87.690494797061 41.844993360722)
dfafa2bc6c06d3dbec287e8185d4e9222b0fc16bd16fd63d74e8391b55e24a93bb506b1410a297322b0e9fd3e86cdad9e0f8a1568b00c9e133add3f7270750f5,JD147300,Y,2/10/2020 15:27,30,NO CONTROLS,NO CONTROLS,UNKNOWN,UNKNOWN,PARKED MOTOR VEHICLE,NOT DIVIDED,,STRAIGHT AND LEVEL,UNKNOWN,UNKNOWN,,INJURY AND / OR TOW DUE TO CRASH,,,Y,"OVER $1,500",2/10/2020 20:29,UNABLE TO DETERMINE,UNABLE TO DETERMINE,1408,W,BRYN MAWR AVE,2013,,,,,,,2,NO INDICATION OF INJURY,0,0,0,0,0,1,0,15,2,2,41.98365295,-87.66537005,POINT (-87.665370048773 41.983652944561)
e004150cdb6533a5a1ad6432b9f4768074b9cf9db172d994e73dd230d6a87792ace1d3945dc8ad48b5568a3f68afb8d9ddd3eb9e46c89cf66c55c5661852b32e,JF120827,,1/21/2022 17:48,20,NO CONTROLS,NO CONTROLS,CLEAR,"DARKNESS, LIGHTED ROAD",PARKED MOTOR VEHICLE,ONE-WAY,,STRAIGHT AND LEVEL,DRY,NO DEFECTS,,NO INJURY / DRIVE AWAY,,,Y,"OVER $1,500",1/22/2022 13:20,"OPERATING VEHICLE IN ERRATIC, RECKLESS, CARELESS, NEGLIGENT OR AGGRESSIVE MANNER",NOT APPLICABLE,7746,S,EUCLID AVE,414,,,,,,,2,NO INDICATION OF INJURY,0,0,0,0,0,1,0,17,6,1,41.75383663,-87.57740297,POINT (-87.577402971857 41.753836634418)
e09dff5ec7a30e4be824f2ae9ed1472f1dc6a014fbbc8bd723d1e6f2a1abee1eb05bb79c46a445ebb9eadf66e46db83589be097ad0f7bfd7968950dda20c82ae,JF186667,,3/25/2022 19:30,30,UNKNOWN,UNKNOWN,UNKNOWN,DARKNESS,PARKED MOTOR VEHICLE,NOT DIVIDED,,STRAIGHT AND LEVEL,UNKNOWN,UNKNOWN,NOT ON SCENE (DESK REPORT),NO INJURY / DRIVE AWAY,,,Y,"OVER $1,500",3/25/2022 20:15,UNABLE TO DETERMINE,NOT APPLICABLE,1501,N,MILWAUKEE AVE,1424,,,,,,,2,NO INDICATION OF INJURY,0,0,0,0,0,1,0,19,6,3,41.90877749,-87.67474014,POINT (-87.674740138752 41.908777487809)
96ca32faadbcaec733193ac62681f289cd0031710737e14747a454c4231b5ab59fc351984a3f1fc344c35ba3756397fb83cc31b90971090d2c38b64a3f3ddca1,JF156520,,2/26/2022 7:30,15,NO CONTROLS,NO CONTROLS,SNOW,DAYLIGHT,FIXED OBJECT,ALLEY,,STRAIGHT AND LEVEL,SNOW OR SLUSH,NO DEFECTS,ON SCENE,NO INJURY / DRIVE AWAY,,,,"OVER $1,500",2/26/2022 9:30,FAILING TO REDUCE SPEED TO AVOID CRASH,NOT APPLICABLE,1930,W,RACE AVE,1221,,,,,,,1,NO INDICATION OF INJURY,0,0,0,0,0,1,0,7,7,2,41.89167665,-87.67574813,POINT (-87.675748126943 41.891676651925)
e0ac5666cfadb67402cd472e181982560fb9f7991a7efb7a2ad68a1a5979d4bb891b2d5685f9eeb4fdf31e1a828f262291b5572c05e32f29d775e191597bbd6b,JF179464,,3/19/2022 15:27,35,NO CONTROLS,NO CONTROLS,RAIN,DAYLIGHT,REAR END,NOT DIVIDED,,STRAIGHT AND LEVEL,WET,NO DEFECTS,ON SCENE,INJURY AND / OR TOW DUE TO CRASH,,,,"OVER $1,500",3/19/2022 15:29,FOLLOWING TOO CLOSELY,NOT APPLICABLE,5622,S,PULASKI RD,813,,,,,,,2,NO INDICATION OF INJURY,0,0,0,0,0,4,0,15,7,3,41.79059868,-87.72323432,POINT (-87.723234323587 41.790598680242)
e0a12e18a495343903adc351af41e7601298588be7364651a3208801385c3a16a643ee448deca997b19c94ae7d6ec4777df305160e123269f480728e97643277,JF185811,,3/25/2022 8:15,30,STOP SIGN/FLASHER,FUNCTIONING PROPERLY,RAIN,DAYLIGHT,ANGLE,FOUR WAY,,STRAIGHT AND LEVEL,WET,NO DEFECTS,ON SCENE,NO INJURY / DRIVE AWAY,Y,,,"OVER $1,500",3/25/2022 8:20,FAILING TO YIELD RIGHT-OF-WAY,FAILING TO YIELD RIGHT-OF-WAY,5100,S,LAFLIN ST,934,,,,,,,2,NO INDICATION OF INJURY,0,0,0,0,0,2,0,8,6,3,41.80132602,-87.66249306,POINT (-87.662493061554 41.801326019243)
e0dbb5031997aaee4e4316eca69821577996ae7bf8dfc1e5422f6774e51d8efdb7a2464ffd875600e1efe290ff925bc25894560ad01a81f42cd21b001811d7cb,JF179795,,3/19/2022 21:15,35,TRAFFIC SIGNAL,FUNCTIONING PROPERLY,CLEAR,"DARKNESS, LIGHTED ROAD",FIXED OBJECT,NOT DIVIDED,,STRAIGHT AND LEVEL,DRY,NO DEFECTS,ON SCENE,INJURY AND / OR TOW DUE TO CRASH,,,,"OVER $1,500",3/19/2022 21:20,DISTRACTION - FROM INSIDE VEHICLE,NOT APPLICABLE,801,W,PERSHING RD,925,,,,,,,1,NO INDICATION OF INJURY,0,0,0,0,0,1,0,21,7,3,41.82334726,-87.64604549,POINT (-87.646045484602 41.823347262712)
e08e3b6e369e0f9b56711e0991205593d113c3105f4feceb0ccbbacf891cdea243f98f586982403a4f11c76208641ab0a2165e500edd1bfc034f9de424acd728,JE195961,,4/11/2021 2:11,30,TRAFFIC SIGNAL,UNKNOWN,CLEAR,DARKNESS,REAR END,DIVIDED - W/MEDIAN (NOT RAISED),,STRAIGHT AND LEVEL,DRY,UNKNOWN,,NO INJURY / DRIVE AWAY,Y,,Y,"OVER $1,500",4/11/2021 3:08,UNABLE TO DETERMINE,NOT APPLICABLE,7900,S,STONY ISLAND AVE,411,,,,,,,4,NO INDICATION OF INJURY,0,0,0,0,0,4,0,2,1,4,41.7514606,-87.58597199,POINT (-87.585971992965 41.751460603167)