CRASH_RECORD_ID,RD_NO,CRASH_DATE_EST_I,CRASH_DATE,POSTED_SPEED_LIMIT,TRAFFIC_CONTROL_DEVICE,DEVICE_CONDITION,WEATHER_CONDITION,LIGHTING_CONDITION,FIRST_CRASH_TYPE,TRAFFICWAY_TYPE,LANE_CNT,ALIGNMENT,ROADWAY_SURFACE_COND,ROAD_DEFECT,REPORT_TYPE,CRASH_TYPE,INTERSECTION_RELATED_I,NOT_RIGHT_OF_WAY_I,HIT_AND_RUN_I,DAMAGE,DATE_POLICE_NOTIFIED,PRIM_CONTRIBUTORY_CAUSE,SEC_CONTRIBUTORY_CAUSE,STREET_NO,STREET_DIRECTION,STREET_NAME,BEAT_OF_OCCURRENCE,PHOTOS_TAKEN_I,STATEMENTS_TAKEN_I,DOORING_I,WORK_ZONE_I,WORK_ZONE_TYPE,WORKERS_PRESENT_I,NUM_UNITS,MOST_SEVERE_INJURY,INJURIES_TOTAL,INJURIES_FATAL,INJURIES_INCAPACITATING,INJURIES_NON_INCAPACITATING,INJURIES_REPORTED_NOT_EVIDENT,INJURIES_NO_INDICATION,INJURIES_UNKNOWN,CRASH_HOUR,CRASH_DAY_OF_WEEK,CRASH_MONTH,LATITUDE,LONGITUDE,LOCATION
97d2ab5052c2204a3da1333e23936d10cf128ac38982e72ce52205c5cc7a31f387b355af359456dc8bbe61b564fbead5f7e4d645342ea2bad57b07eb5a6e3064,JF156383,,2/26/2022 3:39,30,TRAFFIC SIGNAL,FUNCTIONING PROPERLY,CLEAR,"DARKNESS, LIGHTED ROAD",REAR END,DIVIDED - W/MEDIAN (NOT RAISED),,STRAIGHT AND LEVEL,DRY,NO DEFECTS,ON SCENE,INJURY AND / OR TOW DUE TO CRASH,,,,"OVER $1,500",2/26/2022 3:39,UNABLE TO DETERMINE,UNABLE TO DETERMINE,5200,S,CICERO AVE,814,,,,,,,2,INCAPACITATING INJURY,2,0,1,1,0,1,0,3,7,2,41.79855828,-87.74307187,POINT (-87.743071866164 41.798558278193)
98037115babbee42cba43d267d71836b1c2fa5d3f13e063623477b5e23d26156d6d6cb61061c4f5a23b2f584e794b2309fddf8209d8638ae8ffadd3f7d5ebc9e,JF156676,,2/26/2022 12:05,30,NO CONTROLS,NO CONTROLS,CLEAR,DAYLIGHT,PEDALCYCLIST,NOT DIVIDED,,STRAIGHT AND LEVEL,DRY,NO DEFECTS,ON SCENE,INJURY AND / OR TOW DUE TO CRASH,,,,$500 OR LESS,2/26/2022 12:20,DRIVING SKILLS/KNOWLEDGE/EXPERIENCE,DRIVING SKILLS/KNOWLEDGE/EXPERIENCE,1007,W,LAWRENCE AVE,1914,,,,,,,2,NONINCAPACITATING INJURY,1,0,0,1,0,2,0,12,7,2,41.96897616,-87.65514085,POINT (-87.655140847202 41.968976163056)
e2390b5473c888f07f43626e0e43c85e6ed0af37faae5f36ac8830d59c1fce07dad352b9cd1cf83e2ebf3b369f5f22260387998a58262a99d713e7f9c2f8fbbb,JF180285,,3/19/2022 18:00,30,NO CONTROLS,NO CONTROLS,RAIN,DAYLIGHT,FIXED OBJECT,PARKING LOT,,STRAIGHT AND LEVEL,WET,NO DEFECTS,NOT ON SCENE (DESK REPORT),NO INJURY / DRIVE AWAY,,,,"OVER $1,500",3/19/2022 18:00,NOT APPLICABLE,NOT APPLICABLE,10000,W,OHARE ST,1651,,,,,,,1,NO INDICATION OF INJURY,0,0,0,0,0,1,0,18,7,3,41.97620114,-87.90530913,POINT (-87.905309125103 41.976201139024)
98558ff8790bac4cd143b220b4e1f6c20ee25b6a33c06ad8b536fb344a677138d8e3b5f9b747ec69a080ce7f2caa60b35e8c84b3e10407b88a8f337b92dcad55,JF157013,,2/26/2022 7:30,30,TRAFFIC SIGNAL,FUNCTIONING PROPERLY,CLEAR,DAYLIGHT,OTHER OBJECT,NOT DIVIDED,,STRAIGHT AND LEVEL,DRY,NO DEFECTS,NOT ON SCENE (DESK REPORT),INJURY AND / OR TOW DUE TO CRASH,,,,"OVER $1,500",2/26/2022 17:50,UNABLE TO DETERMINE,UNABLE TO DETERMINE,1907,S,CENTRAL PARK AVE,1024,,,,,,,1,INCAPACITATING INJURY,1,0,1,0,0,0,0,7,7,2,41.8541373,-87.71492453,POINT (-87.714924526999 41.854137298378)
98571bc28030acea1d673e675f1837d874e63671f7e9bbc41dd737ee78e14170b2cade2f937a97dad6bcc51a1ff03627fd56218ce1cc75981040df608eac3a6e,JF157219,,2/26/2022 22:51,30,STOP SIGN/FLASHER,FUNCTIONING PROPERLY,CLEAR,"DARKNESS, LIGHTED ROAD",ANGLE,T-INTERSECTION,,STRAIGHT AND LEVEL,DRY,NO DEFECTS,ON SCENE,INJURY AND / OR TOW DUE TO CRASH,Y,,,"OVER $1,500",2/26/2022 22:52,FAILING TO YIELD RIGHT-OF-WAY,NOT APPLICABLE,5132,N,MELVINA AVE,1622,,,,,,,2,NONINCAPACITATING INJURY,1,0,0,1,0,3,0,22,7,2,41.97468276,-87.78319228,POINT (-87.783192275489 41.97468275609)
989e575da68e786b47cafc2eed0ed890a97557f2baef521815b466dc2dfd0f4dbdf14fb380a817e1acf8fe66cd685d5f536410537a7f6c26cc415c69075930a0,JF157231,,2/26/2022 23:34,30,STOP SIGN/FLASHER,FUNCTIONING PROPERLY,CLEAR,"DARKNESS, LIGHTED ROAD",REAR END,DIVIDED - W/MEDIAN (NOT RAISED),,STRAIGHT AND LEVEL,DRY,NO DEFECTS,ON SCENE,NO INJURY / DRIVE AWAY,Y,,,"$501 - $1,500",2/26/2022 23:36,FOLLOWING TOO CLOSELY,DISTRACTION - FROM INSIDE VEHICLE,728,S,RACINE AVE,1231,,,,,,,2,NO INDICATION OF INJURY,0,0,0,0,0,2,0,23,7,2,41.87235021,-87.65696358,POINT (-87.656963577404 41.872350209821)
e1af0c8c9d46b24888adbe0b752320d2d99ec4dff28c4fb0470fcf44e179ef2db8f16bb9d2579ee98c0bf1145a1f1455514d8acc9f9c4fb10abe3a05b03a906d,JE145856,,2/17/2021 11:00,30,NO CONTROLS,NO CONTROLS,SNOW,DAYLIGHT,PARKED MOTOR VEHICLE,NOT DIVIDED,,STRAIGHT AND LEVEL,SNOW OR SLUSH,NO DEFECTS,,INJURY AND / OR TOW DUE TO CRASH,,,,"OVER $1,500",2/19/2021 13:00,UNABLE TO DETERMINE,UNABLE TO DETERMINE,6724,S,MAPLEWOOD AVE,832,,,,,,,2,NONINCAPACITATING INJURY,1,0,0,1,0,1,0,11,4,2,41.77119444,-87.68723712,POINT (-87.687237123209 41.77119444251)
e1c47870be73bd8b989f41a3880743e70fc6626c61ed9102f46a48cb1fd0314a538b56662ced89f2ec813fb15ba07a23375a90958da619ab75558275a8362fbd,JE414028,,10/18/2021 14:45,20,NO CONTROLS,NO CONTROLS,CLEAR,DAYLIGHT,TURNING,NOT DIVIDED,,STRAIGHT AND LEVEL,DRY,NO DEFECTS,,NO INJURY / DRIVE AWAY,,,N,"OVER $1,500",10/18/2021 15:40,FAILING TO YIELD RIGHT-OF-WAY,NOT APPLICABLE,6000,S,WESTERN AVE,825,,,,,,,2,NO INDICATION OF INJURY,0,0,0,0,0,2,0,14,2,10,41.78463932,-87.68393594,POINT (-87.683935940773 41.784639323944)
af1917ef5d8c061b19578b145d523ac14c14a28243f8a9efba385014931aeca8bc676446288bff37a8e8cd70df377d1c30a2a3e5759b890d4557aa4b69a88de5,JF149676,,2/19/2022 15:23,30,STOP SIGN/FLASHER,FUNCTIONING PROPERLY,CLEAR,DAYLIGHT,ANGLE,DIVIDED - W/MEDIAN (NOT RAISED),,STRAIGHT AND LEVEL,DRY,UNKNOWN,NOT ON SCENE (DESK REPORT),NO INJURY / DRIVE AWAY,,,,"OVER $1,500",2/19/2022 16:15,UNABLE TO DETERMINE,UNABLE TO DETERMINE,3531,N,MENARD AVE,1633,,,,,,,2,NO INDICATION OF INJURY,0,0,0,0,0,2,0,15,7,2,41.94495898,-87.77144911,POINT (-87.771449112617 41.944958980192)
98e239d6abbf816651ac661b7dab6e9678d9744f90df30ed2f73fb8d0a355adef9b4a182e967905c814e7bb5e31779bfa3b20ed62b80c79c3551070dc626e43a,JF157655,,2/26/2022 17:00,10,NO CONTROLS,NO CONTROLS,CLEAR,DUSK,SIDESWIPE OPPOSITE DIRECTION,ALLEY,,STRAIGHT AND LEVEL,UNKNOWN,UNKNOWN,NOT ON SCENE (DESK REPORT),NO INJURY / DRIVE AWAY,,,Y,"OVER $1,500",2/27/2022 13:00,IMPROPER OVERTAKING/PASSING,NOT APPLICABLE,3401,S,LOWE AVE,915,,,,,,,2,NO INDICATION OF INJURY,0,0,0,0,0,2,0,17,7,2,41.832453,-87.64234281,POINT (-87.642342810249 41.832452998433)
e32b341f059a19ae8ae21f2d1df0ebe6cfb2baa18d0fc809c3ea0e1f33494e447bc8c9ecf85e5c8c11bc91854081d8a148229951ab3f7216080d6d0393b78f3a,JF179149,,3/19/2022 10:00,25,DELINEATORS,FUNCTIONING PROPERLY,RAIN,DAYLIGHT,SIDESWIPE SAME DIRECTION,DIVIDED - W/MEDIAN BARRIER,,"CURVE, LEVEL",WET,NO DEFECTS,ON SCENE,INJURY AND / OR TOW DUE TO CRASH,,,,"OVER $1,500",3/19/2022 10:01,WEATHER,DRIVING SKILLS/KNOWLEDGE/EXPERIENCE,1001,N,LAKE SHORE DR NB,1824,,,,,,,2,NO INDICATION OF INJURY,0,0,0,0,0,2,0,10,7,3,41.90116542,-87.61958231,POINT (-87.619582305888 41.901165415908)
98ed32f853576eb3057f3fcabe2dae257b7004ab8c004093c907c0b6f53b2b51fcd0c05b150b00c66c2dfb51a905bfae6531b13109b9b9ea7d8c30a9cea0ecda,JF156710,,2/26/2022 12:55,15,NO CONTROLS,NO CONTROLS,CLEAR,DAYLIGHT,PARKED MOTOR VEHICLE,PARKING LOT,,STRAIGHT AND LEVEL,UNKNOWN,UNKNOWN,NOT ON SCENE (DESK REPORT),NO INJURY / DRIVE AWAY,,Y,,"OVER $1,500",2/26/2022 13:15,UNABLE TO DETERMINE,UNABLE TO DETERMINE,4650,W,NORTH AVE,2533,,,,,,,2,NO INDICATION OF INJURY,0,0,0,0,0,2,0,12,7,2,41.90976453,-87.7433763,POINT (-87.743376295706 41.909764527033)
e358b4e91fe7874e64d21378f26a98c8c300d9bff3d0a31622eabbb025b7e8ae261ebf3148951546ff5fc2a86acba6d78887eab1cc3bf39e456dc9d5e14f5dbf,JF179216,,3/19/2022 1:00,25,NO CONTROLS,NO CONTROLS,CLEAR,DARKNESS,OTHER OBJECT,DIVIDED - W/MEDIAN (NOT RAISED),,STRAIGHT AND LEVEL,WET,DEBRIS ON ROADWAY,NOT ON SCENE (DESK REPORT),NO INJURY / DRIVE AWAY,,,,"OVER $1,500",3/19/2022 11:15,UNABLE TO DETERMINE,UNABLE TO DETERMINE,3757,W,DEVON AVE,1711,,,,,,,1,NO INDICATION OF INJURY,0,0,0,0,0,1,0,1,7,3,41.99714846,-87.72386842,POINT (-87.72386841494 41.99714845719)
b000432455c0dad62b7acf1c147a4bf007354c053e58c4450570afe8b82193bb4a3a7a26c6a746f8bf544c5bd11b8af3a8f3f970135afa1f77c5b3ab0d9387ef,JF149181,,2/19/2022 4:02,30,NO CONTROLS,NO CONTROLS,CLEAR,"DARKNESS, LIGHTED ROAD",REAR END,NOT DIVIDED,,STRAIGHT AND LEVEL,DRY,NO DEFECTS,ON SCENE,INJURY AND / OR TOW DUE TO CRASH,,,,"OVER $1,500",2/19/2022 4:02,UNABLE TO DETERMINE,NOT APPLICABLE,2223,S,ARCHER AVE,914,,,,,,,3,NONINCAPACITATING INJURY,1,0,0,1,0,1,0,4,7,2,41.8523869,-87.63553133,POINT (-87.635531329095 41.8523868969)
e2aec8c0dc9edd02a36d03eee07ec461bcf25bb7af8c85eaf739a6de400553d58497355fd8467e6f8214edb4992466b10e60385cd374c6a3dc6f2dc144fa9540,JF187201,,3/25/2022 17:15,30,STOP SIGN/FLASHER,FUNCTIONING PROPERLY,CLEAR,DAYLIGHT,ANGLE,DIVIDED - W/MEDIAN (NOT RAISED),,STRAIGHT AND LEVEL,DRY,NO DEFECTS,NOT ON SCENE (DESK REPORT),NO INJURY / DRIVE AWAY,Y,,,"OVER $1,500",3/26/2022 12:20,FAILING TO YIELD RIGHT-OF-WAY,FAILING TO REDUCE SPEED TO AVOID CRASH,7330,W,ADDISON ST,1631,,,,,,,2,NO INDICATION OF INJURY,0,0,0,0,0,2,0,17,6,3,41.94530344,-87.81059761,POINT (-87.81059760932 41.945303441239)
e38f958c8d49b06558a58c6fc47653706b0888ad454c1848da929ac83437c3e22f07cce8f0520a4febcdb867d7c719882bf7e79d56bda812432a51a22aebf230,JF179475,,3/19/2022 14:00,30,NO CONTROLS,NO CONTROLS,RAIN,DAYLIGHT,SIDESWIPE OPPOSITE DIRECTION,NOT DIVIDED,,STRAIGHT AND LEVEL,WET,NO DEFECTS,NOT ON SCENE (DESK REPORT),NO INJURY / DRIVE AWAY,,,Y,$500 OR LESS,3/19/2022 16:00,IMPROPER OVERTAKING/PASSING,FAILING TO REDUCE SPEED TO AVOID CRASH,6358,W,SCHUBERT AVE,2512,,,,,,,2,NO INDICATION OF INJURY,0,0,0,0,0,3,0,14,7,3,41.929279,-87.78558638,POINT (-87.785586377591 41.929279000769)
e3c40bb47ce084f10eb02f06d63485bef52d8be0441781d3c662e05624e3123706b96d66aec468e99e1a766388c210a2c3749bfaad1de13e4ebe1a39f40b0a98,JF179725,,3/19/2022 19:35,30,NO CONTROLS,NO CONTROLS,RAIN,"DARKNESS, LIGHTED ROAD",SIDESWIPE SAME DIRECTION,ONE-WAY,,STRAIGHT AND LEVEL,WET,NO DEFECTS,NOT ON SCENE (DESK REPORT),INJURY AND / OR TOW DUE TO CRASH,,,,"$501 - $1,500",3/19/2022 19:45,IMPROPER LANE USAGE,NOT APPLICABLE,8300,S,STATE ST,632,Y,,,,,,2,"REPORTED, NOT EVIDENT",2,0,0,0,2,5,0,19,7,3,41.74356181,-87.6244758,POINT (-87.624475800517 41.743561807288)
dd668df110b7689021f7fb21c98dfaeba2c7b8686414ed8574389b5caf5fe575bcf127c3558ea5182a912aad05dc2e9b27d8056b7ebdb556f4072b955c1245aa,JF163754,,3/5/2022 1:10,30,NO CONTROLS,NO CONTROLS,CLEAR,"DARKNESS, LIGHTED ROAD",PARKED MOTOR VEHICLE,NOT DIVIDED,,STRAIGHT AND LEVEL,DRY,NO DEFECTS,ON SCENE,INJURY AND / OR TOW DUE TO CRASH,,,Y,"OVER $1,500",3/5/2022 1:10,UNABLE TO DETERMINE,UNABLE TO DETERMINE,6252,N,HOYNE AVE,2413,,,,,,,2,NO INDICATION OF INJURY,0,0,0,0,0,1,0,1,7,3,41.9957045,-87.68261042,POINT (-87.68261041532 41.995704499146)
e328e1a0db0380a4ead46286ee4db033d05bc0acee9064ab24071d08a1bd38b8aee66c40843b0bb75f343f535095039459faa344055795a45a9f1c342883c3e3,JF185814,,3/25/2022 7:50,30,NO CONTROLS,NO CONTROLS,CLEAR,DAYLIGHT,TURNING,NOT DIVIDED,,STRAIGHT AND LEVEL,DRY,NO DEFECTS,ON SCENE,NO INJURY / DRIVE AWAY,,,,"$501 - $1,500",3/25/2022 8:10,FAILING TO YIELD RIGHT-OF-WAY,UNABLE TO DETERMINE,3319,W,55TH ST,822,,,,,,,2,NO INDICATION OF INJURY,0,0,0,0,0,2,0,7,6,3,41.79335608,-87.70689074,POINT (-87.706890735464 41.793356081778)
e37ae099b9340fa80d85ab95dad22a47c36b4fe02bbe1d867cadb327476a9e6a19a41c3ff3d9ae27bf42d98a9c9f9db50a613dac300ce48398ba150f6cc8f54e,JF186413,Y,3/25/2022 14:00,30,TRAFFIC SIGNAL,FUNCTIONING PROPERLY,CLEAR,DAYLIGHT,REAR END,DIVIDED - W/MEDIAN (NOT RAISED),,STRAIGHT AND LEVEL,DRY,NO DEFECTS,NOT ON SCENE (DESK REPORT),NO INJURY / DRIVE AWAY,,,,"OVER $1,500",3/25/2022 16:20,UNABLE TO DETERMINE,UNABLE TO DETERMINE,1154,S,CLARK ST,123,,,,,,,2,NO INDICATION OF INJURY,0,0,0,0,0,2,0,14,6,3,41.86757102,-87.63058647,POINT (-87.630586473861 41.867571015433)
b11121104dfc6c2f1d8533b9c0bb6e50c27b4d52f7b51f402b84742ac78994a39d424dc0e7404faa843cf88272675ec9196f0103f7221e9cfd5692e2f82f2a2d,JF149368,,2/19/2022 10:25,30,NO CONTROLS,NO CONTROLS,CLEAR,DAYLIGHT,PARKED MOTOR VEHICLE,DIVIDED - W/MEDIAN (NOT RAISED),,STRAIGHT AND LEVEL,SNOW OR SLUSH,NO DEFECTS,ON SCENE,NO INJURY / DRIVE AWAY,,,Y,"OVER $1,500",2/19/2022 10:33,FAILING TO REDUCE SPEED TO AVOID CRASH,NOT APPLICABLE,2128,W,111TH ST,2212,,,,,,,2,NO INDICATION OF INJURY,0,0,0,0,0,1,0,10,7,2,41.69198203,-87.67515299,POINT (-87.675152993338 41.691982033922)
ddc451a7264b118d851b1e0f7d30156581798b5b1ad82429af5289d57256938dd8bd027df1ef91e1f05d12ed3f67a6c03173a060ad680a75cc0b2ebe5bde0be0,JF164072,,3/5/2022 8:30,30,NO CONTROLS,NO CONTROLS,CLEAR,UNKNOWN,PARKED MOTOR VEHICLE,NOT DIVIDED,,STRAIGHT AND LEVEL,DRY,NO DEFECTS,NOT ON SCENE (DESK REPORT),NO INJURY / DRIVE AWAY,,,Y,"OVER $1,500",3/5/2022 11:25,UNABLE TO DETERMINE,UNABLE TO DETERMINE,3052,S,LOOMIS ST,913,,,,,,,2,NO INDICATION OF INJURY,0,0,0,0,0,1,0,8,7,3,41.83841822,-87.65494776,POINT (-87.654947758117 41.838418223735)
dea77756de2f66af2f3613c904f0f3873091916b6eb5aa6a83f091e67091ae09d75b125f92434fb0e6027a5f6dc9178b1bf0fc21bcd1b2d2ec0fe7650b5c42b5,JF171996,,3/5/2022 23:45,30,STOP SIGN/FLASHER,FUNCTIONING PROPERLY,SNOW,"DARKNESS, LIGHTED ROAD",ANGLE,FOUR WAY,,STRAIGHT AND LEVEL,ICE,NO DEFECTS,NOT ON SCENE (DESK REPORT),INJURY AND / OR TOW DUE TO CRASH,Y,,,"OVER $1,500",3/12/2022 21:00,FAILING TO YIELD RIGHT-OF-WAY,WEATHER,2000,W,HURON ST,1221,,,,,,,2,NONINCAPACITATING INJURY,1,0,0,1,0,1,0,23,7,3,41.89420123,-87.67712628,POINT (-87.677126274841 41.894201228201)
debf072843cc9a72c69ca9c08b5d6ad0cb1d136b8bc33f61bc5debc70bc32b58672873db165ee68e5b69c516b560283feecc20f6a84708d48e1f57a41f04ee96,JF164623,,3/5/2022 21:14,30,NO CONTROLS,NO CONTROLS,CLEAR,DARKNESS,PARKED MOTOR VEHICLE,ONE-WAY,,STRAIGHT AND LEVEL,WET,NO DEFECTS,ON SCENE,INJURY AND / OR TOW DUE TO CRASH,,,,"OVER $1,500",3/5/2022 21:15,DISTRACTION - FROM OUTSIDE VEHICLE,UNABLE TO DETERMINE,7433,S,UNION AVE,732,,,,,,,3,NO INDICATION OF INJURY,0,0,0,0,0,1,0,21,7,3,41.75886986,-87.64166937,POINT (-87.64166936897 41.758869858591)
e57ca5f6cb7ac2e9d17630dd29d1c74948d0851650470176514e97dd4285a3038637e112cee9dea4a31e936bd0b78b075079853af066ed262afd379f1f212f60,,,4/3/2022 3:30,30,NO CONTROLS,NO CONTROLS,CLEAR,"DARKNESS, LIGHTED ROAD",PARKED MOTOR VEHICLE,NOT DIVIDED,,STRAIGHT AND LEVEL,WET,NO DEFECTS,ON SCENE,INJURY AND / OR TOW DUE TO CRASH,,,Y,"OVER $1,500",4/3/2022 3:30,UNABLE TO DETERMINE,UNABLE TO DETERMINE,915,N,AUSTIN BLVD,1511,,,,,,,2,NO INDICATION OF INJURY,0,0,0,0,0,1,0,3,1,4,41.89706067,-87.77506302,POINT (-87.775063014939 41.897060664846)
9a9cb088100e13cf75b6933bf4482a7b8ebf8770c88456ec7ab46913ef808e0f4d1daf9b233c191df75722b81445923b7841ac3516045a03bab9a064a73dc745,JF156663,,2/26/2022 12:05,30,TRAFFIC SIGNAL,FUNCTIONING PROPERLY,CLEAR,DAYLIGHT,REAR END,NOT DIVIDED,,STRAIGHT AND LEVEL,DRY,NO DEFECTS,ON SCENE,NO INJURY / DRIVE AWAY,Y,,Y,"OVER $1,500",2/26/2022 12:10,"VISION OBSCURED (SIGNS, TREE LIMBS, BUILDINGS, ETC.)",FAILING TO REDUCE SPEED TO AVOID CRASH,3832,N,PULASKI RD,1732,,,,,,,3,NO INDICATION OF INJURY,0,0,0,0,0,3,0,12,7,2,41.95097325,-87.72768004,POINT (-87.727680043649 41.950973247054)
e38d2c6340e26bc2b2ac11110dc813fdb602e7fa5166a969a49b61fb1bcf575c4edb721d19d1d1f0ebfa8b956583d358224505565a482b46bf04b571a95fc595,JF163493,,3/4/2022 18:23,30,NO CONTROLS,NO CONTROLS,CLEAR,"DARKNESS, LIGHTED ROAD",TURNING,DIVIDED - W/MEDIAN (NOT RAISED),,STRAIGHT AND LEVEL,DRY,NO DEFECTS,,NO INJURY / DRIVE AWAY,Y,,,"OVER $1,500",3/4/2022 18:45,FAILING TO YIELD RIGHT-OF-WAY,UNABLE TO DETERMINE,328,W,95TH ST,634,,,,,,,2,NO INDICATION OF INJURY,0,0,0,0,0,5,0,18,6,3,41.72171936,-87.63216214,POINT (-87.632162134729 41.721719358458)
e3cd06079c5b6d80b4b03dc2d8e6cc46656bb59337357f181781bc63fd21bcbda9b53c27b6770bc5894f9870c9d94d050a0ee02f94f56aeb3f12a21318c037c6,JD267531,,6/17/2020 23:08,30,NO CONTROLS,NO CONTROLS,CLEAR,DARKNESS,REAR TO FRONT,T-INTERSECTION,,STRAIGHT AND LEVEL,DRY,UNKNOWN,,INJURY AND / OR TOW DUE TO CRASH,,,Y,"OVER $1,500",6/17/2020 23:17,IMPROPER BACKING,UNABLE TO DETERMINE,1100,S,MOZART ST,1135,,,,,,,2,NONINCAPACITATING INJURY,2,0,0,1,1,1,0,23,4,6,41.86822697,-87.69731863,POINT (-87.697318627904 41.868226970397)
b2177dc3259d51c46fa97a9889edbff30c295d92ffc88b37ac14f4a0cf8e7c7a325208367e8b8d407d8da588fc5059422cd931e818a4bb3c1b0907c6ba457507,JF149967,,2/19/2022 21:30,35,NO CONTROLS,NO CONTROLS,CLEAR,DARKNESS,SIDESWIPE SAME DIRECTION,NOT DIVIDED,,STRAIGHT AND LEVEL,DRY,NO DEFECTS,NOT ON SCENE (DESK REPORT),NO INJURY / DRIVE AWAY,,,,"OVER $1,500",2/19/2022 21:40,FAILING TO YIELD RIGHT-OF-WAY,NOT APPLICABLE,2400,W,FULLERTON AVE,1431,,,,,,,2,NO INDICATION OF INJURY,0,0,0,0,0,2,0,21,7,2,41.92500994,-87.68770475,POINT (-87.687704752222 41.925009934765)
e679d7bc80fcc81ddbf18c9ddc8790fb38b7af84ab4b7fc51decf7032591427987cd56d8005c7f5b55da7145353661afca33b0141aa96607f59fd1f5b98a891c,JF178948,,3/19/2022 1:48,35,UNKNOWN,FUNCTIONING PROPERLY,RAIN,"DARKNESS, LIGHTED ROAD",FIXED OBJECT,DIVIDED - W/MEDIAN BARRIER,,STRAIGHT AND LEVEL,WET,NO DEFECTS,ON SCENE,INJURY AND / OR TOW DUE TO CRASH,,,,"OVER $1,500",3/19/2022 1:49,UNABLE TO DETERMINE,NOT APPLICABLE,6920,S,STONY ISLAND AVE,332,Y,Y,,,,,1,"REPORTED, NOT EVIDENT",1,0,0,0,1,1,0,1,7,3,41.76908328,-87.58643749,POINT (-87.586437487903 41.769083283449)
e3d111df8366fa33a5b47ea0b493dd8e2de89acee7a58ac014595cba507abf34e8bcbfa91ab73639d95178cfd7c5436ea8afbbb727f04faa86765495cbf4eb9d,JD412080,Y,10/26/2020 23:50,35,NO CONTROLS,UNKNOWN,CLEAR,"DARKNESS, LIGHTED ROAD",REAR TO SIDE,NOT DIVIDED,,STRAIGHT AND LEVEL,DRY,NO DEFECTS,,INJURY AND / OR TOW DUE TO CRASH,,,,"OVER $1,500",10/27/2020 0:39,UNABLE TO DETERMINE,UNABLE TO DETERMINE,7200,S,DR MARTIN LUTHER KING JR DR,323,,Y,,,,,2,NONINCAPACITATING INJURY,1,0,0,1,0,2,0,23,2,10,41.76379176,-87.61539362,POINT (-87.615393616365 41.763791761446)
e3e2374724e8786634cf2758ab19ee28d19d64c75a73da0930f6e73e88a0d8d4fb466a74c15c4e72000695d243e40c4d053a8a998c31fb093f0ddbb5540054a7,JE278116,,6/24/2021 14:22,30,STOP SIGN/FLASHER,FUNCTIONING PROPERLY,CLOUDY/OVERCAST,DAYLIGHT,TURNING,NOT DIVIDED,,STRAIGHT AND LEVEL,WET,NO DEFECTS,,INJURY AND / OR TOW DUE TO CRASH,Y,,Y,"$501 - $1,500",6/24/2021 15:33,IMPROPER TURNING/NO SIGNAL,NOT APPLICABLE,1571,W,OGDEN AVE,1224,,,,,,,2,NONINCAPACITATING INJURY,1,0,0,1,0,2,0,14,5,6,41.88136042,-87.66600527,POINT (-87.666005267829 41.881360414714)
df039d9eb48157ad472ae0e6f37c1ec850a6ad256c87a6b783694b787ee37fe6deb20bcbc81f2af9bee007ebc8f633a08cdefd15696e629f3f76cb71370e2675,JF164193,,3/5/2022 13:00,30,TRAFFIC SIGNAL,UNKNOWN,CLEAR,DAYLIGHT,REAR END,NOT DIVIDED,,STRAIGHT AND LEVEL,UNKNOWN,UNKNOWN,NOT ON SCENE (DESK REPORT),NO INJURY / DRIVE AWAY,,,,"OVER $1,500",3/5/2022 13:25,UNABLE TO DETERMINE,UNABLE TO DETERMINE,1959,N,CICERO AVE,2533,,,,,,,2,NO INDICATION OF INJURY,0,0,0,0,0,3,0,13,7,3,41.91684628,-87.74595841,POINT (-87.745958408388 41.916846275748)
e50e61b780aa2ee9fe21c06cc522d27ee69cc519196fe31aa3d8625e574d68e6b0d77dda1cdc8a7f5bd8a1a2fffeb317977c5b147e8d709afe398d6bd3970d11,JF186790,,3/25/2022 11:20,30,NO CONTROLS,NO CONTROLS,CLEAR,"DARKNESS, LIGHTED ROAD",FIXED OBJECT,NOT DIVIDED,,STRAIGHT AND LEVEL,DRY,NO DEFECTS,ON SCENE,INJURY AND / OR TOW DUE TO CRASH,,,,"OVER $1,500",3/25/2022 11:27,UNDER THE INFLUENCE OF ALCOHOL/DRUGS (USE WHEN ARREST IS EFFECTED),UNDER THE INFLUENCE OF ALCOHOL/DRUGS (USE WHEN ARREST IS EFFECTED),1335,W,CERMAK RD,1235,,,,,,,1,NO INDICATION OF INJURY,0,0,0,0,0,1,0,11,6,3,41.85232564,-87.6601068,POINT (-87.66010680145 41.852325635925)
b2feb3dcb62f4c3fb0199e913d9b61429c1599c5890ca998edf191a05b8c58de0a4aa61318842229945eec686ac690766c217a4c8a791edee87e5b1df71c8c1a,JF149390,,2/19/2022 10:45,30,STOP SIGN/FLASHER,FUNCTIONING PROPERLY,CLEAR,DAYLIGHT,REAR END,NOT DIVIDED,,STRAIGHT AND LEVEL,DRY,NO DEFECTS,NOT ON SCENE (DESK REPORT),NO INJURY / DRIVE AWAY,,,,"OVER $1,500",2/19/2022 11:05,FOLLOWING TOO CLOSELY,UNABLE TO DETERMINE,6340,W,BELMONT AVE,1633,,,,,,,2,NO INDICATION OF INJURY,0,0,0,0,0,4,0,10,7,2,41.93843963,-87.78510058,POINT (-87.78510058167 41.938439630354)