CRASH_RECORD_ID,RD_NO,CRASH_DATE_EST_I,CRASH_DATE,POSTED_SPEED_LIMIT,TRAFFIC_CONTROL_DEVICE,DEVICE_CONDITION,WEATHER_CONDITION,LIGHTING_CONDITION,FIRST_CRASH_TYPE,TRAFFICWAY_TYPE,LANE_CNT,ALIGNMENT,ROADWAY_SURFACE_COND,ROAD_DEFECT,REPORT_TYPE,CRASH_TYPE,INTERSECTION_RELATED_I,NOT_RIGHT_OF_WAY_I,HIT_AND_RUN_I,DAMAGE,DATE_POLICE_NOTIFIED,PRIM_CONTRIBUTORY_CAUSE,SEC_CONTRIBUTORY_CAUSE,STREET_NO,STREET_DIRECTION,STREET_NAME,BEAT_OF_OCCURRENCE,PHOTOS_TAKEN_I,STATEMENTS_TAKEN_I,DOORING_I,WORK_ZONE_I,WORK_ZONE_TYPE,WORKERS_PRESENT_I,NUM_UNITS,MOST_SEVERE_INJURY,INJURIES_TOTAL,INJURIES_FATAL,INJURIES_INCAPACITATING,INJURIES_NON_INCAPACITATING,INJURIES_REPORTED_NOT_EVIDENT,INJURIES_NO_INDICATION,INJURIES_UNKNOWN,CRASH_HOUR,CRASH_DAY_OF_WEEK,CRASH_MONTH,LATITUDE,LONGITUDE,LOCATION
e4b2c5082c6a6194a9b27b20caaac8609ee4044fddb8f1b3357cfe759eeca13fcee808827ff5306fbc456db46e3903e7bd1ebb787d25ca3d9fe40d73ffc6ceaf,JD387376,,10/3/2020 12:35,30,STOP SIGN/FLASHER,FUNCTIONING IMPROPERLY,CLEAR,DAYLIGHT,SIDESWIPE OPPOSITE DIRECTION,NOT DIVIDED,,STRAIGHT AND LEVEL,DRY,NO DEFECTS,,INJURY AND / OR TOW DUE TO CRASH,,,,"OVER $1,500",10/3/2020 13:47,UNABLE TO DETERMINE,UNABLE TO DETERMINE,1450,N,SEDGWICK ST,1821,,,,,,,2,"REPORTED, NOT EVIDENT",1,0,0,0,1,5,0,12,7,10,41.90904783,-87.63867506,POINT (-87.63867505634 41.909047834269)
e758ccd1fb62df29013c8280d7f1f4f10cf3bd85f4078ff4c16e73e86013c1464ae076c47ee3481ce69f6d2a63dc4f7543162a86b6e456563c1eb0dd2ea6310a,JF171853,,3/12/2022 18:00,30,TRAFFIC SIGNAL,UNKNOWN,CLEAR,DARKNESS,REAR END,FOUR WAY,,STRAIGHT AND LEVEL,DRY,UNKNOWN,,NO INJURY / DRIVE AWAY,Y,,Y,"$501 - $1,500",3/12/2022 18:20,UNABLE TO DETERMINE,NOT APPLICABLE,3400,W,FRANKLIN BLVD,1121,,,,,,,2,NO INDICATION OF INJURY,0,0,0,0,0,4,0,18,7,3,41.89012557,-87.71139622,POINT (-87.711396221469 41.890125574252)
e78f4ccdaa9c8132b9cd39196d72e270bd3e1e0d7b326d20205840f2eae68583fa335c22fddb3b6a2e90d746b3af7879924c5e5b0d78389201a38ed455067634,JF178987,,3/19/2022 3:00,30,NO CONTROLS,NO CONTROLS,CLEAR,"DARKNESS, LIGHTED ROAD",PARKED MOTOR VEHICLE,NOT DIVIDED,,STRAIGHT AND LEVEL,WET,NO DEFECTS,ON SCENE,NO INJURY / DRIVE AWAY,,,Y,"OVER $1,500",3/19/2022 3:24,UNABLE TO DETERMINE,UNABLE TO DETERMINE,2531,W,DIVISION ST,1211,,,,,,,2,NO INDICATION OF INJURY,0,0,0,0,0,1,0,3,7,3,41.90287112,-87.69078164,POINT (-87.690781643497 41.902871116187)
9c70d93509667e80b314fd067f940bc825e288ddb86172b755cde2a365759c411f832dc02c2d12258386c83107a538e61f50220c20226a9a40b4b15676664b3e,JF157074,,2/26/2022 19:00,25,NO CONTROLS,NO CONTROLS,CLEAR,"DARKNESS, LIGHTED ROAD",SIDESWIPE SAME DIRECTION,NOT DIVIDED,,STRAIGHT AND LEVEL,DRY,NO DEFECTS,ON SCENE,NO INJURY / DRIVE AWAY,,,,"$501 - $1,500",2/26/2022 19:04,IMPROPER LANE USAGE,NOT APPLICABLE,310,S,MAPLEWOOD CT,1125,,,,,,,2,NO INDICATION OF INJURY,0,0,0,0,0,2,0,19,7,2,41.87720063,-87.69070664,POINT (-87.690706643355 41.877200626949)
9cb5dd151260d4fe810121393d27934adcff997566a876531bafa6521b09973020606db7ee0b575fe4badcaab058f918adb9e84f4ba2b2075951b9b92169a636,JF159123,,2/26/2022 22:55,40,NO CONTROLS,NO CONTROLS,CLEAR,"DARKNESS, LIGHTED ROAD",SIDESWIPE SAME DIRECTION,DIVIDED - W/MEDIAN BARRIER,,STRAIGHT AND LEVEL,DRY,NO DEFECTS,NOT ON SCENE (DESK REPORT),NO INJURY / DRIVE AWAY,,,Y,"OVER $1,500",2/28/2022 19:45,UNABLE TO DETERMINE,UNABLE TO DETERMINE,4000,N,LAKE SHORE DR NB,1915,,,,,,,2,NO INDICATION OF INJURY,0,0,0,0,0,2,0,22,7,2,41.95468924,-87.64497464,POINT (-87.644974644209 41.954689241342)
dfd5b1bdd688b33c72137ee3650dba728eb248cd1073862bba844ccbf86db92e9a084839fd8581fb8bb3f377655de01ced08377fac761419b93135e3c5df29ea,JF164073,,3/5/2022 11:00,10,STOP SIGN/FLASHER,NO CONTROLS,CLEAR,DAYLIGHT,ANGLE,DIVIDED - W/MEDIAN (NOT RAISED),,STRAIGHT AND LEVEL,DRY,NO DEFECTS,NOT ON SCENE (DESK REPORT),NO INJURY / DRIVE AWAY,,,,"$501 - $1,500",3/5/2022 11:17,FAILING TO YIELD RIGHT-OF-WAY,NOT APPLICABLE,6420,W,FULLERTON AVE,2512,,,,,,,2,NO INDICATION OF INJURY,0,0,0,0,0,3,0,11,7,3,41.9237818,-87.78625367,POINT (-87.786253674433 41.92378179667)
e7fd9d088be69ec7b3f32dd15f9d097c88db27c801547b4effe32504a25df60b8c52436b73646fee10fe2312d6c9d2c64a906f8eb9bc195d6b1f4a82ebd373b7,JF179859,,3/19/2022 23:10,30,NO CONTROLS,NO CONTROLS,CLEAR,"DARKNESS, LIGHTED ROAD",PARKED MOTOR VEHICLE,NOT DIVIDED,,STRAIGHT AND LEVEL,WET,NO DEFECTS,ON SCENE,INJURY AND / OR TOW DUE TO CRASH,,,,"OVER $1,500",3/19/2022 23:12,IMPROPER LANE USAGE,UNABLE TO DETERMINE,40,N,HOYNE AVE,1223,,,,,,,3,NO INDICATION OF INJURY,0,0,0,0,0,1,0,23,7,3,41.88249063,-87.67925731,POINT (-87.679257310794 41.882490625565)
e5e77fda41c3a0102a1522ca0131d02e6c5c3b6d27da8ba809bfb4cd581589438b7a607fc42ae1ce516e572ef3f95bdd9038e15490ad080b89a235726976cea6,JF186311,,3/25/2022 13:50,30,NO CONTROLS,NO CONTROLS,CLEAR,DAYLIGHT,OTHER NONCOLLISION,PARKING LOT,,STRAIGHT AND LEVEL,WET,"RUT, HOLES",ON SCENE,NO INJURY / DRIVE AWAY,,,,"OVER $1,500",3/25/2022 14:00,NOT APPLICABLE,NOT APPLICABLE,7808,S,HALSTED ST,621,,,,,,,1,NO INDICATION OF INJURY,0,0,0,0,0,1,0,13,6,3,41.75213684,-87.64422891,POINT (-87.644228906559 41.752136837768)
9da5992061213af228633f63d76ed18e53a0fe9846820973d67579db2e93e1b122f7dbda3da19e2924f86e10a79fbaacff409737f83a93c64d371471c4a446a5,JF156310,,2/26/2022 1:26,30,NO CONTROLS,NO CONTROLS,CLEAR,"DARKNESS, LIGHTED ROAD",ANGLE,ONE-WAY,,STRAIGHT AND LEVEL,WET,UNKNOWN,ON SCENE,NO INJURY / DRIVE AWAY,Y,,,"$501 - $1,500",2/26/2022 1:29,FAILING TO YIELD RIGHT-OF-WAY,NOT APPLICABLE,8000,S,ADA ST,612,,,,,,,2,NO INDICATION OF INJURY,0,0,0,0,0,2,0,1,7,2,41.74853085,-87.65747114,POINT (-87.657471143793 41.748530850535)
e09d458e0148bd89b1b7d24b58d5696864f5273ca6b5a946ebe2f81940a12e6b263bf044472cb622076079ef4e856cea0176c919058054cc73b211e95213327b,JF167358,,3/5/2022 14:40,15,NO CONTROLS,NO CONTROLS,CLEAR,DAYLIGHT,REAR TO REAR,PARKING LOT,,STRAIGHT AND LEVEL,DRY,NO DEFECTS,NOT ON SCENE (DESK REPORT),NO INJURY / DRIVE AWAY,,Y,,"OVER $1,500",3/8/2022 14:40,IMPROPER BACKING,UNABLE TO DETERMINE,2206,W,GARFIELD BLVD,932,,,,,,,2,NO INDICATION OF INJURY,0,0,0,0,0,2,0,14,7,3,41.79396792,-87.67962081,POINT (-87.679620808658 41.79396792232)
e848516c714e1152b68b18d6026e24786ac89b2f1f2e0071f33210db55324ec4c559527329f2f3047366f8a5c0fc92709375a3312c74990cb0af626b2b01ed8f,JF179497,,3/19/2022 14:25,15,STOP SIGN/FLASHER,NO CONTROLS,RAIN,DAYLIGHT,PARKED MOTOR VEHICLE,ONE-WAY,,STRAIGHT AND LEVEL,WET,NO DEFECTS,ON SCENE,NO INJURY / DRIVE AWAY,,,Y,"OVER $1,500",3/19/2022 16:00,DRIVING ON WRONG SIDE/WRONG WAY,FAILING TO REDUCE SPEED TO AVOID CRASH,8204,S,AVALON AVE,411,,,,,,,2,NO INDICATION OF INJURY,0,0,0,0,0,1,0,14,7,3,41.7457136,-87.59428301,POINT (-87.594283013431 41.745713598527)
e0a9788e44a4a7c1cd8f503c4418df8bfa470ee157de76714f9a2faf9ddb8785aa64286233e952968c1c4e705314e0f4067237f9ece47f44b26f04d913938a79,JF165445,,3/5/2022 18:45,30,TRAFFIC SIGNAL,FUNCTIONING PROPERLY,CLEAR,"DARKNESS, LIGHTED ROAD",SIDESWIPE SAME DIRECTION,NOT DIVIDED,,STRAIGHT AND LEVEL,UNKNOWN,UNKNOWN,NOT ON SCENE (DESK REPORT),NO INJURY / DRIVE AWAY,,,,"$501 - $1,500",3/6/2022 18:25,UNABLE TO DETERMINE,UNABLE TO DETERMINE,654,N,MICHIGAN AVE,1834,,,,,,,2,NO INDICATION OF INJURY,0,0,0,0,0,2,0,18,7,3,41.89409532,-87.62438357,POINT (-87.624383570948 41.894095316065)
b463666d5be6b17f68e5c5d0be5500bea464c95e74d1f79be1904159c6bbd325adfc9e914f563c147eb88fe701f56ad280e180861c985654d8bbcb7f543726f3,JF149880,,2/19/2022 19:15,35,NO CONTROLS,NO CONTROLS,CLEAR,"DARKNESS, LIGHTED ROAD",TURNING,NOT DIVIDED,,STRAIGHT AND LEVEL,DRY,NO DEFECTS,ON SCENE,INJURY AND / OR TOW DUE TO CRASH,,,,"OVER $1,500",2/19/2022 19:16,FAILING TO YIELD RIGHT-OF-WAY,UNABLE TO DETERMINE,2906,W,63RD ST,823,,,,,,,2,NO INDICATION OF INJURY,0,0,0,0,0,2,0,19,7,2,41.7791858,-87.69614656,POINT (-87.69614656448 41.779185802468)
b4f1396577601f5bd679078bdbc9ac16a604016de0ab29749e3c3fcdc13c85e2dbd8fbed7af346c389d081d3db078a4048a41eb0c3bc3ec7473afddf4649160c,JF149348,N,2/19/2022 1:00,30,UNKNOWN,UNKNOWN,UNKNOWN,UNKNOWN,PARKED MOTOR VEHICLE,NOT DIVIDED,,STRAIGHT AND LEVEL,UNKNOWN,UNKNOWN,NOT ON SCENE (DESK REPORT),NO INJURY / DRIVE AWAY,,,Y,"OVER $1,500",2/19/2022 10:15,UNABLE TO DETERMINE,UNABLE TO DETERMINE,1935,W,CORTLAND ST,1434,,,,,,,2,NO INDICATION OF INJURY,0,0,0,0,0,1,0,1,7,2,41.91584992,-87.67650764,POINT (-87.676507637808 41.915849920572)
e72aa46142461c98d4df7baa4ede49990c1051899690b746f2714fc61ff6f781a9356d49c0670c7b1c708581a86709217031e89cca498a61e3cf4954f8391999,JF189481,,3/25/2022 13:30,30,NO CONTROLS,NO CONTROLS,CLEAR,DAYLIGHT,ANGLE,PARKING LOT,,STRAIGHT AND LEVEL,DRY,NO DEFECTS,NOT ON SCENE (DESK REPORT),NO INJURY / DRIVE AWAY,,,N,"$501 - $1,500",3/28/2022 16:20,UNABLE TO DETERMINE,UNABLE TO DETERMINE,13100,S,CORLISS AVE,533,,,,,,,2,NO INDICATION OF INJURY,0,0,0,0,0,2,0,13,6,3,41.65713022,-87.60248075,POINT (-87.602480752616 41.657130223648)
9eb385de99935fd761c6a7785627f26ceb6e5db8bb5d90493897b084feeca663d94753a6237c74c4767b1ea47abd07ab767e68de8dd3a80df2c53ee4f96c6902,JD301333,,7/18/2020 3:12,30,NO CONTROLS,NO CONTROLS,CLEAR,"DARKNESS, LIGHTED ROAD",PARKED MOTOR VEHICLE,NOT DIVIDED,,STRAIGHT AND LEVEL,DRY,UNKNOWN,,NO INJURY / DRIVE AWAY,,,,"OVER $1,500",7/18/2020 3:12,DISTRACTION - FROM OUTSIDE VEHICLE,NOT APPLICABLE,1823,S,KEELER AVE,1012,,,,,,,2,,,,,,,,,3,7,7,41.85625116,-87.72961703,POINT (-87.729617025793 41.856251160846)
e1c9bf09194b5e06e8fdc6ab01ec4db7b16ec9a97799d1217fb4621aad15d06661988396a8e95ebb4f7a366cc56e536a3eb7ccf628a2660ee6a5866b761957f4,JE141586,,2/14/2021 13:40,30,NO CONTROLS,NO CONTROLS,CLEAR,DAYLIGHT,PARKED MOTOR VEHICLE,PARKING LOT,,STRAIGHT AND LEVEL,SNOW OR SLUSH,NO DEFECTS,,NO INJURY / DRIVE AWAY,,,Y,"OVER $1,500",2/14/2021 15:02,UNABLE TO DETERMINE,NOT APPLICABLE,2101,W,CERMAK RD,1034,,,,,,,2,NO INDICATION OF INJURY,0,0,0,0,0,1,0,13,1,2,41.85202569,-87.67841224,POINT (-87.678412243343 41.852025691815)
e1cf7cdcbe3c936fe258be966cabc3079e9bf3231cb07f5071fcff73fc1d77d500cafa82ac6b15c119521e6ab3a8269105f98ed8c39c10207552dfc29282e527,JE276275,,6/22/2021 23:13,30,TRAFFIC SIGNAL,FUNCTIONING PROPERLY,CLEAR,"DARKNESS, LIGHTED ROAD",TURNING,NOT DIVIDED,,STRAIGHT AND LEVEL,DRY,NO DEFECTS,,INJURY AND / OR TOW DUE TO CRASH,,,Y,"OVER $1,500",6/23/2021 0:40,FAILING TO YIELD RIGHT-OF-WAY,UNABLE TO DETERMINE,1436,E,103RD ST,511,,,,,,,2,NONINCAPACITATING INJURY,2,0,0,2,0,1,0,23,3,6,41.70784496,-87.58893873,POINT (-87.588938725188 41.707844955085)
e1e341e9a1ee987b18a4e03477d7bc717b5485e7a4e6149d9c4fe421af88cff8eda4f87374dcad7a765dab84c7d950d492c188900aa434ee904e5ede494ee46c,JD286818,,7/5/2020 11:45,30,NO CONTROLS,NO CONTROLS,CLEAR,DAYLIGHT,PARKED MOTOR VEHICLE,NOT DIVIDED,,STRAIGHT AND LEVEL,DRY,NO DEFECTS,,NO INJURY / DRIVE AWAY,,,,"OVER $1,500",7/5/2020 12:15,"OPERATING VEHICLE IN ERRATIC, RECKLESS, CARELESS, NEGLIGENT OR AGGRESSIVE MANNER",NOT APPLICABLE,4915,W,WEST END AVE,1532,,,,,,,3,NO INDICATION OF INJURY,0,0,0,0,0,1,0,11,1,7,41.88298244,-87.74843094,POINT (-87.748430938289 41.882982435452)
e9529074e40c8e17e27c71ea0619cea2b3cf15df9d7cb50c53a9f66050c05970c043f52158726761ae6804096e08d9e7e4ae8ed6a0e0b8db157d10288b34b1a6,JF179100,,3/19/2022 9:30,30,TRAFFIC SIGNAL,FUNCTIONING PROPERLY,RAIN,DAYLIGHT,TURNING,FOUR WAY,,STRAIGHT AND LEVEL,WET,NO DEFECTS,ON SCENE,INJURY AND / OR TOW DUE TO CRASH,Y,,,"OVER $1,500",3/19/2022 9:40,PASSING STOPPED SCHOOL BUS,FAILING TO REDUCE SPEED TO AVOID CRASH,1000,N,KEDZIE AVE,1121,,,,,,,2,NO INDICATION OF INJURY,0,0,0,0,0,2,0,9,7,3,41.89923955,-87.70682298,POINT (-87.706822984456 41.899239551518)
b6861933abc16cbef57edae45b92f229f79d9c6e7a16d005927ce960f251761c0f27b8088bee263bd148253c786102518d492ae626b4248a907311ba23686015,JF149652,,2/19/2022 13:30,30,TRAFFIC SIGNAL,FUNCTIONING PROPERLY,CLEAR,DAYLIGHT,ANGLE,FOUR WAY,,STRAIGHT AND LEVEL,DRY,NO DEFECTS,NOT ON SCENE (DESK REPORT),INJURY AND / OR TOW DUE TO CRASH,Y,,,"OVER $1,500",2/19/2022 15:40,UNABLE TO DETERMINE,NOT APPLICABLE,5100,S,ASHLAND AVE,932,,,,,,,2,NO INDICATION OF INJURY,0,0,0,0,0,2,0,13,7,2,41.80122506,-87.66492096,POINT (-87.664920957694 41.801225060191)
9fc775c28ad662e21afcdefaf65636508c40845391ad78aceb4f3dd431c7b72d82142ab5c380d27c68bd41aa2821d64984a078ec0a9c08b0d008da32bb002d5b,JF157709,,2/26/2022 12:00,20,NO CONTROLS,NO CONTROLS,CLEAR,DAYLIGHT,PARKED MOTOR VEHICLE,ONE-WAY,,STRAIGHT AND LEVEL,DRY,NO DEFECTS,NOT ON SCENE (DESK REPORT),NO INJURY / DRIVE AWAY,,,Y,"OVER $1,500",2/27/2022 13:50,"OPERATING VEHICLE IN ERRATIC, RECKLESS, CARELESS, NEGLIGENT OR AGGRESSIVE MANNER",NOT APPLICABLE,8430,S,INGLESIDE AVE,632,,,,,,,2,NO INDICATION OF INJURY,0,0,0,0,0,1,0,12,7,2,41.74122732,-87.60145986,POINT (-87.601459856849 41.74122731523)
e9c603713e236cb88d6b39c10d0504525b2d2ffc59518215940e3434c5ff9a75147b28bef2a0d22c1c2ccaaab97e655379bc001b5e3b98683180e525c1089f91,JF179564,,3/19/2022 15:45,30,NO CONTROLS,NO CONTROLS,CLOUDY/OVERCAST,DAYLIGHT,REAR END,NOT DIVIDED,,STRAIGHT AND LEVEL,UNKNOWN,UNKNOWN,NOT ON SCENE (DESK REPORT),NO INJURY / DRIVE AWAY,,,Y,"OVER $1,500",3/19/2022 15:50,UNABLE TO DETERMINE,UNABLE TO DETERMINE,3008,N,LARAMIE AVE,2514,,,,,,,3,NO INDICATION OF INJURY,0,0,0,0,0,3,0,15,7,3,41.93532926,-87.75671444,POINT (-87.756714440221 41.935329263951)
b7af2e5634f0963c7a8374068bc9c9413b2738c85d97e8277427194bbed0af512b01709d4065ec262a7a9a1aaa73a84f22cd79a91bdb89f1bd1d2863666db0c0,JF153638,,2/19/2022 20:20,30,NO CONTROLS,NO CONTROLS,UNKNOWN,"DARKNESS, LIGHTED ROAD",TURNING,NOT DIVIDED,,STRAIGHT AND LEVEL,UNKNOWN,UNKNOWN,NOT ON SCENE (DESK REPORT),NO INJURY / DRIVE AWAY,,,Y,"OVER $1,500",2/23/2022 14:30,IMPROPER TURNING/NO SIGNAL,NOT APPLICABLE,2525,S,DR MARTIN LUTHER KING JR DR,133,,,,,,,2,NO INDICATION OF INJURY,0,0,0,0,0,2,0,20,7,2,41.84676661,-87.61717578,POINT (-87.61717577755 41.846766610919)
473381612f659055a10b2b6e5700466f96e33b9be86bb778d91a9e61ad8640f397b97f243c1f9fc3e53132dabd0fdd7e02f3f9697957307cd16144a9cfbc75f2,JD360132,,9/7/2020 23:52,30,NO CONTROLS,NO CONTROLS,CLEAR,"DARKNESS, LIGHTED ROAD",PARKED MOTOR VEHICLE,NOT DIVIDED,,STRAIGHT AND LEVEL,DRY,NO DEFECTS,,INJURY AND / OR TOW DUE TO CRASH,,,,"OVER $1,500",9/8/2020 0:02,UNABLE TO DETERMINE,NOT APPLICABLE,4910,W,JACKSON BLVD,1533,,,,,,,4,NO INDICATION OF INJURY,0,0,0,0,0,1,0,23,2,9,41.87686023,-87.74781932,POINT (-87.747819320162 41.876860230468)
e844d71ee6559267b8e274fe785927362c75499dcf216c6480f5a5b9783aa5dcce49f19fcd5cba07629d5f091cf25c47f9c008f5e5f8019d31adbf5dff089857,JE355672,,8/30/2021 16:10,25,TRAFFIC SIGNAL,FUNCTIONING PROPERLY,CLEAR,DAYLIGHT,SIDESWIPE SAME DIRECTION,FOUR WAY,,STRAIGHT AND LEVEL,DRY,NO DEFECTS,,NO INJURY / DRIVE AWAY,,,Y,"OVER $1,500",8/30/2021 17:30,IMPROPER OVERTAKING/PASSING,NOT APPLICABLE,7111,S,WESTERN AVE,832,,,,,,,2,NO INDICATION OF INJURY,0,0,0,0,0,3,0,16,2,8,41.76433012,-87.68308688,POINT (-87.683086878632 41.764330122272)
a072cdcebc96b05a30fb90e8e9eccd2f4b6d8179573b5c80ada262452217c2de29535a394359dd625a209b8e81992c470f78687d0f9fb3b72ff29c75e29583ae,JF156355,,2/26/2022 2:58,30,TRAFFIC SIGNAL,FUNCTIONING PROPERLY,CLEAR,"DARKNESS, LIGHTED ROAD",ANGLE,FOUR WAY,,STRAIGHT AND LEVEL,DRY,NO DEFECTS,ON SCENE,INJURY AND / OR TOW DUE TO CRASH,Y,,,"OVER $1,500",2/26/2022 2:58,UNDER THE INFLUENCE OF ALCOHOL/DRUGS (USE WHEN ARREST IS EFFECTED),FAILING TO REDUCE SPEED TO AVOID CRASH,1200,W,HARRISON ST,1231,,,,,,,2,NONINCAPACITATING INJURY,1,0,0,1,0,1,0,2,7,2,41.87438864,-87.65695889,POINT (-87.656958888781 41.8743886435)
b8d39a035ad002a1ef9ea158f2dbc43603817ae632b61e47a46c3037891cd19fbeb7cff1232020ed5a79ee6b30c5211a40d39fcba2e54b873e721a0e41843742,JF149450,,2/19/2022 10:42,20,NO CONTROLS,NO CONTROLS,CLEAR,DAYLIGHT,REAR TO REAR,PARKING LOT,,STRAIGHT AND LEVEL,UNKNOWN,UNKNOWN,NOT ON SCENE (DESK REPORT),NO INJURY / DRIVE AWAY,,,,"OVER $1,500",2/19/2022 12:15,IMPROPER BACKING,IMPROPER BACKING,1801,W,TOUHY AVE,2424,,,,,,,2,NO INDICATION OF INJURY,0,0,0,0,0,2,0,10,7,2,42.01250598,-87.67578395,POINT (-87.675783947526 42.012505976871)
e9bc2c9e759231a089ded0a38949d7f31c8a1b9e7d2403db70c11c5a7b7f8932b1226dea3c58af3201dbb73d148add6a382bad0a29cfc80d18007c54bd27a2d5,JF186328,,3/25/2022 14:29,30,TRAFFIC SIGNAL,FUNCTIONING PROPERLY,CLEAR,DAYLIGHT,ANGLE,NOT DIVIDED,,STRAIGHT AND LEVEL,DRY,NO DEFECTS,NOT ON SCENE (DESK REPORT),INJURY AND / OR TOW DUE TO CRASH,Y,,Y,"OVER $1,500",3/25/2022 14:32,DISREGARDING OTHER TRAFFIC SIGNS,UNABLE TO DETERMINE,7100,S,DORCHESTER AVE,324,,,,N,,,2,INCAPACITATING INJURY,1,0,1,0,0,1,0,14,6,3,41.76596774,-87.59113893,POINT (-87.591138932125 41.76596773958)
ec005528c0c17a9768b8ed87e5c7f1f95d13c0f5b83534ea3466ac216492c7fcec33d4a5d2c28a0fc1a7c7ed5f8274e1feae7398355b8118e4dfce7d7245d43e,JF179706,,3/19/2022 19:04,30,TRAFFIC SIGNAL,FUNCTIONING PROPERLY,RAIN,"DARKNESS, LIGHTED ROAD",REAR END,NOT DIVIDED,,STRAIGHT AND LEVEL,WET,UNKNOWN,ON SCENE,NO INJURY / DRIVE AWAY,,,,"OVER $1,500",3/19/2022 19:15,UNABLE TO DETERMINE,NOT APPLICABLE,5354,W,BELMONT AVE,1634,,,,,,,2,NO INDICATION OF INJURY,0,0,0,0,0,3,0,19,7,3,41.93875053,-87.76132244,POINT (-87.761322435533 41.938750529563)
e9d70bb8b304638264e8a814e6053ad49507bc7e87e8634fbed6340a31b1cfe9d18bbfd04229fba5d85d054ea5dd3c1f079b83dbfadc209a36627d8f818acc3a,JF185748,,3/25/2022 1:00,30,NO CONTROLS,NO CONTROLS,CLEAR,"DARKNESS, LIGHTED ROAD",PARKED MOTOR VEHICLE,NOT DIVIDED,,STRAIGHT AND LEVEL,DRY,NO DEFECTS,NOT ON SCENE (DESK REPORT),NO INJURY / DRIVE AWAY,,,Y,"OVER $1,500",3/25/2022 6:30,UNABLE TO DETERMINE,NOT APPLICABLE,2623,W,DIVERSEY AVE,1411,,,,,,,2,NO INDICATION OF INJURY,0,0,0,0,0,1,0,1,6,3,41.93201948,-87.6936345,POINT (-87.693634494673 41.932019475071)
e9576eff74b1877e725293e5dbc87ce1eeac42f560c325b3a5cb1190747c8ca63d86909bde2ff616e746c7a4f58b60002b2f22875745a2e2ded03f6a4d083ace,JD159057,,2/20/2020 8:40,30,TRAFFIC SIGNAL,FUNCTIONING PROPERLY,CLEAR,DAYLIGHT,REAR END,NOT DIVIDED,,STRAIGHT AND LEVEL,DRY,NO DEFECTS,,NO INJURY / DRIVE AWAY,,,,"$501 - $1,500",2/20/2020 19:10,FOLLOWING TOO CLOSELY,NOT APPLICABLE,4800,W,NORTH AVE,2533,,,,,,,2,NO INDICATION OF INJURY,0,0,0,0,0,2,0,8,5,2,41.90973389,-87.74624497,POINT (-87.746244972959 41.909733890131)
ea1a51026bd0c49506b352689dbf7ac6250b8e481dbb16837c97343524cfd1b4de716a82bc2999488a1b339346bd58b33e3eb8a30a75ed06ac0ee1fd49522a7d,JF185753,,3/25/2022 6:00,30,NO CONTROLS,NO CONTROLS,CLEAR,DAYLIGHT,PARKED MOTOR VEHICLE,DIVIDED - W/MEDIAN (NOT RAISED),,STRAIGHT AND LEVEL,WET,NO DEFECTS,ON SCENE,NO INJURY / DRIVE AWAY,,,Y,"OVER $1,500",3/25/2022 6:30,UNABLE TO DETERMINE,NOT APPLICABLE,6250,N,CALIFORNIA AVE,2413,,,,,,,3,NO INDICATION OF INJURY,0,0,0,0,0,1,0,6,6,3,41.99545535,-87.69971295,POINT (-87.699712948707 41.995455351827)
ecc7e2da8bed63af620441edecfb7a396a0e7ea0cc40d4317aab9fe942ec60c1adf2282345917ee49401754695a7fab5b319823b8edff0da9ce464b066d5699c,JF179197,,3/19/2022 10:20,35,NO CONTROLS,FUNCTIONING IMPROPERLY,RAIN,DAWN,PARKED MOTOR VEHICLE,DIVIDED - W/MEDIAN (NOT RAISED),,STRAIGHT AND LEVEL,WET,NO DEFECTS,ON SCENE,INJURY AND / OR TOW DUE TO CRASH,,,,"OVER $1,500",3/19/2022 10:22,PHYSICAL CONDITION OF DRIVER,NOT APPLICABLE,10620,S,WESTERN AVE,2211,,,,,,,6,NONINCAPACITATING INJURY,1,0,0,1,0,0,0,10,7,3,41.70024495,-87.68157132,POINT (-87.681571322802 41.700244947125)
ed1524d3138f0b120d5cb02ee41097761279d7d73735b0cca8de1ff59c2a8acecfb4b042d810a9cc619fa593ccaeb82c6e333ddb14ea888e7b65fc86be288fb4,JF179642,,3/19/2022 17:45,35,STOP SIGN/FLASHER,NO CONTROLS,RAIN,DAYLIGHT,TURNING,NOT DIVIDED,,STRAIGHT AND LEVEL,WET,UNKNOWN,ON SCENE,NO INJURY / DRIVE AWAY,Y,,Y,"OVER $1,500",3/19/2022 18:07,FAILING TO YIELD RIGHT-OF-WAY,IMPROPER TURNING/NO SIGNAL,1236,S,HOMAN AVE,1021,,,,,,,2,NO INDICATION OF INJURY,0,0,0,0,0,2,0,17,7,3,41.86525173,-87.71065749,POINT (-87.710657488656 41.865251732258)