CRASH_RECORD_ID,RD_NO,CRASH_DATE_EST_I,CRASH_DATE,POSTED_SPEED_LIMIT,TRAFFIC_CONTROL_DEVICE,DEVICE_CONDITION,WEATHER_CONDITION,LIGHTING_CONDITION,FIRST_CRASH_TYPE,TRAFFICWAY_TYPE,LANE_CNT,ALIGNMENT,ROADWAY_SURFACE_COND,ROAD_DEFECT,REPORT_TYPE,CRASH_TYPE,INTERSECTION_RELATED_I,NOT_RIGHT_OF_WAY_I,HIT_AND_RUN_I,DAMAGE,DATE_POLICE_NOTIFIED,PRIM_CONTRIBUTORY_CAUSE,SEC_CONTRIBUTORY_CAUSE,STREET_NO,STREET_DIRECTION,STREET_NAME,BEAT_OF_OCCURRENCE,PHOTOS_TAKEN_I,STATEMENTS_TAKEN_I,DOORING_I,WORK_ZONE_I,WORK_ZONE_TYPE,WORKERS_PRESENT_I,NUM_UNITS,MOST_SEVERE_INJURY,INJURIES_TOTAL,INJURIES_FATAL,INJURIES_INCAPACITATING,INJURIES_NON_INCAPACITATING,INJURIES_REPORTED_NOT_EVIDENT,INJURIES_NO_INDICATION,INJURIES_UNKNOWN,CRASH_HOUR,CRASH_DAY_OF_WEEK,CRASH_MONTH,LATITUDE,LONGITUDE,LOCATION
a178f7c0c542912dee8d390682e926bd920e505b9d22aa0dfb05b3ee6f2ff43c5c378879762de6ce3117647bf7500f6df816536fd908bb3a96b75ecfd954c4a3,JD164382,,2/25/2020 12:30,35,TRAFFIC SIGNAL,FUNCTIONING PROPERLY,CLOUDY/OVERCAST,DAYLIGHT,REAR TO REAR,NOT DIVIDED,,STRAIGHT AND LEVEL,DRY,NO DEFECTS,,NO INJURY / DRIVE AWAY,,,,"OVER $1,500",2/25/2020 14:11,IMPROPER BACKING,UNABLE TO DETERMINE,136,W,HUBBARD ST,1831,,,,,,,2,NO INDICATION OF INJURY,0,0,0,0,0,2,0,12,3,2,41.89011469,-87.63247738,POINT (-87.632477377664 41.890114693809)
e44fbbef13e50c40eaf0cb05227f3cefb0ec6a5482de3da2b17d83e56ddd4bbd414bda28f1ce2c14ea8469e867db99f1501df74b1ee65c6a608edb10b6b03215,JE157973,,3/3/2021 13:11,30,TRAFFIC SIGNAL,FUNCTIONING PROPERLY,CLEAR,DAYLIGHT,SIDESWIPE SAME DIRECTION,NOT DIVIDED,,STRAIGHT AND LEVEL,DRY,UNKNOWN,,NO INJURY / DRIVE AWAY,Y,,,"OVER $1,500",3/3/2021 14:00,UNABLE TO DETERMINE,UNABLE TO DETERMINE,826,N,MICHIGAN AVE,1833,,,,,,,3,NO INDICATION OF INJURY,0,0,0,0,0,3,0,13,4,3,41.89754673,-87.62428019,POINT (-87.624280186844 41.897546725131)
e453d965dd9c4d0a350927c9e84b96e468de6d05ad77d5f7664247231d38f9df92a5211d27aca23fe61a47f57a0961ac7095a9d7d13aafac43ec9ae630208bd7,JD332128,,8/14/2020 13:02,30,TRAFFIC SIGNAL,FUNCTIONING PROPERLY,CLEAR,DAYLIGHT,ANGLE,NOT DIVIDED,,STRAIGHT AND LEVEL,DRY,NO DEFECTS,,INJURY AND / OR TOW DUE TO CRASH,Y,,,"OVER $1,500",8/14/2020 13:02,DISREGARDING OTHER TRAFFIC SIGNS,NOT APPLICABLE,10,W,PERSHING RD,213,,,,,,,5,NONINCAPACITATING INJURY,6,0,0,6,0,2,0,13,6,8,41.82381881,-87.62686564,POINT (-87.626865635237 41.823818813695)
e467da8df0f02cdda2053ee60c37c6c282da35feaf03a85060791776965448eb023878289d19a4bc800e1925344fefcaa78b75079fa91faa2399c66181e278a8,JE303578,,7/16/2021 14:05,30,NO CONTROLS,NO CONTROLS,CLEAR,DAYLIGHT,PEDESTRIAN,ONE-WAY,,STRAIGHT AND LEVEL,DRY,NO DEFECTS,,INJURY AND / OR TOW DUE TO CRASH,,,N,"$501 - $1,500",7/16/2021 15:35,"VISION OBSCURED (SIGNS, TREE LIMBS, BUILDINGS, ETC.)",DISTRACTION - FROM INSIDE VEHICLE,6510,S,KENNETH AVE,833,,,,,,,2,NONINCAPACITATING INJURY,1,0,0,1,0,4,0,14,6,7,41.77451203,-87.73377915,POINT (-87.73377914978 41.774512032549)
bb3505bfa6359ba233b956b9751f10aa303ff2729b99edc56a93494f3f91ca19677d248e6443cfc23951562353670c22e48be90e8f7f7e668646f25198d38f32,JF149739,,2/19/2022 17:18,30,NO CONTROLS,NO CONTROLS,CLEAR,DAYLIGHT,REAR END,NOT DIVIDED,,STRAIGHT AND LEVEL,DRY,NO DEFECTS,NOT ON SCENE (DESK REPORT),NO INJURY / DRIVE AWAY,,,,"OVER $1,500",2/19/2022 17:18,DRIVING SKILLS/KNOWLEDGE/EXPERIENCE,NOT APPLICABLE,5014,W,CHICAGO AVE,1531,,,,,,,2,NO INDICATION OF INJURY,0,0,0,0,0,2,0,17,7,2,41.89506959,-87.75131999,POINT (-87.751319993974 41.895069588483)
ebd442b8eb770f19387789d580640b2baa802d467b941770f031c2ac05c75753a39385c76a6e19ec13c26e83156f51737a813cfe5ea6722ca4cf7766f4618c11,JF189735,N,3/25/2022 19:00,30,NO CONTROLS,NO CONTROLS,CLEAR,DAYLIGHT,PARKED MOTOR VEHICLE,NOT DIVIDED,,STRAIGHT AND LEVEL,DRY,NO DEFECTS,NOT ON SCENE (DESK REPORT),NO INJURY / DRIVE AWAY,,,,"OVER $1,500",3/28/2022 20:45,UNABLE TO DETERMINE,UNABLE TO DETERMINE,322,W,101ST PL,511,,,,,,,2,NO INDICATION OF INJURY,0,0,0,0,0,1,0,19,6,3,41.7099139,-87.63170181,POINT (-87.631701807991 41.709913896011)
a28436716c4b7cc023ee50c783a9a1dc4a5668a6602983328e4efeb70fa857cb2d6a9ae7d17999c929594d5dcfa1c61e473491ad39d2ffde2f6e210305413ba5,JF157041,,2/26/2022 18:00,30,STOP SIGN/FLASHER,FUNCTIONING PROPERLY,CLEAR,"DARKNESS, LIGHTED ROAD",TURNING,FOUR WAY,,STRAIGHT AND LEVEL,DRY,NO DEFECTS,ON SCENE,INJURY AND / OR TOW DUE TO CRASH,Y,,Y,"OVER $1,500",2/26/2022 18:02,DISREGARDING STOP SIGN,FAILING TO YIELD RIGHT-OF-WAY,8799,S,HALSTED ST,2223,,,,,,,2,NO INDICATION OF INJURY,0,0,0,0,0,3,0,18,7,2,41.73439337,-87.64342412,POINT (-87.643424123981 41.734393365956)
a309299de735a2bb2b62673d1c37b78dc9e0883d0f0934e47123a1bd9a5095e1cba07ccc6bb074fc2b6e72145f85b728082c2dd90e3909ed66e744a736a689ab,JF156365,,2/26/2022 3:20,30,TRAFFIC SIGNAL,FUNCTIONING PROPERLY,CLEAR,"DARKNESS, LIGHTED ROAD",SIDESWIPE SAME DIRECTION,NOT DIVIDED,,STRAIGHT AND LEVEL,DRY,NO DEFECTS,ON SCENE,NO INJURY / DRIVE AWAY,,,,"OVER $1,500",2/26/2022 3:20,IMPROPER LANE USAGE,NOT APPLICABLE,3230,W,ADDISON ST,1733,,,,,,,2,NO INDICATION OF INJURY,0,0,0,0,0,2,0,3,7,2,41.94673324,-87.70879357,POINT (-87.708793567892 41.946733240155)
e56fd606352c71d8aa8c8a169d4562f09c9042dd7125ef1a0e675b861e3530dfe295a04c6b8a21443710d1fa92e26b617c68f18ae3e33cd2ccf5ff6009fa9dc8,JF164492,,3/5/2022 18:12,30,TRAFFIC SIGNAL,FUNCTIONING PROPERLY,CLEAR,"DARKNESS, LIGHTED ROAD",ANGLE,FOUR WAY,,STRAIGHT AND LEVEL,DRY,NO DEFECTS,ON SCENE,INJURY AND / OR TOW DUE TO CRASH,Y,,,"OVER $1,500",3/5/2022 18:15,FAILING TO YIELD RIGHT-OF-WAY,NOT APPLICABLE,1,S,LARAMIE AVE,1533,,,,,,,2,"REPORTED, NOT EVIDENT",1,0,0,0,1,2,0,18,7,3,41.88032481,-87.7549184,POINT (-87.754918396312 41.880324805598)
a39628801cb890068cf5387e82a0064fcdfdcec0b6e4f729f25b18832103bb33bef6b17b8b61590e70ea97bf3395f3b12fc4dd8f32ae0eb4ef8013fe97052f5b,JF156689,,2/26/2022 12:10,30,TRAFFIC SIGNAL,FUNCTIONING PROPERLY,CLEAR,DAYLIGHT,REAR END,DIVIDED - W/MEDIAN (NOT RAISED),,STRAIGHT AND LEVEL,DRY,NO DEFECTS,ON SCENE,NO INJURY / DRIVE AWAY,,,Y,"OVER $1,500",2/26/2022 12:43,UNABLE TO DETERMINE,UNABLE TO DETERMINE,6650,S,CALIFORNIA AVE,831,,,,,,,2,NO INDICATION OF INJURY,0,0,0,0,0,2,0,12,7,2,41.77213802,-87.69335944,POINT (-87.693359443683 41.772138023485)
bb639319f829e56069621a22165eb2d372741982609ab67fcca29d4ddee9c49e1143d4af79613193f130a2b16cbdda713367b16150d6e8ff093010c9bcb19e55,JF149287,,2/19/2022 8:27,30,TRAFFIC SIGNAL,UNKNOWN,CLEAR,DAYLIGHT,REAR END,FOUR WAY,,STRAIGHT AND LEVEL,DRY,UNKNOWN,ON SCENE,INJURY AND / OR TOW DUE TO CRASH,Y,,,"OVER $1,500",2/19/2022 8:35,FOLLOWING TOO CLOSELY,UNABLE TO DETERMINE,3100,S,INDIANA AVE,211,,,,,,,2,NONINCAPACITATING INJURY,1,0,0,1,0,1,0,8,7,2,41.83826938,-87.62207423,POINT (-87.622074231675 41.838269381428)
ecb0ebe722191ae73342e7c32382def7146cb85ab3a665f5a5544dedd9303588725750496595860088032b19ed94d7e7e526329a3054356157194f95fb5ef7bd,JF186200,,3/25/2022 13:17,30,NO CONTROLS,NO CONTROLS,CLOUDY/OVERCAST,DAYLIGHT,ANGLE,NOT DIVIDED,,STRAIGHT AND LEVEL,WET,NO DEFECTS,ON SCENE,NO INJURY / DRIVE AWAY,,,,"OVER $1,500",3/25/2022 13:18,FAILING TO YIELD RIGHT-OF-WAY,UNABLE TO DETERMINE,741,W,31ST ST,915,,,,,,,2,NO INDICATION OF INJURY,0,0,0,0,0,3,0,13,6,3,41.83794567,-87.64545983,POINT (-87.645459827304 41.837945672974)
bbf32b54b20da2e56d9b0557031764b9b864c71373ab7b754ff6da2401592f985d56fa5e4da348f5aa3100c6b90d7bf621738a1d6f13c528438d3b38606f13bb,JF149657,,2/19/2022 15:30,30,NO CONTROLS,NO CONTROLS,CLEAR,DAYLIGHT,SIDESWIPE SAME DIRECTION,NOT DIVIDED,,STRAIGHT AND LEVEL,DRY,NO DEFECTS,NOT ON SCENE (DESK REPORT),NO INJURY / DRIVE AWAY,,,Y,"$501 - $1,500",2/19/2022 15:55,FAILING TO YIELD RIGHT-OF-WAY,NOT APPLICABLE,5000,W,CHICAGO AVE,1531,,,,,,,2,NO INDICATION OF INJURY,0,0,0,0,0,2,0,15,7,2,41.89507338,-87.75076924,POINT (-87.750769238914 41.895073381022)
bc69044660c2c7702e9c504f4fc45d2caa45b8dcc8caa810e77ab7b39b107ac530a577182f814e69b85258446cc125792d097b4108240f9b9e6d54aa272a31d6,JF149951,,2/19/2022 20:40,30,NO CONTROLS,NO CONTROLS,CLEAR,DARKNESS,SIDESWIPE SAME DIRECTION,NOT DIVIDED,,STRAIGHT AND LEVEL,WET,NO DEFECTS,NOT ON SCENE (DESK REPORT),NO INJURY / DRIVE AWAY,,,,"$501 - $1,500",2/19/2022 21:20,NOT APPLICABLE,NOT APPLICABLE,4700,S,PULASKI RD,815,,,,,,,2,NO INDICATION OF INJURY,0,0,0,0,0,2,0,20,7,2,41.80778877,-87.72373033,POINT (-87.72373033158 41.807788769095)
bd247e7cc99df1310012ecdb046fa352e048569f04d07ef6ba44872027ddd96f1c1576832a2217a410c28c484f8c5ec9f3fc9f7f216ca809684bf4c40d72bb02,JF149559,,2/19/2022 11:20,30,NO CONTROLS,NO CONTROLS,CLEAR,DAYLIGHT,PARKED MOTOR VEHICLE,NOT DIVIDED,,STRAIGHT AND LEVEL,DRY,NO DEFECTS,NOT ON SCENE (DESK REPORT),NO INJURY / DRIVE AWAY,,,Y,"$501 - $1,500",2/19/2022 14:13,NOT APPLICABLE,NOT APPLICABLE,5121,S,LOCKWOOD AVE,814,,,,,,,2,NO INDICATION OF INJURY,0,0,0,0,0,1,0,11,7,2,41.79949435,-87.75501478,POINT (-87.755014780013 41.799494352651)
e62fdd36d3e86dac771baf7ce5ed1e5ab613b3c0d2f693ae51a598c0ee38b7514a132425e102969257c4fcaef19c3cccc54201e9795ea9c8e8af5da603ed08df,JE318901,,7/29/2021 17:30,15,NO CONTROLS,NO CONTROLS,CLEAR,DAYLIGHT,ANGLE,ALLEY,,STRAIGHT AND LEVEL,DRY,NO DEFECTS,,NO INJURY / DRIVE AWAY,,,,"OVER $1,500",7/29/2021 17:55,UNABLE TO DETERMINE,UNABLE TO DETERMINE,4599,N,OAKLEY AVE,1911,,,,,,,2,NO INDICATION OF INJURY,0,0,0,0,0,2,0,17,5,7,41.96482149,-87.68621204,POINT (-87.686212042707 41.964821485399)
bdc940b28dd88b8e6f98ba601f522d4adc22664765fdb6562aa37d171d4521094e0dd28edbb196ae6f02b956b2db23fc2f90e91f77d08a8ec40c09423f882e07,JF149903,,2/19/2022 20:00,30,TRAFFIC SIGNAL,FUNCTIONING PROPERLY,CLEAR,"DARKNESS, LIGHTED ROAD",TURNING,NOT DIVIDED,,STRAIGHT AND LEVEL,DRY,NO DEFECTS,NOT ON SCENE (DESK REPORT),NO INJURY / DRIVE AWAY,Y,,,"OVER $1,500",2/19/2022 20:30,FOLLOWING TOO CLOSELY,NOT APPLICABLE,2,W,CHICAGO AVE,1832,,,,,,,2,NO INDICATION OF INJURY,0,0,0,0,0,2,0,20,7,2,41.89678605,-87.62828088,POINT (-87.62828087456 41.896786050908)
a558e8dfcc8a0d4774a5b93951ec4fd102fdfe94970bc7139a072ec2d8da8ab2a6b322c2d725075d02c7e64d4cc91689b4f362aae5255da3a6204f47ffcf1379,JF156481,,2/26/2022 8:24,30,NO CONTROLS,NO CONTROLS,CLEAR,DAYLIGHT,REAR END,NOT DIVIDED,,STRAIGHT AND LEVEL,ICE,NO DEFECTS,ON SCENE,INJURY AND / OR TOW DUE TO CRASH,,,,"OVER $1,500",2/26/2022 8:26,UNABLE TO DETERMINE,UNABLE TO DETERMINE,705,S,HOMAN AVE,1134,,,,,,,3,NONINCAPACITATING INJURY,1,0,0,1,0,1,0,8,7,2,41.87254613,-87.7105984,POINT (-87.710598396758 41.872546127022)
a578be0f7717248fe21ca49cac1793717924926fda1c8c2e50bf40dd4a1dbbe1b4551bb835e35ce9fb5584dfc1f041b343a896ec05ace5dad9f5e4ba34b45e44,JF156688,,2/26/2022 12:24,35,TRAFFIC SIGNAL,FUNCTIONING PROPERLY,CLEAR,DAYLIGHT,REAR END,NOT DIVIDED,,STRAIGHT AND LEVEL,WET,UNKNOWN,ON SCENE,INJURY AND / OR TOW DUE TO CRASH,,,,$500 OR LESS,2/26/2022 12:24,FOLLOWING TOO CLOSELY,FAILING TO REDUCE SPEED TO AVOID CRASH,100,W,43RD ST,213,,,,,,,2,NO INDICATION OF INJURY,0,0,0,0,0,2,0,12,7,2,41.81656714,-87.62862095,POINT (-87.628620945201 41.816567140193)
e79d8f079064d8f194e670d718168e9aad8bd46c44dc3e3a6b9edee6b54f5fad42bff4495132554d57293a5e01d67b5ab16ae24d5536ba2230484aac0a50f4bf,JF164112,Y,3/5/2022 1:30,30,NO CONTROLS,NO CONTROLS,CLEAR,UNKNOWN,PARKED MOTOR VEHICLE,PARKING LOT,,STRAIGHT AND LEVEL,DRY,NO DEFECTS,NOT ON SCENE (DESK REPORT),NO INJURY / DRIVE AWAY,,,Y,"$501 - $1,500",3/5/2022 11:50,UNABLE TO DETERMINE,UNABLE TO DETERMINE,5304,S,CORNELL AVE,234,,,,,,,2,NO INDICATION OF INJURY,0,0,0,0,0,1,0,1,7,3,41.79940568,-87.58566113,POINT (-87.585661131292 41.799405681876)
eed87752668253181b7adb099cf23b8b5e3a0a16e3c073369241e9015c19b6b2c6670851bbd191389588cf436757c664f46f4fbf7cf9396659b7c1c6fe7913dc,JF186508,,3/25/2022 17:15,30,TRAFFIC SIGNAL,FUNCTIONING PROPERLY,CLEAR,DAYLIGHT,REAR END,DIVIDED - W/MEDIAN BARRIER,,STRAIGHT AND LEVEL,WET,NO DEFECTS,ON SCENE,NO INJURY / DRIVE AWAY,,,,"OVER $1,500",3/25/2022 17:15,UNABLE TO DETERMINE,UNABLE TO DETERMINE,11900,S,HALSTED ST,524,,,,,,,3,NO INDICATION OF INJURY,0,0,0,0,0,3,0,17,6,3,41.67772083,-87.64205185,POINT (-87.642051844982 41.677720829248)
e7b46c59f146d62b4ca34d9db28e0142e3f5d5a833d608b067b64b581b85c304b11bff0d90de28c118c487c03d44e5f7a0c7114edfb075c9db014e6ce1994ee0,JF164715,,3/5/2022 23:30,35,TRAFFIC SIGNAL,OTHER,RAIN,"DARKNESS, LIGHTED ROAD",REAR END,NOT DIVIDED,,STRAIGHT AND LEVEL,WET,NO DEFECTS,NOT ON SCENE (DESK REPORT),NO INJURY / DRIVE AWAY,Y,,Y,"$501 - $1,500",3/6/2022 0:30,UNABLE TO DETERMINE,UNABLE TO DETERMINE,132,E,CERMAK RD,132,,,,,,,3,NO INDICATION OF INJURY,0,0,0,0,0,3,0,23,7,3,41.85299674,-87.62238816,POINT (-87.622388163098 41.852996738875)
eff78a74f808709812185d54e7219af16d1c9a1ab4798fc6aa42b8e70577bb92d94e8c4b9631f97c1bea7fcb77ed928c4feab4e7a0be2cd75b3208b00e98e985,JF179252,,3/19/2022 11:20,30,NO CONTROLS,NO CONTROLS,RAIN,DAYLIGHT,PARKED MOTOR VEHICLE,NOT DIVIDED,,STRAIGHT AND LEVEL,WET,NO DEFECTS,ON SCENE,NO INJURY / DRIVE AWAY,,,Y,"OVER $1,500",3/19/2022 11:25,UNABLE TO DETERMINE,NOT APPLICABLE,7117,W,ARMITAGE AVE,2513,,,,,,,2,NO INDICATION OF INJURY,0,0,0,0,0,1,0,11,7,3,41.91611299,-87.80309039,POINT (-87.803090384992 41.916112984647)
eff8c67c2e432976c6b1e59063233f14371fbdae1bd702600a0d549fe52bbe677693c9ddbb2dca5ae293f3f52ea8300faffd192ed272f67fd3462bd05d7e7fb3,JF179503,,3/19/2022 15:55,30,NO CONTROLS,NO CONTROLS,RAIN,DAYLIGHT,ANGLE,DIVIDED - W/MEDIAN (NOT RAISED),,STRAIGHT AND LEVEL,WET,NO DEFECTS,ON SCENE,NO INJURY / DRIVE AWAY,N,,,"OVER $1,500",3/19/2022 16:05,FAILING TO YIELD RIGHT-OF-WAY,WEATHER,714,N,ASHLAND AVE,1215,,,,N,,,2,NO INDICATION OF INJURY,0,0,0,0,0,2,0,15,7,3,41.89477077,-87.66740035,POINT (-87.66740034689 41.894770769134)
bfdb518708f53c927ae6cf982021892de512c132624a432eda2448ac7ce606e525faab9f5b07ee8fa2a595e2a089e4d1d0f82f3bee1111a5e623b6cf52126190,JF149797,,2/19/2022 17:30,30,NO CONTROLS,NO CONTROLS,CLEAR,"DARKNESS, LIGHTED ROAD",PARKED MOTOR VEHICLE,OTHER,,STRAIGHT AND LEVEL,DRY,NO DEFECTS,NOT ON SCENE (DESK REPORT),NO INJURY / DRIVE AWAY,,,Y,"OVER $1,500",2/19/2022 18:15,UNABLE TO DETERMINE,NOT APPLICABLE,7218,S,CAMPBELL AVE,832,,,,,,,2,NO INDICATION OF INJURY,0,0,0,0,0,1,0,17,7,2,41.76223133,-87.68576767,POINT (-87.685767667649 41.76223132788)
efad728b53e8213de07df1e6c516e5f34487aa3cd3d26c349fe362b9454c6b1de7c5d3b9731cd912d51bb384adca26bb390bac67898765c0d1b4dbaf594c7dc6,JD144014,,2/7/2020 20:23,30,TRAFFIC SIGNAL,FUNCTIONING PROPERLY,CLEAR,"DARKNESS, LIGHTED ROAD",REAR END,NOT DIVIDED,,STRAIGHT AND LEVEL,UNKNOWN,UNKNOWN,,NO INJURY / DRIVE AWAY,,,,"$501 - $1,500",2/7/2020 21:07,UNABLE TO DETERMINE,UNABLE TO DETERMINE,815,S,AUSTIN BLVD,1513,,,,,,,2,NO INDICATION OF INJURY,0,0,0,0,0,3,0,20,6,2,,,
f135911ad2fece8d03ba2b8ffc46f6e6fa9310a18fda8ec7319d22ac2fd3e3bb509af6f4abdcd9dda0fb3c9f87cc91f8823038779bfe8c52a3440dafef8a5ecd,JF179144,,3/19/2022 9:24,30,UNKNOWN,UNKNOWN,FREEZING RAIN/DRIZZLE,DAYLIGHT,ANGLE,ALLEY,,STRAIGHT AND LEVEL,WET,NO DEFECTS,ON SCENE,NO INJURY / DRIVE AWAY,,,,"OVER $1,500",3/19/2022 9:24,FAILING TO YIELD RIGHT-OF-WAY,NOT APPLICABLE,117,E,47TH ST,224,,,,,,,2,NO INDICATION OF INJURY,0,0,0,0,0,3,0,9,7,3,41.80918985,-87.62202104,POINT (-87.6220210406 41.809189854122)
e968f8f88f80a40c02c23d4abae0cd8648bbaff49a73a5a0a5ad0fb0ef1ee80eda946905dfe5c878a83fe9ff35047dccab91b50f49896a6da1614bde825132e4,JF164018,,3/5/2022 10:15,30,NO CONTROLS,NO CONTROLS,CLEAR,DAYLIGHT,ANGLE,ALLEY,,STRAIGHT AND LEVEL,DRY,NO DEFECTS,ON SCENE,INJURY AND / OR TOW DUE TO CRASH,,,,$500 OR LESS,3/5/2022 10:22,FAILING TO YIELD RIGHT-OF-WAY,NOT APPLICABLE,3344,W,23RD ST,1024,,,,,,,2,NO INDICATION OF INJURY,0,0,0,0,0,2,0,10,7,3,41.85000836,-87.70942218,POINT (-87.709422175201 41.85000836289)
c19dc54b43928e99ea8bffcc6a3d4486132877093ad7b6765d0886e17132ef5cbabed013993696fffeaa23327a15d32b9f4cb0203ec951a05ba0740b82cfff8d,JF149144,,2/19/2022 1:50,30,NO CONTROLS,NO CONTROLS,CLEAR,"DARKNESS, LIGHTED ROAD",TURNING,DIVIDED - W/MEDIAN (NOT RAISED),,STRAIGHT AND LEVEL,WET,NO DEFECTS,ON SCENE,INJURY AND / OR TOW DUE TO CRASH,,,Y,"OVER $1,500",2/19/2022 1:54,UNABLE TO DETERMINE,UNABLE TO DETERMINE,6800,S,ASHLAND AVE,725,,,,,,,2,"REPORTED, NOT EVIDENT",2,0,0,0,2,1,0,1,7,2,41.77027876,-87.66411243,POINT (-87.664112432605 41.770278756122)
e9aab32edf0bb9255616e6594e8caad912e990d6fb9598df3ef2334d4903d385c6e0ff8442f9d1e31d453291aec26846b4f526a35f536d63ab5c4f13fe6b24e4,JF164076,,3/5/2022 11:35,15,NO CONTROLS,NO CONTROLS,CLEAR,DAYLIGHT,ANGLE,ONE-WAY,,STRAIGHT AND LEVEL,DRY,NO DEFECTS,ON SCENE,INJURY AND / OR TOW DUE TO CRASH,,,,"OVER $1,500",3/5/2022 11:45,DISREGARDING STOP SIGN,DISREGARDING STOP SIGN,4400,S,MICHIGAN AVE,215,,,,,,,2,NO INDICATION OF INJURY,0,0,0,0,0,2,0,11,7,3,41.81464323,-87.62312673,POINT (-87.62312673403 41.814643225671)
c1f5bc25162af1070c0768fa6faa0029090cd0156ed2629bf17698698b439ab7bd96c2704fe1c25385859f196cae8cdc6e35331f2f016f4ad704ae256cc40686,JF149756,,2/19/2022 16:53,30,NO CONTROLS,NO CONTROLS,CLEAR,DAYLIGHT,PARKED MOTOR VEHICLE,ONE-WAY,,STRAIGHT AND LEVEL,UNKNOWN,UNKNOWN,NOT ON SCENE (DESK REPORT),NO INJURY / DRIVE AWAY,,,,"OVER $1,500",2/19/2022 17:00,UNABLE TO DETERMINE,UNABLE TO DETERMINE,6355,N,CLAREMONT AVE,2413,,,,,,,2,NO INDICATION OF INJURY,0,0,0,0,0,2,0,16,7,2,41.99754903,-87.68850932,POINT (-87.688509318041 41.997549027604)
e9d02e95e8436697ec49dd3a7e8c07e0064a8dfbd81489a647d46399df3e6b4b43334b17492103c0c3eeb11aa48590326f531f3c15a5950564b091a562b6cc4e,JF164270,,3/5/2022 14:30,30,NO CONTROLS,NO CONTROLS,CLEAR,DAYLIGHT,PARKED MOTOR VEHICLE,NOT DIVIDED,,STRAIGHT AND LEVEL,DRY,NO DEFECTS,NOT ON SCENE (DESK REPORT),NO INJURY / DRIVE AWAY,,,Y,"$501 - $1,500",3/5/2022 15:00,NOT APPLICABLE,NOT APPLICABLE,5911,W,ALTGELD ST,2515,,,,,,,2,NO INDICATION OF INJURY,0,0,0,0,0,1,0,14,7,3,41.92557498,-87.77386105,POINT (-87.773861046886 41.925574983901)
f1a56e499efc377e1de8b8d95c2e600627fe22bcf02d6535af8a97761d36c6576d70f180098c1b56393ab83c7f60411d70b1d9434bc47fb8776a122e9e252abf,JF185903,,3/25/2022 9:00,30,NO CONTROLS,NO CONTROLS,CLEAR,DAYLIGHT,REAR END,DIVIDED - W/MEDIAN (NOT RAISED),,STRAIGHT AND LEVEL,WET,UNKNOWN,NOT ON SCENE (DESK REPORT),NO INJURY / DRIVE AWAY,,,,"$501 - $1,500",3/25/2022 9:45,DRIVING SKILLS/KNOWLEDGE/EXPERIENCE,DRIVING SKILLS/KNOWLEDGE/EXPERIENCE,7001,S,STONY ISLAND AVE,332,,,,,,,2,NO INDICATION OF INJURY,0,0,0,0,0,2,0,9,6,3,41.76779762,-87.58581992,POINT (-87.585819918232 41.767797623038)
c2305675e603b5a8a4fd9fdebda101622ca1276559706dd1f11de5e70734fc52539270ea6de9d7a570524e359853877719fd7b50adec1b716cf414f3c7cddf83,JF149672,,2/19/2022 15:30,30,NO CONTROLS,NO CONTROLS,CLEAR,DAYLIGHT,REAR END,NOT DIVIDED,,STRAIGHT AND LEVEL,DRY,NO DEFECTS,NOT ON SCENE (DESK REPORT),NO INJURY / DRIVE AWAY,,,,"OVER $1,500",2/19/2022 16:00,UNABLE TO DETERMINE,NOT APPLICABLE,7200,N,HARLEM AVE,1611,,,,,,,2,NO INDICATION OF INJURY,0,0,0,0,0,2,0,15,7,2,42.01180469,-87.80678441,POINT (-87.806784406171 42.011804686336)
c30a34e041739862066e8ef0e1037b7847c7d32fc31f74991ea763c89bcb34b9ea654b7191a938ee87bde519e10e2ce8ca3a5cfe6670b46f61b2f511e8581a32,JF150040,,2/19/2022 23:45,30,NO CONTROLS,FUNCTIONING PROPERLY,CLEAR,"DARKNESS, LIGHTED ROAD",REAR END,NOT DIVIDED,,STRAIGHT AND LEVEL,DRY,NO DEFECTS,ON SCENE,NO INJURY / DRIVE AWAY,,,Y,"OVER $1,500",2/20/2022 0:10,UNABLE TO DETERMINE,UNABLE TO DETERMINE,908,N,HALSTED ST,1822,,,,,,,2,NO INDICATION OF INJURY,0,0,0,0,0,4,0,23,7,2,41.89924951,-87.64803292,POINT (-87.648032917484 41.899249510576)
4ccebc4bb824e3e8ffb0c6f075671c616fd533c40ba309c8a0d17a2e02496748f33e1fb44764471f7cec6929db704170a958d934e93332584943e5754de16f6f,JC459695,,10/4/2019 11:55,35,TRAFFIC SIGNAL,FUNCTIONING PROPERLY,CLOUDY/OVERCAST,DAWN,REAR END,CENTER TURN LANE,,STRAIGHT AND LEVEL,DRY,NO DEFECTS,,NO INJURY / DRIVE AWAY,,,,"OVER $1,500",10/4/2019 11:55,UNABLE TO DETERMINE,UNABLE TO DETERMINE,7974,S,SOUTH CHICAGO AVE,414,,,,,,,2,NO INDICATION OF INJURY,0,0,0,0,0,2,0,11,6,10,41.74975554,-87.58337102,POINT (-87.583371016797 41.749755544425)
f2398b70c2458198454160572bda8c7355b2a564055b988e12ec0fbcc8be71c50688b69c4560ffd4a3ae00a5a83866447d528666638e0658cb7ae84756a2a491,JD444145,,11/28/2020 15:05,30,TRAFFIC SIGNAL,FUNCTIONING PROPERLY,CLEAR,DUSK,REAR END,FOUR WAY,,STRAIGHT AND LEVEL,DRY,NO DEFECTS,,INJURY AND / OR TOW DUE TO CRASH,Y,,,"OVER $1,500",11/28/2020 15:07,FAILING TO REDUCE SPEED TO AVOID CRASH,IMPROPER LANE USAGE,607,E,87TH ST,632,,,,,,,4,NONINCAPACITATING INJURY,2,0,0,2,0,3,0,15,7,11,41.73647635,-87.6093726,POINT (-87.609372595633 41.73647634853)