CRASH_RECORD_ID,RD_NO,CRASH_DATE_EST_I,CRASH_DATE,POSTED_SPEED_LIMIT,TRAFFIC_CONTROL_DEVICE,DEVICE_CONDITION,WEATHER_CONDITION,LIGHTING_CONDITION,FIRST_CRASH_TYPE,TRAFFICWAY_TYPE,LANE_CNT,ALIGNMENT,ROADWAY_SURFACE_COND,ROAD_DEFECT,REPORT_TYPE,CRASH_TYPE,INTERSECTION_RELATED_I,NOT_RIGHT_OF_WAY_I,HIT_AND_RUN_I,DAMAGE,DATE_POLICE_NOTIFIED,PRIM_CONTRIBUTORY_CAUSE,SEC_CONTRIBUTORY_CAUSE,STREET_NO,STREET_DIRECTION,STREET_NAME,BEAT_OF_OCCURRENCE,PHOTOS_TAKEN_I,STATEMENTS_TAKEN_I,DOORING_I,WORK_ZONE_I,WORK_ZONE_TYPE,WORKERS_PRESENT_I,NUM_UNITS,MOST_SEVERE_INJURY,INJURIES_TOTAL,INJURIES_FATAL,INJURIES_INCAPACITATING,INJURIES_NON_INCAPACITATING,INJURIES_REPORTED_NOT_EVIDENT,INJURIES_NO_INDICATION,INJURIES_UNKNOWN,CRASH_HOUR,CRASH_DAY_OF_WEEK,CRASH_MONTH,LATITUDE,LONGITUDE,LOCATION
f285b2fd239aaaf9534d2d581b5a1238a1b250e47f73d7b8fb3d427d26c5f996d2d1d87c4aa9d7a7604a4ea33b16fa854a8e49accb2063080fe4ff01b6e415dd,JD275797,,6/25/2020 13:00,35,TRAFFIC SIGNAL,FUNCTIONING PROPERLY,CLEAR,DAYLIGHT,REAR END,NOT DIVIDED,,STRAIGHT AND LEVEL,DRY,NO DEFECTS,,NO INJURY / DRIVE AWAY,,,,"OVER $1,500",6/25/2020 13:25,NOT APPLICABLE,NOT APPLICABLE,5900,S,PULASKI RD,813,,,,,,,2,NO INDICATION OF INJURY,0,0,0,0,0,2,0,13,5,6,41.78588849,-87.72310659,POINT (-87.72310659145 41.785888494434)
eaa9d2b17fcc8e7eb3cfe823e5db82a84a550946bbc12ccf9349ab69cd7ed9d90f2b4cfee14e75689a6bd45905429d74889c73ef92405fe7746216ff29024a05,JF163865,,3/5/2022 6:05,30,TRAFFIC SIGNAL,FUNCTIONING PROPERLY,CLEAR,DAWN,TURNING,DIVIDED - W/MEDIAN (NOT RAISED),,STRAIGHT AND LEVEL,DRY,NO DEFECTS,ON SCENE,INJURY AND / OR TOW DUE TO CRASH,Y,,,"OVER $1,500",3/5/2022 6:45,IMPROPER OVERTAKING/PASSING,PHYSICAL CONDITION OF DRIVER,5600,W,63RD ST,812,,Y,,,,,2,NO INDICATION OF INJURY,0,0,0,0,0,2,0,6,7,3,41.77816187,-87.76178022,POINT (-87.76178022166 41.778161873405)
c349eac69d356d057a7a59d70fecea81d4e820043bc0b26b388446662235b1c95b3abb6424eb0912d7efb9d59b60fa3e044029de1da245e21d235dc410517bf5,JF149277,Y,2/19/2022 8:30,30,NO CONTROLS,NO CONTROLS,CLEAR,UNKNOWN,PARKED MOTOR VEHICLE,ONE-WAY,,STRAIGHT AND LEVEL,SNOW OR SLUSH,UNKNOWN,ON SCENE,NO INJURY / DRIVE AWAY,,,Y,"OVER $1,500",2/19/2022 8:40,DRIVING SKILLS/KNOWLEDGE/EXPERIENCE,DRIVING SKILLS/KNOWLEDGE/EXPERIENCE,2841,S,CHRISTIANA AVE,1032,,,,,,,3,NO INDICATION OF INJURY,0,0,0,0,0,1,0,8,7,2,41.8395953,-87.70840896,POINT (-87.708408954588 41.839595297244)
aad30fbeb1fb29066bb3d220dc97bc172d07093d6cbb530e68f10934dd35db923aa154e5749351675039713d3530c04b9ec29698a66c7bc12db2fb1c21ac54ac,JF157720,,2/26/2022 17:45,25,NO CONTROLS,NO CONTROLS,RAIN,DAYLIGHT,PARKED MOTOR VEHICLE,PARKING LOT,,STRAIGHT AND LEVEL,DRY,NO DEFECTS,NOT ON SCENE (DESK REPORT),NO INJURY / DRIVE AWAY,,,Y,"$501 - $1,500",2/27/2022 14:02,NOT APPLICABLE,NOT APPLICABLE,11700,S,MARSHFIELD AVE,2234,,,,,,,2,NO INDICATION OF INJURY,0,0,0,0,0,3,0,17,7,2,41.68127524,-87.66261735,POINT (-87.662617348136 41.681275239495)
ab3a685ad3862bda9f18b76bb8478f311ca39efb02960bcfb6c6c868c181e5806425c3864b61af5cf574c13006da0c1f7bd8318379af0b3e7a25dc60fe0f8db6,JF156657,,2/26/2022 11:10,30,NO CONTROLS,NO CONTROLS,CLEAR,DAYLIGHT,REAR END,NOT DIVIDED,,STRAIGHT AND LEVEL,DRY,NO DEFECTS,NOT ON SCENE (DESK REPORT),NO INJURY / DRIVE AWAY,,,,"$501 - $1,500",2/26/2022 12:20,UNABLE TO DETERMINE,UNABLE TO DETERMINE,2659,S,EMERALD AVE,914,,,,,,,2,NO INDICATION OF INJURY,0,0,0,0,0,2,0,11,7,2,41.84435714,-87.64506688,POINT (-87.645066881577 41.844357141795)
f2b85e9a48f7bb1dbeb3df421de50bf045387d0a70d124ffa1af5040884d76ec5157c1b6d86e128629ec181ffc6e847c48969227d36762191c398a1fe6665c7d,JF179417,,3/19/2022 14:21,30,NO CONTROLS,NO CONTROLS,RAIN,DAYLIGHT,PARKED MOTOR VEHICLE,NOT DIVIDED,,STRAIGHT AND LEVEL,WET,NO DEFECTS,ON SCENE,INJURY AND / OR TOW DUE TO CRASH,,,,"OVER $1,500",3/19/2022 14:22,PHYSICAL CONDITION OF DRIVER,UNABLE TO DETERMINE,5957,N,ELSTON AVE,1622,,Y,,,,,4,NONINCAPACITATING INJURY,1,0,0,1,0,0,0,14,7,3,41.98966892,-87.77706861,POINT (-87.77706861008 41.989668924273)
f2d80a2457a11378779b754ff2a2c2ca6c9675d4c612988a1e9760ea70d763b9c5794607e4451ee66cadac2b238f9e259db1bbbd2e9589b5c644b415035c31c4,JF179574,,3/19/2022 16:30,30,TRAFFIC SIGNAL,FUNCTIONING PROPERLY,RAIN,DAYLIGHT,REAR END,NOT DIVIDED,,STRAIGHT AND LEVEL,WET,NO DEFECTS,NOT ON SCENE (DESK REPORT),NO INJURY / DRIVE AWAY,,,,"$501 - $1,500",3/19/2022 17:00,FOLLOWING TOO CLOSELY,NOT APPLICABLE,2800,N,CLARK ST,1934,,,,,,,2,NO INDICATION OF INJURY,0,0,0,0,0,2,0,16,7,3,41.9328287,-87.64508035,POINT (-87.645080351015 41.932828699843)
4d21a2134dd511a854bf5ae612f9165d92e780986c36553a3bcd911a36e2d0e4e117c10010eeb81f2c67d25ed30762697995f895114a5c4485712390d12b2b65,JD209714,,4/15/2020 16:58,20,NO CONTROLS,NO CONTROLS,CLEAR,DAYLIGHT,PARKED MOTOR VEHICLE,ONE-WAY,,STRAIGHT AND LEVEL,DRY,NO DEFECTS,,INJURY AND / OR TOW DUE TO CRASH,,,,"OVER $1,500",4/15/2020 17:10,NOT APPLICABLE,NOT APPLICABLE,830,N,LAMON AVE,1531,,,,,,,3,INCAPACITATING INJURY,1,0,1,0,0,3,0,16,4,4,41.89588291,-87.74842535,POINT (-87.748425348764 41.895882907623)
f348bb770167955a421c8b6f4de8ae0b2ed2613fd918d18ee9728a2f3ea1c888878b3b80a58e9cee53af61bd042d97b9ca06fda0d60fe48e8a25db3b3432f1b8,JF179021,,3/19/2022 3:39,30,OTHER WARNING SIGN,OTHER,RAIN,"DARKNESS, LIGHTED ROAD",FIXED OBJECT,DIVIDED - W/MEDIAN BARRIER,,"CURVE, LEVEL",WET,NO DEFECTS,ON SCENE,INJURY AND / OR TOW DUE TO CRASH,,,,"OVER $1,500",3/19/2022 3:39,PHYSICAL CONDITION OF DRIVER,UNABLE TO DETERMINE,7750,N,SHERIDAN RD,2422,,,,,,,2,NO INDICATION OF INJURY,0,0,0,0,0,1,0,3,7,3,42.02258035,-87.66655536,POINT (-87.666555354848 42.022580345275)
eb5a49c1ede81e68295d1a0818e08a8aa322283cea3edcb1925088c552702625d209e0924df09438bf78cf373c7e90f22adca5a8f7820d3f4d3c3e452cc266f9,JF164155,,3/5/2022 12:37,30,NO CONTROLS,NO CONTROLS,CLEAR,DAYLIGHT,SIDESWIPE OPPOSITE DIRECTION,NOT DIVIDED,,STRAIGHT AND LEVEL,DRY,NO DEFECTS,ON SCENE,NO INJURY / DRIVE AWAY,,,Y,"$501 - $1,500",3/5/2022 12:58,DRIVING ON WRONG SIDE/WRONG WAY,FAILING TO REDUCE SPEED TO AVOID CRASH,5471,N,MILWAUKEE AVE,1622,,,,,,,2,NO INDICATION OF INJURY,0,0,0,0,0,2,0,12,7,3,41.9810324,-87.77245776,POINT (-87.772457759824 41.98103239906)
ec143a1a350950fb57287302ed35ea71f1469160dfaed0122b55cb70c86b073766eeb5c8e2e5132eca64a13d0f470313eff456dd406ffccf18cb8f148ae2457d,JF163868,,3/5/2022 5:45,30,STOP SIGN/FLASHER,FUNCTIONING PROPERLY,CLEAR,DAWN,ANGLE,FOUR WAY,,STRAIGHT AND LEVEL,DRY,NO DEFECTS,ON SCENE,NO INJURY / DRIVE AWAY,Y,,Y,"OVER $1,500",3/5/2022 5:50,DISREGARDING STOP SIGN,UNABLE TO DETERMINE,2502,N,AUSTIN AVE,2512,,,,,,,2,NO INDICATION OF INJURY,0,0,0,0,0,2,0,5,7,3,41.92580019,-87.77593011,POINT (-87.77593011117 41.92580018748)
f4ecdfc2d7a7858548c1975140a051cbb62762fc947bd8cd5950b358297c7b203aafb2f903fe70e4f8b248755480081b4ee67e93778934ef8e54ceca5e1b0615,JF179628,,3/19/2022 17:45,30,TRAFFIC SIGNAL,FUNCTIONING PROPERLY,RAIN,DAYLIGHT,TURNING,FOUR WAY,,STRAIGHT AND LEVEL,WET,UNKNOWN,ON SCENE,INJURY AND / OR TOW DUE TO CRASH,Y,,,"OVER $1,500",3/19/2022 17:47,UNABLE TO DETERMINE,UNABLE TO DETERMINE,1889,S,CENTRAL PARK AVE,1021,,,,,,,2,NO INDICATION OF INJURY,0,0,0,0,0,4,0,17,7,3,41.8545748,-87.71493597,POINT (-87.714935972902 41.854574798327)
c489b537ca46e30d36b9ecbdbcf3c42d1d741ff708fddb460ebf70deac202289efa6c47167254cc7fd37cbd30c57055e987bbdfab61189120a09d4e9cad3734b,JF150384,,2/19/2022 11:30,35,NO CONTROLS,NO CONTROLS,CLEAR,DAYLIGHT,REAR TO SIDE,NOT DIVIDED,,STRAIGHT AND LEVEL,DRY,NO DEFECTS,NOT ON SCENE (DESK REPORT),NO INJURY / DRIVE AWAY,,,,"OVER $1,500",2/20/2022 13:30,IMPROPER BACKING,FOLLOWING TOO CLOSELY,8300,S,ADA ST,613,,,,,,,2,NO INDICATION OF INJURY,0,0,0,0,0,2,0,11,7,2,41.74306662,-87.65732846,POINT (-87.657328459047 41.743066621325)
acc4a8a1a9be3e52c40e0c41bff7022737b0db644a7663f6155cbcd3a66d87531de777f25a992d9f5d86ad3081f0d500097e39402c0da6c074480af2852f53e1,JF157111,,2/26/2022 20:00,30,TRAFFIC SIGNAL,FUNCTIONING PROPERLY,CLEAR,"DARKNESS, LIGHTED ROAD",TURNING,NOT DIVIDED,,STRAIGHT AND LEVEL,DRY,NO DEFECTS,ON SCENE,NO INJURY / DRIVE AWAY,Y,,,"OVER $1,500",2/26/2022 20:02,FAILING TO REDUCE SPEED TO AVOID CRASH,NOT APPLICABLE,1729,W,ARMITAGE AVE,1433,,,,,,,2,NO INDICATION OF INJURY,0,0,0,0,0,3,0,20,7,2,41.91776883,-87.67151532,POINT (-87.671515323746 41.917768832585)
acc54750632afb70a6f135bab6573ed5c7fc85e7ca06e5a847242d4638c861caf207a133c1adbaeea6f3d6bf6dcb8acdb3228b70db0de978e5ad5dcd72591fad,JF156674,,2/26/2022 12:20,30,TRAFFIC SIGNAL,FUNCTIONING PROPERLY,CLEAR,DAYLIGHT,ANGLE,FOUR WAY,,STRAIGHT AND LEVEL,DRY,NO DEFECTS,ON SCENE,INJURY AND / OR TOW DUE TO CRASH,Y,,,"OVER $1,500",2/26/2022 12:20,EQUIPMENT - VEHICLE CONDITION,FAILING TO YIELD RIGHT-OF-WAY,5100,S,DR MARTIN LUTHER KING JR DR,231,,,,,,,2,NO INDICATION OF INJURY,0,0,0,0,0,2,0,12,7,2,41.80202315,-87.61627184,POINT (-87.616271839461 41.8020231541)
4fcb6878334f4376bcc5c624e46f8e6b524eb6e8e50d2c2cd7ebe0709e39fb9d550b3d13c8654ed0d4aee23282d75ff0f3d0634b2e707e5f52819925cc3f7e6c,JE439306,,11/9/2021 8:45,30,TRAFFIC SIGNAL,FUNCTIONING PROPERLY,CLEAR,DAYLIGHT,REAR END,FOUR WAY,,STRAIGHT AND LEVEL,DRY,UNKNOWN,,INJURY AND / OR TOW DUE TO CRASH,Y,,,$500 OR LESS,11/9/2021 8:50,UNABLE TO DETERMINE,NOT APPLICABLE,6700,S,STATE ST,322,,,,,,,3,NONINCAPACITATING INJURY,2,0,0,2,0,2,0,8,3,11,41.77263463,-87.62527215,POINT (-87.62527215003 41.77263462564)
ac756e032d168221a5da22541cd9919f9920a327bc9f7e6230356fa9b6645c3839054a40974136fe2c093ff48bbdbdfc653f8379fa2eebe891fc0a19bc2874a7,JE341087,,8/17/2021 22:25,30,STOP SIGN/FLASHER,FUNCTIONING PROPERLY,CLEAR,"DARKNESS, LIGHTED ROAD",ANGLE,FOUR WAY,,STRAIGHT AND LEVEL,DRY,NO DEFECTS,,INJURY AND / OR TOW DUE TO CRASH,,,Y,"OVER $1,500",8/18/2021 1:25,FAILING TO YIELD RIGHT-OF-WAY,NOT APPLICABLE,1300,S,KEELER AVE,1011,,,,,,,2,NONINCAPACITATING INJURY,1,0,0,1,0,1,0,22,3,8,41.86417951,-87.73015116,POINT (-87.730151158876 41.864179513984)
ec4469180c68cb26295d9c68a84c37d6d624bca9212bc5e85d98991afc4818ec5755775ed62011d6d0d3e755e083b5a3d806717c6f1fd20659cf90059a5ee40b,JE317129,,7/28/2021 11:27,30,TRAFFIC SIGNAL,FUNCTIONING PROPERLY,CLEAR,DAYLIGHT,PEDALCYCLIST,FOUR WAY,,STRAIGHT AND LEVEL,DRY,UNKNOWN,,INJURY AND / OR TOW DUE TO CRASH,,,Y,"OVER $1,500",7/28/2021 11:27,FAILING TO YIELD RIGHT-OF-WAY,UNABLE TO DETERMINE,237,W,59TH ST,711,,,Y,,,,2,INCAPACITATING INJURY,1,0,1,0,0,1,0,11,4,7,41.78710891,-87.63192859,POINT (-87.631928590732 41.787108907834)
f507a4f23550337a8a6d72ee21727a383275cd0095c92c0414e697683ecf573d900e27c77b3dbc3675e87b0430487e3ff6d495afc044c5587997bbf49273ca82,JF179479,,3/19/2022 15:33,30,NO CONTROLS,NO CONTROLS,CLEAR,DAYLIGHT,REAR END,NOT DIVIDED,,STRAIGHT AND LEVEL,WET,NO DEFECTS,NOT ON SCENE (DESK REPORT),NO INJURY / DRIVE AWAY,,,,$500 OR LESS,3/19/2022 15:55,UNABLE TO DETERMINE,NOT APPLICABLE,1199,S,HALSTED ST,1232,,,,,,,2,NO INDICATION OF INJURY,0,0,0,0,0,2,0,15,7,3,41.86724054,-87.6467718,POINT (-87.646771798597 41.867240540073)
f2e389612f71b370c7d4d70f0db50458ee0473edd25332c15df3240f817b1a269db716c9e5b2c756735b458d9517c3179496966b566854e5129937945646e616,JF186670,,3/25/2022 17:27,30,TRAFFIC SIGNAL,FUNCTIONING PROPERLY,RAIN,"DARKNESS, LIGHTED ROAD",TURNING,FOUR WAY,,STRAIGHT AND LEVEL,WET,NO DEFECTS,NOT ON SCENE (DESK REPORT),NO INJURY / DRIVE AWAY,Y,,Y,"OVER $1,500",3/25/2022 20:20,IMPROPER TURNING/NO SIGNAL,UNABLE TO DETERMINE,1300,S,ASHLAND AVE,1233,,,,,,,2,NO INDICATION OF INJURY,0,0,0,0,0,2,0,17,6,3,41.86503332,-87.66648749,POINT (-87.666487493356 41.865033321293)
f30efc38f76a291e3bdaf3f012ea9568ed8e03336fceaba22666606300e8743631559ebd9746ed1d3cb1c5336d58d803d5d76079cfb12efa2ac2a6c3eff4bbaf,JF186729,,3/25/2022 20:48,10,NO CONTROLS,NO CONTROLS,RAIN,"DARKNESS, LIGHTED ROAD",PARKED MOTOR VEHICLE,PARKING LOT,,STRAIGHT AND LEVEL,WET,NO DEFECTS,ON SCENE,INJURY AND / OR TOW DUE TO CRASH,,,,"OVER $1,500",3/25/2022 21:25,FAILING TO REDUCE SPEED TO AVOID CRASH,DRIVING SKILLS/KNOWLEDGE/EXPERIENCE,2250,S,INDIANA AVE,132,,,,,,,2,NO INDICATION OF INJURY,0,0,0,0,0,1,0,20,6,3,41.85143864,-87.62239909,POINT (-87.622399093997 41.851438642423)
addcf1693a990353c88454e6fd242e4afdb13c6122f00e3ebb863e0be7b889dcdb15c14bad1587bd369c2820de085e9ccdfc0081558c392881e6d944dc62c404,JF157095,,2/26/2022 18:59,30,TRAFFIC SIGNAL,FUNCTIONING PROPERLY,CLEAR,"DARKNESS, LIGHTED ROAD",ANGLE,NOT DIVIDED,,STRAIGHT AND LEVEL,WET,NO DEFECTS,ON SCENE,INJURY AND / OR TOW DUE TO CRASH,Y,,,"OVER $1,500",2/26/2022 19:21,FAILING TO YIELD RIGHT-OF-WAY,UNABLE TO DETERMINE,139,N,MORGAN ST,1224,,,,,,,2,NO INDICATION OF INJURY,0,0,0,0,0,2,0,18,7,2,41.88427296,-87.65195518,POINT (-87.65195518332 41.884272958888)
ae0e33641dec633628a03980e436f40e5941f14c25d8dc14ff72f2c697c94c3197858e3e5c6ea8c251771ccdde3e9fcf8f21b3a021a2ff0dc39e092c891ea2d7,JF158939,,2/26/2022 18:05,30,TRAFFIC SIGNAL,FUNCTIONING PROPERLY,CLEAR,DUSK,TURNING,NOT DIVIDED,,STRAIGHT AND LEVEL,DRY,NO DEFECTS,NOT ON SCENE (DESK REPORT),NO INJURY / DRIVE AWAY,Y,,,"OVER $1,500",2/28/2022 17:20,FAILING TO YIELD RIGHT-OF-WAY,NOT APPLICABLE,3133,W,ADDISON ST,1733,,,,,,,2,NO INDICATION OF INJURY,0,0,0,0,0,2,0,18,7,2,41.94652976,-87.70673387,POINT (-87.706733868653 41.946529755627)
f309447d494d6b35bfa406623df04a9c951c97bcf71be67c08abbaf791b3cd20fbcd2f93d730e85a718be251a96df73eb71824571ce6990f8365d59107241129,JE444944,,11/14/2021 11:20,35,NO CONTROLS,NO CONTROLS,RAIN,DAYLIGHT,PARKED MOTOR VEHICLE,ONE-WAY,,STRAIGHT AND LEVEL,WET,NO DEFECTS,,NO INJURY / DRIVE AWAY,,,Y,"OVER $1,500",11/14/2021 14:10,UNABLE TO DETERMINE,UNABLE TO DETERMINE,9100,S,WALLACE ST,2223,,,,,,,2,NO INDICATION OF INJURY,0,0,0,0,0,1,0,11,1,11,41.72873922,-87.63869951,POINT (-87.638699511164 41.728739222755)
f681fee62000c0dfa318c8c7cfa7bdeac57066ebab72e624782334542e7a1e223d89eead150b33386b77a6b6c97f22143367aba275359e345487ad58faf36bf4,JF179380,,3/19/2022 14:00,25,NO CONTROLS,NO CONTROLS,RAIN,DAYLIGHT,ANGLE,NOT DIVIDED,,STRAIGHT AND LEVEL,WET,NO DEFECTS,ON SCENE,INJURY AND / OR TOW DUE TO CRASH,,,,"OVER $1,500",3/19/2022 14:00,UNABLE TO DETERMINE,UNABLE TO DETERMINE,6476,N,IONIA AVE,1621,,,,,,,2,NO INDICATION OF INJURY,0,0,0,0,0,2,0,14,7,3,41.99888159,-87.7565191,POINT (-87.756519097398 41.998881586808)
edd44c670d2d6ed543421ac6031323bb45b2c4bc60872b5403b7ebc8be2f99db48f4e72b53ea298391d35336b39b3249737806eb59c821d7f99fcdf3723e174d,JF164535,,3/5/2022 17:40,30,NO CONTROLS,NO CONTROLS,CLEAR,DUSK,PARKED MOTOR VEHICLE,ONE-WAY,,STRAIGHT AND LEVEL,DRY,NO DEFECTS,ON SCENE,NO INJURY / DRIVE AWAY,,,Y,$500 OR LESS,3/5/2022 18:00,UNABLE TO DETERMINE,UNABLE TO DETERMINE,5135,W,HENDERSON ST,1634,,,,,,,2,NO INDICATION OF INJURY,0,0,0,0,0,1,0,17,7,3,41.94134272,-87.75574117,POINT (-87.755741173596 41.941342716577)
ae34c14afe45ed9e27c3a1bed20329606a55e63f7f7318f438916ea6973fb83dfc38b306d57df29c99ea4f15d207ee85f4f6b62fa1f270847aa92f6fedeee7d0,JF157073,,2/26/2022 18:08,30,STOP SIGN/FLASHER,FUNCTIONING PROPERLY,CLEAR,"DARKNESS, LIGHTED ROAD",TURNING,NOT DIVIDED,,STRAIGHT AND LEVEL,DRY,NO DEFECTS,NOT ON SCENE (DESK REPORT),NO INJURY / DRIVE AWAY,Y,,,"$501 - $1,500",2/26/2022 19:05,FAILING TO YIELD RIGHT-OF-WAY,FAILING TO YIELD RIGHT-OF-WAY,23,N,FRANCISCO AVE,1222,,,,,,,2,NO INDICATION OF INJURY,0,0,0,0,0,2,0,18,7,2,41.88179732,-87.69861677,POINT (-87.698616765763 41.881797318046)
ae516c7a69bb28a234ef5b6aa15379094fb4f6e7f9045e624e32855ef7a7a89112f5eb09da51a4584c301ad06f5f2fb17bda6c619cd28ef2d8b4cf76cff861ae,JF157890,,2/26/2022 18:00,35,STOP SIGN/FLASHER,FUNCTIONING PROPERLY,CLEAR,DUSK,PARKED MOTOR VEHICLE,NOT DIVIDED,,STRAIGHT AND LEVEL,DRY,NO DEFECTS,ON SCENE,NO INJURY / DRIVE AWAY,,,Y,"$501 - $1,500",2/27/2022 16:45,UNABLE TO DETERMINE,NOT APPLICABLE,4432,N,KASSON AVE,1722,,,,,,,2,NO INDICATION OF INJURY,0,0,0,0,0,1,0,18,7,2,41.96180943,-87.72944034,POINT (-87.729440343345 41.961809425125)
f6e0b9689e59b0e3b41ff4c7fffff546c848f1448073b6532178d5b311d21ae13b0214d585e9b5752eeabf4a1e1e37ff905968ec3b9c9c0343eea0db8b88ec6d,JF179432,,3/19/2022 15:03,30,STOP SIGN/FLASHER,NO CONTROLS,RAIN,DAYLIGHT,ANGLE,FOUR WAY,,STRAIGHT AND LEVEL,WET,NO DEFECTS,ON SCENE,INJURY AND / OR TOW DUE TO CRASH,Y,,,"OVER $1,500",3/19/2022 15:03,UNABLE TO DETERMINE,NOT APPLICABLE,7200,S,RACINE AVE,734,,,,,,,2,NONINCAPACITATING INJURY,2,0,0,2,0,1,0,15,7,3,41.76318923,-87.65421368,POINT (-87.654213675518 41.763189228173)
f425d6a0497700eaf5bcce109bce57d827c3ab4ef0e30f4f0cc6c41e16c57fe1328d35df479b575d9861df015462bac9ba5e3335ababa497cbc7aacafff2798d,JF186159,,3/25/2022 11:25,25,NO CONTROLS,NO CONTROLS,CLEAR,DAYLIGHT,PARKED MOTOR VEHICLE,NOT DIVIDED,,STRAIGHT AND LEVEL,DRY,NO DEFECTS,ON SCENE,NO INJURY / DRIVE AWAY,,,,"OVER $1,500",3/25/2022 11:31,IMPROPER OVERTAKING/PASSING,NOT APPLICABLE,1317,N,MILWAUKEE AVE,1433,,,,,,,2,NO INDICATION OF INJURY,0,0,0,0,0,1,0,11,6,3,41.90570563,-87.66992733,POINT (-87.669927330113 41.905705628071)
c6bea5049fb0a4b30d24f69209df5a36350f42db2962cde6e0a3228c17df2cf146cbca0e784e5d35478321c4bc8d7b3d45fb51d4c98a18c0cc7e17357792c8dc,JF149320,,2/19/2022 2:54,30,NO CONTROLS,NO CONTROLS,UNKNOWN,UNKNOWN,PARKED MOTOR VEHICLE,ONE-WAY,,STRAIGHT AND LEVEL,UNKNOWN,NO DEFECTS,ON SCENE,INJURY AND / OR TOW DUE TO CRASH,,,Y,"OVER $1,500",2/19/2022 2:56,UNABLE TO DETERMINE,UNABLE TO DETERMINE,3217,W,BYRON ST,1733,,,,,,,3,NO INDICATION OF INJURY,0,0,0,0,0,1,0,2,7,2,41.95198385,-87.70870304,POINT (-87.70870304218 41.951983853099)
f45734eb3a400119efd6073d8300f73cee0c319649d37a503daa85c064d13e67d55c2282a6336939914d4e96cd89098df7b8c922c56a4fe9606b621309fd55a2,JF185931,,3/25/2022 7:28,20,NO CONTROLS,NO CONTROLS,CLEAR,DAYLIGHT,OTHER OBJECT,DIVIDED - W/MEDIAN (NOT RAISED),,STRAIGHT AND LEVEL,DRY,NO DEFECTS,NOT ON SCENE (DESK REPORT),NO INJURY / DRIVE AWAY,,,,$500 OR LESS,3/25/2022 9:50,UNABLE TO DETERMINE,NOT APPLICABLE,831,S,AUSTIN BLVD,1513,,,,,,,1,NO INDICATION OF INJURY,0,0,0,0,0,1,0,7,6,3,,,
c6f9b5e1c41fd84300950ca75ad3a61cedc79baab7abdd54c3cebe0185098f72fb2661e23624f5272560e13b5928bc4ff43c0af6c3fb2425ec1a158011b4e0cd,JF149366,,2/19/2022 10:27,30,TRAFFIC SIGNAL,FUNCTIONING PROPERLY,CLEAR,DAYLIGHT,ANGLE,NOT DIVIDED,,STRAIGHT AND LEVEL,DRY,NO DEFECTS,ON SCENE,INJURY AND / OR TOW DUE TO CRASH,Y,,,"OVER $1,500",2/19/2022 10:29,DISREGARDING TRAFFIC SIGNALS,FAILING TO REDUCE SPEED TO AVOID CRASH,400,E,71ST ST,322,,,,,,,2,NONINCAPACITATING INJURY,3,0,0,2,1,0,0,10,7,2,41.76582254,-87.6152062,POINT (-87.615206202723 41.765822540754)
b01d6810814129e5e295528135db47ff5d0f0ab1c69cfc1fae6eebd3493cbeb4fc3a39e5f759e5af4c1a14fd7bac113257b474ec98699248dd7ae80d8fc003e3,JF157145,,2/26/2022 19:50,30,NO CONTROLS,NO CONTROLS,CLEAR,"DARKNESS, LIGHTED ROAD",TURNING,T-INTERSECTION,,STRAIGHT AND LEVEL,DRY,NO DEFECTS,ON SCENE,INJURY AND / OR TOW DUE TO CRASH,Y,,,"OVER $1,500",2/26/2022 20:58,UNABLE TO DETERMINE,UNABLE TO DETERMINE,341,W,FULLERTON PKWY,1814,,,,,,,2,"REPORTED, NOT EVIDENT",1,0,0,0,1,2,0,19,7,2,41.92551706,-87.63815942,POINT (-87.63815941987 41.925517057389)
b02a10c24bf3930d52ec95e5679f31f662a0f4a154c18c68eaa7c4362f3b49c72c4cd9436120f3630753407414e3b8b0a753e01fda07714c7a8560a1a9caa4b7,JF156610,,2/26/2022 10:50,20,NO CONTROLS,NO CONTROLS,CLEAR,DAYLIGHT,REAR END,NOT DIVIDED,,STRAIGHT AND LEVEL,DRY,NO DEFECTS,NOT ON SCENE (DESK REPORT),NO INJURY / DRIVE AWAY,,,,"OVER $1,500",2/26/2022 11:15,UNABLE TO DETERMINE,NOT APPLICABLE,1636,N,WESTERN AVE,1434,,,,,,,2,NO INDICATION OF INJURY,0,0,0,0,0,4,0,10,7,2,41.91142103,-87.68739639,POINT (-87.687396386908 41.911421030644)
f0574cab109051b31e3e113bbdd7391877a6bf2acb402de3429965e940901d41db36d07c1135f16b62b9f466387ffc3ee60bba8a34f6a79df8f6943ce69d567f,JF163924,,3/5/2022 8:35,30,TRAFFIC SIGNAL,FUNCTIONING PROPERLY,CLEAR,DAYLIGHT,TURNING,DIVIDED - W/MEDIAN (NOT RAISED),,STRAIGHT AND LEVEL,DRY,NO DEFECTS,ON SCENE,INJURY AND / OR TOW DUE TO CRASH,Y,,,"OVER $1,500",3/5/2022 8:39,FAILING TO YIELD RIGHT-OF-WAY,NOT APPLICABLE,4000,W,79TH ST,834,,,,,,,3,"REPORTED, NOT EVIDENT",2,0,0,0,2,1,0,8,7,3,41.74967936,-87.72197835,POINT (-87.721978345242 41.749679358835)