CRASH_RECORD_ID,RD_NO,CRASH_DATE_EST_I,CRASH_DATE,POSTED_SPEED_LIMIT,TRAFFIC_CONTROL_DEVICE,DEVICE_CONDITION,WEATHER_CONDITION,LIGHTING_CONDITION,FIRST_CRASH_TYPE,TRAFFICWAY_TYPE,LANE_CNT,ALIGNMENT,ROADWAY_SURFACE_COND,ROAD_DEFECT,REPORT_TYPE,CRASH_TYPE,INTERSECTION_RELATED_I,NOT_RIGHT_OF_WAY_I,HIT_AND_RUN_I,DAMAGE,DATE_POLICE_NOTIFIED,PRIM_CONTRIBUTORY_CAUSE,SEC_CONTRIBUTORY_CAUSE,STREET_NO,STREET_DIRECTION,STREET_NAME,BEAT_OF_OCCURRENCE,PHOTOS_TAKEN_I,STATEMENTS_TAKEN_I,DOORING_I,WORK_ZONE_I,WORK_ZONE_TYPE,WORKERS_PRESENT_I,NUM_UNITS,MOST_SEVERE_INJURY,INJURIES_TOTAL,INJURIES_FATAL,INJURIES_INCAPACITATING,INJURIES_NON_INCAPACITATING,INJURIES_REPORTED_NOT_EVIDENT,INJURIES_NO_INDICATION,INJURIES_UNKNOWN,CRASH_HOUR,CRASH_DAY_OF_WEEK,CRASH_MONTH,LATITUDE,LONGITUDE,LOCATION
f07b0cfd1d3d3e22234755891dda87b9b1b230f345fdda23fe7b81b01794d9908f20e5104b7b906ff3f0dbe4fa7b713f88c4dd8fe06d0fd0948f71f4ea00d3bd,JF164975,,3/5/2022 20:17,30,TRAFFIC SIGNAL,FUNCTIONING IMPROPERLY,UNKNOWN,"DARKNESS, LIGHTED ROAD",REAR END,FOUR WAY,,STRAIGHT AND LEVEL,UNKNOWN,UNKNOWN,NOT ON SCENE (DESK REPORT),NO INJURY / DRIVE AWAY,Y,,,"$501 - $1,500",3/6/2022 10:00,UNABLE TO DETERMINE,NOT APPLICABLE,9301,S,STONY ISLAND AVE,413,,,,,,,2,NO INDICATION OF INJURY,0,0,0,0,0,2,0,20,7,3,41.7258958,-87.58482432,POINT (-87.584824315172 41.725895796966)
f9073478aa6c7c99b60e4d7d3d53d9e6632f94312961279d8ce0580c4309bce4147328988de556142bddecfcd5b3139ff344343a42ffec1c2834b06be3d42500,JF179449,,3/19/2022 15:00,30,NO CONTROLS,NO CONTROLS,CLOUDY/OVERCAST,DAYLIGHT,REAR END,DIVIDED - W/MEDIAN (NOT RAISED),,STRAIGHT AND LEVEL,DRY,NO DEFECTS,NOT ON SCENE (DESK REPORT),INJURY AND / OR TOW DUE TO CRASH,Y,,,"OVER $1,500",3/19/2022 15:30,FAILING TO REDUCE SPEED TO AVOID CRASH,UNABLE TO DETERMINE,7859,S,FIELDING AVE,621,,,,,,,2,NO INDICATION OF INJURY,0,0,0,0,0,2,0,15,7,3,41.75074775,-87.63859394,POINT (-87.638593942794 41.750747750401)
b0a51d592e34955c63156944e4d2933595479e0bf26b87bb13b7814bb3b5a43cca534f6129ef8bfb4f48ebad3a9fa51eebb64ae37db0334b9f52e02f7c19c1fa,JF156591,,2/26/2022 10:40,35,STOP SIGN/FLASHER,FUNCTIONING PROPERLY,RAIN,DAYLIGHT,ANGLE,DIVIDED - W/MEDIAN (NOT RAISED),,STRAIGHT AND LEVEL,DRY,NO DEFECTS,ON SCENE,INJURY AND / OR TOW DUE TO CRASH,Y,,,"OVER $1,500",2/26/2022 10:45,FAILING TO YIELD RIGHT-OF-WAY,NOT APPLICABLE,10501,S,PULASKI RD,2211,,,,,,,2,"REPORTED, NOT EVIDENT",1,0,0,0,1,2,0,10,7,2,41.70218139,-87.72061076,POINT (-87.720610756478 41.702181387699)
f9d922c5453491033739baceb612d454d46b6b65141ea42de22964d00cb7cdb4ddf4b5a02ad7a744f590f9b1e16b391f164a651597367a960305508606f677d0,JF179577,,3/19/2022 16:55,30,NO CONTROLS,NO CONTROLS,RAIN,DAYLIGHT,PARKED MOTOR VEHICLE,ONE-WAY,,STRAIGHT AND LEVEL,WET,UNKNOWN,NOT ON SCENE (DESK REPORT),NO INJURY / DRIVE AWAY,,,Y,"OVER $1,500",3/19/2022 17:15,IMPROPER BACKING,NOT APPLICABLE,3640,N,LAKEWOOD AVE,1923,,,,,,,2,NO INDICATION OF INJURY,0,0,0,0,0,2,0,16,7,3,41.94832735,-87.66177376,POINT (-87.661773755866 41.948327348029)
f123ca554fad9e762d0d537261e5aa52372c84682c0f7aa14f32e1c481972a8d4e36559213e376c5d46a56a3ef3c3df64021cb41e34590e97d8d8a3cee114a55,JF163894,,3/5/2022 7:24,30,STOP SIGN/FLASHER,FUNCTIONING PROPERLY,CLEAR,DAYLIGHT,TURNING,OTHER,,STRAIGHT AND LEVEL,DRY,NO DEFECTS,ON SCENE,NO INJURY / DRIVE AWAY,,,,"OVER $1,500",3/5/2022 7:45,UNABLE TO DETERMINE,UNABLE TO DETERMINE,4159,N,KIMBALL AVE,1724,,,,,,,2,NO INDICATION OF INJURY,0,0,0,0,0,3,0,7,7,3,41.95747855,-87.71287821,POINT (-87.712878212529 41.957478548125)
f187005e2861943cb91e7a332be171bdc35e34fe6ce7e6f065e2fbf9bdc6fa75248a128eb8f04466dfc50b7ec46a5d9a3c8da722b622dfc2dd1534e3375ae9b3,JF166601,,3/5/2022 12:00,30,NO CONTROLS,NO CONTROLS,CLEAR,DAYLIGHT,SIDESWIPE SAME DIRECTION,ONE-WAY,,STRAIGHT AND LEVEL,DRY,NO DEFECTS,NOT ON SCENE (DESK REPORT),NO INJURY / DRIVE AWAY,,,Y,"OVER $1,500",3/7/2022 20:14,UNABLE TO DETERMINE,NOT APPLICABLE,7100,S,CLYDE AVE,333,,,,,,,2,NO INDICATION OF INJURY,0,0,0,0,0,2,0,12,7,3,41.76600497,-87.57399075,POINT (-87.573990745164 41.766004968087)
b19cdc6db350d1c28f0a730f8eb4115b1ba3ba83b24f8d10ca49c3c5b61c0291fdce41bda46b4101c6e544ca62a9512ca341c15dccc3320f2ab04d880f3bd3f7,JF156939,,2/26/2022 16:30,30,NO CONTROLS,NO CONTROLS,CLEAR,DAYLIGHT,PARKED MOTOR VEHICLE,ONE-WAY,,STRAIGHT AND LEVEL,DRY,NO DEFECTS,ON SCENE,NO INJURY / DRIVE AWAY,,,Y,"OVER $1,500",2/26/2022 16:45,DRIVING ON WRONG SIDE/WRONG WAY,DRIVING ON WRONG SIDE/WRONG WAY,1538,E,74TH ST,324,,,,,,,2,NO INDICATION OF INJURY,0,0,0,0,0,1,0,16,7,2,41.76069191,-87.58699016,POINT (-87.586990164088 41.760691907561)
c986bde234948ac68f2152205531119206ef0028e2d2ffffd0f2d9823bd9d7aafee0769f927d8d3473306a9db7b7e75a8a7a778b28e0f711b07956a7cfba3dba,JF149362,,2/19/2022 10:30,30,NO CONTROLS,NO CONTROLS,CLEAR,DAYLIGHT,ANGLE,NOT DIVIDED,,STRAIGHT AND LEVEL,SNOW OR SLUSH,NO DEFECTS,ON SCENE,NO INJURY / DRIVE AWAY,,,Y,"OVER $1,500",2/19/2022 10:40,UNABLE TO DETERMINE,NOT APPLICABLE,6030,N,RIDGE AVE,2433,,,,,,,2,NO INDICATION OF INJURY,0,0,0,0,0,2,0,10,7,2,41.99114312,-87.67312589,POINT (-87.673125886424 41.991143117596)
ca0125ff720dcb9c15513877a70d98941cbf2ec40fd278f172e53c0970ac9be53422312943cc7a7bfa1dba4475eba1e0754a7a4bec5391a2a67083ad014a55a0,JF149831,,2/19/2022 18:20,30,TRAFFIC SIGNAL,FUNCTIONING PROPERLY,CLEAR,"DARKNESS, LIGHTED ROAD",TURNING,DIVIDED - W/MEDIAN (NOT RAISED),,STRAIGHT AND LEVEL,DRY,NO DEFECTS,ON SCENE,INJURY AND / OR TOW DUE TO CRASH,Y,,Y,"OVER $1,500",2/19/2022 18:25,IMPROPER TURNING/NO SIGNAL,NOT APPLICABLE,2401,W,MARQUETTE RD,832,,,,,,,2,NO INDICATION OF INJURY,0,0,0,0,0,2,0,18,7,2,41.77186674,-87.68350157,POINT (-87.683501564514 41.771866744474)
f28643e572b46fad66aa89837b52c4665ced5637c17576a3dfd217a2a38bc342f2c66b401bfd4afe3e706cd7412fb8ed6587ee5664443f5952d744c6019d56fd,JF164508,,3/5/2022 17:20,30,NO CONTROLS,NO CONTROLS,CLEAR,DAYLIGHT,REAR END,NOT DIVIDED,,STRAIGHT AND LEVEL,DRY,NO DEFECTS,NOT ON SCENE (DESK REPORT),NO INJURY / DRIVE AWAY,,,Y,"OVER $1,500",3/5/2022 19:05,UNABLE TO DETERMINE,UNABLE TO DETERMINE,1225,S,HALSTED ST,1232,,,,,,,3,NO INDICATION OF INJURY,0,0,0,0,0,3,0,17,7,3,41.86641069,-87.64675005,POINT (-87.646750052314 41.866410684792)
fbba04b8feb32e794efbe78f3762565fa4f874b9c92812a61fa710a3f472e250b69f4bdd680f6cc252db70c3bd5dfb2a57dd81e12a07a1868022879206c16e4d,JF179596,,3/19/2022 17:00,15,NO CONTROLS,NO CONTROLS,RAIN,DAYLIGHT,PARKED MOTOR VEHICLE,PARKING LOT,,STRAIGHT AND LEVEL,WET,UNKNOWN,ON SCENE,NO INJURY / DRIVE AWAY,,,Y,"OVER $1,500",3/19/2022 17:24,FOLLOWING TOO CLOSELY,NOT APPLICABLE,6420,W,FULLERTON AVE,2512,,,,,,,2,NO INDICATION OF INJURY,0,0,0,0,0,1,0,17,7,3,41.9237818,-87.78625367,POINT (-87.786253674433 41.92378179667)
fbc3fb1991108674d8e62706faa85d5edc4463c9bf91711e328e5e97a4ece96f8916485ffda359c64c80e052e9383b5b3a972a991fc71d355dcd83d6f9f5a655,JF178929,,3/19/2022 0:45,30,STOP SIGN/FLASHER,FUNCTIONING PROPERLY,RAIN,DUSK,ANGLE,FOUR WAY,,STRAIGHT AND LEVEL,WET,NO DEFECTS,ON SCENE,INJURY AND / OR TOW DUE TO CRASH,Y,,,"OVER $1,500",3/19/2022 0:50,FAILING TO YIELD RIGHT-OF-WAY,DRIVING SKILLS/KNOWLEDGE/EXPERIENCE,7200,S,JEFFERY BLVD,333,,,,,,,2,NO INDICATION OF INJURY,0,0,0,0,0,2,0,0,7,3,41.76428391,-87.57640667,POINT (-87.576406669444 41.764283911619)
f864fee20bb9647e7da8a2f9306f55359eff8f4a383fc804fd1053f33e0a7f1af116391c6aa842889a632a1607a65a8b4bedc4a7dd9189f62eb95458f0e16ca0,JF186339,,3/25/2022 12:00,30,NO CONTROLS,NO CONTROLS,CLEAR,DAYLIGHT,SIDESWIPE SAME DIRECTION,NOT DIVIDED,,STRAIGHT AND LEVEL,DRY,UNKNOWN,NOT ON SCENE (DESK REPORT),INJURY AND / OR TOW DUE TO CRASH,,,,"OVER $1,500",3/25/2022 15:15,DRIVING SKILLS/KNOWLEDGE/EXPERIENCE,NOT APPLICABLE,3146,W,WILSON AVE,1713,,,,,,,2,NO INDICATION OF INJURY,0,0,0,0,0,2,0,12,6,3,41.96481561,-87.70782565,POINT (-87.70782564932 41.964815609623)
cadf06e4d512d6f74472e17d87d526dc1d956f01a4ef14c8f842ed1d2674434c41527d812bce1668fc7f7c6070aba3ea5c23d5295f671b796312fc67bf6e5a2b,JF150029,,2/19/2022 23:00,30,STOP SIGN/FLASHER,FUNCTIONING PROPERLY,CLEAR,"DARKNESS, LIGHTED ROAD",ANGLE,FOUR WAY,,STRAIGHT AND LEVEL,ICE,NO DEFECTS,ON SCENE,INJURY AND / OR TOW DUE TO CRASH,Y,,,"OVER $1,500",2/19/2022 23:05,FAILING TO YIELD RIGHT-OF-WAY,FAILING TO REDUCE SPEED TO AVOID CRASH,1232,W,LAKE ST,1215,Y,,,,,,3,NO INDICATION OF INJURY,0,0,0,0,0,6,0,23,7,2,41.88559313,-87.65814102,POINT (-87.658141017509 41.885593126176)
fcdc4839296e750f230c273b99e2b72d9de74a75cb5f948b7d07c2256396b4dc7dddf2aee82fbea780a430c83688523031d376807a8ef795d39a14260873e83e,JF179802,Y,3/19/2022 20:30,0,NO CONTROLS,NO CONTROLS,RAIN,UNKNOWN,PARKED MOTOR VEHICLE,PARKING LOT,,STRAIGHT AND LEVEL,WET,UNKNOWN,NOT ON SCENE (DESK REPORT),NO INJURY / DRIVE AWAY,,,Y,"OVER $1,500",3/19/2022 21:40,UNABLE TO DETERMINE,NOT APPLICABLE,711,W,JACKSON BLVD,121,,,,,,,2,NO INDICATION OF INJURY,0,0,0,0,0,1,0,20,7,3,41.87787174,-87.64450946,POINT (-87.644509459649 41.877871738632)
b34561b81fecb431a8562360f5edea74487cdf94904af611248f17d29e69c3b7c652a4d14dd85ada041d528980f546d6f27b02bf89f99b2739d9686ab382a653,JF157064,,2/26/2022 17:30,30,NO CONTROLS,NO CONTROLS,CLEAR,DAYLIGHT,SIDESWIPE SAME DIRECTION,ONE-WAY,,STRAIGHT AND LEVEL,DRY,NO DEFECTS,ON SCENE,NO INJURY / DRIVE AWAY,,,Y,"$501 - $1,500",2/26/2022 18:45,IMPROPER LANE USAGE,NOT APPLICABLE,7125,S,SACRAMENTO AVE,831,,,,,,,2,NO INDICATION OF INJURY,0,0,0,0,0,2,0,17,7,2,41.76369049,-87.69775137,POINT (-87.697751367252 41.763690493106)
f3cf4120ac06eb21f425d7a4c9eb6c39b5af95c03b17767952f19ec73ab1752f64f9dcff00dbd101e160be30d118aa156ff981f10de6013f745e927f3d3add86,JF170024,,3/5/2022 15:30,30,NO CONTROLS,NO CONTROLS,CLEAR,DAYLIGHT,PARKED MOTOR VEHICLE,NOT DIVIDED,,STRAIGHT AND LEVEL,DRY,NO DEFECTS,NOT ON SCENE (DESK REPORT),NO INJURY / DRIVE AWAY,,,,"OVER $1,500",3/11/2022 6:00,UNABLE TO DETERMINE,NOT APPLICABLE,9040,S,ASHLAND AVE,2221,,,,,,,2,NO INDICATION OF INJURY,0,0,0,0,0,7,0,15,7,3,41.72907789,-87.66301408,POINT (-87.663014082703 41.729077889102)
f90c8a3813f727f507d4a6ce5371fa5780e47a414952879566e3e41bbb6e43189626cfb354175f812f31d5531eee82ba8c3c0ece89e73bea571c6764d0edf542,JF186310,,3/25/2022 14:30,30,NO CONTROLS,NO CONTROLS,CLEAR,DAYLIGHT,FIXED OBJECT,ONE-WAY,,STRAIGHT AND LEVEL,DRY,NO DEFECTS,ON SCENE,NO INJURY / DRIVE AWAY,,,Y,"OVER $1,500",3/25/2022 14:37,UNABLE TO DETERMINE,NOT APPLICABLE,207,N,LECLAIRE AVE,1532,,,,,,,3,NO INDICATION OF INJURY,0,0,0,0,0,1,0,14,6,3,41.88462105,-87.75262683,POINT (-87.752626832839 41.884621049211)
f3fc9e87c88f13fa8fba818f2faeed9b2b43341abfc69c97e5933ead6052600e275c4600f3c27ab6cd679123a5e6a95234d78b96293078137dffa477045c9b97,JF164298,,3/5/2022 12:15,30,TRAFFIC SIGNAL,FUNCTIONING PROPERLY,CLEAR,DAYLIGHT,PEDALCYCLIST,NOT DIVIDED,,STRAIGHT AND LEVEL,DRY,NO DEFECTS,NOT ON SCENE (DESK REPORT),NO INJURY / DRIVE AWAY,,,,"OVER $1,500",3/5/2022 13:30,UNABLE TO DETERMINE,UNABLE TO DETERMINE,415,W,DIVISION ST,1823,,,,,,,2,NO INDICATION OF INJURY,0,0,0,0,0,4,0,12,7,3,41.90367343,-87.63893191,POINT (-87.638931912054 41.903673427884)
f46e196451a50834ba9bd9326b7beba03b7bda951877d24d458930c01dbb582d85f21a7ea83722af742fb856b57e7e8982fb7fd71ccc3d577155ec4c0ca7b28a,JF164614,,3/5/2022 19:00,15,NO CONTROLS,NO CONTROLS,UNKNOWN,UNKNOWN,REAR END,ONE-WAY,,STRAIGHT AND LEVEL,UNKNOWN,UNKNOWN,NOT ON SCENE (DESK REPORT),INJURY AND / OR TOW DUE TO CRASH,,,Y,"OVER $1,500",3/5/2022 21:00,UNABLE TO DETERMINE,NOT APPLICABLE,6230,S,LANGLEY AVE,313,,,,,,,2,NO INDICATION OF INJURY,0,0,0,0,0,2,0,19,7,3,41.78124868,-87.60854999,POINT (-87.608549985023 41.781248682466)
b46e30a32d8eb9af74d9d29d3981ba35d5e9d71bad5cc066f7756cfaf5e8d2714adb34835628b3844f25aa395b71986d81007899d65dea399fb1197e043ec222,JF157581,,2/26/2022 8:00,30,NO CONTROLS,NO CONTROLS,CLEAR,DAYLIGHT,TURNING,NOT DIVIDED,,STRAIGHT AND LEVEL,DRY,NO DEFECTS,NOT ON SCENE (DESK REPORT),NO INJURY / DRIVE AWAY,,,,"OVER $1,500",2/27/2022 11:15,IMPROPER TURNING/NO SIGNAL,IMPROPER TURNING/NO SIGNAL,1358,W,47TH ST,924,,,,,,,2,NO INDICATION OF INJURY,0,0,0,0,0,2,0,8,7,2,41.8087792,-87.66004763,POINT (-87.660047628926 41.808779196227)
fa6044a4026ff0a71eb5c98639abf85ee721969c116278b4b6f9839f45a8b013eef7e6b910bdc2fd248df997897036d7786fad10adb8d9dc68ba373b7478bd54,JE209162,,4/24/2021 20:32,30,NO CONTROLS,NO CONTROLS,CLEAR,DAYLIGHT,PARKED MOTOR VEHICLE,NOT DIVIDED,,STRAIGHT AND LEVEL,DRY,NO DEFECTS,,INJURY AND / OR TOW DUE TO CRASH,,,,"OVER $1,500",4/24/2021 21:35,UNDER THE INFLUENCE OF ALCOHOL/DRUGS (USE WHEN ARREST IS EFFECTED),IMPROPER LANE USAGE,6115,W,HIGGINS AVE,1622,,,,,,,6,NO INDICATION OF INJURY,0,0,0,0,0,1,0,20,7,4,41.97405433,-87.78134027,POINT (-87.781340274043 41.974054329598)
fd118b22347e30661890ee168291daae815c7d4bd7cea8ccd7b415dffd16eabd9b2c0a8c7209cd00bcb27830c530fe85792de3f3fcf4ae2a18cb681433ee4dae,JD317956,,8/1/2020 23:10,25,NO CONTROLS,NO CONTROLS,RAIN,"DARKNESS, LIGHTED ROAD",PARKED MOTOR VEHICLE,ONE-WAY,,STRAIGHT AND LEVEL,WET,NO DEFECTS,,NO INJURY / DRIVE AWAY,,,Y,"OVER $1,500",8/1/2020 23:30,WEATHER,NOT APPLICABLE,3641,W,62ND PL,823,,,,,,,2,NO INDICATION OF INJURY,0,0,0,0,0,1,0,23,7,8,41.7795877,-87.71469,POINT (-87.714689997614 41.779587704387)
fd7c5ca05e0017daedbbf9584f60e47ef66c35f88d2b62ed0e65f583863d38d6e79abe0aaee872a20499cc8b87a0b23f1a95e09bf36053905ce03dba70aaa487,JF179471,,3/19/2022 15:30,20,NO CONTROLS,NO CONTROLS,RAIN,DAYLIGHT,REAR END,NOT DIVIDED,,STRAIGHT AND LEVEL,WET,NO DEFECTS,NOT ON SCENE (DESK REPORT),NO INJURY / DRIVE AWAY,,,Y,"$501 - $1,500",3/19/2022 15:58,UNABLE TO DETERMINE,UNABLE TO DETERMINE,210,W,87TH ST,622,,,,,,,2,NO INDICATION OF INJURY,0,0,0,0,0,2,0,15,7,3,41.73621796,-87.62931044,POINT (-87.629310436538 41.736217960782)
b49acb7595481879b1af34c8fc370b32cbe90e49a87f655a86286c6215eb32ed7b8e410a21f99c93581db87c3341cd49ba6a3f3a9ca65c8ee5d758eac52367f5,JF157149,Y,2/26/2022 20:15,25,NO CONTROLS,NO CONTROLS,CLEAR,"DARKNESS, LIGHTED ROAD",SIDESWIPE OPPOSITE DIRECTION,DIVIDED - W/MEDIAN (NOT RAISED),,STRAIGHT AND LEVEL,DRY,NO DEFECTS,NOT ON SCENE (DESK REPORT),NO INJURY / DRIVE AWAY,,,Y,"OVER $1,500",2/26/2022 21:00,DRIVING ON WRONG SIDE/WRONG WAY,IMPROPER OVERTAKING/PASSING,5428,S,WOODLAWN AVE,233,,,,,,,2,NO INDICATION OF INJURY,0,0,0,0,0,2,0,20,7,2,41.79708186,-87.59673827,POINT (-87.596738264998 41.797081862477)
b4c7545b5392b7bc5e1572d3a159dba21ce33f6566c67f01093200a8e1a0e17c9433cb894db1155681671f1a91e7441932791b0669a414e6f1e48791ce2aaac6,JF157220,,2/26/2022 22:44,15,NO CONTROLS,NO CONTROLS,CLEAR,"DARKNESS, LIGHTED ROAD",REAR TO SIDE,ONE-WAY,,STRAIGHT AND LEVEL,DRY,NO DEFECTS,ON SCENE,NO INJURY / DRIVE AWAY,,,,"$501 - $1,500",2/26/2022 22:44,FAILING TO YIELD RIGHT-OF-WAY,NOT APPLICABLE,3,W,TERMINAL ST,1653,,Y,,,,,2,NO INDICATION OF INJURY,0,0,0,0,0,2,0,22,7,2,,,
faaae9cb94335109f72be7bd0fa66ebfb0995239a43fee72d5e593b55d7056c8fd5d9f03e18451931be6eb71607125e85b02e67c9948e33457d7e152288f84ba,JF185810,,3/25/2022 8:15,20,NO CONTROLS,NO CONTROLS,FREEZING RAIN/DRIZZLE,DAYLIGHT,PARKED MOTOR VEHICLE,ONE-WAY,,STRAIGHT AND LEVEL,WET,NO DEFECTS,ON SCENE,NO INJURY / DRIVE AWAY,,,Y,"$501 - $1,500",3/25/2022 8:20,UNABLE TO DETERMINE,NOT APPLICABLE,4608,N,KILDARE AVE,1722,,,,,,,2,NO INDICATION OF INJURY,0,0,0,0,0,1,0,8,6,3,41.96484805,-87.73591845,POINT (-87.735918448865 41.964848050294)
faedfb9c5138e3192d67a3e9bfbe44abc2ae959c37b1ddd09e41b27cd7f221df4c700b15429d794ee8a7c6f75419896627ae804ab72812f37c7934a7ea59b423,JF186539,,3/25/2022 17:00,30,NO CONTROLS,NO CONTROLS,CLEAR,DAYLIGHT,PEDESTRIAN,NOT DIVIDED,,STRAIGHT AND LEVEL,DRY,NO DEFECTS,ON SCENE,INJURY AND / OR TOW DUE TO CRASH,,,Y,"$501 - $1,500",3/25/2022 17:25,UNABLE TO DETERMINE,NOT APPLICABLE,6050,N,NORTHWEST HWY,1612,,,,,,,2,NONINCAPACITATING INJURY,1,0,0,1,0,1,0,17,6,3,41.99113674,-87.79721443,POINT (-87.797214430745 41.991136743199)
b5341fc5f6ec615a206f2293c0b02170e22aafc9c9a4892f947c17b570383125ec1ccc3e42968ab5d5a0d15d93d216e65a423e8720c9b79c0173cda52e768e72,JF156499,,2/26/2022 7:00,30,NO CONTROLS,NO CONTROLS,CLEAR,DAYLIGHT,PARKED MOTOR VEHICLE,NOT DIVIDED,,STRAIGHT AND LEVEL,UNKNOWN,UNKNOWN,NOT ON SCENE (DESK REPORT),NO INJURY / DRIVE AWAY,,,Y,"OVER $1,500",2/26/2022 9:00,UNABLE TO DETERMINE,NOT APPLICABLE,7407,W,BELMONT AVE,2511,,,,,,,2,NO INDICATION OF INJURY,0,0,0,0,0,1,0,7,7,2,41.93787023,-87.8119455,POINT (-87.811945500974 41.937870231921)
fe359fada9b58716a152e3189740a1a14b4b66d70792180bfd6d43343942a9588bba5e7e119f27f656bb3f56874f576f2cfb49944f3ed377e2cabd9595d384af,,,4/3/2022 0:47,30,NO CONTROLS,NO CONTROLS,CLEAR,DARKNESS,REAR TO REAR,NOT DIVIDED,,STRAIGHT AND LEVEL,DRY,NO DEFECTS,ON SCENE,NO INJURY / DRIVE AWAY,,,,"$501 - $1,500",4/3/2022 0:47,NOT APPLICABLE,NOT APPLICABLE,5645,W,60TH ST,812,,Y,,,,,2,NO INDICATION OF INJURY,0,0,0,0,0,5,0,0,1,4,41.78341417,-87.76373093,POINT (-87.763730926385 41.783414173208)
fbf41b2cc5ebb04a30e4b717453f47bf69954dbc293a71c38f6fe6162ffe8682f9e8b8a2043f68161fc01aa9faf65ec6a25631a5bfa06f3c1948d5ddcb9744bb,JF185805,,3/25/2022 8:05,30,NO CONTROLS,NO CONTROLS,RAIN,DAYLIGHT,REAR END,TRAFFIC ROUTE,,STRAIGHT AND LEVEL,WET,NO DEFECTS,ON SCENE,NO INJURY / DRIVE AWAY,Y,,Y,"$501 - $1,500",3/25/2022 8:13,UNABLE TO DETERMINE,UNABLE TO DETERMINE,28,E,MARQUETTE RD,322,,,,,,,2,NO INDICATION OF INJURY,0,0,0,0,0,5,0,8,6,3,41.77289938,-87.62402422,POINT (-87.624024220919 41.772899380253)
b55f8fa34e0c3c86f8b7b33f080186a51cbab94e6f9b691ab91f8d8f674b5924606b452bad6255bdd7237102f32d50c5c2ca6736be0702c1dfcfd74732d412b7,JF156647,,2/26/2022 11:30,30,NO CONTROLS,NO CONTROLS,CLEAR,DAYLIGHT,REAR END,NOT DIVIDED,,STRAIGHT AND LEVEL,UNKNOWN,NO DEFECTS,NOT ON SCENE (DESK REPORT),NO INJURY / DRIVE AWAY,,,,"OVER $1,500",2/26/2022 12:05,UNABLE TO DETERMINE,NOT APPLICABLE,6368,N,MILWAUKEE AVE,1611,,,,,,,2,NO INDICATION OF INJURY,0,0,0,0,0,2,0,11,7,2,41.99681181,-87.78754669,POINT (-87.787546684907 41.99681180921)
ff0e4b68f784f0e91f8ff4639d41be29b4ddf6f6d34caf3aa3a4490c934b64600701a7dacb91ec731b70fa2ff4929f0620bb56dc5a6ab1f32cf0806742d16f98,JF186529,,3/19/2022 17:50,30,TRAFFIC SIGNAL,FUNCTIONING PROPERLY,CLEAR,DAYLIGHT,SIDESWIPE SAME DIRECTION,DIVIDED - W/MEDIAN (NOT RAISED),,STRAIGHT AND LEVEL,DRY,NO DEFECTS,NOT ON SCENE (DESK REPORT),NO INJURY / DRIVE AWAY,,,Y,"OVER $1,500",3/25/2022 17:35,IMPROPER LANE USAGE,IMPROPER OVERTAKING/PASSING,13770,S,AVENUE O,433,,,,,,,2,NO INDICATION OF INJURY,0,0,0,0,0,2,0,17,7,3,41.64467013,-87.54009461,POINT (-87.540094605377 41.644670132198)
ce74128536ca4c19ae4edb784087511f586609f3591875d8dd3f795a4260cfc15e5b66a9c9959d05d2627ae38c2be567b1e90661e1a41e81f525b93ec13a3b90,JF149594,,2/19/2022 14:20,30,NO CONTROLS,NO CONTROLS,CLEAR,DAYLIGHT,REAR END,NOT DIVIDED,,STRAIGHT AND LEVEL,UNKNOWN,UNKNOWN,NOT ON SCENE (DESK REPORT),NO INJURY / DRIVE AWAY,,,Y,"$501 - $1,500",2/19/2022 14:45,UNABLE TO DETERMINE,UNABLE TO DETERMINE,2940,W,TOUHY AVE,2411,,,,,,,2,NO INDICATION OF INJURY,0,0,0,0,0,2,0,14,7,2,42.01208734,-87.70386564,POINT (-87.703865641476 42.01208734351)
b5d4264197421171fa2bbe11f41cef6ab8fc39457e8ba8b3d2870d2770fcac1538e0d5b8aada6f7b8cb67a43ab3f775e28914506b9869ecdcc010f185cc5ded7,JF156504,,2/26/2022 2:00,30,NO CONTROLS,NO CONTROLS,CLEAR,"DARKNESS, LIGHTED ROAD",PARKED MOTOR VEHICLE,ONE-WAY,,STRAIGHT AND LEVEL,SNOW OR SLUSH,WORN SURFACE,ON SCENE,NO INJURY / DRIVE AWAY,,,Y,"OVER $1,500",2/26/2022 9:00,NOT APPLICABLE,NOT APPLICABLE,1120,N,SPRINGFIELD AVE,1112,,,,,,,3,NO INDICATION OF INJURY,0,0,0,0,0,1,0,2,7,2,41.90152282,-87.72397363,POINT (-87.723973631576 41.901522820892)
f6049e7a33a51ba0034aa3fc4f3272a2b318414ffa28e353a822b8369f4f7323c55e21cf966f30667130401cebae816fd99abff8c3ff46d582eca2c0b17b0937,JF163822,,3/5/2022 3:06,25,NO CONTROLS,NO CONTROLS,CLEAR,"DARKNESS, LIGHTED ROAD",PARKED MOTOR VEHICLE,DIVIDED - W/MEDIAN (NOT RAISED),,STRAIGHT AND LEVEL,DRY,NO DEFECTS,ON SCENE,INJURY AND / OR TOW DUE TO CRASH,,,,"$501 - $1,500",3/5/2022 3:13,UNABLE TO DETERMINE,NOT APPLICABLE,6705,N,CALIFORNIA AVE,2412,,,,,,,2,NO INDICATION OF INJURY,0,0,0,0,0,1,0,3,7,3,42.00322756,-87.69964452,POINT (-87.699644519169 42.003227556032)