CRASH_RECORD_ID,RD_NO,CRASH_DATE_EST_I,CRASH_DATE,POSTED_SPEED_LIMIT,TRAFFIC_CONTROL_DEVICE,DEVICE_CONDITION,WEATHER_CONDITION,LIGHTING_CONDITION,FIRST_CRASH_TYPE,TRAFFICWAY_TYPE,LANE_CNT,ALIGNMENT,ROADWAY_SURFACE_COND,ROAD_DEFECT,REPORT_TYPE,CRASH_TYPE,INTERSECTION_RELATED_I,NOT_RIGHT_OF_WAY_I,HIT_AND_RUN_I,DAMAGE,DATE_POLICE_NOTIFIED,PRIM_CONTRIBUTORY_CAUSE,SEC_CONTRIBUTORY_CAUSE,STREET_NO,STREET_DIRECTION,STREET_NAME,BEAT_OF_OCCURRENCE,PHOTOS_TAKEN_I,STATEMENTS_TAKEN_I,DOORING_I,WORK_ZONE_I,WORK_ZONE_TYPE,WORKERS_PRESENT_I,NUM_UNITS,MOST_SEVERE_INJURY,INJURIES_TOTAL,INJURIES_FATAL,INJURIES_INCAPACITATING,INJURIES_NON_INCAPACITATING,INJURIES_REPORTED_NOT_EVIDENT,INJURIES_NO_INDICATION,INJURIES_UNKNOWN,CRASH_HOUR,CRASH_DAY_OF_WEEK,CRASH_MONTH,LATITUDE,LONGITUDE,LOCATION
cefebe2c896a74352f131ac16af6d4016517e2e8e30cf4254d19707dde9f002405ff3817a053542bf85965fe5a16b72b9491bbcd967517482a3745d57e6942ac,JF149679,,2/19/2022 15:30,30,STOP SIGN/FLASHER,FUNCTIONING PROPERLY,CLEAR,DAYLIGHT,TURNING,NOT DIVIDED,,STRAIGHT AND LEVEL,DRY,NO DEFECTS,ON SCENE,INJURY AND / OR TOW DUE TO CRASH,,,,"OVER $1,500",2/19/2022 16:06,DISREGARDING STOP SIGN,IMPROPER LANE USAGE,400,E,91ST ST,633,,,,,,,2,"REPORTED, NOT EVIDENT",1,0,0,0,1,1,0,15,7,2,41.7293095,-87.61422098,POINT (-87.614220981103 41.729309502536)
cf06fd4cd5d0cf1e8727bef0759912b8112f12aec43d3a48a04717c95d00a2869e620ddb6a760c706e83aa0304b14a01411b3bb260adb759bc00d6269c05d9ba,JF149751,,2/19/2022 17:00,30,TRAFFIC SIGNAL,FUNCTIONING PROPERLY,CLEAR,"DARKNESS, LIGHTED ROAD",REAR END,NOT DIVIDED,,STRAIGHT AND LEVEL,DRY,NO DEFECTS,NOT ON SCENE (DESK REPORT),NO INJURY / DRIVE AWAY,,,,"OVER $1,500",2/19/2022 17:30,NOT APPLICABLE,NOT APPLICABLE,820,S,CLARK ST,123,,,,,,,2,NO INDICATION OF INJURY,0,0,0,0,0,2,0,17,7,2,41.87183858,-87.63074692,POINT (-87.630746923877 41.871838574669)
fda1e8d681fd2e39ae9d5c659dcb5b3756910f5cd55349fedac31eb4ddf3bcc6cec497369744f0a65be3a914cd33a9711189ec99f06874701155e2a3669ab1d3,JF189146,,3/25/2022 12:00,30,TRAFFIC SIGNAL,FUNCTIONING PROPERLY,CLEAR,DAYLIGHT,REAR TO FRONT,DIVIDED - W/MEDIAN BARRIER,,STRAIGHT AND LEVEL,DRY,NO DEFECTS,NOT ON SCENE (DESK REPORT),NO INJURY / DRIVE AWAY,,,,"OVER $1,500",3/28/2022 11:45,IMPROPER BACKING,NOT APPLICABLE,5555,N,HARLEM AVE,1612,,,,,,,2,NO INDICATION OF INJURY,0,0,0,0,0,2,0,12,6,3,41.98237929,-87.80679443,POINT (-87.806794425998 41.982379285018)
cf472651864ce806048b98f37a15113aff0e7f98ce92f60128f3b47d31548fdf81116f61b8b14a1cdba28dab315f74d44043ab0a113d7e5820ebfb32d96fa014,JF149309,N,2/19/2022 9:10,30,NO CONTROLS,NO CONTROLS,CLEAR,DAYLIGHT,PARKED MOTOR VEHICLE,NOT DIVIDED,,STRAIGHT AND LEVEL,DRY,NO DEFECTS,NOT ON SCENE (DESK REPORT),NO INJURY / DRIVE AWAY,,,Y,"OVER $1,500",2/19/2022 9:30,DRIVING SKILLS/KNOWLEDGE/EXPERIENCE,NOT APPLICABLE,1039,N,LA SALLE DR,1824,,,,,,,2,NO INDICATION OF INJURY,0,0,0,0,0,1,0,9,7,2,41.90180914,-87.63270985,POINT (-87.632709852918 41.901809134987)
f6682dba40e84d2d3edb0af74668af3ef47ec9c14bd5788c12070454884f6a2b1970fc63bca80df4e6313a3af25d46d4d74ddee3253aeee748d2988180026495,JF164436,,3/5/2022 16:52,25,NO CONTROLS,NO CONTROLS,CLEAR,DAYLIGHT,SIDESWIPE SAME DIRECTION,DIVIDED - W/MEDIAN (NOT RAISED),,STRAIGHT AND LEVEL,DRY,NO DEFECTS,ON SCENE,NO INJURY / DRIVE AWAY,,,,"OVER $1,500",3/5/2022 17:15,FAILING TO YIELD RIGHT-OF-WAY,FAILING TO YIELD RIGHT-OF-WAY,910,N,WESTERN AVE,1212,,,,,,,2,NO INDICATION OF INJURY,0,0,0,0,0,4,0,16,7,3,41.89794607,-87.68704565,POINT (-87.68704565089 41.89794606462)
f69488b23a09874ef6118f1948e06603f93dc2e57b7f4825759ed4b61e712a38d8ef60a67ed7dfe966da78a438df406d5467219edced62915b92dafb53973340,JF164699,,3/5/2022 21:48,30,TRAFFIC SIGNAL,FUNCTIONING PROPERLY,RAIN,"DARKNESS, LIGHTED ROAD",OTHER NONCOLLISION,FOUR WAY,,STRAIGHT AND LEVEL,WET,"RUT, HOLES",NOT ON SCENE (DESK REPORT),NO INJURY / DRIVE AWAY,Y,,,"OVER $1,500",3/5/2022 23:45,UNABLE TO DETERMINE,UNABLE TO DETERMINE,6300,S,UNIVERSITY AVE,314,,,,,,,1,NO INDICATION OF INJURY,0,0,0,0,0,1,0,21,7,3,41.78044977,-87.59739197,POINT (-87.59739196556 41.780449771586)
f6ca4979cd56a6678b267af2ca176758cbfaf15a21a065df3a272fe93cfb31b63748fbe7ff444935b30807df276a8254b920a2c6378b8b9c4ad1194a08fc5ae8,JF164347,,3/5/2022 15:48,30,NO CONTROLS,NO CONTROLS,CLEAR,DAYLIGHT,PARKED MOTOR VEHICLE,NOT DIVIDED,,STRAIGHT AND LEVEL,DRY,NO DEFECTS,ON SCENE,NO INJURY / DRIVE AWAY,,,Y,"OVER $1,500",3/5/2022 15:48,UNABLE TO DETERMINE,NOT APPLICABLE,5008,N,CLARK ST,2032,,,,,,,2,NO INDICATION OF INJURY,0,0,0,0,0,1,0,15,7,3,41.97279137,-87.66810945,POINT (-87.668109448824 41.972791367723)
fe87a1f96e0fe488bd375c905e0cef1294f09bfc8726c49b9d858c08ef4ff3a4385ca9808600459b8927d899c0167c43b1c8e860a03676d9787a4ca8894fe9bb,JF186565,,3/25/2022 12:00,30,NO CONTROLS,NO CONTROLS,CLEAR,DAYLIGHT,PARKED MOTOR VEHICLE,ONE-WAY,,STRAIGHT AND LEVEL,DRY,UNKNOWN,NOT ON SCENE (DESK REPORT),NO INJURY / DRIVE AWAY,,,Y,"OVER $1,500",3/25/2022 18:40,UNABLE TO DETERMINE,UNABLE TO DETERMINE,5245,W,VAN BUREN ST,1522,,,,,,,2,NO INDICATION OF INJURY,0,0,0,0,0,1,0,12,6,3,41.87471775,-87.75666674,POINT (-87.756666737431 41.874717748973)
f7544d8cea7149ab321dc524ae730f40b1c9097a99e6b043c1274f934b28b79030ee087105d8e9c81d6d7e0052b8b9f6ab3cd72f8d629e7e37e502e022881789,JF164409,,3/5/2022 16:51,30,STOP SIGN/FLASHER,FUNCTIONING PROPERLY,CLEAR,DAYLIGHT,ANGLE,NOT DIVIDED,,STRAIGHT AND LEVEL,DRY,NO DEFECTS,ON SCENE,INJURY AND / OR TOW DUE TO CRASH,Y,,,"OVER $1,500",3/5/2022 16:52,DISREGARDING STOP SIGN,UNABLE TO DETERMINE,8500,S,JEFFERY BLVD,412,,,,,,,3,NO INDICATION OF INJURY,0,0,0,0,0,2,0,16,7,3,41.74060212,-87.57592146,POINT (-87.575921460076 41.7406021145)
d06a31e0f5e57dc8e138c5246f6d14e89a4c680a306427d5d09fe1ff8900878be0100e15bac4c931195b099ef814ebbb1fbfc5bd46920070a1d9abc73b1f6f4d,JF150016,,2/19/2022 22:45,30,NO CONTROLS,NO CONTROLS,CLEAR,"DARKNESS, LIGHTED ROAD",SIDESWIPE SAME DIRECTION,DIVIDED - W/MEDIAN BARRIER,,STRAIGHT AND LEVEL,DRY,NO DEFECTS,ON SCENE,INJURY AND / OR TOW DUE TO CRASH,,,,"OVER $1,500",2/19/2022 22:45,UNABLE TO DETERMINE,UNABLE TO DETERMINE,4735,S,CICERO AVE,815,,,,,,,2,NO INDICATION OF INJURY,0,0,0,0,0,2,0,22,7,2,41.80657206,-87.74297702,POINT (-87.742977018188 41.806572064393)
f7f3f857a790d1193e3849c9fbdeb03ca57bef15a1ae7e9ce12c6c45303f0ef0a0b75681eaf0a0ec14d0c158657a35446bf07107ed046b0e92ae31d0a012376a,JF164283,,3/5/2022 15:00,30,TRAFFIC SIGNAL,UNKNOWN,UNKNOWN,UNKNOWN,SIDESWIPE SAME DIRECTION,NOT DIVIDED,,STRAIGHT AND LEVEL,UNKNOWN,UNKNOWN,NOT ON SCENE (DESK REPORT),NO INJURY / DRIVE AWAY,Y,,,"OVER $1,500",3/5/2022 15:10,IMPROPER LANE USAGE,DRIVING SKILLS/KNOWLEDGE/EXPERIENCE,3696,S,ARCHER AVE,912,,,,,,,2,NO INDICATION OF INJURY,0,0,0,0,0,2,0,15,7,3,41.82651854,-87.68420498,POINT (-87.684204982395 41.826518542923)
f843794494f5442f5799d9c6561c58c00090d148f3c4ef2a214d41063c70c59941363337e8a6e5f8b2334e8104d0637ec8219d3243df77e217a6924fb21d2e80,JF164720,,3/5/2022 23:55,30,TRAFFIC SIGNAL,FUNCTIONING PROPERLY,RAIN,"DARKNESS, LIGHTED ROAD",REAR END,NOT DIVIDED,,STRAIGHT AND LEVEL,WET,NO DEFECTS,ON SCENE,INJURY AND / OR TOW DUE TO CRASH,,,Y,"OVER $1,500",3/5/2022 23:57,WEATHER,FOLLOWING TOO CLOSELY,8248,S,KEDZIE AVE,834,,,,,,,2,NO INDICATION OF INJURY,0,0,0,0,0,2,0,23,7,3,41.74286893,-87.7023543,POINT (-87.702354303776 41.742868927418)
ff666696b07e7c36057358e892134fd6f09eb47fe1d9fafd0da4de21a63091abd463f51ab63450ce8fa4967edfda56f3b3f8aeedc76b8acedabc37988e3a5906,JF186663,,3/25/2022 18:00,30,STOP SIGN/FLASHER,FUNCTIONING PROPERLY,CLEAR,DAYLIGHT,REAR END,NOT DIVIDED,,STRAIGHT AND LEVEL,DRY,NO DEFECTS,NOT ON SCENE (DESK REPORT),NO INJURY / DRIVE AWAY,,,Y,"$501 - $1,500",3/25/2022 20:08,NOT APPLICABLE,NOT APPLICABLE,3200,W,63RD ST,823,,,,,,,2,NO INDICATION OF INJURY,0,0,0,0,0,3,0,18,6,3,41.77908151,-87.70326037,POINT (-87.703260365447 41.779081504883)
ff1707b3caa4e9ab8ff9235cb5ab4e80901767811174f6698890c5ca9f0cb0d16d33dda8079951d4df2ee8046e0faee09d24d0a14584270ee79159d6de0ba415,JF120098,,1/21/2022 16:49,30,NO CONTROLS,NO CONTROLS,CLEAR,"DARKNESS, LIGHTED ROAD",REAR TO FRONT,NOT DIVIDED,,STRAIGHT AND LEVEL,DRY,NO DEFECTS,,NO INJURY / DRIVE AWAY,,,,"$501 - $1,500",1/21/2022 17:15,UNABLE TO DETERMINE,NOT APPLICABLE,1016,W,BELMONT AVE,1924,,,,,,,2,NO INDICATION OF INJURY,0,0,0,0,0,2,0,16,6,1,41.94000902,-87.65484309,POINT (-87.654843092368 41.940009018364)
d145e4308089035d6121a0b76deed7305b060ae8e22524c3338e76800d5fbda6bc9f5eede7e0522fa9cc81e8fb3e9725784583f8993ef6afc7e15a02705b0d1e,JF149447,,2/19/2022 11:14,25,NO CONTROLS,NO CONTROLS,CLEAR,DAYLIGHT,REAR TO FRONT,ONE-WAY,,STRAIGHT AND LEVEL,DRY,NO DEFECTS,NOT ON SCENE (DESK REPORT),NO INJURY / DRIVE AWAY,,,,"OVER $1,500",2/19/2022 11:55,UNABLE TO DETERMINE,NOT APPLICABLE,4900,W,ERIE ST,1532,,,,,,,2,NO INDICATION OF INJURY,0,0,0,0,0,3,0,11,7,2,41.8923559,-87.74828785,POINT (-87.748287848382 41.892355904162)
fff06f3b88f03900bec589c8e5124f4f2850f91f8b698ee1c99b1a627807e6e2b0798abbd099178e59852695cc37bf927b9257c44e8cd9c5dde54fff60bc16e9,JF186121,,3/25/2022 11:45,30,STOP SIGN/FLASHER,FUNCTIONING PROPERLY,CLEAR,DAYLIGHT,PARKED MOTOR VEHICLE,ONE-WAY,,STRAIGHT AND LEVEL,DRY,NO DEFECTS,NOT ON SCENE (DESK REPORT),NO INJURY / DRIVE AWAY,,,Y,"OVER $1,500",3/25/2022 12:20,"OPERATING VEHICLE IN ERRATIC, RECKLESS, CARELESS, NEGLIGENT OR AGGRESSIVE MANNER",NOT APPLICABLE,10002,S,NORMAL AVE,2232,,,,,,,2,NO INDICATION OF INJURY,0,0,0,0,0,1,0,11,6,3,41.71237658,-87.6358415,POINT (-87.635841495739 41.712376579126)
fffbaacb2136c2d39babbe1c06de73ef679c6509045006cb72640f174f48dbdbc43e19da7ddf2084d1180b541c0f28a3cae1f1fb9f7931a842858f5b7fa6cb7e,JF185971,,3/25/2022 9:30,30,TRAFFIC SIGNAL,FUNCTIONING PROPERLY,CLEAR,DAYLIGHT,REAR END,NOT DIVIDED,,STRAIGHT AND LEVEL,DRY,NO DEFECTS,NOT ON SCENE (DESK REPORT),NO INJURY / DRIVE AWAY,,,Y,"OVER $1,500",3/25/2022 10:15,UNABLE TO DETERMINE,UNABLE TO DETERMINE,3630,N,WESTERN AVE,1921,,,,,,,2,NO INDICATION OF INJURY,0,0,0,0,0,2,0,9,6,3,41.94766539,-87.68843364,POINT (-87.688433635142 41.947665385791)
d2307e25058279bdd695d25eefecddf96821c4cec2f64bb5e13b6ec2c591dadc30b4b108b0a1635f372df0de673f8eb8c70d91178073bf4ff43b4e5ec7ba6372,JF149765,,2/19/2022 17:15,30,TRAFFIC SIGNAL,FUNCTIONING PROPERLY,CLEAR,DAYLIGHT,TURNING,FOUR WAY,,STRAIGHT AND LEVEL,DRY,NO DEFECTS,ON SCENE,NO INJURY / DRIVE AWAY,Y,,,"OVER $1,500",2/19/2022 17:16,"VISION OBSCURED (SIGNS, TREE LIMBS, BUILDINGS, ETC.)",UNABLE TO DETERMINE,7900,S,TALMAN AVE,835,,,,,,,2,NO INDICATION OF INJURY,0,0,0,0,0,2,0,17,7,2,41.74990531,-87.68910337,POINT (-87.689103364658 41.749905305983)
f893f351da28c01b1286f6df82c7e9379ed0f799c34296aefdfa0edf20651b66c31f83b005f074b852098dcb53c8f647b6c24b8c68f8a598dba8dd8a7bdc0e93,JF163787,,3/5/2022 2:12,30,UNKNOWN,UNKNOWN,CLEAR,"DARKNESS, LIGHTED ROAD",TURNING,DIVIDED - W/MEDIAN (NOT RAISED),,STRAIGHT AND LEVEL,DRY,UNKNOWN,ON SCENE,INJURY AND / OR TOW DUE TO CRASH,,,Y,"OVER $1,500",3/5/2022 2:21,FAILING TO YIELD RIGHT-OF-WAY,NOT APPLICABLE,3901,S,KEDZIE AVE,921,,,,,,,2,NO INDICATION OF INJURY,0,0,0,0,0,2,0,2,7,3,41.8225154,-87.70431578,POINT (-87.704315782621 41.822515403741)
d2ea9195e3a6ed0dc1276309d588723456b23d94c92bf34e98de48e230689598ee469f4b8566353e12d0125966b4c4543eea51e109b74e242017dd8c793c4a9d,JF149397,,2/19/2022 10:10,30,YIELD,NO CONTROLS,CLEAR,DAYLIGHT,REAR END,OTHER,,STRAIGHT AND LEVEL,DRY,UNKNOWN,NOT ON SCENE (DESK REPORT),NO INJURY / DRIVE AWAY,Y,,,$500 OR LESS,2/19/2022 11:05,FAILING TO YIELD RIGHT-OF-WAY,NOT APPLICABLE,7901,S,STONY ISLAND AVE,411,,,,,,,2,NO INDICATION OF INJURY,0,0,0,0,0,2,0,10,7,2,41.75144291,-87.58550589,POINT (-87.585505893341 41.751442905351)
f9ea71ba3098086f991a91816770bdf66dc6a4c5c912c8ab183ffa46e84353312d7d491dcd543e966312c53ebb8bf8adde09a6e9286bf9df4ed0ec6e7a23d535,JF164710,,3/5/2022 23:30,40,NO CONTROLS,NO CONTROLS,RAIN,"DARKNESS, LIGHTED ROAD",OTHER OBJECT,ONE-WAY,,"CURVE, LEVEL",WET,UNKNOWN,NOT ON SCENE (DESK REPORT),NO INJURY / DRIVE AWAY,,,,"OVER $1,500",3/6/2022 0:30,WEATHER,WEATHER,5649,N,LAKE SHORE DR SB,2022,,,,,,,1,NO INDICATION OF INJURY,0,0,0,0,0,1,0,23,7,3,41.98535896,-87.6529807,POINT (-87.652980694707 41.985358958389)
d30c0b06fe4c4bd21418ea95c7eeecba16e60a91a7af68a1e384d76a12270c2addd7c30cfcaf6b3883b260aa1fe07fdd31c7df7af4110e6744fb04ef17edbc1e,JF149197,,2/19/2022 4:50,30,TRAFFIC SIGNAL,FUNCTIONING PROPERLY,CLEAR,"DARKNESS, LIGHTED ROAD",REAR END,NOT DIVIDED,,STRAIGHT AND LEVEL,WET,NO DEFECTS,ON SCENE,NO INJURY / DRIVE AWAY,Y,,Y,"$501 - $1,500",2/19/2022 4:55,FOLLOWING TOO CLOSELY,UNABLE TO DETERMINE,2356,W,NORTH AVE,1434,,,,,,,3,NO INDICATION OF INJURY,0,0,0,0,0,4,0,4,7,2,41.91043305,-87.68707814,POINT (-87.687078135316 41.910433045736)
d31b02b2f276d6c78d924fdc0407adc7fe02abc7bc62a1e32b796c71e299633359c8860baae6dd74775039d27df0b69315892abe4c968c324e091833f6652162,JF149656,,2/19/2022 15:00,25,NO CONTROLS,NO CONTROLS,CLEAR,DAYLIGHT,PARKED MOTOR VEHICLE,ONE-WAY,,STRAIGHT AND LEVEL,WET,UNKNOWN,NOT ON SCENE (DESK REPORT),NO INJURY / DRIVE AWAY,,,,$500 OR LESS,2/19/2022 15:45,UNABLE TO DETERMINE,UNABLE TO DETERMINE,2606,S,SPRINGFIELD AVE,1031,,,,,,,2,NO INDICATION OF INJURY,0,0,0,0,0,1,0,15,7,2,41.84401856,-87.72224941,POINT (-87.722249406733 41.844018561672)
faea24ad605676f7ed31de9af4480e818838bba9933b94a9a5a53157669b62d9633582e53a45c9cf3bc3b86f76097eff7d514801bf6773037e2563af33c77e48,JF165039,,3/5/2022 20:30,35,TRAFFIC SIGNAL,UNKNOWN,UNKNOWN,"DARKNESS, LIGHTED ROAD",REAR TO FRONT,NOT DIVIDED,,STRAIGHT AND LEVEL,WET,UNKNOWN,NOT ON SCENE (DESK REPORT),NO INJURY / DRIVE AWAY,Y,,,"OVER $1,500",3/6/2022 11:15,UNABLE TO DETERMINE,UNABLE TO DETERMINE,4600,N,CICERO AVE,1623,,,,,,,2,NO INDICATION OF INJURY,0,0,0,0,0,2,0,20,7,3,41.96445117,-87.74777643,POINT (-87.747776431281 41.964451167552)
fac09e644debd3de3e81fd66dc5cd8893eeacb0b97b8b266de24f8435716254281dabe7d9b5bd83dcd72c1f2dc6588cf2a9bc610edb4c6cfb3b55effc9c549ab,JE388084,,9/26/2021 14:40,30,TRAFFIC SIGNAL,FUNCTIONING PROPERLY,CLEAR,DAYLIGHT,ANGLE,FOUR WAY,,STRAIGHT AND LEVEL,DRY,NO DEFECTS,,INJURY AND / OR TOW DUE TO CRASH,Y,,,"OVER $1,500",9/26/2021 16:02,DISREGARDING TRAFFIC SIGNALS,NOT APPLICABLE,4729,W,59TH ST,813,,,,,,,2,NONINCAPACITATING INJURY,2,0,0,2,0,0,0,14,1,9,41.78419815,-87.74136527,POINT (-87.741365267996 41.784198149971)
ba18b0e941083402b2e00b657b2b4a17b44dfef81b04962b9d540bc6edc62d1285a4b29c1123295fd694fb81ae09eb321b9502ebceba673970353e297bce63c7,JF156970,,2/26/2022 15:15,30,TRAFFIC SIGNAL,FUNCTIONING PROPERLY,CLEAR,DAYLIGHT,REAR END,NOT DIVIDED,,STRAIGHT AND LEVEL,DRY,UNKNOWN,NOT ON SCENE (DESK REPORT),NO INJURY / DRIVE AWAY,,,Y,"OVER $1,500",2/26/2022 17:10,UNABLE TO DETERMINE,NOT APPLICABLE,800,W,FULLERTON AVE,1932,,,,,,,2,NO INDICATION OF INJURY,0,0,0,0,0,3,0,15,7,2,41.92556279,-87.64882364,POINT (-87.648823641452 41.925562791074)
d493ef90ea3b46603a9cff4cd933137840f841b29df2ea9734cfcdb9cd50aa66b5bf86129b2077ba492dc8c944c54b42273cadbd6b42df51e36b82cc7592d5f1,JF154709,,2/19/2022 10:00,30,STOP SIGN/FLASHER,FUNCTIONING PROPERLY,UNKNOWN,DAYLIGHT,REAR END,DIVIDED - W/MEDIAN (NOT RAISED),,STRAIGHT AND LEVEL,UNKNOWN,UNKNOWN,NOT ON SCENE (DESK REPORT),NO INJURY / DRIVE AWAY,,,,"OVER $1,500",2/24/2022 14:15,UNABLE TO DETERMINE,UNABLE TO DETERMINE,1645,N,PULASKI RD,2535,,,,,,,2,NO INDICATION OF INJURY,0,0,0,0,0,4,0,10,7,2,41.91122306,-87.72622678,POINT (-87.726226783356 41.911223061197)
d4a0bd1f350aed5b0273c14f5c4449aa17f453b1bf28b51259f2edcb8a0e4e6aaef0664d3bde6dd4ad96d455e378f6947046111ffcd8ac06f4753cb45362b6b4,JF149155,,2/19/2022 2:33,30,NO CONTROLS,NO CONTROLS,CLEAR,"DARKNESS, LIGHTED ROAD",PARKED MOTOR VEHICLE,NOT DIVIDED,,STRAIGHT AND LEVEL,ICE,NO DEFECTS,,INJURY AND / OR TOW DUE TO CRASH,,,Y,"OVER $1,500",2/19/2022 2:33,UNABLE TO DETERMINE,UNABLE TO DETERMINE,4814,S,RACINE AVE,933,,,,,,,4,NO INDICATION OF INJURY,0,0,0,0,0,1,0,2,7,2,41.80642394,-87.65533126,POINT (-87.655331260617 41.806423940449)
fbca866e9697680fe6705f5df7ec3274ccfeb203e1cd3a0cc74e552543b65a540a58f73f20e50badf34a29ad1a340a9d217b905abcdbdb8368008a34801c661f,JF164701,,3/5/2022 23:47,30,NO CONTROLS,NO CONTROLS,RAIN,"DARKNESS, LIGHTED ROAD",PEDALCYCLIST,NOT DIVIDED,,STRAIGHT ON GRADE,WET,UNKNOWN,ON SCENE,NO INJURY / DRIVE AWAY,,,Y,$500 OR LESS,3/5/2022 23:47,UNABLE TO DETERMINE,NOT APPLICABLE,1342,W,NORTH AVE,1433,,,,,,,2,NO INDICATION OF INJURY,0,0,0,0,0,2,0,23,7,3,41.9108166,-87.66211403,POINT (-87.662114030018 41.910816603393)
fbcf0d64e39fa254cbe2441aa09f35f425e348a0f0cd09b3c2c03ed28395dc9fbf749dc7dd22ee3dba97634466dd9c014351531e3985dee24ac1451312111076,JF166268,,3/5/2022 8:00,30,NO CONTROLS,NO CONTROLS,CLEAR,DAYLIGHT,FIXED OBJECT,ONE-WAY,,STRAIGHT AND LEVEL,DRY,NO DEFECTS,NOT ON SCENE (DESK REPORT),NO INJURY / DRIVE AWAY,,,,"$501 - $1,500",3/7/2022 15:12,NOT APPLICABLE,NOT APPLICABLE,2875,W,19TH ST,1022,,,,,,,1,NO INDICATION OF INJURY,0,0,0,0,0,1,0,8,7,3,41.85540289,-87.69870755,POINT (-87.698707544873 41.8554028935)
fc035d8a936e9716ed3b3bf899121327e42e061612d1a6a632cf2b94b42d86ecae233d9a8ef3104fbb8c1c74f56bbdebda62d507174520f23223877977a3a047,JF165330,Y,3/5/2022 23:00,30,NO CONTROLS,NO CONTROLS,CLEAR,"DARKNESS, LIGHTED ROAD",PARKED MOTOR VEHICLE,NOT DIVIDED,,STRAIGHT AND LEVEL,UNKNOWN,NO DEFECTS,ON SCENE,NO INJURY / DRIVE AWAY,,,Y,"OVER $1,500",3/6/2022 16:03,UNABLE TO DETERMINE,UNABLE TO DETERMINE,7649,W,IRVING PARK RD,1631,,,,,,,2,NO INDICATION OF INJURY,0,0,0,0,0,1,0,23,7,3,41.95237634,-87.81903944,POINT (-87.819039434879 41.952376342111)
d5a3daeb1d0853e8d8a94bd05f59c7e3f5d4c6e7ef7da334dd23ceac96e2970b0f742ea50be4367743ded4259e081bda810d85aadc6e9ec30e08fdbc50a6b01a,JF150046,,2/19/2022 23:59,30,NO CONTROLS,NO CONTROLS,CLEAR,"DARKNESS, LIGHTED ROAD",PARKED MOTOR VEHICLE,NOT DIVIDED,,STRAIGHT AND LEVEL,DRY,NO DEFECTS,ON SCENE,INJURY AND / OR TOW DUE TO CRASH,,,,"OVER $1,500",2/20/2022 0:01,UNABLE TO DETERMINE,DRIVING SKILLS/KNOWLEDGE/EXPERIENCE,5746,W,ROOSEVELT RD,1513,,,,,,,3,NONINCAPACITATING INJURY,1,0,0,1,0,1,0,23,7,2,41.8656458,-87.76868158,POINT (-87.768681579482 41.865645799488)
baf44cbf799daf20d1c969c11e1b894115c83db04ee7e2f029fcdf4643e9178c43f7b290f453148b9c52289fa5e20eb6207ada2aeaf5bdf5b4dd2d55a2e5e492,JF157713,Y,2/26/2022 0:01,30,NO CONTROLS,NO CONTROLS,CLEAR,DARKNESS,PARKED MOTOR VEHICLE,DIVIDED - W/MEDIAN (NOT RAISED),,STRAIGHT AND LEVEL,UNKNOWN,UNKNOWN,NOT ON SCENE (DESK REPORT),NO INJURY / DRIVE AWAY,,,Y,"OVER $1,500",2/27/2022 13:45,UNABLE TO DETERMINE,UNABLE TO DETERMINE,1234,N,LARAMIE AVE,2532,,,,,,,2,NO INDICATION OF INJURY,0,0,0,0,0,1,0,0,7,2,41.90326121,-87.75594399,POINT (-87.755943985082 41.90326121158)
0924bad17df05d87c5c50bd34d9215557785a02a2611dea782ac04fb42142bc5121724401a5cb7d97250e33238bcfd45ac4bf5a1c092375140d4b022628ba221,JE322727,,8/1/2021 23:02,30,NO CONTROLS,NO CONTROLS,CLEAR,"DARKNESS, LIGHTED ROAD",PARKED MOTOR VEHICLE,NOT DIVIDED,,STRAIGHT AND LEVEL,DRY,NO DEFECTS,,INJURY AND / OR TOW DUE TO CRASH,,,,"OVER $1,500",8/1/2021 23:02,UNABLE TO DETERMINE,NOT APPLICABLE,4218,N,CALIFORNIA AVE,1724,,,,,,,2,NO INDICATION OF INJURY,0,0,0,0,0,1,0,23,1,8,41.95819331,-87.69851733,POINT (-87.698517333004 41.958193304548)
625d6e052c1979bb0d650dccc867e2a47332446920764053ca5b1f06a3323ed195c0a91f41b13cfc58aa7f07c467130bf2bde715427a843c6f16fe3850408bab,JE148287,,2/21/2021 22:35,30,NO CONTROLS,NO CONTROLS,RAIN,"DARKNESS, LIGHTED ROAD",TURNING,NOT DIVIDED,,STRAIGHT AND LEVEL,WET,NO DEFECTS,,INJURY AND / OR TOW DUE TO CRASH,Y,,Y,"OVER $1,500",2/21/2021 22:41,FAILING TO REDUCE SPEED TO AVOID CRASH,DRIVING SKILLS/KNOWLEDGE/EXPERIENCE,1058,W,BELMONT AVE,1924,,,,,,,2,"REPORTED, NOT EVIDENT",1,0,0,0,1,1,0,22,1,2,41.93998417,-87.65647879,POINT (-87.656478789305 41.939984172552)
bad5d09fff2d3182651afa067492db83004377832ff9c05502e147262969fdbfadfb1a94f153509d873d4b83d5b233770e163178b98dc27a764f518c063f53be,JF157495,Y,2/27/2022 0:00,15,NO CONTROLS,NO CONTROLS,CLEAR,UNKNOWN,PARKED MOTOR VEHICLE,ONE-WAY,,STRAIGHT AND LEVEL,DRY,NO DEFECTS,,NO INJURY / DRIVE AWAY,,,Y,"OVER $1,500",2/27/2022 9:08,UNABLE TO DETERMINE,NOT APPLICABLE,833,N,LAMON AVE,1531,,,,,,,2,NO INDICATION OF INJURY,0,0,0,0,0,1,0,0,1,2,41.89588625,-87.74813155,POINT (-87.748131549515 41.895886246949)