CRASH_RECORD_ID,RD_NO,CRASH_DATE_EST_I,CRASH_DATE,POSTED_SPEED_LIMIT,TRAFFIC_CONTROL_DEVICE,DEVICE_CONDITION,WEATHER_CONDITION,LIGHTING_CONDITION,FIRST_CRASH_TYPE,TRAFFICWAY_TYPE,LANE_CNT,ALIGNMENT,ROADWAY_SURFACE_COND,ROAD_DEFECT,REPORT_TYPE,CRASH_TYPE,INTERSECTION_RELATED_I,NOT_RIGHT_OF_WAY_I,HIT_AND_RUN_I,DAMAGE,DATE_POLICE_NOTIFIED,PRIM_CONTRIBUTORY_CAUSE,SEC_CONTRIBUTORY_CAUSE,STREET_NO,STREET_DIRECTION,STREET_NAME,BEAT_OF_OCCURRENCE,PHOTOS_TAKEN_I,STATEMENTS_TAKEN_I,DOORING_I,WORK_ZONE_I,WORK_ZONE_TYPE,WORKERS_PRESENT_I,NUM_UNITS,MOST_SEVERE_INJURY,INJURIES_TOTAL,INJURIES_FATAL,INJURIES_INCAPACITATING,INJURIES_NON_INCAPACITATING,INJURIES_REPORTED_NOT_EVIDENT,INJURIES_NO_INDICATION,INJURIES_UNKNOWN,CRASH_HOUR,CRASH_DAY_OF_WEEK,CRASH_MONTH,LATITUDE,LONGITUDE,LOCATION
fd42ae9735fcaaa957ef743abf0b62ef12ef046699995589f599f41553b17621268bb3784aff3491e719f23ca7785916c5bdaae424f792d456068c4f079edcec,JF164553,,3/5/2022 18:05,30,TRAFFIC SIGNAL,FUNCTIONING PROPERLY,CLEAR,"DARKNESS, LIGHTED ROAD",REAR TO SIDE,NOT DIVIDED,,STRAIGHT AND LEVEL,DRY,NO DEFECTS,NOT ON SCENE (DESK REPORT),NO INJURY / DRIVE AWAY,,,,"OVER $1,500",3/5/2022 19:45,UNABLE TO DETERMINE,NOT APPLICABLE,3612,N,HARLEM AVE,1631,,,,,,,2,NO INDICATION OF INJURY,0,0,0,0,0,2,0,18,7,3,41.94567937,-87.80716758,POINT (-87.807167577556 41.945679364838)
d78b6e990f7780f0ec9f694087ef315edad15723a066f7c011888b3dbd9efc3f79ce3bc6dd01425e96b00f53e0db93bb4220a828c88bb8182eef1882cd23b743,JF151396,,2/19/2022 22:00,25,NO CONTROLS,NO CONTROLS,CLEAR,DARKNESS,PARKED MOTOR VEHICLE,ONE-WAY,,STRAIGHT AND LEVEL,DRY,NO DEFECTS,NOT ON SCENE (DESK REPORT),NO INJURY / DRIVE AWAY,,,,"OVER $1,500",2/21/2022 13:25,UNABLE TO DETERMINE,UNABLE TO DETERMINE,4824,N,HARDING AVE,1712,,,,,,,2,NO INDICATION OF INJURY,0,0,0,0,0,1,0,22,7,2,41.96906392,-87.72698597,POINT (-87.726985970349 41.969063920291)
bc82b70804dbfdeee3a885b9db3f97ae105bb0ae526f4a10b0f8faa361ed2c07be7d2a2a6b81ecd8c8853b596e05a7d2b0ffec05f1f23593f99b6ef4357122cd,JF156650,,2/26/2022 11:50,30,NO CONTROLS,NO CONTROLS,CLEAR,DAYLIGHT,PARKED MOTOR VEHICLE,NOT DIVIDED,,STRAIGHT AND LEVEL,DRY,NO DEFECTS,NOT ON SCENE (DESK REPORT),NO INJURY / DRIVE AWAY,,,,"OVER $1,500",2/26/2022 12:02,PHYSICAL CONDITION OF DRIVER,DRIVING SKILLS/KNOWLEDGE/EXPERIENCE,3127,W,DOUGLAS BLVD,1022,,,,,,,4,NO INDICATION OF INJURY,0,0,0,0,0,1,0,11,7,2,41.86241733,-87.70414951,POINT (-87.704149512611 41.862417333926)
d79c5fa719196290f6ac28d13d26a1088330abd637214929072fe6ae1671f8dd6e948908987f795d69e1c00d5df860c886b6a122fbdb6d2956901f7b6eae01c6,JF155432,,2/19/2022 15:30,15,NO CONTROLS,NO CONTROLS,CLEAR,DAYLIGHT,SIDESWIPE SAME DIRECTION,ROUNDABOUT,,STRAIGHT AND LEVEL,DRY,NO DEFECTS,NOT ON SCENE (DESK REPORT),NO INJURY / DRIVE AWAY,,Y,,"OVER $1,500",2/25/2022 9:35,UNABLE TO DETERMINE,UNABLE TO DETERMINE,2330,N,HALSTED ST,1812,,,,,,,2,NO INDICATION OF INJURY,0,0,0,0,0,2,0,15,7,2,41.92456761,-87.64887518,POINT (-87.648875181947 41.924567605971)
d7aab7be7e8929dde24c2e18a25fddf7d8516b91895dafebbf5d214c9fed3b0c8c61f7e433524fcd471a851a652eee034fbaebfe1a2aa62687eaf92c006788bf,JF419119,,2/19/2022 20:34,40,TRAFFIC SIGNAL,FUNCTIONING PROPERLY,CLEAR,"DARKNESS, LIGHTED ROAD",SIDESWIPE SAME DIRECTION,DIVIDED - W/MEDIAN BARRIER,,STRAIGHT AND LEVEL,DRY,NO DEFECTS,ON SCENE,INJURY AND / OR TOW DUE TO CRASH,,,Y,"OVER $1,500",2/19/2022 20:40,FAILING TO YIELD RIGHT-OF-WAY,NOT APPLICABLE,1400,S,LAKE SHORE DR E,132,,,,,,,2,"REPORTED, NOT EVIDENT",1,0,0,0,1,1,0,20,7,2,41.86411696,-87.61894998,POINT (-87.618949975476 41.864116957253)
fdb738b9828a5eab4fb6e810c172061955ffc29843ab721cf7f06d20f9ac715f7808ed76266a2400d0202646d2b8eeef7f73db4a40938c823ce298f82dc7df32,JF167623,,3/5/2022 14:45,30,STOP SIGN/FLASHER,FUNCTIONING PROPERLY,CLEAR,DAYLIGHT,PARKED MOTOR VEHICLE,T-INTERSECTION,,STRAIGHT AND LEVEL,DRY,NO DEFECTS,NOT ON SCENE (DESK REPORT),NO INJURY / DRIVE AWAY,Y,,Y,"OVER $1,500",3/8/2022 19:24,IMPROPER TURNING/NO SIGNAL,NOT APPLICABLE,650,E,91ST PL,633,,,,,,,2,NO INDICATION OF INJURY,0,0,0,0,0,1,0,14,7,3,41.72850759,-87.60747108,POINT (-87.607471082292 41.72850758629)
06fde4bb455e26f2328c538eeb8d787267241c34a290d9e18b349b1a2cd00b4b3eefb8a46f229dc923bef078a9d9b613c3d24aa8912ba2ee6332d193a1cf11c5,JD434527,,11/18/2020 4:55,30,TRAFFIC SIGNAL,FUNCTIONING PROPERLY,CLEAR,"DARKNESS, LIGHTED ROAD",REAR END,DIVIDED - W/MEDIAN (NOT RAISED),,STRAIGHT AND LEVEL,DRY,NO DEFECTS,,INJURY AND / OR TOW DUE TO CRASH,,,Y,"OVER $1,500",11/18/2020 4:58,FOLLOWING TOO CLOSELY,NOT APPLICABLE,3952,W,63RD ST,823,,,,,,,4,NONINCAPACITATING INJURY,1,0,0,1,0,3,0,4,4,11,41.77877148,-87.72241103,POINT (-87.722411032861 41.778771474711)
0b31ae8befa2e79668af2c0ed45d35a34a0aa80d092436205d5f51cc9c2b0fcada2b7d27d3f0bc369b0b06263f1533b4db8c2eb8a3bf8b897d8ea685462199de,JC396604,,8/17/2019 16:04,30,NO CONTROLS,NO CONTROLS,CLEAR,DAYLIGHT,PARKED MOTOR VEHICLE,PARKING LOT,,STRAIGHT AND LEVEL,DRY,NO DEFECTS,,NO INJURY / DRIVE AWAY,,,Y,"$501 - $1,500",8/17/2019 18:30,UNABLE TO DETERMINE,UNABLE TO DETERMINE,3700,N,WESTERN AVE,1921,,,,,,,2,NO INDICATION OF INJURY,0,0,0,0,0,1,0,16,7,8,41.94863688,-87.68845751,POINT (-87.688457506457 41.948636883802)
d8990e5ca5ce16772dbf27cafaed9a62369989b0aac6b98c473c18d535d749a1da60ffc25b618be8f2a4bdd6d13701e184ef659be55de184f1bfba1f805633f3,JF150058,N,2/19/2022 21:51,30,NO CONTROLS,NO CONTROLS,UNKNOWN,"DARKNESS, LIGHTED ROAD",REAR END,DIVIDED - W/MEDIAN (NOT RAISED),,STRAIGHT AND LEVEL,UNKNOWN,NO DEFECTS,NOT ON SCENE (DESK REPORT),NO INJURY / DRIVE AWAY,,,,"$501 - $1,500",2/19/2022 23:00,FOLLOWING TOO CLOSELY,FAILING TO REDUCE SPEED TO AVOID CRASH,2024,N,HALSTED ST,1812,,,,,,,2,NO INDICATION OF INJURY,0,0,0,0,0,2,0,21,7,2,41.9189432,-87.64868497,POINT (-87.64868497024 41.918943198725)
d910ba6b9dee9346f4818d4d10f07b2f1461f55dd7cd605433fd0d14276224e702a09c582d2345e446c68bcaffd08ac325b9b545bbcce6d552c0bfa3940d24f1,JF149424,,2/19/2022 11:30,40,DELINEATORS,FUNCTIONING PROPERLY,CLEAR,DAYLIGHT,REAR END,DIVIDED - W/MEDIAN BARRIER,,STRAIGHT AND LEVEL,DRY,NO DEFECTS,ON SCENE,NO INJURY / DRIVE AWAY,,,,"OVER $1,500",2/19/2022 11:31,DRIVING SKILLS/KNOWLEDGE/EXPERIENCE,NOT APPLICABLE,900,N,LAKE SHORE DR SB,1833,,,,,,,2,NO INDICATION OF INJURY,0,0,0,0,0,2,0,11,7,2,41.89932228,-87.61873843,POINT (-87.618738433114 41.899322278833)
be76b721464c5dd103fc6b42ad2d1263c8535aeea4fbd1995a7216ca5a3bc98f63bf874520495254885c386b579a4c0070201bf191430cf8422b8445ec079382,JF158573,,2/26/2022 17:00,25,NO CONTROLS,NO CONTROLS,UNKNOWN,UNKNOWN,PARKED MOTOR VEHICLE,NOT DIVIDED,,STRAIGHT AND LEVEL,UNKNOWN,NO DEFECTS,NOT ON SCENE (DESK REPORT),NO INJURY / DRIVE AWAY,,,Y,"OVER $1,500",2/28/2022 11:45,UNABLE TO DETERMINE,UNABLE TO DETERMINE,1343,N,CLEVELAND AVE,1821,,,,,,,2,NO INDICATION OF INJURY,0,0,0,0,0,1,0,17,7,2,41.90694652,-87.64074187,POINT (-87.640741865647 41.906946519057)
da0d82245cccf1c6ccfb380f08115d24b2903abeadf5f3d278bd1589d88543bdcc03a5cbfd0c445fcea7d6d578d48231652fee2db2e9e048c572e7d7d7860b0f,JF149507,,2/19/2022 11:11,30,STOP SIGN/FLASHER,FUNCTIONING PROPERLY,CLEAR,DAYLIGHT,REAR TO FRONT,ONE-WAY,,STRAIGHT AND LEVEL,DRY,NO DEFECTS,NOT ON SCENE (DESK REPORT),NO INJURY / DRIVE AWAY,Y,,,"OVER $1,500",2/19/2022 14:17,IMPROPER BACKING,NOT APPLICABLE,4229,W,ALTGELD ST,2524,,,,,,,2,NO INDICATION OF INJURY,0,0,0,0,0,2,0,11,7,2,41.92612802,-87.73288705,POINT (-87.73288704835 41.926128023311)
be4c7ca3cc3465c194e1a8d181874e961e919fc9a4f19fab1ec356352e1f6c47dc8ac02907326b6b4c0cb3f56473a094fe5617cf8b783be9ac2a9e3b9e0c8d49,JC518677,,11/21/2019 8:15,30,NO CONTROLS,NO CONTROLS,RAIN,DAYLIGHT,ANGLE,NOT DIVIDED,,STRAIGHT AND LEVEL,WET,NO DEFECTS,,INJURY AND / OR TOW DUE TO CRASH,,,,"OVER $1,500",11/21/2019 8:23,IMPROPER LANE USAGE,WEATHER,1641,S,CALIFORNIA BLVD,1023,,,,,,,3,NO INDICATION OF INJURY,0,0,0,0,0,2,0,8,5,11,41.85799482,-87.69550802,POINT (-87.695508015959 41.857994815427)
fdd4fa4e986747d54a64ef4ae345c6aee440cd3ce72074a72a9b885b112c42889472287a0cd7872b0eb653ebb9f5c4e6fb1a27c83081e5127127dfeea8fc8184,JD263751,,6/13/2020 7:50,30,STOP SIGN/FLASHER,FUNCTIONING PROPERLY,CLEAR,DAYLIGHT,PEDESTRIAN,DIVIDED - W/MEDIAN (NOT RAISED),,STRAIGHT AND LEVEL,DRY,NO DEFECTS,,INJURY AND / OR TOW DUE TO CRASH,Y,,Y,$500 OR LESS,6/14/2020 10:51,FAILING TO REDUCE SPEED TO AVOID CRASH,NOT APPLICABLE,1771,W,33RD PL,912,,,,,,,2,INCAPACITATING INJURY,1,0,1,0,0,1,0,7,7,6,41.83308438,-87.67033691,POINT (-87.6703369112 41.833084378183)
bf796c20a45c255b8e4d03dc7f081bb7174ac616d732708e653d0e0403f7c8ebaafcd99ee316807a2983545468030d6702d390f427108d477b642657f1ce92eb,JF157582,,2/26/2022 17:00,30,NO CONTROLS,NO CONTROLS,CLEAR,"DARKNESS, LIGHTED ROAD",PARKED MOTOR VEHICLE,DIVIDED - W/MEDIAN (NOT RAISED),,STRAIGHT AND LEVEL,DRY,NO DEFECTS,NOT ON SCENE (DESK REPORT),NO INJURY / DRIVE AWAY,,,Y,"$501 - $1,500",2/27/2022 11:15,UNABLE TO DETERMINE,UNABLE TO DETERMINE,2857,W,ROOSEVELT RD,1022,,,,,,,2,NO INDICATION OF INJURY,0,0,0,0,0,1,0,17,7,2,41.86637252,-87.69820077,POINT (-87.698200770095 41.866372517268)
0d4827d0aaa190fc673a7d72f5953ab44ec5f16046699eb3cb090ae5e0f15ad2cba5f75ac7b20554ac701e06226c2a889740608bb80d99f4e12bc3f0103235dd,,,4/3/2022 18:25,30,NO CONTROLS,NO CONTROLS,CLEAR,DAYLIGHT,SIDESWIPE SAME DIRECTION,OTHER,,STRAIGHT AND LEVEL,DRY,NO DEFECTS,NOT ON SCENE (DESK REPORT),NO INJURY / DRIVE AWAY,,,,$500 OR LESS,4/3/2022 19:00,UNABLE TO DETERMINE,NOT APPLICABLE,2600,N,KEDZIE AVE,1412,,,,,,,2,NO INDICATION OF INJURY,0,0,0,0,0,2,0,18,1,4,41.92842183,-87.70802578,POINT (-87.708025776257 41.928421829663)
bfbe1ae5d3a4937b33ad315ca912bd8e40fb7941af28a606667b6014542bac02e8c5bd19a820ad07302abde53681a0aa9e1be729915e81a2b7ae9a2a2f5820b4,JF156880,,2/26/2022 14:45,30,NO CONTROLS,NO CONTROLS,CLEAR,DAYLIGHT,PARKED MOTOR VEHICLE,NOT DIVIDED,,STRAIGHT AND LEVEL,DRY,NO DEFECTS,NOT ON SCENE (DESK REPORT),NO INJURY / DRIVE AWAY,,,Y,"OVER $1,500",2/26/2022 16:00,"OPERATING VEHICLE IN ERRATIC, RECKLESS, CARELESS, NEGLIGENT OR AGGRESSIVE MANNER",NOT APPLICABLE,10350,S,HALSTED ST,2232,,,,,,,2,NO INDICATION OF INJURY,0,0,0,0,0,1,0,14,7,2,41.70540991,-87.64293476,POINT (-87.642934761694 41.705409912825)
bfec793c2a8f26efd2bfc24f4b734cde8a304db8a8c20c72a63a5dd613b0ff47994ffefbe8dbaf7852f3c705205a0145b015d090a12185d3bdd256905a25fb31,JF157455,,2/26/2022 14:30,30,NO CONTROLS,NO CONTROLS,CLEAR,DAYLIGHT,REAR TO FRONT,UNKNOWN,,STRAIGHT AND LEVEL,DRY,NO DEFECTS,ON SCENE,NO INJURY / DRIVE AWAY,,,Y,"OVER $1,500",2/26/2022 14:31,IMPROPER BACKING,NOT APPLICABLE,1,W,71ST ST,323,,,,,,,2,NO INDICATION OF INJURY,0,0,0,0,0,4,0,14,7,2,41.76534348,-87.62493431,POINT (-87.624934312056 41.765343480316)
c06cd9732a41ac9ebd0278460034a9234d691b5bccf54cab9b67d58d16fb9b9970ba8be7137f957e5147d90edde0e2b43caf3fd087764c6d33cb94f6ae73f7a3,JF157205,,2/26/2022 21:26,0,NO CONTROLS,NO CONTROLS,CLEAR,DARKNESS,FIXED OBJECT,ALLEY,,STRAIGHT AND LEVEL,SNOW OR SLUSH,UNKNOWN,ON SCENE,INJURY AND / OR TOW DUE TO CRASH,,Y,Y,"$501 - $1,500",2/26/2022 22:02,UNABLE TO DETERMINE,NOT APPLICABLE,2259,S,AVERS AVE,1013,,,,,,,1,NO INDICATION OF INJURY,0,0,0,0,0,1,0,21,7,2,41.84993772,-87.7209003,POINT (-87.720900302038 41.849937716174)
c07e75dd4e0a66f9911f0ea9bf76ffda66a2fe67bb4927195ddf880352b0fc42d3cf307b51c0ad48d935f606481d72329940c82da61065da75e4ca6ce3cac7e7,JF157009,,2/26/2022 17:35,30,YIELD,NO CONTROLS,CLEAR,DUSK,TURNING,UNKNOWN INTERSECTION TYPE,,STRAIGHT AND LEVEL,DRY,NO DEFECTS,ON SCENE,INJURY AND / OR TOW DUE TO CRASH,,,,"OVER $1,500",2/26/2022 17:35,FAILING TO YIELD RIGHT-OF-WAY,UNABLE TO DETERMINE,4249,S,ARCHER AVE,921,,,,,,,2,"REPORTED, NOT EVIDENT",1,0,0,0,1,2,0,17,7,2,41.81612222,-87.7007033,POINT (-87.700703300348 41.816122222642)
c0bc3025499c50ee0a3bfc7575bc9d267a6d231f2da23655f2ca8e1cfccb8996d8ccfe418302d4d39f64d542d0974704257d66ad6d8f6913f6babce62d34486a,JF156530,,2/26/2022 9:40,35,NO CONTROLS,NO CONTROLS,CLEAR,DAYLIGHT,TURNING,NOT DIVIDED,,STRAIGHT AND LEVEL,DRY,NO DEFECTS,ON SCENE,NO INJURY / DRIVE AWAY,,,,"OVER $1,500",2/26/2022 9:45,IMPROPER LANE USAGE,NOT APPLICABLE,10310,S,KEDZIE AVE,2211,,,,,,,2,NO INDICATION OF INJURY,0,0,0,0,0,2,0,9,7,2,41.70580307,-87.70145989,POINT (-87.701459890129 41.705803066077)
c1459c3d85717a29dab30f83c9702ca20976ffe969d049c29e4f474afcbeabdf355ddb5eb3857378cfdc7248d0127a96ad80f62b3f8029757800ea9c6697ae54,JF157110,,2/26/2022 19:45,30,TRAFFIC SIGNAL,FUNCTIONING PROPERLY,SNOW,"DARKNESS, LIGHTED ROAD",TURNING,FOUR WAY,,STRAIGHT AND LEVEL,SNOW OR SLUSH,UNKNOWN,ON SCENE,INJURY AND / OR TOW DUE TO CRASH,Y,,,"OVER $1,500",2/26/2022 19:47,FAILING TO YIELD RIGHT-OF-WAY,FOLLOWING TOO CLOSELY,9500,S,STONY ISLAND AVE,511,,,,,,,2,NONINCAPACITATING INJURY,2,0,0,2,0,1,0,19,7,2,41.72225727,-87.58527557,POINT (-87.585275565077 41.722257273006)
dc1a35be9a61200acbe32e1d03464486afcfd81e6680f915bd822c48aecce43b1e72bc58e5ba1613d5aa5db38a9af547fd5b3ab39f7de570e1a394038dd7528f,JF149175,,2/19/2022 3:32,30,TRAFFIC SIGNAL,FUNCTIONING PROPERLY,SNOW,"DARKNESS, LIGHTED ROAD",TURNING,FOUR WAY,,STRAIGHT AND LEVEL,UNKNOWN,UNKNOWN,ON SCENE,INJURY AND / OR TOW DUE TO CRASH,Y,,,"OVER $1,500",2/19/2022 3:35,FAILING TO YIELD RIGHT-OF-WAY,NOT APPLICABLE,2002,N,HALSTED ST,1812,,,,,,,2,NO INDICATION OF INJURY,0,0,0,0,0,2,0,3,7,2,41.91832325,-87.64866198,POINT (-87.648661975734 41.918323250252)
c162f85f6b25bf162f51db3003439c2d9375bf897e74892ffac5317c53e6b622cd7a910072f95593111514f29cbba825a8b6de20d4975554ca0f7638beececc2,JF156973,,2/26/2022 16:50,30,NO CONTROLS,NOT FUNCTIONING,CLEAR,DAYLIGHT,PARKED MOTOR VEHICLE,NOT DIVIDED,,STRAIGHT AND LEVEL,SNOW OR SLUSH,NO DEFECTS,ON SCENE,NO INJURY / DRIVE AWAY,,,Y,"$501 - $1,500",2/26/2022 16:53,DRIVING SKILLS/KNOWLEDGE/EXPERIENCE,DRIVING SKILLS/KNOWLEDGE/EXPERIENCE,113,E,58TH ST,232,,,,,,,2,NO INDICATION OF INJURY,0,0,0,0,0,2,0,16,7,2,41.78914144,-87.62172784,POINT (-87.621727835442 41.789141441711)
dc577e90772ef5fe33f9ccbd7e3048f1129214739d0cecfe4d6cad9b9843bacda1536b433dede9939802201bebe7d7ace25440bfbe4eb16b5baaaa888459ae88,JF149731,,2/19/2022 16:25,30,NO CONTROLS,NO CONTROLS,CLEAR,DAYLIGHT,TURNING,NOT DIVIDED,,STRAIGHT AND LEVEL,DRY,NO DEFECTS,NOT ON SCENE (DESK REPORT),NO INJURY / DRIVE AWAY,,,,"OVER $1,500",2/19/2022 17:05,FAILING TO YIELD RIGHT-OF-WAY,UNABLE TO DETERMINE,59,E,11TH ST,123,,,,,,,2,NO INDICATION OF INJURY,0,0,0,0,0,3,0,16,7,2,41.86917472,-87.62523732,POINT (-87.62523731593 41.869174723573)
c1bb6fb40a1ff3a9d6a85ec92e1a9c95cbc77d53e06d79847adc3d4c130be9915b6fc3479e626451593130c72c444c9cdfdb4e157c99e3181590ae197db12787,JF162752,,2/26/2022 10:00,20,NO CONTROLS,NO CONTROLS,UNKNOWN,UNKNOWN,PARKED MOTOR VEHICLE,ONE-WAY,,STRAIGHT AND LEVEL,UNKNOWN,UNKNOWN,NOT ON SCENE (DESK REPORT),NO INJURY / DRIVE AWAY,,,Y,"OVER $1,500",3/4/2022 8:30,UNABLE TO DETERMINE,NOT APPLICABLE,12754,S,MORGAN ST,523,,,,,,,2,NO INDICATION OF INJURY,0,0,0,0,0,1,0,10,7,2,41.66148587,-87.64637947,POINT (-87.646379468308 41.661485874481)
c24dc4cfb870fb9d4aa497784983b180d08fdf723a8a3bfc7bf0e9a2b65bb6e6ad7f0ea87646910c973c95009263cd066a66b1a5d07ea50fcd2d20bdb3e7416c,JF157020,,2/26/2022 17:00,30,NO CONTROLS,NO CONTROLS,OTHER,UNKNOWN,PARKED MOTOR VEHICLE,PARKING LOT,,STRAIGHT AND LEVEL,UNKNOWN,NO DEFECTS,ON SCENE,NO INJURY / DRIVE AWAY,,Y,Y,"OVER $1,500",2/26/2022 17:16,UNABLE TO DETERMINE,UNABLE TO DETERMINE,1340,S,CANAL ST,124,,,,,,,2,NO INDICATION OF INJURY,0,0,0,0,0,3,0,17,7,2,41.86452119,-87.6393041,POINT (-87.639304099636 41.864521193744)
c315db3bb1da0cd96cd57413f0c528e5be733f0636b8bd0f081d4c3bd230717d1f7fdde5310881c6171fd0e34cca7da1a7fe891a190f1bb2077a32fe109867e3,JF156878,,2/26/2022 15:40,30,NO CONTROLS,NO CONTROLS,CLEAR,DAYLIGHT,REAR END,NOT DIVIDED,,STRAIGHT AND LEVEL,DRY,NO DEFECTS,ON SCENE,INJURY AND / OR TOW DUE TO CRASH,,,,"OVER $1,500",2/26/2022 15:47,UNABLE TO DETERMINE,UNABLE TO DETERMINE,510,E,79TH ST,624,,,,,,,3,NONINCAPACITATING INJURY,4,0,0,4,0,5,0,15,7,2,41.75127626,-87.61202626,POINT (-87.612026255066 41.75127625742)
dde387aef7b5846bd6094c4d60c3c1b546471d7e48025b0ffa687c70f8cb6e611640353f16cfaafe5cd24dc3c79ea0c01b42a14b3127acd74d6a73f5a3e77fa9,JF149592,,2/19/2022 9:30,10,NO CONTROLS,NO CONTROLS,CLEAR,DAYLIGHT,SIDESWIPE OPPOSITE DIRECTION,PARKING LOT,,STRAIGHT ON GRADE,DRY,NO DEFECTS,NOT ON SCENE (DESK REPORT),NO INJURY / DRIVE AWAY,,,,"OVER $1,500",2/19/2022 14:43,NOT APPLICABLE,NOT APPLICABLE,1720,S,MICHIGAN AVE,131,,,,,,,2,NO INDICATION OF INJURY,0,0,0,0,0,2,0,9,7,2,41.85843777,-87.62409342,POINT (-87.624093414598 41.858437772179)
de0793dc00265031ce4fae0bb3f023b9035f33fbacff1e4fd4456fbc8d6a7ecf6ce456290ac134a42fe492165a628ad726310219fb3dbfb6c1d8595d371ae738,JF149906,N,2/19/2022 20:09,30,NO CONTROLS,NO CONTROLS,CLEAR,"DARKNESS, LIGHTED ROAD",PARKED MOTOR VEHICLE,NOT DIVIDED,,STRAIGHT AND LEVEL,ICE,NO DEFECTS,ON SCENE,INJURY AND / OR TOW DUE TO CRASH,,,,"OVER $1,500",2/19/2022 20:09,"OPERATING VEHICLE IN ERRATIC, RECKLESS, CARELESS, NEGLIGENT OR AGGRESSIVE MANNER","OPERATING VEHICLE IN ERRATIC, RECKLESS, CARELESS, NEGLIGENT OR AGGRESSIVE MANNER",4436,W,MONROE ST,1113,,,,,,,5,NO INDICATION OF INJURY,0,0,0,0,0,1,0,20,7,2,41.87973699,-87.73693679,POINT (-87.736936786587 41.879736985346)
de23aa60629473564369dadbf470d8cc22a58b1fe8a32adad2325a4f834138bcaff9cfdc2c1b3b64b2ed6b1483ee6454187b7af6f7ef1a53f9e1e22aa2e77c52,JF149440,,2/19/2022 12:00,30,NO CONTROLS,NO CONTROLS,CLEAR,DAYLIGHT,REAR END,NOT DIVIDED,,STRAIGHT AND LEVEL,DRY,NO DEFECTS,ON SCENE,NO INJURY / DRIVE AWAY,,,,"$501 - $1,500",2/19/2022 12:01,FAILING TO YIELD RIGHT-OF-WAY,UNABLE TO DETERMINE,6349,S,CENTRAL AVE,813,,,,,,,2,NO INDICATION OF INJURY,0,0,0,0,0,2,0,12,7,2,41.77660745,-87.76152201,POINT (-87.761522008368 41.776607452019)
df2619d8d2651d833ba9671825c4965b308a6c7c39bc26b2889704f13573eb4e35151377abed803d5dda2ec787e8ca7a0b69a74aeaa73dc737f2f3363bb462de,JF149917,,2/19/2022 20:40,35,NO CONTROLS,NO CONTROLS,CLEAR,"DARKNESS, LIGHTED ROAD",ANGLE,ONE-WAY,,STRAIGHT AND LEVEL,DRY,NO DEFECTS,ON SCENE,INJURY AND / OR TOW DUE TO CRASH,Y,,,"OVER $1,500",2/19/2022 20:41,UNABLE TO DETERMINE,NOT APPLICABLE,4800,S,MICHIGAN AVE,224,,,,,,,2,NO INDICATION OF INJURY,0,0,0,0,0,2,0,20,7,2,41.807373,-87.62293056,POINT (-87.622930554709 41.807373001937)
df4a3eafc7e13b7b5f5b7d10d367cc963a194b5abd2a41edf900a299ee2f8f2c225a2ba3ac84bb32eae404cf4fdc43e4d8199095b5735dd1571c5852b06835e9,JF149192,,2/19/2022 4:29,30,UNKNOWN,UNKNOWN,CLEAR,"DARKNESS, LIGHTED ROAD",FIXED OBJECT,FOUR WAY,,STRAIGHT AND LEVEL,SNOW OR SLUSH,NO DEFECTS,ON SCENE,INJURY AND / OR TOW DUE TO CRASH,,,,"OVER $1,500",2/19/2022 4:33,UNABLE TO DETERMINE,NOT APPLICABLE,4001,W,WASHINGTON BLVD,1115,,,,,,,1,NO INDICATION OF INJURY,0,0,0,0,0,1,0,4,7,2,41.88184591,-87.72585415,POINT (-87.7258541524 41.881845910686)
c4cf48de2d8d83c6087a466cf6a6383265872bdc50bc3a246a2ec298bca5e5fd2daba0d891cccda4063d422ccc70e2464fe7aa1f4f610411e648121afd27e11c,JF156773,,2/26/2022 13:30,35,TRAFFIC SIGNAL,FUNCTIONING PROPERLY,CLEAR,DAYLIGHT,ANGLE,NOT DIVIDED,,STRAIGHT AND LEVEL,DRY,WORN SURFACE,ON SCENE,INJURY AND / OR TOW DUE TO CRASH,Y,,Y,"OVER $1,500",2/26/2022 13:38,UNABLE TO DETERMINE,NOT APPLICABLE,7600,S,LOOMIS BLVD,612,,,,,,,2,INCAPACITATING INJURY,2,0,1,0,1,1,0,13,7,2,41.75579046,-87.65887512,POINT (-87.65887512225 41.755790457308)
e1967f98a91deeef4c0d770cdb328b8d9b1cd6d61070e2b9189b11985db6c3e8a00ca3abe75076c35d3dc738cb916c12892b291fd278e7ca4b8e26d4e9458e69,JF150393,,2/19/2022 17:30,5,NO CONTROLS,NO CONTROLS,CLEAR,DAYLIGHT,REAR END,OTHER,,STRAIGHT AND LEVEL,WET,NO DEFECTS,NOT ON SCENE (DESK REPORT),NO INJURY / DRIVE AWAY,,,,"$501 - $1,500",2/20/2022 13:10,UNABLE TO DETERMINE,UNABLE TO DETERMINE,4112,S,WESTERN AVE,921,,,,,,,3,NO INDICATION OF INJURY,0,0,0,0,0,3,0,17,7,2,41.81886561,-87.68485457,POINT (-87.684854565287 41.81886561238)