CRASH_RECORD_ID,RD_NO,CRASH_DATE_EST_I,CRASH_DATE,POSTED_SPEED_LIMIT,TRAFFIC_CONTROL_DEVICE,DEVICE_CONDITION,WEATHER_CONDITION,LIGHTING_CONDITION,FIRST_CRASH_TYPE,TRAFFICWAY_TYPE,LANE_CNT,ALIGNMENT,ROADWAY_SURFACE_COND,ROAD_DEFECT,REPORT_TYPE,CRASH_TYPE,INTERSECTION_RELATED_I,NOT_RIGHT_OF_WAY_I,HIT_AND_RUN_I,DAMAGE,DATE_POLICE_NOTIFIED,PRIM_CONTRIBUTORY_CAUSE,SEC_CONTRIBUTORY_CAUSE,STREET_NO,STREET_DIRECTION,STREET_NAME,BEAT_OF_OCCURRENCE,PHOTOS_TAKEN_I,STATEMENTS_TAKEN_I,DOORING_I,WORK_ZONE_I,WORK_ZONE_TYPE,WORKERS_PRESENT_I,NUM_UNITS,MOST_SEVERE_INJURY,INJURIES_TOTAL,INJURIES_FATAL,INJURIES_INCAPACITATING,INJURIES_NON_INCAPACITATING,INJURIES_REPORTED_NOT_EVIDENT,INJURIES_NO_INDICATION,INJURIES_UNKNOWN,CRASH_HOUR,CRASH_DAY_OF_WEEK,CRASH_MONTH,LATITUDE,LONGITUDE,LOCATION
e2cf700e18b3574d08b61612103f19206c8546527d13f2f2520672570590c01e59122d69188e74eb0ddbdb0e63a13b5570eecf39018e9bbf3ac8d08f75856f59,JF149552,,2/19/2022 13:37,35,TRAFFIC SIGNAL,FUNCTIONING PROPERLY,CLEAR,DAYLIGHT,TURNING,FOUR WAY,,STRAIGHT AND LEVEL,DRY,NO DEFECTS,ON SCENE,INJURY AND / OR TOW DUE TO CRASH,Y,Y,,"OVER $1,500",2/19/2022 13:55,FAILING TO YIELD RIGHT-OF-WAY,UNABLE TO DETERMINE,7100,S,RACINE AVE,734,,,,,,,2,NONINCAPACITATING INJURY,1,0,0,1,0,2,0,13,7,2,41.76500934,-87.65426109,POINT (-87.65426109003 41.765009339506)
c8fef8e84b1c6e2d3cb87b477bd085298f1fd7495bbac138a2622ab14f2e84b2dc05258e223da150ed5cecbccb892e3dd02f2df47f0d312f2d03abfe1d45004e,JF156336,,2/26/2022 2:15,30,NO CONTROLS,NO CONTROLS,CLEAR,"DARKNESS, LIGHTED ROAD",PARKED MOTOR VEHICLE,DIVIDED - W/MEDIAN (NOT RAISED),,STRAIGHT AND LEVEL,DRY,NO DEFECTS,ON SCENE,INJURY AND / OR TOW DUE TO CRASH,,,,"OVER $1,500",2/26/2022 2:16,UNABLE TO DETERMINE,UNABLE TO DETERMINE,1635,N,NARRAGANSETT AVE,2513,,,,,,,2,NO INDICATION OF INJURY,0,0,0,0,0,2,0,2,7,2,41.91019636,-87.78488929,POINT (-87.784889291798 41.910196356467)
ca236d2c55675bdf52d52ba4d5538fd5aca926c009d9a66f4b08e17daa915ce86ac673e4073aebfb0f163250fc6a07746ba06c2911f50821d84f138007382829,JF159588,,2/26/2022 13:45,30,NO CONTROLS,NO CONTROLS,CLEAR,DAYLIGHT,REAR END,NOT DIVIDED,,STRAIGHT AND LEVEL,DRY,NO DEFECTS,NOT ON SCENE (DESK REPORT),NO INJURY / DRIVE AWAY,,,,"$501 - $1,500",3/1/2022 11:00,UNABLE TO DETERMINE,NOT APPLICABLE,1607,W,FULLERTON AVE,1811,,,,,,,2,NO INDICATION OF INJURY,0,0,0,0,0,2,0,13,7,2,41.92503697,-87.66851499,POINT (-87.668514990308 41.925036971007)
ca46ad3f20e22c0d18a43c4e2af31612e7cf985f1bb4c68281d94c16ec15271ffd4f3a570a0ce28993be080179e08ffaa97eaad108d06ce37e75a515d8799ecf,JF156888,,2/26/2022 15:49,35,STOP SIGN/FLASHER,NO CONTROLS,CLEAR,DAYLIGHT,ANGLE,NOT DIVIDED,,STRAIGHT AND LEVEL,DRY,NO DEFECTS,ON SCENE,NO INJURY / DRIVE AWAY,Y,,Y,"OVER $1,500",2/26/2022 15:50,FAILING TO REDUCE SPEED TO AVOID CRASH,UNABLE TO DETERMINE,5600,S,WABASH AVE,225,,,,,,,2,NO INDICATION OF INJURY,0,0,0,0,0,2,0,15,7,2,41.79278004,-87.624184,POINT (-87.624184000384 41.792780036175)
e469df91b3125025fd4f46046c9494e64354ec3496c5795d68f43554dbf991177224d1bd77b888810aed95a37d94c2e856cec3290030814f0f2538167fc1ccfa,JF149838,,2/19/2022 18:28,30,TRAFFIC SIGNAL,FUNCTIONING PROPERLY,CLEAR,DARKNESS,SIDESWIPE SAME DIRECTION,NOT DIVIDED,,STRAIGHT AND LEVEL,DRY,NO DEFECTS,NOT ON SCENE (DESK REPORT),NO INJURY / DRIVE AWAY,,,Y,"OVER $1,500",2/19/2022 18:40,UNABLE TO DETERMINE,NOT APPLICABLE,7,S,AUSTIN BLVD,1513,,,,,,,2,NO INDICATION OF INJURY,0,0,0,0,0,2,0,18,7,2,41.87984222,-87.77450037,POINT (-87.774500370506 41.879842218712)
cd1d6fcc7df727d4cd789614531c989fa4702a9e668ef7ad25ce129122ddbbc43022e0c700fceaf3f52bec72b826a6116e936df18466bbe18e5157a119070137,JF157190,,2/26/2022 19:00,10,NO CONTROLS,NO CONTROLS,CLEAR,"DARKNESS, LIGHTED ROAD",PARKED MOTOR VEHICLE,PARKING LOT,,STRAIGHT AND LEVEL,DRY,NO DEFECTS,NOT ON SCENE (DESK REPORT),NO INJURY / DRIVE AWAY,,,Y,"OVER $1,500",2/26/2022 22:00,UNABLE TO DETERMINE,UNABLE TO DETERMINE,1200,S,CANAL ST,124,,,,,,,2,NO INDICATION OF INJURY,0,0,0,0,0,1,0,19,7,2,41.86717513,-87.63937581,POINT (-87.639375812581 41.86717512472)
cd22bf256c4162590aa1282cb64f4216e9b38895e6012306e98b80d1e442f4e2220e1336196f50ae7136589fb79240b66d7a14ded00ed4ff5f8e43b907a10eab,JF156325,,2/26/2022 1:36,30,TRAFFIC SIGNAL,FUNCTIONING PROPERLY,CLEAR,DARKNESS,SIDESWIPE SAME DIRECTION,ONE-WAY,,STRAIGHT AND LEVEL,DRY,NO DEFECTS,ON SCENE,INJURY AND / OR TOW DUE TO CRASH,,,Y,"OVER $1,500",2/26/2022 1:37,UNABLE TO DETERMINE,UNABLE TO DETERMINE,1,W,GARFIELD BLVD,225,,,,,,,3,"REPORTED, NOT EVIDENT",3,0,0,0,3,2,0,1,7,2,41.79418876,-87.6257394,POINT (-87.625739398572 41.794188761171)
cd2676089e9aad86e125579421e89970cff713cd4c64425f93ad89bb3c8f9beb4da4f8f4fe3e6937085f40059885a1f373ec22d1e010cfc9355c65f5bfa71ec6,JF156601,,2/26/2022 7:00,15,NO CONTROLS,NO CONTROLS,CLEAR,DAYLIGHT,PARKED MOTOR VEHICLE,ONE-WAY,,STRAIGHT AND LEVEL,DRY,NO DEFECTS,NOT ON SCENE (DESK REPORT),NO INJURY / DRIVE AWAY,,,,"OVER $1,500",2/26/2022 11:00,NOT APPLICABLE,NOT APPLICABLE,3234,N,LAWNDALE AVE,1732,,,,,,,2,NO INDICATION OF INJURY,0,0,0,0,0,1,0,7,7,2,41.94023474,-87.72002595,POINT (-87.720025952711 41.940234738119)
ce3d58bbf445d17604ad1d1a3dcd5b7c22be404f34d7523330a902e6827659d251c31ad5696900da95281b76e9d95575dad137fc08c004acf3c00c05392b4201,JF156526,,2/26/2022 9:09,30,TRAFFIC SIGNAL,FUNCTIONING PROPERLY,CLEAR,DAYLIGHT,SIDESWIPE SAME DIRECTION,FOUR WAY,,STRAIGHT AND LEVEL,DRY,NO DEFECTS,NOT ON SCENE (DESK REPORT),NO INJURY / DRIVE AWAY,Y,,,"OVER $1,500",2/26/2022 9:48,FAILING TO YIELD RIGHT-OF-WAY,FAILING TO YIELD RIGHT-OF-WAY,3200,W,87TH ST,834,,,,,,,2,NO INDICATION OF INJURY,0,0,0,0,0,2,0,9,7,2,41.73529567,-87.70221902,POINT (-87.702219018846 41.735295669627)
ce7f6c1a47a325043027034c820e9acad317e4c6b7a0fd892427da20951adf2aefda4ccc3d1f0b91f3f46c4841c2ee8e0818f8bdafd077c4e7d07d9ee7e0967f,JF156523,,2/26/2022 9:25,25,NO CONTROLS,NO CONTROLS,CLEAR,DAYLIGHT,PARKED MOTOR VEHICLE,ONE-WAY,,STRAIGHT AND LEVEL,DRY,NO DEFECTS,ON SCENE,NO INJURY / DRIVE AWAY,,,,"$501 - $1,500",2/26/2022 9:26,UNABLE TO DETERMINE,UNABLE TO DETERMINE,5822,S,NATCHEZ AVE,811,,,,,,,2,NO INDICATION OF INJURY,0,0,0,0,0,1,0,9,7,2,41.78608256,-87.78416757,POINT (-87.784167570439 41.786082561505)
e812b04838c6e814c16121fd663ae5f24289b722be62b8c7fc2b4fcab379e58ab331f4490baba5d34a414e4442d3096730cf7a06b284cf01f7b3fcb4ca762497,JF149849,,2/19/2022 18:30,30,TRAFFIC SIGNAL,FUNCTIONING PROPERLY,CLEAR,"DARKNESS, LIGHTED ROAD",REAR END,NOT DIVIDED,,STRAIGHT AND LEVEL,DRY,NO DEFECTS,NOT ON SCENE (DESK REPORT),NO INJURY / DRIVE AWAY,,,,"OVER $1,500",2/19/2022 19:15,UNABLE TO DETERMINE,NOT APPLICABLE,937,N,KEDZIE AVE,1211,,,,,,,2,NO INDICATION OF INJURY,0,0,0,0,0,2,0,18,7,2,41.89849007,-87.70650477,POINT (-87.706504765681 41.898490069876)
cfa6fd53e1ef61535b59ff6002d512f6922bbeef73299903343af37f20e31a53b653662554aef93132d4f8a0775ca9b229c28324b922111075403bf2d39ca9c4,JF156416,,2/26/2022 5:17,30,NO CONTROLS,NO CONTROLS,CLEAR,DAWN,SIDESWIPE OPPOSITE DIRECTION,DIVIDED - W/MEDIAN (NOT RAISED),,STRAIGHT AND LEVEL,DRY,NO DEFECTS,ON SCENE,INJURY AND / OR TOW DUE TO CRASH,,,Y,"OVER $1,500",2/26/2022 5:17,DRIVING ON WRONG SIDE/WRONG WAY,UNABLE TO DETERMINE,6004,S,PULASKI RD,813,,,,,,,2,NO INDICATION OF INJURY,0,0,0,0,0,2,0,5,7,2,41.78395803,-87.72305664,POINT (-87.723056637288 41.783958026945)
189cc4a66782bc6437ecc4cb2ea5313a5973744bf5eb17e786251d4eecd40c168ecfefc99a831c60ba0a50bff325d473b988272e685af6c880513b4d23324550,JE132785,,2/4/2021 21:26,30,NO CONTROLS,NO CONTROLS,SNOW,"DARKNESS, LIGHTED ROAD",PARKED MOTOR VEHICLE,DIVIDED - W/MEDIAN (NOT RAISED),,STRAIGHT AND LEVEL,ICE,NO DEFECTS,,INJURY AND / OR TOW DUE TO CRASH,,,Y,"OVER $1,500",2/4/2021 21:26,UNABLE TO DETERMINE,UNABLE TO DETERMINE,4930,W,BELMONT AVE,1634,,,,,,,2,NO INDICATION OF INJURY,0,0,0,0,0,1,0,21,5,2,41.93888718,-87.75068246,POINT (-87.750682461315 41.938887180355)
18dad1010ab6b3e6017faf1ac711d98bde8c699c4a2d821ec16d331a53b75a1a0bd0f57b37f630cb5633cc04dc28f448ff0673610add4c068fcdf52ad0271666,JC407592,,8/26/2019 9:00,30,STOP SIGN/FLASHER,FUNCTIONING PROPERLY,RAIN,DAYLIGHT,ANGLE,FOUR WAY,,STRAIGHT AND LEVEL,WET,NO DEFECTS,,INJURY AND / OR TOW DUE TO CRASH,Y,,,"OVER $1,500",8/26/2019 9:01,FAILING TO YIELD RIGHT-OF-WAY,UNABLE TO DETERMINE,3631,S,CALIFORNIA AVE,911,Y,Y,,Y,UTILITY,Y,2,FATAL,3,1,0,2,0,0,0,9,2,8,41.82738642,-87.69459472,POINT (-87.694594722641 41.827386420685)
e85a680d5b280822e8e3361d9d0d06aa51940db3d11e05986f890d6b11b78e81b7a88d47ff3ec911b4f9d8bccabbbf59f68306a53d7e6cf38e7798148bf242e2,JF149617,,2/19/2022 14:25,30,TRAFFIC SIGNAL,FUNCTIONING PROPERLY,CLEAR,DAYLIGHT,ANGLE,DIVIDED - W/MEDIAN (NOT RAISED),,STRAIGHT AND LEVEL,DRY,NO DEFECTS,ON SCENE,INJURY AND / OR TOW DUE TO CRASH,Y,,Y,"OVER $1,500",2/19/2022 15:17,DISREGARDING TRAFFIC SIGNALS,NOT APPLICABLE,4258,W,MADISON ST,1115,,,,,,,2,NONINCAPACITATING INJURY,1,0,0,1,0,1,0,14,7,2,41.88075012,-87.73290463,POINT (-87.732904632987 41.880750118661)
e8fd41b39b14de484118bf911e2fc6886f293be65a606085924d49cd65f90c5d02f53ab87d77c2a5d8b80e93e9b951c3ff037519d654d53b83e1c2d5f68f3096,JF153449,,2/19/2022 4:30,30,NO CONTROLS,NO CONTROLS,UNKNOWN,"DARKNESS, LIGHTED ROAD",PARKED MOTOR VEHICLE,ONE-WAY,,STRAIGHT AND LEVEL,UNKNOWN,UNKNOWN,NOT ON SCENE (DESK REPORT),NO INJURY / DRIVE AWAY,,,Y,"OVER $1,500",2/23/2022 11:25,UNABLE TO DETERMINE,NOT APPLICABLE,1329,S,LAWNDALE AVE,1011,,,,,,,2,NO INDICATION OF INJURY,0,0,0,0,0,1,0,4,7,2,41.86351114,-87.71763175,POINT (-87.717631744849 41.863511141283)
e9b2f94b32fa323b724e5244d5feecd03a13399b4ea8fef93b0fa6e09541da0c63d441a445725009e86bbe658c9a98b02510a07f4aa18eeb5c05b5ae8cb36f81,JF149289,Y,2/19/2022 0:10,30,NO CONTROLS,NO CONTROLS,CLEAR,DAYLIGHT,PARKED MOTOR VEHICLE,ONE-WAY,,STRAIGHT AND LEVEL,UNKNOWN,NO DEFECTS,ON SCENE,NO INJURY / DRIVE AWAY,,,Y,"OVER $1,500",2/19/2022 9:00,UNABLE TO DETERMINE,UNABLE TO DETERMINE,4732,W,ARTHINGTON ST,1131,,,,,,,2,NO INDICATION OF INJURY,0,0,0,0,0,1,0,0,7,2,41.86966847,-87.74376713,POINT (-87.743767129416 41.869668466726)
d179b09e1f2f15db554fea2d7cfc0549fa4a903df07773c4ae364e42f0f73a2f933ebb152566195b563d25dc3fab337d3d4ac2beaef9318fd000f0d20efd7644,JF156950,,2/26/2022 16:30,30,NO CONTROLS,NO CONTROLS,CLEAR,DAYLIGHT,REAR END,DIVIDED - W/MEDIAN (NOT RAISED),,STRAIGHT AND LEVEL,DRY,NO DEFECTS,ON SCENE,NO INJURY / DRIVE AWAY,,,Y,"OVER $1,500",2/26/2022 17:00,FOLLOWING TOO CLOSELY,UNABLE TO DETERMINE,2801,N,CLYBOURN AVE,1931,,,,,,,2,NO INDICATION OF INJURY,0,0,0,0,0,3,0,16,7,2,41.93245417,-87.67815581,POINT (-87.678155804924 41.932454164814)
d1f89f057989155fa40672e65011905877ee6447933c2c09491300a5816562a0181fb91568611ab5731b22ca0032546d36cda25a369b8f368cd75f2bef6fc7d7,JF157497,,2/26/2022 14:00,30,STOP SIGN/FLASHER,NO CONTROLS,SNOW,DAYLIGHT,SIDESWIPE SAME DIRECTION,UNKNOWN INTERSECTION TYPE,,STRAIGHT AND LEVEL,SNOW OR SLUSH,NO DEFECTS,NOT ON SCENE (DESK REPORT),NO INJURY / DRIVE AWAY,Y,,Y,"OVER $1,500",2/27/2022 9:30,UNABLE TO DETERMINE,UNABLE TO DETERMINE,600,S,LAWNDALE AVE,1133,,,,,,,2,NO INDICATION OF INJURY,0,0,0,0,0,2,0,14,7,2,41.87347473,-87.71823763,POINT (-87.718237625036 41.873474729386)
d217b70df3dd523e69ddf462e2ae1bc776167ab5997a1fc5d9cf3754bcc48c5d36a6affab06674f03885d6ad4bfea63b57e135c544680b4a644d2e7c13cf36d3,JF156845,,2/26/2022 13:40,30,TRAFFIC SIGNAL,FUNCTIONING PROPERLY,CLEAR,DAYLIGHT,TURNING,NOT DIVIDED,,STRAIGHT AND LEVEL,DRY,NO DEFECTS,NOT ON SCENE (DESK REPORT),INJURY AND / OR TOW DUE TO CRASH,,,,"$501 - $1,500",2/26/2022 15:20,FAILING TO YIELD RIGHT-OF-WAY,FAILING TO REDUCE SPEED TO AVOID CRASH,2419,N,HARLEM AVE,2512,,,,,,,2,"REPORTED, NOT EVIDENT",1,0,0,0,1,6,0,13,7,2,41.92398712,-87.80610743,POINT (-87.806107431847 41.923987118572)
d2f3e4dff47689790bbdf55b1ff545afbf329ddf0ecd7487ed0ec29b9ebed4bd1035a5fe60329e796137dece3a87f91ebdfa0bbe7a243639775ff81468a6c579,JF158959,Y,2/26/2022 22:30,10,NO CONTROLS,NO CONTROLS,UNKNOWN,"DARKNESS, LIGHTED ROAD",PEDESTRIAN,PARKING LOT,,STRAIGHT AND LEVEL,UNKNOWN,UNKNOWN,NOT ON SCENE (DESK REPORT),INJURY AND / OR TOW DUE TO CRASH,,Y,Y,"OVER $1,500",2/28/2022 15:30,"OPERATING VEHICLE IN ERRATIC, RECKLESS, CARELESS, NEGLIGENT OR AGGRESSIVE MANNER",NOT APPLICABLE,7601,S,CICERO AVE,833,,,,,,,2,INCAPACITATING INJURY,1,0,1,0,0,1,0,22,7,2,41.75466012,-87.74138476,POINT (-87.741384758605 41.754660124394)
d36344a74dc52f4253f9e03cde3ccae30689facd0da37b911e7c6f122a47f7d7a4d2ba8eb4dc621c5eadaecd8f69f86d99b24883e3315fad688752b0079bd3e7,JF156916,,2/26/2022 15:23,30,STOP SIGN/FLASHER,NO CONTROLS,CLEAR,DAYLIGHT,TURNING,NOT DIVIDED,,STRAIGHT AND LEVEL,DRY,NO DEFECTS,,NO INJURY / DRIVE AWAY,,,Y,"OVER $1,500",2/26/2022 16:34,IMPROPER TURNING/NO SIGNAL,IMPROPER TURNING/NO SIGNAL,1753,N,MILWAUKEE AVE,1434,,,,,,,2,NO INDICATION OF INJURY,0,0,0,0,0,3,0,15,7,2,41.91334247,-87.68182248,POINT (-87.681822480813 41.913342468232)
eb414f2f8c96ff4da53c67834cd200a4e19f3fbe126ffa26cea350d4527c1d98a8f47119d7cf1455fb767fc8a91292d4952138f2cb08a895bb54e75f25c16d1a,JF149222,,2/19/2022 2:00,15,NO CONTROLS,NO CONTROLS,SNOW,"DARKNESS, LIGHTED ROAD",PARKED MOTOR VEHICLE,NOT DIVIDED,,STRAIGHT AND LEVEL,SNOW OR SLUSH,UNKNOWN,NOT ON SCENE (DESK REPORT),NO INJURY / DRIVE AWAY,,,Y,"OVER $1,500",2/19/2022 7:00,NOT APPLICABLE,NOT APPLICABLE,2401,W,OGDEN AVE,1023,,,,,,,2,NO INDICATION OF INJURY,0,0,0,0,0,1,0,2,7,2,41.86464673,-87.68600251,POINT (-87.686002512195 41.864646729616)
d5e1b654ec35c740357a163cc5f0c44b2ab1882cb4a29a5a1b41734beaff78f986b2a1d97cb1a8aa91ff02c3e96dbd048a35239760545cf158881293e68f192c,JF156781,,2/26/2022 13:11,30,NO CONTROLS,NO CONTROLS,CLEAR,DAYLIGHT,TURNING,NOT DIVIDED,,STRAIGHT AND LEVEL,UNKNOWN,UNKNOWN,NOT ON SCENE (DESK REPORT),NO INJURY / DRIVE AWAY,,,Y,"$501 - $1,500",2/26/2022 14:30,UNABLE TO DETERMINE,UNABLE TO DETERMINE,3150,W,36TH ST,911,,,,,,,2,NO INDICATION OF INJURY,0,0,0,0,0,2,0,13,7,2,41.82819597,-87.70412768,POINT (-87.704127678529 41.828195971051)
1447c34c5e164b8d7951a0d6a2b2a3acfb545f229bf050d48a3a3f9ffd2fbed41971d28e2890f8889f5b8e87585319d7b316359c1a8df796629a6176dd9c0c6c,JD400125,,10/15/2020 11:30,30,NO CONTROLS,UNKNOWN,CLEAR,DAYLIGHT,PARKED MOTOR VEHICLE,ONE-WAY,,STRAIGHT AND LEVEL,DRY,NO DEFECTS,,NO INJURY / DRIVE AWAY,,,,"OVER $1,500",10/15/2020 11:35,UNABLE TO DETERMINE,FAILING TO REDUCE SPEED TO AVOID CRASH,1236,W,73RD PL,734,,,,,,,2,NO INDICATION OF INJURY,0,0,0,0,0,1,0,11,5,10,41.76059592,-87.65547044,POINT (-87.655470442405 41.760595915013)
1461f0eb99f295fbe531ff12536004217058a590f0a284ea90ce9ac20b053f113aaac5fc88013ed44901d4c497381459167c18801de06420b0975836de06eecb,JE382146,,9/21/2021 13:35,30,NO CONTROLS,NO CONTROLS,FREEZING RAIN/DRIZZLE,DAYLIGHT,SIDESWIPE SAME DIRECTION,NOT DIVIDED,,STRAIGHT AND LEVEL,WET,DEBRIS ON ROADWAY,,NO INJURY / DRIVE AWAY,,,,"$501 - $1,500",9/21/2021 14:35,ROAD CONSTRUCTION/MAINTENANCE,UNABLE TO DETERMINE,9940,S,EWING AVE,432,,,,,,,2,NO INDICATION OF INJURY,0,0,0,0,0,3,0,13,3,9,41.71452491,-87.53542348,POINT (-87.535423478353 41.714524909699)
d5e25c9dec4b49f1d3df1693b426540edee4e8782c66decda05d844ccc2a4e15b3023623ed1ad50ade1d25128865ca289e6ef5d2fe992e9348e39d6a32a24796,JD456412,,12/11/2020 17:03,30,STOP SIGN/FLASHER,FUNCTIONING PROPERLY,RAIN,"DARKNESS, LIGHTED ROAD",ANGLE,NOT DIVIDED,,STRAIGHT AND LEVEL,WET,NO DEFECTS,,NO INJURY / DRIVE AWAY,Y,,,"$501 - $1,500",12/11/2020 18:05,FAILING TO YIELD RIGHT-OF-WAY,UNABLE TO DETERMINE,9900,S,PROSPECT AVE,2213,,,,,,,2,NO INDICATION OF INJURY,0,0,0,0,0,2,0,17,6,12,41.71387845,-87.66345399,POINT (-87.663453986593 41.713878450892)
d5f5eccc52f452be424d89c78d66d3869e3b17f863e05bf6b03af7d4a3e2c322e68a636efb687b09d60e9c5eb4b515ecda1e3c045009094eb7f6c9f20456633f,JE426676,,10/29/2021 13:30,30,TRAFFIC SIGNAL,FUNCTIONING PROPERLY,RAIN,DAYLIGHT,TURNING,NOT DIVIDED,,STRAIGHT AND LEVEL,WET,UNKNOWN,,INJURY AND / OR TOW DUE TO CRASH,,,,"$501 - $1,500",10/29/2021 13:59,FAILING TO YIELD RIGHT-OF-WAY,IMPROPER OVERTAKING/PASSING,3960,W,26TH ST,1013,,,,,,,2,NONINCAPACITATING INJURY,1,0,0,1,0,1,0,13,6,10,41.84436504,-87.72449252,POINT (-87.724492520268 41.844365037785)
d5fe556712007749693856c0d6c30b91d9df1c7773cd66c0ea652675341109b07bebaf57da35e1a842bd1d5a090a87c544ff7817f07c86d0a2da56952a261691,JE104523,,1/5/2021 20:58,30,NO CONTROLS,NO CONTROLS,CLEAR,"DARKNESS, LIGHTED ROAD",FIXED OBJECT,NOT DIVIDED,,STRAIGHT AND LEVEL,DRY,NO DEFECTS,,INJURY AND / OR TOW DUE TO CRASH,,,,"OVER $1,500",1/5/2021 21:42,UNABLE TO DETERMINE,NOT APPLICABLE,1053,E,95TH ST,511,,,,,,,2,NO INDICATION OF INJURY,0,0,0,0,0,4,0,20,3,1,41.72204228,-87.59752114,POINT (-87.597521136132 41.722042279947)
eba170c2e783c2f8a7b37fa59e23d05eaed91e743d2d22d884e56e34427fa7c609d7bcb99d05efd60442e6b786dfd577013b02f1cd7e90fafb0643d595804b8c,JE252548,,6/3/2021 16:42,30,NO CONTROLS,UNKNOWN,CLEAR,DAYLIGHT,SIDESWIPE SAME DIRECTION,DIVIDED - W/MEDIAN (NOT RAISED),,STRAIGHT AND LEVEL,DRY,NO DEFECTS,,NO INJURY / DRIVE AWAY,,,,"OVER $1,500",6/3/2021 16:42,UNABLE TO DETERMINE,UNABLE TO DETERMINE,11099,S,DOTY AVE W,513,,,,,,,2,NO INDICATION OF INJURY,0,0,0,0,0,2,0,16,5,6,41.69285575,-87.6004457,POINT (-87.600445698361 41.692855751664)
d64d58f0d4ebca77579375ab9a7fcc6808e8dbf077790ec6fa04059c259311afee814b7bcecf28d6ed8f877dee08a410831eac9c6bf61e66f4d0b78d9856c0e2,JF170686,,3/11/2022 15:40,45,NO CONTROLS,NO CONTROLS,CLEAR,DAYLIGHT,SIDESWIPE SAME DIRECTION,NOT DIVIDED,,STRAIGHT AND LEVEL,DRY,NO DEFECTS,,NO INJURY / DRIVE AWAY,,,,"$501 - $1,500",3/11/2022 15:45,UNABLE TO DETERMINE,UNABLE TO DETERMINE,1,E,95TH ST,511,,,,,,,2,NO INDICATION OF INJURY,0,0,0,0,0,2,0,15,6,3,41.72158367,-87.62361119,POINT (-87.623611186963 41.721583665145)
d60f9e5738b67e0ecc30e208de686f82974177e0c0d2f2232da21b5d4d09eef6bedceb2edaec2a4707234ccad6e74c2e08b7772fca17031a16e1b505a14b0e2b,JF156782,,2/26/2022 13:57,30,NO CONTROLS,NO CONTROLS,CLEAR,DAYLIGHT,TURNING,DIVIDED - W/MEDIAN (NOT RAISED),,STRAIGHT AND LEVEL,DRY,NO DEFECTS,,INJURY AND / OR TOW DUE TO CRASH,,,,"OVER $1,500",2/26/2022 14:04,UNABLE TO DETERMINE,UNABLE TO DETERMINE,2230,S,BLUE ISLAND AVE,1034,,,,,,,2,"REPORTED, NOT EVIDENT",1,0,0,0,1,2,0,13,7,2,41.85176257,-87.66770438,POINT (-87.667704382462 41.851762565381)
d63ffd0a3bb9b320f6b84931347584d9a4f15d3990b0d754a46e5d2076a3076abb6408cb3d72d5a462a5a278aaef8337facc7ba6607bcbe7b3ad75922b99a7c2,JF156580,,2/26/2022 10:23,15,NO CONTROLS,NO CONTROLS,SNOW,DAYLIGHT,ANGLE,ONE-WAY,,STRAIGHT AND LEVEL,SNOW OR SLUSH,UNKNOWN,ON SCENE,INJURY AND / OR TOW DUE TO CRASH,,,,"OVER $1,500",2/26/2022 10:23,FAILING TO YIELD RIGHT-OF-WAY,WEATHER,1943,N,KARLOV AVE,2534,,,,,,,3,NO INDICATION OF INJURY,0,0,0,0,0,2,0,10,7,2,41.91659336,-87.72883544,POINT (-87.728835436876 41.916593356777)
d6d47a544b0d68d73f3a3ceb8f6f5e4a2e1fe145460fa2d39f6881e46c057c3449625fdca08e31d4ec1e7f0efb7da29655cccff8583709027919b610f621509c,JF157217,,2/26/2022 20:27,30,TRAFFIC SIGNAL,FUNCTIONING PROPERLY,CLEAR,"DARKNESS, LIGHTED ROAD",SIDESWIPE SAME DIRECTION,FOUR WAY,,STRAIGHT AND LEVEL,WET,NO DEFECTS,ON SCENE,NO INJURY / DRIVE AWAY,Y,,Y,"OVER $1,500",2/26/2022 23:27,UNABLE TO DETERMINE,UNABLE TO DETERMINE,303,S,DEARBORN ST,113,,,,,,,2,NO INDICATION OF INJURY,0,0,0,0,0,2,0,20,7,2,41.87806046,-87.62914882,POINT (-87.629148822378 41.878060461582)
d821c3d3052f033f97ff87f5a25dcbdd57e9816094b06e26d3e1a386729e34ea57b4258962121e2c9fbbd803870e1433fc90ca4e2bb7078fa4635455d96f3962,JF156872,,2/26/2022 2:00,30,TRAFFIC SIGNAL,FUNCTIONING PROPERLY,UNKNOWN,"DARKNESS, LIGHTED ROAD",REAR END,DIVIDED - W/MEDIAN (NOT RAISED),,STRAIGHT AND LEVEL,UNKNOWN,UNKNOWN,NOT ON SCENE (DESK REPORT),NO INJURY / DRIVE AWAY,,,Y,"OVER $1,500",2/26/2022 15:40,UNABLE TO DETERMINE,NOT APPLICABLE,2399,E,103RD ST,434,,,,,,,2,NO INDICATION OF INJURY,0,0,0,0,0,2,0,2,7,2,41.70797418,-87.56577676,POINT (-87.565776756512 41.70797417544)
d85eadaffafd3a136a4d33b744c4699de79918659bf8f230501642c782049503d94046d50da98ff6f77be1d4ad5c99d67ecb0d6ab87f81b06d805f0eab266b17,JF156433,,2/26/2022 6:12,30,NO CONTROLS,NO CONTROLS,CLEAR,DAYLIGHT,SIDESWIPE SAME DIRECTION,NOT DIVIDED,,STRAIGHT AND LEVEL,WET,UNKNOWN,ON SCENE,NO INJURY / DRIVE AWAY,,,Y,"$501 - $1,500",2/26/2022 6:58,UNABLE TO DETERMINE,UNABLE TO DETERMINE,4262,W,76TH ST,833,,,,,,,2,NO INDICATION OF INJURY,0,0,0,0,0,2,0,6,7,2,41.75513314,-87.7292602,POINT (-87.729260195654 41.75513314416)