CRASH_RECORD_ID,RD_NO,CRASH_DATE_EST_I,CRASH_DATE,POSTED_SPEED_LIMIT,TRAFFIC_CONTROL_DEVICE,DEVICE_CONDITION,WEATHER_CONDITION,LIGHTING_CONDITION,FIRST_CRASH_TYPE,TRAFFICWAY_TYPE,LANE_CNT,ALIGNMENT,ROADWAY_SURFACE_COND,ROAD_DEFECT,REPORT_TYPE,CRASH_TYPE,INTERSECTION_RELATED_I,NOT_RIGHT_OF_WAY_I,HIT_AND_RUN_I,DAMAGE,DATE_POLICE_NOTIFIED,PRIM_CONTRIBUTORY_CAUSE,SEC_CONTRIBUTORY_CAUSE,STREET_NO,STREET_DIRECTION,STREET_NAME,BEAT_OF_OCCURRENCE,PHOTOS_TAKEN_I,STATEMENTS_TAKEN_I,DOORING_I,WORK_ZONE_I,WORK_ZONE_TYPE,WORKERS_PRESENT_I,NUM_UNITS,MOST_SEVERE_INJURY,INJURIES_TOTAL,INJURIES_FATAL,INJURIES_INCAPACITATING,INJURIES_NON_INCAPACITATING,INJURIES_REPORTED_NOT_EVIDENT,INJURIES_NO_INDICATION,INJURIES_UNKNOWN,CRASH_HOUR,CRASH_DAY_OF_WEEK,CRASH_MONTH,LATITUDE,LONGITUDE,LOCATION
ee446a4d18e40b9d95ce1521a5aaba6410e7abd7b8a3bd58a6aa7812ad51827298b350273dbe9fcd603d341fa3617d0bc209ee3313556679d8677afcc6eaeb48,JF149883,,2/19/2022 19:43,30,NO CONTROLS,NO CONTROLS,CLEAR,"DARKNESS, LIGHTED ROAD",REAR END,NOT DIVIDED,,STRAIGHT AND LEVEL,DRY,NO DEFECTS,ON SCENE,NO INJURY / DRIVE AWAY,,,,$500 OR LESS,2/19/2022 19:43,DISTRACTION - FROM INSIDE VEHICLE,NOT APPLICABLE,1954,S,KOSTNER AVE,1012,,,,,,,2,NO INDICATION OF INJURY,0,0,0,0,0,2,0,19,7,2,41.85430077,-87.73474029,POINT (-87.734740290842 41.854300764727)
d8a124972a5a5881e7a557d65bcb1a2450b94b1d336a5c48c18e93138be7012ce2b362551f2927e72de65d62887de793c8c8405dc698e20f899c698c1cc55312,JF156964,,2/26/2022 16:30,30,TRAFFIC SIGNAL,UNKNOWN,SNOW,DAYLIGHT,REAR TO SIDE,DIVIDED - W/MEDIAN (NOT RAISED),,STRAIGHT AND LEVEL,SNOW OR SLUSH,UNKNOWN,NOT ON SCENE (DESK REPORT),NO INJURY / DRIVE AWAY,,,Y,"OVER $1,500",2/26/2022 17:10,IMPROPER BACKING,NOT APPLICABLE,7115,S,STATE ST,323,,,,,,,2,NO INDICATION OF INJURY,0,0,0,0,0,2,0,16,7,2,41.76501285,-87.62474891,POINT (-87.624748905588 41.765012849392)
da23f18eb50d8b5dea67880bb1d42876692c263167a27bbe249266cc58a274ffa980845e46b8b4c0330462a66bed678a65fd77c93c7bef0d221731a8e909648e,JF156390,,2/26/2022 4:04,35,NO CONTROLS,NO CONTROLS,SNOW,"DARKNESS, LIGHTED ROAD",FIXED OBJECT,NOT DIVIDED,,STRAIGHT AND LEVEL,SNOW OR SLUSH,NO DEFECTS,ON SCENE,INJURY AND / OR TOW DUE TO CRASH,,,,"OVER $1,500",2/26/2022 4:06,DRIVING SKILLS/KNOWLEDGE/EXPERIENCE,WEATHER,3511,N,HARLEM AVE,1632,,,,,,,1,NO INDICATION OF INJURY,0,0,0,0,0,1,0,4,7,2,41.94382163,-87.80680958,POINT (-87.80680957897 41.943821628352)
da8256c9f74566484446359d86a06afa5ecaac0e125b5d5d550a9514d6d29e216fcf2ed651d4e7714829b899783a4e398f70dcb3a947b3d6987ff894cb698bad,JF157080,,2/26/2022 18:08,30,STOP SIGN/FLASHER,FUNCTIONING PROPERLY,CLEAR,"DARKNESS, LIGHTED ROAD",ANGLE,NOT DIVIDED,,STRAIGHT AND LEVEL,DRY,NO DEFECTS,ON SCENE,NO INJURY / DRIVE AWAY,Y,,Y,"OVER $1,500",2/26/2022 18:11,DISREGARDING STOP SIGN,UNABLE TO DETERMINE,599,S,PLYMOUTH CT,123,,,,,,,2,NO INDICATION OF INJURY,0,0,0,0,0,2,0,18,7,2,41.87460047,-87.62853943,POINT (-87.628539425407 41.874600471646)
dac48580a379096e532cbcc0125a32c38a4dbd08ff4a824b1ee5400f28cfa42fca13b716bd2144975c07fc932c847ff26f0413dcdd41dc7ff343c738483d8872,JF156513,,2/26/2022 8:25,30,TRAFFIC SIGNAL,UNKNOWN,CLEAR,DAYLIGHT,TURNING,ONE-WAY,,STRAIGHT AND LEVEL,DRY,UNKNOWN,NOT ON SCENE (DESK REPORT),NO INJURY / DRIVE AWAY,,,,"OVER $1,500",2/26/2022 9:30,IMPROPER TURNING/NO SIGNAL,UNABLE TO DETERMINE,199,E,ILLINOIS ST,1834,,,,,,,2,NO INDICATION OF INJURY,0,0,0,0,0,3,0,8,7,2,41.89084834,-87.62272032,POINT (-87.622720316888 41.890848334931)
f00d7e98d9710b9c06bd3c9e95d4d3d9952169967e6858a95b77dd1c6fd9981b0b9c5023befc31684afe5f528c80c0f4811a2fde5cc33b525852337fa40c5982,JF150338,,2/19/2022 13:55,30,TRAFFIC SIGNAL,UNKNOWN,CLEAR,DAYLIGHT,SIDESWIPE SAME DIRECTION,DIVIDED - W/MEDIAN (NOT RAISED),,STRAIGHT AND LEVEL,UNKNOWN,UNKNOWN,NOT ON SCENE (DESK REPORT),NO INJURY / DRIVE AWAY,Y,,,"OVER $1,500",2/20/2022 12:05,IMPROPER OVERTAKING/PASSING,IMPROPER OVERTAKING/PASSING,1400,W,79TH ST,612,,,,,,,2,NO INDICATION OF INJURY,0,0,0,0,0,2,0,13,7,2,41.75053498,-87.65865206,POINT (-87.65865206229 41.750534981258)
db9724ae04188cac6d7e39483468d3511ec9cc349e695e388d31e138482c0dd43291b9723ab64121295e2b8cf670debeb7a0eed4ede8d65b04512ff3ec9db899,JF156500,,2/26/2022 8:37,30,STOP SIGN/FLASHER,FUNCTIONING PROPERLY,CLEAR,DAYLIGHT,REAR END,NOT DIVIDED,,STRAIGHT AND LEVEL,WET,UNKNOWN,ON SCENE,NO INJURY / DRIVE AWAY,,,Y,"$501 - $1,500",2/26/2022 8:41,UNABLE TO DETERMINE,UNABLE TO DETERMINE,8330,S,CALIFORNIA AVE,835,,,,,,,2,NO INDICATION OF INJURY,0,0,0,0,0,2,0,8,7,2,41.74173843,-87.69256197,POINT (-87.692561973079 41.741738431509)
f14b756daffdef510fab9381c27278b2449c68b7b8ae884f5e4cb1658d34d5972080ae4084cf2e2e83046eb1cb5f47d537deafa79464eff24ff0cd7838dbaf8a,JF149508,,2/19/2022 12:20,25,NO CONTROLS,NO CONTROLS,SNOW,DAYLIGHT,PARKED MOTOR VEHICLE,NOT DIVIDED,,STRAIGHT AND LEVEL,UNKNOWN,NO DEFECTS,NOT ON SCENE (DESK REPORT),NO INJURY / DRIVE AWAY,,,,"$501 - $1,500",2/19/2022 13:15,UNABLE TO DETERMINE,NOT APPLICABLE,5219,W,DIVERSEY AVE,2514,,,,,,,2,NO INDICATION OF INJURY,0,0,0,0,0,1,0,12,7,2,41.93128018,-87.75722559,POINT (-87.757225593334 41.931280174795)
f186654d5180091da9326afdeca74c0a88b4b1a2ae80c2c330a486350f3f1bf1e0f31c134e8a5172b216fac707343d82cc5484e18e838c7e8a673e9ae104d770,JF149511,,2/19/2022 12:45,30,NO CONTROLS,NO CONTROLS,CLEAR,DAYLIGHT,REAR END,DIVIDED - W/MEDIAN BARRIER,,STRAIGHT AND LEVEL,SNOW OR SLUSH,UNKNOWN,NOT ON SCENE (DESK REPORT),NO INJURY / DRIVE AWAY,,,,"OVER $1,500",2/19/2022 13:27,FOLLOWING TOO CLOSELY,NOT APPLICABLE,330,N,MICHIGAN AVE,111,,,,,,,2,NO INDICATION OF INJURY,0,0,0,0,0,2,0,12,7,2,41.88749841,-87.62469999,POINT (-87.624699991713 41.887498411958)
f1dcf6dacad2bf4bb7da1681985d933e4ecdbcc0ce4115fda52edcf24db974832ad1c8d0be7b626b1271a30ade2fedfbce9572cd8f0eb82a65579dc38be07c9e,JF149716,,2/19/2022 16:00,30,TRAFFIC SIGNAL,FUNCTIONING PROPERLY,CLEAR,DAYLIGHT,TURNING,NOT DIVIDED,,STRAIGHT AND LEVEL,DRY,NO DEFECTS,NOT ON SCENE (DESK REPORT),NO INJURY / DRIVE AWAY,,,,"OVER $1,500",2/19/2022 16:30,UNABLE TO DETERMINE,UNABLE TO DETERMINE,730,S,LARAMIE AVE,1522,,,,,,,2,NO INDICATION OF INJURY,0,0,0,0,0,3,0,16,7,2,41.87105414,-87.75487343,POINT (-87.754873434308 41.871054136374)
dc3896fdbce7111fcc16a3de0a3fdf58909228e71b5bdb3464a6fec9aa49b5ec53f520d64ab3ba7cc2c61555070df84f07f3243902d70b6c333306d30c5e66c8,JF157227,,2/26/2022 23:03,30,TRAFFIC SIGNAL,FUNCTIONING PROPERLY,CLEAR,"DARKNESS, LIGHTED ROAD",REAR END,DIVIDED - W/MEDIAN (NOT RAISED),,STRAIGHT AND LEVEL,DRY,NO DEFECTS,NOT ON SCENE (DESK REPORT),NO INJURY / DRIVE AWAY,,,Y,"OVER $1,500",2/26/2022 23:25,UNABLE TO DETERMINE,UNABLE TO DETERMINE,2759,W,51ST ST,923,,,,,,,2,NO INDICATION OF INJURY,0,0,0,0,0,3,0,23,7,2,41.80088087,-87.69393527,POINT (-87.693935273179 41.800880867311)
f2053ada6ec048dcbd74a4761941c9b5342345b5fbfa0e356bcf667ca1217ea01eee23bdb5cb254dc3fa07b2c7d0d9242ae722265b5fb5b3466a6cc55af8bd13,JF149764,,2/19/2022 16:24,30,TRAFFIC SIGNAL,FUNCTIONING PROPERLY,CLEAR,DAYLIGHT,OTHER NONCOLLISION,DIVIDED - W/MEDIAN (NOT RAISED),,STRAIGHT AND LEVEL,DRY,"RUT, HOLES",NOT ON SCENE (DESK REPORT),NO INJURY / DRIVE AWAY,,,,"$501 - $1,500",2/19/2022 17:40,NOT APPLICABLE,NOT APPLICABLE,4200,W,IRVING PARK RD,1722,,,,,,,1,NO INDICATION OF INJURY,0,0,0,0,0,1,0,16,7,2,41.95370551,-87.73255098,POINT (-87.732550981181 41.953705509686)
dc5d573e48a15fbf2926c34cf6c49e5a010a63890b6c1e2fe130f9a192901db67fce9cc23fa72db3656ec8108ee161adfa25723fdce13124c6eb2d22a81d2410,JF156938,,2/26/2022 16:36,25,NO CONTROLS,NO CONTROLS,CLEAR,DAYLIGHT,REAR END,NOT DIVIDED,,STRAIGHT AND LEVEL,DRY,NO DEFECTS,ON SCENE,INJURY AND / OR TOW DUE TO CRASH,,,Y,"OVER $1,500",2/26/2022 16:37,UNABLE TO DETERMINE,UNABLE TO DETERMINE,5400,W,DIVERSEY AVE,2514,,,,,,,3,"REPORTED, NOT EVIDENT",1,0,0,0,1,2,0,16,7,2,41.93144566,-87.76139875,POINT (-87.761398748717 41.931445658056)
dcc9a4d276e5561f6a89f09f9f3802a20db812d10f78b1777dbb24bf271e2e157459225e726341c973b608a2643b88bc410cacc26e97494b718d345b6af5aa61,JF156430,,2/26/2022 6:46,25,NO CONTROLS,NO CONTROLS,RAIN,"DARKNESS, LIGHTED ROAD",PARKED MOTOR VEHICLE,ONE-WAY,,STRAIGHT AND LEVEL,SNOW OR SLUSH,NO DEFECTS,ON SCENE,NO INJURY / DRIVE AWAY,,,Y,"$501 - $1,500",2/26/2022 6:46,UNABLE TO DETERMINE,DISREGARDING OTHER TRAFFIC SIGNS,2630,W,SUMMERDALE AVE,2011,,,,,,,2,NO INDICATION OF INJURY,0,0,0,0,0,1,0,6,7,2,41.97869178,-87.69539963,POINT (-87.695399630512 41.978691782559)
dd1b9dfbccc9b7c925994a9e7a77fcfca5a2096158f9b26b607977b072cfc4c0ce99c8586e55eb2d2e8804eb17ed83960b0196aa0b2faed757ed596c0433ff19,JF158656,,2/26/2022 5:00,30,NO CONTROLS,NO CONTROLS,CLEAR,DAWN,PARKED MOTOR VEHICLE,ONE-WAY,,STRAIGHT AND LEVEL,ICE,NO DEFECTS,NOT ON SCENE (DESK REPORT),NO INJURY / DRIVE AWAY,,,Y,"$501 - $1,500",2/28/2022 13:10,UNABLE TO DETERMINE,UNABLE TO DETERMINE,9342,S,RHODES AVE,633,,,,,,,2,NO INDICATION OF INJURY,0,0,0,0,0,1,0,5,7,2,41.72430934,-87.61072404,POINT (-87.610724044299 41.724309340228)
f2d0f70d209455046b8d6cb4c88c1f668f0b999e88a346123f7213dcf4613b04d6bfab59b128bd2081b351002f035e54452f8fcd7ad2d87ef64146eb09de1c94,JF162506,,2/19/2022 22:30,30,NO CONTROLS,NO CONTROLS,UNKNOWN,DARKNESS,PARKED MOTOR VEHICLE,PARKING LOT,,STRAIGHT AND LEVEL,UNKNOWN,UNKNOWN,NOT ON SCENE (DESK REPORT),NO INJURY / DRIVE AWAY,,,Y,$500 OR LESS,2/19/2022 22:30,UNABLE TO DETERMINE,NOT APPLICABLE,1438,W,63RD ST,713,,,,,,,2,NO INDICATION OF INJURY,0,0,0,0,0,1,0,22,7,2,41.77963154,-87.66088702,POINT (-87.660887017333 41.779631535941)
dd96f7968426fc44c1caec67a18f3b85d74fb92dc87272520926218bed41c7fe9a8cabacb7e00509928b8bfe0b76b52a4bf06aac2a37aacfd8186a3e344502df,JF156475,,2/26/2022 8:15,30,TRAFFIC SIGNAL,FUNCTIONING PROPERLY,CLEAR,DAYLIGHT,TURNING,FOUR WAY,,STRAIGHT AND LEVEL,DRY,NO DEFECTS,ON SCENE,INJURY AND / OR TOW DUE TO CRASH,Y,,Y,"OVER $1,500",2/26/2022 8:15,IMPROPER LANE USAGE,UNABLE TO DETERMINE,7100,S,STONY ISLAND AVE,324,,N,,,,,2,NONINCAPACITATING INJURY,3,0,0,3,0,3,0,8,7,2,41.76592819,-87.58647008,POINT (-87.586470077922 41.76592819222)
df30c9bc825ec37a8c130f9b423b1ae583b9288f13bb007b4519223bd0f538a3d875c6e37652a3830187a9d69c6dbf914adbdc9bd11df26e2e315b65b701990a,JF157243,,2/26/2022 23:57,20,STOP SIGN/FLASHER,FUNCTIONING PROPERLY,CLEAR,"DARKNESS, LIGHTED ROAD",ANGLE,FOUR WAY,,STRAIGHT AND LEVEL,DRY,NO DEFECTS,ON SCENE,INJURY AND / OR TOW DUE TO CRASH,Y,Y,Y,"OVER $1,500",2/26/2022 23:57,FAILING TO YIELD RIGHT-OF-WAY,FAILING TO REDUCE SPEED TO AVOID CRASH,1930,W,72ND ST,735,,,,,,,2,NO INDICATION OF INJURY,0,0,0,0,0,2,0,23,7,2,41.7631096,-87.67221067,POINT (-87.67221067243 41.763109599092)
1605a9457ea515369099d8c647bc91fb2d6147a49a473dcce241d2586137b73e91dd96653219e1aa05f4f40d8d9988f59afc83c26e3930c5376d2c8b5dda5347,JC367733,,7/28/2019 2:02,30,TRAFFIC SIGNAL,FUNCTIONING PROPERLY,CLEAR,"DARKNESS, LIGHTED ROAD",PARKED MOTOR VEHICLE,DIVIDED - W/MEDIAN (NOT RAISED),,STRAIGHT AND LEVEL,DRY,NO DEFECTS,,INJURY AND / OR TOW DUE TO CRASH,,,,"OVER $1,500",7/28/2019 2:06,UNDER THE INFLUENCE OF ALCOHOL/DRUGS (USE WHEN ARREST IS EFFECTED),CELL PHONE USE OTHER THAN TEXTING,2944,N,SACRAMENTO AVE,1411,N,N,,,,,6,NO INDICATION OF INJURY,0,0,0,0,0,2,0,2,1,7,41.93522229,-87.70275894,POINT (-87.702758934639 41.935222288163)
160f5392a285f85acd85f7273916e62e9e3b72d8c46a431cac526858609113bfb89fc79ad5b4f7c8d043291ef52fbe60dc91f245ef1bd2fd80e79b831fc1378a,JE246196,,5/28/2021 19:20,30,NO CONTROLS,NO CONTROLS,RAIN,DAYLIGHT,REAR END,DIVIDED - W/MEDIAN (NOT RAISED),,STRAIGHT AND LEVEL,WET,NO DEFECTS,,NO INJURY / DRIVE AWAY,,,,"$501 - $1,500",5/28/2021 19:30,CELL PHONE USE OTHER THAN TEXTING,NOT APPLICABLE,3149,W,59TH ST,824,,,,,,,2,NO INDICATION OF INJURY,0,0,0,0,0,3,0,19,6,5,41.78614525,-87.70286237,POINT (-87.702862366994 41.786145245439)
1633d3a602635c84729e6e77da663090a3112da746f777f3e34ebbff052cdc62677e3964bb350f300c78d697d74ef6ee343b50e438dba0efebcbc67490d9ff8d,JF114282,,1/16/2022 0:25,30,TRAFFIC SIGNAL,FUNCTIONING PROPERLY,RAIN,"DARKNESS, LIGHTED ROAD",TURNING,NOT DIVIDED,,STRAIGHT AND LEVEL,SNOW OR SLUSH,UNKNOWN,,NO INJURY / DRIVE AWAY,,,,"OVER $1,500",1/16/2022 0:25,DRIVING SKILLS/KNOWLEDGE/EXPERIENCE,WEATHER,7100,S,VINCENNES AVE,731,,,,,,,2,NO INDICATION OF INJURY,0,0,0,0,0,2,0,0,1,1,41.76546593,-87.62807368,POINT (-87.6280736816 41.765465927861)
df9bc41baf26360ccc81ebbb77b4f73c70765dbc1d14138f0cd04dadcb11c715af244c61575faf17c01481fbb0ecdfa6079c0ffa6771cd7ef30e848a7ef052c9,JE222749,,5/7/2021 14:51,30,TRAFFIC SIGNAL,FUNCTIONING PROPERLY,CLEAR,DAYLIGHT,SIDESWIPE SAME DIRECTION,NOT DIVIDED,,STRAIGHT AND LEVEL,DRY,UNKNOWN,,NO INJURY / DRIVE AWAY,,,,"OVER $1,500",5/7/2021 15:45,UNABLE TO DETERMINE,NOT APPLICABLE,4021,W,ANN LURIE PL,815,,,,,,,2,NO INDICATION OF INJURY,0,0,0,0,0,2,0,14,6,5,41.81623963,-87.72477981,POINT (-87.724779806308 41.81623962619)
f5a348aada60c7026586d4f17e7a282a65e4e755cc450312275c0eaee92823d9e13c8fe34bdd66dd54955f228b1d5a04255597c7fa2d67508466e5451e646120,JF149793,,2/19/2022 17:50,30,NO CONTROLS,NO CONTROLS,CLEAR,DARKNESS,REAR TO FRONT,NOT DIVIDED,,STRAIGHT AND LEVEL,DRY,NO DEFECTS,ON SCENE,NO INJURY / DRIVE AWAY,,,,$500 OR LESS,2/19/2022 17:53,UNABLE TO DETERMINE,UNABLE TO DETERMINE,6741,S,JEFFERY BLVD,331,Y,Y,,,,,2,NO INDICATION OF INJURY,0,0,0,0,0,2,0,17,7,2,41.77223253,-87.57631444,POINT (-87.576314438177 41.772232526801)
f5a63063b3aeb44aed9a896bbb2d3e78a32ac3604c6c501b93d5abe9cb12262dfeb8d790ac66989273bf160168557f2351223b6ea6abbd16f65484803f6b4866,JF149889,,2/19/2022 15:30,30,NO CONTROLS,NO CONTROLS,UNKNOWN,UNKNOWN,HEAD ON,NOT DIVIDED,,STRAIGHT AND LEVEL,UNKNOWN,NO DEFECTS,NOT ON SCENE (DESK REPORT),NO INJURY / DRIVE AWAY,,,Y,"OVER $1,500",2/19/2022 20:00,UNABLE TO DETERMINE,NOT APPLICABLE,11307,S,CHURCH ST,2212,,,,,,,2,NO INDICATION OF INJURY,0,0,0,0,0,2,0,15,7,2,41.6885081,-87.66691528,POINT (-87.666915282454 41.688508100401)
f5d4c9e5a78969a2fd4646557ede884ba55009e7fcf3077014d92fad17bdbd5ea1b1f8f728637f65490cc07842d0d08544e93e0f541feab1d4dbcba027e6597d,JF149220,,2/19/2022 6:40,30,TRAFFIC SIGNAL,FUNCTIONING PROPERLY,CLEAR,DAYLIGHT,SIDESWIPE SAME DIRECTION,NOT DIVIDED,,STRAIGHT AND LEVEL,SNOW OR SLUSH,NO DEFECTS,NOT ON SCENE (DESK REPORT),NO INJURY / DRIVE AWAY,,,,"OVER $1,500",2/19/2022 6:45,UNABLE TO DETERMINE,NOT APPLICABLE,6356,W,GRAND AVE,2512,,,,,,,2,NO INDICATION OF INJURY,0,0,0,0,0,4,0,6,7,2,41.92261503,-87.78497847,POINT (-87.784978470876 41.922615027114)
e0fdd7a5ed33b18f778bee5479a7e133d5507e44f3f2300fadbe061d14c44a0e36df1fede52dc16d1508c9e7dd9ff9a672b51661401710d25124fdf7a7422592,JF156174,,2/25/2022 20:50,30,NO CONTROLS,NO CONTROLS,CLEAR,DARKNESS,TURNING,NOT DIVIDED,,STRAIGHT AND LEVEL,DRY,NO DEFECTS,,NO INJURY / DRIVE AWAY,,,,"OVER $1,500",2/25/2022 21:30,FOLLOWING TOO CLOSELY,FOLLOWING TOO CLOSELY,13400,S,BRAINARD AVE,433,,,,N,,,2,NO INDICATION OF INJURY,0,0,0,0,0,4,0,20,6,2,41.6517192,-87.55030306,POINT (-87.550303054878 41.651719195559)
f62bbba7f868eac0b18a704987e4a95e7793c5751829b692996542be3ac6457b96d7c8b6b99e526117e4e0b3e8be931498e6224001dad0c3d122e4429a1f4d53,JF149615,,2/19/2022 7:00,30,NO CONTROLS,NO CONTROLS,CLEAR,DAYLIGHT,PARKED MOTOR VEHICLE,NOT DIVIDED,,STRAIGHT AND LEVEL,DRY,NO DEFECTS,NOT ON SCENE (DESK REPORT),NO INJURY / DRIVE AWAY,,,Y,"OVER $1,500",2/19/2022 15:15,UNABLE TO DETERMINE,NOT APPLICABLE,7114,S,MILLARD AVE,833,,,,,,,2,NO INDICATION OF INJURY,0,0,0,0,0,1,0,7,7,2,41.76373181,-87.71395561,POINT (-87.713955610811 41.763731807825)
2b20b9cf16b5821aeb39a5254d288ad22d035041936f78ec555214b276a06cc900380ff1480bdf4fe402c179dee7953d45e3b4da72c404a876992684f56761a1,JD303679,Y,7/19/2020 23:00,30,NO CONTROLS,NO CONTROLS,CLEAR,"DARKNESS, LIGHTED ROAD",PARKED MOTOR VEHICLE,DIVIDED - W/MEDIAN (NOT RAISED),,STRAIGHT AND LEVEL,DRY,NO DEFECTS,,NO INJURY / DRIVE AWAY,,,Y,$500 OR LESS,7/20/2020 10:50,UNABLE TO DETERMINE,UNABLE TO DETERMINE,1220,N,CENTRAL AVE,2531,,,,,,,2,NO INDICATION OF INJURY,0,0,0,0,0,1,0,23,1,7,41.90276745,-87.76582393,POINT (-87.765823934467 41.902767447199)
2efcab1dd22d2599988d6a686929b3aa59392875b74be265ccaeac90f9b6559af33225ee8fc5b5c4c2e479c386e5600c2a2d9e2a5591c33afc8e4832aaeef555,JC450023,,9/27/2019 0:14,30,NO CONTROLS,NO CONTROLS,CLEAR,"DARKNESS, LIGHTED ROAD",PARKED MOTOR VEHICLE,ONE-WAY,,STRAIGHT AND LEVEL,DRY,NO DEFECTS,,INJURY AND / OR TOW DUE TO CRASH,,N,,"OVER $1,500",9/27/2019 0:14,UNABLE TO DETERMINE,NOT APPLICABLE,4425,N,SPRINGFIELD AVE,1723,N,,,,,,2,NO INDICATION OF INJURY,0,0,0,0,0,1,0,0,6,9,41.96170355,-87.72525348,POINT (-87.725253479637 41.961703550671)
f77fd92cc9efb69b38d75ccf44ff0ec8831b4432f3e617163a5ccf0501891550a669985bb9ff95f87c8b5502a254e9e54a83de2dd19833d031607386a10675dc,JF149640,,2/19/2022 15:23,30,TRAFFIC SIGNAL,FUNCTIONING PROPERLY,CLEAR,DAYLIGHT,PEDESTRIAN,DIVIDED - W/MEDIAN (NOT RAISED),,STRAIGHT AND LEVEL,DRY,NO DEFECTS,ON SCENE,INJURY AND / OR TOW DUE TO CRASH,Y,,N,$500 OR LESS,2/19/2022 15:25,FAILING TO YIELD RIGHT-OF-WAY,NOT APPLICABLE,2401,W,LITHUANIAN PLAZA CT,832,,,,,,,2,NONINCAPACITATING INJURY,1,0,0,1,0,1,0,15,7,2,41.76822132,-87.68340141,POINT (-87.683401407603 41.768221316899)
f79408e9bca2297c20557346021cb3251182f3b3fe25ae427611823c920004a7cb6f5ef4be475d66072898461392ee8ef7d05827ba89815707c34ca1441cebf5,JF149659,,2/19/2022 15:35,30,NO CONTROLS,FUNCTIONING PROPERLY,CLEAR,DAYLIGHT,SIDESWIPE SAME DIRECTION,DIVIDED - W/MEDIAN (NOT RAISED),,STRAIGHT AND LEVEL,DRY,NO DEFECTS,ON SCENE,INJURY AND / OR TOW DUE TO CRASH,,,,"OVER $1,500",2/19/2022 15:48,DRIVING SKILLS/KNOWLEDGE/EXPERIENCE,FAILING TO YIELD RIGHT-OF-WAY,2804,W,NORTH AVE,1421,,Y,,,,,2,NONINCAPACITATING INJURY,1,0,0,1,0,1,0,15,7,2,41.91032511,-87.69726174,POINT (-87.697261739701 41.910325112674)
f9684317f2208f7517cc0c966be86dad4b1ef875f23802e9f5d9ff0df7c241d47c00eba6ce6933025ce326e491761d07d2e1ae1066191b1905cbc91152102adc,JF149692,,2/19/2022 15:10,30,NO CONTROLS,NO CONTROLS,CLEAR,DAYLIGHT,ANGLE,NOT DIVIDED,,STRAIGHT AND LEVEL,DRY,NO DEFECTS,NOT ON SCENE (DESK REPORT),INJURY AND / OR TOW DUE TO CRASH,,,,"OVER $1,500",2/19/2022 16:30,UNABLE TO DETERMINE,NOT APPLICABLE,5799,W,EDDY ST,1633,,,,,,,2,NO INDICATION OF INJURY,0,0,0,0,0,3,0,15,7,2,41.94480176,-87.77147081,POINT (-87.771470808173 41.944801759329)
f9a03cfa30c11b4834e4fc0771aa4b12d9a97d82afbc41bb48fdd3db9ce00eb3f594ef1aaa8dc78ce0f586c46ae20ea7c3fc80aa651d671f0dd30815d32415a2,JF149504,,2/19/2022 6:15,30,STOP SIGN/FLASHER,FUNCTIONING IMPROPERLY,CLEAR,DAWN,PARKED MOTOR VEHICLE,NOT DIVIDED,,STRAIGHT AND LEVEL,WET,NO DEFECTS,NOT ON SCENE (DESK REPORT),NO INJURY / DRIVE AWAY,,,Y,"OVER $1,500",2/19/2022 13:25,UNABLE TO DETERMINE,NOT APPLICABLE,11605,S,PRAIRIE AVE,532,,,,,,,2,NO INDICATION OF INJURY,0,0,0,0,0,1,0,6,7,2,41.68241355,-87.61656878,POINT (-87.616568776195 41.682413544661)
1913aaf6fd5baff94a31c8b4b28ce5cd90d54a5ee00dcb2ce66ac33b3a71d995b14de3eefe894afce2ccf5bae08edf7f98f371fbdc3bc593782cc17e5c6a80f5,JE466070,,12/5/2021 14:10,30,OTHER,UNKNOWN,SLEET/HAIL,DAYLIGHT,REAR END,NOT DIVIDED,,STRAIGHT AND LEVEL,WET,UNKNOWN,,NO INJURY / DRIVE AWAY,,,,"OVER $1,500",12/5/2021 15:00,IMPROPER LANE USAGE,IMPROPER LANE USAGE,2831,N,CALIFORNIA AVE,1411,,,,,,,2,NO INDICATION OF INJURY,0,0,0,0,0,2,0,14,1,12,41.93300623,-87.6974923,POINT (-87.697492295898 41.933006224939)
fa2cf95e72dab2badcfb7db6af376847edd1f8597bf317c58dae759d2d0dc03a69835408fc7429210f388e1b0082470e0bd3048ebf4c55d8f835b8d04db1c6ca,JF149825,,2/19/2022 17:58,30,TRAFFIC SIGNAL,FUNCTIONING PROPERLY,CLEAR,DUSK,REAR END,DIVIDED - W/MEDIAN (NOT RAISED),,STRAIGHT AND LEVEL,DRY,NO DEFECTS,NOT ON SCENE (DESK REPORT),NO INJURY / DRIVE AWAY,Y,,,"OVER $1,500",2/19/2022 18:45,FOLLOWING TOO CLOSELY,NOT APPLICABLE,851,N,MIES VAN DER ROHE WAY,1833,,,,,,,2,NO INDICATION OF INJURY,0,0,0,0,0,3,0,17,7,2,41.89837943,-87.62170926,POINT (-87.621709261294 41.898379424948)