CRASH_RECORD_ID,RD_NO,CRASH_DATE_EST_I,CRASH_DATE,POSTED_SPEED_LIMIT,TRAFFIC_CONTROL_DEVICE,DEVICE_CONDITION,WEATHER_CONDITION,LIGHTING_CONDITION,FIRST_CRASH_TYPE,TRAFFICWAY_TYPE,LANE_CNT,ALIGNMENT,ROADWAY_SURFACE_COND,ROAD_DEFECT,REPORT_TYPE,CRASH_TYPE,INTERSECTION_RELATED_I,NOT_RIGHT_OF_WAY_I,HIT_AND_RUN_I,DAMAGE,DATE_POLICE_NOTIFIED,PRIM_CONTRIBUTORY_CAUSE,SEC_CONTRIBUTORY_CAUSE,STREET_NO,STREET_DIRECTION,STREET_NAME,BEAT_OF_OCCURRENCE,PHOTOS_TAKEN_I,STATEMENTS_TAKEN_I,DOORING_I,WORK_ZONE_I,WORK_ZONE_TYPE,WORKERS_PRESENT_I,NUM_UNITS,MOST_SEVERE_INJURY,INJURIES_TOTAL,INJURIES_FATAL,INJURIES_INCAPACITATING,INJURIES_NON_INCAPACITATING,INJURIES_REPORTED_NOT_EVIDENT,INJURIES_NO_INDICATION,INJURIES_UNKNOWN,CRASH_HOUR,CRASH_DAY_OF_WEEK,CRASH_MONTH,LATITUDE,LONGITUDE,LOCATION
fa9d9ab949d3f48aefeebeff7f6be6d812a44f069cd8ecd87b8003b2a162edf984f74293ec3ec0fa56c1bb52e803d2c256eee79f7eb6486ae26c7bb5752c8ea3,JF149630,,2/19/2022 14:55,30,NO CONTROLS,NO CONTROLS,CLEAR,DAYLIGHT,TURNING,NOT DIVIDED,,STRAIGHT AND LEVEL,DRY,UNKNOWN,ON SCENE,NO INJURY / DRIVE AWAY,,,Y,"$501 - $1,500",2/19/2022 15:15,UNABLE TO DETERMINE,UNABLE TO DETERMINE,2598,W,CERMAK RD,1023,,,,,,,2,NO INDICATION OF INJURY,0,0,0,0,0,2,0,14,7,2,41.85208173,-87.69041305,POINT (-87.690413052881 41.852081727919)
1986f530d5dc2582cf33ed5a1e5383e0f03410e4b4c4b0f3e76bd9a14186ed4345ded14dcf323a2f02b04b7fdc173f493bc2f9c0768ee22fb677690b80f9c839,JE340048,,8/20/2021 13:20,10,NO CONTROLS,NO CONTROLS,CLEAR,DAYLIGHT,REAR TO FRONT,ALLEY,,STRAIGHT AND LEVEL,DRY,NO DEFECTS,,NO INJURY / DRIVE AWAY,,,,"OVER $1,500",8/20/2021 17:42,IMPROPER BACKING,NOT APPLICABLE,300,N,CANAL ST,1214,Y,,,,,,2,NO INDICATION OF INJURY,0,0,0,0,0,2,0,13,6,8,41.88684102,-87.64004348,POINT (-87.640043477341 41.886841014717)
e3849aff9f8a2c927e6f3fe1696e0d560cdabbad3f5f758667a60a48afdaf614fd27bb5d1de849c54021db21844b9b33f392922829e733d21bb5b4a92f4e7616,JF156960,,2/26/2022 3:30,30,NO CONTROLS,NO CONTROLS,CLEAR,"DARKNESS, LIGHTED ROAD",PARKED MOTOR VEHICLE,ONE-WAY,,STRAIGHT AND LEVEL,DRY,NO DEFECTS,NOT ON SCENE (DESK REPORT),NO INJURY / DRIVE AWAY,,,Y,"OVER $1,500",2/26/2022 17:10,IMPROPER LANE USAGE,IMPROPER LANE USAGE,7602,S,KINGSTON AVE,421,,,,,,,2,NO INDICATION OF INJURY,0,0,0,0,0,2,0,3,7,2,41.75707013,-87.5628438,POINT (-87.562843794677 41.757070126782)
e39cc929946ef2643fba700a5420537db310b2c3593c61af3506666f3a2b9e9462c95276bad3fdc8a3782bc05c03c96b3652e9d9deb240bc170c24a6d6d8ce6a,JF157119,,2/26/2022 15:48,30,NO CONTROLS,NO CONTROLS,CLEAR,DAYLIGHT,SIDESWIPE SAME DIRECTION,NOT DIVIDED,,STRAIGHT AND LEVEL,DRY,NO DEFECTS,NOT ON SCENE (DESK REPORT),NO INJURY / DRIVE AWAY,,,,"$501 - $1,500",2/26/2022 20:57,UNABLE TO DETERMINE,UNABLE TO DETERMINE,219,N,POST PL,122,,,,,,,2,NO INDICATION OF INJURY,0,0,0,0,0,2,0,15,7,2,41.88625259,-87.6346219,POINT (-87.634621901086 41.886252592471)
30100258aca2dfb835d6b5664117a99b52e77e0c4ffcea98ce35c26c507e8b0c66b05e07434943f563dcf8f185e9840613a2651f9e758cfeac4548578cc66eba,JE445508,,11/15/2021 2:25,30,NO CONTROLS,NO CONTROLS,CLEAR,"DARKNESS, LIGHTED ROAD",PARKED MOTOR VEHICLE,NOT DIVIDED,,STRAIGHT AND LEVEL,DRY,UNKNOWN,,NO INJURY / DRIVE AWAY,,,Y,"$501 - $1,500",11/15/2021 2:29,UNABLE TO DETERMINE,UNABLE TO DETERMINE,5834,W,BARRY AVE,2514,,,,,,,2,NO INDICATION OF INJURY,0,0,0,0,0,2,0,2,2,11,41.93677529,-87.77272778,POINT (-87.772727782645 41.936775289922)
3056ffddb919edd8f406bfae4c2023c479392702daa1c462e65b599ba0fd55dd1194fd6c4f175622c3fbb983ff92eef9d8f6cb53b90529ea3da6ea99c9f35682,JE121309,,1/23/2021 16:30,15,NO CONTROLS,NO CONTROLS,CLEAR,DUSK,PEDESTRIAN,ALLEY,,STRAIGHT AND LEVEL,DRY,NO DEFECTS,,INJURY AND / OR TOW DUE TO CRASH,,,Y,$500 OR LESS,1/23/2021 16:36,UNABLE TO DETERMINE,UNABLE TO DETERMINE,4518,W,55TH ST,815,,,,,,,2,"REPORTED, NOT EVIDENT",1,0,0,0,1,3,0,16,7,1,41.79319911,-87.73624104,POINT (-87.73624103885 41.793199104716)
322379c917e1a8f91651c4a33eeb8d1f27f4dfa46850817df39f972bfa540a83bee9ff7a1a85ad960b464ed37d51b94e7b1e27dd5e845b06f5b9258f60a1d568,JE215035,,4/30/2021 14:20,30,UNKNOWN,UNKNOWN,CLEAR,DAYLIGHT,PEDALCYCLIST,NOT DIVIDED,,STRAIGHT AND LEVEL,UNKNOWN,UNKNOWN,,INJURY AND / OR TOW DUE TO CRASH,,,,$500 OR LESS,4/30/2021 14:20,UNABLE TO DETERMINE,NOT APPLICABLE,601,W,DIVERSEY PKWY,1935,,,Y,,,,2,NONINCAPACITATING INJURY,1,0,0,1,0,0,0,14,6,4,41.93271525,-87.64367133,POINT (-87.643671331879 41.932715245076)
fba1beba06c49a6daf16685781ee6ddb0b6878b4e255fdd48eb0cc790a64702442ca0909c18cbec92db0b08632bdb635d56b92954a2b124127731074de5b5e33,JF149999,,2/19/2022 22:25,25,STOP SIGN/FLASHER,FUNCTIONING PROPERLY,CLEAR,"DARKNESS, LIGHTED ROAD",REAR END,ONE-WAY,,STRAIGHT AND LEVEL,SNOW OR SLUSH,"RUT, HOLES",ON SCENE,NO INJURY / DRIVE AWAY,,,N,"$501 - $1,500",2/19/2022 22:27,FOLLOWING TOO CLOSELY,IMPROPER OVERTAKING/PASSING,7859,S,DREXEL AVE,624,,,,,,,2,NO INDICATION OF INJURY,0,0,0,0,0,2,0,22,7,2,41.75140776,-87.60261255,POINT (-87.602612550457 41.751407755237)
fc4857b24f9dc3dc56410b3afd298e432b8b97f3c526ba40c9944422a888713e78165dec57a47a87604e63ca8b5b05926a13e28672c6ba5da360d388b0171a04,JF150048,,2/19/2022 23:59,35,TRAFFIC SIGNAL,FUNCTIONING PROPERLY,CLEAR,"DARKNESS, LIGHTED ROAD",SIDESWIPE SAME DIRECTION,FOUR WAY,,STRAIGHT AND LEVEL,DRY,NO DEFECTS,ON SCENE,INJURY AND / OR TOW DUE TO CRASH,Y,,,"OVER $1,500",2/19/2022 23:59,IMPROPER LANE USAGE,NOT APPLICABLE,3900,S,PULASKI RD,815,,,,,,,2,NO INDICATION OF INJURY,0,0,0,0,0,3,0,23,7,2,41.82256384,-87.72418748,POINT (-87.724187479133 41.822563835982)
fcaed0a36b3f5fd33bb409c11e293dadf4d6d75dd18b8af9ba24a09903360f6eb383b17a80ca0567e2b6afd55d430c2afc6575bdc9082b17645d2cd076622372,JF149591,,2/19/2022 14:30,30,NO CONTROLS,NO CONTROLS,CLEAR,DAYLIGHT,REAR END,NOT DIVIDED,,STRAIGHT AND LEVEL,WET,NO DEFECTS,ON SCENE,NO INJURY / DRIVE AWAY,,,,"OVER $1,500",2/19/2022 14:30,UNABLE TO DETERMINE,UNABLE TO DETERMINE,2210,W,LAWRENCE AVE,2031,,,,,,,2,NO INDICATION OF INJURY,0,0,0,0,0,3,0,14,7,2,41.9687874,-87.68452553,POINT (-87.684525528444 41.968787402006)
fd462f89a9a5ed1b60e4bbd9fc94c373f9bd0d44986dd9e02cc2194d9c7a01e7f55fe5df9c16b918b9b9dc57626528214b17a5402f314a8ab27e9f3f515c1611,JF151657,N,2/19/2022 18:57,30,NO CONTROLS,NO CONTROLS,CLEAR,DARKNESS,PARKED MOTOR VEHICLE,NOT DIVIDED,,STRAIGHT AND LEVEL,DRY,UNKNOWN,NOT ON SCENE (DESK REPORT),NO INJURY / DRIVE AWAY,,,Y,"OVER $1,500",2/21/2022 16:45,UNABLE TO DETERMINE,UNABLE TO DETERMINE,1265,W,MONTROSE AVE,1915,Y,,,,,,2,NO INDICATION OF INJURY,0,0,0,0,0,1,0,18,7,2,41.96157301,-87.66212461,POINT (-87.662124604712 41.96157301367)
e5be5b0877b18391f1743ec2aaaa2e95c41e7428cdaac17095dd95d0ab66525ca51453957888b9ad8186f1daefa0df5ee59c2450d8de6736691d2c25247a56f1,JF163554,,2/26/2022 9:45,45,STOP SIGN/FLASHER,FUNCTIONING PROPERLY,CLEAR,DAYLIGHT,REAR END,DIVIDED - W/MEDIAN BARRIER,,STRAIGHT AND LEVEL,DRY,NO DEFECTS,NOT ON SCENE (DESK REPORT),NO INJURY / DRIVE AWAY,Y,,,"$501 - $1,500",3/4/2022 19:05,UNABLE TO DETERMINE,UNABLE TO DETERMINE,4102,N,LAKE SHORE DR SB,1915,,,,,,,2,NO INDICATION OF INJURY,0,0,0,0,0,2,0,9,7,2,41.95581627,-87.64524219,POINT (-87.645242186003 41.955816273155)
fd979cff17e37c86162aad7fc7a7857c1b42a7643895f4f64b5903b71d9e45eaa461415dfd3a7b1f37b73f525021716e191f20c369207885a8243adae7d3506b,JF149975,,2/19/2022 22:05,35,NO CONTROLS,NO CONTROLS,CLEAR,"DARKNESS, LIGHTED ROAD",TURNING,NOT DIVIDED,,STRAIGHT AND LEVEL,UNKNOWN,UNKNOWN,ON SCENE,INJURY AND / OR TOW DUE TO CRASH,,,,"OVER $1,500",2/19/2022 22:05,FAILING TO YIELD RIGHT-OF-WAY,FAILING TO YIELD RIGHT-OF-WAY,5344,N,CUMBERLAND AVE,1614,,,,,,,2,INCAPACITATING INJURY,2,0,2,0,0,0,0,22,7,2,41.97685089,-87.83676047,POINT (-87.836760471903 41.976850889708)
fe07c564afe3e4cdb68bdfbe9cef40ea343dc97d0cc7be38b46c1929500374318d47c5c87d238c5c306fda366b09e4c43b0f6cb8558e89fd4e2555350d524c57,JF149472,,2/19/2022 12:20,25,TRAFFIC SIGNAL,FUNCTIONING PROPERLY,CLEAR,DAYLIGHT,TURNING,FOUR WAY,,STRAIGHT AND LEVEL,DRY,NO DEFECTS,ON SCENE,NO INJURY / DRIVE AWAY,Y,,,"$501 - $1,500",2/19/2022 12:52,DRIVING SKILLS/KNOWLEDGE/EXPERIENCE,FAILING TO YIELD RIGHT-OF-WAY,200,N,OGDEN AVE,1215,,Y,,,,,2,NO INDICATION OF INJURY,0,0,0,0,0,2,0,12,7,2,41.8854749,-87.66280519,POINT (-87.662805184738 41.885474900515)
3497b234fadfed5aae5e98cbe0260756c6dcee7c573937977af0443f397245aec72080c42a7695abbc03cbf0ca67ed74bbf48e526c5bc9fc31a81a14bc67e7ee,JE335997,,8/13/2021 12:15,30,STOP SIGN/FLASHER,FUNCTIONING PROPERLY,CLEAR,DAYLIGHT,TURNING,FOUR WAY,,STRAIGHT AND LEVEL,DRY,NO DEFECTS,,INJURY AND / OR TOW DUE TO CRASH,Y,,,"OVER $1,500",8/13/2021 12:18,FAILING TO YIELD RIGHT-OF-WAY,FAILING TO YIELD RIGHT-OF-WAY,1878,W,OGDEN AVE,1225,,,,,,,2,INCAPACITATING INJURY,3,0,2,1,0,0,0,12,6,8,41.87515478,-87.67375588,POINT (-87.673755881513 41.875154779829)
34cf511484c461fcea7fdabdd7f84ee54fded42eb239ee4cffa49e43d0abf49e93a30d7bcc773661c4551e5ff530943fbd4e3b9c5d49e8652bce1948f298518a,JD105962,,1/6/2020 10:45,30,TRAFFIC SIGNAL,FUNCTIONING PROPERLY,CLEAR,DAYLIGHT,TURNING,NOT DIVIDED,,STRAIGHT AND LEVEL,DRY,NO DEFECTS,,NO INJURY / DRIVE AWAY,,,,"OVER $1,500",1/6/2020 11:00,IMPROPER OVERTAKING/PASSING,FOLLOWING TOO CLOSELY,4001,W,OGDEN AVE,1013,,,,,,,2,NO INDICATION OF INJURY,0,0,0,0,0,2,0,10,2,1,41.85095796,-87.72477522,POINT (-87.724775223225 41.850957959368)
356c68b6b8cf2240e184c3e29476d77a4915750141a89b8c1d73cf629499cdfeddebfc0c8a94d7995cd9fabd094f5d149ccc35c11957acdfe2a0c9c90f2b6c20,JD219706,,4/28/2020 14:20,30,TRAFFIC SIGNAL,NO CONTROLS,CLEAR,DAYLIGHT,REAR END,NOT DIVIDED,,STRAIGHT AND LEVEL,DRY,NO DEFECTS,,NO INJURY / DRIVE AWAY,,,,"$501 - $1,500",4/29/2020 9:33,FOLLOWING TOO CLOSELY,NOT APPLICABLE,101,N,CENTRAL AVE,1523,,,,,,,2,NO INDICATION OF INJURY,0,0,0,0,0,3,0,14,3,4,41.88234808,-87.76478448,POINT (-87.764784474593 41.882348079553)
ff491a51c38fb70e9536aeaabb823b8957ab125e457273cfe4750ba995cbf5d126a099c7ad8e5e1e0530a5552604622ae4e143ed35e0ae731ad5a4e3a09ba31d,JF149535,Y,2/19/2022 8:00,30,NO CONTROLS,NO CONTROLS,CLEAR,UNKNOWN,PARKED MOTOR VEHICLE,NOT DIVIDED,,STRAIGHT AND LEVEL,SNOW OR SLUSH,UNKNOWN,NOT ON SCENE (DESK REPORT),INJURY AND / OR TOW DUE TO CRASH,,,,"OVER $1,500",2/19/2022 13:45,UNABLE TO DETERMINE,NOT APPLICABLE,514,S,CAMPBELL AVE,1135,,,,,,,2,NO INDICATION OF INJURY,0,0,0,0,0,1,0,8,7,2,41.87448002,-87.68882941,POINT (-87.688829408281 41.87448001912)
e97fd9413bb046b7f7be161940612e247399f3a8f1a6774eb9bc9f7c2ffcd8c18523944c2c93f8ac64cf7f442f906f5cb02a46d7ea817858f8de56293789150b,JF156841,,2/26/2022 14:56,30,TRAFFIC SIGNAL,FUNCTIONING PROPERLY,CLEAR,DAYLIGHT,PEDESTRIAN,FOUR WAY,,STRAIGHT AND LEVEL,DRY,NO DEFECTS,ON SCENE,INJURY AND / OR TOW DUE TO CRASH,Y,,Y,$500 OR LESS,2/26/2022 14:57,FAILING TO YIELD RIGHT-OF-WAY,UNABLE TO DETERMINE,1958,N,CICERO AVE,2533,,,,,,,2,INCAPACITATING INJURY,1,0,1,0,0,1,0,14,7,2,41.91683649,-87.74625205,POINT (-87.74625204539 41.916836487728)
e981c17b425ca08e7f72d6cb93d7a1ec765ee8427f5e61680a4c9cd1416cf1f4920518746b903a47468e8cbb9938a129fe7e704c8ca99db13d8c9ab13259dc91,JF156783,,2/26/2022 15:30,30,TRAFFIC SIGNAL,FUNCTIONING PROPERLY,CLEAR,DAYLIGHT,TURNING,ONE-WAY,,STRAIGHT AND LEVEL,DRY,NO DEFECTS,ON SCENE,INJURY AND / OR TOW DUE TO CRASH,Y,,,"OVER $1,500",2/26/2022 15:43,IMPROPER TURNING/NO SIGNAL,NOT APPLICABLE,1,N,WELLS ST,122,,,,,,,2,NO INDICATION OF INJURY,0,0,0,0,0,2,0,15,7,2,41.88197937,-87.63367812,POINT (-87.633678120933 41.881979373839)
e9fe00961a89cc0d52d484a1c6618aa1cc21de33968206c5ef4a2bfbdbb748a1eccdad85d65cd18fc1a065e4403e4e129e42b7d8dafa3c900b5da541ab48bdd0,JF158733,,2/26/2022 16:00,20,OTHER,FUNCTIONING PROPERLY,CLEAR,DAYLIGHT,PARKED MOTOR VEHICLE,PARKING LOT,,STRAIGHT AND LEVEL,UNKNOWN,UNKNOWN,NOT ON SCENE (DESK REPORT),NO INJURY / DRIVE AWAY,,Y,,"$501 - $1,500",2/28/2022 14:30,DRIVING SKILLS/KNOWLEDGE/EXPERIENCE,NOT APPLICABLE,1649,E,50TH ST,222,,,,,,,2,NO INDICATION OF INJURY,0,0,0,0,0,1,0,16,7,2,41.80427516,-87.58431654,POINT (-87.584316540086 41.804275156019)
ebd5c657916f6d304e41d90fc7e81c21e017714b8edbbabdead057eaa8b6895dfcc066be357b6c569e3465143b401c2baa782f20b7dfcd484992826fa4c94b82,JF157006,,2/26/2022 15:30,30,TRAFFIC SIGNAL,FUNCTIONING PROPERLY,CLEAR,DAYLIGHT,REAR END,NOT DIVIDED,,STRAIGHT AND LEVEL,DRY,NO DEFECTS,NOT ON SCENE (DESK REPORT),INJURY AND / OR TOW DUE TO CRASH,,,,"$501 - $1,500",2/26/2022 19:51,FOLLOWING TOO CLOSELY,FAILING TO REDUCE SPEED TO AVOID CRASH,4759,N,WESTERN AVE,1911,,,,,,,2,"REPORTED, NOT EVIDENT",2,0,0,0,2,1,0,15,7,2,41.96846814,-87.68875631,POINT (-87.688756313644 41.968468135052)
ec402f862af7385e2c73ea0b06d9b594964b1592c0cbd4b663906ebd3c34a92cfa0059c21450841043eb4dde81609772b04f4c5e5b26d522bd2587ae96c532c7,JF158682,,2/26/2022 12:30,30,NO CONTROLS,NO CONTROLS,CLEAR,DAYLIGHT,SIDESWIPE SAME DIRECTION,ONE-WAY,,STRAIGHT AND LEVEL,DRY,NO DEFECTS,NOT ON SCENE (DESK REPORT),NO INJURY / DRIVE AWAY,,,,"OVER $1,500",2/28/2022 13:45,UNABLE TO DETERMINE,NOT APPLICABLE,721,N,ADA ST,1215,,,,,,,2,NO INDICATION OF INJURY,0,0,0,0,0,2,0,12,7,2,41.89505745,-87.66122964,POINT (-87.661229639818 41.895057451777)
ec66963eb66fded5fc30053eae70465afffc8ebb22c455e2e8758cf7c2bdce167d63821edaef3c83768ec40f44a757fdb94a21f5650745c0dd5b83308004a24e,JF156282,,2/26/2022 0:25,30,STOP SIGN/FLASHER,FUNCTIONING PROPERLY,CLEAR,"DARKNESS, LIGHTED ROAD",TURNING,NOT DIVIDED,,STRAIGHT AND LEVEL,WET,NO DEFECTS,ON SCENE,INJURY AND / OR TOW DUE TO CRASH,Y,,,"OVER $1,500",2/26/2022 0:27,WEATHER,NOT APPLICABLE,6199,W,DIVERSEY AVE,2512,,,,,,,2,NO INDICATION OF INJURY,0,0,0,0,0,3,0,0,7,2,41.93096182,-87.780765,POINT (-87.780764997829 41.93096181734)
ee72488ba2f275d75239653a76a270dd60d31466076196d9e95c997665926d4db3517e11d349f3c649f5fd0bc91784d4cdacd5471a4cae66351b55df5edc9357,JF157715,,2/26/2022 20:30,40,OTHER,FUNCTIONING PROPERLY,CLEAR,"DARKNESS, LIGHTED ROAD",SIDESWIPE SAME DIRECTION,DIVIDED - W/MEDIAN BARRIER,,STRAIGHT AND LEVEL,DRY,NO DEFECTS,NOT ON SCENE (DESK REPORT),NO INJURY / DRIVE AWAY,,,,"$501 - $1,500",2/27/2022 14:00,IMPROPER LANE USAGE,UNABLE TO DETERMINE,100,S,LAKE SHORE DR SB,114,,,,,,,2,NO INDICATION OF INJURY,0,0,0,0,0,2,0,20,7,2,41.88085605,-87.61763589,POINT (-87.617635891755 41.880856047671)
ee8949a897bba9891c18d237e85017b130165862056b1ddec5f8c56dac6115337c91bc473f7620ba1c9a25a793e4af939228ded33d12b0bc4ef3a5f4526fce81,JF156947,,2/26/2022 12:00,30,STOP SIGN/FLASHER,NO CONTROLS,UNKNOWN,DAYLIGHT,TURNING,FOUR WAY,,STRAIGHT AND LEVEL,UNKNOWN,UNKNOWN,NOT ON SCENE (DESK REPORT),INJURY AND / OR TOW DUE TO CRASH,Y,,Y,"OVER $1,500",2/26/2022 16:55,DISREGARDING STOP SIGN,UNABLE TO DETERMINE,6500,S,HAMILTON AVE,726,,,,,,,2,NO INDICATION OF INJURY,0,0,0,0,0,2,0,12,7,2,41.77556638,-87.67761458,POINT (-87.677614576336 41.775566384166)
efafda4d25081b79952064df22fff479ac381dd6ef108f9313c94d76efa501e5d79daeccb7ff3aa507e3b2a5218811491207f20d3ce4716000e044da9e789d18,JF156795,,2/26/2022 11:35,30,NO CONTROLS,NO CONTROLS,CLEAR,DAYLIGHT,PARKED MOTOR VEHICLE,OTHER,,STRAIGHT AND LEVEL,DRY,NO DEFECTS,NOT ON SCENE (DESK REPORT),NO INJURY / DRIVE AWAY,,,Y,"OVER $1,500",2/26/2022 14:39,"OPERATING VEHICLE IN ERRATIC, RECKLESS, CARELESS, NEGLIGENT OR AGGRESSIVE MANNER","OPERATING VEHICLE IN ERRATIC, RECKLESS, CARELESS, NEGLIGENT OR AGGRESSIVE MANNER",2100,W,95TH ST,2221,,,,,,,2,NO INDICATION OF INJURY,0,0,0,0,0,1,0,11,7,2,41.72115055,-87.67501533,POINT (-87.675015325514 41.721150554364)
efbc5137ce70c1b4898e9190c2989d647ec32706a84a9b3c388e1d094dbfe831686f544f7e992880e4e375507f7fea1ed7556e4f8a343674b5876488e90aceba,JF163914,,2/26/2022 7:00,15,NO CONTROLS,NO CONTROLS,CLEAR,DAYLIGHT,PARKED MOTOR VEHICLE,ALLEY,,STRAIGHT AND LEVEL,UNKNOWN,UNKNOWN,NOT ON SCENE (DESK REPORT),NO INJURY / DRIVE AWAY,,,Y,"OVER $1,500",3/5/2022 8:30,UNABLE TO DETERMINE,UNABLE TO DETERMINE,2833,S,ARCHER AVE,913,,,,,,,2,NO INDICATION OF INJURY,0,0,0,0,0,1,0,7,7,2,41.84279918,-87.65529374,POINT (-87.655293739982 41.84279918125)
f0c52f88c75d34b8e118ffc4033435e6f95ebbf240c88b74e71a9c8ce3bcd5703cc12f71d5e8e8d2ec2e555556d08b8bad0b2b0b1a8bf42029fa054bafda4d46,JF157191,Y,2/26/2022 20:15,40,TRAFFIC SIGNAL,FUNCTIONING PROPERLY,CLEAR,"DARKNESS, LIGHTED ROAD",TURNING,FOUR WAY,,STRAIGHT AND LEVEL,DRY,NO DEFECTS,NOT ON SCENE (DESK REPORT),NO INJURY / DRIVE AWAY,Y,,N,"OVER $1,500",2/26/2022 21:30,DISREGARDING TRAFFIC SIGNALS,FAILING TO YIELD RIGHT-OF-WAY,5900,S,ARCHER AVE,811,,,,,,,2,NO INDICATION OF INJURY,0,0,0,0,0,3,0,20,7,2,41.79573134,-87.76298434,POINT (-87.762984339179 41.795731342564)
f1c740ac7a47728c15aaea28109e06c580aad5b91bc25c4c61ce53860af787f67f569e3ef9fd3d9197114e60728df69644fa41a2b5181e111a5693391b0f7898,JF156372,,2/26/2022 3:43,30,NO CONTROLS,NO CONTROLS,CLEAR,"DARKNESS, LIGHTED ROAD",PARKED MOTOR VEHICLE,DIVIDED - W/MEDIAN (NOT RAISED),,STRAIGHT AND LEVEL,WET,NO DEFECTS,ON SCENE,INJURY AND / OR TOW DUE TO CRASH,,,Y,"OVER $1,500",2/26/2022 3:44,UNABLE TO DETERMINE,UNABLE TO DETERMINE,1921,W,47TH ST,931,,,,,,,2,NO INDICATION OF INJURY,0,0,0,0,0,1,0,3,7,2,41.8084127,-87.67322718,POINT (-87.673227177979 41.808412698861)
f2690ae05a8600285cc1ec4abc004e1f7768516834269f6e5916a90e0b89bec4b2313efa89b3d70f99e7ce8453a035c4ad04ec24008d3705178a559d308c3bcd,JF171785,,3/12/2022 17:00,25,NO CONTROLS,NO CONTROLS,CLEAR,DAYLIGHT,PARKED MOTOR VEHICLE,NOT DIVIDED,,STRAIGHT AND LEVEL,DRY,UNKNOWN,,INJURY AND / OR TOW DUE TO CRASH,,,Y,"OVER $1,500",3/12/2022 17:02,UNABLE TO DETERMINE,UNABLE TO DETERMINE,11725,S,LAFAYETTE AVE,522,,,,,,,3,NO INDICATION OF INJURY,0,0,0,0,0,1,0,17,7,3,41.68082719,-87.6238351,POINT (-87.623835101464 41.680827185132)
f2a8b37a57636ad1c9b3a57b828530607e97276261ec3d83bb9097b0a11ca945e5f4d1e5587dc741f76046b267dfc0d3e92772edb4ceeab30262dbe77a1eac08,JF157274,,2/26/2022 23:50,30,TRAFFIC SIGNAL,FUNCTIONING PROPERLY,CLEAR,"DARKNESS, LIGHTED ROAD",SIDESWIPE SAME DIRECTION,DIVIDED - W/MEDIAN (NOT RAISED),,"CURVE, LEVEL",DRY,NO DEFECTS,NOT ON SCENE (DESK REPORT),NO INJURY / DRIVE AWAY,Y,,,"$501 - $1,500",2/27/2022 0:20,UNABLE TO DETERMINE,NOT APPLICABLE,1717,W,PETERSON AVE,2012,,,,,,,2,NO INDICATION OF INJURY,0,0,0,0,0,2,0,23,7,2,41.99067852,-87.67229982,POINT (-87.672299815079 41.99067852112)
f3deb472ddff6832e1466d8f11eb08a08c32dac1b7ccb0045bd575a4b8d6543dd0e705385bb5acff60c9342f2d9cd840b4f9bf0f2419196244b1dfdbe852717f,JF157229,,2/26/2022 22:51,30,STOP SIGN/FLASHER,FUNCTIONING PROPERLY,CLEAR,"DARKNESS, LIGHTED ROAD",REAR TO FRONT,FOUR WAY,,STRAIGHT AND LEVEL,SNOW OR SLUSH,NO DEFECTS,ON SCENE,INJURY AND / OR TOW DUE TO CRASH,,,Y,"OVER $1,500",2/26/2022 22:51,IMPROPER BACKING,UNABLE TO DETERMINE,2603,W,HADDON AVE,1211,,,,,,,4,NO INDICATION OF INJURY,0,0,0,0,0,2,0,22,7,2,41.90193012,-87.69212985,POINT (-87.692129848551 41.90193012416)
f6d0f4bccc7ae7479e1fa2bb7a09c088339f75b04bb285472159c1abc24861c44fe4663df38d7d458e1ca8716c28909937f45113d6554f26165341bc5df97a3b,JF157081,,2/26/2022 18:40,30,TRAFFIC SIGNAL,FUNCTIONING PROPERLY,CLEAR,DARKNESS,TURNING,DIVIDED - W/MEDIAN BARRIER,,STRAIGHT AND LEVEL,DRY,NO DEFECTS,NOT ON SCENE (DESK REPORT),NO INJURY / DRIVE AWAY,Y,,,"OVER $1,500",2/26/2022 19:15,UNABLE TO DETERMINE,NOT APPLICABLE,2400,W,OGDEN AVE,1023,,,,,,,2,NO INDICATION OF INJURY,0,0,0,0,0,2,0,18,7,2,41.86483171,-87.68616067,POINT (-87.686160672742 41.864831710222)
f7454a019f19248204deba491e1c174bec903128f4c12fb5d70e904b02df4bfb470b02c4645109f8afeb29b3effa8a33aa4589eb8cb667c777324483c08ea839,JF157202,,2/26/2022 21:50,30,TRAFFIC SIGNAL,FUNCTIONING PROPERLY,CLEAR,"DARKNESS, LIGHTED ROAD",SIDESWIPE SAME DIRECTION,ONE-WAY,,"CURVE, LEVEL",DRY,NO DEFECTS,NOT ON SCENE (DESK REPORT),NO INJURY / DRIVE AWAY,Y,,,"$501 - $1,500",2/26/2022 22:30,IMPROPER LANE USAGE,NOT APPLICABLE,1130,W,SHERIDAN RD,2432,,,,,,,2,NO INDICATION OF INJURY,0,0,0,0,0,2,0,21,7,2,41.99830482,-87.65993112,POINT (-87.659931117893 41.998304814572)
f7be1588beb0428c6c48c8145c09c8ca6b2d46c511f03ac336ec2cb5c3366c45ec9e1feb1cb3acc146d1c8409ed7ed65bb1daac09bc3209440b29fef1309b33e,JF157075,,2/26/2022 18:45,30,NO CONTROLS,NO CONTROLS,CLEAR,"DARKNESS, LIGHTED ROAD",TURNING,FOUR WAY,,STRAIGHT AND LEVEL,DRY,NO DEFECTS,NOT ON SCENE (DESK REPORT),NO INJURY / DRIVE AWAY,Y,,,"OVER $1,500",2/26/2022 19:05,IMPROPER OVERTAKING/PASSING,NOT APPLICABLE,2421,W,NORTH AVE,1423,,,,,,,2,NO INDICATION OF INJURY,0,0,0,0,0,2,0,18,7,2,41.9101999,-87.68812523,POINT (-87.688125231469 41.91019989714)