CRASH_RECORD_ID,RD_NO,CRASH_DATE_EST_I,CRASH_DATE,POSTED_SPEED_LIMIT,TRAFFIC_CONTROL_DEVICE,DEVICE_CONDITION,WEATHER_CONDITION,LIGHTING_CONDITION,FIRST_CRASH_TYPE,TRAFFICWAY_TYPE,LANE_CNT,ALIGNMENT,ROADWAY_SURFACE_COND,ROAD_DEFECT,REPORT_TYPE,CRASH_TYPE,INTERSECTION_RELATED_I,NOT_RIGHT_OF_WAY_I,HIT_AND_RUN_I,DAMAGE,DATE_POLICE_NOTIFIED,PRIM_CONTRIBUTORY_CAUSE,SEC_CONTRIBUTORY_CAUSE,STREET_NO,STREET_DIRECTION,STREET_NAME,BEAT_OF_OCCURRENCE,PHOTOS_TAKEN_I,STATEMENTS_TAKEN_I,DOORING_I,WORK_ZONE_I,WORK_ZONE_TYPE,WORKERS_PRESENT_I,NUM_UNITS,MOST_SEVERE_INJURY,INJURIES_TOTAL,INJURIES_FATAL,INJURIES_INCAPACITATING,INJURIES_NON_INCAPACITATING,INJURIES_REPORTED_NOT_EVIDENT,INJURIES_NO_INDICATION,INJURIES_UNKNOWN,CRASH_HOUR,CRASH_DAY_OF_WEEK,CRASH_MONTH,LATITUDE,LONGITUDE,LOCATION
f88298ecd816603824ed3484601ca815605939479c1b5c5055a1af1134994459d4017e557b6a3d080c533cb3b8ae9d78d111a463b799b7aa0e82b7d893a6ca69,JF157479,Y,2/26/2022 18:00,30,NO CONTROLS,NO CONTROLS,CLEAR,UNKNOWN,PARKED MOTOR VEHICLE,PARKING LOT,,STRAIGHT AND LEVEL,ICE,UNKNOWN,ON SCENE,NO INJURY / DRIVE AWAY,,Y,Y,"OVER $1,500",2/27/2022 8:26,UNABLE TO DETERMINE,NOT APPLICABLE,6630,S,VERNON AVE,312,,,,,,,2,NO INDICATION OF INJURY,0,0,0,0,0,1,0,18,7,2,41.77386949,-87.6144209,POINT (-87.614420901225 41.773869485404)
f8eb1090a220fe30ddf3342c43122ebf052b2b907b129946d0ec02ace020bf642cc8e3d48f1c0f7a1efec73b76303ed0d0e0a0922dbe960d456429c9bfc324ac,JF156785,,2/26/2022 14:00,30,NO CONTROLS,NO CONTROLS,CLEAR,DAYLIGHT,PARKED MOTOR VEHICLE,DIVIDED - W/MEDIAN (NOT RAISED),,STRAIGHT AND LEVEL,DRY,NO DEFECTS,NOT ON SCENE (DESK REPORT),NO INJURY / DRIVE AWAY,,,,"OVER $1,500",2/26/2022 14:20,UNABLE TO DETERMINE,UNABLE TO DETERMINE,5611,W,MADISON ST,1513,,,,,,,2,NO INDICATION OF INJURY,0,0,0,0,0,1,0,14,7,2,41.88012913,-87.76535056,POINT (-87.765350561547 41.880129128386)
f9c0ef7d78e197299ec3624233f2f5fe67f23c462d6a2fe440404bcd6693d0ac5050c806ecf82d459d593cbda0f3ab6356cbcc2c46a70e7bba56cda50549a702,JF156770,,2/26/2022 13:40,30,STOP SIGN/FLASHER,UNKNOWN,UNKNOWN,UNKNOWN,REAR END,NOT DIVIDED,,STRAIGHT AND LEVEL,UNKNOWN,UNKNOWN,NOT ON SCENE (DESK REPORT),NO INJURY / DRIVE AWAY,Y,,,"OVER $1,500",2/26/2022 14:10,UNABLE TO DETERMINE,NOT APPLICABLE,756,W,99TH ST,2232,,,,,,,2,NO INDICATION OF INJURY,0,0,0,0,0,2,0,13,7,2,41.71432477,-87.64286137,POINT (-87.64286137342 41.71432476912)
33f14428d4349b9534409211cef054ac8ac5def465ba71fea04ab2275972dc6294fe5d13fc161fdc01b9ec15056fe207a49c436494a5daef92f4cb3c25aca52a,JE329575,,8/7/2021 15:15,30,NO CONTROLS,NO CONTROLS,CLEAR,DAYLIGHT,REAR TO SIDE,PARKING LOT,,STRAIGHT AND LEVEL,DRY,NO DEFECTS,,NO INJURY / DRIVE AWAY,,Y,,$500 OR LESS,8/7/2021 16:15,IMPROPER BACKING,FAILING TO YIELD RIGHT-OF-WAY,7855,S,WESTERN AVE,835,,,,,,,2,NO INDICATION OF INJURY,0,0,0,0,0,2,0,15,7,8,41.75031089,-87.6827074,POINT (-87.682707401546 41.750310890789)
33f91ce84b606467d8483fd7c57ab3a153fdd48f7aa335b2496d28d6c0dd95e0c2b72c379bb1390b70504e4e6eafc25c2902b1db88ca9b379ff48b64792e9ea2,JE421370,,10/25/2021 4:25,30,TRAFFIC SIGNAL,FUNCTIONING PROPERLY,CLEAR,"DARKNESS, LIGHTED ROAD",TURNING,FOUR WAY,,STRAIGHT AND LEVEL,WET,UNKNOWN,,INJURY AND / OR TOW DUE TO CRASH,Y,,,"OVER $1,500",10/25/2021 4:35,FAILING TO YIELD RIGHT-OF-WAY,FAILING TO REDUCE SPEED TO AVOID CRASH,759,E,63RD ST,312,,,,,,,2,NONINCAPACITATING INJURY,1,0,0,1,0,5,0,4,2,10,41.78029921,-87.60598928,POINT (-87.605989278628 41.780299207142)
33fee69b649f790b7f1da91cf992ce6d1db4eca7be9c2e7d45bc8879597613d2e873c818b5f5cd4e1c11e2fcb5187294439cca86854f1d68c839753155d611d0,JD423622,,11/6/2020 20:15,30,TRAFFIC SIGNAL,FUNCTIONING PROPERLY,CLEAR,"DARKNESS, LIGHTED ROAD",PEDALCYCLIST,DIVIDED - W/MEDIAN (NOT RAISED),,STRAIGHT AND LEVEL,DRY,NO DEFECTS,,INJURY AND / OR TOW DUE TO CRASH,Y,,,$500 OR LESS,11/7/2020 4:05,FAILING TO YIELD RIGHT-OF-WAY,UNABLE TO DETERMINE,7500,S,JEFFERY BLVD,414,,,,,,,2,NONINCAPACITATING INJURY,1,0,0,1,0,1,0,20,6,11,41.75878382,-87.57628665,POINT (-87.576286649151 41.758783819129)
f9c1b7bd640a818e67665d39fe4fc86a5f02167ddc63bc2a951daa2c54d8fa505a23f38f01941654ab226cc1d866447b2bdc285c1b4f6697adcdd35ce9f4b9bb,JF113649,,1/15/2022 7:50,30,STOP SIGN/FLASHER,FUNCTIONING PROPERLY,CLEAR,DAYLIGHT,HEAD ON,NOT DIVIDED,,STRAIGHT AND LEVEL,SNOW OR SLUSH,UNKNOWN,,INJURY AND / OR TOW DUE TO CRASH,,,Y,"OVER $1,500",1/15/2022 12:14,UNABLE TO DETERMINE,NOT APPLICABLE,3734,W,CORTLAND ST,2535,,,,,,,2,"REPORTED, NOT EVIDENT",1,0,0,0,1,2,0,7,7,1,41.91552354,-87.72061073,POINT (-87.720610727962 41.91552353485)
fcd00912204dfa859c4789f7e56d5be443084e2286fe9186ee180789d14cd808fc594070113d631279bd491309d961b87c865a945f4cd893f01b52163ca6d5e9,JF156876,,2/26/2022 5:00,15,NO CONTROLS,NO CONTROLS,UNKNOWN,UNKNOWN,PARKED MOTOR VEHICLE,PARKING LOT,,STRAIGHT AND LEVEL,SNOW OR SLUSH,NO DEFECTS,ON SCENE,NO INJURY / DRIVE AWAY,,,Y,"$501 - $1,500",2/26/2022 14:30,UNABLE TO DETERMINE,UNABLE TO DETERMINE,4060,W,115TH ST,2211,,,,,,,2,NO INDICATION OF INJURY,0,0,0,0,0,1,0,5,7,2,41.68403922,-87.72228166,POINT (-87.722281657965 41.68403922337)
fe11ae3757a33d7e2955b5c13663f4c34e865be1a92e0da0d7ca518e4e25be86f1e2c508d91cc3ec0971e00b06d4b32a2dbacc178f6b2f194565d7376a77d6ea,JF171468,,3/12/2022 12:50,30,TRAFFIC SIGNAL,FUNCTIONING PROPERLY,CLEAR,DAYLIGHT,REAR END,NOT DIVIDED,,STRAIGHT AND LEVEL,DRY,NO DEFECTS,,NO INJURY / DRIVE AWAY,,,,"OVER $1,500",3/12/2022 13:24,UNABLE TO DETERMINE,UNABLE TO DETERMINE,8248,S,COTTAGE GROVE AVE,631,,,,,,,2,NO INDICATION OF INJURY,0,0,0,0,0,3,0,12,7,3,41.74434269,-87.60519081,POINT (-87.605190812109 41.744342693814)
8d0f19fa37d48f065683394f43887681707a543c400c84ad7ed58d0037a006ab0f8cfd0c9740976f4a79dd6bdce0eb09fb1a7c6ad2da62950b32b39b133a5413,,,4/8/2022 10:45,35,TRAFFIC SIGNAL,FUNCTIONING PROPERLY,RAIN,DAYLIGHT,REAR END,NOT DIVIDED,,STRAIGHT AND LEVEL,WET,NO DEFECTS,NOT ON SCENE (DESK REPORT),NO INJURY / DRIVE AWAY,Y,,,"OVER $1,500",4/8/2022 12:15,FOLLOWING TOO CLOSELY,WEATHER,401,W,LAKE ST,121,,,,,,,2,NO INDICATION OF INJURY,0,0,0,0,0,2,0,10,6,4,41.88561228,-87.6377745,POINT (-87.637774500822 41.885612279941)
8cf20f85967615ef7cd929645cf354735bd86a366492f32b208511b5b8b3d5ba03268d2711b9dcc8bb524a8a5f2fb10df9d2f56f3ac42e97c92d3d5bbbd8ea66,,Y,4/9/2022 11:15,15,NO CONTROLS,NO CONTROLS,CLEAR,DAYLIGHT,PARKED MOTOR VEHICLE,PARKING LOT,,STRAIGHT AND LEVEL,DRY,NO DEFECTS,ON SCENE,NO INJURY / DRIVE AWAY,,,,"$501 - $1,500",4/9/2022 11:35,FAILING TO YIELD RIGHT-OF-WAY,FAILING TO YIELD RIGHT-OF-WAY,618,W,OHARE ST,1654,,,,,,,2,NO INDICATION OF INJURY,0,0,0,0,0,2,0,11,7,4,,,
8cf0dcfd50ef8322c788f5a617ef2b9b39f5fe79cd95f7889cd7308526fdd9bc26ba0fa5eeb98f6c5bfcf7518eb7f6cf7854a1221e18001c3cad876d3c6433a2,,,4/8/2022 17:29,35,TRAFFIC SIGNAL,FUNCTIONING PROPERLY,RAIN,DAYLIGHT,SIDESWIPE SAME DIRECTION,DIVIDED - W/MEDIAN (NOT RAISED),,STRAIGHT AND LEVEL,WET,NO DEFECTS,NOT ON SCENE (DESK REPORT),NO INJURY / DRIVE AWAY,,,,"OVER $1,500",4/8/2022 17:30,FAILING TO YIELD RIGHT-OF-WAY,FAILING TO YIELD RIGHT-OF-WAY,3900,S,CICERO AVE,1031,,,,,,,2,NO INDICATION OF INJURY,0,0,0,0,0,2,0,17,6,4,41.82194483,-87.7436766,POINT (-87.743676596199 41.821944833083)
67344d3721395ec237b81a114588679f7926d33769c389fae6866d58f0f0debf7ae525f3798066559d721a277fcad3313f755dc02aab6e830b579afcafe48497,JC565725,,12/30/2019 17:30,30,TRAFFIC SIGNAL,FUNCTIONING PROPERLY,SNOW,DARKNESS,REAR END,FOUR WAY,,STRAIGHT AND LEVEL,WET,NO DEFECTS,,NO INJURY / DRIVE AWAY,Y,,Y,"OVER $1,500",12/30/2019 19:00,FAILING TO REDUCE SPEED TO AVOID CRASH,NOT APPLICABLE,3601,W,NORTH AVE,2535,,,,,,,2,NO INDICATION OF INJURY,0,0,0,0,0,2,0,17,2,12,41.90988375,-87.71675134,POINT (-87.716751343041 41.909883748015)
b199b942cb472cb634a6fb8d836cf9d4fece81855721b7c5819c2646f3f922b143d94a9c5d72c760f8529a159b4cf3cb6db8d1ec7260e9a6348525ce9ee18f9e,,,4/2/2022 13:40,30,TRAFFIC SIGNAL,FUNCTIONING PROPERLY,RAIN,DAYLIGHT,REAR END,NOT DIVIDED,,STRAIGHT AND LEVEL,WET,NO DEFECTS,ON SCENE,NO INJURY / DRIVE AWAY,,,Y,"OVER $1,500",4/2/2022 14:00,UNABLE TO DETERMINE,UNABLE TO DETERMINE,1745,N,HARLEM AVE,2513,,,,,,,2,NO INDICATION OF INJURY,0,0,0,0,0,2,0,13,7,4,41.91204736,-87.80572703,POINT (-87.805727027016 41.912047355165)
65ee7afe398f7f02a7b7da0090ef98dd62504e387b2a09db3220626e7aa998b794d44c8c86f13405e93d9f7853f1dbd48aca5adc08ddb0d736f1c7e8e5d5c553,JE272011,,6/19/2021 14:00,30,NO CONTROLS,NO CONTROLS,CLEAR,DAYLIGHT,REAR END,DIVIDED - W/MEDIAN (NOT RAISED),,STRAIGHT AND LEVEL,DRY,NO DEFECTS,,NO INJURY / DRIVE AWAY,,,,"$501 - $1,500",6/19/2021 14:45,FAILING TO REDUCE SPEED TO AVOID CRASH,UNABLE TO DETERMINE,4556,W,DIVISION ST,2533,,,,,,,3,NO INDICATION OF INJURY,0,0,0,0,0,2,0,14,7,6,41.90254307,-87.74108116,POINT (-87.741081160198 41.90254307372)
665df9396a36cedfd12cadedbed9a32cb4a29086bb896d08b713f7db557f7fcbc1622152d580963423186f9e58ce4475d56dc169ce1899c6cb46a422722ce029,JF184704,,3/24/2022 8:49,30,NO CONTROLS,NO CONTROLS,RAIN,DAYLIGHT,SIDESWIPE SAME DIRECTION,NOT DIVIDED,,STRAIGHT AND LEVEL,WET,NO DEFECTS,,INJURY AND / OR TOW DUE TO CRASH,,,,"OVER $1,500",3/24/2022 8:49,UNABLE TO DETERMINE,UNABLE TO DETERMINE,324,S,RACINE AVE,1231,,Y,,,,,2,NONINCAPACITATING INJURY,1,0,0,1,0,1,0,8,5,3,41.8769812,-87.65715348,POINT (-87.657153479564 41.876981199282)
6684201b73d9e1ded8a148df1fe2bd900d9848018a1492b2065bafe619b27ed2137404f14e73f0f7492e01ae38f4cf87754458ec539bada7add8ddde0282e4d5,JD264138,,6/14/2020 18:37,40,TRAFFIC SIGNAL,FUNCTIONING PROPERLY,CLEAR,DAYLIGHT,TURNING,DIVIDED - W/MEDIAN BARRIER,,STRAIGHT AND LEVEL,DRY,NO DEFECTS,,INJURY AND / OR TOW DUE TO CRASH,Y,,Y,"OVER $1,500",6/14/2020 18:58,DISREGARDING TRAFFIC SIGNALS,UNABLE TO DETERMINE,300,S,LAKE SHORE DR SB,114,,,,,,,2,NONINCAPACITATING INJURY,1,0,0,1,0,1,0,18,1,6,41.87831014,-87.6175759,POINT (-87.617575903416 41.878310134581)
6b45b519236cc1b297c9205e52d5a3f6992fef297329da53f553d43138dd530354fbe23fe817ce3df8f9260c5ea56039ba8b17ed3e53b921e4ca7e0d703d48d9,JE101527,,1/2/2021 17:25,5,OTHER,UNKNOWN,SNOW,DAWN,REAR TO FRONT,ONE-WAY,,STRAIGHT AND LEVEL,WET,UNKNOWN,,NO INJURY / DRIVE AWAY,,,,$500 OR LESS,1/2/2021 17:40,UNABLE TO DETERMINE,UNABLE TO DETERMINE,7068,S,SOUTH CHICAGO AVE,322,,,,,,,2,NO INDICATION OF INJURY,0,0,0,0,0,3,0,17,7,1,41.76650137,-87.60667099,POINT (-87.606670989463 41.766501374296)
6bf6c807fa5d02c465897b6497f35e4ae91dc2afccb00da852ed98b0608b4d6bc8cd0f840536f1e94ad9d5e6b247c36c787979f588912c809c10df0472ffae2b,JD414798,,10/29/2020 18:14,30,NO CONTROLS,UNKNOWN,CLEAR,DAYLIGHT,PARKED MOTOR VEHICLE,NOT DIVIDED,,STRAIGHT AND LEVEL,DRY,NO DEFECTS,,INJURY AND / OR TOW DUE TO CRASH,,,,"OVER $1,500",10/29/2020 18:14,NOT APPLICABLE,NOT APPLICABLE,3509,W,CHICAGO AVE,1121,,,,,,,4,NONINCAPACITATING INJURY,2,0,0,2,0,0,0,18,5,10,41.89537021,-87.71422519,POINT (-87.714225188622 41.895370212433)
6c192d741598ba972396be32fb37ded1e121bb16df6a75d83a426b3b310507c898725705d2c31870c4ebeedf46f0a827d8c9c3355217599187b2a0a7dbf4e60b,JD455562,,12/10/2020 18:50,25,TRAFFIC SIGNAL,FUNCTIONING PROPERLY,CLEAR,"DARKNESS, LIGHTED ROAD",PEDESTRIAN,T-INTERSECTION,,STRAIGHT AND LEVEL,DRY,NO DEFECTS,,INJURY AND / OR TOW DUE TO CRASH,Y,,Y,"$501 - $1,500",12/10/2020 18:56,UNABLE TO DETERMINE,UNABLE TO DETERMINE,199,W,33RD ST,915,,,,,,,2,FATAL,1,1,0,0,0,1,0,18,5,12,41.83448712,-87.63157819,POINT (-87.63157818592 41.834487124419)
c71424db3f5439e126ce1cd3d0d6afa0d12e4e8259c0fa74011dd37d6efd8aa5777983f37380e734237ee8e77a6065951c85b9a937de2670da7a1a90c4502057,JC507348,,11/12/2019 8:53,30,TRAFFIC SIGNAL,FUNCTIONING PROPERLY,CLEAR,DAYLIGHT,TURNING,ONE-WAY,,STRAIGHT AND LEVEL,DRY,NO DEFECTS,,INJURY AND / OR TOW DUE TO CRASH,Y,,,"OVER $1,500",11/12/2019 8:54,IMPROPER TURNING/NO SIGNAL,FAILING TO YIELD RIGHT-OF-WAY,757,S,JEFFERSON ST,124,,,,,,,2,"REPORTED, NOT EVIDENT",1,0,0,0,1,2,0,8,3,11,41.87203283,-87.6422015,POINT (-87.642201502259 41.87203283107)
c71dc6db25eff8d5ad31c61aec77860012af549583dac41d74b127af86018e81d401278ce0ab2ebc5ec6f074fe8eee8ea868568ee202c78edad7bd6f1e23fbc4,JE412036,,10/16/2021 18:00,30,STOP SIGN/FLASHER,FUNCTIONING PROPERLY,CLEAR,DAYLIGHT,TURNING,FOUR WAY,,STRAIGHT AND LEVEL,DRY,NO DEFECTS,,INJURY AND / OR TOW DUE TO CRASH,Y,,Y,"OVER $1,500",10/16/2021 18:02,FAILING TO REDUCE SPEED TO AVOID CRASH,NOT APPLICABLE,1729,W,79TH ST,611,,,,,,,2,NONINCAPACITATING INJURY,1,0,0,1,0,6,0,18,7,10,41.75020143,-87.6670145,POINT (-87.667014502229 41.750201429477)
c728bbbffd60c1e385b2e15c5de10d1e01ab39afc44ab447bd4c63b7782d60ba01ccfc967de273f7006fa1ada794c453aad8e7bf655899619ba1ed26ef4c2376,JE112912,,1/14/2021 18:58,35,STOP SIGN/FLASHER,FUNCTIONING PROPERLY,RAIN,DARKNESS,ANGLE,T-INTERSECTION,,STRAIGHT AND LEVEL,WET,NO DEFECTS,,INJURY AND / OR TOW DUE TO CRASH,Y,,,"$501 - $1,500",1/14/2021 19:00,DISREGARDING STOP SIGN,FAILING TO REDUCE SPEED TO AVOID CRASH,1301,W,69TH ST,734,,,,,,,2,"REPORTED, NOT EVIDENT",2,0,0,0,2,2,0,18,5,1,41.76854703,-87.65669618,POINT (-87.656696176296 41.768547029405)
c730ffb33d7d8b74aa0c1300a9050f2bededdb97e57b15c88284cfb7addf7f85b95813d12fe180515365b7b09f2acb6820773dba564964fe6ba115b09d3508fd,JE306965,,7/19/2021 16:52,30,NO CONTROLS,NO CONTROLS,CLEAR,DAYLIGHT,FIXED OBJECT,NOT DIVIDED,,STRAIGHT AND LEVEL,DRY,UNKNOWN,,INJURY AND / OR TOW DUE TO CRASH,,,Y,"OVER $1,500",7/19/2021 16:52,UNABLE TO DETERMINE,UNABLE TO DETERMINE,2358,N,TRIPP AVE,2522,,,,,,,1,NONINCAPACITATING INJURY,1,0,0,1,0,2,0,16,2,7,41.9243178,-87.73303565,POINT (-87.733035645038 41.924317795293)
dfa76302c757ef5f7d5f668796ea9d19a8207de210f720edaad7aeed07766b1b332c5d5a4490a1ebf2ce9847b48751ddbf4bcb4a6bed09535e53813b9a48b961,,N,3/27/2022 1:50,45,UNKNOWN,UNKNOWN,OTHER,"DARKNESS, LIGHTED ROAD",FIXED OBJECT,DIVIDED - W/MEDIAN BARRIER,,STRAIGHT AND LEVEL,DRY,UNKNOWN,ON SCENE,NO INJURY / DRIVE AWAY,,,,"OVER $1,500",3/27/2022 2:06,UNABLE TO DETERMINE,UNABLE TO DETERMINE,6259,S,LAKE SHORE DR,331,,,,,,,1,NO INDICATION OF INJURY,0,0,0,0,0,1,0,1,1,3,,,
71b3a4f4f7e8dbfe3ca54a25c0c829ae9932fd91b28427cde48845ed574088781cfa1c44358c974c054b336013f37f0036ae30b091bd8770175659b45e7cd7a6,JD178486,,3/8/2020 15:07,35,TRAFFIC SIGNAL,FUNCTIONING PROPERLY,CLEAR,DAYLIGHT,ANGLE,FOUR WAY,,STRAIGHT AND LEVEL,DRY,NO DEFECTS,,INJURY AND / OR TOW DUE TO CRASH,Y,,,"$501 - $1,500",3/8/2020 15:08,IMPROPER TURNING/NO SIGNAL,FAILING TO REDUCE SPEED TO AVOID CRASH,6300,S,RACINE AVE,724,,,,,,,2,NO INDICATION OF INJURY,0,0,0,0,0,3,0,15,1,3,41.77951604,-87.65464687,POINT (-87.654646873699 41.779516037968)
71c4f30acf7380496f4715a50726b85481ac5fd4c321590f2e2f1b12a718599f6abd8b6c06bb8e77c2885d2285c4834274e1c43ab4d71efdb1aabfe596535afd,JD314278,,7/29/2020 17:05,30,NO CONTROLS,NO CONTROLS,CLEAR,DAYLIGHT,ANGLE,OTHER,,STRAIGHT AND LEVEL,WET,NO DEFECTS,,INJURY AND / OR TOW DUE TO CRASH,,,,"OVER $1,500",7/29/2020 17:25,UNABLE TO DETERMINE,NOT APPLICABLE,7342,W,FOSTER AVE,1613,,,,,,,2,NO INDICATION OF INJURY,0,0,0,0,0,2,0,17,4,7,41.97454295,-87.81134688,POINT (-87.811346884218 41.974542947709)
71cad954ded85b3e8e6347bc47f64e9e0e1f8a074e0997e3f60e5f57dd0ac2ab3aafa65fc879e0e922a65fc6753991518f89256d0bd5fb4afd1da8a7c3c8c96e,JD135190,,1/27/2020 14:55,30,TRAFFIC SIGNAL,FUNCTIONING PROPERLY,CLEAR,DAYLIGHT,PEDESTRIAN,FOUR WAY,,STRAIGHT AND LEVEL,DRY,NO DEFECTS,,INJURY AND / OR TOW DUE TO CRASH,Y,,Y,$500 OR LESS,1/31/2020 14:30,FAILING TO REDUCE SPEED TO AVOID CRASH,PHYSICAL CONDITION OF DRIVER,5600,N,ASHLAND AVE,2012,Y,,,,,,2,NONINCAPACITATING INJURY,1,0,0,1,0,1,0,14,2,1,41.98351514,-87.66996498,POINT (-87.669964983716 41.983515141245)
71dbec874442c8deb91e1ffb9b2631d0c75e82be561c1dfb8044281f6ea59c7717dbda8ad0c803094ad7ffa2d2a44d505d36fe633a0bad4bb6cc69034914caa4,JD326472,,8/9/2020 18:55,35,TRAFFIC SIGNAL,FUNCTIONING PROPERLY,CLEAR,DAYLIGHT,PEDESTRIAN,NOT DIVIDED,,STRAIGHT AND LEVEL,DRY,NO DEFECTS,,INJURY AND / OR TOW DUE TO CRASH,Y,,Y,$500 OR LESS,8/9/2020 19:00,DRIVING SKILLS/KNOWLEDGE/EXPERIENCE,UNABLE TO DETERMINE,7601,S,ASHLAND AVE,612,,,,,,,2,INCAPACITATING INJURY,1,0,1,0,0,2,0,18,1,8,41.75572621,-87.66342473,POINT (-87.663424733183 41.755726209295)
05cb5da552c4cba3be3bbbe91d00cbf689ff73113354a44b39cb3a2594c27ff6b73e1ae720ed50309db2b0f2d10a587008cb6b0e626e5944c18751093d1a2e66,JF187056,,3/26/2022 6:45,30,NO CONTROLS,NO CONTROLS,CLEAR,DAWN,FIXED OBJECT,DIVIDED - W/MEDIAN BARRIER,,STRAIGHT AND LEVEL,DRY,NO DEFECTS,NOT ON SCENE (DESK REPORT),NO INJURY / DRIVE AWAY,,N,Y,"OVER $1,500",3/26/2022 9:35,UNABLE TO DETERMINE,NOT APPLICABLE,455,N,ASHLAND AVE,1215,Y,,,,,,1,NO INDICATION OF INJURY,0,0,0,0,0,1,0,6,7,3,41.89034863,-87.66697848,POINT (-87.66697848094 41.89034863124)
06448b7bf34ef6c085639e155e0ce2594e97876e1ebcf56d23cb14c72284d4bf98f59a117bedb81f120da6cca6f3d67f22714b9d90d5a389249c45c7b47c82c2,JF187237,Y,3/23/2022 11:00,20,NO CONTROLS,NO CONTROLS,CLEAR,DAYLIGHT,PARKED MOTOR VEHICLE,OTHER,,STRAIGHT AND LEVEL,DRY,NO DEFECTS,NOT ON SCENE (DESK REPORT),NO INJURY / DRIVE AWAY,,,Y,"OVER $1,500",3/26/2022 12:50,UNABLE TO DETERMINE,NOT APPLICABLE,2555,S,BLUE ISLAND AVE,1034,,,,,,,2,NO INDICATION OF INJURY,0,0,0,0,0,1,0,11,4,3,41.84563291,-87.68301245,POINT (-87.683012449239 41.845632908315)
0295056b426c6801bea24d2602e4db80315bf550bb07c3a1f3b3d0f0958423a88177b99af90e200f1e54dd35dcc29de664ca0bca8223577ef3e83cffbc66ade3,JF184259,,3/26/2022 21:52,35,TRAFFIC SIGNAL,FUNCTIONING PROPERLY,CLEAR,DARKNESS,TURNING,DIVIDED - W/MEDIAN (NOT RAISED),,STRAIGHT AND LEVEL,DRY,NO DEFECTS,ON SCENE,INJURY AND / OR TOW DUE TO CRASH,,,,"OVER $1,500",3/26/2022 21:52,FAILING TO YIELD RIGHT-OF-WAY,FAILING TO YIELD RIGHT-OF-WAY,3547,N,CICERO AVE,1731,,,,,,,2,"REPORTED, NOT EVIDENT",1,0,0,0,1,1,0,21,7,3,41.94608754,-87.74691498,POINT (-87.746914979618 41.946087541368)
08340a7567619ff16d19b1b1604e22fd1c0bc2d98340376f80fc3fd604976b2f866508f02b1651b2f3dae4c38818089cb2de4b9608dfe2529b0d86d976ce324c,,,3/27/2022 15:48,30,TRAFFIC SIGNAL,FUNCTIONING PROPERLY,CLEAR,DAYLIGHT,TURNING,DIVIDED - W/MEDIAN (NOT RAISED),,STRAIGHT AND LEVEL,DRY,NO DEFECTS,ON SCENE,INJURY AND / OR TOW DUE TO CRASH,Y,,,"OVER $1,500",3/27/2022 15:54,FAILING TO YIELD RIGHT-OF-WAY,UNABLE TO DETERMINE,4400,W,FULLERTON AVE,2524,,,,,,,2,NO INDICATION OF INJURY,0,0,0,0,0,6,0,15,1,3,41.9244744,-87.7366331,POINT (-87.736633099743 41.924474403387)
05fc2c4604a4dff5fcc2b66642ad3d587eb60ead5243ba41212006614ae17d88fa32481e7a48518ae702875cedb2e88ab2e7c4e04dbc29e0a57cd106a3728831,JF188500,,3/26/2022 17:30,20,NO CONTROLS,NO CONTROLS,CLEAR,DAYLIGHT,PARKED MOTOR VEHICLE,DIVIDED - W/MEDIAN (NOT RAISED),,STRAIGHT AND LEVEL,DRY,NO DEFECTS,NOT ON SCENE (DESK REPORT),NO INJURY / DRIVE AWAY,,,Y,"OVER $1,500",3/27/2022 18:00,UNABLE TO DETERMINE,NOT APPLICABLE,822,E,46TH ST,221,,,,,,,2,NO INDICATION OF INJURY,0,0,0,0,0,1,0,17,7,3,41.81147612,-87.60562958,POINT (-87.605629574541 41.811476123152)
c21363172c9e2fc601dfa9dd649877efded4f8aec0b1b8881cd7c9b72e249f87d8dfa4d21d86fa280937373618de06bfbc5a1e26ffcd28bfcaa4cf29e85545b1,JE243772,,5/26/2021 16:00,30,NO CONTROLS,NO CONTROLS,CLEAR,DAYLIGHT,PARKED MOTOR VEHICLE,NOT DIVIDED,,STRAIGHT AND LEVEL,DRY,NO DEFECTS,,NO INJURY / DRIVE AWAY,,,Y,"$501 - $1,500",5/26/2021 16:38,NOT APPLICABLE,NOT APPLICABLE,7120,S,MILLARD AVE,833,,,,,,,2,NO INDICATION OF INJURY,0,0,0,0,0,1,0,16,4,5,41.76356176,-87.71394937,POINT (-87.713949367773 41.763561756263)
c263b87d10b40b4407fc48e2d46bd03061ad26531e5eeaa29c7fb50f1090999e40a648871f553ca0b6c181eea45f534e9cb6ff94c42e388289a12d813ab2eb55,JE211272,,4/26/2021 22:00,35,TRAFFIC SIGNAL,FUNCTIONING PROPERLY,CLEAR,"DARKNESS, LIGHTED ROAD",PEDESTRIAN,FOUR WAY,,STRAIGHT AND LEVEL,DRY,UNKNOWN,,INJURY AND / OR TOW DUE TO CRASH,Y,,Y,"OVER $1,500",4/26/2021 23:19,UNABLE TO DETERMINE,NOT APPLICABLE,5100,S,PRINCETON AVE,935,,,,,,,2,INCAPACITATING INJURY,1,0,1,0,0,1,0,22,2,4,41.80176175,-87.63332872,POINT (-87.633328719836 41.801761751509)