CRASH_RECORD_ID,RD_NO,CRASH_DATE_EST_I,CRASH_DATE,POSTED_SPEED_LIMIT,TRAFFIC_CONTROL_DEVICE,DEVICE_CONDITION,WEATHER_CONDITION,LIGHTING_CONDITION,FIRST_CRASH_TYPE,TRAFFICWAY_TYPE,LANE_CNT,ALIGNMENT,ROADWAY_SURFACE_COND,ROAD_DEFECT,REPORT_TYPE,CRASH_TYPE,INTERSECTION_RELATED_I,NOT_RIGHT_OF_WAY_I,HIT_AND_RUN_I,DAMAGE,DATE_POLICE_NOTIFIED,PRIM_CONTRIBUTORY_CAUSE,SEC_CONTRIBUTORY_CAUSE,STREET_NO,STREET_DIRECTION,STREET_NAME,BEAT_OF_OCCURRENCE,PHOTOS_TAKEN_I,STATEMENTS_TAKEN_I,DOORING_I,WORK_ZONE_I,WORK_ZONE_TYPE,WORKERS_PRESENT_I,NUM_UNITS,MOST_SEVERE_INJURY,INJURIES_TOTAL,INJURIES_FATAL,INJURIES_INCAPACITATING,INJURIES_NON_INCAPACITATING,INJURIES_REPORTED_NOT_EVIDENT,INJURIES_NO_INDICATION,INJURIES_UNKNOWN,CRASH_HOUR,CRASH_DAY_OF_WEEK,CRASH_MONTH,LATITUDE,LONGITUDE,LOCATION
0b5d360033b31def8101c62042712eb8ae4b4524db8652fe9aa5ddc316b339769867901104fd8a086b7bea09a9191b8fbac5cf8508c3be6f98ad4521077a01cf,,Y,3/27/2022 15:45,30,NO CONTROLS,NO CONTROLS,CLEAR,DAYLIGHT,FIXED OBJECT,ONE-WAY,,STRAIGHT AND LEVEL,DRY,NO DEFECTS,NOT ON SCENE (DESK REPORT),NO INJURY / DRIVE AWAY,,Y,,"OVER $1,500",3/27/2022 17:00,IMPROPER BACKING,NOT APPLICABLE,7100,S,EUCLID AVE,333,,,,,,,1,NO INDICATION OF INJURY,0,0,0,0,0,1,0,15,1,3,41.76596519,-87.57828595,POINT (-87.57828594696 41.76596518952)
02946742412952a12af1607b340168a6044664b44bc1f629061c6c06eb016a42461d3e1a727d3f971e15cb38603a6378db2dedccab82bf33ed009ea3bee16612,,,3/27/2022 3:14,30,TRAFFIC SIGNAL,FUNCTIONING PROPERLY,CLEAR,"DARKNESS, LIGHTED ROAD",REAR END,NOT DIVIDED,,STRAIGHT AND LEVEL,DRY,NO DEFECTS,ON SCENE,INJURY AND / OR TOW DUE TO CRASH,,,,"OVER $1,500",3/27/2022 3:36,FOLLOWING TOO CLOSELY,FAILING TO REDUCE SPEED TO AVOID CRASH,349,W,CHICAGO AVE,1831,,,,,,,2,NONINCAPACITATING INJURY,2,0,0,2,0,2,0,3,1,3,41.89643487,-87.63759009,POINT (-87.637590085775 41.896434870002)
089c563ceb6a9271994f2807915ed864ff26c6cec0cfb2eee959149d794d191f60c3d462a4846eba9334fb34a238d9af1b4aa02ea1c4572cfb7591f5ed103291,,,3/27/2022 5:00,30,NO CONTROLS,NO CONTROLS,CLEAR,DUSK,PARKED MOTOR VEHICLE,PARKING LOT,,STRAIGHT AND LEVEL,DRY,NO DEFECTS,ON SCENE,NO INJURY / DRIVE AWAY,,,Y,"OVER $1,500",3/27/2022 13:12,UNABLE TO DETERMINE,NOT APPLICABLE,5737,W,BELMONT AVE,2514,,,,,,,2,NO INDICATION OF INJURY,0,0,0,0,0,1,0,5,1,3,41.93841273,-87.77043454,POINT (-87.770434541312 41.938412729664)
0a5c03f4a36ca7c4ccffbfc7b9ec2274a0a9dd8432d37ae4259c3b66099d1896ee55c733b054d8910059a454338705431ff35db97cc2656202835279ec905b78,JF188502,,3/24/2022 8:00,30,NO CONTROLS,NO CONTROLS,CLEAR,DAYLIGHT,PARKED MOTOR VEHICLE,NOT DIVIDED,,STRAIGHT AND LEVEL,DRY,NO DEFECTS,NOT ON SCENE (DESK REPORT),NO INJURY / DRIVE AWAY,,,Y,"$501 - $1,500",3/27/2022 18:29,NOT APPLICABLE,NOT APPLICABLE,2900,W,60TH ST,824,,,,,,,2,NO INDICATION OF INJURY,0,0,0,0,0,1,0,8,5,3,41.78465411,-87.69604657,POINT (-87.696046569902 41.784654114431)
05b1f30a4ff396f13bad0c5886268136d96e1715fc3de63d28acaefd3e69b9217a263d52a480d966002621bf892bb4b157ab0c4428bfdc15d4de6ce435f63ddf,,,3/27/2022 20:25,30,TRAFFIC SIGNAL,FUNCTIONING PROPERLY,CLEAR,"DARKNESS, LIGHTED ROAD",ANGLE,FOUR WAY,,STRAIGHT AND LEVEL,DRY,NO DEFECTS,NOT ON SCENE (DESK REPORT),INJURY AND / OR TOW DUE TO CRASH,,,,"$501 - $1,500",3/27/2022 20:38,UNABLE TO DETERMINE,UNABLE TO DETERMINE,9500,S,JEFFERY AVE,431,,,,,,,2,NO INDICATION OF INJURY,0,0,0,0,0,2,0,20,1,3,41.72237591,-87.5754999,POINT (-87.575499903328 41.722375907041)
d33435f48d3cd029595a6a4f2a1fbdbe63b7ce846157bc9ee4c52fda69c91fb70f035a634eb6389c174156ed4a1a586d5c429907113bd5d7b7e61ed98397f900,,,4/9/2022 9:05,30,NO CONTROLS,NO CONTROLS,CLEAR,DAYLIGHT,REAR END,NOT DIVIDED,,STRAIGHT AND LEVEL,DRY,NO DEFECTS,NOT ON SCENE (DESK REPORT),NO INJURY / DRIVE AWAY,,,,"OVER $1,500",4/9/2022 9:24,UNABLE TO DETERMINE,UNABLE TO DETERMINE,7111,S,WESTERN AVE,832,,,,,,,2,NO INDICATION OF INJURY,0,0,0,0,0,2,0,9,7,4,41.76433012,-87.68308688,POINT (-87.683086878632 41.764330122272)
05fd7b5839160477e95093b1b3a28958b3b0e0d9b91a8f4e911acc7662c058b76c50a4ae8b664f5953dd6231ad53df6ca61710a17d7eb088324a0901c9aa52a6,,,3/28/2022 1:13,30,TRAFFIC SIGNAL,FUNCTIONING PROPERLY,CLEAR,"DARKNESS, LIGHTED ROAD",PARKED MOTOR VEHICLE,NOT DIVIDED,,STRAIGHT AND LEVEL,DRY,NO DEFECTS,ON SCENE,INJURY AND / OR TOW DUE TO CRASH,,,Y,"OVER $1,500",3/28/2022 1:15,UNABLE TO DETERMINE,UNABLE TO DETERMINE,2610,N,KIMBALL AVE,1412,,,,,,,5,NO INDICATION OF INJURY,0,0,0,0,0,1,0,1,2,3,41.9286758,-87.71235491,POINT (-87.7123549056 41.928675796957)
061879f54519d2d0e59bd4017f348bb23fc5a07fc7cfe9f381f236d355af9eed1c2e27a3231ea6514ea3dbc35244c0c08e07e1d9afccd0e452dbbc430743a084,JF187352,,3/25/2022 16:00,30,NO CONTROLS,NO CONTROLS,CLEAR,DAYLIGHT,REAR TO REAR,PARKING LOT,,STRAIGHT AND LEVEL,DRY,NO DEFECTS,NOT ON SCENE (DESK REPORT),NO INJURY / DRIVE AWAY,,,,"OVER $1,500",3/26/2022 14:30,IMPROPER BACKING,IMPROPER BACKING,1910,E,95TH ST,413,,,,,,,2,NO INDICATION OF INJURY,0,0,0,0,0,2,0,16,6,3,41.72255336,-87.57736367,POINT (-87.577363672231 41.722553360727)
0934320d53fcc413f51fedac5d28bb8562e2b21b5ca3e01cedc8165364902ff7b0139efdfbf8d3bbe45591a58bd1419ffadfc27f2ef4d2e8a4861ce13ea82746,,,3/27/2022 18:06,30,TRAFFIC SIGNAL,UNKNOWN,CLEAR,DAYLIGHT,TURNING,DIVIDED - W/MEDIAN (NOT RAISED),,STRAIGHT AND LEVEL,DRY,UNKNOWN,ON SCENE,INJURY AND / OR TOW DUE TO CRASH,Y,,,"OVER $1,500",3/27/2022 18:16,UNABLE TO DETERMINE,NOT APPLICABLE,10700,S,HALSTED ST,2233,,,,,,,2,NO INDICATION OF INJURY,0,0,0,0,0,3,0,18,1,3,41.69954742,-87.64275192,POINT (-87.64275191512 41.699547414667)
034fd314db616cf25b6ce94113c4eceaadd5ae4e3786ea9aa4b00b61ecd978312c328dfb6f388c90ce66f3e95f22b09a014e7a11efbefa9e686a75fb4109a2c3,JF188171,,3/24/2022 21:00,30,UNKNOWN,UNKNOWN,UNKNOWN,UNKNOWN,PARKED MOTOR VEHICLE,UNKNOWN,,STRAIGHT AND LEVEL,UNKNOWN,UNKNOWN,NOT ON SCENE (DESK REPORT),NO INJURY / DRIVE AWAY,,,,"OVER $1,500",3/27/2022 12:13,UNABLE TO DETERMINE,NOT APPLICABLE,9622,S,BALTIMORE AVE,431,,,,,,,2,NO INDICATION OF INJURY,0,0,0,0,0,1,0,21,5,3,41.7202591,-87.54842907,POINT (-87.548429068405 41.720259101624)
e7b990ece164a03cd428aabe36421c05381ec1950e45478749f08a82a7e58a47a016db07fae46660a9804bc0731118ee8c84c0fca6f8048baace255be45cd2a9,,,4/10/2022 1:44,30,TRAFFIC SIGNAL,FUNCTIONING PROPERLY,CLEAR,"DARKNESS, LIGHTED ROAD",REAR END,DIVIDED - W/MEDIAN (NOT RAISED),,STRAIGHT AND LEVEL,DRY,UNKNOWN,ON SCENE,NO INJURY / DRIVE AWAY,,,Y,"OVER $1,500",4/10/2022 1:45,FOLLOWING TOO CLOSELY,NOT APPLICABLE,5015,S,PULASKI RD,821,,,,,,,2,NO INDICATION OF INJURY,0,0,0,0,0,4,0,1,1,4,41.8018461,-87.72326263,POINT (-87.723262633347 41.801846096403)
f16a833033bcb2487e8514bf25221d73f841bc8d22123e186f38ed72ac4bdf3d34924507d238b0f1748b3b28f8cb1917dba3abe2a296fa369d538b6ca6ff9a5d,JF182379,,3/18/2022 14:00,0,NO CONTROLS,NO CONTROLS,CLEAR,DAYLIGHT,REAR END,DIVIDED - W/MEDIAN BARRIER,,STRAIGHT AND LEVEL,DRY,NO DEFECTS,ON SCENE,NO INJURY / DRIVE AWAY,,,,"OVER $1,500",3/22/2022 9:00,UNABLE TO DETERMINE,NOT APPLICABLE,5700,S,LAKE SHORE DR,331,,,,,,,2,NO INDICATION OF INJURY,0,0,0,0,0,2,0,14,6,3,41.79142028,-87.58014777,POINT (-87.580147768689 41.791420282098)
6c1c361c437a9357e58d351334f3351f9bf48def8666c9cbdc7dcb827a8fb8e370ec38b0109f85d4f39e61b598eb77abab16ebbfe56e39a214c745acbb4702e9,JF188717,N,3/23/2022 3:00,20,NO CONTROLS,NO CONTROLS,UNKNOWN,"DARKNESS, LIGHTED ROAD",PARKED MOTOR VEHICLE,UNKNOWN,,STRAIGHT AND LEVEL,UNKNOWN,UNKNOWN,NOT ON SCENE (DESK REPORT),NO INJURY / DRIVE AWAY,,,Y,"OVER $1,500",3/27/2022 23:55,UNABLE TO DETERMINE,UNABLE TO DETERMINE,1400,W,58TH ST,713,,,,,,,2,NO INDICATION OF INJURY,0,0,0,0,0,1,0,3,4,3,41.78874644,-87.6596537,POINT (-87.659653697781 41.788746441154)
862f0754cf6fee4a399bce3dc83c7d90ffbeed3d807a16fe189592fd3d448eeaffc8d6a8a94d060e2ea2d195e664d15afadcf0996c202393d0cd8e15d8d89732,JF185918,,3/25/2022 9:09,30,STOP SIGN/FLASHER,FUNCTIONING PROPERLY,CLEAR,DAYLIGHT,REAR TO FRONT,NOT DIVIDED,,STRAIGHT AND LEVEL,DRY,NO DEFECTS,ON SCENE,NO INJURY / DRIVE AWAY,,,,"OVER $1,500",3/25/2022 9:11,IMPROPER BACKING,UNABLE TO DETERMINE,334,N,GREEN ST,1214,,,,,,,2,NO INDICATION OF INJURY,0,0,0,0,0,2,0,9,6,3,41.88778702,-87.64883765,POINT (-87.648837649871 41.887787024342)
28da7c1d5e34f901a50a573651bae7ce2672873098306d85d67f32195979ea035eb0c1895fbb8f98b8aff7543659da7c1078ce1b7adbf84f4790108a631d0b01,,,3/27/2022 1:30,35,UNKNOWN,UNKNOWN,UNKNOWN,"DARKNESS, LIGHTED ROAD",SIDESWIPE SAME DIRECTION,NOT DIVIDED,,STRAIGHT AND LEVEL,UNKNOWN,UNKNOWN,NOT ON SCENE (DESK REPORT),NO INJURY / DRIVE AWAY,,,Y,"OVER $1,500",3/27/2022 9:15,NOT APPLICABLE,NOT APPLICABLE,4338,S,ARCHER AVE,922,,,,,,,2,NO INDICATION OF INJURY,0,0,0,0,0,2,0,1,1,3,41.81460118,-87.70364401,POINT (-87.703644008678 41.814601176564)
1181b00a962a8c55a37cc319d1813d707ab262dadcdcf2653125ee00d63187c1e78db2b76de76a89405302eb57d51269b0864b1d79a791872198d521778b73b2,,,3/27/2022 11:35,10,NO CONTROLS,NO CONTROLS,CLEAR,DAYLIGHT,PEDESTRIAN,PARKING LOT,,STRAIGHT AND LEVEL,UNKNOWN,UNKNOWN,,NO INJURY / DRIVE AWAY,,,,$500 OR LESS,3/27/2022 13:28,IMPROPER OVERTAKING/PASSING,UNABLE TO DETERMINE,1019,W,DIVERSEY PKWY,1935,,,,,,,2,NO INDICATION OF INJURY,0,0,0,0,0,2,0,11,1,3,41.93251248,-87.65468846,POINT (-87.654688462779 41.932512474801)
970f02c170734c4cce97371729e12e90fe9fed932b293070976296b1f4595ad0408f41da04c35c9fd3ac9aea7a60d48d909d6e5b3c37e80a3f6c876cfccaed09,,,3/27/2022 16:35,30,NO CONTROLS,NO CONTROLS,CLEAR,DAYLIGHT,SIDESWIPE SAME DIRECTION,ONE-WAY,,STRAIGHT AND LEVEL,DRY,UNKNOWN,NOT ON SCENE (DESK REPORT),NO INJURY / DRIVE AWAY,,,,"$501 - $1,500",3/27/2022 17:43,IMPROPER OVERTAKING/PASSING,IMPROPER OVERTAKING/PASSING,1326,S,LAKE SHORE DR W,132,,,,,,,2,NO INDICATION OF INJURY,0,0,0,0,0,2,0,16,1,3,41.86512499,-87.61953993,POINT (-87.619539924525 41.865124991072)
e84836d9dbae452c88f1833bc9732f95a65a0657edc3ee9d2ecc21b6b00667904c0186e31cedb0d3ced9e91e411808c2c59a881caabbecfab88497767e8b24fa,,N,4/7/2022 17:00,30,TRAFFIC SIGNAL,FUNCTIONING PROPERLY,CLOUDY/OVERCAST,DAYLIGHT,REAR END,DIVIDED - W/MEDIAN BARRIER,,STRAIGHT AND LEVEL,UNKNOWN,UNKNOWN,,NO INJURY / DRIVE AWAY,Y,,Y,"$501 - $1,500",4/7/2022 17:00,IMPROPER LANE USAGE,UNABLE TO DETERMINE,146,W,GARFIELD BLVD,225,,,,,,,3,NO INDICATION OF INJURY,0,0,0,0,0,3,0,17,5,4,41.7946934,-87.62945302,POINT (-87.629453022013 41.794693397449)
09b5bf940bd606215e69909a5312ba0a9d1a34a8a38763d5116387f59bf2b01566c89504b88a0a4e84379d7e98218ea20e726414edaa995ef6608de11773c395,JF188340,,3/27/2022 0:00,30,NO CONTROLS,NO CONTROLS,CLEAR,DAYLIGHT,REAR END,DIVIDED - W/MEDIAN (NOT RAISED),,STRAIGHT AND LEVEL,DRY,NO DEFECTS,NOT ON SCENE (DESK REPORT),INJURY AND / OR TOW DUE TO CRASH,,,,"$501 - $1,500",3/27/2022 15:45,FAILING TO REDUCE SPEED TO AVOID CRASH,UNABLE TO DETERMINE,1240,N,ASHLAND AVE,1433,,,,,,,2,NONINCAPACITATING INJURY,2,0,0,2,0,1,0,0,1,3,41.90439315,-87.66767039,POINT (-87.667670388148 41.904393145471)
ef20c4fb53f055e03286c654333393a0d71808b0942dcd20450a4148ebeed84a51ffcc3c286744329f4882a4961634cde9099d48a57f647cd7a55de2af6863bb,JF187585,,3/26/2022 18:40,30,TRAFFIC SIGNAL,FUNCTIONING PROPERLY,CLEAR,"DARKNESS, LIGHTED ROAD",REAR END,NOT DIVIDED,,STRAIGHT AND LEVEL,DRY,NO DEFECTS,NOT ON SCENE (DESK REPORT),NO INJURY / DRIVE AWAY,Y,,,"$501 - $1,500",3/26/2022 19:37,UNABLE TO DETERMINE,UNABLE TO DETERMINE,2299,N,HALSTED ST,1812,,,,,,,2,NO INDICATION OF INJURY,0,0,0,0,0,2,0,18,7,3,41.92354226,-87.64854672,POINT (-87.648546716445 41.923542256846)
c64dec96fdaf7c7c820c7a68fa0f25748d04d0adde962d6b61aeb277db8b94b9a55c31530320a270fce1aa714adc31b818bb60fafa5688d86068aed4909ee818,,,3/27/2022 3:42,30,NO CONTROLS,NO CONTROLS,CLEAR,"DARKNESS, LIGHTED ROAD",PARKED MOTOR VEHICLE,PARKING LOT,,STRAIGHT AND LEVEL,DRY,UNKNOWN,ON SCENE,NO INJURY / DRIVE AWAY,,Y,,"OVER $1,500",3/27/2022 3:49,FAILING TO REDUCE SPEED TO AVOID CRASH,NOT APPLICABLE,1530,W,111TH ST,2234,,,,,,,2,NO INDICATION OF INJURY,0,0,0,0,0,1,0,3,1,3,41.69223013,-87.66156571,POINT (-87.661565707968 41.692230131849)
6fb84027d2e68f03a5e1e97a246b0ed4c9bd5ce302e9cfd278a1ae5f6cbe674bbad41e45b154c1f06e2c2005cd8bbdd19b28c05cde2f3f24bf785133a4051970,,,3/27/2022 10:03,30,TRAFFIC SIGNAL,UNKNOWN,CLEAR,DAYLIGHT,TURNING,NOT DIVIDED,,STRAIGHT AND LEVEL,DRY,UNKNOWN,NOT ON SCENE (DESK REPORT),NO INJURY / DRIVE AWAY,Y,,,"OVER $1,500",3/27/2022 10:50,UNABLE TO DETERMINE,UNABLE TO DETERMINE,13,W,87TH ST,634,,,,,,,2,NO INDICATION OF INJURY,0,0,0,0,0,2,0,10,1,3,41.73617092,-87.62496633,POINT (-87.624966329234 41.73617092381)
542e42ac7ae2f9bec4e845791f169665ee84c805912583df08b8c74ed95dc723bf373c123fe07ebe5569933b5d7cfaffb3afa357cc0a8a00bfc542c741fd3fa8,,,3/27/2022 6:37,25,NO CONTROLS,NO CONTROLS,CLEAR,DAYLIGHT,FIXED OBJECT,DIVIDED - W/MEDIAN BARRIER,,STRAIGHT AND LEVEL,DRY,NO DEFECTS,ON SCENE,NO INJURY / DRIVE AWAY,,,,"OVER $1,500",3/27/2022 7:21,DISREGARDING ROAD MARKINGS,NOT APPLICABLE,1520,S,PAULINA ST,1233,,,,,,,1,NO INDICATION OF INJURY,0,0,0,0,0,1,0,6,1,3,41.86072566,-87.66888189,POINT (-87.668881888854 41.860725658905)
a6f921be900be130e7b1ec72b025368f39b2f2d199ce27d1c0b10f60be98706ca82db2a1f6f6ee521519b015dfe1821b80cc056a1499849f316498964e93aed3,,,3/27/2022 14:29,30,STOP SIGN/FLASHER,NO CONTROLS,CLEAR,DAYLIGHT,PARKED MOTOR VEHICLE,ONE-WAY,,STRAIGHT AND LEVEL,DRY,UNKNOWN,ON SCENE,INJURY AND / OR TOW DUE TO CRASH,N,,Y,"OVER $1,500",3/27/2022 14:29,UNABLE TO DETERMINE,UNABLE TO DETERMINE,305,N,LOREL AVE,1523,,,,,,,4,NO INDICATION OF INJURY,0,0,0,0,0,1,0,14,1,3,41.88584504,-87.75879155,POINT (-87.758791547658 41.885845037845)
88e8c40e959e1a01e18c66821b0bcdc70354966e9c6319a9ba77111e912ae54cc21aaf7944793afa6bc061a19b37b6d7830c7ebe7ee4f92caccae399eba85566,,,3/27/2022 14:10,30,NO CONTROLS,NO CONTROLS,CLEAR,DAYLIGHT,SIDESWIPE SAME DIRECTION,NOT DIVIDED,,STRAIGHT AND LEVEL,DRY,NO DEFECTS,NOT ON SCENE (DESK REPORT),NO INJURY / DRIVE AWAY,,,,"OVER $1,500",3/27/2022 15:10,IMPROPER OVERTAKING/PASSING,NOT APPLICABLE,6401,W,IRVING PARK RD,1632,,,,,,,2,NO INDICATION OF INJURY,0,0,0,0,0,2,0,14,1,3,41.95280525,-87.78667835,POINT (-87.786678347489 41.952805248178)
ffb49ecbce2140d499002771776d2625705bdb1fcd16fa7781a8ac459d643e33925881e1273673a595c28977eafd3e9a4eb022664dec6f84ca8bab73182d461b,,,3/27/2022 9:20,30,NO CONTROLS,NO CONTROLS,CLEAR,UNKNOWN,PARKED MOTOR VEHICLE,NOT DIVIDED,,STRAIGHT AND LEVEL,DRY,NO DEFECTS,ON SCENE,INJURY AND / OR TOW DUE TO CRASH,,,Y,"OVER $1,500",3/27/2022 9:24,UNABLE TO DETERMINE,NOT APPLICABLE,3105,N,SACRAMENTO AVE,1411,,,,,,,2,NO INDICATION OF INJURY,0,0,0,0,0,1,0,9,1,3,41.93780941,-87.70253575,POINT (-87.702535746489 41.937809413711)
b7fe06d6cecf5b260a64e5bbdbfe9591c90271cc0c1843386fa7f35bfa4bfd30f212c9258584be993ae52a0c8e76d81155ff00b672d59b8378293c0b5f38e2a4,,,3/27/2022 13:00,30,NO CONTROLS,NO CONTROLS,CLEAR,DAYLIGHT,SIDESWIPE SAME DIRECTION,DIVIDED - W/MEDIAN (NOT RAISED),,STRAIGHT AND LEVEL,DRY,NO DEFECTS,NOT ON SCENE (DESK REPORT),NO INJURY / DRIVE AWAY,,,,"OVER $1,500",3/27/2022 13:30,IMPROPER OVERTAKING/PASSING,FOLLOWING TOO CLOSELY,851,W,DIVISION ST,1822,,,,,,,2,NO INDICATION OF INJURY,0,0,0,0,0,2,0,13,1,3,41.90350326,-87.6500051,POINT (-87.650005102574 41.9035032603)
df004118e0fdd82eff2c9449da274f8a19c175214fdedf764c85e81773b48637124d807d42241ca87d33e1ee348aef5cdcb1bd86c475bdf79114c041a033bb83,,,3/27/2022 21:10,30,STOP SIGN/FLASHER,UNKNOWN,CLEAR,"DARKNESS, LIGHTED ROAD",ANGLE,FOUR WAY,,STRAIGHT AND LEVEL,DRY,UNKNOWN,ON SCENE,INJURY AND / OR TOW DUE TO CRASH,Y,,Y,"OVER $1,500",3/27/2022 21:10,FAILING TO YIELD RIGHT-OF-WAY,UNABLE TO DETERMINE,4500,W,KINZIE ST,1111,,,,,,,2,NONINCAPACITATING INJURY,1,0,0,1,0,3,0,21,1,3,41.88774013,-87.73827012,POINT (-87.738270116892 41.887740132764)
3af050ee8c5ebd161bcbccf375e8d4cf0612a47baf9a58292b96289e0a95e2a02736106ce172e7bb418547823bec01e690b02e912a329b0083307ba9c3d5afbb,,,3/27/2022 19:59,30,NO CONTROLS,NO CONTROLS,CLEAR,"DARKNESS, LIGHTED ROAD",FIXED OBJECT,FOUR WAY,,STRAIGHT AND LEVEL,DRY,NO DEFECTS,ON SCENE,INJURY AND / OR TOW DUE TO CRASH,,,,"OVER $1,500",3/27/2022 20:00,UNABLE TO DETERMINE,UNABLE TO DETERMINE,798,E,95TH ST,633,,,,,,,1,NO INDICATION OF INJURY,0,0,0,0,0,1,0,19,1,3,41.72215465,-87.60460135,POINT (-87.604601349903 41.722154649553)
d9b0b817fbb7389527bb231210f79a7691c6f94b17b4788fb2a031b489aac4dc1356ce4c10bb527b8e6c990fa94864fefd452f981f0a54287362348624833a66,JF188289,,3/22/2022 1:00,30,NO CONTROLS,NO CONTROLS,CLEAR,DARKNESS,PARKED MOTOR VEHICLE,ONE-WAY,,STRAIGHT AND LEVEL,DRY,NO DEFECTS,NOT ON SCENE (DESK REPORT),NO INJURY / DRIVE AWAY,,,Y,"OVER $1,500",3/27/2022 15:00,UNABLE TO DETERMINE,UNABLE TO DETERMINE,10254,S,AVENUE H,432,,,,,,,2,NO INDICATION OF INJURY,0,0,0,0,0,1,0,1,3,3,41.70842332,-87.53301368,POINT (-87.533013680187 41.708423321374)
d1e5134cb8128babf5cf34b487c1ea579a480423dd0fa79e932a04df4e45d3e409adab8d623a44d3e13b873b301df51ca9677532b9c438a3b8fc2d928d89c5b1,,,3/27/2022 16:50,30,NO CONTROLS,NO CONTROLS,CLEAR,DAYLIGHT,TURNING,DIVIDED - W/MEDIAN (NOT RAISED),,STRAIGHT ON GRADE,DRY,NO DEFECTS,NOT ON SCENE (DESK REPORT),NO INJURY / DRIVE AWAY,,,,"OVER $1,500",3/27/2022 17:40,FAILING TO YIELD RIGHT-OF-WAY,NOT APPLICABLE,2356,W,119TH ST,2212,,,,,,,2,NO INDICATION OF INJURY,0,0,0,0,0,2,0,16,1,3,41.67736264,-87.6805995,POINT (-87.680599497959 41.677362637062)
819fc90c1b76dde92734c366c5d42b97d96d4b68984d9f569d2f17d44e8cb7b3e38d2a8cfb6796031f7873ab543039f52ce625967e43558dcab4267a122c4233,,,3/27/2022 17:30,30,TRAFFIC SIGNAL,FUNCTIONING PROPERLY,UNKNOWN,UNKNOWN,PARKED MOTOR VEHICLE,NOT DIVIDED,,STRAIGHT AND LEVEL,UNKNOWN,NO DEFECTS,NOT ON SCENE (DESK REPORT),NO INJURY / DRIVE AWAY,,,Y,"$501 - $1,500",3/28/2022 1:30,UNABLE TO DETERMINE,UNABLE TO DETERMINE,6200,N,CALIFORNIA AVE,2413,,,,,,,2,NO INDICATION OF INJURY,0,0,0,0,0,1,0,17,1,3,41.99406469,-87.69966621,POINT (-87.699666209442 41.994064689074)
a4fb6da4be74384e3530def88e2af64142d5a7655327005801fea92a1a9a10fd68fc9e22723fb5cbad03e8fb32fe6970e4a7e3b5ceaf0c655b7e8cd0736826c5,,Y,3/27/2022 12:00,15,NO CONTROLS,NO CONTROLS,CLEAR,DAYLIGHT,PARKED MOTOR VEHICLE,PARKING LOT,,STRAIGHT AND LEVEL,DRY,UNKNOWN,ON SCENE,NO INJURY / DRIVE AWAY,,,Y,"$501 - $1,500",3/27/2022 15:14,UNABLE TO DETERMINE,UNABLE TO DETERMINE,4100,S,ASHLAND AVE,924,,,,,,,2,NO INDICATION OF INJURY,0,0,0,0,0,1,0,12,1,3,41.81944143,-87.66537555,POINT (-87.665375544909 41.819441426296)
c5492f30eaa0710f3fe3779d47d573719bbe5a07ff7de3b5b3f82af209c467f806646b0f5b9937ab0d98721871c2704bf724070290031b8b3d8d94228b0a925b,,,3/27/2022 10:10,30,STOP SIGN/FLASHER,FUNCTIONING PROPERLY,CLEAR,DAYLIGHT,TURNING,NOT DIVIDED,,STRAIGHT AND LEVEL,DRY,NO DEFECTS,NOT ON SCENE (DESK REPORT),NO INJURY / DRIVE AWAY,Y,,,"$501 - $1,500",3/27/2022 10:30,FAILING TO YIELD RIGHT-OF-WAY,UNABLE TO DETERMINE,2932,N,RICHMOND ST,1411,,,,,,,2,NO INDICATION OF INJURY,0,0,0,0,0,2,0,10,1,3,41.93493493,-87.70152279,POINT (-87.701522794378 41.934934934263)
d421b22e994b43214f1fc75c10b70c328f22ea73ca471d05279376c22ce3904f27359871d5afa3d86ffab17e43a045e19d49f377df6ad19af94a633db4888c70,,,3/27/2022 16:00,30,NO CONTROLS,NO CONTROLS,CLEAR,DAYLIGHT,REAR END,NOT DIVIDED,,STRAIGHT AND LEVEL,DRY,NO DEFECTS,NOT ON SCENE (DESK REPORT),INJURY AND / OR TOW DUE TO CRASH,,,,"$501 - $1,500",3/27/2022 17:15,PHYSICAL CONDITION OF DRIVER,PHYSICAL CONDITION OF DRIVER,4132,W,55TH ST,815,,,,,,,2,NONINCAPACITATING INJURY,1,0,0,1,0,3,0,16,1,3,41.79328343,-87.72689955,POINT (-87.72689954764 41.793283426869)
5227e80939bbbf60475f0b0416500ab274d827d6dced38c91a23d41090052b589c85da21d49b0495af8528efbf46145bb16faf8701b5198ad27d0246101356e0,,,3/27/2022 10:00,30,NO CONTROLS,NO CONTROLS,CLEAR,DAYLIGHT,PARKED MOTOR VEHICLE,NOT DIVIDED,,STRAIGHT AND LEVEL,DRY,UNKNOWN,NOT ON SCENE (DESK REPORT),NO INJURY / DRIVE AWAY,,,,"OVER $1,500",3/27/2022 13:00,UNABLE TO DETERMINE,UNABLE TO DETERMINE,2016,N,KILPATRICK AVE,2522,,,,,,,2,NO INDICATION OF INJURY,0,0,0,0,0,1,0,10,1,3,41.91755025,-87.74385933,POINT (-87.743859334293 41.917550250853)