CRASH_RECORD_ID,RD_NO,CRASH_DATE_EST_I,CRASH_DATE,POSTED_SPEED_LIMIT,TRAFFIC_CONTROL_DEVICE,DEVICE_CONDITION,WEATHER_CONDITION,LIGHTING_CONDITION,FIRST_CRASH_TYPE,TRAFFICWAY_TYPE,LANE_CNT,ALIGNMENT,ROADWAY_SURFACE_COND,ROAD_DEFECT,REPORT_TYPE,CRASH_TYPE,INTERSECTION_RELATED_I,NOT_RIGHT_OF_WAY_I,HIT_AND_RUN_I,DAMAGE,DATE_POLICE_NOTIFIED,PRIM_CONTRIBUTORY_CAUSE,SEC_CONTRIBUTORY_CAUSE,STREET_NO,STREET_DIRECTION,STREET_NAME,BEAT_OF_OCCURRENCE,PHOTOS_TAKEN_I,STATEMENTS_TAKEN_I,DOORING_I,WORK_ZONE_I,WORK_ZONE_TYPE,WORKERS_PRESENT_I,NUM_UNITS,MOST_SEVERE_INJURY,INJURIES_TOTAL,INJURIES_FATAL,INJURIES_INCAPACITATING,INJURIES_NON_INCAPACITATING,INJURIES_REPORTED_NOT_EVIDENT,INJURIES_NO_INDICATION,INJURIES_UNKNOWN,CRASH_HOUR,CRASH_DAY_OF_WEEK,CRASH_MONTH,LATITUDE,LONGITUDE,LOCATION
a21390d15ae715dd9f507860bb5b57b2315820566965a7886a8f938c82f708aa5071a6e7414e4c8e2ba0e2bafb83d2914798f94dfc242d9578ae0c97a71198f0,,,3/27/2022 13:45,30,TRAFFIC SIGNAL,FUNCTIONING PROPERLY,CLEAR,DAYLIGHT,SIDESWIPE SAME DIRECTION,NOT DIVIDED,,STRAIGHT AND LEVEL,UNKNOWN,UNKNOWN,NOT ON SCENE (DESK REPORT),NO INJURY / DRIVE AWAY,Y,,,"$501 - $1,500",3/27/2022 14:20,UNABLE TO DETERMINE,UNABLE TO DETERMINE,5998,N,WESTERN AVE,2011,,,,,,,2,NO INDICATION OF INJURY,0,0,0,0,0,2,0,13,1,3,41.99040401,-87.68981667,POINT (-87.689816666396 41.990404008858)
589812d9300152c31c985a42a24d0f42055e2a11877ee74bed136e4cdf844e2de166001195e200eadbe54069fa4091743f40992d949a78ebeada50b39769a54c,,,3/27/2022 22:11,30,YIELD,NO CONTROLS,CLEAR,"DARKNESS, LIGHTED ROAD",ANGLE,NOT DIVIDED,,STRAIGHT AND LEVEL,DRY,NO DEFECTS,ON SCENE,INJURY AND / OR TOW DUE TO CRASH,,,N,"OVER $1,500",3/27/2022 22:11,FAILING TO YIELD RIGHT-OF-WAY,NOT APPLICABLE,246,S,SACRAMENTO BLVD,1124,,,,,,,2,NO INDICATION OF INJURY,0,0,0,0,0,7,0,22,1,3,41.87742063,-87.70125589,POINT (-87.701255894046 41.877420632502)
b5006685c5a8168783003d90f60e5c7ff085003f6cb7d92262c7521f12f85da41157616dea7feea40bdef5938081b7fbd40cd5963c51e6a3e8416d9f3676f5da,,,3/27/2022 11:00,30,TRAFFIC SIGNAL,FUNCTIONING PROPERLY,CLEAR,DAYLIGHT,REAR END,NOT DIVIDED,,STRAIGHT AND LEVEL,DRY,NO DEFECTS,ON SCENE,NO INJURY / DRIVE AWAY,,,,"OVER $1,500",3/27/2022 11:10,UNABLE TO DETERMINE,UNABLE TO DETERMINE,3336,W,FOSTER AVE,1712,,,,,,,2,NO INDICATION OF INJURY,0,0,0,0,0,2,0,11,1,3,41.97581344,-87.71263156,POINT (-87.712631555135 41.975813440315)
a65a0480a197a6fb6f02127a7e67046b9fdfff2956fdf51e73934cdbe626c80c0fb117647d4167b33348b67c6c05fa66c40cb4f42a7386c445cf09ceda2f7460,,Y,3/27/2022 11:00,30,NO CONTROLS,NO CONTROLS,UNKNOWN,DAYLIGHT,PARKED MOTOR VEHICLE,NOT DIVIDED,,STRAIGHT AND LEVEL,UNKNOWN,UNKNOWN,ON SCENE,NO INJURY / DRIVE AWAY,,,Y,"OVER $1,500",3/27/2022 12:07,DRIVING SKILLS/KNOWLEDGE/EXPERIENCE,DRIVING SKILLS/KNOWLEDGE/EXPERIENCE,4213,W,31ST ST,1031,,,,,,,2,NO INDICATION OF INJURY,0,0,0,0,0,1,0,11,1,3,41.83670961,-87.72981804,POINT (-87.729818036628 41.83670961199)
7d332aa061ef8e4fab8bcc831149445368d3b933bb50b430a7bf2ccc1e15a0489f7ce9f220e319f6205f1e012c440ea3c4fa5708f4c68329b99abe2eb1b53ae5,JF187738,,3/26/2022 23:45,35,NO CONTROLS,NO CONTROLS,CLEAR,DARKNESS,REAR TO SIDE,NOT DIVIDED,,STRAIGHT AND LEVEL,DRY,NO DEFECTS,NOT ON SCENE (DESK REPORT),INJURY AND / OR TOW DUE TO CRASH,,,Y,"OVER $1,500",3/26/2022 23:48,IMPROPER LANE USAGE,DRIVING ON WRONG SIDE/WRONG WAY,2140,S,CENTRAL PARK AVE,1014,,,,,,,2,NO INDICATION OF INJURY,0,0,0,0,0,2,0,23,7,3,41.85223424,-87.71516259,POINT (-87.715162588811 41.852234244171)
9a1eb5b41b5e54f5dd49fac6c04dab1d413dc92d8242e9b473df7dacb01c3399691bf8d19d4ca4c928b1ee5eeca90d1f55051ad7d717dfd853f22d42686d5a45,,,3/27/2022 15:15,15,NO CONTROLS,NO CONTROLS,CLEAR,DAYLIGHT,REAR TO SIDE,PARKING LOT,,STRAIGHT AND LEVEL,DRY,UNKNOWN,NOT ON SCENE (DESK REPORT),NO INJURY / DRIVE AWAY,,Y,,"OVER $1,500",3/27/2022 17:40,UNABLE TO DETERMINE,UNABLE TO DETERMINE,4545,W,DIVISION ST,1111,,,,,,,2,NO INDICATION OF INJURY,0,0,0,0,0,6,0,15,1,3,41.90233166,-87.74045895,POINT (-87.740458944852 41.902331662978)
8bc21426a64b58f27597da29bcffc7a42f3d021e16c1da62dc59c5502e560a54d387977b45dc02e24919f4afb4fa24dcd98f17cc7888298f5046f782ad352757,,,3/27/2022 21:13,30,NO CONTROLS,NO CONTROLS,CLEAR,"DARKNESS, LIGHTED ROAD",REAR END,NOT DIVIDED,,STRAIGHT AND LEVEL,DRY,NO DEFECTS,ON SCENE,INJURY AND / OR TOW DUE TO CRASH,,,,"OVER $1,500",3/27/2022 21:13,FAILING TO REDUCE SPEED TO AVOID CRASH,DRIVING SKILLS/KNOWLEDGE/EXPERIENCE,2106,S,HALSTED ST,1235,,,,,,,2,NO INDICATION OF INJURY,0,0,0,0,0,2,0,21,1,3,41.85392279,-87.64667598,POINT (-87.646675979396 41.853922786104)
450799f81507b932cdf3a4e22b8a7f478d04dfd5fc4fd72e24b967ce2c7544dabe86c9ab19095d6978bc1ab94afdac39508c85e4f58123757782ece8a04e2d28,,Y,3/27/2022 10:30,30,NO CONTROLS,UNKNOWN,CLEAR,DAYLIGHT,REAR END,NOT DIVIDED,,STRAIGHT AND LEVEL,DRY,NO DEFECTS,NOT ON SCENE (DESK REPORT),NO INJURY / DRIVE AWAY,,,,"$501 - $1,500",3/27/2022 11:22,UNABLE TO DETERMINE,UNABLE TO DETERMINE,1100,E,130TH ST,532,,,,,,,2,NO INDICATION OF INJURY,0,0,0,0,0,2,0,10,1,3,41.65997314,-87.59508814,POINT (-87.595088137891 41.659973142277)
9b5fb93b9487ed56f714e305c6df7672cb767195948d98249f51874169618ecc8b4140c39cbfa536db5a5a4c51ebe70ef5b81939e1ec2c455e77193536982f32,,,3/27/2022 14:05,30,NO CONTROLS,NO CONTROLS,CLEAR,DAYLIGHT,PARKED MOTOR VEHICLE,NOT DIVIDED,,STRAIGHT AND LEVEL,DRY,NO DEFECTS,ON SCENE,INJURY AND / OR TOW DUE TO CRASH,,,,"OVER $1,500",3/27/2022 14:07,EQUIPMENT - VEHICLE CONDITION,DRIVING SKILLS/KNOWLEDGE/EXPERIENCE,9800,S,GREENWOOD AVE,511,,,,,,,2,NO INDICATION OF INJURY,0,0,0,0,0,1,0,14,1,3,41.71660664,-87.59717613,POINT (-87.597176126983 41.716606641506)
74ef6b4520d8e11ca750762c641bdeaaaea6ab222beb74b4c3fc03e87139d9fe0bd652b8c22de6e4c828794298682e7c6d0b147334fa8325caa271c6a0f4a617,,,3/27/2022 13:48,30,STOP SIGN/FLASHER,FUNCTIONING PROPERLY,CLEAR,DAYLIGHT,ANGLE,FOUR WAY,,STRAIGHT AND LEVEL,DRY,UNKNOWN,ON SCENE,INJURY AND / OR TOW DUE TO CRASH,Y,,,"OVER $1,500",3/27/2022 15:48,DISREGARDING STOP SIGN,FAILING TO REDUCE SPEED TO AVOID CRASH,2115,E,76TH ST,414,,,,,,,2,NO INDICATION OF INJURY,0,0,0,0,0,2,0,13,1,3,41.75698663,-87.57300768,POINT (-87.573007681307 41.756986625875)
1c0a17bac8886a58393b2789cdb54d8d5f519669154408eb6f5518f86e4134646b6700219c43a9b3a1bfb885763bdc8377cbb9e904314c7b89c915316e36cd1c,,,3/27/2022 12:20,30,NO CONTROLS,NO CONTROLS,CLEAR,DAYLIGHT,SIDESWIPE SAME DIRECTION,NOT DIVIDED,,STRAIGHT AND LEVEL,DRY,NO DEFECTS,ON SCENE,INJURY AND / OR TOW DUE TO CRASH,,,,"OVER $1,500",3/27/2022 13:11,FAILING TO YIELD RIGHT-OF-WAY,UNABLE TO DETERMINE,1103,W,32ND ST,913,,,,,,,2,NO INDICATION OF INJURY,0,0,0,0,0,2,0,12,1,3,41.83602197,-87.65367921,POINT (-87.653679213308 41.83602197063)
2dc3ea12e30a4b4ae7fd7544402efbaadf59076fd44b51f7cfec82a98a346bdbb56839be5e7181d41c5fbda0bea9999e8578167e798b2503580c7dca4363e1e2,JF187642,,3/26/2022 20:10,30,TRAFFIC SIGNAL,FUNCTIONING PROPERLY,CLEAR,DARKNESS,REAR END,DIVIDED - W/MEDIAN BARRIER,,STRAIGHT AND LEVEL,DRY,NO DEFECTS,NOT ON SCENE (DESK REPORT),NO INJURY / DRIVE AWAY,,,,"OVER $1,500",3/26/2022 20:35,FOLLOWING TOO CLOSELY,UNABLE TO DETERMINE,8250,S,SOUTH SHORE DR,424,,,,,,,2,NO INDICATION OF INJURY,0,0,0,0,0,2,0,20,7,3,41.74502063,-87.54805815,POINT (-87.54805814998 41.745020630284)
80a1a1ab7e2b7cd29a97e552ee504f51cf90a4b28096c055275954ed09633b782445d7a00b91d149bd6170398880b994296b6b28223feacffff9a80323ea8477,JF187614,,3/26/2022 19:30,30,NO CONTROLS,NO CONTROLS,CLEAR,DARKNESS,REAR END,NOT DIVIDED,,STRAIGHT AND LEVEL,UNKNOWN,UNKNOWN,NOT ON SCENE (DESK REPORT),NO INJURY / DRIVE AWAY,,,,"$501 - $1,500",3/26/2022 20:02,FOLLOWING TOO CLOSELY,UNABLE TO DETERMINE,2444,N,CLARK ST,1935,,,,,,,2,NO INDICATION OF INJURY,0,0,0,0,0,2,0,19,7,3,41.92670567,-87.64131782,POINT (-87.641317823037 41.926705666106)
e1d1517717343128c2ba02ed8dc0819ff4171268e8ace5384ec435cab0e44bb62b6ddb140c961d6fc5a2a622bb241f80f5ef588fa434f1b66840574c68a309da,,,3/27/2022 18:40,25,TRAFFIC SIGNAL,FUNCTIONING PROPERLY,CLEAR,DAYLIGHT,REAR END,NOT DIVIDED,,STRAIGHT AND LEVEL,UNKNOWN,UNKNOWN,ON SCENE,NO INJURY / DRIVE AWAY,,,Y,"OVER $1,500",3/27/2022 18:46,FOLLOWING TOO CLOSELY,UNABLE TO DETERMINE,3598,N,NARRAGANSETT AVE,1632,,,,,,,2,NO INDICATION OF INJURY,0,0,0,0,0,2,0,18,1,3,41.94563833,-87.7864628,POINT (-87.786462795942 41.945638333429)
b1fc9123241b6fe279e2ab8f8ff4886935f2eafa5aff59891588a376fd1067e14cf09873f5cd6145c87911abc43d4dce7c0f6a62981eb7fe92d164076f1121f8,,,3/27/2022 12:20,30,STOP SIGN/FLASHER,FUNCTIONING PROPERLY,CLEAR,DAYLIGHT,REAR END,DIVIDED - W/MEDIAN (NOT RAISED),,STRAIGHT AND LEVEL,DRY,NO DEFECTS,NOT ON SCENE (DESK REPORT),NO INJURY / DRIVE AWAY,Y,,,"OVER $1,500",3/27/2022 14:10,UNABLE TO DETERMINE,UNABLE TO DETERMINE,1001,E,OAKWOOD BLVD,214,,,,,,,2,NO INDICATION OF INJURY,0,0,0,0,0,2,0,12,1,3,41.82472187,-87.60197152,POINT (-87.601971516176 41.824721873173)
832c884f75bdcaf9cd112a212286654378a7221b5e5432e5a28a76bd82d61307ad55c5a888c348d6f67e551af7db87fd5e5cc11ea80c9934979bd17eb56bd0d6,,,3/27/2022 16:00,25,NO CONTROLS,NO CONTROLS,CLEAR,DAYLIGHT,PEDALCYCLIST,NOT DIVIDED,,STRAIGHT AND LEVEL,UNKNOWN,UNKNOWN,ON SCENE,INJURY AND / OR TOW DUE TO CRASH,,,Y,$500 OR LESS,3/27/2022 16:01,UNABLE TO DETERMINE,UNABLE TO DETERMINE,3723,N,HARLEM AVE,1632,,,,,,,2,NONINCAPACITATING INJURY,1,0,0,1,0,1,0,16,1,3,41.94779431,-87.80694665,POINT (-87.806946646553 41.947794306654)
bbc48dc60d6f2da4a0b6702e545f2082ab772bdf3288768e51608ff8a94ce51fd4c432ef3815279ae1ff532d8f66b5e51ecd335944ebdc4f5df037c155a14065,,,3/27/2022 13:47,30,STOP SIGN/FLASHER,FUNCTIONING PROPERLY,CLEAR,DAYLIGHT,REAR END,NOT DIVIDED,,STRAIGHT AND LEVEL,DRY,NO DEFECTS,NOT ON SCENE (DESK REPORT),NO INJURY / DRIVE AWAY,,,,"OVER $1,500",3/27/2022 23:40,FOLLOWING TOO CLOSELY,FAILING TO REDUCE SPEED TO AVOID CRASH,5255,N,KIMBALL AVE,1712,,,,,,,2,NO INDICATION OF INJURY,0,0,0,0,0,2,0,13,1,3,41.9773227,-87.71343641,POINT (-87.713436411067 41.977322695311)
781595355d1f2301d24264530a9c1d5dcfd657c360854e787ff45d978788f9dc0313fdac352198398b3558f6f78bfcfa4dd1b4109cdb51a5632f26c811be0d18,,,3/27/2022 12:08,35,TRAFFIC SIGNAL,FUNCTIONING PROPERLY,CLEAR,DAYLIGHT,SIDESWIPE SAME DIRECTION,NOT DIVIDED,,STRAIGHT AND LEVEL,DRY,NO DEFECTS,ON SCENE,NO INJURY / DRIVE AWAY,,,Y,"OVER $1,500",3/27/2022 12:17,IMPROPER LANE USAGE,NOT APPLICABLE,1900,S,ASHLAND AVE,1234,,,,,,,2,NO INDICATION OF INJURY,0,0,0,0,0,2,0,12,1,3,41.85592484,-87.66623983,POINT (-87.666239830496 41.855924842836)
138e143bf66e429362a6aa64bb5c25e9647d25b5a423d61a227c2b4b206cda51ee68650e5fec0a4af170cc1ad858e8f298d291ef6f1e50167c7cccbf3d07507f,,,3/27/2022 22:45,30,TRAFFIC SIGNAL,FUNCTIONING IMPROPERLY,CLEAR,"DARKNESS, LIGHTED ROAD",FIXED OBJECT,DIVIDED - W/MEDIAN (NOT RAISED),,STRAIGHT AND LEVEL,DRY,NO DEFECTS,ON SCENE,INJURY AND / OR TOW DUE TO CRASH,,,,"OVER $1,500",3/27/2022 22:46,UNABLE TO DETERMINE,UNABLE TO DETERMINE,2637,E,100TH ST,431,,,,,,,1,NO INDICATION OF INJURY,0,0,0,0,0,1,0,22,1,3,41.71331922,-87.55966816,POINT (-87.559668155169 41.713319223481)
edf3005da82837035138f239e29facb3542f277f741eca4fae01acad038e7749cc1e1466a050b36e85bcd08a4fe8054eb2d69ea9dc1bcd8ca587d193fa7dc6a9,JF186143,,3/25/2022 11:53,30,TRAFFIC SIGNAL,FUNCTIONING PROPERLY,CLEAR,DAYLIGHT,REAR END,DIVIDED - W/MEDIAN (NOT RAISED),,STRAIGHT AND LEVEL,WET,UNKNOWN,ON SCENE,NO INJURY / DRIVE AWAY,,,,"$501 - $1,500",3/25/2022 12:34,FOLLOWING TOO CLOSELY,FOLLOWING TOO CLOSELY,4140,W,BELMONT AVE,1731,,,,,,,2,NO INDICATION OF INJURY,0,0,0,0,0,2,0,11,6,3,41.93915237,-87.73125116,POINT (-87.73125116043 41.939152373541)
571918a6a0cf73bf8db82cec8b1ec0d762003baaa1e345e9854f12602ef5780a055088cbbfc9788dcdfa3b3472633bc11a3eb5259a5c39db1feee48ea3bb71a1,JF187156,,3/26/2022 3:45,30,NO CONTROLS,NO CONTROLS,UNKNOWN,"DARKNESS, LIGHTED ROAD",ANGLE,PARKING LOT,,STRAIGHT AND LEVEL,UNKNOWN,UNKNOWN,NOT ON SCENE (DESK REPORT),NO INJURY / DRIVE AWAY,,,Y,"OVER $1,500",3/26/2022 11:00,"OPERATING VEHICLE IN ERRATIC, RECKLESS, CARELESS, NEGLIGENT OR AGGRESSIVE MANNER",UNABLE TO DETERMINE,1987,E,HAYES DR,331,,,,,,,2,NO INDICATION OF INJURY,0,0,0,0,0,3,0,3,7,3,41.78023866,-87.57763591,POINT (-87.577635908711 41.780238657237)
e7ee3c85fc3416259d477ed14aaba269489cd06ee3c0d1e142fbdc3806ff5d0c9f84d9a884291da7cae56ccf3012e33da42883b55f2502967f30a13c00f332cc,,,3/27/2022 16:35,35,TRAFFIC SIGNAL,UNKNOWN,CLEAR,DAYLIGHT,REAR END,DIVIDED - W/MEDIAN (NOT RAISED),,STRAIGHT AND LEVEL,DRY,NO DEFECTS,ON SCENE,NO INJURY / DRIVE AWAY,,,Y,"$501 - $1,500",3/27/2022 16:42,UNABLE TO DETERMINE,NOT APPLICABLE,4003,W,PETERSON AVE,1711,,,,,,,2,NO INDICATION OF INJURY,0,0,0,0,0,2,0,16,1,3,41.99002364,-87.72878446,POINT (-87.728784459087 41.990023635988)
4f421e2d5927fe9aff7db1307c72b833dd9134d8a9fb06495ee5586db7b0558204bca2753d9fb0ce3a98a08c4ae18f89a439bb73150d34576801d5f232cd650c,,,3/27/2022 17:15,10,NO CONTROLS,NO CONTROLS,CLEAR,DAYLIGHT,FIXED OBJECT,OTHER,,STRAIGHT AND LEVEL,DRY,NO DEFECTS,ON SCENE,NO INJURY / DRIVE AWAY,,Y,,"OVER $1,500",3/27/2022 17:20,NOT APPLICABLE,NOT APPLICABLE,5150,W,55TH ST,814,,,,,,,1,NO INDICATION OF INJURY,0,0,0,0,0,1,0,17,1,3,41.79300286,-87.75211958,POINT (-87.752119580929 41.793002855945)
93e72e623a87ddba1569b87eacb79f6febd38df541ee5e6da5f5ca07ef01c28fd48143f5fb994382e4281f47e0e42f66766c27c64ae9458474b550811dc932a1,,,3/27/2022 2:04,30,NO CONTROLS,NO CONTROLS,CLEAR,"DARKNESS, LIGHTED ROAD",TURNING,DIVIDED - W/MEDIAN (NOT RAISED),,STRAIGHT AND LEVEL,DRY,NO DEFECTS,ON SCENE,INJURY AND / OR TOW DUE TO CRASH,,,,"OVER $1,500",3/27/2022 2:09,IMPROPER TURNING/NO SIGNAL,NOT APPLICABLE,8243,S,WESTERN AVE,614,,,,,,,2,NO INDICATION OF INJURY,0,0,0,0,0,2,0,2,1,3,41.74305979,-87.68253544,POINT (-87.682535437985 41.743059792108)
8b75ebf4d6e1bb0000ce492d8f90c2b5e5ce897bfcefe2b70e975160334080b051209f21b8f79e4ae84be23394dd923fecb2ab0effe2a0a22c76ad59cec17bd2,,,3/27/2022 15:58,30,TRAFFIC SIGNAL,FUNCTIONING PROPERLY,CLEAR,DAYLIGHT,TURNING,FOUR WAY,,STRAIGHT AND LEVEL,DRY,UNKNOWN,NOT ON SCENE (DESK REPORT),NO INJURY / DRIVE AWAY,Y,,,"OVER $1,500",3/27/2022 16:10,UNABLE TO DETERMINE,UNABLE TO DETERMINE,1159,S,CENTRAL AVE,1522,,,,,,,2,NO INDICATION OF INJURY,0,0,0,0,0,5,0,15,1,3,41.86563905,-87.76416458,POINT (-87.764164581141 41.865639054076)
4c4151df085b82f9b01d54f1d2726185a01f50aa466cf97b35381801e854bbced4f9ed749ab71eafd7f447cd03c4d2ce7a7a3fda5aaa19b6534d7228532cb081,,,3/27/2022 19:48,30,NO CONTROLS,NO CONTROLS,CLEAR,"DARKNESS, LIGHTED ROAD",REAR END,DIVIDED - W/MEDIAN (NOT RAISED),,STRAIGHT AND LEVEL,DRY,UNKNOWN,NOT ON SCENE (DESK REPORT),NO INJURY / DRIVE AWAY,,,,"$501 - $1,500",3/27/2022 20:40,UNABLE TO DETERMINE,UNABLE TO DETERMINE,2841,N,PULASKI RD,2523,,,,,,,2,NO INDICATION OF INJURY,0,0,0,0,0,2,0,19,1,3,41.93301626,-87.72686564,POINT (-87.726865638151 41.933016261212)
5545187f84b9845665bf0e964f8098f26151f4265118a2242893c424d83062eae373228d298d471cc783c30512cd2989bf95034cf4592b7b5154049ac93c88e8,,,3/27/2022 16:45,30,TRAFFIC SIGNAL,FUNCTIONING PROPERLY,CLEAR,DAYLIGHT,REAR END,FOUR WAY,,STRAIGHT AND LEVEL,DRY,NO DEFECTS,NOT ON SCENE (DESK REPORT),NO INJURY / DRIVE AWAY,Y,,,"OVER $1,500",3/27/2022 19:30,FOLLOWING TOO CLOSELY,FAILING TO REDUCE SPEED TO AVOID CRASH,2600,N,LINCOLN AVE,1932,,,,,,,2,NO INDICATION OF INJURY,0,0,0,0,0,2,0,16,1,3,41.92897165,-87.65390176,POINT (-87.653901756801 41.92897165072)
643b5e1b002e1af5f97b6654a490e338f2a10a3f758844f5d815610cd98a2c9fcda26ac131c409a38e71fa84e294091bd1cd1075a41126f1bb7baa5a2eaebfe3,,,3/27/2022 10:15,30,STOP SIGN/FLASHER,FUNCTIONING IMPROPERLY,CLEAR,DAYLIGHT,TURNING,NOT DIVIDED,,STRAIGHT AND LEVEL,DRY,NO DEFECTS,NOT ON SCENE (DESK REPORT),NO INJURY / DRIVE AWAY,,,,"OVER $1,500",3/27/2022 11:00,UNABLE TO DETERMINE,UNABLE TO DETERMINE,3548,N,CICERO AVE,1634,,,,,,,2,NO INDICATION OF INJURY,0,0,0,0,0,3,0,10,1,3,41.94572324,-87.74719753,POINT (-87.747197531232 41.945723240617)
f8f945b96e49752b20bac477f72ac1e3db4596529a6415553e81977dec6c9bd46ce650f918081ebcd600d934a9ca759961d17155f247e48c5b21015544c4f183,,,3/27/2022 12:15,30,TRAFFIC SIGNAL,FUNCTIONING PROPERLY,CLEAR,DAYLIGHT,TURNING,DIVIDED - W/MEDIAN BARRIER,,STRAIGHT AND LEVEL,DRY,NO DEFECTS,ON SCENE,NO INJURY / DRIVE AWAY,Y,,,$500 OR LESS,3/27/2022 12:16,FAILING TO REDUCE SPEED TO AVOID CRASH,FAILING TO YIELD RIGHT-OF-WAY,700,S,MICHIGAN AVE,123,,,,,,,2,NO INDICATION OF INJURY,0,0,0,0,0,3,0,12,1,3,41.87309549,-87.62434525,POINT (-87.624345247792 41.873095485332)
dc718ee1e64615d2211fa6bfedb939e52809388a74c44ee78f7bdb7a8504ef2dce86fd4fe90f7e6582142f9e1d2dfe81fca1be924b615aabf662f5bc413912db,,,3/27/2022 13:20,30,UNKNOWN,NO CONTROLS,UNKNOWN,UNKNOWN,SIDESWIPE SAME DIRECTION,NOT DIVIDED,,STRAIGHT AND LEVEL,UNKNOWN,UNKNOWN,NOT ON SCENE (DESK REPORT),NO INJURY / DRIVE AWAY,,,Y,"OVER $1,500",3/27/2022 17:30,UNABLE TO DETERMINE,NOT APPLICABLE,2349,W,NORTH AVE,1424,,,,,,,2,NO INDICATION OF INJURY,0,0,0,0,0,2,0,13,1,3,41.91021894,-87.68673307,POINT (-87.686733068217 41.910218942843)
ad654f4d15b6b9d8fccf12bc1eafeb1342d5655a925d1b215f4016bc617f2ab1bc6bf896764d40784b884019fa8e8b263c493b24bffddee770e0a3077791eaa8,JF187224,,3/26/2022 6:00,30,NO CONTROLS,NO CONTROLS,CLEAR,UNKNOWN,PARKED MOTOR VEHICLE,ONE-WAY,,STRAIGHT AND LEVEL,UNKNOWN,OTHER,NOT ON SCENE (DESK REPORT),NO INJURY / DRIVE AWAY,,,Y,"OVER $1,500",3/26/2022 12:45,UNABLE TO DETERMINE,UNABLE TO DETERMINE,3824,W,WEST END AVE,1122,,,,,,,2,NO INDICATION OF INJURY,0,0,0,0,0,1,0,6,7,3,41.88309583,-87.72178276,POINT (-87.721782762355 41.883095832919)
37002cd27f5b04f7f1f0b28e3dca9ce2fcf1237f8f07f1b9cb2bd7a82427b64387903eba6d29e532c36e2c0f63042751ad773d89ed2ac2211043ad540538c622,,,3/27/2022 16:55,30,NO CONTROLS,NO CONTROLS,CLEAR,DAYLIGHT,PARKED MOTOR VEHICLE,PARKING LOT,,STRAIGHT AND LEVEL,DRY,NO DEFECTS,ON SCENE,NO INJURY / DRIVE AWAY,,Y,Y,"OVER $1,500",3/27/2022 16:56,"OPERATING VEHICLE IN ERRATIC, RECKLESS, CARELESS, NEGLIGENT OR AGGRESSIVE MANNER",NOT APPLICABLE,7445,S,STONY ISLAND AVE,324,,,,,,,2,NO INDICATION OF INJURY,0,0,0,0,0,1,0,16,1,3,41.75925774,-87.58560214,POINT (-87.585602137273 41.759257737436)
a28cc6cfccf60df715f70e91c59cf8b5fa0da2316396bd8d9eddea49d50163e5751be93c250f20617ff24fb0777f544b9d9ff3d9ba5c9f69855b26996bc5d77a,,,3/27/2022 16:41,30,NO CONTROLS,NO CONTROLS,CLEAR,DAYLIGHT,OVERTURNED,DIVIDED - W/MEDIAN BARRIER,,"CURVE, LEVEL",DRY,NO DEFECTS,ON SCENE,INJURY AND / OR TOW DUE TO CRASH,,,,"OVER $1,500",3/27/2022 16:41,"OPERATING VEHICLE IN ERRATIC, RECKLESS, CARELESS, NEGLIGENT OR AGGRESSIVE MANNER",FAILING TO REDUCE SPEED TO AVOID CRASH,2426,W,31ST ST,1034,,,,,,,1,NO INDICATION OF INJURY,0,0,0,0,0,1,0,16,1,3,41.83885009,-87.6863119,POINT (-87.686311901656 41.838850090779)
ffcded0ac79b6abb2cbf832f814a9f1a683e5516c11da18c6c8f217fae0442fe8747c48eed64abac9767a373bd8c828787b56ce9c628498abcb6fccbf6e4c8db,,,3/27/2022 13:50,30,NO CONTROLS,NO CONTROLS,CLEAR,DAYLIGHT,PARKED MOTOR VEHICLE,NOT DIVIDED,,STRAIGHT AND LEVEL,DRY,NO DEFECTS,ON SCENE,NO INJURY / DRIVE AWAY,,,,$500 OR LESS,3/27/2022 13:53,IMPROPER BACKING,UNABLE TO DETERMINE,6,S,LAFLIN ST,1224,,,,,,,2,NO INDICATION OF INJURY,0,0,0,0,0,2,0,13,1,3,41.88132153,-87.66456138,POINT (-87.664561376664 41.881321534353)
974468693b0cf585fa1c9b5d5c98f3621bd3cab47923d7bb04ef208e6a5621dc84c344872af4435d9d46f1d630f3e183de180282fcf9aa4aab8ab96a5c7dc643,,,3/27/2022 19:37,35,TRAFFIC SIGNAL,FUNCTIONING PROPERLY,CLEAR,"DARKNESS, LIGHTED ROAD",REAR END,NOT DIVIDED,,STRAIGHT AND LEVEL,DRY,NO DEFECTS,ON SCENE,INJURY AND / OR TOW DUE TO CRASH,,,Y,"OVER $1,500",3/27/2022 19:37,NOT APPLICABLE,NOT APPLICABLE,4201,S,PULASKI RD,821,,,,,,,2,NONINCAPACITATING INJURY,1,0,0,1,0,1,0,19,1,3,41.8169057,-87.72375811,POINT (-87.723758113509 41.8169056947)
477072479908f40265a4fab61828684ef30929da8314cacd220a33a61522620c664329dff46bd45812e6fd756340ddf8b5399e23de13ac09ca639dabd68cee9c,,,3/27/2022 1:36,30,TRAFFIC SIGNAL,FUNCTIONING PROPERLY,CLEAR,"DARKNESS, LIGHTED ROAD",TURNING,NOT DIVIDED,,STRAIGHT AND LEVEL,DRY,NO DEFECTS,NOT ON SCENE (DESK REPORT),NO INJURY / DRIVE AWAY,,,,"OVER $1,500",3/27/2022 2:15,IMPROPER TURNING/NO SIGNAL,FOLLOWING TOO CLOSELY,225,E,CHICAGO AVE,1833,,,,,,,2,NO INDICATION OF INJURY,0,0,0,0,0,2,0,1,1,3,41.89665988,-87.62175524,POINT (-87.621755235273 41.896659881319)