CRASH_RECORD_ID,RD_NO,CRASH_DATE_EST_I,CRASH_DATE,POSTED_SPEED_LIMIT,TRAFFIC_CONTROL_DEVICE,DEVICE_CONDITION,WEATHER_CONDITION,LIGHTING_CONDITION,FIRST_CRASH_TYPE,TRAFFICWAY_TYPE,LANE_CNT,ALIGNMENT,ROADWAY_SURFACE_COND,ROAD_DEFECT,REPORT_TYPE,CRASH_TYPE,INTERSECTION_RELATED_I,NOT_RIGHT_OF_WAY_I,HIT_AND_RUN_I,DAMAGE,DATE_POLICE_NOTIFIED,PRIM_CONTRIBUTORY_CAUSE,SEC_CONTRIBUTORY_CAUSE,STREET_NO,STREET_DIRECTION,STREET_NAME,BEAT_OF_OCCURRENCE,PHOTOS_TAKEN_I,STATEMENTS_TAKEN_I,DOORING_I,WORK_ZONE_I,WORK_ZONE_TYPE,WORKERS_PRESENT_I,NUM_UNITS,MOST_SEVERE_INJURY,INJURIES_TOTAL,INJURIES_FATAL,INJURIES_INCAPACITATING,INJURIES_NON_INCAPACITATING,INJURIES_REPORTED_NOT_EVIDENT,INJURIES_NO_INDICATION,INJURIES_UNKNOWN,CRASH_HOUR,CRASH_DAY_OF_WEEK,CRASH_MONTH,LATITUDE,LONGITUDE,LOCATION
53eb04f91a6777b7ef37cfad39c05a52b97c3a1e02d1e71d590410a2f0b82dd767bf9420251eaf838986cc0a96f5e30e67b84508ba8cda98e981bc5901e65fb1,,,3/27/2022 13:20,30,TRAFFIC SIGNAL,UNKNOWN,CLEAR,DAYLIGHT,REAR END,NOT DIVIDED,,STRAIGHT AND LEVEL,DRY,UNKNOWN,NOT ON SCENE (DESK REPORT),NO INJURY / DRIVE AWAY,,,,"OVER $1,500",3/27/2022 14:50,UNABLE TO DETERMINE,NOT APPLICABLE,30,W,75TH ST,731,,,,,,,2,NO INDICATION OF INJURY,0,0,0,0,0,2,0,13,1,3,41.75827653,-87.62597722,POINT (-87.625977222524 41.758276525332)
14c1909f6018cc50170cd434f4f9f1ad15c62ff2aafa9f3e52e7916196a36d4faa875dfc5eace5f169449399b8eced34a44c88623e52e2ffd170ff91e4bb375c,JF187754,Y,3/26/2022 22:00,30,NO CONTROLS,NO CONTROLS,CLEAR,"DARKNESS, LIGHTED ROAD",PARKED MOTOR VEHICLE,ONE-WAY,,STRAIGHT AND LEVEL,DRY,NO DEFECTS,ON SCENE,INJURY AND / OR TOW DUE TO CRASH,,,Y,"OVER $1,500",3/26/2022 22:44,UNABLE TO DETERMINE,UNABLE TO DETERMINE,4735,W,FLOURNOY ST,1131,,,,,,,2,NO INDICATION OF INJURY,0,0,0,0,0,1,0,22,7,3,41.87215917,-87.74396615,POINT (-87.743966150711 41.872159170076)
6478fbe96f190d360c8fd29a07ce24b2902cb21d6e597fc5a5ef5f060dfbad87f6484ce935a5eec15e95fe217e397a74ff206d358a46c5d2f84c8c9825b426fa,,,3/27/2022 11:53,30,NO CONTROLS,NO CONTROLS,CLEAR,DAYLIGHT,ANGLE,ONE-WAY,,STRAIGHT ON GRADE,DRY,NO DEFECTS,ON SCENE,NO INJURY / DRIVE AWAY,,,,"OVER $1,500",3/27/2022 12:21,FAILING TO YIELD RIGHT-OF-WAY,UNABLE TO DETERMINE,160,E,SUPERIOR ST,1833,,,,,,,2,NO INDICATION OF INJURY,0,0,0,0,0,2,0,11,1,3,41.89586295,-87.62325304,POINT (-87.623253040218 41.895862946296)
22657a0a676c024c054370d4a87482cc6aed917172eaf5281759bdf89f1a12507c408074598eecbadc79d919cb1153c47d08f7502dbe3774b5efb699bbbade76,,,3/27/2022 14:15,30,STOP SIGN/FLASHER,FUNCTIONING PROPERLY,CLEAR,DAYLIGHT,TURNING,T-INTERSECTION,,STRAIGHT AND LEVEL,DRY,UNKNOWN,ON SCENE,INJURY AND / OR TOW DUE TO CRASH,Y,,,"$501 - $1,500",3/27/2022 14:50,UNABLE TO DETERMINE,UNABLE TO DETERMINE,220,S,CICERO AVE,1533,,,,,,,2,"REPORTED, NOT EVIDENT",1,0,0,0,1,4,0,14,1,3,41.87791548,-87.74533574,POINT (-87.745335735591 41.877915477853)
a50d3144250ab650a0354dcf03a0b94e7cba9c3fa4763acb818ccc193fbd6847df17b89d94bf53d7c6ac44b92ef5a7c18b4aab6992b0bb129c22f4a238dbffd4,,,3/27/2022 14:25,40,NO CONTROLS,NO CONTROLS,CLEAR,DAYLIGHT,REAR END,DIVIDED - W/MEDIAN BARRIER,,STRAIGHT AND LEVEL,DRY,UNKNOWN,ON SCENE,NO INJURY / DRIVE AWAY,,,Y,"$501 - $1,500",3/27/2022 14:37,UNABLE TO DETERMINE,UNABLE TO DETERMINE,1533,S,LAKE SHORE DR E,132,,,,,,,2,NO INDICATION OF INJURY,0,0,0,0,0,2,0,14,1,3,41.86116332,-87.61780514,POINT (-87.617805139963 41.861163322297)
f58d128ada46377d01ea04c366fa41b2ad540ff8417b1b0c1b79c2b713a60cf6ff31d6216c8923545912dffaae7473595ce91f8c4087098fde37c333d18c8d8a,,,3/27/2022 1:50,25,NO CONTROLS,NO CONTROLS,CLEAR,DARKNESS,PARKED MOTOR VEHICLE,PARKING LOT,,STRAIGHT AND LEVEL,DRY,NO DEFECTS,NOT ON SCENE (DESK REPORT),NO INJURY / DRIVE AWAY,,,Y,"$501 - $1,500",3/27/2022 15:00,NOT APPLICABLE,NOT APPLICABLE,4423,W,MADISON ST,1113,,,,,,,2,NO INDICATION OF INJURY,0,0,0,0,0,1,0,1,1,3,41.88048968,-87.73643347,POINT (-87.736433473527 41.880489675149)
c12fe1aaef6969584c4661aff061bebd974e41a1fbe7534bd11482c91022cd58b7369e2b45fd03e3822961cee33ac561f0e6121ce044089cce352d6f840df2a1,,,3/27/2022 20:52,30,NO CONTROLS,NO CONTROLS,CLEAR,"DARKNESS, LIGHTED ROAD",PARKED MOTOR VEHICLE,NOT DIVIDED,,STRAIGHT AND LEVEL,DRY,NO DEFECTS,ON SCENE,NO INJURY / DRIVE AWAY,,,,"OVER $1,500",3/27/2022 20:52,IMPROPER OVERTAKING/PASSING,NOT APPLICABLE,7252,S,COTTAGE GROVE AVE,323,,,,,,,2,NO INDICATION OF INJURY,0,0,0,0,0,2,0,20,1,3,41.76245766,-87.60564143,POINT (-87.605641431202 41.762457655996)
8dce558904c80de6849cf5c5037645f65db72c87cc3ee0ff51b37d630e6272ec99ddf6abe47758405414d140429c36c7ba95b81a8c41df070fa6e4aec17072e0,,,3/27/2022 19:52,30,NO CONTROLS,NO CONTROLS,CLEAR,"DARKNESS, LIGHTED ROAD",SIDESWIPE SAME DIRECTION,NOT DIVIDED,,STRAIGHT AND LEVEL,DRY,NO DEFECTS,ON SCENE,INJURY AND / OR TOW DUE TO CRASH,,,Y,"$501 - $1,500",3/27/2022 19:55,"OPERATING VEHICLE IN ERRATIC, RECKLESS, CARELESS, NEGLIGENT OR AGGRESSIVE MANNER",NOT APPLICABLE,5905,W,WASHINGTON BLVD,1513,,,,,,,2,NONINCAPACITATING INJURY,1,0,0,1,0,1,0,19,1,3,41.88203516,-87.77209687,POINT (-87.772096867107 41.882035159475)
f973da1e75b3b47209038c5321a6a30f0f8cbe6712dddfe212e7d021cfdd0c40236f7ba714ba9f52554e57b92675ed87779895c69447cf34ce7095976e74dc8f,,,3/27/2022 20:07,30,NO CONTROLS,NO CONTROLS,CLEAR,DAWN,PARKED MOTOR VEHICLE,NOT DIVIDED,,STRAIGHT AND LEVEL,DRY,NO DEFECTS,ON SCENE,INJURY AND / OR TOW DUE TO CRASH,,,Y,"OVER $1,500",3/27/2022 20:07,UNABLE TO DETERMINE,UNABLE TO DETERMINE,7048,S,WESTERN AVE,832,,,,,,,2,NO INDICATION OF INJURY,0,0,0,0,0,1,0,20,1,3,41.76507211,-87.68339894,POINT (-87.683398939222 41.765072107252)
a0942f1ed05d75defa131986a33919e90dffb882f1ec19b39f7f537c696446eff0d961eb3624a0c689685c7bfd657a117e2f79421683e78851db253de9be4ab7,,,3/27/2022 17:20,30,NO CONTROLS,NO CONTROLS,CLEAR,DAYLIGHT,TURNING,NOT DIVIDED,,STRAIGHT AND LEVEL,DRY,NO DEFECTS,NOT ON SCENE (DESK REPORT),NO INJURY / DRIVE AWAY,,,Y,"OVER $1,500",3/27/2022 17:45,FAILING TO YIELD RIGHT-OF-WAY,UNABLE TO DETERMINE,2900,S,LYMAN ST,913,,,,,,,2,NO INDICATION OF INJURY,0,0,0,0,0,2,0,17,1,3,41.84151791,-87.65249647,POINT (-87.652496466306 41.841517910514)
fe28d668917a75c54ecee21c473b6d0d1985199c19c0fde24bc7c29ef80347c3337450471ce1c220500135eae87d43e6d45a10e60b11776a6336f28f0ff5dae0,,,3/27/2022 15:45,20,NO CONTROLS,NO CONTROLS,CLEAR,DAYLIGHT,REAR TO SIDE,ALLEY,,STRAIGHT AND LEVEL,DRY,NO DEFECTS,ON SCENE,INJURY AND / OR TOW DUE TO CRASH,,,,"OVER $1,500",3/27/2022 15:50,IMPROPER BACKING,NOT APPLICABLE,3347,W,AINSLIE ST,1713,,,,,,,2,NO INDICATION OF INJURY,0,0,0,0,0,4,0,15,1,3,41.97011758,-87.7128446,POINT (-87.712844597903 41.970117579221)
6c3c0317ff86d7df3b7a1609653b2fde687b60b3fd4175e2840f25a842ab29f0f64d3066e77ed394edc40fe540e2a5ed808902b9ed4d8d787d466df82c4d75ce,,,3/27/2022 11:10,30,TRAFFIC SIGNAL,FUNCTIONING PROPERLY,CLEAR,DAYLIGHT,TURNING,FOUR WAY,,STRAIGHT AND LEVEL,DRY,NO DEFECTS,ON SCENE,INJURY AND / OR TOW DUE TO CRASH,Y,,,"OVER $1,500",3/27/2022 11:13,DISREGARDING TRAFFIC SIGNALS,UNABLE TO DETERMINE,6300,S,ASHLAND AVE,725,,,,,,,2,"REPORTED, NOT EVIDENT",1,0,0,0,1,2,0,11,1,3,41.77937222,-87.66436535,POINT (-87.664365347416 41.779372220485)
8911a46a744be87349063b8607f473acb0cf479899266aaa75376dde6aabf2c1071be0a09c3ea95573a53ecb7843fcd66a14ce9e48f06c66e671735b8cfd896f,JF186146,,3/25/2022 12:41,25,NO CONTROLS,NO CONTROLS,CLOUDY/OVERCAST,DAYLIGHT,ANGLE,NOT DIVIDED,,STRAIGHT AND LEVEL,DRY,NO DEFECTS,ON SCENE,INJURY AND / OR TOW DUE TO CRASH,,,,"OVER $1,500",3/25/2022 12:42,FAILING TO YIELD RIGHT-OF-WAY,DRIVING SKILLS/KNOWLEDGE/EXPERIENCE,6659,S,WENTWORTH AVE,722,,,,,,,2,NO INDICATION OF INJURY,0,0,0,0,0,2,0,12,6,3,41.77280932,-87.62981979,POINT (-87.629819787263 41.772809318114)
b65bb63715ac80e3280920a7375a8bdb15bc6e5277dc540171130f37397b1426c7eefb0c0fee0696760b064fbdc3e820243d6b9f9d9e0feda38d56afa7a89b9e,JF186992,,3/26/2022 1:10,30,UNKNOWN,UNKNOWN,UNKNOWN,DARKNESS,PARKED MOTOR VEHICLE,ONE-WAY,,STRAIGHT AND LEVEL,UNKNOWN,UNKNOWN,NOT ON SCENE (DESK REPORT),NO INJURY / DRIVE AWAY,,,Y,"OVER $1,500",3/26/2022 8:00,UNABLE TO DETERMINE,UNABLE TO DETERMINE,956,W,LAKESIDE PL,1914,,,,,,,2,NO INDICATION OF INJURY,0,0,0,0,0,1,0,1,7,3,41.96829534,-87.65470213,POINT (-87.65470213022 41.96829533468)
c29e8c2cb5e7e3ee821e903f53e453318ae7c103befd35b2e4c79865460690ab8229ec0453e59b52e4237c159b630725eb292d61b22424524aa0101d738fb727,,,3/27/2022 3:05,30,NO CONTROLS,NO CONTROLS,CLEAR,"DARKNESS, LIGHTED ROAD",SIDESWIPE OPPOSITE DIRECTION,NOT DIVIDED,,STRAIGHT AND LEVEL,DRY,NO DEFECTS,ON SCENE,INJURY AND / OR TOW DUE TO CRASH,,,,"OVER $1,500",3/27/2022 3:06,DRIVING ON WRONG SIDE/WRONG WAY,NOT APPLICABLE,5029,S,KEDZIE AVE,923,,,,,,,2,"REPORTED, NOT EVIDENT",1,0,0,0,1,4,0,3,1,3,41.80175466,-87.70364727,POINT (-87.703647271388 41.801754655559)
e50334a5734ee011956ef63ef64c264c8d580a5908bc128d35e41503e9948f2397df816b198355bef7a4b90f64c3aac89624514473a0ee6733df9f55da220028,,,3/27/2022 16:00,30,TRAFFIC SIGNAL,FUNCTIONING PROPERLY,CLEAR,DAYLIGHT,REAR END,NOT DIVIDED,,STRAIGHT AND LEVEL,DRY,NO DEFECTS,ON SCENE,NO INJURY / DRIVE AWAY,Y,,Y,"OVER $1,500",3/27/2022 16:08,FAILING TO REDUCE SPEED TO AVOID CRASH,NOT APPLICABLE,5602,N,HARLEM AVE,1612,,,,,,,2,NO INDICATION OF INJURY,0,0,0,0,0,3,0,16,1,3,41.98287647,-87.80708924,POINT (-87.807089237615 41.982876470698)
1abf6e0a81d4e24499696c801c6d0882cd265f3333cb77c6647d30fa9d26e776c7fa2b300f958c30041866138721d6efdecfec9f1d3342cad0b4c08376b89803,,,3/27/2022 11:50,30,NO CONTROLS,NO CONTROLS,CLEAR,DAYLIGHT,PARKED MOTOR VEHICLE,OTHER,,STRAIGHT AND LEVEL,DRY,NO DEFECTS,ON SCENE,NO INJURY / DRIVE AWAY,,,,"OVER $1,500",3/27/2022 11:55,IMPROPER BACKING,NOT APPLICABLE,1632,W,77TH ST,611,,Y,,,,,2,NO INDICATION OF INJURY,0,0,0,0,0,1,0,11,1,3,41.75408697,-87.66480637,POINT (-87.664806373741 41.754086964645)
5a2d2901a7594c5f5e5d98d39a24c2ff566414dea54a842bbb31b55d223f509b46c8c12d83fa70f2a0dbcd2943bb5d6fa23f878424f0e68bd2150dcccf1ac5f0,,,3/27/2022 22:15,30,NO CONTROLS,NO CONTROLS,CLEAR,"DARKNESS, LIGHTED ROAD",SIDESWIPE SAME DIRECTION,ONE-WAY,,STRAIGHT AND LEVEL,DRY,UNKNOWN,NOT ON SCENE (DESK REPORT),NO INJURY / DRIVE AWAY,,,Y,"OVER $1,500",3/27/2022 23:50,UNABLE TO DETERMINE,UNABLE TO DETERMINE,6349,S,PARNELL AVE,722,,,,,,,2,NO INDICATION OF INJURY,0,0,0,0,0,2,0,22,1,3,41.77836037,-87.63855425,POINT (-87.638554252041 41.778360368763)
ba973830d6af035414966425f1ac7422e8de395b2afaecf4cc1057257c01d5681a5d82ecda22279b106d41ce091db2bbe37613a61a1409aecbaa472f223872fc,,,3/27/2022 10:58,30,NO CONTROLS,NO CONTROLS,CLEAR,DAYLIGHT,FIXED OBJECT,NOT DIVIDED,,STRAIGHT AND LEVEL,DRY,NO DEFECTS,ON SCENE,INJURY AND / OR TOW DUE TO CRASH,,,,"OVER $1,500",3/27/2022 11:00,UNABLE TO DETERMINE,UNABLE TO DETERMINE,5008,N,CLARK ST,2032,,,,,,,1,NONINCAPACITATING INJURY,1,0,0,1,0,0,0,10,1,3,41.97279137,-87.66810945,POINT (-87.668109448824 41.972791367723)
8df7aaccc22cc68d95127f81c8a3baa98f533d728df0e62726f59c6529fa48598c1fdbee46e18d718ee79c3538a7d1cd72eb089d0c828df6dc7c631969bd8059,JF188561,Y,3/18/2022 5:40,30,UNKNOWN,UNKNOWN,UNKNOWN,UNKNOWN,PARKED MOTOR VEHICLE,NOT DIVIDED,,STRAIGHT AND LEVEL,UNKNOWN,UNKNOWN,NOT ON SCENE (DESK REPORT),INJURY AND / OR TOW DUE TO CRASH,,,Y,"OVER $1,500",3/27/2022 19:30,UNABLE TO DETERMINE,NOT APPLICABLE,2432,W,WABANSIA AVE,1434,,,,,,,2,NO INDICATION OF INJURY,0,0,0,0,0,1,0,5,6,3,41.91223225,-87.68862472,POINT (-87.688624716056 41.912232251313)
7150705fe10fb2aa36787a3024dc0b13d846bc2d31168e7f990418bea1fccdaa576d35a363eb4e755850f79a92ad8f92561b7f5629f79dd8242a0e1422c7c71a,JF184768,,3/24/2022 9:30,40,NO CONTROLS,NO CONTROLS,RAIN,DAYLIGHT,SIDESWIPE SAME DIRECTION,DIVIDED - W/MEDIAN (NOT RAISED),,STRAIGHT AND LEVEL,WET,NO DEFECTS,ON SCENE,NO INJURY / DRIVE AWAY,,,,"OVER $1,500",3/24/2022 9:38,FOLLOWING TOO CLOSELY,NOT APPLICABLE,5100,N,LAKE SHORE DR SB,2024,,,,,,,3,NO INDICATION OF INJURY,0,0,0,0,0,4,0,9,5,3,41.97582602,-87.65041978,POINT (-87.650419778017 41.975826016449)
51ff8eb2fc13e334fad9ab8fc4bcaaa03807b44189ba68a4c2addba61edbb495947d17fff2f63ca225080279aad60d97bdccab10d3273ab39fea2c8278284c79,JF187625,,3/26/2022 19:35,40,OTHER,OTHER,CLEAR,DARKNESS,SIDESWIPE SAME DIRECTION,DIVIDED - W/MEDIAN BARRIER,,STRAIGHT AND LEVEL,DRY,UNKNOWN,NOT ON SCENE (DESK REPORT),NO INJURY / DRIVE AWAY,,,,"OVER $1,500",3/26/2022 20:30,DRIVING SKILLS/KNOWLEDGE/EXPERIENCE,UNABLE TO DETERMINE,799,N,LAKE SHORE DR NB,1833,,,,,,,2,NO INDICATION OF INJURY,0,0,0,0,0,2,0,19,7,3,41.89682661,-87.61650404,POINT (-87.616504038799 41.896826606292)
4242ac2cd5bf9e419bff7715ce5d48131646216f22d7d6a7a7a59c4f3846234b27a9a3432efe9a76558b45cd2dde548cc49bc78d767228e4e8dcab2707a3ab7b,JF181381,,3/21/2022 11:00,35,NO CONTROLS,NO CONTROLS,CLEAR,DAYLIGHT,REAR END,UNKNOWN,,STRAIGHT AND LEVEL,DRY,NO DEFECTS,NOT ON SCENE (DESK REPORT),NO INJURY / DRIVE AWAY,,,,"OVER $1,500",3/21/2022 12:10,NOT APPLICABLE,NOT APPLICABLE,3430,S,KEDZIE AVE,911,,,,,,,2,NO INDICATION OF INJURY,0,0,0,0,0,2,0,11,2,3,41.83070883,-87.70478661,POINT (-87.704786610529 41.830708824965)
47b7a660269e5a32eb7e6a0ef3def627b08a8955c51708534d25127b1ef68c24df751826364d1bbaf3e4b231912eb6fb0d5fa8c343ad0e90d7bfc8f75a0b23ad,JF182349,,3/22/2022 7:30,30,TRAFFIC SIGNAL,FUNCTIONING PROPERLY,CLEAR,DAYLIGHT,SIDESWIPE SAME DIRECTION,DIVIDED - W/MEDIAN (NOT RAISED),,STRAIGHT AND LEVEL,UNKNOWN,UNKNOWN,NOT ON SCENE (DESK REPORT),NO INJURY / DRIVE AWAY,,,,"OVER $1,500",3/22/2022 8:30,UNABLE TO DETERMINE,UNABLE TO DETERMINE,6700,S,WESTERN AVE,832,,,,,,,2,NO INDICATION OF INJURY,0,0,0,0,0,2,0,7,3,3,41.77188403,-87.6835884,POINT (-87.683588402063 41.771884027712)
e96836daee257feea72a57966bdbffb3aa714934d861fac2993fc3f01b7b2fc8698dbe244dad857bada6aa0216c53823d66e5337d22439a06c4df8d8cd4534c8,,,3/27/2022 19:15,30,TRAFFIC SIGNAL,FUNCTIONING PROPERLY,CLEAR,"DARKNESS, LIGHTED ROAD",REAR END,NOT DIVIDED,,STRAIGHT AND LEVEL,DRY,UNKNOWN,NOT ON SCENE (DESK REPORT),INJURY AND / OR TOW DUE TO CRASH,,,,"OVER $1,500",3/27/2022 21:30,UNABLE TO DETERMINE,UNABLE TO DETERMINE,1800,W,79TH ST,611,,,,,,,2,INCAPACITATING INJURY,2,0,1,1,0,1,0,19,1,3,41.75040189,-87.66835276,POINT (-87.66835275933 41.750401890488)
825057b96b0dccba13aa0ef9c6372f9789526151b6423f929de7c702b079d5ae2d632701378d2439423db91c82dfd630fef3e55930aa4d02049170d36551e8ab,,,3/27/2022 14:15,25,STOP SIGN/FLASHER,FUNCTIONING PROPERLY,CLEAR,DAYLIGHT,SIDESWIPE SAME DIRECTION,DIVIDED - W/MEDIAN (NOT RAISED),,STRAIGHT AND LEVEL,DRY,NO DEFECTS,NOT ON SCENE (DESK REPORT),NO INJURY / DRIVE AWAY,,,,"OVER $1,500",3/27/2022 17:00,DISREGARDING STOP SIGN,IMPROPER OVERTAKING/PASSING,2250,N,LINCOLN PARK WEST,1814,,,,,,,2,NO INDICATION OF INJURY,0,0,0,0,0,2,0,14,1,3,41.92349852,-87.63665133,POINT (-87.636651331541 41.923498516776)
b2335eb03421f7ecc9b92d77b1f1371a07932ccf5064913982c0f0c867f200da14233d24c7b46b510b62f8921581d91c51c4622149b904d083dbcabcb0d0b443,JF188302,,3/17/2022 13:45,20,NO CONTROLS,NO CONTROLS,UNKNOWN,DAYLIGHT,SIDESWIPE SAME DIRECTION,ONE-WAY,,STRAIGHT AND LEVEL,UNKNOWN,UNKNOWN,NOT ON SCENE (DESK REPORT),NO INJURY / DRIVE AWAY,,,,"OVER $1,500",3/27/2022 15:10,UNABLE TO DETERMINE,UNABLE TO DETERMINE,3417,N,NATCHEZ AVE,1632,,,,,,,2,NO INDICATION OF INJURY,0,0,0,0,0,2,0,13,5,3,41.94250181,-87.78850102,POINT (-87.788501023622 41.942501805532)
cd4f3f626007d2ab3d7196ba82fc705cfba05979776fd63fcdee6b11e2e20d977646273c7de6d91aa5b0dbf3ae756aa28e51a082c57adbce6427dbc39debb713,,,3/27/2022 22:49,30,NO CONTROLS,NO CONTROLS,CLEAR,"DARKNESS, LIGHTED ROAD",PARKED MOTOR VEHICLE,DIVIDED - W/MEDIAN (NOT RAISED),,STRAIGHT AND LEVEL,DRY,NO DEFECTS,ON SCENE,INJURY AND / OR TOW DUE TO CRASH,,,Y,"OVER $1,500",3/27/2022 23:07,UNABLE TO DETERMINE,UNABLE TO DETERMINE,2802,S,ASHLAND AVE,912,,,,,,,2,"REPORTED, NOT EVIDENT",1,0,0,0,1,1,0,22,1,3,41.84079866,-87.66597013,POINT (-87.665970132822 41.840798655783)
71d1e248c1d1a783629cf41f50dcf990cd9c4743602aae5050486560ec67fbaa36d33c9b74bdbc460c79efd6e6acf45c457be75f89c23d601a5a81306076b86a,,,3/27/2022 4:11,30,NO CONTROLS,NO CONTROLS,CLEAR,"DARKNESS, LIGHTED ROAD",PARKED MOTOR VEHICLE,NOT DIVIDED,,STRAIGHT AND LEVEL,DRY,NO DEFECTS,ON SCENE,INJURY AND / OR TOW DUE TO CRASH,,,Y,"OVER $1,500",3/27/2022 4:29,UNABLE TO DETERMINE,NOT APPLICABLE,11405,S,DR MARTIN LUTHER KING JR DR,531,,,,,,,4,,,,,,,,,4,1,3,41.68709406,-87.61306111,POINT (-87.613061104738 41.687094064279)
2d790fb0d138b74ed225abaeded731bc4a69fee58d5d9a1069fa20ce2b51b7f898274a74a707e3c7352256f54e618a0dcdc0fe1d8e573cd2ac1b6b6ebad096e8,JF187337,,3/25/2022 16:30,30,TRAFFIC SIGNAL,FUNCTIONING PROPERLY,CLEAR,DAYLIGHT,SIDESWIPE SAME DIRECTION,DIVIDED - W/MEDIAN (NOT RAISED),,STRAIGHT AND LEVEL,DRY,NO DEFECTS,NOT ON SCENE (DESK REPORT),NO INJURY / DRIVE AWAY,Y,,,"OVER $1,500",3/26/2022 15:00,IMPROPER LANE USAGE,FAILING TO YIELD RIGHT-OF-WAY,508,N,ASHLAND AVE,1215,,,,,,,2,NO INDICATION OF INJURY,0,0,0,0,0,2,0,16,6,3,41.89126488,-87.66729621,POINT (-87.667296214246 41.891264877096)
0ea2a3e4d86a66330f970aff5ea2608d4151e779fe44c1e159809d96d49fed6f89d4bfded9f3960aca40e35d8f64d1482547bcbfa7cb7d762977448b3adba519,JF187229,,3/26/2022 12:15,30,TRAFFIC SIGNAL,FUNCTIONING PROPERLY,CLEAR,DAYLIGHT,TURNING,T-INTERSECTION,,STRAIGHT AND LEVEL,DRY,NO DEFECTS,ON SCENE,INJURY AND / OR TOW DUE TO CRASH,Y,,,"OVER $1,500",3/26/2022 12:32,IMPROPER TURNING/NO SIGNAL,UNABLE TO DETERMINE,5999,N,WESTERN AVE,2012,,,,,,,2,NO INDICATION OF INJURY,0,0,0,0,0,2,0,12,7,3,41.99040923,-87.68952248,POINT (-87.689522483886 41.990409230886)
9396e70e3814a40b828782c8e6e19aee086adfed4e8761e12367f7de18204717cca0cf41e3d40effe0a3de482a138c2fb89432f89abe940dca9b2dc07c1ff142,,,3/27/2022 15:48,30,STOP SIGN/FLASHER,OTHER,CLEAR,DAYLIGHT,SIDESWIPE SAME DIRECTION,NOT DIVIDED,,STRAIGHT AND LEVEL,DRY,NO DEFECTS,ON SCENE,NO INJURY / DRIVE AWAY,Y,,,$500 OR LESS,3/27/2022 15:59,IMPROPER TURNING/NO SIGNAL,UNABLE TO DETERMINE,6733,N,NORTHWEST HWY,1611,,,,,,,2,NO INDICATION OF INJURY,0,0,0,0,0,2,0,15,1,3,42.00352156,-87.81709983,POINT (-87.817099825085 42.003521558416)
64d465b4a5d591d824f3227a017ac25dc86d434cc47d8eecc9f568d7675c8c08e87a88530d7023f3c35a05e294218bab2cbb56b6b89ac2a827ac04a648d164cb,,,3/27/2022 13:15,30,NO CONTROLS,NO CONTROLS,CLEAR,DAYLIGHT,REAR END,NOT DIVIDED,,STRAIGHT AND LEVEL,DRY,NO DEFECTS,NOT ON SCENE (DESK REPORT),NO INJURY / DRIVE AWAY,,,,"OVER $1,500",3/27/2022 16:05,UNABLE TO DETERMINE,NOT APPLICABLE,7526,W,BELMONT AVE,1631,,,,,,,2,NO INDICATION OF INJURY,0,0,0,0,0,2,0,13,1,3,41.93806765,-87.81523591,POINT (-87.815235912358 41.938067646685)
ca8a0e924460915f94c4a5f0597070ed36b4dc0ddcc33420453290c9161a36c17a6ec9aeceec400a622d211b8618de58e8e5570ead23e5bec398e9b65f044b57,,,3/27/2022 16:55,30,NO CONTROLS,NO CONTROLS,CLEAR,DAYLIGHT,FIXED OBJECT,NOT DIVIDED,,STRAIGHT AND LEVEL,DRY,NO DEFECTS,ON SCENE,NO INJURY / DRIVE AWAY,,Y,,$500 OR LESS,3/27/2022 16:55,DRIVING SKILLS/KNOWLEDGE/EXPERIENCE,NOT APPLICABLE,5050,S,HALSTED ST,933,,,,,,,1,NO INDICATION OF INJURY,0,0,0,0,0,1,0,16,1,3,41.80187993,-87.64549808,POINT (-87.645498084161 41.801879931391)
acf37854d0eef5fd2d65be85b930252d9150d95c52c35f96aed181b6b05c6f37febeeed10ad34454e3b0ff32e7a515a72e1825ff25f00f2e2a2018898e10eb22,,,3/27/2022 4:44,30,RAILROAD CROSSING GATE,FUNCTIONING PROPERLY,CLEAR,"DARKNESS, LIGHTED ROAD",REAR TO FRONT,DIVIDED - W/MEDIAN (NOT RAISED),,STRAIGHT AND LEVEL,DRY,NO DEFECTS,ON SCENE,NO INJURY / DRIVE AWAY,,,Y,"OVER $1,500",3/27/2022 4:56,IMPROPER BACKING,NOT APPLICABLE,7100,W,63RD ST,812,,,,,,,2,NO INDICATION OF INJURY,0,0,0,0,0,3,0,4,1,3,41.77745132,-87.79849499,POINT (-87.798494989446 41.777451322241)
d79abf3ca16a284463ab13d794bfc02c6cc4900e54f76527ad66b195541b5113ae2c4fd467f727b1fa3f7abaf154f1bf28c9eb697947c69964814975bd7bb245,,,3/27/2022 23:25,30,TRAFFIC SIGNAL,FUNCTIONING PROPERLY,CLEAR,"DARKNESS, LIGHTED ROAD",REAR END,FOUR WAY,,STRAIGHT AND LEVEL,DRY,NO DEFECTS,ON SCENE,INJURY AND / OR TOW DUE TO CRASH,,,,"OVER $1,500",3/27/2022 23:25,EQUIPMENT - VEHICLE CONDITION,FAILING TO REDUCE SPEED TO AVOID CRASH,1598,W,GRAND AVE,1215,,,,,,,2,NO INDICATION OF INJURY,0,0,0,0,0,4,0,23,1,3,41.89108723,-87.66706144,POINT (-87.667061441493 41.891087230228)