CRASH_RECORD_ID,RD_NO,CRASH_DATE_EST_I,CRASH_DATE,POSTED_SPEED_LIMIT,TRAFFIC_CONTROL_DEVICE,DEVICE_CONDITION,WEATHER_CONDITION,LIGHTING_CONDITION,FIRST_CRASH_TYPE,TRAFFICWAY_TYPE,LANE_CNT,ALIGNMENT,ROADWAY_SURFACE_COND,ROAD_DEFECT,REPORT_TYPE,CRASH_TYPE,INTERSECTION_RELATED_I,NOT_RIGHT_OF_WAY_I,HIT_AND_RUN_I,DAMAGE,DATE_POLICE_NOTIFIED,PRIM_CONTRIBUTORY_CAUSE,SEC_CONTRIBUTORY_CAUSE,STREET_NO,STREET_DIRECTION,STREET_NAME,BEAT_OF_OCCURRENCE,PHOTOS_TAKEN_I,STATEMENTS_TAKEN_I,DOORING_I,WORK_ZONE_I,WORK_ZONE_TYPE,WORKERS_PRESENT_I,NUM_UNITS,MOST_SEVERE_INJURY,INJURIES_TOTAL,INJURIES_FATAL,INJURIES_INCAPACITATING,INJURIES_NON_INCAPACITATING,INJURIES_REPORTED_NOT_EVIDENT,INJURIES_NO_INDICATION,INJURIES_UNKNOWN,CRASH_HOUR,CRASH_DAY_OF_WEEK,CRASH_MONTH,LATITUDE,LONGITUDE,LOCATION
eefc9035cbc03e313102661746f846c52d8d70a09d22ef068762592ed39736fd4d8dd3f4ca10be59d838587c6e67e18ac483a42582b4c0400e31c1c4ae2f6732,,,3/27/2022 15:10,30,UNKNOWN,UNKNOWN,CLEAR,DAYLIGHT,SIDESWIPE SAME DIRECTION,NOT DIVIDED,,STRAIGHT AND LEVEL,DRY,OTHER,ON SCENE,INJURY AND / OR TOW DUE TO CRASH,Y,,,"$501 - $1,500",3/27/2022 15:50,IMPROPER LANE USAGE,DRIVING SKILLS/KNOWLEDGE/EXPERIENCE,43,E,59TH ST,232,,N,,,,,2,"REPORTED, NOT EVIDENT",1,0,0,0,1,3,0,15,1,3,41.78727979,-87.62397661,POINT (-87.623976608191 41.787279786924)
30349f2655869db3239663fe428d1e19f2b2642a64944aae4b44afe66cd0694915e0703c6b5884db53d36da3d51221a63eb4e5cec31cc5505fe75a7fb900b236,,,3/27/2022 23:33,5,NO CONTROLS,NO CONTROLS,CLEAR,"DARKNESS, LIGHTED ROAD",FIXED OBJECT,PARKING LOT,,STRAIGHT AND LEVEL,DRY,NO DEFECTS,ON SCENE,INJURY AND / OR TOW DUE TO CRASH,,Y,Y,"$501 - $1,500",3/28/2022 0:06,UNABLE TO DETERMINE,PHYSICAL CONDITION OF DRIVER,34,W,95TH ST,634,,,,,,,1,NO INDICATION OF INJURY,0,0,0,0,0,1,0,23,1,3,41.72180655,-87.62515629,POINT (-87.625156293701 41.721806553282)
d4be7f245d148d9f216c8de01e779184c91f5aea808b25e0acbf47b37f4c6d0f076630588d9fa37c864ba5a53bba4baa28947369666bad67138d654abeb4484c,,Y,3/27/2022 1:00,30,NO CONTROLS,NO CONTROLS,CLEAR,DAYLIGHT,PARKED MOTOR VEHICLE,ONE-WAY,,STRAIGHT AND LEVEL,DRY,UNKNOWN,ON SCENE,NO INJURY / DRIVE AWAY,,,Y,"$501 - $1,500",3/27/2022 7:09,UNABLE TO DETERMINE,UNABLE TO DETERMINE,5835,S,HOMAN AVE,822,,,,,,,2,NO INDICATION OF INJURY,0,0,0,0,0,1,0,1,1,3,41.78694076,-87.7081264,POINT (-87.708126397693 41.78694075909)
e631da7bb76d2638fa6e6a690a6b938358c5af351c097524ba1235f2b72d5ce6783f4c9b091831b7f7f92c437dbbf2918d9877715f66fb500b3987a268f2bed9,,,3/27/2022 8:30,30,STOP SIGN/FLASHER,UNKNOWN,CLEAR,DAYLIGHT,REAR END,NOT DIVIDED,,STRAIGHT AND LEVEL,DRY,UNKNOWN,NOT ON SCENE (DESK REPORT),NO INJURY / DRIVE AWAY,,,Y,"$501 - $1,500",3/27/2022 9:25,UNABLE TO DETERMINE,UNABLE TO DETERMINE,4600,W,WASHINGTON BLVD,1113,,,,,,,2,NO INDICATION OF INJURY,0,0,0,0,0,2,0,8,1,3,41.88198444,-87.74016301,POINT (-87.740163011434 41.881984434835)
4fef6dae1bbe72535523d538ff09149115c5b32301e4c02bd6302036516498c427e7c4bbde4954c6223d87f597172fe465b42d7fe8ef73d65068fe8a18924ea6,JF185937,,3/25/2022 9:50,40,DELINEATORS,FUNCTIONING PROPERLY,CLOUDY/OVERCAST,DAYLIGHT,FIXED OBJECT,DIVIDED - W/MEDIAN BARRIER,,CURVE ON HILLCREST,WET,NO DEFECTS,ON SCENE,INJURY AND / OR TOW DUE TO CRASH,,,,"OVER $1,500",3/25/2022 9:51,WEATHER,DRIVING SKILLS/KNOWLEDGE/EXPERIENCE,150,N,LAKE SHORE DR SB,114,,,,,,,1,NO INDICATION OF INJURY,0,0,0,0,0,1,0,9,6,3,41.88434876,-87.61454978,POINT (-87.614549778133 41.884348763505)
9b4acaa6da926ec4374f8d5644f5cd8ed09bee02ff758b4b412035ea48be45e4f504e2881c6f17232c5fb1e391c7cede068a36fa07f60a5ba2d06fe3657de429,JF187209,,3/26/2022 11:58,30,NO CONTROLS,NO CONTROLS,CLOUDY/OVERCAST,DAYLIGHT,SIDESWIPE SAME DIRECTION,RAMP,,STRAIGHT ON HILLCREST,UNKNOWN,UNKNOWN,ON SCENE,NO INJURY / DRIVE AWAY,,,,"$501 - $1,500",3/26/2022 12:04,DISTRACTION - FROM INSIDE VEHICLE,IMPROPER LANE USAGE,3151,N,LAKE SHORE DR NB,1934,,,,,,,2,NO INDICATION OF INJURY,0,0,0,0,0,4,0,11,7,3,41.93990147,-87.63755281,POINT (-87.637552809263 41.93990146986)
5c5e175e102e2461bd9a3f5e1de35cbff5117624f1f111627c77f66fd01a8ebdde89f84f6af131410c772b82901c3b625ae452b8f82678fdde875211d1abc584,,,3/27/2022 3:59,35,TRAFFIC SIGNAL,FUNCTIONING PROPERLY,CLEAR,"DARKNESS, LIGHTED ROAD",FIXED OBJECT,FOUR WAY,,STRAIGHT AND LEVEL,DRY,NO DEFECTS,ON SCENE,INJURY AND / OR TOW DUE TO CRASH,Y,,Y,"OVER $1,500",3/27/2022 4:39,UNABLE TO DETERMINE,NOT APPLICABLE,6661,S,CORNELL DR,331,,,,,,,1,NO INDICATION OF INJURY,0,0,0,0,0,1,0,3,1,3,,,
16a874091b4b874036f44931d72867f3a621ef3b546f5c13f1dca6629b89c029c28d59218c01670eee09c130be54cd6f29deb94ecd608cab459dd4d270a21101,JF184580,,3/24/2022 6:15,40,NO CONTROLS,NO CONTROLS,RAIN,DARKNESS,FIXED OBJECT,DIVIDED - W/MEDIAN BARRIER,,STRAIGHT AND LEVEL,WET,"RUT, HOLES",ON SCENE,INJURY AND / OR TOW DUE TO CRASH,,,,"$501 - $1,500",3/24/2022 6:30,NOT APPLICABLE,NOT APPLICABLE,4850,N,LAKE SHORE DR SB,2024,,,,,,,1,NO INDICATION OF INJURY,0,0,0,0,0,1,0,6,5,3,41.97106937,-87.64873438,POINT (-87.648734376717 41.971069373514)
8a197bbddbd3e77f15a75c594e7c0098a319de444dbe625725def179ab8c70fd8d8b445065e93f6e12fb470334e3088c63f1b8bcd5ceedd35fe58d702bf1081c,,,3/27/2022 1:11,35,TRAFFIC SIGNAL,FUNCTIONING PROPERLY,CLEAR,"DARKNESS, LIGHTED ROAD",ANGLE,FOUR WAY,,STRAIGHT AND LEVEL,DRY,NO DEFECTS,ON SCENE,INJURY AND / OR TOW DUE TO CRASH,Y,,,"OVER $1,500",3/27/2022 1:11,DISREGARDING TRAFFIC SIGNALS,UNABLE TO DETERMINE,4000,W,OGDEN AVE,1013,,,,,,,2,NONINCAPACITATING INJURY,2,0,0,2,0,1,0,1,1,3,41.85115822,-87.72489554,POINT (-87.72489554232 41.851158217386)
aed6177e9025c8b3b1712da2f9f5f1834c785cbfd5757fe0d00bd886a412c826d2e3b29e0b6902179d2e7866dd69f5de6e5e8e5cfdd9411a5f1c74b4a75a13f2,,,3/27/2022 18:23,35,NO CONTROLS,NO CONTROLS,CLEAR,DAYLIGHT,REAR TO FRONT,OTHER,,STRAIGHT AND LEVEL,DRY,NO DEFECTS,,NO INJURY / DRIVE AWAY,,,,"OVER $1,500",3/27/2022 19:05,DRIVING SKILLS/KNOWLEDGE/EXPERIENCE,NOT APPLICABLE,5700,S,CICERO AVE,813,,,,,,,2,NO INDICATION OF INJURY,0,0,0,0,0,2,0,18,1,3,41.78932932,-87.74164564,POINT (-87.741645644196 41.789329323265)
f64a28e55d847166c8829b4817c9b858a101ca37930312d8025b5ccba84e90c4f8da29eabebe355b92f63ab089243ad7ce681f2bd4ae56fb806ae1f1e4e51328,,,3/27/2022 22:59,30,NO CONTROLS,NO CONTROLS,CLEAR,"DARKNESS, LIGHTED ROAD",SIDESWIPE SAME DIRECTION,DIVIDED - W/MEDIAN (NOT RAISED),,STRAIGHT AND LEVEL,DRY,NO DEFECTS,ON SCENE,NO INJURY / DRIVE AWAY,,,Y,$500 OR LESS,3/27/2022 23:00,IMPROPER OVERTAKING/PASSING,DRIVING SKILLS/KNOWLEDGE/EXPERIENCE,11942,S,HALSTED ST,524,,,,,,,2,NO INDICATION OF INJURY,0,0,0,0,0,3,0,22,1,3,41.67653359,-87.6420121,POINT (-87.642012104306 41.676533587897)
ff7cc847ac9be7d8268c94ebe3052fcf9c6d6f62b91699e046774700cce75327f97dbd92598d0060772ccda39716c217abbd33e9fdc6492a228dcf34f8e1f0c2,JF185637,,3/24/2022 23:40,30,NO CONTROLS,NO CONTROLS,RAIN,"DARKNESS, LIGHTED ROAD",REAR END,NOT DIVIDED,,STRAIGHT AND LEVEL,WET,NO DEFECTS,ON SCENE,INJURY AND / OR TOW DUE TO CRASH,,,,"OVER $1,500",3/24/2022 23:42,WEATHER,NOT APPLICABLE,264,N,WESTERN AVE,1222,,,,,,,2,NO INDICATION OF INJURY,0,0,0,0,0,3,0,23,5,3,41.88658151,-87.68672463,POINT (-87.686724627231 41.886581508397)
38b1277a218cc693c09acdbd6e0104e16768a9b26c6e74f06d7cbd3871e4af57014cc555d6addb4146a69cdfa337a34e32a93943d8bda4ee55e136fbdc0daf49,,,3/27/2022 19:30,30,TRAFFIC SIGNAL,FUNCTIONING PROPERLY,CLEAR,"DARKNESS, LIGHTED ROAD",TURNING,FOUR WAY,,STRAIGHT AND LEVEL,DRY,UNKNOWN,ON SCENE,INJURY AND / OR TOW DUE TO CRASH,Y,,,"OVER $1,500",3/27/2022 19:46,UNABLE TO DETERMINE,UNABLE TO DETERMINE,799,W,VAN BUREN ST,1232,,Y,,,,,2,NO INDICATION OF INJURY,0,0,0,0,0,3,0,19,1,3,41.87656257,-87.64716045,POINT (-87.647160444756 41.876562568623)
7b7b6cbb7ac4ecd5c204b40151d94b6066ffe8ecd0872e1fc866acd414848223b7431588c572d85998262f4f7ba0e7e9bba2fd09cafd936941ca04a4bd1763b3,,,3/27/2022 8:30,30,NO CONTROLS,NO CONTROLS,CLEAR,DAYLIGHT,PARKED MOTOR VEHICLE,ONE-WAY,,STRAIGHT AND LEVEL,DRY,NO DEFECTS,NOT ON SCENE (DESK REPORT),NO INJURY / DRIVE AWAY,,,,"$501 - $1,500",3/27/2022 9:00,UNABLE TO DETERMINE,UNABLE TO DETERMINE,2531,S,KEELER AVE,1013,,,,,,,2,NO INDICATION OF INJURY,0,0,0,0,0,3,0,8,1,3,41.84514932,-87.72929601,POINT (-87.729296012667 41.845149323364)
9456c5c1a91de48dc453da4d46eb048f4aeb9b1a05b0b337a2cbb199cf0d1461f5228da98654ec3899755ec95b2ec24a744c5d37e03c35be5a13558b94b7cc63,,,3/27/2022 23:32,30,NO CONTROLS,NO CONTROLS,CLEAR,"DARKNESS, LIGHTED ROAD",REAR TO FRONT,DIVIDED - W/MEDIAN BARRIER,,STRAIGHT AND LEVEL,DRY,NO DEFECTS,NOT ON SCENE (DESK REPORT),NO INJURY / DRIVE AWAY,,,,"OVER $1,500",3/28/2022 0:05,IMPROPER BACKING,UNABLE TO DETERMINE,1600,E,71ST ST,332,,,,,,,2,NO INDICATION OF INJURY,0,0,0,0,0,2,0,23,1,3,41.76626058,-87.58586698,POINT (-87.585866977572 41.766260582149)
5132cc5704c61dae4120a50b1f0ed5cffb8250d71accab5c17743e3bc69ea3d0f5f6bafa56925c5b4cb226deeb7c246a8c95a3c9411077ba2395c84487ff9016,JF188022,,3/26/2022 9:15,30,NO CONTROLS,NO CONTROLS,CLEAR,DAYLIGHT,PARKED MOTOR VEHICLE,ONE-WAY,,STRAIGHT AND LEVEL,DRY,NO DEFECTS,NOT ON SCENE (DESK REPORT),NO INJURY / DRIVE AWAY,,,Y,"OVER $1,500",3/27/2022 9:45,IMPROPER LANE USAGE,FAILING TO REDUCE SPEED TO AVOID CRASH,2700,N,ORCHARD ST,1935,,,,,,,2,NO INDICATION OF INJURY,0,0,0,0,0,1,0,9,7,3,41.93165319,-87.6466936,POINT (-87.646693601007 41.931653188519)
55980602bb4dbb52aad70f5dee8d5bb174d3d3ce67a2ab990716d5adef0f8b29284a614ab9bc262680ef0b123fec83d808c2930f04e95f0ad69a2aab8b489577,JF186843,,3/26/2022 1:43,30,TRAFFIC SIGNAL,FUNCTIONING PROPERLY,OTHER,"DARKNESS, LIGHTED ROAD",REAR END,FOUR WAY,,STRAIGHT AND LEVEL,WET,NO DEFECTS,ON SCENE,NO INJURY / DRIVE AWAY,,,Y,"OVER $1,500",3/26/2022 1:50,FAILING TO REDUCE SPEED TO AVOID CRASH,HAD BEEN DRINKING (USE WHEN ARREST IS NOT MADE),2198,S,ASHLAND AVE,1234,,,,,,,2,NO INDICATION OF INJURY,0,0,0,0,0,3,0,1,7,3,41.85237549,-87.6661714,POINT (-87.666171395751 41.852375493174)
535558748c16980dda4bfe9cb2da0b62484a17c78b95da13e9acca450bc9d2e7807147ad035015943c6397bbfdb7ea80375845a3e3b09cba5c9a2a826dde57a6,,,3/27/2022 15:50,30,TRAFFIC SIGNAL,UNKNOWN,UNKNOWN,UNKNOWN,REAR END,NOT DIVIDED,,STRAIGHT AND LEVEL,UNKNOWN,UNKNOWN,NOT ON SCENE (DESK REPORT),NO INJURY / DRIVE AWAY,,,,"OVER $1,500",3/27/2022 16:45,FAILING TO REDUCE SPEED TO AVOID CRASH,UNABLE TO DETERMINE,1601,W,CERMAK RD,1034,,,,,,,2,NO INDICATION OF INJURY,0,0,0,0,0,2,0,15,1,3,41.85221861,-87.66614358,POINT (-87.666143575324 41.852218610561)
6cb09fa67aad0be6035ce6ab2cdab6daedbe7a4f6188c0c717198c8c4d8e7d735032c00c4eefaa7ba17d569635bbdfb8fdb8fde4c9c662dde3076c495d9a0978,,,3/27/2022 18:04,30,STOP SIGN/FLASHER,FUNCTIONING PROPERLY,CLEAR,DAYLIGHT,ANGLE,DIVIDED - W/MEDIAN (NOT RAISED),,STRAIGHT AND LEVEL,DRY,NO DEFECTS,ON SCENE,NO INJURY / DRIVE AWAY,,,,"$501 - $1,500",3/27/2022 18:06,FAILING TO YIELD RIGHT-OF-WAY,NOT APPLICABLE,9200,S,ASHLAND AVE,2221,,,,,,,2,NO INDICATION OF INJURY,0,0,0,0,0,2,0,18,1,3,41.72657419,-87.66295077,POINT (-87.662950767468 41.72657418588)
59e00998093a1b876e3455e683ffdf3d444421c58b51dd63a972129fe28d03c6374ade7723d0513e46889ed490ce522318979136ba581eaac23f496e80c970eb,,,3/27/2022 2:00,15,NO CONTROLS,NO CONTROLS,CLEAR,"DARKNESS, LIGHTED ROAD",FIXED OBJECT,NOT DIVIDED,,STRAIGHT AND LEVEL,DRY,NO DEFECTS,ON SCENE,INJURY AND / OR TOW DUE TO CRASH,,,,"OVER $1,500",3/27/2022 2:01,UNDER THE INFLUENCE OF ALCOHOL/DRUGS (USE WHEN ARREST IS EFFECTED),UNDER THE INFLUENCE OF ALCOHOL/DRUGS (USE WHEN ARREST IS EFFECTED),8300,S,BIRKHOFF AVE,622,,,,,,,1,NO INDICATION OF INJURY,0,0,0,0,0,1,0,2,1,3,41.74327829,-87.64077409,POINT (-87.640774084542 41.743278292258)
b320cec4420e1703218696d0bba022a85faaf76598082738634deef98dc7659dd5680cb71c40f3eeaa85ef38e924c7bd08de0f88fb925a4f1ac7999a39f4a3e6,,,3/27/2022 16:10,30,NO CONTROLS,UNKNOWN,CLEAR,DAYLIGHT,PARKED MOTOR VEHICLE,ONE-WAY,,STRAIGHT AND LEVEL,DRY,UNKNOWN,NOT ON SCENE (DESK REPORT),NO INJURY / DRIVE AWAY,,,Y,"OVER $1,500",3/27/2022 16:36,UNABLE TO DETERMINE,NOT APPLICABLE,509,E,74TH ST,323,,,,,,,2,NO INDICATION OF INJURY,0,0,0,0,0,1,0,16,1,3,41.76017564,-87.61231681,POINT (-87.612316811436 41.760175640801)
22848ad57cc27b140468e51b9f4ba68566050c7ab5da005ea6779b1b7c206e2a31eec3f53c9ac393342240c77bf8b1dc4b0ec64a8b8c5673f035c5935af655bf,,Y,3/27/2022 3:00,35,NO CONTROLS,NO CONTROLS,CLEAR,UNKNOWN,PARKED MOTOR VEHICLE,NOT DIVIDED,,STRAIGHT AND LEVEL,UNKNOWN,UNKNOWN,NOT ON SCENE (DESK REPORT),NO INJURY / DRIVE AWAY,,,Y,"OVER $1,500",3/27/2022 8:35,NOT APPLICABLE,NOT APPLICABLE,4216,W,31ST ST,1031,,,,,,,2,NO INDICATION OF INJURY,0,0,0,0,0,1,0,3,1,3,41.8369276,-87.73000356,POINT (-87.730003558569 41.836927599718)
69af828c728af1a888cbd49a6005873ac64c9fa45a9bb204d137d67c90cbfd83d3d130d0c5b352c380fc038e70e1e86d917fda4f096daa1ecbe07fe064169a0f,,Y,3/27/2022 15:45,30,NO CONTROLS,NO CONTROLS,CLEAR,DAYLIGHT,SIDESWIPE SAME DIRECTION,NOT DIVIDED,,STRAIGHT AND LEVEL,DRY,NO DEFECTS,NOT ON SCENE (DESK REPORT),NO INJURY / DRIVE AWAY,,,,"OVER $1,500",3/27/2022 18:35,FAILING TO YIELD RIGHT-OF-WAY,FAILING TO YIELD RIGHT-OF-WAY,2054,W,AUGUSTA BLVD,1212,,,,,,,2,NO INDICATION OF INJURY,0,0,0,0,0,2,0,15,1,3,41.89962448,-87.67932932,POINT (-87.679329323384 41.899624475949)
412573c891a3256f59a271b90a2fcd6c34c935c85c6f735e7855e83f11402e5d36745fc637224a8bd0f25a0b64124720dd2fb40ba88c96ca323d4f3760f14983,,,3/27/2022 9:30,20,NO CONTROLS,NO CONTROLS,CLEAR,DAYLIGHT,PARKED MOTOR VEHICLE,ALLEY,,STRAIGHT AND LEVEL,DRY,OTHER,ON SCENE,NO INJURY / DRIVE AWAY,,,Y,"OVER $1,500",3/27/2022 10:00,UNABLE TO DETERMINE,NOT APPLICABLE,1449,N,WICKER PARK AVE,1424,,,,,,,2,NO INDICATION OF INJURY,0,0,0,0,0,1,0,9,1,3,41.90820609,-87.67601167,POINT (-87.676011671324 41.908206086686)
10adef46b8aee8ac406007aea6ab95427968469dabb4cf49b2a6af627150996437411a5c580705c40a96a7139950ce70e351760930a84777818f4c94c865f74c,JF186355,Y,3/24/2022 14:10,30,TRAFFIC SIGNAL,UNKNOWN,UNKNOWN,DAYLIGHT,SIDESWIPE SAME DIRECTION,NOT DIVIDED,,STRAIGHT AND LEVEL,UNKNOWN,UNKNOWN,NOT ON SCENE (DESK REPORT),NO INJURY / DRIVE AWAY,,,,"$501 - $1,500",3/25/2022 15:00,IMPROPER OVERTAKING/PASSING,NOT APPLICABLE,2336,W,59TH ST,824,,,,,,,2,NO INDICATION OF INJURY,0,0,0,0,0,2,0,14,5,3,41.78663302,-87.68250956,POINT (-87.682509557726 41.786633020277)
9f5e89c234936434d4f3ad224f75205720c0949a88879450489b4782f51de085c6899df76ea452c6b12c89050048aea856ba3702fced0d6d58da49b1c20fd94a,,,3/27/2022 4:45,30,NO CONTROLS,NO CONTROLS,CLEAR,"DARKNESS, LIGHTED ROAD",PARKED MOTOR VEHICLE,NOT DIVIDED,,STRAIGHT AND LEVEL,DRY,NO DEFECTS,ON SCENE,INJURY AND / OR TOW DUE TO CRASH,,,Y,"OVER $1,500",3/27/2022 5:00,UNABLE TO DETERMINE,NOT APPLICABLE,8126,S,COTTAGE GROVE AVE,631,,,,,,,2,NO INDICATION OF INJURY,0,0,0,0,0,1,0,4,1,3,41.7467957,-87.60525812,POINT (-87.605258120142 41.746795703531)
83a4f1e31bfb7372ef48619b8fb413f45f241177d579042b0b8de14db7d1047d87ddaed62eff6c5d8566d3b6409146e0c7788bf6276e36267978842494c41170,JF188170,,3/26/2022 15:50,30,NO CONTROLS,NO CONTROLS,CLEAR,DAYLIGHT,PARKED MOTOR VEHICLE,NOT DIVIDED,,STRAIGHT AND LEVEL,DRY,NO DEFECTS,NOT ON SCENE (DESK REPORT),NO INJURY / DRIVE AWAY,,,,"OVER $1,500",3/27/2022 12:30,IMPROPER OVERTAKING/PASSING,IMPROPER TURNING/NO SIGNAL,5200,S,HAMLIN AVE,822,,,,,,,2,NO INDICATION OF INJURY,0,0,0,0,0,1,0,15,7,3,41.79868872,-87.71855816,POINT (-87.718558160842 41.798688722966)
dffe7bcbc08f920091d88cc38e166faad5f7358ed39ec08103e4cbb32e165709f12b92b0d281a11fcec9806b4e4bc187bd1e37675337fa0ef2a2e36fba208dad,JF187456,,3/26/2022 16:17,40,NO CONTROLS,NO CONTROLS,CLEAR,DAYLIGHT,REAR END,ONE-WAY,,STRAIGHT AND LEVEL,DRY,UNKNOWN,NOT ON SCENE (DESK REPORT),INJURY AND / OR TOW DUE TO CRASH,,,,"OVER $1,500",3/26/2022 16:22,FOLLOWING TOO CLOSELY,NOT APPLICABLE,499,E,ERIE ST,1834,,,,,,,2,"REPORTED, NOT EVIDENT",1,0,0,0,1,5,0,16,7,3,41.89417234,-87.61548362,POINT (-87.615483621103 41.89417233502)
c294abefe2b1fe7000745eae055d7e32db0b834c3ba8a1c63be60a8d0ae6ce8a6a83f094b4ab4022de48ca81c74d8241c0827d5feb53c42487b6e2120eb9bdb4,,,3/27/2022 21:06,30,TRAFFIC SIGNAL,FUNCTIONING PROPERLY,CLEAR,"DARKNESS, LIGHTED ROAD",TURNING,NOT DIVIDED,,STRAIGHT AND LEVEL,DRY,NO DEFECTS,NOT ON SCENE (DESK REPORT),NO INJURY / DRIVE AWAY,,,,"OVER $1,500",3/27/2022 21:46,UNABLE TO DETERMINE,NOT APPLICABLE,5901,S,PULASKI RD,822,,,,,,,2,NO INDICATION OF INJURY,0,0,0,0,0,2,0,21,1,3,41.7858939,-87.72281335,POINT (-87.722813350541 41.785893895635)
ab6e9f6c7eee22cb98cd0ff783709e61ba1bc4d9e4ada8590f220a3bbe8291c4e392eb8c35d05eee2ee3bccce70325c6e490aba045b3100a13aa564a628941a8,,,3/27/2022 11:30,30,NO CONTROLS,NO CONTROLS,CLEAR,DAYLIGHT,TURNING,NOT DIVIDED,,STRAIGHT AND LEVEL,DRY,NO DEFECTS,NOT ON SCENE (DESK REPORT),NO INJURY / DRIVE AWAY,,,,"OVER $1,500",3/27/2022 11:50,IMPROPER LANE USAGE,DRIVING SKILLS/KNOWLEDGE/EXPERIENCE,2831,W,63RD ST,823,,,,,,,2,NO INDICATION OF INJURY,0,0,0,0,0,2,0,11,1,3,41.77898995,-87.69454693,POINT (-87.694546932138 41.77898994919)
5007deb6827cad356ad2d20a69bb5d4c848eeaba7fc711779994bc3c17ec6b10d8bf9ff1ba1747bde36e3929db59ebef139e112dd71c3722eb1b7a1e5a901117,,,3/27/2022 22:35,30,NO CONTROLS,NO CONTROLS,CLEAR,"DARKNESS, LIGHTED ROAD",PEDESTRIAN,NOT DIVIDED,,STRAIGHT AND LEVEL,DRY,NO DEFECTS,ON SCENE,INJURY AND / OR TOW DUE TO CRASH,,,,"OVER $1,500",3/27/2022 22:38,UNABLE TO DETERMINE,UNABLE TO DETERMINE,3350,S,KEDZIE AVE,1032,,Y,,,,,2,FATAL,1,1,0,0,0,1,0,22,1,3,41.8319601,-87.7048204,POINT (-87.704820401057 41.831960102381)
4822a68674f67288e3c3d75edec3aaaf284a2572e18b7dfd630807ccb8ebf025af7d5c9097be8de4a69fa2ad26345e284255ea7b35e76ee9552fa74058b23fd4,,,3/27/2022 18:40,30,TRAFFIC SIGNAL,FUNCTIONING PROPERLY,CLEAR,DUSK,REAR END,DIVIDED - W/MEDIAN (NOT RAISED),,STRAIGHT AND LEVEL,DRY,UNKNOWN,ON SCENE,INJURY AND / OR TOW DUE TO CRASH,,,,"OVER $1,500",3/27/2022 18:46,UNABLE TO DETERMINE,NOT APPLICABLE,3646,W,DIVISION ST,2535,,,,,,,3,NONINCAPACITATING INJURY,2,0,0,1,1,3,0,18,1,3,41.90285417,-87.71784398,POINT (-87.71784397494 41.902854167834)
7662f042771dde8eaebd8e2320186647951009f18c1b8e32746e026f11f1268c53e4d8523d4d1a9e59b0f64c6509baa1d5c0f185b86077ec416379adb38e170e,JF186710,,3/25/2022 20:56,40,NO CONTROLS,NO CONTROLS,CLEAR,"DARKNESS, LIGHTED ROAD",PARKED MOTOR VEHICLE,CENTER TURN LANE,,STRAIGHT AND LEVEL,DRY,NO DEFECTS,ON SCENE,NO INJURY / DRIVE AWAY,,,,"OVER $1,500",3/25/2022 21:00,FAILING TO REDUCE SPEED TO AVOID CRASH,UNDER THE INFLUENCE OF ALCOHOL/DRUGS (USE WHEN ARREST IS EFFECTED),2359,W,JACKSON BLVD,1225,,,,,,,2,NO INDICATION OF INJURY,0,0,0,0,0,1,0,20,6,3,41.87744381,-87.68607337,POINT (-87.686073370859 41.877443811976)
6947ac5c24cefa7096c8ec7cdbfdf58da0e9a52e9fc36a66183f4e7cbf59268b72e4affc23aba01cb0c3cc538f9d93877981755a4414393b88a2b973c90a3c65,,,3/27/2022 17:03,30,NO CONTROLS,NO CONTROLS,CLEAR,DAYLIGHT,PARKED MOTOR VEHICLE,NOT DIVIDED,,STRAIGHT AND LEVEL,UNKNOWN,UNKNOWN,NOT ON SCENE (DESK REPORT),NO INJURY / DRIVE AWAY,,,Y,$500 OR LESS,3/27/2022 18:25,UNABLE TO DETERMINE,NOT APPLICABLE,3000,E,99TH ST,431,,,,,,,2,NO INDICATION OF INJURY,0,0,0,0,0,1,0,17,1,3,41.71557055,-87.55091169,POINT (-87.550911689505 41.715570554089)
de839d9ec0679a49664e1f552c7286a2be9ac06035e799d35b28a1545409a826761b01ff1a4b833e57705035df53f7aa3dae21a1258aa4608beec59978bbcbb0,,,3/27/2022 8:45,30,TRAFFIC SIGNAL,FUNCTIONING PROPERLY,CLEAR,DAYLIGHT,SIDESWIPE SAME DIRECTION,FOUR WAY,,STRAIGHT AND LEVEL,DRY,NO DEFECTS,NOT ON SCENE (DESK REPORT),NO INJURY / DRIVE AWAY,Y,,,"OVER $1,500",3/27/2022 9:00,UNABLE TO DETERMINE,UNABLE TO DETERMINE,4800,N,PULASKI RD,1712,,,,,,,2,NO INDICATION OF INJURY,0,0,0,0,0,2,0,8,1,3,41.9682626,-87.72817532,POINT (-87.72817531576 41.968262595101)
bc9588e5aa7871cd925acd516e08ee1a9139df96385be22bfd05a3f071c006aa689434091a4a0a7ea076d936fbaefd00538d3062c8deca91723954b23406d0d3,,,3/27/2022 19:25,15,NO CONTROLS,NO CONTROLS,CLEAR,"DARKNESS, LIGHTED ROAD",PARKED MOTOR VEHICLE,NOT DIVIDED,,STRAIGHT AND LEVEL,DRY,NO DEFECTS,NOT ON SCENE (DESK REPORT),NO INJURY / DRIVE AWAY,,,Y,"OVER $1,500",3/27/2022 19:36,UNABLE TO DETERMINE,UNABLE TO DETERMINE,6200,S,LAWNDALE AVE,823,,,,,,,2,NO INDICATION OF INJURY,0,0,0,0,0,1,0,19,1,3,41.78054568,-87.71559665,POINT (-87.715596653797 41.780545684201)