CRASH_RECORD_ID,RD_NO,CRASH_DATE_EST_I,CRASH_DATE,POSTED_SPEED_LIMIT,TRAFFIC_CONTROL_DEVICE,DEVICE_CONDITION,WEATHER_CONDITION,LIGHTING_CONDITION,FIRST_CRASH_TYPE,TRAFFICWAY_TYPE,LANE_CNT,ALIGNMENT,ROADWAY_SURFACE_COND,ROAD_DEFECT,REPORT_TYPE,CRASH_TYPE,INTERSECTION_RELATED_I,NOT_RIGHT_OF_WAY_I,HIT_AND_RUN_I,DAMAGE,DATE_POLICE_NOTIFIED,PRIM_CONTRIBUTORY_CAUSE,SEC_CONTRIBUTORY_CAUSE,STREET_NO,STREET_DIRECTION,STREET_NAME,BEAT_OF_OCCURRENCE,PHOTOS_TAKEN_I,STATEMENTS_TAKEN_I,DOORING_I,WORK_ZONE_I,WORK_ZONE_TYPE,WORKERS_PRESENT_I,NUM_UNITS,MOST_SEVERE_INJURY,INJURIES_TOTAL,INJURIES_FATAL,INJURIES_INCAPACITATING,INJURIES_NON_INCAPACITATING,INJURIES_REPORTED_NOT_EVIDENT,INJURIES_NO_INDICATION,INJURIES_UNKNOWN,CRASH_HOUR,CRASH_DAY_OF_WEEK,CRASH_MONTH,LATITUDE,LONGITUDE,LOCATION
822242aef81bc89997bd46e0b114e4e43135d9f2ae87393d77728c12f47a2e8d93530f246fd633a44b652447ac4541e42c9624125299cc6b10ccfb1d86a15341,,,3/27/2022 4:50,30,NO CONTROLS,NO CONTROLS,CLEAR,"DARKNESS, LIGHTED ROAD",OTHER OBJECT,NOT DIVIDED,,STRAIGHT AND LEVEL,DRY,NO DEFECTS,ON SCENE,INJURY AND / OR TOW DUE TO CRASH,,,Y,"OVER $1,500",3/27/2022 5:05,UNABLE TO DETERMINE,UNABLE TO DETERMINE,5525,S,PULASKI RD,822,,,,,,,1,NO INDICATION OF INJURY,0,0,0,0,0,1,0,4,1,3,41.79233004,-87.72298623,POINT (-87.722986230219 41.792330039883)
eedfa570b37ea0457456f73f419e2d8a72d91d09202868ade82d80650e2684b635cdc99502825ca43be82fe8df65eeab1a914e6fafd571180f6ce859ceeff6d6,,,3/27/2022 2:45,40,NO CONTROLS,NO CONTROLS,CLEAR,"DARKNESS, LIGHTED ROAD",FIXED OBJECT,DIVIDED - W/MEDIAN BARRIER,,STRAIGHT AND LEVEL,DRY,NO DEFECTS,ON SCENE,INJURY AND / OR TOW DUE TO CRASH,,,,"OVER $1,500",3/27/2022 2:49,UNABLE TO DETERMINE,NOT APPLICABLE,3955,N,LAKE SHORE DR NB,1925,,,,,,,1,NO INDICATION OF INJURY,0,0,0,0,0,1,0,2,1,3,41.95445628,-87.64440203,POINT (-87.644402032398 41.954456277456)
2f04794cf5df430a2217cd427ec8c9c8f880e15ad9abb202e2c13af284e54472713b5a3f12f8c1092214f195e0be3cff425b73a3e1e8e0b6be85d2ba06c2b5ee,JF188438,,3/21/2022 23:00,30,NO CONTROLS,NO CONTROLS,CLEAR,"DARKNESS, LIGHTED ROAD",REAR TO FRONT,ONE-WAY,,STRAIGHT AND LEVEL,DRY,NO DEFECTS,NOT ON SCENE (DESK REPORT),NO INJURY / DRIVE AWAY,,,,$500 OR LESS,3/27/2022 17:25,IMPROPER BACKING,UNABLE TO DETERMINE,4037,W,32ND ST,1031,,,,,,,2,NO INDICATION OF INJURY,0,0,0,0,0,2,0,23,2,3,41.83493565,-87.72575782,POINT (-87.725757823875 41.834935646063)
60d125f2c56aa8cb83df4acdcd6b4d44f865e0ca67e194b4f615890243c122ee3b1f8965495289c9e4692b3538394588dadfbaa884864087b229d7cbe7caf750,JF188331,,3/26/2022 16:00,30,NO CONTROLS,NO CONTROLS,CLEAR,DAYLIGHT,PARKED MOTOR VEHICLE,ONE-WAY,,STRAIGHT AND LEVEL,DRY,NO DEFECTS,NOT ON SCENE (DESK REPORT),NO INJURY / DRIVE AWAY,,,Y,"$501 - $1,500",3/27/2022 15:35,NOT APPLICABLE,NOT APPLICABLE,6122,S,ROCKWELL ST,825,,,,,,,2,NO INDICATION OF INJURY,0,0,0,0,0,1,0,16,7,3,41.78211996,-87.68874952,POINT (-87.688749514928 41.782119957598)
5468a0b27d137c214bd20dee4c1364e51df8880a9fc77159c0bc5cfa5512affeeef3f3120550fa134575e4b24b6216cc3c61fcfa7d48331844394281b3c514a2,JF187606,Y,3/24/2022 18:22,20,NO CONTROLS,NO CONTROLS,UNKNOWN,UNKNOWN,PARKED MOTOR VEHICLE,DIVIDED - W/MEDIAN (NOT RAISED),,STRAIGHT AND LEVEL,UNKNOWN,NO DEFECTS,ON SCENE,NO INJURY / DRIVE AWAY,,,Y,"$501 - $1,500",3/26/2022 19:56,UNABLE TO DETERMINE,NOT APPLICABLE,1432,W,21ST ST,1235,,,,,,,2,NO INDICATION OF INJURY,0,0,0,0,0,1,0,18,5,3,41.85433722,-87.66255877,POINT (-87.662558768123 41.854337215122)
1a9fec5593ffbd6ea159328cacce5581291b8dfcb417b918f059490de2d52349976cb84d7a2865e0a13cc23aa23109b1423d1536b26af7f440c4e884228aafce,,,3/27/2022 14:48,20,UNKNOWN,UNKNOWN,CLEAR,DAYLIGHT,ANGLE,NOT DIVIDED,,STRAIGHT AND LEVEL,DRY,NO DEFECTS,ON SCENE,INJURY AND / OR TOW DUE TO CRASH,,,,"OVER $1,500",3/27/2022 15:13,UNABLE TO DETERMINE,NOT APPLICABLE,3218,W,83RD PL,834,,,,,,,2,NO INDICATION OF INJURY,0,0,0,0,0,3,0,14,1,3,41.74167968,-87.70297775,POINT (-87.702977752816 41.741679684102)
b944b7cc48db7e5d29f61af0b2daf424a95796dfbf95cd9474049572ccb96544d49f50ec9391a802d25d0fd4ce7d674baf6f69480d04ecd086a4ed656984b05c,,,3/27/2022 13:00,30,UNKNOWN,UNKNOWN,UNKNOWN,DAYLIGHT,PEDALCYCLIST,NOT DIVIDED,,STRAIGHT AND LEVEL,UNKNOWN,NO DEFECTS,NOT ON SCENE (DESK REPORT),NO INJURY / DRIVE AWAY,,,,"OVER $1,500",3/27/2022 14:35,UNABLE TO DETERMINE,NOT APPLICABLE,3602,N,LINCOLN AVE,1922,,,,,,,2,NO INDICATION OF INJURY,0,0,0,0,0,2,0,13,1,3,41.94711462,-87.67402748,POINT (-87.674027475988 41.947114621969)
2d5cfca7b60a46fea993dabd0ce044649999a128034bd580c65a5d7f6ff2917ed7d20fba7358363fe704626126c35bd3e5d01894521d7997292bc159dcab84ed,,,3/27/2022 15:36,35,TRAFFIC SIGNAL,UNKNOWN,CLEAR,DAYLIGHT,ANGLE,FOUR WAY,,STRAIGHT AND LEVEL,DRY,UNKNOWN,ON SCENE,INJURY AND / OR TOW DUE TO CRASH,Y,,,"OVER $1,500",3/27/2022 15:36,FAILING TO YIELD RIGHT-OF-WAY,FAILING TO YIELD RIGHT-OF-WAY,4400,N,CUMBERLAND AVE,1614,,Y,,,,,2,NONINCAPACITATING INJURY,1,0,0,1,0,1,0,15,1,3,41.95938646,-87.83684592,POINT (-87.836845920456 41.959386456978)
7ea5fdeff63f7f8c3b96966caab5c11a1cd26dc53711e709607ca3fc03c23995ff98ff53067fb9cc4daac5c8ff27cc6683a7b4441cdc25520edd39034d6720e6,,,3/27/2022 15:46,25,TRAFFIC SIGNAL,FUNCTIONING PROPERLY,CLEAR,DAYLIGHT,SIDESWIPE SAME DIRECTION,FOUR WAY,,STRAIGHT AND LEVEL,DRY,NO DEFECTS,ON SCENE,INJURY AND / OR TOW DUE TO CRASH,,,Y,"OVER $1,500",3/27/2022 15:46,IMPROPER OVERTAKING/PASSING,FAILING TO REDUCE SPEED TO AVOID CRASH,4809,N,ROCKWELL ST,2031,,,,,,,3,NO INDICATION OF INJURY,0,0,0,0,0,3,0,15,1,3,41.96886158,-87.69365929,POINT (-87.69365929409 41.968861574908)
98a52483b0f2043ddf798def08ab93983d4b09d14b2b7bc47f2a551f169f03089d3667eba597208e05c7a28871a5854add26d678c4fc0fd6efe6795b00f0bce1,,,3/27/2022 0:54,30,TRAFFIC SIGNAL,FUNCTIONING PROPERLY,CLEAR,DAYLIGHT,SIDESWIPE SAME DIRECTION,NOT DIVIDED,,STRAIGHT AND LEVEL,DRY,NO DEFECTS,NOT ON SCENE (DESK REPORT),NO INJURY / DRIVE AWAY,,,Y,"$501 - $1,500",3/27/2022 16:27,NOT APPLICABLE,RELATED TO BUS STOP,4900,S,WESTERN AVE,923,,,,,,,2,NO INDICATION OF INJURY,0,0,0,0,0,4,0,0,1,3,41.80464125,-87.68451691,POINT (-87.684516905411 41.804641245012)
fd1db7d439626ae51953256268cc4114a83a8fcf3999ec1ef245dd9251bcd49838b3c6e76113ce7f3308ba1b2c06529c52e8d24837e758fccae29975e52c476f,,,3/27/2022 19:12,30,NO CONTROLS,FUNCTIONING PROPERLY,CLEAR,DUSK,SIDESWIPE SAME DIRECTION,NOT DIVIDED,,STRAIGHT AND LEVEL,DRY,NO DEFECTS,ON SCENE,INJURY AND / OR TOW DUE TO CRASH,,,,"$501 - $1,500",3/27/2022 19:12,UNABLE TO DETERMINE,UNABLE TO DETERMINE,9951,S,TORRENCE AVE,431,,,,,,,3,NO INDICATION OF INJURY,0,0,0,0,0,2,0,19,1,3,41.71379894,-87.55960696,POINT (-87.55960695995 41.713798940659)
cb264b3f54b627db4fe76315ab7a337e7c9115820d609a5abd6b41da3c7f75f5b233bd64d8e4b19fed5610d47e60d2af0c8a5d6050e069b1d7bdcc99b24de145,,,3/27/2022 22:25,25,TRAFFIC SIGNAL,FUNCTIONING PROPERLY,CLEAR,DARKNESS,REAR END,FOUR WAY,,STRAIGHT AND LEVEL,UNKNOWN,UNKNOWN,NOT ON SCENE (DESK REPORT),NO INJURY / DRIVE AWAY,,,Y,"OVER $1,500",3/27/2022 22:35,UNABLE TO DETERMINE,UNABLE TO DETERMINE,720,E,111TH ST,513,,,,,,,2,NO INDICATION OF INJURY,0,0,0,0,0,2,0,22,1,3,41.69294383,-87.60441244,POINT (-87.60441244343 41.692943832819)
c6c5d3b055262bd49f20ad83562762f41443dbe8ba4e972472dcae0eb7ffe0676a61863388b05c85a40cc568436d7b1e8a08510a5e9f3b4189f0a95f85c7ad39,,,3/27/2022 22:15,30,NO CONTROLS,NO CONTROLS,CLEAR,"DARKNESS, LIGHTED ROAD",TURNING,NOT DIVIDED,,STRAIGHT AND LEVEL,DRY,NO DEFECTS,ON SCENE,INJURY AND / OR TOW DUE TO CRASH,Y,,,"OVER $1,500",3/27/2022 22:18,IMPROPER TURNING/NO SIGNAL,IMPROPER OVERTAKING/PASSING,4268,W,MONTROSE AVE,1722,,,,,,,3,FATAL,2,1,1,0,0,2,0,22,1,3,41.96097183,-87.73542802,POINT (-87.735428022679 41.960971833412)
5656a14ec4d5fd31d4a020f1cd78a5b639431d2737cb7c7a53e82a658e7892ba443cf6b7eaec6d5ad79b8fe832a50231d0ce8a26ccb59625cc662bfba1ef8ff0,JF186848,,3/26/2022 1:15,30,NO CONTROLS,NO CONTROLS,CLEAR,DARKNESS,FIXED OBJECT,NOT DIVIDED,,STRAIGHT AND LEVEL,WET,NO DEFECTS,,NO INJURY / DRIVE AWAY,,,,$500 OR LESS,3/26/2022 1:16,"OPERATING VEHICLE IN ERRATIC, RECKLESS, CARELESS, NEGLIGENT OR AGGRESSIVE MANNER",NOT APPLICABLE,7500,S,HARVARD AVE,623,,,,,,,1,NO INDICATION OF INJURY,0,0,0,0,0,1,0,1,7,3,41.75801023,-87.63300953,POINT (-87.633009526593 41.758010228255)
ebd15959300a5937206ab7a2cdc010df6eb0483342a97e7d6762ed91b2949ce9744743d90508e3f4b033082cdd249ab6798a8de619b615243e98c8827abc8e98,JF187661,,3/26/2022 21:05,30,NO CONTROLS,NO CONTROLS,CLEAR,"DARKNESS, LIGHTED ROAD",REAR END,NOT DIVIDED,,STRAIGHT AND LEVEL,DRY,NO DEFECTS,NOT ON SCENE (DESK REPORT),NO INJURY / DRIVE AWAY,,,Y,"$501 - $1,500",3/26/2022 21:10,FOLLOWING TOO CLOSELY,FAILING TO REDUCE SPEED TO AVOID CRASH,700,W,IRVING PARK RD,1915,,,,,,,2,NO INDICATION OF INJURY,0,0,0,0,0,2,0,21,7,3,41.95470027,-87.64802787,POINT (-87.64802787386 41.954700270862)
1fb7d5605c441f61101b0dbe2e44db591ebb74b4408de0567d39acd82717a330a666fa057abe4c3eaa75749d17692fd23276226de2f0429c9060749c6efdca2f,JF186599,,3/25/2022 15:42,10,NO CONTROLS,NO CONTROLS,CLEAR,DAYLIGHT,PARKED MOTOR VEHICLE,PARKING LOT,,STRAIGHT AND LEVEL,DRY,NO DEFECTS,NOT ON SCENE (DESK REPORT),NO INJURY / DRIVE AWAY,,,,"OVER $1,500",3/25/2022 18:00,IMPROPER BACKING,IMPROPER BACKING,6300,S,HALSTED ST,723,,,,,,,2,NO INDICATION OF INJURY,0,0,0,0,0,1,0,15,6,3,41.7796575,-87.64493099,POINT (-87.644930992789 41.779657500363)
95034742f6c56cb2d343b45cac91cf1bcac9bb72f635de7e583b07e44c617da0e73dcc51e3edd52113b777f273998134ac04429867751a5a6a99780ef90f9cd2,,,3/27/2022 13:55,30,NO CONTROLS,NO CONTROLS,CLEAR,DAYLIGHT,REAR TO FRONT,ONE-WAY,,STRAIGHT AND LEVEL,DRY,NO DEFECTS,NOT ON SCENE (DESK REPORT),NO INJURY / DRIVE AWAY,,,,"OVER $1,500",3/27/2022 14:42,DRIVING SKILLS/KNOWLEDGE/EXPERIENCE,NOT APPLICABLE,7100,S,STATE ST,323,,,,,,,2,NO INDICATION OF INJURY,0,0,0,0,0,2,0,13,1,3,41.76539361,-87.62505048,POINT (-87.625050475006 41.765393607783)
ff726b34233f1ea08c35620067a3b20aad55532ddf695dcc99bf1e3009469a016c9997711176cc90ef4e83c886aeabf82b38dc2ca6118d11effaf80b2d27fa9e,,,3/27/2022 14:20,35,NO CONTROLS,NO CONTROLS,CLEAR,DAYLIGHT,SIDESWIPE SAME DIRECTION,NOT DIVIDED,,STRAIGHT AND LEVEL,DRY,NO DEFECTS,ON SCENE,NO INJURY / DRIVE AWAY,,,Y,"OVER $1,500",3/27/2022 14:25,FAILING TO YIELD RIGHT-OF-WAY,RELATED TO BUS STOP,6080,S,ARCHER AVE,811,,,,,,,2,NO INDICATION OF INJURY,0,0,0,0,0,2,0,14,1,3,41.7947279,-87.76954519,POINT (-87.769545189241 41.794727903297)
c5e92987c1296c3a6204d5fa31212caf689f0bd2b9b8b2b5df1c3df41133dd864750a10515cff9d897fddfbfeada8df3d766755274f221d6b00aff996d42b03b,,,3/27/2022 22:54,35,TRAFFIC SIGNAL,FUNCTIONING PROPERLY,CLEAR,"DARKNESS, LIGHTED ROAD",REAR END,FOUR WAY,,STRAIGHT AND LEVEL,DRY,NO DEFECTS,ON SCENE,NO INJURY / DRIVE AWAY,Y,,,$500 OR LESS,3/27/2022 22:55,FOLLOWING TOO CLOSELY,NOT APPLICABLE,11650,W,IRVING PARK RD,1654,,Y,,,,,2,NO INDICATION OF INJURY,0,0,0,0,0,2,0,22,1,3,41.95417303,-87.91559303,POINT (-87.915593027141 41.954173030391)
3e40174b1e061a9efce42227117ef9a534be271119ffc4cf53e06733033f95a26c8ef899615aa0f3aa00011d9728703f120784f9f7bbb79484503bdf60f17651,,,3/27/2022 22:44,30,NO CONTROLS,NO CONTROLS,CLEAR,"DARKNESS, LIGHTED ROAD",PARKED MOTOR VEHICLE,NOT DIVIDED,,STRAIGHT AND LEVEL,DRY,NO DEFECTS,ON SCENE,INJURY AND / OR TOW DUE TO CRASH,,,,"OVER $1,500",3/27/2022 22:44,FOLLOWING TOO CLOSELY,DRIVING ON WRONG SIDE/WRONG WAY,1432,W,ADDISON ST,1922,,,,,,,4,NO INDICATION OF INJURY,0,0,0,0,0,1,0,22,1,3,41.94715738,-87.66529321,POINT (-87.665293212619 41.9471573831)
88b2b10b4c2de12679c6db0b111d375171d6aaa152099543a88cf30c109e1843009b2d1826fb5d55ff75cd7e967d1fb8cd15c84066e6f52c1ab601ac9b446e3b,,,3/27/2022 17:50,15,NO CONTROLS,NO CONTROLS,CLEAR,DAYLIGHT,FIXED OBJECT,ONE-WAY,,STRAIGHT AND LEVEL,DRY,OTHER,ON SCENE,INJURY AND / OR TOW DUE TO CRASH,,,,"OVER $1,500",3/27/2022 17:52,ROAD ENGINEERING/SURFACE/MARKING DEFECTS,ROAD ENGINEERING/SURFACE/MARKING DEFECTS,5615,W,58TH ST,812,,,,,,,1,NO INDICATION OF INJURY,0,0,0,0,0,1,0,17,1,3,41.78712949,-87.76278783,POINT (-87.762787834374 41.787129491604)
d04e27b230b3728ed0a257d2fa4948d5480a0bbca979168b0eff9a62a5f475c1c6496dc334e682f2e0970c59fc93e96494260ad669074b1e7d08c3c2fcf9d7b7,,,3/27/2022 14:30,30,NO CONTROLS,NO CONTROLS,CLEAR,DAYLIGHT,REAR TO FRONT,NOT DIVIDED,,STRAIGHT AND LEVEL,DRY,NO DEFECTS,NOT ON SCENE (DESK REPORT),NO INJURY / DRIVE AWAY,,,,"OVER $1,500",3/27/2022 14:45,IMPROPER BACKING,IMPROPER BACKING,5300,S,LAWNDALE AVE,822,,,,,,,2,NO INDICATION OF INJURY,0,0,0,0,0,2,0,14,1,3,41.7968968,-87.71605431,POINT (-87.716054310078 41.796896794729)
b875619effa8d3b156b02c7a2f7672d43fee390b874bdaa491cf4f024dcfac17676ac007bdef7b98c83ff76c2383a1b90b06371c12ba02253308434d9a6b1fa8,,,3/27/2022 22:52,30,TRAFFIC SIGNAL,FUNCTIONING PROPERLY,CLEAR,"DARKNESS, LIGHTED ROAD",TURNING,FOUR WAY,,STRAIGHT AND LEVEL,DRY,NO DEFECTS,ON SCENE,NO INJURY / DRIVE AWAY,Y,,,"$501 - $1,500",3/27/2022 22:52,FAILING TO YIELD RIGHT-OF-WAY,FAILING TO REDUCE SPEED TO AVOID CRASH,6398,N,RIDGE AVE,2413,,N,,,,,2,NO INDICATION OF INJURY,0,0,0,0,0,2,0,22,1,3,41.99786835,-87.67695177,POINT (-87.676951768773 41.997868352064)
f2d8edfbf230099407a5915727148f73c688071c88804ad35915cbd2b276982d51a30cc536ae7be93480dd41883c0d7f6a3e548d15e8818e41aa7ca5798f9ee0,,,3/27/2022 17:23,30,STOP SIGN/FLASHER,FUNCTIONING PROPERLY,CLEAR,DAYLIGHT,PEDALCYCLIST,FOUR WAY,,STRAIGHT AND LEVEL,DRY,NO DEFECTS,ON SCENE,INJURY AND / OR TOW DUE TO CRASH,Y,,,"$501 - $1,500",3/27/2022 17:23,FAILING TO YIELD RIGHT-OF-WAY,UNABLE TO DETERMINE,2998,N,RACINE AVE,1933,,,,,,,2,NONINCAPACITATING INJURY,1,0,0,1,0,1,0,17,1,3,41.93614771,-87.6589842,POINT (-87.658984202748 41.936147707863)
a4387fad50ff500ef73f630af2e526e60854e08be2c3b72ce49b6131b3efea5038cfa64f1bcc6666f9ceda41df6fec0527d21d947e7b8fe5232cc51405955ae2,,,3/27/2022 11:15,30,STOP SIGN/FLASHER,NO CONTROLS,CLEAR,DAYLIGHT,SIDESWIPE SAME DIRECTION,NOT DIVIDED,,STRAIGHT AND LEVEL,DRY,NO DEFECTS,ON SCENE,NO INJURY / DRIVE AWAY,,,Y,"OVER $1,500",3/27/2022 11:30,FAILING TO YIELD RIGHT-OF-WAY,DRIVING SKILLS/KNOWLEDGE/EXPERIENCE,7703,S,COLES AVE,421,,,,,,,2,NO INDICATION OF INJURY,0,0,0,0,0,2,0,11,1,3,41.75624853,-87.55462586,POINT (-87.554625860248 41.756248524601)
f3f586f36c823b128e3cce80316f4415d6dbe2f0538b23138c48fe1eafba6bed46728dd8ffe867e263db4db6a165f00be8c4a8ab89d81fd0f38a70b7da76f46f,,,3/27/2022 14:00,30,TRAFFIC SIGNAL,FUNCTIONING IMPROPERLY,CLEAR,DAYLIGHT,REAR END,NOT DIVIDED,,STRAIGHT AND LEVEL,DRY,NO DEFECTS,ON SCENE,INJURY AND / OR TOW DUE TO CRASH,Y,,,"OVER $1,500",3/27/2022 14:06,UNABLE TO DETERMINE,UNABLE TO DETERMINE,3210,N,NARRAGANSETT AVE,1632,,,,,,,3,NO INDICATION OF INJURY,0,0,0,0,0,3,0,14,1,3,41.93865563,-87.78621696,POINT (-87.786216964431 41.938655629521)
25fa36aee7e84ca1535c1bf93a1ed6fe52783b55e54e32fd27e9cabda90874073c1f7cdfe66ef7dba6db6121c3c33836d67e921fcd186ef58abd8223ba498b40,,,3/27/2022 10:25,30,TRAFFIC SIGNAL,FUNCTIONING PROPERLY,CLEAR,DAYLIGHT,SIDESWIPE SAME DIRECTION,ONE-WAY,,STRAIGHT AND LEVEL,DRY,NO DEFECTS,NOT ON SCENE (DESK REPORT),NO INJURY / DRIVE AWAY,,,Y,"OVER $1,500",3/27/2022 10:47,IMPROPER LANE USAGE,NOT APPLICABLE,400,E,OHIO ST,1834,,,,,,,2,NO INDICATION OF INJURY,0,0,0,0,0,2,0,10,1,3,41.89275439,-87.61756035,POINT (-87.617560345226 41.892754389767)
be0ec54b9ce25fe9310268ad84e280fd76d81a19f78bdf9018cb3eb128314054a73d55932a1c496aa860c295dfa56efc0f30ddd3cc0929444b68ceba4d6785b1,,,3/27/2022 14:41,30,TRAFFIC SIGNAL,FUNCTIONING PROPERLY,CLEAR,DAYLIGHT,REAR END,NOT DIVIDED,,STRAIGHT AND LEVEL,DRY,NO DEFECTS,NOT ON SCENE (DESK REPORT),NO INJURY / DRIVE AWAY,,,Y,"OVER $1,500",3/27/2022 15:00,UNABLE TO DETERMINE,NOT APPLICABLE,11500,S,HALSTED ST,524,,,,,,,2,NO INDICATION OF INJURY,0,0,0,0,0,2,0,14,1,3,41.68502626,-87.64229737,POINT (-87.642297366963 41.685026256307)
2b436029ddde729a74a29d8a199c238276a5f7cc16482ab3aae4a255cd551a62aa4ef6cb0ee4fd677bc20345ab91338eddcc76f6f1c86b9ce1c81a780279b1e3,,,3/28/2022 0:10,30,TRAFFIC SIGNAL,FUNCTIONING PROPERLY,UNKNOWN,"DARKNESS, LIGHTED ROAD",REAR END,CENTER TURN LANE,,STRAIGHT AND LEVEL,UNKNOWN,UNKNOWN,ON SCENE,NO INJURY / DRIVE AWAY,,,Y,"OVER $1,500",3/28/2022 0:19,UNABLE TO DETERMINE,UNABLE TO DETERMINE,1601,W,NORTH AVE,1433,,,,,,,2,NO INDICATION OF INJURY,0,0,0,0,0,5,0,0,2,3,41.91051964,-87.66774969,POINT (-87.667749686328 41.910519635296)
7d2452e9cf0c0d2f861259dca729f1be748ee1c210c2ef6a1de9effc9014a18d5b85dfced0ab18cdcc4acdf02baf93bcaa05eb171b97fce4036efa87f07c2ab9,,,3/27/2022 16:05,25,TRAFFIC SIGNAL,FUNCTIONING PROPERLY,CLEAR,DAYLIGHT,ANGLE,FOUR WAY,,STRAIGHT AND LEVEL,DRY,NO DEFECTS,ON SCENE,NO INJURY / DRIVE AWAY,,,Y,"$501 - $1,500",3/27/2022 17:34,UNABLE TO DETERMINE,NOT APPLICABLE,2200,S,ALBANY AVE,1033,,,,,,,2,NO INDICATION OF INJURY,0,0,0,0,0,3,0,16,1,3,41.8517014,-87.70295109,POINT (-87.702951091047 41.85170140422)
17ad177168e03f835ee2211fa31d91e227922b1a57e279d83ae000d0cb8517f186b049655b94b74a2a891557fda4c138903147bfaf991012149bae3672e5ccd8,,,3/27/2022 2:45,30,TRAFFIC SIGNAL,FUNCTIONING PROPERLY,CLEAR,"DARKNESS, LIGHTED ROAD",ANGLE,FOUR WAY,,STRAIGHT AND LEVEL,DRY,NO DEFECTS,NOT ON SCENE (DESK REPORT),NO INJURY / DRIVE AWAY,Y,,Y,"OVER $1,500",3/27/2022 17:40,UNABLE TO DETERMINE,NOT APPLICABLE,3200,W,BELMONT AVE,1733,,,,,,,2,NO INDICATION OF INJURY,0,0,0,0,0,2,0,2,1,3,41.93944056,-87.70771852,POINT (-87.707718516309 41.939440561174)
d412f58b31c1ed476e4535829b88c76a76d31322dc2adb258091dcb3ce73013e200942f3da633c125770b88b32a2aac2899ed2466007f763623353cfbae2dbf5,,Y,3/27/2022 14:40,35,UNKNOWN,UNKNOWN,CLEAR,DAYLIGHT,TURNING,NOT DIVIDED,,STRAIGHT AND LEVEL,DRY,NO DEFECTS,ON SCENE,INJURY AND / OR TOW DUE TO CRASH,,,Y,"OVER $1,500",3/27/2022 14:45,UNABLE TO DETERMINE,NOT APPLICABLE,5802,S,ASHLAND AVE,715,,,,,,,2,NO INDICATION OF INJURY,0,0,0,0,0,2,0,14,1,3,41.78846154,-87.66458548,POINT (-87.664585475764 41.78846154139)
462d5e45a7487c58ce52355706d0be717feba94d9ed215b82f18f7be24a41c0ccbd9f0ee2db4c1e40c9288dc53a52ec1949cbe8448dd283f1d8c1aabc1271833,,,3/27/2022 18:50,30,NO CONTROLS,NO CONTROLS,CLEAR,DAYLIGHT,PARKED MOTOR VEHICLE,NOT DIVIDED,,STRAIGHT AND LEVEL,DRY,UNKNOWN,NOT ON SCENE (DESK REPORT),NO INJURY / DRIVE AWAY,,,Y,"$501 - $1,500",3/27/2022 19:20,IMPROPER OVERTAKING/PASSING,IMPROPER OVERTAKING/PASSING,2220,S,KEDZIE AVE,1024,,,,,,,2,NO INDICATION OF INJURY,0,0,0,0,0,1,0,18,1,3,41.85110875,-87.70538008,POINT (-87.705380082649 41.85110875185)
6e744ae5b8c9d22a72842c2c3f81b8afd9f75ca9c42361346b1400793cc1763339c98f90eb9585f51a061a0f59a39fc2b80d923dadc7d721eb721962f2498c6c,,,3/27/2022 3:27,30,NO CONTROLS,NO CONTROLS,CLEAR,"DARKNESS, LIGHTED ROAD",PARKED MOTOR VEHICLE,NOT DIVIDED,,STRAIGHT AND LEVEL,DRY,NO DEFECTS,ON SCENE,INJURY AND / OR TOW DUE TO CRASH,,,,"OVER $1,500",3/27/2022 3:30,UNABLE TO DETERMINE,NOT APPLICABLE,4869,N,ELSTON AVE,1712,,,,,,,2,NO INDICATION OF INJURY,0,0,0,0,0,1,0,3,1,3,41.96943329,-87.74208,POINT (-87.742080003634 41.969433292376)
50911dc75de3b8286958b134e030f65aa71c40478766c32849b522535a8b4b69b0e48fdec713118fc45512ab28c1d5e012ff1df0dfd08ff33dc9d4210d0fe871,,,3/27/2022 12:00,15,NO CONTROLS,NO CONTROLS,CLEAR,DAYLIGHT,PARKED MOTOR VEHICLE,PARKING LOT,,STRAIGHT AND LEVEL,DRY,NO DEFECTS,NOT ON SCENE (DESK REPORT),NO INJURY / DRIVE AWAY,,Y,,"OVER $1,500",3/27/2022 18:50,IMPROPER BACKING,NOT APPLICABLE,6210,S,DR MARTIN LUTHER KING JR DR,311,,,,,,,2,NO INDICATION OF INJURY,0,0,0,0,0,1,0,12,1,3,41.78169502,-87.61580889,POINT (-87.615808890047 41.781695023171)
d398e52b14de651819d2f07c9350d3079369501033fca4e4524df0517f723013ecd92a5db73dee5c2e0862d88d2c16250600f58330ef035d6043c19c3deb34dd,,,3/27/2022 17:00,30,STOP SIGN/FLASHER,FUNCTIONING PROPERLY,CLEAR,DAYLIGHT,REAR END,NOT DIVIDED,,STRAIGHT AND LEVEL,DRY,NO DEFECTS,NOT ON SCENE (DESK REPORT),NO INJURY / DRIVE AWAY,,,,"OVER $1,500",3/27/2022 18:05,UNABLE TO DETERMINE,NOT APPLICABLE,2300,N,KIMBALL AVE,1413,,,,,,,2,NO INDICATION OF INJURY,0,0,0,0,0,2,0,17,1,3,41.92287843,-87.71219923,POINT (-87.712199229951 41.922878431331)