CRASH_RECORD_ID,RD_NO,CRASH_DATE_EST_I,CRASH_DATE,POSTED_SPEED_LIMIT,TRAFFIC_CONTROL_DEVICE,DEVICE_CONDITION,WEATHER_CONDITION,LIGHTING_CONDITION,FIRST_CRASH_TYPE,TRAFFICWAY_TYPE,LANE_CNT,ALIGNMENT,ROADWAY_SURFACE_COND,ROAD_DEFECT,REPORT_TYPE,CRASH_TYPE,INTERSECTION_RELATED_I,NOT_RIGHT_OF_WAY_I,HIT_AND_RUN_I,DAMAGE,DATE_POLICE_NOTIFIED,PRIM_CONTRIBUTORY_CAUSE,SEC_CONTRIBUTORY_CAUSE,STREET_NO,STREET_DIRECTION,STREET_NAME,BEAT_OF_OCCURRENCE,PHOTOS_TAKEN_I,STATEMENTS_TAKEN_I,DOORING_I,WORK_ZONE_I,WORK_ZONE_TYPE,WORKERS_PRESENT_I,NUM_UNITS,MOST_SEVERE_INJURY,INJURIES_TOTAL,INJURIES_FATAL,INJURIES_INCAPACITATING,INJURIES_NON_INCAPACITATING,INJURIES_REPORTED_NOT_EVIDENT,INJURIES_NO_INDICATION,INJURIES_UNKNOWN,CRASH_HOUR,CRASH_DAY_OF_WEEK,CRASH_MONTH,LATITUDE,LONGITUDE,LOCATION
7642284c316a1cad1aa5bd4624c63956cab0a6fb9477672f48dc84296e1ab58932e2c3e9292d15299cc810fcfecda8fe57cd792fbe98993185d9413092587daa,,,3/27/2022 23:00,30,TRAFFIC SIGNAL,FUNCTIONING PROPERLY,CLEAR,"DARKNESS, LIGHTED ROAD",REAR END,FOUR WAY,,STRAIGHT AND LEVEL,DRY,NO DEFECTS,NOT ON SCENE (DESK REPORT),NO INJURY / DRIVE AWAY,Y,,,"$501 - $1,500",3/27/2022 23:30,UNABLE TO DETERMINE,NOT APPLICABLE,2836,W,FULLERTON AVE,1414,,,,,,,2,NO INDICATION OF INJURY,0,0,0,0,0,3,0,23,1,3,41.92490371,-87.69886903,POINT (-87.698869028506 41.924903709013)
69873517e13e4f5be4337f6eef536682576d8903b577d57488e793a74cfbac5edc3066e88850835ac9a876627c9c6d636da0854024e8a28b11515b0b810b4b5e,,,3/27/2022 17:30,30,TRAFFIC SIGNAL,FUNCTIONING PROPERLY,CLEAR,DAYLIGHT,TURNING,NOT DIVIDED,,STRAIGHT AND LEVEL,DRY,NO DEFECTS,NOT ON SCENE (DESK REPORT),NO INJURY / DRIVE AWAY,,,,"$501 - $1,500",3/27/2022 19:04,IMPROPER TURNING/NO SIGNAL,FAILING TO REDUCE SPEED TO AVOID CRASH,5600,W,DIVERSEY AVE,2514,,,,,,,2,NO INDICATION OF INJURY,0,0,0,0,0,3,0,17,1,3,41.93138598,-87.76631053,POINT (-87.766310531552 41.931385976833)
391de9d3d3923293528027bc6b7d5bea27d1cfa2b0bb0095ccb82d63c9f4b1d8f349410e9f2f6c70846de9c7e646b7223fc1786de832c402dda23eabb567e4bd,,,3/27/2022 4:35,30,TRAFFIC SIGNAL,FUNCTIONING PROPERLY,CLEAR,"DARKNESS, LIGHTED ROAD",REAR END,FOUR WAY,,STRAIGHT AND LEVEL,DRY,UNKNOWN,ON SCENE,NO INJURY / DRIVE AWAY,Y,,Y,"OVER $1,500",3/27/2022 4:36,UNABLE TO DETERMINE,NOT APPLICABLE,6399,N,CALDWELL AVE,1621,,,,,,,2,NO INDICATION OF INJURY,0,0,0,0,0,2,0,4,1,3,41.99736399,-87.76655103,POINT (-87.766551025191 41.997363993879)
9e90ee21955fbb866dd3b884fe0f8a04a8c661217027a933d17a7c25938c7bd67dd99da0fec8893b074d6e0bc0f72e99b58c49c188fd19fe02852915ef9739d8,,,3/27/2022 2:33,30,TRAFFIC SIGNAL,FUNCTIONING PROPERLY,CLEAR,"DARKNESS, LIGHTED ROAD",REAR END,TRAFFIC ROUTE,,STRAIGHT AND LEVEL,DRY,NO DEFECTS,ON SCENE,NO INJURY / DRIVE AWAY,,,,"OVER $1,500",3/27/2022 2:43,UNABLE TO DETERMINE,FOLLOWING TOO CLOSELY,7100,S,WESTERN AVE,832,,,,,,,2,NO INDICATION OF INJURY,0,0,0,0,0,2,0,2,1,3,41.76460891,-87.68338705,POINT (-87.683387053281 41.764608912236)
1160567a07997e9d89919075a820cef4ca40c78b3d5102a0da815b7b10035da25d9954d5a7bfb264ae50353338fb8ca14fd8b0b268c8ce279baa9265831d47d8,JF186527,,3/25/2022 17:39,35,NO CONTROLS,NO CONTROLS,CLEAR,DAYLIGHT,FIXED OBJECT,DIVIDED - W/MEDIAN BARRIER,,"CURVE, LEVEL",WET,NO DEFECTS,ON SCENE,INJURY AND / OR TOW DUE TO CRASH,,,,"OVER $1,500",3/25/2022 17:39,EQUIPMENT - VEHICLE CONDITION,NOT APPLICABLE,1000,N,LAKE SHORE DR NB,1824,,,,,,,1,NO INDICATION OF INJURY,0,0,0,0,0,1,0,17,6,3,41.90095892,-87.61992817,POINT (-87.619928173678 41.900958919109)
55371d8b7553fe04a704ea9c610285687b6de19ec71508ce232866d5d8f68b761b789bd765c1b261995e603b9368692b1f5bd51319acd9fb5240823158437dd9,,Y,3/27/2022 16:00,30,NO CONTROLS,NO CONTROLS,CLEAR,DAYLIGHT,SIDESWIPE SAME DIRECTION,NOT DIVIDED,,STRAIGHT AND LEVEL,DRY,NO DEFECTS,NOT ON SCENE (DESK REPORT),NO INJURY / DRIVE AWAY,,,,"OVER $1,500",3/27/2022 17:00,IMPROPER OVERTAKING/PASSING,IMPROPER OVERTAKING/PASSING,1989,N,LARRABEE ST,1813,,,,,,,2,NO INDICATION OF INJURY,0,0,0,0,0,2,0,16,1,3,41.91816634,-87.64351718,POINT (-87.643517177106 41.918166338788)
32c65789061a6b87ffdb717fb2afa915a1ac8a561908cbd5f3248d3da092372801929ff517f76377207a47c6103c600036b8ca6795341a96f48410b8fce6312a,JF187347,,3/26/2022 13:25,30,NO CONTROLS,NO CONTROLS,RAIN,DAYLIGHT,SIDESWIPE SAME DIRECTION,NOT DIVIDED,,STRAIGHT AND LEVEL,WET,NO DEFECTS,NOT ON SCENE (DESK REPORT),NO INJURY / DRIVE AWAY,,,Y,"$501 - $1,500",3/26/2022 14:40,FAILING TO YIELD RIGHT-OF-WAY,UNABLE TO DETERMINE,13048,S,BRAINARD AVE,433,,,,,,,2,NO INDICATION OF INJURY,0,0,0,0,0,4,0,13,7,3,41.65726921,-87.55731183,POINT (-87.557311827708 41.657269209391)
8ff04ae58206b332ca835a7f7bd4a634223cb0ae2068527d6f36e88644476338ab964dfab1ab286ca32e879e68e78bfbcf87eb8714cfb095edc17ea66d4e84fd,JF187665,,3/26/2022 20:30,30,STOP SIGN/FLASHER,OTHER,CLEAR,"DARKNESS, LIGHTED ROAD",ANGLE,NOT DIVIDED,,STRAIGHT AND LEVEL,UNKNOWN,UNKNOWN,ON SCENE,INJURY AND / OR TOW DUE TO CRASH,Y,,,"OVER $1,500",3/26/2022 20:30,UNABLE TO DETERMINE,NOT APPLICABLE,5800,N,MARMORA AVE,1622,,,,,,,2,NO INDICATION OF INJURY,0,0,0,0,0,3,0,20,7,3,41.98616251,-87.77469322,POINT (-87.774693218616 41.986162507716)
dd39234b4bad79145a12f010b3a156ef5304f8bf051cfa88c69f340587303c6d32f5cc8d110d858486e7fc691a34019cc1bbad40319b8935d0dbe00a367a720a,JF187575,,3/26/2022 19:09,30,TRAFFIC SIGNAL,FUNCTIONING PROPERLY,CLEAR,DARKNESS,SIDESWIPE SAME DIRECTION,CENTER TURN LANE,,STRAIGHT AND LEVEL,WET,NO DEFECTS,ON SCENE,NO INJURY / DRIVE AWAY,N,,Y,"$501 - $1,500",3/26/2022 19:11,IMPROPER OVERTAKING/PASSING,NOT APPLICABLE,2001,W,DIVERSEY PKWY,1931,,,,,,,2,NO INDICATION OF INJURY,0,0,0,0,0,3,0,19,7,3,41.93217464,-87.67817002,POINT (-87.678170022241 41.93217464424)
d6a866ecfcb9b8468708d7e5e21f886eed13dd073f9fe74f6092ce7af535cdd88262f85856ef752267d15efa9052f33c4ce622194128768f0125bc55402ac47d,,,3/27/2022 16:56,30,STOP SIGN/FLASHER,FUNCTIONING PROPERLY,CLEAR,DAYLIGHT,TURNING,DIVIDED - W/MEDIAN (NOT RAISED),,STRAIGHT AND LEVEL,DRY,NO DEFECTS,NOT ON SCENE (DESK REPORT),NO INJURY / DRIVE AWAY,Y,,,"OVER $1,500",3/27/2022 18:00,FOLLOWING TOO CLOSELY,FAILING TO REDUCE SPEED TO AVOID CRASH,836,W,HUBBARD ST,1214,,,,,,,2,NO INDICATION OF INJURY,0,0,0,0,0,3,0,16,1,3,41.89017367,-87.64900155,POINT (-87.64900155089 41.890173671911)
748d71b833f31eb67d0c368cd6a543079c2b3bbdb4dd4b8a3c21d0db7486132027e1eaf91427e80da73f854b967fb24a3f017ce7ac15b8110141a2befdb1890a,,,3/27/2022 15:45,25,NO CONTROLS,NO CONTROLS,CLEAR,DAYLIGHT,PARKED MOTOR VEHICLE,PARKING LOT,,STRAIGHT AND LEVEL,DRY,NO DEFECTS,ON SCENE,NO INJURY / DRIVE AWAY,,Y,Y,"$501 - $1,500",3/27/2022 16:07,NOT APPLICABLE,NOT APPLICABLE,1320,E,47TH ST,222,,,,,,,2,NO INDICATION OF INJURY,0,0,0,0,0,1,0,15,1,3,41.80978115,-87.59421281,POINT (-87.594212812011 41.809781151018)
1e483ee40ae541a8852613ead8fb84dedc72ef5d75308bd3011b38696260b792a249b02eb7383e45ec5619c218635a2e77a40ae07bac9baab1e327b3556f61a6,,,3/27/2022 13:30,30,STOP SIGN/FLASHER,UNKNOWN,CLEAR,DAYLIGHT,TURNING,NOT DIVIDED,,STRAIGHT AND LEVEL,DRY,NO DEFECTS,ON SCENE,INJURY AND / OR TOW DUE TO CRASH,Y,,Y,"OVER $1,500",3/27/2022 13:34,FAILING TO YIELD RIGHT-OF-WAY,NOT APPLICABLE,7600,S,ABERDEEN ST,612,,,,,,,3,NO INDICATION OF INJURY,0,0,0,0,0,3,0,13,1,3,41.7559011,-87.65159765,POINT (-87.651597645743 41.755901102066)
8f9907b0afb451a785970758482d444a67df8d0db660120cc5f5b41585908388ef7c8567b8460897c12bd3f8f9feddf868cac7e0bf48fbe54651c3a7a3dbf907,,,3/27/2022 12:30,10,NO CONTROLS,NO CONTROLS,CLEAR,DAYLIGHT,PARKED MOTOR VEHICLE,PARKING LOT,,STRAIGHT AND LEVEL,DRY,NO DEFECTS,NOT ON SCENE (DESK REPORT),NO INJURY / DRIVE AWAY,,Y,,"OVER $1,500",3/27/2022 13:40,UNABLE TO DETERMINE,UNABLE TO DETERMINE,2758,N,CICERO AVE,2521,,,,,,,2,NO INDICATION OF INJURY,0,0,0,0,0,1,0,12,1,3,41.93148471,-87.74673983,POINT (-87.746739826261 41.931484704659)
b058ad36ff353a716d5f9f9cdf116a1fa80a6de395d129aad647dc0a258af6d06ed1d14f0b37b9c6dc9080d1d665c72f86826adef8bce50f88c4ccb59a245124,,,3/27/2022 21:15,30,TRAFFIC SIGNAL,FUNCTIONING PROPERLY,CLEAR,"DARKNESS, LIGHTED ROAD",SIDESWIPE SAME DIRECTION,FOUR WAY,,STRAIGHT AND LEVEL,DRY,NO DEFECTS,NOT ON SCENE (DESK REPORT),NO INJURY / DRIVE AWAY,Y,,,"OVER $1,500",3/27/2022 22:00,UNABLE TO DETERMINE,UNABLE TO DETERMINE,10300,S,VINCENNES AVE,2212,,,,,,,2,NO INDICATION OF INJURY,0,0,0,0,0,2,0,21,1,3,41.70672358,-87.65619454,POINT (-87.65619454086 41.706723577926)
48ee247662a246a1a63e9fb3d6347d10148c9ac484e22a5b886322f966fbd89d9529adfb6755802a48f77c02140862b7f26b2b5bc58e62afd53b5f3ebcc4d255,,,3/27/2022 17:20,30,NO CONTROLS,NO CONTROLS,CLEAR,DAYLIGHT,REAR END,DIVIDED - W/MEDIAN (NOT RAISED),,STRAIGHT AND LEVEL,DRY,NO DEFECTS,NOT ON SCENE (DESK REPORT),NO INJURY / DRIVE AWAY,,,,"OVER $1,500",3/27/2022 18:18,FOLLOWING TOO CLOSELY,FAILING TO REDUCE SPEED TO AVOID CRASH,3424,N,ELSTON AVE,1733,,,,,,,3,NO INDICATION OF INJURY,0,0,0,0,0,3,0,17,1,3,41.94315148,-87.70400442,POINT (-87.704004416776 41.94315148268)
2edd4d340164944ca1287f700ed2e2e28eedbd4483d2eb4a8cac29a1f772359c8ab2ae83af38385e3e735f3a5c686756b371e6809684141b16c60cd74cbd5259,JF188436,,3/25/2022 20:00,30,TRAFFIC SIGNAL,FUNCTIONING PROPERLY,CLEAR,"DARKNESS, LIGHTED ROAD",REAR END,DIVIDED - W/MEDIAN (NOT RAISED),,STRAIGHT AND LEVEL,DRY,NO DEFECTS,ON SCENE,NO INJURY / DRIVE AWAY,,,,"$501 - $1,500",3/27/2022 17:20,FOLLOWING TOO CLOSELY,UNABLE TO DETERMINE,4626,W,IRVING PARK RD,1722,,,,,,,2,NO INDICATION OF INJURY,0,0,0,0,0,5,0,20,6,3,41.95357854,-87.74367835,POINT (-87.743678353055 41.953578536491)
566cdbbaf4126d24d521916906696a2c110fb92544f5bf882e745a3ebaff9e100be1d57f953d0c3fb7ff5e7fb6abc23be2a50218b0c92d1f750f417329a851be,JF188159,,3/26/2022 19:30,30,NO CONTROLS,NO CONTROLS,CLEAR,"DARKNESS, LIGHTED ROAD",REAR END,ONE-WAY,,STRAIGHT AND LEVEL,DRY,NO DEFECTS,NOT ON SCENE (DESK REPORT),NO INJURY / DRIVE AWAY,,,Y,"OVER $1,500",3/27/2022 12:20,UNABLE TO DETERMINE,UNABLE TO DETERMINE,3300,W,MAYPOLE AVE,1123,,,,,,,2,NO INDICATION OF INJURY,0,0,0,0,0,2,0,19,7,3,41.88369802,-87.7089025,POINT (-87.70890250017 41.88369802211)
5c0b8a4c4f47513b062658c4646e8757079c4c64f0388316ad708052697edd13ae17b0c947c9bf7b3fc5c68b7cf1888d0e6095cd5e98cf6bbe25d6647344cbea,JF186888,,3/26/2022 3:09,20,NO CONTROLS,NO CONTROLS,CLEAR,"DARKNESS, LIGHTED ROAD",PARKED MOTOR VEHICLE,NOT DIVIDED,,STRAIGHT AND LEVEL,DRY,NO DEFECTS,ON SCENE,INJURY AND / OR TOW DUE TO CRASH,,,Y,"OVER $1,500",3/26/2022 3:09,UNABLE TO DETERMINE,NOT APPLICABLE,2000,W,TOUHY AVE,2424,,,,,,,4,NO INDICATION OF INJURY,0,0,0,0,0,1,0,3,7,3,42.01264394,-87.68039343,POINT (-87.680393429955 42.012643938605)
fc016418453238f88b65e2f3c43c4e37c4d4e16ef773ba48cc55e8a350e3ea7b8248f23548d82d07dc2da2be781df94f92e42591923d5b595e9cb5dd6e921760,,,3/27/2022 18:10,30,TRAFFIC SIGNAL,FUNCTIONING PROPERLY,CLEAR,DAYLIGHT,TURNING,FOUR WAY,,STRAIGHT AND LEVEL,DRY,NO DEFECTS,ON SCENE,NO INJURY / DRIVE AWAY,Y,,Y,"$501 - $1,500",3/27/2022 18:13,FAILING TO YIELD RIGHT-OF-WAY,UNABLE TO DETERMINE,3400,W,JACKSON BLVD,1123,,,,,,,2,NO INDICATION OF INJURY,0,0,0,0,0,3,0,18,1,3,41.87738546,-87.71101848,POINT (-87.711018479073 41.877385456343)
cb7d10cc5e27d057ee2c6e1bff7ca6b03702a8b0128baac69bdd85a482a4b706fb5f1c0baba87dd504e18d390596fed629c26eeb5e93d7903d541425eb8bf4b6,,,3/27/2022 20:00,25,NO CONTROLS,NO CONTROLS,CLEAR,DAYLIGHT,ANGLE,NOT DIVIDED,,STRAIGHT AND LEVEL,UNKNOWN,UNKNOWN,ON SCENE,NO INJURY / DRIVE AWAY,,,Y,"OVER $1,500",3/27/2022 20:04,UNABLE TO DETERMINE,UNABLE TO DETERMINE,3699,N,CENTRAL AVE,1633,,,,,,,2,NO INDICATION OF INJURY,0,0,0,0,0,4,0,20,1,3,41.94765993,-87.76667093,POINT (-87.766670926527 41.947659927793)
6422041902ea65e707c213438a9929c8d36270948e4ea667b625f8757a236a6ae48b3a42b2c2d28c13b2244dd25782147063e902c523a2ef6f86daf079825884,JF185604,,3/24/2022 23:10,45,NO CONTROLS,NO CONTROLS,CLEAR,"DARKNESS, LIGHTED ROAD",SIDESWIPE SAME DIRECTION,DIVIDED - W/MEDIAN BARRIER,,"CURVE, LEVEL",DRY,NO DEFECTS,ON SCENE,NO INJURY / DRIVE AWAY,,,,"OVER $1,500",3/24/2022 23:17,UNABLE TO DETERMINE,NOT APPLICABLE,1000,N,LAKE SHORE DR SB,1824,,,,,,,2,NO INDICATION OF INJURY,0,0,0,0,0,2,0,23,5,3,41.90095892,-87.61992817,POINT (-87.619928173678 41.900958919109)
ecdaf71d54b606ee70fc3058a18f69c37812e94124342d49aa41c69d11a5c1ca0a48cc2ac63b822c2d4877ae12e39fb9c36a62065bf6b8527596cdb0c37377c5,,,3/27/2022 14:00,30,NO CONTROLS,NO CONTROLS,CLEAR,DAYLIGHT,PARKED MOTOR VEHICLE,NOT DIVIDED,,STRAIGHT AND LEVEL,DRY,NO DEFECTS,ON SCENE,NO INJURY / DRIVE AWAY,,,,"OVER $1,500",3/27/2022 14:38,IMPROPER OVERTAKING/PASSING,UNABLE TO DETERMINE,5742,N,MILWAUKEE AVE,1622,,,,,,,2,NO INDICATION OF INJURY,0,0,0,0,0,1,0,14,1,3,41.9858016,-87.77716403,POINT (-87.777164034229 41.985801603715)
a8a1b586625a00ac9e5f0dbe6a568672906603d6f56db964d43430bc9323f25d0ac3bb2c6cb502e90b547d4403bb059e18a62e6d3eadcc0eb20613ff1208a4de,JF187206,,3/25/2022 5:30,20,NO CONTROLS,NO CONTROLS,CLEAR,DARKNESS,PARKED MOTOR VEHICLE,NOT DIVIDED,,STRAIGHT AND LEVEL,DRY,NO DEFECTS,NOT ON SCENE (DESK REPORT),NO INJURY / DRIVE AWAY,,,Y,"$501 - $1,500",3/26/2022 12:20,UNABLE TO DETERMINE,UNABLE TO DETERMINE,3930,W,66TH PL,833,,,,,,,2,NO INDICATION OF INJURY,0,0,0,0,0,1,0,5,6,3,41.77241349,-87.72141319,POINT (-87.72141319192 41.772413487912)
881873298e8768477079ab718b81b13156f1469280235abf541450c7d171d1aed319f1b2794f5a5cd96d7bc3b22490b8778405e74f281ccdeafbb1f1d677200d,,,3/27/2022 7:00,30,NO CONTROLS,NO CONTROLS,CLEAR,DAYLIGHT,TURNING,NOT DIVIDED,,STRAIGHT AND LEVEL,DRY,NO DEFECTS,NOT ON SCENE (DESK REPORT),NO INJURY / DRIVE AWAY,,,,"OVER $1,500",3/27/2022 8:52,UNABLE TO DETERMINE,UNABLE TO DETERMINE,4721,W,59TH ST,813,,,,,,,2,NO INDICATION OF INJURY,0,0,0,0,0,2,0,7,1,3,41.78415668,-87.7409725,POINT (-87.740972501203 41.784156677843)
9927e3bbdf8840929f26ea2f1ddcb6fa617ac66195fb0acdc34cf646cdfb2d707d449e580771bb85eadbbfd040bb2156d1cb8193564f362754edf2bdc30fbad7,,,3/27/2022 5:18,30,TRAFFIC SIGNAL,FUNCTIONING PROPERLY,CLEAR,DAYLIGHT,TURNING,DIVIDED - W/MEDIAN (NOT RAISED),,STRAIGHT AND LEVEL,DRY,UNKNOWN,NOT ON SCENE (DESK REPORT),NO INJURY / DRIVE AWAY,,,Y,"OVER $1,500",3/27/2022 15:05,UNABLE TO DETERMINE,UNABLE TO DETERMINE,5701,N,SHERIDAN RD,2022,,,,,,,2,NO INDICATION OF INJURY,0,0,0,0,0,2,0,5,1,3,41.98563842,-87.65509432,POINT (-87.655094323271 41.985638421049)
8b5894543261944c11783f67f8f38c919f59291c4ba4e75afeeb0c6d0f7af53350a1f61370dfdb8d590880bd7d9fa3a3629f91f89382936470c2cd719aeadca3,,Y,3/27/2022 20:05,30,NO CONTROLS,NO CONTROLS,CLEAR,"DARKNESS, LIGHTED ROAD",FIXED OBJECT,NOT DIVIDED,,STRAIGHT AND LEVEL,DRY,NO DEFECTS,ON SCENE,INJURY AND / OR TOW DUE TO CRASH,,,,"OVER $1,500",3/27/2022 20:06,UNDER THE INFLUENCE OF ALCOHOL/DRUGS (USE WHEN ARREST IS EFFECTED),NOT APPLICABLE,357,S,HAMLIN BLVD,1133,,,,,,,1,NO INDICATION OF INJURY,0,0,0,0,0,1,0,20,1,3,41.87546897,-87.71980394,POINT (-87.719803935288 41.875468966749)
2d2ff693dd148edde0c862dd585c93c94b26b2efc943e98155e9668bf7980cb313b73fa47e02089574bff0621022135a135a1fe134a0ea023a85fff3808c405c,,,3/27/2022 16:54,30,NO CONTROLS,NO CONTROLS,CLEAR,DAYLIGHT,PARKED MOTOR VEHICLE,NOT DIVIDED,,STRAIGHT AND LEVEL,DRY,NO DEFECTS,ON SCENE,NO INJURY / DRIVE AWAY,,,,"$501 - $1,500",3/27/2022 16:55,FAILING TO REDUCE SPEED TO AVOID CRASH,NOT APPLICABLE,5544,S,LA SALLE ST,225,,,,,,,2,NO INDICATION OF INJURY,0,0,0,0,0,2,0,16,1,3,41.79291211,-87.62941319,POINT (-87.629413194349 41.79291211008)
babb63b26af2339d91e893d7c40c1cbd7a0c088c877d33e3eb8a4ea2919fe86474d9e90583354e5921c242a7b25aa1e025528ab2b5f6b5558fb6503c075f5cbe,,,3/27/2022 18:58,15,NO CONTROLS,NO CONTROLS,CLEAR,"DARKNESS, LIGHTED ROAD",PARKED MOTOR VEHICLE,ALLEY,,STRAIGHT AND LEVEL,DRY,UNKNOWN,ON SCENE,NO INJURY / DRIVE AWAY,,,,"OVER $1,500",3/27/2022 19:46,PHYSICAL CONDITION OF DRIVER,PHYSICAL CONDITION OF DRIVER,1538,W,21ST ST,1235,,,,,,,4,NO INDICATION OF INJURY,0,0,0,0,0,1,0,18,1,3,41.85429955,-87.66518093,POINT (-87.66518092689 41.854299548805)
ee6b0e574bc7bd7ede97176a9e3fdb3570ecd34e06631ff0842110b0dbdfca5366264c299b225da1465b90fb96397e2a64758dbafdb04d2dbd535e8ae66ad605,JF187475,,3/26/2022 1:30,30,NO CONTROLS,NO CONTROLS,OTHER,DARKNESS,SIDESWIPE SAME DIRECTION,ONE-WAY,,STRAIGHT AND LEVEL,UNKNOWN,UNKNOWN,NOT ON SCENE (DESK REPORT),NO INJURY / DRIVE AWAY,,,Y,"$501 - $1,500",3/26/2022 17:15,DRIVING SKILLS/KNOWLEDGE/EXPERIENCE,UNABLE TO DETERMINE,80,W,ONTARIO ST,1832,,,,,,,2,NO INDICATION OF INJURY,0,0,0,0,0,2,0,1,7,3,41.89333966,-87.63109738,POINT (-87.631097380666 41.893339664488)
19bd20af77ae29d165721b16daec1f6d6233ef13f60ca4d4a492a576f381aa69dbe845fcbf76d6f1ee63b7c1576557de03692053118915c3d683c72da1296899,,,3/27/2022 23:44,30,TRAFFIC SIGNAL,FUNCTIONING PROPERLY,CLEAR,"DARKNESS, LIGHTED ROAD",REAR END,DIVIDED - W/MEDIAN (NOT RAISED),,STRAIGHT AND LEVEL,DRY,NO DEFECTS,ON SCENE,INJURY AND / OR TOW DUE TO CRASH,,,,"OVER $1,500",3/27/2022 23:44,UNDER THE INFLUENCE OF ALCOHOL/DRUGS (USE WHEN ARREST IS EFFECTED),UNDER THE INFLUENCE OF ALCOHOL/DRUGS (USE WHEN ARREST IS EFFECTED),2799,N,CALIFORNIA AVE,1411,,,,,,,3,NO INDICATION OF INJURY,0,0,0,0,0,5,0,23,1,3,41.93200669,-87.69746847,POINT (-87.697468470355 41.932006692678)
bba3d1f404a06cb8a168a1003be60d538fe33e27afc648b7c438b6015419373a10542f2a442b1fe0f55bb685e94b084cf36491c16390403a73b5c2f16cb2b618,,,3/27/2022 10:30,35,NO CONTROLS,NO CONTROLS,CLEAR,DAYLIGHT,PARKED MOTOR VEHICLE,NOT DIVIDED,,STRAIGHT AND LEVEL,DRY,NO DEFECTS,NOT ON SCENE (DESK REPORT),NO INJURY / DRIVE AWAY,,,,"$501 - $1,500",3/27/2022 17:05,DRIVING SKILLS/KNOWLEDGE/EXPERIENCE,NOT APPLICABLE,7430,S,OAKLEY AVE,835,,,,,,,2,NO INDICATION OF INJURY,0,0,0,0,0,1,0,10,1,3,41.75836039,-87.68067255,POINT (-87.680672548233 41.758360385473)
a31612529ea022179e557ae5d718ec5f4df9486f5be2a96db0a2bf7563e0ee8a76eca0a9acac0fdff1589744dee302c74537b2b7698b04e8f16bed48720c80fa,,,3/27/2022 20:30,30,NO CONTROLS,NO CONTROLS,CLEAR,"DARKNESS, LIGHTED ROAD",HEAD ON,NOT DIVIDED,,STRAIGHT AND LEVEL,DRY,NO DEFECTS,ON SCENE,INJURY AND / OR TOW DUE TO CRASH,N,,,"OVER $1,500",3/27/2022 20:37,UNDER THE INFLUENCE OF ALCOHOL/DRUGS (USE WHEN ARREST IS EFFECTED),DRIVING ON WRONG SIDE/WRONG WAY,7958,S,HALSTED ST,621,,,,,,,2,NO INDICATION OF INJURY,0,0,0,0,0,3,0,20,1,3,41.74890761,-87.6441386,POINT (-87.644138598501 41.748907613935)
7fb622be2c1aa28113669894dcac5a1e03c69ddc8f7c01733ae796febfa96fab18d651cd9d80827d96a3b83f84b97fed82f4eeec81bb9a6a87cb573a5d60bcdf,,,3/27/2022 20:45,30,TRAFFIC SIGNAL,FUNCTIONING PROPERLY,CLEAR,DARKNESS,REAR TO SIDE,ONE-WAY,,STRAIGHT AND LEVEL,DRY,UNKNOWN,NOT ON SCENE (DESK REPORT),NO INJURY / DRIVE AWAY,,,,"OVER $1,500",3/27/2022 21:00,FAILING TO YIELD RIGHT-OF-WAY,IMPROPER BACKING,2400,W,ARDMORE AVE,2011,,,,,,,2,NO INDICATION OF INJURY,0,0,0,0,0,5,0,20,1,3,41.98692111,-87.68961145,POINT (-87.689611452205 41.986921110014)
288577b0dbe48e68590574608b5bf0ce4412ae962b2875e0299bd07b987f99e0033fc8857b86c71ab7bf225828a1106fa8b7a6597eb08773b7c61951d61b3f0e,JF187724,,3/26/2022 22:50,30,NO CONTROLS,NO CONTROLS,CLEAR,"DARKNESS, LIGHTED ROAD",TURNING,NOT DIVIDED,,STRAIGHT AND LEVEL,DRY,NO DEFECTS,ON SCENE,INJURY AND / OR TOW DUE TO CRASH,,,,"OVER $1,500",3/26/2022 22:55,DISREGARDING STOP SIGN,DISREGARDING STOP SIGN,1901,W,79TH ST,611,,,,,,,2,NONINCAPACITATING INJURY,1,0,0,1,0,1,0,22,7,3,41.75015172,-87.67076672,POINT (-87.670766723535 41.750151718608)
a1cb35e020ccb0f63010295a1f1246c18bcd2a66ae55f653496893cf4d5ec18e3840172bcfa30553bc3b9b3342a612c7881421bc827ae9f006a54f37c67e122f,JF188002,,3/26/2022 23:55,30,NO CONTROLS,NO CONTROLS,CLEAR,"DARKNESS, LIGHTED ROAD",SIDESWIPE SAME DIRECTION,NOT DIVIDED,,STRAIGHT AND LEVEL,DRY,NO DEFECTS,,NO INJURY / DRIVE AWAY,,,,"OVER $1,500",3/27/2022 9:00,IMPROPER OVERTAKING/PASSING,DRIVING SKILLS/KNOWLEDGE/EXPERIENCE,5300,S,CICERO AVE,814,,,,,,,2,NO INDICATION OF INJURY,0,0,0,0,0,2,0,23,7,3,41.79660608,-87.74300403,POINT (-87.743004025677 41.796606074549)
f8d8195e4eb14b80779bb6ecc34f2b320568852377159814b99b8a0cab3259fa9924b1b659af30a7083bf60fe7634e0ad5666bacedc795aa9466ce78e4d1b056,JF187525,,3/26/2022 17:07,30,NO CONTROLS,NO CONTROLS,CLEAR,DAYLIGHT,SIDESWIPE SAME DIRECTION,ONE-WAY,,STRAIGHT AND LEVEL,DRY,UNKNOWN,NOT ON SCENE (DESK REPORT),NO INJURY / DRIVE AWAY,,,,"OVER $1,500",3/26/2022 18:25,DRIVING SKILLS/KNOWLEDGE/EXPERIENCE,UNABLE TO DETERMINE,251,E,PEARSON ST,1833,,,,,,,2,NO INDICATION OF INJURY,0,0,0,0,0,2,0,17,7,3,41.8975389,-87.61965623,POINT (-87.61965623202 41.897538894943)