CRASH_RECORD_ID,RD_NO,CRASH_DATE_EST_I,CRASH_DATE,POSTED_SPEED_LIMIT,TRAFFIC_CONTROL_DEVICE,DEVICE_CONDITION,WEATHER_CONDITION,LIGHTING_CONDITION,FIRST_CRASH_TYPE,TRAFFICWAY_TYPE,LANE_CNT,ALIGNMENT,ROADWAY_SURFACE_COND,ROAD_DEFECT,REPORT_TYPE,CRASH_TYPE,INTERSECTION_RELATED_I,NOT_RIGHT_OF_WAY_I,HIT_AND_RUN_I,DAMAGE,DATE_POLICE_NOTIFIED,PRIM_CONTRIBUTORY_CAUSE,SEC_CONTRIBUTORY_CAUSE,STREET_NO,STREET_DIRECTION,STREET_NAME,BEAT_OF_OCCURRENCE,PHOTOS_TAKEN_I,STATEMENTS_TAKEN_I,DOORING_I,WORK_ZONE_I,WORK_ZONE_TYPE,WORKERS_PRESENT_I,NUM_UNITS,MOST_SEVERE_INJURY,INJURIES_TOTAL,INJURIES_FATAL,INJURIES_INCAPACITATING,INJURIES_NON_INCAPACITATING,INJURIES_REPORTED_NOT_EVIDENT,INJURIES_NO_INDICATION,INJURIES_UNKNOWN,CRASH_HOUR,CRASH_DAY_OF_WEEK,CRASH_MONTH,LATITUDE,LONGITUDE,LOCATION
c271b5c25d1875f0d4ae6527a575f91da07199620aefbf62f271f52677d9e9a635219b23ca99ef8702241e1e358e5d56321a9130a1dfcfd9f0f2fae31cb0bc9f,JE287844,,7/2/2021 21:42,35,TRAFFIC SIGNAL,FUNCTIONING PROPERLY,CLEAR,"DARKNESS, LIGHTED ROAD",ANGLE,FOUR WAY,,STRAIGHT AND LEVEL,DRY,NO DEFECTS,,INJURY AND / OR TOW DUE TO CRASH,Y,,,"OVER $1,500",7/2/2021 21:42,DISREGARDING TRAFFIC SIGNALS,NOT APPLICABLE,3000,W,WARREN BLVD,1222,,,,,,,5,NO INDICATION OF INJURY,0,0,0,0,0,2,0,21,6,7,41.88204929,-87.70135642,POINT (-87.701356421227 41.882049290742)
121b1a582721aa2bff9bd01ef972262924a8220075eef2bb57db573ff91d5238ac16c49da46cda8b5cf5dcbccdf801584a5166a23e0be00400f46664d13f734e,JF172826,,3/13/2022 18:50,5,NO CONTROLS,NO CONTROLS,CLEAR,DAYLIGHT,FIXED OBJECT,ONE-WAY,,STRAIGHT AND LEVEL,DRY,UNKNOWN,NOT ON SCENE (DESK REPORT),NO INJURY / DRIVE AWAY,,,,"OVER $1,500",3/13/2022 18:55,UNABLE TO DETERMINE,UNABLE TO DETERMINE,524,W,OHARE ST,1654,,,,,,,1,NO INDICATION OF INJURY,0,0,0,0,0,1,0,18,1,3,,,
2356e11f27f286748bf45b54296283dfff096d9f7acbf3ef82e3ee9d621823ebb17ce50434e093e8779e116d56e5c66428d90e4e1084f574aa5da5419b346176,JF173463,,3/13/2022 12:00,35,TRAFFIC SIGNAL,UNKNOWN,UNKNOWN,DAYLIGHT,TURNING,FOUR WAY,,STRAIGHT AND LEVEL,OTHER,UNKNOWN,NOT ON SCENE (DESK REPORT),NO INJURY / DRIVE AWAY,Y,,Y,"OVER $1,500",3/14/2022 11:55,UNABLE TO DETERMINE,UNABLE TO DETERMINE,3401,W,16TH ST,1021,,,,,,,2,NO INDICATION OF INJURY,0,0,0,0,0,2,0,12,1,3,41.8589135,-87.71038733,POINT (-87.710387326488 41.858913503749)
e32502967268c0f64aad2bcd1be3398469102308c03ed4f25425c011e03031e893e300f96f28b6f9cadcae2c9bdc218bf2cb6ddfb26ccb11b83813afd54d84bc,JF180460,,3/20/2022 15:08,30,NO CONTROLS,NO CONTROLS,CLEAR,DAYLIGHT,TURNING,FOUR WAY,,STRAIGHT AND LEVEL,DRY,NO DEFECTS,ON SCENE,NO INJURY / DRIVE AWAY,Y,,,"$501 - $1,500",3/20/2022 15:08,FAILING TO YIELD RIGHT-OF-WAY,IMPROPER TURNING/NO SIGNAL,817,S,AUSTIN BLVD,1513,,,,,,,2,NO INDICATION OF INJURY,0,0,0,0,0,3,0,15,1,3,,,
29198f66ef4445d4642bb49f4eca9e9100a3e5a439e23ba636348c1ad0da583cf093e5fdff30ba05c6737ebb20a3b4b0424b6f02d66526cb49460af9d3f85382,JF172738,,3/13/2022 15:05,15,NO CONTROLS,NO CONTROLS,CLEAR,DAYLIGHT,REAR TO SIDE,PARKING LOT,,STRAIGHT AND LEVEL,DRY,NO DEFECTS,NOT ON SCENE (DESK REPORT),NO INJURY / DRIVE AWAY,,Y,,"$501 - $1,500",3/13/2022 16:45,IMPROPER BACKING,NOT APPLICABLE,5625,N,RIDGE AVE,2013,,,,,,,2,NO INDICATION OF INJURY,0,0,0,0,0,2,0,15,1,3,41.98425875,-87.66086972,POINT (-87.660869719061 41.98425875359)
29ef689c38912470b10c7567ef3db7f2790bd799c095981e3823b8313f0ec149fe644f2235dc85131565c74b689800413ca7e2731f4d63e536c56c510e8dece5,JF176349,,3/13/2022 19:15,30,NO CONTROLS,NO CONTROLS,CLEAR,"DARKNESS, LIGHTED ROAD",SIDESWIPE SAME DIRECTION,ONE-WAY,,STRAIGHT AND LEVEL,DRY,NO DEFECTS,NOT ON SCENE (DESK REPORT),NO INJURY / DRIVE AWAY,,,Y,"OVER $1,500",3/16/2022 20:15,FAILING TO YIELD RIGHT-OF-WAY,UNABLE TO DETERMINE,2800,N,SAWYER AVE,1412,,,,,,,2,NO INDICATION OF INJURY,0,0,0,0,0,3,0,19,1,3,41.93211026,-87.7087939,POINT (-87.708793898423 41.932110262236)
2b22a70cb7346602caea6e1933b270f6b0a8814c7a66bc360998593dfa8bd0ca56547d509c9078e3e1b07c42cd8e8d5c573d502bdca405a5db0b80ccb32e4900,,,3/28/2022 3:45,30,OTHER,NO CONTROLS,CLEAR,"DARKNESS, LIGHTED ROAD",FIXED OBJECT,ONE-WAY,,STRAIGHT AND LEVEL,DRY,NO DEFECTS,ON SCENE,INJURY AND / OR TOW DUE TO CRASH,,Y,,"OVER $1,500",3/28/2022 3:54,DRIVING SKILLS/KNOWLEDGE/EXPERIENCE,UNABLE TO DETERMINE,2548,W,CONGRESS PKWY,1135,,,,,,,1,NO INDICATION OF INJURY,0,0,0,0,0,1,0,3,2,3,41.87505973,-87.69058899,POINT (-87.690588992138 41.87505973242)
2c149c3c180924f8ad580e779237c852794d36c395f5be86ff75ab3c55754013b1f4a5ade47c09442e74ed919e9a72b7dcb8fba2d2719e4c0f4c93d2c8001701,JF172246,,3/13/2022 5:10,30,STOP SIGN/FLASHER,FUNCTIONING PROPERLY,CLEAR,"DARKNESS, LIGHTED ROAD",TURNING,NOT DIVIDED,,STRAIGHT AND LEVEL,DRY,NO DEFECTS,NOT ON SCENE (DESK REPORT),NO INJURY / DRIVE AWAY,,,,"OVER $1,500",3/13/2022 6:25,FAILING TO YIELD RIGHT-OF-WAY,NOT APPLICABLE,3450,N,LAKE SHORE DR,1925,,,,,,,2,NO INDICATION OF INJURY,0,0,0,0,0,6,0,5,1,3,41.94510109,-87.64160243,POINT (-87.641602426352 41.945101085212)
34535033f3330d8c8c477b455032cfc35eb8417a78414524976e3223600f8d9d25d8bb852343c0988773abc9f9dc642ea212bd0dae902f476b290452edce3ddd,JF172576,,3/13/2022 13:30,30,NO CONTROLS,NO CONTROLS,CLEAR,DAYLIGHT,ANGLE,NOT DIVIDED,,STRAIGHT AND LEVEL,DRY,NO DEFECTS,NOT ON SCENE (DESK REPORT),NO INJURY / DRIVE AWAY,,,,"OVER $1,500",3/13/2022 14:24,FAILING TO YIELD RIGHT-OF-WAY,FAILING TO YIELD RIGHT-OF-WAY,6915,S,PULASKI RD,833,,,,,,,2,NO INDICATION OF INJURY,0,0,0,0,0,2,0,13,1,3,41.76721352,-87.72232539,POINT (-87.722325393436 41.76721352168)
377831a7d90808bd361777cbb46453572310b269a19919eafd7fce7913a174fb0375f9fd2b88c30dc12019fb092f5bd87c8c197b1a73464acc5ecf34badbf467,JF172726,,3/13/2022 5:00,25,UNKNOWN,UNKNOWN,UNKNOWN,UNKNOWN,ANGLE,NOT DIVIDED,,STRAIGHT AND LEVEL,UNKNOWN,NO DEFECTS,NOT ON SCENE (DESK REPORT),INJURY AND / OR TOW DUE TO CRASH,,,Y,"$501 - $1,500",3/13/2022 17:00,UNABLE TO DETERMINE,NOT APPLICABLE,1608,S,ASHLAND AVE,1234,,,,,,,2,NO INDICATION OF INJURY,0,0,0,0,0,3,0,5,1,3,41.85930916,-87.66633816,POINT (-87.666338155917 41.859309157147)
37e8567bfa9f3894d7b0156465fe68c54cbda3d79454dc7a628fc9ee0e947d3618c0d7f624a4ee7792ebdefa93949ddc632231b6b4ffe22df49be87e1adf93c1,JF172446,,3/13/2022 12:00,25,NO CONTROLS,NO CONTROLS,CLEAR,DAYLIGHT,REAR END,ONE-WAY,,STRAIGHT AND LEVEL,DRY,NO DEFECTS,NOT ON SCENE (DESK REPORT),NO INJURY / DRIVE AWAY,,,,"OVER $1,500",3/13/2022 12:09,FOLLOWING TOO CLOSELY,NOT APPLICABLE,3720,W,62ND ST,823,,,,,,,2,NO INDICATION OF INJURY,0,0,0,0,0,2,0,12,1,3,41.78069122,-87.71633797,POINT (-87.716337964556 41.780691223176)
0a86fe483cd66490afa0f6e14f52b7119c7c17efe69a1750b57dd7c86d43116acfc949477d59f93e88682f1c058cf938ae1937c7e7b059e91604151caf2039a8,,,4/9/2022 11:27,30,NO CONTROLS,NO CONTROLS,CLEAR,DAYLIGHT,PARKED MOTOR VEHICLE,NOT DIVIDED,,STRAIGHT AND LEVEL,DRY,NO DEFECTS,NOT ON SCENE (DESK REPORT),NO INJURY / DRIVE AWAY,,,,"$501 - $1,500",4/9/2022 12:55,UNABLE TO DETERMINE,NOT APPLICABLE,6008,N,WINTHROP AVE,2433,,,,,,,2,NO INDICATION OF INJURY,0,0,0,0,0,1,0,11,7,4,41.99125809,-87.65839958,POINT (-87.658399584445 41.991258086542)
fefecb899de4d9f0023d43ca9692fec15ba5755190db3de19e4e681e612aef38454d7fd97ca46623c75255d5db4a68be01c808508b7ab3db619a8ba256102784,JD315884,,7/31/2020 4:33,30,NO CONTROLS,NO CONTROLS,CLEAR,"DARKNESS, LIGHTED ROAD",REAR TO FRONT,OTHER,,STRAIGHT AND LEVEL,DRY,NO DEFECTS,,NO INJURY / DRIVE AWAY,,,Y,"OVER $1,500",7/31/2020 4:33,FAILING TO REDUCE SPEED TO AVOID CRASH,DRIVING ON WRONG SIDE/WRONG WAY,726,E,83RD ST,631,,,,,,,2,NO INDICATION OF INJURY,0,0,0,0,0,3,0,4,6,7,41.7440579,-87.60630786,POINT (-87.606307860067 41.744057897629)
ff17961d6c69a52b53507a46d14215d7db8e13183c728b4a913e22480fb1dc558d4c257cc7a4f568327b577e225ada1850cc87b9e37a8543bebb465bc18a8e36,JD466990,,12/22/2020 23:15,30,UNKNOWN,UNKNOWN,CLEAR,"DARKNESS, LIGHTED ROAD",PEDESTRIAN,FOUR WAY,,STRAIGHT AND LEVEL,DRY,UNKNOWN,,INJURY AND / OR TOW DUE TO CRASH,,,N,$500 OR LESS,12/23/2020 0:36,UNABLE TO DETERMINE,NOT APPLICABLE,7900,S,STONY ISLAND AVE,411,,,,,,,2,INCAPACITATING INJURY,1,0,1,0,0,1,0,23,3,12,41.7514606,-87.58597199,POINT (-87.585971992965 41.751460603167)
0143f1e2180b2d0ead9e65073c7508bda5d240397cd6b7bd1499c38810fc0cc74740b4d78eee97ad5ffc03b260776274ba11d1fae3c0d4e4b6cd38ac32a9f6d8,,,4/8/2022 13:30,60,TRAFFIC SIGNAL,FUNCTIONING PROPERLY,RAIN,DAYLIGHT,REAR END,NOT DIVIDED,,STRAIGHT AND LEVEL,WET,NO DEFECTS,ON SCENE,INJURY AND / OR TOW DUE TO CRASH,,,,"OVER $1,500",4/8/2022 13:55,FOLLOWING TOO CLOSELY,FOLLOWING TOO CLOSELY,6525,W,IRVING PARK RD,1632,,,,,,,2,NO INDICATION OF INJURY,0,0,0,0,0,2,0,13,6,4,41.95274854,-87.7900133,POINT (-87.790013300097 41.952748536027)
019cf65e4f5b3b4eef1f6630a9207b5ad730b536aa1920742d98d1c692862e21e450ba6204efaa240c39c919f3b78ab7139c960066bba70df3fe78a91f346f55,,,4/8/2022 20:45,30,NO CONTROLS,NO CONTROLS,SNOW,"DARKNESS, LIGHTED ROAD",REAR END,ONE-WAY,,STRAIGHT AND LEVEL,SNOW OR SLUSH,NO DEFECTS,NOT ON SCENE (DESK REPORT),NO INJURY / DRIVE AWAY,,,Y,"OVER $1,500",4/9/2022 22:10,FOLLOWING TOO CLOSELY,NOT APPLICABLE,1800,S,UNION AVE,1235,,,,,,,2,NO INDICATION OF INJURY,0,0,0,0,0,2,0,20,6,4,41.85753086,-87.64492861,POINT (-87.644928607359 41.857530859236)
03c5ecbeca073f461fa5e116f4aece5297dee2fbb628de06ee00fa5ba294fcb72f8adcd65d3caef62ce80147a7e9406f268db755552f84c93922ac308afc395a,,,4/7/2022 20:30,30,NO CONTROLS,NO CONTROLS,UNKNOWN,UNKNOWN,PARKED MOTOR VEHICLE,NOT DIVIDED,,STRAIGHT AND LEVEL,UNKNOWN,NO DEFECTS,ON SCENE,NO INJURY / DRIVE AWAY,,,Y,"OVER $1,500",4/8/2022 9:40,UNABLE TO DETERMINE,UNABLE TO DETERMINE,10835,S,AVENUE E,432,,,,,,,2,NO INDICATION OF INJURY,0,0,0,0,0,1,0,20,5,4,41.69808189,-87.52909624,POINT (-87.529096244073 41.698081893446)
001cf150b3b8ec24ca8bf28a321720edaa9505fc63bc18896bbb5688c637f6bf9f46f03e1164150d43d6a96707c288e6c00f7149e413ca365561e60f3253bceb,,,4/9/2022 10:24,30,STOP SIGN/FLASHER,FUNCTIONING PROPERLY,CLOUDY/OVERCAST,DAYLIGHT,ANGLE,FOUR WAY,,STRAIGHT AND LEVEL,DRY,UNKNOWN,ON SCENE,INJURY AND / OR TOW DUE TO CRASH,,,Y,"OVER $1,500",4/9/2022 10:24,FAILING TO YIELD RIGHT-OF-WAY,UNABLE TO DETERMINE,7001,S,PAULINA ST,735,,,,,,,2,"REPORTED, NOT EVIDENT",1,0,0,0,1,3,0,10,7,4,41.76661642,-87.66614564,POINT (-87.666145640879 41.766616421751)
0192465aca796d2e05bb2bb4d55554a88306c3335bca2d1b5a89e3623c74021364825ad08f33baeceda982f4b3789d418dcd19fad53949fd5a80389126478029,,,4/9/2022 17:01,30,TRAFFIC SIGNAL,FUNCTIONING PROPERLY,CLEAR,DAYLIGHT,TURNING,DIVIDED - W/MEDIAN (NOT RAISED),,STRAIGHT AND LEVEL,DRY,NO DEFECTS,ON SCENE,INJURY AND / OR TOW DUE TO CRASH,Y,,,"OVER $1,500",4/9/2022 17:01,DISREGARDING TRAFFIC SIGNALS,NOT APPLICABLE,2400,W,87TH ST,835,,,,,,,2,NO INDICATION OF INJURY,0,0,0,0,0,3,0,17,7,4,41.73563533,-87.68265034,POINT (-87.682650342555 41.735635328819)
3e3f8a1fcee88e6a0571f77c4afe26ac3b0cce4627c9fee6f520e5b5166fcf8743310c23419ad7a6518e46e8155555f0f559b1928d2ca8423307652bb82f83a7,JF172224,,3/13/2022 3:40,30,TRAFFIC SIGNAL,FUNCTIONING PROPERLY,CLEAR,"DARKNESS, LIGHTED ROAD",REAR END,NOT DIVIDED,,STRAIGHT AND LEVEL,DRY,NO DEFECTS,NOT ON SCENE (DESK REPORT),INJURY AND / OR TOW DUE TO CRASH,,,Y,"OVER $1,500",3/13/2022 5:15,UNABLE TO DETERMINE,UNABLE TO DETERMINE,7201,W,IRVING PARK RD,1631,,,,,,,2,"REPORTED, NOT EVIDENT",2,0,0,0,2,3,0,3,1,3,41.95265541,-87.80733132,POINT (-87.807331324127 41.952655406155)
01a49297193d4d49269f170101f1a915ef85576605a789157b7fbfbdffa719f94f7e0e265e5539b79ebf1bda59f081143c8d280ed436894ccb7e4a52b8aeb9f2,,,4/9/2022 14:50,30,NO CONTROLS,NO CONTROLS,CLEAR,DAYLIGHT,REAR TO FRONT,ONE-WAY,,STRAIGHT AND LEVEL,DRY,UNKNOWN,NOT ON SCENE (DESK REPORT),NO INJURY / DRIVE AWAY,,,,"OVER $1,500",4/9/2022 15:50,UNABLE TO DETERMINE,UNABLE TO DETERMINE,4902,N,NATOMA AVE,1613,,,,,,,2,NO INDICATION OF INJURY,0,0,0,0,0,4,0,14,7,4,41.97032785,-87.79297153,POINT (-87.792971525021 41.970327854048)
07e5cc0eb0d670afd7ec1d012431151ef5880028980954606148b030922bb56f1f46d567c0eb48966874afaf59048827275953d1e465b748975d9aacb2c089e3,,,4/7/2022 10:11,30,PEDESTRIAN CROSSING SIGN,NO CONTROLS,CLEAR,DAYLIGHT,PEDESTRIAN,DIVIDED - W/MEDIAN (NOT RAISED),,STRAIGHT AND LEVEL,DRY,NO DEFECTS,ON SCENE,NO INJURY / DRIVE AWAY,,,,$500 OR LESS,4/7/2022 10:12,FAILING TO YIELD RIGHT-OF-WAY,UNABLE TO DETERMINE,3422,S,STATE ST,211,,,,,,,2,NO INDICATION OF INJURY,0,0,0,0,0,2,0,10,5,4,41.8321227,-87.62681712,POINT (-87.626817117625 41.832122699444)
075ce0efc5167b81357c304f2e49286b18dee73f5857201c375b043a83fae483525ce28356eb3f0af4216d9d199f43c8a9e5940004b8515eba28b7d097507142,,,4/9/2022 1:00,30,NO CONTROLS,NO CONTROLS,CLEAR,DAYLIGHT,PARKED MOTOR VEHICLE,ONE-WAY,,STRAIGHT AND LEVEL,DRY,NO DEFECTS,NOT ON SCENE (DESK REPORT),NO INJURY / DRIVE AWAY,,,Y,"OVER $1,500",4/9/2022 13:15,UNABLE TO DETERMINE,UNABLE TO DETERMINE,1448,W,68TH ST,725,,,,,,,2,NO INDICATION OF INJURY,0,0,0,0,0,1,0,1,7,4,41.77052359,-87.66106433,POINT (-87.6610643266 41.770523589881)
0b3f90679b12bcbeaaad181c23e69f8983ac93a82999d9f31f2f0eeab37a09ed0730042fbab956cc7fb9d73f767e05e61a02bf62e43b214c87c3d01d28497b1b,,,4/9/2022 12:41,30,TRAFFIC SIGNAL,FUNCTIONING PROPERLY,CLEAR,DAYLIGHT,SIDESWIPE SAME DIRECTION,ONE-WAY,,STRAIGHT AND LEVEL,DRY,NO DEFECTS,ON SCENE,INJURY AND / OR TOW DUE TO CRASH,,,Y,"OVER $1,500",4/9/2022 12:41,"OPERATING VEHICLE IN ERRATIC, RECKLESS, CARELESS, NEGLIGENT OR AGGRESSIVE MANNER",FAILING TO REDUCE SPEED TO AVOID CRASH,1,E,HURON ST,1834,,,,,,,3,NO INDICATION OF INJURY,0,0,0,0,0,4,0,12,7,4,41.8947673,-87.62808317,POINT (-87.628083169556 41.894767299063)
035cbad394b83e6cb94ce8964e82a7ee47a9088e6fcbd4c49c11cf570b15b8e71611024a7e299e708fee113c53a1f20da5de1f012fc32929abe5aa4d51ee4ecc,,,4/8/2022 16:30,30,NO CONTROLS,NO CONTROLS,UNKNOWN,DAYLIGHT,TURNING,DIVIDED - W/MEDIAN (NOT RAISED),,STRAIGHT AND LEVEL,UNKNOWN,UNKNOWN,NOT ON SCENE (DESK REPORT),NO INJURY / DRIVE AWAY,,,,"OVER $1,500",4/9/2022 15:20,UNABLE TO DETERMINE,UNABLE TO DETERMINE,3348,W,BELMONT AVE,1733,,,,,,,2,NO INDICATION OF INJURY,0,0,0,0,0,2,0,16,6,4,41.93940387,-87.71204577,POINT (-87.712045771496 41.939403872021)
01e6adf2bdf43007b7c48fa9350e28f3834fcd774ab674bc39a67c928f034c2417f492d64e39f7487501aa0468e10e0a990414ebb3e2ca203275442997f7fc9b,,,4/8/2022 20:22,30,STOP SIGN/FLASHER,FUNCTIONING PROPERLY,RAIN,"DARKNESS, LIGHTED ROAD",REAR END,NOT DIVIDED,,STRAIGHT AND LEVEL,WET,NO DEFECTS,NOT ON SCENE (DESK REPORT),NO INJURY / DRIVE AWAY,,,,"OVER $1,500",4/8/2022 21:15,NOT APPLICABLE,NOT APPLICABLE,2426,S,MICHIGAN AVE,131,,,,,,,2,NO INDICATION OF INJURY,0,0,0,0,0,2,0,20,6,4,41.84845999,-87.62383717,POINT (-87.623837170068 41.848459984702)
0823c9103c0a298fd0928f7255de48d53313deb317a2746833b74df5be1c9107d852d08033e9cb2455e64c6e75d5f5d0b9ab51059a44a050e6ee8eb533da4547,,,4/9/2022 1:00,20,NO CONTROLS,NO CONTROLS,CLEAR,"DARKNESS, LIGHTED ROAD",PARKED MOTOR VEHICLE,NOT DIVIDED,,STRAIGHT AND LEVEL,WET,NO DEFECTS,NOT ON SCENE (DESK REPORT),NO INJURY / DRIVE AWAY,,,Y,"OVER $1,500",4/9/2022 12:10,UNABLE TO DETERMINE,NOT APPLICABLE,1615,N,ROCKWELL ST,1434,,,,,,,2,NO INDICATION OF INJURY,0,0,0,0,0,1,0,1,7,4,41.91075602,-87.6919677,POINT (-87.691967702616 41.910756017051)
40b1ec7225b76f809f82db5903860b75f8bc3e9124cb133ddd3fb0908dd5e164e2e3712a4b428141923f29631685afbc3b590db54ce7a2bc3e17d3d05b5947d9,JF172895,,3/13/2022 20:01,30,NO CONTROLS,NO CONTROLS,CLEAR,"DARKNESS, LIGHTED ROAD",PARKED MOTOR VEHICLE,ONE-WAY,,STRAIGHT AND LEVEL,DRY,NO DEFECTS,ON SCENE,INJURY AND / OR TOW DUE TO CRASH,,,Y,"OVER $1,500",3/13/2022 20:03,UNABLE TO DETERMINE,NOT APPLICABLE,4146,W,ADAMS ST,1115,,,,,,,2,NO INDICATION OF INJURY,0,0,0,0,0,1,0,20,1,3,41.87803481,-87.72990368,POINT (-87.729903679465 41.87803481394)
019977b822e501ed8c8eb07ec849f6ad8ce7dc9044ae2a63d46bc738fa622d94e2e750fb00361854996a0f5da16fd115fcf57827bf787c751340b62ab6a919ee,,,4/9/2022 8:00,30,TRAFFIC SIGNAL,FUNCTIONING PROPERLY,CLEAR,DAYLIGHT,ANGLE,FOUR WAY,,STRAIGHT AND LEVEL,DRY,NO DEFECTS,NOT ON SCENE (DESK REPORT),NO INJURY / DRIVE AWAY,,,,"OVER $1,500",4/9/2022 8:30,UNABLE TO DETERMINE,UNABLE TO DETERMINE,7585,N,MILWAUKEE AVE,1611,,,,,,,2,NO INDICATION OF INJURY,0,0,0,0,0,2,0,8,7,4,42.018956,-87.80739811,POINT (-87.807398105667 42.018955995459)
0b572f7b267992bd8799da5c4192aec449f7727733974dea88078a8258178dd8991b532805dcbc7c1bfc383e50512faf4a661cd068c569762da54a4d44d8b5ec,,,4/8/2022 11:18,30,NO CONTROLS,NO CONTROLS,CLEAR,DAYLIGHT,TURNING,ONE-WAY,,STRAIGHT AND LEVEL,DRY,NO DEFECTS,,NO INJURY / DRIVE AWAY,,,,"OVER $1,500",4/8/2022 13:00,IMPROPER OVERTAKING/PASSING,UNABLE TO DETERMINE,3843,S,INDIANA AVE,212,,,,,,,2,NO INDICATION OF INJURY,0,0,0,0,0,2,0,11,6,4,41.82432094,-87.62146824,POINT (-87.62146824263 41.824320939088)
05f465875da8dffec70121d5ad97f1ec0da22b4c46b265ea1da4641118d543ba61c92e25c16e616754e4d481b00cf1b821bda96cc432b19f6f8cfd4948617df4,,,4/9/2022 13:43,30,TRAFFIC SIGNAL,FUNCTIONING PROPERLY,CLEAR,DAYLIGHT,TURNING,NOT DIVIDED,,STRAIGHT AND LEVEL,DRY,NO DEFECTS,NOT ON SCENE (DESK REPORT),NO INJURY / DRIVE AWAY,,,,"OVER $1,500",4/9/2022 14:03,NOT APPLICABLE,NOT APPLICABLE,125,E,21ST ST,132,,,,,,,2,NO INDICATION OF INJURY,0,0,0,0,0,2,0,13,7,4,41.85419319,-87.62269641,POINT (-87.622696408126 41.854193193301)
005caf491823bf8cd63fca547a177f44d619fd407239b5ea744f7727cf73732e4c7a4b3fb350d5c02d35b96c712d908ccfe724f7730ad4ac9df35ac48d4f592e,,,4/9/2022 9:30,30,TRAFFIC SIGNAL,FUNCTIONING PROPERLY,CLEAR,DAYLIGHT,ANGLE,ONE-WAY,,STRAIGHT AND LEVEL,DRY,NO DEFECTS,ON SCENE,NO INJURY / DRIVE AWAY,Y,,,"OVER $1,500",4/9/2022 9:31,DISREGARDING OTHER TRAFFIC SIGNS,FAILING TO YIELD RIGHT-OF-WAY,1758,S,UNION AVE,1235,,,,,,,2,NO INDICATION OF INJURY,0,0,0,0,0,2,0,9,7,4,41.85759725,-87.64492977,POINT (-87.64492977334 41.857597249989)
0302c58dce13994978a08cceb149a610abdf7328d72c662dbd76720b37d3482cda72f91d89b80deef797f0d184b3250ee8b9e8b444a470c25f7a8bcaaa64517c,,,4/4/2022 6:50,40,NO CONTROLS,NO CONTROLS,RAIN,DAWN,FIXED OBJECT,DIVIDED - W/MEDIAN BARRIER,,"CURVE, LEVEL",WET,NO DEFECTS,ON SCENE,NO INJURY / DRIVE AWAY,,,,"OVER $1,500",4/4/2022 6:55,FAILING TO REDUCE SPEED TO AVOID CRASH,NOT APPLICABLE,1000,N,LAKE SHORE DR NB,1824,,,,,,,1,NO INDICATION OF INJURY,0,0,0,0,0,1,0,6,2,4,41.90095892,-87.61992817,POINT (-87.619928173678 41.900958919109)
036db93b1c11b83a81ec678ef56c8707dc5245644d2e5b842b0404137a53e26d93744319a8a5452f336417454f37e6ee21219ffbdececbfabeda83178b6fc608,,,4/4/2022 0:15,25,NO CONTROLS,NO CONTROLS,RAIN,DARKNESS,PARKED MOTOR VEHICLE,NOT DIVIDED,,STRAIGHT AND LEVEL,WET,UNKNOWN,ON SCENE,NO INJURY / DRIVE AWAY,,,,"OVER $1,500",4/4/2022 0:21,FAILING TO REDUCE SPEED TO AVOID CRASH,UNABLE TO DETERMINE,9150,S,COLFAX AVE,423,,,,,,,3,NO INDICATION OF INJURY,0,0,0,0,0,1,0,0,2,4,41.72844214,-87.56103084,POINT (-87.561030834624 41.728442139601)
0244e2ca3afcd75d63987dc2ad69a4f8e3714b99170398df93aa6dc3d423b276142e89ef35c15b8c420fd1ba0b85301e580dcf4e624879afe648e694126d11ac,,,4/9/2022 20:27,30,NO CONTROLS,NO CONTROLS,CLEAR,"DARKNESS, LIGHTED ROAD",SIDESWIPE SAME DIRECTION,NOT DIVIDED,,STRAIGHT AND LEVEL,DRY,NO DEFECTS,ON SCENE,NO INJURY / DRIVE AWAY,,,Y,"OVER $1,500",4/9/2022 20:31,IMPROPER OVERTAKING/PASSING,IMPROPER OVERTAKING/PASSING,435,W,DIVERSEY PKWY,1935,Y,Y,,,,,2,NO INDICATION OF INJURY,0,0,0,0,0,2,0,20,7,4,41.93277261,-87.64076403,POINT (-87.640764030251 41.932772606941)
083daf9feae9d56a24d712ffef41440fc8fa889abb80af9b000dfdea8eb3435f5e376f109f771746bfc9f841947e8650717fb54ba666ac0166dc1a710737acf2,,,4/3/2022 5:12,30,NO CONTROLS,NO CONTROLS,UNKNOWN,DAWN,PARKED MOTOR VEHICLE,DIVIDED - W/MEDIAN (NOT RAISED),,STRAIGHT AND LEVEL,WET,UNKNOWN,,INJURY AND / OR TOW DUE TO CRASH,,,Y,"OVER $1,500",4/3/2022 5:13,FAILING TO REDUCE SPEED TO AVOID CRASH,UNABLE TO DETERMINE,2443,W,TOUHY AVE,2411,,,,,,,5,NO INDICATION OF INJURY,0,0,0,0,0,1,0,5,1,4,42.0121349,-87.69190961,POINT (-87.691909612661 42.012134898331)