CRASH_RECORD_ID,RD_NO,CRASH_DATE_EST_I,CRASH_DATE,POSTED_SPEED_LIMIT,TRAFFIC_CONTROL_DEVICE,DEVICE_CONDITION,WEATHER_CONDITION,LIGHTING_CONDITION,FIRST_CRASH_TYPE,TRAFFICWAY_TYPE,LANE_CNT,ALIGNMENT,ROADWAY_SURFACE_COND,ROAD_DEFECT,REPORT_TYPE,CRASH_TYPE,INTERSECTION_RELATED_I,NOT_RIGHT_OF_WAY_I,HIT_AND_RUN_I,DAMAGE,DATE_POLICE_NOTIFIED,PRIM_CONTRIBUTORY_CAUSE,SEC_CONTRIBUTORY_CAUSE,STREET_NO,STREET_DIRECTION,STREET_NAME,BEAT_OF_OCCURRENCE,PHOTOS_TAKEN_I,STATEMENTS_TAKEN_I,DOORING_I,WORK_ZONE_I,WORK_ZONE_TYPE,WORKERS_PRESENT_I,NUM_UNITS,MOST_SEVERE_INJURY,INJURIES_TOTAL,INJURIES_FATAL,INJURIES_INCAPACITATING,INJURIES_NON_INCAPACITATING,INJURIES_REPORTED_NOT_EVIDENT,INJURIES_NO_INDICATION,INJURIES_UNKNOWN,CRASH_HOUR,CRASH_DAY_OF_WEEK,CRASH_MONTH,LATITUDE,LONGITUDE,LOCATION
54aecbb28728fdfc74452b07c30083c20e98da366d44d767928d65c4a2bf2d9986f8c2c99eb199b0fc6c651624b8a0407ef863355762c5a0e5eeeb01b93b983b,JE410989,,10/15/2021 18:28,30,TRAFFIC SIGNAL,FUNCTIONING PROPERLY,CLEAR,"DARKNESS, LIGHTED ROAD",SIDESWIPE OPPOSITE DIRECTION,NOT DIVIDED,,STRAIGHT AND LEVEL,DRY,NO DEFECTS,,INJURY AND / OR TOW DUE TO CRASH,Y,,,"OVER $1,500",10/15/2021 19:00,FAILING TO YIELD RIGHT-OF-WAY,NOT APPLICABLE,1358,E,75TH ST,324,,,,,,,2,NONINCAPACITATING INJURY,4,0,0,3,1,0,0,18,6,10,41.75883292,-87.59086222,POINT (-87.590862222785 41.758832919669)
04ffa0c358720fe69996577dfa48cd810b3371d2cdb9390fb85ce6680b41aa847a564920851a25adf17457ac0a4b4a85336356ebe2cc919224fa79b9d9c9588d,,,4/9/2022 10:15,30,TRAFFIC SIGNAL,UNKNOWN,CLEAR,DAYLIGHT,SIDESWIPE SAME DIRECTION,NOT DIVIDED,,STRAIGHT AND LEVEL,UNKNOWN,UNKNOWN,NOT ON SCENE (DESK REPORT),NO INJURY / DRIVE AWAY,,,,"OVER $1,500",4/9/2022 10:15,UNABLE TO DETERMINE,NOT APPLICABLE,5601,N,CUMBERLAND AVE,1614,,,,,,,2,NO INDICATION OF INJURY,0,0,0,0,0,2,0,10,7,4,41.98120565,-87.83643433,POINT (-87.836434326742 41.98120564746)
0199e86a806c3afa425a843eb2a3dc5243127c4b0d25ea0ef0cacecf9a6374a2d1f44a0fa6df18a1f0902a196b2faf0763d1495d2d10a6ecdbc52d9fe861d717,,,4/9/2022 16:45,30,NO CONTROLS,NO CONTROLS,CLEAR,DAYLIGHT,PARKED MOTOR VEHICLE,ONE-WAY,,STRAIGHT AND LEVEL,DRY,NO DEFECTS,ON SCENE,NO INJURY / DRIVE AWAY,,,Y,$500 OR LESS,4/9/2022 16:54,UNABLE TO DETERMINE,UNABLE TO DETERMINE,210,S,WABASH AVE,113,,,,,,,2,NO INDICATION OF INJURY,0,0,0,0,0,1,0,16,7,4,41.87922523,-87.62626119,POINT (-87.626261192317 41.879225226624)
09b1ea5aa26f1080d61698158f3f92cce849fdf74ac38b7b7ad6fd82d097845b3029709fd759a05c99c4c60b63ec199c1dd8e17fb36a2ed4daf5caa489745ed5,,,4/8/2022 14:10,20,STOP SIGN/FLASHER,FUNCTIONING PROPERLY,RAIN,DAYLIGHT,PEDALCYCLIST,NOT DIVIDED,,STRAIGHT AND LEVEL,WET,NO DEFECTS,ON SCENE,INJURY AND / OR TOW DUE TO CRASH,Y,,,$500 OR LESS,4/8/2022 14:15,UNABLE TO DETERMINE,NOT APPLICABLE,1500,W,ESTES AVE,2423,,,,,,,2,NONINCAPACITATING INJURY,1,0,0,1,0,1,0,14,6,4,42.01163596,-87.66809909,POINT (-87.668099087818 42.011635959539)
036e8945338a954a6c91e2488c9f69d9438af8124b50941c7f0bc587e637f416108752c59446b43cd19d5b9cf1461838dcf26a0afee50e50b9f65f8842704b06,,,4/3/2022 12:40,30,OTHER,FUNCTIONING PROPERLY,CLEAR,DAYLIGHT,HEAD ON,NOT DIVIDED,,STRAIGHT AND LEVEL,DRY,UNKNOWN,ON SCENE,INJURY AND / OR TOW DUE TO CRASH,,,,"OVER $1,500",4/3/2022 12:45,UNABLE TO DETERMINE,NOT APPLICABLE,1535,S,PULASKI RD,1014,,,,,,,2,NONINCAPACITATING INJURY,2,0,0,2,0,1,0,12,1,4,41.85964231,-87.72483054,POINT (-87.724830539432 41.85964230919)
003610d2c3566455ee875a6fa694876ebe517deb265905b3c1c8619c69ab1d7f5ca2d5df3029f145924de2eb83920b89a65bd05a051b81fed8c79dbb122bea4c,,,4/8/2022 22:25,30,STOP SIGN/FLASHER,NO CONTROLS,RAIN,"DARKNESS, LIGHTED ROAD",SIDESWIPE SAME DIRECTION,ONE-WAY,,STRAIGHT AND LEVEL,WET,NO DEFECTS,NOT ON SCENE (DESK REPORT),NO INJURY / DRIVE AWAY,,,,"OVER $1,500",4/9/2022 12:30,FAILING TO YIELD RIGHT-OF-WAY,NOT APPLICABLE,190,W,LAKE ST,122,,,,,,,2,NO INDICATION OF INJURY,0,0,0,0,0,3,0,22,6,4,41.88583945,-87.6336344,POINT (-87.633634402341 41.885839450096)
017d7cbfcfb43e93ab8053da1a2aca0d8edd6b5d3645f0ef2dfbf6b9f37d8f2eba39c38102c163c69efd50b451006415be4ab03793b062e8400dd7af2d2d2d83,,,4/3/2022 15:07,30,OTHER WARNING SIGN,FUNCTIONING PROPERLY,CLEAR,DAYLIGHT,TURNING,ONE-WAY,,STRAIGHT AND LEVEL,DRY,NO DEFECTS,,NO INJURY / DRIVE AWAY,,,,"OVER $1,500",4/3/2022 15:45,DRIVING ON WRONG SIDE/WRONG WAY,DRIVING ON WRONG SIDE/WRONG WAY,8704,S,BURLEY AVE,424,,,,,,,2,NO INDICATION OF INJURY,0,0,0,0,0,2,0,15,1,4,41.73725572,-87.54597935,POINT (-87.545979344706 41.737255721477)
45c10854d0cb9efe7de97dd64a9a6fdf4c9c67299531399da05bc7fb97e64f3e41b324e63c744b22d263257771cf23db35e36d0add106d1671509a71dd9f628f,JF173022,,3/13/2022 23:12,30,TRAFFIC SIGNAL,FUNCTIONING PROPERLY,CLEAR,"DARKNESS, LIGHTED ROAD",TURNING,NOT DIVIDED,,STRAIGHT AND LEVEL,DRY,NO DEFECTS,ON SCENE,INJURY AND / OR TOW DUE TO CRASH,Y,,,"OVER $1,500",3/13/2022 23:13,IMPROPER TURNING/NO SIGNAL,UNABLE TO DETERMINE,7600,S,VINCENNES AVE,623,,,,,,,2,"REPORTED, NOT EVIDENT",1,0,0,0,1,3,0,23,1,3,41.7562857,-87.63240666,POINT (-87.632406662789 41.756285700818)
4610bf288dac11d79fdcff4dba9791091512db7f939ec449bbe55664b860be15a4ef9d949a9447a777a38f7bca0917f2282af9ca21b5e6b6cd2243c16ab385bc,JE351079,,8/26/2021 18:22,30,NO CONTROLS,NO CONTROLS,CLEAR,DAYLIGHT,SIDESWIPE SAME DIRECTION,OTHER,,STRAIGHT AND LEVEL,DRY,NO DEFECTS,,NO INJURY / DRIVE AWAY,,,,"$501 - $1,500",8/26/2021 18:55,UNABLE TO DETERMINE,NOT APPLICABLE,3127,W,LOGAN BLVD,1414,,,,,,,2,NO INDICATION OF INJURY,0,0,0,0,0,3,0,18,5,8,41.92786437,-87.70609858,POINT (-87.706098577144 41.927864368155)
08f4d1ca62eec8c2f9bcc20999c28adfd43055679b41dbe5c36c9cea1a7db0b84cce294e6104659e19402c922e332c945be3c948179862681f3af6be50232866,JF195876,,3/23/2022 5:15,30,NO CONTROLS,NO CONTROLS,CLEAR,UNKNOWN,FIXED OBJECT,NOT DIVIDED,,STRAIGHT AND LEVEL,UNKNOWN,UNKNOWN,NOT ON SCENE (DESK REPORT),NO INJURY / DRIVE AWAY,,,,$500 OR LESS,4/3/2022 15:20,UNABLE TO DETERMINE,UNABLE TO DETERMINE,1958,S,DAMEN AVE,1234,,,,,,,1,NO INDICATION OF INJURY,0,0,0,0,0,1,0,5,4,3,41.85494647,-87.676068,POINT (-87.676067997268 41.854946471903)
05646e79513082b2fb2b91cadb3ec1fb579c1ce4cf40bcd51db798b3d52c08abf5c8f82e7084b73887b237315c58a285b8854d65249c00f557878790ce88507f,,,4/9/2022 9:35,15,NO CONTROLS,NO CONTROLS,CLEAR,DAYLIGHT,FIXED OBJECT,PARKING LOT,,STRAIGHT AND LEVEL,UNKNOWN,UNKNOWN,ON SCENE,NO INJURY / DRIVE AWAY,,Y,,"OVER $1,500",4/9/2022 9:39,UNABLE TO DETERMINE,DISTRACTION - FROM OUTSIDE VEHICLE,33,W,MONROE ST,112,,,,,,,1,NO INDICATION OF INJURY,0,0,0,0,0,1,0,9,7,4,41.88061601,-87.62904943,POINT (-87.62904942472 41.88061600574)
0282ad066c4433bfbc89587d824eab4f39bd07c8e2e4b4c7b4b68a15717145f80053fc446b2357ccf91ad76e2527af0d54d1fc702d609f77adc120df6b7ad72f,,,4/9/2022 15:30,30,NO CONTROLS,NO CONTROLS,CLEAR,DAYLIGHT,REAR END,DIVIDED - W/MEDIAN (NOT RAISED),,STRAIGHT AND LEVEL,DRY,NO DEFECTS,NOT ON SCENE (DESK REPORT),NO INJURY / DRIVE AWAY,,,,"$501 - $1,500",4/9/2022 16:07,FOLLOWING TOO CLOSELY,NOT APPLICABLE,6743,W,BELMONT AVE,2511,,,,,,,3,NO INDICATION OF INJURY,0,0,0,0,0,7,0,15,7,4,41.93805929,-87.79500371,POINT (-87.795003706801 41.938059291151)
90566f6227b9b61cf124637dcc1e16e7ccbab84133fb33865cd8423361d4661b720ac1c6465612566499a063a221005770fbefccae1fa1cb4a8b78240cbd3675,JF185923,,3/24/2022 16:50,20,NO CONTROLS,NO CONTROLS,RAIN,DAYLIGHT,SIDESWIPE SAME DIRECTION,ONE-WAY,,STRAIGHT AND LEVEL,WET,UNKNOWN,NOT ON SCENE (DESK REPORT),NO INJURY / DRIVE AWAY,,,,"OVER $1,500",3/25/2022 9:53,UNABLE TO DETERMINE,UNABLE TO DETERMINE,5650,N,MOZART ST,2011,,,,,,,2,NO INDICATION OF INJURY,0,0,0,0,0,2,0,16,5,3,41.98461372,-87.70056525,POINT (-87.700565250281 41.984613716529)
254885134b3f62a4060f9660589925370ebd7fd2694c2d4e1da74ee7a4118ff1b11ee1112141635c6af0a92eb1f371e1610a6af566aecc6540d06c8f723ae014,,,4/9/2022 22:30,30,STOP SIGN/FLASHER,FUNCTIONING PROPERLY,CLEAR,"DARKNESS, LIGHTED ROAD",REAR END,NOT DIVIDED,,STRAIGHT AND LEVEL,DRY,NO DEFECTS,NOT ON SCENE (DESK REPORT),NO INJURY / DRIVE AWAY,,,,"OVER $1,500",4/9/2022 23:30,FOLLOWING TOO CLOSELY,NOT APPLICABLE,5858,S,KEDZIE AVE,822,,,,,,,4,NO INDICATION OF INJURY,0,0,0,0,0,4,0,22,7,4,41.78633718,-87.70349759,POINT (-87.703497589963 41.786337179534)
1792d150f16244618357df45203b0ffe7bb798db5dec4a0758873df117ec34073ea9e2b4f45abb0c166a50c691fc1bcbc332853fef55c92abdd67bc03dca2eac,,,4/9/2022 4:18,30,TRAFFIC SIGNAL,FUNCTIONING PROPERLY,CLEAR,"DARKNESS, LIGHTED ROAD",ANGLE,Y-INTERSECTION,,STRAIGHT AND LEVEL,WET,NO DEFECTS,ON SCENE,INJURY AND / OR TOW DUE TO CRASH,Y,,N,"OVER $1,500",4/9/2022 4:28,FAILING TO YIELD RIGHT-OF-WAY,DRIVING SKILLS/KNOWLEDGE/EXPERIENCE,2530,N,WESTERN AVE,1431,,,,,,,2,NO INDICATION OF INJURY,0,0,0,0,0,2,0,4,7,4,41.92740336,-87.6878756,POINT (-87.687875599939 41.927403358141)
fe4b105926949f6ab47c3a9030ac47eb00d7a43bfc5213829ea49d233ec77a229203a1a5b66fac5c8bd73e7f2af9025d242633443f1d5f263c5baa8bd880404f,,,4/8/2022 8:00,25,NO CONTROLS,NO CONTROLS,RAIN,DAYLIGHT,PARKED MOTOR VEHICLE,NOT DIVIDED,,STRAIGHT AND LEVEL,WET,UNKNOWN,NOT ON SCENE (DESK REPORT),NO INJURY / DRIVE AWAY,,,,"OVER $1,500",4/8/2022 11:45,UNABLE TO DETERMINE,UNABLE TO DETERMINE,1518,W,GRANVILLE AVE,2433,,,,,,,2,NO INDICATION OF INJURY,0,0,0,0,0,2,0,8,6,4,41.99456814,-87.6685227,POINT (-87.668522704016 41.994568139517)
e55b2ed3de63287813e972d55021e456afc9c4fa59d25d208545034a5d45adcf968623e7ac8ba11721a745952d5c1e2c0798f9abcc364890b2e664f59c890074,,,4/8/2022 23:40,30,TRAFFIC SIGNAL,FUNCTIONING PROPERLY,FREEZING RAIN/DRIZZLE,"DARKNESS, LIGHTED ROAD",SIDESWIPE SAME DIRECTION,RAMP,,"CURVE, LEVEL",WET,NO DEFECTS,ON SCENE,NO INJURY / DRIVE AWAY,,,Y,"OVER $1,500",4/8/2022 23:43,IMPROPER OVERTAKING/PASSING,IMPROPER OVERTAKING/PASSING,1000,N,MILWAUKEE AVE,1213,,,,,,,2,NO INDICATION OF INJURY,0,0,0,0,0,2,0,23,6,4,41.8997595,-87.66107806,POINT (-87.661078061362 41.899759497226)
a0f9e5db395a4fcc66d701e5e19d28997577e30fe184c606fc98e78f6655eec85401277b00386d3e21691c31165907004cb45fc98420bb3c17d2a23b9b92a796,,,4/9/2022 13:21,30,TRAFFIC SIGNAL,FUNCTIONING PROPERLY,CLEAR,DAYLIGHT,REAR END,NOT DIVIDED,,STRAIGHT AND LEVEL,DRY,NO DEFECTS,NOT ON SCENE (DESK REPORT),NO INJURY / DRIVE AWAY,,,,$500 OR LESS,4/9/2022 14:15,UNABLE TO DETERMINE,NOT APPLICABLE,1524,W,CORTLAND ST,1433,,,,,,,2,NO INDICATION OF INJURY,0,0,0,0,0,2,0,13,7,4,41.91657116,-87.66640272,POINT (-87.66640271792 41.91657115812)
486ca4b51f2ab8882e6d1166f5eb1116874b697aae121a43c0ba3fe861f41cea6e87974681b4f7b7a7565f752e7cc158148875c066605177aa1e4e938c899646,JF172733,,3/13/2022 7:00,30,NO CONTROLS,NO CONTROLS,CLEAR,DAYLIGHT,PARKED MOTOR VEHICLE,NOT DIVIDED,,STRAIGHT AND LEVEL,DRY,NO DEFECTS,NOT ON SCENE (DESK REPORT),INJURY AND / OR TOW DUE TO CRASH,,,Y,"OVER $1,500",3/13/2022 17:00,"OPERATING VEHICLE IN ERRATIC, RECKLESS, CARELESS, NEGLIGENT OR AGGRESSIVE MANNER",UNABLE TO DETERMINE,12200,S,MICHIGAN AVE,532,,,,,,,2,NO INDICATION OF INJURY,0,0,0,0,0,1,0,7,1,3,41.67253714,-87.62049085,POINT (-87.620490844704 41.67253713888)
6d9975e3380bb764a13438f15b536e770e87b24277b3f95ee03010827d4453c51ef724f6a0e04aef1b5f95b87efecd98108b7960a6c6f762b8107f723c6f16da,,Y,4/8/2022 19:09,30,NO CONTROLS,NO CONTROLS,RAIN,"DARKNESS, LIGHTED ROAD",SIDESWIPE SAME DIRECTION,NOT DIVIDED,,STRAIGHT AND LEVEL,WET,UNKNOWN,ON SCENE,INJURY AND / OR TOW DUE TO CRASH,,,,"OVER $1,500",4/8/2022 19:10,DRIVING SKILLS/KNOWLEDGE/EXPERIENCE,UNABLE TO DETERMINE,3219,W,LAKE ST,1123,,,,,,,2,NO INDICATION OF INJURY,0,0,0,0,0,2,0,19,6,4,41.88428832,-87.70701463,POINT (-87.70701462744 41.884288316328)
1c34a0683807431097579535c2116433b164e178b7e8ca55df403b6c0a48cd2ad1e680dc258f3abb7d4099e272774936ec0dfab409faf40a858d9d300a16f53b,,,4/8/2022 10:10,30,NO CONTROLS,NO CONTROLS,RAIN,DAYLIGHT,REAR END,NOT DIVIDED,,STRAIGHT AND LEVEL,WET,NO DEFECTS,ON SCENE,NO INJURY / DRIVE AWAY,,,,"OVER $1,500",4/8/2022 10:12,FAILING TO REDUCE SPEED TO AVOID CRASH,WEATHER,1425,N,WESTERN AVE,1424,,,,,,,2,NO INDICATION OF INJURY,0,0,0,0,0,4,0,10,6,4,41.90743952,-87.68699759,POINT (-87.686997590218 41.907439517608)
6f541e03d81c0a3a93743516719003cdbbadd0764a25e9ba58a48ce01989b8cc95d089c23a1aef8ae6f7af1447bdd0f72f1ce168c5ef18b7a7409125d000b834,,,4/8/2022 11:50,25,NO CONTROLS,NO CONTROLS,RAIN,DAYLIGHT,SIDESWIPE SAME DIRECTION,NOT DIVIDED,,STRAIGHT AND LEVEL,WET,NO DEFECTS,NOT ON SCENE (DESK REPORT),NO INJURY / DRIVE AWAY,,,,$500 OR LESS,4/8/2022 12:15,NOT APPLICABLE,NOT APPLICABLE,1200,S,ASHLAND AVE,1233,,,,,,,2,NO INDICATION OF INJURY,0,0,0,0,0,2,0,11,6,4,41.86681578,-87.66652926,POINT (-87.666529262922 41.86681578431)
45b2e8b4950462599bf3628777324f3a0bbf1f6db96eebd0c5bb50991144f1eb7474f6863aea0b83148873d8f5fc0cbb7ab7c20348b384a9f33ad2629703541e,,,4/9/2022 0:01,30,TRAFFIC SIGNAL,FUNCTIONING PROPERLY,SLEET/HAIL,DARKNESS,SIDESWIPE SAME DIRECTION,DIVIDED - W/MEDIAN BARRIER,,STRAIGHT AND LEVEL,WET,NO DEFECTS,ON SCENE,NO INJURY / DRIVE AWAY,Y,,Y,"OVER $1,500",4/9/2022 0:03,IMPROPER OVERTAKING/PASSING,UNABLE TO DETERMINE,80,E,LA SALLE DR,1814,,,,,,,2,NO INDICATION OF INJURY,0,0,0,0,0,4,0,0,7,4,41.91254854,-87.62716267,POINT (-87.627162667228 41.912548538618)
b62b59038c51052fa17d45d764a7cdc840a166db591e8b0460cb2e56bea0185a5df799b5746b40a7ce96fda2bdd419b6aed7b2edbed61d9c34c6564ed077c32c,,,4/9/2022 13:20,35,TRAFFIC SIGNAL,FUNCTIONING PROPERLY,CLEAR,DAYLIGHT,ANGLE,DIVIDED - W/MEDIAN (NOT RAISED),,STRAIGHT AND LEVEL,DRY,NO DEFECTS,NOT ON SCENE (DESK REPORT),INJURY AND / OR TOW DUE TO CRASH,Y,,,"OVER $1,500",4/9/2022 15:10,UNABLE TO DETERMINE,UNABLE TO DETERMINE,7500,S,LAFAYETTE AVE,623,,,,,,,2,NO INDICATION OF INJURY,0,0,0,0,0,2,0,13,7,4,41.75806853,-87.62651698,POINT (-87.626516982328 41.75806853202)
493415b03013815bbffc7c1bbe0a99af8c58c2ec81cebfb9d22702c7ca83abcde22787a61bfd8fc4e0eedd4bc18afde1a08c768328038b379839e9dc0ad9edb8,JD240798,Y,5/23/2020 20:56,30,OTHER,NO CONTROLS,RAIN,"DARKNESS, LIGHTED ROAD",PEDESTRIAN,NOT DIVIDED,,STRAIGHT AND LEVEL,WET,UNKNOWN,,INJURY AND / OR TOW DUE TO CRASH,,,N,"$501 - $1,500",5/23/2020 20:57,WEATHER,UNABLE TO DETERMINE,3851,W,CHICAGO AVE,1112,,,,,,,2,FATAL,1,1,0,0,0,2,0,20,7,5,41.89528311,-87.72323448,POINT (-87.723234484242 41.895283111599)
496576319533d330893a36b1e0aad3bd637074e9d4c3f8749dac93e01ae2ec098777e85babe94c11d6bff01c73cada6f5ffaea63674784467fad5718603072dc,JF172655,,3/13/2022 15:20,35,TRAFFIC SIGNAL,FUNCTIONING PROPERLY,CLEAR,DAYLIGHT,TURNING,DIVIDED - W/MEDIAN BARRIER,,STRAIGHT AND LEVEL,DRY,NO DEFECTS,ON SCENE,INJURY AND / OR TOW DUE TO CRASH,Y,,,"OVER $1,500",3/13/2022 15:51,FAILING TO YIELD RIGHT-OF-WAY,UNABLE TO DETERMINE,341,N,COLUMBUS DR,114,,,,,,,2,INCAPACITATING INJURY,1,0,1,0,0,1,0,15,1,3,41.88788465,-87.62051174,POINT (-87.620511740324 41.887884647066)
91cd436cb1ad918ad3e60a05045820bc155a585a68c3335d23d767cd50ff17dd8b1d6e97838b5948f5b4c37aba12754864e3b9b6276383109107f622021ffe6b,,,4/9/2022 7:50,30,NO CONTROLS,NO CONTROLS,CLEAR,DAYLIGHT,PARKED MOTOR VEHICLE,NOT DIVIDED,,STRAIGHT AND LEVEL,DRY,NO DEFECTS,ON SCENE,INJURY AND / OR TOW DUE TO CRASH,,,,"OVER $1,500",4/9/2022 7:55,NOT APPLICABLE,NOT APPLICABLE,164,S,KOSTNER AVE,1113,,,,,,,3,NO INDICATION OF INJURY,0,0,0,0,0,1,0,7,7,4,41.87790227,-87.73552872,POINT (-87.735528723272 41.877902269874)
efa7a5eb50bb7eec6b83e227c13237265e115adcb7ebe9f4c4fb2b850ecfd83bef644c1a49d52052e45c6b890f2c7397ddb5b6b7dd49406c676de21b61f17d50,,,4/9/2022 11:43,30,NO CONTROLS,NO CONTROLS,UNKNOWN,UNKNOWN,ANGLE,ONE-WAY,,STRAIGHT AND LEVEL,UNKNOWN,UNKNOWN,NOT ON SCENE (DESK REPORT),NO INJURY / DRIVE AWAY,,,Y,"OVER $1,500",4/9/2022 13:15,UNABLE TO DETERMINE,NOT APPLICABLE,7601,S,STATE ST,623,,,,,,,2,NO INDICATION OF INJURY,0,0,0,0,0,2,0,11,7,4,41.75640309,-87.62457652,POINT (-87.624576515698 41.756403092616)
3214842a85b53158af32c96dfaa0a9369efe1df0c2c12e67f21c812a39ca93cc397c0abec97794b485d2546fb4d521a394726f149553abc2fd14803ed0aefd81,,,4/9/2022 11:00,30,NO CONTROLS,NO CONTROLS,CLEAR,DAYLIGHT,SIDESWIPE SAME DIRECTION,NOT DIVIDED,,STRAIGHT AND LEVEL,DRY,NO DEFECTS,NOT ON SCENE (DESK REPORT),NO INJURY / DRIVE AWAY,,,,"OVER $1,500",4/9/2022 13:30,DRIVING SKILLS/KNOWLEDGE/EXPERIENCE,NOT APPLICABLE,7101,S,STONY ISLAND AVE,324,,,,,,,2,NO INDICATION OF INJURY,0,0,0,0,0,2,0,11,7,4,41.76593686,-87.58577242,POINT (-87.585772423353 41.765936858728)
0100c38d17f458dd48c919b49869c2a9928b32ac7ab403291d408314c64048a773908a9f29b83f05a1ff25481d17a12d77c8e65364221cc494a8d898b1856f8e,,,4/3/2022 22:19,30,NO CONTROLS,NO CONTROLS,CLEAR,DARKNESS,SIDESWIPE SAME DIRECTION,ONE-WAY,,STRAIGHT AND LEVEL,DRY,NO DEFECTS,ON SCENE,NO INJURY / DRIVE AWAY,,,Y,"OVER $1,500",4/3/2022 22:20,"OPERATING VEHICLE IN ERRATIC, RECKLESS, CARELESS, NEGLIGENT OR AGGRESSIVE MANNER","OPERATING VEHICLE IN ERRATIC, RECKLESS, CARELESS, NEGLIGENT OR AGGRESSIVE MANNER",4416,W,HARRISON ST,1131,,,,,,,2,NO INDICATION OF INJURY,0,0,0,0,0,1,0,22,1,4,41.8737371,-87.73598574,POINT (-87.735985738286 41.873737094717)
b96394a1d18cd149578d255e6cc559372a7d581e82fcbefe3b8073be5ec3952cc70ac882411703f5089e09d0f1b11d647b1d89aea9c56bf44cd936349cdb334e,,Y,4/2/2022 6:00,15,NO CONTROLS,NO CONTROLS,CLEAR,UNKNOWN,PARKED MOTOR VEHICLE,ONE-WAY,,STRAIGHT AND LEVEL,UNKNOWN,NO DEFECTS,NOT ON SCENE (DESK REPORT),NO INJURY / DRIVE AWAY,,,Y,"OVER $1,500",4/2/2022 12:15,FAILING TO REDUCE SPEED TO AVOID CRASH,UNABLE TO DETERMINE,8731,S,PAXTON AVE,412,,,,,,,2,NO INDICATION OF INJURY,0,0,0,0,0,1,0,6,7,4,41.7361877,-87.57070086,POINT (-87.570700858789 41.736187697092)
d8bbcee5506cac01423490007868c9fb3d5bc2b52f063e58e14abe2428ce26507e27ec67c3c19d245c49c69c198b2180e45e59b6f1dd52c7907d1a616eda4da1,,Y,4/8/2022 8:00,30,TRAFFIC SIGNAL,FUNCTIONING PROPERLY,CLEAR,DAYLIGHT,REAR END,NOT DIVIDED,,STRAIGHT AND LEVEL,DRY,NO DEFECTS,NOT ON SCENE (DESK REPORT),NO INJURY / DRIVE AWAY,Y,,Y,"OVER $1,500",4/8/2022 9:00,UNABLE TO DETERMINE,NOT APPLICABLE,7101,S,STONY ISLAND AVE,324,,,,,,,2,NO INDICATION OF INJURY,0,0,0,0,0,3,0,8,6,4,41.76593686,-87.58577242,POINT (-87.585772423353 41.765936858728)
354c6780201a3a3d1e58e4af51d94af34e41332c297c6a5af553d3892816f7b67c0f781404f77f3bcc83ebf5ce1fe58f9a37efc17366142e62ac28999ec6ae9f,,,4/8/2022 17:23,40,NO CONTROLS,NO CONTROLS,RAIN,DUSK,REAR END,OTHER,,STRAIGHT AND LEVEL,WET,NO DEFECTS,ON SCENE,NO INJURY / DRIVE AWAY,,,,"OVER $1,500",4/8/2022 17:25,WEATHER,DRIVING SKILLS/KNOWLEDGE/EXPERIENCE,2400,N,LAKE SHORE DR NB,1935,,,,,,,3,NO INDICATION OF INJURY,0,0,0,0,0,3,0,17,6,4,41.92616072,-87.63151467,POINT (-87.631514664826 41.926160719812)
053c2a6afbefeb7501118d6892a1d78bbea915e4430d77cd23c756575b63f1ee744bfe63cfd7d97120ad0be62f53b4dfc6d591a9e0b12a82d9587fdb8c6d5713,,,4/2/2022 15:35,30,UNKNOWN,UNKNOWN,RAIN,UNKNOWN,PARKED MOTOR VEHICLE,ONE-WAY,,STRAIGHT AND LEVEL,WET,UNKNOWN,NOT ON SCENE (DESK REPORT),NO INJURY / DRIVE AWAY,,,,"OVER $1,500",4/2/2022 16:57,UNABLE TO DETERMINE,UNABLE TO DETERMINE,334,E,OHIO ST,1834,,,,,,,2,NO INDICATION OF INJURY,0,0,0,0,0,2,0,15,7,4,41.89273132,-87.61887791,POINT (-87.618877910596 41.892731321805)
34cf9362fdf06f3b90bcebce1e13656285762ecdb05b408ce9326fa62ff6c1b2e75e162e561668291275d2a92ef5b0a4beb9a8e708c78bbcfde2f0173f7fbb5e,,,4/9/2022 11:15,25,NO CONTROLS,NO CONTROLS,CLEAR,DAYLIGHT,TURNING,ONE-WAY,,STRAIGHT AND LEVEL,DRY,NO DEFECTS,ON SCENE,NO INJURY / DRIVE AWAY,,,,"OVER $1,500",4/9/2022 11:16,FOLLOWING TOO CLOSELY,UNABLE TO DETERMINE,535,W,BRIAR PL,1934,,,,,,,2,NO INDICATION OF INJURY,0,0,0,0,0,2,0,11,7,4,41.93859379,-87.64335748,POINT (-87.643357481883 41.938593789084)
fadb619983b9b0906e78ac3073c514d471dabf6b2e2e076bbd0d77478c2625c81b45b724c08f3f72a293c7970f87074e93156184eb6f95364e7f83a031097ec6,,,4/9/2022 4:39,30,TRAFFIC SIGNAL,FUNCTIONING PROPERLY,RAIN,DARKNESS,TURNING,NOT DIVIDED,,STRAIGHT AND LEVEL,WET,NO DEFECTS,,INJURY AND / OR TOW DUE TO CRASH,,,Y,"OVER $1,500",4/9/2022 4:43,UNABLE TO DETERMINE,DRIVING SKILLS/KNOWLEDGE/EXPERIENCE,499,S,STATE ST,113,,,,,,,2,NO INDICATION OF INJURY,0,0,0,0,0,3,0,4,7,4,41.87570496,-87.62747332,POINT (-87.627473318541 41.875704955508)