CRASH_RECORD_ID,RD_NO,CRASH_DATE_EST_I,CRASH_DATE,POSTED_SPEED_LIMIT,TRAFFIC_CONTROL_DEVICE,DEVICE_CONDITION,WEATHER_CONDITION,LIGHTING_CONDITION,FIRST_CRASH_TYPE,TRAFFICWAY_TYPE,LANE_CNT,ALIGNMENT,ROADWAY_SURFACE_COND,ROAD_DEFECT,REPORT_TYPE,CRASH_TYPE,INTERSECTION_RELATED_I,NOT_RIGHT_OF_WAY_I,HIT_AND_RUN_I,DAMAGE,DATE_POLICE_NOTIFIED,PRIM_CONTRIBUTORY_CAUSE,SEC_CONTRIBUTORY_CAUSE,STREET_NO,STREET_DIRECTION,STREET_NAME,BEAT_OF_OCCURRENCE,PHOTOS_TAKEN_I,STATEMENTS_TAKEN_I,DOORING_I,WORK_ZONE_I,WORK_ZONE_TYPE,WORKERS_PRESENT_I,NUM_UNITS,MOST_SEVERE_INJURY,INJURIES_TOTAL,INJURIES_FATAL,INJURIES_INCAPACITATING,INJURIES_NON_INCAPACITATING,INJURIES_REPORTED_NOT_EVIDENT,INJURIES_NO_INDICATION,INJURIES_UNKNOWN,CRASH_HOUR,CRASH_DAY_OF_WEEK,CRASH_MONTH,LATITUDE,LONGITUDE,LOCATION
cc8b1a57898c744d63e894f52649356a10b9bf4625216af74ebc549edc02088399c010c406a82a718a469304940416acee8009eac0549c9d92d4ed2974b08710,,,4/8/2022 12:15,30,TRAFFIC SIGNAL,FUNCTIONING PROPERLY,CLEAR,DAYLIGHT,SIDESWIPE SAME DIRECTION,NOT DIVIDED,,STRAIGHT AND LEVEL,DRY,NO DEFECTS,NOT ON SCENE (DESK REPORT),NO INJURY / DRIVE AWAY,Y,,,"OVER $1,500",4/8/2022 12:34,UNABLE TO DETERMINE,NOT APPLICABLE,701,S,COLUMBUS DR,114,,,,,,,2,NO INDICATION OF INJURY,0,0,0,0,0,2,0,12,6,4,41.87315037,-87.62044515,POINT (-87.620445147329 41.873150368624)
ca200ab5b21e9758d00f7cb84e4aabdda63630b9705b32ece5d0ed94b2f1fcd87fa18296a63efb42f1a0b4ca8a99bff6588baaa7f4e9a9496912be153459308e,,,4/9/2022 20:29,35,NO CONTROLS,NO CONTROLS,CLEAR,"DARKNESS, LIGHTED ROAD",SIDESWIPE SAME DIRECTION,NOT DIVIDED,,STRAIGHT AND LEVEL,DRY,NO DEFECTS,ON SCENE,NO INJURY / DRIVE AWAY,,,,"$501 - $1,500",4/9/2022 20:29,NOT APPLICABLE,NOT APPLICABLE,6913,S,SOUTH SHORE DR,334,,,,,,,2,NO INDICATION OF INJURY,0,0,0,0,0,3,0,20,7,4,41.769476,-87.56639066,POINT (-87.566390658922 41.769475997281)
81095f13a8ecaffd414809e1a1607a11b43d61a745e2476f5dd8ce4545ff3de83f70e597cb1394201063fe0efcaad1abe84b9536ab5bdcb6d98b0bf821b7e9ea,,,4/9/2022 10:00,30,UNKNOWN,UNKNOWN,UNKNOWN,DAYLIGHT,PARKED MOTOR VEHICLE,NOT DIVIDED,,STRAIGHT AND LEVEL,UNKNOWN,UNKNOWN,NOT ON SCENE (DESK REPORT),NO INJURY / DRIVE AWAY,,,Y,"OVER $1,500",4/9/2022 16:30,UNABLE TO DETERMINE,NOT APPLICABLE,3181,N,KIMBALL AVE,1412,,,,,,,2,NO INDICATION OF INJURY,0,0,0,0,0,1,0,10,7,4,41.93919393,-87.71233891,POINT (-87.712338906725 41.939193925102)
0262368238d1f40064388c19966cf0aa31f77356ddc8e86a4839d7519807f76bcf418e009289e9b8cf90bfea1e9044dcfb5aa77a020c55d96565738eb1c3a8d1,,Y,3/31/2022 18:30,20,OTHER,OTHER,CLEAR,DARKNESS,PARKED MOTOR VEHICLE,PARKING LOT,,STRAIGHT AND LEVEL,DRY,NO DEFECTS,,INJURY AND / OR TOW DUE TO CRASH,,,Y,"OVER $1,500",4/2/2022 11:25,FAILING TO REDUCE SPEED TO AVOID CRASH,UNABLE TO DETERMINE,1135,E,95TH ST,511,,,,,,,2,NO INDICATION OF INJURY,0,0,0,0,0,2,0,18,5,3,41.72207524,-87.59585648,POINT (-87.595856482032 41.722075241193)
4a8fb6f04d926c04c453059a1bbc271a98fc6ee3aa36cec3dfa760a7b4c08e4f4ebf1e96b0bcc786000b22d06cdd29169722faee481ce24f74aa0f3a344dae6d,JF172126,,3/13/2022 1:06,30,NO CONTROLS,NO CONTROLS,CLEAR,"DARKNESS, LIGHTED ROAD",SIDESWIPE SAME DIRECTION,NOT DIVIDED,,STRAIGHT AND LEVEL,DRY,NO DEFECTS,ON SCENE,INJURY AND / OR TOW DUE TO CRASH,,,,"$501 - $1,500",3/13/2022 1:10,IMPROPER TURNING/NO SIGNAL,NOT APPLICABLE,3701,N,HARLEM AVE,1632,,,,,,,2,NO INDICATION OF INJURY,0,0,0,0,0,3,0,1,1,3,41.94717346,-87.80692449,POINT (-87.806924492195 41.947173458968)
8c2fb24bbf2b787afa730550bbc745dde5b24620260ca9f3c7995f345eddbdf86ea1d958c0fae3f4879b3a7c5d5d92fec936ef34b813f5eb12c3ec03a42113d3,,,4/8/2022 13:20,30,STOP SIGN/FLASHER,FUNCTIONING PROPERLY,RAIN,DAYLIGHT,ANGLE,T-INTERSECTION,,STRAIGHT AND LEVEL,WET,NO DEFECTS,ON SCENE,NO INJURY / DRIVE AWAY,Y,,,"OVER $1,500",4/8/2022 13:22,FAILING TO YIELD RIGHT-OF-WAY,NOT APPLICABLE,8630,W,FOSTER AVE,1614,,,,,,,2,NO INDICATION OF INJURY,0,0,0,0,0,3,0,13,6,4,41.97387328,-87.84270773,POINT (-87.842707725816 41.973873283617)
b069aacd733fe2b5f4b8da21f447a1003563060d718ddd895319dc69efa9be6095d4bd204776068313f1251770d5e55a9a730e2c8f98ee7011c32b9044eb8a6b,,,4/8/2022 20:40,30,TRAFFIC SIGNAL,FUNCTIONING PROPERLY,RAIN,"DARKNESS, LIGHTED ROAD",REAR END,NOT DIVIDED,,STRAIGHT AND LEVEL,WET,NO DEFECTS,NOT ON SCENE (DESK REPORT),NO INJURY / DRIVE AWAY,,,,"$501 - $1,500",4/8/2022 20:55,FOLLOWING TOO CLOSELY,WEATHER,638,W,ROOSEVELT RD,124,,,,,,,2,NO INDICATION OF INJURY,0,0,0,0,0,4,0,20,6,4,41.86730738,-87.64378147,POINT (-87.643781469971 41.867307383851)
4b2de5a52ee7c0fce5d645d90c72dde385b7668939892a91d382bda785fccfec2f88665ec0b86eb19bf1d6ff2a6efe9c8dd97e6b0f8454614b220eb558b73a68,JF173320,,3/13/2022 9:20,25,NO CONTROLS,NO CONTROLS,CLEAR,DAYLIGHT,PARKED MOTOR VEHICLE,OTHER,,STRAIGHT AND LEVEL,DRY,NO DEFECTS,ON SCENE,NO INJURY / DRIVE AWAY,,,,"OVER $1,500",3/13/2022 9:35,IMPROPER OVERTAKING/PASSING,IMPROPER LANE USAGE,5670,W,WEST END AVE,1512,,,,,,,2,NO INDICATION OF INJURY,0,0,0,0,0,1,0,9,1,3,41.88430105,-87.76778839,POINT (-87.767788391073 41.884301054094)
eec2e1aa18744e06605a73ff23222b1f96f5cf5c8d60445d20715a81abae52bcb1f97c86a7e6669f530335e3331944ccf3028bc8be34d36f99784bec1fc00f38,,,4/9/2022 1:20,35,TRAFFIC SIGNAL,FUNCTIONING PROPERLY,SNOW,"DARKNESS, LIGHTED ROAD",REAR END,NOT DIVIDED,,STRAIGHT AND LEVEL,WET,NO DEFECTS,ON SCENE,INJURY AND / OR TOW DUE TO CRASH,Y,,,"OVER $1,500",4/9/2022 1:21,FAILING TO REDUCE SPEED TO AVOID CRASH,NOT APPLICABLE,4301,W,IRVING PARK RD,1731,,,,,,,2,NONINCAPACITATING INJURY,1,0,0,1,0,1,0,1,7,4,41.95344843,-87.73550036,POINT (-87.735500361987 41.953448433382)
0fe93aa2c9c530064b37a54bf2fe602da82bb7a1174b6e0caa73b2adc83da10ede4ce40dfc04af305e231b195c7e48d055782e82307d7c71bbcfff6363c42531,,,4/7/2022 8:17,30,TRAFFIC SIGNAL,FUNCTIONING PROPERLY,UNKNOWN,DAYLIGHT,REAR END,NOT DIVIDED,,STRAIGHT AND LEVEL,UNKNOWN,NO DEFECTS,NOT ON SCENE (DESK REPORT),NO INJURY / DRIVE AWAY,Y,,Y,"$501 - $1,500",4/9/2022 15:25,FOLLOWING TOO CLOSELY,NOT APPLICABLE,3801,W,WASHINGTON BLVD,1122,,,,,,,2,NO INDICATION OF INJURY,0,0,0,0,0,2,0,8,5,4,41.88178757,-87.72094426,POINT (-87.720944258205 41.881787570282)
ce4b2f87cb25ccceb3861a7098d613f053fd9323eeeadde160e6477b8860e1e1a0f001f423f5c810b965cc532f186d9138bc99745135e395283f5955de8d043a,,,4/9/2022 7:30,30,TRAFFIC SIGNAL,FUNCTIONING PROPERLY,CLEAR,DAYLIGHT,REAR END,NOT DIVIDED,,STRAIGHT AND LEVEL,DRY,NO DEFECTS,NOT ON SCENE (DESK REPORT),NO INJURY / DRIVE AWAY,,,,"OVER $1,500",4/9/2022 7:45,FOLLOWING TOO CLOSELY,UNABLE TO DETERMINE,1358,W,HARRISON ST,1231,,,,,,,2,NO INDICATION OF INJURY,0,0,0,0,0,2,0,7,7,4,41.8743164,-87.66161754,POINT (-87.661617540712 41.874316399732)
42cc8025e11867244b8983fc483adec4a52dbf856c176ed84d8bc9907503d5d5967f0013a7f07a91046d230898dead22a1c7879c751cf6f54e30cdfa33603452,,,4/9/2022 10:10,25,NO CONTROLS,NO CONTROLS,CLEAR,DAYLIGHT,ANGLE,NOT DIVIDED,,STRAIGHT AND LEVEL,DRY,NO DEFECTS,NOT ON SCENE (DESK REPORT),NO INJURY / DRIVE AWAY,,,Y,"OVER $1,500",4/9/2022 17:50,FAILING TO YIELD RIGHT-OF-WAY,NOT APPLICABLE,5700,S,LAFLIN ST,713,,,,,,,2,NO INDICATION OF INJURY,0,0,0,0,0,2,0,10,7,4,41.79032977,-87.66219962,POINT (-87.662199616339 41.790329773223)
4bbda44de6d6711173d13f1e9adc6e726f37bfc42059ff2970d4a420a9cf2e9a7fb9d4e38219a624d788f8119d5f5a127c3326242387fae4657d74af9cf4443a,JF172870,,3/13/2022 18:23,30,NO CONTROLS,NO CONTROLS,CLEAR,"DARKNESS, LIGHTED ROAD",REAR END,DIVIDED - W/MEDIAN (NOT RAISED),,STRAIGHT AND LEVEL,DRY,NO DEFECTS,ON SCENE,INJURY AND / OR TOW DUE TO CRASH,,,Y,"OVER $1,500",3/13/2022 19:27,UNABLE TO DETERMINE,UNABLE TO DETERMINE,1117,E,83RD ST,412,,,,,,,2,NO INDICATION OF INJURY,0,0,0,0,0,2,0,18,1,3,41.74395567,-87.59699917,POINT (-87.596999170194 41.743955666933)
ac1897f0e17d3de3dc648ef1ce69c4ad2672e1841dff50ed9fba9e402102f39fbe8ca2948ceca2757b62f54ce978f54364d87e2ba180428034c51fcf54aafe94,,,4/9/2022 7:20,30,OTHER,NO CONTROLS,CLEAR,DAYLIGHT,PARKED MOTOR VEHICLE,NOT DIVIDED,,STRAIGHT AND LEVEL,UNKNOWN,UNKNOWN,ON SCENE,NO INJURY / DRIVE AWAY,,,,"$501 - $1,500",4/9/2022 7:32,IMPROPER BACKING,NOT APPLICABLE,79,E,HARRISON ST,123,,,,,,,2,NO INDICATION OF INJURY,0,0,0,0,0,1,0,7,7,4,41.87432672,-87.62473567,POINT (-87.62473567186 41.874326718301)
4e4ae8c0b2f4fe2395b2e0d0548d57e10237d0bba72f3b8dc305c63e5b955c19c91fb8c01cf8eb017c5fc438879bce0bad0296ba84799102d15f17c26cf118f8,,,4/9/2022 16:30,30,NO CONTROLS,NO CONTROLS,CLEAR,DAYLIGHT,ANGLE,ONE-WAY,,STRAIGHT AND LEVEL,DRY,NO DEFECTS,NOT ON SCENE (DESK REPORT),NO INJURY / DRIVE AWAY,,,Y,"OVER $1,500",4/9/2022 20:00,FAILING TO YIELD RIGHT-OF-WAY,UNABLE TO DETERMINE,2860,W,MEDILL AVE,1414,,,,,,,2,NO INDICATION OF INJURY,0,0,0,0,0,5,0,16,7,4,41.92393624,-87.69966761,POINT (-87.699667613287 41.923936241766)
0582d65eb24a082ae3d73c00eb517ea344f75597d7ed379f02ad3c9b010463395dcee2c80ee3dc3d4bcb7b576ea4bf9023567e808aec5d21ed31622cd10950fb,,,3/30/2022 20:00,30,NO CONTROLS,NO CONTROLS,UNKNOWN,DARKNESS,REAR END,DIVIDED - W/MEDIAN (NOT RAISED),,STRAIGHT AND LEVEL,UNKNOWN,UNKNOWN,NOT ON SCENE (DESK REPORT),NO INJURY / DRIVE AWAY,,,Y,"OVER $1,500",4/3/2022 16:40,UNABLE TO DETERMINE,UNABLE TO DETERMINE,2734,N,CICERO AVE,2521,,,,,,,2,NO INDICATION OF INJURY,0,0,0,0,0,2,0,20,4,3,41.93073281,-87.74670902,POINT (-87.746709015173 41.930732813321)
b198452708d673d1e5490250afa3f3faa47042873fb2e4de9bc625d0c339bf86bb8ec8a5de324d2f49165a00b0ebf4f1446134cd87f0f0eab0ccd63a86067241,,,4/9/2022 13:23,45,TRAFFIC SIGNAL,FUNCTIONING PROPERLY,CLEAR,DAYLIGHT,REAR END,DIVIDED - W/MEDIAN BARRIER,,STRAIGHT AND LEVEL,DRY,NO DEFECTS,NOT ON SCENE (DESK REPORT),INJURY AND / OR TOW DUE TO CRASH,,,Y,"$501 - $1,500",4/9/2022 16:10,FOLLOWING TOO CLOSELY,FOLLOWING TOO CLOSELY,701,S,LAKE SHORE DR E,114,,,,,,,2,"REPORTED, NOT EVIDENT",2,0,0,0,2,1,0,13,7,4,41.87319589,-87.61693459,POINT (-87.616934585317 41.873195892637)
63aa9cd92e2cfe66e48834fa92b8dae6b718d42b45213b23dec971b0ec46db79267ad5cc674e025ad079cc763c0de38e5d0733bde8b30d79bd190506f4d85d3c,,,4/9/2022 11:41,30,STOP SIGN/FLASHER,NO CONTROLS,CLEAR,DAYLIGHT,REAR END,FOUR WAY,,STRAIGHT AND LEVEL,DRY,NO DEFECTS,NOT ON SCENE (DESK REPORT),NO INJURY / DRIVE AWAY,Y,,,"OVER $1,500",4/9/2022 14:22,FOLLOWING TOO CLOSELY,NOT APPLICABLE,5600,S,LAKE PARK AVE,235,,,,,,,2,NO INDICATION OF INJURY,0,0,0,0,0,2,0,11,7,4,41.79328789,-87.58811105,POINT (-87.58811105065 41.793287889881)
a7626fbc5f8545b794d432e16050fa43a6a78206ab6acaee1d48e6456df97f295fa5e664a30fde964d64556ff353d6b1183cac7fca73b56d381b261660962be4,,,4/9/2022 14:00,30,STOP SIGN/FLASHER,FUNCTIONING PROPERLY,CLEAR,DAYLIGHT,REAR END,NOT DIVIDED,,STRAIGHT AND LEVEL,DRY,NO DEFECTS,NOT ON SCENE (DESK REPORT),NO INJURY / DRIVE AWAY,,,,"OVER $1,500",4/9/2022 14:00,FOLLOWING TOO CLOSELY,DRIVING SKILLS/KNOWLEDGE/EXPERIENCE,6900,S,COTTAGE GROVE AVE,321,,,,,,,2,NO INDICATION OF INJURY,0,0,0,0,0,2,0,14,7,4,41.76945117,-87.60583022,POINT (-87.605830216477 41.769451171337)
94b64f870f9e36b6c53987e12fe395428afa583446359bef2b836fc5eb3b023210267adbab3c1a57ad57437b6aa7865591877affaf5eb0ce2a1fea9cedf50940,,,4/8/2022 20:38,30,NO CONTROLS,NO CONTROLS,RAIN,"DARKNESS, LIGHTED ROAD",SIDESWIPE SAME DIRECTION,NOT DIVIDED,,STRAIGHT AND LEVEL,WET,UNKNOWN,ON SCENE,INJURY AND / OR TOW DUE TO CRASH,,,Y,"OVER $1,500",4/8/2022 20:39,UNABLE TO DETERMINE,NOT APPLICABLE,2426,W,PRATT BLVD,2411,,,,,,,5,NO INDICATION OF INJURY,0,0,0,0,0,5,0,20,6,4,42.00512637,-87.69108231,POINT (-87.691082311257 42.005126373448)
396940cbb5870c5b169ea6113e48cfbab1ac40cbb3db0a04a480325dc40c5d2cc1be77802feedce893888ebcfba828c875b3fadee48b0b65b21c88c8e67dd052,,,4/9/2022 2:09,30,TRAFFIC SIGNAL,FUNCTIONING PROPERLY,RAIN,"DARKNESS, LIGHTED ROAD",REAR END,NOT DIVIDED,,STRAIGHT AND LEVEL,WET,NO DEFECTS,ON SCENE,INJURY AND / OR TOW DUE TO CRASH,,,,"OVER $1,500",4/9/2022 2:18,FAILING TO REDUCE SPEED TO AVOID CRASH,FOLLOWING TOO CLOSELY,3468,W,63RD ST,823,,,,,,,3,NONINCAPACITATING INJURY,2,0,0,2,0,1,0,2,7,4,41.77896519,-87.71029205,POINT (-87.710292053749 41.778965188538)
4cb7a4ae2d3efe5c3b7a8d54987b449a8e9d5fd5b8e05f0d5005bbe65d9ab167ad257f9035cdc5e17d02902248b23b12c11ad71d02131f95badc3f0ae93e17a5,JE187458,,4/2/2021 16:35,10,NO CONTROLS,NO CONTROLS,CLEAR,DAYLIGHT,PARKED MOTOR VEHICLE,PARKING LOT,,STRAIGHT AND LEVEL,DRY,NO DEFECTS,,NO INJURY / DRIVE AWAY,,,,"OVER $1,500",4/2/2021 16:45,UNABLE TO DETERMINE,NOT APPLICABLE,1,W,TERMINAL ST,1651,,Y,,,,,2,NO INDICATION OF INJURY,0,0,0,0,0,1,0,16,6,4,,,
f824e959060d051cdfa7e14313c53e75c84bf6be02b981be5d934099cf70366c6b80d42d71da72289bcd9b1e956d86a72fb9dee4a9e04e34ffdad07c5bfe6303,,,4/9/2022 18:15,30,NO CONTROLS,NO CONTROLS,CLEAR,DAYLIGHT,SIDESWIPE SAME DIRECTION,NOT DIVIDED,,STRAIGHT AND LEVEL,DRY,NO DEFECTS,NOT ON SCENE (DESK REPORT),NO INJURY / DRIVE AWAY,,,Y,"$501 - $1,500",4/9/2022 18:46,NOT APPLICABLE,NOT APPLICABLE,3100,W,57TH ST,824,,,,,,,2,NO INDICATION OF INJURY,0,0,0,0,0,3,0,18,7,4,41.79003155,-87.70107906,POINT (-87.701079056723 41.790031548208)
2ca1404cc5d248d2f6d3bd98c1d79d3e9df29a62471bcff81f1d5e4ee6d0c758266ccddb47650d9cef842bdf1c110aa03b212d93e25384ff54548084d34ab554,,,4/9/2022 16:13,30,STOP SIGN/FLASHER,UNKNOWN,UNKNOWN,DAYLIGHT,REAR END,ONE-WAY,,STRAIGHT AND LEVEL,UNKNOWN,UNKNOWN,NOT ON SCENE (DESK REPORT),NO INJURY / DRIVE AWAY,,,,"$501 - $1,500",4/9/2022 16:45,UNABLE TO DETERMINE,NOT APPLICABLE,2338,W,MORSE AVE,2411,,,,,,,2,NO INDICATION OF INJURY,0,0,0,0,0,2,0,16,7,4,42.00727958,-87.68957493,POINT (-87.689574924704 42.007279582218)
8b2edd1bfab08a33cd10503db863351dc18ec41d4678b83d60d7c18e1d933ad3651156631b056779b7b88f9ba700a02222bd7fe8b7e64b9fd3ff9651a8bc98c9,,,4/9/2022 15:09,30,TRAFFIC SIGNAL,FUNCTIONING PROPERLY,CLEAR,DAYLIGHT,SIDESWIPE SAME DIRECTION,NOT DIVIDED,,STRAIGHT AND LEVEL,DRY,NO DEFECTS,NOT ON SCENE (DESK REPORT),NO INJURY / DRIVE AWAY,,,,"OVER $1,500",4/9/2022 17:10,NOT APPLICABLE,NOT APPLICABLE,620,W,ROOSEVELT RD,124,,,,,,,2,NO INDICATION OF INJURY,0,0,0,0,0,2,0,15,7,4,41.86731759,-87.64304423,POINT (-87.643044227724 41.867317594193)
01b2178610e64437133d825a56adfa713554ef9c29f60df2806828ed15f525347f732a2fe56f304e0048955f12de1a4a92e766d19e1af2cbdbd874ac8c6baf77,,,4/3/2022 6:36,20,NO CONTROLS,NO CONTROLS,CLEAR,DAWN,PARKED MOTOR VEHICLE,ONE-WAY,,STRAIGHT AND LEVEL,WET,NO DEFECTS,ON SCENE,INJURY AND / OR TOW DUE TO CRASH,,,Y,"OVER $1,500",4/3/2022 6:38,DRIVING ON WRONG SIDE/WRONG WAY,UNABLE TO DETERMINE,6508,S,GREEN ST,723,,,,,,,2,"REPORTED, NOT EVIDENT",2,0,0,0,2,2,0,6,1,4,41.77577417,-87.64604714,POINT (-87.646047142649 41.775774170893)
a8b9c3818f04a3709b3b2b60c91a24b6ffbacb1047ecb80f7e9514d90b1fdcab6182b984cc8dd0e3ee92fd41faa2eaddbc203bf93c7c853c21064a1bc5c3c2f2,,,4/9/2022 8:10,30,NO CONTROLS,NO CONTROLS,CLEAR,DAYLIGHT,REAR END,DIVIDED - W/MEDIAN BARRIER,,STRAIGHT AND LEVEL,WET,NO DEFECTS,NOT ON SCENE (DESK REPORT),NO INJURY / DRIVE AWAY,,,,"OVER $1,500",4/9/2022 14:00,UNABLE TO DETERMINE,UNABLE TO DETERMINE,12600,S,TORRENCE AVE,433,,,,,,,2,NO INDICATION OF INJURY,0,0,0,0,0,4,0,8,7,4,41.66611299,-87.55900308,POINT (-87.559003080261 41.666112991211)
75f0e634834bb45a2347ca6eb8e0ab630e6cccd03c5bb8840535cb11d9549c03647bda85080b6569993d27c7d2f4158eeac2dcfd063047b480cdd293c4952f19,,,4/9/2022 23:05,45,TRAFFIC SIGNAL,FUNCTIONING PROPERLY,CLEAR,"DARKNESS, LIGHTED ROAD",REAR END,OTHER,,STRAIGHT AND LEVEL,DRY,NO DEFECTS,NOT ON SCENE (DESK REPORT),NO INJURY / DRIVE AWAY,,,Y,"OVER $1,500",4/9/2022 23:20,UNABLE TO DETERMINE,UNABLE TO DETERMINE,400,S,LAKE SHORE DR SB,114,,,,,,,2,NO INDICATION OF INJURY,0,0,0,0,0,2,0,23,7,4,41.87703669,-87.61754639,POINT (-87.617546386744 41.877036692607)
12d1b8d2e2112528a383bc07ccb14c3fbf9e1a207c24dcbaebab3a27a97ad7841b28aa72af8055a2acc2f1792676503fce1d999c56abfde64fb4e87cbd18aede,,,4/9/2022 19:00,30,NO CONTROLS,NO CONTROLS,CLEAR,DAYLIGHT,ANGLE,NOT DIVIDED,,STRAIGHT AND LEVEL,DRY,NO DEFECTS,NOT ON SCENE (DESK REPORT),NO INJURY / DRIVE AWAY,,,,"OVER $1,500",4/9/2022 19:18,FAILING TO YIELD RIGHT-OF-WAY,FAILING TO YIELD RIGHT-OF-WAY,3952,W,MARQUETTE RD,833,,,,,,,2,NO INDICATION OF INJURY,0,0,0,0,0,2,0,19,7,4,41.77148899,-87.72222812,POINT (-87.722228123445 41.771488994269)
ecc87c6548a6fa5dbf3f8296af54af47946bdcc65f527b3b6755790f5dabe07d4a5276bd4eb073bda411b4092e3065588191fecbbd295e09dc2cc7184f6a69e4,,,4/9/2022 15:50,30,NO CONTROLS,NO CONTROLS,CLEAR,DAYLIGHT,SIDESWIPE SAME DIRECTION,NOT DIVIDED,,STRAIGHT AND LEVEL,DRY,NO DEFECTS,NOT ON SCENE (DESK REPORT),NO INJURY / DRIVE AWAY,,,Y,"$501 - $1,500",4/9/2022 15:50,"OPERATING VEHICLE IN ERRATIC, RECKLESS, CARELESS, NEGLIGENT OR AGGRESSIVE MANNER",NOT APPLICABLE,3557,W,ROOSEVELT RD,1021,Y,,,,,,2,NO INDICATION OF INJURY,0,0,0,0,0,5,0,15,7,4,41.86618224,-87.71522097,POINT (-87.715220971404 41.86618224442)
1e3cd6d609d326363634083dcc8fdb946863398a6233c304483e37eb5aafe042fe2cb8f054258e58701c8e16d1023a9106b3c8f086dd2d2ee2491e4890c755e4,,Y,4/9/2022 15:30,20,STOP SIGN/FLASHER,FUNCTIONING PROPERLY,CLEAR,DAYLIGHT,ANGLE,ALLEY,,STRAIGHT AND LEVEL,DRY,NO DEFECTS,ON SCENE,NO INJURY / DRIVE AWAY,,,,"OVER $1,500",4/9/2022 15:48,UNABLE TO DETERMINE,NOT APPLICABLE,4931,N,PULASKI RD,1712,,,,,,,2,NO INDICATION OF INJURY,0,0,0,0,0,4,0,15,7,4,41.97100452,-87.72796066,POINT (-87.727960663088 41.971004523584)
c2a077d1eab09293ac6905b8ecc26e55017b04bfdf5d47b41dbcd0e7fdd52ec618218f06a905c03bec9e7f59b1e55e80574c08fb53403ad3a46a8b9fccee679b,,,4/9/2022 12:41,30,STOP SIGN/FLASHER,FUNCTIONING PROPERLY,CLEAR,DAYLIGHT,SIDESWIPE SAME DIRECTION,ONE-WAY,,STRAIGHT AND LEVEL,DRY,NO DEFECTS,ON SCENE,INJURY AND / OR TOW DUE TO CRASH,,,Y,"OVER $1,500",4/9/2022 12:41,DRIVING SKILLS/KNOWLEDGE/EXPERIENCE,DRIVING SKILLS/KNOWLEDGE/EXPERIENCE,1,E,HURON ST,1834,,Y,,,,,3,NO INDICATION OF INJURY,0,0,0,0,0,4,0,12,7,4,41.8947673,-87.62808317,POINT (-87.628083169556 41.894767299063)
b446131b6c828ab4e4c958b889319b4db3fb4e77de34394e3e0d9a8d692aafba9910b1cecbd9496f45cb7705cac6d9e58b9e4feb1807a4334d9fe87418410c5f,,,4/8/2022 16:40,30,NO CONTROLS,NO CONTROLS,RAIN,DAYLIGHT,ANGLE,NOT DIVIDED,,STRAIGHT AND LEVEL,WET,UNKNOWN,ON SCENE,INJURY AND / OR TOW DUE TO CRASH,,,,"OVER $1,500",4/8/2022 16:41,FAILING TO YIELD RIGHT-OF-WAY,FAILING TO YIELD RIGHT-OF-WAY,3939,W,OGDEN AVE,1013,,,,,,,2,NO INDICATION OF INJURY,0,0,0,0,0,2,0,16,6,4,41.85128849,-87.72385084,POINT (-87.723850843329 41.851288488406)
86a0d92e2f9175d3dbf6acf8703f5e804e2b7dee64d8eb2321be701bc50a5605a2efb3b6dc32df7809a30f630f130637354e4e7a886d3a024b8f258629e89c75,,,4/3/2022 7:45,45,NO CONTROLS,NO CONTROLS,CLEAR,DAYLIGHT,REAR END,DIVIDED - W/MEDIAN BARRIER,,STRAIGHT AND LEVEL,ICE,NO DEFECTS,ON SCENE,NO INJURY / DRIVE AWAY,,,,"OVER $1,500",4/3/2022 8:15,WEATHER,WEATHER,10000,W,OHARE ST,1651,,,,,,,2,NO INDICATION OF INJURY,0,0,0,0,0,2,0,7,1,4,41.97620114,-87.90530913,POINT (-87.905309125103 41.976201139024)
1e8c90706c0043a93887dd2b19d10b9c36b94031ed0248931679fd55d735811751c47b841d4bf235b2fd38adb457f2866cb21aa106009ac51197c52590be1989,,,4/3/2022 15:40,25,NO CONTROLS,NO CONTROLS,CLEAR,DAYLIGHT,ANGLE,OTHER,,STRAIGHT AND LEVEL,DRY,NO DEFECTS,NOT ON SCENE (DESK REPORT),NO INJURY / DRIVE AWAY,,,,"OVER $1,500",4/3/2022 16:00,UNABLE TO DETERMINE,NOT APPLICABLE,2700,S,WHIPPLE ST,1033,,,,,,,2,NO INDICATION OF INJURY,0,0,0,0,0,5,0,15,1,4,41.8426527,-87.70145598,POINT (-87.701455979536 41.842652699276)
f779f19cca82332a35ca23f31e0aef69323d6ef4b915fbcab260a5a6e75d8116c70a5ad27f09a86d9e9b96033d1ad456a70917bc8a7ce5013fa4359872be5df3,,,4/3/2022 23:34,35,FLASHING CONTROL SIGNAL,FUNCTIONING PROPERLY,RAIN,"DARKNESS, LIGHTED ROAD",FIXED OBJECT,T-INTERSECTION,,STRAIGHT AND LEVEL,WET,NO DEFECTS,ON SCENE,INJURY AND / OR TOW DUE TO CRASH,Y,,,"OVER $1,500",4/3/2022 23:34,UNABLE TO DETERMINE,WEATHER,599,S,MICHIGAN AVE,114,,,,,,,2,NONINCAPACITATING INJURY,1,0,0,1,0,0,0,23,1,4,41.87450507,-87.62409004,POINT (-87.624090041068 41.874505073365)
0f03fd0a7206cf4142c0bf62d2391fae039b4b3d92536df1484108449a052bd32ce09117882fd2c9196be3fd3bc0a3c69afef736bf4b48ee77b71b95e8866021,,,4/2/2022 22:30,30,STOP SIGN/FLASHER,FUNCTIONING PROPERLY,CLEAR,"DARKNESS, LIGHTED ROAD",PARKED MOTOR VEHICLE,NOT DIVIDED,,STRAIGHT AND LEVEL,DRY,NO DEFECTS,ON SCENE,INJURY AND / OR TOW DUE TO CRASH,,,Y,"OVER $1,500",4/2/2022 22:46,UNABLE TO DETERMINE,DRIVING SKILLS/KNOWLEDGE/EXPERIENCE,8847,S,COMMERCIAL AVE,424,,,,,,,2,NO INDICATION OF INJURY,0,0,0,0,0,1,0,22,7,4,41.73416431,-87.55121062,POINT (-87.551210616349 41.734164308735)