CRASH_RECORD_ID,RD_NO,CRASH_DATE_EST_I,CRASH_DATE,POSTED_SPEED_LIMIT,TRAFFIC_CONTROL_DEVICE,DEVICE_CONDITION,WEATHER_CONDITION,LIGHTING_CONDITION,FIRST_CRASH_TYPE,TRAFFICWAY_TYPE,LANE_CNT,ALIGNMENT,ROADWAY_SURFACE_COND,ROAD_DEFECT,REPORT_TYPE,CRASH_TYPE,INTERSECTION_RELATED_I,NOT_RIGHT_OF_WAY_I,HIT_AND_RUN_I,DAMAGE,DATE_POLICE_NOTIFIED,PRIM_CONTRIBUTORY_CAUSE,SEC_CONTRIBUTORY_CAUSE,STREET_NO,STREET_DIRECTION,STREET_NAME,BEAT_OF_OCCURRENCE,PHOTOS_TAKEN_I,STATEMENTS_TAKEN_I,DOORING_I,WORK_ZONE_I,WORK_ZONE_TYPE,WORKERS_PRESENT_I,NUM_UNITS,MOST_SEVERE_INJURY,INJURIES_TOTAL,INJURIES_FATAL,INJURIES_INCAPACITATING,INJURIES_NON_INCAPACITATING,INJURIES_REPORTED_NOT_EVIDENT,INJURIES_NO_INDICATION,INJURIES_UNKNOWN,CRASH_HOUR,CRASH_DAY_OF_WEEK,CRASH_MONTH,LATITUDE,LONGITUDE,LOCATION
994c8c56b5ada8b584e17f06d006ead83fe16ddd9f812d8acd4479e6d47331fb3167ad9ea62a92212889802ec071e3599026732be6c7df912fadd9b93cbe676c,,Y,4/9/2022 13:11,30,TRAFFIC SIGNAL,FUNCTIONING PROPERLY,CLEAR,DAYLIGHT,REAR END,DIVIDED - W/MEDIAN (NOT RAISED),,STRAIGHT AND LEVEL,DRY,NO DEFECTS,NOT ON SCENE (DESK REPORT),NO INJURY / DRIVE AWAY,,,,"OVER $1,500",4/9/2022 14:15,DISTRACTION - FROM INSIDE VEHICLE,NOT APPLICABLE,7500,S,SOUTH SHORE DR,421,,,,,,,2,NO INDICATION OF INJURY,0,0,0,0,0,5,0,13,7,4,41.76043692,-87.55721244,POINT (-87.557212437438 41.76043692141)
d24284717f988a667a25d38a69b126c9a08e797cd380712e5611b40faece3e617bbbd3cf77505688ebc0ba55b99702545647d5aa425fb751197440ba04155a17,,,4/7/2022 20:40,30,NO CONTROLS,NO CONTROLS,RAIN,"DARKNESS, LIGHTED ROAD",TURNING,ONE-WAY,,STRAIGHT AND LEVEL,WET,NO DEFECTS,NOT ON SCENE (DESK REPORT),NO INJURY / DRIVE AWAY,,,,"OVER $1,500",4/7/2022 21:30,UNABLE TO DETERMINE,UNABLE TO DETERMINE,1182,N,LEAVITT ST,1212,,,,,,,2,NO INDICATION OF INJURY,0,0,0,0,0,2,0,20,5,4,41.90305676,-87.68228517,POINT (-87.682285173206 41.903056757068)
db9f595e591f85270f93c595586b72fd7d841363e5f0acadc07018418dfbe470c14e23a9a863792e5ac119592cec904e7dd2ee27c22ba3d3f7aaeab92582b9c0,,,4/9/2022 20:28,15,NO CONTROLS,NO CONTROLS,CLEAR,"DARKNESS, LIGHTED ROAD",ANGLE,ALLEY,,STRAIGHT AND LEVEL,DRY,NO DEFECTS,ON SCENE,NO INJURY / DRIVE AWAY,,,,"$501 - $1,500",4/9/2022 20:39,DRIVING ON WRONG SIDE/WRONG WAY,DRIVING ON WRONG SIDE/WRONG WAY,4928,N,HARDING AVE,1712,,,,,,,2,NO INDICATION OF INJURY,0,0,0,0,0,2,0,20,7,4,41.97083679,-87.72703711,POINT (-87.727037109926 41.970836789183)
55f832a67f53dfbdeba266d7f952ee45f71f6d0efabd2ff43e06282c098e4abf6e8be2cff61d57d2181c7cb4097fefe2af32dcf0c4124906e35d8d34f9a22672,,,4/9/2022 3:21,15,NO CONTROLS,NO CONTROLS,CLEAR,"DARKNESS, LIGHTED ROAD",REAR END,ONE-WAY,,STRAIGHT AND LEVEL,WET,NO DEFECTS,ON SCENE,NO INJURY / DRIVE AWAY,,,Y,"OVER $1,500",4/9/2022 3:22,IMPROPER BACKING,DRIVING ON WRONG SIDE/WRONG WAY,3352,W,37TH PL,911,,,,,,,2,NO INDICATION OF INJURY,0,0,0,0,0,2,0,3,7,4,41.82535604,-87.70903235,POINT (-87.709032346155 41.825356039624)
982fafaf93c6bea39cc00945ea3ad8c83dea376868039dde61b69a27b89cc87a11660dba470a477465fdf865d82247530c338c6006226405ae73966a2c6742e8,,,4/9/2022 0:26,30,NO CONTROLS,NO CONTROLS,SNOW,"DARKNESS, LIGHTED ROAD",REAR END,DIVIDED - W/MEDIAN (NOT RAISED),,STRAIGHT AND LEVEL,WET,NO DEFECTS,ON SCENE,INJURY AND / OR TOW DUE TO CRASH,,,,"OVER $1,500",4/9/2022 0:27,FAILING TO REDUCE SPEED TO AVOID CRASH,UNABLE TO DETERMINE,201,W,87TH ST,634,,,,,,,2,NO INDICATION OF INJURY,0,0,0,0,0,2,0,0,7,4,41.73604849,-87.62899487,POINT (-87.628994873851 41.736048485797)
4e44a826e40a188fc3e6c02a62a0a2de75a232ec80cddf4bd7cfa658652fa0e09123f39f9b973f6c5ff46ef925038d76be746efaca449eccf00d9bb984d5c690,,Y,4/9/2022 13:40,30,TRAFFIC SIGNAL,FUNCTIONING PROPERLY,CLEAR,DAYLIGHT,ANGLE,FOUR WAY,,STRAIGHT AND LEVEL,DRY,UNKNOWN,ON SCENE,INJURY AND / OR TOW DUE TO CRASH,Y,,,"OVER $1,500",4/9/2022 14:56,DISREGARDING TRAFFIC SIGNALS,"OPERATING VEHICLE IN ERRATIC, RECKLESS, CARELESS, NEGLIGENT OR AGGRESSIVE MANNER",6700,S,STONY ISLAND AVE,332,,,,,,,3,NO INDICATION OF INJURY,0,0,0,0,0,3,0,13,7,4,41.7732929,-87.58644237,POINT (-87.586442368314 41.773292895851)
bcc47f500ab0230526815890d6f96554f99d0ec32e5ddfd813ff6145a289a828bef6aaa555a04eb5447b628d2d60a91b3d4d056a7c7436af360a0b130c85a92c,,,4/8/2022 11:45,30,TRAFFIC SIGNAL,FUNCTIONING PROPERLY,RAIN,DAYLIGHT,REAR END,DIVIDED - W/MEDIAN (NOT RAISED),,STRAIGHT AND LEVEL,WET,NO DEFECTS,ON SCENE,INJURY AND / OR TOW DUE TO CRASH,,,,"OVER $1,500",4/8/2022 11:58,EQUIPMENT - VEHICLE CONDITION,NOT APPLICABLE,1456,S,CALIFORNIA BLVD,1022,,,,,,,3,"REPORTED, NOT EVIDENT",2,0,0,0,2,4,0,11,6,4,41.86124354,-87.69589957,POINT (-87.695899572538 41.861243536571)
4eeb763733b4ce5da9bea512648bfef571bc46014da0270f9f55c50bf3f13df8b2c29efd9c48dc51bf5f0d70ad66812b7260c643738b3e6ce3753df3601b2245,JD268947,,6/19/2020 11:10,30,YIELD,FUNCTIONING PROPERLY,CLEAR,DAYLIGHT,ANGLE,T-INTERSECTION,,STRAIGHT AND LEVEL,WET,NO DEFECTS,,NO INJURY / DRIVE AWAY,Y,,,"$501 - $1,500",6/19/2020 11:14,UNABLE TO DETERMINE,UNABLE TO DETERMINE,7200,S,JEFFERY BLVD,333,,,,,,,2,NO INDICATION OF INJURY,0,0,0,0,0,5,0,11,6,6,41.76428391,-87.57640667,POINT (-87.576406669444 41.764283911619)
f4ff042d7f1179889822bea36b2d973392e15d6ccde452aa4fb51f95aeaad6fd187ecb4bc920569e4563b83c0e1ab9fc10f60a8548fe4dcde0d7d6a4122840e2,,,4/3/2022 3:25,30,NO CONTROLS,NO CONTROLS,CLEAR,"DARKNESS, LIGHTED ROAD",FIXED OBJECT,PARKING LOT,,STRAIGHT AND LEVEL,DRY,NO DEFECTS,ON SCENE,NO INJURY / DRIVE AWAY,,Y,,"OVER $1,500",4/3/2022 3:27,IMPROPER BACKING,UNABLE TO DETERMINE,1438,W,95TH ST,2222,,,,,,,1,NO INDICATION OF INJURY,0,0,0,0,0,1,0,3,1,4,41.72136414,-87.65941509,POINT (-87.659415085995 41.72136414426)
99ecb365f65e321a82e1715a878fa2cc8ec2bcb4a1f4e7ff85bdb3dd31af1b15dd31ea397ab63b0ab4296faad27be412396f1ec79d16150edb7348eabc25c687,,,4/2/2022 19:15,35,NO CONTROLS,UNKNOWN,RAIN,DUSK,FIXED OBJECT,CENTER TURN LANE,,STRAIGHT AND LEVEL,WET,UNKNOWN,ON SCENE,INJURY AND / OR TOW DUE TO CRASH,,,,"OVER $1,500",4/2/2022 19:15,WEATHER,UNABLE TO DETERMINE,407,W,71ST ST,732,,,,,,,1,NONINCAPACITATING INJURY,1,0,0,1,0,1,0,19,7,4,41.76524185,-87.63498304,POINT (-87.634983034635 41.765241851438)
129d4312ddb2712a9ef34a5acff48f1ebe6dd47e819786655f2c1259f9aa17ff71b41a052bece931538b78e214e0475a9ce8e47492314cf64c760668acdaee95,,,4/3/2022 13:17,20,NO CONTROLS,NO CONTROLS,CLEAR,DAYLIGHT,PARKED MOTOR VEHICLE,NOT DIVIDED,,STRAIGHT AND LEVEL,DRY,NO DEFECTS,ON SCENE,NO INJURY / DRIVE AWAY,,,Y,"OVER $1,500",4/3/2022 13:21,UNABLE TO DETERMINE,UNABLE TO DETERMINE,1021,W,LILL AVE,1932,,,,,,,2,NO INDICATION OF INJURY,0,0,0,0,0,1,0,13,1,4,41.92797661,-87.65457231,POINT (-87.654572312373 41.927976611419)
6949440ce050196965fd9ae5f684352487e9ee8f4f089b23b79c31e48d03216e4ca2496e7e7efc9ea02b3ea09d82c3916b7f2f735a67a02b4c9c769d7b7d4018,,,4/3/2022 20:03,30,TRAFFIC SIGNAL,FUNCTIONING PROPERLY,CLEAR,DARKNESS,ANGLE,NOT DIVIDED,,STRAIGHT AND LEVEL,DRY,NO DEFECTS,ON SCENE,NO INJURY / DRIVE AWAY,,,N,"OVER $1,500",4/3/2022 20:05,UNABLE TO DETERMINE,UNABLE TO DETERMINE,1448,W,NORTH AVE,1433,,,,,,,2,NO INDICATION OF INJURY,0,0,0,0,0,3,0,20,1,4,41.91078059,-87.66475265,POINT (-87.664752649043 41.910780585376)
40749291ee71730510668da5791d2b907ee4dbb0ad0c2183e994da1276ff04ee2c927db06f39c1fb19c5184b87d7a6dab07d89ce907579a6a3a270fca873424e,,,4/3/2022 8:15,30,NO CONTROLS,NO CONTROLS,CLEAR,DAYLIGHT,SIDESWIPE SAME DIRECTION,PARKING LOT,,STRAIGHT AND LEVEL,DRY,UNKNOWN,NOT ON SCENE (DESK REPORT),NO INJURY / DRIVE AWAY,,,,"OVER $1,500",4/3/2022 13:00,IMPROPER OVERTAKING/PASSING,UNABLE TO DETERMINE,1530,W,LAWRENCE AVE,2032,,,,,,,2,NO INDICATION OF INJURY,0,0,0,0,0,2,0,8,1,4,41.96898976,-87.66884472,POINT (-87.668844718118 41.968989760172)
8a49e00dc730cfe5b562126855292938b5435e758d9dcd724c56758364b0bcea6f467200e4e1f543b579026dfb6b4debcd5f8ca640d51ab3d1b170b3e3ace128,,,4/3/2022 10:50,30,NO CONTROLS,NO CONTROLS,CLEAR,DAYLIGHT,REAR END,PARKING LOT,,STRAIGHT AND LEVEL,DRY,UNKNOWN,ON SCENE,NO INJURY / DRIVE AWAY,,,,"OVER $1,500",4/3/2022 11:02,FOLLOWING TOO CLOSELY,NOT APPLICABLE,333,E,BENTON PL,114,,,,,,,2,NO INDICATION OF INJURY,0,0,0,0,0,2,0,10,1,4,41.88539005,-87.61898671,POINT (-87.61898671164 41.88539004667)
d6342f77103e235ce92565a120d9b8bdcb1ed3bdcbca189b5d6a82359d2ee47b3f204e58dac17b352a1aa0979cdb3f6d49a2ffb6e9b2b26885221ffbeac6c03b,,Y,4/3/2022 3:00,10,NO CONTROLS,NO CONTROLS,CLEAR,"DARKNESS, LIGHTED ROAD",PARKED MOTOR VEHICLE,PARKING LOT,,STRAIGHT AND LEVEL,DRY,NO DEFECTS,NOT ON SCENE (DESK REPORT),NO INJURY / DRIVE AWAY,,,Y,"$501 - $1,500",4/3/2022 14:00,UNABLE TO DETERMINE,UNABLE TO DETERMINE,5601,S,HARLEM AVE,811,,,,,,,2,NO INDICATION OF INJURY,0,0,0,0,0,1,0,3,1,4,41.79004397,-87.8013004,POINT (-87.801300394739 41.790043968552)
c2f06375aacde4c3c9be195cc20d6d3962f82157b34f08077210c29d15db39373e0ebde344b40df73f7dac4aec5ca99e06123ade775220e1b8695d6d54264cb6,,Y,4/2/2022 21:35,25,NO CONTROLS,NO CONTROLS,UNKNOWN,UNKNOWN,PARKED MOTOR VEHICLE,ONE-WAY,,STRAIGHT AND LEVEL,UNKNOWN,UNKNOWN,NOT ON SCENE (DESK REPORT),NO INJURY / DRIVE AWAY,,,Y,"$501 - $1,500",4/3/2022 16:20,UNABLE TO DETERMINE,UNABLE TO DETERMINE,4907,W,RACE AVE,1532,,,,,,,2,NO INDICATION OF INJURY,0,0,0,0,0,1,0,21,7,4,41.8903414,-87.74844772,POINT (-87.748447720118 41.890341402347)
6799e204c051c9583775a84c1879c3cfc877a80d6804586ea86f8445a0597374e69a5e917efb48a7fa094ddb733ca2f83041eb8201ab47bbf23ec0486580279f,,,4/9/2022 16:50,30,NO CONTROLS,NO CONTROLS,CLEAR,DAYLIGHT,REAR END,DIVIDED - W/MEDIAN (NOT RAISED),,STRAIGHT AND LEVEL,DRY,NO DEFECTS,NOT ON SCENE (DESK REPORT),NO INJURY / DRIVE AWAY,,,Y,"OVER $1,500",4/9/2022 17:20,FOLLOWING TOO CLOSELY,UNABLE TO DETERMINE,4532,W,BELMONT AVE,1731,,,,,,,2,NO INDICATION OF INJURY,0,0,0,0,0,3,0,16,7,4,41.93902022,-87.74082297,POINT (-87.740822968957 41.939020219741)
64c3959e1022130d6b5a3064e9a267aa6133a65b0379c0a37d43837725e5bbba64f87572e3802c3b89a391461ea0947a63078ba88996653989e49a840ba12ec5,,,4/3/2022 21:56,30,TRAFFIC SIGNAL,FUNCTIONING PROPERLY,CLEAR,"DARKNESS, LIGHTED ROAD",TURNING,FOUR WAY,,STRAIGHT AND LEVEL,DRY,NO DEFECTS,ON SCENE,INJURY AND / OR TOW DUE TO CRASH,Y,,,"OVER $1,500",4/3/2022 21:56,DISREGARDING TRAFFIC SIGNALS,NOT APPLICABLE,1600,E,73RD ST,324,,,,,,,3,INCAPACITATING INJURY,2,0,1,1,0,1,0,21,1,4,41.76252391,-87.58577681,POINT (-87.585776806459 41.762523908843)
fae1353e17f1f09be7f98306b501c3c3ef874c31b4cbe1949de102c47766f0a7c525fd5e2d0e3bcd169e7e9d7e296685bb86d2262edc48905798ae2235b858c8,,,4/3/2022 8:48,35,NO CONTROLS,NO CONTROLS,CLEAR,DAYLIGHT,TURNING,DIVIDED - W/MEDIAN (NOT RAISED),,STRAIGHT AND LEVEL,DRY,NO DEFECTS,ON SCENE,NO INJURY / DRIVE AWAY,Y,,Y,"OVER $1,500",4/3/2022 8:50,FAILING TO YIELD RIGHT-OF-WAY,FAILING TO REDUCE SPEED TO AVOID CRASH,7300,S,SOUTH SHORE DR,334,,,,,,,2,NO INDICATION OF INJURY,0,0,0,0,0,2,0,8,1,4,41.76390956,-87.5606415,POINT (-87.560641496161 41.763909558203)
da3605e79f10a671bc5dfc8c12c4eacd6f8112a075908d1c53f56f5cb5b48fc5ee65196257e6cc800b9f6aa4f2c0c45da132a84fcb1dabbcbdecddeeb1a8b96e,,,4/2/2022 10:01,30,NO CONTROLS,NO CONTROLS,CLEAR,DAYLIGHT,FIXED OBJECT,PARKING LOT,,STRAIGHT AND LEVEL,UNKNOWN,UNKNOWN,NOT ON SCENE (DESK REPORT),NO INJURY / DRIVE AWAY,,Y,Y,"OVER $1,500",4/3/2022 14:45,DRIVING SKILLS/KNOWLEDGE/EXPERIENCE,UNABLE TO DETERMINE,5949,N,RIDGE AVE,2012,Y,,,,,,1,NO INDICATION OF INJURY,0,0,0,0,0,1,0,10,7,4,41.98990057,-87.67012661,POINT (-87.670126604708 41.989900564957)
2e8f2e3d8033dff1d2f66ce2c0f979123e8d0c2d0331b1a3c44ff05c8739325f3134a64f675255949cdfd04d7d99956b4150a663d11b327db73848e6c9178898,,,4/3/2022 23:34,30,TRAFFIC SIGNAL,UNKNOWN,RAIN,"DARKNESS, LIGHTED ROAD",ANGLE,DIVIDED - W/MEDIAN BARRIER,,STRAIGHT AND LEVEL,WET,UNKNOWN,ON SCENE,INJURY AND / OR TOW DUE TO CRASH,Y,,,"OVER $1,500",4/3/2022 23:35,DISREGARDING TRAFFIC SIGNALS,DRIVING SKILLS/KNOWLEDGE/EXPERIENCE,200,S,WACKER DR,122,,,,,,,2,INCAPACITATING INJURY,3,0,1,2,0,0,0,23,1,4,41.87928364,-87.6371007,POINT (-87.637100704438 41.879283639964)
324288b4fc4c7081fe58d16a63ea7f0251f0b5c9f1346fad1d4ea4958cea3d037620c1b4467bb0bcc1a17d6104ad719c0a9a1ba22bcd95ad25bcaf60f90cc490,,,4/3/2022 20:00,30,STOP SIGN/FLASHER,FUNCTIONING PROPERLY,CLEAR,"DARKNESS, LIGHTED ROAD",REAR END,DIVIDED - W/MEDIAN BARRIER,,STRAIGHT AND LEVEL,DRY,NO DEFECTS,NOT ON SCENE (DESK REPORT),INJURY AND / OR TOW DUE TO CRASH,,,,"OVER $1,500",4/3/2022 21:20,UNABLE TO DETERMINE,UNABLE TO DETERMINE,9800,S,HALSTED ST,2223,,,,,,,2,"REPORTED, NOT EVIDENT",2,0,0,0,2,1,0,20,1,4,41.7158702,-87.64321014,POINT (-87.643210139548 41.715870203216)
31a87d3248ce974207549bf14f37c5ea6459760d190759a1182838be95ef3ae2a06a28faef81f1e2d828b5518b0ea30f1f49976bc24c94d5ec40262362774227,,,4/3/2022 11:15,40,NO CONTROLS,NO CONTROLS,CLEAR,DAYLIGHT,OTHER NONCOLLISION,OTHER,,STRAIGHT AND LEVEL,DRY,"RUT, HOLES",NOT ON SCENE (DESK REPORT),NO INJURY / DRIVE AWAY,,,,$500 OR LESS,4/3/2022 12:35,ROAD ENGINEERING/SURFACE/MARKING DEFECTS,NOT APPLICABLE,2800,N,LAKE SHORE DR NB,1934,,,,,,,1,NO INDICATION OF INJURY,0,0,0,0,0,1,0,11,1,4,41.93267701,-87.63224771,POINT (-87.632247708301 41.932677008738)
fc82431bf2a3e72c5f0d0654721b934854d30efea79b28badfbf0a9e575ce24896233160c80daeff040569404fcf49a8e68a69139e54426285fb412e319201f3,,,4/9/2022 18:51,30,STOP SIGN/FLASHER,FUNCTIONING PROPERLY,CLEAR,DAYLIGHT,ANGLE,FOUR WAY,,STRAIGHT AND LEVEL,DRY,NO DEFECTS,ON SCENE,NO INJURY / DRIVE AWAY,,,,"OVER $1,500",4/9/2022 19:00,FAILING TO REDUCE SPEED TO AVOID CRASH,FAILING TO YIELD RIGHT-OF-WAY,2200,S,HOYNE AVE,1034,,,,,,,2,NO INDICATION OF INJURY,0,0,0,0,0,2,0,18,7,4,41.85209039,-87.67843853,POINT (-87.678438529866 41.852090384982)
e11193a2b0dcb4d0787bca5aa7476680f4e665ede577faa838db5ed0cb89747fe0e844e00d4c99c221d6d055c96f8be5ecc6445811ae345a0773a41e22faa29d,,Y,4/9/2022 14:00,30,NO CONTROLS,NO CONTROLS,CLEAR,DAYLIGHT,PARKED MOTOR VEHICLE,ONE-WAY,,STRAIGHT AND LEVEL,DRY,NO DEFECTS,ON SCENE,NO INJURY / DRIVE AWAY,,,N,"OVER $1,500",4/9/2022 15:38,IMPROPER BACKING,NOT APPLICABLE,258,E,ERIE ST,1834,,,,,,,2,NO INDICATION OF INJURY,0,0,0,0,0,1,0,14,7,4,41.89430436,-87.62042508,POINT (-87.620425082757 41.894304362611)
a9ccb095fc82d006d33f28d3b8fba687590984176067abd138a49694cc42b8a00a0dc5d45c7c45fb4ff946891c92ce89a496d678d8ad36bb06daba83859a4d07,,Y,4/9/2022 14:40,30,TRAFFIC SIGNAL,FUNCTIONING PROPERLY,CLEAR,DAYLIGHT,SIDESWIPE SAME DIRECTION,NOT DIVIDED,,STRAIGHT AND LEVEL,DRY,NO DEFECTS,ON SCENE,INJURY AND / OR TOW DUE TO CRASH,,,Y,"OVER $1,500",4/9/2022 14:47,FAILING TO YIELD RIGHT-OF-WAY,NOT APPLICABLE,5004,W,JACKSON BLVD,1533,,,,,,,2,NO INDICATION OF INJURY,0,0,0,0,0,3,0,14,7,4,41.87683704,-87.74964298,POINT (-87.749642974822 41.876837037517)
2eedd445f581cc6f94c5b23ab4577d3867df945581e3f0f3fd6b8a854db5652889c5e50327ec43295c0e1bfc2f8c3b15d6f11b5f85e5f5771bb6c81d35ab156d,,,4/8/2022 5:45,35,STOP SIGN/FLASHER,FUNCTIONING PROPERLY,CLEAR,DAYLIGHT,TURNING,NOT DIVIDED,,STRAIGHT AND LEVEL,DRY,UNKNOWN,ON SCENE,INJURY AND / OR TOW DUE TO CRASH,,,,"OVER $1,500",4/8/2022 6:00,UNABLE TO DETERMINE,NOT APPLICABLE,100,E,103RD ST,511,,,,,,,2,NO INDICATION OF INJURY,0,0,0,0,0,2,0,5,6,4,41.70732593,-87.62013387,POINT (-87.620133867078 41.707325931756)
74eb42cf4c2f316604ad76f3826d697ba9e0ef95efb77dd38f573c5921415ea68dca71de9970868270e1b785c82eb017e0b0aed71a06d76228a8b91f0e6bc5a0,,,4/9/2022 17:27,30,NO CONTROLS,NO CONTROLS,CLEAR,DAYLIGHT,TURNING,NOT DIVIDED,,STRAIGHT AND LEVEL,DRY,NO DEFECTS,NOT ON SCENE (DESK REPORT),NO INJURY / DRIVE AWAY,,,,"$501 - $1,500",4/9/2022 18:45,IMPROPER TURNING/NO SIGNAL,IMPROPER OVERTAKING/PASSING,10900,S,HALSTED ST,2233,,,,,,,2,NO INDICATION OF INJURY,0,0,0,0,0,2,0,17,7,4,41.69590407,-87.64263571,POINT (-87.642635714198 41.695904064634)
7b5b3b2b4bbc5feb414829a30abee87c7f86c13e997add6818b8819739ccb05f3355c7e3ad309cc3f526f4fbbf5158b22b2bf65710f15bfd629673706a1472ac,,,4/9/2022 8:00,35,NO CONTROLS,NO CONTROLS,CLEAR,DAYLIGHT,PARKED MOTOR VEHICLE,DIVIDED - W/MEDIAN (NOT RAISED),,STRAIGHT AND LEVEL,DRY,NO DEFECTS,NOT ON SCENE (DESK REPORT),NO INJURY / DRIVE AWAY,,,Y,"OVER $1,500",4/9/2022 18:00,IMPROPER OVERTAKING/PASSING,UNABLE TO DETERMINE,9427,S,YALE AVE,634,,,,,,,2,NO INDICATION OF INJURY,0,0,0,0,0,1,0,8,7,4,41.72324467,-87.6298495,POINT (-87.629849503484 41.723244668793)
19850f343c130353e6aa30ee300d45c8cfcbb156997660b9eff1896dc7b7540a62fbd1a62929b20811c8265295ca788010d70e01fc6fdd90654400864597e8a2,,,4/9/2022 4:59,30,TRAFFIC SIGNAL,UNKNOWN,FREEZING RAIN/DRIZZLE,DAWN,FIXED OBJECT,FOUR WAY,,STRAIGHT ON GRADE,WET,UNKNOWN,ON SCENE,INJURY AND / OR TOW DUE TO CRASH,Y,,,"OVER $1,500",4/9/2022 5:00,UNABLE TO DETERMINE,UNABLE TO DETERMINE,3200,N,LAKE SHORE DR,1925,,,,,,,1,NONINCAPACITATING INJURY,1,0,0,1,0,0,0,4,7,4,41.94090916,-87.63936916,POINT (-87.639369159955 41.940909163268)
c4580859fcbce5981e7c24030ee05ea6bf7056542f45bdcd986dc94613c0acf080cb17966b6ccd440933fb5390a6f55ec83526534f96fd7f14ffba3a5aa9507f,,,4/9/2022 17:25,30,STOP SIGN/FLASHER,FUNCTIONING PROPERLY,CLEAR,DUSK,TURNING,ONE-WAY,,STRAIGHT AND LEVEL,DRY,NO DEFECTS,NOT ON SCENE (DESK REPORT),NO INJURY / DRIVE AWAY,Y,,,"$501 - $1,500",4/9/2022 20:00,IMPROPER TURNING/NO SIGNAL,IMPROPER TURNING/NO SIGNAL,1850,N,CLARK ST,1814,,,,,,,2,NO INDICATION OF INJURY,0,0,0,0,0,2,0,17,7,4,41.91625108,-87.63490637,POINT (-87.63490636467 41.916251076723)
5301d4a8765a7ed9cbb0d92e1b8be2c0b5de7ddf23fb0a7e2c20cb0f5f6b2c5caf99779d57c2b7a1c1d91da2747342ce8b34b006e03d38a44a11b7c5bf7dd441,JF101644,,1/2/2022 21:49,35,TRAFFIC SIGNAL,UNKNOWN,CLEAR,"DARKNESS, LIGHTED ROAD",REAR END,NOT DIVIDED,,STRAIGHT AND LEVEL,DRY,NO DEFECTS,,NO INJURY / DRIVE AWAY,,,Y,"$501 - $1,500",1/2/2022 22:30,UNABLE TO DETERMINE,UNABLE TO DETERMINE,650,E,87TH ST,632,,,,,,,2,NO INDICATION OF INJURY,0,0,0,0,0,3,0,21,1,1,41.73671926,-87.60764463,POINT (-87.607644633504 41.736719261618)
ca0c7295f4d09e17a1dea438e67b8c15968edf5193b46f18c50b1f556ac167708877e5166ebed8e0c9d47af2f18abe6033938ccea1d58517a10ae1079dbb7255,,,4/2/2022 23:40,30,TRAFFIC SIGNAL,FUNCTIONING PROPERLY,CLEAR,"DARKNESS, LIGHTED ROAD",TURNING,FOUR WAY,,STRAIGHT AND LEVEL,DRY,NO DEFECTS,ON SCENE,NO INJURY / DRIVE AWAY,,,Y,"$501 - $1,500",4/3/2022 0:10,IMPROPER OVERTAKING/PASSING,IMPROPER OVERTAKING/PASSING,464,N,HALSTED ST,1214,,,,,,,2,NO INDICATION OF INJURY,0,0,0,0,0,2,0,23,7,4,41.89092811,-87.64777421,POINT (-87.647774210873 41.89092811034)
c7650be5a380fabbf870630849b28dd0198dc01d0c2cf6c40c3c4a23924db8d2a3af5fae4f8275ee2fec9118f4caf07c480f31166635200e6c47221d8d88aca3,,,4/2/2022 11:15,35,TRAFFIC SIGNAL,FUNCTIONING PROPERLY,CLOUDY/OVERCAST,DAYLIGHT,REAR END,NOT DIVIDED,,STRAIGHT AND LEVEL,DRY,NO DEFECTS,NOT ON SCENE (DESK REPORT),NO INJURY / DRIVE AWAY,,,Y,"OVER $1,500",4/2/2022 12:10,NOT APPLICABLE,NOT APPLICABLE,1901,S,PULASKI RD,1014,,,,,,,2,NO INDICATION OF INJURY,0,0,0,0,0,2,0,11,7,4,41.85498428,-87.72470284,POINT (-87.724702841886 41.854984275893)
1c7201bedb1e9e6da8ed7fe5ff12be6130e546dc08a305aa55d43c578ab2fd9d0489eef6522ee88977aea04a93dc650d5bc7c1e6860b841369c822deca303830,,,4/10/2022 0:45,15,NO CONTROLS,NO CONTROLS,CLEAR,"DARKNESS, LIGHTED ROAD",PARKED MOTOR VEHICLE,PARKING LOT,,STRAIGHT AND LEVEL,DRY,NO DEFECTS,ON SCENE,NO INJURY / DRIVE AWAY,,N,,"$501 - $1,500",4/10/2022 0:58,DRIVING SKILLS/KNOWLEDGE/EXPERIENCE,UNABLE TO DETERMINE,4047,E,106TH ST,432,,,,,,,2,NO INDICATION OF INJURY,0,0,0,0,0,1,0,0,1,4,41.70257328,-87.52509414,POINT (-87.525094135987 41.702573275377)
ded23f63afd1e7dd3e21e3d63388eeb2b84963a60abefa7babcd4e513b2e28bedfbd3f184dcc91efbf88a98fd1fbf776a8f02789e1740deb818280e6b25d2607,,,4/8/2022 23:21,30,TRAFFIC SIGNAL,FUNCTIONING PROPERLY,RAIN,"DARKNESS, LIGHTED ROAD",ANGLE,FOUR WAY,,STRAIGHT AND LEVEL,WET,NO DEFECTS,ON SCENE,INJURY AND / OR TOW DUE TO CRASH,Y,,,"OVER $1,500",4/8/2022 23:21,IMPROPER TURNING/NO SIGNAL,DISREGARDING TRAFFIC SIGNALS,7100,S,STONY ISLAND AVE,324,,,,,,,2,NO INDICATION OF INJURY,0,0,0,0,0,2,0,23,6,4,41.76592819,-87.58647008,POINT (-87.586470077922 41.76592819222)