CRASH_RECORD_ID,RD_NO,CRASH_DATE_EST_I,CRASH_DATE,POSTED_SPEED_LIMIT,TRAFFIC_CONTROL_DEVICE,DEVICE_CONDITION,WEATHER_CONDITION,LIGHTING_CONDITION,FIRST_CRASH_TYPE,TRAFFICWAY_TYPE,LANE_CNT,ALIGNMENT,ROADWAY_SURFACE_COND,ROAD_DEFECT,REPORT_TYPE,CRASH_TYPE,INTERSECTION_RELATED_I,NOT_RIGHT_OF_WAY_I,HIT_AND_RUN_I,DAMAGE,DATE_POLICE_NOTIFIED,PRIM_CONTRIBUTORY_CAUSE,SEC_CONTRIBUTORY_CAUSE,STREET_NO,STREET_DIRECTION,STREET_NAME,BEAT_OF_OCCURRENCE,PHOTOS_TAKEN_I,STATEMENTS_TAKEN_I,DOORING_I,WORK_ZONE_I,WORK_ZONE_TYPE,WORKERS_PRESENT_I,NUM_UNITS,MOST_SEVERE_INJURY,INJURIES_TOTAL,INJURIES_FATAL,INJURIES_INCAPACITATING,INJURIES_NON_INCAPACITATING,INJURIES_REPORTED_NOT_EVIDENT,INJURIES_NO_INDICATION,INJURIES_UNKNOWN,CRASH_HOUR,CRASH_DAY_OF_WEEK,CRASH_MONTH,LATITUDE,LONGITUDE,LOCATION
3e81e6746f44a0094dfa2ba1c1d181aabd87132fcfac0e400aef285427dc7dc7a43c2ad5646ab107465520a6b834c3fc55138cb5eafe13ce4b5024399cf87848,,,4/9/2022 3:20,35,TRAFFIC SIGNAL,FUNCTIONING PROPERLY,RAIN,"DARKNESS, LIGHTED ROAD",TURNING,DIVIDED - W/MEDIAN BARRIER,,STRAIGHT AND LEVEL,WET,NO DEFECTS,ON SCENE,INJURY AND / OR TOW DUE TO CRASH,Y,,,"OVER $1,500",4/9/2022 3:25,UNABLE TO DETERMINE,UNABLE TO DETERMINE,7500,S,STATE ST,623,,,,,,,2,NO INDICATION OF INJURY,0,0,0,0,0,2,0,3,7,4,41.75809218,-87.62490223,POINT (-87.624902228247 41.758092176383)
b967d8b43b9fc1cd9d2b19c4280b7d1638f3e568c21f53c43a43a66ac7517c8fc78642abb98ec6c09d1675394f9a92b8c07dc5778d52362fcae26d63edbddeb8,,,4/9/2022 4:30,30,TRAFFIC SIGNAL,FUNCTIONING PROPERLY,CLEAR,"DARKNESS, LIGHTED ROAD",REAR END,NOT DIVIDED,,STRAIGHT AND LEVEL,WET,NO DEFECTS,ON SCENE,INJURY AND / OR TOW DUE TO CRASH,Y,,,"OVER $1,500",4/9/2022 4:40,DISTRACTION - FROM INSIDE VEHICLE,UNABLE TO DETERMINE,2350,N,ASHLAND AVE,1811,,,,,,,2,NO INDICATION OF INJURY,0,0,0,0,0,4,0,4,7,4,41.92484278,-87.6682818,POINT (-87.668281802649 41.924842782412)
9f510c7fb4e1a0a6042a474b29052e735de1cab1d5a239f3215871fb15e4611a5438cfc08fb461646c6ca4d3c5f3606e4a4549b1d3fd3be91c82c173d62ae8b8,,,4/9/2022 4:32,30,TRAFFIC SIGNAL,FUNCTIONING PROPERLY,RAIN,"DARKNESS, LIGHTED ROAD",FIXED OBJECT,FOUR WAY,,STRAIGHT AND LEVEL,WET,UNKNOWN,ON SCENE,INJURY AND / OR TOW DUE TO CRASH,Y,,,"OVER $1,500",4/9/2022 4:32,NOT APPLICABLE,NOT APPLICABLE,7900,W,ADDISON ST,1631,,,,,,,1,NO INDICATION OF INJURY,0,0,0,0,0,2,0,4,7,4,41.94519999,-87.82421912,POINT (-87.824219115657 41.94519998659)
f4ee55e1335e635aec90cce0c7026360230855927e2fd173ce62f8f70e2e805ef5a110d330348caa01ef30835b8e5c2cecfab74b0a6b37525cb54bc8a56a9507,,Y,4/9/2022 13:17,30,NO CONTROLS,NO CONTROLS,CLEAR,DAYLIGHT,PEDESTRIAN,UNKNOWN,,STRAIGHT AND LEVEL,DRY,UNKNOWN,NOT ON SCENE (DESK REPORT),NO INJURY / DRIVE AWAY,,,N,$500 OR LESS,4/9/2022 13:17,UNABLE TO DETERMINE,UNABLE TO DETERMINE,8300,S,SOUTH CHICAGO AVE,412,,,,,,,2,NO INDICATION OF INJURY,0,0,0,0,0,3,0,13,7,4,41.74419529,-87.57563925,POINT (-87.575639253594 41.744195286263)
9462dec12439f4cc4445bb0e3bc6eae1c37f51ac8014d767d8853e7ac61c7e76c06d8574279ae2eda8874f386c077d2537d66c1b2563d0d255f01c2950dc8bd4,,,4/10/2022 0:32,30,TRAFFIC SIGNAL,FUNCTIONING PROPERLY,CLEAR,"DARKNESS, LIGHTED ROAD",TURNING,NOT DIVIDED,,STRAIGHT AND LEVEL,DRY,NO DEFECTS,NOT ON SCENE (DESK REPORT),INJURY AND / OR TOW DUE TO CRASH,,,Y,"OVER $1,500",4/10/2022 1:15,TURNING RIGHT ON RED,UNABLE TO DETERMINE,1650,W,ARMITAGE AVE,1432,,,,,,,2,NONINCAPACITATING INJURY,1,0,0,1,0,1,0,0,1,4,41.91801803,-87.66951934,POINT (-87.669519343841 41.918018027994)
3dade1d9aa959723c232cffaaf0861f403508e1b7b2b54cb18ff7cc5586265dc627bc113ac5c0a6d28f2caa0042d93770832d70fe6657e65bbcb218e27f3ddc8,,,4/9/2022 12:30,35,UNKNOWN,UNKNOWN,CLEAR,DAYLIGHT,SIDESWIPE SAME DIRECTION,NOT DIVIDED,,STRAIGHT AND LEVEL,DRY,UNKNOWN,NOT ON SCENE (DESK REPORT),NO INJURY / DRIVE AWAY,,,,"$501 - $1,500",4/9/2022 13:00,UNABLE TO DETERMINE,NOT APPLICABLE,5454,N,HARLEM AVE,1613,,,,,,,2,NO INDICATION OF INJURY,0,0,0,0,0,2,0,12,7,4,41.97983627,-87.80712742,POINT (-87.807127417247 41.979836274251)
5345af09624c6a5a2033329daed899b853d4d4192631fb82015accfe3d11559014b534a73ea583b3a33752a05689d575322e6c0204e4c10a14e79c935e79ab97,JE127827,,1/30/2021 12:55,30,NO CONTROLS,NO CONTROLS,CLEAR,DAYLIGHT,HEAD ON,NOT DIVIDED,,STRAIGHT AND LEVEL,UNKNOWN,UNKNOWN,,NO INJURY / DRIVE AWAY,,,,"$501 - $1,500",1/30/2021 17:15,UNABLE TO DETERMINE,UNABLE TO DETERMINE,1923,W,FOSTER AVE,2032,,,,,,,2,NO INDICATION OF INJURY,0,0,0,0,0,2,0,12,7,1,41.97595099,-87.67739234,POINT (-87.677392343663 41.975950990729)
7b65e9c1b2b08a1975b19bdbba558c1f57b1a581c327b4274138fb0c18295a0fa621795e11eecf10693cb9e8163a272885784d1e88360b169aefe25d63a7c669,,,4/2/2022 13:35,30,TRAFFIC SIGNAL,FUNCTIONING PROPERLY,RAIN,DAYLIGHT,SIDESWIPE SAME DIRECTION,FOUR WAY,,STRAIGHT AND LEVEL,WET,NO DEFECTS,ON SCENE,NO INJURY / DRIVE AWAY,Y,,Y,"OVER $1,500",4/2/2022 13:41,UNABLE TO DETERMINE,NOT APPLICABLE,1600,N,LARRABEE ST,1813,,,,,,,2,NO INDICATION OF INJURY,0,0,0,0,0,2,0,13,7,4,41.9111048,-87.6435803,POINT (-87.64358030214 41.911104798814)
7f48e2a6165333973b251de62053718f48908d5ca3c7064edb473df05983bfc11cbbf24250715e13416aee2f05e76c338640a7bccadbc0cec5ff7eeab632d51c,,,4/1/2022 15:10,30,NO CONTROLS,NO CONTROLS,CLEAR,DAYLIGHT,TURNING,NOT REPORTED,,STRAIGHT AND LEVEL,DRY,NO DEFECTS,NOT ON SCENE (DESK REPORT),NO INJURY / DRIVE AWAY,Y,,,"OVER $1,500",4/3/2022 18:00,IMPROPER LANE USAGE,IMPROPER OVERTAKING/PASSING,2710,N,KEDZIE AVE,1412,N,,,,,,2,NO INDICATION OF INJURY,0,0,0,0,0,2,0,15,6,4,41.93060937,-87.70753516,POINT (-87.707535157597 41.93060936891)
ac76dbd551c71425491160a249580189c28900993808ed56241e9a55bd13309b7923ca2ec34621f110c1f1ece1d439fe58fbae7b42cc9499e6939aadda621a0d,,,3/31/2022 23:44,35,STOP SIGN/FLASHER,FUNCTIONING PROPERLY,RAIN,"DARKNESS, LIGHTED ROAD",TURNING,FOUR WAY,,STRAIGHT AND LEVEL,WET,NO DEFECTS,ON SCENE,NO INJURY / DRIVE AWAY,,,Y,"$501 - $1,500",4/1/2022 0:06,FOLLOWING TOO CLOSELY,UNABLE TO DETERMINE,2801,W,26TH ST,1033,,,,,,,2,NO INDICATION OF INJURY,0,0,0,0,0,2,0,23,5,3,41.84458139,-87.6952421,POINT (-87.695242096017 41.84458139085)
cf899406a84a239a7c2f4810ab77825712d5fe3ba71555769a01a3a9f01b93e844b23b6628a91281f85fd7347299b7fecf977e1e90e8af48f49b506717bf5ccb,,,4/3/2022 21:45,30,NO CONTROLS,NO CONTROLS,UNKNOWN,UNKNOWN,PARKED MOTOR VEHICLE,ONE-WAY,,STRAIGHT AND LEVEL,UNKNOWN,UNKNOWN,NOT ON SCENE (DESK REPORT),INJURY AND / OR TOW DUE TO CRASH,,,,"OVER $1,500",4/3/2022 23:00,UNABLE TO DETERMINE,NOT APPLICABLE,5705,S,MAPLEWOOD AVE,824,,,,,,,2,NO INDICATION OF INJURY,0,0,0,0,0,1,0,21,1,4,41.78995289,-87.68744601,POINT (-87.687446005111 41.789952886426)
3e6c4a5781ab2e06229ad7f65d7bdf65c6618607b3d10ba7472d27f43e4744a772d3a23a7508acde5e0cfecb06a7e2d65a2e986bc05e2fbaeab8c1430ec7e1b9,JF170001,,3/11/2022 3:58,30,UNKNOWN,UNKNOWN,SNOW,"DARKNESS, LIGHTED ROAD",FIXED OBJECT,DIVIDED - W/MEDIAN BARRIER,,STRAIGHT AND LEVEL,SNOW OR SLUSH,UNKNOWN,ON SCENE,INJURY AND / OR TOW DUE TO CRASH,,,,"OVER $1,500",3/11/2022 3:58,WEATHER,UNABLE TO DETERMINE,37,E,CERMAK RD,131,,,,,,,1,NO INDICATION OF INJURY,0,0,0,0,0,6,0,3,6,3,41.85274001,-87.62553741,POINT (-87.625537411045 41.852740009852)
558bb3f0c4f21c0ecbce74ca82b33c988730ff2f6d8b49b13016982192b010fa79370265567542d6acbfae38d9827dcdd6bddfe764a7cffd004e4e3550bc2e9e,JF172716,,3/13/2022 15:56,20,STOP SIGN/FLASHER,FUNCTIONING PROPERLY,CLEAR,DAYLIGHT,TURNING,ONE-WAY,,STRAIGHT AND LEVEL,DRY,NO DEFECTS,,NO INJURY / DRIVE AWAY,,,Y,"OVER $1,500",3/13/2022 15:56,DRIVING ON WRONG SIDE/WRONG WAY,"OPERATING VEHICLE IN ERRATIC, RECKLESS, CARELESS, NEGLIGENT OR AGGRESSIVE MANNER",5159,W,CULLOM AVE,1624,,,,,,,2,NO INDICATION OF INJURY,0,0,0,0,0,2,0,15,1,3,41.95866771,-87.75720102,POINT (-87.757201015157 41.958667712007)
aa77f7fec80597ecd32004698482484e7a292d21df321b6bea96e8f2ea005f501d029507c9b93c82952984abd970a5b1af431c9fd1498b6316761ac0a5623e07,,,4/3/2022 17:45,35,TRAFFIC SIGNAL,FUNCTIONING PROPERLY,CLEAR,DAYLIGHT,REAR TO FRONT,DIVIDED - W/MEDIAN (NOT RAISED),,STRAIGHT AND LEVEL,DRY,NO DEFECTS,NOT ON SCENE (DESK REPORT),NO INJURY / DRIVE AWAY,,,,"OVER $1,500",4/3/2022 18:00,IMPROPER BACKING,UNABLE TO DETERMINE,7900,S,LANGLEY AVE,624,,,,,,,2,NO INDICATION OF INJURY,0,0,0,0,0,2,0,17,1,4,41.75115018,-87.60780204,POINT (-87.607802036151 41.7511501753)
bbc0df655dd0c7598268485f8e7de9eede4aea43e78cdccea930a6e908de0ac01ceb16999d9d8a06d5c8e5a1155e435f5d897536ebcb27ad9979f5b0ec18d8aa,,,4/2/2022 3:00,20,NO CONTROLS,NO CONTROLS,RAIN,"DARKNESS, LIGHTED ROAD",PARKED MOTOR VEHICLE,DIVIDED - W/MEDIAN (NOT RAISED),,STRAIGHT AND LEVEL,WET,UNKNOWN,NOT ON SCENE (DESK REPORT),NO INJURY / DRIVE AWAY,,,Y,"$501 - $1,500",4/3/2022 19:04,UNABLE TO DETERMINE,UNABLE TO DETERMINE,5135,N,GLENWOOD AVE,2033,,,,,,,2,NO INDICATION OF INJURY,0,0,0,0,0,1,0,3,7,4,41.97552404,-87.66458566,POINT (-87.664585659163 41.975524042096)
5d9048deae83d5983531266a224535239910dacc306a3f7016303081299a080be930b748d092c709abc61b23399a6dce9a1f10cca2f86ae8cfbe5c5b671fc7b4,,,4/3/2022 2:00,30,TRAFFIC SIGNAL,FUNCTIONING PROPERLY,UNKNOWN,DARKNESS,REAR END,DIVIDED - W/MEDIAN (NOT RAISED),,STRAIGHT AND LEVEL,DRY,NO DEFECTS,NOT ON SCENE (DESK REPORT),NO INJURY / DRIVE AWAY,,,,"OVER $1,500",4/3/2022 17:25,FAILING TO REDUCE SPEED TO AVOID CRASH,UNABLE TO DETERMINE,1658,W,BELMONT AVE,1922,,,,,,,2,NO INDICATION OF INJURY,0,0,0,0,0,2,0,2,1,4,41.93977514,-87.67097531,POINT (-87.6709753055 41.93977513614)
9f9c06b7dbb5ea60fde9f3e3db106097acf921e0bff136808781406e9d664030bba62a0781b8a29dbafaad62f8c6bfbb1f3435366734fdc010478b6c19acac7d,,,4/2/2022 10:10,30,NO CONTROLS,NO CONTROLS,CLEAR,DAYLIGHT,PARKED MOTOR VEHICLE,ONE-WAY,,STRAIGHT AND LEVEL,DRY,NO DEFECTS,NOT ON SCENE (DESK REPORT),NO INJURY / DRIVE AWAY,,,Y,"OVER $1,500",4/2/2022 12:44,IMPROPER OVERTAKING/PASSING,NOT APPLICABLE,214,W,22ND PL,914,,,,,,,2,NO INDICATION OF INJURY,0,0,0,0,0,1,0,10,7,4,41.85227141,-87.63265458,POINT (-87.632654581164 41.852271413627)
9037083cbb91c8ee672c45dce6ea169cde10c58190cfdb843bfc1f88faa38660b33712e38298632a29a63203f3d27c9db5fd461a0676742f488b107393882273,,,3/30/2022 15:00,30,NO CONTROLS,NO CONTROLS,RAIN,DAYLIGHT,OTHER OBJECT,NOT DIVIDED,,STRAIGHT AND LEVEL,WET,NO DEFECTS,NOT ON SCENE (DESK REPORT),NO INJURY / DRIVE AWAY,Y,,,"OVER $1,500",3/31/2022 13:00,UNABLE TO DETERMINE,NOT APPLICABLE,4498,W,DIVISION ST,2533,,,,,,,1,NO INDICATION OF INJURY,0,0,0,0,0,1,0,15,4,3,41.90258285,-87.73848023,POINT (-87.738480230897 41.902582850364)
563859c655ec12038103f5c0ab5aa14643fc6fe492a567753d720b006a01fa630d6c1e8d3387dd14e73c218e549b3f548978661ce7c7df37aacb1f94a9e93efd,JF172827,,3/13/2022 18:05,30,STOP SIGN/FLASHER,FUNCTIONING PROPERLY,CLEAR,DAYLIGHT,TURNING,OTHER,,STRAIGHT AND LEVEL,DRY,NO DEFECTS,ON SCENE,NO INJURY / DRIVE AWAY,,,Y,"OVER $1,500",3/13/2022 18:10,FAILING TO YIELD RIGHT-OF-WAY,NOT APPLICABLE,3245,W,ADDISON ST,1733,,,,,,,2,NO INDICATION OF INJURY,0,0,0,0,0,3,0,18,1,3,41.94649694,-87.70969587,POINT (-87.709695870028 41.946496935817)
3585d3c4e38298471fe8fa25726c83e7371d35953cad38e8cdf40f2a3a7f1613d9acdee5571bd9dcaee18eef7f3d3f88afd38aeea6b1fa4462e60facdceeb138,,,4/3/2022 16:12,30,NO CONTROLS,NO CONTROLS,CLEAR,DAYLIGHT,PARKED MOTOR VEHICLE,NOT DIVIDED,,STRAIGHT AND LEVEL,DRY,NO DEFECTS,NOT ON SCENE (DESK REPORT),NO INJURY / DRIVE AWAY,,,N,"$501 - $1,500",4/3/2022 16:50,IMPROPER LANE USAGE,IMPROPER LANE USAGE,710,N,HAMLIN AVE,1112,,,,,,,2,NO INDICATION OF INJURY,0,0,0,0,0,2,0,16,1,4,41.89396442,-87.7212924,POINT (-87.721292401948 41.893964421273)
2a5c8c59cf5c98f86696134a6f065cf3977b2bdfad6bb7f7af9242475b1156dae439804cc9de5d6d7229d40518cca5130bd9843f9c370d87426c82045d8daf49,,Y,4/2/2022 22:30,30,TRAFFIC SIGNAL,FUNCTIONING PROPERLY,CLEAR,DAYLIGHT,REAR END,DIVIDED - W/MEDIAN (NOT RAISED),,STRAIGHT AND LEVEL,WET,NO DEFECTS,ON SCENE,INJURY AND / OR TOW DUE TO CRASH,N,,,"OVER $1,500",4/2/2022 22:45,FOLLOWING TOO CLOSELY,NOT APPLICABLE,200,W,CERMAK RD,914,,Y,,,,,2,NONINCAPACITATING INJURY,2,0,0,2,0,2,0,22,7,4,41.85295968,-87.632152,POINT (-87.632152004271 41.852959678693)
7ed6a91ae0891b04050d460d06acaaf81c548cc94913feacbaf219b2c552f86559fa6518c111b991430094bfd705270d2295b07d79a70793e4ca09193f431cca,,,4/2/2022 5:18,30,NO CONTROLS,NO CONTROLS,CLEAR,"DARKNESS, LIGHTED ROAD",REAR END,DIVIDED - W/MEDIAN (NOT RAISED),,STRAIGHT AND LEVEL,DRY,NO DEFECTS,ON SCENE,NO INJURY / DRIVE AWAY,,,Y,"$501 - $1,500",4/2/2022 5:25,FOLLOWING TOO CLOSELY,FOLLOWING TOO CLOSELY,1900,N,KEDZIE AVE,1421,,,,,,,2,NO INDICATION OF INJURY,0,0,0,0,0,2,0,5,7,4,41.91562241,-87.70706394,POINT (-87.707063935234 41.915622412231)
a11da37166f2fa851889c0eb2433e1073c0ef9578cf0a2d89a3c3d8e56c8eba663f54001affcb0aaa41b76b741f40ddf38e8b7b5c53d9c18b252bdb15a2bc3cb,,,4/3/2022 7:40,40,NO CONTROLS,NO CONTROLS,CLEAR,DAYLIGHT,REAR END,DIVIDED - W/MEDIAN BARRIER,,"CURVE, LEVEL",DRY,NO DEFECTS,NOT ON SCENE (DESK REPORT),NO INJURY / DRIVE AWAY,,,Y,"$501 - $1,500",4/3/2022 8:00,FOLLOWING TOO CLOSELY,NOT APPLICABLE,950,N,LAKE SHORE DR NB,1833,,,,,,,2,NO INDICATION OF INJURY,0,0,0,0,0,2,0,7,1,4,41.90067344,-87.61960895,POINT (-87.619608953516 41.900673442296)
7308b2c2e43b2afcfcd7d2eaeafbe809b15c0408062decb061277c7d0edd2981027581294028741eb2627325a751e1c107b6f8288cea150e3cc8e92ca92c4bc0,,,3/31/2022 12:44,30,NO CONTROLS,NO CONTROLS,CLEAR,DAYLIGHT,PARKED MOTOR VEHICLE,NOT DIVIDED,,STRAIGHT AND LEVEL,DRY,NO DEFECTS,NOT ON SCENE (DESK REPORT),NO INJURY / DRIVE AWAY,,,,"$501 - $1,500",4/3/2022 11:20,UNABLE TO DETERMINE,NOT APPLICABLE,1658,E,55TH ST,234,,,,,,,2,NO INDICATION OF INJURY,0,0,0,0,0,3,0,12,5,3,41.79533329,-87.58435632,POINT (-87.584356319746 41.795333294274)
1a6da2db1c894f250e07e74e1fbfa42a2d025454550f2e2122216636de2273ddb3fd3e09c0285f125986eedce98921a0b589164a1cd90fddeeee5be2fc676a97,,,4/3/2022 3:00,30,TRAFFIC SIGNAL,FUNCTIONING PROPERLY,UNKNOWN,"DARKNESS, LIGHTED ROAD",REAR END,NOT DIVIDED,,STRAIGHT AND LEVEL,UNKNOWN,UNKNOWN,NOT ON SCENE (DESK REPORT),NO INJURY / DRIVE AWAY,,,Y,"OVER $1,500",4/3/2022 21:00,FAILING TO REDUCE SPEED TO AVOID CRASH,NOT APPLICABLE,641,W,IRVING PARK RD,1925,,,,,,,2,NO INDICATION OF INJURY,0,0,0,0,0,4,0,3,1,4,41.95450539,-87.64657492,POINT (-87.646574918293 41.954505391798)
c7d2f6d229778d804622d2c5acd325bb3b5cbdc8c41a5e0c5724aac4ad831f215a3b470ee73e3c84bce454541e4b6e687be2b2e000c7dce6db9601fc853fb8d1,,,4/9/2022 19:55,30,NO CONTROLS,NO CONTROLS,CLEAR,DUSK,SIDESWIPE OPPOSITE DIRECTION,OTHER,,STRAIGHT AND LEVEL,DRY,NO DEFECTS,ON SCENE,NO INJURY / DRIVE AWAY,,,,"OVER $1,500",4/9/2022 20:21,FAILING TO REDUCE SPEED TO AVOID CRASH,UNABLE TO DETERMINE,198,E,71ST ST,322,,,,,,,2,NO INDICATION OF INJURY,0,0,0,0,0,2,0,19,7,4,41.76572059,-87.62018091,POINT (-87.620180910327 41.765720592634)
95a47feb98d693e6fd06181201718218dc084a91462fea6905274345bc16c1d5c5360106d1d343eac50df54cbae2ebf5b6d8d0c8f8ef48a0e2ffe1496b4d6bc7,,,4/3/2022 3:29,30,NO CONTROLS,NO CONTROLS,RAIN,"DARKNESS, LIGHTED ROAD",FIXED OBJECT,NOT DIVIDED,,"CURVE, LEVEL",WET,NO DEFECTS,ON SCENE,INJURY AND / OR TOW DUE TO CRASH,,,,"OVER $1,500",4/3/2022 3:34,PHYSICAL CONDITION OF DRIVER,NOT APPLICABLE,5345,W,LAWRENCE AVE,1623,,,,,,,1,NONINCAPACITATING INJURY,1,0,0,1,0,0,0,3,1,4,41.96754976,-87.7611815,POINT (-87.761181497827 41.967549763269)
d57abbbdb3ad438f1bd0f48e1600417bd8a11dc3461fadd3cff690d916e65619afd6d4ee98c2c84304c3f7181fd1649fa3e341c02124f2d47ae4a529b3f9a773,,,4/3/2022 14:40,30,NO CONTROLS,NO CONTROLS,CLEAR,DAYLIGHT,REAR END,NOT DIVIDED,,STRAIGHT AND LEVEL,DRY,NO DEFECTS,NOT ON SCENE (DESK REPORT),NO INJURY / DRIVE AWAY,,,,"$501 - $1,500",4/3/2022 15:18,NOT APPLICABLE,NOT APPLICABLE,7800,S,PULASKI RD,834,,,,,,,4,NO INDICATION OF INJURY,0,0,0,0,0,5,0,14,1,4,41.75126797,-87.72211553,POINT (-87.722115533202 41.751267973428)
dbf47c82d2e0a07fd2fb00b005e1ddfc2342e4a6035ce57170884cc1a3aedf0f6ec8787e53cf69b50fc09c379f84f41387f93563db42cef830b7572797935185,,,4/2/2022 21:30,30,TRAFFIC SIGNAL,FUNCTIONING PROPERLY,CLEAR,"DARKNESS, LIGHTED ROAD",TURNING,FOUR WAY,,STRAIGHT AND LEVEL,DRY,NO DEFECTS,NOT ON SCENE (DESK REPORT),INJURY AND / OR TOW DUE TO CRASH,Y,,Y,"OVER $1,500",4/2/2022 22:13,IMPROPER TURNING/NO SIGNAL,NOT APPLICABLE,4400,W,16TH ST,1012,,,,,,,2,"REPORTED, NOT EVIDENT",3,0,0,0,3,1,0,21,7,4,41.85883947,-87.73479783,POINT (-87.734797827233 41.858839471036)
4b0218cc5e6fa9dc634661c208f6dcc0992322b9c9f817dbd75ec081ce7e584c639c51825b273c6ec716117ecd0cc563c6181986772e82ffb2a4238578e0870b,,,4/3/2022 12:00,30,NO CONTROLS,NO CONTROLS,CLEAR,DAYLIGHT,PARKED MOTOR VEHICLE,NOT DIVIDED,,STRAIGHT AND LEVEL,DRY,NO DEFECTS,NOT ON SCENE (DESK REPORT),NO INJURY / DRIVE AWAY,,,,"OVER $1,500",4/3/2022 14:20,UNABLE TO DETERMINE,NOT APPLICABLE,2050,S,PAULINA ST,1234,,,,,,,2,NO INDICATION OF INJURY,0,0,0,0,0,1,0,12,1,4,41.85415165,-87.66869556,POINT (-87.66869555709 41.854151651984)
939bae8ad94306bd1e7149a5cdace777e1fb7de06e152bbd97a00eb638734e52dd4aec1a178a2ce95c32b9442ce70fcdc924c6b841c0708a98a235e12fd3a72a,,,4/2/2022 14:45,30,STOP SIGN/FLASHER,FUNCTIONING PROPERLY,RAIN,DAYLIGHT,ANGLE,NOT DIVIDED,,STRAIGHT AND LEVEL,WET,NO DEFECTS,NOT ON SCENE (DESK REPORT),NO INJURY / DRIVE AWAY,,,,"$501 - $1,500",4/2/2022 20:05,NOT APPLICABLE,NOT APPLICABLE,7600,S,LUELLA AVE,414,,,,,,,2,NO INDICATION OF INJURY,0,0,0,0,0,3,0,14,7,4,41.75704059,-87.5701438,POINT (-87.570143797282 41.757040588855)
44d7c267947ef16f8532b8a508ea058a9ac5e1b5949ef153e49a9b7595e21a1a398517942c9a00309bca386cf0658193fbb8fbb0ffa778c2258776e9b89a57c6,,,4/3/2022 22:45,30,NO CONTROLS,NO CONTROLS,RAIN,"DARKNESS, LIGHTED ROAD",ANGLE,NOT DIVIDED,,STRAIGHT AND LEVEL,WET,UNKNOWN,ON SCENE,INJURY AND / OR TOW DUE TO CRASH,,,Y,"OVER $1,500",4/3/2022 23:38,UNABLE TO DETERMINE,UNABLE TO DETERMINE,4351,W,76TH ST,833,,,,,,,2,NO INDICATION OF INJURY,0,0,0,0,0,3,0,22,1,4,41.75486919,-87.73185695,POINT (-87.731856951664 41.754869191134)
b7edebbbabc471100cccd4485f439880c4bc37612e449e00972c325b1bdafd5b6fc23c3d250b7aeecd8b90422c955f2b859d2a3d39c2590589f1908c32760106,,,3/30/2022 14:45,30,TRAFFIC SIGNAL,UNKNOWN,UNKNOWN,UNKNOWN,REAR END,DIVIDED - W/MEDIAN (NOT RAISED),,STRAIGHT AND LEVEL,UNKNOWN,UNKNOWN,NOT ON SCENE (DESK REPORT),INJURY AND / OR TOW DUE TO CRASH,,,,"$501 - $1,500",4/3/2022 15:00,PHYSICAL CONDITION OF DRIVER,NOT APPLICABLE,8801,W,HIGGINS RD,1614,,,,,,,2,"REPORTED, NOT EVIDENT",1,0,0,0,1,1,0,14,4,3,41.98781561,-87.84702181,POINT (-87.84702181399 41.987815605286)
82737f0fa7c37b444794ada9e0221b0cbcd1697f40b8dcce517322e2639ffdfb09371ac56dd2d91b2bbebcf0546fb8ccec7484c0960ef791384d890225999cfc,,Y,4/3/2022 0:00,30,NO CONTROLS,NO CONTROLS,UNKNOWN,UNKNOWN,FIXED OBJECT,NOT DIVIDED,,STRAIGHT AND LEVEL,UNKNOWN,UNKNOWN,ON SCENE,NO INJURY / DRIVE AWAY,,Y,Y,"$501 - $1,500",4/3/2022 8:02,UNABLE TO DETERMINE,NOT APPLICABLE,30,E,HUBBARD ST,1834,,,,,,,1,NO INDICATION OF INJURY,0,0,0,0,0,1,0,0,1,4,41.89019628,-87.62673545,POINT (-87.626735452818 41.890196278699)
5884228c2284b634c00e6db027c0b806e2e2c691881dede21ce056c7b4b5233ff4a3cb7625b2148b41589e969dea00cd08f4bcf9018b2cbc4f9cea4b3626e320,JF172891,,3/13/2022 19:40,10,NO CONTROLS,NO CONTROLS,CLEAR,"DARKNESS, LIGHTED ROAD",PARKED MOTOR VEHICLE,PARKING LOT,,STRAIGHT AND LEVEL,DRY,NO DEFECTS,ON SCENE,INJURY AND / OR TOW DUE TO CRASH,,Y,,"OVER $1,500",3/13/2022 20:49,DRIVING SKILLS/KNOWLEDGE/EXPERIENCE,UNABLE TO DETERMINE,7601,S,CICERO AVE,833,,,,,,,2,"REPORTED, NOT EVIDENT",1,0,0,0,1,0,0,19,1,3,41.75466012,-87.74138476,POINT (-87.741384758605 41.754660124394)
ed17fcb48decf8e3c9ceb91c5b1c3f2bdd992f2e3e93bc99f63329ab352488db6d9b02e8f61f2dd359eae3ef9724b371df2a5c8ef1facc70a629a7630bfa21a1,,,4/3/2022 14:00,30,TRAFFIC SIGNAL,FUNCTIONING PROPERLY,CLEAR,DAYLIGHT,REAR END,NOT DIVIDED,,STRAIGHT AND LEVEL,DRY,UNKNOWN,NOT ON SCENE (DESK REPORT),INJURY AND / OR TOW DUE TO CRASH,,,,"$501 - $1,500",4/3/2022 15:50,FAILING TO REDUCE SPEED TO AVOID CRASH,FAILING TO REDUCE SPEED TO AVOID CRASH,4001,W,ROOSEVELT RD,1011,,,,,,,2,"REPORTED, NOT EVIDENT",1,0,0,0,1,3,0,14,1,4,41.86606151,-87.72522858,POINT (-87.725228579553 41.866061508233)