CRASH_RECORD_ID,RD_NO,CRASH_DATE_EST_I,CRASH_DATE,POSTED_SPEED_LIMIT,TRAFFIC_CONTROL_DEVICE,DEVICE_CONDITION,WEATHER_CONDITION,LIGHTING_CONDITION,FIRST_CRASH_TYPE,TRAFFICWAY_TYPE,LANE_CNT,ALIGNMENT,ROADWAY_SURFACE_COND,ROAD_DEFECT,REPORT_TYPE,CRASH_TYPE,INTERSECTION_RELATED_I,NOT_RIGHT_OF_WAY_I,HIT_AND_RUN_I,DAMAGE,DATE_POLICE_NOTIFIED,PRIM_CONTRIBUTORY_CAUSE,SEC_CONTRIBUTORY_CAUSE,STREET_NO,STREET_DIRECTION,STREET_NAME,BEAT_OF_OCCURRENCE,PHOTOS_TAKEN_I,STATEMENTS_TAKEN_I,DOORING_I,WORK_ZONE_I,WORK_ZONE_TYPE,WORKERS_PRESENT_I,NUM_UNITS,MOST_SEVERE_INJURY,INJURIES_TOTAL,INJURIES_FATAL,INJURIES_INCAPACITATING,INJURIES_NON_INCAPACITATING,INJURIES_REPORTED_NOT_EVIDENT,INJURIES_NO_INDICATION,INJURIES_UNKNOWN,CRASH_HOUR,CRASH_DAY_OF_WEEK,CRASH_MONTH,LATITUDE,LONGITUDE,LOCATION
65c7d4d1300acc99e61e9790b92f7a8ae2d3eaa76bd6fd6a34466a2d4afdbf9dc0c38681a013a9a5df93ee29aa5cff209d0c311701f0ce06ba1d2211e92c65ae,,,4/3/2022 20:29,30,TRAFFIC SIGNAL,FUNCTIONING PROPERLY,CLEAR,"DARKNESS, LIGHTED ROAD",PEDALCYCLIST,DIVIDED - W/MEDIAN BARRIER,,STRAIGHT AND LEVEL,DRY,NO DEFECTS,ON SCENE,INJURY AND / OR TOW DUE TO CRASH,,,,$500 OR LESS,4/3/2022 20:29,"EVASIVE ACTION DUE TO ANIMAL, OBJECT, NONMOTORIST","EVASIVE ACTION DUE TO ANIMAL, OBJECT, NONMOTORIST",5600,W,MADISON ST,1513,,,N,,,,2,NONINCAPACITATING INJURY,1,0,0,1,0,1,0,20,1,4,41.88035456,-87.76494814,POINT (-87.764948136348 41.880354556326)
a7adfb6279f94ef323da501a9a386d7b1de0cb27a1cfaf2280d08007fa700c8b644eff7641042b14c8d385d66a94678a06ce2ba40073633888c319221f019e3f,,Y,4/1/2022 15:00,10,NO CONTROLS,NO CONTROLS,UNKNOWN,UNKNOWN,PARKED MOTOR VEHICLE,PARKING LOT,,STRAIGHT AND LEVEL,DRY,NO DEFECTS,NOT ON SCENE (DESK REPORT),NO INJURY / DRIVE AWAY,,,,"OVER $1,500",4/1/2022 21:20,UNABLE TO DETERMINE,NOT APPLICABLE,2941,S,MICHIGAN AVE,133,,,,,,,2,NO INDICATION OF INJURY,0,0,0,0,0,1,0,15,6,4,41.84077124,-87.62311996,POINT (-87.623119954905 41.84077124114)
2bf72bf390fc634d07966e0625f842690549c50840b931b868a5298958917572264fa1b46f8ffaa1db0c06e56bdc72a01ba5036d7f96e3d3b3b73f9f22e089bd,,,4/3/2022 5:09,30,NO CONTROLS,NO CONTROLS,CLEAR,"DARKNESS, LIGHTED ROAD",PARKED MOTOR VEHICLE,NOT DIVIDED,,STRAIGHT AND LEVEL,DRY,NO DEFECTS,ON SCENE,INJURY AND / OR TOW DUE TO CRASH,,,,"OVER $1,500",4/3/2022 5:09,"VISION OBSCURED (SIGNS, TREE LIMBS, BUILDINGS, ETC.)",UNABLE TO DETERMINE,10900,S,THROOP ST,2234,,Y,,,,,2,NO INDICATION OF INJURY,0,0,0,0,0,1,0,5,1,4,41.69580096,-87.65479879,POINT (-87.654798784688 41.695800961054)
591c88e96eca94e0e6a54ffc2ebd36d16a3a0e20c11f0a7e5eb2bbe2dc50d3fed3e81e97a137740ba8f6ab9bb385ea148aedabf73f0f4b05edf8aed7b3f28b69,JF172897,,3/13/2022 19:35,30,TRAFFIC SIGNAL,FUNCTIONING PROPERLY,CLEAR,"DARKNESS, LIGHTED ROAD",REAR END,DIVIDED - W/MEDIAN (NOT RAISED),,STRAIGHT AND LEVEL,DRY,NO DEFECTS,NOT ON SCENE (DESK REPORT),NO INJURY / DRIVE AWAY,,,Y,"$501 - $1,500",3/13/2022 20:00,UNABLE TO DETERMINE,UNABLE TO DETERMINE,4415,N,PULASKI RD,1723,,,,,,,2,NO INDICATION OF INJURY,0,0,0,0,0,2,0,19,1,3,41.96141172,-87.72769349,POINT (-87.72769348553 41.961411718754)
6fa6acaf3b606b0571c3142d50d290ae596e7c3c7ae9bd87409e0d95b4b23e9ec14e229d33066ba5d89e9e7c118288b5748346bb9094d35da325f5c21f4905ad,,,4/1/2022 21:30,30,NO CONTROLS,NO CONTROLS,CLEAR,"DARKNESS, LIGHTED ROAD",REAR END,ONE-WAY,,STRAIGHT AND LEVEL,DRY,NO DEFECTS,NOT ON SCENE (DESK REPORT),NO INJURY / DRIVE AWAY,,,Y,"OVER $1,500",4/2/2022 12:30,FOLLOWING TOO CLOSELY,NOT APPLICABLE,1339,S,TROY ST,1022,,,,,,,2,NO INDICATION OF INJURY,0,0,0,0,0,2,0,21,6,4,41.86336208,-87.70420958,POINT (-87.704209576881 41.863362078718)
76c2a58a7c99ed665cb715778b4283e3173466babc7e9b38e1aa9282ba1d6a210cfcfbe783fc28b8253b3b7bfaa54cab5c91cae796ac814973d92f365622d09b,,,4/3/2022 8:40,30,NO CONTROLS,NO CONTROLS,CLEAR,DAYLIGHT,ANGLE,FOUR WAY,,STRAIGHT AND LEVEL,WET,NO DEFECTS,ON SCENE,INJURY AND / OR TOW DUE TO CRASH,Y,,,"OVER $1,500",4/3/2022 8:43,UNABLE TO DETERMINE,UNABLE TO DETERMINE,3429,W,FOSTER AVE,1712,,,,,,,2,"REPORTED, NOT EVIDENT",1,0,0,0,1,2,0,8,1,4,41.97556924,-87.71471227,POINT (-87.714712269781 41.975569243532)
0fdf662201618d1579195e98967ac0d961a7c03a52361bebeb5c08b6c3178171a5d1f5c91ff2665eaf043483a0eb3646c74859385f8aea4e048f85714a309ca4,,,4/3/2022 5:54,30,NO CONTROLS,NO CONTROLS,CLEAR,DAYLIGHT,TURNING,NOT DIVIDED,,STRAIGHT AND LEVEL,DRY,NO DEFECTS,ON SCENE,INJURY AND / OR TOW DUE TO CRASH,,,,"OVER $1,500",4/3/2022 6:26,NOT APPLICABLE,NOT APPLICABLE,3144,W,DEVON AVE,2412,,,,,,,2,NO INDICATION OF INJURY,0,0,0,0,0,2,0,5,1,4,41.99750964,-87.70871561,POINT (-87.708715609551 41.997509636593)
1445a7459815a686b72db801c4676039b2774c6ac4c6a2cad009aefd289f9430bbd4689f8cbf0b54027bde1f62bf900b052230eebed89f27ca147b380a589c79,,,4/3/2022 23:30,10,NO CONTROLS,NO CONTROLS,RAIN,DARKNESS,PARKED MOTOR VEHICLE,OTHER,,STRAIGHT AND LEVEL,WET,UNKNOWN,ON SCENE,NO INJURY / DRIVE AWAY,,,Y,"OVER $1,500",4/4/2022 0:02,UNABLE TO DETERMINE,UNABLE TO DETERMINE,6674,N,OLIPHANT AVE,1612,,,,,,,3,NO INDICATION OF INJURY,0,0,0,0,0,1,0,23,1,4,42.00217492,-87.81695764,POINT (-87.816957638826 42.002174921967)
dee23459f90aa8021f123000269fc4ae431708a82a4131e31badb1f5cf62f21df55196e0afe6c47fca1739ce4dc490a7e43fde07bcc10d6436b0218df21af638,,,4/3/2022 1:30,30,TRAFFIC SIGNAL,FUNCTIONING PROPERLY,CLEAR,DAYLIGHT,SIDESWIPE SAME DIRECTION,NOT DIVIDED,,STRAIGHT AND LEVEL,DRY,NO DEFECTS,NOT ON SCENE (DESK REPORT),NO INJURY / DRIVE AWAY,,,Y,"OVER $1,500",4/3/2022 10:55,FAILING TO YIELD RIGHT-OF-WAY,UNABLE TO DETERMINE,549,S,WELLS ST,123,,,,,,,2,NO INDICATION OF INJURY,0,0,0,0,0,2,0,1,1,4,41.87471173,-87.63348791,POINT (-87.633487914206 41.874711725592)
39100fe03f8e2384e3b603558b9d8f2cb2e437430a4791567c5652135214351f7f6eea2cd489688b313487ffffa2f0cf74512d20e94907349162dda284213f50,,,4/3/2022 1:00,30,NO CONTROLS,NO CONTROLS,UNKNOWN,"DARKNESS, LIGHTED ROAD",PARKED MOTOR VEHICLE,NOT DIVIDED,,STRAIGHT AND LEVEL,UNKNOWN,NO DEFECTS,NOT ON SCENE (DESK REPORT),INJURY AND / OR TOW DUE TO CRASH,,,Y,"OVER $1,500",4/3/2022 10:10,UNABLE TO DETERMINE,UNABLE TO DETERMINE,1545,W,GLENLAKE AVE,2433,,,,,,,2,NO INDICATION OF INJURY,0,0,0,0,0,1,0,1,1,4,41.99250248,-87.66943426,POINT (-87.669434255862 41.992502474839)
b58041e85bd9a68335032b51d3601752a9e1c0d81791ede7daa72293eec821f2993d63213852daea0151ea228c0fdebb48673454d5e9d27ac89af0b1c6511415,,,4/1/2022 12:44,30,NO CONTROLS,NO CONTROLS,CLEAR,DAYLIGHT,REAR END,DIVIDED - W/MEDIAN BARRIER,,STRAIGHT AND LEVEL,WET,"RUT, HOLES",ON SCENE,INJURY AND / OR TOW DUE TO CRASH,,,,"OVER $1,500",4/1/2022 12:46,FAILING TO REDUCE SPEED TO AVOID CRASH,UNABLE TO DETERMINE,401,W,47TH ST,935,,,,,,,2,NO INDICATION OF INJURY,0,0,0,0,0,2,0,12,6,4,41.80893635,-87.635826,POINT (-87.635826003561 41.808936345114)
97cf404d383cb32339e1236004c042b47e98e852c16545651e57a7c1dc3af4203078240ed5f1ece473e12656140c07f22ee6910bfbf959f8cc310c777717620a,,,4/3/2022 12:30,15,NO CONTROLS,NO CONTROLS,CLEAR,DAYLIGHT,PARKED MOTOR VEHICLE,PARKING LOT,,STRAIGHT AND LEVEL,UNKNOWN,UNKNOWN,ON SCENE,NO INJURY / DRIVE AWAY,,Y,,"$501 - $1,500",4/3/2022 15:49,DRIVING SKILLS/KNOWLEDGE/EXPERIENCE,UNABLE TO DETERMINE,600,E,GRAND AVE,1834,,,,,,,2,NO INDICATION OF INJURY,0,0,0,0,0,1,0,12,1,4,41.89209414,-87.61156988,POINT (-87.611569883947 41.892094136862)
8e7181544749696379d187a433e38a3e91999814713b943b659c30ba8b1f21c3d038932ea9056af1f4b349aafc49b801f30f5a5f4a27489a7052529ba99a60f1,,,4/3/2022 12:00,30,NO CONTROLS,NO CONTROLS,CLEAR,DAYLIGHT,SIDESWIPE SAME DIRECTION,NOT DIVIDED,,STRAIGHT AND LEVEL,DRY,NO DEFECTS,NOT ON SCENE (DESK REPORT),NO INJURY / DRIVE AWAY,,,,$500 OR LESS,4/3/2022 12:35,UNABLE TO DETERMINE,NOT APPLICABLE,102,W,79TH ST,623,,,,,,,2,NO INDICATION OF INJURY,0,0,0,0,0,2,0,12,1,4,41.75101654,-87.62717916,POINT (-87.627179163181 41.751016543513)
38ff7419b51515b0226e77990f0b1dce7ba7b03590b43b03c64e44dd2435e5a0fefd470c8d24f7d9f6073d9ed1442fd15d92c922cd87a2f5582279c3c812cab0,,,4/3/2022 9:17,30,NO CONTROLS,NO CONTROLS,CLEAR,DAYLIGHT,REAR END,DIVIDED - W/MEDIAN (NOT RAISED),,STRAIGHT AND LEVEL,DRY,NO DEFECTS,NOT ON SCENE (DESK REPORT),NO INJURY / DRIVE AWAY,,,,"OVER $1,500",4/3/2022 14:00,UNABLE TO DETERMINE,UNABLE TO DETERMINE,2400,W,FULLERTON AVE,1431,,,,,,,2,NO INDICATION OF INJURY,0,0,0,0,0,3,0,9,1,4,41.92500994,-87.68770475,POINT (-87.687704752222 41.925009934765)
41aa20ebf2b99729a6802a4851bab41b9da98457792769565c97946fd1cadc92020861c7d39ed8d42c721d2d767c2909a7b23c81df499ff08095376265836783,,,4/3/2022 16:00,30,NO CONTROLS,NO CONTROLS,CLEAR,DAYLIGHT,SIDESWIPE SAME DIRECTION,NOT DIVIDED,,STRAIGHT AND LEVEL,DRY,NO DEFECTS,NOT ON SCENE (DESK REPORT),NO INJURY / DRIVE AWAY,,,Y,"$501 - $1,500",4/3/2022 17:00,UNABLE TO DETERMINE,UNABLE TO DETERMINE,2700,N,CICERO AVE,2521,,,,,,,2,NO INDICATION OF INJURY,0,0,0,0,0,2,0,16,1,4,41.9297611,-87.74666793,POINT (-87.746667930815 41.929761102155)
52108b7e0be291b7bd4ff4c0b039d0b02f2a3c8dbf9ca5e869375222cbf544a3d8bb6845516557e230d8523839c1c88043b2c2cebe88041f3bf2d4acd803ed02,,,4/3/2022 2:50,15,NO CONTROLS,NO CONTROLS,CLEAR,"DARKNESS, LIGHTED ROAD",REAR END,PARKING LOT,,STRAIGHT AND LEVEL,DRY,NO DEFECTS,NOT ON SCENE (DESK REPORT),NO INJURY / DRIVE AWAY,,,,"OVER $1,500",4/3/2022 9:20,UNABLE TO DETERMINE,UNABLE TO DETERMINE,401,N,WELLS ST,1831,,,,,,,2,NO INDICATION OF INJURY,0,0,0,0,0,2,0,2,1,4,41.88921522,-87.6338644,POINT (-87.633864400819 41.889215221757)
d660828ea3b2c9fef425e84fde79d083eff05a0b836709b10bec8fef6cda22493184a6db42f3c5ed3f01773ab5b6b9a454ec366490c2d299608b6b2cef4cca77,,,4/2/2022 14:15,45,NO CONTROLS,NO CONTROLS,RAIN,DUSK,OTHER OBJECT,OTHER,,STRAIGHT AND LEVEL,WET,"RUT, HOLES",ON SCENE,INJURY AND / OR TOW DUE TO CRASH,,,,"$501 - $1,500",4/2/2022 14:20,ROAD ENGINEERING/SURFACE/MARKING DEFECTS,ROAD ENGINEERING/SURFACE/MARKING DEFECTS,2801,N,LAKE SHORE DR,1934,,,,,,,1,NO INDICATION OF INJURY,0,0,0,0,0,1,0,14,7,4,41.93283601,-87.63609296,POINT (-87.636092961893 41.93283600675)
75f03010b276b6530122980a59102e8007fb8b4919b28b448c00d84bde5f1e95c76659829f4368060d79406fba3a999c6bd32f15167ad827991594cd824fced8,,,4/3/2022 2:05,30,STOP SIGN/FLASHER,FUNCTIONING PROPERLY,RAIN,DARKNESS,REAR TO SIDE,FOUR WAY,,STRAIGHT AND LEVEL,UNKNOWN,NO DEFECTS,ON SCENE,INJURY AND / OR TOW DUE TO CRASH,Y,,Y,"OVER $1,500",4/3/2022 2:05,FAILING TO YIELD RIGHT-OF-WAY,DISREGARDING STOP SIGN,3435,W,26TH ST,1032,,,,,,,2,"REPORTED, NOT EVIDENT",1,0,0,0,1,1,0,2,1,4,41.84432192,-87.71127366,POINT (-87.711273659209 41.844321916016)
2f1cae50e03636c91682cf26b55013eb6ccdccec4ee305fd579144de21c7b808dd6cc2f8169324ab233aebd23ca9020bdda34d22dba0e5d21179fe0ad0f9f021,,,4/2/2022 1:08,20,NO CONTROLS,NO CONTROLS,CLEAR,"DARKNESS, LIGHTED ROAD",PARKED MOTOR VEHICLE,ONE-WAY,,STRAIGHT AND LEVEL,DRY,NO DEFECTS,ON SCENE,INJURY AND / OR TOW DUE TO CRASH,,,,"OVER $1,500",4/2/2022 1:08,"DISTRACTION - OTHER ELECTRONIC DEVICE (NAVIGATION DEVICE, DVD PLAYER, ETC.)",NOT APPLICABLE,143,E,119TH ST,532,,,,,,,2,NO INDICATION OF INJURY,0,0,0,0,0,1,0,1,7,4,41.67797537,-87.61883298,POINT (-87.618832981136 41.677975371274)
63d660dbad74b6645804100d4cbba9973ac2a15d8b2ba8b1ea2ad24507fc9b6bc182f3e3705d0213f3c78c2e31dd7227e6b4b7096cf26a3eccc8aa31dcb69bed,,Y,4/3/2022 17:00,30,NO CONTROLS,NO CONTROLS,CLEAR,DAYLIGHT,SIDESWIPE SAME DIRECTION,DIVIDED - W/MEDIAN BARRIER,,STRAIGHT AND LEVEL,DRY,NO DEFECTS,ON SCENE,NO INJURY / DRIVE AWAY,,,Y,"OVER $1,500",4/3/2022 17:01,UNABLE TO DETERMINE,UNABLE TO DETERMINE,9100,S,STONY ISLAND AVE,413,,,,,,,2,NO INDICATION OF INJURY,0,0,0,0,0,2,0,17,1,4,41.72951813,-87.58563641,POINT (-87.585636408538 41.729518128388)
5b707e44cebcecf74b55b7825d6dc611e2bf80c32c56546b5cdd0e1f5a94d97e616685847a54f4e615e7a5d72ce6104345f4eadafdfaeffc519b012577785517,JF172790,,3/13/2022 17:15,30,TRAFFIC SIGNAL,FUNCTIONING PROPERLY,CLEAR,DAYLIGHT,REAR END,NOT DIVIDED,,STRAIGHT AND LEVEL,DRY,NO DEFECTS,NOT ON SCENE (DESK REPORT),NO INJURY / DRIVE AWAY,Y,,,"OVER $1,500",3/13/2022 18:00,FOLLOWING TOO CLOSELY,UNABLE TO DETERMINE,2545,N,KEDZIE BLVD,1414,,,,,,,2,NO INDICATION OF INJURY,0,0,0,0,0,2,0,17,1,3,41.92787854,-87.70692519,POINT (-87.706925189093 41.927878541496)
30735f1e94a905d72935ce81fcbea8974d34316029d3de6a99e461644bc405f13231f020934aff2e06a73454d6c2c76a9cbd34b8787ebd6ae5da9b468091fd9c,,,4/2/2022 13:30,30,TRAFFIC SIGNAL,FUNCTIONING PROPERLY,CLEAR,DAYLIGHT,SIDESWIPE SAME DIRECTION,OTHER,,STRAIGHT AND LEVEL,UNKNOWN,UNKNOWN,NOT ON SCENE (DESK REPORT),NO INJURY / DRIVE AWAY,Y,,Y,$500 OR LESS,4/3/2022 12:00,UNABLE TO DETERMINE,NOT APPLICABLE,1730,W,FULLERTON AVE,1931,,,,,,,2,NO INDICATION OF INJURY,0,0,0,0,0,2,0,13,7,4,41.92521233,-87.67192543,POINT (-87.671925425136 41.925212327594)
ab92f5067cee77d651c46a05550b7115cf7db98d73afb1d43e9e607cb5077a4c4329b463b68a0f85573d23fbaa532183c5a087607f483051c0b2b3aaae99edc5,,,4/2/2022 13:37,20,NO CONTROLS,NO CONTROLS,RAIN,DAYLIGHT,PARKED MOTOR VEHICLE,DIVIDED - W/MEDIAN (NOT RAISED),,STRAIGHT AND LEVEL,WET,NO DEFECTS,ON SCENE,INJURY AND / OR TOW DUE TO CRASH,,,,"OVER $1,500",4/2/2022 13:39,WEATHER,WEATHER,5620,S,NARRAGANSETT AVE,811,,,,,,,2,NO INDICATION OF INJURY,0,0,0,0,0,1,0,13,7,4,41.78984659,-87.7818603,POINT (-87.781860294649 41.789846588141)
5b98c008141b9894249e399bf9defcef2386225488a94b59c31d7b67d3ca40e9c7ac5b031acf0e7a2bc6efc71981f2ca6d8efcc02428348cbf28bb5f727e38aa,JF172741,,3/13/2022 16:15,30,TRAFFIC SIGNAL,FUNCTIONING PROPERLY,CLEAR,DAYLIGHT,SIDESWIPE SAME DIRECTION,NOT DIVIDED,,STRAIGHT AND LEVEL,DRY,UNKNOWN,NOT ON SCENE (DESK REPORT),NO INJURY / DRIVE AWAY,,,,"OVER $1,500",3/13/2022 17:00,UNABLE TO DETERMINE,UNABLE TO DETERMINE,2799,W,IRVING PARK RD,1733,,,,,,,2,NO INDICATION OF INJURY,0,0,0,0,0,2,0,16,1,3,41.95386449,-87.69817429,POINT (-87.698174284532 41.953864485022)
1f03b144c8b965f734fb7066ffb2c4314866e4b2c34b4d7a3979a67c6fbf0942da86dc27b68be50edc7da3c177fac3c9192d6c40748e7e6c09c4a4c6799474e9,,,4/2/2022 16:30,30,TRAFFIC SIGNAL,FUNCTIONING PROPERLY,RAIN,DAYLIGHT,FIXED OBJECT,T-INTERSECTION,,STRAIGHT AND LEVEL,WET,NO DEFECTS,ON SCENE,INJURY AND / OR TOW DUE TO CRASH,,,,"OVER $1,500",4/2/2022 16:30,UNABLE TO DETERMINE,DRIVING SKILLS/KNOWLEDGE/EXPERIENCE,10300,S,COTTAGE GROVE AVE,512,,,,,,,1,NO INDICATION OF INJURY,0,0,0,0,0,1,0,16,7,4,41.70740512,-87.60667222,POINT (-87.606672215235 41.707405117831)
7c08d0ccc4b9aafc5e02270cb522d6e1e8c353b2d72f92f49c0aa90c4d56b0a17fcfb88ee600833dd271c63f19fe5403f63c1170cec40a1f4b83916b3c0f2931,,,4/1/2022 21:11,30,TRAFFIC SIGNAL,FUNCTIONING PROPERLY,CLEAR,"DARKNESS, LIGHTED ROAD",ANGLE,NOT DIVIDED,,STRAIGHT AND LEVEL,DRY,NO DEFECTS,ON SCENE,INJURY AND / OR TOW DUE TO CRASH,Y,,,"OVER $1,500",4/1/2022 21:15,DISREGARDING TRAFFIC SIGNALS,FAILING TO YIELD RIGHT-OF-WAY,38,E,41ST ST,213,,,,,,,2,NO INDICATION OF INJURY,0,0,0,0,0,3,0,21,6,4,41.8202354,-87.62482896,POINT (-87.624828954612 41.820235400018)
99ff5455bb4689839724c71a90b3c77e77390f799cfe8b39d2c8d434a186b010290dca49566e77e434b7035c891a45200dd32cca4203dd6b2582638b6cc606bd,,,4/2/2022 21:55,30,NO CONTROLS,NO CONTROLS,RAIN,"DARKNESS, LIGHTED ROAD",PARKED MOTOR VEHICLE,ONE-WAY,,STRAIGHT AND LEVEL,WET,NO DEFECTS,ON SCENE,INJURY AND / OR TOW DUE TO CRASH,,,,"OVER $1,500",4/2/2022 21:59,UNABLE TO DETERMINE,UNABLE TO DETERMINE,6543,S,ARTESIAN AVE,832,,,,,,,3,NO INDICATION OF INJURY,0,0,0,0,0,1,0,21,7,4,41.7743239,-87.68458184,POINT (-87.684581844082 41.774323900849)
101f5648238f2e9a3e7de69167f00d3a1295761f4d11939926be13575f0598386b696dbe36695f14e01346e553307b266fc5a9914d948e8bac0843387b8aa350,,,4/3/2022 2:23,30,NO CONTROLS,NO CONTROLS,FREEZING RAIN/DRIZZLE,"DARKNESS, LIGHTED ROAD",TURNING,NOT DIVIDED,,STRAIGHT AND LEVEL,WET,UNKNOWN,ON SCENE,NO INJURY / DRIVE AWAY,,,,"OVER $1,500",4/3/2022 2:31,NOT APPLICABLE,NOT APPLICABLE,2804,W,CHICAGO AVE,1211,,,,,,,2,NO INDICATION OF INJURY,0,0,0,0,0,5,0,2,1,4,41.89576313,-87.69692473,POINT (-87.696924729933 41.895763126495)
379ab957f49cbda5c908b84db598b2ca4efea9399dc6edbfb16262275e1ebb70537ffebdee3d8ee6887d7d5b520b6481e69c861c57bdd2e17ce5d555283385f0,,,4/3/2022 8:45,30,STOP SIGN/FLASHER,NO CONTROLS,CLEAR,DAYLIGHT,TURNING,FOUR WAY,,STRAIGHT AND LEVEL,DRY,NO DEFECTS,NOT ON SCENE (DESK REPORT),NO INJURY / DRIVE AWAY,Y,,,"OVER $1,500",4/3/2022 13:41,DRIVING SKILLS/KNOWLEDGE/EXPERIENCE,NOT APPLICABLE,7900,S,ANTHONY AVE,411,,,,,,,2,NO INDICATION OF INJURY,0,0,0,0,0,2,0,8,1,4,41.75140151,-87.58860866,POINT (-87.588608659534 41.751401513695)
4d7145c3b2c1877c75f9e526c3179885627cfbaf68ac3c73bb7d4d28480668712dcc7ca63032be6a2cd383f890e7fc3925abdd33ffd015013a863bfcf19340c3,,,4/3/2022 13:50,30,NO CONTROLS,NO CONTROLS,CLEAR,DAYLIGHT,TURNING,NOT DIVIDED,,STRAIGHT AND LEVEL,DRY,NO DEFECTS,NOT ON SCENE (DESK REPORT),INJURY AND / OR TOW DUE TO CRASH,,,,"$501 - $1,500",4/3/2022 15:30,UNABLE TO DETERMINE,UNABLE TO DETERMINE,2610,N,PULASKI RD,2524,,,,,,,2,NO INDICATION OF INJURY,0,0,0,0,0,2,0,13,1,4,41.92849895,-87.7270323,POINT (-87.727032301182 41.928498954449)
406470d4e7b98b8d22ed6d1f8ac66c56fc461dc7f4b737860fb84d781504290bd7ea81f5cf30f83db2bb48ada0bf1efb0208424108a24a79953b11b146ab5afc,,,4/3/2022 3:39,25,NO CONTROLS,NO CONTROLS,RAIN,DARKNESS,PARKED MOTOR VEHICLE,ONE-WAY,,STRAIGHT AND LEVEL,WET,NO DEFECTS,ON SCENE,INJURY AND / OR TOW DUE TO CRASH,,,Y,"OVER $1,500",4/3/2022 3:40,UNABLE TO DETERMINE,UNABLE TO DETERMINE,1112,W,ROSCOE ST,1924,,,,,,,3,NO INDICATION OF INJURY,0,0,0,0,0,1,0,3,1,4,41.94363282,-87.65717554,POINT (-87.657175534566 41.943632818013)
d19f8f2e6a633e1a2244fcc6e321dc255547a06e8d2597d1d1670152a9dc902c97d9e571372b7d0a30f60685f84cd7b920b43b6de96b86f53c8ea687adcea548,,,4/3/2022 13:50,30,NO CONTROLS,NO CONTROLS,CLEAR,DAYLIGHT,SIDESWIPE SAME DIRECTION,ONE-WAY,,STRAIGHT AND LEVEL,DRY,NO DEFECTS,NOT ON SCENE (DESK REPORT),NO INJURY / DRIVE AWAY,,,,"OVER $1,500",4/3/2022 14:30,DRIVING SKILLS/KNOWLEDGE/EXPERIENCE,NOT APPLICABLE,8000,S,ANTHONY AVE,411,,,,,,,2,NO INDICATION OF INJURY,0,0,0,0,0,2,0,13,1,4,41.74957387,-87.58623562,POINT (-87.586235621882 41.749573869773)
54b04967548eff52a2b69a9e2158a390275e2c41370d5454856bb531d2fd2ac107eeaf3499ad1b2c51e1efe591d3c9e3678812dac4ef98522b1313dc14a2bc6c,,,4/3/2022 21:15,30,NO CONTROLS,NO CONTROLS,CLEAR,"DARKNESS, LIGHTED ROAD",PARKED MOTOR VEHICLE,ONE-WAY,,STRAIGHT AND LEVEL,DRY,NO DEFECTS,ON SCENE,INJURY AND / OR TOW DUE TO CRASH,,,Y,"OVER $1,500",4/3/2022 21:30,UNABLE TO DETERMINE,UNABLE TO DETERMINE,4504,N,KEYSTONE AVE,1722,,,,,,,5,NO INDICATION OF INJURY,0,0,0,0,0,1,0,21,1,4,41.96270746,-87.72923247,POINT (-87.729232468816 41.962707458146)
8af1033261bfcb80916d6efccded2edf2da9d30c073c4fc13c80ad44604852e6ab6877e96c66b0388cf032b6f6b1f76ddd0b92dd9468e440f755ff0a5239caea,,,4/2/2022 20:45,30,NO CONTROLS,NO CONTROLS,RAIN,"DARKNESS, LIGHTED ROAD",FIXED OBJECT,NOT DIVIDED,,STRAIGHT AND LEVEL,WET,"RUT, HOLES",ON SCENE,INJURY AND / OR TOW DUE TO CRASH,,,,"OVER $1,500",4/2/2022 20:51,UNABLE TO DETERMINE,UNABLE TO DETERMINE,2569,W,BELMONT AVE,1411,,,,,,,1,NO INDICATION OF INJURY,0,0,0,0,0,2,0,20,7,4,41.93931319,-87.6929833,POINT (-87.692983301396 41.939313188201)
c04ff00732bedec596eaf517da227730f76241374afee69d4881ab34a381c9aed93a39dc94c7660bc9f47bf41df01f36ab41fda2cfcbaebd447330c367ddd12e,,,4/1/2022 17:00,30,NO CONTROLS,NO CONTROLS,CLEAR,DAYLIGHT,SIDESWIPE SAME DIRECTION,ONE-WAY,,STRAIGHT AND LEVEL,DRY,NO DEFECTS,NOT ON SCENE (DESK REPORT),NO INJURY / DRIVE AWAY,,,Y,"OVER $1,500",4/3/2022 13:20,IMPROPER OVERTAKING/PASSING,UNABLE TO DETERMINE,100,N,JEFFERSON ST,121,,,,,,,2,NO INDICATION OF INJURY,0,0,0,0,0,2,0,17,6,4,41.88323332,-87.64284806,POINT (-87.642848062968 41.883233316295)
1cf88bed36bdb0b73c92461821e20490afc1b1e1438989ac17e8ab26399c5d9da8e8d15569623a43f09c7dee7d8b923f376678cba5d57359d10229a559e30872,,,4/3/2022 12:47,10,NO CONTROLS,NO CONTROLS,CLEAR,DAYLIGHT,PARKED MOTOR VEHICLE,PARKING LOT,,STRAIGHT AND LEVEL,DRY,UNKNOWN,NOT ON SCENE (DESK REPORT),NO INJURY / DRIVE AWAY,,Y,,"OVER $1,500",4/3/2022 13:30,UNABLE TO DETERMINE,UNABLE TO DETERMINE,6451,W,DIVERSEY AVE,2512,,,,,,,2,NO INDICATION OF INJURY,0,0,0,0,0,3,0,12,1,4,41.93085132,-87.78775566,POINT (-87.787755654562 41.930851315188)