CRASH_RECORD_ID,RD_NO,CRASH_DATE_EST_I,CRASH_DATE,POSTED_SPEED_LIMIT,TRAFFIC_CONTROL_DEVICE,DEVICE_CONDITION,WEATHER_CONDITION,LIGHTING_CONDITION,FIRST_CRASH_TYPE,TRAFFICWAY_TYPE,LANE_CNT,ALIGNMENT,ROADWAY_SURFACE_COND,ROAD_DEFECT,REPORT_TYPE,CRASH_TYPE,INTERSECTION_RELATED_I,NOT_RIGHT_OF_WAY_I,HIT_AND_RUN_I,DAMAGE,DATE_POLICE_NOTIFIED,PRIM_CONTRIBUTORY_CAUSE,SEC_CONTRIBUTORY_CAUSE,STREET_NO,STREET_DIRECTION,STREET_NAME,BEAT_OF_OCCURRENCE,PHOTOS_TAKEN_I,STATEMENTS_TAKEN_I,DOORING_I,WORK_ZONE_I,WORK_ZONE_TYPE,WORKERS_PRESENT_I,NUM_UNITS,MOST_SEVERE_INJURY,INJURIES_TOTAL,INJURIES_FATAL,INJURIES_INCAPACITATING,INJURIES_NON_INCAPACITATING,INJURIES_REPORTED_NOT_EVIDENT,INJURIES_NO_INDICATION,INJURIES_UNKNOWN,CRASH_HOUR,CRASH_DAY_OF_WEEK,CRASH_MONTH,LATITUDE,LONGITUDE,LOCATION
ae4292e15b7b37c46ace5692725998027715ca672765be5d88685e69dd3664c5851c8ea34fdebcfc0815d5fba85628cd497472f5731065924af3fb245ed986f1,,Y,4/2/2022 9:00,30,NO CONTROLS,NO CONTROLS,CLEAR,UNKNOWN,PARKED MOTOR VEHICLE,ONE-WAY,,STRAIGHT AND LEVEL,DRY,NO DEFECTS,NOT ON SCENE (DESK REPORT),NO INJURY / DRIVE AWAY,,,Y,"$501 - $1,500",4/2/2022 10:30,UNABLE TO DETERMINE,UNABLE TO DETERMINE,11919,S,PARNELL AVE,524,,,,,,,2,NO INDICATION OF INJURY,0,0,0,0,0,1,0,9,7,4,41.67728281,-87.63572717,POINT (-87.635727171536 41.677282808988)
fb6e816f45ae2a34fc050f2c236a6058d3455d9081139d183d573e265f7dbb84514ed49200742239b4582de021807b56c2e26899963b20307f867687c839ae3c,,Y,4/3/2022 7:40,30,TRAFFIC SIGNAL,FUNCTIONING PROPERLY,CLEAR,DAYLIGHT,SIDESWIPE SAME DIRECTION,DIVIDED - W/MEDIAN (NOT RAISED),,STRAIGHT AND LEVEL,DRY,NO DEFECTS,ON SCENE,INJURY AND / OR TOW DUE TO CRASH,,,Y,"OVER $1,500",4/3/2022 7:46,UNABLE TO DETERMINE,UNABLE TO DETERMINE,7402,S,ASHLAND AVE,735,,,,,,,2,NONINCAPACITATING INJURY,1,0,0,1,0,1,0,7,1,4,41.75931543,-87.66378473,POINT (-87.66378472616 41.759315428481)
5d1c4b35b38c3db6748ab146d5096108868f5b5d01350d79711ba55e3d31617444e65edb1d4c760a3b259ff87b9f65054b83065af44738c13b918cf3476cd920,,Y,4/2/2022 5:00,45,NO CONTROLS,NO CONTROLS,CLEAR,"DARKNESS, LIGHTED ROAD",SIDESWIPE SAME DIRECTION,DIVIDED - W/MEDIAN BARRIER,,STRAIGHT AND LEVEL,DRY,NO DEFECTS,ON SCENE,INJURY AND / OR TOW DUE TO CRASH,,,Y,"OVER $1,500",4/2/2022 5:30,IMPROPER OVERTAKING/PASSING,IMPROPER LANE USAGE,3000,S,LAKE SHORE DR SB,133,,,,,,,2,NO INDICATION OF INJURY,0,0,0,0,0,2,0,5,7,4,41.83996516,-87.60937995,POINT (-87.609379951551 41.839965158438)
918887c0a55201d22dbbc22987cbb953f5d646681240fc581c62b2dba932322c4adf70cf903c9030a5257b835e5bcb4737fc2d4b1cd878d6fba87ea2ad74b108,,,4/3/2022 0:01,30,NO CONTROLS,NO CONTROLS,UNKNOWN,UNKNOWN,PARKED MOTOR VEHICLE,NOT DIVIDED,,STRAIGHT AND LEVEL,UNKNOWN,NO DEFECTS,ON SCENE,INJURY AND / OR TOW DUE TO CRASH,,,Y,"OVER $1,500",4/3/2022 11:40,UNABLE TO DETERMINE,NOT APPLICABLE,2503,E,75TH ST,421,,,,,,,2,NO INDICATION OF INJURY,0,0,0,0,0,1,0,0,1,4,41.75890967,-87.56381581,POINT (-87.563815811563 41.758909673873)
a6bc38e4a471b12aa4fa9919a644d4311fe55fdca01a499102d1cc8b0425b688d7f3ca64fba39b11b1b08cdfba38c6b3c87a1579842b0311d3a4142bcc289333,,,3/27/2022 20:57,30,STOP SIGN/FLASHER,FUNCTIONING PROPERLY,CLEAR,"DARKNESS, LIGHTED ROAD",TURNING,T-INTERSECTION,,STRAIGHT AND LEVEL,DRY,NO DEFECTS,,NO INJURY / DRIVE AWAY,Y,,,"OVER $1,500",3/27/2022 20:57,UNABLE TO DETERMINE,UNABLE TO DETERMINE,118,N,LARAMIE AVE,1523,,,,,,,2,NO INDICATION OF INJURY,0,0,0,0,0,2,0,20,1,3,41.88296846,-87.75530739,POINT (-87.755307388678 41.882968460873)
bbc7f8824c9840ac613c0273f45b2f8f44a5e60dc2ae204cf7046c1a98fc9e2a2887a58429c47a209a243366e2403bb9a143e5c71209b029bc2ef072cdadfa27,,,4/3/2022 6:50,30,STOP SIGN/FLASHER,FUNCTIONING PROPERLY,CLEAR,DAYLIGHT,REAR END,NOT DIVIDED,,STRAIGHT AND LEVEL,DRY,NO DEFECTS,NOT ON SCENE (DESK REPORT),NO INJURY / DRIVE AWAY,,,,$500 OR LESS,4/3/2022 7:40,FOLLOWING TOO CLOSELY,UNABLE TO DETERMINE,1735,W,43RD ST,924,,,,,,,2,NO INDICATION OF INJURY,0,0,0,0,0,2,0,6,1,4,41.81572805,-87.66894836,POINT (-87.668948354891 41.815728046441)
d8f705af98916492dd46657b33cb4e375e4b5c969c29188fc771f391b7b168613321945bc760adee8830f8321b1d0d03f00dfe939c6519d49e75b599b7ecc7df,,,4/2/2022 20:00,20,NO CONTROLS,NO CONTROLS,RAIN,"DARKNESS, LIGHTED ROAD",REAR TO FRONT,NOT DIVIDED,,STRAIGHT AND LEVEL,WET,UNKNOWN,NOT ON SCENE (DESK REPORT),NO INJURY / DRIVE AWAY,,,,"OVER $1,500",4/2/2022 20:15,UNABLE TO DETERMINE,UNABLE TO DETERMINE,2102,N,PARKSIDE AVE,2515,,,,,,,2,NO INDICATION OF INJURY,0,0,0,0,0,2,0,20,7,4,41.91825,-87.76713424,POINT (-87.767134234503 41.918249995444)
6ab04549e774a433f51ccff9cad50ec5fa7187b9641f5e3cdc1beba61dec7e37e3b2fb7ccdec3781bba168908811ae036634ec73c40d0fd5396d7ea71ba5d337,,,4/3/2022 9:12,40,NO CONTROLS,NO CONTROLS,CLEAR,DAYLIGHT,FIXED OBJECT,DIVIDED - W/MEDIAN BARRIER,,"CURVE, LEVEL",DRY,UNKNOWN,ON SCENE,INJURY AND / OR TOW DUE TO CRASH,,,,"OVER $1,500",4/3/2022 9:15,UNABLE TO DETERMINE,UNABLE TO DETERMINE,900,N,LAKE SHORE DR SB,1833,,,,,,,1,NONINCAPACITATING INJURY,1,0,0,1,0,0,0,9,1,4,41.89932228,-87.61873843,POINT (-87.618738433114 41.899322278833)
3d525f882647183add419521843b48a47076ec87be53a89405607d88feff913be64ad04519abb531a43bbf98ee58a4c9f9bfe141a038f3fc8e0157de611a9195,,Y,4/3/2022 6:00,30,NO CONTROLS,NO CONTROLS,CLEAR,DUSK,PARKED MOTOR VEHICLE,NOT DIVIDED,,STRAIGHT AND LEVEL,DRY,NO DEFECTS,ON SCENE,INJURY AND / OR TOW DUE TO CRASH,,,,"OVER $1,500",4/3/2022 9:42,EQUIPMENT - VEHICLE CONDITION,NOT APPLICABLE,38,W,125TH PL,523,,,,,,,2,NO INDICATION OF INJURY,0,0,0,0,0,1,0,6,1,4,41.66645401,-87.62357237,POINT (-87.62357236837 41.66645401023)
344128abfa72972a2197ee3b6546e9e7766800f2c74133748157bbecd5662261830a4d6261e6efe5a8a0737072b1efbd0463618306934694605cf591c2703126,,,4/3/2022 4:50,30,NO CONTROLS,NO CONTROLS,CLEAR,"DARKNESS, LIGHTED ROAD",PARKED MOTOR VEHICLE,NOT DIVIDED,,STRAIGHT AND LEVEL,WET,NO DEFECTS,ON SCENE,INJURY AND / OR TOW DUE TO CRASH,,,,"OVER $1,500",4/3/2022 4:55,DRIVING SKILLS/KNOWLEDGE/EXPERIENCE,DRIVING SKILLS/KNOWLEDGE/EXPERIENCE,1700,E,56TH ST,235,,,,,,,3,NO INDICATION OF INJURY,0,0,0,0,0,2,0,4,1,4,41.79352983,-87.58383979,POINT (-87.583839788725 41.793529831983)
85618ddc069e3a9c349b19f92df722346167b82920a0c358d9306b02d205390a5932a8d9d9712ac1d027a05733fe41dd0f8130a1503c74352098a33c9a539b38,,,4/3/2022 9:30,30,NO CONTROLS,NO CONTROLS,CLEAR,DAYLIGHT,OTHER OBJECT,ONE-WAY,,STRAIGHT AND LEVEL,DRY,"RUT, HOLES",NOT ON SCENE (DESK REPORT),NO INJURY / DRIVE AWAY,,,,"$501 - $1,500",4/3/2022 13:50,NOT APPLICABLE,NOT APPLICABLE,6299,S,LAKE SHORE DR,331,,,,,,,1,NO INDICATION OF INJURY,0,0,0,0,0,1,0,9,1,4,,,
dc49861b0988319186f9f0717a9c78dac5db8bc63ac7b6188caabb9f0fe67dc02cebe226fbeff7b707a47857111e2278ab1e26b91e134798be93f1913efbe35e,,,4/1/2022 20:10,30,NO CONTROLS,NO CONTROLS,RAIN,"DARKNESS, LIGHTED ROAD",SIDESWIPE SAME DIRECTION,DIVIDED - W/MEDIAN (NOT RAISED),,STRAIGHT AND LEVEL,WET,UNKNOWN,NOT ON SCENE (DESK REPORT),NO INJURY / DRIVE AWAY,,,Y,"$501 - $1,500",4/3/2022 18:18,UNABLE TO DETERMINE,UNABLE TO DETERMINE,2050,W,MONTROSE AVE,1911,,,,,,,2,NO INDICATION OF INJURY,0,0,0,0,0,2,0,20,6,4,41.96154116,-87.6810021,POINT (-87.681002098749 41.961541162671)
1904d35ce41d44f4ded8cc2bc59c4b7a26ba3a04ed80f22f1112c8b5497cb47b10b5e0b0b656671bbe0b937d683d34c84b7b1f12b5dfa9f25ed860a994c0827a,,,4/3/2022 15:31,30,TRAFFIC SIGNAL,FUNCTIONING PROPERLY,CLEAR,DAYLIGHT,REAR END,FOUR WAY,,STRAIGHT AND LEVEL,DRY,NO DEFECTS,ON SCENE,INJURY AND / OR TOW DUE TO CRASH,Y,,,"OVER $1,500",4/3/2022 15:34,FOLLOWING TOO CLOSELY,UNABLE TO DETERMINE,5300,S,HALSTED ST,934,,,,,,,2,NO INDICATION OF INJURY,0,0,0,0,0,2,0,15,1,4,41.79779435,-87.64539322,POINT (-87.645393214766 41.797794354059)
4802c6485c5ee408d29f6716b8bd78643a2bacf82461a243336727085eed05e679c9c751136c465d3a4a5de24525f5385ec5cc0b3a129d304fe62f5a67c01e67,,,4/3/2022 4:05,30,NO CONTROLS,NO CONTROLS,CLEAR,"DARKNESS, LIGHTED ROAD",FIXED OBJECT,NOT DIVIDED,,STRAIGHT AND LEVEL,WET,NO DEFECTS,ON SCENE,INJURY AND / OR TOW DUE TO CRASH,,,,"OVER $1,500",4/3/2022 4:06,UNABLE TO DETERMINE,NOT APPLICABLE,929,W,MARQUETTE RD,723,,,,,,,1,FATAL,1,1,0,0,0,0,0,4,1,4,41.77231242,-87.64817177,POINT (-87.648171771814 41.772312423136)
c4af6df76c8cd4aeab18fe38b3e9a321bcaeac4ad53cf13a5fb2cdccf83676d55824edf74d7637873bc8cc1390c90a271d663db19d6b69ccd25c5866ff64a0a7,,,4/3/2022 11:00,40,NO CONTROLS,NO CONTROLS,CLEAR,DAYLIGHT,OTHER OBJECT,OTHER,,STRAIGHT AND LEVEL,UNKNOWN,"RUT, HOLES",NOT ON SCENE (DESK REPORT),INJURY AND / OR TOW DUE TO CRASH,,,,"OVER $1,500",4/3/2022 19:00,ROAD CONSTRUCTION/MAINTENANCE,UNABLE TO DETERMINE,2501,N,LAKE SHORE DR NB,1935,,,,,,,1,NO INDICATION OF INJURY,0,0,0,0,0,1,0,11,1,4,41.92792949,-87.63155655,POINT (-87.631556544533 41.927929494346)
bd1b3e29f20660c74f8c2e43d17fd0c5fa2a3ce93ed96af00d865fcd8b402e7a9cf3e45340b5ecd677aa4fde9cb8e405c83285cbb295b56b05253558427eaec3,,,4/3/2022 13:15,30,NO CONTROLS,NO CONTROLS,CLEAR,DAYLIGHT,SIDESWIPE SAME DIRECTION,DIVIDED - W/MEDIAN (NOT RAISED),,STRAIGHT AND LEVEL,DRY,NO DEFECTS,NOT ON SCENE (DESK REPORT),NO INJURY / DRIVE AWAY,,,,"$501 - $1,500",4/3/2022 14:00,UNABLE TO DETERMINE,UNABLE TO DETERMINE,5501,N,KIMBALL AVE,1712,,,,,,,2,NO INDICATION OF INJURY,0,0,0,0,0,2,0,13,1,4,41.98128522,-87.7135376,POINT (-87.713537600152 41.981285223594)
931554e57f464e93c2382dffa0c78c91c7205e58b67f550fdc3247952016035bb98ded632ba1b98055ae3f0eaeac1fe8472c494e7db1eda8f47a17a41b84c1bb,,,4/1/2022 15:10,40,NO CONTROLS,NO CONTROLS,UNKNOWN,UNKNOWN,SIDESWIPE SAME DIRECTION,DIVIDED - W/MEDIAN BARRIER,,STRAIGHT AND LEVEL,UNKNOWN,UNKNOWN,NOT ON SCENE (DESK REPORT),NO INJURY / DRIVE AWAY,,,,"$501 - $1,500",4/3/2022 15:20,UNABLE TO DETERMINE,NOT APPLICABLE,4800,N,LAKE SHORE DR NB,2024,,,,,,,2,NO INDICATION OF INJURY,0,0,0,0,0,2,0,15,6,4,41.96940862,-87.64831726,POINT (-87.648317263699 41.969408617919)
37d75f006597bec32fbdc8870909e5506bd2eab415d470ab3918914caffa8a8cdf62682c4a4a7d00d11d241e4ff5268784305ff2223f95ee7a3443d311893f77,,,4/3/2022 12:06,25,NO CONTROLS,NO CONTROLS,CLEAR,DAYLIGHT,TURNING,OTHER,,STRAIGHT AND LEVEL,DRY,NO DEFECTS,ON SCENE,INJURY AND / OR TOW DUE TO CRASH,,,Y,"OVER $1,500",4/3/2022 12:10,UNABLE TO DETERMINE,UNABLE TO DETERMINE,1109,W,MONTROSE AVE,1915,,,,,,,2,NO INDICATION OF INJURY,0,0,0,0,0,3,0,12,1,4,41.96163135,-87.6576568,POINT (-87.6576568001 41.961631352825)
b90964a02c9de2f27c743471fd35a2a759e72e556d2cd06f0a58038d6741f4655cb96540802340a9982b9070a52a6d72e56757273f23ce88b623c05dc6fee105,,,4/3/2022 20:00,30,TRAFFIC SIGNAL,FUNCTIONING PROPERLY,CLEAR,DARKNESS,TURNING,DIVIDED - W/MEDIAN (NOT RAISED),,STRAIGHT AND LEVEL,DRY,NO DEFECTS,NOT ON SCENE (DESK REPORT),NO INJURY / DRIVE AWAY,Y,,,"OVER $1,500",4/3/2022 20:30,UNABLE TO DETERMINE,UNABLE TO DETERMINE,2400,N,KIMBALL AVE,1413,,,,,,,2,NO INDICATION OF INJURY,0,0,0,0,0,4,0,20,1,4,41.92475007,-87.71225438,POINT (-87.712254379296 41.924750071099)
e46ba86864b499845d0309c49f010c28b500047a44af7301112b0fa87dc95514389a3484518b33df478a66aced95c80bfa40ee7a2b8bd87ad62d3689f2f8e8df,,,4/2/2022 12:35,30,TRAFFIC SIGNAL,FUNCTIONING PROPERLY,RAIN,DAYLIGHT,TURNING,DIVIDED - W/MEDIAN (NOT RAISED),,STRAIGHT AND LEVEL,WET,UNKNOWN,ON SCENE,INJURY AND / OR TOW DUE TO CRASH,,,,"$501 - $1,500",4/2/2022 12:40,IMPROPER TURNING/NO SIGNAL,NOT APPLICABLE,444,N,MICHIGAN AVE,1834,,,,,,,4,NO INDICATION OF INJURY,0,0,0,0,0,6,0,12,7,4,41.89071448,-87.62426987,POINT (-87.624269874292 41.89071448026)
82530b3612a0b24e446e16d566201cb4a050c181a77bbfa43a8eb4ffb8e1babc46121c7d9f4cea53f6313ed6b19440fc717925b984bea2a2dd88baf22b8acb35,,,4/3/2022 15:00,15,NO CONTROLS,NO CONTROLS,CLEAR,DAYLIGHT,PARKED MOTOR VEHICLE,PARKING LOT,,STRAIGHT AND LEVEL,DRY,UNKNOWN,NOT ON SCENE (DESK REPORT),NO INJURY / DRIVE AWAY,,Y,Y,"OVER $1,500",4/3/2022 18:50,UNABLE TO DETERMINE,UNABLE TO DETERMINE,3246,W,ADDISON ST,1733,,,,,,,2,NO INDICATION OF INJURY,0,0,0,0,0,1,0,15,1,4,41.9467169,-87.70967187,POINT (-87.709671873679 41.946716898377)
c7100781babf295f0903effeb5f0ffcaf94c53d4ec3a908d533266ec51ac44a355c383cc06e801dce84321c9409e18bdb89ac850512544b3a2280fec61fb3bbf,,,4/2/2022 8:00,30,UNKNOWN,UNKNOWN,CLEAR,UNKNOWN,PARKED MOTOR VEHICLE,ONE-WAY,,STRAIGHT AND LEVEL,DRY,UNKNOWN,NOT ON SCENE (DESK REPORT),NO INJURY / DRIVE AWAY,,,Y,"OVER $1,500",4/3/2022 13:14,UNABLE TO DETERMINE,NOT APPLICABLE,7516,S,VERNON AVE,624,,,,,,,2,NO INDICATION OF INJURY,0,0,0,0,0,1,0,8,7,4,41.75788502,-87.61401609,POINT (-87.614016085119 41.757885022083)
27d11ee2e24e1baae3504c210b3e2f22cf8331081138a6870eda3bf320909cb6ac79b6760cda214b2c5944b1ca67cbbe755ac03670b9322c4231f38215ccbc1b,,,4/2/2022 20:28,30,NO CONTROLS,NO CONTROLS,CLEAR,DARKNESS,FIXED OBJECT,NOT DIVIDED,,STRAIGHT AND LEVEL,UNKNOWN,UNKNOWN,NOT ON SCENE (DESK REPORT),NO INJURY / DRIVE AWAY,,,,"$501 - $1,500",4/3/2022 13:05,ROAD CONSTRUCTION/MAINTENANCE,UNABLE TO DETERMINE,1200,W,BELMONT AVE,1924,,,,,,,1,NO INDICATION OF INJURY,0,0,0,0,0,1,0,20,7,4,41.93994603,-87.65907762,POINT (-87.659077619206 41.939946029756)
6caa265c9a15937d238db3094301c791a54dc6dbf3924c901efc1f429538806895935f2bfb0d1f209d3bf37bfc9ae48f289c7322d3eac2915ab11de01eabe186,,,4/3/2022 17:33,25,NO CONTROLS,NO CONTROLS,CLEAR,DAWN,FIXED OBJECT,ONE-WAY,,STRAIGHT AND LEVEL,DRY,NO DEFECTS,ON SCENE,INJURY AND / OR TOW DUE TO CRASH,,,,"OVER $1,500",4/3/2022 17:33,UNABLE TO DETERMINE,UNABLE TO DETERMINE,4800,S,WENTWORTH AVE,224,,,,,,,2,NO INDICATION OF INJURY,0,0,0,0,0,2,0,17,1,4,41.80715653,-87.6309976,POINT (-87.630997602641 41.807156533445)
1c9447061b0bb4373fd0deee170a2eb91315245be0e3282395acd89e1dc445083e4b506bdbc6c5c608d0da13c9094bf03479d70e849dbf7c4189bc3f4a343a1c,,,4/3/2022 12:10,30,NO CONTROLS,NO CONTROLS,CLEAR,UNKNOWN,REAR END,NOT DIVIDED,,STRAIGHT AND LEVEL,DRY,NO DEFECTS,ON SCENE,INJURY AND / OR TOW DUE TO CRASH,,,,$500 OR LESS,4/3/2022 12:12,FOLLOWING TOO CLOSELY,UNABLE TO DETERMINE,3259,W,55TH ST,822,,,,,,,2,"REPORTED, NOT EVIDENT",1,0,0,0,1,2,0,12,1,4,41.79336967,-87.70594114,POINT (-87.705941141823 41.793369669694)
393c6f67dc6b413c668753a8ffd1fc4d8a5c17961f3766e83b2f6d514f7ab0a8b70d5223f17df3a21fe29bec886f2825dcae3c6811fedda029946b65dcc77eb0,,,4/3/2022 20:30,35,NO CONTROLS,NO CONTROLS,CLEAR,DARKNESS,REAR END,NOT DIVIDED,,STRAIGHT AND LEVEL,DRY,NO DEFECTS,NOT ON SCENE (DESK REPORT),INJURY AND / OR TOW DUE TO CRASH,,,,"OVER $1,500",4/3/2022 20:31,FOLLOWING TOO CLOSELY,FOLLOWING TOO CLOSELY,422,N,CENTRAL AVE,1512,,,,,,,2,NONINCAPACITATING INJURY,1,0,0,1,0,1,0,20,1,4,41.88844781,-87.76529319,POINT (-87.765293188172 41.888447813427)
97c790d2684dbebf60c4421a5a13fcdfbf175b8e2a2c9638347cb417bcfac399cc937dbbdb8ac99ab054112d66fdbc0febddd46dbb12200b82ee5e8d1b848b5f,,,4/3/2022 8:50,30,TRAFFIC SIGNAL,FUNCTIONING PROPERLY,CLEAR,DAYLIGHT,PEDESTRIAN,NOT DIVIDED,,STRAIGHT AND LEVEL,DRY,NO DEFECTS,ON SCENE,INJURY AND / OR TOW DUE TO CRASH,,,,"OVER $1,500",4/3/2022 8:54,DISREGARDING TRAFFIC SIGNALS,UNABLE TO DETERMINE,3158,W,63RD ST,823,,,,,,,2,NONINCAPACITATING INJURY,1,0,0,1,0,1,0,8,1,4,41.7790838,-87.7030783,POINT (-87.703078301863 41.779083802552)
a0921532c444d5dddaabe9a35be36b5cd5e181f2a0fa7ccda3dd40b5fa3e5b4e7371ce5b22f7e76386a54bf640b1a10ad841ca249e553d9d1955a89f3781a00d,,Y,4/3/2022 7:48,40,NO CONTROLS,NO CONTROLS,CLEAR,DAWN,SIDESWIPE SAME DIRECTION,DIVIDED - W/MEDIAN BARRIER,,STRAIGHT AND LEVEL,ICE,NO DEFECTS,ON SCENE,NO INJURY / DRIVE AWAY,,,,"OVER $1,500",4/3/2022 8:00,WEATHER,WEATHER,10000,W,OHARE ST,1651,,,,,,,2,NO INDICATION OF INJURY,0,0,0,0,0,2,0,7,1,4,41.97620114,-87.90530913,POINT (-87.905309125103 41.976201139024)
42b668a938f42fc2d9abe5431bdd39d79299d340ed581f6ac5117ecca9850b90a38d3824d32ae8a10154d89a36da1209bc7f4a7de5d4a0fdec534917e4d3cba0,,,4/3/2022 13:15,30,STOP SIGN/FLASHER,FUNCTIONING PROPERLY,CLEAR,DAYLIGHT,TURNING,DIVIDED - W/MEDIAN (NOT RAISED),,STRAIGHT AND LEVEL,DRY,UNKNOWN,NOT ON SCENE (DESK REPORT),NO INJURY / DRIVE AWAY,,,,"OVER $1,500",4/3/2022 13:50,UNABLE TO DETERMINE,UNABLE TO DETERMINE,5016,W,ARMITAGE AVE,2522,,,,,,,2,NO INDICATION OF INJURY,0,0,0,0,0,3,0,13,1,4,41.91697054,-87.75172909,POINT (-87.751729089385 41.916970534735)
4dff39edf9fb5ad08a5744b227f02f88f4d9290665d105cec0e6e6ba731be4b5425329293e04a2bf21964dee15778424941e71aff4a22f39c981a0dc5dd50758,,,4/3/2022 15:15,30,NO CONTROLS,NO CONTROLS,CLEAR,DAYLIGHT,SIDESWIPE SAME DIRECTION,DIVIDED - W/MEDIAN (NOT RAISED),,STRAIGHT AND LEVEL,DRY,UNKNOWN,ON SCENE,NO INJURY / DRIVE AWAY,,,,"OVER $1,500",4/3/2022 15:35,UNABLE TO DETERMINE,UNABLE TO DETERMINE,321,N,CICERO AVE,1113,,,,,,,2,NO INDICATION OF INJURY,0,0,0,0,0,3,0,15,1,4,41.88598851,-87.74533151,POINT (-87.745331511031 41.885988509839)
55170b473818f5d618e3ae653b4f6574ff86efbb5d192550c209eaae19ba3ded16b86eb05020db3aae1e59400d861493000609c8738123d0fd15f709d3eb2871,,,4/2/2022 13:30,30,NO CONTROLS,NO CONTROLS,CLEAR,DAYLIGHT,PARKED MOTOR VEHICLE,PARKING LOT,,STRAIGHT AND LEVEL,DRY,NO DEFECTS,NOT ON SCENE (DESK REPORT),NO INJURY / DRIVE AWAY,,,Y,"$501 - $1,500",4/3/2022 10:20,UNABLE TO DETERMINE,NOT APPLICABLE,401,N,STATE ST,1834,,,,,,,2,NO INDICATION OF INJURY,0,0,0,0,0,1,0,13,7,4,41.88926542,-87.62786766,POINT (-87.627867657864 41.889265415961)
b4723d613ccf85c17c24f1165813f429e9ab5f4e8e5fbfc48060400f6f9ee16c06e249c27804986c3b43604ab22acc42a9f7f97ad77e34cc97b78be2fd383bf0,,,4/2/2022 21:00,40,NO CONTROLS,NO CONTROLS,CLEAR,"DARKNESS, LIGHTED ROAD",OTHER NONCOLLISION,DIVIDED - W/MEDIAN BARRIER,,STRAIGHT AND LEVEL,DRY,NO DEFECTS,NOT ON SCENE (DESK REPORT),NO INJURY / DRIVE AWAY,,,,"$501 - $1,500",4/3/2022 10:39,NOT APPLICABLE,NOT APPLICABLE,4620,N,LAKE SHORE DR SB,1914,,,,,,,1,NO INDICATION OF INJURY,0,0,0,0,0,1,0,21,7,4,41.96619156,-87.64758029,POINT (-87.647580291221 41.966191562733)
d5fd9982bd85acf912cb23d80c1be6e8c9b50f24a66604daf8aa988033ddb17236e99b625572126122558b724ec835dafbf2076ae139abe71489d9d89e71bb0a,,,4/3/2022 9:50,25,NO CONTROLS,UNKNOWN,CLEAR,DAYLIGHT,REAR END,NOT DIVIDED,,STRAIGHT AND LEVEL,DRY,NO DEFECTS,NOT ON SCENE (DESK REPORT),NO INJURY / DRIVE AWAY,,,,"OVER $1,500",4/3/2022 10:05,FOLLOWING TOO CLOSELY,UNABLE TO DETERMINE,2998,W,PRATT BLVD,2411,,,,,,,2,NO INDICATION OF INJURY,0,0,0,0,0,2,0,9,1,4,42.00486564,-87.70454861,POINT (-87.704548610979 42.004865638572)
494ade15e3736b5cfe7076f6f9e3a7e3b9b4deab3add2cb68d011838f1d529644cd78282505f4404f8904b6b4a3a7c6bf13b52bbe984e293089fbce99f6ca0b6,,,4/9/2022 1:25,30,NO CONTROLS,NO CONTROLS,UNKNOWN,"DARKNESS, LIGHTED ROAD",REAR END,ONE-WAY,,STRAIGHT AND LEVEL,UNKNOWN,UNKNOWN,NOT ON SCENE (DESK REPORT),NO INJURY / DRIVE AWAY,,,Y,"OVER $1,500",4/9/2022 2:30,FOLLOWING TOO CLOSELY,FAILING TO REDUCE SPEED TO AVOID CRASH,3323,N,SEMINARY AVE,1924,,,,,,,2,NO INDICATION OF INJURY,0,0,0,0,0,4,0,1,7,4,41.94242305,-87.65646512,POINT (-87.656465120641 41.942423045846)
6726aeb6d01fec520b24bf7cfdfd0ae64915186092f04047d55bac7ce12241956e347471456341830b216ad758cba465bd34284c2fb8db2605ba795ee830457f,,,4/2/2022 23:35,30,NO CONTROLS,NO CONTROLS,CLEAR,DARKNESS,PARKED MOTOR VEHICLE,NOT DIVIDED,,STRAIGHT AND LEVEL,DRY,NO DEFECTS,NOT ON SCENE (DESK REPORT),NO INJURY / DRIVE AWAY,,,,"OVER $1,500",4/3/2022 11:00,UNABLE TO DETERMINE,UNABLE TO DETERMINE,2500,W,35TH ST,911,,,,,,,2,NO INDICATION OF INJURY,0,0,0,0,0,1,0,23,7,4,41.83034738,-87.6873921,POINT (-87.687392098677 41.830347382435)
f23c6cd6171857014fa00b53ceb14d10d77aa4897b0c0db0966592867834020bbbd94e68262c8670ea9e3fcc545f7de4fbd0d53d31b1568cf72c6879325317e6,,,4/2/2022 17:26,30,NO CONTROLS,NO CONTROLS,RAIN,DAYLIGHT,TURNING,ONE-WAY,,STRAIGHT AND LEVEL,WET,NO DEFECTS,NOT ON SCENE (DESK REPORT),NO INJURY / DRIVE AWAY,,,,"$501 - $1,500",4/3/2022 9:25,IMPROPER TURNING/NO SIGNAL,NOT APPLICABLE,425,N,DEARBORN ST,1831,,,,,,,2,NO INDICATION OF INJURY,0,0,0,0,0,2,0,17,7,4,41.89000216,-87.6294588,POINT (-87.629458801354 41.890002161811)