CRASH_RECORD_ID,RD_NO,CRASH_DATE_EST_I,CRASH_DATE,POSTED_SPEED_LIMIT,TRAFFIC_CONTROL_DEVICE,DEVICE_CONDITION,WEATHER_CONDITION,LIGHTING_CONDITION,FIRST_CRASH_TYPE,TRAFFICWAY_TYPE,LANE_CNT,ALIGNMENT,ROADWAY_SURFACE_COND,ROAD_DEFECT,REPORT_TYPE,CRASH_TYPE,INTERSECTION_RELATED_I,NOT_RIGHT_OF_WAY_I,HIT_AND_RUN_I,DAMAGE,DATE_POLICE_NOTIFIED,PRIM_CONTRIBUTORY_CAUSE,SEC_CONTRIBUTORY_CAUSE,STREET_NO,STREET_DIRECTION,STREET_NAME,BEAT_OF_OCCURRENCE,PHOTOS_TAKEN_I,STATEMENTS_TAKEN_I,DOORING_I,WORK_ZONE_I,WORK_ZONE_TYPE,WORKERS_PRESENT_I,NUM_UNITS,MOST_SEVERE_INJURY,INJURIES_TOTAL,INJURIES_FATAL,INJURIES_INCAPACITATING,INJURIES_NON_INCAPACITATING,INJURIES_REPORTED_NOT_EVIDENT,INJURIES_NO_INDICATION,INJURIES_UNKNOWN,CRASH_HOUR,CRASH_DAY_OF_WEEK,CRASH_MONTH,LATITUDE,LONGITUDE,LOCATION
2bbe83c83b8ebecc78ad142aba0ff73cf3096877c554b696bba76448e331adbadc8a452bf18874f96d6203279acdf3cb63686df942cc4fef2cd11f7f0e9bb278,,,4/3/2022 22:50,30,NO CONTROLS,NO CONTROLS,RAIN,"DARKNESS, LIGHTED ROAD",PARKED MOTOR VEHICLE,NOT DIVIDED,,STRAIGHT AND LEVEL,WET,NO DEFECTS,ON SCENE,INJURY AND / OR TOW DUE TO CRASH,,,,"$501 - $1,500",4/3/2022 22:55,IMPROPER LANE USAGE,DRIVING SKILLS/KNOWLEDGE/EXPERIENCE,3010,N,CENTRAL AVE,2514,,,,,,,2,NONINCAPACITATING INJURY,1,0,0,1,0,1,0,22,1,4,41.93528088,-87.76653259,POINT (-87.766532591317 41.935280878011)
dcef41c7dc8d32b9b6ef08292a9a3549b13e44d7ad69950c7625764591bf2c98e81298c1d5b24873fd2699d7e8b4c56b409572ad9e1054a92f7b7702364a66bb,,,3/31/2022 12:20,30,UNKNOWN,UNKNOWN,UNKNOWN,UNKNOWN,REAR END,UNKNOWN,,STRAIGHT AND LEVEL,UNKNOWN,UNKNOWN,NOT ON SCENE (DESK REPORT),INJURY AND / OR TOW DUE TO CRASH,,,Y,"OVER $1,500",4/3/2022 9:00,UNABLE TO DETERMINE,NOT APPLICABLE,8301,S,ANTHONY AVE,412,,,,,,,2,NO INDICATION OF INJURY,0,0,0,0,0,2,0,12,5,3,41.74435517,-87.5785855,POINT (-87.578585501549 41.74435517435)
4c46ed9a6ab90f30c9d6a5baac5e36d040105e6604e5b27136f60f2ea679f45843dd15e7997c7e2deb2594254a64fa6d7f36e9e54c85c18f8305e038da04bcbb,,,4/2/2022 9:15,30,NO CONTROLS,NO CONTROLS,CLEAR,DAYLIGHT,TURNING,NOT DIVIDED,,STRAIGHT AND LEVEL,DRY,NO DEFECTS,ON SCENE,INJURY AND / OR TOW DUE TO CRASH,,,,"OVER $1,500",4/2/2022 9:19,IMPROPER TURNING/NO SIGNAL,FAILING TO YIELD RIGHT-OF-WAY,1145,W,47TH ST,933,,,,,,,2,NO INDICATION OF INJURY,0,0,0,0,0,2,0,9,7,4,41.80863167,-87.65459147,POINT (-87.654591468118 41.808631666782)
aba34f59dfe6f1bd5d91b9969b80840e211f410a1ca70f7976731ffeacbd20497814a00494c1840855a276ef3eb4df979c2315d80d60d91b11776edae31f96f8,,,4/3/2022 14:55,30,NO CONTROLS,NO CONTROLS,CLEAR,DAYLIGHT,SIDESWIPE SAME DIRECTION,DIVIDED - W/MEDIAN (NOT RAISED),,STRAIGHT AND LEVEL,DRY,NO DEFECTS,NOT ON SCENE (DESK REPORT),NO INJURY / DRIVE AWAY,,,,"$501 - $1,500",4/3/2022 15:25,IMPROPER OVERTAKING/PASSING,NOT APPLICABLE,1900,S,WOOD ST,1234,,,,,,,2,NO INDICATION OF INJURY,0,0,0,0,0,2,0,14,1,4,41.85585475,-87.67119305,POINT (-87.671193049076 41.855854751743)
3cd7713157ef14e7315750b9c8eb45698442068abf43aff37e7a844a644c2b5a894594674c50c96a405d7773c69227ff51f5d37f10772ad0877d386da98a5d16,,,4/3/2022 16:58,15,NO CONTROLS,NO CONTROLS,CLEAR,DAYLIGHT,PARKED MOTOR VEHICLE,ONE-WAY,,STRAIGHT AND LEVEL,DRY,NO DEFECTS,ON SCENE,NO INJURY / DRIVE AWAY,,,,"OVER $1,500",4/3/2022 17:36,DRIVING SKILLS/KNOWLEDGE/EXPERIENCE,UNABLE TO DETERMINE,2303,W,ROSEMONT AVE,2413,,,,,,,3,NO INDICATION OF INJURY,0,0,0,0,0,1,0,16,1,4,41.99583983,-87.68752261,POINT (-87.687522610267 41.995839833527)
8aff37d3bebc5d0682b27030ca55d12b054e27714f96531d838cc489f88bc88d9340c7dd9ce0c8c1a4a1d365fc36b443748309832724c932a1bf29784ae1d1dc,,,4/3/2022 16:30,30,NO CONTROLS,NO CONTROLS,CLEAR,DAYLIGHT,SIDESWIPE SAME DIRECTION,ONE-WAY,,STRAIGHT AND LEVEL,DRY,NO DEFECTS,NOT ON SCENE (DESK REPORT),NO INJURY / DRIVE AWAY,,,,"OVER $1,500",4/3/2022 16:50,FAILING TO YIELD RIGHT-OF-WAY,FAILING TO YIELD RIGHT-OF-WAY,181,N,DEARBORN ST,111,,,,,,,2,NO INDICATION OF INJURY,0,0,0,0,0,4,0,16,1,4,41.88535046,-87.62933739,POINT (-87.62933739296 41.88535046357)
b677623b1422f2fed368bb23e0a9af8d0434f964e9103250ec764f637c28c807f833f855e29a78b0569071efad76749646875dbe25b101a1295e6036225c5814,,,4/1/2022 0:21,30,TRAFFIC SIGNAL,FUNCTIONING PROPERLY,OTHER,"DARKNESS, LIGHTED ROAD",REAR END,FOUR WAY,,STRAIGHT AND LEVEL,WET,NO DEFECTS,ON SCENE,INJURY AND / OR TOW DUE TO CRASH,Y,,,"OVER $1,500",4/1/2022 0:25,FAILING TO REDUCE SPEED TO AVOID CRASH,"DISTRACTION - OTHER ELECTRONIC DEVICE (NAVIGATION DEVICE, DVD PLAYER, ETC.)",2401,W,NORTH AVE,1423,,,,,,,2,NO INDICATION OF INJURY,0,0,0,0,0,17,0,0,6,4,41.91021036,-87.68727936,POINT (-87.687279355859 41.910210360084)
fdb384a224dda4f4851f7fd3399ecd79871c2c02279e3b7c773a523574f4c6c071568fa371689a78a64383e171637f170571a9a2d826c19300cb724c28acea7b,,Y,3/30/2022 7:00,30,NO CONTROLS,NO CONTROLS,UNKNOWN,UNKNOWN,PARKED MOTOR VEHICLE,UNKNOWN,,STRAIGHT AND LEVEL,UNKNOWN,UNKNOWN,ON SCENE,NO INJURY / DRIVE AWAY,,,Y,"OVER $1,500",4/2/2022 8:26,UNABLE TO DETERMINE,NOT APPLICABLE,1854,E,73RD ST,324,,,,,,,2,NO INDICATION OF INJURY,0,0,0,0,0,1,0,7,4,3,41.76259055,-87.57934911,POINT (-87.579349106658 41.762590548353)
432be017b2e34c7787572a8e3e5e9509a9665f2027c7e4ebb69c1113638a5d0e05a59c34b4677f43de044eb3e27787f693c57e318424311e8d730c9768c64c37,,,4/3/2022 13:16,55,NO CONTROLS,NO CONTROLS,CLEAR,DAYLIGHT,SIDESWIPE SAME DIRECTION,DIVIDED - W/MEDIAN BARRIER,,STRAIGHT AND LEVEL,DRY,NO DEFECTS,NOT ON SCENE (DESK REPORT),NO INJURY / DRIVE AWAY,,,,"OVER $1,500",4/3/2022 13:16,NOT APPLICABLE,NOT APPLICABLE,1200,W,EISENHOWER EXPY IB,1231,,,,,,,2,NO INDICATION OF INJURY,0,0,0,0,0,4,0,13,1,4,41.8756779,-87.6570939,POINT (-87.657093895488 41.875677901672)
37268ac9186a4be6944a39c1eaad9e86556e6c0d9e79009e7dff8f6536187799b6fca86772d1c3ef36449b094b8b14d755671d01da285ea1667ae3e1fa73a82d,,,4/3/2022 10:30,10,NO CONTROLS,NO CONTROLS,CLEAR,DAYLIGHT,ANGLE,PARKING LOT,,STRAIGHT AND LEVEL,DRY,NO DEFECTS,NOT ON SCENE (DESK REPORT),NO INJURY / DRIVE AWAY,,,Y,"OVER $1,500",4/3/2022 11:00,UNABLE TO DETERMINE,NOT APPLICABLE,6200,W,BELMONT AVE,1633,,,,,,,2,NO INDICATION OF INJURY,0,0,0,0,0,2,0,10,1,4,41.93849348,-87.78119683,POINT (-87.781196827424 41.93849347975)
30b4060ca8c4292a73a6624e025bba4b36b708105a50ed3399565ae5825a6081adfc72cb05ed0f8ca8a2dfe7b230ab20d6736c92c04f940bfc3db2f00b2cd968,,,4/2/2022 13:33,50,NO CONTROLS,NO CONTROLS,RAIN,DUSK,OTHER OBJECT,OTHER,,STRAIGHT AND LEVEL,WET,"RUT, HOLES",ON SCENE,INJURY AND / OR TOW DUE TO CRASH,,,,"OVER $1,500",4/2/2022 13:54,ROAD ENGINEERING/SURFACE/MARKING DEFECTS,ROAD ENGINEERING/SURFACE/MARKING DEFECTS,2801,N,LAKE SHORE DR,1934,,,,,,,1,NO INDICATION OF INJURY,0,0,0,0,0,1,0,13,7,4,41.93283601,-87.63609296,POINT (-87.636092961893 41.93283600675)
048b3237dd065e23b103c24f6157b97b1efbd2c5db51978ba61b63d6a1f802277d45869600f8ed1980ea1e716af6f1486ab64d96e7a1e897735e1475581f8caf,JF177064,,3/17/2022 12:00,30,NO CONTROLS,NO CONTROLS,CLEAR,DAYLIGHT,PARKED MOTOR VEHICLE,T-INTERSECTION,,STRAIGHT AND LEVEL,DRY,NO DEFECTS,ON SCENE,NO INJURY / DRIVE AWAY,,,Y,"OVER $1,500",3/17/2022 12:00,UNABLE TO DETERMINE,NOT APPLICABLE,595,W,MENOMONEE ST,1813,,,,,,,2,NO INDICATION OF INJURY,0,0,0,0,0,1,0,12,5,3,41.91451609,-87.64348641,POINT (-87.643486413841 41.914516091155)
77b23c4b3cb8bbc11c2bb47af73935fff7353a0387d85a45c449c812c63f824864e2632afb5f293d4ae1455a77f977ada8f743bf97c52a74b6f21bf82dc12888,,,4/3/2022 11:10,10,NO CONTROLS,NO CONTROLS,CLEAR,DAYLIGHT,PARKED MOTOR VEHICLE,PARKING LOT,,STRAIGHT AND LEVEL,DRY,NO DEFECTS,NOT ON SCENE (DESK REPORT),NO INJURY / DRIVE AWAY,,Y,,"OVER $1,500",4/3/2022 11:20,IMPROPER TURNING/NO SIGNAL,IMPROPER TURNING/NO SIGNAL,3335,W,111TH ST,2211,,,,,,,2,NO INDICATION OF INJURY,0,0,0,0,0,1,0,11,1,4,41.69139894,-87.70472545,POINT (-87.704725454033 41.691398936313)
98701f586b77e3cc4c8a5a37898fb4d3569376d3864578eddf4b39c930eea509d8d895bd9a0b0b9b25c8c1410210db25fad252b28f155c33ae8bce1d7168bdbe,,,4/2/2022 20:15,30,UNKNOWN,UNKNOWN,UNKNOWN,"DARKNESS, LIGHTED ROAD",OTHER NONCOLLISION,NOT DIVIDED,,STRAIGHT AND LEVEL,UNKNOWN,UNKNOWN,NOT ON SCENE (DESK REPORT),NO INJURY / DRIVE AWAY,,,,"OVER $1,500",4/3/2022 13:20,UNABLE TO DETERMINE,NOT APPLICABLE,3411,W,ADDISON ST,1732,,,,,,,1,NO INDICATION OF INJURY,0,0,0,0,0,1,0,20,7,4,41.94645156,-87.71316831,POINT (-87.713168304716 41.946451563513)
116c5b3c46b2b0506b0dea98471681ecf97a12d6696ed1fcd562f5aba6e2cb7f669f761386c141f2350f57647506698dcbc65114190c9103f946aea653520342,,,4/2/2022 11:20,25,NO CONTROLS,NO CONTROLS,CLEAR,DAYLIGHT,PARKED MOTOR VEHICLE,PARKING LOT,,STRAIGHT AND LEVEL,DRY,NO DEFECTS,NOT ON SCENE (DESK REPORT),NO INJURY / DRIVE AWAY,,,Y,"$501 - $1,500",4/2/2022 12:15,UNABLE TO DETERMINE,NOT APPLICABLE,1624,W,POLK ST,1231,,,,,,,2,NO INDICATION OF INJURY,0,0,0,0,0,1,0,11,7,4,41.87171895,-87.66766361,POINT (-87.667663609332 41.871718948155)
5be2780cc945cde07c25aa9c9e5938ad22b9d8aa19edf08bfa16cc42b7eef44b6b3da1361c1e23ea167b05b1a8b12a89d5333c00c3469d6d9bb125bdabe99e0c,,,4/9/2022 13:12,30,TRAFFIC SIGNAL,FUNCTIONING PROPERLY,CLEAR,DAYLIGHT,TURNING,NOT DIVIDED,,STRAIGHT AND LEVEL,DRY,UNKNOWN,ON SCENE,INJURY AND / OR TOW DUE TO CRASH,,,Y,"OVER $1,500",4/9/2022 14:17,IMPROPER OVERTAKING/PASSING,DRIVING ON WRONG SIDE/WRONG WAY,5912,S,STATE ST,232,,,,,,,2,NO INDICATION OF INJURY,0,0,0,0,0,2,0,13,7,4,41.78692911,-87.62564825,POINT (-87.625648248588 41.786929109332)
e93dbaacf4d698ed9073489b75a514ba3755fea6188bc8b4248ad87f574680d3a32b6508f8d9652870f477aeb20a6cd2193d23f5f6513f5f21e5c9ac10b5b78d,,,4/9/2022 14:03,40,NO CONTROLS,NO CONTROLS,CLEAR,DAYLIGHT,OTHER NONCOLLISION,DIVIDED - W/MEDIAN BARRIER,,STRAIGHT ON HILLCREST,DRY,"RUT, HOLES",ON SCENE,NO INJURY / DRIVE AWAY,,,,"$501 - $1,500",4/9/2022 14:50,UNABLE TO DETERMINE,UNABLE TO DETERMINE,3118,N,LAKE SHORE DR SB,1934,,,,,,,1,NO INDICATION OF INJURY,0,0,0,0,0,1,0,14,7,4,41.93822963,-87.63615252,POINT (-87.636152514893 41.93822962903)
96e5f9a0c9b0f934b83e6be8a3cfc0dfa2493cefb800be1f1ff2b7cebed3459466890e395aa007e81bfe99633956bc31c19296683dfae878530be0f757b4256f,,,4/3/2022 23:45,30,STOP SIGN/FLASHER,NO CONTROLS,RAIN,"DARKNESS, LIGHTED ROAD",PARKED MOTOR VEHICLE,NOT DIVIDED,,STRAIGHT AND LEVEL,WET,NO DEFECTS,NOT ON SCENE (DESK REPORT),INJURY AND / OR TOW DUE TO CRASH,,,,"OVER $1,500",4/4/2022 0:40,DISTRACTION - FROM INSIDE VEHICLE,UNABLE TO DETERMINE,10613,S,GREEN BAY AVE,432,,,,,,,2,NO INDICATION OF INJURY,0,0,0,0,0,1,0,23,1,4,41.70233058,-87.54119754,POINT (-87.541197542055 41.702330576335)
479cc3b5d5e42c445d278e4c03a1ee8926f4e8b423b9967cbab81c7745b967e91351764cbedcaf9edee11240bac786d7de76f10877b2adfe825adb55efe9552b,,,4/3/2022 16:11,30,TRAFFIC SIGNAL,FUNCTIONING PROPERLY,CLEAR,DAYLIGHT,REAR END,NOT DIVIDED,,STRAIGHT AND LEVEL,DRY,NO DEFECTS,NOT ON SCENE (DESK REPORT),NO INJURY / DRIVE AWAY,,,,"OVER $1,500",4/3/2022 16:50,NOT APPLICABLE,NOT APPLICABLE,1932,S,WABASH AVE,131,,,,,,,3,NO INDICATION OF INJURY,0,0,0,0,0,3,0,16,1,4,41.85567869,-87.62571014,POINT (-87.625710136001 41.855678691473)
6307f7b57886beb1b6dede3642ce88eb989bce29dc2c09a41e4fd51796a9dc8e41c7210ac8c5cc0517ae108c075f5a3a275336dcffe4cd09810289e5a9719cd5,JF173232,,3/13/2022 17:30,10,NO CONTROLS,NO CONTROLS,CLEAR,DAYLIGHT,ANGLE,PARKING LOT,,STRAIGHT AND LEVEL,DRY,NO DEFECTS,NOT ON SCENE (DESK REPORT),INJURY AND / OR TOW DUE TO CRASH,,Y,,"OVER $1,500",3/14/2022 8:30,FAILING TO REDUCE SPEED TO AVOID CRASH,UNABLE TO DETERMINE,4054,W,115TH ST,2211,,,,,,,2,"REPORTED, NOT EVIDENT",1,0,0,0,1,1,0,17,1,3,41.68404214,-87.72209072,POINT (-87.722090720258 41.684042142947)
2c4899f8f776f2d76be79e9270249d39e72a1b2adbeaeb2b88bde67d0f91279a31341488ad70308c4fd84be719b429ce48a5904e4e534e5ad8a4496463395151,,,4/3/2022 14:15,30,TRAFFIC SIGNAL,FUNCTIONING PROPERLY,CLEAR,DAYLIGHT,SIDESWIPE SAME DIRECTION,DIVIDED - W/MEDIAN (NOT RAISED),,STRAIGHT AND LEVEL,DRY,NO DEFECTS,NOT ON SCENE (DESK REPORT),NO INJURY / DRIVE AWAY,,,,"OVER $1,500",4/3/2022 14:45,UNABLE TO DETERMINE,UNABLE TO DETERMINE,5724,N,PULASKI RD,1711,,,,,,,2,NO INDICATION OF INJURY,0,0,0,0,0,5,0,14,1,4,41.98505788,-87.72864209,POINT (-87.728642092149 41.985057875982)
b93ce90973cd0f722405a91686bd8759b2933b88d371c61cf62de73d3451c45559c59867f8a4ed5c3131090020e5f17f23349b400acfccd90123a249a06223c4,,,4/3/2022 20:27,30,TRAFFIC SIGNAL,UNKNOWN,CLEAR,"DARKNESS, LIGHTED ROAD",TURNING,NOT DIVIDED,,STRAIGHT AND LEVEL,DRY,UNKNOWN,NOT ON SCENE (DESK REPORT),NO INJURY / DRIVE AWAY,Y,,,"OVER $1,500",4/3/2022 20:50,UNABLE TO DETERMINE,NOT APPLICABLE,4140,W,IRVING PARK RD,1722,,,,,,,2,NO INDICATION OF INJURY,0,0,0,0,0,3,0,20,1,4,41.95372858,-87.7308466,POINT (-87.730846595192 41.953728583125)
1d2f1d974841607253c4a041d4f3fdbfafdea0d77fef95447e47dc8480063fcc5e616a3f17fba5913244ddd22e8e788595bb42137ac49984ef5dc9d088b8b2f3,,,4/2/2022 23:30,30,NO CONTROLS,NO CONTROLS,CLEAR,"DARKNESS, LIGHTED ROAD",REAR END,NOT DIVIDED,,STRAIGHT AND LEVEL,WET,NO DEFECTS,ON SCENE,INJURY AND / OR TOW DUE TO CRASH,,,,"OVER $1,500",4/2/2022 23:30,FOLLOWING TOO CLOSELY,UNABLE TO DETERMINE,6349,W,IRVING PARK RD,1633,,,,,,,2,NO INDICATION OF INJURY,0,0,0,0,0,4,0,23,7,4,41.95281299,-87.78605494,POINT (-87.786054942198 41.952812985856)
0db63a3c144a52019dfa58445727f5d9ca238297e6278e9726ad9e86569bf4ae3c44ab9c4a77f0ea458b96f3d6b82e1a6dd108aadd72b3e20a11dacfd218a68e,JF180701,,3/20/2022 18:00,30,NO CONTROLS,NO CONTROLS,CLEAR,DAYLIGHT,PARKED MOTOR VEHICLE,NOT DIVIDED,,STRAIGHT AND LEVEL,DRY,NO DEFECTS,NOT ON SCENE (DESK REPORT),NO INJURY / DRIVE AWAY,,,,"$501 - $1,500",3/20/2022 19:20,FOLLOWING TOO CLOSELY,NOT APPLICABLE,1820,W,GRANVILLE AVE,2413,,,,,,,2,NO INDICATION OF INJURY,0,0,0,0,0,2,0,18,1,3,41.99444439,-87.67601684,POINT (-87.676016843983 41.994444386183)
02efda1100a0716a8a87483a59e33e2302b9617ba16aa4fe4384339d5583df4a9bcafb1c59deb9c5d086a1d92ff990aab97cb126689f765db5153ee0cbb625d4,JF179835,,3/19/2022 22:15,10,NO CONTROLS,NO CONTROLS,CLEAR,"DARKNESS, LIGHTED ROAD",PARKED MOTOR VEHICLE,PARKING LOT,,STRAIGHT AND LEVEL,WET,NO DEFECTS,ON SCENE,NO INJURY / DRIVE AWAY,,,,"$501 - $1,500",3/19/2022 22:19,UNABLE TO DETERMINE,UNABLE TO DETERMINE,1,W,PARKING LOT B ST,1654,,,,,,,2,NO INDICATION OF INJURY,0,0,0,0,0,1,0,22,7,3,,,
5c2e8ff4c7ff31a3a218272c83d9c2999ccbfdb17ac422af95e4b04aef89c3f500f47d99748ebdfcbed818bb451ae900b3a530282d4594151755abdafb6c2582,,,4/3/2022 16:03,30,NO CONTROLS,NO CONTROLS,CLEAR,DAYLIGHT,TURNING,NOT DIVIDED,,STRAIGHT AND LEVEL,DRY,NO DEFECTS,ON SCENE,INJURY AND / OR TOW DUE TO CRASH,,,,"OVER $1,500",4/3/2022 16:04,UNABLE TO DETERMINE,UNABLE TO DETERMINE,334,S,SPRINGFIELD AVE,1132,,Y,,,,,2,NO INDICATION OF INJURY,0,0,0,0,0,4,0,16,1,4,41.87616132,-87.7232217,POINT (-87.7232216962 41.876161323417)
db4ba1d63719061ca2f795ca15f05f2894ef2ec08b92a24de025f9551e8a916565811238d3967f03a468401fa05f7c4a873fb9d9e57ccca5b25d8cc9f63d3639,,,4/3/2022 11:00,30,NO CONTROLS,NO CONTROLS,CLEAR,DAYLIGHT,REAR END,ONE-WAY,,STRAIGHT AND LEVEL,DRY,NO DEFECTS,ON SCENE,INJURY AND / OR TOW DUE TO CRASH,,,N,"OVER $1,500",4/3/2022 11:03,IMPROPER BACKING,NOT APPLICABLE,12531,S,HARVARD AVE,523,,,,,,,2,NO INDICATION OF INJURY,0,0,0,0,0,2,0,11,1,4,41.66610104,-87.63053684,POINT (-87.630536840034 41.666101037552)
d555b75f37ddd8e6c99f2e4ec7bbf41a10524bde6c74492893cbd9d9cbc7572143597f83ac6f7e5e9f8f9c65bdaaf711525af66af665a08704053b2007ef35a4,,,4/9/2022 20:00,30,TRAFFIC SIGNAL,FUNCTIONING PROPERLY,CLEAR,DUSK,PEDESTRIAN,NOT DIVIDED,,STRAIGHT AND LEVEL,DRY,NO DEFECTS,ON SCENE,INJURY AND / OR TOW DUE TO CRASH,Y,,Y,"OVER $1,500",4/9/2022 20:00,"OPERATING VEHICLE IN ERRATIC, RECKLESS, CARELESS, NEGLIGENT OR AGGRESSIVE MANNER","OPERATING VEHICLE IN ERRATIC, RECKLESS, CARELESS, NEGLIGENT OR AGGRESSIVE MANNER",1,E,GRAND AVE,1834,Y,Y,,,,,5,NONINCAPACITATING INJURY,4,0,0,4,0,2,0,20,7,4,41.89156576,-87.62799288,POINT (-87.62799288322 41.891565762144)
338a49b9dd0a6c3cfdfc1f1f0dca036b0b61eb084283c82ea4bc9b267f5a65efc677f510cb7d05e064c8fb623edccc30a4daf3160cc4d6c568fe226e5d1833ad,,,4/3/2022 15:20,25,TRAFFIC SIGNAL,FUNCTIONING PROPERLY,CLEAR,DAYLIGHT,REAR END,NOT DIVIDED,,STRAIGHT AND LEVEL,DRY,NO DEFECTS,NOT ON SCENE (DESK REPORT),NO INJURY / DRIVE AWAY,,,,"$501 - $1,500",4/3/2022 15:30,FOLLOWING TOO CLOSELY,FOLLOWING TOO CLOSELY,3700,W,63RD ST,823,,,,,,,2,NO INDICATION OF INJURY,0,0,0,0,0,4,0,15,1,4,41.7788777,-87.71552906,POINT (-87.715529054506 41.778877701173)
838bbece55512d601b4f45fbda1d8f9bcecd627cc35e21454b007aa7f02f56a763df3670dfba0c68766c288f68d4282f2d687ddbeb4aefcfe058675d3262fa13,,Y,4/3/2022 0:00,30,NO CONTROLS,NO CONTROLS,UNKNOWN,UNKNOWN,PARKED MOTOR VEHICLE,NOT DIVIDED,,STRAIGHT AND LEVEL,UNKNOWN,UNKNOWN,NOT ON SCENE (DESK REPORT),NO INJURY / DRIVE AWAY,,,Y,"OVER $1,500",4/3/2022 4:20,UNABLE TO DETERMINE,UNABLE TO DETERMINE,10723,S,DR MARTIN LUTHER KING JR DR,513,,,,,,,4,NO INDICATION OF INJURY,0,0,0,0,0,1,0,0,1,4,41.69926903,-87.61340487,POINT (-87.613404872687 41.699269025003)
203da2fb52ae9d0a75db404d42098735cc9eb153987b1769af71bba3ad00ffe3b655c991fc14ed11e314c9064ebb4ad4e9d4ba52f38c43bd7918f23359442510,,,4/3/2022 5:30,45,NO CONTROLS,NO CONTROLS,CLOUDY/OVERCAST,"DARKNESS, LIGHTED ROAD",FIXED OBJECT,DIVIDED - W/MEDIAN BARRIER,,STRAIGHT AND LEVEL,ICE,NO DEFECTS,ON SCENE,INJURY AND / OR TOW DUE TO CRASH,,,,"OVER $1,500",4/3/2022 5:43,WEATHER,NOT APPLICABLE,10000,W,OHARE ST,1651,,,,,,,1,NONINCAPACITATING INJURY,1,0,0,1,0,0,0,5,1,4,41.97620114,-87.90530913,POINT (-87.905309125103 41.976201139024)
a34652326ae3f75ca6e812601294e70666925822f7b627e9fb9f7f412053ee6ac966b80db113a89d611baea48f8b348b81b4b3d51e99e3f0a4b76156adbe6119,,,4/3/2022 13:15,10,NO CONTROLS,NO CONTROLS,CLEAR,DAYLIGHT,REAR TO FRONT,PARKING LOT,,STRAIGHT AND LEVEL,DRY,NO DEFECTS,NOT ON SCENE (DESK REPORT),NO INJURY / DRIVE AWAY,,,Y,$500 OR LESS,4/3/2022 14:20,IMPROPER BACKING,IMPROPER BACKING,4200,S,ASHLAND AVE,924,,,,,,,2,NO INDICATION OF INJURY,0,0,0,0,0,2,0,13,1,4,41.81768012,-87.66533363,POINT (-87.665333633124 41.81768011732)
64096854bd54d6a1fb4804e76d4e59a3a1d872fdee135db64b2fdf1445f8cb7244a0c31f18c1a1fc59f8e30dc9c03f25fc5ada325493078e8895c5063b1e42fe,JF172850,,3/13/2022 18:30,30,NO CONTROLS,NO CONTROLS,CLEAR,DARKNESS,SIDESWIPE OPPOSITE DIRECTION,NOT DIVIDED,,STRAIGHT AND LEVEL,DRY,NO DEFECTS,NOT ON SCENE (DESK REPORT),NO INJURY / DRIVE AWAY,,,,"$501 - $1,500",3/13/2022 19:10,UNABLE TO DETERMINE,UNABLE TO DETERMINE,355,E,OHIO ST,1834,,,,,,,2,NO INDICATION OF INJURY,0,0,0,0,0,2,0,18,1,3,41.89252476,-87.61813383,POINT (-87.618133826548 41.892524760767)
74f8a2d9c8264ba4cb8fa3a8b6890abfa806244a71b420ef6775f1143cc11b1c75ca8fa7d4e87b2ebeb45e095f6fbebfb88c4a0fc28f62417b92243dea5f97f4,,,4/3/2022 15:00,30,NO CONTROLS,NO CONTROLS,CLEAR,DAYLIGHT,REAR END,DIVIDED - W/MEDIAN (NOT RAISED),,STRAIGHT AND LEVEL,DRY,NO DEFECTS,ON SCENE,INJURY AND / OR TOW DUE TO CRASH,,,,"OVER $1,500",4/3/2022 15:07,FAILING TO REDUCE SPEED TO AVOID CRASH,NOT APPLICABLE,844,W,CHICAGO AVE,1213,,,,,,,2,NONINCAPACITATING INJURY,1,0,0,1,0,1,0,15,1,4,41.89646546,-87.64967359,POINT (-87.649673589861 41.896465456769)
b438ac488df23452725a89885b5de6674ce6c43c1774d7c897d965e216f505ad744bcd26eb360b6ff0f8eccc9e3374cbbfc2ad2a79138edd74d0a9715e167f12,,,4/3/2022 13:00,30,NO CONTROLS,NO CONTROLS,CLEAR,DAYLIGHT,REAR END,DIVIDED - W/MEDIAN (NOT RAISED),,STRAIGHT AND LEVEL,DRY,NO DEFECTS,ON SCENE,INJURY AND / OR TOW DUE TO CRASH,,,,$500 OR LESS,4/3/2022 16:56,DISTRACTION - FROM INSIDE VEHICLE,FAILING TO REDUCE SPEED TO AVOID CRASH,1819,W,PETERSON AVE,2012,,,,,,,2,"REPORTED, NOT EVIDENT",1,0,0,0,1,1,0,13,1,4,41.9906297,-87.67598543,POINT (-87.675985432562 41.990629702982)
3b28b83937228d2daf7547d2e2e85cddf97b4f2904a58b7d1147f14ffc99daa224ae42072e1b825446606a25c048056ad69304ab4db452b789d80230e79de5b8,,,4/3/2022 15:05,30,NO CONTROLS,NO CONTROLS,CLEAR,DAYLIGHT,PARKED MOTOR VEHICLE,ONE-WAY,,STRAIGHT AND LEVEL,DRY,NO DEFECTS,NOT ON SCENE (DESK REPORT),NO INJURY / DRIVE AWAY,,,,"OVER $1,500",4/3/2022 17:45,UNABLE TO DETERMINE,UNABLE TO DETERMINE,1600,N,VINE ST,1813,,,,,,,2,NO INDICATION OF INJURY,0,0,0,0,0,3,0,15,1,4,41.91107641,-87.6445062,POINT (-87.64450619562 41.911076406153)