CRASH_RECORD_ID,RD_NO,CRASH_DATE_EST_I,CRASH_DATE,POSTED_SPEED_LIMIT,TRAFFIC_CONTROL_DEVICE,DEVICE_CONDITION,WEATHER_CONDITION,LIGHTING_CONDITION,FIRST_CRASH_TYPE,TRAFFICWAY_TYPE,LANE_CNT,ALIGNMENT,ROADWAY_SURFACE_COND,ROAD_DEFECT,REPORT_TYPE,CRASH_TYPE,INTERSECTION_RELATED_I,NOT_RIGHT_OF_WAY_I,HIT_AND_RUN_I,DAMAGE,DATE_POLICE_NOTIFIED,PRIM_CONTRIBUTORY_CAUSE,SEC_CONTRIBUTORY_CAUSE,STREET_NO,STREET_DIRECTION,STREET_NAME,BEAT_OF_OCCURRENCE,PHOTOS_TAKEN_I,STATEMENTS_TAKEN_I,DOORING_I,WORK_ZONE_I,WORK_ZONE_TYPE,WORKERS_PRESENT_I,NUM_UNITS,MOST_SEVERE_INJURY,INJURIES_TOTAL,INJURIES_FATAL,INJURIES_INCAPACITATING,INJURIES_NON_INCAPACITATING,INJURIES_REPORTED_NOT_EVIDENT,INJURIES_NO_INDICATION,INJURIES_UNKNOWN,CRASH_HOUR,CRASH_DAY_OF_WEEK,CRASH_MONTH,LATITUDE,LONGITUDE,LOCATION
076b17baae2e2a930ef4f53127f897bdefeab78a8d91390c70e3c23fa3ca5e0c6c517fc7e97f2479826d54321b9c339098f00ca6c925fe067d285cfe900120ae,JF180825,,3/20/2022 21:30,30,TRAFFIC SIGNAL,FUNCTIONING PROPERLY,CLEAR,"DARKNESS, LIGHTED ROAD",TURNING,NOT DIVIDED,,STRAIGHT AND LEVEL,DRY,NO DEFECTS,ON SCENE,NO INJURY / DRIVE AWAY,,,,"$501 - $1,500",3/20/2022 21:30,IMPROPER TURNING/NO SIGNAL,NOT APPLICABLE,1400,S,HOMAN AVE,1021,,,,,,,2,NO INDICATION OF INJURY,0,0,0,0,0,3,0,21,1,3,41.86237182,-87.7105769,POINT (-87.710576899133 41.862371817606)
38a13024f0a6524a885ffa43d667e70e2e3fe84bc1ec188293de9a8fb790bae7a04902249b46122d308bc3dd2e66dd00947a1a5dc9f87cd24110a58b8811f3d3,,,4/3/2022 11:16,30,TRAFFIC SIGNAL,FUNCTIONING PROPERLY,CLEAR,DAYLIGHT,TURNING,DIVIDED - W/MEDIAN (NOT RAISED),,STRAIGHT AND LEVEL,DRY,NO DEFECTS,ON SCENE,INJURY AND / OR TOW DUE TO CRASH,Y,,,"OVER $1,500",4/3/2022 11:16,FAILING TO YIELD RIGHT-OF-WAY,FAILING TO REDUCE SPEED TO AVOID CRASH,7900,S,WESTERN AVE,835,,,,,,,2,NONINCAPACITATING INJURY,3,0,0,3,0,0,0,11,1,4,41.75005493,-87.6829922,POINT (-87.682992202902 41.75005493365)
c691ef05aee78537396f9abd261cdcaf7c1dd61083f2453ce3de87dce66d4c8fb7ab5be486f6f04df45cf1957eb78afc0f4b1c0fb19f2cc005187d1c83b98d55,,,4/3/2022 21:16,30,TRAFFIC SIGNAL,FUNCTIONING PROPERLY,CLEAR,"DARKNESS, LIGHTED ROAD",ANGLE,NOT DIVIDED,,STRAIGHT AND LEVEL,DRY,NO DEFECTS,ON SCENE,INJURY AND / OR TOW DUE TO CRASH,,,Y,"OVER $1,500",4/3/2022 21:25,UNABLE TO DETERMINE,UNABLE TO DETERMINE,8300,S,YATES BLVD,412,,,,,,,2,NO INDICATION OF INJURY,0,0,0,0,0,2,0,21,1,4,41.7443693,-87.56627071,POINT (-87.566270711305 41.744369300555)
5f995332a43433969729b36f289229052a0cb70af222931608780a3f24579ce0067d8731ee0ab92ea94c6bbfae8b671815af4631e7e8d56fbc2e5a678126f7e5,,,4/4/2022 0:45,30,TRAFFIC SIGNAL,FUNCTIONING PROPERLY,RAIN,"DARKNESS, LIGHTED ROAD",REAR END,NOT DIVIDED,,STRAIGHT AND LEVEL,WET,UNKNOWN,ON SCENE,NO INJURY / DRIVE AWAY,,,Y,"$501 - $1,500",4/4/2022 1:24,UNABLE TO DETERMINE,UNABLE TO DETERMINE,7101,S,CICERO AVE,833,,,,,,,2,NO INDICATION OF INJURY,0,0,0,0,0,3,0,0,2,4,41.76429247,-87.74175261,POINT (-87.741752607214 41.764292464973)
565a5e641afd0ffb499835346425dad2edecacabaa06d28f665087cf4ff1821d7c39931ed7b5d301a72d644d456a817eec1fab9f9f25be263e29ffef47a910c2,,,4/3/2022 0:20,30,NO CONTROLS,NO CONTROLS,CLEAR,"DARKNESS, LIGHTED ROAD",SIDESWIPE OPPOSITE DIRECTION,NOT DIVIDED,,STRAIGHT AND LEVEL,DRY,NO DEFECTS,ON SCENE,NO INJURY / DRIVE AWAY,,,Y,"$501 - $1,500",4/3/2022 0:22,DRIVING ON WRONG SIDE/WRONG WAY,NOT APPLICABLE,1873,N,SHEFFIELD AVE,1813,,,,,,,2,NO INDICATION OF INJURY,0,0,0,0,0,3,0,0,1,4,41.91581173,-87.65314244,POINT (-87.653142441096 41.915811733618)
d717341a6dd023dd190b322cc09f8621b943816a5dc72cbfef8560ccdd105a3bf0e3a19c1eb9850c608cc7d1a43759eabdf1803715589b0486622d7c4f177ae2,,,4/2/2022 16:59,30,TRAFFIC SIGNAL,FUNCTIONING PROPERLY,RAIN,DAYLIGHT,TURNING,FOUR WAY,,STRAIGHT AND LEVEL,WET,NO DEFECTS,ON SCENE,NO INJURY / DRIVE AWAY,,,,"$501 - $1,500",4/2/2022 16:59,IMPROPER LANE USAGE,IMPROPER TURNING/NO SIGNAL,6901,S,WESTERN AVE,832,,,,,,,2,NO INDICATION OF INJURY,0,0,0,0,0,2,0,16,7,4,41.76824397,-87.6831938,POINT (-87.683193800933 41.768243971967)
7ae5f5f9986e9cd37657916b47b1a1a4cbb40c4318cb5508d61e32439438273fe81bc1a842b2d450008ee4ff7bb9207e212d4aec54636a9bafa6d14b70ac8b50,,,4/8/2022 4:00,30,NO CONTROLS,NO CONTROLS,UNKNOWN,UNKNOWN,PARKED MOTOR VEHICLE,ONE-WAY,,STRAIGHT AND LEVEL,UNKNOWN,UNKNOWN,NOT ON SCENE (DESK REPORT),NO INJURY / DRIVE AWAY,,,Y,"OVER $1,500",4/8/2022 12:30,UNABLE TO DETERMINE,NOT APPLICABLE,1423,N,LUNA AVE,2532,,,,,,,2,NO INDICATION OF INJURY,0,0,0,0,0,1,0,4,6,4,41.90648343,-87.76442183,POINT (-87.764421833381 41.906483431524)
8194a602ebe8092b00b2b8560f7ad5bd1acf62807e7bfaefa8b1427ee8496db9b954b0cb6a0d549ea7f8b9dd2dfda2832e7c1b6691f2e0211f3255ad76b31b98,,,4/3/2022 8:10,30,NO CONTROLS,NO CONTROLS,CLEAR,DAYLIGHT,REAR END,NOT DIVIDED,,STRAIGHT AND LEVEL,DRY,NO DEFECTS,ON SCENE,INJURY AND / OR TOW DUE TO CRASH,,Y,,"OVER $1,500",4/3/2022 8:10,EQUIPMENT - VEHICLE CONDITION,EQUIPMENT - VEHICLE CONDITION,1507,E,87TH ST,412,,,,,,,2,NONINCAPACITATING INJURY,2,0,0,1,1,0,0,8,1,4,41.73677381,-87.58771867,POINT (-87.587718669366 41.736773814331)
4edc53d337fd8826a6f3ece3260a1a3c90273cd55fd033f7a4ceb2bc7e19ae35e00420abc4b499a660cda58260739c758caac5cb0c9677dfd6b737f139ef64f7,,Y,4/3/2022 7:00,30,UNKNOWN,UNKNOWN,CLEAR,UNKNOWN,PARKED MOTOR VEHICLE,UNKNOWN,,STRAIGHT AND LEVEL,UNKNOWN,UNKNOWN,NOT ON SCENE (DESK REPORT),INJURY AND / OR TOW DUE TO CRASH,,,Y,"OVER $1,500",4/3/2022 9:15,UNABLE TO DETERMINE,UNABLE TO DETERMINE,809,S,DAMEN AVE,1231,,,,,,,2,NO INDICATION OF INJURY,0,0,0,0,0,1,0,7,1,4,41.87120785,-87.67622885,POINT (-87.676228847973 41.871207853017)
efc7e11b6927a73e0ec53c8e94a0b2f6e4b8e43d43eed22a9a31ba71e24990013f864bf3171f3ec4939472651fab8c73ac5fc8539aab3a7d28a964982b8b5780,,,4/3/2022 15:08,30,NO CONTROLS,NO CONTROLS,CLEAR,DAYLIGHT,PEDALCYCLIST,ONE-WAY,,STRAIGHT AND LEVEL,DRY,NO DEFECTS,NOT ON SCENE (DESK REPORT),NO INJURY / DRIVE AWAY,,,,"OVER $1,500",4/3/2022 15:08,UNABLE TO DETERMINE,NOT APPLICABLE,1102,W,57TH ST,712,,,,,,,2,NO INDICATION OF INJURY,0,0,0,0,0,1,0,15,1,4,41.79066759,-87.65250755,POINT (-87.652507544593 41.790667587948)
a04420fddb5456aa5de06421e96f1735b0af897631232091160d43ddc1a61f6b472e7e86dc614c396230c6ee4b85a3ac69d1736e05ce3b6e26e65e41b2932cc0,,,4/2/2022 3:00,30,NO CONTROLS,NO CONTROLS,CLEAR,"DARKNESS, LIGHTED ROAD",PARKED MOTOR VEHICLE,NOT DIVIDED,,STRAIGHT AND LEVEL,DRY,NO DEFECTS,ON SCENE,INJURY AND / OR TOW DUE TO CRASH,,,Y,"OVER $1,500",4/2/2022 3:08,UNABLE TO DETERMINE,UNABLE TO DETERMINE,2050,W,CERMAK RD,1234,,,,,,,2,NO INDICATION OF INJURY,0,0,0,0,0,1,0,3,7,4,41.85225309,-87.6778683,POINT (-87.677868297976 41.852253085034)
2bb7b5d34e4859aaa6fd7b5da3718cae331c39b547717180f85c0fe9bbc9962d856c8d259fb73b834af7a21070c465129425c7d0b2956dd5c91c5d15c959829c,,,4/3/2022 14:22,25,NO CONTROLS,NO CONTROLS,CLEAR,DAYLIGHT,REAR TO SIDE,NOT DIVIDED,,STRAIGHT AND LEVEL,DRY,NO DEFECTS,NOT ON SCENE (DESK REPORT),NO INJURY / DRIVE AWAY,,,,"OVER $1,500",4/3/2022 15:15,IMPROPER BACKING,UNABLE TO DETERMINE,3700,N,KILBOURN AVE,1731,,,,,,,2,NO INDICATION OF INJURY,0,0,0,0,0,4,0,14,1,4,41.94803713,-87.74042455,POINT (-87.740424550322 41.948037129218)
15f6dee33e97b092df02692b336e731257a15f6795608aad2941329a5975eb9b5c94afd350b33b7620310bbfb501f43316d4d3109a01cc2f0bda51d3e4828f3c,,,4/3/2022 13:00,30,TRAFFIC SIGNAL,FUNCTIONING PROPERLY,CLEAR,DAYLIGHT,REAR END,DIVIDED - W/MEDIAN (NOT RAISED),,STRAIGHT AND LEVEL,DRY,UNKNOWN,ON SCENE,NO INJURY / DRIVE AWAY,Y,,Y,"OVER $1,500",4/3/2022 14:25,DISREGARDING OTHER TRAFFIC SIGNS,FAILING TO REDUCE SPEED TO AVOID CRASH,98,N,CICERO AVE,1533,,,,,,,3,NO INDICATION OF INJURY,0,0,0,0,0,3,0,13,1,4,41.88174807,-87.74548559,POINT (-87.745485593811 41.881748070129)
e672300825f4daad2a82ee6b157b91d0fec7da32994d23ab0e6a88550bfe10b4995cdfdd360943fd40328ef59b5d9d786b4cde68c8b69244f7f13cf1b02d2b25,,,3/29/2022 23:29,30,TRAFFIC SIGNAL,FUNCTIONING PROPERLY,CLOUDY/OVERCAST,"DARKNESS, LIGHTED ROAD",ANGLE,DIVIDED - W/MEDIAN (NOT RAISED),,STRAIGHT AND LEVEL,DRY,NO DEFECTS,NOT ON SCENE (DESK REPORT),NO INJURY / DRIVE AWAY,Y,,,"$501 - $1,500",4/3/2022 15:55,FAILING TO YIELD RIGHT-OF-WAY,UNABLE TO DETERMINE,7900,S,DAMEN AVE,611,,,,,,,2,NO INDICATION OF INJURY,0,0,0,0,0,2,0,23,3,3,41.75018236,-87.67327886,POINT (-87.673278856776 41.750182355465)
3253abb30840841db9c65dbb08035616adb8dc18fa77439d9abcdebe12e3bb9ccf22847115c4b9b6364e3060e9da4118bac6fd1727f501ce5484ca4f09b95739,,Y,4/8/2022 9:37,30,NO CONTROLS,NO CONTROLS,RAIN,DAYLIGHT,TURNING,ONE-WAY,,STRAIGHT AND LEVEL,WET,UNKNOWN,ON SCENE,NO INJURY / DRIVE AWAY,,,,"OVER $1,500",4/8/2022 9:51,DRIVING SKILLS/KNOWLEDGE/EXPERIENCE,DRIVING SKILLS/KNOWLEDGE/EXPERIENCE,3348,S,PULASKI RD,1031,,,,,,,2,NO INDICATION OF INJURY,0,0,0,0,0,2,0,9,6,4,41.83214403,-87.72439592,POINT (-87.724395923478 41.832144031294)
64b29bfbec3107f5e9998c8005f54f909cfb1215c9a2c24e52d11d414f9604338142b92df26a266bd6778832a5812f1f694a3098b76de968d3cf559557868166,,,4/9/2022 3:00,30,TRAFFIC SIGNAL,FUNCTIONING PROPERLY,CLEAR,"DARKNESS, LIGHTED ROAD",FIXED OBJECT,FOUR WAY,,STRAIGHT ON GRADE,DRY,NO DEFECTS,ON SCENE,INJURY AND / OR TOW DUE TO CRASH,,,,"OVER $1,500",4/9/2022 3:30,NOT APPLICABLE,NOT APPLICABLE,6120,S,COTTAGE GROVE AVE,313,,,,,,,1,NONINCAPACITATING INJURY,1,0,0,1,0,0,0,3,7,4,41.78339839,-87.60614283,POINT (-87.606142831727 41.783398393592)
d6313134e9eac8e2cf1b415ca16fb17b358a6e94241e182e27874a8f465e61f1cd1a11c426c4bf0b94964bb032fb1815f496739106de42cfa009f4fc88959abd,,,4/3/2022 0:30,30,TRAFFIC SIGNAL,FUNCTIONING PROPERLY,CLEAR,"DARKNESS, LIGHTED ROAD",PEDALCYCLIST,FOUR WAY,,STRAIGHT AND LEVEL,DRY,NO DEFECTS,ON SCENE,INJURY AND / OR TOW DUE TO CRASH,,,,"OVER $1,500",4/3/2022 0:35,DISREGARDING TRAFFIC SIGNALS,NOT APPLICABLE,4799,W,MADISON ST,1113,,,,,,,2,INCAPACITATING INJURY,1,0,1,0,0,1,0,0,1,4,41.88038977,-87.74515274,POINT (-87.745152735985 41.880389773538)
43f5c7252e7d9dbb35b5eb9e3d9168a47899c178873552067e943da9f66f52933f7e3d7aa13f3939dfca330d45bf1ada20c9b1cf7889050f1cb81976671b28bc,,,4/3/2022 3:00,30,STOP SIGN/FLASHER,FUNCTIONING PROPERLY,CLEAR,"DARKNESS, LIGHTED ROAD",TURNING,DIVIDED - W/MEDIAN (NOT RAISED),,STRAIGHT AND LEVEL,DRY,NO DEFECTS,NOT ON SCENE (DESK REPORT),NO INJURY / DRIVE AWAY,Y,,Y,"OVER $1,500",4/3/2022 15:45,FAILING TO YIELD RIGHT-OF-WAY,UNABLE TO DETERMINE,4101,N,KIMBALL AVE,1724,,,,,,,2,NO INDICATION OF INJURY,0,0,0,0,0,2,0,3,1,4,41.95574453,-87.71282424,POINT (-87.712824241096 41.955744533022)
c356496b9b9d93b5022b869138340638a9daca6463b7cbe164aa3d07d9a4b88dd41c73008894606cb8ddaf82763c157396c6c14beb67334f99e397c334fe0ba2,,,4/3/2022 13:20,30,NO CONTROLS,NO CONTROLS,CLEAR,DAYLIGHT,REAR END,NOT DIVIDED,,STRAIGHT AND LEVEL,DRY,UNKNOWN,ON SCENE,NO INJURY / DRIVE AWAY,,,,"OVER $1,500",4/3/2022 13:29,UNABLE TO DETERMINE,UNABLE TO DETERMINE,3904,S,VINCENNES AVE,214,,,,,,,2,NO INDICATION OF INJURY,0,0,0,0,0,2,0,13,1,4,41.82371369,-87.61281554,POINT (-87.612815538053 41.823713693536)
4129b29427d6472eae9f98d93ae7c473d65a8466d173f2f38603c0b3daa36cda11ac8b4e2e1c9c233534422b0be81cde2ee23a2b13fab8bb54f740b06f6bcc49,,,4/3/2022 9:20,30,TRAFFIC SIGNAL,FUNCTIONING PROPERLY,CLEAR,DAYLIGHT,SIDESWIPE SAME DIRECTION,NOT DIVIDED,,STRAIGHT AND LEVEL,DRY,NO DEFECTS,NOT ON SCENE (DESK REPORT),NO INJURY / DRIVE AWAY,,,,"OVER $1,500",4/3/2022 10:22,IMPROPER OVERTAKING/PASSING,NOT APPLICABLE,400,S,FRANKLIN ST,122,,,,,,,2,NO INDICATION OF INJURY,0,0,0,0,0,2,0,9,1,4,41.87678741,-87.63532285,POINT (-87.635322846849 41.876787409425)
653ec8d3ff6c76aa4c3cb615456bf3126c421e48ad15ff91362ad0bd2770170d9e4a5a0dad9f837460551d3e588c565b0307dff4410b390580f5b9bb4d094621,,,4/2/2022 23:15,30,NO CONTROLS,NO CONTROLS,CLEAR,"DARKNESS, LIGHTED ROAD",TURNING,NOT DIVIDED,,STRAIGHT AND LEVEL,DRY,NO DEFECTS,NOT ON SCENE (DESK REPORT),NO INJURY / DRIVE AWAY,,,,"OVER $1,500",4/2/2022 23:25,FAILING TO REDUCE SPEED TO AVOID CRASH,IMPROPER OVERTAKING/PASSING,2311,W,HOWARD ST,2411,,,,,,,2,NO INDICATION OF INJURY,0,0,0,0,0,2,0,23,7,4,42.01940787,-87.68821678,POINT (-87.68821678378 42.019407874043)
25630b8981ab62a0ebb4eb5b561478de7e6a7ad45eb9a70064d03419b30a627d1ee0b8d455058e0d2be8efcad84f9a146199fb296dceb95846613dbff9d2cbe1,,,4/3/2022 8:55,30,OTHER,NO CONTROLS,OTHER,"DARKNESS, LIGHTED ROAD",REAR END,ONE-WAY,,STRAIGHT AND LEVEL,WET,NO DEFECTS,ON SCENE,NO INJURY / DRIVE AWAY,,,,$500 OR LESS,4/3/2022 9:00,DISTRACTION - FROM INSIDE VEHICLE,NOT APPLICABLE,5701,S,CICERO AVE,813,,,,,,,2,NO INDICATION OF INJURY,0,0,0,0,0,3,0,8,1,4,41.78933864,-87.74135256,POINT (-87.741352562622 41.789338641753)
7d81d8f5d8bc85d6aed36c2c5da8b4ed83e90d80a92a85c4ab8c1f60f1c61311bbf6d873d8c993eada0780e751cec58a26f6757b7f28855bb023612dc0765d69,,,4/4/2022 0:35,30,TRAFFIC SIGNAL,FUNCTIONING PROPERLY,RAIN,"DARKNESS, LIGHTED ROAD",REAR END,NOT DIVIDED,,STRAIGHT AND LEVEL,WET,NO DEFECTS,NOT ON SCENE (DESK REPORT),NO INJURY / DRIVE AWAY,,,Y,"OVER $1,500",4/4/2022 1:05,FOLLOWING TOO CLOSELY,UNABLE TO DETERMINE,200,S,MICHIGAN AVE,113,,,,,,,2,NO INDICATION OF INJURY,0,0,0,0,0,2,0,0,2,4,41.87948933,-87.62449813,POINT (-87.624498124934 41.879489328698)
9a22b8256ef19dae0b4550bf2292dc5e00cc87a8777447ccb9849321c9067f011a3cda1cce9510725c421b3c7cf71de961586e3812b722b9002f1ce2c62a730a,,Y,4/2/2022 9:15,30,NO CONTROLS,NO CONTROLS,CLEAR,DARKNESS,PARKED MOTOR VEHICLE,NOT DIVIDED,,STRAIGHT AND LEVEL,UNKNOWN,UNKNOWN,NOT ON SCENE (DESK REPORT),NO INJURY / DRIVE AWAY,,,Y,"OVER $1,500",4/3/2022 10:50,UNABLE TO DETERMINE,NOT APPLICABLE,6331,S,LOWE AVE,723,,,,,,,2,NO INDICATION OF INJURY,0,0,0,0,0,1,0,9,7,4,41.77885418,-87.64069496,POINT (-87.640694956451 41.778854177217)
1c205e5bf5492c991acfcb826fca00500c1c2b348d6cd4eef9e7b58ce78d7467143bddcdc91fc2cb404bd3d31d0ab2620ea58f4837578e5ffabc646145f1e037,,,4/3/2022 12:30,15,STOP SIGN/FLASHER,FUNCTIONING PROPERLY,CLEAR,DAYLIGHT,REAR END,NOT DIVIDED,,STRAIGHT AND LEVEL,UNKNOWN,UNKNOWN,NOT ON SCENE (DESK REPORT),NO INJURY / DRIVE AWAY,,,Y,"$501 - $1,500",4/3/2022 13:00,UNABLE TO DETERMINE,NOT APPLICABLE,1655,E,95TH ST,431,,,,,,,2,NO INDICATION OF INJURY,0,0,0,0,0,3,0,12,1,4,41.7222632,-87.58291764,POINT (-87.582917634619 41.722263198134)
023fb0ea060f28c465bbaea152043ff8d8cee2f1520c72c89129e24ead9d38e15b7776b0264ea96f784024d0e2d746d3e2b042317709b3856f3c06d7ba70045c,JF180050,,3/20/2022 4:18,30,STOP SIGN/FLASHER,UNKNOWN,CLEAR,"DARKNESS, LIGHTED ROAD",TURNING,DIVIDED - W/MEDIAN (NOT RAISED),,STRAIGHT AND LEVEL,WET,UNKNOWN,ON SCENE,INJURY AND / OR TOW DUE TO CRASH,,,Y,"OVER $1,500",3/20/2022 4:18,NOT APPLICABLE,FAILING TO REDUCE SPEED TO AVOID CRASH,200,N,PULASKI RD,1114,,,,,,,2,NO INDICATION OF INJURY,0,0,0,0,0,2,0,4,1,3,41.88339231,-87.72589344,POINT (-87.725893438622 41.883392310474)
0440d14594293cc6276db7b7a15cae2f0574292369fd0b1a55c6a1040ecd79eabf3a32c475c175ac657d01ea856526d4cd03019205054317eff781cc4e05bcc8,JF179301,,3/19/2022 12:24,30,TRAFFIC SIGNAL,FUNCTIONING PROPERLY,CLEAR,DAYLIGHT,REAR END,NOT DIVIDED,,STRAIGHT AND LEVEL,DRY,NO DEFECTS,ON SCENE,INJURY AND / OR TOW DUE TO CRASH,,,,"OVER $1,500",3/19/2022 12:26,DISTRACTION - FROM INSIDE VEHICLE,DRIVING SKILLS/KNOWLEDGE/EXPERIENCE,7154,W,IRVING PARK RD,1632,,,,,,,2,NO INDICATION OF INJURY,0,0,0,0,0,2,0,12,7,3,41.95287485,-87.80585211,POINT (-87.805852104837 41.952874854148)
bb7519c63871ecb93f93f412dcac19a906eaed3cd9cf3c403a098f39258265cd27c7e772670ee6f79e0e5657b634c03dda755453d6f79057a89961d85fe46353,,Y,4/2/2022 17:15,30,TRAFFIC SIGNAL,FUNCTIONING PROPERLY,RAIN,DAYLIGHT,FIXED OBJECT,DIVIDED - W/MEDIAN (NOT RAISED),,STRAIGHT AND LEVEL,WET,UNKNOWN,ON SCENE,INJURY AND / OR TOW DUE TO CRASH,Y,,,"OVER $1,500",4/2/2022 17:27,WEATHER,NOT APPLICABLE,8300,S,VINCENNES AVE,622,,,,,,,1,NO INDICATION OF INJURY,0,0,0,0,0,2,0,17,7,4,41.74350456,-87.6366628,POINT (-87.636662798126 41.743504557606)
3382e600517d8e7a7cc505b733d390eef213740f3f34bc6cad06403b9097859cc16c5a74782b17b4a22a57c8be13b8d4a0b8390a085461e2eb5d935bef79e9f3,,,4/9/2022 16:30,30,NO CONTROLS,NO CONTROLS,CLEAR,DAYLIGHT,ANGLE,T-INTERSECTION,,STRAIGHT AND LEVEL,DRY,NO DEFECTS,NOT ON SCENE (DESK REPORT),NO INJURY / DRIVE AWAY,Y,,,"$501 - $1,500",4/9/2022 17:35,FAILING TO YIELD RIGHT-OF-WAY,NOT APPLICABLE,112,W,87TH ST,622,,,,,,,2,NO INDICATION OF INJURY,0,0,0,0,0,2,0,16,7,4,41.73638005,-87.62750922,POINT (-87.627509219026 41.736380045588)
99cb7b44cebc728557e7854a2ca6b3fb5cc746a719c06f0eefd680e8e316193bf47164030d8f4195cd5387b27e2e792232d3cff1b0ed438af16aeda299d1238f,,,4/3/2022 5:54,30,TRAFFIC SIGNAL,FUNCTIONING PROPERLY,CLEAR,"DARKNESS, LIGHTED ROAD",FIXED OBJECT,DIVIDED - W/MEDIAN BARRIER,,STRAIGHT AND LEVEL,WET,UNKNOWN,ON SCENE,INJURY AND / OR TOW DUE TO CRASH,Y,,,"OVER $1,500",4/3/2022 5:55,UNABLE TO DETERMINE,NOT APPLICABLE,5161,W,LAWRENCE AVE,1623,,,,,,,1,NONINCAPACITATING INJURY,1,0,0,1,0,0,0,5,1,4,41.96779737,-87.75731891,POINT (-87.757318908014 41.967797374042)
66f89b0228f1cabee1206af62e8148939dcacdee2abb2b883261e9d2e5c2b353965573e2bed618d6cdecf18eebfa4d62788354774f404935c45d92dcbc44e688,JF173008,,3/13/2022 22:44,30,NO CONTROLS,NO CONTROLS,CLEAR,"DARKNESS, LIGHTED ROAD",FIXED OBJECT,NOT DIVIDED,,STRAIGHT AND LEVEL,DRY,NO DEFECTS,ON SCENE,INJURY AND / OR TOW DUE TO CRASH,,,,"OVER $1,500",3/13/2022 22:57,IMPROPER LANE USAGE,FAILING TO REDUCE SPEED TO AVOID CRASH,148,N,CICERO AVE,1532,,,,,,,1,INCAPACITATING INJURY,3,0,1,2,0,0,0,22,1,3,41.88319322,-87.74552494,POINT (-87.745524941155 41.88319322398)
de65a2c58507b758ca24f59cccceb5ddf9f54c33d31a1daa7d6fc4eac283c1b1940ef7535d0be321a866a092ddd649cc5e7b8a0461cf0ae5e018c79a1591d090,,,4/3/2022 6:40,30,TRAFFIC SIGNAL,FUNCTIONING PROPERLY,CLEAR,DAWN,ANGLE,FOUR WAY,,STRAIGHT AND LEVEL,WET,NO DEFECTS,ON SCENE,INJURY AND / OR TOW DUE TO CRASH,Y,,,"OVER $1,500",4/3/2022 6:44,DISREGARDING TRAFFIC SIGNALS,DRIVING SKILLS/KNOWLEDGE/EXPERIENCE,3200,W,LAWRENCE AVE,1713,,,,,,,2,NO INDICATION OF INJURY,0,0,0,0,0,4,0,6,1,4,41.96856056,-87.70853637,POINT (-87.708536374456 41.968560560641)
33502d00c6a1149ba83a56958c0d43b087492ca611bb7e92c7f5e1f1f114c5a4836b1ea54b439a13fe74c8c6ddd178b40b056024bfbc0586044f01f0eb68ee80,,,4/2/2022 12:24,30,NO CONTROLS,NO CONTROLS,CLEAR,DAYLIGHT,SIDESWIPE SAME DIRECTION,NOT DIVIDED,,STRAIGHT ON GRADE,DRY,NO DEFECTS,ON SCENE,INJURY AND / OR TOW DUE TO CRASH,,,,"OVER $1,500",4/2/2022 12:25,IMPROPER LANE USAGE,UNABLE TO DETERMINE,2424,W,71ST ST,832,,,,,,,2,NO INDICATION OF INJURY,0,0,0,0,0,3,0,12,7,4,41.76479199,-87.68432433,POINT (-87.684324333967 41.764791987358)
67ae53517f125fdd553571e5bf026d1426b30a72aea75d74d0d1074b216fb467b5e2772e67d76e17254470d1868f402057bc873120f420d8db46d323284a5964,,,4/2/2022 13:16,30,NO CONTROLS,NO CONTROLS,RAIN,DAYLIGHT,REAR END,NOT DIVIDED,,STRAIGHT AND LEVEL,WET,NO DEFECTS,NOT ON SCENE (DESK REPORT),NO INJURY / DRIVE AWAY,,,Y,"$501 - $1,500",4/3/2022 14:02,NOT APPLICABLE,NOT APPLICABLE,9800,S,HALSTED ST,2223,,,,,,,2,NO INDICATION OF INJURY,0,0,0,0,0,3,0,13,7,4,41.7158702,-87.64321014,POINT (-87.643210139548 41.715870203216)
ac7279172be5d36feed6279306c4e3c1cbd5267cea7ca1da5b8d40edc8fe1340f7886c7051805ce8b39fc7ae86415b544e0337685cf322c2b31bdc1c080eac0a,,,4/8/2022 11:50,30,TRAFFIC SIGNAL,FUNCTIONING PROPERLY,RAIN,DAYLIGHT,TURNING,UNKNOWN INTERSECTION TYPE,,STRAIGHT AND LEVEL,WET,NO DEFECTS,ON SCENE,INJURY AND / OR TOW DUE TO CRASH,Y,,,"OVER $1,500",4/8/2022 11:53,FAILING TO YIELD RIGHT-OF-WAY,NOT APPLICABLE,6800,W,BELMONT AVE,1632,,,,,,,2,NO INDICATION OF INJURY,0,0,0,0,0,2,0,11,6,4,41.93826695,-87.7957615,POINT (-87.795761499004 41.938266954026)
8a082c1f59561166a69bb99811f0e6cef5c4718abc8fba2ade94afc907025751ed98757523c1d4ce6a86cac340cdb6ce054553920ce39c825b17164499fec3cc,,,4/1/2022 6:34,30,TRAFFIC SIGNAL,FUNCTIONING PROPERLY,CLEAR,DAWN,TURNING,FOUR WAY,,STRAIGHT AND LEVEL,DRY,NO DEFECTS,ON SCENE,INJURY AND / OR TOW DUE TO CRASH,Y,,,"OVER $1,500",4/1/2022 6:36,IMPROPER TURNING/NO SIGNAL,IMPROPER LANE USAGE,5101,S,HALSTED ST,935,,,,,,,3,"REPORTED, NOT EVIDENT",2,0,0,0,2,2,0,6,6,4,41.80154013,-87.64519699,POINT (-87.645196989059 41.801540128341)