CRASH_RECORD_ID,RD_NO,CRASH_DATE_EST_I,CRASH_DATE,POSTED_SPEED_LIMIT,TRAFFIC_CONTROL_DEVICE,DEVICE_CONDITION,WEATHER_CONDITION,LIGHTING_CONDITION,FIRST_CRASH_TYPE,TRAFFICWAY_TYPE,LANE_CNT,ALIGNMENT,ROADWAY_SURFACE_COND,ROAD_DEFECT,REPORT_TYPE,CRASH_TYPE,INTERSECTION_RELATED_I,NOT_RIGHT_OF_WAY_I,HIT_AND_RUN_I,DAMAGE,DATE_POLICE_NOTIFIED,PRIM_CONTRIBUTORY_CAUSE,SEC_CONTRIBUTORY_CAUSE,STREET_NO,STREET_DIRECTION,STREET_NAME,BEAT_OF_OCCURRENCE,PHOTOS_TAKEN_I,STATEMENTS_TAKEN_I,DOORING_I,WORK_ZONE_I,WORK_ZONE_TYPE,WORKERS_PRESENT_I,NUM_UNITS,MOST_SEVERE_INJURY,INJURIES_TOTAL,INJURIES_FATAL,INJURIES_INCAPACITATING,INJURIES_NON_INCAPACITATING,INJURIES_REPORTED_NOT_EVIDENT,INJURIES_NO_INDICATION,INJURIES_UNKNOWN,CRASH_HOUR,CRASH_DAY_OF_WEEK,CRASH_MONTH,LATITUDE,LONGITUDE,LOCATION
c7929c5d8b44ca116e6eef4d7f4c38b262d39413a402e4674a3672096b5be18c0b219e643a86eaa84ba743b02af069f582bb446db52a96430b4a717e04304967,,Y,4/3/2022 8:00,20,NO CONTROLS,NO CONTROLS,CLEAR,DAYLIGHT,PARKED MOTOR VEHICLE,ONE-WAY,,STRAIGHT AND LEVEL,DRY,NO DEFECTS,NOT ON SCENE (DESK REPORT),NO INJURY / DRIVE AWAY,,,Y,"OVER $1,500",4/3/2022 10:00,UNABLE TO DETERMINE,NOT APPLICABLE,5448,W,WEST END AVE,1523,,,,,,,2,NO INDICATION OF INJURY,0,0,0,0,0,1,0,8,1,4,41.88438165,-87.76217719,POINT (-87.762177189492 41.884381644657)
f501f3c66d8e99f8ff48558d36ea799d8d4df45bdf7ac3ed9d1efa36d2b14f15ff426ad78d416ca7eb57aaf5e240a74d492a2410efe741cbab6945985ab7e05e,,,4/3/2022 4:25,30,TRAFFIC SIGNAL,FUNCTIONING PROPERLY,RAIN,"DARKNESS, LIGHTED ROAD",ANGLE,FOUR WAY,,STRAIGHT AND LEVEL,WET,NO DEFECTS,ON SCENE,NO INJURY / DRIVE AWAY,,,Y,"OVER $1,500",4/3/2022 4:30,UNABLE TO DETERMINE,UNABLE TO DETERMINE,99,E,CONGRESS PKWY,123,,,,,,,2,NO INDICATION OF INJURY,0,0,0,0,0,4,0,4,1,4,41.87561297,-87.62434394,POINT (-87.624343942054 41.875612969826)
09940d0f8eb47b985503dda7d8f20fb3d9ccd77a1ad11e111042a0bfa789583180162fe8ce64722d07a81b8b16c0bc39dfb871a8fb2a313acf66f336dba47896,JF179953,,3/20/2022 1:25,30,NO CONTROLS,NO CONTROLS,CLEAR,"DARKNESS, LIGHTED ROAD",PARKED MOTOR VEHICLE,NOT DIVIDED,,STRAIGHT AND LEVEL,WET,NO DEFECTS,ON SCENE,INJURY AND / OR TOW DUE TO CRASH,,,,"OVER $1,500",3/20/2022 1:28,FAILING TO REDUCE SPEED TO AVOID CRASH,NOT APPLICABLE,2411,W,63RD ST,825,,,,,,,2,NONINCAPACITATING INJURY,1,0,0,1,0,0,0,1,1,3,41.77913742,-87.68415555,POINT (-87.684155549071 41.779137418013)
c33008c518a033b213df771b87d73e4ac849bf3227f05388e0cfff79560d869fad9221de7f24e5774c591a9412fbb5b1e4628f6d4e9205cee07944c73d399ddb,,,3/27/2022 10:15,30,TRAFFIC SIGNAL,FUNCTIONING PROPERLY,CLEAR,DAYLIGHT,OTHER OBJECT,DIVIDED - W/MEDIAN (NOT RAISED),,STRAIGHT AND LEVEL,DRY,"RUT, HOLES",NOT ON SCENE (DESK REPORT),NO INJURY / DRIVE AWAY,,,,"OVER $1,500",4/3/2022 13:15,NOT APPLICABLE,NOT APPLICABLE,151,N,MICHIGAN AVE,114,,,,,,,1,NO INDICATION OF INJURY,0,0,0,0,0,1,0,10,1,3,41.88454011,-87.62430852,POINT (-87.62430852246 41.884540110592)
f8f83a783009e130b4a9f1aae2e264e42f22c3b92175a87a1ced3aeb04c19660dc6d9bc2ca6071a017906888cf49cdd5e73703f673e2275329d4766677d08cbc,,,4/3/2022 11:00,30,NO CONTROLS,NO CONTROLS,CLEAR,DAYLIGHT,SIDESWIPE SAME DIRECTION,DIVIDED - W/MEDIAN (NOT RAISED),,STRAIGHT AND LEVEL,DRY,NO DEFECTS,NOT ON SCENE (DESK REPORT),NO INJURY / DRIVE AWAY,,,Y,"$501 - $1,500",4/3/2022 18:20,IMPROPER OVERTAKING/PASSING,NOT APPLICABLE,420,W,43RD ST,925,,,,,,,3,NO INDICATION OF INJURY,0,0,0,0,0,3,0,11,1,4,41.8164454,-87.63677925,POINT (-87.636779245302 41.816445402515)
abb743e30f15e18e3693028d09b4472cc0826b6df3aa1ae5e7bd369b940123bc53b020a9c707a92a5380f2a6cb3345ab77c5dd9be9b63c77661d85b38452384f,,,4/3/2022 5:44,30,NO CONTROLS,NO CONTROLS,FREEZING RAIN/DRIZZLE,DAYLIGHT,PARKED MOTOR VEHICLE,NOT DIVIDED,,STRAIGHT AND LEVEL,WET,UNKNOWN,ON SCENE,NO INJURY / DRIVE AWAY,,,Y,"OVER $1,500",4/3/2022 5:44,UNABLE TO DETERMINE,UNABLE TO DETERMINE,5735,W,LAWRENCE AVE,1622,,,,,,,4,NO INDICATION OF INJURY,0,0,0,0,0,1,0,5,1,4,41.96762197,-87.77137501,POINT (-87.771375007095 41.967621970245)
fa5151a7922893f2e9b2e3ad919b5474dea3491403aa3417261f6cb8b68df6a8c6f07631d0e097395b6ff081cf0b0a938512f27ac4d23e0fcb21207b71792972,,Y,4/2/2022 13:15,30,TRAFFIC SIGNAL,FUNCTIONING PROPERLY,RAIN,DAYLIGHT,HEAD ON,"FIVE POINT, OR MORE",,STRAIGHT AND LEVEL,WET,NO DEFECTS,ON SCENE,INJURY AND / OR TOW DUE TO CRASH,Y,,,"OVER $1,500",4/2/2022 13:26,DISREGARDING TRAFFIC SIGNALS,NOT APPLICABLE,601,W,127TH ST,523,,,,,,,2,NONINCAPACITATING INJURY,2,0,0,1,1,2,0,13,7,4,41.66314952,-87.63668132,POINT (-87.636681319298 41.663149517661)
1d7716aac6c70f535a671c1a31cb4ad57c2f5d5a1288389b7d3952bdfe3762902ae2f401da49206724b8fabe6698072c702712d0ebb929090c4b5b0eac473d9f,,Y,3/31/2022 9:30,20,NO CONTROLS,NO CONTROLS,CLEAR,DAYLIGHT,SIDESWIPE SAME DIRECTION,NOT DIVIDED,,STRAIGHT AND LEVEL,DRY,NO DEFECTS,NOT ON SCENE (DESK REPORT),NO INJURY / DRIVE AWAY,,,,"OVER $1,500",3/31/2022 14:40,UNABLE TO DETERMINE,UNABLE TO DETERMINE,212,E,51ST ST,224,,,,,,,2,NO INDICATION OF INJURY,0,0,0,0,0,2,0,9,5,3,41.80214669,-87.62043469,POINT (-87.620434686487 41.80214669024)
a9046e714da3a39a24c4b0a93f14abeb4e14e72a55a235fcdb0f2061985df3d52ea9d4a9648e460d9be972fedbc3afef4951fb3043b2b3758f898a78c2c16ed2,,,4/2/2022 18:17,30,TRAFFIC SIGNAL,FUNCTIONING PROPERLY,RAIN,DUSK,SIDESWIPE SAME DIRECTION,NOT DIVIDED,,STRAIGHT AND LEVEL,WET,NO DEFECTS,ON SCENE,NO INJURY / DRIVE AWAY,,,,"$501 - $1,500",4/2/2022 18:19,UNABLE TO DETERMINE,UNABLE TO DETERMINE,1117,W,WILSON AVE,1913,,,,,,,2,NO INDICATION OF INJURY,0,0,0,0,0,2,0,18,7,4,41.96528056,-87.6581641,POINT (-87.658164101098 41.965280561234)
25a270c376a59bf948162c74958e51ddd8d730190ca9d4eff200535601ea07ba8bdd237e953965e85686cde343dea702c3c6e7bdcec6aa4271366a5d9119c3c8,,,4/9/2022 4:30,30,NO CONTROLS,NO CONTROLS,UNKNOWN,UNKNOWN,PARKED MOTOR VEHICLE,NOT DIVIDED,,STRAIGHT AND LEVEL,UNKNOWN,NO DEFECTS,NOT ON SCENE (DESK REPORT),NO INJURY / DRIVE AWAY,,,Y,"OVER $1,500",4/9/2022 13:30,UNABLE TO DETERMINE,NOT APPLICABLE,8235,S,ASHLAND AVE,614,,,,,,,2,NO INDICATION OF INJURY,0,0,0,0,0,1,0,4,7,4,41.74384697,-87.66312706,POINT (-87.663127055157 41.743846974078)
20ab3daf1dd052f3095102e753cad4d11ebcf2d5fb2a8a6da8547083d26590b976e8b708a3566ffb9ad22401914345fd94cf3738e568858e4cbe8215289015eb,,Y,4/3/2022 21:00,30,TRAFFIC SIGNAL,NO CONTROLS,CLEAR,"DARKNESS, LIGHTED ROAD",REAR END,DIVIDED - W/MEDIAN (NOT RAISED),,STRAIGHT AND LEVEL,DRY,NO DEFECTS,ON SCENE,NO INJURY / DRIVE AWAY,,,Y,"OVER $1,500",4/3/2022 21:10,UNABLE TO DETERMINE,UNABLE TO DETERMINE,9459,S,STONY ISLAND AVE,413,,,,,,,2,NO INDICATION OF INJURY,0,0,0,0,0,2,0,21,1,4,41.72238669,-87.5849837,POINT (-87.584983700227 41.722386686132)
78131ecfa016bc8eb3f1168f5446520c58206e47a9530546fab9161b71558d6683167985ec19515db144926103baba70a91c0d2e80fa668d5377205f3f513b21,,,4/2/2022 23:00,30,NO CONTROLS,NO CONTROLS,CLEAR,"DARKNESS, LIGHTED ROAD",SIDESWIPE SAME DIRECTION,ONE-WAY,,STRAIGHT AND LEVEL,WET,NO DEFECTS,NOT ON SCENE (DESK REPORT),NO INJURY / DRIVE AWAY,,,,"OVER $1,500",4/2/2022 23:30,UNABLE TO DETERMINE,NOT APPLICABLE,3817,N,AVONDALE AVE,1732,,,,,,,2,NO INDICATION OF INJURY,0,0,0,0,0,2,0,23,7,4,41.95060304,-87.72679017,POINT (-87.726790166987 41.950603042015)
9ef49cff479cee6a4a49020152695dd3fa514f8427ad150751f0ae9b41d1ce8218750361c21172fbc8df77bc5a5185d26188498046ee65c31581e15265929e1e,,Y,4/2/2022 23:00,30,NO CONTROLS,NO CONTROLS,UNKNOWN,"DARKNESS, LIGHTED ROAD",PARKED MOTOR VEHICLE,ONE-WAY,,STRAIGHT AND LEVEL,UNKNOWN,UNKNOWN,NOT ON SCENE (DESK REPORT),NO INJURY / DRIVE AWAY,,,Y,"OVER $1,500",4/3/2022 9:45,UNABLE TO DETERMINE,UNABLE TO DETERMINE,4621,N,ST LOUIS AVE,1723,,,,,,,2,NO INDICATION OF INJURY,0,0,0,0,0,1,0,23,7,4,41.96537655,-87.71557095,POINT (-87.715570954404 41.965376547071)
db378a275922bdbf5b6d682cf41d1e77ff648e92ba45ef68e09b40cd83a1649aa6affe960d0c83ccd674908574bf63b02ede6bbb4fdc450b47160d05c3aef5e7,,,4/3/2022 11:10,10,NO CONTROLS,NO CONTROLS,CLEAR,DAYLIGHT,PARKED MOTOR VEHICLE,PARKING LOT,,STRAIGHT AND LEVEL,DRY,NO DEFECTS,NOT ON SCENE (DESK REPORT),NO INJURY / DRIVE AWAY,,Y,,"OVER $1,500",4/3/2022 12:29,DRIVING SKILLS/KNOWLEDGE/EXPERIENCE,NOT APPLICABLE,509,N,PESHTIGO CT,1834,,,,,,,2,NO INDICATION OF INJURY,0,0,0,0,0,1,0,11,1,4,41.89142322,-87.61503569,POINT (-87.615035690348 41.891423217016)
11e2bffd7b3b1453ba93c5cff4d91ead830f8e39701dbb76e87a59bb04be0b5465c1e8c88509661da69ac9744099c1bbf7f90d5c82c44f442c643cacfcbb41ce,,,4/3/2022 4:56,20,STOP SIGN/FLASHER,NO CONTROLS,RAIN,"DARKNESS, LIGHTED ROAD",ANGLE,ONE-WAY,,STRAIGHT AND LEVEL,WET,NO DEFECTS,ON SCENE,INJURY AND / OR TOW DUE TO CRASH,Y,,Y,"OVER $1,500",4/3/2022 4:58,DISREGARDING STOP SIGN,FAILING TO REDUCE SPEED TO AVOID CRASH,3701,W,SCHOOL ST,1732,,,,,,,3,,,,,,,,,4,1,4,41.94089542,-87.71996224,POINT (-87.719962238381 41.940895419956)
12cf3c97aa12264459afc300d685df12b9701bf4787d248ff05317f951322a311549d218a776239f9c802670853af1a960fa2bc1172823f7ffb8438fec26ecff,JF180610,,3/20/2022 17:15,25,STOP SIGN/FLASHER,FUNCTIONING PROPERLY,CLEAR,DAYLIGHT,ANGLE,FOUR WAY,,STRAIGHT AND LEVEL,DRY,NO DEFECTS,ON SCENE,NO INJURY / DRIVE AWAY,Y,,,"OVER $1,500",3/20/2022 17:23,FAILING TO YIELD RIGHT-OF-WAY,UNABLE TO DETERMINE,5527,W,BRYN MAWR AVE,1623,,,,,,,2,NO INDICATION OF INJURY,0,0,0,0,0,4,0,17,1,3,41.98283474,-87.76706289,POINT (-87.767062888795 41.982834739448)
0c62018300ae0169d3e1d0808a08240f53df8b7ac6a7006a883eae4257f52f2362fb82d9d9e217d50db235b2785342fde6f65555b14e40e561155f160162a312,JF179766,,3/19/2022 20:39,30,NO CONTROLS,NO CONTROLS,RAIN,"DARKNESS, LIGHTED ROAD",PEDALCYCLIST,PARKING LOT,,STRAIGHT AND LEVEL,WET,NO DEFECTS,ON SCENE,INJURY AND / OR TOW DUE TO CRASH,,,,$500 OR LESS,3/19/2022 20:40,UNABLE TO DETERMINE,UNABLE TO DETERMINE,6709,W,ARCHER AVE,811,,,,,,,2,"REPORTED, NOT EVIDENT",1,0,0,0,1,1,0,20,7,3,41.7920854,-87.78952752,POINT (-87.789527516182 41.792085400173)
81530fd7febf2dfb8d6903000eb4cd55f912d25e6a20a922d331148906601cbad80005a5b44a6a73ff46d92709a1a626ebcf0fca18d56205de6c764c8c624035,,,4/9/2022 1:00,35,TRAFFIC SIGNAL,FUNCTIONING PROPERLY,SNOW,"DARKNESS, LIGHTED ROAD",TURNING,TRAFFIC ROUTE,,STRAIGHT AND LEVEL,SNOW OR SLUSH,UNKNOWN,ON SCENE,INJURY AND / OR TOW DUE TO CRASH,Y,,,"$501 - $1,500",4/9/2022 1:00,UNABLE TO DETERMINE,NOT APPLICABLE,698,S,CICERO AVE,1533,,N,,,,,2,NONINCAPACITATING INJURY,1,0,0,1,0,1,0,1,7,4,41.87208214,-87.74507954,POINT (-87.745079535402 41.87208213885)
f393be39d283e3dc7e62faece93bab5f5d0507728fce2f019c3ee21baeb2a6643769ec491a7e61f27e6025c05aa680ee33a6aadd051e2159983333fd69af4d58,,,4/8/2022 16:00,35,TRAFFIC SIGNAL,FUNCTIONING PROPERLY,CLOUDY/OVERCAST,DAYLIGHT,ANGLE,DIVIDED - W/MEDIAN (NOT RAISED),,STRAIGHT AND LEVEL,OTHER,UNKNOWN,NOT ON SCENE (DESK REPORT),NO INJURY / DRIVE AWAY,,,,"$501 - $1,500",4/8/2022 17:00,UNABLE TO DETERMINE,NOT APPLICABLE,9515,S,WESTERN AVE,2213,,,,,,,2,NO INDICATION OF INJURY,0,0,0,0,0,2,0,16,6,4,41.72045192,-87.68190194,POINT (-87.681901942968 41.72045191616)
68fb6c4e209b93ae91c6af588a574b64363a9a6f08cef8527e60c85dc0e8b72a333b49d8d8463efb61c5133d20c949f71a2f7151e3db93e4c17ea1b7daf3102a,JE330358,,8/8/2021 10:10,20,NO CONTROLS,NO CONTROLS,CLEAR,DAYLIGHT,PARKED MOTOR VEHICLE,PARKING LOT,,STRAIGHT AND LEVEL,DRY,NO DEFECTS,,NO INJURY / DRIVE AWAY,,,Y,"$501 - $1,500",8/8/2021 11:00,UNABLE TO DETERMINE,NOT APPLICABLE,4139,W,63RD ST,813,,,,,,,2,NO INDICATION OF INJURY,0,0,0,0,0,1,0,10,1,8,41.77849967,-87.72673559,POINT (-87.726735587086 41.778499670605)
cee9da06a0039e42030b5321e1d816154b1606f5deaf8f85ea3243e8e644ac196965cffa92d296d847642410d3d08469046fdcdfae352bc55e95c3744d542012,,,4/3/2022 13:20,40,NO CONTROLS,NO CONTROLS,CLEAR,DAYLIGHT,FIXED OBJECT,DIVIDED - W/MEDIAN BARRIER,,STRAIGHT AND LEVEL,DRY,NO DEFECTS,NOT ON SCENE (DESK REPORT),NO INJURY / DRIVE AWAY,,,,"$501 - $1,500",4/3/2022 14:20,UNABLE TO DETERMINE,NOT APPLICABLE,4180,N,LAKE SHORE DR SB,1915,,,,,,,1,NO INDICATION OF INJURY,0,0,0,0,0,2,0,13,1,4,41.95840195,-87.64620197,POINT (-87.646201972275 41.958401948152)
36a92d41cc42a5dbeff0041a0f9d03e556c0a075365e280ed2942e560f71d5755171802e5d1f11592b0767cbb4b6f69d9fda266bacd13b047f0ae136cd8ff37c,,,4/2/2022 20:05,40,NO CONTROLS,NO CONTROLS,CLEAR,"DARKNESS, LIGHTED ROAD",SIDESWIPE SAME DIRECTION,OTHER,,STRAIGHT AND LEVEL,DRY,NO DEFECTS,NOT ON SCENE (DESK REPORT),NO INJURY / DRIVE AWAY,,,Y,"$501 - $1,500",4/2/2022 21:00,UNABLE TO DETERMINE,UNABLE TO DETERMINE,150,N,LAKE SHORE DR NB,114,,,,,,,2,NO INDICATION OF INJURY,0,0,0,0,0,2,0,20,7,4,41.88434876,-87.61454978,POINT (-87.614549778133 41.884348763505)
68db3b0086612fa08a5eebebcefc02f7793630ec576b76b9a6f7ed9df69716838f4cfd0d8e7fefc71bde2b93cc6dc3f58ec495e0e9e4844e06a3e72cc9e9334f,,,4/2/2022 13:15,30,NO CONTROLS,NO CONTROLS,RAIN,DAYLIGHT,PARKED MOTOR VEHICLE,NOT DIVIDED,,STRAIGHT AND LEVEL,WET,NO DEFECTS,ON SCENE,INJURY AND / OR TOW DUE TO CRASH,,,Y,"OVER $1,500",4/2/2022 13:15,"OPERATING VEHICLE IN ERRATIC, RECKLESS, CARELESS, NEGLIGENT OR AGGRESSIVE MANNER",NOT APPLICABLE,6830,N,SHERIDAN RD,2431,,,,,,,3,NO INDICATION OF INJURY,0,0,0,0,0,3,0,13,7,4,42.00649643,-87.66135879,POINT (-87.661358791829 42.006496425428)
02f05917de2f994bd76e3e5ce7b7852626f351b54204a37c9c3512b823f3bc4bf7013204dae29e921ea3e4257969c2147d331092c657be57b1ce73fbd95a3a39,JF180838,Y,3/20/2022 21:15,30,NO CONTROLS,NO CONTROLS,CLEAR,"DARKNESS, LIGHTED ROAD",SIDESWIPE SAME DIRECTION,NOT DIVIDED,,STRAIGHT AND LEVEL,DRY,NO DEFECTS,ON SCENE,NO INJURY / DRIVE AWAY,,,Y,"OVER $1,500",3/20/2022 21:25,IMPROPER OVERTAKING/PASSING,NOT APPLICABLE,1529,W,83RD ST,614,,,,,,,2,NO INDICATION OF INJURY,0,0,0,0,0,2,0,21,1,3,41.74298157,-87.66189544,POINT (-87.661895437695 41.742981567505)
13150d655eaa367e120eab339c538fed9c972d12a2dc7b4ffe8964da593cb12689f811313ce07bbf5e3143ae9b7db596aedd33cba5e5ff59ca2dec0f524b51fb,JF180490,,3/20/2022 15:25,30,NO CONTROLS,NO CONTROLS,CLEAR,DAYLIGHT,REAR END,DIVIDED - W/MEDIAN (NOT RAISED),,STRAIGHT AND LEVEL,DRY,NO DEFECTS,NOT ON SCENE (DESK REPORT),NO INJURY / DRIVE AWAY,,,,"OVER $1,500",3/20/2022 15:40,FOLLOWING TOO CLOSELY,UNABLE TO DETERMINE,9802,S,HALSTED ST,2223,,,,,,,2,NO INDICATION OF INJURY,0,0,0,0,0,4,0,15,1,3,41.71580477,-87.64320825,POINT (-87.643208253244 41.715804770128)
8e6aed09cb11f91bcad02983806051077ecb2e9f97fba02aa88c3a609b188d44106fae7ef22d1be1e6c391ed19887535c25df00fe7836761018f6afad36df146,JF180499,,3/20/2022 15:03,30,NO CONTROLS,NO CONTROLS,CLEAR,DAYLIGHT,SIDESWIPE SAME DIRECTION,DIVIDED - W/MEDIAN (NOT RAISED),,STRAIGHT AND LEVEL,DRY,NO DEFECTS,ON SCENE,INJURY AND / OR TOW DUE TO CRASH,,,,"OVER $1,500",3/20/2022 15:45,UNABLE TO DETERMINE,UNABLE TO DETERMINE,4760,N,WESTERN AVE,1911,,,,,,,2,NO INDICATION OF INJURY,0,0,0,0,0,5,0,15,1,3,41.96852031,-87.68905164,POINT (-87.689051642353 41.968520309915)
a25858db1ff2f2667895248a399210d41d1b09f1069d4b18f16bbf5afe354678560816bea54d1eafc95a82ae7bd97a23eda4d0623b2d726072f98d0395a0ceb4,,Y,4/9/2022 16:00,35,UNKNOWN,UNKNOWN,UNKNOWN,UNKNOWN,PARKED MOTOR VEHICLE,NOT DIVIDED,,STRAIGHT AND LEVEL,UNKNOWN,UNKNOWN,NOT ON SCENE (DESK REPORT),NO INJURY / DRIVE AWAY,,,Y,"OVER $1,500",4/9/2022 21:23,UNABLE TO DETERMINE,UNABLE TO DETERMINE,10,S,MAYFIELD AVE,1513,,,,,,,2,NO INDICATION OF INJURY,0,0,0,0,0,1,0,16,7,4,41.87982944,-87.77153235,POINT (-87.771532344523 41.879829437531)
1b405ee1e5661a6e155c81587fa5c8854d0115b0a1e72adf1f7f6edda875e53350949424ff953067de80a86efa7fcf7a3e3ea41fa6a2470a925cf62a3f25f633,,,4/8/2022 21:25,30,TRAFFIC SIGNAL,FUNCTIONING PROPERLY,RAIN,"DARKNESS, LIGHTED ROAD",SIDESWIPE SAME DIRECTION,ONE-WAY,,STRAIGHT AND LEVEL,WET,NO DEFECTS,NOT ON SCENE (DESK REPORT),NO INJURY / DRIVE AWAY,,,,"OVER $1,500",4/9/2022 19:40,NOT APPLICABLE,NOT APPLICABLE,400,E,RANDOLPH ST,114,,,,,,,2,NO INDICATION OF INJURY,0,0,0,0,0,2,0,21,6,4,41.88464637,-87.6172485,POINT (-87.617248496239 41.884646365435)
3adf4d022b5e299ad102453024ab8898558ecb4ff8b356c805057729c9bf5c10082efba166832e889b7fc91bb47b4140ac051b58876e5d9bd36cd876e67b054e,,,4/8/2022 12:00,30,TRAFFIC SIGNAL,FUNCTIONING PROPERLY,CLOUDY/OVERCAST,DAYLIGHT,TURNING,FOUR WAY,,STRAIGHT AND LEVEL,WET,NO DEFECTS,NOT ON SCENE (DESK REPORT),NO INJURY / DRIVE AWAY,,,,"OVER $1,500",4/8/2022 12:35,IMPROPER TURNING/NO SIGNAL,UNABLE TO DETERMINE,99,N,HAMLIN BLVD,1122,,,,,,,2,NO INDICATION OF INJURY,0,0,0,0,0,3,0,12,6,4,41.88184401,-87.72067165,POINT (-87.720671648306 41.881844011542)
576f242519f6edc645476a9d876545e236605e2c49ac69f857de1d48cc39ed7b109462e97d86c61804f45c45ce21ff447ceb36fef4380cfa327a926c56325954,,,4/8/2022 10:50,30,NO CONTROLS,NO CONTROLS,RAIN,DAYLIGHT,PARKED MOTOR VEHICLE,NOT DIVIDED,,STRAIGHT AND LEVEL,WET,NO DEFECTS,NOT ON SCENE (DESK REPORT),NO INJURY / DRIVE AWAY,,,Y,"OVER $1,500",4/8/2022 11:05,UNABLE TO DETERMINE,NOT APPLICABLE,4477,W,LAWRENCE AVE,1722,,,,,,,2,NO INDICATION OF INJURY,0,0,0,0,0,1,0,10,6,4,41.9679907,-87.74097592,POINT (-87.74097591637 41.967990698864)
45b2347d1f0c8000c91b7dce9ae637740c1cca13225d9ec712401d64a0e1039b9c122e1efe3bc7e0b8766c8f508de6827ce85872f7e918054168a9947b7da802,,,4/8/2022 19:10,5,NO CONTROLS,NO CONTROLS,RAIN,DUSK,PARKED MOTOR VEHICLE,PARKING LOT,,STRAIGHT AND LEVEL,WET,NO DEFECTS,NOT ON SCENE (DESK REPORT),INJURY AND / OR TOW DUE TO CRASH,,Y,,"OVER $1,500",4/8/2022 19:16,FAILING TO REDUCE SPEED TO AVOID CRASH,FAILING TO REDUCE SPEED TO AVOID CRASH,3759,W,CHICAGO AVE,1112,,,,,,,2,NO INDICATION OF INJURY,0,0,0,0,0,1,0,19,6,4,41.89530385,-87.7211291,POINT (-87.721129103593 41.895303846381)
1f43e1208660b4bee7c2fbb899730041d77aaa8005301c29f87b5187cc8b1901024ac6f24a8a1eb8630456a48d451106c75185a6ecbf2487aa336ec8e81ca599,JF178303,,3/18/2022 12:56,30,NO CONTROLS,UNKNOWN,CLEAR,UNKNOWN,PARKED MOTOR VEHICLE,UNKNOWN,,STRAIGHT AND LEVEL,UNKNOWN,UNKNOWN,ON SCENE,NO INJURY / DRIVE AWAY,,,Y,$500 OR LESS,3/18/2022 13:28,UNABLE TO DETERMINE,UNABLE TO DETERMINE,4940,S,ST LAWRENCE AVE,223,,,,,,,2,NO INDICATION OF INJURY,0,0,0,0,0,1,0,12,6,3,41.80459922,-87.61148913,POINT (-87.611489128478 41.804599221886)
2ed3f891130c32531adbb9339fc59e3922b731bf834c232dec6a95f41cea50ef2eb61d1b3107b0116f4316028a91cb0d8b80c04ad293b4f3d4b2e30244c17634,JF179765,,3/19/2022 19:45,30,TRAFFIC SIGNAL,FUNCTIONING PROPERLY,RAIN,"DARKNESS, LIGHTED ROAD",ANGLE,T-INTERSECTION,,STRAIGHT AND LEVEL,WET,UNKNOWN,ON SCENE,NO INJURY / DRIVE AWAY,Y,,,"OVER $1,500",3/19/2022 20:50,UNABLE TO DETERMINE,DRIVING SKILLS/KNOWLEDGE/EXPERIENCE,650,W,ROOSEVELT RD,1232,,,,,,,2,NO INDICATION OF INJURY,0,0,0,0,0,3,0,19,7,3,41.86730004,-87.64431132,POINT (-87.644311315991 41.867300042804)
168ad72baf8eca4771b2c80b40a3c4766034444441a778ed6cb37d26ba47b4582f4031f0d0ff4391f979170f60ad7aa549f88470980d373c558c828d0c5ed785,JF180190,,3/20/2022 10:00,20,TRAFFIC SIGNAL,FUNCTIONING PROPERLY,CLEAR,DAYLIGHT,REAR END,NOT DIVIDED,,STRAIGHT AND LEVEL,DRY,NO DEFECTS,ON SCENE,NO INJURY / DRIVE AWAY,Y,,,"OVER $1,500",3/20/2022 10:00,CELL PHONE USE OTHER THAN TEXTING,NOT APPLICABLE,11500,S,INDIANA AVE,532,,,,,,,2,NO INDICATION OF INJURY,0,0,0,0,0,4,0,10,1,3,41.68529755,-87.61819027,POINT (-87.618190271775 41.685297554005)
3ab9bdc9bc36e6fc972a4ae7b035c8e75c412fc5b44e220825ae4f1317d08a601095a80bb384a252fc46a0719b95efa37236d01a4f4b6827c666c4b1093fb527,JF180889,,3/20/2022 23:39,30,NO CONTROLS,NO CONTROLS,CLEAR,"DARKNESS, LIGHTED ROAD",PARKED MOTOR VEHICLE,NOT DIVIDED,,STRAIGHT AND LEVEL,DRY,NO DEFECTS,ON SCENE,INJURY AND / OR TOW DUE TO CRASH,,,,"OVER $1,500",3/20/2022 23:42,UNDER THE INFLUENCE OF ALCOHOL/DRUGS (USE WHEN ARREST IS EFFECTED),NOT APPLICABLE,2024,N,PULASKI RD,2525,,,,,,,2,NO INDICATION OF INJURY,0,0,0,0,0,1,0,23,1,3,41.91791376,-87.7267314,POINT (-87.7267313991 41.917913762285)
cb8a2fb49a710c82fc06507b05798e5508a69dff792d965d5149742f407f79f0c2b99b0811332aeb25a01ea5510f948d83f692b2355b9c575795769a8085d4ec,JF180384,,3/20/2022 13:10,30,NO CONTROLS,NO CONTROLS,CLEAR,DAYLIGHT,PARKED MOTOR VEHICLE,TRAFFIC ROUTE,,STRAIGHT AND LEVEL,DRY,NO DEFECTS,ON SCENE,NO INJURY / DRIVE AWAY,,,,"$501 - $1,500",3/20/2022 13:40,UNABLE TO DETERMINE,UNABLE TO DETERMINE,1200,S,LAKE SHORE DR E,132,,,,,,,2,NO INDICATION OF INJURY,0,0,0,0,0,1,0,13,1,3,41.86744611,-87.61890449,POINT (-87.618904488078 41.867446111851)