CRASH_RECORD_ID,RD_NO,CRASH_DATE_EST_I,CRASH_DATE,POSTED_SPEED_LIMIT,TRAFFIC_CONTROL_DEVICE,DEVICE_CONDITION,WEATHER_CONDITION,LIGHTING_CONDITION,FIRST_CRASH_TYPE,TRAFFICWAY_TYPE,LANE_CNT,ALIGNMENT,ROADWAY_SURFACE_COND,ROAD_DEFECT,REPORT_TYPE,CRASH_TYPE,INTERSECTION_RELATED_I,NOT_RIGHT_OF_WAY_I,HIT_AND_RUN_I,DAMAGE,DATE_POLICE_NOTIFIED,PRIM_CONTRIBUTORY_CAUSE,SEC_CONTRIBUTORY_CAUSE,STREET_NO,STREET_DIRECTION,STREET_NAME,BEAT_OF_OCCURRENCE,PHOTOS_TAKEN_I,STATEMENTS_TAKEN_I,DOORING_I,WORK_ZONE_I,WORK_ZONE_TYPE,WORKERS_PRESENT_I,NUM_UNITS,MOST_SEVERE_INJURY,INJURIES_TOTAL,INJURIES_FATAL,INJURIES_INCAPACITATING,INJURIES_NON_INCAPACITATING,INJURIES_REPORTED_NOT_EVIDENT,INJURIES_NO_INDICATION,INJURIES_UNKNOWN,CRASH_HOUR,CRASH_DAY_OF_WEEK,CRASH_MONTH,LATITUDE,LONGITUDE,LOCATION
e93799ba605f85a2be3ea8a6f113c34b7e46b58696957b0549876836b6abd6c7a732ec34205a2b488a9b2c8c0c2ed5aeea29b55bd8623063683edf4b79e11f76,JF180316,,3/20/2022 11:51,30,NO CONTROLS,NO CONTROLS,CLEAR,DAYLIGHT,FIXED OBJECT,NOT DIVIDED,,STRAIGHT AND LEVEL,DRY,NO DEFECTS,ON SCENE,INJURY AND / OR TOW DUE TO CRASH,,,,"OVER $1,500",3/20/2022 12:22,DISTRACTION - FROM OUTSIDE VEHICLE,NOT APPLICABLE,512,W,POLK ST,124,,,,,,,1,NO INDICATION OF INJURY,0,0,0,0,0,1,0,11,1,3,41.87213026,-87.63997981,POINT (-87.639979808017 41.872130262926)
f8b9d0a39ca9109ce9351994cd95909892946337684795ba2c4bc4e9c2a72ee9e84e3c9e9389873710c915b8e0641a3399acd57fa096ba1166a804a572ccbc21,JF180336,,3/20/2022 12:00,35,NO CONTROLS,NO CONTROLS,CLEAR,DAYLIGHT,SIDESWIPE SAME DIRECTION,OTHER,,STRAIGHT AND LEVEL,DRY,NO DEFECTS,NOT ON SCENE (DESK REPORT),NO INJURY / DRIVE AWAY,,,,"OVER $1,500",3/20/2022 12:57,DRIVING SKILLS/KNOWLEDGE/EXPERIENCE,NOT APPLICABLE,5700,S,CICERO AVE,813,,,,,,,2,NO INDICATION OF INJURY,0,0,0,0,0,2,0,12,1,3,41.78932932,-87.74164564,POINT (-87.741645644196 41.789329323265)
cee6b0d3245c3700f26393be2eaca388cad21afb6a3b159e87a45c37b2b7c094ad45709bfcbcee14a6382a853fee12ed80d2867ee8c9e9e450d1ffa86e7ce2a6,,,4/9/2022 13:40,25,TRAFFIC SIGNAL,FUNCTIONING PROPERLY,CLEAR,DAYLIGHT,TURNING,NOT DIVIDED,,STRAIGHT AND LEVEL,DRY,NO DEFECTS,NOT ON SCENE (DESK REPORT),NO INJURY / DRIVE AWAY,,,,"$501 - $1,500",4/9/2022 19:00,FAILING TO YIELD RIGHT-OF-WAY,FAILING TO YIELD RIGHT-OF-WAY,2100,S,INDIANA AVE,132,,,,,,,2,NO INDICATION OF INJURY,0,0,0,0,0,2,0,13,7,4,41.85423551,-87.62239968,POINT (-87.622399682349 41.854235513986)
5bf47295933ecb38792d96a55fd2e314b9aa56bbd1e96ee1d4fd7b6643fb34a165b852f9039b7d70cc4ad68e22512a04efde59b09813801911e87e4b994c90e2,,,4/9/2022 2:34,30,TRAFFIC SIGNAL,FUNCTIONING PROPERLY,RAIN,"DARKNESS, LIGHTED ROAD",FIXED OBJECT,DIVIDED - W/MEDIAN (NOT RAISED),,STRAIGHT AND LEVEL,WET,NO DEFECTS,ON SCENE,INJURY AND / OR TOW DUE TO CRASH,,,,"OVER $1,500",4/9/2022 2:36,UNABLE TO DETERMINE,UNABLE TO DETERMINE,36,E,47TH ST,215,,,,,,,1,"REPORTED, NOT EVIDENT",1,0,0,0,1,2,0,2,7,4,41.80937045,-87.62454247,POINT (-87.624542468507 41.809370447115)
92b8af20befc6127734e93349998d50e9a2dd0a5b9be63b337c98bd0cf9f53139f0de293a30d271967b90223e01e8dfe5a3c42a7e52e312c6edd2c54269454f8,,,4/9/2022 11:37,20,OTHER,NO CONTROLS,CLOUDY/OVERCAST,DAYLIGHT,PARKED MOTOR VEHICLE,ONE-WAY,,STRAIGHT AND LEVEL,DRY,NO DEFECTS,ON SCENE,INJURY AND / OR TOW DUE TO CRASH,,,,"$501 - $1,500",4/9/2022 12:00,DISREGARDING OTHER TRAFFIC SIGNS,NOT APPLICABLE,4848,N,WINTHROP AVE,2033,Y,Y,,,,,2,NO INDICATION OF INJURY,0,0,0,0,0,2,0,11,7,4,41.970484,-87.65780619,POINT (-87.65780618897 41.970484002516)
2448e70e66b8a36df130c3842e055bde46fd0a9826213bafa30b17e982e55ca03082d2a284873f62286523c724fa14f43b8b7a2f3d5f9684cb4127a189522f2c,,,4/9/2022 12:08,35,NO CONTROLS,NO CONTROLS,CLOUDY/OVERCAST,DAYLIGHT,SIDESWIPE SAME DIRECTION,DIVIDED - W/MEDIAN (NOT RAISED),,STRAIGHT AND LEVEL,DRY,NO DEFECTS,ON SCENE,NO INJURY / DRIVE AWAY,,,Y,"OVER $1,500",4/9/2022 12:10,FAILING TO REDUCE SPEED TO AVOID CRASH,NOT APPLICABLE,10902,S,HALSTED ST,2233,,,,,,,2,NO INDICATION OF INJURY,0,0,0,0,0,2,0,12,7,4,41.69584757,-87.64263372,POINT (-87.642633717837 41.695847570231)
b09a3969f0b31ea44034d58eee02fdc4f7d42c15bbcd3788798b714bdea195754915b6c6afdd2577bb42e33b399760b271679aac714d3e43c678e7e9349270d9,,,4/8/2022 17:50,30,NO CONTROLS,NO CONTROLS,FREEZING RAIN/DRIZZLE,DAYLIGHT,REAR END,DIVIDED - W/MEDIAN (NOT RAISED),,STRAIGHT AND LEVEL,SNOW OR SLUSH,NO DEFECTS,ON SCENE,INJURY AND / OR TOW DUE TO CRASH,,,,"OVER $1,500",4/8/2022 17:52,WEATHER,UNABLE TO DETERMINE,3314,W,MARQUETTE RD,831,,,,,,,4,NONINCAPACITATING INJURY,1,0,0,1,0,4,0,17,6,4,41.77173611,-87.70603429,POINT (-87.706034292048 41.771736107861)
e86578b491eac681bdc3b38e910bb5ff55b1be158147179b43b242891a8b9d885195cf4de74c54ec174aa91ac1024d0a66bd79bfbeada6a5c9553272537648cc,,N,4/8/2022 14:52,30,TRAFFIC SIGNAL,FUNCTIONING PROPERLY,CLEAR,DAWN,TURNING,DIVIDED - W/MEDIAN (NOT RAISED),,STRAIGHT AND LEVEL,DRY,NO DEFECTS,ON SCENE,NO INJURY / DRIVE AWAY,Y,,,"OVER $1,500",4/8/2022 14:52,UNABLE TO DETERMINE,UNABLE TO DETERMINE,300,N,SACRAMENTO BLVD,1222,,,,,,,2,NO INDICATION OF INJURY,0,0,0,0,0,4,0,14,6,4,41.88653325,-87.70150793,POINT (-87.701507931769 41.886533253902)
62b2ce18c619e9357d1de17d2e499d2da8ce333eef24e08857255ed6665cf5f20f3ea8d0398de0abb4666586c7220b9fbe3531057e2e28d1113c93762cceb7ce,,Y,4/9/2022 15:15,30,STOP SIGN/FLASHER,FUNCTIONING PROPERLY,CLEAR,DAYLIGHT,ANGLE,DIVIDED - W/MEDIAN (NOT RAISED),,STRAIGHT AND LEVEL,DRY,NO DEFECTS,NOT ON SCENE (DESK REPORT),INJURY AND / OR TOW DUE TO CRASH,Y,,,"OVER $1,500",4/9/2022 16:00,IMPROPER OVERTAKING/PASSING,NOT APPLICABLE,7200,S,STONY ISLAND AVE,324,,,,,,,2,NONINCAPACITATING INJURY,1,0,0,1,0,2,0,15,7,4,41.7641858,-87.58642639,POINT (-87.586426389081 41.764185795037)
94d6f32b2a5b94b0214135e8c72e5f19ef48170368aedb5dbc7837eb0721ed648a6850161633e8fe87fe72465dc85296a7ffbdcca8b2de3e11a937c5309de95a,,,4/9/2022 6:45,30,NO CONTROLS,NO CONTROLS,SNOW,DAYLIGHT,REAR END,DIVIDED - W/MEDIAN BARRIER,,"CURVE, LEVEL",WET,NO DEFECTS,ON SCENE,NO INJURY / DRIVE AWAY,,,Y,"OVER $1,500",4/9/2022 6:50,UNABLE TO DETERMINE,NOT APPLICABLE,1000,N,LAKE SHORE DR NB,1824,,,,,,,2,NO INDICATION OF INJURY,0,0,0,0,0,5,0,6,7,4,41.90095892,-87.61992817,POINT (-87.619928173678 41.900958919109)
ec2633e5487e42976a70dc889dd1f2b3e31c69f98608ab90eaceebf980b83c23ffbf3f48916b983a2fbb75dc086e4b518179d461441c0d7c9a1f3cae8a6e6911,,,4/8/2022 20:40,30,TRAFFIC SIGNAL,FUNCTIONING PROPERLY,RAIN,"DARKNESS, LIGHTED ROAD",SIDESWIPE OPPOSITE DIRECTION,NOT DIVIDED,,STRAIGHT AND LEVEL,WET,NO DEFECTS,ON SCENE,INJURY AND / OR TOW DUE TO CRASH,Y,,,"OVER $1,500",4/8/2022 20:45,FAILING TO REDUCE SPEED TO AVOID CRASH,UNABLE TO DETERMINE,4800,W,ARMITAGE AVE,2522,,,,,,,2,NO INDICATION OF INJURY,0,0,0,0,0,2,0,20,6,4,41.91704199,-87.7461761,POINT (-87.746176094647 41.91704199202)
549a9f4621437ce4107d9cd842d271894c7e51ff9cd59ad3f99348bc048dadcb0063442eddd8514e8503255ed04ef9343d9116741996bbacdeb81eabea999c22,JF179269,Y,3/19/2022 12:00,25,NO CONTROLS,NO CONTROLS,CLEAR,DAYLIGHT,PARKED MOTOR VEHICLE,NOT DIVIDED,,STRAIGHT AND LEVEL,UNKNOWN,UNKNOWN,ON SCENE,INJURY AND / OR TOW DUE TO CRASH,,,Y,"OVER $1,500",3/19/2022 12:02,UNABLE TO DETERMINE,NOT APPLICABLE,3406,N,ASHLAND AVE,1922,,,,,,,2,NO INDICATION OF INJURY,0,0,0,0,0,1,0,12,7,3,41.94360207,-87.66891733,POINT (-87.668917326564 41.943602071961)
41a2d068d8b9596cc54bcd1b63b01e530df152ba978a4dcdf0bafb93b781354b9fabec74354617a6a142672b4e7b1646ecab07ac628b07c37889879139cbcea2,JF180090,,3/20/2022 6:15,15,NO CONTROLS,NO CONTROLS,CLEAR,"DARKNESS, LIGHTED ROAD",PARKED MOTOR VEHICLE,ONE-WAY,,STRAIGHT AND LEVEL,DRY,NO DEFECTS,ON SCENE,INJURY AND / OR TOW DUE TO CRASH,,,Y,"OVER $1,500",3/20/2022 6:19,UNABLE TO DETERMINE,UNABLE TO DETERMINE,4921,N,HAMLIN AVE,1712,,,,,,,5,NO INDICATION OF INJURY,0,0,0,0,0,1,0,6,1,3,41.97077536,-87.72306293,POINT (-87.723062934074 41.970775354789)
434e15f61bc91598444c14df18f7b8fde335073bb5e3f78b7344b75d314587c75c972f5a0ae55c87212c8314a15d58f4d102f55916ee55da7e0bd1c3b716f16a,JF180576,,3/20/2022 16:36,30,TRAFFIC SIGNAL,FUNCTIONING PROPERLY,CLEAR,DAWN,ANGLE,NOT DIVIDED,,STRAIGHT AND LEVEL,DRY,NO DEFECTS,ON SCENE,INJURY AND / OR TOW DUE TO CRASH,Y,,Y,"OVER $1,500",3/20/2022 16:36,UNABLE TO DETERMINE,DISREGARDING TRAFFIC SIGNALS,5757,W,FULLERTON AVE,2515,,,,,,,3,NO INDICATION OF INJURY,0,0,0,0,0,3,0,16,1,3,41.923798,-87.77071141,POINT (-87.770711405555 41.923798004272)
a9bc6018dfcb1051db39205611116628944b6654bb8fa176834012fc95c3bf5a49704178e885902aa104a0fb8442000ad0b5225e3e2696d0c4a7efe297e1f3ab,,Y,4/9/2022 17:20,30,YIELD,NO CONTROLS,CLEAR,DUSK,ANGLE,T-INTERSECTION,,STRAIGHT AND LEVEL,DRY,NO DEFECTS,ON SCENE,INJURY AND / OR TOW DUE TO CRASH,Y,,Y,"OVER $1,500",4/9/2022 17:31,FAILING TO YIELD RIGHT-OF-WAY,NOT APPLICABLE,1100,S,INDEPENDENCE BLVD,1133,,,,,,,3,NONINCAPACITATING INJURY,2,0,0,2,0,1,0,17,7,4,41.86800199,-87.72032508,POINT (-87.720325076072 41.868001985061)
ee83440f5d7af771f98944b495e527830c9b534f4dbe3d9f0c8af8390ce4f952f5b1f778e2419e93ecdb0424a6a8341f445af9ca0e145c047edd2e9ead13fd82,,,4/9/2022 9:30,35,TRAFFIC SIGNAL,FUNCTIONING PROPERLY,CLOUDY/OVERCAST,DAYLIGHT,TURNING,FOUR WAY,,STRAIGHT AND LEVEL,DRY,UNKNOWN,ON SCENE,INJURY AND / OR TOW DUE TO CRASH,Y,,Y,"OVER $1,500",4/9/2022 10:37,IMPROPER TURNING/NO SIGNAL,UNABLE TO DETERMINE,198,W,GARFIELD BLVD,225,,,,,,,2,NO INDICATION OF INJURY,0,0,0,0,0,2,0,9,7,4,41.794677,-87.63048785,POINT (-87.630487850767 41.79467700255)
6df2240f0b11008f7b2be3d3e0f42e6860766740f4ddc701d4a7be17910e11944d26becb8d1e0f726f3ea7dfa467a4c4b64f37e1cf8f9d0c46ec2da0b99b4628,,,4/9/2022 21:23,45,UNKNOWN,UNKNOWN,UNKNOWN,"DARKNESS, LIGHTED ROAD",SIDESWIPE SAME DIRECTION,OTHER,,STRAIGHT AND LEVEL,UNKNOWN,UNKNOWN,NOT ON SCENE (DESK REPORT),NO INJURY / DRIVE AWAY,,,,"OVER $1,500",4/9/2022 23:00,DRIVING SKILLS/KNOWLEDGE/EXPERIENCE,DRIVING SKILLS/KNOWLEDGE/EXPERIENCE,2400,N,LAKE SHORE DR NB,1935,,,,,,,2,NO INDICATION OF INJURY,0,0,0,0,0,2,0,21,7,4,41.92616072,-87.63151467,POINT (-87.631514664826 41.926160719812)
d881f3aa58a3d49cb41881f29253b5d064311563f3571d7fc88573374888b23cd0611eecd81cc91acb31f9b327cc86044edcd2613e53955483fc9753df7f385b,,,4/9/2022 3:10,30,UNKNOWN,UNKNOWN,UNKNOWN,UNKNOWN,TURNING,UNKNOWN INTERSECTION TYPE,,STRAIGHT AND LEVEL,UNKNOWN,UNKNOWN,NOT ON SCENE (DESK REPORT),NO INJURY / DRIVE AWAY,Y,,Y,"OVER $1,500",4/9/2022 4:45,IMPROPER LANE USAGE,NOT APPLICABLE,1000,S,KOSTNER AVE,1131,,,,,,,2,NO INDICATION OF INJURY,0,0,0,0,0,2,0,3,7,4,41.86895063,-87.73521211,POINT (-87.735212104588 41.868950634211)
6fdb0f6d83124e9ea871be8ab340784e43a88eaa9cc103dd8695803404470f21c909304fca76090e0793396312568cdd99ced0b4c1ad9144c6a1221a2a9c7c2b,,,4/9/2022 15:50,30,NO CONTROLS,NO CONTROLS,CLEAR,DAYLIGHT,PARKED MOTOR VEHICLE,NOT DIVIDED,,STRAIGHT AND LEVEL,DRY,NO DEFECTS,NOT ON SCENE (DESK REPORT),NO INJURY / DRIVE AWAY,,,,"OVER $1,500",4/9/2022 17:00,DRIVING SKILLS/KNOWLEDGE/EXPERIENCE,NOT APPLICABLE,745,E,73RD ST,323,,,,,,,3,NO INDICATION OF INJURY,0,0,0,0,0,1,0,15,7,4,41.76210808,-87.60614164,POINT (-87.606141641149 41.762108075393)
42c604f38a917fc4ab14528b05895ac3dfbc9effae3d3c76224a981aa28e3a10538b9a63bfd0fb6358975d88738fa58ab080c87f3327358e9ccf267eac59b09b,,,4/9/2022 21:00,30,NO CONTROLS,NO CONTROLS,CLEAR,"DARKNESS, LIGHTED ROAD",PARKED MOTOR VEHICLE,ONE-WAY,,STRAIGHT AND LEVEL,DRY,NO DEFECTS,NOT ON SCENE (DESK REPORT),NO INJURY / DRIVE AWAY,,,,"OVER $1,500",4/9/2022 21:30,UNABLE TO DETERMINE,UNABLE TO DETERMINE,9,E,PEARSON ST,1833,,,,,,,2,NO INDICATION OF INJURY,0,0,0,0,0,1,0,21,7,4,41.89741672,-87.62780456,POINT (-87.627804556009 41.897416717633)
38a3bd09d617e0f7de1f5b6e43509893dea85846ae936f739ce5faf92c68202cc5d35bdaae3b837fc84dd5c57bb0fc327abeb6da5f14e72a0442c7b0685ae4df,,,4/10/2022 1:15,30,NO CONTROLS,NO CONTROLS,CLEAR,"DARKNESS, LIGHTED ROAD",TURNING,NOT DIVIDED,,STRAIGHT AND LEVEL,DRY,NO DEFECTS,NOT ON SCENE (DESK REPORT),NO INJURY / DRIVE AWAY,,,,"$501 - $1,500",4/10/2022 1:45,FOLLOWING TOO CLOSELY,NOT APPLICABLE,1106,W,LAWRENCE AVE,2033,,,,,,,2,NO INDICATION OF INJURY,0,0,0,0,0,2,0,1,1,4,41.9691579,-87.65793578,POINT (-87.657935780292 41.969157896598)
8f6f5ed0c0777b95fbc1bc37569af2b2a7ff3a94b76e75227e33f382df84346be458eb704d514b9b8e4d252aa21eb09f5c6e08fb10904f53577cc2276387458a,,,4/8/2022 19:45,30,TRAFFIC SIGNAL,FUNCTIONING PROPERLY,CLEAR,"DARKNESS, LIGHTED ROAD",TURNING,NOT DIVIDED,,STRAIGHT AND LEVEL,WET,NO DEFECTS,NOT ON SCENE (DESK REPORT),NO INJURY / DRIVE AWAY,Y,,,"OVER $1,500",4/8/2022 20:30,IMPROPER OVERTAKING/PASSING,NOT APPLICABLE,200,W,GRAND AVE,1831,,,,,,,2,NO INDICATION OF INJURY,0,0,0,0,0,2,0,19,6,4,41.89169611,-87.63414591,POINT (-87.634145905035 41.891696112063)
217ad61af80c57ab596ac1046a3622f1c226fc1f1c0f0975d916a5d29c21d5ecd359a1e41524e4f7d7ffcc0e99c4340bb8693434483229a104dbeacadb5e6431,JF179253,,3/19/2022 11:47,25,NO CONTROLS,NO CONTROLS,FREEZING RAIN/DRIZZLE,DAYLIGHT,PARKED MOTOR VEHICLE,NOT DIVIDED,,STRAIGHT AND LEVEL,WET,NO DEFECTS,ON SCENE,INJURY AND / OR TOW DUE TO CRASH,,,,"OVER $1,500",3/19/2022 11:50,WEATHER,UNABLE TO DETERMINE,5323,S,WOODLAWN AVE,234,,,,,,,3,NO INDICATION OF INJURY,0,0,0,0,0,1,0,11,7,3,41.79872411,-87.59647804,POINT (-87.596478036399 41.798724111647)
9b7c4aba4466f9f9a1baf6db2fece4006404b17234dc82dbcb652c9fe568f35ce377db3b45a5c63ec73dc3f8aae74128f7133e90bef8eebc4362488092b415bb,JF179328,,3/19/2022 2:00,30,NO CONTROLS,NO CONTROLS,CLEAR,"DARKNESS, LIGHTED ROAD",SIDESWIPE SAME DIRECTION,NOT DIVIDED,,STRAIGHT AND LEVEL,DRY,NO DEFECTS,NOT ON SCENE (DESK REPORT),NO INJURY / DRIVE AWAY,,,,"OVER $1,500",3/19/2022 13:00,IMPROPER LANE USAGE,NOT APPLICABLE,3600,S,KEDZIE AVE,911,,,,,,,2,NO INDICATION OF INJURY,0,0,0,0,0,2,0,2,7,3,41.82803514,-87.70469773,POINT (-87.704697731614 41.828035141054)
3164ed09582e11fef2c6bbabc5c75dcce9aeb832b4a31c21992a82c1811a392df4d103b583dd183fa50ab101aee4b62066f3944b77ef55c5981297f80496615d,JF180377,,3/20/2022 12:38,35,NO CONTROLS,NO CONTROLS,CLEAR,DAYLIGHT,REAR END,NOT DIVIDED,,STRAIGHT AND LEVEL,DRY,NO DEFECTS,NOT ON SCENE (DESK REPORT),NO INJURY / DRIVE AWAY,,,,"OVER $1,500",3/20/2022 13:40,DRIVING SKILLS/KNOWLEDGE/EXPERIENCE,NOT APPLICABLE,5858,S,KEDZIE AVE,822,,,,,,,2,NO INDICATION OF INJURY,0,0,0,0,0,2,0,12,1,3,41.78633718,-87.70349759,POINT (-87.703497589963 41.786337179534)
71913b6ca74fbaadd09947cfb1d5ea4dc5ed15e0cdd771ee5aafbfbc62f5181900b81775607d7d97f3730630208a07beec78c16186c68dd2adfdda70b26475d1,JF180458,,3/20/2022 15:04,30,NO CONTROLS,NO CONTROLS,CLEAR,DAYLIGHT,ANGLE,DIVIDED - W/MEDIAN (NOT RAISED),,STRAIGHT AND LEVEL,DRY,NO DEFECTS,ON SCENE,INJURY AND / OR TOW DUE TO CRASH,,,,"OVER $1,500",3/20/2022 15:04,UNABLE TO DETERMINE,UNABLE TO DETERMINE,814,N,KEDZIE AVE,1121,,,,,,,2,NO INDICATION OF INJURY,0,0,0,0,0,4,0,15,1,3,41.89606694,-87.70672145,POINT (-87.706721452377 41.896066938152)
7f4ea25dcad1c929d433b41d903976c3603fd3e5ac1c1b17e0b853d7500c176312e6eff9c92bae0b9d18c3f063e6e2f9586eedc05a48d0030bf9c57a419ab36a,JF180668,,3/20/2022 17:51,30,TRAFFIC SIGNAL,FUNCTIONING PROPERLY,CLEAR,DAYLIGHT,SIDESWIPE SAME DIRECTION,DIVIDED - W/MEDIAN (NOT RAISED),,STRAIGHT AND LEVEL,DRY,NO DEFECTS,ON SCENE,NO INJURY / DRIVE AWAY,,,Y,$500 OR LESS,3/20/2022 18:23,IMPROPER OVERTAKING/PASSING,NOT APPLICABLE,7558,S,ASHLAND AVE,611,,,,,,,2,NO INDICATION OF INJURY,0,0,0,0,0,2,0,17,1,3,41.75587503,-87.66372419,POINT (-87.663724193993 41.755875029517)
dc69ee10af15af410246ab4ac5510965e117ac27ed96d3e2db6636a323b6d2206243fa882beac3bab69f11c0ad256cc9ab03726672df720ea2f23da35d54fcc1,,,4/9/2022 0:39,30,TRAFFIC SIGNAL,FUNCTIONING PROPERLY,SNOW,"DARKNESS, LIGHTED ROAD",PARKED MOTOR VEHICLE,NOT DIVIDED,,STRAIGHT AND LEVEL,UNKNOWN,WORN SURFACE,ON SCENE,INJURY AND / OR TOW DUE TO CRASH,,,,"OVER $1,500",4/9/2022 0:39,FAILING TO REDUCE SPEED TO AVOID CRASH,FAILING TO REDUCE SPEED TO AVOID CRASH,2807,W,55TH ST,824,,,,,,,3,NO INDICATION OF INJURY,0,0,0,0,0,1,0,0,7,4,41.79357525,-87.69413004,POINT (-87.694130040031 41.793575252201)
1e2b7efcd2b26b6586f34539e6940ff73de58ce2085380e740f90aa7b1a19cefaaef3df4c73eb091fd42b013beb235e82ba2b3f6097828c0eb3145558da6786c,,,4/9/2022 16:54,25,NO CONTROLS,NO CONTROLS,CLEAR,DAYLIGHT,PARKED MOTOR VEHICLE,ONE-WAY,,STRAIGHT AND LEVEL,DRY,NO DEFECTS,ON SCENE,NO INJURY / DRIVE AWAY,,,Y,"OVER $1,500",4/9/2022 17:20,IMPROPER BACKING,UNABLE TO DETERMINE,4016,N,PAULINA ST,1912,,,,,,,2,NO INDICATION OF INJURY,0,0,0,0,0,1,0,16,7,4,41.95481537,-87.67078564,POINT (-87.670785642924 41.954815373656)
54e4827857964b3900748001695c8adb241efe7e3f24bf837e342735977dc1c3e3c645b3d4e65bb860938388b8ed2ce0ce00d51c46ddb2311cc1dd34d4254a5a,,,4/9/2022 1:40,30,NO CONTROLS,NO CONTROLS,RAIN,"DARKNESS, LIGHTED ROAD",PARKED MOTOR VEHICLE,DIVIDED - W/MEDIAN BARRIER,,STRAIGHT AND LEVEL,WET,NO DEFECTS,ON SCENE,INJURY AND / OR TOW DUE TO CRASH,,,,"OVER $1,500",4/9/2022 1:40,FAILING TO REDUCE SPEED TO AVOID CRASH,UNABLE TO DETERMINE,714,W,95TH ST,2223,,,,,,,3,NO INDICATION OF INJURY,0,0,0,0,0,1,0,1,7,4,41.72159354,-87.64148767,POINT (-87.641487665814 41.721593539728)
0d9d2ac11a91633ed109f13ba6d5e269713a4d6776df4240ddb4f477d9f8b49f4c9ddb7f960c8212e325cbbbd68f5a16780ead7e31462299d6306fc24393927f,,,4/9/2022 13:15,30,NO CONTROLS,NO CONTROLS,CLEAR,DAYLIGHT,ANGLE,FOUR WAY,,STRAIGHT AND LEVEL,DRY,UNKNOWN,ON SCENE,NO INJURY / DRIVE AWAY,Y,,Y,"OVER $1,500",4/9/2022 15:50,UNABLE TO DETERMINE,UNABLE TO DETERMINE,699,N,KEDZIE AVE,1221,,,,,,,2,NO INDICATION OF INJURY,0,0,0,0,0,2,0,13,7,4,41.89363568,-87.70635142,POINT (-87.706351419969 41.893635675315)
e9981f84b3475cc5c649318576e3576d00d2c5ee63b9fe35bde8ed85a2c7890b394c7b31be454bb33901ad218f00c705f4688658fb0f12132d483bce17a641ac,,,4/9/2022 11:30,30,NO CONTROLS,NO CONTROLS,CLEAR,DAYLIGHT,SIDESWIPE SAME DIRECTION,NOT DIVIDED,,STRAIGHT AND LEVEL,DRY,NO DEFECTS,NOT ON SCENE (DESK REPORT),NO INJURY / DRIVE AWAY,,,,"OVER $1,500",4/9/2022 12:00,IMPROPER OVERTAKING/PASSING,NOT APPLICABLE,350,E,115TH ST,531,,,,,,,2,NO INDICATION OF INJURY,0,0,0,0,0,2,0,11,7,4,41.68553306,-87.6135524,POINT (-87.613552400021 41.685533058711)
fa3effe79641f067324adf1836eee75233399be04ba61eeb8f6c8a6c9c6731ff32f362d81b8b8742a3693edd06a6e766947275d7ab739b813d9763ef2cabc733,,,4/9/2022 10:10,25,NO CONTROLS,NO CONTROLS,CLEAR,DAYLIGHT,SIDESWIPE SAME DIRECTION,NOT DIVIDED,,STRAIGHT AND LEVEL,DRY,UNKNOWN,ON SCENE,NO INJURY / DRIVE AWAY,,,,"$501 - $1,500",4/9/2022 10:10,IMPROPER LANE USAGE,NOT APPLICABLE,6802,N,WESTERN AVE,2411,,,,,,,2,NO INDICATION OF INJURY,0,0,0,0,0,6,0,10,7,4,42.00514322,-87.69022065,POINT (-87.690220649856 42.005143222561)
96a3ab6fb8757c9202108acd8ee625b0f73c634b54b1877d7381a21541aa6481a63939a4a94dc8c3a2dac1e17100f1dba6a09dbb8bc050b3490304433f4e01ad,,,4/9/2022 14:00,30,TRAFFIC SIGNAL,FUNCTIONING PROPERLY,CLEAR,DAYLIGHT,REAR END,NOT DIVIDED,,STRAIGHT AND LEVEL,DRY,NO DEFECTS,NOT ON SCENE (DESK REPORT),NO INJURY / DRIVE AWAY,,,Y,"OVER $1,500",4/9/2022 14:20,UNABLE TO DETERMINE,UNABLE TO DETERMINE,600,S,LARAMIE AVE,1522,,,,,,,2,NO INDICATION OF INJURY,0,0,0,0,0,2,0,14,7,4,41.87289554,-87.75495203,POINT (-87.754952034216 41.872895536655)
3b999ce45fefefbb8bc1d9e2e768eb51f15fb25974dd32b4e6ba73b2c21140c06103ad07bf8677447ce61fb37b817fc4eef65214948db4878caf85549a755cb6,,,4/9/2022 10:56,15,NO CONTROLS,NO CONTROLS,CLEAR,DAWN,FIXED OBJECT,ONE-WAY,,STRAIGHT AND LEVEL,DRY,NO DEFECTS,ON SCENE,NO INJURY / DRIVE AWAY,,Y,,"OVER $1,500",4/9/2022 10:57,DRIVING SKILLS/KNOWLEDGE/EXPERIENCE,NOT APPLICABLE,6603,S,WESTERN AVE,832,,,,,,,1,NO INDICATION OF INJURY,0,0,0,0,0,1,0,10,7,4,41.77363978,-87.68334248,POINT (-87.683342474841 41.77363978026)
c2c605826b205e1937720737480c7f73608388c68a77599225a4d3b40600eb030eb5b96a911164dfab307249f25d27ea639f8390009554346fd80a091f3a6cb1,,,4/9/2022 4:29,30,NO CONTROLS,NO CONTROLS,CLEAR,"DARKNESS, LIGHTED ROAD",PARKED MOTOR VEHICLE,ONE-WAY,,STRAIGHT AND LEVEL,WET,NO DEFECTS,ON SCENE,INJURY AND / OR TOW DUE TO CRASH,,,,"$501 - $1,500",4/9/2022 4:31,EQUIPMENT - VEHICLE CONDITION,FAILING TO REDUCE SPEED TO AVOID CRASH,5805,W,POTOMAC AVE,2531,,,,,,,2,NO INDICATION OF INJURY,0,0,0,0,0,1,0,4,7,4,41.90376865,-87.77081089,POINT (-87.770810888702 41.903768650113)