CRASH_RECORD_ID,RD_NO,CRASH_DATE_EST_I,CRASH_DATE,POSTED_SPEED_LIMIT,TRAFFIC_CONTROL_DEVICE,DEVICE_CONDITION,WEATHER_CONDITION,LIGHTING_CONDITION,FIRST_CRASH_TYPE,TRAFFICWAY_TYPE,LANE_CNT,ALIGNMENT,ROADWAY_SURFACE_COND,ROAD_DEFECT,REPORT_TYPE,CRASH_TYPE,INTERSECTION_RELATED_I,NOT_RIGHT_OF_WAY_I,HIT_AND_RUN_I,DAMAGE,DATE_POLICE_NOTIFIED,PRIM_CONTRIBUTORY_CAUSE,SEC_CONTRIBUTORY_CAUSE,STREET_NO,STREET_DIRECTION,STREET_NAME,BEAT_OF_OCCURRENCE,PHOTOS_TAKEN_I,STATEMENTS_TAKEN_I,DOORING_I,WORK_ZONE_I,WORK_ZONE_TYPE,WORKERS_PRESENT_I,NUM_UNITS,MOST_SEVERE_INJURY,INJURIES_TOTAL,INJURIES_FATAL,INJURIES_INCAPACITATING,INJURIES_NON_INCAPACITATING,INJURIES_REPORTED_NOT_EVIDENT,INJURIES_NO_INDICATION,INJURIES_UNKNOWN,CRASH_HOUR,CRASH_DAY_OF_WEEK,CRASH_MONTH,LATITUDE,LONGITUDE,LOCATION
5d9bb92d0fb0b07003917f124cea43b182babd489c1d63c231cb2d35691b8e07917d7b716ae302dec2f9fec072578fef245b81ccb14de2cd3c35cc751ff459ee,JF179746,,3/19/2022 20:01,30,NO CONTROLS,NO CONTROLS,CLEAR,DARKNESS,PARKED MOTOR VEHICLE,NOT DIVIDED,,STRAIGHT AND LEVEL,WET,NO DEFECTS,NOT ON SCENE (DESK REPORT),NO INJURY / DRIVE AWAY,,,,"$501 - $1,500",3/19/2022 20:28,UNABLE TO DETERMINE,UNABLE TO DETERMINE,305,N,MORGAN ST,1214,,,,,,,2,NO INDICATION OF INJURY,0,0,0,0,0,4,0,20,7,3,41.88692407,-87.65203059,POINT (-87.652030586073 41.886924068641)
c49175cc493e62630ab3df366dcc804e6b986e251331f9537ed06c7ab30a41e214d81ed70f9ed0a287f3e13e033a2d115fd5c381949bc9302bf3a050b6b29f4b,JF180729,,3/19/2022 9:00,35,NO CONTROLS,NO CONTROLS,CLEAR,DAYLIGHT,PARKED MOTOR VEHICLE,ONE-WAY,,STRAIGHT AND LEVEL,DRY,NO DEFECTS,NOT ON SCENE (DESK REPORT),NO INJURY / DRIVE AWAY,,,Y,"OVER $1,500",3/20/2022 19:50,UNABLE TO DETERMINE,NOT APPLICABLE,6400,S,TRIPP AVE,813,,,,,,,2,NO INDICATION OF INJURY,0,0,0,0,0,1,0,9,7,3,41.77667197,-87.7289603,POINT (-87.72896030203 41.776671973669)
17475039992525dabafa7d88e0e345562ac57ed9c7fc7bb3d4ea1d2fa8db9ecfb2e6af901357363b9cfbf47024084f7e5635e192a267d0830d2142dcd15395d4,JF180655,Y,3/20/2022 17:00,10,NO CONTROLS,NO CONTROLS,CLEAR,DAYLIGHT,OTHER OBJECT,ALLEY,,STRAIGHT AND LEVEL,UNKNOWN,UNKNOWN,ON SCENE,NO INJURY / DRIVE AWAY,,,Y,"OVER $1,500",3/20/2022 18:10,UNABLE TO DETERMINE,UNABLE TO DETERMINE,6219,W,GREGORY ST,1622,,,,,,,1,NO INDICATION OF INJURY,0,0,0,0,0,1,0,17,1,3,41.98175168,-87.78409349,POINT (-87.784093488468 41.981751675898)
1f86f3b3d7aab7156e8d15030f14b0eb6afb6b8313377bb8a7ef08e5adefb59767065d596d37b7b44e51f76f8112cd8a2adb54269d5cb1e392a8239116f44af2,JF180717,,3/20/2022 19:22,30,TRAFFIC SIGNAL,FUNCTIONING PROPERLY,CLEAR,"DARKNESS, LIGHTED ROAD",TURNING,NOT DIVIDED,,STRAIGHT AND LEVEL,DRY,NO DEFECTS,ON SCENE,INJURY AND / OR TOW DUE TO CRASH,Y,,Y,"OVER $1,500",3/20/2022 19:23,UNABLE TO DETERMINE,NOT APPLICABLE,5000,W,MADISON ST,1533,,,,,,,3,"REPORTED, NOT EVIDENT",3,0,0,0,3,2,0,19,1,3,41.88054285,-87.75029823,POINT (-87.750298226061 41.880542854064)
bda3c568dcea2927c579c51097cc7d003561c8505b5714fe1cbefa70c1c4f99f3d1fe4a0646dfd95d1325d112fa3a9390cd9231fe5404c728bc49e8cd224943b,,,4/9/2022 14:05,40,NO CONTROLS,NO CONTROLS,CLEAR,DAYLIGHT,OTHER NONCOLLISION,DIVIDED - W/MEDIAN BARRIER,,STRAIGHT ON HILLCREST,DRY,"RUT, HOLES",ON SCENE,NO INJURY / DRIVE AWAY,,,,"$501 - $1,500",4/9/2022 14:50,ROAD ENGINEERING/SURFACE/MARKING DEFECTS,UNABLE TO DETERMINE,3118,N,LAKE SHORE DR SB,1934,,,,,,,1,NO INDICATION OF INJURY,0,0,0,0,0,1,0,14,7,4,41.93822963,-87.63615252,POINT (-87.636152514893 41.93822962903)
df037dd63a0f64d179036aa6efb445bd3331e3bd0fdee52a6b764221ab8c0bd0a415962cbd7aa8b89da6beafda2ec6f62df4558869f30ab6f54e09ac14c37e6a,,,4/8/2022 20:05,30,NO CONTROLS,NO CONTROLS,RAIN,"DARKNESS, LIGHTED ROAD",PEDESTRIAN,NOT DIVIDED,,STRAIGHT AND LEVEL,WET,UNKNOWN,ON SCENE,INJURY AND / OR TOW DUE TO CRASH,Y,,Y,"$501 - $1,500",4/8/2022 20:17,UNABLE TO DETERMINE,NOT APPLICABLE,2159,N,HARLEM AVE,2512,,,,,,,2,NONINCAPACITATING INJURY,1,0,0,1,0,1,0,20,6,4,41.91976667,-87.80597248,POINT (-87.805972476944 41.919766669392)
6e7613b6f09521573c406643f0499e625ccccaab3ed46be99459f616e12f7a58315696b2017478fe908981a89349947053425d82dd6e1dfd4b36127891b68030,,,4/9/2022 19:10,30,NO CONTROLS,NO CONTROLS,CLEAR,DUSK,SIDESWIPE SAME DIRECTION,NOT DIVIDED,,STRAIGHT AND LEVEL,DRY,NO DEFECTS,ON SCENE,INJURY AND / OR TOW DUE TO CRASH,,,,"OVER $1,500",4/9/2022 19:11,IMPROPER OVERTAKING/PASSING,IMPROPER LANE USAGE,2352,S,WENTWORTH AVE,914,,,,,,,2,NO INDICATION OF INJURY,0,0,0,0,0,5,0,19,7,4,41.84939295,-87.63208352,POINT (-87.632083515869 41.849392949933)
ec374642f1d8a77ae202f79d5706bf170b03edf1be971cfa78e1b90af0d2dfbf4a9ee02415fd1e93f4f934b302f041600fb07bb23f072140c949e07f35e5d551,,,4/8/2022 9:40,30,NO CONTROLS,NO CONTROLS,CLEAR,DAYLIGHT,SIDESWIPE OPPOSITE DIRECTION,NOT DIVIDED,,STRAIGHT AND LEVEL,WET,UNKNOWN,NOT ON SCENE (DESK REPORT),NO INJURY / DRIVE AWAY,,,,"OVER $1,500",4/8/2022 11:50,DRIVING SKILLS/KNOWLEDGE/EXPERIENCE,DRIVING SKILLS/KNOWLEDGE/EXPERIENCE,1943,N,CLEVELAND AVE,1813,,,,,,,2,NO INDICATION OF INJURY,0,0,0,0,0,2,0,9,6,4,41.91774837,-87.64108141,POINT (-87.641081407398 41.917748373948)
c9e6bc97cb38ff0a778fe625bbd38fd3d1606277722ec2101b89dbbba390bac10bacfd381bee54922118858a70b65570cd902f3845b090f34fbe24a15c2b17df,,,4/9/2022 10:45,30,NO CONTROLS,NO CONTROLS,CLEAR,DAYLIGHT,TURNING,NOT DIVIDED,,STRAIGHT AND LEVEL,DRY,NO DEFECTS,NOT ON SCENE (DESK REPORT),NO INJURY / DRIVE AWAY,Y,,,"OVER $1,500",4/9/2022 15:38,IMPROPER TURNING/NO SIGNAL,IMPROPER TURNING/NO SIGNAL,11200,S,MICHIGAN AVE,531,,,,,,,2,NO INDICATION OF INJURY,0,0,0,0,0,4,0,10,7,4,41.6907476,-87.62117331,POINT (-87.621173310257 41.69074760281)
2ade24b1ee7ad85f0a2440ed8e691c9af84f514c5124a700629d1ef4d3cb67198bb7ede9c8afa314f57478409d228575a7763b382e1a679cc02c2cb67e8fa109,,,4/9/2022 12:28,30,NO CONTROLS,NO CONTROLS,UNKNOWN,DAYLIGHT,PARKED MOTOR VEHICLE,PARKING LOT,,STRAIGHT AND LEVEL,UNKNOWN,UNKNOWN,NOT ON SCENE (DESK REPORT),NO INJURY / DRIVE AWAY,,Y,Y,$500 OR LESS,4/9/2022 14:30,UNABLE TO DETERMINE,NOT APPLICABLE,7510,N,WESTERN AVE,2411,,,,,,,2,NO INDICATION OF INJURY,0,0,0,0,0,1,0,12,7,4,42.01801744,-87.69033737,POINT (-87.690337368212 42.018017439434)
7281fbb5264733efc8cfb07b619fa8d9fec4d671bb44b8f3082e40dc31ecf09eb2bbd5de466d348e690bf1216c45a4143b70e39536e1392b7b7f1d58e4437ca4,,,4/9/2022 20:45,30,TRAFFIC SIGNAL,FUNCTIONING PROPERLY,CLEAR,"DARKNESS, LIGHTED ROAD",PARKED MOTOR VEHICLE,NOT DIVIDED,,STRAIGHT AND LEVEL,DRY,NO DEFECTS,ON SCENE,INJURY AND / OR TOW DUE TO CRASH,,,,"OVER $1,500",4/9/2022 20:45,UNDER THE INFLUENCE OF ALCOHOL/DRUGS (USE WHEN ARREST IS EFFECTED),DRIVING SKILLS/KNOWLEDGE/EXPERIENCE,3400,N,LARAMIE AVE,1634,,,,,,,5,NO INDICATION OF INJURY,0,0,0,0,0,1,0,20,7,4,41.94239478,-87.75695482,POINT (-87.756954814727 41.94239478016)
113319f8da39fbd1088fc099eca87b9d341e312e617461d69cfa968499151cea2badfda6ddb2e63f3b9de2b38efa30e6ca69402813e854bde48ee1eb2416273e,,,4/8/2022 18:00,15,NO CONTROLS,NO CONTROLS,RAIN,DAYLIGHT,HEAD ON,NOT DIVIDED,,STRAIGHT AND LEVEL,WET,NO DEFECTS,ON SCENE,NO INJURY / DRIVE AWAY,Y,,,"OVER $1,500",4/9/2022 13:00,UNABLE TO DETERMINE,UNABLE TO DETERMINE,7400,S,ROCKWELL ST,835,,,,,,,2,NO INDICATION OF INJURY,0,0,0,0,0,2,0,18,6,4,41.75910627,-87.68813479,POINT (-87.688134788845 41.759106269915)
23ed143285a7ccb30da8bad8eb39dcc0912d4c4af1071032b77e6c9bc89fca3d98596ee0c231613cbc258188e16ec210c2b027cd3c3e95c75f65c6a8822cbdc8,,,4/9/2022 9:15,30,NO CONTROLS,NO CONTROLS,CLEAR,DAYLIGHT,PARKED MOTOR VEHICLE,ONE-WAY,,STRAIGHT AND LEVEL,DRY,NO DEFECTS,ON SCENE,NO INJURY / DRIVE AWAY,,,Y,"OVER $1,500",4/9/2022 9:23,UNDER THE INFLUENCE OF ALCOHOL/DRUGS (USE WHEN ARREST IS EFFECTED),UNABLE TO DETERMINE,6555,S,CLAREMONT AVE,832,,,,,,,2,NO INDICATION OF INJURY,0,0,0,0,0,1,0,9,7,4,41.77399033,-87.6819981,POINT (-87.681998098603 41.77399032964)
3c350870a13b63d36f51c17a8de338594abc63302ff44982a92d92a2c7e9b779beb4643bcf3d2abe4a4c7499619fa50a28e7348502111fcfde438621d6a3c724,JF180450,,3/20/2022 14:30,30,TRAFFIC SIGNAL,FUNCTIONING PROPERLY,CLEAR,DAYLIGHT,REAR END,NOT DIVIDED,,STRAIGHT AND LEVEL,DRY,NO DEFECTS,NOT ON SCENE (DESK REPORT),NO INJURY / DRIVE AWAY,,,,"$501 - $1,500",3/20/2022 15:16,FOLLOWING TOO CLOSELY,FAILING TO REDUCE SPEED TO AVOID CRASH,2030,N,NARRAGANSETT AVE,2512,,,,,,,2,NO INDICATION OF INJURY,0,0,0,0,0,4,0,14,1,3,41.91745509,-87.7854024,POINT (-87.785402398609 41.917455093553)
f1c8e8bef045ae647303bbac0f2e17f7d7d478b99ebec4104c28ac79fe906484437b9e5a0c3a4b6f65502bd118ddb7a07a760792e134f9adabf3aed39348bcd5,JF180957,,3/21/2022 2:22,40,NO CONTROLS,NO CONTROLS,CLEAR,"DARKNESS, LIGHTED ROAD",FIXED OBJECT,DIVIDED - W/MEDIAN BARRIER,,STRAIGHT AND LEVEL,DRY,NO DEFECTS,ON SCENE,INJURY AND / OR TOW DUE TO CRASH,,,,"OVER $1,500",3/21/2022 2:22,UNABLE TO DETERMINE,NOT APPLICABLE,1516,N,LAKE SHORE DR SB,1824,,,,,,,1,"REPORTED, NOT EVIDENT",1,0,0,0,1,1,0,2,2,3,41.91003724,-87.62611925,POINT (-87.626119253354 41.910037242436)
67852720937bff8fc28b4ce557c20043ed6a0c8b36501b48e7de3594d1d9c5639a81711ce8c63b5ad08da3b6a06e6b39ee0367ab477d7f341c25d03c1addb61c,,,4/8/2022 19:54,30,NO CONTROLS,NO CONTROLS,RAIN,"DARKNESS, LIGHTED ROAD",TURNING,DIVIDED - W/MEDIAN (NOT RAISED),,STRAIGHT AND LEVEL,WET,NO DEFECTS,ON SCENE,NO INJURY / DRIVE AWAY,,,,"OVER $1,500",4/8/2022 19:55,FAILING TO REDUCE SPEED TO AVOID CRASH,NOT APPLICABLE,1201,S,INDIANA AVE,132,,,,,,,2,NO INDICATION OF INJURY,0,0,0,0,0,3,0,19,6,4,41.86740213,-87.62240687,POINT (-87.622406867924 41.86740212677)
3ed9b312e817079835d3ded10f41bc29572a9e6ca0674d78fea6023fd3f16df972c337cfb24c4fbf22834d1ae003d7b497b9b03eb54103d47497527fc05d0b38,,,4/10/2022 0:05,30,NO CONTROLS,NO CONTROLS,CLEAR,DARKNESS,PARKED MOTOR VEHICLE,ONE-WAY,,STRAIGHT AND LEVEL,DRY,UNKNOWN,ON SCENE,INJURY AND / OR TOW DUE TO CRASH,,,Y,"OVER $1,500",4/10/2022 0:12,UNABLE TO DETERMINE,UNABLE TO DETERMINE,3335,W,30TH ST,1032,,,,,,,5,NO INDICATION OF INJURY,0,0,0,0,0,1,0,0,1,4,41.83888042,-87.70868076,POINT (-87.708680764352 41.838880419875)
e2fc06688f012cfb613ec83841b53158542fb7f966f9ac0845f62fb6dc85d709b80e77527d06cf9cb73cf787452c32068ce44d31d70c0f029e7e9b9f4037b72d,JF177054,,3/17/2022 12:30,35,NO CONTROLS,NO CONTROLS,CLEAR,DAYLIGHT,REAR TO FRONT,NOT DIVIDED,,STRAIGHT AND LEVEL,DRY,NO DEFECTS,ON SCENE,NO INJURY / DRIVE AWAY,,,,$500 OR LESS,3/17/2022 12:55,IMPROPER BACKING,NOT APPLICABLE,3522,E,106TH ST,432,,,,,,,2,NO INDICATION OF INJURY,0,0,0,0,0,2,0,12,5,3,41.70285463,-87.53793073,POINT (-87.537930726225 41.702854628928)
9e059836f6f58246b601eb2277bc4f43f88245c3bd5e61100d252eb5a126e18c73af094f8d43e3c522933d2e45aa73d07fd7fd4d374dd2af1ee136e9bd243862,,,4/9/2022 14:21,30,NO CONTROLS,NO CONTROLS,CLEAR,DAYLIGHT,TURNING,NOT DIVIDED,,STRAIGHT AND LEVEL,DRY,NO DEFECTS,ON SCENE,NO INJURY / DRIVE AWAY,,,,"OVER $1,500",4/9/2022 14:42,FAILING TO YIELD RIGHT-OF-WAY,FAILING TO YIELD RIGHT-OF-WAY,3686,W,GRAND AVE,2535,,,,,,,2,NO INDICATION OF INJURY,0,0,0,0,0,2,0,14,7,4,41.90355176,-87.71953197,POINT (-87.719531973576 41.903551757919)
f595d6204a258044cd5d203824bd433a4c0ef1dc838fb518f833e71600eb74aa36256688dd1d034040bf91cd94b7ac30e574c4677aaa1a60c95e8bf4dac1c118,,,4/9/2022 22:30,30,STOP SIGN/FLASHER,FUNCTIONING PROPERLY,CLEAR,"DARKNESS, LIGHTED ROAD",TURNING,ONE-WAY,,STRAIGHT AND LEVEL,DRY,NO DEFECTS,NOT ON SCENE (DESK REPORT),NO INJURY / DRIVE AWAY,N,,Y,"$501 - $1,500",4/9/2022 22:40,IMPROPER TURNING/NO SIGNAL,UNABLE TO DETERMINE,5558,W,IOWA ST,1524,,,,,,,2,NO INDICATION OF INJURY,0,0,0,0,0,3,0,22,7,4,41.89678496,-87.76537033,POINT (-87.76537032897 41.896784958055)
a86bf9fc17bf3468740a4fede367a0bc9aabebaf3c478974a45c19d2db6c1906d304e5298e39a18bd04348470657d822ffbb95052e1905fda066a240594ed5c2,,,4/5/2022 6:40,45,TRAFFIC SIGNAL,NO CONTROLS,CLEAR,DAYLIGHT,OTHER OBJECT,DIVIDED - W/MEDIAN BARRIER,,STRAIGHT AND LEVEL,DRY,NO DEFECTS,ON SCENE,NO INJURY / DRIVE AWAY,,,,"OVER $1,500",4/5/2022 6:45,UNABLE TO DETERMINE,NOT APPLICABLE,1800,S,LAKE SHORE DR W,132,,,,,,,1,NO INDICATION OF INJURY,0,0,0,0,0,1,0,6,3,4,41.85784909,-87.61684088,POINT (-87.616840879395 41.857849087118)
49d30a9aaab41c46ed0a21eb855052baf460283cbde51ccc281cb4e0b3c5eda4b4355e94c4a5b08061db31690f24eed514dadd49068d807973119ae65b97fdcb,,,4/9/2022 22:00,30,TRAFFIC SIGNAL,FUNCTIONING PROPERLY,CLEAR,"DARKNESS, LIGHTED ROAD",TURNING,FOUR WAY,,STRAIGHT AND LEVEL,DRY,NO DEFECTS,NOT ON SCENE (DESK REPORT),NO INJURY / DRIVE AWAY,Y,,Y,$500 OR LESS,4/9/2022 22:30,IMPROPER TURNING/NO SIGNAL,FAILING TO YIELD RIGHT-OF-WAY,3801,W,WASHINGTON BLVD,1122,,,,,,,2,NO INDICATION OF INJURY,0,0,0,0,0,3,0,22,7,4,41.88178757,-87.72094426,POINT (-87.720944258205 41.881787570282)
58137accacb0d1687c7da52a084c42105c732403c36c1b58cbbee29a931279c501587bc08179da44a0f7a11c1c7dbbc6a3fbfbdd1726d6b590b39d084ddf39bf,,,4/8/2022 11:00,30,NO CONTROLS,NO CONTROLS,CLEAR,DAYLIGHT,TURNING,NOT DIVIDED,,STRAIGHT AND LEVEL,WET,NO DEFECTS,NOT ON SCENE (DESK REPORT),NO INJURY / DRIVE AWAY,,,,"OVER $1,500",4/8/2022 11:20,UNABLE TO DETERMINE,UNABLE TO DETERMINE,4235,S,ALBANY AVE,921,,,,,,,2,NO INDICATION OF INJURY,0,0,0,0,0,4,0,11,6,4,41.81627763,-87.70136367,POINT (-87.701363668527 41.816277624908)
5d090300f71c533f7a6d15bcacfac0a22657a7826b778d45f5eac84e725e9416f0bcd5ceba1c7e9d16b159f3c2f3650c4437b0280f228a540075acc800e9e2db,,,4/8/2022 20:30,30,NO CONTROLS,NO CONTROLS,CLEAR,"DARKNESS, LIGHTED ROAD",FIXED OBJECT,NOT DIVIDED,,STRAIGHT AND LEVEL,WET,NO DEFECTS,NOT ON SCENE (DESK REPORT),NO INJURY / DRIVE AWAY,,,Y,"OVER $1,500",4/9/2022 13:56,UNABLE TO DETERMINE,UNABLE TO DETERMINE,5356,S,ARCHER AVE,815,,,,,,,1,NO INDICATION OF INJURY,0,0,0,0,0,1,0,20,6,4,41.79885029,-87.74245455,POINT (-87.742454547479 41.798850284747)
c4b4491dc7923ae66fe7c7f0f365f372a75f5c47b70a355070544789ad84b5ce79b9921fb36164d397f06dd9088c36e20540c849e3c9caa5c3269595fcd8e58b,,,4/8/2022 15:20,30,NO CONTROLS,NO CONTROLS,UNKNOWN,UNKNOWN,REAR END,NOT DIVIDED,,STRAIGHT AND LEVEL,UNKNOWN,UNKNOWN,NOT ON SCENE (DESK REPORT),NO INJURY / DRIVE AWAY,,,,"OVER $1,500",4/8/2022 15:30,FOLLOWING TOO CLOSELY,FAILING TO REDUCE SPEED TO AVOID CRASH,3232,S,ARCHER AVE,912,,,,,,,2,NO INDICATION OF INJURY,0,0,0,0,0,4,0,15,6,4,41.8353826,-87.66973389,POINT (-87.66973389104 41.835382594681)
b93083636127c86199e583df3cd94d43db044cb79d686e7daa08b6f9c369438f889c683384e1dff6f3fd1d944eb557e09944538bbcd707149070b300d47ea3b4,,,4/8/2022 10:15,20,NO CONTROLS,NO CONTROLS,RAIN,DAYLIGHT,TURNING,OTHER,,STRAIGHT AND LEVEL,WET,NO DEFECTS,ON SCENE,NO INJURY / DRIVE AWAY,,,,"$501 - $1,500",4/8/2022 10:40,IMPROPER TURNING/NO SIGNAL,UNABLE TO DETERMINE,1751,W,JULIAN ST,1433,,,,,,,2,NO INDICATION OF INJURY,0,0,0,0,0,2,0,10,6,4,41.9081937,-87.67208583,POINT (-87.672085830155 41.908193695063)
863cb8415fe6f5161be4c2db45a60afd416097b0b5e90c2d2f65b4ce104b37ccaa4e16dc48cd38f5357cfc0844a14d0dbd1b703c2396e9f6568bfa711e01bc9a,JF179713,,3/19/2022 19:05,30,TRAFFIC SIGNAL,FUNCTIONING PROPERLY,CLEAR,DARKNESS,TURNING,DIVIDED - W/MEDIAN (NOT RAISED),,STRAIGHT AND LEVEL,DRY,UNKNOWN,ON SCENE,INJURY AND / OR TOW DUE TO CRASH,Y,,,"OVER $1,500",3/19/2022 19:10,IMPROPER TURNING/NO SIGNAL,NOT APPLICABLE,100,S,HALSTED ST,1232,,,,,,,2,NO INDICATION OF INJURY,0,0,0,0,0,4,0,19,7,3,41.8804262,-87.64746685,POINT (-87.647466848115 41.880426197831)
183e115146c42dd04d0e10f750a67df32a68c2096a452a5404b9e1c778940528c4a23193ad26b17beb62eab820d15ed284f2853ca6d71ec680e0e43485e5c2b7,JF180440,,3/20/2022 14:00,10,NO CONTROLS,NO CONTROLS,CLEAR,DAYLIGHT,ANGLE,PARKING LOT,,STRAIGHT AND LEVEL,DRY,NO DEFECTS,NOT ON SCENE (DESK REPORT),NO INJURY / DRIVE AWAY,,Y,,"OVER $1,500",3/20/2022 15:02,IMPROPER BACKING,NOT APPLICABLE,9500,S,STONY ISLAND AVE,511,,,,,,,2,NO INDICATION OF INJURY,0,0,0,0,0,2,0,14,1,3,41.72225727,-87.58527557,POINT (-87.585275565077 41.722257273006)
d31e13a3f8dc7b61bb233dda5a13b702d3b9df9ab68e22f68cfcf133d3f83d3fcc66037266acd6d6e40907127b9be981ddb862ef29ba5e88aa03d848a68f212d,,,4/9/2022 11:05,40,NO CONTROLS,NO CONTROLS,CLEAR,DAYLIGHT,REAR END,DIVIDED - W/MEDIAN BARRIER,,STRAIGHT AND LEVEL,DRY,NO DEFECTS,ON SCENE,INJURY AND / OR TOW DUE TO CRASH,,,,"OVER $1,500",4/9/2022 11:05,FAILING TO REDUCE SPEED TO AVOID CRASH,DRIVING SKILLS/KNOWLEDGE/EXPERIENCE,701,N,LAKE SHORE DR NB,1834,,,,,,,3,NONINCAPACITATING INJURY,2,0,0,2,0,1,0,11,7,4,41.89517866,-87.61538029,POINT (-87.615380290346 41.895178657868)
e519bd032355e55369cd5fbb27ce06158c3a365ca9daf530c95108a49241ae7e6e81d9635d2b34ba06fc10ca188626a2c50549f1c2a075cc7b528591b4300993,,,4/8/2022 23:00,30,NO CONTROLS,NO CONTROLS,CLEAR,"DARKNESS, LIGHTED ROAD",FIXED OBJECT,NOT DIVIDED,,STRAIGHT AND LEVEL,DRY,"RUT, HOLES",NOT ON SCENE (DESK REPORT),INJURY AND / OR TOW DUE TO CRASH,,,,"OVER $1,500",4/9/2022 14:15,ROAD ENGINEERING/SURFACE/MARKING DEFECTS,UNABLE TO DETERMINE,2510,N,CLYBOURN AVE,1931,,,,,,,1,NO INDICATION OF INJURY,0,0,0,0,0,1,0,23,6,4,41.92705215,-87.67219436,POINT (-87.672194362936 41.927052146457)
2e5b12a79b8bf5940625758710a9e77c74455f91703ce81ea292efed80a0128d7318da3d69fdf280acc182e9d10331b9452c664b81a244b0974832a693ed89bf,,,4/8/2022 19:45,30,TRAFFIC SIGNAL,FUNCTIONING PROPERLY,RAIN,"DARKNESS, LIGHTED ROAD",TURNING,DIVIDED - W/MEDIAN (NOT RAISED),,STRAIGHT AND LEVEL,WET,NO DEFECTS,ON SCENE,INJURY AND / OR TOW DUE TO CRASH,Y,,,"OVER $1,500",4/8/2022 19:54,FAILING TO YIELD RIGHT-OF-WAY,FAILING TO REDUCE SPEED TO AVOID CRASH,4200,W,ROOSEVELT RD,1132,,,,,,,2,NONINCAPACITATING INJURY,2,0,0,1,1,1,0,19,6,4,41.86621064,-87.73012799,POINT (-87.730127985285 41.866210635409)
d04d511d045f6610af8ba51774757baca76b63030bfdfbcb11f82e6a72621155990ef139bd27b173488f8f05b46de71b33a5af01ddfa37139c4d157801d3450f,,,4/2/2022 23:30,30,STOP SIGN/FLASHER,FUNCTIONING PROPERLY,CLEAR,"DARKNESS, LIGHTED ROAD",ANGLE,NOT DIVIDED,,STRAIGHT AND LEVEL,DRY,UNKNOWN,NOT ON SCENE (DESK REPORT),NO INJURY / DRIVE AWAY,,,,"$501 - $1,500",4/6/2022 9:42,DRIVING SKILLS/KNOWLEDGE/EXPERIENCE,UNABLE TO DETERMINE,2401,W,GUNNISON ST,2031,,,,,,,2,NO INDICATION OF INJURY,0,0,0,0,0,2,0,23,7,4,41.96960089,-87.6893192,POINT (-87.689319203013 41.969600892495)
dc7055ecd497a7f01260ba9b02dca5174513152b4640804a57676921e3b1b655aa88c358d648d52978fdaaab3caf296485e1b1f9c616a5b9d05c225713145e5b,,,4/9/2022 16:15,30,TRAFFIC SIGNAL,FUNCTIONING PROPERLY,CLOUDY/OVERCAST,DAYLIGHT,REAR TO FRONT,NOT DIVIDED,,STRAIGHT AND LEVEL,DRY,UNKNOWN,ON SCENE,NO INJURY / DRIVE AWAY,,,,"OVER $1,500",4/9/2022 16:17,IMPROPER BACKING,UNABLE TO DETERMINE,601,S,PULASKI RD,1132,,,,,,,2,NO INDICATION OF INJURY,0,0,0,0,0,4,0,16,7,4,41.87342367,-87.72526498,POINT (-87.72526497458 41.873423666525)
5726a75bcd46305ea68fabd473fa0b03efae03312b00fe769e2ba662ac0d522313da442f3217f849991d4a6d8fb2a6b24aaa1eca7eaef950b6b9384ba54d2a99,,,4/7/2022 13:20,30,NO CONTROLS,NO CONTROLS,CLEAR,DAYLIGHT,PARKED MOTOR VEHICLE,OTHER,,STRAIGHT AND LEVEL,DRY,UNKNOWN,NOT ON SCENE (DESK REPORT),NO INJURY / DRIVE AWAY,,,,"OVER $1,500",4/9/2022 15:45,UNABLE TO DETERMINE,UNABLE TO DETERMINE,250,E,SUPERIOR ST,1833,Y,Y,,,,,2,NO INDICATION OF INJURY,0,0,0,0,0,1,0,13,5,4,41.89589816,-87.62077291,POINT (-87.620772913093 41.895898157396)
ad6371a861e2120960275cebf4b77adc515d0515ad316fac9a25025cb848ba449307b2da7cb74a8303a5abadb5af73e0af736adb9d2582d35a97d75abe825bc5,,,4/9/2022 2:25,30,TRAFFIC SIGNAL,UNKNOWN,FREEZING RAIN/DRIZZLE,"DARKNESS, LIGHTED ROAD",ANGLE,FOUR WAY,,STRAIGHT AND LEVEL,WET,UNKNOWN,ON SCENE,INJURY AND / OR TOW DUE TO CRASH,Y,,,"OVER $1,500",4/9/2022 2:30,UNABLE TO DETERMINE,NOT APPLICABLE,3739,W,HARRISON ST,1133,,,,,,,2,NO INDICATION OF INJURY,0,0,0,0,0,2,0,2,7,4,41.87340547,-87.71973354,POINT (-87.719733540185 41.87340547339)
42a91138fcd522d670177d62da79f1280fc4df1c113159ecca14857bdd8caeba4e818bbfb4d711e838cb629cb6c3473aec5330c3d696d64f5059de67bc617937,,,4/8/2022 23:19,30,NO CONTROLS,UNKNOWN,RAIN,DARKNESS,FIXED OBJECT,FOUR WAY,,STRAIGHT AND LEVEL,WET,UNKNOWN,ON SCENE,INJURY AND / OR TOW DUE TO CRASH,,,,"OVER $1,500",4/8/2022 23:44,UNABLE TO DETERMINE,UNABLE TO DETERMINE,1200,S,CLARK ST,131,,,,,,,2,NO INDICATION OF INJURY,0,0,0,0,0,1,0,23,6,4,41.86728617,-87.63058097,POINT (-87.630580967737 41.867286165271)