CRASH_RECORD_ID,RD_NO,CRASH_DATE_EST_I,CRASH_DATE,POSTED_SPEED_LIMIT,TRAFFIC_CONTROL_DEVICE,DEVICE_CONDITION,WEATHER_CONDITION,LIGHTING_CONDITION,FIRST_CRASH_TYPE,TRAFFICWAY_TYPE,LANE_CNT,ALIGNMENT,ROADWAY_SURFACE_COND,ROAD_DEFECT,REPORT_TYPE,CRASH_TYPE,INTERSECTION_RELATED_I,NOT_RIGHT_OF_WAY_I,HIT_AND_RUN_I,DAMAGE,DATE_POLICE_NOTIFIED,PRIM_CONTRIBUTORY_CAUSE,SEC_CONTRIBUTORY_CAUSE,STREET_NO,STREET_DIRECTION,STREET_NAME,BEAT_OF_OCCURRENCE,PHOTOS_TAKEN_I,STATEMENTS_TAKEN_I,DOORING_I,WORK_ZONE_I,WORK_ZONE_TYPE,WORKERS_PRESENT_I,NUM_UNITS,MOST_SEVERE_INJURY,INJURIES_TOTAL,INJURIES_FATAL,INJURIES_INCAPACITATING,INJURIES_NON_INCAPACITATING,INJURIES_REPORTED_NOT_EVIDENT,INJURIES_NO_INDICATION,INJURIES_UNKNOWN,CRASH_HOUR,CRASH_DAY_OF_WEEK,CRASH_MONTH,LATITUDE,LONGITUDE,LOCATION
935e2d156bb3b05cc0c4cfc7ec3d082b66bba4d42b49b447cb01ae8c11c39e6f4ee62b07bf7f1a34df5b7a42e55a7b03ab55a906959253dd0b7824bc0510378c,,,4/9/2022 16:56,30,STOP SIGN/FLASHER,FUNCTIONING PROPERLY,CLEAR,DAYLIGHT,FIXED OBJECT,T-INTERSECTION,,STRAIGHT AND LEVEL,DRY,NO DEFECTS,ON SCENE,INJURY AND / OR TOW DUE TO CRASH,,,,"$501 - $1,500",4/9/2022 16:56,PHYSICAL CONDITION OF DRIVER,UNABLE TO DETERMINE,5501,W,WALTON ST,1524,,,,,,,1,NO INDICATION OF INJURY,0,0,0,0,0,1,0,16,7,4,41.89749018,-87.76375253,POINT (-87.763752529866 41.89749018442)
52b8e1ef7fd19286de1421fc961bb0ddf915bd07ce74804013d8ff1e55e0e8c55bb2381b93d472a8012265e381fca9c2a19d862c14eb06449cec3bf32483e053,JF179329,,3/19/2022 11:30,30,NO CONTROLS,NO CONTROLS,RAIN,DAYLIGHT,SIDESWIPE SAME DIRECTION,NOT DIVIDED,,STRAIGHT AND LEVEL,WET,NO DEFECTS,NOT ON SCENE (DESK REPORT),NO INJURY / DRIVE AWAY,,,,"$501 - $1,500",3/19/2022 15:00,FAILING TO YIELD RIGHT-OF-WAY,NOT APPLICABLE,6110,W,NORTH AVE,2513,,,,,,,2,NO INDICATION OF INJURY,0,0,0,0,0,3,0,11,7,3,41.90933091,-87.77818441,POINT (-87.778184410388 41.909330905923)
24f94fdd9a0cdbfc4970c83841e4d503fbb806d73938286c4a1526513528b4afcef1acde9742d8a97f48ff436843390b7ca01d6a1206ede9708f0c36c34530a4,JF180323,,3/20/2022 12:33,35,TRAFFIC SIGNAL,FUNCTIONING PROPERLY,CLEAR,DAYLIGHT,TURNING,FOUR WAY,,STRAIGHT AND LEVEL,DRY,NO DEFECTS,ON SCENE,INJURY AND / OR TOW DUE TO CRASH,Y,,Y,"OVER $1,500",3/20/2022 12:33,DISREGARDING TRAFFIC SIGNALS,NOT APPLICABLE,7601,S,STATE ST,623,,,,,,,2,NONINCAPACITATING INJURY,3,0,0,3,0,1,0,12,1,3,41.75640309,-87.62457652,POINT (-87.624576515698 41.756403092616)
4743625e224cc6cc164d4b48dcaece3ca66208cf2166ed9ff9a4974fc956f90bd15e486c8f3c9359b0c5e3f1d6c570eefab67f5ce61c8f83c3efa7c1712dc2e2,JF180454,,3/20/2022 15:00,30,TRAFFIC SIGNAL,FUNCTIONING PROPERLY,CLEAR,DAYLIGHT,SIDESWIPE SAME DIRECTION,NOT DIVIDED,,STRAIGHT AND LEVEL,DRY,NO DEFECTS,NOT ON SCENE (DESK REPORT),NO INJURY / DRIVE AWAY,,,,"OVER $1,500",3/20/2022 15:27,NOT APPLICABLE,NOT APPLICABLE,1447,S,WABASH AVE,131,,,,,,,2,NO INDICATION OF INJURY,0,0,0,0,0,3,0,15,1,3,41.86277741,-87.62557856,POINT (-87.625578555157 41.862777405685)
6f0f9553927cf40f4042f2f2363e74790897d222a291b31ae54e6799fdcbc11ede850af0a4c57f412b3cc631fc6b78fb8510de9dbeed3f30bac7a5983dd4d46b,JF180405,,3/20/2022 14:00,30,TRAFFIC SIGNAL,FUNCTIONING PROPERLY,CLEAR,DAYLIGHT,REAR END,DIVIDED - W/MEDIAN (NOT RAISED),,STRAIGHT AND LEVEL,DRY,NO DEFECTS,NOT ON SCENE (DESK REPORT),NO INJURY / DRIVE AWAY,,,,"$501 - $1,500",3/20/2022 14:00,FAILING TO YIELD RIGHT-OF-WAY,UNABLE TO DETERMINE,3550,W,ADDISON ST,1732,,,,,,,2,NO INDICATION OF INJURY,0,0,0,0,0,2,0,14,1,3,41.94661905,-87.71718238,POINT (-87.717182375697 41.94661904518)
bab909246edef535ac7016c11b9b57d414b0d9be8cd98614a37e7a94f228ff9c4ad014a148d206b5d73ff3c7e4d794f672cd3824e7dfb8c08de53ac9d6c6fa2d,,,4/8/2022 9:35,45,NO CONTROLS,NO CONTROLS,RAIN,DAYLIGHT,SIDESWIPE SAME DIRECTION,DIVIDED - W/MEDIAN BARRIER,,STRAIGHT AND LEVEL,WET,NO DEFECTS,NOT ON SCENE (DESK REPORT),NO INJURY / DRIVE AWAY,,,,"OVER $1,500",4/8/2022 11:30,"VISION OBSCURED (SIGNS, TREE LIMBS, BUILDINGS, ETC.)",IMPROPER LANE USAGE,3600,S,LAKE SHORE DR SB,212,Y,,,,,,2,NO INDICATION OF INJURY,0,0,0,0,0,2,0,9,6,4,41.83016527,-87.60555095,POINT (-87.605550953535 41.830165274392)
e8d30568413a20eb4d9425f6775b02563ee0699e284a20acc87b88d61384308e2cbad00afe4a5af4358b3eedd9feb98ea99f359fc15e876bae8b6a634ab240ca,,,4/9/2022 13:22,30,TRAFFIC SIGNAL,FUNCTIONING PROPERLY,CLOUDY/OVERCAST,DAYLIGHT,SIDESWIPE SAME DIRECTION,NOT DIVIDED,,STRAIGHT AND LEVEL,UNKNOWN,UNKNOWN,NOT ON SCENE (DESK REPORT),NO INJURY / DRIVE AWAY,Y,,,"$501 - $1,500",4/9/2022 13:32,IMPROPER OVERTAKING/PASSING,UNABLE TO DETERMINE,1000,W,ADDISON ST,1923,,,,,,,2,NO INDICATION OF INJURY,0,0,0,0,0,3,0,13,7,4,41.94735226,-87.65444338,POINT (-87.65444337511 41.947352263187)
4ae1a6ce5f48ac6064e69105522d132d7985fb65e0a8e49c33bc554b99c000165647c9a4c3906897f3a4992cebe502062f0079a05d249ad26da8a78a4c2c58e3,,,4/9/2022 10:30,25,TRAFFIC SIGNAL,FUNCTIONING PROPERLY,CLEAR,DAYLIGHT,REAR END,NOT DIVIDED,,STRAIGHT AND LEVEL,DRY,NO DEFECTS,NOT ON SCENE (DESK REPORT),NO INJURY / DRIVE AWAY,,,,"$501 - $1,500",4/9/2022 13:45,FOLLOWING TOO CLOSELY,FOLLOWING TOO CLOSELY,5662,S,ARCHER AVE,814,,,,,,,2,NO INDICATION OF INJURY,0,0,0,0,0,2,0,10,7,4,41.79733147,-87.75260859,POINT (-87.752608585606 41.797331470714)
39b2c8788860d699416683f2d4fd674dffc2fd67f90b629a85451439310a859e7d09d6f5e9eb7075be0a17329cd67e9ceb9c318c94129ceb30e1a1a1240bab9e,,,4/9/2022 13:00,30,NO CONTROLS,NO CONTROLS,CLEAR,DAYLIGHT,REAR END,DIVIDED - W/MEDIAN (NOT RAISED),,STRAIGHT AND LEVEL,DRY,NO DEFECTS,NOT ON SCENE (DESK REPORT),NO INJURY / DRIVE AWAY,,,,"OVER $1,500",4/9/2022 13:15,UNABLE TO DETERMINE,UNABLE TO DETERMINE,61,S,AUSTIN BLVD,1513,,,,,,,2,NO INDICATION OF INJURY,0,0,0,0,0,2,0,13,7,4,41.87901489,-87.77447257,POINT (-87.774472572427 41.879014893184)
33b3ae2d42c42283342f61b3968d6c600ceca34d35b8c6852225449b6c7f3433605e366cd7d0c399c1bb821327a53b04f3126795424b78355d88c13a61fc5ca4,,,4/8/2022 5:45,30,NO CONTROLS,NO CONTROLS,CLEAR,DARKNESS,FIXED OBJECT,DIVIDED - W/MEDIAN (NOT RAISED),,STRAIGHT AND LEVEL,DRY,OTHER,NOT ON SCENE (DESK REPORT),NO INJURY / DRIVE AWAY,,,,"OVER $1,500",4/8/2022 9:45,NOT APPLICABLE,NOT APPLICABLE,7901,S,STONY ISLAND AVE,411,,,,,,,1,NO INDICATION OF INJURY,0,0,0,0,0,1,0,5,6,4,41.75144291,-87.58550589,POINT (-87.585505893341 41.751442905351)
7d71ae49e4d298a564b8733e989f9cc2f6c76c4604ec8233cb402da067034a4f0942493ec106bd13d7f435dfed69d0827415a10aa321d43326382fdaa9c82d82,,,4/8/2022 11:40,30,TRAFFIC SIGNAL,FUNCTIONING PROPERLY,CLEAR,DAYLIGHT,SIDESWIPE SAME DIRECTION,NOT DIVIDED,,STRAIGHT AND LEVEL,DRY,WORN SURFACE,NOT ON SCENE (DESK REPORT),NO INJURY / DRIVE AWAY,,,Y,$500 OR LESS,4/8/2022 12:50,DISTRACTION - FROM OUTSIDE VEHICLE,NOT APPLICABLE,834,E,79TH ST,624,,,,,,,2,NO INDICATION OF INJURY,0,0,0,0,0,5,0,11,6,4,41.75141285,-87.60382478,POINT (-87.603824783182 41.751412847209)
a06e10e3a7c667a081e54665ee4a4bf9a0d7fcbaca4a76f97cde2a054e3047d68dacd304b074a04a8a43517f8a4772cf80c43e2c6771d8f2be268cc1b52f47c8,,,4/9/2022 14:45,30,NO CONTROLS,NO CONTROLS,CLEAR,DAYLIGHT,SIDESWIPE SAME DIRECTION,DIVIDED - W/MEDIAN (NOT RAISED),,STRAIGHT AND LEVEL,DRY,NO DEFECTS,ON SCENE,NO INJURY / DRIVE AWAY,,,,"$501 - $1,500",4/9/2022 15:00,FAILING TO YIELD RIGHT-OF-WAY,NOT APPLICABLE,5141,S,KEDZIE AVE,923,,,,,,,2,NO INDICATION OF INJURY,0,0,0,0,0,4,0,14,7,4,41.79959746,-87.70358496,POINT (-87.70358495558 41.799597459689)
ef754458ed50d14d33bb9c746ed389b46aae0b8d6efa711d8fb02f16b34eb24ae0a5e326fa3630227fc808d266f65b44e27cc22bafdaec7ff3b69d61b49945cf,,,4/9/2022 18:40,30,TRAFFIC SIGNAL,FUNCTIONING PROPERLY,CLEAR,DAYLIGHT,TURNING,DIVIDED - W/MEDIAN (NOT RAISED),,STRAIGHT AND LEVEL,DRY,NO DEFECTS,NOT ON SCENE (DESK REPORT),NO INJURY / DRIVE AWAY,Y,,,"OVER $1,500",4/9/2022 19:00,UNABLE TO DETERMINE,NOT APPLICABLE,2400,W,OGDEN AVE,1023,,,,,,,2,NO INDICATION OF INJURY,0,0,0,0,0,2,0,18,7,4,41.86483171,-87.68616067,POINT (-87.686160672742 41.864831710222)
3100d793573637e783506425f085a87d01862467c03cf10b7bd9ad8a7b7ce7367b0db633575d3f4195c8f5f35891a83d12af6bd5e94422c708e1583c6eb285a6,JF180366,,3/18/2022 20:45,30,TRAFFIC SIGNAL,FUNCTIONING PROPERLY,CLEAR,DAYLIGHT,ANGLE,ONE-WAY,,STRAIGHT AND LEVEL,DRY,NO DEFECTS,NOT ON SCENE (DESK REPORT),NO INJURY / DRIVE AWAY,Y,,Y,"OVER $1,500",3/20/2022 14:00,FAILING TO YIELD RIGHT-OF-WAY,FAILING TO YIELD RIGHT-OF-WAY,4300,S,MICHIGAN AVE,215,,,,,,,2,NO INDICATION OF INJURY,0,0,0,0,0,2,0,20,6,3,41.81644707,-87.62317587,POINT (-87.623175873911 41.816447071893)
76e6044ee535efe2c1fcf4b91383851073f670343f9b92ceba55f9119322c04653ed20de5dd95aa41da09a4fe5a66e375ebe9ad0480fc6974f6a355689b5a04d,JF179254,,3/19/2022 10:21,30,TRAFFIC SIGNAL,FUNCTIONING PROPERLY,RAIN,DAYLIGHT,ANGLE,FOUR WAY,,STRAIGHT AND LEVEL,WET,NO DEFECTS,NOT ON SCENE (DESK REPORT),NO INJURY / DRIVE AWAY,Y,,,"OVER $1,500",3/19/2022 11:00,DISREGARDING TRAFFIC SIGNALS,DISREGARDING TRAFFIC SIGNALS,6500,S,COTTAGE GROVE AVE,321,,,,,,,2,NO INDICATION OF INJURY,0,0,0,0,0,4,0,10,7,3,41.77668462,-87.60599358,POINT (-87.60599357891 41.776684614718)
4b6ca0bf48852490aa7281d4a481b406acdec7c65996488a58a28e1399756b43bacbb9ceedd1c331c28e1ce9fda0329d3f7b8ec64c2125dee27981c40fdfe033,JF180741,,3/20/2022 17:10,30,TRAFFIC SIGNAL,FUNCTIONING PROPERLY,CLEAR,DAYLIGHT,REAR END,DIVIDED - W/MEDIAN (NOT RAISED),,STRAIGHT AND LEVEL,DRY,UNKNOWN,NOT ON SCENE (DESK REPORT),NO INJURY / DRIVE AWAY,,,,"OVER $1,500",3/20/2022 20:00,UNABLE TO DETERMINE,UNABLE TO DETERMINE,2049,N,AUSTIN AVE,2515,,,,,,,2,NO INDICATION OF INJURY,0,0,0,0,0,2,0,17,1,3,41.91779592,-87.77536454,POINT (-87.77536453637 41.91779591613)
5f481ce3b11f48804b11372ce36b6409aa92ce858db6c903f8d91a6e9f6b77b8275b64519332fb54c132ef1eab97135b3080a34e060ab88567350971d13aef86,JF180742,,3/20/2022 19:30,30,STOP SIGN/FLASHER,FUNCTIONING PROPERLY,CLEAR,"DARKNESS, LIGHTED ROAD",SIDESWIPE SAME DIRECTION,NOT DIVIDED,,STRAIGHT AND LEVEL,UNKNOWN,UNKNOWN,NOT ON SCENE (DESK REPORT),NO INJURY / DRIVE AWAY,Y,N,Y,"OVER $1,500",3/20/2022 20:25,IMPROPER TURNING/NO SIGNAL,NOT APPLICABLE,150,W,HUBBARD ST,1831,,,,,,,2,NO INDICATION OF INJURY,0,0,0,0,0,2,0,19,1,3,41.89010564,-87.63306865,POINT (-87.633068644816 41.890105642113)
c2cee0ec4b84935c1a8d763525b654e2117a3b90612e42302cb03e64968bc26c5e9072b650232999a6fb086414eca28bb241bb9a41d6623d168ba94fde3a07da,,,4/9/2022 9:38,30,NO CONTROLS,OTHER,CLEAR,DAYLIGHT,REAR TO FRONT,ONE-WAY,,STRAIGHT AND LEVEL,DRY,NO DEFECTS,ON SCENE,NO INJURY / DRIVE AWAY,,,,$500 OR LESS,4/9/2022 10:02,IMPROPER BACKING,NOT APPLICABLE,300,E,OHIO ST,1834,,,,,,,2,NO INDICATION OF INJURY,0,0,0,0,0,2,0,9,7,4,41.89271059,-87.62013066,POINT (-87.620130658406 41.892710584594)
1b8f4b67e452f1d1c7848b0b81a84d2496759f29cac75dc6534ee84ccb4f1387703e61612950cf0c48eba58e479ca6e507fb2102b28a187a3e8f539770c5072d,,,4/8/2022 3:58,30,NO CONTROLS,NO CONTROLS,CLEAR,"DARKNESS, LIGHTED ROAD",FIXED OBJECT,ONE-WAY,,STRAIGHT AND LEVEL,DRY,NO DEFECTS,ON SCENE,INJURY AND / OR TOW DUE TO CRASH,,,,"OVER $1,500",4/8/2022 4:08,UNABLE TO DETERMINE,NOT APPLICABLE,48,E,61ST ST,311,,,,,,,1,NO INDICATION OF INJURY,0,0,0,0,0,1,0,3,6,4,41.78385324,-87.62363967,POINT (-87.623639671191 41.783853235885)
44912757d9e2d48d47ee930b475fc9b1fd8b075f0d6d45dbd7e7e1e131ceaf8cc80a472d00542daa002b3029a14b809a9c4afc390fe5dc62143fbe85789bea3e,,,4/9/2022 21:30,30,STOP SIGN/FLASHER,FUNCTIONING PROPERLY,CLEAR,"DARKNESS, LIGHTED ROAD",TURNING,T-INTERSECTION,,STRAIGHT AND LEVEL,DRY,NO DEFECTS,NOT ON SCENE (DESK REPORT),NO INJURY / DRIVE AWAY,Y,,,"OVER $1,500",4/9/2022 22:50,UNABLE TO DETERMINE,UNABLE TO DETERMINE,2252,N,MILWAUKEE AVE,1431,,,,,,,2,NO INDICATION OF INJURY,0,0,0,0,0,2,0,21,7,4,41.92179534,-87.69578194,POINT (-87.695781943525 41.921795342016)
6eae0e0cd3c35c1b6b9d8e37b79515f96959321cbf3e7f0512d847c137f773cec4b2903a347ecf40de4a20b1f1e8afe40f133a4c2ee345ce1efda5537d6cc7b9,,,4/9/2022 11:20,30,NO CONTROLS,NO CONTROLS,CLOUDY/OVERCAST,DAYLIGHT,ANGLE,NOT DIVIDED,,STRAIGHT AND LEVEL,DRY,NO DEFECTS,ON SCENE,NO INJURY / DRIVE AWAY,,,,"$501 - $1,500",4/9/2022 11:20,IMPROPER BACKING,NOT APPLICABLE,750,W,127TH ST,523,,,,,,,2,NO INDICATION OF INJURY,0,0,0,0,0,2,0,11,7,4,41.66335924,-87.64109301,POINT (-87.641093008755 41.663359243327)
99d47cd774250d38a2b1cbc90f461716cb02ca97ee337da1938775c3028e2f8ef4b112606728a81759d4e292206f2aa2c9c89c7f80079aa73a15ad4563ae4f8e,,,4/8/2022 11:13,30,TRAFFIC SIGNAL,FUNCTIONING PROPERLY,RAIN,DAYLIGHT,REAR END,FOUR WAY,,STRAIGHT ON GRADE,WET,UNKNOWN,ON SCENE,INJURY AND / OR TOW DUE TO CRASH,Y,,,"OVER $1,500",4/8/2022 11:14,FAILING TO REDUCE SPEED TO AVOID CRASH,NOT APPLICABLE,9810,S,HALSTED ST,2223,,,,,,,3,NONINCAPACITATING INJURY,1,0,0,1,0,2,0,11,6,4,41.71554352,-87.64320168,POINT (-87.643201678655 41.715543524272)
546befd01c2e192321111d252ffe6acaa0eba690adb8c808fb323108a6e0ac1b9c12e116be02970a08a2d60f1c57a9479c116d6408048116756d3b1c442e7475,,,4/9/2022 6:00,25,TRAFFIC SIGNAL,FUNCTIONING PROPERLY,CLEAR,DAWN,SIDESWIPE SAME DIRECTION,FOUR WAY,,STRAIGHT AND LEVEL,WET,NO DEFECTS,ON SCENE,NO INJURY / DRIVE AWAY,,,,$500 OR LESS,4/9/2022 6:00,IMPROPER LANE USAGE,UNABLE TO DETERMINE,700,S,MICHIGAN AVE,123,,,,,,,2,NO INDICATION OF INJURY,0,0,0,0,0,2,0,6,7,4,41.87309549,-87.62434525,POINT (-87.624345247792 41.873095485332)
f399f5d6f8fce24163a9dddcd8ff7f2bea26586fde69e1476815198cf4a08f829be58452779013facb9655e104fa7d00b2d1dc986959d959e465f00905105afa,,,4/10/2022 0:42,30,NO CONTROLS,NO CONTROLS,CLEAR,"DARKNESS, LIGHTED ROAD",PARKED MOTOR VEHICLE,NOT DIVIDED,,STRAIGHT AND LEVEL,DRY,NO DEFECTS,ON SCENE,INJURY AND / OR TOW DUE TO CRASH,,,Y,"OVER $1,500",4/10/2022 0:46,IMPROPER LANE USAGE,IMPROPER LANE USAGE,2741,N,LARAMIE AVE,2521,,,,,,,4,NO INDICATION OF INJURY,0,0,0,0,0,1,0,0,1,4,41.93083324,-87.75625244,POINT (-87.756252436382 41.930833239435)
30239cf2427a3382052ecdd5648e93fd77454b648ee8a7471bce1ad3e0fabef0a1d32ad505458ce36c9bad97cfa1845c7172ad946bf7344cdf3d0660e029e086,,Y,4/9/2022 1:00,30,NO CONTROLS,NO CONTROLS,UNKNOWN,UNKNOWN,PARKED MOTOR VEHICLE,NOT DIVIDED,,STRAIGHT AND LEVEL,UNKNOWN,UNKNOWN,NOT ON SCENE (DESK REPORT),INJURY AND / OR TOW DUE TO CRASH,,,Y,"OVER $1,500",4/9/2022 8:38,UNABLE TO DETERMINE,NOT APPLICABLE,1844,N,LARAMIE AVE,2532,,,,,,,2,NO INDICATION OF INJURY,0,0,0,0,0,1,0,1,7,4,41.91420793,-87.75598341,POINT (-87.755983408903 41.914207926717)
be491a480056655070253c0452f5eb7e6c2c71f51860390eae64e89d02e6d472108ef7ce151996ddf253b18de5d3dda8824cda6b732e912398b154ce093695b5,,,4/9/2022 14:44,30,NO CONTROLS,NO CONTROLS,CLEAR,DAYLIGHT,REAR END,NOT DIVIDED,,STRAIGHT AND LEVEL,DRY,NO DEFECTS,ON SCENE,NO INJURY / DRIVE AWAY,,,Y,"OVER $1,500",4/9/2022 14:51,IMPROPER BACKING,IMPROPER BACKING,3830,N,LINCOLN AVE,1922,,,,,,,3,NO INDICATION OF INJURY,0,0,0,0,0,4,0,14,7,4,41.95130146,-87.67693521,POINT (-87.676935207272 41.951301458037)
248f535bbfe820a1d6a1d10a81060259f51dd63a177b1c581e2c14b9c32503aa07f121af35595926a3103a544ed121b0a05bd0076394b6925c325813ffa8853c,,,4/8/2022 23:00,30,NO CONTROLS,NO CONTROLS,CLEAR,"DARKNESS, LIGHTED ROAD",REAR END,DIVIDED - W/MEDIAN BARRIER,,STRAIGHT AND LEVEL,DRY,NO DEFECTS,NOT ON SCENE (DESK REPORT),INJURY AND / OR TOW DUE TO CRASH,,,Y,"OVER $1,500",4/9/2022 14:30,UNABLE TO DETERMINE,UNABLE TO DETERMINE,5000,W,LAKE ST,1532,,,,,,,2,NO INDICATION OF INJURY,0,0,0,0,0,4,0,23,6,4,41.88702796,-87.75052662,POINT (-87.750526616745 41.887027955151)
36db8bcd6d3380359b726e64bc3926218a57b1f37c3e6683a5e0b7f5f3359447a25af01832d9af1bec2cab39443c33c56c8f5f9e4cef1a81213e7502d5292304,JF180666,,3/20/2022 17:30,20,NO CONTROLS,NO CONTROLS,UNKNOWN,UNKNOWN,PARKED MOTOR VEHICLE,NOT DIVIDED,,STRAIGHT AND LEVEL,UNKNOWN,UNKNOWN,NOT ON SCENE (DESK REPORT),NO INJURY / DRIVE AWAY,,,,"OVER $1,500",3/20/2022 18:15,UNABLE TO DETERMINE,NOT APPLICABLE,5354,N,LUDLAM AVE,1623,,,,,,,2,NO INDICATION OF INJURY,0,0,0,0,0,1,0,17,1,3,41.9790223,-87.76245862,POINT (-87.762458617678 41.979022303536)
4fec59db4d786d708d42d9b1890aa243945c0f601165504439e2c25a72ce51b2632a133b84ee8576a7e8c18e8555814687a8142524c75f3891540d9591704c2d,JF180607,,3/20/2022 16:50,15,NO CONTROLS,NO CONTROLS,CLEAR,DAYLIGHT,REAR TO SIDE,PARKING LOT,,STRAIGHT AND LEVEL,DRY,NO DEFECTS,ON SCENE,NO INJURY / DRIVE AWAY,,Y,,"OVER $1,500",3/20/2022 17:17,IMPROPER BACKING,NOT APPLICABLE,1310,E,47TH ST,222,,,,,,,2,NO INDICATION OF INJURY,0,0,0,0,0,2,0,16,1,3,41.80977699,-87.59458693,POINT (-87.594586926607 41.809776993022)
5be84924ff61c1ab2c134743a1df12927d4dad344680f1bb2d815c22e46e2c85dd6295eee509588a0c5135ce3b97e4b173b00245f6548c6541f7b54c57eeb3f6,JF180319,,3/20/2022 12:00,30,NO CONTROLS,NO CONTROLS,CLEAR,DAYLIGHT,TURNING,NOT DIVIDED,,STRAIGHT AND LEVEL,DRY,NO DEFECTS,ON SCENE,NO INJURY / DRIVE AWAY,Y,,,"OVER $1,500",3/20/2022 12:27,FAILING TO YIELD RIGHT-OF-WAY,NOT APPLICABLE,1100,N,WELLS ST,1823,,,,,,,2,NO INDICATION OF INJURY,0,0,0,0,0,2,0,12,1,3,41.90214009,-87.63456066,POINT (-87.634560658167 41.902140086501)
61c72831fae9fcd07d51a5e652ffad6b7c5ba9ac0f78347df7b1416b9e4fe961868152c1cc00b074da9ab8d3be92c7f2d85cbeb0d98b3abb5213241a3cde2b1f,,,4/8/2022 13:08,30,TRAFFIC SIGNAL,FUNCTIONING PROPERLY,CLEAR,DAYLIGHT,TURNING,NOT DIVIDED,,STRAIGHT AND LEVEL,DRY,UNKNOWN,ON SCENE,NO INJURY / DRIVE AWAY,,,,$500 OR LESS,4/8/2022 13:08,UNABLE TO DETERMINE,UNABLE TO DETERMINE,3315,W,OGDEN AVE,1024,,,,,,,2,NO INDICATION OF INJURY,0,0,0,0,0,2,0,13,6,4,41.85668453,-87.70838196,POINT (-87.70838195803 41.856684532692)
dabe501e5fe4eaa7b6a90895604d200ffc522cca02d4a748ba40a3c8a3713509caa86f05880e6b044ee98779c5a02e6e5155fb725a59045a878929da94df4918,,,4/9/2022 2:10,30,TRAFFIC SIGNAL,FUNCTIONING PROPERLY,CLEAR,DAYLIGHT,REAR END,DIVIDED - W/MEDIAN BARRIER,,STRAIGHT AND LEVEL,DRY,NO DEFECTS,NOT ON SCENE (DESK REPORT),NO INJURY / DRIVE AWAY,Y,,Y,"OVER $1,500",4/9/2022 9:56,FOLLOWING TOO CLOSELY,"OPERATING VEHICLE IN ERRATIC, RECKLESS, CARELESS, NEGLIGENT OR AGGRESSIVE MANNER",1400,S,MICHIGAN AVE,131,,,,,,,2,NO INDICATION OF INJURY,0,0,0,0,0,4,0,2,7,4,41.86400154,-87.62422573,POINT (-87.62422572914 41.86400154355)
357bfa60df45b73b4c6b5c38f2c7c8dc1b62f6a0e2ce3682a00f41d5b032fa17976bd2bbbcdf60ec20a5240a2b0fc02a2fc7ffad4412d00868754d7b184e60bc,,,4/9/2022 12:30,35,NO CONTROLS,UNKNOWN,CLEAR,DAYLIGHT,REAR END,NOT DIVIDED,,STRAIGHT AND LEVEL,DRY,NO DEFECTS,NOT ON SCENE (DESK REPORT),NO INJURY / DRIVE AWAY,,,,"$501 - $1,500",4/9/2022 13:20,UNABLE TO DETERMINE,NOT APPLICABLE,3606,N,KILPATRICK AVE,1731,,,,,,,2,NO INDICATION OF INJURY,0,0,0,0,0,2,0,12,7,4,41.94639029,-87.74468712,POINT (-87.744687119662 41.946390287507)
8ed3529aec84ba34f1fa80dfabe5baaef87b625f4e14ba255fdb64ef6de63b3fd7d246354451525a6e0300e77c62f45954203a68e0dbe6014d1740ece17c2760,,,4/9/2022 9:15,35,NO CONTROLS,NO CONTROLS,CLEAR,DAYLIGHT,SIDESWIPE SAME DIRECTION,DIVIDED - W/MEDIAN (NOT RAISED),,STRAIGHT AND LEVEL,DRY,UNKNOWN,ON SCENE,NO INJURY / DRIVE AWAY,,Y,,$500 OR LESS,4/9/2022 9:20,NOT APPLICABLE,NOT APPLICABLE,2145,S,WESTERN AVE,1234,,,,,,,2,NO INDICATION OF INJURY,0,0,0,0,0,3,0,9,7,4,41.85252687,-87.68550793,POINT (-87.685507933873 41.852526873457)
486a9f9654a61fa28920bd7e126e5466b95512b9aedb2ff3dd16f2510cb74eb55c21bf49f18e96dae29834fa1978b60ac43f27dfc1a9b61abc11d7ea189c413d,JF179829,,3/19/2022 22:21,25,NO CONTROLS,NO CONTROLS,CLEAR,"DARKNESS, LIGHTED ROAD",SIDESWIPE SAME DIRECTION,ONE-WAY,,STRAIGHT AND LEVEL,DRY,NO DEFECTS,ON SCENE,INJURY AND / OR TOW DUE TO CRASH,,,Y,"OVER $1,500",3/19/2022 22:21,IMPROPER OVERTAKING/PASSING,NOT APPLICABLE,22,W,MONROE ST,112,,,,,,,3,NO INDICATION OF INJURY,0,0,0,0,0,3,0,22,7,3,41.88084496,-87.62859105,POINT (-87.628591044974 41.880844959558)
3df8a9cb709ef8407858bffb94b001dd034bc6e21f80635860d5fac8249b510fa9a698a1e52e8a98b08d8903030e88efc35042bc1eab2204e4c12394a0f0f18f,JF180101,,3/20/2022 6:41,35,NO CONTROLS,NO CONTROLS,CLEAR,DAYLIGHT,FIXED OBJECT,NOT DIVIDED,,STRAIGHT AND LEVEL,DRY,NO DEFECTS,ON SCENE,INJURY AND / OR TOW DUE TO CRASH,,,,"OVER $1,500",3/20/2022 6:49,UNABLE TO DETERMINE,NOT APPLICABLE,1010,W,GRAND AVE,1214,,,,,,,1,NONINCAPACITATING INJURY,1,0,0,1,0,0,0,6,1,3,41.89123773,-87.65279383,POINT (-87.652793831397 41.891237726567)