CRASH_RECORD_ID,RD_NO,CRASH_DATE_EST_I,CRASH_DATE,POSTED_SPEED_LIMIT,TRAFFIC_CONTROL_DEVICE,DEVICE_CONDITION,WEATHER_CONDITION,LIGHTING_CONDITION,FIRST_CRASH_TYPE,TRAFFICWAY_TYPE,LANE_CNT,ALIGNMENT,ROADWAY_SURFACE_COND,ROAD_DEFECT,REPORT_TYPE,CRASH_TYPE,INTERSECTION_RELATED_I,NOT_RIGHT_OF_WAY_I,HIT_AND_RUN_I,DAMAGE,DATE_POLICE_NOTIFIED,PRIM_CONTRIBUTORY_CAUSE,SEC_CONTRIBUTORY_CAUSE,STREET_NO,STREET_DIRECTION,STREET_NAME,BEAT_OF_OCCURRENCE,PHOTOS_TAKEN_I,STATEMENTS_TAKEN_I,DOORING_I,WORK_ZONE_I,WORK_ZONE_TYPE,WORKERS_PRESENT_I,NUM_UNITS,MOST_SEVERE_INJURY,INJURIES_TOTAL,INJURIES_FATAL,INJURIES_INCAPACITATING,INJURIES_NON_INCAPACITATING,INJURIES_REPORTED_NOT_EVIDENT,INJURIES_NO_INDICATION,INJURIES_UNKNOWN,CRASH_HOUR,CRASH_DAY_OF_WEEK,CRASH_MONTH,LATITUDE,LONGITUDE,LOCATION
52695daa76f88736872b630bb2de186ccf4e0e64974ac2db26ae4f14f8c6c032b17a7e812005ebf6efd45f35e63c4a01d7e7e3b1596106bd4db3f0502f94afae,JF180868,,3/20/2022 22:45,20,NO CONTROLS,NO CONTROLS,CLEAR,"DARKNESS, LIGHTED ROAD",PARKED MOTOR VEHICLE,ONE-WAY,,STRAIGHT AND LEVEL,DRY,NO DEFECTS,ON SCENE,NO INJURY / DRIVE AWAY,,,Y,"$501 - $1,500",3/20/2022 22:52,UNABLE TO DETERMINE,DRIVING SKILLS/KNOWLEDGE/EXPERIENCE,2850,W,65TH ST,823,,,,,,,2,NO INDICATION OF INJURY,0,0,0,0,0,2,0,22,1,3,41.77554848,-87.69534182,POINT (-87.695341820768 41.77554847942)
5cc700ab7a603019d002a3ba76c6cddefe260e2d79e60ed5d72e9ad6398d63439af52bb2061e680d2f0cd5fb2b6f0a0ef638d3b0544563d416bbb9801711e217,JF180402,,3/20/2022 13:30,30,STOP SIGN/FLASHER,FUNCTIONING PROPERLY,CLEAR,DAYLIGHT,ANGLE,NOT DIVIDED,,STRAIGHT AND LEVEL,DRY,NO DEFECTS,NOT ON SCENE (DESK REPORT),NO INJURY / DRIVE AWAY,Y,,,"$501 - $1,500",3/20/2022 14:10,UNABLE TO DETERMINE,UNABLE TO DETERMINE,599,W,OAK ST,1823,,,,,,,2,NO INDICATION OF INJURY,0,0,0,0,0,2,0,13,1,3,41.90030422,-87.64303846,POINT (-87.643038459373 41.900304214927)
83177e9dc88c40a2c5781ed02d6547572d5d5270ba8d32c46d07fe00e6e9cb5373855be9f13333b117493f5110345789a9e7a3ea98645f1393680b4fa6d68eeb,JF180182,,3/20/2022 9:15,30,TRAFFIC SIGNAL,FUNCTIONING PROPERLY,CLEAR,DAYLIGHT,TURNING,ONE-WAY,,STRAIGHT AND LEVEL,DRY,NO DEFECTS,NOT ON SCENE (DESK REPORT),NO INJURY / DRIVE AWAY,Y,,,"OVER $1,500",3/20/2022 9:45,IMPROPER TURNING/NO SIGNAL,NOT APPLICABLE,400,E,GRAND AVE,1834,,,,,,,2,NO INDICATION OF INJURY,0,0,0,0,0,2,0,9,1,3,41.89195819,-87.6175713,POINT (-87.617571295543 41.891958185562)
987ab732ffd8cf7dd93186ff31e0b17cdc1fbe31c4d0fe64074fc8c105060f030c73eca4214e9a738618e64b97097624f406c858167a4697000f7027ba120eba,JF180515,,3/20/2022 13:50,30,NO CONTROLS,FUNCTIONING PROPERLY,CLEAR,DAYLIGHT,TURNING,NOT DIVIDED,,STRAIGHT AND LEVEL,DRY,NO DEFECTS,NOT ON SCENE (DESK REPORT),NO INJURY / DRIVE AWAY,,,,"OVER $1,500",3/20/2022 15:58,FAILING TO YIELD RIGHT-OF-WAY,NOT APPLICABLE,7827,S,ASHLAND AVE,612,,,,,,,2,NO INDICATION OF INJURY,0,0,0,0,0,2,0,13,1,3,41.75135202,-87.66331577,POINT (-87.663315765548 41.751352017973)
55970a1a106ad343e433b83938ddc1faa03761136c617619b15762dfeaeab9085156612886318187fad803a57b5ea194c17bb41be64745f948bb054d9f962fbe,JF180979,,3/21/2022 3:15,30,NO CONTROLS,NO CONTROLS,CLEAR,"DARKNESS, LIGHTED ROAD",REAR END,DIVIDED - W/MEDIAN BARRIER,,STRAIGHT AND LEVEL,DRY,NO DEFECTS,NOT ON SCENE (DESK REPORT),NO INJURY / DRIVE AWAY,,,Y,"OVER $1,500",3/21/2022 3:45,"OPERATING VEHICLE IN ERRATIC, RECKLESS, CARELESS, NEGLIGENT OR AGGRESSIVE MANNER",UNABLE TO DETERMINE,12900,S,HALSTED ST,523,,,,,,,2,NO INDICATION OF INJURY,0,0,0,0,0,2,0,3,2,3,41.65943704,-87.64143996,POINT (-87.64143995496 41.659437040174)
1663dd863183f0e954a44352d6b587569925cf157aaaa66ae9084044fb6254cc5604b2abe916fc7fe6f52c388b6c023dee561f2c8d3305f906564153302da30f,,,4/8/2022 14:32,30,YIELD,OTHER,CLEAR,DAYLIGHT,ANGLE,DIVIDED - W/MEDIAN BARRIER,,STRAIGHT AND LEVEL,DRY,NO DEFECTS,ON SCENE,INJURY AND / OR TOW DUE TO CRASH,Y,,,"OVER $1,500",4/8/2022 14:35,FAILING TO YIELD RIGHT-OF-WAY,FAILING TO YIELD RIGHT-OF-WAY,2100,E,71ST ST,331,,,,,,,2,"REPORTED, NOT EVIDENT",2,0,0,0,2,0,0,14,6,4,41.76637351,-87.57379678,POINT (-87.573796777147 41.766373506293)
260427223ccbc9163412b5c32cd28fc05d694d3cde8d902e434d153c1197a3a502cfcc7960c15e2c476714751f8f77d63027cac2a66144280418262292f368a7,,,4/9/2022 3:45,30,NO CONTROLS,NO CONTROLS,RAIN,DUSK,REAR END,FOUR WAY,,STRAIGHT AND LEVEL,WET,NO DEFECTS,ON SCENE,INJURY AND / OR TOW DUE TO CRASH,,,,"OVER $1,500",4/9/2022 3:45,FOLLOWING TOO CLOSELY,FAILING TO REDUCE SPEED TO AVOID CRASH,680,W,CERMAK RD,1235,,,,,,,2,"REPORTED, NOT EVIDENT",1,0,0,0,1,2,0,3,7,4,41.85277885,-87.6445767,POINT (-87.644576700296 41.852778853989)
a98fdd6449d31aede63b837d02d2a1040e0705e506d2f6bf59ad0b942bfd06207e47dae46ad5d0cd74af057831a15ce7bc5e5e0fd906d9e12955e60dc372e946,,,4/9/2022 23:45,30,NO CONTROLS,NO CONTROLS,CLEAR,"DARKNESS, LIGHTED ROAD",PARKED MOTOR VEHICLE,ONE-WAY,,STRAIGHT AND LEVEL,DRY,NO DEFECTS,ON SCENE,NO INJURY / DRIVE AWAY,,,,"OVER $1,500",4/9/2022 23:49,DRIVING SKILLS/KNOWLEDGE/EXPERIENCE,NOT APPLICABLE,5249,S,LINDER AVE,814,,,,,,,2,NO INDICATION OF INJURY,0,0,0,0,0,1,0,23,7,4,41.79681854,-87.75983336,POINT (-87.759833356814 41.796818538918)
77b16fe25ba08b87796a5e94ca273e1b0c461a437b48184d0ee72d0777b872b7c06397e6749f0d98b47889f4a150a25b25856076555256476d36ac93b7631fa6,JC389765,,8/12/2019 16:48,30,TRAFFIC SIGNAL,FUNCTIONING PROPERLY,CLEAR,DAYLIGHT,OTHER NONCOLLISION,NOT DIVIDED,,STRAIGHT AND LEVEL,DRY,NO DEFECTS,ON SCENE,INJURY AND / OR TOW DUE TO CRASH,Y,,,"OVER $1,500",8/12/2019 16:50,UNABLE TO DETERMINE,NOT APPLICABLE,399,S,MICHIGAN AVE,114,,,,,,,2,"REPORTED, NOT EVIDENT",1,0,0,0,1,1,0,16,2,8,41.87706984,-87.6241455,POINT (-87.624145495633 41.87706983621)
b87f7495384302dd567cc98d094f09bf3d7663f6c95ea15cbe63f97162e2010efa7317d64b6db6553a2803931d6ae351911e61279fc99410f4c4f4d82504d1aa,,N,4/9/2022 11:30,30,NO CONTROLS,NO CONTROLS,UNKNOWN,DAYLIGHT,PARKED MOTOR VEHICLE,DIVIDED - W/MEDIAN (NOT RAISED),,STRAIGHT AND LEVEL,UNKNOWN,NO DEFECTS,ON SCENE,INJURY AND / OR TOW DUE TO CRASH,,,Y,"OVER $1,500",4/9/2022 13:20,UNABLE TO DETERMINE,UNABLE TO DETERMINE,4244,W,WRIGHTWOOD AVE,2524,,,,,,,2,NO INDICATION OF INJURY,0,0,0,0,0,1,0,11,7,4,41.92813883,-87.7336176,POINT (-87.733617602906 41.928138833347)
3f5011e551c069661d43ce7458a7c4a076ecc00bcad78231f0b6f0a8157defabffd777762223a01a29057f0f6fc3ac4ce9fa6e7a85b5e57633e7738f44bc546f,,,4/9/2022 21:10,15,NO CONTROLS,NO CONTROLS,CLEAR,"DARKNESS, LIGHTED ROAD",PARKED MOTOR VEHICLE,PARKING LOT,,STRAIGHT AND LEVEL,DRY,NO DEFECTS,NOT ON SCENE (DESK REPORT),NO INJURY / DRIVE AWAY,,Y,,"OVER $1,500",4/9/2022 21:20,UNABLE TO DETERMINE,UNABLE TO DETERMINE,900,W,NORTH AVE,1813,,,,,,,2,NO INDICATION OF INJURY,0,0,0,0,0,1,0,21,7,4,41.91098174,-87.65120931,POINT (-87.651209308018 41.910981739735)
f62f4b29fda5584452241363bf49a262f7b12fbbbf7d015079b3b67ca1cbfea37393222441a357f59bd82b972e0c353239ac0642ad52099f0689acc8f416178d,,,4/9/2022 14:08,40,NO CONTROLS,NO CONTROLS,CLEAR,DAYLIGHT,OTHER NONCOLLISION,DIVIDED - W/MEDIAN BARRIER,,STRAIGHT ON HILLCREST,DRY,"RUT, HOLES",ON SCENE,NO INJURY / DRIVE AWAY,,,,"$501 - $1,500",4/9/2022 14:50,ROAD ENGINEERING/SURFACE/MARKING DEFECTS,UNABLE TO DETERMINE,3118,N,LAKE SHORE DR SB,1934,,,,,,,1,NO INDICATION OF INJURY,0,0,0,0,0,1,0,14,7,4,41.93822963,-87.63615252,POINT (-87.636152514893 41.93822962903)
3bd4c462edc4f000b597d59dff1e40283a7ebac2009e89faf17bd12ac51b19a987075ab15648ccbbf9c72a870e898f4ca83445f33a0090d6c72158eff974710c,,,4/9/2022 2:05,30,NO CONTROLS,NO CONTROLS,SNOW,"DARKNESS, LIGHTED ROAD",REAR END,NOT DIVIDED,,STRAIGHT AND LEVEL,WET,NO DEFECTS,ON SCENE,NO INJURY / DRIVE AWAY,,,,"OVER $1,500",4/9/2022 2:12,WEATHER,UNABLE TO DETERMINE,2330,N,ASHLAND AVE,1811,,,,,,,2,NO INDICATION OF INJURY,0,0,0,0,0,2,0,2,7,4,41.92423587,-87.66825681,POINT (-87.668256805839 41.924235871859)
be09d477041fc8b32f448d2f41cf5187bbee4a2657777b989563ffdc514a9e929094e05caaa422d4151661846721d0c77551bf831bf0b8fb9568ccbcb5a04dd2,JF180168,Y,3/18/2022 7:15,30,TRAFFIC SIGNAL,FUNCTIONING PROPERLY,CLEAR,DAYLIGHT,TURNING,NOT DIVIDED,,STRAIGHT AND LEVEL,DRY,NO DEFECTS,NOT ON SCENE (DESK REPORT),NO INJURY / DRIVE AWAY,Y,,,"OVER $1,500",3/20/2022 9:20,FAILING TO YIELD RIGHT-OF-WAY,UNABLE TO DETERMINE,600,S,DAMEN AVE,1225,,,,,,,2,NO INDICATION OF INJURY,0,0,0,0,0,2,0,7,6,3,41.87400364,-87.67660234,POINT (-87.676602341069 41.874003638416)
14f0d81a6fb90dae2c0ed74e2b0c346e2228365851630924ea4ae7b43c570ed19d734ee2636fe0d944843321d1f35f3495e15d96db700d9a77c56c750193e9b9,JF179762,,3/19/2022 20:04,20,NO CONTROLS,NO CONTROLS,CLEAR,"DARKNESS, LIGHTED ROAD",FIXED OBJECT,NOT DIVIDED,,STRAIGHT AND LEVEL,WET,NO DEFECTS,ON SCENE,INJURY AND / OR TOW DUE TO CRASH,,Y,Y,"OVER $1,500",3/19/2022 20:04,DRIVING SKILLS/KNOWLEDGE/EXPERIENCE,UNABLE TO DETERMINE,4737,S,CHRISTIANA AVE,821,,,,,,,1,NO INDICATION OF INJURY,0,0,0,0,0,1,0,20,7,3,41.80696134,-87.70747914,POINT (-87.70747914434 41.806961336184)
29afce998a448775ee3e968087e8c1ff885f31311db8e71e3493958eeefbb524f0a6c7e26ca9af8694c54ed5a454db096ea88a0bdc1417ff90d8963716ecc5ca,JF180527,,3/20/2022 1:00,30,TRAFFIC SIGNAL,FUNCTIONING PROPERLY,CLEAR,"DARKNESS, LIGHTED ROAD",TURNING,DIVIDED - W/MEDIAN (NOT RAISED),,STRAIGHT AND LEVEL,DRY,NO DEFECTS,NOT ON SCENE (DESK REPORT),INJURY AND / OR TOW DUE TO CRASH,,,,"$501 - $1,500",3/20/2022 15:21,UNABLE TO DETERMINE,UNABLE TO DETERMINE,708,W,TAYLOR ST,124,,,,,,,2,INCAPACITATING INJURY,1,0,1,0,0,1,0,1,1,3,41.86980152,-87.64416527,POINT (-87.644165267277 41.869801519478)
2fbcdcabdcf1e27cc73271ed0a0c58bd1c8708daf44cb6228c9e275030645cf90cb416bc197e11eecbaaca4a8382a00f20e01390c0622c7170c5cee08770d8b2,JF180496,,3/20/2022 15:32,30,NO CONTROLS,NO CONTROLS,CLEAR,DAYLIGHT,REAR END,DIVIDED - W/MEDIAN (NOT RAISED),,STRAIGHT AND LEVEL,DRY,NO DEFECTS,ON SCENE,NO INJURY / DRIVE AWAY,,,,"OVER $1,500",3/20/2022 15:40,FOLLOWING TOO CLOSELY,UNABLE TO DETERMINE,3429,W,DIVERSEY AVE,1412,,,,,,,2,NO INDICATION OF INJURY,0,0,0,0,0,3,0,15,1,3,41.93184778,-87.71342663,POINT (-87.713426626339 41.931847783036)
c8d79e32d36212d748cc804cb17da095462524e93a362a78b3a365d300dfe0a2f336926f25cbe53567233b8f5ffe3a4cc81753ee42325085ed914feaca766642,,,4/6/2022 13:30,30,TRAFFIC SIGNAL,FUNCTIONING PROPERLY,CLEAR,DAYLIGHT,SIDESWIPE SAME DIRECTION,DIVIDED - W/MEDIAN (NOT RAISED),,STRAIGHT AND LEVEL,DRY,NO DEFECTS,NOT ON SCENE (DESK REPORT),NO INJURY / DRIVE AWAY,,,Y,"OVER $1,500",4/6/2022 23:10,IMPROPER OVERTAKING/PASSING,UNABLE TO DETERMINE,958,N,PULASKI RD,1111,,,,,,,2,NO INDICATION OF INJURY,0,0,0,0,0,3,0,13,4,4,41.89892718,-87.72633786,POINT (-87.726337863525 41.898927177723)
5d54b40d8307e5433fd35b56a200fd585cc3adea9916ec12fc8db452635af1b48bd96f20053172c9144c91e746a487455047e27128319ff4fe8c9a5f346fc103,,Y,4/9/2022 17:10,30,NO CONTROLS,NO CONTROLS,CLEAR,DAYLIGHT,FIXED OBJECT,NOT DIVIDED,,STRAIGHT AND LEVEL,DRY,NO DEFECTS,NOT ON SCENE (DESK REPORT),NO INJURY / DRIVE AWAY,,,,"$501 - $1,500",4/9/2022 18:00,NOT APPLICABLE,UNABLE TO DETERMINE,5401,S,WESTERN BLVD,932,,,,,,,1,NO INDICATION OF INJURY,0,0,0,0,0,2,0,17,7,4,41.79555235,-87.68337229,POINT (-87.683372285592 41.795552345378)
f675676b5e9353739d0f3c1623d613d5d1b2fbed22551586b7da91ee889eb5c1c2af4d379ae939491095d682bacd7b275901cbd281ca95f77a387b6fbb3c0280,JF179415,,3/18/2022 21:30,30,NO CONTROLS,NO CONTROLS,CLEAR,"DARKNESS, LIGHTED ROAD",PARKED MOTOR VEHICLE,ALLEY,,STRAIGHT AND LEVEL,DRY,NO DEFECTS,NOT ON SCENE (DESK REPORT),NO INJURY / DRIVE AWAY,,,Y,"$501 - $1,500",3/19/2022 14:00,IMPROPER BACKING,NOT APPLICABLE,4435,W,DIVISION ST,1111,,,,,,,2,NO INDICATION OF INJURY,0,0,0,0,0,1,0,21,6,3,41.90237823,-87.73751685,POINT (-87.737516847975 41.902378228785)
d7ca81aff08a91164303765906f6059dd546c95d452a2e711b8801ab64c50eb583dc11fc43010fcba1d79ae0da79b6a7ca6edb96d5515752f0f4c91d52684b59,,,4/8/2022 14:49,30,NO CONTROLS,NO CONTROLS,CLEAR,DAYLIGHT,TURNING,NOT DIVIDED,,STRAIGHT AND LEVEL,DRY,NO DEFECTS,ON SCENE,NO INJURY / DRIVE AWAY,,,,"OVER $1,500",4/8/2022 15:11,FAILING TO YIELD RIGHT-OF-WAY,UNABLE TO DETERMINE,11400,S,DOTY AVE W,531,,,,,,,2,NO INDICATION OF INJURY,0,0,0,0,0,2,0,14,6,4,41.68757126,-87.60150004,POINT (-87.601500037812 41.68757125793)
f9d520f4051905a54e0c31ddd3c9fd6100989ac4f496eeab52fed8cacf0a3efc18111c078493727825e3d5b09525633d6fe67e1bb2bdbf49aea91c6c7c5ed174,,,4/7/2022 21:00,30,NO CONTROLS,NO CONTROLS,CLEAR,"DARKNESS, LIGHTED ROAD",ANGLE,NOT DIVIDED,,STRAIGHT ON GRADE,DRY,NO DEFECTS,NOT ON SCENE (DESK REPORT),INJURY AND / OR TOW DUE TO CRASH,,,Y,"OVER $1,500",4/8/2022 11:30,UNABLE TO DETERMINE,UNABLE TO DETERMINE,1610,W,79TH ST,611,,,,,,,2,NONINCAPACITATING INJURY,2,0,0,2,0,2,0,21,5,4,41.75045686,-87.66386363,POINT (-87.663863629834 41.750456857122)
641f4c49aa571937e97f163ebddd9eda187e30202c8457e915e4d35c8724b4661d3606be806706221229c68af020fb4dac70885eccafc74e6fc8325862fcc0e2,,,4/8/2022 21:30,30,TRAFFIC SIGNAL,FUNCTIONING PROPERLY,CLEAR,"DARKNESS, LIGHTED ROAD",TURNING,UNKNOWN INTERSECTION TYPE,,STRAIGHT AND LEVEL,DRY,UNKNOWN,,NO INJURY / DRIVE AWAY,Y,,Y,"OVER $1,500",4/9/2022 11:15,IMPROPER TURNING/NO SIGNAL,UNABLE TO DETERMINE,151,E,LOWER WACKER DR,114,,,,,,,3,NO INDICATION OF INJURY,0,0,0,0,0,8,0,21,6,4,41.8879732,-87.62257424,POINT (-87.622574238789 41.88797320385)
1fee79ae828e772b2b35fb71d8bc3a4346703d2d75924ea25df647b85d6cb9c0734fcc6dbe4987309f4b1ae3f0193b73add2a1a015bbe8aee45f85fa67b030e4,JF179707,,3/19/2022 18:50,30,NO CONTROLS,NO CONTROLS,RAIN,DUSK,SIDESWIPE SAME DIRECTION,NOT DIVIDED,,STRAIGHT AND LEVEL,WET,NO DEFECTS,ON SCENE,NO INJURY / DRIVE AWAY,,,,"OVER $1,500",3/19/2022 19:24,UNABLE TO DETERMINE,UNABLE TO DETERMINE,1513,N,KOSTNER AVE,2534,,,,,,,2,NO INDICATION OF INJURY,0,0,0,0,0,2,0,18,7,3,41.90807633,-87.73614358,POINT (-87.736143578986 41.908076334355)
4bfac0f3b30df90a3a5fb925e14eefec4cc449d81612aa96dc4b2c7a8fb888fe3fd04a401461ef87a7606085d45b5806a567121e37a820ba6aa946b03ca21eee,JF180539,,3/20/2022 15:45,30,TRAFFIC SIGNAL,UNKNOWN,CLEAR,DAYLIGHT,REAR END,NOT DIVIDED,,STRAIGHT AND LEVEL,DRY,UNKNOWN,NOT ON SCENE (DESK REPORT),NO INJURY / DRIVE AWAY,,,,"OVER $1,500",3/20/2022 16:20,FOLLOWING TOO CLOSELY,NOT APPLICABLE,2046,E,83RD ST,414,,,,,,,2,NO INDICATION OF INJURY,0,0,0,0,0,2,0,15,1,3,41.74446686,-87.57398961,POINT (-87.573989607581 41.744466863862)
517c1a91654343f65ab4d4df0930f6477faa937260cc878990d3f274cbddb5a748f237cf1b25c325686e95f8c6a5036367ced237a1fc5aa2aa1d6f2c6ae8c66b,JF180748,,3/20/2022 19:30,30,TRAFFIC SIGNAL,FUNCTIONING PROPERLY,CLEAR,DAWN,REAR END,DIVIDED - W/MEDIAN (NOT RAISED),,STRAIGHT AND LEVEL,DRY,NO DEFECTS,NOT ON SCENE (DESK REPORT),INJURY AND / OR TOW DUE TO CRASH,Y,,,"OVER $1,500",3/20/2022 20:10,FOLLOWING TOO CLOSELY,FAILING TO REDUCE SPEED TO AVOID CRASH,1599,N,SHEFFIELD AVE,1822,,,,,,,2,"REPORTED, NOT EVIDENT",1,0,0,0,1,1,0,19,1,3,41.91078922,-87.65295855,POINT (-87.652958545371 41.91078922032)
88281fceb068c89968b7975a5e1d1db57ae2c38f00148208ecdbed1b0eadf5a1380d1942d89c897dc66853b895f25a21c5684d082f740cadad92e9ef2e2eaddb,JF180189,,3/20/2022 3:30,35,NO CONTROLS,NO CONTROLS,CLEAR,DARKNESS,PEDALCYCLIST,NOT DIVIDED,,STRAIGHT AND LEVEL,WET,NO DEFECTS,NOT ON SCENE (DESK REPORT),INJURY AND / OR TOW DUE TO CRASH,,,Y,"$501 - $1,500",3/20/2022 9:39,UNABLE TO DETERMINE,UNABLE TO DETERMINE,3218,W,DIVISION ST,1422,,,,,,,2,"REPORTED, NOT EVIDENT",1,0,0,0,1,1,0,3,1,3,41.90293419,-87.70755198,POINT (-87.707551982693 41.902934188128)
ae3c18965a2562dfa1feb78838a2771ce69d9832727847d48163df75d8b6de15063c90a725c2f8439eda26b688fbd0ca5c59ab85ef46c8677b8325322452101e,JF180550,,3/20/2022 16:20,30,NO CONTROLS,NO CONTROLS,CLEAR,DAYLIGHT,ANIMAL,NOT DIVIDED,,STRAIGHT AND LEVEL,DRY,NO DEFECTS,ON SCENE,NO INJURY / DRIVE AWAY,,,Y,"$501 - $1,500",3/20/2022 16:35,ANIMAL,ANIMAL,3314,N,KILBOURN AVE,1731,,,,,,,1,NO INDICATION OF INJURY,0,0,0,0,0,2,0,16,1,3,41.94123741,-87.73971176,POINT (-87.739711763067 41.941237407945)
d9b7ae1604793bef40402a35e8a2034324019f48493e0f3fcb1fa8e0a74d286369f3ba14454043d7739575370e378917818e1594bb46f99f2a7d4901344c3cef,JF180449,,3/20/2022 13:30,15,NO CONTROLS,NO CONTROLS,CLEAR,DAYLIGHT,FIXED OBJECT,PARKING LOT,,STRAIGHT AND LEVEL,DRY,NO DEFECTS,NOT ON SCENE (DESK REPORT),NO INJURY / DRIVE AWAY,,Y,,"$501 - $1,500",3/20/2022 15:00,UNABLE TO DETERMINE,NOT APPLICABLE,1620,W,HARRISON ST,1231,,,,,,,1,NO INDICATION OF INJURY,0,0,0,0,0,1,0,13,1,3,41.87429616,-87.66761281,POINT (-87.667612810518 41.8742961615)
594792c873837a8f5e7e2439aa96ccfb163a90bb2a28a237810b40b77c045b92006000ba574001f922b9b6fee3db750c5b447581ad5d0a686ca580825ed1f82c,,,4/9/2022 17:50,30,TRAFFIC SIGNAL,FUNCTIONING PROPERLY,CLEAR,DAYLIGHT,TURNING,NOT DIVIDED,,STRAIGHT AND LEVEL,DRY,NO DEFECTS,NOT ON SCENE (DESK REPORT),NO INJURY / DRIVE AWAY,,,Y,"OVER $1,500",4/9/2022 18:05,UNABLE TO DETERMINE,UNABLE TO DETERMINE,1220,N,CENTRAL AVE,2531,,,,,,,2,NO INDICATION OF INJURY,0,0,0,0,0,2,0,17,7,4,41.90276745,-87.76582393,POINT (-87.765823934467 41.902767447199)
e3004486f3d653cb8a58843105b360bb2ac7d94004919b26ee4746deba63cadd53e81de92f5d23c2e452afdf963494af567d3469c367c8d40706d686823c0255,,,4/9/2022 8:50,40,NO CONTROLS,NO CONTROLS,CLEAR,DAYLIGHT,OTHER OBJECT,DIVIDED - W/MEDIAN BARRIER,,STRAIGHT AND LEVEL,WET,NO DEFECTS,ON SCENE,INJURY AND / OR TOW DUE TO CRASH,,,,"$501 - $1,500",4/9/2022 8:55,IMPROPER LANE USAGE,NOT APPLICABLE,924,N,LAKE SHORE DR SB,1833,,,,,,,1,NO INDICATION OF INJURY,0,0,0,0,0,1,0,8,7,4,41.89997455,-87.61914018,POINT (-87.619140181339 41.899974548312)
6a66c5f6999f8142d9e56c2c704cf87055d396e1f572a3d7c7e92a9b0021a00d09da9bc7bc43ba5c72e4ff83c04ec2b720131a810197aa2893d6b98ef4711ff6,JF172419,,3/13/2022 11:34,30,NO CONTROLS,NO CONTROLS,CLEAR,DAYLIGHT,TURNING,OTHER,,STRAIGHT AND LEVEL,DRY,NO DEFECTS,ON SCENE,NO INJURY / DRIVE AWAY,,,,"OVER $1,500",3/13/2022 11:38,DRIVING SKILLS/KNOWLEDGE/EXPERIENCE,NOT APPLICABLE,7130,N,WESTERN AVE,2411,,,,,,,2,NO INDICATION OF INJURY,0,0,0,0,0,2,0,11,1,3,42.01188345,-87.69038813,POINT (-87.690388134457 42.011883444922)
a7d9ae3dc728b5e36e104b4ebffff0975c79ad442b3ceeff80f38bb5ad1f8151169feb0fbb3f98bcb699d133ac1897150c0941208a4af628dd2fc6e77a8d4a2e,,,4/8/2022 16:17,30,NO CONTROLS,NO CONTROLS,RAIN,DAYLIGHT,PEDESTRIAN,NOT DIVIDED,,STRAIGHT AND LEVEL,WET,NO DEFECTS,ON SCENE,INJURY AND / OR TOW DUE TO CRASH,,,Y,"OVER $1,500",4/8/2022 16:20,UNABLE TO DETERMINE,UNABLE TO DETERMINE,3932,W,MADISON ST,1122,,,,,,,2,INCAPACITATING INJURY,1,0,1,0,0,2,0,16,6,4,41.88085622,-87.72414951,POINT (-87.724149507852 41.880856217839)
2e52c6dbe173030dd6eefffabef3fdd1a4a604a29e83b9929b104f7c036ac11be493068c71ae1b763799a4d181dc58c0f62443ec676529fe55f855a7a8d8f1bc,,Y,4/9/2022 12:05,30,TRAFFIC SIGNAL,UNKNOWN,CLEAR,DAYLIGHT,SIDESWIPE SAME DIRECTION,NOT DIVIDED,,STRAIGHT AND LEVEL,DRY,NO DEFECTS,ON SCENE,NO INJURY / DRIVE AWAY,,,,"OVER $1,500",4/9/2022 13:08,UNABLE TO DETERMINE,UNABLE TO DETERMINE,4803,N,BROADWAY,2033,,,,,,,2,NO INDICATION OF INJURY,0,0,0,0,0,2,0,12,7,4,41.96914643,-87.65952733,POINT (-87.659527326336 41.969146428509)
110f2bb270ad502c3fb94126237c2aecd44b09e27d5411721162ab55e36076bb9db6c9bb0d2290e0e8161431d12b4360d6361e391abeb83876b1a05d6b7c7292,,Y,4/9/2022 14:06,30,NO CONTROLS,NO CONTROLS,CLEAR,DAYLIGHT,PARKED MOTOR VEHICLE,DIVIDED - W/MEDIAN (NOT RAISED),,STRAIGHT AND LEVEL,DRY,NO DEFECTS,NOT ON SCENE (DESK REPORT),NO INJURY / DRIVE AWAY,,,,"OVER $1,500",4/9/2022 15:00,IMPROPER OVERTAKING/PASSING,NOT APPLICABLE,7152,S,EXCHANGE AVE,334,,,,,,,2,NO INDICATION OF INJURY,0,0,0,0,0,1,0,14,7,4,41.76470569,-87.56555082,POINT (-87.565550821486 41.764705691135)
1d63fd5dacb375117d7cced2331d0864504afdb4786c575be1d01e42e9d6743b6199829fc1aecc97f8a21d37fd2106eb5cb3d13928491649ef222d4d84e51026,,,4/9/2022 18:34,30,NO CONTROLS,NO CONTROLS,CLEAR,DAYLIGHT,REAR END,NOT DIVIDED,,STRAIGHT AND LEVEL,DRY,NO DEFECTS,ON SCENE,NO INJURY / DRIVE AWAY,,,,$500 OR LESS,4/9/2022 18:36,FOLLOWING TOO CLOSELY,UNABLE TO DETERMINE,5744,W,DIVERSEY AVE,2514,,,,,,,2,NO INDICATION OF INJURY,0,0,0,0,0,3,0,18,7,4,41.93132723,-87.77050046,POINT (-87.770500458459 41.931327231616)