CRASH_RECORD_ID,RD_NO,CRASH_DATE_EST_I,CRASH_DATE,POSTED_SPEED_LIMIT,TRAFFIC_CONTROL_DEVICE,DEVICE_CONDITION,WEATHER_CONDITION,LIGHTING_CONDITION,FIRST_CRASH_TYPE,TRAFFICWAY_TYPE,LANE_CNT,ALIGNMENT,ROADWAY_SURFACE_COND,ROAD_DEFECT,REPORT_TYPE,CRASH_TYPE,INTERSECTION_RELATED_I,NOT_RIGHT_OF_WAY_I,HIT_AND_RUN_I,DAMAGE,DATE_POLICE_NOTIFIED,PRIM_CONTRIBUTORY_CAUSE,SEC_CONTRIBUTORY_CAUSE,STREET_NO,STREET_DIRECTION,STREET_NAME,BEAT_OF_OCCURRENCE,PHOTOS_TAKEN_I,STATEMENTS_TAKEN_I,DOORING_I,WORK_ZONE_I,WORK_ZONE_TYPE,WORKERS_PRESENT_I,NUM_UNITS,MOST_SEVERE_INJURY,INJURIES_TOTAL,INJURIES_FATAL,INJURIES_INCAPACITATING,INJURIES_NON_INCAPACITATING,INJURIES_REPORTED_NOT_EVIDENT,INJURIES_NO_INDICATION,INJURIES_UNKNOWN,CRASH_HOUR,CRASH_DAY_OF_WEEK,CRASH_MONTH,LATITUDE,LONGITUDE,LOCATION
df6f2771440bfad856c3a172e99ed4de3ebfcc0b6cf42eb72b8462d9642831b965bd47b303b3f93630c42a5e9a36c909f8c4ae8c90f84a901cc184a6b767edcb,,,4/8/2022 18:30,30,STOP SIGN/FLASHER,FUNCTIONING PROPERLY,CLEAR,DAYLIGHT,REAR END,NOT DIVIDED,,STRAIGHT AND LEVEL,DRY,NO DEFECTS,NOT ON SCENE (DESK REPORT),NO INJURY / DRIVE AWAY,,,,"$501 - $1,500",4/9/2022 17:18,NOT APPLICABLE,NOT APPLICABLE,6300,S,LATROBE AVE,813,,,,,,,2,NO INDICATION OF INJURY,0,0,0,0,0,2,0,18,6,4,41.77817365,-87.75336415,POINT (-87.753364153395 41.778173650649)
6a6da7c166da02893f40ce6a6b6cf1e5320665e98ce431b25d404be457fe51b481cfe0a97ec31af05cf6920658b23652fc501a56ac5439a86a3eb448cd25c2d4,JF172800,,3/13/2022 17:43,30,TRAFFIC SIGNAL,FUNCTIONING PROPERLY,CLEAR,DAYLIGHT,REAR END,ONE-WAY,,STRAIGHT AND LEVEL,DRY,NO DEFECTS,ON SCENE,NO INJURY / DRIVE AWAY,,,,$500 OR LESS,3/13/2022 17:45,FOLLOWING TOO CLOSELY,FOLLOWING TOO CLOSELY,39,W,OHIO ST,1831,,,,,,,2,NO INDICATION OF INJURY,0,0,0,0,0,2,0,17,1,3,41.89233879,-87.6295965,POINT (-87.62959649776 41.892338790403)
935eb4814d7d0bacc7a07161d31f3a303d5cb1b1b1666ab02db2e8600a804201358f05a244805982280d85ececb33f122ebedb1533615df81be49fbe28c73b4c,JF180205,,2/23/2022 10:30,30,NO CONTROLS,NO CONTROLS,RAIN,DAYLIGHT,OTHER OBJECT,NOT DIVIDED,,STRAIGHT AND LEVEL,WET,UNKNOWN,NOT ON SCENE (DESK REPORT),NO INJURY / DRIVE AWAY,,,,"OVER $1,500",3/20/2022 10:30,UNABLE TO DETERMINE,UNABLE TO DETERMINE,2757,W,DEVON AVE,2413,,,,,,,1,NO INDICATION OF INJURY,0,0,0,0,0,1,0,10,4,2,41.99745577,-87.6993601,POINT (-87.699360098911 41.997455764597)
30c031fa8b17a0ab2ef39451ca34ec5cb09c4dfd6aff164771d0803b034ec693d7847158f69b56301f9eaf1f15d8c3193931a2ca4489a7d08c4fec7fc471170b,JF179796,,3/19/2022 21:19,30,TRAFFIC SIGNAL,UNKNOWN,RAIN,"DARKNESS, LIGHTED ROAD",ANGLE,FOUR WAY,,STRAIGHT AND LEVEL,WET,NO DEFECTS,ON SCENE,INJURY AND / OR TOW DUE TO CRASH,Y,,,"OVER $1,500",3/19/2022 21:30,FAILING TO YIELD RIGHT-OF-WAY,NOT APPLICABLE,3198,W,WARREN BLVD,1222,,,,,,,2,NONINCAPACITATING INJURY,1,0,0,1,0,2,0,21,7,3,41.88199686,-87.7060342,POINT (-87.706034196468 41.88199685633)
222168b12afba32acfc1a784645c87e297c0efdf8f6705f6e5bd03d94d223e5364cdc57223a333659d60ce305b4a24011ca4ff6e78877603a9a4120efcdcca3d,JF180359,,3/20/2022 13:13,30,STOP SIGN/FLASHER,FUNCTIONING PROPERLY,CLEAR,DAYLIGHT,SIDESWIPE SAME DIRECTION,FOUR WAY,,STRAIGHT AND LEVEL,DRY,NO DEFECTS,ON SCENE,NO INJURY / DRIVE AWAY,Y,,Y,"$501 - $1,500",3/20/2022 13:13,FAILING TO YIELD RIGHT-OF-WAY,IMPROPER OVERTAKING/PASSING,1400,W,99TH ST,2213,,,,,,,2,NO INDICATION OF INJURY,0,0,0,0,0,5,0,13,1,3,41.71414145,-87.65752327,POINT (-87.657523273026 41.714141448578)
4474b39cea65903009805bc71882980ccdde0156030ce4ec74e48003a1d7d6d99663025337de023e4344c3824e63232226f554d212d83ba81c8a54cf3dcbb756,JF180569,,3/20/2022 15:00,30,STOP SIGN/FLASHER,FUNCTIONING PROPERLY,UNKNOWN,UNKNOWN,REAR END,DIVIDED - W/MEDIAN (NOT RAISED),,STRAIGHT AND LEVEL,UNKNOWN,UNKNOWN,NOT ON SCENE (DESK REPORT),NO INJURY / DRIVE AWAY,,,Y,$500 OR LESS,3/20/2022 17:00,UNABLE TO DETERMINE,NOT APPLICABLE,1600,E,79TH ST,411,,,,,,,2,NO INDICATION OF INJURY,0,0,0,0,0,2,0,15,1,3,41.75161152,-87.58559228,POINT (-87.585592284288 41.751611523273)
d32ad91389e1d7673bbb8bf5bc046c55928be9a629026f773448638b3be711b9d3c1e33f86d568720ed5e1761a4bf664662514413e0c795c4a48785bc3397fa4,,,4/9/2022 20:51,30,NO CONTROLS,NO CONTROLS,CLEAR,"DARKNESS, LIGHTED ROAD",FIXED OBJECT,NOT DIVIDED,,STRAIGHT AND LEVEL,DRY,NO DEFECTS,NOT ON SCENE (DESK REPORT),INJURY AND / OR TOW DUE TO CRASH,,Y,Y,"OVER $1,500",4/9/2022 20:51,UNABLE TO DETERMINE,UNABLE TO DETERMINE,4813,N,KIMBALL AVE,1713,,,,,,,1,NO INDICATION OF INJURY,0,0,0,0,0,1,0,20,7,4,41.96883277,-87.71322943,POINT (-87.713229434068 41.968832773065)
84465776847f0d0f1fda074ed7505b543df81ef10af482889cb1fc8129fadd748e1bb2301f940e4855e61827164a883248ec2afa813e918a6a855264e917394d,JF179612,,3/18/2022 19:30,30,NO CONTROLS,NO CONTROLS,RAIN,"DARKNESS, LIGHTED ROAD",PARKED MOTOR VEHICLE,NOT DIVIDED,,STRAIGHT AND LEVEL,WET,NO DEFECTS,NOT ON SCENE (DESK REPORT),NO INJURY / DRIVE AWAY,,,,"$501 - $1,500",3/19/2022 17:50,IMPROPER OVERTAKING/PASSING,FAILING TO REDUCE SPEED TO AVOID CRASH,7533,W,BELMONT AVE,2511,,,,,,,3,NO INDICATION OF INJURY,0,0,0,0,0,1,0,19,6,3,41.93784743,-87.81535583,POINT (-87.815355827051 41.937847433671)
4ae7c19a0103a77c90c64f7815df621ce82078b9ac3062d551074b171b1f5ee45c50121335c14bf30ac74ba33c108efed92c053e857918d00d3503b58006b19a,,,4/9/2022 10:25,30,TRAFFIC SIGNAL,FUNCTIONING PROPERLY,CLEAR,DAYLIGHT,PEDESTRIAN,FOUR WAY,,STRAIGHT AND LEVEL,DRY,NO DEFECTS,ON SCENE,INJURY AND / OR TOW DUE TO CRASH,Y,,,$500 OR LESS,4/9/2022 10:26,UNABLE TO DETERMINE,UNABLE TO DETERMINE,10659,S,HALSTED ST,2233,,,,,,,2,NONINCAPACITATING INJURY,1,0,0,1,0,1,0,10,7,4,41.69973412,-87.64246414,POINT (-87.642464143264 41.69973412119)
474c54339c649cba6fa18e93529a7ace87d4ba829b00f04c4e811d3c93dd193e2d2de843abbfd1e42f64cae89754bde2ecd71b6804df7c9c585a8ab4cc6c78c7,,,4/9/2022 8:10,30,TRAFFIC SIGNAL,FUNCTIONING PROPERLY,CLEAR,DAYLIGHT,ANGLE,NOT DIVIDED,,STRAIGHT AND LEVEL,DRY,NO DEFECTS,NOT ON SCENE (DESK REPORT),NO INJURY / DRIVE AWAY,Y,,,"OVER $1,500",4/9/2022 8:42,UNABLE TO DETERMINE,NOT APPLICABLE,2100,W,CERMAK RD,1234,,,,,,,2,NO INDICATION OF INJURY,0,0,0,0,0,2,0,8,7,4,41.85224519,-87.67841789,POINT (-87.67841788835 41.852245185595)
2a385c89d3b24e18e77f28424db5fc705398c3d38a23252d76d6a757cc0bb6235b7fdd3faf1afc9a73b3f5135b8cccdb9b4bca1f34a0cc710fb255b2598cc932,,,4/9/2022 18:00,30,NO CONTROLS,NO CONTROLS,CLEAR,DAYLIGHT,PARKED MOTOR VEHICLE,UNKNOWN,,STRAIGHT AND LEVEL,DRY,NO DEFECTS,ON SCENE,INJURY AND / OR TOW DUE TO CRASH,,,,"OVER $1,500",4/9/2022 18:31,UNABLE TO DETERMINE,UNABLE TO DETERMINE,221,E,60TH ST,311,,,,,,,2,"REPORTED, NOT EVIDENT",1,0,0,0,1,1,0,18,7,4,41.78552729,-87.61976233,POINT (-87.619762324707 41.785527286603)
827453a51d154412e1c2e9c332fa9f4a4b610ad03cfb4e4e9783e76220f6a661d37daffe227e057217cb1ceeeca3adde6d356bb3fe6b50b18dde3683a251e9e8,,,4/9/2022 14:27,10,NO CONTROLS,NO CONTROLS,CLEAR,DAYLIGHT,TURNING,PARKING LOT,,STRAIGHT AND LEVEL,DRY,UNKNOWN,NOT ON SCENE (DESK REPORT),NO INJURY / DRIVE AWAY,,Y,,"$501 - $1,500",4/9/2022 15:00,UNABLE TO DETERMINE,DRIVING SKILLS/KNOWLEDGE/EXPERIENCE,2015,N,CENTRAL PARK AVE,1413,,,,,,,2,NO INDICATION OF INJURY,0,0,0,0,0,5,0,14,7,4,41.91774356,-87.71663785,POINT (-87.71663785149 41.917743563162)
0d49efdd360aeb105aa844ea5b101cfc193ac8d3b988cdb7b5559d7eab13e03bce89ac70791e9e63920c9a6f5feaf9c74743d2b0280c387bc1427f75fbf52851,,,4/6/2022 8:10,40,TRAFFIC SIGNAL,FUNCTIONING PROPERLY,RAIN,DAYLIGHT,TURNING,DIVIDED - W/MEDIAN BARRIER,,STRAIGHT AND LEVEL,WET,NO DEFECTS,,NO INJURY / DRIVE AWAY,Y,,,"OVER $1,500",4/6/2022 12:00,IMPROPER TURNING/NO SIGNAL,NOT APPLICABLE,300,E,ROOSEVELT DR,114,,,,,,,2,NO INDICATION OF INJURY,0,0,0,0,0,4,0,8,4,4,41.86762343,-87.6203324,POINT (-87.62033239926 41.867623428526)
a2dec8ae9f2856e66a8d3335c38c75d7edf89b5222c4d4239d2c8f965764ce888bb21f1052f6348c8f1a7eab11d14e6daa4019709456f5741dee6dc83310c347,,Y,4/9/2022 12:32,30,NO CONTROLS,NO CONTROLS,CLEAR,DAYLIGHT,FIXED OBJECT,NOT DIVIDED,,STRAIGHT ON HILLCREST,DRY,NO DEFECTS,ON SCENE,INJURY AND / OR TOW DUE TO CRASH,,,,"OVER $1,500",4/9/2022 12:33,PHYSICAL CONDITION OF DRIVER,UNABLE TO DETERMINE,2018,W,107TH ST,2212,,,,,,,1,NONINCAPACITATING INJURY,1,0,0,1,0,0,0,12,7,4,41.69930956,-87.67209186,POINT (-87.672091858367 41.699309557348)
ee781c06e00831b6cad2c7b372976149a09c893fc16c051f200e9f67b392861470952b0571c093997524c7471f8a3a5c8ccf45a29d44ed9e296c0acf701d6408,,,4/9/2022 13:45,30,NO CONTROLS,NO CONTROLS,CLEAR,DAYLIGHT,ANGLE,NOT DIVIDED,,STRAIGHT AND LEVEL,DRY,NO DEFECTS,NOT ON SCENE (DESK REPORT),NO INJURY / DRIVE AWAY,,,,"OVER $1,500",4/9/2022 14:45,FAILING TO YIELD RIGHT-OF-WAY,UNABLE TO DETERMINE,3100,N,KEDZIE AVE,1412,,,,,,,2,NO INDICATION OF INJURY,0,0,0,0,0,2,0,13,7,4,41.93756676,-87.70772538,POINT (-87.707725374682 41.937566759005)
c5d3e7b99c9ed3372f4d4f634af48bbf00d081e4005394b8c42e8f9dd0508e49ebfe9c883a72aedb63a3d50fdb050242524adc4a84cfad686297d4418d83b6e2,,,4/9/2022 6:15,30,NO CONTROLS,NO CONTROLS,CLEAR,DAYLIGHT,SIDESWIPE SAME DIRECTION,NOT DIVIDED,,STRAIGHT AND LEVEL,ICE,SHOULDER DEFECT,NOT ON SCENE (DESK REPORT),NO INJURY / DRIVE AWAY,,,,"OVER $1,500",4/9/2022 7:58,WEATHER,WEATHER,5305,S,HARLEM AVE,811,,,,,,,2,NO INDICATION OF INJURY,0,0,0,0,0,2,0,6,7,4,41.79557654,-87.80146082,POINT (-87.801460822225 41.795576534595)
ac0213a4954595a7915c41729bd72de06434fd1078c130ae909a1094cd8697b52879d378abf68b5983854c55df5352c2851089616c53b7b043add7da8274e493,JF180483,,3/19/2022 7:10,30,STOP SIGN/FLASHER,FUNCTIONING PROPERLY,CLEAR,DAYLIGHT,PARKED MOTOR VEHICLE,DIVIDED - W/MEDIAN (NOT RAISED),,STRAIGHT AND LEVEL,DRY,NO DEFECTS,NOT ON SCENE (DESK REPORT),NO INJURY / DRIVE AWAY,,,Y,"OVER $1,500",3/20/2022 15:25,UNABLE TO DETERMINE,DRIVING SKILLS/KNOWLEDGE/EXPERIENCE,9200,S,COLFAX AVE,423,,,,,,,2,NO INDICATION OF INJURY,0,0,0,0,0,1,0,7,7,3,41.72803366,-87.56101659,POINT (-87.561016587502 41.728033659688)
1cd88c84e26bb7b8b4073d0ae1511745d86fb4f602b24c26875bdaffcf0811f34faf08a25169c1660fe7e8b89223024924b7cb60c53eca1f4a5c160a40331200,JF180503,,3/20/2022 14:50,30,NO CONTROLS,NO CONTROLS,CLEAR,DAYLIGHT,PARKED MOTOR VEHICLE,ONE-WAY,,STRAIGHT AND LEVEL,DRY,UNKNOWN,NOT ON SCENE (DESK REPORT),NO INJURY / DRIVE AWAY,,,,"OVER $1,500",3/20/2022 15:45,DRIVING SKILLS/KNOWLEDGE/EXPERIENCE,NOT APPLICABLE,1411,N,FAIRFIELD AVE,1423,,,,,,,2,NO INDICATION OF INJURY,0,0,0,0,0,1,0,14,1,3,41.90696449,-87.69553965,POINT (-87.695539647676 41.906964486893)
2db949c96eeb6e2f17b04d0470abff648a3ae7b1fdcf36dc8003a2d74069403fae1515ea594be26d0ec899e100842660fc5e1edc6ed7bd162659ffd38f19efb6,JF180601,,3/20/2022 16:10,30,NO CONTROLS,NO CONTROLS,CLEAR,DAYLIGHT,PARKED MOTOR VEHICLE,ONE-WAY,,STRAIGHT AND LEVEL,DRY,NO DEFECTS,NOT ON SCENE (DESK REPORT),NO INJURY / DRIVE AWAY,,,,"$501 - $1,500",3/20/2022 17:48,UNABLE TO DETERMINE,UNABLE TO DETERMINE,822,W,GEORGE ST,1933,,,,,,,2,NO INDICATION OF INJURY,0,0,0,0,0,1,0,16,1,3,41.93463635,-87.65002814,POINT (-87.650028136858 41.934636347593)
22f79ad38944d12e043037dde736306a9193687fcf2365e2d4f33dfa55f9fe1cdfa6f43fe508ccfb07d8c4582f7f92fe7447f2c9d6b5c31d390cc5af487707d9,,,4/9/2022 16:00,30,TRAFFIC SIGNAL,FUNCTIONING PROPERLY,CLEAR,DAYLIGHT,REAR END,NOT DIVIDED,,STRAIGHT AND LEVEL,DRY,NO DEFECTS,NOT ON SCENE (DESK REPORT),NO INJURY / DRIVE AWAY,Y,,,"$501 - $1,500",4/9/2022 16:40,FOLLOWING TOO CLOSELY,NOT APPLICABLE,4501,W,FULLERTON AVE,2522,,,,,,,2,NO INDICATION OF INJURY,0,0,0,0,0,2,0,16,7,4,41.92422476,-87.73911325,POINT (-87.739113247824 41.924224756207)
bff7c82a305a23612ee6621c98055981f6754c974c4ce17785a935f6cc0fe0834e20cf96a439cb2b7437c57de276798550d4e2821f65cab2ab2e45a9b16ee175,,,4/9/2022 17:15,30,NO CONTROLS,NO CONTROLS,CLEAR,DAYLIGHT,REAR TO FRONT,NOT DIVIDED,,STRAIGHT AND LEVEL,DRY,NO DEFECTS,NOT ON SCENE (DESK REPORT),NO INJURY / DRIVE AWAY,,,,"OVER $1,500",4/9/2022 19:25,IMPROPER BACKING,DRIVING SKILLS/KNOWLEDGE/EXPERIENCE,5200,S,HARPER AVE,234,,,,,,,2,NO INDICATION OF INJURY,0,0,0,0,0,3,0,17,7,4,41.80093311,-87.5892302,POINT (-87.589230196526 41.800933113002)
a0c0a9f024921afebb6e77c152dcfd080750011954f6400b85830eb90dd11b6f032d01ecb970c4e195cccfe91b220c286cf767371c938d57655324d308c72398,,,4/9/2022 14:41,30,NO CONTROLS,NO CONTROLS,UNKNOWN,UNKNOWN,ANGLE,FOUR WAY,,STRAIGHT AND LEVEL,UNKNOWN,UNKNOWN,NOT ON SCENE (DESK REPORT),NO INJURY / DRIVE AWAY,Y,,,"OVER $1,500",4/9/2022 15:20,FAILING TO YIELD RIGHT-OF-WAY,NOT APPLICABLE,401,E,77TH ST,624,,,,,,,2,NO INDICATION OF INJURY,0,0,0,0,0,2,0,14,7,4,41.75465791,-87.6149725,POINT (-87.614972497409 41.754657908861)
6aac7ff6591b1f78f8e522a369ad89896ba354c534d6d04e819bcdb380f7c2f5f65cca1d62a002c40000245be19233384db298e4d3394cff03c75a0ca41cf6fd,,,4/9/2022 11:00,30,NO CONTROLS,NO CONTROLS,CLEAR,DAYLIGHT,SIDESWIPE SAME DIRECTION,DIVIDED - W/MEDIAN (NOT RAISED),,STRAIGHT AND LEVEL,DRY,NO DEFECTS,ON SCENE,NO INJURY / DRIVE AWAY,,,,$500 OR LESS,4/9/2022 11:05,UNABLE TO DETERMINE,NOT APPLICABLE,6231,N,WESTERN AVE,2413,,,,,,,2,NO INDICATION OF INJURY,0,0,0,0,0,2,0,11,7,4,41.99503307,-87.68964768,POINT (-87.689647676238 41.995033066593)
ef529f31a804dfb8e34ac9808c8284ea7e27fb47b672027010f4f7d8f6180bac037bb22c3a1da65cfb6f17e223619d546b11a53acabb25b9d34d8a4df334c168,,,4/9/2022 7:00,30,NO CONTROLS,NO CONTROLS,CLEAR,DAYLIGHT,PARKED MOTOR VEHICLE,NOT DIVIDED,,STRAIGHT AND LEVEL,DRY,NO DEFECTS,NOT ON SCENE (DESK REPORT),NO INJURY / DRIVE AWAY,,,,"OVER $1,500",4/9/2022 17:09,IMPROPER BACKING,IMPROPER BACKING,7952,S,ST LOUIS AVE,834,,,,,,,2,NO INDICATION OF INJURY,0,0,0,0,0,1,0,7,7,4,41.74808158,-87.70981119,POINT (-87.709811189535 41.748081578414)
c45009733ea3fcdd1f7cdf5904e1367d201a0b28a751e64e9fefe2a19df30a2e8fac0caab44ddd96ca55324b3b98d735bcc5c39b2f7979020f208af9b6687704,,,4/7/2022 17:00,30,NO CONTROLS,NO CONTROLS,CLEAR,DAYLIGHT,SIDESWIPE SAME DIRECTION,NOT DIVIDED,,STRAIGHT AND LEVEL,DRY,NO DEFECTS,NOT ON SCENE (DESK REPORT),NO INJURY / DRIVE AWAY,,,Y,"OVER $1,500",4/9/2022 8:00,IMPROPER OVERTAKING/PASSING,NOT APPLICABLE,3750,N,CLARK ST,1923,,,,,,,2,NO INDICATION OF INJURY,0,0,0,0,0,2,0,17,5,4,41.95045741,-87.65931426,POINT (-87.659314261116 41.950457411659)
deb95fa360a5f1b7a111ee8ecf9e30661eb379c19207d54085d6e6ae10d87af37e46de0882b700a655055b459f45e1c6f687161c05c6a331f5afdb13e87d059f,,N,4/8/2022 13:40,30,NO CONTROLS,NO CONTROLS,RAIN,DAYLIGHT,PARKED MOTOR VEHICLE,PARKING LOT,,STRAIGHT AND LEVEL,WET,WORN SURFACE,ON SCENE,NO INJURY / DRIVE AWAY,,,Y,"$501 - $1,500",4/8/2022 13:50,NOT APPLICABLE,NOT APPLICABLE,6647,S,WESTERN AVE,832,,,,,,,4,NO INDICATION OF INJURY,0,0,0,0,0,2,0,13,6,4,41.77240648,-87.68330953,POINT (-87.683309531677 41.772406482508)
14fc9f354f1c66872741986733b20d2b469941b25e33d94a4d2e75d81df821b739e3089dfb1ec6e8fc024210598ad2fc5d98641966f2ec0daf6bf995f9152e7f,JF179889,,3/19/2022 23:59,30,NO CONTROLS,NO CONTROLS,CLEAR,"DARKNESS, LIGHTED ROAD",FIXED OBJECT,DIVIDED - W/MEDIAN BARRIER,,STRAIGHT AND LEVEL,WET,NO DEFECTS,NOT ON SCENE (DESK REPORT),INJURY AND / OR TOW DUE TO CRASH,,,,"OVER $1,500",3/20/2022 0:01,PHYSICAL CONDITION OF DRIVER,NOT APPLICABLE,1098,S,HOMAN AVE,1133,,,,,,,1,NONINCAPACITATING INJURY,1,0,0,1,0,0,0,23,7,3,41.86819153,-87.71074783,POINT (-87.71074782618 41.868191533705)
39bd0b271a180947116b04c910c21674270f61d7cdbf2072ea50defa643f1bc657b0ecbe7c653b7279c8312a20a9ab3e52b467d7205b97698cee0d33c44376ce,JF180518,,3/20/2022 14:45,10,NO CONTROLS,NO CONTROLS,CLEAR,DAYLIGHT,PARKED MOTOR VEHICLE,PARKING LOT,,STRAIGHT AND LEVEL,DRY,NO DEFECTS,NOT ON SCENE (DESK REPORT),NO INJURY / DRIVE AWAY,,Y,,"$501 - $1,500",3/20/2022 16:03,UNABLE TO DETERMINE,UNABLE TO DETERMINE,1840,N,CLYBOURN AVE,1811,,,,,,,2,NO INDICATION OF INJURY,0,0,0,0,0,1,0,14,1,3,41.91442371,-87.65462784,POINT (-87.65462784303 41.91442371409)
6b882a9309daebf98d2b67260c76b053f8751b1cacd6c202174fa26e007ca09969f3eb35f19de8667c4be3b5d94b5f418ddc98e12703e6671722cd9c62774767,JF180809,,3/20/2022 20:50,30,TRAFFIC SIGNAL,FUNCTIONING PROPERLY,CLEAR,"DARKNESS, LIGHTED ROAD",TURNING,FOUR WAY,,STRAIGHT AND LEVEL,UNKNOWN,UNKNOWN,NOT ON SCENE (DESK REPORT),NO INJURY / DRIVE AWAY,Y,,,"OVER $1,500",3/20/2022 21:27,IMPROPER LANE USAGE,IMPROPER LANE USAGE,5470,S,WELLS ST,935,,,,,,,2,NO INDICATION OF INJURY,0,0,0,0,0,2,0,20,1,3,41.79419527,-87.6319264,POINT (-87.63192639781 41.794195272036)
6d0e29871e7d8fa54f386d6bf1a3897b10069007edf46cca2745a163463f8b33e7a0168562352707ec8a885b165b51fd40e0ef933cc90b2bf8593ed96846c181,JF180654,,3/20/2022 18:00,10,NO CONTROLS,NO CONTROLS,CLEAR,DAYLIGHT,PARKED MOTOR VEHICLE,PARKING LOT,,STRAIGHT AND LEVEL,DRY,NO DEFECTS,NOT ON SCENE (DESK REPORT),NO INJURY / DRIVE AWAY,,Y,Y,"$501 - $1,500",3/20/2022 18:20,UNABLE TO DETERMINE,NOT APPLICABLE,1401,S,BLUE ISLAND AVE,1232,,,,,,,2,NO INDICATION OF INJURY,0,0,0,0,0,1,0,18,1,3,41.86335373,-87.65630054,POINT (-87.656300535179 41.863353726106)
7454c652c2fe1673b9674a209cc2899b188453b114353b88e24b33d01ce05ed289d64a548b707370689ab6ba77e62174aa20fb8410cfa18d8a6da79614a3a61c,JF180262,,3/20/2022 11:10,25,NO CONTROLS,NO CONTROLS,CLEAR,DAYLIGHT,PARKED MOTOR VEHICLE,ONE-WAY,,STRAIGHT AND LEVEL,DRY,NO DEFECTS,ON SCENE,NO INJURY / DRIVE AWAY,,,,"OVER $1,500",3/20/2022 11:13,IMPROPER BACKING,NOT APPLICABLE,5004,W,SCHOOL ST,1634,,,,,,,2,NO INDICATION OF INJURY,0,0,0,0,0,1,0,11,1,3,41.94069474,-87.75212321,POINT (-87.752123208363 41.940694737241)
a41aa19212c5d1a81011e5b123d9df8e0db10ca6046d1fc7fa2eb0fe397e91cef0d45b96782344e338d040f03c8189ae91647c4a9769dec7700a4b271ef55276,JF180663,,3/20/2022 17:50,30,NO CONTROLS,NO CONTROLS,CLEAR,DAYLIGHT,SIDESWIPE SAME DIRECTION,NOT DIVIDED,,STRAIGHT ON GRADE,DRY,NO DEFECTS,NOT ON SCENE (DESK REPORT),NO INJURY / DRIVE AWAY,,,,"OVER $1,500",3/20/2022 18:20,FAILING TO YIELD RIGHT-OF-WAY,DRIVING SKILLS/KNOWLEDGE/EXPERIENCE,106,N,HALSTED ST,1224,,,,,,,2,NO INDICATION OF INJURY,0,0,0,0,0,2,0,17,1,3,41.88338398,-87.6475552,POINT (-87.647555204452 41.883383975182)
35658a109648ccccd30b22b56eac55f6d5afd95b856ad1fc9b1bb819197bbe1a8584f0fade33d5105b003b9fd74611b4c97bf6d50f00a428917eb20848c3b08e,,,4/8/2022 9:00,30,TRAFFIC SIGNAL,FUNCTIONING PROPERLY,RAIN,DAYLIGHT,TURNING,FOUR WAY,,STRAIGHT AND LEVEL,WET,UNKNOWN,ON SCENE,INJURY AND / OR TOW DUE TO CRASH,Y,,,"OVER $1,500",4/8/2022 9:05,DISREGARDING OTHER TRAFFIC SIGNS,UNABLE TO DETERMINE,781,N,MILWAUKEE AVE,1215,,,,,,,2,NO INDICATION OF INJURY,0,0,0,0,0,2,0,9,6,4,41.89596184,-87.65476069,POINT (-87.654760693278 41.895961841448)
9116dab862a53d8691fe75ed98f2e638df72f6d6d07775d79a00285b47fa8e2d3a556cbb19fd5727d2729a3ccaabe6586ae841f1bb61acaa748bee962d40d7e9,,Y,4/5/2022 17:00,35,NO CONTROLS,NO CONTROLS,CLEAR,"DARKNESS, LIGHTED ROAD",TURNING,NOT DIVIDED,,STRAIGHT AND LEVEL,DRY,UNKNOWN,NOT ON SCENE (DESK REPORT),NO INJURY / DRIVE AWAY,,,,"$501 - $1,500",4/5/2022 21:50,UNABLE TO DETERMINE,UNABLE TO DETERMINE,2656,N,ELSTON AVE,1432,,,,,,,2,NO INDICATION OF INJURY,0,0,0,0,0,2,0,17,3,4,41.929849,-87.68464378,POINT (-87.684643783527 41.929848996597)
cb70364f868fe508301f4c68ccab62f682c359f05a759c60cec3f44045080689fdac0e6cad9e9a4cef15f59366a573815412707be3cacdc20f690bbe411fba4e,,,4/9/2022 19:00,30,TRAFFIC SIGNAL,FUNCTIONING PROPERLY,CLEAR,DUSK,TURNING,DIVIDED - W/MEDIAN (NOT RAISED),,STRAIGHT AND LEVEL,DRY,NO DEFECTS,NOT ON SCENE (DESK REPORT),NO INJURY / DRIVE AWAY,,,,"$501 - $1,500",4/9/2022 19:37,IMPROPER LANE USAGE,NOT APPLICABLE,5144,W,GRAND AVE,2522,,,,,,,2,NO INDICATION OF INJURY,0,0,0,0,0,4,0,19,7,4,41.91698834,-87.75514518,POINT (-87.75514518198 41.916988343228)
e62741da60a38fec34568901f5b7ff66c74ee5014b76a7a30f92507fc0f40ed43ffe16cda9c6882b756138438e9c46e821f8e4e5ad5f714ba917e94fffa8bfd9,,,4/5/2022 20:15,30,NO CONTROLS,NO CONTROLS,RAIN,"DARKNESS, LIGHTED ROAD",FIXED OBJECT,NOT DIVIDED,,STRAIGHT AND LEVEL,WET,"RUT, HOLES",NOT ON SCENE (DESK REPORT),NO INJURY / DRIVE AWAY,,,,$500 OR LESS,4/10/2022 0:30,NOT APPLICABLE,NOT APPLICABLE,2253,W,ADDISON ST,1921,Y,,,,,,1,NO INDICATION OF INJURY,0,0,0,0,0,1,0,20,3,4,41.946662,-87.68551615,POINT (-87.685516145818 41.946662000046)