CRASH_RECORD_ID,RD_NO,CRASH_DATE_EST_I,CRASH_DATE,POSTED_SPEED_LIMIT,TRAFFIC_CONTROL_DEVICE,DEVICE_CONDITION,WEATHER_CONDITION,LIGHTING_CONDITION,FIRST_CRASH_TYPE,TRAFFICWAY_TYPE,LANE_CNT,ALIGNMENT,ROADWAY_SURFACE_COND,ROAD_DEFECT,REPORT_TYPE,CRASH_TYPE,INTERSECTION_RELATED_I,NOT_RIGHT_OF_WAY_I,HIT_AND_RUN_I,DAMAGE,DATE_POLICE_NOTIFIED,PRIM_CONTRIBUTORY_CAUSE,SEC_CONTRIBUTORY_CAUSE,STREET_NO,STREET_DIRECTION,STREET_NAME,BEAT_OF_OCCURRENCE,PHOTOS_TAKEN_I,STATEMENTS_TAKEN_I,DOORING_I,WORK_ZONE_I,WORK_ZONE_TYPE,WORKERS_PRESENT_I,NUM_UNITS,MOST_SEVERE_INJURY,INJURIES_TOTAL,INJURIES_FATAL,INJURIES_INCAPACITATING,INJURIES_NON_INCAPACITATING,INJURIES_REPORTED_NOT_EVIDENT,INJURIES_NO_INDICATION,INJURIES_UNKNOWN,CRASH_HOUR,CRASH_DAY_OF_WEEK,CRASH_MONTH,LATITUDE,LONGITUDE,LOCATION
e7f1cbac10c7d596fe2a5dfe4c25b9a6dd6f20f0bf2038d2d287d9a6296dda5e37439697dc6b455367ca6ca80ff0a3110132bad0c94d9e6d286613e13823b20f,,,4/9/2022 15:00,35,UNKNOWN,NO CONTROLS,CLEAR,DAYLIGHT,REAR END,NOT DIVIDED,,STRAIGHT AND LEVEL,DRY,NO DEFECTS,NOT ON SCENE (DESK REPORT),NO INJURY / DRIVE AWAY,,,,$500 OR LESS,4/9/2022 15:14,UNABLE TO DETERMINE,NOT APPLICABLE,5600,W,GRACE ST,1633,,,,,,,2,NO INDICATION OF INJURY,0,0,0,0,0,2,0,15,7,4,41.94963714,-87.76700532,POINT (-87.767005318446 41.949637143896)
fdb471755e3a4fef5a047f49aa9dacff6c7adac5ffe5b199aead371de5b626b495a2e7cf9065b2912408fa77a6d9a869914225be60fcd76b6d0f035823d55da2,,,4/9/2022 12:58,30,TRAFFIC SIGNAL,FUNCTIONING PROPERLY,CLEAR,DAYLIGHT,REAR END,DIVIDED - W/MEDIAN (NOT RAISED),,STRAIGHT AND LEVEL,DRY,NO DEFECTS,ON SCENE,INJURY AND / OR TOW DUE TO CRASH,,,,"OVER $1,500",4/9/2022 13:15,FOLLOWING TOO CLOSELY,FOLLOWING TOO CLOSELY,2406,N,SOUTHPORT AVE,1932,,,,,,,3,"REPORTED, NOT EVIDENT",1,0,0,0,1,2,0,12,7,4,41.92547355,-87.66348642,POINT (-87.66348641901 41.925473547039)
aff906ae06f451ec6d33bb7110d6f6ec5f75950b4a5a0e42065ee453d6286a88123f59f54cf6196c764fb2d80004bce4d844ed14076ee015ea1a9a93e35d0c4d,,,4/9/2022 14:55,30,TRAFFIC SIGNAL,FUNCTIONING PROPERLY,CLEAR,DAYLIGHT,ANGLE,NOT DIVIDED,,STRAIGHT AND LEVEL,DRY,NO DEFECTS,NOT ON SCENE (DESK REPORT),NO INJURY / DRIVE AWAY,Y,,Y,"OVER $1,500",4/9/2022 16:30,UNABLE TO DETERMINE,UNABLE TO DETERMINE,10000,S,AVENUE L,432,,,,,,,2,NO INDICATION OF INJURY,0,0,0,0,0,7,0,14,7,4,41.71378717,-87.53663321,POINT (-87.536633209883 41.713787169)
e82a2b9e9a7a324fd143666f68649ffd220549a8ed10ae3f2aca1cacb6cef536f7b2d35ebc6dd08890f27fe34228be906adcac3b8e91b36fe5c61f0cb083effb,,,4/8/2022 14:46,30,TRAFFIC SIGNAL,FUNCTIONING PROPERLY,RAIN,DAYLIGHT,SIDESWIPE SAME DIRECTION,NOT DIVIDED,,STRAIGHT AND LEVEL,WET,NO DEFECTS,ON SCENE,NO INJURY / DRIVE AWAY,,,Y,"OVER $1,500",4/8/2022 15:43,NOT APPLICABLE,NOT APPLICABLE,4710,S,ARCHER AVE,821,,,,,,,2,NO INDICATION OF INJURY,0,0,0,0,0,2,0,14,6,4,41.80801301,-87.71437962,POINT (-87.714379623416 41.808013005188)
21f06095ce65f402e4ac3ba993b649b0f16bee1cdee70e239cf14b123e2d411b0119093a7e3ab42fad83a66ea70b83c767b60522765b88eff938f46558630f84,JF180562,,3/20/2022 16:30,30,TRAFFIC SIGNAL,FUNCTIONING PROPERLY,CLEAR,DAYLIGHT,TURNING,DIVIDED - W/MEDIAN (NOT RAISED),,STRAIGHT AND LEVEL,DRY,NO DEFECTS,ON SCENE,NO INJURY / DRIVE AWAY,Y,,,"OVER $1,500",3/20/2022 16:33,IMPROPER OVERTAKING/PASSING,DRIVING SKILLS/KNOWLEDGE/EXPERIENCE,2353,S,BLUE ISLAND AVE,1034,,,,,,,2,NO INDICATION OF INJURY,0,0,0,0,0,2,0,16,1,3,41.84942076,-87.67313253,POINT (-87.673132527051 41.849420759085)
333b61387ec61459b0a905807900194bc3d0ae4075f9462b0ca29d0de3fdfb86232341720f221e042fe0e37b3239ed0fe9d15af28fa77f7f63524a0a046071cb,JF180800,,3/20/2022 20:20,30,TRAFFIC SIGNAL,FUNCTIONING PROPERLY,CLEAR,"DARKNESS, LIGHTED ROAD",TURNING,DIVIDED - W/MEDIAN (NOT RAISED),,STRAIGHT AND LEVEL,DRY,NO DEFECTS,NOT ON SCENE (DESK REPORT),NO INJURY / DRIVE AWAY,Y,,,"OVER $1,500",3/20/2022 21:10,FAILING TO YIELD RIGHT-OF-WAY,DRIVING SKILLS/KNOWLEDGE/EXPERIENCE,2400,N,CENTRAL AVE,2515,,,,,,,2,NO INDICATION OF INJURY,0,0,0,0,0,2,0,20,1,3,41.92406892,-87.76614121,POINT (-87.766141214132 41.924068922276)
523f400388bf74cb620c06c801b385fa00006cfec11574f8ef02a3e964e6c1d783fede9e3e3e77372ac64e49db2c9297b38bc30de38ea590f57875b06082ff26,JF180586,,3/20/2022 14:55,15,NO CONTROLS,NO CONTROLS,CLEAR,DAYLIGHT,PARKED MOTOR VEHICLE,PARKING LOT,,STRAIGHT AND LEVEL,UNKNOWN,UNKNOWN,NOT ON SCENE (DESK REPORT),NO INJURY / DRIVE AWAY,,,,"$501 - $1,500",3/20/2022 17:09,IMPROPER OVERTAKING/PASSING,IMPROPER OVERTAKING/PASSING,2528,S,KEDZIE AVE,1024,,,,,,,2,NO INDICATION OF INJURY,0,0,0,0,0,1,0,14,1,3,41.84545141,-87.70521429,POINT (-87.705214285168 41.845451414064)
54b0010ae05394437df31a673cf24448f6d7be172523176f34df1ddad6d5812400cd65bc7e8495ae7f4d5723a82e11ea6df29f178b35620fe604b6e4f85babaa,JF180760,,3/20/2022 19:40,30,NO CONTROLS,NO CONTROLS,CLEAR,"DARKNESS, LIGHTED ROAD",TURNING,NOT DIVIDED,,STRAIGHT AND LEVEL,DRY,NO DEFECTS,ON SCENE,INJURY AND / OR TOW DUE TO CRASH,Y,,,"OVER $1,500",3/20/2022 19:44,"OPERATING VEHICLE IN ERRATIC, RECKLESS, CARELESS, NEGLIGENT OR AGGRESSIVE MANNER",NOT APPLICABLE,45,E,79TH ST,623,,,,,,,2,INCAPACITATING INJURY,2,0,1,1,0,1,0,19,1,3,41.75087394,-87.62275988,POINT (-87.622759877719 41.750873934577)
24b663ecabe5dbb79d633bab6ccaa23d3ba7bd650d32f50e9affab0673a3da67c0c98dcfb1256be7bd082909e3b33f365a812c5df9ebeea69764dc40a7b25363,,,4/9/2022 12:20,35,STOP SIGN/FLASHER,FUNCTIONING PROPERLY,CLEAR,DAYLIGHT,TURNING,DIVIDED - W/MEDIAN (NOT RAISED),,STRAIGHT AND LEVEL,DRY,NO DEFECTS,NOT ON SCENE (DESK REPORT),NO INJURY / DRIVE AWAY,Y,,,"OVER $1,500",4/9/2022 13:10,FAILING TO YIELD RIGHT-OF-WAY,UNABLE TO DETERMINE,8300,S,HOLLAND RD,622,,,,,,,2,NO INDICATION OF INJURY,0,0,0,0,0,2,0,12,7,4,41.74342733,-87.63218113,POINT (-87.632181132025 41.743427333057)
aaa412324d19db32debecfe08b50f1339af1c87f948e3df9c262a6a768573eb8845bbb1fad2b974e0721d2640844322570a8d0bf0cfcf96e4b9c88ad7a8e149a,,,4/9/2022 15:25,30,TRAFFIC SIGNAL,FUNCTIONING PROPERLY,CLEAR,DAYLIGHT,REAR END,DIVIDED - W/MEDIAN BARRIER,,STRAIGHT AND LEVEL,DRY,UNKNOWN,ON SCENE,NO INJURY / DRIVE AWAY,,,Y,"OVER $1,500",4/9/2022 15:29,"OPERATING VEHICLE IN ERRATIC, RECKLESS, CARELESS, NEGLIGENT OR AGGRESSIVE MANNER",NOT APPLICABLE,1158,S,CLARK ST,123,,,,,,,2,NO INDICATION OF INJURY,0,0,0,0,0,2,0,15,7,4,41.86746088,-87.63058401,POINT (-87.630584012642 41.867460876064)
27adbbf21e045e45ab7721d351d705f31cca63224e3fe18aacc7595e149a73c1fa2fe8db997edda87a5b8df6f5e81371782f565d6e9b716269faf5e49c32ff23,,,4/7/2022 9:05,30,NO CONTROLS,NO CONTROLS,CLEAR,DAYLIGHT,FIXED OBJECT,NOT DIVIDED,,STRAIGHT AND LEVEL,DRY,NO DEFECTS,ON SCENE,INJURY AND / OR TOW DUE TO CRASH,Y,,,"OVER $1,500",4/7/2022 9:07,UNABLE TO DETERMINE,UNABLE TO DETERMINE,1114,W,74TH ST,733,,,,,,,1,NO INDICATION OF INJURY,0,0,0,0,0,1,0,9,5,4,41.75973315,-87.65219884,POINT (-87.652198835643 41.759733144629)
7ec2adb47da1590741c7af9cedfc4af4a41703f13ebc253779fac59f79b4bf49231f8509298c46e1a197daf1c85938110208f3ad8c1f5d9d8b5e215bafc4f322,,Y,4/8/2022 21:00,30,UNKNOWN,UNKNOWN,UNKNOWN,UNKNOWN,PARKED MOTOR VEHICLE,UNKNOWN,,STRAIGHT AND LEVEL,UNKNOWN,UNKNOWN,NOT ON SCENE (DESK REPORT),NO INJURY / DRIVE AWAY,,,Y,"$501 - $1,500",4/9/2022 16:00,UNABLE TO DETERMINE,UNABLE TO DETERMINE,2530,W,HURON ST,1221,,,,,,,2,NO INDICATION OF INJURY,0,0,0,0,0,1,0,21,6,4,41.89401583,-87.69052095,POINT (-87.690520953017 41.894015827627)
63489ef1700bbe112267899aab27f9a40853d484762e7378471d740f2f3a543d4076ed97656debb591af9a86a7f57e0696507903dc599f39539286fd96fa8d65,JF180625,,3/17/2022 23:30,30,STOP SIGN/FLASHER,FUNCTIONING PROPERLY,CLEAR,DARKNESS,PARKED MOTOR VEHICLE,NOT DIVIDED,,STRAIGHT AND LEVEL,UNKNOWN,UNKNOWN,NOT ON SCENE (DESK REPORT),NO INJURY / DRIVE AWAY,,,Y,"$501 - $1,500",3/20/2022 17:46,UNABLE TO DETERMINE,UNABLE TO DETERMINE,2600,N,SOUTHPORT AVE,1932,,,,,,,2,NO INDICATION OF INJURY,0,0,0,0,0,1,0,23,5,3,41.92889109,-87.66359222,POINT (-87.663592222599 41.928891092634)
aaf37352561bed2be7cf78f2160b97e4f0961ec91d660920806a76917a722de1e93945d95a5dd604b83f47cb0dfb6e2fa276624a1453ed7a3b6a4bb49a6b0d6e,JF179036,,3/18/2022 19:50,30,NO CONTROLS,NO CONTROLS,CLEAR,DARKNESS,SIDESWIPE SAME DIRECTION,DIVIDED - W/MEDIAN (NOT RAISED),,STRAIGHT AND LEVEL,WET,NO DEFECTS,NOT ON SCENE (DESK REPORT),NO INJURY / DRIVE AWAY,,,Y,"$501 - $1,500",3/19/2022 6:45,IMPROPER OVERTAKING/PASSING,UNABLE TO DETERMINE,1500,S,CLARK ST,131,,,,,,,2,NO INDICATION OF INJURY,0,0,0,0,0,2,0,19,6,3,41.86183246,-87.63039721,POINT (-87.630397210615 41.861832456057)
d24c323c6a70de70575e6c372ed5e0112d77d42091411cbc5c3a63a90a7332e590dd9577163f4c280925e2f6d2a07be63eb7bfed4ca8797085735eeed6df919b,JF180482,,3/18/2022 15:50,30,NO CONTROLS,NO CONTROLS,RAIN,DAYLIGHT,SIDESWIPE SAME DIRECTION,NOT DIVIDED,,STRAIGHT AND LEVEL,WET,NO DEFECTS,NOT ON SCENE (DESK REPORT),NO INJURY / DRIVE AWAY,,,,"$501 - $1,500",3/20/2022 15:30,UNABLE TO DETERMINE,NOT APPLICABLE,3032,W,47TH ST,922,,,,,,,2,NO INDICATION OF INJURY,0,0,0,0,0,2,0,15,6,3,41.80829037,-87.7003768,POINT (-87.700376803417 41.808290371399)
4c2e7ed57ac5112806206fd252f285e4e9a5969fbb7c54b1ff5b337a4b5d80fdb277a755a157173a7a706d1a5d380f8feaa4e6b4bc76da2064b08da78faa2db4,JF179256,,3/19/2022 11:40,25,TRAFFIC SIGNAL,FUNCTIONING PROPERLY,RAIN,DARKNESS,TURNING,FOUR WAY,,STRAIGHT AND LEVEL,WET,NO DEFECTS,ON SCENE,INJURY AND / OR TOW DUE TO CRASH,Y,,,"OVER $1,500",3/19/2022 11:41,UNABLE TO DETERMINE,NOT APPLICABLE,4359,W,OGDEN AVE,1013,,,,,,,2,NO INDICATION OF INJURY,0,0,0,0,0,2,0,11,7,3,41.84797374,-87.73320035,POINT (-87.73320034663 41.847973742641)
3c6fa7660dcac67f9795a8c809f2b630de305349f2d0043f483fde174024d3bbcfb35eb9ef8d5fba54cab0f50e54f98380fe7a85f349fdd6beef40b8487ab79d,,,4/3/2022 14:45,30,TRAFFIC SIGNAL,FUNCTIONING PROPERLY,CLEAR,DAYLIGHT,SIDESWIPE SAME DIRECTION,DIVIDED - W/MEDIAN (NOT RAISED),,STRAIGHT AND LEVEL,DRY,NO DEFECTS,NOT ON SCENE (DESK REPORT),NO INJURY / DRIVE AWAY,,,,"$501 - $1,500",4/3/2022 16:40,UNABLE TO DETERMINE,UNABLE TO DETERMINE,2955,N,ASHLAND AVE,1932,,,,,,,2,NO INDICATION OF INJURY,0,0,0,0,0,2,0,14,1,4,41.9358802,-87.66837671,POINT (-87.668376709397 41.93588019542)
30ab00b18bcc532ab1577652027eaad4effa86c5af71514a9fa77f452a2542119486404f51a04c088880f5114871363fda326a705c5cfbb15d6ffb43b7662d3a,JF180726,,3/20/2022 19:19,30,TRAFFIC SIGNAL,FUNCTIONING PROPERLY,CLEAR,"DARKNESS, LIGHTED ROAD",REAR END,FOUR WAY,,STRAIGHT AND LEVEL,DRY,NO DEFECTS,NOT ON SCENE (DESK REPORT),INJURY AND / OR TOW DUE TO CRASH,,,Y,"OVER $1,500",3/20/2022 20:11,DRIVING SKILLS/KNOWLEDGE/EXPERIENCE,NOT APPLICABLE,800,E,79TH ST,624,,,,,,,2,NONINCAPACITATING INJURY,1,0,0,1,0,1,0,19,1,3,41.7513967,-87.60515466,POINT (-87.605154658072 41.751396701356)
bd3a4218baba25bb8ca47b3c896dd61fb5cb40d8acf832935e50307644140a6919056050aeae555784f8371965d476963d66857e8ebe09db43ab2eef8a19d40e,JF180926,,3/21/2022 1:00,30,NO CONTROLS,NO CONTROLS,CLEAR,DARKNESS,PARKED MOTOR VEHICLE,NOT DIVIDED,,STRAIGHT AND LEVEL,DRY,NO DEFECTS,ON SCENE,INJURY AND / OR TOW DUE TO CRASH,,,,"OVER $1,500",3/21/2022 1:00,CELL PHONE USE OTHER THAN TEXTING,FAILING TO REDUCE SPEED TO AVOID CRASH,7932,S,YATES BLVD,414,,,,,,,3,NO INDICATION OF INJURY,0,0,0,0,0,1,0,1,2,3,41.75073515,-87.5663647,POINT (-87.566364697778 41.750735144671)
a6b00c75fb72170f61c3840f082f21a0b40de8e199d20aae3b063a22d586e9332a9a664716e0085e51f09220e1861c24fbf1252e51021821e9ccdeae1240e185,,,4/8/2022 7:10,30,NO CONTROLS,NO CONTROLS,CLEAR,DAYLIGHT,PARKED MOTOR VEHICLE,NOT DIVIDED,,STRAIGHT AND LEVEL,DRY,NO DEFECTS,ON SCENE,INJURY AND / OR TOW DUE TO CRASH,,,,"$501 - $1,500",4/8/2022 7:16,DISTRACTION - FROM INSIDE VEHICLE,NOT APPLICABLE,2342,E,75TH ST,334,,,,,,,2,NO INDICATION OF INJURY,0,0,0,0,0,1,0,7,6,4,41.75908912,-87.56711078,POINT (-87.567110778744 41.759089115659)
d998c6ab5d40f920188dee667a10e1373acbd53f08f8353d83d03f099218fad65ec3d2d47947983f29e10917f7cfe81b7770e403a89a23e1fe8a65b3bf026b75,,Y,4/9/2022 9:50,30,UNKNOWN,UNKNOWN,CLEAR,DAYLIGHT,ANGLE,NOT DIVIDED,,STRAIGHT AND LEVEL,DRY,UNKNOWN,ON SCENE,NO INJURY / DRIVE AWAY,,,Y,"OVER $1,500",4/9/2022 9:55,DRIVING SKILLS/KNOWLEDGE/EXPERIENCE,DRIVING SKILLS/KNOWLEDGE/EXPERIENCE,2600,S,ST LOUIS AVE,1032,,,,,,,2,NO INDICATION OF INJURY,0,0,0,0,0,4,0,9,7,4,41.84431927,-87.71249382,POINT (-87.712493815362 41.844319271342)
1c2cefaba03c8c428eb5208cb5f5d96c2d4d350e87e3687061bad5a90b1d4ce49fefc28a078969701fef6e589b98786611b9bab05777df9d0890babeee9bf222,,,4/9/2022 13:30,30,STOP SIGN/FLASHER,FUNCTIONING PROPERLY,CLEAR,DAYLIGHT,ANGLE,DIVIDED - W/MEDIAN (NOT RAISED),,STRAIGHT AND LEVEL,DRY,NO DEFECTS,NOT ON SCENE (DESK REPORT),NO INJURY / DRIVE AWAY,,,,"OVER $1,500",4/9/2022 14:15,FAILING TO YIELD RIGHT-OF-WAY,UNABLE TO DETERMINE,1900,W,ARMITAGE AVE,1432,,,,,,,2,NO INDICATION OF INJURY,0,0,0,0,0,2,0,13,7,4,41.91791299,-87.67525062,POINT (-87.675250621685 41.917912986664)
ce10e2532ca8bbab0d31f44ed8f43d6de402ce517ad8a2a446e8330250d856f55ff0387453d694d4007f2719ed05a76f41cb65cfc6e09f9412765ad32aa36ead,,,4/3/2022 19:45,30,NO CONTROLS,NO CONTROLS,CLOUDY/OVERCAST,"DARKNESS, LIGHTED ROAD",PARKED MOTOR VEHICLE,NOT DIVIDED,,STRAIGHT AND LEVEL,DRY,NO DEFECTS,NOT ON SCENE (DESK REPORT),NO INJURY / DRIVE AWAY,,,,"OVER $1,500",4/9/2022 10:20,IMPROPER OVERTAKING/PASSING,UNABLE TO DETERMINE,912,W,ADDISON ST,1923,,,,,,,2,NO INDICATION OF INJURY,0,0,0,0,0,1,0,19,1,4,41.94738539,-87.65247109,POINT (-87.652471089366 41.947385393164)
398da1e38702b542b8c376454c060c4aa4dd13c5ed0b73b663a66b8f108d47b45fbc1271539694cea07a60a2798efa0eb47231456c46d13e8d1bf0cf0567caa9,,,4/9/2022 23:30,30,NO CONTROLS,NO CONTROLS,CLEAR,"DARKNESS, LIGHTED ROAD",SIDESWIPE SAME DIRECTION,NOT DIVIDED,,STRAIGHT AND LEVEL,DRY,NO DEFECTS,NOT ON SCENE (DESK REPORT),NO INJURY / DRIVE AWAY,,,,"OVER $1,500",4/10/2022 0:14,UNABLE TO DETERMINE,NOT APPLICABLE,7455,S,CICERO AVE,833,,,,,,,2,NO INDICATION OF INJURY,0,0,0,0,0,2,0,23,7,4,41.75738052,-87.74148529,POINT (-87.741485291316 41.757380517133)
6ec2494b63f102bb519e0381dbea96c763601ce6b4bb8b5acd0349a3062ac96d7d9c0deeeba3a6b6d3d73fb6424584cc33e29ec6eddfb8ec46a29da911c224f9,,,4/7/2022 19:15,30,NO CONTROLS,NO CONTROLS,CLEAR,DAYLIGHT,PARKED MOTOR VEHICLE,NOT DIVIDED,,STRAIGHT AND LEVEL,DRY,NO DEFECTS,NOT ON SCENE (DESK REPORT),NO INJURY / DRIVE AWAY,,,Y,"OVER $1,500",4/8/2022 12:11,UNABLE TO DETERMINE,NOT APPLICABLE,1120,W,95TH ST,2222,,,,,,,2,NO INDICATION OF INJURY,0,0,0,0,0,1,0,19,5,4,41.72146609,-87.65158786,POINT (-87.651587859162 41.721466088264)
ce53fbc57c097884c2e9f0f55fd6a431e7bb1817330227b97eee9796dbd0b4a10ca1a611ee6cae2b5a562f62cd83ffead83cb4251535713e49d663ccd5357e0b,JF180403,,3/19/2022 11:10,30,TRAFFIC SIGNAL,FUNCTIONING PROPERLY,CLEAR,DAYLIGHT,TURNING,DIVIDED - W/MEDIAN (NOT RAISED),,STRAIGHT AND LEVEL,DRY,NO DEFECTS,NOT ON SCENE (DESK REPORT),NO INJURY / DRIVE AWAY,,,Y,"$501 - $1,500",3/20/2022 13:40,UNABLE TO DETERMINE,UNABLE TO DETERMINE,8700,S,VINCENNES AVE,2222,,,,,,,2,NO INDICATION OF INJURY,0,0,0,0,0,2,0,11,7,3,41.73600657,-87.64534182,POINT (-87.64534181898 41.736006564585)
45dbba9a86415a28ca2443f3981f4b805943a35439db98ff54eb9acb33cd5b040711ed69f0f8d060d28a8746b189243cdea2358907b2a637ca5c4e632677ec35,,,4/3/2022 14:44,30,UNKNOWN,UNKNOWN,UNKNOWN,DAYLIGHT,PEDESTRIAN,NOT DIVIDED,,STRAIGHT AND LEVEL,UNKNOWN,UNKNOWN,NOT ON SCENE (DESK REPORT),NO INJURY / DRIVE AWAY,,,Y,"OVER $1,500",4/3/2022 16:00,UNABLE TO DETERMINE,NOT APPLICABLE,2955,N,ASHLAND AVE,1932,,,,,,,2,NO INDICATION OF INJURY,0,0,0,0,0,2,0,14,1,4,41.9358802,-87.66837671,POINT (-87.668376709397 41.93588019542)
ce9fdf68ec358f640e87db9f5ce46905d046a24f500000c71ba47be30f1518ec22770e5ece2914970c412a360e257a1fe1404b9ba15d7f84fd58b98dee0de8c6,,,4/3/2022 18:15,30,NO CONTROLS,NO CONTROLS,CLEAR,"DARKNESS, LIGHTED ROAD",OTHER OBJECT,NOT DIVIDED,,STRAIGHT AND LEVEL,DRY,"RUT, HOLES",NOT ON SCENE (DESK REPORT),NO INJURY / DRIVE AWAY,,,,"OVER $1,500",4/3/2022 23:30,UNABLE TO DETERMINE,NOT APPLICABLE,5439,S,CICERO AVE,815,,,,,,,1,NO INDICATION OF INJURY,0,0,0,0,0,1,0,18,1,4,41.79361542,-87.74213659,POINT (-87.742136589695 41.793615423526)
743fe82b9f473abd8d1cea30c2dd68dbc94e59d7b19fe6ec1c1d84044a263a8610d1e30781f251ac4b961235d9d7a0ffad378db132d890f3b4dd5ccc3d2aa2a7,,,4/3/2022 14:43,30,STOP SIGN/FLASHER,NOT FUNCTIONING,CLEAR,DAYLIGHT,ANGLE,NOT DIVIDED,,STRAIGHT AND LEVEL,DRY,NO DEFECTS,NOT ON SCENE (DESK REPORT),NO INJURY / DRIVE AWAY,,,,"OVER $1,500",4/3/2022 15:15,UNABLE TO DETERMINE,PHYSICAL CONDITION OF DRIVER,3601,W,DOUGLAS BLVD,1011,,,,,,,2,NO INDICATION OF INJURY,0,0,0,0,0,2,0,14,1,4,41.86228753,-87.71536254,POINT (-87.715362541313 41.862287529645)
1fb1a8bdcc585815a63eae302a01bead6348285b47d8b29d15d6be1461b19f0c9a6342237fc82527cc4ba417a05c4361175c1820f5e0d41ae1fcd8cda47e7026,JF180433,,3/20/2022 14:30,30,TRAFFIC SIGNAL,FUNCTIONING PROPERLY,CLEAR,DAYLIGHT,TURNING,DIVIDED - W/MEDIAN (NOT RAISED),,STRAIGHT AND LEVEL,DRY,NO DEFECTS,NOT ON SCENE (DESK REPORT),NO INJURY / DRIVE AWAY,,,,"$501 - $1,500",3/20/2022 14:50,FAILING TO YIELD RIGHT-OF-WAY,IMPROPER TURNING/NO SIGNAL,3330,N,KIMBALL AVE,1732,,,,,,,2,NO INDICATION OF INJURY,0,0,0,0,0,2,0,14,1,3,41.94207352,-87.71273582,POINT (-87.712735823952 41.942073516765)
2ec38a4cfbca9d1ca3d62ada94f0453670c81110c7fbf086316f048a7bd37b5c6f605194a74ba91834ea3db7dc319ceaa309e473cc622aaf4ab9878dd1951469,JF180463,,3/20/2022 11:25,30,TRAFFIC SIGNAL,FUNCTIONING PROPERLY,CLEAR,DAYLIGHT,REAR END,DIVIDED - W/MEDIAN (NOT RAISED),,STRAIGHT AND LEVEL,UNKNOWN,UNKNOWN,NOT ON SCENE (DESK REPORT),INJURY AND / OR TOW DUE TO CRASH,,,,"$501 - $1,500",3/20/2022 15:07,DRIVING SKILLS/KNOWLEDGE/EXPERIENCE,FOLLOWING TOO CLOSELY,46,W,CONGRESS PKWY,113,,,,,,,2,"REPORTED, NOT EVIDENT",1,0,0,0,1,2,0,11,1,3,41.87573547,-87.62932145,POINT (-87.629321448934 41.875735467219)
2caf94390807eef83d5f039d03116ed270bbee9d9e1d9f64e0af40c34287a19402ecbcf3cf23acb69eead3522192ba87a79f937176d342d0c247f2576f30df6f,,,4/3/2022 17:00,45,TRAFFIC SIGNAL,FUNCTIONING PROPERLY,CLEAR,DAYLIGHT,TURNING,DIVIDED - W/MEDIAN BARRIER,,STRAIGHT AND LEVEL,DRY,NO DEFECTS,NOT ON SCENE (DESK REPORT),NO INJURY / DRIVE AWAY,,,,"$501 - $1,500",4/3/2022 17:30,IMPROPER TURNING/NO SIGNAL,IMPROPER TURNING/NO SIGNAL,700,S,LAKE SHORE DR E,114,,,,,,,2,NO INDICATION OF INJURY,0,0,0,0,0,4,0,17,1,4,41.87319361,-87.61722829,POINT (-87.617228294467 41.873193608809)
59a614640d826b620a0dd3a4cd8c3f480952f6269d3a97414c3b08c246589e678842e14a13558d52568ac23a2e7e79b68ce804b9ed9f03311321d22860b57002,,,4/4/2022 0:40,30,TRAFFIC SIGNAL,FUNCTIONING PROPERLY,CLEAR,"DARKNESS, LIGHTED ROAD",REAR END,DIVIDED - W/MEDIAN (NOT RAISED),,STRAIGHT AND LEVEL,DRY,NO DEFECTS,NOT ON SCENE (DESK REPORT),NO INJURY / DRIVE AWAY,Y,,,"OVER $1,500",4/4/2022 1:30,FAILING TO YIELD RIGHT-OF-WAY,NOT APPLICABLE,5001,W,BELMONT AVE,2521,,,,,,,2,NO INDICATION OF INJURY,0,0,0,0,0,2,0,0,2,4,41.93865276,-87.75191021,POINT (-87.751910205328 41.938652760763)
31058cd28b9e444b841165c8a671762718e519f122f6568e536170e64d466f2f0f7c7b41a547b67448e37d43e0bbd1a4fccf217ad1ba4556d9ca35690b277809,,,4/1/2022 11:15,30,NO CONTROLS,NO CONTROLS,CLEAR,DAYLIGHT,PARKED MOTOR VEHICLE,ONE-WAY,,STRAIGHT AND LEVEL,DRY,NO DEFECTS,NOT ON SCENE (DESK REPORT),NO INJURY / DRIVE AWAY,,,,"OVER $1,500",4/1/2022 12:00,UNABLE TO DETERMINE,UNABLE TO DETERMINE,3352,N,PAULINA ST,1922,,,,,,,2,NO INDICATION OF INJURY,0,0,0,0,0,1,0,11,6,4,41.94305552,-87.67133365,POINT (-87.671333650715 41.943055521592)
95c55b32abd10db47fbef5a274bba38af10f54b27ee02f3de02cb30becb5ec03bba06d4ff3a65bb43a18426fd915b3a405a2736da39566310b852c95ca289e59,,,4/3/2022 3:30,30,NO CONTROLS,NO CONTROLS,CLEAR,"DARKNESS, LIGHTED ROAD",PEDALCYCLIST,NOT DIVIDED,,STRAIGHT AND LEVEL,WET,UNKNOWN,ON SCENE,INJURY AND / OR TOW DUE TO CRASH,,,Y,"$501 - $1,500",4/3/2022 4:26,UNABLE TO DETERMINE,HAD BEEN DRINKING (USE WHEN ARREST IS NOT MADE),2415,W,56TH ST,824,,,,,,,2,INCAPACITATING INJURY,1,0,1,0,0,1,0,3,1,4,41.79191176,-87.68470367,POINT (-87.684703673311 41.791911757925)