CRASH_RECORD_ID,RD_NO,CRASH_DATE_EST_I,CRASH_DATE,POSTED_SPEED_LIMIT,TRAFFIC_CONTROL_DEVICE,DEVICE_CONDITION,WEATHER_CONDITION,LIGHTING_CONDITION,FIRST_CRASH_TYPE,TRAFFICWAY_TYPE,LANE_CNT,ALIGNMENT,ROADWAY_SURFACE_COND,ROAD_DEFECT,REPORT_TYPE,CRASH_TYPE,INTERSECTION_RELATED_I,NOT_RIGHT_OF_WAY_I,HIT_AND_RUN_I,DAMAGE,DATE_POLICE_NOTIFIED,PRIM_CONTRIBUTORY_CAUSE,SEC_CONTRIBUTORY_CAUSE,STREET_NO,STREET_DIRECTION,STREET_NAME,BEAT_OF_OCCURRENCE,PHOTOS_TAKEN_I,STATEMENTS_TAKEN_I,DOORING_I,WORK_ZONE_I,WORK_ZONE_TYPE,WORKERS_PRESENT_I,NUM_UNITS,MOST_SEVERE_INJURY,INJURIES_TOTAL,INJURIES_FATAL,INJURIES_INCAPACITATING,INJURIES_NON_INCAPACITATING,INJURIES_REPORTED_NOT_EVIDENT,INJURIES_NO_INDICATION,INJURIES_UNKNOWN,CRASH_HOUR,CRASH_DAY_OF_WEEK,CRASH_MONTH,LATITUDE,LONGITUDE,LOCATION
a32cd48f3525531fdc56516e34e102f2c6bf50612623e72261d7e743e058ffb01a8c7a13e52e9971f4480f54671baa0a129279112b1570bb8d18f0545744d168,,,4/3/2022 7:00,30,TRAFFIC SIGNAL,FUNCTIONING PROPERLY,CLEAR,DAYLIGHT,REAR END,ONE-WAY,,STRAIGHT AND LEVEL,DRY,UNKNOWN,NOT ON SCENE (DESK REPORT),NO INJURY / DRIVE AWAY,Y,,Y,"OVER $1,500",4/3/2022 19:00,UNABLE TO DETERMINE,NOT APPLICABLE,401,N,WELLS ST,1831,,,,,,,2,NO INDICATION OF INJURY,0,0,0,0,0,2,0,7,1,4,41.88921522,-87.6338644,POINT (-87.633864400819 41.889215221757)
41378106b22211bed36e55d0351f7555442e1dbce094bf603f8f4e8b75ca2440567fd78850ea142ad3443f868ff6c10d72ec09f28ec235cf2b8c555247a3ed84,,,4/8/2022 11:49,30,TRAFFIC SIGNAL,FUNCTIONING PROPERLY,CLOUDY/OVERCAST,DAYLIGHT,FIXED OBJECT,DIVIDED - W/MEDIAN BARRIER,,STRAIGHT AND LEVEL,WET,NO DEFECTS,ON SCENE,INJURY AND / OR TOW DUE TO CRASH,,,,"OVER $1,500",4/8/2022 11:49,FAILING TO REDUCE SPEED TO AVOID CRASH,NOT APPLICABLE,4459,W,LAKE ST,1113,,,,,,,1,NO INDICATION OF INJURY,0,0,0,0,0,1,0,11,6,4,41.88605105,-87.7379963,POINT (-87.737996294516 41.886051047565)
5697169a984ab89dbcd9b6c34d4e777d2fa5abb2b8e11c031e0509cd8eeaf78d73c119407c1f1ce9897abab91345f96c43035db1ed4055746c397150f8b9455d,,,4/3/2022 17:03,20,NO CONTROLS,NO CONTROLS,CLEAR,DAYLIGHT,REAR END,PARKING LOT,,STRAIGHT AND LEVEL,DRY,NO DEFECTS,ON SCENE,NO INJURY / DRIVE AWAY,,,,"OVER $1,500",4/3/2022 17:15,FOLLOWING TOO CLOSELY,UNABLE TO DETERMINE,1834,W,FULLERTON AVE,1931,,,,,,,2,NO INDICATION OF INJURY,0,0,0,0,0,3,0,17,1,4,41.92517921,-87.67439355,POINT (-87.674393551288 41.925179209238)
41508aff49868b9127b44cfcc1b9dc07b502eeaf8d56429d38cfef43e19585c1b30efd6455ad75a0fa46ac2cda35f58ecdd72ea726e9e6887e16e07fa54d3df9,,,4/3/2022 6:00,30,NO CONTROLS,NO CONTROLS,CLEAR,DAWN,PARKED MOTOR VEHICLE,ONE-WAY,,STRAIGHT AND LEVEL,WET,NO DEFECTS,ON SCENE,NO INJURY / DRIVE AWAY,,,Y,"OVER $1,500",4/3/2022 6:13,UNABLE TO DETERMINE,UNABLE TO DETERMINE,4147,S,ALBANY AVE,921,,,,,,,3,NO INDICATION OF INJURY,0,0,0,0,0,1,0,6,1,4,41.81762977,-87.70173285,POINT (-87.701732853473 41.817629769925)
d4f20ccb6d38cc74bb7964d95d33c8179860a5de82a829fcc2e768695a3d83ff83449363b471c2393e3b431cbf54bfed9f1b8fedd94c2044623d8de168838c1c,,,4/3/2022 5:00,35,TRAFFIC SIGNAL,FUNCTIONING PROPERLY,CLEAR,"DARKNESS, LIGHTED ROAD",SIDESWIPE SAME DIRECTION,DIVIDED - W/MEDIAN BARRIER,,STRAIGHT AND LEVEL,DRY,NO DEFECTS,ON SCENE,NO INJURY / DRIVE AWAY,,,Y,"OVER $1,500",4/3/2022 5:07,UNABLE TO DETERMINE,NOT APPLICABLE,2898,S,DR MARTIN LUTHER KING JR DR,133,,,,,,,2,NO INDICATION OF INJURY,0,0,0,0,0,2,0,5,1,4,41.84212865,-87.61772402,POINT (-87.617724017014 41.842128653694)
3e7fcef67d545f0bc88b5b52a5bcb88b5fff5a47bdfdd9467fd5f0c20822568b5a3501230c4c97fe79dde7c153665347028489559db7ede4e70c3cf246be8a73,,,4/3/2022 12:30,5,NO CONTROLS,NO CONTROLS,CLEAR,DAYLIGHT,REAR END,OTHER,,STRAIGHT AND LEVEL,OTHER,OTHER,NOT ON SCENE (DESK REPORT),NO INJURY / DRIVE AWAY,,Y,,"OVER $1,500",4/3/2022 13:07,UNABLE TO DETERMINE,UNABLE TO DETERMINE,7151,W,54TH ST,811,,,,,,,2,NO INDICATION OF INJURY,0,0,0,0,0,2,0,12,1,4,41.79384508,-87.80108303,POINT (-87.801083034468 41.79384507996)
6c2df80e0bea08d3b37a6d8f201e37822051be6adc9173c9d5f3b77156feb14a0f1293c555323a1bb9badd4071c7179142ba5812d555df2fea1900dac178935e,JF173014,,3/13/2022 22:18,45,NO CONTROLS,NO CONTROLS,CLEAR,"DARKNESS, LIGHTED ROAD",SIDESWIPE SAME DIRECTION,DIVIDED - W/MEDIAN BARRIER,,STRAIGHT AND LEVEL,DRY,NO DEFECTS,ON SCENE,NO INJURY / DRIVE AWAY,,,Y,"OVER $1,500",3/13/2022 23:22,IMPROPER LANE USAGE,NOT APPLICABLE,4800,S,LAKE SHORE DR SB,222,,Y,,,,,2,NO INDICATION OF INJURY,0,0,0,0,0,3,0,22,1,3,41.80867417,-87.58771708,POINT (-87.587717082408 41.80867417199)
82cfe8bc0606a0f6ac9671a75e81a999f582f15cc158e58bce2124cf6594b832463cfc44fe119a65edf7b43f9c085e801548e247c8e55bf5c35d314a8bc5b927,,,4/3/2022 16:14,30,STOP SIGN/FLASHER,FUNCTIONING PROPERLY,CLEAR,DAYLIGHT,REAR END,NOT DIVIDED,,STRAIGHT AND LEVEL,DRY,NO DEFECTS,ON SCENE,NO INJURY / DRIVE AWAY,Y,,Y,"OVER $1,500",4/3/2022 16:32,UNABLE TO DETERMINE,UNABLE TO DETERMINE,339,W,DIVISION ST,1823,,,,,,,2,NO INDICATION OF INJURY,0,0,0,0,0,2,0,16,1,4,41.90369472,-87.63742453,POINT (-87.637424533508 41.903694719608)
4b80f80e50c29d4dd1ecfc1be27df48b68ac102ed1868671954501a084d5fdf6a5c0eba7ca9a46aba875cd4ebb86fcf559c47933706be58f75f7eb92222e3da8,,,3/29/2022 20:00,30,NO CONTROLS,NO CONTROLS,CLEAR,"DARKNESS, LIGHTED ROAD",REAR END,NOT DIVIDED,,STRAIGHT AND LEVEL,DRY,OTHER,NOT ON SCENE (DESK REPORT),NO INJURY / DRIVE AWAY,,,,"$501 - $1,500",4/3/2022 19:15,UNABLE TO DETERMINE,NOT APPLICABLE,3021,N,ASHLAND AVE,1932,,,,,,,2,NO INDICATION OF INJURY,0,0,0,0,0,4,0,20,3,3,41.93672676,-87.66840865,POINT (-87.668408649194 41.936726755977)
2a893cbfc02f7705e93134a3dbe94254de5a3305abc924c30dff2279749f6f136645f3ef9d708158e0f0974242a0d38c6ff8eadeed1bc20273b4e034ad6a29d9,,Y,4/2/2022 1:00,25,NO CONTROLS,NO CONTROLS,UNKNOWN,UNKNOWN,PARKED MOTOR VEHICLE,ONE-WAY,,STRAIGHT AND LEVEL,DRY,NO DEFECTS,ON SCENE,INJURY AND / OR TOW DUE TO CRASH,,,Y,"OVER $1,500",4/2/2022 10:09,UNABLE TO DETERMINE,NOT APPLICABLE,124,N,LONG AVE,1523,,,,,,,3,NO INDICATION OF INJURY,0,0,0,0,0,1,0,1,7,4,41.88301869,-87.76036256,POINT (-87.760362558675 41.88301868506)
72e47a550cea8d39b69b2f156b6904b672ee542f50ccff48419f08049627f17d514554bab1d2a5dd96fa56a9497de7dadc800115e3ba16c8d43fc2cab57c3990,,,4/4/2022 0:10,30,NO CONTROLS,NO CONTROLS,RAIN,DARKNESS,SIDESWIPE SAME DIRECTION,NOT DIVIDED,,STRAIGHT AND LEVEL,WET,NO DEFECTS,ON SCENE,INJURY AND / OR TOW DUE TO CRASH,,,Y,"OVER $1,500",4/4/2022 0:21,IMPROPER OVERTAKING/PASSING,UNABLE TO DETERMINE,11902,S,HALSTED ST,524,,,,,,,2,NO INDICATION OF INJURY,0,0,0,0,0,2,0,0,2,4,41.67766429,-87.64204995,POINT (-87.642049952561 41.677664293951)
1b3869fad1b2886d6b6d2198701485110ec37b944dda98fb243ca50c028a76ad713de2fb9258d859b81821341dd6bc9f1a406fef8a3642e414c726e36a16a39f,,Y,4/3/2022 7:00,45,NO CONTROLS,NO CONTROLS,CLEAR,DAYLIGHT,REAR END,DIVIDED - W/MEDIAN BARRIER,,STRAIGHT AND LEVEL,ICE,NO DEFECTS,ON SCENE,NO INJURY / DRIVE AWAY,,,,"$501 - $1,500",4/3/2022 8:00,WEATHER,WEATHER,10000,W,OHARE ST,1651,,,,,,,2,NO INDICATION OF INJURY,0,0,0,0,0,2,0,7,1,4,41.97620114,-87.90530913,POINT (-87.905309125103 41.976201139024)
5ef16f0f0714d465a68609aa1bcab8caa2812ebbfdf04fb61fc590cd41e33e0aa1532d624a1eddfd44ba517f80e7b1d723bc18d17221aa370db82e630df8a241,,,4/3/2022 12:15,10,NO CONTROLS,NO CONTROLS,CLEAR,DAYLIGHT,REAR END,PARKING LOT,,STRAIGHT AND LEVEL,DRY,NO DEFECTS,ON SCENE,NO INJURY / DRIVE AWAY,,,,$500 OR LESS,4/3/2022 12:20,UNABLE TO DETERMINE,UNABLE TO DETERMINE,5205,N,BROADWAY,2023,,,,,,,2,NO INDICATION OF INJURY,0,0,0,0,0,2,0,12,1,4,41.97652938,-87.65972362,POINT (-87.659723618747 41.976529380439)
3bfa46226efbf04c84456802ab3168bdb0dac25ba20ba638d70a12ce63a6d3106bb07a24ef343096db924054ad5f1422477af792f676914c83d74b1368206bd3,,,4/3/2022 13:15,10,STOP SIGN/FLASHER,FUNCTIONING PROPERLY,CLEAR,DAYLIGHT,ANGLE,PARKING LOT,,STRAIGHT AND LEVEL,DRY,NO DEFECTS,NOT ON SCENE (DESK REPORT),NO INJURY / DRIVE AWAY,,Y,,"$501 - $1,500",4/3/2022 13:35,FAILING TO YIELD RIGHT-OF-WAY,NOT APPLICABLE,3145,S,ASHLAND AVE,912,,,,,,,2,NO INDICATION OF INJURY,0,0,0,0,0,3,0,13,1,4,41.83646835,-87.6655669,POINT (-87.665566902132 41.836468347729)
94683a3319fd1700a877bd218165ab5da0f58ccb00a8fb1852e7f1ddb1798b247c18c809014e3f9e6e9411e2defacae669abf63e6f7c6310e0db4f667e7c7f15,,,3/29/2022 6:30,30,NO CONTROLS,NO CONTROLS,RAIN,DAWN,PARKED MOTOR VEHICLE,NOT DIVIDED,,STRAIGHT AND LEVEL,WET,NO DEFECTS,NOT ON SCENE (DESK REPORT),NO INJURY / DRIVE AWAY,,,Y,"OVER $1,500",4/3/2022 11:25,UNABLE TO DETERMINE,UNABLE TO DETERMINE,4630,N,LAMON AVE,1623,,,,,,,2,NO INDICATION OF INJURY,0,0,0,0,0,1,0,6,3,3,41.96535909,-87.75027214,POINT (-87.750272139217 41.965359090616)
b6c890a3162e33a33e551d14d6cbd20b1410c3642df8558da9eaa597c1e27d9213fd3eaa1de4d5f86b16e5a523d305524aee44eda87f7ee279afe9ec589bb2a6,,,4/3/2022 20:30,15,UNKNOWN,UNKNOWN,CLEAR,"DARKNESS, LIGHTED ROAD",FIXED OBJECT,ALLEY,,STRAIGHT AND LEVEL,DRY,NO DEFECTS,ON SCENE,NO INJURY / DRIVE AWAY,,Y,,"OVER $1,500",4/3/2022 20:30,UNABLE TO DETERMINE,NOT APPLICABLE,41,N,LONG AVE,1522,,,,,,,1,NO INDICATION OF INJURY,0,0,0,0,0,1,0,20,1,4,41.88157145,-87.76001632,POINT (-87.760016320602 41.881571451367)
6d9f6ff219dade99c48b8d582ece9601560532b34df6be4cddd2290ff0ef08d75ae6ed78de3adc03dfcc341c3faab97c7a4fc9ec8b51b5270e3170d36bf980e1,JF172879,,3/13/2022 18:00,25,NO CONTROLS,NO CONTROLS,CLEAR,DAYLIGHT,SIDESWIPE SAME DIRECTION,NOT DIVIDED,,STRAIGHT AND LEVEL,DRY,NO DEFECTS,NOT ON SCENE (DESK REPORT),NO INJURY / DRIVE AWAY,,,,"$501 - $1,500",3/13/2022 19:45,IMPROPER LANE USAGE,NOT APPLICABLE,1180,W,GRANVILLE AVE,2433,,,,,,,2,NO INDICATION OF INJURY,0,0,0,0,0,2,0,18,1,3,41.99466287,-87.6603452,POINT (-87.660345203632 41.99466286926)
38c801873ce176cee12412c0a9244df4065282a588435389b0da192bea28241707aa0006d978d28ff213d15d564ec2cf72bd7b3fffc84befda860d50b7fcfc72,,Y,4/2/2022 22:19,30,NO CONTROLS,NO CONTROLS,CLEAR,"DARKNESS, LIGHTED ROAD",PARKED MOTOR VEHICLE,NOT DIVIDED,,STRAIGHT AND LEVEL,DRY,NO DEFECTS,ON SCENE,NO INJURY / DRIVE AWAY,,,,$500 OR LESS,4/2/2022 22:19,NOT APPLICABLE,NOT APPLICABLE,13281,S,CORLISS AVE,533,,,,,,,2,NO INDICATION OF INJURY,0,0,0,0,0,2,0,22,7,4,41.6546004,-87.60211799,POINT (-87.602117991076 41.654600395059)
c665e8f85ab03f613ff5cc63de951c97ccd8f29b77978f8b8806a8221cb861df0fff12f13babdf81e23e680202d6a1c6c8054277b38b98246937eada0b9c9f01,,,4/2/2022 19:19,30,NO CONTROLS,NO CONTROLS,RAIN,DARKNESS,SIDESWIPE SAME DIRECTION,NOT DIVIDED,,STRAIGHT AND LEVEL,WET,UNKNOWN,NOT ON SCENE (DESK REPORT),NO INJURY / DRIVE AWAY,,,Y,$500 OR LESS,4/2/2022 20:00,IMPROPER OVERTAKING/PASSING,IMPROPER OVERTAKING/PASSING,1322,W,NORTH AVE,1433,,,,,,,2,NO INDICATION OF INJURY,0,0,0,0,0,5,0,19,7,4,41.91082899,-87.66130662,POINT (-87.661306617494 41.910828987994)
5022dfaf1daafbeacd302a1571e0ca17adb96f58a20e2785f3a1c4d77f6748e050090f7f2fcfa52d70ee80331ec50d8a3b8f94723a81ee7c9b4521987b7e89ba,,,4/3/2022 18:52,30,TRAFFIC SIGNAL,FUNCTIONING PROPERLY,CLEAR,DUSK,REAR END,DIVIDED - W/MEDIAN BARRIER,,STRAIGHT AND LEVEL,DRY,NO DEFECTS,ON SCENE,INJURY AND / OR TOW DUE TO CRASH,,,,"OVER $1,500",4/3/2022 18:55,FAILING TO REDUCE SPEED TO AVOID CRASH,UNABLE TO DETERMINE,9160,S,LAKE SHORE DR,424,,,,,,,3,NO INDICATION OF INJURY,0,0,0,0,0,4,0,18,1,4,41.72918581,-87.54226634,POINT (-87.542266337526 41.729185811555)
af8939f436f7761a640936807aa5719d4738f2f3953b5f326d694f2094a549b6c7ec1e06a68d1c227a18db133b053b4b2b34e8a6a416b8cbb5a45572f706f94d,,,4/3/2022 11:05,30,NO CONTROLS,NO CONTROLS,CLEAR,DAYLIGHT,TURNING,NOT DIVIDED,,STRAIGHT AND LEVEL,DRY,UNKNOWN,ON SCENE,INJURY AND / OR TOW DUE TO CRASH,,,,"OVER $1,500",4/3/2022 11:15,UNABLE TO DETERMINE,UNABLE TO DETERMINE,8324,S,KEDZIE AVE,834,,,,,,,2,NO INDICATION OF INJURY,0,0,0,0,0,2,0,11,1,4,41.74160421,-87.70232034,POINT (-87.702320339801 41.741604209138)
eae9612de0459a48003a693f50fa3f11449b691535989d3b7150e8457fc082b4ec70bad35da6691cf52eabef388d4b27e4d00ad78ff0a947bab79a26ff2cccbc,,,4/1/2022 22:30,30,NO CONTROLS,NO CONTROLS,CLEAR,DARKNESS,SIDESWIPE SAME DIRECTION,NOT DIVIDED,,STRAIGHT AND LEVEL,DRY,NO DEFECTS,NOT ON SCENE (DESK REPORT),NO INJURY / DRIVE AWAY,,,Y,"OVER $1,500",4/3/2022 13:59,UNABLE TO DETERMINE,UNABLE TO DETERMINE,6710,S,KEDZIE AVE,831,,,,,,,2,NO INDICATION OF INJURY,0,0,0,0,0,2,0,22,6,4,41.77127286,-87.70310824,POINT (-87.703108239086 41.771272862599)
b276bc58a9e9e31c8e3b5b1f8a48c21cd047dc9ec86b4f731e7f2f7c98e185a79429c76822ddf52248cf2d31ea3ddc38de3ba2bf4eb0fcf52e288b6cb6a84781,,,4/2/2022 20:00,30,TRAFFIC SIGNAL,FUNCTIONING PROPERLY,CLEAR,DARKNESS,SIDESWIPE SAME DIRECTION,NOT DIVIDED,,STRAIGHT AND LEVEL,UNKNOWN,UNKNOWN,NOT ON SCENE (DESK REPORT),NO INJURY / DRIVE AWAY,,,,"$501 - $1,500",4/2/2022 20:09,IMPROPER LANE USAGE,IMPROPER OVERTAKING/PASSING,5700,N,SHERIDAN RD,2022,,,,,,,2,NO INDICATION OF INJURY,0,0,0,0,0,3,0,20,7,4,41.9856411,-87.65538854,POINT (-87.655388544127 41.985641095429)
6e4298ee3256efbcd2df64a9642e4bcbe845a985a5b6206792eed83aa6ef5a1b196e735e5c9e74c5b48cfc702436afa0dbd1280c81b8d54ed8c49e9ec7047b93,JF173046,,3/13/2022 23:00,30,TRAFFIC SIGNAL,FUNCTIONING PROPERLY,CLEAR,"DARKNESS, LIGHTED ROAD",TURNING,DIVIDED - W/MEDIAN (NOT RAISED),,STRAIGHT AND LEVEL,DRY,NO DEFECTS,ON SCENE,INJURY AND / OR TOW DUE TO CRASH,,,,"OVER $1,500",3/13/2022 23:26,FOLLOWING TOO CLOSELY,UNABLE TO DETERMINE,898,S,SACRAMENTO BLVD,1134,,,,,,,2,NO INDICATION OF INJURY,0,0,0,0,0,5,0,23,1,3,41.87014401,-87.70104468,POINT (-87.701044679379 41.870144008559)
87a1a7a71be2a618429f5c1def7760845dbf3804d908a6bf540651f4e3e8770d1e60c6f3d5c23c60e9fd96c5055b8f132d838f39c764ea578c8c197cdc3dea5e,,,4/3/2022 8:00,30,NO CONTROLS,NO CONTROLS,UNKNOWN,UNKNOWN,PARKED MOTOR VEHICLE,UNKNOWN,,STRAIGHT AND LEVEL,DRY,NO DEFECTS,NOT ON SCENE (DESK REPORT),NO INJURY / DRIVE AWAY,,,Y,"OVER $1,500",4/3/2022 9:40,UNABLE TO DETERMINE,NOT APPLICABLE,2455,N,SAYRE AVE,2512,,,,,,,2,NO INDICATION OF INJURY,0,0,0,0,0,1,0,8,1,4,41.92520898,-87.80064715,POINT (-87.800647151726 41.925208982124)
9db1fa2a9711532f0b47f75df761b489b6f742918296fc897a5049b10c7843e830bd0d3f035c284b45956703da1fdbcbdedb4597c73d8b91ba7780a6a1b3700c,,,4/2/2022 17:30,25,TRAFFIC SIGNAL,FUNCTIONING PROPERLY,RAIN,DAYLIGHT,PARKED MOTOR VEHICLE,DIVIDED - W/MEDIAN (NOT RAISED),,STRAIGHT AND LEVEL,WET,UNKNOWN,ON SCENE,INJURY AND / OR TOW DUE TO CRASH,N,,,"OVER $1,500",4/2/2022 17:30,UNABLE TO DETERMINE,NOT APPLICABLE,1836,W,LAWRENCE AVE,2032,,,,,,,2,NO INDICATION OF INJURY,0,0,0,0,0,1,0,17,7,4,41.96890697,-87.67605802,POINT (-87.676058023218 41.968906967005)
ed534f1efe2b19c57585c06dfdc3f551c23026ac686341f666e9a409bedb359d118e83f5edb0c9d9bda7740561ac58593235ac90ff2bc5ad4541cf80145df3c8,,,4/3/2022 7:30,45,NO CONTROLS,NO CONTROLS,CLEAR,DAYLIGHT,FIXED OBJECT,DIVIDED - W/MEDIAN BARRIER,,STRAIGHT AND LEVEL,ICE,OTHER,ON SCENE,NO INJURY / DRIVE AWAY,,,,"$501 - $1,500",4/3/2022 7:30,WEATHER,UNABLE TO DETERMINE,10000,W,OHARE ST,1651,,,,,,,1,NO INDICATION OF INJURY,0,0,0,0,0,1,0,7,1,4,41.97620114,-87.90530913,POINT (-87.905309125103 41.976201139024)
8de3a76819a1fb2db3cd67edb31606a3ac3b6a244a40fbae8124a1ed98c6798c41a7334b5c0a59d32ad54e9bf4bd070219eace2a4719f15f3aff788f70800db4,,Y,4/3/2022 12:35,35,TRAFFIC SIGNAL,FUNCTIONING PROPERLY,CLEAR,DAYLIGHT,SIDESWIPE SAME DIRECTION,DIVIDED - W/MEDIAN (NOT RAISED),,STRAIGHT AND LEVEL,DRY,NO DEFECTS,ON SCENE,NO INJURY / DRIVE AWAY,,,Y,"OVER $1,500",4/3/2022 12:40,"VISION OBSCURED (SIGNS, TREE LIMBS, BUILDINGS, ETC.)",IMPROPER LANE USAGE,2810,N,PULASKI RD,2523,,,,,,,2,NO INDICATION OF INJURY,0,0,0,0,0,3,0,12,1,4,41.93210721,-87.72713459,POINT (-87.727134591438 41.932107211669)
65a1a50955fd0d68bc26bce552b28c4ab6096b4f9836c2006813ac6cbbb436b550e34b465f5859e2edfc3c8ec6ca51b3e8fa1b2c6846aaac6f1b1d44f9b5d351,,,4/3/2022 4:00,35,TRAFFIC SIGNAL,FUNCTIONING PROPERLY,RAIN,"DARKNESS, LIGHTED ROAD",REAR END,NOT DIVIDED,,STRAIGHT AND LEVEL,WET,UNKNOWN,NOT ON SCENE (DESK REPORT),NO INJURY / DRIVE AWAY,,,Y,"OVER $1,500",4/3/2022 5:35,NOT APPLICABLE,NOT APPLICABLE,3301,S,PULASKI RD,1031,,,,,,,2,NO INDICATION OF INJURY,0,0,0,0,0,3,0,4,1,4,41.83327425,-87.72412515,POINT (-87.724125149548 41.833274252418)
6ebbdae973e1930968f882b6f3d156b3f237f165278234fa12cf0d4938b1515fa27e04bf2712acdf518eeed4e2187dec36fc2e4f67aa269707bc6db457c57986,JF172667,,3/13/2022 14:19,20,NO CONTROLS,NO CONTROLS,CLEAR,DAYLIGHT,PARKED MOTOR VEHICLE,OTHER,,STRAIGHT AND LEVEL,DRY,NO DEFECTS,ON SCENE,INJURY AND / OR TOW DUE TO CRASH,,,,"OVER $1,500",3/13/2022 14:19,DISTRACTION - FROM INSIDE VEHICLE,NOT APPLICABLE,5236,S,WINCHESTER AVE,932,,,,,,,3,NO INDICATION OF INJURY,0,0,0,0,0,1,0,14,1,3,41.79831878,-87.67335832,POINT (-87.673358324381 41.798318783128)
6f0f0927138e840e2fe680598090f58f7dcebbb7ffdda43f0fa27998553704b837bf1279bc5f483bb25b99b3b2addc99d9d212fe3690296c60f35090004501db,JF172731,,3/13/2022 16:05,10,NO CONTROLS,NO CONTROLS,CLEAR,DAYLIGHT,REAR END,PARKING LOT,,STRAIGHT AND LEVEL,DRY,NO DEFECTS,NOT ON SCENE (DESK REPORT),NO INJURY / DRIVE AWAY,,Y,,"$501 - $1,500",3/13/2022 16:55,UNABLE TO DETERMINE,UNABLE TO DETERMINE,1623,W,DIVISION ST,1213,,,,,,,2,NO INDICATION OF INJURY,0,0,0,0,0,3,0,16,1,3,41.90322156,-87.66848596,POINT (-87.668485957233 41.903221562685)
227ac69416d1d84e086c7ffb36f920e8fe29da0aa974dfa216436b13b2c3260f2b98106d71c1ffac535c9eb9223bdd8c7fd3dfb1039f42367c47c511393da8c3,,,4/3/2022 23:05,30,NO CONTROLS,NO CONTROLS,RAIN,DARKNESS,TURNING,NOT DIVIDED,,STRAIGHT AND LEVEL,DRY,NO DEFECTS,ON SCENE,INJURY AND / OR TOW DUE TO CRASH,,,,"OVER $1,500",4/3/2022 23:06,IMPROPER TURNING/NO SIGNAL,IMPROPER TURNING/NO SIGNAL,6921,W,GRAND AVE,2512,,,,,,,2,NO INDICATION OF INJURY,0,0,0,0,0,2,0,23,1,4,41.92345973,-87.79884308,POINT (-87.798843075115 41.923459732832)
4ef4eb16442ad2cc8d503a2f7898548d060d1a509c794d79ee845766ac41084e020c875f35ecc8502bda330de042f8e05408a2ff42c420fc09c31ba81b53a0fc,,,4/9/2022 23:30,30,NO CONTROLS,NO CONTROLS,CLEAR,"DARKNESS, LIGHTED ROAD",PARKED MOTOR VEHICLE,ONE-WAY,,STRAIGHT AND LEVEL,DRY,NO DEFECTS,NOT ON SCENE (DESK REPORT),NO INJURY / DRIVE AWAY,,,Y,"OVER $1,500",4/10/2022 0:15,UNABLE TO DETERMINE,NOT APPLICABLE,1647,N,LINDER AVE,2532,,,,,,,2,NO INDICATION OF INJURY,0,0,0,0,0,1,0,23,7,4,41.91080767,-87.7628992,POINT (-87.762899196236 41.910807665302)
cdf5c6580e3b3b7bbfb9164e79283fbac5a021e3ad1f94d1b4ebed28224e36a59c3d52f4dff04c7d32df57c88c8017957b1b60d78d657ac2ccf63e034514efd6,,Y,4/9/2022 2:25,35,TRAFFIC SIGNAL,FUNCTIONING PROPERLY,RAIN,"DARKNESS, LIGHTED ROAD",REAR END,DIVIDED - W/MEDIAN (NOT RAISED),,STRAIGHT AND LEVEL,WET,NO DEFECTS,ON SCENE,INJURY AND / OR TOW DUE TO CRASH,Y,,Y,"OVER $1,500",4/9/2022 2:59,UNABLE TO DETERMINE,NOT APPLICABLE,10498,S,INDIANAPOLIS AVE,432,,,,,,,2,NO INDICATION OF INJURY,0,0,0,0,0,2,0,2,7,4,41.7045245,-87.52663541,POINT (-87.526635407367 41.704524499921)
774369301a9e9b9b6fb83ce9410f6befbce6e3f967ac91960e670c6b5ad7ff1975653f360a9071e772e893c3c03b7048f65f79e3a2cc342036a5c09052f9670a,,,4/9/2022 17:22,30,NO CONTROLS,NO CONTROLS,CLEAR,DUSK,ANGLE,NOT DIVIDED,,STRAIGHT AND LEVEL,DRY,NO DEFECTS,ON SCENE,INJURY AND / OR TOW DUE TO CRASH,Y,,,"OVER $1,500",4/9/2022 17:24,"VISION OBSCURED (SIGNS, TREE LIMBS, BUILDINGS, ETC.)",NOT APPLICABLE,2344,W,36TH ST,911,,,,,,,2,NO INDICATION OF INJURY,0,0,0,0,0,3,0,17,7,4,41.82857131,-87.68431514,POINT (-87.684315139303 41.828571310241)
ffd2b8d58451510d0218bfc38c5967dcca7166e95389140c27ec105ee836e52a1f50d676543ce4182201da688fcfce204b9ba8f73a6807df21b3bfc1731a3cf1,,,4/3/2022 21:27,30,TRAFFIC SIGNAL,UNKNOWN,UNKNOWN,"DARKNESS, LIGHTED ROAD",REAR END,FOUR WAY,,STRAIGHT AND LEVEL,UNKNOWN,UNKNOWN,ON SCENE,INJURY AND / OR TOW DUE TO CRASH,Y,,,"OVER $1,500",4/3/2022 21:36,PHYSICAL CONDITION OF DRIVER,UNABLE TO DETERMINE,624,N,CLARK ST,1832,,,,,,,4,NONINCAPACITATING INJURY,1,0,0,1,0,2,0,21,1,4,41.89318763,-87.63131472,POINT (-87.631314720159 41.893187628353)
abad8d86534c0cc8dc7f502be7f150e01235ab6dedc51ffd5e8005e668f25ca4fa6e774d0cf1b15e30adea21000b485de28b90651d431524161baeaa06f3aa41,,,4/3/2022 0:30,20,NO CONTROLS,NO CONTROLS,UNKNOWN,UNKNOWN,SIDESWIPE SAME DIRECTION,ONE-WAY,,STRAIGHT AND LEVEL,UNKNOWN,UNKNOWN,NOT ON SCENE (DESK REPORT),NO INJURY / DRIVE AWAY,N,N,,"OVER $1,500",4/3/2022 0:50,UNABLE TO DETERMINE,NOT APPLICABLE,4056,W,VAN BUREN ST,1132,,,,N,,,2,NO INDICATION OF INJURY,0,0,0,0,0,2,0,0,1,4,41.87534941,-87.72774017,POINT (-87.727740168926 41.875349406115)