CRASH_RECORD_ID,RD_NO,CRASH_DATE_EST_I,CRASH_DATE,POSTED_SPEED_LIMIT,TRAFFIC_CONTROL_DEVICE,DEVICE_CONDITION,WEATHER_CONDITION,LIGHTING_CONDITION,FIRST_CRASH_TYPE,TRAFFICWAY_TYPE,LANE_CNT,ALIGNMENT,ROADWAY_SURFACE_COND,ROAD_DEFECT,REPORT_TYPE,CRASH_TYPE,INTERSECTION_RELATED_I,NOT_RIGHT_OF_WAY_I,HIT_AND_RUN_I,DAMAGE,DATE_POLICE_NOTIFIED,PRIM_CONTRIBUTORY_CAUSE,SEC_CONTRIBUTORY_CAUSE,STREET_NO,STREET_DIRECTION,STREET_NAME,BEAT_OF_OCCURRENCE,PHOTOS_TAKEN_I,STATEMENTS_TAKEN_I,DOORING_I,WORK_ZONE_I,WORK_ZONE_TYPE,WORKERS_PRESENT_I,NUM_UNITS,MOST_SEVERE_INJURY,INJURIES_TOTAL,INJURIES_FATAL,INJURIES_INCAPACITATING,INJURIES_NON_INCAPACITATING,INJURIES_REPORTED_NOT_EVIDENT,INJURIES_NO_INDICATION,INJURIES_UNKNOWN,CRASH_HOUR,CRASH_DAY_OF_WEEK,CRASH_MONTH,LATITUDE,LONGITUDE,LOCATION
1e1427b6ab99bcca011a27cb602c4831b74638f533a8e5b2c13399109f2a333d71d301ae16f5802f50677fea4d905fa598772dd07cee05f85db0c39a13449a28,,,4/2/2022 16:15,30,TRAFFIC SIGNAL,FUNCTIONING PROPERLY,RAIN,DAYLIGHT,SIDESWIPE SAME DIRECTION,NOT DIVIDED,,STRAIGHT AND LEVEL,WET,NO DEFECTS,NOT ON SCENE (DESK REPORT),NO INJURY / DRIVE AWAY,,,,"OVER $1,500",4/3/2022 12:40,UNABLE TO DETERMINE,NOT APPLICABLE,3833,N,BROADWAY,1925,,,,,,,2,NO INDICATION OF INJURY,0,0,0,0,0,3,0,16,7,4,41.95220766,-87.64948924,POINT (-87.64948923588 41.952207659296)
6fcc60b1ea7952c6271758cd84d65853dc9b6982d3967c0902c16e77829e4a80933cbb353be0808fee18a2be82b5864bba8ca9fad89df63cd457effd2092b8bd,JF172869,,3/13/2022 19:27,30,YIELD,NO CONTROLS,CLEAR,"DARKNESS, LIGHTED ROAD",SIDESWIPE SAME DIRECTION,NOT DIVIDED,,STRAIGHT AND LEVEL,DRY,NO DEFECTS,ON SCENE,NO INJURY / DRIVE AWAY,,,Y,"OVER $1,500",3/13/2022 20:00,UNABLE TO DETERMINE,UNABLE TO DETERMINE,5342,S,CALIFORNIA AVE,923,,,,,,,2,NO INDICATION OF INJURY,0,0,0,0,0,2,0,19,1,3,41.79605696,-87.69400928,POINT (-87.694009279587 41.796056964274)
a81734ab28a1deca2991f2dbd1c479618116fd96738efb4feeeea9860a4a42b3fb47bdc4bfd908cedbab3da8d379395851af2524f64a15993986b12027058692,,,4/3/2022 13:00,30,NO CONTROLS,NO CONTROLS,CLEAR,DAYLIGHT,PARKED MOTOR VEHICLE,PARKING LOT,,STRAIGHT AND LEVEL,DRY,NO DEFECTS,NOT ON SCENE (DESK REPORT),NO INJURY / DRIVE AWAY,,,,"OVER $1,500",4/3/2022 17:00,IMPROPER BACKING,IMPROPER BACKING,8259,S,HALSTED ST,622,,,,,,,2,NO INDICATION OF INJURY,0,0,0,0,0,1,0,13,1,4,41.74345181,-87.64368669,POINT (-87.643686685621 41.743451810224)
71e8ba093879db37b67070c2b74262662cfec853356f46406ed102de068adfa12def891b1bdd46249159fd25da80021f35f7b7da0b2195a1b10779e87897ab1b,JF172227,Y,3/13/2022 5:15,30,NO CONTROLS,NO CONTROLS,CLEAR,"DARKNESS, LIGHTED ROAD",PARKED MOTOR VEHICLE,DIVIDED - W/MEDIAN (NOT RAISED),,STRAIGHT AND LEVEL,DRY,NO DEFECTS,ON SCENE,INJURY AND / OR TOW DUE TO CRASH,,,Y,"OVER $1,500",3/13/2022 5:18,NOT APPLICABLE,NOT APPLICABLE,7311,S,DAMEN AVE,735,,,,,,,2,NO INDICATION OF INJURY,0,0,0,0,0,1,0,5,1,3,41.76078884,-87.67328088,POINT (-87.673280883872 41.760788837863)
7e94b74acea0a9a594c9fd670a0ad69ec2a9655db54f05264a37427b854fcbff05e179efca3a77029996f88816fa9ff65d407ce2b6371e80020f69154a34c568,,,4/3/2022 14:00,30,NO CONTROLS,NO CONTROLS,CLEAR,DAYLIGHT,SIDESWIPE SAME DIRECTION,DIVIDED - W/MEDIAN BARRIER,,STRAIGHT AND LEVEL,DRY,NO DEFECTS,NOT ON SCENE (DESK REPORT),NO INJURY / DRIVE AWAY,,,,"$501 - $1,500",4/3/2022 14:20,IMPROPER OVERTAKING/PASSING,NOT APPLICABLE,740,W,ROOSEVELT RD,1232,,,,,,,2,NO INDICATION OF INJURY,0,0,0,0,0,3,0,14,1,4,41.86726613,-87.64675745,POINT (-87.646757447991 41.867266128589)
313d267c3a8242575a700f0be4ece592765fd298a237726d1a4e4f2fefc69c338165179c106a118f1dd05a298de5a56d18fae67db44aa2324a96704cb7e17b29,,,4/8/2022 22:22,30,NO CONTROLS,NO CONTROLS,UNKNOWN,"DARKNESS, LIGHTED ROAD",TURNING,ONE-WAY,,STRAIGHT AND LEVEL,UNKNOWN,NO DEFECTS,NOT ON SCENE (DESK REPORT),NO INJURY / DRIVE AWAY,,,Y,"OVER $1,500",4/9/2022 12:00,UNABLE TO DETERMINE,NOT APPLICABLE,601,S,MORGAN ST,1232,,,,,,,2,NO INDICATION OF INJURY,0,0,0,0,0,2,0,22,6,4,41.87430317,-87.65166206,POINT (-87.651662059153 41.874303165555)
5fa7b864b878619646ffc3d62a9c61fced5801bf438331ddf881cdf4f1cd927e4430d1dcdac35c92bd877c82d3ad052e44eeb680f69b80178f0544e2f7f8ba17,,,4/7/2022 23:58,10,NO CONTROLS,NO CONTROLS,CLEAR,DARKNESS,PARKED MOTOR VEHICLE,PARKING LOT,,STRAIGHT AND LEVEL,UNKNOWN,UNKNOWN,NOT ON SCENE (DESK REPORT),NO INJURY / DRIVE AWAY,,,,"$501 - $1,500",4/8/2022 12:00,UNABLE TO DETERMINE,UNABLE TO DETERMINE,1640,W,115TH ST,2234,,,,,,,2,NO INDICATION OF INJURY,0,0,0,0,0,1,0,23,5,4,41.68489909,-87.66335207,POINT (-87.663352066438 41.684899085362)
fc2dbd3b81de1aaf3755b0de55a87c2daab7d6d63a8717c132b8d083a20c5a5f45dae09061aba06f2b85cfed99f464077630bf20998c3cc1d29ad3da0c28334f,,,4/9/2022 10:20,30,NO CONTROLS,NO CONTROLS,CLEAR,DAYLIGHT,PEDALCYCLIST,DRIVEWAY,,STRAIGHT AND LEVEL,DRY,NO DEFECTS,NOT ON SCENE (DESK REPORT),INJURY AND / OR TOW DUE TO CRASH,,,,"OVER $1,500",4/9/2022 13:30,FAILING TO YIELD RIGHT-OF-WAY,FAILING TO YIELD RIGHT-OF-WAY,4751,W,47TH ST,815,,,,,,,2,INCAPACITATING INJURY,1,0,1,0,0,1,0,10,7,4,41.80753403,-87.74281494,POINT (-87.742814935981 41.807534026094)
34345aeab79f0358d9a484a3940824cea6f4dfa8499fcd1b29d4afc0f2ccfcac5c10a67c15438f087b78a1550d3df2f4173e24d57fc7f3b48d362e7db200a66a,,,4/9/2022 11:00,30,TRAFFIC SIGNAL,FUNCTIONING PROPERLY,CLEAR,DAYLIGHT,REAR END,DIVIDED - W/MEDIAN (NOT RAISED),,STRAIGHT AND LEVEL,WET,NO DEFECTS,NOT ON SCENE (DESK REPORT),NO INJURY / DRIVE AWAY,,,,"OVER $1,500",4/9/2022 17:50,FOLLOWING TOO CLOSELY,FOLLOWING TOO CLOSELY,2001,W,FULLERTON AVE,1432,,,,,,,2,NO INDICATION OF INJURY,0,0,0,0,0,2,0,11,7,4,41.92491546,-87.67795777,POINT (-87.677957772669 41.924915454521)
171ffda838a3a5edf3903556f22792eef34b34da6422e38585acf42fb2f8a21bc53ed1b0583da38534d16be95c0e17f97af580b49d32bf5bad8f31e220186827,,,4/8/2022 22:00,30,NO CONTROLS,NO CONTROLS,RAIN,"DARKNESS, LIGHTED ROAD",SIDESWIPE SAME DIRECTION,NOT DIVIDED,,STRAIGHT AND LEVEL,WET,NO DEFECTS,ON SCENE,INJURY AND / OR TOW DUE TO CRASH,,,Y,"OVER $1,500",4/8/2022 22:22,UNABLE TO DETERMINE,UNABLE TO DETERMINE,2710,E,83RD ST,423,,,,,,,2,NO INDICATION OF INJURY,0,0,0,0,0,2,0,22,6,4,41.74467329,-87.55835416,POINT (-87.558354157357 41.744673292022)
99700bef5fd49bf4424a9c5cbec44530501cb50a4e46b233886aff8faa3975f1dc68a61cb16bd09ccf17385288e238f1077d0a7dffbb7b816ebe094fed091f8a,,,4/9/2022 1:11,55,NO CONTROLS,NO CONTROLS,RAIN,"DARKNESS, LIGHTED ROAD",SIDESWIPE SAME DIRECTION,DIVIDED - W/MEDIAN BARRIER,,STRAIGHT AND LEVEL,WET,NO DEFECTS,ON SCENE,INJURY AND / OR TOW DUE TO CRASH,,,Y,"OVER $1,500",4/9/2022 1:14,"OPERATING VEHICLE IN ERRATIC, RECKLESS, CARELESS, NEGLIGENT OR AGGRESSIVE MANNER",IMPROPER OVERTAKING/PASSING,3950,N,LAKE SHORE DR,1925,,,,,,,2,NO INDICATION OF INJURY,0,0,0,0,0,2,0,1,7,4,41.95434472,-87.64534962,POINT (-87.645349620599 41.954344718652)
f4392b80445c6201f3f2480f7ef06e0921f4f4854c31867d35d3dd9b7c41955d6800cd81d265b4648bb07e85a7961a3ef7c89f7c58b54174bb2b3ccad4cb624c,,,4/9/2022 15:30,30,NO CONTROLS,NO CONTROLS,CLEAR,DAYLIGHT,REAR END,DIVIDED - W/MEDIAN (NOT RAISED),,STRAIGHT AND LEVEL,DRY,NO DEFECTS,NOT ON SCENE (DESK REPORT),NO INJURY / DRIVE AWAY,,,,"OVER $1,500",4/9/2022 16:15,UNABLE TO DETERMINE,UNABLE TO DETERMINE,460,N,LARAMIE AVE,1523,,,,,,,2,NO INDICATION OF INJURY,0,0,0,0,0,2,0,15,7,4,41.88888412,-87.75552596,POINT (-87.755525963215 41.888884115089)
a90aeb64d0cb390a22840be86a12e5001a828229d5082cb3f5fd384c932489570786f1b8f6c93e98d93a80e4957de36cd2688d5bdd63a6022a9b64a506be63d5,,,4/9/2022 15:25,30,UNKNOWN,UNKNOWN,UNKNOWN,UNKNOWN,SIDESWIPE SAME DIRECTION,NOT DIVIDED,,STRAIGHT AND LEVEL,UNKNOWN,UNKNOWN,NOT ON SCENE (DESK REPORT),NO INJURY / DRIVE AWAY,,,N,"OVER $1,500",4/9/2022 17:30,UNABLE TO DETERMINE,UNABLE TO DETERMINE,6908,N,CLARK ST,2424,,,,,,,2,NO INDICATION OF INJURY,0,0,0,0,0,2,0,15,7,4,42.00684279,-87.67361266,POINT (-87.673612657896 42.006842792273)
d5d7ba1b662c4576480c4965799c4e0ae85e54a2e3a920e57e47ec8ae0532123638a59347ca92b098c1bed1874ef1a18997f0a5d87d5407681127207d9b7d459,,,4/9/2022 18:07,30,NO CONTROLS,NO CONTROLS,CLOUDY/OVERCAST,DUSK,REAR TO FRONT,ONE-WAY,,STRAIGHT AND LEVEL,DRY,UNKNOWN,ON SCENE,INJURY AND / OR TOW DUE TO CRASH,,,,"OVER $1,500",4/9/2022 18:09,UNABLE TO DETERMINE,UNABLE TO DETERMINE,11,S,WHIPPLE ST,1124,,,,,,,2,"REPORTED, NOT EVIDENT",1,0,0,0,1,2,0,18,7,4,41.88063208,-87.70189109,POINT (-87.701891088192 41.880632076583)
5ea40b4ec053625ce95aba012bfaadee2928dd812d5cdf93db173d803b6e7f0365d9dcf5af72b6c9578daa809a8aa94e691db7a868783cb5bf5aa59ea22c3d8a,,,4/8/2022 20:25,30,TRAFFIC SIGNAL,FUNCTIONING PROPERLY,RAIN,"DARKNESS, LIGHTED ROAD",REAR END,NOT DIVIDED,,STRAIGHT AND LEVEL,DRY,NO DEFECTS,ON SCENE,NO INJURY / DRIVE AWAY,Y,,Y,"$501 - $1,500",4/8/2022 21:11,UNABLE TO DETERMINE,NOT APPLICABLE,300,S,SACRAMENTO BLVD,1124,,,,,,,2,NO INDICATION OF INJURY,0,0,0,0,0,2,0,20,6,4,41.87730283,-87.70125379,POINT (-87.701253788355 41.877302828389)
475491f4806ac69f8210a83307c7f0761b78d31a4696d827df7462e95010c1bf155a965866a7f5c9deefc7fe15f3fc38ffda1c4a1bef3917fa10ea409cc2431c,,,4/8/2022 19:00,30,STOP SIGN/FLASHER,FUNCTIONING PROPERLY,RAIN,"DARKNESS, LIGHTED ROAD",ANGLE,NOT DIVIDED,,STRAIGHT AND LEVEL,WET,NO DEFECTS,NOT ON SCENE (DESK REPORT),NO INJURY / DRIVE AWAY,,,Y,"$501 - $1,500",4/9/2022 13:15,FAILING TO YIELD RIGHT-OF-WAY,UNABLE TO DETERMINE,601,E,43RD ST,221,,,,,,,2,NO INDICATION OF INJURY,0,0,0,0,0,2,0,19,6,4,41.81662017,-87.61157636,POINT (-87.611576361236 41.816620171831)
d2082e3e0de2657a8902f1e151539440ba0d953f174cdd15817857a02225f58d076bcf93305cee25cd691ac8c7d8df05bd5f468c55b34143cc58d23d4e8a8f87,,,4/7/2022 8:56,30,NO CONTROLS,NO CONTROLS,CLEAR,DAYLIGHT,REAR END,NOT DIVIDED,,STRAIGHT AND LEVEL,DRY,NO DEFECTS,NOT ON SCENE (DESK REPORT),NO INJURY / DRIVE AWAY,,,,"OVER $1,500",4/8/2022 11:40,FOLLOWING TOO CLOSELY,NOT APPLICABLE,4701,S,CICERO AVE,815,,,,,,,2,NO INDICATION OF INJURY,0,0,0,0,0,2,0,8,5,4,41.80753346,-87.74300342,POINT (-87.743003421203 41.807533457298)
737610274f400e5e9c00faba87c49b69ae6b88d4d07aa56a8c41c140d1bf59818156aabf2d7a13765257b4f37c6a2a524624b27fa3dcaf7be26e4f3f0ea9c5aa,JF172523,,3/13/2022 11:05,30,TRAFFIC SIGNAL,FUNCTIONING PROPERLY,CLEAR,DAYLIGHT,REAR END,DIVIDED - W/MEDIAN (NOT RAISED),,STRAIGHT AND LEVEL,DRY,NO DEFECTS,NOT ON SCENE (DESK REPORT),NO INJURY / DRIVE AWAY,Y,,,"OVER $1,500",3/13/2022 13:25,UNABLE TO DETERMINE,NOT APPLICABLE,2000,E,95TH ST,413,,,,,,,2,NO INDICATION OF INJURY,0,0,0,0,0,3,0,11,1,3,41.72257947,-87.57529252,POINT (-87.575292522504 41.722579473126)
430d18f352142054a2f608e51571837f8ab3bf7c1ff5bb878f3c3d5b9d2a62ef7dd3ccaaaea39c1abc47d9191c9bcb9bcdabf387a98e31299f35faffbbbf9a0a,,,4/9/2022 0:55,30,TRAFFIC SIGNAL,FUNCTIONING PROPERLY,SNOW,"DARKNESS, LIGHTED ROAD",ANGLE,FOUR WAY,,STRAIGHT AND LEVEL,WET,NO DEFECTS,ON SCENE,NO INJURY / DRIVE AWAY,Y,,Y,"OVER $1,500",4/9/2022 1:00,DISREGARDING TRAFFIC SIGNALS,UNABLE TO DETERMINE,100,W,LA SALLE DR,1814,,,,,,,2,NO INDICATION OF INJURY,0,0,0,0,0,2,0,0,7,4,41.91348332,-87.63180868,POINT (-87.631808681867 41.913483315672)
744715cffb3896610205603925bfdb93e3c0418f99eb2d026dcb74d3e7846b6d25403a5aae50b46cf74c38675aca7f91bc9c6149dcda0cb7de734475399da434,JF172184,,3/13/2022 3:58,25,NO CONTROLS,NO CONTROLS,CLEAR,"DARKNESS, LIGHTED ROAD",TURNING,DIVIDED - W/MEDIAN (NOT RAISED),,STRAIGHT AND LEVEL,DRY,NO DEFECTS,ON SCENE,INJURY AND / OR TOW DUE TO CRASH,,,,"OVER $1,500",3/13/2022 3:58,IMPROPER TURNING/NO SIGNAL,FAILING TO YIELD RIGHT-OF-WAY,3731,W,ROOSEVELT RD,1011,,,,,,,2,NONINCAPACITATING INJURY,3,0,0,3,0,2,0,3,1,3,41.8661421,-87.71918994,POINT (-87.719189941159 41.866142102433)
8d62f7e392258c2a03b3b08c6f58886f3c6fc663e8643f1232f64a54581fedac587e569c01a60b709fb1bca1b4b5fb7851b7ac99a479267db4e903340ac6fa6c,,,4/9/2022 17:36,30,STOP SIGN/FLASHER,FUNCTIONING PROPERLY,CLEAR,DAYLIGHT,ANGLE,FOUR WAY,,STRAIGHT AND LEVEL,DRY,NO DEFECTS,ON SCENE,INJURY AND / OR TOW DUE TO CRASH,Y,,,"OVER $1,500",4/9/2022 18:00,"VISION OBSCURED (SIGNS, TREE LIMBS, BUILDINGS, ETC.)",UNABLE TO DETERMINE,32,E,HURON ST,1834,,,,,,,2,NO INDICATION OF INJURY,0,0,0,0,0,3,0,17,7,4,41.89500492,-87.62687687,POINT (-87.626876869297 41.895004916666)
56b9776cf2b207e3306d93996aff0ece86585a167916a04e71721766d322aac49dbe76f4b663cf3dac2969dd6ffd17788439b40720bc12d96c53baab75c1d2a5,,,4/10/2022 0:30,20,NO CONTROLS,NO CONTROLS,CLEAR,"DARKNESS, LIGHTED ROAD",PARKED MOTOR VEHICLE,ONE-WAY,,STRAIGHT AND LEVEL,DRY,NO DEFECTS,ON SCENE,NO INJURY / DRIVE AWAY,,,Y,"OVER $1,500",4/10/2022 1:15,UNABLE TO DETERMINE,UNABLE TO DETERMINE,4834,S,KEDVALE AVE,815,,,,,,,3,NO INDICATION OF INJURY,0,0,0,0,0,1,0,0,1,4,41.80493734,-87.72731928,POINT (-87.727319281312 41.804937336152)
2d5c45ae87a7b3b9ec6bf9a2d0e7337d51878b3ae07f110a3cdd10127e7b8767ec53e3c7163542c9fddb4aceb7997ac2f54ea6a07acc4ddae435fab73ac105b6,,Y,4/9/2022 10:55,30,TRAFFIC SIGNAL,FUNCTIONING PROPERLY,CLEAR,DAYLIGHT,TURNING,FOUR WAY,,STRAIGHT AND LEVEL,DRY,NO DEFECTS,ON SCENE,INJURY AND / OR TOW DUE TO CRASH,,,Y,"OVER $1,500",4/9/2022 11:00,IMPROPER TURNING/NO SIGNAL,NOT APPLICABLE,11500,S,HALSTED ST,524,,,,,,,2,NO INDICATION OF INJURY,0,0,0,0,0,3,0,10,7,4,41.68502626,-87.64229737,POINT (-87.642297366963 41.685026256307)
755e7fb77c068ab48d2ec3fc26a515c6a445666ca1ddea47737c329c4607acf87da56f173f5f539c0d12f85021f9c689b4667db9c790d0ec4016e59f5f3c64a1,,,4/8/2022 14:55,30,NO CONTROLS,NO CONTROLS,CLEAR,DAYLIGHT,ANGLE,DIVIDED - W/MEDIAN (NOT RAISED),,STRAIGHT AND LEVEL,DRY,UNKNOWN,NOT ON SCENE (DESK REPORT),NO INJURY / DRIVE AWAY,,,,"$501 - $1,500",4/9/2022 9:30,FAILING TO YIELD RIGHT-OF-WAY,FAILING TO YIELD RIGHT-OF-WAY,117,E,43RD ST,215,,,,,,,2,NO INDICATION OF INJURY,0,0,0,0,0,3,0,14,6,4,41.81644363,-87.62221656,POINT (-87.622216560155 41.816443632837)
10a0daeb8a62e74d3ca7e345ab873c58978c8e29573a1ac280c5d2c8b6e60f7ff5a0112690be4fa8c661a4352352dceece125103ba91f07ce19a3e1373c91d73,,,4/9/2022 14:52,30,TRAFFIC SIGNAL,FUNCTIONING PROPERLY,CLEAR,DAYLIGHT,TURNING,DIVIDED - W/MEDIAN BARRIER,,STRAIGHT AND LEVEL,DRY,NO DEFECTS,ON SCENE,NO INJURY / DRIVE AWAY,Y,,,"$501 - $1,500",4/9/2022 14:55,IMPROPER OVERTAKING/PASSING,IMPROPER TURNING/NO SIGNAL,9101,S,WESTERN AVE,2221,,,,,,,2,NO INDICATION OF INJURY,0,0,0,0,0,3,0,14,7,4,41.72814389,-87.6821399,POINT (-87.68213990053 41.728143888018)
205a4d08b523c13fe21ff971f2ef2163496d2bcc0a30920fe165227ce6aeecdc58c79691f78c462276acc725a25548362aa37c0254997dcb31de1d67745baf12,,,4/9/2022 2:45,30,NO CONTROLS,NO CONTROLS,RAIN,"DARKNESS, LIGHTED ROAD",PARKED MOTOR VEHICLE,ONE-WAY,,STRAIGHT AND LEVEL,WET,NO DEFECTS,ON SCENE,NO INJURY / DRIVE AWAY,,,Y,"OVER $1,500",4/9/2022 2:59,HAD BEEN DRINKING (USE WHEN ARREST IS NOT MADE),UNABLE TO DETERMINE,3832,W,60TH PL,823,,,,,,,2,NO INDICATION OF INJURY,0,0,0,0,0,1,0,2,7,4,41.78337006,-87.71932535,POINT (-87.719325353907 41.783370061727)
641367c30df61b54fa676b729992dde3c7fb0da34350af531c6f8aca33109072f1cecfdd7572f986e82c134ff7b8eba02cb5b85c9f6993a0bf8118a747a342d6,,,4/9/2022 13:59,30,NO CONTROLS,NO CONTROLS,CLEAR,DAYLIGHT,SIDESWIPE SAME DIRECTION,NOT DIVIDED,,STRAIGHT AND LEVEL,DRY,NO DEFECTS,NOT ON SCENE (DESK REPORT),NO INJURY / DRIVE AWAY,,,Y,"$501 - $1,500",4/9/2022 14:59,NOT APPLICABLE,NOT APPLICABLE,5800,S,KEDZIE AVE,822,,,,,,,2,NO INDICATION OF INJURY,0,0,0,0,0,3,0,13,7,4,41.7879702,-87.70354447,POINT (-87.703544465118 41.787970201401)
3fb9165c3d15d56ec355728e6f0f0d64a273fc4b748734eeca6ea1a721f196c6725953de9c180a188c9ee4e06fdb83d9218d98c45ac4a91b48860d40e67f22c7,,,4/6/2022 17:45,25,NO CONTROLS,NO CONTROLS,CLEAR,"DARKNESS, LIGHTED ROAD",SIDESWIPE SAME DIRECTION,ONE-WAY,,STRAIGHT AND LEVEL,WET,UNKNOWN,NOT ON SCENE (DESK REPORT),NO INJURY / DRIVE AWAY,,,,"$501 - $1,500",4/6/2022 21:50,IMPROPER OVERTAKING/PASSING,IMPROPER OVERTAKING/PASSING,2902,W,CORTEZ ST,1211,,,,,,,2,NO INDICATION OF INJURY,0,0,0,0,0,4,0,17,4,4,41.90058627,-87.69942695,POINT (-87.699426949576 41.900586266637)
f9bff945ba6f388bc5e61bd849b7596bbe1fa78b9883e437349be2576beab35722ae9da7748e6c81bb9b3c2323fb9df192e634e93d38bf07abf82f0d5e8d5ed6,,,4/9/2022 17:30,30,TRAFFIC SIGNAL,UNKNOWN,CLEAR,DAYLIGHT,REAR END,NOT DIVIDED,,STRAIGHT AND LEVEL,UNKNOWN,UNKNOWN,NOT ON SCENE (DESK REPORT),NO INJURY / DRIVE AWAY,,,,"OVER $1,500",4/9/2022 18:00,UNABLE TO DETERMINE,NOT APPLICABLE,5837,W,TOUHY AVE,1621,,,,,,,2,NO INDICATION OF INJURY,0,0,0,0,0,2,0,17,7,4,42.01184872,-87.77339057,POINT (-87.773390570434 42.011848719935)
9903550cb4bd43dfde6318437e87f507fdaae878c4f131337bf0edd8e01a15c46f6f496ff09b7c39bf35ad1a56f9d8dc0b4015cf3bbb594cfc5cfae49ded9edb,,,4/8/2022 10:58,30,STOP SIGN/FLASHER,FUNCTIONING PROPERLY,RAIN,DAYLIGHT,ANGLE,FOUR WAY,,STRAIGHT AND LEVEL,WET,NO DEFECTS,ON SCENE,INJURY AND / OR TOW DUE TO CRASH,Y,,Y,"OVER $1,500",4/8/2022 10:58,FAILING TO YIELD RIGHT-OF-WAY,IMPROPER LANE USAGE,7800,W,ADDISON ST,1631,,,,,,,3,NO INDICATION OF INJURY,0,0,0,0,0,2,0,10,6,4,41.94527689,-87.82175234,POINT (-87.82175233812 41.945276892318)
f7537e4929c0b1923c75a9bf7c84ca91f1771959ce648bfe646c1e969899a1b66e0327158a7f86640dca1f2253a62529a78bdaafcf38c569bdb0969b5d6767ab,,,4/3/2022 11:45,30,NO CONTROLS,NO CONTROLS,CLEAR,DAYLIGHT,SIDESWIPE SAME DIRECTION,CENTER TURN LANE,,STRAIGHT AND LEVEL,UNKNOWN,UNKNOWN,NOT ON SCENE (DESK REPORT),NO INJURY / DRIVE AWAY,,,,"OVER $1,500",4/3/2022 12:40,UNABLE TO DETERMINE,NOT APPLICABLE,6236,N,WESTERN AVE,2413,,,,,,,2,NO INDICATION OF INJURY,0,0,0,0,0,4,0,11,1,4,41.99519703,-87.68994741,POINT (-87.689947407317 41.995197026668)
4ca6641dfffa78e6f33e9ba24ba08e949af6c7d5c0314d8244dfc7af5608308d9a24041eff25c47d3ee9b9f9d3663b6fa6d54696ac566dffa1c2474ed14666aa,,,4/8/2022 13:32,30,NO CONTROLS,NO CONTROLS,CLEAR,DAYLIGHT,SIDESWIPE SAME DIRECTION,NOT DIVIDED,,STRAIGHT AND LEVEL,DRY,NO DEFECTS,NOT ON SCENE (DESK REPORT),NO INJURY / DRIVE AWAY,,,,"OVER $1,500",4/8/2022 22:30,IMPROPER LANE USAGE,UNABLE TO DETERMINE,380,N,COLUMBUS DR,114,,,,,,,2,NO INDICATION OF INJURY,0,0,0,0,0,2,0,13,6,4,41.88857004,-87.62069612,POINT (-87.620696115291 41.888570038153)
bb8ff0358f5559d46f987f3789a7a20b98c8a81c53ddb297ddd08f26f489b90bb58eb995210a169baad46494ab76a414bfcf11e2ee66abe2ed206379acde6721,,,4/9/2022 15:00,30,NO CONTROLS,NO CONTROLS,CLEAR,DAYLIGHT,SIDESWIPE SAME DIRECTION,NOT DIVIDED,,STRAIGHT AND LEVEL,DRY,UNKNOWN,NOT ON SCENE (DESK REPORT),NO INJURY / DRIVE AWAY,,,,"OVER $1,500",4/9/2022 17:00,FAILING TO YIELD RIGHT-OF-WAY,UNABLE TO DETERMINE,6110,N,CALIFORNIA AVE,2413,,,,,,,2,NO INDICATION OF INJURY,0,0,0,0,0,2,0,15,7,4,41.99255296,-87.69961661,POINT (-87.699616612229 41.992552956239)
3d8e81b0f1911c29d50246ea0e57e68e59a4b3784e98f0c7c0d84d6768b9ef42642b2213a07f89fdd00fda4fffef2c800143e74454a366088b8276f13cd6d264,,,4/8/2022 19:40,30,NO CONTROLS,NO CONTROLS,RAIN,DARKNESS,REAR END,NOT DIVIDED,,STRAIGHT AND LEVEL,WET,NO DEFECTS,NOT ON SCENE (DESK REPORT),NO INJURY / DRIVE AWAY,,,,"$501 - $1,500",4/8/2022 20:07,NOT APPLICABLE,NOT APPLICABLE,6200,S,PULASKI RD,813,,,,,,,2,NO INDICATION OF INJURY,0,0,0,0,0,3,0,19,6,4,41.7804238,-87.72295662,POINT (-87.722956624315 41.780423794511)
c7eb377a6de090e897a37c35598d5a05e5f3c3c3ffefd04029a84b14cbb17711ec77d181fd1e4e798d0cc557d7f43cc1e7715a4ac22aab04eb2cbfec32baef95,,,4/8/2022 19:55,30,TRAFFIC SIGNAL,FUNCTIONING PROPERLY,RAIN,"DARKNESS, LIGHTED ROAD",REAR END,NOT DIVIDED,,STRAIGHT AND LEVEL,WET,NO DEFECTS,NOT ON SCENE (DESK REPORT),INJURY AND / OR TOW DUE TO CRASH,,,,"OVER $1,500",4/8/2022 20:40,UNABLE TO DETERMINE,NOT APPLICABLE,1202,W,DIVISION ST,1433,,,,,,,2,"REPORTED, NOT EVIDENT",1,0,0,0,1,1,0,19,6,4,41.90361782,-87.65747364,POINT (-87.657473635421 41.903617817686)
5975ea3a20adf474135907379a3963888006633c5f01a6a2bbf3fee96b55b609398b27ac4e14f677ecdcb4a23da307797d56cbb7136cea917e8fdd8b4e874fab,,,4/9/2022 7:43,30,NO CONTROLS,NO CONTROLS,CLEAR,DAYLIGHT,PARKED MOTOR VEHICLE,ONE-WAY,,STRAIGHT AND LEVEL,DRY,NO DEFECTS,NOT ON SCENE (DESK REPORT),NO INJURY / DRIVE AWAY,,,Y,"OVER $1,500",4/9/2022 10:30,UNABLE TO DETERMINE,UNABLE TO DETERMINE,6226,S,CLAREMONT AVE,825,,,,,,,2,NO INDICATION OF INJURY,0,0,0,0,0,1,0,7,7,4,41.78020413,-87.68251213,POINT (-87.682512129686 41.780204134261)