CRASH_RECORD_ID,RD_NO,CRASH_DATE_EST_I,CRASH_DATE,POSTED_SPEED_LIMIT,TRAFFIC_CONTROL_DEVICE,DEVICE_CONDITION,WEATHER_CONDITION,LIGHTING_CONDITION,FIRST_CRASH_TYPE,TRAFFICWAY_TYPE,LANE_CNT,ALIGNMENT,ROADWAY_SURFACE_COND,ROAD_DEFECT,REPORT_TYPE,CRASH_TYPE,INTERSECTION_RELATED_I,NOT_RIGHT_OF_WAY_I,HIT_AND_RUN_I,DAMAGE,DATE_POLICE_NOTIFIED,PRIM_CONTRIBUTORY_CAUSE,SEC_CONTRIBUTORY_CAUSE,STREET_NO,STREET_DIRECTION,STREET_NAME,BEAT_OF_OCCURRENCE,PHOTOS_TAKEN_I,STATEMENTS_TAKEN_I,DOORING_I,WORK_ZONE_I,WORK_ZONE_TYPE,WORKERS_PRESENT_I,NUM_UNITS,MOST_SEVERE_INJURY,INJURIES_TOTAL,INJURIES_FATAL,INJURIES_INCAPACITATING,INJURIES_NON_INCAPACITATING,INJURIES_REPORTED_NOT_EVIDENT,INJURIES_NO_INDICATION,INJURIES_UNKNOWN,CRASH_HOUR,CRASH_DAY_OF_WEEK,CRASH_MONTH,LATITUDE,LONGITUDE,LOCATION
edd27662a085abbd86092b134fcb266df060b205783ac6a65d2f62b39e8f8f4a9757a199549ffd4a6a4d8cb0b709ad937146777175bd3b75983a5d245d65c2d6,,,4/8/2022 10:05,20,NO CONTROLS,NO CONTROLS,RAIN,DAYLIGHT,PARKED MOTOR VEHICLE,NOT DIVIDED,,STRAIGHT AND LEVEL,WET,NO DEFECTS,ON SCENE,NO INJURY / DRIVE AWAY,,,,"OVER $1,500",4/8/2022 10:12,UNABLE TO DETERMINE,UNABLE TO DETERMINE,6937,N,OZARK AVE,1611,,,,,,,2,NO INDICATION OF INJURY,0,0,0,0,0,1,0,10,6,4,42.00698375,-87.81991482,POINT (-87.819914817396 42.006983745532)
c7bd34430afb34fd62a29eac7f32716e343fe5fdb98b647e293664e115cf4938f777177d33d67d48b24cb1ed2a9cb34afaa997bea736cc4c2ae7ce66a84fcd8c,,,4/8/2022 13:38,15,NO CONTROLS,NO CONTROLS,RAIN,DAYLIGHT,PARKED MOTOR VEHICLE,PARKING LOT,,STRAIGHT AND LEVEL,UNKNOWN,UNKNOWN,ON SCENE,NO INJURY / DRIVE AWAY,,Y,,"OVER $1,500",4/8/2022 14:04,UNABLE TO DETERMINE,UNABLE TO DETERMINE,7200,N,CLARK ST,2424,,,,,,,2,NO INDICATION OF INJURY,0,0,0,0,0,1,0,13,6,4,42.0126785,-87.67479304,POINT (-87.674793036341 42.012678502436)
b4bed384e63926be45b802e112f3dde65739e0d2d844dee7db0613fcaead31608163f65de5553d2d88ad6df2a36a9c0687359545148d7e2d2e5a1b5846b3634b,,,4/9/2022 8:15,30,TRAFFIC SIGNAL,UNKNOWN,CLEAR,DAYLIGHT,ANGLE,UNKNOWN INTERSECTION TYPE,,STRAIGHT AND LEVEL,DRY,UNKNOWN,ON SCENE,INJURY AND / OR TOW DUE TO CRASH,Y,,,"OVER $1,500",4/9/2022 8:25,UNABLE TO DETERMINE,NOT APPLICABLE,9300,S,COMMERCIAL AVE,423,,,,,,,2,NONINCAPACITATING INJURY,1,0,0,1,0,1,0,8,7,4,41.72624533,-87.55131357,POINT (-87.55131356971 41.72624533147)
e07f1cb21d93ee874391b6ed6c07840adadd0b2151e37d16b3e18d3a8205c0cd3d2194e28bf37917a46423343febc0120c90fd7130cc2bb971b8e1fa0c6a62f0,,,4/9/2022 11:53,30,NO CONTROLS,NO CONTROLS,CLEAR,DAYLIGHT,TURNING,NOT DIVIDED,,STRAIGHT AND LEVEL,DRY,NO DEFECTS,NOT ON SCENE (DESK REPORT),INJURY AND / OR TOW DUE TO CRASH,Y,,,"OVER $1,500",4/9/2022 13:30,NOT APPLICABLE,NOT APPLICABLE,312,E,47TH ST,215,,,,,,,2,NONINCAPACITATING INJURY,1,0,0,1,0,2,0,11,7,4,41.80945516,-87.6190056,POINT (-87.619005596682 41.809455156746)
b642a47fac3e190f72afde3979e08eeb2b172ef7ff36f65676001ec922b05f186939be536dc229b6878c47f0508e8d3123dcf6712bb433545abc59b3edbd5883,,Y,4/9/2022 1:30,30,NO CONTROLS,NO CONTROLS,CLEAR,DAYLIGHT,PARKED MOTOR VEHICLE,ONE-WAY,,STRAIGHT AND LEVEL,WET,NO DEFECTS,ON SCENE,NO INJURY / DRIVE AWAY,,,Y,"OVER $1,500",4/9/2022 8:25,UNABLE TO DETERMINE,NOT APPLICABLE,1459,S,EMERALD AVE,1232,,,,,,,2,NO INDICATION OF INJURY,0,0,0,0,0,1,0,1,7,4,41.86160688,-87.64545358,POINT (-87.645453582104 41.861606876068)
9102e0d4966fbac9834585b4a9df2d6f26fc3cb52c0071478c3b72dea028cfeeddfedd456724abccdca785491a254bcf3697bf776eacf07ce0642ec71bffcdc6,,Y,4/9/2022 17:30,40,NO CONTROLS,NO CONTROLS,CLEAR,"DARKNESS, LIGHTED ROAD",SIDESWIPE SAME DIRECTION,ONE-WAY,,STRAIGHT AND LEVEL,DRY,UNKNOWN,NOT ON SCENE (DESK REPORT),NO INJURY / DRIVE AWAY,,,Y,"OVER $1,500",4/9/2022 20:10,IMPROPER OVERTAKING/PASSING,NOT APPLICABLE,700,N,LAKE SHORE DR NB,1834,,,,,,,2,NO INDICATION OF INJURY,0,0,0,0,0,3,0,17,7,4,41.89507884,-87.61584666,POINT (-87.615846658479 41.895078838031)
a59fc33bb78989aa0a686994a0addfad7d9bbb71aaecd424ca9e547595d3d9a36f3ed433394b1c0b3eaa98e61989bac20987feb1a32daf1b832b6680b1c34f02,,,4/9/2022 22:30,30,TRAFFIC SIGNAL,FUNCTIONING PROPERLY,CLEAR,"DARKNESS, LIGHTED ROAD",REAR END,NOT DIVIDED,,STRAIGHT AND LEVEL,DRY,NO DEFECTS,NOT ON SCENE (DESK REPORT),INJURY AND / OR TOW DUE TO CRASH,,,,"OVER $1,500",4/9/2022 23:00,UNABLE TO DETERMINE,NOT APPLICABLE,1200,N,CICERO AVE,2533,,,,,,,2,"REPORTED, NOT EVIDENT",1,0,0,0,1,2,0,22,7,4,41.90239626,-87.74612612,POINT (-87.746126119551 41.902396260608)
e2e53e6c11598c55b7536e50676e07c2d93170facaa2df5ef6e60f7fe6692c65478816c07abac98511f2354f39dcf81f42630a3377ff334be3b691a345d62337,,,4/9/2022 16:01,30,NO CONTROLS,NO CONTROLS,CLEAR,DAYLIGHT,SIDESWIPE SAME DIRECTION,NOT DIVIDED,,STRAIGHT AND LEVEL,DRY,NO DEFECTS,ON SCENE,NO INJURY / DRIVE AWAY,,,,"OVER $1,500",4/9/2022 16:37,IMPROPER OVERTAKING/PASSING,FOLLOWING TOO CLOSELY,6438,W,FOSTER AVE,1613,,,,,,,2,NO INDICATION OF INJURY,0,0,0,0,0,2,0,16,7,4,41.97575023,-87.78939889,POINT (-87.789398886406 41.975750228238)
018d0167bcc97bdb8f8b1ca3244a9d9ddb884eec14fe153f299ce6aae6081b6b116cf1a550a097b764993048de6f6764900c55bd6b6aec34771f79db7b2a1b20,JF165608,Y,3/6/2022 22:24,20,NO CONTROLS,NO CONTROLS,CLEAR,"DARKNESS, LIGHTED ROAD",PARKED MOTOR VEHICLE,ONE-WAY,,STRAIGHT AND LEVEL,DRY,NO DEFECTS,ON SCENE,NO INJURY / DRIVE AWAY,,,Y,"$501 - $1,500",3/6/2022 22:58,UNABLE TO DETERMINE,NOT APPLICABLE,4250,N,KEYSTONE AVE,1722,,,,,,,2,NO INDICATION OF INJURY,0,0,0,0,0,1,0,22,1,3,41.95878632,-87.72951122,POINT (-87.729511221676 41.95878632273)
93f73ecd05d8046fbe1fda6a5c80bf0d5c9e806dde788e9773469812d9d70819b671ee1f64f170aa03e687961727391f1c56e07341573c0ccf01ac5f55fdc24d,,Y,4/9/2022 5:20,20,NO CONTROLS,NO CONTROLS,CLEAR,"DARKNESS, LIGHTED ROAD",REAR TO FRONT,ONE-WAY,,STRAIGHT AND LEVEL,DRY,NO DEFECTS,ON SCENE,NO INJURY / DRIVE AWAY,,,Y,"OVER $1,500",4/9/2022 5:30,FAILING TO YIELD RIGHT-OF-WAY,FAILING TO YIELD RIGHT-OF-WAY,3,W,TERMINAL ST,1653,,,,,,,2,NO INDICATION OF INJURY,0,0,0,0,0,2,0,5,7,4,,,
29b1f946c9208e4dc7077767e2ab48de0205fd06ff2ec345650d14fa922db98649580f97fd4987e3c5510b8ce71d7feca04ce00892096d667021082243736332,,,4/8/2022 20:00,30,TRAFFIC SIGNAL,FUNCTIONING PROPERLY,RAIN,"DARKNESS, LIGHTED ROAD",SIDESWIPE SAME DIRECTION,CENTER TURN LANE,,STRAIGHT ON GRADE,WET,NO DEFECTS,NOT ON SCENE (DESK REPORT),NO INJURY / DRIVE AWAY,Y,,,"OVER $1,500",4/9/2022 9:05,UNABLE TO DETERMINE,NOT APPLICABLE,200,W,FULLERTON DR,1935,,,,,,,2,NO INDICATION OF INJURY,0,0,0,0,0,2,0,20,6,4,41.92584737,-87.6337729,POINT (-87.633772903822 41.925847374264)
1cfc2a571c0eb062b5d56eaafa59b5a611b6ce4c97664f145c1cf072e9618a6a16b1665a3eaa5eadc3561b59b475f116c18cf3104617b40b0629316af5562cf6,,,4/10/2022 0:02,30,NO CONTROLS,NO CONTROLS,CLEAR,"DARKNESS, LIGHTED ROAD",PARKED MOTOR VEHICLE,ONE-WAY,,STRAIGHT AND LEVEL,DRY,NO DEFECTS,NOT ON SCENE (DESK REPORT),NO INJURY / DRIVE AWAY,,,Y,"OVER $1,500",4/10/2022 0:10,UNABLE TO DETERMINE,NOT APPLICABLE,7644,S,SANGAMON ST,621,,,,,,,2,NO INDICATION OF INJURY,0,0,0,0,0,1,0,0,1,4,41.75471177,-87.64793264,POINT (-87.647932634714 41.754711773084)
e8ec379e45b3720f9ce1d89f4f81efa48a5dbea9f7e7d0970c034d88c461c7ae663375ebe9addfa7f131d7c5debf8ae01dcda69d2f2af0bfc1da67f996ca0df3,,,4/9/2022 14:30,10,NO CONTROLS,NO CONTROLS,CLEAR,DAYLIGHT,FIXED OBJECT,PARKING LOT,,STRAIGHT AND LEVEL,DRY,UNKNOWN,NOT ON SCENE (DESK REPORT),NO INJURY / DRIVE AWAY,,Y,,"OVER $1,500",4/9/2022 15:44,UNABLE TO DETERMINE,NOT APPLICABLE,113,S,CLINTON ST,121,,,,,,,1,NO INDICATION OF INJURY,0,0,0,0,0,1,0,14,7,4,41.88014436,-87.64099297,POINT (-87.640992972468 41.880144356027)
67fb72a1987c57ae54297c8799efdeab47fc9be28f51478cfa489721754dd0872eea85a629cac017f3a91e98b03c2f8f0bf416c7280d2363066dbd1901b1709d,,,4/8/2022 21:05,30,NO CONTROLS,NO CONTROLS,RAIN,"DARKNESS, LIGHTED ROAD",TURNING,DIVIDED - W/MEDIAN (NOT RAISED),,STRAIGHT AND LEVEL,WET,UNKNOWN,ON SCENE,INJURY AND / OR TOW DUE TO CRASH,,,,"OVER $1,500",4/8/2022 21:06,IMPROPER TURNING/NO SIGNAL,NOT APPLICABLE,6430,S,CICERO AVE,813,,,,,,,2,NONINCAPACITATING INJURY,2,0,0,2,0,2,0,21,6,4,41.77566337,-87.74232781,POINT (-87.742327811139 41.775663367554)
fc99827112ee4269b25decc456f1e04e64a553710c818f0597589df82d2a0c84ccafae63438a8c438aeb90460594c64be8f6be678219f16f48079b7e51bb36fb,,,4/9/2022 6:30,30,NO CONTROLS,NO CONTROLS,CLEAR,DAYLIGHT,REAR END,DIVIDED - W/MEDIAN (NOT RAISED),,STRAIGHT AND LEVEL,DRY,NO DEFECTS,NOT ON SCENE (DESK REPORT),NO INJURY / DRIVE AWAY,,,,"OVER $1,500",4/9/2022 8:00,FOLLOWING TOO CLOSELY,NOT APPLICABLE,5301,S,HARLEM AVE,811,,,,,,,2,NO INDICATION OF INJURY,0,0,0,0,0,2,0,6,7,4,41.79568805,-87.80145967,POINT (-87.801459670523 41.795688052768)
af82e2bc90e7b1b3f8cc68ea8765996c8eb4455bf5daf7247266a7e18a2e0846fb563a6909863885341f284bf81288935d1f03234ff77d35688566200e94d7f4,,,4/8/2022 15:30,30,NO CONTROLS,NO CONTROLS,RAIN,DAYLIGHT,REAR END,NOT DIVIDED,,STRAIGHT AND LEVEL,WET,NO DEFECTS,ON SCENE,NO INJURY / DRIVE AWAY,,,,"OVER $1,500",4/8/2022 15:32,FAILING TO REDUCE SPEED TO AVOID CRASH,NOT APPLICABLE,6101,S,HARLEM AVE,812,,,,,,,2,NO INDICATION OF INJURY,0,0,0,0,0,2,0,15,6,4,41.78090202,-87.80090807,POINT (-87.800908073845 41.780902021635)
2534b470baccc2deeafb15f089f8c4371058df5afb12b822cc6696b75965798b3a21bf0094b532ee3143dc02dd06404a9d8c5a48dad4744ace7c837142ebd504,,,4/10/2022 0:40,30,NO CONTROLS,NO CONTROLS,CLEAR,"DARKNESS, LIGHTED ROAD",PARKED MOTOR VEHICLE,NOT DIVIDED,,STRAIGHT AND LEVEL,DRY,NO DEFECTS,ON SCENE,NO INJURY / DRIVE AWAY,,,Y,"OVER $1,500",4/10/2022 0:42,UNABLE TO DETERMINE,NOT APPLICABLE,3613,N,HARLEM AVE,1632,,,,,,,4,NO INDICATION OF INJURY,0,0,0,0,0,1,0,0,1,4,41.94568597,-87.80687365,POINT (-87.806873647074 41.945685965382)
aa8993229986bbe6614f771abe408f557f04bc439eccc217d29efae75ce956a36e5f4af0c3c20e3ec7fe2570a1710dacf46d87e7cbff7403cbadbc762e4ac2a8,,,4/7/2022 0:16,30,TRAFFIC SIGNAL,FUNCTIONING PROPERLY,CLEAR,"DARKNESS, LIGHTED ROAD",TURNING,NOT DIVIDED,,STRAIGHT AND LEVEL,DRY,WORN SURFACE,ON SCENE,NO INJURY / DRIVE AWAY,Y,,,"OVER $1,500",4/7/2022 0:18,FAILING TO YIELD RIGHT-OF-WAY,UNABLE TO DETERMINE,1400,W,NORTH AVE,1433,,,,,,,2,NO INDICATION OF INJURY,0,0,0,0,0,2,0,0,5,4,41.91080682,-87.66310493,POINT (-87.66310493406 41.910806819199)
834b775da2bb359c4dc0731c140dc236af88ebe91960c6d04d6f05e6e15bb76146214e951f06aed766ed45df39a91be353da706c466452f1216cf2648f87a64c,,,4/8/2022 11:25,30,TRAFFIC SIGNAL,FUNCTIONING PROPERLY,RAIN,DAYLIGHT,SIDESWIPE SAME DIRECTION,DIVIDED - W/MEDIAN (NOT RAISED),,STRAIGHT AND LEVEL,WET,NO DEFECTS,ON SCENE,NO INJURY / DRIVE AWAY,,,,"$501 - $1,500",4/8/2022 11:27,UNABLE TO DETERMINE,NOT APPLICABLE,2359,W,ROOSEVELT RD,1233,,,,,,,2,NO INDICATION OF INJURY,0,0,0,0,0,2,0,11,6,4,41.86650441,-87.68591338,POINT (-87.685913382935 41.866504406086)
79c53531b25e8e98dee3d0c3e9aaf48f07345b7cdd3c15486486aaf3f850d24f1dd64caba23fddfd83f0a1cd94d2431003f352b2249e2952c7603583ebf6b2e5,JF173418,,3/13/2022 14:57,30,NO CONTROLS,NO CONTROLS,CLEAR,DAYLIGHT,REAR END,NOT DIVIDED,,STRAIGHT AND LEVEL,DRY,UNKNOWN,NOT ON SCENE (DESK REPORT),NO INJURY / DRIVE AWAY,,,,"OVER $1,500",3/14/2022 11:30,UNABLE TO DETERMINE,UNABLE TO DETERMINE,301,S,AUSTIN BLVD,1513,,,,,,,2,NO INDICATION OF INJURY,0,0,0,0,0,2,0,14,1,3,41.87638174,-87.77437817,POINT (-87.774378170193 41.876381735655)
04f6e29e9cd14a41611b11aea7594ee1c625a9209fe83c4f1aa1af3f23d9ecd140182cfae70c15713b5d3e16d7b2fadad00f04a6e907bbda7330cc0a981fd35f,JE159640,,3/5/2021 8:35,30,NO CONTROLS,NO CONTROLS,CLEAR,DAYLIGHT,OTHER OBJECT,NOT DIVIDED,,STRAIGHT AND LEVEL,DRY,NO DEFECTS,,INJURY AND / OR TOW DUE TO CRASH,,,,"OVER $1,500",3/5/2021 8:36,PHYSICAL CONDITION OF DRIVER,UNABLE TO DETERMINE,5124,S,WESTERN BLVD,923,N,N,,,,,1,FATAL,1,1,0,0,0,0,0,8,6,3,41.80034415,-87.68379153,POINT (-87.683791528876 41.800344152797)
051dc436d173a3cfebf3731040c777be978847a6348d00fd48c42d3f4d3323110f3bb6d90d585f2fa485a3e6703aaee5fccaf95bc6dbc548a818837b194c734d,JF105874,,1/7/2022 12:52,30,TRAFFIC SIGNAL,FUNCTIONING PROPERLY,CLEAR,DAYLIGHT,TURNING,NOT DIVIDED,,STRAIGHT AND LEVEL,DRY,NO DEFECTS,,INJURY AND / OR TOW DUE TO CRASH,Y,Y,,"OVER $1,500",1/7/2022 13:00,FAILING TO YIELD RIGHT-OF-WAY,NOT APPLICABLE,7757,W,DEVON AVE,1612,,,,,,,4,NONINCAPACITATING INJURY,1,0,0,1,0,1,0,12,6,1,41.99674605,-87.82127943,POINT (-87.821279433514 41.996746049627)
79da81151d95b1c682ee08ccc6248ec463947bb32c34de02c9a44a079d0aec5920561509fcaca76c7e76fe18ff6c063acd93bffa5a588c44c17468d5ac6ad686,JC431839,,9/13/2019 13:22,30,NO CONTROLS,NO CONTROLS,CLEAR,DAYLIGHT,PARKED MOTOR VEHICLE,ONE-WAY,,STRAIGHT AND LEVEL,DRY,NO DEFECTS,,NO INJURY / DRIVE AWAY,,,Y,$500 OR LESS,9/13/2019 14:55,"OPERATING VEHICLE IN ERRATIC, RECKLESS, CARELESS, NEGLIGENT OR AGGRESSIVE MANNER",FAILING TO REDUCE SPEED TO AVOID CRASH,7222,S,MARSHFIELD AVE,735,Y,,,,,,2,NO INDICATION OF INJURY,0,0,0,0,0,1,0,13,6,9,41.76236218,-87.66511342,POINT (-87.665113423645 41.762362177543)
7a3ae5c06a70aff149c926ee4aa07b83bd4a5b384ed1d2a29965ba469d5651262c7413991423c6363c19be9cf7cbbfe941f9e19cfeefefb237b42ad88f62d0b7,JD205890,,4/10/2020 3:04,30,NO CONTROLS,NO CONTROLS,CLEAR,"DARKNESS, LIGHTED ROAD",FIXED OBJECT,DIVIDED - W/MEDIAN BARRIER,,"CURVE, LEVEL",DRY,NO DEFECTS,,INJURY AND / OR TOW DUE TO CRASH,,,,"OVER $1,500",4/10/2020 3:08,PHYSICAL CONDITION OF DRIVER,NOT APPLICABLE,401,S,LOWER WACKER DR,122,,,,,,,1,NONINCAPACITATING INJURY,1,0,0,1,0,0,0,3,6,4,41.8767594,-87.63651109,POINT (-87.636511086535 41.876759399188)
05d960aee180169cc9cda0ccf90d4d9c4d76ea4d58fe9f61ae77c9cc5cfe7a36998f12df4a17067f9ad83cc63d47e0c8906be007a22e80ddbb206d5b0ae3cf60,HZ272820,,5/20/2016 19:50,35,NO CONTROLS,NO CONTROLS,CLEAR,DAYLIGHT,SIDESWIPE SAME DIRECTION,DIVIDED - W/MEDIAN BARRIER,4,STRAIGHT AND LEVEL,DRY,NO DEFECTS,NOT ON SCENE (DESK REPORT),NO INJURY / DRIVE AWAY,,,,"OVER $1,500",5/20/2016 20:27,NOT APPLICABLE,NOT APPLICABLE,448,E,LOWER WACKER DR,114,,,,Y,CONSTRUCTION,,2,NO INDICATION OF INJURY,0,0,0,0,0,2,0,19,6,5,41.88752888,-87.61662976,POINT (-87.61662976391 41.887528881685)
06b36d9c4e95b9980e88ec39d1964c8940524989e028ed8116eba49835cecfdb0da1ba20a58b21748a39695456644347e6d45a96888dc69ece366a0cbc9b2755,JF164850,,3/6/2022 4:35,30,TRAFFIC SIGNAL,FUNCTIONING PROPERLY,CLEAR,"DARKNESS, LIGHTED ROAD",REAR END,T-INTERSECTION,,STRAIGHT AND LEVEL,DRY,NO DEFECTS,ON SCENE,NO INJURY / DRIVE AWAY,,,,"OVER $1,500",3/6/2022 4:43,UNABLE TO DETERMINE,UNABLE TO DETERMINE,2152,W,NORTH AVE,1434,,,,,,,2,NO INDICATION OF INJURY,0,0,0,0,0,4,0,4,1,3,41.9105086,-87.68201272,POINT (-87.682012718294 41.910508596384)
7c8380da86c39f68cdf1c17f8621854ae0e984b09fffe7c3244ee2f46f2bdc8844377494d346a2a640bdefcafc3a754aa699ce8b5bd5434bf4a4d02c5b1e4d72,JF172929,,3/13/2022 20:31,30,TRAFFIC SIGNAL,FUNCTIONING PROPERLY,CLEAR,DARKNESS,TURNING,FOUR WAY,,STRAIGHT AND LEVEL,DRY,NO DEFECTS,ON SCENE,INJURY AND / OR TOW DUE TO CRASH,,,,"OVER $1,500",3/13/2022 20:31,DISREGARDING TRAFFIC SIGNALS,NOT APPLICABLE,3520,S,KEDZIE AVE,911,,,,,,,2,NO INDICATION OF INJURY,0,0,0,0,0,3,0,20,1,3,41.82909344,-87.70472356,POINT (-87.704723556041 41.829093437173)
07059d281759663502accd05ad3e6095d0f4484d5bde1a6fa17973dc1760e7f27ee56cdab52dbef8e3732f3884b5b615a6670fb469e6f139ac0c3c8a415f0937,JE171933,,3/17/2021 19:00,30,TRAFFIC SIGNAL,FUNCTIONING PROPERLY,CLEAR,DAYLIGHT,TURNING,DIVIDED - W/MEDIAN BARRIER,,STRAIGHT AND LEVEL,DRY,NO DEFECTS,NOT ON SCENE (DESK REPORT),NO INJURY / DRIVE AWAY,Y,,,"OVER $1,500",3/17/2021 20:45,IMPROPER TURNING/NO SIGNAL,NOT APPLICABLE,485,E,LOWER WACKER DR,114,,,,,,,2,NO INDICATION OF INJURY,0,0,0,0,0,3,0,19,4,3,41.88726009,-87.61607812,POINT (-87.616078119403 41.887260092953)
7db1e7d89747826afc3f5a053f6e165780ef9bf6efc5c80597ae903eb6d82f6351ee48489ce023670b8e07bbd4bb58a293b93708e3059f450947d1f1ae1989e2,JF174102,,3/13/2022 14:00,30,TRAFFIC SIGNAL,FUNCTIONING PROPERLY,CLEAR,DAYLIGHT,REAR END,FOUR WAY,,STRAIGHT AND LEVEL,DRY,NO DEFECTS,NOT ON SCENE (DESK REPORT),NO INJURY / DRIVE AWAY,Y,,,"OVER $1,500",3/14/2022 22:00,UNABLE TO DETERMINE,NOT APPLICABLE,6858,S,JEFFERY BLVD,332,,,,,,,2,NO INDICATION OF INJURY,0,0,0,0,0,4,0,14,1,3,41.76989024,-87.57654723,POINT (-87.576547227318 41.769890239332)
7e2970b2b8f977321e77128731ebbc042d91f541931cba85506cc41d9e652a0eab5f38aefcb365b41a26a4a8e4dbf2c6c5d347e7fe58aadb239b9ab6080a1735,JF172307,,3/13/2022 9:13,25,NO CONTROLS,NO CONTROLS,CLEAR,DAYLIGHT,TURNING,FOUR WAY,,STRAIGHT AND LEVEL,DRY,NO DEFECTS,ON SCENE,INJURY AND / OR TOW DUE TO CRASH,,,,"$501 - $1,500",3/13/2022 9:27,FAILING TO YIELD RIGHT-OF-WAY,NOT APPLICABLE,1099,E,79TH ST,624,,,,,,,2,NO INDICATION OF INJURY,0,0,0,0,0,2,0,9,1,3,41.75125311,-87.59797379,POINT (-87.597973784767 41.751253110286)
81112f611340f161020af32b94c0e89aae96e868b414a3aa6f14d4136fdabd131b5964bf9265006b88a6ede20538e10dd4f7d608dfed28aa0b03dae77c9e6035,JF172613,,3/13/2022 14:45,30,TRAFFIC SIGNAL,FUNCTIONING PROPERLY,CLEAR,DAYLIGHT,SIDESWIPE SAME DIRECTION,FOUR WAY,,STRAIGHT AND LEVEL,DRY,NO DEFECTS,ON SCENE,NO INJURY / DRIVE AWAY,Y,,,"OVER $1,500",3/13/2022 14:51,FOLLOWING TOO CLOSELY,NOT APPLICABLE,3598,N,PULASKI RD,1731,,,,,,,2,NO INDICATION OF INJURY,0,0,0,0,0,3,0,14,1,3,41.94633265,-87.72754688,POINT (-87.727546878888 41.946332650823)
81c374029bd84d2fc7fef962ae810a07b703e7213df949456a638dd5bfa0a8ea97a251b62f133c43a915d32866865bb7b3af71cca5b1635e2df786ce0492529e,JF173399,Y,3/13/2022 19:30,30,NO CONTROLS,NO CONTROLS,UNKNOWN,UNKNOWN,PARKED MOTOR VEHICLE,NOT DIVIDED,,STRAIGHT AND LEVEL,DRY,NO DEFECTS,NOT ON SCENE (DESK REPORT),NO INJURY / DRIVE AWAY,,,Y,"OVER $1,500",3/14/2022 11:15,UNABLE TO DETERMINE,NOT APPLICABLE,4324,W,17TH ST,1012,,,,,,,2,NO INDICATION OF INJURY,0,0,0,0,0,1,0,19,1,3,41.85794336,-87.73329728,POINT (-87.733297283545 41.857943357115)
0051d5fd8597ced1502305ec153030cb174a49a7dce3925a3f55caee7d55593dbacd0d4d02a6d7b226cb4b367d7dd2ea88cf2d79eb88ce3e3cdcedc32c773f93,JD386428,,10/2/2020 13:00,30,STOP SIGN/FLASHER,FUNCTIONING PROPERLY,CLEAR,DAYLIGHT,REAR END,NOT DIVIDED,,STRAIGHT AND LEVEL,DRY,NO DEFECTS,,INJURY AND / OR TOW DUE TO CRASH,Y,,Y,"OVER $1,500",10/2/2020 15:20,UNABLE TO DETERMINE,FAILING TO REDUCE SPEED TO AVOID CRASH,932,W,79TH ST,621,,,,,,,3,"REPORTED, NOT EVIDENT",3,0,0,0,3,0,0,13,6,10,41.75069565,-87.64774597,POINT (-87.647745967121 41.750695644594)
82cff58b33937f4f827c45276887ebea46dcfdedd06dea3f208aaee865211e8a30a7b5f91534bcc88d1aa52cd37508ef40f20d45477188b16d24eeff8b4e4a8a,JF172233,,3/13/2022 4:31,30,TRAFFIC SIGNAL,FUNCTIONING PROPERLY,CLEAR,"DARKNESS, LIGHTED ROAD",TURNING,FOUR WAY,,STRAIGHT AND LEVEL,DRY,NO DEFECTS,NOT ON SCENE (DESK REPORT),NO INJURY / DRIVE AWAY,Y,,Y,"OVER $1,500",3/13/2022 5:30,IMPROPER TURNING/NO SIGNAL,FAILING TO REDUCE SPEED TO AVOID CRASH,130,W,DIVISION ST,1821,,,,,,,2,NO INDICATION OF INJURY,0,0,0,0,0,3,0,4,1,3,41.90398934,-87.63285059,POINT (-87.632850584671 41.903989335657)
0d3b13a78fca3425308f3cdd6a46775d5ebe1dbc663a265dd381fedbcfc368604373cdb37f7f82bd0da1ec8904330ae761fb7e656a6925eb6faf386e042fa75d,JE286227,,7/1/2021 16:07,30,NO CONTROLS,NO CONTROLS,CLEAR,DAYLIGHT,REAR END,RAMP,,STRAIGHT ON GRADE,DRY,UNKNOWN,ON SCENE,NO INJURY / DRIVE AWAY,,,Y,$500 OR LESS,7/1/2021 16:09,FOLLOWING TOO CLOSELY,NOT APPLICABLE,450,E,LOWER WACKER DR,114,Y,,,,,,2,NO INDICATION OF INJURY,0,0,0,0,0,4,0,16,5,7,41.88752738,-87.61659991,POINT (-87.616599909647 41.887527382373)
0ea907df1177a6b413069442ce5c589d9f8d35cf595a5ba9c72307c94d53d56292604a69ae43649a0040f3a0c6168f06f7bba7d3acf2fc997e4c09a32739b5e0,JF164893,,3/6/2022 6:30,30,NO CONTROLS,NO CONTROLS,CLEAR,DAYLIGHT,PARKED MOTOR VEHICLE,NOT DIVIDED,,STRAIGHT AND LEVEL,DRY,NO DEFECTS,ON SCENE,INJURY AND / OR TOW DUE TO CRASH,,,,"OVER $1,500",3/6/2022 6:30,"OPERATING VEHICLE IN ERRATIC, RECKLESS, CARELESS, NEGLIGENT OR AGGRESSIVE MANNER",UNABLE TO DETERMINE,5161,W,GRAND AVE,2533,,,,,,,3,NONINCAPACITATING INJURY,1,0,0,1,0,0,0,6,1,3,41.91677299,-87.75531627,POINT (-87.755316265271 41.916772993641)