CRASH_RECORD_ID,RD_NO,CRASH_DATE_EST_I,CRASH_DATE,POSTED_SPEED_LIMIT,TRAFFIC_CONTROL_DEVICE,DEVICE_CONDITION,WEATHER_CONDITION,LIGHTING_CONDITION,FIRST_CRASH_TYPE,TRAFFICWAY_TYPE,LANE_CNT,ALIGNMENT,ROADWAY_SURFACE_COND,ROAD_DEFECT,REPORT_TYPE,CRASH_TYPE,INTERSECTION_RELATED_I,NOT_RIGHT_OF_WAY_I,HIT_AND_RUN_I,DAMAGE,DATE_POLICE_NOTIFIED,PRIM_CONTRIBUTORY_CAUSE,SEC_CONTRIBUTORY_CAUSE,STREET_NO,STREET_DIRECTION,STREET_NAME,BEAT_OF_OCCURRENCE,PHOTOS_TAKEN_I,STATEMENTS_TAKEN_I,DOORING_I,WORK_ZONE_I,WORK_ZONE_TYPE,WORKERS_PRESENT_I,NUM_UNITS,MOST_SEVERE_INJURY,INJURIES_TOTAL,INJURIES_FATAL,INJURIES_INCAPACITATING,INJURIES_NON_INCAPACITATING,INJURIES_REPORTED_NOT_EVIDENT,INJURIES_NO_INDICATION,INJURIES_UNKNOWN,CRASH_HOUR,CRASH_DAY_OF_WEEK,CRASH_MONTH,LATITUDE,LONGITUDE,LOCATION
05984c07dd7a68b5a54a126061c5a3d2859b3c1ba54fc3e5fe313cfc02b13d0e80a3e8962db8bc6fc13fdcae81641ebbe4b0083d8da92a97d49e9df77f589b33,JE384501,,9/23/2021 14:45,30,STOP SIGN/FLASHER,FUNCTIONING PROPERLY,CLEAR,DAYLIGHT,REAR END,NOT DIVIDED,,STRAIGHT AND LEVEL,DRY,NO DEFECTS,,NO INJURY / DRIVE AWAY,Y,,,"$501 - $1,500",9/23/2021 15:00,FOLLOWING TOO CLOSELY,NOT APPLICABLE,2059,N,LARAMIE AVE,2522,,,,,,,2,NO INDICATION OF INJURY,0,0,0,0,0,2,0,14,5,9,41.91856861,-87.75584158,POINT (-87.755841583245 41.91856861002)
09e1dcc98f03f95cb9b5064fb6a5f7c0fcf5f43152849aeb69db0e4dc216a4343a66f0a6fcb3d2e80c9b0377d6ab0eeef8a550a5f0733b9dd1bc5afdf9cc1809,JD241566,,5/24/2020 17:30,25,NO CONTROLS,NO CONTROLS,CLEAR,DAYLIGHT,ANGLE,NOT DIVIDED,,STRAIGHT AND LEVEL,DRY,NO DEFECTS,,INJURY AND / OR TOW DUE TO CRASH,Y,,,"OVER $1,500",5/24/2020 17:33,DISTRACTION - FROM OUTSIDE VEHICLE,NOT APPLICABLE,2200,S,RIDGEWAY AVE,1013,,,,,,,4,"REPORTED, NOT EVIDENT",1,0,0,0,1,1,0,17,1,5,41.85154376,-87.71879676,POINT (-87.718796762371 41.851543763146)
100b2b0bb2eb92a0ff9470883dd1fca67430a9fe7a046fef07537888ef4ceca529500669fc876e1a805e629249a5671bae76c11ce7c649a68222805a0b6e82f8,JF165432,,3/6/2022 13:51,30,TRAFFIC SIGNAL,FUNCTIONING PROPERLY,UNKNOWN,UNKNOWN,REAR END,NOT DIVIDED,,STRAIGHT AND LEVEL,DRY,NO DEFECTS,NOT ON SCENE (DESK REPORT),NO INJURY / DRIVE AWAY,,,,"OVER $1,500",3/6/2022 18:15,UNABLE TO DETERMINE,NOT APPLICABLE,2,W,GRAND AVE,1831,,,,,,,2,NO INDICATION OF INJURY,0,0,0,0,0,2,0,13,1,3,41.89177816,-87.62815738,POINT (-87.628157379157 41.891778161357)
0699746f097cad191d79c4df848908e18c0ffff41b5361d8b200461869ec50d3bf57ab70635f120498c771c75c36e3d5653c369a23386d4fb07ce9c89902f2dd,JD143442,,2/7/2020 13:10,30,TRAFFIC SIGNAL,FUNCTIONING PROPERLY,CLEAR,DAYLIGHT,ANGLE,FOUR WAY,,STRAIGHT AND LEVEL,DRY,NO DEFECTS,,INJURY AND / OR TOW DUE TO CRASH,Y,,Y,"OVER $1,500",2/7/2020 13:42,DISREGARDING TRAFFIC SIGNALS,UNABLE TO DETERMINE,502,S,HAMLIN BLVD,1133,,,,,,,2,NONINCAPACITATING INJURY,1,0,0,1,0,1,0,13,6,2,41.87435036,-87.72053858,POINT (-87.720538575955 41.874350356029)
088a30b2ba700a2a44f5ed295c95ffa1a488977de7526e1926e1134cb433b8379232bb3b2ee7e5510cda73a320f123bf14e0545e6830b141f25cdf281d6e4d5f,JE212113,,4/27/2021 18:20,30,TRAFFIC SIGNAL,FUNCTIONING PROPERLY,CLEAR,DAYLIGHT,REAR END,DIVIDED - W/MEDIAN BARRIER,,STRAIGHT AND LEVEL,DRY,NO DEFECTS,,NO INJURY / DRIVE AWAY,Y,,,"OVER $1,500",4/27/2021 18:40,UNABLE TO DETERMINE,UNABLE TO DETERMINE,1201,S,COLUMBUS DR,132,,,,,,,3,NO INDICATION OF INJURY,0,0,0,0,0,3,0,18,3,4,41.86747078,-87.62021906,POINT (-87.620219059938 41.867470775841)
08944f29072ffd17590144f0aaf05368fbd9c2b3414b006e73419ce49cc28ed3aecd5e3dba4aad5f63bcc8a40b62cd0cea5ae61a86f7e3f3eec25d30ac8039d1,JE206695,Y,4/22/2021 13:30,30,NO CONTROLS,NO CONTROLS,CLEAR,DAYLIGHT,ANGLE,NOT DIVIDED,,STRAIGHT AND LEVEL,DRY,NO DEFECTS,,INJURY AND / OR TOW DUE TO CRASH,Y,,,"OVER $1,500",4/22/2021 13:30,FAILING TO YIELD RIGHT-OF-WAY,IMPROPER OVERTAKING/PASSING,4124,W,63RD ST,813,,,,,,,2,INCAPACITATING INJURY,4,0,1,3,0,1,0,13,5,4,41.77872415,-87.72636482,POINT (-87.726364819754 41.778724150168)
0dcd4e2497382ff80d23ec057621cb04ba116d20e23db5a6f8360b4b15c7e3ffe2b61a1da3dd3099b72c09d974e6cc79280ee564ec3b0de0b9f993332dc9e730,JF180109,Y,3/20/2022 7:05,30,NO CONTROLS,NO CONTROLS,CLEAR,DAYLIGHT,REAR END,NOT DIVIDED,,STRAIGHT AND LEVEL,WET,NO DEFECTS,ON SCENE,INJURY AND / OR TOW DUE TO CRASH,,,Y,"$501 - $1,500",3/20/2022 7:17,FAILING TO REDUCE SPEED TO AVOID CRASH,NOT APPLICABLE,1346,E,75TH ST,324,,,,,,,2,"REPORTED, NOT EVIDENT",1,0,0,0,1,1,0,7,1,3,41.75882789,-87.59136613,POINT (-87.591366126765 41.758827894434)
0e10469d6ff81d6ffa6014a2b6f9f3e8c39e7b69034fbe1761a1d2564be408f57a2f569c7630f3fb80b475f381d659b6c076ba305aca85f40a8df7c5a75bb80f,JE480524,,12/17/2021 10:40,30,TRAFFIC SIGNAL,FUNCTIONING PROPERLY,CLEAR,DAYLIGHT,TURNING,DIVIDED - W/MEDIAN (NOT RAISED),,STRAIGHT AND LEVEL,DRY,NO DEFECTS,,NO INJURY / DRIVE AWAY,Y,,,"OVER $1,500",12/17/2021 11:05,FAILING TO YIELD RIGHT-OF-WAY,UNABLE TO DETERMINE,459,N,WESTERN AVE,1221,,,,Y,CONSTRUCTION,Y,2,NO INDICATION OF INJURY,0,0,0,0,0,3,0,10,6,12,41.89033419,-87.68653787,POINT (-87.68653787306 41.89033419252)
0e2304159bbc435ca0c0e9176211b2a6e073bd62495679faee9b7bc2e604296ab460da6665fd39948a5b19eb5ad474d76c8d2aef57d39ebc829108e5afbefbed,JD253973,,6/4/2020 18:00,20,STOP SIGN/FLASHER,UNKNOWN,CLEAR,"DARKNESS, LIGHTED ROAD",TURNING,NOT DIVIDED,,STRAIGHT AND LEVEL,DRY,UNKNOWN,,NO INJURY / DRIVE AWAY,,,,"$501 - $1,500",6/4/2020 20:20,NOT APPLICABLE,NOT APPLICABLE,10200,S,TORRENCE AVE,431,,,,,,,2,NO INDICATION OF INJURY,0,0,0,0,0,2,0,18,5,6,41.70987353,-87.5598473,POINT (-87.559847295114 41.709873532259)
0e32731ff5eb8517c50fda612ee6e6cc369d6ba2a0defef1672ebd84abf02d93beb93771819060707f0bb4f349b658f7aefb6bff5714e7a3cd91e1acb9449ce9,JD370732,,9/17/2020 19:00,30,NO CONTROLS,NO CONTROLS,CLEAR,DUSK,TURNING,NOT DIVIDED,,STRAIGHT AND LEVEL,UNKNOWN,UNKNOWN,,NO INJURY / DRIVE AWAY,,,,"$501 - $1,500",9/17/2020 19:20,IMPROPER TURNING/NO SIGNAL,IMPROPER OVERTAKING/PASSING,806,W,IRVING PARK RD,1915,,,,,,,2,NO INDICATION OF INJURY,0,0,0,0,0,4,0,19,5,9,41.9546658,-87.6500236,POINT (-87.650023595406 41.954665795635)
140503ffcf2b1d29c4ca951952035eadcc0d8f04cf687d1c3518e7415e4d25c6f1211444ae5805231556509ffacb8e95503dcc019bdcf572660fd07ffc79bfde,JD365043,,9/12/2020 14:00,25,NO CONTROLS,NO CONTROLS,RAIN,DAYLIGHT,PARKED MOTOR VEHICLE,PARKING LOT,,STRAIGHT AND LEVEL,WET,NO DEFECTS,,NO INJURY / DRIVE AWAY,,Y,,"$501 - $1,500",9/12/2020 15:00,UNABLE TO DETERMINE,UNABLE TO DETERMINE,7201,N,CALIFORNIA AVE,2411,,,,,,,2,,,,,,,,,14,7,9,42.01211177,-87.69957082,POINT (-87.699570818701 42.012111769434)
8c2070eed0bf707b33137a0186a6281323ca0e31ab05ead1e57777e8884b4106f264729974655dbfad564ed99e241acf2e8407327c61b356d72256856da831cf,JF172116,,3/13/2022 0:13,30,TRAFFIC SIGNAL,FUNCTIONING PROPERLY,CLEAR,"DARKNESS, LIGHTED ROAD",TURNING,FOUR WAY,,STRAIGHT AND LEVEL,DRY,NO DEFECTS,NOT ON SCENE (DESK REPORT),NO INJURY / DRIVE AWAY,Y,,Y,"OVER $1,500",3/13/2022 1:05,IMPROPER TURNING/NO SIGNAL,UNABLE TO DETERMINE,1200,W,79TH ST,612,,,,,,,2,NO INDICATION OF INJURY,0,0,0,0,0,2,0,0,1,3,41.75060652,-87.65379975,POINT (-87.653799750308 41.750606519706)
1762e47d14dc5c94a7f2e954a4a69287ab17131c70ec839c01c3e943d3b80a7badc7042d29d1df2aff0e3792ba70df16927f46f7e9cc79470d3edd01ead8ca34,JD146937,,2/10/2020 8:00,30,STOP SIGN/FLASHER,NOT FUNCTIONING,CLEAR,DAYLIGHT,REAR END,DIVIDED - W/MEDIAN BARRIER,,STRAIGHT AND LEVEL,DRY,NO DEFECTS,NOT ON SCENE (DESK REPORT),NO INJURY / DRIVE AWAY,,,,"$501 - $1,500",2/10/2020 16:00,FOLLOWING TOO CLOSELY,NOT APPLICABLE,450,E,LOWER WACKER DR,114,,,,,,,2,NO INDICATION OF INJURY,0,0,0,0,0,2,0,8,2,2,41.88752738,-87.61659991,POINT (-87.616599909647 41.887527382373)
178aa1c039584b508dac4dfa0d4c1696da06e7f7a68bc77e4006e0d55b339d2eadf9914d9efe78c798bf190686c5cd235c122ac339c1f2a6caa88e96d70da98d,JE243114,,5/26/2021 2:43,35,NO CONTROLS,NO CONTROLS,RAIN,DARKNESS,OTHER OBJECT,DIVIDED - W/MEDIAN (NOT RAISED),,STRAIGHT AND LEVEL,WET,UNKNOWN,ON SCENE,INJURY AND / OR TOW DUE TO CRASH,,,,"OVER $1,500",5/26/2021 2:43,UNABLE TO DETERMINE,UNABLE TO DETERMINE,450,E,LOWER WACKER DR,114,,,,,,,1,,,,,,,,,2,4,5,41.88752738,-87.61659991,POINT (-87.616599909647 41.887527382373)
0e44b481f5433e93a5a069f44ce4c79cfdad30ee4191c36cc9f85e474340783fa0409d75209aad0e5618cfbba59207682b8a2894faea4fd796997efe5cb32af4,JC402842,,8/22/2019 15:37,30,STOP SIGN/FLASHER,NO CONTROLS,CLEAR,DAYLIGHT,PARKED MOTOR VEHICLE,NOT DIVIDED,,STRAIGHT AND LEVEL,DRY,NO DEFECTS,,INJURY AND / OR TOW DUE TO CRASH,,,Y,"OVER $1,500",8/22/2019 15:37,UNABLE TO DETERMINE,UNABLE TO DETERMINE,6329,W,BERTEAU AVE,1624,,,,,,,2,NONINCAPACITATING INJURY,2,0,0,2,0,0,0,15,5,8,41.95647651,-87.785397,POINT (-87.785397003369 41.95647650879)
0e4fc702b397207a4097ac88d6e9d5de4d749b8402513247097ca6632289d4af92b7b7c9bd34e84c8670db2ff52a013d7c6e6561164de7c41f17ab4a7ea74bcf,JD346506,,8/26/2020 23:38,30,NO CONTROLS,NO CONTROLS,CLEAR,"DARKNESS, LIGHTED ROAD",FIXED OBJECT,NOT DIVIDED,,STRAIGHT AND LEVEL,DRY,NO DEFECTS,,INJURY AND / OR TOW DUE TO CRASH,,,,"OVER $1,500",8/26/2020 23:38,UNABLE TO DETERMINE,NOT APPLICABLE,10104,S,MICHIGAN AVE,511,,,,,,,1,NONINCAPACITATING INJURY,2,0,0,2,0,1,0,23,4,8,41.71068936,-87.62003231,POINT (-87.620032312261 41.710689356027)
0e651e0d0d0b9d5ab11963e19eb99d1d2dbf0f4cfb164dc1cc9e4d7843d29eb3d175e8869b91494ecf5e532fc2b12badde04c51586e3e78f6ec4f949167750fc,JD179519,,3/9/2020 9:55,30,STOP SIGN/FLASHER,UNKNOWN,CLEAR,DAYLIGHT,REAR END,NOT DIVIDED,,STRAIGHT AND LEVEL,DRY,UNKNOWN,,NO INJURY / DRIVE AWAY,,,,"$501 - $1,500",3/9/2020 13:25,HAD BEEN DRINKING (USE WHEN ARREST IS NOT MADE),UNABLE TO DETERMINE,2058,W,83RD ST,614,,,,,,,2,NO INDICATION OF INJURY,0,0,0,0,0,2,0,9,2,3,41.74302133,-87.67534662,POINT (-87.675346615171 41.743021327124)
0e7f879c01867911c413c7fa62acdf7a54f2922a4f1996fd574614b36c00ca917b20d0645043def8e9709a6fe95ca40975594c667ce8712b54273bcda1951bbf,JE347372,,8/23/2021 14:00,30,NO CONTROLS,NO CONTROLS,CLEAR,DAYLIGHT,TURNING,NOT DIVIDED,,STRAIGHT AND LEVEL,DRY,UNKNOWN,,INJURY AND / OR TOW DUE TO CRASH,,,N,"OVER $1,500",8/23/2021 17:31,FAILING TO YIELD RIGHT-OF-WAY,FAILING TO YIELD RIGHT-OF-WAY,4554,W,16TH ST,1012,,,,,,,2,"REPORTED, NOT EVIDENT",1,0,0,0,1,3,0,14,2,8,41.85876905,-87.73942526,POINT (-87.739425257951 41.858769051254)
13e1f2907569b1202a3faa85364bed0563d30cafeba7416b101e995cde5d9efc1fabd97f142ee437386fd2e9001902f6ceda8a979512dfa053005a39e486c101,JF180295,,3/20/2022 10:00,30,NO CONTROLS,NO CONTROLS,UNKNOWN,UNKNOWN,PARKED MOTOR VEHICLE,NOT DIVIDED,,STRAIGHT AND LEVEL,UNKNOWN,UNKNOWN,NOT ON SCENE (DESK REPORT),NO INJURY / DRIVE AWAY,,,Y,"OVER $1,500",3/20/2022 12:05,UNABLE TO DETERMINE,UNABLE TO DETERMINE,6611,S,CALIFORNIA AVE,831,,,,,,,2,NO INDICATION OF INJURY,0,0,0,0,0,1,0,10,1,3,41.77326718,-87.6930956,POINT (-87.693095601346 41.773267181844)
0e8634534d78126cd195c1511d00380211e25abbe7a8ecd38954f3c96b1e34bfd09c77d7f651a55b2d8a67c38657c09fff2afab887a683a48d27cb16008fe482,JD436518,,11/20/2020 7:50,30,STOP SIGN/FLASHER,FUNCTIONING PROPERLY,CLEAR,DAYLIGHT,SIDESWIPE SAME DIRECTION,NOT DIVIDED,,STRAIGHT AND LEVEL,DRY,NO DEFECTS,,NO INJURY / DRIVE AWAY,,,Y,"$501 - $1,500",11/20/2020 8:30,IMPROPER TURNING/NO SIGNAL,IMPROPER TURNING/NO SIGNAL,7032,N,SHERIDAN RD,2423,,,,,,,2,NO INDICATION OF INJURY,0,0,0,0,0,2,0,7,6,11,42.01009556,-87.66253614,POINT (-87.662536135422 42.010095558603)
11c0bdda75bebd030c8bf41f06e0eb9e5efd96087ff8a918ff6813724996eceed435e53b05e6ee02cf930c1d518faf3f5bbda82c75c5042acf9fd6183c4a568e,JC501687,,11/7/2019 9:00,20,NO CONTROLS,NO CONTROLS,CLEAR,DAYLIGHT,PEDESTRIAN,NOT DIVIDED,,STRAIGHT AND LEVEL,DRY,NO DEFECTS,,INJURY AND / OR TOW DUE TO CRASH,,,Y,$500 OR LESS,11/7/2019 9:15,UNABLE TO DETERMINE,UNABLE TO DETERMINE,7233,S,KIMBARK AVE,324,,,,,,,2,NONINCAPACITATING INJURY,1,0,0,1,0,1,0,9,5,11,41.76322273,-87.59319992,POINT (-87.593199915724 41.763222729627)
1a5def59e5993b556500b661f99158ee36a38568dc286f88548ffa7d52b3a54f7d4423dbfdaf15b2ab3ce346f48358490c68845cddd2d42d2fe88bca507ed49b,JC250763,,5/5/2019 13:05,30,NO CONTROLS,NO CONTROLS,CLEAR,DAYLIGHT,SIDESWIPE SAME DIRECTION,NOT DIVIDED,,STRAIGHT AND LEVEL,DRY,NO DEFECTS,ON SCENE,NO INJURY / DRIVE AWAY,,,Y,"$501 - $1,500",5/5/2019 13:10,IMPROPER LANE USAGE,"OPERATING VEHICLE IN ERRATIC, RECKLESS, CARELESS, NEGLIGENT OR AGGRESSIVE MANNER",488,E,LOWER WACKER DR,114,,,,,,,2,NO INDICATION OF INJURY,0,0,0,0,0,3,0,13,1,5,41.88747989,-87.61604712,POINT (-87.616047119018 41.88747988917)
8e51277cdc8f9e7128d49b1d74c63ffcaf357f4621f5cd7a78c4857b86e98bc58d965e2364d202fe5eef38e4e51f628ad3352b09918b4fa110560d1104d67ea5,JF172168,,3/13/2022 1:56,25,NO CONTROLS,NO CONTROLS,CLEAR,"DARKNESS, LIGHTED ROAD",PARKED MOTOR VEHICLE,NOT DIVIDED,,STRAIGHT AND LEVEL,DRY,NO DEFECTS,ON SCENE,NO INJURY / DRIVE AWAY,,,Y,"OVER $1,500",3/13/2022 3:05,DRIVING SKILLS/KNOWLEDGE/EXPERIENCE,DRIVING SKILLS/KNOWLEDGE/EXPERIENCE,7616,W,BELMONT AVE,1631,,,,,,,2,NO INDICATION OF INJURY,0,0,0,0,0,1,0,1,1,3,41.93803297,-87.8172596,POINT (-87.817259602003 41.938032966737)
8e6e2bdedd71a6814c55c3da022d6cd83940ad84bbf24b92feae61fc286d559ffc23465dbfd85dc3ef0696bc38980d479f9785a1503680bb2e4d7df8871a2a10,JF176261,,3/13/2022 8:30,30,NO CONTROLS,NO CONTROLS,CLEAR,DAYLIGHT,PARKED MOTOR VEHICLE,NOT DIVIDED,,STRAIGHT AND LEVEL,DRY,NO DEFECTS,NOT ON SCENE (DESK REPORT),NO INJURY / DRIVE AWAY,,,Y,"$501 - $1,500",3/16/2022 18:29,IMPROPER OVERTAKING/PASSING,IMPROPER OVERTAKING/PASSING,10614,S,LONGWOOD DR,2212,,,,,,,2,NO INDICATION OF INJURY,0,0,0,0,0,1,0,8,1,3,41.70049479,-87.67118553,POINT (-87.671185525973 41.700494786947)
1ceeae4a0c8c21b76550a0dedf300adb8defa8fe1c52b95d8bca48c32e4adff4572a21ca44a982c85ee65bbf0e681c9e2808f2ab04b04c6dd67fbb57e9ebe4e2,JC513996,,11/14/2019 9:07,30,TRAFFIC SIGNAL,FUNCTIONING PROPERLY,CLEAR,DAYLIGHT,REAR END,NOT DIVIDED,,STRAIGHT AND LEVEL,DRY,NO DEFECTS,NOT ON SCENE (DESK REPORT),NO INJURY / DRIVE AWAY,,,Y,"OVER $1,500",11/17/2019 14:35,FOLLOWING TOO CLOSELY,NOT APPLICABLE,452,E,LOWER WACKER DR,114,,,,,,,2,NO INDICATION OF INJURY,0,0,0,0,0,5,0,9,5,11,41.88752588,-87.61657006,POINT (-87.616570055385 41.887525883054)
90f8a280b99b40631f450747ab849cebc91b19b93927d8271a89e37ba173e86fe26ace135e3b784d0b4d13a9b547528c4977c6f3cf1ed43f70a6f1a037b5bca0,JF182728,Y,3/13/2022 11:00,25,NO CONTROLS,NO CONTROLS,CLEAR,DAYLIGHT,PARKED MOTOR VEHICLE,ONE-WAY,,STRAIGHT AND LEVEL,DRY,NO DEFECTS,NOT ON SCENE (DESK REPORT),NO INJURY / DRIVE AWAY,,,Y,"OVER $1,500",3/22/2022 14:15,UNABLE TO DETERMINE,UNABLE TO DETERMINE,4142,W,ARTHINGTON ST,1132,,,,,,,2,NO INDICATION OF INJURY,0,0,0,0,0,1,0,11,1,3,41.87008682,-87.72946627,POINT (-87.729466266822 41.870086816418)
130fd61252db10e23c0f9afe5a20821fd1d015855448c3bc831a7a6f8a65bc1e3d0a5a973a06ae20d2a04ea4f4b5c9ddb8404086f68f8b5713e72419d112b0a9,JC451412,,9/28/2019 4:10,35,TRAFFIC SIGNAL,FUNCTIONING IMPROPERLY,RAIN,"DARKNESS, LIGHTED ROAD",TURNING,T-INTERSECTION,,STRAIGHT AND LEVEL,WET,UNKNOWN,,INJURY AND / OR TOW DUE TO CRASH,Y,,Y,"OVER $1,500",9/28/2019 4:14,NOT APPLICABLE,NOT APPLICABLE,3832,S,PULASKI RD,815,,,,,,,2,NO INDICATION OF INJURY,0,0,0,0,0,2,0,4,7,9,41.82328118,-87.72420378,POINT (-87.724203782428 41.823281180829)
1db527ff88a13bd5f8a6fb469ac39a0e2d50f5453ebe0417a14e8b08d86692836abd4327880a67a64d13c0ec4d7dff7981b9fe1c3b678bba386d01882c72293e,JF165956,,3/6/2022 14:15,20,NO CONTROLS,NO CONTROLS,CLEAR,DAYLIGHT,PARKED MOTOR VEHICLE,ONE-WAY,,STRAIGHT AND LEVEL,DRY,NO DEFECTS,NOT ON SCENE (DESK REPORT),NO INJURY / DRIVE AWAY,,,,"OVER $1,500",3/7/2022 10:15,DISTRACTION - FROM OUTSIDE VEHICLE,UNABLE TO DETERMINE,4644,S,DR MARTIN LUTHER KING JR DR,215,,,,,,,2,NO INDICATION OF INJURY,0,0,0,0,0,1,0,14,1,3,41.80983348,-87.61674825,POINT (-87.616748245207 41.809833475586)
1410971955bb85d52fea87a25baecca0fa75e6bc8269c5881f8126c4ac083f732aefb46f8bc4fb8eba8b2c95e1c139b25706a843affc9683e4e293f71d0e0638,JE406943,,10/12/2021 10:35,30,TRAFFIC SIGNAL,FUNCTIONING PROPERLY,CLEAR,DAYLIGHT,SIDESWIPE SAME DIRECTION,DIVIDED - W/MEDIAN (NOT RAISED),,STRAIGHT AND LEVEL,WET,NO DEFECTS,,INJURY AND / OR TOW DUE TO CRASH,,,,"OVER $1,500",10/12/2021 11:00,UNABLE TO DETERMINE,UNABLE TO DETERMINE,7900,S,STATE ST,623,,,,,,,2,"REPORTED, NOT EVIDENT",1,0,0,0,1,2,0,10,3,10,41.75091814,-87.62469012,POINT (-87.624690122516 41.750918138315)
14857007304d08a3b27e5abc2b246a6ed20cad8337fbaecb6365c251b6fec9d9f957054e0388772f4358180d64bd00e0ccbd564226da37a455a0ce89df37feb1,JE262158,N,6/11/2021 13:45,30,NO CONTROLS,NO CONTROLS,CLEAR,DAYLIGHT,ANGLE,NOT DIVIDED,,STRAIGHT AND LEVEL,DRY,NO DEFECTS,,INJURY AND / OR TOW DUE TO CRASH,,,Y,"OVER $1,500",6/11/2021 15:00,FAILING TO YIELD RIGHT-OF-WAY,FAILING TO YIELD RIGHT-OF-WAY,1635,E,55TH ST,235,,,,,,,2,"REPORTED, NOT EVIDENT",1,0,0,0,1,2,0,13,6,6,41.79510462,-87.58518919,POINT (-87.585189192234 41.795104618579)
91eb27a1ad68fcda0d812b8782b7d321b08d94e8767c481824131aa70a2bfaba0f5354b9120e62a09d768b8ac7a11dc41ad3e8060a8553904eb9f4f7a4e00c71,JF175745,,3/13/2022 8:00,10,NO CONTROLS,NO CONTROLS,CLEAR,DAYLIGHT,PARKED MOTOR VEHICLE,PARKING LOT,,STRAIGHT AND LEVEL,DRY,NO DEFECTS,NOT ON SCENE (DESK REPORT),NO INJURY / DRIVE AWAY,,,,$500 OR LESS,3/16/2022 12:00,UNABLE TO DETERMINE,UNABLE TO DETERMINE,1224,W,VAN BUREN ST,1231,,,,,,,2,NO INDICATION OF INJURY,0,0,0,0,0,1,0,8,1,3,41.87661239,-87.65803758,POINT (-87.658037575334 41.876612388201)
92c82c005aa5104f1be9f05236a539dc092b5a690d9a561ce426ba82113b7b8dc1f63761fe245e84b9d69bc2f872e5d2f9844d0ccc55a675cf3bab2aa9a9c6ba,JF172268,,3/13/2022 5:45,30,TRAFFIC SIGNAL,FUNCTIONING PROPERLY,CLEAR,"DARKNESS, LIGHTED ROAD",TURNING,Y-INTERSECTION,,STRAIGHT AND LEVEL,DRY,NO DEFECTS,ON SCENE,INJURY AND / OR TOW DUE TO CRASH,Y,,Y,"OVER $1,500",3/13/2022 5:46,DISREGARDING TRAFFIC SIGNALS,FAILING TO YIELD RIGHT-OF-WAY,3200,W,36TH ST,911,,,,,,,2,NONINCAPACITATING INJURY,2,0,0,2,0,2,0,5,1,3,41.8281773,-87.70462138,POINT (-87.704621381647 41.828177294986)
938693c1d67a4a74b5b90fa974ddf7a990b0a158063e297d49f803a8f1dcf4a3aaa09f2dfabead9abad5ef7f974fc249b853c7dabda72187855fe144e8e04dc2,JF172505,Y,3/13/2022 11:06,30,NO CONTROLS,NO CONTROLS,UNKNOWN,UNKNOWN,PARKED MOTOR VEHICLE,ONE-WAY,,STRAIGHT AND LEVEL,UNKNOWN,NO DEFECTS,NOT ON SCENE (DESK REPORT),NO INJURY / DRIVE AWAY,,,Y,"OVER $1,500",3/13/2022 13:05,UNABLE TO DETERMINE,UNABLE TO DETERMINE,1440,E,52ND ST,234,,,,,,,2,NO INDICATION OF INJURY,0,0,0,0,0,1,0,11,1,3,41.80110471,-87.59023566,POINT (-87.590235659544 41.801104705783)
942831b8ed7255685402a9241514a97603d866596e2ceccaed98bcaa9475b44d7f471fb93a5c830019740da3db2ffb38aa7ab51cc96f46eb0519e868e8586dad,JF172946,,3/13/2022 20:42,35,TRAFFIC SIGNAL,FUNCTIONING PROPERLY,CLEAR,"DARKNESS, LIGHTED ROAD",PEDALCYCLIST,FOUR WAY,,STRAIGHT AND LEVEL,DRY,NO DEFECTS,ON SCENE,INJURY AND / OR TOW DUE TO CRASH,Y,,Y,"OVER $1,500",3/13/2022 21:00,NOT APPLICABLE,NOT APPLICABLE,2929,W,PETERSON AVE,2011,,,,,,,2,NONINCAPACITATING INJURY,1,0,0,1,0,1,0,20,1,3,41.9903139,-87.70290518,POINT (-87.702905179858 41.990313895098)
9455c03db888be9aafccb4da78fd935d007623313d061c8de81dd6ff2c3e6ecc3f237f39a8315ddb1613cd3ca1e89db61d8440fa7274b232e60523f397ba9761,JF172817,,3/13/2022 18:20,35,NO CONTROLS,NOT FUNCTIONING,CLEAR,DAYLIGHT,PARKED MOTOR VEHICLE,NOT DIVIDED,,STRAIGHT AND LEVEL,DRY,NO DEFECTS,NOT ON SCENE (DESK REPORT),NO INJURY / DRIVE AWAY,,,Y,"OVER $1,500",3/13/2022 18:30,UNABLE TO DETERMINE,NOT APPLICABLE,3739,W,62ND PL,823,,,,,,,2,NO INDICATION OF INJURY,0,0,0,0,0,1,0,18,1,3,41.77954844,-87.71699077,POINT (-87.716990766351 41.779548444139)
179be32c60ef1e52689502fff5f776b80233166d00c48978f40090d55823f80fbdbcabea56be6f6eed37cc24852617eb542a9db92d64b1255eb140b0fe65753a,JE166946,,3/12/2021 14:30,25,NO CONTROLS,NO CONTROLS,CLEAR,DAYLIGHT,REAR TO REAR,PARKING LOT,,STRAIGHT AND LEVEL,DRY,NO DEFECTS,,NO INJURY / DRIVE AWAY,N,Y,,"$501 - $1,500",3/12/2021 14:50,UNABLE TO DETERMINE,UNABLE TO DETERMINE,5958,W,WASHINGTON BLVD,1512,,,,,,,2,NO INDICATION OF INJURY,0,0,0,0,0,2,0,14,6,3,41.88222288,-87.77422467,POINT (-87.774224669099 41.882222882811)