CRASH_RECORD_ID,RD_NO,CRASH_DATE_EST_I,CRASH_DATE,POSTED_SPEED_LIMIT,TRAFFIC_CONTROL_DEVICE,DEVICE_CONDITION,WEATHER_CONDITION,LIGHTING_CONDITION,FIRST_CRASH_TYPE,TRAFFICWAY_TYPE,LANE_CNT,ALIGNMENT,ROADWAY_SURFACE_COND,ROAD_DEFECT,REPORT_TYPE,CRASH_TYPE,INTERSECTION_RELATED_I,NOT_RIGHT_OF_WAY_I,HIT_AND_RUN_I,DAMAGE,DATE_POLICE_NOTIFIED,PRIM_CONTRIBUTORY_CAUSE,SEC_CONTRIBUTORY_CAUSE,STREET_NO,STREET_DIRECTION,STREET_NAME,BEAT_OF_OCCURRENCE,PHOTOS_TAKEN_I,STATEMENTS_TAKEN_I,DOORING_I,WORK_ZONE_I,WORK_ZONE_TYPE,WORKERS_PRESENT_I,NUM_UNITS,MOST_SEVERE_INJURY,INJURIES_TOTAL,INJURIES_FATAL,INJURIES_INCAPACITATING,INJURIES_NON_INCAPACITATING,INJURIES_REPORTED_NOT_EVIDENT,INJURIES_NO_INDICATION,INJURIES_UNKNOWN,CRASH_HOUR,CRASH_DAY_OF_WEEK,CRASH_MONTH,LATITUDE,LONGITUDE,LOCATION
2089690c1233590669761c66961d75b897d433fa4eade722db8d85cdd45ca324b4f986de9d0d8b0988aed39cbe30d665898cc3aba6ce43efa0c7a9e9b8e69ff8,JF164933,N,3/6/2022 8:24,30,NO CONTROLS,NO CONTROLS,CLEAR,UNKNOWN,PARKED MOTOR VEHICLE,NOT DIVIDED,,STRAIGHT AND LEVEL,DRY,NO DEFECTS,ON SCENE,INJURY AND / OR TOW DUE TO CRASH,,,Y,"OVER $1,500",3/6/2022 8:24,UNABLE TO DETERMINE,UNABLE TO DETERMINE,3336,W,19TH ST,1024,,,,,,,3,NO INDICATION OF INJURY,0,0,0,0,0,1,0,8,1,3,41.8554957,-87.70916668,POINT (-87.70916667483 41.855495699392)
956c7856239d559654b81f1fa5bb26d79c4a477d85aedd685f9105493b10c6896e71483148693c703250640e6fd0ccbb438a188c44a17c9d9036ed12f7ffd499,JF172498,,3/13/2022 12:39,35,NO CONTROLS,NO CONTROLS,CLEAR,DAYLIGHT,TURNING,NOT DIVIDED,,STRAIGHT AND LEVEL,DRY,NO DEFECTS,ON SCENE,INJURY AND / OR TOW DUE TO CRASH,,,,"OVER $1,500",3/13/2022 12:39,FAILING TO YIELD RIGHT-OF-WAY,UNABLE TO DETERMINE,9000,S,VINCENNES AVE,2222,,,,,,,2,NONINCAPACITATING INJURY,2,0,0,2,0,0,0,12,1,3,41.73048043,-87.64744428,POINT (-87.647444277011 41.730480427765)
95a0e2c3bf9554f09e6cb354d40ba8f7bd5e32f42fe0575354f6e1f3f20836d91ee92937ce3d216fc3b1498c6b0b166f39cbbc6369abd1ef473ccc6bdfe1fd36,JF172402,,3/13/2022 11:04,30,NO CONTROLS,NO CONTROLS,CLEAR,DAYLIGHT,SIDESWIPE SAME DIRECTION,DIVIDED - W/MEDIAN (NOT RAISED),,STRAIGHT ON GRADE,DRY,NO DEFECTS,ON SCENE,NO INJURY / DRIVE AWAY,,,Y,"$501 - $1,500",3/13/2022 11:08,UNABLE TO DETERMINE,UNABLE TO DETERMINE,2649,E,79TH ST,422,,,,,,,2,NO INDICATION OF INJURY,0,0,0,0,0,2,0,11,1,3,41.75171392,-87.55943061,POINT (-87.559430614356 41.751713922387)
197bdac1364d558d7ae0a72d7e65df9aea28947f6e27c44d046bf9180b4e9de1e4aa5ae3229b048c90916ab5366b1417001612aee93613d96ff6680a9d0b85f5,JF187435,,3/26/2022 14:45,10,OTHER WARNING SIGN,FUNCTIONING PROPERLY,CLEAR,DAYLIGHT,FIXED OBJECT,ONE-WAY,,STRAIGHT ON GRADE,DRY,NO DEFECTS,ON SCENE,INJURY AND / OR TOW DUE TO CRASH,,,,"OVER $1,500",3/26/2022 15:01,UNABLE TO DETERMINE,UNABLE TO DETERMINE,116,N,DEARBORN ST,111,,,,,,,1,NO INDICATION OF INJURY,0,0,0,0,0,1,0,14,7,3,41.88359887,-87.62957779,POINT (-87.629577788759 41.883598871446)
95d5f6155061c2a3dc469efb0e894b9f098f4193554a381224fb4e4c4b22c4821f4f2bb74921a2cb190fa57a1353d313325bda866d38a0de348eaab2b75a7f1e,JF172811,,3/13/2022 18:01,30,STOP SIGN/FLASHER,FUNCTIONING PROPERLY,CLEAR,DAYLIGHT,ANGLE,NOT DIVIDED,,STRAIGHT AND LEVEL,DRY,NO DEFECTS,ON SCENE,NO INJURY / DRIVE AWAY,Y,,,"OVER $1,500",3/13/2022 18:04,FAILING TO YIELD RIGHT-OF-WAY,UNABLE TO DETERMINE,4059,W,63RD ST,813,,,,,,,2,NO INDICATION OF INJURY,0,0,0,0,0,2,0,18,1,3,41.77852056,-87.72506178,POINT (-87.725061782089 41.778520563692)
20fdf3f76dd47f4337fe2aa8903b34df7b1bd94da7421a48d26142907b142649e5a30d1eab49375d6f773ad7a4964c9f60bb9ad1a2901ad78d9141134697c846,HZ553507,Y,12/16/2016 9:30,30,NO CONTROLS,NO CONTROLS,CLOUDY/OVERCAST,DAYLIGHT,REAR END,ONE-WAY,2,STRAIGHT AND LEVEL,DRY,NO DEFECTS,NOT ON SCENE (DESK REPORT),NO INJURY / DRIVE AWAY,,,,"OVER $1,500",12/16/2016 10:30,UNABLE TO DETERMINE,UNABLE TO DETERMINE,450,E,LOWER WACKER DR,114,,,,,,,2,NO INDICATION OF INJURY,0,0,0,0,0,2,0,9,6,12,41.88752738,-87.61659991,POINT (-87.616599909647 41.887527382373)
96b76dc7151f832ff56a499d8c0fd17dd1dfa1ec165d9720dc27aef9eeb0c3f125b979ef0d3b39f8d08de0eff63b8f6c5d4a1b25212fe3923ff63b742c79a6c2,JF172857,,3/13/2022 18:55,30,UNKNOWN,UNKNOWN,CLEAR,DUSK,REAR END,NOT DIVIDED,,STRAIGHT AND LEVEL,UNKNOWN,UNKNOWN,NOT ON SCENE (DESK REPORT),NO INJURY / DRIVE AWAY,,,,"OVER $1,500",3/13/2022 19:30,UNABLE TO DETERMINE,NOT APPLICABLE,6431,W,IRVING PARK RD,1632,,,,,,,2,NO INDICATION OF INJURY,0,0,0,0,0,3,0,18,1,3,41.9527891,-87.78780689,POINT (-87.787806884963 41.952789099878)
96e1f9448f7efccc9f491214129428635d3095a9aecba1eaeea21c0e4b2450975fc0d5d9273cb832323451a73a3e6821890c79aa9b5b6b597ffe9490b406bd6f,JF172840,,3/13/2022 18:31,30,NO CONTROLS,NO CONTROLS,CLEAR,DUSK,PARKED MOTOR VEHICLE,ONE-WAY,,STRAIGHT AND LEVEL,UNKNOWN,UNKNOWN,NOT ON SCENE (DESK REPORT),NO INJURY / DRIVE AWAY,,,Y,$500 OR LESS,3/13/2022 18:54,UNABLE TO DETERMINE,UNABLE TO DETERMINE,3717,N,LAKEWOOD AVE,1923,,,,,,,2,NO INDICATION OF INJURY,0,0,0,0,0,1,0,18,1,3,41.9494763,-87.66151109,POINT (-87.661511091113 41.949476296695)
229ea6905f9adb9e1e834f3e04c1df2e752fc0cae7f6c98b8d52989ea8a7f0e9c3b1045b1557c15deea173c66c9914e24e1235a39c7d26a2626a22b22df8f185,JF177413,,3/6/2022 16:38,10,NO CONTROLS,NO CONTROLS,CLEAR,DAYLIGHT,ANGLE,PARKING LOT,,STRAIGHT AND LEVEL,DRY,NO DEFECTS,NOT ON SCENE (DESK REPORT),NO INJURY / DRIVE AWAY,,Y,,"$501 - $1,500",3/17/2022 17:15,UNABLE TO DETERMINE,UNABLE TO DETERMINE,5516,N,CLARK ST,2012,,,,,,,2,NO INDICATION OF INJURY,0,0,0,0,0,2,0,16,1,3,41.98218989,-87.66865163,POINT (-87.668651627961 41.982189884614)
2346ca54aea1027f9c861df5824b7e7e09e22803e61980009dac92322682a9714ebcf18add5dbb7c3410381aed011c41c7861748a0f15ea57990932fd7cb1c15,JE224468,,5/9/2021 9:30,30,TRAFFIC SIGNAL,FUNCTIONING PROPERLY,RAIN,DAYLIGHT,ANGLE,RAMP,,STRAIGHT AND LEVEL,WET,NO DEFECTS,NOT ON SCENE (DESK REPORT),NO INJURY / DRIVE AWAY,Y,,,"$501 - $1,500",5/9/2021 9:45,DISREGARDING TRAFFIC SIGNALS,UNABLE TO DETERMINE,475,E,LOWER WACKER DR,114,,,,,,,2,NO INDICATION OF INJURY,0,0,0,0,0,2,0,9,1,5,41.88727415,-87.61625137,POINT (-87.616251368996 41.887274147538)
21cba18f43097c68caecc8a667446e91ee5b02f9567b22a621f2d21d15acc737303c2283e24b631505a7601e008142c8b9b543d4c99715d5c5244705218706c8,JF180441,,3/20/2022 14:55,30,TRAFFIC SIGNAL,FUNCTIONING IMPROPERLY,CLEAR,DAYLIGHT,REAR END,DIVIDED - W/MEDIAN BARRIER,,STRAIGHT AND LEVEL,DRY,NO DEFECTS,ON SCENE,INJURY AND / OR TOW DUE TO CRASH,,,,"OVER $1,500",3/20/2022 14:55,FOLLOWING TOO CLOSELY,FAILING TO YIELD RIGHT-OF-WAY,951,E,130TH ST,533,,,,,,,2,NO INDICATION OF INJURY,0,0,0,0,0,6,0,14,1,3,41.65917895,-87.59921007,POINT (-87.599210072494 41.659178947538)
991ff5b2a9918b18877b92f5a560d8cbc147ae8be9068642a8db47fd497dd73914c2a56fd77e32bb3e0acb3246174b1b1948a4a052b067e9ac4be93e343bb112,JF173794,Y,3/13/2022 20:30,30,NO CONTROLS,NO CONTROLS,UNKNOWN,UNKNOWN,PARKED MOTOR VEHICLE,PARKING LOT,,STRAIGHT AND LEVEL,UNKNOWN,UNKNOWN,NOT ON SCENE (DESK REPORT),NO INJURY / DRIVE AWAY,,,,"OVER $1,500",3/14/2022 17:00,UNABLE TO DETERMINE,UNABLE TO DETERMINE,1931,W,CERMAK RD,1034,,,,,,,2,NO INDICATION OF INJURY,0,0,0,0,0,1,0,20,1,3,41.8520837,-87.67465102,POINT (-87.674651015737 41.852083695533)
1f3da1114ad7b6f2bb6891e020779c99565e11434360b4d6f32f1a7901c471aa9475bb547f80834cbb178d29c7e9d6186920ab4081b4e59bee728131d8aa7fe4,JF176419,,3/16/2022 21:54,30,TRAFFIC SIGNAL,FUNCTIONING PROPERLY,CLEAR,"DARKNESS, LIGHTED ROAD",ANGLE,FOUR WAY,,STRAIGHT AND LEVEL,DRY,NO DEFECTS,,INJURY AND / OR TOW DUE TO CRASH,Y,,Y,"OVER $1,500",3/16/2022 21:54,DRIVING ON WRONG SIDE/WRONG WAY,NOT APPLICABLE,500,S,WABASH AVE,123,,,,,,,3,NONINCAPACITATING INJURY,4,0,0,4,0,6,0,21,4,3,41.87562254,-87.62617274,POINT (-87.626172738716 41.875622540805)
1f76efb968c4f35318afd765c6bfcb162bbf498a75cf59212e3b13659d71876c0cf5eb7f4c1699972524c4009b3975dfbe40daaf28e32bc779728ed555fe3608,JE292492,,7/6/2021 15:50,30,TRAFFIC SIGNAL,FUNCTIONING PROPERLY,CLEAR,DAYLIGHT,SIDESWIPE OPPOSITE DIRECTION,PARKING LOT,,STRAIGHT AND LEVEL,DRY,NO DEFECTS,,NO INJURY / DRIVE AWAY,,,,"OVER $1,500",7/6/2021 17:39,IMPROPER BACKING,NOT APPLICABLE,3900,S,LAKE SHORE DR SB,212,,,,,,,2,NO INDICATION OF INJURY,0,0,0,0,0,2,0,15,3,7,41.82588259,-87.60097185,POINT (-87.600971854237 41.825882585011)
2307988e5c6094a261fbe52c2954f9cac4d2f47bb99f89aa7d2d6221b3e3eece6b3a0b4384e4740f04a701ecd8526805180d01021012e69db9899c0dc29e5a2c,JE138083,,2/10/2021 14:45,30,NO CONTROLS,NO CONTROLS,SNOW,DAYLIGHT,REAR END,ONE-WAY,,STRAIGHT AND LEVEL,WET,NO DEFECTS,,NO INJURY / DRIVE AWAY,,,,"OVER $1,500",2/10/2021 16:51,NOT APPLICABLE,NOT APPLICABLE,7100,S,LAFAYETTE AVE,731,,,,,,,2,NO INDICATION OF INJURY,0,0,0,0,0,2,0,14,4,2,41.76539859,-87.6266955,POINT (-87.626695500681 41.765398585764)
2755b15119b582b3582329c4d0b71d500a976e41787255dd59c7192070c5846c3dccfd08a4494ef65f8a00d00d953891cd0560a30433c091f743a6520680aa66,JB212274,Y,4/5/2018 10:37,30,NO CONTROLS,NO CONTROLS,CLEAR,DAYLIGHT,REAR END,NOT DIVIDED,,STRAIGHT AND LEVEL,DRY,NO DEFECTS,NOT ON SCENE (DESK REPORT),NO INJURY / DRIVE AWAY,,,,"OVER $1,500",4/5/2018 10:37,UNABLE TO DETERMINE,IMPROPER LANE USAGE,487,E,LOWER WACKER DR,114,,,,,,,2,NO INDICATION OF INJURY,0,0,0,0,0,2,0,10,5,4,41.88726034,-87.61604759,POINT (-87.616047589078 41.887260340962)
201de7c82f5b3de061859e9dd03f3e765e1bcbe0349d46effb075c7dbff0ae50c95483a30675121682b74872d86edf1a932365d5267799d000ce99d72f72caec,JF187670,,3/26/2022 21:24,30,NO CONTROLS,NO CONTROLS,CLEAR,"DARKNESS, LIGHTED ROAD",PARKED MOTOR VEHICLE,NOT DIVIDED,,STRAIGHT AND LEVEL,DRY,NO DEFECTS,ON SCENE,INJURY AND / OR TOW DUE TO CRASH,,,,"OVER $1,500",3/26/2022 21:24,DISTRACTION - FROM INSIDE VEHICLE,NOT APPLICABLE,6640,N,ASHLAND AVE,2432,,,,,,,2,NONINCAPACITATING INJURY,1,0,0,1,0,0,0,21,7,3,42.00293453,-87.67067166,POINT (-87.670671664401 42.002934531633)
1f91e4b9cfc72b2b6144ade03532aaec114aa5c1b0ca6f81ba8c559ab1063c56829683c63ad258fe3310517e2b96a435e4a4da08a262c317301923232cfd1f1d,JE154422,,2/27/2021 19:00,30,TRAFFIC SIGNAL,FUNCTIONING PROPERLY,CLEAR,"DARKNESS, LIGHTED ROAD",TURNING,FOUR WAY,,STRAIGHT AND LEVEL,DRY,NO DEFECTS,,NO INJURY / DRIVE AWAY,Y,,Y,"$501 - $1,500",2/27/2021 19:30,IMPROPER TURNING/NO SIGNAL,FOLLOWING TOO CLOSELY,160,W,87TH ST,622,,,,,,,2,NO INDICATION OF INJURY,0,0,0,0,0,2,0,19,7,2,41.73633471,-87.62864522,POINT (-87.62864522161 41.736334713231)
1f97b709195ab9ad7a1cc1a3c21b27e57846e22bc3750b0f237bd85a5b42f052c6254c7f91ade300596a7428648ec68ef31192c16d099a0a768b15629d0de783,JE426852,,10/29/2021 16:00,30,TRAFFIC SIGNAL,FUNCTIONING PROPERLY,RAIN,DAYLIGHT,PEDESTRIAN,NOT DIVIDED,,STRAIGHT AND LEVEL,WET,NO DEFECTS,,INJURY AND / OR TOW DUE TO CRASH,,,,"OVER $1,500",10/29/2021 16:08,WEATHER,WEATHER,7404,S,ASHLAND AVE,735,Y,Y,,,,,2,INCAPACITATING INJURY,2,0,1,1,0,0,0,16,6,10,41.75926306,-87.66378366,POINT (-87.663783663045 41.759263057336)
9b85dcbdbb30cc5a39af4bb9a36a249eba34b56000f7b3a8232e17ebb9582196147f8440d9d2cda7d6f8960b86dbe2699f09595de87763190b505293b951aa10,JF172837,Y,3/13/2022 18:37,30,TRAFFIC SIGNAL,FUNCTIONING PROPERLY,CLEAR,DUSK,SIDESWIPE SAME DIRECTION,DIVIDED - W/MEDIAN (NOT RAISED),,STRAIGHT AND LEVEL,DRY,NO DEFECTS,NOT ON SCENE (DESK REPORT),NO INJURY / DRIVE AWAY,,,Y,"OVER $1,500",3/13/2022 18:50,UNABLE TO DETERMINE,UNABLE TO DETERMINE,2200,S,INDIANA AVE,132,,,,,,,2,NO INDICATION OF INJURY,0,0,0,0,0,6,0,18,1,3,41.85279513,-87.62241541,POINT (-87.622415408801 41.852795124645)
9bba239ac664643a39b11d5e5518f3ea8fdd7b7039f63a58b907425d78316bf548ae5aefe7320ca02a0a167d91c809245cb5aa6892d212c1e23afd45e3e651f5,JF172884,,3/13/2022 19:44,30,NO CONTROLS,NO CONTROLS,CLEAR,DUSK,FIXED OBJECT,PARKING LOT,,STRAIGHT AND LEVEL,DRY,NO DEFECTS,ON SCENE,NO INJURY / DRIVE AWAY,,,,$500 OR LESS,3/13/2022 19:44,UNABLE TO DETERMINE,NOT APPLICABLE,5058,S,HALSTED ST,933,,,,,,,1,NO INDICATION OF INJURY,0,0,0,0,0,2,0,19,1,3,41.80162842,-87.64549202,POINT (-87.645492014632 41.80162841618)
202da0ae5619d8b248713af45ebaea79d4be0fd5d95e85af28750e640b5f3d80431a3bb17cfc97f618e690f2aaf2eb3a9ab7989dc1947e5683546511df7f3c33,JF155979,,2/25/2022 17:15,30,STOP SIGN/FLASHER,FUNCTIONING PROPERLY,CLEAR,DAYLIGHT,ANGLE,FOUR WAY,,STRAIGHT AND LEVEL,DRY,NO DEFECTS,,NO INJURY / DRIVE AWAY,Y,,,"OVER $1,500",2/25/2022 17:51,UNABLE TO DETERMINE,UNABLE TO DETERMINE,128,E,70TH ST,322,,,,,,,3,NO INDICATION OF INJURY,0,0,0,0,0,2,0,17,6,2,41.76753285,-87.62049905,POINT (-87.620499050308 41.767532850579)
28e8714c61966a913ee11dae4bfd234021ba5925b5cc53cc1ef9992d27c892f00e107bf599f4334a72b8aaa3da56ff8ab2a4ef155e21337d59ba104e9d2d5cde,JE351061,,8/26/2021 17:55,30,TRAFFIC SIGNAL,FUNCTIONING PROPERLY,CLEAR,DAYLIGHT,SIDESWIPE SAME DIRECTION,DIVIDED - W/MEDIAN BARRIER,,STRAIGHT AND LEVEL,UNKNOWN,UNKNOWN,,NO INJURY / DRIVE AWAY,,,,"$501 - $1,500",8/26/2021 18:10,IMPROPER OVERTAKING/PASSING,UNABLE TO DETERMINE,450,E,LOWER WACKER DR,114,,,,,,,2,NO INDICATION OF INJURY,0,0,0,0,0,2,0,17,5,8,41.88752738,-87.61659991,POINT (-87.616599909647 41.887527382373)
9c29e1dbe577e9194ccce10c93d2ed70aefdeb478feb295186fbfb12f5b7b5cd1953fe4b81e59b1f6b571e55335c70468ed37ac2d3e168304c398c3c6fb5303c,JF172504,,3/13/2022 12:50,30,TRAFFIC SIGNAL,FUNCTIONING PROPERLY,CLEAR,DAYLIGHT,REAR END,NOT DIVIDED,,STRAIGHT AND LEVEL,DRY,NO DEFECTS,ON SCENE,NO INJURY / DRIVE AWAY,,Y,Y,$500 OR LESS,3/13/2022 12:53,UNABLE TO DETERMINE,UNABLE TO DETERMINE,300,S,HAMLIN BLVD,1133,,Y,,,,,2,NO INDICATION OF INJURY,0,0,0,0,0,6,0,12,1,3,41.87717386,-87.72078414,POINT (-87.720784140945 41.877173855545)
9c82522a81f8e91d5ba1fc6c0ca22957bda2dceafad7f9d17a5be61c7bbc6855f0efa9d1466f384ec63b1a9df2998f4633d1198fd92746c71fe2e7de40ae441e,JF173917,,3/13/2022 23:57,30,TRAFFIC SIGNAL,FUNCTIONING PROPERLY,CLEAR,DAYLIGHT,REAR END,NOT DIVIDED,,STRAIGHT AND LEVEL,DRY,NO DEFECTS,NOT ON SCENE (DESK REPORT),NO INJURY / DRIVE AWAY,Y,,,"OVER $1,500",3/14/2022 18:25,FOLLOWING TOO CLOSELY,NOT APPLICABLE,5710,N,SHERIDAN RD,2022,,,,,,,2,NO INDICATION OF INJURY,0,0,0,0,0,2,0,23,1,3,41.98591413,-87.6554088,POINT (-87.655408801513 41.985914126752)
215c338fba7d0dc58f8e18a093bba8b4179010a86d8192f5c43b86a51cbafba8de40381706f0237d47f18c7dc09bb94d78f0bf39d8b91764be5d0b8e3b5ee073,JE224729,,5/9/2021 14:54,30,TRAFFIC SIGNAL,FUNCTIONING PROPERLY,CLEAR,DAYLIGHT,PEDALCYCLIST,DIVIDED - W/MEDIAN (NOT RAISED),,STRAIGHT AND LEVEL,DRY,NO DEFECTS,,INJURY AND / OR TOW DUE TO CRASH,,,Y,"OVER $1,500",5/9/2021 15:08,NOT APPLICABLE,NOT APPLICABLE,1900,N,CALIFORNIA AVE,1421,,,,,,,2,NONINCAPACITATING INJURY,1,0,0,1,0,1,0,14,1,5,41.91576102,-87.69729581,POINT (-87.697295810855 41.915761023246)
2161ac9b027865d23c73ba23446f9308895761668b07c55a8b2e3a2c35eb350a06e88e8d7a8078bd321ae81a9b3067866cfdafc2d84536f621ff9e47be847b6f,JE449718,,11/18/2021 18:45,30,NO CONTROLS,NO CONTROLS,CLEAR,DAYLIGHT,PARKED MOTOR VEHICLE,NOT DIVIDED,,STRAIGHT AND LEVEL,DRY,NO DEFECTS,,NO INJURY / DRIVE AWAY,,,,"$501 - $1,500",11/18/2021 19:00,UNABLE TO DETERMINE,NOT APPLICABLE,600,N,RACINE AVE,1214,,,,,,,2,NO INDICATION OF INJURY,0,0,0,0,0,4,0,18,5,11,41.89294663,-87.65757787,POINT (-87.657577869531 41.892946634142)
2a8beb04e4608a29f863594ab226a976cd8c0e5e53838a4159011462ba21a9b397569a7e9b0b6b753df3c6920f76a63214b2936eaaa82950ba1aac2efc0ac4e2,JF116532,,1/18/2022 8:30,30,NO CONTROLS,NO CONTROLS,CLEAR,DAYLIGHT,ANGLE,OTHER,,STRAIGHT AND LEVEL,DRY,NO DEFECTS,,NO INJURY / DRIVE AWAY,,,,"OVER $1,500",1/18/2022 11:54,IMPROPER BACKING,NOT APPLICABLE,2001,S,MICHIGAN AVE,132,,,,,,,2,NO INDICATION OF INJURY,0,0,0,0,0,2,0,8,3,1,41.855432,-87.62372822,POINT (-87.623728215571 41.855431999021)
229aa6d93df0ce8891bd4e6a9633173a65f0a5f0a87b4a20ed844309b0f0f0be2f75d2cc412b4fa28af7b724915b04c1e43eaca55adfa8f779a1fb70539820bf,JF187047,,3/26/2022 9:01,30,STOP SIGN/FLASHER,NO CONTROLS,CLOUDY/OVERCAST,DAYLIGHT,ANGLE,UNKNOWN INTERSECTION TYPE,,STRAIGHT AND LEVEL,WET,NO DEFECTS,,INJURY AND / OR TOW DUE TO CRASH,Y,,,"OVER $1,500",3/26/2022 9:01,UNABLE TO DETERMINE,UNABLE TO DETERMINE,2901,N,NARRAGANSETT AVE,2511,,,,,,,2,NONINCAPACITATING INJURY,1,0,0,1,0,1,0,9,7,3,41.9329263,-87.78560679,POINT (-87.785606790301 41.932926295204)
2cf90def5421ff5641e22d22c046c2c70e42f09870572524462d950e1168a7859e1b6566b424a99cdec523c731f6539b5c811bc943fc078c377a10fc0dfb37df,JB519696,,11/17/2018 14:50,25,TRAFFIC SIGNAL,FUNCTIONING PROPERLY,CLEAR,"DARKNESS, LIGHTED ROAD",REAR END,DIVIDED - W/MEDIAN BARRIER,2,STRAIGHT AND LEVEL,DRY,NO DEFECTS,NOT ON SCENE (DESK REPORT),NO INJURY / DRIVE AWAY,Y,,,"$501 - $1,500",11/17/2018 16:00,IMPROPER BACKING,NOT APPLICABLE,430,E,LOWER WACKER DR,114,,,,,,,2,NO INDICATION OF INJURY,0,0,0,0,0,3,0,14,7,11,41.88754238,-87.61689845,POINT (-87.616898452345 41.887542375142)
2d1d8693d225f1a2b86ee9bdccb9e3ed001b75d2d1fad01676d1753f2f61642ac64b5fcbf7772e6044cef36a15c233bd2465f4188ff48494fdb7bd0e5da8fa88,JB306214,,6/14/2018 7:58,30,NO CONTROLS,NO CONTROLS,CLEAR,DAYLIGHT,SIDESWIPE SAME DIRECTION,DIVIDED - W/MEDIAN BARRIER,6,STRAIGHT AND LEVEL,DRY,NO DEFECTS,NOT ON SCENE (DESK REPORT),NO INJURY / DRIVE AWAY,,,Y,"OVER $1,500",6/14/2018 9:11,"OPERATING VEHICLE IN ERRATIC, RECKLESS, CARELESS, NEGLIGENT OR AGGRESSIVE MANNER",IMPROPER LANE USAGE,475,E,LOWER WACKER DR,114,,,,,,,2,NO INDICATION OF INJURY,0,0,0,0,0,2,0,7,5,6,41.88727415,-87.61625137,POINT (-87.616251368996 41.887274147538)
2d5ec6a7d03756377a11b6f23bf95bf4cc189bc6a449282b87999938d3d1a56a084521dbb0fd4014440a10c89f5554007befe79897b09b1f523ca6dc4b74ea2b,JF165406,Y,3/6/2022 17:00,20,NO CONTROLS,NO CONTROLS,CLEAR,DUSK,REAR END,NOT DIVIDED,,STRAIGHT AND LEVEL,DRY,NO DEFECTS,NOT ON SCENE (DESK REPORT),NO INJURY / DRIVE AWAY,,,,"$501 - $1,500",3/6/2022 17:59,UNABLE TO DETERMINE,UNABLE TO DETERMINE,9501,S,WESTERN AVE,2213,,,,,,,2,NO INDICATION OF INJURY,0,0,0,0,0,3,0,17,1,3,41.72084893,-87.68191511,POINT (-87.681915112556 41.720848926601)
24124c339dfc1c2b85c0de0c0ead12f2e4f518b88160618184e49be7bb810c46f7479b4b3d973690e21712c6c7dbc79d2b3f4a406ee410c5001679a125cafd42,JF187507,,3/26/2022 17:25,30,NO CONTROLS,NO CONTROLS,CLEAR,DAYLIGHT,PARKED MOTOR VEHICLE,NOT DIVIDED,,STRAIGHT AND LEVEL,DRY,NO DEFECTS,NOT ON SCENE (DESK REPORT),NO INJURY / DRIVE AWAY,,,Y,"OVER $1,500",3/26/2022 17:55,UNABLE TO DETERMINE,UNABLE TO DETERMINE,1242,S,CANAL ST,124,,,,,,,2,NO INDICATION OF INJURY,0,0,0,0,0,1,0,17,7,3,41.86606963,-87.63935476,POINT (-87.639354759813 41.866069632888)
244bd2fd5b7782f6467eddcad6bf6bb2882204b3257597fd451765f7306c7e6c6b7a171915173c78e83c23ec890225005508eeb8b6f4ed944d8b6ff5cc535a65,JF186851,,3/26/2022 1:00,30,NO CONTROLS,NO CONTROLS,CLEAR,"DARKNESS, LIGHTED ROAD",PARKED MOTOR VEHICLE,PARKING LOT,,STRAIGHT AND LEVEL,DRY,NO DEFECTS,NOT ON SCENE (DESK REPORT),NO INJURY / DRIVE AWAY,,Y,Y,"OVER $1,500",3/26/2022 2:00,UNABLE TO DETERMINE,UNABLE TO DETERMINE,1200,W,35TH ST,913,,,,,,,2,NO INDICATION OF INJURY,0,0,0,0,0,1,0,1,7,3,41.83072883,-87.65581325,POINT (-87.655813252029 41.830728825995)
a0737de21fe0ed26685c5f877604369ee1b923be10200b6efad621c52a0029c0aff95b9e8a2a219f8f0ebb34a9c29619e0c0ab2e8359c0f4c43302b014ac66aa,JF172529,,3/13/2022 13:29,35,NO CONTROLS,NO CONTROLS,CLEAR,DAYLIGHT,REAR END,NOT DIVIDED,,STRAIGHT AND LEVEL,DRY,NO DEFECTS,NOT ON SCENE (DESK REPORT),NO INJURY / DRIVE AWAY,,,,"OVER $1,500",3/13/2022 13:50,FOLLOWING TOO CLOSELY,NOT APPLICABLE,6400,S,KEDZIE AVE,823,,,,,,,2,NO INDICATION OF INJURY,0,0,0,0,0,3,0,13,1,3,41.77709602,-87.70324076,POINT (-87.703240761731 41.777096020163)
a098634a9f6d91571f20b4af62eb16eb42133dc6af2f9fd2846975b8004528fffeeec6354629f6dfab26e9439723477685e326d7bd8b9da2456b463684477387,JF172779,,3/13/2022 17:10,30,TRAFFIC SIGNAL,FUNCTIONING PROPERLY,CLEAR,DAYLIGHT,SIDESWIPE SAME DIRECTION,DIVIDED - W/MEDIAN (NOT RAISED),,STRAIGHT AND LEVEL,DRY,NO DEFECTS,NOT ON SCENE (DESK REPORT),NO INJURY / DRIVE AWAY,Y,,,"OVER $1,500",3/13/2022 17:50,FAILING TO YIELD RIGHT-OF-WAY,NOT APPLICABLE,4469,W,ADDISON ST,1731,,,,,,,2,NO INDICATION OF INJURY,0,0,0,0,0,2,0,17,1,3,41.94610584,-87.73968315,POINT (-87.739683148017 41.946105842717)