CRASH_RECORD_ID,RD_NO,CRASH_DATE_EST_I,CRASH_DATE,POSTED_SPEED_LIMIT,TRAFFIC_CONTROL_DEVICE,DEVICE_CONDITION,WEATHER_CONDITION,LIGHTING_CONDITION,FIRST_CRASH_TYPE,TRAFFICWAY_TYPE,LANE_CNT,ALIGNMENT,ROADWAY_SURFACE_COND,ROAD_DEFECT,REPORT_TYPE,CRASH_TYPE,INTERSECTION_RELATED_I,NOT_RIGHT_OF_WAY_I,HIT_AND_RUN_I,DAMAGE,DATE_POLICE_NOTIFIED,PRIM_CONTRIBUTORY_CAUSE,SEC_CONTRIBUTORY_CAUSE,STREET_NO,STREET_DIRECTION,STREET_NAME,BEAT_OF_OCCURRENCE,PHOTOS_TAKEN_I,STATEMENTS_TAKEN_I,DOORING_I,WORK_ZONE_I,WORK_ZONE_TYPE,WORKERS_PRESENT_I,NUM_UNITS,MOST_SEVERE_INJURY,INJURIES_TOTAL,INJURIES_FATAL,INJURIES_INCAPACITATING,INJURIES_NON_INCAPACITATING,INJURIES_REPORTED_NOT_EVIDENT,INJURIES_NO_INDICATION,INJURIES_UNKNOWN,CRASH_HOUR,CRASH_DAY_OF_WEEK,CRASH_MONTH,LATITUDE,LONGITUDE,LOCATION
a0fd3fe0f7875bd9e68b3402105e585d1d5c06db42147d8ac9567cd1289590d5bcded6626c6d7369fd003a0e3c37e5fcb96033c9f8b4b52e633a98caf9d03e6e,JF172644,,3/13/2022 10:25,30,TRAFFIC SIGNAL,FUNCTIONING PROPERLY,CLEAR,DAYLIGHT,REAR END,DIVIDED - W/MEDIAN (NOT RAISED),,STRAIGHT AND LEVEL,DRY,NO DEFECTS,NOT ON SCENE (DESK REPORT),NO INJURY / DRIVE AWAY,,,Y,"$501 - $1,500",3/13/2022 15:40,FAILING TO YIELD RIGHT-OF-WAY,IMPROPER OVERTAKING/PASSING,823,W,MADISON ST,1232,,,,,,,2,NO INDICATION OF INJURY,0,0,0,0,0,2,0,10,1,3,41.88165376,-87.64841084,POINT (-87.648410841626 41.881653758745)
a11ae00bbb40bf5e55c5c093b403b590649abee16c8bff7a44b7ca71be15987a4af9257faba6f78fee6be6b17f2cce799d48efcf16bcaec526eb109cb6a7b23a,JF172834,,3/13/2022 18:00,30,NO CONTROLS,NO CONTROLS,CLEAR,DAYLIGHT,ANGLE,PARKING LOT,,STRAIGHT AND LEVEL,DRY,NO DEFECTS,NOT ON SCENE (DESK REPORT),NO INJURY / DRIVE AWAY,,Y,,"$501 - $1,500",3/13/2022 18:54,IMPROPER BACKING,IMPROPER BACKING,6075,N,LINCOLN AVE,1711,,,,,,,2,NO INDICATION OF INJURY,0,0,0,0,0,2,0,18,1,3,41.9923449,-87.7103231,POINT (-87.71032310131 41.992344902465)
2c908a66633958a7f92f48a7f19b2b0132590d294813351ea26320d39a314e75798b045c90d8d8956cd86460ea69107e629ee849ab0c3870e11f8d808aa0c120,JF185100,,3/20/2022 20:30,30,TRAFFIC SIGNAL,FUNCTIONING PROPERLY,CLEAR,DARKNESS,PEDALCYCLIST,NOT DIVIDED,,STRAIGHT AND LEVEL,UNKNOWN,UNKNOWN,NOT ON SCENE (DESK REPORT),INJURY AND / OR TOW DUE TO CRASH,,,,$500 OR LESS,3/24/2022 14:48,UNABLE TO DETERMINE,UNABLE TO DETERMINE,1000,W,IRVING PARK RD,1915,,,,,,,2,NONINCAPACITATING INJURY,1,0,0,1,0,1,0,20,1,3,41.95459692,-87.65462725,POINT (-87.654627247399 41.954596922053)
a2b1b35d0e0ee12354a65487a3b23d42fe5be210cac233779866fdf5d47d726b368b2a7b52f7e4afbd463b541ff4e64b8f8e22414fb904b6355f6189b8b0633c,JF173025,Y,3/13/2022 22:35,30,NO CONTROLS,NO CONTROLS,CLEAR,DARKNESS,OTHER NONCOLLISION,NOT DIVIDED,,STRAIGHT AND LEVEL,DRY,NO DEFECTS,ON SCENE,INJURY AND / OR TOW DUE TO CRASH,,,N,"OVER $1,500",3/13/2022 22:39,UNABLE TO DETERMINE,UNABLE TO DETERMINE,9800,S,HARPER AVE,511,,,,,,,1,NONINCAPACITATING INJURY,3,0,0,3,0,0,0,22,1,3,41.71661734,-87.58568345,POINT (-87.585683447855 41.716617340032)
a2cf2d30c58f2b63fa195c8365d59935f9e16a707fdaf7fef75a8d840ab7cfdb757ca52f75f90bdfb90fc481b1ef006f56a08e1edc6b60438492a503ae6728e8,JF172836,,3/13/2022 18:37,30,NO CONTROLS,NO CONTROLS,CLEAR,DAYLIGHT,REAR TO SIDE,PARKING LOT,,STRAIGHT AND LEVEL,DRY,NO DEFECTS,ON SCENE,NO INJURY / DRIVE AWAY,,,,"OVER $1,500",3/13/2022 18:39,IMPROPER BACKING,IMPROPER BACKING,3958,W,54TH ST,822,,,,,,,2,NO INDICATION OF INJURY,0,0,0,0,0,2,0,18,1,3,41.79516237,-87.723152,POINT (-87.72315199877 41.795162369859)
a2f262c1d8f009efb453b35dee565ea18984b5c78a599117525190ff73593045404aa8310325896ab5368f3e8dee7c02357a2a27d243ae2f4a868c36a404ee67,JF172591,,3/13/2022 14:27,30,NO CONTROLS,NO CONTROLS,CLEAR,DAYLIGHT,PEDESTRIAN,DIVIDED - W/MEDIAN (NOT RAISED),,STRAIGHT AND LEVEL,DRY,NO DEFECTS,ON SCENE,INJURY AND / OR TOW DUE TO CRASH,,,Y,"OVER $1,500",3/13/2022 14:27,UNABLE TO DETERMINE,UNABLE TO DETERMINE,7112,S,DR MARTIN LUTHER KING JR DR,323,,,,,,,2,"REPORTED, NOT EVIDENT",1,0,0,0,1,1,0,14,1,3,41.76527974,-87.6154031,POINT (-87.615403103339 41.765279735003)
a3024ba6e6fec71a5419a43c8b5ba5b198183d73ffecd3ae3cdc667ca74cf14ced087ba00a3111821afee3ecea2021d8c3b63876e249e5ec8beb3bd5f0580a50,,,3/28/2022 2:05,30,STOP SIGN/FLASHER,NO CONTROLS,CLEAR,"DARKNESS, LIGHTED ROAD",TURNING,NOT DIVIDED,,STRAIGHT AND LEVEL,DRY,NO DEFECTS,ON SCENE,INJURY AND / OR TOW DUE TO CRASH,,,,"OVER $1,500",3/28/2022 2:09,UNABLE TO DETERMINE,NOT APPLICABLE,3327,W,26TH ST,1032,,,,,,,2,NO INDICATION OF INJURY,0,0,0,0,0,2,0,2,2,3,41.8443601,-87.70847968,POINT (-87.708479681806 41.844360103135)
2dcce6e3219e68f21eac5d46adc745ea58e8fadacb9de00eafbbbe7e3f142f6bc9fad2c1ed082e64147b5db45a8c06a378782f49c222e65a00e5c9e122cba0dd,JE402950,,10/5/2021 15:00,30,NO CONTROLS,NO CONTROLS,CLEAR,DAYLIGHT,PARKED MOTOR VEHICLE,ONE-WAY,,STRAIGHT AND LEVEL,DRY,NO DEFECTS,,NO INJURY / DRIVE AWAY,,,,"OVER $1,500",10/8/2021 17:15,IMPROPER TURNING/NO SIGNAL,FAILING TO REDUCE SPEED TO AVOID CRASH,3449,N,KEDVALE AVE,1731,,,,,,,2,NO INDICATION OF INJURY,0,0,0,0,0,1,0,15,3,10,41.94414612,-87.73106998,POINT (-87.731069981458 41.944146117249)
2ebc32422f05918ced4f3758982014c829dd88adeccb75697f857ef3073c6951af7c81522defa09c4fc08f3ab0c1eca5431366f524e8e229d49ef7cd6a6bc424,JC554416,,12/20/2019 18:50,30,NO CONTROLS,NO CONTROLS,CLEAR,"DARKNESS, LIGHTED ROAD",SIDESWIPE SAME DIRECTION,NOT DIVIDED,,STRAIGHT AND LEVEL,DRY,NO DEFECTS,,NO INJURY / DRIVE AWAY,,,Y,"OVER $1,500",12/20/2019 19:30,FAILING TO YIELD RIGHT-OF-WAY,NOT APPLICABLE,4532,W,FOSTER AVE,1712,,,,,,,2,NO INDICATION OF INJURY,0,0,0,0,0,2,0,18,6,12,41.97549971,-87.74195956,POINT (-87.741959563871 41.975499710632)
a3e47b06f608c65192f2ce246065952c6eb8a7b0b9f77eba51254970c85546356b3c352655eaf8ade2c9b3109036c821b1bf20c33bdd678bcd4d73e4f501ea93,JF172715,,3/13/2022 16:20,15,NO CONTROLS,NO CONTROLS,CLEAR,DAYLIGHT,REAR TO SIDE,PARKING LOT,,STRAIGHT AND LEVEL,DRY,UNKNOWN,ON SCENE,NO INJURY / DRIVE AWAY,,Y,,"OVER $1,500",3/13/2022 16:27,UNABLE TO DETERMINE,UNABLE TO DETERMINE,5033,N,ELSTON AVE,1712,,,,,,,2,NO INDICATION OF INJURY,0,0,0,0,0,4,0,16,1,3,41.97234928,-87.74682509,POINT (-87.746825085785 41.97234928256)
28df7fa2087b5c970d0acd9b9b76db302bf69ceac752c6174fbbc0b41af780fce3ccde0baf4ff1fe800943ae22f49329f0e6bd01a150ca9c25a60d19338237ff,JE281212,,6/26/2021 22:27,30,TRAFFIC SIGNAL,FUNCTIONING IMPROPERLY,UNKNOWN,"DARKNESS, LIGHTED ROAD",HEAD ON,FOUR WAY,,STRAIGHT AND LEVEL,UNKNOWN,NO DEFECTS,,INJURY AND / OR TOW DUE TO CRASH,Y,,Y,"OVER $1,500",6/26/2021 22:30,FAILING TO YIELD RIGHT-OF-WAY,IMPROPER TURNING/NO SIGNAL,6300,S,STATE ST,312,,,,,,,2,NONINCAPACITATING INJURY,1,0,0,1,0,1,0,22,7,6,41.78000828,-87.62552251,POINT (-87.625522511916 41.780008277408)
304b810d5c1ff44a2e0b09dc527a7bc81dbb3eb862afc5bb04718a2569bdbe7e68ddfeade1eb5b38c7f5c3a6534fe85fa76e722e10672b991da62eab6bbb6563,JF180706,,3/20/2022 18:10,30,TRAFFIC SIGNAL,FUNCTIONING PROPERLY,CLEAR,DUSK,REAR END,NOT DIVIDED,,STRAIGHT AND LEVEL,DRY,NO DEFECTS,NOT ON SCENE (DESK REPORT),NO INJURY / DRIVE AWAY,,,,"$501 - $1,500",3/20/2022 19:25,FOLLOWING TOO CLOSELY,FAILING TO REDUCE SPEED TO AVOID CRASH,5400,W,NORTH AVE,2532,,,,,,,2,NO INDICATION OF INJURY,0,0,0,0,0,3,0,18,1,3,41.90954836,-87.76056814,POINT (-87.760568140621 41.909548356014)
a4d9f8853d17a3d5a728e2965b2516fc35c9b009b58f753dc339f4d00389a12411a646fd7e33a67cf15c548c30a4f04a47fb69f763f75326b4ec710ea924f337,JF172707,,3/13/2022 14:00,30,NO CONTROLS,NO CONTROLS,CLEAR,DAYLIGHT,REAR TO SIDE,PARKING LOT,,STRAIGHT AND LEVEL,UNKNOWN,UNKNOWN,NOT ON SCENE (DESK REPORT),NO INJURY / DRIVE AWAY,,Y,,"$501 - $1,500",3/13/2022 14:30,IMPROPER BACKING,IMPROPER BACKING,2352,W,CERMAK RD,1234,,,,,,,2,NO INDICATION OF INJURY,0,0,0,0,0,4,0,14,1,3,41.85214259,-87.68536058,POINT (-87.685360577466 41.852142589162)
33c8fee08ae695335cd326a59433f42ea69eaec9aa476d511cc5518799c2721ba66dfec539543dabd6372ee594325e95087f474ae79f04aa6b0f8095c872ed8c,JF177608,,3/17/2022 20:07,30,TRAFFIC SIGNAL,FUNCTIONING PROPERLY,CLEAR,DUSK,PEDESTRIAN,NOT DIVIDED,,STRAIGHT AND LEVEL,DRY,NO DEFECTS,,INJURY AND / OR TOW DUE TO CRASH,,,Y,"OVER $1,500",3/17/2022 20:08,UNABLE TO DETERMINE,UNABLE TO DETERMINE,6000,W,GRAND AVE,2512,,,,,,,2,FATAL,1,1,0,0,0,1,0,20,5,3,41.92067663,-87.77563027,POINT (-87.775630269041 41.920676630982)
a576f0b6c2c84bc42abd34988173411549d0fddf1c1fc951ba6ca1076066b52296f241476876ccfbb4115fb173c2ef3c99bbf2951b619f58367f27e7028704a6,JF172782,,3/13/2022 17:05,30,TRAFFIC SIGNAL,UNKNOWN,CLEAR,DAYLIGHT,TURNING,FOUR WAY,,STRAIGHT AND LEVEL,DRY,NO DEFECTS,ON SCENE,NO INJURY / DRIVE AWAY,Y,,,"OVER $1,500",3/13/2022 17:05,NOT APPLICABLE,NOT APPLICABLE,2,W,CONGRESS PKWY,113,,,,,,,2,NO INDICATION OF INJURY,0,0,0,0,0,6,0,17,1,3,41.87574748,-87.62767401,POINT (-87.627674006991 41.875747479612)
31fefa04dcbacdca5a5a8af77dd20fbd354a330f1a120975cb9137598024a5486f79148e87fef01780e96f8111862a36feed080e2b42034547233032ef939949,JF181132,,3/20/2022 10:30,25,NO CONTROLS,NO CONTROLS,CLEAR,"DARKNESS, LIGHTED ROAD",PARKED MOTOR VEHICLE,OTHER,,STRAIGHT AND LEVEL,UNKNOWN,UNKNOWN,ON SCENE,NO INJURY / DRIVE AWAY,,,Y,"$501 - $1,500",3/21/2022 7:33,"OPERATING VEHICLE IN ERRATIC, RECKLESS, CARELESS, NEGLIGENT OR AGGRESSIVE MANNER",DRIVING SKILLS/KNOWLEDGE/EXPERIENCE,4637,W,BARRY AVE,2521,,,,,,,2,NO INDICATION OF INJURY,0,0,0,0,0,1,0,10,1,3,41.93693721,-87.74363706,POINT (-87.74363706236 41.936937211625)
29e6f7cc7d3ca03fac421b0c9861d11d54b1eeeef55a6c4e935b0501b3c9c8f2f1fd95b0719ec41ea61b689115dc399091dba9a7ae4312691deab5f01d4d365f,JF186936,,3/26/2022 5:35,40,NO CONTROLS,NO CONTROLS,CLEAR,"DARKNESS, LIGHTED ROAD",FIXED OBJECT,FOUR WAY,,STRAIGHT AND LEVEL,DRY,NO DEFECTS,ON SCENE,INJURY AND / OR TOW DUE TO CRASH,,,,"OVER $1,500",3/26/2022 5:41,UNABLE TO DETERMINE,UNABLE TO DETERMINE,2401,N,LAKE SHORE DR NB,1935,,,,,,,1,NO INDICATION OF INJURY,0,0,0,0,0,3,0,5,7,3,41.92625161,-87.63104491,POINT (-87.631044912171 41.926251609692)
2a008b43c753ce2a07a798fe37b130131ffe08f960f6bb73f243db6c566e224a6517e1e848ec38f9fd2787ed6a0845973a0d5d38e3be9a711510582d761e27eb,JF113325,,1/15/2022 3:08,30,TRAFFIC SIGNAL,FUNCTIONING PROPERLY,SNOW,"DARKNESS, LIGHTED ROAD",ANGLE,FOUR WAY,,STRAIGHT AND LEVEL,SNOW OR SLUSH,UNKNOWN,,INJURY AND / OR TOW DUE TO CRASH,Y,,,"OVER $1,500",1/15/2022 3:09,DISREGARDING TRAFFIC SIGNALS,WEATHER,4398,W,JACKSON BLVD,1115,,,,,,,3,NO INDICATION OF INJURY,0,0,0,0,0,2,0,3,7,1,41.87707738,-87.73522908,POINT (-87.735229076195 41.877077375176)
2a12d811d158640d6dde1aa676dd2458f9998ce521acab0d91125756efe506a0074beda82d4bfce33a25b5c9d60da02da564aef98fdf84cee0d83afd66ed5393,JC508560,,11/12/2019 17:45,30,TRAFFIC SIGNAL,FUNCTIONING PROPERLY,FOG/SMOKE/HAZE,DUSK,ANGLE,DIVIDED - W/MEDIAN (NOT RAISED),,STRAIGHT AND LEVEL,UNKNOWN,NO DEFECTS,,NO INJURY / DRIVE AWAY,,,Y,"OVER $1,500",11/13/2019 7:00,UNABLE TO DETERMINE,UNABLE TO DETERMINE,600,N,FAIRBANKS CT,1834,,,,,,,2,NO INDICATION OF INJURY,0,0,0,0,0,2,0,17,3,11,41.89263707,-87.62040272,POINT (-87.620402716759 41.89263706484)
2a8a1f1c6d0ef3e12caff2fab89ba0901ee99584c17aabf6badeb20151060619aed38d64478dc37c14db8ebbeafa5c49e90373c1828e63faeba2f37abe7799fd,JD393915,,10/9/2020 14:22,25,TRAFFIC SIGNAL,FUNCTIONING PROPERLY,CLEAR,DAYLIGHT,PARKED MOTOR VEHICLE,DIVIDED - W/MEDIAN (NOT RAISED),,STRAIGHT AND LEVEL,DRY,NO DEFECTS,,NO INJURY / DRIVE AWAY,,,,$500 OR LESS,10/9/2020 14:41,IMPROPER TURNING/NO SIGNAL,NOT APPLICABLE,2408,N,HALSTED ST,1935,,,,,,,2,NO INDICATION OF INJURY,0,0,0,0,0,1,0,14,6,10,41.92571501,-87.64891921,POINT (-87.648919209657 41.925715011089)
360220306ddbe2f7458aecfac0e4940c40f36289d066775ceeef80d0f12aaa48be444f79f28cd44ccb330d6f4631d590b696919e1bb8018be1a9e97834ef6ff6,JD234649,,5/17/2020 2:18,30,NO CONTROLS,NO CONTROLS,RAIN,"DARKNESS, LIGHTED ROAD",FIXED OBJECT,DIVIDED - W/MEDIAN BARRIER,,STRAIGHT AND LEVEL,WET,NO DEFECTS,ON SCENE,INJURY AND / OR TOW DUE TO CRASH,,,,"OVER $1,500",5/17/2020 2:18,FAILING TO REDUCE SPEED TO AVOID CRASH,UNABLE TO DETERMINE,430,E,LOWER WACKER DR,114,,,,,,,1,NONINCAPACITATING INJURY,1,0,0,1,0,0,0,2,1,5,41.88754238,-87.61689845,POINT (-87.616898452345 41.887542375142)
363f8c148baf4064db9aa7a19d6aa4683d69570c22f1d12c485c4a9ffe630da72127b05b95f7edd07ac175e42221bafb2f06369bf32d006f45d852ebd4e29bff,JB225255,,4/15/2018 20:25,30,TRAFFIC SIGNAL,FUNCTIONING PROPERLY,RAIN,"DARKNESS, LIGHTED ROAD",FIXED OBJECT,DIVIDED - W/MEDIAN BARRIER,4,"CURVE, LEVEL",WET,NO DEFECTS,ON SCENE,INJURY AND / OR TOW DUE TO CRASH,,,,"OVER $1,500",4/15/2018 20:40,IMPROPER TURNING/NO SIGNAL,FAILING TO REDUCE SPEED TO AVOID CRASH,488,E,LOWER WACKER DR,114,,,,,,,1,NO INDICATION OF INJURY,0,0,0,0,0,1,0,20,1,4,41.88747989,-87.61604712,POINT (-87.616047119018 41.88747988917)
3686890180c295fdb32eb2793af447f611d85afcdd6a9de53de00d109cb191c43cf091d7b6376d656bd0443c7b164d3347c744955026678d55a023a1452b5574,JB502184,,11/1/2018 6:00,30,NO CONTROLS,NO CONTROLS,CLEAR,DARKNESS,SIDESWIPE SAME DIRECTION,NOT DIVIDED,,STRAIGHT AND LEVEL,DRY,NO DEFECTS,NOT ON SCENE (DESK REPORT),NO INJURY / DRIVE AWAY,,,,"$501 - $1,500",11/3/2018 17:15,UNABLE TO DETERMINE,UNABLE TO DETERMINE,488,E,LOWER WACKER DR,114,,,,,,,2,NO INDICATION OF INJURY,0,0,0,0,0,2,0,6,5,11,41.88747989,-87.61604712,POINT (-87.616047119018 41.88747988917)
3783de36ae34cf655079ef32d3fe41f4ef32765969153c947e44fbd46410ef5e2b1f3b5ead19cdd4a376e3211d9c35c57f565525dfb86ab9b99835401b8f724b,JF165552,,3/6/2022 20:36,30,NO CONTROLS,NO CONTROLS,CLEAR,DAYLIGHT,PARKED MOTOR VEHICLE,NOT DIVIDED,,STRAIGHT AND LEVEL,DRY,NO DEFECTS,ON SCENE,INJURY AND / OR TOW DUE TO CRASH,,,N,"OVER $1,500",3/6/2022 20:36,UNABLE TO DETERMINE,UNABLE TO DETERMINE,2630,E,99TH ST,431,,,,,,,2,NO INDICATION OF INJURY,0,0,0,0,0,2,0,20,1,3,41.71551428,-87.55983699,POINT (-87.559836987115 41.715514281686)
3796ddd63b0df4da2a41416ea7b56b2aa38aa6b8317de1bbbe76f86a66dda717bba2d98bc89656b7a48eb5261f7a26059c6863ed5940a8f1610e410246942300,JF166887,Y,3/6/2022 15:00,30,NO CONTROLS,NO CONTROLS,UNKNOWN,UNKNOWN,PARKED MOTOR VEHICLE,ONE-WAY,,STRAIGHT AND LEVEL,DRY,NO DEFECTS,ON SCENE,NO INJURY / DRIVE AWAY,,,,$500 OR LESS,3/8/2022 8:50,IMPROPER LANE USAGE,NOT APPLICABLE,1236,W,BARRY AVE,1933,,,,,,,2,NO INDICATION OF INJURY,0,0,0,0,0,1,0,15,1,3,41.93810475,-87.66036064,POINT (-87.660360637798 41.938104746151)
39fb17042a2e069cbf66cac3b90710e094440abe535f1c2d4c67a6af878987801b862dfb6a1a4e57da9d58f380922732bc1446d83ff145eac6526487efef1629,JF165382,,3/6/2022 16:15,15,NO CONTROLS,NO CONTROLS,CLEAR,DAYLIGHT,PARKED MOTOR VEHICLE,NOT DIVIDED,,STRAIGHT AND LEVEL,UNKNOWN,UNKNOWN,NOT ON SCENE (DESK REPORT),NO INJURY / DRIVE AWAY,,,Y,"$501 - $1,500",3/6/2022 17:17,UNABLE TO DETERMINE,NOT APPLICABLE,5237,S,RACINE AVE,934,,,,,,,2,NO INDICATION OF INJURY,0,0,0,0,0,1,0,16,1,3,41.79852052,-87.65483091,POINT (-87.654830906326 41.798520524453)
3106cb829f1a92c89196fd6f917cfe584a1cbdf5766d7def46709ad2f71aa850adf5f163a950d3385b6fec45bebaaa511679f3da50dc9101065da5d5d1931a22,JC412339,,8/29/2019 16:49,25,TRAFFIC SIGNAL,FUNCTIONING PROPERLY,CLEAR,DAYLIGHT,HEAD ON,NOT DIVIDED,,STRAIGHT AND LEVEL,DRY,NO DEFECTS,,INJURY AND / OR TOW DUE TO CRASH,Y,,,"OVER $1,500",8/29/2019 16:49,IMPROPER OVERTAKING/PASSING,FAILING TO YIELD RIGHT-OF-WAY,600,S,CALIFORNIA AVE,1135,,,,,,,2,NONINCAPACITATING INJURY,1,0,0,1,0,2,0,16,5,8,41.87374488,-87.69624599,POINT (-87.696245988037 41.873744880509)
31242cd3d4fe0cc3f6d8f2d3ad91c9589684fe30c5344cabe847c790cda77963ff98b5b1e36ee6432071732ba870c2e7f2c62be1186822a47a80cd27f08aa9e2,JE377977,,9/18/2021 2:55,30,NO CONTROLS,NO CONTROLS,CLEAR,"DARKNESS, LIGHTED ROAD",PEDESTRIAN,NOT DIVIDED,,STRAIGHT AND LEVEL,DRY,OTHER,,INJURY AND / OR TOW DUE TO CRASH,,,Y,"OVER $1,500",9/18/2021 3:10,NOT APPLICABLE,NOT APPLICABLE,340,S,CENTRAL PARK BLVD,1133,,,,,,,2,INCAPACITATING INJURY,1,0,1,0,0,1,0,2,7,9,41.87587848,-87.71587612,POINT (-87.715876123508 41.875878476614)
aae921263cbb80b6321a4d64d675ddb08d973f8c5239ed1b8617bbfb7450994d27388ef6918908fa16f7bf2c748d0a457f2de5d2c331aadb8dfe640e2f6db68f,JF172350,,3/13/2022 10:07,30,NO CONTROLS,NO CONTROLS,CLEAR,DAYLIGHT,SIDESWIPE SAME DIRECTION,NOT DIVIDED,,STRAIGHT AND LEVEL,DRY,NO DEFECTS,ON SCENE,NO INJURY / DRIVE AWAY,,,,"$501 - $1,500",3/13/2022 10:07,IMPROPER OVERTAKING/PASSING,NOT APPLICABLE,2649,E,79TH ST,422,,,,,,,2,NO INDICATION OF INJURY,0,0,0,0,0,2,0,10,1,3,41.75171392,-87.55943061,POINT (-87.559430614356 41.751713922387)
ab1b4c5b8e4130ab104f094c25529c7c06ac4207e10178c3337f66f6904081f6ae28b820270cb8b75850dddb5cd9bd21e7509306b08e06c8477825bc5d8d89df,JF172951,,3/13/2022 12:30,30,STOP SIGN/FLASHER,NO CONTROLS,CLEAR,DAYLIGHT,REAR TO SIDE,NOT DIVIDED,,STRAIGHT AND LEVEL,DRY,NO DEFECTS,NOT ON SCENE (DESK REPORT),NO INJURY / DRIVE AWAY,,,,"OVER $1,500",3/13/2022 21:15,UNABLE TO DETERMINE,UNABLE TO DETERMINE,300,N,MICHIGAN AVE,111,,,,,,,2,NO INDICATION OF INJURY,0,0,0,0,0,2,0,12,1,3,41.8868758,-87.62468519,POINT (-87.624685186707 41.886875795392)
31c1a3fea5a5a2aaa5d8ca0a68b448d6262f3d840ff67a3391a2487c91e893bdafd304cd6bde2fda6b045933e098929299c6586031494b99d5cd6b405a318ac9,JE304133,,7/17/2021 3:40,30,TRAFFIC SIGNAL,FUNCTIONING PROPERLY,CLEAR,"DARKNESS, LIGHTED ROAD",ANGLE,FOUR WAY,,STRAIGHT AND LEVEL,DRY,NO DEFECTS,,INJURY AND / OR TOW DUE TO CRASH,Y,,Y,"OVER $1,500",7/17/2021 3:43,DISREGARDING TRAFFIC SIGNALS,UNABLE TO DETERMINE,1700,N,AUSTIN AVE,2513,,,,,,,2,NO INDICATION OF INJURY,0,0,0,0,0,2,0,3,7,7,41.91116841,-87.77543198,POINT (-87.775431980111 41.911168409408)
acffd12da70a723b322bdc189afa87057623cad85afeb0d6f28046068b790c4145c84d9fd966d34c87866bd8f91b202a425536af4b80d314929e3ca7b030a9e9,JF172165,,3/13/2022 3:08,30,NO CONTROLS,NO CONTROLS,CLEAR,"DARKNESS, LIGHTED ROAD",FIXED OBJECT,DIVIDED - W/MEDIAN BARRIER,,STRAIGHT AND LEVEL,DRY,NO DEFECTS,ON SCENE,INJURY AND / OR TOW DUE TO CRASH,,,,"OVER $1,500",3/13/2022 3:08,UNABLE TO DETERMINE,UNABLE TO DETERMINE,2650,S,CALIFORNIA AVE,1033,,,,,,,1,NONINCAPACITATING INJURY,1,0,0,1,0,0,0,3,1,3,41.84299599,-87.69530931,POINT (-87.695309305721 41.842995989593)
3c13a9a10ae1c29fc8b1cd0db11677ceb31e4d029c092216f32a7422a5f7faea412b2159c40797d444fe275aa29fb69fc8e27cef707b8ab1cd2f07748ecf680b,HZ253346,,5/6/2016 8:35,30,TRAFFIC SIGNAL,FUNCTIONING PROPERLY,CLEAR,DAYLIGHT,REAR END,DIVIDED - W/MEDIAN (NOT RAISED),4,STRAIGHT AND LEVEL,DRY,NO DEFECTS,NOT ON SCENE (DESK REPORT),NO INJURY / DRIVE AWAY,,,,"OVER $1,500",5/6/2016 9:45,UNABLE TO DETERMINE,NOT APPLICABLE,488,E,LOWER WACKER DR,114,,,,,,,2,NO INDICATION OF INJURY,0,0,0,0,0,2,0,8,6,5,41.88747989,-87.61604712,POINT (-87.616047119018 41.88747988917)
37d72169343605a955acb9403d6a1f1c3cb78b5fc027e7c55dbddb0f5fd7eadc295919104f7179ae4494ba50411f3a28a589d7c569d64a113e6bb81ea342dfc0,JF180661,,3/20/2022 17:20,30,TRAFFIC SIGNAL,FUNCTIONING PROPERLY,CLEAR,DAYLIGHT,REAR END,NOT DIVIDED,,STRAIGHT AND LEVEL,DRY,NO DEFECTS,ON SCENE,NO INJURY / DRIVE AWAY,Y,,,"$501 - $1,500",3/20/2022 18:11,EQUIPMENT - VEHICLE CONDITION,UNABLE TO DETERMINE,1528,W,CORTLAND ST,1433,,,,,,,2,NO INDICATION OF INJURY,0,0,0,0,0,4,0,17,1,3,41.91657116,-87.66640272,POINT (-87.66640271792 41.91657115812)
0548fd9caf7c57292c1cf2af4ef8582203c295691d1827ba74e9399516bebe595ca814c38325fca954a6db96f5b7a2004bee68c0bf75b3a0e57b5b8d8f57756d,JF172801,,3/13/2022 15:19,30,TRAFFIC SIGNAL,FUNCTIONING PROPERLY,CLEAR,DAYLIGHT,PEDESTRIAN,DIVIDED - W/MEDIAN (NOT RAISED),,STRAIGHT AND LEVEL,DRY,NO DEFECTS,NOT ON SCENE (DESK REPORT),NO INJURY / DRIVE AWAY,,,Y,$500 OR LESS,3/13/2022 18:05,"OPERATING VEHICLE IN ERRATIC, RECKLESS, CARELESS, NEGLIGENT OR AGGRESSIVE MANNER",FAILING TO REDUCE SPEED TO AVOID CRASH,7500,S,LAFAYETTE AVE,623,,,,,,,2,NO INDICATION OF INJURY,0,0,0,0,0,3,0,15,1,3,41.75806853,-87.62651698,POINT (-87.626516982328 41.75806853202)
02b340f023f0a4a995910c78d8ae0c776262f868b08a5a44b7cd32b290bb47c9e7444e0dd0c699139dc522212919211dee225b6b80a7f8f28f26960ff4161d71,JF173028,,3/13/2022 22:00,30,NO CONTROLS,NO CONTROLS,CLEAR,"DARKNESS, LIGHTED ROAD",PARKED MOTOR VEHICLE,NOT DIVIDED,,STRAIGHT AND LEVEL,DRY,NO DEFECTS,ON SCENE,INJURY AND / OR TOW DUE TO CRASH,,,Y,"OVER $1,500",3/13/2022 22:27,UNABLE TO DETERMINE,UNABLE TO DETERMINE,1707,E,93RD ST,413,,,,,,,4,NO INDICATION OF INJURY,0,0,0,0,0,1,0,22,1,3,41.72591354,-87.58231079,POINT (-87.582310791907 41.725913540271)