CRASH_RECORD_ID,RD_NO,CRASH_DATE_EST_I,CRASH_DATE,POSTED_SPEED_LIMIT,TRAFFIC_CONTROL_DEVICE,DEVICE_CONDITION,WEATHER_CONDITION,LIGHTING_CONDITION,FIRST_CRASH_TYPE,TRAFFICWAY_TYPE,LANE_CNT,ALIGNMENT,ROADWAY_SURFACE_COND,ROAD_DEFECT,REPORT_TYPE,CRASH_TYPE,INTERSECTION_RELATED_I,NOT_RIGHT_OF_WAY_I,HIT_AND_RUN_I,DAMAGE,DATE_POLICE_NOTIFIED,PRIM_CONTRIBUTORY_CAUSE,SEC_CONTRIBUTORY_CAUSE,STREET_NO,STREET_DIRECTION,STREET_NAME,BEAT_OF_OCCURRENCE,PHOTOS_TAKEN_I,STATEMENTS_TAKEN_I,DOORING_I,WORK_ZONE_I,WORK_ZONE_TYPE,WORKERS_PRESENT_I,NUM_UNITS,MOST_SEVERE_INJURY,INJURIES_TOTAL,INJURIES_FATAL,INJURIES_INCAPACITATING,INJURIES_NON_INCAPACITATING,INJURIES_REPORTED_NOT_EVIDENT,INJURIES_NO_INDICATION,INJURIES_UNKNOWN,CRASH_HOUR,CRASH_DAY_OF_WEEK,CRASH_MONTH,LATITUDE,LONGITUDE,LOCATION
074ce42c64fe30b2cca52c13f0922a4712217be4362a546110267cdad9bb742847061749ea88c6fe876d096c1ab37c5cd5bbc87cff5576157d78fdac851a3911,JF172920,,3/13/2022 20:30,35,NO CONTROLS,NO CONTROLS,CLEAR,"DARKNESS, LIGHTED ROAD",REAR END,DIVIDED - W/MEDIAN BARRIER,,STRAIGHT AND LEVEL,DRY,NO DEFECTS,ON SCENE,INJURY AND / OR TOW DUE TO CRASH,,,Y,"OVER $1,500",3/13/2022 20:30,UNABLE TO DETERMINE,UNABLE TO DETERMINE,399,E,130TH ST,533,,,,,,,2,NONINCAPACITATING INJURY,1,0,0,1,0,1,0,20,1,3,41.65901533,-87.612589,POINT (-87.612588994866 41.659015331402)
084d0c4856c921cfb97c1e37a8cf16a485b1de489224208017ea2732c75bc099fd329cb059085d7f82e02d19b8d30480eef789fc731d1733a3c9e4493372e63a,JF172685,,3/13/2022 15:00,25,NO CONTROLS,NO CONTROLS,CLEAR,DAYLIGHT,PARKED MOTOR VEHICLE,ONE-WAY,,STRAIGHT AND LEVEL,DRY,NO DEFECTS,NOT ON SCENE (DESK REPORT),NO INJURY / DRIVE AWAY,,,Y,"OVER $1,500",3/13/2022 16:10,UNABLE TO DETERMINE,UNABLE TO DETERMINE,5198,N,LAVERGNE AVE,1623,,,,,,,2,NO INDICATION OF INJURY,0,0,0,0,0,1,0,15,1,3,41.97522817,-87.75304942,POINT (-87.75304941793 41.975228165435)
3c806ba5dd04d49e8c4771a5bd2896064c312daa621e2d7342c6e072ff99a6c19f02d9db21c64c21c44cabd9f5ca0fd42587534815abcac0ce37f65c00a1360c,JF165240,,3/6/2022 13:51,30,TRAFFIC SIGNAL,FUNCTIONING PROPERLY,CLEAR,DAYLIGHT,TURNING,OTHER,,STRAIGHT AND LEVEL,DRY,UNKNOWN,ON SCENE,INJURY AND / OR TOW DUE TO CRASH,Y,,,"OVER $1,500",3/6/2022 13:53,IMPROPER TURNING/NO SIGNAL,IMPROPER TURNING/NO SIGNAL,628,N,LA SALLE DR,1832,,,,,,,2,NO INDICATION OF INJURY,0,0,0,0,0,2,0,13,1,3,41.89316465,-87.63278356,POINT (-87.632783563812 41.89316465268)
3ca82cabb510e4ebca4e13217765b6b03779198747d28bd235288435bdd66da1288640cfa74c1d980213854eb8764e4613020118b9b35b909078f7ff10e2331c,JF165450,Y,3/6/2022 10:45,20,NO CONTROLS,NO CONTROLS,CLEAR,DAYLIGHT,PARKED MOTOR VEHICLE,NOT DIVIDED,,STRAIGHT AND LEVEL,DRY,NO DEFECTS,ON SCENE,INJURY AND / OR TOW DUE TO CRASH,,,Y,"OVER $1,500",3/6/2022 18:24,UNABLE TO DETERMINE,UNABLE TO DETERMINE,120,E,BELLEVUE PL,1824,,,,,,,2,NO INDICATION OF INJURY,0,0,0,0,0,1,0,10,1,3,41.90172049,-87.62486816,POINT (-87.624868156269 41.901720489078)
3d385b41e7919e28813a6873dc482fd8f9ab20cf6a90d30d4f08d9b040e2daeb64bcc037916194569128a68077316a5aa1845fd306e4119ec870b5e6eefa66d6,JF164928,,3/6/2022 8:50,30,TRAFFIC SIGNAL,FUNCTIONING PROPERLY,CLEAR,DAYLIGHT,ANGLE,T-INTERSECTION,,STRAIGHT AND LEVEL,DRY,NO DEFECTS,ON SCENE,INJURY AND / OR TOW DUE TO CRASH,Y,,,"OVER $1,500",3/6/2022 9:00,DISREGARDING OTHER TRAFFIC SIGNS,FAILING TO YIELD RIGHT-OF-WAY,151,S,STATE ST,112,,,,,,,2,NO INDICATION OF INJURY,0,0,0,0,0,2,0,8,1,3,41.87949502,-87.62756415,POINT (-87.627564149745 41.879495015022)
0a861d611732cb11a9788b61b7de693b6db9d57daa27a4c7672ff4294daead98934dd771029a65aa3130412168d2f9ca28483e102469711e66618b7974619ad5,JF172743,Y,3/13/2022 12:00,10,NO CONTROLS,NO CONTROLS,UNKNOWN,UNKNOWN,PARKED MOTOR VEHICLE,ONE-WAY,,STRAIGHT AND LEVEL,UNKNOWN,UNKNOWN,,INJURY AND / OR TOW DUE TO CRASH,,,Y,"OVER $1,500",3/13/2022 16:57,UNABLE TO DETERMINE,UNABLE TO DETERMINE,5620,S,DORCHESTER AVE,235,,,,,,,2,NO INDICATION OF INJURY,0,0,0,0,0,1,0,12,1,3,41.7926659,-87.59177119,POINT (-87.591771188936 41.79266589567)
3d620d8ee4c9cbd55d02c8436ce2b793304d1e3b2f5bc4607f0c87b61710b9d1ab847daf6a7a606dade54f0902b38c77c99c40b48793d42348e858a01ea2b365,JF166271,,3/6/2022 16:20,30,NO CONTROLS,NO CONTROLS,CLEAR,DAYLIGHT,PARKED MOTOR VEHICLE,DIVIDED - W/MEDIAN (NOT RAISED),,STRAIGHT AND LEVEL,DRY,NO DEFECTS,NOT ON SCENE (DESK REPORT),NO INJURY / DRIVE AWAY,,,,"$501 - $1,500",3/7/2022 15:16,IMPROPER BACKING,NOT APPLICABLE,2108,W,21ST PL,1234,,,,,,,2,NO INDICATION OF INJURY,0,0,0,0,0,1,0,16,1,3,41.85316385,-87.67874726,POINT (-87.678747255547 41.853163845026)
39c13a91d6323fa5708ca360e9d31c79d9eddc15ca610a70939824ae9f5bcbdc88664065c4c5f11f2c95a3bcb42a47a7d4b18a42e859a80670d1abd8b1996750,JF181283,,3/20/2022 3:50,30,NO CONTROLS,NO CONTROLS,CLEAR,"DARKNESS, LIGHTED ROAD",PARKED MOTOR VEHICLE,ONE-WAY,,STRAIGHT AND LEVEL,DRY,NO DEFECTS,ON SCENE,INJURY AND / OR TOW DUE TO CRASH,,,Y,"OVER $1,500",3/21/2022 10:20,UNABLE TO DETERMINE,UNABLE TO DETERMINE,5446,S,KOMENSKY AVE,815,,,,,,,2,NO INDICATION OF INJURY,0,0,0,0,0,1,0,3,1,3,41.79362891,-87.72454555,POINT (-87.724545544806 41.793628908678)
3daab19e3e84a9efbfbf1e6a6e9cae79abaa2a43455e43721cbd9eea3e94e0c3254d452a34a87b5578b67e13bf8e4d83a0243cca04c539b04d574884663397bf,JA494776,,11/1/2017 16:08,30,TRAFFIC SIGNAL,FUNCTIONING PROPERLY,RAIN,DAYLIGHT,FIXED OBJECT,DIVIDED - W/MEDIAN BARRIER,,STRAIGHT AND LEVEL,WET,NO DEFECTS,ON SCENE,INJURY AND / OR TOW DUE TO CRASH,,,,"OVER $1,500",11/1/2017 17:13,EQUIPMENT - VEHICLE CONDITION,EQUIPMENT - VEHICLE CONDITION,480,E,LOWER WACKER DR,114,,,,,,,1,NO INDICATION OF INJURY,0,0,0,0,0,1,0,16,4,11,41.88748468,-87.61614441,POINT (-87.616144405512 41.887484682506)
0c59b15887a7b0186591d71319f266479f31cffba6ad690e2314d74ec0079b05fa8864983b666206b42729428c615059031d5f7af32023c48b09963420f8ce9c,JF171870,,3/12/2022 17:30,30,NO CONTROLS,NO CONTROLS,CLEAR,DUSK,PARKED MOTOR VEHICLE,DIVIDED - W/MEDIAN (NOT RAISED),,STRAIGHT AND LEVEL,DRY,NO DEFECTS,NOT ON SCENE (DESK REPORT),NO INJURY / DRIVE AWAY,,,Y,"$501 - $1,500",3/12/2022 18:55,UNABLE TO DETERMINE,UNABLE TO DETERMINE,850,E,88TH PL,632,,,,,,,2,NO INDICATION OF INJURY,0,0,0,0,0,1,0,17,7,3,41.73405191,-87.60271744,POINT (-87.60271743846 41.734051906362)
37e4ac62fc6a067db26f555564a77f362e9fd0ccad59107bf002894d8b437f634c25b57a7aab17a74b74f8ce9b124996bdfaded4f89a4400864b3b2fac22e7e1,JD382611,,9/28/2020 21:01,30,TRAFFIC SIGNAL,FUNCTIONING PROPERLY,CLEAR,"DARKNESS, LIGHTED ROAD",SIDESWIPE SAME DIRECTION,DIVIDED - W/MEDIAN BARRIER,,STRAIGHT AND LEVEL,DRY,NO DEFECTS,,INJURY AND / OR TOW DUE TO CRASH,Y,,,"OVER $1,500",9/28/2020 22:02,UNABLE TO DETERMINE,UNABLE TO DETERMINE,532,N,LAKE SHORE DR,1834,,,,,,,2,NO INDICATION OF INJURY,0,0,0,0,0,2,0,21,2,9,41.892065,-87.61458134,POINT (-87.614581336822 41.892065003568)
b131501aff003451d431adc5a246ac479b0bc465aaa991f85096b0e08747f2cf75b2df50885842c49a4d640b7540af1da7d65fc66dacf1e2c54531872d623889,JF172590,,3/13/2022 13:41,30,NO CONTROLS,FUNCTIONING PROPERLY,CLEAR,DAYLIGHT,PEDALCYCLIST,NOT DIVIDED,,STRAIGHT AND LEVEL,DRY,NO DEFECTS,ON SCENE,NO INJURY / DRIVE AWAY,,,Y,"OVER $1,500",3/13/2022 14:04,"EVASIVE ACTION DUE TO ANIMAL, OBJECT, NONMOTORIST",NOT APPLICABLE,1025,W,ARMITAGE AVE,1811,,N,Y,,,,2,NO INDICATION OF INJURY,0,0,0,0,0,1,0,13,1,3,41.91798129,-87.65434085,POINT (-87.654340851729 41.917981293152)
081b180484fd1883f105f9ff5439ccbc90f93ff2fe2854599638531f386733511a0641ebbf7883e43aec32048442860af89924344862df4045c5f4c34a966f4d,JF171984,,3/12/2022 19:45,30,NO CONTROLS,NO CONTROLS,CLEAR,"DARKNESS, LIGHTED ROAD",PARKED MOTOR VEHICLE,ONE-WAY,,STRAIGHT AND LEVEL,DRY,NO DEFECTS,ON SCENE,INJURY AND / OR TOW DUE TO CRASH,,,Y,"OVER $1,500",3/12/2022 19:49,UNABLE TO DETERMINE,UNABLE TO DETERMINE,3420,W,28TH ST,1032,,,,,,,4,NO INDICATION OF INJURY,0,0,0,0,0,1,0,19,7,3,41.84089197,-87.71078977,POINT (-87.710789770206 41.840891969481)
0382785a2309ce4609f4dbd5eb4b7c3c5c46367dc6cf6118b180c5e39459a789c652dcd7bebe171eece7cef180f47f5f86857471cee13533d3576830f81e132c,JF172434,,3/13/2022 11:45,30,TRAFFIC SIGNAL,FUNCTIONING PROPERLY,CLEAR,DAYLIGHT,ANGLE,FOUR WAY,,STRAIGHT AND LEVEL,DRY,NO DEFECTS,ON SCENE,INJURY AND / OR TOW DUE TO CRASH,Y,,,"OVER $1,500",3/13/2022 11:50,DISREGARDING TRAFFIC SIGNALS,UNABLE TO DETERMINE,340,N,COLUMBUS DR,114,,,,,,,2,"REPORTED, NOT EVIDENT",1,0,0,0,1,1,0,11,1,3,41.88791004,-87.62080356,POINT (-87.620803560575 41.887910041818)
0ee8e4202500ddac11354085181f2acb3081bc35adcf431f5d8a39ab2a0f3b3ef5916289394395b7a163f6b66a6f4527d0258641ad24c6320324965454c624d3,JF172699,,3/13/2022 15:50,30,TRAFFIC SIGNAL,FUNCTIONING PROPERLY,CLEAR,DAYLIGHT,REAR END,DIVIDED - W/MEDIAN (NOT RAISED),,STRAIGHT AND LEVEL,DRY,NO DEFECTS,NOT ON SCENE (DESK REPORT),NO INJURY / DRIVE AWAY,,,Y,"OVER $1,500",3/13/2022 16:20,UNABLE TO DETERMINE,UNABLE TO DETERMINE,5740,W,NORTH AVE,2531,,,,,,,2,NO INDICATION OF INJURY,0,0,0,0,0,3,0,15,1,3,41.90943786,-87.76952841,POINT (-87.769528404802 41.909437863237)
b16947ba6b40521d833375902076622d80ef9b0082132c3dd004a83b7a38a7683c728179a64e55c6a33a279c721e828564e83912fa7ee97df7a0ae4097db6133,JF172459,,3/13/2022 11:50,30,NO CONTROLS,NO CONTROLS,CLEAR,DAYLIGHT,SIDESWIPE SAME DIRECTION,DIVIDED - W/MEDIAN (NOT RAISED),,STRAIGHT AND LEVEL,DRY,NO DEFECTS,ON SCENE,NO INJURY / DRIVE AWAY,,,,"OVER $1,500",3/13/2022 11:54,FAILING TO YIELD RIGHT-OF-WAY,FAILING TO YIELD RIGHT-OF-WAY,1606,W,18TH ST,1234,,,,,,,2,NO INDICATION OF INJURY,0,0,0,0,0,2,0,11,1,3,41.85789397,-87.66649064,POINT (-87.666490641812 41.857893971475)
3b780ae60f4e71d391277b2dd37d759eb0ac5812db3d0c341c7f8277a7082fe16b647d5414443e6fe1a5554cffb846a05932d9d613b46e0a19850634ef29c765,JD440958,,11/24/2020 18:53,30,TRAFFIC SIGNAL,FUNCTIONING PROPERLY,CLEAR,DARKNESS,PEDESTRIAN,NOT DIVIDED,,STRAIGHT AND LEVEL,DRY,NO DEFECTS,,INJURY AND / OR TOW DUE TO CRASH,Y,,Y,$500 OR LESS,11/24/2020 18:54,DRIVING SKILLS/KNOWLEDGE/EXPERIENCE,NOT APPLICABLE,5559,W,NORTH AVE,2532,,,,,,,2,NONINCAPACITATING INJURY,1,0,0,1,0,1,0,18,3,11,41.90927313,-87.76532518,POINT (-87.765325182171 41.909273128914)
3b8af60eb772569b587b73b1d22e57a3a01294cc23bcfd5ce8727470cd6ca8a4acec384adb761fd93e114da2e88391499a4dabbaf039de6f234d50292153ba89,JE297078,N,7/10/2021 10:30,20,NO CONTROLS,NO CONTROLS,RAIN,DAYLIGHT,PARKED MOTOR VEHICLE,NOT DIVIDED,,STRAIGHT AND LEVEL,WET,NO DEFECTS,,NO INJURY / DRIVE AWAY,,,N,"$501 - $1,500",7/10/2021 16:40,DRIVING SKILLS/KNOWLEDGE/EXPERIENCE,UNABLE TO DETERMINE,4662,W,MAYPOLE AVE,1113,,,,,,,2,NO INDICATION OF INJURY,0,0,0,0,0,3,0,10,7,7,41.88459326,-87.74270076,POINT (-87.742700764068 41.884593264103)
02d30986801b9df69d8590c6606b1934aec071f6071ab5d96af4d8fd993a52329eefc4def5f92f75fd2450a6a1fe2085fe8b019fda49209f61e78f50541b9062,JF171360,,3/12/2022 10:50,30,NO CONTROLS,NO CONTROLS,CLEAR,DAYLIGHT,ANGLE,DIVIDED - W/MEDIAN (NOT RAISED),,STRAIGHT AND LEVEL,DRY,NO DEFECTS,ON SCENE,NO INJURY / DRIVE AWAY,,,,"OVER $1,500",3/12/2022 11:00,UNABLE TO DETERMINE,UNABLE TO DETERMINE,2353,N,CLARK ST,1814,,,,,,,2,NO INDICATION OF INJURY,0,0,0,0,0,2,0,10,7,3,41.92516127,-87.64004389,POINT (-87.640043886913 41.925161273004)
3f6580d9d581d52599f8ae7561dfce2ca00e50aee85c9222a3acb2ac73afb82f79b431265d0957ae6009e1a9393fe9b3a02b61895463934e205a21127dd3c193,JF165119,,3/6/2022 12:15,30,NO CONTROLS,UNKNOWN,CLEAR,DAYLIGHT,REAR TO REAR,PARKING LOT,,STRAIGHT AND LEVEL,DRY,UNKNOWN,ON SCENE,NO INJURY / DRIVE AWAY,,Y,,$500 OR LESS,3/6/2022 12:25,IMPROPER BACKING,NOT APPLICABLE,1938,W,FULLERTON AVE,1432,,,,,,,2,NO INDICATION OF INJURY,0,0,0,0,0,3,0,12,1,3,41.92514196,-87.67742472,POINT (-87.677424715705 41.925141959594)
083421012238ccd4d52cea7522390692017c55b8e9afff6ce2a45db0fa103719117debfff8cb1ca9c404456d86edeb3a4218a420c5b5891562b508754a67ddeb,JF171405,,3/12/2022 11:00,30,NO CONTROLS,NO CONTROLS,CLEAR,DAYLIGHT,PARKED MOTOR VEHICLE,DIVIDED - W/MEDIAN (NOT RAISED),,STRAIGHT AND LEVEL,DRY,NO DEFECTS,NOT ON SCENE (DESK REPORT),NO INJURY / DRIVE AWAY,,,Y,"OVER $1,500",3/12/2022 12:00,UNABLE TO DETERMINE,NOT APPLICABLE,5152,W,DIVISION ST,2533,,,,,,,2,NO INDICATION OF INJURY,0,0,0,0,0,1,0,11,7,3,41.90236423,-87.75546229,POINT (-87.755462293911 41.902364230949)
0c8b03c37c1a762bc975f89f0acc763c95caf85b45d4f306e2c22aaf76c0fb99ad8f6f123da37b69118941ebf134b701cc7146257adb3f059d8ffeff34a7e190,JF172253,,3/13/2022 5:49,30,STOP SIGN/FLASHER,FUNCTIONING PROPERLY,CLEAR,DAWN,ANGLE,FOUR WAY,,STRAIGHT AND LEVEL,DRY,NO DEFECTS,ON SCENE,NO INJURY / DRIVE AWAY,Y,,Y,"OVER $1,500",3/13/2022 6:48,DISREGARDING STOP SIGN,FAILING TO YIELD RIGHT-OF-WAY,5100,S,TRIPP AVE,815,,,,,,,2,NO INDICATION OF INJURY,0,0,0,0,0,2,0,5,1,3,41.80036834,-87.7296367,POINT (-87.729636699472 41.800368334922)
38a8391fed57c60fbdeb77290f0ee14dde22d10e9fdd08391d82be32a6b42672b53f8175dd736f3740c5e744c8c0ec19b4d9573c8730e87d375a9beec44cc761,JE223080,,5/7/2021 21:35,30,TRAFFIC SIGNAL,FUNCTIONING PROPERLY,CLEAR,"DARKNESS, LIGHTED ROAD",ANGLE,FOUR WAY,,STRAIGHT AND LEVEL,DRY,NO DEFECTS,,INJURY AND / OR TOW DUE TO CRASH,Y,,N,"OVER $1,500",5/7/2021 21:35,DISREGARDING TRAFFIC SIGNALS,NOT APPLICABLE,100,N,WESTERN AVE,1222,,Y,,,,,2,FATAL,1,1,0,0,0,1,0,21,6,5,41.88303658,-87.68663247,POINT (-87.686632468607 41.883036575386)
38f532b9a4f7a0d254bb13bf9264d231a3f90a8f553ccc7ee813a3652cdca4b1998cdd7fd5bc26015c914f1f264890351025b4d004fd97ac804b75bbabcc6c9e,JC404130,,8/23/2019 1:00,30,NO CONTROLS,NO CONTROLS,CLEAR,UNKNOWN,PARKED MOTOR VEHICLE,ONE-WAY,,STRAIGHT AND LEVEL,UNKNOWN,NO DEFECTS,,NO INJURY / DRIVE AWAY,,,Y,"OVER $1,500",8/23/2019 14:38,DRIVING ON WRONG SIDE/WRONG WAY,UNABLE TO DETERMINE,8605,S,DANTE AVE,412,,,,,,,2,NO INDICATION OF INJURY,0,0,0,0,0,1,0,1,6,8,41.73848603,-87.58894974,POINT (-87.588949734649 41.738486031673)
3bc99942daec6b4540166d70795d42350a2d3e890529ed0283f9f82e7cc44b73986f9ed773361b7f08e809ff693b4fae7910b196bceb37ff1ee845656a5dfc85,JE269649,,6/17/2021 14:45,30,TRAFFIC SIGNAL,FUNCTIONING PROPERLY,CLEAR,DAYLIGHT,TURNING,UNKNOWN INTERSECTION TYPE,,STRAIGHT AND LEVEL,DRY,NO DEFECTS,,NO INJURY / DRIVE AWAY,Y,,,$500 OR LESS,6/17/2021 15:30,IMPROPER LANE USAGE,NOT APPLICABLE,8701,S,STATE ST,632,,,,,,,2,NO INDICATION OF INJURY,0,0,0,0,0,3,0,14,5,6,41.73621242,-87.62401245,POINT (-87.624012445333 41.736212420227)
0d7b7078e6e715d4007928772e3931eadfcb20c856465534d5a1e45adda02913601ca11a6e63691815cc1b8131aea063d463cef428ce23f295f6b30def1ef1c7,JF171532,,3/12/2022 13:40,20,STOP SIGN/FLASHER,UNKNOWN,CLEAR,DAYLIGHT,PEDALCYCLIST,DIVIDED - W/MEDIAN (NOT RAISED),,STRAIGHT AND LEVEL,UNKNOWN,UNKNOWN,ON SCENE,INJURY AND / OR TOW DUE TO CRASH,,,Y,"OVER $1,500",3/12/2022 13:53,IMPROPER OVERTAKING/PASSING,NOT APPLICABLE,2202,N,CLYBOURN AVE,1811,,,,,,,2,"REPORTED, NOT EVIDENT",1,0,0,0,1,1,0,13,7,3,41.92162874,-87.6646311,POINT (-87.664631101058 41.921628736435)
38fcb1445daf02f95242792fc3752f5ee4d380dfad0597d0fc8b4f6eaeb1bdc77130896726892482d13d7db741dfb507a49af8dc200c4075735e50aad91f0d6d,JC549779,,12/17/2019 5:50,30,NO CONTROLS,NO CONTROLS,CLEAR,"DARKNESS, LIGHTED ROAD",SIDESWIPE SAME DIRECTION,NOT DIVIDED,,STRAIGHT AND LEVEL,DRY,NO DEFECTS,,NO INJURY / DRIVE AWAY,,,,"OVER $1,500",12/17/2019 7:35,IMPROPER OVERTAKING/PASSING,NOT APPLICABLE,42,E,VAN BUREN ST,113,,,,,,,2,NO INDICATION OF INJURY,0,0,0,0,0,2,0,5,3,12,41.87707962,-87.62614215,POINT (-87.626142148945 41.877079618396)
3c9fb35a4f5c60a6e9588e0913eaf41cd781ec65dc434fd1d43bc1d49c4a55fff11c194656b66acd1cda5066bde510c6425cd917ecc6014f4613dbf8d431e4ea,JF179984,,3/20/2022 2:00,30,NO CONTROLS,NO CONTROLS,CLEAR,"DARKNESS, LIGHTED ROAD",REAR END,DIVIDED - W/MEDIAN (NOT RAISED),,STRAIGHT AND LEVEL,DRY,NO DEFECTS,ON SCENE,INJURY AND / OR TOW DUE TO CRASH,,,,"OVER $1,500",3/20/2022 2:26,FAILING TO REDUCE SPEED TO AVOID CRASH,FOLLOWING TOO CLOSELY,6400,S,CICERO AVE,813,,,,,,,3,NONINCAPACITATING INJURY,3,0,0,3,0,6,0,2,1,3,41.7765116,-87.74237234,POINT (-87.742372341405 41.776511601051)
a8f1b7d1a816bc1b42e4efd89f75491f09e0f47acddd9ac5533d164d46a485c8c57e535584c10bd851435ce6cd1dd335609aa68dd78400efa933bb9d71cbef95,JF171460,,3/10/2022 22:00,30,TRAFFIC SIGNAL,FUNCTIONING PROPERLY,CLEAR,"DARKNESS, LIGHTED ROAD",REAR END,NOT DIVIDED,,STRAIGHT AND LEVEL,DRY,NO DEFECTS,NOT ON SCENE (DESK REPORT),NO INJURY / DRIVE AWAY,Y,,,"OVER $1,500",3/12/2022 13:10,FOLLOWING TOO CLOSELY,UNABLE TO DETERMINE,3100,W,GRAND AVE,1211,,,,,,,2,NO INDICATION OF INJURY,0,0,0,0,0,2,0,22,5,3,41.89743532,-87.70413404,POINT (-87.704134039031 41.897435319384)
f57ae0726888133822b23a6f6f75a3b2b7f9224f31d0d6058923f69eaec429c4252c52184f8f81893186f19efdf7111b9365b21ebce00da64deab8f93c80bd01,JF172410,,3/11/2022 9:35,15,NO CONTROLS,NO CONTROLS,CLEAR,DAYLIGHT,TURNING,ALLEY,,STRAIGHT AND LEVEL,SNOW OR SLUSH,NO DEFECTS,NOT ON SCENE (DESK REPORT),NO INJURY / DRIVE AWAY,,,,"OVER $1,500",3/13/2022 11:30,UNABLE TO DETERMINE,NOT APPLICABLE,8137,S,AVALON AVE,411,,,,,,,2,NO INDICATION OF INJURY,0,0,0,0,0,2,0,9,6,3,41.74663648,-87.59401293,POINT (-87.594012930484 41.74663647914)
181a3a811214215f43d7e3ff24f51fff7ef61a4ff916a274ad0412bfc0daf3dd2b049daff5add6620fd73fa8a059aba58d870ca3e6bd0bf00a1af68349658889,JF172496,Y,3/12/2022 23:00,35,NO CONTROLS,NO CONTROLS,CLEAR,"DARKNESS, LIGHTED ROAD",PARKED MOTOR VEHICLE,NOT DIVIDED,,STRAIGHT AND LEVEL,DRY,NO DEFECTS,NOT ON SCENE (DESK REPORT),INJURY AND / OR TOW DUE TO CRASH,,,Y,"OVER $1,500",3/13/2022 13:00,UNABLE TO DETERMINE,NOT APPLICABLE,7010,W,BELMONT AVE,1632,,,,,,,2,NO INDICATION OF INJURY,0,0,0,0,0,1,0,23,7,3,41.93818111,-87.80165731,POINT (-87.801657305443 41.938181114089)
28d64f00f37c21ed6d4c6375c2ee30dafd1f69226951833fc5e9d8b90910579c747df8f45ddc8db0ec55b89e407cfb28432883de8b066fc38de834b7adf71510,JF172441,,3/12/2022 2:40,30,UNKNOWN,UNKNOWN,UNKNOWN,UNKNOWN,HEAD ON,FOUR WAY,,STRAIGHT AND LEVEL,UNKNOWN,UNKNOWN,NOT ON SCENE (DESK REPORT),NO INJURY / DRIVE AWAY,,,Y,"OVER $1,500",3/13/2022 12:02,NOT APPLICABLE,NOT APPLICABLE,10702,S,MICHIGAN AVE,513,,,,,,,2,NO INDICATION OF INJURY,0,0,0,0,0,2,0,2,7,3,41.6997566,-87.62107358,POINT (-87.621073575733 41.699756599562)
1d499d7431f638f6b0b9470a9bcc9e81d9abd58cf8f534d66dd1c6b652af85636895ffb5337b0f7f5bb740d5ad0eea9a85796ad0ce856a8e803cfc403e821b46,JF172195,,3/13/2022 4:00,15,NO CONTROLS,NO CONTROLS,CLEAR,"DARKNESS, LIGHTED ROAD",FIXED OBJECT,ALLEY,,STRAIGHT AND LEVEL,DRY,NO DEFECTS,ON SCENE,INJURY AND / OR TOW DUE TO CRASH,,,,"OVER $1,500",3/13/2022 4:01,"EVASIVE ACTION DUE TO ANIMAL, OBJECT, NONMOTORIST",NOT APPLICABLE,2814,S,CHRISTIANA AVE,1032,,,,,,,1,NO INDICATION OF INJURY,0,0,0,0,0,2,0,4,1,3,41.840326,-87.70872221,POINT (-87.708722211871 41.84032599494)
3ac0a47839be58da9ad0e16492fee96eebcbf21816eae69c387aa69c97dd3043d8094ed783ee84a5c7520b12c083d5c338b02bece81074af2d9356ddb7097200,JF172893,,3/13/2022 19:00,30,TRAFFIC SIGNAL,FUNCTIONING PROPERLY,CLEAR,"DARKNESS, LIGHTED ROAD",PARKED MOTOR VEHICLE,NOT DIVIDED,,STRAIGHT AND LEVEL,DRY,UNKNOWN,ON SCENE,INJURY AND / OR TOW DUE TO CRASH,Y,,,"OVER $1,500",3/13/2022 20:01,UNABLE TO DETERMINE,UNABLE TO DETERMINE,3554,W,BELMONT AVE,1732,,,,,,,2,NO INDICATION OF INJURY,0,0,0,0,0,3,0,19,1,3,41.93932878,-87.71718336,POINT (-87.717183356012 41.939328775361)
c34f20c518bc03327d53789d6b6a8788132a3deccc9b956d4e19d2cf403f3d7e869f88223c290ed5ae64c1abf5d8ccdde7272093076c3b99eea95f1de2adc1b0,JF171459,,3/11/2022 20:32,30,NO CONTROLS,UNKNOWN,CLEAR,DUSK,REAR END,DIVIDED - W/MEDIAN (NOT RAISED),,STRAIGHT AND LEVEL,DRY,NO DEFECTS,NOT ON SCENE (DESK REPORT),NO INJURY / DRIVE AWAY,,,Y,"OVER $1,500",3/12/2022 13:08,NOT APPLICABLE,NOT APPLICABLE,8700,S,COTTAGE GROVE AVE,632,,,,,,,2,NO INDICATION OF INJURY,0,0,0,0,0,2,0,20,6,3,41.73660156,-87.6049681,POINT (-87.604968100168 41.736601558476)