CRASH_RECORD_ID,RD_NO,CRASH_DATE_EST_I,CRASH_DATE,POSTED_SPEED_LIMIT,TRAFFIC_CONTROL_DEVICE,DEVICE_CONDITION,WEATHER_CONDITION,LIGHTING_CONDITION,FIRST_CRASH_TYPE,TRAFFICWAY_TYPE,LANE_CNT,ALIGNMENT,ROADWAY_SURFACE_COND,ROAD_DEFECT,REPORT_TYPE,CRASH_TYPE,INTERSECTION_RELATED_I,NOT_RIGHT_OF_WAY_I,HIT_AND_RUN_I,DAMAGE,DATE_POLICE_NOTIFIED,PRIM_CONTRIBUTORY_CAUSE,SEC_CONTRIBUTORY_CAUSE,STREET_NO,STREET_DIRECTION,STREET_NAME,BEAT_OF_OCCURRENCE,PHOTOS_TAKEN_I,STATEMENTS_TAKEN_I,DOORING_I,WORK_ZONE_I,WORK_ZONE_TYPE,WORKERS_PRESENT_I,NUM_UNITS,MOST_SEVERE_INJURY,INJURIES_TOTAL,INJURIES_FATAL,INJURIES_INCAPACITATING,INJURIES_NON_INCAPACITATING,INJURIES_REPORTED_NOT_EVIDENT,INJURIES_NO_INDICATION,INJURIES_UNKNOWN,CRASH_HOUR,CRASH_DAY_OF_WEEK,CRASH_MONTH,LATITUDE,LONGITUDE,LOCATION
2ff6bd1b10491929cdcb789624f7bd7ac05f2ac1790b014693eac3552f41eef7092742b865dda3d3829e6eed146f69850684716a76637bec62d82dc792bdca90,JF171924,,3/12/2022 18:57,30,NO CONTROLS,NO CONTROLS,CLEAR,"DARKNESS, LIGHTED ROAD",REAR END,NOT DIVIDED,,STRAIGHT AND LEVEL,DRY,NO DEFECTS,ON SCENE,NO INJURY / DRIVE AWAY,,,Y,"OVER $1,500",3/12/2022 19:38,FOLLOWING TOO CLOSELY,FAILING TO REDUCE SPEED TO AVOID CRASH,5553,W,ADDISON ST,1633,,,,,,,3,NO INDICATION OF INJURY,0,0,0,0,0,4,0,18,7,3,41.94577021,-87.76645611,POINT (-87.76645610821 41.94577020492)
50afc94bbdd228302c72fc59e2c4bcf9699fe65ea38f10c5006f6f008e3abc692f2c1969dcbeb8b632a184aa76f39c867c07e1dc88e5dc34ed0908ac804ec83d,JF172136,,3/13/2022 1:15,30,NO CONTROLS,NO CONTROLS,CLEAR,DARKNESS,PARKED MOTOR VEHICLE,PARKING LOT,,STRAIGHT AND LEVEL,DRY,NO DEFECTS,NOT ON SCENE (DESK REPORT),NO INJURY / DRIVE AWAY,,,Y,"$501 - $1,500",3/13/2022 1:45,IMPROPER BACKING,NOT APPLICABLE,8942,S,STONY ISLAND AVE,413,,Y,,,,,2,NO INDICATION OF INJURY,0,0,0,0,0,4,0,1,1,3,41.73199225,-87.585688,POINT (-87.585687996108 41.731992253881)
667629c8ebbedc04a8cfdb34d0a4639236563916df145e3f686546f46a6bd6cc091caf7db977b4419698622c241a30749511bbcdfbc16d307d56a5419395cb25,JF172238,,3/13/2022 5:30,30,NO CONTROLS,NO CONTROLS,CLEAR,"DARKNESS, LIGHTED ROAD",PARKED MOTOR VEHICLE,DIVIDED - W/MEDIAN (NOT RAISED),,STRAIGHT AND LEVEL,DRY,NO DEFECTS,ON SCENE,NO INJURY / DRIVE AWAY,,,Y,"OVER $1,500",3/13/2022 5:55,UNABLE TO DETERMINE,NOT APPLICABLE,2109,N,NARRAGANSETT AVE,2512,,,,,,,2,NO INDICATION OF INJURY,0,0,0,0,0,1,0,5,1,3,41.91854607,-87.78513832,POINT (-87.785138317966 41.918546071981)
3edde95ac321dc0e0385971331967326da9d61e24a8bcd55c1128a8767aa372121310a037ab9e9f62a9a48f369b3cd21b1e2690f7ff1b92ebf96396920f4a962,JF181945,,3/20/2022 17:05,30,TRAFFIC SIGNAL,UNKNOWN,CLEAR,DAYLIGHT,TURNING,FOUR WAY,,STRAIGHT AND LEVEL,DRY,NO DEFECTS,NOT ON SCENE (DESK REPORT),NO INJURY / DRIVE AWAY,Y,,,"OVER $1,500",3/21/2022 20:30,DRIVING SKILLS/KNOWLEDGE/EXPERIENCE,UNABLE TO DETERMINE,810,W,IRVING PARK RD,1915,,,,,,,2,NO INDICATION OF INJURY,0,0,0,0,0,2,0,17,1,3,41.95466253,-87.65021326,POINT (-87.650213258101 41.954662524889)
3eeb48e667432c64c11bd2dbf9900ce61c9581272224a9ae606f00dc37ec9760e7bae09b91190be8694dd7e5d03287a8a0e4e41864c5ea9526fdcffc75261b40,,,4/3/2022 13:00,25,NO CONTROLS,NO CONTROLS,CLEAR,DAYLIGHT,REAR END,NOT DIVIDED,,STRAIGHT AND LEVEL,DRY,NO DEFECTS,,NO INJURY / DRIVE AWAY,,,,"$501 - $1,500",4/3/2022 13:30,FOLLOWING TOO CLOSELY,FOLLOWING TOO CLOSELY,5601,S,HARLEM AVE,811,,,,,,,3,NO INDICATION OF INJURY,0,0,0,0,0,3,0,13,1,4,41.79004397,-87.8013004,POINT (-87.801300394739 41.790043968552)
7f3e6574540d5cc877df6d64023fc62ab2bf64fb3491f00f8f846f33b1f96d85ad05a9f726771e8c26109704ff83a508e7b372018dea6d42028d4e4c7a2f5803,JF171429,,3/11/2022 13:00,30,NO CONTROLS,NO CONTROLS,CLEAR,DAYLIGHT,PARKED MOTOR VEHICLE,ONE-WAY,,STRAIGHT AND LEVEL,DRY,NO DEFECTS,NOT ON SCENE (DESK REPORT),NO INJURY / DRIVE AWAY,,,,"OVER $1,500",3/12/2022 12:40,UNABLE TO DETERMINE,UNABLE TO DETERMINE,1354,W,64TH ST,724,,,,,,,2,NO INDICATION OF INJURY,0,0,0,0,0,1,0,13,6,3,41.77783441,-87.65908458,POINT (-87.659084575511 41.777834408266)
f9659ef17aab47315e119013bf991a15482be07bbf39290ebda291ca0e4a3d9b6157d2667b4e56150ecc975c0a9fc37bac0efb2811aa063e495d473021f294aa,JF171528,,3/12/2022 13:50,30,NO CONTROLS,NO CONTROLS,CLEAR,DAYLIGHT,TURNING,NOT DIVIDED,,STRAIGHT AND LEVEL,DRY,NO DEFECTS,ON SCENE,INJURY AND / OR TOW DUE TO CRASH,,,,"OVER $1,500",3/12/2022 13:50,FAILING TO YIELD RIGHT-OF-WAY,IMPROPER OVERTAKING/PASSING,6038,S,WESTERN AVE,825,,,,,,,2,INCAPACITATING INJURY,2,0,2,0,0,1,0,13,7,3,41.78356562,-87.68390727,POINT (-87.683907269686 41.783565619923)
21e73bb60c64ae2aec0fd427b5f2599d5cb45c426847e4e70e8ae806cc9283c9df8aa69bc87b6684ad63c1b59920e03e3ff8091a66346078d72bf54c02403e79,JF172297,,3/13/2022 8:00,30,NO CONTROLS,NO CONTROLS,CLEAR,DAYLIGHT,PARKED MOTOR VEHICLE,NOT DIVIDED,,STRAIGHT AND LEVEL,DRY,NO DEFECTS,NOT ON SCENE (DESK REPORT),NO INJURY / DRIVE AWAY,,,Y,"OVER $1,500",3/13/2022 9:00,UNABLE TO DETERMINE,UNABLE TO DETERMINE,817,W,78TH ST,621,,,,,,,2,NO INDICATION OF INJURY,0,0,0,0,0,1,0,8,1,3,41.75233992,-87.64482019,POINT (-87.644820191743 41.752339922299)
7d6fc28e75682054c5cd33e93dbc8d04d69e9e70ac83a920ea86211c5eb86128d692e1d30e589740d4673c935b721e166941c4a64d06174f86922d8821fca377,JF172353,Y,3/12/2022 1:00,30,NO CONTROLS,NO CONTROLS,UNKNOWN,UNKNOWN,PARKED MOTOR VEHICLE,NOT DIVIDED,,STRAIGHT AND LEVEL,UNKNOWN,UNKNOWN,NOT ON SCENE (DESK REPORT),NO INJURY / DRIVE AWAY,,,Y,"OVER $1,500",3/13/2022 10:20,UNABLE TO DETERMINE,NOT APPLICABLE,4733,N,WINTHROP AVE,1914,,,,,,,2,NO INDICATION OF INJURY,0,0,0,0,0,1,0,1,7,3,41.96822306,-87.65747213,POINT (-87.657472134261 41.968223058107)
1d89c37f2f1d59bc034f45983b37648a04df6f68af15ed28024d2da46489ea375ee5c7eb765adcde88cfa06acda0eb8dc679e2d9ce141ebc41f01228c301f829,JF172603,,3/13/2022 14:30,25,NO CONTROLS,NO CONTROLS,CLEAR,DAYLIGHT,SIDESWIPE SAME DIRECTION,NOT DIVIDED,,STRAIGHT AND LEVEL,DRY,NO DEFECTS,NOT ON SCENE (DESK REPORT),NO INJURY / DRIVE AWAY,,,,"OVER $1,500",3/13/2022 15:00,FAILING TO YIELD RIGHT-OF-WAY,UNABLE TO DETERMINE,2508,N,CALIFORNIA AVE,1414,,,,,,,2,NO INDICATION OF INJURY,0,0,0,0,0,3,0,14,1,3,41.92689767,-87.69761879,POINT (-87.697618792936 41.926897672834)
1bb0660d561bb305d355925da667f250a1c887c4d5a78020d4c845ca59f21909350ebc7fbabb752ab9949b54d70740b184532751b5328f552231da1d305d0084,JF173129,,3/14/2022 4:10,30,NO CONTROLS,OTHER,CLEAR,"DARKNESS, LIGHTED ROAD",PARKED MOTOR VEHICLE,NOT DIVIDED,,STRAIGHT AND LEVEL,DRY,UNKNOWN,ON SCENE,NO INJURY / DRIVE AWAY,,,Y,"OVER $1,500",3/14/2022 4:19,UNABLE TO DETERMINE,NOT APPLICABLE,4535,N,LINCOLN AVE,1911,,,,,,,2,NO INDICATION OF INJURY,0,0,0,0,0,1,0,4,2,3,41.96417225,-87.68547809,POINT (-87.685478085228 41.964172252536)
5a603ccdd13d752415f8ae6795292bef1dd94d16be09fc8b3a9b07fecc47640c29905635b7c8faa4f9250ed2c9c2d6d169c1ea27a7b9b10b378ad35b8cc88b67,JF170353,,3/11/2022 11:45,10,NO CONTROLS,NO CONTROLS,CLEAR,DAYLIGHT,ANGLE,PARKING LOT,,STRAIGHT AND LEVEL,DRY,NO DEFECTS,ON SCENE,NO INJURY / DRIVE AWAY,,,,"OVER $1,500",3/11/2022 11:50,UNABLE TO DETERMINE,NOT APPLICABLE,10000,W,OHARE ST,1651,,,,,,,2,NO INDICATION OF INJURY,0,0,0,0,0,2,0,11,6,3,41.97620114,-87.90530913,POINT (-87.905309125103 41.976201139024)
464ff5e02a549ea4d17aa41b65ed41d5edbdb80b8c466b39e46bf14bcc10af93466caf973736b5ff8531af71e5f6c699295db659f2cf94bde9d290efa7b2abcc,JF171946,,3/12/2022 19:50,30,TRAFFIC SIGNAL,FUNCTIONING PROPERLY,CLEAR,DARKNESS,REAR END,NOT DIVIDED,,STRAIGHT AND LEVEL,UNKNOWN,UNKNOWN,NOT ON SCENE (DESK REPORT),NO INJURY / DRIVE AWAY,,,,"OVER $1,500",3/12/2022 19:57,DISTRACTION - FROM INSIDE VEHICLE,FOLLOWING TOO CLOSELY,3000,N,SOUTHPORT AVE,1933,,,,,,,2,NO INDICATION OF INJURY,0,0,0,0,0,2,0,19,7,3,41.93615607,-87.66383654,POINT (-87.6638365422 41.936156071657)
1cc7dcd802f6e1bf4a32cea1302db143bfd533bece805ba87a2c092f9f9102937789d25f19300036e002877a4d4af4214cc05c95a140b1bcb51af9854988091c,JF172558,,3/13/2022 13:42,30,TRAFFIC SIGNAL,FUNCTIONING PROPERLY,CLEAR,DAYLIGHT,TURNING,NOT DIVIDED,,STRAIGHT AND LEVEL,DRY,NO DEFECTS,ON SCENE,INJURY AND / OR TOW DUE TO CRASH,Y,,,"OVER $1,500",3/13/2022 13:43,FAILING TO YIELD RIGHT-OF-WAY,NOT APPLICABLE,2400,W,71ST ST,832,,,,,,,2,NONINCAPACITATING INJURY,3,0,0,3,0,2,0,13,1,3,41.76481039,-87.68330877,POINT (-87.683308769447 41.764810388279)
3e162ed57f054068da2a182e9c951b997840e256ffa13e4577692ab0bc843b3bebd8b14540e669a644db785cd397eeb2159b2f4ba4246e198228c72985afea92,JF159157,,2/28/2022 19:30,30,TRAFFIC SIGNAL,FUNCTIONING PROPERLY,CLEAR,"DARKNESS, LIGHTED ROAD",TURNING,FOUR WAY,,STRAIGHT AND LEVEL,DRY,NO DEFECTS,,INJURY AND / OR TOW DUE TO CRASH,Y,,Y,"OVER $1,500",2/28/2022 19:36,FAILING TO YIELD RIGHT-OF-WAY,UNABLE TO DETERMINE,5,S,ASHLAND AVE,1224,,,,,,,2,NO INDICATION OF INJURY,0,0,0,0,0,4,0,19,2,2,,,
3e271041e66aa55a0ef0efb3271d1481670009bbd524a24d00c7338384dfe26e8163e2a04200d44935cc76c9d3f70087a0adbfa4246cb498882a7c1744b5dda7,JC155802,,2/17/2019 10:05,30,TRAFFIC SIGNAL,FUNCTIONING PROPERLY,CLEAR,DAYLIGHT,REAR END,DIVIDED - W/MEDIAN (NOT RAISED),2,STRAIGHT AND LEVEL,WET,"RUT, HOLES",,NO INJURY / DRIVE AWAY,,,,"OVER $1,500",2/17/2019 12:25,FAILING TO REDUCE SPEED TO AVOID CRASH,UNABLE TO DETERMINE,9500,S,COTTAGE GROVE AVE,511,Y,,,,,,2,NO INDICATION OF INJURY,0,0,0,0,0,3,0,10,1,2,41.72197047,-87.60334804,POINT (-87.603348040077 41.721970465227)
ba9c49281e948305caef918902e2e61816963218875a3e994d2990dec6fbf7b9b0cbffee779a9ed156e2c47a35db9a4d00bc83e665fbb8fd9ec2835fde722acb,JF172425,,3/11/2022 15:30,45,NO CONTROLS,NO CONTROLS,CLEAR,DAYLIGHT,REAR END,DIVIDED - W/MEDIAN BARRIER,,STRAIGHT AND LEVEL,DRY,NO DEFECTS,NOT ON SCENE (DESK REPORT),NO INJURY / DRIVE AWAY,,,,"$501 - $1,500",3/13/2022 11:45,FOLLOWING TOO CLOSELY,NOT APPLICABLE,1620,S,LAKE SHORE DR E,132,,,,,,,2,NO INDICATION OF INJURY,0,0,0,0,0,2,0,15,6,3,41.85963453,-87.61740578,POINT (-87.617405776016 41.8596345318)
3eae51d65bee04d870f8013d6847b56a72e2040ca3219d3831e015cfff1d0a619e2f2b6c8d04f0c108b9419d0909333fde0ac378d49918443cdc44adde0ad85f,JF190246,,3/26/2022 23:00,30,NO CONTROLS,NO CONTROLS,CLEAR,DARKNESS,FIXED OBJECT,NOT DIVIDED,,STRAIGHT AND LEVEL,DRY,NO DEFECTS,NOT ON SCENE (DESK REPORT),NO INJURY / DRIVE AWAY,,,,"$501 - $1,500",3/29/2022 12:00,UNABLE TO DETERMINE,UNABLE TO DETERMINE,4700,W,55TH ST,815,,,,,,,1,NO INDICATION OF INJURY,0,0,0,0,0,1,0,23,7,3,41.79316329,-87.74037958,POINT (-87.740379581785 41.793163286443)
7b0137c4940986bb9a97380693c6e64349888dcd2d14c64713d0b0d30f64518410135351bdacd9cebc688a957f425f4ff21c2c1123b571b4ad44353ff8a76f7d,JF171320,,3/12/2022 9:50,30,NO CONTROLS,NO CONTROLS,CLEAR,DAYLIGHT,PARKED MOTOR VEHICLE,NOT DIVIDED,,STRAIGHT AND LEVEL,DRY,NO DEFECTS,NOT ON SCENE (DESK REPORT),NO INJURY / DRIVE AWAY,,,,"OVER $1,500",3/12/2022 11:00,IMPROPER OVERTAKING/PASSING,NOT APPLICABLE,2700,S,SPAULDING AVE,1032,,,,,,,2,NO INDICATION OF INJURY,0,0,0,0,0,1,0,9,7,3,41.84256484,-87.7075671,POINT (-87.707567095122 41.842564837181)
421a87a2d833aada66908e0777617c13d26afbc17182c1a62d04fcf3e5ca9b17e045f0b50466b617ea22f7823aeee7f48076acf8ee8cab0cd8af0a9310a6405a,JF172868,,3/13/2022 18:00,25,NO CONTROLS,NO CONTROLS,CLEAR,DAYLIGHT,PARKED MOTOR VEHICLE,ONE-WAY,,STRAIGHT AND LEVEL,DRY,NO DEFECTS,NOT ON SCENE (DESK REPORT),NO INJURY / DRIVE AWAY,,,Y,"OVER $1,500",3/13/2022 19:40,UNABLE TO DETERMINE,NOT APPLICABLE,116,N,KILPATRICK AVE,1113,,,,,,,2,NO INDICATION OF INJURY,0,0,0,0,0,1,0,18,1,3,41.88246511,-87.74304345,POINT (-87.743043448818 41.882465109758)
4dbeb032476885c07b316e085e67cb08f6878d5eec8e01bf4e9a53b2d016c47e7c84a6100a6aa8c91b1bf844ad4fb73f75d38f5e6f5fe17d4048980e349841c9,JF172669,,3/13/2022 15:20,30,NO CONTROLS,NO CONTROLS,CLEAR,DAYLIGHT,PARKED MOTOR VEHICLE,NOT DIVIDED,,STRAIGHT AND LEVEL,DRY,NO DEFECTS,NOT ON SCENE (DESK REPORT),NO INJURY / DRIVE AWAY,,,Y,"OVER $1,500",3/13/2022 16:50,FOLLOWING TOO CLOSELY,NOT APPLICABLE,925,W,LAKE ST,1224,,,,,,,2,NO INDICATION OF INJURY,0,0,0,0,0,1,0,15,1,3,41.88549604,-87.6509137,POINT (-87.650913697593 41.88549604308)
6ed9aa20015fec376896684111aad51be89718267f6aa171a645bcb136f62927453f7567352ee83b2266b2cc96d4ecef96cb0f9dffbab1ad17597bb0b1d177ec,JF172177,,3/13/2022 3:44,15,NO CONTROLS,NO CONTROLS,CLEAR,"DARKNESS, LIGHTED ROAD",PARKED MOTOR VEHICLE,ONE-WAY,,STRAIGHT AND LEVEL,DRY,NO DEFECTS,ON SCENE,INJURY AND / OR TOW DUE TO CRASH,,,Y,"OVER $1,500",3/13/2022 3:45,UNABLE TO DETERMINE,NOT APPLICABLE,7018,S,VERNON AVE,322,,,,,,,3,NO INDICATION OF INJURY,0,0,0,0,0,1,0,3,1,3,41.76694704,-87.61423067,POINT (-87.614230672586 41.766947043344)
987c9e0b42776aa3b35d56ad741f7cd50859d027d5e9f456e38f586e979b84f826e630461c051248557384961060bb3cd6ce6d95fdba78a397f15a6a33892588,JF172203,,3/13/2022 4:24,30,NO CONTROLS,NO CONTROLS,CLEAR,"DARKNESS, LIGHTED ROAD",PARKED MOTOR VEHICLE,NOT DIVIDED,,STRAIGHT AND LEVEL,DRY,NO DEFECTS,ON SCENE,INJURY AND / OR TOW DUE TO CRASH,,,,"OVER $1,500",3/13/2022 4:30,UNABLE TO DETERMINE,NOT APPLICABLE,7636,W,FOSTER AVE,1613,,,,,,,2,NO INDICATION OF INJURY,0,0,0,0,0,1,0,4,1,3,41.9743579,-87.81843182,POINT (-87.818431821746 41.974357898786)
55da665c2eb2352e0b0f0bbab432c30614027a23bf3e9af230bb3e33fbd7e7466a9f06377384703e17d4c73f136c9190913b5341a02cbe29735eb236daac088b,JF173075,,3/14/2022 1:25,30,NO CONTROLS,NO CONTROLS,CLEAR,"DARKNESS, LIGHTED ROAD",SIDESWIPE SAME DIRECTION,DIVIDED - W/MEDIAN (NOT RAISED),,STRAIGHT AND LEVEL,DRY,NO DEFECTS,ON SCENE,NO INJURY / DRIVE AWAY,,,,"OVER $1,500",3/14/2022 1:26,DRIVING SKILLS/KNOWLEDGE/EXPERIENCE,DISREGARDING ROAD MARKINGS,10346,S,VINCENNES AVE,2212,,Y,,,,,2,NO INDICATION OF INJURY,0,0,0,0,0,3,0,1,2,3,41.70541901,-87.65668939,POINT (-87.656689392427 41.705419004595)
94c5c81941a002e32217dec5412ad210473da1247d633931210e145d7b8505a69531fcb6e8f15d55e38f3c0ee94e2c3b66579795044ef1957974f8de427a79e4,JF172880,Y,3/11/2022 19:30,30,NO CONTROLS,NO CONTROLS,CLEAR,"DARKNESS, LIGHTED ROAD",REAR TO FRONT,DIVIDED - W/MEDIAN (NOT RAISED),,STRAIGHT AND LEVEL,DRY,NO DEFECTS,NOT ON SCENE (DESK REPORT),NO INJURY / DRIVE AWAY,,,N,"OVER $1,500",3/13/2022 20:00,IMPROPER BACKING,IMPROPER BACKING,1200,S,WABASH AVE,131,,,,,,,2,NO INDICATION OF INJURY,0,0,0,0,0,2,0,19,6,3,41.86734642,-87.62597476,POINT (-87.625974764137 41.86734641752)
47dde86d8a99a3e084514f1c45c58d6528613912a428d193eca1be19e14f853325b6f27e8a36b5863c9e89f71d12fdbc82b8dc4380fc469de00ddc21593f5aa2,JF172337,Y,3/12/2022 20:00,30,NO CONTROLS,NO CONTROLS,CLEAR,"DARKNESS, LIGHTED ROAD",PARKED MOTOR VEHICLE,DIVIDED - W/MEDIAN (NOT RAISED),,STRAIGHT AND LEVEL,DRY,NO DEFECTS,ON SCENE,NO INJURY / DRIVE AWAY,,,,$500 OR LESS,3/13/2022 10:00,UNABLE TO DETERMINE,UNABLE TO DETERMINE,1930,N,WILMOT AVE,1434,,,,,,,2,NO INDICATION OF INJURY,0,0,0,0,0,1,0,20,7,3,41.91657469,-87.6856906,POINT (-87.685690601876 41.916574690982)
21d63747d22a78a8505b8f709a5f0e6706fe50e8085ea4c2527b2299bff234ca1d3abcd4c318fcd72d08732f470b8c04a5a788762e8eb02d5ff8a2a5541f7a18,JF172552,,3/13/2022 13:50,30,TRAFFIC SIGNAL,FUNCTIONING PROPERLY,CLEAR,DAYLIGHT,TURNING,FOUR WAY,,STRAIGHT AND LEVEL,DRY,NO DEFECTS,ON SCENE,INJURY AND / OR TOW DUE TO CRASH,Y,,,"OVER $1,500",3/13/2022 13:51,FAILING TO YIELD RIGHT-OF-WAY,UNABLE TO DETERMINE,6402,N,CLARK ST,2432,,,,,,,2,NO INDICATION OF INJURY,0,0,0,0,0,5,0,13,1,3,41.99814421,-87.67076765,POINT (-87.670767653381 41.998144211867)
2483354081f6862e763b1bddb30b46677fd8acf3300c528e6a789ffe828796a6d6d0342e8dbb02c3337e721428417b1f91d246ecff40aff882af5c1223389cdb,JF172688,,3/13/2022 15:06,30,NO CONTROLS,NO CONTROLS,CLEAR,DAYLIGHT,REAR END,NOT DIVIDED,,STRAIGHT AND LEVEL,DRY,UNKNOWN,ON SCENE,NO INJURY / DRIVE AWAY,,,,"OVER $1,500",3/13/2022 16:13,UNABLE TO DETERMINE,NOT APPLICABLE,2234,W,43RD ST,924,,,,,,,2,NO INDICATION OF INJURY,0,0,0,0,0,7,0,15,1,3,41.81583668,-87.68116444,POINT (-87.681164436353 41.815836677968)
2ea3ddb32e3805cb2606fee6f48953c00f9f074975f0d5086aae2cf7f3128804e48a8e5982415ad8d89873e10edbdb131910099c6b78feebdac17db111f86452,JF172570,,3/13/2022 12:45,30,TRAFFIC SIGNAL,FUNCTIONING PROPERLY,CLEAR,DAYLIGHT,SIDESWIPE SAME DIRECTION,NOT DIVIDED,,STRAIGHT AND LEVEL,DRY,NO DEFECTS,NOT ON SCENE (DESK REPORT),NO INJURY / DRIVE AWAY,Y,,Y,"OVER $1,500",3/13/2022 14:00,FAILING TO YIELD RIGHT-OF-WAY,UNABLE TO DETERMINE,4700,S,CORNELL AVE,222,,,,,,,2,NO INDICATION OF INJURY,0,0,0,0,0,2,0,12,1,3,41.81021959,-87.59030199,POINT (-87.590301989324 41.810219585589)
e7360d150cc05c62cab499786c4358b751e3ef719c65a35bc8b19d70a0b3364081a55d95eea1a3365618cd1e83c1da22a4a9ddc3ff15c5e9356ad4945cebb47c,JF171400,,3/11/2022 16:27,30,NO CONTROLS,NO CONTROLS,CLEAR,DAYLIGHT,REAR END,NOT DIVIDED,,STRAIGHT AND LEVEL,DRY,NO DEFECTS,NOT ON SCENE (DESK REPORT),NO INJURY / DRIVE AWAY,,,Y,"$501 - $1,500",3/12/2022 11:40,FOLLOWING TOO CLOSELY,NOT APPLICABLE,1008,W,MARQUETTE RD,724,,,,,,,2,NO INDICATION OF INJURY,0,0,0,0,0,2,0,16,6,3,41.77250842,-87.64985518,POINT (-87.649855182743 41.772508420618)
b7525540325797c24cc5d9e44ef697d301188dd5faa42b350a9579197827256fe9be2fc67adfd8ea3c0e83aa9b21780dc71a4593dcde228a081f373b0aaace22,JF171207,Y,3/12/2022 8:32,25,NO CONTROLS,NO CONTROLS,UNKNOWN,UNKNOWN,PARKED MOTOR VEHICLE,ONE-WAY,,STRAIGHT AND LEVEL,UNKNOWN,UNKNOWN,ON SCENE,NO INJURY / DRIVE AWAY,,,Y,"OVER $1,500",3/12/2022 8:41,UNABLE TO DETERMINE,UNABLE TO DETERMINE,8100,S,GREEN ST,613,,,,,,,2,NO INDICATION OF INJURY,0,0,0,0,0,1,0,8,7,3,41.74688562,-87.64529302,POINT (-87.645293022083 41.746885617199)
320628ffd731ec2594b3ad3ef3caec68b286a3fae2ebb496260be1cd97e56aa6e85370eb31462085af164de5aaa2d25fe414d1fda972d559140e3c2623cdb96e,JF172370,,3/13/2022 1:15,30,NO CONTROLS,NO CONTROLS,CLEAR,"DARKNESS, LIGHTED ROAD",PARKED MOTOR VEHICLE,NOT DIVIDED,,STRAIGHT AND LEVEL,DRY,NO DEFECTS,NOT ON SCENE (DESK REPORT),NO INJURY / DRIVE AWAY,,,Y,"OVER $1,500",3/13/2022 10:40,UNABLE TO DETERMINE,NOT APPLICABLE,8358,S,KEDZIE AVE,834,,,,,,,2,NO INDICATION OF INJURY,0,0,0,0,0,1,0,1,1,3,41.74071215,-87.70229402,POINT (-87.702294019934 41.740712144583)
4dbb1e847e9eb3468377b5f3db533765962aeafee0a052fd3ceb811137791e7ac7f57dd24f479b67e2d2e2127d655f931959922835198e7a733c077bdfa19878,JF172611,,3/13/2022 11:20,30,NO CONTROLS,NO CONTROLS,CLEAR,DAYLIGHT,SIDESWIPE SAME DIRECTION,ONE-WAY,,STRAIGHT AND LEVEL,DRY,NO DEFECTS,NOT ON SCENE (DESK REPORT),NO INJURY / DRIVE AWAY,,,,"$501 - $1,500",3/13/2022 15:20,FAILING TO YIELD RIGHT-OF-WAY,NOT APPLICABLE,2333,W,IOWA ST,1212,,,,,,,2,NO INDICATION OF INJURY,0,0,0,0,0,5,0,11,1,3,41.89747168,-87.68577657,POINT (-87.685776568909 41.897471679899)
4149cf9b7192ac643280a97e6e02d5822c44ceb29da011dcbbb6c72d1480f9d617ae283acb46f464728092f20d979c6a6db65d76f919f046ef8aa7a6fc95865b,JD223049,,5/3/2020 10:15,30,NO CONTROLS,NO CONTROLS,CLEAR,DAYLIGHT,REAR END,NOT DIVIDED,,STRAIGHT AND LEVEL,DRY,UNKNOWN,,INJURY AND / OR TOW DUE TO CRASH,,,,"OVER $1,500",5/3/2020 10:26,FOLLOWING TOO CLOSELY,UNABLE TO DETERMINE,8223,S,STATE ST,631,,,,,,,2,INCAPACITATING INJURY,1,0,1,0,0,2,0,10,1,5,41.74479002,-87.6242261,POINT (-87.624226098388 41.744790019256)
1cd8e63a7e36314f838ca3f65945162489137a185bbede5bbc99c38fb20eb721963d9258a542d4939094d115205b986c9117c23ae1e63ed0952f39178929ed74,JF171476,,3/12/2022 12:20,30,TRAFFIC SIGNAL,FUNCTIONING PROPERLY,CLEAR,DAYLIGHT,ANGLE,FOUR WAY,,STRAIGHT AND LEVEL,DRY,NO DEFECTS,ON SCENE,INJURY AND / OR TOW DUE TO CRASH,Y,,,"OVER $1,500",3/12/2022 13:16,UNABLE TO DETERMINE,NOT APPLICABLE,400,E,76TH ST,624,,,,,,,2,NONINCAPACITATING INJURY,2,0,0,2,0,2,0,12,7,3,41.75669384,-87.61502407,POINT (-87.615024070273 41.756693843989)
3486eafb7cb965328b646bf8963910ef70c8b3d176dd0ee61be6d089cce7562692eb87b96cd80121793542f427d898485e69bc66278c044e726dc347d9321ed0,JF172696,,3/13/2022 15:30,30,UNKNOWN,UNKNOWN,CLEAR,DAYLIGHT,SIDESWIPE SAME DIRECTION,NOT DIVIDED,,STRAIGHT AND LEVEL,UNKNOWN,UNKNOWN,NOT ON SCENE (DESK REPORT),NO INJURY / DRIVE AWAY,,,,"$501 - $1,500",3/13/2022 16:30,IMPROPER OVERTAKING/PASSING,IMPROPER OVERTAKING/PASSING,3100,W,MONTROSE AVE,1724,,,,,,,2,NO INDICATION OF INJURY,0,0,0,0,0,2,0,15,1,3,41.9613129,-87.70586237,POINT (-87.705862370938 41.961312903299)
386f7ac449225212778f675d613579958a652467a54b2673ceb39b427eaf076bd6c5c23bec1874a35f53123d8201e57043bb0b959b0f39e20e9d91862001d606,JF172724,,3/13/2022 16:30,25,STOP SIGN/FLASHER,FUNCTIONING PROPERLY,CLEAR,DAYLIGHT,TURNING,NOT DIVIDED,,STRAIGHT AND LEVEL,DRY,NO DEFECTS,ON SCENE,INJURY AND / OR TOW DUE TO CRASH,Y,,Y,"OVER $1,500",3/13/2022 16:38,UNABLE TO DETERMINE,UNABLE TO DETERMINE,2562,S,WASHTENAW AVE,1034,,,,,,,2,NO INDICATION OF INJURY,0,0,0,0,0,4,0,16,1,3,41.84481639,-87.6929404,POINT (-87.692940400036 41.844816386275)