CRASH_RECORD_ID,RD_NO,CRASH_DATE_EST_I,CRASH_DATE,POSTED_SPEED_LIMIT,TRAFFIC_CONTROL_DEVICE,DEVICE_CONDITION,WEATHER_CONDITION,LIGHTING_CONDITION,FIRST_CRASH_TYPE,TRAFFICWAY_TYPE,LANE_CNT,ALIGNMENT,ROADWAY_SURFACE_COND,ROAD_DEFECT,REPORT_TYPE,CRASH_TYPE,INTERSECTION_RELATED_I,NOT_RIGHT_OF_WAY_I,HIT_AND_RUN_I,DAMAGE,DATE_POLICE_NOTIFIED,PRIM_CONTRIBUTORY_CAUSE,SEC_CONTRIBUTORY_CAUSE,STREET_NO,STREET_DIRECTION,STREET_NAME,BEAT_OF_OCCURRENCE,PHOTOS_TAKEN_I,STATEMENTS_TAKEN_I,DOORING_I,WORK_ZONE_I,WORK_ZONE_TYPE,WORKERS_PRESENT_I,NUM_UNITS,MOST_SEVERE_INJURY,INJURIES_TOTAL,INJURIES_FATAL,INJURIES_INCAPACITATING,INJURIES_NON_INCAPACITATING,INJURIES_REPORTED_NOT_EVIDENT,INJURIES_NO_INDICATION,INJURIES_UNKNOWN,CRASH_HOUR,CRASH_DAY_OF_WEEK,CRASH_MONTH,LATITUDE,LONGITUDE,LOCATION
44723c8677ec35f282ca004baed1a836e2e65b631b9b5456e8896b5560003c5c6d739bc1552d15658e0b7728507dda3b3d1a85af61f2b872e0769627093feefb,JF172888,,3/13/2022 20:08,5,NO CONTROLS,NO CONTROLS,CLEAR,"DARKNESS, LIGHTED ROAD",PARKED MOTOR VEHICLE,PARKING LOT,,STRAIGHT AND LEVEL,DRY,UNKNOWN,ON SCENE,NO INJURY / DRIVE AWAY,,Y,,$500 OR LESS,3/13/2022 20:08,UNABLE TO DETERMINE,UNABLE TO DETERMINE,130,N,PARKSIDE AVE,1512,,,,,,,2,NO INDICATION OF INJURY,0,0,0,0,0,1,0,20,1,3,41.88324118,-87.7667599,POINT (-87.766759903296 41.883241184091)
87583b74b900ab955c1c96dfb6c25ab6d349082c875d7b8f7a5069f8c1e791268b40657a65e8dbaf376afb7e3e4b5d73e9daa7b95a928b68a3135551f2f265d5,JF173048,,3/14/2022 0:06,30,NO CONTROLS,NO CONTROLS,CLEAR,"DARKNESS, LIGHTED ROAD",PARKED MOTOR VEHICLE,NOT DIVIDED,,STRAIGHT AND LEVEL,DRY,NO DEFECTS,ON SCENE,INJURY AND / OR TOW DUE TO CRASH,,,,"OVER $1,500",3/14/2022 0:07,UNDER THE INFLUENCE OF ALCOHOL/DRUGS (USE WHEN ARREST IS EFFECTED),PHYSICAL CONDITION OF DRIVER,1141,E,50TH ST,222,,,,,,,3,NO INDICATION OF INJURY,0,0,0,0,0,1,0,0,2,3,41.80406401,-87.59753485,POINT (-87.597534844548 41.804064011909)
43c5cd832b6dbeeab3126f3eeca01aec5ca78900ae28a2257497c66a5a64b34716a915809e497a2f7e5c3a6148381ed61077db9fbca06a903facc9300fa74d74,JF180191,,3/20/2022 9:45,40,DELINEATORS,FUNCTIONING PROPERLY,CLEAR,DAYLIGHT,SIDESWIPE SAME DIRECTION,DIVIDED - W/MEDIAN BARRIER,,STRAIGHT AND LEVEL,DRY,NO DEFECTS,ON SCENE,INJURY AND / OR TOW DUE TO CRASH,,,,"OVER $1,500",3/20/2022 9:46,IMPROPER LANE USAGE,NOT APPLICABLE,701,N,LAKE SHORE DR NB,1834,,,,,,,3,NONINCAPACITATING INJURY,1,0,0,1,0,3,0,9,1,3,41.89517866,-87.61538029,POINT (-87.615380290346 41.895178657868)
44bc84a018ff4dd6015f2c951c548bba96eab66c5f70a5aeabebc3466cd23f220f46e45b06084598b4d9e7adbddcd2d2fde77fe59a6c6af6ba6c1492aca848a0,JF180801,,3/20/2022 21:05,25,NO CONTROLS,NO CONTROLS,CLEAR,DARKNESS,PARKED MOTOR VEHICLE,NOT DIVIDED,,STRAIGHT AND LEVEL,DRY,NO DEFECTS,ON SCENE,NO INJURY / DRIVE AWAY,,,Y,"$501 - $1,500",3/20/2022 21:06,UNABLE TO DETERMINE,UNABLE TO DETERMINE,5034,S,JUSTINE ST,933,,,,,,,2,NO INDICATION OF INJURY,0,0,0,0,0,1,0,21,1,3,41.80210066,-87.66372813,POINT (-87.663728124787 41.802100654612)
4b40cf375022c3f84d8ab7740213f13216d3e494baa70aafaed78d32fb87c7b6c528e80c67d7107941062c4680d55e3fc0e6d8e3024fd6e02f67388e18743499,JF171656,,3/12/2022 14:45,30,NO CONTROLS,NO CONTROLS,CLEAR,DAYLIGHT,REAR END,DIVIDED - W/MEDIAN BARRIER,,STRAIGHT AND LEVEL,DRY,NO DEFECTS,ON SCENE,NO INJURY / DRIVE AWAY,,,,$500 OR LESS,3/12/2022 15:00,FOLLOWING TOO CLOSELY,NOT APPLICABLE,829,E,95TH ST,511,,,,,,,2,NO INDICATION OF INJURY,0,0,0,0,0,7,0,14,7,3,41.72193798,-87.60321034,POINT (-87.603210341226 41.721937982338)
17696f91002955f6004fd61471fac7432a0c1e11339fcadaaf607b59ffbb85bed313eef0881ed923fb1046102c43e8b2103b0db8653e1b489e7ade31ed433a72,JF172585,,3/13/2022 14:10,30,TRAFFIC SIGNAL,FUNCTIONING PROPERLY,CLEAR,DAYLIGHT,SIDESWIPE SAME DIRECTION,ONE-WAY,,STRAIGHT AND LEVEL,DRY,NO DEFECTS,ON SCENE,NO INJURY / DRIVE AWAY,,,,"OVER $1,500",3/13/2022 14:10,UNABLE TO DETERMINE,UNABLE TO DETERMINE,628,N,CLARK ST,1832,,,,,,,2,NO INDICATION OF INJURY,0,0,0,0,0,4,0,14,1,3,41.89318763,-87.63131472,POINT (-87.631314720159 41.893187628353)
2755baa37401e76fa15aa9545e7add5d09ed5053389806c00457a9ee782dfc411cd6466efd1f0463eb7ce415c103ac571a562707f24eeb082d120811fcbe12ef,JF172756,,3/13/2022 17:13,30,NO CONTROLS,NO CONTROLS,CLEAR,DAYLIGHT,TURNING,NOT DIVIDED,,STRAIGHT AND LEVEL,DRY,NO DEFECTS,ON SCENE,INJURY AND / OR TOW DUE TO CRASH,,,,"OVER $1,500",3/13/2022 17:15,IMPROPER TURNING/NO SIGNAL,UNABLE TO DETERMINE,3644,S,ARCHER AVE,912,,,,,,,2,NO INDICATION OF INJURY,0,0,0,0,0,2,0,17,1,3,41.8275839,-87.68245444,POINT (-87.682454442461 41.827583896764)
ec966f12b2c00168de97ec03d38c50e31e3385af71a5802a469794fca1fcfc2e6f04f37e60626d0435aa6a0b47c811fcd9e3da384fbb889789ff3b6f52c5ccf4,JF172535,,3/11/2022 15:00,30,NO CONTROLS,NO CONTROLS,CLEAR,DAYLIGHT,PARKED MOTOR VEHICLE,NOT DIVIDED,,STRAIGHT AND LEVEL,DRY,UNKNOWN,NOT ON SCENE (DESK REPORT),NO INJURY / DRIVE AWAY,,,,"$501 - $1,500",3/13/2022 13:48,IMPROPER BACKING,BICYCLE ADVANCING LEGALLY ON RED LIGHT,3401,W,DEVON AVE,1711,,,,,,,2,NO INDICATION OF INJURY,0,0,0,0,0,1,0,15,6,3,41.9971984,-87.71434623,POINT (-87.714346233033 41.997198398678)
5c7ef6df70d5ec631ca37bf43a6a887fa688cffd5895b990d6b42ee9b2b61c0b4ab782bb2e0b2195ef726cb7667fc8f95089d6435ccbb53f4493481170520320,JF171329,,3/12/2022 10:30,35,NO CONTROLS,NO CONTROLS,CLEAR,DAYLIGHT,REAR TO SIDE,NOT DIVIDED,,STRAIGHT AND LEVEL,DRY,NO DEFECTS,ON SCENE,NO INJURY / DRIVE AWAY,,,,"OVER $1,500",3/12/2022 10:40,FAILING TO YIELD RIGHT-OF-WAY,NOT APPLICABLE,11012,S,FAIRFIELD AVE,2212,,,,,,,2,NO INDICATION OF INJURY,0,0,0,0,0,2,0,10,7,3,41.69308894,-87.68995642,POINT (-87.689956421862 41.693088941151)
202939530376005d233805c05250e4fc5ed4c05ae77ad89516dca8fbe750cd9ab282cbaa0d745000333919e8f1ce93944f9be44c57fb63d8fc878a13cf7a2f62,JF172928,,3/13/2022 20:35,25,NO CONTROLS,NO CONTROLS,CLEAR,"DARKNESS, LIGHTED ROAD",PARKED MOTOR VEHICLE,NOT DIVIDED,,STRAIGHT AND LEVEL,DRY,NO DEFECTS,NOT ON SCENE (DESK REPORT),NO INJURY / DRIVE AWAY,,,,"$501 - $1,500",3/13/2022 20:43,IMPROPER BACKING,UNABLE TO DETERMINE,1499,W,ARGYLE ST,2033,,,,,,,2,NO INDICATION OF INJURY,0,0,0,0,0,1,0,20,1,3,41.97243761,-87.66783109,POINT (-87.667831087669 41.972437607338)
313b5707be7d6322cdf5ab144321067bebe3d2c548e0a7b8522366e49bfce05cb280cd160e30ebf2499b6129004b7bc7a62cc912720a4e9597d1a819de386e1f,JF172766,,3/13/2022 16:40,15,NO CONTROLS,NO CONTROLS,CLEAR,DAYLIGHT,PARKED MOTOR VEHICLE,PARKING LOT,,STRAIGHT AND LEVEL,DRY,NO DEFECTS,ON SCENE,INJURY AND / OR TOW DUE TO CRASH,,,Y,"OVER $1,500",3/13/2022 17:21,UNABLE TO DETERMINE,UNABLE TO DETERMINE,7546,S,STONY ISLAND AVE,411,,,,,,,2,NONINCAPACITATING INJURY,3,0,0,3,0,2,0,16,1,3,41.75733772,-87.58624855,POINT (-87.58624854827 41.757337720984)
6e0e737aad1a3ce5c058983af841784c3a7f1a1dee9bb28a8cbe77cb4fabe51671dfcfdef737e2d5aa3255d7c6bb7ab3025892929d8d3f1b47cff15e1ded8154,JF172734,,3/13/2022 15:40,30,TRAFFIC SIGNAL,FUNCTIONING IMPROPERLY,CLEAR,DAYLIGHT,REAR END,DIVIDED - W/MEDIAN (NOT RAISED),,STRAIGHT AND LEVEL,DRY,NO DEFECTS,ON SCENE,INJURY AND / OR TOW DUE TO CRASH,,,,"OVER $1,500",3/13/2022 16:34,DRIVING SKILLS/KNOWLEDGE/EXPERIENCE,UNABLE TO DETERMINE,159,E,111TH ST,531,,,,,,,2,"REPORTED, NOT EVIDENT",1,0,0,0,1,1,0,15,1,3,41.69253721,-87.61862923,POINT (-87.618629224972 41.692537207896)
0625412684f75e64507ebc748fbedf690d12a93ebe12cb34e60da3db84e836636e80a325e9273f622e18513be31a4e7950c8a7ff8ae0bfbd81d6d8e13e2d9360,JF164547,,3/5/2022 14:15,25,STOP SIGN/FLASHER,FUNCTIONING PROPERLY,CLEAR,DAYLIGHT,ANGLE,ONE-WAY,,STRAIGHT AND LEVEL,DRY,NO DEFECTS,NOT ON SCENE (DESK REPORT),NO INJURY / DRIVE AWAY,Y,,Y,"OVER $1,500",3/5/2022 19:45,UNABLE TO DETERMINE,UNABLE TO DETERMINE,600,N,PARKSIDE AVE,1511,,,,,,,2,NO INDICATION OF INJURY,0,0,0,0,0,2,0,14,7,3,41.89117159,-87.76668098,POINT (-87.766680982237 41.891171586826)
e9239584ce498af4db58656275f8faa2ff60dd938afdffd9a34c6b16d5062910d670a3b89b96da18ff8aead0ed62a491721b3f02b4ef652d077b571dab242eac,JF169228,,3/8/2022 15:30,25,UNKNOWN,UNKNOWN,UNKNOWN,DAYLIGHT,SIDESWIPE SAME DIRECTION,DIVIDED - W/MEDIAN (NOT RAISED),,STRAIGHT AND LEVEL,UNKNOWN,UNKNOWN,NOT ON SCENE (DESK REPORT),NO INJURY / DRIVE AWAY,,,,"$501 - $1,500",3/10/2022 13:00,UNABLE TO DETERMINE,UNABLE TO DETERMINE,98,E,GARFIELD BLVD,225,,,,,,,2,NO INDICATION OF INJURY,0,0,0,0,0,2,0,15,3,3,41.7948015,-87.62255189,POINT (-87.622551893297 41.794801502324)
2df91c3c949dac0b459f6e673596c2dbc7ac8e86b61c5025984debd0877770cbfddb5302bd800101efc18a6b294362e8c1827419d30df2585082e0bb0f374fd4,JF171889,,3/12/2022 17:56,30,NO CONTROLS,NO CONTROLS,CLEAR,DAYLIGHT,ANGLE,NOT DIVIDED,,STRAIGHT AND LEVEL,DRY,UNKNOWN,ON SCENE,INJURY AND / OR TOW DUE TO CRASH,Y,,Y,"OVER $1,500",3/12/2022 18:33,UNABLE TO DETERMINE,NOT APPLICABLE,7900,S,INGLESIDE AVE,624,,,,,,,2,NONINCAPACITATING INJURY,3,0,0,3,0,1,0,17,7,3,41.75123307,-87.60169141,POINT (-87.601691414471 41.751233070017)
23973f101826faab2b4b351415e16d5508c88b624b6cfb3782b606a5a2debb4305fbefb1f6dd3bd18279286a24ff38f16ff5ddf4e0a038adfd625653731c77e7,JF172776,,3/13/2022 17:00,30,TRAFFIC SIGNAL,UNKNOWN,CLEAR,DAYLIGHT,ANGLE,NOT DIVIDED,,STRAIGHT AND LEVEL,UNKNOWN,UNKNOWN,NOT ON SCENE (DESK REPORT),NO INJURY / DRIVE AWAY,Y,,Y,"$501 - $1,500",3/13/2022 17:35,DISREGARDING TRAFFIC SIGNALS,DISREGARDING TRAFFIC SIGNALS,200,N,JEFFERSON ST,1214,,,,,,,2,NO INDICATION OF INJURY,0,0,0,0,0,2,0,17,1,3,41.88575802,-87.64292192,POINT (-87.64292191698 41.885758017792)
08a25bb5b22e90e3ef01576b2cfedcf5dceb82c63622bf80cb08b54081d04f2bb0d6ba7fca733455d60405ecc4f5be131303d62c050f9c9777965077c73e2732,JF165664,,3/6/2022 23:00,30,NO CONTROLS,NO CONTROLS,RAIN,"DARKNESS, LIGHTED ROAD",PARKED MOTOR VEHICLE,NOT DIVIDED,,STRAIGHT AND LEVEL,WET,NO DEFECTS,ON SCENE,NO INJURY / DRIVE AWAY,,,Y,"$501 - $1,500",3/6/2022 23:58,UNABLE TO DETERMINE,UNABLE TO DETERMINE,5915,S,KILBOURN AVE,813,,,,,,,2,NO INDICATION OF INJURY,0,0,0,0,0,1,0,23,1,3,41.78532612,-87.73503031,POINT (-87.735030309041 41.785326119445)
56fa8413488cb964a6fdc2f4795cb0c81887bc3b328a2ab25b7c1b37b5f312d7777812dcbcad93d111eb9faedd29ea8bfa6a0675d3b340fc6cbdea252c476aad,JF172376,,3/13/2022 10:25,30,STOP SIGN/FLASHER,FUNCTIONING PROPERLY,CLEAR,DAYLIGHT,TURNING,ROUNDABOUT,,"CURVE, LEVEL",DRY,NO DEFECTS,NOT ON SCENE (DESK REPORT),NO INJURY / DRIVE AWAY,,,Y,"$501 - $1,500",3/13/2022 10:45,FAILING TO REDUCE SPEED TO AVOID CRASH,UNABLE TO DETERMINE,4029,W,BELDEN AVE,2525,,,,,,,2,NO INDICATION OF INJURY,0,0,0,0,0,2,0,10,1,3,41.92253036,-87.72789197,POINT (-87.727891973874 41.922530363124)
9b48b4e6df5fe3c5523ba47559da8b86a5786cbfd959e1e134cd1bbfd4bc7566b74f5d2fb70d1b7be70d640f3cd07820c83b67b34e72f609dd722a6e9e3d5442,JF172672,,3/13/2022 15:50,30,NO CONTROLS,NO CONTROLS,CLEAR,DAYLIGHT,PARKED MOTOR VEHICLE,ONE-WAY,,STRAIGHT AND LEVEL,DRY,NO DEFECTS,ON SCENE,INJURY AND / OR TOW DUE TO CRASH,,,,"OVER $1,500",3/13/2022 15:54,UNABLE TO DETERMINE,NOT APPLICABLE,215,N,KILBOURN AVE,1113,,,,,,,4,NONINCAPACITATING INJURY,2,0,0,2,0,0,0,15,1,3,41.88377356,-87.73788342,POINT (-87.737883415265 41.883773557435)
a63d9f979c329eca95c48bbf41f861bc14d8811ce4e0bcd6ef78077cdf858fbc4460f1070860c0ad51dce7782599bf4aed1398a1360946d650ff63d7da445165,JF172352,Y,3/13/2022 9:00,30,UNKNOWN,UNKNOWN,UNKNOWN,UNKNOWN,PARKED MOTOR VEHICLE,ONE-WAY,,STRAIGHT AND LEVEL,UNKNOWN,UNKNOWN,NOT ON SCENE (DESK REPORT),NO INJURY / DRIVE AWAY,,,Y,"$501 - $1,500",3/13/2022 10:28,UNABLE TO DETERMINE,NOT APPLICABLE,6318,S,FAIRFIELD AVE,825,,,,,,,2,NO INDICATION OF INJURY,0,0,0,0,0,1,0,9,1,3,41.77850941,-87.69230475,POINT (-87.692304751232 41.778509414417)
2c449400d4cd02f6ce75e70cf982ec6cc29bb163dfa560fe98bb339a47b137926a60cd05fd665e7d16ca5be02440738a32458b40e0c3c74eff8f70ad6b4526f2,JF171450,,3/9/2022 0:01,30,NO CONTROLS,NO CONTROLS,CLEAR,"DARKNESS, LIGHTED ROAD",PARKED MOTOR VEHICLE,NOT DIVIDED,,STRAIGHT AND LEVEL,DRY,NO DEFECTS,NOT ON SCENE (DESK REPORT),NO INJURY / DRIVE AWAY,,,Y,"OVER $1,500",3/12/2022 12:50,UNABLE TO DETERMINE,NOT APPLICABLE,730,N,STATE ST,1832,,,,,,,2,NO INDICATION OF INJURY,0,0,0,0,0,1,0,0,4,3,41.89579053,-87.62832483,POINT (-87.628324831224 41.895790525067)
1cef65940e7cf0caafec62dc55e6c13fcb19daa38806b5cb0e0991c69c556bae101531f2108418269dbf422f7d130c520166a206506edab8f8ad7719daa66711,JF171812,,3/12/2022 13:55,30,NO CONTROLS,NO CONTROLS,CLEAR,DAYLIGHT,ANGLE,PARKING LOT,,STRAIGHT AND LEVEL,UNKNOWN,UNKNOWN,NOT ON SCENE (DESK REPORT),NO INJURY / DRIVE AWAY,,,,"OVER $1,500",3/12/2022 17:45,UNABLE TO DETERMINE,UNABLE TO DETERMINE,7342,W,FOSTER AVE,1613,,,,,,,2,NO INDICATION OF INJURY,0,0,0,0,0,2,0,13,7,3,41.97454295,-87.81134688,POINT (-87.811346884218 41.974542947709)
287bfa0d03599205337fe39e3e3d12175b761b71ec0079c2f2720121da1808cf222476e42edc24c6bd702b849b5bc1fc12415d25de6c4736166eb11ced77bb81,JF172039,,3/12/2022 21:56,30,NO CONTROLS,NO CONTROLS,CLEAR,"DARKNESS, LIGHTED ROAD",PEDESTRIAN,NOT DIVIDED,,STRAIGHT AND LEVEL,DRY,NO DEFECTS,ON SCENE,INJURY AND / OR TOW DUE TO CRASH,,,Y,$500 OR LESS,3/12/2022 22:29,UNABLE TO DETERMINE,UNABLE TO DETERMINE,2040,N,MILWAUKEE AVE,1431,,Y,,,,,2,"REPORTED, NOT EVIDENT",1,0,0,0,1,1,0,21,7,3,41.9183544,-87.69013733,POINT (-87.690137327983 41.918354396553)
43cdd9013f1c7c2d72032fbeccbe65493d894cbd2fd206541eee0548cd0fb7df4d387ac9eb95a12311845bf988479b947df60c0b946d6061ab243d294431277b,JF172802,,3/13/2022 17:15,30,NO CONTROLS,NO CONTROLS,CLEAR,DAYLIGHT,SIDESWIPE SAME DIRECTION,NOT DIVIDED,,STRAIGHT AND LEVEL,UNKNOWN,UNKNOWN,NOT ON SCENE (DESK REPORT),NO INJURY / DRIVE AWAY,,,Y,"$501 - $1,500",3/13/2022 18:00,UNABLE TO DETERMINE,UNABLE TO DETERMINE,3950,N,KEDZIE AVE,1733,,,,,,,2,NO INDICATION OF INJURY,0,0,0,0,0,3,0,17,1,3,41.95360281,-87.70815171,POINT (-87.708151707136 41.953602808036)
4c2059ed259693d256ce52afabbe6a82ff4f36787dd2090e43f28603e732d5c2bd73bdcf273057889e5286880ffaa4357c7cd85edb234c93b33918ee272bd609,JF172573,,3/13/2022 14:00,30,OTHER,OTHER,CLEAR,DAYLIGHT,REAR END,DIVIDED - W/MEDIAN (NOT RAISED),,STRAIGHT AND LEVEL,DRY,NO DEFECTS,ON SCENE,NO INJURY / DRIVE AWAY,,,,"OVER $1,500",3/13/2022 14:20,FOLLOWING TOO CLOSELY,NOT APPLICABLE,38,E,ROOSEVELT RD,123,Y,Y,,,,,2,NO INDICATION OF INJURY,0,0,0,0,0,4,0,14,1,3,41.86754128,-87.62587332,POINT (-87.62587331546 41.867541284114)
75f7eb1be90548f8e3c40936cc212d9e7d5c8a91c943687a7477e697d8320978e10151d4aa5baf397d49a448e322c72653d74ed29b38ce9f7942650d92374a6a,JF172737,,3/13/2022 16:30,30,TRAFFIC SIGNAL,UNKNOWN,CLEAR,DAYLIGHT,REAR END,NOT DIVIDED,,STRAIGHT AND LEVEL,UNKNOWN,UNKNOWN,NOT ON SCENE (DESK REPORT),NO INJURY / DRIVE AWAY,,,,"OVER $1,500",3/13/2022 16:50,UNABLE TO DETERMINE,UNABLE TO DETERMINE,4900,W,BELMONT AVE,1634,,,,,,,2,NO INDICATION OF INJURY,0,0,0,0,0,2,0,16,1,3,41.93890457,-87.74937225,POINT (-87.749372251528 41.938904567312)
877680b7fe94b48565f02a95250fd5140257dd54c241b611486f23b466d0ed321fbb502e4e0bfe2fb9b42434c9075cfb47f9f28faba291b6adfd5fc29049209a,JF172865,,3/13/2022 17:30,25,NO CONTROLS,NO CONTROLS,CLEAR,DAYLIGHT,PARKED MOTOR VEHICLE,ONE-WAY,,STRAIGHT AND LEVEL,DRY,NO DEFECTS,ON SCENE,INJURY AND / OR TOW DUE TO CRASH,,,Y,"OVER $1,500",3/13/2022 19:21,UNABLE TO DETERMINE,NOT APPLICABLE,7842,S,DREXEL AVE,624,,,,,,,2,NO INDICATION OF INJURY,0,0,0,0,0,1,0,17,1,3,41.75185639,-87.6029164,POINT (-87.602916401033 41.751856390303)
4441f70c49ad6370c3821eb72c40058711ed9c189411b3f4b5948f5a57cb03957d63de114235f020b985c6e1a827b5e0d93db42d8aa0e687de6465807ac60ae4,JD458115,,12/13/2020 15:14,30,TRAFFIC SIGNAL,FUNCTIONING PROPERLY,CLEAR,DAYLIGHT,TURNING,DIVIDED - W/MEDIAN BARRIER,,STRAIGHT AND LEVEL,DRY,NO DEFECTS,,INJURY AND / OR TOW DUE TO CRASH,,,,"OVER $1,500",12/13/2020 15:20,UNABLE TO DETERMINE,NOT APPLICABLE,7900,S,STONY ISLAND AVE,411,,,,,,,2,NONINCAPACITATING INJURY,1,0,0,1,0,1,0,15,1,12,41.7514606,-87.58597199,POINT (-87.585971992965 41.751460603167)
47e4d1fb213120ff91a59161aee4669597aa7c81181cf9ca3c3390b4fe2a9d46ec66aad412ab1997e36b168228bd79f0e33bcb8e3f8bb993d3f67a14a882bb2b,JF183888,,3/21/2022 0:00,30,NO CONTROLS,NOT FUNCTIONING,CLEAR,"DARKNESS, LIGHTED ROAD",PARKED MOTOR VEHICLE,NOT DIVIDED,,STRAIGHT AND LEVEL,WET,NO DEFECTS,NOT ON SCENE (DESK REPORT),NO INJURY / DRIVE AWAY,,,Y,"$501 - $1,500",3/23/2022 14:10,UNABLE TO DETERMINE,UNABLE TO DETERMINE,1080,S,PLYMOUTH CT,123,,,,,,,2,NO INDICATION OF INJURY,0,0,0,0,0,1,0,0,2,3,41.86923699,-87.62870906,POINT (-87.628709057864 41.869236993158)
66de2aafcfc0f7de10962b2407ebb832263b83fbe66735c1c267803e31b0876c61fe3d369e0c1dc08302a3ec87b9c32f0dfead2381c7d0f34fa31ee89759f20b,JF171786,,3/11/2022 17:27,30,TRAFFIC SIGNAL,FUNCTIONING PROPERLY,CLEAR,DUSK,TURNING,DIVIDED - W/MEDIAN (NOT RAISED),,STRAIGHT AND LEVEL,DRY,NO DEFECTS,NOT ON SCENE (DESK REPORT),NO INJURY / DRIVE AWAY,,,Y,"OVER $1,500",3/12/2022 17:00,UNABLE TO DETERMINE,UNABLE TO DETERMINE,13000,S,SAGINAW AVE,433,,,,,,,2,NO INDICATION OF INJURY,0,0,0,0,0,2,0,17,6,3,41.6591334,-87.55821822,POINT (-87.558218220774 41.65913340448)
34d9be2e6ca6a971f793b370a3708e9d61d434edd63e0bf958dc22b7747e74fe0853334018b246e0a964866a25a148f0e92b992e52a87825e5c8bbb68dec3638,JF171115,,3/12/2022 4:00,30,NO CONTROLS,NO CONTROLS,CLEAR,"DARKNESS, LIGHTED ROAD",FIXED OBJECT,DIVIDED - W/MEDIAN BARRIER,,STRAIGHT AND LEVEL,DRY,NO DEFECTS,ON SCENE,INJURY AND / OR TOW DUE TO CRASH,,,,"OVER $1,500",3/12/2022 4:05,DISREGARDING ROAD MARKINGS,UNABLE TO DETERMINE,335,N,ASHLAND AVE,1215,,,,,,,1,NONINCAPACITATING INJURY,1,0,0,1,0,0,0,4,7,3,41.88740601,-87.66689199,POINT (-87.666891992872 41.887406013235)
7fcc315cdae8793512cc4997f234d492ba29ad1b58824f1f568b252b7b246519697760823da56057f7c15c72ebb1b2e6ec962f4dd82d5db2775e1aeacce93829,JF171682,,3/12/2022 15:59,30,TRAFFIC SIGNAL,FUNCTIONING PROPERLY,CLEAR,DAYLIGHT,SIDESWIPE SAME DIRECTION,NOT DIVIDED,,STRAIGHT AND LEVEL,DRY,NO DEFECTS,ON SCENE,INJURY AND / OR TOW DUE TO CRASH,Y,,,"OVER $1,500",3/12/2022 15:59,UNABLE TO DETERMINE,NOT APPLICABLE,200,E,83RD ST,631,,,,,,,3,NONINCAPACITATING INJURY,1,0,0,1,0,3,0,15,7,3,41.74384296,-87.61949235,POINT (-87.619492344749 41.743842954839)
17ea58dd0ce92ade566537a2504ea6e59e620f49e66fee52d6b4c65b63bfbb1652e769a5cdf7670ba219b325f54b363aeecfeb7d461a715e7cea2630815ac51e,JF172514,,3/13/2022 12:27,30,TRAFFIC SIGNAL,FUNCTIONING PROPERLY,CLEAR,DAYLIGHT,TURNING,NOT DIVIDED,,STRAIGHT AND LEVEL,DRY,NO DEFECTS,NOT ON SCENE (DESK REPORT),NO INJURY / DRIVE AWAY,Y,,,"$501 - $1,500",3/13/2022 13:20,UNABLE TO DETERMINE,UNABLE TO DETERMINE,998,W,WILLOW ST,1811,,,,,,,2,NO INDICATION OF INJURY,0,0,0,0,0,2,0,12,1,3,41.91380203,-87.65343189,POINT (-87.653431888221 41.913802034191)
393f057728c2e0f3fe7d1a4a79cad2a03f25bda6b876ae7d9a45574bdf092d3715868b7ea6f6d913a9d1e24e35f0fb3f155ac940f457715cfd685c7ce6ec8450,JF172970,,3/13/2022 20:47,30,NO CONTROLS,NO CONTROLS,CLEAR,UNKNOWN,SIDESWIPE SAME DIRECTION,T-INTERSECTION,,STRAIGHT AND LEVEL,DRY,UNKNOWN,NOT ON SCENE (DESK REPORT),INJURY AND / OR TOW DUE TO CRASH,,,,"OVER $1,500",3/13/2022 21:30,UNABLE TO DETERMINE,UNABLE TO DETERMINE,558,E,79TH ST,624,,,,,,,2,"REPORTED, NOT EVIDENT",1,0,0,0,1,1,0,20,1,3,41.751308,-87.61014642,POINT (-87.610146415733 41.751308000997)
70dda61d1fcbf7f0684dd5bfd1b424911da91d4e682ea6aa0f563223aea49a20fa23404ca6b00da9145b6ef3a38421c481dc47185c79c0664a4a137812a5cf2b,JF172164,,3/13/2022 3:28,30,TRAFFIC SIGNAL,FUNCTIONING PROPERLY,CLEAR,"DARKNESS, LIGHTED ROAD",TURNING,FOUR WAY,,STRAIGHT AND LEVEL,DRY,NO DEFECTS,ON SCENE,INJURY AND / OR TOW DUE TO CRASH,Y,,,"OVER $1,500",3/13/2022 3:30,UNABLE TO DETERMINE,UNABLE TO DETERMINE,6700,S,JEFFERY BLVD,332,,,,,,,2,NO INDICATION OF INJURY,0,0,0,0,0,2,0,3,1,3,41.77336841,-87.57663855,POINT (-87.576638552177 41.773368408547)