CRASH_RECORD_ID,RD_NO,CRASH_DATE_EST_I,CRASH_DATE,POSTED_SPEED_LIMIT,TRAFFIC_CONTROL_DEVICE,DEVICE_CONDITION,WEATHER_CONDITION,LIGHTING_CONDITION,FIRST_CRASH_TYPE,TRAFFICWAY_TYPE,LANE_CNT,ALIGNMENT,ROADWAY_SURFACE_COND,ROAD_DEFECT,REPORT_TYPE,CRASH_TYPE,INTERSECTION_RELATED_I,NOT_RIGHT_OF_WAY_I,HIT_AND_RUN_I,DAMAGE,DATE_POLICE_NOTIFIED,PRIM_CONTRIBUTORY_CAUSE,SEC_CONTRIBUTORY_CAUSE,STREET_NO,STREET_DIRECTION,STREET_NAME,BEAT_OF_OCCURRENCE,PHOTOS_TAKEN_I,STATEMENTS_TAKEN_I,DOORING_I,WORK_ZONE_I,WORK_ZONE_TYPE,WORKERS_PRESENT_I,NUM_UNITS,MOST_SEVERE_INJURY,INJURIES_TOTAL,INJURIES_FATAL,INJURIES_INCAPACITATING,INJURIES_NON_INCAPACITATING,INJURIES_REPORTED_NOT_EVIDENT,INJURIES_NO_INDICATION,INJURIES_UNKNOWN,CRASH_HOUR,CRASH_DAY_OF_WEEK,CRASH_MONTH,LATITUDE,LONGITUDE,LOCATION
483cbbde9b067125e8629c29e3e11c5516b86db3943deddbde3b1fc7e298a40a2d4849e4c5270e87ad0b8803926c0b73883882fadcb5522a77ec07c0c7c8f614,JF180478,,3/20/2022 15:19,25,NO CONTROLS,NO CONTROLS,CLEAR,DAYLIGHT,REAR END,NOT DIVIDED,,STRAIGHT AND LEVEL,DRY,NO DEFECTS,ON SCENE,INJURY AND / OR TOW DUE TO CRASH,Y,,,"OVER $1,500",3/20/2022 15:19,FOLLOWING TOO CLOSELY,IMPROPER OVERTAKING/PASSING,2241,W,TOUHY AVE,2411,,,,,,,2,NO INDICATION OF INJURY,0,0,0,0,0,2,0,15,1,3,42.01214573,-87.68777336,POINT (-87.687773359649 42.012145726485)
03dedbbba249951503916676bb42be20472924d2cd54f7ef8e81ba3f9753baf38380ddf8121b8e26b7f74e585ad6021473539dcee038fc80b870ef236ee4760d,JF165550,,3/6/2022 20:40,30,NO CONTROLS,UNKNOWN,CLEAR,"DARKNESS, LIGHTED ROAD",PEDALCYCLIST,ONE-WAY,,STRAIGHT AND LEVEL,DRY,UNKNOWN,ON SCENE,INJURY AND / OR TOW DUE TO CRASH,,,,$500 OR LESS,3/6/2022 20:50,FAILING TO YIELD RIGHT-OF-WAY,UNABLE TO DETERMINE,33,W,ILLINOIS ST,1831,,,,,,,2,NONINCAPACITATING INJURY,1,0,0,1,0,1,0,20,1,3,41.89072891,-87.62938566,POINT (-87.629385656182 41.89072890813)
3039faa492cde9cc09ddf91883a9d9a48ff8e3343a2a9c2ac160cf9b741ea18c8ccfc9d1b901c12c645b91c52734725a429979b1643f83428baa718dec27cabb,JF172848,,3/10/2022 22:16,30,NO CONTROLS,NO CONTROLS,SNOW,"DARKNESS, LIGHTED ROAD",SIDESWIPE SAME DIRECTION,NOT DIVIDED,,STRAIGHT AND LEVEL,SNOW OR SLUSH,UNKNOWN,NOT ON SCENE (DESK REPORT),INJURY AND / OR TOW DUE TO CRASH,,,,"OVER $1,500",3/13/2022 19:00,UNABLE TO DETERMINE,UNABLE TO DETERMINE,830,N,SACRAMENTO BLVD,1211,,,,,,,2,NO INDICATION OF INJURY,0,0,0,0,0,2,0,22,5,3,41.89650831,-87.70237908,POINT (-87.702379082164 41.896508307884)
2258bf54ffbba98134678d00b4d6913195b791a49839af8914d53fea9d1338b265cd6c796d5884556dcad8f597143c25a3a9c3ac7a5092df13d8584cb789bf01,JF171611,,3/12/2022 14:11,30,TRAFFIC SIGNAL,FUNCTIONING PROPERLY,CLEAR,DAYLIGHT,REAR END,NOT DIVIDED,,STRAIGHT AND LEVEL,DRY,NO DEFECTS,ON SCENE,NO INJURY / DRIVE AWAY,,,Y,"OVER $1,500",3/12/2022 15:20,FAILING TO REDUCE SPEED TO AVOID CRASH,DISREGARDING TRAFFIC SIGNALS,2000,N,ASHLAND AVE,1432,,,,,,,2,NO INDICATION OF INJURY,0,0,0,0,0,2,0,14,7,3,41.91794251,-87.66811346,POINT (-87.668113463493 41.917942513293)
4bcdb147c8a64155fe38ab3039bfc44eabc32364c80cd566751fbece697183995ec54a9154f96cf517e4ac67f919deafbc998edac11b8b458a76bfb5908e24aa,JF172861,,3/13/2022 15:30,30,NO CONTROLS,NO CONTROLS,CLEAR,DAYLIGHT,TURNING,NOT DIVIDED,,STRAIGHT AND LEVEL,DRY,NO DEFECTS,NOT ON SCENE (DESK REPORT),NO INJURY / DRIVE AWAY,,,Y,"OVER $1,500",3/13/2022 19:40,IMPROPER BACKING,IMPROPER BACKING,7250,S,WESTERN AVE,832,,,,,,,2,NO INDICATION OF INJURY,0,0,0,0,0,3,0,15,1,3,41.76136856,-87.68329738,POINT (-87.683297376236 41.761368557146)
594e77e1eb576ad1708611b8c551f931b307a120ea7131ff82df467b31c28edb3144ed605c04b7840c391a838cb78dd54ab7a17b065632f94c47c4b0cd426040,JF172764,,3/13/2022 17:00,30,NO CONTROLS,NO CONTROLS,CLEAR,DAYLIGHT,REAR END,NOT DIVIDED,,STRAIGHT AND LEVEL,DRY,NO DEFECTS,ON SCENE,INJURY AND / OR TOW DUE TO CRASH,,,,$500 OR LESS,3/13/2022 17:00,TEXTING,NOT APPLICABLE,4033,W,26TH ST,1031,,,,,,,2,"REPORTED, NOT EVIDENT",1,0,0,0,1,4,0,17,1,3,41.8441272,-87.72569966,POINT (-87.725699657868 41.844127203465)
62218f36b02425390a0cac651167ab6f4d70ac8da0c00a52b099ab26f8aa9090683b4061d74402324edfbe0b7070bf3bb8c79fafc487ed73c15c20f38be3fe19,JF172216,,3/13/2022 4:32,35,TRAFFIC SIGNAL,FUNCTIONING PROPERLY,CLEAR,"DARKNESS, LIGHTED ROAD",FIXED OBJECT,FOUR WAY,,STRAIGHT AND LEVEL,DRY,NO DEFECTS,ON SCENE,INJURY AND / OR TOW DUE TO CRASH,Y,,,"OVER $1,500",3/13/2022 4:34,UNABLE TO DETERMINE,NOT APPLICABLE,6352,N,CICERO AVE,1621,,,,,,,1,NO INDICATION OF INJURY,0,0,0,0,0,3,0,4,1,3,41.99720482,-87.74849061,POINT (-87.748490608776 41.997204819912)
a0085a270c571aa81dc504f280b727e1542033a5843f24e6a31cf7fcf3fb7a67409204ac02d38fceab3e3888ab7eb057ccb9dc14352a92b012444e15eac3616e,JF171441,,3/11/2022 19:08,30,NO CONTROLS,NO CONTROLS,CLEAR,"DARKNESS, LIGHTED ROAD",ANGLE,NOT DIVIDED,,STRAIGHT AND LEVEL,DRY,NO DEFECTS,NOT ON SCENE (DESK REPORT),NO INJURY / DRIVE AWAY,,,,"$501 - $1,500",3/12/2022 12:45,FAILING TO YIELD RIGHT-OF-WAY,DRIVING SKILLS/KNOWLEDGE/EXPERIENCE,23,E,87TH ST,632,,,,,,,2,NO INDICATION OF INJURY,0,0,0,0,0,4,0,19,6,3,41.73623862,-87.62316187,POINT (-87.623161864654 41.736238622863)
9a7124295febb2ead8533bf9bd8ea2148b8b9a8fcadbe34a7a5e095f8a3de202fac26568038670e8cbab33154a9a29873d4aac2521f4a561cf428d89eecc819f,JF171263,,3/12/2022 9:28,30,STOP SIGN/FLASHER,FUNCTIONING PROPERLY,CLEAR,DAYLIGHT,PEDESTRIAN,NOT DIVIDED,,STRAIGHT AND LEVEL,DRY,NO DEFECTS,ON SCENE,NO INJURY / DRIVE AWAY,,,,$500 OR LESS,3/12/2022 9:34,DISREGARDING STOP SIGN,DISREGARDING STOP SIGN,527,W,119TH ST,524,,,,,,,2,NO INDICATION OF INJURY,0,0,0,0,0,2,0,9,7,3,41.67777064,-87.63582612,POINT (-87.635826118685 41.677770642181)
d2cf039887b82eb87da72349e959aeab5c2fbb2dd24946849e73ebb486e9889d77a2cef34200a1ff75e57b0acb2ae3ac3c81e81abb993baeed6714239247db7c,JF171634,,3/12/2022 13:40,30,NO CONTROLS,NO CONTROLS,CLEAR,DAYLIGHT,TURNING,DIVIDED - W/MEDIAN (NOT RAISED),,STRAIGHT AND LEVEL,DRY,SHOULDER DEFECT,ON SCENE,INJURY AND / OR TOW DUE TO CRASH,,,,"OVER $1,500",3/12/2022 15:06,IMPROPER OVERTAKING/PASSING,NOT APPLICABLE,2663,N,ELSTON AVE,1432,,,,,,,2,NO INDICATION OF INJURY,0,0,0,0,0,2,0,13,7,3,41.93011468,-87.68459636,POINT (-87.684596358003 41.930114682144)
2dd5907d88d07bef55f93908e2039ac72714dc7c81c71ceeede0c5077ac4300ceb9bc4fdca1332578bde299f636f6f0eb592e92cb985d79ca47b6970ef8bf999,JF172484,,3/13/2022 12:23,30,NO CONTROLS,NO CONTROLS,CLEAR,DAYLIGHT,PARKED MOTOR VEHICLE,ONE-WAY,,STRAIGHT AND LEVEL,DRY,NO DEFECTS,ON SCENE,NO INJURY / DRIVE AWAY,,,,"$501 - $1,500",3/13/2022 12:30,DRIVING SKILLS/KNOWLEDGE/EXPERIENCE,UNABLE TO DETERMINE,3701,N,WILTON AVE,1923,,,,,,,2,NO INDICATION OF INJURY,0,0,0,0,0,1,0,12,1,3,41.94916788,-87.65302882,POINT (-87.65302882192 41.949167876886)
48ec6310a1170c8712a82a40f16491cb03252cd3a695709d2e5db9e07ca0b44af9bdf921008c93049c746f9eb75e94d8d89d983c6af7cb43d529eef2fbea1bb1,JF172858,,3/13/2022 19:23,30,NO CONTROLS,NO CONTROLS,CLEAR,"DARKNESS, LIGHTED ROAD",REAR END,NOT DIVIDED,,STRAIGHT AND LEVEL,DRY,NO DEFECTS,ON SCENE,INJURY AND / OR TOW DUE TO CRASH,,,Y,"OVER $1,500",3/13/2022 19:29,UNABLE TO DETERMINE,UNABLE TO DETERMINE,4318,S,WESTERN AVE,922,,,,,,,2,NO INDICATION OF INJURY,0,0,0,0,0,2,0,19,1,3,41.8150968,-87.6847586,POINT (-87.684758602034 41.815096800211)
033ffc7783bf871ee5a2edbe4c402a45e2adbda3f07ae47f63a7f13380c1352ef15756de689d15b961ebe2d27ddbe3d937f6bd8ba9806afbe139f479accc5cf5,JF165305,,3/5/2022 14:00,30,NO CONTROLS,NO CONTROLS,CLEAR,DAYLIGHT,SIDESWIPE SAME DIRECTION,NOT DIVIDED,,STRAIGHT AND LEVEL,DRY,NO DEFECTS,NOT ON SCENE (DESK REPORT),NO INJURY / DRIVE AWAY,,,Y,"$501 - $1,500",3/6/2022 16:06,NOT APPLICABLE,NOT APPLICABLE,498,W,GARFIELD BLVD,935,,,,,,,2,NO INDICATION OF INJURY,0,0,0,0,0,3,0,14,7,3,41.7945458,-87.63774996,POINT (-87.637749956008 41.794545803505)
1f1046a1837611abf54fb7fb83a17f602ea8931c77340fb4d7e8ff1fc0fc707737665e29fe0384a7df94d9751a9e741da9d25f2c01631a7be79d34779713cc4f,JF172049,,3/12/2022 22:41,20,NO CONTROLS,NO CONTROLS,CLEAR,"DARKNESS, LIGHTED ROAD",PARKED MOTOR VEHICLE,ONE-WAY,,STRAIGHT AND LEVEL,DRY,NO DEFECTS,ON SCENE,INJURY AND / OR TOW DUE TO CRASH,,,,"OVER $1,500",3/12/2022 22:42,UNABLE TO DETERMINE,UNABLE TO DETERMINE,4536,S,LAMON AVE,814,,,,,,,5,NO INDICATION OF INJURY,0,0,0,0,0,1,0,22,7,3,41.8101273,-87.7458178,POINT (-87.745817802342 41.810127303634)
bddbbb8d3c7748d5dd522d94529fa3a196e30d85768025e37bbde854ef940681cb231bd802f9c7f27b3502aeea4677d508c45cf04e5e14365146eeead85bebed,JF172991,,3/13/2022 21:25,30,TRAFFIC SIGNAL,FUNCTIONING PROPERLY,CLEAR,"DARKNESS, LIGHTED ROAD",TURNING,DIVIDED - W/MEDIAN BARRIER,,STRAIGHT AND LEVEL,DRY,NO DEFECTS,NOT ON SCENE (DESK REPORT),NO INJURY / DRIVE AWAY,,,,"OVER $1,500",3/13/2022 21:30,IMPROPER TURNING/NO SIGNAL,IMPROPER OVERTAKING/PASSING,3600,S,KEDZIE AVE,911,,,,,,,2,NO INDICATION OF INJURY,0,0,0,0,0,2,0,21,1,3,41.82803514,-87.70469773,POINT (-87.704697731614 41.828035141054)
c08ce3376bd068fe1bd75b059330f47e448001e7ffc4bc114034437a815d19867301ec86de6435f9a8022652413e97c0e60721186e8314a8e71d9b551685c4e9,JF172821,,3/13/2022 18:12,30,NO CONTROLS,NO CONTROLS,CLEAR,DAYLIGHT,PARKED MOTOR VEHICLE,ONE-WAY,,STRAIGHT AND LEVEL,DRY,NO DEFECTS,ON SCENE,INJURY AND / OR TOW DUE TO CRASH,,,,"OVER $1,500",3/13/2022 18:14,UNABLE TO DETERMINE,UNABLE TO DETERMINE,1030,N,LONG AVE,1524,,,,,,,7,NONINCAPACITATING INJURY,1,0,0,1,0,0,0,18,1,3,41.89949505,-87.7609477,POINT (-87.760947699409 41.899495047225)
28c99e5d4e442cc2ae6382126061173b812e4ed8ce1d76a1138f2ad57f3cb7fdf4f35cb4628e31daf31ed54761e0803026ff62121817fd863d56a0dd20471234,JF172493,,3/13/2022 12:15,30,NO CONTROLS,NO CONTROLS,CLEAR,DAYLIGHT,SIDESWIPE SAME DIRECTION,NOT DIVIDED,,STRAIGHT AND LEVEL,DRY,NO DEFECTS,,NO INJURY / DRIVE AWAY,,,,"OVER $1,500",3/13/2022 12:45,FAILING TO YIELD RIGHT-OF-WAY,FAILING TO REDUCE SPEED TO AVOID CRASH,1501,W,NORTH AVE,1433,,,,,,,2,NO INDICATION OF INJURY,0,0,0,0,0,3,0,12,1,3,41.91055465,-87.66521232,POINT (-87.665212316888 41.910554645603)
49b5b8e3fab743bdf5a4dc40dd0b47857e134ecee236dcb2294ae92fff8ce9d5011c1bc8e1c2bd4a26786f2e6ee53bee2324aac70a6fce7e0d164903ea25ebd2,JE239201,,5/22/2021 20:51,35,NO CONTROLS,NO CONTROLS,CLEAR,"DARKNESS, LIGHTED ROAD",REAR TO FRONT,ONE-WAY,,STRAIGHT AND LEVEL,DRY,NO DEFECTS,,NO INJURY / DRIVE AWAY,,,Y,"OVER $1,500",5/22/2021 20:51,"OPERATING VEHICLE IN ERRATIC, RECKLESS, CARELESS, NEGLIGENT OR AGGRESSIVE MANNER",UNABLE TO DETERMINE,6051,S,INDIANA AVE,311,,,,,,,2,NO INDICATION OF INJURY,0,0,0,0,0,6,0,20,7,5,41.78411875,-87.62042665,POINT (-87.62042665026 41.784118749647)
5aae10283177ffe74db47388934b1d1a5e45897821db0326bf874ceed697d17fc302f1f33a0d8963f6da985198ba9cc69c81ecee3ac5fc4e8e05170fcf383ebc,JF164574,,3/5/2022 18:40,30,NO CONTROLS,NO CONTROLS,UNKNOWN,"DARKNESS, LIGHTED ROAD",SIDESWIPE SAME DIRECTION,DIVIDED - W/MEDIAN BARRIER,,STRAIGHT AND LEVEL,UNKNOWN,UNKNOWN,NOT ON SCENE (DESK REPORT),NO INJURY / DRIVE AWAY,,,,$500 OR LESS,3/5/2022 20:15,IMPROPER LANE USAGE,NOT APPLICABLE,500,N,LAKE SHORE DR,1834,,,,,,,2,NO INDICATION OF INJURY,0,0,0,0,0,2,0,18,7,3,41.89111833,-87.61438469,POINT (-87.614384684631 41.891118332732)
013bace356df6eb50bfca6089bfad3f3886e4e1ea8f5d3cb99ddbf32f35c3e1e6c3d856b54520e6cf1c4dfe0bf5de0034579ed81b57a197ecad00796a9b49c59,JF164860,,3/6/2022 5:12,30,NO CONTROLS,NO CONTROLS,CLEAR,"DARKNESS, LIGHTED ROAD",PARKED MOTOR VEHICLE,NOT DIVIDED,,STRAIGHT AND LEVEL,DRY,NO DEFECTS,ON SCENE,INJURY AND / OR TOW DUE TO CRASH,,,,"OVER $1,500",3/6/2022 5:12,PHYSICAL CONDITION OF DRIVER,DISTRACTION - FROM INSIDE VEHICLE,2112,N,KIMBALL AVE,1413,,,,,,,2,NO INDICATION OF INJURY,0,0,0,0,0,1,0,5,1,3,41.9195606,-87.7120923,POINT (-87.712092302631 41.919560601261)
17893f46c5713d6c254309535073aeb4f74f721091c5a5fef6e19ac2c4a20b74efe434ceb8999e76bbed1de33e4f4588b1bca427dabe10e36bfbb2ac02843af0,JF164824,,3/6/2022 3:00,30,TRAFFIC SIGNAL,FUNCTIONING PROPERLY,CLEAR,"DARKNESS, LIGHTED ROAD",SIDESWIPE SAME DIRECTION,FOUR WAY,,STRAIGHT AND LEVEL,WET,NO DEFECTS,NOT ON SCENE (DESK REPORT),NO INJURY / DRIVE AWAY,Y,,,"OVER $1,500",3/6/2022 3:30,UNABLE TO DETERMINE,UNABLE TO DETERMINE,399,W,HUBBARD ST,1831,,,,,,,2,NO INDICATION OF INJURY,0,0,0,0,0,2,0,3,1,3,41.88979924,-87.63846911,POINT (-87.638469112408 41.889799243634)
1e2b826cd48e6783400d9b5ed2cff0c27da7ed690109fba2bda45524097954e957f7a49cfc0402f301c1eee0cdc6496387b7ed611603f2e516e5e28a0fd24a4a,JF165227,,3/6/2022 14:00,30,UNKNOWN,UNKNOWN,UNKNOWN,UNKNOWN,REAR END,UNKNOWN,,STRAIGHT AND LEVEL,UNKNOWN,UNKNOWN,,NO INJURY / DRIVE AWAY,,,,"OVER $1,500",3/6/2022 15:00,UNABLE TO DETERMINE,UNABLE TO DETERMINE,6100,S,AUSTIN AVE,812,,,,,,,2,NO INDICATION OF INJURY,0,0,0,0,0,2,0,14,1,3,41.78143736,-87.77177777,POINT (-87.771777773659 41.781437357606)
b3a881637bba4fac09819e48b727063175a0b6aab848f2c78e77e6a651778d65927d76f5cf4493fad8ccdd66273cefe306949f764b2d5b21289feacd266c4a7f,JF173959,,3/13/2022 18:52,30,TRAFFIC SIGNAL,FUNCTIONING PROPERLY,CLEAR,DAYLIGHT,TURNING,FOUR WAY,,STRAIGHT AND LEVEL,DRY,NO DEFECTS,NOT ON SCENE (DESK REPORT),INJURY AND / OR TOW DUE TO CRASH,Y,,,"OVER $1,500",3/14/2022 19:15,DRIVING SKILLS/KNOWLEDGE/EXPERIENCE,NOT APPLICABLE,5300,S,LAKE PARK AVE,234,,,,,,,2,NONINCAPACITATING INJURY,1,0,0,1,0,1,0,18,1,3,41.79948383,-87.58744204,POINT (-87.587442036314 41.799483825503)
cd4b54b309eec5c5176715bd3e43938b0afb3fe77869802a6cc603d862117bf344fa1f7c1cbca3e20c6d3318d390639c5b7e5f47f2829dcec39bab8e14a54575,JF165691,,3/7/2022 1:33,30,UNKNOWN,UNKNOWN,SNOW,"DARKNESS, LIGHTED ROAD",SIDESWIPE OPPOSITE DIRECTION,NOT DIVIDED,,STRAIGHT AND LEVEL,SNOW OR SLUSH,NO DEFECTS,ON SCENE,INJURY AND / OR TOW DUE TO CRASH,,,,"OVER $1,500",3/7/2022 1:55,WEATHER,UNABLE TO DETERMINE,3308,N,HARLEM AVE,1631,,,,,,,2,NO INDICATION OF INJURY,0,0,0,0,0,2,0,1,2,3,41.94011194,-87.80696856,POINT (-87.806968561038 41.940111944021)
94f4e7bfe5c25d6a8fa3d0f05580920960dd6e67a9ace6dc884373766064cedf98255b0276242072eb6b9b6b2f4ce0334dbfa88d11c4836500ef46e18f874e98,JF163086,,3/4/2022 13:00,10,NO CONTROLS,NO CONTROLS,CLEAR,DAYLIGHT,PEDESTRIAN,PARKING LOT,,STRAIGHT AND LEVEL,DRY,NO DEFECTS,ON SCENE,INJURY AND / OR TOW DUE TO CRASH,,,N,"OVER $1,500",3/4/2022 13:15,DISTRACTION - FROM INSIDE VEHICLE,NOT APPLICABLE,4099,E,106TH ST,432,N,Y,,,,,2,INCAPACITATING INJURY,1,0,1,0,0,1,0,13,6,3,41.70257111,-87.52458901,POINT (-87.524589014397 41.702571106277)
4781d32f9514e815463d71b4118c38532787981a99dff6bc8b0ca51abf3cb41df4aa33a7dd2a154088d2b07e510e7bb0fd87d4ed7ca49353a3dba325b840b3de,JF187549,,3/26/2022 14:00,30,UNKNOWN,UNKNOWN,CLEAR,DAYLIGHT,ANGLE,DIVIDED - W/MEDIAN (NOT RAISED),,STRAIGHT ON GRADE,DRY,UNKNOWN,NOT ON SCENE (DESK REPORT),NO INJURY / DRIVE AWAY,Y,,,"OVER $1,500",3/26/2022 14:00,UNABLE TO DETERMINE,UNABLE TO DETERMINE,5708,N,RIDGE AVE,2013,,,,,,,2,NO INDICATION OF INJURY,0,0,0,0,0,2,0,14,7,3,41.98575616,-87.66378215,POINT (-87.663782146449 41.985756158868)
3ff9fdc324de535ab49f76654186d3a5bde412ef2bf36d4e80ecbf4b997df0778e40f7e586a20b0e69b682093f1a56eaff36abcf4caec9022b2719ea7f2c001d,JF159550,,3/1/2022 10:00,0,NO CONTROLS,NO CONTROLS,CLEAR,DAYLIGHT,PARKED MOTOR VEHICLE,NOT DIVIDED,,STRAIGHT AND LEVEL,DRY,NO DEFECTS,ON SCENE,NO INJURY / DRIVE AWAY,,,Y,"OVER $1,500",3/1/2022 10:05,PHYSICAL CONDITION OF DRIVER,PHYSICAL CONDITION OF DRIVER,2729,E,83RD ST,423,,,,,,,3,NO INDICATION OF INJURY,0,0,0,0,0,1,0,10,3,3,41.74446259,-87.55767721,POINT (-87.557677207059 41.744462585034)
41c4e528140ddfcb0275e13c5c84df5aee78d1855f26a9368f4d820ebf304687f3e0881ba897816c3aba12924e4821e6209def1dda6fd1b65a58246911cf1eae,JF164472,,3/5/2022 15:30,30,NO CONTROLS,NO CONTROLS,CLEAR,DAYLIGHT,PARKED MOTOR VEHICLE,DIVIDED - W/MEDIAN (NOT RAISED),,STRAIGHT AND LEVEL,DRY,NO DEFECTS,ON SCENE,NO INJURY / DRIVE AWAY,,,Y,"OVER $1,500",3/5/2022 18:05,IMPROPER OVERTAKING/PASSING,UNABLE TO DETERMINE,4448,N,MAGNOLIA AVE,1913,,,,,,,2,NO INDICATION OF INJURY,0,0,0,0,0,1,0,15,7,3,41.96314724,-87.6611326,POINT (-87.661132600028 41.963147235921)
3c4c4facaa4e922d5f772e79b0be4ac30e7d0095e850c0387f30353211059f6ac90f96ad7906a62e64f5359d3030b068402fa3dceb6bab27d1cb617dcc8c64fc,JF165521,Y,3/6/2022 19:00,30,NO CONTROLS,NO CONTROLS,CLEAR,"DARKNESS, LIGHTED ROAD",SIDESWIPE SAME DIRECTION,ONE-WAY,,STRAIGHT AND LEVEL,DRY,NO DEFECTS,NOT ON SCENE (DESK REPORT),NO INJURY / DRIVE AWAY,,,N,"OVER $1,500",3/6/2022 20:20,IMPROPER LANE USAGE,IMPROPER LANE USAGE,303,W,MADISON ST,122,,,,,,,2,NO INDICATION OF INJURY,0,0,0,0,0,2,0,19,1,3,41.88182249,-87.63543657,POINT (-87.635436571027 41.88182249377)
83f4cf833083cc4e43c3d62564f2f63ab14b85c8ff838498f47997c806ce695c7c1bc302313652cc05eea89eb252dfe83842acd8f18f9bd63799730e24ac6e6f,JF165386,,3/6/2022 16:30,30,UNKNOWN,UNKNOWN,UNKNOWN,UNKNOWN,REAR END,UNKNOWN,,STRAIGHT AND LEVEL,UNKNOWN,UNKNOWN,NOT ON SCENE (DESK REPORT),NO INJURY / DRIVE AWAY,,,,"OVER $1,500",3/6/2022 17:30,UNABLE TO DETERMINE,UNABLE TO DETERMINE,6900,S,PULASKI RD,833,,,,,,,2,NO INDICATION OF INJURY,0,0,0,0,0,2,0,16,1,3,41.76768773,-87.72263085,POINT (-87.72263084508 41.767687732304)
cac50339fd19dbcd7b2345d64332cb258ac9b8461ee0892a52ce650696877abbc5327d7e15aa31328ebd99814e8c18a98a5e6070f2e3fa22bda4b824db1c6c63,JF165667,,3/7/2022 0:15,30,STOP SIGN/FLASHER,FUNCTIONING PROPERLY,RAIN,"DARKNESS, LIGHTED ROAD",TURNING,NOT DIVIDED,,STRAIGHT AND LEVEL,WET,NO DEFECTS,ON SCENE,NO INJURY / DRIVE AWAY,,,Y,"$501 - $1,500",3/7/2022 1:05,UNABLE TO DETERMINE,NOT APPLICABLE,3300,W,83RD PL,834,,,,,,,2,NO INDICATION OF INJURY,0,0,0,0,0,4,0,0,2,3,41.74165185,-87.70473123,POINT (-87.704731228335 41.741651852995)
e7b391f15b4977e76c2aac2fa0b2b739fc1f351d10482c26197e4420ef8e4fc4f3058ad7c18a41bdcb7712ed6dadde3518910a2a2a3c38fdd54762051b67da02,JF165675,,3/7/2022 1:34,30,NO CONTROLS,NO CONTROLS,RAIN,"DARKNESS, LIGHTED ROAD",OTHER OBJECT,PARKING LOT,,STRAIGHT AND LEVEL,WET,NO DEFECTS,ON SCENE,INJURY AND / OR TOW DUE TO CRASH,,Y,,"OVER $1,500",3/7/2022 1:34,WEATHER,NOT APPLICABLE,3,E,83RD ST,632,,,,,,,1,INCAPACITATING INJURY,1,0,1,0,0,0,0,1,2,3,41.74354801,-87.62417116,POINT (-87.624171154655 41.743548012477)
731fefc3b4777ee9bea9039e2c84bd28457655fa1a6625070b3a7c525c48a93b7146550f3f8613f4a79126fe4d44b1eff6139d59e8950fe91f74c418aaa2df91,JF165182,,2/18/2022 13:15,30,TRAFFIC SIGNAL,FUNCTIONING PROPERLY,UNKNOWN,UNKNOWN,REAR END,NOT DIVIDED,,STRAIGHT AND LEVEL,UNKNOWN,UNKNOWN,NOT ON SCENE (DESK REPORT),NO INJURY / DRIVE AWAY,Y,,,"OVER $1,500",2/18/2022 13:15,UNABLE TO DETERMINE,NOT APPLICABLE,8632,S,STONY ISLAND AVE,412,,,,,,,2,NO INDICATION OF INJURY,0,0,0,0,0,2,0,13,6,2,41.73777622,-87.58579868,POINT (-87.585798677866 41.737776215094)
581e0a48c43ecdba0137cf71911e796eb08112e6ee6b626c7fe96b4f04affd56454a60ecab8d5830ccb1504ec858ef98825f4611723bbe6a356e799faf89627d,JF164092,,3/5/2022 10:30,30,NO CONTROLS,NO CONTROLS,CLEAR,DAYLIGHT,SIDESWIPE SAME DIRECTION,NOT DIVIDED,,STRAIGHT AND LEVEL,DRY,UNKNOWN,NOT ON SCENE (DESK REPORT),NO INJURY / DRIVE AWAY,,,,"OVER $1,500",3/5/2022 12:00,UNABLE TO DETERMINE,UNABLE TO DETERMINE,3234,E,87TH ST,424,,,,,,,2,NO INDICATION OF INJURY,0,0,0,0,0,2,0,10,7,3,41.73756302,-87.54573324,POINT (-87.545733242492 41.737563018607)
3963be1eb26d0b72194cedc585d0c95bb151cee4b4f58a35a8a45e93d144cf8e43010852fba821773b3afa4dd1356d85e5a0417421b7a187c364283e44cb5a64,JF165472,,3/6/2022 18:15,30,DELINEATORS,OTHER,CLEAR,DAYLIGHT,SIDESWIPE SAME DIRECTION,NOT DIVIDED,,STRAIGHT AND LEVEL,DRY,NO DEFECTS,NOT ON SCENE (DESK REPORT),NO INJURY / DRIVE AWAY,,,,"OVER $1,500",3/6/2022 19:08,FAILING TO YIELD RIGHT-OF-WAY,IMPROPER TURNING/NO SIGNAL,150,W,NORTH AVE,1814,,,,,,,2,NO INDICATION OF INJURY,0,0,0,0,0,2,0,18,1,3,41.91127176,-87.63366773,POINT (-87.633667728817 41.911271761156)
4589ec373f89fc25200a1a2468fa211450593b9098bd2b4821e0e6ebefedac444cc94ceb6ccad387d5ef6fc6eb00028bde0b63a437015db74c1555d01eb04abd,JF165194,,3/6/2022 13:50,30,NO CONTROLS,NO CONTROLS,CLEAR,DAYLIGHT,REAR END,PARKING LOT,,STRAIGHT AND LEVEL,DRY,NO DEFECTS,NOT ON SCENE (DESK REPORT),NO INJURY / DRIVE AWAY,,,,"$501 - $1,500",3/6/2022 14:17,FOLLOWING TOO CLOSELY,FOLLOWING TOO CLOSELY,3241,W,PETERSON AVE,1711,,,,,,,2,NO INDICATION OF INJURY,0,0,0,0,0,2,0,13,1,3,41.99025485,-87.71076324,POINT (-87.710763243534 41.990254848132)