CRASH_RECORD_ID,RD_NO,CRASH_DATE_EST_I,CRASH_DATE,POSTED_SPEED_LIMIT,TRAFFIC_CONTROL_DEVICE,DEVICE_CONDITION,WEATHER_CONDITION,LIGHTING_CONDITION,FIRST_CRASH_TYPE,TRAFFICWAY_TYPE,LANE_CNT,ALIGNMENT,ROADWAY_SURFACE_COND,ROAD_DEFECT,REPORT_TYPE,CRASH_TYPE,INTERSECTION_RELATED_I,NOT_RIGHT_OF_WAY_I,HIT_AND_RUN_I,DAMAGE,DATE_POLICE_NOTIFIED,PRIM_CONTRIBUTORY_CAUSE,SEC_CONTRIBUTORY_CAUSE,STREET_NO,STREET_DIRECTION,STREET_NAME,BEAT_OF_OCCURRENCE,PHOTOS_TAKEN_I,STATEMENTS_TAKEN_I,DOORING_I,WORK_ZONE_I,WORK_ZONE_TYPE,WORKERS_PRESENT_I,NUM_UNITS,MOST_SEVERE_INJURY,INJURIES_TOTAL,INJURIES_FATAL,INJURIES_INCAPACITATING,INJURIES_NON_INCAPACITATING,INJURIES_REPORTED_NOT_EVIDENT,INJURIES_NO_INDICATION,INJURIES_UNKNOWN,CRASH_HOUR,CRASH_DAY_OF_WEEK,CRASH_MONTH,LATITUDE,LONGITUDE,LOCATION
8767bcc70296933e0c9d2baa0ea9eb11ceba3501e1337917bd1a0423c6a6db4a99da1d4f6f67f2a2749981053c7e2e3f9fa09301afcd4b8f2d0677520456d6bd,JF165246,,3/6/2022 10:45,45,NO CONTROLS,NO CONTROLS,CLEAR,DAYLIGHT,SIDESWIPE SAME DIRECTION,DIVIDED - W/MEDIAN BARRIER,,STRAIGHT AND LEVEL,DRY,NO DEFECTS,NOT ON SCENE (DESK REPORT),NO INJURY / DRIVE AWAY,,,Y,"OVER $1,500",3/6/2022 15:25,UNABLE TO DETERMINE,NOT APPLICABLE,800,N,LAKE SHORE DR,1833,,,,,,,2,NO INDICATION OF INJURY,0,0,0,0,0,2,0,10,1,3,41.89682805,-87.6172077,POINT (-87.617207703311 41.896828045009)
99412c02514511be12ac586c74d8a22fc1a8f171f55d68f8b327c516774e9a216a3f16abf4fb1b81ab37aa4d53ca07ad855d0a4851737c6c03fb9732ef4b9571,JF164902,,3/6/2022 7:30,30,STOP SIGN/FLASHER,FUNCTIONING PROPERLY,CLEAR,DAYLIGHT,ANGLE,DIVIDED - W/MEDIAN (NOT RAISED),,STRAIGHT AND LEVEL,DRY,NO DEFECTS,ON SCENE,INJURY AND / OR TOW DUE TO CRASH,Y,Y,,"OVER $1,500",3/6/2022 7:34,UNABLE TO DETERMINE,UNABLE TO DETERMINE,2627,W,55TH ST,824,,,,,,,2,NONINCAPACITATING INJURY,1,0,0,1,0,1,0,7,1,3,41.79365051,-87.69007779,POINT (-87.690077789526 41.793650509141)
4b12a4bfe1fc9198bf9aef477959e44fc9218fdaf9e600ff695a0e16dd4402bd27d2ce65099c7aa2fc90c3e6967839751fc3589ddee6f89a060b9990391d1b27,JF180807,,3/20/2022 20:00,30,NO CONTROLS,NO CONTROLS,CLEAR,"DARKNESS, LIGHTED ROAD",PARKED MOTOR VEHICLE,NOT DIVIDED,,STRAIGHT AND LEVEL,DRY,NO DEFECTS,ON SCENE,NO INJURY / DRIVE AWAY,,,Y,"OVER $1,500",3/20/2022 21:05,UNABLE TO DETERMINE,UNABLE TO DETERMINE,6935,S,CALIFORNIA AVE,831,,,,,,,3,NO INDICATION OF INJURY,0,0,0,0,0,1,0,20,1,3,41.76712814,-87.69294513,POINT (-87.692945133652 41.76712813927)
b4b3bf102f04e4721534bbff1fe6348f8367a79d91bc374325b5eeb2f175e6ba066394f0f4ad9978f8e868ca0e30d31dd7a85597b5a3409f071c4537fbd2e952,JF172545,Y,3/13/2022 1:00,20,NO CONTROLS,NO CONTROLS,UNKNOWN,UNKNOWN,PARKED MOTOR VEHICLE,ONE-WAY,,STRAIGHT AND LEVEL,UNKNOWN,UNKNOWN,NOT ON SCENE (DESK REPORT),NO INJURY / DRIVE AWAY,,,Y,"OVER $1,500",3/13/2022 13:50,UNABLE TO DETERMINE,UNABLE TO DETERMINE,3025,W,WASHINGTON BLVD,1222,,,,,,,2,NO INDICATION OF INJURY,0,0,0,0,0,1,0,1,1,3,41.88272665,-87.70229048,POINT (-87.702290480606 41.882726644821)
9e34d255f65caf8012ce731331973bbd9438bc01a6180f5c08e59495dcbf126d67e77e40cca58137bb246d1f57ceeed9503cc622a68a61c857762390ef3ec348,JE467908,,12/6/2021 12:45,30,STOP SIGN/FLASHER,FUNCTIONING PROPERLY,CLEAR,DAYLIGHT,PEDALCYCLIST,FOUR WAY,,STRAIGHT AND LEVEL,DRY,NO DEFECTS,ON SCENE,NO INJURY / DRIVE AWAY,Y,,,$500 OR LESS,12/6/2021 12:58,UNABLE TO DETERMINE,NOT APPLICABLE,3400,N,NATOMA AVE,1632,,,,,,,2,NO INDICATION OF INJURY,0,0,0,0,0,2,0,12,2,12,41.94197276,-87.79233049,POINT (-87.792330493378 41.941972763024)
b4c4d8f38837b7e10ebc4c61b031c3c89c71f3dc3e94137125b388c42fd2e4186bd52b9525812256e18623fc5e3c4a9499a1cd66aa6a35ddbe30fdaf0d7d1af2,,,3/28/2022 2:45,35,TRAFFIC SIGNAL,FUNCTIONING PROPERLY,CLEAR,"DARKNESS, LIGHTED ROAD",TURNING,FOUR WAY,,STRAIGHT AND LEVEL,DRY,NO DEFECTS,ON SCENE,INJURY AND / OR TOW DUE TO CRASH,Y,,,"OVER $1,500",3/28/2022 2:46,IMPROPER TURNING/NO SIGNAL,IMPROPER LANE USAGE,9500,S,HALSTED ST,2223,,,,,,,2,NO INDICATION OF INJURY,0,0,0,0,0,2,0,2,2,3,41.72136506,-87.64335804,POINT (-87.643358042341 41.721365060783)
b512de8b2caefc363a9c192252e6d55530ab10b5ea8c558a5e93557cddfb590cf04ef03151148a1a3315ec9f23e5b8a0cbf31bd228ca9814d5167551fef558d3,JF172799,,3/13/2022 15:00,30,NO CONTROLS,NO CONTROLS,CLEAR,DAYLIGHT,PARKED MOTOR VEHICLE,NOT DIVIDED,,"CURVE, LEVEL",DRY,UNKNOWN,NOT ON SCENE (DESK REPORT),NO INJURY / DRIVE AWAY,,,,"$501 - $1,500",3/13/2022 18:00,UNABLE TO DETERMINE,UNABLE TO DETERMINE,9959,S,VAN VLISSINGEN RD,431,,,,,,,2,NO INDICATION OF INJURY,0,0,0,0,0,1,0,15,1,3,41.71395622,-87.57269824,POINT (-87.572698243521 41.713956220208)
d3190526cc57e720d2eec39b6177298aa2c1f3d53cec9d4ad932919a022283eefac458e25388b6720613b96b235d5c5e5589576fa5cd72507c9c466ecf9c06c9,JF164121,,3/4/2022 22:30,30,NO CONTROLS,NO CONTROLS,CLEAR,"DARKNESS, LIGHTED ROAD",REAR END,DIVIDED - W/MEDIAN (NOT RAISED),,STRAIGHT AND LEVEL,DRY,UNKNOWN,NOT ON SCENE (DESK REPORT),NO INJURY / DRIVE AWAY,,,Y,"OVER $1,500",3/5/2022 12:20,UNABLE TO DETERMINE,UNABLE TO DETERMINE,5731,W,IRVING PARK RD,1633,,,,,,,2,NO INDICATION OF INJURY,0,0,0,0,0,2,0,22,6,3,41.95302295,-87.77073089,POINT (-87.77073089151 41.953022953649)
cc8b962a9f4604b4f9ce0d91e69d5c457d18a5ed0c8ab5f4c288ded20e13c4b2c5246701fa29cfe1d5b46e2efb5fb8f0389ccfc443cb7b7e7b99c278ab2588b7,JF164593,,3/5/2022 20:00,25,NO CONTROLS,NO CONTROLS,UNKNOWN,"DARKNESS, LIGHTED ROAD",HEAD ON,PARKING LOT,,STRAIGHT AND LEVEL,UNKNOWN,UNKNOWN,NOT ON SCENE (DESK REPORT),NO INJURY / DRIVE AWAY,,,,"$501 - $1,500",3/5/2022 21:00,DRIVING ON WRONG SIDE/WRONG WAY,NOT APPLICABLE,6623,N,RIDGE BLVD,2432,,,,,,,2,NO INDICATION OF INJURY,0,0,0,0,0,4,0,20,7,3,42.00226331,-87.67865887,POINT (-87.67865886952 42.002263305301)
1a642d3126c4b33428073a0f87db31cddd86a333faee21ec8e92783599a34dd386ff0d44e1796a6e9e4a928b814771492473b6b3b4e5dcf2629f2cbbff6d38ad,JF165560,,3/6/2022 19:51,20,NO CONTROLS,NO CONTROLS,CLEAR,DARKNESS,PARKED MOTOR VEHICLE,ONE-WAY,,STRAIGHT AND LEVEL,DRY,UNKNOWN,ON SCENE,INJURY AND / OR TOW DUE TO CRASH,,,,"OVER $1,500",3/6/2022 21:30,NOT APPLICABLE,NOT APPLICABLE,7640,S,LUELLA AVE,414,,,,,,,3,NO INDICATION OF INJURY,0,0,0,0,0,1,0,19,1,3,41.75591246,-87.57011953,POINT (-87.570119533958 41.755912457746)
246fe58b58f92312e4c8806567fa59192d97665604f8c144eca8507d3b2aae9d997210597a7c8e35dca92cfdab72109f7e7d72f1b72f88c8fa25ee1cf026ea4d,JF165659,,3/6/2022 22:20,30,TRAFFIC SIGNAL,FUNCTIONING PROPERLY,CLEAR,"DARKNESS, LIGHTED ROAD",REAR TO SIDE,NOT DIVIDED,,STRAIGHT AND LEVEL,DRY,NO DEFECTS,NOT ON SCENE (DESK REPORT),NO INJURY / DRIVE AWAY,,,,"$501 - $1,500",3/7/2022 0:50,UNABLE TO DETERMINE,UNABLE TO DETERMINE,4220,W,ANN LURIE PL,815,,,,,,,2,NO INDICATION OF INJURY,0,0,0,0,0,2,0,22,1,3,41.81639553,-87.72926145,POINT (-87.72926144675 41.816395527274)
4db00d4befb6b17f99708245e338948ddbdbb5402012b48f721383132e26270ea887cd77aaa6ebfb229d42b3d9e55555d24d343c2735b2016dd18a9086e135f2,JF160922,,3/2/2022 13:30,30,STOP SIGN/FLASHER,FUNCTIONING PROPERLY,CLEAR,DAYLIGHT,ANGLE,NOT DIVIDED,,STRAIGHT AND LEVEL,DRY,NO DEFECTS,NOT ON SCENE (DESK REPORT),NO INJURY / DRIVE AWAY,Y,,,"$501 - $1,500",3/2/2022 13:50,DISREGARDING STOP SIGN,NOT APPLICABLE,6205,N,CLAREMONT AVE,2413,,,,,,,2,NO INDICATION OF INJURY,0,0,0,0,0,2,0,13,4,3,41.99431941,-87.68840974,POINT (-87.688409738622 41.994319411874)
b56cd7ac423b0176ee573ba861a6d44c351abffc01c15a65638307b93091306442922b4fa753af21f255b82c91e0a6af7a8e95a9883efb3d61c4e76d16322c2f,,,3/27/2022 8:00,25,NO CONTROLS,NO CONTROLS,UNKNOWN,UNKNOWN,PARKED MOTOR VEHICLE,ONE-WAY,,STRAIGHT AND LEVEL,OTHER,NO DEFECTS,,NO INJURY / DRIVE AWAY,,,Y,"OVER $1,500",3/27/2022 11:35,NOT APPLICABLE,NOT APPLICABLE,4211,W,25TH PL,1013,,,,,,,2,NO INDICATION OF INJURY,0,0,0,0,0,1,0,8,1,3,41.84498375,-87.72994991,POINT (-87.729949906517 41.844983747045)
5c38cd2ac763db36283dab94a2dd384d6f166cdc47b679354ab62df3fdd4488720df6c0ccd9501111890703f419125f7b947624de863729037ce7755183d5426,JF163626,Y,3/1/2022 23:00,25,NO CONTROLS,NO CONTROLS,CLEAR,"DARKNESS, LIGHTED ROAD",SIDESWIPE SAME DIRECTION,ONE-WAY,,STRAIGHT AND LEVEL,DRY,NO DEFECTS,NOT ON SCENE (DESK REPORT),INJURY AND / OR TOW DUE TO CRASH,,Y,Y,"OVER $1,500",3/4/2022 19:00,UNABLE TO DETERMINE,UNABLE TO DETERMINE,3801,W,HARRISON ST,1133,,,,,,,2,NONINCAPACITATING INJURY,1,0,0,1,0,1,0,23,3,3,41.87340465,-87.72039963,POINT (-87.720399628297 41.873404645345)
dbc1338d942b539a668329e1b4e7645b8c83bfbadf99ababe0d16814521e1f21abfcb57be9970e67badceee901b67e5c2b832ef7de44cfcfd57163b2723bf919,JF163027,Y,3/4/2022 11:30,10,NO CONTROLS,NO CONTROLS,CLEAR,DAYLIGHT,PARKED MOTOR VEHICLE,PARKING LOT,,STRAIGHT AND LEVEL,DRY,NO DEFECTS,NOT ON SCENE (DESK REPORT),NO INJURY / DRIVE AWAY,,,Y,"$501 - $1,500",3/4/2022 12:30,UNABLE TO DETERMINE,NOT APPLICABLE,4501,W,NORTH AVE,2533,,,,,,,2,NO INDICATION OF INJURY,0,0,0,0,0,1,0,11,6,3,41.90960039,-87.73935647,POINT (-87.739356466533 41.909600386011)
1f192926dc27ab5370806f32c37530d15355d1f54e0259894d0865691da43985159343428e519c9e33afb04df276fe74fb68f5db55d3fff80373a505e8a8f533,JF164959,Y,3/5/2022 23:00,20,NO CONTROLS,NO CONTROLS,CLEAR,UNKNOWN,PARKED MOTOR VEHICLE,NOT DIVIDED,,STRAIGHT AND LEVEL,DRY,NO DEFECTS,NOT ON SCENE (DESK REPORT),NO INJURY / DRIVE AWAY,,,Y,"OVER $1,500",3/6/2022 9:40,IMPROPER OVERTAKING/PASSING,NOT APPLICABLE,6705,W,54TH ST,811,,,,,,,2,NO INDICATION OF INJURY,0,0,0,0,0,1,0,23,7,3,41.79401235,-87.78942941,POINT (-87.789429410462 41.794012348877)
20fe7ce81d7945ee39f207c27ec8204c15b9298fe8084c20d18ce1056fedad15254f523381a139e33baec299d3732cfcbc692a526c318bfa1edf284ffdaa56b4,JF164810,,3/6/2022 2:14,35,TRAFFIC SIGNAL,FUNCTIONING PROPERLY,CLEAR,DUSK,ANGLE,DIVIDED - W/MEDIAN (NOT RAISED),,STRAIGHT AND LEVEL,WET,NO DEFECTS,ON SCENE,INJURY AND / OR TOW DUE TO CRASH,Y,,,"OVER $1,500",3/6/2022 2:18,DISREGARDING TRAFFIC SIGNALS,NOT APPLICABLE,598,S,CALIFORNIA AVE,1135,,,,,,,2,INCAPACITATING INJURY,1,0,1,0,0,1,0,2,1,3,41.87384561,-87.69624992,POINT (-87.69624991647 41.873845604765)
7f3df81a1b23ebe30ce3f9e80b92f2e6eb033d673d18787e5c1b7d5e24a81a09e8cd7d2524f4064d0fb9cd3f47a99da47c8dd77ea1bdb3dd9b77bfab42fdfa76,JF165452,,3/6/2022 18:16,30,TRAFFIC SIGNAL,FUNCTIONING PROPERLY,CLEAR,"DARKNESS, LIGHTED ROAD",REAR END,NOT DIVIDED,,STRAIGHT AND LEVEL,DRY,NO DEFECTS,ON SCENE,NO INJURY / DRIVE AWAY,,,,"OVER $1,500",3/6/2022 18:16,UNABLE TO DETERMINE,UNABLE TO DETERMINE,4400,S,WESTERN AVE,922,,Y,,,,,2,NO INDICATION OF INJURY,0,0,0,0,0,4,0,18,1,3,41.81379202,-87.68472342,POINT (-87.684723415056 41.813792023931)
9940e6f6cc32d403e60082c84c8ea07ae0de64aa4b93878a183a1d35f03d6396529bb2fdd32a731f20d545c938709c195d4b96fa98fa5267ac0f622d37ae1ba2,JF164876,,3/6/2022 5:50,15,NO CONTROLS,NO CONTROLS,CLEAR,DAYLIGHT,FIXED OBJECT,PARKING LOT,,STRAIGHT AND LEVEL,DRY,NO DEFECTS,ON SCENE,NO INJURY / DRIVE AWAY,,Y,,$500 OR LESS,3/6/2022 6:10,NOT APPLICABLE,NOT APPLICABLE,3162,W,MONROE ST,1124,,,,,,,1,NO INDICATION OF INJURY,0,0,0,0,0,1,0,5,1,3,41.87976846,-87.70534442,POINT (-87.705344418633 41.87976846219)
cf0845ec63f6b7e6c71b8e9bdc8721affe8e1bfbbf62e4b6c6d62bc6c35547c50d2a862e15a39dfa0872c2a7b00037ac3d2b36a371635c98269b9ea5a3c45a7b,JF165390,,3/6/2022 16:50,20,NO CONTROLS,NO CONTROLS,CLEAR,DAYLIGHT,TURNING,FOUR WAY,,STRAIGHT AND LEVEL,DRY,NO DEFECTS,NOT ON SCENE (DESK REPORT),NO INJURY / DRIVE AWAY,Y,,,"OVER $1,500",3/6/2022 17:20,FAILING TO YIELD RIGHT-OF-WAY,NOT APPLICABLE,3664,W,WILSON AVE,1723,,,,,,,2,NO INDICATION OF INJURY,0,0,0,0,0,2,0,16,1,3,41.9647919,-87.7205303,POINT (-87.720530299348 41.964791900719)
b677ff5a3b308abe2094b8dbc575c08fde35d8bad4baad17dbfaa75453ffe42b418b28016ffc0edc28c3f374a08fc1603db272221e555f7527339e8e4f51b2cb,JF172877,,3/13/2022 19:28,25,NO CONTROLS,NO CONTROLS,CLEAR,DARKNESS,PARKED MOTOR VEHICLE,DIVIDED - W/MEDIAN (NOT RAISED),,STRAIGHT AND LEVEL,DRY,NO DEFECTS,ON SCENE,NO INJURY / DRIVE AWAY,,,Y,$500 OR LESS,3/13/2022 19:30,FOLLOWING TOO CLOSELY,UNABLE TO DETERMINE,3040,N,OAK PARK AVE,2511,,,,,,,2,NO INDICATION OF INJURY,0,0,0,0,0,1,0,19,1,3,41.93574558,-87.79576821,POINT (-87.79576821411 41.935745581407)
80a30f7ea2b9ab86ef18f55d24ce2dbb6a1036f3c5dd846ac651d60f9284c84241e010d4148076fdadb3171d08568cd29a5ea4f39587807e45d41a2d1bf0b606,JF163801,,3/5/2022 2:50,55,NO CONTROLS,NO CONTROLS,CLEAR,"DARKNESS, LIGHTED ROAD",SIDESWIPE SAME DIRECTION,FOUR WAY,,STRAIGHT AND LEVEL,DRY,NO DEFECTS,ON SCENE,NO INJURY / DRIVE AWAY,,,Y,"OVER $1,500",3/5/2022 3:27,UNABLE TO DETERMINE,NOT APPLICABLE,225,E,STEVENSON EXPY IB,133,,,,,,,2,NO INDICATION OF INJURY,0,0,0,0,0,3,0,2,7,3,41.84780155,-87.62127452,POINT (-87.621274515926 41.847801552913)
1f25fcc30321854e186f1b76cad950ea863c6d83e8de59e789ee2b4d559b164ee177ca06d4dccd42eceaac3fb3fc3cc997cd3d6f942ec9e1887517abbe28e077,JF165438,,3/6/2022 18:05,25,NO CONTROLS,NO CONTROLS,CLEAR,DARKNESS,REAR END,ONE-WAY,,STRAIGHT AND LEVEL,DRY,NO DEFECTS,NOT ON SCENE (DESK REPORT),NO INJURY / DRIVE AWAY,Y,,,"OVER $1,500",3/6/2022 18:30,UNABLE TO DETERMINE,UNABLE TO DETERMINE,20,S,MASON AVE,1513,,,,,,,2,NO INDICATION OF INJURY,0,0,0,0,0,2,0,18,1,3,41.87947817,-87.77314702,POINT (-87.773147016453 41.879478172289)
2d790cb9d235bbb41cd5de34a0719104266ac89c60678c477d218c3a083c96027eea5a93e3679ac8fd3cd28207422e36d7504139ddf62a54f9cf44ed75186148,JF165291,,3/6/2022 15:25,30,TRAFFIC SIGNAL,FUNCTIONING PROPERLY,CLEAR,DAYLIGHT,SIDESWIPE SAME DIRECTION,ONE-WAY,,STRAIGHT AND LEVEL,DRY,NO DEFECTS,ON SCENE,INJURY AND / OR TOW DUE TO CRASH,,,Y,"$501 - $1,500",3/6/2022 15:26,FAILING TO REDUCE SPEED TO AVOID CRASH,DISTRACTION - FROM INSIDE VEHICLE,3801,W,HARRISON ST,1133,,,,,,,2,NO INDICATION OF INJURY,0,0,0,0,0,2,0,15,1,3,41.87340465,-87.72039963,POINT (-87.720399628297 41.873404645345)
7011c20dbd0aa7bd31a07edae686ca343fc1fd40f0ac671199b7655c39331417e5d8da3458f08ce4070690d1cce29c0135074cc1a8184033da82df33fb22c0b5,JF161799,,3/3/2022 8:50,40,TRAFFIC SIGNAL,FUNCTIONING PROPERLY,CLEAR,DAYLIGHT,REAR END,DIVIDED - W/MEDIAN BARRIER,,STRAIGHT AND LEVEL,DRY,NO DEFECTS,NOT ON SCENE (DESK REPORT),NO INJURY / DRIVE AWAY,,,,"OVER $1,500",3/3/2022 10:50,FOLLOWING TOO CLOSELY,NOT APPLICABLE,1500,S,LAKE SHORE DR E,132,,,,,,,2,NO INDICATION OF INJURY,0,0,0,0,0,2,0,8,5,3,41.8619955,-87.61841998,POINT (-87.618419977483 41.861995494743)
b71a048d12da511ca55fd2b173be1a20d69d78fe9f4dac12012ba3d101e65dd10577a3c3b137d2b9a29ddffd6f35cfd60c7444cff00988ff213640be7ee375b6,JF172845,,3/13/2022 15:00,30,NO CONTROLS,NO CONTROLS,CLEAR,DAYLIGHT,TURNING,DIVIDED - W/MEDIAN (NOT RAISED),,STRAIGHT AND LEVEL,DRY,NO DEFECTS,NOT ON SCENE (DESK REPORT),NO INJURY / DRIVE AWAY,Y,,Y,"OVER $1,500",3/13/2022 19:10,IMPROPER LANE USAGE,NOT APPLICABLE,4128,W,LAWRENCE AVE,1712,,,,,,,2,NO INDICATION OF INJURY,0,0,0,0,0,2,0,15,1,3,41.96830976,-87.73167256,POINT (-87.731672563177 41.968309764232)
4a05407cdd73edce4c5908b0fb3560d27597ba5e22ce42711ff5573ca2ecc573d672361b247363e7a09b0c4ab4013ff40f76a509f9ec2c8b1bebf41b245eb00f,JD267858,,6/17/2020 14:00,30,NO CONTROLS,NO CONTROLS,CLEAR,DAYLIGHT,REAR END,NOT DIVIDED,,STRAIGHT AND LEVEL,DRY,NO DEFECTS,,NO INJURY / DRIVE AWAY,,,,"OVER $1,500",6/18/2020 10:58,UNABLE TO DETERMINE,UNABLE TO DETERMINE,7958,S,KEDZIE AVE,834,,,,,,,3,NO INDICATION OF INJURY,0,0,0,0,0,3,0,14,4,6,41.74805037,-87.70249227,POINT (-87.702492265841 41.748050374363)
69fb9ed6b05c535d2c33e007b92fab63fbc4831da0e03711421def7a183628d66cd78d993ec91fb1de7c039c154d0a7258bd1f188862cd2d5ead3ae3f37a69db,JF163922,Y,3/5/2022 8:25,30,TRAFFIC SIGNAL,FUNCTIONING PROPERLY,CLEAR,DAYLIGHT,REAR TO FRONT,DIVIDED - W/MEDIAN (NOT RAISED),,STRAIGHT AND LEVEL,DRY,NO DEFECTS,NOT ON SCENE (DESK REPORT),NO INJURY / DRIVE AWAY,,,,"$501 - $1,500",3/5/2022 8:35,IMPROPER BACKING,NOT APPLICABLE,2012,N,LARAMIE AVE,2515,,,,,,,2,NO INDICATION OF INJURY,0,0,0,0,0,3,0,8,7,3,41.91733722,-87.75609815,POINT (-87.756098149239 41.917337216553)
5a7ed411e7c0befe6772bd82a3edc1cf9dbb774d8d0215f54e6f392e94b9139670206e0cb7e4a18db240010382b28d65434f3c1cc914739fd94b9d85f4fd4e78,JF161827,,2/24/2022 19:00,30,STOP SIGN/FLASHER,NO CONTROLS,CLEAR,"DARKNESS, LIGHTED ROAD",REAR END,NOT DIVIDED,,STRAIGHT AND LEVEL,DRY,NO DEFECTS,NOT ON SCENE (DESK REPORT),NO INJURY / DRIVE AWAY,,,N,"OVER $1,500",3/3/2022 11:10,FOLLOWING TOO CLOSELY,UNABLE TO DETERMINE,4700,W,59TH ST,813,,,,,,,2,NO INDICATION OF INJURY,0,0,0,0,0,2,0,19,5,2,41.78438569,-87.74006595,POINT (-87.740065945952 41.784385693962)
e1db57ad00767019be7cbdad561d463e359b5073c543a2fa5a6664dffa41a1b15a540e50d9525a5cdb7738b1ed779c81765b3ed746fdcd6efad04a6586b61bc3,JF165254,Y,3/5/2022 18:00,30,NO CONTROLS,NO CONTROLS,CLEAR,DARKNESS,PARKED MOTOR VEHICLE,OTHER,,STRAIGHT AND LEVEL,UNKNOWN,UNKNOWN,NOT ON SCENE (DESK REPORT),NO INJURY / DRIVE AWAY,,,N,"OVER $1,500",3/6/2022 15:20,UNABLE TO DETERMINE,UNABLE TO DETERMINE,1220,S,WABASH AVE,131,,,,,,,2,NO INDICATION OF INJURY,0,0,0,0,0,1,0,18,7,3,41.86682801,-87.62596327,POINT (-87.62596326902 41.866828010004)
2ad5003de1995ed79d0e598d7aa5368f1fb4f71e3069ee555dd308d3aeb887f0b594f3fbae0076e274d310acc49265c84f450cd83c2a3f6f38cdb955341a2069,JF164760,,3/6/2022 1:15,40,NO CONTROLS,NO CONTROLS,OTHER,"DARKNESS, LIGHTED ROAD",REAR END,DIVIDED - W/MEDIAN BARRIER,,STRAIGHT AND LEVEL,WET,NO DEFECTS,ON SCENE,INJURY AND / OR TOW DUE TO CRASH,,,Y,"OVER $1,500",3/6/2022 1:20,UNABLE TO DETERMINE,NOT APPLICABLE,4800,N,LAKE SHORE DR SB,2024,,,,,,,2,NO INDICATION OF INJURY,0,0,0,0,0,3,0,1,1,3,41.96940862,-87.64831726,POINT (-87.648317263699 41.969408617919)
4a7e61dc1469c5321818a669e82272289a67c03360578131320405a4adda354912a5dfb553e7e6b7f1d83664ba9d05720352c785186389d20543b764dead629d,JE247836,,5/29/2021 17:50,35,NO CONTROLS,NO CONTROLS,CLEAR,DAYLIGHT,SIDESWIPE SAME DIRECTION,NOT DIVIDED,,STRAIGHT AND LEVEL,DRY,UNKNOWN,,NO INJURY / DRIVE AWAY,,,,"OVER $1,500",5/30/2021 13:00,IMPROPER LANE USAGE,NOT APPLICABLE,6414,S,WESTERN AVE,825,,,,,,,2,NO INDICATION OF INJURY,0,0,0,0,0,2,0,17,7,5,41.77692931,-87.68372872,POINT (-87.683728715221 41.776929313097)
64581594530082ea3d57caf3c18955112c67c917bac2ec684b14ccdc85efc82a4ca45586b67b55b95c0ea52d067ededd793df5c23395baa5a12d112c27849772,JF163030,,3/4/2022 12:30,35,NO CONTROLS,NO CONTROLS,CLEAR,DAYLIGHT,PARKED MOTOR VEHICLE,PARKING LOT,,STRAIGHT AND LEVEL,DRY,NO DEFECTS,ON SCENE,NO INJURY / DRIVE AWAY,,,,"$501 - $1,500",3/4/2022 12:35,"VISION OBSCURED (SIGNS, TREE LIMBS, BUILDINGS, ETC.)",NOT APPLICABLE,11800,S,MARSHFIELD AVE,2234,,,,,,,2,NO INDICATION OF INJURY,0,0,0,0,0,1,0,12,6,3,41.67926255,-87.66261671,POINT (-87.662616711816 41.679262553897)
eb026236701f36773a60d031a9483eefd9efbd39ce088262bd05a465feb09f1552b8c674d3583991cf0f9815b4c7b6e5e03d435220dbadb66baff4fde38d2eda,JF164229,,3/5/2022 13:45,30,STOP SIGN/FLASHER,FUNCTIONING PROPERLY,CLEAR,DAYLIGHT,ANGLE,"FIVE POINT, OR MORE",,STRAIGHT AND LEVEL,DRY,NO DEFECTS,ON SCENE,INJURY AND / OR TOW DUE TO CRASH,Y,,,"OVER $1,500",3/5/2022 13:48,DISREGARDING STOP SIGN,NOT APPLICABLE,9300,S,ANTHONY AVE,423,,,,,,,2,NONINCAPACITATING INJURY,2,0,0,1,1,0,0,13,7,3,41.72626276,-87.55390864,POINT (-87.553908634905 41.726262755521)
43bac0fd5a28038a2037315337e7ae0bdfaa6e229448efe20bf5827b82b925ae79a299395ddeb6da0fa5ca3c9fffa5cc24d5162a9b0d38d01caf82c17b8fd63e,JF165420,,3/6/2022 17:50,30,TRAFFIC SIGNAL,NO CONTROLS,CLEAR,DAWN,REAR END,NOT DIVIDED,,STRAIGHT AND LEVEL,DRY,NO DEFECTS,ON SCENE,NO INJURY / DRIVE AWAY,,,Y,"$501 - $1,500",3/6/2022 18:09,UNABLE TO DETERMINE,UNABLE TO DETERMINE,1000,N,MILWAUKEE AVE,1213,,,,,,,2,NO INDICATION OF INJURY,0,0,0,0,0,5,0,17,1,3,41.8997595,-87.66107806,POINT (-87.661078061362 41.899759497226)
57aa348536911b0a51470f9a2219531bf6bb4a34728643e9a3eeb3bd2b35c8d4c648e312ff9062ae729856251861bc7572bceec4b60438818b44dac08baa63f0,JF164798,,3/6/2022 1:56,30,FLASHING CONTROL SIGNAL,UNKNOWN,RAIN,"DARKNESS, LIGHTED ROAD",ANGLE,NOT DIVIDED,,STRAIGHT AND LEVEL,WET,NO DEFECTS,ON SCENE,INJURY AND / OR TOW DUE TO CRASH,N,,Y,"OVER $1,500",3/6/2022 2:08,DISREGARDING TRAFFIC SIGNALS,DISREGARDING OTHER TRAFFIC SIGNS,2400,W,DIVERSEY AVE,1411,,,,,,,2,INCAPACITATING INJURY,1,0,1,0,0,2,0,1,1,3,41.93228718,-87.68795009,POINT (-87.687950093412 41.932287182991)