CRASH_RECORD_ID,RD_NO,CRASH_DATE_EST_I,CRASH_DATE,POSTED_SPEED_LIMIT,TRAFFIC_CONTROL_DEVICE,DEVICE_CONDITION,WEATHER_CONDITION,LIGHTING_CONDITION,FIRST_CRASH_TYPE,TRAFFICWAY_TYPE,LANE_CNT,ALIGNMENT,ROADWAY_SURFACE_COND,ROAD_DEFECT,REPORT_TYPE,CRASH_TYPE,INTERSECTION_RELATED_I,NOT_RIGHT_OF_WAY_I,HIT_AND_RUN_I,DAMAGE,DATE_POLICE_NOTIFIED,PRIM_CONTRIBUTORY_CAUSE,SEC_CONTRIBUTORY_CAUSE,STREET_NO,STREET_DIRECTION,STREET_NAME,BEAT_OF_OCCURRENCE,PHOTOS_TAKEN_I,STATEMENTS_TAKEN_I,DOORING_I,WORK_ZONE_I,WORK_ZONE_TYPE,WORKERS_PRESENT_I,NUM_UNITS,MOST_SEVERE_INJURY,INJURIES_TOTAL,INJURIES_FATAL,INJURIES_INCAPACITATING,INJURIES_NON_INCAPACITATING,INJURIES_REPORTED_NOT_EVIDENT,INJURIES_NO_INDICATION,INJURIES_UNKNOWN,CRASH_HOUR,CRASH_DAY_OF_WEEK,CRASH_MONTH,LATITUDE,LONGITUDE,LOCATION
d8142b0e5f440e3b2be86d7186ce32f9f56a0326ceb590b4ee95d9679069678d88df9d6b1b0e63002918050a07b070612714bad6b9171815f0c67426291b21ce,JF164878,Y,3/6/2022 5:18,15,NO CONTROLS,NO CONTROLS,RAIN,"DARKNESS, LIGHTED ROAD",FIXED OBJECT,PARKING LOT,,STRAIGHT AND LEVEL,WET,NO DEFECTS,ON SCENE,INJURY AND / OR TOW DUE TO CRASH,,,,"OVER $1,500",3/6/2022 5:18,UNABLE TO DETERMINE,UNABLE TO DETERMINE,3000,S,ALBANY AVE,1033,,,,,,,1,NO INDICATION OF INJURY,0,0,0,0,0,1,0,5,1,3,41.83897824,-87.70258059,POINT (-87.702580587497 41.83897823702)
f3f16881e2a3c1d456abfd80f7026c799917f1d0415d31b6ffb584cfff49174eb7dadabd2108ea64253e50e8edc4e88ce25b70828c32b8deedc5911ad18d4d7a,JF165648,,3/6/2022 23:30,30,NO CONTROLS,NO CONTROLS,RAIN,"DARKNESS, LIGHTED ROAD",TURNING,T-INTERSECTION,,STRAIGHT AND LEVEL,WET,NO DEFECTS,NOT ON SCENE (DESK REPORT),NO INJURY / DRIVE AWAY,Y,,Y,"OVER $1,500",3/6/2022 23:55,IMPROPER TURNING/NO SIGNAL,UNABLE TO DETERMINE,6900,S,SOUTH SHORE DR,331,,,,,,,2,NO INDICATION OF INJURY,0,0,0,0,0,2,0,23,1,3,41.76981261,-87.5666924,POINT (-87.566692394772 41.769812612097)
8fa63d6ccb5f5b2621e6e7db53724f52c4985afb81dab2e6a5fb55a20b4fdf00076cf9cdb2970b93de7bbddf9e6d53320adf34de1e46509bfd739a1c1b5e43a3,JF165687,,3/7/2022 1:00,20,NO CONTROLS,NO CONTROLS,SNOW,"DARKNESS, LIGHTED ROAD",PARKED MOTOR VEHICLE,NOT DIVIDED,,STRAIGHT AND LEVEL,SNOW OR SLUSH,NO DEFECTS,NOT ON SCENE (DESK REPORT),NO INJURY / DRIVE AWAY,,,Y,"OVER $1,500",3/7/2022 2:15,UNABLE TO DETERMINE,NOT APPLICABLE,5505,W,64TH ST,813,,,,,,,2,NO INDICATION OF INJURY,0,0,0,0,0,1,0,1,2,3,41.77617452,-87.75949176,POINT (-87.759491757241 41.776174520549)
a54d13b118542a3860011477233b35ea96788e47160bbb04ef6ba176482d38d029ca598fbee85619255a153a8853172d42395467a77b821531af13cf80678601,JF164162,,3/4/2022 15:00,25,UNKNOWN,UNKNOWN,CLEAR,DAYLIGHT,FIXED OBJECT,NOT DIVIDED,,STRAIGHT AND LEVEL,UNKNOWN,WORN SURFACE,NOT ON SCENE (DESK REPORT),NO INJURY / DRIVE AWAY,,,,"OVER $1,500",3/5/2022 14:00,UNABLE TO DETERMINE,UNABLE TO DETERMINE,3810,W,ARTHINGTON ST,1133,,,,,,,1,NO INDICATION OF INJURY,0,0,0,0,0,1,0,15,6,3,41.86997476,-87.72075119,POINT (-87.720751190019 41.869974756546)
4b2c8174e2234e3378019a84016a8900733d4f114b8575e52d4e320187d344c8c8e97947e31202253e1c730ea7c8fd6e61173941ac737a6de18840768d4b5132,JF186998,,3/26/2022 1:00,30,NO CONTROLS,NO CONTROLS,UNKNOWN,"DARKNESS, LIGHTED ROAD",PARKED MOTOR VEHICLE,NOT DIVIDED,,STRAIGHT AND LEVEL,UNKNOWN,NO DEFECTS,ON SCENE,INJURY AND / OR TOW DUE TO CRASH,,,Y,"OVER $1,500",3/26/2022 7:48,UNABLE TO DETERMINE,UNABLE TO DETERMINE,1335,W,BRYN MAWR AVE,2013,,,,,,,2,NO INDICATION OF INJURY,0,0,0,0,0,1,0,1,7,3,41.98345275,-87.6640265,POINT (-87.664026503336 41.983452750606)
4e2cacbb077ea25bc6a4cf30028ec45395433ec8ccf0c7a681f57c4d2b9bc1ff9a277c951b873f8960bd3736eb3ba8d80f55bb8dd59beba2170200d343261efc,JF180166,,3/20/2022 8:30,30,NO CONTROLS,NO CONTROLS,CLEAR,DAYLIGHT,SIDESWIPE SAME DIRECTION,DIVIDED - W/MEDIAN BARRIER,,STRAIGHT AND LEVEL,DRY,NO DEFECTS,NOT ON SCENE (DESK REPORT),NO INJURY / DRIVE AWAY,,,Y,"$501 - $1,500",3/20/2022 9:20,IMPROPER LANE USAGE,NOT APPLICABLE,206,W,WACKER DR,122,,,,,,,2,NO INDICATION OF INJURY,0,0,0,0,0,2,0,8,1,3,41.88703866,-87.63421023,POINT (-87.634210225113 41.887038658437)
28171dd372e614b54c9541fad5d6469178301f4d4377593bfe2c3811f55453b1ec282b6bd000ffdac92f4608e4a1e2b42ad6492afdba92e98ff879a461547a40,JF164604,,3/5/2022 20:37,30,NO CONTROLS,NO CONTROLS,RAIN,DARKNESS,REAR END,NOT DIVIDED,,STRAIGHT AND LEVEL,WET,NO DEFECTS,ON SCENE,NO INJURY / DRIVE AWAY,,,,$500 OR LESS,3/5/2022 20:38,NOT APPLICABLE,NOT APPLICABLE,3199,S,PULASKI RD,1031,,,,,,,2,NO INDICATION OF INJURY,0,0,0,0,0,3,0,20,7,3,41.83515578,-87.72416438,POINT (-87.724164380109 41.835155783277)
6d8e3a3612188f61d434af3f62c09a0fecabf73f61997302fc4c2a7cb4cbc73b2084c5bef228c5b1c313fb8fc1e391c2941cbf97e2c24fcc3dbe9570048330cc,JF164463,,3/5/2022 17:53,15,NO CONTROLS,NO CONTROLS,CLEAR,DAYLIGHT,PARKED MOTOR VEHICLE,PARKING LOT,,STRAIGHT AND LEVEL,DRY,NO DEFECTS,NOT ON SCENE (DESK REPORT),NO INJURY / DRIVE AWAY,,,Y,"$501 - $1,500",3/5/2022 18:10,UNABLE TO DETERMINE,UNABLE TO DETERMINE,2526,W,CERMAK RD,1023,,,,,,,2,NO INDICATION OF INJURY,0,0,0,0,0,1,0,17,7,3,41.85210065,-87.68905111,POINT (-87.689051110607 41.85210065324)
3837c018671288f21c42e6a2bc4f31fa5d9f3d0e83edc4c79fc7d48cc2d0d77aa0c02746638d20ac65ee5aed69c37383f56520dd640b81e39cbc1893deb5f88d,JF164867,,3/6/2022 5:12,30,TRAFFIC SIGNAL,FUNCTIONING PROPERLY,SEVERE CROSS WIND GATE,"DARKNESS, LIGHTED ROAD",REAR END,DIVIDED - W/MEDIAN (NOT RAISED),,STRAIGHT AND LEVEL,DRY,NO DEFECTS,NOT ON SCENE (DESK REPORT),NO INJURY / DRIVE AWAY,,,,$500 OR LESS,3/6/2022 5:25,FOLLOWING TOO CLOSELY,NOT APPLICABLE,1559,N,CICERO AVE,2533,,,,,,,2,NO INDICATION OF INJURY,0,0,0,0,0,4,0,5,1,3,41.90953467,-87.74596768,POINT (-87.745967679057 41.909534669935)
b92b76af4473b15f0676717d390dbdd9961886fa0436b3aa0c4d0a05990b2a72863db007920a3687b9c401c25a1507a36a0b703f824faf4fb99f947eb677143a,JF158013,,2/27/2022 19:42,35,STOP SIGN/FLASHER,NO CONTROLS,CLEAR,"DARKNESS, LIGHTED ROAD",ANGLE,NOT DIVIDED,,STRAIGHT AND LEVEL,DRY,NO DEFECTS,ON SCENE,INJURY AND / OR TOW DUE TO CRASH,,,Y,"OVER $1,500",2/27/2022 19:43,FAILING TO YIELD RIGHT-OF-WAY,NOT APPLICABLE,500,E,75TH ST,323,,,,,,,2,NO INDICATION OF INJURY,0,0,0,0,0,2,0,19,1,2,41.75856343,-87.61261787,POINT (-87.612617873534 41.758563432835)
4f78b74b54e95240ee221dc0ea2b96cae2611f46398d4be0a78cba6769c4bdd2777a5fae9fa5f5314bf1ddc3aa55fbd08113044bcb4e5768e75e3d4511d22999,JF158297,,2/28/2022 7:15,30,NO CONTROLS,NO CONTROLS,CLEAR,DAYLIGHT,OVERTURNED,DIVIDED - W/MEDIAN BARRIER,,STRAIGHT AND LEVEL,DRY,NO DEFECTS,ON SCENE,INJURY AND / OR TOW DUE TO CRASH,,,,"OVER $1,500",2/28/2022 7:30,UNABLE TO DETERMINE,NOT APPLICABLE,3146,S,WESTERN BLVD,911,,,,,,,1,NO INDICATION OF INJURY,0,0,0,0,0,1,0,7,2,2,41.83555547,-87.68514125,POINT (-87.685141246269 41.835555465012)
89bf41fc9633003c7426b355a74dd7294732fd736b197cd163bd54a9f5d337977e776bd5362c2b232080afd07fd209a2f40508ad8b10102a3c549cbfbab15a82,JF165677,,3/7/2022 1:31,30,NO CONTROLS,NO CONTROLS,SNOW,"DARKNESS, LIGHTED ROAD",PARKED MOTOR VEHICLE,NOT DIVIDED,,STRAIGHT AND LEVEL,SNOW OR SLUSH,NO DEFECTS,ON SCENE,INJURY AND / OR TOW DUE TO CRASH,,,,"OVER $1,500",3/7/2022 1:32,FAILING TO REDUCE SPEED TO AVOID CRASH,NOT APPLICABLE,2814,W,59TH ST,824,,,,,,,2,NO INDICATION OF INJURY,0,0,0,0,0,2,0,1,2,3,41.786502,-87.69430071,POINT (-87.694300706369 41.786502002683)
4be06ec1931ee909009ce36821b56befa0e4f6e05c6221302695bbb4e7a758209544cd6ae43f5735a09a056572023eff71157951a0e8f9d9db6d2a66baa5407a,JF187509,Y,3/26/2022 15:00,30,NO CONTROLS,NO CONTROLS,CLEAR,DAYLIGHT,REAR END,ONE-WAY,,STRAIGHT AND LEVEL,DRY,NO DEFECTS,NOT ON SCENE (DESK REPORT),NO INJURY / DRIVE AWAY,,,,"OVER $1,500",3/26/2022 17:30,UNABLE TO DETERMINE,UNABLE TO DETERMINE,300,E,JACKSON DR,114,,,,,,,2,NO INDICATION OF INJURY,0,0,0,0,0,2,0,15,7,3,41.87844405,-87.62051796,POINT (-87.620517957578 41.878444050454)
c6a7d8b0eacaff2cb2b138c2fc4d35772e4b1980b97d4778a3de6318cefe74460eb2d9688356a2c56e9c0d52205c6bf3c3596d5646f3dc52dd7ab2a84657666a,JF164184,,3/4/2022 15:30,30,STOP SIGN/FLASHER,FUNCTIONING PROPERLY,CLEAR,DAYLIGHT,ANGLE,FOUR WAY,,STRAIGHT AND LEVEL,DRY,NO DEFECTS,NOT ON SCENE (DESK REPORT),NO INJURY / DRIVE AWAY,,,Y,"OVER $1,500",3/5/2022 13:30,FAILING TO YIELD RIGHT-OF-WAY,NOT APPLICABLE,3600,W,79TH ST,833,,,,,,,2,NO INDICATION OF INJURY,0,0,0,0,0,2,0,15,6,3,41.74982915,-87.712198,POINT (-87.712198002634 41.749829150554)
47fe814556f0ac1bebc064d1178d55883d8d2940c68c8b0164267577be8797a60bbf283bad10c0aab3fad1f519e9345924c3fc0fd63b895ab0d37326074e9061,JF164138,,3/5/2022 0:35,30,TRAFFIC SIGNAL,FUNCTIONING PROPERLY,CLEAR,"DARKNESS, LIGHTED ROAD",REAR END,DIVIDED - W/MEDIAN (NOT RAISED),,STRAIGHT AND LEVEL,DRY,NO DEFECTS,NOT ON SCENE (DESK REPORT),NO INJURY / DRIVE AWAY,,,,$500 OR LESS,3/5/2022 12:15,FOLLOWING TOO CLOSELY,NOT APPLICABLE,3249,W,ADDISON ST,1733,,,,,,,2,NO INDICATION OF INJURY,0,0,0,0,0,2,0,0,7,3,41.94649565,-87.70977655,POINT (-87.709776548763 41.946495653685)
3a7255dc1d4cf7642152c8116bc947858251290937611446e170fe9d08f1a06f05e9e5b7f969c8d4e632c0c32623000af4c902b2230c4a1618066162ee6af766,JF165286,,3/6/2022 14:45,30,TRAFFIC SIGNAL,FUNCTIONING PROPERLY,CLEAR,DAYLIGHT,REAR END,NOT DIVIDED,,STRAIGHT AND LEVEL,DRY,NO DEFECTS,NOT ON SCENE (DESK REPORT),NO INJURY / DRIVE AWAY,,,,"$501 - $1,500",3/6/2022 15:50,FOLLOWING TOO CLOSELY,FOLLOWING TOO CLOSELY,5958,W,ROOSEVELT RD,1513,,,,,,,2,NO INDICATION OF INJURY,0,0,0,0,0,2,0,14,1,3,41.8655695,-87.77407857,POINT (-87.774078574366 41.865569497039)
5dd3a0e856c2591044858120b446754e540819b6599ced610d3750735bb4a7238bfd6c87f4aa1c822beef8d19d71db68392ed3b8663541e0b5f9d36f8769bcb6,JF165222,,3/6/2022 14:15,30,UNKNOWN,UNKNOWN,CLEAR,DAYLIGHT,PARKED MOTOR VEHICLE,UNKNOWN,,STRAIGHT AND LEVEL,DRY,UNKNOWN,NOT ON SCENE (DESK REPORT),NO INJURY / DRIVE AWAY,,,Y,"OVER $1,500",3/6/2022 14:50,UNABLE TO DETERMINE,UNABLE TO DETERMINE,4720,S,COTTAGE GROVE AVE,223,,,,,,,2,NO INDICATION OF INJURY,0,0,0,0,0,1,0,14,1,3,41.80890166,-87.60669697,POINT (-87.606696966181 41.808901663696)
97c2c1420dc2a854957d6c1b47befb6b1a618e9946eff718e5acedb86a5170f5423e6c00261982dc768084055b38c4238f89a19592c657559e6a385af6c8e80b,JF164950,,3/6/2022 9:15,30,STOP SIGN/FLASHER,NO CONTROLS,CLEAR,DAYLIGHT,TURNING,FOUR WAY,,STRAIGHT AND LEVEL,DRY,NO DEFECTS,ON SCENE,INJURY AND / OR TOW DUE TO CRASH,Y,,,"OVER $1,500",3/6/2022 9:18,DRIVING SKILLS/KNOWLEDGE/EXPERIENCE,PHYSICAL CONDITION OF DRIVER,1600,E,88TH ST,412,,,,,,,2,NO INDICATION OF INJURY,0,0,0,0,0,2,0,9,1,3,41.73520901,-87.58511267,POINT (-87.58511267343 41.735209005437)
821f6ad5c83df0cd1e1feedbac3405387a7b1789252c5b154f633a2be8b5ce994205be32230cc4f14b79bf1d88c0a4a6c9e5e414f1ba2f5857fc020175e14286,JF149745,Y,2/18/2022 8:30,35,UNKNOWN,NO CONTROLS,CLEAR,DAYLIGHT,PARKED MOTOR VEHICLE,NOT DIVIDED,,STRAIGHT AND LEVEL,DRY,NO DEFECTS,NOT ON SCENE (DESK REPORT),NO INJURY / DRIVE AWAY,,,Y,"$501 - $1,500",2/19/2022 17:00,UNABLE TO DETERMINE,NOT APPLICABLE,4853,N,MILWAUKEE AVE,1623,,,,,,,2,NO INDICATION OF INJURY,0,0,0,0,0,1,0,8,6,2,41.96927575,-87.7617868,POINT (-87.761786796968 41.969275754055)
7c8bbb3f22b260eb9af01983cf70e67427cbe73b543169fde6483d4b8b0240e16b72026ba748ce171306ea5c99506d52e7546e31acb3f08641c2ac3b67ba7a92,JF165244,,3/2/2022 7:15,30,NO CONTROLS,NO CONTROLS,CLEAR,DAYLIGHT,REAR END,DIVIDED - W/MEDIAN (NOT RAISED),,STRAIGHT AND LEVEL,DRY,NO DEFECTS,NOT ON SCENE (DESK REPORT),INJURY AND / OR TOW DUE TO CRASH,,,,"OVER $1,500",3/6/2022 15:22,FOLLOWING TOO CLOSELY,NOT APPLICABLE,3723,W,IRVING PARK RD,1732,,,,,,,2,"REPORTED, NOT EVIDENT",1,0,0,0,1,1,0,7,4,3,41.95363175,-87.72125268,POINT (-87.721252683393 41.953631750978)
2b08b92589b508a943431b5e5eece8839dd84e4901ff839e15d3ab03b1c65ebe3a83ad623b0433dc1626b9dc8b34aa98e3bdeae0a92f8f5b901df25a0a0b8f3f,JF161548,N,3/3/2022 3:08,30,TRAFFIC SIGNAL,FUNCTIONING PROPERLY,CLEAR,DARKNESS,ANGLE,OTHER,,STRAIGHT AND LEVEL,DRY,NO DEFECTS,ON SCENE,INJURY AND / OR TOW DUE TO CRASH,Y,,Y,"OVER $1,500",3/3/2022 3:08,DRIVING ON WRONG SIDE/WRONG WAY,FAILING TO YIELD RIGHT-OF-WAY,500,S,WABASH AVE,123,,,,,,,2,"REPORTED, NOT EVIDENT",1,0,0,0,1,2,0,3,5,3,41.87562254,-87.62617274,POINT (-87.626172738716 41.875622540805)
6fd0354804d1ff6b8161bf0e398491291d72bbb60816c52a8db947c1808062bd67f25d9efd25d417540a9ed2163e4bbca545c50d1e6ce6aba91ee63f7084e959,JF165289,,3/5/2022 23:00,30,NO CONTROLS,NO CONTROLS,UNKNOWN,"DARKNESS, LIGHTED ROAD",OTHER NONCOLLISION,ONE-WAY,,STRAIGHT AND LEVEL,UNKNOWN,"RUT, HOLES",NOT ON SCENE (DESK REPORT),NO INJURY / DRIVE AWAY,,,,$500 OR LESS,3/6/2022 16:02,"EVASIVE ACTION DUE TO ANIMAL, OBJECT, NONMOTORIST",UNABLE TO DETERMINE,1600,N,LAKE SHORE DR,1814,,,,,,,1,NO INDICATION OF INJURY,0,0,0,0,0,1,0,23,7,3,41.91122456,-87.62648257,POINT (-87.626482572426 41.911224555611)
2007421efd3329115880e1c7757f3d3f0e5d28dd93dacd92cda8d184d3ed9d32d1f4109c0d9bd0e7d9eeb13502fe70907b40a8b012cc09efbd249e87709a59c5,JF164958,,3/6/2022 3:00,30,STOP SIGN/FLASHER,FUNCTIONING PROPERLY,CLEAR,"DARKNESS, LIGHTED ROAD",PARKED MOTOR VEHICLE,ONE-WAY,,STRAIGHT AND LEVEL,DRY,NO DEFECTS,NOT ON SCENE (DESK REPORT),NO INJURY / DRIVE AWAY,,,Y,"$501 - $1,500",3/6/2022 10:00,IMPROPER OVERTAKING/PASSING,UNABLE TO DETERMINE,4306,S,TALMAN AVE,922,,,,,,,2,NO INDICATION OF INJURY,0,0,0,0,0,1,0,3,1,3,41.81534045,-87.69089067,POINT (-87.690890672885 41.815340452197)
3b5c1fc36580b091c05caf35969fbb6ba1e64bf9637355211cd4e88992f930f6e57ace59cfe75c8b23696ef023dab359750718475e4f66d7507cb5dd66e730ac,JF164912,Y,3/6/2022 7:40,30,NO CONTROLS,NO CONTROLS,CLEAR,UNKNOWN,PARKED MOTOR VEHICLE,NOT DIVIDED,,STRAIGHT AND LEVEL,WET,NO DEFECTS,ON SCENE,NO INJURY / DRIVE AWAY,,,Y,"OVER $1,500",3/6/2022 7:45,IMPROPER OVERTAKING/PASSING,NOT APPLICABLE,909,E,40TH ST,214,,,,,,,2,NO INDICATION OF INJURY,0,0,0,0,0,1,0,7,1,3,41.82197521,-87.60337257,POINT (-87.603372571811 41.821975213721)
6334c21151806817fe48f07645ee8e323da378579915658f6720886624f49ebe0d6591592d3da2bf04da33881fdf8753a0c1a8efec64c099d6647fd1640e89f7,JF165495,,3/6/2022 19:10,30,NO CONTROLS,NO CONTROLS,CLEAR,DARKNESS,PARKED MOTOR VEHICLE,NOT DIVIDED,,STRAIGHT AND LEVEL,DRY,UNKNOWN,ON SCENE,NO INJURY / DRIVE AWAY,,,,"OVER $1,500",3/6/2022 19:41,UNABLE TO DETERMINE,NOT APPLICABLE,852,W,68TH ST,723,,,,,,,2,NO INDICATION OF INJURY,0,0,0,0,0,2,0,19,1,3,41.77073179,-87.6466669,POINT (-87.6466669019 41.770731788351)
519861ad85aac32b1a0a5692aed3ea04ec56665a70a0c2046ffad7852f6d03ad43af216e234b2ec1622c69b3288403a67402f6fecbdd32258772d01eb7951bac,JD322148,,8/5/2020 19:30,20,NO CONTROLS,NO CONTROLS,CLEAR,DUSK,ANGLE,ONE-WAY,,STRAIGHT AND LEVEL,DRY,NO DEFECTS,,INJURY AND / OR TOW DUE TO CRASH,,,,"OVER $1,500",8/5/2020 20:20,DISREGARDING STOP SIGN,NOT APPLICABLE,4757,S,KEATING AVE,815,,,,,,,2,NO INDICATION OF INJURY,0,0,0,0,0,2,0,19,4,8,41.80596298,-87.74174289,POINT (-87.741742888044 41.805962976284)
4247db41b878820d0c066ac90f6aa87fd2ab04b5d9d9fb2920f32a6c90d2538232614042adc118025f580453c550b543b3d99de856714c3bcf2174da16e72339,JF165188,,3/4/2022 13:50,30,NO CONTROLS,NO CONTROLS,CLEAR,DAYLIGHT,REAR END,NOT DIVIDED,,STRAIGHT AND LEVEL,DRY,NO DEFECTS,NOT ON SCENE (DESK REPORT),NO INJURY / DRIVE AWAY,,,,"$501 - $1,500",3/6/2022 14:38,FOLLOWING TOO CLOSELY,FAILING TO REDUCE SPEED TO AVOID CRASH,730,N,CENTRAL AVE,1511,,,,,,,2,NO INDICATION OF INJURY,0,0,0,0,0,2,0,13,6,3,41.89388678,-87.76550522,POINT (-87.765505224283 41.893886777115)
efc73a4f52caa9d173c2789cd10c6ef3e75dd1eceab310443506ff510bbdefa4e5649c3426cae63592cbb282ff644cc41b330e904111c13de811f779aebcc253,JF157175,,2/26/2022 17:35,30,TRAFFIC SIGNAL,FUNCTIONING PROPERLY,CLEAR,"DARKNESS, LIGHTED ROAD",REAR END,DIVIDED - W/MEDIAN (NOT RAISED),,STRAIGHT AND LEVEL,DRY,NO DEFECTS,NOT ON SCENE (DESK REPORT),NO INJURY / DRIVE AWAY,Y,,,"OVER $1,500",2/26/2022 22:00,FOLLOWING TOO CLOSELY,"OPERATING VEHICLE IN ERRATIC, RECKLESS, CARELESS, NEGLIGENT OR AGGRESSIVE MANNER",2301,W,CONGRESS PKWY,1225,,,,,,,2,NO INDICATION OF INJURY,0,0,0,0,0,3,0,17,7,2,41.87484977,-87.68386223,POINT (-87.683862232714 41.874849767756)
dda5ce4654679469e4ef31123e5fc3043e6ecc5dad7220094a3b60b0a837867d3430d8c1d5942868b3f98a955aa6fb49eaccc4c6fd5280ad9f9197a328c86ecb,JF165059,,3/4/2022 13:20,35,UNKNOWN,UNKNOWN,UNKNOWN,UNKNOWN,PARKED MOTOR VEHICLE,UNKNOWN,,STRAIGHT AND LEVEL,UNKNOWN,UNKNOWN,NOT ON SCENE (DESK REPORT),NO INJURY / DRIVE AWAY,,,,"OVER $1,500",3/6/2022 11:25,UNABLE TO DETERMINE,NOT APPLICABLE,799,W,QUINCY ST,1232,,,,,,,2,NO INDICATION OF INJURY,0,0,0,0,0,1,0,13,6,3,41.87847186,-87.64721347,POINT (-87.647213469952 41.878471857804)
6e1053a64fccb91ddb61a63df187020cc0da9e9ebdc3c802f1adfea02ea035ae6f823496d29aaf5b22831a0336199334ce312c23078adafce77ac9dc741e6142,JF165338,,3/5/2022 21:30,10,NO CONTROLS,NO CONTROLS,RAIN,"DARKNESS, LIGHTED ROAD",PARKED MOTOR VEHICLE,PARKING LOT,,STRAIGHT AND LEVEL,WET,"RUT, HOLES",NOT ON SCENE (DESK REPORT),NO INJURY / DRIVE AWAY,,N,Y,"OVER $1,500",3/6/2022 16:30,UNABLE TO DETERMINE,UNABLE TO DETERMINE,1832,S,HOMAN AVE,1024,,,,,,,2,NO INDICATION OF INJURY,0,0,0,0,0,1,0,21,7,3,41.85626134,-87.71040283,POINT (-87.710402827575 41.856261344132)
805fc031c448b070182ddfd2cb555d67a7f421bc3cf242d16b3d09e5cf23b64aa80438140eb8005a69ec3c202d1646f749c65878446185488741b2f4f0fc8d04,JF164934,,3/5/2022 20:30,30,NO CONTROLS,NO CONTROLS,CLEAR,"DARKNESS, LIGHTED ROAD",PARKED MOTOR VEHICLE,ONE-WAY,,STRAIGHT AND LEVEL,DRY,UNKNOWN,ON SCENE,NO INJURY / DRIVE AWAY,,,Y,"OVER $1,500",3/6/2022 8:45,UNABLE TO DETERMINE,UNABLE TO DETERMINE,4835,N,KILDARE AVE,1712,,,,,,,2,NO INDICATION OF INJURY,0,0,0,0,0,1,0,20,7,3,41.96918276,-87.73531392,POINT (-87.735313917822 41.969182754646)
1c66a1d3d2222cf1abd7614f78a8f3c4c80563912b1cf6c36d5068069cfcb1d8f0b1b16a64d6621751a08294ae17fd32f78e3fc5f1bd0ecd0baf8e7b478f49ca,JF165211,,3/6/2022 13:50,10,NO CONTROLS,NO CONTROLS,CLEAR,DAYLIGHT,PARKED MOTOR VEHICLE,PARKING LOT,,STRAIGHT AND LEVEL,DRY,NO DEFECTS,NOT ON SCENE (DESK REPORT),NO INJURY / DRIVE AWAY,,Y,Y,"$501 - $1,500",3/6/2022 14:30,UNABLE TO DETERMINE,UNABLE TO DETERMINE,2637,S,PULASKI RD,1031,,,,,,,2,NO INDICATION OF INJURY,0,0,0,0,0,1,0,13,1,3,41.84313398,-87.72437216,POINT (-87.724372160876 41.843133975006)
2e0abc38248063f610ca7ee4177c1a182dc09f3ad96e0cae90385033d93a74572876e0cfbf10ab5ba8077c00cc93d86f4432eda885936d7d03c7154771183fa8,JF165644,,3/6/2022 23:50,25,NO CONTROLS,NO CONTROLS,RAIN,"DARKNESS, LIGHTED ROAD",PARKED MOTOR VEHICLE,PARKING LOT,,STRAIGHT AND LEVEL,WET,NO DEFECTS,ON SCENE,NO INJURY / DRIVE AWAY,,Y,Y,"OVER $1,500",3/6/2022 23:56,UNABLE TO DETERMINE,NOT APPLICABLE,3245,W,NORTH AVE,1422,,,,,,,2,NO INDICATION OF INJURY,0,0,0,0,0,1,0,23,1,3,41.90997981,-87.70882568,POINT (-87.708825675533 41.909979805809)
4ae83e3b22056e242656907f955840506cf06c4f05bf27786f45de22923335bcd86113771f786e7a98fda271ecdd3a45a4835ec05f1b1d4a104da548c1751bfc,JF165183,Y,3/6/2022 13:45,20,NO CONTROLS,NO CONTROLS,CLEAR,DAYLIGHT,PARKED MOTOR VEHICLE,PARKING LOT,,STRAIGHT AND LEVEL,DRY,NO DEFECTS,NOT ON SCENE (DESK REPORT),NO INJURY / DRIVE AWAY,,,,"OVER $1,500",3/6/2022 14:00,UNABLE TO DETERMINE,UNABLE TO DETERMINE,7528,S,ASHLAND AVE,611,,,,,,,2,NO INDICATION OF INJURY,0,0,0,0,0,1,0,13,1,3,41.75670804,-87.66374071,POINT (-87.663740709993 41.756708042309)
521966313c36c5f1076fe15c42d8a4ad61cf4732e4a888b46f80de50d3d6185d3ddec4c26ac53541b63c0f6651a1d03702b788370329a3bda5d3051d8f72fea1,JF165658,,3/7/2022 0:31,35,TRAFFIC SIGNAL,FUNCTIONING PROPERLY,RAIN,"DARKNESS, LIGHTED ROAD",FIXED OBJECT,NOT DIVIDED,,STRAIGHT AND LEVEL,WET,NO DEFECTS,ON SCENE,INJURY AND / OR TOW DUE TO CRASH,,,,"OVER $1,500",3/7/2022 0:31,FAILING TO REDUCE SPEED TO AVOID CRASH,DISREGARDING ROAD MARKINGS,255,W,CHICAGO AVE,1831,,,,,,,1,NO INDICATION OF INJURY,0,0,0,0,0,1,0,0,2,3,41.89647342,-87.63561086,POINT (-87.635610861369 41.896473416952)