CRASH_RECORD_ID,RD_NO,CRASH_DATE_EST_I,CRASH_DATE,POSTED_SPEED_LIMIT,TRAFFIC_CONTROL_DEVICE,DEVICE_CONDITION,WEATHER_CONDITION,LIGHTING_CONDITION,FIRST_CRASH_TYPE,TRAFFICWAY_TYPE,LANE_CNT,ALIGNMENT,ROADWAY_SURFACE_COND,ROAD_DEFECT,REPORT_TYPE,CRASH_TYPE,INTERSECTION_RELATED_I,NOT_RIGHT_OF_WAY_I,HIT_AND_RUN_I,DAMAGE,DATE_POLICE_NOTIFIED,PRIM_CONTRIBUTORY_CAUSE,SEC_CONTRIBUTORY_CAUSE,STREET_NO,STREET_DIRECTION,STREET_NAME,BEAT_OF_OCCURRENCE,PHOTOS_TAKEN_I,STATEMENTS_TAKEN_I,DOORING_I,WORK_ZONE_I,WORK_ZONE_TYPE,WORKERS_PRESENT_I,NUM_UNITS,MOST_SEVERE_INJURY,INJURIES_TOTAL,INJURIES_FATAL,INJURIES_INCAPACITATING,INJURIES_NON_INCAPACITATING,INJURIES_REPORTED_NOT_EVIDENT,INJURIES_NO_INDICATION,INJURIES_UNKNOWN,CRASH_HOUR,CRASH_DAY_OF_WEEK,CRASH_MONTH,LATITUDE,LONGITUDE,LOCATION
4dab34fe64a2da3e9b495ce61ede79fa40a3b6dcdfba34b91e61f5e67efe877cb04e47d773f2f94316c067f3530018798dea7a2f011573d34ce26e0e8270b2a3,JF187359,,3/26/2022 14:20,30,TRAFFIC SIGNAL,FUNCTIONING PROPERLY,CLEAR,DAYLIGHT,REAR END,NOT DIVIDED,,STRAIGHT AND LEVEL,DRY,NO DEFECTS,NOT ON SCENE (DESK REPORT),NO INJURY / DRIVE AWAY,,,,"OVER $1,500",3/26/2022 15:15,UNABLE TO DETERMINE,NOT APPLICABLE,7500,S,LAFAYETTE AVE,623,,,,,,,3,NO INDICATION OF INJURY,0,0,0,0,0,3,0,14,7,3,41.75806853,-87.62651698,POINT (-87.626516982328 41.75806853202)
b86402bca71222a8e65bad77954f5ddea3592d2cb273ee9ec0893b1d3a16837d8e0a0ab8657fabbee49272e978c849ebc36bec311d9684c58f8c83706cd97fbf,JF164568,,3/4/2022 21:30,15,NO CONTROLS,NO CONTROLS,CLEAR,DARKNESS,PARKED MOTOR VEHICLE,DIVIDED - W/MEDIAN (NOT RAISED),,STRAIGHT AND LEVEL,DRY,UNKNOWN,NOT ON SCENE (DESK REPORT),NO INJURY / DRIVE AWAY,,,,"$501 - $1,500",3/5/2022 20:00,UNABLE TO DETERMINE,UNABLE TO DETERMINE,160,E,DELAWARE PL,1833,,,,,,,2,NO INDICATION OF INJURY,0,0,0,0,0,1,0,21,6,3,41.89932834,-87.62353017,POINT (-87.623530172092 41.899328340119)
fc811f2ce23a1cd721e12d2a46442b20fc22a01f1fabb7b0fab3bcfa750e505e643a3c41e3272cfff1553c5809cf3850998833ffa4a3f8f7cf79669bb62395e3,JF164389,,3/5/2022 14:15,30,TRAFFIC SIGNAL,UNKNOWN,UNKNOWN,DAYLIGHT,TURNING,NOT DIVIDED,,STRAIGHT AND LEVEL,UNKNOWN,UNKNOWN,NOT ON SCENE (DESK REPORT),NO INJURY / DRIVE AWAY,,,,$500 OR LESS,3/5/2022 16:45,IMPROPER LANE USAGE,NOT APPLICABLE,4200,N,NARRAGANSETT AVE,1632,,,,,,,2,NO INDICATION OF INJURY,0,0,0,0,0,2,0,14,7,3,41.95665862,-87.78684941,POINT (-87.786849405374 41.956658620002)
218f906988ffee0e69b2b7f5a5e5ecd694f691c00fed7428889a8400ffdd6302adebb03164a1619b134ef1f289319fe16c4c72fa7f4c04d14904b7555e1cf74c,JF165412,,3/6/2022 14:00,30,UNKNOWN,UNKNOWN,UNKNOWN,UNKNOWN,REAR END,UNKNOWN,,STRAIGHT AND LEVEL,UNKNOWN,UNKNOWN,NOT ON SCENE (DESK REPORT),NO INJURY / DRIVE AWAY,,,,"$501 - $1,500",3/6/2022 18:00,UNABLE TO DETERMINE,UNABLE TO DETERMINE,2300,S,PRINCETON AVE,914,,,,,,,2,NO INDICATION OF INJURY,0,0,0,0,0,2,0,14,1,3,41.85088827,-87.63490614,POINT (-87.634906138716 41.850888274415)
899900f33e362da1e9efa6408304a1ec7d28c24d9d8251179241ce3e5ccaaffd11ee4e48599ac2aef483eb1edb0240cd60f49eebe9e21c84fb18f6446f52da69,JF165692,,3/7/2022 2:15,30,TRAFFIC SIGNAL,FUNCTIONING PROPERLY,SLEET/HAIL,DARKNESS,TURNING,NOT DIVIDED,,"CURVE, LEVEL",WET,NO DEFECTS,ON SCENE,INJURY AND / OR TOW DUE TO CRASH,,,Y,"$501 - $1,500",3/7/2022 2:22,IMPROPER TURNING/NO SIGNAL,WEATHER,336,W,ONTARIO ST,1831,,,,,,,2,NO INDICATION OF INJURY,0,0,0,0,0,2,0,2,2,3,41.89325671,-87.6370078,POINT (-87.637007797127 41.893256711085)
ead1a14f6b325e3527860b920cf5cca12aede087768a11d08cd789b958cd8f6db64e133d7ba0d9396222ad368f766bc8e57fff8cedcbcacb7b8a340c5b2cfaae,JF165663,,3/7/2022 0:46,30,OTHER REG. SIGN,NO CONTROLS,RAIN,"DARKNESS, LIGHTED ROAD",TURNING,DIVIDED - W/MEDIAN (NOT RAISED),,STRAIGHT AND LEVEL,WET,NO DEFECTS,ON SCENE,NO INJURY / DRIVE AWAY,,,,"OVER $1,500",3/7/2022 0:48,UNABLE TO DETERMINE,UNABLE TO DETERMINE,2600,S,KOLIN AVE,1031,,,,,,,2,NO INDICATION OF INJURY,0,0,0,0,0,2,0,0,2,3,41.8441102,-87.73319926,POINT (-87.733199261038 41.844110197279)
4e14558b54e8215a1be39d59a1f7e0c07e6197aec4843be8cb9a8db4244e155421b59c97e317849f56cada7b91caa34bacb69b4edcd1c5570da3ff067050789a,JF187721,,3/26/2022 23:00,30,NO CONTROLS,NO CONTROLS,CLEAR,"DARKNESS, LIGHTED ROAD",PARKED MOTOR VEHICLE,NOT DIVIDED,,STRAIGHT AND LEVEL,DRY,NO DEFECTS,NOT ON SCENE (DESK REPORT),NO INJURY / DRIVE AWAY,,,,"$501 - $1,500",3/26/2022 23:10,UNABLE TO DETERMINE,NOT APPLICABLE,1513,N,MILWAUKEE AVE,1424,,,,,,,2,NO INDICATION OF INJURY,0,0,0,0,0,3,0,23,7,3,41.90903765,-87.67514592,POINT (-87.67514592249 41.909037654061)
abee2d0ce4579203956a5808e68b50406db944996ddf71845198422a89638439e35e2dd3a1696433b9dc3e0e478889f66f88dd59cf3e736bd9b91e407a2d8629,JF164164,,3/5/2022 12:00,30,NO CONTROLS,NO CONTROLS,CLEAR,DAYLIGHT,PEDESTRIAN,ONE-WAY,,STRAIGHT AND LEVEL,DRY,NO DEFECTS,ON SCENE,NO INJURY / DRIVE AWAY,,,Y,"OVER $1,500",3/5/2022 12:03,UNABLE TO DETERMINE,IMPROPER LANE USAGE,4354,W,THOMAS ST,1111,,,,,,,2,NO INDICATION OF INJURY,0,0,0,0,0,2,0,12,7,3,41.90079826,-87.73582122,POINT (-87.735821215209 41.900798260862)
4f00aea2e8f2b707e263df1b9703359e47fa7fac3cddd7180db2ad83785ebe1215b4569692dfba9c6bccbc7d18617026758017b45516f86c2b1fb1f6bae91f6f,JF187308,,3/26/2022 12:30,30,TRAFFIC SIGNAL,FUNCTIONING PROPERLY,CLEAR,DAYLIGHT,REAR END,DIVIDED - W/MEDIAN (NOT RAISED),,STRAIGHT AND LEVEL,DRY,NO DEFECTS,NOT ON SCENE (DESK REPORT),NO INJURY / DRIVE AWAY,,,Y,"$501 - $1,500",3/26/2022 14:16,FOLLOWING TOO CLOSELY,NOT APPLICABLE,11511,S,CENTRAL PARK AVE,2211,,,,,,,2,NO INDICATION OF INJURY,0,0,0,0,0,2,0,12,7,3,41.68372883,-87.71012786,POINT (-87.710127855922 41.683728828053)
4233b97e6619eb86d7d8a12fdc40ce25da6df41efc99ce96a275c827180be1ffcdac4212c7f17dd6a53288a906991d0dfd724ebff4298e524bb75b489a62f777,JF164957,Y,3/6/2022 9:30,30,NO CONTROLS,NO CONTROLS,UNKNOWN,UNKNOWN,PARKED MOTOR VEHICLE,NOT DIVIDED,,STRAIGHT AND LEVEL,DRY,NO DEFECTS,ON SCENE,NO INJURY / DRIVE AWAY,,,Y,"$501 - $1,500",3/6/2022 9:37,UNABLE TO DETERMINE,UNABLE TO DETERMINE,703,E,65TH ST,321,,,,,,,2,NO INDICATION OF INJURY,0,0,0,0,0,1,0,9,1,3,41.77662767,-87.60815879,POINT (-87.608158789231 41.776627674061)
df0e63852fc09a3a70e44034a4f1ac440b10413d834a9ad1c5f98067c9cbcea12cc1268dde33f96f25d261475069cbe65969728798f6f53f5a3bc270246d8e6f,JF163685,Y,3/4/2022 23:15,25,TRAFFIC SIGNAL,FUNCTIONING PROPERLY,CLEAR,"DARKNESS, LIGHTED ROAD",REAR END,FOUR WAY,,STRAIGHT AND LEVEL,DRY,NO DEFECTS,NOT ON SCENE (DESK REPORT),NO INJURY / DRIVE AWAY,Y,,Y,"$501 - $1,500",3/4/2022 23:35,UNABLE TO DETERMINE,UNABLE TO DETERMINE,10,E,ONTARIO ST,1834,,,,,,,2,NO INDICATION OF INJURY,0,0,0,0,0,4,0,23,6,3,41.89338887,-87.6277024,POINT (-87.627702400712 41.893388866975)
207c97f1200e29e816984e31eac4817a2c1f6a3cb943359375234f43848c1821dc44420f5fe0110e6ecf42aa8a5c09c50f8ab1e008822acda137cf320c4f1b3a,JF164517,,3/5/2022 18:25,30,NO CONTROLS,NO CONTROLS,CLEAR,"DARKNESS, LIGHTED ROAD",REAR END,DIVIDED - W/MEDIAN BARRIER,,STRAIGHT AND LEVEL,UNKNOWN,UNKNOWN,ON SCENE,NO INJURY / DRIVE AWAY,,,,"OVER $1,500",3/5/2022 18:37,FOLLOWING TOO CLOSELY,UNABLE TO DETERMINE,500,N,LAKE SHORE DR,1834,,,,,,,2,NO INDICATION OF INJURY,0,0,0,0,0,2,0,18,7,3,41.89111833,-87.61438469,POINT (-87.614384684631 41.891118332732)
2bd909c35d15d0bb6062eaa5989b2a7a8eca784f436e4eeee5509745197a85053bfa7934f3befdb5edf22195376f770817ee079e20cd5ae11601b25a7f291ccc,JF165124,,3/6/2022 12:45,30,NO CONTROLS,NO CONTROLS,CLEAR,DAYLIGHT,ANGLE,DIVIDED - W/MEDIAN (NOT RAISED),,STRAIGHT AND LEVEL,DRY,NO DEFECTS,ON SCENE,INJURY AND / OR TOW DUE TO CRASH,,,Y,"OVER $1,500",3/6/2022 12:50,FAILING TO YIELD RIGHT-OF-WAY,DRIVING SKILLS/KNOWLEDGE/EXPERIENCE,8792,S,SOUTH CHICAGO AVE,423,,,,,,,2,NO INDICATION OF INJURY,0,0,0,0,0,2,0,12,1,3,41.73535234,-87.56334514,POINT (-87.563345137655 41.735352335286)
32aac7d092ed37d284956b0a847761225cf4b67aedfa209b3c665c6ea31b68673ca8a62da8c1f7a5f70904d203aa6b3fef5a72b79f456f6f412e6ddebaf1c020,JF164998,,3/6/2022 10:18,30,TRAFFIC SIGNAL,FUNCTIONING PROPERLY,CLOUDY/OVERCAST,DAYLIGHT,REAR END,NOT DIVIDED,,STRAIGHT AND LEVEL,DRY,NO DEFECTS,NOT ON SCENE (DESK REPORT),NO INJURY / DRIVE AWAY,,,,"OVER $1,500",3/6/2022 10:30,ROAD ENGINEERING/SURFACE/MARKING DEFECTS,ROAD ENGINEERING/SURFACE/MARKING DEFECTS,1600,W,87TH ST,614,,,,,,,2,NO INDICATION OF INJURY,0,0,0,0,0,2,0,10,1,3,41.73589862,-87.66312878,POINT (-87.663128780901 41.735898617066)
46483e1736c58393d48a40cda53d6630fe1f2dd22b0a65812dc4d87fce769bee02e12a0e83522d7ba9c1c8e404291bc00f04b05467923426568bf6c9837bfa96,JF164862,,3/6/2022 4:58,30,NO CONTROLS,NO CONTROLS,CLEAR,"DARKNESS, LIGHTED ROAD",PARKED MOTOR VEHICLE,NOT DIVIDED,,STRAIGHT AND LEVEL,DRY,NO DEFECTS,ON SCENE,INJURY AND / OR TOW DUE TO CRASH,,,Y,"OVER $1,500",3/6/2022 5:06,UNABLE TO DETERMINE,NOT APPLICABLE,2511,W,50TH ST,923,,,,,,,2,NO INDICATION OF INJURY,0,0,0,0,0,1,0,4,1,3,41.8028177,-87.68724681,POINT (-87.687246812907 41.802817699134)
3b998b810f6c4837eb6052e4944afbefdeca8586c99d47a2840a38df89ab48d686afbf3f867825b305175194d7d2291530df56705d3830ec66512e936f09c967,JF161411,,3/2/2022 21:30,30,NO CONTROLS,NO CONTROLS,CLEAR,"DARKNESS, LIGHTED ROAD",SIDESWIPE SAME DIRECTION,DIVIDED - W/MEDIAN BARRIER,,STRAIGHT AND LEVEL,DRY,NO DEFECTS,NOT ON SCENE (DESK REPORT),NO INJURY / DRIVE AWAY,,,,"OVER $1,500",3/2/2022 21:45,UNABLE TO DETERMINE,NOT APPLICABLE,1500,S,LAKE SHORE DR E,132,,,,,,,3,NO INDICATION OF INJURY,0,0,0,0,0,3,0,21,4,3,41.8619955,-87.61841998,POINT (-87.618419977483 41.861995494743)
5bc9d9c039c98c3a1096d3cf83d614172d4192ea787410af2870eb27130cc97a1657066d507ff406adeca8d59b652cc40813ee35d1dc24148d66916a193aba47,JF164656,,3/5/2022 22:09,25,TRAFFIC SIGNAL,FUNCTIONING PROPERLY,CLEAR,"DARKNESS, LIGHTED ROAD",SIDESWIPE OPPOSITE DIRECTION,FOUR WAY,,STRAIGHT AND LEVEL,DRY,NO DEFECTS,ON SCENE,INJURY AND / OR TOW DUE TO CRASH,Y,,Y,"OVER $1,500",3/5/2022 22:14,FAILING TO REDUCE SPEED TO AVOID CRASH,FAILING TO REDUCE SPEED TO AVOID CRASH,4700,S,WENTWORTH AVE,224,,N,,,,,2,"REPORTED, NOT EVIDENT",5,0,0,0,5,1,0,22,7,3,41.80908244,-87.63103087,POINT (-87.63103087365 41.809082436649)
56022d4d26f5b4a8b170adf630989f040f7112f2d2567b39f7371d5068e599f99d44d46e0f8749da46713d226bd3f0b682f8179f080d6ab0282ab33172c4662f,JF179978,,3/20/2022 2:07,30,TRAFFIC SIGNAL,FUNCTIONING PROPERLY,CLEAR,"DARKNESS, LIGHTED ROAD",REAR END,NOT DIVIDED,,STRAIGHT AND LEVEL,UNKNOWN,NO DEFECTS,ON SCENE,INJURY AND / OR TOW DUE TO CRASH,,,,"OVER $1,500",3/20/2022 2:07,UNABLE TO DETERMINE,UNABLE TO DETERMINE,5458,S,HYDE PARK BLVD,234,,,,,,,2,NONINCAPACITATING INJURY,1,0,0,1,0,2,0,2,1,3,41.79644357,-87.58412581,POINT (-87.584125809765 41.796443572206)
e4ef205f8f3f94969b3d0e9604d3fabb6fec0dbb4d25e03036f56bf05da26afa7ee89c887c23fdd281f48a8ae684c3c9376df46be6b88a21c2247f522c4ce398,JF163859,,3/5/2022 6:30,30,NO CONTROLS,NO CONTROLS,CLEAR,DAYLIGHT,REAR END,DIVIDED - W/MEDIAN (NOT RAISED),,STRAIGHT AND LEVEL,DRY,NO DEFECTS,ON SCENE,INJURY AND / OR TOW DUE TO CRASH,,,Y,"OVER $1,500",3/5/2022 6:30,FOLLOWING TOO CLOSELY,NOT APPLICABLE,638,W,RANDOLPH ST,121,,,,,,,2,NONINCAPACITATING INJURY,1,0,0,1,0,1,0,6,7,3,41.88453804,-87.64413275,POINT (-87.644132746185 41.884538042597)
1d1902d2f4d8d1c3c64c0d90aaee7fe34269b1af24be1b589a5069a417be2bf1f1d80dc120299f8e793c9d25b2e8616c28892717d0bd0bcc6650ab90efcde58f,JF164853,,3/6/2022 4:00,30,TRAFFIC SIGNAL,FUNCTIONING PROPERLY,CLEAR,"DARKNESS, LIGHTED ROAD",ANGLE,FOUR WAY,,STRAIGHT AND LEVEL,UNKNOWN,UNKNOWN,NOT ON SCENE (DESK REPORT),NO INJURY / DRIVE AWAY,Y,,Y,"OVER $1,500",3/6/2022 4:50,DISREGARDING TRAFFIC SIGNALS,NOT APPLICABLE,400,E,73RD ST,323,,,,,,,2,NO INDICATION OF INJURY,0,0,0,0,0,2,0,4,1,3,41.7621703,-87.61514724,POINT (-87.61514724059 41.762170303344)
2491342e70440118446cf74f85bd8b443182ce0bf3080a98de63a5681d90dda9802dfde495507ad9c0f961cb21e17254945f1ff56bfdc5f0adf5df0d3784c6af,JF164891,Y,3/5/2022 0:00,35,NO CONTROLS,UNKNOWN,UNKNOWN,UNKNOWN,PARKED MOTOR VEHICLE,NOT DIVIDED,,STRAIGHT AND LEVEL,UNKNOWN,UNKNOWN,NOT ON SCENE (DESK REPORT),NO INJURY / DRIVE AWAY,,,Y,"OVER $1,500",3/6/2022 7:25,UNABLE TO DETERMINE,NOT APPLICABLE,9521,S,LAFAYETTE AVE,511,,,,,,,2,NO INDICATION OF INJURY,0,0,0,0,0,1,0,0,7,3,41.72100368,-87.62490173,POINT (-87.624901734137 41.721003674842)
52a569f49a36ac6f27cb6cb3e090d7b8beb5d7eba26b900df96e465f6df758ca0aa2809347f55ef9e578988b947d544c693bf71998e9f56ee8958f86ef3aa6db,JF187443,,3/26/2022 15:30,30,NO CONTROLS,NO CONTROLS,CLEAR,DAYLIGHT,SIDESWIPE SAME DIRECTION,NOT DIVIDED,,STRAIGHT AND LEVEL,DRY,NO DEFECTS,NOT ON SCENE (DESK REPORT),NO INJURY / DRIVE AWAY,Y,,Y,"OVER $1,500",3/26/2022 16:35,FAILING TO YIELD RIGHT-OF-WAY,DRIVING SKILLS/KNOWLEDGE/EXPERIENCE,5800,S,KEDZIE AVE,822,,,,,,,2,NO INDICATION OF INJURY,0,0,0,0,0,2,0,15,7,3,41.7879702,-87.70354447,POINT (-87.703544465118 41.787970201401)
d198c5344cd433beeac8d2de7624e9b4f69f5e4b3d0a22e2d5a6b9a1cb4cb3ed07be5b48cf84a345064ed2ec4a367a95016bf6ccc4e66abfd5dab30adc2e51c6,JF162758,Y,3/4/2022 7:20,30,TRAFFIC SIGNAL,UNKNOWN,CLEAR,DAYLIGHT,PEDESTRIAN,DIVIDED - W/MEDIAN (NOT RAISED),,STRAIGHT AND LEVEL,DRY,NO DEFECTS,ON SCENE,INJURY AND / OR TOW DUE TO CRASH,Y,,Y,"$501 - $1,500",3/4/2022 8:36,FAILING TO YIELD RIGHT-OF-WAY,NOT APPLICABLE,3159,W,CHICAGO AVE,1221,,,,,,,4,INCAPACITATING INJURY,2,0,2,0,0,2,0,7,6,3,41.89544423,-87.70649295,POINT (-87.706492953851 41.895444232898)
52812133fb2511cc69d54f7089a6e1743c531973d8ead7a562892ae42f74b40af44bb5741e312c91fc391c4244fefec2b5b781a079d82bec0b5b9b82dcc24b76,JF142176,,2/11/2022 23:00,35,UNKNOWN,UNKNOWN,UNKNOWN,UNKNOWN,REAR END,UNKNOWN,,STRAIGHT AND LEVEL,UNKNOWN,UNKNOWN,,NO INJURY / DRIVE AWAY,,,Y,"OVER $1,500",2/12/2022 11:00,UNABLE TO DETERMINE,UNABLE TO DETERMINE,3849,W,77TH ST,833,,,,,,,2,NO INDICATION OF INJURY,0,0,0,0,0,2,0,23,6,2,41.75271053,-87.7202896,POINT (-87.720289598345 41.752710525278)
4d642595adae194153744cf9bac2b8dae1495ff26e1860bb635fa1728438b5c2dc25598b2a63e583fc513dfde2f4f6d6388513cb54f7d91f79b80bfcb9681b98,JF164159,,3/5/2022 12:30,30,NO CONTROLS,NO CONTROLS,CLEAR,DAYLIGHT,REAR END,NOT DIVIDED,,STRAIGHT AND LEVEL,DRY,NO DEFECTS,ON SCENE,INJURY AND / OR TOW DUE TO CRASH,,,,"OVER $1,500",3/5/2022 12:33,FAILING TO REDUCE SPEED TO AVOID CRASH,UNABLE TO DETERMINE,5305,W,NORTH AVE,2532,,,,,,,2,NO INDICATION OF INJURY,0,0,0,0,0,2,0,12,7,3,41.90935689,-87.75847796,POINT (-87.758477961384 41.909356885528)
6c5c1e28520badf29f0a9c79fe14912fa53af3a5151ce62b8bd05c91132ba0839de9872c1d5ea3f8f32c0ad9750a4292188fb0458849f23740ea99b341675bdc,JF165288,,2/27/2022 15:09,35,OTHER,FUNCTIONING PROPERLY,CLEAR,DUSK,PARKED MOTOR VEHICLE,ONE-WAY,,STRAIGHT AND LEVEL,UNKNOWN,NO DEFECTS,NOT ON SCENE (DESK REPORT),NO INJURY / DRIVE AWAY,,,Y,"$501 - $1,500",3/6/2022 15:50,DRIVING ON WRONG SIDE/WRONG WAY,IMPROPER LANE USAGE,58,W,OHIO ST,1832,,,,,,,2,NO INDICATION OF INJURY,0,0,0,0,0,1,0,15,1,2,41.89254911,-87.63028233,POINT (-87.630282331804 41.892549106767)
60b03e58bf25e4e2e46b831449c6acd66497e45bb9771ac0a3f3f1cb7bfd4154ae8cb5a87d4940682ccac9ead70f597e07aeda566755b0e13bcdb6e4ae9a2247,JF164647,,3/5/2022 20:05,30,TRAFFIC SIGNAL,FUNCTIONING PROPERLY,CLEAR,"DARKNESS, LIGHTED ROAD",REAR END,DIVIDED - W/MEDIAN (NOT RAISED),,STRAIGHT AND LEVEL,DRY,NO DEFECTS,NOT ON SCENE (DESK REPORT),NO INJURY / DRIVE AWAY,Y,,Y,"OVER $1,500",3/5/2022 21:40,FOLLOWING TOO CLOSELY,NOT APPLICABLE,7551,W,FOREST PRESERVE AVE,1631,,,,,,,2,NO INDICATION OF INJURY,0,0,0,0,0,2,0,20,7,3,41.94924022,-87.81647536,POINT (-87.816475354571 41.949240222095)
399406e3bd1df936ebd7a3af5cb0cb6f739f2018e38f9fe18027cb41c2b9d59b7b7d5934d7823ad9da5b4d8ade0703cf8a037847ad02ef3cdb7f019652997490,JF165616,,3/6/2022 22:45,25,NO CONTROLS,NO CONTROLS,RAIN,"DARKNESS, LIGHTED ROAD",PARKED MOTOR VEHICLE,NOT DIVIDED,,STRAIGHT AND LEVEL,WET,NO DEFECTS,ON SCENE,INJURY AND / OR TOW DUE TO CRASH,,,,"OVER $1,500",3/6/2022 22:50,FAILING TO REDUCE SPEED TO AVOID CRASH,UNABLE TO DETERMINE,2610,S,LAWNDALE AVE,1031,,,,,,,2,NO INDICATION OF INJURY,0,0,0,0,0,1,0,22,1,3,41.84397048,-87.71736699,POINT (-87.717366988454 41.843970481479)
ba8e8b8eabf55af7941612960dc66a7968f4ba51c185e8af78144212822c93af6a12b346db85330414b35e1f6782b2de44b65988eee33b3625a392c96e939d09,JF172294,,3/13/2022 4:55,30,NO CONTROLS,NO CONTROLS,CLEAR,"DARKNESS, LIGHTED ROAD",ANGLE,ALLEY,,STRAIGHT AND LEVEL,DRY,NO DEFECTS,ON SCENE,INJURY AND / OR TOW DUE TO CRASH,,,,"$501 - $1,500",3/13/2022 5:00,"OPERATING VEHICLE IN ERRATIC, RECKLESS, CARELESS, NEGLIGENT OR AGGRESSIVE MANNER",NOT APPLICABLE,7911,S,LANGLEY AVE,624,,,,,,,2,NO INDICATION OF INJURY,0,0,0,0,0,6,0,4,1,3,41.75087067,-87.60750205,POINT (-87.607502048947 41.75087067315)
ce05d4951f8a8dcf48eeff2b17dc5f5ffb0fa515552b0356e7a9aaeba6f1beea107d77db33d8d469d93b02523ef7c4fed6d2ab7a954adbf5c3c3049b0655356b,JF163991,,3/4/2022 9:00,30,TRAFFIC SIGNAL,FUNCTIONING PROPERLY,CLEAR,DAYLIGHT,ANGLE,DIVIDED - W/MEDIAN (NOT RAISED),,STRAIGHT AND LEVEL,DRY,NO DEFECTS,NOT ON SCENE (DESK REPORT),NO INJURY / DRIVE AWAY,,,,"$501 - $1,500",3/5/2022 10:05,FAILING TO YIELD RIGHT-OF-WAY,UNABLE TO DETERMINE,2206,N,CENTRAL PARK AVE,2525,,,,,,,2,NO INDICATION OF INJURY,0,0,0,0,0,2,0,9,6,3,41.92116331,-87.71703992,POINT (-87.717039917566 41.921163308767)
346b73e548fe53b390d9f82977059989e9cd9403ce05c29d834662d950bb8e372acff85986803863095dfccbb07a67b3f854601924a5ade599c70478623861aa,JF164753,Y,3/5/2022 1:09,30,NO CONTROLS,NO CONTROLS,CLEAR,"DARKNESS, LIGHTED ROAD",FIXED OBJECT,DIVIDED - W/MEDIAN (NOT RAISED),,STRAIGHT AND LEVEL,WET,UNKNOWN,ON SCENE,INJURY AND / OR TOW DUE TO CRASH,,,Y,"OVER $1,500",3/6/2022 1:09,UNABLE TO DETERMINE,UNABLE TO DETERMINE,6041,N,WESTERN AVE,2413,,,,Y,CONSTRUCTION,,1,NO INDICATION OF INJURY,0,0,0,0,0,1,0,1,7,3,41.99169015,-87.68955133,POINT (-87.689551331186 41.991690154284)
c7da232d2e5d414a00b80306b54c1383d48e2fe4cdf4817c672d6f6be4fd6c075929c0d22095eefcac0f6d28c6ec8b47c1701515b6c2cd2110890dd3d397ea28,JF164464,,2/28/2022 18:10,30,UNKNOWN,UNKNOWN,CLEAR,DAYLIGHT,REAR END,UNKNOWN,,STRAIGHT AND LEVEL,DRY,NO DEFECTS,NOT ON SCENE (DESK REPORT),NO INJURY / DRIVE AWAY,,,,"OVER $1,500",3/5/2022 18:25,UNABLE TO DETERMINE,UNABLE TO DETERMINE,112,W,87TH ST,622,,,,,,,2,NO INDICATION OF INJURY,0,0,0,0,0,2,0,18,2,2,41.73638005,-87.62750922,POINT (-87.627509219026 41.736380045588)
b301480389e98188f704cd4e76f56c239eae30130e2f65ea0bb3175312086efc275b739df31af4fb22d99f93342f08be146910717c145798f2ee1467776859c1,JF165349,,3/5/2022 11:00,30,NO CONTROLS,NO CONTROLS,CLEAR,DAYLIGHT,PARKED MOTOR VEHICLE,NOT DIVIDED,,STRAIGHT AND LEVEL,DRY,NO DEFECTS,NOT ON SCENE (DESK REPORT),NO INJURY / DRIVE AWAY,,,Y,"$501 - $1,500",3/6/2022 16:38,UNABLE TO DETERMINE,UNABLE TO DETERMINE,52,E,BELLEVUE PL,1824,,,,,,,2,NO INDICATION OF INJURY,0,0,0,0,0,1,0,11,7,3,41.90169887,-87.62640358,POINT (-87.626403580535 41.901698869014)
210ee5aade9a3ff7b17465b403c4c3387f1aaa351c3b815107d34dbd5aee827ca4b4c641ec7a7085eeb294939937eb47f10fb57e92b07ad2f88f5330bc8b0ce1,JF164903,,3/6/2022 7:12,30,NO CONTROLS,NO CONTROLS,CLEAR,DAYLIGHT,ANGLE,PARKING LOT,,STRAIGHT AND LEVEL,DRY,NO DEFECTS,ON SCENE,NO INJURY / DRIVE AWAY,,Y,,$500 OR LESS,3/6/2022 7:18,PHYSICAL CONDITION OF DRIVER,NOT APPLICABLE,641,N,CLARK ST,1832,,,,,,,2,NO INDICATION OF INJURY,0,0,0,0,0,2,0,7,1,3,41.89363229,-87.63103001,POINT (-87.631030008305 41.893632293807)
2c1caa6b7c4e890ec8b7d3ff858a3da1ed33ceea83835bd322ccc10c02640817795258b9d92e5afb7d1bf9c0ee412b5d6b718b39e2c69acaaee68b72c8fd2800,JF165001,,3/6/2022 10:25,30,STOP SIGN/FLASHER,FUNCTIONING PROPERLY,CLEAR,DAYLIGHT,REAR TO FRONT,ONE-WAY,,STRAIGHT AND LEVEL,DRY,NO DEFECTS,ON SCENE,NO INJURY / DRIVE AWAY,,,,"OVER $1,500",3/6/2022 10:28,IMPROPER BACKING,UNABLE TO DETERMINE,3900,S,PRAIRIE AVE,213,,,,,,,2,NO INDICATION OF INJURY,0,0,0,0,0,2,0,10,1,3,41.82370511,-87.62013258,POINT (-87.620132577779 41.823705111348)
4356c1c7a080e1c956a9c7d05f14bde11b7b695ea40a1c3a3f887776ec1fc0363a03102ea6bc523dd78d835d3cd01aa42a3bf1ab87701947ad29676466737785,JE246756,,5/28/2021 10:20,30,NO CONTROLS,NO CONTROLS,CLEAR,DARKNESS,REAR END,OTHER,,STRAIGHT AND LEVEL,DRY,NO DEFECTS,,NO INJURY / DRIVE AWAY,,,Y,"OVER $1,500",5/29/2021 12:30,UNABLE TO DETERMINE,UNABLE TO DETERMINE,7453,S,STATE ST,323,,,,,,,2,NO INDICATION OF INJURY,0,0,0,0,0,2,0,10,6,5,41.75843267,-87.624618,POINT (-87.624617995736 41.758432672754)