CRASH_RECORD_ID,RD_NO,CRASH_DATE_EST_I,CRASH_DATE,POSTED_SPEED_LIMIT,TRAFFIC_CONTROL_DEVICE,DEVICE_CONDITION,WEATHER_CONDITION,LIGHTING_CONDITION,FIRST_CRASH_TYPE,TRAFFICWAY_TYPE,LANE_CNT,ALIGNMENT,ROADWAY_SURFACE_COND,ROAD_DEFECT,REPORT_TYPE,CRASH_TYPE,INTERSECTION_RELATED_I,NOT_RIGHT_OF_WAY_I,HIT_AND_RUN_I,DAMAGE,DATE_POLICE_NOTIFIED,PRIM_CONTRIBUTORY_CAUSE,SEC_CONTRIBUTORY_CAUSE,STREET_NO,STREET_DIRECTION,STREET_NAME,BEAT_OF_OCCURRENCE,PHOTOS_TAKEN_I,STATEMENTS_TAKEN_I,DOORING_I,WORK_ZONE_I,WORK_ZONE_TYPE,WORKERS_PRESENT_I,NUM_UNITS,MOST_SEVERE_INJURY,INJURIES_TOTAL,INJURIES_FATAL,INJURIES_INCAPACITATING,INJURIES_NON_INCAPACITATING,INJURIES_REPORTED_NOT_EVIDENT,INJURIES_NO_INDICATION,INJURIES_UNKNOWN,CRASH_HOUR,CRASH_DAY_OF_WEEK,CRASH_MONTH,LATITUDE,LONGITUDE,LOCATION
533a3410d55507e15a0f711095961d395e02776295d9e6e1b12e22ecc2fde122243063c1fdb74a423f40dac2427597fdfdbe50a745640aeb9ad26b3bfe3e0018,JC562486,,12/27/2019 22:00,30,TRAFFIC SIGNAL,FUNCTIONING PROPERLY,CLEAR,"DARKNESS, LIGHTED ROAD",REAR END,DIVIDED - W/MEDIAN (NOT RAISED),,STRAIGHT AND LEVEL,DRY,NO DEFECTS,,INJURY AND / OR TOW DUE TO CRASH,Y,,Y,$500 OR LESS,12/27/2019 22:15,FOLLOWING TOO CLOSELY,FAILING TO REDUCE SPEED TO AVOID CRASH,200,N,STATE ST,111,,,N,,,,2,"REPORTED, NOT EVIDENT",1,0,0,0,1,2,0,22,6,12,41.88577464,-87.62808748,POINT (-87.628087481118 41.885774641252)
5359a1fc74df9333e838e134ca6edc8a0adbd1f4f1d18657411052c4beaf993354230d6a462dc2fb26bc6ed8a18d0b63cbf3b7b177c7530e8b35b1ddfdd8ffe1,JE140174,,2/12/2021 18:31,25,NO CONTROLS,NO CONTROLS,CLEAR,"DARKNESS, LIGHTED ROAD",TURNING,NOT DIVIDED,,"CURVE, LEVEL",DRY,UNKNOWN,,INJURY AND / OR TOW DUE TO CRASH,,,,"OVER $1,500",2/12/2021 19:44,FAILING TO YIELD RIGHT-OF-WAY,NOT APPLICABLE,6450,W,GRAND AVE,2512,,,,,,,2,"REPORTED, NOT EVIDENT",1,0,0,0,1,1,0,18,6,2,41.9232718,-87.78726663,POINT (-87.787266629285 41.923271800341)
57ec96b32c7a884dac907f0e9d22abfbb28149b15dd543de89cdbd9efd8f6083c173fcbc812faa82f506f147a7899d53ba8e333d6876f266ec9f63310001fa18,JD289892,,7/7/2020 22:18,30,TRAFFIC SIGNAL,FUNCTIONING PROPERLY,RAIN,"DARKNESS, LIGHTED ROAD",SIDESWIPE SAME DIRECTION,NOT DIVIDED,,STRAIGHT AND LEVEL,WET,NO DEFECTS,,INJURY AND / OR TOW DUE TO CRASH,Y,,Y,"OVER $1,500",7/7/2020 23:10,IMPROPER LANE USAGE,NOT APPLICABLE,138,W,CERMAK RD,914,,,,,,,2,"REPORTED, NOT EVIDENT",1,0,0,0,1,1,0,22,3,7,41.85297699,-87.6309694,POINT (-87.630969398558 41.85297698594)
bb5e5dfd043201884630f574fa29758884166e3edea73b02664da8f717e62099f3fc9a0842f0486f2cfd610f799dd64f6bf2c942b96d2738050fa05b93bb48df,JF172298,Y,3/13/2022 8:15,30,NO CONTROLS,NO CONTROLS,UNKNOWN,UNKNOWN,PARKED MOTOR VEHICLE,NOT DIVIDED,,STRAIGHT AND LEVEL,UNKNOWN,UNKNOWN,ON SCENE,INJURY AND / OR TOW DUE TO CRASH,,,Y,"OVER $1,500",3/13/2022 8:48,UNABLE TO DETERMINE,NOT APPLICABLE,2710,S,PRAIRIE AVE,133,,,,,,,2,NO INDICATION OF INJURY,0,0,0,0,0,1,0,8,1,3,41.84405447,-87.62058445,POINT (-87.620584449489 41.844054472859)
54641b857fd8ce9c517ba6035957895d1a2226326a17fa91c5c75c63eb5bed1d062e0cdb7a4dea8693395215aff2e9f88759dac1b431aeb3485d9a0610131a43,JD294076,,7/11/2020 15:00,30,NO CONTROLS,NO CONTROLS,CLEAR,DAYLIGHT,SIDESWIPE SAME DIRECTION,NOT DIVIDED,,STRAIGHT AND LEVEL,DRY,UNKNOWN,,INJURY AND / OR TOW DUE TO CRASH,,,,"$501 - $1,500",7/11/2020 16:30,UNABLE TO DETERMINE,UNABLE TO DETERMINE,5898,W,CORCORAN PL,1512,,,,,,,2,NO INDICATION OF INJURY,0,0,0,0,0,2,0,15,7,7,41.88725038,-87.77192165,POINT (-87.771921644799 41.887250379531)
bc29c8470ba914784bccaf659e53cde34a44f00d123c4408ffd17bdede5bb983ccd759077adfb7fb32333995e2b5c3257b2f33e0c6f1bdaa7a3ea6853403684d,JF172488,,3/13/2022 12:30,30,NO CONTROLS,NO CONTROLS,CLEAR,DAYLIGHT,SIDESWIPE SAME DIRECTION,NOT DIVIDED,,STRAIGHT AND LEVEL,DRY,NO DEFECTS,NOT ON SCENE (DESK REPORT),NO INJURY / DRIVE AWAY,,,,"OVER $1,500",3/13/2022 12:50,IMPROPER LANE USAGE,NOT APPLICABLE,5030,S,CALIFORNIA AVE,923,,,,,,,2,NO INDICATION OF INJURY,0,0,0,0,0,2,0,12,1,3,41.8018674,-87.69417064,POINT (-87.694170637783 41.801867401535)
bc44df0b8d43bd2ede8bf382fb9ed7b05389e588c7eaa51f807dfa822c89b23247ce1804314b22cfd94756e9db590ae4464c36742a99f1959ca7a6f39e58c8d0,JF179425,,3/13/2022 15:45,30,TRAFFIC SIGNAL,FUNCTIONING PROPERLY,CLEAR,DAYLIGHT,TURNING,DIVIDED - W/MEDIAN BARRIER,,STRAIGHT AND LEVEL,DRY,NO DEFECTS,NOT ON SCENE (DESK REPORT),NO INJURY / DRIVE AWAY,,,,"$501 - $1,500",3/19/2022 14:31,UNABLE TO DETERMINE,UNABLE TO DETERMINE,11100,S,HALSTED ST,2233,,,,,,,2,NO INDICATION OF INJURY,0,0,0,0,0,2,0,15,1,3,41.69226312,-87.64252269,POINT (-87.642522687627 41.692263123425)
4708c3e697d3349816ff524fe5f0a698e079690512e7f010b5db2c4c174b039dd0a55cfdde95eda722235298d625cfcf0e7c7fc787767bf86431798abb553c34,JF166593,,3/6/2022 5:00,30,NO CONTROLS,NO CONTROLS,CLEAR,DUSK,PARKED MOTOR VEHICLE,OTHER,,STRAIGHT AND LEVEL,DRY,NO DEFECTS,NOT ON SCENE (DESK REPORT),NO INJURY / DRIVE AWAY,,,Y,"$501 - $1,500",3/7/2022 19:27,NOT APPLICABLE,NOT APPLICABLE,4242,S,WASHTENAW AVE,921,,,,,,,2,NO INDICATION OF INJURY,0,0,0,0,0,1,0,5,1,3,41.81612343,-87.69213941,POINT (-87.692139409633 41.816123431377)
bd2dc15d2f5a47730912d8c381daa0c3399c0bd29e02c9583a82a243b4adeb1bacf0b912c296eb41c31a1ab17a150d38f2ab23cadef932156c457a6214ed0f44,JF174391,Y,3/13/2022 20:00,30,NO CONTROLS,NO CONTROLS,CLEAR,"DARKNESS, LIGHTED ROAD",PARKED MOTOR VEHICLE,UNKNOWN,,STRAIGHT AND LEVEL,DRY,NO DEFECTS,NOT ON SCENE (DESK REPORT),NO INJURY / DRIVE AWAY,,,Y,"$501 - $1,500",3/15/2022 8:50,UNABLE TO DETERMINE,NOT APPLICABLE,10400,S,GREEN ST,2233,,,,,,,2,NO INDICATION OF INJURY,0,0,0,0,0,1,0,20,1,3,41.70499151,-87.64413442,POINT (-87.644134422107 41.704991509303)
bd2e07efabf1a5b35ef3ce169598b237c6326044ecc4a7d411b31312672b949b9e1d8bfdd8d65e93d343c11588c25df9c524dbed10c19eaa91f0736ad75ee2ed,JF172438,,3/13/2022 11:47,30,NO CONTROLS,NO CONTROLS,CLEAR,DAYLIGHT,PARKED MOTOR VEHICLE,NOT DIVIDED,,STRAIGHT AND LEVEL,DRY,NO DEFECTS,ON SCENE,NO INJURY / DRIVE AWAY,,,,"$501 - $1,500",3/13/2022 11:50,IMPROPER OVERTAKING/PASSING,IMPROPER LANE USAGE,2903,W,AUGUSTA BLVD,1211,,,,,,,2,NO INDICATION OF INJURY,0,0,0,0,0,7,0,11,1,3,41.89915215,-87.69939587,POINT (-87.699395869493 41.899152150197)
560ee73fe0b208d5f97fa8e1f6f3994667820f13ffc58abb334a8fa803a6e15ddcc14cb82aa642241cd2aeb014e4e87fe88419211231991e08de236a1df06492,JE216854,,5/1/2021 18:57,30,NO CONTROLS,NO CONTROLS,CLEAR,DUSK,TURNING,NOT DIVIDED,,STRAIGHT AND LEVEL,DRY,NO DEFECTS,,NO INJURY / DRIVE AWAY,,,,"OVER $1,500",5/2/2021 8:25,IMPROPER TURNING/NO SIGNAL,NOT APPLICABLE,60,W,35TH ST,211,,,,,,,2,NO INDICATION OF INJURY,0,0,0,0,0,2,0,18,7,5,41.83108556,-87.62893712,POINT (-87.628937119193 41.831085555122)
485511b92928541b560f81add99f05ed5f30b03eef7f8e036892f2fe9557dfc8c419ec68799f507bb5ed3dd24eab6b97b38ad61924a1ee2240e91dc276a510fb,JF165310,,3/6/2022 14:51,30,NO CONTROLS,NO CONTROLS,CLEAR,DAYLIGHT,REAR END,NOT DIVIDED,,STRAIGHT AND LEVEL,DRY,NO DEFECTS,ON SCENE,INJURY AND / OR TOW DUE TO CRASH,,,Y,"OVER $1,500",3/6/2022 16:02,UNABLE TO DETERMINE,NOT APPLICABLE,830,W,79TH ST,621,,,,,,,3,NO INDICATION OF INJURY,0,0,0,0,0,6,0,14,1,3,41.75073555,-87.64519847,POINT (-87.645198470558 41.750735551059)
47904cf0065083d2c887cf1c8c4c67fb50c85e5f2255692844f9e32912ad4f899a65238d795146e5e8cbe32ea43484d300acfb49d5ec5c5a0ec6cef1350a8165,JD442908,,11/27/2020 7:30,15,NO CONTROLS,NO CONTROLS,CLEAR,DAYLIGHT,PARKED MOTOR VEHICLE,NOT DIVIDED,,STRAIGHT AND LEVEL,DRY,NO DEFECTS,,NO INJURY / DRIVE AWAY,,,Y,"$501 - $1,500",11/27/2020 8:40,IMPROPER LANE USAGE,IMPROPER LANE USAGE,7973,S,KILDARE AVE,834,,,,,,,2,NO INDICATION OF INJURY,0,0,0,0,0,1,0,7,6,11,41.74723074,-87.72851028,POINT (-87.728510281633 41.747230735699)
5aec5b758a482d1495d5d222debcbecd8c95b09d1391718770542c84756025271dbecafa325d174d425c4e4551a28a9344df474b523003d93fe86db6424c0922,JF180389,,3/20/2022 13:44,30,NO CONTROLS,NO CONTROLS,CLEAR,DAYLIGHT,REAR END,DIVIDED - W/MEDIAN (NOT RAISED),,STRAIGHT AND LEVEL,DRY,NO DEFECTS,ON SCENE,INJURY AND / OR TOW DUE TO CRASH,,,Y,"OVER $1,500",3/20/2022 13:44,"OPERATING VEHICLE IN ERRATIC, RECKLESS, CARELESS, NEGLIGENT OR AGGRESSIVE MANNER","OPERATING VEHICLE IN ERRATIC, RECKLESS, CARELESS, NEGLIGENT OR AGGRESSIVE MANNER",3100,S,DAMEN AVE,912,,,,,,,2,INCAPACITATING INJURY,1,0,1,0,0,2,0,13,1,3,41.83758276,-87.67559063,POINT (-87.675590626552 41.837582757773)
5bb80242b1269890571c288ec890181f7f61a2224ae763c545044d042ffc2856dbc87b36deb3de304f70037645de3d6832c08fba2f6b8428fc8e1c47bdd7bc92,JF180670,,3/20/2022 18:15,30,NO CONTROLS,NO CONTROLS,CLEAR,DAYLIGHT,TURNING,NOT DIVIDED,,STRAIGHT AND LEVEL,DRY,NO DEFECTS,ON SCENE,NO INJURY / DRIVE AWAY,,,,"OVER $1,500",3/20/2022 18:19,DRIVING SKILLS/KNOWLEDGE/EXPERIENCE,UNABLE TO DETERMINE,3146,W,55TH ST,923,,,,,,,2,NO INDICATION OF INJURY,0,0,0,0,0,2,0,18,1,3,41.79363308,-87.7030592,POINT (-87.703059199621 41.793633078059)
5912f432f9a5469a98dcdac4ff3bd6401669ca56434f27b5998655a059d2f9a0d0ba44854709538a56e70b50def53d3e9233041f30bb7cd991685b25bfdb0ba8,JF187121,,3/26/2022 10:30,30,STOP SIGN/FLASHER,OTHER,SNOW,DAYLIGHT,ANGLE,NOT DIVIDED,,STRAIGHT AND LEVEL,WET,NO DEFECTS,ON SCENE,INJURY AND / OR TOW DUE TO CRASH,Y,,,"OVER $1,500",3/26/2022 10:46,FAILING TO YIELD RIGHT-OF-WAY,UNABLE TO DETERMINE,6734,N,OSHKOSH AVE,1611,,,,,,,2,NONINCAPACITATING INJURY,1,0,0,1,0,1,0,10,7,3,42.00357798,-87.81732276,POINT (-87.81732275477 42.003577983549)
00c54a8eacff48662e26ff4a33e04f675b0c343b019026a33f046d5821ddbc4491389a34a4c9f135e2b402631af982584c3bd9e34b062da0d7aa76666ac70254,JF157703,,2/27/2022 1:50,30,NO CONTROLS,NO CONTROLS,CLEAR,DAYLIGHT,SIDESWIPE SAME DIRECTION,ONE-WAY,,STRAIGHT AND LEVEL,DRY,NO DEFECTS,NOT ON SCENE (DESK REPORT),NO INJURY / DRIVE AWAY,,,,"$501 - $1,500",2/27/2022 13:30,FAILING TO YIELD RIGHT-OF-WAY,NOT APPLICABLE,9,W,ILLINOIS ST,1831,,,,,,,2,NO INDICATION OF INJURY,0,0,0,0,0,2,0,1,1,2,41.89074846,-87.62843144,POINT (-87.6284314354 41.890748457833)
58414bf30ec14e5954bfa881872064f1f24f0615558d72b9f92afd36caed0a7c871bb3b17d0dcb091645e07328b191d2d0b06972ce5671171ae1ecbf3c7bce50,JF175912,,3/13/2022 0:20,25,NO CONTROLS,NO CONTROLS,CLEAR,"DARKNESS, LIGHTED ROAD",PARKED MOTOR VEHICLE,NOT DIVIDED,,STRAIGHT AND LEVEL,DRY,NO DEFECTS,,NO INJURY / DRIVE AWAY,,,Y,"OVER $1,500",3/16/2022 14:00,IMPROPER BACKING,UNABLE TO DETERMINE,4338,W,HENDERSON ST,1731,,,,,,,2,NO INDICATION OF INJURY,0,0,0,0,0,1,0,0,1,3,41.94181795,-87.73610311,POINT (-87.736103106551 41.941817948261)
49ab8a4826e83f1a79b219d51d1a8fea83ddcae313ec90d941f80610c1a751953c9d2e4b15d813264efa77758a90b52f611606cf511c6c0776b23e8a2db2bcd8,JD400375,,10/15/2020 15:25,30,NO CONTROLS,NO CONTROLS,CLEAR,DAYLIGHT,ANGLE,NOT DIVIDED,,STRAIGHT AND LEVEL,DRY,UNKNOWN,,INJURY AND / OR TOW DUE TO CRASH,,,,"OVER $1,500",10/15/2020 15:29,UNABLE TO DETERMINE,NOT APPLICABLE,4652,W,JACKSON BLVD,1113,,,,,,,2,NONINCAPACITATING INJURY,2,0,0,2,0,0,0,15,5,10,41.87699036,-87.74238398,POINT (-87.742383984172 41.87699035491)
59a778ca3ae6cbcc1ce4f2ff9c090106a28f05b357057edc42312dc0732a6576b3786ff8e2c55e0345033a37a23d36369e08c1e7b1fee8e689c1c311f756f3f5,JC470944,,10/13/2019 9:10,30,NO CONTROLS,NO CONTROLS,CLEAR,DAYLIGHT,SIDESWIPE SAME DIRECTION,DIVIDED - W/MEDIAN (NOT RAISED),,STRAIGHT AND LEVEL,DRY,NO DEFECTS,,INJURY AND / OR TOW DUE TO CRASH,,,,"OVER $1,500",10/13/2019 9:45,UNABLE TO DETERMINE,UNABLE TO DETERMINE,930,E,HYDE PARK BLVD,222,,,,,,,2,"REPORTED, NOT EVIDENT",1,0,0,0,1,2,0,9,1,10,41.80241253,-87.60246985,POINT (-87.602469845452 41.80241252967)
59c2ef697fd11d4fa48f1c54a6eaa8490abf962fc06e2a930ac2869937b6f41d2d5dc9989d39aa0f6c99fca88824226da5a14530ad87e743189cb83c275dce7d,JD465581,,12/21/2020 15:54,30,NO CONTROLS,NO CONTROLS,CLEAR,"DARKNESS, LIGHTED ROAD",ANGLE,NOT DIVIDED,,STRAIGHT AND LEVEL,DRY,NO DEFECTS,,INJURY AND / OR TOW DUE TO CRASH,,,,"OVER $1,500",12/21/2020 16:53,FAILING TO YIELD RIGHT-OF-WAY,FAILING TO REDUCE SPEED TO AVOID CRASH,6300,S,OAKLEY AVE,825,,,,,,,2,NONINCAPACITATING INJURY,1,0,0,1,0,1,0,15,2,12,41.7791073,-87.68121713,POINT (-87.681217127513 41.779107304253)
5d2ff37b86c79f352b4f7e7af6f9a61905e3d9b53eb08fc5bfc8ed8b0210929b2bdaa84337f800fe8e98c95d8a355ad84c9888df39f5293ac6075ab2aaa03552,JF180199,Y,3/20/2022 4:00,30,NO CONTROLS,NO CONTROLS,CLEAR,DAYLIGHT,PARKED MOTOR VEHICLE,ONE-WAY,,STRAIGHT AND LEVEL,DRY,NO DEFECTS,ON SCENE,NO INJURY / DRIVE AWAY,,,Y,"OVER $1,500",3/20/2022 9:41,UNABLE TO DETERMINE,NOT APPLICABLE,746,W,77TH ST,621,,,,,,,2,NO INDICATION OF INJURY,0,0,0,0,0,1,0,4,1,3,41.75438289,-87.64357032,POINT (-87.643570323765 41.754382888543)
5d8cc15309200e73926a5a529b84ff81e1d9d1af2edb6a182a4be4121c521e60d98c809e52d73cc7e59bc7aa8c61ab68bfc4991ade5fe859e3624a31c36707ad,JF180334,Y,3/20/2022 10:00,30,NO CONTROLS,NO CONTROLS,CLEAR,UNKNOWN,PARKED MOTOR VEHICLE,NOT DIVIDED,,STRAIGHT AND LEVEL,DRY,NO DEFECTS,ON SCENE,INJURY AND / OR TOW DUE TO CRASH,,,Y,"OVER $1,500",3/20/2022 12:40,UNABLE TO DETERMINE,NOT APPLICABLE,8116,S,VINCENNES AVE,622,,,,,,,2,NO INDICATION OF INJURY,0,0,0,0,0,1,0,10,1,3,41.74662712,-87.63544821,POINT (-87.635448214463 41.746627120737)
5da44c8e17d1f58d7238c79c23ca0ee536b72232e9774149d0c29f009afaa9bc3a0c3603b4f69bfd46ad17249c4c36ae1d4819e486be4005ceb8a09f58fd0710,JF180136,,3/20/2022 6:55,30,TRAFFIC SIGNAL,FUNCTIONING PROPERLY,CLEAR,DAYLIGHT,REAR END,NOT DIVIDED,,STRAIGHT AND LEVEL,DRY,NO DEFECTS,NOT ON SCENE (DESK REPORT),NO INJURY / DRIVE AWAY,,,,"OVER $1,500",3/20/2022 8:05,UNABLE TO DETERMINE,NOT APPLICABLE,4000,W,AUGUSTA BLVD,1111,,,,,,,2,NO INDICATION OF INJURY,0,0,0,0,0,2,0,6,1,3,41.89912845,-87.7262597,POINT (-87.726259695779 41.899128450405)
4a614538bd0e58242c06a3b75aeb6a4271646c8b7d777a1bc32690d77f39c7b713d9ac6a636037a24e8f3b27920f3b8dc582568fca9d45f7d499401ee085df99,JD181294,,3/10/2020 17:50,15,NO CONTROLS,NO CONTROLS,CLEAR,DAYLIGHT,ANGLE,PARKING LOT,,STRAIGHT AND LEVEL,DRY,NO DEFECTS,,NO INJURY / DRIVE AWAY,,,,"$501 - $1,500",3/10/2020 20:16,UNABLE TO DETERMINE,NOT APPLICABLE,1132,S,CLINTON ST,124,,,,,,,2,NO INDICATION OF INJURY,0,0,0,0,0,2,0,17,3,3,41.86797281,-87.64089226,POINT (-87.640892256885 41.867972805109)
59dc22e8c7cc12bf8d52c68b5c035602614e92117438951f0598b9a4c10707bb0a96b13d0296906e9b4578aafe878112cc0ff4cb4df83953c267701b34c785e4,JE222530,,5/7/2021 11:30,30,TRAFFIC SIGNAL,FUNCTIONING PROPERLY,CLEAR,DAYLIGHT,TURNING,NOT DIVIDED,,STRAIGHT AND LEVEL,DRY,UNKNOWN,,INJURY AND / OR TOW DUE TO CRASH,,,,"OVER $1,500",5/7/2021 12:15,IMPROPER TURNING/NO SIGNAL,UNABLE TO DETERMINE,1945,N,CLYBOURN AVE,1811,,,,,,,2,NONINCAPACITATING INJURY,1,0,0,1,0,1,0,11,6,5,41.91641075,-87.65696878,POINT (-87.65696878356 41.916410751011)
5a0127e4910af2874ac968a4546ba21bb4a5a5f9994fa7deb6543b697cd9042a822190a084e73be20166fced98fc74e7641ebcdec95cc9e34cbddb1d7395b168,JD287526,,7/6/2020 0:01,30,STOP SIGN/FLASHER,FUNCTIONING PROPERLY,CLEAR,"DARKNESS, LIGHTED ROAD",TURNING,DIVIDED - W/MEDIAN (NOT RAISED),,STRAIGHT AND LEVEL,DRY,NO DEFECTS,,INJURY AND / OR TOW DUE TO CRASH,Y,,,"OVER $1,500",7/6/2020 0:08,FAILING TO YIELD RIGHT-OF-WAY,NOT APPLICABLE,301,N,AUSTIN BLVD,1512,,,,,,,2,NO INDICATION OF INJURY,0,0,0,0,0,2,0,0,2,7,41.88565367,-87.77468835,POINT (-87.774688353019 41.885653668244)
5a297e626d731c6c5407a728be1d17627094f838fc9490007166f51a1e20c16fe9d90fa435d147f3444c3996756bd580741dff498d04d81fffbd0869c5aa40d0,JF187320,,3/26/2022 13:30,30,TRAFFIC SIGNAL,FUNCTIONING PROPERLY,CLOUDY/OVERCAST,DAYLIGHT,TURNING,ONE-WAY,,STRAIGHT AND LEVEL,DRY,NO DEFECTS,NOT ON SCENE (DESK REPORT),NO INJURY / DRIVE AWAY,Y,,,"OVER $1,500",3/26/2022 14:10,UNABLE TO DETERMINE,UNABLE TO DETERMINE,30,W,95TH ST,634,,,,,,,2,NO INDICATION OF INJURY,0,0,0,0,0,2,0,13,7,3,41.72175971,-87.62495772,POINT (-87.624957715468 41.721759712746)
c2a6c78ed76956c6fa58694ae0f2cfa9bfa8ea96c6b84440be8bc2b3daf62d0f11730e52e4cfaba6ef9f29992bc48edd4c67744d0a4f9c39a41a250b19698402,JF172744,,3/13/2022 17:16,30,STOP SIGN/FLASHER,FUNCTIONING PROPERLY,CLEAR,DAYLIGHT,PEDESTRIAN,ONE-WAY,,STRAIGHT AND LEVEL,DRY,NO DEFECTS,ON SCENE,INJURY AND / OR TOW DUE TO CRASH,Y,,,$500 OR LESS,3/13/2022 17:30,FAILING TO YIELD RIGHT-OF-WAY,UNABLE TO DETERMINE,3300,N,LAKE SHORE DR SB,1925,,,,,,,2,NONINCAPACITATING INJURY,1,0,0,1,0,1,0,17,1,3,41.94229822,-87.63987096,POINT (-87.639870963934 41.942298218274)
01cfb679498530ee66cfccad4c1c6d3d74056bf39f53631969bde879da9b3f9cdbea58c253f03e41881ff610608348c8b73a676a80de6042ad173aee363b2eeb,JF151613,,2/20/2022 15:45,30,TRAFFIC SIGNAL,FUNCTIONING PROPERLY,CLEAR,DAYLIGHT,ANGLE,FOUR WAY,,STRAIGHT AND LEVEL,DRY,NO DEFECTS,NOT ON SCENE (DESK REPORT),NO INJURY / DRIVE AWAY,Y,,,"OVER $1,500",2/21/2022 16:15,DISREGARDING TRAFFIC SIGNALS,NOT APPLICABLE,3100,S,DR MARTIN LUTHER KING JR DR,211,,,,,,,2,NO INDICATION OF INJURY,0,0,0,0,0,2,0,15,1,2,41.83832694,-87.61761266,POINT (-87.617612661462 41.838326941218)
5ffafe99eef21a588a09811f155ebbac84cb2b45a5093c24533cad5c4f98e532b56baf13e0da53306ed6847d10d4c5c34c3b5d5c0146140d1269857cf3773e6d,JF181642,,3/20/2022 20:40,30,NO CONTROLS,NO CONTROLS,CLEAR,DAYLIGHT,PARKED MOTOR VEHICLE,NOT DIVIDED,,STRAIGHT AND LEVEL,DRY,NO DEFECTS,NOT ON SCENE (DESK REPORT),NO INJURY / DRIVE AWAY,,,Y,"OVER $1,500",3/21/2022 16:00,IMPROPER BACKING,UNABLE TO DETERMINE,4504,S,PAULINA ST,924,,,,,,,2,NO INDICATION OF INJURY,0,0,0,0,0,1,0,20,1,3,41.81201121,-87.66765129,POINT (-87.667651293454 41.812011205398)
024ac5cd055550de81ebd5ca4306604195d4b5b1fe68ce50540cf94f508232a418b115b37c03a7da083c91edb89d60da6dd16905ad97c8f568e4bce7fed81958,JF150159,,2/20/2022 4:00,30,TRAFFIC SIGNAL,FUNCTIONING PROPERLY,CLEAR,"DARKNESS, LIGHTED ROAD",ANGLE,NOT DIVIDED,,STRAIGHT AND LEVEL,DRY,NO DEFECTS,ON SCENE,INJURY AND / OR TOW DUE TO CRASH,Y,,,"OVER $1,500",2/20/2022 4:22,UNABLE TO DETERMINE,NOT APPLICABLE,4400,W,AUGUSTA BLVD,1111,,,,,,,2,NO INDICATION OF INJURY,0,0,0,0,0,2,0,4,1,2,41.89895832,-87.73616747,POINT (-87.73616747377 41.898958322688)
601098d74419d3ebf8284d0c866bc04b3f68149604cd0232bccf7987639505431e70b7d2213f232ec65b8a5ee279c749b7937e87a48a182f241fd8f261d413d9,JF180723,,3/20/2022 19:35,30,NO CONTROLS,NO CONTROLS,CLEAR,"DARKNESS, LIGHTED ROAD",OTHER OBJECT,OTHER,,STRAIGHT AND LEVEL,DRY,NO DEFECTS,ON SCENE,INJURY AND / OR TOW DUE TO CRASH,,,,"OVER $1,500",3/20/2022 19:35,UNABLE TO DETERMINE,UNABLE TO DETERMINE,4200,W,PETERSON AVE,1711,,,,,,,1,NO INDICATION OF INJURY,0,0,0,0,0,2,0,19,1,3,41.99017949,-87.73390811,POINT (-87.733908111638 41.990179491911)
026fc13e8d6082d0876129651011d61a59fb040280ab932e20058469454a59c134deac5a4071d55d62126e1944830a9d2a8a587a4af836a55f0424b39c2eb322,JF150701,,2/20/2022 17:15,30,NO CONTROLS,NO CONTROLS,CLEAR,"DARKNESS, LIGHTED ROAD",TURNING,NOT DIVIDED,,STRAIGHT AND LEVEL,DRY,NO DEFECTS,NOT ON SCENE (DESK REPORT),NO INJURY / DRIVE AWAY,,,,"OVER $1,500",2/20/2022 18:00,"OPERATING VEHICLE IN ERRATIC, RECKLESS, CARELESS, NEGLIGENT OR AGGRESSIVE MANNER",NOT APPLICABLE,8100,S,HARPER AVE,411,,,,,,,2,NO INDICATION OF INJURY,0,0,0,0,0,2,0,17,1,2,41.74773538,-87.58725264,POINT (-87.587252635411 41.747735382318)
60461c914d2c210f83226b3a1112a15d959341f5c90f1c71463798a95bcf44f800df4221c4446f6ea961b0c233c99841004f1e6bff0892402a65c7b74896f6bd,JF180578,,3/20/2022 14:00,30,UNKNOWN,UNKNOWN,CLEAR,DAYLIGHT,REAR END,UNKNOWN,,STRAIGHT AND LEVEL,DRY,UNKNOWN,NOT ON SCENE (DESK REPORT),NO INJURY / DRIVE AWAY,,Y,Y,"OVER $1,500",3/20/2022 17:00,UNABLE TO DETERMINE,UNABLE TO DETERMINE,1214,E,53RD ST,234,,,,,,,2,NO INDICATION OF INJURY,0,0,0,0,0,2,0,14,1,3,41.79957233,-87.59599733,POINT (-87.595997331925 41.799572329461)
c408ded3f1315de1e9b1d207f2f384f5961199534a8f40a908f065db5d83ec97f1c5b0aabe4d2159f83c0fea6f61389fecf13c7940388131db90b240784718bc,JF172876,,3/13/2022 19:32,35,NO CONTROLS,OTHER,CLEAR,"DARKNESS, LIGHTED ROAD",ANGLE,NOT DIVIDED,,STRAIGHT AND LEVEL,DRY,NO DEFECTS,ON SCENE,INJURY AND / OR TOW DUE TO CRASH,,,,"OVER $1,500",3/13/2022 19:35,FAILING TO YIELD RIGHT-OF-WAY,NOT APPLICABLE,4023,N,NARRAGANSETT AVE,1624,,,,,,,2,NO INDICATION OF INJURY,0,0,0,0,0,4,0,19,1,3,41.95371968,-87.78644072,POINT (-87.786440716961 41.953719683181)