CRASH_RECORD_ID,RD_NO,CRASH_DATE_EST_I,CRASH_DATE,POSTED_SPEED_LIMIT,TRAFFIC_CONTROL_DEVICE,DEVICE_CONDITION,WEATHER_CONDITION,LIGHTING_CONDITION,FIRST_CRASH_TYPE,TRAFFICWAY_TYPE,LANE_CNT,ALIGNMENT,ROADWAY_SURFACE_COND,ROAD_DEFECT,REPORT_TYPE,CRASH_TYPE,INTERSECTION_RELATED_I,NOT_RIGHT_OF_WAY_I,HIT_AND_RUN_I,DAMAGE,DATE_POLICE_NOTIFIED,PRIM_CONTRIBUTORY_CAUSE,SEC_CONTRIBUTORY_CAUSE,STREET_NO,STREET_DIRECTION,STREET_NAME,BEAT_OF_OCCURRENCE,PHOTOS_TAKEN_I,STATEMENTS_TAKEN_I,DOORING_I,WORK_ZONE_I,WORK_ZONE_TYPE,WORKERS_PRESENT_I,NUM_UNITS,MOST_SEVERE_INJURY,INJURIES_TOTAL,INJURIES_FATAL,INJURIES_INCAPACITATING,INJURIES_NON_INCAPACITATING,INJURIES_REPORTED_NOT_EVIDENT,INJURIES_NO_INDICATION,INJURIES_UNKNOWN,CRASH_HOUR,CRASH_DAY_OF_WEEK,CRASH_MONTH,LATITUDE,LONGITUDE,LOCATION
5bf64eba9d0a5099e8973a75717ca86da604e79063fe7039a62db8cfd6e998350de8327efbf374d839b931a0828030d3d1fac10d1d41db428d55416cc7b555cf,JF187204,,3/26/2022 12:05,30,NO CONTROLS,NO CONTROLS,CLEAR,DAYLIGHT,REAR END,DIVIDED - W/MEDIAN (NOT RAISED),,STRAIGHT ON HILLCREST,DRY,NO DEFECTS,ON SCENE,INJURY AND / OR TOW DUE TO CRASH,,,,"OVER $1,500",3/26/2022 12:20,UNABLE TO DETERMINE,UNABLE TO DETERMINE,1800,E,103RD ST,431,,,,,,,2,NO INDICATION OF INJURY,0,0,0,0,0,2,0,12,7,3,41.70798302,-87.58058694,POINT (-87.58058693969 41.70798301679)
4e4bf77bc456340554496162df998e8e6dde7416700c8834078c7bdefcd3e3d4803c7ff891e4103e585a4f608b78a531939fa06061018b2806842dffb84756bf,JB463231,,10/5/2018 7:15,30,NO CONTROLS,NO CONTROLS,RAIN,DAYLIGHT,SIDESWIPE SAME DIRECTION,RAMP,2,STRAIGHT ON GRADE,WET,UNKNOWN,ON SCENE,INJURY AND / OR TOW DUE TO CRASH,Y,,,"OVER $1,500",10/5/2018 7:18,EQUIPMENT - VEHICLE CONDITION,EXCEEDING SAFE SPEED FOR CONDITIONS,430,E,LOWER WACKER DR,114,,,,,,,2,NO INDICATION OF INJURY,0,0,0,0,0,2,0,7,6,10,41.88754238,-87.61689845,POINT (-87.616898452345 41.887542375142)
c459d4a79a7d3ef9e9481237166979c914359b077498355822b3ebc44d83f42b411bd3dff99c9622f2ab32b9d53297b8d39d489cac29ba2b80898c9caaaf5f67,JF172839,,3/13/2022 18:39,30,TRAFFIC SIGNAL,FUNCTIONING PROPERLY,CLEAR,DAYLIGHT,REAR END,NOT DIVIDED,,STRAIGHT AND LEVEL,UNKNOWN,UNKNOWN,NOT ON SCENE (DESK REPORT),NO INJURY / DRIVE AWAY,,,,"$501 - $1,500",3/13/2022 18:52,FOLLOWING TOO CLOSELY,FOLLOWING TOO CLOSELY,1700,S,KEDZIE AVE,1022,,,,,,,2,NO INDICATION OF INJURY,0,0,0,0,0,2,0,18,1,3,,,
c546ffa920e0174e126a8aad43dfffb71c889cd20c0424710b475169d148fff12f0e1d1c7e5e1e34fc51151bbc8fdd511ab0826e05e800ec4cbe109c730e9b53,JF172791,,3/13/2022 16:30,30,STOP SIGN/FLASHER,NOT FUNCTIONING,CLEAR,DAYLIGHT,REAR END,NOT DIVIDED,,STRAIGHT AND LEVEL,DRY,NO DEFECTS,NOT ON SCENE (DESK REPORT),NO INJURY / DRIVE AWAY,,,Y,"$501 - $1,500",3/13/2022 17:53,UNABLE TO DETERMINE,NOT APPLICABLE,1439,S,HALSTED ST,1232,,,,,,,2,NO INDICATION OF INJURY,0,0,0,0,0,2,0,16,1,3,41.86237836,-87.64663309,POINT (-87.646633085326 41.862378355605)
04e0e1127697c888cc853d3dfced91d3c6f9d087c64ece1ecf181f3148313e08097683e48aba131ad5ef0f4776e2500e5f9b2c72d30724002fd2465474f5a6a9,JD432737,,11/16/2020 9:45,30,TRAFFIC SIGNAL,FUNCTIONING PROPERLY,CLEAR,DAYLIGHT,ANGLE,NOT DIVIDED,,STRAIGHT AND LEVEL,WET,NO DEFECTS,,NO INJURY / DRIVE AWAY,,,,"OVER $1,500",11/16/2020 10:35,DISREGARDING TRAFFIC SIGNALS,UNABLE TO DETERMINE,200,N,ASHLAND AVE,1215,,,,,,,2,NO INDICATION OF INJURY,0,0,0,0,0,5,0,9,2,11,41.88534856,-87.6671144,POINT (-87.667114403773 41.88534855881)
4e922f05d1f1ad1c0e4711e99b6042a4920a6caf945341bc2c65ce769e368e852cfb5d747d3cf72807e66caf7deae36fc8ed6dd94fd2fb65623c306ead18a80f,JE360131,,9/2/2021 10:30,30,TRAFFIC SIGNAL,FUNCTIONING PROPERLY,CLEAR,DAYLIGHT,SIDESWIPE SAME DIRECTION,NOT DIVIDED,,STRAIGHT AND LEVEL,DRY,NO DEFECTS,,INJURY AND / OR TOW DUE TO CRASH,,,,"OVER $1,500",9/3/2021 12:00,DRIVING SKILLS/KNOWLEDGE/EXPERIENCE,NOT APPLICABLE,2212,S,PULASKI RD,1013,,,,,,,3,NONINCAPACITATING INJURY,1,0,0,1,0,3,0,10,5,9,41.85101776,-87.7248904,POINT (-87.724890399482 41.851017760653)
6104ccea3fc7a6b3781eed109edbae8c98cb2f2acefe8559ad07881d901c22de71802cef832e2ab2c6f7b8bdfbf70883d783bebdd96a08eff6d94e5164a21036,JE110998,,1/12/2021 18:40,30,NO CONTROLS,NO CONTROLS,CLEAR,"DARKNESS, LIGHTED ROAD",SIDESWIPE SAME DIRECTION,DIVIDED - W/MEDIAN BARRIER,,STRAIGHT ON GRADE,DRY,NO DEFECTS,,INJURY AND / OR TOW DUE TO CRASH,N,,Y,"OVER $1,500",1/12/2021 18:40,UNABLE TO DETERMINE,NOT APPLICABLE,3115,W,79TH ST,835,,,,,,,3,"REPORTED, NOT EVIDENT",2,0,0,0,2,2,0,18,3,1,41.74962736,-87.70060781,POINT (-87.700607808191 41.749627356281)
61b223c3434d653b5cbea5f5f6f8b6c0ac297eae93ed73afaad881c292a03aab5cf6e9736931820336ef8d7a5642a78b12c68f58b9d11e828a75734ef0e5524b,JF180538,,3/20/2022 15:47,30,TRAFFIC SIGNAL,FUNCTIONING PROPERLY,CLEAR,DAYLIGHT,TURNING,FOUR WAY,,STRAIGHT AND LEVEL,DRY,UNKNOWN,ON SCENE,INJURY AND / OR TOW DUE TO CRASH,Y,,,"OVER $1,500",3/20/2022 15:55,IMPROPER TURNING/NO SIGNAL,"VISION OBSCURED (SIGNS, TREE LIMBS, BUILDINGS, ETC.)",425,N,MICHIGAN AVE,1834,,N,,,,,2,NONINCAPACITATING INJURY,2,0,0,2,0,1,0,15,1,3,41.89013052,-87.62395302,POINT (-87.623953024024 41.890130523411)
61d1706fe4b4f72c670090560c241756029959e0ce4e6a6343dfe4f44fba7b99aef9d83bf7a0364978899b9ea38c3f26442b2da27e8328f58b360a9b78c55863,JF180461,,3/20/2022 14:32,30,NO CONTROLS,NO CONTROLS,CLEAR,DAYLIGHT,REAR END,ONE-WAY,,STRAIGHT AND LEVEL,DRY,NO DEFECTS,NOT ON SCENE (DESK REPORT),NO INJURY / DRIVE AWAY,,,,"$501 - $1,500",3/20/2022 15:10,UNABLE TO DETERMINE,UNABLE TO DETERMINE,225,S,CANAL ST,121,,,,,,,2,NO INDICATION OF INJURY,0,0,0,0,0,2,0,14,1,3,41.87853128,-87.63942746,POINT (-87.639427459627 41.878531278354)
05a9c8d17760fd9c742d9013cd87c71aa2a0275af7185d3607cbbd195c71eb5355fa4fa48108c7f4abc4438c77f64275b717eb9b6fd1f6f21363a2d14052269e,JF157837,,2/27/2022 13:44,30,NO CONTROLS,NO CONTROLS,CLEAR,DAYLIGHT,REAR END,NOT DIVIDED,,STRAIGHT AND LEVEL,DRY,NO DEFECTS,,INJURY AND / OR TOW DUE TO CRASH,,,Y,"OVER $1,500",2/27/2022 13:44,UNABLE TO DETERMINE,UNABLE TO DETERMINE,4149,W,WASHINGTON BLVD,1115,,N,,,,,3,NONINCAPACITATING INJURY,3,0,0,3,0,1,0,13,1,2,41.8818819,-87.7301089,POINT (-87.730108900352 41.881881899876)
6119c876784b545ca8334713daeeb9e00df855f2f2953eb17b92b0afbfa6d481e003fd72c8eee3c518b435d4f3d1f5144656bba61721c08db334ea23367c7076,JE138295,,2/10/2021 19:50,30,TRAFFIC SIGNAL,FUNCTIONING PROPERLY,CLEAR,"DARKNESS, LIGHTED ROAD",ANGLE,FOUR WAY,,STRAIGHT AND LEVEL,DRY,NO DEFECTS,,INJURY AND / OR TOW DUE TO CRASH,Y,,Y,"OVER $1,500",2/10/2021 20:06,DISREGARDING TRAFFIC SIGNALS,UNABLE TO DETERMINE,3900,S,MICHIGAN AVE,213,,,,,,,3,NONINCAPACITATING INJURY,1,0,0,1,0,3,0,19,4,2,41.82368919,-87.62331241,POINT (-87.623312408677 41.823689192028)
617cc528e851484ff586cfa8c9328a7dc04172d742f511e89b18c361d290601b214752fb13e4bc970760671e8a0a1d3839adf831a58e4d838cd9e227190eb41c,JD269046,,6/19/2020 12:02,30,NO CONTROLS,NO CONTROLS,CLEAR,DAYLIGHT,TURNING,NOT DIVIDED,,STRAIGHT AND LEVEL,DRY,NO DEFECTS,,INJURY AND / OR TOW DUE TO CRASH,,,,"OVER $1,500",6/19/2020 12:02,IMPROPER TURNING/NO SIGNAL,FAILING TO REDUCE SPEED TO AVOID CRASH,4143,N,WESTERN AVE,1911,,,,,,,2,INCAPACITATING INJURY,2,0,1,1,0,1,0,12,6,6,41.9571561,-87.6884118,POINT (-87.688411797926 41.957156100354)
04f2bdffec34712a65cef82882a624a3ba62bb17f4aa884feb5e8754e728789a72c3c70fbf3c23c392e7f61eecdb5eb5a5faec83ae35f46a9d35be4ac9f3326f,JF150802,,2/20/2022 19:50,30,NO CONTROLS,NO CONTROLS,CLEAR,"DARKNESS, LIGHTED ROAD",REAR END,DIVIDED - W/MEDIAN (NOT RAISED),,STRAIGHT AND LEVEL,DRY,NO DEFECTS,ON SCENE,INJURY AND / OR TOW DUE TO CRASH,,,,"OVER $1,500",2/20/2022 20:00,FOLLOWING TOO CLOSELY,UNABLE TO DETERMINE,1818,W,ADDISON ST,1922,,,,,,,2,NO INDICATION OF INJURY,0,0,0,0,0,2,0,19,1,2,41.94701958,-87.67478148,POINT (-87.674781481585 41.947019575159)
051b98fea276d19845043a035306e5e89b36fb59387959bb129ebb56667402f5a6d90dfe9a77ecb8edc2fd07c1ccb113eb1f2d7011a5e2797866fb1eed36f1ea,JF152508,,2/20/2022 14:07,35,UNKNOWN,NO CONTROLS,CLEAR,DAYLIGHT,PARKED MOTOR VEHICLE,NOT DIVIDED,,STRAIGHT AND LEVEL,DRY,NO DEFECTS,NOT ON SCENE (DESK REPORT),NO INJURY / DRIVE AWAY,,,,"$501 - $1,500",2/22/2022 14:00,UNABLE TO DETERMINE,NOT APPLICABLE,3945,N,NEENAH AVE,1632,,,,,,,2,NO INDICATION OF INJURY,0,0,0,0,0,1,0,14,1,2,41.95169472,-87.79069626,POINT (-87.790696259451 41.951694724121)
c5683dad99b1372819fc2a8178cbb9f8c9930e6636f5428d827e0482bd98ac2108f2bf41346aa793e9b6de952e21022de363782816a4ccc9cbe36adf5adc5232,JF172152,,3/13/2022 1:50,35,NO CONTROLS,FUNCTIONING PROPERLY,CLOUDY/OVERCAST,"DARKNESS, LIGHTED ROAD",FIXED OBJECT,DIVIDED - W/MEDIAN BARRIER,,STRAIGHT AND LEVEL,DRY,NO DEFECTS,ON SCENE,INJURY AND / OR TOW DUE TO CRASH,,,,"OVER $1,500",3/13/2022 1:56,DRIVING ON WRONG SIDE/WRONG WAY,NOT APPLICABLE,9205,S,WESTERN AVE,2221,,,,,,,1,NO INDICATION OF INJURY,0,0,0,0,0,1,0,1,1,3,41.72616754,-87.68208156,POINT (-87.682081559827 41.726167540952)
61d5a451ff90eb1fbab41ba4faab9bc8bdb8be679cb2436ba1ea7b20b4ffa056adc5601203ef4b6207468fbcdd8d96baabc81c00af7edfa8d91f564e4db8cf63,JF180669,,3/20/2022 15:30,30,TRAFFIC SIGNAL,FUNCTIONING PROPERLY,CLEAR,DAYLIGHT,PARKED MOTOR VEHICLE,NOT DIVIDED,,STRAIGHT AND LEVEL,DRY,NO DEFECTS,NOT ON SCENE (DESK REPORT),NO INJURY / DRIVE AWAY,,,,"OVER $1,500",3/20/2022 17:19,NOT APPLICABLE,NOT APPLICABLE,3661,W,WABANSIA AVE,2535,,,,,,,2,NO INDICATION OF INJURY,0,0,0,0,0,1,0,15,1,3,41.91168096,-87.71898694,POINT (-87.718986944337 41.911680956459)
50b36d77051b24e04ac2ed439f09755c872cd5ed032fc18d273adac962a56f7b126989d5927aa64e85ed8983ce6026cec6bbeb336836c45b78c02353480768d6,JE269170,,6/15/2021 16:30,30,STOP SIGN/FLASHER,FUNCTIONING PROPERLY,CLEAR,DAYLIGHT,ANGLE,NOT DIVIDED,,STRAIGHT AND LEVEL,DRY,NO DEFECTS,,NO INJURY / DRIVE AWAY,,,Y,"OVER $1,500",6/17/2021 11:19,DISREGARDING STOP SIGN,NOT APPLICABLE,300,E,47TH ST,215,,,,,,,2,NO INDICATION OF INJURY,0,0,0,0,0,2,0,16,3,6,41.80944685,-87.61952409,POINT (-87.619524087226 41.809446853655)
61d9f80f12dc970cdec6c5c064e1951acee797fc4154b0e959be5cb114493eb878fc7c95d50a673b54925d2d2bcd8d975b3a839ffc685caf9a90de8d1fa295c6,JE114031,,1/15/2021 21:25,30,TRAFFIC SIGNAL,FUNCTIONING PROPERLY,FREEZING RAIN/DRIZZLE,DARKNESS,SIDESWIPE SAME DIRECTION,NOT DIVIDED,,STRAIGHT AND LEVEL,WET,NO DEFECTS,,NO INJURY / DRIVE AWAY,,,Y,"OVER $1,500",1/15/2021 21:25,FAILING TO REDUCE SPEED TO AVOID CRASH,NOT APPLICABLE,500,S,CENTRAL AVE,1513,,,,,,,2,NO INDICATION OF INJURY,0,0,0,0,0,2,0,21,6,1,41.87377325,-87.7647697,POINT (-87.764769704361 41.873773251493)
5c638bf726d7a4890154c1394e3f74168996e7ef89d382f267f7405ad60517df7f7b7f93512d65fd67ff9c91d6e9c3458d8c5d0678e38c3ade3c6015ecf80a5a,JF187708,,3/26/2022 22:30,30,STOP SIGN/FLASHER,FUNCTIONING PROPERLY,CLEAR,"DARKNESS, LIGHTED ROAD",REAR END,NOT DIVIDED,,STRAIGHT AND LEVEL,DRY,NO DEFECTS,NOT ON SCENE (DESK REPORT),NO INJURY / DRIVE AWAY,,,Y,"OVER $1,500",3/26/2022 23:08,FAILING TO REDUCE SPEED TO AVOID CRASH,UNABLE TO DETERMINE,5458,S,CALIFORNIA AVE,923,,,,,,,3,NO INDICATION OF INJURY,0,0,0,0,0,3,0,22,7,3,41.79377976,-87.69394714,POINT (-87.69394713686 41.793779763655)
5d1c7c94042e1c777df7884bb7c7e34ee1e13827208cf8e6ea28b692e020c160424567feefa3a3a480e65931a746b07f5e2d5c3952390d9c72a1a21555af40af,JF187116,N,3/26/2022 10:30,10,NO CONTROLS,NO CONTROLS,CLEAR,DAYLIGHT,FIXED OBJECT,PARKING LOT,,STRAIGHT AND LEVEL,DRY,NO DEFECTS,ON SCENE,NO INJURY / DRIVE AWAY,,,,"OVER $1,500",3/26/2022 10:35,UNABLE TO DETERMINE,UNABLE TO DETERMINE,6435,W,ARCHER AVE,811,,,,,,,1,NO INDICATION OF INJURY,0,0,0,0,0,2,0,10,7,3,41.79220633,-87.78316763,POINT (-87.783167628519 41.792206330932)
074473c87486d302d2fb71af39d0f987a675ae2529bb198291038b220184988c944caac47c6efe384c00addaf83e591e61cdc1f9a6a1b01c84d09dd3ff450fd2,JF165373,Y,2/27/2022 21:00,20,NO CONTROLS,NO CONTROLS,CLEAR,"DARKNESS, LIGHTED ROAD",PARKED MOTOR VEHICLE,NOT DIVIDED,,STRAIGHT AND LEVEL,DRY,NO DEFECTS,NOT ON SCENE (DESK REPORT),NO INJURY / DRIVE AWAY,,,Y,"OVER $1,500",3/6/2022 17:00,IMPROPER TURNING/NO SIGNAL,NOT APPLICABLE,3638,N,LAKEWOOD AVE,1923,Y,,,,,,2,NO INDICATION OF INJURY,0,0,0,0,0,1,0,21,1,2,41.94827085,-87.66177238,POINT (-87.661772381325 41.948270844924)
5266efb276b26460219f5af0c0942237bca193ecac537b06d7584b30497c367f3437adcf28785e499c400d61b9bdc690f0223d8b898c0f2b5efb295852f9ba79,JF164744,,3/6/2022 0:26,30,STOP SIGN/FLASHER,FUNCTIONING PROPERLY,RAIN,"DARKNESS, LIGHTED ROAD",REAR END,DIVIDED - W/MEDIAN (NOT RAISED),,STRAIGHT AND LEVEL,WET,NO DEFECTS,ON SCENE,NO INJURY / DRIVE AWAY,,,,"OVER $1,500",3/6/2022 0:45,FOLLOWING TOO CLOSELY,UNABLE TO DETERMINE,1629,W,ADDISON ST,1922,,,,,,,2,NO INDICATION OF INJURY,0,0,0,0,0,2,0,0,1,3,41.94686569,-87.67001356,POINT (-87.67001355553 41.946865687492)
0790a66ca37aff8011585c6e176f85681db873ac5300605cd63e504934943f4cc2cfc8df4ff60d880101c164a6754d9ab67c005add7d7bc0d893579dda8f6095,JF157690,,2/27/2022 11:53,10,NO CONTROLS,NO CONTROLS,CLEAR,DAYLIGHT,REAR END,OTHER,,STRAIGHT AND LEVEL,DRY,NO DEFECTS,NOT ON SCENE (DESK REPORT),NO INJURY / DRIVE AWAY,,Y,Y,"$501 - $1,500",2/27/2022 13:53,"OPERATING VEHICLE IN ERRATIC, RECKLESS, CARELESS, NEGLIGENT OR AGGRESSIVE MANNER",NOT APPLICABLE,4700,W,NORTH AVE,2533,,,,,,,2,NO INDICATION OF INJURY,0,0,0,0,0,2,0,11,1,2,41.9097611,-87.74365444,POINT (-87.74365444247 41.909761095567)
07d435919acdb396da8b5ff5dea662bdbe4d7e6d76724d8febc37adb5ec5d01785cac613a366775bbaada44f23ca521c1ca2e1771edc9a45aaade6fd309892b8,JF158741,,2/27/2022 14:00,30,NO CONTROLS,FUNCTIONING PROPERLY,CLEAR,DAYLIGHT,PARKED MOTOR VEHICLE,NOT DIVIDED,,STRAIGHT AND LEVEL,DRY,NO DEFECTS,NOT ON SCENE (DESK REPORT),NO INJURY / DRIVE AWAY,Y,,,"OVER $1,500",2/28/2022 15:00,IMPROPER LANE USAGE,NOT APPLICABLE,3228,N,BROADWAY,1925,,,,,,,2,NO INDICATION OF INJURY,0,0,0,0,0,1,0,14,1,2,41.94095495,-87.64457434,POINT (-87.644574342414 41.940954947688)
c653f9407c85da20686ece610815fa926d4581138f4e66c303aa8f5e1aba6c955f2386c4bc053d1b440a5479ebc3d9215fe1808c83a91cf159be4c985dc2ce86,JF172687,,3/13/2022 16:11,30,STOP SIGN/FLASHER,FUNCTIONING PROPERLY,CLEAR,DAYLIGHT,ANGLE,FOUR WAY,,STRAIGHT AND LEVEL,DRY,NO DEFECTS,ON SCENE,INJURY AND / OR TOW DUE TO CRASH,Y,,Y,"OVER $1,500",3/13/2022 16:11,UNABLE TO DETERMINE,UNABLE TO DETERMINE,2100,W,71ST ST,735,,,,,,,2,INCAPACITATING INJURY,1,0,1,0,0,1,0,16,1,3,41.76489269,-87.67601816,POINT (-87.676018157341 41.764892689879)
0743076543da05b24c23ded66c2890d4b90353dbc67c30a274d29ec136fdfa20412dc1e7241c7502af892d99cd53bb7965393249a4862103cb2ee1debe6ec7dc,JF150578,,2/20/2022 15:35,30,STOP SIGN/FLASHER,FUNCTIONING PROPERLY,CLEAR,DAYLIGHT,ANGLE,NOT DIVIDED,,STRAIGHT AND LEVEL,UNKNOWN,UNKNOWN,ON SCENE,INJURY AND / OR TOW DUE TO CRASH,Y,,,"OVER $1,500",2/20/2022 15:46,UNABLE TO DETERMINE,UNABLE TO DETERMINE,2501,N,OAK PARK AVE,2512,,,,,,,2,NONINCAPACITATING INJURY,2,0,0,2,0,1,0,15,1,2,41.92551168,-87.79515455,POINT (-87.795154552014 41.925511677164)
0780ab68cdc8ced39c4c00e8a5a552624cfd54ad518bc8b16f97e6e8e5706d142cd457957dffbc64b9c3987a13aa4bd756d4b693a7dc35f43538d2fec982de3f,JE456543,Y,11/25/2021 5:00,30,NO CONTROLS,NO CONTROLS,CLEAR,"DARKNESS, LIGHTED ROAD",REAR END,NOT DIVIDED,,STRAIGHT AND LEVEL,DRY,NO DEFECTS,,NO INJURY / DRIVE AWAY,,,Y,"$501 - $1,500",11/25/2021 9:05,FOLLOWING TOO CLOSELY,UNABLE TO DETERMINE,13,N,BESSIE COLEMAN DR,1654,,,,,,,2,NO INDICATION OF INJURY,0,0,0,0,0,2,0,5,5,11,,,
081f0e00b5d7ea0545ca0ba6b01ef878329b0f6cfdd68a0c39f0fd0d17ae4df061360dfb814fd08f22d956506a26b58c7087924d8d6dbd0c6634b6586bd41c2f,JD225508,,5/6/2020 10:45,30,STOP SIGN/FLASHER,FUNCTIONING PROPERLY,CLEAR,DAYLIGHT,REAR END,NOT DIVIDED,,STRAIGHT AND LEVEL,DRY,NO DEFECTS,,NO INJURY / DRIVE AWAY,,,Y,"$501 - $1,500",5/6/2020 11:00,NOT APPLICABLE,NOT APPLICABLE,200,S,CENTRAL AVE,1513,,,,,,,2,NO INDICATION OF INJURY,0,0,0,0,0,2,0,10,4,5,41.87773355,-87.7649174,POINT (-87.764917400759 41.877733552643)
52ea4ce7ba1e650b0794e0820a94806a77bea8d8f357e3ae3c88b7e8d993e08d3decd39d20a84827086dfaf386b2d27212e775fec6e49d42d2268b8da4a95b30,JD277864,,6/27/2020 10:44,30,NO CONTROLS,NO CONTROLS,CLEAR,DAYLIGHT,PEDALCYCLIST,FOUR WAY,,STRAIGHT AND LEVEL,DRY,NO DEFECTS,,INJURY AND / OR TOW DUE TO CRASH,Y,,,$500 OR LESS,6/27/2020 10:45,FAILING TO YIELD RIGHT-OF-WAY,FAILING TO YIELD RIGHT-OF-WAY,4700,S,LAKE PARK AVE,222,,,,,,,2,INCAPACITATING INJURY,1,0,1,0,0,1,0,10,7,6,41.80953478,-87.59245022,POINT (-87.592450223394 41.809534780826)
52fe7643eff6fa16521b0e4553f1421f926eff303ae3023f443987043deedff66c51b78d6e30503ce914b4e98984f380f20c8b6825777978d3ad20a528f18dee,JE188583,,4/3/2021 18:30,30,NO CONTROLS,NO CONTROLS,CLEAR,DAYLIGHT,REAR TO FRONT,DIVIDED - W/MEDIAN (NOT RAISED),,STRAIGHT AND LEVEL,DRY,NO DEFECTS,,NO INJURY / DRIVE AWAY,,,Y,"$501 - $1,500",4/3/2021 19:29,UNABLE TO DETERMINE,NOT APPLICABLE,1543,E,65TH ST,321,,,,,,,2,NO INDICATION OF INJURY,0,0,0,0,0,2,0,18,7,4,41.77685811,-87.58716568,POINT (-87.587165682741 41.776858105115)
07dbfc4190e9987082b6dc408695ce6fb511c220b3d4692a6af3bcfae3d2416547b3b48847ed3ddf69f0caa0d68b5ff079f58467b1268fdc5962c857437c79a2,JF150598,,2/20/2022 16:00,30,NO CONTROLS,NO CONTROLS,CLEAR,DAYLIGHT,FIXED OBJECT,NOT DIVIDED,,STRAIGHT AND LEVEL,DRY,NO DEFECTS,NOT ON SCENE (DESK REPORT),NO INJURY / DRIVE AWAY,,,,"$501 - $1,500",2/20/2022 16:28,UNABLE TO DETERMINE,UNABLE TO DETERMINE,2399,N,LAKE SHORE DR SB,1814,,,,,,,1,NO INDICATION OF INJURY,0,0,0,0,0,1,0,16,1,2,41.92608753,-87.63099255,POINT (-87.630992552046 41.926087529895)
083003b6fe86f5a0fd057e06cda33e24d82706cabcd80fce84a2fd88031b3b8ed91bba9b06ded135d6a85a08ee4f8133dc4eb0a204c62b8d659546892c0cd154,JF157905,,2/27/2022 16:28,30,UNKNOWN,UNKNOWN,CLEAR,DAYLIGHT,REAR END,NOT DIVIDED,,STRAIGHT AND LEVEL,DRY,UNKNOWN,NOT ON SCENE (DESK REPORT),NO INJURY / DRIVE AWAY,,,Y,"OVER $1,500",2/27/2022 16:55,FOLLOWING TOO CLOSELY,UNABLE TO DETERMINE,200,E,83RD ST,631,,,,,,,2,NO INDICATION OF INJURY,0,0,0,0,0,2,0,16,1,2,41.74384296,-87.61949235,POINT (-87.619492344749 41.743842954839)
c69c13242c19a4b49ca1a35e805cdae612856dd7b0625e33e72347313daf36f8a4f9a134ee9ce69950901d32cada2e35cb133d1d6351bf85aea11f68f5bdb6ae,JF172518,,3/13/2022 7:00,25,NO CONTROLS,NO CONTROLS,UNKNOWN,UNKNOWN,PARKED MOTOR VEHICLE,NOT DIVIDED,,STRAIGHT AND LEVEL,UNKNOWN,UNKNOWN,NOT ON SCENE (DESK REPORT),NO INJURY / DRIVE AWAY,,,Y,"$501 - $1,500",3/13/2022 13:30,UNABLE TO DETERMINE,NOT APPLICABLE,2154,N,MOBILE AVE,2512,,,,,,,2,NO INDICATION OF INJURY,0,0,0,0,0,1,0,7,1,3,41.91984726,-87.78303867,POINT (-87.783038667072 41.919847261812)
6333be488fefaed158eddf9379699b75e246b014078c7c7a7f4304e6eb6784e2597e23734b6428ec1b930cde16f0c0cf8f5e61140a33fbe20c3f021005c3bc34,JF180238,,3/20/2022 10:45,35,NO CONTROLS,NO CONTROLS,CLEAR,DAWN,SIDESWIPE SAME DIRECTION,ONE-WAY,,STRAIGHT AND LEVEL,DRY,NO DEFECTS,ON SCENE,NO INJURY / DRIVE AWAY,,,Y,"OVER $1,500",3/20/2022 11:10,UNABLE TO DETERMINE,"OPERATING VEHICLE IN ERRATIC, RECKLESS, CARELESS, NEGLIGENT OR AGGRESSIVE MANNER",6519,S,MAPLEWOOD AVE,832,,,,,,,2,NO INDICATION OF INJURY,0,0,0,0,0,1,0,10,1,3,41.77496526,-87.6870445,POINT (-87.687044498116 41.774965258227)
5d52f9a40c35c3fc11e2ef9b6f2801923302e3bcaa363beacac1a2a379708ed4020fad0a0a54107281ee93c5837b08e5dcf086b87500e97edf5195be6aabb2ab,JE467712,,12/3/2021 10:15,30,TRAFFIC SIGNAL,FUNCTIONING PROPERLY,CLEAR,DAYLIGHT,TURNING,NOT DIVIDED,,STRAIGHT AND LEVEL,DRY,NO DEFECTS,,NO INJURY / DRIVE AWAY,,,Y,"$501 - $1,500",12/6/2021 10:00,IMPROPER LANE USAGE,DRIVING SKILLS/KNOWLEDGE/EXPERIENCE,799,W,99TH ST,2232,,,,,,,2,NO INDICATION OF INJURY,0,0,0,0,0,2,0,10,6,12,41.71410483,-87.64294213,POINT (-87.642942131591 41.714104834212)
c7265c9e187619eb26783279f0afdd18237f1d23f3dfbd42817e49b19e3500b7dc9e148cb39937bdd91070b2a091ea7df6d7908766ffc0ed4e28b78ac1b2914a,JF172630,,3/13/2022 14:27,30,TRAFFIC SIGNAL,FUNCTIONING PROPERLY,CLEAR,DAYLIGHT,SIDESWIPE SAME DIRECTION,DIVIDED - W/MEDIAN (NOT RAISED),,STRAIGHT AND LEVEL,DRY,NO DEFECTS,ON SCENE,INJURY AND / OR TOW DUE TO CRASH,,,,"OVER $1,500",3/13/2022 15:07,FAILING TO YIELD RIGHT-OF-WAY,UNABLE TO DETERMINE,7034,N,SHERIDAN RD,2423,,,,,,,2,NO INDICATION OF INJURY,0,0,0,0,0,5,0,14,1,3,42.0101504,-87.66255385,POINT (-87.662553854034 42.010150401891)