CRASH_RECORD_ID,RD_NO,CRASH_DATE_EST_I,CRASH_DATE,POSTED_SPEED_LIMIT,TRAFFIC_CONTROL_DEVICE,DEVICE_CONDITION,WEATHER_CONDITION,LIGHTING_CONDITION,FIRST_CRASH_TYPE,TRAFFICWAY_TYPE,LANE_CNT,ALIGNMENT,ROADWAY_SURFACE_COND,ROAD_DEFECT,REPORT_TYPE,CRASH_TYPE,INTERSECTION_RELATED_I,NOT_RIGHT_OF_WAY_I,HIT_AND_RUN_I,DAMAGE,DATE_POLICE_NOTIFIED,PRIM_CONTRIBUTORY_CAUSE,SEC_CONTRIBUTORY_CAUSE,STREET_NO,STREET_DIRECTION,STREET_NAME,BEAT_OF_OCCURRENCE,PHOTOS_TAKEN_I,STATEMENTS_TAKEN_I,DOORING_I,WORK_ZONE_I,WORK_ZONE_TYPE,WORKERS_PRESENT_I,NUM_UNITS,MOST_SEVERE_INJURY,INJURIES_TOTAL,INJURIES_FATAL,INJURIES_INCAPACITATING,INJURIES_NON_INCAPACITATING,INJURIES_REPORTED_NOT_EVIDENT,INJURIES_NO_INDICATION,INJURIES_UNKNOWN,CRASH_HOUR,CRASH_DAY_OF_WEEK,CRASH_MONTH,LATITUDE,LONGITUDE,LOCATION
5483a3231a73ca80f5556b73d406df50ccfa7297e3d87d5105373d5038e4b31d291710fdb80825f291ad690664f9512e7ff85e7cf0ae4724c2cf95794ad5d452,JE313657,,7/25/2021 11:30,30,NO CONTROLS,NO CONTROLS,CLEAR,DAYLIGHT,PARKED MOTOR VEHICLE,NOT DIVIDED,,STRAIGHT AND LEVEL,DRY,UNKNOWN,,NO INJURY / DRIVE AWAY,,,Y,"$501 - $1,500",7/25/2021 13:45,UNABLE TO DETERMINE,NOT APPLICABLE,3618,W,84TH PL,834,,,,,,,2,NO INDICATION OF INJURY,0,0,0,0,0,1,0,11,1,7,41.73968983,-87.71275427,POINT (-87.712754273855 41.739689824934)
c7b9b820a1ef82a91f4dc221e12a8efea7ac9578716baa0bef5a6093e81730438171928eba0b1bb0ed64bb1073840b9e0d375eb0ae8baa869a0e121e1b693641,JF174185,,3/13/2022 23:50,30,TRAFFIC SIGNAL,FUNCTIONING PROPERLY,CLEAR,"DARKNESS, LIGHTED ROAD",TURNING,DIVIDED - W/MEDIAN (NOT RAISED),,STRAIGHT AND LEVEL,DRY,NO DEFECTS,NOT ON SCENE (DESK REPORT),NO INJURY / DRIVE AWAY,Y,,,"OVER $1,500",3/14/2022 0:35,IMPROPER OVERTAKING/PASSING,NOT APPLICABLE,340,W,ONTARIO ST,1831,,,,,,,2,NO INDICATION OF INJURY,0,0,0,0,0,2,0,23,1,3,41.89325533,-87.63715992,POINT (-87.637159915596 41.893255328806)
0abd8ba2de0be35ea99b461e55b4474de21ef7a10592f4eab7ba9a35bd5ebb1fbbccfa947af0ed00fbc8cf55de4242bf065cf86e21a5ef644c483efb87c7d902,JF157665,,2/27/2022 3:00,30,TRAFFIC SIGNAL,FUNCTIONING PROPERLY,CLEAR,DARKNESS,TURNING,OTHER,,STRAIGHT AND LEVEL,UNKNOWN,UNKNOWN,NOT ON SCENE (DESK REPORT),NO INJURY / DRIVE AWAY,Y,,,"$501 - $1,500",2/27/2022 13:20,UNABLE TO DETERMINE,NOT APPLICABLE,5523,S,WENTWORTH AVE,225,,,,,,,2,NO INDICATION OF INJURY,0,0,0,0,0,2,0,3,1,2,41.79346295,-87.6303402,POINT (-87.63034019773 41.793462947994)
0a764d2e80b5230ddda9806dd4b0c5923e2fd07b3c09c56509421640a6c90da9e3748b05676764bb6a7b5fccc8606892c53cb828528c2a26479a17d01ebb52fa,JF150650,Y,2/20/2022 16:49,30,NO CONTROLS,NO CONTROLS,CLEAR,DUSK,PARKED MOTOR VEHICLE,NOT DIVIDED,,STRAIGHT AND LEVEL,DRY,NO DEFECTS,ON SCENE,NO INJURY / DRIVE AWAY,,,Y,"OVER $1,500",2/20/2022 17:00,UNABLE TO DETERMINE,UNABLE TO DETERMINE,839,N,SACRAMENTO BLVD,1211,,,,,,,2,NO INDICATION OF INJURY,0,0,0,0,0,1,0,16,1,2,41.89687585,-87.70209453,POINT (-87.702094532852 41.896875848158)
c8a65fb58ed96fb2f94624c9b89bd7abe5c5da769783308b2a59bc8e594d16b331f636d5c4fe2a6464df89cabc9ce7ad7a639847541d4b08eeac9151b11fbb12,JF172261,,3/13/2022 7:00,30,NO CONTROLS,NO CONTROLS,CLEAR,DAYLIGHT,PARKED MOTOR VEHICLE,NOT DIVIDED,,STRAIGHT AND LEVEL,DRY,UNKNOWN,ON SCENE,NO INJURY / DRIVE AWAY,,,,$500 OR LESS,3/13/2022 7:11,UNABLE TO DETERMINE,UNABLE TO DETERMINE,6012,W,60TH ST,812,,,,,,,2,NO INDICATION OF INJURY,0,0,0,0,0,1,0,7,1,3,41.78346804,-87.77224137,POINT (-87.772241371341 41.783468037902)
0bc0dc08ec4ba8b910192169b71df2163f2a09ab650a818764ebe0d6e1224ca51f17391b8d25d7125a8bf73678ae2f98bc097c0529eefc33db48c520ba7bebf1,JF157330,,2/27/2022 2:00,35,UNKNOWN,UNKNOWN,CLEAR,"DARKNESS, LIGHTED ROAD",PARKED MOTOR VEHICLE,NOT DIVIDED,,STRAIGHT AND LEVEL,UNKNOWN,NO DEFECTS,,INJURY AND / OR TOW DUE TO CRASH,,,,"OVER $1,500",2/27/2022 2:00,UNABLE TO DETERMINE,NOT APPLICABLE,11700,S,WENTWORTH AVE,522,,,,,,,2,NO INDICATION OF INJURY,0,0,0,0,0,1,0,2,1,2,41.68151616,-87.62771661,POINT (-87.627716608162 41.681516158003)
0b44a0e8e81197e05e23957fbf0cde0f86c19a715e988020d9ead4191098029f6641451f49ff7d149309f479b02544039f991d687dcb49f1683f77610a58cd48,JF150467,,2/20/2022 13:30,35,TRAFFIC SIGNAL,FUNCTIONING PROPERLY,CLEAR,DAYLIGHT,SIDESWIPE SAME DIRECTION,DIVIDED - W/MEDIAN (NOT RAISED),,STRAIGHT AND LEVEL,DRY,NO DEFECTS,NOT ON SCENE (DESK REPORT),NO INJURY / DRIVE AWAY,,,Y,"OVER $1,500",2/20/2022 14:10,IMPROPER OVERTAKING/PASSING,IMPROPER OVERTAKING/PASSING,9152,S,ASHLAND AVE,2221,,,,,,,2,NO INDICATION OF INJURY,0,0,0,0,0,2,0,13,1,2,41.72692495,-87.66295875,POINT (-87.662958749857 41.726924953779)
0bd261db409f1b549dcc3c3f55f1b58c8e092f31675937b0e36542c13484200a052e220f164beda146a28793fc64b51b4f36685ce2df3145365307ceadc204d4,JF158166,,2/27/2022 22:49,30,TRAFFIC SIGNAL,FUNCTIONING PROPERLY,CLEAR,"DARKNESS, LIGHTED ROAD",PARKED MOTOR VEHICLE,NOT DIVIDED,,STRAIGHT AND LEVEL,DRY,NO DEFECTS,ON SCENE,NO INJURY / DRIVE AWAY,,,Y,$500 OR LESS,2/27/2022 23:37,UNABLE TO DETERMINE,UNABLE TO DETERMINE,7900,S,DREXEL AVE,624,,,,,,,2,NO INDICATION OF INJURY,0,0,0,0,0,1,0,22,1,2,41.75122114,-87.60290122,POINT (-87.602901217958 41.751221140537)
0b2b1e07471c79214e09328e0eb66c5d05f6e22f0a922fd5ea3f3d7168c77ba4db6f580f47b7c0d28914db943c884aa375552842bd759f750f11224775edaeeb,JE329260,,8/6/2021 17:30,30,NO CONTROLS,NO CONTROLS,UNKNOWN,DAYLIGHT,ANGLE,NOT DIVIDED,,STRAIGHT AND LEVEL,UNKNOWN,UNKNOWN,,NO INJURY / DRIVE AWAY,,,,"OVER $1,500",8/7/2021 10:20,FAILING TO YIELD RIGHT-OF-WAY,UNABLE TO DETERMINE,9818,S,AVENUE M,432,,,,,,,2,NO INDICATION OF INJURY,0,0,0,0,0,2,0,17,6,8,41.7171654,-87.53784669,POINT (-87.537846687264 41.717165400243)
0c9e19271b518c4518e804fa8ad6bce66ca1d07c51c3fb07ab9981df35e3baebc6950d5ffd312c9f9d5059331616d5a38a92333e1b4469c16eb93379dfcad3ab,JF157675,,2/27/2022 13:00,30,STOP SIGN/FLASHER,FUNCTIONING PROPERLY,CLEAR,DAYLIGHT,REAR TO SIDE,UNKNOWN INTERSECTION TYPE,,STRAIGHT AND LEVEL,DRY,NO DEFECTS,NOT ON SCENE (DESK REPORT),NO INJURY / DRIVE AWAY,Y,,,"OVER $1,500",2/27/2022 13:20,UNABLE TO DETERMINE,UNABLE TO DETERMINE,2300,N,TRIPP AVE,2522,,,,,,,2,NO INDICATION OF INJURY,0,0,0,0,0,2,0,13,1,2,41.92266812,-87.73298527,POINT (-87.732985264593 41.922668122878)
0c1aac0a0f4c9ccd94a34135f1e875ed75b83d3231ef540d465db5e21ade71a781a97309146f0c1b1a7122f945a34d97b16158425df93e7f42ede54e7c05cf61,JD186944,,3/15/2020 20:30,25,TRAFFIC SIGNAL,FUNCTIONING PROPERLY,CLEAR,UNKNOWN,REAR END,NOT DIVIDED,,STRAIGHT AND LEVEL,DRY,NO DEFECTS,,NO INJURY / DRIVE AWAY,,,Y,"$501 - $1,500",3/15/2020 21:50,FOLLOWING TOO CLOSELY,UNABLE TO DETERMINE,4800,W,NORTH AVE,2533,,,,,,,2,NO INDICATION OF INJURY,0,0,0,0,0,2,0,20,1,3,41.90973389,-87.74624497,POINT (-87.746244972959 41.909733890131)
587ceeee192b631096ca8d99c7568e6b4431579c5de9dd78954128fc986227fdbebdabeb6184db8e78acf95cbb5e4e1aacbe561dc4f8a47689c15578aff4ebe6,JF180682,,3/20/2022 18:33,30,NO CONTROLS,NO CONTROLS,CLEAR,DAYLIGHT,ANGLE,NOT DIVIDED,,STRAIGHT AND LEVEL,DRY,NO DEFECTS,,INJURY AND / OR TOW DUE TO CRASH,Y,,,"OVER $1,500",3/20/2022 18:34,FAILING TO YIELD RIGHT-OF-WAY,UNABLE TO DETERMINE,4134,W,55TH ST,815,,,,,,,2,"REPORTED, NOT EVIDENT",2,0,0,0,2,0,0,18,1,3,41.79328285,-87.72698436,POINT (-87.726984364358 41.793282852015)
c94e45bcb7aa29292372f77227b5fc57086e2719230d606d2f4495c851bdf2394fac2d20e402608fce0b17f8d878ffb0332c845f4bac9a6ea133b72f51904548,JF172713,,3/13/2022 16:15,25,NO CONTROLS,NO CONTROLS,CLEAR,DAYLIGHT,PARKED MOTOR VEHICLE,DIVIDED - W/MEDIAN (NOT RAISED),,STRAIGHT AND LEVEL,DRY,NO DEFECTS,,NO INJURY / DRIVE AWAY,,,,"OVER $1,500",3/13/2022 16:35,UNABLE TO DETERMINE,NOT APPLICABLE,4355,W,HARRISON ST,1131,,,,,,,2,NO INDICATION OF INJURY,0,0,0,0,0,2,0,16,1,3,41.87323844,-87.7331425,POINT (-87.733142495058 41.873238443172)
670654d70ba0c67912b4dc93c4949e54f388dc3bfc80838181bbbb447f720d7b7811c4ce6d95b9e4abeb3cdc7c471903fc30fa567dc7c76463f39d2870a7894e,JF180082,,3/20/2022 6:10,30,STOP SIGN/FLASHER,FUNCTIONING PROPERLY,CLEAR,DAWN,REAR END,DIVIDED - W/MEDIAN (NOT RAISED),,STRAIGHT AND LEVEL,DRY,NO DEFECTS,NOT ON SCENE (DESK REPORT),NO INJURY / DRIVE AWAY,Y,,,"OVER $1,500",3/20/2022 6:20,UNABLE TO DETERMINE,UNABLE TO DETERMINE,4101,N,PULASKI RD,1723,,,,,,,2,NO INDICATION OF INJURY,0,0,0,0,0,2,0,6,1,3,41.95556977,-87.72752398,POINT (-87.727523976932 41.955569772732)
d0388b079d1d083c62ed5bb3ecbe5da38e9634d519e610af3deb1722d9ffe97adbc19b2eb254a620e7153b9b9dc38df5cc15852098cbaf22959a3e0930f4dd31,JF152981,,2/22/2022 16:00,20,TRAFFIC SIGNAL,FUNCTIONING PROPERLY,CLEAR,DAYLIGHT,PEDESTRIAN,UNKNOWN,,STRAIGHT AND LEVEL,UNKNOWN,UNKNOWN,NOT ON SCENE (DESK REPORT),INJURY AND / OR TOW DUE TO CRASH,,,Y,$500 OR LESS,2/22/2022 20:55,UNABLE TO DETERMINE,UNABLE TO DETERMINE,7400,S,VINCENNES AVE,731,,,,,,,2,NONINCAPACITATING INJURY,1,0,0,1,0,1,0,16,3,2,41.75990268,-87.63069666,POINT (-87.630696661213 41.759902676402)
d03a9b8c0e1e80f40d2c3ae4f6baf724770e932c2099cb1d1d47e184be15b378f234b64a65edb8e44a22153f89bb1b67a23bf941acd8b689b181832b28cceb1c,JF152469,,2/22/2022 13:37,30,TRAFFIC SIGNAL,FUNCTIONING PROPERLY,RAIN,DAYLIGHT,REAR END,DIVIDED - W/MEDIAN (NOT RAISED),,STRAIGHT AND LEVEL,WET,NO DEFECTS,ON SCENE,INJURY AND / OR TOW DUE TO CRASH,,,,"OVER $1,500",2/22/2022 13:37,PHYSICAL CONDITION OF DRIVER,UNABLE TO DETERMINE,2014,N,WESTERN AVE,1431,,,,,,,4,NONINCAPACITATING INJURY,1,0,0,1,0,3,0,13,3,2,41.91808316,-87.68757287,POINT (-87.687572871548 41.918083160683)
5899c4cc49f65682213b5ce8de3ce2cf29a1be8e0ab4f4ca0c9611531ed46a3c3e99ec4cec4c3444180cdb0007142d8990c4885a5e561f4c6deea9a798b49ea9,JF165467,,3/6/2022 18:24,30,UNKNOWN,UNKNOWN,CLEAR,"DARKNESS, LIGHTED ROAD",HEAD ON,OTHER,,STRAIGHT AND LEVEL,DRY,UNKNOWN,ON SCENE,INJURY AND / OR TOW DUE TO CRASH,,,,"OVER $1,500",3/6/2022 18:24,DRIVING ON WRONG SIDE/WRONG WAY,UNABLE TO DETERMINE,10309,S,WOODLAWN AVE,512,,,,,,,2,INCAPACITATING INJURY,1,0,1,0,0,1,0,18,1,3,41.70727901,-87.59410031,POINT (-87.594100308056 41.707279008177)
626c96f2c17e25c2a3b29e6ca8195cda43a1ab36427ce2a21e5c1933ef4a86dc2e8e81f9c17f669cc99e9e62c43d15a9aef2a2a0c772c9dc942d0f0c023f3961,JF187273,,3/26/2022 12:20,30,NO CONTROLS,NO CONTROLS,CLOUDY/OVERCAST,DAYLIGHT,FIXED OBJECT,OTHER,,STRAIGHT AND LEVEL,DRY,NO DEFECTS,ON SCENE,NO INJURY / DRIVE AWAY,,Y,,"OVER $1,500",3/26/2022 12:25,NOT APPLICABLE,NOT APPLICABLE,10310,S,WENTWORTH AVE,512,,,,,,,2,NO INDICATION OF INJURY,0,0,0,0,0,1,0,12,7,3,41.70674073,-87.62840811,POINT (-87.628408107621 41.70674072587)
cbc2a2f3855da96459c4aad1c0b5abaae137abb34c75f6f302ecca8fd56b7f2fef463bc1d0903fc58cb12a8cc298cbe23ef8fd72d939b5414bdd832ab18b44be,JF172679,,3/13/2022 15:06,30,TRAFFIC SIGNAL,FUNCTIONING PROPERLY,CLEAR,DAYLIGHT,REAR END,NOT DIVIDED,,STRAIGHT AND LEVEL,DRY,NO DEFECTS,NOT ON SCENE (DESK REPORT),NO INJURY / DRIVE AWAY,,,,"OVER $1,500",3/13/2022 15:06,UNABLE TO DETERMINE,UNABLE TO DETERMINE,1330,S,HALSTED ST,1232,,,,,,,2,NO INDICATION OF INJURY,0,0,0,0,0,2,0,15,1,3,41.86468133,-87.64699041,POINT (-87.646990408329 41.864681333354)
628df29656e83bd7f2894d81ccd430ca141c18b7268f1c3e1f38d4d4a7ba82b30e48432213fd0ae8a2c7a22a266f634049db8943607ea40d6b23298d06241161,JF187605,,3/26/2022 19:35,30,TRAFFIC SIGNAL,FUNCTIONING PROPERLY,UNKNOWN,UNKNOWN,TURNING,DIVIDED - W/MEDIAN BARRIER,,STRAIGHT AND LEVEL,UNKNOWN,UNKNOWN,ON SCENE,INJURY AND / OR TOW DUE TO CRASH,Y,,,"OVER $1,500",3/26/2022 19:42,IMPROPER LANE USAGE,IMPROPER TURNING/NO SIGNAL,338,N,COLUMBUS DR,114,,,,,,,2,NO INDICATION OF INJURY,0,0,0,0,0,8,0,19,7,3,41.88780313,-87.62082503,POINT (-87.620825028932 41.887803126221)
62d3e4f0152c640c5f97a34109c9b01e0c2725ed32d48e3d7312f97f8b14a20de4bacb44c5763ecdf851a9875512e8ec5204ee0b9a7d9f859d3c2cb2c018acc1,JE352967,,8/28/2021 11:35,30,TRAFFIC SIGNAL,UNKNOWN,CLEAR,DAYLIGHT,TURNING,NOT DIVIDED,,STRAIGHT AND LEVEL,DRY,NO DEFECTS,,NO INJURY / DRIVE AWAY,Y,,,"$501 - $1,500",8/28/2021 12:15,UNABLE TO DETERMINE,UNABLE TO DETERMINE,7101,S,CICERO AVE,833,,,,,,,2,NO INDICATION OF INJURY,0,0,0,0,0,4,0,11,7,8,41.76429247,-87.74175261,POINT (-87.741752607214 41.764292464973)
5a521d566e0e0c6d2ac49ad895fee89137ba98425e5c98ff06df6f4d51438d0408c0d558eddf0fffc0a55d7ad6ffcc0f1aee3ea024e2d42eb95f97e59d5bd49c,JB427101,,9/8/2018 9:00,30,TRAFFIC SIGNAL,FUNCTIONING PROPERLY,CLEAR,DAYLIGHT,REAR END,ONE-WAY,2,STRAIGHT AND LEVEL,DRY,NO DEFECTS,ON SCENE,NO INJURY / DRIVE AWAY,,,Y,"$501 - $1,500",9/8/2018 9:02,IMPROPER OVERTAKING/PASSING,UNABLE TO DETERMINE,455,E,LOWER WACKER DR,114,,,,,,,2,NO INDICATION OF INJURY,0,0,0,0,0,2,0,9,7,9,41.88730452,-87.61654345,POINT (-87.616543451964 41.88730452029)
5a5c46b442d99149ba5d5595549ddbf49978e7d250e4540fd2de7a3bf02172f0130dd42bb65907f7ee39d97e5d8eac6a719f9eb07a3e952be8c63f5e956f359a,JF165043,,3/6/2022 10:45,25,NO CONTROLS,NO CONTROLS,CLEAR,DAYLIGHT,PARKED MOTOR VEHICLE,ONE-WAY,,STRAIGHT AND LEVEL,DRY,UNKNOWN,NOT ON SCENE (DESK REPORT),NO INJURY / DRIVE AWAY,,,Y,"OVER $1,500",3/6/2022 11:15,UNABLE TO DETERMINE,NOT APPLICABLE,7117,S,CALUMET AVE,323,,,,,,,2,NO INDICATION OF INJURY,0,0,0,0,0,1,0,10,1,3,41.76513519,-87.61670807,POINT (-87.616708070161 41.765135191913)
cca14f268af87749d5c8dbf75b3a128830d76d9c1b55785fa04f2822ddc78af829b6450a3e6a5660de89b8bcd28c941d6d57307bff75a4eb2f2351538146a10e,JF172172,,3/13/2022 3:15,30,NO CONTROLS,NO CONTROLS,CLEAR,"DARKNESS, LIGHTED ROAD",REAR END,NOT DIVIDED,,STRAIGHT AND LEVEL,DRY,NO DEFECTS,ON SCENE,INJURY AND / OR TOW DUE TO CRASH,,,Y,"OVER $1,500",3/13/2022 3:19,UNABLE TO DETERMINE,UNABLE TO DETERMINE,935,W,87TH ST,2222,,,,,,,2,NO INDICATION OF INJURY,0,0,0,0,0,2,0,3,1,3,41.73590841,-87.64742288,POINT (-87.64742288027 41.735908405707)
6a4eb96e536e9bba94eca09042a5701a524da2193699a3e5563308c23d134f2d351e91528e5b757001ab7a989b33933e121a7831d96d8261f13471602ebceaa1,JF180065,,3/20/2022 5:00,30,NO CONTROLS,NO CONTROLS,CLEAR,"DARKNESS, LIGHTED ROAD",HEAD ON,CENTER TURN LANE,,STRAIGHT AND LEVEL,DRY,NO DEFECTS,ON SCENE,INJURY AND / OR TOW DUE TO CRASH,,,Y,"$501 - $1,500",3/20/2022 5:07,NOT APPLICABLE,NOT APPLICABLE,1345,N,PULASKI RD,2535,,,,,,,2,NONINCAPACITATING INJURY,1,0,0,1,0,1,0,5,1,3,41.90579384,-87.72625114,POINT (-87.726251137072 41.905793840339)
5a3aeb04f20bfd350010ca025ad319d7e88eb869875ce9a427ac44f73b5bf66b84f36f02b7f3bbcd8a67726d1b637e1e7a27bac26437dcda99cc761030799205,JC538838,,12/8/2019 0:00,30,TRAFFIC SIGNAL,FUNCTIONING PROPERLY,CLEAR,DAWN,REAR END,NOT DIVIDED,,STRAIGHT AND LEVEL,DRY,NO DEFECTS,,NO INJURY / DRIVE AWAY,,,,"$501 - $1,500",12/8/2019 0:51,UNABLE TO DETERMINE,UNABLE TO DETERMINE,6000,N,LINCOLN AVE,2413,,,,,,,2,NO INDICATION OF INJURY,0,0,0,0,0,2,0,0,1,12,41.99033664,-87.70753442,POINT (-87.707534414707 41.990336639159)
69f2ed6551b35f5fda7d0493aaf2a2d1667b74664ab3d186a07ac4f900d754af7d5e8e70d4a32226022e6675a74f58da0cc97dcd7dce55c48de324171f39706d,JE343791,,8/20/2021 14:00,30,TRAFFIC SIGNAL,FUNCTIONING PROPERLY,CLEAR,DAYLIGHT,REAR END,OTHER,,STRAIGHT AND LEVEL,DRY,UNKNOWN,,NO INJURY / DRIVE AWAY,,,,"$501 - $1,500",8/20/2021 14:14,IMPROPER OVERTAKING/PASSING,IMPROPER OVERTAKING/PASSING,2200,W,OGDEN AVE,1225,,,,,,,2,NO INDICATION OF INJURY,0,0,0,0,0,2,0,14,6,8,41.86875132,-87.68141587,POINT (-87.681415873402 41.868751316997)
cc6f297eb5748f5a5eb6549e0182fdc308ac3f8bb0d7fe9faed7a62f54641c25effd9a348f2463c3d388a887b2eb86c7d3d2293d4c0cf0fc39034e07a62efd37,JC309798,,6/17/2019 10:00,25,TRAFFIC SIGNAL,FUNCTIONING PROPERLY,CLEAR,DAYLIGHT,REAR END,NOT DIVIDED,,STRAIGHT AND LEVEL,DRY,NO DEFECTS,,INJURY AND / OR TOW DUE TO CRASH,,,,"OVER $1,500",6/17/2019 10:05,EQUIPMENT - VEHICLE CONDITION,EQUIPMENT - VEHICLE CONDITION,9400,S,LAFAYETTE AVE,634,,,,,,,2,NONINCAPACITATING INJURY,2,0,0,2,0,0,0,10,2,6,41.72349618,-87.62522299,POINT (-87.625222991138 41.723496181638)
10c1be1f11595998705768878d6da7c916fecc66010f604c11ea33250271fc51f12b43d6637fb05e56a9a5f71238cb121fde5d6abafb387a6a8752e481e0dddd,JD112006,,1/11/2020 11:44,30,NO CONTROLS,NO CONTROLS,RAIN,DAYLIGHT,TURNING,RAMP,,STRAIGHT AND LEVEL,WET,NO DEFECTS,,NO INJURY / DRIVE AWAY,,,,"OVER $1,500",1/11/2020 12:00,IMPROPER OVERTAKING/PASSING,UNABLE TO DETERMINE,1631,W,ARMITAGE AVE,1433,,,,,,,2,NO INDICATION OF INJURY,0,0,0,0,0,3,0,11,7,1,41.91781515,-87.66868223,POINT (-87.668682228809 41.917815150821)
5a8f3d2358379ed810a3f618d2fac96ebe168fd14a4a40d6b085d7c8ae5f5b054dd2004d9553d079445cb25e1c8ea96c3bb6b6a4431be1cce5fdd1c3d5e123a5,JE483648,,12/20/2021 8:40,30,TRAFFIC SIGNAL,FUNCTIONING PROPERLY,CLEAR,DAYLIGHT,SIDESWIPE SAME DIRECTION,DIVIDED - W/MEDIAN (NOT RAISED),,STRAIGHT AND LEVEL,DRY,NO DEFECTS,,NO INJURY / DRIVE AWAY,,,,"$501 - $1,500",12/20/2021 12:44,UNABLE TO DETERMINE,UNABLE TO DETERMINE,6613,S,STONY ISLAND AVE,331,,,,,,,2,NO INDICATION OF INJURY,0,0,0,0,0,2,0,8,2,12,41.77476257,-87.58601395,POINT (-87.586013948305 41.774762567034)
ccfdbf1298f777c36d253c5692b6144872c1113563fe42e3b1c08a407744707cd592cf44780c58f47d2119551b71298be6e8ab5ac59ad1101afd94d815d9cebc,JF151274,,2/21/2022 11:00,30,NO CONTROLS,NO CONTROLS,CLEAR,DAYLIGHT,PEDALCYCLIST,NOT DIVIDED,,STRAIGHT AND LEVEL,UNKNOWN,UNKNOWN,,INJURY AND / OR TOW DUE TO CRASH,,,,$500 OR LESS,2/21/2022 11:01,UNABLE TO DETERMINE,NOT APPLICABLE,3864,N,LINCOLN AVE,1922,,,Y,,,,2,NONINCAPACITATING INJURY,1,0,0,1,0,1,0,11,2,2,41.95215248,-87.67752501,POINT (-87.67752501098 41.952152477603)
cd2bdb9a72d7f5b6d51ef2639ba36f5101a727d8e90807b568a414ba0b07fcb68fe2b0732111e2315996710c0930b44705f0ef700ebc73606a85aa181a19c563,JD310884,,7/26/2020 17:45,30,TRAFFIC SIGNAL,FUNCTIONING PROPERLY,CLEAR,DAYLIGHT,ANGLE,DIVIDED - W/MEDIAN (NOT RAISED),,STRAIGHT AND LEVEL,DRY,NO DEFECTS,,NO INJURY / DRIVE AWAY,Y,,,$500 OR LESS,7/26/2020 17:50,DRIVING SKILLS/KNOWLEDGE/EXPERIENCE,NOT APPLICABLE,8658,S,WESTERN AVE,835,,,,,,,2,NO INDICATION OF INJURY,0,0,0,0,0,2,0,17,1,7,41.73561797,-87.68266337,POINT (-87.682663369002 41.735617967973)
10d68dbdace65fc7363386fdd7051cba4737aa9e313b7c2775f7c0857daef6718d85e91d7c78c0be5436ad323f397adaacbffd73204218728d7efdb23f58192e,JF157273,,2/27/2022 0:40,30,NO CONTROLS,NO CONTROLS,CLEAR,"DARKNESS, LIGHTED ROAD",TURNING,NOT DIVIDED,,STRAIGHT AND LEVEL,DRY,NO DEFECTS,ON SCENE,INJURY AND / OR TOW DUE TO CRASH,N,,Y,"OVER $1,500",2/27/2022 0:43,IMPROPER TURNING/NO SIGNAL,UNABLE TO DETERMINE,1640,E,75TH ST,324,,,,,,,3,NO INDICATION OF INJURY,0,0,0,0,0,2,0,0,1,2,41.75889574,-87.5840765,POINT (-87.584076501561 41.758895737672)
6a5266c43c1109e3ee44e1f4a76cb5dba9c5fa314494a4a4a4375fa70a6a816ed9d8de29eb7ab0f257cc63d60847950a706be2a0604b5dc9a7beccb5fe449fba,JF181125,,3/20/2022 2:00,30,NO CONTROLS,NO CONTROLS,CLEAR,"DARKNESS, LIGHTED ROAD",PARKED MOTOR VEHICLE,DIVIDED - W/MEDIAN BARRIER,,STRAIGHT AND LEVEL,DRY,NO DEFECTS,NOT ON SCENE (DESK REPORT),NO INJURY / DRIVE AWAY,,,Y,"$501 - $1,500",3/21/2022 8:50,UNABLE TO DETERMINE,NOT APPLICABLE,6000,S,DR MARTIN LUTHER KING JR DR,311,,,,,,,2,NO INDICATION OF INJURY,0,0,0,0,0,1,0,2,1,3,41.7856061,-87.61590388,POINT (-87.615903876604 41.785606097064)
ce03f0eedca7e7655482a70a7148c78b2b61497198baa17979ca56b58bc1c273f8c24a38d2a75b4139ecfa4463a8b0d07f019577d33f32638f4a819268769885,JF172461,,3/13/2022 7:30,30,TRAFFIC SIGNAL,FUNCTIONING PROPERLY,CLEAR,DAYLIGHT,REAR END,NOT DIVIDED,,STRAIGHT AND LEVEL,DRY,NO DEFECTS,NOT ON SCENE (DESK REPORT),NO INJURY / DRIVE AWAY,,,,"$501 - $1,500",3/13/2022 12:30,FAILING TO REDUCE SPEED TO AVOID CRASH,NOT APPLICABLE,1395,W,79TH ST,612,,,,,,,2,NO INDICATION OF INJURY,0,0,0,0,0,2,0,7,1,3,41.75031663,-87.65852694,POINT (-87.65852694008 41.750316629374)
5ae45be4f96175f8b5afec0bebe9a63612b5773b124da220e7440c79cb4ae1994c7d14373615bb76873412935e15bc9f1ade2fb6d5875246a9d6d5d865f15a69,JF165285,,3/6/2022 13:30,10,NO CONTROLS,NO CONTROLS,CLEAR,DAYLIGHT,PARKED MOTOR VEHICLE,PARKING LOT,,STRAIGHT AND LEVEL,DRY,NO DEFECTS,NOT ON SCENE (DESK REPORT),NO INJURY / DRIVE AWAY,,Y,,$500 OR LESS,3/6/2022 15:35,UNABLE TO DETERMINE,WEATHER,4049,S,CALIFORNIA AVE,921,,,,,,,2,,,,,,,,,13,1,3,41.81945368,-87.69440175,POINT (-87.694401744802 41.819453680046)