CRASH_RECORD_ID,RD_NO,CRASH_DATE_EST_I,CRASH_DATE,POSTED_SPEED_LIMIT,TRAFFIC_CONTROL_DEVICE,DEVICE_CONDITION,WEATHER_CONDITION,LIGHTING_CONDITION,FIRST_CRASH_TYPE,TRAFFICWAY_TYPE,LANE_CNT,ALIGNMENT,ROADWAY_SURFACE_COND,ROAD_DEFECT,REPORT_TYPE,CRASH_TYPE,INTERSECTION_RELATED_I,NOT_RIGHT_OF_WAY_I,HIT_AND_RUN_I,DAMAGE,DATE_POLICE_NOTIFIED,PRIM_CONTRIBUTORY_CAUSE,SEC_CONTRIBUTORY_CAUSE,STREET_NO,STREET_DIRECTION,STREET_NAME,BEAT_OF_OCCURRENCE,PHOTOS_TAKEN_I,STATEMENTS_TAKEN_I,DOORING_I,WORK_ZONE_I,WORK_ZONE_TYPE,WORKERS_PRESENT_I,NUM_UNITS,MOST_SEVERE_INJURY,INJURIES_TOTAL,INJURIES_FATAL,INJURIES_INCAPACITATING,INJURIES_NON_INCAPACITATING,INJURIES_REPORTED_NOT_EVIDENT,INJURIES_NO_INDICATION,INJURIES_UNKNOWN,CRASH_HOUR,CRASH_DAY_OF_WEEK,CRASH_MONTH,LATITUDE,LONGITUDE,LOCATION
111dbcf90c0646ccc0a7f5620578bd454a3c73381a30f96c51e4ea0184b3e066755d8f2ff3ebef72d695d47295391cad9ab0e75f14b682b5f3b93ba30a1737b1,JF157302,,2/27/2022 1:20,30,TRAFFIC SIGNAL,FUNCTIONING PROPERLY,CLEAR,"DARKNESS, LIGHTED ROAD",ANGLE,FOUR WAY,,STRAIGHT AND LEVEL,WET,UNKNOWN,ON SCENE,INJURY AND / OR TOW DUE TO CRASH,Y,,,"OVER $1,500",2/27/2022 1:22,DISREGARDING TRAFFIC SIGNALS,FAILING TO YIELD RIGHT-OF-WAY,5200,W,DIVISION ST,2532,,,,,,,2,NONINCAPACITATING INJURY,2,0,0,2,0,1,0,1,1,2,41.90235812,-87.75583953,POINT (-87.75583953413 41.902358114746)
115b68d5e6a86eb5123944b236659a95354efef1a3df6c370fe655f961779549e6bf24fb7c5ee120e1ffbe8489abfb361728038c3e08392270a9e2491ac08f4b,JF157647,,2/27/2022 12:36,30,TRAFFIC SIGNAL,FUNCTIONING PROPERLY,CLEAR,DAYLIGHT,ANGLE,FOUR WAY,,STRAIGHT AND LEVEL,DRY,NO DEFECTS,ON SCENE,INJURY AND / OR TOW DUE TO CRASH,Y,,,"OVER $1,500",2/27/2022 12:36,DISREGARDING TRAFFIC SIGNALS,UNABLE TO DETERMINE,130,E,61ST ST,311,,,,,,,3,NO INDICATION OF INJURY,0,0,0,0,0,3,0,12,1,2,41.78390344,-87.6208908,POINT (-87.62089079825 41.783903440836)
6358958cb8918b509af385651c8318d19121bd10501a8e436114f45bd29e046eec7766fe90992a8665ad6a94834fe20e61e048ea813612265e7fcd5e62dff96b,JD409447,,10/24/2020 10:30,30,STOP SIGN/FLASHER,FUNCTIONING PROPERLY,CLEAR,DAYLIGHT,ANGLE,FOUR WAY,,STRAIGHT AND LEVEL,DRY,NO DEFECTS,,INJURY AND / OR TOW DUE TO CRASH,Y,,,"OVER $1,500",10/24/2020 10:34,FAILING TO YIELD RIGHT-OF-WAY,DISREGARDING STOP SIGN,801,S,PULASKI RD,1132,,,,,,,2,INCAPACITATING INJURY,4,0,2,2,0,0,0,10,7,10,41.87069029,-87.72519256,POINT (-87.725192556137 41.870690287281)
d08abf8e50d811d07e1b8b47e23d822a9d1315cf8d68adaaac8b029c032e1411dbb6f235b7efa60d688ee2e6a26a2847a22dc6c2d5e3aed8a6a388a4376cff29,JF152866,,2/22/2022 18:00,30,UNKNOWN,UNKNOWN,UNKNOWN,UNKNOWN,SIDESWIPE SAME DIRECTION,UNKNOWN,,STRAIGHT AND LEVEL,UNKNOWN,UNKNOWN,NOT ON SCENE (DESK REPORT),NO INJURY / DRIVE AWAY,,,,"OVER $1,500",2/22/2022 18:45,UNABLE TO DETERMINE,UNABLE TO DETERMINE,6200,S,CICERO AVE,813,,,,,,,2,NO INDICATION OF INJURY,0,0,0,0,0,2,0,18,3,2,41.78016308,-87.74249429,POINT (-87.742494288772 41.780163083626)
d0c70f99bfa68e5116879dbdd0b891bc0990f91d566ef97c6a00bdeacb010968a787b9e9191c3960a2261ad60c81f4fc9118955d937e40c82a72eb0c9e7a163b,JF152924,,2/22/2022 19:00,30,NO CONTROLS,NO CONTROLS,CLEAR,DAYLIGHT,ANGLE,PARKING LOT,,STRAIGHT AND LEVEL,DRY,NO DEFECTS,NOT ON SCENE (DESK REPORT),NO INJURY / DRIVE AWAY,,Y,,"$501 - $1,500",2/22/2022 19:48,UNABLE TO DETERMINE,NOT APPLICABLE,2021,W,CHICAGO AVE,1221,,,,,,,2,NO INDICATION OF INJURY,0,0,0,0,0,3,0,19,3,2,41.89578523,-87.67793089,POINT (-87.677930892592 41.895785229598)
cee015cd2f871c8d9b7238e5e8e599470bc8d78f62b70ad8ec22d6e662759601ee17aabe0e8fde75bc0e108122760b326c972e3a4c5fcbdae951ead7f01b7324,JF172754,,3/13/2022 16:00,10,NO CONTROLS,NO CONTROLS,CLEAR,DAYLIGHT,PARKED MOTOR VEHICLE,PARKING LOT,,STRAIGHT AND LEVEL,DRY,NO DEFECTS,NOT ON SCENE (DESK REPORT),NO INJURY / DRIVE AWAY,,Y,,"$501 - $1,500",3/13/2022 17:43,IMPROPER BACKING,NOT APPLICABLE,4345,W,BELMONT AVE,2523,,,,,,,2,NO INDICATION OF INJURY,0,0,0,0,0,1,0,16,1,3,41.93885686,-87.73665677,POINT (-87.73665676811 41.938856857276)
cf075dfc12a61b2b129bbf89535429c5af6e649b9895ea03cc9c571e690ba8f6822fb091b7aa6b0b170ee30abc7fd21e10963ace104795839e36fbbe2ca15838,JF172593,,3/13/2022 13:45,30,NO CONTROLS,NO CONTROLS,CLEAR,DAYLIGHT,SIDESWIPE SAME DIRECTION,ONE-WAY,,STRAIGHT AND LEVEL,DRY,NO DEFECTS,NOT ON SCENE (DESK REPORT),NO INJURY / DRIVE AWAY,,,,"$501 - $1,500",3/13/2022 14:30,UNABLE TO DETERMINE,UNABLE TO DETERMINE,2116,W,CORTEZ ST,1212,,,,,,,2,NO INDICATION OF INJURY,0,0,0,0,0,2,0,13,1,3,41.90051217,-87.68035753,POINT (-87.680357525824 41.900512164927)
cfc150bd1cddac6fdeaea58e1df7ce6ba21707d927b1f5e9c3d5594cb417ea27a3e386d28652bf2f75c28ab298080f6ac356ca80168ea8618d8c647b7e338a0e,JF172641,,3/13/2022 15:12,30,NO CONTROLS,NO CONTROLS,CLEAR,DAYLIGHT,SIDESWIPE SAME DIRECTION,NOT DIVIDED,,STRAIGHT AND LEVEL,DRY,NO DEFECTS,NOT ON SCENE (DESK REPORT),INJURY AND / OR TOW DUE TO CRASH,,,,"$501 - $1,500",3/13/2022 15:29,UNABLE TO DETERMINE,NOT APPLICABLE,8500,S,ASHLAND AVE,614,,,,,,,2,"REPORTED, NOT EVIDENT",1,0,0,0,1,1,0,15,1,3,41.73933898,-87.66330098,POINT (-87.663300980555 41.739338975632)
5bf89ea7a7f43b53d6c4239fb158fee66d5bb3df46cdeef36a5c856f0995057dc4b568ac9a11bdc6d3bff4dc678d66cf7e27c436892694eaed498e14f4debeaf,JC118792,,1/16/2019 9:35,30,TRAFFIC SIGNAL,FUNCTIONING PROPERLY,CLEAR,DAYLIGHT,REAR END,DIVIDED - W/MEDIAN BARRIER,6,STRAIGHT AND LEVEL,DRY,NO DEFECTS,ON SCENE,NO INJURY / DRIVE AWAY,,,,"OVER $1,500",1/16/2019 10:02,FOLLOWING TOO CLOSELY,NOT APPLICABLE,488,E,LOWER WACKER DR,114,,,,,,,3,NO INDICATION OF INJURY,0,0,0,0,0,3,0,9,4,1,41.88747989,-87.61604712,POINT (-87.616047119018 41.88747988917)
6d1efac3df1ea687618a94f72d93a4f8da80d25d1479f2dcf7eed7bfecee5b29b144e03efe3c9cf2a6ca3937ffa0c6ed4b43812be69f84cb983aeab6e69ec84b,JF181864,,3/20/2022 22:15,30,NO CONTROLS,NO CONTROLS,CLEAR,"DARKNESS, LIGHTED ROAD",ANGLE,NOT DIVIDED,,STRAIGHT AND LEVEL,DRY,NO DEFECTS,NOT ON SCENE (DESK REPORT),NO INJURY / DRIVE AWAY,,,,"OVER $1,500",3/21/2022 19:00,UNABLE TO DETERMINE,NOT APPLICABLE,2010,N,WESTERN AVE,1431,,,,,,,2,NO INDICATION OF INJURY,0,0,0,0,0,2,0,22,1,3,41.91794595,-87.68756802,POINT (-87.687568024137 41.917945947058)
134fc98e3c81e53d39649807feba6d3204ab8aa747c0a7e6f8ca8e95a26011fb89ca72672a32ec37c4704bea1b98410414632873e05fe406923966bd87bd5536,JF150872,,2/20/2022 21:40,30,TRAFFIC SIGNAL,FUNCTIONING PROPERLY,CLEAR,"DARKNESS, LIGHTED ROAD",ANGLE,FOUR WAY,,STRAIGHT AND LEVEL,DRY,NO DEFECTS,ON SCENE,INJURY AND / OR TOW DUE TO CRASH,Y,,N,"OVER $1,500",2/20/2022 21:42,DISREGARDING TRAFFIC SIGNALS,NOT APPLICABLE,4800,W,CHICAGO AVE,1531,,,,,,,3,NONINCAPACITATING INJURY,1,0,0,1,0,6,0,21,1,2,41.89511222,-87.74593243,POINT (-87.745932427015 41.895112218578)
135fed630516a37465350d9e1e2314cdea1950641975a63a1cd2e616c6d123820e5cb8c87764c10e9220297a5e2499ab2151e7a3b19e269ae05667c2d79354a8,JF150621,,2/20/2022 15:00,10,NO CONTROLS,NO CONTROLS,CLEAR,DAYLIGHT,ANGLE,PARKING LOT,,STRAIGHT AND LEVEL,DRY,NO DEFECTS,NOT ON SCENE (DESK REPORT),NO INJURY / DRIVE AWAY,,,Y,"OVER $1,500",2/20/2022 16:40,IMPROPER BACKING,UNABLE TO DETERMINE,4650,W,NORTH AVE,2533,,,,,,,2,NO INDICATION OF INJURY,0,0,0,0,0,2,0,15,1,2,41.90976453,-87.7433763,POINT (-87.743376295706 41.909764527033)
1367fd1077473d5a9d4a5fd829079d4e2f067e7c056facd14ae2a5e9cf8fd1e0227d1a7ccb5f24a59ef3ba49362149f6549c396e2087aad2e66a99f79afe0dde,JF150446,,2/20/2022 13:15,30,NO CONTROLS,NO CONTROLS,CLEAR,DAYLIGHT,ANGLE,NOT DIVIDED,,STRAIGHT AND LEVEL,DRY,NO DEFECTS,NOT ON SCENE (DESK REPORT),NO INJURY / DRIVE AWAY,Y,,,"OVER $1,500",2/20/2022 13:30,UNABLE TO DETERMINE,UNABLE TO DETERMINE,442,N,HALSTED ST,1214,,,,,,,2,NO INDICATION OF INJURY,0,0,0,0,0,3,0,13,1,2,41.89020901,-87.64775242,POINT (-87.647752414974 41.890209007454)
1369536b18237ed48a2fa09b4c02c2149b2ae5d022cc4f356cc4fbb5db4168fc2c69d8a8151989cbe030e26a783b3cb0bd3264e4306ffc7511642e7bd5314cfd,JF151405,,2/20/2022 8:30,30,NO CONTROLS,NO CONTROLS,CLEAR,DAYLIGHT,PARKED MOTOR VEHICLE,NOT DIVIDED,,STRAIGHT AND LEVEL,DRY,NO DEFECTS,NOT ON SCENE (DESK REPORT),NO INJURY / DRIVE AWAY,,,Y,"OVER $1,500",2/21/2022 13:15,UNABLE TO DETERMINE,UNABLE TO DETERMINE,5209,W,LAKE ST,1523,,,,,,,2,NO INDICATION OF INJURY,0,0,0,0,0,4,0,8,1,2,41.88711354,-87.75575353,POINT (-87.755753529641 41.887113542992)
6f05fbee77f4e8889de67039b8ba026e0a81b0ca021c9af8a0f488c3e1793096decd1a8b76593951fe8e6b1c0d9f3d56f2e74e77cc196e16083b4d90e14bf5bf,JF179979,,3/20/2022 2:16,30,TRAFFIC SIGNAL,FUNCTIONING IMPROPERLY,CLEAR,"DARKNESS, LIGHTED ROAD",TURNING,NOT REPORTED,,STRAIGHT AND LEVEL,DRY,NO DEFECTS,ON SCENE,INJURY AND / OR TOW DUE TO CRASH,Y,,,"OVER $1,500",3/20/2022 2:19,FAILING TO YIELD RIGHT-OF-WAY,UNABLE TO DETERMINE,500,N,MILWAUKEE AVE,1214,,,,,,,2,NONINCAPACITATING INJURY,1,0,0,1,0,2,0,2,1,3,41.89114627,-87.64777461,POINT (-87.647774608116 41.891146271697)
5d0e8968f16675fb4fbf42791f87a79da8b18db1270a7bcb1c5e982919dc1e2757b7efea21b6d48735e24bda81d8035985dbcef6e52ac020bf7ddda67ee820fe,JF165419,,3/6/2022 18:00,30,TRAFFIC SIGNAL,NO CONTROLS,CLEAR,DAYLIGHT,REAR END,DIVIDED - W/MEDIAN (NOT RAISED),,STRAIGHT AND LEVEL,DRY,NO DEFECTS,NOT ON SCENE (DESK REPORT),NO INJURY / DRIVE AWAY,,,,"$501 - $1,500",3/6/2022 18:15,FOLLOWING TOO CLOSELY,UNABLE TO DETERMINE,6400,N,SHERIDAN RD,2432,,,,,,,2,NO INDICATION OF INJURY,0,0,0,0,0,2,0,18,1,3,41.99821792,-87.66069526,POINT (-87.660695255572 41.998217920532)
138e15db57a510830f4b928af952dc13685271c46ceef78551e819b49ad5b896b74c949560dec103efbeaa2296e60710fa38c9200a0fa2c2dc2f7b5735ceae34,JF157883,,2/27/2022 16:30,5,NO CONTROLS,NO CONTROLS,CLEAR,DAYLIGHT,PARKED MOTOR VEHICLE,PARKING LOT,,STRAIGHT AND LEVEL,DRY,NO DEFECTS,ON SCENE,NO INJURY / DRIVE AWAY,,,,$500 OR LESS,2/27/2022 16:30,DRIVING SKILLS/KNOWLEDGE/EXPERIENCE,UNABLE TO DETERMINE,5745,S,COTTAGE GROVE AVE,235,,,,,,,2,NO INDICATION OF INJURY,0,0,0,0,0,2,0,16,1,2,41.78999923,-87.60598141,POINT (-87.605981407304 41.789999226941)
142f8c5f20c3f26234fbe5eb520a277799fc6a34c0c7e365676e204043a3d78fd75490f343eea3776cbb1a62bc2fbd3015b384b17ac3441654fe40696adfe465,JF157992,,2/27/2022 18:18,30,NO CONTROLS,NO CONTROLS,CLEAR,DAYLIGHT,REAR END,NOT DIVIDED,,STRAIGHT AND LEVEL,DRY,NO DEFECTS,NOT ON SCENE (DESK REPORT),NO INJURY / DRIVE AWAY,,,Y,"OVER $1,500",2/27/2022 18:44,FAILING TO REDUCE SPEED TO AVOID CRASH,DRIVING SKILLS/KNOWLEDGE/EXPERIENCE,7100,S,ROCKWELL ST,831,,,,,,,2,NO INDICATION OF INJURY,0,0,0,0,0,2,0,18,1,2,41.76452456,-87.68827993,POINT (-87.68827992898 41.764524555088)
d2f0b9d4c13b401a884e73ed215b7029d05d6adea3a42e4478eb1f6833f3c3da072a302446ba245a0b64ad4f7023a8e62af0c9d033a6d7c924ccde4c19bc7ce7,JD172828,,3/13/2022 18:06,30,TRAFFIC SIGNAL,FUNCTIONING PROPERLY,CLEAR,DAYLIGHT,ANGLE,NOT DIVIDED,,STRAIGHT AND LEVEL,DRY,NO DEFECTS,ON SCENE,NO INJURY / DRIVE AWAY,Y,,,"OVER $1,500",3/13/2022 18:07,UNABLE TO DETERMINE,UNABLE TO DETERMINE,698,W,31ST ST,914,,,,,,,2,NO INDICATION OF INJURY,0,0,0,0,0,4,0,18,1,3,41.83818692,-87.6437907,POINT (-87.64379070103 41.838186919924)
14d2559e3b44f9d880d3a1dbbcb0ae10b7bf6526fdd3d1e5bd0ec53ec6f935388142f84d17ac9382bc6face45cfb6829e39cfddaf08b6b3e5efdc11b30ddc81e,JF157558,,2/27/2022 10:20,10,NO CONTROLS,NO CONTROLS,CLEAR,DAYLIGHT,REAR TO SIDE,PARKING LOT,,STRAIGHT AND LEVEL,WET,NO DEFECTS,NOT ON SCENE (DESK REPORT),NO INJURY / DRIVE AWAY,,Y,,"$501 - $1,500",2/27/2022 10:50,IMPROPER BACKING,UNABLE TO DETERMINE,8658,S,KEDZIE AVE,834,,,,,,,2,NO INDICATION OF INJURY,0,0,0,0,0,2,0,10,1,2,41.73528998,-87.70222673,POINT (-87.702226732143 41.735289979)
14a70a4f608bf4c90fa37bf4f0e814e1496cb3efe47e3a1faaeeb8c581a2065b82743da3a0dd7e1f8c63c8c50d6d3b58cb9c091d1b67592994feb6e469f3bbe7,JF157847,,2/20/2022 16:30,30,NO CONTROLS,NO CONTROLS,CLEAR,DAYLIGHT,SIDESWIPE SAME DIRECTION,RAMP,,STRAIGHT ON GRADE,DRY,NO DEFECTS,ON SCENE,NO INJURY / DRIVE AWAY,,,Y,$500 OR LESS,2/27/2022 16:30,IMPROPER OVERTAKING/PASSING,"OPERATING VEHICLE IN ERRATIC, RECKLESS, CARELESS, NEGLIGENT OR AGGRESSIVE MANNER",340,N,LAKE SHORE DR RAMP,114,,,,,,,2,NO INDICATION OF INJURY,0,0,0,0,0,4,0,16,1,2,41.88747161,-87.61417155,POINT (-87.614171545924 41.887471606342)
d3007f7df296f323899048b0e45f5e9ae937d59114fd25b589bea0734e0f9d3a70d0cc7b81f257f61e2e42614ae41704e95629c308e3a9f19d469a18a243a3fb,JF172295,,3/13/2022 8:40,30,STOP SIGN/FLASHER,FUNCTIONING PROPERLY,CLEAR,DAYLIGHT,TURNING,NOT DIVIDED,,STRAIGHT AND LEVEL,DRY,NO DEFECTS,ON SCENE,NO INJURY / DRIVE AWAY,Y,,,"OVER $1,500",3/13/2022 8:46,UNABLE TO DETERMINE,NOT APPLICABLE,6900,S,CAMPBELL AVE,832,,,,,,,2,NO INDICATION OF INJURY,0,0,0,0,0,5,0,8,1,3,41.7682033,-87.68592921,POINT (-87.685929209638 41.768203300263)
d307af09d0d860ba5e5dfb61975c4b911f99559fbbc3b10558c7a340323925f4582c8282bea97ce79c1965709fe25a846badeb04b2f1b0757d0788e8a083c292,JF174054,Y,3/13/2022 22:00,30,NO CONTROLS,NO CONTROLS,UNKNOWN,UNKNOWN,PARKED MOTOR VEHICLE,ONE-WAY,,STRAIGHT AND LEVEL,UNKNOWN,UNKNOWN,NOT ON SCENE (DESK REPORT),NO INJURY / DRIVE AWAY,,,Y,"OVER $1,500",3/14/2022 21:00,UNABLE TO DETERMINE,UNABLE TO DETERMINE,4933,N,AVERS AVE,1712,,,,,,,2,NO INDICATION OF INJURY,0,0,0,0,0,1,0,22,1,3,41.97110133,-87.72433382,POINT (-87.724333823707 41.97110132485)
5f39a89095d7b238582b7c82faa0bc1d99ce5a9caf170f2aa6ab1e366f5b6864bbb5aae8d6e40f6dca06fdbe80e2c1c2f0bc225da5164caf546541be1e525358,JF164947,Y,3/6/2022 7:50,15,NO CONTROLS,NO CONTROLS,CLEAR,DAYLIGHT,PARKED MOTOR VEHICLE,PARKING LOT,,STRAIGHT AND LEVEL,DRY,UNKNOWN,NOT ON SCENE (DESK REPORT),NO INJURY / DRIVE AWAY,,,Y,"$501 - $1,500",3/6/2022 9:20,UNABLE TO DETERMINE,NOT APPLICABLE,8331,S,HOLLAND RD,622,,,,,,,2,NO INDICATION OF INJURY,0,0,0,0,0,1,0,7,1,3,41.74241099,-87.63186619,POINT (-87.631866191147 41.742410993367)
146d7ba12f165dcdd45cc88ee9e82b421b330e1005edbcf3d79a4fbfa6d76ce87f2c9c40369dd4e6af05366d9ef491d13b96e199f1b822c70dfa101d6fad89b8,JC237652,,4/25/2019 10:40,30,NO CONTROLS,NO CONTROLS,CLEAR,DAYLIGHT,REAR END,NOT DIVIDED,,STRAIGHT AND LEVEL,DRY,NO DEFECTS,,NO INJURY / DRIVE AWAY,,,,"OVER $1,500",4/25/2019 11:00,FOLLOWING TOO CLOSELY,NOT APPLICABLE,801,W,76TH ST,621,,,,,,,2,NO INDICATION OF INJURY,0,0,0,0,0,2,0,10,5,4,41.75598656,-87.64426531,POINT (-87.644265313706 41.755986564007)
71a3389d4c90b27971cc71a7a3ba734e19745e3abfe68ce1630fa4b8f905c1e8b418c49cd3bef25ef9559cc5e637ea442cbdfea7a25af6be309db1bf30ab445d,JD199973,,4/1/2020 21:15,5,NO CONTROLS,NO CONTROLS,CLEAR,DARKNESS,PARKED MOTOR VEHICLE,PARKING LOT,,STRAIGHT AND LEVEL,DRY,NO DEFECTS,,NO INJURY / DRIVE AWAY,,,Y,"OVER $1,500",4/1/2020 21:16,"OPERATING VEHICLE IN ERRATIC, RECKLESS, CARELESS, NEGLIGENT OR AGGRESSIVE MANNER",UNABLE TO DETERMINE,499,S,KOSTNER AVE,1131,,,,,,,2,NO INDICATION OF INJURY,0,0,0,0,0,1,0,21,4,4,41.87428073,-87.73509672,POINT (-87.735096723816 41.874280733946)
69191c319a55f9e1dbb1f3cfc6634e76fd7a0825c58e19de9b003926f4c3c69ab5c1aea0b8f244f6e9a5a529fb17816a4370da253ecb05110f0e1635d91786d6,JF187044,,3/26/2022 1:30,30,NO CONTROLS,NO CONTROLS,UNKNOWN,"DARKNESS, LIGHTED ROAD",PARKED MOTOR VEHICLE,NOT DIVIDED,,STRAIGHT AND LEVEL,UNKNOWN,NO DEFECTS,ON SCENE,INJURY AND / OR TOW DUE TO CRASH,,,Y,"OVER $1,500",3/26/2022 9:11,UNABLE TO DETERMINE,UNABLE TO DETERMINE,6632,S,RACINE AVE,724,,,,,,,2,NO INDICATION OF INJURY,0,0,0,0,0,1,0,1,7,3,41.77315641,-87.65447429,POINT (-87.654474285501 41.773156413902)
7232282f3be60806159c0e64ff0027f2cd4b16bbe04f48529532dc89b794b74845fcd2160d1dd8c2cf482e31692996e50bdb6d8b29de91f82f1b9f1bf0d40a55,JF180714,,3/20/2022 19:00,15,NO CONTROLS,NO CONTROLS,CLEAR,DUSK,PARKED MOTOR VEHICLE,PARKING LOT,,STRAIGHT AND LEVEL,DRY,NO DEFECTS,NOT ON SCENE (DESK REPORT),NO INJURY / DRIVE AWAY,,Y,,$500 OR LESS,3/20/2022 19:25,UNABLE TO DETERMINE,NOT APPLICABLE,318,S,THROOP ST,1231,,,,,,,2,NO INDICATION OF INJURY,0,0,0,0,0,1,0,19,1,3,41.87717774,-87.65958101,POINT (-87.65958101419 41.877177743927)
16aa01474b74c5df17371e7fbf4788c5ec0109a9cdabf62a75fcd874522d51ed755b43e2a86bc036a58872bebbe22e33ea166a4dd5d0e48f56040abcbed77698,JF150901,,2/20/2022 22:15,20,NO CONTROLS,NO CONTROLS,CLEAR,"DARKNESS, LIGHTED ROAD",REAR END,NOT DIVIDED,,STRAIGHT ON GRADE,DRY,NO DEFECTS,NOT ON SCENE (DESK REPORT),NO INJURY / DRIVE AWAY,,,,"$501 - $1,500",2/20/2022 22:25,UNABLE TO DETERMINE,UNABLE TO DETERMINE,2100,E,103RD ST,431,,,,,,,2,NO INDICATION OF INJURY,0,0,0,0,0,2,0,22,1,2,41.70807305,-87.57386257,POINT (-87.573862566855 41.708073049807)
74b33f522dc17674b5ab85c1dc06d255a4a724bed76def9f91143ab233549b43b9d6007df06c0b0c306e0f799bb981345fc6950bbef9ec1daf0f9f1bbe57e442,JF180032,,3/20/2022 2:55,30,STOP SIGN/FLASHER,FUNCTIONING PROPERLY,CLEAR,"DARKNESS, LIGHTED ROAD",REAR END,DIVIDED - W/MEDIAN (NOT RAISED),,STRAIGHT AND LEVEL,DRY,NO DEFECTS,ON SCENE,INJURY AND / OR TOW DUE TO CRASH,,,,"OVER $1,500",3/20/2022 2:55,UNDER THE INFLUENCE OF ALCOHOL/DRUGS (USE WHEN ARREST IS EFFECTED),UNDER THE INFLUENCE OF ALCOHOL/DRUGS (USE WHEN ARREST IS EFFECTED),630,E,83RD ST,631,,,,,,,2,NO INDICATION OF INJURY,0,0,0,0,0,4,0,2,1,3,41.74401863,-87.60873395,POINT (-87.608733953527 41.744018634463)
171903f2e3a6e6ba33b8fec27a063919bb3aca0906fde328098790c7c70b350f84352577b40b7ba8cd66e7064dd50b91a2a60b668daf5d303ba61fbf5265f2e6,JF150457,,2/20/2022 13:40,30,NO CONTROLS,NO CONTROLS,CLEAR,DAYLIGHT,REAR END,NOT DIVIDED,,STRAIGHT AND LEVEL,DRY,NO DEFECTS,NOT ON SCENE (DESK REPORT),NO INJURY / DRIVE AWAY,,,,"$501 - $1,500",2/20/2022 14:04,NOT APPLICABLE,NOT APPLICABLE,4800,S,WESTERN AVE,922,,,,,,,2,NO INDICATION OF INJURY,0,0,0,0,0,2,0,13,1,2,41.80656511,-87.6845167,POINT (-87.684516696523 41.806565108314)
7502a95cf69aa29f8c05e36c0e67742317824f7b72bdf202a8a1ea6c0dbe0eaf42f11738c6a0938cf64d44149116939e6208f13084cfea8d336bf758a901d820,JF181506,,3/20/2022 14:04,10,NO CONTROLS,NO CONTROLS,CLEAR,DAYLIGHT,PARKED MOTOR VEHICLE,PARKING LOT,,STRAIGHT AND LEVEL,DRY,NO DEFECTS,ON SCENE,NO INJURY / DRIVE AWAY,,,Y,"$501 - $1,500",3/20/2022 14:10,FAILING TO YIELD RIGHT-OF-WAY,NOT APPLICABLE,7633,S,JEFFERY BLVD,414,,,,,,,2,NO INDICATION OF INJURY,0,0,0,0,0,1,0,14,1,3,41.75606758,-87.57593691,POINT (-87.575936912507 41.756067574527)
1873015bd020729bd1b2068784a5eb82648f8e8c3a8d36cea91534884b5ab15bb05d2704bf5096c6b87f4b2bcd81cf3a9ea1d5c458e0b93b5cbb65d7782eff08,JF157983,,2/27/2022 17:55,10,NO CONTROLS,NO CONTROLS,CLEAR,"DARKNESS, LIGHTED ROAD",FIXED OBJECT,PARKING LOT,,STRAIGHT AND LEVEL,DRY,NO DEFECTS,ON SCENE,INJURY AND / OR TOW DUE TO CRASH,,,Y,"OVER $1,500",2/27/2022 18:28,"OPERATING VEHICLE IN ERRATIC, RECKLESS, CARELESS, NEGLIGENT OR AGGRESSIVE MANNER",UNABLE TO DETERMINE,325,S,CICERO AVE,1131,Y,,,,,,1,NONINCAPACITATING INJURY,1,0,0,1,0,1,0,17,1,2,41.87595151,-87.74495664,POINT (-87.744956641911 41.875951513388)
189af0d5fa1b8ee05794c3758779c6da26e78cd06d3a4872f2e55f67b2db64c1199f406d44e20c8c999881e398789feb3f83682faaaf5c2ab22e20c50187ff1c,JC560650,,12/26/2019 6:43,25,NO CONTROLS,NO CONTROLS,RAIN,DAWN,PEDESTRIAN,NOT DIVIDED,,STRAIGHT AND LEVEL,WET,NO DEFECTS,,NO INJURY / DRIVE AWAY,,,Y,$500 OR LESS,12/26/2019 11:00,NOT APPLICABLE,NOT APPLICABLE,2512,S,BLUE ISLAND AVE,1034,,,,,,,2,NO INDICATION OF INJURY,0,0,0,0,0,2,0,6,5,12,41.84687533,-87.68041088,POINT (-87.680410877859 41.846875325198)
6c723cfa1132b135762c965a24d7702f68290ead870305a9d09b39e6562ce7d18dcb49e08435a581c88c23318e7871f4e4c70413588af6205abb1da3cbd96392,JF186806,,3/26/2022 0:29,30,TRAFFIC SIGNAL,FUNCTIONING PROPERLY,CLEAR,"DARKNESS, LIGHTED ROAD",TURNING,NOT DIVIDED,,STRAIGHT AND LEVEL,DRY,NO DEFECTS,ON SCENE,INJURY AND / OR TOW DUE TO CRASH,Y,,,"OVER $1,500",3/26/2022 0:31,IMPROPER TURNING/NO SIGNAL,IMPROPER LANE USAGE,2600,W,CHICAGO AVE,1211,,,,,,,2,NONINCAPACITATING INJURY,1,0,0,1,0,4,0,0,7,3,41.89580829,-87.69190239,POINT (-87.691902389156 41.895808291345)
186668bebf297bbda3c17df6bcd1312bc7aeea771c23fef72a72de3a4b2b7b2e75bc680d67e50351e87bef98d838dc78407a16e067072d5b67250f8e1b690e5d,JF150278,,2/20/2022 10:20,25,TRAFFIC SIGNAL,FUNCTIONING PROPERLY,CLEAR,DAYLIGHT,TURNING,FOUR WAY,,STRAIGHT AND LEVEL,DRY,NO DEFECTS,ON SCENE,INJURY AND / OR TOW DUE TO CRASH,Y,,,"OVER $1,500",2/20/2022 10:20,FAILING TO YIELD RIGHT-OF-WAY,FAILING TO YIELD RIGHT-OF-WAY,1746,W,FULLERTON AVE,1931,,,,,,,2,NO INDICATION OF INJURY,0,0,0,0,0,3,0,10,1,2,41.92520345,-87.67252315,POINT (-87.672523154459 41.925203446817)