CRASH_RECORD_ID,RD_NO,CRASH_DATE_EST_I,CRASH_DATE,POSTED_SPEED_LIMIT,TRAFFIC_CONTROL_DEVICE,DEVICE_CONDITION,WEATHER_CONDITION,LIGHTING_CONDITION,FIRST_CRASH_TYPE,TRAFFICWAY_TYPE,LANE_CNT,ALIGNMENT,ROADWAY_SURFACE_COND,ROAD_DEFECT,REPORT_TYPE,CRASH_TYPE,INTERSECTION_RELATED_I,NOT_RIGHT_OF_WAY_I,HIT_AND_RUN_I,DAMAGE,DATE_POLICE_NOTIFIED,PRIM_CONTRIBUTORY_CAUSE,SEC_CONTRIBUTORY_CAUSE,STREET_NO,STREET_DIRECTION,STREET_NAME,BEAT_OF_OCCURRENCE,PHOTOS_TAKEN_I,STATEMENTS_TAKEN_I,DOORING_I,WORK_ZONE_I,WORK_ZONE_TYPE,WORKERS_PRESENT_I,NUM_UNITS,MOST_SEVERE_INJURY,INJURIES_TOTAL,INJURIES_FATAL,INJURIES_INCAPACITATING,INJURIES_NON_INCAPACITATING,INJURIES_REPORTED_NOT_EVIDENT,INJURIES_NO_INDICATION,INJURIES_UNKNOWN,CRASH_HOUR,CRASH_DAY_OF_WEEK,CRASH_MONTH,LATITUDE,LONGITUDE,LOCATION
188008e632a7dfa611b57ed542ef6b18286139891cdbe28efffd35f98d721cfe0bcba8841bc72a8f6ccdce636ad1894c3159196ed674c4eef4894d9b5c5f6ac3,JF150564,,2/20/2022 15:15,30,NO CONTROLS,NO CONTROLS,CLEAR,DAYLIGHT,ANGLE,DIVIDED - W/MEDIAN (NOT RAISED),,STRAIGHT AND LEVEL,DRY,NO DEFECTS,NOT ON SCENE (DESK REPORT),NO INJURY / DRIVE AWAY,,,Y,"OVER $1,500",2/20/2022 15:45,UNABLE TO DETERMINE,UNABLE TO DETERMINE,1402,N,PULASKI RD,2534,,,,,,,2,NO INDICATION OF INJURY,0,0,0,0,0,2,0,15,1,2,41.9063099,-87.72655811,POINT (-87.726558109886 41.906309898814)
19ae62c691be488c31b502ac18e2ed1d7ef45347cf2c7770eb0fe956985968630affc632767767e78cef10f84617c65edc0c9978fb9cc738f701c46da48ab68b,JF158040,,2/27/2022 18:54,30,TRAFFIC SIGNAL,FUNCTIONING PROPERLY,CLEAR,"DARKNESS, LIGHTED ROAD",TURNING,DIVIDED - W/MEDIAN (NOT RAISED),,STRAIGHT AND LEVEL,DRY,UNKNOWN,NOT ON SCENE (DESK REPORT),NO INJURY / DRIVE AWAY,,,,"$501 - $1,500",2/27/2022 20:00,UNABLE TO DETERMINE,UNABLE TO DETERMINE,6199,N,KEDZIE AVE,2413,,,,,,,2,NO INDICATION OF INJURY,0,0,0,0,0,3,0,18,1,2,41.99380861,-87.70909093,POINT (-87.709090924821 41.993808607152)
18d0a54b3938bdf677a718b993e763f38f52bfcd6c170bb902ac0e84010286b5c43ac5866125d55e6524a6469f5dda49ed70d3eaa5def25b38cd1d9d45d730fc,JF150710,Y,2/20/2022 17:00,30,TRAFFIC SIGNAL,FUNCTIONING PROPERLY,CLOUDY/OVERCAST,UNKNOWN,ANGLE,NOT DIVIDED,,STRAIGHT AND LEVEL,UNKNOWN,UNKNOWN,NOT ON SCENE (DESK REPORT),NO INJURY / DRIVE AWAY,,,Y,"OVER $1,500",2/20/2022 17:15,UNABLE TO DETERMINE,NOT APPLICABLE,3959,W,CHICAGO AVE,1112,,,,,,,2,NO INDICATION OF INJURY,0,0,0,0,0,2,0,17,1,2,41.89525854,-87.72601753,POINT (-87.726017533334 41.895258539548)
d6cc6c96d7eb7af10c2c0bd581c76e018b356e37035b2210b9a60a69267a87696280f607adcd17eb9980921d4716264e051bb66b2900f5aae8c4d9bbc9be69a0,JF177213,Y,3/13/2022 23:45,20,NO CONTROLS,NO CONTROLS,CLEAR,"DARKNESS, LIGHTED ROAD",PARKED MOTOR VEHICLE,ONE-WAY,,STRAIGHT AND LEVEL,DRY,NO DEFECTS,NOT ON SCENE (DESK REPORT),NO INJURY / DRIVE AWAY,,,Y,"OVER $1,500",3/17/2022 15:25,PHYSICAL CONDITION OF DRIVER,UNABLE TO DETERMINE,8822,S,BURLEY AVE,424,,,,,,,2,NO INDICATION OF INJURY,0,0,0,0,0,1,0,23,1,3,41.73490421,-87.54592445,POINT (-87.545924452797 41.734904209009)
76c472fa4e181498ca6916d8ead2f9177d6d2076b73a4266a90b6e995d9d9059cbbd3566540094e4be70b366cef9770f812bed5911a06f98fc4dde1918e56443,JF180574,,3/20/2022 16:28,20,NO CONTROLS,NO CONTROLS,CLEAR,DAYLIGHT,PEDESTRIAN,ONE-WAY,,STRAIGHT AND LEVEL,DRY,NO DEFECTS,ON SCENE,INJURY AND / OR TOW DUE TO CRASH,,,Y,"OVER $1,500",3/20/2022 16:28,UNABLE TO DETERMINE,UNABLE TO DETERMINE,3025,N,OAKLEY AVE,1931,,,,,,,2,NONINCAPACITATING INJURY,1,0,0,1,0,1,0,16,1,3,41.93659037,-87.68541287,POINT (-87.68541287424 41.936590372344)
6111b5f69bd1042f20c0a9702e73f095ce0c9e5a5b528ff8afc144e91f5ab595ad5024dc49ced7e4634c374bb96d31506fd3d2d34e158442437741ef7636225e,JF164989,,3/6/2022 9:55,30,TRAFFIC SIGNAL,FUNCTIONING PROPERLY,CLEAR,DAYLIGHT,SIDESWIPE SAME DIRECTION,ONE-WAY,,STRAIGHT AND LEVEL,DRY,NO DEFECTS,ON SCENE,NO INJURY / DRIVE AWAY,,,Y,"$501 - $1,500",3/6/2022 10:03,IMPROPER OVERTAKING/PASSING,UNABLE TO DETERMINE,140,W,ONTARIO ST,1832,,,,,,,2,NO INDICATION OF INJURY,0,0,0,0,0,2,0,9,1,3,41.89331613,-87.63271569,POINT (-87.632715689553 41.893316134428)
1a074e2b37eff54146ce63d2b238c28ce82163802446eca1c4633ea74ba37eecff795853350167a17ff5ef3e8fc10bdd7cf25431c8cbea4eb2bea2c325989eaa,JF151712,Y,2/20/2022 3:00,30,NO CONTROLS,NO CONTROLS,UNKNOWN,"DARKNESS, LIGHTED ROAD",PARKED MOTOR VEHICLE,ONE-WAY,,STRAIGHT AND LEVEL,UNKNOWN,UNKNOWN,NOT ON SCENE (DESK REPORT),NO INJURY / DRIVE AWAY,,,Y,"OVER $1,500",2/21/2022 17:45,UNABLE TO DETERMINE,UNABLE TO DETERMINE,4347,W,LEXINGTON ST,1131,,,,,,,2,NO INDICATION OF INJURY,0,0,0,0,0,1,0,3,1,2,41.87145193,-87.73457718,POINT (-87.734577176398 41.871451934344)
1a7a907566f31555fbdcbb1353f7d0393ea95cab1473d0efbd9c2cfc578b9464d1ff6ae142673249ee5e1080573e7e9796d3c47e66a71dee498804f04ffabd2d,JF150767,,2/20/2022 18:20,25,TRAFFIC SIGNAL,FUNCTIONING PROPERLY,CLEAR,DUSK,REAR END,NOT DIVIDED,,STRAIGHT AND LEVEL,DRY,NO DEFECTS,NOT ON SCENE (DESK REPORT),NO INJURY / DRIVE AWAY,,,,"$501 - $1,500",2/20/2022 19:30,FOLLOWING TOO CLOSELY,FOLLOWING TOO CLOSELY,5301,S,HARLEM AVE,811,,,,,,,2,NO INDICATION OF INJURY,0,0,0,0,0,2,0,18,1,2,41.79568805,-87.80145967,POINT (-87.801459670523 41.795688052768)
d82e1aef64216dbea6a99f80fe905623b8a8e6d58777bc0cb544d7373056d23adb336b44f29dc24dbe817a4b2d463a945a2eabd75b2caeb9bc0a64e2baa54032,JF172735,N,3/13/2022 15:30,30,NO CONTROLS,NO CONTROLS,CLEAR,DAYLIGHT,PARKED MOTOR VEHICLE,ONE-WAY,,STRAIGHT AND LEVEL,DRY,NO DEFECTS,ON SCENE,NO INJURY / DRIVE AWAY,,,Y,"OVER $1,500",3/13/2022 16:51,UNABLE TO DETERMINE,UNABLE TO DETERMINE,4828,N,AVERS AVE,1712,,,,,,,2,NO INDICATION OF INJURY,0,0,0,0,0,1,0,15,1,3,41.9692441,-87.72457751,POINT (-87.724577507151 41.969244101779)
6333b3357e7734450d4cf5c18b060fb4e18fa39c6989e0749f9c93739aa1e0e865913ef1b932d7cb74b62873c80c8a21e346538cad32738eabb2d23449681d21,JF165410,,3/6/2022 17:35,35,TRAFFIC SIGNAL,FUNCTIONING PROPERLY,CLEAR,"DARKNESS, LIGHTED ROAD",FIXED OBJECT,DIVIDED - W/MEDIAN (NOT RAISED),,STRAIGHT AND LEVEL,DRY,NO DEFECTS,ON SCENE,INJURY AND / OR TOW DUE TO CRASH,,Y,,"OVER $1,500",3/6/2022 17:44,EQUIPMENT - VEHICLE CONDITION,DRIVING SKILLS/KNOWLEDGE/EXPERIENCE,7455,S,PULASKI RD,833,,,,,,,1,NO INDICATION OF INJURY,0,0,0,0,0,2,0,17,1,3,41.75691376,-87.72202831,POINT (-87.722028313691 41.756913760587)
7977892418d2a38663693ecdf4ec68faf05db373351a7e49494eb6499368743f383820fdf9d93f6adbefb407b35c333f77745be2a056c406adacae4c372d7ee7,JF180831,,3/20/2022 21:26,30,NO CONTROLS,NO CONTROLS,CLEAR,"DARKNESS, LIGHTED ROAD",PARKED MOTOR VEHICLE,ONE-WAY,,STRAIGHT AND LEVEL,DRY,UNKNOWN,ON SCENE,NO INJURY / DRIVE AWAY,,,Y,"$501 - $1,500",3/20/2022 21:46,IMPROPER BACKING,NOT APPLICABLE,60,E,OHIO ST,1834,,,,,,,2,NO INDICATION OF INJURY,0,0,0,0,0,1,0,21,1,3,41.89262531,-87.6257263,POINT (-87.62572630042 41.89262530563)
1d2a7e057c2a1039bcbd3c11bbd6046c9dbb1da7a5bb83a81b0bcdb975509c0f80bdaadb744071f344fbd0b321658729404e72c288b80b3c16313ddff4134a86,JF158798,,2/27/2022 18:00,30,NO CONTROLS,NO CONTROLS,CLEAR,DAYLIGHT,PARKED MOTOR VEHICLE,NOT DIVIDED,,STRAIGHT AND LEVEL,DRY,NO DEFECTS,NOT ON SCENE (DESK REPORT),NO INJURY / DRIVE AWAY,,,,"OVER $1,500",2/28/2022 15:35,UNABLE TO DETERMINE,UNABLE TO DETERMINE,3344,S,MORGAN ST,913,,,,,,,2,NO INDICATION OF INJURY,0,0,0,0,0,1,0,18,1,2,41.83311321,-87.65117128,POINT (-87.651171278029 41.833113213185)
7a2cdcdafdbfb04b701ed22d2c1ee0f90fd9ecc9e9a045fce29d30dee47a73dcf2507a8d690387120ca557081e13864e87ff9ac9986083fb4ef6a0a9afb67888,JF180646,Y,3/20/2022 17:30,30,TRAFFIC SIGNAL,FUNCTIONING PROPERLY,CLEAR,DAYLIGHT,TURNING,DIVIDED - W/MEDIAN (NOT RAISED),,STRAIGHT AND LEVEL,DRY,NO DEFECTS,NOT ON SCENE (DESK REPORT),NO INJURY / DRIVE AWAY,,,Y,"OVER $1,500",3/20/2022 18:00,NOT APPLICABLE,UNABLE TO DETERMINE,1400,S,HALSTED ST,1232,,,,,,,2,NO INDICATION OF INJURY,0,0,0,0,0,2,0,17,1,3,41.86352514,-87.64695668,POINT (-87.646956674734 41.863525140538)
1ca0ad465edc872ae661ea550793b17887c687c4373b398862761f3b5cc16ed5065c68b9b97e581775845dc75403722270839547daf1c318e14a32f2afed0678,JF150863,,2/20/2022 21:16,30,STOP SIGN/FLASHER,FUNCTIONING PROPERLY,CLEAR,"DARKNESS, LIGHTED ROAD",ANGLE,NOT DIVIDED,,STRAIGHT AND LEVEL,DRY,NO DEFECTS,ON SCENE,NO INJURY / DRIVE AWAY,Y,,,"OVER $1,500",2/20/2022 21:20,UNABLE TO DETERMINE,NOT APPLICABLE,5301,S,WESTERN AVE,923,,,,,,,2,NO INDICATION OF INJURY,0,0,0,0,0,2,0,21,1,2,41.79739866,-87.68397963,POINT (-87.683979629186 41.79739866337)
74b9584e4f9ef093264fb5b95c0a333ba8e1ccca46c9b7be87dd1181399b56e2fb38cd0daf50148b98cad335ab9d6b1cbdb2a1808085ebecde4f8b954faf1e3c,JE366096,Y,9/7/2021 16:00,15,NO CONTROLS,NO CONTROLS,UNKNOWN,UNKNOWN,PARKED MOTOR VEHICLE,PARKING LOT,,STRAIGHT AND LEVEL,DRY,NO DEFECTS,,NO INJURY / DRIVE AWAY,,Y,Y,"$501 - $1,500",9/8/2021 14:50,UNABLE TO DETERMINE,NOT APPLICABLE,5815,W,MADISON ST,1513,,,,,,,2,NO INDICATION OF INJURY,0,0,0,0,0,1,0,16,3,9,41.88004637,-87.77041144,POINT (-87.770411435376 41.880046365483)
7c9a5e73a47cd6191822f2a4d7bf2fb0ffcf6d903b09b94ec72d7435da6ee564696a0f6bc5f9098c70923dab5daaf8216043bcae913487fd3669911ca42d7e3c,JF180247,,3/20/2022 10:50,35,STOP SIGN/FLASHER,FUNCTIONING PROPERLY,CLEAR,DAYLIGHT,ANGLE,FOUR WAY,,STRAIGHT AND LEVEL,DRY,UNKNOWN,ON SCENE,INJURY AND / OR TOW DUE TO CRASH,Y,,,"OVER $1,500",3/20/2022 10:56,FAILING TO YIELD RIGHT-OF-WAY,UNABLE TO DETERMINE,3232,W,IRVING PARK RD,1724,,,,,,,2,NO INDICATION OF INJURY,0,0,0,0,0,5,0,10,1,3,41.95401891,-87.70938286,POINT (-87.709382863305 41.954018912188)
654bcf064c48c37ab37ca6b295549f8c841e5c468f3844ae3d2fd8bb4147542608067a02c7fa31a5f4d1bf7ac30cfb3448878898d3e753014bcdbbb029a715f8,JF164984,,3/6/2022 9:36,25,NO CONTROLS,NO CONTROLS,CLEAR,DAYLIGHT,FIXED OBJECT,NOT DIVIDED,,STRAIGHT AND LEVEL,DRY,NO DEFECTS,ON SCENE,NO INJURY / DRIVE AWAY,,Y,Y,"OVER $1,500",3/6/2022 9:57,UNABLE TO DETERMINE,UNABLE TO DETERMINE,7555,S,DR MARTIN LUTHER KING JR DR,624,,,,,,,1,NO INDICATION OF INJURY,0,0,0,0,0,1,0,9,1,3,41.75678945,-87.61494067,POINT (-87.614940666712 41.756789445976)
7cc5e152c247b3c5de1ed779314514dac293b5b21dbca7b41d5d7b39c2fdfe4fb0398dce4825179dbef588b4324bf3ffcd099d3c62486e6082dd17d8bf54cd08,JF181429,,3/20/2022 19:00,30,UNKNOWN,UNKNOWN,UNKNOWN,UNKNOWN,SIDESWIPE OPPOSITE DIRECTION,NOT DIVIDED,,STRAIGHT AND LEVEL,UNKNOWN,UNKNOWN,NOT ON SCENE (DESK REPORT),NO INJURY / DRIVE AWAY,,,Y,"$501 - $1,500",3/21/2022 13:00,UNABLE TO DETERMINE,NOT APPLICABLE,1609,N,HOYNE AVE,1434,,,,,,,2,NO INDICATION OF INJURY,0,0,0,0,0,2,0,19,1,3,41.91074651,-87.67984818,POINT (-87.679848182617 41.910746510619)
dc56f17015239d4bf3348c0cc0c088f0f30495030cb8ea10d841c1f37c3c2e8bbe2dd76e5156b955598674aac57dd319ddf595de4dd27a1b45fc10ccd48210aa,JF172174,Y,3/13/2022 3:35,30,UNKNOWN,UNKNOWN,UNKNOWN,"DARKNESS, LIGHTED ROAD",PARKED MOTOR VEHICLE,DIVIDED - W/MEDIAN (NOT RAISED),,STRAIGHT AND LEVEL,UNKNOWN,UNKNOWN,ON SCENE,NO INJURY / DRIVE AWAY,,,Y,"OVER $1,500",3/13/2022 3:50,"OPERATING VEHICLE IN ERRATIC, RECKLESS, CARELESS, NEGLIGENT OR AGGRESSIVE MANNER",NOT APPLICABLE,2558,N,ASHLAND AVE,1931,N,,,,,,2,NO INDICATION OF INJURY,0,0,0,0,0,1,0,3,1,3,41.92868241,-87.66841493,POINT (-87.668414927822 41.928682408679)
1f86bcd0d38e41c44373a0b3197669ad39625c8d028f28f8769619c2b4a57f8719909bdc4ccd7a1801b16e4c9cfaa6e9c1330af6ec48f537f55aa0b18a18ca8e,JD162564,,2/21/2020 17:00,30,TRAFFIC SIGNAL,UNKNOWN,UNKNOWN,UNKNOWN,TURNING,FOUR WAY,,STRAIGHT AND LEVEL,UNKNOWN,UNKNOWN,,NO INJURY / DRIVE AWAY,Y,,,"OVER $1,500",2/23/2020 21:20,IMPROPER TURNING/NO SIGNAL,NOT APPLICABLE,2200,S,INDIANA AVE,132,N,N,,,,,2,NO INDICATION OF INJURY,0,0,0,0,0,2,0,17,6,2,41.85279513,-87.62241541,POINT (-87.622415408801 41.852795124645)
665e8101dbea19e8f6a636d349df87f969544854c2b897f0097d4fee73dcb2de4204df83d9c1d9b566da13ca440eb59dea9ce29c025b858f54a3fec6a305a807,JE252828,,6/3/2021 20:32,35,STOP SIGN/FLASHER,FUNCTIONING PROPERLY,CLEAR,DUSK,ANGLE,UNKNOWN INTERSECTION TYPE,,STRAIGHT AND LEVEL,DRY,SHOULDER DEFECT,,NO INJURY / DRIVE AWAY,Y,,Y,"$501 - $1,500",6/3/2021 20:39,DISREGARDING STOP SIGN,DRIVING SKILLS/KNOWLEDGE/EXPERIENCE,2637,E,77TH ST,421,,,,,,,2,NO INDICATION OF INJURY,0,0,0,0,0,2,0,20,5,6,41.75532942,-87.56005527,POINT (-87.560055273155 41.75532941524)
dc57b167ebfe1e88052364490fa57de0774b2f486aaa1798d4aeec05865d8be8b7447af6fb300c6d81e15aaf11a59abbdf60dbd0d331ad68c582593d9ba6106f,JE356819,,8/31/2021 15:59,30,NO CONTROLS,NO CONTROLS,CLEAR,DAYLIGHT,ANGLE,DIVIDED - W/MEDIAN BARRIER,,STRAIGHT AND LEVEL,DRY,NO DEFECTS,,INJURY AND / OR TOW DUE TO CRASH,Y,,,"$501 - $1,500",8/31/2021 16:38,UNABLE TO DETERMINE,UNABLE TO DETERMINE,1634,S,KEDZIE AVE,1022,,,,,,,2,NO INDICATION OF INJURY,0,0,0,0,0,2,0,15,3,8,41.85802537,-87.70557757,POINT (-87.705577569643 41.858025366906)
7d9bc39d438936d9eee30027293e0e7173091e37912e1a47b798164acdaa1954616cbe7574a70e9d6a82b798fe6a7c2a18a5cc660bb7403193c4be9ca2d6e368,JF182536,,3/20/2022 8:00,30,TRAFFIC SIGNAL,FUNCTIONING PROPERLY,CLEAR,DAYLIGHT,REAR END,NOT DIVIDED,,STRAIGHT AND LEVEL,DRY,NO DEFECTS,NOT ON SCENE (DESK REPORT),NO INJURY / DRIVE AWAY,,,Y,"OVER $1,500",3/22/2022 11:33,IMPROPER BACKING,UNABLE TO DETERMINE,2800,S,HALSTED ST,913,,,,,,,2,NO INDICATION OF INJURY,0,0,0,0,0,2,0,8,1,3,41.843415,-87.64655667,POINT (-87.646556671363 41.843414996486)
1fde6b929294e23114a0c992efd4e5a6e1264cfae8d064b94f93bf8e2c4527289604843b160d71b4905695924d85ba3789481984a309541f3cb56e96654b359e,JF150243,,2/20/2022 9:00,30,NO CONTROLS,NO CONTROLS,CLEAR,DAYLIGHT,PARKED MOTOR VEHICLE,NOT DIVIDED,,STRAIGHT AND LEVEL,SNOW OR SLUSH,NO DEFECTS,ON SCENE,NO INJURY / DRIVE AWAY,,,Y,"OVER $1,500",2/20/2022 9:15,UNABLE TO DETERMINE,NOT APPLICABLE,2046,W,HOOD AVE,2413,,,,,,,2,NO INDICATION OF INJURY,0,0,0,0,0,1,0,9,1,2,41.99316522,-87.68176946,POINT (-87.681769457159 41.993165217621)
de3fd75432b69e6aab0299ad1ff5e9ff67d83e7cf50c7446cf4aefbbba7ca7e98fee93ab5964d928d6bfa3f38b1f39647a7e4ae8f1db16efdd8512c6d1449778,JF172361,Y,3/13/2022 6:30,30,NO CONTROLS,NO CONTROLS,CLEAR,DAYLIGHT,PARKED MOTOR VEHICLE,ONE-WAY,,STRAIGHT AND LEVEL,DRY,UNKNOWN,ON SCENE,NO INJURY / DRIVE AWAY,,,Y,"OVER $1,500",3/13/2022 10:27,UNABLE TO DETERMINE,NOT APPLICABLE,2110,N,MENARD AVE,2515,,,,,,,2,NO INDICATION OF INJURY,0,0,0,0,0,1,0,6,1,3,41.91835118,-87.77079925,POINT (-87.7707992485 41.918351177011)
201de0baf55e416acba3194543bdc8a4f5f182ab504cb507dbac60a412eb62c49812116ef24959725022878bb101e7fb45f0ac46a51ac78818a04c30a994608e,JF150693,,2/20/2022 17:20,25,NO CONTROLS,NO CONTROLS,CLEAR,"DARKNESS, LIGHTED ROAD",ANGLE,NOT DIVIDED,,STRAIGHT AND LEVEL,DRY,NO DEFECTS,NOT ON SCENE (DESK REPORT),NO INJURY / DRIVE AWAY,,,,"$501 - $1,500",2/20/2022 17:45,FAILING TO YIELD RIGHT-OF-WAY,FAILING TO YIELD RIGHT-OF-WAY,6306,S,FRANCISCO AVE,823,,,,,,,2,NO INDICATION OF INJURY,0,0,0,0,0,5,0,17,1,2,41.77881724,-87.69596745,POINT (-87.695967452434 41.778817238227)
205d4a9aad56740aa073c1f127af730cb8c9e23be3bb61db61ef9f3ace6a8a53622451089bafbdfec3fedd266a9d8504d64ed5b5e3d116c3601c864d98a9fdad,JF150098,,2/20/2022 1:56,30,NO CONTROLS,NO CONTROLS,CLEAR,"DARKNESS, LIGHTED ROAD",PARKED MOTOR VEHICLE,NOT DIVIDED,,STRAIGHT AND LEVEL,DRY,NO DEFECTS,ON SCENE,INJURY AND / OR TOW DUE TO CRASH,,,,"OVER $1,500",2/20/2022 1:56,CELL PHONE USE OTHER THAN TEXTING,IMPROPER LANE USAGE,5422,W,DIVISION ST,2532,,,,,,,2,NO INDICATION OF INJURY,0,0,0,0,0,5,0,1,1,2,41.90229284,-87.76190023,POINT (-87.761900225263 41.90229283685)
8009254ddee3aab351126abd218fb42a42b55011aae72f13918a2001e969070fbcaa1b7e584dae79ba29248baedd1e59f16f754deb8726316291f4aa97c9ef1e,JF180202,N,3/20/2022 10:15,30,NO CONTROLS,NO CONTROLS,CLEAR,DAYLIGHT,PARKED MOTOR VEHICLE,NOT DIVIDED,,STRAIGHT AND LEVEL,DRY,NO DEFECTS,ON SCENE,NO INJURY / DRIVE AWAY,,,Y,$500 OR LESS,3/20/2022 10:15,UNABLE TO DETERMINE,UNABLE TO DETERMINE,7105,S,DR MARTIN LUTHER KING JR DR,323,,,,,,,2,NO INDICATION OF INJURY,0,0,0,0,0,1,0,10,1,3,41.76550801,-87.61511224,POINT (-87.615112244304 41.765508014067)
def674025bfefad4c8225ba4d937c5ce1541f35f0c40f288b1b91da707c72859df96c16d1ef2297126d68482c00c3dc707e0201681aa91f4bf042003c3053902,JF172457,,3/13/2022 10:30,20,NO CONTROLS,NO CONTROLS,CLEAR,DAYLIGHT,PARKED MOTOR VEHICLE,ONE-WAY,,STRAIGHT AND LEVEL,DRY,NO DEFECTS,NOT ON SCENE (DESK REPORT),NO INJURY / DRIVE AWAY,,,Y,"OVER $1,500",3/13/2022 12:15,FAILING TO YIELD RIGHT-OF-WAY,UNABLE TO DETERMINE,652,E,90TH ST,633,,,,,,,2,NO INDICATION OF INJURY,0,0,0,0,0,1,0,10,1,3,41.73124566,-87.60746359,POINT (-87.607463584808 41.73124566014)
80580961d6332fb3b4fd2849e4e6c8acd5ec1fc899755309e4cb65bb2b160541e7ca10cdef0bee507dfeee7dc8827f16b5651868f78dec064295122c61349961,JF180605,Y,3/20/2022 13:00,30,NO CONTROLS,NO CONTROLS,CLEAR,DAYLIGHT,PARKED MOTOR VEHICLE,NOT DIVIDED,,STRAIGHT AND LEVEL,DRY,NO DEFECTS,NOT ON SCENE (DESK REPORT),NO INJURY / DRIVE AWAY,,,,"OVER $1,500",3/20/2022 17:30,UNABLE TO DETERMINE,NOT APPLICABLE,3500,N,LAKE SHORE DR,1925,,,,,,,2,NO INDICATION OF INJURY,0,0,0,0,0,1,0,13,1,3,41.94677797,-87.64254095,POINT (-87.642540953432 41.946777967323)
7a99f71e210db58d1faebefe69de886a1a074e57a903396b8270288ae85a6fb6659ab61a5e0800a0863cedc6b1d7ada73fa94f516f9d328857ae1397062f5c82,JF187562,,3/26/2022 18:10,30,NO CONTROLS,NO CONTROLS,CLEAR,"DARKNESS, LIGHTED ROAD",SIDESWIPE OPPOSITE DIRECTION,NOT DIVIDED,,STRAIGHT AND LEVEL,DRY,NO DEFECTS,ON SCENE,NO INJURY / DRIVE AWAY,,,,$500 OR LESS,3/26/2022 18:18,UNABLE TO DETERMINE,NOT APPLICABLE,4542,S,ROCKWELL ST,922,,,,,,,2,NO INDICATION OF INJURY,0,0,0,0,0,2,0,18,7,3,41.81065288,-87.68953621,POINT (-87.689536211705 41.810652878531)
20e37398165cc474bd8c50be4f4f958c466c9e35e384e97b5abcbda24e0ce3aee8e13e9db616d0d4ce69a4fa419886cbdf30402c873ed1b4ad37a7b020ffa464,JF150873,Y,2/20/2022 17:57,30,NO CONTROLS,NO CONTROLS,CLEAR,DARKNESS,OTHER OBJECT,NOT DIVIDED,,STRAIGHT AND LEVEL,DRY,NO DEFECTS,ON SCENE,INJURY AND / OR TOW DUE TO CRASH,,,Y,"OVER $1,500",2/20/2022 18:00,UNABLE TO DETERMINE,UNABLE TO DETERMINE,2016,W,WASHINGTON BLVD,1223,,,,,,,1,NO INDICATION OF INJURY,0,0,0,0,0,1,0,17,1,2,41.88324557,-87.67742153,POINT (-87.677421526147 41.883245568185)
22b7b3db4d69eed3d78d950cf717cfae981df457e66a37e671981baa97d2336fe13040aad6f9b84bb48ca5e04f2eb13f0c3721a9d3c01739b927cad290537982,JF157370,,2/27/2022 2:23,30,NO CONTROLS,NO CONTROLS,CLEAR,DARKNESS,FIXED OBJECT,NOT DIVIDED,,STRAIGHT AND LEVEL,DRY,UNKNOWN,ON SCENE,NO INJURY / DRIVE AWAY,,,Y,"OVER $1,500",2/27/2022 3:41,UNABLE TO DETERMINE,UNABLE TO DETERMINE,9963,S,AVENUE M,432,,,,,,,1,NO INDICATION OF INJURY,0,0,0,0,0,1,0,2,1,2,41.7139677,-87.53754416,POINT (-87.537544155824 41.713967701919)
dff641a40860523b529f10ecd0e296a76b087023289ee799bc2a1a69f0d67fe0e069053910539c30593344c5fc520bdfff73462605e078b0c47ec9bc18429ca2,JF172770,,3/13/2022 17:29,45,YIELD,NO CONTROLS,CLEAR,DAYLIGHT,REAR END,RAMP,,STRAIGHT AND LEVEL,DRY,NO DEFECTS,ON SCENE,INJURY AND / OR TOW DUE TO CRASH,N,,,"OVER $1,500",3/13/2022 17:29,FAILING TO REDUCE SPEED TO AVOID CRASH,FOLLOWING TOO CLOSELY,3180,N,LAKE SHORE DR,1934,,Y,,,,,2,NO INDICATION OF INJURY,0,0,0,0,0,4,0,17,1,3,41.93977619,-87.63865432,POINT (-87.63865431946 41.939776186743)
69e567ebdbcf6d300792534f0b301470c6b50aff0c8fcc2065cb1cfd4b9ef6b661fd866f72c8c289f4b4faac52a3677789c0b59f8d9cd65fdac0fef19180dc2d,JF164874,,3/6/2022 5:30,25,NO CONTROLS,NO CONTROLS,CLEAR,DAWN,FIXED OBJECT,ONE-WAY,,CURVE ON HILLCREST,DRY,NO DEFECTS,ON SCENE,INJURY AND / OR TOW DUE TO CRASH,,,,"OVER $1,500",3/6/2022 5:35,IMPROPER LANE USAGE,DRIVING SKILLS/KNOWLEDGE/EXPERIENCE,1,W,TERMINAL ST,1651,,,,,,,1,NO INDICATION OF INJURY,0,0,0,0,0,2,0,5,1,3,,,
6a706533dba2fe00225134e393ee40ef2cb281555dd0da6237973e2c1c74f4009036f34575b327ef7d69f95f783e3fe2e64e097ce32e31b2e86c3de8e2bfa81d,JF164879,,3/6/2022 6:07,35,TRAFFIC SIGNAL,FUNCTIONING PROPERLY,CLEAR,DAYLIGHT,FIXED OBJECT,DIVIDED - W/MEDIAN BARRIER,,STRAIGHT AND LEVEL,DRY,NO DEFECTS,ON SCENE,INJURY AND / OR TOW DUE TO CRASH,N,,,"OVER $1,500",3/6/2022 6:12,IMPROPER LANE USAGE,"OPERATING VEHICLE IN ERRATIC, RECKLESS, CARELESS, NEGLIGENT OR AGGRESSIVE MANNER",4200,W,MADISON ST,1115,,,,,,,2,NO INDICATION OF INJURY,0,0,0,0,0,2,0,6,1,3,41.88077601,-87.73069838,POINT (-87.730698383664 41.880776007835)