CRASH_RECORD_ID,RD_NO,CRASH_DATE_EST_I,CRASH_DATE,POSTED_SPEED_LIMIT,TRAFFIC_CONTROL_DEVICE,DEVICE_CONDITION,WEATHER_CONDITION,LIGHTING_CONDITION,FIRST_CRASH_TYPE,TRAFFICWAY_TYPE,LANE_CNT,ALIGNMENT,ROADWAY_SURFACE_COND,ROAD_DEFECT,REPORT_TYPE,CRASH_TYPE,INTERSECTION_RELATED_I,NOT_RIGHT_OF_WAY_I,HIT_AND_RUN_I,DAMAGE,DATE_POLICE_NOTIFIED,PRIM_CONTRIBUTORY_CAUSE,SEC_CONTRIBUTORY_CAUSE,STREET_NO,STREET_DIRECTION,STREET_NAME,BEAT_OF_OCCURRENCE,PHOTOS_TAKEN_I,STATEMENTS_TAKEN_I,DOORING_I,WORK_ZONE_I,WORK_ZONE_TYPE,WORKERS_PRESENT_I,NUM_UNITS,MOST_SEVERE_INJURY,INJURIES_TOTAL,INJURIES_FATAL,INJURIES_INCAPACITATING,INJURIES_NON_INCAPACITATING,INJURIES_REPORTED_NOT_EVIDENT,INJURIES_NO_INDICATION,INJURIES_UNKNOWN,CRASH_HOUR,CRASH_DAY_OF_WEEK,CRASH_MONTH,LATITUDE,LONGITUDE,LOCATION
6a97b3301569fe63ee96f3e843773359171d9946e2d8572749f04237674685dbbe6aec28fb3be807c165e5194b6bb0031bbfef28445eab35e58937ea32ccee6d,JF165319,,3/6/2022 14:15,30,TRAFFIC SIGNAL,FUNCTIONING PROPERLY,CLEAR,DAYLIGHT,REAR END,NOT DIVIDED,,STRAIGHT AND LEVEL,DRY,NO DEFECTS,NOT ON SCENE (DESK REPORT),NO INJURY / DRIVE AWAY,,,Y,"OVER $1,500",3/6/2022 16:30,FOLLOWING TOO CLOSELY,UNABLE TO DETERMINE,1000,N,DAMEN AVE,1212,,,,,,,2,NO INDICATION OF INJURY,0,0,0,0,0,3,0,14,1,3,41.89959483,-87.67730374,POINT (-87.677303736498 41.899594831439)
238e738ef2b329a03516d82b7b46188a55150a63411186151d3b9c116e92836e9ea7fc040617310deb52784675f85d90c6aac7e17c6a7d75e18a1e84608babf7,JF157463,Y,2/27/2022 0:30,30,NO CONTROLS,NO CONTROLS,CLEAR,"DARKNESS, LIGHTED ROAD",PARKED MOTOR VEHICLE,DIVIDED - W/MEDIAN (NOT RAISED),,STRAIGHT AND LEVEL,DRY,NO DEFECTS,ON SCENE,INJURY AND / OR TOW DUE TO CRASH,,,Y,"OVER $1,500",2/27/2022 7:28,UNABLE TO DETERMINE,UNABLE TO DETERMINE,331,E,75TH ST,623,,,,,,,2,NO INDICATION OF INJURY,0,0,0,0,0,1,0,0,1,2,41.75826513,-87.61694992,POINT (-87.616949917714 41.758265131464)
230193584ba7f9bb04eb2be5d26263a49a59e6e3185792e8238d21ee9b65957bfb214193d4eda11b11f4068d804b5b39c22c6951d421f2bca00a77dcba3a2962,JF150720,Y,2/20/2022 18:08,25,NO CONTROLS,NO CONTROLS,CLEAR,DUSK,ANGLE,NOT DIVIDED,,STRAIGHT AND LEVEL,DRY,NO DEFECTS,ON SCENE,INJURY AND / OR TOW DUE TO CRASH,,,,"OVER $1,500",2/20/2022 18:08,FAILING TO REDUCE SPEED TO AVOID CRASH,FAILING TO REDUCE SPEED TO AVOID CRASH,7852,S,CONSTANCE AVE,414,,,,,,,4,NO INDICATION OF INJURY,0,0,0,0,0,2,0,18,1,2,41.75181901,-87.57980022,POINT (-87.579800219845 41.751819011884)
2315b9988a9814de6780717703820d9407734c7ca54f8d77fd143506ef28e6458120719df72c5cfac5205b9a63714c0f8b3dc3cbf9564cc06987a7b9caf31ce3,JF151412,,2/20/2022 12:26,30,TRAFFIC SIGNAL,FUNCTIONING PROPERLY,CLEAR,DAYLIGHT,REAR END,NOT DIVIDED,,STRAIGHT AND LEVEL,DRY,NO DEFECTS,NOT ON SCENE (DESK REPORT),NO INJURY / DRIVE AWAY,,,,"OVER $1,500",2/21/2022 13:30,FOLLOWING TOO CLOSELY,UNABLE TO DETERMINE,2940,E,83RD ST,424,,,,,,,2,NO INDICATION OF INJURY,0,0,0,0,0,2,0,12,1,2,41.74475543,-87.55236405,POINT (-87.552364047706 41.744755432006)
232b796164785c0b6588d9ef041d8d164c280a9e57ecae0a9200452698ac3c03dfd81e99a6ccfc61748048791527dd7aff7f8f3ee1de0ae2e60d337f5932ed94,JF151292,Y,2/20/2022 13:00,30,NO CONTROLS,NO CONTROLS,CLEAR,UNKNOWN,PARKED MOTOR VEHICLE,PARKING LOT,,STRAIGHT AND LEVEL,DRY,NO DEFECTS,ON SCENE,NO INJURY / DRIVE AWAY,,,Y,"$501 - $1,500",2/21/2022 12:00,UNABLE TO DETERMINE,UNABLE TO DETERMINE,340,E,132ND ST,533,,,,,,,2,NO INDICATION OF INJURY,0,0,0,0,0,1,0,13,1,2,41.65572134,-87.61333539,POINT (-87.613335386693 41.655721339963)
e0bbdfeb3a843ed0dd1763a8d88e39e4fe60eefb8eb7eafc75d2a644bf561184005ff1a101c3df4e58bc1a2aa942b684578a120ca02edc74cf8f025ba06ffcd4,JF172244,,3/13/2022 5:56,30,NO CONTROLS,NO CONTROLS,CLEAR,"DARKNESS, LIGHTED ROAD",FIXED OBJECT,T-INTERSECTION,,STRAIGHT AND LEVEL,DRY,NO DEFECTS,ON SCENE,INJURY AND / OR TOW DUE TO CRASH,,,,"OVER $1,500",3/13/2022 5:57,UNABLE TO DETERMINE,UNABLE TO DETERMINE,1400,E,79TH ST,411,,,,,,,1,NO INDICATION OF INJURY,0,0,0,0,0,1,0,5,1,3,41.75154777,-87.59056534,POINT (-87.590565339079 41.751547767536)
236fac628259effe4396bbe000cbd1bfcc8d31eb1e063a0a66837cc2414888936fdb451f0cd54c4b861e868d63993e6644dbe7236c023e49bf9c733cb27265a0,JD178234,,3/8/2020 10:30,30,NO CONTROLS,NO CONTROLS,CLEAR,DAYLIGHT,REAR END,NOT DIVIDED,,STRAIGHT AND LEVEL,DRY,NO DEFECTS,,NO INJURY / DRIVE AWAY,,,,"$501 - $1,500",3/8/2020 11:20,UNABLE TO DETERMINE,NOT APPLICABLE,2910,N,WESTERN AVE,1411,,,,,,,2,NO INDICATION OF INJURY,0,0,0,0,0,2,0,10,1,3,41.93421161,-87.68809301,POINT (-87.688093005952 41.934211613424)
82b429fae35f2552007e1e92e0687944b91e919960b50d24f97dac208707a507f6edb3bf3f5e0ea595ae5c0af4ffa6b6ea183c9594112f2594dfb56fef057920,JF155096,,2/24/2022 20:15,30,STOP SIGN/FLASHER,FUNCTIONING PROPERLY,SNOW,"DARKNESS, LIGHTED ROAD",PARKED MOTOR VEHICLE,FOUR WAY,,STRAIGHT AND LEVEL,SNOW OR SLUSH,NO DEFECTS,,NO INJURY / DRIVE AWAY,,,,"OVER $1,500",2/24/2022 20:17,FAILING TO YIELD RIGHT-OF-WAY,NOT APPLICABLE,855,W,103RD ST,2232,,,,,,,2,NO INDICATION OF INJURY,0,0,0,0,0,5,0,20,5,2,41.70678704,-87.64503145,POINT (-87.64503145222 41.706787041394)
234fb769ff6597725ed4ac90bdd8a4f34b801f9905d8fe6e6966a933571dd372bd238e8a998fc799518fabaa918ba8a16fc8d979cb5ce22d2f4bb597e330cb63,JF153491,,2/20/2022 13:00,30,STOP SIGN/FLASHER,FUNCTIONING PROPERLY,CLEAR,DAYLIGHT,ANGLE,NOT DIVIDED,,STRAIGHT AND LEVEL,DRY,NO DEFECTS,NOT ON SCENE (DESK REPORT),NO INJURY / DRIVE AWAY,,,,"$501 - $1,500",2/23/2022 11:51,UNABLE TO DETERMINE,UNABLE TO DETERMINE,7300,S,RHODES AVE,323,,,,,,,2,NO INDICATION OF INJURY,0,0,0,0,0,4,0,13,1,2,41.76203035,-87.61169575,POINT (-87.611695746397 41.762030349153)
25d05c3c04aa650dc38fec7b37fc64280cf48613e5e4ab568e39ef8b229525846881bb869fd49bc2263be7e3ec72c3e014903b3d267a15e5318c67f477ad6ab9,JF157777,,2/27/2022 15:00,30,TRAFFIC SIGNAL,FUNCTIONING PROPERLY,CLEAR,DAYLIGHT,FIXED OBJECT,DIVIDED - W/MEDIAN BARRIER,,STRAIGHT AND LEVEL,DRY,NO DEFECTS,ON SCENE,INJURY AND / OR TOW DUE TO CRASH,,,,"OVER $1,500",2/27/2022 15:01,NOT APPLICABLE,NOT APPLICABLE,1625,S,ASHLAND AVE,1233,,,,Y,CONSTRUCTION,,1,NO INDICATION OF INJURY,0,0,0,0,0,1,0,15,1,2,41.85881009,-87.66603442,POINT (-87.666034415731 41.858810090919)
7d74b55a813b93ac614e8646337d560b99d04ab4c699d3f035d091fa6efc4c971a57a17b69a71d1a366fb93cda325beceb85dd0a1b2ce3316f48825fbe650260,JF187193,,3/26/2022 11:50,25,NO CONTROLS,NO CONTROLS,CLOUDY/OVERCAST,DAYLIGHT,ANGLE,ONE-WAY,,STRAIGHT AND LEVEL,DRY,NO DEFECTS,NOT ON SCENE (DESK REPORT),NO INJURY / DRIVE AWAY,,,,"$501 - $1,500",3/26/2022 12:10,"VISION OBSCURED (SIGNS, TREE LIMBS, BUILDINGS, ETC.)","VISION OBSCURED (SIGNS, TREE LIMBS, BUILDINGS, ETC.)",2410,W,COYLE AVE,2411,,,,,,,2,NO INDICATION OF INJURY,0,0,0,0,0,2,0,11,7,3,42.00784745,-87.69063641,POINT (-87.690636410428 42.007847454039)
7c79aaf40544d6238142096dfaa223cb660cd09be6927f7d25122ab5598fb0a7d68fc023af2834c12806f621f67e013a6a1d9c9fa291337bc593417cd40391d7,JE387137,,9/17/2021 16:30,30,TRAFFIC SIGNAL,FUNCTIONING PROPERLY,CLEAR,DAYLIGHT,TURNING,DIVIDED - W/MEDIAN (NOT RAISED),,STRAIGHT AND LEVEL,DRY,NO DEFECTS,,NO INJURY / DRIVE AWAY,Y,,,"$501 - $1,500",9/25/2021 17:40,IMPROPER LANE USAGE,NOT APPLICABLE,4806,N,BROADWAY,2033,,,,,,,2,NO INDICATION OF INJURY,0,0,0,0,0,2,0,16,6,9,41.96924878,-87.65982426,POINT (-87.659824258511 41.969248781687)
24b2fb2e86b9e62a57c7aa4e5f1b9bc99e76066cb5e45e3e22937829ff42b8292d1f9f20b4aef4ce450021b828bf98d8e5f3d41378e0a3c7a4b3105a088ff5f2,JF151491,,2/20/2022 15:09,30,NO CONTROLS,NO CONTROLS,CLEAR,DAYLIGHT,FIXED OBJECT,NOT DIVIDED,,STRAIGHT AND LEVEL,UNKNOWN,UNKNOWN,NOT ON SCENE (DESK REPORT),NO INJURY / DRIVE AWAY,,,,"OVER $1,500",2/21/2022 14:30,UNABLE TO DETERMINE,NOT APPLICABLE,1301,S,HARDING AVE,1011,,,,,,,1,NO INDICATION OF INJURY,0,0,0,0,0,2,0,15,1,2,41.86427176,-87.72374851,POINT (-87.723748512686 41.864271757149)
6bba7f5da5786e2f6d651551ca36a63c818e5b699f4554cd3410a5207312c07ffc2783480d1b6d2899fc73cbc791859c798c03d60c0b0593dd3a7c69b64402dc,JF165458,,3/6/2022 18:44,30,STOP SIGN/FLASHER,FUNCTIONING PROPERLY,CLEAR,"DARKNESS, LIGHTED ROAD",PARKED MOTOR VEHICLE,NOT DIVIDED,,STRAIGHT AND LEVEL,DRY,NO DEFECTS,ON SCENE,INJURY AND / OR TOW DUE TO CRASH,Y,,,"$501 - $1,500",3/6/2022 18:44,UNABLE TO DETERMINE,UNABLE TO DETERMINE,6249,S,WABASH AVE,311,,,,,,,2,NONINCAPACITATING INJURY,1,0,0,1,0,0,0,18,1,3,41.78048897,-87.62356489,POINT (-87.623564892583 41.780488970936)
2539b3a91224e875669e22035170991bf5b33313f146571d220b6daf15e6faf69132a89a843fba744497c89df0cbe4b6901ef70572d08128ba3741c1c0d49b53,JF150888,,2/20/2022 22:24,30,NO CONTROLS,NO CONTROLS,CLEAR,"DARKNESS, LIGHTED ROAD",TURNING,NOT DIVIDED,,STRAIGHT AND LEVEL,DRY,NO DEFECTS,ON SCENE,NO INJURY / DRIVE AWAY,,,,"OVER $1,500",2/20/2022 22:25,DRIVING ON WRONG SIDE/WRONG WAY,DRIVING ON WRONG SIDE/WRONG WAY,6500,S,STATE ST,312,,,,,,,2,NO INDICATION OF INJURY,0,0,0,0,0,2,0,22,1,2,41.77636259,-87.62536894,POINT (-87.625368940615 41.776362586673)
255617244264060552259bdeb9bd1c79bf0d9b428db1a9aad1fc798b42578dbc608f2af86941eaa9f846659c9bb354b68324d7536b09a09443eb7e9140051b66,JF150864,,2/20/2022 15:00,30,NO CONTROLS,NO CONTROLS,CLEAR,DAYLIGHT,SIDESWIPE SAME DIRECTION,DIVIDED - W/MEDIAN (NOT RAISED),,STRAIGHT AND LEVEL,DRY,NO DEFECTS,NOT ON SCENE (DESK REPORT),NO INJURY / DRIVE AWAY,,,,"OVER $1,500",2/20/2022 21:15,FAILING TO YIELD RIGHT-OF-WAY,UNABLE TO DETERMINE,2110,W,NORTH AVE,1434,,,,,,,2,NO INDICATION OF INJURY,0,0,0,0,0,3,0,15,1,2,41.91053961,-87.68047434,POINT (-87.680474340335 41.910539611289)
25ab2e1bfb0451816ff515a31bbd0f4821d4e33a648cf809b0083c8d9ebdf143f51cada44e7610d3636821932acc6d4b621c278a00964366111942c670a5ef0f,JF164077,,3/5/2022 10:45,25,STOP SIGN/FLASHER,FUNCTIONING PROPERLY,CLEAR,DAYLIGHT,ANGLE,DIVIDED - W/MEDIAN (NOT RAISED),,STRAIGHT AND LEVEL,DRY,NO DEFECTS,,NO INJURY / DRIVE AWAY,N,,,"OVER $1,500",3/5/2022 11:10,UNABLE TO DETERMINE,UNABLE TO DETERMINE,2901,N,ELSTON AVE,1411,,,,,,,2,NO INDICATION OF INJURY,0,0,0,0,0,3,0,10,7,3,41.9340819,-87.69032932,POINT (-87.690329323854 41.934081898852)
6c619e438cd658c0ce797b9cb5eed4907fdcc638d6022209ed46a86b0f4f1dd498c9319d31946898bd79dfe7f90b7374ab6432186e647cf91d7c8de0053d1789,JF165185,N,3/6/2022 1:30,30,NO CONTROLS,NO CONTROLS,RAIN,DARKNESS,PARKED MOTOR VEHICLE,NOT DIVIDED,,STRAIGHT AND LEVEL,WET,UNKNOWN,NOT ON SCENE (DESK REPORT),NO INJURY / DRIVE AWAY,,,Y,"OVER $1,500",3/6/2022 14:00,UNABLE TO DETERMINE,NOT APPLICABLE,226,N,LEAVITT ST,1223,,,,,,,2,NO INDICATION OF INJURY,0,0,0,0,0,1,0,1,1,3,41.88573192,-87.68179848,POINT (-87.681798482471 41.885731916705)
2714d4a9aba35d37ed5b71114955b9c36cd3c453024fa5c79ba010625898dd7de0e151147a6ec77ea46492981bdbda741a465cc89dabae5962838eab2809881f,JF157308,N,2/27/2022 0:35,30,NO CONTROLS,NO CONTROLS,CLEAR,"DARKNESS, LIGHTED ROAD",SIDESWIPE SAME DIRECTION,DIVIDED - W/MEDIAN (NOT RAISED),,STRAIGHT AND LEVEL,DRY,NO DEFECTS,ON SCENE,NO INJURY / DRIVE AWAY,,,Y,"OVER $1,500",2/27/2022 0:45,FOLLOWING TOO CLOSELY,IMPROPER OVERTAKING/PASSING,9315,S,JEFFERY AVE,413,,,,,,,2,NO INDICATION OF INJURY,0,0,0,0,0,2,0,0,1,2,41.7256321,-87.57528701,POINT (-87.575287011464 41.725632100329)
e277b50eec3bc996ce23b8a5e36ad40280ca0381537f60573a939eded0ce1e21f47d9a2205c9da1a91a22581a069f08d4209515e1036b1501410ea0aa9b9a799,JF172620,,3/13/2022 14:18,25,NO CONTROLS,NO CONTROLS,CLEAR,DAYLIGHT,PARKED MOTOR VEHICLE,NOT DIVIDED,,STRAIGHT AND LEVEL,DRY,NO DEFECTS,ON SCENE,NO INJURY / DRIVE AWAY,N,,Y,"OVER $1,500",3/13/2022 14:20,UNABLE TO DETERMINE,UNABLE TO DETERMINE,2350,W,111TH ST,2212,,,,,,,2,NO INDICATION OF INJURY,0,0,0,0,0,1,0,14,1,3,41.69188556,-87.68076076,POINT (-87.680760756862 41.691885558555)
e28b2650d021440887b9e264e1adce72d345717c74a637108f6f2ea155c86415425541f7f039c03296674a380c83b87f254e096605e6001c8c6517c2d7e5f45f,JF172173,Y,3/13/2022 3:50,30,TRAFFIC SIGNAL,UNKNOWN,UNKNOWN,"DARKNESS, LIGHTED ROAD",REAR END,FOUR WAY,,STRAIGHT AND LEVEL,UNKNOWN,UNKNOWN,ON SCENE,NO INJURY / DRIVE AWAY,,,Y,"OVER $1,500",3/13/2022 3:52,FOLLOWING TOO CLOSELY,NOT APPLICABLE,2558,N,ASHLAND AVE,1931,,,,,,,2,NO INDICATION OF INJURY,0,0,0,0,0,2,0,3,1,3,41.92868241,-87.66841493,POINT (-87.668414927822 41.928682408679)
265b2121d92cbf2b8a4185be04c017cf471ca25df0e674495e22cf8fce0bb1ad9f21b7ed7e845e94897893fcde29e77bf0dcd0d073ef1d9dcf2b2a28627489e7,JF150884,,2/20/2022 21:25,30,TRAFFIC SIGNAL,FUNCTIONING PROPERLY,CLEAR,"DARKNESS, LIGHTED ROAD",TURNING,FOUR WAY,,STRAIGHT AND LEVEL,DRY,NO DEFECTS,NOT ON SCENE (DESK REPORT),NO INJURY / DRIVE AWAY,,,,"$501 - $1,500",2/20/2022 22:30,IMPROPER OVERTAKING/PASSING,NOT APPLICABLE,1958,W,59TH ST,715,,,,,,,2,NO INDICATION OF INJURY,0,0,0,0,0,2,0,21,1,2,41.78673744,-87.67403978,POINT (-87.674039783769 41.786737443357)
2823c79e9d5dee4b67c576bef6eb139d9ce0047cad9f16f9964df0054179367b99fea7bbb074abb59a02102b905a8f3d2bdf9cd5b72a12a814ae29cfc4ee784b,JF157405,,2/27/2022 4:00,30,TRAFFIC SIGNAL,FUNCTIONING PROPERLY,CLEAR,"DARKNESS, LIGHTED ROAD",FIXED OBJECT,NOT DIVIDED,,STRAIGHT AND LEVEL,DRY,NO DEFECTS,ON SCENE,INJURY AND / OR TOW DUE TO CRASH,Y,,,"OVER $1,500",2/27/2022 4:00,UNABLE TO DETERMINE,UNABLE TO DETERMINE,3118,S,KEDZIE AVE,1032,,,,,,,1,NO INDICATION OF INJURY,0,0,0,0,0,1,0,4,1,2,41.83663553,-87.70495444,POINT (-87.704954441391 41.836635531845)
e3b30a824f18cafce1307ddf64fde5db50aaa6a97643646329adbe081dec69174fc94650dd86a408431c344c4b1e712f86b70865014b1bf936de132f2e6ef86e,JF173809,,3/13/2022 0:30,30,TRAFFIC SIGNAL,FUNCTIONING PROPERLY,CLEAR,"DARKNESS, LIGHTED ROAD",REAR END,DIVIDED - W/MEDIAN (NOT RAISED),,STRAIGHT AND LEVEL,UNKNOWN,UNKNOWN,NOT ON SCENE (DESK REPORT),NO INJURY / DRIVE AWAY,,,,"$501 - $1,500",3/14/2022 17:29,UNABLE TO DETERMINE,UNABLE TO DETERMINE,630,W,CHICAGO AVE,1822,,,,,,,2,NO INDICATION OF INJURY,0,0,0,0,0,3,0,0,1,3,41.89656549,-87.64416031,POINT (-87.644160308744 41.896565493181)
e3c8ed13de2881f20ad3500127931f541de8e492656195acc0914ac71452f7b2867155490b5bfed9ea880b8fac739bc95104d6370a4ff9d95b2f8a8112c9c299,JF173012,,3/13/2022 22:30,30,NO CONTROLS,NO CONTROLS,CLEAR,"DARKNESS, LIGHTED ROAD",REAR END,DIVIDED - W/MEDIAN (NOT RAISED),,STRAIGHT AND LEVEL,DRY,NO DEFECTS,NOT ON SCENE (DESK REPORT),NO INJURY / DRIVE AWAY,,,,"OVER $1,500",3/13/2022 23:15,FOLLOWING TOO CLOSELY,NOT APPLICABLE,3210,N,HARLEM AVE,1631,,,,,,,2,NO INDICATION OF INJURY,0,0,0,0,0,2,0,22,1,3,41.93836589,-87.80690637,POINT (-87.806906370197 41.938365894206)
7f26842483925f1739494fe67321cc5b817567efa56299f4f762581050ed2c0828ed9adea0f6719736fb1498f50841b34be84a5ba311de2886aa4cfa1144e8f8,JD151227,,2/14/2020 8:35,30,TRAFFIC SIGNAL,FUNCTIONING PROPERLY,CLEAR,DAYLIGHT,REAR END,NOT DIVIDED,,STRAIGHT AND LEVEL,ICE,NO DEFECTS,,INJURY AND / OR TOW DUE TO CRASH,,,Y,$500 OR LESS,2/14/2020 8:41,UNABLE TO DETERMINE,UNABLE TO DETERMINE,329,S,DAMEN AVE,1225,,,,,,,2,"REPORTED, NOT EVIDENT",2,0,0,0,2,1,0,8,6,2,41.87657397,-87.67639215,POINT (-87.676392153893 41.876573971746)
7fe1c8f7038ecd97120e654087d5d3b78e24b9be5032c18ea3b40e19dc9bfb8aa1ce4d34bedfb7634ae2f61b535f7ddc0ee84c878b1d18a6ce9aa35343a6ffe6,JE108108,,1/8/2021 21:45,30,NO CONTROLS,NO CONTROLS,CLEAR,DARKNESS,SIDESWIPE SAME DIRECTION,ONE-WAY,,STRAIGHT AND LEVEL,DRY,NO DEFECTS,,NO INJURY / DRIVE AWAY,,,,"$501 - $1,500",1/9/2021 17:00,IMPROPER OVERTAKING/PASSING,NOT APPLICABLE,500,W,ROOSEVELT RD,124,,,,,,,2,NO INDICATION OF INJURY,0,0,0,0,0,2,0,21,6,1,41.86736269,-87.6392932,POINT (-87.639293194642 41.867362692617)
6e2e1417c60d1ceb7e1cf8108c948383efdc9250343b81615fbea6e4be648b87713a7413ffe1e3f9eaccaa8e51c1c1982578f2889ab3242b4f6086b3a332ac12,JE413287,,10/17/2021 21:05,35,NO CONTROLS,NO CONTROLS,CLEAR,"DARKNESS, LIGHTED ROAD",SIDESWIPE SAME DIRECTION,ONE-WAY,,STRAIGHT AND LEVEL,DRY,NO DEFECTS,NOT ON SCENE (DESK REPORT),NO INJURY / DRIVE AWAY,,,,"OVER $1,500",10/18/2021 0:35,UNABLE TO DETERMINE,NOT APPLICABLE,475,E,LOWER WACKER DR,114,,,,,,,2,NO INDICATION OF INJURY,0,0,0,0,0,4,0,21,1,10,41.88727415,-87.61625137,POINT (-87.616251368996 41.887274147538)
85a6a81210b20eecb936a844ee3510ae23c718210256a92e0648c40ffbe6675168cbeefeb882434219f20245603c0be29a2ffcb5b23075f1d11fd3c7ccd1731f,JF180681,,3/20/2022 13:00,30,NO CONTROLS,NO CONTROLS,CLEAR,DAYLIGHT,PARKED MOTOR VEHICLE,NOT DIVIDED,,STRAIGHT AND LEVEL,DRY,NO DEFECTS,NOT ON SCENE (DESK REPORT),NO INJURY / DRIVE AWAY,,,Y,"OVER $1,500",3/20/2022 19:05,UNABLE TO DETERMINE,UNABLE TO DETERMINE,851,E,83RD ST,632,,,,,,,2,NO INDICATION OF INJURY,0,0,0,0,0,1,0,13,1,3,41.74389224,-87.60297102,POINT (-87.602971017265 41.743892244416)
86281819f96b9fa0113c111993356bf39cc2bedd8b6f729c93029939bccd562c8e90dbe77a6b4b33633c323c0ebbd4abde0ae11c8a21ee689eda8546cc1d139f,JF182749,Y,3/20/2022 17:45,30,NO CONTROLS,NO CONTROLS,CLEAR,"DARKNESS, LIGHTED ROAD",PARKED MOTOR VEHICLE,ONE-WAY,,STRAIGHT AND LEVEL,DRY,NO DEFECTS,NOT ON SCENE (DESK REPORT),NO INJURY / DRIVE AWAY,,,Y,"OVER $1,500",3/22/2022 14:45,UNABLE TO DETERMINE,UNABLE TO DETERMINE,1351,E,62ND ST,314,,,,,,,2,NO INDICATION OF INJURY,0,0,0,0,0,1,0,17,1,3,41.78226667,-87.59269146,POINT (-87.592691458512 41.782266673104)
e4f68cac6ec9b0f841b37a9d90d1bc99e6706743a4846b75bfb29081febde6012439b13d4df645677b2652a6d41b2ae2a1059a1471f70736c8e4e52845775043,JF172526,,3/13/2022 13:10,35,NO CONTROLS,NO CONTROLS,CLEAR,DAYLIGHT,PARKED MOTOR VEHICLE,DIVIDED - W/MEDIAN (NOT RAISED),,STRAIGHT AND LEVEL,DRY,NO DEFECTS,ON SCENE,INJURY AND / OR TOW DUE TO CRASH,,,,"OVER $1,500",3/13/2022 13:10,PHYSICAL CONDITION OF DRIVER,NOT APPLICABLE,9020,S,ASHLAND AVE,2221,,,,,,,2,NONINCAPACITATING INJURY,1,0,0,1,0,0,0,13,1,3,41.72964124,-87.66303083,POINT (-87.663030825361 41.729641234678)
2958ac1d1f937d36cc637c59556623421ddef765f6e1fad8a74e92d12b081982e36624257109697d3d686c524c76b21e2d0a465cf42de46c2e5dcaca9d692987,JF157743,Y,2/27/2022 13:30,30,NO CONTROLS,NO CONTROLS,CLEAR,DAYLIGHT,PARKED MOTOR VEHICLE,DIVIDED - W/MEDIAN (NOT RAISED),,STRAIGHT AND LEVEL,DRY,NO DEFECTS,NOT ON SCENE (DESK REPORT),NO INJURY / DRIVE AWAY,,,Y,"OVER $1,500",2/27/2022 14:30,UNABLE TO DETERMINE,UNABLE TO DETERMINE,4356,N,CENTRAL PARK AVE,1723,,,,,,,2,NO INDICATION OF INJURY,0,0,0,0,0,1,0,13,1,2,41.96091887,-87.71818122,POINT (-87.718181217428 41.960918871355)
80668d99a04612f1fdb20173592e6e6b2e9a7a081c917ce2d3647b3956e60ee93b9b510a0d8d6fe6eec1f91cd94ba66c1be55f96f0b01cf44dfb2257551a6909,JF187092,,3/26/2022 8:50,30,TRAFFIC SIGNAL,FUNCTIONING PROPERLY,CLEAR,DAYLIGHT,SIDESWIPE SAME DIRECTION,NOT DIVIDED,,STRAIGHT AND LEVEL,DRY,NO DEFECTS,NOT ON SCENE (DESK REPORT),NO INJURY / DRIVE AWAY,Y,,,"$501 - $1,500",3/26/2022 10:20,IMPROPER OVERTAKING/PASSING,IMPROPER OVERTAKING/PASSING,5701,S,KEDZIE AVE,824,,,,,,,2,NO INDICATION OF INJURY,0,0,0,0,0,2,0,8,7,3,41.78979463,-87.70330547,POINT (-87.703305466913 41.789794629715)
29ebabd83a5a0e15ec703eb3114e980746418794be0409494d82ac2e3e662b120c899be43c6dea936ef44fd81305f2d55cfd464bbbc1a7b4c59ef2b11ca6c9d8,JF171526,,3/12/2022 13:09,35,NO CONTROLS,NO CONTROLS,CLEAR,DAYLIGHT,SIDESWIPE SAME DIRECTION,PARKING LOT,,STRAIGHT AND LEVEL,DRY,NO DEFECTS,,INJURY AND / OR TOW DUE TO CRASH,,,,"$501 - $1,500",3/12/2022 14:00,DRIVING SKILLS/KNOWLEDGE/EXPERIENCE,NOT APPLICABLE,4934,S,KEDZIE AVE,821,,,,,,,2,"REPORTED, NOT EVIDENT",1,0,0,0,1,2,0,13,7,3,41.80344571,-87.70398627,POINT (-87.70398627177 41.803445713074)
6ef939e711f2621890ecd843d09854faf09dcf85e5d308581174cc4a0dc8cb9b85c6fa45f43233e4e842de7d53f583ece593e98ec6fe9ef3e2d63e6a261a865a,JF165557,,3/6/2022 20:30,30,TRAFFIC SIGNAL,FUNCTIONING PROPERLY,CLEAR,"DARKNESS, LIGHTED ROAD",TURNING,FOUR WAY,,STRAIGHT AND LEVEL,DRY,NO DEFECTS,NOT ON SCENE (DESK REPORT),NO INJURY / DRIVE AWAY,Y,,Y,"OVER $1,500",3/6/2022 21:30,FAILING TO YIELD RIGHT-OF-WAY,NOT APPLICABLE,6400,W,GREGORY ST,1613,,,,,,,2,NO INDICATION OF INJURY,0,0,0,0,0,2,0,20,1,3,41.9821708,-87.78777518,POINT (-87.787775175977 41.982170804265)