CRASH_RECORD_ID,RD_NO,CRASH_DATE_EST_I,CRASH_DATE,POSTED_SPEED_LIMIT,TRAFFIC_CONTROL_DEVICE,DEVICE_CONDITION,WEATHER_CONDITION,LIGHTING_CONDITION,FIRST_CRASH_TYPE,TRAFFICWAY_TYPE,LANE_CNT,ALIGNMENT,ROADWAY_SURFACE_COND,ROAD_DEFECT,REPORT_TYPE,CRASH_TYPE,INTERSECTION_RELATED_I,NOT_RIGHT_OF_WAY_I,HIT_AND_RUN_I,DAMAGE,DATE_POLICE_NOTIFIED,PRIM_CONTRIBUTORY_CAUSE,SEC_CONTRIBUTORY_CAUSE,STREET_NO,STREET_DIRECTION,STREET_NAME,BEAT_OF_OCCURRENCE,PHOTOS_TAKEN_I,STATEMENTS_TAKEN_I,DOORING_I,WORK_ZONE_I,WORK_ZONE_TYPE,WORKERS_PRESENT_I,NUM_UNITS,MOST_SEVERE_INJURY,INJURIES_TOTAL,INJURIES_FATAL,INJURIES_INCAPACITATING,INJURIES_NON_INCAPACITATING,INJURIES_REPORTED_NOT_EVIDENT,INJURIES_NO_INDICATION,INJURIES_UNKNOWN,CRASH_HOUR,CRASH_DAY_OF_WEEK,CRASH_MONTH,LATITUDE,LONGITUDE,LOCATION
2864873e9820c9f7b31958fe413771d436665480a987d95429a0da6170201d7c83a5dfa6788da8dbb0a71bdc0d0b11ee1cc97c58f2aa1cd70b952c7c7bfc8b57,JF151838,,2/20/2022 14:00,30,TRAFFIC SIGNAL,FUNCTIONING PROPERLY,CLEAR,"DARKNESS, LIGHTED ROAD",OTHER OBJECT,NOT DIVIDED,,STRAIGHT AND LEVEL,DRY,"RUT, HOLES",NOT ON SCENE (DESK REPORT),NO INJURY / DRIVE AWAY,,,,"$501 - $1,500",2/21/2022 19:32,NOT APPLICABLE,NOT APPLICABLE,7529,N,CALIFORNIA AVE,2411,,,,,,,1,NO INDICATION OF INJURY,0,0,0,0,0,1,0,14,1,2,42.01837387,-87.6994555,POINT (-87.699455503375 42.018373868716)
287ff21076738c1e1760217fffa7019b72bae0bbe2ce9766d3bc0f8ad36819b7fb18ece57d9f9d06f6a9f6dcb180cd5a21feeb36b521eec3432bd9e9be140ed9,JF150546,,2/20/2022 1:10,30,NO CONTROLS,NO CONTROLS,CLEAR,"DARKNESS, LIGHTED ROAD",TURNING,NOT DIVIDED,,STRAIGHT AND LEVEL,DRY,NO DEFECTS,NOT ON SCENE (DESK REPORT),NO INJURY / DRIVE AWAY,Y,,,"OVER $1,500",2/20/2022 15:40,IMPROPER TURNING/NO SIGNAL,NOT APPLICABLE,2635,N,CLARK ST,1935,,,,,,,2,NO INDICATION OF INJURY,0,0,0,0,0,4,0,1,1,2,41.93055345,-87.64364879,POINT (-87.643648785065 41.930553446632)
e6464d320846e8d2be51e787bb200f464bfb8441d0979e8f25e596ac114db4ff6afaf2abc98011a5f18ef230a053572cffd9543bd4e69e1ac40b3940b0954435,JF172586,,3/13/2022 13:55,30,NO CONTROLS,NO CONTROLS,CLEAR,DAYLIGHT,ANGLE,PARKING LOT,,STRAIGHT AND LEVEL,DRY,NO DEFECTS,NOT ON SCENE (DESK REPORT),NO INJURY / DRIVE AWAY,,Y,,"$501 - $1,500",3/13/2022 14:35,IMPROPER BACKING,IMPROPER BACKING,5724,N,LINCOLN AVE,2011,,,,,,,2,NO INDICATION OF INJURY,0,0,0,0,0,2,0,13,1,3,41.9854327,-87.69928419,POINT (-87.699284192078 41.985432702905)
815b75d6c9a41b39aced9b429f67e0d3ab9a60d1005e03f6570196029d6a0691b269ebbe717e0c6a9cff5f7f950cd0d3b400683ab6aed96225bf6194af7008c4,JF161654,,3/3/2022 7:35,30,TRAFFIC SIGNAL,FUNCTIONING PROPERLY,CLEAR,DAYLIGHT,SIDESWIPE SAME DIRECTION,DIVIDED - W/MEDIAN (NOT RAISED),,STRAIGHT AND LEVEL,DRY,NO DEFECTS,,INJURY AND / OR TOW DUE TO CRASH,Y,,Y,"OVER $1,500",3/3/2022 7:40,FOLLOWING TOO CLOSELY,NOT APPLICABLE,4236,S,WESTERN AVE,921,,,,,,,2,"REPORTED, NOT EVIDENT",2,0,0,0,2,2,0,7,5,3,41.81640442,-87.68479438,POINT (-87.68479437526 41.816404418553)
86b1627921598de6cdf2399d9341369f05b9b288b820b3c1b1407a3c1db645c1a834ceaaf0709052c698e22137e3ee4a0623df0a725eaa209d427d3b9195acdd,JF180888,,3/20/2022 22:30,30,NO CONTROLS,NO CONTROLS,CLEAR,"DARKNESS, LIGHTED ROAD",SIDESWIPE OPPOSITE DIRECTION,NOT DIVIDED,,STRAIGHT AND LEVEL,DRY,NO DEFECTS,NOT ON SCENE (DESK REPORT),NO INJURY / DRIVE AWAY,,,Y,"OVER $1,500",3/20/2022 23:30,UNABLE TO DETERMINE,UNABLE TO DETERMINE,2010,N,SHEFFIELD AVE,1811,,,,,,,2,NO INDICATION OF INJURY,0,0,0,0,0,2,0,22,1,3,41.91847496,-87.65352812,POINT (-87.653528118444 41.918474960769)
86c2c7e73fabb906754ccd3a58d42b7cc4d7b8fa6798fa841c31f47a50382056d7a0a48fa5a1ca2d0a85931df67a4355bcd9002c06221bcf9d447c5bbe687d0e,JF180494,Y,3/20/2022 15:20,30,TRAFFIC SIGNAL,FUNCTIONING PROPERLY,CLEAR,DAYLIGHT,TURNING,FOUR WAY,,STRAIGHT AND LEVEL,DRY,NO DEFECTS,NOT ON SCENE (DESK REPORT),NO INJURY / DRIVE AWAY,Y,,Y,"$501 - $1,500",3/20/2022 15:45,UNABLE TO DETERMINE,NOT APPLICABLE,4101,W,WASHINGTON BLVD,1115,,,,,,,2,NO INDICATION OF INJURY,0,0,0,0,0,2,0,15,1,3,41.88190281,-87.72827773,POINT (-87.728277730792 41.881902811289)
290fdc78d5cfe9e46d6bdaac87dd716f47753a7a73f2c4073cb7ade942d5d1c44c17ceb9bba409f28487bb225da12a9f97880fe18180caa4ea090b9165e56707,JF150882,Y,2/20/2022 9:30,10,NO CONTROLS,NO CONTROLS,CLEAR,DAYLIGHT,PARKED MOTOR VEHICLE,PARKING LOT,,STRAIGHT AND LEVEL,DRY,NO DEFECTS,NOT ON SCENE (DESK REPORT),NO INJURY / DRIVE AWAY,,,Y,"$501 - $1,500",2/20/2022 22:30,NOT APPLICABLE,NOT APPLICABLE,2301,S,LAKE SHORE DR E,132,,,,,,,2,NO INDICATION OF INJURY,0,0,0,0,0,1,0,9,1,2,41.85110748,-87.61286663,POINT (-87.612866632544 41.85110748019)
29442f51754f617a4453dbb2fab0ca639cb52f017c642fb44473a4c4bb66a1f6560ee207de0b50611faf245ef24e97abd9c206c8a5379fe64a208518d43780bc,JF150179,,2/20/2022 5:40,25,NO CONTROLS,NO CONTROLS,CLEAR,DUSK,SIDESWIPE OPPOSITE DIRECTION,NOT DIVIDED,,STRAIGHT AND LEVEL,DRY,NO DEFECTS,ON SCENE,NO INJURY / DRIVE AWAY,,,,"OVER $1,500",2/20/2022 5:40,NOT APPLICABLE,NOT APPLICABLE,4103,N,MENARD AVE,1624,,,,,,,3,NO INDICATION OF INJURY,0,0,0,0,0,2,0,5,1,2,41.95509367,-87.77180981,POINT (-87.771809810723 41.955093673252)
29521cf899511d728e9eda7ab36438486f32f4509e0c222fe1b7e8377a204a4dd60c863f7b22071388e92253dac6756f270aacee1b9ee879243fba188d071e48,JF150302,,2/20/2022 10:53,30,STOP SIGN/FLASHER,FUNCTIONING PROPERLY,CLEAR,DAYLIGHT,ANGLE,FOUR WAY,,STRAIGHT AND LEVEL,DRY,NO DEFECTS,ON SCENE,INJURY AND / OR TOW DUE TO CRASH,,,,"OVER $1,500",2/20/2022 10:54,FAILING TO YIELD RIGHT-OF-WAY,NOT APPLICABLE,10200,S,DR MARTIN LUTHER KING JR DR,511,,,,,,,2,NONINCAPACITATING INJURY,1,0,0,1,0,2,0,10,1,2,41.7090441,-87.61395799,POINT (-87.613957993398 41.709044101401)
296ef04e964198168d038c4e1d5d74522c23d867b12b657dc7a2384c993b9ca76bcd065827bdd3297e1d49affac2bf2af5ff0ee7be7fd116d01ef660d3c188a9,JF150843,,2/20/2022 20:08,30,TRAFFIC SIGNAL,FUNCTIONING PROPERLY,CLEAR,"DARKNESS, LIGHTED ROAD",REAR END,NOT DIVIDED,,STRAIGHT AND LEVEL,DRY,NO DEFECTS,NOT ON SCENE (DESK REPORT),NO INJURY / DRIVE AWAY,,,,$500 OR LESS,2/20/2022 21:00,UNABLE TO DETERMINE,NOT APPLICABLE,900,N,HALSTED ST,1822,,,,,,,2,NO INDICATION OF INJURY,0,0,0,0,0,2,0,20,1,2,41.89905122,-87.64802418,POINT (-87.64802418079 41.899051215555)
6f71d0bf79cc5139bfe4133098c4d8e2e785db1f5d8f833fdcf38313196ecad9d7be9963bbda9d11076459e35c7f14e9b7b710897a64261fad409e9a9532c04b,JF165498,,3/6/2022 18:30,30,STOP SIGN/FLASHER,FUNCTIONING PROPERLY,CLEAR,DARKNESS,ANGLE,NOT DIVIDED,,STRAIGHT AND LEVEL,DRY,NO DEFECTS,NOT ON SCENE (DESK REPORT),NO INJURY / DRIVE AWAY,Y,,,"$501 - $1,500",3/6/2022 19:31,FAILING TO YIELD RIGHT-OF-WAY,FAILING TO YIELD RIGHT-OF-WAY,675,N,FRANKLIN ST,1831,,,,,,,2,NO INDICATION OF INJURY,0,0,0,0,0,2,0,18,1,3,41.89458903,-87.63550637,POINT (-87.63550636652 41.894589024846)
2ae2908bbb2d6ebee0413adca37f8f3a9f5aa069544bd740c17d28f88b48934d2225a2b8834530cb250995b45cd0694533d383a477f48e691b7b407cdadc944b,JF171657,,3/11/2022 18:30,30,TRAFFIC SIGNAL,FUNCTIONING PROPERLY,CLEAR,"DARKNESS, LIGHTED ROAD",REAR END,NOT DIVIDED,,STRAIGHT AND LEVEL,DRY,NO DEFECTS,,INJURY AND / OR TOW DUE TO CRASH,,,,"$501 - $1,500",3/12/2022 17:00,FOLLOWING TOO CLOSELY,FAILING TO REDUCE SPEED TO AVOID CRASH,4359,W,NORTH AVE,2534,,,,,,,2,"REPORTED, NOT EVIDENT",1,0,0,0,1,2,0,18,6,3,41.90964638,-87.73622301,POINT (-87.736223012482 41.909646380603)
2ae6f44a56de0eee947544ff3d31782bb47aeded412cd123331a0507a5457930ce835e3c5fd7ed700fb54e2156539d150a67d54f67a191fb6c0b02a62f746686,JF157325,,2/27/2022 2:15,30,TRAFFIC SIGNAL,FUNCTIONING PROPERLY,CLEAR,"DARKNESS, LIGHTED ROAD",REAR END,FOUR WAY,,STRAIGHT AND LEVEL,DRY,NO DEFECTS,ON SCENE,INJURY AND / OR TOW DUE TO CRASH,,,,"$501 - $1,500",2/27/2022 2:15,NOT APPLICABLE,NOT APPLICABLE,5999,N,WESTERN AVE,2012,,,,,,,2,"REPORTED, NOT EVIDENT",1,0,0,0,1,1,0,2,1,2,41.99040923,-87.68952248,POINT (-87.689522483886 41.990409230886)
e6d7017cc4c0f0940ce16bb6e1d9a859bca9f7cb3ce93d23885765910064afbbee85a8ea7984757d0281c6355b6eb95db1e63b52384ca7b45701ee3081b3edf8,JF172506,,3/13/2022 13:09,30,STOP SIGN/FLASHER,FUNCTIONING PROPERLY,CLEAR,DAYLIGHT,REAR END,NOT DIVIDED,,STRAIGHT AND LEVEL,DRY,NO DEFECTS,ON SCENE,NO INJURY / DRIVE AWAY,N,,Y,"$501 - $1,500",3/13/2022 13:10,FOLLOWING TOO CLOSELY,FAILING TO REDUCE SPEED TO AVOID CRASH,597,N,DAMEN AVE,1221,,,,,,,2,NO INDICATION OF INJURY,0,0,0,0,0,2,0,13,1,3,41.89223596,-87.6768005,POINT (-87.676800499308 41.892235955932)
2c3a2d5b73408b97f57677e14b365adcb670c24dc7ff80bf2eeff422c75940e85703a8f29d216811d026e156e4855df7f1841028952fb86c99dfb01b6dd08468,JF158014,,2/27/2022 19:06,30,TRAFFIC SIGNAL,FUNCTIONING PROPERLY,CLEAR,"DARKNESS, LIGHTED ROAD",REAR END,NOT DIVIDED,,STRAIGHT AND LEVEL,DRY,NO DEFECTS,ON SCENE,NO INJURY / DRIVE AWAY,,,,$500 OR LESS,2/27/2022 19:09,FOLLOWING TOO CLOSELY,FOLLOWING TOO CLOSELY,2600,S,WESTERN AVE,1034,,,,,,,2,NO INDICATION OF INJURY,0,0,0,0,0,2,0,19,1,2,41.84482038,-87.68559311,POINT (-87.685593114094 41.84482037639)
828c0a35913b094cd81543db1fc486fd380e8522ec15421f7aae317a67cd39fe742fd1efabd346c4d1ee03c761c7cac361d8a7a61cf80e5d2d495866378dc805,JC497372,,11/3/2019 18:22,30,STOP SIGN/FLASHER,FUNCTIONING PROPERLY,CLEAR,"DARKNESS, LIGHTED ROAD",ANGLE,DIVIDED - W/MEDIAN BARRIER,,STRAIGHT AND LEVEL,DRY,NO DEFECTS,,INJURY AND / OR TOW DUE TO CRASH,Y,,,"OVER $1,500",11/3/2019 18:25,FAILING TO YIELD RIGHT-OF-WAY,NOT APPLICABLE,1401,W,ROOSEVELT RD,1233,,,,,,,2,NONINCAPACITATING INJURY,1,0,0,1,0,2,0,18,1,11,41.86680605,-87.66169184,POINT (-87.661691842146 41.866806048959)
8795abf5586ad0fd4e874ff4e289df563ed981b8f021eacb7a0075b67880115e14072d31d2e88f998ce6c881febb8b5f760c74af71118ceb0e344f9a06f1821a,JE216942,,5/2/2021 10:10,30,TRAFFIC SIGNAL,FUNCTIONING PROPERLY,CLEAR,DAYLIGHT,SIDESWIPE SAME DIRECTION,FOUR WAY,,STRAIGHT AND LEVEL,DRY,NO DEFECTS,,NO INJURY / DRIVE AWAY,Y,,,"OVER $1,500",5/2/2021 10:12,IMPROPER OVERTAKING/PASSING,UNABLE TO DETERMINE,3600,W,BELMONT AVE,1732,,,,,,,2,NO INDICATION OF INJURY,0,0,0,0,0,3,0,10,1,5,41.93932519,-87.71746163,POINT (-87.717461625053 41.939325192495)
87d9872100a1baaf4304b6cb9ed4be1cb0fe0811a218eb478390b90caec371ab7a966d6b739b44f2aedd4600d6d333cd8b9af3614b214672414a3548ecbb0f6f,JF179910,,3/20/2022 0:13,30,NO CONTROLS,NO CONTROLS,RAIN,"DARKNESS, LIGHTED ROAD",PARKED MOTOR VEHICLE,ONE-WAY,,STRAIGHT AND LEVEL,WET,NO DEFECTS,ON SCENE,INJURY AND / OR TOW DUE TO CRASH,,,,"OVER $1,500",3/20/2022 0:20,UNABLE TO DETERMINE,NOT APPLICABLE,200,N,LAFLIN ST,1215,,,,,,,2,NO INDICATION OF INJURY,0,0,0,0,0,1,0,0,1,3,41.88543705,-87.66443313,POINT (-87.664433128402 41.885437054048)
29ff704923d7d73de9323e47fc33be50ee18e076045e93a1b2beea4cf060f319edf2298a78b4847e1a48924965d315ebaf3a7df5d82b3f1302cf5bfd1aaa76b7,JE153768,,2/20/2022 15:30,30,NO CONTROLS,NO CONTROLS,CLEAR,DAWN,PARKED MOTOR VEHICLE,DIVIDED - W/MEDIAN (NOT RAISED),,STRAIGHT AND LEVEL,DRY,NO DEFECTS,NOT ON SCENE (DESK REPORT),NO INJURY / DRIVE AWAY,,,Y,"$501 - $1,500",2/23/2022 16:00,UNABLE TO DETERMINE,NOT APPLICABLE,5405,S,COTTAGE GROVE AVE,233,,,,,,,2,NO INDICATION OF INJURY,0,0,0,0,0,1,0,15,1,2,41.79659525,-87.60612565,POINT (-87.606125646385 41.796595253031)
2a59bb23b336ac96152e6bf631e2bc72d71f384819c1b4c238e69f935a176f4dc771e969a4929ac07d8f006be9435200e4c854a8c40ebf0b653f84cdf2eefc97,JF150450,,2/20/2022 13:30,35,NO CONTROLS,NO CONTROLS,CLEAR,DAYLIGHT,REAR END,DIVIDED - W/MEDIAN BARRIER,,STRAIGHT AND LEVEL,DRY,"RUT, HOLES",ON SCENE,INJURY AND / OR TOW DUE TO CRASH,,,Y,"OVER $1,500",2/20/2022 13:42,FOLLOWING TOO CLOSELY,UNABLE TO DETERMINE,8510,S,HALSTED ST,613,,,,,,,2,INCAPACITATING INJURY,1,0,1,0,0,1,0,13,1,2,41.73939068,-87.64386498,POINT (-87.643864981817 41.739390678283)
2cf51d0a2c158d1fa76a99ef3937b1dd7515b72716ed99b0a3edae5d8ce0279c2040e7c53e0b58f86c1ef234ff5d308a12f26abbcbb1f98aa429ed46e142ac3c,JF157731,,2/27/2022 12:00,30,NO CONTROLS,NO CONTROLS,CLEAR,DAYLIGHT,PARKED MOTOR VEHICLE,NOT DIVIDED,,STRAIGHT AND LEVEL,DRY,UNKNOWN,NOT ON SCENE (DESK REPORT),NO INJURY / DRIVE AWAY,,,Y,"OVER $1,500",2/27/2022 14:15,UNABLE TO DETERMINE,NOT APPLICABLE,1623,S,HOMAN AVE,1021,,,,,,,2,NO INDICATION OF INJURY,0,0,0,0,0,1,0,12,1,2,41.85835074,-87.71016731,POINT (-87.710167305496 41.858350736693)
29f8d27ab2d56a0ab904ae9282a384312b59644e687c2cd28d9a7b85af1b5c11b45c784216e9218b2ac7c1d34e40ce73f9009c5ee9bfd739d1be1ac3d651d416,JE490748,Y,12/27/2021 22:24,30,NO CONTROLS,NO CONTROLS,CLEAR,DAWN,PARKED MOTOR VEHICLE,ONE-WAY,,STRAIGHT AND LEVEL,DRY,NO DEFECTS,,INJURY AND / OR TOW DUE TO CRASH,,,Y,"OVER $1,500",12/28/2021 7:18,UNABLE TO DETERMINE,UNABLE TO DETERMINE,8820,S,JUSTINE ST,2221,,,,,,,3,NO INDICATION OF INJURY,0,0,0,0,0,1,0,22,2,12,41.7333405,-87.66192402,POINT (-87.661924024187 41.733340496869)
2d073f9830f5aaa503d4598c41adebd05f9e28ed4cb47dcbcf8a9cb56ea4a08b9c28b760470a4cd26c9dba0218d67c6eff0d122d3b997aac97a2c89d08946a04,JD153395,,2/15/2020 22:30,35,OTHER,OTHER,CLEAR,"DARKNESS, LIGHTED ROAD",SIDESWIPE SAME DIRECTION,ONE-WAY,,STRAIGHT AND LEVEL,DRY,UNKNOWN,,INJURY AND / OR TOW DUE TO CRASH,,,Y,"$501 - $1,500",2/16/2020 1:10,IMPROPER OVERTAKING/PASSING,IMPROPER LANE USAGE,700,N,LAKE SHORE DR NB,1834,,,,,,,2,"REPORTED, NOT EVIDENT",1,0,0,0,1,1,0,22,7,2,41.89507884,-87.61584666,POINT (-87.615846658479 41.895078838031)
71132801b9d55e6ead8ca8246ee2a176c72b592f64631b8aca9ef731ef9cc481d5812ba2156a5d3467afbff3139f090ea0200e7f544fe5ccad8283665acea32a,JE327877,,8/6/2021 5:28,35,NO CONTROLS,NO CONTROLS,CLEAR,"DARKNESS, LIGHTED ROAD",PEDESTRIAN,DIVIDED - W/MEDIAN (NOT RAISED),,STRAIGHT AND LEVEL,DRY,NO DEFECTS,,INJURY AND / OR TOW DUE TO CRASH,,,,"OVER $1,500",8/6/2021 5:29,UNABLE TO DETERMINE,UNABLE TO DETERMINE,5960,W,IRVING PARK RD,1624,,,,,,,2,INCAPACITATING INJURY,1,0,1,0,0,1,0,5,6,8,41.95316782,-87.77672039,POINT (-87.776720387061 41.953167823917)
2d0413ebbdf5f26df918d00d5dd8bbafac261cfac19c59b0d9b57a29674a91bc559419808c0e2c11a43aba0b5db2a06b527c529373b0d3304dc5e86f02de07ff,JF150464,,2/20/2022 13:20,30,TRAFFIC SIGNAL,FUNCTIONING PROPERLY,CLEAR,DAYLIGHT,ANGLE,DIVIDED - W/MEDIAN (NOT RAISED),,STRAIGHT AND LEVEL,DRY,UNKNOWN,NOT ON SCENE (DESK REPORT),NO INJURY / DRIVE AWAY,N,,,"OVER $1,500",2/20/2022 14:10,UNABLE TO DETERMINE,NOT APPLICABLE,200,N,CALIFORNIA AVE,1222,,,,,,,2,NO INDICATION OF INJURY,0,0,0,0,0,2,0,13,1,2,41.8843052,-87.69652347,POINT (-87.696523469888 41.884305200041)
71fde1e445e83f4216c56804fd57da6df5f3b960aac2405a23bcaae9c20b9cba341631c324e5aec20d86c12e69b78f14a4d5a4585eb804bd3986ebdd18e1ee2a,JF180624,,3/20/2022 17:51,30,TRAFFIC SIGNAL,FUNCTIONING PROPERLY,CLEAR,DAYLIGHT,PEDESTRIAN,T-INTERSECTION,,STRAIGHT AND LEVEL,DRY,NO DEFECTS,,INJURY AND / OR TOW DUE TO CRASH,Y,,,"OVER $1,500",3/20/2022 17:51,FAILING TO YIELD RIGHT-OF-WAY,NOT APPLICABLE,2600,S,HALSTED ST,913,,,,,,,3,NONINCAPACITATING INJURY,2,0,0,1,1,1,0,17,1,3,41.8452854,-87.64659508,POINT (-87.646595078608 41.845285396803)
834bbc095bc00a72db8e7db9962cead3a4bb6a93ae98829583ccaf75c0edb05ff8e7b5bd35bc3e012a8edff33c0affa17b404fb39342382ae74cc181cd567f86,JF187576,,3/26/2022 17:45,30,TRAFFIC SIGNAL,FUNCTIONING PROPERLY,CLEAR,DAWN,SIDESWIPE SAME DIRECTION,DIVIDED - W/MEDIAN (NOT RAISED),,STRAIGHT AND LEVEL,DRY,UNKNOWN,NOT ON SCENE (DESK REPORT),NO INJURY / DRIVE AWAY,,,,"OVER $1,500",3/26/2022 19:15,DRIVING SKILLS/KNOWLEDGE/EXPERIENCE,UNABLE TO DETERMINE,1329,N,LARRABEE ST,1821,,,,,,,2,NO INDICATION OF INJURY,0,0,0,0,0,2,0,17,7,3,41.90592302,-87.64313775,POINT (-87.643137752862 41.905923022697)
746cd6b3c49df23641f765c0079d93536b78c428efc22d85d8dc82b3b6571a753e62a1e1e55f9a32b09ff78b8356e85511be60bbec159e6a8c12871a8a7168dd,JF166032,,3/6/2022 3:30,30,NO CONTROLS,NO CONTROLS,CLEAR,DARKNESS,ANGLE,NOT DIVIDED,,STRAIGHT AND LEVEL,DRY,NO DEFECTS,NOT ON SCENE (DESK REPORT),NO INJURY / DRIVE AWAY,,,Y,"OVER $1,500",3/7/2022 11:47,FAILING TO YIELD RIGHT-OF-WAY,NOT APPLICABLE,400,E,87TH ST,632,,,,,,,2,NO INDICATION OF INJURY,0,0,0,0,0,2,0,3,1,3,41.73661397,-87.61444973,POINT (-87.614449730497 41.736613967437)
83a4f5f0e6b274b7b1a8b9806f73cc0e221523de6dbe7e5833d5d436c4c04be47f5f3458ddf40a40520917e392de045d107e43e53760ae92014c00176f67ca8d,JF187018,Y,3/26/2022 2:00,35,NO CONTROLS,NO CONTROLS,UNKNOWN,UNKNOWN,PARKED MOTOR VEHICLE,DIVIDED - W/MEDIAN (NOT RAISED),,STRAIGHT AND LEVEL,UNKNOWN,UNKNOWN,ON SCENE,NO INJURY / DRIVE AWAY,,,Y,"OVER $1,500",3/26/2022 8:20,UNABLE TO DETERMINE,UNABLE TO DETERMINE,3933,N,KEDZIE AVE,1733,,,,,,,2,NO INDICATION OF INJURY,0,0,0,0,0,1,0,2,7,3,41.95310018,-87.70784644,POINT (-87.707846440138 41.953100178868)
2ddc38314b4fcf26a1369a38d8338f3a908dc779109c54bad9b468b5e110244a2cc0d90374b6a20134609a7a8dd53bc963c4c163d1ad96e69b043e44ddf210f6,JF150279,,2/20/2022 10:22,20,STOP SIGN/FLASHER,NO CONTROLS,CLEAR,DAYLIGHT,ANGLE,FOUR WAY,,STRAIGHT AND LEVEL,WET,NO DEFECTS,ON SCENE,NO INJURY / DRIVE AWAY,,,Y,"OVER $1,500",2/20/2022 10:25,UNABLE TO DETERMINE,UNABLE TO DETERMINE,9000,S,CORNELL AVE,413,,,,,,,2,NO INDICATION OF INJURY,0,0,0,0,0,4,0,10,1,2,41.73137826,-87.5840535,POINT (-87.58405350387 41.731378255114)
74ba9aace2309509a313e4bdfe90b274c11a1f8db1a4c9373475e5931589e4b768b9c998ccd9a9e7f8d57390d1c0688f326f614f3ecd354cd8137ce69b8b71e7,JC337160,,7/6/2019 11:13,45,TRAFFIC SIGNAL,FUNCTIONING PROPERLY,CLEAR,DAYLIGHT,TURNING,ROUNDABOUT,,STRAIGHT AND LEVEL,DRY,NO DEFECTS,ON SCENE,INJURY AND / OR TOW DUE TO CRASH,Y,,,"OVER $1,500",7/6/2019 11:15,DISREGARDING TRAFFIC SIGNALS,NOT APPLICABLE,448,E,LOWER WACKER DR,114,,,,,,,2,NONINCAPACITATING INJURY,2,0,0,2,0,2,0,11,7,7,41.88752888,-87.61662976,POINT (-87.61662976391 41.887528881685)
3099f560c4f0b470c469c0cd1cb4b3416f15bf28170e8246c6a9ac1c83a93babbfbd76a744d3bee7609371d83be82fa83ffafa7d5f623376f842d67c30a23701,JF157353,,2/27/2022 2:17,30,TRAFFIC SIGNAL,FUNCTIONING PROPERLY,CLEAR,"DARKNESS, LIGHTED ROAD",ANGLE,FOUR WAY,,STRAIGHT AND LEVEL,DRY,NO DEFECTS,NOT ON SCENE (DESK REPORT),INJURY AND / OR TOW DUE TO CRASH,Y,,Y,"OVER $1,500",2/27/2022 3:19,DISREGARDING TRAFFIC SIGNALS,UNABLE TO DETERMINE,5200,W,MADISON ST,1522,,,,,,,2,NO INDICATION OF INJURY,0,0,0,0,0,5,0,2,1,2,41.88048075,-87.75513043,POINT (-87.755130432965 41.880480751702)
30fe945fab7d24a0f1437ccb56cc439b2e829c6c25da60f4ea1680af5e475bf4b259e2e7b8aa45d7722856e8f6ca3db9635fb875017c6e0e9eab570e3712a718,JF158487,Y,2/27/2022 15:00,20,NO CONTROLS,NO CONTROLS,CLEAR,"DARKNESS, LIGHTED ROAD",PARKED MOTOR VEHICLE,NOT DIVIDED,,STRAIGHT AND LEVEL,DRY,NO DEFECTS,NOT ON SCENE (DESK REPORT),NO INJURY / DRIVE AWAY,,,Y,"OVER $1,500",2/28/2022 10:00,UNABLE TO DETERMINE,NOT APPLICABLE,5129,S,LOCKWOOD AVE,814,,,,,,,2,NO INDICATION OF INJURY,0,0,0,0,0,1,0,15,1,2,41.79926825,-87.75500805,POINT (-87.755008053022 41.799268247368)
85cf4d01a14e5940f2da278d8e8d914429464adc2ffec617a2e160940a54a9d4ab6f9c002839d98f081493b81b25b10a11dd5b108c5940380d42b9769c880604,JF187421,,3/26/2022 15:45,30,STOP SIGN/FLASHER,FUNCTIONING PROPERLY,CLOUDY/OVERCAST,DAYLIGHT,TURNING,DIVIDED - W/MEDIAN (NOT RAISED),,STRAIGHT AND LEVEL,DRY,NO DEFECTS,NOT ON SCENE (DESK REPORT),NO INJURY / DRIVE AWAY,,,Y,"OVER $1,500",3/26/2022 16:00,UNABLE TO DETERMINE,NOT APPLICABLE,5702,W,WASHINGTON BLVD,1512,,,,,,,2,NO INDICATION OF INJURY,0,0,0,0,0,2,0,15,7,3,41.88229975,-87.76836254,POINT (-87.768362538207 41.882299750505)
2f39ffe0066ceaa007faa3831acb55a91968258bb329872e748bfb8735703e861e4c7b8ed19c0c9ceabc48dc04125a7ffb2bddecd8f3b3ecf7376d301960fabb,JF150538,,2/20/2022 15:20,35,NO CONTROLS,NO CONTROLS,CLEAR,DAYLIGHT,SIDESWIPE SAME DIRECTION,NOT DIVIDED,,STRAIGHT AND LEVEL,DRY,NO DEFECTS,ON SCENE,NO INJURY / DRIVE AWAY,,,,$500 OR LESS,2/20/2022 15:31,UNABLE TO DETERMINE,UNABLE TO DETERMINE,2398,W,GARFIELD BLVD,923,,,,,,,2,NO INDICATION OF INJURY,0,0,0,0,0,3,0,15,1,2,41.79398757,-87.68402381,POINT (-87.684023813454 41.793987572705)
76199c797014440f44c38f1ad6a521e39c56e13e4eaf726674598ecf805abb261172e030d13185c61b7d3163049e15413bea13b0c46cea6f76418aa630dd8ec3,JF165614,,3/6/2022 22:59,30,NO CONTROLS,NO CONTROLS,RAIN,"DARKNESS, LIGHTED ROAD",TURNING,NOT DIVIDED,,STRAIGHT AND LEVEL,WET,UNKNOWN,ON SCENE,INJURY AND / OR TOW DUE TO CRASH,Y,,Y,"OVER $1,500",3/6/2022 23:05,UNABLE TO DETERMINE,UNABLE TO DETERMINE,4452,W,MARQUETTE RD,833,,,,,,,2,NONINCAPACITATING INJURY,2,0,0,2,0,1,0,22,1,3,41.77134521,-87.73445212,POINT (-87.734452122847 41.771345209743)