CRASH_RECORD_ID,RD_NO,CRASH_DATE_EST_I,CRASH_DATE,POSTED_SPEED_LIMIT,TRAFFIC_CONTROL_DEVICE,DEVICE_CONDITION,WEATHER_CONDITION,LIGHTING_CONDITION,FIRST_CRASH_TYPE,TRAFFICWAY_TYPE,LANE_CNT,ALIGNMENT,ROADWAY_SURFACE_COND,ROAD_DEFECT,REPORT_TYPE,CRASH_TYPE,INTERSECTION_RELATED_I,NOT_RIGHT_OF_WAY_I,HIT_AND_RUN_I,DAMAGE,DATE_POLICE_NOTIFIED,PRIM_CONTRIBUTORY_CAUSE,SEC_CONTRIBUTORY_CAUSE,STREET_NO,STREET_DIRECTION,STREET_NAME,BEAT_OF_OCCURRENCE,PHOTOS_TAKEN_I,STATEMENTS_TAKEN_I,DOORING_I,WORK_ZONE_I,WORK_ZONE_TYPE,WORKERS_PRESENT_I,NUM_UNITS,MOST_SEVERE_INJURY,INJURIES_TOTAL,INJURIES_FATAL,INJURIES_INCAPACITATING,INJURIES_NON_INCAPACITATING,INJURIES_REPORTED_NOT_EVIDENT,INJURIES_NO_INDICATION,INJURIES_UNKNOWN,CRASH_HOUR,CRASH_DAY_OF_WEEK,CRASH_MONTH,LATITUDE,LONGITUDE,LOCATION
85d36df198839cb3e1e5cc3a38f33442725cd3a0a7b3d5b3a498fc0123f891f9061cef2d58a1b261bda094acf56b344fc6e9bc918bf9381040b58bde854fb0cd,JF187638,,3/26/2022 19:30,25,NO CONTROLS,NO CONTROLS,CLEAR,"DARKNESS, LIGHTED ROAD",SIDESWIPE SAME DIRECTION,ONE-WAY,,STRAIGHT AND LEVEL,DRY,UNKNOWN,ON SCENE,NO INJURY / DRIVE AWAY,,,,"OVER $1,500",3/26/2022 20:40,UNABLE TO DETERMINE,NOT APPLICABLE,524,W,OHARE ST,1654,,,,,,,2,NO INDICATION OF INJURY,0,0,0,0,0,2,0,19,7,3,,,
2f89466df62d777658994703299769ca97553431eb25a7e7acbb2c8128e259d208c90e91670dc8a03318c4a598fafffc7718a45f51352b35d0d7972b86caf0f6,JF150738,,2/20/2022 16:00,25,TRAFFIC SIGNAL,FUNCTIONING PROPERLY,CLEAR,DUSK,REAR TO FRONT,NOT DIVIDED,,STRAIGHT AND LEVEL,DRY,NO DEFECTS,NOT ON SCENE (DESK REPORT),NO INJURY / DRIVE AWAY,,,Y,"$501 - $1,500",2/20/2022 18:40,"OPERATING VEHICLE IN ERRATIC, RECKLESS, CARELESS, NEGLIGENT OR AGGRESSIVE MANNER",IMPROPER BACKING,6301,S,CENTRAL AVE,813,,,,,,,2,NO INDICATION OF INJURY,0,0,0,0,0,6,0,16,1,2,41.77801224,-87.76156624,POINT (-87.761566237843 41.778012238505)
8cb028f44c390b587925c48a26f3b13090f36b3bf3251732da51ae59fcae30519d8f8507ec7305837baffbde9c08824472555f59d917480279e3f5d1d72381e1,JF180579,,3/20/2022 14:04,30,NO CONTROLS,NO CONTROLS,CLEAR,DAYLIGHT,PARKED MOTOR VEHICLE,PARKING LOT,,STRAIGHT AND LEVEL,UNKNOWN,UNKNOWN,NOT ON SCENE (DESK REPORT),NO INJURY / DRIVE AWAY,,Y,Y,$500 OR LESS,3/20/2022 17:10,IMPROPER BACKING,NOT APPLICABLE,875,N,MICHIGAN AVE,1833,,,,,,,2,NO INDICATION OF INJURY,0,0,0,0,0,1,0,14,1,3,41.89894854,-87.62397499,POINT (-87.62397498769 41.89894854173)
2fc6eb24f23e385a2d5206730873172ba10e7c1e7b40741d070817102cff237c63ad7923ccaa9e2ea791cc5471542b12eaaecd9e962d7edc9bce72f3a5393ff2,JF152603,,2/20/2022 1:00,30,UNKNOWN,UNKNOWN,UNKNOWN,UNKNOWN,OTHER NONCOLLISION,UNKNOWN,,STRAIGHT AND LEVEL,UNKNOWN,UNKNOWN,NOT ON SCENE (DESK REPORT),NO INJURY / DRIVE AWAY,,,,"OVER $1,500",2/22/2022 15:30,UNABLE TO DETERMINE,UNABLE TO DETERMINE,4300,S,CICERO AVE,814,,,,,,,1,NO INDICATION OF INJURY,0,0,0,0,0,1,0,1,1,2,41.81483675,-87.74350148,POINT (-87.743501480634 41.81483675036)
32180b118ea9c0e894f53ca92948c7eb6991e79df8a65d7c9fb197d7348f470640afd5fecd2d065f2d61bab98d1726e49ed8a8c5b1fd05d58f1631f57a6055ed,JF157784,,2/27/2022 14:40,30,NO CONTROLS,NO CONTROLS,CLEAR,DAYLIGHT,REAR END,NOT DIVIDED,,STRAIGHT AND LEVEL,DRY,NO DEFECTS,NOT ON SCENE (DESK REPORT),NO INJURY / DRIVE AWAY,,,,"$501 - $1,500",2/27/2022 15:26,FOLLOWING TOO CLOSELY,FAILING TO REDUCE SPEED TO AVOID CRASH,6930,W,BELMONT AVE,1632,,,,,,,2,NO INDICATION OF INJURY,0,0,0,0,0,3,0,14,1,2,41.93821351,-87.79948122,POINT (-87.799481218314 41.938213505401)
ea5451a69ff05d746f37193eac09dbb8c952e257f1fc1e8956172580862574813fdd3d0cad9415fc72e5c2b35e73a0aea7725dda9974562208fe990103c3f738,JF172712,,3/13/2022 16:00,35,NO CONTROLS,NO CONTROLS,CLEAR,DAYLIGHT,REAR END,NOT DIVIDED,,STRAIGHT AND LEVEL,DRY,NO DEFECTS,NOT ON SCENE (DESK REPORT),NO INJURY / DRIVE AWAY,,,Y,"OVER $1,500",3/13/2022 16:30,FOLLOWING TOO CLOSELY,NOT APPLICABLE,4728,N,CENTRAL AVE,1622,,,,,,,2,NO INDICATION OF INJURY,0,0,0,0,0,2,0,16,1,3,41.96684255,-87.76759532,POINT (-87.767595318456 41.966842545341)
3017d08ecf42d4a87c8a1b9e429f773923f2b516374e172dcbab113c4a185972b6d733a2b5fd3eff964e71d2b4b8c467e7e9af4e1c5f35f546cc6e518af26aa1,JF150120,,2/20/2022 2:39,30,NO CONTROLS,NO CONTROLS,CLEAR,"DARKNESS, LIGHTED ROAD",PARKED MOTOR VEHICLE,NOT DIVIDED,,STRAIGHT AND LEVEL,ICE,NO DEFECTS,ON SCENE,NO INJURY / DRIVE AWAY,,,,$500 OR LESS,2/20/2022 2:39,IMPROPER BACKING,NOT APPLICABLE,3159,W,41ST ST,921,,,,,,,2,NO INDICATION OF INJURY,0,0,0,0,0,1,0,2,1,2,41.81888264,-87.70419849,POINT (-87.704198492146 41.818882634521)
86dd261dfbb5c5d82b9810acd7b3db11bb3979807bad97e76670ff7ba310547cd90ea23857335326de1e6e809692aa0cc96998a56ea9b29e6afa5417224666c5,JF191777,,3/26/2022 3:05,30,TRAFFIC SIGNAL,FUNCTIONING PROPERLY,CLEAR,DARKNESS,SIDESWIPE SAME DIRECTION,DIVIDED - W/MEDIAN BARRIER,,STRAIGHT AND LEVEL,DRY,NO DEFECTS,NOT ON SCENE (DESK REPORT),NO INJURY / DRIVE AWAY,,,Y,"OVER $1,500",3/30/2022 18:30,IMPROPER LANE USAGE,NOT APPLICABLE,800,N,LAKE SHORE DR NB,1833,,,,,,,2,NO INDICATION OF INJURY,0,0,0,0,0,2,0,3,7,3,41.89680497,-87.61702742,POINT (-87.617027423234 41.896804972416)
8cf442fa90d7002d18eab0340604c695102fd1e58da515dee6ef07c316185d9904b28288d51af97378dfd5b0c321ad4aaa270ceb221cbe1110dc305a0f704b22,JF186984,,3/20/2022 0:20,35,TRAFFIC SIGNAL,FUNCTIONING PROPERLY,CLEAR,"DARKNESS, LIGHTED ROAD",SIDESWIPE SAME DIRECTION,OTHER,,STRAIGHT AND LEVEL,DRY,NO DEFECTS,NOT ON SCENE (DESK REPORT),NO INJURY / DRIVE AWAY,,,Y,"$501 - $1,500",3/26/2022 7:00,IMPROPER LANE USAGE,NOT APPLICABLE,634,N,ORLEANS ST,1831,,,,,,,2,NO INDICATION OF INJURY,0,0,0,0,0,2,0,0,1,3,41.8934012,-87.63723421,POINT (-87.637234208628 41.89340119621)
8d728deb1e47e202a8dbb2d44fa76c1ee3bb5a1a9359f4acae5a65398812cda6c3af3b634f189c621915ecbaff206ddeb5d5ce98ebcd2a4f225249edfb85843c,JF180676,,3/20/2022 17:50,30,NO CONTROLS,UNKNOWN,UNKNOWN,UNKNOWN,REAR TO SIDE,PARKING LOT,,STRAIGHT AND LEVEL,UNKNOWN,UNKNOWN,NOT ON SCENE (DESK REPORT),NO INJURY / DRIVE AWAY,,,,$500 OR LESS,3/20/2022 18:35,UNABLE TO DETERMINE,UNABLE TO DETERMINE,2525,S,DR MARTIN LUTHER KING JR DR,133,,,,,,,2,NO INDICATION OF INJURY,0,0,0,0,0,2,0,17,1,3,41.84676661,-87.61717578,POINT (-87.61717577755 41.846766610919)
d10e67d1ee834d68e0eb52fb2e69b06f1d819be7caaf7ea5300e5289a56699bf40dc7d8c87a9475c80cd949ff9fdc8fb165c6583125a2d721260a7b2d79e4501,JF152031,,2/22/2022 0:40,30,NO CONTROLS,NO CONTROLS,CLEAR,"DARKNESS, LIGHTED ROAD",SIDESWIPE SAME DIRECTION,NOT DIVIDED,,STRAIGHT AND LEVEL,WET,NO DEFECTS,NOT ON SCENE (DESK REPORT),NO INJURY / DRIVE AWAY,,,Y,$500 OR LESS,2/22/2022 1:13,UNABLE TO DETERMINE,UNABLE TO DETERMINE,150,E,PERSHING RD,212,,,,,,,2,NO INDICATION OF INJURY,0,0,0,0,0,2,0,0,3,2,41.82388405,-87.62168168,POINT (-87.62168167672 41.823884049607)
d1f8620acb49971e8b4df75883e2ae76907715201df14ef882f30fbeb87b0f5ace0928047e12904df2811385031ceb0665c570b52ec397c7cec13172cb7e4db7,JF152348,,2/22/2022 11:15,30,NO CONTROLS,NO CONTROLS,RAIN,DAYLIGHT,FIXED OBJECT,NOT DIVIDED,,STRAIGHT AND LEVEL,WET,"RUT, HOLES",ON SCENE,NO INJURY / DRIVE AWAY,,,,"$501 - $1,500",2/22/2022 11:17,ROAD CONSTRUCTION/MAINTENANCE,NOT APPLICABLE,4130,W,IRVING PARK RD,1722,,,,,,,1,NO INDICATION OF INJURY,0,0,0,0,0,1,0,11,3,2,41.95372954,-87.73049307,POINT (-87.730493066598 41.953729541764)
eaffd9d7f9dad605e0cf39478198590471c2f2289094f2d7f122e3f9b3fa7a10967f4b5f0ca1486aee8492879ca04390982c1d50858dab110a9f6026f909180c,JF173001,,3/13/2022 22:30,30,NO CONTROLS,NO CONTROLS,CLEAR,"DARKNESS, LIGHTED ROAD",OTHER OBJECT,DIVIDED - W/MEDIAN BARRIER,,STRAIGHT AND LEVEL,DRY,NO DEFECTS,ON SCENE,INJURY AND / OR TOW DUE TO CRASH,,,,"OVER $1,500",3/13/2022 22:40,UNABLE TO DETERMINE,NOT APPLICABLE,315,E,LOWER WACKER DR,114,,,,,,,1,NO INDICATION OF INJURY,0,0,0,0,0,1,0,22,1,3,41.88759073,-87.62000621,POINT (-87.620006211328 41.887590726713)
eb24b4ad3beb174741ace7f67790d2b8024981c80f72c042c548be6980ebbbb14d90ac0d1083fdda5d176f683b38a3293f243bc72ed6eeee7ea3db3857a7a3e7,JF172995,,3/13/2022 22:50,30,NO CONTROLS,NO CONTROLS,CLEAR,"DARKNESS, LIGHTED ROAD",PARKED MOTOR VEHICLE,NOT DIVIDED,,STRAIGHT AND LEVEL,DRY,NO DEFECTS,ON SCENE,NO INJURY / DRIVE AWAY,,,Y,"$501 - $1,500",3/13/2022 22:53,UNABLE TO DETERMINE,NOT APPLICABLE,10638,S,WESTERN AVE,2211,,,,,,,2,NO INDICATION OF INJURY,0,0,0,0,0,1,0,22,1,3,41.69973489,-87.68155515,POINT (-87.681555154206 41.699734892158)
eba6606c63338c17702582b59e0d37ec681cb0fadd6c86a842273b18bcbad051e6313e62e76aee6694c8658cf3531c22076597aff4c76e59feb53a318f90a025,JF172143,N,3/13/2022 1:25,30,NO CONTROLS,NO CONTROLS,CLEAR,"DARKNESS, LIGHTED ROAD",FIXED OBJECT,NOT DIVIDED,,STRAIGHT AND LEVEL,DRY,NO DEFECTS,ON SCENE,INJURY AND / OR TOW DUE TO CRASH,,,,"OVER $1,500",3/13/2022 1:39,UNABLE TO DETERMINE,UNABLE TO DETERMINE,6857,S,SOUTH SHORE DR,334,,,,,,,1,NO INDICATION OF INJURY,0,0,0,0,0,1,0,1,1,3,41.77005656,-87.56640542,POINT (-87.566405420164 41.770056556348)
87efe14ac39cba83f7634acd1bfd63bd9a5426a766bcba596fae9958effd9d3608b24a12550959ac0c931c2c438995aa9fb3611576d2f421ad42be7d55cf1594,JF114411,,1/16/2022 5:19,25,NO CONTROLS,NO CONTROLS,CLEAR,"DARKNESS, LIGHTED ROAD",PARKED MOTOR VEHICLE,ONE-WAY,,STRAIGHT AND LEVEL,DRY,NO DEFECTS,,NO INJURY / DRIVE AWAY,,,Y,"$501 - $1,500",1/16/2022 5:22,UNABLE TO DETERMINE,NOT APPLICABLE,6319,W,BERENICE AVE,1633,,Y,,,,,4,NO INDICATION OF INJURY,0,0,0,0,0,1,0,5,1,1,41.95011128,-87.78479947,POINT (-87.784799464525 41.950111277285)
881710288ae8d046636ef26535d994735044be960e243823c9e99df6e908f93a6f1f9dcafb2e9fd24229fef21bba49a131bbfb1243d0b098464599599fcf6811,JD398464,,10/13/2020 18:57,30,NO CONTROLS,NO CONTROLS,CLEAR,DAYLIGHT,PEDESTRIAN,NOT DIVIDED,,STRAIGHT AND LEVEL,DRY,NO DEFECTS,,INJURY AND / OR TOW DUE TO CRASH,,,Y,$500 OR LESS,10/13/2020 18:57,FAILING TO YIELD RIGHT-OF-WAY,NOT APPLICABLE,2759,W,ROOSEVELT RD,1023,,,,,,,2,NONINCAPACITATING INJURY,1,0,0,1,0,1,0,18,3,10,41.86640167,-87.69584471,POINT (-87.695844706263 41.866401670828)
3322a6df2f255b25d142a1b9673ab9e0d5a281b6dccd626574c403f47dad94a5e0252f33cc43dbe870374de9f3ec2c1f595616c72a170d429ff6407a2ea7a9ac,JE339995,,8/15/2021 23:00,20,NO CONTROLS,NO CONTROLS,CLEAR,"DARKNESS, LIGHTED ROAD",PEDESTRIAN,PARKING LOT,,STRAIGHT AND LEVEL,DRY,UNKNOWN,,INJURY AND / OR TOW DUE TO CRASH,,,Y,$500 OR LESS,8/17/2021 1:30,FAILING TO YIELD RIGHT-OF-WAY,NOT APPLICABLE,368,E,GARFIELD BLVD,231,,,,,,,2,NONINCAPACITATING INJURY,1,0,0,1,0,1,0,23,1,8,41.79490891,-87.61647179,POINT (-87.61647179201 41.794908912028)
8e27e4af6b8246f69e7d8908c303218cba8ebd123f791a3c15c23d0b18d9d49fabd835064fdd83573f05e867afe5832e2444343288f243ea8459fd87995c5e7a,JF180017,,3/20/2022 3:15,30,TRAFFIC SIGNAL,FUNCTIONING PROPERLY,CLEAR,"DARKNESS, LIGHTED ROAD",ANGLE,T-INTERSECTION,,STRAIGHT AND LEVEL,DRY,NO DEFECTS,ON SCENE,INJURY AND / OR TOW DUE TO CRASH,Y,,Y,"OVER $1,500",3/20/2022 3:18,FAILING TO YIELD RIGHT-OF-WAY,NOT APPLICABLE,1449,W,NORTH AVE,1433,,,,,,,2,NONINCAPACITATING INJURY,1,0,0,1,0,3,0,3,1,3,41.91056109,-87.6647472,POINT (-87.664747198069 41.910561091353)
79d03455bffb3a7f1daba9de7c9f212b4d9b5252b0da02c7bcc9d46e6b468f92d93c61cb91ab54613571bf2702bb8f9f9289a68deef249818a1c1c2eef25f248,JF165283,,3/6/2022 14:00,30,UNKNOWN,UNKNOWN,UNKNOWN,UNKNOWN,SIDESWIPE OPPOSITE DIRECTION,UNKNOWN,,STRAIGHT AND LEVEL,UNKNOWN,UNKNOWN,NOT ON SCENE (DESK REPORT),NO INJURY / DRIVE AWAY,,,,"OVER $1,500",3/6/2022 16:00,UNABLE TO DETERMINE,UNABLE TO DETERMINE,5300,S,MASON AVE,811,,,,,,,2,NO INDICATION OF INJURY,0,0,0,0,0,2,0,14,1,3,41.79617091,-87.77109934,POINT (-87.771099342536 41.796170912343)
32ef6caea9dd2fede3aa826c5a376388afcf8c0a20903cd75f12ed21470fb210cebfc8fad536b652b10168731048a8b550ea75f4f02029f8f3a0a79128c66033,JF150466,,2/20/2022 13:32,30,TRAFFIC SIGNAL,FUNCTIONING PROPERLY,CLEAR,DAYLIGHT,REAR END,DIVIDED - W/MEDIAN (NOT RAISED),,STRAIGHT AND LEVEL,DRY,NO DEFECTS,ON SCENE,NO INJURY / DRIVE AWAY,,,Y,"OVER $1,500",2/20/2022 13:33,FOLLOWING TOO CLOSELY,NOT APPLICABLE,2017,S,WABASH AVE,131,,,,,,,2,NO INDICATION OF INJURY,0,0,0,0,0,3,0,13,1,2,41.85495344,-87.62539961,POINT (-87.625399605304 41.854953444167)
7a154470ce59ac94f0bf4faeadd16ed105678a2b7e1210fada24767bcac173525fc128bd38690365dfb360f3e1adadff7f1748b7d0cf37144b73ed3211d8abaa,JF165641,Y,3/6/2022 21:00,25,NO CONTROLS,NO CONTROLS,UNKNOWN,"DARKNESS, LIGHTED ROAD",PARKED MOTOR VEHICLE,NOT DIVIDED,,STRAIGHT AND LEVEL,UNKNOWN,NO DEFECTS,ON SCENE,NO INJURY / DRIVE AWAY,,,Y,"OVER $1,500",3/6/2022 23:41,UNABLE TO DETERMINE,UNABLE TO DETERMINE,7215,N,CALIFORNIA AVE,2411,,,,,,,2,NO INDICATION OF INJURY,0,0,0,0,0,1,0,21,1,3,42.01255231,-87.6995657,POINT (-87.699565702559 42.0125523055)
8e8a50fb8718c98a535f894df35f028783568bbdd10da99752cc5840e43996a5c3ef3aad4032d416cae09a9abaa6e4a710c10102ca0f5fe836f49004242249f2,JF180734,,3/20/2022 19:27,30,TRAFFIC SIGNAL,FUNCTIONING PROPERLY,CLEAR,"DARKNESS, LIGHTED ROAD",REAR END,NOT DIVIDED,,STRAIGHT AND LEVEL,DRY,NO DEFECTS,NOT ON SCENE (DESK REPORT),NO INJURY / DRIVE AWAY,Y,,,"OVER $1,500",3/20/2022 19:55,FOLLOWING TOO CLOSELY,FAILING TO REDUCE SPEED TO AVOID CRASH,2200,S,WENTWORTH AVE,914,,,,,,,2,NO INDICATION OF INJURY,0,0,0,0,0,3,0,19,1,3,41.85281668,-87.63215529,POINT (-87.632155289181 41.852816681706)
ec7589bb20339e4c8734dd1d445942f32a400478dc7b0e5b90e7f40a300616d121adda0ce6968b53d7f808e3d75f5679de9699df9723cbec135d5728d6ce2f5b,JF173646,,3/13/2022 10:00,30,UNKNOWN,UNKNOWN,CLEAR,DAYLIGHT,PARKED MOTOR VEHICLE,UNKNOWN,,STRAIGHT AND LEVEL,DRY,UNKNOWN,NOT ON SCENE (DESK REPORT),NO INJURY / DRIVE AWAY,,,Y,"OVER $1,500",3/14/2022 15:00,UNABLE TO DETERMINE,UNABLE TO DETERMINE,4736,S,CALUMET AVE,224,,,,,,,2,NO INDICATION OF INJURY,0,0,0,0,0,1,0,10,1,3,41.80824828,-87.61827094,POINT (-87.61827093876 41.808248277747)
35d094651cadaefeb70bb48cca0eaf4624d6cbe8cf52ddf59fbdce66c4d0ef591ef7c547eeb0c5507f0057d83a3700c7ae07b424a3437301f29dd9fb217a1d15,JF157466,,2/27/2022 2:25,30,TRAFFIC SIGNAL,FUNCTIONING PROPERLY,CLEAR,"DARKNESS, LIGHTED ROAD",FIXED OBJECT,FOUR WAY,,STRAIGHT AND LEVEL,DRY,NO DEFECTS,ON SCENE,INJURY AND / OR TOW DUE TO CRASH,,Y,,"OVER $1,500",2/27/2022 2:30,UNABLE TO DETERMINE,NOT APPLICABLE,2839,E,106TH ST,434,,,,,,,1,NO INDICATION OF INJURY,0,0,0,0,0,3,0,2,1,2,41.70265722,-87.55475186,POINT (-87.554751863633 41.702657222571)
7ae416ff68b104078d35f64f2c6314d5b3727aa08595c06748a40776af446ef9de1fecf23de3b38d589c6f5470263ea4d41a0b18ce7022ae0db288fa496e4eaf,JC293221,,4/18/2019 9:30,30,NO CONTROLS,NO CONTROLS,RAIN,DAYLIGHT,OTHER NONCOLLISION,RAMP,,STRAIGHT AND LEVEL,WET,NO DEFECTS,NOT ON SCENE (DESK REPORT),NO INJURY / DRIVE AWAY,,,,$500 OR LESS,6/5/2019 13:30,ROAD ENGINEERING/SURFACE/MARKING DEFECTS,NOT APPLICABLE,488,E,LOWER WACKER DR,114,,,,,,,1,NO INDICATION OF INJURY,0,0,0,0,0,1,0,9,5,4,41.88747989,-87.61604712,POINT (-87.616047119018 41.88747988917)
34f100afc25baa1d20eedd84bd5cee1426c8ae432e527b04ab570cfcb6a51973adbf23e0993af6fb43ef49a5d828b8e3edac437b1a91adff7384f1595fb35636,JD469602,,12/26/2020 3:12,30,NO CONTROLS,FUNCTIONING PROPERLY,CLEAR,"DARKNESS, LIGHTED ROAD",FIXED OBJECT,NOT DIVIDED,,STRAIGHT AND LEVEL,DRY,NO DEFECTS,,INJURY AND / OR TOW DUE TO CRASH,Y,,,"OVER $1,500",12/26/2020 3:12,UNABLE TO DETERMINE,NOT APPLICABLE,300,E,63RD ST,311,Y,,,,,,1,FATAL,2,1,1,0,0,1,0,3,7,12,41.78029139,-87.61882023,POINT (-87.618820231187 41.780291393174)
7a8f3d4ee23b1b63de7f15916911732130d19b0c022849d128538370c5a4e9926e06c0808890a0a9782975abffaba7757f37993adf6bde55a58e1f1a297d1e64,JC191185,Y,3/19/2019 8:45,40,NO CONTROLS,NO CONTROLS,CLEAR,DAYLIGHT,SIDESWIPE SAME DIRECTION,DIVIDED - W/MEDIAN BARRIER,4,STRAIGHT AND LEVEL,DRY,NO DEFECTS,,NO INJURY / DRIVE AWAY,,,Y,"OVER $1,500",3/19/2019 8:50,UNABLE TO DETERMINE,NOT APPLICABLE,3200,N,LAKE SHORE DR,1925,,,,,,,2,NO INDICATION OF INJURY,0,0,0,0,0,2,0,8,3,3,41.94090916,-87.63936916,POINT (-87.639369159955 41.940909163268)
3491bbe18f59447c815cda7768dc482f6b962f745deba520747fdcca0a580948091995d51159932a9c02c9b662d233d7037b32dd3e44a47a430766be13ee6060,JF150465,,2/20/2022 14:00,25,STOP SIGN/FLASHER,FUNCTIONING PROPERLY,CLEAR,DAYLIGHT,HEAD ON,NOT DIVIDED,,STRAIGHT AND LEVEL,DRY,NO DEFECTS,NOT ON SCENE (DESK REPORT),NO INJURY / DRIVE AWAY,,,Y,"OVER $1,500",2/20/2022 14:10,IMPROPER LANE USAGE,HAD BEEN DRINKING (USE WHEN ARREST IS NOT MADE),4700,S,HERMITAGE AVE,931,,,,,,,2,NO INDICATION OF INJURY,0,0,0,0,0,3,0,14,1,2,41.80847543,-87.66875465,POINT (-87.668754648912 41.808475426818)
34bfdfdcbf7c965cc910ce94b4f6291e18a04f25279e0b20827fd26ee5cd99adbfc5b425a7dca69a5b874cbdd7a3d546029c40645076db0bc6f3612e86df9daa,JF150476,,2/20/2022 13:00,30,NO CONTROLS,NO CONTROLS,CLEAR,DAYLIGHT,REAR END,NOT DIVIDED,,STRAIGHT AND LEVEL,DRY,NO DEFECTS,NOT ON SCENE (DESK REPORT),NO INJURY / DRIVE AWAY,,,,$500 OR LESS,2/20/2022 14:33,DRIVING SKILLS/KNOWLEDGE/EXPERIENCE,NOT APPLICABLE,321,W,83RD ST,622,,,,,,,2,NO INDICATION OF INJURY,0,0,0,0,0,2,0,13,1,2,41.7434213,-87.63252585,POINT (-87.632525852678 41.743421296444)
8f84eb429f3faa70d9488ed153cb6d39c64c97611300d4741a98844416de41168381b1bd16149d9df7e2394775f89a3392728d3106cf526c32eb9d6718df4eab,JF181486,,3/20/2022 23:00,30,NO CONTROLS,NO CONTROLS,CLEAR,"DARKNESS, LIGHTED ROAD",SIDESWIPE SAME DIRECTION,FOUR WAY,,STRAIGHT AND LEVEL,DRY,NO DEFECTS,NOT ON SCENE (DESK REPORT),NO INJURY / DRIVE AWAY,Y,,,"$501 - $1,500",3/21/2022 13:50,IMPROPER OVERTAKING/PASSING,UNABLE TO DETERMINE,5632,W,MADISON ST,1513,,,,,,,2,NO INDICATION OF INJURY,0,0,0,0,0,2,0,23,1,3,41.88033396,-87.76625395,POINT (-87.766253945447 41.880333955527)
37bcaf54fa54c8186aea21e23a39afe39db7aae3b6d3d85772299502774016cb50a8d57e63555fb0d5799b9b4496bed5779aaca9efd241d9d62b0aab274730ce,JF157608,Y,2/27/2022 10:54,30,STOP SIGN/FLASHER,FUNCTIONING PROPERLY,CLEAR,DAYLIGHT,ANGLE,NOT DIVIDED,,STRAIGHT AND LEVEL,DRY,NO DEFECTS,ON SCENE,INJURY AND / OR TOW DUE TO CRASH,,,,"OVER $1,500",2/27/2022 11:04,FAILING TO YIELD RIGHT-OF-WAY,NOT APPLICABLE,5201,W,LE MOYNE ST,2532,,,,,,,2,NO INDICATION OF INJURY,0,0,0,0,0,2,0,10,1,2,41.90757572,-87.75596205,POINT (-87.755962045771 41.907575716881)
7bc536588cb8871e5152d993b6f5e912379e4c5c036ddfa986fb7b65b5b549059e5b0df4a7d14f2aefaeafb60556c1e638728a4afa5d40ca9acbc804c57db5e6,HZ490322,,10/26/2016 15:20,30,TRAFFIC SIGNAL,FUNCTIONING PROPERLY,RAIN,DAYLIGHT,ANGLE,NOT DIVIDED,2,STRAIGHT AND LEVEL,WET,NO DEFECTS,,NO INJURY / DRIVE AWAY,,,,"OVER $1,500",10/26/2016 18:00,UNABLE TO DETERMINE,UNABLE TO DETERMINE,7502,S,SOUTH CHICAGO AVE,624,,,,,,,2,NO INDICATION OF INJURY,0,0,0,0,0,2,0,15,4,10,41.75846316,-87.59552078,POINT (-87.595520782024 41.758463159264)
7cd200c289bdc8a194e2c6fec44c52b5b7dd0203d0ea990cdd7dbd9c5ca9daf52eed5ed9f7afbb9a8c42947e42cd588920303ba6ae2727e0c1f42ef5b17605dc,JC298409,,6/9/2019 1:15,30,TRAFFIC SIGNAL,FUNCTIONING PROPERLY,CLEAR,"DARKNESS, LIGHTED ROAD",TURNING,DIVIDED - W/MEDIAN BARRIER,,STRAIGHT AND LEVEL,DRY,NO DEFECTS,NOT ON SCENE (DESK REPORT),NO INJURY / DRIVE AWAY,Y,,,"OVER $1,500",6/9/2019 1:45,IMPROPER TURNING/NO SIGNAL,UNABLE TO DETERMINE,488,E,LOWER WACKER DR,114,,,,,,,2,NO INDICATION OF INJURY,0,0,0,0,0,4,0,1,1,6,41.88747989,-87.61604712,POINT (-87.616047119018 41.88747988917)
7ce9c5a1b4e3c285431a7bd9c4264c88d83ec37ee9fe4e92d9d1a66c3f4cd8b997ffc6ecaa54f957f079b77645d2be4c5878e959f593b82fa2aa5569d79d95df,JF167921,,3/6/2022 16:45,30,TRAFFIC SIGNAL,FUNCTIONING PROPERLY,CLEAR,DAYLIGHT,SIDESWIPE SAME DIRECTION,DIVIDED - W/MEDIAN (NOT RAISED),,STRAIGHT AND LEVEL,DRY,NO DEFECTS,NOT ON SCENE (DESK REPORT),NO INJURY / DRIVE AWAY,,,,"OVER $1,500",3/9/2022 6:00,UNABLE TO DETERMINE,UNABLE TO DETERMINE,1411,W,87TH ST,2222,,,,,,,2,NO INDICATION OF INJURY,0,0,0,0,0,2,0,16,1,3,41.73574485,-87.65871771,POINT (-87.658717705659 41.735744851366)