CRASH_RECORD_ID,RD_NO,CRASH_DATE_EST_I,CRASH_DATE,POSTED_SPEED_LIMIT,TRAFFIC_CONTROL_DEVICE,DEVICE_CONDITION,WEATHER_CONDITION,LIGHTING_CONDITION,FIRST_CRASH_TYPE,TRAFFICWAY_TYPE,LANE_CNT,ALIGNMENT,ROADWAY_SURFACE_COND,ROAD_DEFECT,REPORT_TYPE,CRASH_TYPE,INTERSECTION_RELATED_I,NOT_RIGHT_OF_WAY_I,HIT_AND_RUN_I,DAMAGE,DATE_POLICE_NOTIFIED,PRIM_CONTRIBUTORY_CAUSE,SEC_CONTRIBUTORY_CAUSE,STREET_NO,STREET_DIRECTION,STREET_NAME,BEAT_OF_OCCURRENCE,PHOTOS_TAKEN_I,STATEMENTS_TAKEN_I,DOORING_I,WORK_ZONE_I,WORK_ZONE_TYPE,WORKERS_PRESENT_I,NUM_UNITS,MOST_SEVERE_INJURY,INJURIES_TOTAL,INJURIES_FATAL,INJURIES_INCAPACITATING,INJURIES_NON_INCAPACITATING,INJURIES_REPORTED_NOT_EVIDENT,INJURIES_NO_INDICATION,INJURIES_UNKNOWN,CRASH_HOUR,CRASH_DAY_OF_WEEK,CRASH_MONTH,LATITUDE,LONGITUDE,LOCATION
8c6dc25e9d5a805362ad64596c9be393dc623c16056d88de08d6819ce2567154b9c1664c5a81b22a04d19b828559921edea77eb5b0d51ddd342b9553abc40134,JF187043,Y,3/26/2022 2:00,25,NO CONTROLS,NO CONTROLS,CLEAR,DARKNESS,PARKED MOTOR VEHICLE,ONE-WAY,,STRAIGHT AND LEVEL,UNKNOWN,NO DEFECTS,ON SCENE,INJURY AND / OR TOW DUE TO CRASH,,,Y,"OVER $1,500",3/26/2022 9:17,UNABLE TO DETERMINE,UNABLE TO DETERMINE,5205,N,WINTHROP AVE,2023,,,,,,,3,NO INDICATION OF INJURY,0,0,0,0,0,1,0,2,7,3,41.97655921,-87.65767472,POINT (-87.657674719469 41.976559208807)
3940e830a71178e1d4ce196d3753876f6f04c0e345ef0400608027f23b2ba40685541276d6a06552c8ccc815b994c2b8ce649b396a043dfa59fa04929d438dee,JF157674,,2/27/2022 12:57,35,TRAFFIC SIGNAL,FUNCTIONING PROPERLY,CLEAR,DAYLIGHT,REAR END,DIVIDED - W/MEDIAN BARRIER,,STRAIGHT AND LEVEL,DRY,NO DEFECTS,ON SCENE,NO INJURY / DRIVE AWAY,,,Y,"$501 - $1,500",2/27/2022 13:00,FOLLOWING TOO CLOSELY,UNABLE TO DETERMINE,4301,S,CICERO AVE,815,,,,,,,2,NO INDICATION OF INJURY,0,0,0,0,0,3,0,12,1,2,41.81484189,-87.7432081,POINT (-87.743208098805 41.814841893143)
8c772c9fcc4a188092c4e77b1387faa079c84ac6d6d0858c7cefa96e0cb4f1a9c36292b6eaf2ea42c6c5d62320e97edebc065bc95082da6c475e502ddd134825,JF187361,,3/26/2022 15:05,30,TRAFFIC SIGNAL,FUNCTIONING PROPERLY,CLEAR,DAYLIGHT,REAR END,NOT DIVIDED,,STRAIGHT AND LEVEL,UNKNOWN,UNKNOWN,NOT ON SCENE (DESK REPORT),NO INJURY / DRIVE AWAY,Y,,,"$501 - $1,500",3/26/2022 15:15,UNABLE TO DETERMINE,NOT APPLICABLE,4900,N,LINCOLN AVE,2031,,,,,,,2,NO INDICATION OF INJURY,0,0,0,0,0,2,0,15,7,3,41.97081203,-87.69010846,POINT (-87.690108461338 41.970812027203)
7e2b3e15c9dab1d29231869382b297239e32d782a2a9c154d94f6340e001b88cde37cb8f3941f8f77bd37dc63852acd0005403cc62a00673c7a4494c323454b0,JF164971,,3/6/2022 9:45,20,NO CONTROLS,NO CONTROLS,CLEAR,"DARKNESS, LIGHTED ROAD",PARKED MOTOR VEHICLE,ONE-WAY,,STRAIGHT AND LEVEL,DRY,NO DEFECTS,NOT ON SCENE (DESK REPORT),NO INJURY / DRIVE AWAY,,,Y,"OVER $1,500",3/6/2022 10:00,UNABLE TO DETERMINE,NOT APPLICABLE,11157,S,VERNON AVE,531,,,,,,,2,NO INDICATION OF INJURY,0,0,0,0,0,1,0,9,1,3,41.69113239,-87.61196486,POINT (-87.61196485579 41.691132390821)
397734517f0b0b38abd0ea24fd86af060df24db0511962bfeecb6361dd42607335239a20413ce4f1072168c750e5e0c49408b6f61a56d3017f431184659370e0,JF158009,,2/27/2022 18:37,30,STOP SIGN/FLASHER,FUNCTIONING PROPERLY,CLEAR,"DARKNESS, LIGHTED ROAD",FIXED OBJECT,FOUR WAY,,STRAIGHT AND LEVEL,DRY,UNKNOWN,ON SCENE,INJURY AND / OR TOW DUE TO CRASH,,Y,,"OVER $1,500",2/27/2022 18:39,NOT APPLICABLE,NOT APPLICABLE,3662,S,HERMITAGE AVE,912,,,,,,,1,INCAPACITATING INJURY,2,0,1,1,0,0,0,18,1,2,41.82689604,-87.66923475,POINT (-87.669234753264 41.826896040918)
3767dfab2fd7bb2e5991e788ca1094179978cc62cc2245b3d18c9009f2e1ec641fb49fb58b485987477eb64536b4fb63972b30b99421fba2a0d5d488d090cc27,JF150222,,2/20/2022 8:30,30,NO CONTROLS,NO CONTROLS,CLEAR,DAYLIGHT,PARKED MOTOR VEHICLE,NOT DIVIDED,,STRAIGHT AND LEVEL,DRY,NO DEFECTS,ON SCENE,INJURY AND / OR TOW DUE TO CRASH,,,N,"OVER $1,500",2/20/2022 8:34,UNABLE TO DETERMINE,NOT APPLICABLE,467,N,ARTESIAN AVE,1221,,,,N,,,3,NO INDICATION OF INJURY,0,0,0,0,0,1,0,8,1,2,41.89047681,-87.68776976,POINT (-87.687769757886 41.890476805957)
37a7ea939ef1881097d1dfd65042d107187c7847dcba228e1fe13d33aca2cb8e6b989dc27cd6496378bdd13cdf164155d1e5bf573ad1b91e2b1403527a2bcf33,JF151750,,2/20/2022 18:00,30,NO CONTROLS,NO CONTROLS,CLEAR,"DARKNESS, LIGHTED ROAD",PARKED MOTOR VEHICLE,ONE-WAY,,STRAIGHT AND LEVEL,DRY,NO DEFECTS,NOT ON SCENE (DESK REPORT),NO INJURY / DRIVE AWAY,,,Y,"OVER $1,500",2/21/2022 18:10,UNABLE TO DETERMINE,UNABLE TO DETERMINE,9218,S,ELIZABETH ST,2222,,,,,,,2,NO INDICATION OF INJURY,0,0,0,0,0,1,0,18,1,2,41.72619663,-87.65442907,POINT (-87.65442906771 41.726196630605)
39e1e36d13e222447c19fab92e962e0ff684937344832871edc8dedea6fd133e82e0e295a6b9860bda82f69ead92cc8301700f89c7c1c29c329029803bd734a8,JD341999,,8/23/2020 3:45,30,NO CONTROLS,NO CONTROLS,CLEAR,"DARKNESS, LIGHTED ROAD",PARKED MOTOR VEHICLE,NOT DIVIDED,,STRAIGHT AND LEVEL,DRY,NO DEFECTS,,INJURY AND / OR TOW DUE TO CRASH,,,Y,"OVER $1,500",8/23/2020 3:46,UNABLE TO DETERMINE,UNABLE TO DETERMINE,3237,W,111TH ST,2211,,,,,,,2,NO INDICATION OF INJURY,0,0,0,0,0,1,0,3,1,8,41.69143799,-87.70230493,POINT (-87.702304929487 41.691437986741)
7e9c3f6bf8fa278da91fb35db4b8f38d2edec55588f491d445ec5459e1d3f6536765f0c5654c6f7247731d2399730e8c70de1be4117b9578d9dabefd93420ed1,JD281941,Y,7/1/2020 2:00,30,NO CONTROLS,NO CONTROLS,CLEAR,"DARKNESS, LIGHTED ROAD",PARKED MOTOR VEHICLE,DIVIDED - W/MEDIAN BARRIER,,STRAIGHT AND LEVEL,DRY,NO DEFECTS,,INJURY AND / OR TOW DUE TO CRASH,,,Y,"OVER $1,500",7/1/2020 7:43,IMPROPER LANE USAGE,"OPERATING VEHICLE IN ERRATIC, RECKLESS, CARELESS, NEGLIGENT OR AGGRESSIVE MANNER",4336,S,ASHLAND AVE,924,,,,,,,4,NO INDICATION OF INJURY,0,0,0,0,0,1,0,2,4,7,41.81476691,-87.66527188,POINT (-87.665271874705 41.814766904999)
ee27ff1810935ec37ca55174036028ae9a1e3268b0fcf9e40d5d35a53a4034cebd40911acf0ac2c6f7aaa67af9c0e2cf2db0bd9cd1e7c589e56a3e98abb81481,JE262194,,6/10/2021 21:15,30,UNKNOWN,UNKNOWN,CLEAR,"DARKNESS, LIGHTED ROAD",REAR END,DIVIDED - W/MEDIAN (NOT RAISED),,STRAIGHT AND LEVEL,DRY,NO DEFECTS,,NO INJURY / DRIVE AWAY,,,,"OVER $1,500",6/11/2021 15:00,FOLLOWING TOO CLOSELY,FOLLOWING TOO CLOSELY,4311,S,KEDZIE AVE,922,,,,,,,2,NO INDICATION OF INJURY,0,0,0,0,0,2,0,21,5,6,41.81501237,-87.7041001,POINT (-87.704100103529 41.815012369077)
8154eb84733a071203bf5d6b5f244ea058c4f4c78b2580a03a6cf5348e8e5c142126a9a3b8e7fbcdf0c57e7a22a03a9f0db0e0d63860f01903a8e9d0900c8e60,JD348164,,8/28/2020 13:00,30,NO CONTROLS,NO CONTROLS,CLEAR,DAYLIGHT,REAR END,NOT DIVIDED,,STRAIGHT AND LEVEL,DRY,NO DEFECTS,NOT ON SCENE (DESK REPORT),NO INJURY / DRIVE AWAY,,,,"OVER $1,500",8/28/2020 13:44,FOLLOWING TOO CLOSELY,NOT APPLICABLE,488,E,LOWER WACKER DR,114,,,,,,,2,NO INDICATION OF INJURY,0,0,0,0,0,2,0,13,6,8,41.88747989,-87.61604712,POINT (-87.616047119018 41.88747988917)
9621e718fb358d497f7e7e04379082bfb44be18b9e0954e6ecf265a88e07feb1e7af577f73736ebe07ee55e24188e0590d3ded60604b6f5d3dd96740b048a61b,JF180176,,3/20/2022 9:30,30,STOP SIGN/FLASHER,FUNCTIONING PROPERLY,CLEAR,DAYLIGHT,REAR END,NOT DIVIDED,,STRAIGHT AND LEVEL,DRY,NO DEFECTS,NOT ON SCENE (DESK REPORT),NO INJURY / DRIVE AWAY,,,,"OVER $1,500",3/20/2022 9:45,FAILING TO REDUCE SPEED TO AVOID CRASH,NOT APPLICABLE,6195,W,GRAND AVE,2512,,,,,,,2,NO INDICATION OF INJURY,0,0,0,0,0,2,0,9,1,3,41.92134452,-87.78047956,POINT (-87.780479557223 41.921344517803)
3a21d1288234b330cc5e3ddf89f5482ae4e05600756ac82f44211401693d017ebca0f825cbc64fb18d4490c5e959a060e2c5d73ff5eb3bafe27ad543a71768d3,JF150129,,2/20/2022 2:40,30,NO CONTROLS,NO CONTROLS,CLEAR,"DARKNESS, LIGHTED ROAD",REAR END,NOT DIVIDED,,STRAIGHT AND LEVEL,OTHER,NO DEFECTS,ON SCENE,INJURY AND / OR TOW DUE TO CRASH,,,Y,"OVER $1,500",2/20/2022 2:45,UNABLE TO DETERMINE,NOT APPLICABLE,1637,S,PULASKI RD,1014,,,,,,,2,NO INDICATION OF INJURY,0,0,0,0,0,2,0,2,1,2,41.8577621,-87.72478061,POINT (-87.724780607647 41.857762096505)
3a6ff5b16f0ab4bee9b01336d1aa5266ef2c872ffd25498a74f50f812da89c837a76cf70788a6de55d916ed551e086b45b0c2cd87a77871742ce266bc8a722a1,JF150124,,2/20/2022 2:03,30,NO CONTROLS,NO CONTROLS,CLEAR,"DARKNESS, LIGHTED ROAD",PARKED MOTOR VEHICLE,NOT DIVIDED,,STRAIGHT AND LEVEL,DRY,NO DEFECTS,ON SCENE,INJURY AND / OR TOW DUE TO CRASH,,,,"OVER $1,500",2/20/2022 2:03,FAILING TO REDUCE SPEED TO AVOID CRASH,UNABLE TO DETERMINE,701,S,HOMAN AVE,1134,,,,,,,2,INCAPACITATING INJURY,1,0,1,0,0,1,0,2,1,2,41.87268173,-87.71060359,POINT (-87.710603592407 41.872681728941)
3a840bcc7496bc4ed83db1b1073a79f40458fded7c3a0c7583a647e16a9319aa9c0585b6c35c880e7f2eb932094a889ab1f3e34d259f6553ca455eb87a305350,JF150660,,2/20/2022 3:00,30,NO CONTROLS,NO CONTROLS,CLEAR,"DARKNESS, LIGHTED ROAD",SIDESWIPE SAME DIRECTION,NOT DIVIDED,,STRAIGHT AND LEVEL,DRY,NO DEFECTS,NOT ON SCENE (DESK REPORT),NO INJURY / DRIVE AWAY,,,Y,"OVER $1,500",2/20/2022 17:00,UNABLE TO DETERMINE,UNABLE TO DETERMINE,300,N,SACRAMENTO BLVD,1222,,,,,,,2,NO INDICATION OF INJURY,0,0,0,0,0,2,0,3,1,2,41.88653325,-87.70150793,POINT (-87.701507931769 41.886533253902)
f12c023b91aab7faec9a16b3e884657486c400046634e0514c1e79b48a619f8d85a7e710fd13a0612613842c3281c5e076d985379b22a8e0fe667cddf1c4cd65,JF173515,,3/13/2022 12:45,30,TRAFFIC SIGNAL,FUNCTIONING PROPERLY,CLEAR,DAYLIGHT,TURNING,NOT DIVIDED,,STRAIGHT AND LEVEL,DRY,NO DEFECTS,NOT ON SCENE (DESK REPORT),NO INJURY / DRIVE AWAY,,,,"$501 - $1,500",3/14/2022 12:45,FAILING TO YIELD RIGHT-OF-WAY,FAILING TO YIELD RIGHT-OF-WAY,10900,S,KEDZIE AVE,2211,,,,,,,2,NO INDICATION OF INJURY,0,0,0,0,0,6,0,12,1,3,41.69512438,-87.7010939,POINT (-87.701093901761 41.695124375851)
8e9e3f0df69f21bd9631979df7103c85aaead3e5e5bde3148f08a732263cdb35ed28a2b795d585ca67d7d12332d949076c86f2d496f37ab2e26f81010f7ea4dd,JF187999,,3/26/2022 21:50,30,TRAFFIC SIGNAL,FUNCTIONING PROPERLY,UNKNOWN,"DARKNESS, LIGHTED ROAD",ANGLE,DIVIDED - W/MEDIAN BARRIER,,STRAIGHT AND LEVEL,DRY,UNKNOWN,NOT ON SCENE (DESK REPORT),NO INJURY / DRIVE AWAY,Y,,,"OVER $1,500",3/27/2022 8:30,DISREGARDING TRAFFIC SIGNALS,NOT APPLICABLE,636,S,MICHIGAN AVE,123,,,,,,,2,NO INDICATION OF INJURY,0,0,0,0,0,2,0,21,7,3,41.87365926,-87.6243595,POINT (-87.624359498123 41.873659257026)
8e50ae028517a7dc99f33c63005b68da97271afe330e49f6ebb1ec04c8c5bee3245205652f7a512b66ad323c21fc501826d5dd82b626c3775158370992efd42c,JE475148,,12/12/2021 16:20,30,UNKNOWN,UNKNOWN,CLEAR,DAYLIGHT,REAR END,NOT DIVIDED,,STRAIGHT AND LEVEL,DRY,NO DEFECTS,,INJURY AND / OR TOW DUE TO CRASH,,,Y,"$501 - $1,500",12/12/2021 16:24,UNABLE TO DETERMINE,UNABLE TO DETERMINE,2036,N,CICERO AVE,2522,,,,,,,3,INCAPACITATING INJURY,2,0,2,0,0,1,0,16,1,12,41.91806312,-87.74629889,POINT (-87.746298890978 41.918063119995)
8e5e9ec078b5de00d9a5831ec28815ddbb2b9bd43856d6dd536762e73793a6ee0e7f7b31e7cd89c3111eb7103b999afcb3c2c439ee71b193c437bea1467e7843,JD192293,,3/20/2020 9:20,30,NO CONTROLS,NO CONTROLS,CLEAR,DAYLIGHT,REAR END,NOT DIVIDED,,STRAIGHT AND LEVEL,DRY,NO DEFECTS,,NO INJURY / DRIVE AWAY,,,,"$501 - $1,500",3/21/2020 19:08,NOT APPLICABLE,NOT APPLICABLE,2200,S,CALIFORNIA AVE,1033,,,,,,,2,NO INDICATION OF INJURY,0,0,0,0,0,3,0,9,6,3,41.85185431,-87.6955914,POINT (-87.695591394946 41.851854305869)
8eafc7cb04bc6a5d9f4e8b01a988fc11117fe674c4ba22283501ee43d5e781eb858765e0620b02d4a81a6e5e3f0e1977dc8d5c64373c75ff6ba12609dbe19409,JC527864,,11/28/2019 19:37,30,TRAFFIC SIGNAL,FUNCTIONING PROPERLY,FREEZING RAIN/DRIZZLE,DARKNESS,PEDESTRIAN,NOT DIVIDED,,STRAIGHT AND LEVEL,WET,NO DEFECTS,,INJURY AND / OR TOW DUE TO CRASH,Y,,,$500 OR LESS,11/28/2019 19:40,FAILING TO YIELD RIGHT-OF-WAY,UNABLE TO DETERMINE,2001,N,CENTRAL PARK AVE,1413,,,,,,,2,NONINCAPACITATING INJURY,1,0,0,1,0,1,0,19,5,11,41.91733174,-87.71662712,POINT (-87.716627121044 41.917331739131)
8fbc0ab10e94c97093035180437f90948a6175d066635a721928fa47a8086e16660163374a594ae3c8ecc8ed0201f378d90e1ce2dfe40789ade5045bb6ad81ea,JF187217,,3/26/2022 12:15,30,NO CONTROLS,NO CONTROLS,CLEAR,DAYLIGHT,REAR END,DIVIDED - W/MEDIAN BARRIER,,STRAIGHT AND LEVEL,DRY,NO DEFECTS,NOT ON SCENE (DESK REPORT),NO INJURY / DRIVE AWAY,,,Y,"OVER $1,500",3/26/2022 12:35,FOLLOWING TOO CLOSELY,NOT APPLICABLE,6100,S,KEDZIE AVE,823,,,,,,,2,NO INDICATION OF INJURY,0,0,0,0,0,2,0,12,7,3,41.7825569,-87.70338965,POINT (-87.703389652003 41.782556901255)
82f54dfc82a97c4bfb285d9fde8e3628b5ebe4f8463f2cc436864b40b3814c31cfcbaaccf767b94cabdbe1865b4a5f32531a37584418327f6a7b6ce631703bc8,JF165013,,3/6/2022 8:56,30,NO CONTROLS,NO CONTROLS,CLEAR,DAYLIGHT,PARKED MOTOR VEHICLE,ONE-WAY,,STRAIGHT AND LEVEL,DRY,NO DEFECTS,ON SCENE,NO INJURY / DRIVE AWAY,,,Y,$500 OR LESS,3/6/2022 11:12,UNABLE TO DETERMINE,NOT APPLICABLE,9307,S,CALUMET AVE,633,,,,,,,2,NO INDICATION OF INJURY,0,0,0,0,0,1,0,8,1,3,41.72526517,-87.61529551,POINT (-87.615295514386 41.725265168975)
988233a0d8c4c15e9ad65eab547b25eebf224344d8bf326989b70e6cb2f1cd170f2013464294fbd07cfaa5a1da521867b0ef5fef26d854f4c9e2c8068955459e,JF180542,,3/20/2022 16:00,20,NO CONTROLS,NO CONTROLS,CLEAR,DAYLIGHT,PARKED MOTOR VEHICLE,ONE-WAY,,STRAIGHT AND LEVEL,UNKNOWN,UNKNOWN,NOT ON SCENE (DESK REPORT),NO INJURY / DRIVE AWAY,,,Y,"OVER $1,500",3/20/2022 16:29,UNABLE TO DETERMINE,NOT APPLICABLE,1255,S,KARLOV AVE,1011,,,,,,,2,NO INDICATION OF INJURY,0,0,0,0,0,1,0,16,1,3,41.86451606,-87.72742156,POINT (-87.727421564349 41.864516062262)
3e5bc2727ad11bd9ea2371f75361fe433606011cdb73098b35e78e3ff709697d2c4332767c2a05932c9129c3de95acf719eedfd4452083b447db5eaae42cee26,JF157924,,2/27/2022 3:00,30,NO CONTROLS,NO CONTROLS,CLEAR,"DARKNESS, LIGHTED ROAD",PARKED MOTOR VEHICLE,ONE-WAY,,STRAIGHT AND LEVEL,DRY,NO DEFECTS,NOT ON SCENE (DESK REPORT),NO INJURY / DRIVE AWAY,,,Y,"OVER $1,500",2/27/2022 17:20,UNABLE TO DETERMINE,NOT APPLICABLE,10746,S,CHURCH ST,2212,,,,,,,2,NO INDICATION OF INJURY,0,0,0,0,0,1,0,3,1,2,41.69817963,-87.6610463,POINT (-87.661046298071 41.698179627539)
3c74e8aee9ad46c532b483ab3399b9b66210d488306beccb51778420b4d4b02809f9e536fe34fd2aef82dd9642a271f7926d13ff569fd6e74c73ada1a09d4922,JF150777,,2/20/2022 17:30,30,TRAFFIC SIGNAL,FUNCTIONING PROPERLY,CLEAR,DAYLIGHT,REAR END,DIVIDED - W/MEDIAN (NOT RAISED),,STRAIGHT AND LEVEL,DRY,NO DEFECTS,NOT ON SCENE (DESK REPORT),NO INJURY / DRIVE AWAY,Y,,,"OVER $1,500",2/20/2022 19:30,FAILING TO YIELD RIGHT-OF-WAY,UNABLE TO DETERMINE,600,S,WABASH AVE,123,,,,,,,2,NO INDICATION OF INJURY,0,0,0,0,0,3,0,17,1,2,41.87434258,-87.62614177,POINT (-87.626141770427 41.874342580019)
3ca1e055b6ac7a1dd5959019e2ca6302f54c9d5e7f3748a419281ed46fac0039736763b7511d2f5b6c08ab462fb3b2cea2a44de5cb0dfac95ff1af9cca07181c,JF150663,,2/20/2022 15:00,25,NO CONTROLS,NO CONTROLS,CLEAR,DUSK,PARKED MOTOR VEHICLE,NOT DIVIDED,,STRAIGHT AND LEVEL,DRY,NO DEFECTS,,NO INJURY / DRIVE AWAY,,,,"OVER $1,500",2/20/2022 17:38,UNABLE TO DETERMINE,UNABLE TO DETERMINE,7308,S,RICHMOND ST,835,,,,,,,2,NO INDICATION OF INJURY,0,0,0,0,0,3,0,15,1,2,41.76051804,-87.69673298,POINT (-87.696732980026 41.760518040279)
3cadca815803194f03c4c1bf99c4da01043419400b4cdf2e2c27d1e4cced60d0506f308c72d85f797fea197205b6215fead09c9234fb87750e7e63a6e94728ca,JF150485,,2/20/2022 13:40,30,NO CONTROLS,NO CONTROLS,CLEAR,DAYLIGHT,PARKED MOTOR VEHICLE,NOT DIVIDED,,STRAIGHT AND LEVEL,DRY,NO DEFECTS,NOT ON SCENE (DESK REPORT),NO INJURY / DRIVE AWAY,,,,"$501 - $1,500",2/20/2022 14:30,IMPROPER BACKING,NOT APPLICABLE,4620,W,BELMONT AVE,1731,,,,,,,2,NO INDICATION OF INJURY,0,0,0,0,0,2,0,13,1,2,41.93898839,-87.74312142,POINT (-87.743121422564 41.93898839076)
3caef8e281c9090956c5880a71a33f504c024b78430af819097287348b65393aa75e1605192c515065dd19eb85c10f48e7481d0abb8e67427d110d1592373b87,JF150455,,2/20/2022 13:00,15,NO CONTROLS,NO CONTROLS,CLEAR,DAYLIGHT,REAR TO SIDE,PARKING LOT,,STRAIGHT AND LEVEL,UNKNOWN,UNKNOWN,NOT ON SCENE (DESK REPORT),NO INJURY / DRIVE AWAY,,,,"OVER $1,500",2/20/2022 14:00,FAILING TO YIELD RIGHT-OF-WAY,NOT APPLICABLE,2746,N,CLYBOURN AVE,1931,,,,,,,2,NO INDICATION OF INJURY,0,0,0,0,0,3,0,13,1,2,41.93102101,-87.67686402,POINT (-87.676864018134 41.931021005798)
3cef5ba11c0f139d2050216d6cbcd62c6617e7b7068d4ced15cb7bc3096e7f8a8a8f6a6e2340c38ee135a9a0b38f42eaf9f4cb7cfab64fd40dca14c5089d1b10,JF150596,,2/20/2022 15:12,30,NO CONTROLS,NO CONTROLS,CLOUDY/OVERCAST,DAYLIGHT,ANGLE,NOT DIVIDED,,STRAIGHT AND LEVEL,WET,NO DEFECTS,ON SCENE,INJURY AND / OR TOW DUE TO CRASH,Y,,Y,"OVER $1,500",2/20/2022 15:45,NOT APPLICABLE,NOT APPLICABLE,430,E,75TH ST,323,,,,,,,2,NO INDICATION OF INJURY,0,0,0,0,0,3,0,15,1,2,41.75854017,-87.61394673,POINT (-87.613946732504 41.758540169314)
8435f2490a48523a5b58fffdf56b078c089652097c6bd23207b09354f4675b85d557ead678a4739aac8da1750b94f070bfff74ed6bb7184d44a9edfb36fcd849,JD112157,,1/11/2020 13:30,30,NO CONTROLS,NO CONTROLS,RAIN,DAYLIGHT,FIXED OBJECT,NOT DIVIDED,,STRAIGHT AND LEVEL,WET,NO DEFECTS,,NO INJURY / DRIVE AWAY,,,,"OVER $1,500",1/11/2020 13:34,UNABLE TO DETERMINE,UNABLE TO DETERMINE,3920,S,PRINCETON AVE,925,,,,,,,1,NO INDICATION OF INJURY,0,0,0,0,0,1,0,13,7,1,41.82297587,-87.63336809,POINT (-87.633368090124 41.82297586533)
99ab18eec63665e8bda34a47418bb9c37746171572f4ce7ec122a347ef18fde915e33270a73badd7cba0c185e907bab019a708308fae53d70c3cc85103f285d3,JD253756,,6/4/2020 15:30,30,TRAFFIC SIGNAL,FUNCTIONING PROPERLY,UNKNOWN,DAYLIGHT,REAR END,DIVIDED - W/MEDIAN (NOT RAISED),,STRAIGHT AND LEVEL,UNKNOWN,UNKNOWN,,NO INJURY / DRIVE AWAY,,,Y,"OVER $1,500",6/4/2020 16:20,UNABLE TO DETERMINE,UNABLE TO DETERMINE,3659,S,ASHLAND AVE,912,,,,,,,2,NO INDICATION OF INJURY,0,0,0,0,0,2,0,15,5,6,41.82705394,-87.66533779,POINT (-87.665337790117 41.827053935435)
3d37f6585311cfd64c80248ddb8f7b8c2ac97718c43269f5d10050bd57f9532adbe805d8c5073562b56a1c1f71f1bf6d2a815606625c6934d5d6145fbc23be63,JF150837,Y,2/20/2022 19:58,30,NO CONTROLS,NO CONTROLS,CLEAR,"DARKNESS, LIGHTED ROAD",FIXED OBJECT,DIVIDED - W/MEDIAN (NOT RAISED),,STRAIGHT AND LEVEL,DRY,NO DEFECTS,ON SCENE,INJURY AND / OR TOW DUE TO CRASH,,,,"OVER $1,500",2/20/2022 19:58,UNABLE TO DETERMINE,UNABLE TO DETERMINE,4432,W,DIVISION ST,2533,,,,,,,1,NO INDICATION OF INJURY,0,0,0,0,0,1,0,19,1,2,41.90259892,-87.73744971,POINT (-87.737449706368 41.902598922617)
846624f6c1e5f939a86f9ba60a6dd5ce5d801cb38f02a14b5a3f0c30d4cd680ad10b06f7e04621809763f5923b1d8eb49b38af5eace727bcbc9f3ed2a9a463e6,JF165647,,3/6/2022 0:40,30,TRAFFIC SIGNAL,FUNCTIONING PROPERLY,CLEAR,"DARKNESS, LIGHTED ROAD",REAR END,DIVIDED - W/MEDIAN (NOT RAISED),,STRAIGHT AND LEVEL,DRY,NO DEFECTS,NOT ON SCENE (DESK REPORT),NO INJURY / DRIVE AWAY,Y,,N,"OVER $1,500",3/7/2022 0:15,FAILING TO YIELD RIGHT-OF-WAY,FOLLOWING TOO CLOSELY,5737,N,NORTHWEST HWY,1611,,,,,,,2,NO INDICATION OF INJURY,0,0,0,0,0,2,0,0,1,3,41.9860827,-87.78767431,POINT (-87.7876743065 41.9860827)
3dcc774de7075928f6f55a970eaf488eca21b31d69b194df9c259ec3058f896c4e2df9daa79caa448849f4f847ceceb07896c533f4c165b250099deed5595612,JF150460,,2/20/2022 14:02,30,NO CONTROLS,NO CONTROLS,CLEAR,DAYLIGHT,FIXED OBJECT,NOT DIVIDED,,STRAIGHT AND LEVEL,DRY,NO DEFECTS,ON SCENE,INJURY AND / OR TOW DUE TO CRASH,,,,"$501 - $1,500",2/20/2022 14:02,UNABLE TO DETERMINE,UNABLE TO DETERMINE,3006,S,ARCHER AVE,913,,Y,,,,,1,"REPORTED, NOT EVIDENT",2,0,0,0,2,1,0,14,1,2,41.84003422,-87.66156891,POINT (-87.661568907799 41.840034217566)
3de37cc69d26db7ae022c46e54fa8ca3fac57a9e3d17c4b31a6c4018b98346c55188ffbae2168358dc48003baa694e5c2bbc790718f61b3853d2e978dc841dd2,JF150434,,2/20/2022 13:30,30,TRAFFIC SIGNAL,FUNCTIONING PROPERLY,CLEAR,DAYLIGHT,REAR END,DIVIDED - W/MEDIAN (NOT RAISED),,STRAIGHT AND LEVEL,DRY,NO DEFECTS,NOT ON SCENE (DESK REPORT),INJURY AND / OR TOW DUE TO CRASH,,,,"OVER $1,500",2/20/2022 13:40,UNABLE TO DETERMINE,UNABLE TO DETERMINE,5403,W,FULLERTON AVE,2515,,,,,,,2,"REPORTED, NOT EVIDENT",1,0,0,0,1,3,0,13,1,2,41.92393287,-87.76120576,POINT (-87.761205761619 41.92393287145)
3e17ffbe7e812246201b869721315e5ff9b17767fb1719b0c9f71ee0acdfff823d65655166be8cb55acaff960ec06dfb3b699f2cb4a974eb224f73633fb34c1f,JF150822,,2/20/2022 19:40,30,NO CONTROLS,NO CONTROLS,CLEAR,"DARKNESS, LIGHTED ROAD",REAR END,DIVIDED - W/MEDIAN (NOT RAISED),,STRAIGHT AND LEVEL,DRY,NO DEFECTS,ON SCENE,NO INJURY / DRIVE AWAY,,,Y,"OVER $1,500",2/20/2022 20:30,FOLLOWING TOO CLOSELY,UNABLE TO DETERMINE,1598,W,FULLERTON AVE,1932,,,,,,,4,NO INDICATION OF INJURY,0,0,0,0,0,4,0,19,1,2,41.92526209,-87.66809055,POINT (-87.66809055308 41.925262084631)