CRASH_RECORD_ID,RD_NO,CRASH_DATE_EST_I,CRASH_DATE,POSTED_SPEED_LIMIT,TRAFFIC_CONTROL_DEVICE,DEVICE_CONDITION,WEATHER_CONDITION,LIGHTING_CONDITION,FIRST_CRASH_TYPE,TRAFFICWAY_TYPE,LANE_CNT,ALIGNMENT,ROADWAY_SURFACE_COND,ROAD_DEFECT,REPORT_TYPE,CRASH_TYPE,INTERSECTION_RELATED_I,NOT_RIGHT_OF_WAY_I,HIT_AND_RUN_I,DAMAGE,DATE_POLICE_NOTIFIED,PRIM_CONTRIBUTORY_CAUSE,SEC_CONTRIBUTORY_CAUSE,STREET_NO,STREET_DIRECTION,STREET_NAME,BEAT_OF_OCCURRENCE,PHOTOS_TAKEN_I,STATEMENTS_TAKEN_I,DOORING_I,WORK_ZONE_I,WORK_ZONE_TYPE,WORKERS_PRESENT_I,NUM_UNITS,MOST_SEVERE_INJURY,INJURIES_TOTAL,INJURIES_FATAL,INJURIES_INCAPACITATING,INJURIES_NON_INCAPACITATING,INJURIES_REPORTED_NOT_EVIDENT,INJURIES_NO_INDICATION,INJURIES_UNKNOWN,CRASH_HOUR,CRASH_DAY_OF_WEEK,CRASH_MONTH,LATITUDE,LONGITUDE,LOCATION
8504f8cf9a68d2ecdd884d6e6271fec33cf5bae705381fdf13f868e57b14dcfca476364dde9887d0e9731572ebd9d436166c5e3d3259e7aa263b2900a6810139,JF164748,,3/6/2022 0:59,15,NO CONTROLS,NO CONTROLS,RAIN,"DARKNESS, LIGHTED ROAD",REAR END,ONE-WAY,,STRAIGHT AND LEVEL,WET,NO DEFECTS,ON SCENE,NO INJURY / DRIVE AWAY,,,Y,"OVER $1,500",3/6/2022 0:59,FOLLOWING TOO CLOSELY,"OPERATING VEHICLE IN ERRATIC, RECKLESS, CARELESS, NEGLIGENT OR AGGRESSIVE MANNER",2612,W,CARMEN AVE,2031,,,,,,,2,NO INDICATION OF INJURY,0,0,0,0,0,8,0,0,1,3,41.97412248,-87.69468543,POINT (-87.694685434074 41.974122479271)
f3d6586da262623d6583f71a22bea97670a894ac06b4e4411675684705412b5fe1cd268d7ccabf2cf25d993600ebb530e41c125b3a73725fe40bea8a1ca07e85,JF172280,Y,3/13/2022 7:00,30,NO CONTROLS,NO CONTROLS,CLEAR,DAYLIGHT,PARKED MOTOR VEHICLE,T-INTERSECTION,,STRAIGHT AND LEVEL,DRY,NO DEFECTS,ON SCENE,NO INJURY / DRIVE AWAY,Y,,Y,"$501 - $1,500",3/13/2022 8:08,UNABLE TO DETERMINE,UNABLE TO DETERMINE,6552,S,LOOMIS BLVD,725,,,,,,,2,NO INDICATION OF INJURY,0,0,0,0,0,1,0,7,1,3,41.77433679,-87.65937048,POINT (-87.659370484007 41.774336786374)
3e82ad65b81dae4571a4e5b5fd66dd3a857a45220daf0be1a0421d7c4f8e63d1c8e3fc4820a9e7ea8d1182bd89ca3aa36c292c4af9495d8455b81026972360c3,JF150938,Y,2/21/2022 0:00,30,NO CONTROLS,NO CONTROLS,CLEAR,"DARKNESS, LIGHTED ROAD",OTHER OBJECT,DIVIDED - W/MEDIAN BARRIER,,STRAIGHT AND LEVEL,DRY,DEBRIS ON ROADWAY,ON SCENE,INJURY AND / OR TOW DUE TO CRASH,,,,"OVER $1,500",2/21/2022 0:02,ROAD ENGINEERING/SURFACE/MARKING DEFECTS,UNABLE TO DETERMINE,7900,S,STONY ISLAND AVE,411,,,,,,,1,NO INDICATION OF INJURY,0,0,0,0,0,1,0,0,2,2,41.7514606,-87.58597199,POINT (-87.585971992965 41.751460603167)
9394821719c305f3f9b76b845e1bb4d216f976a57162ffcb435ee5ea5508c835deb1c0afe0e90c0ca642fdc7f4251a2280024b27dbdf0a2d845b9cc902c274e8,JF187117,,3/26/2022 9:45,30,NO CONTROLS,NO CONTROLS,CLEAR,DAYLIGHT,ANGLE,NOT DIVIDED,,STRAIGHT AND LEVEL,DRY,NO DEFECTS,NOT ON SCENE (DESK REPORT),NO INJURY / DRIVE AWAY,Y,,,"OVER $1,500",3/26/2022 10:55,FAILING TO YIELD RIGHT-OF-WAY,FAILING TO YIELD RIGHT-OF-WAY,3700,W,61ST ST,823,,,,,,,2,NO INDICATION OF INJURY,0,0,0,0,0,2,0,9,7,3,41.78252102,-87.7156291,POINT (-87.715629095578 41.782521023322)
93e2c3167781ed72b3f521a8939c04e5e4adcb908af18cfa216655d784acd530331ddde7b8549eb5b537bc329a0877c123dfba7bb6cf942fb2b30467e22eff3f,JF186391,,3/26/2022 5:25,25,STOP SIGN/FLASHER,NO CONTROLS,CLEAR,"DARKNESS, LIGHTED ROAD",PARKED MOTOR VEHICLE,NOT DIVIDED,,STRAIGHT AND LEVEL,WET,NO DEFECTS,ON SCENE,INJURY AND / OR TOW DUE TO CRASH,Y,,,"OVER $1,500",3/26/2022 5:28,PHYSICAL CONDITION OF DRIVER,NOT APPLICABLE,5357,W,LE MOYNE ST,2532,,,,,,,3,NONINCAPACITATING INJURY,1,0,0,1,0,0,0,5,7,3,41.90751724,-87.76071759,POINT (-87.760717593047 41.90751724384)
3eab8d0052ff00a0cbbc14148131265e137abb1425160a8fc589c3d9dddf3b9ffac93cccc8912e39ac4e5ea16637f7c2269ff325ac3eb99029c527f316507bd2,JF150294,,2/20/2022 10:45,30,TRAFFIC SIGNAL,FUNCTIONING PROPERLY,CLEAR,DAYLIGHT,ANGLE,DIVIDED - W/MEDIAN (NOT RAISED),,STRAIGHT AND LEVEL,DRY,NO DEFECTS,ON SCENE,INJURY AND / OR TOW DUE TO CRASH,,,,"OVER $1,500",2/20/2022 10:51,DISREGARDING TRAFFIC SIGNALS,NOT APPLICABLE,1600,W,TOUHY AVE,2423,,,,,,,2,"REPORTED, NOT EVIDENT",1,0,0,0,1,2,0,10,1,2,42.01282113,-87.67031148,POINT (-87.670311474895 42.012821129153)
94116877f7b8ef4fe3ba1dfd11ffce689529bfc37b7a930f7499d2ddecb02116346b545d8834c1cb7d867f20d09429fb9902044cf23565a0abdb4917443a1c54,JF186835,,3/26/2022 0:54,30,TRAFFIC SIGNAL,FUNCTIONING PROPERLY,CLEAR,"DARKNESS, LIGHTED ROAD",TURNING,FOUR WAY,,STRAIGHT AND LEVEL,DRY,UNKNOWN,ON SCENE,INJURY AND / OR TOW DUE TO CRASH,N,,N,"OVER $1,500",3/26/2022 0:54,DISREGARDING TRAFFIC SIGNALS,NOT APPLICABLE,948,N,CICERO AVE,1531,,,,,,,2,NO INDICATION OF INJURY,0,0,0,0,0,2,0,0,7,3,41.8982938,-87.74602706,POINT (-87.746027055023 41.898293802591)
3eeccc33db6dceb95a0b6098cb36cc027b9b737459e67b0af466471bc8adc9e73ad7f61983a635239dbd08557313fc7c179448d60aeb1d90fede2cfe59accb82,JF150540,,2/20/2022 14:00,30,STOP SIGN/FLASHER,FUNCTIONING PROPERLY,CLEAR,DAYLIGHT,ANGLE,FOUR WAY,,STRAIGHT AND LEVEL,DRY,NO DEFECTS,NOT ON SCENE (DESK REPORT),INJURY AND / OR TOW DUE TO CRASH,,,Y,"OVER $1,500",2/20/2022 15:46,DRIVING SKILLS/KNOWLEDGE/EXPERIENCE,NOT APPLICABLE,7400,S,YATES BLVD,334,,,,,,,2,NO INDICATION OF INJURY,0,0,0,0,0,2,0,14,1,2,41.76071026,-87.56655643,POINT (-87.566556432659 41.760710264389)
41b85c2f81ecbbe648f43c2ee683713650f09246e191008742ca92d0ef4ff3bb438f416a7790fbf479e8ac8d71412fcbdaee1167ab29958bb7e5d32b04b3fa6a,JF160855,,2/27/2022 13:00,15,NO CONTROLS,NO CONTROLS,CLEAR,DAYLIGHT,FIXED OBJECT,ALLEY,,STRAIGHT AND LEVEL,DRY,NO DEFECTS,NOT ON SCENE (DESK REPORT),NO INJURY / DRIVE AWAY,,Y,,"$501 - $1,500",3/2/2022 12:35,UNABLE TO DETERMINE,UNABLE TO DETERMINE,5443,N,SAYRE AVE,1613,,,,,,,1,NO INDICATION OF INJURY,0,0,0,0,0,1,0,13,1,2,41.9799224,-87.80102768,POINT (-87.80102767524 41.979922401629)
864ee54db27a291a8dc1f0ad92dbeb8fa47042ac6c53dd6c302fa9072a5b8f84dfa63c8bf37630267486c38a63d3691f8cd7e3ba9c43e05a3c3541fd4ed54782,JF166010,Y,3/6/2022 23:30,30,NO CONTROLS,NO CONTROLS,UNKNOWN,UNKNOWN,PARKED MOTOR VEHICLE,ONE-WAY,,STRAIGHT AND LEVEL,SNOW OR SLUSH,NO DEFECTS,NOT ON SCENE (DESK REPORT),NO INJURY / DRIVE AWAY,,,Y,"OVER $1,500",3/6/2022 23:30,UNABLE TO DETERMINE,NOT APPLICABLE,2450,S,HARDING AVE,1013,,,,,,,2,NO INDICATION OF INJURY,0,0,0,0,0,1,0,23,1,3,41.84642264,-87.72353262,POINT (-87.723532622368 41.846422637778)
9b1a3607d02d0b376d4a80a9d18914827f3c90c31eee8abcdeea9fb660475c589925800295f99b896900b8924eeb119f6b33871521783ce69a8b772eb0f67b8a,JF180354,Y,3/20/2022 1:00,30,NO CONTROLS,NO CONTROLS,UNKNOWN,UNKNOWN,PARKED MOTOR VEHICLE,ONE-WAY,,STRAIGHT AND LEVEL,UNKNOWN,UNKNOWN,NOT ON SCENE (DESK REPORT),NO INJURY / DRIVE AWAY,,,Y,"OVER $1,500",3/20/2022 13:15,UNABLE TO DETERMINE,UNABLE TO DETERMINE,2845,W,BERWYN AVE,2011,,,,,,,2,NO INDICATION OF INJURY,0,0,0,0,0,1,0,1,1,3,41.97752303,-87.70076515,POINT (-87.700765145241 41.977523031767)
9b7b96446b370dd3d5dcd70c92aba5af7f7d8717b1328218cc44a9c42ea151107cf22849a57f345cc2ac02da2272bb31f327cb122eb1238eb087957484ac145b,JF180003,,3/20/2022 1:30,30,TRAFFIC SIGNAL,FUNCTIONING PROPERLY,CLEAR,"DARKNESS, LIGHTED ROAD",REAR END,FOUR WAY,,STRAIGHT AND LEVEL,WET,NO DEFECTS,NOT ON SCENE (DESK REPORT),INJURY AND / OR TOW DUE TO CRASH,Y,,,"$501 - $1,500",3/20/2022 3:00,UNABLE TO DETERMINE,UNABLE TO DETERMINE,2348,N,ASHLAND AVE,1811,,,,,,,2,NONINCAPACITATING INJURY,1,0,0,1,0,1,0,1,1,3,41.92477724,-87.66827946,POINT (-87.668279457929 41.924777239687)
3fd2448652cd24d96810a10c4e85f274e76c4cca21ffbfe336b9e156262f025bd39ea0b7aaaf6f0defd568d605ac5d7e1f06c582656a8df5870054889238843b,JF150417,,2/20/2022 13:13,30,TRAFFIC SIGNAL,NOT FUNCTIONING,CLEAR,DAYLIGHT,ANGLE,T-INTERSECTION,,STRAIGHT AND LEVEL,DRY,NO DEFECTS,ON SCENE,INJURY AND / OR TOW DUE TO CRASH,,,Y,"OVER $1,500",2/20/2022 13:14,UNABLE TO DETERMINE,NOT APPLICABLE,2400,W,ROOSEVELT RD,1135,,,,,,,2,NO INDICATION OF INJURY,0,0,0,0,0,4,0,13,1,2,41.86672069,-87.68616277,POINT (-87.686162771246 41.86672069098)
431bb4d3f3f32632e3e9362e1c326b8818b39275a3ddae4caef2b9f830aef1a4af3595a283f01b5040b0bd15e2fcf81461344bd7929923dbb4f1004cc3ed6497,JF157872,,2/27/2022 15:25,5,NO CONTROLS,NO CONTROLS,CLEAR,DAYLIGHT,REAR END,OTHER,,STRAIGHT AND LEVEL,DRY,NO DEFECTS,NOT ON SCENE (DESK REPORT),NO INJURY / DRIVE AWAY,,Y,,"OVER $1,500",2/27/2022 16:45,UNABLE TO DETERMINE,UNABLE TO DETERMINE,4443,S,ASHLAND AVE,924,,,,,,,2,NO INDICATION OF INJURY,0,0,0,0,0,2,0,15,1,2,41.81277267,-87.6649302,POINT (-87.664930198189 41.812772667861)
9bd54503244b01e9c6d760fb291a68fc9e78d7ab78d8c71191a81aec0630d19b0c82465cc91f27b2629e2e11656e2939cd4504580130b7976f78b2b3d2b83e00,JF180442,,3/20/2022 14:30,30,TRAFFIC SIGNAL,FUNCTIONING PROPERLY,CLEAR,DAYLIGHT,REAR END,DIVIDED - W/MEDIAN (NOT RAISED),,STRAIGHT AND LEVEL,DRY,NO DEFECTS,NOT ON SCENE (DESK REPORT),NO INJURY / DRIVE AWAY,,,,"OVER $1,500",3/20/2022 14:55,UNABLE TO DETERMINE,UNABLE TO DETERMINE,2400,W,MONTROSE AVE,1911,,,,,,,2,NO INDICATION OF INJURY,0,0,0,0,0,2,0,14,1,3,41.96142173,-87.68874698,POINT (-87.688746979839 41.961421726406)
87dada1c0e6a682208b147a71709e641598c72c38b8d4a98aadc3ebbc6a247e70c8698805fb1442218286641517820cfdb2e7fd6dfd6ef226e2c3555e4f8b41f,JF165409,,3/6/2022 17:32,20,NO CONTROLS,NO CONTROLS,CLEAR,DUSK,PARKED MOTOR VEHICLE,NOT DIVIDED,,STRAIGHT AND LEVEL,UNKNOWN,UNKNOWN,ON SCENE,INJURY AND / OR TOW DUE TO CRASH,,,Y,"OVER $1,500",3/6/2022 17:32,UNABLE TO DETERMINE,NOT APPLICABLE,2904,N,KENNETH AVE,2523,,,,,,,2,NO INDICATION OF INJURY,0,0,0,0,0,1,0,17,1,3,41.93367317,-87.73823809,POINT (-87.738238089898 41.933673174194)
438966d1981d5b05ca1b7d7cf92b464980f33c31f18c05387d40089a2e008eeb545e346f1633f9b28f49ffda3789932e048fa22dd4f9e60669dd7445a550b2ce,JF158177,N,2/27/2022 23:30,35,STOP SIGN/FLASHER,FUNCTIONING PROPERLY,CLEAR,"DARKNESS, LIGHTED ROAD",PEDESTRIAN,NOT DIVIDED,,STRAIGHT AND LEVEL,DRY,UNKNOWN,ON SCENE,INJURY AND / OR TOW DUE TO CRASH,Y,,Y,"OVER $1,500",2/27/2022 23:45,NOT APPLICABLE,NOT APPLICABLE,5000,W,JACKSON BLVD,1533,,,,,,,2,NONINCAPACITATING INJURY,1,0,0,1,0,1,0,23,1,2,41.87683881,-87.74949109,POINT (-87.749491086143 41.876838805613)
4139fbdcfc5518d734d585e326ce4d4d1a0b1b739a4c2c243ef6655d3aafd730e972bc2058a654fa297a670099534a492047fbb235a77736186eb60dc8cd21be,JF150049,,2/20/2022 0:03,30,TRAFFIC SIGNAL,FUNCTIONING PROPERLY,CLEAR,"DARKNESS, LIGHTED ROAD",TURNING,NOT DIVIDED,,STRAIGHT AND LEVEL,DRY,NO DEFECTS,ON SCENE,NO INJURY / DRIVE AWAY,Y,,Y,"OVER $1,500",2/20/2022 0:05,FAILING TO YIELD RIGHT-OF-WAY,NOT APPLICABLE,800,N,DEARBORN ST,1832,,,,,,,2,NO INDICATION OF INJURY,0,0,0,0,0,2,0,0,1,2,41.89672093,-87.62992258,POINT (-87.629922583195 41.896720932371)
982fe7675905941f027e1ed84efcfa75a24ce3fe43fa57e8017e42b1769bf0eb345d012160995c984eb574566991bd0b314d13e95c419d4b296d24146e16520a,JD368453,,9/15/2020 20:38,30,OTHER,FUNCTIONING PROPERLY,CLEAR,DARKNESS,SIDESWIPE SAME DIRECTION,DIVIDED - W/MEDIAN (NOT RAISED),,STRAIGHT AND LEVEL,DRY,NO DEFECTS,,INJURY AND / OR TOW DUE TO CRASH,,,,"OVER $1,500",9/15/2020 20:41,IMPROPER OVERTAKING/PASSING,UNABLE TO DETERMINE,6130,W,NORTH AVE,2513,,,,,,,2,NO INDICATION OF INJURY,0,0,0,0,0,2,0,20,3,9,41.90932248,-87.77890316,POINT (-87.778903157788 41.909322482891)
f70a9c65daffb133fc1d9ab61099589890db1c27638c4ea9925776dd542daf937d9f77e7e6a99a29c4a9852cca1228ffb6c9a2a0088d8a041ed05b66ee14e8f6,JF172772,,3/13/2022 16:45,35,NO CONTROLS,NO CONTROLS,CLEAR,DAYLIGHT,PARKED MOTOR VEHICLE,NOT DIVIDED,,STRAIGHT AND LEVEL,DRY,NO DEFECTS,ON SCENE,NO INJURY / DRIVE AWAY,,,Y,"OVER $1,500",3/13/2022 17:21,UNABLE TO DETERMINE,UNABLE TO DETERMINE,2234,E,67TH ST,331,,Y,,,,,2,NO INDICATION OF INJURY,0,0,0,0,0,1,0,16,1,3,41.77362943,-87.57022268,POINT (-87.570222681483 41.773629429374)
995f275dd42e891658717625e4804b25a2a3f2df19cd801e7a1b1ffaf2e0b466965c9596db3f0ea854e65b224aa440d7997f180ba163c5a5f9110d2d623803c0,JF188121,Y,3/26/2022 23:00,10,NO CONTROLS,NO CONTROLS,OTHER,UNKNOWN,PARKED MOTOR VEHICLE,PARKING LOT,,STRAIGHT AND LEVEL,DRY,NO DEFECTS,NOT ON SCENE (DESK REPORT),NO INJURY / DRIVE AWAY,,Y,Y,"OVER $1,500",3/27/2022 11:47,UNABLE TO DETERMINE,NOT APPLICABLE,1311,N,HALSTED ST,1822,,,,,,,2,NO INDICATION OF INJURY,0,0,0,0,0,1,0,23,7,3,41.90543825,-87.64798274,POINT (-87.647982743405 41.905438246738)
45140a5d169fa0ec0033d6fc855400d83df164e00aba1c5d6c98de1433ef49f428eccb58e7bc717c9616c46bcf466037545d6e8d1ed3366e0bb9b5a5cb5e1d78,JF157658,,2/27/2022 12:45,30,TRAFFIC SIGNAL,UNKNOWN,CLEAR,DAYLIGHT,SIDESWIPE SAME DIRECTION,NOT DIVIDED,,STRAIGHT AND LEVEL,UNKNOWN,UNKNOWN,NOT ON SCENE (DESK REPORT),NO INJURY / DRIVE AWAY,Y,,,"OVER $1,500",2/27/2022 13:10,UNABLE TO DETERMINE,UNABLE TO DETERMINE,304,W,OHIO ST,1831,,,,,,,2,NO INDICATION OF INJURY,0,0,0,0,0,3,0,12,1,2,41.8924752,-87.6358467,POINT (-87.635846695712 41.892475198776)
428c35640424842aa7ace95f0124b0de298c14dc4ae17800157b8b42399fd8e871a46cf5ac8aa810541983620edac029a717d1f69700f98d7d038b18a99f0b10,JF150451,,2/20/2022 13:30,20,NO CONTROLS,NO CONTROLS,CLEAR,DAYLIGHT,ANGLE,PARKING LOT,,STRAIGHT AND LEVEL,DRY,NO DEFECTS,NOT ON SCENE (DESK REPORT),NO INJURY / DRIVE AWAY,,,,"OVER $1,500",2/20/2022 14:05,DRIVING SKILLS/KNOWLEDGE/EXPERIENCE,UNABLE TO DETERMINE,2526,W,CERMAK RD,1023,,,,,,,2,NO INDICATION OF INJURY,0,0,0,0,0,3,0,13,1,2,41.85210065,-87.68905111,POINT (-87.689051110607 41.85210065324)
89e2530833a0b56b2146cf53a13675087c8a0034f5c650af8ddc901ffef794f8aa1a8966b560dabde553718382f53e7b4933a38eba5a6c5ff84f8fb1eb3b193a,JF165086,,3/6/2022 11:30,30,NO CONTROLS,NO CONTROLS,CLEAR,DAYLIGHT,REAR TO FRONT,ONE-WAY,,STRAIGHT AND LEVEL,DRY,NO DEFECTS,NOT ON SCENE (DESK REPORT),NO INJURY / DRIVE AWAY,,,Y,"OVER $1,500",3/6/2022 11:50,IMPROPER BACKING,NOT APPLICABLE,5417,W,VAN BUREN ST,1522,,,,,,,2,NO INDICATION OF INJURY,0,0,0,0,0,3,0,11,1,3,41.87467375,-87.76025538,POINT (-87.76025537607 41.874673753486)
457761517b80a1121f4c5a726e39e3ec0313d8fe41341d029dc01b4656281c2e4acb6f95829bceafd67289a3e2f276986a182d6d6386570852fcfd6f15791018,JC421624,,9/5/2019 13:25,30,TRAFFIC SIGNAL,FUNCTIONING PROPERLY,CLEAR,DAYLIGHT,TURNING,NOT DIVIDED,,STRAIGHT AND LEVEL,DRY,NO DEFECTS,,NO INJURY / DRIVE AWAY,Y,,Y,$500 OR LESS,9/5/2019 19:15,UNABLE TO DETERMINE,NOT APPLICABLE,2,N,LA SALLE ST,122,,,,,,,2,NO INDICATION OF INJURY,0,0,0,0,0,2,0,13,5,9,41.8819923,-87.63250663,POINT (-87.632506626701 41.881992298253)
89ec98e6a5d188e313b54a14a58b1c1568b323081ec0fc4a1473b2fc2c33200809769a47accd020944b83ed7838ba201779b7563f9cc48ae78f78784dcbdd696,JC341749,,6/29/2019 22:00,30,NO CONTROLS,NO CONTROLS,CLEAR,DARKNESS,PARKED MOTOR VEHICLE,ONE-WAY,,STRAIGHT AND LEVEL,DRY,NO DEFECTS,,NO INJURY / DRIVE AWAY,,,,"OVER $1,500",7/9/2019 18:30,UNABLE TO DETERMINE,NOT APPLICABLE,5730,S,INDIANA AVE,232,,,,,,,2,,,,,,,,,22,7,6,41.79014982,-87.62087654,POINT (-87.620876534607 41.790149820792)
f7a9187bdeacf45442db832236af307c9a5faf9fa08df2c7f9124f88fe52ce175b883c21bb003ee932eca4b5c37cc78b277b2abb688c54dd221685f5960647ce,JD255800,,6/6/2020 14:30,30,NO CONTROLS,NO CONTROLS,CLEAR,DAYLIGHT,REAR END,NOT DIVIDED,,STRAIGHT AND LEVEL,DRY,NO DEFECTS,,NO INJURY / DRIVE AWAY,,,Y,"$501 - $1,500",6/6/2020 16:32,FOLLOWING TOO CLOSELY,FAILING TO REDUCE SPEED TO AVOID CRASH,5630,W,BELMONT AVE,1633,,,,,,,3,NO INDICATION OF INJURY,0,0,0,0,0,4,0,14,7,6,41.93866932,-87.76777554,POINT (-87.767775543408 41.938669321443)
46b73f95e72a29fe3b908919245230456f0c8378904e5b1d55e0bcee20bebd77c780fbcfcfba1d11bf9204fbf937e6a8e17df438310b87f83d38612de4c9b562,JF157470,,2/27/2022 7:58,20,NO CONTROLS,NO CONTROLS,CLEAR,DAYLIGHT,FIXED OBJECT,OTHER,,STRAIGHT ON GRADE,DRY,NO DEFECTS,ON SCENE,NO INJURY / DRIVE AWAY,,,,$500 OR LESS,2/27/2022 8:25,FAILING TO YIELD RIGHT-OF-WAY,DRIVING ON WRONG SIDE/WRONG WAY,401,N,WABASH AVE,1834,,,,,,,2,NO INDICATION OF INJURY,0,0,0,0,0,2,0,7,1,2,41.88928401,-87.62654855,POINT (-87.626548547941 41.889284013529)
465b1e98f6e3b39cda6a5317cadd3c7b90c63029d669bcbf3f8a76a5c1039e42e907754eb2bae74066a903dffb1eb6d30ae0d200f57af29ae07c4e538d83c57c,JF101488,,1/2/2022 17:50,30,NO CONTROLS,NO CONTROLS,CLEAR,"DARKNESS, LIGHTED ROAD",HEAD ON,NOT DIVIDED,,STRAIGHT AND LEVEL,WET,NO DEFECTS,,NO INJURY / DRIVE AWAY,,,,"OVER $1,500",1/2/2022 18:20,UNABLE TO DETERMINE,NOT APPLICABLE,2000,N,CALIFORNIA AVE,1414,,,,,,,2,NO INDICATION OF INJURY,0,0,0,0,0,3,0,17,1,1,41.91751954,-87.69734854,POINT (-87.697348538849 41.917519538447)
4731beba1ab589a630486bc2109f0a1d2c935859eb7dfd16f718f8f0acbb8e40ac298b0158d296dd31a48b593caab5d9cb73b206290f92073ca208d7a697e5da,JF158377,Y,2/27/2022 23:59,30,NO CONTROLS,NO CONTROLS,UNKNOWN,UNKNOWN,PARKED MOTOR VEHICLE,ONE-WAY,,STRAIGHT AND LEVEL,UNKNOWN,UNKNOWN,ON SCENE,NO INJURY / DRIVE AWAY,,,Y,"OVER $1,500",2/28/2022 9:01,UNABLE TO DETERMINE,UNABLE TO DETERMINE,1253,S,AVERS AVE,1011,,,,,,,2,NO INDICATION OF INJURY,0,0,0,0,0,1,0,23,1,2,41.86460232,-87.72132027,POINT (-87.721320266433 41.86460232334)
473221558224297d40a926282cec00657184f226ab4a64c6fcb048edcb9181b5c53eb11286fa69767e4da6ce3e44f3c59ed77c8677daa192103ef6e894ef0780,JF157553,,2/27/2022 10:25,30,TRAFFIC SIGNAL,FUNCTIONING PROPERLY,CLEAR,DAYLIGHT,REAR END,NOT DIVIDED,,STRAIGHT AND LEVEL,DRY,NO DEFECTS,ON SCENE,NO INJURY / DRIVE AWAY,Y,,,"OVER $1,500",2/27/2022 10:29,FAILING TO REDUCE SPEED TO AVOID CRASH,FAILING TO REDUCE SPEED TO AVOID CRASH,4200,S,ASHLAND AVE,924,,,,,,,2,NO INDICATION OF INJURY,0,0,0,0,0,2,0,10,1,2,41.81768012,-87.66533363,POINT (-87.665333633124 41.81768011732)
444ba032ac02b353e63e2b4a8edbc97cb8349cf634e8a7a7d35720c733c5e3d7a069efda40f6a522ee29562b187020daf1f4e42e1397c26f943f719909a9acb7,JF150169,,2/20/2022 4:57,30,NO CONTROLS,NO CONTROLS,CLEAR,"DARKNESS, LIGHTED ROAD",FIXED OBJECT,NOT DIVIDED,,STRAIGHT AND LEVEL,WET,NO DEFECTS,ON SCENE,INJURY AND / OR TOW DUE TO CRASH,,,,"OVER $1,500",2/20/2022 4:57,UNABLE TO DETERMINE,UNABLE TO DETERMINE,73,E,71ST ST,323,,,,,,,1,NONINCAPACITATING INJURY,2,0,0,2,0,0,0,4,1,2,41.76546287,-87.62200803,POINT (-87.62200803422 41.765462867652)
473c3afff5ed2eed7444ac8f867e7153b329461497fa0c50de9ab6f9952dbb614da707ba03e8a9daafbc0ce4f513f8db5d999e43e97eac9b13eefbce4b63a12d,JF157936,,2/27/2022 17:36,25,STOP SIGN/FLASHER,FUNCTIONING PROPERLY,CLEAR,DUSK,PARKED MOTOR VEHICLE,NOT DIVIDED,,STRAIGHT AND LEVEL,DRY,NO DEFECTS,ON SCENE,NO INJURY / DRIVE AWAY,,,,"$501 - $1,500",2/27/2022 17:37,DRIVING SKILLS/KNOWLEDGE/EXPERIENCE,CELL PHONE USE OTHER THAN TEXTING,346,W,24TH PL,914,,,,,,,2,NO INDICATION OF INJURY,0,0,0,0,0,1,0,17,1,2,41.84829857,-87.63645468,POINT (-87.636454676533 41.848298565626)
9e6bf2d12cb287d9f396003302a80e988b8e0c46c84b527a20e7d27542fddb576508a920fbc4958bee0dcce35d9902e1e0fb7d1d6f487014dcd7c8959736ede4,JF180368,,3/20/2022 13:22,10,NO CONTROLS,NO CONTROLS,CLEAR,DAYLIGHT,ANGLE,OTHER,,STRAIGHT AND LEVEL,DRY,NO DEFECTS,NOT ON SCENE (DESK REPORT),NO INJURY / DRIVE AWAY,,,,"OVER $1,500",3/20/2022 13:22,IMPROPER BACKING,DRIVING SKILLS/KNOWLEDGE/EXPERIENCE,6657,S,HALSTED ST,723,,,,,,,2,NO INDICATION OF INJURY,0,0,0,0,0,2,0,13,1,3,41.77258399,-87.64445316,POINT (-87.644453159494 41.77258399363)
f82fc9481a73a3f2d3ee0c9ff546f53ec9ab742c6c2f901208b02f67b307cd2aedb47451ca6a8c6bebf6c9016d1b4f2b71be4234e5536a658f1aa39a80d6bab9,JF172816,,3/13/2022 17:55,30,NO CONTROLS,NO CONTROLS,CLEAR,DUSK,REAR END,NOT DIVIDED,,STRAIGHT AND LEVEL,DRY,NO DEFECTS,ON SCENE,NO INJURY / DRIVE AWAY,,,Y,"OVER $1,500",3/13/2022 17:58,IMPROPER OVERTAKING/PASSING,NOT APPLICABLE,2621,N,HARLEM AVE,2512,,,,,,,2,NO INDICATION OF INJURY,0,0,0,0,0,3,0,17,1,3,41.92781459,-87.80624186,POINT (-87.806241858832 41.927814586623)
f839fd2c6471d108dfe3a207af430aeb2e3a701ac9cceeb3a4a5b2c7fba9dd5b00752fdb877c94a9aa2c50c89a46b87f11f300f741a1b308643fd3ab02486171,JF172690,,3/13/2022 15:58,30,NO CONTROLS,NO CONTROLS,CLEAR,DAYLIGHT,REAR END,NOT DIVIDED,,STRAIGHT AND LEVEL,DRY,NO DEFECTS,ON SCENE,INJURY AND / OR TOW DUE TO CRASH,,,,"OVER $1,500",3/13/2022 16:00,FOLLOWING TOO CLOSELY,UNABLE TO DETERMINE,30,E,79TH ST,623,,,,,,,2,NO INDICATION OF INJURY,0,0,0,0,0,2,0,15,1,3,41.75108426,-87.62332238,POINT (-87.623322375951 41.751084259495)