CRASH_RECORD_ID,RD_NO,CRASH_DATE_EST_I,CRASH_DATE,POSTED_SPEED_LIMIT,TRAFFIC_CONTROL_DEVICE,DEVICE_CONDITION,WEATHER_CONDITION,LIGHTING_CONDITION,FIRST_CRASH_TYPE,TRAFFICWAY_TYPE,LANE_CNT,ALIGNMENT,ROADWAY_SURFACE_COND,ROAD_DEFECT,REPORT_TYPE,CRASH_TYPE,INTERSECTION_RELATED_I,NOT_RIGHT_OF_WAY_I,HIT_AND_RUN_I,DAMAGE,DATE_POLICE_NOTIFIED,PRIM_CONTRIBUTORY_CAUSE,SEC_CONTRIBUTORY_CAUSE,STREET_NO,STREET_DIRECTION,STREET_NAME,BEAT_OF_OCCURRENCE,PHOTOS_TAKEN_I,STATEMENTS_TAKEN_I,DOORING_I,WORK_ZONE_I,WORK_ZONE_TYPE,WORKERS_PRESENT_I,NUM_UNITS,MOST_SEVERE_INJURY,INJURIES_TOTAL,INJURIES_FATAL,INJURIES_INCAPACITATING,INJURIES_NON_INCAPACITATING,INJURIES_REPORTED_NOT_EVIDENT,INJURIES_NO_INDICATION,INJURIES_UNKNOWN,CRASH_HOUR,CRASH_DAY_OF_WEEK,CRASH_MONTH,LATITUDE,LONGITUDE,LOCATION
4772eab41374f1ac889ca9ae82f223a46299ac5d92ab987d37d209dec20aef4de01ef43abb4363e64443bb5d6150676c726c79294cf7719c734354d1bf0f9929,JD211092,,4/17/2020 15:20,30,TRAFFIC SIGNAL,FUNCTIONING PROPERLY,CLEAR,DAYLIGHT,TURNING,NOT DIVIDED,,STRAIGHT AND LEVEL,DRY,NO DEFECTS,,NO INJURY / DRIVE AWAY,Y,,,"OVER $1,500",4/17/2020 16:20,UNABLE TO DETERMINE,NOT APPLICABLE,2400,N,HALSTED ST,1935,,,,,,,2,NO INDICATION OF INJURY,0,0,0,0,0,2,0,15,6,4,41.92554032,-87.64891216,POINT (-87.648912155512 41.925540315432)
9a40fc2433f178b6f156b0f68a3dd4053be7b62db5f63e01fd2fd89eced586a200c887f9cc4a27c64aa8650d500e0c3333e913a997504aa655294e2c3242051b,JE361473,,9/4/2021 14:28,35,NO CONTROLS,NO CONTROLS,CLEAR,DAYLIGHT,TURNING,NOT DIVIDED,,STRAIGHT AND LEVEL,DRY,NO DEFECTS,,INJURY AND / OR TOW DUE TO CRASH,,,,"OVER $1,500",9/4/2021 14:50,UNABLE TO DETERMINE,NOT APPLICABLE,3416,W,47TH ST,821,,,,,,,2,INCAPACITATING INJURY,1,0,1,0,0,4,0,14,7,9,41.80815973,-87.70942695,POINT (-87.709426948149 41.80815972656)
44d57a6ad36763fcf1219c61e860054ac221b70fac196664f0bcfbd0a488d6b08771a8fa639b4505d68c8f7697718d47599c56e34684ab16ec62e0361e3b93bb,JF150251,,2/20/2022 10:00,25,STOP SIGN/FLASHER,NO CONTROLS,SNOW,DAYLIGHT,PARKED MOTOR VEHICLE,FOUR WAY,,STRAIGHT AND LEVEL,SNOW OR SLUSH,UNKNOWN,ON SCENE,INJURY AND / OR TOW DUE TO CRASH,Y,,Y,"OVER $1,500",2/20/2022 10:05,UNABLE TO DETERMINE,UNABLE TO DETERMINE,1400,W,81ST ST,612,,,,,,,2,NO INDICATION OF INJURY,0,0,0,0,0,1,0,10,1,2,41.74689466,-87.65855752,POINT (-87.65855751773 41.746894661685)
9e75cd71114ccb4a4dfbaf78ea2bd2a42b2b3ca7d6c5dc0a0d6371517546ea463908877b1dac58dc176c3e3b9e221aa15719e3ab5fbba852fb6feba29a868795,JF180500,,3/20/2022 15:47,20,NO CONTROLS,NO CONTROLS,CLEAR,DAYLIGHT,PARKED MOTOR VEHICLE,NOT DIVIDED,,STRAIGHT AND LEVEL,DRY,NO DEFECTS,ON SCENE,NO INJURY / DRIVE AWAY,,,,"OVER $1,500",3/20/2022 15:50,UNABLE TO DETERMINE,UNABLE TO DETERMINE,11552,S,LA SALLE ST,522,,,,,,,2,NO INDICATION OF INJURY,0,0,0,0,0,1,0,15,1,3,41.6837525,-87.62661423,POINT (-87.626614230519 41.683752498259)
8b6d1b9448c46a501eb85d0635bcf5d9611a68b4d9ec8da0a8345f8b4d23ca1db47fc66f456d5414ebde1e6af8ff521365253c2bb90c68425f72acc1c763cedc,JF165453,,3/6/2022 17:55,30,NO CONTROLS,NO CONTROLS,CLEAR,"DARKNESS, LIGHTED ROAD",PARKED MOTOR VEHICLE,NOT DIVIDED,,STRAIGHT AND LEVEL,DRY,UNKNOWN,ON SCENE,NO INJURY / DRIVE AWAY,,,Y,"OVER $1,500",3/6/2022 17:59,NOT APPLICABLE,NOT APPLICABLE,6058,S,CENTRAL AVE,812,,,,,,,2,NO INDICATION OF INJURY,0,0,0,0,0,1,0,17,1,3,41.78181026,-87.76202319,POINT (-87.762023191821 41.781810256342)
f8fcbb0627f6876071baaa0ae94ce3ef76e0282d8b0f071071fbd0abaad14b6214b15ecb18638849df9b7d7f8fba223accd7ffcea57b577603275421ec42d589,JF172610,,3/13/2022 13:13,30,TRAFFIC SIGNAL,FUNCTIONING PROPERLY,CLEAR,DAYLIGHT,ANGLE,FOUR WAY,,STRAIGHT AND LEVEL,DRY,NO DEFECTS,ON SCENE,INJURY AND / OR TOW DUE TO CRASH,Y,,,"OVER $1,500",3/13/2022 14:40,FAILING TO YIELD RIGHT-OF-WAY,NOT APPLICABLE,500,S,ASHLAND AVE,1231,,,,,,,2,NONINCAPACITATING INJURY,2,0,0,2,0,3,0,13,1,3,41.8751259,-87.66677177,POINT (-87.666771774482 41.875125894617)
9a51fa435f5b3857f55afce1ce52ef063fd046753c3528f43e14bfc35ccd1c41df62a43999db3594c708615061b9d841c3c9808b89c71c7dfdaeb43c598df2ed,JE246896,,5/29/2021 14:50,20,STOP SIGN/FLASHER,FUNCTIONING PROPERLY,CLEAR,DAYLIGHT,ANGLE,FOUR WAY,,STRAIGHT AND LEVEL,DRY,NO DEFECTS,,INJURY AND / OR TOW DUE TO CRASH,Y,,,"OVER $1,500",5/29/2021 15:00,FAILING TO YIELD RIGHT-OF-WAY,NOT APPLICABLE,6400,S,MAYFIELD AVE,812,,,,,,,2,NO INDICATION OF INJURY,0,0,0,0,0,4,0,14,7,5,41.77604814,-87.76912305,POINT (-87.769123051299 41.776048142425)
9a6754dea4e6b9d79e79112d5dfc1e5d53dbea9372d39cc44b1fb8d641d5c07439843cd7a0aaf8349c3ca97687b66fe64e9bf60b5c9241012b2e469257dee0a2,JD173953,,3/1/2020 1:00,25,UNKNOWN,UNKNOWN,UNKNOWN,UNKNOWN,PARKED MOTOR VEHICLE,NOT DIVIDED,,STRAIGHT AND LEVEL,UNKNOWN,UNKNOWN,,NO INJURY / DRIVE AWAY,,,Y,"OVER $1,500",3/4/2020 16:45,UNABLE TO DETERMINE,NOT APPLICABLE,6851,W,DIVERSEY AVE,2512,,,,,,,2,NO INDICATION OF INJURY,0,0,0,0,0,1,0,1,1,3,41.9307472,-87.79753584,POINT (-87.797535840416 41.930747197702)
9a67671a441a769570b32cda5a0a4a1abb36390352be37b1db638bcd5b75c1f260c110165dfc2494f33a5db73482d3d2dedafd70a4db644ac436f0445e687229,JD208557,,4/13/2020 23:35,20,NO CONTROLS,NO CONTROLS,CLEAR,"DARKNESS, LIGHTED ROAD",PARKED MOTOR VEHICLE,NOT DIVIDED,,STRAIGHT AND LEVEL,DRY,NO DEFECTS,,INJURY AND / OR TOW DUE TO CRASH,,,,"OVER $1,500",4/13/2020 23:39,UNABLE TO DETERMINE,UNABLE TO DETERMINE,1117,E,81ST ST,411,,,,,,,2,NO INDICATION OF INJURY,0,0,0,0,0,1,0,23,2,4,41.74760746,-87.59701633,POINT (-87.597016328447 41.747607462511)
8c31bb61fefadbcdff5125809beba5aab7a8b26d55a17d9120017b45f9e7bd3322ff7193af8a3bb01d1038f2dd8c096cc07abbb4d20efc5dcd08d35413388ef1,JC155047,,2/15/2019 20:42,30,TRAFFIC SIGNAL,FUNCTIONING PROPERLY,CLEAR,"DARKNESS, LIGHTED ROAD",REAR END,NOT DIVIDED,,STRAIGHT AND LEVEL,DRY,NO DEFECTS,NOT ON SCENE (DESK REPORT),NO INJURY / DRIVE AWAY,Y,,,"$501 - $1,500",2/16/2019 18:21,UNABLE TO DETERMINE,UNABLE TO DETERMINE,488,E,LOWER WACKER DR,114,,,,,,,2,NO INDICATION OF INJURY,0,0,0,0,0,3,0,20,6,2,41.88747989,-87.61604712,POINT (-87.616047119018 41.88747988917)
f9fb8f2ef05be755ffc663b1dd66bf839e5644e1283c4cb37e3d1b6e078c040a0c54b02f00f62b8a8cf9965129fa19c61b25892bca0034d99fc14c7a228d2176,JF172162,,3/13/2022 1:50,40,NO CONTROLS,NO CONTROLS,CLEAR,"DARKNESS, LIGHTED ROAD",REAR END,OTHER,,STRAIGHT AND LEVEL,DRY,UNKNOWN,ON SCENE,INJURY AND / OR TOW DUE TO CRASH,,,Y,"OVER $1,500",3/13/2022 1:55,UNABLE TO DETERMINE,UNABLE TO DETERMINE,3000,N,LAKE SHORE DR,1934,,,,,,,4,NONINCAPACITATING INJURY,1,0,0,1,0,9,0,1,1,3,41.93665835,-87.63700903,POINT (-87.637009034085 41.936658352704)
45ce4c86549d19a891e47a570a6a04c2c66986fcf240faf11d71e6db63cf2771b84cb6c36112e635bae7b32e107bd85edfa6a5c530d2ba6be7ba6eade786efd8,JF155758,,2/20/2022 20:00,30,TRAFFIC SIGNAL,FUNCTIONING PROPERLY,CLEAR,DAYLIGHT,REAR END,DIVIDED - W/MEDIAN (NOT RAISED),,STRAIGHT AND LEVEL,DRY,NO DEFECTS,NOT ON SCENE (DESK REPORT),NO INJURY / DRIVE AWAY,,,,"$501 - $1,500",2/25/2022 14:50,FAILING TO YIELD RIGHT-OF-WAY,FOLLOWING TOO CLOSELY,2020,N,ASHLAND AVE,1432,,,,,,,2,NO INDICATION OF INJURY,0,0,0,0,0,2,0,20,1,2,41.91859017,-87.66825471,POINT (-87.668254713857 41.91859016695)
fa254d6c16f1718db7288a15fd7478dcaa9169f109ac32a02dce7877c60435c463b997068319f56e43dc97b998a807cf80d3741f6b04f4a756165227ea5cc4f4,,,3/27/2022 4:30,15,NO CONTROLS,NO CONTROLS,CLEAR,"DARKNESS, LIGHTED ROAD",PEDESTRIAN,NOT DIVIDED,,STRAIGHT AND LEVEL,DRY,NO DEFECTS,,INJURY AND / OR TOW DUE TO CRASH,,,Y,$500 OR LESS,3/27/2022 5:14,UNABLE TO DETERMINE,NOT APPLICABLE,8201,S,KILPATRICK AVE,834,,,,,,,2,NONINCAPACITATING INJURY,1,0,0,1,0,1,0,4,1,3,41.74342415,-87.73831594,POINT (-87.738315939209 41.743424154151)
462dc093961e5ed50c85dfaf201960da4b97c51cf0854e0a3a5cc050a7c2b30881a64ef9306762dddcb31cff50ab566af83a803d84cb74bad328b2164cd53ab3,JF150087,,2/20/2022 1:30,30,NO CONTROLS,NO CONTROLS,CLEAR,"DARKNESS, LIGHTED ROAD",PARKED MOTOR VEHICLE,PARKING LOT,,STRAIGHT AND LEVEL,DRY,NO DEFECTS,ON SCENE,NO INJURY / DRIVE AWAY,,,Y,"OVER $1,500",2/20/2022 1:50,IMPROPER BACKING,IMPROPER BACKING,9156,S,STONY ISLAND AVE,413,,,,,,,2,NO INDICATION OF INJURY,0,0,0,0,0,3,0,1,1,2,41.72795238,-87.58558036,POINT (-87.585580361373 41.727952378402)
9afec97622b14e78a5e0e673f10fb79d9ce2de09008a37880445e85165c0a468de2bdbb7a306033dec004a1a18b1357bd3ff4471a4b8c54aca10043487c524b0,JF187336,,3/26/2022 14:30,30,NO CONTROLS,NO CONTROLS,CLEAR,DAYLIGHT,REAR END,PARKING LOT,,STRAIGHT AND LEVEL,DRY,NO DEFECTS,NOT ON SCENE (DESK REPORT),NO INJURY / DRIVE AWAY,,,,"$501 - $1,500",3/26/2022 14:50,UNABLE TO DETERMINE,UNABLE TO DETERMINE,5201,W,ADDISON ST,1634,,,,,,,2,NO INDICATION OF INJURY,0,0,0,0,0,2,0,14,7,3,41.94588918,-87.75704112,POINT (-87.757041123001 41.945889175533)
9fe29b461ef1b8cecb89034a173ed76cfc92850f7288aa5c23cb11f254f5d00fbadf11ed0bfb51faf2891f5f98229117d494979d27c65fc3119554c6b2e8a29a,JF180044,,3/20/2022 3:41,30,NO CONTROLS,NO CONTROLS,CLEAR,"DARKNESS, LIGHTED ROAD",FIXED OBJECT,DIVIDED - W/MEDIAN (NOT RAISED),,STRAIGHT AND LEVEL,DRY,NO DEFECTS,ON SCENE,INJURY AND / OR TOW DUE TO CRASH,,,Y,"OVER $1,500",3/20/2022 3:59,UNABLE TO DETERMINE,UNABLE TO DETERMINE,727,W,83RD ST,622,,,,,,,1,NO INDICATION OF INJURY,0,0,0,0,0,1,0,3,1,3,41.74325916,-87.64305933,POINT (-87.64305932927 41.743259163837)
9b2c685fa7cc8506c842fa7a45625c73907da6d1bb9d306ed70229c792c8abfdbe7964abc93c614816c7e45f69e81600d40f2fd7ea417024c98fad6bd3369c43,JF187316,,3/26/2022 13:30,35,NO CONTROLS,NO CONTROLS,CLEAR,DAYLIGHT,PARKED MOTOR VEHICLE,NOT DIVIDED,,STRAIGHT AND LEVEL,DRY,NO DEFECTS,NOT ON SCENE (DESK REPORT),NO INJURY / DRIVE AWAY,,,,"OVER $1,500",3/26/2022 14:30,DRIVING SKILLS/KNOWLEDGE/EXPERIENCE,NOT APPLICABLE,2719,S,KEDZIE AVE,1033,,,,,,,2,NO INDICATION OF INJURY,0,0,0,0,0,1,0,13,7,3,41.84209962,-87.70481998,POINT (-87.704819979107 41.842099620821)
a01d55413a6ee03923edaa52a2edfd67bf38165abb01093983e7015803689c9db95f8522ef1daed8a8009c59112147085e2dc927939706c3ccf58f32b5e2e5d2,JF180869,N,3/20/2022 23:20,30,NO CONTROLS,NO CONTROLS,CLEAR,"DARKNESS, LIGHTED ROAD",FIXED OBJECT,NOT DIVIDED,,STRAIGHT AND LEVEL,DRY,NO DEFECTS,ON SCENE,INJURY AND / OR TOW DUE TO CRASH,,,Y,"OVER $1,500",3/20/2022 23:30,UNABLE TO DETERMINE,UNABLE TO DETERMINE,2947,W,LAKE ST,1222,,,,,,,1,NO INDICATION OF INJURY,0,0,0,0,0,1,0,23,1,3,41.88397937,-87.70070293,POINT (-87.700702925072 41.883979371163)
46ca8bc50571b58ce5b762f1e68faac2531758e5d5295014c1ccf1d6edfdf306802e66206511de8b9b77d3060caafffe6eeb264f9854b2b81a38fd7fba3c9913,JF150499,,2/20/2022 13:30,25,TRAFFIC SIGNAL,FUNCTIONING PROPERLY,CLEAR,DAYLIGHT,REAR END,NOT DIVIDED,,STRAIGHT AND LEVEL,DRY,NO DEFECTS,NOT ON SCENE (DESK REPORT),NO INJURY / DRIVE AWAY,,,,"OVER $1,500",2/20/2022 14:40,FOLLOWING TOO CLOSELY,NOT APPLICABLE,24,E,87TH ST,632,,,,,,,2,NO INDICATION OF INJURY,0,0,0,0,0,2,0,13,1,2,41.73645708,-87.62319093,POINT (-87.623190931504 41.736457078007)
497ac00a48462f4a8a2090a808b20cd13e3d7859b4a8305632172e42dade11752d01a69caeaa3f31ae59a81f35e8041ba27bd3f7cd3d0dc525585dfd6e721eb2,JF157310,,2/27/2022 1:15,30,NO CONTROLS,FUNCTIONING PROPERLY,CLEAR,DAYLIGHT,FIXED OBJECT,DIVIDED - W/MEDIAN (NOT RAISED),,STRAIGHT AND LEVEL,ICE,NO DEFECTS,ON SCENE,INJURY AND / OR TOW DUE TO CRASH,,,,"OVER $1,500",2/27/2022 1:15,NOT APPLICABLE,NOT APPLICABLE,4533,W,NORTH AVE,2533,,,,,,,1,FATAL,2,1,0,1,0,1,0,1,1,2,41.90958979,-87.74021558,POINT (-87.740215575351 41.909589792662)
fc19fdbcd84c8ddedfaedd06533d1d380e191696d700466c90d55e4782e4b99cc7010da39555c36630a35fdc6237fd7d5ef25fa9bda04abb8146037f2968cc71,JF173259,,3/13/2022 23:00,30,TRAFFIC SIGNAL,FUNCTIONING PROPERLY,CLEAR,"DARKNESS, LIGHTED ROAD",HEAD ON,ONE-WAY,,STRAIGHT AND LEVEL,DRY,NO DEFECTS,NOT ON SCENE (DESK REPORT),NO INJURY / DRIVE AWAY,Y,,Y,"OVER $1,500",3/14/2022 9:20,DRIVING ON WRONG SIDE/WRONG WAY,UNABLE TO DETERMINE,3400,W,WASHINGTON BLVD,1123,,,,,,,2,NO INDICATION OF INJURY,0,0,0,0,0,2,0,23,1,3,41.88284989,-87.71110732,POINT (-87.711107323816 41.882849888274)
fce6ff02f9d2f906e0606602aae4347bf532c2cc01fda18ec913ff027cc145ce8993aa1cbd2ea9da5f00572b125b7d23907dc6ec67eac0240e65c8e9f5a026d2,JF172453,,3/13/2022 12:00,30,UNKNOWN,UNKNOWN,UNKNOWN,DAYLIGHT,PARKED MOTOR VEHICLE,NOT DIVIDED,,STRAIGHT AND LEVEL,UNKNOWN,UNKNOWN,NOT ON SCENE (DESK REPORT),NO INJURY / DRIVE AWAY,,,,"$501 - $1,500",3/13/2022 12:15,UNABLE TO DETERMINE,NOT APPLICABLE,5419,S,CALIFORNIA AVE,923,,,,,,,2,NO INDICATION OF INJURY,0,0,0,0,0,4,0,12,1,3,41.79491707,-87.69368531,POINT (-87.693685308104 41.794917073343)
4767e0dfbbba07e5ff415ce5797e452fabbadfc2c4c44d5e67a6579af4175ce09ac80e81ad27ab8826daebb572953c87ce892fcd574c91a750036bb8e473ac2f,JF150064,,2/20/2022 0:29,30,NO CONTROLS,NO CONTROLS,CLEAR,"DARKNESS, LIGHTED ROAD",PARKED MOTOR VEHICLE,ONE-WAY,,STRAIGHT AND LEVEL,ICE,UNKNOWN,ON SCENE,INJURY AND / OR TOW DUE TO CRASH,,,,"$501 - $1,500",2/20/2022 0:29,UNABLE TO DETERMINE,UNABLE TO DETERMINE,5130,W,BERTEAU AVE,1624,,,,,,,3,NO INDICATION OF INJURY,0,0,0,0,0,2,0,0,1,2,41.95707424,-87.75609934,POINT (-87.756099335127 41.957074244009)
4a43e38daecb5026d1a5e0595d3213c1b60c16e6c4ccefe8baff55e5bcdeae9052294df117fbe11b37d0e88627f6f8154526773789b25cc6ab19c70bfd7c1f4f,JF157795,,2/27/2022 14:35,10,NO CONTROLS,NO CONTROLS,CLEAR,DAYLIGHT,ANGLE,FOUR WAY,,STRAIGHT AND LEVEL,UNKNOWN,NO DEFECTS,ON SCENE,NO INJURY / DRIVE AWAY,Y,,,"$501 - $1,500",2/27/2022 15:10,FAILING TO YIELD RIGHT-OF-WAY,UNABLE TO DETERMINE,2755,W,111TH ST,2212,,,,,,,2,NO INDICATION OF INJURY,0,0,0,0,0,3,0,14,1,2,41.69158052,-87.69065439,POINT (-87.690654391699 41.691580515988)
4acb8ef7b8d3e4558a06c1c330b4d2e67dab5db7e15ac96370c924871c95f49e6de4e1482741ce35d6d57a314a168b93c436c8a933579c593a2b7dabeaac8b3c,JF157441,,2/27/2022 6:10,30,NO CONTROLS,NO CONTROLS,CLEAR,DAYLIGHT,TURNING,DIVIDED - W/MEDIAN (NOT RAISED),,STRAIGHT AND LEVEL,DRY,NO DEFECTS,ON SCENE,INJURY AND / OR TOW DUE TO CRASH,,,,"OVER $1,500",2/27/2022 6:11,UNABLE TO DETERMINE,DRIVING SKILLS/KNOWLEDGE/EXPERIENCE,5835,S,PULASKI RD,822,,,,,,,2,NO INDICATION OF INJURY,0,0,0,0,0,2,0,6,1,2,41.78673865,-87.72284072,POINT (-87.722840723657 41.786738651894)
8f00cba0c86672aad5e62cb269e9f2bee2b9cd2667bc4790af7c4ee4bc65daf649116338ed6ebf7c743207fb058591efba0a4245638dfd6f83e5861859f60f71,JB503499,,11/4/2018 17:48,30,NO CONTROLS,NO CONTROLS,RAIN,DARKNESS,REAR END,DIVIDED - W/MEDIAN BARRIER,4,STRAIGHT AND LEVEL,WET,NO DEFECTS,NOT ON SCENE (DESK REPORT),NO INJURY / DRIVE AWAY,,,,"OVER $1,500",11/4/2018 18:35,UNABLE TO DETERMINE,UNABLE TO DETERMINE,488,E,LOWER WACKER DR,114,,,,,,,2,NO INDICATION OF INJURY,0,0,0,0,0,2,0,17,1,11,41.88747989,-87.61604712,POINT (-87.616047119018 41.88747988917)
fd15082e182d0ca606b4035c647adcba916e48f2b3c5a903bfb1a1f26c3493a2571ad0bb01b17e53356b81396a296e2f3e5816cd4e32ede2b9f446f47e459baf,JF172235,,3/13/2022 5:30,30,NO CONTROLS,NO CONTROLS,CLEAR,DARKNESS,PARKED MOTOR VEHICLE,NOT DIVIDED,,STRAIGHT AND LEVEL,DRY,NO DEFECTS,ON SCENE,NO INJURY / DRIVE AWAY,,,Y,"OVER $1,500",3/13/2022 5:35,PHYSICAL CONDITION OF DRIVER,IMPROPER LANE USAGE,12111,S,MICHIGAN AVE,532,,,,,,,3,NO INDICATION OF INJURY,0,0,0,0,0,1,0,5,1,3,41.67397574,-87.62024363,POINT (-87.620243627403 41.67397574064)
fd419981b5afb02efcdf402a10b78292cfce0f30ca05f913b54b877c2aaa2dd78c66adc835be2a9ec9baf854d296ecea97a93a604763a090ecbb2e9af4322d09,JF172515,,3/13/2022 12:50,30,NO CONTROLS,NO CONTROLS,CLEAR,DAYLIGHT,TURNING,FOUR WAY,,STRAIGHT AND LEVEL,DRY,NO DEFECTS,ON SCENE,NO INJURY / DRIVE AWAY,Y,,,"OVER $1,500",3/13/2022 13:06,IMPROPER TURNING/NO SIGNAL,IMPROPER LANE USAGE,3900,W,47TH ST,821,,,,,,,2,NO INDICATION OF INJURY,0,0,0,0,0,2,0,12,1,3,41.80801181,-87.72118736,POINT (-87.721187355318 41.808011809509)
4b1fd099970caf26656422c823bc8d1512cc8b3e9d806c0c13fad975754f73bec4eb8661b3c95abaaa404585e295908faa0b0dd89b1e562219814502fad75864,JF164395,,2/27/2022 17:53,20,NO CONTROLS,NO CONTROLS,CLEAR,DAYLIGHT,PEDALCYCLIST,NOT DIVIDED,,STRAIGHT AND LEVEL,DRY,NO DEFECTS,NOT ON SCENE (DESK REPORT),INJURY AND / OR TOW DUE TO CRASH,,,Y,"$501 - $1,500",3/5/2022 16:55,NOT APPLICABLE,NOT APPLICABLE,114,E,CHICAGO AVE,1833,,,,,,,2,NONINCAPACITATING INJURY,1,0,0,1,0,1,0,17,1,2,41.89683145,-87.62488281,POINT (-87.624882805023 41.896831452824)
a18caf79df90d955b4be2e512bbbef548fa44ffaa6e7c446420d6ae92ba57d97187b80e0ddfe3699a0812d93c0ff1dd1136b2f7b42d7b4e140cbdd545db16426,JF180560,,3/20/2022 11:59,30,NO CONTROLS,NO CONTROLS,UNKNOWN,UNKNOWN,PARKED MOTOR VEHICLE,ONE-WAY,,STRAIGHT AND LEVEL,UNKNOWN,NO DEFECTS,ON SCENE,NO INJURY / DRIVE AWAY,,,Y,"$501 - $1,500",3/20/2022 16:28,NOT APPLICABLE,NOT APPLICABLE,5947,S,INDIANA AVE,232,,,,,,,2,NO INDICATION OF INJURY,0,0,0,0,0,1,0,11,1,3,41.78604936,-87.62047574,POINT (-87.620475736877 41.786049356749)
a1d157e56dcd023fa71368066cea7eb606b5c0d01f2d349c7af268f24b4915d84f4f684d6268f2e931c670ec716bc030f7705b0130e98f6797f1eba8c61ac821,JF180156,,3/20/2022 1:30,10,NO CONTROLS,NO CONTROLS,UNKNOWN,"DARKNESS, LIGHTED ROAD",PARKED MOTOR VEHICLE,PARKING LOT,,STRAIGHT AND LEVEL,UNKNOWN,UNKNOWN,NOT ON SCENE (DESK REPORT),NO INJURY / DRIVE AWAY,,Y,Y,"$501 - $1,500",3/20/2022 8:40,IMPROPER BACKING,UNABLE TO DETERMINE,3801,W,HARRISON ST,1133,,,,,,,2,NO INDICATION OF INJURY,0,0,0,0,0,2,0,1,1,3,41.87340465,-87.72039963,POINT (-87.720399628297 41.873404645345)
485f45964eaf7f022666be6c199317fb74637258d1101c53a613a946d78c7e58dab1e0fe2ada40db9aad5c8645de92306749bf6712d6e74dd730fe8c2fa6cfc4,JF150619,,2/20/2022 16:00,15,NO CONTROLS,NO CONTROLS,CLEAR,DAYLIGHT,SIDESWIPE OPPOSITE DIRECTION,PARKING LOT,,STRAIGHT AND LEVEL,SNOW OR SLUSH,NO DEFECTS,NOT ON SCENE (DESK REPORT),NO INJURY / DRIVE AWAY,,,,"OVER $1,500",2/20/2022 16:40,UNABLE TO DETERMINE,UNABLE TO DETERMINE,1739,W,CERMAK RD,1034,,,,,,,2,NO INDICATION OF INJURY,0,0,0,0,0,2,0,16,1,2,41.8521512,-87.6700746,POINT (-87.670074601947 41.852151199487)
486b11a5a806bd14f31e9e6bdd9e3f4c97b9a952c1ba21600d24335c06923a7d44a9fe0cf2628c2c5c2a80f27c98e6f3d7285630d29679d545c20f8e98a94c9b,JF150940,,2/20/2022 23:15,30,NO CONTROLS,NO CONTROLS,CLEAR,DARKNESS,PARKED MOTOR VEHICLE,ONE-WAY,,STRAIGHT AND LEVEL,WET,NO DEFECTS,ON SCENE,NO INJURY / DRIVE AWAY,,,,"$501 - $1,500",2/20/2022 23:53,UNABLE TO DETERMINE,UNABLE TO DETERMINE,5531,S,FRANCISCO AVE,824,,,,,,,2,NO INDICATION OF INJURY,0,0,0,0,0,1,0,23,1,2,41.79271218,-87.69606617,POINT (-87.69606617056 41.792712175278)
a34d991406d110a77785fda6e083d275445c11809c02ba177f21ecf0dcc2432cb03b18f324d122d8d579c28219695b6658bb3206c658ce20c274bb4091194ab2,JF183304,,3/20/2022 17:46,30,TRAFFIC SIGNAL,FUNCTIONING PROPERLY,CLEAR,DAYLIGHT,TURNING,FOUR WAY,,STRAIGHT AND LEVEL,DRY,NO DEFECTS,NOT ON SCENE (DESK REPORT),NO INJURY / DRIVE AWAY,Y,,,"$501 - $1,500",3/22/2022 23:30,UNABLE TO DETERMINE,UNABLE TO DETERMINE,640,N,CLARK ST,1832,,,,,,,2,NO INDICATION OF INJURY,0,0,0,0,0,3,0,17,1,3,41.89362811,-87.63132377,POINT (-87.631323774133 41.893628111278)
492eaaa00e0f6f9d904a9eac5b6c8a106308521358fe82ddc37a450e7f5b85598c59bf8a4cc58b2fef11dc7222c74d27d1f01fff2ad41feda880d983fb87d4d5,JF150297,,2/20/2022 10:30,30,NO CONTROLS,NO CONTROLS,CLEAR,DAYLIGHT,SIDESWIPE SAME DIRECTION,NOT DIVIDED,,STRAIGHT AND LEVEL,DRY,NO DEFECTS,NOT ON SCENE (DESK REPORT),NO INJURY / DRIVE AWAY,,,,"$501 - $1,500",2/20/2022 11:15,UNABLE TO DETERMINE,UNABLE TO DETERMINE,4632,W,63RD ST,813,,,,,,,2,NO INDICATION OF INJURY,0,0,0,0,0,2,0,10,1,2,41.77857996,-87.73867944,POINT (-87.738679437114 41.77857996073)
fe63529f5f3bf0723af47db11b936b17db97f917f282a994602fdd166f76411908d206dd2fe0695f66752e9bd3ac942279f22c62250362e7423582169da299af,JF172394,,3/13/2022 0:05,30,NO CONTROLS,NO CONTROLS,CLEAR,"DARKNESS, LIGHTED ROAD",FIXED OBJECT,NOT DIVIDED,,STRAIGHT AND LEVEL,DRY,NO DEFECTS,NOT ON SCENE (DESK REPORT),NO INJURY / DRIVE AWAY,,,,"$501 - $1,500",3/13/2022 11:15,UNABLE TO DETERMINE,UNABLE TO DETERMINE,8700,S,VINCENNES AVE,2222,,,,,,,1,NO INDICATION OF INJURY,0,0,0,0,0,1,0,0,1,3,41.73600657,-87.64534182,POINT (-87.64534181898 41.736006564585)