CRASH_RECORD_ID,RD_NO,CRASH_DATE_EST_I,CRASH_DATE,POSTED_SPEED_LIMIT,TRAFFIC_CONTROL_DEVICE,DEVICE_CONDITION,WEATHER_CONDITION,LIGHTING_CONDITION,FIRST_CRASH_TYPE,TRAFFICWAY_TYPE,LANE_CNT,ALIGNMENT,ROADWAY_SURFACE_COND,ROAD_DEFECT,REPORT_TYPE,CRASH_TYPE,INTERSECTION_RELATED_I,NOT_RIGHT_OF_WAY_I,HIT_AND_RUN_I,DAMAGE,DATE_POLICE_NOTIFIED,PRIM_CONTRIBUTORY_CAUSE,SEC_CONTRIBUTORY_CAUSE,STREET_NO,STREET_DIRECTION,STREET_NAME,BEAT_OF_OCCURRENCE,PHOTOS_TAKEN_I,STATEMENTS_TAKEN_I,DOORING_I,WORK_ZONE_I,WORK_ZONE_TYPE,WORKERS_PRESENT_I,NUM_UNITS,MOST_SEVERE_INJURY,INJURIES_TOTAL,INJURIES_FATAL,INJURIES_INCAPACITATING,INJURIES_NON_INCAPACITATING,INJURIES_REPORTED_NOT_EVIDENT,INJURIES_NO_INDICATION,INJURIES_UNKNOWN,CRASH_HOUR,CRASH_DAY_OF_WEEK,CRASH_MONTH,LATITUDE,LONGITUDE,LOCATION
9ed7b73ec5fb962e141fe2a94e196a666dbd7f8d05752db270daa4777275beb33f25af80a91a14f15fd8496f1918093486191cd43f7f2c5cdb355971b7711845,JF187313,,3/26/2022 14:03,35,NO CONTROLS,NO CONTROLS,CLEAR,DAYLIGHT,ANGLE,FOUR WAY,,STRAIGHT AND LEVEL,DRY,NO DEFECTS,ON SCENE,NO INJURY / DRIVE AWAY,Y,,Y,"$501 - $1,500",3/26/2022 14:06,FAILING TO YIELD RIGHT-OF-WAY,UNABLE TO DETERMINE,12401,S,HALSTED ST,523,,,,,,,2,NO INDICATION OF INJURY,0,0,0,0,0,2,0,14,7,3,41.66862653,-87.64145457,POINT (-87.641454571743 41.668626530316)
9f8fe22084dca63c9cb3362a16002cc854ec8b9a2a6b255c55af598bbd821e0617722c3c6d87e0fe288d40ca78a021f3a0f97711273819c3f8ea0ab7a6d27e25,JF187066,,3/26/2022 9:37,30,NO CONTROLS,NO CONTROLS,CLOUDY/OVERCAST,DAYLIGHT,SIDESWIPE SAME DIRECTION,ONE-WAY,,STRAIGHT AND LEVEL,DRY,NO DEFECTS,ON SCENE,INJURY AND / OR TOW DUE TO CRASH,,,Y,"OVER $1,500",3/26/2022 9:37,UNABLE TO DETERMINE,UNABLE TO DETERMINE,7401,S,LAFAYETTE AVE,731,,,,,,,2,NONINCAPACITATING INJURY,2,0,0,2,0,1,0,9,7,3,41.75997501,-87.62627362,POINT (-87.626273616543 41.759975012231)
4d49cec1d184eb26789b330426b63bc7db354b1f25d230da6eee9fe0638cb472ee552f777436ed34c4c46707353f58f49f4332ab116704349090965881ba76ee,JF158395,,2/27/2022 0:15,30,NO CONTROLS,NO CONTROLS,UNKNOWN,"DARKNESS, LIGHTED ROAD",PARKED MOTOR VEHICLE,NOT DIVIDED,,STRAIGHT AND LEVEL,UNKNOWN,NO DEFECTS,NOT ON SCENE (DESK REPORT),NO INJURY / DRIVE AWAY,,,,"OVER $1,500",2/28/2022 9:00,UNABLE TO DETERMINE,NOT APPLICABLE,1333,N,CLEVELAND AVE,1821,,,,,,,2,NO INDICATION OF INJURY,0,0,0,0,0,1,0,0,1,2,41.90669204,-87.64073466,POINT (-87.640734658322 41.906692042519)
9ffa02eb6edaa64aa48a3054e5b6038f0f4f9d2b3f83fd76067ba020e7d043159d0e86fa0c00bba5da629154551c6be856093f0e50ea3361573b85387df618b3,JF187099,,3/26/2022 6:00,30,NO CONTROLS,NO CONTROLS,CLEAR,"DARKNESS, LIGHTED ROAD",PARKED MOTOR VEHICLE,ONE-WAY,,STRAIGHT AND LEVEL,UNKNOWN,UNKNOWN,NOT ON SCENE (DESK REPORT),NO INJURY / DRIVE AWAY,,,Y,"$501 - $1,500",3/26/2022 10:30,UNABLE TO DETERMINE,UNABLE TO DETERMINE,5006,W,QUINCY ST,1533,Y,,,,,,2,NO INDICATION OF INJURY,0,0,0,0,0,1,0,6,7,3,41.87774345,-87.74975281,POINT (-87.74975280577 41.877743446493)
4a373faa5acffe2d12e6e853011b82d615ebcba31d0e51cbda8c3f562e182be5e1a90de71a4124d8e21286f2884c4cf03b5d5a6cd47bb7a1af2d575f310faed3,JF150881,,2/20/2022 22:25,25,NO CONTROLS,NO CONTROLS,CLEAR,"DARKNESS, LIGHTED ROAD",FIXED OBJECT,ALLEY,,STRAIGHT AND LEVEL,ICE,NO DEFECTS,NOT ON SCENE (DESK REPORT),NO INJURY / DRIVE AWAY,,,,"OVER $1,500",2/20/2022 22:30,NOT APPLICABLE,NOT APPLICABLE,65,E,50TH ST,224,,N,,,,,1,NO INDICATION OF INJURY,0,0,0,0,0,2,0,22,1,2,41.80369951,-87.62331973,POINT (-87.62331972984 41.80369951105)
927c3a1166cd356fdcddb2a148f037c374d18038a49cd1ce5d74f7f634d7c4b9722d46006cdad9030b6a92fa35f8dd1d717f5406220bdfbc530dc7438543ba3a,JF165202,,3/6/2022 13:27,20,STOP SIGN/FLASHER,FUNCTIONING PROPERLY,CLEAR,DAYLIGHT,ANGLE,PARKING LOT,,STRAIGHT AND LEVEL,DRY,NO DEFECTS,ON SCENE,INJURY AND / OR TOW DUE TO CRASH,Y,,,"OVER $1,500",3/6/2022 13:45,FAILING TO YIELD RIGHT-OF-WAY,ROAD ENGINEERING/SURFACE/MARKING DEFECTS,727,W,OHARE ST,1654,,,,,,,2,NO INDICATION OF INJURY,0,0,0,0,0,2,0,13,1,3,,,
a0e7208e38d03bf86a1026b8c61e28e09e926bebcee554ce083a8812620529b8f398642958dda77fdcc1ea1e1dd0663549cbf737eaf6707e8c996a54bb8436b2,JF188030,,3/26/2022 9:47,30,TRAFFIC SIGNAL,FUNCTIONING PROPERLY,CLEAR,DAYLIGHT,REAR END,FOUR WAY,,STRAIGHT AND LEVEL,DRY,NO DEFECTS,NOT ON SCENE (DESK REPORT),NO INJURY / DRIVE AWAY,Y,,,$500 OR LESS,3/27/2022 10:00,UNABLE TO DETERMINE,UNABLE TO DETERMINE,2340,W,TOUHY AVE,2411,,,,,,,2,NO INDICATION OF INJURY,0,0,0,0,0,2,0,9,7,3,42.01238078,-87.68921395,POINT (-87.689213945322 42.012380778092)
4b6209cc178b028debab1106548cf220fc8de39fc121a2934dd9bdc9277698c8ade0c712a610c44adec64d053bc4f44836a5596171e59649e4174017d3bbdadf,JF150108,,2/20/2022 2:00,30,TRAFFIC SIGNAL,FUNCTIONING PROPERLY,CLEAR,"DARKNESS, LIGHTED ROAD",REAR END,DIVIDED - W/MEDIAN BARRIER,,STRAIGHT AND LEVEL,DRY,NO DEFECTS,ON SCENE,INJURY AND / OR TOW DUE TO CRASH,N,,Y,"OVER $1,500",2/20/2022 2:12,FOLLOWING TOO CLOSELY,NOT APPLICABLE,7115,S,HARDING AVE,833,,,,,,,2,NO INDICATION OF INJURY,0,0,0,0,0,1,0,2,1,2,41.76362791,-87.72100401,POINT (-87.721004005832 41.7636279074)
9417509ae8256b48801879b46106969ad2f907fba3187daaa84ed89b0746ed9e533acec186f50d954c2f1bb4dcec3dda71562195ff1d8d6e9af1ced662d04e26,JF165171,Y,3/6/2022 6:30,30,NO CONTROLS,NO CONTROLS,UNKNOWN,UNKNOWN,PARKED MOTOR VEHICLE,ONE-WAY,,STRAIGHT AND LEVEL,UNKNOWN,UNKNOWN,NOT ON SCENE (DESK REPORT),NO INJURY / DRIVE AWAY,,,Y,"$501 - $1,500",3/6/2022 13:50,UNABLE TO DETERMINE,NOT APPLICABLE,1059,N,MONTICELLO AVE,1112,,,,,,,2,NO INDICATION OF INJURY,0,0,0,0,0,1,0,6,1,3,41.90083128,-87.71756785,POINT (-87.717567849676 41.900831283583)
4b8179e9e9db3a092549e509aea6b4d9bff163b489dac66e3a072f9e2109b7c79a95c3678adfe5ad9403d1fe944634dd430181c8ce67fda3b694f3e884cdbfbb,JF150217,,2/20/2022 8:22,30,NO CONTROLS,NO CONTROLS,OTHER,DAYLIGHT,FIXED OBJECT,NOT DIVIDED,,STRAIGHT AND LEVEL,OTHER,OTHER,NOT ON SCENE (DESK REPORT),NO INJURY / DRIVE AWAY,,,,"OVER $1,500",2/20/2022 8:45,ROAD ENGINEERING/SURFACE/MARKING DEFECTS,ROAD ENGINEERING/SURFACE/MARKING DEFECTS,3715,W,WILSON AVE,1723,,,,,,,1,NO INDICATION OF INJURY,0,0,0,0,0,1,0,8,1,2,41.96456041,-87.72123853,POINT (-87.721238524722 41.964560411975)
a0a8c219409c47eddf5d91f4be6625edcabc3141073b3d2ae61887b008a39aef32985ac5dd3513ca9cf7622e8557a817a1a8fa858919d4036f842b610c2a6b4b,JC530820,,11/30/2019 14:30,30,NO CONTROLS,NO CONTROLS,CLEAR,DAYLIGHT,PARKED MOTOR VEHICLE,ONE-WAY,,STRAIGHT AND LEVEL,DRY,NO DEFECTS,,NO INJURY / DRIVE AWAY,,,Y,"OVER $1,500",12/1/2019 16:34,IMPROPER BACKING,IMPROPER BACKING,1337,S,MILLARD AVE,1011,,,,,,,2,NO INDICATION OF INJURY,0,0,0,0,0,1,0,14,7,11,41.86328252,-87.7164037,POINT (-87.716403697771 41.863282521325)
a574cd2c3801d634b09c0254b975412c9e68c3043b339a77453cc00760c96489e2da4b12a4327f0fc3ecd06b7fc4491763f61c726ed0e6932e99067493d5cbfb,JF180498,,3/20/2022 15:15,30,TRAFFIC SIGNAL,FUNCTIONING PROPERLY,CLEAR,DAYLIGHT,REAR END,NOT DIVIDED,,STRAIGHT AND LEVEL,DRY,NO DEFECTS,NOT ON SCENE (DESK REPORT),NO INJURY / DRIVE AWAY,Y,,,"$501 - $1,500",3/20/2022 16:00,FOLLOWING TOO CLOSELY,NOT APPLICABLE,3241,W,PETERSON AVE,1711,,,,,,,2,NO INDICATION OF INJURY,0,0,0,0,0,3,0,15,1,3,41.99025485,-87.71076324,POINT (-87.710763243534 41.990254848132)
4bda4e37d7684437bf1e2e5f4e6ccf603397d2790dbabf9ccca8ffc285fe27bef8a0e06928593c28c174fa27aa6bef2c42591733fd272a4deb98c7e68c28e31e,JF150636,,2/20/2022 16:40,40,NO CONTROLS,NO CONTROLS,CLEAR,DAYLIGHT,SIDESWIPE SAME DIRECTION,DIVIDED - W/MEDIAN BARRIER,,STRAIGHT AND LEVEL,DRY,NO DEFECTS,ON SCENE,NO INJURY / DRIVE AWAY,,,,"$501 - $1,500",2/20/2022 16:43,DRIVING SKILLS/KNOWLEDGE/EXPERIENCE,DRIVING SKILLS/KNOWLEDGE/EXPERIENCE,2031,N,LAKE SHORE DR NB,1814,,,,,,,2,NO INDICATION OF INJURY,0,0,0,0,0,2,0,16,1,2,41.91935128,-87.62902342,POINT (-87.629023417322 41.919351284402)
a5d722888bf15ebddd6ae0f667c851348347ad5550afb46bba8edc2a8a94faa1af388d32d0d2f531eebd69bbcef0fa193c0723b2a97a2afa68e16aa03a41f201,JF180647,,3/20/2022 17:40,35,TRAFFIC SIGNAL,FUNCTIONING PROPERLY,CLEAR,DUSK,SIDESWIPE SAME DIRECTION,NOT DIVIDED,,STRAIGHT AND LEVEL,DRY,NO DEFECTS,ON SCENE,INJURY AND / OR TOW DUE TO CRASH,Y,,,"$501 - $1,500",3/20/2022 17:40,UNABLE TO DETERMINE,UNABLE TO DETERMINE,6398,W,GUNNISON ST,1622,,,,,,,2,NO INDICATION OF INJURY,0,0,0,0,0,2,0,17,1,3,41.96852041,-87.7879515,POINT (-87.787951500862 41.968520411965)
a5de1694136b621624a4d63108c1162245346c51801f28e5e759f68ac922b7cbffd21d05574bf9c03cb83b26c5fd63c43c4a76b9a6c22bd6d1b2fbbc21151d62,JF180768,,3/20/2022 20:33,35,NO CONTROLS,OTHER,CLEAR,"DARKNESS, LIGHTED ROAD",SIDESWIPE SAME DIRECTION,OTHER,,STRAIGHT AND LEVEL,DRY,NO DEFECTS,ON SCENE,NO INJURY / DRIVE AWAY,,,,"OVER $1,500",3/20/2022 20:33,NOT APPLICABLE,NOT APPLICABLE,7003,S,STONY ISLAND AVE,332,,,,,,,2,NO INDICATION OF INJURY,0,0,0,0,0,4,0,20,1,3,41.7677439,-87.58581844,POINT (-87.585818442563 41.767743900233)
4c7e84b8acea28c735d4dad32b48d86e90daa5f8c5c56c713cb167f4b822d698cbe64667425ce217ff5789ab8c90a4f9bfea197337806ce26410e101d928ce7f,JF161172,,2/20/2022 0:30,25,UNKNOWN,UNKNOWN,UNKNOWN,UNKNOWN,REAR END,UNKNOWN,,STRAIGHT AND LEVEL,UNKNOWN,UNKNOWN,NOT ON SCENE (DESK REPORT),NO INJURY / DRIVE AWAY,,,Y,"OVER $1,500",3/2/2022 17:20,FOLLOWING TOO CLOSELY,UNABLE TO DETERMINE,112,W,HUBBARD ST,1831,,,,,,,2,NO INDICATION OF INJURY,0,0,0,0,0,2,0,0,1,2,41.89012301,-87.6316846,POINT (-87.631684596557 41.890123005137)
4c8b7d9f7a3d58351a20e2e44f50d0eb711eae20915d35fee043c985786ff3eb978f23ee83701695ddcfcbf1abdabf86a2ea5c9f1b0809cb17f78498e3769f3f,JF150147,,2/20/2022 3:55,30,NO CONTROLS,NO CONTROLS,SNOW,DARKNESS,PARKED MOTOR VEHICLE,NOT DIVIDED,,STRAIGHT AND LEVEL,SNOW OR SLUSH,NO DEFECTS,ON SCENE,NO INJURY / DRIVE AWAY,,,Y,"OVER $1,500",2/20/2022 3:55,UNABLE TO DETERMINE,FAILING TO YIELD RIGHT-OF-WAY,3501,N,NARRAGANSETT AVE,1633,,,,,,,2,NO INDICATION OF INJURY,0,0,0,0,0,1,0,3,1,2,41.94387755,-87.78614571,POINT (-87.78614570918 41.943877548599)
a1ce43b5ae6f8537a8bfae929e0fd057a47f9a04b044f9e9e74e4f359ecdb567a9f0b6e04a809312ef61b92ca235375cb2db13bbb31e7c794e8faf753fa6bf12,JF186898,,3/26/2022 3:55,40,NO CONTROLS,NO CONTROLS,CLEAR,"DARKNESS, LIGHTED ROAD",SIDESWIPE SAME DIRECTION,DIVIDED - W/MEDIAN BARRIER,,STRAIGHT AND LEVEL,DRY,NO DEFECTS,ON SCENE,INJURY AND / OR TOW DUE TO CRASH,,,Y,"$501 - $1,500",3/26/2022 4:00,UNABLE TO DETERMINE,NOT APPLICABLE,2401,N,LAKE SHORE DR NB,1935,,,,,,,2,NO INDICATION OF INJURY,0,0,0,0,0,4,0,3,7,3,41.92625161,-87.63104491,POINT (-87.631044912171 41.926251609692)
4ccf3840cdeb0bae716d9480a0cec2fb4081617fdc73c62d15840b53d239cef82fd69f786509f75bde89f62268f4ff4bd8e6ff390aa2f3c8387aac0e32880878,JF150340,,2/20/2022 11:30,30,TRAFFIC SIGNAL,FUNCTIONING PROPERLY,CLEAR,DAYLIGHT,PARKED MOTOR VEHICLE,OTHER,,STRAIGHT AND LEVEL,DRY,NO DEFECTS,NOT ON SCENE (DESK REPORT),NO INJURY / DRIVE AWAY,,,Y,"$501 - $1,500",2/20/2022 12:00,DRIVING SKILLS/KNOWLEDGE/EXPERIENCE,UNABLE TO DETERMINE,2000,S,MICHIGAN AVE,131,,,,,,,2,NO INDICATION OF INJURY,0,0,0,0,0,1,0,11,1,2,41.85542956,-87.62402184,POINT (-87.624021841401 41.855429557743)
519428d1882f7540c4681e00212168df54bf8d30dbe1f992d36724a9650eefe5dff330e877b7fea15658e15e94ed25051bcb34c2832a88cb9c72942cd73add32,JF157309,,2/27/2022 1:43,35,TRAFFIC SIGNAL,NO CONTROLS,CLEAR,"DARKNESS, LIGHTED ROAD",REAR END,FOUR WAY,,STRAIGHT AND LEVEL,DRY,NO DEFECTS,ON SCENE,NO INJURY / DRIVE AWAY,Y,,,"OVER $1,500",2/27/2022 1:43,DISTRACTION - FROM INSIDE VEHICLE,NOT APPLICABLE,8700,S,LAFAYETTE AVE,634,,,,,,,2,NO INDICATION OF INJURY,0,0,0,0,0,1,0,1,1,2,41.73616511,-87.62558757,POINT (-87.625587568999 41.736165110086)
a8e97bf94d9dd34865ca60e8fad1cfd04bf18c2768c573a2bdfc638928a367437503521639458f540462b0e241f22b58e788fb36a8a00e15709e9aa76688bd92,JF180200,,3/20/2022 10:15,30,OTHER,OTHER,CLEAR,DAYLIGHT,REAR END,T-INTERSECTION,,STRAIGHT AND LEVEL,DRY,NO DEFECTS,ON SCENE,NO INJURY / DRIVE AWAY,Y,,,"OVER $1,500",3/20/2022 10:20,IMPROPER BACKING,IMPROPER BACKING,9900,S,GREEN ST,2232,,,,,,,2,NO INDICATION OF INJURY,0,0,0,0,0,2,0,10,1,3,41.71411141,-87.64437989,POINT (-87.644379885501 41.714111405034)
a9128fa85cb698ef449d05117ef7a838c63b45ba6ca2a98afb738c041bb51e2fe7c88d63b8add27d8b1f0781061d039063893173202350389c7143ea7d223f9e,JF179954,,3/20/2022 1:30,40,NO CONTROLS,NO CONTROLS,CLEAR,"DARKNESS, LIGHTED ROAD",SIDESWIPE SAME DIRECTION,DIVIDED - W/MEDIAN BARRIER,,STRAIGHT AND LEVEL,DRY,NO DEFECTS,NOT ON SCENE (DESK REPORT),NO INJURY / DRIVE AWAY,,,,"OVER $1,500",3/20/2022 1:45,IMPROPER OVERTAKING/PASSING,UNABLE TO DETERMINE,2300,N,LAKE SHORE DR NB,1814,,,,,,,2,NO INDICATION OF INJURY,0,0,0,0,0,3,0,1,1,3,41.92379779,-87.63077727,POINT (-87.630777266631 41.923797791573)
a3390bcb3d89e9b4d5ce66d66a41e7fee841e6f8df069e1dd0796e88d771b3fa6866e509ce51af85018cad6efc891cb35395f215f13eae4c27f584aa8ab949fd,JF187436,,3/26/2022 15:30,30,UNKNOWN,UNKNOWN,CLEAR,DAYLIGHT,ANGLE,NOT DIVIDED,,STRAIGHT AND LEVEL,UNKNOWN,UNKNOWN,NOT ON SCENE (DESK REPORT),NO INJURY / DRIVE AWAY,,,Y,"$501 - $1,500",3/26/2022 16:30,FAILING TO YIELD RIGHT-OF-WAY,DRIVING SKILLS/KNOWLEDGE/EXPERIENCE,4332,N,KIMBALL AVE,1723,,,,,,,2,NO INDICATION OF INJURY,0,0,0,0,0,3,0,15,7,3,41.96032363,-87.71326209,POINT (-87.713262090096 41.960323625834)
4d84c0682de7557f38ee6008ea41c42a57b1e1a6b10924904144c60351f832706384fb87a4e82e906446ba144d0bd16aa92f3fd6b2396c75452471933745b77a,JF150903,,2/20/2022 22:05,25,NO CONTROLS,NO CONTROLS,CLEAR,"DARKNESS, LIGHTED ROAD",PARKED MOTOR VEHICLE,NOT DIVIDED,,STRAIGHT AND LEVEL,WET,UNKNOWN,ON SCENE,INJURY AND / OR TOW DUE TO CRASH,,,Y,"OVER $1,500",2/20/2022 22:13,IMPROPER BACKING,"OPERATING VEHICLE IN ERRATIC, RECKLESS, CARELESS, NEGLIGENT OR AGGRESSIVE MANNER",11641,S,CARPENTER ST,524,,,,,,,2,NO INDICATION OF INJURY,0,0,0,0,0,3,0,22,1,2,41.68196205,-87.64798503,POINT (-87.64798502503 41.681962047446)
4daa997d844225baa50e783c60bfb366e862f47cfb5b6c3022a0b471db740bbb9401a3069e5097c1e024cde4cd173d82579f4094413ff43df66bdf19a8813830,JF150089,,2/20/2022 1:28,40,NO CONTROLS,NO CONTROLS,CLEAR,"DARKNESS, LIGHTED ROAD",SIDESWIPE SAME DIRECTION,DIVIDED - W/MEDIAN BARRIER,,"CURVE, LEVEL",DRY,NO DEFECTS,ON SCENE,INJURY AND / OR TOW DUE TO CRASH,,,Y,"OVER $1,500",2/20/2022 1:40,UNABLE TO DETERMINE,NOT APPLICABLE,1001,N,LAKE SHORE DR NB,1824,,,,,,,2,NO INDICATION OF INJURY,0,0,0,0,0,2,0,1,1,2,41.90116542,-87.61958231,POINT (-87.619582305888 41.901165415908)
4dcb05d08f2076ec64eb5c94d215fb0719c5d00cd8f1197059daa361dc360696a415dcf90ef9bf2dc6f1c83ab3ea44457dce409f2165cc1fdf8878b7d4a62b8b,JF150829,,2/20/2022 20:40,30,TRAFFIC SIGNAL,FUNCTIONING PROPERLY,CLEAR,"DARKNESS, LIGHTED ROAD",ANGLE,FOUR WAY,,STRAIGHT AND LEVEL,DRY,NO DEFECTS,ON SCENE,INJURY AND / OR TOW DUE TO CRASH,Y,,,"OVER $1,500",2/20/2022 20:41,DISREGARDING TRAFFIC SIGNALS,FAILING TO YIELD RIGHT-OF-WAY,9200,S,HOUSTON AVE,424,,,,,,,2,"REPORTED, NOT EVIDENT",3,0,0,0,3,0,0,20,1,2,41.72816982,-87.549966,POINT (-87.549966002382 41.728169818783)
52fbac719ba4c4a3b5a1521e4154822cd15a10bcb49c6a022ee7cbea6573b69947b8fff6a72f2490f1d8b50e24cc0d37af38327d3fe78980b1b231771d8cead1,JD254315,,6/4/2020 12:45,30,NO CONTROLS,NO CONTROLS,CLEAR,DAYLIGHT,REAR TO FRONT,NOT DIVIDED,,STRAIGHT AND LEVEL,DRY,NO DEFECTS,,NO INJURY / DRIVE AWAY,,,Y,"OVER $1,500",6/5/2020 8:00,UNABLE TO DETERMINE,ANIMAL,5450,W,VAN BUREN ST,1522,,,,,,,2,NO INDICATION OF INJURY,0,0,0,0,0,2,0,12,5,6,41.87487853,-87.76144994,POINT (-87.761449939335 41.87487852715)
96e1a3abc3545d9d58c8e4b2f9d6b89d371e984802694f34b5ef7ba0bda8a4304f64006af8c1ad54aeaaaa70fdd6900d6ae4c7f65e6304fac513a80e08628033,JF165235,,3/6/2022 13:30,30,TRAFFIC SIGNAL,FUNCTIONING PROPERLY,CLEAR,DAYLIGHT,PARKED MOTOR VEHICLE,ONE-WAY,,STRAIGHT AND LEVEL,DRY,NO DEFECTS,ON SCENE,NO INJURY / DRIVE AWAY,Y,,,$500 OR LESS,3/6/2022 13:45,NOT APPLICABLE,UNABLE TO DETERMINE,547,N,DEARBORN ST,1831,,,,,,,2,NO INDICATION OF INJURY,0,0,0,0,0,1,0,13,1,3,41.89226584,-87.62952369,POINT (-87.62952368595 41.892265839701)
4f9d526f6889bf3f2994e48e83d797c90f14c9a753bc60239a15e25955b8a89894ef57ab8c8858598388eda79c5677c572d20714dcdb164dcbc61c5ac80224dd,JF150198,,2/20/2022 5:06,10,NO CONTROLS,NO CONTROLS,CLEAR,DARKNESS,PARKED MOTOR VEHICLE,PARKING LOT,,STRAIGHT AND LEVEL,DRY,NO DEFECTS,ON SCENE,INJURY AND / OR TOW DUE TO CRASH,,,Y,$500 OR LESS,2/20/2022 5:06,UNABLE TO DETERMINE,NOT APPLICABLE,5615,W,SCHOOL ST,1633,,,,,,,3,INCAPACITATING INJURY,1,0,1,0,0,1,0,5,1,2,41.94028254,-87.76721093,POINT (-87.767210932528 41.940282539146)
53662c96b18df720fc4c63663b3b57cfe13e116213dc7613f2b0b61ae12718294fb88b83c4b6b6d2e21d447618b12b61c09e003e5d8c7c0f2c55ff3cecf9498f,JF157984,,2/27/2022 17:45,35,UNKNOWN,UNKNOWN,CLEAR,"DARKNESS, LIGHTED ROAD",SIDESWIPE SAME DIRECTION,DIVIDED - W/MEDIAN BARRIER,,STRAIGHT AND LEVEL,DRY,UNKNOWN,ON SCENE,NO INJURY / DRIVE AWAY,,,Y,"$501 - $1,500",2/27/2022 17:45,UNABLE TO DETERMINE,NOT APPLICABLE,12700,S,HALSTED ST,523,,,,,,,2,NO INDICATION OF INJURY,0,0,0,0,0,2,0,17,1,2,41.6631821,-87.64156527,POINT (-87.641565265157 41.663182101231)
9824d81a2c015e96f533a489d75d45abecd9f58b4e770fe375230212f2bb374f80c12127be9b3aef0ba93caf20bf66b313897aaa12f55dda28cb1b728cfb7893,JF165179,,3/6/2022 13:30,30,TRAFFIC SIGNAL,FUNCTIONING PROPERLY,CLEAR,DAYLIGHT,SIDESWIPE SAME DIRECTION,NOT DIVIDED,,STRAIGHT AND LEVEL,DRY,NO DEFECTS,NOT ON SCENE (DESK REPORT),NO INJURY / DRIVE AWAY,,,,"OVER $1,500",3/6/2022 14:00,UNABLE TO DETERMINE,NOT APPLICABLE,5154,W,DIVERSEY AVE,2521,,,,,,,2,NO INDICATION OF INJURY,0,0,0,0,0,3,0,13,1,3,41.93151312,-87.7561474,POINT (-87.756147397191 41.931513120506)
5086a66c7a3d31405f684ac467f87042be9933569ef2a0d7b48fa793d524c5dbe5902ced71479a381e101404a6a18e203dee713f0de9b186047a53b8f45a9fbb,JF151679,N,2/20/2022 12:00,15,NO CONTROLS,NO CONTROLS,CLEAR,DAYLIGHT,PARKED MOTOR VEHICLE,PARKING LOT,,STRAIGHT AND LEVEL,DRY,NO DEFECTS,NOT ON SCENE (DESK REPORT),NO INJURY / DRIVE AWAY,,Y,Y,"$501 - $1,500",2/21/2022 17:10,UNABLE TO DETERMINE,UNABLE TO DETERMINE,725,W,MONTROSE AVE,1915,,,,,,,2,NO INDICATION OF INJURY,0,0,0,0,0,1,0,12,1,2,41.9617548,-87.64854373,POINT (-87.648543724977 41.961754803528)
982a35e72a89bf4b7e7e1265eac657dff50f6170b5c48fb1a5939ad5eb429a4a519f765189f1969fb9ef64d4dbc9f4a79289b113d12ac623f3ecc9ea306126ff,JF165499,,3/6/2022 19:10,30,NO CONTROLS,NO CONTROLS,CLEAR,DARKNESS,TURNING,NOT DIVIDED,,STRAIGHT AND LEVEL,DRY,NO DEFECTS,NOT ON SCENE (DESK REPORT),NO INJURY / DRIVE AWAY,,,,"$501 - $1,500",3/6/2022 19:35,NOT APPLICABLE,NOT APPLICABLE,5400,S,PULASKI RD,815,,,,,,,2,NO INDICATION OF INJURY,0,0,0,0,0,4,0,19,1,3,41.79495745,-87.72335657,POINT (-87.723356564996 41.794957444828)
a5630069a0521e9e966b295d009ebe70f823801a067cd4057afb63fb13c53f4e794be8d2f599a541cfe1696afb2c49a40fb4540c679288a7cae497ba34ff2f31,JF194126,,3/26/2022 18:01,30,TRAFFIC SIGNAL,FUNCTIONING PROPERLY,CLEAR,DAYLIGHT,REAR END,ONE-WAY,,STRAIGHT ON GRADE,DRY,NO DEFECTS,NOT ON SCENE (DESK REPORT),NO INJURY / DRIVE AWAY,Y,,,"OVER $1,500",4/1/2022 20:00,FAILING TO REDUCE SPEED TO AVOID CRASH,NOT APPLICABLE,11201,S,HAMLET AVE,2234,,,,,,,2,NO INDICATION OF INJURY,0,0,0,0,0,4,0,18,7,3,41.6902861,-87.66027428,POINT (-87.660274276139 41.690286097525)
51f23f0154e4380345942f0aec3866c344ec6a8646ad4dd15e7482c6d7eb5f18231e5d47665443b06e21afa2f589c5b4e8521bab5e23dadbe1de8d4ef83783d6,JF150521,,2/20/2022 14:16,30,TRAFFIC SIGNAL,FUNCTIONING PROPERLY,CLEAR,DAYLIGHT,TURNING,NOT DIVIDED,,STRAIGHT AND LEVEL,UNKNOWN,UNKNOWN,ON SCENE,INJURY AND / OR TOW DUE TO CRASH,Y,,,"OVER $1,500",2/20/2022 14:54,UNABLE TO DETERMINE,NOT APPLICABLE,4757,N,KIMBALL AVE,1713,,,,,,,2,NO INDICATION OF INJURY,0,0,0,0,0,2,0,14,1,2,41.96825659,-87.71321057,POINT (-87.713210566501 41.968256592904)
5290e14c1009c2d99ac58f1c6e7ff266a65cbe83b564c327cd097d64d030e5a00ee5c4f3c8451cd95bc12f1c36cab409fbd623a7630f6c556bd626891a4b9a93,JF150247,,2/20/2022 9:20,30,TRAFFIC SIGNAL,FUNCTIONING PROPERLY,CLEAR,DAYLIGHT,TURNING,DIVIDED - W/MEDIAN (NOT RAISED),,STRAIGHT AND LEVEL,DRY,NO DEFECTS,NOT ON SCENE (DESK REPORT),NO INJURY / DRIVE AWAY,Y,,,"OVER $1,500",2/20/2022 9:40,IMPROPER TURNING/NO SIGNAL,NOT APPLICABLE,1,E,CERMAK RD,131,,,,,,,2,NO INDICATION OF INJURY,0,0,0,0,0,2,0,9,1,2,41.85275792,-87.62706705,POINT (-87.627067048299 41.852757917147)