CRASH_RECORD_ID,RD_NO,CRASH_DATE_EST_I,CRASH_DATE,POSTED_SPEED_LIMIT,TRAFFIC_CONTROL_DEVICE,DEVICE_CONDITION,WEATHER_CONDITION,LIGHTING_CONDITION,FIRST_CRASH_TYPE,TRAFFICWAY_TYPE,LANE_CNT,ALIGNMENT,ROADWAY_SURFACE_COND,ROAD_DEFECT,REPORT_TYPE,CRASH_TYPE,INTERSECTION_RELATED_I,NOT_RIGHT_OF_WAY_I,HIT_AND_RUN_I,DAMAGE,DATE_POLICE_NOTIFIED,PRIM_CONTRIBUTORY_CAUSE,SEC_CONTRIBUTORY_CAUSE,STREET_NO,STREET_DIRECTION,STREET_NAME,BEAT_OF_OCCURRENCE,PHOTOS_TAKEN_I,STATEMENTS_TAKEN_I,DOORING_I,WORK_ZONE_I,WORK_ZONE_TYPE,WORKERS_PRESENT_I,NUM_UNITS,MOST_SEVERE_INJURY,INJURIES_TOTAL,INJURIES_FATAL,INJURIES_INCAPACITATING,INJURIES_NON_INCAPACITATING,INJURIES_REPORTED_NOT_EVIDENT,INJURIES_NO_INDICATION,INJURIES_UNKNOWN,CRASH_HOUR,CRASH_DAY_OF_WEEK,CRASH_MONTH,LATITUDE,LONGITUDE,LOCATION
090d56cda82d2441c54d1cec05b995499be8071db4a8496500ef986a25536a327d22c19848a2d521d29cdbb77a5dc5f0ffd95e1a7841eb3f48434b0db2079ecd,JD370187,,9/17/2020 2:30,30,TRAFFIC SIGNAL,FUNCTIONING PROPERLY,CLEAR,"DARKNESS, LIGHTED ROAD",REAR END,DIVIDED - W/MEDIAN (NOT RAISED),,STRAIGHT AND LEVEL,DRY,NO DEFECTS,,NO INJURY / DRIVE AWAY,,,,"OVER $1,500",9/17/2020 11:30,UNABLE TO DETERMINE,NOT APPLICABLE,5520,S,PULASKI RD,813,,,,,,,2,NO INDICATION OF INJURY,0,0,0,0,0,4,0,2,5,9,41.79246406,-87.7232832,POINT (-87.7232832043 41.792464058269)
09140ea23f70e0bad1d48e7dbd849e47d0e501c35a6ca75045fe88e8e0b8da017f40cc937e80696b39da95487ad086f706e7c66ec0defbfef8fb001e639ef16c,JC517344,,11/20/2019 8:35,30,TRAFFIC SIGNAL,FUNCTIONING PROPERLY,CLEAR,DAYLIGHT,TURNING,ONE-WAY,,STRAIGHT AND LEVEL,DRY,NO DEFECTS,,NO INJURY / DRIVE AWAY,,,Y,"$501 - $1,500",11/20/2019 8:50,IMPROPER TURNING/NO SIGNAL,NOT APPLICABLE,127,E,GRAND AVE,1834,,,,,,,2,NO INDICATION OF INJURY,0,0,0,0,0,6,0,8,4,11,41.89162116,-87.62425393,POINT (-87.624253929022 41.891621161011)
52c5f2cb41c68e1b00b4ecf7229fdff71dff00fd23227a5c184088f7ad6d877e720b56dcf0e8cf9fa296a7562ccba31485515b19c558f7b655c8b71ec50fe5c9,JF150658,,2/20/2022 17:10,30,TRAFFIC SIGNAL,FUNCTIONING PROPERLY,CLEAR,DAYLIGHT,SIDESWIPE OPPOSITE DIRECTION,NOT DIVIDED,,STRAIGHT AND LEVEL,SNOW OR SLUSH,UNKNOWN,ON SCENE,NO INJURY / DRIVE AWAY,,,,"OVER $1,500",2/20/2022 17:19,RELATED TO BUS STOP,UNABLE TO DETERMINE,355,E,35TH ST,212,,,,,,,2,NO INDICATION OF INJURY,0,0,0,0,0,3,0,17,1,2,41.83099219,-87.6172971,POINT (-87.617297099076 41.830992188707)
52d0bbc09fa9920a9a181eb01b542ce3a166641e421e07b10de806dde62f36b86ad8dfae6aa64f298b28eebe0d81161818ec39deb89657f432e6ca1412934254,JF150360,,2/20/2022 12:00,30,NO CONTROLS,NO CONTROLS,CLEAR,DAYLIGHT,ANGLE,NOT DIVIDED,,STRAIGHT AND LEVEL,DRY,NO DEFECTS,NOT ON SCENE (DESK REPORT),NO INJURY / DRIVE AWAY,,,,"$501 - $1,500",2/20/2022 12:20,FAILING TO YIELD RIGHT-OF-WAY,UNABLE TO DETERMINE,7565,S,HAMILTON AVE,611,,,,,,,2,NO INDICATION OF INJURY,0,0,0,0,0,2,0,12,1,2,41.75577567,-87.676979,POINT (-87.676978998359 41.755775667355)
aef0112bc88f9d731100f36665307e22cb9b4d056f3a249f109a5c1ff1ea623049ad3e0281761cad54d0fb1156e31d4c712ab64f3afba4603c9036fba384b28e,JF180408,,3/20/2022 14:05,30,NO CONTROLS,NO CONTROLS,CLEAR,DAYLIGHT,PARKED MOTOR VEHICLE,ONE-WAY,,STRAIGHT AND LEVEL,DRY,NO DEFECTS,ON SCENE,INJURY AND / OR TOW DUE TO CRASH,,,,"OVER $1,500",3/20/2022 14:10,UNABLE TO DETERMINE,UNABLE TO DETERMINE,4451,N,MENARD AVE,1622,,,,,,,3,NO INDICATION OF INJURY,0,0,0,0,0,2,0,14,1,3,41.9619651,-87.77203414,POINT (-87.772034135156 41.961965099145)
0929c2121735af41fccbe8323ba3c6a1d056e00ed1e7f9e05f3bdcdaa444929cf08d21ce21a23366c73b5deba6c31e143088aa46c30ded4097aa2767b1544ced,JE100839,,1/1/2021 9:00,30,NO CONTROLS,NO CONTROLS,UNKNOWN,DARKNESS,PARKED MOTOR VEHICLE,NOT DIVIDED,,STRAIGHT AND LEVEL,SNOW OR SLUSH,NO DEFECTS,,NO INJURY / DRIVE AWAY,,,Y,"OVER $1,500",1/1/2021 20:40,UNABLE TO DETERMINE,UNABLE TO DETERMINE,1827,N,KEELER AVE,2534,,,,,,,2,NO INDICATION OF INJURY,0,0,0,0,0,1,0,9,6,1,41.9143278,-87.73120413,POINT (-87.731204130124 41.914327799186)
a57de572ec6a4080fae821b0c27b5cfbd6c4d77b0c50d45a2502c6b2ddccf6929f61cbdcda80702c5361a4a2c9c6542f6d5f2d96c3a9d26e7180a3f22560e11d,JD384608,,9/30/2020 18:55,10,NO CONTROLS,NO CONTROLS,CLEAR,DUSK,PARKED MOTOR VEHICLE,PARKING LOT,,STRAIGHT ON GRADE,DRY,NO DEFECTS,,INJURY AND / OR TOW DUE TO CRASH,,,Y,"$501 - $1,500",9/30/2020 19:20,"OPERATING VEHICLE IN ERRATIC, RECKLESS, CARELESS, NEGLIGENT OR AGGRESSIVE MANNER",NOT APPLICABLE,9113,S,ASHLAND AVE,2221,,,,,,,3,NONINCAPACITATING INJURY,1,0,0,1,0,3,0,18,4,9,41.72805564,-87.6626936,POINT (-87.662693602705 41.728055639083)
a58f74d1ded6c317b5759cb2a2db63cc7bcdd0d7fdd0d1bb8edf5bb571434352f9e29ce75b5ac72222a3ea472b723095d05c16f0cf5a57b6ff55155ef86b217d,JE444548,,11/14/2021 3:55,30,NO CONTROLS,NO CONTROLS,FREEZING RAIN/DRIZZLE,"DARKNESS, LIGHTED ROAD",PARKED MOTOR VEHICLE,NOT DIVIDED,,STRAIGHT AND LEVEL,WET,NO DEFECTS,,INJURY AND / OR TOW DUE TO CRASH,,,Y,"OVER $1,500",11/14/2021 3:56,FAILING TO REDUCE SPEED TO AVOID CRASH,IMPROPER LANE USAGE,400,W,CHICAGO AVE,1823,,,,,,,2,NO INDICATION OF INJURY,0,0,0,0,0,1,0,3,1,11,41.89664123,-87.63868894,POINT (-87.638688943839 41.896641227783)
af665ac2dfc51a4ebc67e5c6f17b68785eaa0dd6d591cd559c02f038ecf3756954ebcfcc58b73181004d5df86c5bfd27ca03b5d59d5ac2f736f3f384c07607f7,,,4/4/2022 2:00,30,NO CONTROLS,NO CONTROLS,RAIN,"DARKNESS, LIGHTED ROAD",PARKED MOTOR VEHICLE,NOT DIVIDED,,STRAIGHT AND LEVEL,WET,NO DEFECTS,ON SCENE,INJURY AND / OR TOW DUE TO CRASH,,,Y,"OVER $1,500",4/4/2022 2:04,UNABLE TO DETERMINE,UNABLE TO DETERMINE,4241,S,KEDZIE AVE,921,,,,,,,3,NO INDICATION OF INJURY,0,0,0,0,0,1,0,2,2,4,41.81601422,-87.70414103,POINT (-87.704141029695 41.816014218446)
58695cf754fababfeea7f26be679fb24671bea8bcebac70f72dc3756e2ba568264626a07c6d76ae0056ad4ce5a370807c1222f7a3348cd1a69644b99284ce653,JF162171,,2/27/2022 12:00,30,UNKNOWN,UNKNOWN,UNKNOWN,UNKNOWN,PARKED MOTOR VEHICLE,NOT DIVIDED,,STRAIGHT AND LEVEL,UNKNOWN,UNKNOWN,NOT ON SCENE (DESK REPORT),NO INJURY / DRIVE AWAY,,,Y,"OVER $1,500",3/3/2022 16:25,"OPERATING VEHICLE IN ERRATIC, RECKLESS, CARELESS, NEGLIGENT OR AGGRESSIVE MANNER","OPERATING VEHICLE IN ERRATIC, RECKLESS, CARELESS, NEGLIGENT OR AGGRESSIVE MANNER",7526,N,SEELEY AVE,2424,,,,,,,2,NO INDICATION OF INJURY,0,0,0,0,0,1,0,12,1,2,42.01875354,-87.68178321,POINT (-87.681783212217 42.018753538177)
9b2199a04e9ddaf4b9af658ab1da88279ab365640e8be7dae13e55ddbde559eae63d29a4c78a4f4ba49b0cc986567b85a4dfb215059a542a771074318b074f43,JF165579,,3/6/2022 20:29,30,NO CONTROLS,NO CONTROLS,CLEAR,"DARKNESS, LIGHTED ROAD",TURNING,NOT DIVIDED,,STRAIGHT AND LEVEL,DRY,NO DEFECTS,ON SCENE,INJURY AND / OR TOW DUE TO CRASH,Y,Y,,"OVER $1,500",3/6/2022 20:29,IMPROPER OVERTAKING/PASSING,FAILING TO REDUCE SPEED TO AVOID CRASH,898,E,79TH ST,624,,,,,,,2,NONINCAPACITATING INJURY,3,0,0,3,0,4,0,20,1,3,41.7514237,-87.60281955,POINT (-87.602819549706 41.751423699524)
a6378911d939c4c4f1d9fd4e75fa6409c916d31f8d2e6d4f6174aedb59021899e4e55d73dd367faea6dac7de628d14fa684adb18ba391ab76809b54beddfa650,JF187640,,3/26/2022 20:47,35,TRAFFIC SIGNAL,FUNCTIONING PROPERLY,CLEAR,"DARKNESS, LIGHTED ROAD",REAR END,NOT DIVIDED,,STRAIGHT AND LEVEL,DRY,NO DEFECTS,ON SCENE,INJURY AND / OR TOW DUE TO CRASH,,,,"OVER $1,500",3/26/2022 20:47,FAILING TO REDUCE SPEED TO AVOID CRASH,FOLLOWING TOO CLOSELY,2944,W,63RD ST,823,,,,,,,3,NONINCAPACITATING INJURY,1,0,0,1,0,4,0,20,7,3,41.77916401,-87.69761716,POINT (-87.697617158289 41.779164005578)
a686a2fd7d19800171c769041c981d068f7d787de4de473965578a0b9f06e2b7862280e71aac2276c861d46a9b27d2d0aab3fdc2a5d088c9ed55259648ea7e37,JF187775,,3/26/2022 13:35,30,NO CONTROLS,NO CONTROLS,CLEAR,"DARKNESS, LIGHTED ROAD",REAR TO FRONT,NOT DIVIDED,,STRAIGHT AND LEVEL,DRY,UNKNOWN,NOT ON SCENE (DESK REPORT),NO INJURY / DRIVE AWAY,,,,"OVER $1,500",3/27/2022 0:37,IMPROPER BACKING,UNABLE TO DETERMINE,1165,W,18TH ST,1235,,,,,,,2,NO INDICATION OF INJURY,0,0,0,0,0,2,0,13,7,3,41.8578549,-87.65576067,POINT (-87.655760667552 41.857854901469)
a6e405c619365fe494eaddd372943b4b01e3d939fed8e21e0e7ebe763bb6c19e1df5edfeaebf7d82e531fe714b1bc41241e2527c6936b82eb434d65215686dda,JD467491,,12/24/2020 12:00,30,STOP SIGN/FLASHER,FUNCTIONING PROPERLY,CLEAR,DAYLIGHT,ANGLE,NOT DIVIDED,,STRAIGHT AND LEVEL,DRY,NO DEFECTS,,NO INJURY / DRIVE AWAY,Y,,,"OVER $1,500",12/24/2020 12:05,FAILING TO YIELD RIGHT-OF-WAY,NOT APPLICABLE,6656,W,DIVERSEY AVE,2511,,,,,,,2,NO INDICATION OF INJURY,0,0,0,0,0,3,0,12,5,12,41.93102457,-87.79289009,POINT (-87.792890088218 41.93102456513)
0a6fdd34685bbe88c0204b16c02f662119e6edd58b2d889c30a151f19aa00acf732ef51e5d5ed833eed6d3f55b091c72ee78dca03968a8034931150e308184be,JE350430,,8/26/2021 8:38,30,TRAFFIC SIGNAL,FUNCTIONING PROPERLY,CLEAR,DAYLIGHT,TURNING,DIVIDED - W/MEDIAN (NOT RAISED),,STRAIGHT AND LEVEL,DRY,NO DEFECTS,,INJURY AND / OR TOW DUE TO CRASH,Y,,,"OVER $1,500",8/26/2021 9:15,DISREGARDING TRAFFIC SIGNALS,FAILING TO YIELD RIGHT-OF-WAY,300,W,HARRISON ST,123,,,,,,,2,"REPORTED, NOT EVIDENT",1,0,0,0,1,1,0,8,5,8,41.87456974,-87.63513301,POINT (-87.635133010693 41.87456974414)
0a85c5000f6d56109ad06efc0d22e08e1f64bc9fcb0b8625bfc6cae496229e26efe7ebb74269a50e5465a6dfa4749775ab956c236821c0afb371f35bb1c2b9ec,JE147824,,2/21/2021 12:10,30,STOP SIGN/FLASHER,FUNCTIONING PROPERLY,CLEAR,DAYLIGHT,ANGLE,FOUR WAY,,STRAIGHT AND LEVEL,SNOW OR SLUSH,NO DEFECTS,,INJURY AND / OR TOW DUE TO CRASH,Y,,,"OVER $1,500",2/21/2021 12:12,DISREGARDING STOP SIGN,UNABLE TO DETERMINE,1358,S,KEELER AVE,1011,Y,Y,,,,,2,FATAL,2,1,0,1,0,1,0,12,1,2,41.86254167,-87.73009622,POINT (-87.730096220284 41.862541671422)
b0891c489e9ea8cfb602a7199fd22f1536d6fae47f87f501f386ee990baeba140048571b1be8a25dfa1616acc0da3041eccfb2dd32b4b5fdd588beb6feac5995,JE102661,,1/4/2021 6:25,25,TRAFFIC SIGNAL,FUNCTIONING PROPERLY,CLEAR,DAYLIGHT,PEDALCYCLIST,NOT DIVIDED,,STRAIGHT AND LEVEL,DRY,NO DEFECTS,,INJURY AND / OR TOW DUE TO CRASH,Y,,Y,$500 OR LESS,1/4/2021 6:31,FAILING TO YIELD RIGHT-OF-WAY,UNABLE TO DETERMINE,6037,N,KEDZIE AVE,2413,,,,,,,2,NONINCAPACITATING INJURY,1,0,0,1,0,1,0,6,2,1,41.99145613,-87.70885057,POINT (-87.708850567322 41.991456127981)
b09bb8e8990a1dee0b5f650a7837f83f39383e53f6e6e2d044678f168e2e37bd573232c3f4afce3fb549ba1ce2b9342d7cb8d552700026fe9c856fec00060c10,JC477921,,10/18/2019 21:40,30,STOP SIGN/FLASHER,FUNCTIONING PROPERLY,CLEAR,"DARKNESS, LIGHTED ROAD",REAR END,T-INTERSECTION,,STRAIGHT AND LEVEL,DRY,NO DEFECTS,,INJURY AND / OR TOW DUE TO CRASH,,,Y,"OVER $1,500",10/18/2019 21:55,FOLLOWING TOO CLOSELY,DISREGARDING STOP SIGN,359,N,LOREL AVE,1523,,,,,,,2,"REPORTED, NOT EVIDENT",1,0,0,0,1,1,0,21,6,10,41.88724476,-87.75884559,POINT (-87.758845585508 41.887244760432)
590db6aa6d45a5adab75bd5bfa845ce6ad8249a1e6d9e519339e75645de3350ca9faa8cac8d93c807869fa96627701823f114800cd6d5aa4aaf0cca0a3a58963,JF158069,,2/27/2022 13:09,25,NO CONTROLS,NO CONTROLS,CLEAR,DAYLIGHT,SIDESWIPE OPPOSITE DIRECTION,NOT DIVIDED,,STRAIGHT AND LEVEL,DRY,NO DEFECTS,NOT ON SCENE (DESK REPORT),NO INJURY / DRIVE AWAY,,N,,$500 OR LESS,2/27/2022 20:45,UNABLE TO DETERMINE,UNABLE TO DETERMINE,5961,N,RIDGE AVE,2012,,,,,,,2,NO INDICATION OF INJURY,0,0,0,0,0,2,0,13,1,2,41.99013026,-87.67059205,POINT (-87.670592053975 41.990130264225)
b0bc0eb39bb707b3dd31badb1000e40131f10fe39b8b3a4e6eea54b22d6b0652607deb4ffb97e0c72814b29bd77edd7643441b64a4c3243f4950ed2b349d7ce0,JF180502,,3/20/2022 13:25,30,NO CONTROLS,NO CONTROLS,UNKNOWN,UNKNOWN,OTHER OBJECT,OTHER,,STRAIGHT AND LEVEL,UNKNOWN,UNKNOWN,NOT ON SCENE (DESK REPORT),NO INJURY / DRIVE AWAY,,Y,,"OVER $1,500",3/20/2022 16:00,UNABLE TO DETERMINE,NOT APPLICABLE,1538,E,95TH ST,413,,,,,,,1,NO INDICATION OF INJURY,0,0,0,0,0,1,0,13,1,3,41.72243948,-87.58618584,POINT (-87.586185836462 41.722439475881)
553c60b6e2643e94d6cb392bd95dd5765136ff70ce49734f28dbb8f59c61b5c0b78d4c91bb14c8beade055236e059f8eee1cb76cbaac0cd5f71ebf1023a34d49,JF150480,,2/20/2022 13:10,35,OTHER,FUNCTIONING PROPERLY,CLEAR,DAYLIGHT,REAR END,ONE-WAY,,STRAIGHT AND LEVEL,DRY,NO DEFECTS,NOT ON SCENE (DESK REPORT),NO INJURY / DRIVE AWAY,,,Y,"$501 - $1,500",2/20/2022 14:30,IMPROPER BACKING,UNABLE TO DETERMINE,151,S,WELLS ST,122,,,,,,,2,NO INDICATION OF INJURY,0,0,0,0,0,2,0,13,1,2,41.87941549,-87.63360576,POINT (-87.63360575851 41.879415489811)
b0e6eb0c017ab508179af98da69515e477f0c98628b5a6fd4720ee391a6b225122af1efa1bab36b4ad95b91da37ce2376e3374a79cbf221bcc2004ff10481f08,JF180324,,3/20/2022 8:54,30,STOP SIGN/FLASHER,FUNCTIONING PROPERLY,CLEAR,DAYLIGHT,ANGLE,NOT DIVIDED,,STRAIGHT AND LEVEL,UNKNOWN,UNKNOWN,,NO INJURY / DRIVE AWAY,Y,,,"$501 - $1,500",3/20/2022 12:37,IMPROPER OVERTAKING/PASSING,UNABLE TO DETERMINE,1515,W,CORNELIA AVE,1922,,,,,,,2,NO INDICATION OF INJURY,0,0,0,0,0,2,0,8,1,3,41.94508421,-87.66703451,POINT (-87.667034508677 41.945084209514)
a7ac7d804cb2978c01cfe6e1f9f79396db0903d57919247d483b7e6c4cfc415204e5686f5497ee9f450911ad90644334596ee7fce499e83b08943f89b9a52812,JF187431,Y,3/26/2022 8:13,30,NO CONTROLS,NO CONTROLS,CLEAR,DAYLIGHT,PARKED MOTOR VEHICLE,DIVIDED - W/MEDIAN (NOT RAISED),,STRAIGHT AND LEVEL,DRY,NO DEFECTS,NOT ON SCENE (DESK REPORT),NO INJURY / DRIVE AWAY,,,Y,"OVER $1,500",3/26/2022 16:20,IMPROPER OVERTAKING/PASSING,NOT APPLICABLE,7915,S,DR MARTIN LUTHER KING JR DR,624,,,,,,,2,NO INDICATION OF INJURY,0,0,0,0,0,1,0,8,7,3,41.75062728,-87.61480841,POINT (-87.614808414192 41.750627276361)
9ccfbd11c8ab959b6fb0f19ede8b749854f552305856f924d751a0741f0dce4c11022f631e53fd04050f0e4124f81ed482d912bac8d95502819b417513d27bfc,JF165135,Y,3/6/2022 6:00,15,NO CONTROLS,NO CONTROLS,CLEAR,DAYLIGHT,PARKED MOTOR VEHICLE,PARKING LOT,,STRAIGHT AND LEVEL,DRY,NO DEFECTS,NOT ON SCENE (DESK REPORT),NO INJURY / DRIVE AWAY,,Y,,"OVER $1,500",3/6/2022 13:00,IMPROPER OVERTAKING/PASSING,NOT APPLICABLE,600,W,DIVERSEY PKWY,1934,Y,,,,,,2,NO INDICATION OF INJURY,0,0,0,0,0,1,0,6,1,3,41.93292145,-87.64434854,POINT (-87.644348544147 41.932921452053)
55d0c73ae53fd11b24d41b18008f756330cd3bc2c1234b04496474033307104108463f01e738cba4ba61f02c40227a6881f49b1672b3038ac2d454bb61ef717d,JF150347,,2/20/2022 11:43,25,TRAFFIC SIGNAL,NOT FUNCTIONING,CLEAR,DAYLIGHT,ANGLE,FOUR WAY,,STRAIGHT AND LEVEL,OTHER,NO DEFECTS,ON SCENE,INJURY AND / OR TOW DUE TO CRASH,Y,,,"OVER $1,500",2/20/2022 11:47,DRIVING SKILLS/KNOWLEDGE/EXPERIENCE,FAILING TO YIELD RIGHT-OF-WAY,1199,S,WESTERN AVE,1225,,Y,,,,,2,INCAPACITATING INJURY,2,0,2,0,0,7,0,11,1,2,41.86666065,-87.68589308,POINT (-87.685893075481 41.866660650834)
a95ad565db87c04e8be9946bf20d0d4018c87a8947eccf20ec6005cb585838979278e66858f3f13b97ff4df188493c1a570ab72f2d5d0c41fe6ba1ae7877701b,JF186909,,3/26/2022 3:25,30,TRAFFIC SIGNAL,FUNCTIONING PROPERLY,CLEAR,"DARKNESS, LIGHTED ROAD",ANGLE,DIVIDED - W/MEDIAN BARRIER,,STRAIGHT AND LEVEL,DRY,NO DEFECTS,ON SCENE,INJURY AND / OR TOW DUE TO CRASH,Y,,,"OVER $1,500",3/26/2022 4:01,DRIVING ON WRONG SIDE/WRONG WAY,NOT APPLICABLE,3800,W,CONGRESS PKWY,1133,,,,,,,2,NONINCAPACITATING INJURY,1,0,0,1,0,1,0,3,7,3,41.87455188,-87.72045366,POINT (-87.720453658604 41.874551880336)
b1cf114dd62a72465caa2f17b369f9ce339d102b8061014c2ba4e761ba2cf1b8b98a3c2563dc084d59fd788cff2f6c428f7fa6f4d403fc3b2cb22e60c4d7df38,JF180028,,3/20/2022 3:41,30,TRAFFIC SIGNAL,FUNCTIONING PROPERLY,CLEAR,"DARKNESS, LIGHTED ROAD",ANGLE,NOT DIVIDED,,STRAIGHT AND LEVEL,DRY,NO DEFECTS,ON SCENE,INJURY AND / OR TOW DUE TO CRASH,Y,,,"OVER $1,500",3/20/2022 3:43,UNABLE TO DETERMINE,NOT APPLICABLE,1601,N,AUSTIN AVE,2531,,,,,,,2,NO INDICATION OF INJURY,0,0,0,0,0,3,0,3,1,3,41.90928082,-87.77540856,POINT (-87.775408562206 41.909280822073)
b21c2fdfa75be8db82753ad9d59ee3660bebf91308ff269d9398ca49a23fbfdfc306198f8e04bc2620b44afba5edd6886777811c853b03c8c8acda4779b45e4c,JF180406,,3/20/2022 13:30,30,NO CONTROLS,NO CONTROLS,CLEAR,DAYLIGHT,PARKED MOTOR VEHICLE,ALLEY,,STRAIGHT AND LEVEL,DRY,UNKNOWN,NOT ON SCENE (DESK REPORT),NO INJURY / DRIVE AWAY,Y,,,"$501 - $1,500",3/20/2022 14:10,UNABLE TO DETERMINE,UNABLE TO DETERMINE,3530,W,26TH ST,1024,,,,,,,2,NO INDICATION OF INJURY,0,0,0,0,0,3,0,13,1,3,41.84451081,-87.71350919,POINT (-87.713509186015 41.844510808819)
b237e7ef96c313eeefb66c7bb8caeb20e557f74d1351be762cfd9438a80e0e9f689da280911d20f38c0639e02dfb0025f8ae264165dcc45ec75137aca1e1b0e8,JF180814,,3/20/2022 20:35,30,NO CONTROLS,NO CONTROLS,CLEAR,"DARKNESS, LIGHTED ROAD",OTHER NONCOLLISION,NOT DIVIDED,,STRAIGHT AND LEVEL,DRY,NO DEFECTS,ON SCENE,INJURY AND / OR TOW DUE TO CRASH,Y,,,"$501 - $1,500",3/20/2022 20:39,UNABLE TO DETERMINE,UNABLE TO DETERMINE,5857,W,MONTROSE AVE,1624,,,,,,,1,NONINCAPACITATING INJURY,1,0,0,1,0,0,0,20,1,3,41.96027763,-87.77443188,POINT (-87.774431879568 41.960277633278)
5b85c0554d0b9dcb1c407fd4854c64a68aebe5f508adffb07d5e7f032f6a7109170fa35bf5a13835471b1d0ad8a98cfdaa63fc3aa56a5b6b7b31f5b3663e3dcc,JF157792,Y,2/27/2022 14:55,30,NO CONTROLS,NO CONTROLS,CLEAR,DAYLIGHT,ANGLE,ONE-WAY,,STRAIGHT AND LEVEL,SNOW OR SLUSH,NO DEFECTS,NOT ON SCENE (DESK REPORT),NO INJURY / DRIVE AWAY,,,N,"OVER $1,500",2/27/2022 15:20,UNABLE TO DETERMINE,UNABLE TO DETERMINE,4742,N,SPAULDING AVE,1713,,,,,,,2,NO INDICATION OF INJURY,0,0,0,0,0,2,0,14,1,2,41.96788416,-87.71105248,POINT (-87.711052479833 41.967884154759)
5aa8b71f17d9eaf3184ef0214811333bc7e3b9c3423f0dce13f331ff47d0314414b196af72b00ad20dff844e47d7f9b266af0fcf3ea3652ef146a48b1d17ea75,JE378510,,9/18/2021 14:30,30,NO CONTROLS,NO CONTROLS,CLEAR,DAYLIGHT,TURNING,T-INTERSECTION,,STRAIGHT AND LEVEL,DRY,UNKNOWN,,INJURY AND / OR TOW DUE TO CRASH,Y,,,"OVER $1,500",9/18/2021 14:39,UNABLE TO DETERMINE,NOT APPLICABLE,6200,W,FOSTER AVE,1622,,,,,,,2,NONINCAPACITATING INJURY,2,0,0,1,1,0,0,14,7,9,41.9757697,-87.78306499,POINT (-87.783064994088 41.975769694762)
590b133102c877ad808a0c1452458541c05231263fbf19d08c23aafc05ce7c3a6b0f95382fe877b6b4a6db9b8ae39be950490d1161f7700d23b9c48bd842d61c,JF150715,,2/20/2022 17:45,30,TRAFFIC SIGNAL,FUNCTIONING PROPERLY,CLEAR,DAYLIGHT,ANGLE,DIVIDED - W/MEDIAN BARRIER,,STRAIGHT AND LEVEL,DRY,NO DEFECTS,ON SCENE,INJURY AND / OR TOW DUE TO CRASH,Y,,,"OVER $1,500",2/20/2022 17:54,UNABLE TO DETERMINE,UNABLE TO DETERMINE,39,W,75TH ST,623,,,,,,,2,NO INDICATION OF INJURY,0,0,0,0,0,2,0,17,1,2,41.75805143,-87.62634158,POINT (-87.626341583898 41.758051432973)
aba4747fdec705d90ccfc75b029578ae70227f393f0ab5d427fcfd5fed8a7a74b457bdd18b174f346a18180512a8f9b9db02ad6e59a8ea174b327b27ea177437,JC523821,,11/25/2019 11:15,30,TRAFFIC SIGNAL,FUNCTIONING PROPERLY,CLEAR,DAYLIGHT,TURNING,ONE-WAY,,STRAIGHT AND LEVEL,DRY,NO DEFECTS,,NO INJURY / DRIVE AWAY,Y,,Y,"OVER $1,500",11/25/2019 11:31,IMPROPER TURNING/NO SIGNAL,NOT APPLICABLE,647,W,WASHINGTON BLVD,121,,,,,,,2,NO INDICATION OF INJURY,0,0,0,0,0,2,0,11,2,11,41.88305385,-87.64449942,POINT (-87.644499419069 41.883053847345)
5cb252574912bd1efd655df48030cd7f9dbf78fcad40d3093afea07ec0e1f9703a1eb9a882460b89acbae0cec17024e06046b9a5374d9e9df2a533febb52a3fb,JF158338,,2/27/2022 13:30,10,NO CONTROLS,NO CONTROLS,CLEAR,DAYLIGHT,PARKED MOTOR VEHICLE,PARKING LOT,,STRAIGHT ON GRADE,DRY,NO DEFECTS,NOT ON SCENE (DESK REPORT),NO INJURY / DRIVE AWAY,,Y,Y,"OVER $1,500",2/28/2022 8:20,UNABLE TO DETERMINE,UNABLE TO DETERMINE,2626,W,DEVON AVE,2412,,,,,,,2,NO INDICATION OF INJURY,0,0,0,0,0,3,0,13,1,2,41.99773591,-87.69592888,POINT (-87.695928880488 41.997735909101)
9f514ea98ca637c9bf6b3b6573bf88134b20a3b07d1d026f2c44070ff3b877d7fd8f4a22e4ff74f730686f8e65539430e33dacabd8e753363ec59e788b3e974f,JA117408,,1/15/2017 7:00,30,TRAFFIC SIGNAL,FUNCTIONING PROPERLY,CLEAR,DAWN,REAR END,RAMP,,STRAIGHT AND LEVEL,DRY,NO DEFECTS,NOT ON SCENE (DESK REPORT),INJURY AND / OR TOW DUE TO CRASH,,,,"OVER $1,500",1/15/2017 21:55,DISTRACTION - FROM INSIDE VEHICLE,FOLLOWING TOO CLOSELY,488,E,LOWER WACKER DR,114,,,,,,,2,NO INDICATION OF INJURY,0,0,0,0,0,5,0,7,1,1,41.88747989,-87.61604712,POINT (-87.616047119018 41.88747988917)