CRASH_RECORD_ID,RD_NO,CRASH_DATE_EST_I,CRASH_DATE,POSTED_SPEED_LIMIT,TRAFFIC_CONTROL_DEVICE,DEVICE_CONDITION,WEATHER_CONDITION,LIGHTING_CONDITION,FIRST_CRASH_TYPE,TRAFFICWAY_TYPE,LANE_CNT,ALIGNMENT,ROADWAY_SURFACE_COND,ROAD_DEFECT,REPORT_TYPE,CRASH_TYPE,INTERSECTION_RELATED_I,NOT_RIGHT_OF_WAY_I,HIT_AND_RUN_I,DAMAGE,DATE_POLICE_NOTIFIED,PRIM_CONTRIBUTORY_CAUSE,SEC_CONTRIBUTORY_CAUSE,STREET_NO,STREET_DIRECTION,STREET_NAME,BEAT_OF_OCCURRENCE,PHOTOS_TAKEN_I,STATEMENTS_TAKEN_I,DOORING_I,WORK_ZONE_I,WORK_ZONE_TYPE,WORKERS_PRESENT_I,NUM_UNITS,MOST_SEVERE_INJURY,INJURIES_TOTAL,INJURIES_FATAL,INJURIES_INCAPACITATING,INJURIES_NON_INCAPACITATING,INJURIES_REPORTED_NOT_EVIDENT,INJURIES_NO_INDICATION,INJURIES_UNKNOWN,CRASH_HOUR,CRASH_DAY_OF_WEEK,CRASH_MONTH,LATITUDE,LONGITUDE,LOCATION
5cf8615dcba46630c8bf6b1a58f0d371214ebb521f2cd8b86a81a7fdd5a9955d732ee334b0438ea31d23face542921a2aab086aa9af54019eb4b888e49f6efff,JF157606,,2/27/2022 11:35,15,NO CONTROLS,NO CONTROLS,CLEAR,DAYLIGHT,REAR TO REAR,PARKING LOT,,STRAIGHT AND LEVEL,DRY,NO DEFECTS,NOT ON SCENE (DESK REPORT),NO INJURY / DRIVE AWAY,,,,"$501 - $1,500",2/27/2022 11:50,IMPROPER BACKING,UNABLE TO DETERMINE,4405,W,NORTH AVE,2533,,,,,,,2,NO INDICATION OF INJURY,0,0,0,0,0,2,0,11,1,2,41.90964159,-87.73653878,POINT (-87.73653877804 41.909641590255)
b4142e6d8f7b394ba7696bf7f79f7f607ac8ea8059610c0cd9d5a0b208d5250de9afd7620bafb2e361c73f484f539aa11f1ad79988ad8b4d2ab84ab351a234c6,JF180349,Y,3/20/2022 12:45,10,NO CONTROLS,NO CONTROLS,CLEAR,DAYLIGHT,SIDESWIPE OPPOSITE DIRECTION,PARKING LOT,,STRAIGHT AND LEVEL,DRY,NO DEFECTS,ON SCENE,NO INJURY / DRIVE AWAY,,Y,Y,$500 OR LESS,3/20/2022 12:50,UNABLE TO DETERMINE,UNABLE TO DETERMINE,3101,W,26TH ST,1033,,,,,,,3,NO INDICATION OF INJURY,0,0,0,0,0,4,0,12,1,3,41.84443751,-87.70262831,POINT (-87.702628313945 41.844437504988)
b426b66feb9bdb278b1f49af0d132355edf15fd71ef150a81e684d2f73db17aa1094a8617a05c29115374783e572965add9618f26f19484460a1f68d7218d4b4,JF180211,,3/20/2022 4:00,35,TRAFFIC SIGNAL,UNKNOWN,UNKNOWN,DARKNESS,REAR END,NOT DIVIDED,,STRAIGHT AND LEVEL,UNKNOWN,UNKNOWN,ON SCENE,NO INJURY / DRIVE AWAY,,,Y,"OVER $1,500",3/20/2022 10:17,FAILING TO REDUCE SPEED TO AVOID CRASH,NOT APPLICABLE,9200,S,STONY ISLAND AVE,413,,,,,,,2,NO INDICATION OF INJURY,0,0,0,0,0,2,0,4,1,3,41.72772744,-87.58559431,POINT (-87.585594309293 41.727727438391)
b434d680989570c158b9c99274320e5108e5a56ae2bc0e2f98f12c915cba0f1fa2d5001b847fd268777a41e6ee47e0a5887a47ed3703e2d8a783c4a0bc6a080f,JF180357,,3/20/2022 13:03,30,TRAFFIC SIGNAL,FUNCTIONING PROPERLY,CLEAR,DAYLIGHT,PEDESTRIAN,FOUR WAY,,STRAIGHT AND LEVEL,DRY,NO DEFECTS,ON SCENE,INJURY AND / OR TOW DUE TO CRASH,Y,,,$500 OR LESS,3/20/2022 13:05,UNABLE TO DETERMINE,FAILING TO YIELD RIGHT-OF-WAY,7900,S,ASHLAND AVE,611,,,,,,,2,INCAPACITATING INJURY,1,0,1,0,0,1,0,13,1,3,41.75026224,-87.66358012,POINT (-87.663580117092 41.750262240415)
0ea2829e03f8d8530a9d989a161e7933aa114f70f04728676cb12a5a167b7e1784c6e71c83ea7a34c84f88579feb261c1d98ce41235f762656518366e19878a0,JC547905,,12/15/2019 13:25,30,NO CONTROLS,NO CONTROLS,CLEAR,DAYLIGHT,SIDESWIPE SAME DIRECTION,NOT DIVIDED,,STRAIGHT AND LEVEL,DRY,NO DEFECTS,,NO INJURY / DRIVE AWAY,,,,"$501 - $1,500",12/15/2019 14:55,UNABLE TO DETERMINE,UNABLE TO DETERMINE,750,N,RUSH ST,1833,,,,,,,2,NO INDICATION OF INJURY,0,0,0,0,0,2,0,13,1,12,41.89645531,-87.62564517,POINT (-87.625645166504 41.896455313367)
acf557972db7984729066bf43f6823404ab76afee2445c7ce94029ea73690355c44e0494ef8b9942f984525b8dedff9b2bc00fc9f239211de681132191f42e0e,JC521895,,11/23/2019 17:25,30,NO CONTROLS,NO CONTROLS,CLEAR,"DARKNESS, LIGHTED ROAD",SIDESWIPE SAME DIRECTION,NOT DIVIDED,,STRAIGHT AND LEVEL,DRY,UNKNOWN,,NO INJURY / DRIVE AWAY,,,Y,"OVER $1,500",11/23/2019 17:28,UNABLE TO DETERMINE,UNABLE TO DETERMINE,5146,W,FOSTER AVE,1623,,,,,,,2,NO INDICATION OF INJURY,0,0,0,0,0,2,0,17,7,11,41.97533603,-87.75715097,POINT (-87.757150973079 41.975336026004)
9fc9729c0e0a35a70de50047e69e654505df167cb449a35ba60ef0af131e69231ee1e417656f22f6cfb7b8b7bb5a85ad6464b028b30144724828624ed8524922,JF165186,,3/6/2022 13:15,15,NO CONTROLS,NO CONTROLS,CLEAR,DAYLIGHT,REAR TO SIDE,DIVIDED - W/MEDIAN (NOT RAISED),,STRAIGHT AND LEVEL,DRY,UNKNOWN,NOT ON SCENE (DESK REPORT),NO INJURY / DRIVE AWAY,,,,"$501 - $1,500",3/6/2022 14:09,UNABLE TO DETERMINE,UNABLE TO DETERMINE,2057,W,LAWRENCE AVE,1911,,,,,,,2,NO INDICATION OF INJURY,0,0,0,0,0,2,0,13,1,3,41.96861706,-87.68127703,POINT (-87.681277027325 41.968617063799)
b4d823543161e26e0eb740131754598548cd1edf9cc36e6df21b8379698fb22540036ad6726dc93359e6d61bd000b38b365454b927029d001bbecc71872dfa60,JF181555,,3/20/2022 16:00,10,STOP SIGN/FLASHER,OTHER,CLEAR,DAYLIGHT,PARKED MOTOR VEHICLE,PARKING LOT,,STRAIGHT AND LEVEL,DRY,NO DEFECTS,NOT ON SCENE (DESK REPORT),NO INJURY / DRIVE AWAY,,Y,Y,"$501 - $1,500",3/21/2022 15:20,UNABLE TO DETERMINE,UNABLE TO DETERMINE,3350,N,WESTERN AVE,1921,,,,,,,2,NO INDICATION OF INJURY,0,0,0,0,0,1,0,16,1,3,41.9427472,-87.68835432,POINT (-87.688354321496 41.942747195164)
5b14c1f07df58078d81a726fd53ae8487dd874aab6049783027cc016f8df9b97338f914d0e7219d36ee2c95933b1a8eca72fcf9c117c153e3cceaa1be25a125f,JF150528,,2/20/2022 14:30,15,STOP SIGN/FLASHER,FUNCTIONING PROPERLY,CLEAR,DAYLIGHT,HEAD ON,FOUR WAY,,STRAIGHT AND LEVEL,DRY,UNKNOWN,NOT ON SCENE (DESK REPORT),NO INJURY / DRIVE AWAY,Y,,,"OVER $1,500",2/20/2022 15:30,FAILING TO REDUCE SPEED TO AVOID CRASH,UNABLE TO DETERMINE,7800,S,MARYLAND AVE,624,,,,,,,2,NO INDICATION OF INJURY,0,0,0,0,0,4,0,14,1,2,41.75303123,-87.60415454,POINT (-87.604154540981 41.753031225972)
5eb7e96b7216252b7a0ead3d7858d8a46135dfa8388964e98c5ceccc06dd446a3fcd8186f70384abf27aeeb3e160a73bf60110909e5a800c6fbfa3aadffccd84,JF157916,,2/27/2022 16:35,30,NO CONTROLS,NO CONTROLS,CLEAR,DAYLIGHT,TURNING,NOT DIVIDED,,STRAIGHT AND LEVEL,UNKNOWN,UNKNOWN,ON SCENE,INJURY AND / OR TOW DUE TO CRASH,,,,"OVER $1,500",2/27/2022 17:18,UNABLE TO DETERMINE,NOT APPLICABLE,2430,W,CERMAK RD,1023,,,,,,,2,NO INDICATION OF INJURY,0,0,0,0,0,4,0,16,1,2,41.85212826,-87.68696163,POINT (-87.686961633746 41.852128264136)
b02be316dc81921e40d101a3f3ffe3cd88708a4cf5711be53a823644663596f0583fa75ded739792d3f8d0946f81f9abc2d3bd05c0f7bba5894ea1d158485cd2,JF191290,,3/26/2022 21:20,30,TRAFFIC SIGNAL,FUNCTIONING PROPERLY,CLEAR,"DARKNESS, LIGHTED ROAD",OTHER NONCOLLISION,FOUR WAY,,STRAIGHT AND LEVEL,DRY,"RUT, HOLES",NOT ON SCENE (DESK REPORT),NO INJURY / DRIVE AWAY,Y,,,"$501 - $1,500",3/30/2022 11:15,ROAD ENGINEERING/SURFACE/MARKING DEFECTS,ROAD ENGINEERING/SURFACE/MARKING DEFECTS,150,N,MICHIGAN AVE,111,,,,,,,1,NO INDICATION OF INJURY,0,0,0,0,0,2,0,21,7,3,41.88453096,-87.62460205,POINT (-87.624602044601 41.884530963783)
5bcef361926a537b394f38db16e1b7609cc5eb29c652e8c6c6652a33558f6f8688707180b83e73d037bced2e3b73f9006b5ac748a1b60695fc42788c16c3bd06,JF150817,,2/20/2022 20:30,30,NO PASSING,FUNCTIONING PROPERLY,CLEAR,"DARKNESS, LIGHTED ROAD",ANGLE,DRIVEWAY,,STRAIGHT AND LEVEL,WET,NO DEFECTS,ON SCENE,INJURY AND / OR TOW DUE TO CRASH,,,Y,"OVER $1,500",2/20/2022 20:39,IMPROPER LANE USAGE,UNABLE TO DETERMINE,1598,W,87TH ST,614,,,,,,,2,NO INDICATION OF INJURY,0,0,0,0,0,2,0,20,1,2,41.73590045,-87.66300726,POINT (-87.663007261886 41.735900448684)
b05b4b7c67c77382140267994982cfe1df7a30b294df08d8238e785869130ae209ec6b6b292fa587035229a1cfe823bcc86cb85c6a7fccb744194a316aa42330,JF187155,,3/26/2022 11:15,30,NO CONTROLS,NO CONTROLS,CLEAR,DAYLIGHT,PARKED MOTOR VEHICLE,NOT DIVIDED,,STRAIGHT AND LEVEL,DRY,UNKNOWN,NOT ON SCENE (DESK REPORT),NO INJURY / DRIVE AWAY,,,Y,"$501 - $1,500",3/26/2022 11:30,UNABLE TO DETERMINE,UNABLE TO DETERMINE,6272,W,NORTH AVE,2513,,,,,,,2,NO INDICATION OF INJURY,0,0,0,0,0,1,0,11,7,3,41.90928313,-87.78299907,POINT (-87.782999072624 41.909283132498)
b66ff181ff6addd1f7383fae8050e9968f520073276421cb3598df62305d6b087c74002e01f83f860524deaa5e5523fd6e537b5be419496a31889963184e4d62,JF180305,,3/20/2022 9:30,15,NO CONTROLS,NO CONTROLS,CLEAR,DAYLIGHT,REAR END,PARKING LOT,,STRAIGHT AND LEVEL,DRY,SHOULDER DEFECT,NOT ON SCENE (DESK REPORT),NO INJURY / DRIVE AWAY,,,,"OVER $1,500",3/20/2022 12:20,IMPROPER BACKING,UNABLE TO DETERMINE,4100,S,PULASKI RD,815,,,,,,,2,NO INDICATION OF INJURY,0,0,0,0,0,3,0,9,1,3,41.81834902,-87.72409641,POINT (-87.724096405469 41.818349016985)
60380486e15dd058267325109056ab08e39cbe373dbcce30069916cba12dd768ed75e202f94a95ad0d78406258b757a7f860ec0fe81f22222c13862ffbeb4af7,JF157605,,2/27/2022 11:35,30,NO CONTROLS,NO CONTROLS,CLEAR,DAYLIGHT,TURNING,T-INTERSECTION,,STRAIGHT AND LEVEL,DRY,NO DEFECTS,ON SCENE,INJURY AND / OR TOW DUE TO CRASH,Y,,,"OVER $1,500",2/27/2022 11:45,UNABLE TO DETERMINE,UNABLE TO DETERMINE,7400,S,PRAIRIE AVE,323,,,,,,,2,NONINCAPACITATING INJURY,1,0,0,1,0,2,0,11,1,2,41.76008209,-87.61849493,POINT (-87.618494932563 41.760082091739)
a1bf7281bed84ed22c693a8b2957b83f2feef8783fd55fc38d2d984ca7c1fc64ea4592c3123d0b9047a5f0d07748465cbba178c23cafc9fddd3351ceddf8a4ac,JF165130,,3/6/2022 12:40,30,NO CONTROLS,NO CONTROLS,CLEAR,DAYLIGHT,TURNING,NOT DIVIDED,,STRAIGHT AND LEVEL,DRY,UNKNOWN,ON SCENE,NO INJURY / DRIVE AWAY,,,,"$501 - $1,500",3/6/2022 12:46,FAILING TO REDUCE SPEED TO AVOID CRASH,DRIVING SKILLS/KNOWLEDGE/EXPERIENCE,6631,W,DIVERSEY AVE,2512,,Y,,,,,2,NO INDICATION OF INJURY,0,0,0,0,0,2,0,12,1,3,41.93081829,-87.79185966,POINT (-87.791859660583 41.930818292292)
5c49cd5143e9f3c02e0f20123d9360ce81b81bbee27b7497a155bdbab1fa34f32729c44730b0a848930b5bfd47bf1707d379649f648fc6958b5a0e7e736a1ecb,JF150163,,2/20/2022 4:00,40,NO CONTROLS,NO CONTROLS,CLEAR,"DARKNESS, LIGHTED ROAD",HEAD ON,DIVIDED - W/MEDIAN BARRIER,,STRAIGHT AND LEVEL,DRY,NO DEFECTS,ON SCENE,INJURY AND / OR TOW DUE TO CRASH,,,,"OVER $1,500",2/20/2022 4:05,DRIVING ON WRONG SIDE/WRONG WAY,NOT APPLICABLE,4399,N,LAKE SHORE DR NB,1915,,,,,,,2,NONINCAPACITATING INJURY,1,0,0,1,0,2,0,4,1,2,41.96195363,-87.64607681,POINT (-87.646076809858 41.961953631409)
a31037d4251a629ffb62e049300d032efdfb6af64325dd8725e090f0cc69f0ba12cf9c47a2893a26eb52c81c25c79e956b3c76e67e666126494aac32c3b2885d,JA515482,,11/16/2017 15:50,35,TRAFFIC SIGNAL,NO CONTROLS,CLEAR,DAYLIGHT,REAR END,DIVIDED - W/MEDIAN BARRIER,,STRAIGHT AND LEVEL,DRY,NO DEFECTS,NOT ON SCENE (DESK REPORT),NO INJURY / DRIVE AWAY,,,,"OVER $1,500",11/17/2017 14:55,FOLLOWING TOO CLOSELY,UNABLE TO DETERMINE,448,E,LOWER WACKER DR,114,,,,,,,2,NO INDICATION OF INJURY,0,0,0,0,0,2,0,15,5,11,41.88752888,-87.61662976,POINT (-87.61662976391 41.887528881685)
5d65830a8b44c05e78929f93f0137dd7a99c7da643ee08993ad16c81bc2a2ab6311d31e3d5d447ef2b132b56c94e7d19a1472aaf97dca181802c5d67e412eda4,JF150552,,2/20/2022 1:30,25,STOP SIGN/FLASHER,FUNCTIONING PROPERLY,CLEAR,"DARKNESS, LIGHTED ROAD",ANGLE,NOT DIVIDED,,STRAIGHT AND LEVEL,DRY,NO DEFECTS,NOT ON SCENE (DESK REPORT),NO INJURY / DRIVE AWAY,,,Y,"OVER $1,500",2/20/2022 15:45,FAILING TO YIELD RIGHT-OF-WAY,DISREGARDING STOP SIGN,5600,S,CALIFORNIA AVE,824,,,,,,,2,NO INDICATION OF INJURY,0,0,0,0,0,2,0,1,1,2,41.79177711,-87.69389105,POINT (-87.693891045577 41.791777111)
612bcb31dd49f30bba2a660a8b5a703d4b732d9bb797f3548f1093aa217b35a5852f563bdc235de0fc04e1b4b55c80baa9f3f4124e57dbe74499dbbcb20cc5e3,JF157603,,2/27/2022 11:25,30,NO CONTROLS,NO CONTROLS,CLEAR,DAYLIGHT,PARKED MOTOR VEHICLE,PARKING LOT,,STRAIGHT AND LEVEL,DRY,NO DEFECTS,ON SCENE,NO INJURY / DRIVE AWAY,,,,"OVER $1,500",2/27/2022 11:28,UNABLE TO DETERMINE,UNABLE TO DETERMINE,4821,W,NORTH AVE,2533,,,,,,,2,NO INDICATION OF INJURY,0,0,0,0,0,2,0,11,1,2,41.90950515,-87.74695994,POINT (-87.746959936272 41.909505147743)
618d8e7d2dee3d9b8c4d33bc007e4e1e7a829bc9eb363ad09338e3565a763eca7c6a364ad990dbc13628f2fed2bfa493d81b78f88b14938393683753bd53cfb4,JF157377,,2/27/2022 3:30,15,NO CONTROLS,NO CONTROLS,SNOW,"DARKNESS, LIGHTED ROAD",PARKED MOTOR VEHICLE,ALLEY,,STRAIGHT AND LEVEL,SNOW OR SLUSH,UNKNOWN,ON SCENE,NO INJURY / DRIVE AWAY,,,Y,"OVER $1,500",2/27/2022 4:05,IMPROPER BACKING,NOT APPLICABLE,6723,S,GREEN ST,723,,,,,,,2,NO INDICATION OF INJURY,0,0,0,0,0,1,0,3,1,2,41.77174448,-87.6456483,POINT (-87.64564829734 41.771744481253)
5ea94298f1679e3daf3dc7e4bece2b55de30a400035916b30414b76866df7a6986bd40750f1d3fb65cb035e5f3eeccb5fd7a368e8a717ef92acf1eaecbbfb58c,JF150910,,2/20/2022 21:43,30,NO CONTROLS,NO CONTROLS,CLEAR,"DARKNESS, LIGHTED ROAD",PARKED MOTOR VEHICLE,ONE-WAY,,STRAIGHT AND LEVEL,DRY,NO DEFECTS,ON SCENE,INJURY AND / OR TOW DUE TO CRASH,,,Y,"OVER $1,500",2/20/2022 21:43,UNABLE TO DETERMINE,UNABLE TO DETERMINE,3040,W,57TH ST,824,,,,,,,3,NONINCAPACITATING INJURY,1,0,0,1,0,2,0,21,1,2,41.79004785,-87.70019773,POINT (-87.700197726385 41.790047853748)
61fae119da33b9bc46701fac217798c2143907bd8a10b590cafb4ee7e628e6a90673ba1b9ff436a931dcecf34fc9e3756cef147fad74d69dfd7f6c910a0c9c12,JF158162,,2/27/2022 23:21,30,STOP SIGN/FLASHER,FUNCTIONING PROPERLY,CLEAR,"DARKNESS, LIGHTED ROAD",PARKED MOTOR VEHICLE,NOT DIVIDED,,STRAIGHT AND LEVEL,DRY,NO DEFECTS,ON SCENE,INJURY AND / OR TOW DUE TO CRASH,,,,"OVER $1,500",2/27/2022 23:28,"EVASIVE ACTION DUE TO ANIMAL, OBJECT, NONMOTORIST",NOT APPLICABLE,7300,S,RACINE AVE,734,,,,,,,2,NO INDICATION OF INJURY,0,0,0,0,0,1,0,23,1,2,41.76136917,-87.65416583,POINT (-87.6541658301 41.761369171548)
12f6d1a55042bab374dc84648ab07e9c406856d62a712c8f65f928c17136fb726b621b9c45c22d02d823344d5322555c73640c0c7752eef2540352459a66326a,JC366707,,7/27/2019 10:30,35,NO CONTROLS,NO CONTROLS,CLEAR,DAYLIGHT,PARKED MOTOR VEHICLE,PARKING LOT,,STRAIGHT AND LEVEL,DRY,NO DEFECTS,,INJURY AND / OR TOW DUE TO CRASH,,N,Y,"OVER $1,500",7/27/2019 11:14,UNABLE TO DETERMINE,DRIVING SKILLS/KNOWLEDGE/EXPERIENCE,1500,S,LYNN WHITE DR,132,,,,,,,2,NO INDICATION OF INJURY,0,0,0,0,0,1,0,10,7,7,41.86230608,-87.60952225,POINT (-87.609522247087 41.862306077461)
12f79345d1799e14acafc5cc3fefced77bc662b7ea11848c81d3e43d34f7082365ddd0b857dca5d3079e63ad09d8dfbc95457653e91e2ca935a8ab7b78230e7d,JD223503,,5/3/2020 20:32,35,TRAFFIC SIGNAL,FUNCTIONING PROPERLY,CLEAR,"DARKNESS, LIGHTED ROAD",ANGLE,UNKNOWN INTERSECTION TYPE,,STRAIGHT AND LEVEL,DRY,NO DEFECTS,,INJURY AND / OR TOW DUE TO CRASH,Y,,Y,"OVER $1,500",5/3/2020 20:32,UNABLE TO DETERMINE,NOT APPLICABLE,6900,S,STONY ISLAND AVE,332,,,,,,,2,NO INDICATION OF INJURY,0,0,0,0,0,2,0,20,1,5,41.76964982,-87.58638311,POINT (-87.586383110145 41.769649814616)
0c5c2e227350b654a8c1abf6eab552fb9154cb0786d0d9908af46a49fba4cf91b7b5c74b03be0751dc86e158aa1286922bb4b6fa553a3d896f76a02fb4d7f483,,,4/4/2022 8:05,30,NO CONTROLS,NO CONTROLS,CLEAR,DAYLIGHT,REAR END,NOT DIVIDED,,STRAIGHT AND LEVEL,DRY,NO DEFECTS,NOT ON SCENE (DESK REPORT),NO INJURY / DRIVE AWAY,,,,$500 OR LESS,4/4/2022 9:15,UNABLE TO DETERMINE,NOT APPLICABLE,4500,W,FULLERTON AVE,2521,,,,,,,2,NO INDICATION OF INJURY,0,0,0,0,0,2,0,8,2,4,41.92444425,-87.7391185,POINT (-87.739118496396 41.924444254222)
6249358fe3e1e5c686ef2f84b8fba9d5f16938879fb2959bf7b52b6c5b49c426a76cd90b924666f3e2906088e18d0bcf5c15ad1c65277ddc47c15ae2a549fae1,JF157429,,2/27/2022 6:10,30,NO CONTROLS,NO CONTROLS,CLEAR,"DARKNESS, LIGHTED ROAD",FIXED OBJECT,ONE-WAY,,STRAIGHT AND LEVEL,WET,NO DEFECTS,ON SCENE,NO INJURY / DRIVE AWAY,,,,"$501 - $1,500",2/27/2022 6:12,DRIVING SKILLS/KNOWLEDGE/EXPERIENCE,DRIVING SKILLS/KNOWLEDGE/EXPERIENCE,102,N,WELLS ST,122,,,,,,,1,NO INDICATION OF INJURY,0,0,0,0,0,1,0,6,1,2,41.8832917,-87.6340066,POINT (-87.634006600504 41.883291702304)
a4d7285c4a08904e4b8b9b8f42563050e706f77818b2d191cd98f83cba33980fc82fe57aac3eaef948577995bda48b5694d0fb3b9b19cb107920a2ddd49c4928,JE101532,,1/2/2021 16:00,30,TRAFFIC SIGNAL,FUNCTIONING PROPERLY,CLEAR,"DARKNESS, LIGHTED ROAD",REAR END,NOT DIVIDED,,STRAIGHT AND LEVEL,DRY,NO DEFECTS,NOT ON SCENE (DESK REPORT),NO INJURY / DRIVE AWAY,Y,,,"OVER $1,500",1/2/2021 17:50,FOLLOWING TOO CLOSELY,FAILING TO REDUCE SPEED TO AVOID CRASH,430,E,LOWER WACKER DR,114,,,,,,,2,NO INDICATION OF INJURY,0,0,0,0,0,3,0,16,7,1,41.88754238,-87.61689845,POINT (-87.616898452345 41.887542375142)
628296cce2fc76cf719770ef078c84ca00dee3859603bd854f182000951928225fc93c8e5da579d7bf9c4d8aa1e327b36fc9889c956068b40f933c7b1127920b,JF157314,,2/27/2022 1:31,30,NO CONTROLS,NO CONTROLS,CLEAR,"DARKNESS, LIGHTED ROAD",PARKED MOTOR VEHICLE,DIVIDED - W/MEDIAN (NOT RAISED),,STRAIGHT AND LEVEL,DRY,NO DEFECTS,ON SCENE,INJURY AND / OR TOW DUE TO CRASH,,,N,"OVER $1,500",2/27/2022 1:54,UNABLE TO DETERMINE,UNABLE TO DETERMINE,1645,N,CICERO AVE,2533,,,,,,,3,NO INDICATION OF INJURY,0,0,0,0,0,4,0,1,1,2,41.91099073,-87.74574996,POINT (-87.745749959568 41.91099072716)
5f8097caf87f5255f95a3b9059b3d115fa0eb91cdae8325779a058fea5ed624636d32c930b67730300acc5a70afcb9c1561678e534062e85f1b295998deff2a5,JF150430,,2/20/2022 12:50,25,STOP SIGN/FLASHER,UNKNOWN,CLEAR,DAYLIGHT,SIDESWIPE SAME DIRECTION,ONE-WAY,,STRAIGHT AND LEVEL,DRY,NO DEFECTS,ON SCENE,NO INJURY / DRIVE AWAY,,,Y,"OVER $1,500",2/20/2022 12:51,IMPROPER OVERTAKING/PASSING,IMPROPER OVERTAKING/PASSING,6258,S,WINCHESTER AVE,714,,,,,,,2,NO INDICATION OF INJURY,0,0,0,0,0,2,0,12,1,2,41.77942858,-87.67283893,POINT (-87.672838925754 41.779428576225)
5faf198926192b48bba81b693994e8e01ec2287992c5fd40e0a0b2aa11c7ebde2a3b9aec3dc7d200e6006f088b24e9255511ca30e672f24abba40033585bf0e3,JF150842,,2/20/2022 20:54,10,NO CONTROLS,NO CONTROLS,CLEAR,"DARKNESS, LIGHTED ROAD",REAR TO FRONT,ONE-WAY,,STRAIGHT AND LEVEL,DRY,NO DEFECTS,ON SCENE,NO INJURY / DRIVE AWAY,,,Y,"$501 - $1,500",2/20/2022 20:55,IMPROPER BACKING,NOT APPLICABLE,5701,S,CICERO AVE,813,,,,,,,2,NO INDICATION OF INJURY,0,0,0,0,0,2,0,20,1,2,41.78933864,-87.74135256,POINT (-87.741352562622 41.789338641753)
b81a75263758556c2fa3d791f54fb9f7d75cf84d202bddec48b197fbd23dc9cb5efa4ef3803cf4544c72ddce52acb45972866403d75740ea7b03e96054ec097c,JF180504,,3/20/2022 14:30,15,STOP SIGN/FLASHER,FUNCTIONING PROPERLY,CLEAR,DAYLIGHT,ANGLE,PARKING LOT,,STRAIGHT AND LEVEL,DRY,UNKNOWN,NOT ON SCENE (DESK REPORT),NO INJURY / DRIVE AWAY,,Y,,"$501 - $1,500",3/20/2022 14:30,UNABLE TO DETERMINE,NOT APPLICABLE,6420,W,FULLERTON AVE,2512,,,,,,,2,NO INDICATION OF INJURY,0,0,0,0,0,4,0,14,1,3,41.9237818,-87.78625367,POINT (-87.786253674433 41.92378179667)
b82556d882443c54ef0f56e969195c92a59ca2a83f2717c8552888dc146fa9470462ea60a217491dcae81db21f50272ab3170c7e0ef0182d430fe17a7b5d225b,JF182530,,3/20/2022 20:00,30,NO CONTROLS,NO CONTROLS,UNKNOWN,"DARKNESS, LIGHTED ROAD",PARKED MOTOR VEHICLE,NOT DIVIDED,,STRAIGHT AND LEVEL,UNKNOWN,UNKNOWN,NOT ON SCENE (DESK REPORT),NO INJURY / DRIVE AWAY,,,Y,"OVER $1,500",3/22/2022 11:55,UNABLE TO DETERMINE,UNABLE TO DETERMINE,4156,W,BELMONT AVE,1731,,,,,,,2,NO INDICATION OF INJURY,0,0,0,0,0,1,0,20,1,3,41.93914364,-87.7318459,POINT (-87.731845902281 41.939143639923)
63ff600cd47e92cc0f33a7660c6e87e2dacfe5ad75736848b9da61ab3d0435d7d7ed1ab508a4f5d24653bebf3eb774c5d7ef9ba74c074107c2ab4700b878c2dc,JF157384,,2/27/2022 4:00,30,TRAFFIC SIGNAL,FUNCTIONING PROPERLY,CLEAR,"DARKNESS, LIGHTED ROAD",TURNING,DIVIDED - W/MEDIAN (NOT RAISED),,STRAIGHT AND LEVEL,DRY,NO DEFECTS,ON SCENE,INJURY AND / OR TOW DUE TO CRASH,Y,,,"OVER $1,500",2/27/2022 4:04,IMPROPER TURNING/NO SIGNAL,IMPROPER TURNING/NO SIGNAL,600,N,ORLEANS ST,1831,,,,,,,2,NO INDICATION OF INJURY,0,0,0,0,0,2,0,4,1,2,41.89241067,-87.63720268,POINT (-87.637202679986 41.892410665824)
b49299125773fa0ff634f611d665b26046e9bfdd0851f6297ac6ac8406c8bd4f66b6ea17beedb3af8038c28b7119de41a8dec01ba48080afb8a45755a7bfee2d,JF186986,N,3/26/2022 7:33,20,NO CONTROLS,NO CONTROLS,CLOUDY/OVERCAST,DAYLIGHT,SIDESWIPE OPPOSITE DIRECTION,ALLEY,,STRAIGHT AND LEVEL,DRY,NO DEFECTS,ON SCENE,INJURY AND / OR TOW DUE TO CRASH,,,Y,"OVER $1,500",3/26/2022 7:33,FAILING TO REDUCE SPEED TO AVOID CRASH,IMPROPER OVERTAKING/PASSING,1310,S,MICHIGAN AVE,131,,,,,,,2,"REPORTED, NOT EVIDENT",1,0,0,0,1,2,0,7,7,3,41.86543009,-87.62425494,POINT (-87.624254940065 41.865430090377)
b497eca5b71dd543efbb05e35b427bca38232b5e95c3411493ac11be77221127e0efd9588a222c955c332c2da52c4b5f0fae94fab9426cfecaf8384ae7af5943,JF187334,Y,3/26/2022 14:35,30,STOP SIGN/FLASHER,NO CONTROLS,CLEAR,DAYLIGHT,ANGLE,DIVIDED - W/MEDIAN (NOT RAISED),,STRAIGHT AND LEVEL,DRY,NO DEFECTS,NOT ON SCENE (DESK REPORT),NO INJURY / DRIVE AWAY,Y,,Y,"OVER $1,500",3/26/2022 14:42,FAILING TO YIELD RIGHT-OF-WAY,NOT APPLICABLE,7600,S,MARYLAND AVE,624,,,,,,,2,NO INDICATION OF INJURY,0,0,0,0,0,3,0,14,7,3,41.7566794,-87.60424487,POINT (-87.60424487022 41.756679401099)