CRASH_RECORD_ID,RD_NO,CRASH_DATE_EST_I,CRASH_DATE,POSTED_SPEED_LIMIT,TRAFFIC_CONTROL_DEVICE,DEVICE_CONDITION,WEATHER_CONDITION,LIGHTING_CONDITION,FIRST_CRASH_TYPE,TRAFFICWAY_TYPE,LANE_CNT,ALIGNMENT,ROADWAY_SURFACE_COND,ROAD_DEFECT,REPORT_TYPE,CRASH_TYPE,INTERSECTION_RELATED_I,NOT_RIGHT_OF_WAY_I,HIT_AND_RUN_I,DAMAGE,DATE_POLICE_NOTIFIED,PRIM_CONTRIBUTORY_CAUSE,SEC_CONTRIBUTORY_CAUSE,STREET_NO,STREET_DIRECTION,STREET_NAME,BEAT_OF_OCCURRENCE,PHOTOS_TAKEN_I,STATEMENTS_TAKEN_I,DOORING_I,WORK_ZONE_I,WORK_ZONE_TYPE,WORKERS_PRESENT_I,NUM_UNITS,MOST_SEVERE_INJURY,INJURIES_TOTAL,INJURIES_FATAL,INJURIES_INCAPACITATING,INJURIES_NON_INCAPACITATING,INJURIES_REPORTED_NOT_EVIDENT,INJURIES_NO_INDICATION,INJURIES_UNKNOWN,CRASH_HOUR,CRASH_DAY_OF_WEEK,CRASH_MONTH,LATITUDE,LONGITUDE,LOCATION
a85dd869a483037ad8f73e39e9b2fa644549034eb2b0b362550754ddc46c2bfbf14da88f21ee00a83ebe96802a5a8ccb196cf4f8a416e2066b972ae6282cfadb,JC503596,,11/8/2019 18:23,30,NO CONTROLS,NO CONTROLS,CLEAR,DUSK,TURNING,RAMP,,STRAIGHT AND LEVEL,DRY,NO DEFECTS,ON SCENE,INJURY AND / OR TOW DUE TO CRASH,,,Y,"OVER $1,500",11/8/2019 18:27,IMPROPER TURNING/NO SIGNAL,NOT APPLICABLE,478,E,LOWER WACKER DR,114,,,,,,,2,NONINCAPACITATING INJURY,1,0,0,1,0,2,0,18,6,11,41.88748776,-87.61617404,POINT (-87.616174042396 41.887487759533)
64791befa1584ea097aee1eb8df71b3d56c58527d54129fc017550fcf708e8665b837d54bf5be77869daa74e9190c9fc48d2268749d10b03c7b363957f0d7ec4,JF157394,N,2/27/2022 4:20,30,NO CONTROLS,NO CONTROLS,CLEAR,"DARKNESS, LIGHTED ROAD",PARKED MOTOR VEHICLE,DIVIDED - W/MEDIAN BARRIER,,STRAIGHT AND LEVEL,DRY,NO DEFECTS,ON SCENE,INJURY AND / OR TOW DUE TO CRASH,N,,N,"OVER $1,500",2/27/2022 4:20,UNABLE TO DETERMINE,IMPROPER OVERTAKING/PASSING,12033,S,HALSTED ST,523,,N,,,,,3,NO INDICATION OF INJURY,0,0,0,0,0,1,0,4,1,2,41.67505911,-87.64166984,POINT (-87.641669834609 41.675059108528)
62a0125447eae1db29b9d99fd079f708d640f3415dd666a62dc74be20dacb0144470c6ac3c32add8f26300311c2ce00d2d556b93ed262419744e603e64e5ee91,JF151005,Y,2/20/2022 22:45,30,TRAFFIC SIGNAL,FUNCTIONING PROPERLY,CLEAR,"DARKNESS, LIGHTED ROAD",FIXED OBJECT,NOT REPORTED,,STRAIGHT AND LEVEL,UNKNOWN,UNKNOWN,NOT ON SCENE (DESK REPORT),NO INJURY / DRIVE AWAY,N,,,"OVER $1,500",2/20/2022 23:30,"EVASIVE ACTION DUE TO ANIMAL, OBJECT, NONMOTORIST",DISTRACTION - FROM OUTSIDE VEHICLE,301,S,LARAMIE AVE,1533,,,,,,,1,NO INDICATION OF INJURY,0,0,0,0,0,2,0,22,1,2,41.87661726,-87.75478088,POINT (-87.754780876715 41.876617255645)
b49e427abf9cd0c8fddeb197c4fec4ef016d012c0d23b463dd1fce28d6a5bf47e917a7437676e9b0c3b6b453e9ef69d336ceb937a8b30b938fe5fdd7411a15bd,JE402320,,10/8/2021 8:36,35,TRAFFIC SIGNAL,FUNCTIONING PROPERLY,CLEAR,DAYLIGHT,REAR END,DIVIDED - W/MEDIAN (NOT RAISED),,STRAIGHT AND LEVEL,WET,NO DEFECTS,,INJURY AND / OR TOW DUE TO CRASH,Y,,,"OVER $1,500",10/8/2021 8:36,UNABLE TO DETERMINE,UNABLE TO DETERMINE,6200,N,SHERIDAN RD,2433,,,,,,,2,NO INDICATION OF INJURY,0,0,0,0,0,3,0,8,6,10,41.9946871,-87.65567455,POINT (-87.655674552491 41.994687098576)
b98e207b3fc5828a243d8b20ea342a64edead2e0064318491a9436d797b648d7c01553307a911174c1313e9155fe232e9f1a4b6a2858608ee2ef62f269984b27,JD248349,,5/31/2020 7:30,35,NO CONTROLS,NO CONTROLS,CLEAR,DAYLIGHT,PARKED MOTOR VEHICLE,NOT DIVIDED,,STRAIGHT AND LEVEL,DRY,NO DEFECTS,,NO INJURY / DRIVE AWAY,,,Y,"OVER $1,500",5/31/2020 7:40,IMPROPER LANE USAGE,IMPROPER LANE USAGE,7964,S,PULASKI RD,834,,,,,,,7,NO INDICATION OF INJURY,0,0,0,0,0,1,0,7,1,5,41.74760605,-87.72199353,POINT (-87.721993530454 41.747606048712)
aaa323badabf40b34a59d3786cb92634858f4c1edcdeb0f08ed16dff0e6d79164cb53d8af9271942d88211a26c7bdb407806f049e72135a0c8d1a08450716d00,JF179689,,3/19/2022 17:29,30,NO CONTROLS,NO CONTROLS,RAIN,DAYLIGHT,TURNING,ONE-WAY,,STRAIGHT AND LEVEL,WET,NO DEFECTS,,NO INJURY / DRIVE AWAY,,,,"OVER $1,500",3/19/2022 18:50,FAILING TO YIELD RIGHT-OF-WAY,NOT APPLICABLE,2415,W,LELAND AVE,1911,,,,,,,2,NO INDICATION OF INJURY,0,0,0,0,0,3,0,17,7,3,41.96666871,-87.68945724,POINT (-87.68945723565 41.966668707959)
bb2abd14629c32cb8c61c397050b6b973a4275623a29b4b3e0aaed91298ca53f74c52806aab208bf990e09d53129e4151c50a943dcad997c7cded109b269144a,JF180375,,3/20/2022 13:10,30,TRAFFIC SIGNAL,FUNCTIONING PROPERLY,CLEAR,DAYLIGHT,SIDESWIPE SAME DIRECTION,FOUR WAY,,STRAIGHT AND LEVEL,DRY,NO DEFECTS,NOT ON SCENE (DESK REPORT),NO INJURY / DRIVE AWAY,,,,"OVER $1,500",3/20/2022 13:15,IMPROPER LANE USAGE,NOT APPLICABLE,3600,N,RACINE AVE,1923,,,,,,,2,NO INDICATION OF INJURY,0,0,0,0,0,2,0,13,1,3,41.94719633,-87.65931415,POINT (-87.659314146049 41.947196325706)
b4b20e9127dd2a787e7ef75c4a5919fe56812b13230e967b4307eae95a8ef7fd17f0f90d22cc30cea279a87ec297ba38bbbe9db01e621953d5e213e80fe11fc7,JD388476,,10/4/2020 14:10,35,NO CONTROLS,NO CONTROLS,CLEAR,DAYLIGHT,SIDESWIPE SAME DIRECTION,DIVIDED - W/MEDIAN (NOT RAISED),,STRAIGHT AND LEVEL,DRY,UNKNOWN,,NO INJURY / DRIVE AWAY,,,Y,"$501 - $1,500",10/4/2020 14:42,IMPROPER OVERTAKING/PASSING,IMPROPER OVERTAKING/PASSING,4400,W,OGDEN AVE,1013,,,,,,,2,NO INDICATION OF INJURY,0,0,0,0,0,2,0,14,1,10,41.84777752,-87.73450597,POINT (-87.734505968748 41.847777522805)
b4b8404ac83bacf8bb5b798911ccc7a38a43c9ec99080a631734a74d4d7ccd8abf1f4fd1cf61af97b02a3c800027717832f1e1f465165c833648e83c356a0f1d,JC357109,Y,7/20/2019 12:30,15,NO CONTROLS,NO CONTROLS,CLEAR,DAYLIGHT,REAR END,PARKING LOT,,STRAIGHT AND LEVEL,DRY,NO DEFECTS,,NO INJURY / DRIVE AWAY,,,Y,"OVER $1,500",7/20/2019 15:00,UNABLE TO DETERMINE,NOT APPLICABLE,3900,W,MADISON ST,1122,,,,,,,2,NO INDICATION OF INJURY,0,0,0,0,0,3,0,12,7,7,41.88086516,-87.72337597,POINT (-87.723375967751 41.880865155904)
b4c454889bccc6b40cd952ebb957ef4ede6b406fad285cdb7a206d411300b41115b32c04e5e71dcf18ecd30eeec26dadb8b3f57bd91aef5e662c0d45bb97da47,JE362824,,9/5/2021 19:10,30,TRAFFIC SIGNAL,FUNCTIONING PROPERLY,CLEAR,DAYLIGHT,ANGLE,DIVIDED - W/MEDIAN (NOT RAISED),,STRAIGHT AND LEVEL,DRY,UNKNOWN,,INJURY AND / OR TOW DUE TO CRASH,Y,,Y,"OVER $1,500",9/5/2021 19:10,DISREGARDING TRAFFIC SIGNALS,FAILING TO REDUCE SPEED TO AVOID CRASH,7000,N,WESTERN AVE,2411,,,,,,,2,FATAL,2,1,0,1,0,1,0,19,1,9,42.00867159,-87.69031084,POINT (-87.690310838299 42.008671587187)
d344522a5fe442a1ccd06247b3fdb354c436e4a2bf0623de8998da115184c9794186784bc24153666a8de4aa807358c04d9a70ba21a9f6f010446dbe6be630da,JF152665,,2/22/2022 15:30,25,NO CONTROLS,NO CONTROLS,RAIN,DAYLIGHT,PARKED MOTOR VEHICLE,ONE-WAY,,STRAIGHT AND LEVEL,WET,NO DEFECTS,ON SCENE,NO INJURY / DRIVE AWAY,,,Y,"$501 - $1,500",2/22/2022 15:37,DRIVING SKILLS/KNOWLEDGE/EXPERIENCE,UNABLE TO DETERMINE,3327,N,DRAKE AVE,1732,,,,,,,2,NO INDICATION OF INJURY,0,0,0,0,0,1,0,15,3,2,41.94195883,-87.71611365,POINT (-87.716113651268 41.941958834166)
63be145a8bbf533c6aa64981e1dcf047ebfc07e68b285ac8a171daae49ec5f128511cb36d440b16b14c7ac9cfba569d86f13d8cf6f6e1d4f8903b4679b4b72c3,JF150104,,2/20/2022 2:07,30,TRAFFIC SIGNAL,FUNCTIONING PROPERLY,CLEAR,"DARKNESS, LIGHTED ROAD",FIXED OBJECT,NOT DIVIDED,,STRAIGHT AND LEVEL,DRY,NO DEFECTS,ON SCENE,INJURY AND / OR TOW DUE TO CRASH,Y,,,"OVER $1,500",2/20/2022 2:07,PHYSICAL CONDITION OF DRIVER,UNABLE TO DETERMINE,4750,W,IRVING PARK RD,1722,,,,,,,1,NO INDICATION OF INJURY,0,0,0,0,0,1,0,2,1,2,41.95353056,-87.74722436,POINT (-87.747224358827 41.953530563276)
65b957f712c26d446fe9c6d34b912ea9ca1ccf7b336c277859477b9b200268945e4c0e2392e892cbe290948fb4986be1062166e42fec4de2147ad56dc6aef4b9,JF157329,,2/27/2022 2:35,35,NO CONTROLS,NO CONTROLS,CLEAR,"DARKNESS, LIGHTED ROAD",FIXED OBJECT,NOT DIVIDED,,STRAIGHT AND LEVEL,DRY,NO DEFECTS,ON SCENE,INJURY AND / OR TOW DUE TO CRASH,,,,"OVER $1,500",2/27/2022 2:35,UNABLE TO DETERMINE,NOT APPLICABLE,4038,W,47TH ST,815,,,,,,,1,NO INDICATION OF INJURY,0,0,0,0,0,2,0,2,1,2,41.80796192,-87.72505311,POINT (-87.725053112261 41.807961922345)
65c3e4f231851f36d59ae1638da882041266724b11643a0e482769341258c6a5006019fec4aeb7572860c3a674f69d118b69f5d28647391776ee23dc2fb95708,JF157514,,2/27/2022 2:41,25,STOP SIGN/FLASHER,FUNCTIONING PROPERLY,CLEAR,"DARKNESS, LIGHTED ROAD",PARKED MOTOR VEHICLE,NOT DIVIDED,,STRAIGHT AND LEVEL,DRY,NO DEFECTS,NOT ON SCENE (DESK REPORT),NO INJURY / DRIVE AWAY,,,Y,"OVER $1,500",2/27/2022 9:45,"OPERATING VEHICLE IN ERRATIC, RECKLESS, CARELESS, NEGLIGENT OR AGGRESSIVE MANNER",UNABLE TO DETERMINE,4200,S,EMERALD AVE,925,,,,,,,2,NO INDICATION OF INJURY,0,0,0,0,0,1,0,2,1,2,41.81751126,-87.64469082,POINT (-87.644690815514 41.81751126116)
ab1cfbab09969015e013e74108879afc79125cb56134bff6f9dccb89d86cf38ae84778f036d54a200654a6b00601af92318a312d0f35a63f0704133839fdec32,JF101741,,1/3/2022 2:40,30,TRAFFIC SIGNAL,FUNCTIONING PROPERLY,CLEAR,"DARKNESS, LIGHTED ROAD",FIXED OBJECT,DIVIDED - W/MEDIAN BARRIER,,CURVE ON GRADE,DRY,NO DEFECTS,ON SCENE,INJURY AND / OR TOW DUE TO CRASH,,,Y,$500 OR LESS,1/3/2022 2:40,UNABLE TO DETERMINE,UNABLE TO DETERMINE,491,E,LOWER WACKER DR,114,,,,,,,1,NO INDICATION OF INJURY,0,0,0,0,0,1,0,2,2,1,41.88726084,-87.61598653,POINT (-87.615986528428 41.887260836956)
642a07b9fcd5ef1e1253f60f4c9700210576f84dba128d05c621c698f3d0040ff2f345750c4ecfd933a0f8ef4fb2481502fe024db7d02f4fe1ba756a01b37bf5,JD190888,,3/20/2020 1:25,30,STOP SIGN/FLASHER,UNKNOWN,RAIN,"DARKNESS, LIGHTED ROAD",ANGLE,FOUR WAY,,STRAIGHT AND LEVEL,WET,NO DEFECTS,,NO INJURY / DRIVE AWAY,Y,,Y,"OVER $1,500",3/20/2020 1:32,DISREGARDING STOP SIGN,UNABLE TO DETERMINE,6900,S,CREGIER AVE,332,,,,,,,2,NO INDICATION OF INJURY,0,0,0,0,0,2,0,1,6,3,41.76965819,-87.58146424,POINT (-87.581464237292 41.769658191185)
ab42d041465d9273ef80d8de7e712b7dbe4f39bd2a380a89f7711e6c0db65f81abc8e3528cd717fc11f5502d2d6d9a517720815d9646feb587f022ed1c19c492,JD474889,Y,12/31/2020 19:05,30,TRAFFIC SIGNAL,FUNCTIONING PROPERLY,CLEAR,"DARKNESS, LIGHTED ROAD",TURNING,DIVIDED - W/MEDIAN (NOT RAISED),,STRAIGHT AND LEVEL,DRY,NO DEFECTS,,NO INJURY / DRIVE AWAY,Y,,Y,"OVER $1,500",12/31/2020 20:16,IMPROPER TURNING/NO SIGNAL,NOT APPLICABLE,6500,S,DR MARTIN LUTHER KING JR DR,312,,,,,,,2,NO INDICATION OF INJURY,0,0,0,0,0,2,0,19,5,12,41.77651062,-87.61567986,POINT (-87.615679859657 41.776510617137)
ab687659a9dbe9b3ec7c7e2c69403de395200c5c5fdfdeff7c16efb5ea36a4d6ff8ca574beb116cb0959bf8d8c6d2b47404ff59bc3225d62a8bb0e423e6697ff,JF145818,,2/16/2022 0:50,30,UNKNOWN,UNKNOWN,CLEAR,"DARKNESS, LIGHTED ROAD",TURNING,FOUR WAY,,STRAIGHT AND LEVEL,UNKNOWN,UNKNOWN,,NO INJURY / DRIVE AWAY,,,Y,"OVER $1,500",2/16/2022 1:35,DISREGARDING TRAFFIC SIGNALS,NOT APPLICABLE,6300,S,CALIFORNIA AVE,823,,,,,,,2,NO INDICATION OF INJURY,0,0,0,0,0,2,0,0,4,2,41.77901991,-87.69353548,POINT (-87.69353548242 41.779019909594)
6677dbbb567c32d97aa0d3e6d7dcb4fe3848200336e56574ee509f1248369d8694e3befaf809c448567ccb46ee46443f18efc28a20582ced8175ccf7e182175a,JF157444,,2/27/2022 5:40,30,TRAFFIC SIGNAL,FUNCTIONING PROPERLY,CLEAR,DAWN,TURNING,NOT DIVIDED,,STRAIGHT AND LEVEL,DRY,NO DEFECTS,ON SCENE,INJURY AND / OR TOW DUE TO CRASH,Y,,,"OVER $1,500",2/27/2022 5:50,UNABLE TO DETERMINE,NOT APPLICABLE,498,N,WESTERN AVE,1221,,,,N,,,2,NO INDICATION OF INJURY,0,0,0,0,0,2,0,5,1,2,41.89027349,-87.68682946,POINT (-87.686829460869 41.89027348601)
ac338d8211a617762a78a914c84ecb30f1cfc0ccfa49a1612b15e0f4082a1bf8d097f447c80df520ab0edb5fb60dcff971805928325a0e1b1570f96fbbf29929,JF164726,,3/6/2022 0:21,30,TRAFFIC SIGNAL,FUNCTIONING PROPERLY,RAIN,"DARKNESS, LIGHTED ROAD",SIDESWIPE SAME DIRECTION,FOUR WAY,,STRAIGHT AND LEVEL,WET,NO DEFECTS,ON SCENE,NO INJURY / DRIVE AWAY,Y,,,"OVER $1,500",3/6/2022 0:31,IMPROPER OVERTAKING/PASSING,UNABLE TO DETERMINE,146,N,OGDEN AVE,1224,,,,,,,2,NO INDICATION OF INJURY,0,0,0,0,0,2,0,0,1,3,41.88413918,-87.6635487,POINT (-87.66354869468 41.884139180341)
ac76a47072ab507711fc7100e8e890ee02ee2bf9dead08caeb2671663bd82552aee0a9f1dc0a1a660cafd433f1b91cfbecadc91ad0dd1c427ea5a749b2111842,JB517727,,11/16/2018 6:40,30,NO CONTROLS,NO CONTROLS,CLEAR,DAYLIGHT,REAR END,DIVIDED - W/MEDIAN BARRIER,6,STRAIGHT AND LEVEL,DRY,NO DEFECTS,ON SCENE,INJURY AND / OR TOW DUE TO CRASH,,,,"OVER $1,500",11/16/2018 6:43,FOLLOWING TOO CLOSELY,NOT APPLICABLE,488,E,LOWER WACKER DR,114,,,,,,,2,NO INDICATION OF INJURY,0,0,0,0,0,2,0,6,6,11,41.88747989,-87.61604712,POINT (-87.616047119018 41.88747988917)
51e549aec90b3df88caaf5c202f70fb6f5d31173d27fd4dbe40e3f3273f3d513562b917b92a96d96fbbab6943cea80e2efa6aec008c2bc23a099cf798112805b,,,3/28/2022 7:30,30,NO CONTROLS,NO CONTROLS,CLEAR,DAYLIGHT,REAR END,NOT DIVIDED,,STRAIGHT AND LEVEL,DRY,NO DEFECTS,NOT ON SCENE (DESK REPORT),NO INJURY / DRIVE AWAY,,,,"OVER $1,500",3/28/2022 7:50,UNABLE TO DETERMINE,UNABLE TO DETERMINE,3224,W,FOSTER AVE,1712,,,,,,,2,NO INDICATION OF INJURY,0,0,0,0,0,3,0,7,2,3,41.97584622,-87.70968163,POINT (-87.709681629785 41.975846220524)
52b69b58e0b47be1982c368c5e83df3e3db0973b76bb33e5c8f7698d53a2fd2393122e2afd508637c7ac958cc24cc4bb69aee12ca324a3264334eb6c735d2e49,,,3/28/2022 16:00,30,NO CONTROLS,NO CONTROLS,CLEAR,DAYLIGHT,SIDESWIPE SAME DIRECTION,NOT DIVIDED,,STRAIGHT AND LEVEL,DRY,NO DEFECTS,NOT ON SCENE (DESK REPORT),NO INJURY / DRIVE AWAY,,,,"OVER $1,500",3/28/2022 16:50,UNABLE TO DETERMINE,NOT APPLICABLE,73,E,LAKE ST,111,,,,,,,2,NO INDICATION OF INJURY,0,0,0,0,0,2,0,16,2,3,41.8856235,-87.62537382,POINT (-87.62537382137 41.88562349782)
57b5bda4214ff8b2f7de1900944586d4dfa4a56f760c8bdfbb40dcdc7473f752c5bf16e428e52dfd9c2ccfe070e53b51e63fa9928acbc9cf755676d9868d6674,JF187242,,3/26/2022 12:45,30,TRAFFIC SIGNAL,FUNCTIONING PROPERLY,CLEAR,DAYLIGHT,ANGLE,FOUR WAY,,STRAIGHT AND LEVEL,DRY,NO DEFECTS,ON SCENE,INJURY AND / OR TOW DUE TO CRASH,Y,,,"OVER $1,500",3/26/2022 13:01,DISREGARDING TRAFFIC SIGNALS,FAILING TO YIELD RIGHT-OF-WAY,5458,S,HALSTED ST,934,N,N,,,,,2,"REPORTED, NOT EVIDENT",1,0,0,0,1,1,0,12,7,3,41.79439796,-87.64530953,POINT (-87.645309525468 41.794397960891)
bceaecfd3d8d2b072626fd4ce128dc02768b946a341991f5a015e20a3a796b30c4a665dd9034228cbd460abc949d98245ea8b5b2dae0112d779030e32c228a3f,JF180261,,3/20/2022 10:54,30,TRAFFIC SIGNAL,FUNCTIONING PROPERLY,CLEAR,DAYLIGHT,REAR END,NOT DIVIDED,,STRAIGHT AND LEVEL,DRY,NO DEFECTS,NOT ON SCENE (DESK REPORT),NO INJURY / DRIVE AWAY,,,,"OVER $1,500",3/20/2022 11:30,FOLLOWING TOO CLOSELY,NOT APPLICABLE,5500,S,PULASKI RD,813,,,,,,,2,NO INDICATION OF INJURY,0,0,0,0,0,3,0,10,1,3,41.79315506,-87.72330377,POINT (-87.723303764642 41.793155060731)
bd7a12c28d716f18c354721aea4ff7a120e31078931fc93a858e41bcc2baad5a98696d993b8a20f5db9490a1efd8eba2c690296e502d970ef83480a69cce3fa6,JF180631,,3/20/2022 17:40,30,NO CONTROLS,NO CONTROLS,CLEAR,DAYLIGHT,REAR END,NOT DIVIDED,,STRAIGHT AND LEVEL,DRY,NO DEFECTS,ON SCENE,INJURY AND / OR TOW DUE TO CRASH,,,,"OVER $1,500",3/20/2022 17:43,FOLLOWING TOO CLOSELY,NOT APPLICABLE,3602,N,WOLCOTT AVE,1922,,Y,,,,,3,NO INDICATION OF INJURY,0,0,0,0,0,3,0,17,1,3,41.94700337,-87.67627949,POINT (-87.676279485809 41.947003367963)
adaa0671551e6969980acfbdf905897e16636a100c19327cebc637866672cd233e0823e6d93071f84c2a6c81b83938cee832bb64f5e4442aa6c52f6a86041879,JA482563,,10/23/2017 12:30,30,TRAFFIC SIGNAL,FUNCTIONING PROPERLY,RAIN,DAYLIGHT,REAR END,NOT DIVIDED,,STRAIGHT AND LEVEL,WET,NO DEFECTS,NOT ON SCENE (DESK REPORT),NO INJURY / DRIVE AWAY,Y,,,"OVER $1,500",10/23/2017 13:38,UNABLE TO DETERMINE,UNABLE TO DETERMINE,488,E,LOWER WACKER DR,114,,,,,,,2,NO INDICATION OF INJURY,0,0,0,0,0,2,0,12,2,10,41.88747989,-87.61604712,POINT (-87.616047119018 41.88747988917)
674841980029f8e40acd29e48d4c5e9cea7fdd25f20aa252b2f772748ebe2e10a31352506e62de4ebf465ec79bf846a23af000917b1c3cadcc94b4a6cc411d1c,JF157896,,2/27/2022 16:36,25,TRAFFIC SIGNAL,FUNCTIONING PROPERLY,CLEAR,DAYLIGHT,REAR END,NOT DIVIDED,,STRAIGHT AND LEVEL,DRY,NO DEFECTS,NOT ON SCENE (DESK REPORT),NO INJURY / DRIVE AWAY,,,,$500 OR LESS,2/27/2022 17:00,FOLLOWING TOO CLOSELY,FOLLOWING TOO CLOSELY,5000,S,CICERO AVE,814,,,,,,,2,NO INDICATION OF INJURY,0,0,0,0,0,3,0,16,1,2,41.80205588,-87.74314785,POINT (-87.743147853345 41.802055877794)
65a58881488ab49ede39374537cc449ad2dfc3abbcc48678f4139f1fe3ecfdc74f35760ac9ea71290e6ca6c87b953c3f034ccea8f0ceeb2bd0bc98bff59a5fe2,JF150812,,2/20/2022 19:22,20,STOP SIGN/FLASHER,FUNCTIONING PROPERLY,CLEAR,"DARKNESS, LIGHTED ROAD",TURNING,ONE-WAY,,STRAIGHT AND LEVEL,DRY,UNKNOWN,ON SCENE,INJURY AND / OR TOW DUE TO CRASH,Y,,Y,"OVER $1,500",2/20/2022 20:06,UNABLE TO DETERMINE,UNABLE TO DETERMINE,2059,N,KEELER AVE,2525,,,,,,,3,"REPORTED, NOT EVIDENT",1,0,0,0,1,1,0,19,1,2,41.91884264,-87.7313577,POINT (-87.731357695377 41.918842635176)
65b27e001492b7595f41f0f250b18717c4d5cf7bd5ecdf5041662892de7af3017c5aeab0c7053e43569117dfc46c46286fcb85fe6ffa98e81ae2001cf1ead90f,JF150954,,2/20/2022 23:20,30,NO CONTROLS,NO CONTROLS,CLEAR,"DARKNESS, LIGHTED ROAD",TURNING,NOT DIVIDED,,STRAIGHT AND LEVEL,UNKNOWN,UNKNOWN,NOT ON SCENE (DESK REPORT),NO INJURY / DRIVE AWAY,Y,,,"OVER $1,500",2/21/2022 0:30,FOLLOWING TOO CLOSELY,FOLLOWING TOO CLOSELY,5824,W,DIVERSEY AVE,2514,,,,,,,2,NO INDICATION OF INJURY,0,0,0,0,0,2,0,23,1,2,41.93130132,-87.7722616,POINT (-87.772261600145 41.931301314592)
65b80ee04c41a79f219fa0261abf944bee2ab30b4b176200c342915272fc6d37b35b7bd04056e61082d065dff7a9b2a499b873762e542730c134ba267cac75c1,JF150743,,2/20/2022 17:20,35,TRAFFIC SIGNAL,FUNCTIONING PROPERLY,CLEAR,DAYLIGHT,PEDESTRIAN,NOT DIVIDED,,STRAIGHT AND LEVEL,UNKNOWN,UNKNOWN,NOT ON SCENE (DESK REPORT),INJURY AND / OR TOW DUE TO CRASH,,,Y,"OVER $1,500",2/20/2022 19:00,DISREGARDING TRAFFIC SIGNALS,NOT APPLICABLE,200,E,ROOSEVELT RD,114,,,,,,,2,"REPORTED, NOT EVIDENT",1,0,0,0,1,2,0,17,1,2,41.86759463,-87.62249747,POINT (-87.622497473924 41.867594625045)
65c013f0ec6bb4c96b9ae039b61ce1f35788a62e6a8c49822b3704d39bd00c3e58d8e31eac33eb4f0f3b94ffd38b70fdfa1e8b25fcadb36a7a1a48fba9052a48,JF150177,,2/20/2022 5:39,30,TRAFFIC SIGNAL,FUNCTIONING PROPERLY,CLEAR,DAWN,ANGLE,FOUR WAY,,STRAIGHT AND LEVEL,SNOW OR SLUSH,UNKNOWN,ON SCENE,INJURY AND / OR TOW DUE TO CRASH,Y,,,"$501 - $1,500",2/20/2022 5:39,FAILING TO REDUCE SPEED TO AVOID CRASH,UNABLE TO DETERMINE,1600,N,CICERO AVE,2533,,,,,,,2,"REPORTED, NOT EVIDENT",1,0,0,0,1,1,0,5,1,2,41.909672,-87.7462613,POINT (-87.74626130363 41.90967200151)
bcc1257bdd17f75ece6cc46223549c056e5f22644f88850fd478807fdaffc192c19f8d188349e0c94aa627d220fd73172a2990cf2e2ac3fb153faf702b44446d,JE426741,,10/29/2021 8:00,20,NO CONTROLS,NO CONTROLS,RAIN,DAYLIGHT,PARKED MOTOR VEHICLE,NOT DIVIDED,,STRAIGHT ON GRADE,WET,NO DEFECTS,,NO INJURY / DRIVE AWAY,,,Y,"$501 - $1,500",10/29/2021 15:00,DRIVING SKILLS/KNOWLEDGE/EXPERIENCE,NOT APPLICABLE,10540,S,MORGAN ST,2232,,,,,,,2,NO INDICATION OF INJURY,0,0,0,0,0,2,0,8,6,10,41.70196704,-87.64768959,POINT (-87.647689591815 41.701967039658)
6648a864743f0f08bba43746751e8b2a8be1327554d0b43513aee07d982605e882355fe5adc4fdd40ff04cf7579be8eb45ff64021c5c8fcbb164ccedd069ee57,JF150722,,2/20/2022 17:19,30,TRAFFIC SIGNAL,FUNCTIONING PROPERLY,CLEAR,DUSK,REAR END,NOT DIVIDED,,STRAIGHT AND LEVEL,DRY,NO DEFECTS,NOT ON SCENE (DESK REPORT),INJURY AND / OR TOW DUE TO CRASH,,,,$500 OR LESS,2/20/2022 18:00,FOLLOWING TOO CLOSELY,CELL PHONE USE OTHER THAN TEXTING,1940,W,103RD ST,2213,,,,,,,2,"REPORTED, NOT EVIDENT",1,0,0,0,1,3,0,17,1,2,41.7066732,-87.67061884,POINT (-87.670618843265 41.706673202152)
6659b4533b67edbc5d0f261bf2491d2ddc86d7cbc1a6e62111c6d2b10cc1d04bba6aeae012472dd43778fb7517cf16c2134636d75e7e0413aaa6976d3258c9e8,JF150582,,2/20/2022 14:33,35,TRAFFIC SIGNAL,UNKNOWN,CLEAR,DAYLIGHT,SIDESWIPE SAME DIRECTION,CENTER TURN LANE,,STRAIGHT AND LEVEL,UNKNOWN,UNKNOWN,NOT ON SCENE (DESK REPORT),NO INJURY / DRIVE AWAY,Y,,Y,"OVER $1,500",2/20/2022 16:10,IMPROPER LANE USAGE,IMPROPER LANE USAGE,1600,W,DIVISION ST,1424,,,,,,,2,NO INDICATION OF INJURY,0,0,0,0,0,2,0,14,1,2,41.90345532,-87.66755899,POINT (-87.66755899397 41.903455316484)
adf929646a1c13abf76a43b9bc477f2a0b8e47c5b6fb13dd0f0a6dbcfdf857bb88437acf8108bc2a1312bd3afe1c963c8598c2f89a250299e5f954f36ee5ebc4,JB285980,,5/30/2018 20:35,30,TRAFFIC SIGNAL,FUNCTIONING PROPERLY,RAIN,"DARKNESS, LIGHTED ROAD",REAR END,DIVIDED - W/MEDIAN BARRIER,4,STRAIGHT AND LEVEL,WET,NO DEFECTS,ON SCENE,INJURY AND / OR TOW DUE TO CRASH,,,,"OVER $1,500",5/30/2018 20:38,WEATHER,NOT APPLICABLE,451,E,LOWER WACKER DR,114,,,,,,,2,INCAPACITATING INJURY,1,0,1,0,0,1,0,20,4,5,41.88730758,-87.61660438,POINT (-87.616604378819 41.88730758013)