CRASH_RECORD_ID,RD_NO,CRASH_DATE_EST_I,CRASH_DATE,POSTED_SPEED_LIMIT,TRAFFIC_CONTROL_DEVICE,DEVICE_CONDITION,WEATHER_CONDITION,LIGHTING_CONDITION,FIRST_CRASH_TYPE,TRAFFICWAY_TYPE,LANE_CNT,ALIGNMENT,ROADWAY_SURFACE_COND,ROAD_DEFECT,REPORT_TYPE,CRASH_TYPE,INTERSECTION_RELATED_I,NOT_RIGHT_OF_WAY_I,HIT_AND_RUN_I,DAMAGE,DATE_POLICE_NOTIFIED,PRIM_CONTRIBUTORY_CAUSE,SEC_CONTRIBUTORY_CAUSE,STREET_NO,STREET_DIRECTION,STREET_NAME,BEAT_OF_OCCURRENCE,PHOTOS_TAKEN_I,STATEMENTS_TAKEN_I,DOORING_I,WORK_ZONE_I,WORK_ZONE_TYPE,WORKERS_PRESENT_I,NUM_UNITS,MOST_SEVERE_INJURY,INJURIES_TOTAL,INJURIES_FATAL,INJURIES_INCAPACITATING,INJURIES_NON_INCAPACITATING,INJURIES_REPORTED_NOT_EVIDENT,INJURIES_NO_INDICATION,INJURIES_UNKNOWN,CRASH_HOUR,CRASH_DAY_OF_WEEK,CRASH_MONTH,LATITUDE,LONGITUDE,LOCATION
67ad038b2f454e294e9a5b4397c4cdb759f667ed3ee1562a001539c6f763df9501bb06121a221cad18e5a126458c8b5963343624bdd8b0a527ea25024f65cbbd,JD332664,,8/14/2020 18:45,30,TRAFFIC SIGNAL,FUNCTIONING PROPERLY,CLEAR,DAYLIGHT,TURNING,NOT DIVIDED,,STRAIGHT AND LEVEL,DRY,NO DEFECTS,,NO INJURY / DRIVE AWAY,,,Y,"$501 - $1,500",8/14/2020 20:11,NOT APPLICABLE,NOT APPLICABLE,8301,S,CICERO AVE,834,,,,,,,2,NO INDICATION OF INJURY,0,0,0,0,0,2,0,18,6,8,41.7418036,-87.74095358,POINT (-87.740953581987 41.741803598989)
7c86149e167670fb12e9c3eda824ab68bbba2fdb534f4964c73b6e0bb3636871c96a4059dd27e2e67e27428685c85c381f8d370f7bd0eeb4041b2d90374ed426,JE353079,,8/28/2021 13:30,25,NO CONTROLS,NO CONTROLS,CLEAR,DAYLIGHT,PARKED MOTOR VEHICLE,ONE-WAY,,STRAIGHT AND LEVEL,DRY,NO DEFECTS,,INJURY AND / OR TOW DUE TO CRASH,,,Y,"OVER $1,500",8/28/2021 13:35,UNABLE TO DETERMINE,NOT APPLICABLE,1100,W,113TH PL,2234,,,,,,,2,NO INDICATION OF INJURY,0,0,0,0,0,1,0,13,7,8,41.68773491,-87.64959185,POINT (-87.649591852873 41.687734909755)
bdb9551d7b7d1fee757be21585904c604c0d82b36e0e56e2427d4d507bd7de37b8c1b23196794928d0b5fbd1e4d9f3d74262bf2f4227b4c28db485e8383abb46,JD189779,,3/18/2020 17:27,30,TRAFFIC SIGNAL,FUNCTIONING PROPERLY,CLEAR,DAYLIGHT,PEDESTRIAN,UNKNOWN INTERSECTION TYPE,,STRAIGHT AND LEVEL,WET,NO DEFECTS,,INJURY AND / OR TOW DUE TO CRASH,Y,,,$500 OR LESS,3/18/2020 17:30,FAILING TO YIELD RIGHT-OF-WAY,"OPERATING VEHICLE IN ERRATIC, RECKLESS, CARELESS, NEGLIGENT OR AGGRESSIVE MANNER",600,N,DEARBORN ST,1832,,,,,,,2,NONINCAPACITATING INJURY,1,0,0,1,0,1,0,17,4,3,41.89248545,-87.62982444,POINT (-87.62982443971 41.892485453597)
66d7518e6241e8f29320d662c889ba467cbc33c1d355b00210be4b0dc42dd4d3dd459d09f1802dd6af73919be8f60334112923cfa91d8d74063b30dfe14a368c,JE285117,,6/30/2021 17:15,30,UNKNOWN,UNKNOWN,UNKNOWN,UNKNOWN,PARKED MOTOR VEHICLE,UNKNOWN,,STRAIGHT AND LEVEL,UNKNOWN,UNKNOWN,,NO INJURY / DRIVE AWAY,,,Y,"$501 - $1,500",6/30/2021 17:45,UNABLE TO DETERMINE,NOT APPLICABLE,6234,N,HOYNE AVE,2413,,,,,,,2,NO INDICATION OF INJURY,0,0,0,0,0,1,0,17,4,6,41.9952221,-87.68258668,POINT (-87.682586681578 41.995222103942)
680810b1d507efe86568dc9ce9ffaf453340e0574545710b06e04192d1c134c1866eaae2cb282013fc12492c5ba83351e0be36cfa64051070b4d0641d08ed15b,JD129125,,1/26/2020 5:30,20,UNKNOWN,FUNCTIONING IMPROPERLY,UNKNOWN,UNKNOWN,PARKED MOTOR VEHICLE,DIVIDED - W/MEDIAN (NOT RAISED),,STRAIGHT AND LEVEL,DRY,UNKNOWN,,NO INJURY / DRIVE AWAY,,,Y,"OVER $1,500",1/26/2020 9:51,UNABLE TO DETERMINE,UNABLE TO DETERMINE,2711,W,47TH ST,922,,,,,,,3,NO INDICATION OF INJURY,0,0,0,0,0,1,0,5,1,1,41.80820225,-87.69224277,POINT (-87.692242769761 41.808202252483)
ae346e4cb8a284e0517a4ed30073fa767c1bb7710efbdb3624ddbb4e0d9ea9f503e264b4a5c06b68168883b0b2379f78dc83b34928e139a6a6f456f617f852da,JC299530,,6/7/2019 20:00,30,TRAFFIC SIGNAL,FUNCTIONING PROPERLY,CLEAR,"DARKNESS, LIGHTED ROAD",SIDESWIPE SAME DIRECTION,FOUR WAY,,STRAIGHT AND LEVEL,DRY,NO DEFECTS,,INJURY AND / OR TOW DUE TO CRASH,N,,Y,"OVER $1,500",6/9/2019 22:45,IMPROPER OVERTAKING/PASSING,UNABLE TO DETERMINE,2800,W,BELMONT AVE,1733,,,,,,,3,INCAPACITATING INJURY,2,0,1,1,0,1,0,20,6,6,41.93950238,-87.69784937,POINT (-87.697849374016 41.939502380809)
ae46dc97f96ef77b7a8318aebeaf0642efb4576f6ef75f216243348e99a6d98820943a51beeec0f8d73a841bfe785d3478964b12d0fa6a95531fdec9724e5dd1,JC375995,,7/28/2019 10:30,30,TRAFFIC SIGNAL,FUNCTIONING PROPERLY,CLEAR,"DARKNESS, LIGHTED ROAD",SIDESWIPE SAME DIRECTION,DIVIDED - W/MEDIAN (NOT RAISED),,STRAIGHT AND LEVEL,DRY,NO DEFECTS,,NO INJURY / DRIVE AWAY,Y,,Y,$500 OR LESS,8/2/2019 21:40,UNABLE TO DETERMINE,UNABLE TO DETERMINE,1599,W,NORTH AVE,1433,,,,,,,2,NO INDICATION OF INJURY,0,0,0,0,0,2,0,10,1,7,41.91052143,-87.667629,POINT (-87.667629001071 41.910521431783)
ae7f55d6f6c59d02f9a89a3e85a09ebe888df31199af03510c2d74e837be98047ad7398b03a1a2fbed5f1994d79019597ff50102de4c0d1880deff60afdafd2c,JF167402,,3/6/2022 4:00,30,NO CONTROLS,NO CONTROLS,RAIN,"DARKNESS, LIGHTED ROAD",TURNING,NOT DIVIDED,,STRAIGHT AND LEVEL,WET,NO DEFECTS,NOT ON SCENE (DESK REPORT),NO INJURY / DRIVE AWAY,,,Y,"OVER $1,500",3/8/2022 16:15,UNABLE TO DETERMINE,UNABLE TO DETERMINE,1000,S,PULASKI RD,1132,,,,,,,2,NO INDICATION OF INJURY,0,0,0,0,0,2,0,4,1,3,41.86905781,-87.72543306,POINT (-87.725433055664 41.869057807832)
af08dd1e360b09aa892263ebe99096a2db7dfeba14ebca3a344be2dfe870016cf04523c59975590fc205587ddd1624d804932177025082e500f5b0f25072abe0,JF165411,,3/6/2022 17:42,20,NO CONTROLS,NO CONTROLS,CLEAR,DUSK,SIDESWIPE SAME DIRECTION,ONE-WAY,,STRAIGHT AND LEVEL,DRY,NO DEFECTS,NOT ON SCENE (DESK REPORT),NO INJURY / DRIVE AWAY,,,,"$501 - $1,500",3/6/2022 17:42,"OPERATING VEHICLE IN ERRATIC, RECKLESS, CARELESS, NEGLIGENT OR AGGRESSIVE MANNER",UNABLE TO DETERMINE,2622,N,MARMORA AVE,2514,,,,,,,2,NO INDICATION OF INJURY,0,0,0,0,0,2,0,17,1,3,41.92822737,-87.77358123,POINT (-87.773581230808 41.928227367768)
beb6342695945271f57101de099d00f9e83322600144dd3cd635e2ee6f0a228da07f43ed66a0316189727154e67f4d13ea048436e0620f824c9003b225ce0b98,JF180253,,3/20/2022 11:10,30,NO CONTROLS,NO CONTROLS,CLEAR,DAYLIGHT,FIXED OBJECT,DIVIDED - W/MEDIAN (NOT RAISED),,STRAIGHT AND LEVEL,DRY,NO DEFECTS,ON SCENE,INJURY AND / OR TOW DUE TO CRASH,,,,"OVER $1,500",3/20/2022 11:14,ROAD ENGINEERING/SURFACE/MARKING DEFECTS,NOT APPLICABLE,1730,W,WEBSTER AVE,1432,,,,,,,1,NO INDICATION OF INJURY,0,0,0,0,0,1,0,11,1,3,41.92160602,-87.67179556,POINT (-87.671795563869 41.921606021176)
af1911e119a67eff6f33d766c5b08662349b7bf85158430983fded86b49efd47d6b76223d7e9936252541c479ced629c80c9c93b048888fded128be744b23ec8,JA117860,,1/15/2017 6:43,30,TRAFFIC SIGNAL,FUNCTIONING PROPERLY,CLEAR,DARKNESS,REAR END,ONE-WAY,2,STRAIGHT AND LEVEL,DRY,NO DEFECTS,NOT ON SCENE (DESK REPORT),NO INJURY / DRIVE AWAY,,,,"OVER $1,500",1/16/2017 12:00,UNABLE TO DETERMINE,NOT APPLICABLE,488,E,LOWER WACKER DR,114,,,,,,,2,NO INDICATION OF INJURY,0,0,0,0,0,4,0,6,1,1,41.88747989,-87.61604712,POINT (-87.616047119018 41.88747988917)
af1b46fdb041ecdb3eb083b5149e5312ca2a287e7bd9b3ec5ba5c9e425aebdb6c59988e0b345b050beea5c5f82e430fd27777f05c5a8f3013e20add48a88f408,JD364727,,9/12/2020 10:15,30,TRAFFIC SIGNAL,FUNCTIONING PROPERLY,RAIN,DAYLIGHT,OTHER OBJECT,T-INTERSECTION,,STRAIGHT AND LEVEL,WET,NO DEFECTS,ON SCENE,INJURY AND / OR TOW DUE TO CRASH,Y,,,"OVER $1,500",9/12/2020 10:27,WEATHER,EQUIPMENT - VEHICLE CONDITION,488,E,LOWER WACKER DR,114,,,,Y,CONSTRUCTION,,1,NO INDICATION OF INJURY,0,0,0,0,0,1,0,10,7,9,41.88747989,-87.61604712,POINT (-87.616047119018 41.88747988917)
6970421b0d705422d9da7138a3056d5c3b723d3f69d269065dc5caafb5a2f3c5102a8becc05ed1f00e0b543c572bc6a9aec91323a87e2bfe82eeeb2e212fbf14,JF157283,Y,2/27/2022 1:01,30,NO CONTROLS,NO CONTROLS,CLEAR,"DARKNESS, LIGHTED ROAD",TURNING,NOT DIVIDED,,STRAIGHT AND LEVEL,DRY,NO DEFECTS,ON SCENE,NO INJURY / DRIVE AWAY,,,,"OVER $1,500",2/27/2022 1:01,UNABLE TO DETERMINE,NOT APPLICABLE,3930,S,WESTERN AVE,921,,,,,,,2,NO INDICATION OF INJURY,0,0,0,0,0,3,0,1,1,2,41.82210682,-87.68493951,POINT (-87.684939506702 41.822106823645)
b7019f8c7a95bba37030021be7ee7a851b7a3d79f28e34e3bbbdab7d5c2d820d76938b424c69b2d56ece5272ce534c758c15d7d92ecb821d8b9460e56cf7e4a8,JF187358,,3/26/2022 14:36,30,NO CONTROLS,NO CONTROLS,CLEAR,DAYLIGHT,REAR END,DIVIDED - W/MEDIAN BARRIER,,STRAIGHT AND LEVEL,DRY,NO DEFECTS,ON SCENE,INJURY AND / OR TOW DUE TO CRASH,,,,"OVER $1,500",3/26/2022 14:38,UNABLE TO DETERMINE,UNABLE TO DETERMINE,1717,W,LAWRENCE AVE,1912,,,,,,,3,NONINCAPACITATING INJURY,3,0,0,3,0,3,0,14,7,3,41.96874321,-87.67176419,POINT (-87.671764188822 41.968743209118)
69564fd7311c63cdfdf4eeed498246c5d66846e4b08f4c23f84bf2402b68ee1c67cd5df99530c8f36962413058cbc857082fb912f44be8ad3c61daba042e7cf9,JF150830,,2/20/2022 19:45,30,NO CONTROLS,NO CONTROLS,CLEAR,"DARKNESS, LIGHTED ROAD",TURNING,T-INTERSECTION,,STRAIGHT AND LEVEL,DRY,NO DEFECTS,NOT ON SCENE (DESK REPORT),NO INJURY / DRIVE AWAY,Y,,Y,"OVER $1,500",2/20/2022 20:00,UNABLE TO DETERMINE,UNABLE TO DETERMINE,3501,N,SHEFFIELD AVE,1924,,,,,,,2,NO INDICATION OF INJURY,0,0,0,0,0,2,0,19,1,2,41.94549015,-87.65412646,POINT (-87.654126461864 41.945490152091)
6abe5427eef2bb79ead0ea8452e36c80a0248b5a8e7ec42b4980aae09407a08d577a82eb0602de94ab05c58aaadb1821454917e4f4498a54209b008319912458,JF159847,,2/27/2022 12:00,30,NO CONTROLS,NO CONTROLS,CLEAR,DARKNESS,OTHER OBJECT,NOT DIVIDED,,STRAIGHT AND LEVEL,ICE,NO DEFECTS,NOT ON SCENE (DESK REPORT),INJURY AND / OR TOW DUE TO CRASH,,,,"$501 - $1,500",3/1/2022 14:28,NOT APPLICABLE,NOT APPLICABLE,4501,S,PULASKI RD,821,,,,,,,1,NO INDICATION OF INJURY,0,0,0,0,0,1,0,12,1,2,41.81145154,-87.72357465,POINT (-87.72357465442 41.811451542236)
6b3e8884876c4a349561164ad844d8f49a2475d72d5225e822c832ffa2e3b9dddf1ab6b6ce70d454c2d9dda8ac5f663f290a14f659b2e8087e35c50a1253b565,JF157278,,2/27/2022 0:51,15,NO CONTROLS,NO CONTROLS,SNOW,"DARKNESS, LIGHTED ROAD",FIXED OBJECT,ALLEY,,STRAIGHT AND LEVEL,SNOW OR SLUSH,NO DEFECTS,ON SCENE,NO INJURY / DRIVE AWAY,,,,"OVER $1,500",2/27/2022 1:15,UNABLE TO DETERMINE,UNABLE TO DETERMINE,3901,W,62ND ST,823,,,,,,,1,NO INDICATION OF INJURY,0,0,0,0,0,1,0,0,1,2,41.78040368,-87.72044839,POINT (-87.720448388842 41.780403675282)
6b78715c13431e44b93416c6217069b7265ddeb059ea409efc0007aa4aa6fa7e3111eec750179f23d41e61ce3800401141ed44e7f25358525157c759f3489dbc,JF157947,,2/27/2022 17:43,30,TRAFFIC SIGNAL,FUNCTIONING PROPERLY,CLEAR,"DARKNESS, LIGHTED ROAD",TURNING,DIVIDED - W/MEDIAN BARRIER,,STRAIGHT AND LEVEL,DRY,UNKNOWN,ON SCENE,INJURY AND / OR TOW DUE TO CRASH,Y,,,"OVER $1,500",2/27/2022 17:45,UNABLE TO DETERMINE,UNABLE TO DETERMINE,1605,E,87TH ST,412,,,,,,,2,NO INDICATION OF INJURY,0,0,0,0,0,2,0,17,1,2,41.73681364,-87.5849285,POINT (-87.584928500799 41.736813639065)
6a8d2f005fa1ae17cb8a9f349d92a02425f20650ae69bf07dc6e6a51bcdb64b175e4300f18a76da6a058d1491aacc91df9f1f3b86d3e426ed6049cba52cc7ad8,JE424336,,10/27/2021 13:00,30,TRAFFIC SIGNAL,FUNCTIONING PROPERLY,CLEAR,DAYLIGHT,TURNING,DIVIDED - W/MEDIAN (NOT RAISED),,STRAIGHT AND LEVEL,DRY,NO DEFECTS,,NO INJURY / DRIVE AWAY,,,,"OVER $1,500",10/27/2021 14:05,IMPROPER TURNING/NO SIGNAL,UNABLE TO DETERMINE,9100,S,STONY ISLAND AVE,413,,,,,,,2,NO INDICATION OF INJURY,0,0,0,0,0,2,0,13,4,10,41.72951813,-87.58563641,POINT (-87.585636408538 41.729518128388)
b09eac521cd8721484ac5d40b77d37215c515439597ed45ffe2830ff164ad33ca79f817627fea893665ad544ecef955f67c3831c717e972dfd2b7e9bd9780f87,JD408342,,10/23/2020 9:40,30,TRAFFIC SIGNAL,FUNCTIONING IMPROPERLY,RAIN,DAYLIGHT,TURNING,ONE-WAY,,STRAIGHT AND LEVEL,WET,NO DEFECTS,,NO INJURY / DRIVE AWAY,Y,,,"OVER $1,500",10/23/2020 9:43,IMPROPER TURNING/NO SIGNAL,NOT APPLICABLE,430,N,WELLS ST,1831,,,,,,,2,NO INDICATION OF INJURY,0,0,0,0,0,3,0,9,6,10,41.89002091,-87.63417616,POINT (-87.634176162615 41.890020908064)
b0f9cefb17a89ef515b664500ca43146ccb8e7c2442bd6b946dfbf5119925f19cb471c547a0ddd5bca3bfd39c9788392002f274531496ecc8a5af3c54f9765b0,JF170321,,3/6/2022 20:15,45,NO CONTROLS,NO CONTROLS,CLEAR,"DARKNESS, LIGHTED ROAD",SIDESWIPE SAME DIRECTION,ONE-WAY,,STRAIGHT AND LEVEL,DRY,NO DEFECTS,NOT ON SCENE (DESK REPORT),NO INJURY / DRIVE AWAY,,,,"OVER $1,500",3/11/2022 11:20,UNABLE TO DETERMINE,NOT APPLICABLE,500,S,LAKE SHORE DR SB,114,,,,,,,2,NO INDICATION OF INJURY,0,0,0,0,0,2,0,20,1,3,41.87575626,-87.61751568,POINT (-87.617515679751 41.875756255241)
b7eec8cf0794844e7fcb726428ad76d8e8c405df5b2ed13adf12660d72bc6afa4a365840c75fecacd74be11056f2203dcfbba5d9ae9dcb3407ce9edd952d1079,JF187188,,3/26/2022 11:45,30,STOP SIGN/FLASHER,FUNCTIONING PROPERLY,CLEAR,DAYLIGHT,REAR END,NOT DIVIDED,,STRAIGHT AND LEVEL,DRY,NO DEFECTS,NOT ON SCENE (DESK REPORT),NO INJURY / DRIVE AWAY,Y,,,"OVER $1,500",3/26/2022 11:55,DISTRACTION - FROM OUTSIDE VEHICLE,FAILING TO REDUCE SPEED TO AVOID CRASH,660,W,DIVISION ST,1822,,,,,,,3,NO INDICATION OF INJURY,0,0,0,0,0,3,0,11,7,3,41.90378796,-87.64557987,POINT (-87.645579869212 41.903787958861)
b810bd884b8150be6ae6fe2ac7ea52f25410c4581b64a3e4e4975220c09686f5cadadf452e53c11e5352fd7e377c69f7cf936642a1535b5e5730b355844a580f,JF187646,,3/26/2022 20:25,30,TRAFFIC SIGNAL,FUNCTIONING PROPERLY,CLEAR,"DARKNESS, LIGHTED ROAD",TURNING,FOUR WAY,,STRAIGHT AND LEVEL,DRY,UNKNOWN,NOT ON SCENE (DESK REPORT),NO INJURY / DRIVE AWAY,Y,,,"$501 - $1,500",3/26/2022 20:50,UNABLE TO DETERMINE,UNABLE TO DETERMINE,700,S,CICERO AVE,1533,,,,,,,2,NO INDICATION OF INJURY,0,0,0,0,0,3,0,20,7,3,41.87205805,-87.74507934,POINT (-87.745079343101 41.872058050459)
c1c51dfbf6e2e083b458a6973d022de31fde55d3953d722ae16499b1e41a05a8f66c7985be02b63714f42aaaac6e1db2d5489233ad6d8b89b47b1296866f67f6,JF180727,,3/20/2022 14:00,30,TRAFFIC SIGNAL,FUNCTIONING PROPERLY,CLEAR,DAYLIGHT,REAR END,ONE-WAY,,STRAIGHT AND LEVEL,DRY,UNKNOWN,NOT ON SCENE (DESK REPORT),NO INJURY / DRIVE AWAY,,,,"OVER $1,500",3/20/2022 19:45,FOLLOWING TOO CLOSELY,UNABLE TO DETERMINE,4000,N,KEELER AVE,1722,,,,,,,2,NO INDICATION OF INJURY,0,0,0,0,0,2,0,14,1,3,41.95361273,-87.73262104,POINT (-87.73262103929 41.953612728673)
6c8c855f071b0bd04d9742c64312a67f28dba8e20c81b61d415cb46faf32dddf884fa3695cde40905ddfc9985d1026cbcba9dd4928185e06f80ff9b5abb716f6,JF159638,,2/27/2022 2:30,30,NO CONTROLS,NO CONTROLS,CLEAR,"DARKNESS, LIGHTED ROAD",PARKED MOTOR VEHICLE,ONE-WAY,,STRAIGHT AND LEVEL,DRY,NO DEFECTS,NOT ON SCENE (DESK REPORT),NO INJURY / DRIVE AWAY,,,Y,"$501 - $1,500",3/1/2022 11:29,UNABLE TO DETERMINE,UNABLE TO DETERMINE,1524,E,69TH ST,332,,,,,,,2,NO INDICATION OF INJURY,0,0,0,0,0,1,0,2,1,2,41.76980108,-87.58690622,POINT (-87.586906215289 41.769801080602)
b841891f79eaae57b1301619017de7944946855a9d272a51c23d9633ca53e855d982460ebe0a2d72b9edff5faf88199defd88ba7c3afec6ddc7d42e3b64d708b,JF187353,,3/26/2022 13:30,30,NO CONTROLS,NO CONTROLS,CLEAR,DAYLIGHT,TURNING,OTHER,,STRAIGHT AND LEVEL,DRY,NO DEFECTS,NOT ON SCENE (DESK REPORT),NO INJURY / DRIVE AWAY,,,,"OVER $1,500",3/26/2022 15:10,FAILING TO YIELD RIGHT-OF-WAY,NOT APPLICABLE,1645,W,FULLERTON AVE,1811,,,,,,,2,NO INDICATION OF INJURY,0,0,0,0,0,2,0,13,7,3,41.92501842,-87.66989253,POINT (-87.669892533399 41.925018423048)
6b8c47be0e96fb5fd2dd07283e2dfca533611542e3119e72539924bfc4b7dc9d44652dbb11f7d09f524b4d0ea91897a22873142d0e0a2b8aa732827d9259680f,JF150283,Y,2/20/2022 10:37,30,TRAFFIC SIGNAL,FUNCTIONING PROPERLY,CLEAR,DAYLIGHT,REAR END,DIVIDED - W/MEDIAN (NOT RAISED),,STRAIGHT AND LEVEL,DRY,NO DEFECTS,ON SCENE,INJURY AND / OR TOW DUE TO CRASH,N,,,"OVER $1,500",2/20/2022 10:37,PHYSICAL CONDITION OF DRIVER,PHYSICAL CONDITION OF DRIVER,8511,S,JEFFERY BLVD,412,,,,,,,4,NONINCAPACITATING INJURY,3,0,0,1,2,0,0,10,1,2,41.74032264,-87.57562355,POINT (-87.57562355364 41.740322635708)
b1f43e7bc6b305a0becc1f1e128778449785188a14e844449d3f34a5cc1b81e4f173776bfb2c565c986611f354a8401a1fe7f588c94625c480971484e6c91739,JF165321,,3/6/2022 15:00,30,NO CONTROLS,NO CONTROLS,CLEAR,DAYLIGHT,PARKED MOTOR VEHICLE,ONE-WAY,,STRAIGHT AND LEVEL,DRY,NO DEFECTS,NOT ON SCENE (DESK REPORT),NO INJURY / DRIVE AWAY,,,Y,"$501 - $1,500",3/6/2022 17:00,NOT APPLICABLE,NOT APPLICABLE,2721,N,MONTICELLO AVE,2524,,,,,,,2,NO INDICATION OF INJURY,0,0,0,0,0,1,0,15,1,3,41.93073753,-87.71824197,POINT (-87.718241972618 41.930737528221)
b2006627402bca6d96255bf0e78ee0b16f3df5a074b1bad818b4813a4364f43fb6b7a56ac901f6e0f2dea993aeac640c4c6758216c9a6fbb45f7d607f7d88228,JC342826,,7/10/2019 10:10,30,UNKNOWN,UNKNOWN,UNKNOWN,UNKNOWN,REAR END,UNKNOWN,,STRAIGHT AND LEVEL,UNKNOWN,UNKNOWN,NOT ON SCENE (DESK REPORT),NO INJURY / DRIVE AWAY,Y,,,"$501 - $1,500",7/10/2019 14:30,UNABLE TO DETERMINE,UNABLE TO DETERMINE,450,E,LOWER WACKER DR,114,,,,,,,2,NO INDICATION OF INJURY,0,0,0,0,0,2,0,10,4,7,41.88752738,-87.61659991,POINT (-87.616599909647 41.887527382373)
c230164247bd7931aef55b3684bf2caa334558a522e7a8fb0320ed08db6c581962ebf984f0657daf061c41d753e25cc96361cdec5e76c09a3ddc7aa46fc8be66,JF181351,,3/20/2022 11:30,30,NO CONTROLS,NO CONTROLS,CLEAR,DAYLIGHT,REAR END,NOT DIVIDED,,STRAIGHT AND LEVEL,DRY,NO DEFECTS,NOT ON SCENE (DESK REPORT),NO INJURY / DRIVE AWAY,,,,"OVER $1,500",3/21/2022 11:40,FOLLOWING TOO CLOSELY,UNABLE TO DETERMINE,6944,W,ARCHER AVE,811,,,,,,,2,NO INDICATION OF INJURY,0,0,0,0,0,2,0,11,1,3,41.7921856,-87.79580847,POINT (-87.795808468447 41.792185597969)
6d9048752b8b4fce2437a8b6ae029ba8261f684b832867df211e62425c6c8a5a0a2e44c0b5405dd88cb52157775dcf714d455b15c4dc6b43793f134f40c48892,JF160142,,2/28/2022 0:00,30,NO CONTROLS,NO CONTROLS,CLEAR,"DARKNESS, LIGHTED ROAD",PARKED MOTOR VEHICLE,NOT DIVIDED,,STRAIGHT AND LEVEL,DRY,NO DEFECTS,NOT ON SCENE (DESK REPORT),NO INJURY / DRIVE AWAY,,,Y,"OVER $1,500",3/1/2022 18:15,UNABLE TO DETERMINE,NOT APPLICABLE,7256,S,YATES BLVD,334,,,,,,,2,NO INDICATION OF INJURY,0,0,0,0,0,1,0,0,2,2,41.76276468,-87.56660031,POINT (-87.566600306204 41.762764683093)
6ce3bb5953f253839dbbc5cbe8a2ec4c44bf2ba286ff546662dae18453502eb1be230f2082da712ed7bd37c71946625e54b29ecedac95d9048a908b92a0ff8a9,JF150296,,2/20/2022 10:44,30,NO CONTROLS,NO CONTROLS,CLEAR,DAYLIGHT,PARKED MOTOR VEHICLE,PARKING LOT,,STRAIGHT AND LEVEL,DRY,NO DEFECTS,ON SCENE,NO INJURY / DRIVE AWAY,,,Y,"$501 - $1,500",2/20/2022 10:45,DRIVING SKILLS/KNOWLEDGE/EXPERIENCE,UNABLE TO DETERMINE,2620,W,PERSHING RD,911,,,,,,,2,NO INDICATION OF INJURY,0,0,0,0,0,1,0,10,1,2,41.82296922,-87.690734,POINT (-87.690733999798 41.822969222068)
6db6e6a9b23915fc96dddbf16dfb52bdf638c90726a726fa5d6d93c61705f1f3d0bd739676c61f1f4b75f6500672160da5f761c69b805d1a3f2b4a3a8a5bfb26,JF150606,,2/20/2022 15:45,35,TRAFFIC SIGNAL,FUNCTIONING PROPERLY,CLEAR,DUSK,TURNING,DIVIDED - W/MEDIAN (NOT RAISED),,STRAIGHT AND LEVEL,DRY,NO DEFECTS,NOT ON SCENE (DESK REPORT),NO INJURY / DRIVE AWAY,Y,,,$500 OR LESS,2/20/2022 16:30,IMPROPER OVERTAKING/PASSING,UNABLE TO DETERMINE,2700,S,DR MARTIN LUTHER KING JR DR,133,,,,,,,2,NO INDICATION OF INJURY,0,0,0,0,0,2,0,15,1,2,41.84430651,-87.6177811,POINT (-87.617781099611 41.844306513439)
6d3f8a018f3aef9c5adbc7071e5b1f2788d08edbaadf77c9338d46e921bd072cfee3994ce4775cadbc02c1c59b3426f44668a64b18bed892ecc4e3cf66e457ea,JE406137,,10/11/2021 14:45,30,NO CONTROLS,NO CONTROLS,RAIN,DAYLIGHT,OTHER OBJECT,NOT DIVIDED,,STRAIGHT AND LEVEL,WET,NO DEFECTS,,INJURY AND / OR TOW DUE TO CRASH,,,,"OVER $1,500",10/11/2021 14:46,UNABLE TO DETERMINE,NOT APPLICABLE,1301,N,CICERO AVE,2533,,,,,,,1,INCAPACITATING INJURY,1,0,1,0,0,0,0,14,2,10,41.90422055,-87.74585862,POINT (-87.745858618766 41.904220553407)
6eaf768edc8e724e5322a998a95e41e2d35de46c78a103e96949ef096cd66e87b7cca753db1e72943f97641836b60ee7118e04c4363ffba931b2241e503e277e,JF157427,,2/27/2022 5:40,30,TRAFFIC SIGNAL,FUNCTIONING PROPERLY,CLEAR,DAWN,ANGLE,DRIVEWAY,,STRAIGHT AND LEVEL,DRY,NO DEFECTS,ON SCENE,INJURY AND / OR TOW DUE TO CRASH,Y,,,"OVER $1,500",2/27/2022 6:06,DISREGARDING TRAFFIC SIGNALS,FAILING TO YIELD RIGHT-OF-WAY,1198,N,ELSTON AVE,1213,,,,,,,2,NONINCAPACITATING INJURY,3,0,0,3,0,0,0,5,1,2,41.90333116,-87.65835727,POINT (-87.658357270674 41.903331156676)