CRASH_RECORD_ID,RD_NO,CRASH_DATE_EST_I,CRASH_DATE,POSTED_SPEED_LIMIT,TRAFFIC_CONTROL_DEVICE,DEVICE_CONDITION,WEATHER_CONDITION,LIGHTING_CONDITION,FIRST_CRASH_TYPE,TRAFFICWAY_TYPE,LANE_CNT,ALIGNMENT,ROADWAY_SURFACE_COND,ROAD_DEFECT,REPORT_TYPE,CRASH_TYPE,INTERSECTION_RELATED_I,NOT_RIGHT_OF_WAY_I,HIT_AND_RUN_I,DAMAGE,DATE_POLICE_NOTIFIED,PRIM_CONTRIBUTORY_CAUSE,SEC_CONTRIBUTORY_CAUSE,STREET_NO,STREET_DIRECTION,STREET_NAME,BEAT_OF_OCCURRENCE,PHOTOS_TAKEN_I,STATEMENTS_TAKEN_I,DOORING_I,WORK_ZONE_I,WORK_ZONE_TYPE,WORKERS_PRESENT_I,NUM_UNITS,MOST_SEVERE_INJURY,INJURIES_TOTAL,INJURIES_FATAL,INJURIES_INCAPACITATING,INJURIES_NON_INCAPACITATING,INJURIES_REPORTED_NOT_EVIDENT,INJURIES_NO_INDICATION,INJURIES_UNKNOWN,CRASH_HOUR,CRASH_DAY_OF_WEEK,CRASH_MONTH,LATITUDE,LONGITUDE,LOCATION
c527d339ff9a68d235399a162a6bcfc9cf2d3c70df4662932c7ce459bb64c3a1acefb0e88d4d446860fa325b649bce7b7e815ae58d73127119fa313bdf06ddfe,JF180201,,3/20/2022 10:15,30,NO CONTROLS,NO CONTROLS,CLEAR,DAYLIGHT,SIDESWIPE OPPOSITE DIRECTION,DIVIDED - W/MEDIAN (NOT RAISED),,STRAIGHT AND LEVEL,DRY,NO DEFECTS,NOT ON SCENE (DESK REPORT),NO INJURY / DRIVE AWAY,,,,"OVER $1,500",3/20/2022 10:25,FAILING TO YIELD RIGHT-OF-WAY,FAILING TO REDUCE SPEED TO AVOID CRASH,4201,N,MILWAUKEE AVE,1624,,,,,,,2,NO INDICATION OF INJURY,0,0,0,0,0,2,0,10,1,3,41.95712671,-87.75126902,POINT (-87.751269014662 41.957126707381)
b98cd8f77adf5c85aa00c8442191ea7b565be1d161f1942a051f323ec76dfff77bc2a0dd3b450265f68c0011d7f3a09fc6292561f74a8f1d30a29ed097af3064,JF187391,,3/26/2022 15:00,30,NO CONTROLS,NO CONTROLS,CLEAR,DAYLIGHT,REAR END,NOT DIVIDED,,STRAIGHT AND LEVEL,DRY,NO DEFECTS,NOT ON SCENE (DESK REPORT),NO INJURY / DRIVE AWAY,,,,"OVER $1,500",3/26/2022 15:45,FOLLOWING TOO CLOSELY,FAILING TO REDUCE SPEED TO AVOID CRASH,4700,S,MARSHFIELD AVE,931,,,,,,,2,NO INDICATION OF INJURY,0,0,0,0,0,2,0,15,7,3,41.8085628,-87.66633008,POINT (-87.666330077505 41.808562800594)
b926ea18675362d2a39391f83382037d362774067326fb2e8d631cef19f0118da77473781f7a38c12a8401ac71ce3d9f8f1e59bba7d01b3f88ee3e42e5c689f6,JE184400,,3/30/2021 15:10,20,STOP SIGN/FLASHER,NO CONTROLS,CLEAR,DAYLIGHT,ANGLE,FOUR WAY,,STRAIGHT AND LEVEL,DRY,NO DEFECTS,,INJURY AND / OR TOW DUE TO CRASH,Y,,,"OVER $1,500",3/30/2021 15:17,FAILING TO YIELD RIGHT-OF-WAY,UNABLE TO DETERMINE,1230,N,LECLAIRE AVE,2533,N,,,,,,2,NONINCAPACITATING INJURY,3,0,0,2,1,7,0,15,3,3,41.90313439,-87.75349131,POINT (-87.753491310122 41.903134386383)
6f6384eb508da14959b65fdfd0b3f758025d6562a6987e81737878aae937e10ae889103bb3b865ddb4e99e275346c6f1be7164dbb27054a4b2cc8f2b0612e202,JF157392,N,2/27/2022 4:25,40,NO CONTROLS,NO CONTROLS,CLEAR,"DARKNESS, LIGHTED ROAD",PARKED MOTOR VEHICLE,DIVIDED - W/MEDIAN (NOT RAISED),,STRAIGHT AND LEVEL,UNKNOWN,UNKNOWN,ON SCENE,INJURY AND / OR TOW DUE TO CRASH,,,,"OVER $1,500",2/27/2022 4:30,UNABLE TO DETERMINE,UNABLE TO DETERMINE,2545,W,PETERSON AVE,2011,,,,,,,2,NO INDICATION OF INJURY,0,0,0,0,0,1,0,4,1,2,41.99036411,-87.69392434,POINT (-87.69392433547 41.990364113756)
6ef657a06fa72aeb60e79648c5075f17a292f2bb19794d9ee8c00440cb521045a3c45bc64a1c9b1321014073b08056d819847ac4405f71e08a73a6474539c193,JE165056,,3/10/2021 15:43,35,NO CONTROLS,NO CONTROLS,CLEAR,DAYLIGHT,REAR END,NOT DIVIDED,,STRAIGHT ON GRADE,DRY,NO DEFECTS,,NO INJURY / DRIVE AWAY,,,,"$501 - $1,500",3/10/2021 15:49,FOLLOWING TOO CLOSELY,NOT APPLICABLE,2614,W,111TH ST,2212,,,,,,,2,NO INDICATION OF INJURY,0,0,0,0,0,3,0,15,4,3,41.69184592,-87.68659634,POINT (-87.686596337082 41.6918459215)
c53b3849fd302b568bea76612efb2753909ef9528eb989da439ced311694907a4de16c0e6592a98090b731e25e33cbb646d87de485418ef8138a39bf50f88db3,JF180716,,3/20/2022 19:23,30,NO CONTROLS,NO CONTROLS,CLEAR,DARKNESS,REAR END,NOT DIVIDED,,STRAIGHT AND LEVEL,DRY,UNKNOWN,ON SCENE,NO INJURY / DRIVE AWAY,,,,"OVER $1,500",3/20/2022 19:25,DISTRACTION - FROM INSIDE VEHICLE,FAILING TO REDUCE SPEED TO AVOID CRASH,932,W,WILSON AVE,1914,,,,,,,3,NO INDICATION OF INJURY,0,0,0,0,0,3,0,19,1,3,41.96555539,-87.65370753,POINT (-87.653707526216 41.965555391103)
70176ada99be0ad64b6eb543267e16470df6c0fe61d8175dc336392eaf3a21e60952c08ae292a3d2db22a8bbe78d029a4a082b14c5031747e77ce858611595e3,JF150112,,2/20/2022 1:44,30,STOP SIGN/FLASHER,FUNCTIONING PROPERLY,CLEAR,"DARKNESS, LIGHTED ROAD",REAR END,FOUR WAY,,STRAIGHT AND LEVEL,DRY,NO DEFECTS,NOT ON SCENE (DESK REPORT),NO INJURY / DRIVE AWAY,Y,,Y,"$501 - $1,500",2/20/2022 2:35,UNABLE TO DETERMINE,UNABLE TO DETERMINE,3229,N,OCONTO AVE,1631,,,,,,,2,NO INDICATION OF INJURY,0,0,0,0,0,4,0,1,1,2,41.93886392,-87.80784086,POINT (-87.807840858114 41.938863924196)
7030fac5145f8418e2c152f0c6306358d82f4029f741b7a881b4569479e2106d630c0ba106d6eb0f5f82f9fc1b52af185cce58a6c13302e789b1c5c18daff0b6,JF157880,,2/27/2022 16:05,30,TRAFFIC SIGNAL,FUNCTIONING PROPERLY,CLEAR,DAYLIGHT,SIDESWIPE SAME DIRECTION,NOT DIVIDED,,STRAIGHT AND LEVEL,DRY,NO DEFECTS,NOT ON SCENE (DESK REPORT),NO INJURY / DRIVE AWAY,Y,,Y,"OVER $1,500",2/27/2022 16:45,IMPROPER LANE USAGE,IMPROPER LANE USAGE,2,E,ROOSEVELT RD,123,,,,,,,2,NO INDICATION OF INJURY,0,0,0,0,0,2,0,16,1,2,41.86752386,-87.62738386,POINT (-87.627383863898 41.867523858508)
b4d1f5fa55e9837bd9739f3c13289093a01777d0dff04112047042927f34da73b05353f076e7b68bc0fbac3ca345630353584fd3e7429b8cc36965207a77223b,JF166445,,3/6/2022 4:00,30,NO CONTROLS,NO CONTROLS,CLEAR,"DARKNESS, LIGHTED ROAD",PARKED MOTOR VEHICLE,DIVIDED - W/MEDIAN (NOT RAISED),,STRAIGHT AND LEVEL,DRY,NO DEFECTS,NOT ON SCENE (DESK REPORT),NO INJURY / DRIVE AWAY,,,Y,"OVER $1,500",3/7/2022 17:15,UNABLE TO DETERMINE,UNABLE TO DETERMINE,4849,W,GRAND AVE,2533,,,,,,,2,NO INDICATION OF INJURY,0,0,0,0,0,1,0,4,1,3,41.91429978,-87.74798667,POINT (-87.747986665886 41.914299783263)
7087a392ef913a94f0fb37fe1f4d8430f2849c26f89083ccfae0b25222235702eb1c745e3642d877506c2b9876e82836c37b7744095f5ac8e24dffa36563c6ea,JF150624,,2/20/2022 16:20,30,TRAFFIC SIGNAL,FUNCTIONING PROPERLY,CLEAR,DAYLIGHT,TURNING,DIVIDED - W/MEDIAN (NOT RAISED),,STRAIGHT AND LEVEL,DRY,NO DEFECTS,ON SCENE,NO INJURY / DRIVE AWAY,,,,"OVER $1,500",2/20/2022 16:34,IMPROPER TURNING/NO SIGNAL,NOT APPLICABLE,15,W,87TH ST,634,,,,,,,2,NO INDICATION OF INJURY,0,0,0,0,0,2,0,16,1,2,41.73617002,-87.62501116,POINT (-87.625011156926 41.736170020176)
710e2a3d970e4e86b836794ad01b196c68e941490a76427e654ad1611a5977cce33f9a584d62b3ea3116a8af95fb516745fd3a52f537f7014a1aba193a1e83ed,JF157565,,2/27/2022 10:35,30,STOP SIGN/FLASHER,FUNCTIONING PROPERLY,CLEAR,DAYLIGHT,ANGLE,OTHER,,STRAIGHT AND LEVEL,DRY,NO DEFECTS,ON SCENE,INJURY AND / OR TOW DUE TO CRASH,Y,,,"OVER $1,500",2/27/2022 10:37,DISREGARDING STOP SIGN,NOT APPLICABLE,2800,W,54TH ST,923,,,,,,,4,NO INDICATION OF INJURY,0,0,0,0,0,3,0,10,1,2,41.79562424,-87.69391287,POINT (-87.693912869177 41.795624238618)
c672c327eedcfd75feb8de6e528430aecf0dc1e0abb3e117cd7dc5ba1befa1187a6cea86f98e204b4525b6cb3dcc56636dce2208c039913677cb02484751f67d,JF180124,Y,3/20/2022 0:01,20,NO CONTROLS,NO CONTROLS,CLEAR,DAYLIGHT,OTHER OBJECT,ALLEY,,STRAIGHT AND LEVEL,DRY,NO DEFECTS,ON SCENE,NO INJURY / DRIVE AWAY,,Y,Y,"OVER $1,500",3/20/2022 7:45,UNABLE TO DETERMINE,UNABLE TO DETERMINE,3912,W,55TH ST,822,,,,,,,1,NO INDICATION OF INJURY,0,0,0,0,0,1,0,0,1,3,41.79334323,-87.72131243,POINT (-87.721312434443 41.793343230876)
ba5305e7b0012b22197933705754c2ae7653fa4640dfc608d535eb85d41c6ca1bfbbd4174cea9f89753e2231232801273ea7e0a217ae94dfd0514639ff0a267f,JF187164,,3/26/2022 10:57,30,NO CONTROLS,NO CONTROLS,CLEAR,DAYLIGHT,TURNING,NOT DIVIDED,,STRAIGHT AND LEVEL,DRY,NO DEFECTS,ON SCENE,INJURY AND / OR TOW DUE TO CRASH,,,,"OVER $1,500",3/26/2022 10:57,FAILING TO YIELD RIGHT-OF-WAY,NOT APPLICABLE,34,W,114TH PL,522,,,,,,,2,NO INDICATION OF INJURY,0,0,0,0,0,2,0,10,7,3,41.68632328,-87.6242409,POINT (-87.624240894643 41.686323280825)
1b5934df62ad23c4bcb1903338588e414ca4845d9cc48f3e8486c4f2a78e0ed74af02354a709a606d0713fc90924ac5e89b471a66280d88d0bad0d651cec719d,JD242662,,5/25/2020 18:40,30,NO CONTROLS,NO CONTROLS,CLEAR,DAYLIGHT,REAR END,DIVIDED - W/MEDIAN (NOT RAISED),,STRAIGHT AND LEVEL,DRY,NO DEFECTS,,NO INJURY / DRIVE AWAY,,,Y,"OVER $1,500",5/25/2020 18:54,FOLLOWING TOO CLOSELY,UNABLE TO DETERMINE,841,W,IRVING PARK RD,1923,,,,,,,2,NO INDICATION OF INJURY,0,0,0,0,0,2,0,18,2,5,41.95442502,-87.65132402,POINT (-87.65132401707 41.954425018612)
ba883be5ee617e7654e45ada5d6fb3d03c45c2f06ed5e2ccefb0812167e695a7aefc5d9d9747a0da3cab6ae480ad87385e41854587eed789dfdf7930ad89b3dc,JE224282,,5/9/2021 1:50,25,NO CONTROLS,NO CONTROLS,RAIN,"DARKNESS, LIGHTED ROAD",FIXED OBJECT,DIVIDED - W/MEDIAN BARRIER,,"CURVE, LEVEL",WET,NO DEFECTS,,INJURY AND / OR TOW DUE TO CRASH,,,Y,"OVER $1,500",5/9/2021 1:52,UNABLE TO DETERMINE,UNABLE TO DETERMINE,1000,N,LAKE SHORE DR SB,1824,,,,,,,1,NO INDICATION OF INJURY,0,0,0,0,0,1,0,1,1,5,41.90095892,-87.61992817,POINT (-87.619928173678 41.900958919109)
ba8966e8438cc9521295c09e084d0e17ad82862e6c714f4f817cd7a0930694f4fb4e0eddac38646725dbda27b27b5f95442ef5453e4cfa049435e9c6c4632c5b,JD316624,,7/31/2020 14:30,25,NO CONTROLS,NO CONTROLS,CLEAR,DAYLIGHT,PARKED MOTOR VEHICLE,ONE-WAY,,STRAIGHT AND LEVEL,DRY,NO DEFECTS,,NO INJURY / DRIVE AWAY,,,,"$501 - $1,500",7/31/2020 17:44,UNABLE TO DETERMINE,NOT APPLICABLE,6700,S,CRANDON AVE,331,,,,,,,2,NO INDICATION OF INJURY,0,0,0,0,0,1,0,14,6,7,41.77342766,-87.57012671,POINT (-87.570126709941 41.773427654738)
b5dab629bf57901b71fbb81328ddc2d5065af7f7abe3289f8c1e90c9346aab70bb092fd67ca8fd5de1f56d1be0990ebebb9b5f82acbd35cfae220c98adf95865,JF164946,Y,3/6/2022 0:01,30,NO CONTROLS,NO CONTROLS,CLEAR,DARKNESS,PARKED MOTOR VEHICLE,NOT DIVIDED,,STRAIGHT AND LEVEL,DRY,NO DEFECTS,ON SCENE,NO INJURY / DRIVE AWAY,,,Y,"$501 - $1,500",3/6/2022 9:02,UNABLE TO DETERMINE,UNABLE TO DETERMINE,2611,N,NORMANDY AVE,2512,,,,,,,2,NO INDICATION OF INJURY,0,0,0,0,0,1,0,0,1,3,41.92762177,-87.7927727,POINT (-87.79277269621 41.927621772181)
baa34d891a1e6d414abff88cbcbf09f38ec6dead2f64ea442788f1f04bb45341b8b5a8f0b5849d0fbf5d8eaaf37492249e213ddcf2d66cd9b14c508923780ab1,JF187500,,3/26/2022 16:42,30,TRAFFIC SIGNAL,FUNCTIONING PROPERLY,CLEAR,DAYLIGHT,REAR END,DIVIDED - W/MEDIAN (NOT RAISED),,STRAIGHT AND LEVEL,DRY,NO DEFECTS,NOT ON SCENE (DESK REPORT),NO INJURY / DRIVE AWAY,Y,,Y,"OVER $1,500",3/26/2022 17:50,FAILING TO REDUCE SPEED TO AVOID CRASH,FOLLOWING TOO CLOSELY,255,E,JACKSON DR,114,,,,,,,2,NO INDICATION OF INJURY,0,0,0,0,0,2,0,16,7,3,41.87822059,-87.62076223,POINT (-87.620762232986 41.878220589803)
baa9998c65229376d2ba6a0760b2179cf3beac8be3c0ec12641e9de240181d82ee0facccd49269a42e4537178b58e6eebc9c7d7649540285592fa144c067971d,JF187194,Y,3/26/2022 4:00,30,NO CONTROLS,NO CONTROLS,CLEAR,"DARKNESS, LIGHTED ROAD",PARKED MOTOR VEHICLE,ONE-WAY,,STRAIGHT AND LEVEL,DRY,NO DEFECTS,NOT ON SCENE (DESK REPORT),NO INJURY / DRIVE AWAY,,,Y,"OVER $1,500",3/26/2022 12:00,UNABLE TO DETERMINE,UNABLE TO DETERMINE,1848,S,LAWNDALE AVE,1014,,,,,,,2,NO INDICATION OF INJURY,0,0,0,0,0,1,0,4,7,3,41.85567339,-87.71773068,POINT (-87.717730678507 41.855673384886)
c7478ec9eb52505faf2a4a314346854fef397dd1607f6135813d1b319d435accbf38aec94a5fda147657cc50263b30bec71fb903caa6d480aa31842577f9aea6,JF180806,,3/20/2022 20:55,30,NO CONTROLS,NO CONTROLS,CLEAR,"DARKNESS, LIGHTED ROAD",SIDESWIPE SAME DIRECTION,DIVIDED - W/MEDIAN BARRIER,,STRAIGHT AND LEVEL,DRY,NO DEFECTS,ON SCENE,NO INJURY / DRIVE AWAY,,,,"OVER $1,500",3/20/2022 21:00,UNABLE TO DETERMINE,UNABLE TO DETERMINE,4520,N,CICERO AVE,1623,,,,,,,2,NO INDICATION OF INJURY,0,0,0,0,0,6,0,20,1,3,41.96280646,-87.74717956,POINT (-87.74717955515 41.962806456367)
734bd4f82e5822c7318748056627f750d86f6ea24ddd7e53b2bc3fb020ba38f1682b6ddb8cd9ed33fa46173c14b9d61ecc2be330f660a15f07e19a2f39c7bb78,JF151171,,2/20/2022 8:15,30,NO CONTROLS,NO CONTROLS,CLEAR,DAYLIGHT,PARKED MOTOR VEHICLE,DIVIDED - W/MEDIAN (NOT RAISED),,STRAIGHT AND LEVEL,DRY,NO DEFECTS,NOT ON SCENE (DESK REPORT),NO INJURY / DRIVE AWAY,,,Y,"$501 - $1,500",2/21/2022 9:30,UNABLE TO DETERMINE,NOT APPLICABLE,455,W,WELLINGTON AVE,1934,,,,,,,2,NO INDICATION OF INJURY,0,0,0,0,0,1,0,8,1,2,41.93644898,-87.64158327,POINT (-87.641583266282 41.936448983856)
73c987396a7be2bf850d275d6663ad9a37d7df0b16cf7336d8a746b0e4d168d907d363b0336cc9d153c64a550d937bc0df29f621378636cc7df558a550d88a6c,JD145426,,2/9/2020 2:00,30,NO CONTROLS,NO CONTROLS,CLEAR,DARKNESS,REAR END,NOT DIVIDED,,STRAIGHT AND LEVEL,DRY,NO DEFECTS,,NO INJURY / DRIVE AWAY,,,Y,"OVER $1,500",2/9/2020 8:05,IMPROPER LANE USAGE,IMPROPER LANE USAGE,5050,S,CICERO AVE,814,,,,,,,2,NO INDICATION OF INJURY,0,0,0,0,0,2,0,2,1,2,41.80064255,-87.74311347,POINT (-87.743113469205 41.800642553587)
bb3e7d33e4e8f2bc2a0548ff240e882ace7b2fc67a37cb57ff5cf388b95f5cb5c2fb72b808e500b4471d8d1b5cbfc44f80809d4ca5a6d6ffdaacc6a4b7f34110,JF187339,,3/26/2022 14:20,30,NO CONTROLS,NO CONTROLS,CLOUDY/OVERCAST,DAYLIGHT,REAR END,DIVIDED - W/MEDIAN (NOT RAISED),,STRAIGHT AND LEVEL,DRY,UNKNOWN,NOT ON SCENE (DESK REPORT),NO INJURY / DRIVE AWAY,,,,"OVER $1,500",3/26/2022 14:50,UNABLE TO DETERMINE,UNABLE TO DETERMINE,5235,W,GRAND AVE,2515,,,,,,,2,NO INDICATION OF INJURY,0,0,0,0,0,2,0,14,7,3,41.91708354,-87.75733379,POINT (-87.757333788156 41.917083538046)
c872015ed54c7339bc8e94e4c118006d77b699120bbfd058a532278b8e670f465c002bcc16fa7b0e4b269b39534cfdce9bfa44aa6a3431e86fb68b3d17768100,JF180185,,3/20/2022 9:43,30,NO CONTROLS,NO CONTROLS,CLEAR,DAYLIGHT,TURNING,NOT DIVIDED,,STRAIGHT AND LEVEL,DRY,NO DEFECTS,ON SCENE,NO INJURY / DRIVE AWAY,,,,"OVER $1,500",3/20/2022 9:45,FAILING TO YIELD RIGHT-OF-WAY,FAILING TO YIELD RIGHT-OF-WAY,2235,W,CHICAGO AVE,1221,,,,,,,2,NO INDICATION OF INJURY,0,0,0,0,0,3,0,9,1,3,41.89569294,-87.68335953,POINT (-87.683359528156 41.895692943296)
74f78d68ccdead6be797a8f4062a9f7e0ca6848d1f02fced0ac9662a6fb357d0bcd7fd8671a93e2b23f2bd00ee9027ea2f60421c5d8a142ac2e70a9f0ef1c749,JF163036,,2/27/2022 16:33,10,NO CONTROLS,NO CONTROLS,UNKNOWN,DAWN,PARKED MOTOR VEHICLE,PARKING LOT,,STRAIGHT AND LEVEL,UNKNOWN,UNKNOWN,ON SCENE,NO INJURY / DRIVE AWAY,,,Y,"$501 - $1,500",3/4/2022 12:16,IMPROPER TURNING/NO SIGNAL,IMPROPER TURNING/NO SIGNAL,3435,N,ELAINE PL,1925,,,,,,,2,NO INDICATION OF INJURY,0,0,0,0,0,1,0,16,1,2,41.94468532,-87.64754851,POINT (-87.647548514383 41.944685315769)
bc59c8ebd8068821c4b0c17b94deba0b692dc33d71292d7818ec0ea84182609a8137fbcd3bfdf2680f4fa4d7a8292d087af4e5ad8d045175f40b99a5e4c71e62,JF188368,Y,3/26/2022 22:00,20,STOP SIGN/FLASHER,FUNCTIONING PROPERLY,UNKNOWN,UNKNOWN,PARKED MOTOR VEHICLE,NOT DIVIDED,,STRAIGHT AND LEVEL,UNKNOWN,UNKNOWN,NOT ON SCENE (DESK REPORT),NO INJURY / DRIVE AWAY,Y,,Y,"OVER $1,500",3/27/2022 16:15,UNABLE TO DETERMINE,UNABLE TO DETERMINE,7078,N,WOLCOTT AVE,2424,,,,,,,2,NO INDICATION OF INJURY,0,0,0,0,0,1,0,22,7,3,42.0112823,-87.67828745,POINT (-87.67828744485 42.011282301573)
74ea76a148d15d9234cac04b8f2bbc7d643982fc16bfd875a36dc3a6d092e5d2f3416727285515d2fe985484113b5c0ec24dc21d2ec0aa2fc5e363218aec438a,JF150762,,2/20/2022 19:05,30,TRAFFIC SIGNAL,FUNCTIONING PROPERLY,CLEAR,"DARKNESS, LIGHTED ROAD",REAR END,NOT DIVIDED,,STRAIGHT AND LEVEL,WET,NO DEFECTS,NOT ON SCENE (DESK REPORT),NO INJURY / DRIVE AWAY,,,,"$501 - $1,500",2/20/2022 19:30,FOLLOWING TOO CLOSELY,FOLLOWING TOO CLOSELY,4332,S,KEDZIE AVE,821,,,,,,,2,NO INDICATION OF INJURY,0,0,0,0,0,2,0,19,1,2,41.8144546,-87.70437037,POINT (-87.704370365788 41.814454597642)
769606e9d2668737f89344f1f68b6a3d41ad52fcc51d52f3cfecb2fdeccf137c0f0a0757bcc75599d6f11958108f1b79be06d6ac31508984283a5d71ad53071c,JF159868,,2/27/2022 20:20,30,NO CONTROLS,NO CONTROLS,CLEAR,"DARKNESS, LIGHTED ROAD",OTHER NONCOLLISION,DIVIDED - W/MEDIAN (NOT RAISED),,STRAIGHT AND LEVEL,DRY,NO DEFECTS,NOT ON SCENE (DESK REPORT),NO INJURY / DRIVE AWAY,,,,"$501 - $1,500",3/1/2022 15:00,NOT APPLICABLE,NOT APPLICABLE,3800,N,ELSTON AVE,1732,,,,,,,1,NO INDICATION OF INJURY,0,0,0,0,0,1,0,20,1,2,41.95015408,-87.7141852,POINT (-87.714185196966 41.950154074831)
766be25d8db9f6f903265897991783e980861ffe94a8d0dcee9b23889d83ef10f2de2b8f05db60631a5880a6415bdc0a85213bd24f01d6f0d823cf7873c76b57,JE409078,,10/14/2021 6:30,30,NO CONTROLS,NO CONTROLS,RAIN,DAYLIGHT,REAR END,ONE-WAY,,STRAIGHT AND LEVEL,WET,NO DEFECTS,,NO INJURY / DRIVE AWAY,,,,"OVER $1,500",10/14/2021 7:30,UNABLE TO DETERMINE,UNABLE TO DETERMINE,7800,S,STATE ST,623,,,,,,,2,NO INDICATION OF INJURY,0,0,0,0,0,2,0,6,5,10,41.75272454,-87.6247509,POINT (-87.624750901483 41.752724536746)
7635b80e68e62a32a3d083bd20de928f72f93aff8053d1af5ed535b48002aa0bc6f94506d32b61a2d0bd67b0d44ccd01ac6a1dd87eb8809a7dcfa10542832bf1,JF150547,,2/20/2022 15:02,30,NO CONTROLS,NO CONTROLS,CLEAR,DAYLIGHT,TURNING,DIVIDED - W/MEDIAN BARRIER,,STRAIGHT AND LEVEL,DRY,UNKNOWN,ON SCENE,INJURY AND / OR TOW DUE TO CRASH,Y,,,"OVER $1,500",2/20/2022 15:05,UNABLE TO DETERMINE,UNABLE TO DETERMINE,2332,W,95TH ST,2221,,,,,,,2,NONINCAPACITATING INJURY,1,0,0,1,0,1,0,15,1,2,41.72106454,-87.68098425,POINT (-87.680984249661 41.721064538726)
75e65cecb49fd999cc2bd47be933e8845fc2de77f70799f26d2f74b555aaa8b3147742b04f299f39a198348083651e9743c65350f8e3b15bbcf5c4bbc1a5e7d1,JD242393,,5/22/2020 23:48,25,NO CONTROLS,NO CONTROLS,CLEAR,DARKNESS,TURNING,NOT DIVIDED,,STRAIGHT AND LEVEL,DRY,NO DEFECTS,,NO INJURY / DRIVE AWAY,,,,"$501 - $1,500",5/25/2020 14:00,UNABLE TO DETERMINE,UNABLE TO DETERMINE,200,N,PULASKI RD,1114,,,,,,,2,NO INDICATION OF INJURY,0,0,0,0,0,3,0,23,6,5,41.88339231,-87.72589344,POINT (-87.725893438622 41.883392310474)
76e3080c7439eb38f428221aabac64058f47b1f5431d23e0317c2d7e7c7d836ba1996f4471a8cc446ee726fb90e225045902c7d5a2a28ec008a5caac0b0d3b4b,JF150608,,2/20/2022 14:35,30,TRAFFIC SIGNAL,FUNCTIONING PROPERLY,CLEAR,DAYLIGHT,REAR END,NOT DIVIDED,,STRAIGHT AND LEVEL,DRY,NO DEFECTS,NOT ON SCENE (DESK REPORT),NO INJURY / DRIVE AWAY,,,,"$501 - $1,500",2/20/2022 16:37,FOLLOWING TOO CLOSELY,FOLLOWING TOO CLOSELY,2017,W,MONTROSE AVE,1911,,,,,,,2,NO INDICATION OF INJURY,0,0,0,0,0,2,0,14,1,2,41.9613389,-87.67969241,POINT (-87.679692409029 41.961338900106)
1eb97b7722f4e5eb85b59e18cd2e8d4b1eb26306e180b295b2295c6f1097b312fc73311a015af27267fba6bc3ebf997c89b45f6864c6aa4f15e5451d6c41dfd9,JF118825,,1/20/2022 13:20,25,NO CONTROLS,NO CONTROLS,CLEAR,DAYLIGHT,SIDESWIPE OPPOSITE DIRECTION,NOT DIVIDED,,STRAIGHT AND LEVEL,DRY,NO DEFECTS,,INJURY AND / OR TOW DUE TO CRASH,,,,"OVER $1,500",1/20/2022 13:23,FOLLOWING TOO CLOSELY,DRIVING SKILLS/KNOWLEDGE/EXPERIENCE,342,W,MARQUETTE RD,722,,,,,,,2,NONINCAPACITATING INJURY,1,0,0,1,0,2,0,13,5,1,41.77275587,-87.63405027,POINT (-87.634050266145 41.77275586662)
76be630c794537107fd4bf2ad9beb7c2f461bf240f900bcfd00b390973f34cb8318835bd0b24f1ddf20729d49c760fa34fd2293c94c4c0929a5c1e0f09f44860,JE452120,,11/21/2021 1:50,30,NO CONTROLS,NO CONTROLS,CLEAR,"DARKNESS, LIGHTED ROAD",TURNING,NOT DIVIDED,,STRAIGHT AND LEVEL,DRY,NO DEFECTS,,INJURY AND / OR TOW DUE TO CRASH,,,,"OVER $1,500",11/21/2021 2:00,UNABLE TO DETERMINE,UNABLE TO DETERMINE,1046,N,NOBLE ST,1213,,,,,,,2,NONINCAPACITATING INJURY,2,0,0,2,0,7,0,1,1,11,41.90076996,-87.66267588,POINT (-87.66267587845 41.900769958104)
be3940fee8a122239afa84333574cf5db83c8213ec7f2975164c95700e0de2b0e34b95fda6d58ee92cae1a320a00a08f5717e5411bf1c619de1dcff4915d8277,JD305322,Y,7/21/2020 14:00,30,NO CONTROLS,NO CONTROLS,UNKNOWN,DAYLIGHT,PARKED MOTOR VEHICLE,DIVIDED - W/MEDIAN (NOT RAISED),,STRAIGHT AND LEVEL,UNKNOWN,NO DEFECTS,,NO INJURY / DRIVE AWAY,,,Y,"OVER $1,500",7/21/2020 17:26,UNABLE TO DETERMINE,NOT APPLICABLE,5317,N,WASHTENAW AVE,2011,,,,,,,2,NO INDICATION OF INJURY,0,0,0,0,0,1,0,14,3,7,41.97821418,-87.69641745,POINT (-87.696417449412 41.97821417626)
021a0b567ded048cdcdb46c145f81ba9547e5bda6d3716c16c6993926e23a5f8adfb16d4dbb9fb957fda047bd59cc8d413fd88dd516dd10ddab571e3ac4a364b,JF180692,Y,3/20/2022 17:30,30,TRAFFIC SIGNAL,FUNCTIONING PROPERLY,CLEAR,DAYLIGHT,SIDESWIPE SAME DIRECTION,ONE-WAY,,STRAIGHT AND LEVEL,DRY,NO DEFECTS,NOT ON SCENE (DESK REPORT),NO INJURY / DRIVE AWAY,,,Y,"OVER $1,500",3/20/2022 18:00,UNABLE TO DETERMINE,UNABLE TO DETERMINE,100,S,LAKE SHORE DR SB,114,,,,,,,2,NO INDICATION OF INJURY,0,0,0,0,0,4,0,17,1,3,41.88085605,-87.61763589,POINT (-87.617635891755 41.880856047671)