CRASH_RECORD_ID,RD_NO,CRASH_DATE_EST_I,CRASH_DATE,POSTED_SPEED_LIMIT,TRAFFIC_CONTROL_DEVICE,DEVICE_CONDITION,WEATHER_CONDITION,LIGHTING_CONDITION,FIRST_CRASH_TYPE,TRAFFICWAY_TYPE,LANE_CNT,ALIGNMENT,ROADWAY_SURFACE_COND,ROAD_DEFECT,REPORT_TYPE,CRASH_TYPE,INTERSECTION_RELATED_I,NOT_RIGHT_OF_WAY_I,HIT_AND_RUN_I,DAMAGE,DATE_POLICE_NOTIFIED,PRIM_CONTRIBUTORY_CAUSE,SEC_CONTRIBUTORY_CAUSE,STREET_NO,STREET_DIRECTION,STREET_NAME,BEAT_OF_OCCURRENCE,PHOTOS_TAKEN_I,STATEMENTS_TAKEN_I,DOORING_I,WORK_ZONE_I,WORK_ZONE_TYPE,WORKERS_PRESENT_I,NUM_UNITS,MOST_SEVERE_INJURY,INJURIES_TOTAL,INJURIES_FATAL,INJURIES_INCAPACITATING,INJURIES_NON_INCAPACITATING,INJURIES_REPORTED_NOT_EVIDENT,INJURIES_NO_INDICATION,INJURIES_UNKNOWN,CRASH_HOUR,CRASH_DAY_OF_WEEK,CRASH_MONTH,LATITUDE,LONGITUDE,LOCATION
021996b50df739f3e6cc62d5c0fe896475e0aa9d0d444f099dd352a45c45c4c7114f69394a0f94f10bd148e734448f16bd0737eb06ded364d9aeca3bb381054b,JF181761,Y,3/21/2022 12:15,15,NO CONTROLS,NO CONTROLS,UNKNOWN,UNKNOWN,PARKED MOTOR VEHICLE,PARKING LOT,,STRAIGHT AND LEVEL,UNKNOWN,UNKNOWN,NOT ON SCENE (DESK REPORT),NO INJURY / DRIVE AWAY,,,Y,"OVER $1,500",3/21/2022 18:00,UNABLE TO DETERMINE,UNABLE TO DETERMINE,3924,S,ARCHER AVE,921,,,,,,,2,NO INDICATION OF INJURY,0,0,0,0,0,1,0,12,2,3,41.82240864,-87.69091192,POINT (-87.690911923859 41.822408640659)
caf8891155fdeb58fb5ca3b63acb5db1b3842ac4fa9ccc65694baf8e22549686907ded1325c1a210e1dedb4cfe562133c5512abcffb7a8c75ffd43a9e4053268,JF180465,,3/20/2022 14:45,30,NO CONTROLS,NO CONTROLS,CLEAR,DAYLIGHT,SIDESWIPE SAME DIRECTION,DIVIDED - W/MEDIAN (NOT RAISED),,STRAIGHT AND LEVEL,UNKNOWN,UNKNOWN,ON SCENE,INJURY AND / OR TOW DUE TO CRASH,,,Y,"OVER $1,500",3/20/2022 15:15,IMPROPER OVERTAKING/PASSING,UNABLE TO DETERMINE,1100,W,71ST ST,733,,,,,,,2,NONINCAPACITATING INJURY,3,0,0,2,1,2,0,14,1,3,41.76520028,-87.65175364,POINT (-87.651753643736 41.765200280632)
780e5505ccf1760824072c3a2e572b52b75d87d691c9939a7f627e08c638730bdbe23c9451d0a19c8d49ac90647536756bf4b533e1a2ba4df04c7ef62b26fcaf,JF150811,,2/20/2022 19:00,15,NO CONTROLS,NO CONTROLS,CLEAR,DARKNESS,REAR TO SIDE,PARKING LOT,,STRAIGHT AND LEVEL,SNOW OR SLUSH,NO DEFECTS,ON SCENE,NO INJURY / DRIVE AWAY,,Y,,$500 OR LESS,2/20/2022 19:27,FAILING TO YIELD RIGHT-OF-WAY,UNABLE TO DETERMINE,4650,W,NORTH AVE,2533,,,,,,,2,NO INDICATION OF INJURY,0,0,0,0,0,2,0,19,1,2,41.90976453,-87.7433763,POINT (-87.743376295706 41.909764527033)
789d1eb2b8ca501cdb35db151cff0c7c35c18464356398aa46aa707e3173f3e9650d3b51a2bae75c050cc8026e5096b0aa9b8cdb937d42ac65fc3511cbf09b0d,JF157780,,2/27/2022 7:50,30,TRAFFIC SIGNAL,FUNCTIONING PROPERLY,CLEAR,DAYLIGHT,REAR END,NOT DIVIDED,,STRAIGHT AND LEVEL,DRY,NO DEFECTS,NOT ON SCENE (DESK REPORT),NO INJURY / DRIVE AWAY,Y,,,"OVER $1,500",2/27/2022 15:00,FOLLOWING TOO CLOSELY,UNABLE TO DETERMINE,2000,N,WESTERN AVE,1431,,,,,,,2,NO INDICATION OF INJURY,0,0,0,0,0,2,0,7,1,2,41.91760382,-87.68755788,POINT (-87.687557877557 41.917603817942)
becd8e437c76a453ce2cfff30b7f63ea0c661032bdb6d3367b60da7a7005ae7854439cae3b3facab55b0502e2b0a1a5542e977615e5855e8fa57456cf3c7d920,JF187464,,3/26/2022 11:00,30,NO CONTROLS,NO CONTROLS,CLEAR,DAYLIGHT,PARKED MOTOR VEHICLE,NOT DIVIDED,,STRAIGHT AND LEVEL,DRY,NO DEFECTS,NOT ON SCENE (DESK REPORT),NO INJURY / DRIVE AWAY,,,Y,"$501 - $1,500",3/26/2022 16:50,UNABLE TO DETERMINE,NOT APPLICABLE,1615,W,71ST ST,735,,,,,,,2,NO INDICATION OF INJURY,0,0,0,0,0,1,0,11,7,3,41.7647918,-87.66445305,POINT (-87.66445305375 41.764791796925)
cb68b1a1f3f1d405fea830a8b3744346abd6a117d3f319e55b69d27ea9581920df473a7b2739afee419a5d7135b0d2c33df3684f167c3a29ca30275fd81f5c06,JF180351,,3/20/2022 12:44,30,NO CONTROLS,NO CONTROLS,CLEAR,DAWN,TURNING,DIVIDED - W/MEDIAN (NOT RAISED),,STRAIGHT AND LEVEL,DRY,NO DEFECTS,ON SCENE,INJURY AND / OR TOW DUE TO CRASH,,,,"OVER $1,500",3/20/2022 12:44,DRIVING ON WRONG SIDE/WRONG WAY,UNABLE TO DETERMINE,4000,S,ASHLAND AVE,924,,,,,,,2,NONINCAPACITATING INJURY,3,0,0,3,0,4,0,12,1,3,41.82071161,-87.66541679,POINT (-87.665416794239 41.820711610236)
cb9545ea0471b08cdf1ab16650cfb41eb3c2edb15018b9f4024a38b0ba83ffb7ae1163f578b6444739e20175cbb62213c65f46ef446c29a0c2ef64fd016d9911,JF180812,,3/20/2022 21:30,30,NO CONTROLS,NO CONTROLS,CLEAR,DARKNESS,FIXED OBJECT,DIVIDED - W/MEDIAN (NOT RAISED),,STRAIGHT AND LEVEL,DRY,UNKNOWN,ON SCENE,INJURY AND / OR TOW DUE TO CRASH,,,,"OVER $1,500",3/20/2022 21:30,NOT APPLICABLE,NOT APPLICABLE,8844,S,COMMERCIAL AVE,423,,,,,,,1,NO INDICATION OF INJURY,0,0,0,0,0,1,0,21,1,3,41.73421674,-87.55150513,POINT (-87.551505127325 41.734216737636)
bef7e69f0c69e7369af254d036426557d11b119d81d44cf15b1e0c0806d0cfab449d296bbe4d4f56d9dd2dc1b56d6dbf616f43e7203bb9660bb4419a0e972e71,JF187427,,3/26/2022 15:40,30,NO CONTROLS,NO CONTROLS,CLEAR,DAYLIGHT,SIDESWIPE SAME DIRECTION,NOT DIVIDED,,STRAIGHT AND LEVEL,DRY,NO DEFECTS,NOT ON SCENE (DESK REPORT),NO INJURY / DRIVE AWAY,,,,"$501 - $1,500",3/26/2022 16:16,NOT APPLICABLE,NOT APPLICABLE,5539,S,CENTRAL AVE,813,,,,,,,2,NO INDICATION OF INJURY,0,0,0,0,0,5,0,15,7,3,41.79156403,-87.76211696,POINT (-87.762116962321 41.791564030382)
bf57a320bca3035fa25e5809c1bee6d87488461d7e87a69b0b56777af3605f22e364863f30b86a740f4a353e9a2db80bb98c8a512e5f4dd20e963a69597e48f0,JF187434,,3/26/2022 14:27,30,NO CONTROLS,NO CONTROLS,CLEAR,DAYLIGHT,SIDESWIPE SAME DIRECTION,DIVIDED - W/MEDIAN BARRIER,,STRAIGHT AND LEVEL,DRY,NO DEFECTS,ON SCENE,INJURY AND / OR TOW DUE TO CRASH,,,,"$501 - $1,500",3/26/2022 15:09,FAILING TO YIELD RIGHT-OF-WAY,FAILING TO REDUCE SPEED TO AVOID CRASH,8023,S,ASHLAND AVE,612,,,,,,,2,NONINCAPACITATING INJURY,1,0,0,1,0,5,0,14,7,3,41.74782013,-87.66322501,POINT (-87.663225012696 41.747820129383)
cc56885f5452cd35708abd6846f93bca94f24c6376c9ea8d775b0939e2fb6d5b1d8f125073e90c4c425b7d46dd028ab0672240868ba3a2edd04f0f4034b85786,JF180528,,3/20/2022 15:10,30,STOP SIGN/FLASHER,UNKNOWN,CLEAR,DAYLIGHT,REAR END,DIVIDED - W/MEDIAN (NOT RAISED),,STRAIGHT AND LEVEL,DRY,UNKNOWN,ON SCENE,INJURY AND / OR TOW DUE TO CRASH,,,,"$501 - $1,500",3/20/2022 15:14,UNABLE TO DETERMINE,UNABLE TO DETERMINE,102,N,PULASKI RD,1114,,,,,,,3,NONINCAPACITATING INJURY,2,0,0,2,0,1,0,15,1,3,41.88206002,-87.72585595,POINT (-87.725855947708 41.882060019746)
79708166239c22ac86e9104c975e19ee8ece1d4e0fafd6bbd0efe2fa25f4bc4c1b6a9169c0b7349402a169e6077fd623e5febed194ad2ff086fe21fd0e3231bd,JF161259,,2/27/2022 11:40,35,TRAFFIC SIGNAL,FUNCTIONING PROPERLY,UNKNOWN,DAYLIGHT,SIDESWIPE SAME DIRECTION,NOT DIVIDED,,STRAIGHT AND LEVEL,UNKNOWN,UNKNOWN,NOT ON SCENE (DESK REPORT),NO INJURY / DRIVE AWAY,,,Y,"$501 - $1,500",3/2/2022 18:30,IMPROPER OVERTAKING/PASSING,NOT APPLICABLE,6254,S,WESTERN AVE,825,,,,,,,2,NO INDICATION OF INJURY,0,0,0,0,0,3,0,11,1,2,41.77941995,-87.68379218,POINT (-87.683792179867 41.779419954269)
ccb84bfe7f2dbbeb3d569792b347178592f17918376fe4fad4bf886e709f0bfebdfaef798c8a2f6532852b8a6abecb94f4a90cc23b918cfa0f283cc780e8a441,JF180767,,3/20/2022 20:36,25,NO CONTROLS,NO CONTROLS,CLEAR,"DARKNESS, LIGHTED ROAD",PARKED MOTOR VEHICLE,ONE-WAY,,STRAIGHT AND LEVEL,DRY,NO DEFECTS,ON SCENE,NO INJURY / DRIVE AWAY,,,Y,"$501 - $1,500",3/20/2022 20:36,"OPERATING VEHICLE IN ERRATIC, RECKLESS, CARELESS, NEGLIGENT OR AGGRESSIVE MANNER","OPERATING VEHICLE IN ERRATIC, RECKLESS, CARELESS, NEGLIGENT OR AGGRESSIVE MANNER",6258,S,ARTESIAN AVE,825,,,,,,,2,NO INDICATION OF INJURY,0,0,0,0,0,2,0,20,1,3,41.77932926,-87.68501243,POINT (-87.685012425113 41.779329262519)
7ab0be0e274269297855e2f7332f3a89dc857faa0f73a33c52d8da0cd1b649e970e5527ecf0f46f2f99f056ee40984a78981ab0ce89a100222b1ea43d754b3d4,JF173021,,3/13/2022 23:25,30,TRAFFIC SIGNAL,FUNCTIONING PROPERLY,CLEAR,"DARKNESS, LIGHTED ROAD",REAR END,NOT DIVIDED,,STRAIGHT AND LEVEL,DRY,NO DEFECTS,,NO INJURY / DRIVE AWAY,Y,,Y,"OVER $1,500",3/13/2022 23:35,UNABLE TO DETERMINE,NOT APPLICABLE,801,N,AUSTIN BLVD,1511,,,,,,,3,NO INDICATION OF INJURY,0,0,0,0,0,3,0,23,1,3,41.89475995,-87.77498402,POINT (-87.774984016914 41.894759950369)
cd59d7e43840589ab8bfed47c7bfada41fdf12d7f28404e27f2b62117b409bbe585c8409994a094dc3642fe90c58d4bc9308b3e147538081f0b606dc9e9ba581,JF180052,,3/20/2022 4:00,30,UNKNOWN,FUNCTIONING IMPROPERLY,UNKNOWN,"DARKNESS, LIGHTED ROAD",REAR END,ONE-WAY,,STRAIGHT AND LEVEL,UNKNOWN,UNKNOWN,NOT ON SCENE (DESK REPORT),NO INJURY / DRIVE AWAY,,,Y,"$501 - $1,500",3/20/2022 4:30,FAILING TO REDUCE SPEED TO AVOID CRASH,NOT APPLICABLE,600,N,CLARK ST,1832,,,,,,,2,NO INDICATION OF INJURY,0,0,0,0,0,2,0,4,1,3,41.89246403,-87.63129489,POINT (-87.631294885907 41.892464032993)
7b0cdf06600981a999da14f41c13101570da1dfa68f659826b64c5f2b491d92219de2732c6050a333d212c518f15997509cf1c90a21d323d90538e6bdcfe278e,JF158121,,2/27/2022 22:00,35,NO CONTROLS,NO CONTROLS,CLEAR,"DARKNESS, LIGHTED ROAD",FIXED OBJECT,NOT DIVIDED,,STRAIGHT AND LEVEL,DRY,UNKNOWN,ON SCENE,NO INJURY / DRIVE AWAY,,,,"OVER $1,500",2/27/2022 22:04,UNABLE TO DETERMINE,NOT APPLICABLE,938,W,115TH PL,524,,,,,,,1,NO INDICATION OF INJURY,0,0,0,0,0,1,0,22,1,2,41.68434216,-87.64617971,POINT (-87.646179706783 41.684342160667)
c1442d56e36af12c3bf69632bfeabdbce45baa3d6a0adf53b20116c72c535d17e2c4594b19936ded08a328bf9de6ba40ffb27f62c16a8f5d85c1ae07fa1e0ce2,JF187342,,3/26/2022 13:30,30,NO CONTROLS,NO CONTROLS,CLOUDY/OVERCAST,DAYLIGHT,REAR END,DIVIDED - W/MEDIAN (NOT RAISED),,STRAIGHT AND LEVEL,DRY,NO DEFECTS,NOT ON SCENE (DESK REPORT),NO INJURY / DRIVE AWAY,,,Y,"OVER $1,500",3/26/2022 14:45,UNABLE TO DETERMINE,UNABLE TO DETERMINE,4436,W,LAWRENCE AVE,1712,,,,,,,2,NO INDICATION OF INJURY,0,0,0,0,0,2,0,13,7,3,41.96822856,-87.73945102,POINT (-87.739451014754 41.968228562844)
c115d820721da2fe560420e794ca081839efe8126925495ec727e43731b5b90c72634ad924f8bc9cf510621566a0a87d240d3dee4356192f9d61bc04f0c79117,JE374811,,9/15/2021 15:30,30,NO CONTROLS,NO CONTROLS,CLEAR,DAYLIGHT,ANGLE,NOT DIVIDED,,STRAIGHT AND LEVEL,DRY,UNKNOWN,,NO INJURY / DRIVE AWAY,,,Y,"$501 - $1,500",9/15/2021 17:00,FAILING TO YIELD RIGHT-OF-WAY,NOT APPLICABLE,7600,S,ESSEX AVE,421,,,,,,,2,NO INDICATION OF INJURY,0,0,0,0,0,2,0,15,4,9,41.75711244,-87.5640568,POINT (-87.564056797202 41.757112443693)
7af5992be4b424165c4be079e37220b78ae0c703b8ba72c0de3cd683d3bc55fc4dcf617bd93b47c450c138284e6575f08d201f29fb8011b9adc2d53aabd85f08,JF150398,,2/20/2022 6:35,30,NO CONTROLS,NO CONTROLS,CLEAR,DAWN,PARKED MOTOR VEHICLE,ONE-WAY,,STRAIGHT AND LEVEL,DRY,NO DEFECTS,NOT ON SCENE (DESK REPORT),NO INJURY / DRIVE AWAY,,,Y,"OVER $1,500",2/20/2022 13:01,IMPROPER LANE USAGE,UNABLE TO DETERMINE,1205,W,ADAMS ST,1231,,,,,,,2,NO INDICATION OF INJURY,0,0,0,0,0,1,0,6,1,2,41.87894632,-87.65732093,POINT (-87.657320927869 41.878946316388)
d04e2e1a67de9f752a5fe60666306375e789f69765706ed390a6ae2423ab1bc9b77a40ed00ee344d1e2ac3cfe18b20c6def74db7944a610cbb820c21d5795f84,JF180087,,3/20/2022 5:00,30,TRAFFIC SIGNAL,FUNCTIONING PROPERLY,UNKNOWN,UNKNOWN,ANGLE,NOT DIVIDED,,STRAIGHT AND LEVEL,UNKNOWN,UNKNOWN,NOT ON SCENE (DESK REPORT),NO INJURY / DRIVE AWAY,,,Y,"$501 - $1,500",3/20/2022 6:30,UNABLE TO DETERMINE,NOT APPLICABLE,4200,W,MARQUETTE RD,833,,,,,,,2,NO INDICATION OF INJURY,0,0,0,0,0,3,0,5,1,3,41.7714258,-87.72751588,POINT (-87.727515880858 41.771425801915)
c2bdef5c7f2ad957c70f012e5ec706d99ce21e6b86af28d9b21ffed2843d3b6e9b1b817d462b1b57ce7015adddf6d070b2e27c56a69ca2530320cab28fbda609,JF187384,,3/26/2022 15:08,30,TRAFFIC SIGNAL,FUNCTIONING PROPERLY,CLEAR,DAYLIGHT,PEDALCYCLIST,DIVIDED - W/MEDIAN (NOT RAISED),,STRAIGHT AND LEVEL,DRY,NO DEFECTS,ON SCENE,INJURY AND / OR TOW DUE TO CRASH,,,,"$501 - $1,500",3/26/2022 15:19,FAILING TO YIELD RIGHT-OF-WAY,NOT APPLICABLE,3159,W,ADDISON ST,1733,,,,,,,2,"REPORTED, NOT EVIDENT",1,0,0,0,1,1,0,15,7,3,41.94652197,-87.70775808,POINT (-87.707758079983 41.946521971142)
7c970633500ec86a2e6a16ad65fe442b429965316509c8546a2598944f6a17bb6e0fd25bfceec46fbc09cbfc0baad2c8d24508de0976a2935429de2266c40b3b,JF157951,,2/27/2022 17:57,30,NO CONTROLS,NO CONTROLS,CLEAR,DARKNESS,PARKED MOTOR VEHICLE,NOT DIVIDED,,STRAIGHT AND LEVEL,DRY,UNKNOWN,ON SCENE,NO INJURY / DRIVE AWAY,,,Y,"OVER $1,500",2/27/2022 17:59,UNABLE TO DETERMINE,NOT APPLICABLE,2414,W,35TH ST,911,,,,,,,2,NO INDICATION OF INJURY,0,0,0,0,0,1,0,17,1,2,41.83038178,-87.68576412,POINT (-87.68576411905 41.83038178253)
c2b3ff72093e3d17834e88108d0fcdc785e90b0752c08e0398e647cb28bfa5320cb9bbe546565c0dce91da7202a227e536a06262838a2e3da4f0c7eab50659d5,JE106344,,1/7/2021 19:32,30,UNKNOWN,UNKNOWN,CLEAR,"DARKNESS, LIGHTED ROAD",TURNING,ONE-WAY,,STRAIGHT AND LEVEL,UNKNOWN,UNKNOWN,,INJURY AND / OR TOW DUE TO CRASH,Y,,,"OVER $1,500",1/7/2021 19:32,UNABLE TO DETERMINE,UNABLE TO DETERMINE,200,W,ONTARIO ST,1831,,,,,,,2,NO INDICATION OF INJURY,0,0,0,0,0,3,0,19,5,1,41.89329744,-87.63418828,POINT (-87.634188275005 41.893297436503)
c3872a4940a69a7ccdae737238860c8d3c12bbc4962964096ca04f166375f37a8a0c9fa668e010eff341d071aef8c3932df281f5b01b1e3e494209c51185f494,JF187094,,3/26/2022 10:10,35,NO CONTROLS,NO CONTROLS,CLEAR,DAYLIGHT,SIDESWIPE SAME DIRECTION,NOT DIVIDED,,STRAIGHT AND LEVEL,SNOW OR SLUSH,NO DEFECTS,NOT ON SCENE (DESK REPORT),NO INJURY / DRIVE AWAY,,,N,"$501 - $1,500",3/26/2022 10:15,UNABLE TO DETERMINE,UNABLE TO DETERMINE,3700,W,ADDISON ST,1732,,,,,,,2,NO INDICATION OF INJURY,0,0,0,0,0,2,0,10,7,3,41.94657906,-87.72018626,POINT (-87.720186259046 41.946579056193)
7df5629d6e5fc1795be378d2aa903faa105998bc1d0abc6a1b92492c7cd53211c240c29daa7db8cdc9d1287f9e309e4702fe59377e1cb22dd36c8fb1ef3e432a,JF157263,,2/27/2022 0:03,45,TRAFFIC SIGNAL,FUNCTIONING PROPERLY,CLEAR,"DARKNESS, LIGHTED ROAD",REAR END,NOT DIVIDED,,STRAIGHT AND LEVEL,DRY,NO DEFECTS,NOT ON SCENE (DESK REPORT),NO INJURY / DRIVE AWAY,,,,"OVER $1,500",2/27/2022 0:38,FOLLOWING TOO CLOSELY,UNABLE TO DETERMINE,800,N,LAKE SHORE DR,1833,,,,,,,2,NO INDICATION OF INJURY,0,0,0,0,0,2,0,0,1,2,41.89682805,-87.6172077,POINT (-87.617207703311 41.896828045009)
7d1661bfb1cee247860beab96954ccc7219545baa7df787ea1ee9b61ca4188ca99eb4fcb343a976c3df09ec8f5c342ecef7fc31b55715c2cc0aaf6b60b701d5a,JF150470,,2/20/2022 13:35,30,STOP SIGN/FLASHER,FUNCTIONING PROPERLY,CLEAR,DAYLIGHT,FIXED OBJECT,T-INTERSECTION,,STRAIGHT AND LEVEL,UNKNOWN,UNKNOWN,ON SCENE,NO INJURY / DRIVE AWAY,,,Y,"OVER $1,500",2/20/2022 13:40,UNABLE TO DETERMINE,UNABLE TO DETERMINE,1757,W,NORTH SHORE AVE,2432,,,,,,,1,NO INDICATION OF INJURY,0,0,0,0,0,1,0,13,1,2,42.00336628,-87.67467547,POINT (-87.674675472986 42.00336627583)
bb226be41e6b430c780d21a27ac7d0063e33ecf38a1c9d4363306185827a7c69a0e9f0b940fc8c5b3e528a685be9ae2b631b9e082e402b4749dd19a017a4be5d,JF165383,,3/6/2022 15:00,30,UNKNOWN,UNKNOWN,UNKNOWN,UNKNOWN,PARKED MOTOR VEHICLE,DIVIDED - W/MEDIAN (NOT RAISED),,STRAIGHT AND LEVEL,UNKNOWN,UNKNOWN,NOT ON SCENE (DESK REPORT),NO INJURY / DRIVE AWAY,,,Y,"OVER $1,500",3/6/2022 17:00,UNABLE TO DETERMINE,UNABLE TO DETERMINE,3521,N,WESTERN AVE,1921,,,,,,,2,NO INDICATION OF INJURY,0,0,0,0,0,1,0,15,1,3,41.94557409,-87.68807785,POINT (-87.688077852581 41.945574090874)
7d21b25721c95f0f21bf321db44ee601e13c5cefbce2dd0bf213e22b29e9ef743ccb733e75fbcb6acad1bb9502f88c962a0060183a97b7f2f783f834ad49fdc4,JC444244,,9/22/2019 18:10,30,NO CONTROLS,NO CONTROLS,RAIN,DUSK,SIDESWIPE SAME DIRECTION,NOT DIVIDED,,STRAIGHT AND LEVEL,WET,NO DEFECTS,,NO INJURY / DRIVE AWAY,Y,,,"OVER $1,500",9/22/2019 18:13,FAILING TO YIELD RIGHT-OF-WAY,NOT APPLICABLE,8229,W,IRVING PARK RD,1631,,,,,,,2,NO INDICATION OF INJURY,0,0,0,0,0,3,0,18,1,9,41.95202372,-87.83295905,POINT (-87.832959047925 41.952023715154)
7e4a2faaf1e0d5a1304f433f7558925c8f845ac3d9bffb3afb3b4dcc33d692e2db37e2fc7e89b4f77a96d8b769831b70d4d3494e01a46f821229d55396587cf8,JE312149,,7/24/2021 5:15,30,NO CONTROLS,NO CONTROLS,CLEAR,DAWN,PARKED MOTOR VEHICLE,NOT DIVIDED,,STRAIGHT AND LEVEL,DRY,NO DEFECTS,,INJURY AND / OR TOW DUE TO CRASH,,,Y,"OVER $1,500",7/24/2021 5:19,DRIVING ON WRONG SIDE/WRONG WAY,FAILING TO REDUCE SPEED TO AVOID CRASH,11441,S,VINCENNES AVE,2234,,Y,,,,,2,NO INDICATION OF INJURY,0,0,0,0,0,1,0,5,7,7,41.68549963,-87.66711143,POINT (-87.667111426087 41.685499626898)
bb5b96f5b62460479896cf193274666bfae2d32f2fa54afa82e4e6f5a97684cf57792b12a5dbc3c6ff3d51cb94e5a9ae18383b0fcd1e6196e2448f34af13b018,JD397188,,10/12/2020 15:31,30,NO CONTROLS,NO CONTROLS,RAIN,DAYLIGHT,TURNING,NOT DIVIDED,,STRAIGHT AND LEVEL,WET,NO DEFECTS,,NO INJURY / DRIVE AWAY,,,,"OVER $1,500",10/12/2020 15:35,FAILING TO YIELD RIGHT-OF-WAY,UNABLE TO DETERMINE,3120,S,HALSTED ST,913,,,,,,,2,NO INDICATION OF INJURY,0,0,0,0,0,2,0,15,2,10,41.83739443,-87.64640771,POINT (-87.646407706756 41.837394431137)
bb63f693e520c622eb246f902cb9e9df7dcb69e65641c957dfe07bd6b5a2c4aa8233274589063ba951070261c3adce4bd75566539e987c62577b73e21807aa8c,JD276144,,6/25/2020 18:04,35,TRAFFIC SIGNAL,FUNCTIONING PROPERLY,CLEAR,DAYLIGHT,REAR END,DIVIDED - W/MEDIAN BARRIER,,STRAIGHT AND LEVEL,DRY,NO DEFECTS,,NO INJURY / DRIVE AWAY,,,Y,"$501 - $1,500",6/25/2020 18:20,FOLLOWING TOO CLOSELY,UNABLE TO DETERMINE,2200,W,95TH ST,2221,,,,,,,2,NO INDICATION OF INJURY,0,0,0,0,0,6,0,18,5,6,41.72111941,-87.67728282,POINT (-87.677282823239 41.721119413196)
7e841089084e2f74f7ff4cdbb6865f0b20c2a2637439507e12c15bec4e6a95aa8a0b5b5fcb011cf36577fc19d2c806741de6b29f5060d52226961f26d9d37957,JF157998,,2/27/2022 18:23,35,NO CONTROLS,NO CONTROLS,CLEAR,"DARKNESS, LIGHTED ROAD",SIDESWIPE SAME DIRECTION,OTHER,,STRAIGHT AND LEVEL,DRY,NO DEFECTS,NOT ON SCENE (DESK REPORT),NO INJURY / DRIVE AWAY,,,N,"OVER $1,500",2/27/2022 18:50,IMPROPER OVERTAKING/PASSING,IMPROPER OVERTAKING/PASSING,570,N,LAKE SHORE DR NB,1834,,,,,,,2,NO INDICATION OF INJURY,0,0,0,0,0,3,0,18,1,2,41.89261725,-87.61435563,POINT (-87.614355628716 41.892617246113)
bc25b8e87cce3c3ddd09aea6d2dbcccb1bb176dc150dcc4151a5b156faab4fbdfbba08790704517a41c923357c38475ac08073b52f5192512eb4d77781656e15,JE131309,,2/3/2021 13:37,30,NO CONTROLS,NO CONTROLS,CLEAR,DAYLIGHT,SIDESWIPE SAME DIRECTION,ONE-WAY,,STRAIGHT AND LEVEL,DRY,NO DEFECTS,ON SCENE,INJURY AND / OR TOW DUE TO CRASH,,,Y,"OVER $1,500",2/3/2021 13:37,UNABLE TO DETERMINE,UNABLE TO DETERMINE,448,E,LOWER WACKER DR,114,,,,Y,CONSTRUCTION,,2,"REPORTED, NOT EVIDENT",1,0,0,0,1,1,0,13,4,2,41.88752888,-87.61662976,POINT (-87.61662976391 41.887528881685)
bc5c42c0126547f5ad2b4686cabe3d6e65d32276bb86f32bfa121a9797c2cb1f9e9f77df5291c63a1b118efbac86c4de1ad47ee9645ec4d6737fe593d7419213,JF165190,,3/6/2022 10:00,30,NO CONTROLS,NO CONTROLS,CLEAR,DAYLIGHT,OTHER OBJECT,ONE-WAY,,STRAIGHT AND LEVEL,DRY,NO DEFECTS,NOT ON SCENE (DESK REPORT),NO INJURY / DRIVE AWAY,,,,"$501 - $1,500",3/6/2022 14:06,UNABLE TO DETERMINE,NOT APPLICABLE,810,S,MORGAN ST,1232,,,,,,,1,NO INDICATION OF INJURY,0,0,0,0,0,1,0,10,1,3,41.87145045,-87.65131807,POINT (-87.651318073589 41.871450454437)
c47a74b14bcb44b7dab4d6314e6dfe2d1764600b4e37d849e3c3cc525c915ad5af0f3ee4649dd78aae2a94b117539a3a45fdd7cd9ad6c9665153fbf47e0cb723,JD261028,,6/11/2020 16:00,30,NO CONTROLS,NO CONTROLS,CLEAR,DAWN,ANGLE,PARKING LOT,,STRAIGHT AND LEVEL,DRY,NO DEFECTS,,NO INJURY / DRIVE AWAY,,,Y,"OVER $1,500",6/11/2020 16:15,DRIVING SKILLS/KNOWLEDGE/EXPERIENCE,NOT APPLICABLE,741,W,31ST ST,915,,,,,,,2,NO INDICATION OF INJURY,0,0,0,0,0,2,0,16,5,6,41.83794567,-87.64545983,POINT (-87.645459827304 41.837945672974)
25b3e9f4445a6fc21e4631f6fd5c150ceaac109021048c64c19efa161800ca5cad9564d37ef38d1e852e3bfe10ed497bc194a55d60ae17737fcab6ec75390432,JF181898,,3/19/2022 22:15,35,NO CONTROLS,NO CONTROLS,CLEAR,"DARKNESS, LIGHTED ROAD",PARKED MOTOR VEHICLE,OTHER,,STRAIGHT AND LEVEL,DRY,NO DEFECTS,,INJURY AND / OR TOW DUE TO CRASH,,,,"OVER $1,500",3/21/2022 19:55,UNABLE TO DETERMINE,NOT APPLICABLE,3300,W,59TH ST,822,,,,,,,2,NONINCAPACITATING INJURY,1,0,0,1,0,3,0,22,7,3,41.78631671,-87.70584608,POINT (-87.705846082834 41.786316713675)
7f77353d0d40d7c6edeee42ee109930b49fb4df8e4dc00e1ed3a195a5bcf2384bc86135cffdae4a610078a902e5c2312a7cbc53c439e3867b9e908b7bde26588,JC505365,,11/10/2019 11:25,30,NO CONTROLS,UNKNOWN,CLEAR,DAYLIGHT,SIDESWIPE SAME DIRECTION,NOT DIVIDED,,STRAIGHT AND LEVEL,DRY,NO DEFECTS,,NO INJURY / DRIVE AWAY,,,,"OVER $1,500",11/10/2019 11:35,NOT APPLICABLE,NOT APPLICABLE,8847,S,ASHLAND AVE,2221,,,,,,,2,NO INDICATION OF INJURY,0,0,0,0,0,2,0,11,1,11,41.73256752,-87.66282631,POINT (-87.662826304971 41.732567523517)