CRASH_RECORD_ID,RD_NO,CRASH_DATE_EST_I,CRASH_DATE,POSTED_SPEED_LIMIT,TRAFFIC_CONTROL_DEVICE,DEVICE_CONDITION,WEATHER_CONDITION,LIGHTING_CONDITION,FIRST_CRASH_TYPE,TRAFFICWAY_TYPE,LANE_CNT,ALIGNMENT,ROADWAY_SURFACE_COND,ROAD_DEFECT,REPORT_TYPE,CRASH_TYPE,INTERSECTION_RELATED_I,NOT_RIGHT_OF_WAY_I,HIT_AND_RUN_I,DAMAGE,DATE_POLICE_NOTIFIED,PRIM_CONTRIBUTORY_CAUSE,SEC_CONTRIBUTORY_CAUSE,STREET_NO,STREET_DIRECTION,STREET_NAME,BEAT_OF_OCCURRENCE,PHOTOS_TAKEN_I,STATEMENTS_TAKEN_I,DOORING_I,WORK_ZONE_I,WORK_ZONE_TYPE,WORKERS_PRESENT_I,NUM_UNITS,MOST_SEVERE_INJURY,INJURIES_TOTAL,INJURIES_FATAL,INJURIES_INCAPACITATING,INJURIES_NON_INCAPACITATING,INJURIES_REPORTED_NOT_EVIDENT,INJURIES_NO_INDICATION,INJURIES_UNKNOWN,CRASH_HOUR,CRASH_DAY_OF_WEEK,CRASH_MONTH,LATITUDE,LONGITUDE,LOCATION
7faffc8513136f918b6cde1ec8739df8fcc9ff7dac5f464619fa0aa80954ab43ce2ee239b2ea5e346bb5a8643e48344a3ae4df7e7823f17a57889105e3289d2a,JD372372,,9/19/2020 12:00,30,NO CONTROLS,NO CONTROLS,CLEAR,DAYLIGHT,SIDESWIPE SAME DIRECTION,NOT DIVIDED,,STRAIGHT AND LEVEL,DRY,NO DEFECTS,,INJURY AND / OR TOW DUE TO CRASH,,,Y,"OVER $1,500",9/19/2020 12:12,IMPROPER OVERTAKING/PASSING,IMPROPER LANE USAGE,1152,E,67TH ST,321,,,,,,,6,NONINCAPACITATING INJURY,1,0,0,1,0,2,0,12,7,9,41.77334353,-87.59635672,POINT (-87.596356720973 41.773343527111)
bcf4637c0e6f60a8f6bbb8d3610ce5f59df98db6b3acc9ada7ed27ce9d967b77c42ab750944fde634dd4d87a1e03cd0f1dcf88d06c213455da8d5b0f554faed9,JD129299,,1/26/2020 12:04,30,NO CONTROLS,NO CONTROLS,CLOUDY/OVERCAST,DAYLIGHT,SIDESWIPE SAME DIRECTION,ONE-WAY,,STRAIGHT AND LEVEL,DRY,NO DEFECTS,,INJURY AND / OR TOW DUE TO CRASH,Y,,,"$501 - $1,500",1/26/2020 13:09,IMPROPER LANE USAGE,NOT APPLICABLE,3824,W,HARRISON ST,1133,,,,,,,2,NONINCAPACITATING INJURY,1,0,0,1,0,1,0,12,1,1,41.87360721,-87.72145369,POINT (-87.721453685315 41.87360720877)
812a0b114daf35a78438508e94d3ff5415f1075db1a9675b51440ae44339ea6ba54cdc9a14df0457a80db89823d83722e8c78cc1ee71b712fb593bc839344a75,JF158003,,2/27/2022 18:40,15,NO CONTROLS,FUNCTIONING PROPERLY,CLEAR,DUSK,REAR TO FRONT,OTHER,,STRAIGHT AND LEVEL,DRY,NO DEFECTS,NOT ON SCENE (DESK REPORT),NO INJURY / DRIVE AWAY,,,,"$501 - $1,500",2/27/2022 19:16,UNABLE TO DETERMINE,NOT APPLICABLE,1999,N,CICERO AVE,2533,,,,,,,2,NO INDICATION OF INJURY,0,0,0,0,0,2,0,18,1,2,41.91684628,-87.74595841,POINT (-87.745958408388 41.916846275748)
d551e0432deaa6d722ce98d9c52af04cc0d6b63ecfb1a24a65d50d6e6aa8cba1b6a6148d1d0ee5213c2af7b8896f01bb7f3e5c8d363b27f7def67f6eba5a3b14,JF180553,,3/20/2022 15:53,30,STOP SIGN/FLASHER,FUNCTIONING PROPERLY,CLEAR,DAYLIGHT,ANGLE,NOT DIVIDED,,STRAIGHT AND LEVEL,DRY,NO DEFECTS,NOT ON SCENE (DESK REPORT),INJURY AND / OR TOW DUE TO CRASH,Y,,,"OVER $1,500",3/20/2022 16:45,FAILING TO YIELD RIGHT-OF-WAY,NOT APPLICABLE,3130,W,DIVISION ST,1423,,,,,,,2,NONINCAPACITATING INJURY,4,0,0,4,0,4,0,15,1,3,41.90295452,-87.70559471,POINT (-87.705594713867 41.902954519708)
c6f7e599c13410edb75f89b44aa53ea34d957d5a6c4b94785f9497f4036d972946d01c31e67ec43872a62d1d389bf4adc7c9cd003ee6666ba6380856d2c7122a,JF187711,Y,3/26/2022 15:30,30,NO CONTROLS,NO CONTROLS,CLEAR,UNKNOWN,PARKED MOTOR VEHICLE,NOT DIVIDED,,STRAIGHT AND LEVEL,UNKNOWN,UNKNOWN,NOT ON SCENE (DESK REPORT),NO INJURY / DRIVE AWAY,,,Y,"OVER $1,500",3/26/2022 23:12,UNABLE TO DETERMINE,UNABLE TO DETERMINE,2517,W,DIVISION ST,1211,,,,,,,2,NO INDICATION OF INJURY,0,0,0,0,0,1,0,15,7,3,41.90287692,-87.69018293,POINT (-87.690182933373 41.902876919976)
27d8e44456044ed74e9368b0022a1f36eb8938beb79a514039673735d83acf1535453441414c094d51c753cee334565aadbd975dad6e13dfcea993b091e70f8b,JC492962,,10/31/2019 8:25,25,STOP SIGN/FLASHER,FUNCTIONING PROPERLY,SNOW,DAYLIGHT,TURNING,NOT DIVIDED,,STRAIGHT AND LEVEL,WET,NO DEFECTS,,NO INJURY / DRIVE AWAY,,,,"OVER $1,500",10/31/2019 8:40,UNABLE TO DETERMINE,UNABLE TO DETERMINE,1500,W,HUBBARD ST,1215,,,,,,,2,NO INDICATION OF INJURY,0,0,0,0,0,2,0,8,5,10,41.89001397,-87.66556648,POINT (-87.665566478681 41.890013967032)
c6e315f6fdfae5450e84cc0d400fe85411498926de88067245e3cc69a943d98c8fa6aab07fbb12b33797972f5bca4efe336199c91684b3a4308ea719afc85743,JE422052,,10/25/2021 15:02,30,TRAFFIC SIGNAL,FUNCTIONING PROPERLY,CLEAR,DAYLIGHT,ANGLE,NOT DIVIDED,,STRAIGHT AND LEVEL,WET,NO DEFECTS,,NO INJURY / DRIVE AWAY,Y,,,"OVER $1,500",10/25/2021 15:03,WEATHER,FAILING TO REDUCE SPEED TO AVOID CRASH,1158,W,LAWRENCE AVE,2033,,,,,,,3,NO INDICATION OF INJURY,0,0,0,0,0,7,0,15,2,10,41.96913588,-87.65963525,POINT (-87.659635249567 41.969135876999)
c6e35b78924c1bce831641dea003eb18c52c422cf69eabeea861096c5afe07e072c10ef6b2c295d4d29f7d1ac60bcec294c8fd11d7195b72faa5bb449b52dc58,JC461986,Y,10/6/2019 9:30,30,NO CONTROLS,NO CONTROLS,CLEAR,DAYLIGHT,PARKED MOTOR VEHICLE,ONE-WAY,,STRAIGHT AND LEVEL,DRY,NO DEFECTS,,NO INJURY / DRIVE AWAY,,,Y,$500 OR LESS,10/6/2019 9:39,UNABLE TO DETERMINE,NOT APPLICABLE,1738,N,KEYSTONE AVE,2534,,,,,,,3,NO INDICATION OF INJURY,0,0,0,0,0,1,0,9,1,10,41.91282181,-87.72779367,POINT (-87.727793671965 41.912821804712)
825d043e2a497a7b5e3f3fa0f9fbf854ab8e7fb2e0fb2f8fc278bbe5ca6c59b2e9dd897228ad4f003d74d3c28f1522abc2a9b088d9febeffc803b027fe3cfa24,JF151464,Y,2/20/2022 23:00,20,NO CONTROLS,NO CONTROLS,CLEAR,"DARKNESS, LIGHTED ROAD",PARKED MOTOR VEHICLE,ONE-WAY,,STRAIGHT AND LEVEL,DRY,NO DEFECTS,ON SCENE,NO INJURY / DRIVE AWAY,,,Y,"OVER $1,500",2/21/2022 14:00,UNABLE TO DETERMINE,NOT APPLICABLE,6525,S,KOLIN AVE,833,,,,,,,2,NO INDICATION OF INJURY,0,0,0,0,0,1,0,23,1,2,41.77414814,-87.73103741,POINT (-87.731037414045 41.774148136701)
81e551ac2f09ba758b4041c4f7b3b121bab508a3995ca50dda8bfa95c9bc970f0ed916e7bc2da6ecfddfbceaaa7782174c12de27cb297a1821a1771b19e150b4,JF158141,,2/27/2022 21:10,15,NO CONTROLS,NO CONTROLS,CLEAR,"DARKNESS, LIGHTED ROAD",PARKED MOTOR VEHICLE,NOT DIVIDED,,STRAIGHT AND LEVEL,SNOW OR SLUSH,NO DEFECTS,ON SCENE,INJURY AND / OR TOW DUE TO CRASH,,,Y,"OVER $1,500",2/27/2022 21:30,UNABLE TO DETERMINE,UNABLE TO DETERMINE,5109,N,RAVENSWOOD AVE,2032,,,,,,,2,NO INDICATION OF INJURY,0,0,0,0,0,1,0,21,1,2,41.97457766,-87.67421937,POINT (-87.67421936584 41.974577659629)
d663dd7dfc5945e287237384e3e9f490b5a3c527cd11e5887f1512e7233eba0a8d2097c80de4b67d7eecc9d0d100e8ae8890eed361317a3bb9dc1f159568b943,JF181382,,3/20/2022 1:30,30,NO CONTROLS,NO CONTROLS,CLEAR,"DARKNESS, LIGHTED ROAD",FIXED OBJECT,NOT DIVIDED,,STRAIGHT AND LEVEL,WET,NO DEFECTS,NOT ON SCENE (DESK REPORT),INJURY AND / OR TOW DUE TO CRASH,,,,"$501 - $1,500",3/21/2022 12:10,UNABLE TO DETERMINE,NOT APPLICABLE,4461,W,31ST ST,1031,,,,,,,1,NO INDICATION OF INJURY,0,0,0,0,0,2,0,1,1,3,41.83627896,-87.73646634,POINT (-87.736466337062 41.836278959368)
c77ab3954ca4286f4b66c587a9df0c618ef82d63580257d4c7b710abce379495ac600297de819031a0b0323d5053623e67427d6d318464d19484bd99b443d4b3,JF188296,,3/26/2022 14:00,30,NO CONTROLS,NO CONTROLS,CLEAR,DAYLIGHT,PARKED MOTOR VEHICLE,DIVIDED - W/MEDIAN (NOT RAISED),,STRAIGHT AND LEVEL,DRY,NO DEFECTS,NOT ON SCENE (DESK REPORT),NO INJURY / DRIVE AWAY,,,,"$501 - $1,500",3/27/2022 15:00,UNABLE TO DETERMINE,UNABLE TO DETERMINE,2550,N,SOUTHPORT AVE,1932,,,,,,,2,NO INDICATION OF INJURY,0,0,0,0,0,1,0,14,7,3,41.92854843,-87.66357937,POINT (-87.663579371768 41.928548424755)
d6f8e2deb0fd374355f5477c380ccfed71259f2a3361a2e67a1b05eef515d15bb0b661a5f4446764a3c25273f2deeb05d8b19e8e30053b1b6ec0706153afa036,,,4/4/2022 0:30,30,TRAFFIC SIGNAL,FUNCTIONING PROPERLY,RAIN,"DARKNESS, LIGHTED ROAD",ANGLE,T-INTERSECTION,,STRAIGHT AND LEVEL,WET,NO DEFECTS,ON SCENE,INJURY AND / OR TOW DUE TO CRASH,Y,,,"OVER $1,500",4/4/2022 0:39,DISREGARDING TRAFFIC SIGNALS,NOT APPLICABLE,7445,S,STONY ISLAND AVE,324,Y,Y,,,,,2,"REPORTED, NOT EVIDENT",2,0,0,0,2,0,0,0,2,4,41.75925774,-87.58560214,POINT (-87.585602137273 41.759257737436)
d86697498d394f8c3a399bd444905a2e00121392679ce26f819074661a401cd44901b912057ad8490058a434aa20aa45a120de9fd6612ccbfe9d0cdbd962e948,JF180438,,3/20/2022 14:45,30,NO CONTROLS,NO CONTROLS,CLEAR,DAYLIGHT,SIDESWIPE SAME DIRECTION,NOT DIVIDED,,STRAIGHT AND LEVEL,DRY,WORN SURFACE,NOT ON SCENE (DESK REPORT),NO INJURY / DRIVE AWAY,,,Y,$500 OR LESS,3/20/2022 15:00,UNABLE TO DETERMINE,NOT APPLICABLE,3317,E,106TH ST,432,,,,,,,2,NO INDICATION OF INJURY,0,0,0,0,0,2,0,14,1,3,41.70264938,-87.54303931,POINT (-87.543039313045 41.702649382153)
c7ecf764caeed72b77d86f8ba3f11baec52dd6508e75f0b01dc27145e170290d6c530c19116f3c9f898016c8551ef083978354173175d6090684364af2b160eb,JD360819,,9/8/2020 15:58,30,OTHER,FUNCTIONING PROPERLY,RAIN,DAYLIGHT,TURNING,T-INTERSECTION,,STRAIGHT AND LEVEL,WET,NO DEFECTS,,INJURY AND / OR TOW DUE TO CRASH,Y,,,"OVER $1,500",9/8/2020 16:04,FAILING TO YIELD RIGHT-OF-WAY,NOT APPLICABLE,3254,N,PULASKI RD,1731,,,,,,,2,"REPORTED, NOT EVIDENT",1,0,0,0,1,3,0,15,3,9,41.94063718,-87.72737506,POINT (-87.727375055256 41.940637178072)
83757a6a137b1ce987247ea5798dc7e9e7cdfb35d211cda136cc9fb4436ae98113692b2a80310b83c271944b784351ff94aaa7fc0c5530414db2b3a169be743a,JF155779,,2/20/2022 13:00,30,NO CONTROLS,NO CONTROLS,CLEAR,DAYLIGHT,PARKED MOTOR VEHICLE,NOT DIVIDED,,STRAIGHT AND LEVEL,DRY,NO DEFECTS,NOT ON SCENE (DESK REPORT),NO INJURY / DRIVE AWAY,,,,"OVER $1,500",2/25/2022 14:24,UNABLE TO DETERMINE,NOT APPLICABLE,7800,S,COTTAGE GROVE AVE,624,,,,,,,2,NO INDICATION OF INJURY,0,0,0,0,0,1,0,13,1,2,41.75301313,-87.60539305,POINT (-87.605393044674 41.753013126846)
83bd856e2d029a76e86485c9473459be1e30e4d0faa7afab6c8e62caa761f41e72cecdf5f37a7b7d8b95ac3718a57018a054c383775887b54c4d9b06751fb9a9,JF150346,Y,2/20/2022 12:00,30,NO CONTROLS,NO CONTROLS,CLEAR,DAYLIGHT,ANGLE,ALLEY,,STRAIGHT AND LEVEL,DRY,NO DEFECTS,NOT ON SCENE (DESK REPORT),NO INJURY / DRIVE AWAY,,,,"OVER $1,500",2/20/2022 12:10,IMPROPER BACKING,IMPROPER BACKING,1025,W,HOLLYWOOD AVE,2022,,,,,,,2,NO INDICATION OF INJURY,0,0,0,0,0,2,0,12,1,2,41.985403,-87.65633956,POINT (-87.656339557366 41.985402997809)
c27facdfb49850d99db0aaa1f1beb5b21ef19e2d8682695585c3dfd9be46a3c2b980f67c3949e2a7f447a9a87deb80c132e8f9a4dcf0cbcbe9652faba166d29d,JF165437,,3/6/2022 14:05,30,TRAFFIC SIGNAL,FUNCTIONING PROPERLY,CLEAR,DAYLIGHT,REAR END,NOT DIVIDED,,STRAIGHT AND LEVEL,DRY,NO DEFECTS,NOT ON SCENE (DESK REPORT),NO INJURY / DRIVE AWAY,,,,"OVER $1,500",3/6/2022 18:15,DISTRACTION - FROM INSIDE VEHICLE,NOT APPLICABLE,5950,W,ROOSEVELT RD,1513,,,,,,,2,NO INDICATION OF INJURY,0,0,0,0,0,3,0,14,1,3,41.86557388,-87.77373626,POINT (-87.773736263267 41.865573880815)
29f61a2fd6f3b39df7dce1b434bdb4f91f7686107feafacd64fb076eb04f22599b27a3d3ce269ebd1a1aede4ea9f1808e06d172bde45c85de069c0270c15a738,JE242451,,5/25/2021 14:30,30,STOP SIGN/FLASHER,FUNCTIONING PROPERLY,CLEAR,DAYLIGHT,SIDESWIPE SAME DIRECTION,NOT DIVIDED,,STRAIGHT AND LEVEL,DRY,UNKNOWN,,INJURY AND / OR TOW DUE TO CRASH,Y,,,"OVER $1,500",5/25/2021 14:32,DRIVING SKILLS/KNOWLEDGE/EXPERIENCE,UNABLE TO DETERMINE,1900,S,DAMEN AVE,1234,,,,,,,2,NO INDICATION OF INJURY,0,0,0,0,0,3,0,14,3,5,41.85580846,-87.67609277,POINT (-87.676092768363 41.855808462721)
83284b0f66d042ca9157327547128ce750e3c6708689207248fc329e6c92a6488643a78fc9208192e542353e21a84d4ac48447524ec03b0786f1242f5f94acc5,JE247257,,5/29/2021 20:20,10,NO CONTROLS,NO CONTROLS,CLEAR,"DARKNESS, LIGHTED ROAD",FIXED OBJECT,ALLEY,,STRAIGHT AND LEVEL,DRY,NO DEFECTS,,NO INJURY / DRIVE AWAY,,,,"OVER $1,500",5/29/2021 20:25,EQUIPMENT - VEHICLE CONDITION,NOT APPLICABLE,3049,N,NEENAH AVE,2511,,,,,,,2,NO INDICATION OF INJURY,0,0,0,0,0,1,0,20,7,5,41.93606521,-87.78937636,POINT (-87.789376362609 41.936065208923)
d8a4e5f1c4a2987c82da5c0eced1e579271d0bc4ef3951b7bc7e6e454b20ffd7b77ab5658f81876df5d8676b41168f1872c13a3660b953d4f5f4574cab8fa769,JF130971,,2/1/2022 15:20,30,NO CONTROLS,NO CONTROLS,RAIN,DAYLIGHT,SIDESWIPE SAME DIRECTION,DIVIDED - W/MEDIAN BARRIER,,STRAIGHT AND LEVEL,WET,NO DEFECTS,,INJURY AND / OR TOW DUE TO CRASH,,,,"OVER $1,500",2/1/2022 15:25,WEATHER,UNABLE TO DETERMINE,7222,S,STONY ISLAND AVE,324,,,,,,,3,NO INDICATION OF INJURY,0,0,0,0,0,2,0,15,3,2,41.76349106,-87.58640665,POINT (-87.5864066453 41.763491056004)
d907683ac55c97981701df62a33abde48132a8d0c091f1969ee47321a416c4262f3ac2998cd84c923f094ee9225324b74781ebfb3471269a6a51d55c1bd72157,JF180268,,3/20/2022 11:25,30,NO CONTROLS,NO CONTROLS,CLEAR,DAYLIGHT,FIXED OBJECT,PARKING LOT,,STRAIGHT AND LEVEL,WET,UNKNOWN,ON SCENE,INJURY AND / OR TOW DUE TO CRASH,,,,"$501 - $1,500",3/20/2022 11:33,UNABLE TO DETERMINE,UNABLE TO DETERMINE,3335,W,WASHINGTON BLVD,1123,,,,,,,1,"REPORTED, NOT EVIDENT",1,0,0,0,1,0,0,11,1,3,41.8826422,-87.71009344,POINT (-87.710093438494 41.88264219927)
c3bf95ee9e3c903d79071ae1249b0f308b2e909b86ae933718ec745d8f37bd6284c3a0009194cd3cdb389b3cbffe1418bce99341ba95671c3e5c9a188600b8ec,JA516648,,11/18/2017 11:55,20,TRAFFIC SIGNAL,FUNCTIONING PROPERLY,RAIN,DAYLIGHT,FIXED OBJECT,DIVIDED - W/MEDIAN BARRIER,4,STRAIGHT AND LEVEL,WET,NO DEFECTS,ON SCENE,INJURY AND / OR TOW DUE TO CRASH,Y,,,"OVER $1,500",11/18/2017 12:02,EXCEEDING SAFE SPEED FOR CONDITIONS,NOT APPLICABLE,489,E,LOWER WACKER DR,114,,,,,,,1,NO INDICATION OF INJURY,0,0,0,0,0,1,0,11,7,11,41.88726059,-87.61601706,POINT (-87.616017058753 41.887260588963)
db0023da850a63a4f1462533775a051cee1da9382dbe80bee5bf65f43b438a22685d6edb4d7b3d3d887d08c11654b837c39709408fc9c09479485f7e74b58ee7,JF180346,,3/20/2022 12:55,30,TRAFFIC SIGNAL,FUNCTIONING PROPERLY,CLEAR,DAYLIGHT,ANGLE,NOT DIVIDED,,STRAIGHT AND LEVEL,DRY,NO DEFECTS,ON SCENE,INJURY AND / OR TOW DUE TO CRASH,Y,,,"OVER $1,500",3/20/2022 12:55,FAILING TO YIELD RIGHT-OF-WAY,UNABLE TO DETERMINE,7900,S,PULASKI RD,834,,,,,,,2,NO INDICATION OF INJURY,0,0,0,0,0,3,0,12,1,3,41.749339,-87.72205209,POINT (-87.722052090915 41.749339000082)
850d8570c5caacb77c6cf9252b877ddea74d00bcd122f766c7e85442df84c8f1aa8447a016e1d9340348a9948e87e4ddde69a14a05afa7533fa633e11d4abb90,JF150426,,2/20/2022 13:20,20,STOP SIGN/FLASHER,NO CONTROLS,SNOW,DAYLIGHT,ANGLE,NOT DIVIDED,,STRAIGHT AND LEVEL,SNOW OR SLUSH,NO DEFECTS,NOT ON SCENE (DESK REPORT),INJURY AND / OR TOW DUE TO CRASH,Y,,Y,"OVER $1,500",2/20/2022 13:20,DISREGARDING STOP SIGN,UNABLE TO DETERMINE,1445,W,112TH PL,2234,,,,,,,2,NO INDICATION OF INJURY,0,0,0,0,0,2,0,13,1,2,41.68920911,-87.65858575,POINT (-87.658585745922 41.689209105999)
ca617833f025725a3e72ffe70a7e1669a56c27c0ca62e4e243b491722ca11d1bf119014a5f544bdb6575e5e757994ec4004d4714fabc556eb798c51c7dfcaa3f,JF187673,Y,3/26/2022 21:25,30,TRAFFIC SIGNAL,FUNCTIONING PROPERLY,CLEAR,"DARKNESS, LIGHTED ROAD",SIDESWIPE SAME DIRECTION,DIVIDED - W/MEDIAN (NOT RAISED),,STRAIGHT AND LEVEL,DRY,NO DEFECTS,ON SCENE,NO INJURY / DRIVE AWAY,Y,,Y,"$501 - $1,500",3/26/2022 21:39,IMPROPER LANE USAGE,IMPROPER TURNING/NO SIGNAL,798,W,FULLERTON AVE,1935,,Y,,,,,2,NO INDICATION OF INJURY,0,0,0,0,0,3,0,21,7,3,41.92556441,-87.64870285,POINT (-87.648702850361 41.925564407599)
ca55a614284013165288014cd9f8c690456489e9d430ca007e304fcab339ee347fdcd0cbaef377670db10e5bd43f9e2ee92462b716a194f7dfa1fd9a070af951,JC553069,,12/9/2019 17:51,10,NO CONTROLS,NO CONTROLS,CLEAR,"DARKNESS, LIGHTED ROAD",PARKED MOTOR VEHICLE,PARKING LOT,,STRAIGHT AND LEVEL,DRY,NO DEFECTS,,NO INJURY / DRIVE AWAY,,,Y,"OVER $1,500",12/19/2019 18:00,UNABLE TO DETERMINE,NOT APPLICABLE,3857,S,DR MARTIN LUTHER KING JR DR,212,,,,,,,2,NO INDICATION OF INJURY,0,0,0,0,0,1,0,17,2,12,41.82398325,-87.61685389,POINT (-87.616853890785 41.823983251515)
ca8e94f325e1c8ddc830b333b53538a8408f412fc813802c9e78fd14145cce5fa03968b22273d40ee716e7e40077ca7e4a5ce206f89509e0d2b1f69560a883dc,JD456290,,12/11/2020 16:03,30,NO CONTROLS,NO CONTROLS,RAIN,"DARKNESS, LIGHTED ROAD",PARKED MOTOR VEHICLE,ONE-WAY,,STRAIGHT AND LEVEL,WET,NO DEFECTS,,INJURY AND / OR TOW DUE TO CRASH,,,Y,"OVER $1,500",12/11/2020 16:16,UNABLE TO DETERMINE,UNABLE TO DETERMINE,106,E,WALTON ST,1833,,,,,,,4,NO INDICATION OF INJURY,0,0,0,0,0,3,0,16,6,12,41.90010197,-87.62501977,POINT (-87.625019767083 41.900101970388)
caa592a21e89eb773ce32c5403f07f28c8e0048ebaeaa265ae4d9fd89606d008fb879ea6cd0219ef3e53aedb3ef18e8604902a20b78dd4befd813dd4fa7eefd9,JE164109,,3/9/2021 16:30,30,UNKNOWN,UNKNOWN,CLEAR,DAYLIGHT,SIDESWIPE SAME DIRECTION,ONE-WAY,,STRAIGHT AND LEVEL,UNKNOWN,UNKNOWN,,NO INJURY / DRIVE AWAY,,,Y,"OVER $1,500",3/9/2021 18:00,UNABLE TO DETERMINE,NOT APPLICABLE,3410,W,HOLLYWOOD AVE,1711,,,,,,,2,NO INDICATION OF INJURY,0,0,0,0,0,2,0,16,3,3,41.98492858,-87.71426796,POINT (-87.71426796411 41.984928580412)
2de3d475cea326f5a808b376a8082ca85b51c940f71b316fb0c2386ad232ac422daa24aec0007b4309938a8cfb5736642b86ec4211c9271c552ba3bf79a6e95d,JE479362,Y,12/16/2021 0:00,30,NO CONTROLS,NO CONTROLS,CLEAR,DAYLIGHT,PARKED MOTOR VEHICLE,OTHER,,STRAIGHT AND LEVEL,DRY,NO DEFECTS,,NO INJURY / DRIVE AWAY,,,Y,"OVER $1,500",12/16/2021 10:24,UNABLE TO DETERMINE,UNABLE TO DETERMINE,7942,S,CALUMET AVE,623,,,,,,,3,NO INDICATION OF INJURY,0,0,0,0,0,1,0,0,5,12,41.74980678,-87.61665021,POINT (-87.616650212825 41.749806775751)
2e502874e61621c7de129f3f7ba15cac97bba63d835bfe7a68259cbbcfea832841b2be7f1044555737e829ef7257e660fe6522398ef3c0b3debcff0f26101aa0,JE262151,,6/11/2021 13:40,30,STOP SIGN/FLASHER,NO CONTROLS,CLEAR,DAYLIGHT,ANGLE,DIVIDED - W/MEDIAN (NOT RAISED),,STRAIGHT AND LEVEL,DRY,NO DEFECTS,,NO INJURY / DRIVE AWAY,Y,,,"OVER $1,500",6/11/2021 15:00,DISREGARDING STOP SIGN,FAILING TO YIELD RIGHT-OF-WAY,3626,W,LAWRENCE AVE,1712,,,,,,,2,NO INDICATION OF INJURY,0,0,0,0,0,3,0,13,6,6,41.96844525,-87.71941658,POINT (-87.719416575814 41.968445246044)
2e6735429a046eb211ec036948beb0e579845a1eabde3efa97bff5fee539eaa3fd3f8d140964d46061302feb69a9295b35eac1455bb8b679eb786df2a8991f7f,JD275101,,6/24/2020 15:30,30,TRAFFIC SIGNAL,FUNCTIONING PROPERLY,CLEAR,DAYLIGHT,ANGLE,DIVIDED - W/MEDIAN (NOT RAISED),,STRAIGHT AND LEVEL,DRY,NO DEFECTS,,NO INJURY / DRIVE AWAY,Y,,,"$501 - $1,500",6/24/2020 17:50,"VISION OBSCURED (SIGNS, TREE LIMBS, BUILDINGS, ETC.)",FAILING TO YIELD RIGHT-OF-WAY,8300,S,STATE ST,632,,,,,,,2,NO INDICATION OF INJURY,0,0,0,0,0,3,0,15,4,6,41.74356181,-87.6244758,POINT (-87.624475800517 41.743561807288)
2e8d3520283c785bac279d303d54b7c77b4de64f4befcbe011d455185cb55fc57b4fa3f10141758f7c23d1730b3c50e7634d9bfefbebcd1acb9838bf87b7ef1d,JD150766,,2/13/2020 17:00,30,STOP SIGN/FLASHER,FUNCTIONING PROPERLY,CLEAR,DAYLIGHT,PARKED MOTOR VEHICLE,ONE-WAY,,STRAIGHT AND LEVEL,SNOW OR SLUSH,NO DEFECTS,,NO INJURY / DRIVE AWAY,,,Y,"OVER $1,500",2/13/2020 18:39,IMPROPER TURNING/NO SIGNAL,FAILING TO REDUCE SPEED TO AVOID CRASH,1913,N,KENNETH AVE,2533,,,,,,,2,NO INDICATION OF INJURY,0,0,0,0,0,1,0,17,5,2,41.91564528,-87.73736574,POINT (-87.737365741329 41.915645280515)
dc9f29668bfbbb3d95bd71eca4ab6dcfcf56e32ce63fc09edeaae4f46ff29132b730e1ebec035999f1acd085068c6339e0c10dd1a4fddbeecd7a6ffca88f65a5,JF180752,,3/20/2022 20:00,30,STOP SIGN/FLASHER,NO CONTROLS,CLEAR,"DARKNESS, LIGHTED ROAD",TURNING,FOUR WAY,,STRAIGHT AND LEVEL,DRY,NO DEFECTS,ON SCENE,INJURY AND / OR TOW DUE TO CRASH,,,,"OVER $1,500",3/20/2022 20:01,FAILING TO REDUCE SPEED TO AVOID CRASH,NOT APPLICABLE,8201,S,HALSTED ST,622,,,,,,,2,"REPORTED, NOT EVIDENT",1,0,0,0,1,1,0,20,1,3,41.74509952,-87.64373337,POINT (-87.643733365934 41.745099514939)
cbf7a700604c85ae8528f1eaf783cf79075611c4291b34cbe49acf1fb2f02312244dfd8e334f7b33fd01074750fa2430df902eea80de3f9f45fdca657fa1cead,JF188161,Y,3/26/2022 8:05,30,NO CONTROLS,NO CONTROLS,UNKNOWN,UNKNOWN,PARKED MOTOR VEHICLE,ONE-WAY,,STRAIGHT AND LEVEL,UNKNOWN,UNKNOWN,NOT ON SCENE (DESK REPORT),NO INJURY / DRIVE AWAY,,,Y,"$501 - $1,500",3/27/2022 12:23,UNABLE TO DETERMINE,UNABLE TO DETERMINE,870,W,BUENA AVE,1915,,,,,,,2,NO INDICATION OF INJURY,0,0,0,0,0,1,0,8,7,3,41.95856495,-87.65254754,POINT (-87.652547544045 41.958564949492)
caa665f60a1cf180b17f2f1ebb2cf3216254d959e6e13dbf7cbc253c312fd8e10018ed26e1cbb28c3f4bf59243f7556d8d47036af2117a93a560656dde6f1129,JD140102,,2/4/2020 17:42,30,NO CONTROLS,NO CONTROLS,CLEAR,DARKNESS,ANGLE,NOT DIVIDED,,STRAIGHT AND LEVEL,DRY,NO DEFECTS,,NO INJURY / DRIVE AWAY,,,,"OVER $1,500",2/4/2020 17:45,FAILING TO YIELD RIGHT-OF-WAY,NOT APPLICABLE,1532,N,HAMLIN AVE,2535,,,,,,,2,NO INDICATION OF INJURY,0,0,0,0,0,2,0,17,3,2,41.9091118,-87.72178373,POINT (-87.721783729059 41.909111795352)