CRASH_RECORD_ID,RD_NO,CRASH_DATE_EST_I,CRASH_DATE,POSTED_SPEED_LIMIT,TRAFFIC_CONTROL_DEVICE,DEVICE_CONDITION,WEATHER_CONDITION,LIGHTING_CONDITION,FIRST_CRASH_TYPE,TRAFFICWAY_TYPE,LANE_CNT,ALIGNMENT,ROADWAY_SURFACE_COND,ROAD_DEFECT,REPORT_TYPE,CRASH_TYPE,INTERSECTION_RELATED_I,NOT_RIGHT_OF_WAY_I,HIT_AND_RUN_I,DAMAGE,DATE_POLICE_NOTIFIED,PRIM_CONTRIBUTORY_CAUSE,SEC_CONTRIBUTORY_CAUSE,STREET_NO,STREET_DIRECTION,STREET_NAME,BEAT_OF_OCCURRENCE,PHOTOS_TAKEN_I,STATEMENTS_TAKEN_I,DOORING_I,WORK_ZONE_I,WORK_ZONE_TYPE,WORKERS_PRESENT_I,NUM_UNITS,MOST_SEVERE_INJURY,INJURIES_TOTAL,INJURIES_FATAL,INJURIES_INCAPACITATING,INJURIES_NON_INCAPACITATING,INJURIES_REPORTED_NOT_EVIDENT,INJURIES_NO_INDICATION,INJURIES_UNKNOWN,CRASH_HOUR,CRASH_DAY_OF_WEEK,CRASH_MONTH,LATITUDE,LONGITUDE,LOCATION
8771b970d482c81ddd054d122c73069406847c093b018e0f08b8d5070d99e2df19ac2f4e32d3e0df358b20d25cc2fd6287b30a6b85d9dc7239da18f72a225674,JF150500,,2/20/2022 14:00,15,NO CONTROLS,NO CONTROLS,CLEAR,DAYLIGHT,ANGLE,PARKING LOT,,STRAIGHT AND LEVEL,DRY,NO DEFECTS,ON SCENE,NO INJURY / DRIVE AWAY,,,,"OVER $1,500",2/20/2022 14:10,UNABLE TO DETERMINE,UNABLE TO DETERMINE,10000,W,OHARE ST,1651,,,,,,,2,NO INDICATION OF INJURY,0,0,0,0,0,2,0,14,1,2,41.97620114,-87.90530913,POINT (-87.905309125103 41.976201139024)
dccedb0edf66b7861c24da27dc83f6b33f0b3e2bbbdacdb4dde9ce580a981dd49f55b9d7ac4ffe6066ace52979e5be873ed565ba5d68ba9c90431bbbb7a33708,JF180231,,3/20/2022 3:50,30,NO CONTROLS,NO CONTROLS,CLEAR,"DARKNESS, LIGHTED ROAD",PARKED MOTOR VEHICLE,NOT DIVIDED,,STRAIGHT AND LEVEL,DRY,NO DEFECTS,ON SCENE,INJURY AND / OR TOW DUE TO CRASH,,,Y,"OVER $1,500",3/20/2022 11:00,UNABLE TO DETERMINE,UNABLE TO DETERMINE,13310,S,AVENUE M,433,,,,,,,3,NO INDICATION OF INJURY,0,0,0,0,0,1,0,3,1,3,41.65329022,-87.53760694,POINT (-87.537606934536 41.653290216611)
dcd5f003ef81aa90e35ee9eb0cd88121ffda0d0e79c50f4366098a98432995c1c24b505d3a9b1b3fdaf24a6e6f7fa1921cc1d647bee27aa854db0db017045a89,JF186504,Y,3/20/2022 15:00,30,NO CONTROLS,NO CONTROLS,CLEAR,DAYLIGHT,PARKED MOTOR VEHICLE,PARKING LOT,,STRAIGHT AND LEVEL,DRY,UNKNOWN,NOT ON SCENE (DESK REPORT),NO INJURY / DRIVE AWAY,,,,"$501 - $1,500",3/25/2022 17:38,UNABLE TO DETERMINE,NOT APPLICABLE,901,E,104TH ST,512,,,,,,,2,NO INDICATION OF INJURY,0,0,0,0,0,1,0,15,1,3,41.70556659,-87.60107403,POINT (-87.601074030326 41.705566594182)
cc0879bec6e073f2aa3a512c56a87cb996c1f4c83ab15946f2365db78177044a0bb6a61589a813bba9919d1b1e60d690e2814f5330e6ba9be8f921ed81ce28a8,JF187935,,3/26/2022 21:00,30,NO CONTROLS,NO CONTROLS,UNKNOWN,DARKNESS,PARKED MOTOR VEHICLE,ONE-WAY,,STRAIGHT AND LEVEL,UNKNOWN,NO DEFECTS,ON SCENE,NO INJURY / DRIVE AWAY,,,Y,"OVER $1,500",3/27/2022 7:35,UNABLE TO DETERMINE,NOT APPLICABLE,5106,W,ADAMS ST,1533,,,,,,,3,NO INDICATION OF INJURY,0,0,0,0,0,1,0,21,7,3,41.87859684,-87.75381849,POINT (-87.753818492919 41.878596843641)
2f5897f737fd4542458495a79c97883b78fd3751ea506884a8ceb4ec62126b0d4c825d8825238d7a816a814e2feb4a15167e9d0842aa72460b8b8303835c11d4,JE141234,,2/14/2021 1:47,30,TRAFFIC SIGNAL,FUNCTIONING PROPERLY,CLEAR,"DARKNESS, LIGHTED ROAD",ANGLE,T-INTERSECTION,,STRAIGHT AND LEVEL,WET,NO DEFECTS,,INJURY AND / OR TOW DUE TO CRASH,Y,,Y,"OVER $1,500",2/14/2021 2:00,UNABLE TO DETERMINE,UNABLE TO DETERMINE,1637,E,HAYES DR,331,,,,,,,2,NO INDICATION OF INJURY,0,0,0,0,0,2,0,1,1,2,41.78052496,-87.58468542,POINT (-87.584685416889 41.780524957768)
cc03d09ea47a7f78db5b9ddd46530e846426da2a2cd615d9c81f727d420c05d1f65b56966a5df1faace30a17b9e16b9ce12a363d9defbd9a94c519a40cbf93d5,JD201844,,4/4/2020 11:20,25,STOP SIGN/FLASHER,OTHER,CLEAR,DAYLIGHT,ANGLE,ONE-WAY,,STRAIGHT AND LEVEL,DRY,NO DEFECTS,,INJURY AND / OR TOW DUE TO CRASH,Y,,Y,"OVER $1,500",4/4/2020 11:21,DISREGARDING STOP SIGN,FAILING TO YIELD RIGHT-OF-WAY,1000,N,LOCKWOOD AVE,1524,,,,,,,2,NO INDICATION OF INJURY,0,0,0,0,0,3,0,11,7,4,41.89865411,-87.75829709,POINT (-87.758297087607 41.898654112286)
cc105ec23f4637b3b3db811f54927d211e0a047d0919e541570da92d73eb2882a86da256ba18e509ec395fa7fcfc5670789a80302e81ec1637f6451ed94be663,JF134815,,2/5/2022 4:20,30,STOP SIGN/FLASHER,FUNCTIONING PROPERLY,SNOW,DAWN,PARKED MOTOR VEHICLE,NOT DIVIDED,,STRAIGHT AND LEVEL,SNOW OR SLUSH,NO DEFECTS,,NO INJURY / DRIVE AWAY,,,,"OVER $1,500",2/5/2022 15:00,WEATHER,UNABLE TO DETERMINE,2703,S,LOOMIS ST,913,,,,,,,3,NO INDICATION OF INJURY,0,0,0,0,0,1,0,4,7,2,41.84461815,-87.65992512,POINT (-87.659925120417 41.844618150656)
cc7e2517a1cc2b1cf33438792a5b1a8b1f7f406742a0201a8b0f4ddf04edf772020027c19e8de0decb46e9bc246912cdd3c0cd709d8c3e453bb6ac836f7dcb04,JF187675,,3/26/2022 21:27,30,STOP SIGN/FLASHER,NO CONTROLS,CLEAR,"DARKNESS, LIGHTED ROAD",REAR END,NOT DIVIDED,,STRAIGHT AND LEVEL,DRY,NO DEFECTS,ON SCENE,NO INJURY / DRIVE AWAY,,,,"$501 - $1,500",3/26/2022 21:30,IMPROPER OVERTAKING/PASSING,FOLLOWING TOO CLOSELY,717,E,43RD ST,221,,,,,,,2,NO INDICATION OF INJURY,0,0,0,0,0,3,0,21,7,3,41.81667652,-87.60844519,POINT (-87.608445185569 41.816676522535)
87d391612a801b3e5261d597dd74a880a486708f2bda1750eddb3f639f1fbf03b0221a3eba964e507310348d44291ff4904d9baf250a78d6cf61c1c6088ca581,JF157347,,2/27/2022 3:00,30,NO CONTROLS,NO CONTROLS,CLEAR,"DARKNESS, LIGHTED ROAD",FIXED OBJECT,NOT DIVIDED,,STRAIGHT AND LEVEL,DRY,NO DEFECTS,ON SCENE,INJURY AND / OR TOW DUE TO CRASH,,,Y,"OVER $1,500",2/27/2022 3:03,UNABLE TO DETERMINE,NOT APPLICABLE,5733,S,KEDZIE AVE,824,,,,,,,1,NONINCAPACITATING INJURY,1,0,0,1,0,0,0,3,1,2,41.78889143,-87.70327959,POINT (-87.703279592166 41.788891434222)
de781dfd1e8f00f43abf31aa30b88f6e08f7f95bd3d29a19f63e884048f3beeee6f53db51bd7dcaf24f5741944512f77831b8c646e814ec11f0c8067d8f714ca,JF180263,,3/20/2022 11:25,30,NO CONTROLS,NO CONTROLS,CLEAR,DAYLIGHT,TURNING,NOT DIVIDED,,STRAIGHT AND LEVEL,DRY,NO DEFECTS,ON SCENE,INJURY AND / OR TOW DUE TO CRASH,,,,"OVER $1,500",3/20/2022 11:30,FAILING TO YIELD RIGHT-OF-WAY,FAILING TO YIELD RIGHT-OF-WAY,3611,W,63RD ST,823,,Y,,,,,4,NO INDICATION OF INJURY,0,0,0,0,0,2,0,11,1,3,41.77869727,-87.71362672,POINT (-87.713626714707 41.778697268233)
c62bda09f43323185e0c9f7c550fc4395fa4670b1251b56005a8fafead3a2635c2415132c3dfb10f81fc3908626356fbf21b0840cd5889ce83b7b7662e51a814,JF165267,,3/6/2022 14:38,30,TRAFFIC SIGNAL,FUNCTIONING PROPERLY,CLEAR,DAYLIGHT,SIDESWIPE SAME DIRECTION,FOUR WAY,,STRAIGHT AND LEVEL,DRY,NO DEFECTS,NOT ON SCENE (DESK REPORT),NO INJURY / DRIVE AWAY,Y,,,"$501 - $1,500",3/6/2022 15:00,IMPROPER LANE USAGE,IMPROPER LANE USAGE,2020,S,ARCHER AVE,131,,,,,,,2,NO INDICATION OF INJURY,0,0,0,0,0,2,0,14,1,3,41.85497516,-87.63074082,POINT (-87.630740814768 41.854975156151)
ce28cda3027e5365969378173e5e7c71d32ced18bb64e3130226282b885b5ccbdd12af2e4abbd209abe65584c16bcf8dde1d04153bb275e2852aee8258a23399,JF187463,,3/26/2022 16:44,30,STOP SIGN/FLASHER,FUNCTIONING PROPERLY,CLEAR,DAYLIGHT,REAR TO SIDE,UNKNOWN INTERSECTION TYPE,,STRAIGHT AND LEVEL,DRY,NO DEFECTS,ON SCENE,NO INJURY / DRIVE AWAY,Y,,Y,"OVER $1,500",3/26/2022 16:44,DISREGARDING STOP SIGN,NOT APPLICABLE,1932,W,53RD ST,932,,,,,,,2,NO INDICATION OF INJURY,0,0,0,0,0,4,0,16,7,3,41.7977193,-87.67325529,POINT (-87.673255289884 41.797719303303)
88470fd0998dad11ed63ace8aa35950e6413c07c57ba453b872f9e52d1201a1e0f697e1c0c70df13e25a18868132241acc9228a4600229eb6933a600f9d51d52,JD324578,,8/8/2020 0:29,30,TRAFFIC SIGNAL,FUNCTIONING PROPERLY,CLEAR,"DARKNESS, LIGHTED ROAD",REAR END,RAMP,,STRAIGHT AND LEVEL,DRY,NO DEFECTS,,NO INJURY / DRIVE AWAY,,,,"OVER $1,500",8/8/2020 0:30,UNABLE TO DETERMINE,NOT APPLICABLE,4399,W,CONGRESS PKWY,1131,,Y,,,,,2,NO INDICATION OF INJURY,0,0,0,0,0,4,0,0,7,8,41.87412133,-87.73520421,POINT (-87.735204213262 41.874121325199)
8870e7464aba2c4e741388658821bb20451d1f08b813b64c8bbb0b5abb5681744f3899b13fb30923a7a1dadc2f7cdd333e95eac38fed4407ca50952ac466f802,JC493431,,10/31/2019 14:00,20,NO CONTROLS,NO CONTROLS,SNOW,DAYLIGHT,SIDESWIPE SAME DIRECTION,DIVIDED - W/MEDIAN (NOT RAISED),,STRAIGHT AND LEVEL,WET,UNKNOWN,,INJURY AND / OR TOW DUE TO CRASH,,,,"OVER $1,500",10/31/2019 15:15,FAILING TO REDUCE SPEED TO AVOID CRASH,FAILING TO YIELD RIGHT-OF-WAY,7519,S,PAXTON AVE,414,,,,,,,3,"REPORTED, NOT EVIDENT",2,0,0,0,2,1,0,14,5,10,41.75833767,-87.57109933,POINT (-87.571099328855 41.758337667229)
895807eaa188b96b9e229d61a48a2acddbbf6c3486cd6833bb9d7972bab3d4d96a45264c7d3ca69b86a07fc61ca2bd976349905e06ff74c971e04ba92caa430a,JE395276,,10/1/2021 18:55,15,NO CONTROLS,NO CONTROLS,CLEAR,DAYLIGHT,SIDESWIPE OPPOSITE DIRECTION,DRIVEWAY,,"CURVE, LEVEL",DRY,NO DEFECTS,,NO INJURY / DRIVE AWAY,,,Y,"$501 - $1,500",10/2/2021 12:00,IMPROPER BACKING,NOT APPLICABLE,2631,S,INDIANA AVE,133,,,,,,,2,NO INDICATION OF INJURY,0,0,0,0,0,2,0,18,6,10,41.84474707,-87.62196697,POINT (-87.621966968541 41.844747064584)
c64f52e71e207ce7f5f2ba329cec9187ca73aff70376bdd3678bd20d26734f95cda56c043c07ea2f218777258f19eb5dfba2424fe32e799bedd02c5301c96fc9,JF180628,,3/20/2022 17:20,30,TRAFFIC SIGNAL,FUNCTIONING PROPERLY,CLEAR,DAYLIGHT,TURNING,CENTER TURN LANE,,STRAIGHT AND LEVEL,DRY,NO DEFECTS,,INJURY AND / OR TOW DUE TO CRASH,Y,,N,"OVER $1,500",3/20/2022 17:30,IMPROPER LANE USAGE,NOT APPLICABLE,3400,W,OGDEN AVE,1021,,,,,,,2,"REPORTED, NOT EVIDENT",1,0,0,0,1,2,0,17,1,3,41.85635054,-87.71037525,POINT (-87.710375249191 41.856350538058)
cea932170062371496713b07c484512f6382bab2b45a86c36cd8d3074b02d6cd9171037f262d6ac157da57e5d74539c523ba3724117e0e1e32227a3ccd6ef15a,JF187629,,3/26/2022 19:50,30,STOP SIGN/FLASHER,FUNCTIONING PROPERLY,CLEAR,"DARKNESS, LIGHTED ROAD",REAR END,NOT DIVIDED,,STRAIGHT AND LEVEL,DRY,NO DEFECTS,NOT ON SCENE (DESK REPORT),NO INJURY / DRIVE AWAY,,,,"OVER $1,500",3/26/2022 20:20,UNABLE TO DETERMINE,UNABLE TO DETERMINE,900,N,LARAMIE AVE,1524,,,,,,,2,NO INDICATION OF INJURY,0,0,0,0,0,2,0,19,7,3,41.8968426,-87.75579414,POINT (-87.755794143168 41.896842600374)
c6917ec0e0a8a48ddf9f19b08210948bee4a5cac464f312b9dba30f6e05a58eb3d8b9b3e61b2633131aa64ab8ca41f3d85b98534f6d5cef8e01c4adaca04cfa6,JF164769,,3/6/2022 1:30,25,STOP SIGN/FLASHER,FUNCTIONING PROPERLY,CLEAR,"DARKNESS, LIGHTED ROAD",PARKED MOTOR VEHICLE,NOT DIVIDED,,STRAIGHT AND LEVEL,WET,NO DEFECTS,ON SCENE,INJURY AND / OR TOW DUE TO CRASH,,,,"OVER $1,500",3/6/2022 1:33,UNDER THE INFLUENCE OF ALCOHOL/DRUGS (USE WHEN ARREST IS EFFECTED),UNDER THE INFLUENCE OF ALCOHOL/DRUGS (USE WHEN ARREST IS EFFECTED),1250,N,HOMAN AVE,1422,,,,,,,3,NONINCAPACITATING INJURY,1,0,0,1,0,0,0,1,1,3,41.90431114,-87.71187099,POINT (-87.711870985672 41.904311136526)
cf3ad5aedd448ee936e05c59b66b065c7d64c121fd7b03dc26d209311b732736ad940c2454caa6be6f3235dbadccb5d801d2197d430ac49e2343e72dd2f1a09f,JF187426,,3/26/2022 16:00,30,NO CONTROLS,NO CONTROLS,CLOUDY/OVERCAST,DAYLIGHT,ANGLE,PARKING LOT,,STRAIGHT ON GRADE,DRY,NO DEFECTS,ON SCENE,NO INJURY / DRIVE AWAY,,,Y,"$501 - $1,500",3/26/2022 16:02,"OPERATING VEHICLE IN ERRATIC, RECKLESS, CARELESS, NEGLIGENT OR AGGRESSIVE MANNER",NOT APPLICABLE,4499,S,ASHLAND AVE,924,,,,,,,2,NO INDICATION OF INJURY,0,0,0,0,0,2,0,16,7,3,41.81231632,-87.66491915,POINT (-87.664919151042 41.812316322167)
8b03dffaaa44ce1c2a70804bd62043692f44820d7de73baeabd399f36fb5160311f0c08e7c172c61854fd00251960884dfe91686024f71ca724502cc332ee04c,JF150510,,2/20/2022 14:40,30,NO CONTROLS,NO CONTROLS,CLEAR,DAYLIGHT,TURNING,NOT DIVIDED,,STRAIGHT AND LEVEL,DRY,NO DEFECTS,,NO INJURY / DRIVE AWAY,,,Y,"$501 - $1,500",2/20/2022 14:56,NOT APPLICABLE,NOT APPLICABLE,7300,S,WESTERN AVE,835,,,,,,,2,NO INDICATION OF INJURY,0,0,0,0,0,3,0,14,1,2,41.76096182,-87.68329468,POINT (-87.683294684333 41.76096181738)
c71dfa970283ad9cf5bcfd5e621a343395482a878dd42ddcc0adff85e371155063eb0fe2dd586c60340f83541d8ee0a3544c08c646d12e7dd637bc6599f62a01,JB510523,,11/10/2018 3:15,39,NO CONTROLS,NO CONTROLS,CLEAR,"DARKNESS, LIGHTED ROAD",FIXED OBJECT,DIVIDED - W/MEDIAN BARRIER,,STRAIGHT AND LEVEL,DRY,NO DEFECTS,ON SCENE,INJURY AND / OR TOW DUE TO CRASH,,,,"OVER $1,500",11/10/2018 3:20,DRIVING SKILLS/KNOWLEDGE/EXPERIENCE,NOT APPLICABLE,488,E,LOWER WACKER DR,114,,,,,,,1,NO INDICATION OF INJURY,0,0,0,0,0,1,0,3,7,11,41.88747989,-87.61604712,POINT (-87.616047119018 41.88747988917)
cfee700c5722220880190f6dad98b5390638204f959d62c1734a6e4e68e9cda00e943792a3c608eba10d0ff280f8033b48ed67068f0d4d68f1342584374ad9b2,JD330161,Y,8/12/2020 19:15,25,NO CONTROLS,NO CONTROLS,CLEAR,DUSK,PEDESTRIAN,NOT DIVIDED,,STRAIGHT AND LEVEL,DRY,NO DEFECTS,,NO INJURY / DRIVE AWAY,Y,,Y,$500 OR LESS,8/12/2020 19:30,UNABLE TO DETERMINE,UNABLE TO DETERMINE,3100,W,DEVON AVE,2412,,,,,,,2,NO INDICATION OF INJURY,0,0,0,0,0,3,0,19,4,8,41.99753989,-87.70700596,POINT (-87.707005961806 41.997539893342)
c88a4888d2304fd7a1e7b03c3e5f6e1c55597c347ab02abeb122e2bb305c9a085b4be7dfe689630d5bf48698bb5523f363471de49de0e18a843c635229f6d937,JB506703,,11/7/2018 5:55,30,TRAFFIC SIGNAL,FUNCTIONING PROPERLY,CLEAR,DAYLIGHT,REAR END,ONE-WAY,2,STRAIGHT AND LEVEL,DRY,NO DEFECTS,ON SCENE,NO INJURY / DRIVE AWAY,,,,"OVER $1,500",11/7/2018 6:09,IMPROPER BACKING,DRIVING SKILLS/KNOWLEDGE/EXPERIENCE,487,E,LOWER WACKER DR,114,,,,,,,2,NO INDICATION OF INJURY,0,0,0,0,0,2,0,5,4,11,41.88726034,-87.61604759,POINT (-87.616047589078 41.887260340962)
8c3a66a85aad78b507ade82626065ab9b683199b3edced763a32063f6835b241db6b6fc56d9d16439c13a45c97ad2c72fa693f15dad13190ad6a2e1f2ba4f1d6,JF150128,,2/20/2022 2:50,30,TRAFFIC SIGNAL,FUNCTIONING PROPERLY,CLEAR,"DARKNESS, LIGHTED ROAD",REAR END,FOUR WAY,,STRAIGHT ON GRADE,DRY,NO DEFECTS,ON SCENE,NO INJURY / DRIVE AWAY,Y,,,$500 OR LESS,2/20/2022 2:53,FOLLOWING TOO CLOSELY,NOT APPLICABLE,4158,S,CALIFORNIA AVE,921,,,,,,,2,NO INDICATION OF INJURY,0,0,0,0,0,5,0,2,1,2,41.81813441,-87.69465735,POINT (-87.694657349357 41.818134406952)
8c496148e79aac1929fa8707ba6e2d9dea8f4b5a3d18543a8f164657b2d5de0013ac29ce3997056e2b78377a82682c83e95066dd513331dab0c8207a62c4e905,JF150902,,2/20/2022 20:25,30,STOP SIGN/FLASHER,NO CONTROLS,CLEAR,"DARKNESS, LIGHTED ROAD",ANGLE,FOUR WAY,,STRAIGHT AND LEVEL,DRY,NO DEFECTS,ON SCENE,INJURY AND / OR TOW DUE TO CRASH,,,Y,"OVER $1,500",2/20/2022 20:25,DISREGARDING STOP SIGN,FAILING TO REDUCE SPEED TO AVOID CRASH,6802,S,RACINE AVE,724,,,,,,,2,INCAPACITATING INJURY,1,0,1,0,0,1,0,20,1,2,41.7703646,-87.65440324,POINT (-87.654403243148 41.770364599276)
c8939fb8921e08ff572f8f9d1ee67db99b4e98f7d5fe3a2a3fc38f27368d2ebdbeff45e5aac75d995e791231cffa40384ceb6c0fb3c0825f5195161461d882dc,JF165016,Y,3/6/2022 6:45,25,NO CONTROLS,NO CONTROLS,CLEAR,DAYLIGHT,PARKED MOTOR VEHICLE,NOT DIVIDED,,STRAIGHT AND LEVEL,DRY,NO DEFECTS,NOT ON SCENE (DESK REPORT),NO INJURY / DRIVE AWAY,,,,"$501 - $1,500",3/6/2022 10:50,UNABLE TO DETERMINE,DRIVING SKILLS/KNOWLEDGE/EXPERIENCE,1945,W,GREENLEAF AVE,2424,,,,,,,2,NO INDICATION OF INJURY,0,0,0,0,0,1,0,6,1,3,42.00999004,-87.67992022,POINT (-87.679920222686 42.009990043604)
8ada41741849a561c857fd6bf3956fdf318b107a392c0a7af5412e58187b3a4d5356806a9ba75401ef7670f5ec5743633df70c95fd72d8303098bbbbdaf765fb,JF157895,,2/27/2022 16:30,30,TRAFFIC SIGNAL,FUNCTIONING PROPERLY,CLEAR,DAYLIGHT,TURNING,DIVIDED - W/MEDIAN BARRIER,,STRAIGHT AND LEVEL,DRY,NO DEFECTS,NOT ON SCENE (DESK REPORT),NO INJURY / DRIVE AWAY,,,,"OVER $1,500",2/27/2022 17:00,FAILING TO YIELD RIGHT-OF-WAY,UNABLE TO DETERMINE,1556,W,ROOSEVELT RD,1231,,,,,,,2,NO INDICATION OF INJURY,0,0,0,0,0,2,0,16,1,2,41.86697147,-87.66619149,POINT (-87.66619148656 41.866971471466)
8b488bba75ffcde7250a64f7d0ff8b3edbc34dc15717866c94fb3e6d5c7f3d4f6e70c2d8325041676e65bf630dca34142dcc47f00b901ed06a4a4ed5f2bb2416,JF157706,,2/27/2022 13:45,30,NO CONTROLS,NO CONTROLS,CLEAR,DAYLIGHT,PARKED MOTOR VEHICLE,NOT DIVIDED,,STRAIGHT AND LEVEL,SNOW OR SLUSH,NO DEFECTS,ON SCENE,NO INJURY / DRIVE AWAY,,,,$500 OR LESS,2/27/2022 13:50,IMPROPER BACKING,NOT APPLICABLE,6317,N,CALIFORNIA AVE,2413,,,,,,,3,NO INDICATION OF INJURY,0,0,0,0,0,1,0,13,1,2,41.99630651,-87.69944857,POINT (-87.699448573068 41.996306504607)
8bba71819910715431dc08593da6294d0612126ae60fb0f324d0ecad4eb88bf9cd758d76da178623a6eb148bc0e2039dc2769a7fa1e65cacf1a418bff4b50bd8,JF157408,,2/27/2022 3:06,30,TRAFFIC SIGNAL,FUNCTIONING PROPERLY,CLEAR,"DARKNESS, LIGHTED ROAD",REAR END,NOT DIVIDED,,STRAIGHT AND LEVEL,DRY,UNKNOWN,NOT ON SCENE (DESK REPORT),NO INJURY / DRIVE AWAY,,,,"OVER $1,500",2/27/2022 5:15,FOLLOWING TOO CLOSELY,FAILING TO REDUCE SPEED TO AVOID CRASH,136,W,SCHILLER ST,1821,,,,,,,2,NO INDICATION OF INJURY,0,0,0,0,0,2,0,3,1,2,41.90781546,-87.63302081,POINT (-87.633020809838 41.907815463679)
e290129774ff8372eba57aae3e93987b7e4b4e7203d09e8d4bf7f7280dd0ec39ee3c893cef87a6bd85770d1457722f6f2716ef20cd4221e4bc1a1abfc821f55f,JF180192,,3/20/2022 9:56,30,TRAFFIC SIGNAL,FUNCTIONING PROPERLY,CLEAR,DAYLIGHT,TURNING,NOT DIVIDED,,STRAIGHT AND LEVEL,DRY,NO DEFECTS,ON SCENE,NO INJURY / DRIVE AWAY,,,,"OVER $1,500",3/20/2022 10:01,DRIVING SKILLS/KNOWLEDGE/EXPERIENCE,UNABLE TO DETERMINE,4525,W,NORTH AVE,2533,,,,,,,2,NO INDICATION OF INJURY,0,0,0,0,0,3,0,9,1,3,41.9095949,-87.73980172,POINT (-87.739801719456 41.90959489668)
cb2e71c5adc90300a7bf598628f1e06d673104268e236f76eb49e84442cfefe3ef33c439282fa31d2a66b69e5c7cd7b337c10ab07f943f2d531c9c542295ac79,JE191115,,4/6/2021 5:50,30,TRAFFIC SIGNAL,FUNCTIONING PROPERLY,CLEAR,"DARKNESS, LIGHTED ROAD",REAR TO FRONT,DIVIDED - W/MEDIAN BARRIER,,"CURVE, LEVEL",DRY,NO DEFECTS,NOT ON SCENE (DESK REPORT),NO INJURY / DRIVE AWAY,,,Y,"$501 - $1,500",4/6/2021 12:20,UNABLE TO DETERMINE,NOT APPLICABLE,440,E,LOWER WACKER DR,114,,,,,,,2,NO INDICATION OF INJURY,0,0,0,0,0,2,0,5,3,4,41.88753488,-87.61674918,POINT (-87.616749180977 41.887534878854)
cb8d57b620cf4da63ac70296cfacd3b706ade6901e89f84426a0bbe8a94216bc8eb737122cc9e8db66f5e62d7ac2988b3103893ad54954d2671e109c67ec97a1,JF165623,,3/6/2022 23:20,30,TRAFFIC SIGNAL,NOT FUNCTIONING,RAIN,"DARKNESS, LIGHTED ROAD",ANGLE,FOUR WAY,,STRAIGHT AND LEVEL,WET,NO DEFECTS,ON SCENE,NO INJURY / DRIVE AWAY,Y,,Y,"$501 - $1,500",3/6/2022 23:21,FAILING TO YIELD RIGHT-OF-WAY,UNABLE TO DETERMINE,2400,N,NARRAGANSETT AVE,2512,,,,,,,2,NO INDICATION OF INJURY,0,0,0,0,0,2,0,23,1,3,41.92377708,-87.78559306,POINT (-87.785593062676 41.923777078794)
8e411ef1bcb67ba36cba639078494b09cc9ef88263dcf31716a5204dd7f26252c393183cdd0fa72bd1666b86572ffc9d2fbdd76c7c15c57abbb3bd994df13ec4,JF150527,,2/20/2022 11:50,30,NO CONTROLS,NO CONTROLS,CLEAR,DAYLIGHT,PARKED MOTOR VEHICLE,NOT DIVIDED,,STRAIGHT AND LEVEL,UNKNOWN,UNKNOWN,NOT ON SCENE (DESK REPORT),NO INJURY / DRIVE AWAY,,,Y,"$501 - $1,500",2/20/2022 15:18,UNABLE TO DETERMINE,UNABLE TO DETERMINE,1308,W,FLETCHER ST,1933,,,,,,,2,NO INDICATION OF INJURY,0,0,0,0,0,1,0,11,1,2,41.93899611,-87.66167922,POINT (-87.661679221273 41.938996109462)
8d754859f3736eb5c8a6efeabb67a51c35eeb2cc7a1ce89ea9eeec1bf1ece0af98974e13325cec83ab6e5e55e91ec7d1383a767d2178e026615b4f4e7080598e,JF157340,Y,2/27/2022 2:30,30,NO CONTROLS,NO CONTROLS,CLEAR,"DARKNESS, LIGHTED ROAD",PARKED MOTOR VEHICLE,NOT DIVIDED,,STRAIGHT AND LEVEL,DRY,NO DEFECTS,ON SCENE,NO INJURY / DRIVE AWAY,,,Y,"$501 - $1,500",2/27/2022 2:30,UNABLE TO DETERMINE,UNABLE TO DETERMINE,1531,E,75TH ST,411,,,,,,,3,NO INDICATION OF INJURY,0,0,0,0,0,1,0,2,1,2,41.7586448,-87.5872155,POINT (-87.587215498747 41.758644796536)
cbfb04b55a88e98054ab453fdb802450ea85f70d90b996cf9211c7d16e7975a2303f4f9ee8ad31c92301ac123b4c00fcd5a953787e0a594fbceae9e6d0749125,JF165048,N,3/6/2022 10:00,25,NO CONTROLS,NO CONTROLS,CLEAR,DAYLIGHT,PARKED MOTOR VEHICLE,ONE-WAY,,STRAIGHT AND LEVEL,DRY,"RUT, HOLES",ON SCENE,NO INJURY / DRIVE AWAY,,,Y,"OVER $1,500",3/6/2022 11:06,UNABLE TO DETERMINE,UNABLE TO DETERMINE,6425,S,EBERHART AVE,312,,,,,,,2,NO INDICATION OF INJURY,0,0,0,0,0,1,0,10,1,3,41.77769995,-87.61300194,POINT (-87.613001935164 41.777699945701)