CRASH_RECORD_ID,RD_NO,CRASH_DATE_EST_I,CRASH_DATE,POSTED_SPEED_LIMIT,TRAFFIC_CONTROL_DEVICE,DEVICE_CONDITION,WEATHER_CONDITION,LIGHTING_CONDITION,FIRST_CRASH_TYPE,TRAFFICWAY_TYPE,LANE_CNT,ALIGNMENT,ROADWAY_SURFACE_COND,ROAD_DEFECT,REPORT_TYPE,CRASH_TYPE,INTERSECTION_RELATED_I,NOT_RIGHT_OF_WAY_I,HIT_AND_RUN_I,DAMAGE,DATE_POLICE_NOTIFIED,PRIM_CONTRIBUTORY_CAUSE,SEC_CONTRIBUTORY_CAUSE,STREET_NO,STREET_DIRECTION,STREET_NAME,BEAT_OF_OCCURRENCE,PHOTOS_TAKEN_I,STATEMENTS_TAKEN_I,DOORING_I,WORK_ZONE_I,WORK_ZONE_TYPE,WORKERS_PRESENT_I,NUM_UNITS,MOST_SEVERE_INJURY,INJURIES_TOTAL,INJURIES_FATAL,INJURIES_INCAPACITATING,INJURIES_NON_INCAPACITATING,INJURIES_REPORTED_NOT_EVIDENT,INJURIES_NO_INDICATION,INJURIES_UNKNOWN,CRASH_HOUR,CRASH_DAY_OF_WEEK,CRASH_MONTH,LATITUDE,LONGITUDE,LOCATION
cc3e0bc57769174ac58ed33504ede8ba37b89ef906ac2caa431a245b40d34e81025e83bf9abff65d16f759c66c5e71cd3a07eff1b6d5de9f4cd01f1e45a4725d,JA225756,,4/10/2017 22:20,30,NO CONTROLS,NO CONTROLS,CLEAR,DAYLIGHT,OTHER OBJECT,RAMP,1,STRAIGHT ON HILLCREST,DRY,"RUT, HOLES",NOT ON SCENE (DESK REPORT),NO INJURY / DRIVE AWAY,,,,$500 OR LESS,4/15/2017 12:30,ROAD CONSTRUCTION/MAINTENANCE,NOT APPLICABLE,460,E,LOWER WACKER DR,114,,,,,,,1,NO INDICATION OF INJURY,0,0,0,0,0,1,0,22,2,4,41.88751545,-87.61644077,POINT (-87.616440774478 41.887515452435)
35c7e865db35cb3ac23ebb5e9ca97a2f605cbfdea27f70b9c08f0f7d041284892e4ecc4be93fe55ed0acdb394cea9a13c831090ff5560602063803da0ec86021,JC522204,,11/23/2019 5:30,30,NO CONTROLS,NO CONTROLS,CLEAR,DAYLIGHT,REAR END,DIVIDED - W/MEDIAN (NOT RAISED),,STRAIGHT AND LEVEL,DRY,NO DEFECTS,,NO INJURY / DRIVE AWAY,,,,"OVER $1,500",11/23/2019 23:20,DISTRACTION - FROM INSIDE VEHICLE,NOT APPLICABLE,5154,S,KEDZIE AVE,822,,,,,,,2,NO INDICATION OF INJURY,0,0,0,0,0,2,0,5,7,11,41.7991955,-87.70386636,POINT (-87.703866358098 41.799195495907)
8d47eb2dff2b3223e0a57f7f06ae8a9b9b060f933f4f5921173aa2d1cb1af3cdd8ed15c03ef2c927f6a7a195fb891059e57962cb8b3634e73dd8bbcfd5ada93d,JE193291,,4/8/2021 11:52,30,NO CONTROLS,NO CONTROLS,RAIN,DAYLIGHT,TURNING,FOUR WAY,,STRAIGHT AND LEVEL,WET,NO DEFECTS,,INJURY AND / OR TOW DUE TO CRASH,Y,,,"OVER $1,500",4/8/2021 11:54,UNABLE TO DETERMINE,UNABLE TO DETERMINE,2831,N,ASHLAND AVE,1932,,,,,,,2,NONINCAPACITATING INJURY,3,0,0,3,0,1,0,11,5,4,41.93326588,-87.66828304,POINT (-87.668283043842 41.933265879606)
cbe6379a5f64db48969616dded09547d8ced8019118d4020f63c5073059a8a00fdb653072194210c1ccc56fe085ef9738c72e1a47abbaf749f43cbb7803aa23f,JC332410,,7/2/2019 20:50,30,STOP SIGN/FLASHER,FUNCTIONING PROPERLY,RAIN,"DARKNESS, LIGHTED ROAD",PARKED MOTOR VEHICLE,NOT DIVIDED,,STRAIGHT AND LEVEL,WET,UNKNOWN,,NO INJURY / DRIVE AWAY,,,Y,"OVER $1,500",7/2/2019 23:00,UNABLE TO DETERMINE,NOT APPLICABLE,1201,E,79TH ST,411,N,,,,,,2,NO INDICATION OF INJURY,0,0,0,0,0,1,0,20,3,7,41.75127762,-87.59542736,POINT (-87.595427361329 41.751277621813)
e36e3fd8af2c4afcea80589c46d1a3ad217533e31a7f120a1a82a0121728512e47b5a6347370f8faf9df2e4aaa3fa2484a79f7fd718914fb0969fe5c5a65a9cc,JF181330,,3/20/2022 23:20,25,UNKNOWN,UNKNOWN,UNKNOWN,DARKNESS,REAR END,NOT DIVIDED,,STRAIGHT AND LEVEL,UNKNOWN,UNKNOWN,NOT ON SCENE (DESK REPORT),NO INJURY / DRIVE AWAY,,,Y,"OVER $1,500",3/21/2022 11:30,UNABLE TO DETERMINE,UNABLE TO DETERMINE,12901,S,HALSTED ST,523,,,,,,,3,NO INDICATION OF INJURY,0,0,0,0,0,3,0,23,1,3,41.65944255,-87.6411473,POINT (-87.641147294585 41.659442546608)
d4bdf03824b64441a9def17ccee26a87d7a84a6e71e03c72a8a8bdf44339d75e2015e0b16f0364e5804927ca9567bb295dba754ab2fbfd40ad5f3804d861837f,JF187244,,3/26/2022 10:45,30,TRAFFIC SIGNAL,FUNCTIONING PROPERLY,CLEAR,DAYLIGHT,TURNING,T-INTERSECTION,,STRAIGHT AND LEVEL,DRY,NO DEFECTS,ON SCENE,INJURY AND / OR TOW DUE TO CRASH,Y,,,"OVER $1,500",3/26/2022 10:50,IMPROPER TURNING/NO SIGNAL,IMPROPER TURNING/NO SIGNAL,200,E,ILLINOIS ST,1834,,,,,,,2,NONINCAPACITATING INJURY,1,0,0,1,0,3,0,10,7,3,41.89106986,-87.6226194,POINT (-87.622619399716 41.891069857341)
ce066f73b6e37fdca0a4f5bedf3ae862a90fd759004124c12aac47c69cd60e474e78b5bd0f6a8ba85ffe4eff93ed39643579fd12f3ed45ddcbae46e8522fb651,JF164997,,3/6/2022 10:00,35,NO CONTROLS,NO CONTROLS,CLEAR,DAYLIGHT,PARKED MOTOR VEHICLE,DIVIDED - W/MEDIAN (NOT RAISED),,STRAIGHT AND LEVEL,DRY,NO DEFECTS,ON SCENE,NO INJURY / DRIVE AWAY,,,,"OVER $1,500",3/6/2022 10:10,UNABLE TO DETERMINE,NOT APPLICABLE,6245,S,PULASKI RD,823,,,,,,,3,NO INDICATION OF INJURY,0,0,0,0,0,2,0,10,1,3,41.77913544,-87.72262737,POINT (-87.722627365719 41.779135440258)
9046bce25818386f3af3e81c48270786119617f5da6522c67611d7f0e6229e475049e5a104b53a5f0fd76c382baa99154aea8f4675d0c801324b710dad182d6e,JF157876,,2/27/2022 16:20,30,STOP SIGN/FLASHER,FUNCTIONING PROPERLY,CLEAR,DAYLIGHT,TURNING,FOUR WAY,,STRAIGHT AND LEVEL,DRY,NO DEFECTS,ON SCENE,NO INJURY / DRIVE AWAY,Y,,,"OVER $1,500",2/27/2022 16:31,FAILING TO YIELD RIGHT-OF-WAY,NOT APPLICABLE,8300,S,INGLESIDE AVE,632,,,,,,,2,NO INDICATION OF INJURY,0,0,0,0,0,2,0,16,1,2,41.74393233,-87.60152722,POINT (-87.601527223906 41.743932331985)
ce764a762316b34a12b320acafcd98f10135c5fbb0864d5bf2f703758d5ae5d2e2f9676d13561ccc9c56ec16c1f2495135d867935c520969ae22d495ad51a364,JF165534,,3/6/2022 20:10,30,TRAFFIC SIGNAL,FUNCTIONING PROPERLY,CLEAR,"DARKNESS, LIGHTED ROAD",ANGLE,DIVIDED - W/MEDIAN (NOT RAISED),,STRAIGHT AND LEVEL,DRY,NO DEFECTS,NOT ON SCENE (DESK REPORT),NO INJURY / DRIVE AWAY,Y,,Y,"$501 - $1,500",3/6/2022 20:35,DISTRACTION - FROM OUTSIDE VEHICLE,UNABLE TO DETERMINE,8700,S,RACINE AVE,2222,,,,,,,2,NO INDICATION OF INJURY,0,0,0,0,0,2,0,20,1,3,41.73584164,-87.65348395,POINT (-87.653483949803 41.735841643319)
90b6005b2d13f2f6db8b9241dcebf802e21557f43ae47eb2efd9a2247272a14c30622d60fd8553304cc2af270fd2ea071cdf4d1acc8a7cbbab628daf730cd065,JF157729,,2/27/2022 13:00,10,UNKNOWN,UNKNOWN,CLEAR,DAYLIGHT,SIDESWIPE SAME DIRECTION,PARKING LOT,,STRAIGHT AND LEVEL,UNKNOWN,UNKNOWN,NOT ON SCENE (DESK REPORT),NO INJURY / DRIVE AWAY,,Y,,"OVER $1,500",2/27/2022 14:25,UNABLE TO DETERMINE,UNABLE TO DETERMINE,10,E,GRAND AVE,1834,,,,,,,2,NO INDICATION OF INJURY,0,0,0,0,0,2,0,13,1,2,41.89179146,-87.62765774,POINT (-87.6276577412 41.891791463112)
918b7a94a9aa5ae0a069de29de9fa4cf5147f972b543f0261b1259d936dd37127755ea4d3ab3fdd337270617246e347970fe7e6996eac2ca609ddee4c660ca90,JF159016,,2/27/2022 20:30,20,NO CONTROLS,NO CONTROLS,CLEAR,DARKNESS,TURNING,PARKING LOT,,STRAIGHT AND LEVEL,DRY,NO DEFECTS,NOT ON SCENE (DESK REPORT),NO INJURY / DRIVE AWAY,,Y,,"$501 - $1,500",2/28/2022 18:01,NOT APPLICABLE,NOT APPLICABLE,5320,S,PULASKI RD,815,,,,,,,2,NO INDICATION OF INJURY,0,0,0,0,0,2,0,20,1,2,41.79619759,-87.72339188,POINT (-87.723391883445 41.796197591416)
e699d313f3647ede3fcc8eb5c0fe3a93ecd244751b23c6862e1ab1ba72497d7cb17372d165cea3ae5a0d24f8cb2f26846119c2011a1eb9ada731c79c5d56f3bb,JF180690,,3/20/2022 17:30,30,TRAFFIC SIGNAL,FUNCTIONING PROPERLY,CLEAR,DAYLIGHT,REAR END,NOT DIVIDED,,STRAIGHT AND LEVEL,DRY,NO DEFECTS,NOT ON SCENE (DESK REPORT),NO INJURY / DRIVE AWAY,,,N,"OVER $1,500",3/20/2022 19:05,FAILING TO REDUCE SPEED TO AVOID CRASH,DRIVING SKILLS/KNOWLEDGE/EXPERIENCE,5880,S,ARCHER AVE,814,,,,,,,2,NO INDICATION OF INJURY,0,0,0,0,0,2,0,17,1,3,41.79587723,-87.76203722,POINT (-87.762037217609 41.79587722457)
924e664f0b9997a3a8abfad0ec1291d2481334b83bc43373649e9f484123a18c0b57274e152aa815c703fce3910a879e27bf87f6098d26f14fe7d9f43761b6bb,JF157997,,2/27/2022 17:38,20,STOP SIGN/FLASHER,NO CONTROLS,CLEAR,DAYLIGHT,REAR END,NOT DIVIDED,,STRAIGHT AND LEVEL,DRY,UNKNOWN,ON SCENE,NO INJURY / DRIVE AWAY,,,Y,"OVER $1,500",2/27/2022 18:28,UNABLE TO DETERMINE,UNABLE TO DETERMINE,3216,N,LINDER AVE,1633,,,,,,,2,NO INDICATION OF INJURY,0,0,0,0,0,2,0,17,1,2,41.93915591,-87.76421209,POINT (-87.764212093628 41.939155905978)
e6c623fe7df76e5b4c119babd3a26629452dd28bf87ff52abcb6845c27ef7e87a5c769676e2969316ab63db3a047cb725bbabeedcc2fef73368a740750e3934c,JF180203,,3/20/2022 10:10,30,NO CONTROLS,NO CONTROLS,CLEAR,DAYLIGHT,TURNING,T-INTERSECTION,,STRAIGHT AND LEVEL,DRY,NO DEFECTS,NOT ON SCENE (DESK REPORT),NO INJURY / DRIVE AWAY,Y,,,"OVER $1,500",3/20/2022 10:30,FAILING TO YIELD RIGHT-OF-WAY,FAILING TO YIELD RIGHT-OF-WAY,3150,N,CENTRAL PARK AVE,2523,,,,,,,2,NO INDICATION OF INJURY,0,0,0,0,0,2,0,10,1,3,41.93889567,-87.71753329,POINT (-87.717533290389 41.938895665001)
3760959f249fc7a0ce27a6705f046f192613cb1fe1484b14d7dc225637e5fe08e7768378ea5f54f518d316a85c7efd2ef5098ff43b9a8633a248f2aa4bc2191f,JD216223,,4/24/2020 15:30,30,NO CONTROLS,NO CONTROLS,CLEAR,DAYLIGHT,SIDESWIPE OPPOSITE DIRECTION,NOT DIVIDED,,STRAIGHT ON GRADE,DRY,"RUT, HOLES",,INJURY AND / OR TOW DUE TO CRASH,,,Y,"OVER $1,500",4/24/2020 15:34,FAILING TO REDUCE SPEED TO AVOID CRASH,NOT APPLICABLE,750,N,KILBOURN AVE,1111,,,,,,,2,NONINCAPACITATING INJURY,1,0,0,1,0,1,0,15,6,4,41.89427031,-87.7401254,POINT (-87.740125399076 41.894270312926)
d6d3904cc793c1f06a67f92e663ccbd728134437e374240af2375b7b74de3e005082541c20664bd342c0c3d5ec4ea0666db2e391d67c84cdb2ec078cd5eb6b01,JE160538,,3/6/2021 1:35,25,STOP SIGN/FLASHER,FUNCTIONING PROPERLY,CLEAR,"DARKNESS, LIGHTED ROAD",TURNING,FOUR WAY,,STRAIGHT AND LEVEL,DRY,NO DEFECTS,,INJURY AND / OR TOW DUE TO CRASH,Y,,,"OVER $1,500",3/6/2021 1:35,FOLLOWING TOO CLOSELY,DISREGARDING STOP SIGN,1848,W,EDMAIRE ST,2212,,,,,,,2,NO INDICATION OF INJURY,0,0,0,0,0,2,0,1,7,3,41.68736995,-87.66831415,POINT (-87.668314148852 41.687369952528)
d6dcdde696a08675598bd49b3a4c346c8f3a816df2c16c38680d2873057d45a9fa358a52d4d9fbcd538e6a4d12ec53eec2c2a5a64c64791f43a253bca0f474b2,JF161844,Y,3/2/2022 19:30,20,NO CONTROLS,NO CONTROLS,CLEAR,DAYLIGHT,PARKED MOTOR VEHICLE,NOT DIVIDED,,STRAIGHT AND LEVEL,DRY,NO DEFECTS,,NO INJURY / DRIVE AWAY,,,Y,"OVER $1,500",3/3/2022 11:30,UNABLE TO DETERMINE,UNABLE TO DETERMINE,1844,W,GRACE ST,1922,,,,,,,2,NO INDICATION OF INJURY,0,0,0,0,0,1,0,19,4,3,41.95065902,-87.67578674,POINT (-87.675786739418 41.950659019708)
931927933df719e9c769527b47ee922f911cf688aa676e7c908475ff72b89ac5510dc195ddf7b010dd65fdc46561506947608bad9ebf32c5de63fa1981985fb6,JF157927,,2/27/2022 12:45,10,NO CONTROLS,NO CONTROLS,CLEAR,DAYLIGHT,FIXED OBJECT,RAMP,,"CURVE, LEVEL",DRY,NO DEFECTS,NOT ON SCENE (DESK REPORT),NO INJURY / DRIVE AWAY,,,,"$501 - $1,500",2/27/2022 17:20,ROAD ENGINEERING/SURFACE/MARKING DEFECTS,"VISION OBSCURED (SIGNS, TREE LIMBS, BUILDINGS, ETC.)",131,S,DEARBORN ST,112,,,,,,,1,NO INDICATION OF INJURY,0,0,0,0,0,1,0,12,1,2,41.87988544,-87.6292116,POINT (-87.629211594803 41.879885440301)
93b2d726260ca6dc836024e9f2eff0f8dfa89e3b9f282ca8362502dd8b9fd6621f26ac162d31d704ae0ce8f9765efee8df9f14f89f9e9fbc39e63be0538fdb7f,JE143269,,2/16/2021 16:00,25,NO CONTROLS,UNKNOWN,SNOW,DAYLIGHT,PARKED MOTOR VEHICLE,ONE-WAY,,STRAIGHT AND LEVEL,SNOW OR SLUSH,NO DEFECTS,,NO INJURY / DRIVE AWAY,,,Y,"OVER $1,500",2/16/2021 17:33,NOT APPLICABLE,NOT APPLICABLE,2599,N,LAMON AVE,2521,,,,,,,4,NO INDICATION OF INJURY,0,0,0,0,0,1,0,16,3,2,41.92783853,-87.74876906,POINT (-87.748769056283 41.927838524554)
93bf6784944027f06273b7c142f71d8b3966f2e4e8c5802d1627a3735fa92ca38c6e8e5530723f4eda10f4a9d0331e180777aa2aca85947eb90e766405181589,JD307489,,7/23/2020 16:49,30,TRAFFIC SIGNAL,NO CONTROLS,CLEAR,DAYLIGHT,ANGLE,NOT DIVIDED,,STRAIGHT AND LEVEL,DRY,NO DEFECTS,,INJURY AND / OR TOW DUE TO CRASH,,,,"$501 - $1,500",7/23/2020 17:09,UNABLE TO DETERMINE,NOT APPLICABLE,1799,W,18TH ST,1234,,,,,,,2,NONINCAPACITATING INJURY,2,0,0,2,0,2,0,16,5,7,41.85761669,-87.67099633,POINT (-87.670996330709 41.857616687124)
93c7ba0f399ebb4ad94092ddd089863d1efbc471f2fe15425fe304f2eb6b22f454f8de69f5527aa080047f906c4373440ecb46365023b72b23b73ccbf841574a,JE429097,,10/31/2021 14:24,30,TRAFFIC SIGNAL,FUNCTIONING PROPERLY,CLEAR,DAYLIGHT,PEDALCYCLIST,DIVIDED - W/MEDIAN (NOT RAISED),,STRAIGHT AND LEVEL,DRY,NO DEFECTS,,INJURY AND / OR TOW DUE TO CRASH,Y,,Y,"OVER $1,500",10/31/2021 14:24,UNABLE TO DETERMINE,UNABLE TO DETERMINE,1598,W,FULLERTON AVE,1932,,,,,,,2,"REPORTED, NOT EVIDENT",1,0,0,0,1,2,0,14,1,10,41.92526209,-87.66809055,POINT (-87.66809055308 41.925262084631)
942d8cb0fa9d401fac531e7faf3a80bf3b026292eb90f687beb7e60de4faeef617d58c1c8bdaaa22fa6fd1eaa25640e65c714db27d42aba959bbc4bf46183a7a,JD299678,,7/16/2020 17:20,30,OTHER,OTHER,CLEAR,DAYLIGHT,PARKED MOTOR VEHICLE,NOT DIVIDED,,STRAIGHT AND LEVEL,DRY,NO DEFECTS,,NO INJURY / DRIVE AWAY,,,Y,"$501 - $1,500",7/16/2020 17:25,IMPROPER LANE USAGE,UNABLE TO DETERMINE,1420,S,WABASH AVE,131,,,,,,,2,NO INDICATION OF INJURY,0,0,0,0,0,1,0,17,5,7,41.86345845,-87.62588664,POINT (-87.625886634875 41.863458447942)
d14ace9cfe8c42d8f9650cc07dbb82cad2f4d9ba4296a8028320a1bc3b8df096d7ff74a4718e8186775500bdbe8649f55a59babb97f594366dc58037720a2684,JE450652,,11/19/2021 16:09,25,STOP SIGN/FLASHER,FUNCTIONING PROPERLY,CLEAR,"DARKNESS, LIGHTED ROAD",ANGLE,NOT DIVIDED,,STRAIGHT AND LEVEL,DRY,NO DEFECTS,,INJURY AND / OR TOW DUE TO CRASH,Y,,,"OVER $1,500",11/19/2021 16:11,FAILING TO YIELD RIGHT-OF-WAY,NOT APPLICABLE,3899,N,WESTERN AVE,1921,,,,,,,2,NO INDICATION OF INJURY,0,0,0,0,0,3,0,16,6,11,41.95215252,-87.68826663,POINT (-87.688266632962 41.952152521193)
93e2752149e8cbb9643e4de84fa0de55d26a7f95538230b90d5b6d26a630e145917c84357c15fcafb95fff8a6b687476aac1e30634216b1f61174058e54c35b8,JF157422,,2/27/2022 5:40,30,NO CONTROLS,NO CONTROLS,CLEAR,DAWN,PARKED MOTOR VEHICLE,NOT DIVIDED,,STRAIGHT AND LEVEL,SNOW OR SLUSH,NO DEFECTS,ON SCENE,INJURY AND / OR TOW DUE TO CRASH,,,,"OVER $1,500",2/27/2022 5:42,UNABLE TO DETERMINE,UNABLE TO DETERMINE,3721,W,CERMAK RD,1013,,,,,,,4,NO INDICATION OF INJURY,0,0,0,0,0,1,0,5,1,2,41.85151586,-87.71840787,POINT (-87.718407871391 41.851515858373)
9430ce47870be3a5987e3d43ee83ba43db16144480e808851190113501928d7047fb50f15dfbb92624741b74ee24ba04e6b82d5bf24552f68f08f5b269363d45,JF157932,,2/27/2022 16:00,30,TRAFFIC SIGNAL,UNKNOWN,CLEAR,DAYLIGHT,SIDESWIPE SAME DIRECTION,NOT DIVIDED,,STRAIGHT AND LEVEL,DRY,UNKNOWN,NOT ON SCENE (DESK REPORT),NO INJURY / DRIVE AWAY,Y,,,"OVER $1,500",2/27/2022 17:30,UNABLE TO DETERMINE,NOT APPLICABLE,2400,S,WESTERN AVE,1034,,,,,,,2,NO INDICATION OF INJURY,0,0,0,0,0,2,0,16,1,2,41.84835204,-87.68568193,POINT (-87.685681934492 41.848352042192)
94425cd7df8d94a3851496d576f5328c930f5466cc5b805e18ed4daff10f12f760b8a73eaf5b999018e9d369fbf23ebfd8575e88f618fb735ceaecd094b6b265,JF158011,,2/27/2022 19:00,10,NO CONTROLS,NO CONTROLS,CLEAR,"DARKNESS, LIGHTED ROAD",REAR END,PARKING LOT,,STRAIGHT AND LEVEL,DRY,UNKNOWN,ON SCENE,INJURY AND / OR TOW DUE TO CRASH,,,,"OVER $1,500",2/27/2022 19:04,UNABLE TO DETERMINE,NOT APPLICABLE,7515,S,VINCENNES AVE,623,,,,,,,3,NO INDICATION OF INJURY,0,0,0,0,0,3,0,19,1,2,41.75751858,-87.63151151,POINT (-87.631511510524 41.757518574564)
d76e4b6fa7625e477f990abc11eafd43fe6823266cda56b62d28c6160a0c27251e50e3538f2ee50515bc52b30771f38202c91f0cabd438450033907427bb0d25,JE288614,,7/3/2021 14:00,30,TRAFFIC SIGNAL,UNKNOWN,CLEAR,DAYLIGHT,REAR END,NOT DIVIDED,,STRAIGHT AND LEVEL,DRY,UNKNOWN,,INJURY AND / OR TOW DUE TO CRASH,,,,"OVER $1,500",7/3/2021 14:30,IMPROPER OVERTAKING/PASSING,NOT APPLICABLE,4113,S,PULASKI RD,821,,,,,,,2,NONINCAPACITATING INJURY,1,0,0,1,0,1,0,14,7,7,41.81801875,-87.72379038,POINT (-87.723790382171 41.818018746165)
d7881d0644f0fdc7672a29568f667c17989a9c94cf73811628d1caa47a62f09919aeeb251ad311c5e122fb7d10344abea96cda1c723d582fd9b6280898bcb2ad,JF179420,,3/19/2022 13:38,30,NO CONTROLS,NO CONTROLS,RAIN,UNKNOWN,TURNING,DIVIDED - W/MEDIAN (NOT RAISED),,STRAIGHT AND LEVEL,WET,NO DEFECTS,,INJURY AND / OR TOW DUE TO CRASH,,,,"OVER $1,500",3/19/2022 13:42,IMPROPER TURNING/NO SIGNAL,NOT APPLICABLE,6288,S,CICERO AVE,813,,,,,,,2,NO INDICATION OF INJURY,0,0,0,0,0,3,0,13,7,3,41.77851792,-87.74244219,POINT (-87.742442188356 41.778517923571)
d7ab4e5278984dbb10635b5889c401ba6b250ddce99592f8bc4d755e2d230d6767bb6e4d70a4ccfcd0d81ccdf3c465563f111cf7de732b4bd4ee71b7e9323752,JD376667,Y,9/23/2020 13:34,30,NO CONTROLS,NO CONTROLS,CLEAR,DAYLIGHT,FIXED OBJECT,ONE-WAY,,STRAIGHT AND LEVEL,DRY,NO DEFECTS,,INJURY AND / OR TOW DUE TO CRASH,,,,"OVER $1,500",9/23/2020 13:34,NOT APPLICABLE,NOT APPLICABLE,7801,S,STATE ST,623,,N,,,,,1,FATAL,1,1,0,0,0,0,0,13,4,9,41.75272844,-87.62445777,POINT (-87.624457772388 41.752728438859)
94f4098e295f2ad53e92f4df7d120f5edef0c037bdfd2b79f1f719e1a83191c647a2c0901569663d2e9c05d1762659c78625b4537e7475bb94693bed8a7b343e,JF157773,,2/27/2022 14:34,30,NO CONTROLS,NO CONTROLS,CLEAR,DAYLIGHT,REAR TO FRONT,PARKING LOT,,STRAIGHT AND LEVEL,DRY,NO DEFECTS,ON SCENE,NO INJURY / DRIVE AWAY,,Y,,"OVER $1,500",2/27/2022 14:47,IMPROPER BACKING,UNABLE TO DETERMINE,316,W,CERMAK RD,914,,,,,,,2,NO INDICATION OF INJURY,0,0,0,0,0,2,0,14,1,2,41.8529915,-87.63554386,POINT (-87.635543854644 41.852991503101)
d3cda67d4b9b2239ad8982435ab2e1142780e25d0274990c1410aa654771ae01a965b9f2593fe2b59282b8ce9dd46e9a958efe6b16beac96ca62e1772ec05f90,JF165571,Y,3/6/2022 21:35,30,UNKNOWN,UNKNOWN,UNKNOWN,UNKNOWN,REAR END,UNKNOWN,,STRAIGHT AND LEVEL,UNKNOWN,UNKNOWN,ON SCENE,NO INJURY / DRIVE AWAY,Y,,Y,$500 OR LESS,3/6/2022 21:42,UNABLE TO DETERMINE,UNABLE TO DETERMINE,618,W,MARQUETTE RD,723,,,,,,,2,NO INDICATION OF INJURY,0,0,0,0,0,2,0,21,1,3,41.7726497,-87.64054804,POINT (-87.6405480364 41.772649696164)
d45b3534c62a9b81a209cfb62b8790a652d34d2d77cc9edc0bdc247817e1c71fb78eedbf825e3be0b608379d6257a0e52f8ce87ddc1744d0b0ab124cc0bc95c4,JF164762,,3/6/2022 0:50,30,TRAFFIC SIGNAL,FUNCTIONING PROPERLY,RAIN,"DARKNESS, LIGHTED ROAD",REAR END,NOT DIVIDED,,STRAIGHT AND LEVEL,WET,NO DEFECTS,ON SCENE,INJURY AND / OR TOW DUE TO CRASH,N,,,"OVER $1,500",3/6/2022 1:04,UNDER THE INFLUENCE OF ALCOHOL/DRUGS (USE WHEN ARREST IS EFFECTED),NOT APPLICABLE,3250,W,GRAND AVE,1121,,,,,,,3,NO INDICATION OF INJURY,0,0,0,0,0,7,0,0,1,3,41.89916604,-87.70848899,POINT (-87.708488985501 41.899166035138)
d46ce9c1df3213d61378a1b24f0467ced3aa9db7e3a84592fed98a33043c6f962593b0b625407acf47b27ccfe3da47adab8e5b06784d12ea32dbc17f7b65c8a9,JF165529,Y,3/6/2022 19:00,10,NO CONTROLS,NO CONTROLS,CLEAR,"DARKNESS, LIGHTED ROAD",PARKED MOTOR VEHICLE,PARKING LOT,,STRAIGHT AND LEVEL,DRY,NO DEFECTS,ON SCENE,NO INJURY / DRIVE AWAY,,,Y,"$501 - $1,500",3/6/2022 20:24,UNABLE TO DETERMINE,UNABLE TO DETERMINE,2446,S,WESTERN AVE,1034,,,,,,,2,NO INDICATION OF INJURY,0,0,0,0,0,1,0,19,1,3,41.84700446,-87.68564732,POINT (-87.685647322851 41.847004459378)
95ef1ba00f1b158727167f100f868a65f8071a618d76947542b114caada5f442ecd86abcb2e18591b4816c0dc227bbb34f2e4f704e788fe5e8f922c6face5d1c,JF157434,,2/27/2022 6:30,40,NO CONTROLS,NO CONTROLS,CLEAR,DAYLIGHT,FIXED OBJECT,DIVIDED - W/MEDIAN BARRIER,,STRAIGHT AND LEVEL,DRY,NO DEFECTS,ON SCENE,NO INJURY / DRIVE AWAY,,,,"OVER $1,500",2/27/2022 6:35,DRIVING SKILLS/KNOWLEDGE/EXPERIENCE,NOT APPLICABLE,3441,N,LAKE SHORE DR NB,1925,,,,,,,1,NO INDICATION OF INJURY,0,0,0,0,0,2,0,6,1,2,41.94484521,-87.64069263,POINT (-87.640692625218 41.944845211863)
e945958c977dae042af0d4c29ded071a52237a4d258a72d00cf377460f80a6e22df20242f9eaac57b335a09628fe3bfa46ba869e621892fd5a39ad721456a56c,JF180638,,3/20/2022 18:00,30,NO CONTROLS,UNKNOWN,CLEAR,DUSK,REAR END,DIVIDED - W/MEDIAN (NOT RAISED),,STRAIGHT AND LEVEL,DRY,UNKNOWN,ON SCENE,NO INJURY / DRIVE AWAY,,,,$500 OR LESS,3/20/2022 18:00,FOLLOWING TOO CLOSELY,NOT APPLICABLE,3330,N,HALSTED ST,1924,,,,,,,2,NO INDICATION OF INJURY,0,0,0,0,0,3,0,18,1,3,41.94266067,-87.64950305,POINT (-87.6495030457 41.942660670143)
9642ced310d446dfcc4eb9ffe40c77d8e271f64dc635e3fa34e612f3a00ca004557e5bf6517034cf7afb317517f1d5a0f079219bfc8c7e9554055c62bc303dbd,JF157765,,2/27/2022 14:01,30,STOP SIGN/FLASHER,FUNCTIONING PROPERLY,CLEAR,DAYLIGHT,ANGLE,DIVIDED - W/MEDIAN (NOT RAISED),,STRAIGHT AND LEVEL,DRY,NO DEFECTS,ON SCENE,INJURY AND / OR TOW DUE TO CRASH,Y,,,"OVER $1,500",2/27/2022 14:40,FAILING TO YIELD RIGHT-OF-WAY,NOT APPLICABLE,4500,W,MARQUETTE RD,833,,,,,,,2,NONINCAPACITATING INJURY,1,0,0,1,0,1,0,14,1,2,41.77134053,-87.73482616,POINT (-87.734826160129 41.771340529128)
d4e8b1b7fd900773dc126153ce37ea735ae930cc1912647d89faade14e10fd93cc244c4b7fe49e24966deea5c696db7c4ab6a883a18ad755fdc75c3021a06cd3,JF165105,,3/6/2022 12:00,30,NO CONTROLS,NO CONTROLS,CLEAR,DAYLIGHT,SIDESWIPE OPPOSITE DIRECTION,NOT DIVIDED,,STRAIGHT AND LEVEL,DRY,NO DEFECTS,ON SCENE,INJURY AND / OR TOW DUE TO CRASH,,,,"OVER $1,500",3/6/2022 12:00,"OPERATING VEHICLE IN ERRATIC, RECKLESS, CARELESS, NEGLIGENT OR AGGRESSIVE MANNER",NOT APPLICABLE,5128,W,ADDISON ST,1634,,,,,,,3,"REPORTED, NOT EVIDENT",2,0,0,0,2,1,0,12,1,3,41.94612561,-87.75567013,POINT (-87.755670126059 41.946125608573)