CRASH_RECORD_ID,RD_NO,CRASH_DATE_EST_I,CRASH_DATE,POSTED_SPEED_LIMIT,TRAFFIC_CONTROL_DEVICE,DEVICE_CONDITION,WEATHER_CONDITION,LIGHTING_CONDITION,FIRST_CRASH_TYPE,TRAFFICWAY_TYPE,LANE_CNT,ALIGNMENT,ROADWAY_SURFACE_COND,ROAD_DEFECT,REPORT_TYPE,CRASH_TYPE,INTERSECTION_RELATED_I,NOT_RIGHT_OF_WAY_I,HIT_AND_RUN_I,DAMAGE,DATE_POLICE_NOTIFIED,PRIM_CONTRIBUTORY_CAUSE,SEC_CONTRIBUTORY_CAUSE,STREET_NO,STREET_DIRECTION,STREET_NAME,BEAT_OF_OCCURRENCE,PHOTOS_TAKEN_I,STATEMENTS_TAKEN_I,DOORING_I,WORK_ZONE_I,WORK_ZONE_TYPE,WORKERS_PRESENT_I,NUM_UNITS,MOST_SEVERE_INJURY,INJURIES_TOTAL,INJURIES_FATAL,INJURIES_INCAPACITATING,INJURIES_NON_INCAPACITATING,INJURIES_REPORTED_NOT_EVIDENT,INJURIES_NO_INDICATION,INJURIES_UNKNOWN,CRASH_HOUR,CRASH_DAY_OF_WEEK,CRASH_MONTH,LATITUDE,LONGITUDE,LOCATION
967523dd8c2b3d6767058054a5874cf8c51cc0fe03a08273cc6e64695e0322bd0224c247885789b87bbccc9bd0b7ef9578de84c9f7da419e81d9b44e1bf71a4d,JF157388,,2/27/2022 4:22,30,NO CONTROLS,NO CONTROLS,CLEAR,"DARKNESS, LIGHTED ROAD",FIXED OBJECT,NOT DIVIDED,,STRAIGHT AND LEVEL,WET,NO DEFECTS,ON SCENE,INJURY AND / OR TOW DUE TO CRASH,,Y,Y,"OVER $1,500",2/27/2022 4:22,"OPERATING VEHICLE IN ERRATIC, RECKLESS, CARELESS, NEGLIGENT OR AGGRESSIVE MANNER","OPERATING VEHICLE IN ERRATIC, RECKLESS, CARELESS, NEGLIGENT OR AGGRESSIVE MANNER",2259,W,DIVISION ST,1212,,,,,,,2,NONINCAPACITATING INJURY,2,0,0,2,0,1,0,4,1,2,41.90295241,-87.68451529,POINT (-87.684515285143 41.902952410391)
987c16956993c082c633368869e82924868be52a2d4d172e182ad131a6f8da99a688c93589e6b31d664e9dd8b1dc306d98a9a83c11dc1ce220e20e23730ccd43,JF150604,,2/20/2022 16:16,25,TRAFFIC SIGNAL,FUNCTIONING PROPERLY,CLEAR,DAYLIGHT,ANGLE,DIVIDED - W/MEDIAN (NOT RAISED),,STRAIGHT AND LEVEL,DRY,NO DEFECTS,ON SCENE,NO INJURY / DRIVE AWAY,,,,"OVER $1,500",2/20/2022 16:17,UNABLE TO DETERMINE,NOT APPLICABLE,5800,W,FULLERTON AVE,2515,,,,,,,2,NO INDICATION OF INJURY,0,0,0,0,0,2,0,16,1,2,41.92401403,-87.77091794,POINT (-87.770917936754 41.924014028964)
d50e201568bb134bff799a1514db6d4d0bcd3d5cf51fc08bca62c23a55c528b928fbee0a1b3c9ddb12adbebf9c3336a5f0f57fb7c5c4e2f9c51a5c4a52383e06,JE356565,,8/23/2021 22:50,15,NO CONTROLS,NO CONTROLS,CLEAR,DARKNESS,OTHER NONCOLLISION,RAMP,,STRAIGHT AND LEVEL,DRY,OTHER,NOT ON SCENE (DESK REPORT),NO INJURY / DRIVE AWAY,,,,"$501 - $1,500",8/31/2021 13:00,ROAD CONSTRUCTION/MAINTENANCE,NOT APPLICABLE,450,E,LOWER WACKER DR,114,,,,,,,1,NO INDICATION OF INJURY,0,0,0,0,0,1,0,22,2,8,41.88752738,-87.61659991,POINT (-87.616599909647 41.887527382373)
e95bbbae0ab24d23d1e3d1fe80c8a502f46bd4d634f25ace9ee1120c50855e3d214ce633ee676fd90b92f6629519c28ba7867ba874765fd7976bd40b36523b1b,JF180784,,3/20/2022 20:15,30,NO CONTROLS,NO CONTROLS,CLEAR,"DARKNESS, LIGHTED ROAD",SIDESWIPE SAME DIRECTION,NOT DIVIDED,,STRAIGHT AND LEVEL,DRY,NO DEFECTS,ON SCENE,INJURY AND / OR TOW DUE TO CRASH,Y,,Y,"OVER $1,500",3/20/2022 20:25,UNABLE TO DETERMINE,IMPROPER LANE USAGE,38,E,PERSHING RD,213,,,,,,,2,NO INDICATION OF INJURY,0,0,0,0,0,2,0,20,1,3,41.82384462,-87.62490482,POINT (-87.624904821753 41.823844620169)
e99f7e79b414056b2c47dc8127de77f0c0b970cd70b29472a590f07e491ea0650db8da08e13baccdf4bdb8304ce25f9c7b25e149067c795681f20709a43c0a40,JF180554,,3/20/2022 16:00,30,STOP SIGN/FLASHER,FUNCTIONING PROPERLY,CLEAR,DAYLIGHT,ANGLE,TRAFFIC ROUTE,,STRAIGHT AND LEVEL,DRY,NO DEFECTS,ON SCENE,INJURY AND / OR TOW DUE TO CRASH,Y,,Y,"$501 - $1,500",3/20/2022 16:20,FAILING TO REDUCE SPEED TO AVOID CRASH,FAILING TO YIELD RIGHT-OF-WAY,1856,W,CONGRESS PKWY,1225,,,,,,,2,"REPORTED, NOT EVIDENT",1,0,0,0,1,1,0,16,1,3,41.87517045,-87.67387023,POINT (-87.673870229868 41.875170453154)
d5b51c707bd9ca17c2edbaea870d08cf8d869221e0f7461fd60bcc6cbb094375a9847fa72acb731c9adf7e7407f4c928106544e3f081461b9bb607efe6fdfeb0,JF165340,,3/6/2022 16:27,30,NO CONTROLS,NO CONTROLS,CLEAR,DAYLIGHT,REAR TO FRONT,PARKING LOT,,STRAIGHT AND LEVEL,DRY,UNKNOWN,ON SCENE,NO INJURY / DRIVE AWAY,,,,"$501 - $1,500",3/6/2022 16:27,UNABLE TO DETERMINE,UNABLE TO DETERMINE,2,W,75TH ST,323,,,,,,,2,NO INDICATION OF INJURY,0,0,0,0,0,2,0,16,1,3,41.7582911,-87.62479001,POINT (-87.624790013679 41.758291097628)
978e3857c43854e4b0d18f71544fdca4d9783cd3b91810003ea44518c10c056844ce456593b1546b67ee0526815a29814d164bfb74c34586bfd63b201fe7d240,JF157252,,2/27/2022 0:03,25,NO CONTROLS,NO CONTROLS,CLEAR,"DARKNESS, LIGHTED ROAD",PARKED MOTOR VEHICLE,ONE-WAY,,STRAIGHT AND LEVEL,DRY,NO DEFECTS,ON SCENE,INJURY AND / OR TOW DUE TO CRASH,,,,"$501 - $1,500",2/27/2022 0:05,FAILING TO REDUCE SPEED TO AVOID CRASH,UNABLE TO DETERMINE,6401,S,LOWE AVE,723,,,,,,,2,NO INDICATION OF INJURY,0,0,0,0,0,1,0,0,1,2,41.77790163,-87.64067221,POINT (-87.640672213681 41.777901630263)
db92fe4025464bd8397f4d8b3a8de4e9fff5029fbbdddbe550fb17fc2c4d6a13f3279ec52b1d6e98836311a43b8b6df3cd48a1ab313cac0450aba0e8cf405a71,JF186814,,3/26/2022 0:45,15,NO CONTROLS,NO CONTROLS,CLEAR,"DARKNESS, LIGHTED ROAD",SIDESWIPE SAME DIRECTION,NOT DIVIDED,,STRAIGHT AND LEVEL,DRY,NO DEFECTS,NOT ON SCENE (DESK REPORT),NO INJURY / DRIVE AWAY,,,Y,"$501 - $1,500",3/26/2022 1:06,NOT APPLICABLE,NOT APPLICABLE,508,S,HOMAN AVE,1133,,,,,,,2,NO INDICATION OF INJURY,0,0,0,0,0,3,0,0,7,3,41.87427435,-87.71095054,POINT (-87.710950540361 41.874274349093)
d67d25409d1b68d4db9928509acec2bdc32137176e7365db01b2da4ccb677799c4fdeac816171d8366a2541d4b133260ed453d26e292e789dd6b7593c109c8af,JA400732,,8/21/2017 17:40,30,TRAFFIC SIGNAL,FUNCTIONING PROPERLY,CLEAR,DAYLIGHT,REAR END,ONE-WAY,1,STRAIGHT AND LEVEL,DRY,NO DEFECTS,NOT ON SCENE (DESK REPORT),NO INJURY / DRIVE AWAY,,,,"$501 - $1,500",8/21/2017 18:45,UNABLE TO DETERMINE,UNABLE TO DETERMINE,488,E,LOWER WACKER DR,114,,,,,,,2,NO INDICATION OF INJURY,0,0,0,0,0,2,0,17,2,8,41.88747989,-87.61604712,POINT (-87.616047119018 41.88747988917)
ea46d8ea855c9c3b6aaf2eea1d3636bd119c7faaee105af363c172bb9d89ecc56b1e650dc5fe5d12a8cca240454e4a67fd1268211760bd403924bf94e4dbeaca,JF181102,Y,3/20/2022 23:00,15,NO CONTROLS,NO CONTROLS,CLEAR,"DARKNESS, LIGHTED ROAD",PARKED MOTOR VEHICLE,ALLEY,,STRAIGHT AND LEVEL,DRY,UNKNOWN,NOT ON SCENE (DESK REPORT),NO INJURY / DRIVE AWAY,,Y,Y,"OVER $1,500",3/21/2022 8:30,UNABLE TO DETERMINE,UNABLE TO DETERMINE,1825,W,NORWOOD ST,2413,,,,,,,2,NO INDICATION OF INJURY,0,0,0,0,0,1,0,23,1,3,41.9918369,-87.67619689,POINT (-87.676196889794 41.991836904006)
eaf1dbe9e5392da419f079756257283a8c6557d52549d04614397e7d09b30b506ea9c318012cc68a8a634e0e1551a72a4e410cb363fec8cd3acdb70e8923e998,JF182501,,3/20/2022 18:30,25,NO CONTROLS,NO CONTROLS,CLEAR,DAYLIGHT,PARKED MOTOR VEHICLE,NOT DIVIDED,,STRAIGHT AND LEVEL,DRY,NO DEFECTS,NOT ON SCENE (DESK REPORT),NO INJURY / DRIVE AWAY,,,Y,"$501 - $1,500",3/22/2022 11:15,UNABLE TO DETERMINE,UNABLE TO DETERMINE,2035,W,HADDON AVE,1212,,,,,,,2,NO INDICATION OF INJURY,0,0,0,0,0,1,0,18,1,3,41.90212406,-87.67863847,POINT (-87.678638464669 41.902124058622)
ebaa7f38864f2950bb475290742ff5a9daec2daa279f1855280dffdba198dd3e661f7ac916434dba01d9c1527cbb93ebab8c419024bd36829eda7bba1f783a07,JF180029,,3/20/2022 3:15,25,NO CONTROLS,NO CONTROLS,CLEAR,"DARKNESS, LIGHTED ROAD",TURNING,FOUR WAY,,STRAIGHT AND LEVEL,WET,UNKNOWN,ON SCENE,INJURY AND / OR TOW DUE TO CRASH,Y,,,"OVER $1,500",3/20/2022 3:17,IMPROPER TURNING/NO SIGNAL,UNABLE TO DETERMINE,7600,S,STEWART AVE,621,,,,,,,2,"REPORTED, NOT EVIDENT",1,0,0,0,1,5,0,3,1,3,41.75616061,-87.6345836,POINT (-87.634583595966 41.756160610031)
d9262e4d4dd24fa136b0a05d4f1f9e2bbeaf289deb0425fda85ebb462508746d55e7cfc2bdf30a3eda6bfe69664654b3d56489f2024cb6983e97f6a6943680c3,JF165626,Y,3/6/2022 23:05,30,NO CONTROLS,NO CONTROLS,RAIN,"DARKNESS, LIGHTED ROAD",OTHER NONCOLLISION,NOT DIVIDED,,STRAIGHT ON GRADE,WET,NO DEFECTS,ON SCENE,INJURY AND / OR TOW DUE TO CRASH,,,,"OVER $1,500",3/6/2022 23:08,UNABLE TO DETERMINE,UNABLE TO DETERMINE,12958,S,HALSTED ST,523,,,,,,,1,NONINCAPACITATING INJURY,1,0,0,1,0,0,0,23,1,3,41.65824844,-87.64139757,POINT (-87.641397567946 41.658248438007)
d940c3b3084127b0895473ab49f06914ae4ef7ef1e81fc91705a1851b5710f67b6023343d0306c33a08dc64b92a70bb5ff909775e8b13ebb0fd010b6169835cb,JF165457,,3/6/2022 18:15,30,NO CONTROLS,NO CONTROLS,CLEAR,"DARKNESS, LIGHTED ROAD",REAR END,DIVIDED - W/MEDIAN (NOT RAISED),,STRAIGHT AND LEVEL,DRY,NO DEFECTS,NOT ON SCENE (DESK REPORT),NO INJURY / DRIVE AWAY,,,,"OVER $1,500",3/6/2022 18:30,UNABLE TO DETERMINE,UNABLE TO DETERMINE,103,S,CICERO AVE,1113,,,,,,,2,NO INDICATION OF INJURY,0,0,0,0,0,3,0,18,1,3,41.87914687,-87.7450809,POINT (-87.745080903353 41.879146864571)
da61deebaa4a1c4090202b67e715e159b177204a514b72489161cefda4b6ed4844921cd0c15d679184c7894ced7e146502abc8e929ef7fcb63c5dd1c4f1dedf1,JF165389,,3/6/2022 17:14,30,TRAFFIC SIGNAL,FUNCTIONING PROPERLY,CLEAR,DUSK,PEDESTRIAN,NOT DIVIDED,,STRAIGHT AND LEVEL,DRY,NO DEFECTS,ON SCENE,INJURY AND / OR TOW DUE TO CRASH,Y,,,$500 OR LESS,3/6/2022 17:25,DISREGARDING TRAFFIC SIGNALS,NOT APPLICABLE,4802,W,MADISON ST,1533,,,,,,,2,NONINCAPACITATING INJURY,1,0,0,1,0,1,0,17,1,3,41.88060537,-87.74547106,POINT (-87.745471064048 41.880605365817)
9bc7c0b239a39a86a2586223c664db6fb61908aca0aeb6178c998fd890eed688c4cc31153f1e7d11dc163dde2cc49891508b322f4f0005280316cc077a398666,JF150708,Y,2/20/2022 17:33,20,TRAFFIC SIGNAL,FUNCTIONING PROPERLY,CLEAR,"DARKNESS, LIGHTED ROAD",ANGLE,DIVIDED - W/MEDIAN BARRIER,,STRAIGHT AND LEVEL,DRY,NO DEFECTS,ON SCENE,INJURY AND / OR TOW DUE TO CRASH,Y,,,"OVER $1,500",2/20/2022 17:44,DISREGARDING OTHER TRAFFIC SIGNS,DISREGARDING TRAFFIC SIGNALS,198,W,95TH ST,634,,,,,,,2,NONINCAPACITATING INJURY,2,0,0,2,0,0,0,17,1,2,41.72177036,-87.62860471,POINT (-87.628604714263 41.721770362124)
da78e81bae4aa7af0ce39a90849cd4d683c0f9fde92ecaa9990656ab7018cbfffa1d3ddcef6027fc70e6a6afe8f07b051c080fc91b3eee7c890ff3dd2d756a91,JF165548,,3/6/2022 20:50,30,TRAFFIC SIGNAL,FUNCTIONING PROPERLY,CLEAR,"DARKNESS, LIGHTED ROAD",REAR END,FOUR WAY,,STRAIGHT AND LEVEL,DRY,NO DEFECTS,ON SCENE,NO INJURY / DRIVE AWAY,,,,"$501 - $1,500",3/6/2022 20:51,UNABLE TO DETERMINE,UNABLE TO DETERMINE,3400,W,HARRISON ST,1133,,,,,,,2,NO INDICATION OF INJURY,0,0,0,0,0,4,0,20,1,3,41.87373673,-87.710906,POINT (-87.710906003482 41.873736730932)
ddc3f12ecca88e4e94be0335658d9dcf13918360bbd187ca36b4d07a08a1df848bd842e8ee23bfc17fafbe4c4968b144d4b7283172b1203360577fd9d5d8ac1f,JF187281,,3/26/2022 12:45,30,NO CONTROLS,NO CONTROLS,CLEAR,DAYLIGHT,FIXED OBJECT,NOT DIVIDED,,STRAIGHT AND LEVEL,DRY,NO DEFECTS,ON SCENE,INJURY AND / OR TOW DUE TO CRASH,,,,"OVER $1,500",3/26/2022 12:45,UNABLE TO DETERMINE,UNABLE TO DETERMINE,7957,S,SOUTH SHORE DR,422,,,,,,,1,INCAPACITATING INJURY,1,0,1,0,0,0,0,12,7,3,41.75030881,-87.54787371,POINT (-87.547873707099 41.750308805963)
ec64e03a740780e32da615c8bfba03d4a2750f177952c0e64bde38ff6aafdcb2058249d94a3bff33f616245b51029f18f3bb01f43717118dcb8593ea2e8b5eb9,JF180468,,3/20/2022 14:30,30,TRAFFIC SIGNAL,FUNCTIONING PROPERLY,CLEAR,DAYLIGHT,REAR END,DIVIDED - W/MEDIAN (NOT RAISED),,STRAIGHT AND LEVEL,DRY,UNKNOWN,NOT ON SCENE (DESK REPORT),NO INJURY / DRIVE AWAY,,,,"OVER $1,500",3/20/2022 15:20,UNABLE TO DETERMINE,UNABLE TO DETERMINE,3308,N,PULASKI RD,1731,,,,,,,2,NO INDICATION OF INJURY,0,0,0,0,0,6,0,14,1,3,41.94115043,-87.72739309,POINT (-87.727393087269 41.941150429285)
daa7bd929e96cf7608c00c70eff33c77e6a6bb859632f93986751416f797bdd11150b454d519841edbcd316765981fa62721ecb93a0219ff6c914e5937692ba1,JF165503,,3/6/2022 19:24,30,NO CONTROLS,NO CONTROLS,CLEAR,DAYLIGHT,REAR END,OTHER,,STRAIGHT AND LEVEL,DRY,NO DEFECTS,NOT ON SCENE (DESK REPORT),NO INJURY / DRIVE AWAY,,,,"OVER $1,500",3/6/2022 19:51,UNABLE TO DETERMINE,NOT APPLICABLE,1664,S,PAULINA ST,1234,,,,,,,2,NO INDICATION OF INJURY,0,0,0,0,0,2,0,19,1,3,41.85870957,-87.66882669,POINT (-87.668826691049 41.858709573914)
9a720d2784b6533d3ccce59ee7a986feb7e64d247e1404d1180ea234fb9fa8b7ac16fc231668a5b55588d0ca68544a484cd239b290c914942c2a6a5fc7597a12,JF158223,Y,2/27/2022 23:00,30,NO CONTROLS,NO CONTROLS,CLEAR,"DARKNESS, LIGHTED ROAD",PARKED MOTOR VEHICLE,NOT DIVIDED,,STRAIGHT AND LEVEL,DRY,NO DEFECTS,ON SCENE,NO INJURY / DRIVE AWAY,,,Y,"OVER $1,500",2/28/2022 1:57,UNABLE TO DETERMINE,UNABLE TO DETERMINE,7041,S,JEFFERY BLVD,331,,,,,,,2,NO INDICATION OF INJURY,0,0,0,0,0,1,0,23,1,2,41.76681807,-87.57617083,POINT (-87.576170828234 41.766818067539)
9c581046ce2238ae43884439dc3f7da8ce735a66186c7881eac2a8fe328230a8a3845fa363e9c4921f2823c61d82b61840ffdcea428c3b83eba19f8beff18a00,JF150535,,2/20/2022 14:30,30,NO CONTROLS,NO CONTROLS,CLEAR,DAYLIGHT,ANGLE,PARKING LOT,,STRAIGHT AND LEVEL,WET,NO DEFECTS,NOT ON SCENE (DESK REPORT),NO INJURY / DRIVE AWAY,,Y,Y,"OVER $1,500",2/20/2022 15:20,UNABLE TO DETERMINE,UNABLE TO DETERMINE,3940,W,WASHINGTON BLVD,1122,,,,,,,2,NO INDICATION OF INJURY,0,0,0,0,0,2,0,14,1,2,41.88196093,-87.724858,POINT (-87.724858000134 41.881960933344)
deec4ba3a9dd6d1b94753280f3cea924cc8405b7df4c8d8a958a8179b262d2df67f613f604d0fc082f0935b4d92100a4ba48f56bb26aac07bf94b746c1c96a4d,JF186861,Y,3/26/2022 2:12,30,NO CONTROLS,NO CONTROLS,CLEAR,"DARKNESS, LIGHTED ROAD",PARKED MOTOR VEHICLE,NOT DIVIDED,,STRAIGHT AND LEVEL,DRY,NO DEFECTS,ON SCENE,NO INJURY / DRIVE AWAY,,,,"OVER $1,500",3/26/2022 2:15,FAILING TO REDUCE SPEED TO AVOID CRASH,UNABLE TO DETERMINE,1432,W,LAKE ST,1215,,,,,,,2,NO INDICATION OF INJURY,0,0,0,0,0,1,0,2,7,3,41.88550038,-87.66372759,POINT (-87.663727591965 41.885500379888)
9d304844446bd95bf16be4cf085d17c29cb67386f31585b450698ff120ba8e3bb0630b257d226eb9dbf404c233ac0dca15d1b77e05fd677ca6414b03dbbf8e73,JF150556,,2/20/2022 15:00,30,NO CONTROLS,NO CONTROLS,CLEAR,DAYLIGHT,TURNING,DIVIDED - W/MEDIAN (NOT RAISED),,STRAIGHT AND LEVEL,DRY,NO DEFECTS,NOT ON SCENE (DESK REPORT),NO INJURY / DRIVE AWAY,Y,,,"OVER $1,500",2/20/2022 15:41,IMPROPER TURNING/NO SIGNAL,NOT APPLICABLE,1033,W,95TH ST,2223,,,,,,,2,NO INDICATION OF INJURY,0,0,0,0,0,2,0,15,1,2,41.72127593,-87.64933922,POINT (-87.649339215301 41.721275929336)
daef3b983abf6e56ffc05a26dbb3b7b190e54ed7601c40b37c096ff0174093f21896b09cc7cc9567461da5c657d1ecb6c42b727089e7ae91175b317cf78e165b,JF165281,,3/6/2022 14:00,10,NO CONTROLS,NO CONTROLS,CLEAR,DAYLIGHT,PARKED MOTOR VEHICLE,PARKING LOT,,STRAIGHT AND LEVEL,DRY,NO DEFECTS,NOT ON SCENE (DESK REPORT),NO INJURY / DRIVE AWAY,,,Y,"$501 - $1,500",3/6/2022 15:39,NOT APPLICABLE,NOT APPLICABLE,5505,S,KEDZIE AVE,824,,,,,,,2,NO INDICATION OF INJURY,0,0,0,0,0,3,0,14,1,3,41.79331249,-87.7034005,POINT (-87.703400496812 41.793312490801)
9b987924c442aa87fca1bd9dd93511a4e1b36cd7fc70d41905a283c56373c0656a35e1218326247f8e13d23cc80ed884295c34c75933251fa6e1ca33f05e90de,JF157687,,2/27/2022 13:25,30,TRAFFIC SIGNAL,FUNCTIONING PROPERLY,CLEAR,DAYLIGHT,REAR END,NOT DIVIDED,,STRAIGHT AND LEVEL,DRY,NO DEFECTS,ON SCENE,INJURY AND / OR TOW DUE TO CRASH,,,,"OVER $1,500",2/27/2022 13:26,UNABLE TO DETERMINE,UNABLE TO DETERMINE,1008,W,FOSTER AVE,2023,,,,,,,2,"REPORTED, NOT EVIDENT",1,0,0,0,1,1,0,13,1,2,41.97650038,-87.65535555,POINT (-87.655355550821 41.976500379606)
9bbed5d05b479c1603317fa0d1aa4d81b504aa8d2feecf560312ea81f76c0339bd2b34cc0d925b794af0415fd9432fcd1648036ddbbb712ca254e29e91aa1dd2,JF159561,,2/27/2022 22:30,35,NO CONTROLS,NO CONTROLS,CLEAR,"DARKNESS, LIGHTED ROAD",SIDESWIPE SAME DIRECTION,DIVIDED - W/MEDIAN (NOT RAISED),,STRAIGHT AND LEVEL,DRY,NO DEFECTS,NOT ON SCENE (DESK REPORT),NO INJURY / DRIVE AWAY,,,,"OVER $1,500",3/1/2022 10:15,UNABLE TO DETERMINE,NOT APPLICABLE,900,N,MICHIGAN AVE,1833,,,,,,,2,NO INDICATION OF INJURY,0,0,0,0,0,2,0,22,1,2,41.8992486,-87.62427498,POINT (-87.624274978205 41.899248597036)
9dfa7cfc864236af36ce62e40fb0a57abf45019eb4e5c9b5c53f21d520d155873f90fdaa3defd6a1beff484fb2169911fc050bca62783e08badaef386f0e58b7,JF150890,,2/20/2022 22:17,30,NO CONTROLS,NO CONTROLS,CLEAR,"DARKNESS, LIGHTED ROAD",PARKED MOTOR VEHICLE,NOT DIVIDED,,STRAIGHT AND LEVEL,DRY,NO DEFECTS,ON SCENE,INJURY AND / OR TOW DUE TO CRASH,,,Y,"OVER $1,500",2/20/2022 22:18,UNABLE TO DETERMINE,NOT APPLICABLE,3427,W,MONTROSE AVE,1723,,,,,,,2,NO INDICATION OF INJURY,0,0,0,0,0,1,0,22,1,2,41.96100453,-87.71430022,POINT (-87.714300220256 41.96100453347)
dfca0ac326808159fe729be80f1f8871d9bde7c5a01d3f576860c4ad4907250776f24d69eb5b1349ecedb4c83ae4629816cfcdc1729ae64b51c955955bade994,JF187739,,3/26/2022 23:24,25,TRAFFIC SIGNAL,FUNCTIONING IMPROPERLY,CLEAR,"DARKNESS, LIGHTED ROAD",ANGLE,FOUR WAY,,STRAIGHT AND LEVEL,DRY,NO DEFECTS,ON SCENE,INJURY AND / OR TOW DUE TO CRASH,Y,,,"OVER $1,500",3/26/2022 23:25,DISREGARDING TRAFFIC SIGNALS,FAILING TO REDUCE SPEED TO AVOID CRASH,5901,S,DAMEN AVE,714,,,,,,,2,NO INDICATION OF INJURY,0,0,0,0,0,3,0,23,7,3,41.78653947,-87.67394993,POINT (-87.673949929222 41.786539473747)
dff4b35c4ab9b0cfc656bfb8b19808cfe04455d1a390b74148b56e8a46828b18b92d99c7c40b097a927ee730aa9d974e02f8b6a798afde7678e31eb46bf5d336,JF187167,Y,3/26/2022 3:30,25,NO CONTROLS,NO CONTROLS,CLEAR,"DARKNESS, LIGHTED ROAD",PARKED MOTOR VEHICLE,ONE-WAY,,STRAIGHT AND LEVEL,DRY,NO DEFECTS,NOT ON SCENE (DESK REPORT),NO INJURY / DRIVE AWAY,,,Y,"OVER $1,500",3/26/2022 11:45,UNABLE TO DETERMINE,NOT APPLICABLE,3030,N,NOTTINGHAM AVE,2511,,,,,,,2,NO INDICATION OF INJURY,0,0,0,0,0,1,0,3,7,3,41.93534314,-87.80403873,POINT (-87.804038726981 41.935343138975)
9cab7cedef828c255010b4bfad8f306880f9b173cdae71789508d3e10d08f161a90f550b789e6a17af479e2f98691c732fd1e1db2cf99b2d277ee8a081c4fd28,JF157402,,2/27/2022 4:30,30,NO CONTROLS,NO CONTROLS,CLEAR,"DARKNESS, LIGHTED ROAD",FIXED OBJECT,DIVIDED - W/MEDIAN BARRIER,,STRAIGHT AND LEVEL,DRY,NO DEFECTS,ON SCENE,INJURY AND / OR TOW DUE TO CRASH,,,,"OVER $1,500",2/27/2022 4:36,EQUIPMENT - VEHICLE CONDITION,NOT APPLICABLE,3011,S,ASHLAND AVE,913,,,,,,,2,NO INDICATION OF INJURY,0,0,0,0,0,1,0,4,1,2,41.83910488,-87.66563638,POINT (-87.665636379393 41.839104883052)
9cd2cb016dbe2475f9876d93219655c0759eaf04594acd422edd7a7ac977fe13bbb7732001bf958a0fdd1ef2af7d11d2e53fc2c7e173054b6033b6f9239973d1,JF157346,,2/27/2022 3:00,30,NO CONTROLS,NO CONTROLS,SNOW,"DARKNESS, LIGHTED ROAD",SIDESWIPE SAME DIRECTION,NOT DIVIDED,,STRAIGHT AND LEVEL,SNOW OR SLUSH,NO DEFECTS,,NO INJURY / DRIVE AWAY,,,N,"OVER $1,500",2/27/2022 3:08,IMPROPER TURNING/NO SIGNAL,IMPROPER TURNING/NO SIGNAL,950,W,LAKE ST,1214,,,,,,,2,NO INDICATION OF INJURY,0,0,0,0,0,5,0,3,1,2,41.88570077,-87.65176312,POINT (-87.651763118547 41.885700767664)
ee0dafccd6925b6e260b5bd177d53e7332864f88dca920c72674fc8a6f392dcaa8c25ecbd7d07170a67b4f3ee337e0948ea128e123b31d23b0e4b9dd01203a07,JF180321,,3/20/2022 11:49,30,NO CONTROLS,NO CONTROLS,CLEAR,DAYLIGHT,PARKED MOTOR VEHICLE,NOT DIVIDED,,STRAIGHT AND LEVEL,DRY,NO DEFECTS,ON SCENE,NO INJURY / DRIVE AWAY,,,,"$501 - $1,500",3/20/2022 11:50,DRIVING SKILLS/KNOWLEDGE/EXPERIENCE,IMPROPER BACKING,3800,N,MILWAUKEE AVE,1731,,,,,,,2,NO INDICATION OF INJURY,0,0,0,0,0,1,0,11,1,3,41.94998958,-87.74194753,POINT (-87.741947526752 41.949989578729)
ee4258c2ab32a0f1d77d64b21ec12c93eda162baca8de222e6f3b5c78e6bd94a6c94668934ede6ab36c94af63558effd2c8bb39a0b668a7140c08cf9e6952b05,JF180184,,3/20/2022 10:02,30,NO CONTROLS,NO CONTROLS,CLEAR,DAYLIGHT,TURNING,NOT DIVIDED,,STRAIGHT AND LEVEL,DRY,NO DEFECTS,ON SCENE,INJURY AND / OR TOW DUE TO CRASH,,,,"OVER $1,500",3/20/2022 10:03,IMPROPER TURNING/NO SIGNAL,NOT APPLICABLE,7800,S,YATES BLVD,414,,,,,,,2,"REPORTED, NOT EVIDENT",5,0,0,0,5,3,0,10,1,3,41.75345317,-87.56641302,POINT (-87.566413019363 41.75345316606)
9daab0b8d74d3a71db5ed292617c6b977e7d22508d7cdde08b94b85447769719593234324733e96744c86410d6ad2202a29936f40034079ca49ebfc6a2ed035a,JF158055,,2/27/2022 20:11,30,TRAFFIC SIGNAL,FUNCTIONING PROPERLY,CLEAR,DARKNESS,SIDESWIPE SAME DIRECTION,DIVIDED - W/MEDIAN BARRIER,,STRAIGHT AND LEVEL,DRY,NO DEFECTS,ON SCENE,NO INJURY / DRIVE AWAY,Y,,,"OVER $1,500",2/27/2022 20:15,IMPROPER LANE USAGE,NOT APPLICABLE,4150,W,BELMONT AVE,1731,,,,,,,2,NO INDICATION OF INJURY,0,0,0,0,0,3,0,20,1,2,41.93914714,-87.73162314,POINT (-87.731623142805 41.939147139212)