CRASH_RECORD_ID,RD_NO,CRASH_DATE_EST_I,CRASH_DATE,POSTED_SPEED_LIMIT,TRAFFIC_CONTROL_DEVICE,DEVICE_CONDITION,WEATHER_CONDITION,LIGHTING_CONDITION,FIRST_CRASH_TYPE,TRAFFICWAY_TYPE,LANE_CNT,ALIGNMENT,ROADWAY_SURFACE_COND,ROAD_DEFECT,REPORT_TYPE,CRASH_TYPE,INTERSECTION_RELATED_I,NOT_RIGHT_OF_WAY_I,HIT_AND_RUN_I,DAMAGE,DATE_POLICE_NOTIFIED,PRIM_CONTRIBUTORY_CAUSE,SEC_CONTRIBUTORY_CAUSE,STREET_NO,STREET_DIRECTION,STREET_NAME,BEAT_OF_OCCURRENCE,PHOTOS_TAKEN_I,STATEMENTS_TAKEN_I,DOORING_I,WORK_ZONE_I,WORK_ZONE_TYPE,WORKERS_PRESENT_I,NUM_UNITS,MOST_SEVERE_INJURY,INJURIES_TOTAL,INJURIES_FATAL,INJURIES_INCAPACITATING,INJURIES_NON_INCAPACITATING,INJURIES_REPORTED_NOT_EVIDENT,INJURIES_NO_INDICATION,INJURIES_UNKNOWN,CRASH_HOUR,CRASH_DAY_OF_WEEK,CRASH_MONTH,LATITUDE,LONGITUDE,LOCATION
9ded67c18d353c411c227d600b0f8ecf846c3d68a39cbcaa5c28bf94d825c82a05105b47fe5805735f4f27aa5355ae52af62676ad47da8b848bbffbc2d895fd4,JF157953,,2/27/2022 17:57,15,NO CONTROLS,NO CONTROLS,CLEAR,"DARKNESS, LIGHTED ROAD",FIXED OBJECT,PARKING LOT,,STRAIGHT AND LEVEL,DRY,NO DEFECTS,ON SCENE,NO INJURY / DRIVE AWAY,,Y,,"$501 - $1,500",2/27/2022 18:00,UNABLE TO DETERMINE,UNABLE TO DETERMINE,3512,S,ASHLAND AVE,912,,,,,,,1,NO INDICATION OF INJURY,0,0,0,0,0,1,0,17,1,2,41.83006845,-87.66570444,POINT (-87.665704435012 41.830068453095)
dd6c3b27d3b4ee3bc4f0e14f2b1c950c84e7cf9d701be132448b1abda2514898b9ba5783b95aaa4ffd8572f14bc8a9db5087ee83edfe7facf4b74049dbd6391e,JA516463,,11/17/2017 17:00,30,NO CONTROLS,NO CONTROLS,RAIN,DUSK,SIDESWIPE SAME DIRECTION,DIVIDED - W/MEDIAN BARRIER,4,STRAIGHT AND LEVEL,WET,NO DEFECTS,NOT ON SCENE (DESK REPORT),NO INJURY / DRIVE AWAY,,,Y,"OVER $1,500",11/18/2017 9:21,FAILING TO YIELD RIGHT-OF-WAY,FAILING TO YIELD RIGHT-OF-WAY,450,E,LOWER WACKER DR,114,,,,,,,2,NO INDICATION OF INJURY,0,0,0,0,0,2,0,17,6,11,41.88752738,-87.61659991,POINT (-87.616599909647 41.887527382373)
9f31110e17282c427535f97e8d76c933dabe0ab6e5b022ea44a50474364d7f4fab4d527c1a0c6460833d8a687206179e31f3c6da8ab9d1eb130b25bf96d38909,JF152656,,2/20/2022 15:43,20,NO CONTROLS,NO CONTROLS,RAIN,DAYLIGHT,PARKED MOTOR VEHICLE,ONE-WAY,,STRAIGHT AND LEVEL,DRY,NO DEFECTS,NOT ON SCENE (DESK REPORT),NO INJURY / DRIVE AWAY,,,Y,"OVER $1,500",2/22/2022 16:00,"OPERATING VEHICLE IN ERRATIC, RECKLESS, CARELESS, NEGLIGENT OR AGGRESSIVE MANNER",NOT APPLICABLE,7100,S,RIDGELAND AVE,324,,,,,,,2,NO INDICATION OF INJURY,0,0,0,0,0,1,0,15,1,2,41.76597252,-87.58259069,POINT (-87.582590693342 41.765972523614)
dda9446483a35e5fd7b18fdb6a234ad537c72508e9f1fd6ffad904d01e06cbe689be0683ba678eff0c25a4fb55f7dbaa8bddacfc4aec7bb100b080760c365512,JD363241,,9/10/2020 22:02,30,TRAFFIC SIGNAL,UNKNOWN,RAIN,"DARKNESS, LIGHTED ROAD",REAR END,DIVIDED - W/MEDIAN BARRIER,,STRAIGHT AND LEVEL,WET,UNKNOWN,NOT ON SCENE (DESK REPORT),NO INJURY / DRIVE AWAY,Y,,,"$501 - $1,500",9/10/2020 22:20,UNABLE TO DETERMINE,NOT APPLICABLE,450,E,LOWER WACKER DR,114,,,,,,,2,NO INDICATION OF INJURY,0,0,0,0,0,2,0,22,5,9,41.88752738,-87.61659991,POINT (-87.616599909647 41.887527382373)
de6a21aa264323555504a53035f4559bf8827cab48c85ed962a4cfb7526881e4014728af469e1375db7a2ad4245d2c32a3e166a13a61389e95131af302e401cc,JF165129,,3/6/2022 10:40,25,NO CONTROLS,NO CONTROLS,CLEAR,DAYLIGHT,REAR END,ONE-WAY,,STRAIGHT AND LEVEL,DRY,UNKNOWN,NOT ON SCENE (DESK REPORT),NO INJURY / DRIVE AWAY,,,,"OVER $1,500",3/6/2022 13:00,UNABLE TO DETERMINE,UNABLE TO DETERMINE,1316,S,SPRINGFIELD AVE,1011,,,,,,,2,NO INDICATION OF INJURY,0,0,0,0,0,3,0,10,1,3,41.86382838,-87.72280977,POINT (-87.722809770199 41.86382838119)
e124ff0f0dce93f35843a034b3e49b731463a575549bc28be67213bb2712f71669cca8722a05cce7e77551553730346c065089d36f66e423e0cbc11703905613,JE418872,,10/22/2021 16:35,30,STOP SIGN/FLASHER,NO CONTROLS,CLEAR,DAYLIGHT,TURNING,T-INTERSECTION,,STRAIGHT AND LEVEL,DRY,NO DEFECTS,,INJURY AND / OR TOW DUE TO CRASH,Y,,,"OVER $1,500",10/22/2021 17:16,IMPROPER TURNING/NO SIGNAL,NOT APPLICABLE,1599,S,CANAL ST,124,,,,,,,2,NONINCAPACITATING INJURY,4,0,0,4,0,1,0,16,6,10,41.86004328,-87.63886759,POINT (-87.638867593724 41.860043274511)
e12e06155fdcb994884676445ff8b066689082b8788ad6d03bc69bdcd404fbd2ed8161b535174903d11d5a461e230293911dba20042284480640964524c38807,JE337706,,8/14/2021 23:55,30,NO CONTROLS,NOT FUNCTIONING,CLEAR,"DARKNESS, LIGHTED ROAD",PARKED MOTOR VEHICLE,NOT DIVIDED,,STRAIGHT AND LEVEL,UNKNOWN,UNKNOWN,,INJURY AND / OR TOW DUE TO CRASH,,Y,,"OVER $1,500",8/14/2021 23:58,EQUIPMENT - VEHICLE CONDITION,NOT APPLICABLE,1351,N,DAMEN AVE,1424,,,,,,,3,NONINCAPACITATING INJURY,1,0,0,1,0,0,0,23,7,8,41.90648774,-87.67720763,POINT (-87.677207630541 41.906487738633)
e14d3365822a4e609869d056b5f741fd2460b057209e551560a8cc19cf82640d66af997a151ea82b18669a34dbf923ff89313e5c203e73e5e6fafd94fc881e36,JD269382,,6/15/2020 18:30,30,NO CONTROLS,NO CONTROLS,CLEAR,DAYLIGHT,PEDALCYCLIST,DIVIDED - W/MEDIAN (NOT RAISED),,STRAIGHT AND LEVEL,DRY,NO DEFECTS,,INJURY AND / OR TOW DUE TO CRASH,,,Y,$500 OR LESS,6/19/2020 15:47,FAILING TO YIELD RIGHT-OF-WAY,FOLLOWING TOO CLOSELY,3698,N,CENTRAL AVE,1633,,,,,,,2,NONINCAPACITATING INJURY,1,0,0,1,0,1,0,18,2,6,41.94765444,-87.76696491,POINT (-87.76696490595 41.94765443734)
9fdb88c5e1ff12c14c9f98229765c3d2ca5379b9840e03e0fda8d3285217383293010f68cf957104d324e4d0cce458bc5e0c335ed69d0505048631b11f29a6d7,JF150068,,2/20/2022 0:46,30,TRAFFIC SIGNAL,FUNCTIONING PROPERLY,CLEAR,"DARKNESS, LIGHTED ROAD",FIXED OBJECT,DIVIDED - W/MEDIAN BARRIER,,STRAIGHT AND LEVEL,ICE,NO DEFECTS,ON SCENE,INJURY AND / OR TOW DUE TO CRASH,Y,,,"OVER $1,500",2/20/2022 0:47,UNABLE TO DETERMINE,UNABLE TO DETERMINE,5100,S,WELLS ST,935,,Y,,,,,1,NO INDICATION OF INJURY,0,0,0,0,0,1,0,0,1,2,41.80179454,-87.63215272,POINT (-87.632152716406 41.801794540257)
ded90304e66291714f9713f4186187e88d451b35f108f51165393659d2c7728874017f54d3bd36841409f5197334cccd3857c03a4fc8ec5a3453b8f1c3fbfe81,JF165149,,3/6/2022 13:00,30,UNKNOWN,UNKNOWN,UNKNOWN,UNKNOWN,SIDESWIPE SAME DIRECTION,UNKNOWN,,STRAIGHT AND LEVEL,UNKNOWN,UNKNOWN,NOT ON SCENE (DESK REPORT),NO INJURY / DRIVE AWAY,,,,"OVER $1,500",3/6/2022 13:15,UNABLE TO DETERMINE,UNABLE TO DETERMINE,5501,S,SPAULDING AVE,822,,,,,,,2,NO INDICATION OF INJURY,0,0,0,0,0,2,0,13,1,3,41.79339039,-87.70585531,POINT (-87.705855310557 41.7933903897)
f0ef8b939480a468cff17b6d73b041be351b7f345c40806ded3344aa826510e6a3450a2c1d69112989be4b3fb365a25e739d091effda2b9549d217db109be906,JF180051,,3/20/2022 4:10,45,NO CONTROLS,NO CONTROLS,CLEAR,"DARKNESS, LIGHTED ROAD",FIXED OBJECT,DIVIDED - W/MEDIAN BARRIER,,STRAIGHT AND LEVEL,DRY,NO DEFECTS,ON SCENE,INJURY AND / OR TOW DUE TO CRASH,,,,"OVER $1,500",3/20/2022 4:13,DRIVING SKILLS/KNOWLEDGE/EXPERIENCE,NOT APPLICABLE,3141,S,LAKE SHORE DR NB,211,,,,,,,1,NO INDICATION OF INJURY,0,0,0,0,0,1,0,4,1,3,41.83671711,-87.60770553,POINT (-87.607705528003 41.836717113371)
f1762a3355a98f47939fe850226ba945ddbdea978111ca831ef4b8a3bd3460e04368c4e3d9f44f57af8e39d374350987d2dba6655acc62909335769dd30fb050,JF180474,,3/20/2022 15:10,30,NO CONTROLS,NO CONTROLS,CLEAR,DAYLIGHT,REAR END,NOT DIVIDED,,STRAIGHT AND LEVEL,DRY,NO DEFECTS,NOT ON SCENE (DESK REPORT),NO INJURY / DRIVE AWAY,,,,"OVER $1,500",3/20/2022 15:25,FAILING TO REDUCE SPEED TO AVOID CRASH,DRIVING SKILLS/KNOWLEDGE/EXPERIENCE,5146,S,ARCHER AVE,815,,,,,,,2,NO INDICATION OF INJURY,0,0,0,0,0,2,0,15,1,3,41.80053573,-87.7316915,POINT (-87.731691497046 41.800535725928)
a0df46634d5ad8059027acb17ad2bc197a0a81f190a170bd9fda94b63f087873270730e63197ae2755e4fad123dd28ba48734624ade0782333fe4133c16254ad,JF150545,,2/20/2022 14:55,30,NO CONTROLS,NO CONTROLS,CLEAR,DAYLIGHT,SIDESWIPE SAME DIRECTION,DIVIDED - W/MEDIAN (NOT RAISED),,STRAIGHT AND LEVEL,DRY,UNKNOWN,NOT ON SCENE (DESK REPORT),NO INJURY / DRIVE AWAY,,,Y,"OVER $1,500",2/20/2022 15:46,UNABLE TO DETERMINE,UNABLE TO DETERMINE,2102,W,NORTH AVE,1434,,,,,,,2,NO INDICATION OF INJURY,0,0,0,0,0,5,0,14,1,2,41.91054551,-87.68018132,POINT (-87.680181317352 41.910545506979)
e373fe97b5d996673b3e58f4695b8c61f96b377c5ac9e5901476066bf697710d4b0328058479debaa0e05a6996ec165a105e1af5397093287d5a4ab81e07f475,JF187419,,3/26/2022 15:00,25,NO CONTROLS,NO CONTROLS,CLEAR,DAYLIGHT,PARKED MOTOR VEHICLE,NOT DIVIDED,,STRAIGHT AND LEVEL,DRY,UNKNOWN,ON SCENE,INJURY AND / OR TOW DUE TO CRASH,,,Y,"OVER $1,500",3/26/2022 16:12,UNABLE TO DETERMINE,UNABLE TO DETERMINE,946,E,83RD ST,631,,,,,,,2,"REPORTED, NOT EVIDENT",1,0,0,0,1,1,0,15,7,3,41.74413897,-87.60071881,POINT (-87.600718805413 41.744138966253)
a13ca5b172eda65565e10972a0f7539748c5960ecb34ad352075113aa4b1d79255700f0f396f7bbd28db357abcd3126e4256523aa88efb164a194926afb33671,JF150534,,2/20/2022 15:00,30,NO CONTROLS,NO CONTROLS,CLEAR,DAYLIGHT,TURNING,NOT DIVIDED,,STRAIGHT AND LEVEL,DRY,NO DEFECTS,NOT ON SCENE (DESK REPORT),NO INJURY / DRIVE AWAY,,,,"$501 - $1,500",2/20/2022 15:30,NOT APPLICABLE,NOT APPLICABLE,5253,S,PULASKI RD,822,,,,,,,2,NO INDICATION OF INJURY,0,0,0,0,0,3,0,15,1,2,41.79710974,-87.72312435,POINT (-87.723124350529 41.797109735429)
a14183a54260e1d714dc1ce743a21cacc585a8b3ee56dee6ee5f18112f9fb77a1b5fc5ab7ccd846e23decfd2aadd6f647e30c8315bc0a77e1e5e20eb6158744c,JF150365,,2/20/2022 12:11,30,TRAFFIC SIGNAL,FUNCTIONING PROPERLY,CLEAR,DAYLIGHT,TURNING,DIVIDED - W/MEDIAN (NOT RAISED),,STRAIGHT AND LEVEL,DRY,NO DEFECTS,ON SCENE,INJURY AND / OR TOW DUE TO CRASH,,,,"$501 - $1,500",2/20/2022 12:12,IMPROPER LANE USAGE,UNABLE TO DETERMINE,950,N,WESTERN AVE,1212,,,,,,,2,NO INDICATION OF INJURY,0,0,0,0,0,3,0,12,1,2,41.89908032,-87.6870745,POINT (-87.687074504195 41.899080316863)
e4c5aa27c953eed7c60369a2fa2d17bf1e8e8bf6b458afe62d68a312514c389748448810640a1fe8d00f9eeee833692c564fd667331b6c2faf0fbbe7344cbdd5,JF186974,,3/26/2022 7:00,30,STOP SIGN/FLASHER,FUNCTIONING PROPERLY,CLOUDY/OVERCAST,DAYLIGHT,PARKED MOTOR VEHICLE,T-INTERSECTION,,STRAIGHT AND LEVEL,DRY,NO DEFECTS,ON SCENE,NO INJURY / DRIVE AWAY,Y,,,"OVER $1,500",3/26/2022 7:04,PHYSICAL CONDITION OF DRIVER,PHYSICAL CONDITION OF DRIVER,3034,W,CERMAK RD,1022,,,,,,,2,NO INDICATION OF INJURY,0,0,0,0,0,1,0,7,7,3,41.8519266,-87.70179538,POINT (-87.701795376747 41.851926595792)
e56e50440324a464896abac0aa3b698269a13bb744755862797cc41669d1e5d4dcb6d6307591534c5487764fd11047667a11431629036b480b96581fc867ac4b,JF189324,,3/26/2022 13:10,30,NO CONTROLS,NO CONTROLS,CLEAR,DAYLIGHT,REAR END,NOT DIVIDED,,STRAIGHT AND LEVEL,DRY,NO DEFECTS,NOT ON SCENE (DESK REPORT),NO INJURY / DRIVE AWAY,,,,"OVER $1,500",3/28/2022 14:20,FOLLOWING TOO CLOSELY,NOT APPLICABLE,5401,S,HARLEM AVE,811,,,,,,,2,NO INDICATION OF INJURY,0,0,0,0,0,2,0,13,7,3,41.79392295,-87.80144211,POINT (-87.801442111652 41.793922946388)
e6072ec490bdd7d94fa7eb59a8d633aba6ea71c11689af602a291adbb90bca1852a330efffcbd9e142859882f241c65444e0f33b9049198d19a2e0a1903a47cc,JF189271,N,3/26/2022 22:00,30,NO CONTROLS,NO CONTROLS,CLEAR,DARKNESS,PARKED MOTOR VEHICLE,NOT DIVIDED,,STRAIGHT AND LEVEL,DRY,NO DEFECTS,NOT ON SCENE (DESK REPORT),NO INJURY / DRIVE AWAY,,,Y,"$501 - $1,500",3/28/2022 13:30,IMPROPER OVERTAKING/PASSING,UNABLE TO DETERMINE,1030,E,47TH ST,222,,,,,,,2,NO INDICATION OF INJURY,0,0,0,0,0,1,0,22,7,3,41.80971058,-87.60048473,POINT (-87.600484725509 41.809710578241)
e54e8a59fad1684e3dfd79b99f76c512ebf3bf7a14ef55fbe11be7927c59d9b3c2799490eedd0dd85faf1b5c6e4ef6207140ce54156312441790e9e99a809e7a,JE437450,,11/7/2021 18:55,35,TRAFFIC SIGNAL,FUNCTIONING PROPERLY,CLEAR,"DARKNESS, LIGHTED ROAD",TURNING,Y-INTERSECTION,,STRAIGHT AND LEVEL,DRY,NO DEFECTS,,NO INJURY / DRIVE AWAY,,,Y,"OVER $1,500",11/7/2021 18:57,IMPROPER TURNING/NO SIGNAL,IMPROPER LANE USAGE,6300,N,NAGLE AVE,1611,,,,,,,2,NO INDICATION OF INJURY,0,0,0,0,0,3,0,18,1,11,41.99561772,-87.78764306,POINT (-87.787643061381 41.995617717214)
a32da88c64927028422a260c7adec3c87b3e007705a3bfe27e1d85c259025acf73b9173db5229c368c5c3196e1781308f9b2ef383551b1af64aa657eee3b0c04,JF150687,,2/20/2022 13:45,30,NO CONTROLS,NO CONTROLS,CLEAR,DAYLIGHT,PARKED MOTOR VEHICLE,ONE-WAY,,STRAIGHT AND LEVEL,UNKNOWN,UNKNOWN,NOT ON SCENE (DESK REPORT),NO INJURY / DRIVE AWAY,,,Y,"OVER $1,500",2/20/2022 17:45,UNABLE TO DETERMINE,UNABLE TO DETERMINE,4011,W,WILCOX ST,1115,,,,,,,3,NO INDICATION OF INJURY,0,0,0,0,0,1,0,13,1,2,41.87875388,-87.72610758,POINT (-87.726107579202 41.878753880062)
a358f16b44e23c128676e619b40855d03e509bf130356f75fbef82accc63e32c6f92d6e410390476582e2c0ece69d600cd1ef176edde4f395ba7b4d7bf954e2d,JF150577,,2/20/2022 14:50,30,TRAFFIC SIGNAL,FUNCTIONING PROPERLY,CLEAR,DAYLIGHT,TURNING,FOUR WAY,,STRAIGHT AND LEVEL,DRY,NO DEFECTS,ON SCENE,INJURY AND / OR TOW DUE TO CRASH,Y,,,"OVER $1,500",2/20/2022 15:54,IMPROPER TURNING/NO SIGNAL,IMPROPER LANE USAGE,2600,S,DR MARTIN LUTHER KING JR DR,133,,,,,,,2,"REPORTED, NOT EVIDENT",1,0,0,0,1,3,0,14,1,2,41.84565291,-87.61781639,POINT (-87.617816391009 41.845652911763)
4984423a311f02d923bec7100484ad4822d22376a1bf5a9ce1e9f07e64cf0b165b44bd826d6c5fe6c6b968149bc0cf93b6c37075d21f74f0aaf027c573e13f35,JD431511,,11/14/2020 19:20,30,NO CONTROLS,NO CONTROLS,RAIN,"DARKNESS, LIGHTED ROAD",PEDESTRIAN,NOT DIVIDED,,STRAIGHT AND LEVEL,WET,NO DEFECTS,,INJURY AND / OR TOW DUE TO CRASH,,,,"$501 - $1,500",11/14/2020 19:23,WEATHER,WEATHER,129,E,103RD ST,512,,,,,,,3,NONINCAPACITATING INJURY,1,0,0,1,0,2,0,19,7,11,41.70712521,-87.61889408,POINT (-87.618894080647 41.707125209958)
e642fba7e494920c2e40a2e642321861b4c0abc2a57edcb84094b5a2a3857cc63161b4261cf5872e9ae70516063b6e57db3713fba18af76cf3f0cf9d4d67e941,JD155313,,2/17/2020 18:01,30,STOP SIGN/FLASHER,FUNCTIONING PROPERLY,RAIN,"DARKNESS, LIGHTED ROAD",TURNING,DIVIDED - W/MEDIAN (NOT RAISED),,STRAIGHT AND LEVEL,WET,NO DEFECTS,,INJURY AND / OR TOW DUE TO CRASH,,,Y,"OVER $1,500",2/17/2020 18:04,DISREGARDING TRAFFIC SIGNALS,NOT APPLICABLE,4000,W,IRVING PARK RD,1722,,,,,,,2,NONINCAPACITATING INJURY,1,0,0,1,0,1,0,18,2,2,41.95375687,-87.72769851,POINT (-87.727698513129 41.953756874475)
a3e770cc0bfea3eb9b20d2f22d9ec2e67ae7305cd02ffff442620cf053e83441c3d6b88c8565d8d5a6a037de2f7856835d0064b98450d563c61932d0899e2f0f,JF155726,,2/20/2022 14:30,25,STOP SIGN/FLASHER,FUNCTIONING PROPERLY,CLEAR,DAYLIGHT,TURNING,DIVIDED - W/MEDIAN (NOT RAISED),,STRAIGHT AND LEVEL,WET,UNKNOWN,NOT ON SCENE (DESK REPORT),NO INJURY / DRIVE AWAY,Y,,Y,"OVER $1,500",2/25/2022 14:00,UNABLE TO DETERMINE,UNABLE TO DETERMINE,3958,W,13TH ST,1011,,,,,,,2,NO INDICATION OF INJURY,0,0,0,0,0,3,0,14,1,2,41.86445313,-87.72505822,POINT (-87.725058215858 41.864453126868)
e6e0fa68602e40bdcd7fd8847aa43f772839620805293d52bca373b214f12f026b0af81e748ea0518a77bb43f5bf13bb5914009ffd3f608c46eb135fb610aa1d,JF197660,,3/26/2022 20:15,30,NO CONTROLS,NO CONTROLS,CLOUDY/OVERCAST,"DARKNESS, LIGHTED ROAD",SIDESWIPE SAME DIRECTION,NOT DIVIDED,,STRAIGHT AND LEVEL,UNKNOWN,UNKNOWN,NOT ON SCENE (DESK REPORT),NO INJURY / DRIVE AWAY,,,,"OVER $1,500",3/26/2022 21:15,IMPROPER OVERTAKING/PASSING,FOLLOWING TOO CLOSELY,4523,W,NORTH AVE,2533,,,,,,,2,NO INDICATION OF INJURY,0,0,0,0,0,2,0,20,7,3,41.90959614,-87.73970064,POINT (-87.739700644014 41.909596142962)
f52a5a5f1effc47844e880f6ffbf6ef598f737b8d659a1e740f2cd9c979c21e86db7629af1672aa8e7fc1a700881c7f910d580853c9ecedb05cb58f2061eab80,JF180057,,3/20/2022 4:32,30,TRAFFIC SIGNAL,UNKNOWN,CLEAR,"DARKNESS, LIGHTED ROAD",FIXED OBJECT,DIVIDED - W/MEDIAN BARRIER,,STRAIGHT AND LEVEL,DRY,UNKNOWN,ON SCENE,INJURY AND / OR TOW DUE TO CRASH,,,,"OVER $1,500",3/20/2022 4:32,FAILING TO REDUCE SPEED TO AVOID CRASH,UNABLE TO DETERMINE,1902,N,ASHLAND AVE,1433,,Y,,,,,2,INCAPACITATING INJURY,2,0,2,0,0,0,0,4,1,3,41.91621118,-87.66794589,POINT (-87.66794588825 41.916211175338)
a3fd0f4fa12c0a5a4f82885449f4d2f5cf9eae7f649a5db457729543fa6f0e85da6d4dfc8253965abbcd74b5e3af753913109dfc9d63029dd6f4034d140e761b,JF150453,,2/20/2022 13:15,30,TRAFFIC SIGNAL,UNKNOWN,CLEAR,DAYLIGHT,SIDESWIPE SAME DIRECTION,DIVIDED - W/MEDIAN (NOT RAISED),,STRAIGHT AND LEVEL,UNKNOWN,UNKNOWN,NOT ON SCENE (DESK REPORT),NO INJURY / DRIVE AWAY,,,,"$501 - $1,500",2/20/2022 13:50,UNABLE TO DETERMINE,NOT APPLICABLE,1182,W,HOLLYWOOD AVE,2022,,,,,,,2,NO INDICATION OF INJURY,0,0,0,0,0,2,0,13,1,2,41.98556491,-87.66001013,POINT (-87.660010128843 41.985564909904)
e7a757647c349cf3fe104bdec99b9da05c7bf4395065b097dd1f939cc3d10739ab459f225c8de04c11b849c6cfc538b204e10f929d6cb10afe121e75589b206d,JF188382,,3/26/2022 12:00,25,NO CONTROLS,NO CONTROLS,CLEAR,DAYLIGHT,PARKED MOTOR VEHICLE,NOT DIVIDED,,STRAIGHT AND LEVEL,DRY,NO DEFECTS,NOT ON SCENE (DESK REPORT),NO INJURY / DRIVE AWAY,,,,"OVER $1,500",3/27/2022 15:33,IMPROPER OVERTAKING/PASSING,NOT APPLICABLE,949,W,LELAND AVE,1914,,,,,,,2,NO INDICATION OF INJURY,0,0,0,0,0,1,0,12,7,3,41.96717506,-87.65444719,POINT (-87.654447184641 41.967175064192)
a4b317748a636931442e1a427ebc1f3d9b46ef8154b1d3df4c0281603c74532b5efec59787c5e1368dc5d6e525aae07197f1b5be1c0a2ea768d199099aea553d,JF157931,,2/27/2022 16:45,30,OTHER,NO CONTROLS,CLEAR,DAYLIGHT,PARKED MOTOR VEHICLE,PARKING LOT,,STRAIGHT AND LEVEL,DRY,NO DEFECTS,NOT ON SCENE (DESK REPORT),NO INJURY / DRIVE AWAY,,,,"$501 - $1,500",2/27/2022 17:44,UNABLE TO DETERMINE,NOT APPLICABLE,8022,S,COTTAGE GROVE AVE,631,,,,,,,2,NO INDICATION OF INJURY,0,0,0,0,0,1,0,16,1,2,41.7487383,-87.60531466,POINT (-87.605314662739 41.748738302603)
e1a8dce4bb2d2809c5a8be589923cccc4c80f4b7ed5c942f7397a358e4f710809345289d99d8400975064c7a16a346faae188a812ad00aa4bd3a891d7aa8b5a9,JF165429,,3/6/2022 17:05,10,NO CONTROLS,NO CONTROLS,CLEAR,DAYLIGHT,PARKED MOTOR VEHICLE,PARKING LOT,,STRAIGHT AND LEVEL,DRY,NO DEFECTS,ON SCENE,NO INJURY / DRIVE AWAY,,,,"OVER $1,500",3/6/2022 18:00,UNABLE TO DETERMINE,UNABLE TO DETERMINE,510,W,BELMONT AVE,1925,,,,,,,2,NO INDICATION OF INJURY,0,0,0,0,0,1,0,17,1,3,41.94018672,-87.64238451,POINT (-87.642384512979 41.940186722574)
f730c74a9fbcb0485bd6a6d8ac24891e38a795040d91401823c7dfc96168fb21ade8bba1b57ac0cfb1c3c05becb40d967ea36c0a9e7decd3ab8c1fcaf184af01,JF190886,,3/20/2022 16:55,30,NO CONTROLS,NO CONTROLS,CLEAR,DAYLIGHT,TURNING,FOUR WAY,,STRAIGHT AND LEVEL,DRY,NO DEFECTS,NOT ON SCENE (DESK REPORT),NO INJURY / DRIVE AWAY,Y,,,"$501 - $1,500",3/29/2022 21:30,UNABLE TO DETERMINE,UNABLE TO DETERMINE,4363,W,MONTROSE AVE,1722,,,,,,,2,NO INDICATION OF INJURY,0,0,0,0,0,2,0,16,1,3,41.96072215,-87.73811471,POINT (-87.738114711108 41.960722149093)
e7ec852b11a4677e79b2596ace7cca7d9a11939983db9763144847d0b58097db12808bd8a077e2cf7710c3db096a9b4fa132d3e01a5c162cd049ea86d5c7443b,JF187161,,3/26/2022 10:58,30,TRAFFIC SIGNAL,FUNCTIONING PROPERLY,CLOUDY/OVERCAST,DAYLIGHT,REAR END,DIVIDED - W/MEDIAN (NOT RAISED),,STRAIGHT ON GRADE,DRY,UNKNOWN,ON SCENE,INJURY AND / OR TOW DUE TO CRASH,Y,,,"OVER $1,500",3/26/2022 10:59,FAILING TO REDUCE SPEED TO AVOID CRASH,NOT APPLICABLE,9935,S,WESTERN AVE,2213,,,,,,,2,NONINCAPACITATING INJURY,1,0,0,1,0,1,0,10,7,3,41.71262952,-87.68166446,POINT (-87.681664458239 41.712629521636)
f73eed2e3423898351be29057507ac4b3cf280ae2289fb4874622d6472fb4fc068a8b4139ce1a05012503b184d601ce0f351280dcc96060d80c5830a4534c3a6,JF180567,,3/20/2022 16:15,10,NO CONTROLS,NO CONTROLS,CLEAR,DAYLIGHT,PARKED MOTOR VEHICLE,PARKING LOT,,STRAIGHT AND LEVEL,DRY,NO DEFECTS,NOT ON SCENE (DESK REPORT),NO INJURY / DRIVE AWAY,,Y,,"$501 - $1,500",3/20/2022 16:40,UNABLE TO DETERMINE,UNABLE TO DETERMINE,520,N,OGDEN AVE,1215,,,,,,,2,NO INDICATION OF INJURY,0,0,0,0,0,3,0,16,1,3,41.89176978,-87.65860461,POINT (-87.658604614249 41.891769778206)
f74637b8373aede3c60d30d46d5af1ffa0ad8d45e66d9055f43c15a4c4087dfadd2c545714e7ec46a7d68b2e97a64269e5b0b8ad2373d59eafadad78123ebf77,JF180693,,3/20/2022 18:42,30,NO CONTROLS,NO CONTROLS,CLEAR,DAWN,PARKED MOTOR VEHICLE,NOT DIVIDED,,STRAIGHT AND LEVEL,DRY,NO DEFECTS,ON SCENE,NO INJURY / DRIVE AWAY,,,,"OVER $1,500",3/20/2022 18:50,"OPERATING VEHICLE IN ERRATIC, RECKLESS, CARELESS, NEGLIGENT OR AGGRESSIVE MANNER",NOT APPLICABLE,3142,W,POLK ST,1134,,,,,,,2,NO INDICATION OF INJURY,0,0,0,0,0,2,0,18,1,3,41.87107062,-87.70509511,POINT (-87.705095105452 41.871070619845)