CRASH_RECORD_ID,RD_NO,CRASH_DATE_EST_I,CRASH_DATE,POSTED_SPEED_LIMIT,TRAFFIC_CONTROL_DEVICE,DEVICE_CONDITION,WEATHER_CONDITION,LIGHTING_CONDITION,FIRST_CRASH_TYPE,TRAFFICWAY_TYPE,LANE_CNT,ALIGNMENT,ROADWAY_SURFACE_COND,ROAD_DEFECT,REPORT_TYPE,CRASH_TYPE,INTERSECTION_RELATED_I,NOT_RIGHT_OF_WAY_I,HIT_AND_RUN_I,DAMAGE,DATE_POLICE_NOTIFIED,PRIM_CONTRIBUTORY_CAUSE,SEC_CONTRIBUTORY_CAUSE,STREET_NO,STREET_DIRECTION,STREET_NAME,BEAT_OF_OCCURRENCE,PHOTOS_TAKEN_I,STATEMENTS_TAKEN_I,DOORING_I,WORK_ZONE_I,WORK_ZONE_TYPE,WORKERS_PRESENT_I,NUM_UNITS,MOST_SEVERE_INJURY,INJURIES_TOTAL,INJURIES_FATAL,INJURIES_INCAPACITATING,INJURIES_NON_INCAPACITATING,INJURIES_REPORTED_NOT_EVIDENT,INJURIES_NO_INDICATION,INJURIES_UNKNOWN,CRASH_HOUR,CRASH_DAY_OF_WEEK,CRASH_MONTH,LATITUDE,LONGITUDE,LOCATION
a5de8385ab9063697334c276b4f7d2385d430c30eca90a66a743d0972eeffc01087f3ea213461df8d7c3a90bc2f11c308cc5809444ecdd69bf452dfcc0a7dd8e,JF157874,,2/27/2022 7:15,30,TRAFFIC SIGNAL,FUNCTIONING PROPERLY,CLEAR,DAYLIGHT,ANGLE,FOUR WAY,,STRAIGHT AND LEVEL,DRY,NO DEFECTS,NOT ON SCENE (DESK REPORT),NO INJURY / DRIVE AWAY,,,Y,"OVER $1,500",2/27/2022 16:40,DISREGARDING TRAFFIC SIGNALS,NOT APPLICABLE,8000,S,SOUTH CHICAGO AVE,414,,,,,,,2,NO INDICATION OF INJURY,0,0,0,0,0,2,0,7,1,2,41.74933329,-87.5827846,POINT (-87.582784601586 41.749333292522)
f80cabf47ffc8c63cbea7b921781831bd55a41b9a2542b7efc9e226c01e61a2c85b0fde2adcfbf46e671140ff678c821a5a274eebce6ebda1d11ab376a18759c,JF180122,,3/20/2022 4:50,30,STOP SIGN/FLASHER,NO CONTROLS,CLEAR,"DARKNESS, LIGHTED ROAD",REAR END,NOT DIVIDED,,STRAIGHT AND LEVEL,DRY,NO DEFECTS,NOT ON SCENE (DESK REPORT),NO INJURY / DRIVE AWAY,,,Y,"OVER $1,500",3/20/2022 8:20,FOLLOWING TOO CLOSELY,NOT APPLICABLE,847,W,DIVISION ST,1822,,,,,,,2,NO INDICATION OF INJURY,0,0,0,0,0,4,0,4,1,3,41.90350463,-87.649854,POINT (-87.649853994607 41.903504630637)
a68989fcf21795461b6a9d92aa77b8c6208afe9afe508607c3de8e0c539186e2865b1533ab4ed6f5c1a3514c96da1cbe7667a32be197cd4a1b537e1e9553beff,JF150891,,2/20/2022 22:35,30,TRAFFIC SIGNAL,FUNCTIONING PROPERLY,CLEAR,"DARKNESS, LIGHTED ROAD",REAR TO FRONT,NOT DIVIDED,,STRAIGHT AND LEVEL,WET,NO DEFECTS,ON SCENE,NO INJURY / DRIVE AWAY,,,,"$501 - $1,500",2/20/2022 22:35,UNDER THE INFLUENCE OF ALCOHOL/DRUGS (USE WHEN ARREST IS EFFECTED),NOT APPLICABLE,259,N,SACRAMENTO BLVD,1222,,,,,,,2,NO INDICATION OF INJURY,0,0,0,0,0,3,0,22,1,2,41.88579128,-87.70119293,POINT (-87.701192926836 41.885791283105)
a64caa23dd6a644764dde937752eaf8dbc997881d97da3efcf19278d934c6a4c3f81435af2d239ccd4c2d7e48f2a6a6d0612833d042bd0692fb12d0c7fdfdd0c,JC366738,,7/27/2019 11:45,15,NO CONTROLS,NO CONTROLS,CLEAR,DAYLIGHT,PARKED MOTOR VEHICLE,ONE-WAY,,STRAIGHT AND LEVEL,DRY,NO DEFECTS,,NO INJURY / DRIVE AWAY,,,Y,$500 OR LESS,7/27/2019 11:49,UNABLE TO DETERMINE,NOT APPLICABLE,11311,S,AVENUE J,433,,,,,,,2,NO INDICATION OF INJURY,0,0,0,0,0,1,0,11,7,7,41.6896503,-87.53392991,POINT (-87.533929908912 41.689650294513)
a6e853a5079ed67c327663531265e1cb690650418d3118dfa2c30dc024b6960ebec8d7f264b77a4c91fb0885e24de5ac75c75e6c8bdeb8bf9d3e8f84bb5b3a44,JF158115,,2/27/2022 21:00,30,UNKNOWN,UNKNOWN,CLEAR,"DARKNESS, LIGHTED ROAD",FIXED OBJECT,NOT DIVIDED,,STRAIGHT AND LEVEL,DRY,UNKNOWN,ON SCENE,NO INJURY / DRIVE AWAY,,,Y,"$501 - $1,500",2/27/2022 21:03,UNABLE TO DETERMINE,UNABLE TO DETERMINE,4500,W,DIVISION ST,2533,,,,,,,1,NO INDICATION OF INJURY,0,0,0,0,0,1,0,21,1,2,41.90257998,-87.73866729,POINT (-87.738667288661 41.902579982953)
a75ce86ff44492140c48bf7003a194bee99284a6e11454d6f62fe7939f25e16dd7a2addccadb1cdae68c88ab1a19cb017021d7f0b9648e4ba0e63185c510f433,JF150853,N,2/20/2022 21:15,30,STOP SIGN/FLASHER,FUNCTIONING PROPERLY,CLEAR,DARKNESS,ANGLE,FOUR WAY,,STRAIGHT AND LEVEL,DRY,NO DEFECTS,ON SCENE,INJURY AND / OR TOW DUE TO CRASH,Y,,,"OVER $1,500",2/20/2022 21:16,FAILING TO YIELD RIGHT-OF-WAY,NOT APPLICABLE,4400,W,VAN BUREN ST,1131,,,,,,,2,NO INDICATION OF INJURY,0,0,0,0,0,2,0,21,1,2,41.8752522,-87.7354087,POINT (-87.735408699981 41.875252196316)
a78046e846aaa77e77764de378bdf6bd32c21612a8dd9588453119d7c81e1c5b0f5a1f24112d4d0cc4e19fa8d0fff4b7b460a37588992eaf31e097a8530f1c7f,JF150536,,2/20/2022 15:00,30,NO CONTROLS,NO CONTROLS,CLEAR,DAYLIGHT,ANGLE,NOT DIVIDED,,STRAIGHT AND LEVEL,DRY,NO DEFECTS,NOT ON SCENE (DESK REPORT),NO INJURY / DRIVE AWAY,,,,"$501 - $1,500",2/20/2022 15:30,FAILING TO YIELD RIGHT-OF-WAY,NOT APPLICABLE,2317,N,CICERO AVE,2522,,,,,,,2,NO INDICATION OF INJURY,0,0,0,0,0,2,0,15,1,2,41.92293104,-87.74611948,POINT (-87.746119477943 41.922931042554)
f888e91548ec65ddd939c3c2e726c0b385e3dfdca007175f83d56651db495a37d1edf36a4fc52937e65324c38db63af916a612cbd2be60128913f3f3521cdccb,JF180728,,3/20/2022 19:10,30,NO CONTROLS,NO CONTROLS,CLEAR,"DARKNESS, LIGHTED ROAD",SIDESWIPE SAME DIRECTION,NOT DIVIDED,,STRAIGHT AND LEVEL,DRY,NO DEFECTS,NOT ON SCENE (DESK REPORT),NO INJURY / DRIVE AWAY,,,,"OVER $1,500",3/20/2022 19:45,UNABLE TO DETERMINE,NOT APPLICABLE,6947,W,GRAND AVE,2512,,,,,,,2,NO INDICATION OF INJURY,0,0,0,0,0,3,0,19,1,3,41.92345239,-87.79978068,POINT (-87.799780679399 41.923452387094)
f8a7430dca86a00a19a3aeb4bea438c5f9fe7242948bbbab85d0d56e1310a050ddf6af966e8492f5a59daa868b76411c75ed146fae44afe720555f23ad69cd6a,JF180014,,3/20/2022 3:08,30,TRAFFIC SIGNAL,FUNCTIONING PROPERLY,CLEAR,"DARKNESS, LIGHTED ROAD",TURNING,FOUR WAY,,STRAIGHT AND LEVEL,WET,NO DEFECTS,ON SCENE,INJURY AND / OR TOW DUE TO CRASH,,,,"OVER $1,500",3/20/2022 3:16,IMPROPER TURNING/NO SIGNAL,NOT APPLICABLE,2,S,LARAMIE AVE,1522,,,,,,,2,NONINCAPACITATING INJURY,2,0,0,2,0,2,0,3,1,3,41.88031934,-87.75521207,POINT (-87.755212067253 41.880319335952)
a921f3163df28f41f63c9594b6e31c110add22fb84d9ebb03401aa9836b05f6ee11334c9e4a80e3ddb273fda758829a89da39768b0aa15e209c5396c81370d99,JF150904,,2/20/2022 22:50,30,TRAFFIC SIGNAL,FUNCTIONING PROPERLY,CLEAR,"DARKNESS, LIGHTED ROAD",TURNING,NOT DIVIDED,,STRAIGHT AND LEVEL,DRY,NO DEFECTS,ON SCENE,INJURY AND / OR TOW DUE TO CRASH,Y,,,"OVER $1,500",2/20/2022 22:56,UNABLE TO DETERMINE,UNABLE TO DETERMINE,4001,W,DEVON AVE,1711,,,,,,,2,NO INDICATION OF INJURY,0,0,0,0,0,2,0,22,1,2,41.99712908,-87.72896987,POINT (-87.728969867863 41.997129083534)
f8f149a26a9e80e6799a2b3004e1a06a23de232daae1611d538c8dec4748c4c17af27c92aaea186b9ecd65b841d4b67d54502a3f86a7d66bbc48a43d9b74b49b,JF182825,,3/20/2022 15:05,25,NO CONTROLS,NO CONTROLS,CLEAR,DAYLIGHT,SIDESWIPE SAME DIRECTION,ONE-WAY,,STRAIGHT AND LEVEL,DRY,NO DEFECTS,NOT ON SCENE (DESK REPORT),NO INJURY / DRIVE AWAY,,,,"OVER $1,500",3/22/2022 15:30,DISTRACTION - FROM INSIDE VEHICLE,NOT APPLICABLE,11111,S,WHIPPLE ST,2211,,,,,,,2,NO INDICATION OF INJURY,0,0,0,0,0,2,0,15,1,3,41.69124575,-87.69706004,POINT (-87.697060043039 41.691245746314)
f983bf4d4a1cf193b0a45af0c8a1fb10148352042bbec9988cb40fc4ac715290f17a48af4ab663b6e30438bd8aae29319af02211d776d3392eaf9e6ecbcf0fdf,JF182907,,3/21/2022 0:00,30,UNKNOWN,UNKNOWN,CLEAR,UNKNOWN,PARKED MOTOR VEHICLE,DIVIDED - W/MEDIAN (NOT RAISED),,STRAIGHT AND LEVEL,UNKNOWN,UNKNOWN,NOT ON SCENE (DESK REPORT),NO INJURY / DRIVE AWAY,,,Y,"$501 - $1,500",3/22/2022 16:30,UNABLE TO DETERMINE,UNABLE TO DETERMINE,2922,N,SACRAMENTO AVE,1411,,,,,,,2,NO INDICATION OF INJURY,0,0,0,0,0,1,0,0,2,3,41.93459841,-87.7027413,POINT (-87.702741296448 41.93459840577)
4ce99d3ce2f98dce2b07c7ede86173e5a61b67966b01b3885fecbe186df5e26074b601e238bdcd07fbdbc808697e9701832503c5eb301bbc03e91cd1c1819329,JE354578,,8/29/2021 19:10,40,NO CONTROLS,NO CONTROLS,CLEAR,DAYLIGHT,SIDESWIPE SAME DIRECTION,DIVIDED - W/MEDIAN BARRIER,,STRAIGHT AND LEVEL,DRY,UNKNOWN,,NO INJURY / DRIVE AWAY,,,,"$501 - $1,500",8/29/2021 19:20,UNABLE TO DETERMINE,UNABLE TO DETERMINE,2323,N,LAKE SHORE DR NB,1814,,,,,,,2,NO INDICATION OF INJURY,0,0,0,0,0,2,0,19,1,8,41.92489713,-87.63060856,POINT (-87.630608561698 41.924897129336)
e9751a96c3ea7d9ed85a39f8bf14b7793662a5275738856620ca458bbeb9252915dbe48bc5d16900a0e0e15b42e3f20658906eb13be6ed07fd504645a719a922,JD386841,,10/2/2020 21:41,25,NO CONTROLS,NO CONTROLS,CLEAR,DUSK,PEDESTRIAN,NOT DIVIDED,,STRAIGHT AND LEVEL,DRY,NO DEFECTS,,NO INJURY / DRIVE AWAY,,,Y,"OVER $1,500",10/2/2020 22:06,UNABLE TO DETERMINE,UNABLE TO DETERMINE,1199,W,HARRISON ST,1232,,,,,,,2,NO INDICATION OF INJURY,0,0,0,0,0,2,0,21,6,10,41.87417427,-87.65669533,POINT (-87.656695334185 41.87417427134)
e98c6c870c4ba2da47f26688990c9cfb5485633afd3b0b77e01c8d566e6e1df57f117fb53e6c12daecebbbebabdfd8a39b25506be5a89ef5a7ad202604f21b8c,JC465217,,10/8/2019 18:15,30,NO CONTROLS,NO CONTROLS,CLEAR,DAYLIGHT,ANGLE,NOT DIVIDED,,STRAIGHT AND LEVEL,DRY,NO DEFECTS,,INJURY AND / OR TOW DUE TO CRASH,,,,"OVER $1,500",10/8/2019 18:55,FAILING TO YIELD RIGHT-OF-WAY,NOT APPLICABLE,9358,S,STONY ISLAND AVE,413,,,,,,,2,NO INDICATION OF INJURY,0,0,0,0,0,2,0,18,3,10,41.72413049,-87.58535163,POINT (-87.585351631104 41.724130492137)
a9b1343edb5e380585028dc355f9b91e5c00072512e463a0519b2f1f36f4ebdc219b9b926deef12d791fdcdb27312d0839214b37792eb9d8361175cdd4e0da39,JF150656,,2/20/2022 15:40,10,STOP SIGN/FLASHER,OTHER,CLEAR,DAYLIGHT,PARKED MOTOR VEHICLE,PARKING LOT,,STRAIGHT AND LEVEL,DRY,NO DEFECTS,NOT ON SCENE (DESK REPORT),NO INJURY / DRIVE AWAY,,Y,,"$501 - $1,500",2/20/2022 18:00,IMPROPER OVERTAKING/PASSING,UNABLE TO DETERMINE,3570,N,ELSTON AVE,1733,,,,,,,2,NO INDICATION OF INJURY,0,0,0,0,0,1,0,15,1,2,41.9460576,-87.70823011,POINT (-87.708230109805 41.946057604016)
a9d1ec55cf8c08299a5aeabcd2a8f373cb457a11cdd692456c47af9113a604c24616b5a61be833d140258765088c549e5323c8ea18e10e4ef8a5af99b700ef14,JF150733,,2/20/2022 18:09,25,TRAFFIC SIGNAL,FUNCTIONING PROPERLY,CLEAR,"DARKNESS, LIGHTED ROAD",TURNING,OTHER,,STRAIGHT AND LEVEL,DRY,NO DEFECTS,ON SCENE,INJURY AND / OR TOW DUE TO CRASH,Y,,,"OVER $1,500",2/20/2022 18:11,UNABLE TO DETERMINE,UNABLE TO DETERMINE,5930,N,RIDGE AVE,2013,,,,,,,2,NO INDICATION OF INJURY,0,0,0,0,0,4,0,18,1,2,41.98957897,-87.6700083,POINT (-87.670008297441 41.989578965269)
e48ecbc32b04d10d2ad36bbd12ac13518144e4ad4f23bd1924f8adc28d3b1d5a166fa1b6d825c94943a4761432e9f7e627aeff76515defc692448b584fc5abee,JF165137,,3/6/2022 11:30,30,STOP SIGN/FLASHER,FUNCTIONING PROPERLY,CLEAR,DAYLIGHT,TURNING,FOUR WAY,,STRAIGHT AND LEVEL,DRY,NO DEFECTS,NOT ON SCENE (DESK REPORT),NO INJURY / DRIVE AWAY,Y,,,"OVER $1,500",3/6/2022 13:00,FAILING TO YIELD RIGHT-OF-WAY,NOT APPLICABLE,5000,S,WESTERN BLVD,923,,,,,,,2,NO INDICATION OF INJURY,0,0,0,0,0,2,0,11,1,3,41.80291134,-87.68384958,POINT (-87.683849578595 41.802911341924)
e4d59f5f4b0b6b9a7104c4586b1092f810c11da33c63ee11e75da251a88c1ecf3598f1ec28e0c4bba583bd3262296371e446fd92aba1e2359e3ea9c6dd303731,JC105630,Y,12/13/2018 20:30,25,NO CONTROLS,NO CONTROLS,CLEAR,DARKNESS,OTHER OBJECT,RAMP,,"CURVE, LEVEL",DRY,"RUT, HOLES",NOT ON SCENE (DESK REPORT),INJURY AND / OR TOW DUE TO CRASH,,,,$500 OR LESS,1/5/2019 12:32,NOT APPLICABLE,NOT APPLICABLE,451,E,LOWER WACKER DR,114,,,,,,,1,NO INDICATION OF INJURY,0,0,0,0,0,1,0,20,5,12,41.88730758,-87.61660438,POINT (-87.616604378819 41.88730758013)
aa4a49cb0332d64d30e4d32397450e8b8aff07ccf59a107f6cadb8f311a4d54cbbd35536f30cba50b5328787a8a06440868b730b911e0f5a162e60fa01411a71,JF157934,,2/27/2022 11:30,10,OTHER,FUNCTIONING PROPERLY,CLEAR,DAYLIGHT,REAR END,OTHER,,STRAIGHT AND LEVEL,OTHER,OTHER,NOT ON SCENE (DESK REPORT),NO INJURY / DRIVE AWAY,,Y,,"OVER $1,500",2/27/2022 17:40,DRIVING SKILLS/KNOWLEDGE/EXPERIENCE,UNABLE TO DETERMINE,9500,S,VINCENNES AVE,2213,,,,,,,3,NO INDICATION OF INJURY,0,0,0,0,0,3,0,11,1,2,41.72134589,-87.65079633,POINT (-87.650796333578 41.721345885031)
aa69f7562c26141f96743eca146dba0b98a31eeb216ed39f465788e454c5122e444ab1194feb183b1e4906f656d040b3cbbe7daaf7562829157918c960dd850f,JD453553,,12/8/2020 15:45,20,NO CONTROLS,NO CONTROLS,CLEAR,DAYLIGHT,PARKED MOTOR VEHICLE,ONE-WAY,,STRAIGHT AND LEVEL,DRY,UNKNOWN,,NO INJURY / DRIVE AWAY,,,Y,"OVER $1,500",12/8/2020 19:20,UNABLE TO DETERMINE,UNABLE TO DETERMINE,953,E,80TH ST,631,,,,,,,2,NO INDICATION OF INJURY,0,0,0,0,0,2,0,15,3,12,41.74939802,-87.60059532,POINT (-87.600595316291 41.749398015115)
aa7ea9c4afc3d373431d46ec9ce5aff3675fe9a160766d16ca7084ab9049274b55d2263e1af5a38740415bd717e427e801d0a5626018a2537b9dbb40893ecb5c,JF157730,,2/27/2022 13:48,30,NO CONTROLS,FUNCTIONING PROPERLY,CLEAR,DAYLIGHT,SIDESWIPE SAME DIRECTION,DIVIDED - W/MEDIAN (NOT RAISED),,STRAIGHT AND LEVEL,DRY,NO DEFECTS,ON SCENE,NO INJURY / DRIVE AWAY,,,,"OVER $1,500",2/27/2022 13:49,UNABLE TO DETERMINE,UNABLE TO DETERMINE,2302,S,DAMEN AVE,1034,,,,,,,2,NO INDICATION OF INJURY,0,0,0,0,0,6,0,13,1,2,41.85025704,-87.67593474,POINT (-87.675934740576 41.850257039509)
aa6efa778d16ae5730ae49935222fcb3866aa535f07d4c4e6a75dec52d2a954bb0338f7cd3b271da14219edfb288bf2f30b44e378a74e9e511d5510ec6e7fccf,JD177853,,3/7/2020 21:32,30,NO CONTROLS,NO CONTROLS,CLEAR,"DARKNESS, LIGHTED ROAD",TURNING,FOUR WAY,,STRAIGHT AND LEVEL,DRY,NO DEFECTS,,NO INJURY / DRIVE AWAY,,,,"$501 - $1,500",3/7/2020 22:00,UNABLE TO DETERMINE,NOT APPLICABLE,4741,W,CHICAGO AVE,1111,,,,,,,2,NO INDICATION OF INJURY,0,0,0,0,0,2,0,21,7,3,41.8949047,-87.74515692,POINT (-87.745156922067 41.894904702288)
abbb38a72fc55848a6a9b186029856524fd0ca6cc63a3f64e3ea82d65e0d7ff4f6d0cb0a8e1c199186157ee71dc6b58f6fd64e1882c393e4b9f959012c152120,JF151238,,2/20/2022 19:40,30,NO CONTROLS,NO CONTROLS,CLEAR,"DARKNESS, LIGHTED ROAD",TURNING,NOT DIVIDED,,STRAIGHT AND LEVEL,DRY,NO DEFECTS,NOT ON SCENE (DESK REPORT),NO INJURY / DRIVE AWAY,,,,"OVER $1,500",2/21/2022 10:40,FAILING TO YIELD RIGHT-OF-WAY,UNABLE TO DETERMINE,4718,S,KEDZIE AVE,821,,,,,,,2,NO INDICATION OF INJURY,0,0,0,0,0,2,0,19,1,2,41.80754955,-87.70410769,POINT (-87.704107692637 41.807549545377)
4e646ea2f4ab653fe61d9f4817406c91d8dad240c94f8604d3f414ed0f2f27146cb9e600dffd5e09f8b5b22a49df922f7ab01be08fa8f9dc6260531bc6350d3d,JD385812,,10/1/2020 21:55,30,NO CONTROLS,NO CONTROLS,CLEAR,"DARKNESS, LIGHTED ROAD",PARKED MOTOR VEHICLE,NOT DIVIDED,,STRAIGHT AND LEVEL,DRY,NO DEFECTS,,NO INJURY / DRIVE AWAY,,,Y,"OVER $1,500",10/1/2020 21:55,"OPERATING VEHICLE IN ERRATIC, RECKLESS, CARELESS, NEGLIGENT OR AGGRESSIVE MANNER",NOT APPLICABLE,9450,S,STONY ISLAND AVE,413,,,,,,,2,NO INDICATION OF INJURY,0,0,0,0,0,1,0,21,5,10,41.72259416,-87.58529114,POINT (-87.585291140083 41.722594156536)
ea036f84e3e697c9e8309efad6ed3dcc4a3894fc92fa33aa037d532a401da2ceac031c2835bf452c422682aa60405c188620de6fd4a2567b4176e9931f8dd3e0,JF110734,,1/12/2022 16:23,30,NO CONTROLS,NO CONTROLS,CLEAR,DAYLIGHT,SIDESWIPE SAME DIRECTION,NOT DIVIDED,,STRAIGHT AND LEVEL,DRY,NO DEFECTS,,NO INJURY / DRIVE AWAY,,,Y,"OVER $1,500",1/12/2022 16:59,IMPROPER OVERTAKING/PASSING,NOT APPLICABLE,7838,S,COTTAGE GROVE AVE,624,,,,,,,2,NO INDICATION OF INJURY,0,0,0,0,0,2,0,16,4,1,41.7519405,-87.60536808,POINT (-87.605368081793 41.751940503348)
ea294091a15a9c4269d28fdae84bef06f0feda941f336c5e2a7a1076270cf1daad9429c722674b1557d3322386f6b36e6c359c65b49bf93529d48022f4bd8026,JD264192,,6/14/2020 17:30,30,TRAFFIC SIGNAL,FUNCTIONING PROPERLY,CLEAR,DAYLIGHT,TURNING,OTHER,,STRAIGHT AND LEVEL,DRY,NO DEFECTS,,INJURY AND / OR TOW DUE TO CRASH,,,,"$501 - $1,500",6/14/2020 20:00,NOT APPLICABLE,NOT APPLICABLE,100,W,87TH ST,622,,,,,,,2,"REPORTED, NOT EVIDENT",2,0,0,0,2,2,0,17,1,6,41.73637382,-87.62723157,POINT (-87.627231564567 41.736373820276)
ac8ddfa7a289fa795d51d91fa951e83a03ff0a5a804b18599a8f4fc23f23fa87d2dd788f01ba6b7ddf6e908ac0967aeaaee8455da3a7f8e53c3aaf0233dbf561,JF151334,,2/20/2022 18:55,40,NO CONTROLS,NO CONTROLS,CLEAR,"DARKNESS, LIGHTED ROAD",SIDESWIPE SAME DIRECTION,ONE-WAY,,STRAIGHT AND LEVEL,DRY,NO DEFECTS,NOT ON SCENE (DESK REPORT),NO INJURY / DRIVE AWAY,,,Y,"$501 - $1,500",2/21/2022 12:20,UNABLE TO DETERMINE,NOT APPLICABLE,4800,N,LAKE SHORE DR SB,2024,,,,,,,2,NO INDICATION OF INJURY,0,0,0,0,0,2,0,18,1,2,41.96940862,-87.64831726,POINT (-87.648317263699 41.969408617919)
acc764cbf3d4e7fb68a528bc4138e9c2a88cd23e257400c0cc3bd310b07a078fdce5407b947f1d20971b13ec2c60ee41cf41b928dc240d642f0ed3e3d4c29d65,JF150130,,2/20/2022 2:35,30,TRAFFIC SIGNAL,FUNCTIONING PROPERLY,CLEAR,"DARKNESS, LIGHTED ROAD",REAR TO FRONT,NOT DIVIDED,,STRAIGHT AND LEVEL,DRY,NO DEFECTS,ON SCENE,NO INJURY / DRIVE AWAY,,,Y,"$501 - $1,500",2/20/2022 2:35,PHYSICAL CONDITION OF DRIVER,HAD BEEN DRINKING (USE WHEN ARREST IS NOT MADE),220,N,SACRAMENTO BLVD,1222,,,,,,,2,NO INDICATION OF INJURY,0,0,0,0,0,3,0,2,1,2,41.88473299,-87.70145535,POINT (-87.701455348713 41.884732991693)
accefb3a3193f2b2d8cbf8cefa408cef50dfac7f4294ba261ac16430976ec762e7eece5a0a64ff9b855a674c7a79f4cf588d402d04d9337674a9e5279fa62167,JF150724,,2/20/2022 18:14,30,TRAFFIC SIGNAL,FUNCTIONING PROPERLY,CLEAR,"DARKNESS, LIGHTED ROAD",TURNING,DIVIDED - W/MEDIAN (NOT RAISED),,STRAIGHT AND LEVEL,UNKNOWN,UNKNOWN,ON SCENE,INJURY AND / OR TOW DUE TO CRASH,Y,,Y,"OVER $1,500",2/20/2022 18:16,DISREGARDING TRAFFIC SIGNALS,NOT APPLICABLE,3600,W,ADDISON ST,1732,,,,,,,2,"REPORTED, NOT EVIDENT",1,0,0,0,1,2,0,18,1,2,41.94661216,-87.71770414,POINT (-87.71770413624 41.946612161493)
ace8bd5c40b8af00a05218ceb5316750ca86550fa2affcc04af05d6956c0d68e72e38dbdcce0c74537edfb977fcb2d7566868ed198bce9d1c07ff87c231fa102,JF150309,Y,2/20/2022 10:30,30,STOP SIGN/FLASHER,OTHER,CLEAR,DAYLIGHT,PARKED MOTOR VEHICLE,NOT DIVIDED,,STRAIGHT AND LEVEL,DRY,NO DEFECTS,NOT ON SCENE (DESK REPORT),NO INJURY / DRIVE AWAY,,,Y,"$501 - $1,500",2/20/2022 11:20,UNABLE TO DETERMINE,NOT APPLICABLE,222,W,ERIE ST,1831,,,,,,,2,NO INDICATION OF INJURY,0,0,0,0,0,1,0,10,1,2,41.89408694,-87.63514223,POINT (-87.635142233378 41.894086944212)
aced4dffc3f57df61a1f39ddee04447b5c9b9ce88384e64ac259bd4c8502a3e6db83bc6f7c19af27064337a952bc5466d711bbdd41bde12a3ce1ce061dcd3067,JF150103,,2/20/2022 2:01,30,TRAFFIC SIGNAL,FUNCTIONING PROPERLY,CLEAR,"DARKNESS, LIGHTED ROAD",FIXED OBJECT,NOT DIVIDED,,STRAIGHT AND LEVEL,ICE,NO DEFECTS,ON SCENE,INJURY AND / OR TOW DUE TO CRASH,Y,,Y,"OVER $1,500",2/20/2022 2:01,UNABLE TO DETERMINE,UNABLE TO DETERMINE,5500,S,DAMEN AVE,715,,,,,,,1,NONINCAPACITATING INJURY,1,0,0,1,0,1,0,2,1,2,41.79347836,-87.67442622,POINT (-87.674426220934 41.7934783622)
eaace63acbed7603a7073340f2ec64bbcb1c5449e729d5a2ecec4fadcf1ed310e740f4c6ec0d50aae902e534e75a1219d540e5df75349660676359dda5aa4821,JF187042,,3/26/2022 8:30,10,NO CONTROLS,NO CONTROLS,CLOUDY/OVERCAST,DAYLIGHT,OTHER OBJECT,PARKING LOT,,STRAIGHT AND LEVEL,DRY,NO DEFECTS,NOT ON SCENE (DESK REPORT),NO INJURY / DRIVE AWAY,,,,"OVER $1,500",3/26/2022 9:11,UNABLE TO DETERMINE,NOT APPLICABLE,1300,W,LAKE ST,1215,,,,,,,1,NO INDICATION OF INJURY,0,0,0,0,0,2,0,8,7,3,41.88558042,-87.65895691,POINT (-87.658956910752 41.885580420009)
ea9fc2bb33b6e448e32a3578dd42863c9468e22f7aa437a867556bbfe0b869e34fa79063f1c56a014f777b8ce8e1373d430e396e48094dbaa5bbaa893fda27c1,JE403554,,10/8/2021 16:00,30,NO CONTROLS,NO CONTROLS,CLEAR,DAYLIGHT,REAR END,DIVIDED - W/MEDIAN BARRIER,,STRAIGHT AND LEVEL,DRY,NO DEFECTS,,NO INJURY / DRIVE AWAY,,,,"OVER $1,500",10/9/2021 7:11,FOLLOWING TOO CLOSELY,NOT APPLICABLE,505,N,LAKE SHORE DR,1834,,,,,,,3,NO INDICATION OF INJURY,0,0,0,0,0,3,0,16,6,10,41.89127929,-87.61410753,POINT (-87.61410753333 41.891279293492)
eab17174a54a7ed0ac785ac749b6aedd2827f6fb0f0bde15f805831682356a5d58d1671d25f8bd90632453585d9a2ff48999f47007580419d9a134744299f808,JD393032,,10/8/2020 17:00,35,TRAFFIC SIGNAL,FUNCTIONING PROPERLY,CLEAR,DAYLIGHT,REAR END,DIVIDED - W/MEDIAN (NOT RAISED),,STRAIGHT AND LEVEL,DRY,NO DEFECTS,,INJURY AND / OR TOW DUE TO CRASH,Y,,,"OVER $1,500",10/8/2020 17:20,FOLLOWING TOO CLOSELY,UNABLE TO DETERMINE,7900,S,THROOP ST,612,,,,,,,2,"REPORTED, NOT EVIDENT",1,0,0,0,1,3,0,17,5,10,41.75043907,-87.65631024,POINT (-87.656310235858 41.750439064848)
fb8c48e5247ae948c51f34a9630d0b80dfb49dcb76b31319bcff6f0a6c1875b4010e30acde129bb616a19146be16e5c961ddcfbb9b41daad749b0538e6025952,JF165140,,3/6/2022 12:46,20,NO CONTROLS,NO CONTROLS,CLEAR,DAYLIGHT,PEDESTRIAN,ONE-WAY,,STRAIGHT AND LEVEL,DRY,NO DEFECTS,,INJURY AND / OR TOW DUE TO CRASH,,,,$500 OR LESS,3/6/2022 12:48,FAILING TO YIELD RIGHT-OF-WAY,UNABLE TO DETERMINE,3,W,TERMINAL ST,1653,,,,,,,2,NONINCAPACITATING INJURY,1,0,0,1,0,1,0,12,1,3,,,