CRASH_RECORD_ID,RD_NO,CRASH_DATE_EST_I,CRASH_DATE,POSTED_SPEED_LIMIT,TRAFFIC_CONTROL_DEVICE,DEVICE_CONDITION,WEATHER_CONDITION,LIGHTING_CONDITION,FIRST_CRASH_TYPE,TRAFFICWAY_TYPE,LANE_CNT,ALIGNMENT,ROADWAY_SURFACE_COND,ROAD_DEFECT,REPORT_TYPE,CRASH_TYPE,INTERSECTION_RELATED_I,NOT_RIGHT_OF_WAY_I,HIT_AND_RUN_I,DAMAGE,DATE_POLICE_NOTIFIED,PRIM_CONTRIBUTORY_CAUSE,SEC_CONTRIBUTORY_CAUSE,STREET_NO,STREET_DIRECTION,STREET_NAME,BEAT_OF_OCCURRENCE,PHOTOS_TAKEN_I,STATEMENTS_TAKEN_I,DOORING_I,WORK_ZONE_I,WORK_ZONE_TYPE,WORKERS_PRESENT_I,NUM_UNITS,MOST_SEVERE_INJURY,INJURIES_TOTAL,INJURIES_FATAL,INJURIES_INCAPACITATING,INJURIES_NON_INCAPACITATING,INJURIES_REPORTED_NOT_EVIDENT,INJURIES_NO_INDICATION,INJURIES_UNKNOWN,CRASH_HOUR,CRASH_DAY_OF_WEEK,CRASH_MONTH,LATITUDE,LONGITUDE,LOCATION
ac0224a5b312b86ef23ac367e956d490db3d850a8e12717c70a1d32296da572dc96ef180111cddcb3edacef2c5ed77358acbde1d9884a2a9dc7503af75fe4aea,JF157736,,2/27/2022 1:29,30,TRAFFIC SIGNAL,FUNCTIONING PROPERLY,CLEAR,DAYLIGHT,SIDESWIPE SAME DIRECTION,NOT DIVIDED,,STRAIGHT AND LEVEL,DRY,NO DEFECTS,NOT ON SCENE (DESK REPORT),NO INJURY / DRIVE AWAY,Y,,,"OVER $1,500",2/27/2022 2:15,IMPROPER OVERTAKING/PASSING,DRIVING ON WRONG SIDE/WRONG WAY,4001,N,CLARK ST,1915,,,,,,,2,NO INDICATION OF INJURY,0,0,0,0,0,2,0,1,1,2,41.95452534,-87.66217979,POINT (-87.662179792157 41.954525343151)
fd15d9ff8dbb686debe1bf1d6582e966daa1f8d5f5bd8a887b4f1812a768da9cc8e8a887a2413935a577b42209a4c2f78fc0b2243395a290713e73f5a9ee8b30,JF180585,,3/20/2022 16:58,30,NO CONTROLS,NO CONTROLS,CLEAR,DAYLIGHT,REAR END,DIVIDED - W/MEDIAN (NOT RAISED),,STRAIGHT AND LEVEL,DRY,NO DEFECTS,ON SCENE,INJURY AND / OR TOW DUE TO CRASH,Y,,N,"OVER $1,500",3/20/2022 17:00,UNABLE TO DETERMINE,UNABLE TO DETERMINE,7900,S,MARSHFIELD AVE,611,,,,,,,2,NONINCAPACITATING INJURY,2,0,0,1,1,3,0,16,1,3,41.75031499,-87.66479716,POINT (-87.664797159811 41.750314984861)
ac427bf8f79c7e90ce8c6640cdb403183557abe5d27abcb09550e4f35dc5691d6b39e53b9dc51717603d0bca08a6b9bfde337c810ebd4e15bdf429d7f84acfbd,JF157636,Y,2/27/2022 4:00,35,NO CONTROLS,NO CONTROLS,UNKNOWN,"DARKNESS, LIGHTED ROAD",PARKED MOTOR VEHICLE,NOT DIVIDED,,STRAIGHT AND LEVEL,UNKNOWN,NO DEFECTS,ON SCENE,NO INJURY / DRIVE AWAY,,,Y,"OVER $1,500",2/27/2022 11:32,NOT APPLICABLE,NOT APPLICABLE,6043,S,LOOMIS BLVD,713,,,,,,,2,NO INDICATION OF INJURY,0,0,0,0,0,1,0,4,1,2,41.78372237,-87.65931725,POINT (-87.659317246882 41.783722365259)
e6c520cb8e717f7277168c825e473dffd00af346fdfc46bb334bd502fe037f2e1721634e0562bce4629c36632c7ef3a989dcbd19d89e5882f55879fb5ea4d113,JF166066,,3/6/2022 12:30,30,TRAFFIC SIGNAL,FUNCTIONING PROPERLY,CLEAR,DAYLIGHT,REAR END,DIVIDED - W/MEDIAN (NOT RAISED),,STRAIGHT AND LEVEL,DRY,NO DEFECTS,NOT ON SCENE (DESK REPORT),NO INJURY / DRIVE AWAY,Y,,,"OVER $1,500",3/7/2022 12:15,UNABLE TO DETERMINE,UNABLE TO DETERMINE,9101,S,STONY ISLAND AVE,413,,,,,,,2,NO INDICATION OF INJURY,0,0,0,0,0,2,0,12,1,3,41.72958967,-87.58490041,POINT (-87.58490041009 41.729589672062)
e6dc908cb821ea41581f497d822246f0e75efd718e64e0e7c00f4762ae4f3d5bf32722c446da069021d8c4083c57d405ae6ccea9b02a6dd61d9e485fa1d2e5a2,JF165306,,3/6/2022 15:30,30,TRAFFIC SIGNAL,FUNCTIONING IMPROPERLY,CLEAR,DAYLIGHT,TURNING,UNKNOWN INTERSECTION TYPE,,STRAIGHT AND LEVEL,DRY,NO DEFECTS,ON SCENE,NO INJURY / DRIVE AWAY,Y,,,"OVER $1,500",3/6/2022 15:50,UNABLE TO DETERMINE,UNABLE TO DETERMINE,3607,W,ADDISON ST,1732,,,,,,,2,NO INDICATION OF INJURY,0,0,0,0,0,2,0,15,1,3,41.94638686,-87.71813705,POINT (-87.718137050054 41.946386864285)
adf1d827aa403b4cb0a92703d7bc0a8ba9f4e0a4d2752dfd8198de13d5d0b73152bb96e0697ae923890c7b109c3caf48a8d9181b8a450b80b925d3bc64ae3edb,JF157820,,2/27/2022 14:25,30,TRAFFIC SIGNAL,FUNCTIONING PROPERLY,CLEAR,DAYLIGHT,REAR END,FOUR WAY,,STRAIGHT AND LEVEL,DRY,NO DEFECTS,NOT ON SCENE (DESK REPORT),NO INJURY / DRIVE AWAY,Y,,,"OVER $1,500",2/27/2022 15:50,FOLLOWING TOO CLOSELY,FAILING TO REDUCE SPEED TO AVOID CRASH,3358,W,LAWRENCE AVE,1713,,,,,,,2,NO INDICATION OF INJURY,0,0,0,0,0,2,0,14,1,2,41.96851105,-87.71330376,POINT (-87.713303763451 41.968511054386)
ec9cf5dea86f297d65d5a07220686856c0ba17c8435b5c52bd446f453e51f0adc18881e61f76376b7ebdc9e38859133f89c77987112cf20b901ac6a5b19fee5d,JF187374,,3/26/2022 14:00,30,TRAFFIC SIGNAL,FUNCTIONING PROPERLY,CLEAR,DAWN,REAR END,FOUR WAY,,STRAIGHT AND LEVEL,DRY,NO DEFECTS,ON SCENE,INJURY AND / OR TOW DUE TO CRASH,,,,"OVER $1,500",3/26/2022 15:20,UNABLE TO DETERMINE,NOT APPLICABLE,1600,E,95TH ST,413,Y,,,,,,2,"REPORTED, NOT EVIDENT",1,0,0,0,1,1,0,14,7,3,41.72244946,-87.58500357,POINT (-87.585003569109 41.722449457011)
b021874097f76586d32bb80bc3bfab08c80629445c84582bbe455a7673636bd17aef2ddc2e7d021e5165a5a5f2c442147dff1653aef56fe6ecd8deda83340d03,JF150437,,2/20/2022 13:10,30,NO CONTROLS,NO CONTROLS,CLEAR,DAYLIGHT,PEDALCYCLIST,ONE-WAY,,STRAIGHT AND LEVEL,WET,NO DEFECTS,NOT ON SCENE (DESK REPORT),NO INJURY / DRIVE AWAY,,,,$500 OR LESS,2/20/2022 13:10,UNABLE TO DETERMINE,UNABLE TO DETERMINE,3116,W,BERTEAU AVE,1724,,,,,,,2,NO INDICATION OF INJURY,0,0,0,0,0,2,0,13,1,2,41.95766844,-87.70647998,POINT (-87.706479980629 41.95766843868)
ae9e4095b4b54f55e569da93a77fa4713e44b8ee8481e1f5feef9f5fc994faf566b043ace16b9342a9a83d277e76268676318ee674797f8275bfd74487224117,JF157590,,2/27/2022 10:00,20,NO CONTROLS,NO CONTROLS,CLEAR,"DARKNESS, LIGHTED ROAD",PARKED MOTOR VEHICLE,DIVIDED - W/MEDIAN (NOT RAISED),,STRAIGHT AND LEVEL,UNKNOWN,NO DEFECTS,NOT ON SCENE (DESK REPORT),NO INJURY / DRIVE AWAY,,,Y,"$501 - $1,500",2/27/2022 11:15,NOT APPLICABLE,NOT APPLICABLE,4249,W,AUGUSTA BLVD,1111,,,,,,,2,NO INDICATION OF INJURY,0,0,0,0,0,1,0,10,1,2,41.89879449,-87.73306994,POINT (-87.733069938626 41.89879448652)
b07a48cc8b57b66923b7409f74c2baec62f755a125afd6c5a4675498cd7517fe49adb80b189d1e8adfa292a6e6d011bf80d5dbe0df6e32e95da22b44f2e92d47,JF150773,,2/20/2022 19:27,40,NO CONTROLS,NO CONTROLS,CLEAR,"DARKNESS, LIGHTED ROAD",SIDESWIPE SAME DIRECTION,OTHER,,STRAIGHT AND LEVEL,DRY,NO DEFECTS,ON SCENE,NO INJURY / DRIVE AWAY,,,,$500 OR LESS,2/20/2022 19:39,UNABLE TO DETERMINE,NOT APPLICABLE,659,S,LAKE SHORE DR SB,114,,,,,,,2,NO INDICATION OF INJURY,0,0,0,0,0,2,0,19,1,2,41.87332411,-87.61693637,POINT (-87.616936372647 41.873324106032)
0258e92967e0ede4cce75bd2cf998acefb4c3cc97516111de2f9c085ad489b2cd82889c053b02edeb985dc227baf561eb3df592c6365dc2c94741926e91a7c97,JD395532,Y,10/11/2020 0:20,30,NO CONTROLS,NO CONTROLS,CLEAR,"DARKNESS, LIGHTED ROAD",TURNING,NOT DIVIDED,,STRAIGHT AND LEVEL,DRY,NO DEFECTS,,INJURY AND / OR TOW DUE TO CRASH,,,Y,"OVER $1,500",10/11/2020 0:20,HAD BEEN DRINKING (USE WHEN ARREST IS NOT MADE),IMPROPER OVERTAKING/PASSING,748,E,75TH ST,323,,,,,,,2,NO INDICATION OF INJURY,0,0,0,0,0,2,0,0,1,10,41.75868005,-87.6058827,POINT (-87.605882697299 41.758680052827)
b0ee355d7806b62f5410a4d64eae8eeead75f8f4123c690e06e8c2eeaef8ce72353671347c2923f7967437e4e60407be0da75b9ade712b96c49e5bb1b0f2cafb,JF150132,,2/20/2022 2:59,30,NO CONTROLS,NO CONTROLS,CLEAR,"DARKNESS, LIGHTED ROAD",SIDESWIPE SAME DIRECTION,NOT DIVIDED,,STRAIGHT AND LEVEL,DRY,NO DEFECTS,ON SCENE,INJURY AND / OR TOW DUE TO CRASH,,,,"OVER $1,500",2/20/2022 3:03,FAILING TO YIELD RIGHT-OF-WAY,NOT APPLICABLE,339,E,47TH ST,224,,,,,,,2,NO INDICATION OF INJURY,0,0,0,0,0,2,0,2,1,2,41.80924985,-87.61808502,POINT (-87.618085019389 41.809249844771)
e91e4ee3fa098ca2c12aa8822ac55b1e9b9c94e5f2c2b6ad8f2f1f532542e667d687002f038ae479454c979ff3b4e25e60628320c27a3eb542c3919184af8534,JB133689,,1/29/2018 9:00,30,NO CONTROLS,NO CONTROLS,CLEAR,DAYLIGHT,FIXED OBJECT,NOT DIVIDED,2,STRAIGHT AND LEVEL,DRY,OTHER,NOT ON SCENE (DESK REPORT),NO INJURY / DRIVE AWAY,,,,"$501 - $1,500",1/29/2018 10:00,NOT APPLICABLE,NOT APPLICABLE,451,E,LOWER WACKER DR,114,,,,,,,1,NO INDICATION OF INJURY,0,0,0,0,0,1,0,9,2,1,41.88730758,-87.61660438,POINT (-87.616604378819 41.88730758013)
af9b766b62604dc72719a1dd53f7788189cb043e6fc8bec608909fa5865adef4d5a25db3fadd50910eb8efdf4c5bd2e8aff602799f8095a3940c4d063661a35c,JF157446,,2/27/2022 5:56,10,NO CONTROLS,NO CONTROLS,CLEAR,"DARKNESS, LIGHTED ROAD",FIXED OBJECT,DRIVEWAY,,CURVE ON GRADE,WET,NO DEFECTS,ON SCENE,INJURY AND / OR TOW DUE TO CRASH,,Y,,"$501 - $1,500",2/27/2022 6:05,UNDER THE INFLUENCE OF ALCOHOL/DRUGS (USE WHEN ARREST IS EFFECTED),UNDER THE INFLUENCE OF ALCOHOL/DRUGS (USE WHEN ARREST IS EFFECTED),40,E,CEDAR ST,1824,,,,,,,1,NO INDICATION OF INJURY,0,0,0,0,0,1,0,5,1,2,41.90250744,-87.62674577,POINT (-87.626745764887 41.902507440933)
e927e4e577f0bf6c3d246414de263e9e1fc7f65b1cb928200094f6b0ed0e76d9ae5142505825b838dd94853da420b1cff9d58dd4c46b72e59e4b4e8f93a164a1,JF164899,,3/6/2022 7:30,30,NO CONTROLS,NO CONTROLS,CLEAR,DARKNESS,PARKED MOTOR VEHICLE,ONE-WAY,,STRAIGHT AND LEVEL,WET,UNKNOWN,ON SCENE,NO INJURY / DRIVE AWAY,,,Y,"OVER $1,500",3/6/2022 8:00,UNABLE TO DETERMINE,UNABLE TO DETERMINE,113,W,83RD ST,622,,,,,,,3,NO INDICATION OF INJURY,0,0,0,0,0,1,0,7,1,3,41.74349818,-87.62744271,POINT (-87.627442712287 41.74349817816)
b0637078aa865f1708ebcb0870b8a837a4d415018988fbb5c8de386d0297b2185ad408b60af1fa9b1648db4234f6f45f2b2a1e0ff753b752adc04e4cabe972ec,JF157838,,2/27/2022 15:45,30,NO CONTROLS,NO CONTROLS,CLEAR,DAYLIGHT,HEAD ON,NOT DIVIDED,,STRAIGHT AND LEVEL,DRY,UNKNOWN,ON SCENE,INJURY AND / OR TOW DUE TO CRASH,,,,"$501 - $1,500",2/27/2022 15:45,PHYSICAL CONDITION OF DRIVER,UNABLE TO DETERMINE,428,E,71ST ST,322,,,,,,,2,NONINCAPACITATING INJURY,1,0,0,1,0,1,0,15,1,2,41.76584079,-87.61411967,POINT (-87.614119667706 41.765840794017)
b2208933f0efa4317c90c8d12f596d948455b96fb0ccf8b2ca884b74797dea7331925b93c818bf3c275830358223bbcb6de261cb916a1a41f5932618e576d137,JF150491,,2/20/2022 14:15,30,NO CONTROLS,NO CONTROLS,CLEAR,DAYLIGHT,REAR END,NOT DIVIDED,,STRAIGHT AND LEVEL,DRY,NO DEFECTS,ON SCENE,INJURY AND / OR TOW DUE TO CRASH,,,,"OVER $1,500",2/20/2022 14:20,EQUIPMENT - VEHICLE CONDITION,FAILING TO REDUCE SPEED TO AVOID CRASH,4239,N,PULASKI RD,1723,,,,,,,3,NO INDICATION OF INJURY,0,0,0,0,0,4,0,14,1,2,41.95836856,-87.72760654,POINT (-87.727606540118 41.958368561134)
ea9e1d892fa3fee7c86d38f43218798f93ebbbf0d746e31fe249f9cb7a6762c2f47857623fe9228e7577c5d4c9765f47f1060a2496124c94d133ba4759d6ab09,JF165143,,3/6/2022 12:45,10,NO CONTROLS,NO CONTROLS,CLEAR,DAYLIGHT,FIXED OBJECT,ALLEY,,STRAIGHT AND LEVEL,DRY,NO DEFECTS,NOT ON SCENE (DESK REPORT),NO INJURY / DRIVE AWAY,,,,"OVER $1,500",3/6/2022 13:14,UNABLE TO DETERMINE,UNABLE TO DETERMINE,842,N,NOBLE ST,1213,,,,,,,1,NO INDICATION OF INJURY,0,0,0,0,0,1,0,12,1,3,41.89742449,-87.66258304,POINT (-87.662583036481 41.897424491568)
b2617c82e0bd29dd091703fcb6080eaaaae60c561e242d25910e047e94d05de7dcb93bbc203358296830260254844ea44cd63bc56dd7d86a0bb3a8c760c9dd76,JF150478,,2/20/2022 13:44,30,TRAFFIC SIGNAL,NO CONTROLS,UNKNOWN,UNKNOWN,SIDESWIPE SAME DIRECTION,NOT DIVIDED,,STRAIGHT AND LEVEL,UNKNOWN,UNKNOWN,NOT ON SCENE (DESK REPORT),NO INJURY / DRIVE AWAY,Y,,Y,"OVER $1,500",2/20/2022 14:30,UNABLE TO DETERMINE,NOT APPLICABLE,8301,S,HOLLAND RD,622,,,,,,,2,NO INDICATION OF INJURY,0,0,0,0,0,2,0,13,1,2,41.74343077,-87.63188804,POINT (-87.631888034664 41.743430774143)
eae711cae48a83a85b52ebd9db50d44f6a59b03288e3d3e9be19df5f42eb0adca5b0eb9334a5b31cf1a611d5d464a68e32b2b2f435318f2da05bbd6da86b8485,JB316540,,6/21/2018 12:25,35,TRAFFIC SIGNAL,FUNCTIONING PROPERLY,RAIN,DAYLIGHT,SIDESWIPE SAME DIRECTION,DIVIDED - W/MEDIAN BARRIER,3,STRAIGHT AND LEVEL,WET,NO DEFECTS,NOT ON SCENE (DESK REPORT),NO INJURY / DRIVE AWAY,,,,"OVER $1,500",6/21/2018 13:53,FAILING TO REDUCE SPEED TO AVOID CRASH,NOT APPLICABLE,484,E,LOWER WACKER DR,114,,,,,,,2,NO INDICATION OF INJURY,0,0,0,0,0,2,0,12,5,6,41.88747853,-87.61608513,POINT (-87.616085131755 41.887478528429)
eba069c265fc06887a1a30cff9d29ed9ca605fae1dd3e271e9b6297ffb8f0f0f732bfefd1802fdbfa02e3e4517aa3bccd02eeb19fe1f769266e2aa98eea8aa6c,JF177114,,3/17/2022 13:40,30,TRAFFIC SIGNAL,FUNCTIONING PROPERLY,CLEAR,DAYLIGHT,PARKED MOTOR VEHICLE,NOT DIVIDED,,STRAIGHT AND LEVEL,DRY,NO DEFECTS,,NO INJURY / DRIVE AWAY,,,,"$501 - $1,500",3/17/2022 13:51,RELATED TO BUS STOP,NOT APPLICABLE,3843,N,BROADWAY,1925,,,,,,,2,NO INDICATION OF INJURY,0,0,0,0,0,2,0,13,5,3,41.95249839,-87.64949832,POINT (-87.649498320409 41.952498385378)
eb75d59e7072c670358c552e8bba2aa919c18982540a8fec8ac1b451bbdaba87c563efb42ac85408665ccd8471ffbd12d9c158f20b0bfac563b888316c4bb3e5,JF165627,,3/6/2022 23:00,15,NO CONTROLS,NO CONTROLS,CLEAR,"DARKNESS, LIGHTED ROAD",REAR END,ALLEY,,STRAIGHT AND LEVEL,DRY,NO DEFECTS,NOT ON SCENE (DESK REPORT),NO INJURY / DRIVE AWAY,,,Y,"OVER $1,500",3/6/2022 23:30,UNABLE TO DETERMINE,IMPROPER BACKING,7313,S,LANGLEY AVE,323,,,,,,,2,NO INDICATION OF INJURY,0,0,0,0,0,2,0,23,1,3,41.76175824,-87.60777024,POINT (-87.607770234759 41.761758240743)
ebbb8caadd4b898ee1d68d7d30512568cdbdaaf5ee3c80a1652260e9e7b083e12027e2ff723bce07ad07825602b1c8b7ed2623d49a5add851ffaf4c1faaddd98,JF164822,,3/6/2022 3:15,30,TRAFFIC SIGNAL,FUNCTIONING PROPERLY,RAIN,"DARKNESS, LIGHTED ROAD",REAR END,NOT DIVIDED,,STRAIGHT AND LEVEL,WET,NO DEFECTS,ON SCENE,INJURY AND / OR TOW DUE TO CRASH,,,,"$501 - $1,500",3/6/2022 3:20,UNABLE TO DETERMINE,UNABLE TO DETERMINE,351,N,LARAMIE AVE,1532,,,,,,,2,NONINCAPACITATING INJURY,1,0,0,1,0,2,0,3,1,3,41.88712142,-87.75517364,POINT (-87.755173643863 41.887121416928)
b3c0a0bd07f14a02a5d5e8d0b6f6de104d2584d2f6854e16e525afd5dcb76f9b84110483c259b81e6a5af135ee6c7231a7c0d52280caab9b323c7ec97409eaed,JF150111,,2/20/2022 2:00,30,NO CONTROLS,NO CONTROLS,CLEAR,"DARKNESS, LIGHTED ROAD",PARKED MOTOR VEHICLE,ONE-WAY,,STRAIGHT AND LEVEL,UNKNOWN,UNKNOWN,NOT ON SCENE (DESK REPORT),NO INJURY / DRIVE AWAY,,,Y,"$501 - $1,500",2/20/2022 2:25,UNABLE TO DETERMINE,UNABLE TO DETERMINE,9113,S,HARPER AVE,413,,,,,,,2,NO INDICATION OF INJURY,0,0,0,0,0,2,0,2,1,2,41.72915149,-87.58660088,POINT (-87.586600882909 41.729151490482)
b3a512dc007da58047e79bd7394546da014a623cfb43be50111bf99d26ca88b72d8a417f293e61ff3734002ec6cef1c5f4ff13143cdbe32a3986cb12d91b8e68,JF157929,,2/27/2022 15:55,30,UNKNOWN,UNKNOWN,CLEAR,DAYLIGHT,REAR END,CENTER TURN LANE,,STRAIGHT AND LEVEL,UNKNOWN,UNKNOWN,NOT ON SCENE (DESK REPORT),INJURY AND / OR TOW DUE TO CRASH,Y,,Y,"OVER $1,500",2/27/2022 17:40,UNABLE TO DETERMINE,UNABLE TO DETERMINE,959,N,MICHIGAN AVE,1833,,,,,,,2,INCAPACITATING INJURY,1,0,1,0,0,1,0,15,1,2,41.90048007,-87.62404195,POINT (-87.624041951397 41.900480072767)
ee69cc1cb8520b635ba3e361f74355d3636501d23aae4c0151f566f62ad131f7aaa791cb8e566693c55dc2a55339a8510bad619b07846640804f8b23607f96db,JF164967,,3/6/2022 1:00,20,NO CONTROLS,NO CONTROLS,UNKNOWN,UNKNOWN,PARKED MOTOR VEHICLE,NOT DIVIDED,,STRAIGHT AND LEVEL,UNKNOWN,NO DEFECTS,ON SCENE,NO INJURY / DRIVE AWAY,,,Y,"OVER $1,500",3/6/2022 9:30,FOLLOWING TOO CLOSELY,NOT APPLICABLE,4416,W,JACKSON BLVD,1113,,,,,,,3,NO INDICATION OF INJURY,0,0,0,0,0,1,0,1,1,3,41.8770668,-87.73608187,POINT (-87.736081865468 41.877066801153)
eec4dd4759dfa8efbf076e8a6fd71bceb864cf4a4ac18853fae3c18ee626fcca689fbb2e2751178067cfa835a32e46011b123d01dab945664e3dc65f357a341d,JA539444,,12/6/2017 17:45,30,NO CONTROLS,NO CONTROLS,CLEAR,DAYLIGHT,SIDESWIPE SAME DIRECTION,NOT DIVIDED,4,STRAIGHT AND LEVEL,DRY,NO DEFECTS,NOT ON SCENE (DESK REPORT),NO INJURY / DRIVE AWAY,,,,"OVER $1,500",12/6/2017 18:45,IMPROPER LANE USAGE,UNABLE TO DETERMINE,475,E,LOWER WACKER DR,114,,,,,,,2,NO INDICATION OF INJURY,0,0,0,0,0,2,0,17,4,12,41.88727415,-87.61625137,POINT (-87.616251368996 41.887274147538)
eeeac361416be52804b05a68b0f85477ca52a375ea97813c50bae7a8011f1c519d20c1378fac588f9320aa6af08a7a3102cd05fe8c4ec6e05753d07fc2edbace,JF165156,,3/6/2022 13:00,30,TRAFFIC SIGNAL,UNKNOWN,CLEAR,DAYLIGHT,REAR END,NOT DIVIDED,,STRAIGHT AND LEVEL,DRY,UNKNOWN,NOT ON SCENE (DESK REPORT),NO INJURY / DRIVE AWAY,,,,"OVER $1,500",3/6/2022 13:25,UNABLE TO DETERMINE,NOT APPLICABLE,4400,W,31ST ST,1031,,,,,,,2,NO INDICATION OF INJURY,0,0,0,0,0,3,0,13,1,3,41.83724042,-87.73414651,POINT (-87.734146510962 41.837240417681)
eef6cbce7857f9714cf7781dcff107ff880dc068632cc1f3d3bb66c72736c725148493d7895c3a8df3a6eeea32a19729999c2bc9dd742a7fd4fcac7c3a697d9a,JF165486,Y,3/6/2022 13:20,30,TRAFFIC SIGNAL,FUNCTIONING PROPERLY,CLEAR,DAYLIGHT,TURNING,T-INTERSECTION,,STRAIGHT AND LEVEL,DRY,NO DEFECTS,NOT ON SCENE (DESK REPORT),NO INJURY / DRIVE AWAY,,,,"OVER $1,500",3/6/2022 19:50,IMPROPER LANE USAGE,IMPROPER LANE USAGE,8,W,OHIO ST,1832,,,,,,,2,NO INDICATION OF INJURY,0,0,0,0,0,2,0,13,1,3,41.89257422,-87.62842558,POINT (-87.628425584301 41.892574218075)
ef2bf0678553ab9bc735878ddcc4b6b3d0dee8bfdbbaaaa34181aae3d832547033bb849e688789e6ccdc7f32d17d0510263fb28b0a5f0cbfbd7df973775b6e00,JB357874,,7/20/2018 9:00,30,NO CONTROLS,NO CONTROLS,CLEAR,DAYLIGHT,SIDESWIPE SAME DIRECTION,DIVIDED - W/MEDIAN BARRIER,3,STRAIGHT AND LEVEL,DRY,NO DEFECTS,,NO INJURY / DRIVE AWAY,,,,"OVER $1,500",7/20/2018 15:00,FAILING TO YIELD RIGHT-OF-WAY,IMPROPER OVERTAKING/PASSING,451,E,LOWER WACKER DR,114,,,,,,,2,NO INDICATION OF INJURY,0,0,0,0,0,3,0,9,6,7,41.88730758,-87.61660438,POINT (-87.616604378819 41.88730758013)
b54c8acb5ff6b1ab68917bb820fe2c0e56f4dbfb30f282b7b0ca7df13248c0dd090f947084ed25909eeb835bc22b38fa7c0903a65a0efe171eb38d1ec119784e,JF122092,,1/23/2022 20:36,30,NO CONTROLS,NO CONTROLS,SNOW,"DARKNESS, LIGHTED ROAD",PARKED MOTOR VEHICLE,OTHER,,STRAIGHT AND LEVEL,SNOW OR SLUSH,UNKNOWN,,NO INJURY / DRIVE AWAY,,,,"OVER $1,500",1/23/2022 20:45,IMPROPER LANE USAGE,NOT APPLICABLE,3717,W,ROOSEVELT RD,1011,,,,,,,2,NO INDICATION OF INJURY,0,0,0,0,0,3,0,20,1,1,41.86614972,-87.7186043,POINT (-87.718604298234 41.866149718021)
b58cc993ae9034607ee1cf1eb7eeaacea4d06f7b92a3fd68862bf796ebcb7d30c82e39eab545744d5402356a1d2ce3bb3148c92016f5edf7ae571aab1857e4ac,JE165103,Y,3/10/2021 16:00,30,NO CONTROLS,NO CONTROLS,CLEAR,DAYLIGHT,PEDALCYCLIST,NOT DIVIDED,,STRAIGHT AND LEVEL,DRY,NO DEFECTS,,INJURY AND / OR TOW DUE TO CRASH,,,Y,$500 OR LESS,3/10/2021 16:27,IMPROPER OVERTAKING/PASSING,UNABLE TO DETERMINE,7129,W,TALCOTT AVE,1612,,,,,,,2,NONINCAPACITATING INJURY,1,0,0,1,0,1,0,16,4,3,41.98477287,-87.80485242,POINT (-87.804852417682 41.984772864867)
b670a10e569bff2c7046e7c866bc71bc9fe1f6f69eb689eb234e6b3dac618a1283a1688f8f3ea6e5f8b5e409efe824202da7511ac72e9cecd34087262b7606ab,JC429363,,9/11/2019 16:35,30,NO CONTROLS,NO CONTROLS,CLEAR,DAYLIGHT,TURNING,NOT DIVIDED,,STRAIGHT AND LEVEL,DRY,NO DEFECTS,,NO INJURY / DRIVE AWAY,,,,"OVER $1,500",9/11/2019 18:30,UNABLE TO DETERMINE,NOT APPLICABLE,4401,W,GRAND AVE,2533,,,,,,,2,NO INDICATION OF INJURY,0,0,0,0,0,2,0,16,4,9,41.90998739,-87.73638639,POINT (-87.736386388779 41.90998739136)
ef30f2490a49a1a41b58d12f5f2a6cfb20fd64fe8f60f39f23ec7702a201c9d4511b0c3c23eb0b06bfe18a1c6fbfa75f53a742dea05bef4baa96d1e172c04c0c,JC426193,,9/9/2019 14:21,15,STOP SIGN/FLASHER,FUNCTIONING PROPERLY,CLEAR,DAYLIGHT,REAR TO FRONT,PARKING LOT,,STRAIGHT AND LEVEL,DRY,NO DEFECTS,,INJURY AND / OR TOW DUE TO CRASH,,,N,"OVER $1,500",9/9/2019 14:23,DRIVING SKILLS/KNOWLEDGE/EXPERIENCE,NOT APPLICABLE,4650,W,NORTH AVE,2533,,Y,,,,,2,"REPORTED, NOT EVIDENT",1,0,0,0,1,2,0,14,2,9,41.90976453,-87.7433763,POINT (-87.743376295706 41.909764527033)
b58d3656a7a73bb0c2d1894ddea4c6190e4ac964e3a7c79e027e7433d964c839267989c53a1ab20031d166c2498676f54938ab443a711f60ebe692edf347c6a8,JF158221,,2/27/2022 22:30,30,TRAFFIC SIGNAL,FUNCTIONING PROPERLY,CLEAR,"DARKNESS, LIGHTED ROAD",TURNING,FOUR WAY,,STRAIGHT AND LEVEL,DRY,NO DEFECTS,NOT ON SCENE (DESK REPORT),INJURY AND / OR TOW DUE TO CRASH,Y,,,"OVER $1,500",2/28/2022 1:30,UNABLE TO DETERMINE,UNABLE TO DETERMINE,4400,W,26TH ST,1013,,,,,,,2,INCAPACITATING INJURY,3,0,3,0,0,2,0,22,1,2,41.844221,-87.73440902,POINT (-87.73440902066 41.844221002066)
b62bdff083fb3fe313e967559b5fce6d650cba695f719fd0dd53baa4d87f13d6e7bef648a2ebba8bcbcdcb164dd04541102fd55f6d36741cdf7442be630d1203,JF158025,,2/27/2022 12:00,30,NO CONTROLS,NO CONTROLS,CLEAR,DAYLIGHT,REAR END,NOT DIVIDED,,STRAIGHT AND LEVEL,DRY,NO DEFECTS,NOT ON SCENE (DESK REPORT),NO INJURY / DRIVE AWAY,,,,"OVER $1,500",2/27/2022 19:30,UNABLE TO DETERMINE,NOT APPLICABLE,799,N,WESTERN AVE,1221,,,,,,,2,NO INDICATION OF INJURY,0,0,0,0,0,2,0,12,1,2,41.89569941,-87.68669461,POINT (-87.686694606776 41.895699410124)