CRASH_RECORD_ID,RD_NO,CRASH_DATE_EST_I,CRASH_DATE,POSTED_SPEED_LIMIT,TRAFFIC_CONTROL_DEVICE,DEVICE_CONDITION,WEATHER_CONDITION,LIGHTING_CONDITION,FIRST_CRASH_TYPE,TRAFFICWAY_TYPE,LANE_CNT,ALIGNMENT,ROADWAY_SURFACE_COND,ROAD_DEFECT,REPORT_TYPE,CRASH_TYPE,INTERSECTION_RELATED_I,NOT_RIGHT_OF_WAY_I,HIT_AND_RUN_I,DAMAGE,DATE_POLICE_NOTIFIED,PRIM_CONTRIBUTORY_CAUSE,SEC_CONTRIBUTORY_CAUSE,STREET_NO,STREET_DIRECTION,STREET_NAME,BEAT_OF_OCCURRENCE,PHOTOS_TAKEN_I,STATEMENTS_TAKEN_I,DOORING_I,WORK_ZONE_I,WORK_ZONE_TYPE,WORKERS_PRESENT_I,NUM_UNITS,MOST_SEVERE_INJURY,INJURIES_TOTAL,INJURIES_FATAL,INJURIES_INCAPACITATING,INJURIES_NON_INCAPACITATING,INJURIES_REPORTED_NOT_EVIDENT,INJURIES_NO_INDICATION,INJURIES_UNKNOWN,CRASH_HOUR,CRASH_DAY_OF_WEEK,CRASH_MONTH,LATITUDE,LONGITUDE,LOCATION
b69c62a3ab3717609ecfadb3da7332b3d1b0945709123396172fa13ad5739a04d065e2d87a6d02742b3b0f2741a06716d2af9336cb14887bc40669ac339dee90,JF157468,,2/27/2022 8:14,30,TRAFFIC SIGNAL,FUNCTIONING PROPERLY,CLEAR,DAYLIGHT,ANGLE,NOT DIVIDED,,STRAIGHT AND LEVEL,DRY,NO DEFECTS,ON SCENE,INJURY AND / OR TOW DUE TO CRASH,Y,,,"OVER $1,500",2/27/2022 8:14,DISREGARDING TRAFFIC SIGNALS,FAILING TO REDUCE SPEED TO AVOID CRASH,6000,W,ADDISON ST,1633,,,,,,,2,NO INDICATION OF INJURY,0,0,0,0,0,2,0,8,1,2,41.94587968,-87.77662742,POINT (-87.776627420937 41.945879675591)
b78ef7ee2e50343caa061a7e6c1fbc9eb303e3000f1c1105832c8d6d027e27d6daebdf16fd3122d76fab098490c871c388ed93d1c2646190d5bb77734f527874,JF157673,,2/27/2022 12:06,30,UNKNOWN,UNKNOWN,UNKNOWN,UNKNOWN,FIXED OBJECT,NOT DIVIDED,,STRAIGHT AND LEVEL,UNKNOWN,"RUT, HOLES",NOT ON SCENE (DESK REPORT),NO INJURY / DRIVE AWAY,,,,"OVER $1,500",2/27/2022 13:20,ROAD CONSTRUCTION/MAINTENANCE,ROAD ENGINEERING/SURFACE/MARKING DEFECTS,6201,N,CLARK ST,2433,,,,,,,1,NO INDICATION OF INJURY,0,0,0,0,0,1,0,12,1,2,41.99449043,-87.67000382,POINT (-87.670003819525 41.994490432546)
b9011c6a7b220e04fdacd529095ec8f7ff29c92c6cf18719e4dc586a2d0403150c33f221e471f06ddf8d20d97a6434f7e1ba110095ea456ee6a44b2ec8d39ce7,JF157834,,2/27/2022 15:44,30,TRAFFIC SIGNAL,FUNCTIONING PROPERLY,CLEAR,DAYLIGHT,SIDESWIPE SAME DIRECTION,DIVIDED - W/MEDIAN (NOT RAISED),,STRAIGHT AND LEVEL,DRY,NO DEFECTS,ON SCENE,NO INJURY / DRIVE AWAY,,,,"OVER $1,500",2/27/2022 16:08,UNABLE TO DETERMINE,NOT APPLICABLE,3918,N,PULASKI RD,1732,,,,,,,2,NO INDICATION OF INJURY,0,0,0,0,0,3,0,15,1,2,41.95239379,-87.72772447,POINT (-87.727724468667 41.952393786019)
eeb0a63078fed5327f8b2685c15a573c9929086777481117ed09967a25b46263738c34fc57d781ef90e91248ea1b74e70b18578e1544c1f57ac1a526ee8f2c04,JF187340,Y,3/26/2022 11:45,30,STOP SIGN/FLASHER,FUNCTIONING PROPERLY,UNKNOWN,UNKNOWN,ANGLE,NOT DIVIDED,,STRAIGHT AND LEVEL,UNKNOWN,UNKNOWN,NOT ON SCENE (DESK REPORT),NO INJURY / DRIVE AWAY,,N,Y,"OVER $1,500",3/26/2022 15:00,DISREGARDING ROAD MARKINGS,IMPROPER OVERTAKING/PASSING,7915,S,HALSTED ST,621,,,,,,,3,NO INDICATION OF INJURY,0,0,0,0,0,3,0,11,7,3,41.75015777,-87.64388402,POINT (-87.643884018231 41.750157768156)
eeb5042b52685f7cfc70eca3067f9a8be8d56b259af19f3c50a75897f8bec94827e80b511dc370badbe49c5f1a27ca8611bb1368503564726f61258421130167,JF187615,,3/26/2022 16:45,30,NO CONTROLS,NO CONTROLS,CLEAR,DAWN,REAR END,DIVIDED - W/MEDIAN BARRIER,,STRAIGHT AND LEVEL,DRY,NO DEFECTS,NOT ON SCENE (DESK REPORT),NO INJURY / DRIVE AWAY,,,,$500 OR LESS,3/26/2022 20:15,UNABLE TO DETERMINE,NOT APPLICABLE,1763,W,95TH ST,2213,,,,,,,2,NO INDICATION OF INJURY,0,0,0,0,0,2,0,16,7,3,41.72104089,-87.66723655,POINT (-87.66723655206 41.721040888665)
f3352067182c2dd310ddc57d6342e15f891a8927a7fba8090fb44410544314d89716b0506d598c071e36332c4edac792a9d1217f21348376357101b4fc805d0b,JC230731,,4/19/2019 18:30,35,NO CONTROLS,NO CONTROLS,CLEAR,DAYLIGHT,REAR TO FRONT,DIVIDED - W/MEDIAN BARRIER,,STRAIGHT AND LEVEL,DRY,NO DEFECTS,NOT ON SCENE (DESK REPORT),NO INJURY / DRIVE AWAY,,,,"OVER $1,500",4/19/2019 19:31,FAILING TO YIELD RIGHT-OF-WAY,IMPROPER OVERTAKING/PASSING,406,E,LOWER WACKER DR,114,,,,,,,2,NO INDICATION OF INJURY,0,0,0,0,0,2,0,18,6,4,41.88755077,-87.61726625,POINT (-87.617266244691 41.887550773031)
baa16418128f3e6a84a980a07f0008e22bfc1f218d23ea1aecb8c5797bcfc79f4a4b32f79b230295c71d04c41f0916c1fff41459eb881ed1dbe59530c485d355,JF150737,,2/20/2022 17:30,35,OTHER,NO CONTROLS,CLEAR,"DARKNESS, LIGHTED ROAD",PARKED MOTOR VEHICLE,DIVIDED - W/MEDIAN (NOT RAISED),,STRAIGHT AND LEVEL,DRY,NO DEFECTS,NOT ON SCENE (DESK REPORT),NO INJURY / DRIVE AWAY,,,Y,"$501 - $1,500",2/20/2022 18:40,IMPROPER OVERTAKING/PASSING,UNABLE TO DETERMINE,737,S,STATE ST,123,,,,,,,2,NO INDICATION OF INJURY,0,0,0,0,0,1,0,17,1,2,41.87224143,-87.62739168,POINT (-87.62739167932 41.872241432927)
f06adc59446a82569b7ccf903806d1511a88cf61f93d00fb4c4f6446c26a946fbe273dd48b36c06b42cca0a316c192dd853dfd2e0b96b220ee5cc42ff3c1d74c,JF185596,,3/26/2022 14:49,30,NO CONTROLS,NO CONTROLS,CLEAR,DAYLIGHT,TURNING,NOT DIVIDED,,STRAIGHT AND LEVEL,DRY,NO DEFECTS,ON SCENE,INJURY AND / OR TOW DUE TO CRASH,Y,,,"OVER $1,500",3/26/2022 14:54,FAILING TO YIELD RIGHT-OF-WAY,NOT APPLICABLE,4401,S,CICERO AVE,815,,,,,,,2,NO INDICATION OF INJURY,0,0,0,0,0,2,0,14,7,3,41.81300749,-87.74315653,POINT (-87.743156531911 41.813007490947)
f0eedeed0aeeb34ad666549a3c036cf7576ce5bb5e8df4dbaa1de72255d673977e177e12df7b6dc53ffae1929537e3077ced0cb71d1db4a8cfe1a297dae630cc,JF188057,,3/26/2022 23:45,30,NO CONTROLS,NO CONTROLS,CLOUDY/OVERCAST,"DARKNESS, LIGHTED ROAD",PARKED MOTOR VEHICLE,NOT DIVIDED,,STRAIGHT AND LEVEL,DRY,NO DEFECTS,NOT ON SCENE (DESK REPORT),NO INJURY / DRIVE AWAY,,,Y,"OVER $1,500",3/27/2022 10:25,"OPERATING VEHICLE IN ERRATIC, RECKLESS, CARELESS, NEGLIGENT OR AGGRESSIVE MANNER","OPERATING VEHICLE IN ERRATIC, RECKLESS, CARELESS, NEGLIGENT OR AGGRESSIVE MANNER",704,E,75TH ST,323,,,,,,,2,NO INDICATION OF INJURY,0,0,0,0,0,1,0,23,7,3,41.7586519,-87.60761715,POINT (-87.607617154329 41.758651902985)
f1124f0a19a9d72e0e0a047ab55a00b49f86fe3942325afed09db53e316eb117025571e7ed0123803c027449c5fc4ffc11ee237d48ed714a9cf109969173c680,JF187269,,3/26/2022 12:55,25,STOP SIGN/FLASHER,FUNCTIONING PROPERLY,UNKNOWN,DAYLIGHT,ANGLE,FOUR WAY,,STRAIGHT AND LEVEL,UNKNOWN,UNKNOWN,NOT ON SCENE (DESK REPORT),NO INJURY / DRIVE AWAY,Y,,,"$501 - $1,500",3/26/2022 13:22,UNABLE TO DETERMINE,NOT APPLICABLE,6701,W,DIVERSEY AVE,2512,,,,,,,2,NO INDICATION OF INJURY,0,0,0,0,0,2,0,12,7,3,41.93080279,-87.7930863,POINT (-87.793086301119 41.930802790061)
f220c0bfe3fab24c36a40ff77d578b728d0a920ee07ce4871b6728f2005cff8e96a47c4475ebbd5db98ff9329de930b918743b6236e994142998b02107814276,JF187009,,3/26/2022 3:00,30,NO CONTROLS,NO CONTROLS,CLEAR,DARKNESS,REAR END,RAMP,,STRAIGHT AND LEVEL,DRY,NO DEFECTS,NOT ON SCENE (DESK REPORT),NO INJURY / DRIVE AWAY,,,Y,"OVER $1,500",3/26/2022 8:48,UNABLE TO DETERMINE,UNABLE TO DETERMINE,500,S,CICERO AVE,1533,,,,,,,3,NO INDICATION OF INJURY,0,0,0,0,0,3,0,3,7,3,41.87404018,-87.74517945,POINT (-87.745179445423 41.874040179917)
f56edc18a1de2e6f15355a564b18380c26beeec45837ddafd2d1300fb8b04cdb3b6306687c542a2fa7d41d8d71efba211800519d02d0e1f9ff1ad820bec5c8c3,JF165434,,3/6/2022 17:42,30,STOP SIGN/FLASHER,FUNCTIONING PROPERLY,CLEAR,DUSK,ANGLE,NOT DIVIDED,,STRAIGHT AND LEVEL,DRY,NO DEFECTS,ON SCENE,INJURY AND / OR TOW DUE TO CRASH,Y,N,,"OVER $1,500",3/6/2022 17:43,FAILING TO YIELD RIGHT-OF-WAY,DRIVING SKILLS/KNOWLEDGE/EXPERIENCE,2727,S,WELLS ST,914,,,,,,,2,NO INDICATION OF INJURY,0,0,0,0,0,2,0,17,1,3,41.84321821,-87.63286593,POINT (-87.632865932467 41.843218208909)
bcbf2ce2e53d7d12e2751b25b50d913307399c76c6bc57552942cbbb622ef7df54fb4ccc9e7e124430486349316f9b0ef24c5905b9b4461cb4df47b0137383e1,JF164800,,3/6/2022 1:31,30,TRAFFIC SIGNAL,FUNCTIONING PROPERLY,RAIN,"DARKNESS, LIGHTED ROAD",TURNING,FOUR WAY,,STRAIGHT AND LEVEL,WET,NO DEFECTS,,INJURY AND / OR TOW DUE TO CRASH,Y,,,"OVER $1,500",3/6/2022 1:31,IMPROPER TURNING/NO SIGNAL,HAD BEEN DRINKING (USE WHEN ARREST IS NOT MADE),1546,W,DIVISION ST,1424,,,,,,,2,INCAPACITATING INJURY,1,0,1,0,0,4,0,1,1,3,41.90346767,-87.66653751,POINT (-87.666537505516 41.903467667808)
bc7e878076c0e44294d3ec250f0f9ad4b07d32ee5843dfd5a0505c2f8c11455d8708f1da718a32cafa977e745b66247d40c67b748af31d1f7e185237e7a10212,JF150579,,2/20/2022 14:56,30,NO CONTROLS,NO CONTROLS,CLEAR,DAYLIGHT,PEDESTRIAN,NOT DIVIDED,,STRAIGHT AND LEVEL,DRY,NO DEFECTS,NOT ON SCENE (DESK REPORT),NO INJURY / DRIVE AWAY,Y,,,$500 OR LESS,2/20/2022 16:00,UNABLE TO DETERMINE,NOT APPLICABLE,1919,N,CICERO AVE,2533,,,,,,,2,NO INDICATION OF INJURY,0,0,0,0,0,2,0,14,1,2,41.91571015,-87.74590776,POINT (-87.745907754514 41.915710145553)
bcda9ac2cc3c6d8a84ec1bdbd7f57d71de30793fce86966bc4d0d0c64d8bdb87bc96191f6da26e8262aaf46764bf90d48c5d7953dafb8017b53054e2dc35107b,JF150929,,2/20/2022 23:18,30,NO CONTROLS,NO CONTROLS,CLEAR,"DARKNESS, LIGHTED ROAD",PARKED MOTOR VEHICLE,ONE-WAY,,STRAIGHT AND LEVEL,WET,NO DEFECTS,ON SCENE,NO INJURY / DRIVE AWAY,,,,"$501 - $1,500",2/20/2022 23:20,DISTRACTION - FROM INSIDE VEHICLE,NOT APPLICABLE,6901,S,CREGIER AVE,332,,,,,,,2,NO INDICATION OF INJURY,0,0,0,0,0,1,0,23,1,2,41.76966221,-87.58117104,POINT (-87.581171035614 41.769662214495)
bd089829486919db07631ccc894b9ec409db8e3ee93c9d5e1b7e565ab6cc0d0731a09ad120da34c474d059989aab71745c213db4ba3bac66f4e7259d2273f816,JF151233,,2/20/2022 17:50,30,NO CONTROLS,NO CONTROLS,CLEAR,DUSK,PARKED MOTOR VEHICLE,NOT DIVIDED,,STRAIGHT AND LEVEL,DRY,NO DEFECTS,NOT ON SCENE (DESK REPORT),NO INJURY / DRIVE AWAY,,,Y,"OVER $1,500",2/21/2022 10:30,UNABLE TO DETERMINE,NOT APPLICABLE,6347,S,MORGAN ST,723,,,,,,,2,NO INDICATION OF INJURY,0,0,0,0,0,1,0,17,1,2,41.77829103,-87.64945982,POINT (-87.649459817153 41.778291029729)
bd385d7fa955a41a0c98db5e012aa872ecb0bf317e492a6311203662914e82cb9d6f0346d14e97480f75406d46bdedd936b8f1290b79aec4429dfb44ef6b9e3e,JF150202,,2/20/2022 7:35,30,STOP SIGN/FLASHER,NO CONTROLS,CLEAR,DAYLIGHT,ANGLE,NOT DIVIDED,,STRAIGHT AND LEVEL,SNOW OR SLUSH,NO DEFECTS,NOT ON SCENE (DESK REPORT),NO INJURY / DRIVE AWAY,,,,"OVER $1,500",2/20/2022 7:50,UNABLE TO DETERMINE,NOT APPLICABLE,4340,W,LE MOYNE ST,2534,,,,,,,2,NO INDICATION OF INJURY,0,0,0,0,0,2,0,7,1,2,41.90775267,-87.73545693,POINT (-87.735456924639 41.907752669856)
f39cad54209ca7c5c1a64328398b6271fe35c71d2766310fb2a9095bc5a003c197d69b62c1ff7fd4451cc1784e2a2ac1ad726ee66146c8300eee3f342998080c,JF188014,Y,3/26/2022 10:00,20,NO CONTROLS,NO CONTROLS,UNKNOWN,"DARKNESS, LIGHTED ROAD",PARKED MOTOR VEHICLE,NOT DIVIDED,,STRAIGHT AND LEVEL,UNKNOWN,NO DEFECTS,ON SCENE,NO INJURY / DRIVE AWAY,,,,"OVER $1,500",3/27/2022 9:15,UNABLE TO DETERMINE,UNABLE TO DETERMINE,7026,S,CREGIER AVE,332,N,,,,,,2,NO INDICATION OF INJURY,0,0,0,0,0,2,0,10,7,3,41.76717653,-87.58140089,POINT (-87.581400886465 41.767176531454)
f4118758ade41223dd108d09d91ec18bc117e76c6c99ff89094450ae0dabd7c0827b248f342a2ba7bdce259f53b13a62efdf24e42bd98572e47e6655fe5476a1,JF187441,,3/26/2022 16:23,35,NO CONTROLS,NO CONTROLS,SNOW,DAYLIGHT,TURNING,DIVIDED - W/MEDIAN (NOT RAISED),,STRAIGHT AND LEVEL,DRY,NO DEFECTS,ON SCENE,INJURY AND / OR TOW DUE TO CRASH,,,,"$501 - $1,500",3/26/2022 16:26,FOLLOWING TOO CLOSELY,IMPROPER TURNING/NO SIGNAL,6243,N,WESTERN AVE,2413,,,,,,,2,NO INDICATION OF INJURY,0,0,0,0,0,2,0,16,7,3,41.99537168,-87.68965874,POINT (-87.68965873739 41.9953716831)
be90108e03145b0db7bec3a431bffaee0aa8c6158701792924af2e27834861273663b782d31df8144b59dd21df184090e09b424571ebb061ea8d16030203f600,JF150350,,2/20/2022 11:45,30,UNKNOWN,UNKNOWN,CLEAR,DAYLIGHT,ANGLE,FOUR WAY,,STRAIGHT AND LEVEL,DRY,NO DEFECTS,ON SCENE,INJURY AND / OR TOW DUE TO CRASH,Y,,,"OVER $1,500",2/20/2022 11:50,FAILING TO REDUCE SPEED TO AVOID CRASH,FAILING TO REDUCE SPEED TO AVOID CRASH,1000,S,DESPLAINES ST,124,,,,,,,2,NONINCAPACITATING INJURY,3,0,0,3,0,1,0,11,1,2,41.86965518,-87.6438859,POINT (-87.643885902073 41.86965518436)
f7b4df839be96347dc09fa8244cf3b567e760fdc8e5d34c3f57f80941e23c3d387adeaa492ffa582f184f0f90914e3e2ad2b645cd84b166a910d72e52d32f11b,JF108501,,1/10/2022 11:45,20,UNKNOWN,UNKNOWN,CLEAR,DAYLIGHT,REAR END,NOT DIVIDED,,STRAIGHT AND LEVEL,UNKNOWN,UNKNOWN,NOT ON SCENE (DESK REPORT),NO INJURY / DRIVE AWAY,Y,,,$500 OR LESS,1/10/2022 13:00,FOLLOWING TOO CLOSELY,NOT APPLICABLE,488,E,LOWER WACKER DR,114,,,,,,,2,NO INDICATION OF INJURY,0,0,0,0,0,2,0,11,2,1,41.88747989,-87.61604712,POINT (-87.616047119018 41.88747988917)
f4525102ccc1674aada3869a612fbc58bd4e730b6de3036c64249b8d9e429edb7dd9a7cf3a7d3a80799304c846a580918fc47911b7a9d32a859aa02f7b531e51,JF186867,,3/26/2022 2:33,30,OTHER,OTHER,OTHER,"DARKNESS, LIGHTED ROAD",ANGLE,FOUR WAY,,STRAIGHT AND LEVEL,OTHER,UNKNOWN,ON SCENE,INJURY AND / OR TOW DUE TO CRASH,Y,,,"OVER $1,500",3/26/2022 2:33,UNABLE TO DETERMINE,UNABLE TO DETERMINE,4000,W,GRENSHAW ST,1132,,,,,,,2,NONINCAPACITATING INJURY,2,0,0,2,0,0,0,2,7,3,41.86718926,-87.72533992,POINT (-87.725339922388 41.867189263384)
f7cb32c5f49fca5b683f95eb2a716ce4fb18bd675af18ce0004813583c56c872379b2e00dcbac3c5082f1015231ccf0eaf80a223df680556a6f719d256c9c61e,JF122545,,1/23/2022 22:00,30,NO CONTROLS,NO CONTROLS,CLEAR,"DARKNESS, LIGHTED ROAD",REAR END,DIVIDED - W/MEDIAN BARRIER,,STRAIGHT AND LEVEL,SNOW OR SLUSH,NO DEFECTS,NOT ON SCENE (DESK REPORT),NO INJURY / DRIVE AWAY,N,,Y,"OVER $1,500",1/24/2022 11:30,FOLLOWING TOO CLOSELY,NOT APPLICABLE,488,E,LOWER WACKER DR,114,,,,,,,2,NO INDICATION OF INJURY,0,0,0,0,0,2,0,22,1,1,41.88747989,-87.61604712,POINT (-87.616047119018 41.88747988917)
bf07ea30954fadfcfd79af2da08daa49cd97d924e124c77799bb1c657f9f6cc1637f5cec6c3da857f5cbe9b96c231a328c9140c00974064ac2e91f2a0d541830,JF150820,,2/20/2022 19:41,25,NO CONTROLS,NO CONTROLS,CLEAR,"DARKNESS, LIGHTED ROAD",FIXED OBJECT,DRIVEWAY,,STRAIGHT AND LEVEL,WET,NO DEFECTS,ON SCENE,NO INJURY / DRIVE AWAY,,,,"OVER $1,500",2/20/2022 20:17,UNABLE TO DETERMINE,UNABLE TO DETERMINE,6030,N,AVONDALE AVE,1612,,,,,,,1,NO INDICATION OF INJURY,0,0,0,0,0,1,0,19,1,2,41.99091091,-87.79841328,POINT (-87.798413276943 41.990910910614)
f4afcb78d673daa15b92d73ba726cf2b1a53ae131935cc939da051167ab77b43fd25e1613887541ccae9eb729bfa3adeeb6dd489d0c6a0553baeb79b809a3b03,JF187523,,3/26/2022 17:24,30,OTHER,FUNCTIONING PROPERLY,CLEAR,DAYLIGHT,TURNING,NOT DIVIDED,,STRAIGHT AND LEVEL,DRY,NO DEFECTS,ON SCENE,NO INJURY / DRIVE AWAY,,,,"OVER $1,500",3/26/2022 18:09,IMPROPER LANE USAGE,DISREGARDING OTHER TRAFFIC SIGNS,2045,W,NORTH AVE,1424,,,,,,,2,NO INDICATION OF INJURY,0,0,0,0,0,3,0,17,7,3,41.91034133,-87.67928261,POINT (-87.679282604524 41.910341326273)
f4f722af0aa8a810d947e55bf156c56e3335c60592ba349a36be9ed2b146ec96128c8f263aee2a6d875e9e8b87bd0cd2bcfad237f416208d574f46590f5ec013,JF188182,,3/26/2022 10:20,30,NO CONTROLS,NO CONTROLS,CLOUDY/OVERCAST,"DARKNESS, LIGHTED ROAD",SIDESWIPE SAME DIRECTION,NOT DIVIDED,,STRAIGHT AND LEVEL,DRY,NO DEFECTS,NOT ON SCENE (DESK REPORT),NO INJURY / DRIVE AWAY,,,Y,"OVER $1,500",3/26/2022 22:20,"OPERATING VEHICLE IN ERRATIC, RECKLESS, CARELESS, NEGLIGENT OR AGGRESSIVE MANNER","OPERATING VEHICLE IN ERRATIC, RECKLESS, CARELESS, NEGLIGENT OR AGGRESSIVE MANNER",7826,S,DAMEN AVE,611,,,,,,,2,NO INDICATION OF INJURY,0,0,0,0,0,4,0,10,7,3,41.75122474,-87.67331312,POINT (-87.673313117801 41.751224742778)
bf89b6fd7022fcb54c11b606a08b54d9856d0726636d7618460cd05089ff90aff13def9ff99a8b6f78d9cb20b85f2fde6f6f56c39e11e30c306871c6958f63b9,JF150508,,2/20/2022 14:10,20,STOP SIGN/FLASHER,FUNCTIONING PROPERLY,CLEAR,DAYLIGHT,REAR TO SIDE,ONE-WAY,,STRAIGHT AND LEVEL,DRY,NO DEFECTS,NOT ON SCENE (DESK REPORT),NO INJURY / DRIVE AWAY,,,,"OVER $1,500",2/20/2022 14:55,UNABLE TO DETERMINE,UNABLE TO DETERMINE,1101,N,RIDGEWAY AVE,1112,,,,,,,2,NO INDICATION OF INJURY,0,0,0,0,0,2,0,14,1,2,41.90099232,-87.72001195,POINT (-87.720011952928 41.900992315752)
f515cea0694a1c4ba7a57309b8f4911f0b24f2705c3ae402c6652d2f8a1a506b1113bdf23569902e1641c9a74dcda453c4d50d6add708e540034fea8a015d888,JF187387,,3/26/2022 15:17,30,TRAFFIC SIGNAL,FUNCTIONING PROPERLY,UNKNOWN,UNKNOWN,ANGLE,FOUR WAY,,STRAIGHT AND LEVEL,UNKNOWN,UNKNOWN,ON SCENE,INJURY AND / OR TOW DUE TO CRASH,Y,,,"OVER $1,500",3/26/2022 15:32,EQUIPMENT - VEHICLE CONDITION,UNABLE TO DETERMINE,300,E,LOWER WACKER DR,114,,,,,,,2,NONINCAPACITATING INJURY,1,0,0,1,0,1,0,15,7,3,41.88808207,-87.62050117,POINT (-87.620501170849 41.888082067345)
f8a6aebd345838d59595a5ce8afb523ebc758a528feb86e3d8922a33f27d2d4bd4a47bafeb077d87eab654d86b2d383fc453eb6aa1e36edefe02d16628abd19b,JF164846,,3/6/2022 3:54,30,TRAFFIC SIGNAL,FUNCTIONING PROPERLY,CLEAR,"DARKNESS, LIGHTED ROAD",ANGLE,FOUR WAY,,STRAIGHT ON GRADE,WET,NO DEFECTS,ON SCENE,INJURY AND / OR TOW DUE TO CRASH,Y,,,"OVER $1,500",3/6/2022 3:55,UNABLE TO DETERMINE,NOT APPLICABLE,2001,N,HUMBOLDT BLVD,1414,,,,,,,2,"REPORTED, NOT EVIDENT",1,0,0,0,1,1,0,3,1,3,41.91749905,-87.70194375,POINT (-87.701943747437 41.917499052819)
f9bd27e9c68c7bf623f8a3e58b7c900bc14efd3f418ab890802a0b0da8af6782f16c2b0ea7d0b16c5d8ad5e345a1ebc5368dbdb9eb115cda4cf445655f352490,JF165114,,3/6/2022 9:45,25,NO CONTROLS,NO CONTROLS,CLEAR,DAYLIGHT,SIDESWIPE SAME DIRECTION,ONE-WAY,,STRAIGHT AND LEVEL,DRY,UNKNOWN,NOT ON SCENE (DESK REPORT),NO INJURY / DRIVE AWAY,,,,$500 OR LESS,3/6/2022 12:30,UNABLE TO DETERMINE,NOT APPLICABLE,8432,S,RHODES AVE,632,,,,,,,2,NO INDICATION OF INJURY,0,0,0,0,0,3,0,9,1,3,41.74103374,-87.61155849,POINT (-87.611558493466 41.741033739763)
c05019a6cc988a64bacacb60ea64c4de5a18ccf6250c28e43580842a385062d4b72044f3cdff0300545705d46a79ef332dded4b9c6f8b8183bb44bac283a063f,JF150329,,2/20/2022 11:40,30,TRAFFIC SIGNAL,FUNCTIONING PROPERLY,CLEAR,DAYLIGHT,REAR END,DIVIDED - W/MEDIAN (NOT RAISED),,STRAIGHT AND LEVEL,DRY,NO DEFECTS,ON SCENE,INJURY AND / OR TOW DUE TO CRASH,,,,"OVER $1,500",2/20/2022 11:40,DISTRACTION - FROM INSIDE VEHICLE,NOT APPLICABLE,11300,S,MICHIGAN AVE,531,,,,,,,2,NONINCAPACITATING INJURY,1,0,0,1,0,2,0,11,1,2,41.6889361,-87.62115217,POINT (-87.621152172525 41.688936097265)
c06a3eb9212323f660bd87225d848de8bbd5799fde0de776ff63a86b94d25b2b85cdc0bed73e710172d447d01bc2d72081d9ca10d720797736cbb29955d9bde5,JF150694,,2/20/2022 17:49,15,NO CONTROLS,NO CONTROLS,CLEAR,DAWN,TURNING,NOT DIVIDED,,STRAIGHT AND LEVEL,DRY,NO DEFECTS,ON SCENE,NO INJURY / DRIVE AWAY,,,,$500 OR LESS,2/20/2022 17:49,UNABLE TO DETERMINE,NOT APPLICABLE,7552,S,HONORE ST,611,,,,,,,2,NO INDICATION OF INJURY,0,0,0,0,0,3,0,17,1,2,41.75598187,-87.66979935,POINT (-87.669799353955 41.755981869296)
fad6a5286a0e44cfb3aae8456ef3c8c87f803d9bfd714ad7938f5bd1bad9658ff28999c414cd054bfc170a4c056e1cb43a384af460d112362591d9dc83b04dd0,JF164806,Y,3/6/2022 2:10,35,UNKNOWN,NO CONTROLS,RAIN,DARKNESS,OTHER OBJECT,DIVIDED - W/MEDIAN BARRIER,,STRAIGHT AND LEVEL,WET,NO DEFECTS,ON SCENE,INJURY AND / OR TOW DUE TO CRASH,,,,"OVER $1,500",3/6/2022 2:23,UNABLE TO DETERMINE,UNABLE TO DETERMINE,6711,S,STONY ISLAND AVE,332,,N,,,,,1,NONINCAPACITATING INJURY,1,0,0,1,0,0,0,2,1,3,41.77297503,-87.58594434,POINT (-87.585944342314 41.772975030312)
0fb28852d5b796ac3f45cee2c67c57aa1fe41c55fe5bc78a069c6c4801814140729fcfd816d008f908cce7a060b82275b62a7d68e11cfa982eef774c68ff4a14,JC472604,,10/14/2019 16:18,30,TRAFFIC SIGNAL,FUNCTIONING PROPERLY,CLEAR,DAYLIGHT,TURNING,NOT DIVIDED,,STRAIGHT AND LEVEL,DRY,NO DEFECTS,,INJURY AND / OR TOW DUE TO CRASH,Y,,,"OVER $1,500",10/14/2019 17:30,UNABLE TO DETERMINE,NOT APPLICABLE,500,N,WESTERN AVE,1221,,,,,,,2,NONINCAPACITATING INJURY,1,0,0,1,0,1,0,16,2,10,41.89071937,-87.686843,POINT (-87.686842995878 41.890719364739)
0fb52bffe1966424fc462e55dc5954aab5202934f05b46f472b003ee3380c4df965dd72a66406ae1f574323f8be4a13ed6fce95c4f4c2b1c99f148028137948c,JD407075,Y,10/22/2020 8:00,20,NO CONTROLS,NO CONTROLS,RAIN,UNKNOWN,FIXED OBJECT,ALLEY,,STRAIGHT AND LEVEL,WET,NO DEFECTS,,NO INJURY / DRIVE AWAY,,Y,Y,"OVER $1,500",10/22/2020 8:16,UNABLE TO DETERMINE,NOT APPLICABLE,5808,W,SCHOOL ST,1633,,,,,,,1,NO INDICATION OF INJURY,0,0,0,0,0,1,0,8,5,10,41.94044458,-87.77184913,POINT (-87.771849127398 41.940444578944)