CRASH_RECORD_ID,RD_NO,CRASH_DATE_EST_I,CRASH_DATE,POSTED_SPEED_LIMIT,TRAFFIC_CONTROL_DEVICE,DEVICE_CONDITION,WEATHER_CONDITION,LIGHTING_CONDITION,FIRST_CRASH_TYPE,TRAFFICWAY_TYPE,LANE_CNT,ALIGNMENT,ROADWAY_SURFACE_COND,ROAD_DEFECT,REPORT_TYPE,CRASH_TYPE,INTERSECTION_RELATED_I,NOT_RIGHT_OF_WAY_I,HIT_AND_RUN_I,DAMAGE,DATE_POLICE_NOTIFIED,PRIM_CONTRIBUTORY_CAUSE,SEC_CONTRIBUTORY_CAUSE,STREET_NO,STREET_DIRECTION,STREET_NAME,BEAT_OF_OCCURRENCE,PHOTOS_TAKEN_I,STATEMENTS_TAKEN_I,DOORING_I,WORK_ZONE_I,WORK_ZONE_TYPE,WORKERS_PRESENT_I,NUM_UNITS,MOST_SEVERE_INJURY,INJURIES_TOTAL,INJURIES_FATAL,INJURIES_INCAPACITATING,INJURIES_NON_INCAPACITATING,INJURIES_REPORTED_NOT_EVIDENT,INJURIES_NO_INDICATION,INJURIES_UNKNOWN,CRASH_HOUR,CRASH_DAY_OF_WEEK,CRASH_MONTH,LATITUDE,LONGITUDE,LOCATION
f6a2c5b870397a0c4190e866adca26369a64165c667f48cca07ea13e13a9930fa3c4a6f393b0883109a6e51eb5ee190e59a6951735f8fc71ec93c782f60bba32,JF107155,,1/8/2022 19:40,35,TRAFFIC SIGNAL,FUNCTIONING PROPERLY,FREEZING RAIN/DRIZZLE,"DARKNESS, LIGHTED ROAD",PEDESTRIAN,ONE-WAY,,STRAIGHT AND LEVEL,ICE,UNKNOWN,,INJURY AND / OR TOW DUE TO CRASH,Y,,Y,$500 OR LESS,1/8/2022 20:32,FAILING TO YIELD RIGHT-OF-WAY,FAILING TO YIELD RIGHT-OF-WAY,600,W,JACKSON BLVD,121,,,,,,,2,NONINCAPACITATING INJURY,1,0,0,1,0,1,0,19,7,1,41.87810806,-87.64260883,POINT (-87.642608829372 41.878108061297)
c23fa434563ff5c038365445c868025b7916dbefff0e9e5650b20ad77a88b4911b5dea271c3e05ef90de87c5cb559fb0b6c56f20af351f426dfee9251f5bf952,JF150380,,2/20/2022 12:40,30,NO CONTROLS,NO CONTROLS,CLEAR,DAYLIGHT,TURNING,NOT DIVIDED,,STRAIGHT AND LEVEL,DRY,NO DEFECTS,NOT ON SCENE (DESK REPORT),NO INJURY / DRIVE AWAY,,,,"OVER $1,500",2/20/2022 12:50,IMPROPER OVERTAKING/PASSING,UNABLE TO DETERMINE,5520,S,KEDZIE AVE,822,,,,,,,2,NO INDICATION OF INJURY,0,0,0,0,0,2,0,12,1,2,41.79285757,-87.70368257,POINT (-87.703682567956 41.792857574308)
fb66aaec09cfef396b00be4028b6226fd936a07485b9457bed2bb1e7a69cbd075d15b1ba71a08eddfa5aaebb81aeda91f95368887351da9241d8b98d902980e9,JF180142,,3/20/2022 0:53,15,NO CONTROLS,NO CONTROLS,UNKNOWN,"DARKNESS, LIGHTED ROAD",FIXED OBJECT,ALLEY,,STRAIGHT AND LEVEL,UNKNOWN,UNKNOWN,,INJURY AND / OR TOW DUE TO CRASH,,,Y,"OVER $1,500",3/20/2022 8:11,UNABLE TO DETERMINE,UNABLE TO DETERMINE,502,N,CENTRAL AVE,1512,,,,,,,1,NO INDICATION OF INJURY,0,0,0,0,0,1,0,0,1,3,41.88943372,-87.76533442,POINT (-87.765334422705 41.889433715807)
c1245557b75f79d43495cbd8d67b29f6b84f423b249db8f8dcac8a79a2f5f52be1a6f7e934e3f0fadc15b9e9dec10f558641df05faafe939898d76fd1c9d0ae6,JF157404,,2/27/2022 4:30,30,TRAFFIC SIGNAL,FUNCTIONING PROPERLY,CLEAR,"DARKNESS, LIGHTED ROAD",REAR END,Y-INTERSECTION,,STRAIGHT AND LEVEL,DRY,NO DEFECTS,ON SCENE,INJURY AND / OR TOW DUE TO CRASH,,,,"OVER $1,500",2/27/2022 4:48,DISREGARDING OTHER TRAFFIC SIGNS,UNABLE TO DETERMINE,7400,S,WESTERN AVE,835,,,,,,,2,NO INDICATION OF INJURY,0,0,0,0,0,4,0,4,1,2,41.7591586,-87.68324641,POINT (-87.683246407317 41.759158602213)
c1945f370ca940df78217910034e0ebed6de9521d2d7870cc50d42de4f330f1b5983d6368f15c7d2bdc7fbc41a519c08db4ac025a9fd3b4eadfe2b2537124432,JF157460,,2/27/2022 7:37,30,YIELD,FUNCTIONING PROPERLY,CLEAR,DAYLIGHT,SIDESWIPE SAME DIRECTION,NOT DIVIDED,,STRAIGHT AND LEVEL,DRY,NO DEFECTS,ON SCENE,INJURY AND / OR TOW DUE TO CRASH,N,,,"$501 - $1,500",2/27/2022 7:44,IMPROPER OVERTAKING/PASSING,FAILING TO YIELD RIGHT-OF-WAY,5543,N,NAGLE AVE,1622,,N,,,,,2,NO INDICATION OF INJURY,0,0,0,0,0,2,0,7,1,2,41.98234577,-87.787599,POINT (-87.787599002582 41.982345772267)
fc73f2ab5e58e04982c5b57890a48ffa8f614ced7a2784b28c3b21448e12409945ebf9f0f64e56c25730cfd18ea7a955d297b1bbe2950929fbaee56f760ebe47,JB449664,,9/25/2018 0:33,30,TRAFFIC SIGNAL,FUNCTIONING PROPERLY,CLEAR,"DARKNESS, LIGHTED ROAD",REAR END,DIVIDED - W/MEDIAN BARRIER,0,STRAIGHT AND LEVEL,DRY,NO DEFECTS,ON SCENE,INJURY AND / OR TOW DUE TO CRASH,Y,,,"OVER $1,500",9/25/2018 0:37,FAILING TO REDUCE SPEED TO AVOID CRASH,DRIVING SKILLS/KNOWLEDGE/EXPERIENCE,488,E,LOWER WACKER DR,114,,,,,,,2,NO INDICATION OF INJURY,0,0,0,0,0,2,0,0,3,9,41.88747989,-87.61604712,POINT (-87.616047119018 41.88747988917)
fceee897baaf3dbcb872dac2a0217ee4628e1c5d0ea93c366a35ef586199d4bae38059484e579e4c76dd5a750d5909df991f0317289594bbd30c21f6d27c0648,JF166700,Y,3/6/2022 6:55,25,NO CONTROLS,NO CONTROLS,UNKNOWN,UNKNOWN,PARKED MOTOR VEHICLE,NOT DIVIDED,,STRAIGHT AND LEVEL,UNKNOWN,UNKNOWN,NOT ON SCENE (DESK REPORT),NO INJURY / DRIVE AWAY,,,,"$501 - $1,500",3/7/2022 23:50,UNABLE TO DETERMINE,UNABLE TO DETERMINE,7053,N,RIDGE BLVD,2424,,,,,,,2,NO INDICATION OF INJURY,0,0,0,0,0,1,0,6,1,3,42.01044798,-87.68227458,POINT (-87.682274576509 42.010447974924)
c2e4ead01a60532871afb7d5ae0c6552ce3df0037ab7a9232c0608414c5d343cee7c41fab47d00f0db65f08083582eb31a845e1371b5e82ac7625f2fd13a2c70,JE237805,,5/21/2021 15:00,30,NO CONTROLS,NO CONTROLS,CLEAR,DAYLIGHT,SIDESWIPE SAME DIRECTION,DIVIDED - W/MEDIAN (NOT RAISED),,STRAIGHT AND LEVEL,DRY,NO DEFECTS,,NO INJURY / DRIVE AWAY,,,,"OVER $1,500",5/21/2021 17:00,UNABLE TO DETERMINE,NOT APPLICABLE,5525,W,CHICAGO AVE,1524,,,,,,,2,NO INDICATION OF INJURY,0,0,0,0,0,3,0,15,6,5,41.89474858,-87.76464571,POINT (-87.764645712779 41.894748579058)
c2f499ade21ab52576afc14538cf29ca92d99fb23dcd3a5318dff781bb3d7952dc4fb1d26b85b1d7652d2c193944c9ace82e3dd5ee75074b7c259543fc2cbf0b,JD452092,,12/3/2020 10:45,30,NO CONTROLS,NO CONTROLS,UNKNOWN,DUSK,PARKED MOTOR VEHICLE,ONE-WAY,,STRAIGHT AND LEVEL,UNKNOWN,UNKNOWN,,NO INJURY / DRIVE AWAY,,,Y,"OVER $1,500",12/7/2020 12:30,UNABLE TO DETERMINE,UNABLE TO DETERMINE,933,N,WALLER AVE,1511,,,,,,,2,NO INDICATION OF INJURY,0,0,0,0,0,1,0,10,5,12,41.89763911,-87.76777355,POINT (-87.767773546222 41.897639113223)
c3d404ea0ab412a47cb7d8941871acf2128ab423b075bcf9a7be1c295ebe80d0acf73573d0aac17ac7696c2af9095cca49413eda1b0ec4120fed0dd4764650c0,JD338205,,8/19/2020 17:50,30,NO CONTROLS,NO CONTROLS,CLEAR,DAYLIGHT,TURNING,T-INTERSECTION,,STRAIGHT AND LEVEL,DRY,NO DEFECTS,,INJURY AND / OR TOW DUE TO CRASH,Y,,Y,"OVER $1,500",8/19/2020 17:55,FAILING TO YIELD RIGHT-OF-WAY,NOT APPLICABLE,4429,W,WEST END AVE,1113,,,,,,,3,NO INDICATION OF INJURY,0,0,0,0,0,3,0,17,4,8,41.88312183,-87.73672443,POINT (-87.736724426481 41.883121832761)
fd201d9faa9051b91065b49b0ccddbe5b3cdf5981fc70059e4a0d11fde4bf5811fdc42d3c1cf44d1a0114215413c7b5d1d102f81a754e4cc6acadac250b7336a,JD323759,,8/7/2020 11:09,30,TRAFFIC SIGNAL,FUNCTIONING PROPERLY,CLEAR,DAYLIGHT,TURNING,DIVIDED - W/MEDIAN (NOT RAISED),,STRAIGHT AND LEVEL,DRY,NO DEFECTS,,INJURY AND / OR TOW DUE TO CRASH,Y,,,"OVER $1,500",8/7/2020 11:12,"VISION OBSCURED (SIGNS, TREE LIMBS, BUILDINGS, ETC.)",FAILING TO YIELD RIGHT-OF-WAY,3727,N,KIMBALL AVE,1733,,,,,,,2,NO INDICATION OF INJURY,0,0,0,0,0,4,0,11,6,8,41.94928505,-87.7126432,POINT (-87.712643200939 41.949285047945)
c33329f5f53250ef75c02009b317b2a4f5a25fa058abda18ff0a1761d6ea0179c4f94918347159d86162aa7f4880b49b8a569c543ed7a55bcb6299a0763a05cd,JF157641,,2/27/2022 12:24,30,TRAFFIC SIGNAL,FUNCTIONING PROPERLY,CLEAR,DAYLIGHT,TURNING,NOT DIVIDED,,STRAIGHT AND LEVEL,DRY,NO DEFECTS,ON SCENE,NO INJURY / DRIVE AWAY,Y,,Y,"OVER $1,500",2/27/2022 12:24,UNABLE TO DETERMINE,UNABLE TO DETERMINE,3959,W,FULLERTON AVE,2525,,,,,,,2,NO INDICATION OF INJURY,0,0,0,0,0,6,0,12,1,2,41.92437507,-87.72670493,POINT (-87.726704930568 41.92437507335)
c2ff903dc365395cf415a46726f667dc6fe2dc5848864122c671d862ff1549448e286960ebc589a7968578d67e488b7c2691ac15ab426983f0919f93f6ef4ced,JD162048,,2/23/2020 12:20,30,NO CONTROLS,NO CONTROLS,CLEAR,DAYLIGHT,PEDESTRIAN,NOT DIVIDED,,STRAIGHT AND LEVEL,DRY,NO DEFECTS,,INJURY AND / OR TOW DUE TO CRASH,,,,"OVER $1,500",2/23/2020 12:28,NOT APPLICABLE,NOT APPLICABLE,2500,W,NORTH AVE,1434,,,,,,,2,NONINCAPACITATING INJURY,1,0,0,1,0,1,0,12,1,2,41.91040334,-87.68973062,POINT (-87.689730622845 41.91040333553)
1249b061f83993d6ba2716c98200548eaa28548a1f869af765defb7942a39cb239cc4d13f3dfcd3707da73e4e29740d80f82a0e01ff4554fc5c2faf0a912c9d3,JE413193,,10/17/2021 19:43,30,STOP SIGN/FLASHER,FUNCTIONING PROPERLY,CLEAR,"DARKNESS, LIGHTED ROAD",PEDALCYCLIST,DIVIDED - W/MEDIAN (NOT RAISED),,STRAIGHT AND LEVEL,DRY,NO DEFECTS,,INJURY AND / OR TOW DUE TO CRASH,Y,,Y,"$501 - $1,500",10/17/2021 21:05,DISREGARDING STOP SIGN,FAILING TO YIELD RIGHT-OF-WAY,5455,N,SHERIDAN RD,2023,Y,,,,,,2,NONINCAPACITATING INJURY,1,0,0,1,0,1,0,19,1,10,41.98154698,-87.65498348,POINT (-87.654983481614 41.981546974875)
6c749a1165552c78afa4c1551f599a08d62c0d0ab003e9aed411dd9ac6ee3fcaad6ecd05b13ebbce3848302056587e2877944542ce0c723ee7f9699378f40624,JE327355,,8/5/2021 16:35,30,YIELD,FUNCTIONING PROPERLY,CLEAR,DAYLIGHT,ANGLE,ONE-WAY,,STRAIGHT AND LEVEL,DRY,NO DEFECTS,,INJURY AND / OR TOW DUE TO CRASH,,,Y,"OVER $1,500",8/5/2021 16:41,DISREGARDING YIELD SIGN,DISREGARDING YIELD SIGN,30,N,WALLER AVE,1513,,,,,,,2,NONINCAPACITATING INJURY,1,0,0,1,0,1,0,16,5,8,41.88110332,-87.76830155,POINT (-87.768301547144 41.881103320245)
6c8ac1b4c975e1ecb8cd72627eae62bac6de295e357c4d5f1f9680611e58668825dc19495fdc2283810862f8283d72e5de27f713e2cb3d8956cf47c83b323d96,JE163294,,3/8/2021 22:05,30,NO CONTROLS,NO CONTROLS,CLEAR,DARKNESS,PARKED MOTOR VEHICLE,ONE-WAY,,STRAIGHT AND LEVEL,DRY,NO DEFECTS,,INJURY AND / OR TOW DUE TO CRASH,,,Y,$500 OR LESS,3/8/2021 22:10,UNABLE TO DETERMINE,NOT APPLICABLE,118,N,WALLER AVE,1512,,,,,,,2,NO INDICATION OF INJURY,0,0,0,0,0,1,0,22,2,3,41.88279296,-87.76835449,POINT (-87.768354494472 41.882792957478)
6c9cd22db7a76aa203f555c0c28740ebc01f293be7bab54617b20a9b06d6bff6f92720eba8c3cdc8460a6330f18484e374146642df2a25ed6334050ff57f8717,JF119860,,1/21/2022 12:14,30,NO CONTROLS,NO CONTROLS,CLEAR,DAYLIGHT,OTHER OBJECT,DIVIDED - W/MEDIAN BARRIER,,STRAIGHT AND LEVEL,UNKNOWN,UNKNOWN,,NO INJURY / DRIVE AWAY,,,,"OVER $1,500",1/21/2022 13:05,UNABLE TO DETERMINE,UNABLE TO DETERMINE,1344,S,WESTERN AVE,1023,,,,,,,1,NO INDICATION OF INJURY,0,0,0,0,0,2,0,12,6,1,41.86346811,-87.68609853,POINT (-87.686098532171 41.8634681104)
c3cdacc22cd533bb69660a0df50eb3ddce03972cf54edde54bdc4931fd295fea510504f89f01562a8f4f6be0b5a9e4445f44f04134c59f5d29b8c2c3161a3901,JF157897,,2/27/2022 17:55,30,NO CONTROLS,NO CONTROLS,CLEAR,DAYLIGHT,PEDALCYCLIST,DIVIDED - W/MEDIAN (NOT RAISED),,STRAIGHT AND LEVEL,DRY,NO DEFECTS,ON SCENE,INJURY AND / OR TOW DUE TO CRASH,,,Y,$500 OR LESS,2/27/2022 18:00,IMPROPER OVERTAKING/PASSING,UNABLE TO DETERMINE,3052,N,LINCOLN AVE,1932,,,,,,,2,NONINCAPACITATING INJURY,1,0,0,1,0,1,0,17,1,2,41.93719032,-87.66540981,POINT (-87.665409807843 41.937190315262)
fd7edd68b2df576dbe4bf60b119dd49a33c68d5a2d3c51fb92bdbc78b309b3446db7e8813b759574603cee223215268126d3db1aa9362cf9fb0f3b2e7c06a6d4,JF165172,,3/6/2022 13:30,30,NO CONTROLS,NO CONTROLS,CLEAR,DAYLIGHT,REAR END,OTHER,,STRAIGHT AND LEVEL,DRY,NO DEFECTS,NOT ON SCENE (DESK REPORT),NO INJURY / DRIVE AWAY,,,,"OVER $1,500",3/6/2022 13:55,UNABLE TO DETERMINE,NOT APPLICABLE,3198,W,LOGAN BLVD,1414,,,,,,,2,NO INDICATION OF INJURY,0,0,0,0,0,2,0,13,1,3,41.92884145,-87.70762216,POINT (-87.707622164407 41.928841454081)
c4f55c47de7660062d1b54b230557eda6ec1d59d30716e1339b14eaabd11bc6c05f7d6ba9f8b05c13c96dc93b0a02385ef5886afd659ccb874c810c882119eb2,JF157438,,2/27/2022 7:02,30,TRAFFIC SIGNAL,FUNCTIONING PROPERLY,CLEAR,DAYLIGHT,SIDESWIPE SAME DIRECTION,FOUR WAY,,STRAIGHT AND LEVEL,DRY,NO DEFECTS,ON SCENE,NO INJURY / DRIVE AWAY,Y,,Y,"$501 - $1,500",2/27/2022 7:02,FAILING TO REDUCE SPEED TO AVOID CRASH,FAILING TO REDUCE SPEED TO AVOID CRASH,1301,N,WESTERN AVE,1424,,,,,,,2,NO INDICATION OF INJURY,0,0,0,0,0,3,0,7,1,2,41.90493559,-87.68693128,POINT (-87.686931279095 41.904935588566)
fe9fe8497b825b5ada61aeacff2910a15fbb64622ee1c3a7382155d34742defdd448ec1906a6d876bb7ce10447818b2b4cc6598ffc519b102275c2224676ee4f,JF165029,,3/6/2022 7:10,10,NO CONTROLS,NO CONTROLS,CLEAR,DAYLIGHT,PARKED MOTOR VEHICLE,PARKING LOT,,STRAIGHT AND LEVEL,DRY,NO DEFECTS,NOT ON SCENE (DESK REPORT),NO INJURY / DRIVE AWAY,,Y,Y,"OVER $1,500",3/6/2022 11:03,UNABLE TO DETERMINE,NOT APPLICABLE,1,N,HALSTED ST,1224,,,,,,,2,NO INDICATION OF INJURY,0,0,0,0,0,1,0,7,1,3,41.88181563,-87.64721472,POINT (-87.647214717041 41.881815631642)
fff835949120e10f9d8510708c9719e4c8fb795598ea8f0e778d26fdb5ef6992b2693b1b58082c14ba317cc7162c6933181015af5a496afc9f108a5943a467f5,JF165464,,3/6/2022 17:15,15,NO CONTROLS,NO CONTROLS,CLEAR,"DARKNESS, LIGHTED ROAD",FIXED OBJECT,ALLEY,,STRAIGHT AND LEVEL,DRY,NO DEFECTS,ON SCENE,NO INJURY / DRIVE AWAY,,,Y,$500 OR LESS,3/6/2022 18:40,UNABLE TO DETERMINE,NOT APPLICABLE,7846,S,WOLCOTT AVE,611,,,,,,,1,NO INDICATION OF INJURY,0,0,0,0,0,1,0,17,1,3,41.75069035,-87.67086379,POINT (-87.670863789755 41.750690350237)
769b9d68c698826c1b66d4ee974f698639334cee7c2e689bf8411bf278dcaea141a4c3203a565681df02de562816f0ab9b4bfb0ad811fc40c4732d6d0ecd7e2a,,Y,3/28/2022 7:20,30,NO CONTROLS,NO CONTROLS,CLEAR,DAYLIGHT,PARKED MOTOR VEHICLE,NOT DIVIDED,,STRAIGHT ON GRADE,DRY,NO DEFECTS,NOT ON SCENE (DESK REPORT),NO INJURY / DRIVE AWAY,,,Y,"$501 - $1,500",3/28/2022 7:50,UNABLE TO DETERMINE,NOT APPLICABLE,4421,N,MARINE DR,1914,,,,,,,2,NO INDICATION OF INJURY,0,0,0,0,0,1,0,7,2,3,41.96259341,-87.64706647,POINT (-87.647066465542 41.962593405949)
77819b5a8a56c714419058789e6415292b8f79f5ad4e8a84f88df6b6546265b4a1723b23c2fba0cbb03ff1082f50c852014e91412bd362131fb347514589c4ee,,,3/27/2022 11:00,15,NO CONTROLS,NO CONTROLS,CLEAR,DAYLIGHT,PARKED MOTOR VEHICLE,PARKING LOT,,STRAIGHT AND LEVEL,DRY,NO DEFECTS,NOT ON SCENE (DESK REPORT),NO INJURY / DRIVE AWAY,,,Y,"$501 - $1,500",3/28/2022 16:00,UNABLE TO DETERMINE,UNABLE TO DETERMINE,1320,E,47TH ST,222,,,,,,,2,NO INDICATION OF INJURY,0,0,0,0,0,1,0,11,1,3,41.80978115,-87.59421281,POINT (-87.594212812011 41.809781151018)
7820d5cff4f6650e2f7129dcca1b422069cac8e653b8336bf033f9aa1d63cc6e1b894319920872c189edf9c65cd5143829424c381cb38fe74a2efdc7c220e4b9,,,3/28/2022 8:00,30,TRAFFIC SIGNAL,UNKNOWN,CLEAR,DAYLIGHT,TURNING,FOUR WAY,,STRAIGHT AND LEVEL,ICE,UNKNOWN,NOT ON SCENE (DESK REPORT),NO INJURY / DRIVE AWAY,,,,"OVER $1,500",3/28/2022 12:00,UNABLE TO DETERMINE,NOT APPLICABLE,4204,W,MONTROSE AVE,1722,,,,,,,2,NO INDICATION OF INJURY,0,0,0,0,0,6,0,8,2,3,41.96099937,-87.73296133,POINT (-87.732961329522 41.960999365557)
c85a783f863e77987fc6e9af38f3e083b38f92487f02c30ca597a1387f8805c0516829e5c082e6c0a3f54bd34df8157f5ed1bae3dc9b376abfa06f35c7d172a9,JE150514,,2/20/2022 14:40,30,NO CONTROLS,NO CONTROLS,CLEAR,DAYLIGHT,PARKED MOTOR VEHICLE,NOT DIVIDED,,STRAIGHT AND LEVEL,DRY,NO DEFECTS,ON SCENE,INJURY AND / OR TOW DUE TO CRASH,,,,"OVER $1,500",2/20/2022 14:45,DRIVING SKILLS/KNOWLEDGE/EXPERIENCE,UNABLE TO DETERMINE,5625,S,AUSTIN AVE,811,,,,,,,2,NO INDICATION OF INJURY,0,0,0,0,0,1,0,14,1,2,41.78993725,-87.77181724,POINT (-87.771817235353 41.789937248783)
c6df56d0a2b0855f4bca48c92b114b4ab80e2b35d1ce2cfcfc4c8e561fbbd1cf17d0ba22d07dd9926030a08f75881edc6be7206c9e5e4d90b7a077cd5c2860d2,JF157413,,2/27/2022 4:35,30,NO CONTROLS,NO CONTROLS,CLEAR,DARKNESS,REAR END,NOT DIVIDED,,STRAIGHT AND LEVEL,DRY,NO DEFECTS,NOT ON SCENE (DESK REPORT),NO INJURY / DRIVE AWAY,,,Y,"OVER $1,500",2/27/2022 5:07,FOLLOWING TOO CLOSELY,NOT APPLICABLE,5201,W,WASHINGTON BLVD,1522,,,,,,,3,NO INDICATION OF INJURY,0,0,0,0,0,3,0,4,1,2,41.88225748,-87.75520591,POINT (-87.75520591084 41.882257483172)
ca59fb0d182c340a66cbbfbad9104c73d0a8a708466156f4f233d32c6b2495dcd8a0d73aedf0b4fb6768f6c4a14a1c2a2eedc83edfef6f5c39c646efe7b8b9fb,JF150927,,2/20/2022 22:00,30,NO CONTROLS,NO CONTROLS,CLEAR,"DARKNESS, LIGHTED ROAD",TURNING,NOT DIVIDED,,STRAIGHT AND LEVEL,DRY,NO DEFECTS,NOT ON SCENE (DESK REPORT),NO INJURY / DRIVE AWAY,,,,"OVER $1,500",2/20/2022 23:50,UNABLE TO DETERMINE,NOT APPLICABLE,6331,W,63RD ST,812,,,,,,,2,NO INDICATION OF INJURY,0,0,0,0,0,2,0,22,1,2,41.77758938,-87.77997983,POINT (-87.779979829221 41.77758937527)
c7d37948544daa00ce50f4d3d22bc8a74c102c86a346ff9b2914233ddf38e5a1a99e0d35f8de832296c960626f494d8762c31d2365fbb9f6edd3d0219fe223ba,JF158977,,2/27/2022 10:00,30,STOP SIGN/FLASHER,FUNCTIONING PROPERLY,CLEAR,DARKNESS,ANGLE,NOT DIVIDED,,STRAIGHT AND LEVEL,DRY,NO DEFECTS,NOT ON SCENE (DESK REPORT),INJURY AND / OR TOW DUE TO CRASH,,,Y,"OVER $1,500",2/28/2022 17:30,FAILING TO YIELD RIGHT-OF-WAY,UNABLE TO DETERMINE,4301,W,GRAND AVE,2534,,,,,,,2,"REPORTED, NOT EVIDENT",1,0,0,0,1,1,0,10,1,2,41.90903864,-87.73399087,POINT (-87.733990873125 41.909038636955)
c7d3db27acc40d88f91f06c6974e000eef7afae7a2ea08f17d80f0e02d52a2aa565ab3fef6505c34ab5b18e491b1e0a51d32d13236c791d07b31bad4c6c4d1d7,JF157350,,2/27/2022 3:00,30,UNKNOWN,UNKNOWN,CLEAR,"DARKNESS, LIGHTED ROAD",REAR END,DIVIDED - W/MEDIAN BARRIER,,STRAIGHT AND LEVEL,DRY,NO DEFECTS,ON SCENE,INJURY AND / OR TOW DUE TO CRASH,,,,"OVER $1,500",2/27/2022 3:07,UNABLE TO DETERMINE,UNABLE TO DETERMINE,140,W,GARFIELD BLVD,225,,,,,,,2,NO INDICATION OF INJURY,0,0,0,0,0,2,0,3,1,2,41.79469516,-87.62926916,POINT (-87.629269163149 41.794695156937)
c8afb465a49f65b009d8903833b3d9f8e3113d8ec4574c7414946d931cd7ae2c845e055a9d84c041f1f63186e76dfc42088d7d3f1a6324d1cc2a070b0317ae3b,JF157568,,2/27/2022 10:40,30,TRAFFIC SIGNAL,FUNCTIONING PROPERLY,CLEAR,DAYLIGHT,REAR TO FRONT,DIVIDED - W/MEDIAN BARRIER,,STRAIGHT AND LEVEL,DRY,UNKNOWN,NOT ON SCENE (DESK REPORT),NO INJURY / DRIVE AWAY,,,,"OVER $1,500",2/27/2022 11:00,IMPROPER BACKING,FAILING TO YIELD RIGHT-OF-WAY,474,N,LAKE SHORE DR,1834,,,,,,,2,NO INDICATION OF INJURY,0,0,0,0,0,2,0,10,1,2,41.89062943,-87.61433031,POINT (-87.614330305106 41.890629431539)
cc352a6080758299507dbc547dcf8af44bc2f821aaf1e888b2b741e78ea44cc193e8a251e1e74095a3e40f132dd5ddbd6efd11a91c65ea89424e08d9671bbcd6,JF150572,,2/20/2022 14:50,30,TRAFFIC SIGNAL,FUNCTIONING PROPERLY,CLEAR,DAYLIGHT,REAR END,NOT DIVIDED,,STRAIGHT AND LEVEL,DRY,NO DEFECTS,NOT ON SCENE (DESK REPORT),INJURY AND / OR TOW DUE TO CRASH,,,,"OVER $1,500",2/20/2022 16:00,FAILING TO REDUCE SPEED TO AVOID CRASH,NOT APPLICABLE,6900,S,STONY ISLAND AVE,332,,,,,,,2,"REPORTED, NOT EVIDENT",1,0,0,0,1,3,0,14,1,2,41.76964982,-87.58638311,POINT (-87.586383110145 41.769649814616)
cc77c5cf9e536b0aeec49912d8aad7b29f2e7f105a822b2214eeb37f99d303f83a8f21f25874128ee7f2d56bc4783bf262c0f243fc721fab870e788a1c11a2db,JF150922,,2/20/2022 22:06,30,STOP SIGN/FLASHER,NO CONTROLS,CLEAR,"DARKNESS, LIGHTED ROAD",REAR END,NOT DIVIDED,,STRAIGHT AND LEVEL,DRY,NO DEFECTS,ON SCENE,NO INJURY / DRIVE AWAY,,,Y,"OVER $1,500",2/20/2022 23:28,FOLLOWING TOO CLOSELY,UNABLE TO DETERMINE,6303,W,GRAND AVE,2512,,,,,,,2,NO INDICATION OF INJURY,0,0,0,0,0,2,0,22,1,2,41.92183236,-87.78313706,POINT (-87.783137058081 41.921832355525)
cadee35bb8093f2c1e7aa540c26fe259c59c15e5b31cd614e39247e3a2517b0e3208424654a3ec62e91120e2c855fa926dbaa91e7c4b1ed38fdcb6ac4891c8f4,JF158029,,2/27/2022 11:45,30,NO CONTROLS,NO CONTROLS,CLEAR,DAYLIGHT,SIDESWIPE SAME DIRECTION,NOT DIVIDED,,STRAIGHT AND LEVEL,DRY,NO DEFECTS,NOT ON SCENE (DESK REPORT),NO INJURY / DRIVE AWAY,,,,"OVER $1,500",2/27/2022 19:25,IMPROPER OVERTAKING/PASSING,NOT APPLICABLE,6350,S,CICERO AVE,813,,,,,,,2,NO INDICATION OF INJURY,0,0,0,0,0,2,0,11,1,2,41.77692054,-87.74238401,POINT (-87.742384006174 41.77692054208)
05b84c294095d0f8b7ad815b0ee785285bc65c5ed9e4e8bd09ec6e238439ad1845c1bbd1f0980688cc4a3edb1d301a56ac76fc4ed7dee25aa0978c11aa8e414d,JD385814,Y,10/1/2020 22:00,30,STOP SIGN/FLASHER,FUNCTIONING PROPERLY,CLEAR,"DARKNESS, LIGHTED ROAD",ANGLE,NOT DIVIDED,,STRAIGHT AND LEVEL,DRY,NO DEFECTS,,INJURY AND / OR TOW DUE TO CRASH,Y,Y,Y,"OVER $1,500",10/1/2020 22:02,UNABLE TO DETERMINE,NOT APPLICABLE,2800,S,ARCHER AVE,913,,,,,,,5,NONINCAPACITATING INJURY,3,0,0,3,0,0,0,22,5,10,41.84356393,-87.65425113,POINT (-87.654251131242 41.843563928321)
cae3b3683fe623f169598483c1b062fbeff2c7426fd89a15ebc3e0dbd140c2aec936bdc19860e5f6351c46da1371282f6d8d8ac3fa3a30b434f4d7bf6bc45511,JE378568,,9/16/2021 15:05,30,TRAFFIC SIGNAL,FUNCTIONING PROPERLY,CLEAR,DAYLIGHT,PEDESTRIAN,NOT DIVIDED,,STRAIGHT AND LEVEL,DRY,NO DEFECTS,,INJURY AND / OR TOW DUE TO CRASH,Y,,,$500 OR LESS,9/18/2021 15:40,UNABLE TO DETERMINE,UNABLE TO DETERMINE,2002,W,18TH ST,1234,,,,,,,2,INCAPACITATING INJURY,1,0,1,0,0,1,0,15,5,9,41.85777007,-87.67619564,POINT (-87.676195636703 41.85777006958)